time="2026-06-01T04:57:37Z" level=info msg="starting spamoor" buildtime="2026-05-15T09:05:13Z" version=git-dc60b60
time="2026-06-01T04:57:37Z" level=info msg="initialized client pool with 1 clients (chain id: 1337)" module=clientpool
time="2026-06-01T04:57:37Z" level=info msg="client check completed (1 good clients, 0 bad clients)" module=clientpool
time="2026-06-01T04:57:37Z" level=info msg="initialized block stats from latest block: gasLimit=32089985 baseFee=17074789487 amsterdam=false"
time="2026-06-01T04:57:37Z" level=info msg="initialized root wallet (addr: 0xf39Fd6e51aad88F6F4ce6aB8827279cffFb92266 balance: 999999941 ETH, nonce: 2)"
time="2026-06-01T04:57:37Z" level=info msg="Init code hash: 0x5fd875ef7d60f65991512743b1cdf42b8d3116d2e91e85f05d2482819c20b4e7" scenario=factorydeploytx
time="2026-06-01T04:57:37Z" level=info msg="processed block 69:  0 total tx, 0 tx confirmed from 0 wallets (460.484µs, 6.468µs)"
time="2026-06-01T04:57:37Z" level=debug msg="initialized child wallet    0 (addr: 0xbc7A668f0B1595d535B4a2de710461E1C6eba785, balance: 3 ETH, nonce: 26)" module=walletpool
time="2026-06-01T04:57:37Z" level=debug msg="initialized child wallet    1 (addr: 0x97D85277E62c57d15268b3E644cdbbDA3706fBEa, balance: 3 ETH, nonce: 26)" module=walletpool
time="2026-06-01T04:57:37Z" level=debug msg="initialized child wallet    2 (addr: 0x151775b94274FeE3696377A0B616a1221AC71326, balance: 3 ETH, nonce: 26)" module=walletpool
time="2026-06-01T04:57:37Z" level=debug msg="initialized child wallet    3 (addr: 0xcA56D5B749835d8Ab9cA8c1c4123e9B5002Fc0Ff, balance: 3 ETH, nonce: 26)" module=walletpool
time="2026-06-01T04:57:37Z" level=debug msg="initialized child wallet    4 (addr: 0xfB403fD865ddcc1C79F9987EDD0ADabC47C24bB9, balance: 3 ETH, nonce: 26)" module=walletpool
time="2026-06-01T04:57:37Z" level=debug msg="initialized child wallet    5 (addr: 0x9e8E8A4256457eF170586329D9a01487aA0bA29e, balance: 3 ETH, nonce: 26)" module=walletpool
time="2026-06-01T04:57:37Z" level=debug msg="initialized child wallet    6 (addr: 0x5AFc7eaFAA1e34De8e6fB9b014CFD08b18377F26, balance: 3 ETH, nonce: 25)" module=walletpool
time="2026-06-01T04:57:37Z" level=debug msg="initialized child wallet    7 (addr: 0x513978fc4d7fF9951AA177D59C7A1b9AA777119a, balance: 3 ETH, nonce: 25)" module=walletpool
time="2026-06-01T04:57:37Z" level=debug msg="initialized child wallet    8 (addr: 0x225bD09Ef41092086C35444d335Df887A0691eD0, balance: 3 ETH, nonce: 25)" module=walletpool
time="2026-06-01T04:57:37Z" level=debug msg="initialized child wallet    9 (addr: 0x0A114598D397AB388E751b917300055F2904166F, balance: 3 ETH, nonce: 25)" module=walletpool
time="2026-06-01T04:57:37Z" level=info msg="initialized 10 child wallets" module=walletpool
time="2026-06-01T04:57:37Z" level=info msg="starting scenario: factorydeploytx" scenario=factorydeploytx
time="2026-06-01T04:57:37Z" level=info msg="Factory already exists at 0x7dc4d193051240848c7F4F19679e8514B148080f" scenario=factorydeploytx
time="2026-06-01T04:57:37Z" level=info msg="using CREATE2 factory at: 0x7dc4d193051240848c7F4F19679e8514B148080f" scenario=factorydeploytx
time="2026-06-01T04:57:37Z" level=debug msg="sent deployment tx #     1: 0x8a9218526a20f31bdbec4f7273056998467b0d08b078063abfa92f003df18d56" nonce=26 rpc="localhost:8545" scenario=factorydeploytx wallet=1
time="2026-06-01T04:57:37Z" level=debug msg="sent deployment tx #     2: 0xd01a78c67c9c98dcdf2f95f0f44ea0ec4978a602bfb518589aca6effd568dc09" nonce=26 rpc="localhost:8545" scenario=factorydeploytx wallet=2
time="2026-06-01T04:57:37Z" level=debug msg="sent deployment tx #     3: 0xf3b1567a7bce45687bd0ae1ae8a56e21a5bd0f113d43f9daa8b05f866bab2b1a" nonce=26 rpc="localhost:8545" scenario=factorydeploytx wallet=3
time="2026-06-01T04:57:37Z" level=debug msg="sent deployment tx #     4: 0x543fcacaba9787d0b2dc32d04f959ba7ca4301eb29b2840ba297eaae86be97d6" nonce=26 rpc="localhost:8545" scenario=factorydeploytx wallet=4
time="2026-06-01T04:57:38Z" level=debug msg="sent deployment tx #     5: 0xe1620d44ac21a46bdba6c4c4c5cb71a1ffd0354752e1db1be280d5841a5543d0" nonce=26 rpc="localhost:8545" scenario=factorydeploytx wallet=5
time="2026-06-01T04:57:38Z" level=debug msg="sent deployment tx #     6: 0xc2612a14870ab097fc27f74b142073616bc5cfb6525a53c0d6c2ff9ccca7d5aa" nonce=26 rpc="localhost:8545" scenario=factorydeploytx wallet=6
time="2026-06-01T04:57:38Z" level=debug msg="sent deployment tx #     7: 0x3c3a6e444a3a147afeed2f7cc93814d356a1fc7519ca24c101a344eb7910f585" nonce=25 rpc="localhost:8545" scenario=factorydeploytx wallet=7
time="2026-06-01T04:57:38Z" level=debug msg="sent deployment tx #     8: 0xcdcd7b7e98af8866a2fd8b942a026646a2755cfcf1f6434169baa55f89a45b07" nonce=25 rpc="localhost:8545" scenario=factorydeploytx wallet=8
time="2026-06-01T04:57:39Z" level=debug msg="sent deployment tx #     9: 0xd184eafbd06faf3e458ae7302ea9f519b048a8c0423c14dbeb59e3b1752fa9d1" nonce=25 rpc="localhost:8545" scenario=factorydeploytx wallet=9
time="2026-06-01T04:57:39Z" level=debug msg="sent deployment tx #    10: 0xa9114fb0bd13f44c2ca95ef377619e4f3650145e5d30108f493ae7d96e7d0c9d" nonce=25 rpc="localhost:8545" scenario=factorydeploytx wallet=10
time="2026-06-01T04:57:39Z" level=debug msg="sent deployment tx #    11: 0x73c35b6ceae44cc3246ffb82f9faa9c604dbec5699d5110228a8e6ad3143b867" nonce=27 rpc="localhost:8545" scenario=factorydeploytx wallet=1
time="2026-06-01T04:57:39Z" level=debug msg="sent deployment tx #    12: 0xb35973620d34eacd57d0ec80c10dc1c08d3ede64b483b214e9a562137dd1cf17" nonce=27 rpc="localhost:8545" scenario=factorydeploytx wallet=2
time="2026-06-01T04:57:40Z" level=debug msg="sent deployment tx #    13: 0xcfcd34d38b218a8b18d13c9690d85063dc18db5bbe9cb79f9595dc174e4b446a" nonce=27 rpc="localhost:8545" scenario=factorydeploytx wallet=3
time="2026-06-01T04:57:40Z" level=debug msg="deployment tx 1 confirmed in block #70. deployed at: 0xa46dD06b4f4618fA87D4031E6D12d2569A3b55ca, total fee: 1132011 gwei (base: 16)" rpc="localhost:8545" scenario=factorydeploytx
time="2026-06-01T04:57:40Z" level=debug msg="deployment tx 2 confirmed in block #70. deployed at: 0x8DF662d4516FBF705191517Eb08c94063e595F5c, total fee: 1132214 gwei (base: 16)" rpc="localhost:8545" scenario=factorydeploytx
time="2026-06-01T04:57:40Z" level=info msg="processed block 70:  4 total tx, 4 tx confirmed from 4 wallets (954.207µs, 394.722µs)"
time="2026-06-01T04:57:40Z" level=info msg="block 70: submitted=13, pending=9, confirmed=4, throughput: 5B=4.00 tx/B, 20B=4.00 tx/B, 60B=4.00 tx/B" scenario=factorydeploytx wallets=4
time="2026-06-01T04:57:40Z" level=debug msg="deployment tx 4 confirmed in block #70. deployed at: 0xe62deCA90c89b56C0166ddD8d04C811fda7813cF, total fee: 1132214 gwei (base: 16)" rpc="localhost:8545" scenario=factorydeploytx
time="2026-06-01T04:57:40Z" level=debug msg="deployment tx 3 confirmed in block #70. deployed at: 0xB01582353e5FE32b19604798e190DdFF9F3D565a, total fee: 1132214 gwei (base: 16)" rpc="localhost:8545" scenario=factorydeploytx
time="2026-06-01T04:57:40Z" level=debug msg="deployment tx 5 confirmed in block #71. deployed at: 0x26F55C4fc90cfD463B0a9E9E4c25F14C9fAf1568, total fee: 1009473 gwei (base: 15)" rpc="localhost:8545" scenario=factorydeploytx
time="2026-06-01T04:57:40Z" level=debug msg="deployment tx 6 confirmed in block #71. deployed at: 0x79e1A7c962a6577B84ee3b36c25abfc93d816449, total fee: 1009473 gwei (base: 15)" rpc="localhost:8545" scenario=factorydeploytx
time="2026-06-01T04:57:40Z" level=debug msg="deployment tx 7 confirmed in block #71. deployed at: 0x415669479D29FaE7E656Cd85bAFAD6045E533f08, total fee: 1009473 gwei (base: 15)" rpc="localhost:8545" scenario=factorydeploytx
time="2026-06-01T04:57:40Z" level=info msg="processed block 71:  4 total tx, 4 tx confirmed from 4 wallets (806.861µs, 343.973µs)"
time="2026-06-01T04:57:40Z" level=info msg="block 71: submitted=0, pending=5, confirmed=4, throughput: 5B=4.00 tx/B, 20B=4.00 tx/B, 60B=4.00 tx/B" scenario=factorydeploytx wallets=4
time="2026-06-01T04:57:40Z" level=debug msg="deployment tx 8 confirmed in block #71. deployed at: 0xA6212405bBb7278f552086075d9973261508f400, total fee: 1009473 gwei (base: 15)" rpc="localhost:8545" scenario=factorydeploytx
time="2026-06-01T04:57:40Z" level=info msg="processed block 72:  5 total tx, 5 tx confirmed from 5 wallets (1.062256ms, 359.312µs)"
time="2026-06-01T04:57:40Z" level=info msg="block 72: submitted=0, pending=0, confirmed=5, throughput: 5B=4.33 tx/B, 20B=4.33 tx/B, 60B=4.33 tx/B" scenario=factorydeploytx wallets=5
time="2026-06-01T04:57:40Z" level=debug msg="deployment tx 9 confirmed in block #72. deployed at: 0x7fF63ec4bEeDEe35f3b3519B8dcb1Ba712497ec5, total fee: 901818 gwei (base: 13)" rpc="localhost:8545" scenario=factorydeploytx
time="2026-06-01T04:57:40Z" level=debug msg="deployment tx 10 confirmed in block #72. deployed at: 0x2f83AB286dC2348B109890FC085EB4a4c52e596e, total fee: 901818 gwei (base: 13)" rpc="localhost:8545" scenario=factorydeploytx
time="2026-06-01T04:57:40Z" level=debug msg="deployment tx 11 confirmed in block #72. deployed at: 0xF8a3110E96B447B53D51955b65A38ca3BbC88069, total fee: 901818 gwei (base: 13)" rpc="localhost:8545" scenario=factorydeploytx
time="2026-06-01T04:57:40Z" level=debug msg="deployment tx 12 confirmed in block #72. deployed at: 0xdA0e96996E1810f35F064b8c9A2F44EC2718fdB2, total fee: 901818 gwei (base: 13)" rpc="localhost:8545" scenario=factorydeploytx
time="2026-06-01T04:57:40Z" level=debug msg="deployment tx 13 confirmed in block #72. deployed at: 0xD44bbd7753D48665bf07f92E18C0213c050591F3, total fee: 901818 gwei (base: 13)" rpc="localhost:8545" scenario=factorydeploytx
time="2026-06-01T04:57:40Z" level=debug msg="sent deployment tx #    14: 0xa3a6801940cb9805c8997582aa61a1b133475dfa77a70688422570c63944c379" nonce=27 rpc="localhost:8545" scenario=factorydeploytx wallet=4
time="2026-06-01T04:57:40Z" level=debug msg="sent deployment tx #    15: 0x04e9385fae16526e67e6d0466e3e20848584d3b83c5c6f076bd35cc20b630b94" nonce=27 rpc="localhost:8545" scenario=factorydeploytx wallet=5
time="2026-06-01T04:57:40Z" level=debug msg="sent deployment tx #    16: 0x2221e64acf5be8c11cb724e296c667296c0996d2a41e9ccf0942170be64c2d27" nonce=27 rpc="localhost:8545" scenario=factorydeploytx wallet=6
time="2026-06-01T04:57:40Z" level=debug msg="sent deployment tx #    17: 0x4f4dde9b2cb410ecf1b76190ab39e3a08166712aefd936fe2e0bf72cc70ae6b8" nonce=26 rpc="localhost:8545" scenario=factorydeploytx wallet=7
time="2026-06-01T04:57:41Z" level=debug msg="sent deployment tx #    18: 0x62db5bcf9dda8ce446fb35e1b3e49698fd24007d1a27ba751de717a5404ba8ba" nonce=26 rpc="localhost:8545" scenario=factorydeploytx wallet=8
time="2026-06-01T04:57:41Z" level=debug msg="sent deployment tx #    19: 0x07c2f6d843c4d036b46dd681c4b2d6522e315c02d50d78d36d5777c6a08cfd58" nonce=26 rpc="localhost:8545" scenario=factorydeploytx wallet=9
time="2026-06-01T04:57:41Z" level=debug msg="sent deployment tx #    20: 0x77398faed57319840d21afde01df2ba7a145c0e5ce34030f07b77dc55f9d09ed" nonce=26 rpc="localhost:8545" scenario=factorydeploytx wallet=10
time="2026-06-01T04:57:41Z" level=debug msg="sent deployment tx #    21: 0xfc12ec38575e59c8a5a4292230b4dd49104bf3b5cf722a29f7d6a5d311e4b6b8" nonce=28 rpc="localhost:8545" scenario=factorydeploytx wallet=1
time="2026-06-01T04:57:42Z" level=debug msg="sent deployment tx #    22: 0x21db66beccf4072864d94008496c962916a68043ad8585ef6d7ede166d2fbd69" nonce=28 rpc="localhost:8545" scenario=factorydeploytx wallet=2
time="2026-06-01T04:57:42Z" level=debug msg="sent deployment tx #    23: 0xf0383a889e56cac9f91853d14c94abc559214f471a9b5a59ff3588283afd4294" nonce=28 rpc="localhost:8545" scenario=factorydeploytx wallet=3
time="2026-06-01T04:57:42Z" level=debug msg="sent deployment tx #    24: 0xb61a0571e868179647ec1340cda932db3292a8fe2f5b800664f5d8910fa15068" nonce=28 rpc="localhost:8545" scenario=factorydeploytx wallet=4
time="2026-06-01T04:57:42Z" level=debug msg="sent deployment tx #    25: 0x5727bba3f82e841cc9354860c24ed1f8b9f35b5340c32ad4cd11b0c145c1a207" nonce=28 rpc="localhost:8545" scenario=factorydeploytx wallet=5
time="2026-06-01T04:57:43Z" level=debug msg="sent deployment tx #    26: 0x0e28b710bcd649d239ee022e8557e7859bdd3f0ec63ca4f3ceaa84a1b1c31e95" nonce=28 rpc="localhost:8545" scenario=factorydeploytx wallet=6
time="2026-06-01T04:57:43Z" level=debug msg="deployment tx 14 confirmed in block #73. deployed at: 0xE27F974f3ccef372ab981f1CbFDBC1dc3D860B96, total fee: 807794 gwei (base: 12)" rpc="localhost:8545" scenario=factorydeploytx
time="2026-06-01T04:57:43Z" level=debug msg="deployment tx 15 confirmed in block #73. deployed at: 0xaE7B8B7AA75c2308a164990e0B8d6aD80d94a26B, total fee: 807794 gwei (base: 12)" rpc="localhost:8545" scenario=factorydeploytx
time="2026-06-01T04:57:43Z" level=debug msg="deployment tx 17 confirmed in block #73. deployed at: 0x99751af3E7098Dec257d983E55CdE9ecEDBc81bf, total fee: 807794 gwei (base: 12)" rpc="localhost:8545" scenario=factorydeploytx
time="2026-06-01T04:57:43Z" level=info msg="processed block 73:  4 total tx, 4 tx confirmed from 4 wallets (1.106066ms, 330.783µs)"
time="2026-06-01T04:57:43Z" level=debug msg="deployment tx 16 confirmed in block #73. deployed at: 0x59efe7020D5FDdFc072b5543f579Ce2Fdaa58dca, total fee: 807794 gwei (base: 12)" rpc="localhost:8545" scenario=factorydeploytx
time="2026-06-01T04:57:43Z" level=info msg="block 73: submitted=13, pending=9, confirmed=4, throughput: 5B=4.25 tx/B, 20B=4.25 tx/B, 60B=4.25 tx/B" scenario=factorydeploytx wallets=4
time="2026-06-01T04:57:43Z" level=info msg="processed block 74:  5 total tx, 5 tx confirmed from 5 wallets (1.02181ms, 352.749µs)"
time="2026-06-01T04:57:43Z" level=info msg="block 74: submitted=0, pending=4, confirmed=5, throughput: 5B=4.40 tx/B, 20B=4.40 tx/B, 60B=4.40 tx/B" scenario=factorydeploytx wallets=5
time="2026-06-01T04:57:43Z" level=debug msg="deployment tx 18 confirmed in block #74. deployed at: 0x9822E9a6d863Fa44A3eC4002f328961b9B843126, total fee: 724927 gwei (base: 10)" rpc="localhost:8545" scenario=factorydeploytx
time="2026-06-01T04:57:43Z" level=debug msg="deployment tx 19 confirmed in block #74. deployed at: 0x26d5B245d0e54F43f60974D152FcB41f3731e31B, total fee: 724927 gwei (base: 10)" rpc="localhost:8545" scenario=factorydeploytx
time="2026-06-01T04:57:43Z" level=debug msg="deployment tx 20 confirmed in block #74. deployed at: 0xCD23b93B0E0FA09586BE79B2276fbB3f1E437509, total fee: 724927 gwei (base: 10)" rpc="localhost:8545" scenario=factorydeploytx
time="2026-06-01T04:57:43Z" level=debug msg="deployment tx 21 confirmed in block #74. deployed at: 0xE09c559E79147aBD5EAb68f4260bbe9F70EcB089, total fee: 724927 gwei (base: 10)" rpc="localhost:8545" scenario=factorydeploytx
time="2026-06-01T04:57:43Z" level=debug msg="deployment tx 22 confirmed in block #74. deployed at: 0x172a05AD033440b2589F938d367e90621dd40d41, total fee: 724927 gwei (base: 10)" rpc="localhost:8545" scenario=factorydeploytx
time="2026-06-01T04:57:43Z" level=debug msg="sent deployment tx #    27: 0xf6589f15a00676e2417d7ad79a7eba71a1f57c3f7a5b24558da13496204aed00" nonce=27 rpc="localhost:8545" scenario=factorydeploytx wallet=7
time="2026-06-01T04:57:43Z" level=debug msg="sent deployment tx #    28: 0xcb25faa08b06fb3b80463136629893d101ad404c9b3667f84621f3f839ad50d6" nonce=27 rpc="localhost:8545" scenario=factorydeploytx wallet=8
time="2026-06-01T04:57:43Z" level=debug msg="sent deployment tx #    29: 0x8674792738274597e0190c29752a067bb0a02a350251e58fc33bca5e999a4c99" nonce=27 rpc="localhost:8545" scenario=factorydeploytx wallet=9
time="2026-06-01T04:57:44Z" level=debug msg="sent deployment tx #    30: 0x225d77e83e3b6fe3cc6d68e666ee3ed83719bb6d479be43b83b5fafcd2d000dc" nonce=27 rpc="localhost:8545" scenario=factorydeploytx wallet=10
time="2026-06-01T04:57:44Z" level=debug msg="sent deployment tx #    31: 0xeb859ea1aa30c5149664fba421bfbfc8519576a7f1310a91e973eb4ba8b3d531" nonce=29 rpc="localhost:8545" scenario=factorydeploytx wallet=1
time="2026-06-01T04:57:44Z" level=debug msg="sent deployment tx #    32: 0x6deed8c30bd1a0b35616d462ea5a9c091be1050e6958a0192a99d9ddbfabc88a" nonce=29 rpc="localhost:8545" scenario=factorydeploytx wallet=2
time="2026-06-01T04:57:44Z" level=debug msg="sent deployment tx #    33: 0xdf1e75415c99990e16d111ff93737425a504d5b2af0047da422e23dd7df6352e" nonce=29 rpc="localhost:8545" scenario=factorydeploytx wallet=3
time="2026-06-01T04:57:45Z" level=debug msg="sent deployment tx #    34: 0xb8a9d494aa66006ba023fab0551fb19bd352214bf3a967e14a59e0e6daf8a9b6" nonce=29 rpc="localhost:8545" scenario=factorydeploytx wallet=4
time="2026-06-01T04:57:45Z" level=debug msg="sent deployment tx #    35: 0x73864783b2116144d6ffe03907010d0ac97ba4e7941e0a919c5c0cac41393a59" nonce=29 rpc="localhost:8545" scenario=factorydeploytx wallet=5
time="2026-06-01T04:57:45Z" level=debug msg="sent deployment tx #    36: 0x6623e7c78cece4c547f5839f0da4d9fb4b8bec43772ebaf44b4e03773d17fae1" nonce=29 rpc="localhost:8545" scenario=factorydeploytx wallet=6
time="2026-06-01T04:57:45Z" level=debug msg="sent deployment tx #    37: 0x766f43839ed724c38e7f369b389f27b42f21e1e66519426e3ab33b7dd0f997d5" nonce=28 rpc="localhost:8545" scenario=factorydeploytx wallet=7
time="2026-06-01T04:57:46Z" level=debug msg="sent deployment tx #    38: 0xd87be7edd7da224547cbfbd1d6e8c0bb861582a4f7ea94b653f344b2bf2d8268" nonce=28 rpc="localhost:8545" scenario=factorydeploytx wallet=8
time="2026-06-01T04:57:46Z" level=debug msg="deployment tx 23 confirmed in block #75. deployed at: 0x491fA118e6Daee6c12c4e4b42B939Bf7b05E0cFc, total fee: 652551 gwei (base: 9)" rpc="localhost:8545" scenario=factorydeploytx
time="2026-06-01T04:57:46Z" level=debug msg="deployment tx 24 confirmed in block #75. deployed at: 0x9b7D7c948Bf7eAAB9fe508E0836B1d6eAF4A0b8E, total fee: 652551 gwei (base: 9)" rpc="localhost:8545" scenario=factorydeploytx
time="2026-06-01T04:57:46Z" level=info msg="processed block 75:  4 total tx, 4 tx confirmed from 4 wallets (1.056174ms, 578.326µs)"
time="2026-06-01T04:57:46Z" level=info msg="block 75: submitted=12, pending=12, confirmed=4, throughput: 5B=4.40 tx/B, 20B=4.33 tx/B, 60B=4.33 tx/B" scenario=factorydeploytx wallets=4
time="2026-06-01T04:57:46Z" level=debug msg="deployment tx 25 confirmed in block #75. deployed at: 0x157F343651f3253EF198e66A5Db444E71D25Eca2, total fee: 652551 gwei (base: 9)" rpc="localhost:8545" scenario=factorydeploytx
time="2026-06-01T04:57:46Z" level=debug msg="deployment tx 26 confirmed in block #75. deployed at: 0xD4BF4336b2e8A7A00dBa301C9AEC8106f13Ba967, total fee: 652551 gwei (base: 9)" rpc="localhost:8545" scenario=factorydeploytx
time="2026-06-01T04:57:46Z" level=debug msg="deployment tx 27 confirmed in block #76. deployed at: 0x43BD97FF87c8984099688a6719d8931d53D28ad4, total fee: 588766 gwei (base: 8)" rpc="localhost:8545" scenario=factorydeploytx
time="2026-06-01T04:57:46Z" level=debug msg="deployment tx 28 confirmed in block #76. deployed at: 0xf8D38C1772D57B943bfF7e2FF55B5BcE5B296CbC, total fee: 588766 gwei (base: 8)" rpc="localhost:8545" scenario=factorydeploytx
time="2026-06-01T04:57:46Z" level=debug msg="deployment tx 29 confirmed in block #76. deployed at: 0x1D334F7d541e4d6c8E3481392924FaB6Af00B8A4, total fee: 588766 gwei (base: 8)" rpc="localhost:8545" scenario=factorydeploytx
time="2026-06-01T04:57:46Z" level=info msg="processed block 76:  4 total tx, 4 tx confirmed from 4 wallets (975.921µs, 285.818µs)"
time="2026-06-01T04:57:46Z" level=info msg="block 76: submitted=0, pending=8, confirmed=4, throughput: 5B=4.40 tx/B, 20B=4.29 tx/B, 60B=4.29 tx/B" scenario=factorydeploytx wallets=4
time="2026-06-01T04:57:46Z" level=debug msg="deployment tx 30 confirmed in block #76. deployed at: 0x819379D2163474A447D0A97caBa3a2f5F36De1C4, total fee: 588766 gwei (base: 8)" rpc="localhost:8545" scenario=factorydeploytx
time="2026-06-01T04:57:46Z" level=debug msg="deployment tx 31 confirmed in block #77. deployed at: 0x8182a71d2f1FcC339B6f75093Bd40596a4B004BF, total fee: 532820 gwei (base: 7)" rpc="localhost:8545" scenario=factorydeploytx
time="2026-06-01T04:57:46Z" level=debug msg="deployment tx 32 confirmed in block #77. deployed at: 0xF900b5017ed36b57CaEB91eAdFAF2c29fC768c45, total fee: 532820 gwei (base: 7)" rpc="localhost:8545" scenario=factorydeploytx
time="2026-06-01T04:57:46Z" level=debug msg="deployment tx 33 confirmed in block #77. deployed at: 0x722d7285b94460A6b89905c63EBFc4cB75c1832b, total fee: 532820 gwei (base: 7)" rpc="localhost:8545" scenario=factorydeploytx
time="2026-06-01T04:57:46Z" level=info msg="processed block 77:  5 total tx, 5 tx confirmed from 5 wallets (1.001972ms, 370.277µs)"
time="2026-06-01T04:57:46Z" level=debug msg="deployment tx 34 confirmed in block #77. deployed at: 0x745C816433f758CB181ab49ca9097efF62FC8815, total fee: 532820 gwei (base: 7)" rpc="localhost:8545" scenario=factorydeploytx
time="2026-06-01T04:57:46Z" level=debug msg="deployment tx 35 confirmed in block #77. deployed at: 0xCB16c4388051aAB0E15818BBDC693d40FD5ff11e, total fee: 532820 gwei (base: 7)" rpc="localhost:8545" scenario=factorydeploytx
time="2026-06-01T04:57:46Z" level=info msg="block 77: submitted=0, pending=3, confirmed=5, throughput: 5B=4.40 tx/B, 20B=4.38 tx/B, 60B=4.38 tx/B" scenario=factorydeploytx wallets=5
time="2026-06-01T04:57:46Z" level=debug msg="sent deployment tx #    39: 0x4edcb82a74ba6e68afdf66609685928806e981cbc87d524cd6c8df333ff90573" nonce=28 rpc="localhost:8545" scenario=factorydeploytx wallet=9
time="2026-06-01T04:57:46Z" level=debug msg="sent deployment tx #    40: 0x3bd3778a4f23c6a6cdebb63b88ab2afaea890db634e64171a29bab5d7558c1d3" nonce=28 rpc="localhost:8545" scenario=factorydeploytx wallet=10
time="2026-06-01T04:57:46Z" level=debug msg="sent deployment tx #    41: 0x2001d6a00479dfc6d60e6c0a096fa5728d8154bf085cd211b6448057059204a5" nonce=30 rpc="localhost:8545" scenario=factorydeploytx wallet=1
time="2026-06-01T04:57:46Z" level=debug msg="sent deployment tx #    42: 0x551bfafbcfc64969483e2d09ec38e5c7528ee23027c343f298c474273f6f07cb" nonce=30 rpc="localhost:8545" scenario=factorydeploytx wallet=2
time="2026-06-01T04:57:47Z" level=debug msg="sent deployment tx #    43: 0xf212e901c9f742a12a44e099d12294b13993e07c43177ef189b8bc0bcb410f21" nonce=30 rpc="localhost:8545" scenario=factorydeploytx wallet=3
time="2026-06-01T04:57:47Z" level=debug msg="sent deployment tx #    44: 0x762a691ecee1c989e9b52e9dc60d19454828160b686bc01622c781f3cfadaed0" nonce=30 rpc="localhost:8545" scenario=factorydeploytx wallet=4
time="2026-06-01T04:57:47Z" level=debug msg="sent deployment tx #    45: 0xc6e17f54c85d6e4e89ddd13cb58b491aa74a86d99a97c8b5f6baf1db3696f7b9" nonce=30 rpc="localhost:8545" scenario=factorydeploytx wallet=5
time="2026-06-01T04:57:47Z" level=debug msg="sent deployment tx #    46: 0xdb2827fbf43b426a0e727bdc8ca2e6b9048f11a2acc463a4f09cb91c5768ee3f" nonce=30 rpc="localhost:8545" scenario=factorydeploytx wallet=6
time="2026-06-01T04:57:48Z" level=debug msg="sent deployment tx #    47: 0xe272e67a9a727c6464f43fbdd24576bd6c65e4f7dead71105af41939de07436a" nonce=29 rpc="localhost:8545" scenario=factorydeploytx wallet=7
time="2026-06-01T04:57:48Z" level=debug msg="sent deployment tx #    48: 0xcd75ea8414dcc699b66b118eacd610d552864122cf0201c05f0b6bb0ff06132b" nonce=29 rpc="localhost:8545" scenario=factorydeploytx wallet=8
time="2026-06-01T04:57:48Z" level=debug msg="sent deployment tx #    49: 0xb436f9429ebc9da495fd0b291074ffeff7647aa9287315600f746e4a22978a2a" nonce=29 rpc="localhost:8545" scenario=factorydeploytx wallet=9
time="2026-06-01T04:57:48Z" level=debug msg="sent deployment tx #    50: 0x0ae2a5f4d58251589707df239b3e9055a5c068afc70284819a212cbfe05c9636" nonce=29 rpc="localhost:8545" scenario=factorydeploytx wallet=10
time="2026-06-01T04:57:49Z" level=debug msg="sent deployment tx #    51: 0x9c4b57c60ef3d43f7f12681de540cc227af0578921fa7032a0a71be0a638e30c" nonce=31 rpc="localhost:8545" scenario=factorydeploytx wallet=1
time="2026-06-01T04:57:49Z" level=debug msg="deployment tx 36 confirmed in block #78. deployed at: 0xA982be986a1d674319ed0f007960A25432988Cd8, total fee: 483957 gwei (base: 7)" rpc="localhost:8545" scenario=factorydeploytx
time="2026-06-01T04:57:49Z" level=debug msg="deployment tx 37 confirmed in block #78. deployed at: 0x6D3f53630c4EDEb5B0b48e55c214C7E93388f7d9, total fee: 483957 gwei (base: 7)" rpc="localhost:8545" scenario=factorydeploytx
time="2026-06-01T04:57:49Z" level=debug msg="deployment tx 38 confirmed in block #78. deployed at: 0x955466f6292b673eCD9F6de3dD2708e32c4DCca0, total fee: 483957 gwei (base: 7)" rpc="localhost:8545" scenario=factorydeploytx
time="2026-06-01T04:57:49Z" level=info msg="processed block 78:  4 total tx, 4 tx confirmed from 4 wallets (1.031789ms, 346.198µs)"
time="2026-06-01T04:57:49Z" level=info msg="block 78: submitted=13, pending=12, confirmed=4, throughput: 5B=4.40 tx/B, 20B=4.33 tx/B, 60B=4.33 tx/B" scenario=factorydeploytx wallets=4
time="2026-06-01T04:57:49Z" level=debug msg="deployment tx 39 confirmed in block #78. deployed at: 0xa4f92abeAa75Ab85a53050b2fe625Af62D6f1bF7, total fee: 483957 gwei (base: 7)" rpc="localhost:8545" scenario=factorydeploytx
time="2026-06-01T04:57:49Z" level=debug msg="deployment tx 40 confirmed in block #79. deployed at: 0xa8773870787E2eC58981928AB5a107b5Cac6522d, total fee: 440894 gwei (base: 6)" rpc="localhost:8545" scenario=factorydeploytx
time="2026-06-01T04:57:49Z" level=debug msg="deployment tx 41 confirmed in block #79. deployed at: 0x7B089acE0b1cbd84e16aA1083b4cF8e7ad97C9EE, total fee: 440894 gwei (base: 6)" rpc="localhost:8545" scenario=factorydeploytx
time="2026-06-01T04:57:49Z" level=debug msg="deployment tx 42 confirmed in block #79. deployed at: 0xE4D7f137d97BF01f0E6046e7AA0A7b08EE69ef7E, total fee: 440894 gwei (base: 6)" rpc="localhost:8545" scenario=factorydeploytx
time="2026-06-01T04:57:49Z" level=info msg="processed block 79:  4 total tx, 4 tx confirmed from 4 wallets (899.206µs, 426.666µs)"
time="2026-06-01T04:57:49Z" level=info msg="block 79: submitted=0, pending=8, confirmed=4, throughput: 5B=4.20 tx/B, 20B=4.30 tx/B, 60B=4.30 tx/B" scenario=factorydeploytx wallets=4
time="2026-06-01T04:57:49Z" level=debug msg="deployment tx 43 confirmed in block #79. deployed at: 0x19d4f0BE33f9E0A9680440d38186baE8DC9b0315, total fee: 440894 gwei (base: 6)" rpc="localhost:8545" scenario=factorydeploytx
time="2026-06-01T04:57:49Z" level=debug msg="deployment tx 44 confirmed in block #80. deployed at: 0xFD234bbdce9C108747cd1E23F3A446e65F12E013, total fee: 403125 gwei (base: 6)" rpc="localhost:8545" scenario=factorydeploytx
time="2026-06-01T04:57:49Z" level=debug msg="deployment tx 45 confirmed in block #80. deployed at: 0x66b3e3409cd91f5294EAA20bC6A49a4EdF6D446b, total fee: 403125 gwei (base: 6)" rpc="localhost:8545" scenario=factorydeploytx
time="2026-06-01T04:57:49Z" level=debug msg="deployment tx 46 confirmed in block #80. deployed at: 0xDFF8DE7D13812d610A4b47412f0d0fB2c00f4C5B, total fee: 403125 gwei (base: 6)" rpc="localhost:8545" scenario=factorydeploytx
time="2026-06-01T04:57:49Z" level=info msg="processed block 80:  5 total tx, 5 tx confirmed from 5 wallets (1.095281ms, 405.922µs)"
time="2026-06-01T04:57:49Z" level=debug msg="deployment tx 47 confirmed in block #80. deployed at: 0x1Ba7C7d0602aC9c7BA37608827d34320bf2A1B1c, total fee: 403125 gwei (base: 6)" rpc="localhost:8545" scenario=factorydeploytx
time="2026-06-01T04:57:49Z" level=info msg="block 80: submitted=0, pending=3, confirmed=5, throughput: 5B=4.40 tx/B, 20B=4.36 tx/B, 60B=4.36 tx/B" scenario=factorydeploytx wallets=5
time="2026-06-01T04:57:49Z" level=debug msg="deployment tx 48 confirmed in block #80. deployed at: 0xC0fE00315b0889DcE23F272Cb8eB1d35b5167e16, total fee: 403125 gwei (base: 6)" rpc="localhost:8545" scenario=factorydeploytx
time="2026-06-01T04:57:49Z" level=debug msg="sent deployment tx #    52: 0x2ccc81080d928ebcfc4831c55cf0fdd9ea42232a15c1e4f879fd61b076fcebdb" nonce=31 rpc="localhost:8545" scenario=factorydeploytx wallet=2
time="2026-06-01T04:57:49Z" level=debug msg="sent deployment tx #    53: 0xae4238601cf220f19a031cf4f59f34f897841c25c51cfd84b4cfab611f4877a1" nonce=31 rpc="localhost:8545" scenario=factorydeploytx wallet=3
time="2026-06-01T04:57:49Z" level=debug msg="sent deployment tx #    54: 0x9867b4ab0c0bb004f483d4ddd33ae5fe7a6a5a2e0555282bcc7b200b05021782" nonce=31 rpc="localhost:8545" scenario=factorydeploytx wallet=4
time="2026-06-01T04:57:50Z" level=debug msg="sent deployment tx #    55: 0xa720d5370420b27a4e7399f174cc1d4d4371f5be170eab2e71f15a230e90bfdb" nonce=31 rpc="localhost:8545" scenario=factorydeploytx wallet=5
time="2026-06-01T04:57:50Z" level=debug msg="sent deployment tx #    56: 0x21046e93c4c239d398456271bef65f1bed396e2e5b68ef2b4f3d7f628cac97cd" nonce=31 rpc="localhost:8545" scenario=factorydeploytx wallet=6
time="2026-06-01T04:57:50Z" level=debug msg="sent deployment tx #    57: 0xb41dcb2fbeb1f0541f1145313a7cc50c305fa82535d1b295dbbd8d9165c14f96" nonce=30 rpc="localhost:8545" scenario=factorydeploytx wallet=7
time="2026-06-01T04:57:50Z" level=debug msg="sent deployment tx #    58: 0x5aaa2c7d09c7d62de3930cea577743476a048727aec2dd3ee74648ebb6deb560" nonce=30 rpc="localhost:8545" scenario=factorydeploytx wallet=8
time="2026-06-01T04:57:51Z" level=debug msg="sent deployment tx #    59: 0x22b4bad9af28bceb064f19b5500b765d80bf9b20b228192d22782583ceec68a9" nonce=30 rpc="localhost:8545" scenario=factorydeploytx wallet=9
time="2026-06-01T04:57:51Z" level=debug msg="sent deployment tx #    60: 0xbf5ee3c0be897f883b169d57c00baaa2c6da8e713426ba464549938ab69cd8cf" nonce=30 rpc="localhost:8545" scenario=factorydeploytx wallet=10
time="2026-06-01T04:57:51Z" level=debug msg="sent deployment tx #    61: 0xa8dfb7f403a9676c26f7a41d095179450b377dffbbcc58d38701e23cfe5cd36c" nonce=32 rpc="localhost:8545" scenario=factorydeploytx wallet=1
time="2026-06-01T04:57:51Z" level=debug msg="sent deployment tx #    62: 0x12a9f26520c0685bcb5930dac201a1f4b473022a048c8a8e6b8de13f7fca2bdf" nonce=32 rpc="localhost:8545" scenario=factorydeploytx wallet=2
time="2026-06-01T04:57:52Z" level=debug msg="sent deployment tx #    63: 0xaedb92fbeeb9d07bcef84ee3ef7f4dbb3a1ca9f563769b6df860304273934213" nonce=32 rpc="localhost:8545" scenario=factorydeploytx wallet=3
time="2026-06-01T04:57:52Z" level=debug msg="deployment tx 49 confirmed in block #81. deployed at: 0xae1B12c5C52A156AE98D8903A88248F2eEbF758F, total fee: 370137 gwei (base: 5)" rpc="localhost:8545" scenario=factorydeploytx
time="2026-06-01T04:57:52Z" level=debug msg="deployment tx 50 confirmed in block #81. deployed at: 0xC8aBa8eE671E4eD9A827E8D6892c3192912d345B, total fee: 370137 gwei (base: 5)" rpc="localhost:8545" scenario=factorydeploytx
time="2026-06-01T04:57:52Z" level=debug msg="deployment tx 51 confirmed in block #81. deployed at: 0x9A8B0fA92916D1a73E80893D26f744bf5DA0c66c, total fee: 370137 gwei (base: 5)" rpc="localhost:8545" scenario=factorydeploytx
time="2026-06-01T04:57:52Z" level=info msg="processed block 81:  4 total tx, 4 tx confirmed from 4 wallets (1.109516ms, 295.846µs)"
time="2026-06-01T04:57:52Z" level=info msg="block 81: submitted=12, pending=11, confirmed=4, throughput: 5B=4.40 tx/B, 20B=4.33 tx/B, 60B=4.33 tx/B" scenario=factorydeploytx wallets=4
time="2026-06-01T04:57:52Z" level=debug msg="deployment tx 52 confirmed in block #81. deployed at: 0x8ec4c942d693F471242B4549ABf764A6De09A2d4, total fee: 370137 gwei (base: 5)" rpc="localhost:8545" scenario=factorydeploytx
time="2026-06-01T04:57:52Z" level=debug msg="deployment tx 53 confirmed in block #82. deployed at: 0x837b60C4a0278fB08E8CAd491033BfaD759F2A1b, total fee: 341065 gwei (base: 5)" rpc="localhost:8545" scenario=factorydeploytx
time="2026-06-01T04:57:52Z" level=debug msg="deployment tx 54 confirmed in block #82. deployed at: 0x426eb3B84b4B361fcDF09f1480D40D41510dB525, total fee: 341065 gwei (base: 5)" rpc="localhost:8545" scenario=factorydeploytx
time="2026-06-01T04:57:52Z" level=debug msg="deployment tx 55 confirmed in block #82. deployed at: 0x3aDf64356D10524e59D96247a6467648f7Dd488d, total fee: 341065 gwei (base: 5)" rpc="localhost:8545" scenario=factorydeploytx
time="2026-06-01T04:57:52Z" level=debug msg="deployment tx 56 confirmed in block #82. deployed at: 0x09DB639a9c64fF3f3d9d1Fe3Abf32126ad3056c3, total fee: 341065 gwei (base: 5)" rpc="localhost:8545" scenario=factorydeploytx
time="2026-06-01T04:57:52Z" level=info msg="processed block 82:  5 total tx, 5 tx confirmed from 5 wallets (965.097µs, 347.428µs)"
time="2026-06-01T04:57:52Z" level=info msg="block 82: submitted=0, pending=6, confirmed=5, throughput: 5B=4.40 tx/B, 20B=4.38 tx/B, 60B=4.38 tx/B" scenario=factorydeploytx wallets=5
time="2026-06-01T04:57:52Z" level=debug msg="deployment tx 57 confirmed in block #82. deployed at: 0xdDc0C401C7f96C9f071F4ae364c558f742A3aa14, total fee: 341065 gwei (base: 5)" rpc="localhost:8545" scenario=factorydeploytx
time="2026-06-01T04:57:52Z" level=info msg="processed block 83:  4 total tx, 4 tx confirmed from 4 wallets (1.054887ms, 268.619µs)"
time="2026-06-01T04:57:52Z" level=info msg="block 83: submitted=0, pending=2, confirmed=4, throughput: 5B=4.40 tx/B, 20B=4.36 tx/B, 60B=4.36 tx/B" scenario=factorydeploytx wallets=4
time="2026-06-01T04:57:52Z" level=debug msg="deployment tx 58 confirmed in block #83. deployed at: 0x13c9242Da107796A6a5448dC102199aE3a2de5eB, total fee: 315674 gwei (base: 4)" rpc="localhost:8545" scenario=factorydeploytx
time="2026-06-01T04:57:52Z" level=debug msg="deployment tx 59 confirmed in block #83. deployed at: 0x8FC824275F4b051EC111dE0D039eCE786Ed0BC29, total fee: 315674 gwei (base: 4)" rpc="localhost:8545" scenario=factorydeploytx
time="2026-06-01T04:57:52Z" level=debug msg="deployment tx 60 confirmed in block #83. deployed at: 0x916a7037eB8348DdC781A9a05C39c0eae1B4626B, total fee: 315674 gwei (base: 4)" rpc="localhost:8545" scenario=factorydeploytx
time="2026-06-01T04:57:52Z" level=debug msg="deployment tx 61 confirmed in block #83. deployed at: 0xF960d49C9e1a1379276baE3c7A6a0A13D3077E1c, total fee: 315674 gwei (base: 4)" rpc="localhost:8545" scenario=factorydeploytx
time="2026-06-01T04:57:52Z" level=debug msg="sent deployment tx #    64: 0xb8d93f20bfb3444093c38d46d2662ccd3b06b8ebfffae3d5d4130f2222769eb4" nonce=32 rpc="localhost:8545" scenario=factorydeploytx wallet=4
time="2026-06-01T04:57:52Z" level=debug msg="sent deployment tx #    65: 0xaef98fe5d1aeffc01c3b1d34bf6129235e9d36365bfc9f086613778951e8295e" nonce=32 rpc="localhost:8545" scenario=factorydeploytx wallet=5
time="2026-06-01T04:57:52Z" level=debug msg="sent deployment tx #    66: 0x5038bea4b2f47767230d1b9f2cfabb71770ce4ee5aeaa1a457eb78b7015f1ba0" nonce=32 rpc="localhost:8545" scenario=factorydeploytx wallet=6
time="2026-06-01T04:57:52Z" level=debug msg="sent deployment tx #    67: 0x6ccfc7cd90a684a233e57261faf1daf855bbbd5851139b9f42989942aefa5fd6" nonce=31 rpc="localhost:8545" scenario=factorydeploytx wallet=7
time="2026-06-01T04:57:53Z" level=debug msg="sent deployment tx #    68: 0x77aa2ad131a157f123e8226d08a19ca256b5f5e627f195581191a3b771c88742" nonce=31 rpc="localhost:8545" scenario=factorydeploytx wallet=8
time="2026-06-01T04:57:53Z" level=debug msg="sent deployment tx #    69: 0x90d6a89f931ad460392a06844e1fc3d49b0afaa2f88be2fcaa3afaaa1bc73eb2" nonce=31 rpc="localhost:8545" scenario=factorydeploytx wallet=9
time="2026-06-01T04:57:53Z" level=debug msg="sent deployment tx #    70: 0x33f43ff00f488a2cfd688b07d6d53a6b40626a5ef25fa926416cc6fa8c83cedd" nonce=31 rpc="localhost:8545" scenario=factorydeploytx wallet=10
time="2026-06-01T04:57:53Z" level=debug msg="sent deployment tx #    71: 0xa6af36f7ec427e6a55d7474f0463b17811d4c195c626acc0c0ca9f2ff12ef063" nonce=33 rpc="localhost:8545" scenario=factorydeploytx wallet=1
time="2026-06-01T04:57:54Z" level=debug msg="sent deployment tx #    72: 0xfdc4066903b70c2e4982f2722dd249014788251e8853bdafeb79ca03cb8cba0d" nonce=33 rpc="localhost:8545" scenario=factorydeploytx wallet=2
time="2026-06-01T04:57:54Z" level=debug msg="sent deployment tx #    73: 0x3523e2b25bc45b80158ff8d0dff9546feda077ca816d263dff87633a6067259e" nonce=33 rpc="localhost:8545" scenario=factorydeploytx wallet=3
time="2026-06-01T04:57:54Z" level=debug msg="sent deployment tx #    74: 0x9992bfab3175ed364f6b8942fd55ad4c5170cc2d1912f55e2339f45d5abbdc91" nonce=33 rpc="localhost:8545" scenario=factorydeploytx wallet=4
time="2026-06-01T04:57:54Z" level=debug msg="sent deployment tx #    75: 0xe767572bcdd6ae2fc386107df32ebb6c5242957f59f4af99ce743a6cece2e61a" nonce=33 rpc="localhost:8545" scenario=factorydeploytx wallet=5
time="2026-06-01T04:57:55Z" level=debug msg="sent deployment tx #    76: 0x9e968646879af378b135ac9485d2d359f58047faf3ff3b84e9378f4ec4fa0836" nonce=33 rpc="localhost:8545" scenario=factorydeploytx wallet=6
time="2026-06-01T04:57:55Z" level=debug msg="deployment tx 62 confirmed in block #84. deployed at: 0x3FDc47211949134A0E10680926D89b3aB683ffd1, total fee: 293297 gwei (base: 4)" rpc="localhost:8545" scenario=factorydeploytx
time="2026-06-01T04:57:55Z" level=debug msg="deployment tx 63 confirmed in block #84. deployed at: 0x9166beBE3cfDB8590D469f6782505Df7CC759118, total fee: 293297 gwei (base: 4)" rpc="localhost:8545" scenario=factorydeploytx
time="2026-06-01T04:57:55Z" level=debug msg="deployment tx 64 confirmed in block #84. deployed at: 0xa2b363a0394Cf3b4ea18D6a1225acA82E8D42987, total fee: 293297 gwei (base: 4)" rpc="localhost:8545" scenario=factorydeploytx
time="2026-06-01T04:57:55Z" level=info msg="processed block 84:  5 total tx, 5 tx confirmed from 5 wallets (1.310031ms, 453.345µs)"
time="2026-06-01T04:57:55Z" level=info msg="block 84: submitted=13, pending=10, confirmed=5, throughput: 5B=4.60 tx/B, 20B=4.40 tx/B, 60B=4.40 tx/B" scenario=factorydeploytx wallets=5
time="2026-06-01T04:57:55Z" level=debug msg="deployment tx 65 confirmed in block #84. deployed at: 0x0140CD1ad2bBc0b7CCD3Ec9A62cC0faDcA6f4aEe, total fee: 293297 gwei (base: 4)" rpc="localhost:8545" scenario=factorydeploytx
time="2026-06-01T04:57:55Z" level=debug msg="deployment tx 66 confirmed in block #84. deployed at: 0xe93205f4100949c774F7d10E560DAe44c8CE9341, total fee: 293297 gwei (base: 4)" rpc="localhost:8545" scenario=factorydeploytx
time="2026-06-01T04:57:55Z" level=debug msg="deployment tx 67 confirmed in block #85. deployed at: 0x7dDF93E819Cdbd06ADE8cCcee2bDA0150252c3c9, total fee: 273753 gwei (base: 4)" rpc="localhost:8545" scenario=factorydeploytx
time="2026-06-01T04:57:55Z" level=debug msg="deployment tx 68 confirmed in block #85. deployed at: 0xB95a2Bf2b7c2f8d1bEB68e90f9242Cf0bA44B149, total fee: 273753 gwei (base: 4)" rpc="localhost:8545" scenario=factorydeploytx
time="2026-06-01T04:57:55Z" level=debug msg="deployment tx 69 confirmed in block #85. deployed at: 0xe14B726245e71229895b70E732084546fE534f4e, total fee: 273753 gwei (base: 4)" rpc="localhost:8545" scenario=factorydeploytx
time="2026-06-01T04:57:55Z" level=info msg="processed block 85:  4 total tx, 4 tx confirmed from 4 wallets (949.868µs, 416.383µs)"
time="2026-06-01T04:57:55Z" level=info msg="block 85: submitted=0, pending=6, confirmed=4, throughput: 5B=4.40 tx/B, 20B=4.38 tx/B, 60B=4.38 tx/B" scenario=factorydeploytx wallets=4
time="2026-06-01T04:57:55Z" level=debug msg="deployment tx 70 confirmed in block #85. deployed at: 0x1E3e0Ec9f15b8C8988255334EfD0505002b8ac99, total fee: 273753 gwei (base: 4)" rpc="localhost:8545" scenario=factorydeploytx
time="2026-06-01T04:57:55Z" level=debug msg="deployment tx 71 confirmed in block #86. deployed at: 0xDE7Ee3B207Fd1D221bf9f3E26FFd63184d9d2215, total fee: 256530 gwei (base: 3)" rpc="localhost:8545" scenario=factorydeploytx
time="2026-06-01T04:57:55Z" level=debug msg="deployment tx 72 confirmed in block #86. deployed at: 0x28E8016699687Aff8826CF614E4C3E7354130718, total fee: 256530 gwei (base: 3)" rpc="localhost:8545" scenario=factorydeploytx
time="2026-06-01T04:57:55Z" level=debug msg="deployment tx 73 confirmed in block #86. deployed at: 0xB9926fa2E61c4aC4721d35b26BCfb9033039D730, total fee: 256530 gwei (base: 3)" rpc="localhost:8545" scenario=factorydeploytx
time="2026-06-01T04:57:55Z" level=info msg="processed block 86:  4 total tx, 4 tx confirmed from 4 wallets (954.186µs, 256.719µs)"
time="2026-06-01T04:57:55Z" level=debug msg="deployment tx 74 confirmed in block #86. deployed at: 0xDAE74d9C98449EBCbBE255451F60B2e698322B86, total fee: 256530 gwei (base: 3)" rpc="localhost:8545" scenario=factorydeploytx
time="2026-06-01T04:57:55Z" level=info msg="block 86: submitted=0, pending=2, confirmed=4, throughput: 5B=4.40 tx/B, 20B=4.35 tx/B, 60B=4.35 tx/B" scenario=factorydeploytx wallets=4
time="2026-06-01T04:57:55Z" level=debug msg="sent deployment tx #    77: 0x14a90a8cb4096191e4211f4e9be184210e66bfad073c511147758929d64e5113" nonce=32 rpc="localhost:8545" scenario=factorydeploytx wallet=7
time="2026-06-01T04:57:55Z" level=debug msg="sent deployment tx #    78: 0xc056a6cfcf6717e3c33e52b52960134e9fa5b69cf1e12180868ab263311e3c3b" nonce=32 rpc="localhost:8545" scenario=factorydeploytx wallet=8
time="2026-06-01T04:57:55Z" level=debug msg="sent deployment tx #    79: 0x3d007485ce1574e6154ccf57feff3dd29a8dfb8c54ff83879b56d773f1002cd4" nonce=32 rpc="localhost:8545" scenario=factorydeploytx wallet=9
time="2026-06-01T04:57:56Z" level=debug msg="sent deployment tx #    80: 0xe4dcc295ff89f80bc0dcd4edd8761152b4464e2e95cdb97856f7cb51d29f9daf" nonce=32 rpc="localhost:8545" scenario=factorydeploytx wallet=10
time="2026-06-01T04:57:56Z" level=debug msg="sent deployment tx #    81: 0x704103e653942666aaa4dfa1c055e9863ccbe9ba8ac35b06c60cfcb38b873e39" nonce=34 rpc="localhost:8545" scenario=factorydeploytx wallet=1
time="2026-06-01T04:57:56Z" level=debug msg="sent deployment tx #    82: 0xddb4e1bacaa835a9ac7aa14f06bb8d522c972764295bc2a83b8492e324fa6c11" nonce=34 rpc="localhost:8545" scenario=factorydeploytx wallet=2
time="2026-06-01T04:57:56Z" level=debug msg="sent deployment tx #    83: 0xaaf62bc661d937f7736d72959e52a35a5e3389d05ca9b577d0f647d5ccbedff5" nonce=34 rpc="localhost:8545" scenario=factorydeploytx wallet=3
time="2026-06-01T04:57:57Z" level=debug msg="sent deployment tx #    84: 0xfa0ab86d7f10356b0a19505bcbb880a1a42db06c81df1338f2913719d2e6f687" nonce=34 rpc="localhost:8545" scenario=factorydeploytx wallet=4
time="2026-06-01T04:57:57Z" level=debug msg="sent deployment tx #    85: 0xe2199a52edf196b1132d942a565595b93c26ac56b10a811e98e30f22b9ca2533" nonce=34 rpc="localhost:8545" scenario=factorydeploytx wallet=5
time="2026-06-01T04:57:57Z" level=debug msg="sent deployment tx #    86: 0xc59e38ea489143a49270987c767e3bc798d5a7922d9651205a368b70caff489d" nonce=34 rpc="localhost:8545" scenario=factorydeploytx wallet=6
time="2026-06-01T04:57:57Z" level=debug msg="sent deployment tx #    87: 0xad3ffc0683fc0943df23cc7e0dca6c9312a9410bcee2065897b8a30c3a6f234a" nonce=33 rpc="localhost:8545" scenario=factorydeploytx wallet=7
time="2026-06-01T04:57:58Z" level=debug msg="sent deployment tx #    88: 0x5cf3457be6b529eb2ee0298a73f443e237517c997109aab30e54715a8444e436" nonce=33 rpc="localhost:8545" scenario=factorydeploytx wallet=8
time="2026-06-01T04:57:58Z" level=info msg="processed block 87:  5 total tx, 5 tx confirmed from 5 wallets (2.312829ms, 338.188µs)"
time="2026-06-01T04:57:58Z" level=info msg="block 87: submitted=12, pending=9, confirmed=5, throughput: 5B=4.40 tx/B, 20B=4.39 tx/B, 60B=4.39 tx/B" scenario=factorydeploytx wallets=5
time="2026-06-01T04:57:58Z" level=debug msg="deployment tx 75 confirmed in block #87. deployed at: 0xB9eC72F4E336398fE29a0cF064f7bb44a74CB91f, total fee: 241424 gwei (base: 3)" rpc="localhost:8545" scenario=factorydeploytx
time="2026-06-01T04:57:58Z" level=debug msg="deployment tx 76 confirmed in block #87. deployed at: 0xe8B65E94598ecf72a64E15DF46a96eDe6316642b, total fee: 241424 gwei (base: 3)" rpc="localhost:8545" scenario=factorydeploytx
time="2026-06-01T04:57:58Z" level=debug msg="deployment tx 77 confirmed in block #87. deployed at: 0x323e7F1125448A77BAf2BE228E9e6E78d8422d00, total fee: 241424 gwei (base: 3)" rpc="localhost:8545" scenario=factorydeploytx
time="2026-06-01T04:57:58Z" level=debug msg="deployment tx 78 confirmed in block #87. deployed at: 0x7DBbe88F377ABE6D5103023779038B3b554Fa56E, total fee: 241424 gwei (base: 3)" rpc="localhost:8545" scenario=factorydeploytx
time="2026-06-01T04:57:58Z" level=debug msg="deployment tx 79 confirmed in block #87. deployed at: 0x3cBc26253686BdF607fAc3d57Efc53d161d82548, total fee: 241424 gwei (base: 3)" rpc="localhost:8545" scenario=factorydeploytx
time="2026-06-01T04:57:58Z" level=debug msg="deployment tx 80 confirmed in block #88. deployed at: 0xEb524d259A0918527443E85755b965a2683BeF39, total fee: 228231 gwei (base: 3)" rpc="localhost:8545" scenario=factorydeploytx
time="2026-06-01T04:57:58Z" level=debug msg="deployment tx 81 confirmed in block #88. deployed at: 0x41fA4018615A12035CC5C65de62FBA46bE3997d5, total fee: 228231 gwei (base: 3)" rpc="localhost:8545" scenario=factorydeploytx
time="2026-06-01T04:57:58Z" level=info msg="processed block 88:  4 total tx, 4 tx confirmed from 4 wallets (897.986µs, 264.8µs)"
time="2026-06-01T04:57:58Z" level=debug msg="deployment tx 83 confirmed in block #88. deployed at: 0x3cE62C0c840d09b7F7B84942d0bD9ED422e2D4c1, total fee: 228231 gwei (base: 3)" rpc="localhost:8545" scenario=factorydeploytx
time="2026-06-01T04:57:58Z" level=debug msg="deployment tx 82 confirmed in block #88. deployed at: 0xb6da66075F305194FE2e07D8885c20ce35CAFBA9, total fee: 228231 gwei (base: 3)" rpc="localhost:8545" scenario=factorydeploytx
time="2026-06-01T04:57:58Z" level=info msg="block 88: submitted=0, pending=5, confirmed=4, throughput: 5B=4.40 tx/B, 20B=4.37 tx/B, 60B=4.37 tx/B" scenario=factorydeploytx wallets=4
time="2026-06-01T04:57:58Z" level=debug msg="deployment tx 84 confirmed in block #89. deployed at: 0x5CB0713B59538375e9EE85B2f4c4c39c356725d8, total fee: 216604 gwei (base: 3)" rpc="localhost:8545" scenario=factorydeploytx
time="2026-06-01T04:57:58Z" level=debug msg="deployment tx 85 confirmed in block #89. deployed at: 0x18B30887AB34bf284e3Cfd3F79414cdeBD4De5A8, total fee: 216604 gwei (base: 3)" rpc="localhost:8545" scenario=factorydeploytx
time="2026-06-01T04:57:58Z" level=debug msg="deployment tx 86 confirmed in block #89. deployed at: 0x45E517f89b006Fb999A40ef111E9f0Aa10E700B9, total fee: 216604 gwei (base: 3)" rpc="localhost:8545" scenario=factorydeploytx
time="2026-06-01T04:57:58Z" level=info msg="processed block 89:  4 total tx, 4 tx confirmed from 4 wallets (898.457µs, 282.574µs)"
time="2026-06-01T04:57:58Z" level=info msg="block 89: submitted=0, pending=1, confirmed=4, throughput: 5B=4.20 tx/B, 20B=4.35 tx/B, 60B=4.35 tx/B" scenario=factorydeploytx wallets=4
time="2026-06-01T04:57:58Z" level=debug msg="deployment tx 87 confirmed in block #89. deployed at: 0x8F1fF459B4c8f4f564828da29D4B1D7B6515a555, total fee: 216604 gwei (base: 3)" rpc="localhost:8545" scenario=factorydeploytx
time="2026-06-01T04:57:58Z" level=debug msg="sent deployment tx #    89: 0xbafc82f1b3f5a18b91edb2bfb4345506ba2bad46cd12b0d728617ad63a01d053" nonce=33 rpc="localhost:8545" scenario=factorydeploytx wallet=9
time="2026-06-01T04:57:58Z" level=debug msg="sent deployment tx #    90: 0xe9485085c4f9258b1dae375b6f15cd5697ca7a7bd7454b1b5e006b1843cdb463" nonce=33 rpc="localhost:8545" scenario=factorydeploytx wallet=10
time="2026-06-01T04:57:58Z" level=debug msg="sent deployment tx #    91: 0x01111f8e856616a9d1b8dc55148d95eb09ccaddfbf4c4e99da56438e7b74cd7a" nonce=35 rpc="localhost:8545" scenario=factorydeploytx wallet=1
time="2026-06-01T04:57:58Z" level=debug msg="sent deployment tx #    92: 0xe5394968060b184cf73aac9ecc6d5e7e1971b541632f041f36367fed12520554" nonce=35 rpc="localhost:8545" scenario=factorydeploytx wallet=2
time="2026-06-01T04:57:59Z" level=debug msg="sent deployment tx #    93: 0xffe02bc96809b40c0787b6d20ab362d69133c27bb541ccb2e0db4e91918d229a" nonce=35 rpc="localhost:8545" scenario=factorydeploytx wallet=3
time="2026-06-01T04:57:59Z" level=debug msg="sent deployment tx #    94: 0xc07b4ca8367cc2f505e53d3bebfe1dc0ae7fb32ab9946ef0fa570c8c68fcf5ed" nonce=35 rpc="localhost:8545" scenario=factorydeploytx wallet=4
time="2026-06-01T04:57:59Z" level=debug msg="sent deployment tx #    95: 0xee1d1184dc127cb701e110323414ebf9338aa8c394da71a30d38a6d88eff3b0e" nonce=35 rpc="localhost:8545" scenario=factorydeploytx wallet=5
time="2026-06-01T04:57:59Z" level=debug msg="sent deployment tx #    96: 0xe8d06ff8a9263e5152ddeab9625a26251b5bf3e0053a6d8fcd08bfd62ec2f17c" nonce=35 rpc="localhost:8545" scenario=factorydeploytx wallet=6
time="2026-06-01T04:58:00Z" level=debug msg="sent deployment tx #    97: 0x3c8969dddf86f01ca6b034a2ec20c3b7f6ab2688fef1be975d3fbca2c1d47043" nonce=34 rpc="localhost:8545" scenario=factorydeploytx wallet=7
time="2026-06-01T04:58:00Z" level=debug msg="sent deployment tx #    98: 0xc04ab71ec469a611180bd488c27b1d64039c745617a068506140401f1c26ed69" nonce=34 rpc="localhost:8545" scenario=factorydeploytx wallet=8
time="2026-06-01T04:58:00Z" level=debug msg="sent deployment tx #    99: 0x538be88bf8b6a224acecf54d8679a390b4d8f190408560f00e47e337bdd8e8a2" nonce=34 rpc="localhost:8545" scenario=factorydeploytx wallet=9
time="2026-06-01T04:58:00Z" level=debug msg="sent deployment tx #   100: 0xfba328871714daa3e9f61709d1da4cc0943031099afc2530245b201876667aa3" nonce=34 rpc="localhost:8545" scenario=factorydeploytx wallet=10
time="2026-06-01T04:58:01Z" level=debug msg="sent deployment tx #   101: 0x7aae876c4f530b5bd8d8d3a7cccd02acc50c14cd273f153631c1217c61636939" nonce=36 rpc="localhost:8545" scenario=factorydeploytx wallet=1
time="2026-06-01T04:58:01Z" level=debug msg="deployment tx 88 confirmed in block #90. deployed at: 0x44d843ea22a662002d7919165E79E59A6eFEd38E, total fee: 206406 gwei (base: 3)" rpc="localhost:8545" scenario=factorydeploytx
time="2026-06-01T04:58:01Z" level=debug msg="deployment tx 89 confirmed in block #90. deployed at: 0xb5DB1FA7Ee90dC91BD1411490fdAe1bf32c5D828, total fee: 206406 gwei (base: 3)" rpc="localhost:8545" scenario=factorydeploytx
time="2026-06-01T04:58:01Z" level=debug msg="deployment tx 90 confirmed in block #90. deployed at: 0xeE370051D14aBEA7eA73928fC67ebA6E38e8A4C3, total fee: 206406 gwei (base: 3)" rpc="localhost:8545" scenario=factorydeploytx
time="2026-06-01T04:58:01Z" level=info msg="processed block 90:  5 total tx, 5 tx confirmed from 5 wallets (2.793532ms, 538.954µs)"
time="2026-06-01T04:58:01Z" level=info msg="block 90: submitted=13, pending=9, confirmed=5, throughput: 5B=4.40 tx/B, 20B=4.40 tx/B, 60B=4.38 tx/B" scenario=factorydeploytx wallets=5
time="2026-06-01T04:58:01Z" level=debug msg="deployment tx 91 confirmed in block #90. deployed at: 0xB8F6ec7a7C232787BCf7E25432B9b0b602E1B9D6, total fee: 206406 gwei (base: 3)" rpc="localhost:8545" scenario=factorydeploytx
time="2026-06-01T04:58:01Z" level=debug msg="deployment tx 92 confirmed in block #90. deployed at: 0x7eA9A68efbde3DeaF8aAf49D4345DB6e2ac619A4, total fee: 206406 gwei (base: 3)" rpc="localhost:8545" scenario=factorydeploytx
time="2026-06-01T04:58:01Z" level=debug msg="deployment tx 93 confirmed in block #91. deployed at: 0xad2c85cB8ac550B573C7ae9f7F087FB5Bf68B8C1, total fee: 197500 gwei (base: 2)" rpc="localhost:8545" scenario=factorydeploytx
time="2026-06-01T04:58:01Z" level=debug msg="deployment tx 94 confirmed in block #91. deployed at: 0xb5f537cE22Ec8accC54DeaCc7F3703267A6e4458, total fee: 197500 gwei (base: 2)" rpc="localhost:8545" scenario=factorydeploytx
time="2026-06-01T04:58:01Z" level=info msg="processed block 91:  4 total tx, 4 tx confirmed from 4 wallets (1.391242ms, 384.669µs)"
time="2026-06-01T04:58:01Z" level=debug msg="deployment tx 96 confirmed in block #91. deployed at: 0x66Ed7c8716D7fd1E632Ee0a7562878dc60C5373B, total fee: 197500 gwei (base: 2)" rpc="localhost:8545" scenario=factorydeploytx
time="2026-06-01T04:58:01Z" level=info msg="block 91: submitted=0, pending=5, confirmed=4, throughput: 5B=4.40 tx/B, 20B=4.40 tx/B, 60B=4.36 tx/B" scenario=factorydeploytx wallets=4
time="2026-06-01T04:58:01Z" level=debug msg="deployment tx 95 confirmed in block #91. deployed at: 0xb2cAAb5e66077dAe7A1da5d8474941B70FA914B4, total fee: 197500 gwei (base: 2)" rpc="localhost:8545" scenario=factorydeploytx
time="2026-06-01T04:58:01Z" level=debug msg="sent deployment tx #   102: 0xaa1b268fa934fbaede3e03c82a70b88836331d06fa27070d444068cd30f0c061" nonce=36 rpc="localhost:8545" scenario=factorydeploytx wallet=2
time="2026-06-01T04:58:01Z" level=debug msg="sent deployment tx #   103: 0x17b5129f1c54d7a4f6f482759c807bb4207927469a0080cf6796f6ec55397c5b" nonce=36 rpc="localhost:8545" scenario=factorydeploytx wallet=3
time="2026-06-01T04:58:01Z" level=debug msg="sent deployment tx #   104: 0xbc5b449cb9a8b288344b396e2197e9cdab2ff046dbfb385a2691cffa4f1466d1" nonce=36 rpc="localhost:8545" scenario=factorydeploytx wallet=4
time="2026-06-01T04:58:02Z" level=debug msg="sent deployment tx #   105: 0x6cd6465db428f837f8c1932a12fff31e7262b72756e11f380d1934ad2921e802" nonce=36 rpc="localhost:8545" scenario=factorydeploytx wallet=5
time="2026-06-01T04:58:02Z" level=debug msg="sent deployment tx #   106: 0x8a7c3cb1a1c8f84c8102b89e5b8889338d32fc0b2a5aaad3dd8b407a2c039166" nonce=36 rpc="localhost:8545" scenario=factorydeploytx wallet=6
time="2026-06-01T04:58:02Z" level=debug msg="sent deployment tx #   107: 0xfbb127f293552385146a7c5bed8b2b23285464edfce1fea727f8d3f238213658" nonce=35 rpc="localhost:8545" scenario=factorydeploytx wallet=7
time="2026-06-01T04:58:02Z" level=debug msg="sent deployment tx #   108: 0x26af58487886b031c92a54ae2f7ea2918985b44919a30c5dd802dbb97aa8f189" nonce=35 rpc="localhost:8545" scenario=factorydeploytx wallet=8
time="2026-06-01T04:58:03Z" level=debug msg="sent deployment tx #   109: 0x8248bbd225fa6dd65c9beb8777c9336d8fef046ad6d413b8f06101513b4c8e18" nonce=35 rpc="localhost:8545" scenario=factorydeploytx wallet=9
time="2026-06-01T04:58:03Z" level=debug msg="sent deployment tx #   110: 0xf7f20eb79eb0b52d7ebcdf4e3495fc81c12fa76ddc21f1adc8e65c0f8f721e7b" nonce=35 rpc="localhost:8545" scenario=factorydeploytx wallet=10
time="2026-06-01T04:58:03Z" level=debug msg="sent deployment tx #   111: 0x5ff1396e06868d5fc61f8983e8abcaa06338a0bf9de392e3e7777c2b61bb4202" nonce=37 rpc="localhost:8545" scenario=factorydeploytx wallet=1
time="2026-06-01T04:58:03Z" level=debug msg="sent deployment tx #   112: 0x5c4d47c9de619c22130d414fb3b723230acfffcac2e85e51255362c2cb5ace25" nonce=37 rpc="localhost:8545" scenario=factorydeploytx wallet=2
time="2026-06-01T04:58:04Z" level=debug msg="sent deployment tx #   113: 0xf47280d1cdd201908acf96e6c44e0cbde1ee1cd2c4a66cb49b6230424eb62a75" nonce=37 rpc="localhost:8545" scenario=factorydeploytx wallet=3
time="2026-06-01T04:58:04Z" level=info msg="processed block 92:  5 total tx, 5 tx confirmed from 5 wallets (1.151592ms, 353.747µs)"
time="2026-06-01T04:58:04Z" level=info msg="block 92: submitted=12, pending=12, confirmed=5, throughput: 5B=4.40 tx/B, 20B=4.40 tx/B, 60B=4.39 tx/B" scenario=factorydeploytx wallets=5
time="2026-06-01T04:58:04Z" level=debug msg="deployment tx 97 confirmed in block #92. deployed at: 0xf88Fa3A77b9E7d908e518f36d1edB931776E51Ce, total fee: 189651 gwei (base: 2)" rpc="localhost:8545" scenario=factorydeploytx
time="2026-06-01T04:58:04Z" level=debug msg="deployment tx 98 confirmed in block #92. deployed at: 0xa2332e3CC1B801Ce5138Ebbe2831691438b817b4, total fee: 189651 gwei (base: 2)" rpc="localhost:8545" scenario=factorydeploytx
time="2026-06-01T04:58:04Z" level=debug msg="deployment tx 99 confirmed in block #92. deployed at: 0x4e3B24805AD03Ee2cbB2a283AB747Ca773441b47, total fee: 189651 gwei (base: 2)" rpc="localhost:8545" scenario=factorydeploytx
time="2026-06-01T04:58:04Z" level=debug msg="deployment tx 100 confirmed in block #92. deployed at: 0x4C1C75953226042fc1a05BF853F3e744C418dEB5, total fee: 189651 gwei (base: 2)" rpc="localhost:8545" scenario=factorydeploytx
time="2026-06-01T04:58:04Z" level=debug msg="deployment tx 101 confirmed in block #92. deployed at: 0x854cF3CC61DeFA8C1C12354229FD208E81f074A5, total fee: 189651 gwei (base: 2)" rpc="localhost:8545" scenario=factorydeploytx
time="2026-06-01T04:58:04Z" level=info msg="processed block 93:  4 total tx, 4 tx confirmed from 4 wallets (1.050071ms, 357.967µs)"
time="2026-06-01T04:58:04Z" level=info msg="block 93: submitted=0, pending=8, confirmed=4, throughput: 5B=4.40 tx/B, 20B=4.40 tx/B, 60B=4.38 tx/B" scenario=factorydeploytx wallets=4
time="2026-06-01T04:58:04Z" level=debug msg="deployment tx 103 confirmed in block #93. deployed at: 0x2D630B2e6b61bB741E7415b2b3D82D85EAd20fEb, total fee: 182796 gwei (base: 2)" rpc="localhost:8545" scenario=factorydeploytx
time="2026-06-01T04:58:04Z" level=debug msg="deployment tx 104 confirmed in block #93. deployed at: 0x6f80aD45e10aaE6F05973752f372Cd270A9d4819, total fee: 182796 gwei (base: 2)" rpc="localhost:8545" scenario=factorydeploytx
time="2026-06-01T04:58:04Z" level=debug msg="deployment tx 102 confirmed in block #93. deployed at: 0x6B925DB949C0C04a8A7942cAF17Cc24dAc654036, total fee: 182796 gwei (base: 2)" rpc="localhost:8545" scenario=factorydeploytx
time="2026-06-01T04:58:04Z" level=debug msg="deployment tx 105 confirmed in block #93. deployed at: 0x9b7E2D6508b6208939286074830B1978325fCD44, total fee: 182796 gwei (base: 2)" rpc="localhost:8545" scenario=factorydeploytx
time="2026-06-01T04:58:04Z" level=info msg="processed block 94:  5 total tx, 5 tx confirmed from 5 wallets (933.677µs, 314.75µs)"
time="2026-06-01T04:58:04Z" level=info msg="block 94: submitted=0, pending=3, confirmed=5, throughput: 5B=4.60 tx/B, 20B=4.40 tx/B, 60B=4.40 tx/B" scenario=factorydeploytx wallets=5
time="2026-06-01T04:58:04Z" level=debug msg="deployment tx 106 confirmed in block #94. deployed at: 0x3CF8DE334A9b23d3658F8FC899BB8010b9d4Eb0e, total fee: 176755 gwei (base: 2)" rpc="localhost:8545" scenario=factorydeploytx
time="2026-06-01T04:58:04Z" level=debug msg="deployment tx 107 confirmed in block #94. deployed at: 0xCF9EeC117A50744Cbc284b29E077750f5D8EBE28, total fee: 176755 gwei (base: 2)" rpc="localhost:8545" scenario=factorydeploytx
time="2026-06-01T04:58:04Z" level=debug msg="deployment tx 108 confirmed in block #94. deployed at: 0x345F7F497F77dBFD255bAc758431741Ee6A70245, total fee: 176755 gwei (base: 2)" rpc="localhost:8545" scenario=factorydeploytx
time="2026-06-01T04:58:04Z" level=debug msg="deployment tx 109 confirmed in block #94. deployed at: 0xdBbda4f8272Fd1e6B24E835FBf2FDa9f0DD8Cfa8, total fee: 176755 gwei (base: 2)" rpc="localhost:8545" scenario=factorydeploytx
time="2026-06-01T04:58:04Z" level=debug msg="deployment tx 110 confirmed in block #94. deployed at: 0x2Affc4075599810e59CC975F40a00a8ABfe77130, total fee: 176755 gwei (base: 2)" rpc="localhost:8545" scenario=factorydeploytx
time="2026-06-01T04:58:04Z" level=debug msg="sent deployment tx #   114: 0x3c0ffde61916d8d36299366bc45960c6f7a860952cc66aef5e5b652a35c9f903" nonce=37 rpc="localhost:8545" scenario=factorydeploytx wallet=4
time="2026-06-01T04:58:04Z" level=debug msg="sent deployment tx #   115: 0xc22d00abdf203cd6ab14b64903a53f85517a294669d6f849361643c90e57427f" nonce=37 rpc="localhost:8545" scenario=factorydeploytx wallet=5
time="2026-06-01T04:58:04Z" level=debug msg="sent deployment tx #   116: 0xddbd41d5548175fd22fd4808918f70913c3485f96fa88d3b0f8de0fa68334b9f" nonce=37 rpc="localhost:8545" scenario=factorydeploytx wallet=6
time="2026-06-01T04:58:04Z" level=debug msg="sent deployment tx #   117: 0xbf98fca49408731b65ec4d2f0239a0c9e784e3745b8004a25cdaf2e0a510bb6e" nonce=36 rpc="localhost:8545" scenario=factorydeploytx wallet=7
time="2026-06-01T04:58:05Z" level=debug msg="sent deployment tx #   118: 0xef48de66ee73321ea848cc37b6d62e65017965feffbc7f509657d64a91520c50" nonce=36 rpc="localhost:8545" scenario=factorydeploytx wallet=8
time="2026-06-01T04:58:05Z" level=debug msg="sent deployment tx #   119: 0x98f8d96b6908b6acf7d48750e5aea2a6bea528c78efb251ff7d1b34ad892a08c" nonce=36 rpc="localhost:8545" scenario=factorydeploytx wallet=9
time="2026-06-01T04:58:05Z" level=debug msg="sent deployment tx #   120: 0x0080d2cea9ddd9bbe2c519d0c196b04565a8d91a4f2dd9b838a946314efa3109" nonce=36 rpc="localhost:8545" scenario=factorydeploytx wallet=10
time="2026-06-01T04:58:05Z" level=debug msg="sent deployment tx #   121: 0x76828a5f19990ab0dbbddab5453315d9c319cc092e73e40f100cfbb775ba7fcd" nonce=38 rpc="localhost:8545" scenario=factorydeploytx wallet=1
time="2026-06-01T04:58:06Z" level=debug msg="sent deployment tx #   122: 0x7bbb6cd4f5be0455c9313da7812ddffcbad4543966da9b7b2b455270af2d86ab" nonce=38 rpc="localhost:8545" scenario=factorydeploytx wallet=2
time="2026-06-01T04:58:06Z" level=debug msg="sent deployment tx #   123: 0x5139818452ce39699a72074ed31a9b6020e210bf4f1a8b39801d1895d0fba777" nonce=38 rpc="localhost:8545" scenario=factorydeploytx wallet=3
time="2026-06-01T04:58:06Z" level=debug msg="sent deployment tx #   124: 0x2f24a5050d2d01eea0cab44e20030dbf64fefa938281db3a68d97024ad67621a" nonce=38 rpc="localhost:8545" scenario=factorydeploytx wallet=4
time="2026-06-01T04:58:06Z" level=debug msg="sent deployment tx #   125: 0x1fcb4a6d6d7d1e12692e69f899e0bcac38f0f94632798947e79315cc501adc2a" nonce=38 rpc="localhost:8545" scenario=factorydeploytx wallet=5
time="2026-06-01T04:58:07Z" level=debug msg="sent deployment tx #   126: 0x5c884e68b1ac2a57a9c6157e5aa7843897d3b4684c173680b22070993d7657c8" nonce=38 rpc="localhost:8545" scenario=factorydeploytx wallet=6
time="2026-06-01T04:58:07Z" level=debug msg="deployment tx 111 confirmed in block #95. deployed at: 0xA8E6223F3e02037Ec9dc458a9D83FAB1d924B022, total fee: 171479 gwei (base: 2)" rpc="localhost:8545" scenario=factorydeploytx
time="2026-06-01T04:58:07Z" level=debug msg="deployment tx 112 confirmed in block #95. deployed at: 0x214AEEE7F016ceD26F4dFde256a4F5b58C883ADe, total fee: 171479 gwei (base: 2)" rpc="localhost:8545" scenario=factorydeploytx
time="2026-06-01T04:58:07Z" level=debug msg="deployment tx 113 confirmed in block #95. deployed at: 0x7414F88Ee7215Ce6d40Db173d45AD43cE09e34df, total fee: 171479 gwei (base: 2)" rpc="localhost:8545" scenario=factorydeploytx
time="2026-06-01T04:58:07Z" level=info msg="processed block 95:  4 total tx, 4 tx confirmed from 4 wallets (1.424352ms, 665.399µs)"
time="2026-06-01T04:58:07Z" level=info msg="block 95: submitted=13, pending=12, confirmed=4, throughput: 5B=4.40 tx/B, 20B=4.40 tx/B, 60B=4.38 tx/B" scenario=factorydeploytx wallets=4
time="2026-06-01T04:58:07Z" level=debug msg="deployment tx 114 confirmed in block #95. deployed at: 0x235A7575be69B8b5C9eF7AFFb13B8b8479E02554, total fee: 171479 gwei (base: 2)" rpc="localhost:8545" scenario=factorydeploytx
time="2026-06-01T04:58:07Z" level=debug msg="deployment tx 115 confirmed in block #96. deployed at: 0xd6dE9cc434A16FF4c29390FA0d065d6560b14B61, total fee: 166829 gwei (base: 2)" rpc="localhost:8545" scenario=factorydeploytx
time="2026-06-01T04:58:07Z" level=debug msg="deployment tx 116 confirmed in block #96. deployed at: 0x62aBa40f1635d145ae81C3E671331c3c3D371165, total fee: 166829 gwei (base: 2)" rpc="localhost:8545" scenario=factorydeploytx
time="2026-06-01T04:58:07Z" level=info msg="processed block 96:  4 total tx, 4 tx confirmed from 4 wallets (1.266657ms, 373.368µs)"
time="2026-06-01T04:58:07Z" level=info msg="block 96: submitted=0, pending=8, confirmed=4, throughput: 5B=4.40 tx/B, 20B=4.40 tx/B, 60B=4.37 tx/B" scenario=factorydeploytx wallets=4
time="2026-06-01T04:58:07Z" level=debug msg="deployment tx 117 confirmed in block #96. deployed at: 0xcaD108970D710d281d92bea46490F5427EE67f79, total fee: 166829 gwei (base: 2)" rpc="localhost:8545" scenario=factorydeploytx
time="2026-06-01T04:58:07Z" level=debug msg="deployment tx 118 confirmed in block #96. deployed at: 0x15DB81ACbD2556017a9dbB5Ea29D63695E57FB2c, total fee: 166829 gwei (base: 2)" rpc="localhost:8545" scenario=factorydeploytx
time="2026-06-01T04:58:07Z" level=debug msg="deployment tx 119 confirmed in block #97. deployed at: 0x1Dd6e94D93fc164064630Dc1Ca4ef4461c1f8F2b, total fee: 162752 gwei (base: 2)" rpc="localhost:8545" scenario=factorydeploytx
time="2026-06-01T04:58:07Z" level=debug msg="deployment tx 120 confirmed in block #97. deployed at: 0x9064d8A7d5A92b8aA1Eb2D3800F41a337e322Cd5, total fee: 162752 gwei (base: 2)" rpc="localhost:8545" scenario=factorydeploytx
time="2026-06-01T04:58:07Z" level=debug msg="deployment tx 121 confirmed in block #97. deployed at: 0x4b49B3EDFC3CFDd2E34C780e482e1631136b23c1, total fee: 162752 gwei (base: 2)" rpc="localhost:8545" scenario=factorydeploytx
time="2026-06-01T04:58:07Z" level=debug msg="deployment tx 122 confirmed in block #97. deployed at: 0x04A1bdB3D3E4d9ACEDAc675385F1dd53EdE85d22, total fee: 162752 gwei (base: 2)" rpc="localhost:8545" scenario=factorydeploytx
time="2026-06-01T04:58:07Z" level=info msg="processed block 97:  5 total tx, 5 tx confirmed from 5 wallets (1.217485ms, 302.757µs)"
time="2026-06-01T04:58:07Z" level=info msg="block 97: submitted=0, pending=3, confirmed=5, throughput: 5B=4.40 tx/B, 20B=4.40 tx/B, 60B=4.39 tx/B" scenario=factorydeploytx wallets=5
time="2026-06-01T04:58:07Z" level=debug msg="deployment tx 123 confirmed in block #97. deployed at: 0x6aa3BA0d3DbDA47396335B6B69dd77e6258f5926, total fee: 162752 gwei (base: 2)" rpc="localhost:8545" scenario=factorydeploytx
time="2026-06-01T04:58:07Z" level=debug msg="sent deployment tx #   127: 0x621f3bc01fe08e267d13517bcbef4838e2f371ec65e4f8a4e34e6a05889fc0b2" nonce=37 rpc="localhost:8545" scenario=factorydeploytx wallet=7
time="2026-06-01T04:58:07Z" level=debug msg="sent deployment tx #   128: 0x3ebc640980fa954fd2a88671ec1d8019bfa866e1bafd23d3a1793c70d555b5ce" nonce=37 rpc="localhost:8545" scenario=factorydeploytx wallet=8
time="2026-06-01T04:58:07Z" level=debug msg="sent deployment tx #   129: 0x69de44cccd9f9b9bd3a1a7cccaaf498b0d49747c4ae495d8d8cd3cc2b47377a2" nonce=37 rpc="localhost:8545" scenario=factorydeploytx wallet=9
time="2026-06-01T04:58:08Z" level=debug msg="sent deployment tx #   130: 0x76b85c8568cd63d605ab206e34647a64adfbc83b597beb070790b6de38f14a71" nonce=37 rpc="localhost:8545" scenario=factorydeploytx wallet=10
time="2026-06-01T04:58:08Z" level=debug msg="sent deployment tx #   131: 0x34f561f451eee38dd68f3f712558d96236eb4d0cd21a39530a9fc2ce9eeb583a" nonce=39 rpc="localhost:8545" scenario=factorydeploytx wallet=1
time="2026-06-01T04:58:08Z" level=debug msg="sent deployment tx #   132: 0x1b12fdc345361352e43af9e4aaca8526ebccf98ae1b5fa1049642d6e55c26546" nonce=39 rpc="localhost:8545" scenario=factorydeploytx wallet=2
time="2026-06-01T04:58:08Z" level=debug msg="sent deployment tx #   133: 0x3906c68bb55b3bcf6bea46080ae3da8b0f140dd0bf6b1a3e177b9625eb9ed608" nonce=39 rpc="localhost:8545" scenario=factorydeploytx wallet=3
time="2026-06-01T04:58:09Z" level=debug msg="sent deployment tx #   134: 0x7789be9680620ee3c1dbce0fa955bf735abbf239898e65614a90d57e39c70b8e" nonce=39 rpc="localhost:8545" scenario=factorydeploytx wallet=4
time="2026-06-01T04:58:09Z" level=debug msg="sent deployment tx #   135: 0x92bb68e257ac60b4d8d2417ab61b8d2ead571600a699c20636d64748b42da7e3" nonce=39 rpc="localhost:8545" scenario=factorydeploytx wallet=5
time="2026-06-01T04:58:09Z" level=debug msg="sent deployment tx #   136: 0x1c60c9998711e69330f507c70a827cdb66600b14edd6214bae85670faa6d1f1a" nonce=39 rpc="localhost:8545" scenario=factorydeploytx wallet=6
time="2026-06-01T04:58:09Z" level=debug msg="sent deployment tx #   137: 0x38f9543e7dd186875d52529f14be03823257e1f1013de48de639fcc8e68c6ba7" nonce=38 rpc="localhost:8545" scenario=factorydeploytx wallet=7
time="2026-06-01T04:58:10Z" level=debug msg="sent deployment tx #   138: 0x331d928f273ce3320514e8d9b215f14fec4ba62b58fb75804d9416a7878d1668" nonce=38 rpc="localhost:8545" scenario=factorydeploytx wallet=8
time="2026-06-01T04:58:10Z" level=debug msg="deployment tx 124 confirmed in block #98. deployed at: 0xF4Bb7453E6B82A06C24caf36C45160153c61181D, total fee: 159190 gwei (base: 2)" rpc="localhost:8545" scenario=factorydeploytx
time="2026-06-01T04:58:10Z" level=debug msg="deployment tx 125 confirmed in block #98. deployed at: 0xf6aC7Fbf5b79b44a2e47E03bb32d5c7Ec43284a0, total fee: 159190 gwei (base: 2)" rpc="localhost:8545" scenario=factorydeploytx
time="2026-06-01T04:58:10Z" level=debug msg="deployment tx 126 confirmed in block #98. deployed at: 0xdA14c676599C815DC4cE2473B446EC8031a5f723, total fee: 159190 gwei (base: 2)" rpc="localhost:8545" scenario=factorydeploytx
time="2026-06-01T04:58:10Z" level=info msg="processed block 98:  4 total tx, 4 tx confirmed from 4 wallets (964.678µs, 286.807µs)"
time="2026-06-01T04:58:10Z" level=info msg="block 98: submitted=12, pending=11, confirmed=4, throughput: 5B=4.40 tx/B, 20B=4.40 tx/B, 60B=4.38 tx/B" scenario=factorydeploytx wallets=4
time="2026-06-01T04:58:10Z" level=debug msg="deployment tx 127 confirmed in block #98. deployed at: 0x163136F977715b964d1D52Bfd7aEC5E5cd248656, total fee: 159190 gwei (base: 2)" rpc="localhost:8545" scenario=factorydeploytx
time="2026-06-01T04:58:10Z" level=info msg="processed block 99:  5 total tx, 5 tx confirmed from 5 wallets (1.63219ms, 308.551µs)"
time="2026-06-01T04:58:10Z" level=info msg="block 99: submitted=0, pending=6, confirmed=5, throughput: 5B=4.40 tx/B, 20B=4.45 tx/B, 60B=4.40 tx/B" scenario=factorydeploytx wallets=5
time="2026-06-01T04:58:10Z" level=debug msg="deployment tx 128 confirmed in block #99. deployed at: 0xc89b8EC29f586AD4AD297e497C5Bf03a556B87b6, total fee: 156052 gwei (base: 2)" rpc="localhost:8545" scenario=factorydeploytx
time="2026-06-01T04:58:10Z" level=debug msg="deployment tx 129 confirmed in block #99. deployed at: 0x14b3FCFE2169e75329c00963ac94379592AD0183, total fee: 156052 gwei (base: 2)" rpc="localhost:8545" scenario=factorydeploytx
time="2026-06-01T04:58:10Z" level=debug msg="deployment tx 130 confirmed in block #99. deployed at: 0xEd43b7c4BcdfE2c86d5815D9ff8C4C563a05e009, total fee: 156052 gwei (base: 2)" rpc="localhost:8545" scenario=factorydeploytx
time="2026-06-01T04:58:10Z" level=debug msg="deployment tx 131 confirmed in block #99. deployed at: 0xbe56f39cEc747E4f43f83bFDaCE6cB95811Dade1, total fee: 156052 gwei (base: 2)" rpc="localhost:8545" scenario=factorydeploytx
time="2026-06-01T04:58:10Z" level=debug msg="deployment tx 132 confirmed in block #99. deployed at: 0x813096CD50a714eC3BD5702a2AdbAa782Cc9585e, total fee: 156052 gwei (base: 2)" rpc="localhost:8545" scenario=factorydeploytx
time="2026-06-01T04:58:10Z" level=debug msg="deployment tx 133 confirmed in block #100. deployed at: 0x61269195662Da87d4c861E240E57dc9619541C2d, total fee: 153311 gwei (base: 2)" rpc="localhost:8545" scenario=factorydeploytx
time="2026-06-01T04:58:10Z" level=debug msg="deployment tx 134 confirmed in block #100. deployed at: 0x3B9fb7CBdab45e4D7292274de99936060adB997b, total fee: 153311 gwei (base: 2)" rpc="localhost:8545" scenario=factorydeploytx
time="2026-06-01T04:58:10Z" level=debug msg="deployment tx 135 confirmed in block #100. deployed at: 0x43b9cCa21eBF11502c96310c92715F1ca5dCC4ED, total fee: 153311 gwei (base: 2)" rpc="localhost:8545" scenario=factorydeploytx
time="2026-06-01T04:58:10Z" level=info msg="processed block 100:  4 total tx, 4 tx confirmed from 4 wallets (1.111987ms, 261.945µs)"
time="2026-06-01T04:58:10Z" level=info msg="block 100: submitted=0, pending=2, confirmed=4, throughput: 5B=4.40 tx/B, 20B=4.40 tx/B, 60B=4.39 tx/B" scenario=factorydeploytx wallets=4
time="2026-06-01T04:58:10Z" level=debug msg="deployment tx 136 confirmed in block #100. deployed at: 0x76368d4168735D9CFDAefD85A79942a233923183, total fee: 153311 gwei (base: 2)" rpc="localhost:8545" scenario=factorydeploytx
time="2026-06-01T04:58:10Z" level=debug msg="sent deployment tx #   139: 0x98de87d473e6025af75e9fe4622252175245326a7c8288c2c6b99321af0d5b87" nonce=38 rpc="localhost:8545" scenario=factorydeploytx wallet=9
time="2026-06-01T04:58:10Z" level=debug msg="sent deployment tx #   140: 0xe9976826579397bb8315ababdef5e809ff06de92cd886f4bd8cc40c5937dafb8" nonce=38 rpc="localhost:8545" scenario=factorydeploytx wallet=10
time="2026-06-01T04:58:10Z" level=debug msg="sent deployment tx #   141: 0x724f7a4936adb48ab48b4cd2d06639f73bce900496545b36f91bcf0cbb06b52c" nonce=40 rpc="localhost:8545" scenario=factorydeploytx wallet=1
time="2026-06-01T04:58:10Z" level=debug msg="sent deployment tx #   142: 0xa4c42453850ccc26ffcab5aca521ecba3dcd2bac1ca5148ce1552a49cbc256e2" nonce=40 rpc="localhost:8545" scenario=factorydeploytx wallet=2
time="2026-06-01T04:58:11Z" level=debug msg="sent deployment tx #   143: 0xa089d3bb08034f4f1abc280280e751af6ac3f6bc99a5cf9f85a42959a746e8d4" nonce=40 rpc="localhost:8545" scenario=factorydeploytx wallet=3
time="2026-06-01T04:58:11Z" level=debug msg="sent deployment tx #   144: 0xb698154811cebacfb902162ffb8519a54f078040eeb758802e8a7640175b419b" nonce=40 rpc="localhost:8545" scenario=factorydeploytx wallet=4
time="2026-06-01T04:58:11Z" level=debug msg="sent deployment tx #   145: 0xb6d5b323351a07d48cccdb4d2fc336b3525e2c566c4224537f6383b84f6d41aa" nonce=40 rpc="localhost:8545" scenario=factorydeploytx wallet=5
time="2026-06-01T04:58:11Z" level=debug msg="sent deployment tx #   146: 0x5b4282a65f33ba145f7da909753e03b04ecf44633ee325f340f031fe5d438449" nonce=40 rpc="localhost:8545" scenario=factorydeploytx wallet=6
time="2026-06-01T04:58:12Z" level=debug msg="sent deployment tx #   147: 0x5d9cdadc9bb56663c25b3656df8d2c814f04e67f149255589a359e46d7af1322" nonce=39 rpc="localhost:8545" scenario=factorydeploytx wallet=7
time="2026-06-01T04:58:12Z" level=debug msg="sent deployment tx #   148: 0x91a33833dc464552415cdd05ea9f8c740aefe8d2fde779ece3dfbb72cb0a6a18" nonce=39 rpc="localhost:8545" scenario=factorydeploytx wallet=8
time="2026-06-01T04:58:12Z" level=debug msg="sent deployment tx #   149: 0x6fafacd32b0d1671ea12bd8d46a4f025ee65dc209c7aaa6e3c986ddf7fd4cc1d" nonce=39 rpc="localhost:8545" scenario=factorydeploytx wallet=9
time="2026-06-01T04:58:12Z" level=debug msg="sent deployment tx #   150: 0xa55a33b47e12ca2c7512a9acfa2a7ec5a08297e18658ada34ce836e229f57497" nonce=39 rpc="localhost:8545" scenario=factorydeploytx wallet=10
time="2026-06-01T04:58:13Z" level=debug msg="sent deployment tx #   151: 0x2ab3abc532f67ec05d09b1663376bcbd7c6f141ed5771b804ac4da3afaab34b1" nonce=41 rpc="localhost:8545" scenario=factorydeploytx wallet=1
time="2026-06-01T04:58:13Z" level=debug msg="deployment tx 137 confirmed in block #101. deployed at: 0xF0Ef064a4CD01D09Aca020938795A799C2bd74A2, total fee: 150895 gwei (base: 2)" rpc="localhost:8545" scenario=factorydeploytx
time="2026-06-01T04:58:13Z" level=debug msg="deployment tx 138 confirmed in block #101. deployed at: 0x11241918Cba5ce43F1CD7A53E874475d1e372C1a, total fee: 150895 gwei (base: 2)" rpc="localhost:8545" scenario=factorydeploytx
time="2026-06-01T04:58:13Z" level=debug msg="deployment tx 139 confirmed in block #101. deployed at: 0x2eCa871E30b6F9A8D971763C8C718B017B70d83e, total fee: 150895 gwei (base: 2)" rpc="localhost:8545" scenario=factorydeploytx
time="2026-06-01T04:58:13Z" level=info msg="processed block 101:  4 total tx, 4 tx confirmed from 4 wallets (1.460108ms, 300.778µs)"
time="2026-06-01T04:58:13Z" level=info msg="block 101: submitted=13, pending=11, confirmed=4, throughput: 5B=4.40 tx/B, 20B=4.40 tx/B, 60B=4.38 tx/B" scenario=factorydeploytx wallets=4
time="2026-06-01T04:58:13Z" level=debug msg="deployment tx 140 confirmed in block #101. deployed at: 0x85a8B6EE00579142E343FF0d6aa11512CdC460BB, total fee: 150895 gwei (base: 2)" rpc="localhost:8545" scenario=factorydeploytx
time="2026-06-01T04:58:13Z" level=info msg="processed block 102:  5 total tx, 5 tx confirmed from 5 wallets (970.557µs, 319.781µs)"
time="2026-06-01T04:58:13Z" level=debug msg="deployment tx 142 confirmed in block #102. deployed at: 0x259fd4878Db857073191FE74838F11Ac77b3e86b, total fee: 148777 gwei (base: 2)" rpc="localhost:8545" scenario=factorydeploytx
time="2026-06-01T04:58:13Z" level=debug msg="deployment tx 141 confirmed in block #102. deployed at: 0xCf6257EcB10956C3844FdBeb84cd1c0809Da79d6, total fee: 148777 gwei (base: 2)" rpc="localhost:8545" scenario=factorydeploytx
time="2026-06-01T04:58:13Z" level=debug msg="deployment tx 144 confirmed in block #102. deployed at: 0x67357C45D392D24e42b9C9d88eA93D54A8232e5b, total fee: 148777 gwei (base: 2)" rpc="localhost:8545" scenario=factorydeploytx
time="2026-06-01T04:58:13Z" level=info msg="block 102: submitted=0, pending=6, confirmed=5, throughput: 5B=4.40 tx/B, 20B=4.40 tx/B, 60B=4.39 tx/B" scenario=factorydeploytx wallets=5
time="2026-06-01T04:58:13Z" level=debug msg="deployment tx 143 confirmed in block #102. deployed at: 0x37148A8775601397B56d257084e29bA33902a5C0, total fee: 148777 gwei (base: 2)" rpc="localhost:8545" scenario=factorydeploytx
time="2026-06-01T04:58:13Z" level=debug msg="deployment tx 145 confirmed in block #102. deployed at: 0x2B7B683dF6E940175ee0662BAE8e8355ce9F16D8, total fee: 148777 gwei (base: 2)" rpc="localhost:8545" scenario=factorydeploytx
time="2026-06-01T04:58:13Z" level=debug msg="deployment tx 146 confirmed in block #103. deployed at: 0x6a6f57259a6C51D6786347c05f04a0D838F90170, total fee: 146926 gwei (base: 2)" rpc="localhost:8545" scenario=factorydeploytx
time="2026-06-01T04:58:13Z" level=debug msg="deployment tx 147 confirmed in block #103. deployed at: 0xd8D7b1fC4aa7A54afc8d77227ad63BE41d554E58, total fee: 146926 gwei (base: 2)" rpc="localhost:8545" scenario=factorydeploytx
time="2026-06-01T04:58:13Z" level=debug msg="deployment tx 148 confirmed in block #103. deployed at: 0x647209c859dB506E1559f29eaFBb8ea6c003d51E, total fee: 146926 gwei (base: 2)" rpc="localhost:8545" scenario=factorydeploytx
time="2026-06-01T04:58:13Z" level=info msg="processed block 103:  4 total tx, 4 tx confirmed from 4 wallets (871.178µs, 250.038µs)"
time="2026-06-01T04:58:13Z" level=info msg="block 103: submitted=0, pending=2, confirmed=4, throughput: 5B=4.40 tx/B, 20B=4.40 tx/B, 60B=4.38 tx/B" scenario=factorydeploytx wallets=4
time="2026-06-01T04:58:13Z" level=debug msg="deployment tx 149 confirmed in block #103. deployed at: 0x5D8B766027314227CdB6A24601A397b1d5bfFE3F, total fee: 146926 gwei (base: 2)" rpc="localhost:8545" scenario=factorydeploytx
time="2026-06-01T04:58:13Z" level=debug msg="sent deployment tx #   152: 0x4d2f046cdaba8c35eeb96ee46052bd668567847496028735972a7acfec082fc1" nonce=41 rpc="localhost:8545" scenario=factorydeploytx wallet=2
time="2026-06-01T04:58:13Z" level=debug msg="sent deployment tx #   153: 0xe521319b75436c5496e97f9b69c27be3926811b695d239926d853a16358d6a5f" nonce=41 rpc="localhost:8545" scenario=factorydeploytx wallet=3
time="2026-06-01T04:58:13Z" level=debug msg="sent deployment tx #   154: 0xc3fba4f4f66111735889ca45c4bd9ae365385291b43ff69e2db813d37e88c6f3" nonce=41 rpc="localhost:8545" scenario=factorydeploytx wallet=4
time="2026-06-01T04:58:14Z" level=debug msg="sent deployment tx #   155: 0x8a217a4efebe24cb0895fecd1d2324154e52ee9c91cf0c92de4c5aa75b702124" nonce=41 rpc="localhost:8545" scenario=factorydeploytx wallet=5
time="2026-06-01T04:58:14Z" level=debug msg="sent deployment tx #   156: 0xbdfddc0b381f17b97df3053e4a0dca97a87fc38d2ee291d96f97cce7cd213c35" nonce=41 rpc="localhost:8545" scenario=factorydeploytx wallet=6
time="2026-06-01T04:58:14Z" level=debug msg="sent deployment tx #   157: 0xf508fdfc3ec158178e0664f4b5aebf208687c104587bb0675e1e6e88b6141a43" nonce=40 rpc="localhost:8545" scenario=factorydeploytx wallet=7
time="2026-06-01T04:58:14Z" level=debug msg="sent deployment tx #   158: 0x95bd16b0db1633463a1090ce113aac30f99aa3126ab5daca83ada2183912b92e" nonce=40 rpc="localhost:8545" scenario=factorydeploytx wallet=8
time="2026-06-01T04:58:15Z" level=debug msg="sent deployment tx #   159: 0xa1bf6a5c26e1037755985db0912a6a3c46af929407107adbb6bca4fd8284db9c" nonce=40 rpc="localhost:8545" scenario=factorydeploytx wallet=9
time="2026-06-01T04:58:15Z" level=debug msg="sent deployment tx #   160: 0xe4cde2d6c51259713d5403e04bda30f58a520ac60d21e1826d5957658012435f" nonce=40 rpc="localhost:8545" scenario=factorydeploytx wallet=10
time="2026-06-01T04:58:15Z" level=debug msg="sent deployment tx #   161: 0xd85c36049808571647e4784b5eaca6881a398cf3a1f40258daac704943aec5bf" nonce=42 rpc="localhost:8545" scenario=factorydeploytx wallet=1
time="2026-06-01T04:58:15Z" level=debug msg="sent deployment tx #   162: 0x695c9df5836b8979f191a12ffa82423c76814369553ed3ff2221e2b6f0996efb" nonce=42 rpc="localhost:8545" scenario=factorydeploytx wallet=2
time="2026-06-01T04:58:16Z" level=debug msg="sent deployment tx #   163: 0xb8a280785faef64cae1257264a1a2db3759863e39928506be7d9d9b969e347b0" nonce=42 rpc="localhost:8545" scenario=factorydeploytx wallet=3
time="2026-06-01T04:58:16Z" level=debug msg="deployment tx 150 confirmed in block #104. deployed at: 0xdf4Ae91843AD5CE443fC13F5e911D17792C75894, total fee: 145296 gwei (base: 2)" rpc="localhost:8545" scenario=factorydeploytx
time="2026-06-01T04:58:16Z" level=debug msg="deployment tx 151 confirmed in block #104. deployed at: 0x6531d66686f0E208E4fF108234eDDc4cd1F5FffD, total fee: 145296 gwei (base: 2)" rpc="localhost:8545" scenario=factorydeploytx
time="2026-06-01T04:58:16Z" level=info msg="processed block 104:  4 total tx, 4 tx confirmed from 4 wallets (1.12748ms, 416.622µs)"
time="2026-06-01T04:58:16Z" level=info msg="block 104: submitted=12, pending=10, confirmed=4, throughput: 5B=4.20 tx/B, 20B=4.35 tx/B, 60B=4.37 tx/B" scenario=factorydeploytx wallets=4
time="2026-06-01T04:58:16Z" level=debug msg="deployment tx 152 confirmed in block #104. deployed at: 0xD95b6Ec21501E787Aa1318b60f9c2F9F659e8833, total fee: 145296 gwei (base: 2)" rpc="localhost:8545" scenario=factorydeploytx
time="2026-06-01T04:58:16Z" level=debug msg="deployment tx 153 confirmed in block #104. deployed at: 0x6ef2943b73b214230Be3bb110f8A8021DeBa5a1E, total fee: 145296 gwei (base: 2)" rpc="localhost:8545" scenario=factorydeploytx
time="2026-06-01T04:58:16Z" level=debug msg="deployment tx 154 confirmed in block #105. deployed at: 0x7BD27a43211c725A767a0A132E0a177461fEc71a, total fee: 143866 gwei (base: 2)" rpc="localhost:8545" scenario=factorydeploytx
time="2026-06-01T04:58:16Z" level=debug msg="deployment tx 155 confirmed in block #105. deployed at: 0xA9B594F4A2aA0312f74fDe73cD56722ff2183A11, total fee: 143866 gwei (base: 2)" rpc="localhost:8545" scenario=factorydeploytx
time="2026-06-01T04:58:16Z" level=debug msg="deployment tx 156 confirmed in block #105. deployed at: 0xb345baB0b3F96ebd92C2230Eb04c2C087dD04916, total fee: 143866 gwei (base: 2)" rpc="localhost:8545" scenario=factorydeploytx
time="2026-06-01T04:58:16Z" level=debug msg="sent deployment tx #   164: 0x485f583068c5805d945cbd5fe533ec10ef436a43243427b3786be59e165221a4" nonce=42 rpc="localhost:8545" scenario=factorydeploytx wallet=4
time="2026-06-01T04:58:16Z" level=debug msg="deployment tx 157 confirmed in block #105. deployed at: 0xaf1Fd0Cf559D3E8F31F03AF2866984Fc980Ad6D8, total fee: 143866 gwei (base: 2)" rpc="localhost:8545" scenario=factorydeploytx
time="2026-06-01T04:58:16Z" level=info msg="processed block 105:  5 total tx, 5 tx confirmed from 5 wallets (1.05296ms, 397.316µs)"
time="2026-06-01T04:58:16Z" level=info msg="block 105: submitted=1, pending=6, confirmed=5, throughput: 5B=4.40 tx/B, 20B=4.40 tx/B, 60B=4.39 tx/B" scenario=factorydeploytx wallets=5
time="2026-06-01T04:58:16Z" level=debug msg="deployment tx 158 confirmed in block #105. deployed at: 0x9b7946eaDDfad4015cCbc974F945C103e4F80392, total fee: 143866 gwei (base: 2)" rpc="localhost:8545" scenario=factorydeploytx
time="2026-06-01T04:58:16Z" level=debug msg="deployment tx 159 confirmed in block #106. deployed at: 0xFFbd57Ca57Ccf610Af972714E2147ee8F00b4400, total fee: 142617 gwei (base: 2)" rpc="localhost:8545" scenario=factorydeploytx
time="2026-06-01T04:58:16Z" level=debug msg="deployment tx 160 confirmed in block #106. deployed at: 0x99EF4F217B62574785d45339c43986D0494D1d20, total fee: 142617 gwei (base: 2)" rpc="localhost:8545" scenario=factorydeploytx
time="2026-06-01T04:58:16Z" level=info msg="processed block 106:  4 total tx, 4 tx confirmed from 4 wallets (791.866µs, 271.119µs)"
time="2026-06-01T04:58:16Z" level=debug msg="deployment tx 161 confirmed in block #106. deployed at: 0x494832d2326A0a62d3ED845f4DD9a334F60723FC, total fee: 142617 gwei (base: 2)" rpc="localhost:8545" scenario=factorydeploytx
time="2026-06-01T04:58:16Z" level=info msg="block 106: submitted=0, pending=2, confirmed=4, throughput: 5B=4.40 tx/B, 20B=4.40 tx/B, 60B=4.38 tx/B" scenario=factorydeploytx wallets=4
time="2026-06-01T04:58:16Z" level=debug msg="deployment tx 162 confirmed in block #106. deployed at: 0x86ec99a0205081b4F48CBDa924E8745AB150d78A, total fee: 142617 gwei (base: 2)" rpc="localhost:8545" scenario=factorydeploytx
time="2026-06-01T04:58:16Z" level=debug msg="sent deployment tx #   165: 0xe7f487e8aa3c738d0b8cfe3502fc73a056777a83cfabd595e7a430046f9acb3e" nonce=42 rpc="localhost:8545" scenario=factorydeploytx wallet=5
time="2026-06-01T04:58:16Z" level=debug msg="sent deployment tx #   166: 0x59304f13076deb22e8eb5b9c0b042c94a8a249d1b3d268bcc035360ee517192d" nonce=42 rpc="localhost:8545" scenario=factorydeploytx wallet=6
time="2026-06-01T04:58:16Z" level=debug msg="sent deployment tx #   167: 0xb4ae4be29d533fb8907e445a516f5fb5123ef72d89c6e0dab71c956a2f69786e" nonce=41 rpc="localhost:8545" scenario=factorydeploytx wallet=7
time="2026-06-01T04:58:17Z" level=debug msg="sent deployment tx #   168: 0x0331f100995de2491e978fd59a562eceda878fed41ec0add586a6ff89cd18f07" nonce=41 rpc="localhost:8545" scenario=factorydeploytx wallet=8
time="2026-06-01T04:58:17Z" level=debug msg="sent deployment tx #   169: 0x9b981fc59601cb9b614e8761410c8a1c2c7707304182f1ac14ac942ef0d571c0" nonce=41 rpc="localhost:8545" scenario=factorydeploytx wallet=9
time="2026-06-01T04:58:17Z" level=debug msg="sent deployment tx #   170: 0xf1aef9f63c818afe80999bb5066d9c838c04477530713ccf8c78be900345dd95" nonce=41 rpc="localhost:8545" scenario=factorydeploytx wallet=10
time="2026-06-01T04:58:17Z" level=debug msg="sent deployment tx #   171: 0x6f763fd9c9436531dbebff1acdf2929e73187b2ce95372c536e357962160c69d" nonce=43 rpc="localhost:8545" scenario=factorydeploytx wallet=1
time="2026-06-01T04:58:18Z" level=debug msg="sent deployment tx #   172: 0x6cc8d061333820a36b64ca6f72e3f7c13ebab96323dd5c0b21bcebdef7f100c0" nonce=43 rpc="localhost:8545" scenario=factorydeploytx wallet=2
time="2026-06-01T04:58:18Z" level=debug msg="sent deployment tx #   173: 0x650fad0697a033f8a818f2a4dccd2aa6fa699e8949665ad5c9a4970040f537e4" nonce=43 rpc="localhost:8545" scenario=factorydeploytx wallet=3
time="2026-06-01T04:58:18Z" level=debug msg="sent deployment tx #   174: 0xc069fdaba141685b2b7249e28c802971727e1dee1caacfb88b515e883c2ec44c" nonce=43 rpc="localhost:8545" scenario=factorydeploytx wallet=4
time="2026-06-01T04:58:18Z" level=debug msg="sent deployment tx #   175: 0xf06157eb8c97d542ea408c748f9b581140df311840d73adc85f0a8415d56b548" nonce=43 rpc="localhost:8545" scenario=factorydeploytx wallet=5
time="2026-06-01T04:58:19Z" level=debug msg="sent deployment tx #   176: 0xb45574cb16e389cb7c9ea723a06ae4f094b7199a461fff0f3e8023b6405383c7" nonce=43 rpc="localhost:8545" scenario=factorydeploytx wallet=6
time="2026-06-01T04:58:19Z" level=debug msg="deployment tx 163 confirmed in block #107. deployed at: 0x2C8C676Accec5ae404EAA85f0091b4bdA67FDc1F, total fee: 141517 gwei (base: 2)" rpc="localhost:8545" scenario=factorydeploytx
time="2026-06-01T04:58:19Z" level=debug msg="deployment tx 164 confirmed in block #107. deployed at: 0xAe339FEAb41aF60EB46dDC998473f54804239811, total fee: 141517 gwei (base: 2)" rpc="localhost:8545" scenario=factorydeploytx
time="2026-06-01T04:58:19Z" level=debug msg="deployment tx 165 confirmed in block #107. deployed at: 0xc948D67B41A783Df3A4DF614c5778ED2893e7B74, total fee: 141517 gwei (base: 2)" rpc="localhost:8545" scenario=factorydeploytx
time="2026-06-01T04:58:19Z" level=debug msg="deployment tx 166 confirmed in block #107. deployed at: 0xf0Dd8c4a705bCf6cEE9647dc2c07C67F44F56510, total fee: 141517 gwei (base: 2)" rpc="localhost:8545" scenario=factorydeploytx
time="2026-06-01T04:58:19Z" level=info msg="processed block 107:  5 total tx, 5 tx confirmed from 5 wallets (1.23764ms, 333.914µs)"
time="2026-06-01T04:58:19Z" level=info msg="block 107: submitted=12, pending=9, confirmed=5, throughput: 5B=4.40 tx/B, 20B=4.40 tx/B, 60B=4.39 tx/B" scenario=factorydeploytx wallets=5
time="2026-06-01T04:58:19Z" level=debug msg="deployment tx 167 confirmed in block #107. deployed at: 0x45E0d5E01EBd22B8cd3A539D3EB7386A50F63ea8, total fee: 141517 gwei (base: 2)" rpc="localhost:8545" scenario=factorydeploytx
time="2026-06-01T04:58:19Z" level=debug msg="deployment tx 168 confirmed in block #108. deployed at: 0xf88379cae0f2B6c9B9d85d62672588E3AaBb73bf, total fee: 140555 gwei (base: 2)" rpc="localhost:8545" scenario=factorydeploytx
time="2026-06-01T04:58:19Z" level=debug msg="deployment tx 169 confirmed in block #108. deployed at: 0xE1E48a39dBCA0f9d827366cdC6F43e057966a67A, total fee: 140555 gwei (base: 2)" rpc="localhost:8545" scenario=factorydeploytx
time="2026-06-01T04:58:19Z" level=debug msg="deployment tx 170 confirmed in block #108. deployed at: 0x45d969eb93f170f7fDEffC827fCa3a9e6cb15734, total fee: 140555 gwei (base: 2)" rpc="localhost:8545" scenario=factorydeploytx
time="2026-06-01T04:58:19Z" level=info msg="processed block 108:  4 total tx, 4 tx confirmed from 4 wallets (1.182241ms, 395.94µs)"
time="2026-06-01T04:58:19Z" level=info msg="block 108: submitted=0, pending=5, confirmed=4, throughput: 5B=4.40 tx/B, 20B=4.40 tx/B, 60B=4.38 tx/B" scenario=factorydeploytx wallets=4
time="2026-06-01T04:58:19Z" level=debug msg="deployment tx 171 confirmed in block #108. deployed at: 0x193656E8f7da0f9233C876133E82E82BEE81A3d7, total fee: 140555 gwei (base: 2)" rpc="localhost:8545" scenario=factorydeploytx
time="2026-06-01T04:58:19Z" level=debug msg="deployment tx 172 confirmed in block #109. deployed at: 0xB500CF3C5c30845d9B6b16540a28C0355616041b, total fee: 139708 gwei (base: 2)" rpc="localhost:8545" scenario=factorydeploytx
time="2026-06-01T04:58:19Z" level=debug msg="deployment tx 173 confirmed in block #109. deployed at: 0x48D44D42a36D1f4f829FB16BA44Ae85694dcd5F6, total fee: 139708 gwei (base: 2)" rpc="localhost:8545" scenario=factorydeploytx
time="2026-06-01T04:58:19Z" level=debug msg="deployment tx 174 confirmed in block #109. deployed at: 0x7bA80Ae3a8B96cb7BCF87947110DdB6D208eA13b, total fee: 139708 gwei (base: 2)" rpc="localhost:8545" scenario=factorydeploytx
time="2026-06-01T04:58:19Z" level=debug msg="deployment tx 175 confirmed in block #109. deployed at: 0xb9c9f22A4aE503838Dd85f644B13A1bCAB9c33a4, total fee: 139708 gwei (base: 2)" rpc="localhost:8545" scenario=factorydeploytx
time="2026-06-01T04:58:19Z" level=info msg="processed block 109:  5 total tx, 5 tx confirmed from 5 wallets (971.486µs, 345.853µs)"
time="2026-06-01T04:58:19Z" level=info msg="block 109: submitted=0, pending=0, confirmed=5, throughput: 5B=4.60 tx/B, 20B=4.45 tx/B, 60B=4.40 tx/B" scenario=factorydeploytx wallets=5
time="2026-06-01T04:58:19Z" level=debug msg="deployment tx 176 confirmed in block #109. deployed at: 0xe530f6D8feB05b011941Ac04B6E88b85591De8e4, total fee: 139708 gwei (base: 2)" rpc="localhost:8545" scenario=factorydeploytx
time="2026-06-01T04:58:19Z" level=debug msg="sent deployment tx #   177: 0x7fb86827a775f1705dc8242dcdb7a6c850879e39d06bc02b933f8f881cdd87d6" nonce=42 rpc="localhost:8545" scenario=factorydeploytx wallet=7
time="2026-06-01T04:58:19Z" level=debug msg="sent deployment tx #   178: 0xa867ce93da111c2e866ece79f3c6f19eecf3d05dcfff36cab68ec4a069333c40" nonce=42 rpc="localhost:8545" scenario=factorydeploytx wallet=8
time="2026-06-01T04:58:19Z" level=debug msg="sent deployment tx #   179: 0x9496900135061e55fadf765eb6cbda8eca3970dbd1bdf4b4f2c837d25ddd479a" nonce=42 rpc="localhost:8545" scenario=factorydeploytx wallet=9
time="2026-06-01T04:58:20Z" level=debug msg="sent deployment tx #   180: 0xb94f69caa73759ac3ff231f112fdca2ff872a32e5114ecd61e5db7c0d87ac62a" nonce=42 rpc="localhost:8545" scenario=factorydeploytx wallet=10
time="2026-06-01T04:58:20Z" level=debug msg="sent deployment tx #   181: 0xf9f26766ccd23408bc6071cfcd590d4ac1f8c2ef5e8ef6ab25ec0270c16e32c3" nonce=44 rpc="localhost:8545" scenario=factorydeploytx wallet=1
time="2026-06-01T04:58:20Z" level=debug msg="sent deployment tx #   182: 0x4892ce56166f083a80184a5a9d5268b0b2a4584926579c337f5c087e7c7f5e76" nonce=44 rpc="localhost:8545" scenario=factorydeploytx wallet=2
time="2026-06-01T04:58:20Z" level=debug msg="sent deployment tx #   183: 0xb7439942d8f0deffc1bc06e37b1caeaea02d9078162895936dfd86db322fee11" nonce=44 rpc="localhost:8545" scenario=factorydeploytx wallet=3
time="2026-06-01T04:58:21Z" level=debug msg="sent deployment tx #   184: 0x1318d181625977414ea069e538d05a60b653b6f9dc7ad744af1ffb35d5ee2167" nonce=44 rpc="localhost:8545" scenario=factorydeploytx wallet=4
time="2026-06-01T04:58:21Z" level=debug msg="sent deployment tx #   185: 0x161560fb1a9cf67857c3ca17890d35035452e3e6c19cbca022b1897f960bc45b" nonce=44 rpc="localhost:8545" scenario=factorydeploytx wallet=5
time="2026-06-01T04:58:21Z" level=debug msg="sent deployment tx #   186: 0x8538c8bd9bca9c7ef2459ae51116b8122a8ec241edfb018e06f940fd31ec161d" nonce=44 rpc="localhost:8545" scenario=factorydeploytx wallet=6
time="2026-06-01T04:58:21Z" level=debug msg="sent deployment tx #   187: 0xb8eb8a5b970899b1c5fe8a7b68731d955e8d99ecc5e96d0311ffb93116dc2776" nonce=43 rpc="localhost:8545" scenario=factorydeploytx wallet=7
time="2026-06-01T04:58:22Z" level=debug msg="sent deployment tx #   188: 0x0859f5543d7c253ecdc7854704efe4bc2c226c0fd146e470e8c4a51981e418d8" nonce=43 rpc="localhost:8545" scenario=factorydeploytx wallet=8
time="2026-06-01T04:58:22Z" level=debug msg="sent deployment tx #   189: 0x1bd82556ed3fb95c0bc964021f41fb9a0a2c614a925edb0d8d935f03187cc55c" nonce=43 rpc="localhost:8545" scenario=factorydeploytx wallet=9
time="2026-06-01T04:58:22Z" level=debug msg="deployment tx 177 confirmed in block #110. deployed at: 0x76C2294f773F124f954E1AfF874BBf1b06ECa25c, total fee: 138969 gwei (base: 2)" rpc="localhost:8545" scenario=factorydeploytx
time="2026-06-01T04:58:22Z" level=debug msg="deployment tx 178 confirmed in block #110. deployed at: 0x095f4110FB2d1a5a52e603137AA0984E97E9c646, total fee: 138969 gwei (base: 2)" rpc="localhost:8545" scenario=factorydeploytx
time="2026-06-01T04:58:22Z" level=debug msg="deployment tx 179 confirmed in block #110. deployed at: 0x2A607411158b5Ba011c3c031a9c62c410f56Bd93, total fee: 138969 gwei (base: 2)" rpc="localhost:8545" scenario=factorydeploytx
time="2026-06-01T04:58:22Z" level=debug msg="deployment tx 180 confirmed in block #110. deployed at: 0x773f1fFEc3443918deE4b9071b184696A4Fd099B, total fee: 138969 gwei (base: 2)" rpc="localhost:8545" scenario=factorydeploytx
time="2026-06-01T04:58:22Z" level=info msg="processed block 110:  4 total tx, 4 tx confirmed from 4 wallets (1.032105ms, 287.645µs)"
time="2026-06-01T04:58:22Z" level=info msg="block 110: submitted=13, pending=9, confirmed=4, throughput: 5B=4.40 tx/B, 20B=4.40 tx/B, 60B=4.39 tx/B" scenario=factorydeploytx wallets=4
time="2026-06-01T04:58:22Z" level=debug msg="deployment tx 181 confirmed in block #111. deployed at: 0xB2BEBdc9aDa7CBfF3f056fc23acDf4D90701Cf3E, total fee: 138317 gwei (base: 2)" rpc="localhost:8545" scenario=factorydeploytx
time="2026-06-01T04:58:22Z" level=debug msg="deployment tx 182 confirmed in block #111. deployed at: 0xcf6FfA3fc193A0bbce2062bcc5362019a98a0E90, total fee: 138317 gwei (base: 2)" rpc="localhost:8545" scenario=factorydeploytx
time="2026-06-01T04:58:22Z" level=debug msg="deployment tx 183 confirmed in block #111. deployed at: 0xE1dc1678DE306F5bdA97bb971e25461016129668, total fee: 138317 gwei (base: 2)" rpc="localhost:8545" scenario=factorydeploytx
time="2026-06-01T04:58:22Z" level=info msg="processed block 111:  4 total tx, 4 tx confirmed from 4 wallets (929.497µs, 259.054µs)"
time="2026-06-01T04:58:22Z" level=info msg="block 111: submitted=0, pending=5, confirmed=4, throughput: 5B=4.40 tx/B, 20B=4.40 tx/B, 60B=4.38 tx/B" scenario=factorydeploytx wallets=4
time="2026-06-01T04:58:22Z" level=debug msg="deployment tx 184 confirmed in block #111. deployed at: 0xE248f2c73AAA735A7f28c98C21cC05B895fE0B53, total fee: 138317 gwei (base: 2)" rpc="localhost:8545" scenario=factorydeploytx
time="2026-06-01T04:58:22Z" level=debug msg="sent deployment tx #   190: 0xce8c7b6fcfd5fac6f131d88d2fa571692990d82eaccc6d208a73109014446a64" nonce=43 rpc="localhost:8545" scenario=factorydeploytx wallet=10
time="2026-06-01T04:58:22Z" level=debug msg="sent deployment tx #   191: 0x2eb866e389e1264a90e8132056e453146020f9dd52c3cac53800800590e8efc9" nonce=45 rpc="localhost:8545" scenario=factorydeploytx wallet=1
time="2026-06-01T04:58:22Z" level=debug msg="sent deployment tx #   192: 0xf78b04e96bb247898233d199edaee26f623ca5c68d49b03a6b1449c36e615e45" nonce=45 rpc="localhost:8545" scenario=factorydeploytx wallet=2
time="2026-06-01T04:58:23Z" level=debug msg="sent deployment tx #   193: 0xb7c09805520e9a26b6805ccf254d01857e0c6aa8f17bc7cf9e558eb445a2c9af" nonce=45 rpc="localhost:8545" scenario=factorydeploytx wallet=3
time="2026-06-01T04:58:23Z" level=debug msg="sent deployment tx #   194: 0x2d3365b0d9c94f391ed3b79935bae9c7381007138d2455f4757e3265cb985ce3" nonce=45 rpc="localhost:8545" scenario=factorydeploytx wallet=4
time="2026-06-01T04:58:23Z" level=debug msg="sent deployment tx #   195: 0x358308ed367c0c8b1681ea44e6d936892de3d9fdc500b1d14e5c7c4b3c739332" nonce=45 rpc="localhost:8545" scenario=factorydeploytx wallet=5
time="2026-06-01T04:58:23Z" level=debug msg="sent deployment tx #   196: 0x06ba5b1f115dcb6207bf43f18e329397e377a2d7dd6eaaf905a6ac0310a04cf8" nonce=45 rpc="localhost:8545" scenario=factorydeploytx wallet=6
time="2026-06-01T04:58:24Z" level=debug msg="sent deployment tx #   197: 0x0c21516708cf8bc2d124935482f70763774ba7db3d795e926cb217affa48af6e" nonce=44 rpc="localhost:8545" scenario=factorydeploytx wallet=7
time="2026-06-01T04:58:24Z" level=debug msg="sent deployment tx #   198: 0xa99a9e124304f790102381447b60e70d46cf67055ce8571c24c17afb876c39a5" nonce=44 rpc="localhost:8545" scenario=factorydeploytx wallet=8
time="2026-06-01T04:58:24Z" level=debug msg="sent deployment tx #   199: 0x73c8f473acf5a43f13af027682b8c85a81ab940a26c98a3fcd1485a6be1f77cf" nonce=44 rpc="localhost:8545" scenario=factorydeploytx wallet=9
time="2026-06-01T04:58:24Z" level=debug msg="sent deployment tx #   200: 0xa09b73b8f7a14b7e2da8d7b29e22c1726dddbc09c3592758dacb8a0a77b2308a" nonce=44 rpc="localhost:8545" scenario=factorydeploytx wallet=10
time="2026-06-01T04:58:25Z" level=debug msg="sent deployment tx #   201: 0x1afbc5557755b9266ececced7eda05632b4af9a844970578ec1df23b96d301c9" nonce=46 rpc="localhost:8545" scenario=factorydeploytx wallet=1
time="2026-06-01T04:58:25Z" level=debug msg="deployment tx 185 confirmed in block #112. deployed at: 0xcD37d86039478E9407660497edD80C354A51b682, total fee: 137745 gwei (base: 2)" rpc="localhost:8545" scenario=factorydeploytx
time="2026-06-01T04:58:25Z" level=debug msg="deployment tx 187 confirmed in block #112. deployed at: 0x88c7b6619a43a5f036Cb1df56f09765d3a749c26, total fee: 137745 gwei (base: 2)" rpc="localhost:8545" scenario=factorydeploytx
time="2026-06-01T04:58:25Z" level=debug msg="deployment tx 186 confirmed in block #112. deployed at: 0xe3A0F8D7D0C94e34FBfFB4cf5B29CF28e0D62b12, total fee: 137745 gwei (base: 2)" rpc="localhost:8545" scenario=factorydeploytx
time="2026-06-01T04:58:25Z" level=debug msg="deployment tx 188 confirmed in block #112. deployed at: 0x30e26196DDD3463B6A47A89e525415e099C7FeAA, total fee: 137745 gwei (base: 2)" rpc="localhost:8545" scenario=factorydeploytx
time="2026-06-01T04:58:25Z" level=info msg="processed block 112:  5 total tx, 5 tx confirmed from 5 wallets (1.520314ms, 353.752µs)"
time="2026-06-01T04:58:25Z" level=info msg="block 112: submitted=12, pending=12, confirmed=5, throughput: 5B=4.40 tx/B, 20B=4.40 tx/B, 60B=4.40 tx/B" scenario=factorydeploytx wallets=5
time="2026-06-01T04:58:25Z" level=debug msg="deployment tx 189 confirmed in block #112. deployed at: 0xD4822806B8c7caeC842afF6A7421886A00ECe35a, total fee: 137745 gwei (base: 2)" rpc="localhost:8545" scenario=factorydeploytx
time="2026-06-01T04:58:25Z" level=info msg="processed block 113:  4 total tx, 4 tx confirmed from 4 wallets (1.073503ms, 251.556µs)"
time="2026-06-01T04:58:25Z" level=info msg="block 113: submitted=0, pending=8, confirmed=4, throughput: 5B=4.40 tx/B, 20B=4.40 tx/B, 60B=4.39 tx/B" scenario=factorydeploytx wallets=4
time="2026-06-01T04:58:25Z" level=debug msg="deployment tx 190 confirmed in block #113. deployed at: 0x11972004E36197b5da54D4633A7883398aD6E73C, total fee: 137246 gwei (base: 2)" rpc="localhost:8545" scenario=factorydeploytx
time="2026-06-01T04:58:25Z" level=debug msg="deployment tx 191 confirmed in block #113. deployed at: 0x067B94768BbC11eF8AB441C2F6f160AAE11C734d, total fee: 137246 gwei (base: 2)" rpc="localhost:8545" scenario=factorydeploytx
time="2026-06-01T04:58:25Z" level=debug msg="deployment tx 192 confirmed in block #113. deployed at: 0x94d063dbEDAb8D8f7a8e9c42EF0578F7C17F3B3A, total fee: 137246 gwei (base: 2)" rpc="localhost:8545" scenario=factorydeploytx
time="2026-06-01T04:58:25Z" level=debug msg="deployment tx 193 confirmed in block #113. deployed at: 0x2169317258a9cC3b859feCa50CaEc5F7C6EC997a, total fee: 137246 gwei (base: 2)" rpc="localhost:8545" scenario=factorydeploytx
time="2026-06-01T04:58:25Z" level=debug msg="deployment tx 194 confirmed in block #114. deployed at: 0x9304960Df0AF8Ea69bACC81fb5B2b9e9f75a451B, total fee: 136806 gwei (base: 2)" rpc="localhost:8545" scenario=factorydeploytx
time="2026-06-01T04:58:25Z" level=debug msg="deployment tx 195 confirmed in block #114. deployed at: 0xA3d17243692cFeF32ea2d1BD33909c50bE87A43e, total fee: 136806 gwei (base: 2)" rpc="localhost:8545" scenario=factorydeploytx
time="2026-06-01T04:58:25Z" level=debug msg="deployment tx 196 confirmed in block #114. deployed at: 0xcdBd8346fE49BaB890c577D74AB3aAED3DD03fCF, total fee: 136806 gwei (base: 2)" rpc="localhost:8545" scenario=factorydeploytx
time="2026-06-01T04:58:25Z" level=info msg="processed block 114:  4 total tx, 4 tx confirmed from 4 wallets (937.52µs, 330.808µs)"
time="2026-06-01T04:58:25Z" level=info msg="block 114: submitted=0, pending=4, confirmed=4, throughput: 5B=4.20 tx/B, 20B=4.35 tx/B, 60B=4.38 tx/B" scenario=factorydeploytx wallets=4
time="2026-06-01T04:58:25Z" level=debug msg="deployment tx 197 confirmed in block #114. deployed at: 0x06b18216C36ED4371fe81702f7679f51603c440a, total fee: 136806 gwei (base: 2)" rpc="localhost:8545" scenario=factorydeploytx
time="2026-06-01T04:58:25Z" level=debug msg="sent deployment tx #   202: 0x312049f212b9eb7c63afefb9eae96889f3ee6dd9b78621a2b59f907fbacf846e" nonce=46 rpc="localhost:8545" scenario=factorydeploytx wallet=2
time="2026-06-01T04:58:25Z" level=debug msg="sent deployment tx #   203: 0xedcfd0de012b0d880256fd6b5c1f010faddf319c539bda68a17997affe83ac26" nonce=46 rpc="localhost:8545" scenario=factorydeploytx wallet=3
time="2026-06-01T04:58:25Z" level=debug msg="sent deployment tx #   204: 0xa698c0c20e883f1e9794ad640d38ee09e6888d6fd2814ed19a907ca2f91cf86d" nonce=46 rpc="localhost:8545" scenario=factorydeploytx wallet=4
time="2026-06-01T04:58:26Z" level=debug msg="sent deployment tx #   205: 0x36b5a3f8b274e7533f69e0001a09834405c39a7b82721422072a8ffd79721cae" nonce=46 rpc="localhost:8545" scenario=factorydeploytx wallet=5
time="2026-06-01T04:58:26Z" level=debug msg="sent deployment tx #   206: 0x0ca98c4d5b04602a99d0adc414699178e247ea126d2c9bded484575fc4aeef54" nonce=46 rpc="localhost:8545" scenario=factorydeploytx wallet=6
time="2026-06-01T04:58:26Z" level=debug msg="sent deployment tx #   207: 0xe9a6d5d4b03d0da387797c8d695c5e9f10f9950d2ed38ffd473dc0a8b7131e2d" nonce=45 rpc="localhost:8545" scenario=factorydeploytx wallet=7
time="2026-06-01T04:58:26Z" level=debug msg="sent deployment tx #   208: 0x95e2ff0b05a9a43c9bf0473231f96d4706b60e4a67ec150781447cf55a9d27e0" nonce=45 rpc="localhost:8545" scenario=factorydeploytx wallet=8
time="2026-06-01T04:58:27Z" level=debug msg="sent deployment tx #   209: 0x08f9271279c098363b68b31c3d841cf2143c49b2f0caa332be0ac7f747a33b96" nonce=45 rpc="localhost:8545" scenario=factorydeploytx wallet=9
time="2026-06-01T04:58:27Z" level=debug msg="sent deployment tx #   210: 0x21f70262de4d87d662bed0cd27882725b3d391cb35cd836485e29c57045a735b" nonce=45 rpc="localhost:8545" scenario=factorydeploytx wallet=10
time="2026-06-01T04:58:27Z" level=debug msg="sent deployment tx #   211: 0x1dd26e40e212d5a3e37a4893d3a5887aa7d7017bdd06ef0c4d7693c2d74db344" nonce=47 rpc="localhost:8545" scenario=factorydeploytx wallet=1
time="2026-06-01T04:58:27Z" level=debug msg="sent deployment tx #   212: 0xd66da83878e039198fde2e1191ff7d4958dc3974c269560091b6ed2d103bfb45" nonce=47 rpc="localhost:8545" scenario=factorydeploytx wallet=2
time="2026-06-01T04:58:28Z" level=debug msg="sent deployment tx #   213: 0x6e32ae9cc6ff6d0c1600fb6d1d3527f3964990d819c26999ced90e03ef47fa1e" nonce=47 rpc="localhost:8545" scenario=factorydeploytx wallet=3
time="2026-06-01T04:58:28Z" level=debug msg="sent deployment tx #   214: 0x5d941b4265415808ba6e3cd2d86ef9aeb8a5caf35fc372fc40069ef9e6b90086" nonce=47 rpc="localhost:8545" scenario=factorydeploytx wallet=4
time="2026-06-01T04:58:28Z" level=debug msg="deployment tx 198 confirmed in block #115. deployed at: 0x3DE69eB60f5a240E3E57f6C154a0137f91c7F39F, total fee: 136420 gwei (base: 2)" rpc="localhost:8545" scenario=factorydeploytx
time="2026-06-01T04:58:28Z" level=debug msg="deployment tx 199 confirmed in block #115. deployed at: 0xE6F15C2e574FA1117b5aBDC41F30180d8be4718a, total fee: 136420 gwei (base: 2)" rpc="localhost:8545" scenario=factorydeploytx
time="2026-06-01T04:58:28Z" level=debug msg="deployment tx 200 confirmed in block #115. deployed at: 0x4e3d6467B1E248f23d4B318423FD39bF73d2aF4d, total fee: 136420 gwei (base: 2)" rpc="localhost:8545" scenario=factorydeploytx
time="2026-06-01T04:58:28Z" level=debug msg="deployment tx 201 confirmed in block #115. deployed at: 0xEAe8B46A71a116A01249002A714cAc7Eb3Dc7511, total fee: 136420 gwei (base: 2)" rpc="localhost:8545" scenario=factorydeploytx
time="2026-06-01T04:58:28Z" level=info msg="processed block 115:  5 total tx, 5 tx confirmed from 5 wallets (1.140522ms, 337.532µs)"
time="2026-06-01T04:58:28Z" level=info msg="block 115: submitted=13, pending=12, confirmed=5, throughput: 5B=4.40 tx/B, 20B=4.40 tx/B, 60B=4.39 tx/B" scenario=factorydeploytx wallets=5
time="2026-06-01T04:58:28Z" level=debug msg="deployment tx 202 confirmed in block #115. deployed at: 0x2086064fB4c0cAf59023C8A785A24C72847651c9, total fee: 136420 gwei (base: 2)" rpc="localhost:8545" scenario=factorydeploytx
time="2026-06-01T04:58:28Z" level=debug msg="deployment tx 204 confirmed in block #116. deployed at: 0x282718548C75556895A411D52a76cE43cD2D0D1A, total fee: 136083 gwei (base: 2)" rpc="localhost:8545" scenario=factorydeploytx
time="2026-06-01T04:58:28Z" level=info msg="processed block 116:  4 total tx, 4 tx confirmed from 4 wallets (974.134µs, 740.756µs)"
time="2026-06-01T04:58:28Z" level=info msg="block 116: submitted=0, pending=8, confirmed=4, throughput: 5B=4.40 tx/B, 20B=4.40 tx/B, 60B=4.38 tx/B" scenario=factorydeploytx wallets=4
time="2026-06-01T04:58:28Z" level=debug msg="deployment tx 203 confirmed in block #116. deployed at: 0x1c9eBa15aD731a424be762E33C5e5ae6D28Be4E4, total fee: 136083 gwei (base: 2)" rpc="localhost:8545" scenario=factorydeploytx
time="2026-06-01T04:58:28Z" level=debug msg="deployment tx 205 confirmed in block #116. deployed at: 0xcff84b2F8d2255e2FC5236Db19d58200B1CCDeFd, total fee: 136083 gwei (base: 2)" rpc="localhost:8545" scenario=factorydeploytx
time="2026-06-01T04:58:28Z" level=debug msg="deployment tx 206 confirmed in block #116. deployed at: 0xD6877D8F45BA38b07f8844958f49Ac8aBA26e650, total fee: 136083 gwei (base: 2)" rpc="localhost:8545" scenario=factorydeploytx
time="2026-06-01T04:58:28Z" level=debug msg="deployment tx 207 confirmed in block #117. deployed at: 0x2Aa72daB9a935a6F5631d166BFDFec12bac263A5, total fee: 135786 gwei (base: 2)" rpc="localhost:8545" scenario=factorydeploytx
time="2026-06-01T04:58:28Z" level=debug msg="deployment tx 208 confirmed in block #117. deployed at: 0x6c1d845ED2020F73d11aA29b7eEd586D51384Ded, total fee: 135786 gwei (base: 2)" rpc="localhost:8545" scenario=factorydeploytx
time="2026-06-01T04:58:28Z" level=debug msg="deployment tx 209 confirmed in block #117. deployed at: 0x8b0F428D922073d206E8F5497C41AF233d01954d, total fee: 135786 gwei (base: 2)" rpc="localhost:8545" scenario=factorydeploytx
time="2026-06-01T04:58:28Z" level=debug msg="deployment tx 210 confirmed in block #117. deployed at: 0xB499934fC633EFDb68C31B0Cb83401745c039DF4, total fee: 135786 gwei (base: 2)" rpc="localhost:8545" scenario=factorydeploytx
time="2026-06-01T04:58:28Z" level=info msg="processed block 117:  5 total tx, 5 tx confirmed from 5 wallets (1.308023ms, 513.406µs)"
time="2026-06-01T04:58:28Z" level=info msg="block 117: submitted=0, pending=3, confirmed=5, throughput: 5B=4.40 tx/B, 20B=4.40 tx/B, 60B=4.40 tx/B" scenario=factorydeploytx wallets=5
time="2026-06-01T04:58:28Z" level=debug msg="deployment tx 211 confirmed in block #117. deployed at: 0x8a683C1b925dC6e5182B263ceCfb14677C972828, total fee: 135786 gwei (base: 2)" rpc="localhost:8545" scenario=factorydeploytx
time="2026-06-01T04:58:28Z" level=debug msg="sent deployment tx #   215: 0x190b4096d2a9959d37fc2e80372993d4a510dab07304153bb71f1a3ce4d67dea" nonce=47 rpc="localhost:8545" scenario=factorydeploytx wallet=5
time="2026-06-01T04:58:28Z" level=debug msg="sent deployment tx #   216: 0x02df1920c50b214228a0e4bf0533634a3cad6572040ace952c8deb29d59b252b" nonce=47 rpc="localhost:8545" scenario=factorydeploytx wallet=6
time="2026-06-01T04:58:28Z" level=debug msg="sent deployment tx #   217: 0xf2f7f79a7695ee4e1198636556d79e53a965a5d51abfccd1328f359e10cd24ed" nonce=46 rpc="localhost:8545" scenario=factorydeploytx wallet=7
time="2026-06-01T04:58:29Z" level=debug msg="sent deployment tx #   218: 0xa9d8f5b77382461e0278067e74f159aa72d4597d0d4ca14860e86228a80e14f1" nonce=46 rpc="localhost:8545" scenario=factorydeploytx wallet=8
time="2026-06-01T04:58:29Z" level=debug msg="sent deployment tx #   219: 0xcfcbbd3549451a2ecd044cb9bd3b0441794ff385a7d1c5277b44b5c4f9337dba" nonce=46 rpc="localhost:8545" scenario=factorydeploytx wallet=9
time="2026-06-01T04:58:29Z" level=debug msg="sent deployment tx #   220: 0x764ef28321c43d7cb386d3e37b1aa6753b601216b8083eae433bd7d297fb5b72" nonce=46 rpc="localhost:8545" scenario=factorydeploytx wallet=10
time="2026-06-01T04:58:29Z" level=debug msg="sent deployment tx #   221: 0xcdf7f7411c3703fd0ff5627ae71e7a39e9d7a56dc3feb64fec04bba4d95c3818" nonce=48 rpc="localhost:8545" scenario=factorydeploytx wallet=1
time="2026-06-01T04:58:30Z" level=debug msg="sent deployment tx #   222: 0xafa2d06b5978d99e7bfc44d1fbb3334150e3413fda3b411d8d5eeaa24a888052" nonce=48 rpc="localhost:8545" scenario=factorydeploytx wallet=2
time="2026-06-01T04:58:30Z" level=debug msg="sent deployment tx #   223: 0xb5160776cb9f012e02c0b076c77e90587154769d0ce2c0b6bd057d069983128a" nonce=48 rpc="localhost:8545" scenario=factorydeploytx wallet=3
time="2026-06-01T04:58:30Z" level=debug msg="sent deployment tx #   224: 0x03f070a05d8844695fa6d3dc1f4ee9fb7f4958117564b7cf991da13d2c7f43b8" nonce=48 rpc="localhost:8545" scenario=factorydeploytx wallet=4
time="2026-06-01T04:58:30Z" level=debug msg="sent deployment tx #   225: 0x6e826b68af2a116aea2460aeb12d0dcd515e1e07d48cc7b5cd57ccba448e7e67" nonce=48 rpc="localhost:8545" scenario=factorydeploytx wallet=5
time="2026-06-01T04:58:31Z" level=debug msg="sent deployment tx #   226: 0x8ffadb9c0a50874a791550e1490ae024d21736e41fc512bf6e720104b540e350" nonce=48 rpc="localhost:8545" scenario=factorydeploytx wallet=6
time="2026-06-01T04:58:31Z" level=debug msg="deployment tx 212 confirmed in block #118. deployed at: 0x86a183810799b0757De8aEddbDe939a522b2575c, total fee: 135527 gwei (base: 2)" rpc="localhost:8545" scenario=factorydeploytx
time="2026-06-01T04:58:31Z" level=debug msg="deployment tx 213 confirmed in block #118. deployed at: 0x1590Fd8477B547fD018681738aF4E4c2c646cc1a, total fee: 135527 gwei (base: 2)" rpc="localhost:8545" scenario=factorydeploytx
time="2026-06-01T04:58:31Z" level=debug msg="deployment tx 214 confirmed in block #118. deployed at: 0x7e4aa20E997cb60aaCCF71D6db7d994Eb3EA4247, total fee: 135527 gwei (base: 2)" rpc="localhost:8545" scenario=factorydeploytx
time="2026-06-01T04:58:31Z" level=debug msg="deployment tx 215 confirmed in block #118. deployed at: 0xa2b50a6D243c7862ab9501887832B8C12bF842df, total fee: 135527 gwei (base: 2)" rpc="localhost:8545" scenario=factorydeploytx
time="2026-06-01T04:58:31Z" level=info msg="processed block 118:  4 total tx, 4 tx confirmed from 4 wallets (957.115µs, 611.769µs)"
time="2026-06-01T04:58:31Z" level=info msg="block 118: submitted=12, pending=11, confirmed=4, throughput: 5B=4.40 tx/B, 20B=4.40 tx/B, 60B=4.39 tx/B" scenario=factorydeploytx wallets=4
time="2026-06-01T04:58:31Z" level=debug msg="deployment tx 216 confirmed in block #119. deployed at: 0xB7D174B37EaCf1d3Fd62702277F4178421d377DD, total fee: 135298 gwei (base: 2)" rpc="localhost:8545" scenario=factorydeploytx
time="2026-06-01T04:58:31Z" level=debug msg="deployment tx 217 confirmed in block #119. deployed at: 0xa9877FeD9046e9a19a01c0C94948426aa8c0dE3d, total fee: 135298 gwei (base: 2)" rpc="localhost:8545" scenario=factorydeploytx
time="2026-06-01T04:58:31Z" level=debug msg="deployment tx 218 confirmed in block #119. deployed at: 0xD2c656D2729610AbB431fc60a98e66dEd2943Df1, total fee: 135298 gwei (base: 2)" rpc="localhost:8545" scenario=factorydeploytx
time="2026-06-01T04:58:31Z" level=debug msg="deployment tx 219 confirmed in block #119. deployed at: 0xeDE2eE207CE7c073673654C456C48cA81CD994dd, total fee: 135298 gwei (base: 2)" rpc="localhost:8545" scenario=factorydeploytx
time="2026-06-01T04:58:31Z" level=info msg="processed block 119:  5 total tx, 5 tx confirmed from 5 wallets (1.438142ms, 317.894µs)"
time="2026-06-01T04:58:31Z" level=info msg="block 119: submitted=0, pending=6, confirmed=5, throughput: 5B=4.60 tx/B, 20B=4.40 tx/B, 60B=4.40 tx/B" scenario=factorydeploytx wallets=5
time="2026-06-01T04:58:31Z" level=debug msg="deployment tx 220 confirmed in block #119. deployed at: 0xA48dc263392CEC4C84603e845178C8dAdb597f7f, total fee: 135298 gwei (base: 2)" rpc="localhost:8545" scenario=factorydeploytx
time="2026-06-01T04:58:31Z" level=debug msg="deployment tx 221 confirmed in block #120. deployed at: 0xFe6f3b43443C3dD09c561e21EedA0FdBE0AC8df6, total fee: 135099 gwei (base: 2)" rpc="localhost:8545" scenario=factorydeploytx
time="2026-06-01T04:58:31Z" level=debug msg="deployment tx 222 confirmed in block #120. deployed at: 0x2Ca78Be3ebBE82c4643A488B2eefD920fc5690b6, total fee: 135099 gwei (base: 2)" rpc="localhost:8545" scenario=factorydeploytx
time="2026-06-01T04:58:31Z" level=debug msg="deployment tx 223 confirmed in block #120. deployed at: 0x1ae4A23c7AFcEDB6D64094981d554B019A389f00, total fee: 135099 gwei (base: 2)" rpc="localhost:8545" scenario=factorydeploytx
time="2026-06-01T04:58:31Z" level=info msg="processed block 120:  4 total tx, 4 tx confirmed from 4 wallets (988.026µs, 376.894µs)"
time="2026-06-01T04:58:31Z" level=info msg="block 120: submitted=0, pending=2, confirmed=4, throughput: 5B=4.40 tx/B, 20B=4.40 tx/B, 60B=4.39 tx/B" scenario=factorydeploytx wallets=4
time="2026-06-01T04:58:31Z" level=debug msg="deployment tx 224 confirmed in block #120. deployed at: 0xB8d30c18CFBf36D190F094445470F32a2F3Af9D0, total fee: 135099 gwei (base: 2)" rpc="localhost:8545" scenario=factorydeploytx
time="2026-06-01T04:58:31Z" level=debug msg="sent deployment tx #   227: 0x1d4a0b9a5965b51707fa14db51f1ed7620d7a54c97d4d22a5ff7b45eaa8a40b7" nonce=47 rpc="localhost:8545" scenario=factorydeploytx wallet=7
time="2026-06-01T04:58:31Z" level=debug msg="sent deployment tx #   228: 0x0b23f51077d461dc32bd2abffa0bca19dff6faeb055272ab4cc7bf482b9aef33" nonce=47 rpc="localhost:8545" scenario=factorydeploytx wallet=8
time="2026-06-01T04:58:31Z" level=debug msg="sent deployment tx #   229: 0x5559337c8c4bef20b0fa374971afa364440126febfe7bc9b50a05c45b3f49c8d" nonce=47 rpc="localhost:8545" scenario=factorydeploytx wallet=9
time="2026-06-01T04:58:32Z" level=debug msg="sent deployment tx #   230: 0x34cd24f1e8d4f848641767b287d6e6326c7e6a6117e3440e2bf5ce147b680e14" nonce=47 rpc="localhost:8545" scenario=factorydeploytx wallet=10
time="2026-06-01T04:58:32Z" level=debug msg="sent deployment tx #   231: 0x0cceb338774071282ec9261c51028d0809cb07deda4983d48b9d0d0774660608" nonce=49 rpc="localhost:8545" scenario=factorydeploytx wallet=1
time="2026-06-01T04:58:32Z" level=debug msg="sent deployment tx #   232: 0xaa52d76a09fdfb47f6b079958d7ed5783c424996c48821578511f446bdbe2219" nonce=49 rpc="localhost:8545" scenario=factorydeploytx wallet=2
time="2026-06-01T04:58:32Z" level=debug msg="sent deployment tx #   233: 0xa3e00fe47cdfaf359f03f4177442e78207e02748e346942d32e8834a9c564a20" nonce=49 rpc="localhost:8545" scenario=factorydeploytx wallet=3
time="2026-06-01T04:58:33Z" level=debug msg="sent deployment tx #   234: 0x2ca39678c394cec9388d8635d07ed8069b991ddf4eb0bc9b27ef4d6b71ad8910" nonce=49 rpc="localhost:8545" scenario=factorydeploytx wallet=4
time="2026-06-01T04:58:33Z" level=debug msg="sent deployment tx #   235: 0xd03220a69bf3e6098ade4984b2ceda5848817f8b705eab5eb01489a1f3465c95" nonce=49 rpc="localhost:8545" scenario=factorydeploytx wallet=5
time="2026-06-01T04:58:33Z" level=debug msg="sent deployment tx #   236: 0x9c9fa36908c2ac19867753867d46b99e33226ac258124301e4c5480a4fb7df08" nonce=49 rpc="localhost:8545" scenario=factorydeploytx wallet=6
time="2026-06-01T04:58:33Z" level=debug msg="sent deployment tx #   237: 0x2354373cf6626879e232b479e7609d02c68f761e7002ea42a62768ee2d4403bc" nonce=48 rpc="localhost:8545" scenario=factorydeploytx wallet=7
time="2026-06-01T04:58:34Z" level=debug msg="sent deployment tx #   238: 0x20ea234c146e40efc2126258bd07bff169143dff78a100af22e2734792ff391c" nonce=48 rpc="localhost:8545" scenario=factorydeploytx wallet=8
time="2026-06-01T04:58:34Z" level=debug msg="sent deployment tx #   239: 0xeb5419cb771b9b6b65b9cbe525ecd2fab820de45a470938c9e179ca8c50b46e0" nonce=48 rpc="localhost:8545" scenario=factorydeploytx wallet=9
time="2026-06-01T04:58:34Z" level=debug msg="deployment tx 225 confirmed in block #121. deployed at: 0x56aC29FF4E5176Dd0761a61966500b89c241040B, total fee: 134923 gwei (base: 2)" rpc="localhost:8545" scenario=factorydeploytx
time="2026-06-01T04:58:34Z" level=debug msg="deployment tx 226 confirmed in block #121. deployed at: 0x206Ba79E7549a2dc4279E3f197723f1F8FF134ff, total fee: 134923 gwei (base: 2)" rpc="localhost:8545" scenario=factorydeploytx
time="2026-06-01T04:58:34Z" level=info msg="processed block 121:  4 total tx, 4 tx confirmed from 4 wallets (989.818µs, 278.586µs)"
time="2026-06-01T04:58:34Z" level=debug msg="deployment tx 228 confirmed in block #121. deployed at: 0x0Ce16856907e7386E1b47d13B2663d98fDC44454, total fee: 134923 gwei (base: 2)" rpc="localhost:8545" scenario=factorydeploytx
time="2026-06-01T04:58:34Z" level=debug msg="deployment tx 227 confirmed in block #121. deployed at: 0xB8fE04BFB5b642050988e5245eb4DDCe83Cd9E40, total fee: 134923 gwei (base: 2)" rpc="localhost:8545" scenario=factorydeploytx
time="2026-06-01T04:58:34Z" level=info msg="block 121: submitted=13, pending=11, confirmed=4, throughput: 5B=4.40 tx/B, 20B=4.40 tx/B, 60B=4.38 tx/B" scenario=factorydeploytx wallets=4
time="2026-06-01T04:58:34Z" level=debug msg="deployment tx 229 confirmed in block #122. deployed at: 0xFaB3b16EC2e2dD4668D17D2c67ACEA281e7719Fb, total fee: 134769 gwei (base: 2)" rpc="localhost:8545" scenario=factorydeploytx
time="2026-06-01T04:58:34Z" level=debug msg="deployment tx 230 confirmed in block #122. deployed at: 0x0c992f0Ca39E8d5783C369d9743DA70834ccb6AF, total fee: 134769 gwei (base: 2)" rpc="localhost:8545" scenario=factorydeploytx
time="2026-06-01T04:58:34Z" level=debug msg="deployment tx 231 confirmed in block #122. deployed at: 0x2402831d60B476698a94ecb9817BF02ffC85678b, total fee: 134769 gwei (base: 2)" rpc="localhost:8545" scenario=factorydeploytx
time="2026-06-01T04:58:34Z" level=debug msg="deployment tx 232 confirmed in block #122. deployed at: 0x8Def7D324bCc72198f193A9D473eA19204616aaA, total fee: 134769 gwei (base: 2)" rpc="localhost:8545" scenario=factorydeploytx
time="2026-06-01T04:58:34Z" level=info msg="processed block 122:  5 total tx, 5 tx confirmed from 5 wallets (1.28397ms, 506.149µs)"
time="2026-06-01T04:58:34Z" level=info msg="block 122: submitted=0, pending=6, confirmed=5, throughput: 5B=4.40 tx/B, 20B=4.40 tx/B, 60B=4.40 tx/B" scenario=factorydeploytx wallets=5
time="2026-06-01T04:58:34Z" level=debug msg="deployment tx 233 confirmed in block #122. deployed at: 0xC70bf93965bD771954552bf10430Bb8cb011BCB7, total fee: 134769 gwei (base: 2)" rpc="localhost:8545" scenario=factorydeploytx
time="2026-06-01T04:58:34Z" level=debug msg="deployment tx 234 confirmed in block #123. deployed at: 0x623A8DDca8a90324dfE8d963175728C4556548AA, total fee: 134634 gwei (base: 2)" rpc="localhost:8545" scenario=factorydeploytx
time="2026-06-01T04:58:34Z" level=debug msg="deployment tx 235 confirmed in block #123. deployed at: 0x3684adAF26d09D0C726d926568Eb069b97485E8d, total fee: 134634 gwei (base: 2)" rpc="localhost:8545" scenario=factorydeploytx
time="2026-06-01T04:58:34Z" level=debug msg="deployment tx 236 confirmed in block #123. deployed at: 0x0Cd08cB596BAc493641155CfB108940B5c291207, total fee: 134634 gwei (base: 2)" rpc="localhost:8545" scenario=factorydeploytx
time="2026-06-01T04:58:34Z" level=info msg="processed block 123:  4 total tx, 4 tx confirmed from 4 wallets (839.402µs, 253.062µs)"
time="2026-06-01T04:58:34Z" level=info msg="block 123: submitted=0, pending=2, confirmed=4, throughput: 5B=4.40 tx/B, 20B=4.40 tx/B, 60B=4.39 tx/B" scenario=factorydeploytx wallets=4
time="2026-06-01T04:58:34Z" level=debug msg="deployment tx 237 confirmed in block #123. deployed at: 0x15E576e346073FC00f712431F9C905b696d86548, total fee: 134634 gwei (base: 2)" rpc="localhost:8545" scenario=factorydeploytx
time="2026-06-01T04:58:34Z" level=debug msg="sent deployment tx #   240: 0x286aae29b6885aa34494abbbbe02a2e9df00115b441b690d542c28304c2856b0" nonce=48 rpc="localhost:8545" scenario=factorydeploytx wallet=10
time="2026-06-01T04:58:34Z" level=debug msg="sent deployment tx #   241: 0x8fd4190fd02d04d2d91f717c11c0d898b6edd3a230d8ebb23e59253a59ab13d0" nonce=50 rpc="localhost:8545" scenario=factorydeploytx wallet=1
time="2026-06-01T04:58:34Z" level=debug msg="sent deployment tx #   242: 0xd6eb94a92579f0dd6034004c44c45775c20950ce502e52e922e255949597a034" nonce=50 rpc="localhost:8545" scenario=factorydeploytx wallet=2
time="2026-06-01T04:58:35Z" level=debug msg="sent deployment tx #   243: 0xa5a4f0a12118e4a2daf0c4b4c28dee9928942229d1cb5c5f92118460702f28b6" nonce=50 rpc="localhost:8545" scenario=factorydeploytx wallet=3
time="2026-06-01T04:58:35Z" level=debug msg="sent deployment tx #   244: 0x6e463fca05cf13a4bbf5d494be549e849d79c544a4980a85b9c8e7b083134387" nonce=50 rpc="localhost:8545" scenario=factorydeploytx wallet=4
time="2026-06-01T04:58:35Z" level=debug msg="sent deployment tx #   245: 0x6152422c808b58b04482b8dae905052e50945bae175ef67b82eef6046e5f601c" nonce=50 rpc="localhost:8545" scenario=factorydeploytx wallet=5
time="2026-06-01T04:58:35Z" level=debug msg="sent deployment tx #   246: 0xea1970866cf2a46bc8a2f26b3eea344cac20b28b071143cfd2a6f401787a7626" nonce=50 rpc="localhost:8545" scenario=factorydeploytx wallet=6
time="2026-06-01T04:58:36Z" level=debug msg="sent deployment tx #   247: 0xb84bd996235430f5ab7ad2b3b8aa2dd4b2b02fb5314b1919eab36740e5c8a544" nonce=49 rpc="localhost:8545" scenario=factorydeploytx wallet=7
time="2026-06-01T04:58:36Z" level=debug msg="sent deployment tx #   248: 0xce241130ff70f9c02cfa0b5b40d6a6afdf460978c963fad88f9b1aa9c27cfddf" nonce=49 rpc="localhost:8545" scenario=factorydeploytx wallet=8
time="2026-06-01T04:58:36Z" level=debug msg="sent deployment tx #   249: 0x9a3a767e8c3055e487849e3823cefb45a3f4557f0cff73ba0a43b845eca8e343" nonce=49 rpc="localhost:8545" scenario=factorydeploytx wallet=9
time="2026-06-01T04:58:36Z" level=debug msg="sent deployment tx #   250: 0xad24fc31e2c4519c9e302239f6e1d58bbc086330ece22bd6f774f84d9d923172" nonce=49 rpc="localhost:8545" scenario=factorydeploytx wallet=10
time="2026-06-01T04:58:37Z" level=debug msg="sent deployment tx #   251: 0x89bdc0eb23f0e042d352640134184d4ed5566f60a9a8de02a1c345ac202a6e33" nonce=51 rpc="localhost:8545" scenario=factorydeploytx wallet=1
time="2026-06-01T04:58:37Z" level=debug msg="deployment tx 238 confirmed in block #124. deployed at: 0x06bC9BD6f7469dD6401221C3C1A7860e21eA76D8, total fee: 134515 gwei (base: 2)" rpc="localhost:8545" scenario=factorydeploytx
time="2026-06-01T04:58:37Z" level=debug msg="deployment tx 239 confirmed in block #124. deployed at: 0x82Da05989C37422c6E8A6E2F27c616FEe4316A6e, total fee: 134515 gwei (base: 2)" rpc="localhost:8545" scenario=factorydeploytx
time="2026-06-01T04:58:37Z" level=debug msg="deployment tx 241 confirmed in block #124. deployed at: 0x107468C6a891de6ab8f35D60fc5357c24d9Ff0D3, total fee: 134515 gwei (base: 2)" rpc="localhost:8545" scenario=factorydeploytx
time="2026-06-01T04:58:37Z" level=debug msg="deployment tx 240 confirmed in block #124. deployed at: 0x7849186f7648bA04D169A5d237433DC54cC90238, total fee: 134515 gwei (base: 2)" rpc="localhost:8545" scenario=factorydeploytx
time="2026-06-01T04:58:37Z" level=info msg="processed block 124:  5 total tx, 5 tx confirmed from 5 wallets (1.456828ms, 369.031µs)"
time="2026-06-01T04:58:37Z" level=info msg="block 124: submitted=12, pending=9, confirmed=5, throughput: 5B=4.40 tx/B, 20B=4.45 tx/B, 60B=4.40 tx/B" scenario=factorydeploytx wallets=5
time="2026-06-01T04:58:37Z" level=debug msg="deployment tx 242 confirmed in block #124. deployed at: 0x8f0415D255F56cE551Cb958b2c9D8AE16dbecd8f, total fee: 134515 gwei (base: 2)" rpc="localhost:8545" scenario=factorydeploytx
time="2026-06-01T04:58:37Z" level=debug msg="deployment tx 243 confirmed in block #125. deployed at: 0x7701cEC950660699Bd2f752a87f0FE45Bf0E3e7C, total fee: 134412 gwei (base: 2)" rpc="localhost:8545" scenario=factorydeploytx
time="2026-06-01T04:58:37Z" level=debug msg="deployment tx 244 confirmed in block #125. deployed at: 0xfACf53A8638e7b168f2AF403D23C1baBA3Fdc18B, total fee: 134412 gwei (base: 2)" rpc="localhost:8545" scenario=factorydeploytx
time="2026-06-01T04:58:37Z" level=debug msg="deployment tx 245 confirmed in block #125. deployed at: 0xb18Ca3446d286092b04b7eF2fdfB43323232D9e4, total fee: 134412 gwei (base: 2)" rpc="localhost:8545" scenario=factorydeploytx
time="2026-06-01T04:58:37Z" level=info msg="processed block 125:  4 total tx, 4 tx confirmed from 4 wallets (900.249µs, 257.098µs)"
time="2026-06-01T04:58:37Z" level=info msg="block 125: submitted=0, pending=5, confirmed=4, throughput: 5B=4.40 tx/B, 20B=4.40 tx/B, 60B=4.39 tx/B" scenario=factorydeploytx wallets=4
time="2026-06-01T04:58:37Z" level=debug msg="deployment tx 246 confirmed in block #125. deployed at: 0xeAb1176385558140560C249692BF0FBCFc2a5182, total fee: 134412 gwei (base: 2)" rpc="localhost:8545" scenario=factorydeploytx
time="2026-06-01T04:58:37Z" level=debug msg="deployment tx 247 confirmed in block #126. deployed at: 0xB21c3a5fE27E5Ed16Ac4FeDf617A735EB92E0eDC, total fee: 134320 gwei (base: 2)" rpc="localhost:8545" scenario=factorydeploytx
time="2026-06-01T04:58:37Z" level=debug msg="deployment tx 248 confirmed in block #126. deployed at: 0x1398848BeFeb5c3921f8414D092a77CDDC9Ca2D5, total fee: 134320 gwei (base: 2)" rpc="localhost:8545" scenario=factorydeploytx
time="2026-06-01T04:58:37Z" level=debug msg="deployment tx 249 confirmed in block #126. deployed at: 0xe321620210eD731A4D9ae4C171c8Bd41eE31cD10, total fee: 134320 gwei (base: 2)" rpc="localhost:8545" scenario=factorydeploytx
time="2026-06-01T04:58:37Z" level=info msg="processed block 126:  4 total tx, 4 tx confirmed from 4 wallets (938.307µs, 253.365µs)"
time="2026-06-01T04:58:37Z" level=info msg="block 126: submitted=0, pending=1, confirmed=4, throughput: 5B=4.40 tx/B, 20B=4.40 tx/B, 60B=4.39 tx/B" scenario=factorydeploytx wallets=4
time="2026-06-01T04:58:37Z" level=debug msg="deployment tx 250 confirmed in block #126. deployed at: 0xF48962Fe5AaAC1C111e8c037534159465096baac, total fee: 134320 gwei (base: 2)" rpc="localhost:8545" scenario=factorydeploytx
time="2026-06-01T04:58:37Z" level=debug msg="sent deployment tx #   252: 0x1422842b9f736782ae43996ff945fe0b58cda0caae70580e682a14874c572a5f" nonce=51 rpc="localhost:8545" scenario=factorydeploytx wallet=2
time="2026-06-01T04:58:37Z" level=debug msg="sent deployment tx #   253: 0x5048031409d27e596205600bbf9f9f595d3cf626f74a3d48af4cbeba70fe7dc0" nonce=51 rpc="localhost:8545" scenario=factorydeploytx wallet=3
time="2026-06-01T04:58:37Z" level=debug msg="sent deployment tx #   254: 0x6207e9a16d14cb73ed8788e883ea5dd43d2e49eb840fe6cb9eb12ee07bda1ac7" nonce=51 rpc="localhost:8545" scenario=factorydeploytx wallet=4
time="2026-06-01T04:58:38Z" level=debug msg="sent deployment tx #   255: 0x657ea4d6598b6e6919a446a17b1ef46bb9265d0918ff73ba40c2eab6671f1691" nonce=51 rpc="localhost:8545" scenario=factorydeploytx wallet=5
time="2026-06-01T04:58:38Z" level=debug msg="sent deployment tx #   256: 0xa92af2cdbe3761dda011528359b7009de5125947f32e776fa32ae2f53ea5dbc4" nonce=51 rpc="localhost:8545" scenario=factorydeploytx wallet=6
time="2026-06-01T04:58:40Z" level=debug msg="deployment tx 251 confirmed in block #127. deployed at: 0xC4433e7DaE711d75d2d2987E7c8319b8c94988E4, total fee: 134240 gwei (base: 2)" rpc="localhost:8545" scenario=factorydeploytx
time="2026-06-01T04:58:40Z" level=debug msg="deployment tx 252 confirmed in block #127. deployed at: 0x8cBeD89fA82614dc0dA52Dc10aC02C75AF4dB02d, total fee: 134240 gwei (base: 2)" rpc="localhost:8545" scenario=factorydeploytx
time="2026-06-01T04:58:40Z" level=debug msg="deployment tx 253 confirmed in block #127. deployed at: 0x94B8D6b6B974a65082381357C90B2d8b118647b1, total fee: 134240 gwei (base: 2)" rpc="localhost:8545" scenario=factorydeploytx
time="2026-06-01T04:58:40Z" level=info msg="processed block 127:  5 total tx, 5 tx confirmed from 5 wallets (1.120933ms, 401.892µs)"
time="2026-06-01T04:58:40Z" level=debug msg="deployment tx 254 confirmed in block #127. deployed at: 0x9838566cEFe49333c71fACa0afEaEe81Fd57Fd24, total fee: 134240 gwei (base: 2)" rpc="localhost:8545" scenario=factorydeploytx
time="2026-06-01T04:58:40Z" level=debug msg="deployment tx 255 confirmed in block #127. deployed at: 0x6Ad7Bb6c51Db25194A9DB321DAb2A2f61b37f35e, total fee: 134240 gwei (base: 2)" rpc="localhost:8545" scenario=factorydeploytx
time="2026-06-01T04:58:40Z" level=info msg="block 127: submitted=5, pending=1, confirmed=5, throughput: 5B=4.40 tx/B, 20B=4.40 tx/B, 60B=4.40 tx/B" scenario=factorydeploytx wallets=5
time="2026-06-01T04:58:40Z" level=info msg="processed block 128:  1 total tx, 1 tx confirmed from 1 wallets (767.528µs, 78.939µs)"
time="2026-06-01T04:58:40Z" level=info msg="block 128: submitted=0, pending=0, confirmed=1, throughput: 5B=3.80 tx/B, 20B=4.25 tx/B, 60B=4.34 tx/B" scenario=factorydeploytx wallets=1
time="2026-06-01T04:58:40Z" level=debug msg="deployment tx 256 confirmed in block #128. deployed at: 0xAE853171726EcAc22983EbDA2EBA07853ACf3466, total fee: 134170 gwei (base: 2)" rpc="localhost:8545" scenario=factorydeploytx
time="2026-06-01T04:58:40Z" level=info msg="scenario factorydeploytx finished." scenario=factorydeploytx
wrote 256 CREATE2 addresses to /mnt/state_expiry_vol_data/bintrie-benchmarks/ubt-vs-pbt/data/ubt/accounts.json (factory=0x7dc4d193051240848c7F4F19679e8514B148080f, init_code_hash=0x5fd875ef7d60f65991512743b1cdf42b8d3116d2e91e85f05d2482819c20b4e7)
