config,trie_type,group_depth,pebble_block_size_kb,benchmark,run,contract,block_number,gas_used,tx_count,execution_ms,state_read_ms,state_hash_ms,commit_ms,total_ms,mgas_per_sec,accounts_read,storage_slots_read,code_read,code_bytes_read,accounts_written,accounts_deleted,storage_slots_written,storage_slots_deleted,code_written,code_bytes_written,account_cache_hits,account_cache_misses,account_cache_hit_rate,storage_cache_hits,storage_cache_misses,storage_cache_hit_rate,code_cache_hits,code_cache_misses,code_cache_hit_rate,code_cache_hit_bytes,code_cache_miss_bytes
ubt,bintrie,5,4,storage_mixed_k1,10,,2799,0,0,0.0281,2.6606,0.0014,0.1546,2.993,0,4,0,0,0,0,0,0,0,0,0,0,4,0,0,0,0,0,0,0,0,0
ubt,bintrie,5,4,storage_mixed_k1,10,,2800,0,0,0.0293,3.3005,0.0019,0.1783,3.7072,0,4,0,0,0,0,0,0,0,0,0,0,4,0,0,0,0,0,0,0,0,0
ubt,bintrie,5,4,storage_mixed_k1,10,,2801,0,0,0.0254,5.0425,0.0047,0.1003,5.319,0,4,0,0,0,0,0,0,0,0,0,0,4,0,0,0,0,0,0,0,0,0
ubt,bintrie,5,4,storage_mixed_k1,10,,2802,91678,2,0.1673,3.4191,14.7049,4.7823,23.2327,3.9461,11,0,0,0,3,0,0,0,1,303,5,6,45.45,0,0,0,0,0,0,0,0
ubt,bintrie,5,4,storage_mixed_k1,10,,2803,5900119,1,67.6617,16.4397,4.2988,0.7218,89.4261,65.9776,8,1397,2,331,2,0,0,0,0,0,1,7,12.5,634,763,45.38,2,0,100,331,0
ubt,bintrie,5,4,storage_mixed_k1,10,,2804,21000,1,0.0788,3.1595,4.2428,0.6508,8.2958,2.5314,6,0,0,0,2,0,0,0,0,0,2,4,33.33,0,0,0,0,0,0,0,0
ubt,bintrie,5,4,storage_mixed_k1,10,,2805,0,0,0.0332,4.1478,0.0025,0.2693,4.7672,0,4,0,0,0,0,0,0,0,0,0,0,4,0,0,0,0,0,0,0,0,0
ubt,bintrie,5,4,storage_mixed_k1,11,,2806,0,0,0.0473,3.5963,0.0015,0.2689,4.1142,0,4,0,0,0,0,0,0,0,0,0,0,4,0,0,0,0,0,0,0,0,0
ubt,bintrie,5,4,storage_mixed_k1,11,,2807,0,0,0.0366,3.1453,0.0017,0.1133,3.5314,0,4,0,0,0,0,0,0,0,0,0,0,4,0,0,0,0,0,0,0,0,0
ubt,bintrie,5,4,storage_mixed_k1,11,,2808,0,0,0.0579,14.5978,0.002,0.1126,15.0082,0,4,0,0,0,0,0,0,0,0,0,0,4,0,0,0,0,0,0,0,0,0
ubt,bintrie,5,4,storage_mixed_k1,11,,2809,91678,2,0.1178,16.1542,15.8886,5.6903,38.0081,2.4121,11,0,0,0,3,0,0,0,1,303,5,6,45.45,0,0,0,0,0,0,0,0
ubt,bintrie,5,4,storage_mixed_k1,11,,2810,5900119,1,69.0554,7.2363,2.5574,0.6008,79.6065,74.1161,8,1397,2,331,2,0,0,0,0,0,3,5,37.5,977,420,69.94,2,0,100,331,0
ubt,bintrie,5,4,storage_mixed_k1,11,,2811,21000,1,0.2024,15.5498,5.2703,0.7506,21.9571,0.9564,6,0,0,0,2,0,0,0,0,0,0,6,0,0,0,0,0,0,0,0,0
ubt,bintrie,5,4,storage_mixed_k1,11,,2812,0,0,0.0245,2.6267,0.0016,0.0948,2.885,0,4,0,0,0,0,0,0,0,0,0,0,4,0,0,0,0,0,0,0,0,0
ubt,bintrie,5,4,storage_mixed_k1,12,,2813,0,0,0.0285,2.717,0.0011,0.1435,3.0482,0,4,0,0,0,0,0,0,0,0,0,0,4,0,0,0,0,0,0,0,0,0
ubt,bintrie,5,4,storage_mixed_k1,12,,2814,0,0,0.2244,3.6616,0.0015,0.1169,4.2104,0,4,0,0,0,0,0,0,0,0,0,0,4,0,0,0,0,0,0,0,0,0
ubt,bintrie,5,4,storage_mixed_k1,12,,2815,0,0,0.0303,13.726,0.0018,0.1529,14.1267,0,4,0,0,0,0,0,0,0,0,0,0,4,0,0,0,0,0,0,0,0,0
ubt,bintrie,5,4,storage_mixed_k1,12,,2816,91678,2,0.1284,17.9088,2.7445,4.2145,25.1487,3.6454,11,0,0,0,3,0,0,0,1,303,5,6,45.45,0,0,0,0,0,0,0,0
ubt,bintrie,5,4,storage_mixed_k1,12,,2817,5900119,1,81.5423,8.8932,2.5463,0.5947,93.941,62.8067,8,1397,2,331,2,0,0,0,0,0,3,5,37.5,741,656,53.04,2,0,100,331,0
ubt,bintrie,5,4,storage_mixed_k1,12,,2818,21000,1,0.0718,21.4401,2.5461,0.6266,24.8597,0.8447,6,0,0,0,2,0,0,0,0,0,2,4,33.33,0,0,0,0,0,0,0,0
ubt,bintrie,5,4,storage_mixed_k1,12,,2819,0,0,0.0267,3.2372,0.0013,0.0907,3.5836,0,4,0,0,0,0,0,0,0,0,0,0,4,0,0,0,0,0,0,0,0,0
ubt,bintrie,5,4,storage_mixed_k1,13,,2820,0,0,0.0609,3.2612,0.0018,0.2402,3.7376,0,4,0,0,0,0,0,0,0,0,0,0,4,0,0,0,0,0,0,0,0,0
ubt,bintrie,5,4,storage_mixed_k1,13,,2821,0,0,0.0373,5.5815,0.0016,0.1389,6.1168,0,4,0,0,0,0,0,0,0,0,0,0,4,0,0,0,0,0,0,0,0,0
ubt,bintrie,5,4,storage_mixed_k1,13,,2822,0,0,0.0319,13.9001,0.0015,0.1424,14.2351,0,4,0,0,0,0,0,0,0,0,0,0,4,0,0,0,0,0,0,0,0,0
ubt,bintrie,5,4,storage_mixed_k1,13,,2823,91678,2,0.1743,4.109,14.6593,5.5716,24.6766,3.7152,11,0,0,0,3,0,0,0,1,303,5,6,45.45,0,0,0,0,0,0,0,0
ubt,bintrie,5,4,storage_mixed_k1,13,,2824,5900119,1,71.4921,16.7577,3.199,0.7812,93.0351,63.4182,8,1397,2,331,2,0,0,0,0,0,0,8,0,679,718,48.6,2,0,100,331,0
ubt,bintrie,5,4,storage_mixed_k1,13,,2825,21000,1,0.0549,2.8255,4.4953,1.8923,9.4426,2.224,6,0,0,0,2,0,0,0,0,0,2,4,33.33,0,0,0,0,0,0,0,0
ubt,bintrie,5,4,storage_mixed_k1,13,,2826,0,0,0.022,2.8197,0.0012,0.1383,3.1162,0,4,0,0,0,0,0,0,0,0,0,0,4,0,0,0,0,0,0,0,0,0
ubt,bintrie,5,4,storage_mixed_k1,14,,2827,0,0,0.0387,2.8176,0.0012,0.1802,3.2251,0,4,0,0,0,0,0,0,0,0,0,0,4,0,0,0,0,0,0,0,0,0
ubt,bintrie,5,4,storage_mixed_k1,14,,2828,0,0,0.0389,8.48,0.0021,0.1178,8.8017,0,4,0,0,0,0,0,0,0,0,0,0,4,0,0,0,0,0,0,0,0,0
ubt,bintrie,5,4,storage_mixed_k1,14,,2829,0,0,0.0337,16.6134,0.002,0.2398,17.0227,0,4,0,0,0,0,0,0,0,0,0,0,4,0,0,0,0,0,0,0,0,0
ubt,bintrie,5,4,storage_mixed_k1,14,,2830,91678,2,0.1412,17.6832,7.2351,5.4249,30.6436,2.9917,11,0,0,0,3,0,0,0,1,303,6,5,54.55,0,0,0,0,0,0,0,0
ubt,bintrie,5,4,storage_mixed_k1,14,,2831,5900119,1,74.597,27.7312,2.5827,0.7996,106.1809,55.5667,8,1397,2,331,2,0,0,0,0,0,3,5,37.5,511,886,36.58,2,0,100,331,0
ubt,bintrie,5,4,storage_mixed_k1,14,,2832,21000,1,0.0712,16.5668,2.578,0.6386,20.1151,1.044,6,0,0,0,2,0,0,0,0,0,2,4,33.33,0,0,0,0,0,0,0,0
ubt,bintrie,5,4,storage_mixed_k1,14,,2833,0,0,0.0266,3.1464,0.0016,0.118,3.4571,0,4,0,0,0,0,0,0,0,0,0,0,4,0,0,0,0,0,0,0,0,0
ubt,bintrie,5,4,storage_mixed_k1,15,,2834,0,0,0.0582,2.8451,0.0015,0.2189,3.3168,0,4,0,0,0,0,0,0,0,0,0,0,4,0,0,0,0,0,0,0,0,0
ubt,bintrie,5,4,storage_mixed_k1,15,,2835,0,0,0.026,2.9546,0.0013,0.1521,3.2895,0,4,0,0,0,0,0,0,0,0,0,0,4,0,0,0,0,0,0,0,0,0
ubt,bintrie,5,4,storage_mixed_k1,15,,2836,0,0,0.0271,2.8983,0.0022,0.1369,3.414,0,4,0,0,0,0,0,0,0,0,0,0,4,0,0,0,0,0,0,0,0,0
ubt,bintrie,5,4,storage_mixed_k1,15,,2837,91678,2,0.1134,18.1086,18.134,4.8597,41.3748,2.2158,11,0,0,0,3,0,0,0,1,303,5,6,45.45,0,0,0,0,0,0,0,0
ubt,bintrie,5,4,storage_mixed_k1,15,,2838,5900119,1,76.2281,14.5704,2.5431,0.5983,94.1707,62.6535,8,1397,2,331,2,0,0,0,0,0,4,4,50,198,1199,14.17,2,0,100,331,0
ubt,bintrie,5,4,storage_mixed_k1,15,,2839,21000,1,0.0558,2.874,14.3973,0.6644,18.1282,1.1584,6,0,0,0,2,0,0,0,0,0,2,4,33.33,0,0,0,0,0,0,0,0
ubt,bintrie,5,4,storage_mixed_k1,15,,2840,0,0,0.0376,3.3842,0.0017,0.1347,3.7692,0,4,0,0,0,0,0,0,0,0,0,0,4,0,0,0,0,0,0,0,0,0
ubt,bintrie,5,4,storage_mixed_k1,16,,2841,0,0,0.0507,7.4005,0.0021,0.1897,7.9073,0,4,0,0,0,0,0,0,0,0,0,0,4,0,0,0,0,0,0,0,0,0
ubt,bintrie,5,4,storage_mixed_k1,16,,2842,0,0,0.0358,3.4402,0.0021,0.3377,4.0288,0,4,0,0,0,0,0,0,0,0,0,0,4,0,0,0,0,0,0,0,0,0
ubt,bintrie,5,4,storage_mixed_k1,16,,2843,0,0,0.036,3.4768,0.0023,0.2559,4.0191,0,4,0,0,0,0,0,0,0,0,0,0,4,0,0,0,0,0,0,0,0,0
ubt,bintrie,5,4,storage_mixed_k1,16,,2844,91678,2,0.1221,17.9119,4.0108,4.7378,26.9795,3.3981,11,0,0,0,3,0,0,0,1,303,7,4,63.64,0,0,0,0,0,0,0,0
ubt,bintrie,5,4,storage_mixed_k1,16,,2845,5900119,1,69.2346,15.3862,2.4226,0.8042,88.3195,66.8043,8,1397,2,331,2,0,0,0,0,0,3,5,37.5,611,786,43.74,2,0,100,331,0
ubt,bintrie,5,4,storage_mixed_k1,16,,2846,21000,1,0.1716,21.4699,2.4028,0.6289,24.8562,0.8449,6,0,0,0,2,0,0,0,0,0,0,6,0,0,0,0,0,0,0,0,0
ubt,bintrie,5,4,storage_mixed_k1,16,,2847,0,0,0.0265,3.2591,0.0023,0.1543,3.6124,0,4,0,0,0,0,0,0,0,0,0,0,4,0,0,0,0,0,0,0,0,0
ubt,bintrie,5,4,storage_mixed_k1,17,,2848,0,0,0.0642,3.9508,0.0049,0.1811,4.4495,0,4,0,0,0,0,0,0,0,0,0,0,4,0,0,0,0,0,0,0,0,0
ubt,bintrie,5,4,storage_mixed_k1,17,,2849,0,0,0.0342,3.337,0.0017,0.1576,3.6926,0,4,0,0,0,0,0,0,0,0,0,0,4,0,0,0,0,0,0,0,0,0
ubt,bintrie,5,4,storage_mixed_k1,17,,2850,0,0,0.0247,2.9448,0.0026,0.1105,3.2181,0,4,0,0,0,0,0,0,0,0,0,0,4,0,0,0,0,0,0,0,0,0
ubt,bintrie,5,4,storage_mixed_k1,17,,2851,91678,2,0.1504,20.5221,2.7771,4.6486,28.287,3.241,11,0,0,0,3,0,0,0,1,303,5,6,45.45,0,0,0,0,0,0,0,0
ubt,bintrie,5,4,storage_mixed_k1,17,,2852,5900119,1,83.4609,2.3507,2.7025,0.7474,89.403,65.9946,8,1397,2,331,2,0,0,0,0,0,3,5,37.5,1355,42,96.99,2,0,100,331,0
ubt,bintrie,5,4,storage_mixed_k1,17,,2853,21000,1,0.0626,19.354,2.4964,0.6135,22.6975,0.9252,6,0,0,0,2,0,0,0,0,0,2,4,33.33,0,0,0,0,0,0,0,0
ubt,bintrie,5,4,storage_mixed_k1,17,,2854,0,0,0.0269,2.8027,0.0017,0.1045,3.0936,0,4,0,0,0,0,0,0,0,0,0,0,4,0,0,0,0,0,0,0,0,0
ubt,bintrie,5,4,storage_mixed_k1,18,,2855,0,0,0.0325,2.6963,0.0021,0.1206,3.042,0,4,0,0,0,0,0,0,0,0,0,0,4,0,0,0,0,0,0,0,0,0
ubt,bintrie,5,4,storage_mixed_k1,18,,2856,0,0,0.0316,2.9753,0.0017,0.1728,3.3722,0,4,0,0,0,0,0,0,0,0,0,0,4,0,0,0,0,0,0,0,0,0
ubt,bintrie,5,4,storage_mixed_k1,18,,2857,0,0,0.0417,3.0792,0.0014,0.1017,3.3934,0,4,0,0,0,0,0,0,0,0,0,0,4,0,0,0,0,0,0,0,0,0
ubt,bintrie,5,4,storage_mixed_k1,18,,2858,91678,2,0.0926,13.8896,28.4714,4.6133,47.2334,1.941,11,0,0,0,3,0,0,0,1,303,6,5,54.55,0,0,0,0,0,0,0,0
ubt,bintrie,5,4,storage_mixed_k1,18,,2859,5900119,1,71.7224,18.2892,3.6287,0.7059,94.5756,62.3852,8,1397,2,331,2,0,0,0,0,0,3,5,37.5,235,1162,16.82,2,0,100,331,0
ubt,bintrie,5,4,storage_mixed_k1,18,,2860,21000,1,0.0887,19.5634,2.3853,0.5593,22.829,0.9199,6,0,0,0,2,0,0,0,0,0,2,4,33.33,0,0,0,0,0,0,0,0
ubt,bintrie,5,4,storage_mixed_k1,18,,2861,0,0,0.037,15.2191,0.0035,0.1548,15.6029,0,4,0,0,0,0,0,0,0,0,0,0,4,0,0,0,0,0,0,0,0,0
ubt,bintrie,5,4,storage_mixed_k1,19,,2862,0,0,0.0605,3.9022,0.0018,0.1752,4.3963,0,4,0,0,0,0,0,0,0,0,0,0,4,0,0,0,0,0,0,0,0,0
ubt,bintrie,5,4,storage_mixed_k1,19,,2863,0,0,0.0337,2.9458,0.0014,0.089,3.2691,0,4,0,0,0,0,0,0,0,0,0,0,4,0,0,0,0,0,0,0,0,0
ubt,bintrie,5,4,storage_mixed_k1,19,,2864,0,0,0.0377,18.8865,0.0028,0.1487,19.3193,0,4,0,0,0,0,0,0,0,0,0,0,4,0,0,0,0,0,0,0,0,0
ubt,bintrie,5,4,storage_mixed_k1,19,,2865,91678,2,0.0914,3.0344,13.9744,4.7861,22.044,4.1589,11,0,0,0,3,0,0,0,1,303,5,6,45.45,0,0,0,0,0,0,0,0
ubt,bintrie,5,4,storage_mixed_k1,19,,2866,5900119,1,68.9514,15.6261,2.6279,0.6959,88.0992,66.9713,8,1397,2,331,2,0,0,0,0,0,1,7,12.5,534,863,38.22,2,0,100,331,0
ubt,bintrie,5,4,storage_mixed_k1,19,,2867,21000,1,0.0843,3.6047,3.613,0.6065,8.1247,2.5847,6,0,0,0,2,0,0,0,0,0,2,4,33.33,0,0,0,0,0,0,0,0
ubt,bintrie,5,4,storage_mixed_k1,19,,2868,0,0,0.0358,3.8004,0.0015,0.0979,4.2263,0,4,0,0,0,0,0,0,0,0,0,0,4,0,0,0,0,0,0,0,0,0
ubt,bintrie,5,4,storage_mixed_k1,1,,2735,0,0,0.0837,4.1223,0.0024,0.2602,4.7211,0,4,0,0,0,0,0,0,0,0,0,0,4,0,0,0,0,0,0,0,0,0
ubt,bintrie,5,4,storage_mixed_k1,1,,2736,0,0,0.037,5.1586,0.0029,0.18,5.5758,0,4,0,0,0,0,0,0,0,0,0,0,4,0,0,0,0,0,0,0,0,0
ubt,bintrie,5,4,storage_mixed_k1,1,,2737,0,0,0.032,2.8911,0.002,0.1265,3.215,0,4,0,0,0,0,0,0,0,0,0,0,4,0,0,0,0,0,0,0,0,0
ubt,bintrie,5,4,storage_mixed_k1,1,,2738,91678,2,0.1885,15.2151,16.5574,4.5718,36.7303,2.496,11,0,0,0,3,0,0,0,1,303,6,5,54.55,0,0,0,0,0,0,0,0
ubt,bintrie,5,4,storage_mixed_k1,1,,2739,5900119,1,64.1284,12.5202,2.6274,0.6553,80.0985,73.6608,8,1397,2,331,2,0,0,0,0,0,3,5,37.5,338,1059,24.19,2,0,100,331,0
ubt,bintrie,5,4,storage_mixed_k1,1,,2740,21000,1,0.0747,14.3041,9.9251,0.6792,25.1474,0.8351,6,0,0,0,2,0,0,0,0,0,2,4,33.33,0,0,0,0,0,0,0,0
ubt,bintrie,5,4,storage_mixed_k1,1,,2741,0,0,0.0337,2.7852,0.0019,0.2008,3.2346,0,4,0,0,0,0,0,0,0,0,0,0,4,0,0,0,0,0,0,0,0,0
ubt,bintrie,5,4,storage_mixed_k1,20,,2869,0,0,0.0391,2.7767,0.0014,0.1361,3.1327,0,4,0,0,0,0,0,0,0,0,0,0,4,0,0,0,0,0,0,0,0,0
ubt,bintrie,5,4,storage_mixed_k1,20,,2870,0,0,0.0247,2.7888,0.0019,0.08,3.0359,0,4,0,0,0,0,0,0,0,0,0,0,4,0,0,0,0,0,0,0,0,0
ubt,bintrie,5,4,storage_mixed_k1,20,,2871,0,0,0.0211,14.0547,0.0018,0.0909,14.3548,0,4,0,0,0,0,0,0,0,0,0,0,4,0,0,0,0,0,0,0,0,0
ubt,bintrie,5,4,storage_mixed_k1,20,,2872,91678,2,0.1324,22.1025,2.75,4.7637,29.8973,3.0664,11,0,0,0,3,0,0,0,1,303,5,6,45.45,0,0,0,0,0,0,0,0
ubt,bintrie,5,4,storage_mixed_k1,20,,2873,5900119,1,72.1533,10.8046,2.5218,0.6892,86.3729,68.3098,8,1397,2,331,2,0,0,0,0,0,3,5,37.5,807,590,57.77,2,0,100,331,0
ubt,bintrie,5,4,storage_mixed_k1,20,,2874,21000,1,0.0776,15.1168,13.81,0.6441,29.8452,0.7036,6,0,0,0,2,0,0,0,0,0,2,4,33.33,0,0,0,0,0,0,0,0
ubt,bintrie,5,4,storage_mixed_k1,20,,2875,0,0,0.0214,2.6829,0.0014,0.1248,2.9655,0,4,0,0,0,0,0,0,0,0,0,0,4,0,0,0,0,0,0,0,0,0
ubt,bintrie,5,4,storage_mixed_k1,2,,2742,0,0,0.0958,7.1509,0.0114,0.2674,7.779,0,4,0,0,0,0,0,0,0,0,0,0,4,0,0,0,0,0,0,0,0,0
ubt,bintrie,5,4,storage_mixed_k1,2,,2743,0,0,0.0239,2.9028,0.0019,0.1717,3.2367,0,4,0,0,0,0,0,0,0,0,0,0,4,0,0,0,0,0,0,0,0,0
ubt,bintrie,5,4,storage_mixed_k1,2,,2744,0,0,0.0435,3.7193,0.0026,0.0966,4.135,0,4,0,0,0,0,0,0,0,0,0,0,4,0,0,0,0,0,0,0,0,0
ubt,bintrie,5,4,storage_mixed_k1,2,,2745,91678,2,0.1488,18.1648,3.0068,5.8294,27.5554,3.327,11,0,0,0,3,0,0,0,1,303,5,6,45.45,0,0,0,0,0,0,0,0
ubt,bintrie,5,4,storage_mixed_k1,2,,2746,5900119,1,90.6789,20.7121,2.6058,0.6298,114.8232,51.3844,8,1397,2,331,2,0,0,0,0,0,4,4,50,449,948,32.14,2,0,100,331,0
ubt,bintrie,5,4,storage_mixed_k1,2,,2747,21000,1,0.0793,20.0425,2.5874,0.6519,24.2544,0.8658,6,0,0,0,2,0,0,0,0,0,2,4,33.33,0,0,0,0,0,0,0,0
ubt,bintrie,5,4,storage_mixed_k1,2,,2748,0,0,0.0273,2.8332,0.0023,0.1145,3.1506,0,4,0,0,0,0,0,0,0,0,0,0,4,0,0,0,0,0,0,0,0,0
ubt,bintrie,5,4,storage_mixed_k1,3,,2749,0,0,0.0743,3.61,0.0022,0.2047,4.1217,0,4,0,0,0,0,0,0,0,0,0,0,4,0,0,0,0,0,0,0,0,0
ubt,bintrie,5,4,storage_mixed_k1,3,,2750,0,0,0.0291,3.3133,0.0021,0.1809,3.7083,0,4,0,0,0,0,0,0,0,0,0,0,4,0,0,0,0,0,0,0,0,0
ubt,bintrie,5,4,storage_mixed_k1,3,,2751,0,0,0.0534,17.2711,0.0031,0.1359,17.841,0,4,0,0,0,0,0,0,0,0,0,0,4,0,0,0,0,0,0,0,0,0
ubt,bintrie,5,4,storage_mixed_k1,3,,2752,91678,2,0.0907,3.323,7.5725,4.5129,15.6318,5.8648,11,0,0,0,3,0,0,0,1,303,6,5,54.55,0,0,0,0,0,0,0,0
ubt,bintrie,5,4,storage_mixed_k1,3,,2753,0,0,0.0428,10.0254,0.0018,0.1253,10.3632,0,4,0,0,0,0,0,0,0,0,0,0,4,0,0,0,0,0,0,0,0,0
ubt,bintrie,5,4,storage_mixed_k1,3,,2754,5900119,1,67.2518,26.544,2.6829,0.7717,98.548,59.8705,8,1397,2,331,2,0,0,0,0,0,3,5,37.5,421,976,30.14,2,0,100,331,0
ubt,bintrie,5,4,storage_mixed_k1,3,,2755,21000,1,0.1086,21.2486,2.5128,0.6113,24.7083,0.8499,6,0,0,0,2,0,0,0,0,0,2,4,33.33,0,0,0,0,0,0,0,0
ubt,bintrie,5,4,storage_mixed_k1,3,,2756,0,0,0.0257,3.1034,0.0022,0.1716,3.4513,0,4,0,0,0,0,0,0,0,0,0,0,4,0,0,0,0,0,0,0,0,0
ubt,bintrie,5,4,storage_mixed_k1,4,,2757,0,0,0.0483,4.9301,0.0026,0.1679,5.358,0,4,0,0,0,0,0,0,0,0,0,0,4,0,0,0,0,0,0,0,0,0
ubt,bintrie,5,4,storage_mixed_k1,4,,2758,0,0,0.0206,2.9257,0.005,0.1382,3.2505,0,4,0,0,0,0,0,0,0,0,0,0,4,0,0,0,0,0,0,0,0,0
ubt,bintrie,5,4,storage_mixed_k1,4,,2759,0,0,0.0217,2.5778,0.0017,0.1061,2.8343,0,4,0,0,0,0,0,0,0,0,0,0,4,0,0,0,0,0,0,0,0,0
ubt,bintrie,5,4,storage_mixed_k1,4,,2760,91678,2,0.1548,3.5039,14.4686,5.0323,23.5061,3.9002,11,0,0,0,3,0,0,0,1,303,5,6,45.45,0,0,0,0,0,0,0,0
ubt,bintrie,5,4,storage_mixed_k1,4,,2761,5900119,1,69.1007,13.8989,4.5693,0.8475,88.7866,66.4528,8,1397,2,331,2,0,0,0,0,0,4,4,50,286,1111,20.47,2,0,100,331,0
ubt,bintrie,5,4,storage_mixed_k1,4,,2762,21000,1,0.0833,3.2239,4.2086,0.6242,8.312,2.5265,6,0,0,0,2,0,0,0,0,0,2,4,33.33,0,0,0,0,0,0,0,0
ubt,bintrie,5,4,storage_mixed_k1,4,,2763,0,0,0.0249,4.328,0.0015,0.092,4.6285,0,4,0,0,0,0,0,0,0,0,0,0,4,0,0,0,0,0,0,0,0,0
ubt,bintrie,5,4,storage_mixed_k1,5,,2764,0,0,0.0467,3.051,0.0018,0.1405,3.4444,0,4,0,0,0,0,0,0,0,0,0,0,4,0,0,0,0,0,0,0,0,0
ubt,bintrie,5,4,storage_mixed_k1,5,,2765,0,0,0.0545,3.4518,0.0013,0.1261,3.7848,0,4,0,0,0,0,0,0,0,0,0,0,4,0,0,0,0,0,0,0,0,0
ubt,bintrie,5,4,storage_mixed_k1,5,,2766,0,0,0.0343,3.347,0.0021,0.1724,3.7857,0,4,0,0,0,0,0,0,0,0,0,0,4,0,0,0,0,0,0,0,0,0
ubt,bintrie,5,4,storage_mixed_k1,5,,2767,91678,2,0.1467,3.4783,14.3662,4.9614,23.1142,3.9663,11,0,0,0,3,0,0,0,1,303,5,6,45.45,0,0,0,0,0,0,0,0
ubt,bintrie,5,4,storage_mixed_k1,5,,2768,5900119,1,73.8736,6.8955,2.4661,0.7153,84.1583,70.1074,8,1397,2,331,2,0,0,0,0,0,0,8,0,1100,297,78.74,2,0,100,331,0
ubt,bintrie,5,4,storage_mixed_k1,5,,2769,21000,1,0.0607,2.9562,3.6067,0.648,7.4702,2.8112,6,0,0,0,2,0,0,0,0,0,2,4,33.33,0,0,0,0,0,0,0,0
ubt,bintrie,5,4,storage_mixed_k1,5,,2770,0,0,0.0264,3.4551,0.002,0.2688,3.8915,0,4,0,0,0,0,0,0,0,0,0,0,4,0,0,0,0,0,0,0,0,0
ubt,bintrie,5,4,storage_mixed_k1,6,,2771,0,0,0.0538,3.3555,0.0022,0.1675,3.8334,0,4,0,0,0,0,0,0,0,0,0,0,4,0,0,0,0,0,0,0,0,0
ubt,bintrie,5,4,storage_mixed_k1,6,,2772,0,0,0.0373,5.1385,0.0017,0.1123,5.4465,0,4,0,0,0,0,0,0,0,0,0,0,4,0,0,0,0,0,0,0,0,0
ubt,bintrie,5,4,storage_mixed_k1,6,,2773,0,0,0.0264,13.6913,0.0022,0.1167,13.9861,0,4,0,0,0,0,0,0,0,0,0,0,4,0,0,0,0,0,0,0,0,0
ubt,bintrie,5,4,storage_mixed_k1,6,,2774,91678,2,0.1898,17.9596,2.6793,4.1667,25.1824,3.6406,11,0,0,0,3,0,0,0,1,303,5,6,45.45,0,0,0,0,0,0,0,0
ubt,bintrie,5,4,storage_mixed_k1,6,,2775,5900119,1,74.4518,14.9832,4.179,2.4487,96.3477,61.2378,8,1397,2,331,2,0,0,0,0,0,3,5,37.5,328,1069,23.48,2,0,100,331,0
ubt,bintrie,5,4,storage_mixed_k1,6,,2776,21000,1,0.4664,8.6768,8.0921,0.6742,23.9862,0.8755,6,0,0,0,2,0,0,0,0,0,2,4,33.33,0,0,0,0,0,0,0,0
ubt,bintrie,5,4,storage_mixed_k1,6,,2777,0,0,0.022,4.1469,0.0016,0.132,4.6238,0,4,0,0,0,0,0,0,0,0,0,0,4,0,0,0,0,0,0,0,0,0
ubt,bintrie,5,4,storage_mixed_k1,7,,2778,0,0,0.0319,3.1712,0.0017,0.1524,3.5488,0,4,0,0,0,0,0,0,0,0,0,0,4,0,0,0,0,0,0,0,0,0
ubt,bintrie,5,4,storage_mixed_k1,7,,2779,0,0,0.0361,3.09,0.0017,0.1742,3.4625,0,4,0,0,0,0,0,0,0,0,0,0,4,0,0,0,0,0,0,0,0,0
ubt,bintrie,5,4,storage_mixed_k1,7,,2780,0,0,0.0333,3.0837,0.0013,0.1263,3.4578,0,4,0,0,0,0,0,0,0,0,0,0,4,0,0,0,0,0,0,0,0,0
ubt,bintrie,5,4,storage_mixed_k1,7,,2781,91678,2,0.0957,21.5544,2.8208,5.1432,29.8107,3.0753,11,0,0,0,3,0,0,0,1,303,6,5,54.55,0,0,0,0,0,0,0,0
ubt,bintrie,5,4,storage_mixed_k1,7,,2782,5900119,1,72.3805,27.975,2.8159,0.6509,104.0628,56.6977,8,1397,2,331,2,0,0,0,0,0,3,5,37.5,483,914,34.57,2,0,100,331,0
ubt,bintrie,5,4,storage_mixed_k1,7,,2783,21000,1,0.0566,16.1713,2.409,0.5795,19.3773,1.0837,6,0,0,0,2,0,0,0,0,0,0,6,0,0,0,0,0,0,0,0,0
ubt,bintrie,5,4,storage_mixed_k1,7,,2784,0,0,0.0326,3.2724,0.0024,0.17,3.7112,0,4,0,0,0,0,0,0,0,0,0,0,4,0,0,0,0,0,0,0,0,0
ubt,bintrie,5,4,storage_mixed_k1,8,,2785,0,0,0.049,3.4286,0.0014,0.1699,3.8602,0,4,0,0,0,0,0,0,0,0,0,0,4,0,0,0,0,0,0,0,0,0
ubt,bintrie,5,4,storage_mixed_k1,8,,2786,0,0,0.0421,5.6974,0.0027,0.1478,6.2605,0,4,0,0,0,0,0,0,0,0,0,0,4,0,0,0,0,0,0,0,0,0
ubt,bintrie,5,4,storage_mixed_k1,8,,2787,0,0,0.0527,19.879,0.0026,0.2481,20.4017,0,4,0,0,0,0,0,0,0,0,0,0,4,0,0,0,0,0,0,0,0,0
ubt,bintrie,5,4,storage_mixed_k1,8,,2788,91678,2,0.1508,15.7546,14.0915,4.6533,34.8923,2.6275,11,0,0,0,3,0,0,0,1,303,5,6,45.45,0,0,0,0,0,0,0,0
ubt,bintrie,5,4,storage_mixed_k1,8,,2789,5900119,1,66.9332,17.485,2.4743,1.0337,88.225,66.8758,8,1397,2,331,2,0,0,0,0,0,3,5,37.5,114,1283,8.16,2,0,100,331,0
ubt,bintrie,5,4,storage_mixed_k1,8,,2790,21000,1,0.0728,3.0429,4.089,0.5764,8.0011,2.6247,6,0,0,0,2,0,0,0,0,0,2,4,33.33,0,0,0,0,0,0,0,0
ubt,bintrie,5,4,storage_mixed_k1,8,,2791,0,0,0.0351,3.5763,0.0023,0.1409,3.9727,0,4,0,0,0,0,0,0,0,0,0,0,4,0,0,0,0,0,0,0,0,0
ubt,bintrie,5,4,storage_mixed_k1,9,,2792,0,0,0.0535,4.1586,0.0022,0.1594,4.5745,0,4,0,0,0,0,0,0,0,0,0,0,4,0,0,0,0,0,0,0,0,0
ubt,bintrie,5,4,storage_mixed_k1,9,,2793,0,0,0.0348,3.1475,0.0014,0.0903,3.4994,0,4,0,0,0,0,0,0,0,0,0,0,4,0,0,0,0,0,0,0,0,0
ubt,bintrie,5,4,storage_mixed_k1,9,,2794,0,0,0.0319,19.9292,0.0022,0.1357,20.2731,0,4,0,0,0,0,0,0,0,0,0,0,4,0,0,0,0,0,0,0,0,0
ubt,bintrie,5,4,storage_mixed_k1,9,,2795,91678,2,0.1215,3.2748,14.5914,4.7861,22.9259,3.9989,11,0,0,0,3,0,0,0,1,303,5,6,45.45,0,0,0,0,0,0,0,0
ubt,bintrie,5,4,storage_mixed_k1,9,,2796,5900119,1,68.859,16.7898,2.6479,0.8987,89.558,65.8804,8,1397,2,331,2,0,0,0,0,0,0,8,0,305,1092,21.83,2,0,100,331,0
ubt,bintrie,5,4,storage_mixed_k1,9,,2797,21000,1,0.0621,4.3832,3.9316,0.648,9.2269,2.276,6,0,0,0,2,0,0,0,0,0,2,4,33.33,0,0,0,0,0,0,0,0
ubt,bintrie,5,4,storage_mixed_k1,9,,2798,0,0,0.0265,3.6434,0.0015,0.1761,3.9824,0,4,0,0,0,0,0,0,0,0,0,0,4,0,0,0,0,0,0,0,0,0
ubt,bintrie,5,4,storage_mixed_k10,10,,2939,0,0,0.0514,3.0379,0.0019,0.1693,3.4463,0,4,0,0,0,0,0,0,0,0,0,0,4,0,0,0,0,0,0,0,0,0
ubt,bintrie,5,4,storage_mixed_k10,10,,2940,0,0,0.0283,3.0252,0.0014,0.1022,3.3423,0,4,0,0,0,0,0,0,0,0,0,0,4,0,0,0,0,0,0,0,0,0
ubt,bintrie,5,4,storage_mixed_k10,10,,2941,0,0,0.0363,8.4937,0.0059,0.3094,9.0326,0,4,0,0,0,0,0,0,0,0,0,0,4,0,0,0,0,0,0,0,0,0
ubt,bintrie,5,4,storage_mixed_k10,10,,2942,91710,2,0.1896,8.3353,4.6621,5.2205,29.6717,3.0908,11,0,0,0,3,0,0,0,1,305,5,6,45.45,0,0,0,0,0,0,0,0
ubt,bintrie,5,4,storage_mixed_k10,10,,2943,5900601,1,84.9939,17.458,2.5232,0.6865,108.1612,54.5538,17,1396,11,585,2,0,0,0,0,0,7,10,41.18,661,735,47.35,11,0,100,585,0
ubt,bintrie,5,4,storage_mixed_k10,10,,2944,21000,1,0.0541,2.962,25.6404,0.6305,29.4292,0.7136,6,0,0,0,2,0,0,0,0,0,2,4,33.33,0,0,0,0,0,0,0,0
ubt,bintrie,5,4,storage_mixed_k10,10,,2945,0,0,0.0362,6.701,0.0024,0.2795,7.3393,0,4,0,0,0,0,0,0,0,0,0,0,4,0,0,0,0,0,0,0,0,0
ubt,bintrie,5,4,storage_mixed_k10,11,,2946,0,0,0.0377,3.4739,0.0018,0.1733,3.8539,0,4,0,0,0,0,0,0,0,0,0,0,4,0,0,0,0,0,0,0,0,0
ubt,bintrie,5,4,storage_mixed_k10,11,,2947,0,0,0.0207,3.0877,0.0013,0.1688,3.4143,0,4,0,0,0,0,0,0,0,0,0,0,4,0,0,0,0,0,0,0,0,0
ubt,bintrie,5,4,storage_mixed_k10,11,,2948,0,0,0.0244,3.041,0.0015,0.1057,3.3875,0,4,0,0,0,0,0,0,0,0,0,0,4,0,0,0,0,0,0,0,0,0
ubt,bintrie,5,4,storage_mixed_k10,11,,2949,91710,2,0.1177,23.4841,2.7013,4.8653,31.3346,2.9268,11,0,0,0,3,0,0,0,1,305,5,6,45.45,0,0,0,0,0,0,0,0
ubt,bintrie,5,4,storage_mixed_k10,11,,2950,5900601,1,77.5195,8.7234,3.217,0.8816,90.9839,64.8533,17,1396,11,585,2,0,0,0,0,0,13,4,76.47,1288,108,92.26,11,0,100,585,0
ubt,bintrie,5,4,storage_mixed_k10,11,,2951,21000,1,0.0711,15.0641,16.3802,0.5759,32.2932,0.6503,6,0,0,0,2,0,0,0,0,0,2,4,33.33,0,0,0,0,0,0,0,0
ubt,bintrie,5,4,storage_mixed_k10,11,,2952,0,0,0.0291,2.9996,0.0013,0.389,3.8864,0,4,0,0,0,0,0,0,0,0,0,0,4,0,0,0,0,0,0,0,0,0
ubt,bintrie,5,4,storage_mixed_k10,12,,2953,0,0,0.0462,3.1531,0.0019,0.1911,3.6101,0,4,0,0,0,0,0,0,0,0,0,0,4,0,0,0,0,0,0,0,0,0
ubt,bintrie,5,4,storage_mixed_k10,12,,2954,0,0,0.0328,2.8244,0.0015,0.1225,3.16,0,4,0,0,0,0,0,0,0,0,0,0,4,0,0,0,0,0,0,0,0,0
ubt,bintrie,5,4,storage_mixed_k10,12,,2955,0,0,0.0518,4.3962,0.0022,0.1504,4.8793,0,4,0,0,0,0,0,0,0,0,0,0,4,0,0,0,0,0,0,0,0,0
ubt,bintrie,5,4,storage_mixed_k10,12,,2956,91710,2,0.1467,25.2277,2.5917,4.7658,32.9219,2.7857,11,0,0,0,3,0,0,0,1,305,6,5,54.55,0,0,0,0,0,0,0,0
ubt,bintrie,5,4,storage_mixed_k10,12,,2957,5900601,1,68.0921,25.4914,6.6313,2.4015,103.0985,57.2327,17,1396,11,585,2,0,0,0,0,0,8,9,47.06,290,1106,20.77,11,0,100,585,0
ubt,bintrie,5,4,storage_mixed_k10,12,,2958,21000,1,0.0681,4.4584,2.5113,0.661,7.8851,2.6632,6,0,0,0,2,0,0,0,0,0,2,4,33.33,0,0,0,0,0,0,0,0
ubt,bintrie,5,4,storage_mixed_k10,12,,2959,0,0,0.0336,4.3932,0.0027,0.169,4.7535,0,4,0,0,0,0,0,0,0,0,0,0,4,0,0,0,0,0,0,0,0,0
ubt,bintrie,5,4,storage_mixed_k10,13,,2960,0,0,0.0354,6.7896,0.0049,0.1835,7.2272,0,4,0,0,0,0,0,0,0,0,0,0,4,0,0,0,0,0,0,0,0,0
ubt,bintrie,5,4,storage_mixed_k10,13,,2961,0,0,0.0235,3.0368,0.0014,0.1116,3.3279,0,4,0,0,0,0,0,0,0,0,0,0,4,0,0,0,0,0,0,0,0,0
ubt,bintrie,5,4,storage_mixed_k10,13,,2962,0,0,0.0899,15.9725,0.0025,0.158,16.478,0,4,0,0,0,0,0,0,0,0,0,0,4,0,0,0,0,0,0,0,0,0
ubt,bintrie,5,4,storage_mixed_k10,13,,2963,91710,2,0.1234,3.0897,17.0671,6.1134,26.6105,3.4464,11,0,0,0,3,0,0,0,1,305,5,6,45.45,0,0,0,0,0,0,0,0
ubt,bintrie,5,4,storage_mixed_k10,13,,2964,5900601,1,67.7635,14.3675,3.1078,0.6559,86.0616,68.5625,17,1396,11,585,2,0,0,0,0,0,6,11,35.29,381,1015,27.29,11,0,100,585,0
ubt,bintrie,5,4,storage_mixed_k10,13,,2965,21000,1,0.1471,3.5043,14.1825,0.5963,18.586,1.1299,6,0,0,0,2,0,0,0,0,0,0,6,0,0,0,0,0,0,0,0,0
ubt,bintrie,5,4,storage_mixed_k10,14,,2967,0,0,0.295,6.4602,0.0016,0.2121,7.2329,0,4,0,0,0,0,0,0,0,0,0,0,4,0,0,0,0,0,0,0,0,0
ubt,bintrie,5,4,storage_mixed_k10,14,,2968,0,0,0.0235,2.781,0.0015,0.1081,3.0695,0,4,0,0,0,0,0,0,0,0,0,0,4,0,0,0,0,0,0,0,0,0
ubt,bintrie,5,4,storage_mixed_k10,14,,2969,0,0,0.0394,17.7107,0.0027,0.1508,18.0836,0,4,0,0,0,0,0,0,0,0,0,0,4,0,0,0,0,0,0,0,0,0
ubt,bintrie,5,4,storage_mixed_k10,14,,2970,91710,2,0.1243,3.255,15.5715,4.8813,23.9641,3.827,11,0,0,0,3,0,0,0,1,305,5,6,45.45,0,0,0,0,0,0,0,0
ubt,bintrie,5,4,storage_mixed_k10,14,,2971,5900601,1,77.7608,19.6308,2.5985,1.8542,102.3425,57.6554,17,1396,11,585,2,0,0,0,0,0,3,14,17.65,279,1117,19.99,11,0,100,585,0
ubt,bintrie,5,4,storage_mixed_k10,14,,2972,21000,1,0.0592,2.917,3.1663,0.6008,6.9701,3.0129,6,0,0,0,2,0,0,0,0,0,2,4,33.33,0,0,0,0,0,0,0,0
ubt,bintrie,5,4,storage_mixed_k10,14,,2973,0,0,0.027,3.1479,0.0017,0.1364,3.4547,0,4,0,0,0,0,0,0,0,0,0,0,4,0,0,0,0,0,0,0,0,0
ubt,bintrie,5,4,storage_mixed_k10,15,,2974,0,0,0.0493,3.2113,0.0017,0.2033,3.6208,0,4,0,0,0,0,0,0,0,0,0,0,4,0,0,0,0,0,0,0,0,0
ubt,bintrie,5,4,storage_mixed_k10,15,,2975,0,0,0.0448,3.3776,0.002,0.121,3.7591,0,4,0,0,0,0,0,0,0,0,0,0,4,0,0,0,0,0,0,0,0,0
ubt,bintrie,5,4,storage_mixed_k10,15,,2976,0,0,0.0347,23.1602,0.0048,0.1223,23.4961,0,4,0,0,0,0,0,0,0,0,0,0,4,0,0,0,0,0,0,0,0,0
ubt,bintrie,5,4,storage_mixed_k10,15,,2977,91710,2,0.164,21.426,2.8424,4.613,29.179,3.143,11,0,0,0,3,0,0,0,1,305,5,6,45.45,0,0,0,0,0,0,0,0
ubt,bintrie,5,4,storage_mixed_k10,15,,2978,5900601,1,66.7246,29.819,2.5718,0.591,99.8781,59.078,17,1396,11,585,2,0,0,0,0,0,7,10,41.18,628,768,44.99,11,0,100,585,0
ubt,bintrie,5,4,storage_mixed_k10,15,,2979,21000,1,0.0682,18.0945,2.4244,0.5924,21.3702,0.9827,6,0,0,0,2,0,0,0,0,0,2,4,33.33,0,0,0,0,0,0,0,0
ubt,bintrie,5,4,storage_mixed_k10,15,,2980,0,0,0.0217,2.9822,0.0014,0.1213,3.306,0,4,0,0,0,0,0,0,0,0,0,0,4,0,0,0,0,0,0,0,0,0
ubt,bintrie,5,4,storage_mixed_k10,16,,2981,0,0,0.2247,3.9689,0.002,0.2297,4.7125,0,4,0,0,0,0,0,0,0,0,0,0,4,0,0,0,0,0,0,0,0,0
ubt,bintrie,5,4,storage_mixed_k10,16,,2982,0,0,0.0293,3.1591,0.0015,0.0862,3.5022,0,4,0,0,0,0,0,0,0,0,0,0,4,0,0,0,0,0,0,0,0,0
ubt,bintrie,5,4,storage_mixed_k10,16,,2983,0,0,0.028,13.548,0.0018,0.1008,13.8373,0,4,0,0,0,0,0,0,0,0,0,0,4,0,0,0,0,0,0,0,0,0
ubt,bintrie,5,4,storage_mixed_k10,16,,2984,91710,2,0.1353,10.3616,5.634,4.6884,23.6107,3.8843,11,0,0,0,3,0,0,0,1,305,5,6,45.45,0,0,0,0,0,0,0,0
ubt,bintrie,5,4,storage_mixed_k10,16,,2985,5900601,1,76.8942,21.2363,3.4173,0.64,102.4334,57.6043,17,1396,11,585,2,0,0,0,0,0,9,8,52.94,936,460,67.05,11,0,100,585,0
ubt,bintrie,5,4,storage_mixed_k10,16,,2986,21000,1,0.0637,17.9371,2.6907,0.5938,24.7977,0.8469,6,0,0,0,2,0,0,0,0,0,2,4,33.33,0,0,0,0,0,0,0,0
ubt,bintrie,5,4,storage_mixed_k10,16,,2987,0,0,0.0296,2.7787,0.0014,0.0915,3.039,0,4,0,0,0,0,0,0,0,0,0,0,4,0,0,0,0,0,0,0,0,0
ubt,bintrie,5,4,storage_mixed_k10,17,,2988,0,0,0.0433,3.2327,0.0025,0.1637,3.6239,0,4,0,0,0,0,0,0,0,0,0,0,4,0,0,0,0,0,0,0,0,0
ubt,bintrie,5,4,storage_mixed_k10,17,,2989,0,0,0.0212,2.7092,0.0016,0.1102,3.0317,0,4,0,0,0,0,0,0,0,0,0,0,4,0,0,0,0,0,0,0,0,0
ubt,bintrie,5,4,storage_mixed_k10,17,,2990,0,0,0.0379,17.1239,0.0024,0.1333,17.5922,0,4,0,0,0,0,0,0,0,0,0,0,4,0,0,0,0,0,0,0,0,0
ubt,bintrie,5,4,storage_mixed_k10,17,,2991,91710,2,0.217,6.3747,15.2086,5.0179,26.9936,3.3975,11,0,0,0,3,0,0,0,1,305,5,6,45.45,0,0,0,0,0,0,0,0
ubt,bintrie,5,4,storage_mixed_k10,17,,2992,5900601,1,73.3243,14.962,2.8759,8.4139,100.0023,59.0046,17,1396,11,585,2,0,0,0,0,0,10,7,58.82,788,608,56.45,11,0,100,585,0
ubt,bintrie,5,4,storage_mixed_k10,17,,2993,21000,1,0.056,2.8115,2.6184,0.5845,6.2504,3.3598,6,0,0,0,2,0,0,0,0,0,0,6,0,0,0,0,0,0,0,0,0
ubt,bintrie,5,4,storage_mixed_k10,17,,2994,0,0,0.0259,2.6861,0.0021,0.1088,2.9957,0,4,0,0,0,0,0,0,0,0,0,0,4,0,0,0,0,0,0,0,0,0
ubt,bintrie,5,4,storage_mixed_k10,18,,2995,0,0,0.0519,3.2355,0.002,0.1649,3.6689,0,4,0,0,0,0,0,0,0,0,0,0,4,0,0,0,0,0,0,0,0,0
ubt,bintrie,5,4,storage_mixed_k10,18,,2996,0,0,0.022,2.6379,0.0016,0.0799,2.8709,0,4,0,0,0,0,0,0,0,0,0,0,4,0,0,0,0,0,0,0,0,0
ubt,bintrie,5,4,storage_mixed_k10,18,,2997,0,0,0.0324,18.7196,0.0019,0.0945,19.1381,0,4,0,0,0,0,0,0,0,0,0,0,4,0,0,0,0,0,0,0,0,0
ubt,bintrie,5,4,storage_mixed_k10,18,,2998,91710,2,0.1141,21.3078,2.6672,4.6652,28.9223,3.1709,11,0,0,0,3,0,0,0,1,305,6,5,54.55,0,0,0,0,0,0,0,0
ubt,bintrie,5,4,storage_mixed_k10,18,,2999,5900601,1,92.2584,18.1241,3.4406,0.6128,114.6152,51.4819,17,1396,11,585,2,0,0,0,0,0,4,13,23.53,45,1351,3.22,11,0,100,585,0
ubt,bintrie,5,4,storage_mixed_k10,18,,3000,21000,1,0.0589,14.4959,21.422,0.579,36.7311,0.5717,6,0,0,0,2,0,0,0,0,0,2,4,33.33,0,0,0,0,0,0,0,0
ubt,bintrie,5,4,storage_mixed_k10,18,,3001,0,0,0.0229,2.6952,0.0019,0.2233,3.2423,0,4,0,0,0,0,0,0,0,0,0,0,4,0,0,0,0,0,0,0,0,0
ubt,bintrie,5,4,storage_mixed_k10,19,,3002,0,0,0.0464,3.4895,0.0017,0.2528,4.0698,0,4,0,0,0,0,0,0,0,0,0,0,4,0,0,0,0,0,0,0,0,0
ubt,bintrie,5,4,storage_mixed_k10,19,,3003,0,0,0.0439,3.2491,0.0021,0.111,3.6105,0,4,0,0,0,0,0,0,0,0,0,0,4,0,0,0,0,0,0,0,0,0
ubt,bintrie,5,4,storage_mixed_k10,19,,3004,0,0,0.1661,3.6266,0.0031,0.1244,4.1915,0,4,0,0,0,0,0,0,0,0,0,0,4,0,0,0,0,0,0,0,0,0
ubt,bintrie,5,4,storage_mixed_k10,19,,3005,91710,2,0.1759,17.415,13.8381,5.067,36.6359,2.5033,11,0,0,0,3,0,0,0,1,305,5,6,45.45,0,0,0,0,0,0,0,0
ubt,bintrie,5,4,storage_mixed_k10,19,,3006,5900601,1,75.0673,17.3974,4.2706,2.1748,99.0737,59.5577,17,1396,11,585,2,0,0,0,0,0,4,13,23.53,219,1177,15.69,11,0,100,585,0
ubt,bintrie,5,4,storage_mixed_k10,19,,3007,21000,1,0.0645,14.5391,3.425,1.2082,19.4188,1.0814,6,0,0,0,2,0,0,0,0,0,2,4,33.33,0,0,0,0,0,0,0,0
ubt,bintrie,5,4,storage_mixed_k10,1,,2876,0,0,0.0591,3.8654,0.0022,0.4076,4.7749,0,4,0,0,0,0,0,0,0,0,0,0,4,0,0,0,0,0,0,0,0,0
ubt,bintrie,5,4,storage_mixed_k10,1,,2877,0,0,0.0379,3.3497,0.0018,0.1186,3.6671,0,4,0,0,0,0,0,0,0,0,0,0,4,0,0,0,0,0,0,0,0,0
ubt,bintrie,5,4,storage_mixed_k10,1,,2878,0,0,0.0241,2.6589,0.001,0.085,2.9113,0,4,0,0,0,0,0,0,0,0,0,0,4,0,0,0,0,0,0,0,0,0
ubt,bintrie,5,4,storage_mixed_k10,1,,2879,91710,2,1.4115,22.6883,2.9279,4.6221,31.8477,2.8796,11,0,0,0,3,0,0,0,1,305,5,6,45.45,0,0,0,0,0,0,0,0
ubt,bintrie,5,4,storage_mixed_k10,1,,2880,5900601,1,76.3335,15.0906,3.7335,0.685,96.0597,61.4264,17,1396,11,585,2,0,0,0,0,0,4,13,23.53,757,639,54.23,11,0,100,585,0
ubt,bintrie,5,4,storage_mixed_k10,1,,2881,21000,1,0.0669,15.7197,15.8257,0.8661,32.7002,0.6422,6,0,0,0,2,0,0,0,0,0,2,4,33.33,0,0,0,0,0,0,0,0
ubt,bintrie,5,4,storage_mixed_k10,1,,2882,0,0,0.035,3.4993,0.0022,0.3818,4.3908,0,4,0,0,0,0,0,0,0,0,0,0,4,0,0,0,0,0,0,0,0,0
ubt,bintrie,5,4,storage_mixed_k10,20,,3009,0,0,0.0504,3.2096,0.0022,0.2534,4.0198,0,4,0,0,0,0,0,0,0,0,0,0,4,0,0,0,0,0,0,0,0,0
ubt,bintrie,5,4,storage_mixed_k10,20,,3010,0,0,0.0211,2.7771,0.0012,0.1004,3.0312,0,4,0,0,0,0,0,0,0,0,0,0,4,0,0,0,0,0,0,0,0,0
ubt,bintrie,5,4,storage_mixed_k10,20,,3011,0,0,0.0229,2.809,0.0014,0.2277,3.355,0,4,0,0,0,0,0,0,0,0,0,0,4,0,0,0,0,0,0,0,0,0
ubt,bintrie,5,4,storage_mixed_k10,20,,3012,91710,2,0.131,21.9444,2.6791,4.6205,29.568,3.1017,11,0,0,0,3,0,0,0,1,305,6,5,54.55,0,0,0,0,0,0,0,0
ubt,bintrie,5,4,storage_mixed_k10,20,,3013,5900601,1,73.915,17.6937,3.47,0.71,96.0285,61.4463,17,1396,11,585,2,0,0,0,0,0,9,8,52.94,140,1256,10.03,11,0,100,585,0
ubt,bintrie,5,4,storage_mixed_k10,20,,3014,21000,1,0.0702,18.2907,20.0872,0.6742,39.3143,0.5342,6,0,0,0,2,0,0,0,0,0,2,4,33.33,0,0,0,0,0,0,0,0
ubt,bintrie,5,4,storage_mixed_k10,20,,3015,0,0,0.0226,2.7503,0.0016,0.2668,3.5024,0,4,0,0,0,0,0,0,0,0,0,0,4,0,0,0,0,0,0,0,0,0
ubt,bintrie,5,4,storage_mixed_k10,2,,2883,0,0,0.0498,5.8187,0.0024,0.2059,6.2755,0,4,0,0,0,0,0,0,0,0,0,0,4,0,0,0,0,0,0,0,0,0
ubt,bintrie,5,4,storage_mixed_k10,2,,2884,0,0,0.0395,3.1805,0.0013,0.1223,3.4736,0,4,0,0,0,0,0,0,0,0,0,0,4,0,0,0,0,0,0,0,0,0
ubt,bintrie,5,4,storage_mixed_k10,2,,2885,0,0,0.0273,2.9076,0.0017,0.0931,3.2061,0,4,0,0,0,0,0,0,0,0,0,0,4,0,0,0,0,0,0,0,0,0
ubt,bintrie,5,4,storage_mixed_k10,2,,2886,91710,2,0.1336,21.8198,2.9252,4.8516,29.9367,3.0635,11,0,0,0,3,0,0,0,1,305,5,6,45.45,0,0,0,0,0,0,0,0
ubt,bintrie,5,4,storage_mixed_k10,2,,2887,5900601,1,72.9665,16.3664,2.5735,0.6669,92.75,63.6183,17,1396,11,585,2,0,0,0,0,0,5,12,29.41,450,946,32.23,11,0,100,585,0
ubt,bintrie,5,4,storage_mixed_k10,2,,2888,21000,1,0.0756,16.4548,22.2652,0.6782,39.6953,0.529,6,0,0,0,2,0,0,0,0,0,2,4,33.33,0,0,0,0,0,0,0,0
ubt,bintrie,5,4,storage_mixed_k10,2,,2889,0,0,0.028,2.7477,0.002,0.1746,3.1749,0,4,0,0,0,0,0,0,0,0,0,0,4,0,0,0,0,0,0,0,0,0
ubt,bintrie,5,4,storage_mixed_k10,3,,2890,0,0,0.0432,2.8443,0.0021,0.2146,3.2765,0,4,0,0,0,0,0,0,0,0,0,0,4,0,0,0,0,0,0,0,0,0
ubt,bintrie,5,4,storage_mixed_k10,3,,2891,0,0,0.0452,3.3571,0.0022,0.1591,3.8374,0,4,0,0,0,0,0,0,0,0,0,0,4,0,0,0,0,0,0,0,0,0
ubt,bintrie,5,4,storage_mixed_k10,3,,2892,0,0,0.0317,3.1131,0.0016,0.1221,3.4563,0,4,0,0,0,0,0,0,0,0,0,0,4,0,0,0,0,0,0,0,0,0
ubt,bintrie,5,4,storage_mixed_k10,3,,2893,91710,2,0.1859,3.4053,17.9177,4.5441,26.5165,3.4586,11,0,0,0,3,0,0,0,1,305,5,6,45.45,0,0,0,0,0,0,0,0
ubt,bintrie,5,4,storage_mixed_k10,3,,2894,5900601,1,86.9976,17.9833,3.3123,0.7821,109.7069,53.7851,17,1396,11,585,2,0,0,0,0,0,1,16,5.88,579,817,41.48,11,0,100,585,0
ubt,bintrie,5,4,storage_mixed_k10,3,,2895,21000,1,0.0661,2.8766,2.409,0.6557,6.1728,3.402,6,0,0,0,2,0,0,0,0,0,2,4,33.33,0,0,0,0,0,0,0,0
ubt,bintrie,5,4,storage_mixed_k10,3,,2896,0,0,0.0253,2.8489,0.002,0.1191,3.1729,0,4,0,0,0,0,0,0,0,0,0,0,4,0,0,0,0,0,0,0,0,0
ubt,bintrie,5,4,storage_mixed_k10,4,,2897,0,0,0.0512,8.7433,0.0022,0.2233,9.4623,0,4,0,0,0,0,0,0,0,0,0,0,4,0,0,0,0,0,0,0,0,0
ubt,bintrie,5,4,storage_mixed_k10,4,,2898,0,0,0.0349,3.267,0.0021,0.1267,3.6393,0,4,0,0,0,0,0,0,0,0,0,0,4,0,0,0,0,0,0,0,0,0
ubt,bintrie,5,4,storage_mixed_k10,4,,2899,0,0,0.0426,25.7132,0.0025,0.1168,26.0493,0,4,0,0,0,0,0,0,0,0,0,0,4,0,0,0,0,0,0,0,0,0
ubt,bintrie,5,4,storage_mixed_k10,4,,2900,91710,2,0.1561,14.7359,13.6583,4.6157,33.377,2.7477,11,0,0,0,3,0,0,0,1,305,5,6,45.45,0,0,0,0,0,0,0,0
ubt,bintrie,5,4,storage_mixed_k10,4,,2901,5900601,1,72.1482,13.1416,2.8368,0.7506,89.3844,66.0138,17,1396,11,585,2,0,0,0,0,0,4,13,23.53,631,765,45.2,11,0,100,585,0
ubt,bintrie,5,4,storage_mixed_k10,4,,2902,21000,1,0.0698,3.897,4.7959,0.6021,9.5198,2.2059,6,0,0,0,2,0,0,0,0,0,2,4,33.33,0,0,0,0,0,0,0,0
ubt,bintrie,5,4,storage_mixed_k10,4,,2903,0,0,0.0374,3.7451,0.0016,0.2999,4.2872,0,4,0,0,0,0,0,0,0,0,0,0,4,0,0,0,0,0,0,0,0,0
ubt,bintrie,5,4,storage_mixed_k10,5,,2904,0,0,0.1179,3.35,0.0032,0.2145,4.04,0,4,0,0,0,0,0,0,0,0,0,0,4,0,0,0,0,0,0,0,0,0
ubt,bintrie,5,4,storage_mixed_k10,5,,2905,0,0,0.0368,3.1825,0.0019,0.1191,3.5609,0,4,0,0,0,0,0,0,0,0,0,0,4,0,0,0,0,0,0,0,0,0
ubt,bintrie,5,4,storage_mixed_k10,5,,2906,0,0,0.0456,25.5277,0.0025,0.3436,26.4362,0,4,0,0,0,0,0,0,0,0,0,0,4,0,0,0,0,0,0,0,0,0
ubt,bintrie,5,4,storage_mixed_k10,5,,2907,91710,2,0.1276,15.1275,21.4779,4.7409,41.6679,2.201,11,0,0,0,3,0,0,0,1,305,5,6,45.45,0,0,0,0,0,0,0,0
ubt,bintrie,5,4,storage_mixed_k10,5,,2908,5900601,1,76.6887,15.5092,3.4174,0.6484,96.4846,61.1559,17,1396,11,585,2,0,0,0,0,0,6,11,35.29,314,1082,22.49,11,0,100,585,0
ubt,bintrie,5,4,storage_mixed_k10,5,,2909,21000,1,0.0682,5.5734,22.5305,0.6829,29.0576,0.7227,6,0,0,0,2,0,0,0,0,0,2,4,33.33,0,0,0,0,0,0,0,0
ubt,bintrie,5,4,storage_mixed_k10,5,,2910,0,0,0.0398,6.6185,0.0019,0.2092,7.0946,0,4,0,0,0,0,0,0,0,0,0,0,4,0,0,0,0,0,0,0,0,0
ubt,bintrie,5,4,storage_mixed_k10,6,,2911,0,0,0.0377,2.7602,0.0017,0.1948,3.1783,0,4,0,0,0,0,0,0,0,0,0,0,4,0,0,0,0,0,0,0,0,0
ubt,bintrie,5,4,storage_mixed_k10,6,,2912,0,0,0.0393,3.3924,0.0057,0.1198,3.7385,0,4,0,0,0,0,0,0,0,0,0,0,4,0,0,0,0,0,0,0,0,0
ubt,bintrie,5,4,storage_mixed_k10,6,,2913,0,0,0.0309,3.4847,0.002,0.1597,3.8688,0,4,0,0,0,0,0,0,0,0,0,0,4,0,0,0,0,0,0,0,0,0
ubt,bintrie,5,4,storage_mixed_k10,6,,2914,91710,2,0.1263,21.3527,6.5236,4.7492,32.9701,2.7816,11,0,0,0,3,0,0,0,1,305,5,6,45.45,0,0,0,0,0,0,0,0
ubt,bintrie,5,4,storage_mixed_k10,6,,2915,5900601,1,66.963,31.3245,6.4613,1.3323,106.4034,55.455,17,1396,11,585,2,0,0,0,0,0,10,7,58.82,403,993,28.87,11,0,100,585,0
ubt,bintrie,5,4,storage_mixed_k10,6,,2916,21000,1,0.0659,4.3963,2.7566,0.6291,8.0064,2.6229,6,0,0,0,2,0,0,0,0,0,2,4,33.33,0,0,0,0,0,0,0,0
ubt,bintrie,5,4,storage_mixed_k10,6,,2917,0,0,0.0257,2.9176,0.0013,0.0969,3.1791,0,4,0,0,0,0,0,0,0,0,0,0,4,0,0,0,0,0,0,0,0,0
ubt,bintrie,5,4,storage_mixed_k10,7,,2918,0,0,0.0362,2.8755,0.0014,0.1827,3.2547,0,4,0,0,0,0,0,0,0,0,0,0,4,0,0,0,0,0,0,0,0,0
ubt,bintrie,5,4,storage_mixed_k10,7,,2919,0,0,0.0488,3.6997,0.0016,0.1332,4.2234,0,4,0,0,0,0,0,0,0,0,0,0,4,0,0,0,0,0,0,0,0,0
ubt,bintrie,5,4,storage_mixed_k10,7,,2920,0,0,0.0258,14.704,0.0026,0.3266,15.7446,0,4,0,0,0,0,0,0,0,0,0,0,4,0,0,0,0,0,0,0,0,0
ubt,bintrie,5,4,storage_mixed_k10,7,,2921,91710,2,0.1473,14.7743,13.5073,4.8254,33.4308,2.7433,11,0,0,0,3,0,0,0,1,305,6,5,54.55,0,0,0,0,0,0,0,0
ubt,bintrie,5,4,storage_mixed_k10,7,,2922,5900601,1,72.4411,15.5887,2.6798,8.0097,99.0266,59.586,17,1396,11,585,2,0,0,0,0,0,6,11,35.29,646,750,46.28,11,0,100,585,0
ubt,bintrie,5,4,storage_mixed_k10,7,,2923,21000,1,0.0568,2.9117,2.4139,0.5601,6.1862,3.3946,6,0,0,0,2,0,0,0,0,0,2,4,33.33,0,0,0,0,0,0,0,0
ubt,bintrie,5,4,storage_mixed_k10,7,,2924,0,0,0.0203,2.6812,0.0013,0.1122,2.9659,0,4,0,0,0,0,0,0,0,0,0,0,4,0,0,0,0,0,0,0,0,0
ubt,bintrie,5,4,storage_mixed_k10,8,,2925,0,0,0.0452,2.6896,0.0018,0.2507,3.2376,0,4,0,0,0,0,0,0,0,0,0,0,4,0,0,0,0,0,0,0,0,0
ubt,bintrie,5,4,storage_mixed_k10,8,,2926,0,0,0.0307,3.2271,0.0017,0.1104,3.5292,0,4,0,0,0,0,0,0,0,0,0,0,4,0,0,0,0,0,0,0,0,0
ubt,bintrie,5,4,storage_mixed_k10,8,,2927,0,0,0.0262,14.6246,0.0027,0.2375,15.0847,0,4,0,0,0,0,0,0,0,0,0,0,4,0,0,0,0,0,0,0,0,0
ubt,bintrie,5,4,storage_mixed_k10,8,,2928,91710,2,0.1237,13.9097,13.7673,5.05,33.0177,2.7776,11,0,0,0,3,0,0,0,1,305,6,5,54.55,0,0,0,0,0,0,0,0
ubt,bintrie,5,4,storage_mixed_k10,8,,2929,5900601,1,66.064,20.9525,2.8124,0.9123,91.2494,64.6646,17,1396,11,585,2,0,0,0,0,0,1,16,5.88,197,1199,14.11,11,0,100,585,0
ubt,bintrie,5,4,storage_mixed_k10,8,,2930,21000,1,0.0672,4.4096,2.5449,0.6515,7.8751,2.6666,6,0,0,0,2,0,0,0,0,0,2,4,33.33,0,0,0,0,0,0,0,0
ubt,bintrie,5,4,storage_mixed_k10,8,,2931,0,0,0.0313,2.9874,0.0015,0.1113,3.3161,0,4,0,0,0,0,0,0,0,0,0,0,4,0,0,0,0,0,0,0,0,0
ubt,bintrie,5,4,storage_mixed_k10,9,,2932,0,0,0.0332,2.8071,0.0012,0.1941,3.2075,0,4,0,0,0,0,0,0,0,0,0,0,4,0,0,0,0,0,0,0,0,0
ubt,bintrie,5,4,storage_mixed_k10,9,,2933,0,0,0.0283,3.5725,0.0017,0.105,3.8543,0,4,0,0,0,0,0,0,0,0,0,0,4,0,0,0,0,0,0,0,0,0
ubt,bintrie,5,4,storage_mixed_k10,9,,2934,0,0,0.0313,17.4991,0.0028,0.1376,18.1702,0,4,0,0,0,0,0,0,0,0,0,0,4,0,0,0,0,0,0,0,0,0
ubt,bintrie,5,4,storage_mixed_k10,9,,2935,91710,2,0.1478,22.1787,3.0345,4.5202,30.1304,3.0438,11,0,0,0,3,0,0,0,1,305,5,6,45.45,0,0,0,0,0,0,0,0
ubt,bintrie,5,4,storage_mixed_k10,9,,2936,5900601,1,74.2125,20.9323,3.4047,4.9084,103.759,56.8683,17,1396,11,585,2,0,0,0,0,0,8,9,47.06,415,981,29.73,11,0,100,585,0
ubt,bintrie,5,4,storage_mixed_k10,9,,2937,21000,1,0.0579,4.4672,2.4049,0.6709,7.7616,2.7056,6,0,0,0,2,0,0,0,0,0,2,4,33.33,0,0,0,0,0,0,0,0
ubt,bintrie,5,4,storage_mixed_k10,9,,2938,0,0,0.1611,5.0331,0.0061,0.2331,8.5361,0,4,0,0,0,0,0,0,0,0,0,0,4,0,0,0,0,0,0,0,0,0
ubt,bintrie,5,4,storage_mixed_k100,10,,3080,0,0,0.063,4.7093,0.0022,0.5639,5.9949,0,4,0,0,0,0,0,0,0,0,0,0,4,0,0,0,0,0,0,0,0,0
ubt,bintrie,5,4,storage_mixed_k100,10,,3081,0,0,0.0229,3.0853,0.002,0.1115,3.3724,0,4,0,0,0,0,0,0,0,0,0,0,4,0,0,0,0,0,0,0,0,0
ubt,bintrie,5,4,storage_mixed_k100,10,,3082,0,0,0.0293,5.3815,0.0022,0.1096,5.6632,0,4,0,0,0,0,0,0,0,0,0,0,4,0,0,0,0,0,0,0,0,0
ubt,bintrie,5,4,storage_mixed_k100,10,,3083,91710,2,0.1742,16.282,2.8538,4.8417,24.302,3.7738,11,0,0,0,3,0,0,0,1,305,5,6,45.45,0,0,0,0,0,0,0,0
ubt,bintrie,5,4,storage_mixed_k100,10,,3084,5902152,1,60.8089,23.8093,2.4498,0.7589,88.3078,66.8362,107,1390,101,3105,2,0,0,0,0,0,17,90,15.89,347,1043,24.96,101,0,100,3105,0
ubt,bintrie,5,4,storage_mixed_k100,10,,3085,21000,1,0.0582,21.6849,2.5001,0.6525,25.0571,0.8381,6,0,0,0,2,0,0,0,0,0,2,4,33.33,0,0,0,0,0,0,0,0
ubt,bintrie,5,4,storage_mixed_k100,10,,3086,0,0,0.03,2.9268,0.0022,0.1412,3.2633,0,4,0,0,0,0,0,0,0,0,0,0,4,0,0,0,0,0,0,0,0,0
ubt,bintrie,5,4,storage_mixed_k100,11,,3087,0,0,0.0502,3.3535,0.0023,0.2444,3.868,0,4,0,0,0,0,0,0,0,0,0,0,4,0,0,0,0,0,0,0,0,0
ubt,bintrie,5,4,storage_mixed_k100,11,,3088,0,0,0.0261,2.8721,0.0018,0.098,3.1884,0,4,0,0,0,0,0,0,0,0,0,0,4,0,0,0,0,0,0,0,0,0
ubt,bintrie,5,4,storage_mixed_k100,11,,3089,0,0,0.0386,19.596,0.0018,0.0989,19.9288,0,4,0,0,0,0,0,0,0,0,0,0,4,0,0,0,0,0,0,0,0,0
ubt,bintrie,5,4,storage_mixed_k100,11,,3090,91710,2,0.1274,16.003,14.8925,5.6376,36.9458,2.4823,11,0,0,0,3,0,0,0,1,305,5,6,45.45,0,0,0,0,0,0,0,0
ubt,bintrie,5,4,storage_mixed_k100,11,,3091,5902152,1,61.3853,19.1974,2.5641,0.7154,84.448,69.891,107,1390,101,3105,2,0,0,0,0,0,13,94,12.15,129,1261,9.28,101,0,100,3105,0
ubt,bintrie,5,4,storage_mixed_k100,11,,3092,21000,1,0.069,3.3524,2.5404,0.6314,6.7484,3.1118,6,0,0,0,2,0,0,0,0,0,2,4,33.33,0,0,0,0,0,0,0,0
ubt,bintrie,5,4,storage_mixed_k100,11,,3093,0,0,0.0283,3.1685,0.0022,0.1085,3.483,0,4,0,0,0,0,0,0,0,0,0,0,4,0,0,0,0,0,0,0,0,0
ubt,bintrie,5,4,storage_mixed_k100,12,,3094,0,0,0.0775,3.9405,0.0021,0.1861,5.7726,0,4,0,0,0,0,0,0,0,0,0,0,4,0,0,0,0,0,0,0,0,0
ubt,bintrie,5,4,storage_mixed_k100,12,,3095,0,0,0.0414,7.2817,0.002,0.1153,7.6227,0,4,0,0,0,0,0,0,0,0,0,0,4,0,0,0,0,0,0,0,0,0
ubt,bintrie,5,4,storage_mixed_k100,12,,3096,0,0,0.0392,3.595,0.0017,0.0926,4.0903,0,4,0,0,0,0,0,0,0,0,0,0,4,0,0,0,0,0,0,0,0,0
ubt,bintrie,5,4,storage_mixed_k100,12,,3097,91710,2,0.1045,14.6094,18.3587,9.7013,42.9632,2.1346,11,0,0,0,3,0,0,0,1,305,5,6,45.45,0,0,0,0,0,0,0,0
ubt,bintrie,5,4,storage_mixed_k100,12,,3098,5902152,1,73.9078,13.8904,2.9351,0.7712,91.6994,64.3641,107,1390,101,3105,2,0,0,0,0,0,24,83,22.43,276,1114,19.86,101,0,100,3105,0
ubt,bintrie,5,4,storage_mixed_k100,12,,3099,21000,1,0.0893,18.0698,3.1137,0.6647,22.1142,0.9496,6,0,0,0,2,0,0,0,0,0,2,4,33.33,0,0,0,0,0,0,0,0
ubt,bintrie,5,4,storage_mixed_k100,12,,3100,0,0,0.0269,2.8925,0.0022,0.1689,3.2789,0,4,0,0,0,0,0,0,0,0,0,0,4,0,0,0,0,0,0,0,0,0
ubt,bintrie,5,4,storage_mixed_k100,13,,3101,0,0,0.0683,4.8549,0.0019,0.1558,5.342,0,4,0,0,0,0,0,0,0,0,0,0,4,0,0,0,0,0,0,0,0,0
ubt,bintrie,5,4,storage_mixed_k100,13,,3102,0,0,0.0297,2.8429,0.0051,0.0966,3.1431,0,4,0,0,0,0,0,0,0,0,0,0,4,0,0,0,0,0,0,0,0,0
ubt,bintrie,5,4,storage_mixed_k100,13,,3103,0,0,0.0217,2.9769,0.0024,0.1448,3.3129,0,4,0,0,0,0,0,0,0,0,0,0,4,0,0,0,0,0,0,0,0,0
ubt,bintrie,5,4,storage_mixed_k100,13,,3104,91710,2,0.1385,15.3677,14.2832,5.0092,34.9975,2.6205,11,0,0,0,3,0,0,0,1,305,5,6,45.45,0,0,0,0,0,0,0,0
ubt,bintrie,5,4,storage_mixed_k100,13,,3105,5902152,1,63.2817,15.2824,3.0873,0.8228,83.1872,70.9502,107,1390,101,3105,2,0,0,0,0,0,10,97,9.35,607,783,43.67,101,0,100,3105,0
ubt,bintrie,5,4,storage_mixed_k100,13,,3106,21000,1,0.0749,4.3915,3.3117,0.6118,8.561,2.453,6,0,0,0,2,0,0,0,0,0,2,4,33.33,0,0,0,0,0,0,0,0
ubt,bintrie,5,4,storage_mixed_k100,13,,3107,0,0,0.0296,4.1102,0.0017,0.1725,4.4684,0,4,0,0,0,0,0,0,0,0,0,0,4,0,0,0,0,0,0,0,0,0
ubt,bintrie,5,4,storage_mixed_k100,14,,3108,0,0,0.0565,3.0078,0.0015,0.1914,3.4442,0,4,0,0,0,0,0,0,0,0,0,0,4,0,0,0,0,0,0,0,0,0
ubt,bintrie,5,4,storage_mixed_k100,14,,3109,0,0,0.1154,3.5123,0.002,0.0997,3.8624,0,4,0,0,0,0,0,0,0,0,0,0,4,0,0,0,0,0,0,0,0,0
ubt,bintrie,5,4,storage_mixed_k100,14,,3110,0,0,0.0289,13.5116,0.0015,0.1284,13.8103,0,4,0,0,0,0,0,0,0,0,0,0,4,0,0,0,0,0,0,0,0,0
ubt,bintrie,5,4,storage_mixed_k100,14,,3111,91710,2,0.1021,15.5724,19.2463,4.9902,40.1034,2.2868,11,0,0,0,3,0,0,0,1,305,6,5,54.55,0,0,0,0,0,0,0,0
ubt,bintrie,5,4,storage_mixed_k100,14,,3112,5902152,1,69.8223,14.6315,2.4922,0.6439,87.7624,67.2515,107,1390,101,3105,2,0,0,0,0,0,23,84,21.5,239,1151,17.19,101,0,100,3105,0
ubt,bintrie,5,4,storage_mixed_k100,14,,3113,21000,1,0.0668,4.3262,16.9075,0.7049,22.1837,0.9466,6,0,0,0,2,0,0,0,0,0,2,4,33.33,0,0,0,0,0,0,0,0
ubt,bintrie,5,4,storage_mixed_k100,14,,3114,0,0,0.0479,3.4441,0.0021,0.2057,3.9133,0,4,0,0,0,0,0,0,0,0,0,0,4,0,0,0,0,0,0,0,0,0
ubt,bintrie,5,4,storage_mixed_k100,15,,3115,0,0,0.0512,4.6882,0.0021,0.1362,5.1357,0,4,0,0,0,0,0,0,0,0,0,0,4,0,0,0,0,0,0,0,0,0
ubt,bintrie,5,4,storage_mixed_k100,15,,3116,0,0,0.0296,2.9951,0.0014,0.1312,3.3085,0,4,0,0,0,0,0,0,0,0,0,0,4,0,0,0,0,0,0,0,0,0
ubt,bintrie,5,4,storage_mixed_k100,15,,3117,0,0,0.1239,3.5361,0.0018,0.1129,3.9622,0,4,0,0,0,0,0,0,0,0,0,0,4,0,0,0,0,0,0,0,0,0
ubt,bintrie,5,4,storage_mixed_k100,15,,3118,91710,2,0.1886,15.519,13.8809,5.909,35.6906,2.5696,11,0,0,0,3,0,0,0,1,305,7,4,63.64,0,0,0,0,0,0,0,0
ubt,bintrie,5,4,storage_mixed_k100,15,,3119,5902152,1,60.5275,15.8664,2.9549,0.7718,80.2905,73.51,107,1390,101,3105,2,0,0,0,0,0,58,49,54.21,1211,179,87.12,101,0,100,3105,0
ubt,bintrie,5,4,storage_mixed_k100,15,,3120,21000,1,0.0755,14.9024,20.8379,0.6238,36.6301,0.5733,6,0,0,0,2,0,0,0,0,0,2,4,33.33,0,0,0,0,0,0,0,0
ubt,bintrie,5,4,storage_mixed_k100,15,,3121,0,0,0.0283,2.6669,0.0017,0.27,3.4022,0,4,0,0,0,0,0,0,0,0,0,0,4,0,0,0,0,0,0,0,0,0
ubt,bintrie,5,4,storage_mixed_k100,16,,3122,0,0,0.0497,3.7124,0.0023,0.2466,4.2496,0,4,0,0,0,0,0,0,0,0,0,0,4,0,0,0,0,0,0,0,0,0
ubt,bintrie,5,4,storage_mixed_k100,16,,3123,0,0,0.0481,3.037,0.0021,0.0911,3.3632,0,4,0,0,0,0,0,0,0,0,0,0,4,0,0,0,0,0,0,0,0,0
ubt,bintrie,5,4,storage_mixed_k100,16,,3124,0,0,0.0236,2.8425,0.0016,0.1205,3.1536,0,4,0,0,0,0,0,0,0,0,0,0,4,0,0,0,0,0,0,0,0,0
ubt,bintrie,5,4,storage_mixed_k100,16,,3125,91710,2,0.0836,14.4853,13.3829,4.7282,32.8696,2.7901,11,0,0,0,3,0,0,0,1,305,6,5,54.55,0,0,0,0,0,0,0,0
ubt,bintrie,5,4,storage_mixed_k100,16,,3126,5902152,1,55.315,15.2149,2.4872,0.7782,74.3915,79.3391,107,1390,101,3105,2,0,0,0,0,0,33,74,30.84,362,1028,26.04,101,0,100,3105,0
ubt,bintrie,5,4,storage_mixed_k100,16,,3127,21000,1,0.0784,3.2492,2.6018,0.6805,6.7726,3.1007,6,0,0,0,2,0,0,0,0,0,2,4,33.33,0,0,0,0,0,0,0,0
ubt,bintrie,5,4,storage_mixed_k100,16,,3128,0,0,0.0365,3.7911,0.0061,0.2433,4.2111,0,4,0,0,0,0,0,0,0,0,0,0,4,0,0,0,0,0,0,0,0,0
ubt,bintrie,5,4,storage_mixed_k100,17,,3129,0,0,0.0381,3.1969,0.0016,0.263,3.6809,0,4,0,0,0,0,0,0,0,0,0,0,4,0,0,0,0,0,0,0,0,0
ubt,bintrie,5,4,storage_mixed_k100,17,,3130,0,0,0.0392,2.8954,0.0017,0.1147,3.186,0,4,0,0,0,0,0,0,0,0,0,0,4,0,0,0,0,0,0,0,0,0
ubt,bintrie,5,4,storage_mixed_k100,17,,3131,0,0,0.0685,23.8599,0.0034,0.1895,24.5149,0,4,0,0,0,0,0,0,0,0,0,0,4,0,0,0,0,0,0,0,0,0
ubt,bintrie,5,4,storage_mixed_k100,17,,3132,91710,2,0.1416,3.5113,15.6031,4.8891,24.4971,3.7437,11,0,0,0,3,0,0,0,1,305,5,6,45.45,0,0,0,0,0,0,0,0
ubt,bintrie,5,4,storage_mixed_k100,17,,3133,5902152,1,72.2029,19.052,2.4858,0.7917,95.0663,62.0846,107,1390,101,3105,2,0,0,0,0,0,53,54,49.53,330,1060,23.74,101,0,100,3105,0
ubt,bintrie,5,4,storage_mixed_k100,17,,3134,21000,1,0.0936,3.2314,3.1315,0.6087,7.2368,2.9019,6,0,0,0,2,0,0,0,0,0,2,4,33.33,0,0,0,0,0,0,0,0
ubt,bintrie,5,4,storage_mixed_k100,17,,3135,0,0,0.0223,3.1938,0.0017,0.129,3.4927,0,4,0,0,0,0,0,0,0,0,0,0,4,0,0,0,0,0,0,0,0,0
ubt,bintrie,5,4,storage_mixed_k100,18,,3136,0,0,0.0656,4.1501,0.002,0.1661,4.6273,0,4,0,0,0,0,0,0,0,0,0,0,4,0,0,0,0,0,0,0,0,0
ubt,bintrie,5,4,storage_mixed_k100,18,,3137,0,0,0.0296,3.151,0.0019,0.0928,3.4383,0,4,0,0,0,0,0,0,0,0,0,0,4,0,0,0,0,0,0,0,0,0
ubt,bintrie,5,4,storage_mixed_k100,18,,3138,0,0,0.0258,13.3844,0.0017,0.1228,13.6781,0,4,0,0,0,0,0,0,0,0,0,0,4,0,0,0,0,0,0,0,0,0
ubt,bintrie,5,4,storage_mixed_k100,18,,3139,91710,2,0.0995,3.185,15.4525,5.3905,24.2871,3.7761,11,0,0,0,3,0,0,0,1,305,6,5,54.55,0,0,0,0,0,0,0,0
ubt,bintrie,5,4,storage_mixed_k100,18,,3140,5902152,1,64.5141,12.9549,2.7218,0.8156,81.552,72.3729,107,1390,101,3105,2,0,0,0,0,0,18,89,16.82,742,648,53.38,101,0,100,3105,0
ubt,bintrie,5,4,storage_mixed_k100,18,,3141,21000,1,0.121,3.2416,3.2175,0.6327,7.4125,2.833,6,0,0,0,2,0,0,0,0,0,2,4,33.33,0,0,0,0,0,0,0,0
ubt,bintrie,5,4,storage_mixed_k100,18,,3142,0,0,0.0357,6.1276,0.0024,0.1364,6.5276,0,4,0,0,0,0,0,0,0,0,0,0,4,0,0,0,0,0,0,0,0,0
ubt,bintrie,5,4,storage_mixed_k100,19,,3143,0,0,0.049,6.8702,0.0024,0.1906,7.3491,0,4,0,0,0,0,0,0,0,0,0,0,4,0,0,0,0,0,0,0,0,0
ubt,bintrie,5,4,storage_mixed_k100,19,,3144,0,0,0.0344,10.7614,0.0017,0.1591,11.182,0,4,0,0,0,0,0,0,0,0,0,0,4,0,0,0,0,0,0,0,0,0
ubt,bintrie,5,4,storage_mixed_k100,19,,3145,0,0,0.0525,22.1871,0.0024,0.1378,22.9849,0,4,0,0,0,0,0,0,0,0,0,0,4,0,0,0,0,0,0,0,0,0
ubt,bintrie,5,4,storage_mixed_k100,19,,3146,91710,2,0.1018,13.8093,14.2105,5.2115,33.5304,2.7351,11,0,0,0,3,0,0,0,1,305,6,5,54.55,0,0,0,0,0,0,0,0
ubt,bintrie,5,4,storage_mixed_k100,19,,3147,5902152,1,64.4391,18.7471,2.552,0.7619,86.9621,67.8704,107,1390,101,3105,2,0,0,0,0,0,26,81,24.3,240,1150,17.27,101,0,100,3105,0
ubt,bintrie,5,4,storage_mixed_k100,19,,3148,21000,1,0.0672,3.4339,3.5127,0.6366,7.8584,2.6723,6,0,0,0,2,0,0,0,0,0,2,4,33.33,0,0,0,0,0,0,0,0
ubt,bintrie,5,4,storage_mixed_k100,19,,3149,0,0,0.0246,2.7316,0.0016,0.1189,3.0141,0,4,0,0,0,0,0,0,0,0,0,0,4,0,0,0,0,0,0,0,0,0
ubt,bintrie,5,4,storage_mixed_k100,1,,3016,0,0,0.0337,2.7786,0.0015,0.1832,3.1774,0,4,0,0,0,0,0,0,0,0,0,0,4,0,0,0,0,0,0,0,0,0
ubt,bintrie,5,4,storage_mixed_k100,1,,3017,0,0,0.0488,3.2242,0.0016,0.1571,3.6502,0,4,0,0,0,0,0,0,0,0,0,0,4,0,0,0,0,0,0,0,0,0
ubt,bintrie,5,4,storage_mixed_k100,1,,3018,0,0,0.0343,20.5456,0.0024,0.0914,20.9244,0,4,0,0,0,0,0,0,0,0,0,0,4,0,0,0,0,0,0,0,0,0
ubt,bintrie,5,4,storage_mixed_k100,1,,3019,91710,2,0.1157,3.3798,20.0396,5.2016,28.9032,3.173,11,0,0,0,3,0,0,0,1,305,5,6,45.45,0,0,0,0,0,0,0,0
ubt,bintrie,5,4,storage_mixed_k100,1,,3020,0,0,0.026,3.1188,0.002,0.1052,3.4521,0,4,0,0,0,0,0,0,0,0,0,0,4,0,0,0,0,0,0,0,0,0
ubt,bintrie,5,4,storage_mixed_k100,1,,3021,5902152,1,56.9368,18.9414,2.7922,0.7284,79.5604,74.1846,107,1390,101,3105,2,0,0,0,0,0,13,94,12.15,601,789,43.24,101,0,100,3105,0
ubt,bintrie,5,4,storage_mixed_k100,1,,3022,21000,1,0.0693,27.5032,2.5552,0.6461,30.9735,0.678,6,0,0,0,2,0,0,0,0,0,2,4,33.33,0,0,0,0,0,0,0,0
ubt,bintrie,5,4,storage_mixed_k100,1,,3023,0,0,0.0256,2.7903,0.0023,0.1582,3.1521,0,4,0,0,0,0,0,0,0,0,0,0,4,0,0,0,0,0,0,0,0,0
ubt,bintrie,5,4,storage_mixed_k100,20,,3150,0,0,0.0691,4.4562,0.0021,0.1627,5.0271,0,4,0,0,0,0,0,0,0,0,0,0,4,0,0,0,0,0,0,0,0,0
ubt,bintrie,5,4,storage_mixed_k100,20,,3151,0,0,0.0363,6.1306,0.0014,0.1309,6.6847,0,4,0,0,0,0,0,0,0,0,0,0,4,0,0,0,0,0,0,0,0,0
ubt,bintrie,5,4,storage_mixed_k100,20,,3152,0,0,0.0254,2.766,0.0019,0.0991,3.028,0,4,0,0,0,0,0,0,0,0,0,0,4,0,0,0,0,0,0,0,0,0
ubt,bintrie,5,4,storage_mixed_k100,20,,3153,91710,2,0.118,14.3761,13.4857,4.7543,32.9097,2.7867,11,0,0,0,3,0,0,0,1,305,6,5,54.55,0,0,0,0,0,0,0,0
ubt,bintrie,5,4,storage_mixed_k100,20,,3154,5902152,1,64.898,21.4462,3.3937,0.6961,90.8524,64.9642,107,1390,101,3105,2,0,0,0,0,0,52,55,48.6,182,1208,13.09,101,0,100,3105,0
ubt,bintrie,5,4,storage_mixed_k100,20,,3155,21000,1,0.1131,5.5242,2.6704,0.6354,9.1391,2.2978,6,0,0,0,2,0,0,0,0,0,2,4,33.33,0,0,0,0,0,0,0,0
ubt,bintrie,5,4,storage_mixed_k100,20,,3156,0,0,0.0367,18.6718,0.0028,0.1272,18.9785,0,4,0,0,0,0,0,0,0,0,0,0,4,0,0,0,0,0,0,0,0,0
ubt,bintrie,5,4,storage_mixed_k100,2,,3024,0,0,0.0808,3.5752,0.0017,0.1644,4.0675,0,4,0,0,0,0,0,0,0,0,0,0,4,0,0,0,0,0,0,0,0,0
ubt,bintrie,5,4,storage_mixed_k100,2,,3025,0,0,0.0378,5.3434,0.0023,0.2602,5.8382,0,4,0,0,0,0,0,0,0,0,0,0,4,0,0,0,0,0,0,0,0,0
ubt,bintrie,5,4,storage_mixed_k100,2,,3026,0,0,0.0255,3.0037,0.0031,0.1244,3.3158,0,4,0,0,0,0,0,0,0,0,0,0,4,0,0,0,0,0,0,0,0,0
ubt,bintrie,5,4,storage_mixed_k100,2,,3027,91710,2,0.1482,3.6783,20.5713,5.2572,29.83,3.0744,11,0,0,0,3,0,0,0,1,305,5,6,45.45,0,0,0,0,0,0,0,0
ubt,bintrie,5,4,storage_mixed_k100,2,,3028,5902152,1,58.5182,11.3829,3.0136,0.789,73.8895,79.8781,107,1390,101,3105,2,0,0,0,0,0,27,80,25.23,778,612,55.97,101,0,100,3105,0
ubt,bintrie,5,4,storage_mixed_k100,2,,3029,21000,1,0.0561,13.6554,11.4245,0.8082,26.1235,0.8039,6,0,0,0,2,0,0,0,0,0,2,4,33.33,0,0,0,0,0,0,0,0
ubt,bintrie,5,4,storage_mixed_k100,2,,3030,0,0,0.0907,3.3388,0.0015,0.1121,3.8016,0,4,0,0,0,0,0,0,0,0,0,0,4,0,0,0,0,0,0,0,0,0
ubt,bintrie,5,4,storage_mixed_k100,3,,3031,0,0,0.0546,5.1481,0.0021,0.2315,5.7787,0,4,0,0,0,0,0,0,0,0,0,0,4,0,0,0,0,0,0,0,0,0
ubt,bintrie,5,4,storage_mixed_k100,3,,3032,0,0,0.0294,3.1383,0.0016,0.1671,3.5662,0,4,0,0,0,0,0,0,0,0,0,0,4,0,0,0,0,0,0,0,0,0
ubt,bintrie,5,4,storage_mixed_k100,3,,3033,0,0,0.0277,16.6425,0.0031,0.2378,17.0971,0,4,0,0,0,0,0,0,0,0,0,0,4,0,0,0,0,0,0,0,0,0
ubt,bintrie,5,4,storage_mixed_k100,3,,3034,91710,2,0.14,12.6325,2.6447,4.0583,19.6786,4.6604,11,0,0,0,3,0,0,0,1,305,5,6,45.45,0,0,0,0,0,0,0,0
ubt,bintrie,5,4,storage_mixed_k100,3,,3035,5902152,1,63.5626,26.7997,5.7745,0.7567,102.6301,57.509,107,1390,101,3105,2,0,0,0,0,0,10,97,9.35,846,544,60.86,101,0,100,3105,0
ubt,bintrie,5,4,storage_mixed_k100,3,,3036,21000,1,0.214,3.7651,2.5512,0.6116,7.3678,2.8502,6,0,0,0,2,0,0,0,0,0,2,4,33.33,0,0,0,0,0,0,0,0
ubt,bintrie,5,4,storage_mixed_k100,4,,3038,0,0,0.0411,2.8268,0.0023,0.2153,3.2649,0,4,0,0,0,0,0,0,0,0,0,0,4,0,0,0,0,0,0,0,0,0
ubt,bintrie,5,4,storage_mixed_k100,4,,3039,0,0,0.0188,2.6526,0.0015,0.0922,2.8833,0,4,0,0,0,0,0,0,0,0,0,0,4,0,0,0,0,0,0,0,0,0
ubt,bintrie,5,4,storage_mixed_k100,4,,3040,0,0,0.0319,2.7099,0.0023,0.1234,3.0006,0,4,0,0,0,0,0,0,0,0,0,0,4,0,0,0,0,0,0,0,0,0
ubt,bintrie,5,4,storage_mixed_k100,4,,3041,91710,2,0.2037,17.2304,2.9917,4.6822,25.2974,3.6253,11,0,0,0,3,0,0,0,1,305,5,6,45.45,0,0,0,0,0,0,0,0
ubt,bintrie,5,4,storage_mixed_k100,4,,3042,5902152,1,54.9232,20.794,18.1822,0.7221,98.153,60.1322,107,1390,101,3105,2,0,0,0,0,0,27,80,25.23,268,1122,19.28,101,0,100,3105,0
ubt,bintrie,5,4,storage_mixed_k100,4,,3043,21000,1,0.0598,3.04,2.5159,0.6462,6.4059,3.2782,6,0,0,0,2,0,0,0,0,0,2,4,33.33,0,0,0,0,0,0,0,0
ubt,bintrie,5,4,storage_mixed_k100,4,,3044,0,0,0.0276,2.6754,0.0015,0.1254,2.9644,0,4,0,0,0,0,0,0,0,0,0,0,4,0,0,0,0,0,0,0,0,0
ubt,bintrie,5,4,storage_mixed_k100,5,,3045,0,0,0.0602,5.2964,0.0029,0.2751,5.9675,0,4,0,0,0,0,0,0,0,0,0,0,4,0,0,0,0,0,0,0,0,0
ubt,bintrie,5,4,storage_mixed_k100,5,,3046,0,0,0.0375,8.2319,0.0032,0.4299,9.3395,0,4,0,0,0,0,0,0,0,0,0,0,4,0,0,0,0,0,0,0,0,0
ubt,bintrie,5,4,storage_mixed_k100,5,,3047,0,0,0.0345,17.9087,0.0025,0.1042,18.2055,0,4,0,0,0,0,0,0,0,0,0,0,4,0,0,0,0,0,0,0,0,0
ubt,bintrie,5,4,storage_mixed_k100,5,,3048,91710,2,0.1149,20.6331,2.7118,4.1892,27.8161,3.297,11,0,0,0,3,0,0,0,1,305,6,5,54.55,0,0,0,0,0,0,0,0
ubt,bintrie,5,4,storage_mixed_k100,5,,3049,5902152,1,75.5266,9.6335,3.5253,0.7055,89.5873,65.8815,107,1390,101,3105,2,0,0,0,0,0,16,91,14.95,774,616,55.68,101,0,100,3105,0
ubt,bintrie,5,4,storage_mixed_k100,5,,3050,21000,1,0.0751,19.0419,19.2601,0.5845,39.2186,0.5355,6,0,0,0,2,0,0,0,0,0,2,4,33.33,0,0,0,0,0,0,0,0
ubt,bintrie,5,4,storage_mixed_k100,5,,3051,0,0,0.0258,2.9655,0.0018,0.2535,3.5078,0,4,0,0,0,0,0,0,0,0,0,0,4,0,0,0,0,0,0,0,0,0
ubt,bintrie,5,4,storage_mixed_k100,6,,3052,0,0,0.0577,3.3416,0.0019,0.2595,3.8894,0,4,0,0,0,0,0,0,0,0,0,0,4,0,0,0,0,0,0,0,0,0
ubt,bintrie,5,4,storage_mixed_k100,6,,3053,0,0,0.0562,3.1645,0.0017,0.1078,3.4992,0,4,0,0,0,0,0,0,0,0,0,0,4,0,0,0,0,0,0,0,0,0
ubt,bintrie,5,4,storage_mixed_k100,6,,3054,0,0,0.0296,15.6097,0.0017,0.11,15.94,0,4,0,0,0,0,0,0,0,0,0,0,4,0,0,0,0,0,0,0,0,0
ubt,bintrie,5,4,storage_mixed_k100,6,,3055,91710,2,0.1362,21.9234,2.704,4.7456,29.7084,3.087,11,0,0,0,3,0,0,0,1,305,5,6,45.45,0,0,0,0,0,0,0,0
ubt,bintrie,5,4,storage_mixed_k100,6,,3056,5902152,1,66.3529,8.7175,2.4544,0.7587,78.7993,74.9011,107,1390,101,3105,2,0,0,0,0,0,20,87,18.69,712,678,51.22,101,0,100,3105,0
ubt,bintrie,5,4,storage_mixed_k100,6,,3057,21000,1,0.0841,15.6045,15.5887,0.7151,32.1834,0.6525,6,0,0,0,2,0,0,0,0,0,2,4,33.33,0,0,0,0,0,0,0,0
ubt,bintrie,5,4,storage_mixed_k100,6,,3058,0,0,0.0254,2.8955,0.0016,0.2857,3.6413,0,4,0,0,0,0,0,0,0,0,0,0,4,0,0,0,0,0,0,0,0,0
ubt,bintrie,5,4,storage_mixed_k100,7,,3059,0,0,0.056,3.3391,0.0021,0.1478,3.7897,0,4,0,0,0,0,0,0,0,0,0,0,4,0,0,0,0,0,0,0,0,0
ubt,bintrie,5,4,storage_mixed_k100,7,,3060,0,0,0.0261,2.9861,0.0013,0.1565,3.3506,0,4,0,0,0,0,0,0,0,0,0,0,4,0,0,0,0,0,0,0,0,0
ubt,bintrie,5,4,storage_mixed_k100,7,,3061,0,0,0.0253,3.2906,0.0019,0.0889,3.5465,0,4,0,0,0,0,0,0,0,0,0,0,4,0,0,0,0,0,0,0,0,0
ubt,bintrie,5,4,storage_mixed_k100,7,,3062,91710,2,0.997,21.7078,2.8287,4.7734,30.4651,3.0103,11,0,0,0,3,0,0,0,1,305,5,6,45.45,0,0,0,0,0,0,0,0
ubt,bintrie,5,4,storage_mixed_k100,7,,3063,5902152,1,64.5729,15.329,2.5044,0.6223,83.2722,70.8778,107,1390,101,3105,2,0,0,0,0,0,36,71,33.64,830,560,59.71,101,0,100,3105,0
ubt,bintrie,5,4,storage_mixed_k100,7,,3064,21000,1,0.0739,13.6851,24.6715,0.5983,39.2713,0.5347,6,0,0,0,2,0,0,0,0,0,2,4,33.33,0,0,0,0,0,0,0,0
ubt,bintrie,5,4,storage_mixed_k100,7,,3065,0,0,0.0225,2.9102,0.002,0.2507,3.5892,0,4,0,0,0,0,0,0,0,0,0,0,4,0,0,0,0,0,0,0,0,0
ubt,bintrie,5,4,storage_mixed_k100,8,,3066,0,0,0.0565,3.2378,0.0016,0.1968,3.6758,0,4,0,0,0,0,0,0,0,0,0,0,4,0,0,0,0,0,0,0,0,0
ubt,bintrie,5,4,storage_mixed_k100,8,,3067,0,0,0.0266,3.2238,0.0051,0.153,3.6331,0,4,0,0,0,0,0,0,0,0,0,0,4,0,0,0,0,0,0,0,0,0
ubt,bintrie,5,4,storage_mixed_k100,8,,3068,0,0,0.0412,2.9299,0.0019,0.1362,3.2522,0,4,0,0,0,0,0,0,0,0,0,0,4,0,0,0,0,0,0,0,0,0
ubt,bintrie,5,4,storage_mixed_k100,8,,3069,91710,2,0.1197,14.4232,13.3485,4.6801,32.7344,2.8016,11,0,0,0,3,0,0,0,1,305,6,5,54.55,0,0,0,0,0,0,0,0
ubt,bintrie,5,4,storage_mixed_k100,8,,3070,5902152,1,65.3366,14.6087,3.3785,5.215,89.3008,66.093,107,1390,101,3105,2,0,0,0,0,0,21,86,19.63,391,999,28.13,101,0,100,3105,0
ubt,bintrie,5,4,storage_mixed_k100,8,,3071,21000,1,0.0738,18.5781,2.9018,0.6771,22.4302,0.9362,6,0,0,0,2,0,0,0,0,0,0,6,0,0,0,0,0,0,0,0,0
ubt,bintrie,5,4,storage_mixed_k100,8,,3072,0,0,0.0385,3.1893,0.002,0.1079,3.5431,0,4,0,0,0,0,0,0,0,0,0,0,4,0,0,0,0,0,0,0,0,0
ubt,bintrie,5,4,storage_mixed_k100,9,,3073,0,0,0.0558,4.1385,0.002,0.1749,4.5995,0,4,0,0,0,0,0,0,0,0,0,0,4,0,0,0,0,0,0,0,0,0
ubt,bintrie,5,4,storage_mixed_k100,9,,3074,0,0,0.0218,2.666,0.0013,0.0877,2.9087,0,4,0,0,0,0,0,0,0,0,0,0,4,0,0,0,0,0,0,0,0,0
ubt,bintrie,5,4,storage_mixed_k100,9,,3075,0,0,0.0349,9.2008,0.0023,0.1584,9.5217,0,4,0,0,0,0,0,0,0,0,0,0,4,0,0,0,0,0,0,0,0,0
ubt,bintrie,5,4,storage_mixed_k100,9,,3076,91710,2,0.0817,18.0153,3.1527,5.1241,30.2293,3.0338,11,0,0,0,3,0,0,0,1,305,6,5,54.55,0,0,0,0,0,0,0,0
ubt,bintrie,5,4,storage_mixed_k100,9,,3077,5902152,1,59.8819,21.2959,2.4912,0.6499,84.4729,69.8704,107,1390,101,3105,2,0,0,0,0,0,33,74,30.84,293,1097,21.08,101,0,100,3105,0
ubt,bintrie,5,4,storage_mixed_k100,9,,3078,21000,1,0.0692,12.6681,18.3215,0.7516,31.9725,0.6568,6,0,0,0,2,0,0,0,0,0,2,4,33.33,0,0,0,0,0,0,0,0
ubt,bintrie,5,4,storage_mixed_k100,9,,3079,0,0,0.03,13.6742,0.0015,0.094,13.9503,0,4,0,0,0,0,0,0,0,0,0,0,4,0,0,0,0,0,0,0,0,0
ubt,bintrie,5,4,storage_mixed_k256,10,,3221,0,0,0.0744,2.7814,0.0015,0.1794,3.3237,0,4,0,0,0,0,0,0,0,0,0,0,4,0,0,0,0,0,0,0,0,0
ubt,bintrie,5,4,storage_mixed_k256,10,,3222,0,0,0.0276,2.8726,0.0012,0.0907,3.1368,0,4,0,0,0,0,0,0,0,0,0,0,4,0,0,0,0,0,0,0,0,0
ubt,bintrie,5,4,storage_mixed_k256,10,,3223,0,0,0.0404,18.8077,0.0034,0.1517,19.234,0,4,0,0,0,0,0,0,0,0,0,0,4,0,0,0,0,0,0,0,0,0
ubt,bintrie,5,4,storage_mixed_k256,10,,3224,91698,2,0.1163,25.5203,3.0646,4.7727,33.6469,2.7253,11,0,0,0,3,0,0,0,1,305,5,6,45.45,0,0,0,0,0,0,0,0
ubt,bintrie,5,4,storage_mixed_k256,10,,3225,5900070,1,54.7709,7.5712,2.5487,0.7154,65.9173,89.5071,263,1379,257,7473,2,0,0,0,0,0,97,166,36.88,1003,376,72.73,257,0,100,7473,0
ubt,bintrie,5,4,storage_mixed_k256,10,,3226,21000,1,0.0875,5.3643,16.6514,0.672,22.9314,0.9158,6,0,0,0,2,0,0,0,0,0,2,4,33.33,0,0,0,0,0,0,0,0
ubt,bintrie,5,4,storage_mixed_k256,10,,3227,0,0,0.0255,13.1915,0.0024,0.1159,13.5014,0,4,0,0,0,0,0,0,0,0,0,0,4,0,0,0,0,0,0,0,0,0
ubt,bintrie,5,4,storage_mixed_k256,11,,3228,0,0,0.0525,3.6919,0.0053,0.2738,4.2568,0,4,0,0,0,0,0,0,0,0,0,0,4,0,0,0,0,0,0,0,0,0
ubt,bintrie,5,4,storage_mixed_k256,11,,3229,0,0,0.0256,2.9832,0.0016,0.1186,3.3161,0,4,0,0,0,0,0,0,0,0,0,0,4,0,0,0,0,0,0,0,0,0
ubt,bintrie,5,4,storage_mixed_k256,11,,3230,0,0,0.0379,3.4115,0.0018,0.1246,3.7391,0,4,0,0,0,0,0,0,0,0,0,0,4,0,0,0,0,0,0,0,0,0
ubt,bintrie,5,4,storage_mixed_k256,11,,3231,91698,2,0.1257,3.2718,14.496,4.5853,22.6558,4.0474,11,0,0,0,3,0,0,0,1,305,5,6,45.45,0,0,0,0,0,0,0,0
ubt,bintrie,5,4,storage_mixed_k256,11,,3232,5900070,1,47.1386,12.9497,2.7726,0.8719,64.5478,91.4063,263,1379,257,7473,2,0,0,0,0,0,87,176,33.08,535,844,38.8,257,0,100,7473,0
ubt,bintrie,5,4,storage_mixed_k256,11,,3233,21000,1,0.0597,3.1103,3.1882,0.616,7.1362,2.9428,6,0,0,0,2,0,0,0,0,0,2,4,33.33,0,0,0,0,0,0,0,0
ubt,bintrie,5,4,storage_mixed_k256,11,,3234,0,0,0.0278,4.178,0.0017,0.1464,4.559,0,4,0,0,0,0,0,0,0,0,0,0,4,0,0,0,0,0,0,0,0,0
ubt,bintrie,5,4,storage_mixed_k256,12,,3235,0,0,0.0409,6.3847,0.0057,0.2551,6.8873,0,4,0,0,0,0,0,0,0,0,0,0,4,0,0,0,0,0,0,0,0,0
ubt,bintrie,5,4,storage_mixed_k256,12,,3236,0,0,0.0208,2.743,0.0014,0.1268,3.0509,0,4,0,0,0,0,0,0,0,0,0,0,4,0,0,0,0,0,0,0,0,0
ubt,bintrie,5,4,storage_mixed_k256,12,,3237,0,0,0.0603,20.057,0.0019,0.1317,20.6555,0,4,0,0,0,0,0,0,0,0,0,0,4,0,0,0,0,0,0,0,0,0
ubt,bintrie,5,4,storage_mixed_k256,12,,3238,91698,2,0.1638,15.9101,13.6305,4.84,34.7339,2.64,11,0,0,0,3,0,0,0,1,305,5,6,45.45,0,0,0,0,0,0,0,0
ubt,bintrie,5,4,storage_mixed_k256,12,,3239,5900070,1,57.9275,32.0671,2.6495,1.2626,94.6132,62.3599,263,1379,257,7473,2,0,0,0,0,0,114,149,43.35,216,1163,15.66,257,0,100,7473,0
ubt,bintrie,5,4,storage_mixed_k256,12,,3240,21000,1,0.0663,2.9112,2.4823,0.6127,6.2133,3.3798,6,0,0,0,2,0,0,0,0,0,2,4,33.33,0,0,0,0,0,0,0,0
ubt,bintrie,5,4,storage_mixed_k256,12,,3241,0,0,0.0194,2.8392,0.0013,0.0923,3.1026,0,4,0,0,0,0,0,0,0,0,0,0,4,0,0,0,0,0,0,0,0,0
ubt,bintrie,5,4,storage_mixed_k256,13,,3242,0,0,0.054,5.8049,0.0019,0.1865,6.4307,0,4,0,0,0,0,0,0,0,0,0,0,4,0,0,0,0,0,0,0,0,0
ubt,bintrie,5,4,storage_mixed_k256,13,,3243,0,0,0.0321,3.7416,0.0057,0.1638,4.1352,0,4,0,0,0,0,0,0,0,0,0,0,4,0,0,0,0,0,0,0,0,0
ubt,bintrie,5,4,storage_mixed_k256,13,,3244,0,0,0.0297,14.2109,0.0022,0.1186,14.515,0,4,0,0,0,0,0,0,0,0,0,0,4,0,0,0,0,0,0,0,0,0
ubt,bintrie,5,4,storage_mixed_k256,13,,3245,91698,2,0.1592,21.3846,2.8221,4.5811,29.1776,3.1428,11,0,0,0,3,0,0,0,1,305,5,6,45.45,0,0,0,0,0,0,0,0
ubt,bintrie,5,4,storage_mixed_k256,13,,3246,0,0,0.0436,22.6494,0.0028,0.0974,23.1319,0,4,0,0,0,0,0,0,0,0,0,0,4,0,0,0,0,0,0,0,0,0
ubt,bintrie,5,4,storage_mixed_k256,13,,3247,5900070,1,40.1587,29.8279,2.6013,0.6432,73.388,80.3956,263,1379,257,7473,2,0,0,0,0,0,106,157,40.3,265,1114,19.22,257,0,100,7473,0
ubt,bintrie,5,4,storage_mixed_k256,13,,3248,21000,1,0.0724,13.6404,21.1365,0.6583,35.7016,0.5882,6,0,0,0,2,0,0,0,0,0,2,4,33.33,0,0,0,0,0,0,0,0
ubt,bintrie,5,4,storage_mixed_k256,13,,3249,0,0,0.0229,2.5461,0.0014,0.1032,2.8066,0,4,0,0,0,0,0,0,0,0,0,0,4,0,0,0,0,0,0,0,0,0
ubt,bintrie,5,4,storage_mixed_k256,14,,3250,0,0,0.0768,4.9115,0.002,0.1749,5.4061,0,4,0,0,0,0,0,0,0,0,0,0,4,0,0,0,0,0,0,0,0,0
ubt,bintrie,5,4,storage_mixed_k256,14,,3251,0,0,0.0259,3.1532,0.0016,0.1796,3.5313,0,4,0,0,0,0,0,0,0,0,0,0,4,0,0,0,0,0,0,0,0,0
ubt,bintrie,5,4,storage_mixed_k256,14,,3252,0,0,0.0201,2.6795,0.0019,0.1117,2.9506,0,4,0,0,0,0,0,0,0,0,0,0,4,0,0,0,0,0,0,0,0,0
ubt,bintrie,5,4,storage_mixed_k256,14,,3253,91698,2,0.1343,3.107,21.0617,5.5132,29.9867,3.058,11,0,0,0,3,0,0,0,1,305,5,6,45.45,0,0,0,0,0,0,0,0
ubt,bintrie,5,4,storage_mixed_k256,14,,3254,5900070,1,45.7983,14.0499,2.5491,0.6812,63.2243,93.3196,263,1379,257,7473,2,0,0,0,0,0,35,228,13.31,671,708,48.66,257,0,100,7473,0
ubt,bintrie,5,4,storage_mixed_k256,14,,3255,21000,1,0.0819,14.6724,3.3015,1.2555,19.5088,1.0764,6,0,0,0,2,0,0,0,0,0,2,4,33.33,0,0,0,0,0,0,0,0
ubt,bintrie,5,4,storage_mixed_k256,14,,3256,0,0,0.0233,2.6289,0.0014,0.1389,2.9944,0,4,0,0,0,0,0,0,0,0,0,0,4,0,0,0,0,0,0,0,0,0
ubt,bintrie,5,4,storage_mixed_k256,15,,3257,0,0,0.0593,3.0798,0.0018,0.2316,3.6568,0,4,0,0,0,0,0,0,0,0,0,0,4,0,0,0,0,0,0,0,0,0
ubt,bintrie,5,4,storage_mixed_k256,15,,3258,0,0,0.0255,2.8074,0.0014,0.1055,3.1195,0,4,0,0,0,0,0,0,0,0,0,0,4,0,0,0,0,0,0,0,0,0
ubt,bintrie,5,4,storage_mixed_k256,15,,3259,0,0,0.0232,2.7446,0.0017,0.0954,3.0298,0,4,0,0,0,0,0,0,0,0,0,0,4,0,0,0,0,0,0,0,0,0
ubt,bintrie,5,4,storage_mixed_k256,15,,3260,91698,2,0.1273,15.2736,17.2621,4.7766,37.6415,2.4361,11,0,0,0,3,0,0,0,1,305,6,5,54.55,0,0,0,0,0,0,0,0
ubt,bintrie,5,4,storage_mixed_k256,15,,3261,0,0,0.0189,3.1394,0.0013,0.1005,3.3894,0,4,0,0,0,0,0,0,0,0,0,0,4,0,0,0,0,0,0,0,0,0
ubt,bintrie,5,4,storage_mixed_k256,15,,3262,5900070,1,47.7979,14.9751,2.6493,0.6147,66.338,88.9395,263,1379,257,7473,2,0,0,0,0,0,40,223,15.21,601,778,43.58,257,0,100,7473,0
ubt,bintrie,5,4,storage_mixed_k256,15,,3263,21000,1,0.0832,14.4204,14.812,0.7063,30.2182,0.6949,6,0,0,0,2,0,0,0,0,0,2,4,33.33,0,0,0,0,0,0,0,0
ubt,bintrie,5,4,storage_mixed_k256,15,,3264,0,0,0.0215,2.6664,0.0016,0.1128,2.9368,0,4,0,0,0,0,0,0,0,0,0,0,4,0,0,0,0,0,0,0,0,0
ubt,bintrie,5,4,storage_mixed_k256,16,,3265,0,0,0.0822,5.2437,0.0084,0.1804,5.811,0,4,0,0,0,0,0,0,0,0,0,0,4,0,0,0,0,0,0,0,0,0
ubt,bintrie,5,4,storage_mixed_k256,16,,3266,0,0,0.0452,13.7623,0.002,0.094,14.0929,0,4,0,0,0,0,0,0,0,0,0,0,4,0,0,0,0,0,0,0,0,0
ubt,bintrie,5,4,storage_mixed_k256,16,,3267,0,0,0.037,2.9887,0.0018,0.1066,3.3275,0,4,0,0,0,0,0,0,0,0,0,0,4,0,0,0,0,0,0,0,0,0
ubt,bintrie,5,4,storage_mixed_k256,16,,3268,91698,2,0.8364,10.6917,2.8056,5.0142,19.6837,4.6586,11,0,0,0,3,0,0,0,1,305,7,4,63.64,0,0,0,0,0,0,0,0
ubt,bintrie,5,4,storage_mixed_k256,16,,3269,5900070,1,60.4157,22.203,2.4387,0.6628,85.8938,68.6903,263,1379,257,7473,2,0,0,0,0,0,44,219,16.73,229,1150,16.61,257,0,100,7473,0
ubt,bintrie,5,4,storage_mixed_k256,16,,3270,21000,1,0.0791,14.7079,20.3108,0.6392,35.9017,0.5849,6,0,0,0,2,0,0,0,0,0,2,4,33.33,0,0,0,0,0,0,0,0
ubt,bintrie,5,4,storage_mixed_k256,16,,3271,0,0,0.0219,2.8669,0.0014,0.2336,3.5351,0,4,0,0,0,0,0,0,0,0,0,0,4,0,0,0,0,0,0,0,0,0
ubt,bintrie,5,4,storage_mixed_k256,17,,3272,0,0,0.0478,2.9324,0.0028,0.1706,3.3738,0,4,0,0,0,0,0,0,0,0,0,0,4,0,0,0,0,0,0,0,0,0
ubt,bintrie,5,4,storage_mixed_k256,17,,3273,0,0,0.0197,3.0443,0.0015,0.0925,3.2791,0,4,0,0,0,0,0,0,0,0,0,0,4,0,0,0,0,0,0,0,0,0
ubt,bintrie,5,4,storage_mixed_k256,17,,3274,0,0,0.0314,6.7733,0.0022,0.929,8.0714,0,4,0,0,0,0,0,0,0,0,0,0,4,0,0,0,0,0,0,0,0,0
ubt,bintrie,5,4,storage_mixed_k256,17,,3275,91698,2,0.1109,3.1558,15.2974,5.0844,23.7761,3.8567,11,0,0,0,3,0,0,0,1,305,5,6,45.45,0,0,0,0,0,0,0,0
ubt,bintrie,5,4,storage_mixed_k256,17,,3276,5900070,1,47.2214,23.6785,3.4856,0.7575,75.6591,77.9822,263,1379,257,7473,2,0,0,0,0,0,43,220,16.35,249,1130,18.06,257,0,100,7473,0
ubt,bintrie,5,4,storage_mixed_k256,17,,3277,21000,1,0.1357,3.323,2.5282,0.7061,6.8894,3.0481,6,0,0,0,2,0,0,0,0,0,0,6,0,0,0,0,0,0,0,0,0
ubt,bintrie,5,4,storage_mixed_k256,17,,3278,0,0,0.0245,3.0863,0.0014,0.0997,3.3348,0,4,0,0,0,0,0,0,0,0,0,0,4,0,0,0,0,0,0,0,0,0
ubt,bintrie,5,4,storage_mixed_k256,18,,3279,0,0,0.0582,5.2939,0.0018,0.1557,5.7613,0,4,0,0,0,0,0,0,0,0,0,0,4,0,0,0,0,0,0,0,0,0
ubt,bintrie,5,4,storage_mixed_k256,18,,3280,0,0,0.0356,3.1445,0.0016,0.1566,3.5229,0,4,0,0,0,0,0,0,0,0,0,0,4,0,0,0,0,0,0,0,0,0
ubt,bintrie,5,4,storage_mixed_k256,18,,3281,0,0,0.0297,2.9123,0.0015,0.7061,3.7972,0,4,0,0,0,0,0,0,0,0,0,0,4,0,0,0,0,0,0,0,0,0
ubt,bintrie,5,4,storage_mixed_k256,18,,3282,91698,2,0.1485,15.3755,13.2668,4.6668,33.6094,2.7283,11,0,0,0,3,0,0,0,1,305,5,6,45.45,0,0,0,0,0,0,0,0
ubt,bintrie,5,4,storage_mixed_k256,18,,3283,5900070,1,40.6802,15.83,6.2333,0.6933,63.6383,92.7126,263,1379,257,7473,2,0,0,0,0,0,44,219,16.73,319,1060,23.13,257,0,100,7473,0
ubt,bintrie,5,4,storage_mixed_k256,18,,3284,21000,1,0.0664,2.9148,2.4383,0.6367,6.2275,3.3722,6,0,0,0,2,0,0,0,0,0,2,4,33.33,0,0,0,0,0,0,0,0
ubt,bintrie,5,4,storage_mixed_k256,18,,3285,0,0,0.0232,4.1989,0.0019,0.1112,4.4957,0,4,0,0,0,0,0,0,0,0,0,0,4,0,0,0,0,0,0,0,0,0
ubt,bintrie,5,4,storage_mixed_k256,19,,3286,0,0,0.0777,5.3225,0.003,0.2076,5.9802,0,4,0,0,0,0,0,0,0,0,0,0,4,0,0,0,0,0,0,0,0,0
ubt,bintrie,5,4,storage_mixed_k256,19,,3287,0,0,0.021,2.6716,0.0015,0.1467,3.0509,0,4,0,0,0,0,0,0,0,0,0,0,4,0,0,0,0,0,0,0,0,0
ubt,bintrie,5,4,storage_mixed_k256,19,,3288,0,0,0.0221,2.6883,0.0013,0.1193,2.9742,0,4,0,0,0,0,0,0,0,0,0,0,4,0,0,0,0,0,0,0,0,0
ubt,bintrie,5,4,storage_mixed_k256,19,,3289,91698,2,0.1044,15.561,13.8894,4.5615,34.2766,2.6752,11,0,0,0,3,0,0,0,1,305,6,5,54.55,0,0,0,0,0,0,0,0
ubt,bintrie,5,4,storage_mixed_k256,19,,3290,5900070,1,43.2171,14.9756,2.5135,0.8394,61.7918,95.4831,263,1379,257,7473,2,0,0,0,0,0,180,83,68.44,433,946,31.4,257,0,100,7473,0
ubt,bintrie,5,4,storage_mixed_k256,19,,3291,21000,1,0.0743,3.1466,3.8882,0.6764,8.0112,2.6213,6,0,0,0,2,0,0,0,0,0,2,4,33.33,0,0,0,0,0,0,0,0
ubt,bintrie,5,4,storage_mixed_k256,19,,3292,0,0,0.0287,2.9254,0.0013,0.1254,3.2439,0,4,0,0,0,0,0,0,0,0,0,0,4,0,0,0,0,0,0,0,0,0
ubt,bintrie,5,4,storage_mixed_k256,1,,3157,0,0,0.0375,3.2118,0.0017,0.1281,3.5876,0,4,0,0,0,0,0,0,0,0,0,0,4,0,0,0,0,0,0,0,0,0
ubt,bintrie,5,4,storage_mixed_k256,1,,3158,0,0,0.0231,2.6197,0.0016,0.0953,2.8974,0,4,0,0,0,0,0,0,0,0,0,0,4,0,0,0,0,0,0,0,0,0
ubt,bintrie,5,4,storage_mixed_k256,1,,3159,0,0,0.0485,18.7121,0.0027,0.14,19.2716,0,4,0,0,0,0,0,0,0,0,0,0,4,0,0,0,0,0,0,0,0,0
ubt,bintrie,5,4,storage_mixed_k256,1,,3160,91698,2,0.2765,21.9313,3.3175,4.8553,30.6247,2.9942,11,0,0,0,3,0,0,0,1,305,4,7,36.36,0,0,0,0,0,0,0,0
ubt,bintrie,5,4,storage_mixed_k256,1,,3161,5900070,1,44.9684,23.8893,2.5376,0.7898,72.3863,81.5082,263,1379,257,7473,2,0,0,0,0,0,124,139,47.15,335,1044,24.29,257,0,100,7473,0
ubt,bintrie,5,4,storage_mixed_k256,1,,3162,21000,1,0.0656,14.6348,18.751,0.6905,34.2983,0.6123,6,0,0,0,2,0,0,0,0,0,2,4,33.33,0,0,0,0,0,0,0,0
ubt,bintrie,5,4,storage_mixed_k256,1,,3163,0,0,0.0195,2.5318,0.0013,0.0869,2.7907,0,4,0,0,0,0,0,0,0,0,0,0,4,0,0,0,0,0,0,0,0,0
ubt,bintrie,5,4,storage_mixed_k256,20,,3293,0,0,0.0464,2.8499,0.002,0.1913,3.3214,0,4,0,0,0,0,0,0,0,0,0,0,4,0,0,0,0,0,0,0,0,0
ubt,bintrie,5,4,storage_mixed_k256,20,,3294,0,0,0.02,2.9473,0.0013,0.0972,3.2346,0,4,0,0,0,0,0,0,0,0,0,0,4,0,0,0,0,0,0,0,0,0
ubt,bintrie,5,4,storage_mixed_k256,20,,3295,0,0,0.0218,13.2264,0.0025,0.1369,13.5305,0,4,0,0,0,0,0,0,0,0,0,0,4,0,0,0,0,0,0,0,0,0
ubt,bintrie,5,4,storage_mixed_k256,20,,3296,91698,2,0.0981,15.5087,17.9428,5.4226,39.1522,2.3421,11,0,0,0,3,0,0,0,1,305,5,6,45.45,0,0,0,0,0,0,0,0
ubt,bintrie,5,4,storage_mixed_k256,20,,3297,5900070,1,55.9581,17.1988,3.1566,0.6867,77.1672,76.4583,263,1379,257,7473,2,0,0,0,0,0,29,234,11.03,207,1172,15.01,257,0,100,7473,0
ubt,bintrie,5,4,storage_mixed_k256,20,,3298,21000,1,0.0616,14.4713,3.7143,0.5693,18.9619,1.1075,6,0,0,0,2,0,0,0,0,0,2,4,33.33,0,0,0,0,0,0,0,0
ubt,bintrie,5,4,storage_mixed_k256,20,,3299,0,0,0.0298,4.2158,0.0027,0.19,4.6061,0,4,0,0,0,0,0,0,0,0,0,0,4,0,0,0,0,0,0,0,0,0
ubt,bintrie,5,4,storage_mixed_k256,2,,3164,0,0,0.0798,5.9029,0.0028,0.1698,6.4402,0,4,0,0,0,0,0,0,0,0,0,0,4,0,0,0,0,0,0,0,0,0
ubt,bintrie,5,4,storage_mixed_k256,2,,3165,0,0,0.0419,4.4984,0.0019,0.1385,4.8331,0,4,0,0,0,0,0,0,0,0,0,0,4,0,0,0,0,0,0,0,0,0
ubt,bintrie,5,4,storage_mixed_k256,2,,3166,0,0,0.0313,7.4914,0.0035,0.2036,8.0602,0,4,0,0,0,0,0,0,0,0,0,0,4,0,0,0,0,0,0,0,0,0
ubt,bintrie,5,4,storage_mixed_k256,2,,3167,91698,2,0.1507,22.1717,2.7369,5.1003,30.3598,3.0204,11,0,0,0,3,0,0,0,1,305,5,6,45.45,0,0,0,0,0,0,0,0
ubt,bintrie,5,4,storage_mixed_k256,2,,3168,0,0,0.0377,2.7894,0.0021,0.1615,3.1703,0,4,0,0,0,0,0,0,0,0,0,0,4,0,0,0,0,0,0,0,0,0
ubt,bintrie,5,4,storage_mixed_k256,2,,3169,5900070,1,59.0177,19.991,2.4257,0.6364,82.2403,71.7418,263,1379,257,7473,2,0,0,0,0,0,54,209,20.53,302,1077,21.9,257,0,100,7473,0
ubt,bintrie,5,4,storage_mixed_k256,2,,3170,21000,1,0.068,15.1293,18.2617,0.6713,34.2823,0.6126,6,0,0,0,2,0,0,0,0,0,2,4,33.33,0,0,0,0,0,0,0,0
ubt,bintrie,5,4,storage_mixed_k256,2,,3171,0,0,0.0235,2.6557,0.0017,0.1317,2.9509,0,4,0,0,0,0,0,0,0,0,0,0,4,0,0,0,0,0,0,0,0,0
ubt,bintrie,5,4,storage_mixed_k256,3,,3172,0,0,0.0592,7.6703,0.0019,0.1298,8.141,0,4,0,0,0,0,0,0,0,0,0,0,4,0,0,0,0,0,0,0,0,0
ubt,bintrie,5,4,storage_mixed_k256,3,,3173,0,0,0.0303,3.0276,0.0018,0.1392,3.3495,0,4,0,0,0,0,0,0,0,0,0,0,4,0,0,0,0,0,0,0,0,0
ubt,bintrie,5,4,storage_mixed_k256,3,,3174,0,0,0.0305,3.7033,0.0025,0.2849,4.1911,0,4,0,0,0,0,0,0,0,0,0,0,4,0,0,0,0,0,0,0,0,0
ubt,bintrie,5,4,storage_mixed_k256,3,,3175,91698,2,0.1779,21.6267,2.7408,5.1413,29.8917,3.0677,11,0,0,0,3,0,0,0,1,305,5,6,45.45,0,0,0,0,0,0,0,0
ubt,bintrie,5,4,storage_mixed_k256,3,,3176,5900070,1,42.0443,30.6103,2.5438,1.0273,76.3864,77.2398,263,1379,257,7473,2,0,0,0,0,0,131,132,49.81,417,962,30.24,257,0,100,7473,0
ubt,bintrie,5,4,storage_mixed_k256,3,,3177,21000,1,0.0835,13.1266,2.4158,0.6477,16.4757,1.2746,6,0,0,0,2,0,0,0,0,0,2,4,33.33,0,0,0,0,0,0,0,0
ubt,bintrie,5,4,storage_mixed_k256,3,,3178,0,0,0.0524,4.3321,0.0021,0.1553,4.8189,0,4,0,0,0,0,0,0,0,0,0,0,4,0,0,0,0,0,0,0,0,0
ubt,bintrie,5,4,storage_mixed_k256,4,,3179,0,0,0.0827,3.3431,0.0016,0.2573,3.8992,0,4,0,0,0,0,0,0,0,0,0,0,4,0,0,0,0,0,0,0,0,0
ubt,bintrie,5,4,storage_mixed_k256,4,,3180,0,0,0.0472,5.8028,0.0019,0.1515,6.1864,0,4,0,0,0,0,0,0,0,0,0,0,4,0,0,0,0,0,0,0,0,0
ubt,bintrie,5,4,storage_mixed_k256,4,,3181,0,0,0.0273,16.785,0.0024,0.1291,17.1894,0,4,0,0,0,0,0,0,0,0,0,0,4,0,0,0,0,0,0,0,0,0
ubt,bintrie,5,4,storage_mixed_k256,4,,3182,91698,2,0.4734,13.1267,2.8423,4.8381,24.1229,3.8013,11,0,0,0,3,0,0,0,1,305,5,6,45.45,0,0,0,0,0,0,0,0
ubt,bintrie,5,4,storage_mixed_k256,4,,3183,5900070,1,49.5035,17.6153,2.5886,0.6839,70.6985,83.4539,263,1379,257,7473,2,0,0,0,0,0,45,218,17.11,758,621,54.97,257,0,100,7473,0
ubt,bintrie,5,4,storage_mixed_k256,4,,3184,21000,1,0.0624,18.6958,2.4021,0.6446,21.975,0.9556,6,0,0,0,2,0,0,0,0,0,2,4,33.33,0,0,0,0,0,0,0,0
ubt,bintrie,5,4,storage_mixed_k256,4,,3185,0,0,0.0285,17.7285,0.0023,0.1857,18.1156,0,4,0,0,0,0,0,0,0,0,0,0,4,0,0,0,0,0,0,0,0,0
ubt,bintrie,5,4,storage_mixed_k256,5,,3186,0,0,0.0297,2.8349,0.0014,0.159,3.2133,0,4,0,0,0,0,0,0,0,0,0,0,4,0,0,0,0,0,0,0,0,0
ubt,bintrie,5,4,storage_mixed_k256,5,,3187,0,0,0.03,3.2171,0.0021,0.1074,3.5222,0,4,0,0,0,0,0,0,0,0,0,0,4,0,0,0,0,0,0,0,0,0
ubt,bintrie,5,4,storage_mixed_k256,5,,3188,0,0,0.0324,3.4337,0.0028,0.1344,3.7582,0,4,0,0,0,0,0,0,0,0,0,0,4,0,0,0,0,0,0,0,0,0
ubt,bintrie,5,4,storage_mixed_k256,5,,3189,91698,2,0.6299,24.5827,2.7786,4.7038,32.9199,2.7855,11,0,0,0,3,0,0,0,1,305,5,6,45.45,0,0,0,0,0,0,0,0
ubt,bintrie,5,4,storage_mixed_k256,5,,3190,5900070,1,46.2071,22.4682,3.2575,0.7206,72.8588,80.9795,263,1379,257,7473,2,0,0,0,0,0,68,195,25.86,410,969,29.73,257,0,100,7473,0
ubt,bintrie,5,4,storage_mixed_k256,5,,3191,21000,1,0.0834,17.8139,16.7337,0.7097,35.5523,0.5907,6,0,0,0,2,0,0,0,0,0,2,4,33.33,0,0,0,0,0,0,0,0
ubt,bintrie,5,4,storage_mixed_k256,5,,3192,0,0,0.0364,3.4043,0.0023,0.3275,4.4552,0,4,0,0,0,0,0,0,0,0,0,0,4,0,0,0,0,0,0,0,0,0
ubt,bintrie,5,4,storage_mixed_k256,6,,3193,0,0,0.0541,7.0304,0.0017,0.1284,7.501,0,4,0,0,0,0,0,0,0,0,0,0,4,0,0,0,0,0,0,0,0,0
ubt,bintrie,5,4,storage_mixed_k256,6,,3194,0,0,0.0328,3.1811,0.0017,0.1994,3.6284,0,4,0,0,0,0,0,0,0,0,0,0,4,0,0,0,0,0,0,0,0,0
ubt,bintrie,5,4,storage_mixed_k256,6,,3195,0,0,0.0375,3.607,0.002,0.1782,3.978,0,4,0,0,0,0,0,0,0,0,0,0,4,0,0,0,0,0,0,0,0,0
ubt,bintrie,5,4,storage_mixed_k256,6,,3196,91698,2,0.3767,20.7886,2.8847,5.3649,29.609,3.097,11,0,0,0,3,0,0,0,1,305,4,7,36.36,0,0,0,0,0,0,0,0
ubt,bintrie,5,4,storage_mixed_k256,6,,3197,5900070,1,42.4365,17.9761,2.5734,0.7127,63.8742,92.3701,263,1379,257,7473,2,0,0,0,0,0,63,200,23.95,560,819,40.61,257,0,100,7473,0
ubt,bintrie,5,4,storage_mixed_k256,6,,3198,21000,1,0.0587,14.4499,20.9779,0.6853,36.3559,0.5776,6,0,0,0,2,0,0,0,0,0,2,4,33.33,0,0,0,0,0,0,0,0
ubt,bintrie,5,4,storage_mixed_k256,6,,3199,0,0,0.0243,2.7416,0.0014,0.1285,3.0641,0,4,0,0,0,0,0,0,0,0,0,0,4,0,0,0,0,0,0,0,0,0
ubt,bintrie,5,4,storage_mixed_k256,7,,3200,0,0,0.0639,5.0086,0.0018,0.2208,5.5442,0,4,0,0,0,0,0,0,0,0,0,0,4,0,0,0,0,0,0,0,0,0
ubt,bintrie,5,4,storage_mixed_k256,7,,3201,0,0,0.0221,2.635,0.0016,0.0952,2.9253,0,4,0,0,0,0,0,0,0,0,0,0,4,0,0,0,0,0,0,0,0,0
ubt,bintrie,5,4,storage_mixed_k256,7,,3202,0,0,0.0227,2.7529,0.0014,0.1367,3.0567,0,4,0,0,0,0,0,0,0,0,0,0,4,0,0,0,0,0,0,0,0,0
ubt,bintrie,5,4,storage_mixed_k256,7,,3203,91698,2,0.1596,16.5588,14.8337,4.93,36.6306,2.5033,11,0,0,0,3,0,0,0,1,305,5,6,45.45,0,0,0,0,0,0,0,0
ubt,bintrie,5,4,storage_mixed_k256,7,,3204,5900070,1,53.6025,33.4843,2.5299,0.8785,90.9297,64.8861,263,1379,257,7473,2,0,0,0,0,0,4,259,1.52,182,1197,13.2,257,0,100,7473,0
ubt,bintrie,5,4,storage_mixed_k256,7,,3205,21000,1,0.0704,19.0611,2.6449,0.6682,22.9192,0.9163,6,0,0,0,2,0,0,0,0,0,2,4,33.33,0,0,0,0,0,0,0,0
ubt,bintrie,5,4,storage_mixed_k256,7,,3206,0,0,0.0342,3.0985,0.0022,0.1662,3.4858,0,4,0,0,0,0,0,0,0,0,0,0,4,0,0,0,0,0,0,0,0,0
ubt,bintrie,5,4,storage_mixed_k256,8,,3207,0,0,0.0838,2.6964,0.0017,0.1792,3.3344,0,4,0,0,0,0,0,0,0,0,0,0,4,0,0,0,0,0,0,0,0,0
ubt,bintrie,5,4,storage_mixed_k256,8,,3208,0,0,0.0187,2.7029,0.0016,0.1201,2.9678,0,4,0,0,0,0,0,0,0,0,0,0,4,0,0,0,0,0,0,0,0,0
ubt,bintrie,5,4,storage_mixed_k256,8,,3209,0,0,0.0236,14.092,0.0016,0.2682,14.641,0,4,0,0,0,0,0,0,0,0,0,0,4,0,0,0,0,0,0,0,0,0
ubt,bintrie,5,4,storage_mixed_k256,8,,3210,91698,2,0.0928,16.0683,13.8789,5.4311,35.6473,2.5724,11,0,0,0,3,0,0,0,1,305,6,5,54.55,0,0,0,0,0,0,0,0
ubt,bintrie,5,4,storage_mixed_k256,8,,3211,5900070,1,41.1155,25.5964,2.3894,0.9067,70.4469,83.752,263,1379,257,7473,2,0,0,0,0,0,64,199,24.33,308,1071,22.34,257,0,100,7473,0
ubt,bintrie,5,4,storage_mixed_k256,8,,3212,21000,1,0.0829,3.9991,3.8931,0.8912,9.1333,2.2993,6,0,0,0,2,0,0,0,0,0,2,4,33.33,0,0,0,0,0,0,0,0
ubt,bintrie,5,4,storage_mixed_k256,8,,3213,0,0,0.0222,2.6791,0.002,0.1731,3.0984,0,4,0,0,0,0,0,0,0,0,0,0,4,0,0,0,0,0,0,0,0,0
ubt,bintrie,5,4,storage_mixed_k256,9,,3214,0,0,0.062,5.3581,0.0019,0.2308,5.9454,0,4,0,0,0,0,0,0,0,0,0,0,4,0,0,0,0,0,0,0,0,0
ubt,bintrie,5,4,storage_mixed_k256,9,,3215,0,0,0.0314,3.0189,0.0013,0.121,3.35,0,4,0,0,0,0,0,0,0,0,0,0,4,0,0,0,0,0,0,0,0,0
ubt,bintrie,5,4,storage_mixed_k256,9,,3216,0,0,0.0326,14.1657,0.002,0.0993,14.4717,0,4,0,0,0,0,0,0,0,0,0,0,4,0,0,0,0,0,0,0,0,0
ubt,bintrie,5,4,storage_mixed_k256,9,,3217,91698,2,0.1357,5.1002,21.4992,4.9638,31.862,2.878,11,0,0,0,3,0,0,0,1,305,5,6,45.45,0,0,0,0,0,0,0,0
ubt,bintrie,5,4,storage_mixed_k256,9,,3218,5900070,1,44.4547,15.8094,2.5825,0.6716,63.6942,92.6311,263,1379,257,7473,2,0,0,0,0,0,60,203,22.81,327,1052,23.71,257,0,100,7473,0
ubt,bintrie,5,4,storage_mixed_k256,9,,3219,21000,1,0.0679,4.0963,13.7838,0.5317,18.6581,1.1255,6,0,0,0,2,0,0,0,0,0,2,4,33.33,0,0,0,0,0,0,0,0
ubt,bintrie,5,4,storage_sload_k1,10,,1706,0,0,0.0352,2.6996,0.0019,0.1484,3.0737,0,4,0,0,0,0,0,0,0,0,0,0,4,0,0,0,0,0,0,0,0,0
ubt,bintrie,5,4,storage_sload_k1,10,,1707,0,0,0.0311,3.3769,0.0017,0.2437,3.783,0,4,0,0,0,0,0,0,0,0,0,0,4,0,0,0,0,0,0,0,0,0
ubt,bintrie,5,4,storage_sload_k1,10,,1708,0,0,0.0374,14.7575,0.0025,0.1343,15.1239,0,4,0,0,0,0,0,0,0,0,0,0,4,0,0,0,0,0,0,0,0,0
ubt,bintrie,5,4,storage_sload_k1,10,,1709,86120,2,0.1191,3.3724,14.0989,4.8632,22.6063,3.8096,11,0,0,0,3,0,0,0,1,155,5,6,45.45,0,0,0,0,0,0,0,0
ubt,bintrie,5,4,storage_sload_k1,10,,1710,5900406,1,109.9929,8.6507,2.4773,0.7748,122.5044,48.1649,8,258,2,183,2,0,0,0,0,0,4,4,50,76,182,29.46,2,0,100,183,0
ubt,bintrie,5,4,storage_sload_k1,10,,1711,21000,1,0.0696,4.4727,9.1822,0.667,14.5704,1.4413,6,0,0,0,2,0,0,0,0,0,2,4,33.33,0,0,0,0,0,0,0,0
ubt,bintrie,5,4,storage_sload_k1,10,,1712,0,0,0.0258,2.6881,0.0045,0.0905,2.9638,0,4,0,0,0,0,0,0,0,0,0,0,4,0,0,0,0,0,0,0,0,0
ubt,bintrie,5,4,storage_sload_k1,11,,1713,0,0,0.0378,2.6444,0.001,0.1789,3.0436,0,4,0,0,0,0,0,0,0,0,0,0,4,0,0,0,0,0,0,0,0,0
ubt,bintrie,5,4,storage_sload_k1,11,,1714,0,0,0.0409,4.1637,0.002,7.7241,12.1068,0,4,0,0,0,0,0,0,0,0,0,0,4,0,0,0,0,0,0,0,0,0
ubt,bintrie,5,4,storage_sload_k1,11,,1715,0,0,0.0283,17.3546,0.0021,0.182,17.7194,0,4,0,0,0,0,0,0,0,0,0,0,4,0,0,0,0,0,0,0,0,0
ubt,bintrie,5,4,storage_sload_k1,11,,1716,86120,2,0.4166,14.5422,22.3148,4.4288,41.8869,2.056,11,0,0,0,3,0,0,0,1,155,5,6,45.45,0,0,0,0,0,0,0,0
ubt,bintrie,5,4,storage_sload_k1,11,,1717,5900406,1,108.3772,10.7527,2.3917,0.6864,122.4679,48.1792,8,258,2,183,2,0,0,0,0,0,0,8,0,23,235,8.91,2,0,100,183,0
ubt,bintrie,5,4,storage_sload_k1,11,,1718,21000,1,0.0845,11.7098,3.1972,0.8173,16.0467,1.3087,6,0,0,0,2,0,0,0,0,0,2,4,33.33,0,0,0,0,0,0,0,0
ubt,bintrie,5,4,storage_sload_k1,11,,1719,0,0,0.0249,3.1485,0.002,0.1761,3.4913,0,4,0,0,0,0,0,0,0,0,0,0,4,0,0,0,0,0,0,0,0,0
ubt,bintrie,5,4,storage_sload_k1,12,,1720,0,0,0.0326,2.6074,0.0012,0.1547,2.994,0,4,0,0,0,0,0,0,0,0,0,0,4,0,0,0,0,0,0,0,0,0
ubt,bintrie,5,4,storage_sload_k1,12,,1721,0,0,2.3619,7.7553,0.0026,0.1554,10.4556,0,4,0,0,0,0,0,0,0,0,0,0,4,0,0,0,0,0,0,0,0,0
ubt,bintrie,5,4,storage_sload_k1,12,,1722,0,0,0.0306,14.6005,0.002,0.1857,14.9773,0,4,0,0,0,0,0,0,0,0,0,0,4,0,0,0,0,0,0,0,0,0
ubt,bintrie,5,4,storage_sload_k1,12,,1723,86120,2,0.2066,4.3527,21.7004,5.3413,31.777,2.7101,11,0,0,0,3,0,0,0,1,155,5,6,45.45,0,0,0,0,0,0,0,0
ubt,bintrie,5,4,storage_sload_k1,12,,1724,5900406,1,117.7114,7.0123,2.8883,0.7024,128.5164,45.9117,8,258,2,183,2,0,0,0,0,0,4,4,50,19,239,7.36,2,0,100,183,0
ubt,bintrie,5,4,storage_sload_k1,12,,1725,21000,1,0.0594,3.469,11.0344,0.702,15.4255,1.3614,6,0,0,0,2,0,0,0,0,0,2,4,33.33,0,0,0,0,0,0,0,0
ubt,bintrie,5,4,storage_sload_k1,13,,1726,0,0,0.0341,3.0196,0.0016,0.1276,3.3986,0,4,0,0,0,0,0,0,0,0,0,0,4,0,0,0,0,0,0,0,0,0
ubt,bintrie,5,4,storage_sload_k1,13,,1727,0,0,0.0652,4.5722,0.0018,1.4482,6.2889,0,4,0,0,0,0,0,0,0,0,0,0,4,0,0,0,0,0,0,0,0,0
ubt,bintrie,5,4,storage_sload_k1,13,,1728,0,0,0.0527,3.83,0.0027,0.2593,4.3857,0,4,0,0,0,0,0,0,0,0,0,0,4,0,0,0,0,0,0,0,0,0
ubt,bintrie,5,4,storage_sload_k1,13,,1729,86120,2,0.1003,14.9659,17.7375,4.3486,37.3026,2.3087,11,0,0,0,3,0,0,0,1,155,6,5,54.55,0,0,0,0,0,0,0,0
ubt,bintrie,5,4,storage_sload_k1,13,,1730,5900406,1,111.7343,5.2759,2.4551,0.6164,120.2322,49.0751,8,258,2,183,2,0,0,0,0,0,4,4,50,28,230,10.85,2,0,100,183,0
ubt,bintrie,5,4,storage_sload_k1,13,,1731,21000,1,0.0653,8.0732,5.097,0.749,14.1683,1.4822,6,0,0,0,2,0,0,0,0,0,2,4,33.33,0,0,0,0,0,0,0,0
ubt,bintrie,5,4,storage_sload_k1,13,,1732,0,0,0.0293,3.9985,0.0023,0.1088,4.3951,0,4,0,0,0,0,0,0,0,0,0,0,4,0,0,0,0,0,0,0,0,0
ubt,bintrie,5,4,storage_sload_k1,14,,1733,0,0,0.0322,2.7063,0.0014,0.1237,3.0339,0,4,0,0,0,0,0,0,0,0,0,0,4,0,0,0,0,0,0,0,0,0
ubt,bintrie,5,4,storage_sload_k1,14,,1734,0,0,0.0303,3.2042,0.0018,0.1657,3.5442,0,4,0,0,0,0,0,0,0,0,0,0,4,0,0,0,0,0,0,0,0,0
ubt,bintrie,5,4,storage_sload_k1,14,,1735,0,0,0.0338,3.1292,0.002,0.4029,3.7985,0,4,0,0,0,0,0,0,0,0,0,0,4,0,0,0,0,0,0,0,0,0
ubt,bintrie,5,4,storage_sload_k1,14,,1736,86120,2,0.107,3.2916,2.902,5.4666,11.914,7.2285,11,0,0,0,3,0,0,0,1,155,6,5,54.55,0,0,0,0,0,0,0,0
ubt,bintrie,5,4,storage_sload_k1,14,,1737,5900406,1,115.7943,9.5955,2.5095,0.9025,130.8933,45.078,8,258,2,183,2,0,0,0,0,0,1,7,12.5,2,256,0.78,2,0,100,183,0
ubt,bintrie,5,4,storage_sload_k1,14,,1738,21000,1,0.0912,6.5132,6.2705,0.6516,13.7115,1.5316,6,0,0,0,2,0,0,0,0,0,2,4,33.33,0,0,0,0,0,0,0,0
ubt,bintrie,5,4,storage_sload_k1,14,,1739,0,0,0.027,8.1162,0.0013,0.1154,8.42,0,4,0,0,0,0,0,0,0,0,0,0,4,0,0,0,0,0,0,0,0,0
ubt,bintrie,5,4,storage_sload_k1,15,,1740,0,0,0.0362,2.9154,0.0022,0.2085,3.4179,0,4,0,0,0,0,0,0,0,0,0,0,4,0,0,0,0,0,0,0,0,0
ubt,bintrie,5,4,storage_sload_k1,15,,1741,0,0,0.0259,3.0316,0.0015,0.0932,3.3532,0,4,0,0,0,0,0,0,0,0,0,0,4,0,0,0,0,0,0,0,0,0
ubt,bintrie,5,4,storage_sload_k1,15,,1742,0,0,0.0401,2.7821,0.0019,0.1218,3.1016,0,4,0,0,0,0,0,0,0,0,0,0,4,0,0,0,0,0,0,0,0,0
ubt,bintrie,5,4,storage_sload_k1,15,,1743,86120,2,0.153,20.5669,2.7273,7.2263,30.8415,2.7923,11,0,0,0,3,0,0,0,1,155,6,5,54.55,0,0,0,0,0,0,0,0
ubt,bintrie,5,4,storage_sload_k1,15,,1744,5900406,1,117.9126,10.3506,18.0593,0.9428,147.7314,39.9401,8,258,2,183,2,0,0,0,0,0,2,6,25,2,256,0.78,2,0,100,183,0
ubt,bintrie,5,4,storage_sload_k1,15,,1745,21000,1,0.0666,9.0958,9.738,0.6316,19.778,1.0618,6,0,0,0,2,0,0,0,0,0,2,4,33.33,0,0,0,0,0,0,0,0
ubt,bintrie,5,4,storage_sload_k1,15,,1746,0,0,0.0341,8.2441,0.0021,0.1282,8.5654,0,4,0,0,0,0,0,0,0,0,0,0,4,0,0,0,0,0,0,0,0,0
ubt,bintrie,5,4,storage_sload_k1,16,,1747,0,0,0.0427,2.7493,0.0016,0.1262,3.0895,0,4,0,0,0,0,0,0,0,0,0,0,4,0,0,0,0,0,0,0,0,0
ubt,bintrie,5,4,storage_sload_k1,16,,1748,0,0,0.0425,6.3255,0.0021,0.1445,6.6913,0,4,0,0,0,0,0,0,0,0,0,0,4,0,0,0,0,0,0,0,0,0
ubt,bintrie,5,4,storage_sload_k1,16,,1749,0,0,0.0477,22.4558,0.0033,0.2337,22.9868,0,4,0,0,0,0,0,0,0,0,0,0,4,0,0,0,0,0,0,0,0,0
ubt,bintrie,5,4,storage_sload_k1,16,,1750,86120,2,0.1211,15.3472,13.4372,5.0748,34.1872,2.5191,11,0,0,0,3,0,0,0,1,155,5,6,45.45,0,0,0,0,0,0,0,0
ubt,bintrie,5,4,storage_sload_k1,16,,1751,5900406,1,113.9666,5.2823,2.5398,2.089,124.4169,47.4245,8,258,2,183,2,0,0,0,0,0,2,6,25,35,223,13.57,2,0,100,183,0
ubt,bintrie,5,4,storage_sload_k1,16,,1752,21000,1,0.0821,8.3816,5.4092,0.6367,14.696,1.429,6,0,0,0,2,0,0,0,0,0,2,4,33.33,0,0,0,0,0,0,0,0
ubt,bintrie,5,4,storage_sload_k1,16,,1753,0,0,0.0215,2.5795,0.0012,0.1101,2.9541,0,4,0,0,0,0,0,0,0,0,0,0,4,0,0,0,0,0,0,0,0,0
ubt,bintrie,5,4,storage_sload_k1,17,,1754,0,0,0.0378,3.3242,0.0016,0.2213,3.7982,0,4,0,0,0,0,0,0,0,0,0,0,4,0,0,0,0,0,0,0,0,0
ubt,bintrie,5,4,storage_sload_k1,17,,1755,0,0,0.0397,8.0504,0.0022,0.141,8.5001,0,4,0,0,0,0,0,0,0,0,0,0,4,0,0,0,0,0,0,0,0,0
ubt,bintrie,5,4,storage_sload_k1,17,,1756,0,0,0.0347,3.4474,0.0024,0.156,3.8047,0,4,0,0,0,0,0,0,0,0,0,0,4,0,0,0,0,0,0,0,0,0
ubt,bintrie,5,4,storage_sload_k1,17,,1757,86120,2,0.1335,14.9274,23.2645,5.2412,43.7273,1.9695,11,0,0,0,3,0,0,0,1,155,5,6,45.45,0,0,0,0,0,0,0,0
ubt,bintrie,5,4,storage_sload_k1,17,,1758,5900406,1,124.7805,6.2138,2.5526,0.6911,134.4336,43.8909,8,258,2,183,2,0,0,0,0,0,4,4,50,53,205,20.54,2,0,100,183,0
ubt,bintrie,5,4,storage_sload_k1,17,,1759,21000,1,0.0734,3.8437,20.8585,0.7315,25.6987,0.8172,6,0,0,0,2,0,0,0,0,0,2,4,33.33,0,0,0,0,0,0,0,0
ubt,bintrie,5,4,storage_sload_k1,18,,1761,0,0,0.0478,3.236,0.0017,0.2231,3.7084,0,4,0,0,0,0,0,0,0,0,0,0,4,0,0,0,0,0,0,0,0,0
ubt,bintrie,5,4,storage_sload_k1,18,,1762,0,0,0.0341,6.2953,0.0022,0.1071,6.6325,0,4,0,0,0,0,0,0,0,0,0,0,4,0,0,0,0,0,0,0,0,0
ubt,bintrie,5,4,storage_sload_k1,18,,1763,0,0,0.0233,14.0828,0.0016,0.1772,14.4059,0,4,0,0,0,0,0,0,0,0,0,0,4,0,0,0,0,0,0,0,0,0
ubt,bintrie,5,4,storage_sload_k1,18,,1764,86120,2,0.1618,22.1332,2.7719,5.0993,30.5574,2.8183,11,0,0,0,3,0,0,0,1,155,6,5,54.55,0,0,0,0,0,0,0,0
ubt,bintrie,5,4,storage_sload_k1,18,,1765,5900406,1,121.7842,23.232,2.5088,0.7232,148.4524,39.7461,8,258,2,183,2,0,0,0,0,0,4,4,50,66,192,25.58,2,0,100,183,0
ubt,bintrie,5,4,storage_sload_k1,18,,1766,21000,1,0.0778,18.0066,22.9429,0.6853,41.9464,0.5006,6,0,0,0,2,0,0,0,0,0,2,4,33.33,0,0,0,0,0,0,0,0
ubt,bintrie,5,4,storage_sload_k1,18,,1767,0,0,0.032,2.9022,0.0021,0.244,3.4291,0,4,0,0,0,0,0,0,0,0,0,0,4,0,0,0,0,0,0,0,0,0
ubt,bintrie,5,4,storage_sload_k1,19,,1768,0,0,0.0516,5.1799,0.0023,0.2497,5.6565,0,4,0,0,0,0,0,0,0,0,0,0,4,0,0,0,0,0,0,0,0,0
ubt,bintrie,5,4,storage_sload_k1,19,,1769,0,0,0.0429,3.5523,0.0021,0.1283,3.9339,0,4,0,0,0,0,0,0,0,0,0,0,4,0,0,0,0,0,0,0,0,0
ubt,bintrie,5,4,storage_sload_k1,19,,1770,0,0,0.0293,2.9649,0.002,0.1163,3.2966,0,4,0,0,0,0,0,0,0,0,0,0,4,0,0,0,0,0,0,0,0,0
ubt,bintrie,5,4,storage_sload_k1,19,,1771,86120,2,0.1214,3.7805,14.4456,4.4156,22.9292,3.7559,11,0,0,0,3,0,0,0,1,155,5,6,45.45,0,0,0,0,0,0,0,0
ubt,bintrie,5,4,storage_sload_k1,19,,1772,5900406,1,117.4857,5.1679,2.6517,0.9842,126.6821,46.5765,8,258,2,183,2,0,0,0,0,0,4,4,50,79,179,30.62,2,0,100,183,0
ubt,bintrie,5,4,storage_sload_k1,19,,1773,21000,1,0.4611,4.1152,9.0206,1.0038,14.8005,1.4189,6,0,0,0,2,0,0,0,0,0,2,4,33.33,0,0,0,0,0,0,0,0
ubt,bintrie,5,4,storage_sload_k1,19,,1774,0,0,0.0242,2.809,0.0021,0.2112,3.34,0,4,0,0,0,0,0,0,0,0,0,0,4,0,0,0,0,0,0,0,0,0
ubt,bintrie,5,4,storage_sload_k1,1,,1647,0,0,0.0442,3.1268,0.0021,0.1731,3.5666,0,4,0,0,0,0,0,0,0,0,0,0,4,0,0,0,0,0,0,0,0,0
ubt,bintrie,5,4,storage_sload_k1,1,,1648,0,0,0.0262,3.8325,0.0012,0.1153,4.1526,0,4,0,0,0,0,0,0,0,0,0,0,4,0,0,0,0,0,0,0,0,0
ubt,bintrie,5,4,storage_sload_k1,1,,1649,86120,2,0.0828,3.1764,14.332,5.8344,23.5853,3.6514,11,0,0,0,3,0,0,0,1,155,7,4,63.64,0,0,0,0,0,0,0,0
ubt,bintrie,5,4,storage_sload_k1,1,,1650,5900406,1,104.0663,5.5111,2.5193,0.9553,113.6319,51.9256,8,258,2,183,2,0,0,0,0,0,3,5,37.5,107,151,41.47,2,0,100,183,0
ubt,bintrie,5,4,storage_sload_k1,1,,1651,21000,1,0.0713,3.1706,3.3377,0.5819,7.3073,2.8738,6,0,0,0,2,0,0,0,0,0,2,4,33.33,0,0,0,0,0,0,0,0
ubt,bintrie,5,4,storage_sload_k1,20,,1775,0,0,0.0671,3.8126,0.0018,0.2346,4.371,0,4,0,0,0,0,0,0,0,0,0,0,4,0,0,0,0,0,0,0,0,0
ubt,bintrie,5,4,storage_sload_k1,20,,1776,0,0,0.0475,4.7187,0.0017,0.1306,5.0543,0,4,0,0,0,0,0,0,0,0,0,0,4,0,0,0,0,0,0,0,0,0
ubt,bintrie,5,4,storage_sload_k1,20,,1777,0,0,0.0316,14.8765,0.0024,0.1165,15.181,0,4,0,0,0,0,0,0,0,0,0,0,4,0,0,0,0,0,0,0,0,0
ubt,bintrie,5,4,storage_sload_k1,20,,1778,86120,2,0.1425,15.0476,13.9854,5.086,34.4314,2.5012,11,0,0,0,3,0,0,0,1,155,6,5,54.55,0,0,0,0,0,0,0,0
ubt,bintrie,5,4,storage_sload_k1,20,,1779,5900406,1,152.2442,9.8393,2.425,0.9091,165.86,35.5746,8,258,2,183,2,0,0,0,0,0,1,7,12.5,24,234,9.3,2,0,100,183,0
ubt,bintrie,5,4,storage_sload_k1,20,,1780,21000,1,0.071,6.7151,7.6264,0.6707,15.249,1.3771,6,0,0,0,2,0,0,0,0,0,2,4,33.33,0,0,0,0,0,0,0,0
ubt,bintrie,5,4,storage_sload_k1,20,,1781,0,0,0.031,2.7757,0.0016,0.1334,3.0877,0,4,0,0,0,0,0,0,0,0,0,0,4,0,0,0,0,0,0,0,0,0
ubt,bintrie,5,4,storage_sload_k1,2,,1652,0,0,0.0364,3.0028,0.0016,0.1767,3.3759,0,4,0,0,0,0,0,0,0,0,0,0,4,0,0,0,0,0,0,0,0,0
ubt,bintrie,5,4,storage_sload_k1,2,,1653,0,0,0.031,3.0379,0.002,0.1858,3.4085,0,4,0,0,0,0,0,0,0,0,0,0,4,0,0,0,0,0,0,0,0,0
ubt,bintrie,5,4,storage_sload_k1,2,,1654,0,0,0.0344,3.0555,0.0019,0.1085,3.4159,0,4,0,0,0,0,0,0,0,0,0,0,4,0,0,0,0,0,0,0,0,0
ubt,bintrie,5,4,storage_sload_k1,2,,1655,86120,2,0.1702,18.5,3.2232,4.8636,26.9484,3.1957,11,0,0,0,3,0,0,0,1,155,5,6,45.45,0,0,0,0,0,0,0,0
ubt,bintrie,5,4,storage_sload_k1,2,,1656,5900406,1,112.567,7.204,2.5395,0.6102,123.2226,47.8841,8,258,2,183,2,0,0,0,0,0,1,7,12.5,53,205,20.54,2,0,100,183,0
ubt,bintrie,5,4,storage_sload_k1,2,,1657,21000,1,0.0925,11.9207,5.0086,0.5748,17.9038,1.1729,6,0,0,0,2,0,0,0,0,0,2,4,33.33,0,0,0,0,0,0,0,0
ubt,bintrie,5,4,storage_sload_k1,3,,1658,0,0,0.0519,3.3331,0.0017,0.2017,3.7912,0,4,0,0,0,0,0,0,0,0,0,0,4,0,0,0,0,0,0,0,0,0
ubt,bintrie,5,4,storage_sload_k1,3,,1659,0,0,0.1273,3.3164,0.0017,0.159,3.8647,0,4,0,0,0,0,0,0,0,0,0,0,4,0,0,0,0,0,0,0,0,0
ubt,bintrie,5,4,storage_sload_k1,3,,1660,0,0,0.0276,2.8043,0.0023,0.1281,3.1653,0,4,0,0,0,0,0,0,0,0,0,0,4,0,0,0,0,0,0,0,0,0
ubt,bintrie,5,4,storage_sload_k1,3,,1661,86120,2,0.0841,3.362,14.7372,5.1401,27.1852,3.1679,11,0,0,0,3,0,0,0,1,155,7,4,63.64,0,0,0,0,0,0,0,0
ubt,bintrie,5,4,storage_sload_k1,3,,1662,5900406,1,112.406,5.1427,2.6482,0.8182,121.4675,48.576,8,258,2,183,2,0,0,0,0,0,0,8,0,173,85,67.05,2,0,100,183,0
ubt,bintrie,5,4,storage_sload_k1,3,,1663,21000,1,0.0682,3.5735,8.3715,1.1601,13.3638,1.5714,6,0,0,0,2,0,0,0,0,0,2,4,33.33,0,0,0,0,0,0,0,0
ubt,bintrie,5,4,storage_sload_k1,3,,1664,0,0,0.0232,2.9591,0.0015,0.1069,3.2468,0,4,0,0,0,0,0,0,0,0,0,0,4,0,0,0,0,0,0,0,0,0
ubt,bintrie,5,4,storage_sload_k1,4,,1665,0,0,0.0447,3.1868,0.0016,0.1756,3.6391,0,4,0,0,0,0,0,0,0,0,0,0,4,0,0,0,0,0,0,0,0,0
ubt,bintrie,5,4,storage_sload_k1,4,,1666,0,0,0.0236,2.8656,0.0016,0.1624,3.2056,0,4,0,0,0,0,0,0,0,0,0,0,4,0,0,0,0,0,0,0,0,0
ubt,bintrie,5,4,storage_sload_k1,4,,1667,0,0,0.0723,4.1608,0.0022,0.1543,4.8065,0,4,0,0,0,0,0,0,0,0,0,0,4,0,0,0,0,0,0,0,0,0
ubt,bintrie,5,4,storage_sload_k1,4,,1668,86120,2,0.0853,14.2255,15.6697,4.9405,39.9557,2.1554,11,0,0,0,3,0,0,0,1,155,6,5,54.55,0,0,0,0,0,0,0,0
ubt,bintrie,5,4,storage_sload_k1,4,,1669,5900406,1,102.4489,5.3048,2.4444,0.6655,111.0558,53.1301,8,258,2,183,2,0,0,0,0,0,4,4,50,146,112,56.59,2,0,100,183,0
ubt,bintrie,5,4,storage_sload_k1,4,,1670,21000,1,0.0748,11.5032,2.4988,0.6013,14.8544,1.4137,6,0,0,0,2,0,0,0,0,0,2,4,33.33,0,0,0,0,0,0,0,0
ubt,bintrie,5,4,storage_sload_k1,4,,1671,0,0,0.0372,3.4453,0.0019,0.1334,3.8326,0,4,0,0,0,0,0,0,0,0,0,0,4,0,0,0,0,0,0,0,0,0
ubt,bintrie,5,4,storage_sload_k1,5,,1672,0,0,0.0301,2.7195,0.0012,0.1885,3.1713,0,4,0,0,0,0,0,0,0,0,0,0,4,0,0,0,0,0,0,0,0,0
ubt,bintrie,5,4,storage_sload_k1,5,,1673,0,0,0.0362,3.1465,0.0015,0.1431,3.5435,0,4,0,0,0,0,0,0,0,0,0,0,4,0,0,0,0,0,0,0,0,0
ubt,bintrie,5,4,storage_sload_k1,5,,1674,0,0,0.026,2.7892,0.0016,0.1063,3.049,0,4,0,0,0,0,0,0,0,0,0,0,4,0,0,0,0,0,0,0,0,0
ubt,bintrie,5,4,storage_sload_k1,5,,1675,86120,2,0.359,16.9988,2.7287,4.3988,25.4383,3.3855,11,0,0,0,3,0,0,0,1,155,4,7,36.36,0,0,0,0,0,0,0,0
ubt,bintrie,5,4,storage_sload_k1,5,,1676,5900406,1,109.6827,7.6949,2.6375,0.7503,121.1512,48.7028,8,258,2,183,2,0,0,0,0,0,0,8,0,123,135,47.67,2,0,100,183,0
ubt,bintrie,5,4,storage_sload_k1,5,,1677,21000,1,0.0671,12.912,2.4206,0.6237,16.1935,1.2968,6,0,0,0,2,0,0,0,0,0,2,4,33.33,0,0,0,0,0,0,0,0
ubt,bintrie,5,4,storage_sload_k1,6,,1679,0,0,0.0491,5.1711,0.0014,0.1385,5.5834,0,4,0,0,0,0,0,0,0,0,0,0,4,0,0,0,0,0,0,0,0,0
ubt,bintrie,5,4,storage_sload_k1,6,,1680,0,0,0.0304,3.4932,0.0018,0.1832,3.9002,0,4,0,0,0,0,0,0,0,0,0,0,4,0,0,0,0,0,0,0,0,0
ubt,bintrie,5,4,storage_sload_k1,6,,1681,0,0,0.0338,14.5764,0.0021,0.2526,15.3348,0,4,0,0,0,0,0,0,0,0,0,0,4,0,0,0,0,0,0,0,0,0
ubt,bintrie,5,4,storage_sload_k1,6,,1682,86120,2,0.0979,9.5902,2.6636,5.0094,17.5521,4.9065,11,0,0,0,3,0,0,0,1,155,6,5,54.55,0,0,0,0,0,0,0,0
ubt,bintrie,5,4,storage_sload_k1,6,,1683,5900406,1,105.0382,8.7713,14.4228,0.6868,129.2703,45.6439,8,258,2,183,2,0,0,0,0,0,1,7,12.5,39,219,15.12,2,0,100,183,0
ubt,bintrie,5,4,storage_sload_k1,6,,1684,21000,1,0.0611,6.8348,8.0685,0.6085,15.7878,1.3301,6,0,0,0,2,0,0,0,0,0,2,4,33.33,0,0,0,0,0,0,0,0
ubt,bintrie,5,4,storage_sload_k1,6,,1685,0,0,0.0372,2.6383,0.0013,0.1025,2.928,0,4,0,0,0,0,0,0,0,0,0,0,4,0,0,0,0,0,0,0,0,0
ubt,bintrie,5,4,storage_sload_k1,7,,1686,0,0,0.0373,2.7281,0.0011,0.1808,3.1001,0,4,0,0,0,0,0,0,0,0,0,0,4,0,0,0,0,0,0,0,0,0
ubt,bintrie,5,4,storage_sload_k1,7,,1687,0,0,0.0325,2.8441,0.0017,0.1407,3.2244,0,4,0,0,0,0,0,0,0,0,0,0,4,0,0,0,0,0,0,0,0,0
ubt,bintrie,5,4,storage_sload_k1,7,,1688,0,0,0.0302,17.0129,0.0017,0.1515,17.354,0,4,0,0,0,0,0,0,0,0,0,0,4,0,0,0,0,0,0,0,0,0
ubt,bintrie,5,4,storage_sload_k1,7,,1689,86120,2,0.106,3.0233,23.2682,4.3709,30.9166,2.7856,11,0,0,0,3,0,0,0,1,155,6,5,54.55,0,0,0,0,0,0,0,0
ubt,bintrie,5,4,storage_sload_k1,7,,1690,5900406,1,135.7897,5.3766,2.9701,0.6354,144.9195,40.7151,8,258,2,183,2,0,0,0,0,0,4,4,50,42,216,16.28,2,0,100,183,0
ubt,bintrie,5,4,storage_sload_k1,7,,1691,21000,1,0.0564,6.4239,6.6701,0.6488,13.9938,1.5007,6,0,0,0,2,0,0,0,0,0,2,4,33.33,0,0,0,0,0,0,0,0
ubt,bintrie,5,4,storage_sload_k1,7,,1692,0,0,0.0551,8.738,0.0036,0.1679,9.1337,0,4,0,0,0,0,0,0,0,0,0,0,4,0,0,0,0,0,0,0,0,0
ubt,bintrie,5,4,storage_sload_k1,8,,1693,0,0,0.0522,3.1639,0.0015,0.2069,3.6495,0,4,0,0,0,0,0,0,0,0,0,0,4,0,0,0,0,0,0,0,0,0
ubt,bintrie,5,4,storage_sload_k1,8,,1694,0,0,0.0293,2.8694,0.0013,0.0986,3.1799,0,4,0,0,0,0,0,0,0,0,0,0,4,0,0,0,0,0,0,0,0,0
ubt,bintrie,5,4,storage_sload_k1,8,,1695,0,0,0.0265,3.0637,0.0014,0.1093,3.3534,0,4,0,0,0,0,0,0,0,0,0,0,4,0,0,0,0,0,0,0,0,0
ubt,bintrie,5,4,storage_sload_k1,8,,1696,86120,2,0.1068,3.1906,14.8152,4.9957,23.2511,3.7039,11,0,0,0,3,0,0,0,1,155,5,6,45.45,0,0,0,0,0,0,0,0
ubt,bintrie,5,4,storage_sload_k1,8,,1697,5900406,1,125.5119,6.4701,2.7075,0.7591,136.4923,43.2289,8,258,2,183,2,0,0,0,0,0,4,4,50,58,200,22.48,2,0,100,183,0
ubt,bintrie,5,4,storage_sload_k1,8,,1698,21000,1,0.0656,4.7217,2.3661,0.628,7.9597,2.6383,6,0,0,0,2,0,0,0,0,0,2,4,33.33,0,0,0,0,0,0,0,0
ubt,bintrie,5,4,storage_sload_k1,9,,1699,0,0,0.0309,3.2139,0.0012,0.1438,3.5345,0,4,0,0,0,0,0,0,0,0,0,0,4,0,0,0,0,0,0,0,0,0
ubt,bintrie,5,4,storage_sload_k1,9,,1700,0,0,0.0281,2.4787,0.0015,0.0925,2.7435,0,4,0,0,0,0,0,0,0,0,0,0,4,0,0,0,0,0,0,0,0,0
ubt,bintrie,5,4,storage_sload_k1,9,,1701,0,0,0.044,18.3528,0.0023,0.2355,19.1275,0,4,0,0,0,0,0,0,0,0,0,0,4,0,0,0,0,0,0,0,0,0
ubt,bintrie,5,4,storage_sload_k1,9,,1702,86120,2,0.1342,3.5346,21.6256,4.4375,29.888,2.8814,11,0,0,0,3,0,0,0,1,155,6,5,54.55,0,0,0,0,0,0,0,0
ubt,bintrie,5,4,storage_sload_k1,9,,1703,5900406,1,102.984,5.1325,2.5854,0.6345,111.5128,52.9123,8,258,2,183,2,0,0,0,0,0,4,4,50,34,224,13.18,2,0,100,183,0
ubt,bintrie,5,4,storage_sload_k1,9,,1704,21000,1,0.0707,12.7652,2.3966,0.6339,16.064,1.3073,6,0,0,0,2,0,0,0,0,0,2,4,33.33,0,0,0,0,0,0,0,0
ubt,bintrie,5,4,storage_sload_k1,9,,1705,0,0,0.0273,10.1539,0.0021,0.1216,10.4907,0,4,0,0,0,0,0,0,0,0,0,0,4,0,0,0,0,0,0,0,0,0
ubt,bintrie,5,4,storage_sload_k10,10,,1842,0,0,0.0509,4.3265,0.0022,0.1955,4.8425,0,4,0,0,0,0,0,0,0,0,0,0,4,0,0,0,0,0,0,0,0,0
ubt,bintrie,5,4,storage_sload_k10,10,,1843,0,0,0.0194,2.7627,0.0013,0.0836,3.0079,0,4,0,0,0,0,0,0,0,0,0,0,4,0,0,0,0,0,0,0,0,0
ubt,bintrie,5,4,storage_sload_k10,10,,1844,0,0,0.0348,16.5952,0.0024,0.0908,16.9121,0,4,0,0,0,0,0,0,0,0,0,0,4,0,0,0,0,0,0,0,0,0
ubt,bintrie,5,4,storage_sload_k10,10,,1845,86852,2,0.1093,14.8846,13.285,5.11,33.6204,2.5833,11,0,0,0,3,0,0,0,1,157,5,6,45.45,0,0,0,0,0,0,0,0
ubt,bintrie,5,4,storage_sload_k10,10,,1846,5900128,1,113.2892,5.816,2.541,0.8881,122.9593,47.9844,17,258,11,437,2,0,0,0,0,0,7,10,41.18,123,135,47.67,11,0,100,437,0
ubt,bintrie,5,4,storage_sload_k10,10,,1847,21000,1,0.0669,6.424,2.5811,0.9976,10.2648,2.0458,6,0,0,0,2,0,0,0,0,0,2,4,33.33,0,0,0,0,0,0,0,0
ubt,bintrie,5,4,storage_sload_k10,10,,1848,0,0,0.0414,3.8418,0.0018,0.1365,4.1963,0,4,0,0,0,0,0,0,0,0,0,0,4,0,0,0,0,0,0,0,0,0
ubt,bintrie,5,4,storage_sload_k10,11,,1849,0,0,0.048,6.9752,0.0021,0.1841,7.5281,0,4,0,0,0,0,0,0,0,0,0,0,4,0,0,0,0,0,0,0,0,0
ubt,bintrie,5,4,storage_sload_k10,11,,1850,0,0,0.0216,2.6624,0.0016,0.1021,2.9361,0,4,0,0,0,0,0,0,0,0,0,0,4,0,0,0,0,0,0,0,0,0
ubt,bintrie,5,4,storage_sload_k10,11,,1851,0,0,0.0305,3.5812,0.0026,0.3105,4.0592,0,4,0,0,0,0,0,0,0,0,0,0,4,0,0,0,0,0,0,0,0,0
ubt,bintrie,5,4,storage_sload_k10,11,,1852,86852,2,0.1333,19.1101,2.7223,4.6951,26.8294,3.2372,11,0,0,0,3,0,0,0,1,157,5,6,45.45,0,0,0,0,0,0,0,0
ubt,bintrie,5,4,storage_sload_k10,11,,1853,5900128,1,110.439,12.4627,2.522,0.7296,126.4749,46.6506,17,258,11,437,2,0,0,0,0,0,8,9,47.06,97,161,37.6,11,0,100,437,0
ubt,bintrie,5,4,storage_sload_k10,11,,1854,21000,1,0.0617,13.8378,14.0052,0.6519,28.7463,0.7305,6,0,0,0,2,0,0,0,0,0,2,4,33.33,0,0,0,0,0,0,0,0
ubt,bintrie,5,4,storage_sload_k10,12,,1856,0,0,0.0624,6.8946,0.0017,0.1939,7.4339,0,4,0,0,0,0,0,0,0,0,0,0,4,0,0,0,0,0,0,0,0,0
ubt,bintrie,5,4,storage_sload_k10,12,,1857,0,0,0.0579,3.3072,0.0019,1.399,5.0094,0,4,0,0,0,0,0,0,0,0,0,0,4,0,0,0,0,0,0,0,0,0
ubt,bintrie,5,4,storage_sload_k10,12,,1858,0,0,0.0288,3.0001,0.0017,0.1024,3.2543,0,4,0,0,0,0,0,0,0,0,0,0,4,0,0,0,0,0,0,0,0,0
ubt,bintrie,5,4,storage_sload_k10,12,,1859,86852,2,0.13,17.7683,2.7368,6.1945,28.2742,3.0718,11,0,0,0,3,0,0,0,1,157,5,6,45.45,0,0,0,0,0,0,0,0
ubt,bintrie,5,4,storage_sload_k10,12,,1860,5900128,1,123.9815,21.6705,3.1262,0.6268,149.6243,39.433,17,258,11,437,2,0,0,0,0,0,8,9,47.06,122,136,47.29,11,0,100,437,0
ubt,bintrie,5,4,storage_sload_k10,12,,1861,21000,1,0.0687,15.7031,16.5942,0.6693,33.2018,0.6325,6,0,0,0,2,0,0,0,0,0,2,4,33.33,0,0,0,0,0,0,0,0
ubt,bintrie,5,4,storage_sload_k10,12,,1862,0,0,0.0236,2.6803,0.0016,0.2215,3.3068,0,4,0,0,0,0,0,0,0,0,0,0,4,0,0,0,0,0,0,0,0,0
ubt,bintrie,5,4,storage_sload_k10,13,,1863,0,0,0.0739,3.6893,0.0015,0.1897,4.3792,0,4,0,0,0,0,0,0,0,0,0,0,4,0,0,0,0,0,0,0,0,0
ubt,bintrie,5,4,storage_sload_k10,13,,1864,0,0,0.0239,2.7382,0.0018,0.1657,3.06,0,4,0,0,0,0,0,0,0,0,0,0,4,0,0,0,0,0,0,0,0,0
ubt,bintrie,5,4,storage_sload_k10,13,,1865,0,0,0.022,2.5222,0.0018,0.0995,2.8102,0,4,0,0,0,0,0,0,0,0,0,0,4,0,0,0,0,0,0,0,0,0
ubt,bintrie,5,4,storage_sload_k10,13,,1866,86852,2,0.0985,15.3178,17.1736,4.6735,37.472,2.3178,11,0,0,0,3,0,0,0,1,157,6,5,54.55,0,0,0,0,0,0,0,0
ubt,bintrie,5,4,storage_sload_k10,13,,1867,5900128,1,111.3088,3.998,2.6043,0.6388,118.7435,49.688,17,258,11,437,2,0,0,0,0,0,5,12,29.41,94,164,36.43,11,0,100,437,0
ubt,bintrie,5,4,storage_sload_k10,13,,1868,21000,1,0.214,5.2181,3.0763,0.5853,9.9069,2.1197,6,0,0,0,2,0,0,0,0,0,2,4,33.33,0,0,0,0,0,0,0,0
ubt,bintrie,5,4,storage_sload_k10,13,,1869,0,0,0.0379,11.1688,0.0027,0.218,11.5975,0,4,0,0,0,0,0,0,0,0,0,0,4,0,0,0,0,0,0,0,0,0
ubt,bintrie,5,4,storage_sload_k10,14,,1870,0,0,0.062,5.9484,0.0025,0.3308,6.5862,0,4,0,0,0,0,0,0,0,0,0,0,4,0,0,0,0,0,0,0,0,0
ubt,bintrie,5,4,storage_sload_k10,14,,1871,0,0,0.0203,2.6778,0.0012,0.0831,2.9383,0,4,0,0,0,0,0,0,0,0,0,0,4,0,0,0,0,0,0,0,0,0
ubt,bintrie,5,4,storage_sload_k10,14,,1872,0,0,0.0387,17.026,0.0021,0.1222,17.3742,0,4,0,0,0,0,0,0,0,0,0,0,4,0,0,0,0,0,0,0,0,0
ubt,bintrie,5,4,storage_sload_k10,14,,1873,86852,2,0.134,22.864,2.7432,4.9097,30.8096,2.819,11,0,0,0,3,0,0,0,1,157,5,6,45.45,0,0,0,0,0,0,0,0
ubt,bintrie,5,4,storage_sload_k10,14,,1874,5900128,1,108.1909,25.4764,3.7753,0.6899,138.4893,42.6035,17,258,11,437,2,0,0,0,0,0,4,13,23.53,56,202,21.71,11,0,100,437,0
ubt,bintrie,5,4,storage_sload_k10,14,,1875,21000,1,0.0845,15.4199,14.1089,0.6636,30.5125,0.6882,6,0,0,0,2,0,0,0,0,0,2,4,33.33,0,0,0,0,0,0,0,0
ubt,bintrie,5,4,storage_sload_k10,14,,1876,0,0,0.0256,2.7212,0.0014,0.0894,2.9974,0,4,0,0,0,0,0,0,0,0,0,0,4,0,0,0,0,0,0,0,0,0
ubt,bintrie,5,4,storage_sload_k10,15,,1877,0,0,0.0427,8.5102,0.0019,0.1867,8.9716,0,4,0,0,0,0,0,0,0,0,0,0,4,0,0,0,0,0,0,0,0,0
ubt,bintrie,5,4,storage_sload_k10,15,,1878,0,0,0.027,2.8524,0.0012,0.1196,3.1562,0,4,0,0,0,0,0,0,0,0,0,0,4,0,0,0,0,0,0,0,0,0
ubt,bintrie,5,4,storage_sload_k10,15,,1879,0,0,0.025,2.8688,0.0018,0.1274,3.1654,0,4,0,0,0,0,0,0,0,0,0,0,4,0,0,0,0,0,0,0,0,0
ubt,bintrie,5,4,storage_sload_k10,15,,1880,86852,2,0.1558,17.7468,7.5271,4.9085,30.5036,2.8473,11,0,0,0,3,0,0,0,1,157,5,6,45.45,0,0,0,0,0,0,0,0
ubt,bintrie,5,4,storage_sload_k10,15,,1881,5900128,1,168.3941,15.4786,2.472,0.7191,187.2757,31.505,17,258,11,437,2,0,0,0,0,0,9,8,52.94,164,94,63.57,11,0,100,437,0
ubt,bintrie,5,4,storage_sload_k10,15,,1882,21000,1,0.0784,22.0804,2.5003,0.6322,25.5527,0.8218,6,0,0,0,2,0,0,0,0,0,2,4,33.33,0,0,0,0,0,0,0,0
ubt,bintrie,5,4,storage_sload_k10,15,,1883,0,0,0.0221,2.6824,0.0014,0.1151,3.0215,0,4,0,0,0,0,0,0,0,0,0,0,4,0,0,0,0,0,0,0,0,0
ubt,bintrie,5,4,storage_sload_k10,16,,1884,0,0,0.062,2.9948,0.0021,0.1849,3.5159,0,4,0,0,0,0,0,0,0,0,0,0,4,0,0,0,0,0,0,0,0,0
ubt,bintrie,5,4,storage_sload_k10,16,,1885,0,0,0.0277,3.0844,0.0023,0.1476,3.529,0,4,0,0,0,0,0,0,0,0,0,0,4,0,0,0,0,0,0,0,0,0
ubt,bintrie,5,4,storage_sload_k10,16,,1886,0,0,0.0224,14.2908,0.0019,0.1196,14.5958,0,4,0,0,0,0,0,0,0,0,0,0,4,0,0,0,0,0,0,0,0,0
ubt,bintrie,5,4,storage_sload_k10,16,,1887,86852,2,0.1419,25.8563,3.19,4.2908,33.6742,2.5792,11,0,0,0,3,0,0,0,1,157,5,6,45.45,0,0,0,0,0,0,0,0
ubt,bintrie,5,4,storage_sload_k10,16,,1888,5900128,1,112.3191,14.4876,6.6303,0.7219,134.3859,43.9044,17,258,11,437,2,0,0,0,0,0,4,13,23.53,85,173,32.95,11,0,100,437,0
ubt,bintrie,5,4,storage_sload_k10,16,,1889,21000,1,0.0833,18.9924,16.1214,0.6425,36.0082,0.5832,6,0,0,0,2,0,0,0,0,0,2,4,33.33,0,0,0,0,0,0,0,0
ubt,bintrie,5,4,storage_sload_k10,16,,1890,0,0,0.0337,3.4259,0.0019,0.2754,4.5031,0,4,0,0,0,0,0,0,0,0,0,0,4,0,0,0,0,0,0,0,0,0
ubt,bintrie,5,4,storage_sload_k10,17,,1891,0,0,0.0418,3.195,0.0022,0.1586,3.5859,0,4,0,0,0,0,0,0,0,0,0,0,4,0,0,0,0,0,0,0,0,0
ubt,bintrie,5,4,storage_sload_k10,17,,1892,0,0,0.0359,3.1369,0.0051,0.1661,3.5135,0,4,0,0,0,0,0,0,0,0,0,0,4,0,0,0,0,0,0,0,0,0
ubt,bintrie,5,4,storage_sload_k10,17,,1893,0,0,0.027,15.4289,0.0021,0.1243,15.7459,0,4,0,0,0,0,0,0,0,0,0,0,4,0,0,0,0,0,0,0,0,0
ubt,bintrie,5,4,storage_sload_k10,17,,1894,86852,2,0.1112,22.4391,3.8986,5.3298,32.0094,2.7133,11,0,0,0,3,0,0,0,1,157,6,5,54.55,0,0,0,0,0,0,0,0
ubt,bintrie,5,4,storage_sload_k10,17,,1895,5900128,1,134.159,9.7883,2.9412,0.611,147.8399,39.9089,17,258,11,437,2,0,0,0,0,0,5,12,29.41,45,213,17.44,11,0,100,437,0
ubt,bintrie,5,4,storage_sload_k10,17,,1896,21000,1,0.0585,2.9722,2.7769,0.6109,6.6066,3.1786,6,0,0,0,2,0,0,0,0,0,2,4,33.33,0,0,0,0,0,0,0,0
ubt,bintrie,5,4,storage_sload_k10,17,,1897,0,0,0.0334,3.2921,0.002,0.177,3.6894,0,4,0,0,0,0,0,0,0,0,0,0,4,0,0,0,0,0,0,0,0,0
ubt,bintrie,5,4,storage_sload_k10,18,,1898,0,0,0.0424,11.151,0.0021,0.345,11.9943,0,4,0,0,0,0,0,0,0,0,0,0,4,0,0,0,0,0,0,0,0,0
ubt,bintrie,5,4,storage_sload_k10,18,,1899,0,0,0.0424,6.6843,0.0056,0.1498,7.104,0,4,0,0,0,0,0,0,0,0,0,0,4,0,0,0,0,0,0,0,0,0
ubt,bintrie,5,4,storage_sload_k10,18,,1900,0,0,0.0258,13.7811,0.0031,0.1455,14.1226,0,4,0,0,0,0,0,0,0,0,0,0,4,0,0,0,0,0,0,0,0,0
ubt,bintrie,5,4,storage_sload_k10,18,,1901,86852,2,0.2431,23.7351,2.9598,4.0632,31.1773,2.7857,11,0,0,0,3,0,0,0,1,157,4,7,36.36,0,0,0,0,0,0,0,0
ubt,bintrie,5,4,storage_sload_k10,18,,1902,5900128,1,112.121,21.7135,2.5947,0.8208,137.5684,42.8887,17,258,11,437,2,0,0,0,0,0,10,7,58.82,174,84,67.44,11,0,100,437,0
ubt,bintrie,5,4,storage_sload_k10,18,,1903,21000,1,0.063,17.0353,2.4251,0.5997,20.2925,1.0349,6,0,0,0,2,0,0,0,0,0,2,4,33.33,0,0,0,0,0,0,0,0
ubt,bintrie,5,4,storage_sload_k10,18,,1904,0,0,0.0284,15.9117,0.0019,0.1007,16.2125,0,4,0,0,0,0,0,0,0,0,0,0,4,0,0,0,0,0,0,0,0,0
ubt,bintrie,5,4,storage_sload_k10,19,,1905,0,0,0.0791,8.6815,0.002,0.175,9.1699,0,4,0,0,0,0,0,0,0,0,0,0,4,0,0,0,0,0,0,0,0,0
ubt,bintrie,5,4,storage_sload_k10,19,,1906,0,0,0.0258,2.9076,0.0024,0.1868,3.3119,0,4,0,0,0,0,0,0,0,0,0,0,4,0,0,0,0,0,0,0,0,0
ubt,bintrie,5,4,storage_sload_k10,19,,1907,0,0,0.0241,2.6729,0.0016,0.1031,2.9389,0,4,0,0,0,0,0,0,0,0,0,0,4,0,0,0,0,0,0,0,0,0
ubt,bintrie,5,4,storage_sload_k10,19,,1908,86852,2,0.1949,16.7288,5.4185,5.1412,27.7186,3.1333,11,0,0,0,3,0,0,0,1,157,5,6,45.45,0,0,0,0,0,0,0,0
ubt,bintrie,5,4,storage_sload_k10,19,,1909,5900128,1,126.7837,18.1287,3.3274,0.6611,149.2035,39.5442,17,258,11,437,2,0,0,0,0,0,5,12,29.41,34,224,13.18,11,0,100,437,0
ubt,bintrie,5,4,storage_sload_k10,19,,1910,21000,1,0.0621,4.4271,2.356,0.7,7.7191,2.7205,6,0,0,0,2,0,0,0,0,0,2,4,33.33,0,0,0,0,0,0,0,0
ubt,bintrie,5,4,storage_sload_k10,19,,1911,0,0,0.0191,2.5647,0.0017,0.1472,2.8835,0,4,0,0,0,0,0,0,0,0,0,0,4,0,0,0,0,0,0,0,0,0
ubt,bintrie,5,4,storage_sload_k10,1,,1782,0,0,0.0536,2.7084,0.0014,0.1781,3.1275,0,4,0,0,0,0,0,0,0,0,0,0,4,0,0,0,0,0,0,0,0,0
ubt,bintrie,5,4,storage_sload_k10,1,,1783,0,0,0.1316,5.4871,0.0019,0.655,6.4436,0,4,0,0,0,0,0,0,0,0,0,0,4,0,0,0,0,0,0,0,0,0
ubt,bintrie,5,4,storage_sload_k10,1,,1784,0,0,0.0283,2.7716,0.0013,0.1206,3.0849,0,4,0,0,0,0,0,0,0,0,0,0,4,0,0,0,0,0,0,0,0,0
ubt,bintrie,5,4,storage_sload_k10,1,,1785,86852,2,0.1031,20.8281,2.9707,4.9754,29.0377,2.991,11,0,0,0,3,0,0,0,1,157,6,5,54.55,0,0,0,0,0,0,0,0
ubt,bintrie,5,4,storage_sload_k10,1,,1786,5900128,1,127.0177,18.2515,2.4866,0.6843,148.6372,39.6948,17,258,11,437,2,0,0,0,0,0,5,12,29.41,73,185,28.29,11,0,100,437,0
ubt,bintrie,5,4,storage_sload_k10,1,,1787,21000,1,0.0721,14.2415,13.658,0.6455,28.8147,0.7288,6,0,0,0,2,0,0,0,0,0,2,4,33.33,0,0,0,0,0,0,0,0
ubt,bintrie,5,4,storage_sload_k10,1,,1788,0,0,0.0288,2.7507,0.0019,0.1198,3.102,0,4,0,0,0,0,0,0,0,0,0,0,4,0,0,0,0,0,0,0,0,0
ubt,bintrie,5,4,storage_sload_k10,20,,1912,0,0,0.0499,5.3509,0.0017,0.1277,5.7485,0,4,0,0,0,0,0,0,0,0,0,0,4,0,0,0,0,0,0,0,0,0
ubt,bintrie,5,4,storage_sload_k10,20,,1913,0,0,0.0253,2.9512,0.0011,0.1128,3.2427,0,4,0,0,0,0,0,0,0,0,0,0,4,0,0,0,0,0,0,0,0,0
ubt,bintrie,5,4,storage_sload_k10,20,,1914,0,0,0.0213,2.5696,0.0013,0.133,2.8741,0,4,0,0,0,0,0,0,0,0,0,0,4,0,0,0,0,0,0,0,0,0
ubt,bintrie,5,4,storage_sload_k10,20,,1915,86852,2,0.1085,21.677,2.9239,5.1587,30.059,2.8894,11,0,0,0,3,0,0,0,1,157,6,5,54.55,0,0,0,0,0,0,0,0
ubt,bintrie,5,4,storage_sload_k10,20,,1916,5900128,1,123.2579,23.0026,2.5376,0.6059,149.5782,39.4451,17,258,11,437,2,0,0,0,0,0,8,9,47.06,124,134,48.06,11,0,100,437,0
ubt,bintrie,5,4,storage_sload_k10,20,,1917,21000,1,0.0677,14.5503,17.3728,0.685,32.8662,0.639,6,0,0,0,2,0,0,0,0,0,2,4,33.33,0,0,0,0,0,0,0,0
ubt,bintrie,5,4,storage_sload_k10,20,,1918,0,0,0.0292,2.7468,0.0018,0.2859,3.4868,0,4,0,0,0,0,0,0,0,0,0,0,4,0,0,0,0,0,0,0,0,0
ubt,bintrie,5,4,storage_sload_k10,2,,1789,0,0,0.0416,2.8862,0.0016,0.1418,3.3277,0,4,0,0,0,0,0,0,0,0,0,0,4,0,0,0,0,0,0,0,0,0
ubt,bintrie,5,4,storage_sload_k10,2,,1790,0,0,0.0402,8.3558,0.0022,0.2722,11.2447,0,4,0,0,0,0,0,0,0,0,0,0,4,0,0,0,0,0,0,0,0,0
ubt,bintrie,5,4,storage_sload_k10,2,,1791,0,0,0.0453,19.8311,0.0023,0.1243,20.165,0,4,0,0,0,0,0,0,0,0,0,0,4,0,0,0,0,0,0,0,0,0
ubt,bintrie,5,4,storage_sload_k10,2,,1792,86852,2,0.0815,3.214,13.8148,5.3136,22.5862,3.8454,11,0,0,0,3,0,0,0,1,157,7,4,63.64,0,0,0,0,0,0,0,0
ubt,bintrie,5,4,storage_sload_k10,2,,1793,5900128,1,134.0906,7.197,2.5973,0.7812,144.8524,40.732,17,258,11,437,2,0,0,0,0,0,9,8,52.94,237,21,91.86,11,0,100,437,0
ubt,bintrie,5,4,storage_sload_k10,2,,1794,21000,1,0.0607,4.7929,9.3509,0.6809,15.0705,1.3935,6,0,0,0,2,0,0,0,0,0,2,4,33.33,0,0,0,0,0,0,0,0
ubt,bintrie,5,4,storage_sload_k10,2,,1795,0,0,0.028,3.2868,0.0017,0.1345,3.6111,0,4,0,0,0,0,0,0,0,0,0,0,4,0,0,0,0,0,0,0,0,0
ubt,bintrie,5,4,storage_sload_k10,3,,1796,0,0,0.0376,3.4571,0.0022,0.1694,3.8954,0,4,0,0,0,0,0,0,0,0,0,0,4,0,0,0,0,0,0,0,0,0
ubt,bintrie,5,4,storage_sload_k10,3,,1797,0,0,0.04,4.8337,0.0018,0.2263,5.2928,0,4,0,0,0,0,0,0,0,0,0,0,4,0,0,0,0,0,0,0,0,0
ubt,bintrie,5,4,storage_sload_k10,3,,1798,0,0,0.0378,15.5706,0.0022,0.2708,16.18,0,4,0,0,0,0,0,0,0,0,0,0,4,0,0,0,0,0,0,0,0,0
ubt,bintrie,5,4,storage_sload_k10,3,,1799,86852,2,0.1157,14.2912,20.3098,5.6604,40.5313,2.1428,11,0,0,0,3,0,0,0,1,157,6,5,54.55,0,0,0,0,0,0,0,0
ubt,bintrie,5,4,storage_sload_k10,3,,1800,5900128,1,111.0344,8.8541,2.5856,0.6346,123.4238,47.8038,17,258,11,437,2,0,0,0,0,0,2,15,11.76,74,184,28.68,11,0,100,437,0
ubt,bintrie,5,4,storage_sload_k10,3,,1801,21000,1,0.0652,3.8469,20.4938,0.6884,25.2483,0.8317,6,0,0,0,2,0,0,0,0,0,2,4,33.33,0,0,0,0,0,0,0,0
ubt,bintrie,5,4,storage_sload_k10,3,,1802,0,0,0.038,17.996,0.002,0.1387,18.3206,0,4,0,0,0,0,0,0,0,0,0,0,4,0,0,0,0,0,0,0,0,0
ubt,bintrie,5,4,storage_sload_k10,4,,1803,0,0,0.0372,3.4534,0.0016,0.1933,3.9097,0,4,0,0,0,0,0,0,0,0,0,0,4,0,0,0,0,0,0,0,0,0
ubt,bintrie,5,4,storage_sload_k10,4,,1804,0,0,0.0366,3.9254,0.0015,0.3594,4.5342,0,4,0,0,0,0,0,0,0,0,0,0,4,0,0,0,0,0,0,0,0,0
ubt,bintrie,5,4,storage_sload_k10,4,,1805,0,0,0.0322,2.998,0.0023,0.1163,4.0672,0,4,0,0,0,0,0,0,0,0,0,0,4,0,0,0,0,0,0,0,0,0
ubt,bintrie,5,4,storage_sload_k10,4,,1806,86852,2,0.1266,15.7157,15.7721,4.7652,36.5532,2.376,11,0,0,0,3,0,0,0,1,157,5,6,45.45,0,0,0,0,0,0,0,0
ubt,bintrie,5,4,storage_sload_k10,4,,1807,5900128,1,123.7389,8.398,2.4537,0.86,136.0203,43.3768,17,258,11,437,2,0,0,0,0,0,2,15,11.76,29,229,11.24,11,0,100,437,0
ubt,bintrie,5,4,storage_sload_k10,4,,1808,21000,1,0.0604,6.3567,7.9638,0.8629,15.4864,1.356,6,0,0,0,2,0,0,0,0,0,2,4,33.33,0,0,0,0,0,0,0,0
ubt,bintrie,5,4,storage_sload_k10,4,,1809,0,0,0.0235,2.6991,0.0016,0.1,2.9755,0,4,0,0,0,0,0,0,0,0,0,0,4,0,0,0,0,0,0,0,0,0
ubt,bintrie,5,4,storage_sload_k10,5,,1810,0,0,0.0595,3.3112,0.002,0.1967,3.8181,0,4,0,0,0,0,0,0,0,0,0,0,4,0,0,0,0,0,0,0,0,0
ubt,bintrie,5,4,storage_sload_k10,5,,1811,0,0,0.0279,2.7775,0.0024,0.1141,3.0663,0,4,0,0,0,0,0,0,0,0,0,0,4,0,0,0,0,0,0,0,0,0
ubt,bintrie,5,4,storage_sload_k10,5,,1812,0,0,0.0305,2.9183,0.0017,0.1006,3.2073,0,4,0,0,0,0,0,0,0,0,0,0,4,0,0,0,0,0,0,0,0,0
ubt,bintrie,5,4,storage_sload_k10,5,,1813,86852,2,0.0883,13.6516,16.6813,4.2757,39.4272,2.2028,11,0,0,0,3,0,0,0,1,157,6,5,54.55,0,0,0,0,0,0,0,0
ubt,bintrie,5,4,storage_sload_k10,5,,1814,5900128,1,107.0972,5.8972,3.1559,0.9933,117.5863,50.177,17,258,11,437,2,0,0,0,0,0,6,11,35.29,122,136,47.29,11,0,100,437,0
ubt,bintrie,5,4,storage_sload_k10,5,,1815,21000,1,0.1079,14.1642,2.7477,0.6575,17.8838,1.1742,6,0,0,0,2,0,0,0,0,0,2,4,33.33,0,0,0,0,0,0,0,0
ubt,bintrie,5,4,storage_sload_k10,5,,1816,0,0,0.0239,3.1772,0.0016,0.1093,3.4617,0,4,0,0,0,0,0,0,0,0,0,0,4,0,0,0,0,0,0,0,0,0
ubt,bintrie,5,4,storage_sload_k10,6,,1817,0,0,0.076,4.0132,0.0022,0.1655,4.4802,0,4,0,0,0,0,0,0,0,0,0,0,4,0,0,0,0,0,0,0,0,0
ubt,bintrie,5,4,storage_sload_k10,6,,1818,0,0,0.0234,3.2111,0.0017,0.1253,3.56,0,4,0,0,0,0,0,0,0,0,0,0,4,0,0,0,0,0,0,0,0,0
ubt,bintrie,5,4,storage_sload_k10,6,,1819,0,0,0.0263,2.762,0.0016,0.12,3.076,0,4,0,0,0,0,0,0,0,0,0,0,4,0,0,0,0,0,0,0,0,0
ubt,bintrie,5,4,storage_sload_k10,6,,1820,86852,2,0.4548,16.2581,2.6211,6.3772,25.9268,3.3499,11,0,0,0,3,0,0,0,1,157,4,7,36.36,0,0,0,0,0,0,0,0
ubt,bintrie,5,4,storage_sload_k10,6,,1821,5900128,1,125.7188,8.2229,3.336,0.6948,138.2587,42.6745,17,258,11,437,2,0,0,0,0,0,7,10,41.18,165,93,63.95,11,0,100,437,0
ubt,bintrie,5,4,storage_sload_k10,6,,1822,21000,1,0.1,13.0435,2.4954,0.6952,16.5114,1.2718,6,0,0,0,2,0,0,0,0,0,2,4,33.33,0,0,0,0,0,0,0,0
ubt,bintrie,5,4,storage_sload_k10,6,,1823,0,0,0.032,3.4395,0.0023,0.1389,3.7855,0,4,0,0,0,0,0,0,0,0,0,0,4,0,0,0,0,0,0,0,0,0
ubt,bintrie,5,4,storage_sload_k10,7,,1824,0,0,0.063,3.2398,0.0015,0.1985,3.7728,0,4,0,0,0,0,0,0,0,0,0,0,4,0,0,0,0,0,0,0,0,0
ubt,bintrie,5,4,storage_sload_k10,7,,1825,0,0,0.095,3.2901,0.0024,0.1248,3.7327,0,4,0,0,0,0,0,0,0,0,0,0,4,0,0,0,0,0,0,0,0,0
ubt,bintrie,5,4,storage_sload_k10,7,,1826,86852,2,0.1173,3.0695,13.914,4.6239,21.8621,3.9727,11,0,0,0,3,0,0,0,1,157,5,6,45.45,0,0,0,0,0,0,0,0
ubt,bintrie,5,4,storage_sload_k10,7,,1827,5900128,1,114.6888,6.2785,2.8972,0.9109,125.0317,47.189,17,258,11,437,2,0,0,0,0,0,6,11,35.29,55,203,21.32,11,0,100,437,0
ubt,bintrie,5,4,storage_sload_k10,7,,1828,21000,1,0.0697,4.3795,4.158,0.6421,9.4162,2.2302,6,0,0,0,2,0,0,0,0,0,2,4,33.33,0,0,0,0,0,0,0,0
ubt,bintrie,5,4,storage_sload_k10,8,,1829,0,0,0.0294,2.7612,0.0018,0.1338,3.1425,0,4,0,0,0,0,0,0,0,0,0,0,4,0,0,0,0,0,0,0,0,0
ubt,bintrie,5,4,storage_sload_k10,8,,1830,0,0,0.0451,6.5688,0.0023,0.1545,7.0606,0,4,0,0,0,0,0,0,0,0,0,0,4,0,0,0,0,0,0,0,0,0
ubt,bintrie,5,4,storage_sload_k10,8,,1831,0,0,0.0252,3.4094,0.0011,0.0941,3.7437,0,4,0,0,0,0,0,0,0,0,0,0,4,0,0,0,0,0,0,0,0,0
ubt,bintrie,5,4,storage_sload_k10,8,,1832,86852,2,0.1353,12.3757,14.7391,4.6959,32.1395,2.7023,11,0,0,0,3,0,0,0,1,157,7,4,63.64,0,0,0,0,0,0,0,0
ubt,bintrie,5,4,storage_sload_k10,8,,1833,5900128,1,117.1988,9.4988,2.4962,0.6095,130.0208,45.3783,17,258,11,437,2,0,0,0,0,0,2,15,11.76,71,187,27.52,11,0,100,437,0
ubt,bintrie,5,4,storage_sload_k10,8,,1834,21000,1,0.0603,5.3755,8.2282,0.6055,14.4895,1.4493,6,0,0,0,2,0,0,0,0,0,2,4,33.33,0,0,0,0,0,0,0,0
ubt,bintrie,5,4,storage_sload_k10,9,,1835,0,0,0.0663,3.7515,0.0017,0.1895,4.2638,0,4,0,0,0,0,0,0,0,0,0,0,4,0,0,0,0,0,0,0,0,0
ubt,bintrie,5,4,storage_sload_k10,9,,1836,0,0,0.0861,5.4118,0.0018,0.1245,5.8499,0,4,0,0,0,0,0,0,0,0,0,0,4,0,0,0,0,0,0,0,0,0
ubt,bintrie,5,4,storage_sload_k10,9,,1837,0,0,0.0447,24.3889,0.0033,0.5754,25.7425,0,4,0,0,0,0,0,0,0,0,0,0,4,0,0,0,0,0,0,0,0,0
ubt,bintrie,5,4,storage_sload_k10,9,,1838,86852,2,0.0929,12.4849,2.6278,5.0325,22.9222,3.789,11,0,0,0,3,0,0,0,1,157,7,4,63.64,0,0,0,0,0,0,0,0
ubt,bintrie,5,4,storage_sload_k10,9,,1839,5900128,1,111.2708,19.1357,2.9001,0.8583,134.5628,43.8466,17,258,11,437,2,0,0,0,0,0,4,13,23.53,35,223,13.57,11,0,100,437,0
ubt,bintrie,5,4,storage_sload_k10,9,,1840,21000,1,0.0617,4.494,15.4966,0.82,21.1419,0.9933,6,0,0,0,2,0,0,0,0,0,2,4,33.33,0,0,0,0,0,0,0,0
ubt,bintrie,5,4,storage_sload_k10,9,,1841,0,0,0.0387,18.7812,0.0027,0.1385,19.1533,0,4,0,0,0,0,0,0,0,0,0,0,4,0,0,0,0,0,0,0,0,0
ubt,bintrie,5,4,storage_sload_k100,10,,1979,0,0,0.1501,3.4918,0.0017,0.2198,4.085,0,4,0,0,0,0,0,0,0,0,0,0,4,0,0,0,0,0,0,0,0,0
ubt,bintrie,5,4,storage_sload_k100,10,,1980,0,0,0.0421,2.7509,0.001,0.0996,3.0769,0,4,0,0,0,0,0,0,0,0,0,0,4,0,0,0,0,0,0,0,0,0
ubt,bintrie,5,4,storage_sload_k100,10,,1981,0,0,0.024,2.8317,0.0017,0.1087,3.1262,0,4,0,0,0,0,0,0,0,0,0,0,4,0,0,0,0,0,0,0,0,0
ubt,bintrie,5,4,storage_sload_k100,10,,1982,86852,2,0.1005,18.9501,3.0807,4.4931,26.7736,3.2439,11,0,0,0,3,0,0,0,1,157,6,5,54.55,0,0,0,0,0,0,0,0
ubt,bintrie,5,4,storage_sload_k100,10,,1983,5900228,1,114.5008,5.1361,3.17,0.6787,123.7172,47.6913,107,258,101,2957,2,0,0,0,0,0,59,48,55.14,146,112,56.59,101,0,100,2957,0
ubt,bintrie,5,4,storage_sload_k100,10,,1984,21000,1,0.0989,17.6998,3.121,0.7248,21.8456,0.9613,6,0,0,0,2,0,0,0,0,0,2,4,33.33,0,0,0,0,0,0,0,0
ubt,bintrie,5,4,storage_sload_k100,10,,1985,0,0,0.0232,2.5698,0.0014,0.0917,2.8359,0,4,0,0,0,0,0,0,0,0,0,0,4,0,0,0,0,0,0,0,0,0
ubt,bintrie,5,4,storage_sload_k100,11,,1986,0,0,0.046,3.2634,0.0098,0.1392,3.6026,0,4,0,0,0,0,0,0,0,0,0,0,4,0,0,0,0,0,0,0,0,0
ubt,bintrie,5,4,storage_sload_k100,11,,1987,0,0,0.04,3.7031,0.0018,0.0946,4.0565,0,4,0,0,0,0,0,0,0,0,0,0,4,0,0,0,0,0,0,0,0,0
ubt,bintrie,5,4,storage_sload_k100,11,,1988,0,0,0.0412,23.0477,0.003,0.1929,23.5574,0,4,0,0,0,0,0,0,0,0,0,0,4,0,0,0,0,0,0,0,0,0
ubt,bintrie,5,4,storage_sload_k100,11,,1989,86852,2,0.1372,3.1108,21.7141,5.3173,30.4546,2.8519,11,0,0,0,3,0,0,0,1,157,5,6,45.45,0,0,0,0,0,0,0,0
ubt,bintrie,5,4,storage_sload_k100,11,,1990,5900228,1,116.6826,4.7038,2.5909,0.6939,124.9081,47.2366,107,258,101,2957,2,0,0,0,0,0,74,33,69.16,188,70,72.87,101,0,100,2957,0
ubt,bintrie,5,4,storage_sload_k100,11,,1991,21000,1,0.0629,4.8937,14.6793,0.5706,20.383,1.0303,6,0,0,0,2,0,0,0,0,0,2,4,33.33,0,0,0,0,0,0,0,0
ubt,bintrie,5,4,storage_sload_k100,12,,1993,0,0,0.0597,7.4455,0.0026,0.3468,8.0567,0,4,0,0,0,0,0,0,0,0,0,0,4,0,0,0,0,0,0,0,0,0
ubt,bintrie,5,4,storage_sload_k100,12,,1994,0,0,0.0254,2.8939,0.0017,0.1599,3.2885,0,4,0,0,0,0,0,0,0,0,0,0,4,0,0,0,0,0,0,0,0,0
ubt,bintrie,5,4,storage_sload_k100,12,,1995,0,0,0.0386,14.338,0.0019,0.1493,14.7197,0,4,0,0,0,0,0,0,0,0,0,0,4,0,0,0,0,0,0,0,0,0
ubt,bintrie,5,4,storage_sload_k100,12,,1996,86852,2,0.1262,27.1683,3.1039,4.7569,35.3649,2.4559,11,0,0,0,3,0,0,0,1,157,7,4,63.64,0,0,0,0,0,0,0,0
ubt,bintrie,5,4,storage_sload_k100,12,,1997,5900228,1,108.9697,7.9212,2.5815,0.6332,120.3018,49.0452,107,258,101,2957,2,0,0,0,0,0,11,96,10.28,20,238,7.75,101,0,100,2957,0
ubt,bintrie,5,4,storage_sload_k100,12,,1998,21000,1,0.0678,15.1607,15.8924,0.7857,32.0842,0.6545,6,0,0,0,2,0,0,0,0,0,2,4,33.33,0,0,0,0,0,0,0,0
ubt,bintrie,5,4,storage_sload_k100,12,,1999,0,0,0.0664,18.0066,0.0025,0.176,18.4799,0,4,0,0,0,0,0,0,0,0,0,0,4,0,0,0,0,0,0,0,0,0
ubt,bintrie,5,4,storage_sload_k100,13,,2000,0,0,0.0544,5.2435,0.0021,0.2507,5.8348,0,4,0,0,0,0,0,0,0,0,0,0,4,0,0,0,0,0,0,0,0,0
ubt,bintrie,5,4,storage_sload_k100,13,,2001,0,0,0.0328,3.3544,0.0016,0.0914,3.6402,0,4,0,0,0,0,0,0,0,0,0,0,4,0,0,0,0,0,0,0,0,0
ubt,bintrie,5,4,storage_sload_k100,13,,2002,0,0,0.0348,2.8569,0.0016,0.1168,3.1736,0,4,0,0,0,0,0,0,0,0,0,0,4,0,0,0,0,0,0,0,0,0
ubt,bintrie,5,4,storage_sload_k100,13,,2003,86852,2,0.2019,17.1026,2.7439,5.4943,25.7377,3.3745,11,0,0,0,3,0,0,0,1,157,5,6,45.45,0,0,0,0,0,0,0,0
ubt,bintrie,5,4,storage_sload_k100,13,,2004,5900228,1,108.8372,25.2017,4.5334,0.6909,140.1311,42.1051,107,258,101,2957,2,0,0,0,0,0,29,78,27.1,73,185,28.29,101,0,100,2957,0
ubt,bintrie,5,4,storage_sload_k100,13,,2005,21000,1,0.066,18.7498,2.4931,0.7577,22.2308,0.9446,6,0,0,0,2,0,0,0,0,0,2,4,33.33,0,0,0,0,0,0,0,0
ubt,bintrie,5,4,storage_sload_k100,13,,2006,0,0,0.0335,2.8014,0.0056,0.1663,3.2661,0,4,0,0,0,0,0,0,0,0,0,0,4,0,0,0,0,0,0,0,0,0
ubt,bintrie,5,4,storage_sload_k100,14,,2007,0,0,0.0742,4.2891,0.0018,0.2124,4.771,0,4,0,0,0,0,0,0,0,0,0,0,4,0,0,0,0,0,0,0,0,0
ubt,bintrie,5,4,storage_sload_k100,14,,2008,0,0,0.0761,5.2087,0.0024,0.1717,5.9421,0,4,0,0,0,0,0,0,0,0,0,0,4,0,0,0,0,0,0,0,0,0
ubt,bintrie,5,4,storage_sload_k100,14,,2009,0,0,0.0288,13.3366,0.0019,0.0945,13.6047,0,4,0,0,0,0,0,0,0,0,0,0,4,0,0,0,0,0,0,0,0,0
ubt,bintrie,5,4,storage_sload_k100,14,,2010,86852,2,0.0873,3.1827,14.4996,4.5493,23.0633,3.7658,11,0,0,0,3,0,0,0,1,157,6,5,54.55,0,0,0,0,0,0,0,0
ubt,bintrie,5,4,storage_sload_k100,14,,2011,5900228,1,96.7259,6.1306,2.598,1.1351,106.8849,55.2017,107,258,101,2957,2,0,0,0,0,0,22,85,20.56,44,214,17.05,101,0,100,2957,0
ubt,bintrie,5,4,storage_sload_k100,14,,2012,21000,1,0.0711,4.3676,3.9125,0.739,9.2647,2.2667,6,0,0,0,2,0,0,0,0,0,2,4,33.33,0,0,0,0,0,0,0,0
ubt,bintrie,5,4,storage_sload_k100,14,,2013,0,0,0.0236,2.5625,0.0016,0.1192,2.8675,0,4,0,0,0,0,0,0,0,0,0,0,4,0,0,0,0,0,0,0,0,0
ubt,bintrie,5,4,storage_sload_k100,15,,2014,0,0,0.1268,9.537,0.0026,0.2017,10.1393,0,4,0,0,0,0,0,0,0,0,0,0,4,0,0,0,0,0,0,0,0,0
ubt,bintrie,5,4,storage_sload_k100,15,,2015,0,0,0.0369,2.7155,0.002,0.1161,3.0412,0,4,0,0,0,0,0,0,0,0,0,0,4,0,0,0,0,0,0,0,0,0
ubt,bintrie,5,4,storage_sload_k100,15,,2016,0,0,0.0238,14.8683,0.0018,0.0944,15.1301,0,4,0,0,0,0,0,0,0,0,0,0,4,0,0,0,0,0,0,0,0,0
ubt,bintrie,5,4,storage_sload_k100,15,,2017,86852,2,0.1032,19.2904,2.8459,4.5326,27.3154,3.1796,11,0,0,0,3,0,0,0,1,157,6,5,54.55,0,0,0,0,0,0,0,0
ubt,bintrie,5,4,storage_sload_k100,15,,2018,5900228,1,145.8365,14.9895,2.591,0.6817,164.2863,35.9143,107,258,101,2957,2,0,0,0,0,0,35,72,32.71,74,184,28.68,101,0,100,2957,0
ubt,bintrie,5,4,storage_sload_k100,15,,2019,21000,1,0.0661,18.1667,2.336,0.6931,21.4611,0.9785,6,0,0,0,2,0,0,0,0,0,2,4,33.33,0,0,0,0,0,0,0,0
ubt,bintrie,5,4,storage_sload_k100,15,,2020,0,0,0.0197,2.6951,0.0014,0.0989,2.9566,0,4,0,0,0,0,0,0,0,0,0,0,4,0,0,0,0,0,0,0,0,0
ubt,bintrie,5,4,storage_sload_k100,16,,2021,0,0,0.0418,9.925,0.002,0.1954,10.3813,0,4,0,0,0,0,0,0,0,0,0,0,4,0,0,0,0,0,0,0,0,0
ubt,bintrie,5,4,storage_sload_k100,16,,2022,0,0,0.037,4.7092,0.0018,0.1197,5.0086,0,4,0,0,0,0,0,0,0,0,0,0,4,0,0,0,0,0,0,0,0,0
ubt,bintrie,5,4,storage_sload_k100,16,,2023,0,0,0.0354,6.1548,0.002,0.1101,6.6098,0,4,0,0,0,0,0,0,0,0,0,0,4,0,0,0,0,0,0,0,0,0
ubt,bintrie,5,4,storage_sload_k100,16,,2024,86852,2,0.1297,3.7694,14.7466,4.2923,23.0799,3.7631,11,0,0,0,3,0,0,0,1,157,5,6,45.45,0,0,0,0,0,0,0,0
ubt,bintrie,5,4,storage_sload_k100,16,,2025,5900228,1,114.9424,7.6102,3.3117,0.7135,126.8547,46.5117,107,258,101,2957,2,0,0,0,0,0,62,45,57.94,137,121,53.1,101,0,100,2957,0
ubt,bintrie,5,4,storage_sload_k100,16,,2026,21000,1,0.0691,24.4257,2.6487,0.5984,27.991,0.7502,6,0,0,0,2,0,0,0,0,0,2,4,33.33,0,0,0,0,0,0,0,0
ubt,bintrie,5,4,storage_sload_k100,17,,2027,0,0,0.0433,8.9459,0.0027,0.211,9.4419,0,4,0,0,0,0,0,0,0,0,0,0,4,0,0,0,0,0,0,0,0,0
ubt,bintrie,5,4,storage_sload_k100,17,,2028,0,0,0.0213,2.7343,0.0013,0.1214,3.0098,0,4,0,0,0,0,0,0,0,0,0,0,4,0,0,0,0,0,0,0,0,0
ubt,bintrie,5,4,storage_sload_k100,17,,2029,0,0,0.048,13.2998,0.0015,0.0901,13.5739,0,4,0,0,0,0,0,0,0,0,0,0,4,0,0,0,0,0,0,0,0,0
ubt,bintrie,5,4,storage_sload_k100,17,,2030,86852,2,0.0896,22.6743,2.6393,4.4475,30.029,2.8923,11,0,0,0,3,0,0,0,1,157,6,5,54.55,0,0,0,0,0,0,0,0
ubt,bintrie,5,4,storage_sload_k100,17,,2031,5900228,1,101.1251,16.6862,2.7274,0.5912,121.326,48.6312,107,258,101,2957,2,0,0,0,0,0,14,93,13.08,26,232,10.08,101,0,100,2957,0
ubt,bintrie,5,4,storage_sload_k100,17,,2032,21000,1,0.0738,15.2613,20.0689,0.6859,36.2416,0.5794,6,0,0,0,2,0,0,0,0,0,2,4,33.33,0,0,0,0,0,0,0,0
ubt,bintrie,5,4,storage_sload_k100,17,,2033,0,0,0.0358,3.6192,0.0024,0.3421,4.6098,0,4,0,0,0,0,0,0,0,0,0,0,4,0,0,0,0,0,0,0,0,0
ubt,bintrie,5,4,storage_sload_k100,18,,2034,0,0,0.0336,2.7266,0.0018,0.2397,3.2456,0,4,0,0,0,0,0,0,0,0,0,0,4,0,0,0,0,0,0,0,0,0
ubt,bintrie,5,4,storage_sload_k100,18,,2035,0,0,0.0294,3.2796,0.002,0.1227,3.6476,0,4,0,0,0,0,0,0,0,0,0,0,4,0,0,0,0,0,0,0,0,0
ubt,bintrie,5,4,storage_sload_k100,18,,2036,0,0,0.0359,23.2614,0.0032,0.1722,23.7858,0,4,0,0,0,0,0,0,0,0,0,0,4,0,0,0,0,0,0,0,0,0
ubt,bintrie,5,4,storage_sload_k100,18,,2037,86852,2,0.1388,23.3884,2.6614,4.5556,30.9483,2.8064,11,0,0,0,3,0,0,0,1,157,5,6,45.45,0,0,0,0,0,0,0,0
ubt,bintrie,5,4,storage_sload_k100,18,,2038,5900228,1,103.9081,6.6818,2.5919,0.6336,114.0074,51.753,107,258,101,2957,2,0,0,0,0,0,24,83,22.43,71,187,27.52,101,0,100,2957,0
ubt,bintrie,5,4,storage_sload_k100,18,,2039,21000,1,0.0684,16.4733,19.0567,0.74,36.5353,0.5748,6,0,0,0,2,0,0,0,0,0,0,6,0,0,0,0,0,0,0,0,0
ubt,bintrie,5,4,storage_sload_k100,18,,2040,0,0,0.0186,2.6978,0.0013,0.2181,3.3368,0,4,0,0,0,0,0,0,0,0,0,0,4,0,0,0,0,0,0,0,0,0
ubt,bintrie,5,4,storage_sload_k100,19,,2041,0,0,0.0465,3.0566,0.0019,0.2947,3.624,0,4,0,0,0,0,0,0,0,0,0,0,4,0,0,0,0,0,0,0,0,0
ubt,bintrie,5,4,storage_sload_k100,19,,2042,0,0,0.0278,2.9025,0.0014,0.1232,3.2221,0,4,0,0,0,0,0,0,0,0,0,0,4,0,0,0,0,0,0,0,0,0
ubt,bintrie,5,4,storage_sload_k100,19,,2043,0,0,0.0225,2.7641,0.0016,0.0921,3.0451,0,4,0,0,0,0,0,0,0,0,0,0,4,0,0,0,0,0,0,0,0,0
ubt,bintrie,5,4,storage_sload_k100,19,,2044,86852,2,0.1485,16.0755,14.6974,4.3278,35.4687,2.4487,11,0,0,0,3,0,0,0,1,157,5,6,45.45,0,0,0,0,0,0,0,0
ubt,bintrie,5,4,storage_sload_k100,19,,2045,5900228,1,149.4885,5.9595,2.55,0.8172,159.2572,37.0484,107,258,101,2957,2,0,0,0,0,0,16,91,14.95,39,219,15.12,101,0,100,2957,0
ubt,bintrie,5,4,storage_sload_k100,19,,2046,21000,1,0.0975,4.4394,3.5446,0.6222,8.9432,2.3481,6,0,0,0,2,0,0,0,0,0,2,4,33.33,0,0,0,0,0,0,0,0
ubt,bintrie,5,4,storage_sload_k100,19,,2047,0,0,0.026,2.5618,0.0014,0.1152,2.8623,0,4,0,0,0,0,0,0,0,0,0,0,4,0,0,0,0,0,0,0,0,0
ubt,bintrie,5,4,storage_sload_k100,1,,1919,0,0,0.0572,13.1763,0.0018,0.1605,13.5995,0,4,0,0,0,0,0,0,0,0,0,0,4,0,0,0,0,0,0,0,0,0
ubt,bintrie,5,4,storage_sload_k100,1,,1920,0,0,0.0321,2.6323,0.0016,0.098,2.9039,0,4,0,0,0,0,0,0,0,0,0,0,4,0,0,0,0,0,0,0,0,0
ubt,bintrie,5,4,storage_sload_k100,1,,1921,0,0,0.0301,15.0194,0.0026,0.1441,15.3615,0,4,0,0,0,0,0,0,0,0,0,0,4,0,0,0,0,0,0,0,0,0
ubt,bintrie,5,4,storage_sload_k100,1,,1922,86852,2,0.1569,15.8619,2.676,4.4709,23.3707,3.7163,11,0,0,0,3,0,0,0,1,157,5,6,45.45,0,0,0,0,0,0,0,0
ubt,bintrie,5,4,storage_sload_k100,1,,1923,5900228,1,109.8222,8.5114,3.3258,0.7592,122.6202,48.1179,107,258,101,2957,2,0,0,0,0,0,15,92,14.02,36,222,13.95,101,0,100,2957,0
ubt,bintrie,5,4,storage_sload_k100,1,,1924,21000,1,0.08,13.2757,2.5705,0.9277,17.9745,1.1683,6,0,0,0,2,0,0,0,0,0,2,4,33.33,0,0,0,0,0,0,0,0
ubt,bintrie,5,4,storage_sload_k100,1,,1925,0,0,0.0243,2.6924,0.0014,0.1088,2.9798,0,4,0,0,0,0,0,0,0,0,0,0,4,0,0,0,0,0,0,0,0,0
ubt,bintrie,5,4,storage_sload_k100,20,,2048,0,0,0.0323,2.7049,0.0012,0.1392,3.0699,0,4,0,0,0,0,0,0,0,0,0,0,4,0,0,0,0,0,0,0,0,0
ubt,bintrie,5,4,storage_sload_k100,20,,2049,0,0,0.0377,3.1976,0.0027,0.1782,3.5767,0,4,0,0,0,0,0,0,0,0,0,0,4,0,0,0,0,0,0,0,0,0
ubt,bintrie,5,4,storage_sload_k100,20,,2050,0,0,0.0271,2.7187,0.0012,0.1174,3.0441,0,4,0,0,0,0,0,0,0,0,0,0,4,0,0,0,0,0,0,0,0,0
ubt,bintrie,5,4,storage_sload_k100,20,,2051,86852,2,0.1289,17.9844,2.8701,4.6246,27.0697,3.2085,11,0,0,0,3,0,0,0,1,157,5,6,45.45,0,0,0,0,0,0,0,0
ubt,bintrie,5,4,storage_sload_k100,20,,2052,5900228,1,106.0091,8.958,2.4363,0.6509,118.2356,49.9023,107,258,101,2957,2,0,0,0,0,0,34,73,31.78,84,174,32.56,101,0,100,2957,0
ubt,bintrie,5,4,storage_sload_k100,20,,2053,21000,1,0.0616,14.0881,13.8688,0.6282,28.8754,0.7273,6,0,0,0,2,0,0,0,0,0,2,4,33.33,0,0,0,0,0,0,0,0
ubt,bintrie,5,4,storage_sload_k100,20,,2054,0,0,0.0395,2.9047,0.0019,0.1137,3.2352,0,4,0,0,0,0,0,0,0,0,0,0,4,0,0,0,0,0,0,0,0,0
ubt,bintrie,5,4,storage_sload_k100,2,,1926,0,0,0.0405,2.732,0.0016,0.2164,3.2353,0,4,0,0,0,0,0,0,0,0,0,0,4,0,0,0,0,0,0,0,0,0
ubt,bintrie,5,4,storage_sload_k100,2,,1927,0,0,0.0847,3.6836,0.0016,0.1331,4.3447,0,4,0,0,0,0,0,0,0,0,0,0,4,0,0,0,0,0,0,0,0,0
ubt,bintrie,5,4,storage_sload_k100,2,,1928,0,0,0.0308,23.5286,0.0021,0.1312,23.8372,0,4,0,0,0,0,0,0,0,0,0,0,4,0,0,0,0,0,0,0,0,0
ubt,bintrie,5,4,storage_sload_k100,2,,1929,86852,2,0.157,16.9728,3.165,5.2133,25.7383,3.3744,11,0,0,0,3,0,0,0,1,157,6,5,54.55,0,0,0,0,0,0,0,0
ubt,bintrie,5,4,storage_sload_k100,2,,1930,5900228,1,169.5911,4.3033,2.7483,0.5104,177.3754,33.2641,107,258,101,2957,2,0,0,0,0,0,14,93,13.08,46,212,17.83,101,0,100,2957,0
ubt,bintrie,5,4,storage_sload_k100,2,,1931,21000,1,0.0731,22.5321,2.3915,0.6409,25.8472,0.8125,6,0,0,0,2,0,0,0,0,0,2,4,33.33,0,0,0,0,0,0,0,0
ubt,bintrie,5,4,storage_sload_k100,2,,1932,0,0,0.0285,3.1423,0.0016,0.3773,3.9683,0,4,0,0,0,0,0,0,0,0,0,0,4,0,0,0,0,0,0,0,0,0
ubt,bintrie,5,4,storage_sload_k100,3,,1933,0,0,0.0428,3.2409,0.0018,0.2557,3.7538,0,4,0,0,0,0,0,0,0,0,0,0,4,0,0,0,0,0,0,0,0,0
ubt,bintrie,5,4,storage_sload_k100,3,,1934,0,0,0.0276,2.5054,0.0015,0.1118,2.7864,0,4,0,0,0,0,0,0,0,0,0,0,4,0,0,0,0,0,0,0,0,0
ubt,bintrie,5,4,storage_sload_k100,3,,1935,0,0,0.036,7.1289,0.0024,0.1551,7.5389,0,4,0,0,0,0,0,0,0,0,0,0,4,0,0,0,0,0,0,0,0,0
ubt,bintrie,5,4,storage_sload_k100,3,,1936,86852,2,0.1187,14.2839,13.2621,4.9517,32.8329,2.6453,11,0,0,0,3,0,0,0,1,157,5,6,45.45,0,0,0,0,0,0,0,0
ubt,bintrie,5,4,storage_sload_k100,3,,1937,5900228,1,98.2256,10.0203,2.4352,0.7941,111.8325,52.7595,107,258,101,2957,2,0,0,0,0,0,6,101,5.61,13,245,5.04,101,0,100,2957,0
ubt,bintrie,5,4,storage_sload_k100,3,,1938,21000,1,0.0799,3.9317,8.7705,0.6072,13.6047,1.5436,6,0,0,0,2,0,0,0,0,0,2,4,33.33,0,0,0,0,0,0,0,0
ubt,bintrie,5,4,storage_sload_k100,3,,1939,0,0,0.0245,2.6586,0.0024,0.111,2.9478,0,4,0,0,0,0,0,0,0,0,0,0,4,0,0,0,0,0,0,0,0,0
ubt,bintrie,5,4,storage_sload_k100,4,,1940,0,0,0.055,3.4127,0.0015,0.2173,3.9071,0,4,0,0,0,0,0,0,0,0,0,0,4,0,0,0,0,0,0,0,0,0
ubt,bintrie,5,4,storage_sload_k100,4,,1941,0,0,0.0247,2.8764,0.0017,0.1221,3.1917,0,4,0,0,0,0,0,0,0,0,0,0,4,0,0,0,0,0,0,0,0,0
ubt,bintrie,5,4,storage_sload_k100,4,,1942,0,0,0.0485,4.7622,0.002,0.2355,5.2853,0,4,0,0,0,0,0,0,0,0,0,0,4,0,0,0,0,0,0,0,0,0
ubt,bintrie,5,4,storage_sload_k100,4,,1943,86852,2,0.1307,25.6209,5.8979,5.7276,37.5794,2.3112,11,0,0,0,3,0,0,0,1,157,6,5,54.55,0,0,0,0,0,0,0,0
ubt,bintrie,5,4,storage_sload_k100,4,,1944,5900228,1,122.5655,3.2541,2.616,0.8446,129.6078,45.5237,107,258,101,2957,2,0,0,0,0,0,32,75,29.91,76,182,29.46,101,0,100,2957,0
ubt,bintrie,5,4,storage_sload_k100,4,,1945,21000,1,0.0839,18.1746,2.5092,0.6685,21.6071,0.9719,6,0,0,0,2,0,0,0,0,0,2,4,33.33,0,0,0,0,0,0,0,0
ubt,bintrie,5,4,storage_sload_k100,4,,1946,0,0,0.0259,2.7548,0.0015,0.1124,3.1041,0,4,0,0,0,0,0,0,0,0,0,0,4,0,0,0,0,0,0,0,0,0
ubt,bintrie,5,4,storage_sload_k100,5,,1947,0,0,0.0576,4.1606,0.0027,0.2955,4.719,0,4,0,0,0,0,0,0,0,0,0,0,4,0,0,0,0,0,0,0,0,0
ubt,bintrie,5,4,storage_sload_k100,5,,1948,0,0,0.0686,3.9233,0.002,0.1333,4.332,0,4,0,0,0,0,0,0,0,0,0,0,4,0,0,0,0,0,0,0,0,0
ubt,bintrie,5,4,storage_sload_k100,5,,1949,0,0,0.0346,14.6017,0.0022,0.1005,15.0617,0,4,0,0,0,0,0,0,0,0,0,0,4,0,0,0,0,0,0,0,0,0
ubt,bintrie,5,4,storage_sload_k100,5,,1950,86852,2,0.1263,13.5973,18.6057,4.922,40.034,2.1695,11,0,0,0,3,0,0,0,1,157,5,6,45.45,0,0,0,0,0,0,0,0
ubt,bintrie,5,4,storage_sload_k100,5,,1951,5900228,1,104.1382,6.9117,2.7562,0.6778,114.7257,51.429,107,258,101,2957,2,0,0,0,0,0,25,82,23.36,61,197,23.64,101,0,100,2957,0
ubt,bintrie,5,4,storage_sload_k100,5,,1952,21000,1,0.0593,2.9028,13.4595,0.6625,17.2693,1.216,6,0,0,0,2,0,0,0,0,0,2,4,33.33,0,0,0,0,0,0,0,0
ubt,bintrie,5,4,storage_sload_k100,6,,1953,0,0,0.0428,2.869,0.0014,0.1469,3.2451,0,4,0,0,0,0,0,0,0,0,0,0,4,0,0,0,0,0,0,0,0,0
ubt,bintrie,5,4,storage_sload_k100,6,,1954,0,0,0.0398,6.3345,0.0023,0.1549,6.7698,0,4,0,0,0,0,0,0,0,0,0,0,4,0,0,0,0,0,0,0,0,0
ubt,bintrie,5,4,storage_sload_k100,6,,1955,0,0,0.0379,17.3892,0.0022,0.1349,17.7269,0,4,0,0,0,0,0,0,0,0,0,0,4,0,0,0,0,0,0,0,0,0
ubt,bintrie,5,4,storage_sload_k100,6,,1956,86852,2,0.2139,22.8577,3.011,4.5761,31.0928,2.7933,11,0,0,0,3,0,0,0,1,157,5,6,45.45,0,0,0,0,0,0,0,0
ubt,bintrie,5,4,storage_sload_k100,6,,1957,5900228,1,114.284,5.8755,14.0359,0.9062,136.6907,43.1648,107,258,101,2957,2,0,0,0,0,0,27,80,25.23,81,177,31.4,101,0,100,2957,0
ubt,bintrie,5,4,storage_sload_k100,6,,1958,21000,1,0.0713,3.0297,3.0597,0.5953,6.9414,3.0253,6,0,0,0,2,0,0,0,0,0,2,4,33.33,0,0,0,0,0,0,0,0
ubt,bintrie,5,4,storage_sload_k100,7,,1959,0,0,0.0519,4.0044,0.0016,0.1787,4.4523,0,4,0,0,0,0,0,0,0,0,0,0,4,0,0,0,0,0,0,0,0,0
ubt,bintrie,5,4,storage_sload_k100,7,,1960,0,0,0.0756,3.5472,0.0019,0.1296,4.1814,0,4,0,0,0,0,0,0,0,0,0,0,4,0,0,0,0,0,0,0,0,0
ubt,bintrie,5,4,storage_sload_k100,7,,1961,0,0,0.0277,2.9286,0.002,0.1368,3.2832,0,4,0,0,0,0,0,0,0,0,0,0,4,0,0,0,0,0,0,0,0,0
ubt,bintrie,5,4,storage_sload_k100,7,,1962,86852,2,0.1671,18.0934,2.9452,4.6486,26.0345,3.336,11,0,0,0,3,0,0,0,1,157,6,5,54.55,0,0,0,0,0,0,0,0
ubt,bintrie,5,4,storage_sload_k100,7,,1963,5900228,1,105.2786,5.5802,10.3408,0.7358,122.3828,48.2113,107,258,101,2957,2,0,0,0,0,0,24,83,22.43,69,189,26.74,101,0,100,2957,0
ubt,bintrie,5,4,storage_sload_k100,7,,1964,21000,1,0.0794,21.7089,2.7821,0.6411,25.4001,0.8268,6,0,0,0,2,0,0,0,0,0,2,4,33.33,0,0,0,0,0,0,0,0
ubt,bintrie,5,4,storage_sload_k100,7,,1965,0,0,0.0236,14.1608,0.0019,0.2244,14.8238,0,4,0,0,0,0,0,0,0,0,0,0,4,0,0,0,0,0,0,0,0,0
ubt,bintrie,5,4,storage_sload_k100,8,,1966,0,0,0.0459,2.7841,0.0012,0.1578,3.1655,0,4,0,0,0,0,0,0,0,0,0,0,4,0,0,0,0,0,0,0,0,0
ubt,bintrie,5,4,storage_sload_k100,8,,1967,0,0,0.319,7.7171,0.0023,0.2175,8.776,0,4,0,0,0,0,0,0,0,0,0,0,4,0,0,0,0,0,0,0,0,0
ubt,bintrie,5,4,storage_sload_k100,8,,1968,0,0,0.0228,2.6785,0.0019,0.0847,2.9249,0,4,0,0,0,0,0,0,0,0,0,0,4,0,0,0,0,0,0,0,0,0
ubt,bintrie,5,4,storage_sload_k100,8,,1969,86852,2,0.1013,15.1264,13.6475,4.9972,34.0272,2.5524,11,0,0,0,3,0,0,0,1,157,5,6,45.45,0,0,0,0,0,0,0,0
ubt,bintrie,5,4,storage_sload_k100,8,,1970,5900228,1,137.7174,7.2858,2.5348,0.7462,148.6967,39.6796,107,258,101,2957,2,0,0,0,0,0,13,94,12.15,35,223,13.57,101,0,100,2957,0
ubt,bintrie,5,4,storage_sload_k100,8,,1971,21000,1,0.2313,3.7109,2.8122,3.0566,11.7688,1.7844,6,0,0,0,2,0,0,0,0,0,0,6,0,0,0,0,0,0,0,0,0
ubt,bintrie,5,4,storage_sload_k100,9,,1972,0,0,0.0469,3.1526,0.0018,0.2308,3.7022,0,4,0,0,0,0,0,0,0,0,0,0,4,0,0,0,0,0,0,0,0,0
ubt,bintrie,5,4,storage_sload_k100,9,,1973,0,0,0.0337,3.4946,0.002,0.1008,4.4592,0,4,0,0,0,0,0,0,0,0,0,0,4,0,0,0,0,0,0,0,0,0
ubt,bintrie,5,4,storage_sload_k100,9,,1974,0,0,0.0287,5.8157,0.0019,0.1211,6.1351,0,4,0,0,0,0,0,0,0,0,0,0,4,0,0,0,0,0,0,0,0,0
ubt,bintrie,5,4,storage_sload_k100,9,,1975,86852,2,0.1508,3.5513,15.0134,4.6193,23.515,3.6935,11,0,0,0,3,0,0,0,1,157,5,6,45.45,0,0,0,0,0,0,0,0
ubt,bintrie,5,4,storage_sload_k100,9,,1976,5900228,1,106.5434,9.6413,3.1834,0.8925,120.9305,48.7902,107,258,101,2957,2,0,0,0,0,0,10,97,9.35,16,242,6.2,101,0,100,2957,0
ubt,bintrie,5,4,storage_sload_k100,9,,1977,21000,1,0.0992,4.2639,9.456,0.7104,14.7058,1.428,6,0,0,0,2,0,0,0,0,0,2,4,33.33,0,0,0,0,0,0,0,0
ubt,bintrie,5,4,storage_sload_k100,9,,1978,0,0,0.0235,2.7521,0.0017,0.1989,3.2086,0,4,0,0,0,0,0,0,0,0,0,0,4,0,0,0,0,0,0,0,0,0
ubt,bintrie,5,4,storage_sload_k256,10,,2119,0,0,0.0434,2.943,0.0014,0.1569,3.3164,0,4,0,0,0,0,0,0,0,0,0,0,4,0,0,0,0,0,0,0,0,0
ubt,bintrie,5,4,storage_sload_k256,10,,2120,0,0,0.0282,6.3257,0.0019,0.1065,6.7995,0,4,0,0,0,0,0,0,0,0,0,0,4,0,0,0,0,0,0,0,0,0
ubt,bintrie,5,4,storage_sload_k256,10,,2121,0,0,0.0236,3.0878,0.0018,0.123,3.3782,0,4,0,0,0,0,0,0,0,0,0,0,4,0,0,0,0,0,0,0,0,0
ubt,bintrie,5,4,storage_sload_k256,10,,2122,86840,2,0.1012,14.2711,14.6995,6.8044,36.0373,2.4097,11,0,0,0,3,0,0,0,1,157,6,5,54.55,0,0,0,0,0,0,0,0
ubt,bintrie,5,4,storage_sload_k256,10,,2123,5900456,1,86.8186,6.9303,2.6982,1.1935,97.9973,60.2104,263,259,257,7325,2,0,0,0,0,0,101,162,38.4,112,147,43.24,257,0,100,7325,0
ubt,bintrie,5,4,storage_sload_k256,10,,2124,0,0,0.0476,3.2564,0.0019,0.1797,3.6486,0,4,0,0,0,0,0,0,0,0,0,0,4,0,0,0,0,0,0,0,0,0
ubt,bintrie,5,4,storage_sload_k256,10,,2125,21000,1,0.069,11.6799,2.7971,0.6642,15.4275,1.3612,6,0,0,0,2,0,0,0,0,0,2,4,33.33,0,0,0,0,0,0,0,0
ubt,bintrie,5,4,storage_sload_k256,10,,2126,0,0,0.0389,17.2592,0.0026,0.1329,17.6749,0,4,0,0,0,0,0,0,0,0,0,0,4,0,0,0,0,0,0,0,0,0
ubt,bintrie,5,4,storage_sload_k256,11,,2127,0,0,0.0356,2.9644,0.0013,0.1586,3.3299,0,4,0,0,0,0,0,0,0,0,0,0,4,0,0,0,0,0,0,0,0,0
ubt,bintrie,5,4,storage_sload_k256,11,,2128,0,0,0.0357,2.9995,0.0021,0.0901,3.2619,0,4,0,0,0,0,0,0,0,0,0,0,4,0,0,0,0,0,0,0,0,0
ubt,bintrie,5,4,storage_sload_k256,11,,2129,0,0,0.0336,3.1564,0.0025,0.1847,3.5524,0,4,0,0,0,0,0,0,0,0,0,0,4,0,0,0,0,0,0,0,0,0
ubt,bintrie,5,4,storage_sload_k256,11,,2130,86840,2,0.3935,16.8623,2.9894,4.9971,25.5736,3.3957,11,0,0,0,3,0,0,0,1,157,4,7,36.36,0,0,0,0,0,0,0,0
ubt,bintrie,5,4,storage_sload_k256,11,,2131,5900456,1,100.3718,8.7313,9.9195,0.772,119.963,49.1856,263,259,257,7325,2,0,0,0,0,0,33,230,12.55,32,227,12.36,257,0,100,7325,0
ubt,bintrie,5,4,storage_sload_k256,11,,2132,21000,1,0.0614,14.2042,20.0717,0.5821,35.0862,0.5985,6,0,0,0,2,0,0,0,0,0,2,4,33.33,0,0,0,0,0,0,0,0
ubt,bintrie,5,4,storage_sload_k256,11,,2133,0,0,0.022,2.6963,0.0017,0.1208,2.9908,0,4,0,0,0,0,0,0,0,0,0,0,4,0,0,0,0,0,0,0,0,0
ubt,bintrie,5,4,storage_sload_k256,12,,2134,0,0,0.083,4.3605,0.0025,0.2245,4.8942,0,4,0,0,0,0,0,0,0,0,0,0,4,0,0,0,0,0,0,0,0,0
ubt,bintrie,5,4,storage_sload_k256,12,,2135,0,0,0.0249,2.8675,0.0019,0.1102,3.168,0,4,0,0,0,0,0,0,0,0,0,0,4,0,0,0,0,0,0,0,0,0
ubt,bintrie,5,4,storage_sload_k256,12,,2136,0,0,0.0386,20.1383,0.0024,0.1266,20.4803,0,4,0,0,0,0,0,0,0,0,0,0,4,0,0,0,0,0,0,0,0,0
ubt,bintrie,5,4,storage_sload_k256,12,,2137,86840,2,0.1102,14.5282,16.6299,5.2124,36.6314,2.3706,11,0,0,0,3,0,0,0,1,157,6,5,54.55,0,0,0,0,0,0,0,0
ubt,bintrie,5,4,storage_sload_k256,12,,2138,5900456,1,86.2957,6.9738,2.9606,0.7364,97.174,60.7206,263,259,257,7325,2,0,0,0,0,0,126,137,47.91,125,134,48.26,257,0,100,7325,0
ubt,bintrie,5,4,storage_sload_k256,12,,2139,21000,1,0.0848,15.4275,2.6113,0.7581,19.3729,1.084,6,0,0,0,2,0,0,0,0,0,2,4,33.33,0,0,0,0,0,0,0,0
ubt,bintrie,5,4,storage_sload_k256,12,,2140,0,0,0.0239,3.1008,0.002,0.1391,3.4024,0,4,0,0,0,0,0,0,0,0,0,0,4,0,0,0,0,0,0,0,0,0
ubt,bintrie,5,4,storage_sload_k256,13,,2141,0,0,0.07,3.6247,0.0015,0.1576,4.1006,0,4,0,0,0,0,0,0,0,0,0,0,4,0,0,0,0,0,0,0,0,0
ubt,bintrie,5,4,storage_sload_k256,13,,2142,0,0,0.0296,2.9885,0.0013,0.0946,3.2393,0,4,0,0,0,0,0,0,0,0,0,0,4,0,0,0,0,0,0,0,0,0
ubt,bintrie,5,4,storage_sload_k256,13,,2143,0,0,0.0397,18.4331,0.0027,0.4355,19.9175,0,4,0,0,0,0,0,0,0,0,0,0,4,0,0,0,0,0,0,0,0,0
ubt,bintrie,5,4,storage_sload_k256,13,,2144,86840,2,0.1575,23.8054,2.6651,5.1003,31.9243,2.7202,11,0,0,0,3,0,0,0,1,157,6,5,54.55,0,0,0,0,0,0,0,0
ubt,bintrie,5,4,storage_sload_k256,13,,2145,5900456,1,94.1348,12.0655,2.5703,0.9863,109.9535,53.6632,263,259,257,7325,2,0,0,0,0,0,73,190,27.76,78,181,30.12,257,0,100,7325,0
ubt,bintrie,5,4,storage_sload_k256,13,,2146,21000,1,0.0652,16.3021,21.2907,0.7374,38.5819,0.5443,6,0,0,0,2,0,0,0,0,0,2,4,33.33,0,0,0,0,0,0,0,0
ubt,bintrie,5,4,storage_sload_k256,13,,2147,0,0,0.0243,2.6842,0.0019,0.2344,3.3382,0,4,0,0,0,0,0,0,0,0,0,0,4,0,0,0,0,0,0,0,0,0
ubt,bintrie,5,4,storage_sload_k256,14,,2148,0,0,0.0309,2.9413,0.0016,0.2473,3.444,0,4,0,0,0,0,0,0,0,0,0,0,4,0,0,0,0,0,0,0,0,0
ubt,bintrie,5,4,storage_sload_k256,14,,2149,0,0,0.0397,2.8794,0.0017,0.125,3.2465,0,4,0,0,0,0,0,0,0,0,0,0,4,0,0,0,0,0,0,0,0,0
ubt,bintrie,5,4,storage_sload_k256,14,,2150,0,0,0.0352,4.5635,0.0025,0.1533,5.1823,0,4,0,0,0,0,0,0,0,0,0,0,4,0,0,0,0,0,0,0,0,0
ubt,bintrie,5,4,storage_sload_k256,14,,2151,86840,2,0.1432,18.3558,3.3462,4.6216,26.6517,3.2583,11,0,0,0,3,0,0,0,1,157,6,5,54.55,0,0,0,0,0,0,0,0
ubt,bintrie,5,4,storage_sload_k256,14,,2152,5900456,1,101.3097,8.5817,2.5513,0.8506,113.5136,51.9802,263,259,257,7325,2,0,0,0,0,0,149,114,56.65,139,120,53.67,257,0,100,7325,0
ubt,bintrie,5,4,storage_sload_k256,14,,2153,21000,1,0.0877,11.9792,4.5209,1.1944,17.9799,1.168,6,0,0,0,2,0,0,0,0,0,2,4,33.33,0,0,0,0,0,0,0,0
ubt,bintrie,5,4,storage_sload_k256,14,,2154,0,0,0.0315,13.9888,0.005,0.2649,14.7017,0,4,0,0,0,0,0,0,0,0,0,0,4,0,0,0,0,0,0,0,0,0
ubt,bintrie,5,4,storage_sload_k256,15,,2155,0,0,0.0881,5.895,0.0023,0.1752,6.4049,0,4,0,0,0,0,0,0,0,0,0,0,4,0,0,0,0,0,0,0,0,0
ubt,bintrie,5,4,storage_sload_k256,15,,2156,0,0,0.0192,2.7065,0.0015,0.0933,2.9805,0,4,0,0,0,0,0,0,0,0,0,0,4,0,0,0,0,0,0,0,0,0
ubt,bintrie,5,4,storage_sload_k256,15,,2157,0,0,0.0332,20.7466,0.0029,0.1784,21.148,0,4,0,0,0,0,0,0,0,0,0,0,4,0,0,0,0,0,0,0,0,0
ubt,bintrie,5,4,storage_sload_k256,15,,2158,86840,2,0.3662,9.3593,3.0303,5.0949,29.5447,2.9393,11,0,0,0,3,0,0,0,1,157,5,6,45.45,0,0,0,0,0,0,0,0
ubt,bintrie,5,4,storage_sload_k256,15,,2159,5900456,1,107.7693,13.6728,2.7064,0.7229,125.0719,47.1765,263,259,257,7325,2,0,0,0,0,0,119,144,45.25,126,133,48.65,257,0,100,7325,0
ubt,bintrie,5,4,storage_sload_k256,15,,2160,21000,1,0.0907,16.1643,19.5412,0.6215,36.6323,0.5733,6,0,0,0,2,0,0,0,0,0,2,4,33.33,0,0,0,0,0,0,0,0
ubt,bintrie,5,4,storage_sload_k256,15,,2161,0,0,0.0438,3.0943,0.0015,0.2344,3.8167,0,4,0,0,0,0,0,0,0,0,0,0,4,0,0,0,0,0,0,0,0,0
ubt,bintrie,5,4,storage_sload_k256,16,,2162,0,0,0.0374,3.1703,0.0019,0.1866,3.6104,0,4,0,0,0,0,0,0,0,0,0,0,4,0,0,0,0,0,0,0,0,0
ubt,bintrie,5,4,storage_sload_k256,16,,2163,0,0,0.0499,3.4051,0.0021,0.1949,4.0264,0,4,0,0,0,0,0,0,0,0,0,0,4,0,0,0,0,0,0,0,0,0
ubt,bintrie,5,4,storage_sload_k256,16,,2164,0,0,0.033,13.4633,0.002,0.14,13.7716,0,4,0,0,0,0,0,0,0,0,0,0,4,0,0,0,0,0,0,0,0,0
ubt,bintrie,5,4,storage_sload_k256,16,,2165,86840,2,0.099,15.0983,19.5146,5.5801,40.4348,2.1477,11,0,0,0,3,0,0,0,1,157,6,5,54.55,0,0,0,0,0,0,0,0
ubt,bintrie,5,4,storage_sload_k256,16,,2166,5900456,1,95.9709,7.5781,2.5289,0.7456,107.001,55.1439,263,259,257,7325,2,0,0,0,0,0,81,182,30.8,89,170,34.36,257,0,100,7325,0
ubt,bintrie,5,4,storage_sload_k256,16,,2167,21000,1,0.1029,3.7922,14.1868,0.6719,24.9393,0.842,6,0,0,0,2,0,0,0,0,0,2,4,33.33,0,0,0,0,0,0,0,0
ubt,bintrie,5,4,storage_sload_k256,16,,2168,0,0,0.024,2.8018,0.0016,0.1146,3.0964,0,4,0,0,0,0,0,0,0,0,0,0,4,0,0,0,0,0,0,0,0,0
ubt,bintrie,5,4,storage_sload_k256,17,,2169,0,0,0.055,6.5786,0.002,0.1658,7.0723,0,4,0,0,0,0,0,0,0,0,0,0,4,0,0,0,0,0,0,0,0,0
ubt,bintrie,5,4,storage_sload_k256,17,,2170,0,0,0.045,4.2442,0.0024,0.1909,4.6924,0,4,0,0,0,0,0,0,0,0,0,0,4,0,0,0,0,0,0,0,0,0
ubt,bintrie,5,4,storage_sload_k256,17,,2171,0,0,0.0309,2.741,0.0013,0.1293,3.0507,0,4,0,0,0,0,0,0,0,0,0,0,4,0,0,0,0,0,0,0,0,0
ubt,bintrie,5,4,storage_sload_k256,17,,2172,86840,2,0.1736,21.8495,2.7423,5.1179,30.0665,2.8883,11,0,0,0,3,0,0,0,1,157,6,5,54.55,0,0,0,0,0,0,0,0
ubt,bintrie,5,4,storage_sload_k256,17,,2173,5900456,1,107.2489,4.8128,3.3458,0.7624,116.3931,50.6942,263,259,257,7325,2,0,0,0,0,0,73,190,27.76,85,174,32.82,257,0,100,7325,0
ubt,bintrie,5,4,storage_sload_k256,17,,2174,21000,1,0.0622,15.5799,16.8677,0.6798,33.4022,0.6287,6,0,0,0,2,0,0,0,0,0,2,4,33.33,0,0,0,0,0,0,0,0
ubt,bintrie,5,4,storage_sload_k256,17,,2175,0,0,0.0242,2.7752,0.0019,0.2573,3.4722,0,4,0,0,0,0,0,0,0,0,0,0,4,0,0,0,0,0,0,0,0,0
ubt,bintrie,5,4,storage_sload_k256,18,,2176,0,0,0.104,4.484,0.0023,0.2232,5.1241,0,4,0,0,0,0,0,0,0,0,0,0,4,0,0,0,0,0,0,0,0,0
ubt,bintrie,5,4,storage_sload_k256,18,,2177,0,0,0.0355,3.0481,0.0018,0.1052,3.3361,0,4,0,0,0,0,0,0,0,0,0,0,4,0,0,0,0,0,0,0,0,0
ubt,bintrie,5,4,storage_sload_k256,18,,2178,0,0,0.0297,14.7592,0.0023,0.1442,15.0721,0,4,0,0,0,0,0,0,0,0,0,0,4,0,0,0,0,0,0,0,0,0
ubt,bintrie,5,4,storage_sload_k256,18,,2179,86840,2,0.1242,22.046,8.3178,4.5296,35.2349,2.4646,11,0,0,0,3,0,0,0,1,157,6,5,54.55,0,0,0,0,0,0,0,0
ubt,bintrie,5,4,storage_sload_k256,18,,2180,5900456,1,107.3371,19.3958,2.4888,0.7062,130.1339,45.3414,263,259,257,7325,2,0,0,0,0,0,78,185,29.66,73,186,28.19,257,0,100,7325,0
ubt,bintrie,5,4,storage_sload_k256,18,,2181,21000,1,0.0676,16.5552,17.5981,0.6235,35.0273,0.5995,6,0,0,0,2,0,0,0,0,0,2,4,33.33,0,0,0,0,0,0,0,0
ubt,bintrie,5,4,storage_sload_k256,18,,2182,0,0,0.0278,2.8052,0.0018,0.2198,3.5794,0,4,0,0,0,0,0,0,0,0,0,0,4,0,0,0,0,0,0,0,0,0
ubt,bintrie,5,4,storage_sload_k256,19,,2183,0,0,0.0368,3.541,0.0016,0.1821,3.9334,0,4,0,0,0,0,0,0,0,0,0,0,4,0,0,0,0,0,0,0,0,0
ubt,bintrie,5,4,storage_sload_k256,19,,2184,0,0,0.0536,2.8849,0.0016,0.1496,3.2517,0,4,0,0,0,0,0,0,0,0,0,0,4,0,0,0,0,0,0,0,0,0
ubt,bintrie,5,4,storage_sload_k256,19,,2185,0,0,0.0317,3.4467,0.0025,0.1589,3.8953,0,4,0,0,0,0,0,0,0,0,0,0,4,0,0,0,0,0,0,0,0,0
ubt,bintrie,5,4,storage_sload_k256,19,,2186,86840,2,0.1371,20.9279,7.1647,5.2147,33.6242,2.5827,11,0,0,0,3,0,0,0,1,157,6,5,54.55,0,0,0,0,0,0,0,0
ubt,bintrie,5,4,storage_sload_k256,19,,2187,5900456,1,94.3869,11.5479,3.1681,0.8007,110.078,53.6025,263,259,257,7325,2,0,0,0,0,0,43,220,16.35,46,213,17.76,257,0,100,7325,0
ubt,bintrie,5,4,storage_sload_k256,19,,2188,21000,1,0.0623,5.7375,9.9382,0.8595,16.7794,1.2515,6,0,0,0,2,0,0,0,0,0,2,4,33.33,0,0,0,0,0,0,0,0
ubt,bintrie,5,4,storage_sload_k256,19,,2189,0,0,0.028,13.9135,0.0015,0.1167,14.2,0,4,0,0,0,0,0,0,0,0,0,0,4,0,0,0,0,0,0,0,0,0
ubt,bintrie,5,4,storage_sload_k256,1,,2055,0,0,0.0492,6.9951,0.0025,0.1881,7.4688,0,4,0,0,0,0,0,0,0,0,0,0,4,0,0,0,0,0,0,0,0,0
ubt,bintrie,5,4,storage_sload_k256,1,,2056,0,0,0.1259,12.1979,0.0023,0.1385,12.6697,0,4,0,0,0,0,0,0,0,0,0,0,4,0,0,0,0,0,0,0,0,0
ubt,bintrie,5,4,storage_sload_k256,1,,2057,0,0,0.0932,3.5341,0.0015,0.088,3.8733,0,4,0,0,0,0,0,0,0,0,0,0,4,0,0,0,0,0,0,0,0,0
ubt,bintrie,5,4,storage_sload_k256,1,,2058,86840,2,0.1103,16.6795,3.7377,4.6066,25.3027,3.432,11,0,0,0,3,0,0,0,1,157,6,5,54.55,0,0,0,0,0,0,0,0
ubt,bintrie,5,4,storage_sload_k256,1,,2059,5900456,1,92.8003,13.0925,3.3505,0.7269,110.2457,53.521,263,259,257,7325,2,0,0,0,0,0,120,143,45.63,133,126,51.35,257,0,100,7325,0
ubt,bintrie,5,4,storage_sload_k256,1,,2060,21000,1,0.0627,24.787,2.4633,0.5807,28.0662,0.7482,6,0,0,0,2,0,0,0,0,0,2,4,33.33,0,0,0,0,0,0,0,0
ubt,bintrie,5,4,storage_sload_k256,1,,2061,0,0,0.024,2.6448,0.0012,0.1045,2.9127,0,4,0,0,0,0,0,0,0,0,0,0,4,0,0,0,0,0,0,0,0,0
ubt,bintrie,5,4,storage_sload_k256,20,,2190,0,0,0.0571,3.0669,0.0024,0.1871,3.5601,0,4,0,0,0,0,0,0,0,0,0,0,4,0,0,0,0,0,0,0,0,0
ubt,bintrie,5,4,storage_sload_k256,20,,2191,0,0,0.0354,3.4893,0.002,0.1303,3.856,0,4,0,0,0,0,0,0,0,0,0,0,4,0,0,0,0,0,0,0,0,0
ubt,bintrie,5,4,storage_sload_k256,20,,2192,0,0,0.0226,3.0113,0.002,0.1482,3.3691,0,4,0,0,0,0,0,0,0,0,0,0,4,0,0,0,0,0,0,0,0,0
ubt,bintrie,5,4,storage_sload_k256,20,,2193,86840,2,0.1459,16.675,2.8056,4.7176,24.5097,3.5431,11,0,0,0,3,0,0,0,1,157,6,5,54.55,0,0,0,0,0,0,0,0
ubt,bintrie,5,4,storage_sload_k256,20,,2194,5900456,1,98.5523,16.5843,2.4586,0.7556,118.6322,49.7374,263,259,257,7325,2,0,0,0,0,0,35,228,13.31,37,222,14.29,257,0,100,7325,0
ubt,bintrie,5,4,storage_sload_k256,20,,2195,21000,1,0.0974,15.3091,2.4213,0.6826,19.9259,1.0539,6,0,0,0,2,0,0,0,0,0,2,4,33.33,0,0,0,0,0,0,0,0
ubt,bintrie,5,4,storage_sload_k256,20,,2196,0,0,0.0332,2.9832,0.0026,0.1588,3.331,0,4,0,0,0,0,0,0,0,0,0,0,4,0,0,0,0,0,0,0,0,0
ubt,bintrie,5,4,storage_sload_k256,2,,2062,0,0,0.0522,8.1444,0.0022,0.1722,8.6278,0,4,0,0,0,0,0,0,0,0,0,0,4,0,0,0,0,0,0,0,0,0
ubt,bintrie,5,4,storage_sload_k256,2,,2063,0,0,0.0258,2.8351,0.0012,0.1289,3.1677,0,4,0,0,0,0,0,0,0,0,0,0,4,0,0,0,0,0,0,0,0,0
ubt,bintrie,5,4,storage_sload_k256,2,,2064,0,0,0.044,3.8347,0.0023,0.2252,4.5135,0,4,0,0,0,0,0,0,0,0,0,0,4,0,0,0,0,0,0,0,0,0
ubt,bintrie,5,4,storage_sload_k256,2,,2065,86840,2,0.1569,17.4682,2.6241,4.5137,24.9842,3.4758,11,0,0,0,3,0,0,0,1,157,5,6,45.45,0,0,0,0,0,0,0,0
ubt,bintrie,5,4,storage_sload_k256,2,,2066,5900456,1,88.7183,9.0457,3.2257,0.7797,101.9986,57.8484,263,259,257,7325,2,0,0,0,0,0,88,175,33.46,98,161,37.84,257,0,100,7325,0
ubt,bintrie,5,4,storage_sload_k256,2,,2067,21000,1,0.0818,14.7715,14.7628,0.6897,30.4719,0.6892,6,0,0,0,2,0,0,0,0,0,2,4,33.33,0,0,0,0,0,0,0,0
ubt,bintrie,5,4,storage_sload_k256,2,,2068,0,0,0.0219,2.7688,0.0017,0.1648,3.0895,0,4,0,0,0,0,0,0,0,0,0,0,4,0,0,0,0,0,0,0,0,0
ubt,bintrie,5,4,storage_sload_k256,3,,2069,0,0,0.0813,4.6156,0.0023,0.2412,5.1913,0,4,0,0,0,0,0,0,0,0,0,0,4,0,0,0,0,0,0,0,0,0
ubt,bintrie,5,4,storage_sload_k256,3,,2070,0,0,0.0213,2.6111,0.0013,0.1239,2.8818,0,4,0,0,0,0,0,0,0,0,0,0,4,0,0,0,0,0,0,0,0,0
ubt,bintrie,5,4,storage_sload_k256,3,,2071,0,0,0.0291,18.7032,0.0017,0.1414,19.0127,0,4,0,0,0,0,0,0,0,0,0,0,4,0,0,0,0,0,0,0,0,0
ubt,bintrie,5,4,storage_sload_k256,3,,2072,86840,2,0.249,14.9635,16.6356,4.4153,36.4324,2.3836,11,0,0,0,3,0,0,0,1,157,5,6,45.45,0,0,0,0,0,0,0,0
ubt,bintrie,5,4,storage_sload_k256,3,,2073,5900456,1,97.6958,7.6933,2.5696,0.8529,108.9897,54.1378,263,259,257,7325,2,0,0,0,0,0,69,194,26.24,71,188,27.41,257,0,100,7325,0
ubt,bintrie,5,4,storage_sload_k256,3,,2074,21000,1,0.0626,2.7001,4.8422,0.6705,17.673,1.1883,6,0,0,0,2,0,0,0,0,0,2,4,33.33,0,0,0,0,0,0,0,0
ubt,bintrie,5,4,storage_sload_k256,3,,2075,0,0,0.0404,3.4518,0.0023,0.1664,3.8262,0,4,0,0,0,0,0,0,0,0,0,0,4,0,0,0,0,0,0,0,0,0
ubt,bintrie,5,4,storage_sload_k256,4,,2076,0,0,0.0336,2.7912,0.0019,0.2823,3.3198,0,4,0,0,0,0,0,0,0,0,0,0,4,0,0,0,0,0,0,0,0,0
ubt,bintrie,5,4,storage_sload_k256,4,,2077,0,0,0.0468,4.2961,0.0017,0.0898,4.8633,0,4,0,0,0,0,0,0,0,0,0,0,4,0,0,0,0,0,0,0,0,0
ubt,bintrie,5,4,storage_sload_k256,4,,2078,0,0,0.0554,3.739,0.0032,0.3945,4.5348,0,4,0,0,0,0,0,0,0,0,0,0,4,0,0,0,0,0,0,0,0,0
ubt,bintrie,5,4,storage_sload_k256,4,,2079,86840,2,0.1587,18.2617,20.8055,4.7628,44.2056,1.9645,11,0,0,0,3,0,0,0,1,157,5,6,45.45,0,0,0,0,0,0,0,0
ubt,bintrie,5,4,storage_sload_k256,4,,2080,0,0,0.0237,2.7983,0.0015,0.0995,3.076,0,4,0,0,0,0,0,0,0,0,0,0,4,0,0,0,0,0,0,0,0,0
ubt,bintrie,5,4,storage_sload_k256,4,,2081,5900456,1,85.7181,27.109,2.6356,0.6142,116.2835,50.742,263,259,257,7325,2,0,0,0,0,0,32,231,12.17,38,221,14.67,257,0,100,7325,0
ubt,bintrie,5,4,storage_sload_k256,4,,2082,21000,1,0.0621,13.7935,13.566,0.7963,28.4174,0.739,6,0,0,0,2,0,0,0,0,0,2,4,33.33,0,0,0,0,0,0,0,0
ubt,bintrie,5,4,storage_sload_k256,4,,2083,0,0,0.0234,2.7812,0.002,0.1201,3.0595,0,4,0,0,0,0,0,0,0,0,0,0,4,0,0,0,0,0,0,0,0,0
ubt,bintrie,5,4,storage_sload_k256,5,,2084,0,0,0.0292,2.6984,0.0016,0.1113,2.9964,0,4,0,0,0,0,0,0,0,0,0,0,4,0,0,0,0,0,0,0,0,0
ubt,bintrie,5,4,storage_sload_k256,5,,2085,0,0,0.0314,8.5359,0.0023,0.1276,9.109,0,4,0,0,0,0,0,0,0,0,0,0,4,0,0,0,0,0,0,0,0,0
ubt,bintrie,5,4,storage_sload_k256,5,,2086,0,0,0.0243,2.9293,0.0021,0.1222,3.2344,0,4,0,0,0,0,0,0,0,0,0,0,4,0,0,0,0,0,0,0,0,0
ubt,bintrie,5,4,storage_sload_k256,5,,2087,86840,2,0.1231,22.1049,2.6993,4.2457,29.3676,2.957,11,0,0,0,3,0,0,0,1,157,5,6,45.45,0,0,0,0,0,0,0,0
ubt,bintrie,5,4,storage_sload_k256,5,,2088,5900456,1,98.13,25.7679,2.6226,0.8439,127.5206,46.2706,263,259,257,7325,2,0,0,0,0,0,28,235,10.65,28,231,10.81,257,0,100,7325,0
ubt,bintrie,5,4,storage_sload_k256,5,,2089,21000,1,0.0906,15.6839,19.6862,0.7042,36.4021,0.5769,6,0,0,0,2,0,0,0,0,0,2,4,33.33,0,0,0,0,0,0,0,0
ubt,bintrie,5,4,storage_sload_k256,5,,2090,0,0,0.0323,2.7313,0.0018,0.2968,3.5669,0,4,0,0,0,0,0,0,0,0,0,0,4,0,0,0,0,0,0,0,0,0
ubt,bintrie,5,4,storage_sload_k256,6,,2091,0,0,0.0325,2.8581,0.0019,0.1333,3.2327,0,4,0,0,0,0,0,0,0,0,0,0,4,0,0,0,0,0,0,0,0,0
ubt,bintrie,5,4,storage_sload_k256,6,,2092,0,0,0.0547,7.5301,0.0023,0.185,8.1683,0,4,0,0,0,0,0,0,0,0,0,0,4,0,0,0,0,0,0,0,0,0
ubt,bintrie,5,4,storage_sload_k256,6,,2093,0,0,0.0236,2.785,0.0019,0.1457,3.1177,0,4,0,0,0,0,0,0,0,0,0,0,4,0,0,0,0,0,0,0,0,0
ubt,bintrie,5,4,storage_sload_k256,6,,2094,86840,2,0.1578,3.5177,17.5076,4.8597,26.2346,3.3101,11,0,0,0,3,0,0,0,1,157,5,6,45.45,0,0,0,0,0,0,0,0
ubt,bintrie,5,4,storage_sload_k256,6,,2095,5900456,1,102.5769,5.5171,2.7441,0.9047,113.8212,51.8397,263,259,257,7325,2,0,0,0,0,0,15,248,5.7,20,239,7.72,257,0,100,7325,0
ubt,bintrie,5,4,storage_sload_k256,6,,2096,21000,1,0.0673,3.0769,2.5133,0.607,6.4204,3.2708,6,0,0,0,2,0,0,0,0,0,2,4,33.33,0,0,0,0,0,0,0,0
ubt,bintrie,5,4,storage_sload_k256,6,,2097,0,0,0.0234,2.7327,0.002,0.1158,3.0225,0,4,0,0,0,0,0,0,0,0,0,0,4,0,0,0,0,0,0,0,0,0
ubt,bintrie,5,4,storage_sload_k256,7,,2098,0,0,0.0429,3.0173,0.0013,0.1694,3.4462,0,4,0,0,0,0,0,0,0,0,0,0,4,0,0,0,0,0,0,0,0,0
ubt,bintrie,5,4,storage_sload_k256,7,,2099,0,0,0.025,3.9615,0.0015,0.1201,4.2646,0,4,0,0,0,0,0,0,0,0,0,0,4,0,0,0,0,0,0,0,0,0
ubt,bintrie,5,4,storage_sload_k256,7,,2100,0,0,0.0283,21.4783,0.0024,0.1896,21.8504,0,4,0,0,0,0,0,0,0,0,0,0,4,0,0,0,0,0,0,0,0,0
ubt,bintrie,5,4,storage_sload_k256,7,,2101,86840,2,0.114,20.2014,2.9663,4.9429,28.3861,3.0592,11,0,0,0,3,0,0,0,1,157,6,5,54.55,0,0,0,0,0,0,0,0
ubt,bintrie,5,4,storage_sload_k256,7,,2102,5900456,1,88.7863,8.6573,2.6638,0.7024,100.9687,58.4385,263,259,257,7325,2,0,0,0,0,0,50,213,19.01,49,210,18.92,257,0,100,7325,0
ubt,bintrie,5,4,storage_sload_k256,7,,2103,21000,1,0.0854,12.7961,2.4467,0.7891,19.4288,1.0809,6,0,0,0,2,0,0,0,0,0,2,4,33.33,0,0,0,0,0,0,0,0
ubt,bintrie,5,4,storage_sload_k256,7,,2104,0,0,0.037,13.4679,0.0023,0.2497,14.1474,0,4,0,0,0,0,0,0,0,0,0,0,4,0,0,0,0,0,0,0,0,0
ubt,bintrie,5,4,storage_sload_k256,8,,2105,0,0,0.0488,4.8049,0.0028,0.2306,5.3471,0,4,0,0,0,0,0,0,0,0,0,0,4,0,0,0,0,0,0,0,0,0
ubt,bintrie,5,4,storage_sload_k256,8,,2106,0,0,0.0262,3.1093,0.0015,0.1203,3.4383,0,4,0,0,0,0,0,0,0,0,0,0,4,0,0,0,0,0,0,0,0,0
ubt,bintrie,5,4,storage_sload_k256,8,,2107,0,0,0.0395,2.8904,0.0021,0.1312,3.2346,0,4,0,0,0,0,0,0,0,0,0,0,4,0,0,0,0,0,0,0,0,0
ubt,bintrie,5,4,storage_sload_k256,8,,2108,86840,2,0.0992,16.8071,3.3301,4.6688,25.0604,3.4652,11,0,0,0,3,0,0,0,1,157,6,5,54.55,0,0,0,0,0,0,0,0
ubt,bintrie,5,4,storage_sload_k256,8,,2109,5900456,1,96.75,20.1932,2.4399,0.8062,120.6101,48.9217,263,259,257,7325,2,0,0,0,0,0,65,198,24.71,64,195,24.71,257,0,100,7325,0
ubt,bintrie,5,4,storage_sload_k256,8,,2110,21000,1,0.0748,11.5884,2.4331,0.7079,14.9929,1.4007,6,0,0,0,2,0,0,0,0,0,2,4,33.33,0,0,0,0,0,0,0,0
ubt,bintrie,5,4,storage_sload_k256,8,,2111,0,0,0.0261,2.9886,0.0026,0.0934,3.2597,0,4,0,0,0,0,0,0,0,0,0,0,4,0,0,0,0,0,0,0,0,0
ubt,bintrie,5,4,storage_sload_k256,9,,2112,0,0,0.0431,2.9064,0.0016,0.1833,3.3467,0,4,0,0,0,0,0,0,0,0,0,0,4,0,0,0,0,0,0,0,0,0
ubt,bintrie,5,4,storage_sload_k256,9,,2113,0,0,0.0478,2.77,0.0014,0.116,3.0991,0,4,0,0,0,0,0,0,0,0,0,0,4,0,0,0,0,0,0,0,0,0
ubt,bintrie,5,4,storage_sload_k256,9,,2114,0,0,0.0355,18.9591,0.0024,0.0933,19.3927,0,4,0,0,0,0,0,0,0,0,0,0,4,0,0,0,0,0,0,0,0,0
ubt,bintrie,5,4,storage_sload_k256,9,,2115,86840,2,0.0906,14.6151,16.7553,4.525,36.1689,2.401,11,0,0,0,3,0,0,0,1,157,6,5,54.55,0,0,0,0,0,0,0,0
ubt,bintrie,5,4,storage_sload_k256,9,,2116,5900456,1,96.3736,8.9178,3.2129,0.7247,109.481,53.8948,263,259,257,7325,2,0,0,0,0,0,37,226,14.07,34,225,13.13,257,0,100,7325,0
ubt,bintrie,5,4,storage_sload_k256,9,,2117,21000,1,0.0904,13.7196,10.0516,0.6949,24.752,0.8484,6,0,0,0,2,0,0,0,0,0,0,6,0,0,0,0,0,0,0,0,0
ubt,bintrie,5,4,storage_sload_k256,9,,2118,0,0,0.047,4.0199,0.0022,0.1382,4.3682,0,4,0,0,0,0,0,0,0,0,0,0,4,0,0,0,0,0,0,0,0,0
ubt,bintrie,5,4,storage_sstore_k1,10,,2258,0,0,0.0843,5.0214,0.0018,0.1532,5.4858,0,4,0,0,0,0,0,0,0,0,0,0,4,0,0,0,0,0,0,0,0,0
ubt,bintrie,5,4,storage_sstore_k1,10,,2259,0,0,0.0226,2.7572,0.0017,0.1659,3.0935,0,4,0,0,0,0,0,0,0,0,0,0,4,0,0,0,0,0,0,0,0,0
ubt,bintrie,5,4,storage_sstore_k1,10,,2260,0,0,0.0368,8.128,0.0019,0.1381,8.4619,0,4,0,0,0,0,0,0,0,0,0,0,4,0,0,0,0,0,0,0,0,0
ubt,bintrie,5,4,storage_sstore_k1,10,,2261,86906,2,0.1163,11.6103,2.7909,4.6487,25.4987,3.4083,11,0,0,0,3,0,0,0,1,163,5,6,45.45,0,0,0,0,0,0,0,0
ubt,bintrie,5,4,storage_sstore_k1,10,,2262,5908615,1,11.9817,16.6438,3.1995,1.53,33.4944,176.4061,8,751,2,191,3,0,197,0,0,0,3,5,37.5,119,632,15.85,2,0,100,191,0
ubt,bintrie,5,4,storage_sstore_k1,10,,2263,21000,1,0.0858,19.8484,2.7054,0.8428,23.6701,0.8872,6,0,0,0,2,0,0,0,0,0,2,4,33.33,0,0,0,0,0,0,0,0
ubt,bintrie,5,4,storage_sstore_k1,11,,2264,0,0,0.0613,3.8014,0.002,0.1768,4.3069,0,4,0,0,0,0,0,0,0,0,0,0,4,0,0,0,0,0,0,0,0,0
ubt,bintrie,5,4,storage_sstore_k1,11,,2265,0,0,0.027,2.7904,0.0017,0.095,3.0801,0,4,0,0,0,0,0,0,0,0,0,0,4,0,0,0,0,0,0,0,0,0
ubt,bintrie,5,4,storage_sstore_k1,11,,2266,0,0,0.023,6.9532,0.0016,0.0983,7.2059,0,4,0,0,0,0,0,0,0,0,0,0,4,0,0,0,0,0,0,0,0,0
ubt,bintrie,5,4,storage_sstore_k1,11,,2267,86906,2,0.0781,24.081,2.6947,4.938,31.9521,2.7199,11,0,0,0,3,0,0,0,1,163,6,5,54.55,0,0,0,0,0,0,0,0
ubt,bintrie,5,4,storage_sstore_k1,11,,2268,5908615,1,8.5404,9.1558,4.78,5.3589,28.025,210.8338,8,751,2,191,3,0,197,0,0,0,3,5,37.5,247,504,32.89,2,0,100,191,0
ubt,bintrie,5,4,storage_sstore_k1,11,,2269,21000,1,0.0705,4.2528,2.5326,0.6221,7.6385,2.7492,6,0,0,0,2,0,0,0,0,0,2,4,33.33,0,0,0,0,0,0,0,0
ubt,bintrie,5,4,storage_sstore_k1,11,,2270,0,0,0.0726,3.7399,0.0022,0.1415,4.1834,0,4,0,0,0,0,0,0,0,0,0,0,4,0,0,0,0,0,0,0,0,0
ubt,bintrie,5,4,storage_sstore_k1,12,,2271,0,0,0.0373,3.2195,0.0016,0.1755,3.6745,0,4,0,0,0,0,0,0,0,0,0,0,4,0,0,0,0,0,0,0,0,0
ubt,bintrie,5,4,storage_sstore_k1,12,,2272,0,0,0.0444,6.4601,0.0023,0.1602,7.0634,0,4,0,0,0,0,0,0,0,0,0,0,4,0,0,0,0,0,0,0,0,0
ubt,bintrie,5,4,storage_sstore_k1,12,,2273,0,0,0.0275,15.6686,0.0024,0.1162,15.984,0,4,0,0,0,0,0,0,0,0,0,0,4,0,0,0,0,0,0,0,0,0
ubt,bintrie,5,4,storage_sstore_k1,12,,2274,86906,2,0.157,16.8026,13.2955,5.004,35.4766,2.4497,11,0,0,0,3,0,0,0,1,163,5,6,45.45,0,0,0,0,0,0,0,0
ubt,bintrie,5,4,storage_sstore_k1,12,,2275,5908615,1,8.1414,8.897,3.8261,1.5408,22.6689,260.6486,8,751,2,191,3,0,197,0,0,0,4,4,50,251,500,33.42,2,0,100,191,0
ubt,bintrie,5,4,storage_sstore_k1,12,,2276,21000,1,0.0934,7.8097,4.778,0.6527,13.5915,1.5451,6,0,0,0,2,0,0,0,0,0,2,4,33.33,0,0,0,0,0,0,0,0
ubt,bintrie,5,4,storage_sstore_k1,12,,2277,0,0,0.0182,0.6591,0.0013,0.1014,0.9205,0,4,0,0,0,0,0,0,0,0,0,0,4,0,0,0,0,0,0,0,0,0
ubt,bintrie,5,4,storage_sstore_k1,13,,2278,0,0,0.0628,3.6982,0.0019,0.2287,4.1861,0,4,0,0,0,0,0,0,0,0,0,0,4,0,0,0,0,0,0,0,0,0
ubt,bintrie,5,4,storage_sstore_k1,13,,2279,0,0,0.0294,3.0231,0.0018,0.134,3.3661,0,4,0,0,0,0,0,0,0,0,0,0,4,0,0,0,0,0,0,0,0,0
ubt,bintrie,5,4,storage_sstore_k1,13,,2280,0,0,0.0219,14.3738,0.0017,0.1307,14.6853,0,4,0,0,0,0,0,0,0,0,0,0,4,0,0,0,0,0,0,0,0,0
ubt,bintrie,5,4,storage_sstore_k1,13,,2281,86906,2,0.1313,21.0918,2.8375,5.2422,29.4686,2.9491,11,0,0,0,3,0,0,0,1,163,5,6,45.45,0,0,0,0,0,0,0,0
ubt,bintrie,5,4,storage_sstore_k1,13,,2282,5908615,1,8.236,27.7836,4.7317,1.7707,42.7391,138.2485,8,751,2,191,3,0,197,0,0,0,3,5,37.5,151,600,20.11,2,0,100,191,0
ubt,bintrie,5,4,storage_sstore_k1,13,,2283,21000,1,0.0798,21.2091,2.8842,0.7551,25.1487,0.835,6,0,0,0,2,0,0,0,0,0,2,4,33.33,0,0,0,0,0,0,0,0
ubt,bintrie,5,4,storage_sstore_k1,14,,2284,0,0,0.0777,6.9667,0.0029,0.2151,7.4898,0,4,0,0,0,0,0,0,0,0,0,0,4,0,0,0,0,0,0,0,0,0
ubt,bintrie,5,4,storage_sstore_k1,14,,2285,0,0,0.02,2.8269,0.0013,0.1045,3.1359,0,4,0,0,0,0,0,0,0,0,0,0,4,0,0,0,0,0,0,0,0,0
ubt,bintrie,5,4,storage_sstore_k1,14,,2286,0,0,0.035,17.286,0.0024,0.0999,17.6358,0,4,0,0,0,0,0,0,0,0,0,0,4,0,0,0,0,0,0,0,0,0
ubt,bintrie,5,4,storage_sstore_k1,14,,2287,86906,2,0.108,21.3173,2.8143,4.7643,29.1448,2.9819,11,0,0,0,3,0,0,0,1,163,6,5,54.55,0,0,0,0,0,0,0,0
ubt,bintrie,5,4,storage_sstore_k1,14,,2288,5908615,1,7.8944,21.0881,3.2133,1.341,39.8891,148.1259,8,751,2,191,3,0,197,0,0,0,3,5,37.5,130,621,17.31,2,0,100,191,0
ubt,bintrie,5,4,storage_sstore_k1,14,,2289,21000,1,0.0619,3.1811,2.5065,0.6608,6.5962,3.1837,6,0,0,0,2,0,0,0,0,0,2,4,33.33,0,0,0,0,0,0,0,0
ubt,bintrie,5,4,storage_sstore_k1,14,,2290,0,0,0.0241,2.8992,0.002,0.0946,3.1468,0,4,0,0,0,0,0,0,0,0,0,0,4,0,0,0,0,0,0,0,0,0
ubt,bintrie,5,4,storage_sstore_k1,15,,2291,0,0,0.0612,8.0125,0.002,0.2411,8.6374,0,4,0,0,0,0,0,0,0,0,0,0,4,0,0,0,0,0,0,0,0,0
ubt,bintrie,5,4,storage_sstore_k1,15,,2292,0,0,0.0352,3.1299,0.0022,0.1436,3.6275,0,4,0,0,0,0,0,0,0,0,0,0,4,0,0,0,0,0,0,0,0,0
ubt,bintrie,5,4,storage_sstore_k1,15,,2293,0,0,0.0237,2.8278,0.0019,0.123,3.1099,0,4,0,0,0,0,0,0,0,0,0,0,4,0,0,0,0,0,0,0,0,0
ubt,bintrie,5,4,storage_sstore_k1,15,,2294,86906,2,0.132,19.2748,2.8068,4.7241,27.0997,3.2069,11,0,0,0,3,0,0,0,1,163,6,5,54.55,0,0,0,0,0,0,0,0
ubt,bintrie,5,4,storage_sstore_k1,15,,2295,5908615,1,7.9484,24.6714,7.0369,1.3961,46.2215,127.8325,8,751,2,191,3,0,197,0,0,0,3,5,37.5,138,613,18.38,2,0,100,191,0
ubt,bintrie,5,4,storage_sstore_k1,15,,2296,21000,1,0.0752,2.9386,2.4606,0.5471,6.2182,3.3772,6,0,0,0,2,0,0,0,0,0,2,4,33.33,0,0,0,0,0,0,0,0
ubt,bintrie,5,4,storage_sstore_k1,15,,2297,0,0,0.0221,2.8081,0.0022,0.1333,3.1233,0,4,0,0,0,0,0,0,0,0,0,0,4,0,0,0,0,0,0,0,0,0
ubt,bintrie,5,4,storage_sstore_k1,16,,2298,0,0,0.0375,3.4302,0.0017,0.1833,3.9376,0,4,0,0,0,0,0,0,0,0,0,0,4,0,0,0,0,0,0,0,0,0
ubt,bintrie,5,4,storage_sstore_k1,16,,2299,0,0,0.0298,3.3889,0.0015,0.0833,3.6669,0,4,0,0,0,0,0,0,0,0,0,0,4,0,0,0,0,0,0,0,0,0
ubt,bintrie,5,4,storage_sstore_k1,16,,2300,0,0,0.0281,2.8111,0.0016,0.3016,3.2876,0,4,0,0,0,0,0,0,0,0,0,0,4,0,0,0,0,0,0,0,0,0
ubt,bintrie,5,4,storage_sstore_k1,16,,2301,86906,2,0.1515,17.2762,2.7934,4.4248,24.793,3.5053,11,0,0,0,3,0,0,0,1,163,5,6,45.45,0,0,0,0,0,0,0,0
ubt,bintrie,5,4,storage_sstore_k1,16,,2302,5908615,1,8.7157,14.7421,11.2404,1.4241,39.2341,150.5988,8,751,2,191,3,0,197,0,0,0,3,5,37.5,295,456,39.28,2,0,100,191,0
ubt,bintrie,5,4,storage_sstore_k1,16,,2303,21000,1,0.0723,4.312,2.4046,0.6052,7.6387,2.7491,6,0,0,0,2,0,0,0,0,0,2,4,33.33,0,0,0,0,0,0,0,0
ubt,bintrie,5,4,storage_sstore_k1,16,,2304,0,0,0.2641,13.2326,0.0026,0.1717,13.8487,0,4,0,0,0,0,0,0,0,0,0,0,4,0,0,0,0,0,0,0,0,0
ubt,bintrie,5,4,storage_sstore_k1,17,,2305,0,0,0.0463,3.8986,0.0023,0.2045,4.413,0,4,0,0,0,0,0,0,0,0,0,0,4,0,0,0,0,0,0,0,0,0
ubt,bintrie,5,4,storage_sstore_k1,17,,2306,0,0,0.0535,8.1642,0.0025,0.128,8.5659,0,4,0,0,0,0,0,0,0,0,0,0,4,0,0,0,0,0,0,0,0,0
ubt,bintrie,5,4,storage_sstore_k1,17,,2307,0,0,0.0387,18.0486,0.002,0.1155,18.5459,0,4,0,0,0,0,0,0,0,0,0,0,4,0,0,0,0,0,0,0,0,0
ubt,bintrie,5,4,storage_sstore_k1,17,,2308,86906,2,0.1202,23.5416,2.6509,4.7348,31.3092,2.7757,11,0,0,0,3,0,0,0,1,163,5,6,45.45,0,0,0,0,0,0,0,0
ubt,bintrie,5,4,storage_sstore_k1,17,,2309,5908615,1,9.349,18.6468,3.2238,1.4161,32.7839,180.2292,8,751,2,191,3,0,197,0,0,0,4,4,50,259,492,34.49,2,0,100,191,0
ubt,bintrie,5,4,storage_sstore_k1,17,,2310,21000,1,0.064,17.5353,2.4758,0.6598,20.8954,1.005,6,0,0,0,2,0,0,0,0,0,2,4,33.33,0,0,0,0,0,0,0,0
ubt,bintrie,5,4,storage_sstore_k1,17,,2311,0,0,0.0448,3.2687,0.0024,0.2232,3.9276,0,4,0,0,0,0,0,0,0,0,0,0,4,0,0,0,0,0,0,0,0,0
ubt,bintrie,5,4,storage_sstore_k1,18,,2312,0,0,0.0855,8.5778,0.0024,0.2359,9.1791,0,4,0,0,0,0,0,0,0,0,0,0,4,0,0,0,0,0,0,0,0,0
ubt,bintrie,5,4,storage_sstore_k1,18,,2313,0,0,0.0385,2.8135,0.0016,0.157,3.1736,0,4,0,0,0,0,0,0,0,0,0,0,4,0,0,0,0,0,0,0,0,0
ubt,bintrie,5,4,storage_sstore_k1,18,,2314,0,0,0.0278,18.8397,0.0023,0.1196,19.3225,0,4,0,0,0,0,0,0,0,0,0,0,4,0,0,0,0,0,0,0,0,0
ubt,bintrie,5,4,storage_sstore_k1,18,,2315,86906,2,0.1136,17.6861,3.0037,5.2764,26.285,3.3063,11,0,0,0,3,0,0,0,1,163,7,4,63.64,0,0,0,0,0,0,0,0
ubt,bintrie,5,4,storage_sstore_k1,18,,2316,5908615,1,9.4782,10.2151,3.2763,1.5922,25.043,235.9387,8,751,2,191,3,0,197,0,0,0,4,4,50,352,399,46.87,2,0,100,191,0
ubt,bintrie,5,4,storage_sstore_k1,18,,2317,21000,1,1.3815,5.144,6.7335,0.6281,14.1186,1.4874,6,0,0,0,2,0,0,0,0,0,2,4,33.33,0,0,0,0,0,0,0,0
ubt,bintrie,5,4,storage_sstore_k1,18,,2318,0,0,0.0526,23.4707,0.0038,0.1657,23.8778,0,4,0,0,0,0,0,0,0,0,0,0,4,0,0,0,0,0,0,0,0,0
ubt,bintrie,5,4,storage_sstore_k1,19,,2319,0,0,0.0604,3.5498,0.0019,0.2096,4.0399,0,4,0,0,0,0,0,0,0,0,0,0,4,0,0,0,0,0,0,0,0,0
ubt,bintrie,5,4,storage_sstore_k1,19,,2320,0,0,0.0245,2.8906,0.0015,0.0905,3.1479,0,4,0,0,0,0,0,0,0,0,0,0,4,0,0,0,0,0,0,0,0,0
ubt,bintrie,5,4,storage_sstore_k1,19,,2321,0,0,0.0238,2.7827,0.0016,0.0897,3.0689,0,4,0,0,0,0,0,0,0,0,0,0,4,0,0,0,0,0,0,0,0,0
ubt,bintrie,5,4,storage_sstore_k1,19,,2322,86906,2,0.1477,3.1717,16.9841,5.9789,26.4568,3.2848,11,0,0,0,3,0,0,0,1,163,5,6,45.45,0,0,0,0,0,0,0,0
ubt,bintrie,5,4,storage_sstore_k1,19,,2323,5908615,1,9.7801,12.9559,4.069,1.7716,28.7864,205.257,8,751,2,191,3,0,197,0,0,0,1,7,12.5,125,626,16.64,2,0,100,191,0
ubt,bintrie,5,4,storage_sstore_k1,19,,2324,21000,1,0.0581,6.6973,10.7057,0.5202,18.1365,1.1579,6,0,0,0,2,0,0,0,0,0,2,4,33.33,0,0,0,0,0,0,0,0
ubt,bintrie,5,4,storage_sstore_k1,19,,2325,0,0,0.0307,3.488,0.0018,0.3281,4.1582,0,4,0,0,0,0,0,0,0,0,0,0,4,0,0,0,0,0,0,0,0,0
ubt,bintrie,5,4,storage_sstore_k1,1,,2197,0,0,0.043,3.442,0.0047,0.2312,3.8861,0,4,0,0,0,0,0,0,0,0,0,0,4,0,0,0,0,0,0,0,0,0
ubt,bintrie,5,4,storage_sstore_k1,1,,2198,0,0,0.0287,2.8517,0.0016,0.0875,3.1178,0,4,0,0,0,0,0,0,0,0,0,0,4,0,0,0,0,0,0,0,0,0
ubt,bintrie,5,4,storage_sstore_k1,1,,2199,0,0,0.0235,3.116,0.0015,0.0881,3.4234,0,4,0,0,0,0,0,0,0,0,0,0,4,0,0,0,0,0,0,0,0,0
ubt,bintrie,5,4,storage_sstore_k1,1,,2200,86906,2,0.1246,23.6807,2.7111,6.2859,32.9642,2.6364,11,0,0,0,3,0,0,0,1,163,5,6,45.45,0,0,0,0,0,0,0,0
ubt,bintrie,5,4,storage_sstore_k1,1,,2201,5908615,1,9.8723,11.7555,5.2621,1.3899,28.4927,207.373,8,751,2,191,3,0,197,0,0,0,3,5,37.5,275,476,36.62,2,0,100,191,0
ubt,bintrie,5,4,storage_sstore_k1,1,,2202,21000,1,0.0697,4.5777,3.099,1.0009,8.9286,2.352,6,0,0,0,2,0,0,0,0,0,2,4,33.33,0,0,0,0,0,0,0,0
ubt,bintrie,5,4,storage_sstore_k1,20,,2326,0,0,0.0349,3.5127,0.0044,0.1706,3.9495,0,4,0,0,0,0,0,0,0,0,0,0,4,0,0,0,0,0,0,0,0,0
ubt,bintrie,5,4,storage_sstore_k1,20,,2327,0,0,0.03,2.9487,0.0017,0.1073,3.2321,0,4,0,0,0,0,0,0,0,0,0,0,4,0,0,0,0,0,0,0,0,0
ubt,bintrie,5,4,storage_sstore_k1,20,,2328,0,0,0.0304,14.5836,0.0018,0.1248,14.8913,0,4,0,0,0,0,0,0,0,0,0,0,4,0,0,0,0,0,0,0,0,0
ubt,bintrie,5,4,storage_sstore_k1,20,,2329,86906,2,0.1632,19.8999,2.7583,4.5502,27.5658,3.1527,11,0,0,0,3,0,0,0,1,163,5,6,45.45,0,0,0,0,0,0,0,0
ubt,bintrie,5,4,storage_sstore_k1,20,,2330,5908615,1,14.2137,16.0836,3.1485,1.4966,35.0989,168.342,8,751,2,191,3,0,197,0,0,0,4,4,50,305,446,40.61,2,0,100,191,0
ubt,bintrie,5,4,storage_sstore_k1,20,,2331,21000,1,0.058,2.894,15.2773,0.7215,19.1155,1.0986,6,0,0,0,2,0,0,0,0,0,2,4,33.33,0,0,0,0,0,0,0,0
ubt,bintrie,5,4,storage_sstore_k1,2,,2203,0,0,0.0394,2.9927,0.0015,0.1953,3.436,0,4,0,0,0,0,0,0,0,0,0,0,4,0,0,0,0,0,0,0,0,0
ubt,bintrie,5,4,storage_sstore_k1,2,,2204,0,0,0.0285,3.2406,0.0016,0.1847,3.6039,0,4,0,0,0,0,0,0,0,0,0,0,4,0,0,0,0,0,0,0,0,0
ubt,bintrie,5,4,storage_sstore_k1,2,,2205,0,0,0.0281,14.46,0.0022,0.1129,14.756,0,4,0,0,0,0,0,0,0,0,0,0,4,0,0,0,0,0,0,0,0,0
ubt,bintrie,5,4,storage_sstore_k1,2,,2206,86906,2,0.1363,13.328,3.3667,5.0691,22.1065,3.9312,11,0,0,0,3,0,0,0,1,163,5,6,45.45,0,0,0,0,0,0,0,0
ubt,bintrie,5,4,storage_sstore_k1,2,,2207,5908615,1,11.4758,11.4083,10.9034,1.6276,35.724,165.3964,8,751,2,191,3,0,197,0,0,0,4,4,50,109,642,14.51,2,0,100,191,0
ubt,bintrie,5,4,storage_sstore_k1,2,,2208,21000,1,0.0865,3.7721,2.5653,0.6153,7.2047,2.9148,6,0,0,0,2,0,0,0,0,0,2,4,33.33,0,0,0,0,0,0,0,0
ubt,bintrie,5,4,storage_sstore_k1,2,,2209,0,0,0.0337,3.0954,0.002,0.1272,3.4395,0,4,0,0,0,0,0,0,0,0,0,0,4,0,0,0,0,0,0,0,0,0
ubt,bintrie,5,4,storage_sstore_k1,3,,2210,0,0,0.0738,4.3191,0.0019,0.2666,5.0723,0,4,0,0,0,0,0,0,0,0,0,0,4,0,0,0,0,0,0,0,0,0
ubt,bintrie,5,4,storage_sstore_k1,3,,2211,0,0,0.0423,3.2188,0.0015,0.2864,3.6954,0,4,0,0,0,0,0,0,0,0,0,0,4,0,0,0,0,0,0,0,0,0
ubt,bintrie,5,4,storage_sstore_k1,3,,2212,0,0,0.0248,2.8696,0.0023,0.1597,3.2378,0,4,0,0,0,0,0,0,0,0,0,0,4,0,0,0,0,0,0,0,0,0
ubt,bintrie,5,4,storage_sstore_k1,3,,2213,86906,2,0.0812,20.6872,3.1017,4.0774,28.1088,3.0918,11,0,0,0,3,0,0,0,1,163,6,5,54.55,0,0,0,0,0,0,0,0
ubt,bintrie,5,4,storage_sstore_k1,3,,2214,5908615,1,12.8228,18.7893,10.1951,1.4553,43.7647,135.0088,8,751,2,191,3,0,197,0,0,0,3,5,37.5,309,442,41.15,2,0,100,191,0
ubt,bintrie,5,4,storage_sstore_k1,3,,2215,21000,1,0.0744,4.5551,2.4587,0.6685,7.9306,2.648,6,0,0,0,2,0,0,0,0,0,2,4,33.33,0,0,0,0,0,0,0,0
ubt,bintrie,5,4,storage_sstore_k1,4,,2216,0,0,0.0461,3.2865,0.0021,0.2079,3.8111,0,4,0,0,0,0,0,0,0,0,0,0,4,0,0,0,0,0,0,0,0,0
ubt,bintrie,5,4,storage_sstore_k1,4,,2217,0,0,0.0357,3.0679,0.0016,0.0919,3.4114,0,4,0,0,0,0,0,0,0,0,0,0,4,0,0,0,0,0,0,0,0,0
ubt,bintrie,5,4,storage_sstore_k1,4,,2218,0,0,0.0361,7.5304,0.0024,0.1465,7.891,0,4,0,0,0,0,0,0,0,0,0,0,4,0,0,0,0,0,0,0,0,0
ubt,bintrie,5,4,storage_sstore_k1,4,,2219,86906,2,0.0992,24.9775,2.8118,4.7481,32.8415,2.6462,11,0,0,0,3,0,0,0,1,163,5,6,45.45,0,0,0,0,0,0,0,0
ubt,bintrie,5,4,storage_sstore_k1,4,,2220,5908615,1,11.067,14.7089,3.3365,1.2845,30.5893,193.1594,8,751,2,191,3,0,197,0,0,0,4,4,50,333,418,44.34,2,0,100,191,0
ubt,bintrie,5,4,storage_sstore_k1,4,,2221,21000,1,0.0605,13.8978,19.6313,0.8078,34.5621,0.6076,6,0,0,0,2,0,0,0,0,0,2,4,33.33,0,0,0,0,0,0,0,0
ubt,bintrie,5,4,storage_sstore_k1,4,,2222,0,0,0.049,17.5654,0.0023,0.1425,17.9243,0,4,0,0,0,0,0,0,0,0,0,0,4,0,0,0,0,0,0,0,0,0
ubt,bintrie,5,4,storage_sstore_k1,5,,2223,0,0,0.0663,5.3907,0.0028,0.2501,5.9016,0,4,0,0,0,0,0,0,0,0,0,0,4,0,0,0,0,0,0,0,0,0
ubt,bintrie,5,4,storage_sstore_k1,5,,2224,0,0,0.04,3.1935,0.002,0.143,3.5556,0,4,0,0,0,0,0,0,0,0,0,0,4,0,0,0,0,0,0,0,0,0
ubt,bintrie,5,4,storage_sstore_k1,5,,2225,0,0,0.0416,4.2999,0.0025,0.1305,4.6052,0,4,0,0,0,0,0,0,0,0,0,0,4,0,0,0,0,0,0,0,0,0
ubt,bintrie,5,4,storage_sstore_k1,5,,2226,86906,2,0.3795,17.0549,2.6766,4.8279,25.1259,3.4588,11,0,0,0,3,0,0,0,1,163,4,7,36.36,0,0,0,0,0,0,0,0
ubt,bintrie,5,4,storage_sstore_k1,5,,2227,5908615,1,8.7581,8.6518,4.8186,1.492,23.9291,246.9221,8,751,2,191,3,0,197,0,0,0,4,4,50,216,535,28.76,2,0,100,191,0
ubt,bintrie,5,4,storage_sstore_k1,5,,2228,21000,1,0.1332,12.6746,2.3059,0.6889,16.0162,1.3112,6,0,0,0,2,0,0,0,0,0,2,4,33.33,0,0,0,0,0,0,0,0
ubt,bintrie,5,4,storage_sstore_k1,5,,2229,0,0,0.0435,28.4644,0.004,0.173,28.9314,0,4,0,0,0,0,0,0,0,0,0,0,4,0,0,0,0,0,0,0,0,0
ubt,bintrie,5,4,storage_sstore_k1,6,,2230,0,0,0.0471,3.1109,0.0015,0.1235,3.4556,0,4,0,0,0,0,0,0,0,0,0,0,4,0,0,0,0,0,0,0,0,0
ubt,bintrie,5,4,storage_sstore_k1,6,,2231,0,0,0.0285,3.1122,0.0015,0.1192,3.4252,0,4,0,0,0,0,0,0,0,0,0,0,4,0,0,0,0,0,0,0,0,0
ubt,bintrie,5,4,storage_sstore_k1,6,,2232,0,0,0.0333,13.3951,0.0016,0.1371,13.7149,0,4,0,0,0,0,0,0,0,0,0,0,4,0,0,0,0,0,0,0,0,0
ubt,bintrie,5,4,storage_sstore_k1,6,,2233,86906,2,0.1263,14.2368,16.2977,5.5222,36.3587,2.3902,11,0,0,0,3,0,0,0,1,163,5,6,45.45,0,0,0,0,0,0,0,0
ubt,bintrie,5,4,storage_sstore_k1,6,,2234,5908615,1,9.7156,10.3168,4.2686,1.5794,26.0979,226.402,8,751,2,191,3,0,197,0,0,0,4,4,50,163,588,21.7,2,0,100,191,0
ubt,bintrie,5,4,storage_sstore_k1,6,,2235,21000,1,0.1918,3.5276,4.0046,0.7393,11.5619,1.8163,6,0,0,0,2,0,0,0,0,0,0,6,0,0,0,0,0,0,0,0,0
ubt,bintrie,5,4,storage_sstore_k1,7,,2236,0,0,0.0583,4.8709,0.003,0.1799,5.353,0,4,0,0,0,0,0,0,0,0,0,0,4,0,0,0,0,0,0,0,0,0
ubt,bintrie,5,4,storage_sstore_k1,7,,2237,0,0,0.0262,2.7908,0.002,0.1371,3.1011,0,4,0,0,0,0,0,0,0,0,0,0,4,0,0,0,0,0,0,0,0,0
ubt,bintrie,5,4,storage_sstore_k1,7,,2238,0,0,0.0395,3.4333,0.0024,0.1232,3.8483,0,4,0,0,0,0,0,0,0,0,0,0,4,0,0,0,0,0,0,0,0,0
ubt,bintrie,5,4,storage_sstore_k1,7,,2239,86906,2,0.1088,24.4142,2.7281,4.4828,31.9018,2.7242,11,0,0,0,3,0,0,0,1,163,5,6,45.45,0,0,0,0,0,0,0,0
ubt,bintrie,5,4,storage_sstore_k1,7,,2240,5908615,1,10.766,16.2769,3.5577,1.6736,32.4836,181.8954,8,751,2,191,3,0,197,0,0,0,3,5,37.5,276,475,36.75,2,0,100,191,0
ubt,bintrie,5,4,storage_sstore_k1,7,,2241,21000,1,0.0652,16.3817,2.5248,0.5834,19.7332,1.0642,6,0,0,0,2,0,0,0,0,0,2,4,33.33,0,0,0,0,0,0,0,0
ubt,bintrie,5,4,storage_sstore_k1,8,,2242,0,0,0.0829,4.1761,0.0016,0.1464,4.8104,0,4,0,0,0,0,0,0,0,0,0,0,4,0,0,0,0,0,0,0,0,0
ubt,bintrie,5,4,storage_sstore_k1,8,,2243,0,0,0.0235,2.6615,0.0011,0.0784,2.8881,0,4,0,0,0,0,0,0,0,0,0,0,4,0,0,0,0,0,0,0,0,0
ubt,bintrie,5,4,storage_sstore_k1,8,,2244,0,0,0.026,13.9132,0.0029,0.0953,14.1889,0,4,0,0,0,0,0,0,0,0,0,0,4,0,0,0,0,0,0,0,0,0
ubt,bintrie,5,4,storage_sstore_k1,8,,2245,86906,2,0.1121,3.0582,15.2601,4.7054,23.3022,3.7295,11,0,0,0,3,0,0,0,1,163,5,6,45.45,0,0,0,0,0,0,0,0
ubt,bintrie,5,4,storage_sstore_k1,8,,2246,5908615,1,9.3357,12.9854,3.1725,1.5957,27.2573,216.772,8,751,2,191,3,0,197,0,0,0,0,8,0,72,679,9.59,2,0,100,191,0
ubt,bintrie,5,4,storage_sstore_k1,8,,2247,0,0,0.0418,3.0494,0.0017,0.1008,3.357,0,4,0,0,0,0,0,0,0,0,0,0,4,0,0,0,0,0,0,0,0,0
ubt,bintrie,5,4,storage_sstore_k1,8,,2248,21000,1,0.1411,3.5561,2.7183,0.5933,7.1931,2.9195,6,0,0,0,2,0,0,0,0,0,2,4,33.33,0,0,0,0,0,0,0,0
ubt,bintrie,5,4,storage_sstore_k1,8,,2249,0,0,0.0196,2.692,0.0013,0.1199,2.9582,0,4,0,0,0,0,0,0,0,0,0,0,4,0,0,0,0,0,0,0,0,0
ubt,bintrie,5,4,storage_sstore_k1,9,,2250,0,0,0.1082,8.198,0.002,0.3491,9.0144,0,4,0,0,0,0,0,0,0,0,0,0,4,0,0,0,0,0,0,0,0,0
ubt,bintrie,5,4,storage_sstore_k1,9,,2251,0,0,0.0278,3.2068,0.0018,0.1194,3.5816,0,4,0,0,0,0,0,0,0,0,0,0,4,0,0,0,0,0,0,0,0,0
ubt,bintrie,5,4,storage_sstore_k1,9,,2252,0,0,0.0288,2.9483,0.0017,0.1121,3.26,0,4,0,0,0,0,0,0,0,0,0,0,4,0,0,0,0,0,0,0,0,0
ubt,bintrie,5,4,storage_sstore_k1,9,,2253,86906,2,0.1142,22.8685,2.8741,4.4319,30.4671,2.8525,11,0,0,0,3,0,0,0,1,163,6,5,54.55,0,0,0,0,0,0,0,0
ubt,bintrie,5,4,storage_sstore_k1,9,,2254,0,0,0.0485,19.8164,0.0032,0.165,20.2466,0,4,0,0,0,0,0,0,0,0,0,0,4,0,0,0,0,0,0,0,0,0
ubt,bintrie,5,4,storage_sstore_k1,9,,2255,5908615,1,7.768,9.3496,3.3375,1.4576,22.1028,267.3244,8,751,2,191,3,0,197,0,0,0,4,4,50,149,602,19.84,2,0,100,191,0
ubt,bintrie,5,4,storage_sstore_k1,9,,2256,21000,1,0.0971,12.1723,2.3916,0.5677,15.4011,1.3635,6,0,0,0,2,0,0,0,0,0,2,4,33.33,0,0,0,0,0,0,0,0
ubt,bintrie,5,4,storage_sstore_k1,9,,2257,0,0,0.0631,6.1304,0.0026,0.1421,6.5636,0,4,0,0,0,0,0,0,0,0,0,0,4,0,0,0,0,0,0,0,0,0
ubt,bintrie,5,4,storage_sstore_k10,10,,2388,0,0,0.0536,4.349,0.0018,0.2596,4.8886,0,4,0,0,0,0,0,0,0,0,0,0,4,0,0,0,0,0,0,0,0,0
ubt,bintrie,5,4,storage_sstore_k10,10,,2389,0,0,0.0254,2.808,0.0016,0.1396,3.1127,0,4,0,0,0,0,0,0,0,0,0,0,4,0,0,0,0,0,0,0,0,0
ubt,bintrie,5,4,storage_sstore_k10,10,,2390,0,0,0.0298,3.5355,0.002,0.179,3.8813,0,4,0,0,0,0,0,0,0,0,0,0,4,0,0,0,0,0,0,0,0,0
ubt,bintrie,5,4,storage_sstore_k10,10,,2391,86938,2,0.1015,3.1574,17.1608,5.5876,26.1606,3.3232,11,0,0,0,3,0,0,0,1,165,5,6,45.45,0,0,0,0,0,0,0,0
ubt,bintrie,5,4,storage_sstore_k10,10,,2392,5911240,1,10.8681,11.4438,3.2884,1.4171,27.1726,217.544,17,924,11,445,3,0,173,0,0,0,9,8,52.94,330,594,35.71,11,0,100,445,0
ubt,bintrie,5,4,storage_sstore_k10,10,,2393,21000,1,0.0597,10.6871,17.2099,0.6392,32.9933,0.6365,6,0,0,0,2,0,0,0,0,0,2,4,33.33,0,0,0,0,0,0,0,0
ubt,bintrie,5,4,storage_sstore_k10,10,,2394,0,0,0.0514,13.7432,0.0026,0.112,14.1392,0,4,0,0,0,0,0,0,0,0,0,0,4,0,0,0,0,0,0,0,0,0
ubt,bintrie,5,4,storage_sstore_k10,11,,2395,0,0,0.0431,3.412,0.0023,0.2422,3.9112,0,4,0,0,0,0,0,0,0,0,0,0,4,0,0,0,0,0,0,0,0,0
ubt,bintrie,5,4,storage_sstore_k10,11,,2396,0,0,0.0368,5.0519,0.0017,0.0992,5.3765,0,4,0,0,0,0,0,0,0,0,0,0,4,0,0,0,0,0,0,0,0,0
ubt,bintrie,5,4,storage_sstore_k10,11,,2397,0,0,0.023,13.5707,0.0019,0.095,13.833,0,4,0,0,0,0,0,0,0,0,0,0,4,0,0,0,0,0,0,0,0,0
ubt,bintrie,5,4,storage_sstore_k10,11,,2398,86938,2,0.1223,20.136,2.8296,6.5682,30.8676,2.8165,11,0,0,0,3,0,0,0,1,165,4,7,36.36,0,0,0,0,0,0,0,0
ubt,bintrie,5,4,storage_sstore_k10,11,,2399,5911240,1,10.5358,21.0024,4.819,1.5029,38.0558,155.3309,17,924,11,445,3,0,173,0,0,0,5,12,29.41,150,774,16.23,11,0,100,445,0
ubt,bintrie,5,4,storage_sstore_k10,11,,2400,21000,1,0.0756,25.7359,2.4735,0.5591,29.0332,0.7233,6,0,0,0,2,0,0,0,0,0,0,6,0,0,0,0,0,0,0,0,0
ubt,bintrie,5,4,storage_sstore_k10,12,,2401,0,0,0.0436,7.4037,0.0019,0.357,8.0938,0,4,0,0,0,0,0,0,0,0,0,0,4,0,0,0,0,0,0,0,0,0
ubt,bintrie,5,4,storage_sstore_k10,12,,2402,0,0,0.0347,3.5446,0.0021,0.1171,3.8834,0,4,0,0,0,0,0,0,0,0,0,0,4,0,0,0,0,0,0,0,0,0
ubt,bintrie,5,4,storage_sstore_k10,12,,2403,0,0,0.0568,26.8088,0.0026,0.1879,27.3841,0,4,0,0,0,0,0,0,0,0,0,0,4,0,0,0,0,0,0,0,0,0
ubt,bintrie,5,4,storage_sstore_k10,12,,2404,86938,2,0.1236,3.0914,18.9577,5.1986,27.664,3.1426,11,0,0,0,3,0,0,0,1,165,5,6,45.45,0,0,0,0,0,0,0,0
ubt,bintrie,5,4,storage_sstore_k10,12,,2405,5911240,1,11.0808,11.1317,4.6713,2.8999,38.793,152.3791,17,924,11,445,3,0,173,0,0,0,7,10,41.18,381,543,41.23,11,0,100,445,0
ubt,bintrie,5,4,storage_sstore_k10,12,,2406,21000,1,0.1528,20.82,2.5794,0.6522,24.3978,0.8607,6,0,0,0,2,0,0,0,0,0,0,6,0,0,0,0,0,0,0,0,0
ubt,bintrie,5,4,storage_sstore_k10,13,,2407,0,0,0.0387,2.9054,0.0015,0.1948,3.3135,0,4,0,0,0,0,0,0,0,0,0,0,4,0,0,0,0,0,0,0,0,0
ubt,bintrie,5,4,storage_sstore_k10,13,,2408,0,0,0.0352,3.2081,0.0018,0.1551,3.5588,0,4,0,0,0,0,0,0,0,0,0,0,4,0,0,0,0,0,0,0,0,0
ubt,bintrie,5,4,storage_sstore_k10,13,,2409,0,0,0.0414,16.7025,0.0032,0.1572,17.292,0,4,0,0,0,0,0,0,0,0,0,0,4,0,0,0,0,0,0,0,0,0
ubt,bintrie,5,4,storage_sstore_k10,13,,2410,86938,2,0.1381,3.2079,15.2088,5.2904,23.9923,3.6236,11,0,0,0,3,0,0,0,1,165,6,5,54.55,0,0,0,0,0,0,0,0
ubt,bintrie,5,4,storage_sstore_k10,13,,2411,5911240,1,14.4145,14.2145,3.6533,2.204,34.7385,170.1638,17,924,11,445,3,0,173,0,0,0,5,12,29.41,271,653,29.33,11,0,100,445,0
ubt,bintrie,5,4,storage_sstore_k10,13,,2412,21000,1,0.1495,10.3088,2.409,0.7772,13.9074,1.51,6,0,0,0,2,0,0,0,0,0,2,4,33.33,0,0,0,0,0,0,0,0
ubt,bintrie,5,4,storage_sstore_k10,13,,2413,0,0,0.0249,3.3549,0.0015,0.0966,3.632,0,4,0,0,0,0,0,0,0,0,0,0,4,0,0,0,0,0,0,0,0,0
ubt,bintrie,5,4,storage_sstore_k10,14,,2414,0,0,0.0506,3.1038,0.0015,0.1669,3.5149,0,4,0,0,0,0,0,0,0,0,0,0,4,0,0,0,0,0,0,0,0,0
ubt,bintrie,5,4,storage_sstore_k10,14,,2415,0,0,0.0332,2.9653,0.002,0.2277,3.4332,0,4,0,0,0,0,0,0,0,0,0,0,4,0,0,0,0,0,0,0,0,0
ubt,bintrie,5,4,storage_sstore_k10,14,,2416,0,0,0.0323,18.54,0.0027,0.1167,19.0219,0,4,0,0,0,0,0,0,0,0,0,0,4,0,0,0,0,0,0,0,0,0
ubt,bintrie,5,4,storage_sstore_k10,14,,2417,86938,2,0.1754,16.0663,16.1846,4.735,37.3973,2.3247,11,0,0,0,3,0,0,0,1,165,5,6,45.45,0,0,0,0,0,0,0,0
ubt,bintrie,5,4,storage_sstore_k10,14,,2418,5911240,1,11.6914,15.9183,6.1546,1.3863,35.3097,167.4113,17,924,11,445,3,0,173,0,0,0,7,10,41.18,230,694,24.89,11,0,100,445,0
ubt,bintrie,5,4,storage_sstore_k10,14,,2419,21000,1,0.0666,4.4258,7.5626,2.6993,14.9085,1.4086,6,0,0,0,2,0,0,0,0,0,2,4,33.33,0,0,0,0,0,0,0,0
ubt,bintrie,5,4,storage_sstore_k10,14,,2420,0,0,0.0252,2.7786,0.0016,0.2458,3.4063,0,4,0,0,0,0,0,0,0,0,0,0,4,0,0,0,0,0,0,0,0,0
ubt,bintrie,5,4,storage_sstore_k10,15,,2421,0,0,0.0573,4.479,0.0019,0.2067,5.012,0,4,0,0,0,0,0,0,0,0,0,0,4,0,0,0,0,0,0,0,0,0
ubt,bintrie,5,4,storage_sstore_k10,15,,2422,0,0,0.024,2.791,0.0014,0.1172,3.087,0,4,0,0,0,0,0,0,0,0,0,0,4,0,0,0,0,0,0,0,0,0
ubt,bintrie,5,4,storage_sstore_k10,15,,2423,0,0,0.0344,2.8002,0.0015,0.1381,3.1254,0,4,0,0,0,0,0,0,0,0,0,0,4,0,0,0,0,0,0,0,0,0
ubt,bintrie,5,4,storage_sstore_k10,15,,2424,86938,2,0.117,3.0681,13.7937,6.3762,23.5141,3.6973,11,0,0,0,3,0,0,0,1,165,5,6,45.45,0,0,0,0,0,0,0,0
ubt,bintrie,5,4,storage_sstore_k10,15,,2425,5911240,1,10.9301,15.9785,3.3439,1.666,32.0622,184.3679,17,924,11,445,3,0,173,0,0,0,0,17,0,41,883,4.44,11,0,100,445,0
ubt,bintrie,5,4,storage_sstore_k10,15,,2426,21000,1,0.0619,8.5947,3.322,0.6212,12.8132,1.6389,6,0,0,0,2,0,0,0,0,0,2,4,33.33,0,0,0,0,0,0,0,0
ubt,bintrie,5,4,storage_sstore_k10,16,,2427,0,0,0.031,2.9573,0.0016,0.1279,3.2841,0,4,0,0,0,0,0,0,0,0,0,0,4,0,0,0,0,0,0,0,0,0
ubt,bintrie,5,4,storage_sstore_k10,16,,2428,0,0,0.0419,8.5962,0.003,0.1431,8.9848,0,4,0,0,0,0,0,0,0,0,0,0,4,0,0,0,0,0,0,0,0,0
ubt,bintrie,5,4,storage_sstore_k10,16,,2429,0,0,0.0411,14.6624,0.0034,0.2247,15.1013,0,4,0,0,0,0,0,0,0,0,0,0,4,0,0,0,0,0,0,0,0,0
ubt,bintrie,5,4,storage_sstore_k10,16,,2430,86938,2,0.1033,18.5047,11.5652,4.6185,34.9471,2.4877,11,0,0,0,3,0,0,0,1,165,6,5,54.55,0,0,0,0,0,0,0,0
ubt,bintrie,5,4,storage_sstore_k10,16,,2431,5911240,1,10.5586,26.7261,4.194,1.3874,43.031,137.3718,17,924,11,445,3,0,173,0,0,0,4,13,23.53,203,721,21.97,11,0,100,445,0
ubt,bintrie,5,4,storage_sstore_k10,16,,2432,21000,1,0.063,3.1036,2.4647,0.5508,6.358,3.3029,6,0,0,0,2,0,0,0,0,0,2,4,33.33,0,0,0,0,0,0,0,0
ubt,bintrie,5,4,storage_sstore_k10,17,,2433,0,0,0.0536,3.3591,0.0015,0.1301,3.7192,0,4,0,0,0,0,0,0,0,0,0,0,4,0,0,0,0,0,0,0,0,0
ubt,bintrie,5,4,storage_sstore_k10,17,,2434,0,0,0.0285,2.9895,0.0024,0.1274,3.314,0,4,0,0,0,0,0,0,0,0,0,0,4,0,0,0,0,0,0,0,0,0
ubt,bintrie,5,4,storage_sstore_k10,17,,2435,0,0,0.0464,21.2551,0.0024,0.1657,21.792,0,4,0,0,0,0,0,0,0,0,0,0,4,0,0,0,0,0,0,0,0,0
ubt,bintrie,5,4,storage_sstore_k10,17,,2436,86938,2,0.0896,3.1195,15.1912,5.1432,23.7287,3.6638,11,0,0,0,3,0,0,0,1,165,6,5,54.55,0,0,0,0,0,0,0,0
ubt,bintrie,5,4,storage_sstore_k10,17,,2437,5911240,1,11.1698,13.0231,3.4088,1.4878,29.3198,201.6129,17,924,11,445,3,0,173,0,0,0,1,16,5.88,158,766,17.1,11,0,100,445,0
ubt,bintrie,5,4,storage_sstore_k10,17,,2438,21000,1,0.091,5.0428,6.5238,0.9882,12.9138,1.6262,6,0,0,0,2,0,0,0,0,0,2,4,33.33,0,0,0,0,0,0,0,0
ubt,bintrie,5,4,storage_sstore_k10,17,,2439,0,0,0.0227,2.6397,0.0014,0.1099,2.9093,0,4,0,0,0,0,0,0,0,0,0,0,4,0,0,0,0,0,0,0,0,0
ubt,bintrie,5,4,storage_sstore_k10,18,,2440,0,0,0.0479,2.9177,0.0015,0.1877,3.3542,0,4,0,0,0,0,0,0,0,0,0,0,4,0,0,0,0,0,0,0,0,0
ubt,bintrie,5,4,storage_sstore_k10,18,,2441,0,0,0.0388,5.3968,0.0024,0.1208,5.7962,0,4,0,0,0,0,0,0,0,0,0,0,4,0,0,0,0,0,0,0,0,0
ubt,bintrie,5,4,storage_sstore_k10,18,,2442,0,0,0.0246,2.6802,0.0014,0.1234,2.9784,0,4,0,0,0,0,0,0,0,0,0,0,4,0,0,0,0,0,0,0,0,0
ubt,bintrie,5,4,storage_sstore_k10,18,,2443,86938,2,0.1723,14.4443,17.6852,5.1185,37.6214,2.3109,11,0,0,0,3,0,0,0,1,165,5,6,45.45,0,0,0,0,0,0,0,0
ubt,bintrie,5,4,storage_sstore_k10,18,,2444,5911240,1,14.1693,15.6084,3.8631,1.6004,35.4218,166.8812,17,924,11,445,3,0,173,0,0,0,7,10,41.18,351,573,37.99,11,0,100,445,0
ubt,bintrie,5,4,storage_sstore_k10,18,,2445,21000,1,0.0599,4.1394,13.2197,1.1317,18.7344,1.1209,6,0,0,0,2,0,0,0,0,0,2,4,33.33,0,0,0,0,0,0,0,0
ubt,bintrie,5,4,storage_sstore_k10,18,,2446,0,0,0.0352,3.3015,0.0017,0.1497,3.6866,0,4,0,0,0,0,0,0,0,0,0,0,4,0,0,0,0,0,0,0,0,0
ubt,bintrie,5,4,storage_sstore_k10,19,,2447,0,0,0.0843,4.1734,0.0017,0.1566,4.6767,0,4,0,0,0,0,0,0,0,0,0,0,4,0,0,0,0,0,0,0,0,0
ubt,bintrie,5,4,storage_sstore_k10,19,,2448,0,0,0.0332,3.043,0.0015,0.094,3.3252,0,4,0,0,0,0,0,0,0,0,0,0,4,0,0,0,0,0,0,0,0,0
ubt,bintrie,5,4,storage_sstore_k10,19,,2449,0,0,0.0238,2.8298,0.0014,0.1061,3.1359,0,4,0,0,0,0,0,0,0,0,0,0,4,0,0,0,0,0,0,0,0,0
ubt,bintrie,5,4,storage_sstore_k10,19,,2450,86938,2,0.1025,13.3492,14.536,4.5961,32.7556,2.6541,11,0,0,0,3,0,0,0,1,165,5,6,45.45,0,0,0,0,0,0,0,0
ubt,bintrie,5,4,storage_sstore_k10,19,,2451,5911240,1,12.332,11.2484,6.6573,1.5474,31.966,184.9227,17,924,11,445,3,0,173,0,0,0,4,13,23.53,291,633,31.49,11,0,100,445,0
ubt,bintrie,5,4,storage_sstore_k10,19,,2452,21000,1,0.0824,5.1869,11.1771,0.6296,17.294,1.2143,6,0,0,0,2,0,0,0,0,0,2,4,33.33,0,0,0,0,0,0,0,0
ubt,bintrie,5,4,storage_sstore_k10,19,,2453,0,0,0.0308,2.9285,0.0013,0.1063,3.2154,0,4,0,0,0,0,0,0,0,0,0,0,4,0,0,0,0,0,0,0,0,0
ubt,bintrie,5,4,storage_sstore_k10,1,,2332,0,0,0.0679,3.2748,0.002,0.1733,3.7993,0,4,0,0,0,0,0,0,0,0,0,0,4,0,0,0,0,0,0,0,0,0
ubt,bintrie,5,4,storage_sstore_k10,1,,2333,0,0,0.0423,2.7218,0.0015,0.1534,3.0559,0,4,0,0,0,0,0,0,0,0,0,0,4,0,0,0,0,0,0,0,0,0
ubt,bintrie,5,4,storage_sstore_k10,1,,2334,0,0,0.0328,2.6688,0.0016,0.1137,2.9733,0,4,0,0,0,0,0,0,0,0,0,0,4,0,0,0,0,0,0,0,0,0
ubt,bintrie,5,4,storage_sstore_k10,1,,2335,86938,2,0.1219,24.5662,2.813,4.4987,32.1676,2.7027,11,0,0,0,3,0,0,0,1,165,5,6,45.45,0,0,0,0,0,0,0,0
ubt,bintrie,5,4,storage_sstore_k10,1,,2336,5911240,1,13.2419,15.8358,3.5518,1.3431,34.1738,172.9758,17,924,11,445,3,0,173,0,0,0,5,12,29.41,172,752,18.61,11,0,100,445,0
ubt,bintrie,5,4,storage_sstore_k10,1,,2337,21000,1,0.2027,17.5356,2.4155,0.6661,21.7649,0.9649,6,0,0,0,2,0,0,0,0,0,0,6,0,0,0,0,0,0,0,0,0
ubt,bintrie,5,4,storage_sstore_k10,20,,2454,0,0,0.0606,8.7801,0.002,0.1726,9.263,0,4,0,0,0,0,0,0,0,0,0,0,4,0,0,0,0,0,0,0,0,0
ubt,bintrie,5,4,storage_sstore_k10,20,,2455,0,0,0.0347,8.2792,0.0024,0.1406,8.649,0,4,0,0,0,0,0,0,0,0,0,0,4,0,0,0,0,0,0,0,0,0
ubt,bintrie,5,4,storage_sstore_k10,20,,2456,0,0,0.0239,14.2566,0.0013,0.1226,14.5666,0,4,0,0,0,0,0,0,0,0,0,0,4,0,0,0,0,0,0,0,0,0
ubt,bintrie,5,4,storage_sstore_k10,20,,2457,86938,2,0.1278,17.4158,2.6561,4.9035,25.2455,3.4437,11,0,0,0,3,0,0,0,1,165,5,6,45.45,0,0,0,0,0,0,0,0
ubt,bintrie,5,4,storage_sstore_k10,20,,2458,5911240,1,13.3628,13.6817,15.646,1.571,44.8551,131.7853,17,924,11,445,3,0,173,0,0,0,3,14,17.65,205,719,22.19,11,0,100,445,0
ubt,bintrie,5,4,storage_sstore_k10,20,,2459,21000,1,0.0731,13.8401,2.6345,0.6033,17.333,1.2116,6,0,0,0,2,0,0,0,0,0,2,4,33.33,0,0,0,0,0,0,0,0
ubt,bintrie,5,4,storage_sstore_k10,20,,2460,0,0,0.0538,3.6322,0.0079,0.1963,15.3304,0,4,0,0,0,0,0,0,0,0,0,0,4,0,0,0,0,0,0,0,0,0
ubt,bintrie,5,4,storage_sstore_k10,2,,2338,0,0,0.07,8.2733,0.0023,0.6482,9.7877,0,4,0,0,0,0,0,0,0,0,0,0,4,0,0,0,0,0,0,0,0,0
ubt,bintrie,5,4,storage_sstore_k10,2,,2339,0,0,0.0347,7.706,0.0022,0.213,8.1786,0,4,0,0,0,0,0,0,0,0,0,0,4,0,0,0,0,0,0,0,0,0
ubt,bintrie,5,4,storage_sstore_k10,2,,2340,0,0,0.0337,19.037,0.0021,0.2201,19.5046,0,4,0,0,0,0,0,0,0,0,0,0,4,0,0,0,0,0,0,0,0,0
ubt,bintrie,5,4,storage_sstore_k10,2,,2341,86938,2,0.0931,18.7767,3.0841,4.2868,26.3915,3.2942,11,0,0,0,3,0,0,0,1,165,6,5,54.55,0,0,0,0,0,0,0,0
ubt,bintrie,5,4,storage_sstore_k10,2,,2342,5911240,1,12.1071,17.8691,3.387,1.5401,35.0706,168.5526,17,924,11,445,3,0,173,0,0,0,5,12,29.41,275,649,29.76,11,0,100,445,0
ubt,bintrie,5,4,storage_sstore_k10,2,,2343,21000,1,0.0667,4.307,20.7442,0.656,25.9403,0.8096,6,0,0,0,2,0,0,0,0,0,2,4,33.33,0,0,0,0,0,0,0,0
ubt,bintrie,5,4,storage_sstore_k10,2,,2344,0,0,0.0275,13.8216,0.002,0.1071,14.1471,0,4,0,0,0,0,0,0,0,0,0,0,4,0,0,0,0,0,0,0,0,0
ubt,bintrie,5,4,storage_sstore_k10,3,,2345,0,0,0.0287,2.818,0.0012,0.1566,3.1792,0,4,0,0,0,0,0,0,0,0,0,0,4,0,0,0,0,0,0,0,0,0
ubt,bintrie,5,4,storage_sstore_k10,3,,2346,0,0,0.0362,3.1155,0.0016,0.148,3.4708,0,4,0,0,0,0,0,0,0,0,0,0,4,0,0,0,0,0,0,0,0,0
ubt,bintrie,5,4,storage_sstore_k10,3,,2347,0,0,0.0337,2.8968,0.0015,0.1071,3.2398,0,4,0,0,0,0,0,0,0,0,0,0,4,0,0,0,0,0,0,0,0,0
ubt,bintrie,5,4,storage_sstore_k10,3,,2348,86938,2,0.1627,20.3305,5.6787,5.461,31.8948,2.7258,11,0,0,0,3,0,0,0,1,165,5,6,45.45,0,0,0,0,0,0,0,0
ubt,bintrie,5,4,storage_sstore_k10,3,,2349,5911240,1,15.343,24.5018,10.4388,1.4796,56.809,104.0547,17,924,11,445,3,0,173,0,0,0,5,12,29.41,163,761,17.64,11,0,100,445,0
ubt,bintrie,5,4,storage_sstore_k10,3,,2350,21000,1,0.0636,4.4867,2.4551,0.6253,7.7761,2.7006,6,0,0,0,2,0,0,0,0,0,2,4,33.33,0,0,0,0,0,0,0,0
ubt,bintrie,5,4,storage_sstore_k10,3,,2351,0,0,0.0436,27.0609,0.0032,0.2079,27.5074,0,4,0,0,0,0,0,0,0,0,0,0,4,0,0,0,0,0,0,0,0,0
ubt,bintrie,5,4,storage_sstore_k10,4,,2352,0,0,0.0763,3.9415,0.0018,0.2071,4.5929,0,4,0,0,0,0,0,0,0,0,0,0,4,0,0,0,0,0,0,0,0,0
ubt,bintrie,5,4,storage_sstore_k10,4,,2353,0,0,0.0266,2.9618,0.0019,0.1352,3.2911,0,4,0,0,0,0,0,0,0,0,0,0,4,0,0,0,0,0,0,0,0,0
ubt,bintrie,5,4,storage_sstore_k10,4,,2354,0,0,0.0228,2.823,0.0015,0.1171,3.0929,0,4,0,0,0,0,0,0,0,0,0,0,4,0,0,0,0,0,0,0,0,0
ubt,bintrie,5,4,storage_sstore_k10,4,,2355,86938,2,0.1132,3.101,15.3655,5.2968,24.0218,3.6191,11,0,0,0,3,0,0,0,1,165,5,6,45.45,0,0,0,0,0,0,0,0
ubt,bintrie,5,4,storage_sstore_k10,4,,2356,5911240,1,11.6904,10.5027,3.422,1.7055,27.7941,212.6798,17,924,11,445,3,0,173,0,0,0,9,8,52.94,324,600,35.06,11,0,100,445,0
ubt,bintrie,5,4,storage_sstore_k10,4,,2357,21000,1,0.0664,11.5296,2.3825,0.6384,14.8554,1.4136,6,0,0,0,2,0,0,0,0,0,2,4,33.33,0,0,0,0,0,0,0,0
ubt,bintrie,5,4,storage_sstore_k10,5,,2358,0,0,0.0543,3.512,0.002,0.1889,3.9737,0,4,0,0,0,0,0,0,0,0,0,0,4,0,0,0,0,0,0,0,0,0
ubt,bintrie,5,4,storage_sstore_k10,5,,2359,0,0,0.0242,2.8604,0.0016,0.1107,3.1364,0,4,0,0,0,0,0,0,0,0,0,0,4,0,0,0,0,0,0,0,0,0
ubt,bintrie,5,4,storage_sstore_k10,5,,2360,0,0,0.0284,16.2403,0.0017,0.1716,16.7031,0,4,0,0,0,0,0,0,0,0,0,0,4,0,0,0,0,0,0,0,0,0
ubt,bintrie,5,4,storage_sstore_k10,5,,2361,86938,2,0.0974,13.9692,16.1707,4.5361,34.9661,2.4864,11,0,0,0,3,0,0,0,1,165,5,6,45.45,0,0,0,0,0,0,0,0
ubt,bintrie,5,4,storage_sstore_k10,5,,2362,5911240,1,10.551,10.1324,3.3862,1.4159,25.7689,229.3944,17,924,11,445,3,0,173,0,0,0,8,9,47.06,278,646,30.09,11,0,100,445,0
ubt,bintrie,5,4,storage_sstore_k10,5,,2363,21000,1,0.0785,3.705,12.855,1.0261,17.921,1.1718,6,0,0,0,2,0,0,0,0,0,2,4,33.33,0,0,0,0,0,0,0,0
ubt,bintrie,5,4,storage_sstore_k10,6,,2364,0,0,0.0481,4.1491,0.0022,0.289,4.7878,0,4,0,0,0,0,0,0,0,0,0,0,4,0,0,0,0,0,0,0,0,0
ubt,bintrie,5,4,storage_sstore_k10,6,,2365,0,0,0.0327,2.8161,0.0016,0.0871,3.1064,0,4,0,0,0,0,0,0,0,0,0,0,4,0,0,0,0,0,0,0,0,0
ubt,bintrie,5,4,storage_sstore_k10,6,,2366,0,0,0.0399,2.959,0.0019,0.1217,3.292,0,4,0,0,0,0,0,0,0,0,0,0,4,0,0,0,0,0,0,0,0,0
ubt,bintrie,5,4,storage_sstore_k10,6,,2367,86938,2,0.1308,14.8377,17.8338,5.0282,44.7953,1.9408,11,0,0,0,3,0,0,0,1,165,6,5,54.55,0,0,0,0,0,0,0,0
ubt,bintrie,5,4,storage_sstore_k10,6,,2368,5911240,1,10.4774,10.6176,3.3258,1.2992,25.8913,228.31,17,924,11,445,3,0,173,0,0,0,4,13,23.53,256,668,27.71,11,0,100,445,0
ubt,bintrie,5,4,storage_sstore_k10,6,,2369,21000,1,0.0749,7.1036,13.9904,0.6938,22.0973,0.9503,6,0,0,0,2,0,0,0,0,0,2,4,33.33,0,0,0,0,0,0,0,0
ubt,bintrie,5,4,storage_sstore_k10,7,,2370,0,0,0.0327,2.853,0.0016,0.1685,3.2832,0,4,0,0,0,0,0,0,0,0,0,0,4,0,0,0,0,0,0,0,0,0
ubt,bintrie,5,4,storage_sstore_k10,7,,2371,0,0,0.0392,4.9261,0.0029,0.1276,5.3506,0,4,0,0,0,0,0,0,0,0,0,0,4,0,0,0,0,0,0,0,0,0
ubt,bintrie,5,4,storage_sstore_k10,7,,2372,0,0,0.0446,14.1837,0.003,0.1398,14.585,0,4,0,0,0,0,0,0,0,0,0,0,4,0,0,0,0,0,0,0,0,0
ubt,bintrie,5,4,storage_sstore_k10,7,,2373,86938,2,0.1107,23.8259,2.8152,5.0194,31.9637,2.7199,11,0,0,0,3,0,0,0,1,165,5,6,45.45,0,0,0,0,0,0,0,0
ubt,bintrie,5,4,storage_sstore_k10,7,,2374,5911240,1,14.6099,16.6383,3.3863,1.4855,36.2993,162.847,17,924,11,445,3,0,173,0,0,0,4,13,23.53,121,803,13.1,11,0,100,445,0
ubt,bintrie,5,4,storage_sstore_k10,7,,2375,21000,1,0.0753,24.7684,3.226,0.7047,28.9581,0.7252,6,0,0,0,2,0,0,0,0,0,2,4,33.33,0,0,0,0,0,0,0,0
ubt,bintrie,5,4,storage_sstore_k10,8,,2376,0,0,0.0563,4.4037,0.0015,0.2323,4.8822,0,4,0,0,0,0,0,0,0,0,0,0,4,0,0,0,0,0,0,0,0,0
ubt,bintrie,5,4,storage_sstore_k10,8,,2377,0,0,0.0396,3.3086,0.0016,0.1109,3.659,0,4,0,0,0,0,0,0,0,0,0,0,4,0,0,0,0,0,0,0,0,0
ubt,bintrie,5,4,storage_sstore_k10,8,,2378,86938,2,0.1064,3.2041,14.3281,5.7387,23.5361,3.6938,11,0,0,0,3,0,0,0,1,165,6,5,54.55,0,0,0,0,0,0,0,0
ubt,bintrie,5,4,storage_sstore_k10,8,,2379,5911240,1,10.4679,12.1354,3.5977,1.635,27.9777,211.2839,17,924,11,445,3,0,173,0,0,0,5,12,29.41,296,628,32.03,11,0,100,445,0
ubt,bintrie,5,4,storage_sstore_k10,8,,2380,21000,1,0.1134,5.2691,2.56,0.6846,8.8841,2.3638,6,0,0,0,2,0,0,0,0,0,2,4,33.33,0,0,0,0,0,0,0,0
ubt,bintrie,5,4,storage_sstore_k10,8,,2381,0,0,0.0402,14.7409,0.0035,0.2721,15.5027,0,4,0,0,0,0,0,0,0,0,0,0,4,0,0,0,0,0,0,0,0,0
ubt,bintrie,5,4,storage_sstore_k10,9,,2382,0,0,0.034,2.6975,0.0013,0.1484,3.0522,0,4,0,0,0,0,0,0,0,0,0,0,4,0,0,0,0,0,0,0,0,0
ubt,bintrie,5,4,storage_sstore_k10,9,,2383,0,0,0.1008,3.1885,0.0017,0.0905,3.6622,0,4,0,0,0,0,0,0,0,0,0,0,4,0,0,0,0,0,0,0,0,0
ubt,bintrie,5,4,storage_sstore_k10,9,,2384,0,0,0.0255,13.8046,0.0042,0.0891,14.0634,0,4,0,0,0,0,0,0,0,0,0,0,4,0,0,0,0,0,0,0,0,0
ubt,bintrie,5,4,storage_sstore_k10,9,,2385,86938,2,0.1422,13.1816,3.2005,5.8027,29.0211,2.9957,11,0,0,0,3,0,0,0,1,165,6,5,54.55,0,0,0,0,0,0,0,0
ubt,bintrie,5,4,storage_sstore_k10,9,,2386,5911240,1,11.4945,22.1265,12.4558,1.5934,48.0264,123.0832,17,924,11,445,3,0,173,0,0,0,5,12,29.41,164,760,17.75,11,0,100,445,0
ubt,bintrie,5,4,storage_sstore_k10,9,,2387,21000,1,0.0842,3.2389,2.5355,0.78,6.7967,3.0897,6,0,0,0,2,0,0,0,0,0,2,4,33.33,0,0,0,0,0,0,0,0
ubt,bintrie,5,4,storage_sstore_k100,10,,2524,0,0,0.0394,2.7642,0.0014,0.1556,3.1442,0,4,0,0,0,0,0,0,0,0,0,0,4,0,0,0,0,0,0,0,0,0
ubt,bintrie,5,4,storage_sstore_k100,10,,2525,0,0,0.0289,5.1959,0.0025,0.1496,5.5328,0,4,0,0,0,0,0,0,0,0,0,0,4,0,0,0,0,0,0,0,0,0
ubt,bintrie,5,4,storage_sstore_k100,10,,2526,0,0,0.1565,21.4636,0.0026,0.1212,21.9548,0,4,0,0,0,0,0,0,0,0,0,0,4,0,0,0,0,0,0,0,0,0
ubt,bintrie,5,4,storage_sstore_k100,10,,2527,86938,2,0.115,3.4671,3.4864,7.0163,15.651,5.5548,11,0,0,0,3,0,0,0,1,165,5,6,45.45,0,0,0,0,0,0,0,0
ubt,bintrie,5,4,storage_sstore_k100,10,,2528,5916898,1,11.4688,12.2177,3.3602,1.2839,28.4942,207.6524,107,1058,101,2965,3,0,134,0,0,0,12,95,11.21,149,909,14.08,101,0,100,2965,0
ubt,bintrie,5,4,storage_sstore_k100,10,,2529,21000,1,0.085,9.3217,6.1099,0.9369,16.6527,1.2611,6,0,0,0,2,0,0,0,0,0,2,4,33.33,0,0,0,0,0,0,0,0
ubt,bintrie,5,4,storage_sstore_k100,10,,2530,0,0,0.0208,2.7883,0.0019,0.1083,3.0408,0,4,0,0,0,0,0,0,0,0,0,0,4,0,0,0,0,0,0,0,0,0
ubt,bintrie,5,4,storage_sstore_k100,11,,2531,0,0,0.0588,7.9992,0.0022,0.21,8.5849,0,4,0,0,0,0,0,0,0,0,0,0,4,0,0,0,0,0,0,0,0,0
ubt,bintrie,5,4,storage_sstore_k100,11,,2532,0,0,0.0269,3.0246,0.0014,0.1446,3.3667,0,4,0,0,0,0,0,0,0,0,0,0,4,0,0,0,0,0,0,0,0,0
ubt,bintrie,5,4,storage_sstore_k100,11,,2533,0,0,0.0355,4.1951,0.0021,0.2299,4.8725,0,4,0,0,0,0,0,0,0,0,0,0,4,0,0,0,0,0,0,0,0,0
ubt,bintrie,5,4,storage_sstore_k100,11,,2534,86938,2,0.1031,17.4632,22.1216,5.1662,45.0532,1.9297,11,0,0,0,3,0,0,0,1,165,6,5,54.55,0,0,0,0,0,0,0,0
ubt,bintrie,5,4,storage_sstore_k100,11,,2535,5916898,1,12.2453,11.838,3.1895,1.3483,28.9397,204.4564,107,1058,101,2965,3,0,134,0,0,0,20,87,18.69,297,761,28.07,101,0,100,2965,0
ubt,bintrie,5,4,storage_sstore_k100,11,,2536,21000,1,0.0753,13.0454,2.417,0.5927,16.2953,1.2887,6,0,0,0,2,0,0,0,0,0,2,4,33.33,0,0,0,0,0,0,0,0
ubt,bintrie,5,4,storage_sstore_k100,11,,2537,0,0,0.0383,3.3534,0.002,0.1571,3.7913,0,4,0,0,0,0,0,0,0,0,0,0,4,0,0,0,0,0,0,0,0,0
ubt,bintrie,5,4,storage_sstore_k100,12,,2538,0,0,0.0375,2.8968,0.0015,0.1231,3.2525,0,4,0,0,0,0,0,0,0,0,0,0,4,0,0,0,0,0,0,0,0,0
ubt,bintrie,5,4,storage_sstore_k100,12,,2539,0,0,0.0491,10.0749,0.0022,0.1287,10.4039,0,4,0,0,0,0,0,0,0,0,0,0,4,0,0,0,0,0,0,0,0,0
ubt,bintrie,5,4,storage_sstore_k100,12,,2540,0,0,0.0315,13.5667,0.0018,0.1375,13.9627,0,4,0,0,0,0,0,0,0,0,0,0,4,0,0,0,0,0,0,0,0,0
ubt,bintrie,5,4,storage_sstore_k100,12,,2541,86938,2,0.1038,3.1086,14.0573,4.5304,21.9609,3.9588,11,0,0,0,3,0,0,0,1,165,5,6,45.45,0,0,0,0,0,0,0,0
ubt,bintrie,5,4,storage_sstore_k100,12,,2542,5916898,1,12.7578,18.5278,3.2472,1.5643,36.6307,161.5283,107,1058,101,2965,3,0,134,0,0,0,61,46,57.01,318,740,30.06,101,0,100,2965,0
ubt,bintrie,5,4,storage_sstore_k100,12,,2543,21000,1,0.1717,2.9483,7.1365,0.6258,21.8996,0.9589,6,0,0,0,2,0,0,0,0,0,0,6,0,0,0,0,0,0,0,0,0
ubt,bintrie,5,4,storage_sstore_k100,12,,2544,0,0,0.0199,2.7159,0.0018,0.0949,3.0219,0,4,0,0,0,0,0,0,0,0,0,0,4,0,0,0,0,0,0,0,0,0
ubt,bintrie,5,4,storage_sstore_k100,13,,2545,0,0,0.0436,3.1896,0.0018,0.164,3.6131,0,4,0,0,0,0,0,0,0,0,0,0,4,0,0,0,0,0,0,0,0,0
ubt,bintrie,5,4,storage_sstore_k100,13,,2546,0,0,0.0374,8.5518,0.0017,0.0962,10.4437,0,4,0,0,0,0,0,0,0,0,0,0,4,0,0,0,0,0,0,0,0,0
ubt,bintrie,5,4,storage_sstore_k100,13,,2547,0,0,0.043,18.526,0.0025,0.1972,18.9598,0,4,0,0,0,0,0,0,0,0,0,0,4,0,0,0,0,0,0,0,0,0
ubt,bintrie,5,4,storage_sstore_k100,13,,2548,86938,2,0.1205,3.6649,14.2153,4.9002,23.0296,3.775,11,0,0,0,3,0,0,0,1,165,5,6,45.45,0,0,0,0,0,0,0,0
ubt,bintrie,5,4,storage_sstore_k100,13,,2549,5916898,1,13.1551,16.3979,3.4004,1.5651,34.8272,169.8932,107,1058,101,2965,3,0,134,0,0,0,1,106,0.93,162,896,15.31,101,0,100,2965,0
ubt,bintrie,5,4,storage_sstore_k100,13,,2550,21000,1,0.0854,3.5588,13.0061,0.7281,17.5742,1.1949,6,0,0,0,2,0,0,0,0,0,2,4,33.33,0,0,0,0,0,0,0,0
ubt,bintrie,5,4,storage_sstore_k100,14,,2551,0,0,0.0628,4.2039,0.0023,0.1995,4.7464,0,4,0,0,0,0,0,0,0,0,0,0,4,0,0,0,0,0,0,0,0,0
ubt,bintrie,5,4,storage_sstore_k100,14,,2552,0,0,0.0394,3.6854,0.0042,0.2217,7.6839,0,4,0,0,0,0,0,0,0,0,0,0,4,0,0,0,0,0,0,0,0,0
ubt,bintrie,5,4,storage_sstore_k100,14,,2553,0,0,0.0217,2.7992,0.0017,0.1231,3.1186,0,4,0,0,0,0,0,0,0,0,0,0,4,0,0,0,0,0,0,0,0,0
ubt,bintrie,5,4,storage_sstore_k100,14,,2554,86938,2,0.1323,15.6745,22.3579,5.1587,43.459,2.0005,11,0,0,0,3,0,0,0,1,165,5,6,45.45,0,0,0,0,0,0,0,0
ubt,bintrie,5,4,storage_sstore_k100,14,,2555,5916898,1,11.9525,11.8195,3.1613,1.5925,28.6909,206.229,107,1058,101,2965,3,0,134,0,0,0,14,93,13.08,210,848,19.85,101,0,100,2965,0
ubt,bintrie,5,4,storage_sstore_k100,14,,2556,21000,1,0.0829,9.577,11.603,0.5616,21.9907,0.9549,6,0,0,0,2,0,0,0,0,0,2,4,33.33,0,0,0,0,0,0,0,0
ubt,bintrie,5,4,storage_sstore_k100,14,,2557,0,0,0.0355,3.7951,0.0023,0.1718,4.2171,0,4,0,0,0,0,0,0,0,0,0,0,4,0,0,0,0,0,0,0,0,0
ubt,bintrie,5,4,storage_sstore_k100,15,,2558,0,0,0.0378,2.7882,0.0018,0.1288,3.129,0,4,0,0,0,0,0,0,0,0,0,0,4,0,0,0,0,0,0,0,0,0
ubt,bintrie,5,4,storage_sstore_k100,15,,2559,0,0,0.0296,3.1778,0.0017,0.1595,3.5829,0,4,0,0,0,0,0,0,0,0,0,0,4,0,0,0,0,0,0,0,0,0
ubt,bintrie,5,4,storage_sstore_k100,15,,2560,0,0,0.0257,2.8112,0.0046,0.0934,3.1014,0,4,0,0,0,0,0,0,0,0,0,0,4,0,0,0,0,0,0,0,0,0
ubt,bintrie,5,4,storage_sstore_k100,15,,2561,86938,2,0.1121,3.0146,14.0284,5.219,22.5242,3.8598,11,0,0,0,3,0,0,0,1,165,6,5,54.55,0,0,0,0,0,0,0,0
ubt,bintrie,5,4,storage_sstore_k100,15,,2562,5916898,1,15.061,16.0926,3.3095,1.512,36.1556,163.6511,107,1058,101,2965,3,0,134,0,0,0,18,89,16.82,112,946,10.59,101,0,100,2965,0
ubt,bintrie,5,4,storage_sstore_k100,15,,2563,21000,1,0.0698,12.6658,7.8012,0.7705,21.5077,0.9764,6,0,0,0,2,0,0,0,0,0,2,4,33.33,0,0,0,0,0,0,0,0
ubt,bintrie,5,4,storage_sstore_k100,15,,2564,0,0,0.0264,2.5699,0.0014,0.0983,2.8801,0,4,0,0,0,0,0,0,0,0,0,0,4,0,0,0,0,0,0,0,0,0
ubt,bintrie,5,4,storage_sstore_k100,16,,2565,0,0,0.0557,2.9032,0.0017,0.1831,3.3575,0,4,0,0,0,0,0,0,0,0,0,0,4,0,0,0,0,0,0,0,0,0
ubt,bintrie,5,4,storage_sstore_k100,16,,2566,0,0,0.0222,2.6573,0.0011,0.1053,2.9317,0,4,0,0,0,0,0,0,0,0,0,0,4,0,0,0,0,0,0,0,0,0
ubt,bintrie,5,4,storage_sstore_k100,16,,2567,0,0,0.0606,25.2202,0.0028,0.1802,25.8721,0,4,0,0,0,0,0,0,0,0,0,0,4,0,0,0,0,0,0,0,0,0
ubt,bintrie,5,4,storage_sstore_k100,16,,2568,86938,2,0.1252,21.963,2.6834,4.4019,29.3562,2.9615,11,0,0,0,3,0,0,0,1,165,5,6,45.45,0,0,0,0,0,0,0,0
ubt,bintrie,5,4,storage_sstore_k100,16,,2569,5916898,1,12.6266,19.7426,3.266,1.2441,37.0425,159.7329,107,1058,101,2965,3,0,134,0,0,0,26,81,24.3,248,810,23.44,101,0,100,2965,0
ubt,bintrie,5,4,storage_sstore_k100,16,,2570,21000,1,0.0567,16.9048,2.3223,0.618,20.0996,1.0448,6,0,0,0,2,0,0,0,0,0,2,4,33.33,0,0,0,0,0,0,0,0
ubt,bintrie,5,4,storage_sstore_k100,16,,2571,0,0,0.038,16.9474,0.0023,0.1916,17.3741,0,4,0,0,0,0,0,0,0,0,0,0,4,0,0,0,0,0,0,0,0,0
ubt,bintrie,5,4,storage_sstore_k100,17,,2572,0,0,0.046,3.6403,0.0016,0.1489,4.3172,0,4,0,0,0,0,0,0,0,0,0,0,4,0,0,0,0,0,0,0,0,0
ubt,bintrie,5,4,storage_sstore_k100,17,,2573,0,0,0.0377,9.1276,0.0021,0.1083,9.9043,0,4,0,0,0,0,0,0,0,0,0,0,4,0,0,0,0,0,0,0,0,0
ubt,bintrie,5,4,storage_sstore_k100,17,,2574,0,0,0.0315,14.804,0.0024,0.1762,15.1524,0,4,0,0,0,0,0,0,0,0,0,0,4,0,0,0,0,0,0,0,0,0
ubt,bintrie,5,4,storage_sstore_k100,17,,2575,86938,2,0.1273,17.0852,2.7632,4.8958,26.8472,3.2383,11,0,0,0,3,0,0,0,1,165,5,6,45.45,0,0,0,0,0,0,0,0
ubt,bintrie,5,4,storage_sstore_k100,17,,2576,5916898,1,12.6058,21.0798,4.177,1.4596,39.6198,149.3421,107,1058,101,2965,3,0,134,0,0,0,27,80,25.23,361,697,34.12,101,0,100,2965,0
ubt,bintrie,5,4,storage_sstore_k100,17,,2577,21000,1,0.0642,25.1297,2.6112,0.6064,28.5851,0.7346,6,0,0,0,2,0,0,0,0,0,2,4,33.33,0,0,0,0,0,0,0,0
ubt,bintrie,5,4,storage_sstore_k100,18,,2578,0,0,0.0311,2.7688,0.0014,0.1553,3.1856,0,4,0,0,0,0,0,0,0,0,0,0,4,0,0,0,0,0,0,0,0,0
ubt,bintrie,5,4,storage_sstore_k100,18,,2579,0,0,0.036,6.3124,0.0018,0.1104,6.6697,0,4,0,0,0,0,0,0,0,0,0,0,4,0,0,0,0,0,0,0,0,0
ubt,bintrie,5,4,storage_sstore_k100,18,,2580,0,0,0.0247,2.9494,0.0015,0.1047,3.1962,0,4,0,0,0,0,0,0,0,0,0,0,4,0,0,0,0,0,0,0,0,0
ubt,bintrie,5,4,storage_sstore_k100,18,,2581,86938,2,0.1035,14.2969,14.1939,4.8734,33.6629,2.5826,11,0,0,0,3,0,0,0,1,165,6,5,54.55,0,0,0,0,0,0,0,0
ubt,bintrie,5,4,storage_sstore_k100,18,,2582,5916898,1,12.9039,16.6628,4.12,1.4765,35.4599,166.8615,107,1058,101,2965,3,0,134,0,0,0,5,102,4.67,194,864,18.34,101,0,100,2965,0
ubt,bintrie,5,4,storage_sstore_k100,18,,2583,21000,1,0.083,8.7611,5.3314,0.6037,14.9838,1.4015,6,0,0,0,2,0,0,0,0,0,2,4,33.33,0,0,0,0,0,0,0,0
ubt,bintrie,5,4,storage_sstore_k100,18,,2584,0,0,0.0247,3.2257,0.0022,0.1486,3.5697,0,4,0,0,0,0,0,0,0,0,0,0,4,0,0,0,0,0,0,0,0,0
ubt,bintrie,5,4,storage_sstore_k100,19,,2585,0,0,0.0488,5.3667,0.0017,0.1847,5.8686,0,4,0,0,0,0,0,0,0,0,0,0,4,0,0,0,0,0,0,0,0,0
ubt,bintrie,5,4,storage_sstore_k100,19,,2586,0,0,0.0307,2.9101,0.0017,0.1353,3.2718,0,4,0,0,0,0,0,0,0,0,0,0,4,0,0,0,0,0,0,0,0,0
ubt,bintrie,5,4,storage_sstore_k100,19,,2587,0,0,0.0366,3.4431,0.0025,0.1586,3.7992,0,4,0,0,0,0,0,0,0,0,0,0,4,0,0,0,0,0,0,0,0,0
ubt,bintrie,5,4,storage_sstore_k100,19,,2588,86938,2,0.1055,13.9542,13.9911,5.0776,33.3097,2.61,11,0,0,0,3,0,0,0,1,165,7,4,63.64,0,0,0,0,0,0,0,0
ubt,bintrie,5,4,storage_sstore_k100,19,,2589,5916898,1,12.3107,14.7659,3.564,1.7373,32.5804,181.6093,107,1058,101,2965,3,0,134,0,0,0,13,94,12.15,139,919,13.14,101,0,100,2965,0
ubt,bintrie,5,4,storage_sstore_k100,19,,2590,21000,1,0.0994,15.2005,2.7292,0.6091,18.8168,1.116,6,0,0,0,2,0,0,0,0,0,2,4,33.33,0,0,0,0,0,0,0,0
ubt,bintrie,5,4,storage_sstore_k100,19,,2591,0,0,0.0546,17.4608,0.0025,0.1662,17.9354,0,4,0,0,0,0,0,0,0,0,0,0,4,0,0,0,0,0,0,0,0,0
ubt,bintrie,5,4,storage_sstore_k100,1,,2461,0,0,0.0437,6.3458,0.0017,0.1466,6.7485,0,4,0,0,0,0,0,0,0,0,0,0,4,0,0,0,0,0,0,0,0,0
ubt,bintrie,5,4,storage_sstore_k100,1,,2462,0,0,0.0299,2.844,0.0019,0.1452,3.1814,0,4,0,0,0,0,0,0,0,0,0,0,4,0,0,0,0,0,0,0,0,0
ubt,bintrie,5,4,storage_sstore_k100,1,,2463,0,0,0.0306,4.4214,0.0022,0.3067,4.9907,0,4,0,0,0,0,0,0,0,0,0,0,4,0,0,0,0,0,0,0,0,0
ubt,bintrie,5,4,storage_sstore_k100,1,,2464,86938,2,0.1119,15.3486,13.3307,5.587,34.557,2.5158,11,0,0,0,3,0,0,0,1,165,6,5,54.55,0,0,0,0,0,0,0,0
ubt,bintrie,5,4,storage_sstore_k100,1,,2465,5916898,1,18.5091,17.6821,3.721,1.8838,42.3467,139.725,107,1058,101,2965,3,0,134,0,0,0,23,84,21.5,186,872,17.58,101,0,100,2965,0
ubt,bintrie,5,4,storage_sstore_k100,1,,2466,21000,1,0.0745,10.2197,5.6671,0.6703,16.86,1.2456,6,0,0,0,2,0,0,0,0,0,2,4,33.33,0,0,0,0,0,0,0,0
ubt,bintrie,5,4,storage_sstore_k100,1,,2467,0,0,0.0218,2.8437,0.0014,0.1093,3.1349,0,4,0,0,0,0,0,0,0,0,0,0,4,0,0,0,0,0,0,0,0,0
ubt,bintrie,5,4,storage_sstore_k100,20,,2592,0,0,0.0528,3.2875,0.0015,0.19,3.7938,0,4,0,0,0,0,0,0,0,0,0,0,4,0,0,0,0,0,0,0,0,0
ubt,bintrie,5,4,storage_sstore_k100,20,,2593,0,0,0.0483,6.8875,0.0035,0.1458,9.2753,0,4,0,0,0,0,0,0,0,0,0,0,4,0,0,0,0,0,0,0,0,0
ubt,bintrie,5,4,storage_sstore_k100,20,,2594,0,0,0.032,3.1133,0.0023,0.0945,3.4084,0,4,0,0,0,0,0,0,0,0,0,0,4,0,0,0,0,0,0,0,0,0
ubt,bintrie,5,4,storage_sstore_k100,20,,2595,86938,2,0.1777,13.5994,2.7851,3.9613,21.1309,4.1143,11,0,0,0,3,0,0,0,1,165,5,6,45.45,0,0,0,0,0,0,0,0
ubt,bintrie,5,4,storage_sstore_k100,20,,2596,5916898,1,12.3133,24.1225,4.3662,1.454,42.4959,139.2345,107,1058,101,2965,3,0,134,0,0,0,19,88,17.76,212,846,20.04,101,0,100,2965,0
ubt,bintrie,5,4,storage_sstore_k100,20,,2597,21000,1,0.0596,2.9931,2.484,0.6113,6.331,3.317,6,0,0,0,2,0,0,0,0,0,2,4,33.33,0,0,0,0,0,0,0,0
ubt,bintrie,5,4,storage_sstore_k100,20,,2598,0,0,0.027,2.7809,0.0015,0.1112,3.0959,0,4,0,0,0,0,0,0,0,0,0,0,4,0,0,0,0,0,0,0,0,0
ubt,bintrie,5,4,storage_sstore_k100,2,,2468,0,0,0.0629,5.0555,0.0022,0.2863,5.9235,0,4,0,0,0,0,0,0,0,0,0,0,4,0,0,0,0,0,0,0,0,0
ubt,bintrie,5,4,storage_sstore_k100,2,,2469,0,0,0.0391,8.4568,0.0016,0.1019,8.823,0,4,0,0,0,0,0,0,0,0,0,0,4,0,0,0,0,0,0,0,0,0
ubt,bintrie,5,4,storage_sstore_k100,2,,2470,0,0,0.0225,2.7465,0.0017,0.0979,3.0022,0,4,0,0,0,0,0,0,0,0,0,0,4,0,0,0,0,0,0,0,0,0
ubt,bintrie,5,4,storage_sstore_k100,2,,2471,86938,2,0.1316,14.4334,22.0861,5.5351,42.562,2.0426,11,0,0,0,3,0,0,0,1,165,5,6,45.45,0,0,0,0,0,0,0,0
ubt,bintrie,5,4,storage_sstore_k100,2,,2472,5916898,1,13.0676,12.7183,4.7406,1.4506,32.5182,181.9565,107,1058,101,2965,3,0,134,0,0,0,37,70,34.58,110,948,10.4,101,0,100,2965,0
ubt,bintrie,5,4,storage_sstore_k100,2,,2473,21000,1,0.0608,3.179,8.8181,0.8808,13.0975,1.6034,6,0,0,0,2,0,0,0,0,0,2,4,33.33,0,0,0,0,0,0,0,0
ubt,bintrie,5,4,storage_sstore_k100,2,,2474,0,0,0.0234,2.8123,0.0016,0.0925,3.1069,0,4,0,0,0,0,0,0,0,0,0,0,4,0,0,0,0,0,0,0,0,0
ubt,bintrie,5,4,storage_sstore_k100,3,,2475,0,0,0.2156,3.8157,0.0022,0.1808,4.5076,0,4,0,0,0,0,0,0,0,0,0,0,4,0,0,0,0,0,0,0,0,0
ubt,bintrie,5,4,storage_sstore_k100,3,,2476,0,0,0.0255,3.1788,0.0022,0.1155,3.4601,0,4,0,0,0,0,0,0,0,0,0,0,4,0,0,0,0,0,0,0,0,0
ubt,bintrie,5,4,storage_sstore_k100,3,,2477,0,0,0.0218,2.7262,0.0017,0.0992,2.9854,0,4,0,0,0,0,0,0,0,0,0,0,4,0,0,0,0,0,0,0,0,0
ubt,bintrie,5,4,storage_sstore_k100,3,,2478,86938,2,0.1407,3.1771,17.4222,5.2084,26.4536,3.2864,11,0,0,0,3,0,0,0,1,165,5,6,45.45,0,0,0,0,0,0,0,0
ubt,bintrie,5,4,storage_sstore_k100,3,,2479,5916898,1,17.7728,15.9001,4.5155,1.1804,39.5755,149.5091,107,1058,101,2965,3,0,134,0,0,0,9,98,8.41,173,885,16.35,101,0,100,2965,0
ubt,bintrie,5,4,storage_sstore_k100,3,,2480,21000,1,0.1391,11.0995,2.4466,0.709,15.1122,1.3896,6,0,0,0,2,0,0,0,0,0,2,4,33.33,0,0,0,0,0,0,0,0
ubt,bintrie,5,4,storage_sstore_k100,3,,2481,0,0,0.0214,4.6171,0.002,0.129,4.9079,0,4,0,0,0,0,0,0,0,0,0,0,4,0,0,0,0,0,0,0,0,0
ubt,bintrie,5,4,storage_sstore_k100,4,,2482,0,0,0.0588,3.3242,0.0016,0.2342,3.844,0,4,0,0,0,0,0,0,0,0,0,0,4,0,0,0,0,0,0,0,0,0
ubt,bintrie,5,4,storage_sstore_k100,4,,2483,0,0,0.0593,8.4185,0.0017,0.104,9.5698,0,4,0,0,0,0,0,0,0,0,0,0,4,0,0,0,0,0,0,0,0,0
ubt,bintrie,5,4,storage_sstore_k100,4,,2484,0,0,0.0263,15.0758,0.0023,0.0956,15.3357,0,4,0,0,0,0,0,0,0,0,0,0,4,0,0,0,0,0,0,0,0,0
ubt,bintrie,5,4,storage_sstore_k100,4,,2485,86938,2,0.1239,3.1075,16.3615,5.1997,25.1339,3.459,11,0,0,0,3,0,0,0,1,165,6,5,54.55,0,0,0,0,0,0,0,0
ubt,bintrie,5,4,storage_sstore_k100,4,,2486,5916898,1,13.4221,12.249,3.2955,1.5674,30.8106,192.041,107,1058,101,2965,3,0,134,0,0,0,32,75,29.91,365,693,34.5,101,0,100,2965,0
ubt,bintrie,5,4,storage_sstore_k100,4,,2487,21000,1,0.2668,3.8096,2.3863,0.5816,7.247,2.8977,6,0,0,0,2,0,0,0,0,0,0,6,0,0,0,0,0,0,0,0,0
ubt,bintrie,5,4,storage_sstore_k100,4,,2488,0,0,0.0218,1.0168,0.0012,0.5518,1.838,0,4,0,0,0,0,0,0,0,0,0,0,4,0,0,0,0,0,0,0,0,0
ubt,bintrie,5,4,storage_sstore_k100,5,,2489,0,0,0.081,8.6392,0.002,0.2582,9.336,0,4,0,0,0,0,0,0,0,0,0,0,4,0,0,0,0,0,0,0,0,0
ubt,bintrie,5,4,storage_sstore_k100,5,,2490,0,0,0.0277,3.5666,0.0023,0.1425,3.9767,0,4,0,0,0,0,0,0,0,0,0,0,4,0,0,0,0,0,0,0,0,0
ubt,bintrie,5,4,storage_sstore_k100,5,,2491,0,0,0.0385,19.738,0.0024,0.1994,20.2305,0,4,0,0,0,0,0,0,0,0,0,0,4,0,0,0,0,0,0,0,0,0
ubt,bintrie,5,4,storage_sstore_k100,5,,2492,86938,2,0.1462,3.4581,15.6365,8.7079,28.087,3.0953,11,0,0,0,3,0,0,0,1,165,5,6,45.45,0,0,0,0,0,0,0,0
ubt,bintrie,5,4,storage_sstore_k100,5,,2493,5916898,1,19.2335,15.8501,4.3055,1.727,41.3655,143.0394,107,1058,101,2965,3,0,134,0,0,0,52,55,48.6,270,788,25.52,101,0,100,2965,0
ubt,bintrie,5,4,storage_sstore_k100,5,,2494,21000,1,0.0611,5.8686,8.0296,0.7064,14.831,1.4159,6,0,0,0,2,0,0,0,0,0,2,4,33.33,0,0,0,0,0,0,0,0
ubt,bintrie,5,4,storage_sstore_k100,5,,2495,0,0,0.0286,2.718,0.0019,0.1157,3.0449,0,4,0,0,0,0,0,0,0,0,0,0,4,0,0,0,0,0,0,0,0,0
ubt,bintrie,5,4,storage_sstore_k100,6,,2496,0,0,0.0668,4.5205,0.0101,0.2975,5.1838,0,4,0,0,0,0,0,0,0,0,0,0,4,0,0,0,0,0,0,0,0,0
ubt,bintrie,5,4,storage_sstore_k100,6,,2497,0,0,0.0402,6.9059,0.0018,0.1206,7.253,0,4,0,0,0,0,0,0,0,0,0,0,4,0,0,0,0,0,0,0,0,0
ubt,bintrie,5,4,storage_sstore_k100,6,,2498,0,0,0.0233,2.671,0.0013,0.0875,3.0059,0,4,0,0,0,0,0,0,0,0,0,0,4,0,0,0,0,0,0,0,0,0
ubt,bintrie,5,4,storage_sstore_k100,6,,2499,86938,2,0.1886,20.9164,7.3991,5.1769,33.8771,2.5663,11,0,0,0,3,0,0,0,1,165,5,6,45.45,0,0,0,0,0,0,0,0
ubt,bintrie,5,4,storage_sstore_k100,6,,2500,5916898,1,12.3789,11.2139,14.8169,1.1698,39.7416,148.8841,107,1058,101,2965,3,0,134,0,0,0,0,107,0,229,829,21.64,101,0,100,2965,0
ubt,bintrie,5,4,storage_sstore_k100,6,,2501,21000,1,0.0758,3.1895,3.8507,0.6313,7.9447,2.6433,6,0,0,0,2,0,0,0,0,0,2,4,33.33,0,0,0,0,0,0,0,0
ubt,bintrie,5,4,storage_sstore_k100,7,,2502,0,0,0.0313,2.6193,0.0013,0.1658,2.9689,0,4,0,0,0,0,0,0,0,0,0,0,4,0,0,0,0,0,0,0,0,0
ubt,bintrie,5,4,storage_sstore_k100,7,,2503,0,0,0.0388,6.0953,0.0017,0.1139,6.4074,0,4,0,0,0,0,0,0,0,0,0,0,4,0,0,0,0,0,0,0,0,0
ubt,bintrie,5,4,storage_sstore_k100,7,,2504,0,0,0.0298,15.5466,0.0021,0.1502,16.0558,0,4,0,0,0,0,0,0,0,0,0,0,4,0,0,0,0,0,0,0,0,0
ubt,bintrie,5,4,storage_sstore_k100,7,,2505,86938,2,0.0927,15.1907,3.4593,4.9411,23.9134,3.6355,11,0,0,0,3,0,0,0,1,165,6,5,54.55,0,0,0,0,0,0,0,0
ubt,bintrie,5,4,storage_sstore_k100,7,,2506,5916898,1,14.6048,16.3291,14.7259,1.1692,47.2101,125.3312,107,1058,101,2965,3,0,134,0,0,0,19,88,17.76,417,641,39.41,101,0,100,2965,0
ubt,bintrie,5,4,storage_sstore_k100,7,,2507,21000,1,0.0628,12.6904,3.0958,0.7869,16.8188,1.2486,6,0,0,0,2,0,0,0,0,0,2,4,33.33,0,0,0,0,0,0,0,0
ubt,bintrie,5,4,storage_sstore_k100,7,,2508,0,0,0.0303,10.2475,0.0033,0.1842,10.6117,0,4,0,0,0,0,0,0,0,0,0,0,4,0,0,0,0,0,0,0,0,0
ubt,bintrie,5,4,storage_sstore_k100,8,,2509,0,0,0.0464,2.8094,0.0014,0.2067,3.2682,0,4,0,0,0,0,0,0,0,0,0,0,4,0,0,0,0,0,0,0,0,0
ubt,bintrie,5,4,storage_sstore_k100,8,,2510,0,0,0.054,9.9182,0.002,0.1207,10.3142,0,4,0,0,0,0,0,0,0,0,0,0,4,0,0,0,0,0,0,0,0,0
ubt,bintrie,5,4,storage_sstore_k100,8,,2511,0,0,0.0241,3.8048,0.0014,0.0988,4.0737,0,4,0,0,0,0,0,0,0,0,0,0,4,0,0,0,0,0,0,0,0,0
ubt,bintrie,5,4,storage_sstore_k100,8,,2512,86938,2,0.0995,14.5671,14.9796,5.4837,35.3128,2.4619,11,0,0,0,3,0,0,0,1,165,5,6,45.45,0,0,0,0,0,0,0,0
ubt,bintrie,5,4,storage_sstore_k100,8,,2513,5916898,1,14.2294,13.7797,3.5523,1.3541,33.1239,178.6293,107,1058,101,2965,3,0,134,0,0,0,42,65,39.25,385,673,36.39,101,0,100,2965,0
ubt,bintrie,5,4,storage_sstore_k100,8,,2514,0,0,0.0231,3.7526,0.0013,0.0897,4.0232,0,4,0,0,0,0,0,0,0,0,0,0,4,0,0,0,0,0,0,0,0,0
ubt,bintrie,5,4,storage_sstore_k100,8,,2515,21000,1,0.0897,3.137,2.5212,0.5772,6.5224,3.2197,6,0,0,0,2,0,0,0,0,0,2,4,33.33,0,0,0,0,0,0,0,0
ubt,bintrie,5,4,storage_sstore_k100,8,,2516,0,0,0.0367,11.7809,0.002,0.129,12.1277,0,4,0,0,0,0,0,0,0,0,0,0,4,0,0,0,0,0,0,0,0,0
ubt,bintrie,5,4,storage_sstore_k100,9,,2517,0,0,0.0309,2.7628,0.0014,0.1449,3.144,0,4,0,0,0,0,0,0,0,0,0,0,4,0,0,0,0,0,0,0,0,0
ubt,bintrie,5,4,storage_sstore_k100,9,,2518,0,0,0.0366,11.7679,0.0017,0.1218,12.4572,0,4,0,0,0,0,0,0,0,0,0,0,4,0,0,0,0,0,0,0,0,0
ubt,bintrie,5,4,storage_sstore_k100,9,,2519,0,0,0.0211,13.7992,0.0018,0.0998,14.0709,0,4,0,0,0,0,0,0,0,0,0,0,4,0,0,0,0,0,0,0,0,0
ubt,bintrie,5,4,storage_sstore_k100,9,,2520,86938,2,0.1257,14.2985,15.6666,5.0227,39.7751,2.1857,11,0,0,0,3,0,0,0,1,165,5,6,45.45,0,0,0,0,0,0,0,0
ubt,bintrie,5,4,storage_sstore_k100,9,,2521,5916898,1,12.6254,13.7742,3.9605,1.4818,32.0609,184.5519,107,1058,101,2965,3,0,134,0,0,0,11,96,10.28,172,886,16.26,101,0,100,2965,0
ubt,bintrie,5,4,storage_sstore_k100,9,,2522,21000,1,0.0823,3.0295,2.4381,0.6218,6.3718,3.2958,6,0,0,0,2,0,0,0,0,0,2,4,33.33,0,0,0,0,0,0,0,0
ubt,bintrie,5,4,storage_sstore_k100,9,,2523,0,0,0.0457,7.9313,0.0023,0.135,8.3246,0,4,0,0,0,0,0,0,0,0,0,0,4,0,0,0,0,0,0,0,0,0
ubt,bintrie,5,4,storage_sstore_k256,10,,2661,0,0,0.0585,6.8594,0.0022,0.2194,7.4178,0,4,0,0,0,0,0,0,0,0,0,0,4,0,0,0,0,0,0,0,0,0
ubt,bintrie,5,4,storage_sstore_k256,10,,2662,0,0,0.0369,3.3462,0.005,0.1669,3.7145,0,4,0,0,0,0,0,0,0,0,0,0,4,0,0,0,0,0,0,0,0,0
ubt,bintrie,5,4,storage_sstore_k256,10,,2663,0,0,0.035,19.9867,0.0031,0.1677,20.3697,0,4,0,0,0,0,0,0,0,0,0,0,4,0,0,0,0,0,0,0,0,0
ubt,bintrie,5,4,storage_sstore_k256,10,,2664,86926,2,0.1114,21.6896,2.7117,4.9621,29.6657,2.9302,11,0,0,0,3,0,0,0,1,165,5,6,45.45,0,0,0,0,0,0,0,0
ubt,bintrie,5,4,storage_sstore_k256,10,,2665,5905490,1,14.9598,25.3508,2.8375,1.1692,44.4881,132.7433,263,1142,257,7333,3,0,84,0,0,0,54,209,20.53,204,938,17.86,257,0,100,7333,0
ubt,bintrie,5,4,storage_sstore_k256,10,,2666,21000,1,0.0793,15.6437,2.6017,0.648,19.7012,1.0659,6,0,0,0,2,0,0,0,0,0,2,4,33.33,0,0,0,0,0,0,0,0
ubt,bintrie,5,4,storage_sstore_k256,10,,2667,0,0,0.0458,18.5556,0.0028,0.1736,19.028,0,4,0,0,0,0,0,0,0,0,0,0,4,0,0,0,0,0,0,0,0,0
ubt,bintrie,5,4,storage_sstore_k256,11,,2668,0,0,0.0824,3.4024,0.0056,0.2382,4.146,0,4,0,0,0,0,0,0,0,0,0,0,4,0,0,0,0,0,0,0,0,0
ubt,bintrie,5,4,storage_sstore_k256,11,,2669,0,0,0.0418,3.3056,0.0021,0.1901,3.7058,0,4,0,0,0,0,0,0,0,0,0,0,4,0,0,0,0,0,0,0,0,0
ubt,bintrie,5,4,storage_sstore_k256,11,,2670,0,0,0.0243,2.9522,0.0028,0.1169,3.2379,0,4,0,0,0,0,0,0,0,0,0,0,4,0,0,0,0,0,0,0,0,0
ubt,bintrie,5,4,storage_sstore_k256,11,,2671,86926,2,0.1007,19.0564,2.659,7.6646,31.6857,2.7434,11,0,0,0,3,0,0,0,1,165,6,5,54.55,0,0,0,0,0,0,0,0
ubt,bintrie,5,4,storage_sstore_k256,11,,2672,5905490,1,18.5619,19.6244,19.1931,1.1035,58.6881,100.6249,263,1142,257,7333,3,0,84,0,0,0,28,235,10.65,172,970,15.06,257,0,100,7333,0
ubt,bintrie,5,4,storage_sstore_k256,11,,2673,21000,1,0.0668,3.3371,2.577,0.6302,6.7881,3.0937,6,0,0,0,2,0,0,0,0,0,2,4,33.33,0,0,0,0,0,0,0,0
ubt,bintrie,5,4,storage_sstore_k256,11,,2674,0,0,0.0353,4.0881,0.0016,0.1472,4.5943,0,4,0,0,0,0,0,0,0,0,0,0,4,0,0,0,0,0,0,0,0,0
ubt,bintrie,5,4,storage_sstore_k256,12,,2675,0,0,0.0504,7.0507,0.0024,0.2292,7.5673,0,4,0,0,0,0,0,0,0,0,0,0,4,0,0,0,0,0,0,0,0,0
ubt,bintrie,5,4,storage_sstore_k256,12,,2676,0,0,0.0324,5.3228,0.0023,0.1115,6.0129,0,4,0,0,0,0,0,0,0,0,0,0,4,0,0,0,0,0,0,0,0,0
ubt,bintrie,5,4,storage_sstore_k256,12,,2677,0,0,0.0415,2.8056,0.0015,0.1061,3.4267,0,4,0,0,0,0,0,0,0,0,0,0,4,0,0,0,0,0,0,0,0,0
ubt,bintrie,5,4,storage_sstore_k256,12,,2678,86926,2,0.0865,16.1304,13.3322,5.5397,35.2694,2.4646,11,0,0,0,3,0,0,0,1,165,7,4,63.64,0,0,0,0,0,0,0,0
ubt,bintrie,5,4,storage_sstore_k256,12,,2679,5905490,1,19.8128,16.7937,4.743,1.0283,42.5614,138.7523,263,1142,257,7333,3,0,84,0,0,0,133,130,50.57,221,921,19.35,257,0,100,7333,0
ubt,bintrie,5,4,storage_sstore_k256,12,,2680,21000,1,0.2738,6.1964,4.4245,0.5511,11.6547,1.8018,6,0,0,0,2,0,0,0,0,0,0,6,0,0,0,0,0,0,0,0,0
ubt,bintrie,5,4,storage_sstore_k256,13,,2681,0,0,0.067,3.092,0.0019,0.1998,3.6108,0,4,0,0,0,0,0,0,0,0,0,0,4,0,0,0,0,0,0,0,0,0
ubt,bintrie,5,4,storage_sstore_k256,13,,2682,0,0,0.0343,3.1745,0.0019,0.1536,3.5181,0,4,0,0,0,0,0,0,0,0,0,0,4,0,0,0,0,0,0,0,0,0
ubt,bintrie,5,4,storage_sstore_k256,13,,2683,0,0,0.0331,2.7824,0.0016,0.0997,3.0572,0,4,0,0,0,0,0,0,0,0,0,0,4,0,0,0,0,0,0,0,0,0
ubt,bintrie,5,4,storage_sstore_k256,13,,2684,86926,2,0.1152,16.9351,2.7433,9.1596,29.1096,2.9862,11,0,0,0,3,0,0,0,1,165,6,5,54.55,0,0,0,0,0,0,0,0
ubt,bintrie,5,4,storage_sstore_k256,13,,2685,5905490,1,13.0706,26.8683,3.7937,1.4971,45.4751,129.8619,263,1142,257,7333,3,0,84,0,0,0,34,229,12.93,226,916,19.79,257,0,100,7333,0
ubt,bintrie,5,4,storage_sstore_k256,13,,2686,21000,1,0.0742,2.9924,2.5422,0.6325,6.4112,3.2755,6,0,0,0,2,0,0,0,0,0,2,4,33.33,0,0,0,0,0,0,0,0
ubt,bintrie,5,4,storage_sstore_k256,14,,2687,0,0,0.0551,3.0714,0.0021,0.2456,3.6597,0,4,0,0,0,0,0,0,0,0,0,0,4,0,0,0,0,0,0,0,0,0
ubt,bintrie,5,4,storage_sstore_k256,14,,2688,0,0,0.0363,8.2011,0.007,0.1385,8.6494,0,4,0,0,0,0,0,0,0,0,0,0,4,0,0,0,0,0,0,0,0,0
ubt,bintrie,5,4,storage_sstore_k256,14,,2689,0,0,0.0338,3.4757,0.0026,0.141,3.8486,0,4,0,0,0,0,0,0,0,0,0,0,4,0,0,0,0,0,0,0,0,0
ubt,bintrie,5,4,storage_sstore_k256,14,,2690,86926,2,0.3727,19.8628,3.0667,4.5483,28.1144,3.0919,11,0,0,0,3,0,0,0,1,165,4,7,36.36,0,0,0,0,0,0,0,0
ubt,bintrie,5,4,storage_sstore_k256,14,,2691,5905490,1,15.6512,15.1219,4.4215,1.2965,36.7954,160.4955,263,1142,257,7333,3,0,84,0,0,0,125,138,47.53,469,673,41.07,257,0,100,7333,0
ubt,bintrie,5,4,storage_sstore_k256,14,,2692,21000,1,0.0594,3.0689,2.5101,0.5794,6.3724,3.2955,6,0,0,0,2,0,0,0,0,0,2,4,33.33,0,0,0,0,0,0,0,0
ubt,bintrie,5,4,storage_sstore_k256,14,,2693,0,0,0.0308,2.8941,0.0024,0.1697,3.2621,0,4,0,0,0,0,0,0,0,0,0,0,4,0,0,0,0,0,0,0,0,0
ubt,bintrie,5,4,storage_sstore_k256,15,,2694,0,0,0.0526,4.1266,0.0015,0.2235,4.643,0,4,0,0,0,0,0,0,0,0,0,0,4,0,0,0,0,0,0,0,0,0
ubt,bintrie,5,4,storage_sstore_k256,15,,2695,0,0,0.0325,3.3426,0.0018,0.1277,3.682,0,4,0,0,0,0,0,0,0,0,0,0,4,0,0,0,0,0,0,0,0,0
ubt,bintrie,5,4,storage_sstore_k256,15,,2696,0,0,0.0266,2.8667,0.0014,0.0932,3.1583,0,4,0,0,0,0,0,0,0,0,0,0,4,0,0,0,0,0,0,0,0,0
ubt,bintrie,5,4,storage_sstore_k256,15,,2697,86926,2,0.1223,23.9678,2.6875,6.1694,33.2104,2.6174,11,0,0,0,3,0,0,0,1,165,6,5,54.55,0,0,0,0,0,0,0,0
ubt,bintrie,5,4,storage_sstore_k256,15,,2698,5905490,1,20.4057,17.761,23.7098,1.084,63.1831,93.4663,263,1142,257,7333,3,0,84,0,0,0,39,224,14.83,236,906,20.67,257,0,100,7333,0
ubt,bintrie,5,4,storage_sstore_k256,15,,2699,21000,1,0.0687,3.2389,2.4015,0.6771,6.5437,3.2092,6,0,0,0,2,0,0,0,0,0,2,4,33.33,0,0,0,0,0,0,0,0
ubt,bintrie,5,4,storage_sstore_k256,15,,2700,0,0,0.0307,2.882,0.0029,0.1368,3.2505,0,4,0,0,0,0,0,0,0,0,0,0,4,0,0,0,0,0,0,0,0,0
ubt,bintrie,5,4,storage_sstore_k256,16,,2701,0,0,0.0656,17.49,0.0029,0.2011,18.046,0,4,0,0,0,0,0,0,0,0,0,0,4,0,0,0,0,0,0,0,0,0
ubt,bintrie,5,4,storage_sstore_k256,16,,2702,0,0,0.0238,2.6621,0.0015,0.1,2.9597,0,4,0,0,0,0,0,0,0,0,0,0,4,0,0,0,0,0,0,0,0,0
ubt,bintrie,5,4,storage_sstore_k256,16,,2703,0,0,0.0223,2.7897,0.0014,0.0971,3.0413,0,4,0,0,0,0,0,0,0,0,0,0,4,0,0,0,0,0,0,0,0,0
ubt,bintrie,5,4,storage_sstore_k256,16,,2704,86926,2,0.1529,17.6787,3.7031,4.603,26.3288,3.3016,11,0,0,0,3,0,0,0,1,165,5,6,45.45,0,0,0,0,0,0,0,0
ubt,bintrie,5,4,storage_sstore_k256,16,,2705,5905490,1,18.0522,17.3876,15.301,1.3267,52.2936,112.9295,263,1142,257,7333,3,0,84,0,0,0,88,175,33.46,191,951,16.73,257,0,100,7333,0
ubt,bintrie,5,4,storage_sstore_k256,16,,2706,21000,1,0.0745,2.8463,2.7672,0.6393,6.4756,3.2429,6,0,0,0,2,0,0,0,0,0,2,4,33.33,0,0,0,0,0,0,0,0
ubt,bintrie,5,4,storage_sstore_k256,17,,2707,0,0,0.0668,9.581,0.0058,0.236,10.2013,0,4,0,0,0,0,0,0,0,0,0,0,4,0,0,0,0,0,0,0,0,0
ubt,bintrie,5,4,storage_sstore_k256,17,,2708,0,0,0.034,2.8099,0.0017,0.0876,3.0947,0,4,0,0,0,0,0,0,0,0,0,0,4,0,0,0,0,0,0,0,0,0
ubt,bintrie,5,4,storage_sstore_k256,17,,2709,0,0,0.0263,2.9438,0.002,0.1648,3.3163,0,4,0,0,0,0,0,0,0,0,0,0,4,0,0,0,0,0,0,0,0,0
ubt,bintrie,5,4,storage_sstore_k256,17,,2710,86926,2,0.1077,22.124,2.6875,5.1523,30.3459,2.8645,11,0,0,0,3,0,0,0,1,165,6,5,54.55,0,0,0,0,0,0,0,0
ubt,bintrie,5,4,storage_sstore_k256,17,,2711,5905490,1,15.1779,13.3938,21.6197,1.2717,51.7408,114.1361,263,1142,257,7333,3,0,84,0,0,0,100,163,38.02,520,622,45.53,257,0,100,7333,0
ubt,bintrie,5,4,storage_sstore_k256,17,,2712,21000,1,0.0873,10.7112,6.1695,0.6366,17.9181,1.172,6,0,0,0,2,0,0,0,0,0,2,4,33.33,0,0,0,0,0,0,0,0
ubt,bintrie,5,4,storage_sstore_k256,17,,2713,0,0,0.0236,2.6844,0.0012,0.1373,2.9875,0,4,0,0,0,0,0,0,0,0,0,0,4,0,0,0,0,0,0,0,0,0
ubt,bintrie,5,4,storage_sstore_k256,18,,2714,0,0,0.0662,4.9974,0.0022,0.3299,5.9106,0,4,0,0,0,0,0,0,0,0,0,0,4,0,0,0,0,0,0,0,0,0
ubt,bintrie,5,4,storage_sstore_k256,18,,2715,0,0,0.0221,2.5746,0.0014,0.0845,2.7969,0,4,0,0,0,0,0,0,0,0,0,0,4,0,0,0,0,0,0,0,0,0
ubt,bintrie,5,4,storage_sstore_k256,18,,2716,0,0,0.0325,16.2758,0.0034,0.3831,17.061,0,4,0,0,0,0,0,0,0,0,0,0,4,0,0,0,0,0,0,0,0,0
ubt,bintrie,5,4,storage_sstore_k256,18,,2717,86926,2,0.1875,9.603,13.9868,4.129,28.059,3.098,11,0,0,0,3,0,0,0,1,165,5,6,45.45,0,0,0,0,0,0,0,0
ubt,bintrie,5,4,storage_sstore_k256,18,,2718,5905490,1,21.2826,21.1688,6.3674,1.1987,50.2453,117.5331,263,1142,257,7333,3,0,84,0,0,0,65,198,24.71,217,925,19.0,257,0,100,7333,0
ubt,bintrie,5,4,storage_sstore_k256,18,,2719,21000,1,0.0684,3.2681,9.1119,0.9473,13.6252,1.5413,6,0,0,0,2,0,0,0,0,0,2,4,33.33,0,0,0,0,0,0,0,0
ubt,bintrie,5,4,storage_sstore_k256,18,,2720,0,0,0.0235,3.336,0.0017,0.1491,3.6672,0,4,0,0,0,0,0,0,0,0,0,0,4,0,0,0,0,0,0,0,0,0
ubt,bintrie,5,4,storage_sstore_k256,19,,2721,0,0,0.0279,2.7302,0.0014,0.1486,3.1173,0,4,0,0,0,0,0,0,0,0,0,0,4,0,0,0,0,0,0,0,0,0
ubt,bintrie,5,4,storage_sstore_k256,19,,2722,0,0,0.1516,4.5016,0.0022,0.1753,5.0305,0,4,0,0,0,0,0,0,0,0,0,0,4,0,0,0,0,0,0,0,0,0
ubt,bintrie,5,4,storage_sstore_k256,19,,2723,0,0,0.0476,20.4324,0.0025,0.4795,21.5242,0,4,0,0,0,0,0,0,0,0,0,0,4,0,0,0,0,0,0,0,0,0
ubt,bintrie,5,4,storage_sstore_k256,19,,2724,86926,2,0.1459,16.1854,16.8142,5.7838,39.1253,2.2217,11,0,0,0,3,0,0,0,1,165,5,6,45.45,0,0,0,0,0,0,0,0
ubt,bintrie,5,4,storage_sstore_k256,19,,2725,5905490,1,17.3378,15.5696,2.8458,0.992,36.9152,159.9744,263,1142,257,7333,3,0,84,0,0,0,53,210,20.15,123,1019,10.77,257,0,100,7333,0
ubt,bintrie,5,4,storage_sstore_k256,19,,2726,21000,1,0.2011,4.3327,14.0565,0.6448,19.4112,1.0819,6,0,0,0,2,0,0,0,0,0,0,6,0,0,0,0,0,0,0,0,0
ubt,bintrie,5,4,storage_sstore_k256,19,,2727,0,0,0.0421,20.7564,0.0028,0.1292,21.0977,0,4,0,0,0,0,0,0,0,0,0,0,4,0,0,0,0,0,0,0,0,0
ubt,bintrie,5,4,storage_sstore_k256,1,,2599,0,0,0.0313,2.775,0.0014,0.1827,3.2046,0,4,0,0,0,0,0,0,0,0,0,0,4,0,0,0,0,0,0,0,0,0
ubt,bintrie,5,4,storage_sstore_k256,1,,2600,0,0,0.0245,3.0449,0.0024,0.1189,3.3369,0,4,0,0,0,0,0,0,0,0,0,0,4,0,0,0,0,0,0,0,0,0
ubt,bintrie,5,4,storage_sstore_k256,1,,2601,0,0,0.0339,20.2769,0.0021,0.1002,20.5511,0,4,0,0,0,0,0,0,0,0,0,0,4,0,0,0,0,0,0,0,0,0
ubt,bintrie,5,4,storage_sstore_k256,1,,2602,86926,2,0.1723,3.1334,14.838,5.3111,23.6047,3.6826,11,0,0,0,3,0,0,0,1,165,4,7,36.36,0,0,0,0,0,0,0,0
ubt,bintrie,5,4,storage_sstore_k256,1,,2603,5905490,1,14.5189,15.4237,3.0925,1.3223,34.8722,169.3467,263,1142,257,7333,3,0,84,0,0,0,62,201,23.57,241,901,21.1,257,0,100,7333,0
ubt,bintrie,5,4,storage_sstore_k256,1,,2604,21000,1,0.1999,10.3581,2.6632,0.6619,14.1159,1.4877,6,0,0,0,2,0,0,0,0,0,0,6,0,0,0,0,0,0,0,0,0
ubt,bintrie,5,4,storage_sstore_k256,1,,2605,0,0,0.0342,1.3409,0.0014,0.4799,2.0755,0,4,0,0,0,0,0,0,0,0,0,0,4,0,0,0,0,0,0,0,0,0
ubt,bintrie,5,4,storage_sstore_k256,20,,2728,0,0,0.0458,2.976,0.0031,0.1449,3.4006,0,4,0,0,0,0,0,0,0,0,0,0,4,0,0,0,0,0,0,0,0,0
ubt,bintrie,5,4,storage_sstore_k256,20,,2729,0,0,0.0286,2.851,0.0017,0.0949,3.1605,0,4,0,0,0,0,0,0,0,0,0,0,4,0,0,0,0,0,0,0,0,0
ubt,bintrie,5,4,storage_sstore_k256,20,,2730,0,0,0.0274,3.1729,0.0025,0.128,3.5051,0,4,0,0,0,0,0,0,0,0,0,0,4,0,0,0,0,0,0,0,0,0
ubt,bintrie,5,4,storage_sstore_k256,20,,2731,86926,2,0.1044,17.1061,2.7711,5.111,25.3229,3.4327,11,0,0,0,3,0,0,0,1,165,5,6,45.45,0,0,0,0,0,0,0,0
ubt,bintrie,5,4,storage_sstore_k256,20,,2732,5905490,1,14.5374,19.5436,3.9261,1.2187,39.4355,149.7506,263,1142,257,7333,3,0,84,0,0,0,78,185,29.66,451,691,39.49,257,0,100,7333,0
ubt,bintrie,5,4,storage_sstore_k256,20,,2733,21000,1,0.057,2.9712,3.1639,4.4081,10.7684,1.9501,6,0,0,0,2,0,0,0,0,0,2,4,33.33,0,0,0,0,0,0,0,0
ubt,bintrie,5,4,storage_sstore_k256,20,,2734,0,0,0.0244,2.8662,0.0013,0.1058,3.1626,0,4,0,0,0,0,0,0,0,0,0,0,4,0,0,0,0,0,0,0,0,0
ubt,bintrie,5,4,storage_sstore_k256,2,,2606,0,0,0.0391,2.6467,0.0018,0.2522,3.1786,0,4,0,0,0,0,0,0,0,0,0,0,4,0,0,0,0,0,0,0,0,0
ubt,bintrie,5,4,storage_sstore_k256,2,,2607,0,0,0.0258,2.7019,0.0019,0.1212,2.9762,0,4,0,0,0,0,0,0,0,0,0,0,4,0,0,0,0,0,0,0,0,0
ubt,bintrie,5,4,storage_sstore_k256,2,,2608,0,0,0.0413,18.8095,0.0024,0.194,19.2725,0,4,0,0,0,0,0,0,0,0,0,0,4,0,0,0,0,0,0,0,0,0
ubt,bintrie,5,4,storage_sstore_k256,2,,2609,86926,2,0.0907,13.7173,2.7184,5.1341,21.8855,3.9719,11,0,0,0,3,0,0,0,1,165,7,4,63.64,0,0,0,0,0,0,0,0
ubt,bintrie,5,4,storage_sstore_k256,2,,2610,5905490,1,17.1349,18.4518,9.1521,1.1581,46.4652,127.0948,263,1142,257,7333,3,0,84,0,0,0,50,213,19.01,168,974,14.71,257,0,100,7333,0
ubt,bintrie,5,4,storage_sstore_k256,2,,2611,21000,1,0.0567,3.0071,3.6219,6.5855,13.4393,1.5626,6,0,0,0,2,0,0,0,0,0,2,4,33.33,0,0,0,0,0,0,0,0
ubt,bintrie,5,4,storage_sstore_k256,3,,2612,0,0,0.0627,8.6075,0.0019,0.46,9.3246,0,4,0,0,0,0,0,0,0,0,0,0,4,0,0,0,0,0,0,0,0,0
ubt,bintrie,5,4,storage_sstore_k256,3,,2613,0,0,0.023,2.7408,0.0014,0.0907,3.0525,0,4,0,0,0,0,0,0,0,0,0,0,4,0,0,0,0,0,0,0,0,0
ubt,bintrie,5,4,storage_sstore_k256,3,,2614,0,0,0.0379,3.8774,0.0022,0.2028,4.3278,0,4,0,0,0,0,0,0,0,0,0,0,4,0,0,0,0,0,0,0,0,0
ubt,bintrie,5,4,storage_sstore_k256,3,,2615,86926,2,0.1516,22.1859,2.9476,5.596,31.0745,2.7973,11,0,0,0,3,0,0,0,1,165,5,6,45.45,0,0,0,0,0,0,0,0
ubt,bintrie,5,4,storage_sstore_k256,3,,2616,5905490,1,12.6842,13.6084,12.2519,1.3191,40.3451,146.3743,263,1142,257,7333,3,0,84,0,0,0,38,225,14.45,143,999,12.52,257,0,100,7333,0
ubt,bintrie,5,4,storage_sstore_k256,3,,2617,21000,1,0.0636,2.9993,2.395,0.5883,6.2069,3.3834,6,0,0,0,2,0,0,0,0,0,2,4,33.33,0,0,0,0,0,0,0,0
ubt,bintrie,5,4,storage_sstore_k256,3,,2618,0,0,0.0309,2.7753,0.0018,0.1543,3.1321,0,4,0,0,0,0,0,0,0,0,0,0,4,0,0,0,0,0,0,0,0,0
ubt,bintrie,5,4,storage_sstore_k256,4,,2619,0,0,0.0329,3.8675,0.0011,0.2011,4.3121,0,4,0,0,0,0,0,0,0,0,0,0,4,0,0,0,0,0,0,0,0,0
ubt,bintrie,5,4,storage_sstore_k256,4,,2620,0,0,0.0377,3.7469,0.0021,0.0973,4.0613,0,4,0,0,0,0,0,0,0,0,0,0,4,0,0,0,0,0,0,0,0,0
ubt,bintrie,5,4,storage_sstore_k256,4,,2621,0,0,0.0229,2.6883,0.0014,0.1328,2.9824,0,4,0,0,0,0,0,0,0,0,0,0,4,0,0,0,0,0,0,0,0,0
ubt,bintrie,5,4,storage_sstore_k256,4,,2622,86926,2,0.1338,15.1234,17.4431,4.7699,37.6385,2.3095,11,0,0,0,3,0,0,0,1,165,6,5,54.55,0,0,0,0,0,0,0,0
ubt,bintrie,5,4,storage_sstore_k256,4,,2623,5905490,1,17.6423,14.8155,2.9642,1.1513,36.7642,160.6315,263,1142,257,7333,3,0,84,0,0,0,76,187,28.9,183,959,16.02,257,0,100,7333,0
ubt,bintrie,5,4,storage_sstore_k256,4,,2624,21000,1,0.0659,2.9667,3.8232,6.3676,13.3964,1.5676,6,0,0,0,2,0,0,0,0,0,2,4,33.33,0,0,0,0,0,0,0,0
ubt,bintrie,5,4,storage_sstore_k256,4,,2625,0,0,0.0262,3.0752,0.0015,0.0972,3.3314,0,4,0,0,0,0,0,0,0,0,0,0,4,0,0,0,0,0,0,0,0,0
ubt,bintrie,5,4,storage_sstore_k256,5,,2626,0,0,0.0431,2.7679,0.0017,0.1652,3.2043,0,4,0,0,0,0,0,0,0,0,0,0,4,0,0,0,0,0,0,0,0,0
ubt,bintrie,5,4,storage_sstore_k256,5,,2627,0,0,0.1389,3.7898,0.0027,0.1715,4.2906,0,4,0,0,0,0,0,0,0,0,0,0,4,0,0,0,0,0,0,0,0,0
ubt,bintrie,5,4,storage_sstore_k256,5,,2628,0,0,0.0316,3.3339,0.0021,0.182,3.7782,0,4,0,0,0,0,0,0,0,0,0,0,4,0,0,0,0,0,0,0,0,0
ubt,bintrie,5,4,storage_sstore_k256,5,,2629,86926,2,0.1608,17.3014,3.5076,18.4124,39.5472,2.198,11,0,0,0,3,0,0,0,1,165,5,6,45.45,0,0,0,0,0,0,0,0
ubt,bintrie,5,4,storage_sstore_k256,5,,2630,5905490,1,13.6155,28.5219,2.9931,1.1541,46.4565,127.1188,263,1142,257,7333,3,0,84,0,0,0,37,226,14.07,162,980,14.19,257,0,100,7333,0
ubt,bintrie,5,4,storage_sstore_k256,5,,2631,21000,1,0.0742,2.7748,2.5513,0.6,6.1274,3.4272,6,0,0,0,2,0,0,0,0,0,2,4,33.33,0,0,0,0,0,0,0,0
ubt,bintrie,5,4,storage_sstore_k256,5,,2632,0,0,0.0209,3.1436,0.0015,0.0887,3.3899,0,4,0,0,0,0,0,0,0,0,0,0,4,0,0,0,0,0,0,0,0,0
ubt,bintrie,5,4,storage_sstore_k256,6,,2633,0,0,0.0372,2.8667,0.0015,0.1221,3.1957,0,4,0,0,0,0,0,0,0,0,0,0,4,0,0,0,0,0,0,0,0,0
ubt,bintrie,5,4,storage_sstore_k256,6,,2634,0,0,0.0335,2.6444,0.0015,0.185,3.023,0,4,0,0,0,0,0,0,0,0,0,0,4,0,0,0,0,0,0,0,0,0
ubt,bintrie,5,4,storage_sstore_k256,6,,2635,0,0,0.0248,14.4775,0.0021,0.0957,14.7612,0,4,0,0,0,0,0,0,0,0,0,0,4,0,0,0,0,0,0,0,0,0
ubt,bintrie,5,4,storage_sstore_k256,6,,2636,86926,2,0.1644,19.2226,8.0095,5.1524,32.6895,2.6591,11,0,0,0,3,0,0,0,1,165,5,6,45.45,0,0,0,0,0,0,0,0
ubt,bintrie,5,4,storage_sstore_k256,6,,2637,5905490,1,16.7152,26.552,24.3209,1.1768,69.0694,85.5008,263,1142,257,7333,3,0,84,0,0,0,37,226,14.07,123,1019,10.77,257,0,100,7333,0
ubt,bintrie,5,4,storage_sstore_k256,6,,2638,21000,1,0.0999,3.2778,2.4405,0.696,6.7344,3.1183,6,0,0,0,2,0,0,0,0,0,2,4,33.33,0,0,0,0,0,0,0,0
ubt,bintrie,5,4,storage_sstore_k256,6,,2639,0,0,0.0576,3.4506,0.0022,0.1542,3.8873,0,4,0,0,0,0,0,0,0,0,0,0,4,0,0,0,0,0,0,0,0,0
ubt,bintrie,5,4,storage_sstore_k256,7,,2640,0,0,0.032,2.9379,0.0017,0.1962,3.3627,0,4,0,0,0,0,0,0,0,0,0,0,4,0,0,0,0,0,0,0,0,0
ubt,bintrie,5,4,storage_sstore_k256,7,,2641,0,0,0.0466,10.6783,0.0023,0.2168,12.0312,0,4,0,0,0,0,0,0,0,0,0,0,4,0,0,0,0,0,0,0,0,0
ubt,bintrie,5,4,storage_sstore_k256,7,,2642,0,0,0.0279,13.4309,0.0023,0.1298,13.7411,0,4,0,0,0,0,0,0,0,0,0,0,4,0,0,0,0,0,0,0,0,0
ubt,bintrie,5,4,storage_sstore_k256,7,,2643,86926,2,0.1333,14.9453,14.7094,5.3544,35.3342,2.4601,11,0,0,0,3,0,0,0,1,165,5,6,45.45,0,0,0,0,0,0,0,0
ubt,bintrie,5,4,storage_sstore_k256,7,,2644,5905490,1,13.2822,14.3693,2.904,1.2389,32.086,184.0519,263,1142,257,7333,3,0,84,0,0,0,86,177,32.7,274,868,23.99,257,0,100,7333,0
ubt,bintrie,5,4,storage_sstore_k256,7,,2645,21000,1,0.1751,9.3788,2.7731,0.7019,13.2758,1.5818,6,0,0,0,2,0,0,0,0,0,0,6,0,0,0,0,0,0,0,0,0
ubt,bintrie,5,4,storage_sstore_k256,7,,2646,0,0,0.0393,21.1734,0.0021,0.1607,21.5593,0,4,0,0,0,0,0,0,0,0,0,0,4,0,0,0,0,0,0,0,0,0
ubt,bintrie,5,4,storage_sstore_k256,8,,2647,0,0,0.0292,2.6385,0.0013,0.1218,2.9622,0,4,0,0,0,0,0,0,0,0,0,0,4,0,0,0,0,0,0,0,0,0
ubt,bintrie,5,4,storage_sstore_k256,8,,2648,0,0,0.0421,5.7403,0.0019,0.1038,6.1221,0,4,0,0,0,0,0,0,0,0,0,0,4,0,0,0,0,0,0,0,0,0
ubt,bintrie,5,4,storage_sstore_k256,8,,2649,0,0,0.0257,2.9304,0.0018,0.1649,3.3002,0,4,0,0,0,0,0,0,0,0,0,0,4,0,0,0,0,0,0,0,0,0
ubt,bintrie,5,4,storage_sstore_k256,8,,2650,86926,2,0.1268,25.1534,2.6897,5.3044,33.455,2.5983,11,0,0,0,3,0,0,0,1,165,5,6,45.45,0,0,0,0,0,0,0,0
ubt,bintrie,5,4,storage_sstore_k256,8,,2651,5905490,1,20.5216,20.6395,16.3741,1.2895,59.0052,100.0842,263,1142,257,7333,3,0,84,0,0,0,52,211,19.77,220,922,19.26,257,0,100,7333,0
ubt,bintrie,5,4,storage_sstore_k256,8,,2652,21000,1,0.0754,3.9335,3.3291,0.8659,8.4531,2.4843,6,0,0,0,2,0,0,0,0,0,2,4,33.33,0,0,0,0,0,0,0,0
ubt,bintrie,5,4,storage_sstore_k256,8,,2653,0,0,0.034,3.1829,0.0019,0.1094,3.4995,0,4,0,0,0,0,0,0,0,0,0,0,4,0,0,0,0,0,0,0,0,0
ubt,bintrie,5,4,storage_sstore_k256,9,,2654,0,0,0.0447,2.8666,0.0012,0.1428,3.3187,0,4,0,0,0,0,0,0,0,0,0,0,4,0,0,0,0,0,0,0,0,0
ubt,bintrie,5,4,storage_sstore_k256,9,,2655,0,0,1.1634,2.9379,0.0021,0.1561,6.8219,0,4,0,0,0,0,0,0,0,0,0,0,4,0,0,0,0,0,0,0,0,0
ubt,bintrie,5,4,storage_sstore_k256,9,,2656,0,0,0.0372,3.5901,0.0022,0.1088,4.0087,0,4,0,0,0,0,0,0,0,0,0,0,4,0,0,0,0,0,0,0,0,0
ubt,bintrie,5,4,storage_sstore_k256,9,,2657,86926,2,0.1025,3.099,14.1489,4.9882,22.7168,3.8265,11,0,0,0,3,0,0,0,1,165,5,6,45.45,0,0,0,0,0,0,0,0
ubt,bintrie,5,4,storage_sstore_k256,9,,2658,5905490,1,15.8385,18.4352,2.9825,1.2539,39.0428,151.2569,263,1142,257,7333,3,0,84,0,0,0,42,221,15.97,292,850,25.57,257,0,100,7333,0
ubt,bintrie,5,4,storage_sstore_k256,9,,2659,21000,1,0.0646,6.4153,2.507,0.6371,16.5912,1.2657,6,0,0,0,2,0,0,0,0,0,2,4,33.33,0,0,0,0,0,0,0,0
ubt,bintrie,5,4,storage_sstore_k256,9,,2660,0,0,0.0259,2.9024,0.0014,0.1217,3.2204,0,4,0,0,0,0,0,0,0,0,0,0,4,0,0,0,0,0,0,0,0,0
