config,trie_type,group_depth,pebble_block_size_kb,benchmark,run,contract,block_number,gas_used,tx_count,execution_ms,state_read_ms,state_hash_ms,commit_ms,total_ms,mgas_per_sec,accounts_read,storage_slots_read,code_read,code_bytes_read,accounts_written,accounts_deleted,storage_slots_written,storage_slots_deleted,code_written,code_bytes_written,account_cache_hits,account_cache_misses,account_cache_hit_rate,storage_cache_hits,storage_cache_misses,storage_cache_hit_rate,code_cache_hits,code_cache_misses,code_cache_hit_rate,code_cache_hit_bytes,code_cache_miss_bytes
pbt,bintrie,5,4,storage_mixed_k1,10,,4587,0,0,0.0391,2.8657,0.0044,0.1551,3.2908,0,4,0,0,0,0,0,0,0,0,0,0,4,0,0,0,0,0,0,0,0,0
pbt,bintrie,5,4,storage_mixed_k1,10,,4588,0,0,0.0249,3.0835,0.0014,0.0882,3.4353,0,4,0,0,0,0,0,0,0,0,0,0,4,0,0,0,0,0,0,0,0,0
pbt,bintrie,5,4,storage_mixed_k1,10,,4589,0,0,0.0269,13.6918,0.0021,0.1493,14.0279,0,4,0,0,0,0,0,0,0,0,0,0,4,0,0,0,0,0,0,0,0,0
pbt,bintrie,5,4,storage_mixed_k1,10,,4590,91678,2,0.1045,9.777,21.1792,7.0032,38.2608,2.3961,11,0,0,0,3,0,0,0,1,303,6,5,54.55,0,0,0,0,0,0,0,0
pbt,bintrie,5,4,storage_mixed_k1,10,,4591,5911513,1,66.8356,16.7367,3.2381,1.1223,88.1125,67.0905,8,638,2,331,3,0,96,0,0,0,4,4,50,431,207,67.55,2,0,100,331,0
pbt,bintrie,5,4,storage_mixed_k1,10,,4592,21000,1,0.0985,3.283,2.4351,0.5574,6.5188,3.2215,6,0,0,0,2,0,0,0,0,0,2,4,33.33,0,0,0,0,0,0,0,0
pbt,bintrie,5,4,storage_mixed_k1,10,,4593,0,0,0.0295,1.1791,0.0018,0.1603,1.6137,0,4,0,0,0,0,0,0,0,0,0,0,4,0,0,0,0,0,0,0,0,0
pbt,bintrie,5,4,storage_mixed_k1,11,,4594,0,0,0.0992,3.5107,0.0015,0.2542,4.0869,0,4,0,0,0,0,0,0,0,0,0,0,4,0,0,0,0,0,0,0,0,0
pbt,bintrie,5,4,storage_mixed_k1,11,,4595,0,0,0.0272,2.9097,0.0014,0.1528,3.2389,0,4,0,0,0,0,0,0,0,0,0,0,4,0,0,0,0,0,0,0,0,0
pbt,bintrie,5,4,storage_mixed_k1,11,,4596,0,0,0.029,14.8242,0.0017,0.1126,15.1503,0,4,0,0,0,0,0,0,0,0,0,0,4,0,0,0,0,0,0,0,0,0
pbt,bintrie,5,4,storage_mixed_k1,11,,4597,91678,2,0.1131,3.2888,3.4144,5.6143,12.6394,7.2533,11,0,0,0,3,0,0,0,1,303,5,6,45.45,0,0,0,0,0,0,0,0
pbt,bintrie,5,4,storage_mixed_k1,11,,4598,0,0,0.0349,4.2651,0.0022,0.1346,4.5683,0,4,0,0,0,0,0,0,0,0,0,0,4,0,0,0,0,0,0,0,0,0
pbt,bintrie,5,4,storage_mixed_k1,11,,4599,5911513,1,89.2103,11.9884,6.5474,1.3543,109.4259,54.023,8,638,2,331,3,0,96,0,0,0,3,5,37.5,450,188,70.53,2,0,100,331,0
pbt,bintrie,5,4,storage_mixed_k1,11,,4600,21000,1,0.0608,2.8685,13.6493,0.588,17.3361,1.2113,6,0,0,0,2,0,0,0,0,0,2,4,33.33,0,0,0,0,0,0,0,0
pbt,bintrie,5,4,storage_mixed_k1,11,,4601,0,0,0.0239,2.5909,0.0015,0.091,2.8368,0,4,0,0,0,0,0,0,0,0,0,0,4,0,0,0,0,0,0,0,0,0
pbt,bintrie,5,4,storage_mixed_k1,12,,4602,0,0,0.0394,2.7757,0.0043,0.2462,3.2882,0,4,0,0,0,0,0,0,0,0,0,0,4,0,0,0,0,0,0,0,0,0
pbt,bintrie,5,4,storage_mixed_k1,12,,4603,0,0,0.027,2.7951,0.0017,0.109,3.1188,0,4,0,0,0,0,0,0,0,0,0,0,4,0,0,0,0,0,0,0,0,0
pbt,bintrie,5,4,storage_mixed_k1,12,,4604,0,0,0.0236,13.5875,0.0015,0.0957,13.8376,0,4,0,0,0,0,0,0,0,0,0,0,4,0,0,0,0,0,0,0,0,0
pbt,bintrie,5,4,storage_mixed_k1,12,,4605,91678,2,0.1202,3.611,14.4239,4.5914,22.8907,4.005,11,0,0,0,3,0,0,0,1,303,7,4,63.64,0,0,0,0,0,0,0,0
pbt,bintrie,5,4,storage_mixed_k1,12,,4606,5911513,1,58.2423,9.8948,13.6178,2.3631,84.4269,70.0193,8,638,2,331,3,0,96,0,0,0,4,4,50,154,484,24.14,2,0,100,331,0
pbt,bintrie,5,4,storage_mixed_k1,12,,4607,21000,1,0.0831,1.3811,17.3165,0.7074,41.2802,0.5087,6,0,0,0,2,0,0,0,0,0,2,4,33.33,0,0,0,0,0,0,0,0
pbt,bintrie,5,4,storage_mixed_k1,12,,4608,0,0,0.0314,3.1148,0.0016,0.1516,3.4798,0,4,0,0,0,0,0,0,0,0,0,0,4,0,0,0,0,0,0,0,0,0
pbt,bintrie,5,4,storage_mixed_k1,13,,4609,0,0,0.0417,3.0814,0.0014,0.1384,3.4764,0,4,0,0,0,0,0,0,0,0,0,0,4,0,0,0,0,0,0,0,0,0
pbt,bintrie,5,4,storage_mixed_k1,13,,4610,0,0,0.0384,5.1592,0.0013,0.2855,5.6729,0,4,0,0,0,0,0,0,0,0,0,0,4,0,0,0,0,0,0,0,0,0
pbt,bintrie,5,4,storage_mixed_k1,13,,4611,0,0,0.0292,2.8246,0.0045,0.1223,3.1814,0,4,0,0,0,0,0,0,0,0,0,0,4,0,0,0,0,0,0,0,0,0
pbt,bintrie,5,4,storage_mixed_k1,13,,4612,91678,2,0.3938,15.0401,2.7233,5.3137,23.6944,3.8692,11,0,0,0,3,0,0,0,1,303,4,7,36.36,0,0,0,0,0,0,0,0
pbt,bintrie,5,4,storage_mixed_k1,13,,4613,5911513,1,72.8813,2.8532,7.0818,1.3228,84.3206,70.1076,8,638,2,331,3,0,96,0,0,0,4,4,50,476,162,74.61,2,0,100,331,0
pbt,bintrie,5,4,storage_mixed_k1,13,,4614,21000,1,0.0633,2.9947,2.2835,0.7474,6.2622,3.3534,6,0,0,0,2,0,0,0,0,0,2,4,33.33,0,0,0,0,0,0,0,0
pbt,bintrie,5,4,storage_mixed_k1,13,,4615,0,0,0.0327,24.9528,0.0022,0.1084,25.2959,0,4,0,0,0,0,0,0,0,0,0,0,4,0,0,0,0,0,0,0,0,0
pbt,bintrie,5,4,storage_mixed_k1,14,,4616,0,0,0.043,3.6658,0.002,0.3489,4.2717,0,4,0,0,0,0,0,0,0,0,0,0,4,0,0,0,0,0,0,0,0,0
pbt,bintrie,5,4,storage_mixed_k1,14,,4617,0,0,0.0461,2.8438,0.0017,0.2216,3.2972,0,4,0,0,0,0,0,0,0,0,0,0,4,0,0,0,0,0,0,0,0,0
pbt,bintrie,5,4,storage_mixed_k1,14,,4618,0,0,0.0374,14.7149,0.0027,0.4762,15.5463,0,4,0,0,0,0,0,0,0,0,0,0,4,0,0,0,0,0,0,0,0,0
pbt,bintrie,5,4,storage_mixed_k1,14,,4619,91678,2,0.1481,3.2823,14.9609,5.004,23.5674,3.89,11,0,0,0,3,0,0,0,1,303,5,6,45.45,0,0,0,0,0,0,0,0
pbt,bintrie,5,4,storage_mixed_k1,14,,4620,5911513,1,56.7858,15.2226,17.2055,1.8469,91.5154,64.5958,8,638,2,331,3,0,96,0,0,0,3,5,37.5,213,425,33.39,2,0,100,331,0
pbt,bintrie,5,4,storage_mixed_k1,14,,4621,21000,1,0.0621,44.6833,2.1782,0.6565,47.8943,0.4385,6,0,0,0,2,0,0,0,0,0,2,4,33.33,0,0,0,0,0,0,0,0
pbt,bintrie,5,4,storage_mixed_k1,14,,4622,0,0,0.0246,2.5175,0.0013,0.1044,2.8206,0,4,0,0,0,0,0,0,0,0,0,0,4,0,0,0,0,0,0,0,0,0
pbt,bintrie,5,4,storage_mixed_k1,15,,4623,0,0,0.0767,2.8505,0.0015,0.2642,3.3675,0,4,0,0,0,0,0,0,0,0,0,0,4,0,0,0,0,0,0,0,0,0
pbt,bintrie,5,4,storage_mixed_k1,15,,4624,0,0,0.0357,3.2495,0.0021,0.1844,3.6724,0,4,0,0,0,0,0,0,0,0,0,0,4,0,0,0,0,0,0,0,0,0
pbt,bintrie,5,4,storage_mixed_k1,15,,4625,0,0,0.0332,14.0371,0.0019,0.1048,14.3281,0,4,0,0,0,0,0,0,0,0,0,0,4,0,0,0,0,0,0,0,0,0
pbt,bintrie,5,4,storage_mixed_k1,15,,4626,91678,2,0.1796,4.9697,4.3664,12.9315,22.6335,4.0505,11,0,0,0,3,0,0,0,1,303,7,4,63.64,0,0,0,0,0,0,0,0
pbt,bintrie,5,4,storage_mixed_k1,15,,4627,5911513,1,66.7676,6.2856,3.0181,1.1314,77.402,76.3741,8,638,2,331,3,0,96,0,0,0,3,5,37.5,268,370,42.01,2,0,100,331,0
pbt,bintrie,5,4,storage_mixed_k1,15,,4628,21000,1,0.0884,3.7154,2.5487,0.6191,7.3055,2.8746,6,0,0,0,2,0,0,0,0,0,2,4,33.33,0,0,0,0,0,0,0,0
pbt,bintrie,5,4,storage_mixed_k1,15,,4629,0,0,0.0335,9.4214,0.0032,0.1693,9.8065,0,4,0,0,0,0,0,0,0,0,0,0,4,0,0,0,0,0,0,0,0,0
pbt,bintrie,5,4,storage_mixed_k1,16,,4630,0,0,0.0364,3.3227,0.0022,0.2244,3.8291,0,4,0,0,0,0,0,0,0,0,0,0,4,0,0,0,0,0,0,0,0,0
pbt,bintrie,5,4,storage_mixed_k1,16,,4631,0,0,0.0302,5.0027,0.0053,0.3403,5.6663,0,4,0,0,0,0,0,0,0,0,0,0,4,0,0,0,0,0,0,0,0,0
pbt,bintrie,5,4,storage_mixed_k1,16,,4632,0,0,0.0307,15.8806,0.0022,0.1118,16.2055,0,4,0,0,0,0,0,0,0,0,0,0,4,0,0,0,0,0,0,0,0,0
pbt,bintrie,5,4,storage_mixed_k1,16,,4633,91678,2,0.0912,9.6976,18.1792,6.7843,34.9857,2.6204,11,0,0,0,3,0,0,0,1,303,6,5,54.55,0,0,0,0,0,0,0,0
pbt,bintrie,5,4,storage_mixed_k1,16,,4634,5911513,1,84.8743,8.1547,3.3458,1.3066,97.8502,60.4139,8,638,2,331,3,0,96,0,0,0,3,5,37.5,24,614,3.76,2,0,100,331,0
pbt,bintrie,5,4,storage_mixed_k1,16,,4635,21000,1,0.0614,2.6989,2.3517,0.5379,5.8491,3.5903,6,0,0,0,2,0,0,0,0,0,2,4,33.33,0,0,0,0,0,0,0,0
pbt,bintrie,5,4,storage_mixed_k1,16,,4636,0,0,0.0276,2.6974,0.0018,0.1262,3.0147,0,4,0,0,0,0,0,0,0,0,0,0,4,0,0,0,0,0,0,0,0,0
pbt,bintrie,5,4,storage_mixed_k1,17,,4637,0,0,0.0406,4.2057,0.0018,0.1752,4.6658,0,4,0,0,0,0,0,0,0,0,0,0,4,0,0,0,0,0,0,0,0,0
pbt,bintrie,5,4,storage_mixed_k1,17,,4638,0,0,0.0254,4.1232,0.0018,0.0976,4.4166,0,4,0,0,0,0,0,0,0,0,0,0,4,0,0,0,0,0,0,0,0,0
pbt,bintrie,5,4,storage_mixed_k1,17,,4639,0,0,0.0523,22.0466,0.0028,0.2182,22.5926,0,4,0,0,0,0,0,0,0,0,0,0,4,0,0,0,0,0,0,0,0,0
pbt,bintrie,5,4,storage_mixed_k1,17,,4640,91678,2,0.2037,14.2353,13.5262,4.2347,32.3549,2.8335,11,0,0,0,3,0,0,0,1,303,5,6,45.45,0,0,0,0,0,0,0,0
pbt,bintrie,5,4,storage_mixed_k1,17,,4641,5911513,1,72.3477,9.445,14.1845,2.1304,98.3718,60.0936,8,638,2,331,3,0,96,0,0,0,3,5,37.5,82,556,12.85,2,0,100,331,0
pbt,bintrie,5,4,storage_mixed_k1,17,,4642,0,0,0.0222,10.3055,0.0022,0.2339,10.852,0,4,0,0,0,0,0,0,0,0,0,0,4,0,0,0,0,0,0,0,0,0
pbt,bintrie,5,4,storage_mixed_k1,17,,4643,21000,1,0.0619,2.8358,2.457,0.6509,6.162,3.408,6,0,0,0,2,0,0,0,0,0,2,4,33.33,0,0,0,0,0,0,0,0
pbt,bintrie,5,4,storage_mixed_k1,17,,4644,0,0,0.0507,11.2873,0.003,0.1504,11.7261,0,4,0,0,0,0,0,0,0,0,0,0,4,0,0,0,0,0,0,0,0,0
pbt,bintrie,5,4,storage_mixed_k1,18,,4645,0,0,0.0409,4.8309,0.002,0.2125,5.3076,0,4,0,0,0,0,0,0,0,0,0,0,4,0,0,0,0,0,0,0,0,0
pbt,bintrie,5,4,storage_mixed_k1,18,,4646,0,0,0.0331,2.8915,0.0045,0.1043,3.1972,0,4,0,0,0,0,0,0,0,0,0,0,4,0,0,0,0,0,0,0,0,0
pbt,bintrie,5,4,storage_mixed_k1,18,,4647,0,0,0.0266,3.1035,0.0014,0.0975,3.3965,0,4,0,0,0,0,0,0,0,0,0,0,4,0,0,0,0,0,0,0,0,0
pbt,bintrie,5,4,storage_mixed_k1,18,,4648,91678,2,0.1363,5.068,13.8636,5.3273,24.6362,3.7213,11,0,0,0,3,0,0,0,1,303,5,6,45.45,0,0,0,0,0,0,0,0
pbt,bintrie,5,4,storage_mixed_k1,18,,4649,5911513,1,71.4238,10.4697,16.2527,1.4723,99.9398,59.1507,8,638,2,331,3,0,96,0,0,0,3,5,37.5,257,381,40.28,2,0,100,331,0
pbt,bintrie,5,4,storage_mixed_k1,18,,4650,21000,1,0.0609,1.1031,13.0282,0.6492,39.0177,0.5382,6,0,0,0,2,0,0,0,0,0,2,4,33.33,0,0,0,0,0,0,0,0
pbt,bintrie,5,4,storage_mixed_k1,18,,4651,0,0,0.0267,2.686,0.0012,0.121,3.0153,0,4,0,0,0,0,0,0,0,0,0,0,4,0,0,0,0,0,0,0,0,0
pbt,bintrie,5,4,storage_mixed_k1,19,,4652,0,0,0.0463,9.6574,0.0022,0.2337,10.153,0,4,0,0,0,0,0,0,0,0,0,0,4,0,0,0,0,0,0,0,0,0
pbt,bintrie,5,4,storage_mixed_k1,19,,4653,0,0,0.0239,5.5047,0.0056,0.1621,5.8609,0,4,0,0,0,0,0,0,0,0,0,0,4,0,0,0,0,0,0,0,0,0
pbt,bintrie,5,4,storage_mixed_k1,19,,4654,0,0,0.0315,14.2779,0.0019,0.3686,14.9597,0,4,0,0,0,0,0,0,0,0,0,0,4,0,0,0,0,0,0,0,0,0
pbt,bintrie,5,4,storage_mixed_k1,19,,4655,91678,2,0.094,17.8437,3.0828,4.8257,26.1019,3.5123,11,0,0,0,3,0,0,0,1,303,6,5,54.55,0,0,0,0,0,0,0,0
pbt,bintrie,5,4,storage_mixed_k1,19,,4656,5911513,1,58.9974,6.3705,3.2586,1.1605,70.0178,84.4287,8,638,2,331,3,0,96,0,0,0,4,4,50,420,218,65.83,2,0,100,331,0
pbt,bintrie,5,4,storage_mixed_k1,19,,4657,21000,1,0.059,2.9083,2.2177,0.5522,5.8786,3.5723,6,0,0,0,2,0,0,0,0,0,2,4,33.33,0,0,0,0,0,0,0,0
pbt,bintrie,5,4,storage_mixed_k1,19,,4658,0,0,0.0277,3.6204,0.002,0.1182,3.9133,0,4,0,0,0,0,0,0,0,0,0,0,4,0,0,0,0,0,0,0,0,0
pbt,bintrie,5,4,storage_mixed_k1,1,,4525,0,0,0.0449,9.839,0.0025,0.2613,10.4316,0,4,0,0,0,0,0,0,0,0,0,0,4,0,0,0,0,0,0,0,0,0
pbt,bintrie,5,4,storage_mixed_k1,1,,4526,0,0,0.0234,2.9034,0.0018,0.1075,3.2627,0,4,0,0,0,0,0,0,0,0,0,0,4,0,0,0,0,0,0,0,0,0
pbt,bintrie,5,4,storage_mixed_k1,1,,4527,0,0,0.2054,4.4027,0.003,0.1367,5.5122,0,4,0,0,0,0,0,0,0,0,0,0,4,0,0,0,0,0,0,0,0,0
pbt,bintrie,5,4,storage_mixed_k1,1,,4528,91678,2,0.1421,4.9874,2.7776,5.1618,13.2398,6.9244,11,0,0,0,3,0,0,0,1,303,6,5,54.55,0,0,0,0,0,0,0,0
pbt,bintrie,5,4,storage_mixed_k1,1,,4529,5911513,1,70.4876,9.466,25.9801,1.1288,107.3326,55.0766,8,638,2,331,3,0,96,0,0,0,4,4,50,543,95,85.11,2,0,100,331,0
pbt,bintrie,5,4,storage_mixed_k1,1,,4530,21000,1,0.0495,1.058,15.4053,0.7228,17.4361,1.2044,6,0,0,0,2,0,0,0,0,0,2,4,33.33,0,0,0,0,0,0,0,0
pbt,bintrie,5,4,storage_mixed_k1,1,,4531,0,0,0.0224,2.793,0.0019,0.1415,3.1133,0,4,0,0,0,0,0,0,0,0,0,0,4,0,0,0,0,0,0,0,0,0
pbt,bintrie,5,4,storage_mixed_k1,20,,4659,0,0,0.058,2.9011,0.0015,0.1327,3.3315,0,4,0,0,0,0,0,0,0,0,0,0,4,0,0,0,0,0,0,0,0,0
pbt,bintrie,5,4,storage_mixed_k1,20,,4660,0,0,0.0427,4.1159,0.0022,0.128,4.4826,0,4,0,0,0,0,0,0,0,0,0,0,4,0,0,0,0,0,0,0,0,0
pbt,bintrie,5,4,storage_mixed_k1,20,,4661,0,0,0.0308,16.1376,0.0035,0.3259,16.8051,0,4,0,0,0,0,0,0,0,0,0,0,4,0,0,0,0,0,0,0,0,0
pbt,bintrie,5,4,storage_mixed_k1,20,,4662,91678,2,0.1124,3.0654,13.5036,5.2022,22.0445,4.1588,11,0,0,0,3,0,0,0,1,303,5,6,45.45,0,0,0,0,0,0,0,0
pbt,bintrie,5,4,storage_mixed_k1,20,,4663,5911513,1,81.406,12.0758,16.7333,2.0402,112.6023,52.4991,8,638,2,331,3,0,96,0,0,0,3,5,37.5,527,111,82.6,2,0,100,331,0
pbt,bintrie,5,4,storage_mixed_k1,20,,4664,21000,1,0.0616,1.1911,15.2247,0.8153,17.9501,1.1699,6,0,0,0,2,0,0,0,0,0,2,4,33.33,0,0,0,0,0,0,0,0
pbt,bintrie,5,4,storage_mixed_k1,20,,4665,0,0,0.0271,2.6473,0.0013,0.1365,2.9722,0,4,0,0,0,0,0,0,0,0,0,0,4,0,0,0,0,0,0,0,0,0
pbt,bintrie,5,4,storage_mixed_k1,2,,4532,0,0,0.1786,3.9536,0.0015,0.2193,4.5828,0,4,0,0,0,0,0,0,0,0,0,0,4,0,0,0,0,0,0,0,0,0
pbt,bintrie,5,4,storage_mixed_k1,2,,4533,0,0,0.0364,4.1003,0.0054,0.1404,4.4885,0,4,0,0,0,0,0,0,0,0,0,0,4,0,0,0,0,0,0,0,0,0
pbt,bintrie,5,4,storage_mixed_k1,2,,4534,0,0,0.0295,2.8521,0.0015,0.166,3.18,0,4,0,0,0,0,0,0,0,0,0,0,4,0,0,0,0,0,0,0,0,0
pbt,bintrie,5,4,storage_mixed_k1,2,,4535,91678,2,0.2559,3.1491,13.6093,4.5266,21.7133,4.2222,11,0,0,0,3,0,0,0,1,303,4,7,36.36,0,0,0,0,0,0,0,0
pbt,bintrie,5,4,storage_mixed_k1,2,,4536,5911513,1,57.9388,6.7741,4.4481,1.0807,70.3887,83.9838,8,638,2,331,3,0,96,0,0,0,3,5,37.5,309,329,48.43,2,0,100,331,0
pbt,bintrie,5,4,storage_mixed_k1,2,,4537,21000,1,0.2046,16.038,2.8126,0.6196,19.8794,1.0564,6,0,0,0,2,0,0,0,0,0,0,6,0,0,0,0,0,0,0,0,0
pbt,bintrie,5,4,storage_mixed_k1,2,,4538,0,0,0.0371,3.1816,0.0017,0.1494,3.5486,0,4,0,0,0,0,0,0,0,0,0,0,4,0,0,0,0,0,0,0,0,0
pbt,bintrie,5,4,storage_mixed_k1,3,,4539,0,0,0.0708,3.5203,0.0022,0.2763,4.2209,0,4,0,0,0,0,0,0,0,0,0,0,4,0,0,0,0,0,0,0,0,0
pbt,bintrie,5,4,storage_mixed_k1,3,,4540,0,0,0.0217,2.8924,0.0014,0.0882,3.1354,0,4,0,0,0,0,0,0,0,0,0,0,4,0,0,0,0,0,0,0,0,0
pbt,bintrie,5,4,storage_mixed_k1,3,,4541,0,0,0.0591,15.7228,0.002,0.1065,16.2885,0,4,0,0,0,0,0,0,0,0,0,0,4,0,0,0,0,0,0,0,0,0
pbt,bintrie,5,4,storage_mixed_k1,3,,4542,91678,2,0.1623,2.0612,1.3547,5.7533,9.8869,9.2726,11,0,0,0,3,0,0,0,1,303,5,6,45.45,0,0,0,0,0,0,0,0
pbt,bintrie,5,4,storage_mixed_k1,3,,4543,5911513,1,67.474,12.7237,4.4046,1.1227,86.2331,68.5527,8,638,2,331,3,0,96,0,0,0,0,8,0,211,427,33.07,2,0,100,331,0
pbt,bintrie,5,4,storage_mixed_k1,3,,4544,21000,1,0.0744,3.1929,2.4994,0.5386,6.467,3.2472,6,0,0,0,2,0,0,0,0,0,0,6,0,0,0,0,0,0,0,0,0
pbt,bintrie,5,4,storage_mixed_k1,3,,4545,0,0,0.0512,26.51,0.002,0.1448,26.9256,0,4,0,0,0,0,0,0,0,0,0,0,4,0,0,0,0,0,0,0,0,0
pbt,bintrie,5,4,storage_mixed_k1,4,,4546,0,0,0.0492,3.1295,0.0014,0.153,3.5983,0,4,0,0,0,0,0,0,0,0,0,0,4,0,0,0,0,0,0,0,0,0
pbt,bintrie,5,4,storage_mixed_k1,4,,4547,0,0,0.0261,3.6135,0.0048,0.1038,4.0013,0,4,0,0,0,0,0,0,0,0,0,0,4,0,0,0,0,0,0,0,0,0
pbt,bintrie,5,4,storage_mixed_k1,4,,4548,0,0,0.0446,24.4812,0.0031,0.1848,24.972,0,4,0,0,0,0,0,0,0,0,0,0,4,0,0,0,0,0,0,0,0,0
pbt,bintrie,5,4,storage_mixed_k1,4,,4549,91678,2,0.1643,13.2597,2.9913,5.1651,21.8384,4.198,11,0,0,0,3,0,0,0,1,303,5,6,45.45,0,0,0,0,0,0,0,0
pbt,bintrie,5,4,storage_mixed_k1,4,,4550,5911513,1,82.7171,9.5412,1.4109,1.5614,95.5883,61.8434,8,638,2,331,3,0,96,0,0,0,3,5,37.5,411,227,64.42,2,0,100,331,0
pbt,bintrie,5,4,storage_mixed_k1,4,,4551,21000,1,0.0681,6.2208,16.741,0.5904,23.8279,0.8813,6,0,0,0,2,0,0,0,0,0,2,4,33.33,0,0,0,0,0,0,0,0
pbt,bintrie,5,4,storage_mixed_k1,4,,4552,0,0,0.0223,2.6071,0.0014,0.1104,2.8699,0,4,0,0,0,0,0,0,0,0,0,0,4,0,0,0,0,0,0,0,0,0
pbt,bintrie,5,4,storage_mixed_k1,5,,4553,0,0,0.0571,3.9692,0.0021,0.2801,4.5576,0,4,0,0,0,0,0,0,0,0,0,0,4,0,0,0,0,0,0,0,0,0
pbt,bintrie,5,4,storage_mixed_k1,5,,4554,0,0,0.0299,3.3243,0.0019,0.1075,3.6416,0,4,0,0,0,0,0,0,0,0,0,0,4,0,0,0,0,0,0,0,0,0
pbt,bintrie,5,4,storage_mixed_k1,5,,4555,91678,2,0.1347,3.6592,0.5849,6.9342,12.7843,7.1711,11,0,0,0,3,0,0,0,1,303,5,6,45.45,0,0,0,0,0,0,0,0
pbt,bintrie,5,4,storage_mixed_k1,5,,4556,5911513,1,62.5628,5.3276,14.1452,2.3976,84.6651,69.8223,8,638,2,331,3,0,96,0,0,0,3,5,37.5,352,286,55.17,2,0,100,331,0
pbt,bintrie,5,4,storage_mixed_k1,5,,4557,21000,1,0.0894,47.3474,2.813,0.7138,51.1949,0.4102,6,0,0,0,2,0,0,0,0,0,2,4,33.33,0,0,0,0,0,0,0,0
pbt,bintrie,5,4,storage_mixed_k1,5,,4558,0,0,0.0205,2.7741,0.0012,0.2061,3.4041,0,4,0,0,0,0,0,0,0,0,0,0,4,0,0,0,0,0,0,0,0,0
pbt,bintrie,5,4,storage_mixed_k1,6,,4559,0,0,0.033,3.3855,0.0013,0.1489,3.7356,0,4,0,0,0,0,0,0,0,0,0,0,4,0,0,0,0,0,0,0,0,0
pbt,bintrie,5,4,storage_mixed_k1,6,,4560,0,0,0.0299,3.3276,0.0016,0.1752,3.7393,0,4,0,0,0,0,0,0,0,0,0,0,4,0,0,0,0,0,0,0,0,0
pbt,bintrie,5,4,storage_mixed_k1,6,,4561,0,0,0.0282,2.8266,0.0013,0.1573,3.1825,0,4,0,0,0,0,0,0,0,0,0,0,4,0,0,0,0,0,0,0,0,0
pbt,bintrie,5,4,storage_mixed_k1,6,,4562,91678,2,0.1458,3.809,6.3023,4.9021,15.3091,5.9884,11,0,0,0,3,0,0,0,1,303,5,6,45.45,0,0,0,0,0,0,0,0
pbt,bintrie,5,4,storage_mixed_k1,6,,4563,5911513,1,56.4048,14.1816,47.2038,1.249,119.395,49.5122,8,638,2,331,3,0,96,0,0,0,3,5,37.5,371,267,58.15,2,0,100,331,0
pbt,bintrie,5,4,storage_mixed_k1,6,,4564,21000,1,0.0642,22.1751,0.3041,1.1314,23.8261,0.8814,6,0,0,0,2,0,0,0,0,0,2,4,33.33,0,0,0,0,0,0,0,0
pbt,bintrie,5,4,storage_mixed_k1,6,,4565,0,0,0.0232,2.6332,0.0026,0.0869,2.9298,0,4,0,0,0,0,0,0,0,0,0,0,4,0,0,0,0,0,0,0,0,0
pbt,bintrie,5,4,storage_mixed_k1,7,,4566,0,0,0.0573,3.1142,0.0017,0.2958,3.7103,0,4,0,0,0,0,0,0,0,0,0,0,4,0,0,0,0,0,0,0,0,0
pbt,bintrie,5,4,storage_mixed_k1,7,,4567,0,0,0.028,3.2694,0.0014,0.1072,3.5944,0,4,0,0,0,0,0,0,0,0,0,0,4,0,0,0,0,0,0,0,0,0
pbt,bintrie,5,4,storage_mixed_k1,7,,4568,0,0,0.024,2.665,0.0014,0.1096,2.9448,0,4,0,0,0,0,0,0,0,0,0,0,4,0,0,0,0,0,0,0,0,0
pbt,bintrie,5,4,storage_mixed_k1,7,,4569,91678,2,0.1546,18.0777,0.6657,5.9499,25.0122,3.6653,11,0,0,0,3,0,0,0,1,303,5,6,45.45,0,0,0,0,0,0,0,0
pbt,bintrie,5,4,storage_mixed_k1,7,,4570,5911513,1,61.8279,5.1499,18.3459,4.1242,89.7429,65.8716,8,638,2,331,3,0,96,0,0,0,3,5,37.5,254,384,39.81,2,0,100,331,0
pbt,bintrie,5,4,storage_mixed_k1,7,,4571,21000,1,0.0599,1.3762,8.2084,0.6847,38.6353,0.5435,6,0,0,0,2,0,0,0,0,0,2,4,33.33,0,0,0,0,0,0,0,0
pbt,bintrie,5,4,storage_mixed_k1,7,,4572,0,0,0.0279,2.6358,0.0017,0.1206,2.9812,0,4,0,0,0,0,0,0,0,0,0,0,4,0,0,0,0,0,0,0,0,0
pbt,bintrie,5,4,storage_mixed_k1,8,,4573,0,0,0.0473,3.5365,0.0013,0.1778,4.0028,0,4,0,0,0,0,0,0,0,0,0,0,4,0,0,0,0,0,0,0,0,0
pbt,bintrie,5,4,storage_mixed_k1,8,,4574,0,0,0.0335,3.0477,0.0015,0.2029,3.4681,0,4,0,0,0,0,0,0,0,0,0,0,4,0,0,0,0,0,0,0,0,0
pbt,bintrie,5,4,storage_mixed_k1,8,,4575,0,0,0.0313,14.8595,0.0018,0.1533,15.1984,0,4,0,0,0,0,0,0,0,0,0,0,4,0,0,0,0,0,0,0,0,0
pbt,bintrie,5,4,storage_mixed_k1,8,,4576,91678,2,0.1165,3.3646,17.5685,5.6195,26.854,3.4139,11,0,0,0,3,0,0,0,1,303,5,6,45.45,0,0,0,0,0,0,0,0
pbt,bintrie,5,4,storage_mixed_k1,8,,4577,5911513,1,70.4105,6.6148,4.0583,1.3301,83.6405,70.6777,8,638,2,331,3,0,96,0,0,0,3,5,37.5,144,494,22.57,2,0,100,331,0
pbt,bintrie,5,4,storage_mixed_k1,8,,4578,21000,1,0.0794,3.3694,2.253,0.6191,6.6197,3.1724,6,0,0,0,2,0,0,0,0,0,2,4,33.33,0,0,0,0,0,0,0,0
pbt,bintrie,5,4,storage_mixed_k1,8,,4579,0,0,0.0344,0.9218,0.0021,0.144,1.3065,0,4,0,0,0,0,0,0,0,0,0,0,4,0,0,0,0,0,0,0,0,0
pbt,bintrie,5,4,storage_mixed_k1,9,,4580,0,0,0.0472,3.2975,0.002,0.2403,3.8391,0,4,0,0,0,0,0,0,0,0,0,0,4,0,0,0,0,0,0,0,0,0
pbt,bintrie,5,4,storage_mixed_k1,9,,4581,0,0,0.0253,3.1216,0.0044,0.0877,3.379,0,4,0,0,0,0,0,0,0,0,0,0,4,0,0,0,0,0,0,0,0,0
pbt,bintrie,5,4,storage_mixed_k1,9,,4582,0,0,0.0423,3.0857,0.0016,0.0989,3.395,0,4,0,0,0,0,0,0,0,0,0,0,4,0,0,0,0,0,0,0,0,0
pbt,bintrie,5,4,storage_mixed_k1,9,,4583,91678,2,0.1147,10.529,1.9656,5.3249,34.2829,2.6742,11,0,0,0,3,0,0,0,1,303,6,5,54.55,0,0,0,0,0,0,0,0
pbt,bintrie,5,4,storage_mixed_k1,9,,4584,5911513,1,71.0418,6.3664,2.962,1.1497,81.6937,72.3619,8,638,2,331,3,0,96,0,0,0,3,5,37.5,40,598,6.27,2,0,100,331,0
pbt,bintrie,5,4,storage_mixed_k1,9,,4585,21000,1,0.0738,3.2172,2.6102,0.603,6.7218,3.1242,6,0,0,0,2,0,0,0,0,0,2,4,33.33,0,0,0,0,0,0,0,0
pbt,bintrie,5,4,storage_mixed_k1,9,,4586,0,0,0.0273,1.0275,0.0012,0.2833,1.5142,0,4,0,0,0,0,0,0,0,0,0,0,4,0,0,0,0,0,0,0,0,0
pbt,bintrie,5,4,storage_mixed_k10,10,,4728,0,0,0.0984,11.7586,0.0035,0.3012,13.1451,0,4,0,0,0,0,0,0,0,0,0,0,4,0,0,0,0,0,0,0,0,0
pbt,bintrie,5,4,storage_mixed_k10,10,,4729,0,0,0.0251,7.4552,0.0016,0.1461,7.7609,0,4,0,0,0,0,0,0,0,0,0,0,4,0,0,0,0,0,0,0,0,0
pbt,bintrie,5,4,storage_mixed_k10,10,,4730,0,0,0.0393,13.6255,0.0052,0.1306,13.9972,0,4,0,0,0,0,0,0,0,0,0,0,4,0,0,0,0,0,0,0,0,0
pbt,bintrie,5,4,storage_mixed_k10,10,,4731,91710,2,0.1803,27.146,3.0278,5.563,36.1033,2.5402,11,0,0,0,3,0,0,0,1,305,5,6,45.45,0,0,0,0,0,0,0,0
pbt,bintrie,5,4,storage_mixed_k10,10,,4732,5908267,1,64.4963,8.3826,4.0868,1.4153,78.816,74.9628,17,723,11,585,3,0,85,0,0,0,7,10,41.18,237,486,32.78,11,0,100,585,0
pbt,bintrie,5,4,storage_mixed_k10,10,,4733,21000,1,0.0637,2.9733,2.4257,0.5635,6.2122,3.3804,6,0,0,0,2,0,0,0,0,0,2,4,33.33,0,0,0,0,0,0,0,0
pbt,bintrie,5,4,storage_mixed_k10,11,,4734,0,0,0.0599,4.4931,0.0022,0.2146,5.0151,0,4,0,0,0,0,0,0,0,0,0,0,4,0,0,0,0,0,0,0,0,0
pbt,bintrie,5,4,storage_mixed_k10,11,,4735,0,0,0.0354,3.3549,0.0016,0.1364,3.7374,0,4,0,0,0,0,0,0,0,0,0,0,4,0,0,0,0,0,0,0,0,0
pbt,bintrie,5,4,storage_mixed_k10,11,,4736,0,0,0.0314,25.8753,0.0029,0.1559,26.2179,0,4,0,0,0,0,0,0,0,0,0,0,4,0,0,0,0,0,0,0,0,0
pbt,bintrie,5,4,storage_mixed_k10,11,,4737,91710,2,0.1055,15.333,13.5742,5.9666,35.1766,2.6071,11,0,0,0,3,0,0,0,1,305,5,6,45.45,0,0,0,0,0,0,0,0
pbt,bintrie,5,4,storage_mixed_k10,11,,4738,5908267,1,59.9972,5.5158,3.5728,1.4633,70.7653,83.491,17,723,11,585,3,0,85,0,0,0,7,10,41.18,543,180,75.1,11,0,100,585,0
pbt,bintrie,5,4,storage_mixed_k10,11,,4739,21000,1,0.0665,3.5845,2.962,0.7307,7.5203,2.7924,6,0,0,0,2,0,0,0,0,0,2,4,33.33,0,0,0,0,0,0,0,0
pbt,bintrie,5,4,storage_mixed_k10,11,,4740,0,0,0.0329,2.2642,0.0026,0.1124,2.5926,0,4,0,0,0,0,0,0,0,0,0,0,4,0,0,0,0,0,0,0,0,0
pbt,bintrie,5,4,storage_mixed_k10,12,,4741,0,0,0.4913,9.5565,0.0039,1.1204,13.1505,0,4,0,0,0,0,0,0,0,0,0,0,4,0,0,0,0,0,0,0,0,0
pbt,bintrie,5,4,storage_mixed_k10,12,,4742,0,0,0.0286,7.6711,0.0029,3.1272,11.4059,0,4,0,0,0,0,0,0,0,0,0,0,4,0,0,0,0,0,0,0,0,0
pbt,bintrie,5,4,storage_mixed_k10,12,,4743,0,0,0.0461,11.3947,0.0017,0.1379,11.7876,0,4,0,0,0,0,0,0,0,0,0,0,4,0,0,0,0,0,0,0,0,0
pbt,bintrie,5,4,storage_mixed_k10,12,,4744,91710,2,0.1914,23.2368,4.6634,5.5927,33.9137,2.7042,11,0,0,0,3,0,0,0,1,305,5,6,45.45,0,0,0,0,0,0,0,0
pbt,bintrie,5,4,storage_mixed_k10,12,,4745,5908267,1,85.1009,9.9879,4.0975,1.1375,100.5742,58.7453,17,723,11,585,3,0,85,0,0,0,6,11,35.29,300,423,41.49,11,0,100,585,0
pbt,bintrie,5,4,storage_mixed_k10,12,,4746,21000,1,0.0666,3.0984,13.9458,0.6473,17.9214,1.1718,6,0,0,0,2,0,0,0,0,0,2,4,33.33,0,0,0,0,0,0,0,0
pbt,bintrie,5,4,storage_mixed_k10,13,,4747,0,0,0.1229,13.6307,0.0029,0.1857,14.4276,0,4,0,0,0,0,0,0,0,0,0,0,4,0,0,0,0,0,0,0,0,0
pbt,bintrie,5,4,storage_mixed_k10,13,,4748,0,0,0.0285,17.1217,0.0026,0.1506,17.4822,0,4,0,0,0,0,0,0,0,0,0,0,4,0,0,0,0,0,0,0,0,0
pbt,bintrie,5,4,storage_mixed_k10,13,,4749,0,0,0.0408,14.5396,0.002,0.1486,14.9049,0,4,0,0,0,0,0,0,0,0,0,0,4,0,0,0,0,0,0,0,0,0
pbt,bintrie,5,4,storage_mixed_k10,13,,4750,91710,2,0.1535,3.3984,14.3891,5.5696,23.9046,3.8365,11,0,0,0,3,0,0,0,1,305,5,6,45.45,0,0,0,0,0,0,0,0
pbt,bintrie,5,4,storage_mixed_k10,13,,4751,5908267,1,56.5004,8.5269,3.124,0.9993,69.3476,85.1978,17,723,11,585,3,0,85,0,0,0,7,10,41.18,158,565,21.85,11,0,100,585,0
pbt,bintrie,5,4,storage_mixed_k10,13,,4752,21000,1,0.0825,3.6136,2.4791,0.7267,7.0828,2.9649,6,0,0,0,2,0,0,0,0,0,2,4,33.33,0,0,0,0,0,0,0,0
pbt,bintrie,5,4,storage_mixed_k10,14,,4753,0,0,0.0448,2.6979,0.0017,0.1424,3.09,0,4,0,0,0,0,0,0,0,0,0,0,4,0,0,0,0,0,0,0,0,0
pbt,bintrie,5,4,storage_mixed_k10,14,,4754,0,0,0.0255,2.8784,0.0018,0.1182,3.1797,0,4,0,0,0,0,0,0,0,0,0,0,4,0,0,0,0,0,0,0,0,0
pbt,bintrie,5,4,storage_mixed_k10,14,,4755,0,0,0.0507,14.1075,0.0033,0.1544,14.6515,0,4,0,0,0,0,0,0,0,0,0,0,4,0,0,0,0,0,0,0,0,0
pbt,bintrie,5,4,storage_mixed_k10,14,,4756,91710,2,0.1071,16.1012,16.0294,5.6674,38.1163,2.4061,11,0,0,0,3,0,0,0,1,305,7,4,63.64,0,0,0,0,0,0,0,0
pbt,bintrie,5,4,storage_mixed_k10,14,,4757,5908267,1,72.933,10.3143,21.5631,1.1433,106.7001,55.3726,17,723,11,585,3,0,85,0,0,0,1,16,5.88,220,503,30.43,11,0,100,585,0
pbt,bintrie,5,4,storage_mixed_k10,14,,4758,21000,1,0.0785,1.4191,13.2433,1.0217,18.6202,1.1278,6,0,0,0,2,0,0,0,0,0,2,4,33.33,0,0,0,0,0,0,0,0
pbt,bintrie,5,4,storage_mixed_k10,14,,4759,0,0,0.0246,2.6176,0.0019,0.2533,3.1645,0,4,0,0,0,0,0,0,0,0,0,0,4,0,0,0,0,0,0,0,0,0
pbt,bintrie,5,4,storage_mixed_k10,15,,4760,0,0,0.0527,4.0732,0.0064,0.2448,7.8762,0,4,0,0,0,0,0,0,0,0,0,0,4,0,0,0,0,0,0,0,0,0
pbt,bintrie,5,4,storage_mixed_k10,15,,4761,0,0,0.0536,15.9128,0.0029,0.2013,16.3737,0,4,0,0,0,0,0,0,0,0,0,0,4,0,0,0,0,0,0,0,0,0
pbt,bintrie,5,4,storage_mixed_k10,15,,4762,0,0,0.0454,14.3123,0.0024,0.1647,14.689,0,4,0,0,0,0,0,0,0,0,0,0,4,0,0,0,0,0,0,0,0,0
pbt,bintrie,5,4,storage_mixed_k10,15,,4763,91710,2,0.0874,19.0199,2.7293,5.8987,27.885,3.2889,11,0,0,0,3,0,0,0,1,305,7,4,63.64,0,0,0,0,0,0,0,0
pbt,bintrie,5,4,storage_mixed_k10,15,,4764,5908267,1,64.9107,17.3578,14.9964,1.1518,98.7668,59.8204,17,723,11,585,3,0,85,0,0,0,6,11,35.29,258,465,35.68,11,0,100,585,0
pbt,bintrie,5,4,storage_mixed_k10,15,,4765,21000,1,0.0629,1.3638,19.6812,0.6976,27.144,0.7737,6,0,0,0,2,0,0,0,0,0,2,4,33.33,0,0,0,0,0,0,0,0
pbt,bintrie,5,4,storage_mixed_k10,15,,4766,0,0,0.0334,3.1384,0.0017,0.6465,3.9973,0,4,0,0,0,0,0,0,0,0,0,0,4,0,0,0,0,0,0,0,0,0
pbt,bintrie,5,4,storage_mixed_k10,16,,4767,0,0,0.6541,3.9323,0.0021,0.1571,4.9866,0,4,0,0,0,0,0,0,0,0,0,0,4,0,0,0,0,0,0,0,0,0
pbt,bintrie,5,4,storage_mixed_k10,16,,4768,0,0,0.0295,2.951,0.0019,0.1362,3.3152,0,4,0,0,0,0,0,0,0,0,0,0,4,0,0,0,0,0,0,0,0,0
pbt,bintrie,5,4,storage_mixed_k10,16,,4769,0,0,0.0415,3.7583,0.0015,0.0919,4.0777,0,4,0,0,0,0,0,0,0,0,0,0,4,0,0,0,0,0,0,0,0,0
pbt,bintrie,5,4,storage_mixed_k10,16,,4770,91710,2,0.1487,16.0102,17.2432,5.8366,39.4237,2.3263,11,0,0,0,3,0,0,0,1,305,6,5,54.55,0,0,0,0,0,0,0,0
pbt,bintrie,5,4,storage_mixed_k10,16,,4771,5908267,1,57.081,8.2517,3.1892,1.1906,69.8679,84.5634,17,723,11,585,3,0,85,0,0,0,5,12,29.41,211,512,29.18,11,0,100,585,0
pbt,bintrie,5,4,storage_mixed_k10,16,,4772,21000,1,0.0821,4.7954,4.8849,0.935,10.9187,1.9233,6,0,0,0,2,0,0,0,0,0,2,4,33.33,0,0,0,0,0,0,0,0
pbt,bintrie,5,4,storage_mixed_k10,17,,4773,0,0,0.9723,9.5943,0.0027,0.16,10.9616,0,4,0,0,0,0,0,0,0,0,0,0,4,0,0,0,0,0,0,0,0,0
pbt,bintrie,5,4,storage_mixed_k10,17,,4774,0,0,0.0369,6.312,0.0026,0.1059,6.6663,0,4,0,0,0,0,0,0,0,0,0,0,4,0,0,0,0,0,0,0,0,0
pbt,bintrie,5,4,storage_mixed_k10,17,,4775,0,0,0.0935,3.2145,0.0019,0.1797,3.8885,0,4,0,0,0,0,0,0,0,0,0,0,4,0,0,0,0,0,0,0,0,0
pbt,bintrie,5,4,storage_mixed_k10,17,,4776,91710,2,0.136,14.9913,21.3584,5.7696,42.434,2.1612,11,0,0,0,3,0,0,0,1,305,6,5,54.55,0,0,0,0,0,0,0,0
pbt,bintrie,5,4,storage_mixed_k10,17,,4777,5908267,1,60.4629,4.7904,3.1387,1.3472,69.8718,84.5587,17,723,11,585,3,0,85,0,0,0,12,5,70.59,269,454,37.21,11,0,100,585,0
pbt,bintrie,5,4,storage_mixed_k10,17,,4778,21000,1,0.0684,3.1678,13.887,2.4624,19.7948,1.0609,6,0,0,0,2,0,0,0,0,0,2,4,33.33,0,0,0,0,0,0,0,0
pbt,bintrie,5,4,storage_mixed_k10,17,,4779,0,0,0.0291,2.6979,0.0015,0.1155,3.0013,0,4,0,0,0,0,0,0,0,0,0,0,4,0,0,0,0,0,0,0,0,0
pbt,bintrie,5,4,storage_mixed_k10,18,,4780,0,0,0.0633,3.0417,0.0018,0.1418,3.7867,0,4,0,0,0,0,0,0,0,0,0,0,4,0,0,0,0,0,0,0,0,0
pbt,bintrie,5,4,storage_mixed_k10,18,,4781,0,0,0.0297,3.2831,0.0018,0.0953,3.5466,0,4,0,0,0,0,0,0,0,0,0,0,4,0,0,0,0,0,0,0,0,0
pbt,bintrie,5,4,storage_mixed_k10,18,,4782,0,0,0.0362,16.9871,0.002,0.1701,17.3673,0,4,0,0,0,0,0,0,0,0,0,0,4,0,0,0,0,0,0,0,0,0
pbt,bintrie,5,4,storage_mixed_k10,18,,4783,91710,2,0.1669,26.9639,2.6902,5.3398,35.3379,2.5952,11,0,0,0,3,0,0,0,1,305,5,6,45.45,0,0,0,0,0,0,0,0
pbt,bintrie,5,4,storage_mixed_k10,18,,4784,5908267,1,70.3921,21.9219,3.1168,1.4447,97.0314,60.8903,17,723,11,585,3,0,85,0,0,0,7,10,41.18,242,481,33.47,11,0,100,585,0
pbt,bintrie,5,4,storage_mixed_k10,18,,4785,21000,1,0.0701,2.8984,16.9448,0.535,20.6062,1.0191,6,0,0,0,2,0,0,0,0,0,2,4,33.33,0,0,0,0,0,0,0,0
pbt,bintrie,5,4,storage_mixed_k10,18,,4786,0,0,0.0314,2.7079,0.0018,0.1091,2.991,0,4,0,0,0,0,0,0,0,0,0,0,4,0,0,0,0,0,0,0,0,0
pbt,bintrie,5,4,storage_mixed_k10,19,,4787,0,0,0.0526,3.1776,0.0023,0.2025,3.6657,0,4,0,0,0,0,0,0,0,0,0,0,4,0,0,0,0,0,0,0,0,0
pbt,bintrie,5,4,storage_mixed_k10,19,,4788,0,0,0.0306,3.6394,0.0027,0.1099,3.9438,0,4,0,0,0,0,0,0,0,0,0,0,4,0,0,0,0,0,0,0,0,0
pbt,bintrie,5,4,storage_mixed_k10,19,,4789,0,0,0.0227,2.8391,0.0018,0.174,3.4523,0,4,0,0,0,0,0,0,0,0,0,0,4,0,0,0,0,0,0,0,0,0
pbt,bintrie,5,4,storage_mixed_k10,19,,4790,91710,2,0.21,25.2737,3.0231,5.671,34.4023,2.6658,11,0,0,0,3,0,0,0,1,305,5,6,45.45,0,0,0,0,0,0,0,0
pbt,bintrie,5,4,storage_mixed_k10,19,,4791,5908267,1,76.1302,18.4455,3.1587,1.1626,99.0583,59.6444,17,723,11,585,3,0,85,0,0,0,7,10,41.18,533,190,73.72,11,0,100,585,0
pbt,bintrie,5,4,storage_mixed_k10,19,,4792,21000,1,0.1008,27.8206,2.5736,0.6113,31.3664,0.6695,6,0,0,0,2,0,0,0,0,0,2,4,33.33,0,0,0,0,0,0,0,0
pbt,bintrie,5,4,storage_mixed_k10,1,,4666,0,0,0.0373,7.3397,0.0023,0.2127,7.7804,0,4,0,0,0,0,0,0,0,0,0,0,4,0,0,0,0,0,0,0,0,0
pbt,bintrie,5,4,storage_mixed_k10,1,,4667,0,0,0.0209,2.7844,0.0013,0.1344,3.0585,0,4,0,0,0,0,0,0,0,0,0,0,4,0,0,0,0,0,0,0,0,0
pbt,bintrie,5,4,storage_mixed_k10,1,,4668,0,0,0.0356,24.3339,0.0033,0.1669,24.7056,0,4,0,0,0,0,0,0,0,0,0,0,4,0,0,0,0,0,0,0,0,0
pbt,bintrie,5,4,storage_mixed_k10,1,,4669,91710,2,0.1078,3.5008,2.7072,4.5312,11.0428,8.305,11,0,0,0,3,0,0,0,1,305,6,5,54.55,0,0,0,0,0,0,0,0
pbt,bintrie,5,4,storage_mixed_k10,1,,4670,5908267,1,63.1995,6.6801,15.666,1.1904,86.9838,67.9237,17,723,11,585,3,0,85,0,0,0,4,13,23.53,530,193,73.31,11,0,100,585,0
pbt,bintrie,5,4,storage_mixed_k10,1,,4671,21000,1,0.0757,1.0742,11.535,0.8346,46.2754,0.4538,6,0,0,0,2,0,0,0,0,0,2,4,33.33,0,0,0,0,0,0,0,0
pbt,bintrie,5,4,storage_mixed_k10,20,,4793,0,0,0.072,6.9292,0.0056,0.2382,7.5218,0,4,0,0,0,0,0,0,0,0,0,0,4,0,0,0,0,0,0,0,0,0
pbt,bintrie,5,4,storage_mixed_k10,20,,4794,0,0,0.031,2.9707,0.0018,0.1182,3.3254,0,4,0,0,0,0,0,0,0,0,0,0,4,0,0,0,0,0,0,0,0,0
pbt,bintrie,5,4,storage_mixed_k10,20,,4795,0,0,0.0389,18.7361,0.0028,0.1266,19.053,0,4,0,0,0,0,0,0,0,0,0,0,4,0,0,0,0,0,0,0,0,0
pbt,bintrie,5,4,storage_mixed_k10,20,,4796,91710,2,0.1147,18.126,3.2227,5.4559,27.1468,3.3783,11,0,0,0,3,0,0,0,1,305,5,6,45.45,0,0,0,0,0,0,0,0
pbt,bintrie,5,4,storage_mixed_k10,20,,4797,5908267,1,71.3748,9.599,3.1439,1.0585,85.3444,69.2285,17,723,11,585,3,0,85,0,0,0,5,12,29.41,81,642,11.2,11,0,100,585,0
pbt,bintrie,5,4,storage_mixed_k10,20,,4798,21000,1,0.0898,22.4657,2.6652,0.8697,26.2686,0.7994,6,0,0,0,2,0,0,0,0,0,2,4,33.33,0,0,0,0,0,0,0,0
pbt,bintrie,5,4,storage_mixed_k10,2,,4672,0,0,0.0539,3.1805,0.0019,0.2145,3.697,0,4,0,0,0,0,0,0,0,0,0,0,4,0,0,0,0,0,0,0,0,0
pbt,bintrie,5,4,storage_mixed_k10,2,,4673,0,0,0.0307,4.4225,0.0012,0.134,4.7496,0,4,0,0,0,0,0,0,0,0,0,0,4,0,0,0,0,0,0,0,0,0
pbt,bintrie,5,4,storage_mixed_k10,2,,4674,0,0,0.0369,22.9084,0.0027,0.1834,23.3233,0,4,0,0,0,0,0,0,0,0,0,0,4,0,0,0,0,0,0,0,0,0
pbt,bintrie,5,4,storage_mixed_k10,2,,4675,91710,2,0.1241,4.2282,14.4509,5.1957,24.1776,3.7932,11,0,0,0,3,0,0,0,1,305,6,5,54.55,0,0,0,0,0,0,0,0
pbt,bintrie,5,4,storage_mixed_k10,2,,4676,5908267,1,60.4613,7.4118,20.1515,1.2082,89.6698,65.8892,17,723,11,585,3,0,85,0,0,0,4,13,23.53,474,249,65.56,11,0,100,585,0
pbt,bintrie,5,4,storage_mixed_k10,2,,4677,21000,1,0.0542,10.7637,7.9437,0.7733,39.0969,0.5371,6,0,0,0,2,0,0,0,0,0,2,4,33.33,0,0,0,0,0,0,0,0
pbt,bintrie,5,4,storage_mixed_k10,2,,4678,0,0,0.0409,3.2619,0.0024,0.3947,4.1654,0,4,0,0,0,0,0,0,0,0,0,0,4,0,0,0,0,0,0,0,0,0
pbt,bintrie,5,4,storage_mixed_k10,3,,4679,0,0,0.0695,10.5511,0.0038,0.2304,11.1746,0,4,0,0,0,0,0,0,0,0,0,0,4,0,0,0,0,0,0,0,0,0
pbt,bintrie,5,4,storage_mixed_k10,3,,4680,0,0,0.0398,3.2074,0.0012,0.137,3.586,0,4,0,0,0,0,0,0,0,0,0,0,4,0,0,0,0,0,0,0,0,0
pbt,bintrie,5,4,storage_mixed_k10,3,,4681,0,0,0.0369,19.6893,0.0023,0.1309,20.0185,0,4,0,0,0,0,0,0,0,0,0,0,4,0,0,0,0,0,0,0,0,0
pbt,bintrie,5,4,storage_mixed_k10,3,,4682,91710,2,0.1594,4.1538,13.8481,4.8034,23.1749,3.9573,11,0,0,0,3,0,0,0,1,305,5,6,45.45,0,0,0,0,0,0,0,0
pbt,bintrie,5,4,storage_mixed_k10,3,,4683,5908267,1,59.058,9.7076,13.6091,1.1701,85.3783,69.2011,17,723,11,585,3,0,85,0,0,0,6,11,35.29,85,638,11.76,11,0,100,585,0
pbt,bintrie,5,4,storage_mixed_k10,3,,4684,21000,1,0.0788,48.2487,2.5049,0.7283,51.7601,0.4057,6,0,0,0,2,0,0,0,0,0,2,4,33.33,0,0,0,0,0,0,0,0
pbt,bintrie,5,4,storage_mixed_k10,3,,4685,0,0,0.0222,2.5642,0.0012,0.1042,2.833,0,4,0,0,0,0,0,0,0,0,0,0,4,0,0,0,0,0,0,0,0,0
pbt,bintrie,5,4,storage_mixed_k10,4,,4686,0,0,0.0602,7.1559,0.003,0.3173,7.9055,0,4,0,0,0,0,0,0,0,0,0,0,4,0,0,0,0,0,0,0,0,0
pbt,bintrie,5,4,storage_mixed_k10,4,,4687,0,0,0.0337,3.0,0.0017,0.1027,3.2777,0,4,0,0,0,0,0,0,0,0,0,0,4,0,0,0,0,0,0,0,0,0
pbt,bintrie,5,4,storage_mixed_k10,4,,4688,0,0,0.0595,21.3854,0.0029,0.3467,22.3026,0,4,0,0,0,0,0,0,0,0,0,0,4,0,0,0,0,0,0,0,0,0
pbt,bintrie,5,4,storage_mixed_k10,4,,4689,91710,2,0.1707,14.7293,13.171,6.3608,34.6088,2.6499,11,0,0,0,3,0,0,0,1,305,5,6,45.45,0,0,0,0,0,0,0,0
pbt,bintrie,5,4,storage_mixed_k10,4,,4690,5908267,1,63.5066,6.9049,14.9289,1.2321,86.799,68.0684,17,723,11,585,3,0,85,0,0,0,6,11,35.29,366,357,50.62,11,0,100,585,0
pbt,bintrie,5,4,storage_mixed_k10,4,,4691,21000,1,0.0687,4.3596,8.2385,1.3733,14.3095,1.4676,6,0,0,0,2,0,0,0,0,0,2,4,33.33,0,0,0,0,0,0,0,0
pbt,bintrie,5,4,storage_mixed_k10,4,,4692,0,0,0.0236,2.6107,0.0016,0.0879,2.8784,0,4,0,0,0,0,0,0,0,0,0,0,4,0,0,0,0,0,0,0,0,0
pbt,bintrie,5,4,storage_mixed_k10,5,,4693,0,0,0.0416,3.0351,0.0018,0.1998,3.4824,0,4,0,0,0,0,0,0,0,0,0,0,4,0,0,0,0,0,0,0,0,0
pbt,bintrie,5,4,storage_mixed_k10,5,,4694,0,0,0.0508,5.8269,0.0031,1.1497,8.6099,0,4,0,0,0,0,0,0,0,0,0,0,4,0,0,0,0,0,0,0,0,0
pbt,bintrie,5,4,storage_mixed_k10,5,,4695,0,0,0.0342,15.9579,0.0028,0.1396,16.3128,0,4,0,0,0,0,0,0,0,0,0,0,4,0,0,0,0,0,0,0,0,0
pbt,bintrie,5,4,storage_mixed_k10,5,,4696,91710,2,0.1322,3.2563,13.3449,5.9473,22.8232,4.0183,11,0,0,0,3,0,0,0,1,305,6,5,54.55,0,0,0,0,0,0,0,0
pbt,bintrie,5,4,storage_mixed_k10,5,,4697,5908267,1,68.9504,11.468,13.8774,1.3894,96.1325,61.4596,17,723,11,585,3,0,85,0,0,0,5,12,29.41,497,226,68.74,11,0,100,585,0
pbt,bintrie,5,4,storage_mixed_k10,5,,4698,21000,1,0.0701,1.4815,15.5202,0.7164,44.8246,0.4685,6,0,0,0,2,0,0,0,0,0,2,4,33.33,0,0,0,0,0,0,0,0
pbt,bintrie,5,4,storage_mixed_k10,6,,4699,0,0,0.0516,9.9506,0.0018,0.1323,10.3239,0,4,0,0,0,0,0,0,0,0,0,0,4,0,0,0,0,0,0,0,0,0
pbt,bintrie,5,4,storage_mixed_k10,6,,4700,0,0,0.03,18.1283,0.002,0.1632,18.5709,0,4,0,0,0,0,0,0,0,0,0,0,4,0,0,0,0,0,0,0,0,0
pbt,bintrie,5,4,storage_mixed_k10,6,,4701,0,0,0.0429,24.9738,0.0018,0.1031,25.3264,0,4,0,0,0,0,0,0,0,0,0,0,4,0,0,0,0,0,0,0,0,0
pbt,bintrie,5,4,storage_mixed_k10,6,,4702,91710,2,0.122,3.272,14.9648,5.6507,24.2183,3.7868,11,0,0,0,3,0,0,0,1,305,5,6,45.45,0,0,0,0,0,0,0,0
pbt,bintrie,5,4,storage_mixed_k10,6,,4703,5908267,1,59.0152,9.9125,3.0571,1.2525,74.5035,79.3019,17,723,11,585,3,0,85,0,0,0,1,16,5.88,16,707,2.21,11,0,100,585,0
pbt,bintrie,5,4,storage_mixed_k10,6,,4704,21000,1,0.0691,4.1553,2.3188,0.6149,7.3461,2.8587,6,0,0,0,2,0,0,0,0,0,2,4,33.33,0,0,0,0,0,0,0,0
pbt,bintrie,5,4,storage_mixed_k10,6,,4705,0,0,0.0413,4.0808,0.0027,0.136,4.4837,0,4,0,0,0,0,0,0,0,0,0,0,4,0,0,0,0,0,0,0,0,0
pbt,bintrie,5,4,storage_mixed_k10,7,,4706,0,0,0.0632,3.2438,0.0014,0.2105,3.7802,0,4,0,0,0,0,0,0,0,0,0,0,4,0,0,0,0,0,0,0,0,0
pbt,bintrie,5,4,storage_mixed_k10,7,,4707,0,0,3.198,18.4081,0.0021,0.1256,21.8952,0,4,0,0,0,0,0,0,0,0,0,0,4,0,0,0,0,0,0,0,0,0
pbt,bintrie,5,4,storage_mixed_k10,7,,4708,0,0,0.0352,31.0048,0.0025,0.1201,31.3746,0,4,0,0,0,0,0,0,0,0,0,0,4,0,0,0,0,0,0,0,0,0
pbt,bintrie,5,4,storage_mixed_k10,7,,4709,91710,2,0.1216,12.2661,14.0931,5.7557,32.4711,2.8244,11,0,0,0,3,0,0,0,1,305,5,6,45.45,0,0,0,0,0,0,0,0
pbt,bintrie,5,4,storage_mixed_k10,7,,4710,5908267,1,67.2868,4.049,4.1689,1.3102,77.1608,76.5708,17,723,11,585,3,0,85,0,0,0,7,10,41.18,623,100,86.17,11,0,100,585,0
pbt,bintrie,5,4,storage_mixed_k10,7,,4711,0,0,0.0275,2.6263,0.0016,0.1038,2.9173,0,4,0,0,0,0,0,0,0,0,0,0,4,0,0,0,0,0,0,0,0,0
pbt,bintrie,5,4,storage_mixed_k10,7,,4712,21000,1,0.0915,3.1191,2.2607,0.5885,6.2552,3.3572,6,0,0,0,2,0,0,0,0,0,2,4,33.33,0,0,0,0,0,0,0,0
pbt,bintrie,5,4,storage_mixed_k10,7,,4713,0,0,0.0286,1.1367,0.0017,0.1627,1.6378,0,4,0,0,0,0,0,0,0,0,0,0,4,0,0,0,0,0,0,0,0,0
pbt,bintrie,5,4,storage_mixed_k10,8,,4714,0,0,0.3354,7.918,0.0024,0.2595,8.705,0,4,0,0,0,0,0,0,0,0,0,0,4,0,0,0,0,0,0,0,0,0
pbt,bintrie,5,4,storage_mixed_k10,8,,4715,0,0,0.0416,3.022,0.0018,0.1515,3.387,0,4,0,0,0,0,0,0,0,0,0,0,4,0,0,0,0,0,0,0,0,0
pbt,bintrie,5,4,storage_mixed_k10,8,,4716,0,0,0.0446,20.6964,0.0027,0.1407,21.0557,0,4,0,0,0,0,0,0,0,0,0,0,4,0,0,0,0,0,0,0,0,0
pbt,bintrie,5,4,storage_mixed_k10,8,,4717,91710,2,0.1364,3.4167,14.209,5.5155,23.4328,3.9137,11,0,0,0,3,0,0,0,1,305,5,6,45.45,0,0,0,0,0,0,0,0
pbt,bintrie,5,4,storage_mixed_k10,8,,4718,5908267,1,72.3978,20.1736,14.9113,1.6293,109.3701,54.0208,17,723,11,585,3,0,85,0,0,0,8,9,47.06,120,603,16.6,11,0,100,585,0
pbt,bintrie,5,4,storage_mixed_k10,8,,4719,21000,1,0.0777,1.2635,13.4566,0.63,42.9182,0.4893,6,0,0,0,2,0,0,0,0,0,2,4,33.33,0,0,0,0,0,0,0,0
pbt,bintrie,5,4,storage_mixed_k10,8,,4720,0,0,0.0292,2.621,0.0022,0.1143,2.9506,0,4,0,0,0,0,0,0,0,0,0,0,4,0,0,0,0,0,0,0,0,0
pbt,bintrie,5,4,storage_mixed_k10,9,,4721,0,0,0.0797,11.0659,0.002,0.2124,11.5435,0,4,0,0,0,0,0,0,0,0,0,0,4,0,0,0,0,0,0,0,0,0
pbt,bintrie,5,4,storage_mixed_k10,9,,4722,0,0,0.0325,7.7287,0.0013,0.0873,8.0062,0,4,0,0,0,0,0,0,0,0,0,0,4,0,0,0,0,0,0,0,0,0
pbt,bintrie,5,4,storage_mixed_k10,9,,4723,0,0,0.0496,17.0279,0.0031,0.1994,17.5427,0,4,0,0,0,0,0,0,0,0,0,0,4,0,0,0,0,0,0,0,0,0
pbt,bintrie,5,4,storage_mixed_k10,9,,4724,91710,2,0.1292,3.3856,13.8903,6.3595,23.9844,3.8237,11,0,0,0,3,0,0,0,1,305,5,6,45.45,0,0,0,0,0,0,0,0
pbt,bintrie,5,4,storage_mixed_k10,9,,4725,5908267,1,72.3351,9.3471,15.847,2.042,99.8173,59.1908,17,723,11,585,3,0,85,0,0,0,5,12,29.41,99,624,13.69,11,0,100,585,0
pbt,bintrie,5,4,storage_mixed_k10,9,,4726,21000,1,0.0641,7.4273,19.0892,0.6476,27.723,0.7575,6,0,0,0,2,0,0,0,0,0,2,4,33.33,0,0,0,0,0,0,0,0
pbt,bintrie,5,4,storage_mixed_k10,9,,4727,0,0,0.0257,2.6831,0.0031,0.2304,3.3745,0,4,0,0,0,0,0,0,0,0,0,0,4,0,0,0,0,0,0,0,0,0
pbt,bintrie,5,4,storage_mixed_k100,10,,4854,0,0,0.071,3.387,0.0029,0.1828,3.9202,0,4,0,0,0,0,0,0,0,0,0,0,4,0,0,0,0,0,0,0,0,0
pbt,bintrie,5,4,storage_mixed_k100,10,,4855,0,0,0.032,6.7193,0.0027,0.1487,7.1061,0,4,0,0,0,0,0,0,0,0,0,0,4,0,0,0,0,0,0,0,0,0
pbt,bintrie,5,4,storage_mixed_k100,10,,4856,0,0,0.0263,13.3399,0.0019,0.1001,13.6105,0,4,0,0,0,0,0,0,0,0,0,0,4,0,0,0,0,0,0,0,0,0
pbt,bintrie,5,4,storage_mixed_k100,10,,4857,91710,2,0.1011,20.9437,2.6989,4.939,28.878,3.1758,11,0,0,0,3,0,0,0,1,305,5,6,45.45,0,0,0,0,0,0,0,0
pbt,bintrie,5,4,storage_mixed_k100,10,,4858,5920754,1,48.2499,16.6301,6.2446,2.009,75.203,78.7303,107,785,101,3105,11,0,77,0,0,0,26,81,24.3,163,622,20.76,101,0,100,3105,0
pbt,bintrie,5,4,storage_mixed_k100,10,,4859,21000,1,0.0882,4.4509,2.8398,8.9426,16.4994,1.2728,6,0,0,0,2,0,0,0,0,0,2,4,33.33,0,0,0,0,0,0,0,0
pbt,bintrie,5,4,storage_mixed_k100,11,,4860,0,0,0.0492,8.0813,0.0056,0.3843,8.782,0,4,0,0,0,0,0,0,0,0,0,0,4,0,0,0,0,0,0,0,0,0
pbt,bintrie,5,4,storage_mixed_k100,11,,4861,0,0,0.0368,6.3299,0.0024,0.1316,6.6794,0,4,0,0,0,0,0,0,0,0,0,0,4,0,0,0,0,0,0,0,0,0
pbt,bintrie,5,4,storage_mixed_k100,11,,4862,0,0,0.0303,3.2306,0.0018,0.1324,3.5418,0,4,0,0,0,0,0,0,0,0,0,0,4,0,0,0,0,0,0,0,0,0
pbt,bintrie,5,4,storage_mixed_k100,11,,4863,91710,2,0.1371,20.6056,6.6891,5.6334,33.2546,2.7578,11,0,0,0,3,0,0,0,1,305,6,5,54.55,0,0,0,0,0,0,0,0
pbt,bintrie,5,4,storage_mixed_k100,11,,4864,5920754,1,51.5118,23.0193,5.3075,1.6454,81.6511,72.5129,107,785,101,3105,11,0,77,0,0,0,37,70,34.58,163,622,20.76,101,0,100,3105,0
pbt,bintrie,5,4,storage_mixed_k100,11,,4865,21000,1,0.0741,17.9407,2.4051,0.6029,21.9994,0.9546,6,0,0,0,2,0,0,0,0,0,2,4,33.33,0,0,0,0,0,0,0,0
pbt,bintrie,5,4,storage_mixed_k100,12,,4866,0,0,0.0406,2.9485,0.0015,0.1495,3.3557,0,4,0,0,0,0,0,0,0,0,0,0,4,0,0,0,0,0,0,0,0,0
pbt,bintrie,5,4,storage_mixed_k100,12,,4867,0,0,0.0335,3.0168,0.0018,0.1521,3.4169,0,4,0,0,0,0,0,0,0,0,0,0,4,0,0,0,0,0,0,0,0,0
pbt,bintrie,5,4,storage_mixed_k100,12,,4868,0,0,0.0389,19.6334,0.0036,0.2028,20.0795,0,4,0,0,0,0,0,0,0,0,0,0,4,0,0,0,0,0,0,0,0,0
pbt,bintrie,5,4,storage_mixed_k100,12,,4869,91710,2,0.1476,3.1874,14.9443,5.1349,24.603,3.7276,11,0,0,0,3,0,0,0,1,305,5,6,45.45,0,0,0,0,0,0,0,0
pbt,bintrie,5,4,storage_mixed_k100,12,,4870,5920754,1,53.4482,13.559,5.418,2.2294,75.0315,78.9103,107,785,101,3105,11,0,77,0,0,0,39,68,36.45,239,546,30.45,101,0,100,3105,0
pbt,bintrie,5,4,storage_mixed_k100,12,,4871,21000,1,0.771,11.1497,4.5074,0.5988,17.2149,1.2199,6,0,0,0,2,0,0,0,0,0,2,4,33.33,0,0,0,0,0,0,0,0
pbt,bintrie,5,4,storage_mixed_k100,12,,4872,0,0,0.0193,2.5857,0.0011,0.0955,2.8327,0,4,0,0,0,0,0,0,0,0,0,0,4,0,0,0,0,0,0,0,0,0
pbt,bintrie,5,4,storage_mixed_k100,13,,4873,0,0,0.0849,3.1922,0.0017,0.1893,3.6744,0,4,0,0,0,0,0,0,0,0,0,0,4,0,0,0,0,0,0,0,0,0
pbt,bintrie,5,4,storage_mixed_k100,13,,4874,0,0,0.0388,3.3293,0.002,0.1231,3.6709,0,4,0,0,0,0,0,0,0,0,0,0,4,0,0,0,0,0,0,0,0,0
pbt,bintrie,5,4,storage_mixed_k100,13,,4875,0,0,0.0305,2.7515,0.0155,0.1437,3.0782,0,4,0,0,0,0,0,0,0,0,0,0,4,0,0,0,0,0,0,0,0,0
pbt,bintrie,5,4,storage_mixed_k100,13,,4876,91710,2,0.1171,3.2056,15.2778,5.2418,24.0257,3.8172,11,0,0,0,3,0,0,0,1,305,6,5,54.55,0,0,0,0,0,0,0,0
pbt,bintrie,5,4,storage_mixed_k100,13,,4877,5920754,1,50.7022,16.856,6.1641,1.6994,75.6712,78.2432,107,785,101,3105,11,0,77,0,0,0,49,58,45.79,135,650,17.2,101,0,100,3105,0
pbt,bintrie,5,4,storage_mixed_k100,13,,4878,21000,1,0.0795,7.193,5.4578,0.7041,13.606,1.5434,6,0,0,0,2,0,0,0,0,0,2,4,33.33,0,0,0,0,0,0,0,0
pbt,bintrie,5,4,storage_mixed_k100,14,,4879,0,0,0.0533,10.924,0.0027,0.4869,12.8158,0,4,0,0,0,0,0,0,0,0,0,0,4,0,0,0,0,0,0,0,0,0
pbt,bintrie,5,4,storage_mixed_k100,14,,4880,0,0,0.0426,3.8887,0.003,0.1478,4.3471,0,4,0,0,0,0,0,0,0,0,0,0,4,0,0,0,0,0,0,0,0,0
pbt,bintrie,5,4,storage_mixed_k100,14,,4881,0,0,0.0234,2.7188,0.0016,0.1482,3.0277,0,4,0,0,0,0,0,0,0,0,0,0,4,0,0,0,0,0,0,0,0,0
pbt,bintrie,5,4,storage_mixed_k100,14,,4882,91710,2,0.137,14.9202,17.1206,4.3758,36.763,2.4946,11,0,0,0,3,0,0,0,1,305,5,6,45.45,0,0,0,0,0,0,0,0
pbt,bintrie,5,4,storage_mixed_k100,14,,4883,5920754,1,64.3666,9.9361,5.309,1.8408,81.6443,72.5189,107,785,101,3105,11,0,77,0,0,0,37,70,34.58,156,629,19.87,101,0,100,3105,0
pbt,bintrie,5,4,storage_mixed_k100,14,,4884,21000,1,0.0678,3.8626,12.5284,0.633,17.3261,1.212,6,0,0,0,2,0,0,0,0,0,2,4,33.33,0,0,0,0,0,0,0,0
pbt,bintrie,5,4,storage_mixed_k100,14,,4885,0,0,0.0207,2.5448,0.0013,0.0969,2.8224,0,4,0,0,0,0,0,0,0,0,0,0,4,0,0,0,0,0,0,0,0,0
pbt,bintrie,5,4,storage_mixed_k100,15,,4886,0,0,0.0507,3.127,0.0013,0.1942,3.6719,0,4,0,0,0,0,0,0,0,0,0,0,4,0,0,0,0,0,0,0,0,0
pbt,bintrie,5,4,storage_mixed_k100,15,,4887,0,0,0.0479,3.3968,0.0023,0.1159,3.7386,0,4,0,0,0,0,0,0,0,0,0,0,4,0,0,0,0,0,0,0,0,0
pbt,bintrie,5,4,storage_mixed_k100,15,,4888,0,0,0.0584,3.5614,0.0023,0.1008,3.9854,0,4,0,0,0,0,0,0,0,0,0,0,4,0,0,0,0,0,0,0,0,0
pbt,bintrie,5,4,storage_mixed_k100,15,,4889,91710,2,0.1168,14.3678,19.5501,5.2214,39.4603,2.3241,11,0,0,0,3,0,0,0,1,305,5,6,45.45,0,0,0,0,0,0,0,0
pbt,bintrie,5,4,storage_mixed_k100,15,,4890,5920754,1,62.8103,10.7785,6.1345,1.7831,81.7229,72.4492,107,785,101,3105,11,0,77,0,0,0,24,83,22.43,169,616,21.53,101,0,100,3105,0
pbt,bintrie,5,4,storage_mixed_k100,15,,4891,21000,1,0.0639,8.2768,10.4291,0.6487,19.5829,1.0724,6,0,0,0,2,0,0,0,0,0,2,4,33.33,0,0,0,0,0,0,0,0
pbt,bintrie,5,4,storage_mixed_k100,15,,4892,0,0,0.0235,2.5255,0.0011,0.101,2.8072,0,4,0,0,0,0,0,0,0,0,0,0,4,0,0,0,0,0,0,0,0,0
pbt,bintrie,5,4,storage_mixed_k100,16,,4893,0,0,0.0679,3.3911,0.0017,0.1532,3.857,0,4,0,0,0,0,0,0,0,0,0,0,4,0,0,0,0,0,0,0,0,0
pbt,bintrie,5,4,storage_mixed_k100,16,,4894,0,0,0.0276,5.9163,0.0024,0.1722,6.2937,0,4,0,0,0,0,0,0,0,0,0,0,4,0,0,0,0,0,0,0,0,0
pbt,bintrie,5,4,storage_mixed_k100,16,,4895,0,0,0.0932,18.8977,0.0032,0.2014,19.4071,0,4,0,0,0,0,0,0,0,0,0,0,4,0,0,0,0,0,0,0,0,0
pbt,bintrie,5,4,storage_mixed_k100,16,,4896,91710,2,0.1176,14.6867,20.9707,4.6667,40.6405,2.2566,11,0,0,0,3,0,0,0,1,305,5,6,45.45,0,0,0,0,0,0,0,0
pbt,bintrie,5,4,storage_mixed_k100,16,,4897,5920754,1,64.052,12.6736,5.3387,1.9383,84.2281,70.2943,107,785,101,3105,11,0,77,0,0,0,21,86,19.63,130,655,16.56,101,0,100,3105,0
pbt,bintrie,5,4,storage_mixed_k100,16,,4898,21000,1,0.0654,3.978,13.8601,0.6651,18.7904,1.1176,6,0,0,0,2,0,0,0,0,0,2,4,33.33,0,0,0,0,0,0,0,0
pbt,bintrie,5,4,storage_mixed_k100,17,,4899,0,0,0.0335,2.7179,0.0018,0.1899,3.1963,0,4,0,0,0,0,0,0,0,0,0,0,4,0,0,0,0,0,0,0,0,0
pbt,bintrie,5,4,storage_mixed_k100,17,,4900,0,0,0.0338,9.978,0.0034,0.1137,10.3009,0,4,0,0,0,0,0,0,0,0,0,0,4,0,0,0,0,0,0,0,0,0
pbt,bintrie,5,4,storage_mixed_k100,17,,4901,0,0,0.0382,14.0376,0.0029,0.105,14.3241,0,4,0,0,0,0,0,0,0,0,0,0,4,0,0,0,0,0,0,0,0,0
pbt,bintrie,5,4,storage_mixed_k100,17,,4902,91710,2,0.1307,3.4439,15.6028,4.7363,24.0621,3.8114,11,0,0,0,3,0,0,0,1,305,5,6,45.45,0,0,0,0,0,0,0,0
pbt,bintrie,5,4,storage_mixed_k100,17,,4903,5920754,1,61.1637,11.478,5.9983,1.9995,81.0265,73.0718,107,785,101,3105,11,0,77,0,0,0,55,52,51.4,299,486,38.09,101,0,100,3105,0
pbt,bintrie,5,4,storage_mixed_k100,17,,4904,21000,1,0.08,11.4148,2.6356,0.6425,14.9592,1.4038,6,0,0,0,2,0,0,0,0,0,2,4,33.33,0,0,0,0,0,0,0,0
pbt,bintrie,5,4,storage_mixed_k100,17,,4905,0,0,0.0267,2.6582,0.0014,0.1188,2.9615,0,4,0,0,0,0,0,0,0,0,0,0,4,0,0,0,0,0,0,0,0,0
pbt,bintrie,5,4,storage_mixed_k100,18,,4906,0,0,0.0429,3.1394,0.0015,0.1582,3.5382,0,4,0,0,0,0,0,0,0,0,0,0,4,0,0,0,0,0,0,0,0,0
pbt,bintrie,5,4,storage_mixed_k100,18,,4907,0,0,0.0235,2.7237,0.0013,0.0894,3.008,0,4,0,0,0,0,0,0,0,0,0,0,4,0,0,0,0,0,0,0,0,0
pbt,bintrie,5,4,storage_mixed_k100,18,,4908,0,0,0.0452,18.5299,0.0019,0.2524,19.015,0,4,0,0,0,0,0,0,0,0,0,0,4,0,0,0,0,0,0,0,0,0
pbt,bintrie,5,4,storage_mixed_k100,18,,4909,91710,2,0.1248,16.9002,3.0259,5.1437,25.3715,3.6147,11,0,0,0,3,0,0,0,1,305,7,4,63.64,0,0,0,0,0,0,0,0
pbt,bintrie,5,4,storage_mixed_k100,18,,4910,5920754,1,59.0111,9.9773,16.9301,2.1702,88.4142,66.9661,107,785,101,3105,11,0,77,0,0,0,26,81,24.3,250,535,31.85,101,0,100,3105,0
pbt,bintrie,5,4,storage_mixed_k100,18,,4911,21000,1,0.0498,3.2004,10.4957,0.6134,14.5064,1.4476,6,0,0,0,2,0,0,0,0,0,2,4,33.33,0,0,0,0,0,0,0,0
pbt,bintrie,5,4,storage_mixed_k100,19,,4912,0,0,0.0591,8.0554,0.002,0.2858,8.6673,0,4,0,0,0,0,0,0,0,0,0,0,4,0,0,0,0,0,0,0,0,0
pbt,bintrie,5,4,storage_mixed_k100,19,,4913,0,0,0.0439,3.2146,0.0018,0.1847,3.6347,0,4,0,0,0,0,0,0,0,0,0,0,4,0,0,0,0,0,0,0,0,0
pbt,bintrie,5,4,storage_mixed_k100,19,,4914,0,0,0.0517,19.4322,0.0018,0.1347,19.7861,0,4,0,0,0,0,0,0,0,0,0,0,4,0,0,0,0,0,0,0,0,0
pbt,bintrie,5,4,storage_mixed_k100,19,,4915,91710,2,0.1438,23.1304,2.5955,4.6005,30.6582,2.9914,11,0,0,0,3,0,0,0,1,305,5,6,45.45,0,0,0,0,0,0,0,0
pbt,bintrie,5,4,storage_mixed_k100,19,,4916,5920754,1,52.2418,10.6725,5.4958,1.695,70.3455,84.1667,107,785,101,3105,11,0,77,0,0,0,22,85,20.56,64,721,8.15,101,0,100,3105,0
pbt,bintrie,5,4,storage_mixed_k100,19,,4917,21000,1,0.087,17.834,16.0036,0.662,34.8171,0.6032,6,0,0,0,2,0,0,0,0,0,2,4,33.33,0,0,0,0,0,0,0,0
pbt,bintrie,5,4,storage_mixed_k100,19,,4918,0,0,0.0242,4.3978,0.0014,0.1104,4.7081,0,4,0,0,0,0,0,0,0,0,0,0,4,0,0,0,0,0,0,0,0,0
pbt,bintrie,5,4,storage_mixed_k100,1,,4799,0,0,0.0338,3.0842,0.0016,0.142,3.4304,0,4,0,0,0,0,0,0,0,0,0,0,4,0,0,0,0,0,0,0,0,0
pbt,bintrie,5,4,storage_mixed_k100,1,,4800,0,0,0.0375,3.5309,0.0023,0.1492,3.9166,0,4,0,0,0,0,0,0,0,0,0,0,4,0,0,0,0,0,0,0,0,0
pbt,bintrie,5,4,storage_mixed_k100,1,,4801,0,0,0.0282,2.8188,0.0029,0.1459,3.1595,0,4,0,0,0,0,0,0,0,0,0,0,4,0,0,0,0,0,0,0,0,0
pbt,bintrie,5,4,storage_mixed_k100,1,,4802,91710,2,0.1408,14.755,21.9085,6.32,43.3485,2.1156,11,0,0,0,3,0,0,0,1,305,5,6,45.45,0,0,0,0,0,0,0,0
pbt,bintrie,5,4,storage_mixed_k100,1,,4803,5920754,1,56.8797,3.6017,6.0662,1.6518,68.3656,86.6043,107,785,101,3105,11,0,77,0,0,0,18,89,16.82,566,219,72.1,101,0,100,3105,0
pbt,bintrie,5,4,storage_mixed_k100,1,,4804,21000,1,0.0734,5.0627,13.7499,0.701,19.7796,1.0617,6,0,0,0,2,0,0,0,0,0,2,4,33.33,0,0,0,0,0,0,0,0
pbt,bintrie,5,4,storage_mixed_k100,20,,4919,0,0,0.0496,11.1639,0.0026,0.3303,11.9394,0,4,0,0,0,0,0,0,0,0,0,0,4,0,0,0,0,0,0,0,0,0
pbt,bintrie,5,4,storage_mixed_k100,20,,4920,0,0,0.0342,2.8449,0.0024,0.129,3.1565,0,4,0,0,0,0,0,0,0,0,0,0,4,0,0,0,0,0,0,0,0,0
pbt,bintrie,5,4,storage_mixed_k100,20,,4921,0,0,0.0373,3.5159,0.0018,0.171,4.1049,0,4,0,0,0,0,0,0,0,0,0,0,4,0,0,0,0,0,0,0,0,0
pbt,bintrie,5,4,storage_mixed_k100,20,,4922,91710,2,0.107,14.8066,13.4726,4.9544,33.5239,2.7357,11,0,0,0,3,0,0,0,1,305,5,6,45.45,0,0,0,0,0,0,0,0
pbt,bintrie,5,4,storage_mixed_k100,20,,4923,5920754,1,50.3543,8.7946,5.5458,2.1982,67.0462,88.3085,107,785,101,3105,11,0,77,0,0,0,40,67,37.38,129,656,16.43,101,0,100,3105,0
pbt,bintrie,5,4,storage_mixed_k100,20,,4924,21000,1,0.0741,5.5248,7.4446,0.9949,14.2262,1.4762,6,0,0,0,2,0,0,0,0,0,2,4,33.33,0,0,0,0,0,0,0,0
pbt,bintrie,5,4,storage_mixed_k100,20,,4925,0,0,0.03,3.0295,0.0019,0.1565,3.4019,0,4,0,0,0,0,0,0,0,0,0,0,4,0,0,0,0,0,0,0,0,0
pbt,bintrie,5,4,storage_mixed_k100,2,,4805,0,0,0.0862,5.4939,0.0022,0.4038,6.5034,0,4,0,0,0,0,0,0,0,0,0,0,4,0,0,0,0,0,0,0,0,0
pbt,bintrie,5,4,storage_mixed_k100,2,,4806,0,0,0.028,2.8281,0.0018,0.133,3.1404,0,4,0,0,0,0,0,0,0,0,0,0,4,0,0,0,0,0,0,0,0,0
pbt,bintrie,5,4,storage_mixed_k100,2,,4807,0,0,0.0528,3.0648,0.0051,0.1068,3.4701,0,4,0,0,0,0,0,0,0,0,0,0,4,0,0,0,0,0,0,0,0,0
pbt,bintrie,5,4,storage_mixed_k100,2,,4808,91710,2,0.1623,16.2159,18.7089,6.5287,41.8161,2.1932,11,0,0,0,3,0,0,0,1,305,5,6,45.45,0,0,0,0,0,0,0,0
pbt,bintrie,5,4,storage_mixed_k100,2,,4809,5920754,1,54.9864,7.3897,5.7436,1.7087,69.9867,84.5983,107,785,101,3105,11,0,77,0,0,0,28,79,26.17,421,364,53.63,101,0,100,3105,0
pbt,bintrie,5,4,storage_mixed_k100,2,,4810,21000,1,0.0647,3.142,3.3481,2.3877,9.1206,2.3025,6,0,0,0,2,0,0,0,0,0,2,4,33.33,0,0,0,0,0,0,0,0
pbt,bintrie,5,4,storage_mixed_k100,3,,4811,0,0,0.0558,6.0147,0.002,0.1606,6.4515,0,4,0,0,0,0,0,0,0,0,0,0,4,0,0,0,0,0,0,0,0,0
pbt,bintrie,5,4,storage_mixed_k100,3,,4812,0,0,0.0276,2.9507,0.0018,0.1283,3.2705,0,4,0,0,0,0,0,0,0,0,0,0,4,0,0,0,0,0,0,0,0,0
pbt,bintrie,5,4,storage_mixed_k100,3,,4813,0,0,0.1197,15.5655,0.0031,0.1914,16.0627,0,4,0,0,0,0,0,0,0,0,0,0,4,0,0,0,0,0,0,0,0,0
pbt,bintrie,5,4,storage_mixed_k100,3,,4814,91710,2,0.1273,3.2075,13.6563,6.0184,23.2398,3.9463,11,0,0,0,3,0,0,0,1,305,5,6,45.45,0,0,0,0,0,0,0,0
pbt,bintrie,5,4,storage_mixed_k100,3,,4815,5920754,1,69.9805,11.7298,7.8555,2.6884,92.4896,64.0153,107,785,101,3105,11,0,77,0,0,0,28,79,26.17,125,660,15.92,101,0,100,3105,0
pbt,bintrie,5,4,storage_mixed_k100,3,,4816,21000,1,0.0727,3.6819,5.1679,3.2401,12.3968,1.694,6,0,0,0,2,0,0,0,0,0,2,4,33.33,0,0,0,0,0,0,0,0
pbt,bintrie,5,4,storage_mixed_k100,4,,4817,0,0,0.101,3.5096,0.0023,0.1794,4.1058,0,4,0,0,0,0,0,0,0,0,0,0,4,0,0,0,0,0,0,0,0,0
pbt,bintrie,5,4,storage_mixed_k100,4,,4818,0,0,0.0427,2.8052,0.0014,0.0965,3.1207,0,4,0,0,0,0,0,0,0,0,0,0,4,0,0,0,0,0,0,0,0,0
pbt,bintrie,5,4,storage_mixed_k100,4,,4819,0,0,0.0343,2.7286,0.0017,0.0968,2.9961,0,4,0,0,0,0,0,0,0,0,0,0,4,0,0,0,0,0,0,0,0,0
pbt,bintrie,5,4,storage_mixed_k100,4,,4820,91710,2,0.2001,16.5145,14.4961,4.7766,36.2152,2.5324,11,0,0,0,3,0,0,0,1,305,5,6,45.45,0,0,0,0,0,0,0,0
pbt,bintrie,5,4,storage_mixed_k100,4,,4821,5920754,1,49.7676,12.4251,6.5153,1.8656,70.8071,83.6181,107,785,101,3105,11,0,77,0,0,0,12,95,11.21,193,592,24.59,101,0,100,3105,0
pbt,bintrie,5,4,storage_mixed_k100,4,,4822,21000,1,0.0653,12.2779,2.3652,0.5901,15.4999,1.3548,6,0,0,0,2,0,0,0,0,0,2,4,33.33,0,0,0,0,0,0,0,0
pbt,bintrie,5,4,storage_mixed_k100,5,,4823,0,0,0.1069,4.6133,0.0018,0.1753,5.1995,0,4,0,0,0,0,0,0,0,0,0,0,4,0,0,0,0,0,0,0,0,0
pbt,bintrie,5,4,storage_mixed_k100,5,,4824,0,0,0.0348,2.9607,0.0024,0.1885,3.3393,0,4,0,0,0,0,0,0,0,0,0,0,4,0,0,0,0,0,0,0,0,0
pbt,bintrie,5,4,storage_mixed_k100,5,,4825,0,0,0.0376,18.096,0.0029,0.2542,18.5468,0,4,0,0,0,0,0,0,0,0,0,0,4,0,0,0,0,0,0,0,0,0
pbt,bintrie,5,4,storage_mixed_k100,5,,4826,91710,2,0.1019,23.593,3.0361,4.8819,31.8347,2.8808,11,0,0,0,3,0,0,0,1,305,6,5,54.55,0,0,0,0,0,0,0,0
pbt,bintrie,5,4,storage_mixed_k100,5,,4827,5920754,1,57.6804,11.8428,5.616,1.7503,77.0479,76.8451,107,785,101,3105,11,0,77,0,0,0,17,90,15.89,92,693,11.72,101,0,100,3105,0
pbt,bintrie,5,4,storage_mixed_k100,5,,4828,21000,1,0.0817,15.5847,17.4285,1.0111,34.3111,0.612,6,0,0,0,2,0,0,0,0,0,2,4,33.33,0,0,0,0,0,0,0,0
pbt,bintrie,5,4,storage_mixed_k100,6,,4829,0,0,0.0571,2.9368,0.0016,0.1379,3.3379,0,4,0,0,0,0,0,0,0,0,0,0,4,0,0,0,0,0,0,0,0,0
pbt,bintrie,5,4,storage_mixed_k100,6,,4830,0,0,0.0352,3.4381,0.002,0.1556,3.8845,0,4,0,0,0,0,0,0,0,0,0,0,4,0,0,0,0,0,0,0,0,0
pbt,bintrie,5,4,storage_mixed_k100,6,,4831,0,0,0.0415,9.7881,0.0026,0.1019,10.2947,0,4,0,0,0,0,0,0,0,0,0,0,4,0,0,0,0,0,0,0,0,0
pbt,bintrie,5,4,storage_mixed_k100,6,,4832,91710,2,0.0888,15.1374,17.5534,5.2391,38.1814,2.402,11,0,0,0,3,0,0,0,1,305,6,5,54.55,0,0,0,0,0,0,0,0
pbt,bintrie,5,4,storage_mixed_k100,6,,4833,5920754,1,50.6225,8.2489,5.4367,2.007,66.5744,88.9345,107,785,101,3105,11,0,77,0,0,0,29,78,27.1,394,391,50.19,101,0,100,3105,0
pbt,bintrie,5,4,storage_mixed_k100,6,,4834,21000,1,0.0658,3.8092,9.0721,0.7147,13.9688,1.5033,6,0,0,0,2,0,0,0,0,0,2,4,33.33,0,0,0,0,0,0,0,0
pbt,bintrie,5,4,storage_mixed_k100,7,,4835,0,0,0.0797,4.7981,0.0101,0.3823,5.5498,0,4,0,0,0,0,0,0,0,0,0,0,4,0,0,0,0,0,0,0,0,0
pbt,bintrie,5,4,storage_mixed_k100,7,,4836,0,0,0.0351,3.5316,0.0025,0.1876,3.9849,0,4,0,0,0,0,0,0,0,0,0,0,4,0,0,0,0,0,0,0,0,0
pbt,bintrie,5,4,storage_mixed_k100,7,,4837,0,0,0.0417,15.4352,0.0026,0.1175,15.7585,0,4,0,0,0,0,0,0,0,0,0,0,4,0,0,0,0,0,0,0,0,0
pbt,bintrie,5,4,storage_mixed_k100,7,,4838,91710,2,0.3263,24.1798,2.9935,5.0793,32.7731,2.7983,11,0,0,0,3,0,0,0,1,305,6,5,54.55,0,0,0,0,0,0,0,0
pbt,bintrie,5,4,storage_mixed_k100,7,,4839,5920754,1,51.7803,21.7814,5.2533,2.0644,83.3946,70.9968,107,785,101,3105,11,0,77,0,0,0,33,74,30.84,117,668,14.9,101,0,100,3105,0
pbt,bintrie,5,4,storage_mixed_k100,7,,4840,21000,1,0.1011,14.8195,13.8014,0.6959,29.6779,0.7076,6,0,0,0,2,0,0,0,0,0,2,4,33.33,0,0,0,0,0,0,0,0
pbt,bintrie,5,4,storage_mixed_k100,7,,4841,0,0,0.0322,2.7657,0.0019,0.1127,3.1059,0,4,0,0,0,0,0,0,0,0,0,0,4,0,0,0,0,0,0,0,0,0
pbt,bintrie,5,4,storage_mixed_k100,8,,4842,0,0,0.0478,3.4192,0.0026,0.1971,3.8892,0,4,0,0,0,0,0,0,0,0,0,0,4,0,0,0,0,0,0,0,0,0
pbt,bintrie,5,4,storage_mixed_k100,8,,4843,0,0,0.0278,3.0596,0.0025,0.1124,3.4153,0,4,0,0,0,0,0,0,0,0,0,0,4,0,0,0,0,0,0,0,0,0
pbt,bintrie,5,4,storage_mixed_k100,8,,4844,0,0,0.0387,7.3167,0.002,0.1468,7.797,0,4,0,0,0,0,0,0,0,0,0,0,4,0,0,0,0,0,0,0,0,0
pbt,bintrie,5,4,storage_mixed_k100,8,,4845,91710,2,0.1195,13.8905,13.2782,4.5887,32.0294,2.8633,11,0,0,0,3,0,0,0,1,305,6,5,54.55,0,0,0,0,0,0,0,0
pbt,bintrie,5,4,storage_mixed_k100,8,,4846,5920754,1,51.08,10.011,6.1742,1.7318,69.2671,85.4771,107,785,101,3105,11,0,77,0,0,0,25,82,23.36,54,731,6.88,101,0,100,3105,0
pbt,bintrie,5,4,storage_mixed_k100,8,,4847,21000,1,0.0817,5.2682,2.7952,2.6232,10.957,1.9166,6,0,0,0,2,0,0,0,0,0,2,4,33.33,0,0,0,0,0,0,0,0
pbt,bintrie,5,4,storage_mixed_k100,9,,4848,0,0,0.056,5.1437,0.0027,0.3813,5.9168,0,4,0,0,0,0,0,0,0,0,0,0,4,0,0,0,0,0,0,0,0,0
pbt,bintrie,5,4,storage_mixed_k100,9,,4849,0,0,0.0234,2.6066,0.0011,0.0911,2.8565,0,4,0,0,0,0,0,0,0,0,0,0,4,0,0,0,0,0,0,0,0,0
pbt,bintrie,5,4,storage_mixed_k100,9,,4850,0,0,0.0486,3.4627,0.0025,0.1377,3.8862,0,4,0,0,0,0,0,0,0,0,0,0,4,0,0,0,0,0,0,0,0,0
pbt,bintrie,5,4,storage_mixed_k100,9,,4851,91710,2,0.1267,14.2574,17.1758,4.8212,40.624,2.2575,11,0,0,0,3,0,0,0,1,305,6,5,54.55,0,0,0,0,0,0,0,0
pbt,bintrie,5,4,storage_mixed_k100,9,,4852,5920754,1,48.3793,10.3528,5.0867,1.8592,65.8729,89.8815,107,785,101,3105,11,0,77,0,0,0,50,57,46.73,130,655,16.56,101,0,100,3105,0
pbt,bintrie,5,4,storage_mixed_k100,9,,4853,21000,1,0.0776,12.2392,2.55,0.7151,15.7583,1.3326,6,0,0,0,2,0,0,0,0,0,2,4,33.33,0,0,0,0,0,0,0,0
pbt,bintrie,5,4,storage_mixed_k256,10,,4983,0,0,0.0577,6.49,0.0019,0.2215,7.3043,0,4,0,0,0,0,0,0,0,0,0,0,4,0,0,0,0,0,0,0,0,0
pbt,bintrie,5,4,storage_mixed_k256,10,,4984,0,0,0.0257,4.4737,0.0018,0.0796,4.719,0,4,0,0,0,0,0,0,0,0,0,0,4,0,0,0,0,0,0,0,0,0
pbt,bintrie,5,4,storage_mixed_k256,10,,4985,0,0,0.0305,15.8454,0.0018,0.1033,16.1417,0,4,0,0,0,0,0,0,0,0,0,0,4,0,0,0,0,0,0,0,0,0
pbt,bintrie,5,4,storage_mixed_k256,10,,4986,91698,2,0.1801,3.2241,17.7011,4.8203,26.4982,3.4605,11,0,0,0,3,0,0,0,1,305,5,6,45.45,0,0,0,0,0,0,0,0
pbt,bintrie,5,4,storage_mixed_k256,10,,4987,5919252,1,35.4498,13.5328,12.5217,3.9112,65.6446,90.1712,263,814,257,7473,47,0,72,0,0,0,174,89,66.16,194,620,23.83,257,0,100,7473,0
pbt,bintrie,5,4,storage_mixed_k256,10,,4988,21000,1,0.0783,6.7827,8.8776,0.7423,16.7347,1.2549,6,0,0,0,2,0,0,0,0,0,2,4,33.33,0,0,0,0,0,0,0,0
pbt,bintrie,5,4,storage_mixed_k256,11,,4989,0,0,0.061,3.9388,0.0021,0.1761,4.7173,0,4,0,0,0,0,0,0,0,0,0,0,4,0,0,0,0,0,0,0,0,0
pbt,bintrie,5,4,storage_mixed_k256,11,,4990,0,0,0.0479,3.9244,0.0022,0.2234,4.3791,0,4,0,0,0,0,0,0,0,0,0,0,4,0,0,0,0,0,0,0,0,0
pbt,bintrie,5,4,storage_mixed_k256,11,,4991,0,0,0.0243,15.9169,0.0013,0.1881,16.2867,0,4,0,0,0,0,0,0,0,0,0,0,4,0,0,0,0,0,0,0,0,0
pbt,bintrie,5,4,storage_mixed_k256,11,,4992,91698,2,0.1283,22.1027,2.7878,5.1271,30.3729,3.0191,11,0,0,0,3,0,0,0,1,305,6,5,54.55,0,0,0,0,0,0,0,0
pbt,bintrie,5,4,storage_mixed_k256,11,,4993,5919252,1,37.5903,26.2242,13.7842,4.3795,82.1566,72.0484,263,814,257,7473,47,0,72,0,0,0,155,108,58.94,597,217,73.34,257,0,100,7473,0
pbt,bintrie,5,4,storage_mixed_k256,11,,4994,21000,1,0.0655,21.5596,2.383,0.6177,24.7894,0.8471,6,0,0,0,2,0,0,0,0,0,2,4,33.33,0,0,0,0,0,0,0,0
pbt,bintrie,5,4,storage_mixed_k256,11,,4995,0,0,0.0286,5.2254,0.0018,0.1577,5.5659,0,4,0,0,0,0,0,0,0,0,0,0,4,0,0,0,0,0,0,0,0,0
pbt,bintrie,5,4,storage_mixed_k256,12,,4996,0,0,0.0627,5.4786,0.0016,0.1672,5.9067,0,4,0,0,0,0,0,0,0,0,0,0,4,0,0,0,0,0,0,0,0,0
pbt,bintrie,5,4,storage_mixed_k256,12,,4997,0,0,0.0506,4.2956,0.002,0.1266,4.6663,0,4,0,0,0,0,0,0,0,0,0,0,4,0,0,0,0,0,0,0,0,0
pbt,bintrie,5,4,storage_mixed_k256,12,,4998,0,0,0.0448,23.3167,0.0029,0.1349,23.6783,0,4,0,0,0,0,0,0,0,0,0,0,4,0,0,0,0,0,0,0,0,0
pbt,bintrie,5,4,storage_mixed_k256,12,,4999,91698,2,0.1249,3.1772,24.0876,4.8145,32.3548,2.8341,11,0,0,0,3,0,0,0,1,305,5,6,45.45,0,0,0,0,0,0,0,0
pbt,bintrie,5,4,storage_mixed_k256,12,,5000,5919252,1,52.6324,7.1258,13.5627,3.7339,77.2898,76.5852,263,814,257,7473,47,0,72,0,0,0,182,81,69.2,488,326,59.95,257,0,100,7473,0
pbt,bintrie,5,4,storage_mixed_k256,12,,5001,21000,1,0.0633,13.419,2.5196,0.5374,16.7331,1.255,6,0,0,0,2,0,0,0,0,0,2,4,33.33,0,0,0,0,0,0,0,0
pbt,bintrie,5,4,storage_mixed_k256,12,,5002,0,0,0.0372,21.2379,0.0026,0.1235,21.5733,0,4,0,0,0,0,0,0,0,0,0,0,4,0,0,0,0,0,0,0,0,0
pbt,bintrie,5,4,storage_mixed_k256,13,,5003,0,0,0.0366,3.0491,0.0015,0.2103,3.4513,0,4,0,0,0,0,0,0,0,0,0,0,4,0,0,0,0,0,0,0,0,0
pbt,bintrie,5,4,storage_mixed_k256,13,,5004,0,0,0.0244,2.695,0.0023,0.1588,3.0401,0,4,0,0,0,0,0,0,0,0,0,0,4,0,0,0,0,0,0,0,0,0
pbt,bintrie,5,4,storage_mixed_k256,13,,5005,0,0,0.0289,13.8875,0.0015,0.1166,14.2048,0,4,0,0,0,0,0,0,0,0,0,0,4,0,0,0,0,0,0,0,0,0
pbt,bintrie,5,4,storage_mixed_k256,13,,5006,91698,2,0.1304,14.2185,13.1309,4.9111,32.5896,2.8137,11,0,0,0,3,0,0,0,1,305,5,6,45.45,0,0,0,0,0,0,0,0
pbt,bintrie,5,4,storage_mixed_k256,13,,5007,5919252,1,35.6217,16.296,13.6365,4.5709,70.4474,84.0237,263,814,257,7473,47,0,72,0,0,0,61,202,23.19,146,668,17.94,257,0,100,7473,0
pbt,bintrie,5,4,storage_mixed_k256,13,,5008,21000,1,0.0934,16.2317,5.8197,0.8095,23.1685,0.9064,6,0,0,0,2,0,0,0,0,0,0,6,0,0,0,0,0,0,0,0,0
pbt,bintrie,5,4,storage_mixed_k256,13,,5009,0,0,0.0298,6.7034,0.0017,0.1367,7.0157,0,4,0,0,0,0,0,0,0,0,0,0,4,0,0,0,0,0,0,0,0,0
pbt,bintrie,5,4,storage_mixed_k256,14,,5010,0,0,0.0433,3.3526,0.002,0.1754,3.7846,0,4,0,0,0,0,0,0,0,0,0,0,4,0,0,0,0,0,0,0,0,0
pbt,bintrie,5,4,storage_mixed_k256,14,,5011,0,0,0.0345,3.3076,0.0022,0.1822,3.7128,0,4,0,0,0,0,0,0,0,0,0,0,4,0,0,0,0,0,0,0,0,0
pbt,bintrie,5,4,storage_mixed_k256,14,,5012,0,0,0.0311,9.2459,0.0012,0.1007,9.553,0,4,0,0,0,0,0,0,0,0,0,0,4,0,0,0,0,0,0,0,0,0
pbt,bintrie,5,4,storage_mixed_k256,14,,5013,91698,2,0.1111,16.652,2.6996,5.2857,29.6207,3.0957,11,0,0,0,3,0,0,0,1,305,6,5,54.55,0,0,0,0,0,0,0,0
pbt,bintrie,5,4,storage_mixed_k256,14,,5014,5919252,1,48.1706,27.9431,13.0919,5.8627,95.2281,62.1587,263,814,257,7473,47,0,72,0,0,0,45,218,17.11,183,631,22.48,257,0,100,7473,0
pbt,bintrie,5,4,storage_mixed_k256,14,,5015,21000,1,0.2271,16.0058,14.6744,0.5792,31.74,0.6616,6,0,0,0,2,0,0,0,0,0,0,6,0,0,0,0,0,0,0,0,0
pbt,bintrie,5,4,storage_mixed_k256,15,,5016,0,0,0.0708,15.6431,0.0029,0.2452,16.1773,0,4,0,0,0,0,0,0,0,0,0,0,4,0,0,0,0,0,0,0,0,0
pbt,bintrie,5,4,storage_mixed_k256,15,,5017,0,0,0.031,3.9642,0.0018,0.1259,4.3948,0,4,0,0,0,0,0,0,0,0,0,0,4,0,0,0,0,0,0,0,0,0
pbt,bintrie,5,4,storage_mixed_k256,15,,5018,0,0,0.031,13.5217,0.0017,0.1165,13.802,0,4,0,0,0,0,0,0,0,0,0,0,4,0,0,0,0,0,0,0,0,0
pbt,bintrie,5,4,storage_mixed_k256,15,,5019,91698,2,0.1347,17.2477,2.7995,4.5855,24.921,3.6795,11,0,0,0,3,0,0,0,1,305,5,6,45.45,0,0,0,0,0,0,0,0
pbt,bintrie,5,4,storage_mixed_k256,15,,5020,5919252,1,38.4949,15.1064,14.5517,3.7467,72.074,82.1274,263,814,257,7473,47,0,72,0,0,0,5,258,1.9,116,698,14.25,257,0,100,7473,0
pbt,bintrie,5,4,storage_mixed_k256,15,,5021,21000,1,0.0674,14.2412,18.2114,0.6169,33.3033,0.6306,6,0,0,0,2,0,0,0,0,0,2,4,33.33,0,0,0,0,0,0,0,0
pbt,bintrie,5,4,storage_mixed_k256,15,,5022,0,0,0.0209,2.7586,0.0013,0.1005,3.0155,0,4,0,0,0,0,0,0,0,0,0,0,4,0,0,0,0,0,0,0,0,0
pbt,bintrie,5,4,storage_mixed_k256,16,,5023,0,0,0.4106,5.315,0.002,0.179,8.2358,0,4,0,0,0,0,0,0,0,0,0,0,4,0,0,0,0,0,0,0,0,0
pbt,bintrie,5,4,storage_mixed_k256,16,,5024,0,0,0.0328,4.3702,0.0017,0.0952,4.712,0,4,0,0,0,0,0,0,0,0,0,0,4,0,0,0,0,0,0,0,0,0
pbt,bintrie,5,4,storage_mixed_k256,16,,5025,0,0,0.0274,3.3912,0.0013,0.0915,3.6543,0,4,0,0,0,0,0,0,0,0,0,0,4,0,0,0,0,0,0,0,0,0
pbt,bintrie,5,4,storage_mixed_k256,16,,5026,91698,2,0.1412,8.4026,21.9927,5.5812,36.2686,2.5283,11,0,0,0,3,0,0,0,1,305,5,6,45.45,0,0,0,0,0,0,0,0
pbt,bintrie,5,4,storage_mixed_k256,16,,5027,5919252,1,34.2622,11.5267,12.9027,4.0967,62.9995,93.9571,263,814,257,7473,47,0,72,0,0,0,93,170,35.36,213,601,26.17,257,0,100,7473,0
pbt,bintrie,5,4,storage_mixed_k256,16,,5028,21000,1,0.0673,10.8389,5.1175,0.6426,16.8741,1.2445,6,0,0,0,2,0,0,0,0,0,2,4,33.33,0,0,0,0,0,0,0,0
pbt,bintrie,5,4,storage_mixed_k256,17,,5029,0,0,0.075,8.5985,0.0022,0.2287,9.0974,0,4,0,0,0,0,0,0,0,0,0,0,4,0,0,0,0,0,0,0,0,0
pbt,bintrie,5,4,storage_mixed_k256,17,,5030,0,0,0.0316,3.603,0.0026,0.1206,3.888,0,4,0,0,0,0,0,0,0,0,0,0,4,0,0,0,0,0,0,0,0,0
pbt,bintrie,5,4,storage_mixed_k256,17,,5031,0,0,0.0227,2.7647,0.0014,0.133,3.0919,0,4,0,0,0,0,0,0,0,0,0,0,4,0,0,0,0,0,0,0,0,0
pbt,bintrie,5,4,storage_mixed_k256,17,,5032,91698,2,0.1276,3.8056,14.4313,4.8277,23.3264,3.9311,11,0,0,0,3,0,0,0,1,305,6,5,54.55,0,0,0,0,0,0,0,0
pbt,bintrie,5,4,storage_mixed_k256,17,,5033,5919252,1,46.5731,13.6577,14.2952,4.9482,79.7865,74.1886,263,814,257,7473,47,0,72,0,0,0,87,176,33.08,416,398,51.11,257,0,100,7473,0
pbt,bintrie,5,4,storage_mixed_k256,17,,5034,21000,1,0.0653,12.3583,2.4273,0.5826,15.6139,1.345,6,0,0,0,2,0,0,0,0,0,2,4,33.33,0,0,0,0,0,0,0,0
pbt,bintrie,5,4,storage_mixed_k256,18,,5035,0,0,0.057,11.8968,0.0016,0.2464,12.4085,0,4,0,0,0,0,0,0,0,0,0,0,4,0,0,0,0,0,0,0,0,0
pbt,bintrie,5,4,storage_mixed_k256,18,,5036,0,0,0.0297,3.4021,0.0016,0.138,3.7157,0,4,0,0,0,0,0,0,0,0,0,0,4,0,0,0,0,0,0,0,0,0
pbt,bintrie,5,4,storage_mixed_k256,18,,5037,0,0,0.0227,11.12,0.0013,0.0913,11.4126,0,4,0,0,0,0,0,0,0,0,0,0,4,0,0,0,0,0,0,0,0,0
pbt,bintrie,5,4,storage_mixed_k256,18,,5038,91698,2,0.105,18.654,19.8695,4.9035,43.6964,2.0985,11,0,0,0,3,0,0,0,1,305,6,5,54.55,0,0,0,0,0,0,0,0
pbt,bintrie,5,4,storage_mixed_k256,18,,5039,5919252,1,46.9268,13.7757,12.5025,3.6674,77.0369,76.8366,263,814,257,7473,47,0,72,0,0,0,26,237,9.89,148,666,18.18,257,0,100,7473,0
pbt,bintrie,5,4,storage_mixed_k256,18,,5040,21000,1,0.1279,4.4395,5.0162,1.2018,10.9679,1.9147,6,0,0,0,2,0,0,0,0,0,2,4,33.33,0,0,0,0,0,0,0,0
pbt,bintrie,5,4,storage_mixed_k256,18,,5041,0,0,0.0391,2.9589,0.0022,0.1172,3.3468,0,4,0,0,0,0,0,0,0,0,0,0,4,0,0,0,0,0,0,0,0,0
pbt,bintrie,5,4,storage_mixed_k256,19,,5042,0,0,0.0788,3.907,0.0051,0.216,4.5516,0,4,0,0,0,0,0,0,0,0,0,0,4,0,0,0,0,0,0,0,0,0
pbt,bintrie,5,4,storage_mixed_k256,19,,5043,0,0,0.0366,3.4462,0.002,0.1136,3.7656,0,4,0,0,0,0,0,0,0,0,0,0,4,0,0,0,0,0,0,0,0,0
pbt,bintrie,5,4,storage_mixed_k256,19,,5044,0,0,0.0337,3.4123,0.0019,0.1744,3.7786,0,4,0,0,0,0,0,0,0,0,0,0,4,0,0,0,0,0,0,0,0,0
pbt,bintrie,5,4,storage_mixed_k256,19,,5045,91698,2,0.1256,24.0937,2.5991,4.6529,31.6481,2.8974,11,0,0,0,3,0,0,0,1,305,5,6,45.45,0,0,0,0,0,0,0,0
pbt,bintrie,5,4,storage_mixed_k256,19,,5046,5919252,1,38.5698,25.5522,15.6609,4.9585,84.9228,69.7015,263,814,257,7473,47,0,72,0,0,0,57,206,21.67,275,539,33.78,257,0,100,7473,0
pbt,bintrie,5,4,storage_mixed_k256,19,,5047,21000,1,0.0788,14.0845,13.65,0.604,28.6549,0.7329,6,0,0,0,2,0,0,0,0,0,2,4,33.33,0,0,0,0,0,0,0,0
pbt,bintrie,5,4,storage_mixed_k256,1,,4926,0,0,0.0468,2.828,0.0022,0.1446,3.2198,0,4,0,0,0,0,0,0,0,0,0,0,4,0,0,0,0,0,0,0,0,0
pbt,bintrie,5,4,storage_mixed_k256,1,,4927,0,0,0.043,3.2192,0.0019,0.1156,3.585,0,4,0,0,0,0,0,0,0,0,0,0,4,0,0,0,0,0,0,0,0,0
pbt,bintrie,5,4,storage_mixed_k256,1,,4928,0,0,0.0448,15.9546,0.0024,0.2087,16.4346,0,4,0,0,0,0,0,0,0,0,0,0,4,0,0,0,0,0,0,0,0,0
pbt,bintrie,5,4,storage_mixed_k256,1,,4929,91698,2,0.1327,15.0225,23.8576,4.7044,43.908,2.0884,11,0,0,0,3,0,0,0,1,305,5,6,45.45,0,0,0,0,0,0,0,0
pbt,bintrie,5,4,storage_mixed_k256,1,,4930,5919252,1,36.3848,16.5836,24.8421,3.7811,81.7376,72.4177,263,814,257,7473,47,0,72,0,0,0,155,108,58.94,444,370,54.55,257,0,100,7473,0
pbt,bintrie,5,4,storage_mixed_k256,1,,4931,21000,1,0.0768,14.7028,2.488,0.6939,18.1578,1.1565,6,0,0,0,2,0,0,0,0,0,2,4,33.33,0,0,0,0,0,0,0,0
pbt,bintrie,5,4,storage_mixed_k256,1,,4932,0,0,0.0301,3.0637,0.0019,0.1174,3.3809,0,4,0,0,0,0,0,0,0,0,0,0,4,0,0,0,0,0,0,0,0,0
pbt,bintrie,5,4,storage_mixed_k256,20,,5048,0,0,0.0535,8.1192,0.0021,0.2516,8.7016,0,4,0,0,0,0,0,0,0,0,0,0,4,0,0,0,0,0,0,0,0,0
pbt,bintrie,5,4,storage_mixed_k256,20,,5049,0,0,0.0359,2.8738,0.0018,0.0898,3.2135,0,4,0,0,0,0,0,0,0,0,0,0,4,0,0,0,0,0,0,0,0,0
pbt,bintrie,5,4,storage_mixed_k256,20,,5050,0,0,0.0382,3.2736,0.0023,0.1655,3.6962,0,4,0,0,0,0,0,0,0,0,0,0,4,0,0,0,0,0,0,0,0,0
pbt,bintrie,5,4,storage_mixed_k256,20,,5051,91698,2,0.1053,2.9232,17.7116,5.2275,26.213,3.4982,11,0,0,0,3,0,0,0,1,305,5,6,45.45,0,0,0,0,0,0,0,0
pbt,bintrie,5,4,storage_mixed_k256,20,,5052,5919252,1,38.7623,12.8879,13.587,4.0513,69.4955,85.1746,263,814,257,7473,47,0,72,0,0,0,101,162,38.4,187,627,22.97,257,0,100,7473,0
pbt,bintrie,5,4,storage_mixed_k256,20,,5053,21000,1,0.0713,13.0575,2.7616,0.6312,16.7719,1.2521,6,0,0,0,2,0,0,0,0,0,2,4,33.33,0,0,0,0,0,0,0,0
pbt,bintrie,5,4,storage_mixed_k256,20,,5054,0,0,0.0273,12.5525,0.002,0.1164,12.8467,0,4,0,0,0,0,0,0,0,0,0,0,4,0,0,0,0,0,0,0,0,0
pbt,bintrie,5,4,storage_mixed_k256,2,,4933,0,0,0.0724,3.6047,0.0023,0.2633,4.1773,0,4,0,0,0,0,0,0,0,0,0,0,4,0,0,0,0,0,0,0,0,0
pbt,bintrie,5,4,storage_mixed_k256,2,,4934,0,0,0.0284,3.0061,0.0021,0.1374,3.358,0,4,0,0,0,0,0,0,0,0,0,0,4,0,0,0,0,0,0,0,0,0
pbt,bintrie,5,4,storage_mixed_k256,2,,4935,0,0,0.0422,14.0623,0.0017,0.1052,14.3879,0,4,0,0,0,0,0,0,0,0,0,0,4,0,0,0,0,0,0,0,0,0
pbt,bintrie,5,4,storage_mixed_k256,2,,4936,91698,2,0.139,22.3642,2.7007,6.3407,31.7457,2.8885,11,0,0,0,3,0,0,0,1,305,5,6,45.45,0,0,0,0,0,0,0,0
pbt,bintrie,5,4,storage_mixed_k256,2,,4937,5919252,1,44.0544,29.8913,14.3091,3.9972,92.4759,64.0086,263,814,257,7473,47,0,72,0,0,0,73,190,27.76,181,633,22.24,257,0,100,7473,0
pbt,bintrie,5,4,storage_mixed_k256,2,,4938,21000,1,0.0591,13.3289,14.7367,0.5963,28.8521,0.7278,6,0,0,0,2,0,0,0,0,0,2,4,33.33,0,0,0,0,0,0,0,0
pbt,bintrie,5,4,storage_mixed_k256,2,,4939,0,0,0.0287,13.7134,0.0019,0.1229,14.0448,0,4,0,0,0,0,0,0,0,0,0,0,4,0,0,0,0,0,0,0,0,0
pbt,bintrie,5,4,storage_mixed_k256,3,,4940,0,0,0.0635,7.3359,0.0027,0.2118,7.8915,0,4,0,0,0,0,0,0,0,0,0,0,4,0,0,0,0,0,0,0,0,0
pbt,bintrie,5,4,storage_mixed_k256,3,,4941,0,0,0.0305,3.2782,0.0018,0.1438,3.5897,0,4,0,0,0,0,0,0,0,0,0,0,4,0,0,0,0,0,0,0,0,0
pbt,bintrie,5,4,storage_mixed_k256,3,,4942,0,0,0.033,3.2148,0.0016,0.1959,3.6305,0,4,0,0,0,0,0,0,0,0,0,0,4,0,0,0,0,0,0,0,0,0
pbt,bintrie,5,4,storage_mixed_k256,3,,4943,91698,2,0.1597,4.8992,13.8784,5.5489,24.6465,3.7205,11,0,0,0,3,0,0,0,1,305,5,6,45.45,0,0,0,0,0,0,0,0
pbt,bintrie,5,4,storage_mixed_k256,3,,4944,5919252,1,38.9276,15.7511,13.9253,3.879,72.7793,81.3315,263,814,257,7473,47,0,72,0,0,0,41,222,15.59,110,704,13.51,257,0,100,7473,0
pbt,bintrie,5,4,storage_mixed_k256,3,,4945,21000,1,0.2281,15.1774,2.4629,0.6026,18.6784,1.1243,6,0,0,0,2,0,0,0,0,0,0,6,0,0,0,0,0,0,0,0,0
pbt,bintrie,5,4,storage_mixed_k256,4,,4946,0,0,0.0605,3.7284,0.0018,0.1847,4.1661,0,4,0,0,0,0,0,0,0,0,0,0,4,0,0,0,0,0,0,0,0,0
pbt,bintrie,5,4,storage_mixed_k256,4,,4947,0,0,0.0361,3.1559,0.0015,0.1169,3.4863,0,4,0,0,0,0,0,0,0,0,0,0,4,0,0,0,0,0,0,0,0,0
pbt,bintrie,5,4,storage_mixed_k256,4,,4948,0,0,0.0252,2.9682,0.0015,0.1059,3.2688,0,4,0,0,0,0,0,0,0,0,0,0,4,0,0,0,0,0,0,0,0,0
pbt,bintrie,5,4,storage_mixed_k256,4,,4949,91698,2,0.1409,15.3694,3.0141,4.4774,29.6776,3.0898,11,0,0,0,3,0,0,0,1,305,5,6,45.45,0,0,0,0,0,0,0,0
pbt,bintrie,5,4,storage_mixed_k256,4,,4950,5919252,1,38.3171,14.5184,15.6033,3.9669,72.6029,81.5292,263,814,257,7473,47,0,72,0,0,0,52,211,19.77,161,653,19.78,257,0,100,7473,0
pbt,bintrie,5,4,storage_mixed_k256,4,,4951,21000,1,0.08,17.6328,21.8607,0.6956,40.4285,0.5194,6,0,0,0,2,0,0,0,0,0,2,4,33.33,0,0,0,0,0,0,0,0
pbt,bintrie,5,4,storage_mixed_k256,5,,4952,0,0,0.0431,3.4181,0.0019,0.2347,3.9013,0,4,0,0,0,0,0,0,0,0,0,0,4,0,0,0,0,0,0,0,0,0
pbt,bintrie,5,4,storage_mixed_k256,5,,4953,0,0,0.0415,3.7309,0.0026,0.1496,4.2128,0,4,0,0,0,0,0,0,0,0,0,0,4,0,0,0,0,0,0,0,0,0
pbt,bintrie,5,4,storage_mixed_k256,5,,4954,0,0,0.0266,3.0812,0.0017,0.182,3.4469,0,4,0,0,0,0,0,0,0,0,0,0,4,0,0,0,0,0,0,0,0,0
pbt,bintrie,5,4,storage_mixed_k256,5,,4955,91698,2,0.1297,15.531,16.3871,5.0918,37.3849,2.4528,11,0,0,0,3,0,0,0,1,305,5,6,45.45,0,0,0,0,0,0,0,0
pbt,bintrie,5,4,storage_mixed_k256,5,,4956,5919252,1,33.5807,12.4363,12.8394,3.7862,62.8019,94.2527,263,814,257,7473,47,0,72,0,0,0,58,205,22.05,98,716,12.04,257,0,100,7473,0
pbt,bintrie,5,4,storage_mixed_k256,5,,4957,21000,1,0.134,7.6492,7.4946,2.1565,17.5981,1.1933,6,0,0,0,2,0,0,0,0,0,0,6,0,0,0,0,0,0,0,0,0
pbt,bintrie,5,4,storage_mixed_k256,6,,4958,0,0,0.0645,4.2604,0.0025,0.2083,4.7905,0,4,0,0,0,0,0,0,0,0,0,0,4,0,0,0,0,0,0,0,0,0
pbt,bintrie,5,4,storage_mixed_k256,6,,4959,0,0,0.0429,3.6695,0.0027,0.1283,4.0275,0,4,0,0,0,0,0,0,0,0,0,0,4,0,0,0,0,0,0,0,0,0
pbt,bintrie,5,4,storage_mixed_k256,6,,4960,0,0,0.0314,2.8448,0.0016,0.0837,3.1603,0,4,0,0,0,0,0,0,0,0,0,0,4,0,0,0,0,0,0,0,0,0
pbt,bintrie,5,4,storage_mixed_k256,6,,4961,91698,2,0.1114,13.9756,14.9838,5.1777,34.4454,2.6621,11,0,0,0,3,0,0,0,1,305,6,5,54.55,0,0,0,0,0,0,0,0
pbt,bintrie,5,4,storage_mixed_k256,6,,4962,5919252,1,48.8051,14.4742,15.004,4.7026,83.2609,71.0928,263,814,257,7473,47,0,72,0,0,0,85,178,32.32,109,705,13.39,257,0,100,7473,0
pbt,bintrie,5,4,storage_mixed_k256,6,,4963,21000,1,0.0763,10.0312,3.4048,0.6519,14.3591,1.4625,6,0,0,0,2,0,0,0,0,0,2,4,33.33,0,0,0,0,0,0,0,0
pbt,bintrie,5,4,storage_mixed_k256,6,,4964,0,0,0.0329,14.1665,0.002,5.5283,19.9435,0,4,0,0,0,0,0,0,0,0,0,0,4,0,0,0,0,0,0,0,0,0
pbt,bintrie,5,4,storage_mixed_k256,7,,4965,0,0,0.0607,11.0668,0.0025,0.3158,11.7642,0,4,0,0,0,0,0,0,0,0,0,0,4,0,0,0,0,0,0,0,0,0
pbt,bintrie,5,4,storage_mixed_k256,7,,4966,0,0,0.0326,3.3832,0.0022,0.186,3.8037,0,4,0,0,0,0,0,0,0,0,0,0,4,0,0,0,0,0,0,0,0,0
pbt,bintrie,5,4,storage_mixed_k256,7,,4967,0,0,0.3251,2.7283,0.0017,0.1073,3.3637,0,4,0,0,0,0,0,0,0,0,0,0,4,0,0,0,0,0,0,0,0,0
pbt,bintrie,5,4,storage_mixed_k256,7,,4968,91698,2,0.1531,13.6882,14.792,4.9415,33.7963,2.7133,11,0,0,0,3,0,0,0,1,305,5,6,45.45,0,0,0,0,0,0,0,0
pbt,bintrie,5,4,storage_mixed_k256,7,,4969,5919252,1,36.9498,18.773,14.3623,4.3485,74.6261,79.3188,263,814,257,7473,47,0,72,0,0,0,57,206,21.67,147,667,18.06,257,0,100,7473,0
pbt,bintrie,5,4,storage_mixed_k256,7,,4970,21000,1,0.0795,3.8564,11.7073,0.8039,16.6307,1.2627,6,0,0,0,2,0,0,0,0,0,2,4,33.33,0,0,0,0,0,0,0,0
pbt,bintrie,5,4,storage_mixed_k256,8,,4971,0,0,0.0546,3.2282,0.0022,0.1834,3.7801,0,4,0,0,0,0,0,0,0,0,0,0,4,0,0,0,0,0,0,0,0,0
pbt,bintrie,5,4,storage_mixed_k256,8,,4972,0,0,0.0366,2.8744,0.002,0.1492,3.2626,0,4,0,0,0,0,0,0,0,0,0,0,4,0,0,0,0,0,0,0,0,0
pbt,bintrie,5,4,storage_mixed_k256,8,,4973,0,0,0.0435,21.9293,0.0034,0.2487,22.3883,0,4,0,0,0,0,0,0,0,0,0,0,4,0,0,0,0,0,0,0,0,0
pbt,bintrie,5,4,storage_mixed_k256,8,,4974,91698,2,0.1474,20.9932,2.7306,4.6239,28.6498,3.2006,11,0,0,0,3,0,0,0,1,305,5,6,45.45,0,0,0,0,0,0,0,0
pbt,bintrie,5,4,storage_mixed_k256,8,,4975,5919252,1,37.4584,25.8358,13.1264,4.0565,80.6288,73.4136,263,814,257,7473,47,0,72,0,0,0,21,242,7.98,125,689,15.36,257,0,100,7473,0
pbt,bintrie,5,4,storage_mixed_k256,8,,4976,21000,1,0.068,3.2238,14.9593,0.6229,19.0675,1.1014,6,0,0,0,2,0,0,0,0,0,2,4,33.33,0,0,0,0,0,0,0,0
pbt,bintrie,5,4,storage_mixed_k256,9,,4977,0,0,0.0523,4.7356,0.0026,0.1609,5.5525,0,4,0,0,0,0,0,0,0,0,0,0,4,0,0,0,0,0,0,0,0,0
pbt,bintrie,5,4,storage_mixed_k256,9,,4978,0,0,0.0377,3.4596,0.0027,0.2374,3.9922,0,4,0,0,0,0,0,0,0,0,0,0,4,0,0,0,0,0,0,0,0,0
pbt,bintrie,5,4,storage_mixed_k256,9,,4979,0,0,0.0408,21.6954,0.0021,0.1068,21.9914,0,4,0,0,0,0,0,0,0,0,0,0,4,0,0,0,0,0,0,0,0,0
pbt,bintrie,5,4,storage_mixed_k256,9,,4980,91698,2,0.0964,3.7007,19.6857,4.4406,28.1736,3.2548,11,0,0,0,3,0,0,0,1,305,6,5,54.55,0,0,0,0,0,0,0,0
pbt,bintrie,5,4,storage_mixed_k256,9,,4981,5919252,1,40.1743,9.8769,13.828,3.6318,67.7149,87.4143,263,814,257,7473,47,0,72,0,0,0,87,176,33.08,429,385,52.7,257,0,100,7473,0
pbt,bintrie,5,4,storage_mixed_k256,9,,4982,21000,1,0.109,11.484,2.3782,0.5738,16.6203,1.2635,6,0,0,0,2,0,0,0,0,0,2,4,33.33,0,0,0,0,0,0,0,0
pbt,bintrie,5,4,storage_sload_k1,10,,3537,0,0,0.0484,3.1566,0.0019,0.2082,3.7652,0,4,0,0,0,0,0,0,0,0,0,0,4,0,0,0,0,0,0,0,0,0
pbt,bintrie,5,4,storage_sload_k1,10,,3538,0,0,0.0421,3.7882,0.0019,0.0918,4.4728,0,4,0,0,0,0,0,0,0,0,0,0,4,0,0,0,0,0,0,0,0,0
pbt,bintrie,5,4,storage_sload_k1,10,,3539,0,0,0.0341,6.2679,0.0014,0.1142,6.5841,0,4,0,0,0,0,0,0,0,0,0,0,4,0,0,0,0,0,0,0,0,0
pbt,bintrie,5,4,storage_sload_k1,10,,3540,86120,2,0.0962,21.1996,2.9489,4.7163,29.181,2.9512,11,0,0,0,3,0,0,0,1,155,6,5,54.55,0,0,0,0,0,0,0,0
pbt,bintrie,5,4,storage_sload_k1,10,,3541,5900418,1,125.2643,13.5522,2.4576,0.7221,142.1845,41.4983,8,258,2,183,2,0,0,0,0,0,4,4,50,124,134,48.06,2,0,100,183,0
pbt,bintrie,5,4,storage_sload_k1,10,,3542,21000,1,0.0686,13.8158,13.1598,0.6134,27.8733,0.7534,6,0,0,0,2,0,0,0,0,0,2,4,33.33,0,0,0,0,0,0,0,0
pbt,bintrie,5,4,storage_sload_k1,10,,3543,0,0,0.0276,3.1277,0.0018,0.1463,3.4811,0,4,0,0,0,0,0,0,0,0,0,0,4,0,0,0,0,0,0,0,0,0
pbt,bintrie,5,4,storage_sload_k1,11,,3544,0,0,0.0482,3.2475,0.0012,0.1481,3.6036,0,4,0,0,0,0,0,0,0,0,0,0,4,0,0,0,0,0,0,0,0,0
pbt,bintrie,5,4,storage_sload_k1,11,,3545,0,0,0.0303,2.9516,0.0019,0.1023,3.2591,0,4,0,0,0,0,0,0,0,0,0,0,4,0,0,0,0,0,0,0,0,0
pbt,bintrie,5,4,storage_sload_k1,11,,3546,0,0,0.0266,2.9913,0.0022,0.1375,3.3831,0,4,0,0,0,0,0,0,0,0,0,0,4,0,0,0,0,0,0,0,0,0
pbt,bintrie,5,4,storage_sload_k1,11,,3547,86120,2,0.1179,20.2099,2.6461,4.204,27.3814,3.1452,11,0,0,0,3,0,0,0,1,155,6,5,54.55,0,0,0,0,0,0,0,0
pbt,bintrie,5,4,storage_sload_k1,11,,3548,5900418,1,174.9669,9.6378,2.7916,0.6398,188.2265,31.3474,8,258,2,183,2,0,0,0,0,0,4,4,50,80,178,31.01,2,0,100,183,0
pbt,bintrie,5,4,storage_sload_k1,11,,3549,21000,1,0.0689,16.2545,14.8652,0.6789,32.038,0.6555,6,0,0,0,2,0,0,0,0,0,2,4,33.33,0,0,0,0,0,0,0,0
pbt,bintrie,5,4,storage_sload_k1,11,,3550,0,0,0.0361,4.0191,0.002,0.2666,4.4885,0,4,0,0,0,0,0,0,0,0,0,0,4,0,0,0,0,0,0,0,0,0
pbt,bintrie,5,4,storage_sload_k1,12,,3551,0,0,0.0274,2.6468,0.0013,0.1547,3.0161,0,4,0,0,0,0,0,0,0,0,0,0,4,0,0,0,0,0,0,0,0,0
pbt,bintrie,5,4,storage_sload_k1,12,,3552,0,0,0.0443,10.2985,0.0029,0.1447,10.8687,0,4,0,0,0,0,0,0,0,0,0,0,4,0,0,0,0,0,0,0,0,0
pbt,bintrie,5,4,storage_sload_k1,12,,3553,0,0,0.0247,2.8889,0.0016,0.1371,3.2384,0,4,0,0,0,0,0,0,0,0,0,0,4,0,0,0,0,0,0,0,0,0
pbt,bintrie,5,4,storage_sload_k1,12,,3554,86120,2,0.5295,18.925,15.5242,4.8792,40.0408,2.1508,11,0,0,0,3,0,0,0,1,155,6,5,54.55,0,0,0,0,0,0,0,0
pbt,bintrie,5,4,storage_sload_k1,12,,3555,5900418,1,105.2466,5.3049,2.4646,0.7542,113.9816,51.7664,8,258,2,183,2,0,0,0,0,0,4,4,50,96,162,37.21,2,0,100,183,0
pbt,bintrie,5,4,storage_sload_k1,12,,3556,21000,1,0.0919,16.4167,2.5107,0.6421,19.8992,1.0553,6,0,0,0,2,0,0,0,0,0,2,4,33.33,0,0,0,0,0,0,0,0
pbt,bintrie,5,4,storage_sload_k1,12,,3557,0,0,0.0225,0.578,0.0013,0.1058,0.8575,0,4,0,0,0,0,0,0,0,0,0,0,4,0,0,0,0,0,0,0,0,0
pbt,bintrie,5,4,storage_sload_k1,13,,3558,0,0,0.0344,2.8303,0.0015,0.1721,3.2733,0,4,0,0,0,0,0,0,0,0,0,0,4,0,0,0,0,0,0,0,0,0
pbt,bintrie,5,4,storage_sload_k1,13,,3559,0,0,0.0388,2.9283,0.0016,0.1106,3.2561,0,4,0,0,0,0,0,0,0,0,0,0,4,0,0,0,0,0,0,0,0,0
pbt,bintrie,5,4,storage_sload_k1,13,,3560,0,0,0.035,17.2118,0.0027,0.1361,17.5508,0,4,0,0,0,0,0,0,0,0,0,0,4,0,0,0,0,0,0,0,0,0
pbt,bintrie,5,4,storage_sload_k1,13,,3561,86120,2,0.1075,3.824,13.965,4.7741,22.8057,3.7762,11,0,0,0,3,0,0,0,1,155,5,6,45.45,0,0,0,0,0,0,0,0
pbt,bintrie,5,4,storage_sload_k1,13,,3562,5900418,1,112.0581,12.7344,3.3631,0.9676,130.351,45.2656,8,258,2,183,2,0,0,0,0,0,1,7,12.5,133,125,51.55,2,0,100,183,0
pbt,bintrie,5,4,storage_sload_k1,13,,3563,21000,1,0.0592,3.0458,2.6985,0.5467,6.5073,3.2271,6,0,0,0,2,0,0,0,0,0,2,4,33.33,0,0,0,0,0,0,0,0
pbt,bintrie,5,4,storage_sload_k1,14,,3564,0,0,0.0385,2.9505,0.0019,0.1735,3.3424,0,4,0,0,0,0,0,0,0,0,0,0,4,0,0,0,0,0,0,0,0,0
pbt,bintrie,5,4,storage_sload_k1,14,,3565,0,0,0.0345,4.7545,0.0018,0.1101,5.232,0,4,0,0,0,0,0,0,0,0,0,0,4,0,0,0,0,0,0,0,0,0
pbt,bintrie,5,4,storage_sload_k1,14,,3566,0,0,0.0335,15.6169,0.0017,0.1205,15.9279,0,4,0,0,0,0,0,0,0,0,0,0,4,0,0,0,0,0,0,0,0,0
pbt,bintrie,5,4,storage_sload_k1,14,,3567,86120,2,0.1177,14.7774,13.2597,4.762,33.0578,2.6051,11,0,0,0,3,0,0,0,1,155,5,6,45.45,0,0,0,0,0,0,0,0
pbt,bintrie,5,4,storage_sload_k1,14,,3568,5900418,1,115.2621,18.5408,2.5701,0.8063,137.698,42.8504,8,258,2,183,2,0,0,0,0,0,4,4,50,82,176,31.78,2,0,100,183,0
pbt,bintrie,5,4,storage_sload_k1,14,,3569,21000,1,0.0808,3.4927,2.3601,0.5726,6.6714,3.1478,6,0,0,0,2,0,0,0,0,0,2,4,33.33,0,0,0,0,0,0,0,0
pbt,bintrie,5,4,storage_sload_k1,14,,3570,0,0,0.0799,8.2336,0.0027,0.1255,13.2318,0,4,0,0,0,0,0,0,0,0,0,0,4,0,0,0,0,0,0,0,0,0
pbt,bintrie,5,4,storage_sload_k1,15,,3571,0,0,0.0523,3.121,0.0018,0.2456,3.6587,0,4,0,0,0,0,0,0,0,0,0,0,4,0,0,0,0,0,0,0,0,0
pbt,bintrie,5,4,storage_sload_k1,15,,3572,0,0,0.0262,3.5764,0.0016,0.1318,3.9485,0,4,0,0,0,0,0,0,0,0,0,0,4,0,0,0,0,0,0,0,0,0
pbt,bintrie,5,4,storage_sload_k1,15,,3573,0,0,0.0242,14.8283,0.0017,0.0902,15.0828,0,4,0,0,0,0,0,0,0,0,0,0,4,0,0,0,0,0,0,0,0,0
pbt,bintrie,5,4,storage_sload_k1,15,,3574,86120,2,0.0993,14.8445,13.4147,4.8227,33.3321,2.5837,11,0,0,0,3,0,0,0,1,155,7,4,63.64,0,0,0,0,0,0,0,0
pbt,bintrie,5,4,storage_sload_k1,15,,3575,5900418,1,129.9723,8.1211,2.5185,1.6212,142.648,41.3635,8,258,2,183,2,0,0,0,0,0,1,7,12.5,71,187,27.52,2,0,100,183,0
pbt,bintrie,5,4,storage_sload_k1,15,,3576,21000,1,0.101,3.6568,2.5647,0.7814,7.4002,2.8378,6,0,0,0,2,0,0,0,0,0,2,4,33.33,0,0,0,0,0,0,0,0
pbt,bintrie,5,4,storage_sload_k1,15,,3577,0,0,0.1142,11.1821,0.0035,0.1624,16.0197,0,4,0,0,0,0,0,0,0,0,0,0,4,0,0,0,0,0,0,0,0,0
pbt,bintrie,5,4,storage_sload_k1,16,,3578,0,0,0.0555,3.2797,0.0029,0.2042,3.8121,0,4,0,0,0,0,0,0,0,0,0,0,4,0,0,0,0,0,0,0,0,0
pbt,bintrie,5,4,storage_sload_k1,16,,3579,0,0,0.0431,10.393,0.002,0.1278,10.937,0,4,0,0,0,0,0,0,0,0,0,0,4,0,0,0,0,0,0,0,0,0
pbt,bintrie,5,4,storage_sload_k1,16,,3580,0,0,0.0237,14.0213,0.0021,0.1187,14.3423,0,4,0,0,0,0,0,0,0,0,0,0,4,0,0,0,0,0,0,0,0,0
pbt,bintrie,5,4,storage_sload_k1,16,,3581,86120,2,0.1196,13.7845,13.943,4.6858,32.6988,2.6337,11,0,0,0,3,0,0,0,1,155,5,6,45.45,0,0,0,0,0,0,0,0
pbt,bintrie,5,4,storage_sload_k1,16,,3582,5900418,1,113.4045,9.1859,2.5185,0.9059,126.4977,46.6445,8,258,2,183,2,0,0,0,0,0,3,5,37.5,108,150,41.86,2,0,100,183,0
pbt,bintrie,5,4,storage_sload_k1,16,,3583,21000,1,0.0756,11.5142,2.4142,0.6543,14.87,1.4122,6,0,0,0,2,0,0,0,0,0,2,4,33.33,0,0,0,0,0,0,0,0
pbt,bintrie,5,4,storage_sload_k1,16,,3584,0,0,0.0277,2.5828,0.0014,0.1212,2.8956,0,4,0,0,0,0,0,0,0,0,0,0,4,0,0,0,0,0,0,0,0,0
pbt,bintrie,5,4,storage_sload_k1,17,,3585,0,0,0.0463,3.2071,0.0014,0.1794,3.662,0,4,0,0,0,0,0,0,0,0,0,0,4,0,0,0,0,0,0,0,0,0
pbt,bintrie,5,4,storage_sload_k1,17,,3586,0,0,0.0533,3.7267,0.0019,0.1397,4.3312,0,4,0,0,0,0,0,0,0,0,0,0,4,0,0,0,0,0,0,0,0,0
pbt,bintrie,5,4,storage_sload_k1,17,,3587,0,0,0.0271,15.4747,0.002,0.1671,15.8195,0,4,0,0,0,0,0,0,0,0,0,0,4,0,0,0,0,0,0,0,0,0
pbt,bintrie,5,4,storage_sload_k1,17,,3588,86120,2,0.1714,22.0792,2.6629,4.4559,29.5135,2.918,11,0,0,0,3,0,0,0,1,155,5,6,45.45,0,0,0,0,0,0,0,0
pbt,bintrie,5,4,storage_sload_k1,17,,3589,5900418,1,110.5085,15.0798,3.7328,0.7793,130.3804,45.2554,8,258,2,183,2,0,0,0,0,0,3,5,37.5,91,167,35.27,2,0,100,183,0
pbt,bintrie,5,4,storage_sload_k1,17,,3590,21000,1,0.0674,14.499,17.818,0.5849,33.1346,0.6338,6,0,0,0,2,0,0,0,0,0,2,4,33.33,0,0,0,0,0,0,0,0
pbt,bintrie,5,4,storage_sload_k1,17,,3591,0,0,0.0295,3.2717,0.0023,0.2853,4.0198,0,4,0,0,0,0,0,0,0,0,0,0,4,0,0,0,0,0,0,0,0,0
pbt,bintrie,5,4,storage_sload_k1,18,,3592,0,0,0.0412,3.013,0.0014,0.2057,3.441,0,4,0,0,0,0,0,0,0,0,0,0,4,0,0,0,0,0,0,0,0,0
pbt,bintrie,5,4,storage_sload_k1,18,,3593,0,0,0.0393,15.4703,0.0026,0.1291,15.9739,0,4,0,0,0,0,0,0,0,0,0,0,4,0,0,0,0,0,0,0,0,0
pbt,bintrie,5,4,storage_sload_k1,18,,3594,0,0,0.0281,15.5026,0.0019,0.1358,15.8322,0,4,0,0,0,0,0,0,0,0,0,0,4,0,0,0,0,0,0,0,0,0
pbt,bintrie,5,4,storage_sload_k1,18,,3595,86120,2,0.0892,14.8463,14.9513,4.8484,34.9426,2.4646,11,0,0,0,3,0,0,0,1,155,6,5,54.55,0,0,0,0,0,0,0,0
pbt,bintrie,5,4,storage_sload_k1,18,,3596,5900418,1,124.0409,8.557,2.8287,0.8991,136.5922,43.1973,8,258,2,183,2,0,0,0,0,0,1,7,12.5,217,41,84.11,2,0,100,183,0
pbt,bintrie,5,4,storage_sload_k1,18,,3597,21000,1,0.0895,6.691,2.363,0.6228,9.9712,2.1061,6,0,0,0,2,0,0,0,0,0,0,6,0,0,0,0,0,0,0,0,0
pbt,bintrie,5,4,storage_sload_k1,18,,3598,0,0,0.0605,22.9998,0.0021,0.1519,23.417,0,4,0,0,0,0,0,0,0,0,0,0,4,0,0,0,0,0,0,0,0,0
pbt,bintrie,5,4,storage_sload_k1,19,,3599,0,0,0.0499,2.8391,0.0022,0.2167,3.3427,0,4,0,0,0,0,0,0,0,0,0,0,4,0,0,0,0,0,0,0,0,0
pbt,bintrie,5,4,storage_sload_k1,19,,3600,0,0,0.1186,14.5786,0.002,0.1089,15.1992,0,4,0,0,0,0,0,0,0,0,0,0,4,0,0,0,0,0,0,0,0,0
pbt,bintrie,5,4,storage_sload_k1,19,,3601,0,0,0.1804,15.5768,0.0017,0.1505,16.087,0,4,0,0,0,0,0,0,0,0,0,0,4,0,0,0,0,0,0,0,0,0
pbt,bintrie,5,4,storage_sload_k1,19,,3602,86120,2,0.1333,21.5137,2.5855,4.9992,29.4183,2.9274,11,0,0,0,3,0,0,0,1,155,5,6,45.45,0,0,0,0,0,0,0,0
pbt,bintrie,5,4,storage_sload_k1,19,,3603,5900418,1,113.925,4.1162,3.8872,0.6951,122.8554,48.0273,8,258,2,183,2,0,0,0,0,0,3,5,37.5,84,174,32.56,2,0,100,183,0
pbt,bintrie,5,4,storage_sload_k1,19,,3604,21000,1,0.0753,18.5221,23.3496,0.6587,42.7941,0.4907,6,0,0,0,2,0,0,0,0,0,2,4,33.33,0,0,0,0,0,0,0,0
pbt,bintrie,5,4,storage_sload_k1,19,,3605,0,0,0.0284,2.787,0.0016,0.2241,3.4654,0,4,0,0,0,0,0,0,0,0,0,0,4,0,0,0,0,0,0,0,0,0
pbt,bintrie,5,4,storage_sload_k1,1,,3474,0,0,0.0457,3.071,0.0024,0.1774,3.5396,0,4,0,0,0,0,0,0,0,0,0,0,4,0,0,0,0,0,0,0,0,0
pbt,bintrie,5,4,storage_sload_k1,1,,3475,0,0,0.0347,2.8904,0.0027,0.1123,3.2341,0,4,0,0,0,0,0,0,0,0,0,0,4,0,0,0,0,0,0,0,0,0
pbt,bintrie,5,4,storage_sload_k1,1,,3476,0,0,0.0309,16.5496,0.0029,0.1265,16.8778,0,4,0,0,0,0,0,0,0,0,0,0,4,0,0,0,0,0,0,0,0,0
pbt,bintrie,5,4,storage_sload_k1,1,,3477,86120,2,0.138,14.4596,13.9585,6.0104,34.7413,2.4789,11,0,0,0,3,0,0,0,1,155,5,6,45.45,0,0,0,0,0,0,0,0
pbt,bintrie,5,4,storage_sload_k1,1,,3478,5900418,1,106.5408,9.5268,3.0403,0.6941,119.9799,49.1784,8,258,2,183,2,0,0,0,0,0,4,4,50,81,177,31.4,2,0,100,183,0
pbt,bintrie,5,4,storage_sload_k1,1,,3479,21000,1,0.0803,17.0359,2.4668,0.7141,21.6614,0.9695,6,0,0,0,2,0,0,0,0,0,2,4,33.33,0,0,0,0,0,0,0,0
pbt,bintrie,5,4,storage_sload_k1,1,,3480,0,0,0.0304,4.2389,0.0022,0.1274,4.5471,0,4,0,0,0,0,0,0,0,0,0,0,4,0,0,0,0,0,0,0,0,0
pbt,bintrie,5,4,storage_sload_k1,20,,3606,0,0,0.0347,3.3805,0.0014,0.187,3.8252,0,4,0,0,0,0,0,0,0,0,0,0,4,0,0,0,0,0,0,0,0,0
pbt,bintrie,5,4,storage_sload_k1,20,,3607,0,0,0.1956,3.5297,0.0022,0.1903,4.2734,0,4,0,0,0,0,0,0,0,0,0,0,4,0,0,0,0,0,0,0,0,0
pbt,bintrie,5,4,storage_sload_k1,20,,3608,0,0,0.0352,3.2105,0.0021,0.1198,3.576,0,4,0,0,0,0,0,0,0,0,0,0,4,0,0,0,0,0,0,0,0,0
pbt,bintrie,5,4,storage_sload_k1,20,,3609,86120,2,0.1466,23.9139,2.59,4.9442,31.7994,2.7082,11,0,0,0,3,0,0,0,1,155,4,7,36.36,0,0,0,0,0,0,0,0
pbt,bintrie,5,4,storage_sload_k1,20,,3610,5900418,1,98.9841,17.8775,2.363,0.671,120.0845,49.1355,8,258,2,183,2,0,0,0,0,0,4,4,50,93,165,36.05,2,0,100,183,0
pbt,bintrie,5,4,storage_sload_k1,20,,3611,21000,1,0.0835,16.2664,20.5901,0.6193,37.7478,0.5563,6,0,0,0,2,0,0,0,0,0,2,4,33.33,0,0,0,0,0,0,0,0
pbt,bintrie,5,4,storage_sload_k1,2,,3481,0,0,0.0382,3.1776,0.0018,0.1918,3.6398,0,4,0,0,0,0,0,0,0,0,0,0,4,0,0,0,0,0,0,0,0,0
pbt,bintrie,5,4,storage_sload_k1,2,,3482,0,0,0.0829,4.9659,0.0021,0.182,6.7106,0,4,0,0,0,0,0,0,0,0,0,0,4,0,0,0,0,0,0,0,0,0
pbt,bintrie,5,4,storage_sload_k1,2,,3483,0,0,0.1407,3.6427,0.002,0.1755,4.1335,0,4,0,0,0,0,0,0,0,0,0,0,4,0,0,0,0,0,0,0,0,0
pbt,bintrie,5,4,storage_sload_k1,2,,3484,86120,2,0.1606,17.9563,21.6189,4.4862,44.4549,1.9372,11,0,0,0,3,0,0,0,1,155,5,6,45.45,0,0,0,0,0,0,0,0
pbt,bintrie,5,4,storage_sload_k1,2,,3485,5900418,1,111.2921,5.1318,2.4235,0.6613,119.6878,49.2984,8,258,2,183,2,0,0,0,0,0,3,5,37.5,54,204,20.93,2,0,100,183,0
pbt,bintrie,5,4,storage_sload_k1,2,,3486,21000,1,0.1947,3.692,5.9035,0.5895,10.9457,1.9186,6,0,0,0,2,0,0,0,0,0,0,6,0,0,0,0,0,0,0,0,0
pbt,bintrie,5,4,storage_sload_k1,2,,3487,0,0,0.0347,13.2337,0.0026,0.134,13.576,0,4,0,0,0,0,0,0,0,0,0,0,4,0,0,0,0,0,0,0,0,0
pbt,bintrie,5,4,storage_sload_k1,3,,3488,0,0,0.0465,3.3082,0.0018,0.2178,3.7903,0,4,0,0,0,0,0,0,0,0,0,0,4,0,0,0,0,0,0,0,0,0
pbt,bintrie,5,4,storage_sload_k1,3,,3489,0,0,0.0361,2.9623,0.0015,0.1191,3.2808,0,4,0,0,0,0,0,0,0,0,0,0,4,0,0,0,0,0,0,0,0,0
pbt,bintrie,5,4,storage_sload_k1,3,,3490,0,0,0.0252,2.8215,0.0014,0.1461,3.1355,0,4,0,0,0,0,0,0,0,0,0,0,4,0,0,0,0,0,0,0,0,0
pbt,bintrie,5,4,storage_sload_k1,3,,3491,86120,2,0.1921,16.7986,3.051,4.4394,24.7063,3.4858,11,0,0,0,3,0,0,0,1,155,5,6,45.45,0,0,0,0,0,0,0,0
pbt,bintrie,5,4,storage_sload_k1,3,,3492,5900418,1,121.0418,4.4298,2.7647,0.7422,129.1905,45.6722,8,258,2,183,2,0,0,0,0,0,3,5,37.5,103,155,39.92,2,0,100,183,0
pbt,bintrie,5,4,storage_sload_k1,3,,3493,21000,1,0.0556,2.9343,2.388,0.6294,6.164,3.4069,6,0,0,0,2,0,0,0,0,0,2,4,33.33,0,0,0,0,0,0,0,0
pbt,bintrie,5,4,storage_sload_k1,3,,3494,0,0,0.0187,2.469,0.001,0.2258,2.8702,0,4,0,0,0,0,0,0,0,0,0,0,4,0,0,0,0,0,0,0,0,0
pbt,bintrie,5,4,storage_sload_k1,4,,3495,0,0,0.0386,2.9236,0.0012,0.198,3.3357,0,4,0,0,0,0,0,0,0,0,0,0,4,0,0,0,0,0,0,0,0,0
pbt,bintrie,5,4,storage_sload_k1,4,,3496,0,0,0.0445,3.6897,0.0018,0.0954,4.1417,0,4,0,0,0,0,0,0,0,0,0,0,4,0,0,0,0,0,0,0,0,0
pbt,bintrie,5,4,storage_sload_k1,4,,3497,0,0,0.0234,2.8518,0.0014,0.0859,3.1409,0,4,0,0,0,0,0,0,0,0,0,0,4,0,0,0,0,0,0,0,0,0
pbt,bintrie,5,4,storage_sload_k1,4,,3498,86120,2,0.0977,3.0619,17.3547,4.7549,25.4134,3.3888,11,0,0,0,3,0,0,0,1,155,6,5,54.55,0,0,0,0,0,0,0,0
pbt,bintrie,5,4,storage_sload_k1,4,,3499,5900418,1,111.2214,8.5449,2.6188,0.9124,123.72,47.6917,8,258,2,183,2,0,0,0,0,0,0,8,0,49,209,18.99,2,0,100,183,0
pbt,bintrie,5,4,storage_sload_k1,4,,3500,21000,1,0.0678,4.4741,3.9363,0.6285,9.289,2.2607,6,0,0,0,2,0,0,0,0,0,2,4,33.33,0,0,0,0,0,0,0,0
pbt,bintrie,5,4,storage_sload_k1,4,,3501,0,0,0.0305,2.9057,0.0014,0.1458,3.2508,0,4,0,0,0,0,0,0,0,0,0,0,4,0,0,0,0,0,0,0,0,0
pbt,bintrie,5,4,storage_sload_k1,5,,3502,0,0,0.0519,3.1099,0.0019,0.2804,3.7039,0,4,0,0,0,0,0,0,0,0,0,0,4,0,0,0,0,0,0,0,0,0
pbt,bintrie,5,4,storage_sload_k1,5,,3503,0,0,0.0365,6.0523,0.0028,0.148,6.5863,0,4,0,0,0,0,0,0,0,0,0,0,4,0,0,0,0,0,0,0,0,0
pbt,bintrie,5,4,storage_sload_k1,5,,3504,0,0,0.0335,3.7426,0.003,0.1185,4.22,0,4,0,0,0,0,0,0,0,0,0,0,4,0,0,0,0,0,0,0,0,0
pbt,bintrie,5,4,storage_sload_k1,5,,3505,86120,2,0.1217,21.2366,3.0318,5.1398,29.6878,2.9009,11,0,0,0,3,0,0,0,1,155,6,5,54.55,0,0,0,0,0,0,0,0
pbt,bintrie,5,4,storage_sload_k1,5,,3506,5900418,1,122.4149,16.2528,3.4693,1.2255,143.5363,41.1075,8,258,2,183,2,0,0,0,0,0,0,8,0,47,211,18.22,2,0,100,183,0
pbt,bintrie,5,4,storage_sload_k1,5,,3507,0,0,0.0242,2.859,0.0024,0.1789,3.1977,0,4,0,0,0,0,0,0,0,0,0,0,4,0,0,0,0,0,0,0,0,0
pbt,bintrie,5,4,storage_sload_k1,5,,3508,21000,1,0.0615,16.8406,2.5887,0.6065,22.2201,0.9451,6,0,0,0,2,0,0,0,0,0,2,4,33.33,0,0,0,0,0,0,0,0
pbt,bintrie,5,4,storage_sload_k1,5,,3509,0,0,0.0214,2.4947,0.0015,0.1803,2.8852,0,4,0,0,0,0,0,0,0,0,0,0,4,0,0,0,0,0,0,0,0,0
pbt,bintrie,5,4,storage_sload_k1,6,,3510,0,0,0.0416,3.125,0.002,0.2016,3.6882,0,4,0,0,0,0,0,0,0,0,0,0,4,0,0,0,0,0,0,0,0,0
pbt,bintrie,5,4,storage_sload_k1,6,,3511,0,0,0.0456,3.3852,0.0019,0.1102,4.0229,0,4,0,0,0,0,0,0,0,0,0,0,4,0,0,0,0,0,0,0,0,0
pbt,bintrie,5,4,storage_sload_k1,6,,3512,0,0,0.021,6.0426,0.0011,0.1062,6.3393,0,4,0,0,0,0,0,0,0,0,0,0,4,0,0,0,0,0,0,0,0,0
pbt,bintrie,5,4,storage_sload_k1,6,,3513,86120,2,0.1158,22.5077,2.7724,4.7064,30.2836,2.8438,11,0,0,0,3,0,0,0,1,155,5,6,45.45,0,0,0,0,0,0,0,0
pbt,bintrie,5,4,storage_sload_k1,6,,3514,5900418,1,126.194,2.7267,3.2604,0.5699,133.0488,44.3478,8,258,2,183,2,0,0,0,0,0,4,4,50,169,89,65.5,2,0,100,183,0
pbt,bintrie,5,4,storage_sload_k1,6,,3515,21000,1,0.0716,18.8904,16.7297,0.6002,36.4635,0.5759,6,0,0,0,2,0,0,0,0,0,2,4,33.33,0,0,0,0,0,0,0,0
pbt,bintrie,5,4,storage_sload_k1,6,,3516,0,0,0.0285,2.6059,0.0015,0.3284,3.4787,0,4,0,0,0,0,0,0,0,0,0,0,4,0,0,0,0,0,0,0,0,0
pbt,bintrie,5,4,storage_sload_k1,7,,3517,0,0,0.0625,3.1263,0.0021,0.1778,3.5523,0,4,0,0,0,0,0,0,0,0,0,0,4,0,0,0,0,0,0,0,0,0
pbt,bintrie,5,4,storage_sload_k1,7,,3518,0,0,0.1915,3.2578,0.002,0.1573,4.1109,0,4,0,0,0,0,0,0,0,0,0,0,4,0,0,0,0,0,0,0,0,0
pbt,bintrie,5,4,storage_sload_k1,7,,3519,0,0,0.027,14.1843,0.0012,0.089,14.4635,0,4,0,0,0,0,0,0,0,0,0,0,4,0,0,0,0,0,0,0,0,0
pbt,bintrie,5,4,storage_sload_k1,7,,3520,86120,2,0.1232,14.6798,13.3167,4.4234,32.7229,2.6318,11,0,0,0,3,0,0,0,1,155,5,6,45.45,0,0,0,0,0,0,0,0
pbt,bintrie,5,4,storage_sload_k1,7,,3521,5900418,1,111.7013,6.8848,2.663,0.8425,122.6065,48.1248,8,258,2,183,2,0,0,0,0,0,2,6,25,76,182,29.46,2,0,100,183,0
pbt,bintrie,5,4,storage_sload_k1,7,,3522,21000,1,0.0909,4.8209,4.6051,0.6502,10.3882,2.0215,6,0,0,0,2,0,0,0,0,0,2,4,33.33,0,0,0,0,0,0,0,0
pbt,bintrie,5,4,storage_sload_k1,7,,3523,0,0,0.0261,2.9435,0.0013,0.1435,3.2476,0,4,0,0,0,0,0,0,0,0,0,0,4,0,0,0,0,0,0,0,0,0
pbt,bintrie,5,4,storage_sload_k1,8,,3524,0,0,0.0553,3.4884,0.0021,0.4401,4.2629,0,4,0,0,0,0,0,0,0,0,0,0,4,0,0,0,0,0,0,0,0,0
pbt,bintrie,5,4,storage_sload_k1,8,,3525,0,0,0.0313,2.9285,0.0017,0.1343,3.2318,0,4,0,0,0,0,0,0,0,0,0,0,4,0,0,0,0,0,0,0,0,0
pbt,bintrie,5,4,storage_sload_k1,8,,3526,0,0,0.0359,3.2739,0.0025,0.1523,3.6429,0,4,0,0,0,0,0,0,0,0,0,0,4,0,0,0,0,0,0,0,0,0
pbt,bintrie,5,4,storage_sload_k1,8,,3527,86120,2,0.1724,24.7638,3.0155,4.5975,32.7656,2.6284,11,0,0,0,3,0,0,0,1,155,5,6,45.45,0,0,0,0,0,0,0,0
pbt,bintrie,5,4,storage_sload_k1,8,,3528,5900418,1,106.5222,21.6367,3.6953,0.6677,132.7871,44.4352,8,258,2,183,2,0,0,0,0,0,3,5,37.5,112,146,43.41,2,0,100,183,0
pbt,bintrie,5,4,storage_sload_k1,8,,3529,21000,1,0.0628,5.1836,21.1795,0.6196,27.1956,0.7722,6,0,0,0,2,0,0,0,0,0,2,4,33.33,0,0,0,0,0,0,0,0
pbt,bintrie,5,4,storage_sload_k1,9,,3530,0,0,0.0597,3.3982,0.0019,0.2125,3.9352,0,4,0,0,0,0,0,0,0,0,0,0,4,0,0,0,0,0,0,0,0,0
pbt,bintrie,5,4,storage_sload_k1,9,,3531,0,0,0.031,2.759,0.0014,0.1549,3.105,0,4,0,0,0,0,0,0,0,0,0,0,4,0,0,0,0,0,0,0,0,0
pbt,bintrie,5,4,storage_sload_k1,9,,3532,0,0,0.0396,14.62,0.0022,0.1096,14.9365,0,4,0,0,0,0,0,0,0,0,0,0,4,0,0,0,0,0,0,0,0,0
pbt,bintrie,5,4,storage_sload_k1,9,,3533,86120,2,0.0943,24.5187,3.0221,5.8153,33.6364,2.5603,11,0,0,0,3,0,0,0,1,155,6,5,54.55,0,0,0,0,0,0,0,0
pbt,bintrie,5,4,storage_sload_k1,9,,3534,5900418,1,116.5332,6.1883,3.4868,0.7133,127.1601,46.4015,8,258,2,183,2,0,0,0,0,0,2,6,25,57,201,22.09,2,0,100,183,0
pbt,bintrie,5,4,storage_sload_k1,9,,3535,21000,1,0.0576,3.0246,18.2454,0.7178,23.3224,0.9004,6,0,0,0,2,0,0,0,0,0,2,4,33.33,0,0,0,0,0,0,0,0
pbt,bintrie,5,4,storage_sload_k1,9,,3536,0,0,0.0258,2.7372,0.0016,0.2324,3.4484,0,4,0,0,0,0,0,0,0,0,0,0,4,0,0,0,0,0,0,0,0,0
pbt,bintrie,5,4,storage_sload_k10,10,,3675,0,0,0.0421,2.723,0.0014,0.1617,3.085,0,4,0,0,0,0,0,0,0,0,0,0,4,0,0,0,0,0,0,0,0,0
pbt,bintrie,5,4,storage_sload_k10,10,,3676,0,0,0.0446,5.1195,0.0024,0.2712,5.5991,0,4,0,0,0,0,0,0,0,0,0,0,4,0,0,0,0,0,0,0,0,0
pbt,bintrie,5,4,storage_sload_k10,10,,3677,0,0,0.0364,7.2898,0.0017,0.0883,7.5727,0,4,0,0,0,0,0,0,0,0,0,0,4,0,0,0,0,0,0,0,0,0
pbt,bintrie,5,4,storage_sload_k10,10,,3678,86852,2,0.1055,24.4988,2.6069,4.6722,32.0354,2.7111,11,0,0,0,3,0,0,0,1,157,6,5,54.55,0,0,0,0,0,0,0,0
pbt,bintrie,5,4,storage_sload_k10,10,,3679,5900140,1,123.8548,6.3142,2.7116,0.66,133.7226,44.1222,17,258,11,437,2,0,0,0,0,0,10,7,58.82,139,119,53.88,11,0,100,437,0
pbt,bintrie,5,4,storage_sload_k10,10,,3680,21000,1,0.0716,13.46,21.6222,0.6414,35.9542,0.5841,6,0,0,0,2,0,0,0,0,0,2,4,33.33,0,0,0,0,0,0,0,0
pbt,bintrie,5,4,storage_sload_k10,11,,3681,0,0,0.0495,3.5081,0.0017,0.1793,3.9951,0,4,0,0,0,0,0,0,0,0,0,0,4,0,0,0,0,0,0,0,0,0
pbt,bintrie,5,4,storage_sload_k10,11,,3682,0,0,0.0312,3.1868,0.0018,0.1919,3.5451,0,4,0,0,0,0,0,0,0,0,0,0,4,0,0,0,0,0,0,0,0,0
pbt,bintrie,5,4,storage_sload_k10,11,,3683,0,0,0.0253,14.2019,0.0018,0.1284,14.5686,0,4,0,0,0,0,0,0,0,0,0,0,4,0,0,0,0,0,0,0,0,0
pbt,bintrie,5,4,storage_sload_k10,11,,3684,86852,2,0.4779,23.8541,3.1386,4.6811,32.3358,2.6859,11,0,0,0,3,0,0,0,1,157,5,6,45.45,0,0,0,0,0,0,0,0
pbt,bintrie,5,4,storage_sload_k10,11,,3685,5900140,1,108.8874,21.469,3.5363,0.664,134.8097,43.7664,17,258,11,437,2,0,0,0,0,0,13,4,76.47,256,2,99.22,11,0,100,437,0
pbt,bintrie,5,4,storage_sload_k10,11,,3686,21000,1,0.0646,21.222,2.3118,0.6581,24.4468,0.859,6,0,0,0,2,0,0,0,0,0,2,4,33.33,0,0,0,0,0,0,0,0
pbt,bintrie,5,4,storage_sload_k10,11,,3687,0,0,0.0365,22.9807,0.0038,0.1589,23.3822,0,4,0,0,0,0,0,0,0,0,0,0,4,0,0,0,0,0,0,0,0,0
pbt,bintrie,5,4,storage_sload_k10,12,,3688,0,0,0.0391,3.084,0.0014,0.1915,3.4964,0,4,0,0,0,0,0,0,0,0,0,0,4,0,0,0,0,0,0,0,0,0
pbt,bintrie,5,4,storage_sload_k10,12,,3689,0,0,0.0446,6.5442,0.0026,0.1571,7.0965,0,4,0,0,0,0,0,0,0,0,0,0,4,0,0,0,0,0,0,0,0,0
pbt,bintrie,5,4,storage_sload_k10,12,,3690,0,0,0.0239,17.216,0.0014,0.1434,17.6245,0,4,0,0,0,0,0,0,0,0,0,0,4,0,0,0,0,0,0,0,0,0
pbt,bintrie,5,4,storage_sload_k10,12,,3691,86852,2,0.1001,2.9058,13.8188,4.6576,23.7191,3.6617,11,0,0,0,3,0,0,0,1,157,5,6,45.45,0,0,0,0,0,0,0,0
pbt,bintrie,5,4,storage_sload_k10,12,,3692,5900140,1,143.003,6.847,2.5698,0.8639,153.649,38.4001,17,258,11,437,2,0,0,0,0,0,5,12,29.41,27,231,10.47,11,0,100,437,0
pbt,bintrie,5,4,storage_sload_k10,12,,3693,21000,1,0.0607,2.8072,2.2238,0.552,5.8225,3.6067,6,0,0,0,2,0,0,0,0,0,2,4,33.33,0,0,0,0,0,0,0,0
pbt,bintrie,5,4,storage_sload_k10,12,,3694,0,0,0.0211,2.8137,0.0015,0.0852,3.1197,0,4,0,0,0,0,0,0,0,0,0,0,4,0,0,0,0,0,0,0,0,0
pbt,bintrie,5,4,storage_sload_k10,13,,3695,0,0,0.0838,3.2772,0.005,0.2544,3.832,0,4,0,0,0,0,0,0,0,0,0,0,4,0,0,0,0,0,0,0,0,0
pbt,bintrie,5,4,storage_sload_k10,13,,3696,0,0,0.058,10.8058,0.0022,0.1705,11.4803,0,4,0,0,0,0,0,0,0,0,0,0,4,0,0,0,0,0,0,0,0,0
pbt,bintrie,5,4,storage_sload_k10,13,,3697,0,0,0.0261,3.2807,0.0017,0.1374,3.5866,0,4,0,0,0,0,0,0,0,0,0,0,4,0,0,0,0,0,0,0,0,0
pbt,bintrie,5,4,storage_sload_k10,13,,3698,86852,2,0.1269,15.9302,15.624,4.5909,36.5072,2.379,11,0,0,0,3,0,0,0,1,157,5,6,45.45,0,0,0,0,0,0,0,0
pbt,bintrie,5,4,storage_sload_k10,13,,3699,5900140,1,111.6958,8.9839,2.5481,0.8705,124.6146,47.3471,17,258,11,437,2,0,0,0,0,0,2,15,11.76,12,246,4.65,11,0,100,437,0
pbt,bintrie,5,4,storage_sload_k10,13,,3700,21000,1,5.0797,3.2987,2.4115,0.6134,11.5842,1.8128,6,0,0,0,2,0,0,0,0,0,0,6,0,0,0,0,0,0,0,0,0
pbt,bintrie,5,4,storage_sload_k10,13,,3701,0,0,0.033,3.2673,0.002,0.1753,3.6511,0,4,0,0,0,0,0,0,0,0,0,0,4,0,0,0,0,0,0,0,0,0
pbt,bintrie,5,4,storage_sload_k10,14,,3702,0,0,0.0373,2.8004,0.0013,0.1627,3.2192,0,4,0,0,0,0,0,0,0,0,0,0,4,0,0,0,0,0,0,0,0,0
pbt,bintrie,5,4,storage_sload_k10,14,,3703,0,0,0.0433,5.737,0.0017,0.0926,6.2758,0,4,0,0,0,0,0,0,0,0,0,0,4,0,0,0,0,0,0,0,0,0
pbt,bintrie,5,4,storage_sload_k10,14,,3704,0,0,0.0337,2.7801,0.0016,0.0938,3.0768,0,4,0,0,0,0,0,0,0,0,0,0,4,0,0,0,0,0,0,0,0,0
pbt,bintrie,5,4,storage_sload_k10,14,,3705,86852,2,0.1433,14.854,15.2492,4.7746,35.2486,2.464,11,0,0,0,3,0,0,0,1,157,5,6,45.45,0,0,0,0,0,0,0,0
pbt,bintrie,5,4,storage_sload_k10,14,,3706,5900140,1,116.175,4.8813,3.8627,0.9866,126.2052,46.7504,17,258,11,437,2,0,0,0,0,0,5,12,29.41,74,184,28.68,11,0,100,437,0
pbt,bintrie,5,4,storage_sload_k10,14,,3707,21000,1,0.0719,4.0363,2.2034,0.5776,7.0361,2.9846,6,0,0,0,2,0,0,0,0,0,2,4,33.33,0,0,0,0,0,0,0,0
pbt,bintrie,5,4,storage_sload_k10,14,,3708,0,0,0.026,2.6557,0.0019,0.117,2.9565,0,4,0,0,0,0,0,0,0,0,0,0,4,0,0,0,0,0,0,0,0,0
pbt,bintrie,5,4,storage_sload_k10,15,,3709,0,0,0.0521,2.7545,0.0014,0.1488,3.1442,0,4,0,0,0,0,0,0,0,0,0,0,4,0,0,0,0,0,0,0,0,0
pbt,bintrie,5,4,storage_sload_k10,15,,3710,0,0,0.0405,3.3934,0.0023,0.102,3.7414,0,4,0,0,0,0,0,0,0,0,0,0,4,0,0,0,0,0,0,0,0,0
pbt,bintrie,5,4,storage_sload_k10,15,,3711,0,0,0.0304,2.8584,0.0015,0.1058,3.1946,0,4,0,0,0,0,0,0,0,0,0,0,4,0,0,0,0,0,0,0,0,0
pbt,bintrie,5,4,storage_sload_k10,15,,3712,86852,2,0.1266,16.2473,3.0204,4.9841,24.5533,3.5373,11,0,0,0,3,0,0,0,1,157,5,6,45.45,0,0,0,0,0,0,0,0
pbt,bintrie,5,4,storage_sload_k10,15,,3713,5900140,1,151.211,19.9825,3.5686,0.6667,175.6786,33.5849,17,258,11,437,2,0,0,0,0,0,4,13,23.53,52,206,20.16,11,0,100,437,0
pbt,bintrie,5,4,storage_sload_k10,15,,3714,21000,1,0.0601,20.8131,2.4352,0.5949,24.0765,0.8722,6,0,0,0,2,0,0,0,0,0,2,4,33.33,0,0,0,0,0,0,0,0
pbt,bintrie,5,4,storage_sload_k10,15,,3715,0,0,0.0206,2.4367,0.0016,0.0977,2.7126,0,4,0,0,0,0,0,0,0,0,0,0,4,0,0,0,0,0,0,0,0,0
pbt,bintrie,5,4,storage_sload_k10,16,,3716,0,0,0.037,2.9439,0.0018,0.188,3.4155,0,4,0,0,0,0,0,0,0,0,0,0,4,0,0,0,0,0,0,0,0,0
pbt,bintrie,5,4,storage_sload_k10,16,,3717,0,0,0.0367,5.7688,0.0021,0.2434,6.3922,0,4,0,0,0,0,0,0,0,0,0,0,4,0,0,0,0,0,0,0,0,0
pbt,bintrie,5,4,storage_sload_k10,16,,3718,0,0,0.0307,3.0731,0.0013,0.0925,3.3554,0,4,0,0,0,0,0,0,0,0,0,0,4,0,0,0,0,0,0,0,0,0
pbt,bintrie,5,4,storage_sload_k10,16,,3719,86852,2,0.1202,25.0117,2.5741,4.9802,32.8496,2.6439,11,0,0,0,3,0,0,0,1,157,6,5,54.55,0,0,0,0,0,0,0,0
pbt,bintrie,5,4,storage_sload_k10,16,,3720,5900140,1,111.5695,8.4498,2.3856,0.8409,123.3985,47.8137,17,258,11,437,2,0,0,0,0,0,8,9,47.06,128,130,49.61,11,0,100,437,0
pbt,bintrie,5,4,storage_sload_k10,16,,3721,21000,1,0.0672,16.1828,13.5707,0.6659,30.6536,0.6851,6,0,0,0,2,0,0,0,0,0,2,4,33.33,0,0,0,0,0,0,0,0
pbt,bintrie,5,4,storage_sload_k10,16,,3722,0,0,0.0274,4.781,0.0019,0.1174,5.1164,0,4,0,0,0,0,0,0,0,0,0,0,4,0,0,0,0,0,0,0,0,0
pbt,bintrie,5,4,storage_sload_k10,17,,3723,0,0,0.0326,2.8166,0.0013,0.1342,3.1741,0,4,0,0,0,0,0,0,0,0,0,0,4,0,0,0,0,0,0,0,0,0
pbt,bintrie,5,4,storage_sload_k10,17,,3724,0,0,0.0504,5.7042,0.0022,0.1474,6.3777,0,4,0,0,0,0,0,0,0,0,0,0,4,0,0,0,0,0,0,0,0,0
pbt,bintrie,5,4,storage_sload_k10,17,,3725,0,0,0.1029,3.3777,0.003,0.083,3.7167,0,4,0,0,0,0,0,0,0,0,0,0,4,0,0,0,0,0,0,0,0,0
pbt,bintrie,5,4,storage_sload_k10,17,,3726,86852,2,0.1085,12.2122,2.5367,5.5011,21.5247,4.035,11,0,0,0,3,0,0,0,1,157,5,6,45.45,0,0,0,0,0,0,0,0
pbt,bintrie,5,4,storage_sload_k10,17,,3727,5900140,1,134.5914,13.6135,2.4727,0.7401,151.7783,38.8734,17,258,11,437,2,0,0,0,0,0,3,14,17.65,42,216,16.28,11,0,100,437,0
pbt,bintrie,5,4,storage_sload_k10,17,,3728,21000,1,0.0601,23.6259,2.3733,0.6103,26.8213,0.783,6,0,0,0,2,0,0,0,0,0,2,4,33.33,0,0,0,0,0,0,0,0
pbt,bintrie,5,4,storage_sload_k10,17,,3729,0,0,0.0205,2.531,0.0012,0.0893,2.7839,0,4,0,0,0,0,0,0,0,0,0,0,4,0,0,0,0,0,0,0,0,0
pbt,bintrie,5,4,storage_sload_k10,18,,3730,0,0,0.0434,2.854,0.0016,0.2057,3.3046,0,4,0,0,0,0,0,0,0,0,0,0,4,0,0,0,0,0,0,0,0,0
pbt,bintrie,5,4,storage_sload_k10,18,,3731,0,0,0.025,2.6052,0.0015,0.099,2.9204,0,4,0,0,0,0,0,0,0,0,0,0,4,0,0,0,0,0,0,0,0,0
pbt,bintrie,5,4,storage_sload_k10,18,,3732,0,0,0.0309,2.9352,0.0013,0.0892,3.2259,0,4,0,0,0,0,0,0,0,0,0,0,4,0,0,0,0,0,0,0,0,0
pbt,bintrie,5,4,storage_sload_k10,18,,3733,86852,2,0.1777,20.0429,3.3048,5.1655,28.8694,3.0084,11,0,0,0,3,0,0,0,1,157,5,6,45.45,0,0,0,0,0,0,0,0
pbt,bintrie,5,4,storage_sload_k10,18,,3734,5900140,1,120.2539,19.307,2.577,0.6514,142.9915,41.2622,17,258,11,437,2,0,0,0,0,0,5,12,29.41,65,193,25.19,11,0,100,437,0
pbt,bintrie,5,4,storage_sload_k10,18,,3735,21000,1,0.0609,2.8706,2.4476,0.8351,6.36,3.3019,6,0,0,0,2,0,0,0,0,0,2,4,33.33,0,0,0,0,0,0,0,0
pbt,bintrie,5,4,storage_sload_k10,18,,3736,0,0,0.0297,2.7805,0.0017,0.1659,3.176,0,4,0,0,0,0,0,0,0,0,0,0,4,0,0,0,0,0,0,0,0,0
pbt,bintrie,5,4,storage_sload_k10,19,,3737,0,0,0.0396,2.7394,0.0012,0.1296,7.1417,0,4,0,0,0,0,0,0,0,0,0,0,4,0,0,0,0,0,0,0,0,0
pbt,bintrie,5,4,storage_sload_k10,19,,3738,0,0,0.0368,7.6773,0.0023,0.1331,8.2404,0,4,0,0,0,0,0,0,0,0,0,0,4,0,0,0,0,0,0,0,0,0
pbt,bintrie,5,4,storage_sload_k10,19,,3739,0,0,0.0346,17.7068,0.0018,0.127,18.0673,0,4,0,0,0,0,0,0,0,0,0,0,4,0,0,0,0,0,0,0,0,0
pbt,bintrie,5,4,storage_sload_k10,19,,3740,86852,2,0.1162,14.8316,17.5491,4.6865,37.3527,2.3252,11,0,0,0,3,0,0,0,1,157,5,6,45.45,0,0,0,0,0,0,0,0
pbt,bintrie,5,4,storage_sload_k10,19,,3741,5900140,1,122.0145,5.8652,2.5026,0.6812,131.2608,44.9498,17,258,11,437,2,0,0,0,0,0,3,14,17.65,24,234,9.3,11,0,100,437,0
pbt,bintrie,5,4,storage_sload_k10,19,,3742,21000,1,0.0597,2.7027,16.0619,0.5604,19.508,1.0765,6,0,0,0,2,0,0,0,0,0,2,4,33.33,0,0,0,0,0,0,0,0
pbt,bintrie,5,4,storage_sload_k10,19,,3743,0,0,0.0235,9.1792,0.0012,0.0933,9.4797,0,4,0,0,0,0,0,0,0,0,0,0,4,0,0,0,0,0,0,0,0,0
pbt,bintrie,5,4,storage_sload_k10,1,,3612,0,0,0.0399,3.5481,0.0015,0.1859,3.9914,0,4,0,0,0,0,0,0,0,0,0,0,4,0,0,0,0,0,0,0,0,0
pbt,bintrie,5,4,storage_sload_k10,1,,3613,0,0,0.0389,3.1285,0.0021,0.1846,3.5491,0,4,0,0,0,0,0,0,0,0,0,0,4,0,0,0,0,0,0,0,0,0
pbt,bintrie,5,4,storage_sload_k10,1,,3614,0,0,0.0318,3.4534,0.0015,0.1152,3.776,0,4,0,0,0,0,0,0,0,0,0,0,4,0,0,0,0,0,0,0,0,0
pbt,bintrie,5,4,storage_sload_k10,1,,3615,86852,2,0.1246,18.8787,2.6863,4.9364,28.4109,3.057,11,0,0,0,3,0,0,0,1,157,5,6,45.45,0,0,0,0,0,0,0,0
pbt,bintrie,5,4,storage_sload_k10,1,,3616,5900140,1,116.9313,5.981,2.4049,0.9956,126.6931,46.5703,17,258,11,437,2,0,0,0,0,0,8,9,47.06,150,108,58.14,11,0,100,437,0
pbt,bintrie,5,4,storage_sload_k10,1,,3617,0,0,0.0392,19.6486,0.0022,0.1083,19.961,0,4,0,0,0,0,0,0,0,0,0,0,4,0,0,0,0,0,0,0,0,0
pbt,bintrie,5,4,storage_sload_k10,1,,3618,21000,1,0.0565,2.7025,2.2272,0.5771,5.7366,3.6607,6,0,0,0,2,0,0,0,0,0,2,4,33.33,0,0,0,0,0,0,0,0
pbt,bintrie,5,4,storage_sload_k10,1,,3619,0,0,0.0242,3.1473,0.0015,0.1167,3.4401,0,4,0,0,0,0,0,0,0,0,0,0,4,0,0,0,0,0,0,0,0,0
pbt,bintrie,5,4,storage_sload_k10,20,,3744,0,0,0.0686,2.8299,0.0013,0.1621,3.3715,0,4,0,0,0,0,0,0,0,0,0,0,4,0,0,0,0,0,0,0,0,0
pbt,bintrie,5,4,storage_sload_k10,20,,3745,0,0,0.0454,3.5523,0.003,0.1762,4.1538,0,4,0,0,0,0,0,0,0,0,0,0,4,0,0,0,0,0,0,0,0,0
pbt,bintrie,5,4,storage_sload_k10,20,,3746,0,0,0.0369,14.4939,0.0018,0.1349,14.8345,0,4,0,0,0,0,0,0,0,0,0,0,4,0,0,0,0,0,0,0,0,0
pbt,bintrie,5,4,storage_sload_k10,20,,3747,86852,2,0.0876,13.9003,13.7415,4.966,32.9026,2.6397,11,0,0,0,3,0,0,0,1,157,6,5,54.55,0,0,0,0,0,0,0,0
pbt,bintrie,5,4,storage_sload_k10,20,,3748,5900140,1,123.6718,5.4499,2.9187,0.8109,133.1327,44.3178,17,258,11,437,2,0,0,0,0,0,5,12,29.41,76,182,29.46,11,0,100,437,0
pbt,bintrie,5,4,storage_sload_k10,20,,3749,21000,1,0.0583,2.7399,2.2997,0.5753,5.8218,3.6071,6,0,0,0,2,0,0,0,0,0,2,4,33.33,0,0,0,0,0,0,0,0
pbt,bintrie,5,4,storage_sload_k10,20,,3750,0,0,0.0238,2.5157,0.0013,0.0916,2.7629,0,4,0,0,0,0,0,0,0,0,0,0,4,0,0,0,0,0,0,0,0,0
pbt,bintrie,5,4,storage_sload_k10,2,,3620,0,0,0.1005,3.7337,0.0018,0.2365,4.3495,0,4,0,0,0,0,0,0,0,0,0,0,4,0,0,0,0,0,0,0,0,0
pbt,bintrie,5,4,storage_sload_k10,2,,3621,0,0,0.0353,3.5245,0.0029,0.116,3.8554,0,4,0,0,0,0,0,0,0,0,0,0,4,0,0,0,0,0,0,0,0,0
pbt,bintrie,5,4,storage_sload_k10,2,,3622,0,0,0.0233,2.7932,0.0012,0.1157,3.1109,0,4,0,0,0,0,0,0,0,0,0,0,4,0,0,0,0,0,0,0,0,0
pbt,bintrie,5,4,storage_sload_k10,2,,3623,86852,2,0.1296,23.2366,2.6833,4.9256,31.2059,2.7832,11,0,0,0,3,0,0,0,1,157,7,4,63.64,0,0,0,0,0,0,0,0
pbt,bintrie,5,4,storage_sload_k10,2,,3624,5900140,1,120.461,8.0605,3.6309,0.8523,133.2965,44.2633,17,258,11,437,2,0,0,0,0,0,4,13,23.53,50,208,19.38,11,0,100,437,0
pbt,bintrie,5,4,storage_sload_k10,2,,3625,0,0,0.0213,2.6151,0.0016,0.0998,2.9196,0,4,0,0,0,0,0,0,0,0,0,0,4,0,0,0,0,0,0,0,0,0
pbt,bintrie,5,4,storage_sload_k10,2,,3626,21000,1,0.059,2.7814,16.0908,0.615,19.7018,1.0659,6,0,0,0,2,0,0,0,0,0,2,4,33.33,0,0,0,0,0,0,0,0
pbt,bintrie,5,4,storage_sload_k10,2,,3627,0,0,0.0348,2.7081,0.0018,0.2395,3.425,0,4,0,0,0,0,0,0,0,0,0,0,4,0,0,0,0,0,0,0,0,0
pbt,bintrie,5,4,storage_sload_k10,3,,3628,0,0,0.0489,3.0043,0.0021,0.1861,3.4745,0,4,0,0,0,0,0,0,0,0,0,0,4,0,0,0,0,0,0,0,0,0
pbt,bintrie,5,4,storage_sload_k10,3,,3629,0,0,0.0258,2.744,0.0016,0.088,3.1375,0,4,0,0,0,0,0,0,0,0,0,0,4,0,0,0,0,0,0,0,0,0
pbt,bintrie,5,4,storage_sload_k10,3,,3630,0,0,0.0333,15.2227,0.0018,0.1427,15.6054,0,4,0,0,0,0,0,0,0,0,0,0,4,0,0,0,0,0,0,0,0,0
pbt,bintrie,5,4,storage_sload_k10,3,,3631,86852,2,0.1388,23.2869,2.76,4.5095,30.8557,2.8148,11,0,0,0,3,0,0,0,1,157,6,5,54.55,0,0,0,0,0,0,0,0
pbt,bintrie,5,4,storage_sload_k10,3,,3632,5900140,1,123.4576,23.7841,2.5691,0.7137,150.6971,39.1523,17,258,11,437,2,0,0,0,0,0,7,10,41.18,144,114,55.81,11,0,100,437,0
pbt,bintrie,5,4,storage_sload_k10,3,,3633,21000,1,0.0915,14.95,17.9142,0.8025,33.9577,0.6184,6,0,0,0,2,0,0,0,0,0,2,4,33.33,0,0,0,0,0,0,0,0
pbt,bintrie,5,4,storage_sload_k10,3,,3634,0,0,0.0341,4.3626,0.0016,0.2307,5.0742,0,4,0,0,0,0,0,0,0,0,0,0,4,0,0,0,0,0,0,0,0,0
pbt,bintrie,5,4,storage_sload_k10,4,,3635,0,0,0.0478,3.4731,0.0027,0.2613,4.0623,0,4,0,0,0,0,0,0,0,0,0,0,4,0,0,0,0,0,0,0,0,0
pbt,bintrie,5,4,storage_sload_k10,4,,3636,0,0,0.0616,4.1537,0.0018,0.0944,5.1126,0,4,0,0,0,0,0,0,0,0,0,0,4,0,0,0,0,0,0,0,0,0
pbt,bintrie,5,4,storage_sload_k10,4,,3637,0,0,0.0294,18.2365,0.002,0.1229,18.5605,0,4,0,0,0,0,0,0,0,0,0,0,4,0,0,0,0,0,0,0,0,0
pbt,bintrie,5,4,storage_sload_k10,4,,3638,86852,2,0.1041,15.3874,14.934,4.8158,35.4488,2.4501,11,0,0,0,3,0,0,0,1,157,5,6,45.45,0,0,0,0,0,0,0,0
pbt,bintrie,5,4,storage_sload_k10,4,,3639,5900140,1,106.7186,5.7495,2.5167,0.8042,115.9479,50.8861,17,258,11,437,2,0,0,0,0,0,4,13,23.53,48,210,18.6,11,0,100,437,0
pbt,bintrie,5,4,storage_sload_k10,4,,3640,21000,1,0.0712,2.9759,13.0989,0.5879,16.8913,1.2432,6,0,0,0,2,0,0,0,0,0,2,4,33.33,0,0,0,0,0,0,0,0
pbt,bintrie,5,4,storage_sload_k10,5,,3641,0,0,0.0461,3.2193,0.0018,0.199,3.7262,0,4,0,0,0,0,0,0,0,0,0,0,4,0,0,0,0,0,0,0,0,0
pbt,bintrie,5,4,storage_sload_k10,5,,3642,0,0,0.0353,6.6406,0.0026,0.133,7.2324,0,4,0,0,0,0,0,0,0,0,0,0,4,0,0,0,0,0,0,0,0,0
pbt,bintrie,5,4,storage_sload_k10,5,,3643,0,0,0.024,2.737,0.0014,0.0857,3.0051,0,4,0,0,0,0,0,0,0,0,0,0,4,0,0,0,0,0,0,0,0,0
pbt,bintrie,5,4,storage_sload_k10,5,,3644,86852,2,0.1201,17.1462,14.1402,4.9294,36.5233,2.378,11,0,0,0,3,0,0,0,1,157,6,5,54.55,0,0,0,0,0,0,0,0
pbt,bintrie,5,4,storage_sload_k10,5,,3645,5900140,1,143.621,7.0138,2.5116,0.9001,154.387,38.2166,17,258,11,437,2,0,0,0,0,0,2,15,11.76,22,236,8.53,11,0,100,437,0
pbt,bintrie,5,4,storage_sload_k10,5,,3646,21000,1,0.1141,5.0369,2.3972,0.6469,8.4008,2.4998,6,0,0,0,2,0,0,0,0,0,2,4,33.33,0,0,0,0,0,0,0,0
pbt,bintrie,5,4,storage_sload_k10,5,,3647,0,0,0.0343,16.2681,0.003,0.1743,16.6895,0,4,0,0,0,0,0,0,0,0,0,0,4,0,0,0,0,0,0,0,0,0
pbt,bintrie,5,4,storage_sload_k10,6,,3648,0,0,0.0393,3.0482,0.0019,0.1485,3.4109,0,4,0,0,0,0,0,0,0,0,0,0,4,0,0,0,0,0,0,0,0,0
pbt,bintrie,5,4,storage_sload_k10,6,,3649,0,0,0.0282,4.3374,0.002,0.1871,4.833,0,4,0,0,0,0,0,0,0,0,0,0,4,0,0,0,0,0,0,0,0,0
pbt,bintrie,5,4,storage_sload_k10,6,,3650,0,0,0.0259,15.057,0.0021,0.1017,15.3481,0,4,0,0,0,0,0,0,0,0,0,0,4,0,0,0,0,0,0,0,0,0
pbt,bintrie,5,4,storage_sload_k10,6,,3651,86852,2,0.1376,3.0843,15.1426,4.751,24.0358,3.6134,11,0,0,0,3,0,0,0,1,157,5,6,45.45,0,0,0,0,0,0,0,0
pbt,bintrie,5,4,storage_sload_k10,6,,3652,5900140,1,113.4719,6.1405,2.5174,1.0024,123.5245,47.7649,17,258,11,437,2,0,0,0,0,0,5,12,29.41,82,176,31.78,11,0,100,437,0
pbt,bintrie,5,4,storage_sload_k10,6,,3653,21000,1,0.0605,7.4489,5.3435,0.6325,13.6625,1.5371,6,0,0,0,2,0,0,0,0,0,2,4,33.33,0,0,0,0,0,0,0,0
pbt,bintrie,5,4,storage_sload_k10,6,,3654,0,0,0.0247,3.2274,0.0018,0.1402,3.5298,0,4,0,0,0,0,0,0,0,0,0,0,4,0,0,0,0,0,0,0,0,0
pbt,bintrie,5,4,storage_sload_k10,7,,3655,0,0,0.0473,5.0268,0.0015,0.2959,5.5673,0,4,0,0,0,0,0,0,0,0,0,0,4,0,0,0,0,0,0,0,0,0
pbt,bintrie,5,4,storage_sload_k10,7,,3656,0,0,0.0593,5.6763,0.0021,0.196,6.2805,0,4,0,0,0,0,0,0,0,0,0,0,4,0,0,0,0,0,0,0,0,0
pbt,bintrie,5,4,storage_sload_k10,7,,3657,0,0,0.0428,6.996,0.002,0.1042,7.3559,0,4,0,0,0,0,0,0,0,0,0,0,4,0,0,0,0,0,0,0,0,0
pbt,bintrie,5,4,storage_sload_k10,7,,3658,86852,2,0.1424,3.3167,17.768,4.3717,25.8574,3.3589,11,0,0,0,3,0,0,0,1,157,5,6,45.45,0,0,0,0,0,0,0,0
pbt,bintrie,5,4,storage_sload_k10,7,,3659,5900140,1,170.951,5.8138,2.6146,0.9522,180.9092,32.6138,17,258,11,437,2,0,0,0,0,0,10,7,58.82,178,80,68.99,11,0,100,437,0
pbt,bintrie,5,4,storage_sload_k10,7,,3660,21000,1,0.1154,3.1374,2.3594,0.5867,6.9093,3.0394,6,0,0,0,2,0,0,0,0,0,2,4,33.33,0,0,0,0,0,0,0,0
pbt,bintrie,5,4,storage_sload_k10,7,,3661,0,0,0.0345,11.0688,0.0039,0.1994,15.3326,0,4,0,0,0,0,0,0,0,0,0,0,4,0,0,0,0,0,0,0,0,0
pbt,bintrie,5,4,storage_sload_k10,8,,3662,0,0,0.05,4.5553,0.0022,0.2465,5.0662,0,4,0,0,0,0,0,0,0,0,0,0,4,0,0,0,0,0,0,0,0,0
pbt,bintrie,5,4,storage_sload_k10,8,,3663,0,0,0.0336,4.1458,0.0015,0.1132,4.587,0,4,0,0,0,0,0,0,0,0,0,0,4,0,0,0,0,0,0,0,0,0
pbt,bintrie,5,4,storage_sload_k10,8,,3664,0,0,0.047,3.7727,0.0014,0.0891,7.3002,0,4,0,0,0,0,0,0,0,0,0,0,4,0,0,0,0,0,0,0,0,0
pbt,bintrie,5,4,storage_sload_k10,8,,3665,86852,2,0.0854,14.4511,0.608,5.376,20.7913,4.1773,11,0,0,0,3,0,0,0,1,157,6,5,54.55,0,0,0,0,0,0,0,0
pbt,bintrie,5,4,storage_sload_k10,8,,3666,5900140,1,106.356,13.1148,4.1377,1.0291,124.8776,47.2474,17,258,11,437,2,0,0,0,0,0,8,9,47.06,96,162,37.21,11,0,100,437,0
pbt,bintrie,5,4,storage_sload_k10,8,,3667,21000,1,0.0584,4.9491,12.7076,0.7348,18.6526,1.1258,6,0,0,0,2,0,0,0,0,0,2,4,33.33,0,0,0,0,0,0,0,0
pbt,bintrie,5,4,storage_sload_k10,9,,3668,0,0,0.0367,2.8209,0.0014,0.1416,3.2079,0,4,0,0,0,0,0,0,0,0,0,0,4,0,0,0,0,0,0,0,0,0
pbt,bintrie,5,4,storage_sload_k10,9,,3669,0,0,0.0421,7.9814,0.0022,0.1155,8.5026,0,4,0,0,0,0,0,0,0,0,0,0,4,0,0,0,0,0,0,0,0,0
pbt,bintrie,5,4,storage_sload_k10,9,,3670,0,0,0.0264,10.3841,0.0018,0.1274,10.6841,0,4,0,0,0,0,0,0,0,0,0,0,4,0,0,0,0,0,0,0,0,0
pbt,bintrie,5,4,storage_sload_k10,9,,3671,86852,2,0.0852,15.3567,17.3011,4.5152,37.445,2.3195,11,0,0,0,3,0,0,0,1,157,6,5,54.55,0,0,0,0,0,0,0,0
pbt,bintrie,5,4,storage_sload_k10,9,,3672,5900140,1,110.2635,5.4529,2.5347,0.7546,119.2415,49.4806,17,258,11,437,2,0,0,0,0,0,9,8,52.94,118,140,45.74,11,0,100,437,0
pbt,bintrie,5,4,storage_sload_k10,9,,3673,21000,1,0.0614,13.0386,5.5389,2.29,21.1168,0.9945,6,0,0,0,2,0,0,0,0,0,2,4,33.33,0,0,0,0,0,0,0,0
pbt,bintrie,5,4,storage_sload_k10,9,,3674,0,0,0.0765,3.7267,0.0021,0.1216,4.0997,0,4,0,0,0,0,0,0,0,0,0,0,4,0,0,0,0,0,0,0,0,0
pbt,bintrie,5,4,storage_sload_k100,10,,3812,0,0,0.0272,2.9265,0.0012,0.1524,3.2612,0,4,0,0,0,0,0,0,0,0,0,0,4,0,0,0,0,0,0,0,0,0
pbt,bintrie,5,4,storage_sload_k100,10,,3813,0,0,0.0526,8.569,0.0027,0.1963,9.1395,0,4,0,0,0,0,0,0,0,0,0,0,4,0,0,0,0,0,0,0,0,0
pbt,bintrie,5,4,storage_sload_k100,10,,3814,0,0,0.0307,3.2373,0.002,0.1975,3.7461,0,4,0,0,0,0,0,0,0,0,0,0,4,0,0,0,0,0,0,0,0,0
pbt,bintrie,5,4,storage_sload_k100,10,,3815,86852,2,0.1145,14.617,13.2863,4.7474,32.9504,2.6358,11,0,0,0,3,0,0,0,1,157,5,6,45.45,0,0,0,0,0,0,0,0
pbt,bintrie,5,4,storage_sload_k100,10,,3816,5900240,1,107.6591,6.9223,2.5718,0.7705,118.3144,49.8692,107,258,101,2957,2,0,0,0,0,0,63,44,58.88,130,128,50.39,101,0,100,2957,0
pbt,bintrie,5,4,storage_sload_k100,10,,3817,21000,1,0.0665,7.9467,3.0107,0.7238,12.3977,1.6939,6,0,0,0,2,0,0,0,0,0,2,4,33.33,0,0,0,0,0,0,0,0
pbt,bintrie,5,4,storage_sload_k100,10,,3818,0,0,0.0211,2.6274,0.0011,0.1094,2.8837,0,4,0,0,0,0,0,0,0,0,0,0,4,0,0,0,0,0,0,0,0,0
pbt,bintrie,5,4,storage_sload_k100,11,,3819,0,0,0.0442,3.2512,0.002,0.1928,3.7182,0,4,0,0,0,0,0,0,0,0,0,0,4,0,0,0,0,0,0,0,0,0
pbt,bintrie,5,4,storage_sload_k100,11,,3820,0,0,0.06,7.4525,0.0025,0.1307,8.0876,0,4,0,0,0,0,0,0,0,0,0,0,4,0,0,0,0,0,0,0,0,0
pbt,bintrie,5,4,storage_sload_k100,11,,3821,0,0,0.0283,4.3272,0.0015,0.1043,4.6395,0,4,0,0,0,0,0,0,0,0,0,0,4,0,0,0,0,0,0,0,0,0
pbt,bintrie,5,4,storage_sload_k100,11,,3822,86852,2,0.2012,17.5974,3.0576,4.7733,26.3727,3.2933,11,0,0,0,3,0,0,0,1,157,5,6,45.45,0,0,0,0,0,0,0,0
pbt,bintrie,5,4,storage_sload_k100,11,,3823,5900240,1,113.1548,6.3793,2.5954,0.6305,122.9311,47.9963,107,258,101,2957,2,0,0,0,0,0,18,89,16.82,40,218,15.5,101,0,100,2957,0
pbt,bintrie,5,4,storage_sload_k100,11,,3824,21000,1,0.058,2.8203,2.4436,0.6815,6.1474,3.4161,6,0,0,0,2,0,0,0,0,0,2,4,33.33,0,0,0,0,0,0,0,0
pbt,bintrie,5,4,storage_sload_k100,11,,3825,0,0,0.0202,2.5255,0.0014,0.0864,2.7883,0,4,0,0,0,0,0,0,0,0,0,0,4,0,0,0,0,0,0,0,0,0
pbt,bintrie,5,4,storage_sload_k100,12,,3826,0,0,0.0632,4.0516,0.0018,0.173,4.6309,0,4,0,0,0,0,0,0,0,0,0,0,4,0,0,0,0,0,0,0,0,0
pbt,bintrie,5,4,storage_sload_k100,12,,3827,0,0,0.0269,2.6961,0.0015,0.1311,3.0245,0,4,0,0,0,0,0,0,0,0,0,0,4,0,0,0,0,0,0,0,0,0
pbt,bintrie,5,4,storage_sload_k100,12,,3828,0,0,0.0292,14.7432,0.0013,0.1037,15.0541,0,4,0,0,0,0,0,0,0,0,0,0,4,0,0,0,0,0,0,0,0,0
pbt,bintrie,5,4,storage_sload_k100,12,,3829,86852,2,0.0945,22.7295,2.7189,4.7308,30.4693,2.8505,11,0,0,0,3,0,0,0,1,157,6,5,54.55,0,0,0,0,0,0,0,0
pbt,bintrie,5,4,storage_sload_k100,12,,3830,5900240,1,97.4682,14.3029,2.6001,0.6301,115.2064,51.2145,107,258,101,2957,2,0,0,0,0,0,32,75,29.91,72,186,27.91,101,0,100,2957,0
pbt,bintrie,5,4,storage_sload_k100,12,,3831,21000,1,0.0583,14.6308,23.1349,0.6619,38.6675,0.5431,6,0,0,0,2,0,0,0,0,0,2,4,33.33,0,0,0,0,0,0,0,0
pbt,bintrie,5,4,storage_sload_k100,12,,3832,0,0,0.0312,13.588,0.0024,0.1442,13.9135,0,4,0,0,0,0,0,0,0,0,0,0,4,0,0,0,0,0,0,0,0,0
pbt,bintrie,5,4,storage_sload_k100,13,,3833,0,0,0.0329,2.6076,0.0012,0.1686,2.9775,0,4,0,0,0,0,0,0,0,0,0,0,4,0,0,0,0,0,0,0,0,0
pbt,bintrie,5,4,storage_sload_k100,13,,3834,0,0,0.0423,6.9753,0.0022,0.1834,7.3879,0,4,0,0,0,0,0,0,0,0,0,0,4,0,0,0,0,0,0,0,0,0
pbt,bintrie,5,4,storage_sload_k100,13,,3835,0,0,0.0343,3.152,0.0021,0.156,3.5068,0,4,0,0,0,0,0,0,0,0,0,0,4,0,0,0,0,0,0,0,0,0
pbt,bintrie,5,4,storage_sload_k100,13,,3836,86852,2,0.1946,24.2747,4.6768,5.271,34.7295,2.5008,11,0,0,0,3,0,0,0,1,157,5,6,45.45,0,0,0,0,0,0,0,0
pbt,bintrie,5,4,storage_sload_k100,13,,3837,5900240,1,102.4909,6.1481,9.2067,0.6287,118.828,49.6536,107,258,101,2957,2,0,0,0,0,0,29,78,27.1,84,174,32.56,101,0,100,2957,0
pbt,bintrie,5,4,storage_sload_k100,13,,3838,21000,1,0.0542,2.657,19.2229,0.5946,22.6902,0.9255,6,0,0,0,2,0,0,0,0,0,2,4,33.33,0,0,0,0,0,0,0,0
pbt,bintrie,5,4,storage_sload_k100,13,,3839,0,0,0.0308,2.88,0.0013,0.2282,3.3303,0,4,0,0,0,0,0,0,0,0,0,0,4,0,0,0,0,0,0,0,0,0
pbt,bintrie,5,4,storage_sload_k100,14,,3840,0,0,0.0337,2.6186,0.001,0.1347,3.0218,0,4,0,0,0,0,0,0,0,0,0,0,4,0,0,0,0,0,0,0,0,0
pbt,bintrie,5,4,storage_sload_k100,14,,3841,0,0,0.028,2.8198,0.0022,0.1627,3.1894,0,4,0,0,0,0,0,0,0,0,0,0,4,0,0,0,0,0,0,0,0,0
pbt,bintrie,5,4,storage_sload_k100,14,,3842,0,0,0.024,2.748,0.0016,0.1244,3.0504,0,4,0,0,0,0,0,0,0,0,0,0,4,0,0,0,0,0,0,0,0,0
pbt,bintrie,5,4,storage_sload_k100,14,,3843,86852,2,0.1466,20.5278,4.9531,8.191,33.995,2.5548,11,0,0,0,3,0,0,0,1,157,6,5,54.55,0,0,0,0,0,0,0,0
pbt,bintrie,5,4,storage_sload_k100,14,,3844,5900240,1,112.5948,8.4235,2.4648,0.9033,124.7497,47.2966,107,258,101,2957,2,0,0,0,0,0,48,59,44.86,95,163,36.82,101,0,100,2957,0
pbt,bintrie,5,4,storage_sload_k100,14,,3845,21000,1,0.0656,21.1538,2.4584,0.6215,24.462,0.8585,6,0,0,0,2,0,0,0,0,0,2,4,33.33,0,0,0,0,0,0,0,0
pbt,bintrie,5,4,storage_sload_k100,14,,3846,0,0,0.0263,2.598,0.0018,0.1193,2.9057,0,4,0,0,0,0,0,0,0,0,0,0,4,0,0,0,0,0,0,0,0,0
pbt,bintrie,5,4,storage_sload_k100,15,,3847,0,0,0.0411,3.2975,0.0018,0.2601,3.7901,0,4,0,0,0,0,0,0,0,0,0,0,4,0,0,0,0,0,0,0,0,0
pbt,bintrie,5,4,storage_sload_k100,15,,3848,0,0,0.0437,7.2242,0.0016,0.1159,7.8048,0,4,0,0,0,0,0,0,0,0,0,0,4,0,0,0,0,0,0,0,0,0
pbt,bintrie,5,4,storage_sload_k100,15,,3849,0,0,0.0442,2.9482,0.0012,0.1354,3.299,0,4,0,0,0,0,0,0,0,0,0,0,4,0,0,0,0,0,0,0,0,0
pbt,bintrie,5,4,storage_sload_k100,15,,3850,86852,2,0.2684,15.6063,2.6122,4.6769,23.3488,3.7198,11,0,0,0,3,0,0,0,1,157,4,7,36.36,0,0,0,0,0,0,0,0
pbt,bintrie,5,4,storage_sload_k100,15,,3851,5900240,1,124.9416,5.6142,4.4904,0.8918,136.213,43.3163,107,258,101,2957,2,0,0,0,0,0,36,71,33.64,82,176,31.78,101,0,100,2957,0
pbt,bintrie,5,4,storage_sload_k100,15,,3852,21000,1,0.062,11.3628,2.492,0.6401,14.8353,1.4155,6,0,0,0,2,0,0,0,0,0,2,4,33.33,0,0,0,0,0,0,0,0
pbt,bintrie,5,4,storage_sload_k100,16,,3853,0,0,0.0295,2.8993,0.0018,0.1947,3.2777,0,4,0,0,0,0,0,0,0,0,0,0,4,0,0,0,0,0,0,0,0,0
pbt,bintrie,5,4,storage_sload_k100,16,,3854,0,0,0.0501,6.371,0.0023,0.1611,6.9863,0,4,0,0,0,0,0,0,0,0,0,0,4,0,0,0,0,0,0,0,0,0
pbt,bintrie,5,4,storage_sload_k100,16,,3855,0,0,0.0322,2.9892,0.0025,0.1236,3.324,0,4,0,0,0,0,0,0,0,0,0,0,4,0,0,0,0,0,0,0,0,0
pbt,bintrie,5,4,storage_sload_k100,16,,3856,86852,2,0.0861,14.2144,14.0186,4.8926,33.4165,2.5991,11,0,0,0,3,0,0,0,1,157,6,5,54.55,0,0,0,0,0,0,0,0
pbt,bintrie,5,4,storage_sload_k100,16,,3857,5900240,1,120.0726,7.854,3.0154,0.912,132.6493,44.48,107,258,101,2957,2,0,0,0,0,0,35,72,32.71,79,179,30.62,101,0,100,2957,0
pbt,bintrie,5,4,storage_sload_k100,16,,3858,21000,1,0.0634,3.0812,2.6619,0.951,6.9288,3.0308,6,0,0,0,2,0,0,0,0,0,2,4,33.33,0,0,0,0,0,0,0,0
pbt,bintrie,5,4,storage_sload_k100,16,,3859,0,0,0.0197,2.6169,0.0013,0.112,2.9003,0,4,0,0,0,0,0,0,0,0,0,0,4,0,0,0,0,0,0,0,0,0
pbt,bintrie,5,4,storage_sload_k100,17,,3860,0,0,0.0323,2.5444,0.0013,0.1494,2.9537,0,4,0,0,0,0,0,0,0,0,0,0,4,0,0,0,0,0,0,0,0,0
pbt,bintrie,5,4,storage_sload_k100,17,,3861,0,0,0.0238,2.8388,0.0018,0.1228,3.1395,0,4,0,0,0,0,0,0,0,0,0,0,4,0,0,0,0,0,0,0,0,0
pbt,bintrie,5,4,storage_sload_k100,17,,3862,0,0,0.0269,2.9665,0.0012,0.099,3.2414,0,4,0,0,0,0,0,0,0,0,0,0,4,0,0,0,0,0,0,0,0,0
pbt,bintrie,5,4,storage_sload_k100,17,,3863,86852,2,0.1379,14.3385,14.0682,4.6721,33.4047,2.6,11,0,0,0,3,0,0,0,1,157,5,6,45.45,0,0,0,0,0,0,0,0
pbt,bintrie,5,4,storage_sload_k100,17,,3864,5900240,1,113.8757,6.8393,2.447,0.9792,124.4643,47.4051,107,258,101,2957,2,0,0,0,0,0,46,61,42.99,114,144,44.19,101,0,100,2957,0
pbt,bintrie,5,4,storage_sload_k100,17,,3865,21000,1,0.0676,3.007,2.2426,0.6625,6.1674,3.405,6,0,0,0,2,0,0,0,0,0,2,4,33.33,0,0,0,0,0,0,0,0
pbt,bintrie,5,4,storage_sload_k100,17,,3866,0,0,0.0235,2.5932,0.0013,0.0936,2.8546,0,4,0,0,0,0,0,0,0,0,0,0,4,0,0,0,0,0,0,0,0,0
pbt,bintrie,5,4,storage_sload_k100,18,,3867,0,0,0.0705,5.5504,0.002,0.2454,6.1887,0,4,0,0,0,0,0,0,0,0,0,0,4,0,0,0,0,0,0,0,0,0
pbt,bintrie,5,4,storage_sload_k100,18,,3868,0,0,0.0361,7.1998,0.0016,0.1884,7.6071,0,4,0,0,0,0,0,0,0,0,0,0,4,0,0,0,0,0,0,0,0,0
pbt,bintrie,5,4,storage_sload_k100,18,,3869,0,0,0.0261,2.8478,0.0016,0.1622,3.2488,0,4,0,0,0,0,0,0,0,0,0,0,4,0,0,0,0,0,0,0,0,0
pbt,bintrie,5,4,storage_sload_k100,18,,3870,86852,2,0.1193,17.188,2.7057,4.8066,28.7838,3.0174,11,0,0,0,3,0,0,0,1,157,5,6,45.45,0,0,0,0,0,0,0,0
pbt,bintrie,5,4,storage_sload_k100,18,,3871,5900240,1,111.7889,9.5897,2.4132,0.6227,124.6108,47.3493,107,258,101,2957,2,0,0,0,0,0,55,52,51.4,111,147,43.02,101,0,100,2957,0
pbt,bintrie,5,4,storage_sload_k100,18,,3872,21000,1,0.0648,23.2543,2.3913,0.6251,26.5184,0.7919,6,0,0,0,2,0,0,0,0,0,2,4,33.33,0,0,0,0,0,0,0,0
pbt,bintrie,5,4,storage_sload_k100,18,,3873,0,0,0.0288,2.9591,0.0021,0.1214,3.2586,0,4,0,0,0,0,0,0,0,0,0,0,4,0,0,0,0,0,0,0,0,0
pbt,bintrie,5,4,storage_sload_k100,19,,3874,0,0,0.0371,3.0189,0.0016,0.1735,3.4188,0,4,0,0,0,0,0,0,0,0,0,0,4,0,0,0,0,0,0,0,0,0
pbt,bintrie,5,4,storage_sload_k100,19,,3875,0,0,0.0342,2.8357,0.0019,0.104,3.1391,0,4,0,0,0,0,0,0,0,0,0,0,4,0,0,0,0,0,0,0,0,0
pbt,bintrie,5,4,storage_sload_k100,19,,3876,0,0,0.0245,2.7844,0.0011,0.154,3.1091,0,4,0,0,0,0,0,0,0,0,0,0,4,0,0,0,0,0,0,0,0,0
pbt,bintrie,5,4,storage_sload_k100,19,,3877,86852,2,0.1622,15.5603,14.3044,4.6363,34.8619,2.4913,11,0,0,0,3,0,0,0,1,157,5,6,45.45,0,0,0,0,0,0,0,0
pbt,bintrie,5,4,storage_sload_k100,19,,3878,5900240,1,113.7835,8.3449,2.9324,0.8965,126.5177,46.6357,107,258,101,2957,2,0,0,0,0,0,52,55,48.6,127,131,49.22,101,0,100,2957,0
pbt,bintrie,5,4,storage_sload_k100,19,,3879,21000,1,0.0638,8.8176,2.857,0.5591,12.4811,1.6825,6,0,0,0,2,0,0,0,0,0,2,4,33.33,0,0,0,0,0,0,0,0
pbt,bintrie,5,4,storage_sload_k100,19,,3880,0,0,0.0342,3.0928,0.0022,0.1546,3.4782,0,4,0,0,0,0,0,0,0,0,0,0,4,0,0,0,0,0,0,0,0,0
pbt,bintrie,5,4,storage_sload_k100,1,,3751,0,0,0.0318,2.9205,0.0012,0.1423,3.2953,0,4,0,0,0,0,0,0,0,0,0,0,4,0,0,0,0,0,0,0,0,0
pbt,bintrie,5,4,storage_sload_k100,1,,3752,0,0,0.167,6.6202,0.0019,0.2135,7.3433,0,4,0,0,0,0,0,0,0,0,0,0,4,0,0,0,0,0,0,0,0,0
pbt,bintrie,5,4,storage_sload_k100,1,,3753,0,0,0.0243,2.8635,0.002,0.1155,3.1659,0,4,0,0,0,0,0,0,0,0,0,0,4,0,0,0,0,0,0,0,0,0
pbt,bintrie,5,4,storage_sload_k100,1,,3754,86852,2,0.448,24.0487,2.7712,4.5807,32.0343,2.7112,11,0,0,0,3,0,0,0,1,157,6,5,54.55,0,0,0,0,0,0,0,0
pbt,bintrie,5,4,storage_sload_k100,1,,3755,5900240,1,110.8338,7.7495,2.7241,0.8444,122.3257,48.2338,107,258,101,2957,2,0,0,0,0,0,46,61,42.99,115,143,44.57,101,0,100,2957,0
pbt,bintrie,5,4,storage_sload_k100,1,,3756,21000,1,0.0599,13.3994,18.8871,0.6344,33.1265,0.6339,6,0,0,0,2,0,0,0,0,0,2,4,33.33,0,0,0,0,0,0,0,0
pbt,bintrie,5,4,storage_sload_k100,1,,3757,0,0,0.0264,2.8459,0.0019,0.266,3.5749,0,4,0,0,0,0,0,0,0,0,0,0,4,0,0,0,0,0,0,0,0,0
pbt,bintrie,5,4,storage_sload_k100,20,,3881,0,0,0.0351,2.6426,0.0013,0.1581,3.0473,0,4,0,0,0,0,0,0,0,0,0,0,4,0,0,0,0,0,0,0,0,0
pbt,bintrie,5,4,storage_sload_k100,20,,3882,0,0,0.0444,3.5013,0.0023,0.1538,3.8704,0,4,0,0,0,0,0,0,0,0,0,0,4,0,0,0,0,0,0,0,0,0
pbt,bintrie,5,4,storage_sload_k100,20,,3883,0,0,0.0309,2.969,0.0021,0.1155,3.3437,0,4,0,0,0,0,0,0,0,0,0,0,4,0,0,0,0,0,0,0,0,0
pbt,bintrie,5,4,storage_sload_k100,20,,3884,86852,2,0.1662,16.7144,3.8859,4.4379,25.3838,3.4215,11,0,0,0,3,0,0,0,1,157,5,6,45.45,0,0,0,0,0,0,0,0
pbt,bintrie,5,4,storage_sload_k100,20,,3885,5900240,1,114.5451,8.3139,2.6507,0.9366,126.7865,46.5368,107,258,101,2957,2,0,0,0,0,0,55,52,51.4,138,120,53.49,101,0,100,2957,0
pbt,bintrie,5,4,storage_sload_k100,20,,3886,21000,1,0.0583,18.0399,2.314,0.5944,24.5997,0.8537,6,0,0,0,2,0,0,0,0,0,2,4,33.33,0,0,0,0,0,0,0,0
pbt,bintrie,5,4,storage_sload_k100,20,,3887,0,0,0.0231,2.5989,0.0013,0.1239,2.9561,0,4,0,0,0,0,0,0,0,0,0,0,4,0,0,0,0,0,0,0,0,0
pbt,bintrie,5,4,storage_sload_k100,2,,3758,0,0,0.0371,2.7826,0.0013,0.214,3.205,0,4,0,0,0,0,0,0,0,0,0,0,4,0,0,0,0,0,0,0,0,0
pbt,bintrie,5,4,storage_sload_k100,2,,3759,0,0,0.0246,3.3641,0.0023,0.2054,3.7371,0,4,0,0,0,0,0,0,0,0,0,0,4,0,0,0,0,0,0,0,0,0
pbt,bintrie,5,4,storage_sload_k100,2,,3760,0,0,0.034,3.2585,0.0022,0.1272,3.643,0,4,0,0,0,0,0,0,0,0,0,0,4,0,0,0,0,0,0,0,0,0
pbt,bintrie,5,4,storage_sload_k100,2,,3761,86852,2,0.1361,20.5469,2.6722,4.5747,28.1106,3.0897,11,0,0,0,3,0,0,0,1,157,6,5,54.55,0,0,0,0,0,0,0,0
pbt,bintrie,5,4,storage_sload_k100,2,,3762,5900240,1,114.4122,19.4031,3.2453,0.631,137.9305,42.7769,107,258,101,2957,2,0,0,0,0,0,36,71,33.64,71,187,27.52,101,0,100,2957,0
pbt,bintrie,5,4,storage_sload_k100,2,,3763,21000,1,0.0646,14.4658,17.7192,0.7155,33.1515,0.6335,6,0,0,0,2,0,0,0,0,0,2,4,33.33,0,0,0,0,0,0,0,0
pbt,bintrie,5,4,storage_sload_k100,3,,3764,0,0,0.0699,2.8902,0.0015,0.1788,3.3391,0,4,0,0,0,0,0,0,0,0,0,0,4,0,0,0,0,0,0,0,0,0
pbt,bintrie,5,4,storage_sload_k100,3,,3765,0,0,0.0368,5.3405,0.0019,0.1309,5.8693,0,4,0,0,0,0,0,0,0,0,0,0,4,0,0,0,0,0,0,0,0,0
pbt,bintrie,5,4,storage_sload_k100,3,,3766,0,0,0.0291,4.1023,0.0014,0.1983,4.4852,0,4,0,0,0,0,0,0,0,0,0,0,4,0,0,0,0,0,0,0,0,0
pbt,bintrie,5,4,storage_sload_k100,3,,3767,86852,2,0.1866,20.0815,3.4929,4.9323,28.8704,3.0083,11,0,0,0,3,0,0,0,1,157,5,6,45.45,0,0,0,0,0,0,0,0
pbt,bintrie,5,4,storage_sload_k100,3,,3768,5900240,1,106.2642,9.9148,2.8142,0.6343,119.8162,49.2441,107,258,101,2957,2,0,0,0,0,0,20,87,18.69,51,207,19.77,101,0,100,2957,0
pbt,bintrie,5,4,storage_sload_k100,3,,3769,21000,1,0.0606,21.7154,2.3853,0.5691,24.8766,0.8442,6,0,0,0,2,0,0,0,0,0,2,4,33.33,0,0,0,0,0,0,0,0
pbt,bintrie,5,4,storage_sload_k100,3,,3770,0,0,0.0421,2.4912,0.0017,0.1097,2.7794,0,4,0,0,0,0,0,0,0,0,0,0,4,0,0,0,0,0,0,0,0,0
pbt,bintrie,5,4,storage_sload_k100,4,,3771,0,0,0.0649,3.465,0.0018,0.1907,4.0701,0,4,0,0,0,0,0,0,0,0,0,0,4,0,0,0,0,0,0,0,0,0
pbt,bintrie,5,4,storage_sload_k100,4,,3772,0,0,0.0251,2.8923,0.0051,0.1625,3.2938,0,4,0,0,0,0,0,0,0,0,0,0,4,0,0,0,0,0,0,0,0,0
pbt,bintrie,5,4,storage_sload_k100,4,,3773,0,0,0.035,9.1946,0.0023,0.1361,9.564,0,4,0,0,0,0,0,0,0,0,0,0,4,0,0,0,0,0,0,0,0,0
pbt,bintrie,5,4,storage_sload_k100,4,,3774,86852,2,0.1018,15.0495,14.141,4.5886,34.1048,2.5466,11,0,0,0,3,0,0,0,1,157,6,5,54.55,0,0,0,0,0,0,0,0
pbt,bintrie,5,4,storage_sload_k100,4,,3775,5900240,1,143.2052,10.2193,2.4833,0.9511,157.3966,37.4864,107,258,101,2957,2,0,0,0,0,0,21,86,19.63,47,211,18.22,101,0,100,2957,0
pbt,bintrie,5,4,storage_sload_k100,4,,3776,21000,1,0.0631,12.0345,2.3911,0.6648,15.3063,1.372,6,0,0,0,2,0,0,0,0,0,2,4,33.33,0,0,0,0,0,0,0,0
pbt,bintrie,5,4,storage_sload_k100,4,,3777,0,0,0.0316,3.0122,0.0023,0.1227,3.3331,0,4,0,0,0,0,0,0,0,0,0,0,4,0,0,0,0,0,0,0,0,0
pbt,bintrie,5,4,storage_sload_k100,5,,3778,0,0,0.0426,2.882,0.0014,0.1636,3.3174,0,4,0,0,0,0,0,0,0,0,0,0,4,0,0,0,0,0,0,0,0,0
pbt,bintrie,5,4,storage_sload_k100,5,,3779,0,0,0.0241,2.7523,0.0015,0.0913,3.0211,0,4,0,0,0,0,0,0,0,0,0,0,4,0,0,0,0,0,0,0,0,0
pbt,bintrie,5,4,storage_sload_k100,5,,3780,0,0,0.0349,3.6777,0.0023,0.1034,3.9631,0,4,0,0,0,0,0,0,0,0,0,0,4,0,0,0,0,0,0,0,0,0
pbt,bintrie,5,4,storage_sload_k100,5,,3781,86852,2,0.1079,15.2277,13.4112,4.6572,33.6135,2.5838,11,0,0,0,3,0,0,0,1,157,5,6,45.45,0,0,0,0,0,0,0,0
pbt,bintrie,5,4,storage_sload_k100,5,,3782,5900240,1,103.6735,8.2312,2.5192,0.7621,115.6861,51.0022,107,258,101,2957,2,0,0,0,0,0,35,72,32.71,68,190,26.36,101,0,100,2957,0
pbt,bintrie,5,4,storage_sload_k100,5,,3783,21000,1,0.0669,11.2618,2.6045,0.5977,14.7328,1.4254,6,0,0,0,2,0,0,0,0,0,2,4,33.33,0,0,0,0,0,0,0,0
pbt,bintrie,5,4,storage_sload_k100,5,,3784,0,0,0.0341,3.1079,0.0024,0.175,3.5122,0,4,0,0,0,0,0,0,0,0,0,0,4,0,0,0,0,0,0,0,0,0
pbt,bintrie,5,4,storage_sload_k100,6,,3785,0,0,0.051,4.0568,0.0021,0.2398,4.985,0,4,0,0,0,0,0,0,0,0,0,0,4,0,0,0,0,0,0,0,0,0
pbt,bintrie,5,4,storage_sload_k100,6,,3786,0,0,0.0484,6.9171,0.0028,0.1673,7.5167,0,4,0,0,0,0,0,0,0,0,0,0,4,0,0,0,0,0,0,0,0,0
pbt,bintrie,5,4,storage_sload_k100,6,,3787,0,0,0.0312,3.1658,0.002,0.1303,3.4915,0,4,0,0,0,0,0,0,0,0,0,0,4,0,0,0,0,0,0,0,0,0
pbt,bintrie,5,4,storage_sload_k100,6,,3788,86852,2,0.1329,3.2871,14.2305,4.9423,23.165,3.7493,11,0,0,0,3,0,0,0,1,157,5,6,45.45,0,0,0,0,0,0,0,0
pbt,bintrie,5,4,storage_sload_k100,6,,3789,5900240,1,106.1514,9.0407,2.5821,0.7729,119.2379,49.4829,107,258,101,2957,2,0,0,0,0,0,79,28,73.83,179,79,69.38,101,0,100,2957,0
pbt,bintrie,5,4,storage_sload_k100,6,,3790,21000,1,0.0894,4.6839,2.3698,0.6421,7.9698,2.6349,6,0,0,0,2,0,0,0,0,0,2,4,33.33,0,0,0,0,0,0,0,0
pbt,bintrie,5,4,storage_sload_k100,6,,3791,0,0,0.0378,11.6899,0.0041,0.2205,18.0453,0,4,0,0,0,0,0,0,0,0,0,0,4,0,0,0,0,0,0,0,0,0
pbt,bintrie,5,4,storage_sload_k100,7,,3792,0,0,0.0381,2.9171,0.0015,0.1673,3.3166,0,4,0,0,0,0,0,0,0,0,0,0,4,0,0,0,0,0,0,0,0,0
pbt,bintrie,5,4,storage_sload_k100,7,,3793,0,0,0.044,3.059,0.002,0.1409,3.4161,0,4,0,0,0,0,0,0,0,0,0,0,4,0,0,0,0,0,0,0,0,0
pbt,bintrie,5,4,storage_sload_k100,7,,3794,0,0,0.0371,15.0455,0.0022,0.1771,15.5392,0,4,0,0,0,0,0,0,0,0,0,0,4,0,0,0,0,0,0,0,0,0
pbt,bintrie,5,4,storage_sload_k100,7,,3795,86852,2,0.1034,13.7758,13.2458,4.3736,31.7251,2.7376,11,0,0,0,3,0,0,0,1,157,5,6,45.45,0,0,0,0,0,0,0,0
pbt,bintrie,5,4,storage_sload_k100,7,,3796,5900240,1,107.4377,10.542,2.5075,1.564,122.4908,48.1689,107,258,101,2957,2,0,0,0,0,0,40,67,37.38,112,146,43.41,101,0,100,2957,0
pbt,bintrie,5,4,storage_sload_k100,7,,3797,21000,1,0.0702,3.1991,5.2754,5.2858,14.022,1.4976,6,0,0,0,2,0,0,0,0,0,2,4,33.33,0,0,0,0,0,0,0,0
pbt,bintrie,5,4,storage_sload_k100,7,,3798,0,0,0.0244,2.67,0.0012,0.0871,2.9662,0,4,0,0,0,0,0,0,0,0,0,0,4,0,0,0,0,0,0,0,0,0
pbt,bintrie,5,4,storage_sload_k100,8,,3799,0,0,0.0369,2.7706,0.0015,0.2488,3.2892,0,4,0,0,0,0,0,0,0,0,0,0,4,0,0,0,0,0,0,0,0,0
pbt,bintrie,5,4,storage_sload_k100,8,,3800,0,0,0.0632,3.7611,0.0017,0.1423,4.3136,0,4,0,0,0,0,0,0,0,0,0,0,4,0,0,0,0,0,0,0,0,0
pbt,bintrie,5,4,storage_sload_k100,8,,3801,0,0,0.0316,2.9863,0.002,0.1429,3.3904,0,4,0,0,0,0,0,0,0,0,0,0,4,0,0,0,0,0,0,0,0,0
pbt,bintrie,5,4,storage_sload_k100,8,,3802,86852,2,0.0869,3.071,14.5375,4.8054,22.644,3.8355,11,0,0,0,3,0,0,0,1,157,6,5,54.55,0,0,0,0,0,0,0,0
pbt,bintrie,5,4,storage_sload_k100,8,,3803,5900240,1,104.7512,6.7652,2.6082,0.8804,115.3976,51.1297,107,258,101,2957,2,0,0,0,0,0,38,69,35.51,96,162,37.21,101,0,100,2957,0
pbt,bintrie,5,4,storage_sload_k100,8,,3804,21000,1,0.066,2.8343,3.4855,0.58,7.1665,2.9303,6,0,0,0,2,0,0,0,0,0,2,4,33.33,0,0,0,0,0,0,0,0
pbt,bintrie,5,4,storage_sload_k100,8,,3805,0,0,0.0234,3.8854,0.0016,0.1332,4.1995,0,4,0,0,0,0,0,0,0,0,0,0,4,0,0,0,0,0,0,0,0,0
pbt,bintrie,5,4,storage_sload_k100,9,,3806,0,0,0.0386,3.1791,0.0013,0.1654,3.5699,0,4,0,0,0,0,0,0,0,0,0,0,4,0,0,0,0,0,0,0,0,0
pbt,bintrie,5,4,storage_sload_k100,9,,3807,0,0,0.0305,3.0202,0.0016,0.1141,3.3188,0,4,0,0,0,0,0,0,0,0,0,0,4,0,0,0,0,0,0,0,0,0
pbt,bintrie,5,4,storage_sload_k100,9,,3808,0,0,0.0306,15.215,0.0024,0.1325,15.5512,0,4,0,0,0,0,0,0,0,0,0,0,4,0,0,0,0,0,0,0,0,0
pbt,bintrie,5,4,storage_sload_k100,9,,3809,86852,2,0.1263,12.5368,2.6069,4.6361,23.2368,3.7377,11,0,0,0,3,0,0,0,1,157,5,6,45.45,0,0,0,0,0,0,0,0
pbt,bintrie,5,4,storage_sload_k100,9,,3810,5900240,1,101.4516,7.6663,2.5496,0.8889,112.795,52.3094,107,258,101,2957,2,0,0,0,0,0,38,69,35.51,67,191,25.97,101,0,100,2957,0
pbt,bintrie,5,4,storage_sload_k100,9,,3811,21000,1,0.0661,16.3164,2.3146,0.6783,23.5705,0.8909,6,0,0,0,2,0,0,0,0,0,2,4,33.33,0,0,0,0,0,0,0,0
pbt,bintrie,5,4,storage_sload_k256,10,,3948,0,0,0.0689,2.8178,0.0019,0.178,3.2877,0,4,0,0,0,0,0,0,0,0,0,0,4,0,0,0,0,0,0,0,0,0
pbt,bintrie,5,4,storage_sload_k256,10,,3949,0,0,0.0572,3.6847,0.006,0.1504,4.0975,0,4,0,0,0,0,0,0,0,0,0,0,4,0,0,0,0,0,0,0,0,0
pbt,bintrie,5,4,storage_sload_k256,10,,3950,0,0,0.0306,2.8854,0.0018,0.1128,3.2099,0,4,0,0,0,0,0,0,0,0,0,0,4,0,0,0,0,0,0,0,0,0
pbt,bintrie,5,4,storage_sload_k256,10,,3951,86840,2,0.1014,25.0869,2.7518,4.3957,32.5531,2.6676,11,0,0,0,3,0,0,0,1,157,5,6,45.45,0,0,0,0,0,0,0,0
pbt,bintrie,5,4,storage_sload_k256,10,,3952,5900023,1,85.7674,12.924,3.2154,0.7728,102.9005,57.3371,263,259,257,7325,2,0,0,0,0,0,122,141,46.39,135,124,52.12,257,0,100,7325,0
pbt,bintrie,5,4,storage_sload_k256,10,,3953,21000,1,0.088,19.595,17.0173,0.693,37.5675,0.559,6,0,0,0,2,0,0,0,0,0,2,4,33.33,0,0,0,0,0,0,0,0
pbt,bintrie,5,4,storage_sload_k256,11,,3954,0,0,0.0405,2.9027,0.0017,0.1877,3.3502,0,4,0,0,0,0,0,0,0,0,0,0,4,0,0,0,0,0,0,0,0,0
pbt,bintrie,5,4,storage_sload_k256,11,,3955,0,0,0.0318,4.06,0.002,0.1204,4.5754,0,4,0,0,0,0,0,0,0,0,0,0,4,0,0,0,0,0,0,0,0,0
pbt,bintrie,5,4,storage_sload_k256,11,,3956,0,0,0.0337,2.8541,0.0017,0.093,3.1287,0,4,0,0,0,0,0,0,0,0,0,0,4,0,0,0,0,0,0,0,0,0
pbt,bintrie,5,4,storage_sload_k256,11,,3957,86840,2,0.1173,15.7361,17.9615,4.8078,38.8301,2.2364,11,0,0,0,3,0,0,0,1,157,5,6,45.45,0,0,0,0,0,0,0,0
pbt,bintrie,5,4,storage_sload_k256,11,,3958,5900023,1,84.4673,5.467,3.2903,0.7019,94.2093,62.6268,263,259,257,7325,2,0,0,0,0,0,107,156,40.68,115,144,44.4,257,0,100,7325,0
pbt,bintrie,5,4,storage_sload_k256,11,,3959,21000,1,0.0681,14.2333,2.3878,0.6055,17.4856,1.201,6,0,0,0,2,0,0,0,0,0,2,4,33.33,0,0,0,0,0,0,0,0
pbt,bintrie,5,4,storage_sload_k256,12,,3960,0,0,0.0345,2.7719,0.0014,0.195,3.2063,0,4,0,0,0,0,0,0,0,0,0,0,4,0,0,0,0,0,0,0,0,0
pbt,bintrie,5,4,storage_sload_k256,12,,3961,0,0,0.0357,8.6542,0.0022,0.1224,9.2013,0,4,0,0,0,0,0,0,0,0,0,0,4,0,0,0,0,0,0,0,0,0
pbt,bintrie,5,4,storage_sload_k256,12,,3962,0,0,0.0299,3.0792,0.0021,0.15,3.4311,0,4,0,0,0,0,0,0,0,0,0,0,4,0,0,0,0,0,0,0,0,0
pbt,bintrie,5,4,storage_sload_k256,12,,3963,86840,2,0.09,13.1758,3.2565,5.162,27.2122,3.1912,11,0,0,0,3,0,0,0,1,157,7,4,63.64,0,0,0,0,0,0,0,0
pbt,bintrie,5,4,storage_sload_k256,12,,3964,5900023,1,119.4879,3.9533,2.5335,0.995,127.2267,46.3741,263,259,257,7325,2,0,0,0,0,0,80,183,30.42,78,181,30.12,257,0,100,7325,0
pbt,bintrie,5,4,storage_sload_k256,12,,3965,21000,1,0.055,24.2479,2.4767,0.6357,27.5844,0.7613,6,0,0,0,2,0,0,0,0,0,2,4,33.33,0,0,0,0,0,0,0,0
pbt,bintrie,5,4,storage_sload_k256,13,,3966,0,0,0.0378,2.9755,0.0019,0.1636,3.3893,0,4,0,0,0,0,0,0,0,0,0,0,4,0,0,0,0,0,0,0,0,0
pbt,bintrie,5,4,storage_sload_k256,13,,3967,0,0,0.0689,4.2936,0.0022,0.1273,4.8877,0,4,0,0,0,0,0,0,0,0,0,0,4,0,0,0,0,0,0,0,0,0
pbt,bintrie,5,4,storage_sload_k256,13,,3968,0,0,0.0288,2.9621,0.002,0.1376,3.2924,0,4,0,0,0,0,0,0,0,0,0,0,4,0,0,0,0,0,0,0,0,0
pbt,bintrie,5,4,storage_sload_k256,13,,3969,86840,2,0.2107,15.3609,14.2801,4.666,34.6878,2.5035,11,0,0,0,3,0,0,0,1,157,6,5,54.55,0,0,0,0,0,0,0,0
pbt,bintrie,5,4,storage_sload_k256,13,,3970,5900023,1,84.7749,12.4345,5.6518,0.891,104.1316,56.6593,263,259,257,7325,2,0,0,0,0,0,99,164,37.64,106,153,40.93,257,0,100,7325,0
pbt,bintrie,5,4,storage_sload_k256,13,,3971,21000,1,0.0639,10.1831,2.4947,0.6507,13.5498,1.5498,6,0,0,0,2,0,0,0,0,0,2,4,33.33,0,0,0,0,0,0,0,0
pbt,bintrie,5,4,storage_sload_k256,13,,3972,0,0,0.0372,3.7977,0.0017,0.1305,4.1516,0,4,0,0,0,0,0,0,0,0,0,0,4,0,0,0,0,0,0,0,0,0
pbt,bintrie,5,4,storage_sload_k256,14,,3973,0,0,0.0469,3.2606,0.0015,0.3005,3.8749,0,4,0,0,0,0,0,0,0,0,0,0,4,0,0,0,0,0,0,0,0,0
pbt,bintrie,5,4,storage_sload_k256,14,,3974,0,0,0.0245,2.9201,0.0017,0.1079,3.2232,0,4,0,0,0,0,0,0,0,0,0,0,4,0,0,0,0,0,0,0,0,0
pbt,bintrie,5,4,storage_sload_k256,14,,3975,0,0,0.0331,21.3591,0.003,0.1546,21.7994,0,4,0,0,0,0,0,0,0,0,0,0,4,0,0,0,0,0,0,0,0,0
pbt,bintrie,5,4,storage_sload_k256,14,,3976,86840,2,0.1065,22.9923,2.806,4.8602,31.0618,2.7957,11,0,0,0,3,0,0,0,1,157,6,5,54.55,0,0,0,0,0,0,0,0
pbt,bintrie,5,4,storage_sload_k256,14,,3977,5900023,1,129.4368,18.1366,2.4989,0.8465,151.349,38.9829,263,259,257,7325,2,0,0,0,0,0,51,212,19.39,56,203,21.62,257,0,100,7325,0
pbt,bintrie,5,4,storage_sload_k256,14,,3978,21000,1,0.0754,14.5938,15.1341,0.9355,30.9361,0.6788,6,0,0,0,2,0,0,0,0,0,2,4,33.33,0,0,0,0,0,0,0,0
pbt,bintrie,5,4,storage_sload_k256,14,,3979,0,0,0.0501,16.9588,0.0034,0.2064,17.43,0,4,0,0,0,0,0,0,0,0,0,0,4,0,0,0,0,0,0,0,0,0
pbt,bintrie,5,4,storage_sload_k256,15,,3980,0,0,0.0353,2.7167,0.0013,0.1311,3.0535,0,4,0,0,0,0,0,0,0,0,0,0,4,0,0,0,0,0,0,0,0,0
pbt,bintrie,5,4,storage_sload_k256,15,,3981,0,0,0.0459,4.2156,0.0065,0.1336,4.7436,0,4,0,0,0,0,0,0,0,0,0,0,4,0,0,0,0,0,0,0,0,0
pbt,bintrie,5,4,storage_sload_k256,15,,3982,0,0,0.0306,3.065,0.0018,0.1514,3.3938,0,4,0,0,0,0,0,0,0,0,0,0,4,0,0,0,0,0,0,0,0,0
pbt,bintrie,5,4,storage_sload_k256,15,,3983,86840,2,0.1474,14.7941,15.7,4.5352,35.4047,2.4528,11,0,0,0,3,0,0,0,1,157,5,6,45.45,0,0,0,0,0,0,0,0
pbt,bintrie,5,4,storage_sload_k256,15,,3984,5900023,1,86.9989,10.8527,2.615,1.0634,101.8968,57.902,263,259,257,7325,2,0,0,0,0,0,128,135,48.67,105,154,40.54,257,0,100,7325,0
pbt,bintrie,5,4,storage_sload_k256,15,,3985,21000,1,0.0614,6.6938,5.9547,0.7101,13.6366,1.54,6,0,0,0,2,0,0,0,0,0,2,4,33.33,0,0,0,0,0,0,0,0
pbt,bintrie,5,4,storage_sload_k256,16,,3986,0,0,0.0466,3.628,0.0139,0.3335,4.4996,0,4,0,0,0,0,0,0,0,0,0,0,4,0,0,0,0,0,0,0,0,0
pbt,bintrie,5,4,storage_sload_k256,16,,3987,0,0,0.0428,3.6139,0.0026,0.2361,4.0974,0,4,0,0,0,0,0,0,0,0,0,0,4,0,0,0,0,0,0,0,0,0
pbt,bintrie,5,4,storage_sload_k256,16,,3988,0,0,0.0236,13.1343,0.0014,0.0905,13.3934,0,4,0,0,0,0,0,0,0,0,0,0,4,0,0,0,0,0,0,0,0,0
pbt,bintrie,5,4,storage_sload_k256,16,,3989,86840,2,0.1273,15.1424,13.5087,4.7254,33.703,2.5766,11,0,0,0,3,0,0,0,1,157,5,6,45.45,0,0,0,0,0,0,0,0
pbt,bintrie,5,4,storage_sload_k256,16,,3990,5900023,1,89.0961,7.0195,2.4815,0.9099,99.9735,59.0159,263,259,257,7325,2,0,0,0,0,0,126,137,47.91,130,129,50.19,257,0,100,7325,0
pbt,bintrie,5,4,storage_sload_k256,16,,3991,21000,1,0.0802,11.0854,2.4267,0.59,14.339,1.4645,6,0,0,0,2,0,0,0,0,0,2,4,33.33,0,0,0,0,0,0,0,0
pbt,bintrie,5,4,storage_sload_k256,17,,3992,0,0,0.0563,3.2006,0.0015,0.2285,3.7417,0,4,0,0,0,0,0,0,0,0,0,0,4,0,0,0,0,0,0,0,0,0
pbt,bintrie,5,4,storage_sload_k256,17,,3993,0,0,0.043,2.9712,0.0017,0.1146,3.2922,0,4,0,0,0,0,0,0,0,0,0,0,4,0,0,0,0,0,0,0,0,0
pbt,bintrie,5,4,storage_sload_k256,17,,3994,0,0,0.0678,5.0771,0.0024,0.2539,5.6451,0,4,0,0,0,0,0,0,0,0,0,0,4,0,0,0,0,0,0,0,0,0
pbt,bintrie,5,4,storage_sload_k256,17,,3995,86840,2,0.1011,23.8454,2.9331,4.8491,31.9244,2.7202,11,0,0,0,3,0,0,0,1,157,5,6,45.45,0,0,0,0,0,0,0,0
pbt,bintrie,5,4,storage_sload_k256,17,,3996,5900023,1,99.1261,16.8759,2.5739,0.8112,119.5872,49.3366,263,259,257,7325,2,0,0,0,0,0,81,182,30.8,79,180,30.5,257,0,100,7325,0
pbt,bintrie,5,4,storage_sload_k256,17,,3997,21000,1,0.0625,14.4619,13.9213,0.7325,29.3661,0.7151,6,0,0,0,2,0,0,0,0,0,2,4,33.33,0,0,0,0,0,0,0,0
pbt,bintrie,5,4,storage_sload_k256,18,,3998,0,0,0.0469,3.4791,0.0021,0.1462,3.8606,0,4,0,0,0,0,0,0,0,0,0,0,4,0,0,0,0,0,0,0,0,0
pbt,bintrie,5,4,storage_sload_k256,18,,3999,0,0,0.0661,4.5301,0.0021,0.1212,5.1255,0,4,0,0,0,0,0,0,0,0,0,0,4,0,0,0,0,0,0,0,0,0
pbt,bintrie,5,4,storage_sload_k256,18,,4000,0,0,0.0393,4.0944,0.0023,0.1375,4.4814,0,4,0,0,0,0,0,0,0,0,0,0,4,0,0,0,0,0,0,0,0,0
pbt,bintrie,5,4,storage_sload_k256,18,,4001,86840,2,0.095,14.7837,13.7917,4.34,33.2274,2.6135,11,0,0,0,3,0,0,0,1,157,6,5,54.55,0,0,0,0,0,0,0,0
pbt,bintrie,5,4,storage_sload_k256,18,,4002,5900023,1,115.299,8.509,2.5876,0.8553,127.8021,46.1653,263,259,257,7325,2,0,0,0,0,0,49,214,18.63,45,214,17.37,257,0,100,7325,0
pbt,bintrie,5,4,storage_sload_k256,18,,4003,21000,1,0.0615,3.2412,3.8166,0.5905,7.8617,2.6712,6,0,0,0,2,0,0,0,0,0,2,4,33.33,0,0,0,0,0,0,0,0
pbt,bintrie,5,4,storage_sload_k256,19,,4004,0,0,0.0372,2.9545,0.0013,0.2573,3.4124,0,4,0,0,0,0,0,0,0,0,0,0,4,0,0,0,0,0,0,0,0,0
pbt,bintrie,5,4,storage_sload_k256,19,,4005,0,0,0.0341,3.1303,0.0021,0.1848,3.492,0,4,0,0,0,0,0,0,0,0,0,0,4,0,0,0,0,0,0,0,0,0
pbt,bintrie,5,4,storage_sload_k256,19,,4006,0,0,0.0439,3.4537,0.0067,0.2213,4.0013,0,4,0,0,0,0,0,0,0,0,0,0,4,0,0,0,0,0,0,0,0,0
pbt,bintrie,5,4,storage_sload_k256,19,,4007,86840,2,0.0885,14.0652,14.2536,5.1985,33.799,2.5693,11,0,0,0,3,0,0,0,1,157,6,5,54.55,0,0,0,0,0,0,0,0
pbt,bintrie,5,4,storage_sload_k256,19,,4008,5900023,1,91.6962,9.6828,2.8597,1.0397,105.6385,55.8511,263,259,257,7325,2,0,0,0,0,0,89,174,33.84,99,160,38.22,257,0,100,7325,0
pbt,bintrie,5,4,storage_sload_k256,19,,4009,21000,1,0.2059,7.4011,2.4903,0.6914,10.984,1.9119,6,0,0,0,2,0,0,0,0,0,0,6,0,0,0,0,0,0,0,0,0
pbt,bintrie,5,4,storage_sload_k256,19,,4010,0,0,0.0742,22.3021,0.0092,0.1245,22.7613,0,4,0,0,0,0,0,0,0,0,0,0,4,0,0,0,0,0,0,0,0,0
pbt,bintrie,5,4,storage_sload_k256,1,,3888,0,0,0.0433,4.0977,0.0015,0.2068,4.5333,0,4,0,0,0,0,0,0,0,0,0,0,4,0,0,0,0,0,0,0,0,0
pbt,bintrie,5,4,storage_sload_k256,1,,3889,0,0,0.0227,2.6421,0.0015,0.1283,3.0013,0,4,0,0,0,0,0,0,0,0,0,0,4,0,0,0,0,0,0,0,0,0
pbt,bintrie,5,4,storage_sload_k256,1,,3890,0,0,0.0244,3.5014,0.0011,0.0865,3.7514,0,4,0,0,0,0,0,0,0,0,0,0,4,0,0,0,0,0,0,0,0,0
pbt,bintrie,5,4,storage_sload_k256,1,,3891,86840,2,0.0946,23.3691,2.6796,4.7976,31.1315,2.7895,11,0,0,0,3,0,0,0,1,157,6,5,54.55,0,0,0,0,0,0,0,0
pbt,bintrie,5,4,storage_sload_k256,1,,3892,5900023,1,110.6045,23.8663,2.8966,0.9136,138.5964,42.5698,263,259,257,7325,2,0,0,0,0,0,108,155,41.06,118,141,45.56,257,0,100,7325,0
pbt,bintrie,5,4,storage_sload_k256,1,,3893,21000,1,0.0814,15.4047,14.6658,0.6556,30.9571,0.6784,6,0,0,0,2,0,0,0,0,0,2,4,33.33,0,0,0,0,0,0,0,0
pbt,bintrie,5,4,storage_sload_k256,20,,4011,0,0,0.0466,3.2245,0.0019,0.174,3.7408,0,4,0,0,0,0,0,0,0,0,0,0,4,0,0,0,0,0,0,0,0,0
pbt,bintrie,5,4,storage_sload_k256,20,,4012,0,0,0.0394,5.4345,0.0018,0.1764,6.0687,0,4,0,0,0,0,0,0,0,0,0,0,4,0,0,0,0,0,0,0,0,0
pbt,bintrie,5,4,storage_sload_k256,20,,4013,0,0,0.0422,3.6582,0.0026,0.121,4.1398,0,4,0,0,0,0,0,0,0,0,0,0,4,0,0,0,0,0,0,0,0,0
pbt,bintrie,5,4,storage_sload_k256,20,,4014,86840,2,0.1086,15.4709,23.3838,4.7227,43.932,1.9767,11,0,0,0,3,0,0,0,1,157,6,5,54.55,0,0,0,0,0,0,0,0
pbt,bintrie,5,4,storage_sload_k256,20,,4015,5900023,1,95.3041,6.2108,2.5712,0.7793,105.078,56.149,263,259,257,7325,2,0,0,0,0,0,120,143,45.63,121,138,46.72,257,0,100,7325,0
pbt,bintrie,5,4,storage_sload_k256,20,,4016,21000,1,0.0955,9.5883,2.4518,0.563,13.237,1.5865,6,0,0,0,2,0,0,0,0,0,2,4,33.33,0,0,0,0,0,0,0,0
pbt,bintrie,5,4,storage_sload_k256,2,,3894,0,0,0.0373,2.9123,0.0013,0.177,3.3269,0,4,0,0,0,0,0,0,0,0,0,0,4,0,0,0,0,0,0,0,0,0
pbt,bintrie,5,4,storage_sload_k256,2,,3895,0,0,0.0245,2.6792,0.0014,0.103,2.9524,0,4,0,0,0,0,0,0,0,0,0,0,4,0,0,0,0,0,0,0,0,0
pbt,bintrie,5,4,storage_sload_k256,2,,3896,0,0,0.0336,10.6218,0.0015,0.2081,11.0019,0,4,0,0,0,0,0,0,0,0,0,0,4,0,0,0,0,0,0,0,0,0
pbt,bintrie,5,4,storage_sload_k256,2,,3897,86840,2,0.0736,6.2376,15.0528,4.7098,26.2221,3.3117,11,0,0,0,3,0,0,0,1,157,6,5,54.55,0,0,0,0,0,0,0,0
pbt,bintrie,5,4,storage_sload_k256,2,,3898,5900023,1,94.8784,9.0636,3.0491,0.9982,108.6539,54.3011,263,259,257,7325,2,0,0,0,0,0,158,105,60.08,161,98,62.16,257,0,100,7325,0
pbt,bintrie,5,4,storage_sload_k256,2,,3899,21000,1,0.058,7.1852,2.4847,0.5741,11.681,1.7978,6,0,0,0,2,0,0,0,0,0,2,4,33.33,0,0,0,0,0,0,0,0
pbt,bintrie,5,4,storage_sload_k256,2,,3900,0,0,0.0282,2.5612,0.0022,0.0911,2.8145,0,4,0,0,0,0,0,0,0,0,0,0,4,0,0,0,0,0,0,0,0,0
pbt,bintrie,5,4,storage_sload_k256,3,,3901,0,0,0.0438,3.1204,0.0019,0.1918,3.5573,0,4,0,0,0,0,0,0,0,0,0,0,4,0,0,0,0,0,0,0,0,0
pbt,bintrie,5,4,storage_sload_k256,3,,3902,0,0,0.0499,4.1074,0.0017,0.1692,4.4888,0,4,0,0,0,0,0,0,0,0,0,0,4,0,0,0,0,0,0,0,0,0
pbt,bintrie,5,4,storage_sload_k256,3,,3903,0,0,0.0225,3.528,0.0011,0.106,3.7822,0,4,0,0,0,0,0,0,0,0,0,0,4,0,0,0,0,0,0,0,0,0
pbt,bintrie,5,4,storage_sload_k256,3,,3904,86840,2,0.128,12.069,3.3561,4.1668,21.3466,4.0681,11,0,0,0,3,0,0,0,1,157,5,6,45.45,0,0,0,0,0,0,0,0
pbt,bintrie,5,4,storage_sload_k256,3,,3905,5900023,1,89.8522,19.2704,2.6596,0.7082,117.9596,50.0173,263,259,257,7325,2,0,0,0,0,0,65,198,24.71,67,192,25.87,257,0,100,7325,0
pbt,bintrie,5,4,storage_sload_k256,3,,3906,21000,1,0.0736,2.9873,2.5345,0.5724,6.4128,3.2747,6,0,0,0,2,0,0,0,0,0,2,4,33.33,0,0,0,0,0,0,0,0
pbt,bintrie,5,4,storage_sload_k256,4,,3907,0,0,0.0317,3.0858,0.0014,0.169,3.492,0,4,0,0,0,0,0,0,0,0,0,0,4,0,0,0,0,0,0,0,0,0
pbt,bintrie,5,4,storage_sload_k256,4,,3908,0,0,0.0444,9.6608,0.0027,0.1381,10.2783,0,4,0,0,0,0,0,0,0,0,0,0,4,0,0,0,0,0,0,0,0,0
pbt,bintrie,5,4,storage_sload_k256,4,,3909,0,0,0.0279,14.5858,0.0013,0.127,14.915,0,4,0,0,0,0,0,0,0,0,0,0,4,0,0,0,0,0,0,0,0,0
pbt,bintrie,5,4,storage_sload_k256,4,,3910,86840,2,0.1223,3.5528,16.9136,4.7352,25.461,3.4107,11,0,0,0,3,0,0,0,1,157,5,6,45.45,0,0,0,0,0,0,0,0
pbt,bintrie,5,4,storage_sload_k256,4,,3911,5900023,1,102.3429,10.6378,2.927,0.9469,117.2672,50.3126,263,259,257,7325,2,0,0,0,0,0,36,227,13.69,30,229,11.58,257,0,100,7325,0
pbt,bintrie,5,4,storage_sload_k256,4,,3912,21000,1,5.8955,4.3269,2.3643,0.5625,13.3002,1.5789,6,0,0,0,2,0,0,0,0,0,2,4,33.33,0,0,0,0,0,0,0,0
pbt,bintrie,5,4,storage_sload_k256,4,,3913,0,0,0.0304,3.1864,0.0017,0.152,3.5898,0,4,0,0,0,0,0,0,0,0,0,0,4,0,0,0,0,0,0,0,0,0
pbt,bintrie,5,4,storage_sload_k256,5,,3914,0,0,0.0367,2.7901,0.0014,0.1915,3.1861,0,4,0,0,0,0,0,0,0,0,0,0,4,0,0,0,0,0,0,0,0,0
pbt,bintrie,5,4,storage_sload_k256,5,,3915,0,0,0.0225,2.9178,0.0015,0.1419,3.2509,0,4,0,0,0,0,0,0,0,0,0,0,4,0,0,0,0,0,0,0,0,0
pbt,bintrie,5,4,storage_sload_k256,5,,3916,0,0,0.1382,19.5068,0.0027,0.1273,20.0175,0,4,0,0,0,0,0,0,0,0,0,0,4,0,0,0,0,0,0,0,0,0
pbt,bintrie,5,4,storage_sload_k256,5,,3917,86840,2,0.1029,13.8659,13.4139,4.7647,32.3062,2.688,11,0,0,0,3,0,0,0,1,157,5,6,45.45,0,0,0,0,0,0,0,0
pbt,bintrie,5,4,storage_sload_k256,5,,3918,5900023,1,121.1303,8.6915,3.0461,0.919,134.3815,43.905,263,259,257,7325,2,0,0,0,0,0,80,183,30.42,85,174,32.82,257,0,100,7325,0
pbt,bintrie,5,4,storage_sload_k256,5,,3919,21000,1,0.0972,4.386,2.3452,0.6193,7.6468,2.7462,6,0,0,0,2,0,0,0,0,0,2,4,33.33,0,0,0,0,0,0,0,0
pbt,bintrie,5,4,storage_sload_k256,5,,3920,0,0,0.0336,19.8543,0.0023,0.1256,20.1811,0,4,0,0,0,0,0,0,0,0,0,0,4,0,0,0,0,0,0,0,0,0
pbt,bintrie,5,4,storage_sload_k256,6,,3921,0,0,0.0397,3.9059,0.0018,0.2308,4.431,0,4,0,0,0,0,0,0,0,0,0,0,4,0,0,0,0,0,0,0,0,0
pbt,bintrie,5,4,storage_sload_k256,6,,3922,0,0,0.0581,4.4802,0.0025,0.1469,4.8922,0,4,0,0,0,0,0,0,0,0,0,0,4,0,0,0,0,0,0,0,0,0
pbt,bintrie,5,4,storage_sload_k256,6,,3923,0,0,0.0236,2.8901,0.0012,0.0841,3.1594,0,4,0,0,0,0,0,0,0,0,0,0,4,0,0,0,0,0,0,0,0,0
pbt,bintrie,5,4,storage_sload_k256,6,,3924,86840,2,0.1033,3.3949,15.2662,4.7104,23.602,3.6794,11,0,0,0,3,0,0,0,1,157,6,5,54.55,0,0,0,0,0,0,0,0
pbt,bintrie,5,4,storage_sload_k256,6,,3925,5900023,1,105.3756,10.0752,2.5163,0.8006,120.0007,49.1666,263,259,257,7325,2,0,0,0,0,0,34,229,12.93,37,222,14.29,257,0,100,7325,0
pbt,bintrie,5,4,storage_sload_k256,6,,3926,21000,1,2.2246,10.3136,2.5546,0.5718,15.8674,1.3235,6,0,0,0,2,0,0,0,0,0,2,4,33.33,0,0,0,0,0,0,0,0
pbt,bintrie,5,4,storage_sload_k256,6,,3927,0,0,0.0262,4.0777,0.001,0.1059,4.3772,0,4,0,0,0,0,0,0,0,0,0,0,4,0,0,0,0,0,0,0,0,0
pbt,bintrie,5,4,storage_sload_k256,7,,3928,0,0,0.0395,3.1357,0.0016,0.1683,3.5631,0,4,0,0,0,0,0,0,0,0,0,0,4,0,0,0,0,0,0,0,0,0
pbt,bintrie,5,4,storage_sload_k256,7,,3929,0,0,0.0324,3.0433,0.0015,0.0832,3.2941,0,4,0,0,0,0,0,0,0,0,0,0,4,0,0,0,0,0,0,0,0,0
pbt,bintrie,5,4,storage_sload_k256,7,,3930,0,0,0.0276,2.8672,0.0025,0.1134,3.2054,0,4,0,0,0,0,0,0,0,0,0,0,4,0,0,0,0,0,0,0,0,0
pbt,bintrie,5,4,storage_sload_k256,7,,3931,86840,2,0.1076,14.4522,14.12,4.3341,33.2149,2.6145,11,0,0,0,3,0,0,0,1,157,5,6,45.45,0,0,0,0,0,0,0,0
pbt,bintrie,5,4,storage_sload_k256,7,,3932,5900023,1,84.1064,5.9915,2.6465,0.9923,94.0645,62.7232,263,259,257,7325,2,0,0,0,0,0,84,179,31.94,93,166,35.91,257,0,100,7325,0
pbt,bintrie,5,4,storage_sload_k256,7,,3933,21000,1,0.0752,4.5162,3.8598,0.7045,9.331,2.2506,6,0,0,0,2,0,0,0,0,0,2,4,33.33,0,0,0,0,0,0,0,0
pbt,bintrie,5,4,storage_sload_k256,8,,3934,0,0,0.0452,3.1885,0.0018,0.1866,3.6854,0,4,0,0,0,0,0,0,0,0,0,0,4,0,0,0,0,0,0,0,0,0
pbt,bintrie,5,4,storage_sload_k256,8,,3935,0,0,0.0405,7.5225,0.0034,0.1246,8.2707,0,4,0,0,0,0,0,0,0,0,0,0,4,0,0,0,0,0,0,0,0,0
pbt,bintrie,5,4,storage_sload_k256,8,,3936,0,0,0.0293,3.3625,0.0106,0.1695,3.7636,0,4,0,0,0,0,0,0,0,0,0,0,4,0,0,0,0,0,0,0,0,0
pbt,bintrie,5,4,storage_sload_k256,8,,3937,86840,2,0.0998,3.1431,16.0001,6.1665,25.6016,3.392,11,0,0,0,3,0,0,0,1,157,5,6,45.45,0,0,0,0,0,0,0,0
pbt,bintrie,5,4,storage_sload_k256,8,,3938,5900023,1,102.3735,10.2196,2.501,0.9147,116.3449,50.7115,263,259,257,7325,2,0,0,0,0,0,80,183,30.42,93,166,35.91,257,0,100,7325,0
pbt,bintrie,5,4,storage_sload_k256,8,,3939,21000,1,0.2367,9.4673,6.2532,0.7273,16.9054,1.2422,6,0,0,0,2,0,0,0,0,0,2,4,33.33,0,0,0,0,0,0,0,0
pbt,bintrie,5,4,storage_sload_k256,8,,3940,0,0,0.0325,2.9872,0.0015,0.1127,3.3479,0,4,0,0,0,0,0,0,0,0,0,0,4,0,0,0,0,0,0,0,0,0
pbt,bintrie,5,4,storage_sload_k256,9,,3941,0,0,0.0533,3.4465,0.0053,0.1964,3.9397,0,4,0,0,0,0,0,0,0,0,0,0,4,0,0,0,0,0,0,0,0,0
pbt,bintrie,5,4,storage_sload_k256,9,,3942,0,0,0.0429,7.3168,0.0022,0.2863,8.0486,0,4,0,0,0,0,0,0,0,0,0,0,4,0,0,0,0,0,0,0,0,0
pbt,bintrie,5,4,storage_sload_k256,9,,3943,0,0,0.0256,2.8436,0.0015,0.0935,3.1474,0,4,0,0,0,0,0,0,0,0,0,0,4,0,0,0,0,0,0,0,0,0
pbt,bintrie,5,4,storage_sload_k256,9,,3944,86840,2,0.1378,16.7376,14.3794,5.4004,36.8772,2.3548,11,0,0,0,3,0,0,0,1,157,5,6,45.45,0,0,0,0,0,0,0,0
pbt,bintrie,5,4,storage_sload_k256,9,,3945,5900023,1,90.7439,8.6568,2.8765,1.0349,103.7573,56.8637,263,259,257,7325,2,0,0,0,0,0,32,231,12.17,41,218,15.83,257,0,100,7325,0
pbt,bintrie,5,4,storage_sload_k256,9,,3946,21000,1,0.0629,8.622,2.2545,0.5632,14.4649,1.4518,6,0,0,0,2,0,0,0,0,0,2,4,33.33,0,0,0,0,0,0,0,0
pbt,bintrie,5,4,storage_sload_k256,9,,3947,0,0,0.0285,3.0405,0.0017,0.103,3.3781,0,4,0,0,0,0,0,0,0,0,0,0,4,0,0,0,0,0,0,0,0,0
pbt,bintrie,5,4,storage_sstore_k1,10,,4071,0,0,0.056,2.6125,0.0012,0.1432,2.9605,0,4,0,0,0,0,0,0,0,0,0,0,4,0,0,0,0,0,0,0,0,0
pbt,bintrie,5,4,storage_sstore_k1,10,,4072,0,0,0.0256,2.5544,0.0014,0.1047,2.8647,0,4,0,0,0,0,0,0,0,0,0,0,4,0,0,0,0,0,0,0,0,0
pbt,bintrie,5,4,storage_sstore_k1,10,,4073,0,0,0.0519,3.2371,0.0019,0.1644,3.6558,0,4,0,0,0,0,0,0,0,0,0,0,4,0,0,0,0,0,0,0,0,0
pbt,bintrie,5,4,storage_sstore_k1,10,,4074,86906,2,0.166,15.4353,14.1227,5.1195,35.068,2.4782,11,0,0,0,3,0,0,0,1,163,5,6,45.45,0,0,0,0,0,0,0,0
pbt,bintrie,5,4,storage_sstore_k1,10,,4075,5911443,1,5.4685,7.8585,4.1395,2.0265,19.6953,300.1446,8,259,2,191,3,0,259,0,0,0,1,7,12.5,52,207,20.08,2,0,100,191,0
pbt,bintrie,5,4,storage_sstore_k1,10,,4076,21000,1,0.0627,3.1281,2.8534,0.7879,6.9995,3.0002,6,0,0,0,2,0,0,0,0,0,2,4,33.33,0,0,0,0,0,0,0,0
pbt,bintrie,5,4,storage_sstore_k1,11,,4077,0,0,0.0561,2.9918,0.0016,0.1446,3.4174,0,4,0,0,0,0,0,0,0,0,0,0,4,0,0,0,0,0,0,0,0,0
pbt,bintrie,5,4,storage_sstore_k1,11,,4078,0,0,0.0245,2.9109,0.0018,0.0883,3.1387,0,4,0,0,0,0,0,0,0,0,0,0,4,0,0,0,0,0,0,0,0,0
pbt,bintrie,5,4,storage_sstore_k1,11,,4079,0,0,0.0227,2.6832,0.0014,0.0887,2.9105,0,4,0,0,0,0,0,0,0,0,0,0,4,0,0,0,0,0,0,0,0,0
pbt,bintrie,5,4,storage_sstore_k1,11,,4080,86906,2,0.1356,19.7281,18.835,5.6153,44.5316,1.9516,11,0,0,0,3,0,0,0,1,163,5,6,45.45,0,0,0,0,0,0,0,0
pbt,bintrie,5,4,storage_sstore_k1,11,,4081,5911443,1,3.4059,6.1807,3.6363,1.8272,15.2395,387.9021,8,259,2,191,3,0,259,0,0,0,4,4,50,87,172,33.59,2,0,100,191,0
pbt,bintrie,5,4,storage_sstore_k1,11,,4082,21000,1,0.0675,3.9312,8.097,0.7037,13.1124,1.6015,6,0,0,0,2,0,0,0,0,0,2,4,33.33,0,0,0,0,0,0,0,0
pbt,bintrie,5,4,storage_sstore_k1,12,,4083,0,0,0.0869,3.0612,0.0016,0.2274,3.6424,0,4,0,0,0,0,0,0,0,0,0,0,4,0,0,0,0,0,0,0,0,0
pbt,bintrie,5,4,storage_sstore_k1,12,,4084,0,0,0.0449,4.0177,0.0032,0.1425,4.5149,0,4,0,0,0,0,0,0,0,0,0,0,4,0,0,0,0,0,0,0,0,0
pbt,bintrie,5,4,storage_sstore_k1,12,,4085,0,0,0.0441,21.7111,0.0023,0.1404,22.3699,0,4,0,0,0,0,0,0,0,0,0,0,4,0,0,0,0,0,0,0,0,0
pbt,bintrie,5,4,storage_sstore_k1,12,,4086,86906,2,0.1738,15.5701,18.1603,4.9556,39.11,2.2221,11,0,0,0,3,0,0,0,1,163,5,6,45.45,0,0,0,0,0,0,0,0
pbt,bintrie,5,4,storage_sstore_k1,12,,4087,5911443,1,3.7939,5.9324,3.5408,1.7859,15.2205,388.3877,8,259,2,191,3,0,259,0,0,0,4,4,50,105,154,40.54,2,0,100,191,0
pbt,bintrie,5,4,storage_sstore_k1,12,,4088,21000,1,0.0698,3.8598,20.8885,0.6685,25.6877,0.8175,6,0,0,0,2,0,0,0,0,0,2,4,33.33,0,0,0,0,0,0,0,0
pbt,bintrie,5,4,storage_sstore_k1,13,,4089,0,0,0.0421,3.626,0.0016,0.1439,4.132,0,4,0,0,0,0,0,0,0,0,0,0,4,0,0,0,0,0,0,0,0,0
pbt,bintrie,5,4,storage_sstore_k1,13,,4090,0,0,0.0298,2.7731,0.0016,0.1698,3.13,0,4,0,0,0,0,0,0,0,0,0,0,4,0,0,0,0,0,0,0,0,0
pbt,bintrie,5,4,storage_sstore_k1,13,,4091,0,0,0.0273,3.2492,0.0015,0.1567,3.5945,0,4,0,0,0,0,0,0,0,0,0,0,4,0,0,0,0,0,0,0,0,0
pbt,bintrie,5,4,storage_sstore_k1,13,,4092,86906,2,0.0971,3.2375,20.5302,5.2869,29.3045,2.9656,11,0,0,0,3,0,0,0,1,163,6,5,54.55,0,0,0,0,0,0,0,0
pbt,bintrie,5,4,storage_sstore_k1,13,,4093,5911443,1,3.135,6.0611,3.6143,1.962,14.9722,394.8288,8,259,2,191,3,0,259,0,0,0,4,4,50,35,224,13.51,2,0,100,191,0
pbt,bintrie,5,4,storage_sstore_k1,13,,4094,21000,1,0.0789,11.0018,8.1289,0.5594,19.9933,1.0504,6,0,0,0,2,0,0,0,0,0,2,4,33.33,0,0,0,0,0,0,0,0
pbt,bintrie,5,4,storage_sstore_k1,14,,4095,0,0,0.0312,2.795,0.0015,0.1948,3.1974,0,4,0,0,0,0,0,0,0,0,0,0,4,0,0,0,0,0,0,0,0,0
pbt,bintrie,5,4,storage_sstore_k1,14,,4096,0,0,0.0542,3.657,0.002,0.1053,4.0151,0,4,0,0,0,0,0,0,0,0,0,0,4,0,0,0,0,0,0,0,0,0
pbt,bintrie,5,4,storage_sstore_k1,14,,4097,0,0,0.0422,3.424,0.0024,0.1143,3.8012,0,4,0,0,0,0,0,0,0,0,0,0,4,0,0,0,0,0,0,0,0,0
pbt,bintrie,5,4,storage_sstore_k1,14,,4098,86906,2,0.1648,23.0806,3.0862,4.6439,31.1644,2.7886,11,0,0,0,3,0,0,0,1,163,5,6,45.45,0,0,0,0,0,0,0,0
pbt,bintrie,5,4,storage_sstore_k1,14,,4099,5911443,1,3.4387,7.0087,5.4034,3.4352,19.5491,302.39,8,259,2,191,3,0,259,0,0,0,4,4,50,69,190,26.64,2,0,100,191,0
pbt,bintrie,5,4,storage_sstore_k1,14,,4100,21000,1,0.0783,4.5477,2.4766,0.693,8.0058,2.6231,6,0,0,0,2,0,0,0,0,0,2,4,33.33,0,0,0,0,0,0,0,0
pbt,bintrie,5,4,storage_sstore_k1,15,,4101,0,0,0.0421,2.7384,0.0013,0.1215,3.1167,0,4,0,0,0,0,0,0,0,0,0,0,4,0,0,0,0,0,0,0,0,0
pbt,bintrie,5,4,storage_sstore_k1,15,,4102,0,0,0.0619,4.3438,0.0019,0.1664,4.8114,0,4,0,0,0,0,0,0,0,0,0,0,4,0,0,0,0,0,0,0,0,0
pbt,bintrie,5,4,storage_sstore_k1,15,,4103,0,0,0.0309,3.511,0.0014,0.0962,3.8687,0,4,0,0,0,0,0,0,0,0,0,0,4,0,0,0,0,0,0,0,0,0
pbt,bintrie,5,4,storage_sstore_k1,15,,4104,86906,2,0.0901,14.3016,13.2112,4.7731,32.524,2.6721,11,0,0,0,3,0,0,0,1,163,5,6,45.45,0,0,0,0,0,0,0,0
pbt,bintrie,5,4,storage_sstore_k1,15,,4105,5911443,1,2.9812,8.7622,3.6933,2.0857,17.7185,333.6314,8,259,2,191,3,0,259,0,0,0,4,4,50,44,215,16.99,2,0,100,191,0
pbt,bintrie,5,4,storage_sstore_k1,15,,4106,21000,1,0.0619,2.8384,2.3016,0.5955,5.948,3.5306,6,0,0,0,2,0,0,0,0,0,2,4,33.33,0,0,0,0,0,0,0,0
pbt,bintrie,5,4,storage_sstore_k1,16,,4107,0,0,0.0769,3.6859,0.0021,0.2124,4.1815,0,4,0,0,0,0,0,0,0,0,0,0,4,0,0,0,0,0,0,0,0,0
pbt,bintrie,5,4,storage_sstore_k1,16,,4108,0,0,0.0272,2.8695,0.0015,0.0864,3.1383,0,4,0,0,0,0,0,0,0,0,0,0,4,0,0,0,0,0,0,0,0,0
pbt,bintrie,5,4,storage_sstore_k1,16,,4109,0,0,0.0325,16.4462,0.0014,0.119,16.8069,0,4,0,0,0,0,0,0,0,0,0,0,4,0,0,0,0,0,0,0,0,0
pbt,bintrie,5,4,storage_sstore_k1,16,,4110,86906,2,0.1085,3.2533,13.9866,4.4932,22.0453,3.9421,11,0,0,0,3,0,0,0,1,163,5,6,45.45,0,0,0,0,0,0,0,0
pbt,bintrie,5,4,storage_sstore_k1,16,,4111,5911443,1,5.4477,8.2759,3.4118,1.9773,19.2917,306.4247,8,259,2,191,3,0,259,0,0,0,0,8,0,74,185,28.57,2,0,100,191,0
pbt,bintrie,5,4,storage_sstore_k1,16,,4112,21000,1,0.0676,11.8947,2.3593,0.6721,15.1666,1.3846,6,0,0,0,2,0,0,0,0,0,2,4,33.33,0,0,0,0,0,0,0,0
pbt,bintrie,5,4,storage_sstore_k1,17,,4113,0,0,0.0313,3.03,0.0018,0.1661,3.3787,0,4,0,0,0,0,0,0,0,0,0,0,4,0,0,0,0,0,0,0,0,0
pbt,bintrie,5,4,storage_sstore_k1,17,,4114,0,0,0.0308,3.1311,0.0016,0.1097,3.5054,0,4,0,0,0,0,0,0,0,0,0,0,4,0,0,0,0,0,0,0,0,0
pbt,bintrie,5,4,storage_sstore_k1,17,,4115,0,0,0.0231,2.7618,0.0017,0.0855,3.033,0,4,0,0,0,0,0,0,0,0,0,0,4,0,0,0,0,0,0,0,0,0
pbt,bintrie,5,4,storage_sstore_k1,17,,4116,86906,2,0.112,14.5834,13.4343,4.9372,33.2803,2.6113,11,0,0,0,3,0,0,0,1,163,5,6,45.45,0,0,0,0,0,0,0,0
pbt,bintrie,5,4,storage_sstore_k1,17,,4117,5911443,1,4.9413,11.289,3.3791,1.7843,21.5878,273.8327,8,259,2,191,3,0,259,0,0,0,0,8,0,83,176,32.05,2,0,100,191,0
pbt,bintrie,5,4,storage_sstore_k1,17,,4118,21000,1,0.0867,4.8523,13.0802,0.6705,18.8591,1.1135,6,0,0,0,2,0,0,0,0,0,2,4,33.33,0,0,0,0,0,0,0,0
pbt,bintrie,5,4,storage_sstore_k1,18,,4119,0,0,0.0586,3.3821,0.0018,0.2551,4.0295,0,4,0,0,0,0,0,0,0,0,0,0,4,0,0,0,0,0,0,0,0,0
pbt,bintrie,5,4,storage_sstore_k1,18,,4120,0,0,0.0337,2.8444,0.0015,0.1083,3.1727,0,4,0,0,0,0,0,0,0,0,0,0,4,0,0,0,0,0,0,0,0,0
pbt,bintrie,5,4,storage_sstore_k1,18,,4121,0,0,0.022,2.6386,0.0013,0.1022,2.918,0,4,0,0,0,0,0,0,0,0,0,0,4,0,0,0,0,0,0,0,0,0
pbt,bintrie,5,4,storage_sstore_k1,18,,4122,86906,2,0.1165,15.28,16.9326,4.9305,37.4538,2.3204,11,0,0,0,3,0,0,0,1,163,6,5,54.55,0,0,0,0,0,0,0,0
pbt,bintrie,5,4,storage_sstore_k1,18,,4123,5911443,1,3.8049,5.8469,3.5562,1.7244,15.1142,391.118,8,259,2,191,3,0,259,0,0,0,4,4,50,129,130,49.81,2,0,100,191,0
pbt,bintrie,5,4,storage_sstore_k1,18,,4124,21000,1,0.0976,3.3127,2.9755,0.6574,7.2466,2.8979,6,0,0,0,2,0,0,0,0,0,2,4,33.33,0,0,0,0,0,0,0,0
pbt,bintrie,5,4,storage_sstore_k1,19,,4125,0,0,0.0491,4.8781,0.0248,0.3974,5.7705,0,4,0,0,0,0,0,0,0,0,0,0,4,0,0,0,0,0,0,0,0,0
pbt,bintrie,5,4,storage_sstore_k1,19,,4126,0,0,0.0318,4.1988,0.0016,0.2133,4.6194,0,4,0,0,0,0,0,0,0,0,0,0,4,0,0,0,0,0,0,0,0,0
pbt,bintrie,5,4,storage_sstore_k1,19,,4127,0,0,0.023,2.7205,0.0018,0.1464,3.0379,0,4,0,0,0,0,0,0,0,0,0,0,4,0,0,0,0,0,0,0,0,0
pbt,bintrie,5,4,storage_sstore_k1,19,,4128,86906,2,0.1494,13.483,3.3413,4.7045,24.0085,3.6198,11,0,0,0,3,0,0,0,1,163,6,5,54.55,0,0,0,0,0,0,0,0
pbt,bintrie,5,4,storage_sstore_k1,19,,4129,5911443,1,4.6092,9.6898,16.6792,1.7049,32.9554,179.3768,8,259,2,191,3,0,259,0,0,0,0,8,0,50,209,19.31,2,0,100,191,0
pbt,bintrie,5,4,storage_sstore_k1,19,,4130,21000,1,0.068,9.4255,7.5245,0.711,17.9431,1.1704,6,0,0,0,2,0,0,0,0,0,2,4,33.33,0,0,0,0,0,0,0,0
pbt,bintrie,5,4,storage_sstore_k1,1,,4017,0,0,0.0324,2.8091,0.0028,0.202,3.2581,0,4,0,0,0,0,0,0,0,0,0,0,4,0,0,0,0,0,0,0,0,0
pbt,bintrie,5,4,storage_sstore_k1,1,,4018,0,0,0.0587,3.8523,0.0019,0.108,4.422,0,4,0,0,0,0,0,0,0,0,0,0,4,0,0,0,0,0,0,0,0,0
pbt,bintrie,5,4,storage_sstore_k1,1,,4019,0,0,0.0312,14.5627,0.0015,0.0962,14.8375,0,4,0,0,0,0,0,0,0,0,0,0,4,0,0,0,0,0,0,0,0,0
pbt,bintrie,5,4,storage_sstore_k1,1,,4020,86906,2,0.0992,14.4068,16.6437,4.9782,36.3159,2.3931,11,0,0,0,3,0,0,0,1,163,6,5,54.55,0,0,0,0,0,0,0,0
pbt,bintrie,5,4,storage_sstore_k1,1,,4021,5911443,1,3.5845,6.6053,4.0679,1.8436,16.2498,363.7848,8,259,2,191,3,0,259,0,0,0,3,5,37.5,69,190,26.64,2,0,100,191,0
pbt,bintrie,5,4,storage_sstore_k1,1,,4022,21000,1,0.0805,12.8523,2.6721,0.6776,16.502,1.2726,6,0,0,0,2,0,0,0,0,0,2,4,33.33,0,0,0,0,0,0,0,0
pbt,bintrie,5,4,storage_sstore_k1,20,,4131,0,0,0.0962,3.7916,0.0019,0.163,4.2939,0,4,0,0,0,0,0,0,0,0,0,0,4,0,0,0,0,0,0,0,0,0
pbt,bintrie,5,4,storage_sstore_k1,20,,4132,0,0,0.0456,15.2196,0.0018,0.1586,15.6249,0,4,0,0,0,0,0,0,0,0,0,0,4,0,0,0,0,0,0,0,0,0
pbt,bintrie,5,4,storage_sstore_k1,20,,4133,0,0,0.0325,3.3319,0.0025,0.1699,3.7464,0,4,0,0,0,0,0,0,0,0,0,0,4,0,0,0,0,0,0,0,0,0
pbt,bintrie,5,4,storage_sstore_k1,20,,4134,86906,2,0.1314,14.3925,13.324,4.5115,32.5756,2.6678,11,0,0,0,3,0,0,0,1,163,5,6,45.45,0,0,0,0,0,0,0,0
pbt,bintrie,5,4,storage_sstore_k1,20,,4135,5911443,1,4.7914,11.1596,4.736,4.2285,25.136,235.1785,8,259,2,191,3,0,259,0,0,0,4,4,50,38,221,14.67,2,0,100,191,0
pbt,bintrie,5,4,storage_sstore_k1,20,,4136,21000,1,0.0672,6.8618,12.5841,0.6497,20.3355,1.0327,6,0,0,0,2,0,0,0,0,0,2,4,33.33,0,0,0,0,0,0,0,0
pbt,bintrie,5,4,storage_sstore_k1,2,,4023,0,0,0.0389,2.7363,0.0015,0.1349,3.1672,0,4,0,0,0,0,0,0,0,0,0,0,4,0,0,0,0,0,0,0,0,0
pbt,bintrie,5,4,storage_sstore_k1,2,,4024,0,0,0.0363,3.2597,0.0023,0.1286,3.5996,0,4,0,0,0,0,0,0,0,0,0,0,4,0,0,0,0,0,0,0,0,0
pbt,bintrie,5,4,storage_sstore_k1,2,,4025,0,0,0.021,2.6568,0.0016,0.0941,2.9546,0,4,0,0,0,0,0,0,0,0,0,0,4,0,0,0,0,0,0,0,0,0
pbt,bintrie,5,4,storage_sstore_k1,2,,4026,86906,2,0.1068,17.9779,2.8683,5.116,28.5052,3.0488,11,0,0,0,3,0,0,0,1,163,6,5,54.55,0,0,0,0,0,0,0,0
pbt,bintrie,5,4,storage_sstore_k1,2,,4027,5911443,1,3.9424,7.0999,4.481,5.2278,20.9073,282.7451,8,259,2,191,3,0,259,0,0,0,3,5,37.5,98,161,37.84,2,0,100,191,0
pbt,bintrie,5,4,storage_sstore_k1,2,,4028,21000,1,0.0846,3.1651,2.4722,0.5907,6.5068,3.2274,6,0,0,0,2,0,0,0,0,0,2,4,33.33,0,0,0,0,0,0,0,0
pbt,bintrie,5,4,storage_sstore_k1,3,,4029,0,0,0.0503,4.4354,0.0028,0.2698,4.9457,0,4,0,0,0,0,0,0,0,0,0,0,4,0,0,0,0,0,0,0,0,0
pbt,bintrie,5,4,storage_sstore_k1,3,,4030,0,0,0.0276,2.8292,0.0018,0.1017,3.12,0,4,0,0,0,0,0,0,0,0,0,0,4,0,0,0,0,0,0,0,0,0
pbt,bintrie,5,4,storage_sstore_k1,3,,4031,0,0,0.0399,3.4485,0.0024,0.1725,3.9081,0,4,0,0,0,0,0,0,0,0,0,0,4,0,0,0,0,0,0,0,0,0
pbt,bintrie,5,4,storage_sstore_k1,3,,4032,86906,2,0.1167,14.1479,14.1174,4.7052,33.2661,2.6125,11,0,0,0,3,0,0,0,1,163,5,6,45.45,0,0,0,0,0,0,0,0
pbt,bintrie,5,4,storage_sstore_k1,3,,4033,5911443,1,6.5226,8.9087,4.6832,1.9669,22.2997,265.0907,8,259,2,191,3,0,259,0,0,0,0,8,0,109,150,42.08,2,0,100,191,0
pbt,bintrie,5,4,storage_sstore_k1,3,,4034,21000,1,0.0775,10.0849,11.6003,0.6421,22.5964,0.9293,6,0,0,0,2,0,0,0,0,0,2,4,33.33,0,0,0,0,0,0,0,0
pbt,bintrie,5,4,storage_sstore_k1,4,,4035,0,0,0.0601,3.3486,0.0017,0.1561,3.7764,0,4,0,0,0,0,0,0,0,0,0,0,4,0,0,0,0,0,0,0,0,0
pbt,bintrie,5,4,storage_sstore_k1,4,,4036,0,0,0.0511,3.6241,0.0026,0.1982,4.0386,0,4,0,0,0,0,0,0,0,0,0,0,4,0,0,0,0,0,0,0,0,0
pbt,bintrie,5,4,storage_sstore_k1,4,,4037,0,0,0.0255,15.1273,0.0021,0.2065,15.5663,0,4,0,0,0,0,0,0,0,0,0,0,4,0,0,0,0,0,0,0,0,0
pbt,bintrie,5,4,storage_sstore_k1,4,,4038,86906,2,0.155,3.5358,15.2882,6.0921,25.3045,3.4344,11,0,0,0,3,0,0,0,1,163,5,6,45.45,0,0,0,0,0,0,0,0
pbt,bintrie,5,4,storage_sstore_k1,4,,4039,5911443,1,4.2053,10.1686,4.5052,1.8885,21.0258,281.1519,8,259,2,191,3,0,259,0,0,0,1,7,12.5,16,243,6.18,2,0,100,191,0
pbt,bintrie,5,4,storage_sstore_k1,4,,4040,21000,1,0.0789,12.4165,2.367,0.5505,15.6182,1.3446,6,0,0,0,2,0,0,0,0,0,2,4,33.33,0,0,0,0,0,0,0,0
pbt,bintrie,5,4,storage_sstore_k1,5,,4041,0,0,0.0409,2.934,0.0021,0.1428,3.3532,0,4,0,0,0,0,0,0,0,0,0,0,4,0,0,0,0,0,0,0,0,0
pbt,bintrie,5,4,storage_sstore_k1,5,,4042,0,0,0.0394,3.3144,0.0021,0.1559,4.0701,0,4,0,0,0,0,0,0,0,0,0,0,4,0,0,0,0,0,0,0,0,0
pbt,bintrie,5,4,storage_sstore_k1,5,,4043,0,0,0.2549,19.2415,0.0027,0.2741,19.99,0,4,0,0,0,0,0,0,0,0,0,0,4,0,0,0,0,0,0,0,0,0
pbt,bintrie,5,4,storage_sstore_k1,5,,4044,86906,2,0.1128,15.4061,18.8998,5.0881,39.6566,2.1915,11,0,0,0,3,0,0,0,1,163,5,6,45.45,0,0,0,0,0,0,0,0
pbt,bintrie,5,4,storage_sstore_k1,5,,4045,5911443,1,4.1223,8.6838,3.4479,2.0429,18.4852,319.7928,8,259,2,191,3,0,259,0,0,0,4,4,50,114,145,44.02,2,0,100,191,0
pbt,bintrie,5,4,storage_sstore_k1,5,,4046,21000,1,0.0634,11.865,2.3886,0.6652,15.1444,1.3867,6,0,0,0,2,0,0,0,0,0,2,4,33.33,0,0,0,0,0,0,0,0
pbt,bintrie,5,4,storage_sstore_k1,6,,4047,0,0,0.0316,2.8497,0.0016,0.1685,3.2411,0,4,0,0,0,0,0,0,0,0,0,0,4,0,0,0,0,0,0,0,0,0
pbt,bintrie,5,4,storage_sstore_k1,6,,4048,0,0,0.0296,2.9894,0.0019,0.1302,3.3115,0,4,0,0,0,0,0,0,0,0,0,0,4,0,0,0,0,0,0,0,0,0
pbt,bintrie,5,4,storage_sstore_k1,6,,4049,0,0,0.0247,2.8935,0.0017,0.1351,3.2558,0,4,0,0,0,0,0,0,0,0,0,0,4,0,0,0,0,0,0,0,0,0
pbt,bintrie,5,4,storage_sstore_k1,6,,4050,86906,2,0.1234,15.1497,15.026,5.6336,36.1092,2.4068,11,0,0,0,3,0,0,0,1,163,5,6,45.45,0,0,0,0,0,0,0,0
pbt,bintrie,5,4,storage_sstore_k1,6,,4051,5911443,1,4.8576,13.5417,3.8607,1.7237,24.1783,244.4941,8,259,2,191,3,0,259,0,0,0,3,5,37.5,97,162,37.45,2,0,100,191,0
pbt,bintrie,5,4,storage_sstore_k1,6,,4052,21000,1,0.0979,9.3084,5.2679,0.6476,15.5059,1.3543,6,0,0,0,2,0,0,0,0,0,2,4,33.33,0,0,0,0,0,0,0,0
pbt,bintrie,5,4,storage_sstore_k1,7,,4053,0,0,0.0373,2.8478,0.0015,0.1593,3.2156,0,4,0,0,0,0,0,0,0,0,0,0,4,0,0,0,0,0,0,0,0,0
pbt,bintrie,5,4,storage_sstore_k1,7,,4054,0,0,0.0305,6.1805,0.0016,0.1149,6.4759,0,4,0,0,0,0,0,0,0,0,0,0,4,0,0,0,0,0,0,0,0,0
pbt,bintrie,5,4,storage_sstore_k1,7,,4055,0,0,0.0239,2.8549,0.0015,0.0911,3.1194,0,4,0,0,0,0,0,0,0,0,0,0,4,0,0,0,0,0,0,0,0,0
pbt,bintrie,5,4,storage_sstore_k1,7,,4056,86906,2,0.1035,14.6228,14.8659,7.733,37.5354,2.3153,11,0,0,0,3,0,0,0,1,163,5,6,45.45,0,0,0,0,0,0,0,0
pbt,bintrie,5,4,storage_sstore_k1,7,,4057,5911443,1,2.9373,6.2955,4.3924,1.7624,15.5502,380.1525,8,259,2,191,3,0,259,0,0,0,3,5,37.5,12,247,4.63,2,0,100,191,0
pbt,bintrie,5,4,storage_sstore_k1,7,,4058,21000,1,0.0798,18.3372,2.9733,0.7158,22.3095,0.9413,6,0,0,0,2,0,0,0,0,0,2,4,33.33,0,0,0,0,0,0,0,0
pbt,bintrie,5,4,storage_sstore_k1,8,,4059,0,0,0.045,3.121,0.0016,0.2773,3.6908,0,4,0,0,0,0,0,0,0,0,0,0,4,0,0,0,0,0,0,0,0,0
pbt,bintrie,5,4,storage_sstore_k1,8,,4060,0,0,0.065,9.3991,0.0021,0.1483,9.9356,0,4,0,0,0,0,0,0,0,0,0,0,4,0,0,0,0,0,0,0,0,0
pbt,bintrie,5,4,storage_sstore_k1,8,,4061,0,0,0.0234,2.7499,0.0014,0.1101,3.041,0,4,0,0,0,0,0,0,0,0,0,0,4,0,0,0,0,0,0,0,0,0
pbt,bintrie,5,4,storage_sstore_k1,8,,4062,86906,2,0.137,22.0413,2.7697,5.9455,31.0691,2.7972,11,0,0,0,3,0,0,0,1,163,5,6,45.45,0,0,0,0,0,0,0,0
pbt,bintrie,5,4,storage_sstore_k1,8,,4063,5911443,1,2.9484,6.3348,4.7863,4.4647,18.7066,316.0088,8,259,2,191,3,0,259,0,0,0,3,5,37.5,41,218,15.83,2,0,100,191,0
pbt,bintrie,5,4,storage_sstore_k1,8,,4064,21000,1,0.1334,2.8165,2.6204,0.6367,6.3573,3.3033,6,0,0,0,2,0,0,0,0,0,0,6,0,0,0,0,0,0,0,0,0
pbt,bintrie,5,4,storage_sstore_k1,9,,4065,0,0,0.0326,2.9051,0.0015,0.2971,3.4373,0,4,0,0,0,0,0,0,0,0,0,0,4,0,0,0,0,0,0,0,0,0
pbt,bintrie,5,4,storage_sstore_k1,9,,4066,0,0,0.0363,3.0288,0.0021,0.1643,3.3986,0,4,0,0,0,0,0,0,0,0,0,0,4,0,0,0,0,0,0,0,0,0
pbt,bintrie,5,4,storage_sstore_k1,9,,4067,0,0,0.0316,13.5201,0.0023,0.1075,13.8309,0,4,0,0,0,0,0,0,0,0,0,0,4,0,0,0,0,0,0,0,0,0
pbt,bintrie,5,4,storage_sstore_k1,9,,4068,86906,2,0.1445,16.3018,13.8731,4.6306,35.2488,2.4655,11,0,0,0,3,0,0,0,1,163,5,6,45.45,0,0,0,0,0,0,0,0
pbt,bintrie,5,4,storage_sstore_k1,9,,4069,5911443,1,5.2169,9.9456,4.0098,2.3317,21.7136,272.2456,8,259,2,191,3,0,259,0,0,0,1,7,12.5,7,252,2.7,2,0,100,191,0
pbt,bintrie,5,4,storage_sstore_k1,9,,4070,21000,1,0.3079,11.093,6.1755,0.7231,18.4654,1.1373,6,0,0,0,2,0,0,0,0,0,2,4,33.33,0,0,0,0,0,0,0,0
pbt,bintrie,5,4,storage_sstore_k10,10,,4191,0,0,0.0506,5.5291,0.0024,0.1985,6.052,0,4,0,0,0,0,0,0,0,0,0,0,4,0,0,0,0,0,0,0,0,0
pbt,bintrie,5,4,storage_sstore_k10,10,,4192,0,0,0.034,3.4301,0.003,0.2032,3.85,0,4,0,0,0,0,0,0,0,0,0,0,4,0,0,0,0,0,0,0,0,0
pbt,bintrie,5,4,storage_sstore_k10,10,,4193,0,0,0.0532,4.2021,0.0018,0.1629,4.5997,0,4,0,0,0,0,0,0,0,0,0,0,4,0,0,0,0,0,0,0,0,0
pbt,bintrie,5,4,storage_sstore_k10,10,,4194,86938,2,0.1012,3.8381,14.2102,4.3551,22.6544,3.8376,11,0,0,0,3,0,0,0,1,165,6,5,54.55,0,0,0,0,0,0,0,0
pbt,bintrie,5,4,storage_sstore_k10,10,,4195,5919370,1,3.9809,7.9036,6.056,2.3159,20.4417,289.5732,17,283,11,445,12,0,254,0,0,0,4,13,23.53,55,228,19.43,11,0,100,445,0
pbt,bintrie,5,4,storage_sstore_k10,10,,4196,21000,1,0.0638,3.0406,3.3985,6.1224,12.7916,1.6417,6,0,0,0,2,0,0,0,0,0,2,4,33.33,0,0,0,0,0,0,0,0
pbt,bintrie,5,4,storage_sstore_k10,11,,4197,0,0,0.0483,3.8063,0.0016,0.1585,4.2495,0,4,0,0,0,0,0,0,0,0,0,0,4,0,0,0,0,0,0,0,0,0
pbt,bintrie,5,4,storage_sstore_k10,11,,4198,0,0,0.0337,2.8163,0.0015,0.0883,3.1123,0,4,0,0,0,0,0,0,0,0,0,0,4,0,0,0,0,0,0,0,0,0
pbt,bintrie,5,4,storage_sstore_k10,11,,4199,0,0,0.0349,14.3886,0.0024,0.2197,14.8112,0,4,0,0,0,0,0,0,0,0,0,0,4,0,0,0,0,0,0,0,0,0
pbt,bintrie,5,4,storage_sstore_k10,11,,4200,86938,2,0.1714,22.1198,2.8163,4.6795,29.9441,2.9033,11,0,0,0,3,0,0,0,1,165,5,6,45.45,0,0,0,0,0,0,0,0
pbt,bintrie,5,4,storage_sstore_k10,11,,4201,5919370,1,3.4265,6.6447,17.0892,2.2559,29.6356,199.7384,17,283,11,445,12,0,254,0,0,0,4,13,23.53,98,185,34.63,11,0,100,445,0
pbt,bintrie,5,4,storage_sstore_k10,11,,4202,21000,1,0.062,9.9019,2.627,0.5907,13.38,1.5695,6,0,0,0,2,0,0,0,0,0,2,4,33.33,0,0,0,0,0,0,0,0
pbt,bintrie,5,4,storage_sstore_k10,12,,4203,0,0,0.0429,3.4746,0.0021,0.5008,4.1847,0,4,0,0,0,0,0,0,0,0,0,0,4,0,0,0,0,0,0,0,0,0
pbt,bintrie,5,4,storage_sstore_k10,12,,4204,0,0,0.0339,2.9942,0.0016,0.1452,3.3178,0,4,0,0,0,0,0,0,0,0,0,0,4,0,0,0,0,0,0,0,0,0
pbt,bintrie,5,4,storage_sstore_k10,12,,4205,0,0,0.036,2.8934,0.0017,0.1046,3.2203,0,4,0,0,0,0,0,0,0,0,0,0,4,0,0,0,0,0,0,0,0,0
pbt,bintrie,5,4,storage_sstore_k10,12,,4206,86938,2,0.1302,16.3102,21.9363,4.7307,43.2951,2.008,11,0,0,0,3,0,0,0,1,165,5,6,45.45,0,0,0,0,0,0,0,0
pbt,bintrie,5,4,storage_sstore_k10,12,,4207,5919370,1,3.6127,6.803,8.003,2.4234,21.0359,281.3938,17,283,11,445,12,0,254,0,0,0,7,10,41.18,63,220,22.26,11,0,100,445,0
pbt,bintrie,5,4,storage_sstore_k10,12,,4208,21000,1,0.0672,4.3273,22.3735,0.6859,27.6579,0.7593,6,0,0,0,2,0,0,0,0,0,2,4,33.33,0,0,0,0,0,0,0,0
pbt,bintrie,5,4,storage_sstore_k10,13,,4209,0,0,0.0631,3.3138,0.0022,0.1903,3.8653,0,4,0,0,0,0,0,0,0,0,0,0,4,0,0,0,0,0,0,0,0,0
pbt,bintrie,5,4,storage_sstore_k10,13,,4210,0,0,0.0344,3.4282,0.0017,0.1024,3.7641,0,4,0,0,0,0,0,0,0,0,0,0,4,0,0,0,0,0,0,0,0,0
pbt,bintrie,5,4,storage_sstore_k10,13,,4211,0,0,0.0389,16.9668,0.0018,0.0922,17.2668,0,4,0,0,0,0,0,0,0,0,0,0,4,0,0,0,0,0,0,0,0,0
pbt,bintrie,5,4,storage_sstore_k10,13,,4212,86938,2,0.1137,24.0736,2.6002,5.0571,32.1543,2.7038,11,0,0,0,3,0,0,0,1,165,5,6,45.45,0,0,0,0,0,0,0,0
pbt,bintrie,5,4,storage_sstore_k10,13,,4213,5919370,1,4.4381,13.7671,11.6968,3.4485,33.5496,176.4363,17,283,11,445,12,0,254,0,0,0,5,12,29.41,46,237,16.25,11,0,100,445,0
pbt,bintrie,5,4,storage_sstore_k10,13,,4214,21000,1,0.0722,27.1918,2.5312,0.7057,30.6857,0.6844,6,0,0,0,2,0,0,0,0,0,2,4,33.33,0,0,0,0,0,0,0,0
pbt,bintrie,5,4,storage_sstore_k10,14,,4215,0,0,0.0556,4.7858,0.0019,0.1943,5.2393,0,4,0,0,0,0,0,0,0,0,0,0,4,0,0,0,0,0,0,0,0,0
pbt,bintrie,5,4,storage_sstore_k10,14,,4216,0,0,0.0277,2.6532,0.0013,0.1062,2.9337,0,4,0,0,0,0,0,0,0,0,0,0,4,0,0,0,0,0,0,0,0,0
pbt,bintrie,5,4,storage_sstore_k10,14,,4217,0,0,0.0236,14.6535,0.001,0.0894,14.9239,0,4,0,0,0,0,0,0,0,0,0,0,4,0,0,0,0,0,0,0,0,0
pbt,bintrie,5,4,storage_sstore_k10,14,,4218,86938,2,0.1171,14.1074,13.784,4.89,33.0805,2.6281,11,0,0,0,3,0,0,0,1,165,5,6,45.45,0,0,0,0,0,0,0,0
pbt,bintrie,5,4,storage_sstore_k10,14,,4219,5919370,1,3.7251,6.5776,5.5817,2.4634,18.5506,319.0929,17,283,11,445,12,0,254,0,0,0,9,8,52.94,141,142,49.82,11,0,100,445,0
pbt,bintrie,5,4,storage_sstore_k10,14,,4220,21000,1,0.0602,3.498,6.5804,1.4703,11.8312,1.775,6,0,0,0,2,0,0,0,0,0,2,4,33.33,0,0,0,0,0,0,0,0
pbt,bintrie,5,4,storage_sstore_k10,15,,4221,0,0,0.0776,5.7641,0.0021,0.2757,6.366,0,4,0,0,0,0,0,0,0,0,0,0,4,0,0,0,0,0,0,0,0,0
pbt,bintrie,5,4,storage_sstore_k10,15,,4222,0,0,0.032,4.4324,0.0015,0.1143,4.7359,0,4,0,0,0,0,0,0,0,0,0,0,4,0,0,0,0,0,0,0,0,0
pbt,bintrie,5,4,storage_sstore_k10,15,,4223,0,0,0.0281,2.7044,0.0015,0.086,3.0244,0,4,0,0,0,0,0,0,0,0,0,0,4,0,0,0,0,0,0,0,0,0
pbt,bintrie,5,4,storage_sstore_k10,15,,4224,86938,2,0.1575,3.814,19.6063,5.0591,33.3493,2.6069,11,0,0,0,3,0,0,0,1,165,5,6,45.45,0,0,0,0,0,0,0,0
pbt,bintrie,5,4,storage_sstore_k10,15,,4225,5919370,1,3.2416,8.0787,5.6809,2.3902,19.5329,303.0456,17,283,11,445,12,0,254,0,0,0,8,9,47.06,167,116,59.01,11,0,100,445,0
pbt,bintrie,5,4,storage_sstore_k10,15,,4226,21000,1,0.0599,3.2054,2.4509,0.707,6.6175,3.1734,6,0,0,0,2,0,0,0,0,0,2,4,33.33,0,0,0,0,0,0,0,0
pbt,bintrie,5,4,storage_sstore_k10,16,,4227,0,0,0.0465,2.8825,0.0022,0.1599,3.2662,0,4,0,0,0,0,0,0,0,0,0,0,4,0,0,0,0,0,0,0,0,0
pbt,bintrie,5,4,storage_sstore_k10,16,,4228,0,0,0.0291,8.4604,0.0023,0.1619,8.8583,0,4,0,0,0,0,0,0,0,0,0,0,4,0,0,0,0,0,0,0,0,0
pbt,bintrie,5,4,storage_sstore_k10,16,,4229,0,0,0.0446,19.6703,0.0038,0.2179,20.1768,0,4,0,0,0,0,0,0,0,0,0,0,4,0,0,0,0,0,0,0,0,0
pbt,bintrie,5,4,storage_sstore_k10,16,,4230,86938,2,0.1148,3.8023,11.6161,4.5334,23.867,3.6426,11,0,0,0,3,0,0,0,1,165,6,5,54.55,0,0,0,0,0,0,0,0
pbt,bintrie,5,4,storage_sstore_k10,16,,4231,5919370,1,4.092,10.9182,11.1032,2.419,36.961,160.1517,17,283,11,445,12,0,254,0,0,0,5,12,29.41,73,210,25.8,11,0,100,445,0
pbt,bintrie,5,4,storage_sstore_k10,16,,4232,21000,1,0.0775,4.5006,2.5101,0.6379,7.9478,2.6422,6,0,0,0,2,0,0,0,0,0,2,4,33.33,0,0,0,0,0,0,0,0
pbt,bintrie,5,4,storage_sstore_k10,17,,4233,0,0,0.1689,9.8947,0.0023,0.2307,12.3698,0,4,0,0,0,0,0,0,0,0,0,0,4,0,0,0,0,0,0,0,0,0
pbt,bintrie,5,4,storage_sstore_k10,17,,4234,0,0,0.0347,3.2711,0.0031,0.1119,3.6276,0,4,0,0,0,0,0,0,0,0,0,0,4,0,0,0,0,0,0,0,0,0
pbt,bintrie,5,4,storage_sstore_k10,17,,4235,0,0,0.026,2.7758,0.0014,0.1028,3.054,0,4,0,0,0,0,0,0,0,0,0,0,4,0,0,0,0,0,0,0,0,0
pbt,bintrie,5,4,storage_sstore_k10,17,,4236,86938,2,0.122,23.3919,2.645,4.3732,30.7008,2.8318,11,0,0,0,3,0,0,0,1,165,6,5,54.55,0,0,0,0,0,0,0,0
pbt,bintrie,5,4,storage_sstore_k10,17,,4237,5919370,1,4.1393,17.3728,5.8728,2.1575,29.6833,199.4173,17,283,11,445,12,0,254,0,0,0,4,13,23.53,49,234,17.31,11,0,100,445,0
pbt,bintrie,5,4,storage_sstore_k10,17,,4238,21000,1,0.0864,26.4668,2.5348,0.636,29.9258,0.7017,6,0,0,0,2,0,0,0,0,0,2,4,33.33,0,0,0,0,0,0,0,0
pbt,bintrie,5,4,storage_sstore_k10,18,,4239,0,0,0.0475,6.5174,0.0024,0.2126,6.9865,0,4,0,0,0,0,0,0,0,0,0,0,4,0,0,0,0,0,0,0,0,0
pbt,bintrie,5,4,storage_sstore_k10,18,,4240,0,0,0.0386,3.2692,0.0031,0.168,3.7384,0,4,0,0,0,0,0,0,0,0,0,0,4,0,0,0,0,0,0,0,0,0
pbt,bintrie,5,4,storage_sstore_k10,18,,4241,0,0,0.0496,17.4032,0.0021,0.1355,17.7636,0,4,0,0,0,0,0,0,0,0,0,0,4,0,0,0,0,0,0,0,0,0
pbt,bintrie,5,4,storage_sstore_k10,18,,4242,86938,2,0.2208,20.5447,3.2004,7.0636,31.8133,2.7328,11,0,0,0,3,0,0,0,1,165,4,7,36.36,0,0,0,0,0,0,0,0
pbt,bintrie,5,4,storage_sstore_k10,18,,4243,5919370,1,4.655,13.0558,5.5008,2.2121,25.5925,231.2929,17,283,11,445,12,0,254,0,0,0,5,12,29.41,92,191,32.51,11,0,100,445,0
pbt,bintrie,5,4,storage_sstore_k10,18,,4244,21000,1,0.0752,24.883,2.5699,0.6028,28.3108,0.7418,6,0,0,0,2,0,0,0,0,0,2,4,33.33,0,0,0,0,0,0,0,0
pbt,bintrie,5,4,storage_sstore_k10,19,,4245,0,0,0.0727,4.2974,0.0025,0.2223,4.8648,0,4,0,0,0,0,0,0,0,0,0,0,4,0,0,0,0,0,0,0,0,0
pbt,bintrie,5,4,storage_sstore_k10,19,,4246,0,0,0.0286,3.4661,0.0024,0.139,3.8034,0,4,0,0,0,0,0,0,0,0,0,0,4,0,0,0,0,0,0,0,0,0
pbt,bintrie,5,4,storage_sstore_k10,19,,4247,0,0,0.0224,2.6166,0.0012,0.0844,2.8599,0,4,0,0,0,0,0,0,0,0,0,0,4,0,0,0,0,0,0,0,0,0
pbt,bintrie,5,4,storage_sstore_k10,19,,4248,86938,2,0.0779,13.9496,13.9293,4.7673,32.8894,2.6433,11,0,0,0,3,0,0,0,1,165,7,4,63.64,0,0,0,0,0,0,0,0
pbt,bintrie,5,4,storage_sstore_k10,19,,4249,5919370,1,5.8078,19.8681,6.5239,2.3714,34.882,169.697,17,283,11,445,12,0,254,0,0,0,4,13,23.53,62,221,21.91,11,0,100,445,0
pbt,bintrie,5,4,storage_sstore_k10,19,,4250,21000,1,0.0887,12.0962,2.6441,0.6388,15.6671,1.3404,6,0,0,0,2,0,0,0,0,0,2,4,33.33,0,0,0,0,0,0,0,0
pbt,bintrie,5,4,storage_sstore_k10,1,,4137,0,0,0.0944,3.5876,0.0023,0.2639,4.2318,0,4,0,0,0,0,0,0,0,0,0,0,4,0,0,0,0,0,0,0,0,0
pbt,bintrie,5,4,storage_sstore_k10,1,,4138,0,0,0.0314,4.146,0.0016,0.1618,4.5519,0,4,0,0,0,0,0,0,0,0,0,0,4,0,0,0,0,0,0,0,0,0
pbt,bintrie,5,4,storage_sstore_k10,1,,4139,0,0,0.0237,2.625,0.0015,0.0995,2.898,0,4,0,0,0,0,0,0,0,0,0,0,4,0,0,0,0,0,0,0,0,0
pbt,bintrie,5,4,storage_sstore_k10,1,,4140,86938,2,0.1287,3.0468,16.1653,5.648,25.1254,3.4602,11,0,0,0,3,0,0,0,1,165,6,5,54.55,0,0,0,0,0,0,0,0
pbt,bintrie,5,4,storage_sstore_k10,1,,4141,5919370,1,3.994,9.6946,8.9254,2.7918,25.6205,231.0406,17,283,11,445,12,0,254,0,0,0,5,12,29.41,107,176,37.81,11,0,100,445,0
pbt,bintrie,5,4,storage_sstore_k10,1,,4142,21000,1,2.2081,5.4943,6.3301,0.5843,14.9032,1.4091,6,0,0,0,2,0,0,0,0,0,2,4,33.33,0,0,0,0,0,0,0,0
pbt,bintrie,5,4,storage_sstore_k10,20,,4251,0,0,0.0419,3.2165,0.0015,0.1599,3.5996,0,4,0,0,0,0,0,0,0,0,0,0,4,0,0,0,0,0,0,0,0,0
pbt,bintrie,5,4,storage_sstore_k10,20,,4252,0,0,0.03,3.1622,0.0018,0.1164,3.5054,0,4,0,0,0,0,0,0,0,0,0,0,4,0,0,0,0,0,0,0,0,0
pbt,bintrie,5,4,storage_sstore_k10,20,,4253,0,0,0.1188,13.1259,0.0014,0.1007,13.4939,0,4,0,0,0,0,0,0,0,0,0,0,4,0,0,0,0,0,0,0,0,0
pbt,bintrie,5,4,storage_sstore_k10,20,,4254,86938,2,0.2216,11.0747,13.4231,4.7776,32.4058,2.6828,11,0,0,0,3,0,0,0,1,165,5,6,45.45,0,0,0,0,0,0,0,0
pbt,bintrie,5,4,storage_sstore_k10,20,,4255,5919370,1,3.4402,6.9545,7.0325,2.4961,20.0779,294.8198,17,283,11,445,12,0,254,0,0,0,7,10,41.18,88,195,31.1,11,0,100,445,0
pbt,bintrie,5,4,storage_sstore_k10,20,,4256,21000,1,0.0608,4.7472,22.2965,0.7784,28.0961,0.7474,6,0,0,0,2,0,0,0,0,0,2,4,33.33,0,0,0,0,0,0,0,0
pbt,bintrie,5,4,storage_sstore_k10,2,,4143,0,0,0.0576,6.3651,0.0019,0.215,6.8853,0,4,0,0,0,0,0,0,0,0,0,0,4,0,0,0,0,0,0,0,0,0
pbt,bintrie,5,4,storage_sstore_k10,2,,4144,0,0,0.0401,3.4178,0.0019,0.126,3.7851,0,4,0,0,0,0,0,0,0,0,0,0,4,0,0,0,0,0,0,0,0,0
pbt,bintrie,5,4,storage_sstore_k10,2,,4145,0,0,0.0312,3.1894,0.0021,0.1969,3.5787,0,4,0,0,0,0,0,0,0,0,0,0,4,0,0,0,0,0,0,0,0,0
pbt,bintrie,5,4,storage_sstore_k10,2,,4146,86938,2,0.0854,15.4291,15.3291,4.6179,35.6717,2.4372,11,0,0,0,3,0,0,0,1,165,6,5,54.55,0,0,0,0,0,0,0,0
pbt,bintrie,5,4,storage_sstore_k10,2,,4147,5919370,1,3.6014,14.7322,7.02,2.0777,27.5593,214.7867,17,283,11,445,12,0,254,0,0,0,5,12,29.41,110,173,38.87,11,0,100,445,0
pbt,bintrie,5,4,storage_sstore_k10,2,,4148,21000,1,0.2814,8.8315,10.6687,0.6918,20.6716,1.0159,6,0,0,0,2,0,0,0,0,0,2,4,33.33,0,0,0,0,0,0,0,0
pbt,bintrie,5,4,storage_sstore_k10,3,,4149,0,0,0.029,2.5437,0.0016,0.1229,2.8684,0,4,0,0,0,0,0,0,0,0,0,0,4,0,0,0,0,0,0,0,0,0
pbt,bintrie,5,4,storage_sstore_k10,3,,4150,0,0,0.0594,11.7727,0.0021,0.1303,12.1487,0,4,0,0,0,0,0,0,0,0,0,0,4,0,0,0,0,0,0,0,0,0
pbt,bintrie,5,4,storage_sstore_k10,3,,4151,0,0,0.0292,13.3684,0.0018,0.0967,13.7014,0,4,0,0,0,0,0,0,0,0,0,0,4,0,0,0,0,0,0,0,0,0
pbt,bintrie,5,4,storage_sstore_k10,3,,4152,86938,2,0.114,3.2791,19.4232,4.3554,27.362,3.1773,11,0,0,0,3,0,0,0,1,165,5,6,45.45,0,0,0,0,0,0,0,0
pbt,bintrie,5,4,storage_sstore_k10,3,,4153,5919370,1,3.3254,6.4098,5.9352,2.2925,18.1245,326.5951,17,283,11,445,12,0,254,0,0,0,4,13,23.53,44,239,15.55,11,0,100,445,0
pbt,bintrie,5,4,storage_sstore_k10,3,,4154,21000,1,0.0796,3.9802,10.0648,0.5834,14.8775,1.4115,6,0,0,0,2,0,0,0,0,0,2,4,33.33,0,0,0,0,0,0,0,0
pbt,bintrie,5,4,storage_sstore_k10,4,,4155,0,0,0.0317,2.8352,0.0012,0.1862,3.2359,0,4,0,0,0,0,0,0,0,0,0,0,4,0,0,0,0,0,0,0,0,0
pbt,bintrie,5,4,storage_sstore_k10,4,,4156,0,0,0.069,5.4405,0.0023,0.1912,5.9733,0,4,0,0,0,0,0,0,0,0,0,0,4,0,0,0,0,0,0,0,0,0
pbt,bintrie,5,4,storage_sstore_k10,4,,4157,0,0,0.057,24.1324,0.003,0.1703,24.6639,0,4,0,0,0,0,0,0,0,0,0,0,4,0,0,0,0,0,0,0,0,0
pbt,bintrie,5,4,storage_sstore_k10,4,,4158,86938,2,0.2514,18.2624,2.6954,5.9558,29.9622,2.9016,11,0,0,0,3,0,0,0,1,165,4,7,36.36,0,0,0,0,0,0,0,0
pbt,bintrie,5,4,storage_sstore_k10,4,,4159,5919370,1,3.3063,26.6723,6.9148,2.2619,39.3286,150.5105,17,283,11,445,12,0,254,0,0,0,3,14,17.65,38,245,13.43,11,0,100,445,0
pbt,bintrie,5,4,storage_sstore_k10,4,,4160,21000,1,0.0621,26.3689,2.3556,0.6831,29.6785,0.7076,6,0,0,0,2,0,0,0,0,0,2,4,33.33,0,0,0,0,0,0,0,0
pbt,bintrie,5,4,storage_sstore_k10,5,,4161,0,0,0.0339,2.8296,0.0017,0.203,3.2829,0,4,0,0,0,0,0,0,0,0,0,0,4,0,0,0,0,0,0,0,0,0
pbt,bintrie,5,4,storage_sstore_k10,5,,4162,0,0,0.0367,2.7552,0.0014,0.0894,3.0751,0,4,0,0,0,0,0,0,0,0,0,0,4,0,0,0,0,0,0,0,0,0
pbt,bintrie,5,4,storage_sstore_k10,5,,4163,0,0,0.0351,13.7202,0.0014,0.0939,14.0367,0,4,0,0,0,0,0,0,0,0,0,0,4,0,0,0,0,0,0,0,0,0
pbt,bintrie,5,4,storage_sstore_k10,5,,4164,86938,2,0.2379,27.5709,3.0144,5.0943,36.1371,2.4058,11,0,0,0,3,0,0,0,1,165,5,6,45.45,0,0,0,0,0,0,0,0
pbt,bintrie,5,4,storage_sstore_k10,5,,4165,5919370,1,4.5536,7.9018,5.7425,2.2508,20.5828,287.5876,17,283,11,445,12,0,254,0,0,0,5,12,29.41,63,220,22.26,11,0,100,445,0
pbt,bintrie,5,4,storage_sstore_k10,5,,4166,21000,1,0.1027,4.1264,12.6714,0.6425,17.7911,1.1804,6,0,0,0,2,0,0,0,0,0,2,4,33.33,0,0,0,0,0,0,0,0
pbt,bintrie,5,4,storage_sstore_k10,6,,4167,0,0,0.0464,3.073,0.0018,0.1658,3.476,0,4,0,0,0,0,0,0,0,0,0,0,4,0,0,0,0,0,0,0,0,0
pbt,bintrie,5,4,storage_sstore_k10,6,,4168,0,0,0.0344,2.687,0.002,0.1246,2.9863,0,4,0,0,0,0,0,0,0,0,0,0,4,0,0,0,0,0,0,0,0,0
pbt,bintrie,5,4,storage_sstore_k10,6,,4169,0,0,0.0449,4.8181,0.0022,0.1352,5.2233,0,4,0,0,0,0,0,0,0,0,0,0,4,0,0,0,0,0,0,0,0,0
pbt,bintrie,5,4,storage_sstore_k10,6,,4170,86938,2,0.1126,16.2922,2.7761,4.4514,23.8405,3.6467,11,0,0,0,3,0,0,0,1,165,5,6,45.45,0,0,0,0,0,0,0,0
pbt,bintrie,5,4,storage_sstore_k10,6,,4171,5919370,1,3.748,6.4458,10.3214,4.3164,25.0015,236.7603,17,283,11,445,12,0,254,0,0,0,9,8,52.94,151,132,53.36,11,0,100,445,0
pbt,bintrie,5,4,storage_sstore_k10,6,,4172,21000,1,0.0654,3.0979,2.4188,0.6115,6.3625,3.3006,6,0,0,0,2,0,0,0,0,0,2,4,33.33,0,0,0,0,0,0,0,0
pbt,bintrie,5,4,storage_sstore_k10,7,,4173,0,0,0.0438,3.5382,0.0018,0.1973,4.0248,0,4,0,0,0,0,0,0,0,0,0,0,4,0,0,0,0,0,0,0,0,0
pbt,bintrie,5,4,storage_sstore_k10,7,,4174,0,0,0.0494,3.1613,0.0019,0.1336,3.6096,0,4,0,0,0,0,0,0,0,0,0,0,4,0,0,0,0,0,0,0,0,0
pbt,bintrie,5,4,storage_sstore_k10,7,,4175,0,0,0.0386,18.973,0.003,0.2268,19.4715,0,4,0,0,0,0,0,0,0,0,0,0,4,0,0,0,0,0,0,0,0,0
pbt,bintrie,5,4,storage_sstore_k10,7,,4176,86938,2,0.3898,19.9259,2.672,4.6962,27.8357,3.1233,11,0,0,0,3,0,0,0,1,165,5,6,45.45,0,0,0,0,0,0,0,0
pbt,bintrie,5,4,storage_sstore_k10,7,,4177,5919370,1,4.4586,16.3018,5.4753,2.5458,28.941,204.5324,17,283,11,445,12,0,254,0,0,0,8,9,47.06,76,207,26.86,11,0,100,445,0
pbt,bintrie,5,4,storage_sstore_k10,7,,4178,21000,1,0.0804,13.6102,2.8694,0.684,23.8524,0.8804,6,0,0,0,2,0,0,0,0,0,2,4,33.33,0,0,0,0,0,0,0,0
pbt,bintrie,5,4,storage_sstore_k10,8,,4179,0,0,0.0807,3.781,0.0016,0.2896,4.4761,0,4,0,0,0,0,0,0,0,0,0,0,4,0,0,0,0,0,0,0,0,0
pbt,bintrie,5,4,storage_sstore_k10,8,,4180,0,0,0.0397,3.4547,0.0024,0.1598,3.9095,0,4,0,0,0,0,0,0,0,0,0,0,4,0,0,0,0,0,0,0,0,0
pbt,bintrie,5,4,storage_sstore_k10,8,,4181,0,0,0.0519,4.0197,0.003,0.1304,4.4496,0,4,0,0,0,0,0,0,0,0,0,0,4,0,0,0,0,0,0,0,0,0
pbt,bintrie,5,4,storage_sstore_k10,8,,4182,86938,2,0.1212,16.3818,18.0052,4.654,39.338,2.21,11,0,0,0,3,0,0,0,1,165,5,6,45.45,0,0,0,0,0,0,0,0
pbt,bintrie,5,4,storage_sstore_k10,8,,4183,5919370,1,3.6398,7.2415,5.9295,2.3783,19.3528,305.8661,17,283,11,445,12,0,254,0,0,0,7,10,41.18,101,182,35.69,11,0,100,445,0
pbt,bintrie,5,4,storage_sstore_k10,8,,4184,21000,1,0.1038,7.7947,2.8233,0.9046,11.8578,1.771,6,0,0,0,2,0,0,0,0,0,2,4,33.33,0,0,0,0,0,0,0,0
pbt,bintrie,5,4,storage_sstore_k10,9,,4185,0,0,0.0434,3.0066,0.0023,0.1553,3.5214,0,4,0,0,0,0,0,0,0,0,0,0,4,0,0,0,0,0,0,0,0,0
pbt,bintrie,5,4,storage_sstore_k10,9,,4186,0,0,0.0608,3.0652,0.002,0.1187,3.4419,0,4,0,0,0,0,0,0,0,0,0,0,4,0,0,0,0,0,0,0,0,0
pbt,bintrie,5,4,storage_sstore_k10,9,,4187,0,0,0.0399,17.2744,0.0019,0.1585,17.7871,0,4,0,0,0,0,0,0,0,0,0,0,4,0,0,0,0,0,0,0,0,0
pbt,bintrie,5,4,storage_sstore_k10,9,,4188,86938,2,0.0989,16.1346,16.9768,4.5515,37.9519,2.2907,11,0,0,0,3,0,0,0,1,165,5,6,45.45,0,0,0,0,0,0,0,0
pbt,bintrie,5,4,storage_sstore_k10,9,,4189,5919370,1,5.0424,9.0637,6.5842,2.5778,23.5085,251.7968,17,283,11,445,12,0,254,0,0,0,4,13,23.53,66,217,23.32,11,0,100,445,0
pbt,bintrie,5,4,storage_sstore_k10,9,,4190,21000,1,0.0836,13.4725,3.7244,0.8524,18.304,1.1473,6,0,0,0,2,0,0,0,0,0,2,4,33.33,0,0,0,0,0,0,0,0
pbt,bintrie,5,4,storage_sstore_k100,10,,4313,0,0,0.0452,3.7746,0.0015,0.1751,4.1877,0,4,0,0,0,0,0,0,0,0,0,0,4,0,0,0,0,0,0,0,0,0
pbt,bintrie,5,4,storage_sstore_k100,10,,4314,0,0,0.0341,2.9603,0.0025,0.1317,3.2737,0,4,0,0,0,0,0,0,0,0,0,0,4,0,0,0,0,0,0,0,0,0
pbt,bintrie,5,4,storage_sstore_k100,10,,4315,0,0,0.0373,14.0339,0.0017,0.1108,14.3977,0,4,0,0,0,0,0,0,0,0,0,0,4,0,0,0,0,0,0,0,0,0
pbt,bintrie,5,4,storage_sstore_k100,10,,4316,86938,2,0.0895,24.4833,3.3049,4.3775,32.4353,2.6804,11,0,0,0,3,0,0,0,1,165,6,5,54.55,0,0,0,0,0,0,0,0
pbt,bintrie,5,4,storage_sstore_k100,10,,4317,5910176,1,4.3847,22.1321,23.9584,7.1914,57.9304,102.022,100,241,94,2769,94,0,238,0,0,0,38,62,38,79,162,32.78,94,0,100,2769,0
pbt,bintrie,5,4,storage_sstore_k100,10,,4318,21000,1,0.0701,24.1284,2.3504,0.6971,27.4278,0.7656,6,0,0,0,2,0,0,0,0,0,2,4,33.33,0,0,0,0,0,0,0,0
pbt,bintrie,5,4,storage_sstore_k100,10,,4319,0,0,0.03,18.3858,0.0022,0.127,18.6978,0,4,0,0,0,0,0,0,0,0,0,0,4,0,0,0,0,0,0,0,0,0
pbt,bintrie,5,4,storage_sstore_k100,11,,4320,0,0,0.0505,3.3624,0.0019,0.1643,3.8173,0,4,0,0,0,0,0,0,0,0,0,0,4,0,0,0,0,0,0,0,0,0
pbt,bintrie,5,4,storage_sstore_k100,11,,4321,0,0,0.036,3.4666,0.0019,0.1584,3.8878,0,4,0,0,0,0,0,0,0,0,0,0,4,0,0,0,0,0,0,0,0,0
pbt,bintrie,5,4,storage_sstore_k100,11,,4322,0,0,0.0366,13.5514,0.003,0.4451,14.3466,0,4,0,0,0,0,0,0,0,0,0,0,4,0,0,0,0,0,0,0,0,0
pbt,bintrie,5,4,storage_sstore_k100,11,,4323,86938,2,0.1193,20.2339,2.7483,5.1087,28.424,3.0586,11,0,0,0,3,0,0,0,1,165,5,6,45.45,0,0,0,0,0,0,0,0
pbt,bintrie,5,4,storage_sstore_k100,11,,4324,5910176,1,4.6698,15.6767,45.3469,7.1958,73.3491,80.576,100,241,94,2769,94,0,238,0,0,0,32,68,32,61,180,25.31,94,0,100,2769,0
pbt,bintrie,5,4,storage_sstore_k100,11,,4325,21000,1,0.2257,16.8369,2.1952,0.5581,20.2129,1.0389,6,0,0,0,2,0,0,0,0,0,0,6,0,0,0,0,0,0,0,0,0
pbt,bintrie,5,4,storage_sstore_k100,11,,4326,0,0,0.0233,2.6184,0.0015,0.095,3.0366,0,4,0,0,0,0,0,0,0,0,0,0,4,0,0,0,0,0,0,0,0,0
pbt,bintrie,5,4,storage_sstore_k100,12,,4327,0,0,0.0503,10.9835,0.002,0.1717,11.4905,0,4,0,0,0,0,0,0,0,0,0,0,4,0,0,0,0,0,0,0,0,0
pbt,bintrie,5,4,storage_sstore_k100,12,,4328,0,0,0.0344,20.9777,0.0025,0.0914,21.3325,0,4,0,0,0,0,0,0,0,0,0,0,4,0,0,0,0,0,0,0,0,0
pbt,bintrie,5,4,storage_sstore_k100,12,,4329,0,0,0.0328,16.3548,0.0018,0.2363,16.9717,0,4,0,0,0,0,0,0,0,0,0,0,4,0,0,0,0,0,0,0,0,0
pbt,bintrie,5,4,storage_sstore_k100,12,,4330,86938,2,0.1207,14.8395,20.9589,4.5391,40.6762,2.1373,11,0,0,0,3,0,0,0,1,165,6,5,54.55,0,0,0,0,0,0,0,0
pbt,bintrie,5,4,storage_sstore_k100,12,,4331,5910176,1,3.1637,10.8387,24.1045,7.5228,45.815,129.001,100,241,94,2769,94,0,238,0,0,0,29,71,29.0,72,169,29.88,94,0,100,2769,0
pbt,bintrie,5,4,storage_sstore_k100,12,,4332,21000,1,0.0546,4.1777,12.8643,0.9368,18.4249,1.1398,6,0,0,0,2,0,0,0,0,0,2,4,33.33,0,0,0,0,0,0,0,0
pbt,bintrie,5,4,storage_sstore_k100,12,,4333,0,0,0.0328,16.1389,0.0026,0.1408,16.51,0,4,0,0,0,0,0,0,0,0,0,0,4,0,0,0,0,0,0,0,0,0
pbt,bintrie,5,4,storage_sstore_k100,13,,4334,0,0,0.0563,3.6461,0.0023,3.9141,7.8644,0,4,0,0,0,0,0,0,0,0,0,0,4,0,0,0,0,0,0,0,0,0
pbt,bintrie,5,4,storage_sstore_k100,13,,4335,0,0,0.043,4.0008,0.002,0.1172,4.5194,0,4,0,0,0,0,0,0,0,0,0,0,4,0,0,0,0,0,0,0,0,0
pbt,bintrie,5,4,storage_sstore_k100,13,,4336,0,0,0.0371,8.9607,0.0017,2.8119,11.9777,0,4,0,0,0,0,0,0,0,0,0,0,4,0,0,0,0,0,0,0,0,0
pbt,bintrie,5,4,storage_sstore_k100,13,,4337,86938,2,0.1057,15.3282,3.1847,4.625,23.4208,3.712,11,0,0,0,3,0,0,0,1,165,5,6,45.45,0,0,0,0,0,0,0,0
pbt,bintrie,5,4,storage_sstore_k100,13,,4338,5910176,1,4.0134,14.6804,24.9497,8.7819,52.8061,111.9222,100,241,94,2769,94,0,238,0,0,0,40,60,40,74,167,30.71,94,0,100,2769,0
pbt,bintrie,5,4,storage_sstore_k100,13,,4339,21000,1,0.0734,12.0072,14.2251,1.7396,28.2121,0.7444,6,0,0,0,2,0,0,0,0,0,0,6,0,0,0,0,0,0,0,0,0
pbt,bintrie,5,4,storage_sstore_k100,14,,4340,0,0,0.0653,9.3958,0.0026,1.0506,10.8562,0,4,0,0,0,0,0,0,0,0,0,0,4,0,0,0,0,0,0,0,0,0
pbt,bintrie,5,4,storage_sstore_k100,14,,4341,0,0,0.0333,9.8406,0.0016,0.1294,10.1331,0,4,0,0,0,0,0,0,0,0,0,0,4,0,0,0,0,0,0,0,0,0
pbt,bintrie,5,4,storage_sstore_k100,14,,4342,0,0,0.0318,22.7713,0.0018,0.1096,23.0862,0,4,0,0,0,0,0,0,0,0,0,0,4,0,0,0,0,0,0,0,0,0
pbt,bintrie,5,4,storage_sstore_k100,14,,4343,86938,2,0.1515,15.9562,3.3644,5.34,27.8865,3.1176,11,0,0,0,3,0,0,0,1,165,5,6,45.45,0,0,0,0,0,0,0,0
pbt,bintrie,5,4,storage_sstore_k100,14,,4344,5910176,1,3.2985,11.1718,22.2423,6.5567,43.4394,136.0557,100,241,94,2769,94,0,238,0,0,0,12,88,12,18,223,7.47,94,0,100,2769,0
pbt,bintrie,5,4,storage_sstore_k100,14,,4345,21000,1,0.0716,3.0794,2.8103,0.7478,6.9093,3.0394,6,0,0,0,2,0,0,0,0,0,2,4,33.33,0,0,0,0,0,0,0,0
pbt,bintrie,5,4,storage_sstore_k100,15,,4346,0,0,0.0509,7.0467,0.0015,0.3202,7.588,0,4,0,0,0,0,0,0,0,0,0,0,4,0,0,0,0,0,0,0,0,0
pbt,bintrie,5,4,storage_sstore_k100,15,,4347,0,0,0.032,11.0494,0.0029,0.1253,11.3493,0,4,0,0,0,0,0,0,0,0,0,0,4,0,0,0,0,0,0,0,0,0
pbt,bintrie,5,4,storage_sstore_k100,15,,4348,0,0,0.0302,20.7587,0.0031,0.1395,21.0872,0,4,0,0,0,0,0,0,0,0,0,0,4,0,0,0,0,0,0,0,0,0
pbt,bintrie,5,4,storage_sstore_k100,15,,4349,86938,2,0.1407,25.5423,2.7756,4.1811,32.7974,2.6508,11,0,0,0,3,0,0,0,1,165,5,6,45.45,0,0,0,0,0,0,0,0
pbt,bintrie,5,4,storage_sstore_k100,15,,4350,5910176,1,4.5934,13.58,25.5959,7.282,51.2375,115.3486,100,241,94,2769,94,0,238,0,0,0,57,43,57.0,96,145,39.83,94,0,100,2769,0
pbt,bintrie,5,4,storage_sstore_k100,15,,4351,21000,1,0.0731,3.4739,3.6498,8.6769,16.1196,1.3028,6,0,0,0,2,0,0,0,0,0,2,4,33.33,0,0,0,0,0,0,0,0
pbt,bintrie,5,4,storage_sstore_k100,16,,4352,0,0,0.0463,7.8701,0.0023,0.314,10.6632,0,4,0,0,0,0,0,0,0,0,0,0,4,0,0,0,0,0,0,0,0,0
pbt,bintrie,5,4,storage_sstore_k100,16,,4353,0,0,0.0332,11.8895,0.0032,0.1572,12.2653,0,4,0,0,0,0,0,0,0,0,0,0,4,0,0,0,0,0,0,0,0,0
pbt,bintrie,5,4,storage_sstore_k100,16,,4354,0,0,0.0297,7.8741,0.0013,0.1179,8.1926,0,4,0,0,0,0,0,0,0,0,0,0,4,0,0,0,0,0,0,0,0,0
pbt,bintrie,5,4,storage_sstore_k100,16,,4355,86938,2,0.1035,14.565,14.275,5.986,35.1487,2.4734,11,0,0,0,3,0,0,0,1,165,5,6,45.45,0,0,0,0,0,0,0,0
pbt,bintrie,5,4,storage_sstore_k100,16,,4356,5910176,1,4.4292,14.5527,26.2509,9.1192,54.9562,107.5434,100,241,94,2769,94,0,238,0,0,0,50,50,50,108,133,44.81,94,0,100,2769,0
pbt,bintrie,5,4,storage_sstore_k100,16,,4357,21000,1,0.0677,3.8778,11.2863,0.9446,16.374,1.2825,6,0,0,0,2,0,0,0,0,0,2,4,33.33,0,0,0,0,0,0,0,0
pbt,bintrie,5,4,storage_sstore_k100,17,,4358,0,0,0.0684,7.8918,0.002,0.1456,11.6329,0,4,0,0,0,0,0,0,0,0,0,0,4,0,0,0,0,0,0,0,0,0
pbt,bintrie,5,4,storage_sstore_k100,17,,4359,0,0,0.0295,18.2172,0.0027,0.0945,18.4886,0,4,0,0,0,0,0,0,0,0,0,0,4,0,0,0,0,0,0,0,0,0
pbt,bintrie,5,4,storage_sstore_k100,17,,4360,0,0,0.0259,14.1376,0.0013,0.0795,14.4014,0,4,0,0,0,0,0,0,0,0,0,0,4,0,0,0,0,0,0,0,0,0
pbt,bintrie,5,4,storage_sstore_k100,17,,4361,86938,2,0.1448,16.4037,13.8033,4.9568,35.5573,2.445,11,0,0,0,3,0,0,0,1,165,5,6,45.45,0,0,0,0,0,0,0,0
pbt,bintrie,5,4,storage_sstore_k100,17,,4362,5910176,1,3.9294,14.726,27.3341,7.7359,54.1953,109.0533,100,241,94,2769,94,0,238,0,0,0,32,68,32,51,190,21.16,94,0,100,2769,0
pbt,bintrie,5,4,storage_sstore_k100,17,,4363,21000,1,0.2149,3.6866,15.9966,0.6454,20.7937,1.0099,6,0,0,0,2,0,0,0,0,0,0,6,0,0,0,0,0,0,0,0,0
pbt,bintrie,5,4,storage_sstore_k100,17,,4364,0,0,0.0267,2.749,0.0017,0.1317,3.0796,0,4,0,0,0,0,0,0,0,0,0,0,4,0,0,0,0,0,0,0,0,0
pbt,bintrie,5,4,storage_sstore_k100,18,,4365,0,0,0.0687,6.7079,0.003,0.2277,7.4446,0,4,0,0,0,0,0,0,0,0,0,0,4,0,0,0,0,0,0,0,0,0
pbt,bintrie,5,4,storage_sstore_k100,18,,4366,0,0,0.0399,20.7604,0.0028,0.1554,21.2272,0,4,0,0,0,0,0,0,0,0,0,0,4,0,0,0,0,0,0,0,0,0
pbt,bintrie,5,4,storage_sstore_k100,18,,4367,0,0,0.038,27.3099,0.0037,0.1263,27.7011,0,4,0,0,0,0,0,0,0,0,0,0,4,0,0,0,0,0,0,0,0,0
pbt,bintrie,5,4,storage_sstore_k100,18,,4368,86938,2,0.13,3.2586,14.2879,4.9802,22.8168,3.8103,11,0,0,0,3,0,0,0,1,165,5,6,45.45,0,0,0,0,0,0,0,0
pbt,bintrie,5,4,storage_sstore_k100,18,,4369,5910176,1,3.312,12.2708,26.3313,8.0037,50.2374,117.645,100,241,94,2769,94,0,238,0,0,0,61,39,61,112,129,46.47,94,0,100,2769,0
pbt,bintrie,5,4,storage_sstore_k100,18,,4370,21000,1,0.0794,5.1982,8.4488,0.9057,14.8431,1.4148,6,0,0,0,2,0,0,0,0,0,2,4,33.33,0,0,0,0,0,0,0,0
pbt,bintrie,5,4,storage_sstore_k100,18,,4371,0,0,0.0261,2.719,0.002,0.1182,3.0323,0,4,0,0,0,0,0,0,0,0,0,0,4,0,0,0,0,0,0,0,0,0
pbt,bintrie,5,4,storage_sstore_k100,19,,4372,0,0,0.067,13.057,0.003,0.2379,13.6844,0,4,0,0,0,0,0,0,0,0,0,0,4,0,0,0,0,0,0,0,0,0
pbt,bintrie,5,4,storage_sstore_k100,19,,4373,0,0,0.0301,2.8929,0.0019,0.1068,3.2114,0,4,0,0,0,0,0,0,0,0,0,0,4,0,0,0,0,0,0,0,0,0
pbt,bintrie,5,4,storage_sstore_k100,19,,4374,0,0,0.0278,24.1112,0.0027,0.1229,24.4158,0,4,0,0,0,0,0,0,0,0,0,0,4,0,0,0,0,0,0,0,0,0
pbt,bintrie,5,4,storage_sstore_k100,19,,4375,86938,2,0.2141,16.3039,3.7012,4.5527,25.0187,3.4749,11,0,0,0,3,0,0,0,1,165,5,6,45.45,0,0,0,0,0,0,0,0
pbt,bintrie,5,4,storage_sstore_k100,19,,4376,5910176,1,4.8998,14.6136,46.273,9.2395,75.416,78.3677,100,241,94,2769,94,0,238,0,0,0,56,44,56.0,100,141,41.49,94,0,100,2769,0
pbt,bintrie,5,4,storage_sstore_k100,19,,4377,21000,1,0.1564,13.9504,0.4219,0.727,30.1266,0.6971,6,0,0,0,2,0,0,0,0,0,0,6,0,0,0,0,0,0,0,0,0
pbt,bintrie,5,4,storage_sstore_k100,19,,4378,0,0,0.0412,3.2251,0.0023,0.3344,3.9859,0,4,0,0,0,0,0,0,0,0,0,0,4,0,0,0,0,0,0,0,0,0
pbt,bintrie,5,4,storage_sstore_k100,1,,4257,0,0,0.0538,6.5413,0.0018,0.1445,6.9548,0,4,0,0,0,0,0,0,0,0,0,0,4,0,0,0,0,0,0,0,0,0
pbt,bintrie,5,4,storage_sstore_k100,1,,4258,0,0,0.0474,7.4006,0.0027,0.147,7.7838,0,4,0,0,0,0,0,0,0,0,0,0,4,0,0,0,0,0,0,0,0,0
pbt,bintrie,5,4,storage_sstore_k100,1,,4259,0,0,0.0265,3.0123,0.0025,0.1111,3.3109,0,4,0,0,0,0,0,0,0,0,0,0,4,0,0,0,0,0,0,0,0,0
pbt,bintrie,5,4,storage_sstore_k100,1,,4260,86938,2,0.1809,11.6839,3.8758,6.9926,22.9045,3.7957,11,0,0,0,3,0,0,0,1,165,6,5,54.55,0,0,0,0,0,0,0,0
pbt,bintrie,5,4,storage_sstore_k100,1,,4261,5910176,1,4.2372,28.7527,53.9006,8.1143,95.1463,62.1167,100,241,94,2769,94,0,238,0,0,0,17,83,17,36,205,14.94,94,0,100,2769,0
pbt,bintrie,5,4,storage_sstore_k100,1,,4262,21000,1,0.0631,2.826,2.3482,0.5789,5.9815,3.5108,6,0,0,0,2,0,0,0,0,0,2,4,33.33,0,0,0,0,0,0,0,0
pbt,bintrie,5,4,storage_sstore_k100,1,,4263,0,0,0.1417,16.0205,0.0026,0.1196,16.4464,0,4,0,0,0,0,0,0,0,0,0,0,4,0,0,0,0,0,0,0,0,0
pbt,bintrie,5,4,storage_sstore_k100,20,,4379,0,0,0.0443,4.892,0.0023,0.2591,5.4866,0,4,0,0,0,0,0,0,0,0,0,0,4,0,0,0,0,0,0,0,0,0
pbt,bintrie,5,4,storage_sstore_k100,20,,4380,0,0,0.032,11.2978,0.0029,0.151,11.6922,0,4,0,0,0,0,0,0,0,0,0,0,4,0,0,0,0,0,0,0,0,0
pbt,bintrie,5,4,storage_sstore_k100,20,,4381,0,0,0.0345,18.2639,0.0028,0.1146,18.5876,0,4,0,0,0,0,0,0,0,0,0,0,4,0,0,0,0,0,0,0,0,0
pbt,bintrie,5,4,storage_sstore_k100,20,,4382,86938,2,0.1376,4.8947,13.4678,4.4008,23.0687,3.7686,11,0,0,0,3,0,0,0,1,165,6,5,54.55,0,0,0,0,0,0,0,0
pbt,bintrie,5,4,storage_sstore_k100,20,,4383,5910176,1,4.9809,15.0614,29.6568,8.5275,58.7979,100.5167,100,241,94,2769,94,0,238,0,0,0,53,47,53,98,143,40.66,94,0,100,2769,0
pbt,bintrie,5,4,storage_sstore_k100,20,,4384,21000,1,0.0577,3.8528,13.8421,0.8084,18.7877,1.1178,6,0,0,0,2,0,0,0,0,0,2,4,33.33,0,0,0,0,0,0,0,0
pbt,bintrie,5,4,storage_sstore_k100,2,,4264,0,0,0.0493,3.1436,0.0017,0.1788,3.6373,0,4,0,0,0,0,0,0,0,0,0,0,4,0,0,0,0,0,0,0,0,0
pbt,bintrie,5,4,storage_sstore_k100,2,,4265,0,0,0.0213,2.7738,0.0013,0.1253,3.0558,0,4,0,0,0,0,0,0,0,0,0,0,4,0,0,0,0,0,0,0,0,0
pbt,bintrie,5,4,storage_sstore_k100,2,,4266,0,0,0.0331,22.0053,0.0019,0.1535,22.4044,0,4,0,0,0,0,0,0,0,0,0,0,4,0,0,0,0,0,0,0,0,0
pbt,bintrie,5,4,storage_sstore_k100,2,,4267,86938,2,0.4359,15.9772,2.6114,4.5708,23.7987,3.6531,11,0,0,0,3,0,0,0,1,165,4,7,36.36,0,0,0,0,0,0,0,0
pbt,bintrie,5,4,storage_sstore_k100,2,,4268,5910176,1,4.2273,14.3125,26.8727,9.3509,54.9598,107.5363,100,241,94,2769,94,0,238,0,0,0,52,48,52,116,125,48.13,94,0,100,2769,0
pbt,bintrie,5,4,storage_sstore_k100,2,,4269,21000,1,0.0818,10.8306,2.4066,0.5728,14.1195,1.4873,6,0,0,0,2,0,0,0,0,0,2,4,33.33,0,0,0,0,0,0,0,0
pbt,bintrie,5,4,storage_sstore_k100,3,,4270,0,0,0.053,9.1383,0.0019,0.2047,9.6743,0,4,0,0,0,0,0,0,0,0,0,0,4,0,0,0,0,0,0,0,0,0
pbt,bintrie,5,4,storage_sstore_k100,3,,4271,0,0,0.0559,5.866,0.0015,0.1488,6.2469,0,4,0,0,0,0,0,0,0,0,0,0,4,0,0,0,0,0,0,0,0,0
pbt,bintrie,5,4,storage_sstore_k100,3,,4272,0,0,0.0285,2.6903,0.0014,0.087,2.9506,0,4,0,0,0,0,0,0,0,0,0,0,4,0,0,0,0,0,0,0,0,0
pbt,bintrie,5,4,storage_sstore_k100,3,,4273,86938,2,0.1303,18.2815,21.1903,4.0389,43.8102,1.9844,11,0,0,0,3,0,0,0,1,165,5,6,45.45,0,0,0,0,0,0,0,0
pbt,bintrie,5,4,storage_sstore_k100,3,,4274,5910176,1,4.0409,13.7025,25.6434,7.6586,51.2529,115.3139,100,241,94,2769,94,0,238,0,0,0,42,58,42,79,162,32.78,94,0,100,2769,0
pbt,bintrie,5,4,storage_sstore_k100,3,,4275,21000,1,0.067,11.8354,2.5601,0.6487,15.3142,1.3713,6,0,0,0,2,0,0,0,0,0,2,4,33.33,0,0,0,0,0,0,0,0
pbt,bintrie,5,4,storage_sstore_k100,4,,4276,0,0,0.0711,5.8012,0.0024,0.2049,6.323,0,4,0,0,0,0,0,0,0,0,0,0,4,0,0,0,0,0,0,0,0,0
pbt,bintrie,5,4,storage_sstore_k100,4,,4277,0,0,0.0366,4.1144,0.0018,0.1312,4.4676,0,4,0,0,0,0,0,0,0,0,0,0,4,0,0,0,0,0,0,0,0,0
pbt,bintrie,5,4,storage_sstore_k100,4,,4278,0,0,0.0249,2.7763,0.0013,0.0912,3.0773,0,4,0,0,0,0,0,0,0,0,0,0,4,0,0,0,0,0,0,0,0,0
pbt,bintrie,5,4,storage_sstore_k100,4,,4279,86938,2,0.1491,19.2426,2.6858,5.2206,27.493,3.1622,11,0,0,0,3,0,0,0,1,165,5,6,45.45,0,0,0,0,0,0,0,0
pbt,bintrie,5,4,storage_sstore_k100,4,,4280,5910176,1,4.6384,19.3092,29.9271,9.3858,63.4344,93.1699,100,241,94,2769,94,0,238,0,0,0,71,29,71,128,113,53.11,94,0,100,2769,0
pbt,bintrie,5,4,storage_sstore_k100,4,,4281,21000,1,0.1162,7.4585,14.3968,0.7884,23.0252,0.912,6,0,0,0,2,0,0,0,0,0,0,6,0,0,0,0,0,0,0,0,0
pbt,bintrie,5,4,storage_sstore_k100,5,,4282,0,0,0.0713,4.6213,0.0027,0.2719,5.3054,0,4,0,0,0,0,0,0,0,0,0,0,4,0,0,0,0,0,0,0,0,0
pbt,bintrie,5,4,storage_sstore_k100,5,,4283,0,0,0.0438,3.6092,0.0024,0.1377,3.973,0,4,0,0,0,0,0,0,0,0,0,0,4,0,0,0,0,0,0,0,0,0
pbt,bintrie,5,4,storage_sstore_k100,5,,4284,0,0,0.0353,3.3022,0.0022,0.1222,3.6169,0,4,0,0,0,0,0,0,0,0,0,0,4,0,0,0,0,0,0,0,0,0
pbt,bintrie,5,4,storage_sstore_k100,5,,4285,86938,2,0.093,15.1463,17.3434,4.9002,37.6399,2.3097,11,0,0,0,3,0,0,0,1,165,5,6,45.45,0,0,0,0,0,0,0,0
pbt,bintrie,5,4,storage_sstore_k100,5,,4286,5910176,1,3.564,12.4189,22.6529,8.7041,47.4886,124.4546,100,241,94,2769,94,0,238,0,0,0,54,46,54,107,134,44.4,94,0,100,2769,0
pbt,bintrie,5,4,storage_sstore_k100,5,,4287,21000,1,0.0678,4.0293,10.6554,0.6844,15.6501,1.3418,6,0,0,0,2,0,0,0,0,0,2,4,33.33,0,0,0,0,0,0,0,0
pbt,bintrie,5,4,storage_sstore_k100,6,,4288,0,0,0.0693,4.411,0.0026,0.1799,4.9416,0,4,0,0,0,0,0,0,0,0,0,0,4,0,0,0,0,0,0,0,0,0
pbt,bintrie,5,4,storage_sstore_k100,6,,4289,0,0,0.0312,3.3974,0.0022,0.1802,3.7933,0,4,0,0,0,0,0,0,0,0,0,0,4,0,0,0,0,0,0,0,0,0
pbt,bintrie,5,4,storage_sstore_k100,6,,4290,0,0,0.0359,9.8544,0.0014,0.113,10.1815,0,4,0,0,0,0,0,0,0,0,0,0,4,0,0,0,0,0,0,0,0,0
pbt,bintrie,5,4,storage_sstore_k100,6,,4291,86938,2,0.1163,3.3276,22.36,5.1668,31.0997,2.7955,11,0,0,0,3,0,0,0,1,165,5,6,45.45,0,0,0,0,0,0,0,0
pbt,bintrie,5,4,storage_sstore_k100,6,,4292,5910176,1,4.9288,14.083,24.1383,6.9743,50.3595,117.3597,100,241,94,2769,94,0,238,0,0,0,55,45,55.0,104,137,43.15,94,0,100,2769,0
pbt,bintrie,5,4,storage_sstore_k100,6,,4293,21000,1,0.0641,3.0976,2.9692,2.943,9.2564,2.2687,6,0,0,0,2,0,0,0,0,0,2,4,33.33,0,0,0,0,0,0,0,0
pbt,bintrie,5,4,storage_sstore_k100,7,,4294,0,0,0.0717,6.1652,0.003,0.2362,6.7355,0,4,0,0,0,0,0,0,0,0,0,0,4,0,0,0,0,0,0,0,0,0
pbt,bintrie,5,4,storage_sstore_k100,7,,4295,0,0,0.0288,3.0972,0.0019,0.0923,3.3996,0,4,0,0,0,0,0,0,0,0,0,0,4,0,0,0,0,0,0,0,0,0
pbt,bintrie,5,4,storage_sstore_k100,7,,4296,0,0,0.035,2.7375,0.0015,0.1419,3.1678,0,4,0,0,0,0,0,0,0,0,0,0,4,0,0,0,0,0,0,0,0,0
pbt,bintrie,5,4,storage_sstore_k100,7,,4297,86938,2,0.1434,11.2778,18.4468,5.0065,39.6046,2.1952,11,0,0,0,3,0,0,0,1,165,5,6,45.45,0,0,0,0,0,0,0,0
pbt,bintrie,5,4,storage_sstore_k100,7,,4298,5910176,1,3.338,12.0915,26.8174,9.0184,51.5317,114.69,100,241,94,2769,94,0,238,0,0,0,61,39,61,110,131,45.64,94,0,100,2769,0
pbt,bintrie,5,4,storage_sstore_k100,7,,4299,21000,1,0.0622,4.2375,15.7152,0.6294,20.8509,1.0072,6,0,0,0,2,0,0,0,0,0,2,4,33.33,0,0,0,0,0,0,0,0
pbt,bintrie,5,4,storage_sstore_k100,8,,4300,0,0,0.0675,12.8356,0.0025,0.2271,13.407,0,4,0,0,0,0,0,0,0,0,0,0,4,0,0,0,0,0,0,0,0,0
pbt,bintrie,5,4,storage_sstore_k100,8,,4301,0,0,0.0252,2.8159,0.0015,0.1324,3.1449,0,4,0,0,0,0,0,0,0,0,0,0,4,0,0,0,0,0,0,0,0,0
pbt,bintrie,5,4,storage_sstore_k100,8,,4302,0,0,0.0294,2.9047,0.0019,0.1031,3.2346,0,4,0,0,0,0,0,0,0,0,0,0,4,0,0,0,0,0,0,0,0,0
pbt,bintrie,5,4,storage_sstore_k100,8,,4303,86938,2,0.1364,13.747,24.7864,4.5203,43.6466,1.9919,11,0,0,0,3,0,0,0,1,165,5,6,45.45,0,0,0,0,0,0,0,0
pbt,bintrie,5,4,storage_sstore_k100,8,,4304,5910176,1,3.9159,12.9681,25.184,6.851,49.1613,120.2201,100,241,94,2769,94,0,238,0,0,0,48,52,48,89,152,36.93,94,0,100,2769,0
pbt,bintrie,5,4,storage_sstore_k100,8,,4305,21000,1,0.1291,4.2291,11.5113,0.6914,18.4887,1.1358,6,0,0,0,2,0,0,0,0,0,0,6,0,0,0,0,0,0,0,0,0
pbt,bintrie,5,4,storage_sstore_k100,8,,4306,0,0,0.023,5.9504,0.0014,0.1377,6.277,0,4,0,0,0,0,0,0,0,0,0,0,4,0,0,0,0,0,0,0,0,0
pbt,bintrie,5,4,storage_sstore_k100,9,,4307,0,0,0.0752,4.0485,0.0021,0.1999,4.5154,0,4,0,0,0,0,0,0,0,0,0,0,4,0,0,0,0,0,0,0,0,0
pbt,bintrie,5,4,storage_sstore_k100,9,,4308,0,0,0.0303,4.0794,0.0022,0.1841,4.5095,0,4,0,0,0,0,0,0,0,0,0,0,4,0,0,0,0,0,0,0,0,0
pbt,bintrie,5,4,storage_sstore_k100,9,,4309,0,0,0.0246,15.2807,0.0018,0.1099,15.5583,0,4,0,0,0,0,0,0,0,0,0,0,4,0,0,0,0,0,0,0,0,0
pbt,bintrie,5,4,storage_sstore_k100,9,,4310,86938,2,0.1311,14.0857,22.9928,5.2073,42.6084,2.0404,11,0,0,0,3,0,0,0,1,165,5,6,45.45,0,0,0,0,0,0,0,0
pbt,bintrie,5,4,storage_sstore_k100,9,,4311,5910176,1,4.1029,10.8187,22.8912,7.3269,45.2905,130.4948,100,241,94,2769,94,0,238,0,0,0,63,37,63,129,112,53.53,94,0,100,2769,0
pbt,bintrie,5,4,storage_sstore_k100,9,,4312,21000,1,0.0572,5.1309,14.3641,0.7576,20.4698,1.0259,6,0,0,0,2,0,0,0,0,0,2,4,33.33,0,0,0,0,0,0,0,0
pbt,bintrie,5,4,storage_sstore_k256,10,,4448,0,0,0.0722,13.1233,0.0021,0.2405,13.6794,0,4,0,0,0,0,0,0,0,0,0,0,4,0,0,0,0,0,0,0,0,0
pbt,bintrie,5,4,storage_sstore_k256,10,,4449,0,0,0.0449,6.2839,0.0012,0.1267,6.6349,0,4,0,0,0,0,0,0,0,0,0,0,4,0,0,0,0,0,0,0,0,0
pbt,bintrie,5,4,storage_sstore_k256,10,,4450,0,0,0.0327,21.0577,0.0023,0.1313,21.431,0,4,0,0,0,0,0,0,0,0,0,0,4,0,0,0,0,0,0,0,0,0
pbt,bintrie,5,4,storage_sstore_k256,10,,4451,86926,2,0.1224,3.5825,13.2464,4.8915,22.0101,3.9494,11,0,0,0,3,0,0,0,1,165,5,6,45.45,0,0,0,0,0,0,0,0
pbt,bintrie,5,4,storage_sstore_k256,10,,4452,5903542,1,4.4229,32.6602,60.8444,16.8464,115.4852,51.1195,219,212,213,6101,213,0,211,0,0,0,78,141,35.62,57,155,26.89,213,0,100,6101,0
pbt,bintrie,5,4,storage_sstore_k256,10,,4453,21000,1,0.057,35.9421,2.1918,0.6621,39.1998,0.5357,6,0,0,0,2,0,0,0,0,0,2,4,33.33,0,0,0,0,0,0,0,0
pbt,bintrie,5,4,storage_sstore_k256,10,,4454,0,0,0.0254,2.7291,0.0019,0.1318,3.0625,0,4,0,0,0,0,0,0,0,0,0,0,4,0,0,0,0,0,0,0,0,0
pbt,bintrie,5,4,storage_sstore_k256,11,,4455,0,0,0.0459,3.7669,0.0023,0.258,4.338,0,4,0,0,0,0,0,0,0,0,0,0,4,0,0,0,0,0,0,0,0,0
pbt,bintrie,5,4,storage_sstore_k256,11,,4456,0,0,0.0307,4.8713,0.0016,0.1011,5.2138,0,4,0,0,0,0,0,0,0,0,0,0,4,0,0,0,0,0,0,0,0,0
pbt,bintrie,5,4,storage_sstore_k256,11,,4457,0,0,0.0297,21.4052,0.0022,0.155,21.7645,0,4,0,0,0,0,0,0,0,0,0,0,4,0,0,0,0,0,0,0,0,0
pbt,bintrie,5,4,storage_sstore_k256,11,,4458,86926,2,0.1382,3.3397,2.6606,4.344,10.6633,8.1519,11,0,0,0,3,0,0,0,1,165,6,5,54.55,0,0,0,0,0,0,0,0
pbt,bintrie,5,4,storage_sstore_k256,11,,4459,5903542,1,4.9254,23.6919,61.9289,14.7758,106.0372,55.6743,219,212,213,6101,213,0,211,0,0,0,111,108,50.68,86,126,40.57,213,0,100,6101,0
pbt,bintrie,5,4,storage_sstore_k256,11,,4460,21000,1,0.0602,1.3345,24.0306,0.6717,42.2159,0.4974,6,0,0,0,2,0,0,0,0,0,2,4,33.33,0,0,0,0,0,0,0,0
pbt,bintrie,5,4,storage_sstore_k256,11,,4461,0,0,0.0266,2.8516,0.0016,0.1243,3.1646,0,4,0,0,0,0,0,0,0,0,0,0,4,0,0,0,0,0,0,0,0,0
pbt,bintrie,5,4,storage_sstore_k256,12,,4462,0,0,0.0492,3.4485,0.0022,0.1898,4.0624,0,4,0,0,0,0,0,0,0,0,0,0,4,0,0,0,0,0,0,0,0,0
pbt,bintrie,5,4,storage_sstore_k256,12,,4463,0,0,0.0358,3.5135,0.0016,0.1223,3.8388,0,4,0,0,0,0,0,0,0,0,0,0,4,0,0,0,0,0,0,0,0,0
pbt,bintrie,5,4,storage_sstore_k256,12,,4464,0,0,0.0321,24.7232,0.0034,0.168,25.1496,0,4,0,0,0,0,0,0,0,0,0,0,4,0,0,0,0,0,0,0,0,0
pbt,bintrie,5,4,storage_sstore_k256,12,,4465,86926,2,0.1974,2.6753,6.4117,5.463,22.6692,3.8345,11,0,0,0,3,0,0,0,1,165,5,6,45.45,0,0,0,0,0,0,0,0
pbt,bintrie,5,4,storage_sstore_k256,12,,4466,5903542,1,5.6659,26.7097,55.2762,16.7876,104.646,56.4144,219,212,213,6101,213,0,211,0,0,0,110,109,50.23,84,128,39.62,213,0,100,6101,0
pbt,bintrie,5,4,storage_sstore_k256,12,,4467,21000,1,0.0668,9.8034,2.9241,3.1404,16.1356,1.3015,6,0,0,0,2,0,0,0,0,0,2,4,33.33,0,0,0,0,0,0,0,0
pbt,bintrie,5,4,storage_sstore_k256,12,,4468,0,0,0.027,2.8514,0.0015,0.1484,3.247,0,4,0,0,0,0,0,0,0,0,0,0,4,0,0,0,0,0,0,0,0,0
pbt,bintrie,5,4,storage_sstore_k256,13,,4469,0,0,0.0406,3.2756,0.0016,0.1723,3.6968,0,4,0,0,0,0,0,0,0,0,0,0,4,0,0,0,0,0,0,0,0,0
pbt,bintrie,5,4,storage_sstore_k256,13,,4470,0,0,0.0411,5.4236,0.0021,0.1401,5.8108,0,4,0,0,0,0,0,0,0,0,0,0,4,0,0,0,0,0,0,0,0,0
pbt,bintrie,5,4,storage_sstore_k256,13,,4471,0,0,0.0263,17.1799,0.0023,0.2252,17.568,0,4,0,0,0,0,0,0,0,0,0,0,4,0,0,0,0,0,0,0,0,0
pbt,bintrie,5,4,storage_sstore_k256,13,,4472,86926,2,0.1448,15.5265,13.4539,5.4411,34.7838,2.499,11,0,0,0,3,0,0,0,1,165,5,6,45.45,0,0,0,0,0,0,0,0
pbt,bintrie,5,4,storage_sstore_k256,13,,4473,5903542,1,4.5996,19.1376,60.8331,14.9752,101.2813,58.2886,219,212,213,6101,213,0,211,0,0,0,126,93,57.53,82,130,38.68,213,0,100,6101,0
pbt,bintrie,5,4,storage_sstore_k256,13,,4474,21000,1,0.0734,39.1485,2.2266,0.6782,42.4259,0.495,6,0,0,0,2,0,0,0,0,0,2,4,33.33,0,0,0,0,0,0,0,0
pbt,bintrie,5,4,storage_sstore_k256,13,,4475,0,0,0.024,2.6265,0.0015,0.1011,2.9419,0,4,0,0,0,0,0,0,0,0,0,0,4,0,0,0,0,0,0,0,0,0
pbt,bintrie,5,4,storage_sstore_k256,14,,4476,0,0,0.0558,3.6321,0.0021,0.1982,4.0618,0,4,0,0,0,0,0,0,0,0,0,0,4,0,0,0,0,0,0,0,0,0
pbt,bintrie,5,4,storage_sstore_k256,14,,4477,0,0,0.0295,3.8728,0.0017,0.1642,4.28,0,4,0,0,0,0,0,0,0,0,0,0,4,0,0,0,0,0,0,0,0,0
pbt,bintrie,5,4,storage_sstore_k256,14,,4478,0,0,0.0263,13.7388,0.0016,0.1154,14.0437,0,4,0,0,0,0,0,0,0,0,0,0,4,0,0,0,0,0,0,0,0,0
pbt,bintrie,5,4,storage_sstore_k256,14,,4479,86926,2,0.0925,3.5161,7.6384,4.8944,16.2666,5.3438,11,0,0,0,3,0,0,0,1,165,6,5,54.55,0,0,0,0,0,0,0,0
pbt,bintrie,5,4,storage_sstore_k256,14,,4480,5903542,1,3.6315,15.7543,63.5425,15.0435,98.1615,60.1411,219,212,213,6101,213,0,211,0,0,0,76,143,34.7,46,166,21.7,213,0,100,6101,0
pbt,bintrie,5,4,storage_sstore_k256,14,,4481,21000,1,0.0679,24.8356,2.1847,0.56,27.8894,0.753,6,0,0,0,2,0,0,0,0,0,2,4,33.33,0,0,0,0,0,0,0,0
pbt,bintrie,5,4,storage_sstore_k256,14,,4482,0,0,0.027,2.6764,0.0024,0.0915,2.9379,0,4,0,0,0,0,0,0,0,0,0,0,4,0,0,0,0,0,0,0,0,0
pbt,bintrie,5,4,storage_sstore_k256,15,,4483,0,0,0.0361,2.8427,0.0014,0.1711,3.2709,0,4,0,0,0,0,0,0,0,0,0,0,4,0,0,0,0,0,0,0,0,0
pbt,bintrie,5,4,storage_sstore_k256,15,,4484,0,0,0.0376,4.6182,0.0019,0.1174,4.9478,0,4,0,0,0,0,0,0,0,0,0,0,4,0,0,0,0,0,0,0,0,0
pbt,bintrie,5,4,storage_sstore_k256,15,,4485,0,0,0.0384,3.5342,0.0023,0.1977,3.9498,0,4,0,0,0,0,0,0,0,0,0,0,4,0,0,0,0,0,0,0,0,0
pbt,bintrie,5,4,storage_sstore_k256,15,,4486,86926,2,0.1064,17.4663,2.8501,4.5326,29.0518,2.9921,11,0,0,0,3,0,0,0,1,165,5,6,45.45,0,0,0,0,0,0,0,0
pbt,bintrie,5,4,storage_sstore_k256,15,,4487,5903542,1,4.1292,17.606,51.7314,16.9646,90.6143,65.1502,219,212,213,6101,213,0,211,0,0,0,81,138,36.99,60,152,28.3,213,0,100,6101,0
pbt,bintrie,5,4,storage_sstore_k256,15,,4488,21000,1,0.0485,2.7183,2.3054,0.592,5.8,3.6207,6,0,0,0,2,0,0,0,0,0,2,4,33.33,0,0,0,0,0,0,0,0
pbt,bintrie,5,4,storage_sstore_k256,15,,4489,0,0,0.035,0.8266,0.0019,0.101,1.1326,0,4,0,0,0,0,0,0,0,0,0,0,4,0,0,0,0,0,0,0,0,0
pbt,bintrie,5,4,storage_sstore_k256,16,,4490,0,0,0.0522,3.3804,0.0018,0.3333,4.0102,0,4,0,0,0,0,0,0,0,0,0,0,4,0,0,0,0,0,0,0,0,0
pbt,bintrie,5,4,storage_sstore_k256,16,,4491,0,0,0.0239,2.9288,0.0018,0.0992,3.2195,0,4,0,0,0,0,0,0,0,0,0,0,4,0,0,0,0,0,0,0,0,0
pbt,bintrie,5,4,storage_sstore_k256,16,,4492,0,0,0.0381,22.2455,0.003,0.2035,22.6616,0,4,0,0,0,0,0,0,0,0,0,0,4,0,0,0,0,0,0,0,0,0
pbt,bintrie,5,4,storage_sstore_k256,16,,4493,86926,2,0.1526,3.9375,14.2781,5.3684,23.9787,3.6251,11,0,0,0,3,0,0,0,1,165,5,6,45.45,0,0,0,0,0,0,0,0
pbt,bintrie,5,4,storage_sstore_k256,16,,4494,5903542,1,5.0564,21.4895,68.0616,15.264,111.1969,53.0909,219,212,213,6101,213,0,211,0,0,0,100,119,45.66,78,134,36.79,213,0,100,6101,0
pbt,bintrie,5,4,storage_sstore_k256,16,,4495,21000,1,0.0493,13.766,2.2445,0.5734,16.9159,1.2414,6,0,0,0,2,0,0,0,0,0,2,4,33.33,0,0,0,0,0,0,0,0
pbt,bintrie,5,4,storage_sstore_k256,17,,4496,0,0,0.0349,2.9764,0.0015,0.1823,3.4035,0,4,0,0,0,0,0,0,0,0,0,0,4,0,0,0,0,0,0,0,0,0
pbt,bintrie,5,4,storage_sstore_k256,17,,4497,0,0,0.0214,2.9836,0.0016,0.1623,3.317,0,4,0,0,0,0,0,0,0,0,0,0,4,0,0,0,0,0,0,0,0,0
pbt,bintrie,5,4,storage_sstore_k256,17,,4498,0,0,0.0311,13.8238,0.0015,0.1167,14.139,0,4,0,0,0,0,0,0,0,0,0,0,4,0,0,0,0,0,0,0,0,0
pbt,bintrie,5,4,storage_sstore_k256,17,,4499,86926,2,0.1645,4.955,0.5864,5.0285,10.8769,7.9918,11,0,0,0,3,0,0,0,1,165,5,6,45.45,0,0,0,0,0,0,0,0
pbt,bintrie,5,4,storage_sstore_k256,17,,4500,5903542,1,4.9507,23.5396,64.3944,15.4741,108.9667,54.1775,219,212,213,6101,213,0,211,0,0,0,95,124,43.38,70,142,33.02,213,0,100,6101,0
pbt,bintrie,5,4,storage_sstore_k256,17,,4501,21000,1,0.0651,39.049,2.1599,0.6707,42.258,0.4969,6,0,0,0,2,0,0,0,0,0,2,4,33.33,0,0,0,0,0,0,0,0
pbt,bintrie,5,4,storage_sstore_k256,17,,4502,0,0,0.0219,2.5875,0.0013,0.0955,2.8408,0,4,0,0,0,0,0,0,0,0,0,0,4,0,0,0,0,0,0,0,0,0
pbt,bintrie,5,4,storage_sstore_k256,18,,4503,0,0,0.0591,3.752,0.0014,0.1846,4.181,0,4,0,0,0,0,0,0,0,0,0,0,4,0,0,0,0,0,0,0,0,0
pbt,bintrie,5,4,storage_sstore_k256,18,,4504,0,0,0.0473,4.1799,0.0023,0.1366,4.5308,0,4,0,0,0,0,0,0,0,0,0,0,4,0,0,0,0,0,0,0,0,0
pbt,bintrie,5,4,storage_sstore_k256,18,,4505,0,0,0.0258,2.9119,0.0017,0.1023,3.1942,0,4,0,0,0,0,0,0,0,0,0,0,4,0,0,0,0,0,0,0,0,0
pbt,bintrie,5,4,storage_sstore_k256,18,,4506,86926,2,0.0808,3.3621,2.7612,3.9083,10.2965,8.4423,11,0,0,0,3,0,0,0,1,165,7,4,63.64,0,0,0,0,0,0,0,0
pbt,bintrie,5,4,storage_sstore_k256,18,,4507,5903542,1,4.4574,19.9214,65.9269,15.7773,106.5159,55.4241,219,212,213,6101,213,0,211,0,0,0,141,78,64.38,97,115,45.75,213,0,100,6101,0
pbt,bintrie,5,4,storage_sstore_k256,18,,4508,21000,1,0.0628,1.1408,11.4934,0.6258,38.4502,0.5462,6,0,0,0,2,0,0,0,0,0,2,4,33.33,0,0,0,0,0,0,0,0
pbt,bintrie,5,4,storage_sstore_k256,18,,4509,0,0,0.0215,2.6259,0.0012,0.1183,2.905,0,4,0,0,0,0,0,0,0,0,0,0,4,0,0,0,0,0,0,0,0,0
pbt,bintrie,5,4,storage_sstore_k256,19,,4510,0,0,0.0301,3.277,0.0014,0.1648,3.7243,0,4,0,0,0,0,0,0,0,0,0,0,4,0,0,0,0,0,0,0,0,0
pbt,bintrie,5,4,storage_sstore_k256,19,,4511,0,0,0.0228,2.8518,0.0014,0.1078,3.1558,0,4,0,0,0,0,0,0,0,0,0,0,4,0,0,0,0,0,0,0,0,0
pbt,bintrie,5,4,storage_sstore_k256,19,,4512,0,0,0.0303,14.1771,0.0014,0.1655,14.5687,0,4,0,0,0,0,0,0,0,0,0,0,4,0,0,0,0,0,0,0,0,0
pbt,bintrie,5,4,storage_sstore_k256,19,,4513,86926,2,0.1228,12.6938,0.7418,5.8165,19.5679,4.4423,11,0,0,0,3,0,0,0,1,165,5,6,45.45,0,0,0,0,0,0,0,0
pbt,bintrie,5,4,storage_sstore_k256,19,,4514,5903542,1,3.7065,15.9452,62.498,16.9871,99.3208,59.4392,219,212,213,6101,213,0,211,0,0,0,170,49,77.63,115,97,54.25,213,0,100,6101,0
pbt,bintrie,5,4,storage_sstore_k256,19,,4515,21000,1,0.0602,16.4413,0.3592,0.6306,18.864,1.1132,6,0,0,0,2,0,0,0,0,0,2,4,33.33,0,0,0,0,0,0,0,0
pbt,bintrie,5,4,storage_sstore_k256,19,,4516,0,0,0.0231,2.6125,0.0013,0.1057,2.8885,0,4,0,0,0,0,0,0,0,0,0,0,4,0,0,0,0,0,0,0,0,0
pbt,bintrie,5,4,storage_sstore_k256,1,,4385,0,0,0.0751,4.0861,0.0019,0.2891,4.7474,0,4,0,0,0,0,0,0,0,0,0,0,4,0,0,0,0,0,0,0,0,0
pbt,bintrie,5,4,storage_sstore_k256,1,,4386,0,0,0.0359,3.562,0.0017,0.1752,3.9351,0,4,0,0,0,0,0,0,0,0,0,0,4,0,0,0,0,0,0,0,0,0
pbt,bintrie,5,4,storage_sstore_k256,1,,4387,0,0,0.0307,13.8237,0.0016,0.1071,14.143,0,4,0,0,0,0,0,0,0,0,0,0,4,0,0,0,0,0,0,0,0,0
pbt,bintrie,5,4,storage_sstore_k256,1,,4388,86926,2,0.2415,3.8987,10.8434,5.0425,20.2043,4.3024,11,0,0,0,3,0,0,0,1,165,4,7,36.36,0,0,0,0,0,0,0,0
pbt,bintrie,5,4,storage_sstore_k256,1,,4389,5903542,1,5.3384,57.4428,78.4256,16.9383,158.4519,37.2576,219,212,213,6101,213,0,211,0,0,0,87,132,39.73,47,165,22.17,213,0,100,6101,0
pbt,bintrie,5,4,storage_sstore_k256,1,,4390,21000,1,0.0783,13.7084,12.3997,0.6968,27.0881,0.7752,6,0,0,0,2,0,0,0,0,0,2,4,33.33,0,0,0,0,0,0,0,0
pbt,bintrie,5,4,storage_sstore_k256,20,,4517,0,0,0.0377,2.8379,0.0012,0.3388,3.4291,0,4,0,0,0,0,0,0,0,0,0,0,4,0,0,0,0,0,0,0,0,0
pbt,bintrie,5,4,storage_sstore_k256,20,,4518,0,0,0.0263,3.4806,0.0013,0.0808,3.7134,0,4,0,0,0,0,0,0,0,0,0,0,4,0,0,0,0,0,0,0,0,0
pbt,bintrie,5,4,storage_sstore_k256,20,,4519,0,0,0.0339,25.8598,0.0022,0.2213,26.2683,0,4,0,0,0,0,0,0,0,0,0,0,4,0,0,0,0,0,0,0,0,0
pbt,bintrie,5,4,storage_sstore_k256,20,,4520,86926,2,0.1019,3.4009,0.7192,3.7804,8.2099,10.588,11,0,0,0,3,0,0,0,1,165,5,6,45.45,0,0,0,0,0,0,0,0
pbt,bintrie,5,4,storage_sstore_k256,20,,4521,0,0,0.0275,3.0346,0.0022,0.4571,3.8397,0,4,0,0,0,0,0,0,0,0,0,0,4,0,0,0,0,0,0,0,0,0
pbt,bintrie,5,4,storage_sstore_k256,20,,4522,5903542,1,5.2166,24.1985,45.9221,16.2123,91.8327,64.2859,219,212,213,6101,213,0,211,0,0,0,8,211,3.65,4,208,1.89,213,0,100,6101,0
pbt,bintrie,5,4,storage_sstore_k256,20,,4523,21000,1,0.0715,2.804,2.2754,0.5636,5.8874,3.567,6,0,0,0,2,0,0,0,0,0,2,4,33.33,0,0,0,0,0,0,0,0
pbt,bintrie,5,4,storage_sstore_k256,2,,4392,0,0,0.0425,8.8165,0.0026,4.6536,14.2025,0,4,0,0,0,0,0,0,0,0,0,0,4,0,0,0,0,0,0,0,0,0
pbt,bintrie,5,4,storage_sstore_k256,2,,4393,0,0,0.0444,3.3372,0.0015,0.1181,3.7077,0,4,0,0,0,0,0,0,0,0,0,0,4,0,0,0,0,0,0,0,0,0
pbt,bintrie,5,4,storage_sstore_k256,2,,4394,0,0,0.0246,2.8473,0.0013,0.1477,3.155,0,4,0,0,0,0,0,0,0,0,0,0,4,0,0,0,0,0,0,0,0,0
pbt,bintrie,5,4,storage_sstore_k256,2,,4395,86926,2,0.1334,18.1605,3.1036,6.4329,27.981,3.1066,11,0,0,0,3,0,0,0,1,165,5,6,45.45,0,0,0,0,0,0,0,0
pbt,bintrie,5,4,storage_sstore_k256,2,,4396,5903542,1,4.6468,21.8242,58.1932,14.9523,99.8458,59.1266,219,212,213,6101,213,0,211,0,0,0,84,135,38.36,69,143,32.55,213,0,100,6101,0
pbt,bintrie,5,4,storage_sstore_k256,2,,4397,21000,1,0.0579,2.8242,12.5223,0.6198,16.1761,1.2982,6,0,0,0,2,0,0,0,0,0,2,4,33.33,0,0,0,0,0,0,0,0
pbt,bintrie,5,4,storage_sstore_k256,2,,4398,0,0,0.0742,25.5365,0.0024,0.1042,25.954,0,4,0,0,0,0,0,0,0,0,0,0,4,0,0,0,0,0,0,0,0,0
pbt,bintrie,5,4,storage_sstore_k256,3,,4399,0,0,0.05,6.635,0.0022,0.474,7.386,0,4,0,0,0,0,0,0,0,0,0,0,4,0,0,0,0,0,0,0,0,0
pbt,bintrie,5,4,storage_sstore_k256,3,,4400,0,0,0.0255,2.9519,0.0014,0.1263,3.2706,0,4,0,0,0,0,0,0,0,0,0,0,4,0,0,0,0,0,0,0,0,0
pbt,bintrie,5,4,storage_sstore_k256,3,,4401,0,0,0.0368,23.6166,0.0028,0.1196,23.9714,0,4,0,0,0,0,0,0,0,0,0,0,4,0,0,0,0,0,0,0,0,0
pbt,bintrie,5,4,storage_sstore_k256,3,,4402,86926,2,0.1397,3.3722,13.7902,5.4293,22.8891,3.7977,11,0,0,0,3,0,0,0,1,165,5,6,45.45,0,0,0,0,0,0,0,0
pbt,bintrie,5,4,storage_sstore_k256,3,,4403,5903542,1,4.5389,20.4168,59.3112,19.1075,103.7923,56.8784,219,212,213,6101,213,0,211,0,0,0,102,117,46.58,83,129,39.15,213,0,100,6101,0
pbt,bintrie,5,4,storage_sstore_k256,3,,4404,21000,1,0.1648,9.8411,2.8874,0.6104,14.5953,1.4388,6,0,0,0,2,0,0,0,0,0,0,6,0,0,0,0,0,0,0,0,0
pbt,bintrie,5,4,storage_sstore_k256,3,,4405,0,0,0.017,0.5973,0.0012,0.0994,0.8597,0,4,0,0,0,0,0,0,0,0,0,0,4,0,0,0,0,0,0,0,0,0
pbt,bintrie,5,4,storage_sstore_k256,4,,4406,0,0,0.0448,11.1997,0.0026,0.2592,11.7492,0,4,0,0,0,0,0,0,0,0,0,0,4,0,0,0,0,0,0,0,0,0
pbt,bintrie,5,4,storage_sstore_k256,4,,4407,0,0,0.0784,6.1836,0.002,0.129,6.523,0,4,0,0,0,0,0,0,0,0,0,0,4,0,0,0,0,0,0,0,0,0
pbt,bintrie,5,4,storage_sstore_k256,4,,4408,0,0,0.0265,11.7262,0.0019,0.1261,12.0434,0,4,0,0,0,0,0,0,0,0,0,0,4,0,0,0,0,0,0,0,0,0
pbt,bintrie,5,4,storage_sstore_k256,4,,4409,86926,2,0.1684,16.6701,14.3395,4.8528,36.2351,2.3989,11,0,0,0,3,0,0,0,1,165,5,6,45.45,0,0,0,0,0,0,0,0
pbt,bintrie,5,4,storage_sstore_k256,4,,4410,5903542,1,3.9272,20.3439,54.9724,17.7405,97.4355,60.5893,219,212,213,6101,213,0,211,0,0,0,45,174,20.55,26,186,12.26,213,0,100,6101,0
pbt,bintrie,5,4,storage_sstore_k256,4,,4411,21000,1,0.2047,13.6499,2.3527,0.5631,16.9597,1.2382,6,0,0,0,2,0,0,0,0,0,0,6,0,0,0,0,0,0,0,0,0
pbt,bintrie,5,4,storage_sstore_k256,4,,4412,0,0,0.0472,14.2304,0.0022,0.1261,14.6521,0,4,0,0,0,0,0,0,0,0,0,0,4,0,0,0,0,0,0,0,0,0
pbt,bintrie,5,4,storage_sstore_k256,5,,4413,0,0,0.046,3.6738,0.0104,0.3869,7.7426,0,4,0,0,0,0,0,0,0,0,0,0,4,0,0,0,0,0,0,0,0,0
pbt,bintrie,5,4,storage_sstore_k256,5,,4414,0,0,0.0283,2.8632,0.0011,0.1722,3.1992,0,4,0,0,0,0,0,0,0,0,0,0,4,0,0,0,0,0,0,0,0,0
pbt,bintrie,5,4,storage_sstore_k256,5,,4415,0,0,0.0409,16.2651,0.003,0.1332,16.6678,0,4,0,0,0,0,0,0,0,0,0,0,4,0,0,0,0,0,0,0,0,0
pbt,bintrie,5,4,storage_sstore_k256,5,,4416,86926,2,0.1257,3.6754,13.6513,5.321,22.9757,3.7834,11,0,0,0,3,0,0,0,1,165,5,6,45.45,0,0,0,0,0,0,0,0
pbt,bintrie,5,4,storage_sstore_k256,5,,4417,5903542,1,6.7092,32.1473,50.937,17.523,107.6326,54.849,219,212,213,6101,213,0,211,0,0,0,26,193,11.87,15,197,7.08,213,0,100,6101,0
pbt,bintrie,5,4,storage_sstore_k256,5,,4418,21000,1,0.0682,18.2735,2.3288,0.6076,21.4197,0.9804,6,0,0,0,2,0,0,0,0,0,2,4,33.33,0,0,0,0,0,0,0,0
pbt,bintrie,5,4,storage_sstore_k256,5,,4419,0,0,0.0215,2.6803,0.0016,0.1014,2.9409,0,4,0,0,0,0,0,0,0,0,0,0,4,0,0,0,0,0,0,0,0,0
pbt,bintrie,5,4,storage_sstore_k256,6,,4420,0,0,0.0492,4.3518,0.0022,0.206,4.825,0,4,0,0,0,0,0,0,0,0,0,0,4,0,0,0,0,0,0,0,0,0
pbt,bintrie,5,4,storage_sstore_k256,6,,4421,0,0,0.0338,3.2824,0.0018,0.1798,3.7269,0,4,0,0,0,0,0,0,0,0,0,0,4,0,0,0,0,0,0,0,0,0
pbt,bintrie,5,4,storage_sstore_k256,6,,4422,0,0,0.0485,24.9941,0.0029,0.1518,25.3894,0,4,0,0,0,0,0,0,0,0,0,0,4,0,0,0,0,0,0,0,0,0
pbt,bintrie,5,4,storage_sstore_k256,6,,4423,86926,2,0.091,3.2798,15.8494,4.6726,24.0718,3.6111,11,0,0,0,3,0,0,0,1,165,6,5,54.55,0,0,0,0,0,0,0,0
pbt,bintrie,5,4,storage_sstore_k256,6,,4424,5903542,1,5.1235,31.8199,53.5057,16.1479,106.907,55.2213,219,212,213,6101,213,0,211,0,0,0,100,119,45.66,63,149,29.72,213,0,100,6101,0
pbt,bintrie,5,4,storage_sstore_k256,6,,4425,21000,1,0.0633,15.2845,12.8941,0.5976,28.9999,0.7241,6,0,0,0,2,0,0,0,0,0,2,4,33.33,0,0,0,0,0,0,0,0
pbt,bintrie,5,4,storage_sstore_k256,6,,4426,0,0,0.0221,2.6527,0.0017,0.2154,3.2954,0,4,0,0,0,0,0,0,0,0,0,0,4,0,0,0,0,0,0,0,0,0
pbt,bintrie,5,4,storage_sstore_k256,7,,4427,0,0,0.0401,8.7024,0.0028,2.5937,11.566,0,4,0,0,0,0,0,0,0,0,0,0,4,0,0,0,0,0,0,0,0,0
pbt,bintrie,5,4,storage_sstore_k256,7,,4428,0,0,0.0266,6.1759,0.002,0.1312,6.5853,0,4,0,0,0,0,0,0,0,0,0,0,4,0,0,0,0,0,0,0,0,0
pbt,bintrie,5,4,storage_sstore_k256,7,,4429,0,0,0.0486,4.2976,0.0021,0.1691,6.0073,0,4,0,0,0,0,0,0,0,0,0,0,4,0,0,0,0,0,0,0,0,0
pbt,bintrie,5,4,storage_sstore_k256,7,,4430,86926,2,0.0994,3.3816,14.7841,4.9787,23.7395,3.6617,11,0,0,0,3,0,0,0,1,165,6,5,54.55,0,0,0,0,0,0,0,0
pbt,bintrie,5,4,storage_sstore_k256,7,,4431,5903542,1,4.3726,17.6196,54.0832,15.8805,92.3819,63.9036,219,212,213,6101,213,0,211,0,0,0,99,120,45.21,63,149,29.72,213,0,100,6101,0
pbt,bintrie,5,4,storage_sstore_k256,7,,4432,21000,1,0.0646,4.097,7.8166,0.5904,12.7534,1.6466,6,0,0,0,2,0,0,0,0,0,2,4,33.33,0,0,0,0,0,0,0,0
pbt,bintrie,5,4,storage_sstore_k256,7,,4433,0,0,0.0227,2.5828,0.0014,0.0885,2.8406,0,4,0,0,0,0,0,0,0,0,0,0,4,0,0,0,0,0,0,0,0,0
pbt,bintrie,5,4,storage_sstore_k256,8,,4434,0,0,0.0576,3.4515,0.0034,0.2215,3.9575,0,4,0,0,0,0,0,0,0,0,0,0,4,0,0,0,0,0,0,0,0,0
pbt,bintrie,5,4,storage_sstore_k256,8,,4435,0,0,0.2736,7.3882,0.0021,0.129,7.9614,0,4,0,0,0,0,0,0,0,0,0,0,4,0,0,0,0,0,0,0,0,0
pbt,bintrie,5,4,storage_sstore_k256,8,,4436,0,0,0.0557,19.2026,0.0023,0.135,19.5989,0,4,0,0,0,0,0,0,0,0,0,0,4,0,0,0,0,0,0,0,0,0
pbt,bintrie,5,4,storage_sstore_k256,8,,4437,86926,2,0.1507,3.8985,15.0542,4.5764,25.921,3.3535,11,0,0,0,3,0,0,0,1,165,5,6,45.45,0,0,0,0,0,0,0,0
pbt,bintrie,5,4,storage_sstore_k256,8,,4438,5903542,1,4.7148,20.6747,57.2953,20.0535,103.2134,57.1975,219,212,213,6101,213,0,211,0,0,0,86,133,39.27,62,150,29.25,213,0,100,6101,0
pbt,bintrie,5,4,storage_sstore_k256,8,,4439,21000,1,0.0714,10.4142,2.7096,0.8853,14.3064,1.4679,6,0,0,0,2,0,0,0,0,0,2,4,33.33,0,0,0,0,0,0,0,0
pbt,bintrie,5,4,storage_sstore_k256,8,,4440,0,0,0.0267,2.7015,0.0015,0.1079,2.9746,0,4,0,0,0,0,0,0,0,0,0,0,4,0,0,0,0,0,0,0,0,0
pbt,bintrie,5,4,storage_sstore_k256,9,,4441,0,0,0.0499,4.6955,0.0026,0.2613,9.3386,0,4,0,0,0,0,0,0,0,0,0,0,4,0,0,0,0,0,0,0,0,0
pbt,bintrie,5,4,storage_sstore_k256,9,,4442,0,0,0.0326,5.5927,0.0013,0.1067,5.8905,0,4,0,0,0,0,0,0,0,0,0,0,4,0,0,0,0,0,0,0,0,0
pbt,bintrie,5,4,storage_sstore_k256,9,,4443,0,0,0.0269,21.6563,0.0019,0.1156,21.9388,0,4,0,0,0,0,0,0,0,0,0,0,4,0,0,0,0,0,0,0,0,0
pbt,bintrie,5,4,storage_sstore_k256,9,,4444,86926,2,0.1039,15.3016,21.1795,4.6394,41.4348,2.0979,11,0,0,0,3,0,0,0,1,165,6,5,54.55,0,0,0,0,0,0,0,0
pbt,bintrie,5,4,storage_sstore_k256,9,,4445,5903542,1,6.3278,22.3398,51.9864,19.2004,100.0542,59.0034,219,212,213,6101,213,0,211,0,0,0,113,106,51.6,90,122,42.45,213,0,100,6101,0
pbt,bintrie,5,4,storage_sstore_k256,9,,4446,21000,1,0.0646,2.8561,6.9842,0.589,10.6454,1.9727,6,0,0,0,2,0,0,0,0,0,2,4,33.33,0,0,0,0,0,0,0,0
pbt,bintrie,5,4,storage_sstore_k256,9,,4447,0,0,0.0223,3.1395,0.0014,0.9404,4.5077,0,4,0,0,0,0,0,0,0,0,0,0,4,0,0,0,0,0,0,0,0,0
