config,trie_type,group_depth,pebble_block_size_kb,benchmark,run,contract,block_number,gas_used,tx_count,execution_ms,state_read_ms,state_hash_ms,commit_ms,total_ms,mgas_per_sec,accounts_read,storage_slots_read,code_read,code_bytes_read,accounts_written,accounts_deleted,storage_slots_written,storage_slots_deleted,code_written,code_bytes_written,account_cache_hits,account_cache_misses,account_cache_hit_rate,storage_cache_hits,storage_cache_misses,storage_cache_hit_rate,code_cache_hits,code_cache_misses,code_cache_hit_rate,code_cache_hit_bytes,code_cache_miss_bytes
pbt,bintrie,5,4,storage_mixed_k1,10,,10639,0,0,0.0341,0.7704,0.0016,0.2182,3.3609,0,4,0,0,0,0,0,0,0,0,0,0,4,0,0,0,0,0,0,0,0,0
pbt,bintrie,5,4,storage_mixed_k1,10,,10640,0,0,0.0253,0.5906,0.0012,0.1201,0.882,0,4,0,0,0,0,0,0,0,0,0,0,4,0,0,0,0,0,0,0,0,0
pbt,bintrie,5,4,storage_mixed_k1,10,,10641,0,0,0.022,2.6771,0.0013,0.115,2.9513,0,4,0,0,0,0,0,0,0,0,0,0,4,0,0,0,0,0,0,0,0,0
pbt,bintrie,5,4,storage_mixed_k1,10,,10642,0,0,0.053,68.5732,0.0024,0.1178,70.8043,0,4,0,0,0,0,0,0,0,0,0,0,4,0,0,0,0,0,0,0,0,0
pbt,bintrie,5,4,storage_mixed_k1,10,,10643,91690,2,0.2916,32.9141,33.8492,7.6872,74.9513,1.2233,11,0,0,0,3,0,0,0,1,303,4,7,36.36,0,0,0,0,0,0,0,0
pbt,bintrie,5,4,storage_mixed_k1,10,,10644,15913250,1,150.3215,34.2352,3.5356,1.855,190.5774,83.5002,8,1731,2,331,3,0,264,0,0,0,1,7,12.5,614,1117,35.47,2,0,100,331,0
pbt,bintrie,5,4,storage_mixed_k1,10,,10645,21000,1,0.0577,12.2946,17.2125,0.5935,30.3554,0.6918,6,0,0,0,2,0,0,0,0,0,2,4,33.33,0,0,0,0,0,0,0,0
pbt,bintrie,5,4,storage_mixed_k1,11,,10646,0,0,0.0576,20.2213,0.0029,0.2668,20.8486,0,4,0,0,0,0,0,0,0,0,0,0,4,0,0,0,0,0,0,0,0,0
pbt,bintrie,5,4,storage_mixed_k1,11,,10647,0,0,0.0202,0.4306,0.0013,0.1263,0.6921,0,4,0,0,0,0,0,0,0,0,0,0,4,0,0,0,0,0,0,0,0,0
pbt,bintrie,5,4,storage_mixed_k1,11,,10648,0,0,0.0445,0.7939,0.0017,0.135,1.2155,0,4,0,0,0,0,0,0,0,0,0,0,4,0,0,0,0,0,0,0,0,0
pbt,bintrie,5,4,storage_mixed_k1,11,,10649,0,0,0.045,63.2241,0.0026,0.1664,65.0265,0,4,0,0,0,0,0,0,0,0,0,0,4,0,0,0,0,0,0,0,0,0
pbt,bintrie,5,4,storage_mixed_k1,11,,10650,91690,2,0.4153,25.8701,3.1548,8.4429,38.2512,2.397,11,0,0,0,3,0,0,0,1,303,4,7,36.36,0,0,0,0,0,0,0,0
pbt,bintrie,5,4,storage_mixed_k1,11,,10651,15913250,1,157.9435,35.4225,3.5095,2.189,199.2455,79.8676,8,1731,2,331,3,0,264,0,0,0,3,5,37.5,139,1592,8.03,2,0,100,331,0
pbt,bintrie,5,4,storage_mixed_k1,11,,10652,21000,1,0.0691,6.0585,87.6489,0.5432,97.1256,0.2162,6,0,0,0,2,0,0,0,0,0,2,4,33.33,0,0,0,0,0,0,0,0
pbt,bintrie,5,4,storage_mixed_k1,12,,10653,0,0,0.0447,4.0766,0.0018,0.8854,5.8068,0,4,0,0,0,0,0,0,0,0,0,0,4,0,0,0,0,0,0,0,0,0
pbt,bintrie,5,4,storage_mixed_k1,12,,10654,0,0,0.0336,0.6019,0.0015,0.1327,0.9524,0,4,0,0,0,0,0,0,0,0,0,0,4,0,0,0,0,0,0,0,0,0
pbt,bintrie,5,4,storage_mixed_k1,12,,10655,0,0,0.0502,2.9512,0.0023,0.1889,6.2267,0,4,0,0,0,0,0,0,0,0,0,0,4,0,0,0,0,0,0,0,0,0
pbt,bintrie,5,4,storage_mixed_k1,12,,10656,0,0,0.0295,8.5639,0.0025,0.1746,8.9318,0,4,0,0,0,0,0,0,0,0,0,0,4,0,0,0,0,0,0,0,0,0
pbt,bintrie,5,4,storage_mixed_k1,12,,10657,91690,2,0.3873,19.913,53.9845,8.0753,82.5437,1.1108,11,0,0,0,3,0,0,0,1,303,4,7,36.36,0,0,0,0,0,0,0,0
pbt,bintrie,5,4,storage_mixed_k1,12,,10658,15913250,1,172.4637,12.713,3.6556,1.716,190.7217,83.437,8,1731,2,331,3,0,264,0,0,0,3,5,37.5,1083,648,62.56,2,0,100,331,0
pbt,bintrie,5,4,storage_mixed_k1,12,,10659,21000,1,0.0643,33.7381,19.4828,0.8811,54.4044,0.386,6,0,0,0,2,0,0,0,0,0,2,4,33.33,0,0,0,0,0,0,0,0
pbt,bintrie,5,4,storage_mixed_k1,13,,10660,0,0,4.0891,24.3947,0.002,0.1837,30.3167,0,4,0,0,0,0,0,0,0,0,0,0,4,0,0,0,0,0,0,0,0,0
pbt,bintrie,5,4,storage_mixed_k1,13,,10661,0,0,0.0267,0.5127,0.0016,0.1019,0.8439,0,4,0,0,0,0,0,0,0,0,0,0,4,0,0,0,0,0,0,0,0,0
pbt,bintrie,5,4,storage_mixed_k1,13,,10662,0,0,0.0297,4.0813,0.0024,0.732,5.4156,0,4,0,0,0,0,0,0,0,0,0,0,4,0,0,0,0,0,0,0,0,0
pbt,bintrie,5,4,storage_mixed_k1,13,,10663,0,0,0.024,2.681,0.0012,0.0924,2.981,0,4,0,0,0,0,0,0,0,0,0,0,4,0,0,0,0,0,0,0,0,0
pbt,bintrie,5,4,storage_mixed_k1,13,,10664,91690,2,0.5131,68.2789,2.8086,8.52,80.6929,1.1363,11,0,0,0,3,0,0,0,1,303,4,7,36.36,0,0,0,0,0,0,0,0
pbt,bintrie,5,4,storage_mixed_k1,13,,10665,15913250,1,175.8369,19.1735,3.7425,1.9793,201.0038,79.1689,8,1731,2,331,3,0,264,0,0,0,3,5,37.5,249,1482,14.38,2,0,100,331,0
pbt,bintrie,5,4,storage_mixed_k1,13,,10666,21000,1,0.0819,38.098,26.3952,0.6751,65.4697,0.3208,6,0,0,0,2,0,0,0,0,0,2,4,33.33,0,0,0,0,0,0,0,0
pbt,bintrie,5,4,storage_mixed_k1,14,,10667,0,0,0.0514,17.5468,0.0038,0.2601,18.0943,0,4,0,0,0,0,0,0,0,0,0,0,4,0,0,0,0,0,0,0,0,0
pbt,bintrie,5,4,storage_mixed_k1,14,,10668,0,0,0.0291,0.5401,0.0016,0.2075,1.0554,0,4,0,0,0,0,0,0,0,0,0,0,4,0,0,0,0,0,0,0,0,0
pbt,bintrie,5,4,storage_mixed_k1,14,,10669,0,0,0.0395,30.4967,0.0029,3.6411,34.3752,0,4,0,0,0,0,0,0,0,0,0,0,4,0,0,0,0,0,0,0,0,0
pbt,bintrie,5,4,storage_mixed_k1,14,,10670,0,0,0.0394,0.904,0.0025,0.1248,1.3217,0,4,0,0,0,0,0,0,0,0,0,0,4,0,0,0,0,0,0,0,0,0
pbt,bintrie,5,4,storage_mixed_k1,14,,10671,91690,2,0.5785,21.9058,0.8058,12.3486,35.9834,2.5481,11,0,0,0,3,0,0,0,1,303,4,7,36.36,0,0,0,0,0,0,0,0
pbt,bintrie,5,4,storage_mixed_k1,14,,10672,15913250,1,162.2816,24.3399,3.6913,1.7067,201.7778,78.8652,8,1731,2,331,3,0,264,0,0,0,0,8,0,1508,223,87.12,2,0,100,331,0
pbt,bintrie,5,4,storage_mixed_k1,14,,10673,21000,1,0.1924,6.6623,30.6637,0.8555,39.2098,0.5356,6,0,0,0,2,0,0,0,0,0,0,6,0,0,0,0,0,0,0,0,0
pbt,bintrie,5,4,storage_mixed_k1,15,,10674,0,0,0.0722,30.0507,0.0032,0.3109,30.8205,0,4,0,0,0,0,0,0,0,0,0,0,4,0,0,0,0,0,0,0,0,0
pbt,bintrie,5,4,storage_mixed_k1,15,,10675,0,0,0.0179,0.4103,0.001,0.089,0.6418,0,4,0,0,0,0,0,0,0,0,0,0,4,0,0,0,0,0,0,0,0,0
pbt,bintrie,5,4,storage_mixed_k1,15,,10676,0,0,0.0325,5.2701,0.0025,0.1561,5.6672,0,4,0,0,0,0,0,0,0,0,0,0,4,0,0,0,0,0,0,0,0,0
pbt,bintrie,5,4,storage_mixed_k1,15,,10677,0,0,0.0347,11.2866,0.0017,0.1203,11.6238,0,4,0,0,0,0,0,0,0,0,0,0,4,0,0,0,0,0,0,0,0,0
pbt,bintrie,5,4,storage_mixed_k1,15,,10678,91690,2,0.3201,26.0395,22.5194,8.5365,82.7546,1.108,11,0,0,0,3,0,0,0,1,303,4,7,36.36,0,0,0,0,0,0,0,0
pbt,bintrie,5,4,storage_mixed_k1,15,,10679,15913250,1,170.0372,23.3909,4.4308,1.6905,199.7815,79.6533,8,1731,2,331,3,0,264,0,0,0,3,5,37.5,108,1623,6.24,2,0,100,331,0
pbt,bintrie,5,4,storage_mixed_k1,15,,10680,21000,1,0.0858,5.6685,16.8923,1.9794,24.8435,0.8453,6,0,0,0,2,0,0,0,0,0,2,4,33.33,0,0,0,0,0,0,0,0
pbt,bintrie,5,4,storage_mixed_k1,16,,10681,0,0,0.0279,0.8296,0.0032,0.8694,4.6258,0,4,0,0,0,0,0,0,0,0,0,0,4,0,0,0,0,0,0,0,0,0
pbt,bintrie,5,4,storage_mixed_k1,16,,10682,0,0,0.0533,1.1011,0.0022,0.8337,2.4296,0,4,0,0,0,0,0,0,0,0,0,0,4,0,0,0,0,0,0,0,0,0
pbt,bintrie,5,4,storage_mixed_k1,16,,10683,0,0,0.0227,6.13,0.0018,0.1148,9.1066,0,4,0,0,0,0,0,0,0,0,0,0,4,0,0,0,0,0,0,0,0,0
pbt,bintrie,5,4,storage_mixed_k1,16,,10684,0,0,0.0314,8.9506,0.0059,0.2759,21.557,0,4,0,0,0,0,0,0,0,0,0,0,4,0,0,0,0,0,0,0,0,0
pbt,bintrie,5,4,storage_mixed_k1,16,,10685,91690,2,0.4967,24.9016,25.7998,9.6635,61.0917,1.5009,11,0,0,0,3,0,0,0,1,303,4,7,36.36,0,0,0,0,0,0,0,0
pbt,bintrie,5,4,storage_mixed_k1,16,,10686,15913250,1,238.1584,9.9398,4.2433,1.5763,254.2594,62.5867,8,1731,2,331,3,0,264,0,0,0,1,7,12.5,1521,210,87.87,2,0,100,331,0
pbt,bintrie,5,4,storage_mixed_k1,16,,10687,21000,1,0.081,10.8454,65.3922,0.5784,77.0867,0.2724,6,0,0,0,2,0,0,0,0,0,2,4,33.33,0,0,0,0,0,0,0,0
pbt,bintrie,5,4,storage_mixed_k1,17,,10688,0,0,0.0721,20.836,0.0036,0.2532,22.8238,0,4,0,0,0,0,0,0,0,0,0,0,4,0,0,0,0,0,0,0,0,0
pbt,bintrie,5,4,storage_mixed_k1,17,,10689,0,0,0.0177,0.3785,0.0011,0.0888,0.6403,0,4,0,0,0,0,0,0,0,0,0,0,4,0,0,0,0,0,0,0,0,0
pbt,bintrie,5,4,storage_mixed_k1,17,,10690,0,0,0.0253,2.3826,0.0023,0.2138,4.9305,0,4,0,0,0,0,0,0,0,0,0,0,4,0,0,0,0,0,0,0,0,0
pbt,bintrie,5,4,storage_mixed_k1,17,,10691,0,0,0.0433,18.2779,0.0026,0.1725,18.6516,0,4,0,0,0,0,0,0,0,0,0,0,4,0,0,0,0,0,0,0,0,0
pbt,bintrie,5,4,storage_mixed_k1,17,,10692,91690,2,0.2624,13.5724,0.5042,11.3926,25.9224,3.5371,11,0,0,0,3,0,0,0,1,303,4,7,36.36,0,0,0,0,0,0,0,0
pbt,bintrie,5,4,storage_mixed_k1,17,,10693,15913250,1,187.3768,23.2039,3.7071,1.6815,216.1495,73.6215,8,1731,2,331,3,0,264,0,0,0,1,7,12.5,247,1484,14.27,2,0,100,331,0
pbt,bintrie,5,4,storage_mixed_k1,17,,10694,21000,1,0.0651,10.7588,51.4017,0.8674,63.3022,0.3317,6,0,0,0,2,0,0,0,0,0,2,4,33.33,0,0,0,0,0,0,0,0
pbt,bintrie,5,4,storage_mixed_k1,18,,10695,0,0,0.0724,12.6179,0.0073,0.2224,13.2354,0,4,0,0,0,0,0,0,0,0,0,0,4,0,0,0,0,0,0,0,0,0
pbt,bintrie,5,4,storage_mixed_k1,18,,10696,0,0,0.0204,0.4684,0.0013,0.1538,0.7697,0,4,0,0,0,0,0,0,0,0,0,0,4,0,0,0,0,0,0,0,0,0
pbt,bintrie,5,4,storage_mixed_k1,18,,10697,0,0,0.0395,77.1226,0.0022,0.1047,79.2945,0,4,0,0,0,0,0,0,0,0,0,0,4,0,0,0,0,0,0,0,0,0
pbt,bintrie,5,4,storage_mixed_k1,18,,10698,0,0,0.0394,8.2304,0.0046,0.2574,51.5971,0,4,0,0,0,0,0,0,0,0,0,0,4,0,0,0,0,0,0,0,0,0
pbt,bintrie,5,4,storage_mixed_k1,18,,10699,91690,2,0.3455,16.4249,37.0974,8.4063,62.5385,1.4661,11,0,0,0,3,0,0,0,1,303,4,7,36.36,0,0,0,0,0,0,0,0
pbt,bintrie,5,4,storage_mixed_k1,18,,10700,15913250,1,152.7157,18.4366,56.8735,3.47,232.2045,68.5312,8,1731,2,331,3,0,264,0,0,0,4,4,50,619,1112,35.76,2,0,100,331,0
pbt,bintrie,5,4,storage_mixed_k1,18,,10701,21000,1,0.2076,60.6233,2.4617,0.4958,64.0058,0.3281,6,0,0,0,2,0,0,0,0,0,0,6,0,0,0,0,0,0,0,0,0
pbt,bintrie,5,4,storage_mixed_k1,18,,10702,0,0,0.0349,95.248,0.0021,0.1275,95.588,0,4,0,0,0,0,0,0,0,0,0,0,4,0,0,0,0,0,0,0,0,0
pbt,bintrie,5,4,storage_mixed_k1,19,,10703,0,0,0.0711,56.0432,0.0031,0.2643,56.6367,0,4,0,0,0,0,0,0,0,0,0,0,4,0,0,0,0,0,0,0,0,0
pbt,bintrie,5,4,storage_mixed_k1,19,,10704,0,0,0.0522,20.2288,0.0028,0.2377,20.7913,0,4,0,0,0,0,0,0,0,0,0,0,4,0,0,0,0,0,0,0,0,0
pbt,bintrie,5,4,storage_mixed_k1,19,,10705,0,0,0.0506,69.9279,0.0035,2.5494,72.7551,0,4,0,0,0,0,0,0,0,0,0,0,4,0,0,0,0,0,0,0,0,0
pbt,bintrie,5,4,storage_mixed_k1,19,,10706,0,0,0.0541,8.5436,0.0021,0.158,8.9474,0,4,0,0,0,0,0,0,0,0,0,0,4,0,0,0,0,0,0,0,0,0
pbt,bintrie,5,4,storage_mixed_k1,19,,10707,91690,2,0.4133,17.4878,0.7662,12.179,31.0786,2.9503,11,0,0,0,3,0,0,0,1,303,4,7,36.36,0,0,0,0,0,0,0,0
pbt,bintrie,5,4,storage_mixed_k1,19,,10708,15913250,1,213.2821,21.8807,5.916,1.6117,242.8756,65.5202,8,1731,2,331,3,0,264,0,0,0,0,8,0,248,1483,14.33,2,0,100,331,0
pbt,bintrie,5,4,storage_mixed_k1,19,,10709,21000,1,0.0777,10.5719,29.837,0.8455,41.5923,0.5049,6,0,0,0,2,0,0,0,0,0,2,4,33.33,0,0,0,0,0,0,0,0
pbt,bintrie,5,4,storage_mixed_k1,1,,10568,0,0,0.0618,0.9007,0.0016,0.2765,1.8788,0,4,0,0,0,0,0,0,0,0,0,0,4,0,0,0,0,0,0,0,0,0
pbt,bintrie,5,4,storage_mixed_k1,1,,10569,0,0,0.0187,0.4916,0.0056,0.096,0.7581,0,4,0,0,0,0,0,0,0,0,0,0,4,0,0,0,0,0,0,0,0,0
pbt,bintrie,5,4,storage_mixed_k1,1,,10570,0,0,0.0318,15.3878,0.002,0.148,15.7146,0,4,0,0,0,0,0,0,0,0,0,0,4,0,0,0,0,0,0,0,0,0
pbt,bintrie,5,4,storage_mixed_k1,1,,10571,0,0,0.0245,2.5455,0.0012,0.1341,2.868,0,4,0,0,0,0,0,0,0,0,0,0,4,0,0,0,0,0,0,0,0,0
pbt,bintrie,5,4,storage_mixed_k1,1,,10572,91690,2,0.4094,20.5176,1.2895,6.4829,30.0978,3.0464,11,0,0,0,3,0,0,0,1,303,4,7,36.36,0,0,0,0,0,0,0,0
pbt,bintrie,5,4,storage_mixed_k1,1,,10573,15913250,1,169.5138,15.3482,9.4277,1.8279,196.304,81.0643,8,1731,2,331,3,0,264,0,0,0,1,7,12.5,1293,438,74.7,2,0,100,331,0
pbt,bintrie,5,4,storage_mixed_k1,1,,10574,21000,1,0.0801,5.975,4.8456,0.4812,11.5932,1.8114,6,0,0,0,2,0,0,0,0,0,2,4,33.33,0,0,0,0,0,0,0,0
pbt,bintrie,5,4,storage_mixed_k1,1,,10575,0,0,0.0286,3.3221,0.0015,0.1303,3.6191,0,4,0,0,0,0,0,0,0,0,0,0,4,0,0,0,0,0,0,0,0,0
pbt,bintrie,5,4,storage_mixed_k1,20,,10710,0,0,0.0601,18.7396,0.0022,0.2279,19.4113,0,4,0,0,0,0,0,0,0,0,0,0,4,0,0,0,0,0,0,0,0,0
pbt,bintrie,5,4,storage_mixed_k1,20,,10711,0,0,0.0246,0.4724,0.0012,0.0865,0.7733,0,4,0,0,0,0,0,0,0,0,0,0,4,0,0,0,0,0,0,0,0,0
pbt,bintrie,5,4,storage_mixed_k1,20,,10712,0,0,0.0613,80.9142,0.0033,1.7152,84.7907,0,4,0,0,0,0,0,0,0,0,0,0,4,0,0,0,0,0,0,0,0,0
pbt,bintrie,5,4,storage_mixed_k1,20,,10713,0,0,0.0411,26.3139,0.0035,0.2574,26.7784,0,4,0,0,0,0,0,0,0,0,0,0,4,0,0,0,0,0,0,0,0,0
pbt,bintrie,5,4,storage_mixed_k1,20,,10714,91690,2,0.4956,15.5131,0.6497,17.4438,37.8436,2.4229,11,0,0,0,3,0,0,0,1,303,4,7,36.36,0,0,0,0,0,0,0,0
pbt,bintrie,5,4,storage_mixed_k1,20,,10715,15913250,1,171.254,23.7153,4.6524,2.1018,201.9649,78.7922,8,1731,2,331,3,0,264,0,0,0,0,8,0,491,1240,28.37,2,0,100,331,0
pbt,bintrie,5,4,storage_mixed_k1,20,,10716,21000,1,0.1287,2.5312,14.1189,0.69,44.5958,0.4709,6,0,0,0,2,0,0,0,0,0,0,6,0,0,0,0,0,0,0,0,0
pbt,bintrie,5,4,storage_mixed_k1,2,,10576,0,0,0.0699,14.7396,0.0028,3.928,19.0326,0,4,0,0,0,0,0,0,0,0,0,0,4,0,0,0,0,0,0,0,0,0
pbt,bintrie,5,4,storage_mixed_k1,2,,10577,0,0,0.019,0.4225,0.0023,0.092,0.6743,0,4,0,0,0,0,0,0,0,0,0,0,4,0,0,0,0,0,0,0,0,0
pbt,bintrie,5,4,storage_mixed_k1,2,,10578,0,0,0.0449,17.5124,0.003,0.2301,17.9571,0,4,0,0,0,0,0,0,0,0,0,0,4,0,0,0,0,0,0,0,0,0
pbt,bintrie,5,4,storage_mixed_k1,2,,10579,0,0,0.0359,14.1365,0.0026,0.1543,14.4894,0,4,0,0,0,0,0,0,0,0,0,0,4,0,0,0,0,0,0,0,0,0
pbt,bintrie,5,4,storage_mixed_k1,2,,10580,91690,2,0.4047,50.4971,0.972,7.328,59.6038,1.5383,11,0,0,0,3,0,0,0,1,303,4,7,36.36,0,0,0,0,0,0,0,0
pbt,bintrie,5,4,storage_mixed_k1,2,,10581,15913250,1,156.9362,36.5423,4.3142,1.5886,199.5475,79.7467,8,1731,2,331,3,0,264,0,0,0,1,7,12.5,289,1442,16.7,2,0,100,331,0
pbt,bintrie,5,4,storage_mixed_k1,2,,10582,21000,1,0.076,2.586,3.8901,0.7174,7.4804,2.8073,6,0,0,0,2,0,0,0,0,0,2,4,33.33,0,0,0,0,0,0,0,0
pbt,bintrie,5,4,storage_mixed_k1,2,,10583,0,0,0.0286,7.3325,0.0021,0.1286,7.7235,0,4,0,0,0,0,0,0,0,0,0,0,4,0,0,0,0,0,0,0,0,0
pbt,bintrie,5,4,storage_mixed_k1,3,,10584,0,0,0.0754,26.8845,0.0042,0.2797,28.2606,0,4,0,0,0,0,0,0,0,0,0,0,4,0,0,0,0,0,0,0,0,0
pbt,bintrie,5,4,storage_mixed_k1,3,,10585,0,0,0.0317,0.716,0.0016,0.1422,1.0897,0,4,0,0,0,0,0,0,0,0,0,0,4,0,0,0,0,0,0,0,0,0
pbt,bintrie,5,4,storage_mixed_k1,3,,10586,0,0,0.0546,26.5708,0.0041,0.198,27.0209,0,4,0,0,0,0,0,0,0,0,0,0,4,0,0,0,0,0,0,0,0,0
pbt,bintrie,5,4,storage_mixed_k1,3,,10587,0,0,0.0479,25.2164,0.0026,0.157,28.1408,0,4,0,0,0,0,0,0,0,0,0,0,4,0,0,0,0,0,0,0,0,0
pbt,bintrie,5,4,storage_mixed_k1,3,,10588,91690,2,0.3691,1.2814,42.2157,6.428,50.4838,1.8162,11,0,0,0,3,0,0,0,1,303,4,7,36.36,0,0,0,0,0,0,0,0
pbt,bintrie,5,4,storage_mixed_k1,3,,10589,15913250,1,185.6399,21.7126,3.6833,1.6659,212.8931,74.7476,8,1731,2,331,3,0,264,0,0,0,4,4,50,754,977,43.56,2,0,100,331,0
pbt,bintrie,5,4,storage_mixed_k1,3,,10590,21000,1,0.0944,22.9796,88.3273,0.8476,112.4924,0.1867,6,0,0,0,2,0,0,0,0,0,2,4,33.33,0,0,0,0,0,0,0,0
pbt,bintrie,5,4,storage_mixed_k1,4,,10592,0,0,0.0681,25.0054,0.0042,0.3022,26.2529,0,4,0,0,0,0,0,0,0,0,0,0,4,0,0,0,0,0,0,0,0,0
pbt,bintrie,5,4,storage_mixed_k1,4,,10593,0,0,0.0203,0.4163,0.0013,0.0899,0.6532,0,4,0,0,0,0,0,0,0,0,0,0,4,0,0,0,0,0,0,0,0,0
pbt,bintrie,5,4,storage_mixed_k1,4,,10594,0,0,0.0503,10.2497,0.0018,0.1222,10.5894,0,4,0,0,0,0,0,0,0,0,0,0,4,0,0,0,0,0,0,0,0,0
pbt,bintrie,5,4,storage_mixed_k1,4,,10595,0,0,0.0176,0.461,0.0011,0.1018,0.7005,0,4,0,0,0,0,0,0,0,0,0,0,4,0,0,0,0,0,0,0,0,0
pbt,bintrie,5,4,storage_mixed_k1,4,,10596,91690,2,0.3503,1.2761,26.1329,8.8947,41.2769,2.2213,11,0,0,0,3,0,0,0,1,303,4,7,36.36,0,0,0,0,0,0,0,0
pbt,bintrie,5,4,storage_mixed_k1,4,,10597,15913250,1,170.0014,23.0889,5.3175,1.9177,200.5375,79.353,8,1731,2,331,3,0,264,0,0,0,1,7,12.5,464,1267,26.81,2,0,100,331,0
pbt,bintrie,5,4,storage_mixed_k1,4,,10598,21000,1,0.0984,11.5012,40.0563,0.8223,52.6727,0.3987,6,0,0,0,2,0,0,0,0,0,2,4,33.33,0,0,0,0,0,0,0,0
pbt,bintrie,5,4,storage_mixed_k1,4,,10599,0,0,0.0208,2.4173,0.0018,0.0962,2.723,0,4,0,0,0,0,0,0,0,0,0,0,4,0,0,0,0,0,0,0,0,0
pbt,bintrie,5,4,storage_mixed_k1,5,,10600,0,0,0.0707,17.4957,0.0017,0.2349,17.9917,0,4,0,0,0,0,0,0,0,0,0,0,4,0,0,0,0,0,0,0,0,0
pbt,bintrie,5,4,storage_mixed_k1,5,,10601,0,0,0.028,0.4901,0.0013,0.1878,1.0701,0,4,0,0,0,0,0,0,0,0,0,0,4,0,0,0,0,0,0,0,0,0
pbt,bintrie,5,4,storage_mixed_k1,5,,10602,0,0,0.0339,35.6739,0.0031,0.1532,36.0415,0,4,0,0,0,0,0,0,0,0,0,0,4,0,0,0,0,0,0,0,0,0
pbt,bintrie,5,4,storage_mixed_k1,5,,10603,0,0,0.0224,4.9033,0.0015,0.1719,5.2749,0,4,0,0,0,0,0,0,0,0,0,0,4,0,0,0,0,0,0,0,0,0
pbt,bintrie,5,4,storage_mixed_k1,5,,10604,91690,2,0.3721,1.1558,33.6949,9.5983,56.1199,1.6338,11,0,0,0,3,0,0,0,1,303,4,7,36.36,0,0,0,0,0,0,0,0
pbt,bintrie,5,4,storage_mixed_k1,5,,10605,15913250,1,160.3937,24.4318,8.2333,1.7616,195.2215,81.5138,8,1731,2,331,3,0,264,0,0,0,0,8,0,79,1652,4.56,2,0,100,331,0
pbt,bintrie,5,4,storage_mixed_k1,5,,10606,21000,1,0.1341,3.4966,5.039,0.7759,9.5804,2.192,6,0,0,0,2,0,0,0,0,0,0,6,0,0,0,0,0,0,0,0,0
pbt,bintrie,5,4,storage_mixed_k1,5,,10607,0,0,0.0343,2.8441,0.0019,0.1331,3.1863,0,4,0,0,0,0,0,0,0,0,0,0,4,0,0,0,0,0,0,0,0,0
pbt,bintrie,5,4,storage_mixed_k1,6,,10608,0,0,0.0668,18.0246,0.0039,0.9019,19.3116,0,4,0,0,0,0,0,0,0,0,0,0,4,0,0,0,0,0,0,0,0,0
pbt,bintrie,5,4,storage_mixed_k1,6,,10609,0,0,0.0204,0.438,0.0011,0.1862,0.932,0,4,0,0,0,0,0,0,0,0,0,0,4,0,0,0,0,0,0,0,0,0
pbt,bintrie,5,4,storage_mixed_k1,6,,10610,0,0,0.0462,40.0263,0.0031,0.2107,40.524,0,4,0,0,0,0,0,0,0,0,0,0,4,0,0,0,0,0,0,0,0,0
pbt,bintrie,5,4,storage_mixed_k1,6,,10611,0,0,0.0364,0.4162,0.0011,0.0825,0.6574,0,4,0,0,0,0,0,0,0,0,0,0,4,0,0,0,0,0,0,0,0,0
pbt,bintrie,5,4,storage_mixed_k1,6,,10612,91690,2,0.4117,41.1088,0.7687,8.0999,61.9708,1.4796,11,0,0,0,3,0,0,0,1,303,4,7,36.36,0,0,0,0,0,0,0,0
pbt,bintrie,5,4,storage_mixed_k1,6,,10613,15913250,1,233.4699,27.5795,13.9972,1.6951,276.9353,57.462,8,1731,2,331,3,0,264,0,0,0,0,8,0,536,1195,30.96,2,0,100,331,0
pbt,bintrie,5,4,storage_mixed_k1,6,,10614,21000,1,0.0705,10.1145,41.1549,0.8257,52.3566,0.4011,6,0,0,0,2,0,0,0,0,0,2,4,33.33,0,0,0,0,0,0,0,0
pbt,bintrie,5,4,storage_mixed_k1,6,,10615,0,0,0.0256,2.4667,0.0014,0.1121,2.7592,0,4,0,0,0,0,0,0,0,0,0,0,4,0,0,0,0,0,0,0,0,0
pbt,bintrie,5,4,storage_mixed_k1,7,,10616,0,0,0.0874,24.7376,0.0034,0.2918,25.6842,0,4,0,0,0,0,0,0,0,0,0,0,4,0,0,0,0,0,0,0,0,0
pbt,bintrie,5,4,storage_mixed_k1,7,,10617,0,0,0.0193,0.4877,0.0012,0.0969,0.7445,0,4,0,0,0,0,0,0,0,0,0,0,4,0,0,0,0,0,0,0,0,0
pbt,bintrie,5,4,storage_mixed_k1,7,,10618,0,0,0.0171,0.4433,0.001,0.1379,0.729,0,4,0,0,0,0,0,0,0,0,0,0,4,0,0,0,0,0,0,0,0,0
pbt,bintrie,5,4,storage_mixed_k1,7,,10619,0,0,0.043,3.2749,0.0026,0.1664,3.7063,0,4,0,0,0,0,0,0,0,0,0,0,4,0,0,0,0,0,0,0,0,0
pbt,bintrie,5,4,storage_mixed_k1,7,,10620,91690,2,0.1799,4.8826,3.5143,11.1088,19.9925,4.5862,11,0,0,0,3,0,0,0,1,303,6,5,54.55,0,0,0,0,0,0,0,0
pbt,bintrie,5,4,storage_mixed_k1,7,,10621,15913250,1,155.111,44.6026,3.5278,1.8973,205.37,77.4857,8,1731,2,331,3,0,264,0,0,0,3,5,37.5,1172,559,67.71,2,0,100,331,0
pbt,bintrie,5,4,storage_mixed_k1,7,,10622,21000,1,0.0624,11.9392,2.7733,0.762,15.7116,1.3366,6,0,0,0,2,0,0,0,0,0,2,4,33.33,0,0,0,0,0,0,0,0
pbt,bintrie,5,4,storage_mixed_k1,7,,10623,0,0,0.0247,2.5937,0.0012,0.162,2.9536,0,4,0,0,0,0,0,0,0,0,0,0,4,0,0,0,0,0,0,0,0,0
pbt,bintrie,5,4,storage_mixed_k1,8,,10624,0,0,0.057,57.6113,0.0031,0.4822,59.5199,0,4,0,0,0,0,0,0,0,0,0,0,4,0,0,0,0,0,0,0,0,0
pbt,bintrie,5,4,storage_mixed_k1,8,,10625,0,0,0.0329,0.3723,0.0013,0.0786,0.6349,0,4,0,0,0,0,0,0,0,0,0,0,4,0,0,0,0,0,0,0,0,0
pbt,bintrie,5,4,storage_mixed_k1,8,,10626,0,0,0.0275,3.2354,0.0018,0.1715,3.626,0,4,0,0,0,0,0,0,0,0,0,0,4,0,0,0,0,0,0,0,0,0
pbt,bintrie,5,4,storage_mixed_k1,8,,10627,0,0,0.0216,2.4786,0.0013,0.1052,2.7724,0,4,0,0,0,0,0,0,0,0,0,0,4,0,0,0,0,0,0,0,0,0
pbt,bintrie,5,4,storage_mixed_k1,8,,10628,91690,2,0.1696,6.0395,1.9897,19.8069,28.1801,3.2537,11,0,0,0,3,0,0,0,1,303,4,7,36.36,0,0,0,0,0,0,0,0
pbt,bintrie,5,4,storage_mixed_k1,8,,10629,15913250,1,157.1148,35.8539,3.5805,1.7257,198.6982,80.0875,8,1731,2,331,3,0,264,0,0,0,2,6,25,1506,225,87.0,2,0,100,331,0
pbt,bintrie,5,4,storage_mixed_k1,8,,10630,21000,1,0.0778,2.7424,2.3831,0.5185,5.8855,3.5681,6,0,0,0,2,0,0,0,0,0,2,4,33.33,0,0,0,0,0,0,0,0
pbt,bintrie,5,4,storage_mixed_k1,8,,10631,0,0,0.0268,2.4802,0.0017,0.2215,3.1635,0,4,0,0,0,0,0,0,0,0,0,0,4,0,0,0,0,0,0,0,0,0
pbt,bintrie,5,4,storage_mixed_k1,9,,10632,0,0,0.0637,21.0676,0.0042,0.2839,33.2882,0,4,0,0,0,0,0,0,0,0,0,0,4,0,0,0,0,0,0,0,0,0
pbt,bintrie,5,4,storage_mixed_k1,9,,10633,0,0,0.0199,0.4497,0.001,0.1021,0.7233,0,4,0,0,0,0,0,0,0,0,0,0,4,0,0,0,0,0,0,0,0,0
pbt,bintrie,5,4,storage_mixed_k1,9,,10634,0,0,0.0496,62.4397,0.0034,0.4173,63.6133,0,4,0,0,0,0,0,0,0,0,0,0,4,0,0,0,0,0,0,0,0,0
pbt,bintrie,5,4,storage_mixed_k1,9,,10635,0,0,0.0445,0.9964,0.002,4.815,6.363,0,4,0,0,0,0,0,0,0,0,0,0,4,0,0,0,0,0,0,0,0,0
pbt,bintrie,5,4,storage_mixed_k1,9,,10636,91690,2,0.5284,23.4724,16.1303,12.1289,52.4677,1.7476,11,0,0,0,3,0,0,0,1,303,4,7,36.36,0,0,0,0,0,0,0,0
pbt,bintrie,5,4,storage_mixed_k1,9,,10637,15913250,1,179.0185,20.8056,3.7106,1.7208,205.4732,77.4468,8,1731,2,331,3,0,264,0,0,0,0,8,0,1382,349,79.84,2,0,100,331,0
pbt,bintrie,5,4,storage_mixed_k1,9,,10638,21000,1,0.102,2.6505,6.3513,0.4543,9.7237,2.1597,6,0,0,0,2,0,0,0,0,0,2,4,33.33,0,0,0,0,0,0,0,0
pbt,bintrie,5,4,storage_mixed_k10,10,,10781,0,0,0.0286,0.7796,0.0019,1.0647,3.0961,0,4,0,0,0,0,0,0,0,0,0,0,4,0,0,0,0,0,0,0,0,0
pbt,bintrie,5,4,storage_mixed_k10,10,,10782,0,0,0.0263,0.9817,0.0024,0.2576,2.1853,0,4,0,0,0,0,0,0,0,0,0,0,4,0,0,0,0,0,0,0,0,0
pbt,bintrie,5,4,storage_mixed_k10,10,,10783,0,0,0.0392,14.8817,0.0018,0.7367,15.8637,0,4,0,0,0,0,0,0,0,0,0,0,4,0,0,0,0,0,0,0,0,0
pbt,bintrie,5,4,storage_mixed_k10,10,,10784,0,0,0.0248,2.6303,0.0016,0.1141,2.9299,0,4,0,0,0,0,0,0,0,0,0,0,4,0,0,0,0,0,0,0,0,0
pbt,bintrie,5,4,storage_mixed_k10,10,,10785,91722,2,0.4402,6.0317,34.929,10.509,52.3079,1.7535,11,0,0,0,3,0,0,0,1,305,4,7,36.36,0,0,0,0,0,0,0,0
pbt,bintrie,5,4,storage_mixed_k10,10,,10786,15904070,1,196.075,17.2937,18.1137,2.9608,234.8512,67.7198,17,1965,11,585,3,0,234,0,0,0,1,16,5.88,1208,757,61.48,11,0,100,585,0
pbt,bintrie,5,4,storage_mixed_k10,10,,10787,21000,1,0.2405,16.0172,27.4421,0.7534,44.6916,0.4699,6,0,0,0,2,0,0,0,0,0,0,6,0,0,0,0,0,0,0,0,0
pbt,bintrie,5,4,storage_mixed_k10,11,,10788,0,0,0.033,6.9653,0.0017,0.1918,7.3391,0,4,0,0,0,0,0,0,0,0,0,0,4,0,0,0,0,0,0,0,0,0
pbt,bintrie,5,4,storage_mixed_k10,11,,10789,0,0,0.0292,1.6529,0.0014,0.8117,2.6633,0,4,0,0,0,0,0,0,0,0,0,0,4,0,0,0,0,0,0,0,0,0
pbt,bintrie,5,4,storage_mixed_k10,11,,10790,0,0,0.0524,44.1848,0.003,0.1641,44.5828,0,4,0,0,0,0,0,0,0,0,0,0,4,0,0,0,0,0,0,0,0,0
pbt,bintrie,5,4,storage_mixed_k10,11,,10791,0,0,1.2093,17.6731,0.0022,0.1387,19.2234,0,4,0,0,0,0,0,0,0,0,0,0,4,0,0,0,0,0,0,0,0,0
pbt,bintrie,5,4,storage_mixed_k10,11,,10792,91722,2,0.2975,15.6745,46.4342,10.8177,73.4276,1.2491,11,0,0,0,3,0,0,0,1,305,5,6,45.45,0,0,0,0,0,0,0,0
pbt,bintrie,5,4,storage_mixed_k10,11,,10793,15904070,1,154.4583,37.5484,3.7814,1.7913,198.0743,80.2935,17,1965,11,585,3,0,234,0,0,0,4,13,23.53,457,1508,23.26,11,0,100,585,0
pbt,bintrie,5,4,storage_mixed_k10,11,,10794,21000,1,5.3982,3.6716,16.8262,0.8382,27.0096,0.7775,6,0,0,0,2,0,0,0,0,0,2,4,33.33,0,0,0,0,0,0,0,0
pbt,bintrie,5,4,storage_mixed_k10,11,,10795,0,0,0.0195,2.3452,0.0017,0.0954,2.5861,0,4,0,0,0,0,0,0,0,0,0,0,4,0,0,0,0,0,0,0,0,0
pbt,bintrie,5,4,storage_mixed_k10,12,,10796,0,0,0.0373,1.0733,0.0015,0.6625,2.8052,0,4,0,0,0,0,0,0,0,0,0,0,4,0,0,0,0,0,0,0,0,0
pbt,bintrie,5,4,storage_mixed_k10,12,,10797,0,0,0.0242,0.8821,0.0022,0.1452,1.9399,0,4,0,0,0,0,0,0,0,0,0,0,4,0,0,0,0,0,0,0,0,0
pbt,bintrie,5,4,storage_mixed_k10,12,,10798,0,0,0.0357,23.5169,0.0027,0.1662,23.9111,0,4,0,0,0,0,0,0,0,0,0,0,4,0,0,0,0,0,0,0,0,0
pbt,bintrie,5,4,storage_mixed_k10,12,,10799,0,0,0.0306,3.1924,0.0266,0.1577,3.5956,0,4,0,0,0,0,0,0,0,0,0,0,4,0,0,0,0,0,0,0,0,0
pbt,bintrie,5,4,storage_mixed_k10,12,,10800,91722,2,0.2189,32.193,2.5114,10.7335,45.9434,1.9964,11,0,0,0,3,0,0,0,1,305,4,7,36.36,0,0,0,0,0,0,0,0
pbt,bintrie,5,4,storage_mixed_k10,12,,10801,15904070,1,147.7139,18.4755,60.7223,1.5886,229.2392,69.3776,17,1965,11,585,3,0,234,0,0,0,3,14,17.65,258,1707,13.13,11,0,100,585,0
pbt,bintrie,5,4,storage_mixed_k10,12,,10802,21000,1,0.0816,3.6897,2.7641,0.7048,7.4464,2.8202,6,0,0,0,2,0,0,0,0,0,2,4,33.33,0,0,0,0,0,0,0,0
pbt,bintrie,5,4,storage_mixed_k10,12,,10803,0,0,0.0209,2.3691,0.0013,0.1171,2.6382,0,4,0,0,0,0,0,0,0,0,0,0,4,0,0,0,0,0,0,0,0,0
pbt,bintrie,5,4,storage_mixed_k10,13,,10804,0,0,0.0336,5.3004,0.0019,0.2867,5.898,0,4,0,0,0,0,0,0,0,0,0,0,4,0,0,0,0,0,0,0,0,0
pbt,bintrie,5,4,storage_mixed_k10,13,,10805,0,0,0.034,0.96,0.0026,0.2222,6.3937,0,4,0,0,0,0,0,0,0,0,0,0,4,0,0,0,0,0,0,0,0,0
pbt,bintrie,5,4,storage_mixed_k10,13,,10806,0,0,0.0446,15.735,0.0017,0.3719,16.2837,0,4,0,0,0,0,0,0,0,0,0,0,4,0,0,0,0,0,0,0,0,0
pbt,bintrie,5,4,storage_mixed_k10,13,,10807,0,0,0.0401,65.3343,0.0024,0.1492,66.3679,0,4,0,0,0,0,0,0,0,0,0,0,4,0,0,0,0,0,0,0,0,0
pbt,bintrie,5,4,storage_mixed_k10,13,,10808,91722,2,0.1601,16.9586,40.5182,10.6376,72.6129,1.2632,11,0,0,0,3,0,0,0,1,305,6,5,54.55,0,0,0,0,0,0,0,0
pbt,bintrie,5,4,storage_mixed_k10,13,,10809,15904070,1,151.5423,29.3492,9.0977,1.5246,191.7421,82.9451,17,1965,11,585,3,0,234,0,0,0,1,16,5.88,700,1265,35.62,11,0,100,585,0
pbt,bintrie,5,4,storage_mixed_k10,13,,10810,21000,1,0.0834,27.8153,27.7013,0.6279,56.4563,0.372,6,0,0,0,2,0,0,0,0,0,2,4,33.33,0,0,0,0,0,0,0,0
pbt,bintrie,5,4,storage_mixed_k10,13,,10811,0,0,0.0242,2.3581,0.0013,0.1115,2.6785,0,4,0,0,0,0,0,0,0,0,0,0,4,0,0,0,0,0,0,0,0,0
pbt,bintrie,5,4,storage_mixed_k10,14,,10812,0,0,0.0333,1.8503,0.0014,0.2049,2.803,0,4,0,0,0,0,0,0,0,0,0,0,4,0,0,0,0,0,0,0,0,0
pbt,bintrie,5,4,storage_mixed_k10,14,,10813,0,0,0.0444,16.2338,0.0023,0.1538,16.6798,0,4,0,0,0,0,0,0,0,0,0,0,4,0,0,0,0,0,0,0,0,0
pbt,bintrie,5,4,storage_mixed_k10,14,,10814,0,0,0.0344,2.6288,0.0013,0.1312,2.9652,0,4,0,0,0,0,0,0,0,0,0,0,4,0,0,0,0,0,0,0,0,0
pbt,bintrie,5,4,storage_mixed_k10,14,,10815,0,0,0.0443,56.2598,0.0032,0.2166,56.7682,0,4,0,0,0,0,0,0,0,0,0,0,4,0,0,0,0,0,0,0,0,0
pbt,bintrie,5,4,storage_mixed_k10,14,,10816,91722,2,0.1667,10.367,1.2025,17.1018,29.0374,3.1588,11,0,0,0,3,0,0,0,1,305,5,6,45.45,0,0,0,0,0,0,0,0
pbt,bintrie,5,4,storage_mixed_k10,14,,10817,15904070,1,157.2183,10.5977,64.623,1.9131,236.9022,67.1335,17,1965,11,585,3,0,234,0,0,0,5,12,29.41,1430,535,72.77,11,0,100,585,0
pbt,bintrie,5,4,storage_mixed_k10,14,,10818,21000,1,0.0618,2.5757,3.1374,0.4829,6.4266,3.2677,6,0,0,0,2,0,0,0,0,0,2,4,33.33,0,0,0,0,0,0,0,0
pbt,bintrie,5,4,storage_mixed_k10,15,,10819,0,0,0.0831,1.7472,0.0027,0.2113,2.6071,0,4,0,0,0,0,0,0,0,0,0,0,4,0,0,0,0,0,0,0,0,0
pbt,bintrie,5,4,storage_mixed_k10,15,,10820,0,0,0.0246,1.0733,0.0015,2.7898,4.6704,0,4,0,0,0,0,0,0,0,0,0,0,4,0,0,0,0,0,0,0,0,0
pbt,bintrie,5,4,storage_mixed_k10,15,,10821,0,0,0.0218,2.4943,0.0012,0.13,2.7958,0,4,0,0,0,0,0,0,0,0,0,0,4,0,0,0,0,0,0,0,0,0
pbt,bintrie,5,4,storage_mixed_k10,15,,10822,0,0,0.0488,65.5091,0.0039,0.1633,65.9328,0,4,0,0,0,0,0,0,0,0,0,0,4,0,0,0,0,0,0,0,0,0
pbt,bintrie,5,4,storage_mixed_k10,15,,10823,91722,2,0.4624,3.3085,58.1669,15.1815,77.4578,1.1842,11,0,0,0,3,0,0,0,1,305,4,7,36.36,0,0,0,0,0,0,0,0
pbt,bintrie,5,4,storage_mixed_k10,15,,10824,15904070,1,172.9492,59.9961,1.2767,1.4683,236.9787,67.1118,17,1965,11,585,3,0,234,0,0,0,1,16,5.88,168,1797,8.55,11,0,100,585,0
pbt,bintrie,5,4,storage_mixed_k10,15,,10825,21000,1,0.2234,14.0226,46.677,0.5914,61.7456,0.3401,6,0,0,0,2,0,0,0,0,0,0,6,0,0,0,0,0,0,0,0,0
pbt,bintrie,5,4,storage_mixed_k10,16,,10826,0,0,0.0677,19.2553,0.0027,0.2927,19.8772,0,4,0,0,0,0,0,0,0,0,0,0,4,0,0,0,0,0,0,0,0,0
pbt,bintrie,5,4,storage_mixed_k10,16,,10827,0,0,0.0274,0.9553,0.0019,0.6301,2.1896,0,4,0,0,0,0,0,0,0,0,0,0,4,0,0,0,0,0,0,0,0,0
pbt,bintrie,5,4,storage_mixed_k10,16,,10828,0,0,0.0569,3.0467,0.0019,0.1696,3.5147,0,4,0,0,0,0,0,0,0,0,0,0,4,0,0,0,0,0,0,0,0,0
pbt,bintrie,5,4,storage_mixed_k10,16,,10829,0,0,0.0466,31.9919,0.003,0.171,32.455,0,4,0,0,0,0,0,0,0,0,0,0,4,0,0,0,0,0,0,0,0,0
pbt,bintrie,5,4,storage_mixed_k10,16,,10830,91722,2,0.1275,4.9835,15.2067,10.9001,31.4492,2.9165,11,0,0,0,3,0,0,0,1,305,6,5,54.55,0,0,0,0,0,0,0,0
pbt,bintrie,5,4,storage_mixed_k10,16,,10831,15904070,1,153.0406,25.5241,5.3708,3.5043,188.156,84.526,17,1965,11,585,3,0,234,0,0,0,0,17,0,571,1394,29.06,11,0,100,585,0
pbt,bintrie,5,4,storage_mixed_k10,16,,10832,21000,1,0.2063,41.2099,5.4736,0.6715,47.8011,0.4393,6,0,0,0,2,0,0,0,0,0,0,6,0,0,0,0,0,0,0,0,0
pbt,bintrie,5,4,storage_mixed_k10,16,,10833,0,0,0.0435,56.9209,0.0019,0.165,57.736,0,4,0,0,0,0,0,0,0,0,0,0,4,0,0,0,0,0,0,0,0,0
pbt,bintrie,5,4,storage_mixed_k10,17,,10834,0,0,0.0696,19.0008,0.012,0.42,19.9304,0,4,0,0,0,0,0,0,0,0,0,0,4,0,0,0,0,0,0,0,0,0
pbt,bintrie,5,4,storage_mixed_k10,17,,10835,0,0,0.0312,0.9032,0.0021,0.1612,3.4272,0,4,0,0,0,0,0,0,0,0,0,0,4,0,0,0,0,0,0,0,0,0
pbt,bintrie,5,4,storage_mixed_k10,17,,10836,0,0,0.0369,2.8043,0.0022,0.1369,3.2599,0,4,0,0,0,0,0,0,0,0,0,0,4,0,0,0,0,0,0,0,0,0
pbt,bintrie,5,4,storage_mixed_k10,17,,10837,0,0,0.0358,7.8473,0.0023,0.1772,9.0507,0,4,0,0,0,0,0,0,0,0,0,0,4,0,0,0,0,0,0,0,0,0
pbt,bintrie,5,4,storage_mixed_k10,17,,10838,91722,2,0.3643,9.2421,6.8859,10.8804,27.6611,3.3159,11,0,0,0,3,0,0,0,1,305,4,7,36.36,0,0,0,0,0,0,0,0
pbt,bintrie,5,4,storage_mixed_k10,17,,10839,15904070,1,139.9219,17.5167,60.7642,1.9996,221.2518,71.8822,17,1965,11,585,3,0,234,0,0,0,4,13,23.53,360,1605,18.32,11,0,100,585,0
pbt,bintrie,5,4,storage_mixed_k10,17,,10840,21000,1,0.0996,25.7418,7.7872,0.5854,34.461,0.6094,6,0,0,0,2,0,0,0,0,0,2,4,33.33,0,0,0,0,0,0,0,0
pbt,bintrie,5,4,storage_mixed_k10,17,,10841,0,0,0.029,5.3535,0.0035,0.1764,5.7773,0,4,0,0,0,0,0,0,0,0,0,0,4,0,0,0,0,0,0,0,0,0
pbt,bintrie,5,4,storage_mixed_k10,18,,10842,0,0,0.0455,0.5792,0.0015,0.2034,7.3328,0,4,0,0,0,0,0,0,0,0,0,0,4,0,0,0,0,0,0,0,0,0
pbt,bintrie,5,4,storage_mixed_k10,18,,10843,0,0,0.0217,0.6592,0.0015,0.7822,2.0851,0,4,0,0,0,0,0,0,0,0,0,0,4,0,0,0,0,0,0,0,0,0
pbt,bintrie,5,4,storage_mixed_k10,18,,10844,0,0,0.0548,52.8663,0.0019,0.1266,53.3362,0,4,0,0,0,0,0,0,0,0,0,0,4,0,0,0,0,0,0,0,0,0
pbt,bintrie,5,4,storage_mixed_k10,18,,10845,0,0,0.0526,12.812,0.0025,0.1823,13.2769,0,4,0,0,0,0,0,0,0,0,0,0,4,0,0,0,0,0,0,0,0,0
pbt,bintrie,5,4,storage_mixed_k10,18,,10846,91722,2,0.113,2.7927,6.9133,9.7756,19.7429,4.6458,11,0,0,0,3,0,0,0,1,305,6,5,54.55,0,0,0,0,0,0,0,0
pbt,bintrie,5,4,storage_mixed_k10,18,,10847,15904070,1,146.6306,27.683,19.6144,3.4881,197.7307,80.433,17,1965,11,585,3,0,234,0,0,0,4,13,23.53,557,1408,28.35,11,0,100,585,0
pbt,bintrie,5,4,storage_mixed_k10,18,,10848,21000,1,0.19,0.9467,0.3733,0.8519,18.2354,1.1516,6,0,0,0,2,0,0,0,0,0,0,6,0,0,0,0,0,0,0,0,0
pbt,bintrie,5,4,storage_mixed_k10,19,,10849,0,0,0.0601,0.7465,0.0015,0.201,1.3192,0,4,0,0,0,0,0,0,0,0,0,0,4,0,0,0,0,0,0,0,0,0
pbt,bintrie,5,4,storage_mixed_k10,19,,10850,0,0,0.027,0.8847,0.002,1.5037,3.0576,0,4,0,0,0,0,0,0,0,0,0,0,4,0,0,0,0,0,0,0,0,0
pbt,bintrie,5,4,storage_mixed_k10,19,,10851,0,0,0.0259,2.6866,0.002,0.2061,3.1235,0,4,0,0,0,0,0,0,0,0,0,0,4,0,0,0,0,0,0,0,0,0
pbt,bintrie,5,4,storage_mixed_k10,19,,10852,0,0,0.0479,18.943,0.0031,0.2185,19.444,0,4,0,0,0,0,0,0,0,0,0,0,4,0,0,0,0,0,0,0,0,0
pbt,bintrie,5,4,storage_mixed_k10,19,,10853,91722,2,0.2215,5.3466,5.6305,10.9896,37.0749,2.474,11,0,0,0,3,0,0,0,1,305,5,6,45.45,0,0,0,0,0,0,0,0
pbt,bintrie,5,4,storage_mixed_k10,19,,10854,15904070,1,159.0197,29.9756,13.6649,1.8493,204.9725,77.5912,17,1965,11,585,3,0,234,0,0,0,1,16,5.88,468,1497,23.82,11,0,100,585,0
pbt,bintrie,5,4,storage_mixed_k10,19,,10855,21000,1,0.0859,8.886,36.208,10.1559,55.5312,0.3782,6,0,0,0,2,0,0,0,0,0,2,4,33.33,0,0,0,0,0,0,0,0
pbt,bintrie,5,4,storage_mixed_k10,19,,10856,0,0,0.0253,3.9067,0.0022,0.1338,4.2216,0,4,0,0,0,0,0,0,0,0,0,0,4,0,0,0,0,0,0,0,0,0
pbt,bintrie,5,4,storage_mixed_k10,1,,10717,0,0,0.0589,2.8682,0.0021,0.3632,3.5974,0,4,0,0,0,0,0,0,0,0,0,0,4,0,0,0,0,0,0,0,0,0
pbt,bintrie,5,4,storage_mixed_k10,1,,10718,0,0,0.0378,1.2894,0.0017,0.1795,1.9568,0,4,0,0,0,0,0,0,0,0,0,0,4,0,0,0,0,0,0,0,0,0
pbt,bintrie,5,4,storage_mixed_k10,1,,10719,0,0,0.0386,10.2274,0.0032,1.1593,12.5751,0,4,0,0,0,0,0,0,0,0,0,0,4,0,0,0,0,0,0,0,0,0
pbt,bintrie,5,4,storage_mixed_k10,1,,10720,0,0,0.0271,3.9324,0.0016,0.1284,4.2833,0,4,0,0,0,0,0,0,0,0,0,0,4,0,0,0,0,0,0,0,0,0
pbt,bintrie,5,4,storage_mixed_k10,1,,10721,91722,2,0.3768,1.2055,0.8991,11.4215,21.6075,4.2449,11,0,0,0,3,0,0,0,1,305,4,7,36.36,0,0,0,0,0,0,0,0
pbt,bintrie,5,4,storage_mixed_k10,1,,10722,15904070,1,168.7165,5.8263,3.1359,1.4116,179.2777,88.7119,17,1965,11,585,3,0,234,0,0,0,10,7,58.82,1962,3,99.85,11,0,100,585,0
pbt,bintrie,5,4,storage_mixed_k10,1,,10723,21000,1,0.057,8.4929,23.6117,0.8101,33.2035,0.6325,6,0,0,0,2,0,0,0,0,0,2,4,33.33,0,0,0,0,0,0,0,0
pbt,bintrie,5,4,storage_mixed_k10,20,,10857,0,0,0.0548,19.1068,0.0042,0.2693,21.586,0,4,0,0,0,0,0,0,0,0,0,0,4,0,0,0,0,0,0,0,0,0
pbt,bintrie,5,4,storage_mixed_k10,20,,10858,0,0,0.0289,1.1575,0.0017,0.1284,5.4012,0,4,0,0,0,0,0,0,0,0,0,0,4,0,0,0,0,0,0,0,0,0
pbt,bintrie,5,4,storage_mixed_k10,20,,10859,0,0,0.0248,2.5122,0.0012,0.1085,2.7761,0,4,0,0,0,0,0,0,0,0,0,0,4,0,0,0,0,0,0,0,0,0
pbt,bintrie,5,4,storage_mixed_k10,20,,10860,0,0,0.0346,4.5176,0.0023,0.1579,4.9025,0,4,0,0,0,0,0,0,0,0,0,0,4,0,0,0,0,0,0,0,0,0
pbt,bintrie,5,4,storage_mixed_k10,20,,10861,91722,2,0.0965,3.2319,46.1923,15.8733,65.5983,1.3982,11,0,0,0,3,0,0,0,1,305,6,5,54.55,0,0,0,0,0,0,0,0
pbt,bintrie,5,4,storage_mixed_k10,20,,10862,15904070,1,150.2736,48.2751,4.0026,3.3395,206.1707,77.1403,17,1965,11,585,3,0,234,0,0,0,5,12,29.41,575,1390,29.26,11,0,100,585,0
pbt,bintrie,5,4,storage_mixed_k10,20,,10863,21000,1,0.2257,11.3356,6.5984,0.7178,19.1333,1.0976,6,0,0,0,2,0,0,0,0,0,0,6,0,0,0,0,0,0,0,0,0
pbt,bintrie,5,4,storage_mixed_k10,2,,10724,0,0,0.0675,1.1715,0.0227,0.362,1.9151,0,4,0,0,0,0,0,0,0,0,0,0,4,0,0,0,0,0,0,0,0,0
pbt,bintrie,5,4,storage_mixed_k10,2,,10725,0,0,0.0163,0.3356,0.0009,0.1049,0.5963,0,4,0,0,0,0,0,0,0,0,0,0,4,0,0,0,0,0,0,0,0,0
pbt,bintrie,5,4,storage_mixed_k10,2,,10726,0,0,0.0512,90.7123,0.0034,1.4122,93.2454,0,4,0,0,0,0,0,0,0,0,0,0,4,0,0,0,0,0,0,0,0,0
pbt,bintrie,5,4,storage_mixed_k10,2,,10727,0,0,0.0314,7.6989,0.0018,0.1707,8.031,0,4,0,0,0,0,0,0,0,0,0,0,4,0,0,0,0,0,0,0,0,0
pbt,bintrie,5,4,storage_mixed_k10,2,,10728,91722,2,4.3011,0.7606,0.7119,8.4026,37.9526,2.4168,11,0,0,0,3,0,0,0,1,305,7,4,63.64,0,0,0,0,0,0,0,0
pbt,bintrie,5,4,storage_mixed_k10,2,,10729,15904070,1,172.873,23.6257,4.0092,1.5755,202.3263,78.606,17,1965,11,585,3,0,234,0,0,0,0,17,0,191,1774,9.72,11,0,100,585,0
pbt,bintrie,5,4,storage_mixed_k10,2,,10730,21000,1,0.073,11.987,49.7983,0.8372,62.8781,0.334,6,0,0,0,2,0,0,0,0,0,2,4,33.33,0,0,0,0,0,0,0,0
pbt,bintrie,5,4,storage_mixed_k10,3,,10731,0,0,0.0686,63.1067,0.0035,0.2321,63.7723,0,4,0,0,0,0,0,0,0,0,0,0,4,0,0,0,0,0,0,0,0,0
pbt,bintrie,5,4,storage_mixed_k10,3,,10732,0,0,0.0436,17.0919,0.002,0.233,17.5275,0,4,0,0,0,0,0,0,0,0,0,0,4,0,0,0,0,0,0,0,0,0
pbt,bintrie,5,4,storage_mixed_k10,3,,10733,0,0,0.0486,68.446,0.0055,0.1547,69.5132,0,4,0,0,0,0,0,0,0,0,0,0,4,0,0,0,0,0,0,0,0,0
pbt,bintrie,5,4,storage_mixed_k10,3,,10734,0,0,0.0225,2.9463,0.0013,0.1486,3.2474,0,4,0,0,0,0,0,0,0,0,0,0,4,0,0,0,0,0,0,0,0,0
pbt,bintrie,5,4,storage_mixed_k10,3,,10735,91722,2,0.3695,29.6155,4.3179,9.9561,44.5984,2.0566,11,0,0,0,3,0,0,0,1,305,4,7,36.36,0,0,0,0,0,0,0,0
pbt,bintrie,5,4,storage_mixed_k10,3,,10736,15904070,1,172.5249,17.5612,3.2156,1.6506,195.2665,81.448,17,1965,11,585,3,0,234,0,0,0,3,14,17.65,248,1717,12.62,11,0,100,585,0
pbt,bintrie,5,4,storage_mixed_k10,3,,10737,21000,1,0.0722,23.0925,15.3282,0.8045,39.5237,0.5313,6,0,0,0,2,0,0,0,0,0,2,4,33.33,0,0,0,0,0,0,0,0
pbt,bintrie,5,4,storage_mixed_k10,4,,10738,0,0,0.0749,25.9951,0.0036,0.3171,27.5403,0,4,0,0,0,0,0,0,0,0,0,0,4,0,0,0,0,0,0,0,0,0
pbt,bintrie,5,4,storage_mixed_k10,4,,10739,0,0,0.0262,2.0124,0.0018,0.5172,3.3294,0,4,0,0,0,0,0,0,0,0,0,0,4,0,0,0,0,0,0,0,0,0
pbt,bintrie,5,4,storage_mixed_k10,4,,10740,0,0,0.0457,0.8434,0.0031,1.8206,8.2169,0,4,0,0,0,0,0,0,0,0,0,0,4,0,0,0,0,0,0,0,0,0
pbt,bintrie,5,4,storage_mixed_k10,4,,10741,0,0,0.0324,10.9038,0.0026,0.1797,18.4755,0,4,0,0,0,0,0,0,0,0,0,0,4,0,0,0,0,0,0,0,0,0
pbt,bintrie,5,4,storage_mixed_k10,4,,10742,91722,2,0.4111,19.2448,11.2059,11.0111,48.6474,1.8854,11,0,0,0,3,0,0,0,1,305,4,7,36.36,0,0,0,0,0,0,0,0
pbt,bintrie,5,4,storage_mixed_k10,4,,10743,15904070,1,149.505,19.7282,58.9009,2.4743,231.453,68.714,17,1965,11,585,3,0,234,0,0,0,3,14,17.65,275,1690,13.99,11,0,100,585,0
pbt,bintrie,5,4,storage_mixed_k10,4,,10744,21000,1,0.0669,7.2021,2.9519,0.5898,10.9835,1.912,6,0,0,0,2,0,0,0,0,0,2,4,33.33,0,0,0,0,0,0,0,0
pbt,bintrie,5,4,storage_mixed_k10,5,,10745,0,0,0.0659,51.2466,0.003,0.3065,53.4419,0,4,0,0,0,0,0,0,0,0,0,0,4,0,0,0,0,0,0,0,0,0
pbt,bintrie,5,4,storage_mixed_k10,5,,10746,0,0,0.0423,0.667,0.0014,0.7238,1.8092,0,4,0,0,0,0,0,0,0,0,0,0,4,0,0,0,0,0,0,0,0,0
pbt,bintrie,5,4,storage_mixed_k10,5,,10747,0,0,0.0354,112.2795,0.0021,0.1455,112.6611,0,4,0,0,0,0,0,0,0,0,0,0,4,0,0,0,0,0,0,0,0,0
pbt,bintrie,5,4,storage_mixed_k10,5,,10748,0,0,0.0391,18.0185,0.0028,0.1749,18.4642,0,4,0,0,0,0,0,0,0,0,0,0,4,0,0,0,0,0,0,0,0,0
pbt,bintrie,5,4,storage_mixed_k10,5,,10749,91722,2,0.3622,1.1479,25.5164,10.609,37.9005,2.4201,11,0,0,0,3,0,0,0,1,305,4,7,36.36,0,0,0,0,0,0,0,0
pbt,bintrie,5,4,storage_mixed_k10,5,,10750,15904070,1,159.3784,50.6118,3.2842,1.6196,215.2088,73.9006,17,1965,11,585,3,0,234,0,0,0,3,14,17.65,497,1468,25.29,11,0,100,585,0
pbt,bintrie,5,4,storage_mixed_k10,5,,10751,21000,1,0.0808,68.9801,2.4336,0.6001,72.3012,0.2905,6,0,0,0,2,0,0,0,0,0,2,4,33.33,0,0,0,0,0,0,0,0
pbt,bintrie,5,4,storage_mixed_k10,6,,10752,0,0,0.0642,35.5562,0.0032,0.311,36.244,0,4,0,0,0,0,0,0,0,0,0,0,4,0,0,0,0,0,0,0,0,0
pbt,bintrie,5,4,storage_mixed_k10,6,,10753,0,0,0.0337,12.5343,0.0024,0.1939,12.9367,0,4,0,0,0,0,0,0,0,0,0,0,4,0,0,0,0,0,0,0,0,0
pbt,bintrie,5,4,storage_mixed_k10,6,,10754,0,0,0.0654,48.1644,0.0032,0.3921,50.9411,0,4,0,0,0,0,0,0,0,0,0,0,4,0,0,0,0,0,0,0,0,0
pbt,bintrie,5,4,storage_mixed_k10,6,,10755,0,0,0.0366,7.1387,0.0028,0.138,7.483,0,4,0,0,0,0,0,0,0,0,0,0,4,0,0,0,0,0,0,0,0,0
pbt,bintrie,5,4,storage_mixed_k10,6,,10756,91722,2,0.3111,7.4704,3.5239,10.3855,21.8879,4.1905,11,0,0,0,3,0,0,0,1,305,4,7,36.36,0,0,0,0,0,0,0,0
pbt,bintrie,5,4,storage_mixed_k10,6,,10757,15904070,1,177.8939,18.7714,3.6751,1.6797,209.8369,75.7925,17,1965,11,585,3,0,234,0,0,0,8,9,47.06,484,1481,24.63,11,0,100,585,0
pbt,bintrie,5,4,storage_mixed_k10,6,,10758,21000,1,0.0704,20.2086,53.2728,0.5233,74.2416,0.2829,6,0,0,0,2,0,0,0,0,0,2,4,33.33,0,0,0,0,0,0,0,0
pbt,bintrie,5,4,storage_mixed_k10,7,,10759,0,0,0.0642,0.6996,0.0021,0.2037,5.9376,0,4,0,0,0,0,0,0,0,0,0,0,4,0,0,0,0,0,0,0,0,0
pbt,bintrie,5,4,storage_mixed_k10,7,,10760,0,0,0.0334,0.997,0.002,1.1755,2.6902,0,4,0,0,0,0,0,0,0,0,0,0,4,0,0,0,0,0,0,0,0,0
pbt,bintrie,5,4,storage_mixed_k10,7,,10761,0,0,0.0341,2.8771,0.0018,0.222,3.2927,0,4,0,0,0,0,0,0,0,0,0,0,4,0,0,0,0,0,0,0,0,0
pbt,bintrie,5,4,storage_mixed_k10,7,,10762,0,0,0.0467,65.5665,0.0035,0.19,66.0497,0,4,0,0,0,0,0,0,0,0,0,0,4,0,0,0,0,0,0,0,0,0
pbt,bintrie,5,4,storage_mixed_k10,7,,10763,91722,2,0.0986,2.8236,7.0733,15.6356,25.8023,3.5548,11,0,0,0,3,0,0,0,1,305,6,5,54.55,0,0,0,0,0,0,0,0
pbt,bintrie,5,4,storage_mixed_k10,7,,10764,15904070,1,219.5449,24.3083,7.0946,2.9807,254.2524,62.5523,17,1965,11,585,3,0,234,0,0,0,1,16,5.88,214,1751,10.89,11,0,100,585,0
pbt,bintrie,5,4,storage_mixed_k10,7,,10765,21000,1,0.2116,16.1514,2.6751,0.6158,32.4588,0.647,6,0,0,0,2,0,0,0,0,0,0,6,0,0,0,0,0,0,0,0,0
pbt,bintrie,5,4,storage_mixed_k10,8,,10766,0,0,0.0523,23.7609,0.003,0.3027,24.3693,0,4,0,0,0,0,0,0,0,0,0,0,4,0,0,0,0,0,0,0,0,0
pbt,bintrie,5,4,storage_mixed_k10,8,,10767,0,0,0.0292,0.9434,0.0021,0.5174,1.9334,0,4,0,0,0,0,0,0,0,0,0,0,4,0,0,0,0,0,0,0,0,0
pbt,bintrie,5,4,storage_mixed_k10,8,,10768,0,0,0.0369,98.1932,0.0036,0.1901,98.6427,0,4,0,0,0,0,0,0,0,0,0,0,4,0,0,0,0,0,0,0,0,0
pbt,bintrie,5,4,storage_mixed_k10,8,,10769,0,0,0.0222,0.8734,0.0027,0.1687,3.743,0,4,0,0,0,0,0,0,0,0,0,0,4,0,0,0,0,0,0,0,0,0
pbt,bintrie,5,4,storage_mixed_k10,8,,10770,91722,2,0.096,1.5638,57.6994,10.7858,70.7102,1.2972,11,0,0,0,3,0,0,0,1,305,6,5,54.55,0,0,0,0,0,0,0,0
pbt,bintrie,5,4,storage_mixed_k10,8,,10771,15904070,1,171.4489,19.9752,3.3586,1.543,196.5183,80.9292,17,1965,11,585,3,0,234,0,0,0,6,11,35.29,1505,460,76.59,11,0,100,585,0
pbt,bintrie,5,4,storage_mixed_k10,8,,10772,21000,1,0.0792,34.1817,60.5774,0.5898,95.6469,0.2196,6,0,0,0,2,0,0,0,0,0,2,4,33.33,0,0,0,0,0,0,0,0
pbt,bintrie,5,4,storage_mixed_k10,9,,10773,0,0,0.0471,0.997,0.0024,0.2426,6.786,0,4,0,0,0,0,0,0,0,0,0,0,4,0,0,0,0,0,0,0,0,0
pbt,bintrie,5,4,storage_mixed_k10,9,,10774,0,0,0.0476,3.2011,0.0018,0.34,3.7723,0,4,0,0,0,0,0,0,0,0,0,0,4,0,0,0,0,0,0,0,0,0
pbt,bintrie,5,4,storage_mixed_k10,9,,10775,0,0,0.04,22.5852,0.0027,0.1956,23.0051,0,4,0,0,0,0,0,0,0,0,0,0,4,0,0,0,0,0,0,0,0,0
pbt,bintrie,5,4,storage_mixed_k10,9,,10776,0,0,0.0471,54.8486,0.0024,0.1777,58.7252,0,4,0,0,0,0,0,0,0,0,0,0,4,0,0,0,0,0,0,0,0,0
pbt,bintrie,5,4,storage_mixed_k10,9,,10777,91722,2,0.162,3.0121,5.8165,11.1984,20.4065,4.4947,11,0,0,0,3,0,0,0,1,305,6,5,54.55,0,0,0,0,0,0,0,0
pbt,bintrie,5,4,storage_mixed_k10,9,,10778,15904070,1,157.3407,26.6033,13.9801,1.954,200.3747,79.3717,17,1965,11,585,3,0,234,0,0,0,5,12,29.41,1524,441,77.56,11,0,100,585,0
pbt,bintrie,5,4,storage_mixed_k10,9,,10779,21000,1,0.0822,3.4897,54.4787,0.6861,58.9299,0.3564,6,0,0,0,2,0,0,0,0,0,2,4,33.33,0,0,0,0,0,0,0,0
pbt,bintrie,5,4,storage_mixed_k10,9,,10780,0,0,0.0293,2.496,0.003,0.1373,2.8111,0,4,0,0,0,0,0,0,0,0,0,0,4,0,0,0,0,0,0,0,0,0
pbt,bintrie,5,4,storage_mixed_k100,10,,10929,0,0,0.0376,4.5304,0.0024,0.2472,5.6466,0,4,0,0,0,0,0,0,0,0,0,0,4,0,0,0,0,0,0,0,0,0
pbt,bintrie,5,4,storage_mixed_k100,10,,10930,0,0,0.0569,16.143,0.0032,0.2644,17.1472,0,4,0,0,0,0,0,0,0,0,0,0,4,0,0,0,0,0,0,0,0,0
pbt,bintrie,5,4,storage_mixed_k100,10,,10931,0,0,0.0605,30.9052,0.0032,0.1625,31.3279,0,4,0,0,0,0,0,0,0,0,0,0,4,0,0,0,0,0,0,0,0,0
pbt,bintrie,5,4,storage_mixed_k100,10,,10932,0,0,0.049,36.2229,0.0028,0.1773,37.3123,0,4,0,0,0,0,0,0,0,0,0,0,4,0,0,0,0,0,0,0,0,0
pbt,bintrie,5,4,storage_mixed_k100,10,,10933,91722,2,0.1681,3.4572,27.337,10.7379,41.9089,2.1886,11,0,0,0,3,0,0,0,1,305,5,6,45.45,0,0,0,0,0,0,0,0
pbt,bintrie,5,4,storage_mixed_k100,10,,10934,15913624,1,145.5182,28.2847,8.1831,3.1815,201.3214,79.0459,107,2161,101,3105,5,0,209,0,0,0,15,92,14.02,492,1669,22.77,101,0,100,3105,0
pbt,bintrie,5,4,storage_mixed_k100,10,,10935,21000,1,0.0508,3.9868,4.056,0.5516,8.8046,2.3851,6,0,0,0,2,0,0,0,0,0,2,4,33.33,0,0,0,0,0,0,0,0
pbt,bintrie,5,4,storage_mixed_k100,10,,10936,0,0,0.0362,18.1044,0.0028,0.1679,18.4714,0,4,0,0,0,0,0,0,0,0,0,0,4,0,0,0,0,0,0,0,0,0
pbt,bintrie,5,4,storage_mixed_k100,11,,10937,0,0,0.0468,4.0785,0.0023,0.263,5.0292,0,4,0,0,0,0,0,0,0,0,0,0,4,0,0,0,0,0,0,0,0,0
pbt,bintrie,5,4,storage_mixed_k100,11,,10938,0,0,0.0448,15.3915,0.0032,0.2663,16.1362,0,4,0,0,0,0,0,0,0,0,0,0,4,0,0,0,0,0,0,0,0,0
pbt,bintrie,5,4,storage_mixed_k100,11,,10939,0,0,0.0516,60.6434,0.0022,0.1215,62.6031,0,4,0,0,0,0,0,0,0,0,0,0,4,0,0,0,0,0,0,0,0,0
pbt,bintrie,5,4,storage_mixed_k100,11,,10940,0,0,0.0608,31.3255,0.0032,0.2239,32.6754,0,4,0,0,0,0,0,0,0,0,0,0,4,0,0,0,0,0,0,0,0,0
pbt,bintrie,5,4,storage_mixed_k100,11,,10941,91722,2,0.1683,3.1998,1.2673,8.0614,12.9098,7.1048,11,0,0,0,3,0,0,0,1,305,5,6,45.45,0,0,0,0,0,0,0,0
pbt,bintrie,5,4,storage_mixed_k100,11,,10942,15913624,1,148.0834,21.3208,22.2624,1.6847,233.977,68.0136,107,2161,101,3105,5,0,209,0,0,0,48,59,44.86,1062,1099,49.14,101,0,100,3105,0
pbt,bintrie,5,4,storage_mixed_k100,11,,10943,21000,1,0.095,10.332,19.2811,0.7933,30.7477,0.683,6,0,0,0,2,0,0,0,0,0,2,4,33.33,0,0,0,0,0,0,0,0
pbt,bintrie,5,4,storage_mixed_k100,11,,10944,0,0,0.027,2.8499,0.0016,0.1362,3.1863,0,4,0,0,0,0,0,0,0,0,0,0,4,0,0,0,0,0,0,0,0,0
pbt,bintrie,5,4,storage_mixed_k100,12,,10945,0,0,0.0615,3.8569,0.0014,0.1829,4.4028,0,4,0,0,0,0,0,0,0,0,0,0,4,0,0,0,0,0,0,0,0,0
pbt,bintrie,5,4,storage_mixed_k100,12,,10946,0,0,0.0483,15.9826,0.0028,0.2042,16.4735,0,4,0,0,0,0,0,0,0,0,0,0,4,0,0,0,0,0,0,0,0,0
pbt,bintrie,5,4,storage_mixed_k100,12,,10947,0,0,0.0359,59.6132,0.0027,0.1423,59.9827,0,4,0,0,0,0,0,0,0,0,0,0,4,0,0,0,0,0,0,0,0,0
pbt,bintrie,5,4,storage_mixed_k100,12,,10948,0,0,0.0331,21.7627,0.002,0.1136,22.0568,0,4,0,0,0,0,0,0,0,0,0,0,4,0,0,0,0,0,0,0,0,0
pbt,bintrie,5,4,storage_mixed_k100,12,,10949,91722,2,0.0984,0.8748,1.0293,5.7387,9.9875,9.1837,11,0,0,0,3,0,0,0,1,305,6,5,54.55,0,0,0,0,0,0,0,0
pbt,bintrie,5,4,storage_mixed_k100,12,,10950,15913624,1,169.9993,18.1467,18.0782,1.5278,255.436,62.2998,107,2161,101,3105,5,0,209,0,0,0,20,87,18.69,1077,1084,49.84,101,0,100,3105,0
pbt,bintrie,5,4,storage_mixed_k100,12,,10951,21000,1,0.0836,11.2177,11.6877,17.889,41.0917,0.5111,6,0,0,0,2,0,0,0,0,0,2,4,33.33,0,0,0,0,0,0,0,0
pbt,bintrie,5,4,storage_mixed_k100,13,,10952,0,0,0.0664,22.4432,0.013,0.5164,23.6205,0,4,0,0,0,0,0,0,0,0,0,0,4,0,0,0,0,0,0,0,0,0
pbt,bintrie,5,4,storage_mixed_k100,13,,10953,0,0,0.0248,5.6425,0.0011,0.1066,5.9198,0,4,0,0,0,0,0,0,0,0,0,0,4,0,0,0,0,0,0,0,0,0
pbt,bintrie,5,4,storage_mixed_k100,13,,10954,0,0,0.0489,116.1188,0.0037,0.5415,117.1616,0,4,0,0,0,0,0,0,0,0,0,0,4,0,0,0,0,0,0,0,0,0
pbt,bintrie,5,4,storage_mixed_k100,13,,10955,0,0,0.0564,34.89,0.0031,0.1893,35.3566,0,4,0,0,0,0,0,0,0,0,0,0,4,0,0,0,0,0,0,0,0,0
pbt,bintrie,5,4,storage_mixed_k100,13,,10956,91722,2,0.3676,16.3794,2.967,4.7741,25.4993,3.597,11,0,0,0,3,0,0,0,1,305,4,7,36.36,0,0,0,0,0,0,0,0
pbt,bintrie,5,4,storage_mixed_k100,13,,10957,15913624,1,146.7102,29.1341,6.1067,3.7989,186.185,85.4721,107,2161,101,3105,5,0,209,0,0,0,38,69,35.51,519,1642,24.02,101,0,100,3105,0
pbt,bintrie,5,4,storage_mixed_k100,13,,10958,21000,1,0.0882,2.8743,56.1231,0.8645,60.5804,0.3466,6,0,0,0,2,0,0,0,0,0,2,4,33.33,0,0,0,0,0,0,0,0
pbt,bintrie,5,4,storage_mixed_k100,14,,10959,0,0,0.0348,4.7905,0.0027,0.237,5.2745,0,4,0,0,0,0,0,0,0,0,0,0,4,0,0,0,0,0,0,0,0,0
pbt,bintrie,5,4,storage_mixed_k100,14,,10960,0,0,0.0548,24.2816,0.0028,0.3541,24.8931,0,4,0,0,0,0,0,0,0,0,0,0,4,0,0,0,0,0,0,0,0,0
pbt,bintrie,5,4,storage_mixed_k100,14,,10961,0,0,0.0529,29.9455,0.0023,0.1309,39.1355,0,4,0,0,0,0,0,0,0,0,0,0,4,0,0,0,0,0,0,0,0,0
pbt,bintrie,5,4,storage_mixed_k100,14,,10962,0,0,0.0515,49.9413,0.003,0.1791,50.4104,0,4,0,0,0,0,0,0,0,0,0,0,4,0,0,0,0,0,0,0,0,0
pbt,bintrie,5,4,storage_mixed_k100,14,,10963,91722,2,0.183,5.2932,3.4168,5.1039,24.4266,3.755,11,0,0,0,3,0,0,0,1,305,5,6,45.45,0,0,0,0,0,0,0,0
pbt,bintrie,5,4,storage_mixed_k100,14,,10964,15913624,1,138.6259,71.5815,65.758,1.5376,280.5178,56.7295,107,2161,101,3105,5,0,209,0,0,0,20,87,18.69,466,1695,21.56,101,0,100,3105,0
pbt,bintrie,5,4,storage_mixed_k100,14,,10965,21000,1,0.0998,7.582,40.9726,0.7816,49.6618,0.4229,6,0,0,0,2,0,0,0,0,0,2,4,33.33,0,0,0,0,0,0,0,0
pbt,bintrie,5,4,storage_mixed_k100,14,,10966,0,0,0.0292,3.0859,0.0037,0.168,3.4661,0,4,0,0,0,0,0,0,0,0,0,0,4,0,0,0,0,0,0,0,0,0
pbt,bintrie,5,4,storage_mixed_k100,15,,10967,0,0,0.0426,0.488,0.0011,0.1448,0.9235,0,4,0,0,0,0,0,0,0,0,0,0,4,0,0,0,0,0,0,0,0,0
pbt,bintrie,5,4,storage_mixed_k100,15,,10968,0,0,0.0733,15.7445,0.0033,0.2547,16.3897,0,4,0,0,0,0,0,0,0,0,0,0,4,0,0,0,0,0,0,0,0,0
pbt,bintrie,5,4,storage_mixed_k100,15,,10969,0,0,0.0431,55.8993,0.003,0.1181,56.5832,0,4,0,0,0,0,0,0,0,0,0,0,4,0,0,0,0,0,0,0,0,0
pbt,bintrie,5,4,storage_mixed_k100,15,,10970,0,0,0.0494,18.5706,0.0037,0.4245,19.4452,0,4,0,0,0,0,0,0,0,0,0,0,4,0,0,0,0,0,0,0,0,0
pbt,bintrie,5,4,storage_mixed_k100,15,,10971,91722,2,0.3597,49.6099,1.2535,5.2906,56.946,1.6107,11,0,0,0,3,0,0,0,1,305,4,7,36.36,0,0,0,0,0,0,0,0
pbt,bintrie,5,4,storage_mixed_k100,15,,10972,15913624,1,149.5402,22.8393,38.1516,2.8113,213.8291,74.4222,107,2161,101,3105,5,0,209,0,0,0,16,91,14.95,1030,1131,47.66,101,0,100,3105,0
pbt,bintrie,5,4,storage_mixed_k100,15,,10973,21000,1,0.1175,16.3776,16.521,0.8327,34.1015,0.6158,6,0,0,0,2,0,0,0,0,0,2,4,33.33,0,0,0,0,0,0,0,0
pbt,bintrie,5,4,storage_mixed_k100,15,,10974,0,0,0.0245,2.7878,0.0018,0.1728,3.121,0,4,0,0,0,0,0,0,0,0,0,0,4,0,0,0,0,0,0,0,0,0
pbt,bintrie,5,4,storage_mixed_k100,16,,10975,0,0,0.0438,5.2998,0.0023,0.2041,5.769,0,4,0,0,0,0,0,0,0,0,0,0,4,0,0,0,0,0,0,0,0,0
pbt,bintrie,5,4,storage_mixed_k100,16,,10976,0,0,0.0521,16.6306,0.0052,0.3131,17.5266,0,4,0,0,0,0,0,0,0,0,0,0,4,0,0,0,0,0,0,0,0,0
pbt,bintrie,5,4,storage_mixed_k100,16,,10977,0,0,0.0566,38.5506,0.003,0.1424,38.9935,0,4,0,0,0,0,0,0,0,0,0,0,4,0,0,0,0,0,0,0,0,0
pbt,bintrie,5,4,storage_mixed_k100,16,,10978,0,0,0.0747,4.6433,0.002,0.1522,5.0459,0,4,0,0,0,0,0,0,0,0,0,0,4,0,0,0,0,0,0,0,0,0
pbt,bintrie,5,4,storage_mixed_k100,16,,10979,91722,2,0.1412,3.2799,5.2577,4.4819,19.1627,4.7865,11,0,0,0,3,0,0,0,1,305,5,6,45.45,0,0,0,0,0,0,0,0
pbt,bintrie,5,4,storage_mixed_k100,16,,10980,15913624,1,163.5935,22.1308,12.711,3.6816,202.4336,78.6116,107,2161,101,3105,5,0,209,0,0,0,12,95,11.21,1502,659,69.5,101,0,100,3105,0
pbt,bintrie,5,4,storage_mixed_k100,16,,10981,21000,1,0.0614,2.6096,2.8014,0.7288,6.3924,3.2851,6,0,0,0,2,0,0,0,0,0,2,4,33.33,0,0,0,0,0,0,0,0
pbt,bintrie,5,4,storage_mixed_k100,17,,10982,0,0,0.0663,10.7412,0.002,0.1721,11.5454,0,4,0,0,0,0,0,0,0,0,0,0,4,0,0,0,0,0,0,0,0,0
pbt,bintrie,5,4,storage_mixed_k100,17,,10983,0,0,0.0515,9.4147,0.0025,0.2779,9.9569,0,4,0,0,0,0,0,0,0,0,0,0,4,0,0,0,0,0,0,0,0,0
pbt,bintrie,5,4,storage_mixed_k100,17,,10984,0,0,0.0549,88.5297,0.0021,0.2748,89.7111,0,4,0,0,0,0,0,0,0,0,0,0,4,0,0,0,0,0,0,0,0,0
pbt,bintrie,5,4,storage_mixed_k100,17,,10985,0,0,0.0412,10.7599,0.0038,4.4063,15.7136,0,4,0,0,0,0,0,0,0,0,0,0,4,0,0,0,0,0,0,0,0,0
pbt,bintrie,5,4,storage_mixed_k100,17,,10986,91722,2,0.4019,36.9013,2.4879,4.9315,45.026,2.0371,11,0,0,0,3,0,0,0,1,305,4,7,36.36,0,0,0,0,0,0,0,0
pbt,bintrie,5,4,storage_mixed_k100,17,,10987,15913624,1,149.7025,28.0085,3.8822,1.8393,183.9777,86.4976,107,2161,101,3105,5,0,209,0,0,0,14,93,13.08,1188,973,54.97,101,0,100,3105,0
pbt,bintrie,5,4,storage_mixed_k100,17,,10988,21000,1,0.0787,7.0344,48.5605,0.56,56.4505,0.372,6,0,0,0,2,0,0,0,0,0,2,4,33.33,0,0,0,0,0,0,0,0
pbt,bintrie,5,4,storage_mixed_k100,18,,10989,0,0,0.0292,0.9877,0.0032,0.3804,10.6273,0,4,0,0,0,0,0,0,0,0,0,0,4,0,0,0,0,0,0,0,0,0
pbt,bintrie,5,4,storage_mixed_k100,18,,10990,0,0,0.0417,0.7739,0.0017,0.1534,1.1915,0,4,0,0,0,0,0,0,0,0,0,0,4,0,0,0,0,0,0,0,0,0
pbt,bintrie,5,4,storage_mixed_k100,18,,10991,0,0,0.0404,67.5753,0.0019,0.1183,69.2296,0,4,0,0,0,0,0,0,0,0,0,0,4,0,0,0,0,0,0,0,0,0
pbt,bintrie,5,4,storage_mixed_k100,18,,10992,0,0,0.0505,44.8533,0.0075,0.3684,45.6546,0,4,0,0,0,0,0,0,0,0,0,0,4,0,0,0,0,0,0,0,0,0
pbt,bintrie,5,4,storage_mixed_k100,18,,10993,91722,2,0.1941,26.9717,0.8853,4.8228,33.1248,2.769,11,0,0,0,3,0,0,0,1,305,6,5,54.55,0,0,0,0,0,0,0,0
pbt,bintrie,5,4,storage_mixed_k100,18,,10994,15913624,1,222.8355,31.3143,13.5532,1.7452,269.975,58.9448,107,2161,101,3105,5,0,209,0,0,0,10,97,9.35,626,1535,28.97,101,0,100,3105,0
pbt,bintrie,5,4,storage_mixed_k100,18,,10995,21000,1,0.0756,5.6506,23.1505,8.938,38.0142,0.5524,6,0,0,0,2,0,0,0,0,0,2,4,33.33,0,0,0,0,0,0,0,0
pbt,bintrie,5,4,storage_mixed_k100,19,,10996,0,0,0.0805,26.3161,0.003,0.1653,27.7025,0,4,0,0,0,0,0,0,0,0,0,0,4,0,0,0,0,0,0,0,0,0
pbt,bintrie,5,4,storage_mixed_k100,19,,10997,0,0,0.0447,19.6236,0.0035,0.2114,20.1416,0,4,0,0,0,0,0,0,0,0,0,0,4,0,0,0,0,0,0,0,0,0
pbt,bintrie,5,4,storage_mixed_k100,19,,10998,0,0,0.0405,43.8418,0.0021,0.1115,44.1515,0,4,0,0,0,0,0,0,0,0,0,0,4,0,0,0,0,0,0,0,0,0
pbt,bintrie,5,4,storage_mixed_k100,19,,10999,0,0,0.0425,17.9577,0.0019,0.1094,18.3019,0,4,0,0,0,0,0,0,0,0,0,0,4,0,0,0,0,0,0,0,0,0
pbt,bintrie,5,4,storage_mixed_k100,19,,11000,91722,2,0.2301,13.4583,12.4909,5.0206,31.4977,2.912,11,0,0,0,3,0,0,0,1,305,4,7,36.36,0,0,0,0,0,0,0,0
pbt,bintrie,5,4,storage_mixed_k100,19,,11001,15913624,1,221.9984,40.1528,111.698,10.8782,385.8787,41.24,107,2161,101,3105,5,0,209,0,0,0,18,89,16.82,323,1838,14.95,101,0,100,3105,0
pbt,bintrie,5,4,storage_mixed_k100,19,,11002,21000,1,0.0751,2.6425,2.6506,0.5875,6.1062,3.4391,6,0,0,0,2,0,0,0,0,0,2,4,33.33,0,0,0,0,0,0,0,0
pbt,bintrie,5,4,storage_mixed_k100,19,,11003,0,0,0.0292,3.647,0.0022,0.1696,4.0209,0,4,0,0,0,0,0,0,0,0,0,0,4,0,0,0,0,0,0,0,0,0
pbt,bintrie,5,4,storage_mixed_k100,1,,10864,0,0,0.0927,6.9623,0.0013,0.1896,7.7046,0,4,0,0,0,0,0,0,0,0,0,0,4,0,0,0,0,0,0,0,0,0
pbt,bintrie,5,4,storage_mixed_k100,1,,10865,0,0,0.0583,44.1266,0.0022,0.1152,44.9007,0,4,0,0,0,0,0,0,0,0,0,0,4,0,0,0,0,0,0,0,0,0
pbt,bintrie,5,4,storage_mixed_k100,1,,10866,0,0,0.0437,22.5869,0.0022,0.1024,22.9115,0,4,0,0,0,0,0,0,0,0,0,0,4,0,0,0,0,0,0,0,0,0
pbt,bintrie,5,4,storage_mixed_k100,1,,10867,0,0,0.0437,19.682,0.0026,0.158,20.0752,0,4,0,0,0,0,0,0,0,0,0,0,4,0,0,0,0,0,0,0,0,0
pbt,bintrie,5,4,storage_mixed_k100,1,,10868,91722,2,0.0992,2.6972,0.4857,10.0285,13.4743,6.8072,11,0,0,0,3,0,0,0,1,305,6,5,54.55,0,0,0,0,0,0,0,0
pbt,bintrie,5,4,storage_mixed_k100,1,,10869,15913624,1,163.9273,17.5802,16.0493,3.4679,201.3231,79.0452,107,2161,101,3105,5,0,209,0,0,0,14,93,13.08,1434,727,66.36,101,0,100,3105,0
pbt,bintrie,5,4,storage_mixed_k100,1,,10870,21000,1,0.2203,9.4724,5.5632,0.5242,15.9982,1.3126,6,0,0,0,2,0,0,0,0,0,0,6,0,0,0,0,0,0,0,0,0
pbt,bintrie,5,4,storage_mixed_k100,1,,10871,0,0,0.0327,18.0272,0.0067,0.338,18.8915,0,4,0,0,0,0,0,0,0,0,0,0,4,0,0,0,0,0,0,0,0,0
pbt,bintrie,5,4,storage_mixed_k100,20,,11004,0,0,0.0382,5.1775,0.0012,0.1328,5.5155,0,4,0,0,0,0,0,0,0,0,0,0,4,0,0,0,0,0,0,0,0,0
pbt,bintrie,5,4,storage_mixed_k100,20,,11005,0,0,0.0531,16.6193,0.0036,0.3728,17.4933,0,4,0,0,0,0,0,0,0,0,0,0,4,0,0,0,0,0,0,0,0,0
pbt,bintrie,5,4,storage_mixed_k100,20,,11006,0,0,0.0316,6.8533,0.0023,0.14,7.1935,0,4,0,0,0,0,0,0,0,0,0,0,4,0,0,0,0,0,0,0,0,0
pbt,bintrie,5,4,storage_mixed_k100,20,,11007,0,0,0.0202,2.718,0.0013,0.1028,2.995,0,4,0,0,0,0,0,0,0,0,0,0,4,0,0,0,0,0,0,0,0,0
pbt,bintrie,5,4,storage_mixed_k100,20,,11008,91722,2,0.1121,9.6888,15.4467,5.2227,30.6491,2.9926,11,0,0,0,3,0,0,0,1,305,6,5,54.55,0,0,0,0,0,0,0,0
pbt,bintrie,5,4,storage_mixed_k100,20,,11009,15913624,1,137.466,21.9433,39.0557,1.6535,200.2688,79.4613,107,2161,101,3105,5,0,209,0,0,0,29,78,27.1,896,1265,41.46,101,0,100,3105,0
pbt,bintrie,5,4,storage_mixed_k100,20,,11010,21000,1,0.0981,19.8429,35.2832,0.6181,56.0953,0.3744,6,0,0,0,2,0,0,0,0,0,0,6,0,0,0,0,0,0,0,0,0
pbt,bintrie,5,4,storage_mixed_k100,2,,10872,0,0,0.0273,0.6316,0.0021,0.2431,10.4418,0,4,0,0,0,0,0,0,0,0,0,0,4,0,0,0,0,0,0,0,0,0
pbt,bintrie,5,4,storage_mixed_k100,2,,10873,0,0,5.7397,19.0872,0.0026,10.4493,35.4659,0,4,0,0,0,0,0,0,0,0,0,0,4,0,0,0,0,0,0,0,0,0
pbt,bintrie,5,4,storage_mixed_k100,2,,10874,0,0,0.0496,54.4367,0.0027,0.139,57.7504,0,4,0,0,0,0,0,0,0,0,0,0,4,0,0,0,0,0,0,0,0,0
pbt,bintrie,5,4,storage_mixed_k100,2,,10875,0,0,0.0442,21.6744,0.003,0.1663,22.1061,0,4,0,0,0,0,0,0,0,0,0,0,4,0,0,0,0,0,0,0,0,0
pbt,bintrie,5,4,storage_mixed_k100,2,,10876,91722,2,0.1255,8.9754,43.459,11.5231,64.3417,1.4255,11,0,0,0,3,0,0,0,1,305,6,5,54.55,0,0,0,0,0,0,0,0
pbt,bintrie,5,4,storage_mixed_k100,2,,10877,15913624,1,148.7368,26.6463,4.9818,3.0601,186.9339,85.1297,107,2161,101,3105,5,0,209,0,0,0,47,60,43.93,872,1289,40.35,101,0,100,3105,0
pbt,bintrie,5,4,storage_mixed_k100,2,,10878,21000,1,0.2094,18.2078,1.6045,1.0368,21.2993,0.9859,6,0,0,0,2,0,0,0,0,0,0,6,0,0,0,0,0,0,0,0,0
pbt,bintrie,5,4,storage_mixed_k100,3,,10879,0,0,0.0622,3.2469,0.0015,0.146,3.752,0,4,0,0,0,0,0,0,0,0,0,0,4,0,0,0,0,0,0,0,0,0
pbt,bintrie,5,4,storage_mixed_k100,3,,10880,0,0,0.0605,37.0058,0.0031,0.2767,39.1169,0,4,0,0,0,0,0,0,0,0,0,0,4,0,0,0,0,0,0,0,0,0
pbt,bintrie,5,4,storage_mixed_k100,3,,10881,0,0,0.0337,52.8208,0.0029,0.1652,53.1759,0,4,0,0,0,0,0,0,0,0,0,0,4,0,0,0,0,0,0,0,0,0
pbt,bintrie,5,4,storage_mixed_k100,3,,10882,0,0,0.0484,18.8803,0.0027,0.1676,19.2876,0,4,0,0,0,0,0,0,0,0,0,0,4,0,0,0,0,0,0,0,0,0
pbt,bintrie,5,4,storage_mixed_k100,3,,10883,91722,2,0.3943,1.2179,25.4818,10.6737,40.5016,2.2647,11,0,0,0,3,0,0,0,1,305,4,7,36.36,0,0,0,0,0,0,0,0
pbt,bintrie,5,4,storage_mixed_k100,3,,10884,15913624,1,156.0015,36.9377,6.3258,4.2977,203.8745,78.056,107,2161,101,3105,5,0,209,0,0,0,14,93,13.08,322,1839,14.9,101,0,100,3105,0
pbt,bintrie,5,4,storage_mixed_k100,3,,10885,21000,1,0.1903,2.6408,7.5512,0.8395,11.4859,1.8283,6,0,0,0,2,0,0,0,0,0,0,6,0,0,0,0,0,0,0,0,0
pbt,bintrie,5,4,storage_mixed_k100,4,,10886,0,0,0.074,29.2953,0.002,0.2131,29.9607,0,4,0,0,0,0,0,0,0,0,0,0,4,0,0,0,0,0,0,0,0,0
pbt,bintrie,5,4,storage_mixed_k100,4,,10887,0,0,0.0512,0.7605,0.0016,0.1252,1.1346,0,4,0,0,0,0,0,0,0,0,0,0,4,0,0,0,0,0,0,0,0,0
pbt,bintrie,5,4,storage_mixed_k100,4,,10888,0,0,0.038,56.5179,0.0029,0.1588,56.8895,0,4,0,0,0,0,0,0,0,0,0,0,4,0,0,0,0,0,0,0,0,0
pbt,bintrie,5,4,storage_mixed_k100,4,,10889,0,0,0.048,57.3179,0.0033,0.2126,57.8028,0,4,0,0,0,0,0,0,0,0,0,0,4,0,0,0,0,0,0,0,0,0
pbt,bintrie,5,4,storage_mixed_k100,4,,10890,91722,2,0.1469,4.2184,0.5332,4.1304,9.2607,9.9044,11,0,0,0,3,0,0,0,1,305,5,6,45.45,0,0,0,0,0,0,0,0
pbt,bintrie,5,4,storage_mixed_k100,4,,10891,15913624,1,152.8848,29.8817,6.3614,3.774,193.4458,82.264,107,2161,101,3105,5,0,209,0,0,0,6,101,5.61,853,1308,39.47,101,0,100,3105,0
pbt,bintrie,5,4,storage_mixed_k100,4,,10892,21000,1,0.2074,25.3008,6.2298,0.4847,32.4195,0.6478,6,0,0,0,2,0,0,0,0,0,0,6,0,0,0,0,0,0,0,0,0
pbt,bintrie,5,4,storage_mixed_k100,5,,10893,0,0,0.0631,29.4513,0.0017,0.1754,30.0733,0,4,0,0,0,0,0,0,0,0,0,0,4,0,0,0,0,0,0,0,0,0
pbt,bintrie,5,4,storage_mixed_k100,5,,10894,0,0,0.0367,10.5684,0.0022,0.2109,11.0356,0,4,0,0,0,0,0,0,0,0,0,0,4,0,0,0,0,0,0,0,0,0
pbt,bintrie,5,4,storage_mixed_k100,5,,10895,0,0,0.0277,15.5972,0.0021,0.1328,16.361,0,4,0,0,0,0,0,0,0,0,0,0,4,0,0,0,0,0,0,0,0,0
pbt,bintrie,5,4,storage_mixed_k100,5,,10896,0,0,0.0496,30.4824,0.0031,0.3265,31.0747,0,4,0,0,0,0,0,0,0,0,0,0,4,0,0,0,0,0,0,0,0,0
pbt,bintrie,5,4,storage_mixed_k100,5,,10897,91722,2,0.1131,3.2304,45.9275,5.8353,57.3471,1.5994,11,0,0,0,3,0,0,0,1,305,6,5,54.55,0,0,0,0,0,0,0,0
pbt,bintrie,5,4,storage_mixed_k100,5,,10898,15913624,1,136.943,31.722,9.5343,3.4236,197.1729,80.709,107,2161,101,3105,5,0,209,0,0,0,27,80,25.23,891,1270,41.23,101,0,100,3105,0
pbt,bintrie,5,4,storage_mixed_k100,5,,10899,21000,1,0.0657,2.574,3.0254,0.8191,6.6802,3.1436,6,0,0,0,2,0,0,0,0,0,2,4,33.33,0,0,0,0,0,0,0,0
pbt,bintrie,5,4,storage_mixed_k100,6,,10900,0,0,0.0377,23.399,0.0017,0.1925,24.0219,0,4,0,0,0,0,0,0,0,0,0,0,4,0,0,0,0,0,0,0,0,0
pbt,bintrie,5,4,storage_mixed_k100,6,,10901,0,0,0.0463,0.7454,0.0016,0.2007,1.21,0,4,0,0,0,0,0,0,0,0,0,0,4,0,0,0,0,0,0,0,0,0
pbt,bintrie,5,4,storage_mixed_k100,6,,10902,0,0,0.0482,2.5645,0.0016,0.1583,2.9156,0,4,0,0,0,0,0,0,0,0,0,0,4,0,0,0,0,0,0,0,0,0
pbt,bintrie,5,4,storage_mixed_k100,6,,10903,0,0,0.0786,10.6855,0.003,0.1215,11.0631,0,4,0,0,0,0,0,0,0,0,0,0,4,0,0,0,0,0,0,0,0,0
pbt,bintrie,5,4,storage_mixed_k100,6,,10904,91722,2,0.096,2.6721,22.2461,5.5571,30.7042,2.9873,11,0,0,0,3,0,0,0,1,305,6,5,54.55,0,0,0,0,0,0,0,0
pbt,bintrie,5,4,storage_mixed_k100,6,,10905,15913624,1,142.9606,19.8822,38.055,2.7608,203.8584,78.0621,107,2161,101,3105,5,0,209,0,0,0,11,96,10.28,809,1352,37.44,101,0,100,3105,0
pbt,bintrie,5,4,storage_mixed_k100,6,,10906,21000,1,0.0609,2.5196,3.027,0.8162,6.5705,3.1961,6,0,0,0,2,0,0,0,0,0,0,6,0,0,0,0,0,0,0,0,0
pbt,bintrie,5,4,storage_mixed_k100,6,,10907,0,0,0.0267,8.1653,0.0012,0.1501,8.5145,0,4,0,0,0,0,0,0,0,0,0,0,4,0,0,0,0,0,0,0,0,0
pbt,bintrie,5,4,storage_mixed_k100,7,,10908,0,0,0.0314,4.9937,0.0012,0.138,5.3071,0,4,0,0,0,0,0,0,0,0,0,0,4,0,0,0,0,0,0,0,0,0
pbt,bintrie,5,4,storage_mixed_k100,7,,10909,0,0,0.0507,23.8235,0.0036,0.254,24.4501,0,4,0,0,0,0,0,0,0,0,0,0,4,0,0,0,0,0,0,0,0,0
pbt,bintrie,5,4,storage_mixed_k100,7,,10910,0,0,0.047,2.5921,0.0017,0.117,2.9983,0,4,0,0,0,0,0,0,0,0,0,0,4,0,0,0,0,0,0,0,0,0
pbt,bintrie,5,4,storage_mixed_k100,7,,10911,0,0,0.0565,29.4245,0.0033,0.1762,29.9031,0,4,0,0,0,0,0,0,0,0,0,0,4,0,0,0,0,0,0,0,0,0
pbt,bintrie,5,4,storage_mixed_k100,7,,10912,91722,2,0.1265,13.4762,2.4221,5.4932,21.7392,4.2192,11,0,0,0,3,0,0,0,1,305,4,7,36.36,0,0,0,0,0,0,0,0
pbt,bintrie,5,4,storage_mixed_k100,7,,10913,15913624,1,150.7781,20.682,3.9196,1.9279,177.8058,89.5,107,2161,101,3105,5,0,209,0,0,0,13,94,12.15,679,1482,31.42,101,0,100,3105,0
pbt,bintrie,5,4,storage_mixed_k100,7,,10914,21000,1,0.1955,3.0135,25.2312,0.6151,29.2792,0.7172,6,0,0,0,2,0,0,0,0,0,0,6,0,0,0,0,0,0,0,0,0
pbt,bintrie,5,4,storage_mixed_k100,8,,10915,0,0,0.0357,1.1866,0.0021,7.9909,12.1342,0,4,0,0,0,0,0,0,0,0,0,0,4,0,0,0,0,0,0,0,0,0
pbt,bintrie,5,4,storage_mixed_k100,8,,10916,0,0,0.0427,3.5715,0.0043,0.234,26.6371,0,4,0,0,0,0,0,0,0,0,0,0,4,0,0,0,0,0,0,0,0,0
pbt,bintrie,5,4,storage_mixed_k100,8,,10917,0,0,0.0427,57.3557,0.003,0.1433,57.7399,0,4,0,0,0,0,0,0,0,0,0,0,4,0,0,0,0,0,0,0,0,0
pbt,bintrie,5,4,storage_mixed_k100,8,,10918,0,0,0.0251,2.4833,0.0016,0.1514,2.7931,0,4,0,0,0,0,0,0,0,0,0,0,4,0,0,0,0,0,0,0,0,0
pbt,bintrie,5,4,storage_mixed_k100,8,,10919,91722,2,0.176,31.6443,15.2918,5.153,52.6463,1.7422,11,0,0,0,3,0,0,0,1,305,6,5,54.55,0,0,0,0,0,0,0,0
pbt,bintrie,5,4,storage_mixed_k100,8,,10920,15913624,1,155.2706,28.3572,41.8587,3.6864,229.9922,69.192,107,2161,101,3105,5,0,209,0,0,0,2,105,1.87,507,1654,23.46,101,0,100,3105,0
pbt,bintrie,5,4,storage_mixed_k100,8,,10921,21000,1,0.1019,13.7386,2.2677,0.503,16.833,1.2476,6,0,0,0,2,0,0,0,0,0,0,6,0,0,0,0,0,0,0,0,0
pbt,bintrie,5,4,storage_mixed_k100,9,,10922,0,0,0.1138,4.2133,0.0028,0.562,5.6833,0,4,0,0,0,0,0,0,0,0,0,0,4,0,0,0,0,0,0,0,0,0
pbt,bintrie,5,4,storage_mixed_k100,9,,10923,0,0,0.1725,17.9627,0.0034,0.3811,19.0332,0,4,0,0,0,0,0,0,0,0,0,0,4,0,0,0,0,0,0,0,0,0
pbt,bintrie,5,4,storage_mixed_k100,9,,10924,0,0,0.638,92.317,0.002,0.1413,93.2487,0,4,0,0,0,0,0,0,0,0,0,0,4,0,0,0,0,0,0,0,0,0
pbt,bintrie,5,4,storage_mixed_k100,9,,10925,0,0,0.0429,29.3914,0.0036,0.1875,29.8212,0,4,0,0,0,0,0,0,0,0,0,0,4,0,0,0,0,0,0,0,0,0
pbt,bintrie,5,4,storage_mixed_k100,9,,10926,91722,2,0.391,18.6991,26.7786,5.0366,51.2948,1.7881,11,0,0,0,3,0,0,0,1,305,4,7,36.36,0,0,0,0,0,0,0,0
pbt,bintrie,5,4,storage_mixed_k100,9,,10927,15913624,1,137.8166,26.9715,57.6574,1.7578,225.1227,70.6887,107,2161,101,3105,5,0,209,0,0,0,22,85,20.56,629,1532,29.11,101,0,100,3105,0
pbt,bintrie,5,4,storage_mixed_k100,9,,10928,21000,1,0.0748,6.378,6.0197,0.5053,13.1553,1.5963,6,0,0,0,2,0,0,0,0,0,0,6,0,0,0,0,0,0,0,0,0
pbt,bintrie,5,4,storage_mixed_k400,10,,11081,0,0,0.0535,22.2358,0.0107,2.4619,41.9762,0,4,0,0,0,0,0,0,0,0,0,0,4,0,0,0,0,0,0,0,0,0
pbt,bintrie,5,4,storage_mixed_k400,10,,11082,0,0,0.0455,6.4073,0.0044,0.1463,6.7954,0,4,0,0,0,0,0,0,0,0,0,0,4,0,0,0,0,0,0,0,0,0
pbt,bintrie,5,4,storage_mixed_k400,10,,11083,0,0,0.0376,3.5158,0.0027,0.1878,3.9421,0,4,0,0,0,0,0,0,0,0,0,0,4,0,0,0,0,0,0,0,0,0
pbt,bintrie,5,4,storage_mixed_k400,10,,11084,0,0,0.0356,5.0868,0.0023,0.2063,5.5423,0,4,0,0,0,0,0,0,0,0,0,0,4,0,0,0,0,0,0,0,0,0
pbt,bintrie,5,4,storage_mixed_k400,10,,11085,91710,2,0.1933,3.6191,42.3856,5.5096,70.2895,1.3047,11,0,0,0,3,0,0,0,1,305,6,5,54.55,0,0,0,0,0,0,0,0
pbt,bintrie,5,4,storage_mixed_k400,10,,11086,15912936,1,130.7036,51.1197,24.526,13.3098,219.9646,72.3432,407,2282,401,11505,73,0,191,0,0,0,16,391,3.93,238,2044,10.43,401,0,100,11505,0
pbt,bintrie,5,4,storage_mixed_k400,10,,11087,21000,1,0.1136,3.487,6.6533,0.5097,10.9683,1.9146,6,0,0,0,2,0,0,0,0,0,2,4,33.33,0,0,0,0,0,0,0,0
pbt,bintrie,5,4,storage_mixed_k400,11,,11088,0,0,0.0566,37.9756,0.0053,0.2246,38.6438,0,4,0,0,0,0,0,0,0,0,0,0,4,0,0,0,0,0,0,0,0,0
pbt,bintrie,5,4,storage_mixed_k400,11,,11089,0,0,0.0403,4.908,0.012,0.1279,5.3169,0,4,0,0,0,0,0,0,0,0,0,0,4,0,0,0,0,0,0,0,0,0
pbt,bintrie,5,4,storage_mixed_k400,11,,11090,0,0,0.2984,60.7305,0.0064,0.2128,61.4866,0,4,0,0,0,0,0,0,0,0,0,0,4,0,0,0,0,0,0,0,0,0
pbt,bintrie,5,4,storage_mixed_k400,11,,11091,0,0,0.0415,12.3784,0.0032,0.1942,12.8456,0,4,0,0,0,0,0,0,0,0,0,0,4,0,0,0,0,0,0,0,0,0
pbt,bintrie,5,4,storage_mixed_k400,11,,11092,91710,2,0.1951,23.7807,14.6123,4.5002,43.3133,2.1174,11,0,0,0,3,0,0,0,1,305,5,6,45.45,0,0,0,0,0,0,0,0
pbt,bintrie,5,4,storage_mixed_k400,11,,11093,15912936,1,112.6522,29.0548,67.5421,5.604,215.7855,73.7442,407,2282,401,11505,73,0,191,0,0,0,56,351,13.76,456,1826,19.98,401,0,100,11505,0
pbt,bintrie,5,4,storage_mixed_k400,11,,11094,21000,1,0.0842,11.6041,18.4953,0.7451,31.1329,0.6745,6,0,0,0,2,0,0,0,0,0,2,4,33.33,0,0,0,0,0,0,0,0
pbt,bintrie,5,4,storage_mixed_k400,11,,11095,0,0,0.0346,3.1803,0.0022,0.2322,3.6054,0,4,0,0,0,0,0,0,0,0,0,0,4,0,0,0,0,0,0,0,0,0
pbt,bintrie,5,4,storage_mixed_k400,12,,11096,0,0,0.0551,5.4333,0.0023,0.2633,5.9648,0,4,0,0,0,0,0,0,0,0,0,0,4,0,0,0,0,0,0,0,0,0
pbt,bintrie,5,4,storage_mixed_k400,12,,11097,0,0,0.0441,33.9613,0.0293,0.4051,34.7405,0,4,0,0,0,0,0,0,0,0,0,0,4,0,0,0,0,0,0,0,0,0
pbt,bintrie,5,4,storage_mixed_k400,12,,11098,0,0,0.0354,4.6418,0.0014,0.1105,4.9719,0,4,0,0,0,0,0,0,0,0,0,0,4,0,0,0,0,0,0,0,0,0
pbt,bintrie,5,4,storage_mixed_k400,12,,11099,0,0,0.0565,42.0384,0.0022,0.1359,42.4811,0,4,0,0,0,0,0,0,0,0,0,0,4,0,0,0,0,0,0,0,0,0
pbt,bintrie,5,4,storage_mixed_k400,12,,11100,91710,2,0.1121,20.2707,16.457,5.5468,42.6456,2.1505,11,0,0,0,3,0,0,0,1,305,6,5,54.55,0,0,0,0,0,0,0,0
pbt,bintrie,5,4,storage_mixed_k400,12,,11101,15912936,1,128.8601,39.8403,27.4698,5.5971,216.2325,73.5918,407,2282,401,11505,73,0,191,0,0,0,28,379,6.88,527,1755,23.09,401,0,100,11505,0
pbt,bintrie,5,4,storage_mixed_k400,12,,11102,21000,1,0.0572,2.4744,6.1625,0.8187,9.6777,2.1699,6,0,0,0,2,0,0,0,0,0,2,4,33.33,0,0,0,0,0,0,0,0
pbt,bintrie,5,4,storage_mixed_k400,12,,11103,0,0,0.0263,2.9814,0.0021,0.3332,3.8011,0,4,0,0,0,0,0,0,0,0,0,0,4,0,0,0,0,0,0,0,0,0
pbt,bintrie,5,4,storage_mixed_k400,13,,11104,0,0,0.0596,23.5715,0.0029,0.2722,24.3298,0,4,0,0,0,0,0,0,0,0,0,0,4,0,0,0,0,0,0,0,0,0
pbt,bintrie,5,4,storage_mixed_k400,13,,11105,0,0,0.0487,54.5302,0.0025,0.1449,54.9164,0,4,0,0,0,0,0,0,0,0,0,0,4,0,0,0,0,0,0,0,0,0
pbt,bintrie,5,4,storage_mixed_k400,13,,11106,0,0,0.0388,2.8363,0.0019,0.1646,3.2558,0,4,0,0,0,0,0,0,0,0,0,0,4,0,0,0,0,0,0,0,0,0
pbt,bintrie,5,4,storage_mixed_k400,13,,11107,0,0,0.0464,13.1875,0.0028,0.1519,13.5738,0,4,0,0,0,0,0,0,0,0,0,0,4,0,0,0,0,0,0,0,0,0
pbt,bintrie,5,4,storage_mixed_k400,13,,11108,91710,2,0.1386,14.2064,29.812,5.4361,50.1513,1.8287,11,0,0,0,3,0,0,0,1,305,5,6,45.45,0,0,0,0,0,0,0,0
pbt,bintrie,5,4,storage_mixed_k400,13,,11109,15912936,1,170.621,29.4652,56.6581,5.4152,262.3401,60.6577,407,2282,401,11505,73,0,191,0,0,0,107,300,26.29,1085,1197,47.55,401,0,100,11505,0
pbt,bintrie,5,4,storage_mixed_k400,13,,11110,21000,1,0.2102,29.9243,16.092,0.7799,47.234,0.4446,6,0,0,0,2,0,0,0,0,0,0,6,0,0,0,0,0,0,0,0,0
pbt,bintrie,5,4,storage_mixed_k400,13,,11111,0,0,0.0308,12.7929,0.0026,0.1073,13.1489,0,4,0,0,0,0,0,0,0,0,0,0,4,0,0,0,0,0,0,0,0,0
pbt,bintrie,5,4,storage_mixed_k400,14,,11112,0,0,0.0297,2.3117,0.0022,0.1856,12.1432,0,4,0,0,0,0,0,0,0,0,0,0,4,0,0,0,0,0,0,0,0,0
pbt,bintrie,5,4,storage_mixed_k400,14,,11113,0,0,0.0281,1.4485,0.0034,0.2618,11.4315,0,4,0,0,0,0,0,0,0,0,0,0,4,0,0,0,0,0,0,0,0,0
pbt,bintrie,5,4,storage_mixed_k400,14,,11114,0,0,0.057,39.6794,0.0035,0.1505,52.9437,0,4,0,0,0,0,0,0,0,0,0,0,4,0,0,0,0,0,0,0,0,0
pbt,bintrie,5,4,storage_mixed_k400,14,,11115,0,0,0.0437,31.5022,0.0038,0.4983,32.5808,0,4,0,0,0,0,0,0,0,0,0,0,4,0,0,0,0,0,0,0,0,0
pbt,bintrie,5,4,storage_mixed_k400,14,,11116,91710,2,0.3542,1.2677,0.7296,5.4612,46.8021,1.9595,11,0,0,0,3,0,0,0,1,305,4,7,36.36,0,0,0,0,0,0,0,0
pbt,bintrie,5,4,storage_mixed_k400,14,,11117,15912936,1,120.395,28.0586,81.9201,5.928,238.6552,66.6775,407,2282,401,11505,73,0,191,0,0,0,220,187,54.05,761,1521,33.35,401,0,100,11505,0
pbt,bintrie,5,4,storage_mixed_k400,14,,11118,21000,1,0.271,29.9893,6.2078,0.5169,37.2348,0.564,6,0,0,0,2,0,0,0,0,0,0,6,0,0,0,0,0,0,0,0,0
pbt,bintrie,5,4,storage_mixed_k400,14,,11119,0,0,0.0317,8.5434,0.0035,0.3215,9.3813,0,4,0,0,0,0,0,0,0,0,0,0,4,0,0,0,0,0,0,0,0,0
pbt,bintrie,5,4,storage_mixed_k400,15,,11120,0,0,0.0411,4.1125,0.0014,0.1908,4.5852,0,4,0,0,0,0,0,0,0,0,0,0,4,0,0,0,0,0,0,0,0,0
pbt,bintrie,5,4,storage_mixed_k400,15,,11121,0,0,0.0476,32.3767,0.0034,0.364,33.2683,0,4,0,0,0,0,0,0,0,0,0,0,4,0,0,0,0,0,0,0,0,0
pbt,bintrie,5,4,storage_mixed_k400,15,,11122,0,0,0.0474,42.7197,0.0019,0.1121,43.6859,0,4,0,0,0,0,0,0,0,0,0,0,4,0,0,0,0,0,0,0,0,0
pbt,bintrie,5,4,storage_mixed_k400,15,,11123,0,0,0.0408,20.3137,0.0039,32.5917,54.5007,0,4,0,0,0,0,0,0,0,0,0,0,4,0,0,0,0,0,0,0,0,0
pbt,bintrie,5,4,storage_mixed_k400,15,,11124,91710,2,0.2138,5.8469,5.3721,4.4878,16.1314,5.6852,11,0,0,0,3,0,0,0,1,305,5,6,45.45,0,0,0,0,0,0,0,0
pbt,bintrie,5,4,storage_mixed_k400,15,,11125,15912936,1,128.5513,37.8992,20.3852,13.3524,200.6197,79.3189,407,2282,401,11505,73,0,191,0,0,0,13,394,3.19,910,1372,39.88,401,0,100,11505,0
pbt,bintrie,5,4,storage_mixed_k400,15,,11126,21000,1,0.2374,25.6879,6.6871,0.5153,33.3684,0.6293,6,0,0,0,2,0,0,0,0,0,0,6,0,0,0,0,0,0,0,0,0
pbt,bintrie,5,4,storage_mixed_k400,15,,11127,0,0,0.0386,3.4065,0.0031,0.324,4.2829,0,4,0,0,0,0,0,0,0,0,0,0,4,0,0,0,0,0,0,0,0,0
pbt,bintrie,5,4,storage_mixed_k400,16,,11128,0,0,0.0415,4.5178,0.0027,0.1625,5.2132,0,4,0,0,0,0,0,0,0,0,0,0,4,0,0,0,0,0,0,0,0,0
pbt,bintrie,5,4,storage_mixed_k400,16,,11129,0,0,0.0398,16.4704,0.0029,0.1509,16.8446,0,4,0,0,0,0,0,0,0,0,0,0,4,0,0,0,0,0,0,0,0,0
pbt,bintrie,5,4,storage_mixed_k400,16,,11130,0,0,0.039,5.4382,0.0026,0.2138,5.854,0,4,0,0,0,0,0,0,0,0,0,0,4,0,0,0,0,0,0,0,0,0
pbt,bintrie,5,4,storage_mixed_k400,16,,11131,0,0,0.039,19.848,0.0032,0.21,60.1974,0,4,0,0,0,0,0,0,0,0,0,0,4,0,0,0,0,0,0,0,0,0
pbt,bintrie,5,4,storage_mixed_k400,16,,11132,91710,2,0.2163,1.2808,0.8621,5.5152,8.1307,11.2795,11,0,0,0,3,0,0,0,1,305,4,7,36.36,0,0,0,0,0,0,0,0
pbt,bintrie,5,4,storage_mixed_k400,16,,11133,15912936,1,114.5751,32.6154,63.9993,5.5514,217.6511,73.1121,407,2282,401,11505,73,0,191,0,0,0,22,385,5.41,214,2068,9.38,401,0,100,11505,0
pbt,bintrie,5,4,storage_mixed_k400,16,,11134,21000,1,0.0878,2.7938,2.2851,0.5808,10.3378,2.0314,6,0,0,0,2,0,0,0,0,0,2,4,33.33,0,0,0,0,0,0,0,0
pbt,bintrie,5,4,storage_mixed_k400,16,,11135,0,0,0.0369,9.3193,0.0031,0.401,10.2582,0,4,0,0,0,0,0,0,0,0,0,0,4,0,0,0,0,0,0,0,0,0
pbt,bintrie,5,4,storage_mixed_k400,17,,11136,0,0,0.0898,23.5207,0.002,0.1898,24.1504,0,4,0,0,0,0,0,0,0,0,0,0,4,0,0,0,0,0,0,0,0,0
pbt,bintrie,5,4,storage_mixed_k400,17,,11137,0,0,0.0528,33.5429,0.0092,0.2886,34.1715,0,4,0,0,0,0,0,0,0,0,0,0,4,0,0,0,0,0,0,0,0,0
pbt,bintrie,5,4,storage_mixed_k400,17,,11138,0,0,0.0452,67.9719,0.0025,0.1221,68.6944,0,4,0,0,0,0,0,0,0,0,0,0,4,0,0,0,0,0,0,0,0,0
pbt,bintrie,5,4,storage_mixed_k400,17,,11139,0,0,0.0359,13.776,0.002,0.2962,14.5616,0,4,0,0,0,0,0,0,0,0,0,0,4,0,0,0,0,0,0,0,0,0
pbt,bintrie,5,4,storage_mixed_k400,17,,11140,91710,2,0.1243,3.3197,4.2836,5.0723,13.0141,7.047,11,0,0,0,3,0,0,0,1,305,5,6,45.45,0,0,0,0,0,0,0,0
pbt,bintrie,5,4,storage_mixed_k400,17,,11141,15912936,1,128.9817,40.2452,30.5893,12.937,213.1357,74.6611,407,2282,401,11505,73,0,191,0,0,0,60,347,14.74,286,1996,12.53,401,0,100,11505,0
pbt,bintrie,5,4,storage_mixed_k400,17,,11142,21000,1,0.2386,28.6673,5.9026,0.4986,35.7179,0.5879,6,0,0,0,2,0,0,0,0,0,0,6,0,0,0,0,0,0,0,0,0
pbt,bintrie,5,4,storage_mixed_k400,17,,11143,0,0,0.0369,12.1286,0.0026,0.3552,12.9721,0,4,0,0,0,0,0,0,0,0,0,0,4,0,0,0,0,0,0,0,0,0
pbt,bintrie,5,4,storage_mixed_k400,18,,11144,0,0,0.038,4.7666,0.005,0.3244,23.3788,0,4,0,0,0,0,0,0,0,0,0,0,4,0,0,0,0,0,0,0,0,0
pbt,bintrie,5,4,storage_mixed_k400,18,,11145,0,0,0.0339,1.181,0.0038,3.5043,7.7529,0,4,0,0,0,0,0,0,0,0,0,0,4,0,0,0,0,0,0,0,0,0
pbt,bintrie,5,4,storage_mixed_k400,18,,11146,0,0,0.0451,3.4455,0.0022,5.9579,9.6968,0,4,0,0,0,0,0,0,0,0,0,0,4,0,0,0,0,0,0,0,0,0
pbt,bintrie,5,4,storage_mixed_k400,18,,11147,0,0,0.1144,16.2006,0.0026,2.8813,19.4169,0,4,0,0,0,0,0,0,0,0,0,0,4,0,0,0,0,0,0,0,0,0
pbt,bintrie,5,4,storage_mixed_k400,18,,11148,91710,2,0.1059,26.9685,17.0783,5.9653,50.3639,1.8209,11,0,0,0,3,0,0,0,1,305,6,5,54.55,0,0,0,0,0,0,0,0
pbt,bintrie,5,4,storage_mixed_k400,18,,11149,15912936,1,121.8883,33.4249,25.2085,5.5683,214.7489,74.1002,407,2282,401,11505,73,0,191,0,0,0,118,289,28.99,955,1327,41.85,401,0,100,11505,0
pbt,bintrie,5,4,storage_mixed_k400,18,,11150,21000,1,0.0625,2.5138,3.1139,0.7989,39.3438,0.5338,6,0,0,0,2,0,0,0,0,0,0,6,0,0,0,0,0,0,0,0,0
pbt,bintrie,5,4,storage_mixed_k400,19,,11151,0,0,0.0624,14.1247,0.0032,0.3928,14.7967,0,4,0,0,0,0,0,0,0,0,0,0,4,0,0,0,0,0,0,0,0,0
pbt,bintrie,5,4,storage_mixed_k400,19,,11152,0,0,0.0233,6.022,0.0019,0.1551,6.3584,0,4,0,0,0,0,0,0,0,0,0,0,4,0,0,0,0,0,0,0,0,0
pbt,bintrie,5,4,storage_mixed_k400,19,,11153,0,0,0.0457,57.9529,0.0069,0.1855,58.3781,0,4,0,0,0,0,0,0,0,0,0,0,4,0,0,0,0,0,0,0,0,0
pbt,bintrie,5,4,storage_mixed_k400,19,,11154,0,0,4.0788,49.1827,0.0103,0.15,53.6356,0,4,0,0,0,0,0,0,0,0,0,0,4,0,0,0,0,0,0,0,0,0
pbt,bintrie,5,4,storage_mixed_k400,19,,11155,91710,2,0.1279,2.8341,0.7619,5.0726,12.0103,7.6359,11,0,0,0,3,0,0,0,1,305,5,6,45.45,0,0,0,0,0,0,0,0
pbt,bintrie,5,4,storage_mixed_k400,19,,11156,15912936,1,114.27,40.4326,40.4747,5.6914,213.6886,74.4679,407,2282,401,11505,73,0,191,0,0,0,97,310,23.83,202,2080,8.85,401,0,100,11505,0
pbt,bintrie,5,4,storage_mixed_k400,19,,11157,21000,1,0.0674,5.3913,17.9522,0.864,24.4553,0.8587,6,0,0,0,2,0,0,0,0,0,2,4,33.33,0,0,0,0,0,0,0,0
pbt,bintrie,5,4,storage_mixed_k400,1,,11011,0,0,0.0443,1.6434,0.0016,0.1844,2.4971,0,4,0,0,0,0,0,0,0,0,0,0,4,0,0,0,0,0,0,0,0,0
pbt,bintrie,5,4,storage_mixed_k400,1,,11012,0,0,0.051,22.9657,0.0033,0.2578,23.6378,0,4,0,0,0,0,0,0,0,0,0,0,4,0,0,0,0,0,0,0,0,0
pbt,bintrie,5,4,storage_mixed_k400,1,,11013,0,0,0.0389,0.7986,0.0025,0.2624,6.2292,0,4,0,0,0,0,0,0,0,0,0,0,4,0,0,0,0,0,0,0,0,0
pbt,bintrie,5,4,storage_mixed_k400,1,,11014,0,0,0.0472,19.1981,0.0033,0.3099,20.1707,0,4,0,0,0,0,0,0,0,0,0,0,4,0,0,0,0,0,0,0,0,0
pbt,bintrie,5,4,storage_mixed_k400,1,,11015,91710,2,0.3328,16.473,3.3863,5.9016,26.2909,3.4883,11,0,0,0,3,0,0,0,1,305,4,7,36.36,0,0,0,0,0,0,0,0
pbt,bintrie,5,4,storage_mixed_k400,1,,11016,15912936,1,136.2002,40.3081,55.5884,5.5573,244.2215,65.1578,407,2282,401,11505,73,0,191,0,0,0,58,349,14.25,249,2033,10.91,401,0,100,11505,0
pbt,bintrie,5,4,storage_mixed_k400,1,,11017,21000,1,0.0534,2.4044,4.4046,10.7093,17.7592,1.1825,6,0,0,0,2,0,0,0,0,0,2,4,33.33,0,0,0,0,0,0,0,0
pbt,bintrie,5,4,storage_mixed_k400,1,,11018,0,0,0.0236,2.6407,0.0012,0.1197,2.9145,0,4,0,0,0,0,0,0,0,0,0,0,4,0,0,0,0,0,0,0,0,0
pbt,bintrie,5,4,storage_mixed_k400,20,,11158,0,0,0.0347,0.8019,0.0018,0.2099,4.9671,0,4,0,0,0,0,0,0,0,0,0,0,4,0,0,0,0,0,0,0,0,0
pbt,bintrie,5,4,storage_mixed_k400,20,,11159,0,0,0.4732,1.2068,0.0033,0.2701,6.2425,0,4,0,0,0,0,0,0,0,0,0,0,4,0,0,0,0,0,0,0,0,0
pbt,bintrie,5,4,storage_mixed_k400,20,,11160,0,0,0.0286,0.9312,0.0027,4.2198,9.2005,0,4,0,0,0,0,0,0,0,0,0,0,4,0,0,0,0,0,0,0,0,0
pbt,bintrie,5,4,storage_mixed_k400,20,,11161,0,0,0.0495,101.036,0.0036,0.2008,101.7379,0,4,0,0,0,0,0,0,0,0,0,0,4,0,0,0,0,0,0,0,0,0
pbt,bintrie,5,4,storage_mixed_k400,20,,11162,91710,2,0.1518,1.1718,0.9313,5.9513,8.5145,10.771,11,0,0,0,3,0,0,0,1,305,6,5,54.55,0,0,0,0,0,0,0,0
pbt,bintrie,5,4,storage_mixed_k400,20,,11163,15912936,1,116.0382,25.5197,42.0646,16.2662,200.4737,79.3767,407,2282,401,11505,73,0,191,0,0,0,139,268,34.15,586,1696,25.68,401,0,100,11505,0
pbt,bintrie,5,4,storage_mixed_k400,20,,11164,21000,1,0.199,15.7644,10.5437,0.5626,28.2768,0.7427,6,0,0,0,2,0,0,0,0,0,0,6,0,0,0,0,0,0,0,0,0
pbt,bintrie,5,4,storage_mixed_k400,2,,11019,0,0,0.1007,18.7581,0.0031,0.3511,19.7779,0,4,0,0,0,0,0,0,0,0,0,0,4,0,0,0,0,0,0,0,0,0
pbt,bintrie,5,4,storage_mixed_k400,2,,11020,0,0,0.4469,0.8742,0.0021,0.1916,8.5107,0,4,0,0,0,0,0,0,0,0,0,0,4,0,0,0,0,0,0,0,0,0
pbt,bintrie,5,4,storage_mixed_k400,2,,11021,0,0,0.0456,72.0348,0.0031,0.3782,74.4185,0,4,0,0,0,0,0,0,0,0,0,0,4,0,0,0,0,0,0,0,0,0
pbt,bintrie,5,4,storage_mixed_k400,2,,11022,0,0,0.0396,7.283,0.0024,0.1559,7.7938,0,4,0,0,0,0,0,0,0,0,0,0,4,0,0,0,0,0,0,0,0,0
pbt,bintrie,5,4,storage_mixed_k400,2,,11023,91710,2,0.3724,16.1926,15.5743,5.1242,37.4575,2.4484,11,0,0,0,3,0,0,0,1,305,4,7,36.36,0,0,0,0,0,0,0,0
pbt,bintrie,5,4,storage_mixed_k400,2,,11024,15912936,1,118.7527,21.5777,64.9561,5.5699,211.8154,75.1264,407,2282,401,11505,73,0,191,0,0,0,116,291,28.5,1033,1249,45.27,401,0,100,11505,0
pbt,bintrie,5,4,storage_mixed_k400,2,,11025,21000,1,0.0784,7.0336,53.1207,0.8458,61.3192,0.3425,6,0,0,0,2,0,0,0,0,0,2,4,33.33,0,0,0,0,0,0,0,0
pbt,bintrie,5,4,storage_mixed_k400,3,,11026,0,0,0.0765,16.6969,0.0027,0.1506,17.4361,0,4,0,0,0,0,0,0,0,0,0,0,4,0,0,0,0,0,0,0,0,0
pbt,bintrie,5,4,storage_mixed_k400,3,,11027,0,0,0.0487,24.7119,0.0112,0.2376,25.2201,0,4,0,0,0,0,0,0,0,0,0,0,4,0,0,0,0,0,0,0,0,0
pbt,bintrie,5,4,storage_mixed_k400,3,,11028,0,0,0.0312,87.0044,0.0025,0.117,87.4042,0,4,0,0,0,0,0,0,0,0,0,0,4,0,0,0,0,0,0,0,0,0
pbt,bintrie,5,4,storage_mixed_k400,3,,11029,0,0,0.0344,3.4943,0.0021,4.7573,16.018,0,4,0,0,0,0,0,0,0,0,0,0,4,0,0,0,0,0,0,0,0,0
pbt,bintrie,5,4,storage_mixed_k400,3,,11030,91710,2,0.1462,5.5538,30.0972,6.6827,42.6721,2.1492,11,0,0,0,3,0,0,0,1,305,4,7,36.36,0,0,0,0,0,0,0,0
pbt,bintrie,5,4,storage_mixed_k400,3,,11031,15912936,1,130.9544,26.1585,28.2002,7.0106,203.2725,78.2838,407,2282,401,11505,73,0,191,0,0,0,165,242,40.54,1864,418,81.68,401,0,100,11505,0
pbt,bintrie,5,4,storage_mixed_k400,3,,11032,0,0,0.0267,2.9782,0.002,0.1618,3.3085,0,4,0,0,0,0,0,0,0,0,0,0,4,0,0,0,0,0,0,0,0,0
pbt,bintrie,5,4,storage_mixed_k400,3,,11033,21000,1,0.0778,6.0423,40.019,0.9535,47.3245,0.4437,6,0,0,0,2,0,0,0,0,0,2,4,33.33,0,0,0,0,0,0,0,0
pbt,bintrie,5,4,storage_mixed_k400,3,,11034,0,0,0.0274,2.9566,0.0018,0.1259,3.5385,0,4,0,0,0,0,0,0,0,0,0,0,4,0,0,0,0,0,0,0,0,0
pbt,bintrie,5,4,storage_mixed_k400,4,,11035,0,0,0.0675,27.4714,0.0034,0.2991,28.7183,0,4,0,0,0,0,0,0,0,0,0,0,4,0,0,0,0,0,0,0,0,0
pbt,bintrie,5,4,storage_mixed_k400,4,,11036,0,0,0.0693,29.8413,0.0062,0.1865,30.3281,0,4,0,0,0,0,0,0,0,0,0,0,4,0,0,0,0,0,0,0,0,0
pbt,bintrie,5,4,storage_mixed_k400,4,,11037,0,0,0.0535,87.4408,0.0071,0.1613,87.8825,0,4,0,0,0,0,0,0,0,0,0,0,4,0,0,0,0,0,0,0,0,0
pbt,bintrie,5,4,storage_mixed_k400,4,,11038,0,0,0.0589,36.0288,0.0039,0.184,36.4757,0,4,0,0,0,0,0,0,0,0,0,0,4,0,0,0,0,0,0,0,0,0
pbt,bintrie,5,4,storage_mixed_k400,4,,11039,91710,2,0.1094,3.6152,16.8636,6.5589,27.3262,3.3561,11,0,0,0,3,0,0,0,1,305,6,5,54.55,0,0,0,0,0,0,0,0
pbt,bintrie,5,4,storage_mixed_k400,4,,11040,15912936,1,115.4104,33.645,20.3962,5.5178,199.3931,79.8069,407,2282,401,11505,73,0,191,0,0,0,96,311,23.59,1042,1240,45.66,401,0,100,11505,0
pbt,bintrie,5,4,storage_mixed_k400,4,,11041,21000,1,0.0927,7.6025,48.2208,0.7771,56.8913,0.3691,6,0,0,0,2,0,0,0,0,0,2,4,33.33,0,0,0,0,0,0,0,0
pbt,bintrie,5,4,storage_mixed_k400,4,,11042,0,0,0.045,7.9338,0.0035,0.2916,8.4703,0,4,0,0,0,0,0,0,0,0,0,0,4,0,0,0,0,0,0,0,0,0
pbt,bintrie,5,4,storage_mixed_k400,5,,11043,0,0,0.1196,4.5144,0.0021,0.1917,5.085,0,4,0,0,0,0,0,0,0,0,0,0,4,0,0,0,0,0,0,0,0,0
pbt,bintrie,5,4,storage_mixed_k400,5,,11044,0,0,0.0597,26.7136,0.0136,0.3424,32.0958,0,4,0,0,0,0,0,0,0,0,0,0,4,0,0,0,0,0,0,0,0,0
pbt,bintrie,5,4,storage_mixed_k400,5,,11045,0,0,0.0514,15.1919,0.0037,0.3467,15.7701,0,4,0,0,0,0,0,0,0,0,0,0,4,0,0,0,0,0,0,0,0,0
pbt,bintrie,5,4,storage_mixed_k400,5,,11046,0,0,0.0508,39.4544,0.0035,0.1785,39.8554,0,4,0,0,0,0,0,0,0,0,0,0,4,0,0,0,0,0,0,0,0,0
pbt,bintrie,5,4,storage_mixed_k400,5,,11047,91710,2,0.4071,24.9393,0.5071,5.2014,31.2713,2.9327,11,0,0,0,3,0,0,0,1,305,4,7,36.36,0,0,0,0,0,0,0,0
pbt,bintrie,5,4,storage_mixed_k400,5,,11048,15912936,1,134.6259,16.4072,22.3419,6.2964,211.6538,75.1838,407,2282,401,11505,73,0,191,0,0,0,87,320,21.38,1661,621,72.79,401,0,100,11505,0
pbt,bintrie,5,4,storage_mixed_k400,5,,11049,21000,1,0.0816,2.6243,5.655,0.4817,9.0713,2.315,6,0,0,0,2,0,0,0,0,0,2,4,33.33,0,0,0,0,0,0,0,0
pbt,bintrie,5,4,storage_mixed_k400,5,,11050,0,0,0.0277,2.6418,0.0023,0.9241,5.3067,0,4,0,0,0,0,0,0,0,0,0,0,4,0,0,0,0,0,0,0,0,0
pbt,bintrie,5,4,storage_mixed_k400,6,,11051,0,0,0.0802,24.6139,0.0027,0.2418,25.4484,0,4,0,0,0,0,0,0,0,0,0,0,4,0,0,0,0,0,0,0,0,0
pbt,bintrie,5,4,storage_mixed_k400,6,,11052,0,0,0.027,0.9266,0.0022,0.1679,3.9203,0,4,0,0,0,0,0,0,0,0,0,0,4,0,0,0,0,0,0,0,0,0
pbt,bintrie,5,4,storage_mixed_k400,6,,11053,0,0,0.0575,41.5451,0.0082,0.1773,42.0547,0,4,0,0,0,0,0,0,0,0,0,0,4,0,0,0,0,0,0,0,0,0
pbt,bintrie,5,4,storage_mixed_k400,6,,11054,0,0,0.0277,3.3229,0.0016,0.1501,3.6816,0,4,0,0,0,0,0,0,0,0,0,0,4,0,0,0,0,0,0,0,0,0
pbt,bintrie,5,4,storage_mixed_k400,6,,11055,91710,2,0.1872,17.2494,13.271,5.2196,36.1366,2.5379,11,0,0,0,3,0,0,0,1,305,6,5,54.55,0,0,0,0,0,0,0,0
pbt,bintrie,5,4,storage_mixed_k400,6,,11056,15912936,1,128.9886,45.8837,30.2066,20.9308,226.4523,70.2706,407,2282,401,11505,73,0,191,0,0,0,146,261,35.87,335,1947,14.68,401,0,100,11505,0
pbt,bintrie,5,4,storage_mixed_k400,6,,11057,21000,1,0.0633,2.9977,2.2707,0.5136,6.0289,3.4832,6,0,0,0,2,0,0,0,0,0,2,4,33.33,0,0,0,0,0,0,0,0
pbt,bintrie,5,4,storage_mixed_k400,6,,11058,0,0,0.0315,2.9868,0.0019,0.9638,4.483,0,4,0,0,0,0,0,0,0,0,0,0,4,0,0,0,0,0,0,0,0,0
pbt,bintrie,5,4,storage_mixed_k400,7,,11059,0,0,0.0422,2.4693,0.0015,0.1659,3.0885,0,4,0,0,0,0,0,0,0,0,0,0,4,0,0,0,0,0,0,0,0,0
pbt,bintrie,5,4,storage_mixed_k400,7,,11060,0,0,0.0291,16.1238,0.0026,0.4343,16.8896,0,4,0,0,0,0,0,0,0,0,0,0,4,0,0,0,0,0,0,0,0,0
pbt,bintrie,5,4,storage_mixed_k400,7,,11061,0,0,0.4939,21.7974,0.0022,0.1261,26.7166,0,4,0,0,0,0,0,0,0,0,0,0,4,0,0,0,0,0,0,0,0,0
pbt,bintrie,5,4,storage_mixed_k400,7,,11062,0,0,0.0441,28.4222,0.0031,0.1946,28.8866,0,4,0,0,0,0,0,0,0,0,0,0,4,0,0,0,0,0,0,0,0,0
pbt,bintrie,5,4,storage_mixed_k400,7,,11063,91710,2,0.3077,20.5251,3.45,5.122,32.3619,2.8339,11,0,0,0,3,0,0,0,1,305,4,7,36.36,0,0,0,0,0,0,0,0
pbt,bintrie,5,4,storage_mixed_k400,7,,11064,15912936,1,185.0069,36.8758,19.3893,12.3679,254.111,62.622,407,2282,401,11505,73,0,191,0,0,0,232,175,57.0,564,1718,24.72,401,0,100,11505,0
pbt,bintrie,5,4,storage_mixed_k400,7,,11065,21000,1,0.232,15.9859,16.6347,0.6143,33.7739,0.6218,6,0,0,0,2,0,0,0,0,0,0,6,0,0,0,0,0,0,0,0,0
pbt,bintrie,5,4,storage_mixed_k400,8,,11066,0,0,0.2006,32.8463,0.0039,0.4393,34.182,0,4,0,0,0,0,0,0,0,0,0,0,4,0,0,0,0,0,0,0,0,0
pbt,bintrie,5,4,storage_mixed_k400,8,,11067,0,0,0.0193,0.9795,0.0025,0.1947,5.0611,0,4,0,0,0,0,0,0,0,0,0,0,4,0,0,0,0,0,0,0,0,0
pbt,bintrie,5,4,storage_mixed_k400,8,,11068,0,0,0.0367,54.6644,0.0027,0.0966,58.9828,0,4,0,0,0,0,0,0,0,0,0,0,4,0,0,0,0,0,0,0,0,0
pbt,bintrie,5,4,storage_mixed_k400,8,,11069,0,0,0.0536,32.9887,0.0028,26.0608,59.3401,0,4,0,0,0,0,0,0,0,0,0,0,4,0,0,0,0,0,0,0,0,0
pbt,bintrie,5,4,storage_mixed_k400,8,,11070,91710,2,0.3992,17.0562,31.6196,4.9639,54.4526,1.6842,11,0,0,0,3,0,0,0,1,305,4,7,36.36,0,0,0,0,0,0,0,0
pbt,bintrie,5,4,storage_mixed_k400,8,,11071,15912936,1,119.5997,34.9719,37.6739,5.8139,199.2748,79.8542,407,2282,401,11505,73,0,191,0,0,0,52,355,12.78,776,1506,34.01,401,0,100,11505,0
pbt,bintrie,5,4,storage_mixed_k400,8,,11072,21000,1,0.0852,7.9795,38.1619,0.8342,47.2946,0.444,6,0,0,0,2,0,0,0,0,0,2,4,33.33,0,0,0,0,0,0,0,0
pbt,bintrie,5,4,storage_mixed_k400,9,,11073,0,0,0.0507,22.4204,0.002,0.2022,23.043,0,4,0,0,0,0,0,0,0,0,0,0,4,0,0,0,0,0,0,0,0,0
pbt,bintrie,5,4,storage_mixed_k400,9,,11074,0,0,0.0568,21.4901,0.0028,0.147,21.936,0,4,0,0,0,0,0,0,0,0,0,0,4,0,0,0,0,0,0,0,0,0
pbt,bintrie,5,4,storage_mixed_k400,9,,11075,0,0,0.0393,17.3698,0.003,6.6292,24.2398,0,4,0,0,0,0,0,0,0,0,0,0,4,0,0,0,0,0,0,0,0,0
pbt,bintrie,5,4,storage_mixed_k400,9,,11076,0,0,0.0727,56.5939,0.0028,0.1566,57.1237,0,4,0,0,0,0,0,0,0,0,0,0,4,0,0,0,0,0,0,0,0,0
pbt,bintrie,5,4,storage_mixed_k400,9,,11077,91710,2,0.1105,2.9666,0.4838,4.6306,8.4195,10.8925,11,0,0,0,3,0,0,0,1,305,6,5,54.55,0,0,0,0,0,0,0,0
pbt,bintrie,5,4,storage_mixed_k400,9,,11078,15912936,1,137.0456,48.7719,33.7124,14.1205,234.2432,67.9334,407,2282,401,11505,73,0,191,0,0,0,134,273,32.92,622,1660,27.26,401,0,100,11505,0
pbt,bintrie,5,4,storage_mixed_k400,9,,11079,21000,1,0.2021,6.8105,7.5469,0.4886,15.2368,1.3782,6,0,0,0,2,0,0,0,0,0,0,6,0,0,0,0,0,0,0,0,0
pbt,bintrie,5,4,storage_mixed_k400,9,,11080,0,0,0.0268,3.7742,0.0024,0.3359,4.5694,0,4,0,0,0,0,0,0,0,0,0,0,4,0,0,0,0,0,0,0,0,0
pbt,bintrie,5,4,storage_mixed_k700,10,,11237,0,0,0.0608,74.9422,0.0021,0.2349,76.1194,0,4,0,0,0,0,0,0,0,0,0,0,4,0,0,0,0,0,0,0,0,0
pbt,bintrie,5,4,storage_mixed_k700,10,,11238,0,0,0.0742,0.841,0.0016,0.125,1.2619,0,4,0,0,0,0,0,0,0,0,0,0,4,0,0,0,0,0,0,0,0,0
pbt,bintrie,5,4,storage_mixed_k700,10,,11239,0,0,0.0545,43.8048,0.0027,0.227,44.349,0,4,0,0,0,0,0,0,0,0,0,0,4,0,0,0,0,0,0,0,0,0
pbt,bintrie,5,4,storage_mixed_k700,10,,11240,0,0,0.0382,8.4149,0.0018,0.1719,8.8236,0,4,0,0,0,0,0,0,0,0,0,0,4,0,0,0,0,0,0,0,0,0
pbt,bintrie,5,4,storage_mixed_k700,10,,11241,91722,2,0.2252,18.2055,15.8816,5.2286,64.5857,1.4202,11,0,0,0,3,0,0,0,1,305,5,6,45.45,0,0,0,0,0,0,0,0
pbt,bintrie,5,4,storage_mixed_k700,10,,11242,15906950,1,110.8409,32.955,32.9311,33.2401,214.6266,74.1145,707,2338,701,19905,129,0,181,0,0,0,125,582,17.68,648,1690,27.72,701,0,100,19905,0
pbt,bintrie,5,4,storage_mixed_k700,10,,11243,21000,1,0.2586,3.279,4.9528,0.48,9.1524,2.2945,6,0,0,0,2,0,0,0,0,0,0,6,0,0,0,0,0,0,0,0,0
pbt,bintrie,5,4,storage_mixed_k700,10,,11244,0,0,0.0231,3.0688,0.0013,0.2917,3.7874,0,4,0,0,0,0,0,0,0,0,0,0,4,0,0,0,0,0,0,0,0,0
pbt,bintrie,5,4,storage_mixed_k700,11,,11245,0,0,0.053,0.7888,0.0018,0.2752,1.3455,0,4,0,0,0,0,0,0,0,0,0,0,4,0,0,0,0,0,0,0,0,0
pbt,bintrie,5,4,storage_mixed_k700,11,,11246,0,0,0.0318,4.4609,0.0013,0.1467,4.7838,0,4,0,0,0,0,0,0,0,0,0,0,4,0,0,0,0,0,0,0,0,0
pbt,bintrie,5,4,storage_mixed_k700,11,,11247,0,0,0.0364,3.0405,0.0023,0.1498,3.476,0,4,0,0,0,0,0,0,0,0,0,0,4,0,0,0,0,0,0,0,0,0
pbt,bintrie,5,4,storage_mixed_k700,11,,11248,0,0,0.0998,30.68,0.0028,0.1211,31.1536,0,4,0,0,0,0,0,0,0,0,0,0,4,0,0,0,0,0,0,0,0,0
pbt,bintrie,5,4,storage_mixed_k700,11,,11249,91722,2,0.1116,2.9917,4.3007,4.7002,12.3141,7.4486,11,0,0,0,3,0,0,0,1,305,6,5,54.55,0,0,0,0,0,0,0,0
pbt,bintrie,5,4,storage_mixed_k700,11,,11250,15906950,1,85.0,37.0516,47.8715,9.1301,193.2554,82.3105,707,2338,701,19905,129,0,181,0,0,0,184,523,26.03,410,1928,17.54,701,0,100,19905,0
pbt,bintrie,5,4,storage_mixed_k700,11,,11251,21000,1,0.0725,3.8886,2.3592,0.6814,7.1918,2.92,6,0,0,0,2,0,0,0,0,0,2,4,33.33,0,0,0,0,0,0,0,0
pbt,bintrie,5,4,storage_mixed_k700,11,,11252,0,0,0.0367,6.0471,0.0024,0.3233,6.8693,0,4,0,0,0,0,0,0,0,0,0,0,4,0,0,0,0,0,0,0,0,0
pbt,bintrie,5,4,storage_mixed_k700,12,,11253,0,0,0.0652,9.2484,0.0029,0.2179,9.739,0,4,0,0,0,0,0,0,0,0,0,0,4,0,0,0,0,0,0,0,0,0
pbt,bintrie,5,4,storage_mixed_k700,12,,11254,0,0,0.0196,0.7521,0.0014,0.7483,2.0792,0,4,0,0,0,0,0,0,0,0,0,0,4,0,0,0,0,0,0,0,0,0
pbt,bintrie,5,4,storage_mixed_k700,12,,11255,0,0,0.035,2.7869,0.0014,0.1277,3.1316,0,4,0,0,0,0,0,0,0,0,0,0,4,0,0,0,0,0,0,0,0,0
pbt,bintrie,5,4,storage_mixed_k700,12,,11256,0,0,0.0572,3.9124,0.0021,0.112,23.5382,0,4,0,0,0,0,0,0,0,0,0,0,4,0,0,0,0,0,0,0,0,0
pbt,bintrie,5,4,storage_mixed_k700,12,,11257,91722,2,0.1469,7.3191,55.3526,5.615,70.4496,1.302,11,0,0,0,3,0,0,0,1,305,5,6,45.45,0,0,0,0,0,0,0,0
pbt,bintrie,5,4,storage_mixed_k700,12,,11258,15906950,1,112.3491,42.8467,46.3192,17.6421,219.618,72.4301,707,2338,701,19905,129,0,181,0,0,0,385,322,54.46,882,1456,37.72,701,0,100,19905,0
pbt,bintrie,5,4,storage_mixed_k700,12,,11259,21000,1,0.0986,3.9547,2.4275,0.5431,7.1924,2.9198,6,0,0,0,2,0,0,0,0,0,2,4,33.33,0,0,0,0,0,0,0,0
pbt,bintrie,5,4,storage_mixed_k700,12,,11260,0,0,0.0481,3.785,0.0014,0.2405,4.5053,0,4,0,0,0,0,0,0,0,0,0,0,4,0,0,0,0,0,0,0,0,0
pbt,bintrie,5,4,storage_mixed_k700,13,,11261,0,0,0.0554,76.8871,0.0021,0.2192,77.3986,0,4,0,0,0,0,0,0,0,0,0,0,4,0,0,0,0,0,0,0,0,0
pbt,bintrie,5,4,storage_mixed_k700,13,,11262,0,0,0.0497,48.6825,0.0021,0.1499,49.1247,0,4,0,0,0,0,0,0,0,0,0,0,4,0,0,0,0,0,0,0,0,0
pbt,bintrie,5,4,storage_mixed_k700,13,,11263,0,0,0.029,20.2614,0.0037,0.1574,20.6738,0,4,0,0,0,0,0,0,0,0,0,0,4,0,0,0,0,0,0,0,0,0
pbt,bintrie,5,4,storage_mixed_k700,13,,11264,0,0,0.0322,8.3303,0.0014,0.2589,8.8846,0,4,0,0,0,0,0,0,0,0,0,0,4,0,0,0,0,0,0,0,0,0
pbt,bintrie,5,4,storage_mixed_k700,13,,11265,91722,2,0.1191,3.732,1.3952,8.4229,13.8711,6.6125,11,0,0,0,3,0,0,0,1,305,6,5,54.55,0,0,0,0,0,0,0,0
pbt,bintrie,5,4,storage_mixed_k700,13,,11266,15906950,1,91.9191,37.0519,72.4852,8.7566,210.3852,75.6087,707,2338,701,19905,129,0,181,0,0,0,125,582,17.68,1329,1009,56.84,701,0,100,19905,0
pbt,bintrie,5,4,storage_mixed_k700,13,,11267,21000,1,0.0621,2.5886,6.9803,0.7533,10.5245,1.9953,6,0,0,0,2,0,0,0,0,0,2,4,33.33,0,0,0,0,0,0,0,0
pbt,bintrie,5,4,storage_mixed_k700,13,,11268,0,0,0.0232,2.5102,0.0014,0.1312,2.8725,0,4,0,0,0,0,0,0,0,0,0,0,4,0,0,0,0,0,0,0,0,0
pbt,bintrie,5,4,storage_mixed_k700,14,,11269,0,0,0.0629,0.8946,0.0017,0.3271,1.5972,0,4,0,0,0,0,0,0,0,0,0,0,4,0,0,0,0,0,0,0,0,0
pbt,bintrie,5,4,storage_mixed_k700,14,,11270,0,0,0.0254,4.1232,0.0012,0.1028,4.387,0,4,0,0,0,0,0,0,0,0,0,0,4,0,0,0,0,0,0,0,0,0
pbt,bintrie,5,4,storage_mixed_k700,14,,11271,0,0,0.0452,59.7827,0.0025,0.1455,64.4038,0,4,0,0,0,0,0,0,0,0,0,0,4,0,0,0,0,0,0,0,0,0
pbt,bintrie,5,4,storage_mixed_k700,14,,11272,0,0,0.0528,9.9982,0.0032,0.1188,23.7065,0,4,0,0,0,0,0,0,0,0,0,0,4,0,0,0,0,0,0,0,0,0
pbt,bintrie,5,4,storage_mixed_k700,14,,11273,91722,2,0.2545,5.017,4.5339,5.193,15.1893,6.0386,11,0,0,0,3,0,0,0,1,305,4,7,36.36,0,0,0,0,0,0,0,0
pbt,bintrie,5,4,storage_mixed_k700,14,,11274,15906950,1,119.9825,38.4521,78.0137,9.3369,246.2051,64.6085,707,2338,701,19905,129,0,181,0,0,0,347,360,49.08,1180,1158,50.47,701,0,100,19905,0
pbt,bintrie,5,4,storage_mixed_k700,14,,11275,21000,1,0.2089,16.0005,2.2261,0.52,24.1773,0.8686,6,0,0,0,2,0,0,0,0,0,0,6,0,0,0,0,0,0,0,0,0
pbt,bintrie,5,4,storage_mixed_k700,14,,11276,0,0,0.0253,2.8072,0.0018,0.3838,3.3537,0,4,0,0,0,0,0,0,0,0,0,0,4,0,0,0,0,0,0,0,0,0
pbt,bintrie,5,4,storage_mixed_k700,15,,11277,0,0,0.0927,23.6247,0.0033,0.3236,28.4279,0,4,0,0,0,0,0,0,0,0,0,0,4,0,0,0,0,0,0,0,0,0
pbt,bintrie,5,4,storage_mixed_k700,15,,11278,0,0,0.0386,0.866,0.0086,0.142,3.5751,0,4,0,0,0,0,0,0,0,0,0,0,4,0,0,0,0,0,0,0,0,0
pbt,bintrie,5,4,storage_mixed_k700,15,,11279,0,0,0.0506,17.5188,0.0033,0.1615,17.9421,0,4,0,0,0,0,0,0,0,0,0,0,4,0,0,0,0,0,0,0,0,0
pbt,bintrie,5,4,storage_mixed_k700,15,,11280,0,0,0.0329,92.224,0.0031,0.2533,92.7419,0,4,0,0,0,0,0,0,0,0,0,0,4,0,0,0,0,0,0,0,0,0
pbt,bintrie,5,4,storage_mixed_k700,15,,11281,91722,2,0.1449,54.7032,2.9125,4.711,62.7525,1.4616,11,0,0,0,3,0,0,0,1,305,7,4,63.64,0,0,0,0,0,0,0,0
pbt,bintrie,5,4,storage_mixed_k700,15,,11282,15906950,1,97.5862,50.5592,46.1742,15.6318,210.4753,75.5763,707,2338,701,19905,129,0,181,0,0,0,412,295,58.27,777,1561,33.23,701,0,100,19905,0
pbt,bintrie,5,4,storage_mixed_k700,15,,11283,21000,1,0.2273,31.7126,7.7925,0.5326,44.5295,0.4716,6,0,0,0,2,0,0,0,0,0,0,6,0,0,0,0,0,0,0,0,0
pbt,bintrie,5,4,storage_mixed_k700,15,,11284,0,0,0.0309,4.2643,0.0025,0.1752,4.6522,0,4,0,0,0,0,0,0,0,0,0,0,4,0,0,0,0,0,0,0,0,0
pbt,bintrie,5,4,storage_mixed_k700,16,,11285,0,0,0.0982,64.2243,0.0024,0.1937,64.7945,0,4,0,0,0,0,0,0,0,0,0,0,4,0,0,0,0,0,0,0,0,0
pbt,bintrie,5,4,storage_mixed_k700,16,,11286,0,0,0.0498,24.4381,0.002,0.1311,24.8073,0,4,0,0,0,0,0,0,0,0,0,0,4,0,0,0,0,0,0,0,0,0
pbt,bintrie,5,4,storage_mixed_k700,16,,11287,0,0,0.0332,20.569,0.0035,0.2302,21.0771,0,4,0,0,0,0,0,0,0,0,0,0,4,0,0,0,0,0,0,0,0,0
pbt,bintrie,5,4,storage_mixed_k700,16,,11288,0,0,0.0363,11.6375,0.0029,0.4617,12.7949,0,4,0,0,0,0,0,0,0,0,0,0,4,0,0,0,0,0,0,0,0,0
pbt,bintrie,5,4,storage_mixed_k700,16,,11289,91722,2,0.3746,1.1632,12.2144,5.172,20.3643,4.5041,11,0,0,0,3,0,0,0,1,305,4,7,36.36,0,0,0,0,0,0,0,0
pbt,bintrie,5,4,storage_mixed_k700,16,,11290,15906950,1,103.1427,32.3285,66.5737,9.0723,211.3876,75.2502,707,2338,701,19905,129,0,181,0,0,0,170,537,24.05,685,1653,29.3,701,0,100,19905,0
pbt,bintrie,5,4,storage_mixed_k700,16,,11291,21000,1,0.2122,38.9847,2.3655,0.6172,42.4313,0.4949,6,0,0,0,2,0,0,0,0,0,0,6,0,0,0,0,0,0,0,0,0
pbt,bintrie,5,4,storage_mixed_k700,16,,11292,0,0,0.0416,63.1492,0.0024,0.1279,65.1098,0,4,0,0,0,0,0,0,0,0,0,0,4,0,0,0,0,0,0,0,0,0
pbt,bintrie,5,4,storage_mixed_k700,17,,11293,0,0,0.092,21.7177,0.0017,0.2726,28.6922,0,4,0,0,0,0,0,0,0,0,0,0,4,0,0,0,0,0,0,0,0,0
pbt,bintrie,5,4,storage_mixed_k700,17,,11294,0,0,0.0453,40.6221,0.0027,0.1943,41.0378,0,4,0,0,0,0,0,0,0,0,0,0,4,0,0,0,0,0,0,0,0,0
pbt,bintrie,5,4,storage_mixed_k700,17,,11295,0,0,0.0323,2.9359,0.002,0.1367,3.2689,0,4,0,0,0,0,0,0,0,0,0,0,4,0,0,0,0,0,0,0,0,0
pbt,bintrie,5,4,storage_mixed_k700,17,,11296,0,0,0.0589,53.9085,0.0031,0.196,56.8085,0,4,0,0,0,0,0,0,0,0,0,0,4,0,0,0,0,0,0,0,0,0
pbt,bintrie,5,4,storage_mixed_k700,17,,11297,91722,2,0.0876,5.0226,50.4372,5.9354,61.6524,1.4877,11,0,0,0,3,0,0,0,1,305,6,5,54.55,0,0,0,0,0,0,0,0
pbt,bintrie,5,4,storage_mixed_k700,17,,11298,15906950,1,102.7529,45.3953,45.2072,17.6084,211.122,75.3448,707,2338,701,19905,129,0,181,0,0,0,166,541,23.48,993,1345,42.47,701,0,100,19905,0
pbt,bintrie,5,4,storage_mixed_k700,17,,11299,21000,1,0.206,7.7432,7.5739,0.5264,16.2765,1.2902,6,0,0,0,2,0,0,0,0,0,0,6,0,0,0,0,0,0,0,0,0
pbt,bintrie,5,4,storage_mixed_k700,18,,11300,0,0,0.0602,0.6954,0.0018,0.1867,1.207,0,4,0,0,0,0,0,0,0,0,0,0,4,0,0,0,0,0,0,0,0,0
pbt,bintrie,5,4,storage_mixed_k700,18,,11301,0,0,0.0257,0.9139,0.0018,3.0451,4.506,0,4,0,0,0,0,0,0,0,0,0,0,4,0,0,0,0,0,0,0,0,0
pbt,bintrie,5,4,storage_mixed_k700,18,,11302,0,0,0.0325,2.6995,0.0016,0.1188,3.0073,0,4,0,0,0,0,0,0,0,0,0,0,4,0,0,0,0,0,0,0,0,0
pbt,bintrie,5,4,storage_mixed_k700,18,,11303,0,0,0.1414,27.7636,0.0021,0.1311,32.5109,0,4,0,0,0,0,0,0,0,0,0,0,4,0,0,0,0,0,0,0,0,0
pbt,bintrie,5,4,storage_mixed_k700,18,,11304,91722,2,0.1181,8.8713,53.4585,4.5419,67.176,1.3654,11,0,0,0,3,0,0,0,1,305,6,5,54.55,0,0,0,0,0,0,0,0
pbt,bintrie,5,4,storage_mixed_k700,18,,11305,15906950,1,109.94,44.6223,31.0846,11.973,197.8602,80.3949,707,2338,701,19905,129,0,181,0,0,0,269,438,38.05,1003,1335,42.9,701,0,100,19905,0
pbt,bintrie,5,4,storage_mixed_k700,18,,11306,21000,1,0.2486,23.4486,4.6158,0.5436,29.253,0.7179,6,0,0,0,2,0,0,0,0,0,1,5,16.67,0,0,0,0,0,0,0,0
pbt,bintrie,5,4,storage_mixed_k700,19,,11307,0,0,0.0897,73.2055,0.003,0.2406,75.9518,0,4,0,0,0,0,0,0,0,0,0,0,4,0,0,0,0,0,0,0,0,0
pbt,bintrie,5,4,storage_mixed_k700,19,,11308,0,0,0.0405,58.6595,0.0022,0.1523,59.0208,0,4,0,0,0,0,0,0,0,0,0,0,4,0,0,0,0,0,0,0,0,0
pbt,bintrie,5,4,storage_mixed_k700,19,,11309,0,0,0.0259,3.307,0.0043,0.1105,3.6208,0,4,0,0,0,0,0,0,0,0,0,0,4,0,0,0,0,0,0,0,0,0
pbt,bintrie,5,4,storage_mixed_k700,19,,11310,0,0,0.044,52.8249,0.0023,0.1234,53.1634,0,4,0,0,0,0,0,0,0,0,0,0,4,0,0,0,0,0,0,0,0,0
pbt,bintrie,5,4,storage_mixed_k700,19,,11311,91722,2,0.3859,2.5368,40.8266,5.4607,49.4066,1.8565,11,0,0,0,3,0,0,0,1,305,4,7,36.36,0,0,0,0,0,0,0,0
pbt,bintrie,5,4,storage_mixed_k700,19,,11312,15906950,1,99.2605,52.6461,46.46,22.3584,221.1698,71.9219,707,2338,701,19905,129,0,181,0,0,0,16,691,2.26,615,1723,26.3,701,0,100,19905,0
pbt,bintrie,5,4,storage_mixed_k700,19,,11313,21000,1,0.2225,31.677,12.2742,0.5906,45.0589,0.4661,6,0,0,0,2,0,0,0,0,0,0,6,0,0,0,0,0,0,0,0,0
pbt,bintrie,5,4,storage_mixed_k700,19,,11314,0,0,0.0502,44.2484,0.0023,0.1286,44.7196,0,4,0,0,0,0,0,0,0,0,0,0,4,0,0,0,0,0,0,0,0,0
pbt,bintrie,5,4,storage_mixed_k700,1,,11165,0,0,0.0618,24.5188,0.0027,0.3259,25.1664,0,4,0,0,0,0,0,0,0,0,0,0,4,0,0,0,0,0,0,0,0,0
pbt,bintrie,5,4,storage_mixed_k700,1,,11166,0,0,0.0262,2.0124,0.0023,0.6934,3.2005,0,4,0,0,0,0,0,0,0,0,0,0,4,0,0,0,0,0,0,0,0,0
pbt,bintrie,5,4,storage_mixed_k700,1,,11167,0,0,0.0362,90.9547,0.0035,0.1494,91.4194,0,4,0,0,0,0,0,0,0,0,0,0,4,0,0,0,0,0,0,0,0,0
pbt,bintrie,5,4,storage_mixed_k700,1,,11168,0,0,0.1227,17.9754,0.003,0.1809,18.458,0,4,0,0,0,0,0,0,0,0,0,0,4,0,0,0,0,0,0,0,0,0
pbt,bintrie,5,4,storage_mixed_k700,1,,11169,91722,2,0.0855,2.8458,0.4719,5.5688,10.9515,8.3753,11,0,0,0,3,0,0,0,1,305,7,4,63.64,0,0,0,0,0,0,0,0
pbt,bintrie,5,4,storage_mixed_k700,1,,11170,15906950,1,84.3217,42.9106,87.4951,9.2632,224.3729,70.8951,707,2338,701,19905,129,0,181,0,0,0,151,556,21.36,462,1876,19.76,701,0,100,19905,0
pbt,bintrie,5,4,storage_mixed_k700,1,,11171,21000,1,0.0797,3.8438,43.8216,0.9783,49.6317,0.4231,6,0,0,0,2,0,0,0,0,0,2,4,33.33,0,0,0,0,0,0,0,0
pbt,bintrie,5,4,storage_mixed_k700,1,,11172,0,0,0.0296,11.5364,0.0029,0.1751,11.9777,0,4,0,0,0,0,0,0,0,0,0,0,4,0,0,0,0,0,0,0,0,0
pbt,bintrie,5,4,storage_mixed_k700,20,,11315,0,0,0.0891,7.6654,0.0024,0.3309,8.3281,0,4,0,0,0,0,0,0,0,0,0,0,4,0,0,0,0,0,0,0,0,0
pbt,bintrie,5,4,storage_mixed_k700,20,,11316,0,0,0.0263,0.828,0.0017,0.9067,2.2852,0,4,0,0,0,0,0,0,0,0,0,0,4,0,0,0,0,0,0,0,0,0
pbt,bintrie,5,4,storage_mixed_k700,20,,11317,0,0,0.0478,0.8828,0.0019,0.1683,1.3512,0,4,0,0,0,0,0,0,0,0,0,0,4,0,0,0,0,0,0,0,0,0
pbt,bintrie,5,4,storage_mixed_k700,20,,11318,0,0,0.0275,1.0367,0.0033,0.9665,3.0957,0,4,0,0,0,0,0,0,0,0,0,0,4,0,0,0,0,0,0,0,0,0
pbt,bintrie,5,4,storage_mixed_k700,20,,11319,91722,2,0.1172,0.8692,43.656,5.1438,59.8169,1.5334,11,0,0,0,3,0,0,0,1,305,5,6,45.45,0,0,0,0,0,0,0,0
pbt,bintrie,5,4,storage_mixed_k700,20,,11320,15906950,1,93.9608,46.5453,58.4195,8.9355,208.2249,76.3931,707,2338,701,19905,129,0,181,0,0,0,225,482,31.82,878,1460,37.55,701,0,100,19905,0
pbt,bintrie,5,4,storage_mixed_k700,20,,11321,21000,1,0.124,47.52,13.8822,0.7198,62.4524,0.3363,6,0,0,0,2,0,0,0,0,0,2,4,33.33,0,0,0,0,0,0,0,0
pbt,bintrie,5,4,storage_mixed_k700,20,,11322,0,0,0.0551,40.748,0.0035,0.21,41.2943,0,4,0,0,0,0,0,0,0,0,0,0,4,0,0,0,0,0,0,0,0,0
pbt,bintrie,5,4,storage_mixed_k700,2,,11173,0,0,0.0322,4.9976,0.0018,0.1786,5.6115,0,4,0,0,0,0,0,0,0,0,0,0,4,0,0,0,0,0,0,0,0,0
pbt,bintrie,5,4,storage_mixed_k700,2,,11174,0,0,0.0387,16.4016,0.0028,0.1662,16.77,0,4,0,0,0,0,0,0,0,0,0,0,4,0,0,0,0,0,0,0,0,0
pbt,bintrie,5,4,storage_mixed_k700,2,,11175,0,0,0.0387,34.7681,0.002,0.311,35.4517,0,4,0,0,0,0,0,0,0,0,0,0,4,0,0,0,0,0,0,0,0,0
pbt,bintrie,5,4,storage_mixed_k700,2,,11176,0,0,0.0353,2.9474,0.0022,0.6605,4.9606,0,4,0,0,0,0,0,0,0,0,0,0,4,0,0,0,0,0,0,0,0,0
pbt,bintrie,5,4,storage_mixed_k700,2,,11177,91722,2,0.358,4.4004,25.1492,5.3465,35.4729,2.5857,11,0,0,0,3,0,0,0,1,305,4,7,36.36,0,0,0,0,0,0,0,0
pbt,bintrie,5,4,storage_mixed_k700,2,,11178,15906950,1,105.1036,40.6758,72.921,9.2056,228.3281,69.6671,707,2338,701,19905,129,0,181,0,0,0,114,593,16.12,631,1707,26.99,701,0,100,19905,0
pbt,bintrie,5,4,storage_mixed_k700,2,,11179,21000,1,0.0814,7.0016,13.6873,0.596,21.5674,0.9737,6,0,0,0,2,0,0,0,0,0,2,4,33.33,0,0,0,0,0,0,0,0
pbt,bintrie,5,4,storage_mixed_k700,2,,11180,0,0,0.0332,13.7203,0.003,0.1637,14.1076,0,4,0,0,0,0,0,0,0,0,0,0,4,0,0,0,0,0,0,0,0,0
pbt,bintrie,5,4,storage_mixed_k700,3,,11181,0,0,0.062,23.6694,0.0037,1.4106,56.4945,0,4,0,0,0,0,0,0,0,0,0,0,4,0,0,0,0,0,0,0,0,0
pbt,bintrie,5,4,storage_mixed_k700,3,,11182,0,0,0.0443,0.9064,0.0016,0.1818,1.3304,0,4,0,0,0,0,0,0,0,0,0,0,4,0,0,0,0,0,0,0,0,0
pbt,bintrie,5,4,storage_mixed_k700,3,,11183,0,0,0.0354,32.0428,0.0034,0.1964,32.4809,0,4,0,0,0,0,0,0,0,0,0,0,4,0,0,0,0,0,0,0,0,0
pbt,bintrie,5,4,storage_mixed_k700,3,,11184,0,0,0.0304,16.8295,0.0062,0.1966,17.2153,0,4,0,0,0,0,0,0,0,0,0,0,4,0,0,0,0,0,0,0,0,0
pbt,bintrie,5,4,storage_mixed_k700,3,,11185,91722,2,0.3385,13.2476,35.932,5.5029,55.2214,1.661,11,0,0,0,3,0,0,0,1,305,4,7,36.36,0,0,0,0,0,0,0,0
pbt,bintrie,5,4,storage_mixed_k700,3,,11186,15906950,1,91.5795,63.5795,33.4309,8.8335,198.2169,80.2502,707,2338,701,19905,129,0,181,0,0,0,174,533,24.61,1078,1260,46.11,701,0,100,19905,0
pbt,bintrie,5,4,storage_mixed_k700,3,,11187,21000,1,0.1218,26.9612,2.2329,0.52,30.0645,0.6985,6,0,0,0,2,0,0,0,0,0,2,4,33.33,0,0,0,0,0,0,0,0
pbt,bintrie,5,4,storage_mixed_k700,3,,11188,0,0,0.068,11.1275,0.0026,0.1565,11.5764,0,4,0,0,0,0,0,0,0,0,0,0,4,0,0,0,0,0,0,0,0,0
pbt,bintrie,5,4,storage_mixed_k700,4,,11189,0,0,0.119,0.8946,0.0023,7.1211,10.019,0,4,0,0,0,0,0,0,0,0,0,0,4,0,0,0,0,0,0,0,0,0
pbt,bintrie,5,4,storage_mixed_k700,4,,11190,0,0,0.0302,1.0446,0.0035,0.3015,9.2101,0,4,0,0,0,0,0,0,0,0,0,0,4,0,0,0,0,0,0,0,0,0
pbt,bintrie,5,4,storage_mixed_k700,4,,11191,0,0,0.0399,20.6896,0.0037,0.1586,21.6717,0,4,0,0,0,0,0,0,0,0,0,0,4,0,0,0,0,0,0,0,0,0
pbt,bintrie,5,4,storage_mixed_k700,4,,11192,0,0,0.0315,3.1317,0.0023,2.6079,5.9292,0,4,0,0,0,0,0,0,0,0,0,0,4,0,0,0,0,0,0,0,0,0
pbt,bintrie,5,4,storage_mixed_k700,4,,11193,91722,2,0.338,3.4422,30.4686,4.9703,44.9205,2.0419,11,0,0,0,3,0,0,0,1,305,4,7,36.36,0,0,0,0,0,0,0,0
pbt,bintrie,5,4,storage_mixed_k700,4,,11194,15906950,1,122.4812,33.6706,70.4361,9.054,236.1518,67.359,707,2338,701,19905,129,0,181,0,0,0,24,683,3.39,187,2151,8.0,701,0,100,19905,0
pbt,bintrie,5,4,storage_mixed_k700,4,,11195,21000,1,0.0663,2.5218,2.4355,0.5278,5.73,3.6649,6,0,0,0,2,0,0,0,0,0,2,4,33.33,0,0,0,0,0,0,0,0
pbt,bintrie,5,4,storage_mixed_k700,4,,11196,0,0,0.0575,26.9817,0.0044,0.4547,28.134,0,4,0,0,0,0,0,0,0,0,0,0,4,0,0,0,0,0,0,0,0,0
pbt,bintrie,5,4,storage_mixed_k700,5,,11197,0,0,0.1797,69.095,0.0033,0.2276,73.5729,0,4,0,0,0,0,0,0,0,0,0,0,4,0,0,0,0,0,0,0,0,0
pbt,bintrie,5,4,storage_mixed_k700,5,,11198,0,0,0.0494,22.8681,0.0027,0.2327,23.5076,0,4,0,0,0,0,0,0,0,0,0,0,4,0,0,0,0,0,0,0,0,0
pbt,bintrie,5,4,storage_mixed_k700,5,,11199,0,0,0.0468,46.36,0.0029,0.1327,46.716,0,4,0,0,0,0,0,0,0,0,0,0,4,0,0,0,0,0,0,0,0,0
pbt,bintrie,5,4,storage_mixed_k700,5,,11200,0,0,0.0387,0.8849,0.0041,0.1702,1.3214,0,4,0,0,0,0,0,0,0,0,0,0,4,0,0,0,0,0,0,0,0,0
pbt,bintrie,5,4,storage_mixed_k700,5,,11201,91722,2,0.2636,14.786,2.6309,5.7122,23.5944,3.8874,11,0,0,0,3,0,0,0,1,305,6,5,54.55,0,0,0,0,0,0,0,0
pbt,bintrie,5,4,storage_mixed_k700,5,,11202,15906950,1,102.5294,58.4667,44.6942,21.6554,227.8638,69.809,707,2338,701,19905,129,0,181,0,0,0,74,633,10.47,293,2045,12.53,701,0,100,19905,0
pbt,bintrie,5,4,storage_mixed_k700,5,,11203,21000,1,0.0848,6.983,3.2451,0.881,11.3683,1.8472,6,0,0,0,2,0,0,0,0,0,2,4,33.33,0,0,0,0,0,0,0,0
pbt,bintrie,5,4,storage_mixed_k700,5,,11204,0,0,0.0279,2.8334,0.0014,0.1195,3.1408,0,4,0,0,0,0,0,0,0,0,0,0,4,0,0,0,0,0,0,0,0,0
pbt,bintrie,5,4,storage_mixed_k700,6,,11205,0,0,0.0662,21.8397,0.0037,0.3195,22.4611,0,4,0,0,0,0,0,0,0,0,0,0,4,0,0,0,0,0,0,0,0,0
pbt,bintrie,5,4,storage_mixed_k700,6,,11206,0,0,0.0261,1.0034,0.0036,0.221,4.7358,0,4,0,0,0,0,0,0,0,0,0,0,4,0,0,0,0,0,0,0,0,0
pbt,bintrie,5,4,storage_mixed_k700,6,,11207,0,0,0.0356,6.8421,0.0023,0.1341,7.1414,0,4,0,0,0,0,0,0,0,0,0,0,4,0,0,0,0,0,0,0,0,0
pbt,bintrie,5,4,storage_mixed_k700,6,,11208,0,0,0.0303,3.5085,0.0031,6.5051,20.5299,0,4,0,0,0,0,0,0,0,0,0,0,4,0,0,0,0,0,0,0,0,0
pbt,bintrie,5,4,storage_mixed_k700,6,,11209,91722,2,0.1262,3.1693,2.7289,4.9605,11.2241,8.1719,11,0,0,0,3,0,0,0,1,305,7,4,63.64,0,0,0,0,0,0,0,0
pbt,bintrie,5,4,storage_mixed_k700,6,,11210,15906950,1,100.0228,29.4359,75.3536,9.0919,214.2835,74.2332,707,2338,701,19905,129,0,181,0,0,0,173,534,24.47,441,1897,18.86,701,0,100,19905,0
pbt,bintrie,5,4,storage_mixed_k700,6,,11211,21000,1,0.2322,5.5306,9.6013,0.4822,16.0365,1.3095,6,0,0,0,2,0,0,0,0,0,0,6,0,0,0,0,0,0,0,0,0
pbt,bintrie,5,4,storage_mixed_k700,6,,11212,0,0,0.0437,0.8965,0.0017,0.1663,1.4007,0,4,0,0,0,0,0,0,0,0,0,0,4,0,0,0,0,0,0,0,0,0
pbt,bintrie,5,4,storage_mixed_k700,7,,11213,0,0,0.0313,1.4264,0.0037,0.3647,19.9175,0,4,0,0,0,0,0,0,0,0,0,0,4,0,0,0,0,0,0,0,0,0
pbt,bintrie,5,4,storage_mixed_k700,7,,11214,0,0,0.0308,1.107,0.0023,0.2501,4.1621,0,4,0,0,0,0,0,0,0,0,0,0,4,0,0,0,0,0,0,0,0,0
pbt,bintrie,5,4,storage_mixed_k700,7,,11215,0,0,0.0518,24.5045,0.0021,0.1293,32.648,0,4,0,0,0,0,0,0,0,0,0,0,4,0,0,0,0,0,0,0,0,0
pbt,bintrie,5,4,storage_mixed_k700,7,,11216,0,0,0.052,42.2096,0.0035,0.1736,42.6337,0,4,0,0,0,0,0,0,0,0,0,0,4,0,0,0,0,0,0,0,0,0
pbt,bintrie,5,4,storage_mixed_k700,7,,11217,91722,2,0.1606,28.6158,0.7818,5.3762,35.1737,2.6077,11,0,0,0,3,0,0,0,1,305,5,6,45.45,0,0,0,0,0,0,0,0
pbt,bintrie,5,4,storage_mixed_k700,7,,11218,15906950,1,97.0207,36.3367,47.0471,8.6735,189.2641,84.0463,707,2338,701,19905,129,0,181,0,0,0,110,597,15.56,434,1904,18.56,701,0,100,19905,0
pbt,bintrie,5,4,storage_mixed_k700,7,,11219,21000,1,0.0552,2.6155,2.4592,0.546,5.8323,3.6007,6,0,0,0,2,0,0,0,0,0,2,4,33.33,0,0,0,0,0,0,0,0
pbt,bintrie,5,4,storage_mixed_k700,7,,11220,0,0,0.031,2.9405,0.0027,1.0282,4.4978,0,4,0,0,0,0,0,0,0,0,0,0,4,0,0,0,0,0,0,0,0,0
pbt,bintrie,5,4,storage_mixed_k700,8,,11221,0,0,0.0605,0.7771,0.0017,0.2327,1.4635,0,4,0,0,0,0,0,0,0,0,0,0,4,0,0,0,0,0,0,0,0,0
pbt,bintrie,5,4,storage_mixed_k700,8,,11222,0,0,0.0539,1.6356,0.0023,0.1646,2.5382,0,4,0,0,0,0,0,0,0,0,0,0,4,0,0,0,0,0,0,0,0,0
pbt,bintrie,5,4,storage_mixed_k700,8,,11223,0,0,0.0797,2.8953,0.0027,0.123,3.517,0,4,0,0,0,0,0,0,0,0,0,0,4,0,0,0,0,0,0,0,0,0
pbt,bintrie,5,4,storage_mixed_k700,8,,11224,0,0,0.0554,3.0808,0.0025,0.3936,4.3272,0,4,0,0,0,0,0,0,0,0,0,0,4,0,0,0,0,0,0,0,0,0
pbt,bintrie,5,4,storage_mixed_k700,8,,11225,91722,2,0.1091,3.05,24.2028,6.1916,33.697,2.722,11,0,0,0,3,0,0,0,1,305,6,5,54.55,0,0,0,0,0,0,0,0
pbt,bintrie,5,4,storage_mixed_k700,8,,11226,15906950,1,102.0787,26.5797,52.3356,8.9045,190.39,83.5493,707,2338,701,19905,129,0,181,0,0,0,181,526,25.6,1633,705,69.85,701,0,100,19905,0
pbt,bintrie,5,4,storage_mixed_k700,8,,11227,21000,1,0.0578,2.4661,4.3125,0.7829,8.3541,2.5138,6,0,0,0,2,0,0,0,0,0,2,4,33.33,0,0,0,0,0,0,0,0
pbt,bintrie,5,4,storage_mixed_k700,8,,11228,0,0,0.0424,11.3132,0.0033,0.1952,11.7191,0,4,0,0,0,0,0,0,0,0,0,0,4,0,0,0,0,0,0,0,0,0
pbt,bintrie,5,4,storage_mixed_k700,9,,11229,0,0,0.0652,0.7984,0.0018,0.2151,1.3892,0,4,0,0,0,0,0,0,0,0,0,0,4,0,0,0,0,0,0,0,0,0
pbt,bintrie,5,4,storage_mixed_k700,9,,11230,0,0,0.0286,5.0914,0.0017,0.2176,5.5336,0,4,0,0,0,0,0,0,0,0,0,0,4,0,0,0,0,0,0,0,0,0
pbt,bintrie,5,4,storage_mixed_k700,9,,11231,0,0,0.0303,2.5717,0.0015,0.1201,2.8701,0,4,0,0,0,0,0,0,0,0,0,0,4,0,0,0,0,0,0,0,0,0
pbt,bintrie,5,4,storage_mixed_k700,9,,11232,0,0,0.0422,4.5223,0.0032,4.9,14.7928,0,4,0,0,0,0,0,0,0,0,0,0,4,0,0,0,0,0,0,0,0,0
pbt,bintrie,5,4,storage_mixed_k700,9,,11233,91722,2,0.367,20.9703,2.6299,5.2585,29.4491,3.1146,11,0,0,0,3,0,0,0,1,305,4,7,36.36,0,0,0,0,0,0,0,0
pbt,bintrie,5,4,storage_mixed_k700,9,,11234,15906950,1,99.8415,53.3908,30.3257,12.7866,196.6737,80.8799,707,2338,701,19905,129,0,181,0,0,0,548,159,77.51,763,1575,32.63,701,0,100,19905,0
pbt,bintrie,5,4,storage_mixed_k700,9,,11235,21000,1,0.0603,2.6847,2.1874,0.4498,5.5558,3.7798,6,0,0,0,2,0,0,0,0,0,2,4,33.33,0,0,0,0,0,0,0,0
pbt,bintrie,5,4,storage_mixed_k700,9,,11236,0,0,0.0394,15.2311,0.0039,0.6332,16.4123,0,4,0,0,0,0,0,0,0,0,0,0,4,0,0,0,0,0,0,0,0,0
pbt,bintrie,5,4,storage_sload_k1,10,,9184,0,0,0.0619,13.9484,0.0032,1.4779,17.5652,0,4,0,0,0,0,0,0,0,0,0,0,4,0,0,0,0,0,0,0,0,0
pbt,bintrie,5,4,storage_sload_k1,10,,9185,0,0,0.0475,0.8708,0.002,0.1529,1.3546,0,4,0,0,0,0,0,0,0,0,0,0,4,0,0,0,0,0,0,0,0,0
pbt,bintrie,5,4,storage_sload_k1,10,,9186,0,0,0.0521,27.2654,0.0025,0.1019,32.0533,0,4,0,0,0,0,0,0,0,0,0,0,4,0,0,0,0,0,0,0,0,0
pbt,bintrie,5,4,storage_sload_k1,10,,9187,0,0,0.0408,50.2649,0.0025,0.1454,50.6146,0,4,0,0,0,0,0,0,0,0,0,0,4,0,0,0,0,0,0,0,0,0
pbt,bintrie,5,4,storage_sload_k1,10,,9188,86132,2,2.3284,3.1803,17.8854,8.3853,32.611,2.6412,11,0,0,0,3,0,0,0,1,155,5,6,45.45,0,0,0,0,0,0,0,0
pbt,bintrie,5,4,storage_sload_k1,10,,9189,15900059,1,289.4735,11.5043,2.7584,1.359,305.3948,52.0639,8,702,2,183,2,0,0,0,0,0,4,4,50,230,472,32.76,2,0,100,183,0
pbt,bintrie,5,4,storage_sload_k1,10,,9190,21000,1,0.1068,2.4671,34.2647,1.2292,38.2245,0.5494,6,0,0,0,2,0,0,0,0,0,2,4,33.33,0,0,0,0,0,0,0,0
pbt,bintrie,5,4,storage_sload_k1,11,,9191,0,0,0.0892,30.139,0.0035,0.36,30.9166,0,4,0,0,0,0,0,0,0,0,0,0,4,0,0,0,0,0,0,0,0,0
pbt,bintrie,5,4,storage_sload_k1,11,,9192,0,0,0.0686,14.0589,0.0033,0.2143,14.5788,0,4,0,0,0,0,0,0,0,0,0,0,4,0,0,0,0,0,0,0,0,0
pbt,bintrie,5,4,storage_sload_k1,11,,9193,0,0,0.0504,66.8599,0.0032,0.4299,67.9302,0,4,0,0,0,0,0,0,0,0,0,0,4,0,0,0,0,0,0,0,0,0
pbt,bintrie,5,4,storage_sload_k1,11,,9194,0,0,0.045,54.5017,0.0022,0.1581,54.9071,0,4,0,0,0,0,0,0,0,0,0,0,4,0,0,0,0,0,0,0,0,0
pbt,bintrie,5,4,storage_sload_k1,11,,9195,86132,2,0.1995,16.8829,21.7487,4.997,44.1482,1.951,11,0,0,0,3,0,0,0,1,155,5,6,45.45,0,0,0,0,0,0,0,0
pbt,bintrie,5,4,storage_sload_k1,11,,9196,15900059,1,337.3149,29.8192,2.8902,1.3328,371.6721,42.7798,8,702,2,183,2,0,0,0,0,0,3,5,37.5,113,589,16.1,2,0,100,183,0
pbt,bintrie,5,4,storage_sload_k1,11,,9197,21000,1,0.2116,2.9134,46.4162,0.7737,50.5081,0.4158,6,0,0,0,2,0,0,0,0,0,2,4,33.33,0,0,0,0,0,0,0,0
pbt,bintrie,5,4,storage_sload_k1,11,,9198,0,0,0.0337,3.2297,0.0015,0.1262,3.5525,0,4,0,0,0,0,0,0,0,0,0,0,4,0,0,0,0,0,0,0,0,0
pbt,bintrie,5,4,storage_sload_k1,12,,9199,0,0,0.0554,19.831,0.0028,0.2858,20.4488,0,4,0,0,0,0,0,0,0,0,0,0,4,0,0,0,0,0,0,0,0,0
pbt,bintrie,5,4,storage_sload_k1,12,,9200,0,0,0.0356,21.2945,0.0034,0.2287,22.2585,0,4,0,0,0,0,0,0,0,0,0,0,4,0,0,0,0,0,0,0,0,0
pbt,bintrie,5,4,storage_sload_k1,12,,9201,0,0,0.0456,50.9911,0.0027,0.1795,53.1928,0,4,0,0,0,0,0,0,0,0,0,0,4,0,0,0,0,0,0,0,0,0
pbt,bintrie,5,4,storage_sload_k1,12,,9202,0,0,0.0613,21.6226,0.0026,0.2126,22.1185,0,4,0,0,0,0,0,0,0,0,0,0,4,0,0,0,0,0,0,0,0,0
pbt,bintrie,5,4,storage_sload_k1,12,,9203,0,0,0.0605,21.1883,0.0024,0.1307,30.6386,0,4,0,0,0,0,0,0,0,0,0,0,4,0,0,0,0,0,0,0,0,0
pbt,bintrie,5,4,storage_sload_k1,12,,9204,86132,2,0.1187,54.3759,5.2868,5.0188,64.9886,1.3253,11,0,0,0,3,0,0,0,1,155,5,6,45.45,0,0,0,0,0,0,0,0
pbt,bintrie,5,4,storage_sload_k1,12,,9205,15900059,1,278.8062,21.7295,3.741,1.2029,312.7146,50.8453,8,702,2,183,2,0,0,0,0,0,1,7,12.5,0,702,0,2,0,100,183,0
pbt,bintrie,5,4,storage_sload_k1,12,,9206,21000,1,0.0939,24.5212,5.5865,0.8843,31.2982,0.671,6,0,0,0,2,0,0,0,0,0,2,4,33.33,0,0,0,0,0,0,0,0
pbt,bintrie,5,4,storage_sload_k1,13,,9207,0,0,0.0583,18.3653,0.0094,0.3075,20.4357,0,4,0,0,0,0,0,0,0,0,0,0,4,0,0,0,0,0,0,0,0,0
pbt,bintrie,5,4,storage_sload_k1,13,,9208,0,0,0.053,37.8345,0.003,0.1792,38.2723,0,4,0,0,0,0,0,0,0,0,0,0,4,0,0,0,0,0,0,0,0,0
pbt,bintrie,5,4,storage_sload_k1,13,,9209,0,0,0.0317,2.7131,0.0021,0.0845,2.9842,0,4,0,0,0,0,0,0,0,0,0,0,4,0,0,0,0,0,0,0,0,0
pbt,bintrie,5,4,storage_sload_k1,13,,9210,0,0,0.0466,24.8061,0.0032,0.2161,25.2793,0,4,0,0,0,0,0,0,0,0,0,0,4,0,0,0,0,0,0,0,0,0
pbt,bintrie,5,4,storage_sload_k1,13,,9211,86132,2,0.1627,19.3311,0.912,6.1331,26.7464,3.2203,11,0,0,0,3,0,0,0,1,155,5,6,45.45,0,0,0,0,0,0,0,0
pbt,bintrie,5,4,storage_sload_k1,13,,9212,15900059,1,351.1563,18.6058,3.2255,0.9132,377.6421,42.1035,8,702,2,183,2,0,0,0,0,0,3,5,37.5,149,553,21.23,2,0,100,183,0
pbt,bintrie,5,4,storage_sload_k1,13,,9213,21000,1,0.1177,4.2805,49.726,0.6635,55.4249,0.3789,6,0,0,0,2,0,0,0,0,0,2,4,33.33,0,0,0,0,0,0,0,0
pbt,bintrie,5,4,storage_sload_k1,14,,9214,0,0,0.0454,31.4624,0.0031,0.305,32.0901,0,4,0,0,0,0,0,0,0,0,0,0,4,0,0,0,0,0,0,0,0,0
pbt,bintrie,5,4,storage_sload_k1,14,,9215,0,0,0.0544,19.2746,0.0026,0.2423,19.7845,0,4,0,0,0,0,0,0,0,0,0,0,4,0,0,0,0,0,0,0,0,0
pbt,bintrie,5,4,storage_sload_k1,14,,9216,0,0,0.0491,16.0097,0.0025,0.1547,16.6242,0,4,0,0,0,0,0,0,0,0,0,0,4,0,0,0,0,0,0,0,0,0
pbt,bintrie,5,4,storage_sload_k1,14,,9217,0,0,0.0422,18.363,0.0028,0.1638,18.7787,0,4,0,0,0,0,0,0,0,0,0,0,4,0,0,0,0,0,0,0,0,0
pbt,bintrie,5,4,storage_sload_k1,14,,9218,86132,2,0.2868,62.8794,1.3384,5.0652,69.8147,1.2337,11,0,0,0,3,0,0,0,1,155,4,7,36.36,0,0,0,0,0,0,0,0
pbt,bintrie,5,4,storage_sload_k1,14,,9219,15900059,1,264.349,22.8931,3.2174,1.1149,291.8173,54.4864,8,702,2,183,2,0,0,0,0,0,2,6,25,207,495,29.49,2,0,100,183,0
pbt,bintrie,5,4,storage_sload_k1,14,,9220,21000,1,0.0823,2.7153,7.4004,0.8508,11.3096,1.8568,6,0,0,0,2,0,0,0,0,0,2,4,33.33,0,0,0,0,0,0,0,0
pbt,bintrie,5,4,storage_sload_k1,15,,9221,0,0,0.1412,51.5324,0.0026,0.5075,53.6269,0,4,0,0,0,0,0,0,0,0,0,0,4,0,0,0,0,0,0,0,0,0
pbt,bintrie,5,4,storage_sload_k1,15,,9222,0,0,0.0423,35.3175,0.0032,0.1617,35.7268,0,4,0,0,0,0,0,0,0,0,0,0,4,0,0,0,0,0,0,0,0,0
pbt,bintrie,5,4,storage_sload_k1,15,,9223,0,0,0.0481,56.7222,0.0042,0.157,58.0754,0,4,0,0,0,0,0,0,0,0,0,0,4,0,0,0,0,0,0,0,0,0
pbt,bintrie,5,4,storage_sload_k1,15,,9224,0,0,0.0443,35.4239,0.003,0.3568,36.215,0,4,0,0,0,0,0,0,0,0,0,0,4,0,0,0,0,0,0,0,0,0
pbt,bintrie,5,4,storage_sload_k1,15,,9225,86132,2,0.1457,2.8985,1.0898,9.2687,18.083,4.7632,11,0,0,0,3,0,0,0,1,155,5,6,45.45,0,0,0,0,0,0,0,0
pbt,bintrie,5,4,storage_sload_k1,15,,9226,15900059,1,262.0374,21.2899,2.8978,0.956,295.6715,53.7761,8,702,2,183,2,0,0,0,0,0,4,4,50,166,536,23.65,2,0,100,183,0
pbt,bintrie,5,4,storage_sload_k1,15,,9227,21000,1,0.0672,3.9272,2.9314,0.8404,7.9494,2.6417,6,0,0,0,2,0,0,0,0,0,2,4,33.33,0,0,0,0,0,0,0,0
pbt,bintrie,5,4,storage_sload_k1,16,,9228,0,0,0.063,37.0785,0.0034,0.2533,43.4754,0,4,0,0,0,0,0,0,0,0,0,0,4,0,0,0,0,0,0,0,0,0
pbt,bintrie,5,4,storage_sload_k1,16,,9229,0,0,0.1166,0.9136,0.0026,0.2186,1.446,0,4,0,0,0,0,0,0,0,0,0,0,4,0,0,0,0,0,0,0,0,0
pbt,bintrie,5,4,storage_sload_k1,16,,9230,0,0,0.0309,2.7498,0.0021,0.5818,3.9388,0,4,0,0,0,0,0,0,0,0,0,0,4,0,0,0,0,0,0,0,0,0
pbt,bintrie,5,4,storage_sload_k1,16,,9231,0,0,0.0511,23.1745,0.0103,0.1944,23.7354,0,4,0,0,0,0,0,0,0,0,0,0,4,0,0,0,0,0,0,0,0,0
pbt,bintrie,5,4,storage_sload_k1,16,,9232,86132,2,0.0991,4.7714,2.3211,5.4985,12.8594,6.698,11,0,0,0,3,0,0,0,1,155,5,6,45.45,0,0,0,0,0,0,0,0
pbt,bintrie,5,4,storage_sload_k1,16,,9233,15900059,1,277.8706,7.7262,3.1911,1.1952,290.3053,54.7701,8,702,2,183,2,0,0,0,0,0,2,6,25,505,197,71.94,2,0,100,183,0
pbt,bintrie,5,4,storage_sload_k1,16,,9234,21000,1,0.0725,2.6349,2.5985,0.6396,6.1199,3.4315,6,0,0,0,2,0,0,0,0,0,2,4,33.33,0,0,0,0,0,0,0,0
pbt,bintrie,5,4,storage_sload_k1,17,,9235,0,0,0.059,31.7524,0.0032,0.3317,33.6141,0,4,0,0,0,0,0,0,0,0,0,0,4,0,0,0,0,0,0,0,0,0
pbt,bintrie,5,4,storage_sload_k1,17,,9236,0,0,0.0369,20.1344,0.0033,0.2031,20.6912,0,4,0,0,0,0,0,0,0,0,0,0,4,0,0,0,0,0,0,0,0,0
pbt,bintrie,5,4,storage_sload_k1,17,,9237,0,0,0.0975,41.985,0.0033,0.2043,49.365,0,4,0,0,0,0,0,0,0,0,0,0,4,0,0,0,0,0,0,0,0,0
pbt,bintrie,5,4,storage_sload_k1,17,,9238,0,0,0.05,29.2558,0.0099,0.2003,29.7105,0,4,0,0,0,0,0,0,0,0,0,0,4,0,0,0,0,0,0,0,0,0
pbt,bintrie,5,4,storage_sload_k1,17,,9239,86132,2,0.2189,0.7086,7.5916,5.0309,13.7012,6.2865,11,0,0,0,3,0,0,0,1,155,6,5,54.55,0,0,0,0,0,0,0,0
pbt,bintrie,5,4,storage_sload_k1,17,,9240,15900059,1,268.3368,18.2963,5.8558,1.3976,294.1876,54.0473,8,702,2,183,2,0,0,0,0,0,2,6,25,272,430,38.75,2,0,100,183,0
pbt,bintrie,5,4,storage_sload_k1,17,,9241,21000,1,0.0947,2.7701,12.4401,0.904,16.5911,1.2657,6,0,0,0,2,0,0,0,0,0,2,4,33.33,0,0,0,0,0,0,0,0
pbt,bintrie,5,4,storage_sload_k1,18,,9242,0,0,0.0696,24.9211,0.0021,0.2181,26.4562,0,4,0,0,0,0,0,0,0,0,0,0,4,0,0,0,0,0,0,0,0,0
pbt,bintrie,5,4,storage_sload_k1,18,,9243,0,0,0.0301,21.5883,0.0032,0.2353,22.0208,0,4,0,0,0,0,0,0,0,0,0,0,4,0,0,0,0,0,0,0,0,0
pbt,bintrie,5,4,storage_sload_k1,18,,9244,0,0,0.0388,36.2452,0.0036,6.5061,54.4529,0,4,0,0,0,0,0,0,0,0,0,0,4,0,0,0,0,0,0,0,0,0
pbt,bintrie,5,4,storage_sload_k1,18,,9245,0,0,0.0512,52.664,0.0031,0.2054,53.1501,0,4,0,0,0,0,0,0,0,0,0,0,4,0,0,0,0,0,0,0,0,0
pbt,bintrie,5,4,storage_sload_k1,18,,9246,86132,2,0.3955,38.9378,0.7498,5.6858,53.1178,1.6215,11,0,0,0,3,0,0,0,1,155,4,7,36.36,0,0,0,0,0,0,0,0
pbt,bintrie,5,4,storage_sload_k1,18,,9247,15900059,1,275.8703,7.3701,10.271,1.2106,299.7917,53.037,8,702,2,183,2,0,0,0,0,0,4,4,50,283,419,40.31,2,0,100,183,0
pbt,bintrie,5,4,storage_sload_k1,18,,9248,21000,1,0.0587,2.6024,2.4047,0.5954,5.8475,3.5913,6,0,0,0,2,0,0,0,0,0,2,4,33.33,0,0,0,0,0,0,0,0
pbt,bintrie,5,4,storage_sload_k1,18,,9249,0,0,0.0442,3.3408,0.003,0.2683,4.0064,0,4,0,0,0,0,0,0,0,0,0,0,4,0,0,0,0,0,0,0,0,0
pbt,bintrie,5,4,storage_sload_k1,19,,9250,0,0,0.0506,9.7251,0.0021,0.1768,11.4036,0,4,0,0,0,0,0,0,0,0,0,0,4,0,0,0,0,0,0,0,0,0
pbt,bintrie,5,4,storage_sload_k1,19,,9251,0,0,0.0476,10.2843,0.0023,0.1636,10.6721,0,4,0,0,0,0,0,0,0,0,0,0,4,0,0,0,0,0,0,0,0,0
pbt,bintrie,5,4,storage_sload_k1,19,,9252,0,0,0.0444,67.9242,0.0033,10.6044,83.6317,0,4,0,0,0,0,0,0,0,0,0,0,4,0,0,0,0,0,0,0,0,0
pbt,bintrie,5,4,storage_sload_k1,19,,9253,0,0,0.0402,48.9729,0.0017,0.1125,49.3002,0,4,0,0,0,0,0,0,0,0,0,0,4,0,0,0,0,0,0,0,0,0
pbt,bintrie,5,4,storage_sload_k1,19,,9254,86132,2,0.1756,15.0651,18.6663,7.4581,42.6795,2.0181,11,0,0,0,3,0,0,0,1,155,5,6,45.45,0,0,0,0,0,0,0,0
pbt,bintrie,5,4,storage_sload_k1,19,,9255,15900059,1,271.1869,13.3485,12.0793,1.176,298.0545,53.3462,8,702,2,183,2,0,0,0,0,0,3,5,37.5,187,515,26.64,2,0,100,183,0
pbt,bintrie,5,4,storage_sload_k1,19,,9256,21000,1,0.0645,2.6065,2.8706,0.9057,6.6404,3.1625,6,0,0,0,2,0,0,0,0,0,2,4,33.33,0,0,0,0,0,0,0,0
pbt,bintrie,5,4,storage_sload_k1,1,,9117,0,0,0.0554,1.567,0.0013,0.1898,2.2019,0,4,0,0,0,0,0,0,0,0,0,0,4,0,0,0,0,0,0,0,0,0
pbt,bintrie,5,4,storage_sload_k1,1,,9118,0,0,0.0688,26.2843,0.0033,0.3267,27.2353,0,4,0,0,0,0,0,0,0,0,0,0,4,0,0,0,0,0,0,0,0,0
pbt,bintrie,5,4,storage_sload_k1,1,,9119,0,0,0.0525,54.5106,0.003,0.2147,55.0646,0,4,0,0,0,0,0,0,0,0,0,0,4,0,0,0,0,0,0,0,0,0
pbt,bintrie,5,4,storage_sload_k1,1,,9120,0,0,0.0501,8.3679,0.0331,0.6962,9.3213,0,4,0,0,0,0,0,0,0,0,0,0,4,0,0,0,0,0,0,0,0,0
pbt,bintrie,5,4,storage_sload_k1,1,,9121,0,0,0.031,76.9808,0.003,0.1297,77.3452,0,4,0,0,0,0,0,0,0,0,0,0,4,0,0,0,0,0,0,0,0,0
pbt,bintrie,5,4,storage_sload_k1,1,,9122,86132,2,0.3125,19.7056,16.4187,14.3419,50.9391,1.6909,11,0,0,0,3,0,0,0,1,155,4,7,36.36,0,0,0,0,0,0,0,0
pbt,bintrie,5,4,storage_sload_k1,1,,9123,15900059,1,282.6567,32.7024,3.2948,1.2699,340.1087,46.7499,8,702,2,183,2,0,0,0,0,0,1,7,12.5,327,375,46.58,2,0,100,183,0
pbt,bintrie,5,4,storage_sload_k1,1,,9124,21000,1,0.0683,6.4296,53.5691,0.7324,60.9833,0.3444,6,0,0,0,2,0,0,0,0,0,2,4,33.33,0,0,0,0,0,0,0,0
pbt,bintrie,5,4,storage_sload_k1,20,,9257,0,0,0.0507,22.0582,0.0031,0.2612,22.987,0,4,0,0,0,0,0,0,0,0,0,0,4,0,0,0,0,0,0,0,0,0
pbt,bintrie,5,4,storage_sload_k1,20,,9258,0,0,0.0396,0.6822,0.0013,0.1418,1.102,0,4,0,0,0,0,0,0,0,0,0,0,4,0,0,0,0,0,0,0,0,0
pbt,bintrie,5,4,storage_sload_k1,20,,9259,0,0,0.0565,51.2082,0.0028,0.2389,51.7527,0,4,0,0,0,0,0,0,0,0,0,0,4,0,0,0,0,0,0,0,0,0
pbt,bintrie,5,4,storage_sload_k1,20,,9260,0,0,0.0418,2.9271,0.0024,4.2239,7.4196,0,4,0,0,0,0,0,0,0,0,0,0,4,0,0,0,0,0,0,0,0,0
pbt,bintrie,5,4,storage_sload_k1,20,,9261,86132,2,0.1317,3.4439,5.6214,5.7593,15.1458,5.6869,11,0,0,0,3,0,0,0,1,155,6,5,54.55,0,0,0,0,0,0,0,0
pbt,bintrie,5,4,storage_sload_k1,20,,9262,15900059,1,275.4872,9.3145,3.7319,1.2939,289.984,54.8308,8,702,2,183,2,0,0,0,0,0,3,5,37.5,57,645,8.12,2,0,100,183,0
pbt,bintrie,5,4,storage_sload_k1,20,,9263,21000,1,0.221,0.8889,18.3462,0.6915,20.3532,1.0318,6,0,0,0,2,0,0,0,0,0,0,6,0,0,0,0,0,0,0,0,0
pbt,bintrie,5,4,storage_sload_k1,2,,9125,0,0,0.06,52.2316,0.0037,0.2439,52.8069,0,4,0,0,0,0,0,0,0,0,0,0,4,0,0,0,0,0,0,0,0,0
pbt,bintrie,5,4,storage_sload_k1,2,,9126,0,0,0.0457,27.2793,0.0029,0.293,27.8085,0,4,0,0,0,0,0,0,0,0,0,0,4,0,0,0,0,0,0,0,0,0
pbt,bintrie,5,4,storage_sload_k1,2,,9127,0,0,0.0398,30.3344,0.0021,0.1342,33.7283,0,4,0,0,0,0,0,0,0,0,0,0,4,0,0,0,0,0,0,0,0,0
pbt,bintrie,5,4,storage_sload_k1,2,,9128,0,0,0.0473,52.3437,0.0031,0.2016,52.7926,0,4,0,0,0,0,0,0,0,0,0,0,4,0,0,0,0,0,0,0,0,0
pbt,bintrie,5,4,storage_sload_k1,2,,9129,86132,2,0.4378,2.9869,27.9466,5.8862,38.362,2.2452,11,0,0,0,3,0,0,0,1,155,6,5,54.55,0,0,0,0,0,0,0,0
pbt,bintrie,5,4,storage_sload_k1,2,,9130,15900059,1,279.6258,22.51,2.8708,1.2865,306.4896,51.878,8,702,2,183,2,0,0,0,0,0,4,4,50,120,582,17.09,2,0,100,183,0
pbt,bintrie,5,4,storage_sload_k1,2,,9131,21000,1,0.1758,10.0802,2.2587,0.5233,15.5395,1.3514,6,0,0,0,2,0,0,0,0,0,0,6,0,0,0,0,0,0,0,0,0
pbt,bintrie,5,4,storage_sload_k1,3,,9132,0,0,0.0571,38.6648,0.0029,0.2916,39.236,0,4,0,0,0,0,0,0,0,0,0,0,4,0,0,0,0,0,0,0,0,0
pbt,bintrie,5,4,storage_sload_k1,3,,9133,0,0,0.052,16.6511,0.0097,0.1531,17.5601,0,4,0,0,0,0,0,0,0,0,0,0,4,0,0,0,0,0,0,0,0,0
pbt,bintrie,5,4,storage_sload_k1,3,,9134,0,0,0.0469,4.4702,0.0027,0.2121,6.6467,0,4,0,0,0,0,0,0,0,0,0,0,4,0,0,0,0,0,0,0,0,0
pbt,bintrie,5,4,storage_sload_k1,3,,9135,0,0,0.0527,38.0148,0.0034,0.2057,38.4602,0,4,0,0,0,0,0,0,0,0,0,0,4,0,0,0,0,0,0,0,0,0
pbt,bintrie,5,4,storage_sload_k1,3,,9136,86132,2,0.1383,4.2565,19.7053,6.072,30.4751,2.8263,11,0,0,0,3,0,0,0,1,155,6,5,54.55,0,0,0,0,0,0,0,0
pbt,bintrie,5,4,storage_sload_k1,3,,9137,15900059,1,269.6893,13.3279,3.3717,1.3091,288.3031,55.1505,8,702,2,183,2,0,0,0,0,0,3,5,37.5,635,67,90.46,2,0,100,183,0
pbt,bintrie,5,4,storage_sload_k1,3,,9138,21000,1,0.0761,5.5121,54.4753,0.7284,60.989,0.3443,6,0,0,0,2,0,0,0,0,0,2,4,33.33,0,0,0,0,0,0,0,0
pbt,bintrie,5,4,storage_sload_k1,4,,9139,0,0,0.0545,18.7702,0.0171,0.2469,19.801,0,4,0,0,0,0,0,0,0,0,0,0,4,0,0,0,0,0,0,0,0,0
pbt,bintrie,5,4,storage_sload_k1,4,,9140,0,0,0.0478,41.3796,0.0029,0.3201,42.3829,0,4,0,0,0,0,0,0,0,0,0,0,4,0,0,0,0,0,0,0,0,0
pbt,bintrie,5,4,storage_sload_k1,4,,9141,0,0,0.0544,8.9284,0.0032,0.5437,11.0753,0,4,0,0,0,0,0,0,0,0,0,0,4,0,0,0,0,0,0,0,0,0
pbt,bintrie,5,4,storage_sload_k1,4,,9142,0,0,0.0343,20.5293,0.0025,0.2071,20.9349,0,4,0,0,0,0,0,0,0,0,0,0,4,0,0,0,0,0,0,0,0,0
pbt,bintrie,5,4,storage_sload_k1,4,,9143,86132,2,0.2614,16.2244,19.9638,6.3811,43.012,2.0025,11,0,0,0,3,0,0,0,1,155,4,7,36.36,0,0,0,0,0,0,0,0
pbt,bintrie,5,4,storage_sload_k1,4,,9144,15900059,1,260.6418,25.7841,3.0074,1.6848,291.3408,54.5755,8,702,2,183,2,0,0,0,0,0,2,6,25,289,413,41.17,2,0,100,183,0
pbt,bintrie,5,4,storage_sload_k1,4,,9145,21000,1,0.0653,2.4769,3.9313,0.85,11.0842,1.8946,6,0,0,0,2,0,0,0,0,0,2,4,33.33,0,0,0,0,0,0,0,0
pbt,bintrie,5,4,storage_sload_k1,5,,9146,0,0,0.0554,20.8204,0.0037,0.2856,21.6557,0,4,0,0,0,0,0,0,0,0,0,0,4,0,0,0,0,0,0,0,0,0
pbt,bintrie,5,4,storage_sload_k1,5,,9147,0,0,0.0451,22.4697,0.0028,0.1873,22.9553,0,4,0,0,0,0,0,0,0,0,0,0,4,0,0,0,0,0,0,0,0,0
pbt,bintrie,5,4,storage_sload_k1,5,,9148,0,0,0.0372,3.3157,0.0032,0.1581,5.8141,0,4,0,0,0,0,0,0,0,0,0,0,4,0,0,0,0,0,0,0,0,0
pbt,bintrie,5,4,storage_sload_k1,5,,9149,0,0,0.0287,12.6359,0.0019,0.113,12.952,0,4,0,0,0,0,0,0,0,0,0,0,4,0,0,0,0,0,0,0,0,0
pbt,bintrie,5,4,storage_sload_k1,5,,9150,86132,2,0.1705,1.4056,3.5702,5.5419,11.4425,7.5274,11,0,0,0,3,0,0,0,1,155,6,5,54.55,0,0,0,0,0,0,0,0
pbt,bintrie,5,4,storage_sload_k1,5,,9151,15900059,1,348.1844,22.7343,2.7264,0.8835,376.0736,42.2791,8,702,2,183,2,0,0,0,0,0,1,7,12.5,0,702,0,2,0,100,183,0
pbt,bintrie,5,4,storage_sload_k1,5,,9152,21000,1,0.0799,8.4232,55.9118,0.6129,65.2494,0.3218,6,0,0,0,2,0,0,0,0,0,2,4,33.33,0,0,0,0,0,0,0,0
pbt,bintrie,5,4,storage_sload_k1,5,,9153,0,0,0.051,56.6519,0.0041,0.193,57.1777,0,4,0,0,0,0,0,0,0,0,0,0,4,0,0,0,0,0,0,0,0,0
pbt,bintrie,5,4,storage_sload_k1,6,,9154,0,0,0.0611,34.5977,0.0035,0.3794,35.3142,0,4,0,0,0,0,0,0,0,0,0,0,4,0,0,0,0,0,0,0,0,0
pbt,bintrie,5,4,storage_sload_k1,6,,9155,0,0,0.0413,13.4941,0.0073,0.1846,13.9289,0,4,0,0,0,0,0,0,0,0,0,0,4,0,0,0,0,0,0,0,0,0
pbt,bintrie,5,4,storage_sload_k1,6,,9156,0,0,0.0463,18.8892,0.0037,7.5767,29.5177,0,4,0,0,0,0,0,0,0,0,0,0,4,0,0,0,0,0,0,0,0,0
pbt,bintrie,5,4,storage_sload_k1,6,,9157,0,0,0.0225,2.5604,0.0016,0.0957,2.8536,0,4,0,0,0,0,0,0,0,0,0,0,4,0,0,0,0,0,0,0,0,0
pbt,bintrie,5,4,storage_sload_k1,6,,9158,86132,2,0.0991,3.417,30.9544,13.1033,47.7834,1.8026,11,0,0,0,3,0,0,0,1,155,6,5,54.55,0,0,0,0,0,0,0,0
pbt,bintrie,5,4,storage_sload_k1,6,,9159,15900059,1,348.569,11.3883,3.1053,1.2954,364.6727,43.6009,8,702,2,183,2,0,0,0,0,0,4,4,50,305,397,43.45,2,0,100,183,0
pbt,bintrie,5,4,storage_sload_k1,6,,9160,21000,1,0.0852,2.9363,5.5929,0.8971,9.7314,2.158,6,0,0,0,2,0,0,0,0,0,2,4,33.33,0,0,0,0,0,0,0,0
pbt,bintrie,5,4,storage_sload_k1,6,,9161,0,0,0.0311,3.3279,0.0025,0.1853,3.7569,0,4,0,0,0,0,0,0,0,0,0,0,4,0,0,0,0,0,0,0,0,0
pbt,bintrie,5,4,storage_sload_k1,7,,9162,0,0,0.0601,20.2984,0.0119,0.262,20.9524,0,4,0,0,0,0,0,0,0,0,0,0,4,0,0,0,0,0,0,0,0,0
pbt,bintrie,5,4,storage_sload_k1,7,,9163,0,0,0.0342,19.7231,0.0036,0.1771,20.0955,0,4,0,0,0,0,0,0,0,0,0,0,4,0,0,0,0,0,0,0,0,0
pbt,bintrie,5,4,storage_sload_k1,7,,9164,0,0,0.0919,41.9949,0.002,0.1706,42.6653,0,4,0,0,0,0,0,0,0,0,0,0,4,0,0,0,0,0,0,0,0,0
pbt,bintrie,5,4,storage_sload_k1,7,,9165,0,0,0.0564,36.1744,0.0034,0.3469,37.1442,0,4,0,0,0,0,0,0,0,0,0,0,4,0,0,0,0,0,0,0,0,0
pbt,bintrie,5,4,storage_sload_k1,7,,9166,86132,2,0.4054,43.8752,1.8991,5.1313,51.6034,1.6691,11,0,0,0,3,0,0,0,1,155,4,7,36.36,0,0,0,0,0,0,0,0
pbt,bintrie,5,4,storage_sload_k1,7,,9167,15900059,1,287.7126,5.6415,9.1752,1.0185,307.5691,51.6959,8,702,2,183,2,0,0,0,0,0,3,5,37.5,121,581,17.24,2,0,100,183,0
pbt,bintrie,5,4,storage_sload_k1,7,,9168,21000,1,0.07,2.5348,3.8084,0.782,7.3673,2.8504,6,0,0,0,2,0,0,0,0,0,2,4,33.33,0,0,0,0,0,0,0,0
pbt,bintrie,5,4,storage_sload_k1,7,,9169,0,0,0.0276,3.2512,0.0014,1.9476,5.4654,0,4,0,0,0,0,0,0,0,0,0,0,4,0,0,0,0,0,0,0,0,0
pbt,bintrie,5,4,storage_sload_k1,8,,9170,0,0,0.0501,0.6798,0.0019,0.2795,1.3003,0,4,0,0,0,0,0,0,0,0,0,0,4,0,0,0,0,0,0,0,0,0
pbt,bintrie,5,4,storage_sload_k1,8,,9171,0,0,0.0598,30.8417,0.0104,0.174,31.2871,0,4,0,0,0,0,0,0,0,0,0,0,4,0,0,0,0,0,0,0,0,0
pbt,bintrie,5,4,storage_sload_k1,8,,9172,0,0,0.0676,40.8863,0.0027,0.1599,45.0217,0,4,0,0,0,0,0,0,0,0,0,0,4,0,0,0,0,0,0,0,0,0
pbt,bintrie,5,4,storage_sload_k1,8,,9173,0,0,0.0551,73.3885,0.0024,0.1386,73.8244,0,4,0,0,0,0,0,0,0,0,0,0,4,0,0,0,0,0,0,0,0,0
pbt,bintrie,5,4,storage_sload_k1,8,,9174,86132,2,0.2927,3.0234,3.6415,4.9608,12.0608,7.1415,11,0,0,0,3,0,0,0,1,155,6,5,54.55,0,0,0,0,0,0,0,0
pbt,bintrie,5,4,storage_sload_k1,8,,9175,15900059,1,287.3896,8.3992,3.1535,1.3567,303.2355,52.4347,8,702,2,183,2,0,0,0,0,0,3,5,37.5,142,560,20.23,2,0,100,183,0
pbt,bintrie,5,4,storage_sload_k1,8,,9176,21000,1,0.1049,5.1908,18.9564,0.8703,25.3873,0.8272,6,0,0,0,2,0,0,0,0,0,2,4,33.33,0,0,0,0,0,0,0,0
pbt,bintrie,5,4,storage_sload_k1,9,,9177,0,0,0.0558,14.0615,0.0028,0.2623,16.4901,0,4,0,0,0,0,0,0,0,0,0,0,4,0,0,0,0,0,0,0,0,0
pbt,bintrie,5,4,storage_sload_k1,9,,9178,0,0,0.0364,16.3539,0.0022,0.2174,16.7978,0,4,0,0,0,0,0,0,0,0,0,0,4,0,0,0,0,0,0,0,0,0
pbt,bintrie,5,4,storage_sload_k1,9,,9179,0,0,0.0394,30.8574,0.0029,12.7354,48.2188,0,4,0,0,0,0,0,0,0,0,0,0,4,0,0,0,0,0,0,0,0,0
pbt,bintrie,5,4,storage_sload_k1,9,,9180,0,0,0.058,39.7696,0.0031,0.1981,40.2962,0,4,0,0,0,0,0,0,0,0,0,0,4,0,0,0,0,0,0,0,0,0
pbt,bintrie,5,4,storage_sload_k1,9,,9181,86132,2,0.0972,4.4723,20.6544,8.6773,34.1733,2.5204,11,0,0,0,3,0,0,0,1,155,5,6,45.45,0,0,0,0,0,0,0,0
pbt,bintrie,5,4,storage_sload_k1,9,,9182,15900059,1,271.5693,7.8555,3.0492,1.0926,283.8417,56.0174,8,702,2,183,2,0,0,0,0,0,4,4,50,236,466,33.62,2,0,100,183,0
pbt,bintrie,5,4,storage_sload_k1,9,,9183,21000,1,0.1261,6.1917,45.5649,0.9357,53.0914,0.3955,6,0,0,0,2,0,0,0,0,0,2,4,33.33,0,0,0,0,0,0,0,0
pbt,bintrie,5,4,storage_sload_k10,10,,9332,0,0,0.0592,26.8131,0.0026,0.3217,27.4748,0,4,0,0,0,0,0,0,0,0,0,0,4,0,0,0,0,0,0,0,0,0
pbt,bintrie,5,4,storage_sload_k10,10,,9333,0,0,0.0479,21.9288,0.0029,0.2132,22.4418,0,4,0,0,0,0,0,0,0,0,0,0,4,0,0,0,0,0,0,0,0,0
pbt,bintrie,5,4,storage_sload_k10,10,,9334,0,0,0.0437,58.3337,0.0019,0.1008,58.664,0,4,0,0,0,0,0,0,0,0,0,0,4,0,0,0,0,0,0,0,0,0
pbt,bintrie,5,4,storage_sload_k10,10,,9335,0,0,0.0442,10.7198,0.0023,0.1857,11.1391,0,4,0,0,0,0,0,0,0,0,0,0,4,0,0,0,0,0,0,0,0,0
pbt,bintrie,5,4,storage_sload_k10,10,,9336,86864,2,0.1334,3.2684,11.5495,5.9177,21.2354,4.0905,11,0,0,0,3,0,0,0,1,157,5,6,45.45,0,0,0,0,0,0,0,0
pbt,bintrie,5,4,storage_sload_k10,10,,9337,15900152,1,280.2413,31.8668,4.2736,1.0104,317.5624,50.0694,17,702,11,437,2,0,0,0,0,0,7,10,41.18,252,450,35.9,11,0,100,437,0
pbt,bintrie,5,4,storage_sload_k10,10,,9338,21000,1,0.0731,2.9395,51.6212,1.0788,55.9025,0.3757,6,0,0,0,2,0,0,0,0,0,2,4,33.33,0,0,0,0,0,0,0,0
pbt,bintrie,5,4,storage_sload_k10,10,,9339,0,0,0.0311,2.9336,0.0019,0.1614,3.2758,0,4,0,0,0,0,0,0,0,0,0,0,4,0,0,0,0,0,0,0,0,0
pbt,bintrie,5,4,storage_sload_k10,11,,9340,0,0,0.0496,19.2142,0.0025,0.2956,20.069,0,4,0,0,0,0,0,0,0,0,0,0,4,0,0,0,0,0,0,0,0,0
pbt,bintrie,5,4,storage_sload_k10,11,,9341,0,0,0.0421,22.9268,0.0031,0.1987,23.3734,0,4,0,0,0,0,0,0,0,0,0,0,4,0,0,0,0,0,0,0,0,0
pbt,bintrie,5,4,storage_sload_k10,11,,9342,0,0,0.0444,3.4289,0.0016,0.118,3.7788,0,4,0,0,0,0,0,0,0,0,0,0,4,0,0,0,0,0,0,0,0,0
pbt,bintrie,5,4,storage_sload_k10,11,,9343,0,0,0.0535,55.5745,0.0018,0.1514,55.9826,0,4,0,0,0,0,0,0,0,0,0,0,4,0,0,0,0,0,0,0,0,0
pbt,bintrie,5,4,storage_sload_k10,11,,9344,86864,2,0.1495,27.2937,0.7757,5.3615,33.8241,2.5681,11,0,0,0,3,0,0,0,1,157,5,6,45.45,0,0,0,0,0,0,0,0
pbt,bintrie,5,4,storage_sload_k10,11,,9345,15900152,1,273.5762,22.3194,3.5856,1.2783,301.0899,52.8087,17,702,11,437,2,0,0,0,0,0,7,10,41.18,250,452,35.61,11,0,100,437,0
pbt,bintrie,5,4,storage_sload_k10,11,,9346,21000,1,0.0969,6.8518,50.5286,0.655,58.3765,0.3597,6,0,0,0,2,0,0,0,0,0,2,4,33.33,0,0,0,0,0,0,0,0
pbt,bintrie,5,4,storage_sload_k10,12,,9347,0,0,0.0621,25.5106,0.0026,0.2376,26.0466,0,4,0,0,0,0,0,0,0,0,0,0,4,0,0,0,0,0,0,0,0,0
pbt,bintrie,5,4,storage_sload_k10,12,,9348,0,0,0.0452,22.458,0.0032,0.2886,23.6935,0,4,0,0,0,0,0,0,0,0,0,0,4,0,0,0,0,0,0,0,0,0
pbt,bintrie,5,4,storage_sload_k10,12,,9349,0,0,0.048,23.6511,0.002,0.1273,25.679,0,4,0,0,0,0,0,0,0,0,0,0,4,0,0,0,0,0,0,0,0,0
pbt,bintrie,5,4,storage_sload_k10,12,,9350,0,0,0.0399,58.1711,0.0051,0.156,58.5679,0,4,0,0,0,0,0,0,0,0,0,0,4,0,0,0,0,0,0,0,0,0
pbt,bintrie,5,4,storage_sload_k10,12,,9351,86864,2,0.1399,25.3647,43.97,5.0817,74.7827,1.1616,11,0,0,0,3,0,0,0,1,157,6,5,54.55,0,0,0,0,0,0,0,0
pbt,bintrie,5,4,storage_sload_k10,12,,9352,15900152,1,273.9552,15.771,16.6626,1.5384,308.3662,51.5626,17,702,11,437,2,0,0,0,0,0,0,17,0,2,700,0.28,11,0,100,437,0
pbt,bintrie,5,4,storage_sload_k10,12,,9353,21000,1,0.0717,6.382,15.8468,0.9478,23.4906,0.894,6,0,0,0,2,0,0,0,0,0,2,4,33.33,0,0,0,0,0,0,0,0
pbt,bintrie,5,4,storage_sload_k10,12,,9354,0,0,0.0283,3.1392,0.0015,0.1211,3.4573,0,4,0,0,0,0,0,0,0,0,0,0,4,0,0,0,0,0,0,0,0,0
pbt,bintrie,5,4,storage_sload_k10,13,,9355,0,0,0.0573,15.1052,0.0067,0.1835,16.1194,0,4,0,0,0,0,0,0,0,0,0,0,4,0,0,0,0,0,0,0,0,0
pbt,bintrie,5,4,storage_sload_k10,13,,9356,0,0,0.0487,27.678,0.0019,0.1887,29.1631,0,4,0,0,0,0,0,0,0,0,0,0,4,0,0,0,0,0,0,0,0,0
pbt,bintrie,5,4,storage_sload_k10,13,,9357,0,0,0.0396,3.0608,0.0022,0.5098,3.7881,0,4,0,0,0,0,0,0,0,0,0,0,4,0,0,0,0,0,0,0,0,0
pbt,bintrie,5,4,storage_sload_k10,13,,9358,0,0,0.0411,38.0018,0.0029,0.1927,38.5227,0,4,0,0,0,0,0,0,0,0,0,0,4,0,0,0,0,0,0,0,0,0
pbt,bintrie,5,4,storage_sload_k10,13,,9359,86864,2,0.1382,3.2972,7.7185,4.4929,15.8895,5.4668,11,0,0,0,3,0,0,0,1,157,6,5,54.55,0,0,0,0,0,0,0,0
pbt,bintrie,5,4,storage_sload_k10,13,,9360,15900152,1,277.8608,16.6129,2.9006,1.2821,298.9786,53.1816,17,702,11,437,2,0,0,0,0,0,7,10,41.18,178,524,25.36,11,0,100,437,0
pbt,bintrie,5,4,storage_sload_k10,13,,9361,21000,1,0.0837,2.6178,13.4485,33.9589,50.2871,0.4176,6,0,0,0,2,0,0,0,0,0,2,4,33.33,0,0,0,0,0,0,0,0
pbt,bintrie,5,4,storage_sload_k10,14,,9362,0,0,0.063,25.5292,0.0244,0.2664,26.11,0,4,0,0,0,0,0,0,0,0,0,0,4,0,0,0,0,0,0,0,0,0
pbt,bintrie,5,4,storage_sload_k10,14,,9363,0,0,0.0334,10.3687,0.0021,0.1862,11.625,0,4,0,0,0,0,0,0,0,0,0,0,4,0,0,0,0,0,0,0,0,0
pbt,bintrie,5,4,storage_sload_k10,14,,9364,0,0,0.0378,0.6315,0.0029,0.1516,10.9094,0,4,0,0,0,0,0,0,0,0,0,0,4,0,0,0,0,0,0,0,0,0
pbt,bintrie,5,4,storage_sload_k10,14,,9365,0,0,0.0442,24.9372,0.002,0.1079,25.2954,0,4,0,0,0,0,0,0,0,0,0,0,4,0,0,0,0,0,0,0,0,0
pbt,bintrie,5,4,storage_sload_k10,14,,9366,86864,2,0.149,18.3382,14.8333,7.8184,41.3945,2.0984,11,0,0,0,3,0,0,0,1,157,5,6,45.45,0,0,0,0,0,0,0,0
pbt,bintrie,5,4,storage_sload_k10,14,,9367,15900152,1,271.1575,23.4578,2.8864,1.2228,302.1669,52.6204,17,702,11,437,2,0,0,0,0,0,3,14,17.65,124,578,17.66,11,0,100,437,0
pbt,bintrie,5,4,storage_sload_k10,14,,9368,21000,1,0.087,4.1071,38.4662,0.8707,44.2313,0.4748,6,0,0,0,2,0,0,0,0,0,2,4,33.33,0,0,0,0,0,0,0,0
pbt,bintrie,5,4,storage_sload_k10,14,,9369,0,0,0.0295,6.4746,0.0023,0.1483,6.7912,0,4,0,0,0,0,0,0,0,0,0,0,4,0,0,0,0,0,0,0,0,0
pbt,bintrie,5,4,storage_sload_k10,15,,9370,0,0,0.0666,26.9457,0.002,0.3318,27.5455,0,4,0,0,0,0,0,0,0,0,0,0,4,0,0,0,0,0,0,0,0,0
pbt,bintrie,5,4,storage_sload_k10,15,,9371,0,0,0.0412,24.9606,0.0048,0.1688,25.3953,0,4,0,0,0,0,0,0,0,0,0,0,4,0,0,0,0,0,0,0,0,0
pbt,bintrie,5,4,storage_sload_k10,15,,9372,0,0,0.0503,47.214,0.0033,1.4231,52.2032,0,4,0,0,0,0,0,0,0,0,0,0,4,0,0,0,0,0,0,0,0,0
pbt,bintrie,5,4,storage_sload_k10,15,,9373,0,0,0.0395,28.1068,0.0031,0.2053,28.6278,0,4,0,0,0,0,0,0,0,0,0,0,4,0,0,0,0,0,0,0,0,0
pbt,bintrie,5,4,storage_sload_k10,15,,9374,86864,2,0.1172,2.8137,1.9724,4.8034,11.0094,7.89,11,0,0,0,3,0,0,0,1,157,6,5,54.55,0,0,0,0,0,0,0,0
pbt,bintrie,5,4,storage_sload_k10,15,,9375,15900152,1,274.6958,17.012,2.6536,0.9583,303.4651,52.3953,17,702,11,437,2,0,0,0,0,0,4,13,23.53,129,573,18.38,11,0,100,437,0
pbt,bintrie,5,4,storage_sload_k10,15,,9376,21000,1,0.0628,2.7187,2.8351,0.8458,6.6446,3.1605,6,0,0,0,2,0,0,0,0,0,2,4,33.33,0,0,0,0,0,0,0,0
pbt,bintrie,5,4,storage_sload_k10,16,,9377,0,0,0.0727,19.5726,0.0029,0.3077,20.1382,0,4,0,0,0,0,0,0,0,0,0,0,4,0,0,0,0,0,0,0,0,0
pbt,bintrie,5,4,storage_sload_k10,16,,9378,0,0,0.0624,27.0377,0.0033,0.1665,27.8841,0,4,0,0,0,0,0,0,0,0,0,0,4,0,0,0,0,0,0,0,0,0
pbt,bintrie,5,4,storage_sload_k10,16,,9379,0,0,0.0494,24.6408,0.0028,0.1724,25.2905,0,4,0,0,0,0,0,0,0,0,0,0,4,0,0,0,0,0,0,0,0,0
pbt,bintrie,5,4,storage_sload_k10,16,,9380,0,0,0.0449,23.0121,0.0031,0.2059,23.6759,0,4,0,0,0,0,0,0,0,0,0,0,4,0,0,0,0,0,0,0,0,0
pbt,bintrie,5,4,storage_sload_k10,16,,9381,86864,2,0.3539,20.3047,5.1406,13.8001,55.9272,1.5532,11,0,0,0,3,0,0,0,1,157,4,7,36.36,0,0,0,0,0,0,0,0
pbt,bintrie,5,4,storage_sload_k10,16,,9382,15900152,1,272.2868,14.8775,8.534,1.2673,297.2742,53.4865,17,702,11,437,2,0,0,0,0,0,3,14,17.65,148,554,21.08,11,0,100,437,0
pbt,bintrie,5,4,storage_sload_k10,16,,9383,21000,1,0.072,5.4346,48.8579,0.7474,55.3111,0.3797,6,0,0,0,2,0,0,0,0,0,2,4,33.33,0,0,0,0,0,0,0,0
pbt,bintrie,5,4,storage_sload_k10,17,,9384,0,0,0.0866,44.5965,0.0033,0.3739,46.2769,0,4,0,0,0,0,0,0,0,0,0,0,4,0,0,0,0,0,0,0,0,0
pbt,bintrie,5,4,storage_sload_k10,17,,9385,0,0,0.0812,27.9328,0.0033,0.1957,28.4176,0,4,0,0,0,0,0,0,0,0,0,0,4,0,0,0,0,0,0,0,0,0
pbt,bintrie,5,4,storage_sload_k10,17,,9386,0,0,0.0363,17.6369,0.0026,4.1334,23.5087,0,4,0,0,0,0,0,0,0,0,0,0,4,0,0,0,0,0,0,0,0,0
pbt,bintrie,5,4,storage_sload_k10,17,,9387,0,0,0.0551,34.0858,0.0037,0.3027,34.6532,0,4,0,0,0,0,0,0,0,0,0,0,4,0,0,0,0,0,0,0,0,0
pbt,bintrie,5,4,storage_sload_k10,17,,9388,86864,2,0.1189,7.8693,47.4847,4.6838,60.3938,1.4383,11,0,0,0,3,0,0,0,1,157,5,6,45.45,0,0,0,0,0,0,0,0
pbt,bintrie,5,4,storage_sload_k10,17,,9389,15900152,1,293.9434,6.5921,2.7408,1.2108,305.5231,52.0424,17,702,11,437,2,0,0,0,0,0,13,4,76.47,669,33,95.3,11,0,100,437,0
pbt,bintrie,5,4,storage_sload_k10,17,,9390,21000,1,0.0845,2.6564,2.7841,0.8228,6.5756,3.1936,6,0,0,0,2,0,0,0,0,0,2,4,33.33,0,0,0,0,0,0,0,0
pbt,bintrie,5,4,storage_sload_k10,18,,9391,0,0,0.0577,30.6552,0.0032,1.2797,33.3245,0,4,0,0,0,0,0,0,0,0,0,0,4,0,0,0,0,0,0,0,0,0
pbt,bintrie,5,4,storage_sload_k10,18,,9392,0,0,0.0366,27.2709,0.004,0.3159,27.7984,0,4,0,0,0,0,0,0,0,0,0,0,4,0,0,0,0,0,0,0,0,0
pbt,bintrie,5,4,storage_sload_k10,18,,9393,0,0,0.0355,17.8457,0.0019,26.8324,44.8685,0,4,0,0,0,0,0,0,0,0,0,0,4,0,0,0,0,0,0,0,0,0
pbt,bintrie,5,4,storage_sload_k10,18,,9394,0,0,0.0496,20.9223,0.0031,0.2486,21.4565,0,4,0,0,0,0,0,0,0,0,0,0,4,0,0,0,0,0,0,0,0,0
pbt,bintrie,5,4,storage_sload_k10,18,,9395,86864,2,0.1525,3.3708,59.6195,5.2043,68.5227,1.2677,11,0,0,0,3,0,0,0,1,157,5,6,45.45,0,0,0,0,0,0,0,0
pbt,bintrie,5,4,storage_sload_k10,18,,9396,15900152,1,267.3633,28.0144,22.3328,1.1436,319.1492,49.8204,17,702,11,437,2,0,0,0,0,0,1,16,5.88,0,702,0,11,0,100,437,0
pbt,bintrie,5,4,storage_sload_k10,18,,9397,21000,1,0.0939,2.9459,3.1206,0.8601,11.3486,1.8504,6,0,0,0,2,0,0,0,0,0,2,4,33.33,0,0,0,0,0,0,0,0
pbt,bintrie,5,4,storage_sload_k10,18,,9398,0,0,0.0367,4.6115,0.0021,0.1593,5.0035,0,4,0,0,0,0,0,0,0,0,0,0,4,0,0,0,0,0,0,0,0,0
pbt,bintrie,5,4,storage_sload_k10,19,,9399,0,0,0.0662,14.4552,0.003,4.9389,19.7626,0,4,0,0,0,0,0,0,0,0,0,0,4,0,0,0,0,0,0,0,0,0
pbt,bintrie,5,4,storage_sload_k10,19,,9400,0,0,0.0499,36.7565,0.0037,0.2057,37.2118,0,4,0,0,0,0,0,0,0,0,0,0,4,0,0,0,0,0,0,0,0,0
pbt,bintrie,5,4,storage_sload_k10,19,,9401,0,0,0.05,55.1566,0.0026,0.1792,57.2968,0,4,0,0,0,0,0,0,0,0,0,0,4,0,0,0,0,0,0,0,0,0
pbt,bintrie,5,4,storage_sload_k10,19,,9402,0,0,0.0543,57.5658,0.0033,0.2326,58.1283,0,4,0,0,0,0,0,0,0,0,0,0,4,0,0,0,0,0,0,0,0,0
pbt,bintrie,5,4,storage_sload_k10,19,,9403,86864,2,0.1124,3.1612,47.2618,6.5795,57.8125,1.5025,11,0,0,0,3,0,0,0,1,157,6,5,54.55,0,0,0,0,0,0,0,0
pbt,bintrie,5,4,storage_sload_k10,19,,9404,15900152,1,359.8239,13.204,3.262,1.3933,377.9144,42.0734,17,702,11,437,2,0,0,0,0,0,10,7,58.82,513,189,73.08,11,0,100,437,0
pbt,bintrie,5,4,storage_sload_k10,19,,9405,21000,1,0.2082,9.9599,5.3449,0.8388,16.5354,1.27,6,0,0,0,2,0,0,0,0,0,0,6,0,0,0,0,0,0,0,0,0
pbt,bintrie,5,4,storage_sload_k10,19,,9406,0,0,0.0375,3.2092,0.0031,4.3259,7.7578,0,4,0,0,0,0,0,0,0,0,0,0,4,0,0,0,0,0,0,0,0,0
pbt,bintrie,5,4,storage_sload_k10,1,,9264,0,0,0.0535,19.1727,0.0025,0.2911,19.7567,0,4,0,0,0,0,0,0,0,0,0,0,4,0,0,0,0,0,0,0,0,0
pbt,bintrie,5,4,storage_sload_k10,1,,9265,0,0,0.0421,25.3611,0.0022,0.322,25.9942,0,4,0,0,0,0,0,0,0,0,0,0,4,0,0,0,0,0,0,0,0,0
pbt,bintrie,5,4,storage_sload_k10,1,,9266,0,0,0.0318,3.4048,0.0025,5.2574,9.7787,0,4,0,0,0,0,0,0,0,0,0,0,4,0,0,0,0,0,0,0,0,0
pbt,bintrie,5,4,storage_sload_k10,1,,9267,0,0,0.0966,39.622,0.0022,0.2155,40.1199,0,4,0,0,0,0,0,0,0,0,0,0,4,0,0,0,0,0,0,0,0,0
pbt,bintrie,5,4,storage_sload_k10,1,,9268,86864,2,0.1379,3.3258,1.187,5.3371,10.1651,8.5453,11,0,0,0,3,0,0,0,1,157,6,5,54.55,0,0,0,0,0,0,0,0
pbt,bintrie,5,4,storage_sload_k10,1,,9269,15900152,1,281.5896,18.7669,2.93,1.4011,308.7272,51.5023,17,702,11,437,2,0,0,0,0,0,5,12,29.41,124,578,17.66,11,0,100,437,0
pbt,bintrie,5,4,storage_sload_k10,1,,9270,21000,1,0.0806,4.0386,13.9359,0.9718,19.2775,1.0894,6,0,0,0,2,0,0,0,0,0,2,4,33.33,0,0,0,0,0,0,0,0
pbt,bintrie,5,4,storage_sload_k10,20,,9407,0,0,0.0683,25.5794,0.0122,0.2721,26.1905,0,4,0,0,0,0,0,0,0,0,0,0,4,0,0,0,0,0,0,0,0,0
pbt,bintrie,5,4,storage_sload_k10,20,,9408,0,0,0.0521,28.9107,0.0029,0.1638,30.3263,0,4,0,0,0,0,0,0,0,0,0,0,4,0,0,0,0,0,0,0,0,0
pbt,bintrie,5,4,storage_sload_k10,20,,9409,0,0,0.0404,56.3144,0.0023,0.1226,56.6957,0,4,0,0,0,0,0,0,0,0,0,0,4,0,0,0,0,0,0,0,0,0
pbt,bintrie,5,4,storage_sload_k10,20,,9410,0,0,0.0451,17.2482,0.0029,0.1889,17.7213,0,4,0,0,0,0,0,0,0,0,0,0,4,0,0,0,0,0,0,0,0,0
pbt,bintrie,5,4,storage_sload_k10,20,,9411,86864,2,0.107,10.7977,36.9014,12.0829,60.1078,1.4451,11,0,0,0,3,0,0,0,1,157,6,5,54.55,0,0,0,0,0,0,0,0
pbt,bintrie,5,4,storage_sload_k10,20,,9412,15900152,1,295.4451,20.0879,8.5379,1.3259,325.8363,48.798,17,702,11,437,2,0,0,0,0,0,5,12,29.41,361,341,51.42,11,0,100,437,0
pbt,bintrie,5,4,storage_sload_k10,20,,9413,21000,1,0.0644,2.5547,2.8194,0.6795,6.2669,3.3509,6,0,0,0,2,0,0,0,0,0,2,4,33.33,0,0,0,0,0,0,0,0
pbt,bintrie,5,4,storage_sload_k10,2,,9271,0,0,0.0707,9.3539,0.0023,0.2133,9.8778,0,4,0,0,0,0,0,0,0,0,0,0,4,0,0,0,0,0,0,0,0,0
pbt,bintrie,5,4,storage_sload_k10,2,,9272,0,0,0.0463,25.1199,0.0021,0.2628,25.682,0,4,0,0,0,0,0,0,0,0,0,0,4,0,0,0,0,0,0,0,0,0
pbt,bintrie,5,4,storage_sload_k10,2,,9273,0,0,0.0389,18.1917,0.0021,0.1995,18.7962,0,4,0,0,0,0,0,0,0,0,0,0,4,0,0,0,0,0,0,0,0,0
pbt,bintrie,5,4,storage_sload_k10,2,,9274,0,0,0.0431,21.6419,0.0032,0.2273,22.1277,0,4,0,0,0,0,0,0,0,0,0,0,4,0,0,0,0,0,0,0,0,0
pbt,bintrie,5,4,storage_sload_k10,2,,9275,86864,2,0.2603,20.4545,39.3348,5.04,65.3478,1.3293,11,0,0,0,3,0,0,0,1,157,7,4,63.64,0,0,0,0,0,0,0,0
pbt,bintrie,5,4,storage_sload_k10,2,,9276,15900152,1,275.8767,22.2246,4.4319,1.1056,303.9091,52.3188,17,702,11,437,2,0,0,0,0,0,1,16,5.88,9,693,1.28,11,0,100,437,0
pbt,bintrie,5,4,storage_sload_k10,2,,9277,21000,1,0.0927,6.1901,48.5372,0.6619,55.6888,0.3771,6,0,0,0,2,0,0,0,0,0,2,4,33.33,0,0,0,0,0,0,0,0
pbt,bintrie,5,4,storage_sload_k10,2,,9278,0,0,0.0397,44.9239,0.0023,0.1612,45.2908,0,4,0,0,0,0,0,0,0,0,0,0,4,0,0,0,0,0,0,0,0,0
pbt,bintrie,5,4,storage_sload_k10,3,,9279,0,0,0.0562,29.3493,0.0074,0.2043,29.9042,0,4,0,0,0,0,0,0,0,0,0,0,4,0,0,0,0,0,0,0,0,0
pbt,bintrie,5,4,storage_sload_k10,3,,9280,0,0,0.0744,22.5604,0.0033,0.1611,23.005,0,4,0,0,0,0,0,0,0,0,0,0,4,0,0,0,0,0,0,0,0,0
pbt,bintrie,5,4,storage_sload_k10,3,,9281,0,0,0.0471,2.5922,0.0017,0.1379,2.9675,0,4,0,0,0,0,0,0,0,0,0,0,4,0,0,0,0,0,0,0,0,0
pbt,bintrie,5,4,storage_sload_k10,3,,9282,0,0,0.0493,28.2447,0.0031,0.1586,28.6503,0,4,0,0,0,0,0,0,0,0,0,0,4,0,0,0,0,0,0,0,0,0
pbt,bintrie,5,4,storage_sload_k10,3,,9283,86864,2,0.1497,3.4098,58.8792,4.54,73.0254,1.1895,11,0,0,0,3,0,0,0,1,157,6,5,54.55,0,0,0,0,0,0,0,0
pbt,bintrie,5,4,storage_sload_k10,3,,9284,15900152,1,266.733,17.1052,27.2215,0.8208,312.1118,50.9438,17,702,11,437,2,0,0,0,0,0,0,17,0,0,702,0,11,0,100,437,0
pbt,bintrie,5,4,storage_sload_k10,3,,9285,21000,1,0.2034,4.0055,55.5397,0.8096,60.9487,0.3446,6,0,0,0,2,0,0,0,0,0,0,6,0,0,0,0,0,0,0,0,0
pbt,bintrie,5,4,storage_sload_k10,3,,9286,0,0,0.0523,52.1319,0.0035,0.2054,52.6811,0,4,0,0,0,0,0,0,0,0,0,0,4,0,0,0,0,0,0,0,0,0
pbt,bintrie,5,4,storage_sload_k10,4,,9287,0,0,0.0537,32.0413,0.0042,0.2978,33.5033,0,4,0,0,0,0,0,0,0,0,0,0,4,0,0,0,0,0,0,0,0,0
pbt,bintrie,5,4,storage_sload_k10,4,,9288,0,0,0.0403,23.8363,0.003,0.1712,24.2241,0,4,0,0,0,0,0,0,0,0,0,0,4,0,0,0,0,0,0,0,0,0
pbt,bintrie,5,4,storage_sload_k10,4,,9289,0,0,0.0456,19.5363,0.0026,0.1834,20.0346,0,4,0,0,0,0,0,0,0,0,0,0,4,0,0,0,0,0,0,0,0,0
pbt,bintrie,5,4,storage_sload_k10,4,,9290,0,0,0.0433,29.682,0.0113,0.1839,30.0973,0,4,0,0,0,0,0,0,0,0,0,0,4,0,0,0,0,0,0,0,0,0
pbt,bintrie,5,4,storage_sload_k10,4,,9291,86864,2,0.2237,1.0177,0.7167,4.6115,6.8392,12.701,11,0,0,0,3,0,0,0,1,157,4,7,36.36,0,0,0,0,0,0,0,0
pbt,bintrie,5,4,storage_sload_k10,4,,9292,15900152,1,259.9172,12.9859,47.4955,1.3357,323.0658,49.2165,17,702,11,437,2,0,0,0,0,0,0,17,0,0,702,0,11,0,100,437,0
pbt,bintrie,5,4,storage_sload_k10,4,,9293,21000,1,0.0634,2.5226,2.6802,0.5882,6.0182,3.4894,6,0,0,0,2,0,0,0,0,0,2,4,33.33,0,0,0,0,0,0,0,0
pbt,bintrie,5,4,storage_sload_k10,5,,9294,0,0,0.0576,20.716,0.0126,0.9447,22.3049,0,4,0,0,0,0,0,0,0,0,0,0,4,0,0,0,0,0,0,0,0,0
pbt,bintrie,5,4,storage_sload_k10,5,,9295,0,0,0.0685,37.3791,0.0034,0.2458,39.1768,0,4,0,0,0,0,0,0,0,0,0,0,4,0,0,0,0,0,0,0,0,0
pbt,bintrie,5,4,storage_sload_k10,5,,9296,0,0,0.0396,58.6855,0.0032,0.1198,59.0321,0,4,0,0,0,0,0,0,0,0,0,0,4,0,0,0,0,0,0,0,0,0
pbt,bintrie,5,4,storage_sload_k10,5,,9297,0,0,0.0488,19.6017,0.0033,3.3448,25.3921,0,4,0,0,0,0,0,0,0,0,0,0,4,0,0,0,0,0,0,0,0,0
pbt,bintrie,5,4,storage_sload_k10,5,,9298,86864,2,0.2428,21.7192,15.4346,5.3601,61.0604,1.4226,11,0,0,0,3,0,0,0,1,157,5,6,45.45,0,0,0,0,0,0,0,0
pbt,bintrie,5,4,storage_sload_k10,5,,9299,15900152,1,334.0949,31.747,2.8862,1.1355,378.8375,41.9709,17,702,11,437,2,0,0,0,0,0,7,10,41.18,545,157,77.64,11,0,100,437,0
pbt,bintrie,5,4,storage_sload_k10,5,,9300,21000,1,0.0632,5.7547,51.2119,0.774,58.0044,0.362,6,0,0,0,2,0,0,0,0,0,2,4,33.33,0,0,0,0,0,0,0,0
pbt,bintrie,5,4,storage_sload_k10,5,,9301,0,0,0.0416,57.92,0.0036,0.1683,58.3426,0,4,0,0,0,0,0,0,0,0,0,0,4,0,0,0,0,0,0,0,0,0
pbt,bintrie,5,4,storage_sload_k10,6,,9302,0,0,0.0549,31.7638,0.0112,0.3386,32.4245,0,4,0,0,0,0,0,0,0,0,0,0,4,0,0,0,0,0,0,0,0,0
pbt,bintrie,5,4,storage_sload_k10,6,,9303,0,0,0.0636,28.0337,0.0032,0.1904,28.5508,0,4,0,0,0,0,0,0,0,0,0,0,4,0,0,0,0,0,0,0,0,0
pbt,bintrie,5,4,storage_sload_k10,6,,9304,0,0,0.0463,18.4501,0.0057,0.1478,18.859,0,4,0,0,0,0,0,0,0,0,0,0,4,0,0,0,0,0,0,0,0,0
pbt,bintrie,5,4,storage_sload_k10,6,,9305,0,0,0.0314,2.5723,0.0018,0.137,2.9379,0,4,0,0,0,0,0,0,0,0,0,0,4,0,0,0,0,0,0,0,0,0
pbt,bintrie,5,4,storage_sload_k10,6,,9306,86864,2,0.1063,21.8348,10.6259,4.8546,37.6325,2.3082,11,0,0,0,3,0,0,0,1,157,6,5,54.55,0,0,0,0,0,0,0,0
pbt,bintrie,5,4,storage_sload_k10,6,,9307,15900152,1,278.615,26.8292,6.6667,1.1406,313.5798,50.7053,17,702,11,437,2,0,0,0,0,0,4,13,23.53,73,629,10.4,11,0,100,437,0
pbt,bintrie,5,4,storage_sload_k10,6,,9308,21000,1,0.0902,5.8021,47.3106,0.6448,54.0522,0.3885,6,0,0,0,2,0,0,0,0,0,2,4,33.33,0,0,0,0,0,0,0,0
pbt,bintrie,5,4,storage_sload_k10,7,,9309,0,0,0.0683,26.9092,0.0033,0.276,31.6048,0,4,0,0,0,0,0,0,0,0,0,0,4,0,0,0,0,0,0,0,0,0
pbt,bintrie,5,4,storage_sload_k10,7,,9310,0,0,0.0399,22.0269,0.0029,0.2365,22.5044,0,4,0,0,0,0,0,0,0,0,0,0,4,0,0,0,0,0,0,0,0,0
pbt,bintrie,5,4,storage_sload_k10,7,,9311,0,0,0.0226,2.5602,0.0021,0.144,2.9532,0,4,0,0,0,0,0,0,0,0,0,0,4,0,0,0,0,0,0,0,0,0
pbt,bintrie,5,4,storage_sload_k10,7,,9312,0,0,0.0638,36.8898,0.003,0.146,37.3429,0,4,0,0,0,0,0,0,0,0,0,0,4,0,0,0,0,0,0,0,0,0
pbt,bintrie,5,4,storage_sload_k10,7,,9313,0,0,0.0393,0.8171,0.0019,2.8429,4.5973,0,4,0,0,0,0,0,0,0,0,0,0,4,0,0,0,0,0,0,0,0,0
pbt,bintrie,5,4,storage_sload_k10,7,,9314,86864,2,0.2313,81.0661,2.6048,4.3985,88.4992,0.9815,11,0,0,0,3,0,0,0,1,157,4,7,36.36,0,0,0,0,0,0,0,0
pbt,bintrie,5,4,storage_sload_k10,7,,9315,15900152,1,272.7448,13.9446,0.8221,0.6861,371.7285,42.7736,17,702,11,437,2,0,0,0,0,0,0,17,0,8,694,1.14,11,0,100,437,0
pbt,bintrie,5,4,storage_sload_k10,7,,9316,21000,1,0.0931,2.422,3.5141,0.6291,82.6472,0.2541,6,0,0,0,2,0,0,0,0,0,2,4,33.33,0,0,0,0,0,0,0,0
pbt,bintrie,5,4,storage_sload_k10,8,,9317,0,0,0.0661,24.234,0.0031,0.2303,24.847,0,4,0,0,0,0,0,0,0,0,0,0,4,0,0,0,0,0,0,0,0,0
pbt,bintrie,5,4,storage_sload_k10,8,,9318,0,0,0.043,23.6054,0.0031,0.142,24.026,0,4,0,0,0,0,0,0,0,0,0,0,4,0,0,0,0,0,0,0,0,0
pbt,bintrie,5,4,storage_sload_k10,8,,9319,0,0,0.0403,32.5905,0.0035,2.6027,37.8598,0,4,0,0,0,0,0,0,0,0,0,0,4,0,0,0,0,0,0,0,0,0
pbt,bintrie,5,4,storage_sload_k10,8,,9320,0,0,0.0384,36.3442,0.003,0.1617,36.7502,0,4,0,0,0,0,0,0,0,0,0,0,4,0,0,0,0,0,0,0,0,0
pbt,bintrie,5,4,storage_sload_k10,8,,9321,0,0,0.8409,18.5541,0.0021,0.1073,19.6838,0,4,0,0,0,0,0,0,0,0,0,0,4,0,0,0,0,0,0,0,0,0
pbt,bintrie,5,4,storage_sload_k10,8,,9322,86864,2,0.1677,29.1927,17.2964,5.8561,52.7856,1.6456,11,0,0,0,3,0,0,0,1,157,6,5,54.55,0,0,0,0,0,0,0,0
pbt,bintrie,5,4,storage_sload_k10,8,,9323,15900152,1,274.1562,36.3668,3.2162,1.1189,315.1678,50.4498,17,702,11,437,2,0,0,0,0,0,5,12,29.41,196,506,27.92,11,0,100,437,0
pbt,bintrie,5,4,storage_sload_k10,8,,9324,21000,1,0.2048,21.1827,7.115,0.8315,29.5497,0.7107,6,0,0,0,2,0,0,0,0,0,0,6,0,0,0,0,0,0,0,0,0
pbt,bintrie,5,4,storage_sload_k10,9,,9325,0,0,0.0681,20.67,0.0028,0.3203,21.4159,0,4,0,0,0,0,0,0,0,0,0,0,4,0,0,0,0,0,0,0,0,0
pbt,bintrie,5,4,storage_sload_k10,9,,9326,0,0,0.0642,21.3756,0.0033,0.1969,24.6114,0,4,0,0,0,0,0,0,0,0,0,0,4,0,0,0,0,0,0,0,0,0
pbt,bintrie,5,4,storage_sload_k10,9,,9327,0,0,0.0621,6.5489,0.002,0.1662,12.7375,0,4,0,0,0,0,0,0,0,0,0,0,4,0,0,0,0,0,0,0,0,0
pbt,bintrie,5,4,storage_sload_k10,9,,9328,0,0,0.0449,36.089,0.003,0.194,36.5285,0,4,0,0,0,0,0,0,0,0,0,0,4,0,0,0,0,0,0,0,0,0
pbt,bintrie,5,4,storage_sload_k10,9,,9329,86864,2,0.3581,22.93,6.2077,5.1762,34.9247,2.4872,11,0,0,0,3,0,0,0,1,157,4,7,36.36,0,0,0,0,0,0,0,0
pbt,bintrie,5,4,storage_sload_k10,9,,9330,15900152,1,319.5977,16.8696,3.2219,2.6228,342.9871,46.3579,17,702,11,437,2,0,0,0,0,0,3,14,17.65,93,609,13.25,11,0,100,437,0
pbt,bintrie,5,4,storage_sload_k10,9,,9331,21000,1,0.0698,2.7313,33.5733,0.9863,37.6715,0.5575,6,0,0,0,2,0,0,0,0,0,2,4,33.33,0,0,0,0,0,0,0,0
pbt,bintrie,5,4,storage_sload_k100,10,,9481,0,0,0.0546,28.9533,0.0109,0.2855,29.5305,0,4,0,0,0,0,0,0,0,0,0,0,4,0,0,0,0,0,0,0,0,0
pbt,bintrie,5,4,storage_sload_k100,10,,9482,0,0,0.062,20.7886,0.0028,0.1643,21.9874,0,4,0,0,0,0,0,0,0,0,0,0,4,0,0,0,0,0,0,0,0,0
pbt,bintrie,5,4,storage_sload_k100,10,,9483,0,0,0.031,25.0234,0.0081,8.8189,45.4169,0,4,0,0,0,0,0,0,0,0,0,0,4,0,0,0,0,0,0,0,0,0
pbt,bintrie,5,4,storage_sload_k100,10,,9484,0,0,0.0516,45.2571,0.0033,0.2139,45.7907,0,4,0,0,0,0,0,0,0,0,0,0,4,0,0,0,0,0,0,0,0,0
pbt,bintrie,5,4,storage_sload_k100,10,,9485,86864,2,0.1896,21.669,25.6217,13.6374,71.0064,1.2233,11,0,0,0,3,0,0,0,1,157,4,7,36.36,0,0,0,0,0,0,0,0
pbt,bintrie,5,4,storage_sload_k100,10,,9486,15900217,1,274.8682,28.2506,3.2263,0.8616,307.7447,51.6669,107,702,101,2957,2,0,0,0,0,0,21,86,19.63,143,559,20.37,101,0,100,2957,0
pbt,bintrie,5,4,storage_sload_k100,10,,9487,21000,1,0.0794,4.8758,42.2878,8.5554,56.0134,0.3749,6,0,0,0,2,0,0,0,0,0,2,4,33.33,0,0,0,0,0,0,0,0
pbt,bintrie,5,4,storage_sload_k100,11,,9488,0,0,0.1121,33.3401,0.0028,0.2604,33.9992,0,4,0,0,0,0,0,0,0,0,0,0,4,0,0,0,0,0,0,0,0,0
pbt,bintrie,5,4,storage_sload_k100,11,,9489,0,0,0.0714,15.8506,0.0025,0.2199,16.3472,0,4,0,0,0,0,0,0,0,0,0,0,4,0,0,0,0,0,0,0,0,0
pbt,bintrie,5,4,storage_sload_k100,11,,9490,0,0,0.0371,22.8809,0.0043,11.3513,40.2398,0,4,0,0,0,0,0,0,0,0,0,0,4,0,0,0,0,0,0,0,0,0
pbt,bintrie,5,4,storage_sload_k100,11,,9491,0,0,0.0536,50.941,0.003,0.195,51.4444,0,4,0,0,0,0,0,0,0,0,0,0,4,0,0,0,0,0,0,0,0,0
pbt,bintrie,5,4,storage_sload_k100,11,,9492,86864,2,0.0891,1.1877,11.2199,5.1821,18.1588,4.7836,11,0,0,0,3,0,0,0,1,157,7,4,63.64,0,0,0,0,0,0,0,0
pbt,bintrie,5,4,storage_sload_k100,11,,9493,15900217,1,272.2426,21.9202,2.886,1.1605,302.2138,52.6125,107,702,101,2957,2,0,0,0,0,0,15,92,14.02,92,610,13.11,101,0,100,2957,0
pbt,bintrie,5,4,storage_sload_k100,11,,9494,21000,1,0.0642,2.5467,2.5501,0.6418,6.0095,3.4945,6,0,0,0,2,0,0,0,0,0,2,4,33.33,0,0,0,0,0,0,0,0
pbt,bintrie,5,4,storage_sload_k100,12,,9495,0,0,0.0454,18.0287,0.0111,0.2586,18.5716,0,4,0,0,0,0,0,0,0,0,0,0,4,0,0,0,0,0,0,0,0,0
pbt,bintrie,5,4,storage_sload_k100,12,,9496,0,0,0.0679,20.1125,0.007,0.2449,20.6241,0,4,0,0,0,0,0,0,0,0,0,0,4,0,0,0,0,0,0,0,0,0
pbt,bintrie,5,4,storage_sload_k100,12,,9497,0,0,0.0399,17.7083,0.0031,1.3157,19.3975,0,4,0,0,0,0,0,0,0,0,0,0,4,0,0,0,0,0,0,0,0,0
pbt,bintrie,5,4,storage_sload_k100,12,,9498,0,0,0.0491,21.8762,0.0033,0.1916,22.3107,0,4,0,0,0,0,0,0,0,0,0,0,4,0,0,0,0,0,0,0,0,0
pbt,bintrie,5,4,storage_sload_k100,12,,9499,86864,2,0.1449,3.0997,26.777,5.516,35.7227,2.4316,11,0,0,0,3,0,0,0,1,157,6,5,54.55,0,0,0,0,0,0,0,0
pbt,bintrie,5,4,storage_sload_k100,12,,9500,15900217,1,366.557,7.7996,3.1031,1.054,378.9914,41.954,107,702,101,2957,2,0,0,0,0,0,53,54,49.53,351,351,50,101,0,100,2957,0
pbt,bintrie,5,4,storage_sload_k100,12,,9501,21000,1,0.1949,21.0605,5.4038,0.8361,27.7825,0.7559,6,0,0,0,2,0,0,0,0,0,0,6,0,0,0,0,0,0,0,0,0
pbt,bintrie,5,4,storage_sload_k100,13,,9502,0,0,0.078,25.177,0.0099,0.312,25.8402,0,4,0,0,0,0,0,0,0,0,0,0,4,0,0,0,0,0,0,0,0,0
pbt,bintrie,5,4,storage_sload_k100,13,,9503,0,0,0.0473,29.884,0.0028,0.4934,30.621,0,4,0,0,0,0,0,0,0,0,0,0,4,0,0,0,0,0,0,0,0,0
pbt,bintrie,5,4,storage_sload_k100,13,,9504,0,0,0.0489,48.4666,0.0022,0.1349,48.902,0,4,0,0,0,0,0,0,0,0,0,0,4,0,0,0,0,0,0,0,0,0
pbt,bintrie,5,4,storage_sload_k100,13,,9505,0,0,0.0476,29.0096,0.0024,0.195,29.4765,0,4,0,0,0,0,0,0,0,0,0,0,4,0,0,0,0,0,0,0,0,0
pbt,bintrie,5,4,storage_sload_k100,13,,9506,86864,2,0.1426,1.1804,0.7883,9.5082,11.9155,7.29,11,0,0,0,3,0,0,0,1,157,5,6,45.45,0,0,0,0,0,0,0,0
pbt,bintrie,5,4,storage_sload_k100,13,,9507,15900217,1,320.5229,5.6972,61.3156,0.6885,390.2895,40.7395,107,702,101,2957,2,0,0,0,0,0,42,65,39.25,299,403,42.59,101,0,100,2957,0
pbt,bintrie,5,4,storage_sload_k100,13,,9508,21000,1,0.0827,3.3001,49.9899,0.7152,54.2919,0.3868,6,0,0,0,2,0,0,0,0,0,2,4,33.33,0,0,0,0,0,0,0,0
pbt,bintrie,5,4,storage_sload_k100,13,,9509,0,0,0.044,51.1988,0.002,0.1207,51.5626,0,4,0,0,0,0,0,0,0,0,0,0,4,0,0,0,0,0,0,0,0,0
pbt,bintrie,5,4,storage_sload_k100,14,,9510,0,0,0.0619,18.1375,0.0029,0.1894,19.2189,0,4,0,0,0,0,0,0,0,0,0,0,4,0,0,0,0,0,0,0,0,0
pbt,bintrie,5,4,storage_sload_k100,14,,9511,0,0,0.044,7.5638,0.0057,0.1393,8.0028,0,4,0,0,0,0,0,0,0,0,0,0,4,0,0,0,0,0,0,0,0,0
pbt,bintrie,5,4,storage_sload_k100,14,,9512,0,0,0.0533,12.4851,0.0063,0.2331,18.1976,0,4,0,0,0,0,0,0,0,0,0,0,4,0,0,0,0,0,0,0,0,0
pbt,bintrie,5,4,storage_sload_k100,14,,9513,0,0,0.0297,9.5462,0.0019,0.1378,9.8551,0,4,0,0,0,0,0,0,0,0,0,0,4,0,0,0,0,0,0,0,0,0
pbt,bintrie,5,4,storage_sload_k100,14,,9514,86864,2,0.3754,16.1942,2.5312,4.2922,23.5926,3.6818,11,0,0,0,3,0,0,0,1,157,4,7,36.36,0,0,0,0,0,0,0,0
pbt,bintrie,5,4,storage_sload_k100,14,,9515,15900217,1,275.8207,18.9024,9.7575,0.8282,305.8043,51.9948,107,702,101,2957,2,0,0,0,0,0,73,34,68.22,523,179,74.5,101,0,100,2957,0
pbt,bintrie,5,4,storage_sload_k100,14,,9516,21000,1,0.0556,2.5079,8.5317,0.8309,12.0915,1.7368,6,0,0,0,2,0,0,0,0,0,2,4,33.33,0,0,0,0,0,0,0,0
pbt,bintrie,5,4,storage_sload_k100,15,,9517,0,0,0.0667,30.8214,0.0032,0.2735,31.4813,0,4,0,0,0,0,0,0,0,0,0,0,4,0,0,0,0,0,0,0,0,0
pbt,bintrie,5,4,storage_sload_k100,15,,9518,0,0,0.0422,16.0426,0.0022,0.1622,16.4016,0,4,0,0,0,0,0,0,0,0,0,0,4,0,0,0,0,0,0,0,0,0
pbt,bintrie,5,4,storage_sload_k100,15,,9519,0,0,0.0666,23.7661,0.0035,0.1482,30.9498,0,4,0,0,0,0,0,0,0,0,0,0,4,0,0,0,0,0,0,0,0,0
pbt,bintrie,5,4,storage_sload_k100,15,,9520,0,0,0.0513,16.0909,0.0028,0.153,16.5151,0,4,0,0,0,0,0,0,0,0,0,0,4,0,0,0,0,0,0,0,0,0
pbt,bintrie,5,4,storage_sload_k100,15,,9521,86864,2,0.1578,25.1928,0.7547,4.9955,31.3429,2.7714,11,0,0,0,3,0,0,0,1,157,7,4,63.64,0,0,0,0,0,0,0,0
pbt,bintrie,5,4,storage_sload_k100,15,,9522,15900217,1,314.8327,9.7984,4.6353,0.961,330.5686,48.0996,107,702,101,2957,2,0,0,0,0,0,8,99,7.48,26,676,3.7,101,0,100,2957,0
pbt,bintrie,5,4,storage_sload_k100,15,,9523,21000,1,0.0762,2.6874,8.4396,0.7573,12.1697,1.7256,6,0,0,0,2,0,0,0,0,0,2,4,33.33,0,0,0,0,0,0,0,0
pbt,bintrie,5,4,storage_sload_k100,16,,9524,0,0,0.0705,33.8322,0.0032,0.2899,34.4165,0,4,0,0,0,0,0,0,0,0,0,0,4,0,0,0,0,0,0,0,0,0
pbt,bintrie,5,4,storage_sload_k100,16,,9525,0,0,0.0697,13.9557,0.0031,0.2037,14.4929,0,4,0,0,0,0,0,0,0,0,0,0,4,0,0,0,0,0,0,0,0,0
pbt,bintrie,5,4,storage_sload_k100,16,,9526,0,0,0.0535,59.1577,0.0021,0.2388,59.6363,0,4,0,0,0,0,0,0,0,0,0,0,4,0,0,0,0,0,0,0,0,0
pbt,bintrie,5,4,storage_sload_k100,16,,9527,0,0,0.0483,41.186,0.0022,0.1664,41.6304,0,4,0,0,0,0,0,0,0,0,0,0,4,0,0,0,0,0,0,0,0,0
pbt,bintrie,5,4,storage_sload_k100,16,,9528,86864,2,0.3222,15.3049,29.1461,5.2461,50.239,1.729,11,0,0,0,3,0,0,0,1,157,4,7,36.36,0,0,0,0,0,0,0,0
pbt,bintrie,5,4,storage_sload_k100,16,,9529,15900217,1,263.8737,5.8253,6.1192,0.9446,281.258,56.5325,107,702,101,2957,2,0,0,0,0,0,11,96,10.28,68,634,9.69,101,0,100,2957,0
pbt,bintrie,5,4,storage_sload_k100,16,,9530,21000,1,0.4061,2.5492,7.5468,0.7774,12.3912,1.6947,6,0,0,0,2,0,0,0,0,0,2,4,33.33,0,0,0,0,0,0,0,0
pbt,bintrie,5,4,storage_sload_k100,17,,9531,0,0,0.0507,15.704,0.0096,0.3093,16.2777,0,4,0,0,0,0,0,0,0,0,0,0,4,0,0,0,0,0,0,0,0,0
pbt,bintrie,5,4,storage_sload_k100,17,,9532,0,0,0.0595,19.0993,0.0028,0.3214,19.6621,0,4,0,0,0,0,0,0,0,0,0,0,4,0,0,0,0,0,0,0,0,0
pbt,bintrie,5,4,storage_sload_k100,17,,9533,0,0,0.0312,9.2579,0.0032,2.7379,13.3033,0,4,0,0,0,0,0,0,0,0,0,0,4,0,0,0,0,0,0,0,0,0
pbt,bintrie,5,4,storage_sload_k100,17,,9534,0,0,0.0592,37.0928,0.0031,0.2222,37.6165,0,4,0,0,0,0,0,0,0,0,0,0,4,0,0,0,0,0,0,0,0,0
pbt,bintrie,5,4,storage_sload_k100,17,,9535,0,0,0.041,0.8829,0.0017,0.1611,1.3197,0,4,0,0,0,0,0,0,0,0,0,0,4,0,0,0,0,0,0,0,0,0
pbt,bintrie,5,4,storage_sload_k100,17,,9536,86864,2,0.2072,8.9479,7.0219,7.6983,34.5416,2.5148,11,0,0,0,3,0,0,0,1,157,4,7,36.36,0,0,0,0,0,0,0,0
pbt,bintrie,5,4,storage_sload_k100,17,,9537,15900217,1,279.4735,10.1086,3.0392,1.1364,293.9993,54.0825,107,702,101,2957,2,0,0,0,0,0,19,88,17.76,106,596,15.1,101,0,100,2957,0
pbt,bintrie,5,4,storage_sload_k100,17,,9538,21000,1,0.0657,5.3,36.3916,1.0421,42.9446,0.489,6,0,0,0,2,0,0,0,0,0,2,4,33.33,0,0,0,0,0,0,0,0
pbt,bintrie,5,4,storage_sload_k100,18,,9539,0,0,0.0727,27.9592,0.0031,0.2498,28.4847,0,4,0,0,0,0,0,0,0,0,0,0,4,0,0,0,0,0,0,0,0,0
pbt,bintrie,5,4,storage_sload_k100,18,,9540,0,0,0.0534,23.2379,0.0032,0.2059,24.3084,0,4,0,0,0,0,0,0,0,0,0,0,4,0,0,0,0,0,0,0,0,0
pbt,bintrie,5,4,storage_sload_k100,18,,9541,0,0,0.0802,3.8914,0.0029,0.2625,4.4934,0,4,0,0,0,0,0,0,0,0,0,0,4,0,0,0,0,0,0,0,0,0
pbt,bintrie,5,4,storage_sload_k100,18,,9542,0,0,0.0491,19.8399,0.0028,0.185,20.285,0,4,0,0,0,0,0,0,0,0,0,0,4,0,0,0,0,0,0,0,0,0
pbt,bintrie,5,4,storage_sload_k100,18,,9543,86864,2,0.2105,20.4533,35.0946,5.6794,61.6863,1.4082,11,0,0,0,3,0,0,0,1,157,6,5,54.55,0,0,0,0,0,0,0,0
pbt,bintrie,5,4,storage_sload_k100,18,,9544,15900217,1,273.6225,26.8362,6.7611,0.7582,308.2752,51.578,107,702,101,2957,2,0,0,0,0,0,2,105,1.87,16,686,2.28,101,0,100,2957,0
pbt,bintrie,5,4,storage_sload_k100,18,,9545,21000,1,0.0719,3.8103,2.7878,0.7211,7.5836,2.7691,6,0,0,0,2,0,0,0,0,0,2,4,33.33,0,0,0,0,0,0,0,0
pbt,bintrie,5,4,storage_sload_k100,19,,9546,0,0,0.0641,23.9543,0.0025,0.2877,24.5552,0,4,0,0,0,0,0,0,0,0,0,0,4,0,0,0,0,0,0,0,0,0
pbt,bintrie,5,4,storage_sload_k100,19,,9547,0,0,0.0578,0.8679,0.0024,0.2278,1.4357,0,4,0,0,0,0,0,0,0,0,0,0,4,0,0,0,0,0,0,0,0,0
pbt,bintrie,5,4,storage_sload_k100,19,,9548,0,0,0.0479,53.8854,0.0028,0.2943,56.8731,0,4,0,0,0,0,0,0,0,0,0,0,4,0,0,0,0,0,0,0,0,0
pbt,bintrie,5,4,storage_sload_k100,19,,9549,0,0,0.0537,16.2642,0.0026,0.2016,16.7063,0,4,0,0,0,0,0,0,0,0,0,0,4,0,0,0,0,0,0,0,0,0
pbt,bintrie,5,4,storage_sload_k100,19,,9550,86864,2,0.1196,1.8903,31.4218,13.339,46.9345,1.8508,11,0,0,0,3,0,0,0,1,157,5,6,45.45,0,0,0,0,0,0,0,0
pbt,bintrie,5,4,storage_sload_k100,19,,9551,15900217,1,270.7628,8.4687,2.8816,1.0145,288.2574,55.1598,107,702,101,2957,2,0,0,0,0,0,21,86,19.63,149,553,21.23,101,0,100,2957,0
pbt,bintrie,5,4,storage_sload_k100,19,,9552,21000,1,0.0527,2.5803,7.1414,0.7945,10.764,1.9509,6,0,0,0,2,0,0,0,0,0,2,4,33.33,0,0,0,0,0,0,0,0
pbt,bintrie,5,4,storage_sload_k100,1,,9414,0,0,0.0706,27.655,0.003,0.2806,28.2308,0,4,0,0,0,0,0,0,0,0,0,0,4,0,0,0,0,0,0,0,0,0
pbt,bintrie,5,4,storage_sload_k100,1,,9415,0,0,0.063,32.9826,0.0036,0.1794,33.5174,0,4,0,0,0,0,0,0,0,0,0,0,4,0,0,0,0,0,0,0,0,0
pbt,bintrie,5,4,storage_sload_k100,1,,9416,0,0,0.0272,2.8944,0.0022,0.1466,3.2718,0,4,0,0,0,0,0,0,0,0,0,0,4,0,0,0,0,0,0,0,0,0
pbt,bintrie,5,4,storage_sload_k100,1,,9417,0,0,0.0505,59.3274,0.0021,0.3063,60.152,0,4,0,0,0,0,0,0,0,0,0,0,4,0,0,0,0,0,0,0,0,0
pbt,bintrie,5,4,storage_sload_k100,1,,9418,0,0,0.0493,28.8808,0.0035,0.2507,29.3887,0,4,0,0,0,0,0,0,0,0,0,0,4,0,0,0,0,0,0,0,0,0
pbt,bintrie,5,4,storage_sload_k100,1,,9419,86864,2,0.1126,4.1794,55.6352,4.8353,65.0117,1.3361,11,0,0,0,3,0,0,0,1,157,6,5,54.55,0,0,0,0,0,0,0,0
pbt,bintrie,5,4,storage_sload_k100,1,,9420,15900217,1,280.287,15.0368,50.8909,0.8558,347.6677,45.734,107,702,101,2957,2,0,0,0,0,0,13,94,12.15,87,615,12.39,101,0,100,2957,0
pbt,bintrie,5,4,storage_sload_k100,1,,9421,21000,1,0.0705,4.5674,17.6354,29.3819,51.8707,0.4049,6,0,0,0,2,0,0,0,0,0,2,4,33.33,0,0,0,0,0,0,0,0
pbt,bintrie,5,4,storage_sload_k100,20,,9553,0,0,0.0545,28.8286,0.0195,0.365,29.4895,0,4,0,0,0,0,0,0,0,0,0,0,4,0,0,0,0,0,0,0,0,0
pbt,bintrie,5,4,storage_sload_k100,20,,9554,0,0,0.0457,20.1473,0.0022,0.1952,21.5607,0,4,0,0,0,0,0,0,0,0,0,0,4,0,0,0,0,0,0,0,0,0
pbt,bintrie,5,4,storage_sload_k100,20,,9555,0,0,0.0352,0.567,0.0016,0.1494,0.9575,0,4,0,0,0,0,0,0,0,0,0,0,4,0,0,0,0,0,0,0,0,0
pbt,bintrie,5,4,storage_sload_k100,20,,9556,0,0,0.0462,27.8706,0.0064,0.1706,28.3143,0,4,0,0,0,0,0,0,0,0,0,0,4,0,0,0,0,0,0,0,0,0
pbt,bintrie,5,4,storage_sload_k100,20,,9557,86864,2,0.1144,3.0967,72.0905,5.3926,82.914,1.0476,11,0,0,0,3,0,0,0,1,157,6,5,54.55,0,0,0,0,0,0,0,0
pbt,bintrie,5,4,storage_sload_k100,20,,9558,15900217,1,263.0574,27.1732,2.9478,1.0278,294.4912,53.9922,107,702,101,2957,2,0,0,0,0,0,6,101,5.61,29,673,4.13,101,0,100,2957,0
pbt,bintrie,5,4,storage_sload_k100,20,,9559,21000,1,0.0664,2.4016,29.0368,7.3607,39.1584,0.5363,6,0,0,0,2,0,0,0,0,0,2,4,33.33,0,0,0,0,0,0,0,0
pbt,bintrie,5,4,storage_sload_k100,20,,9560,0,0,0.0369,3.0245,0.0022,0.2064,3.5114,0,4,0,0,0,0,0,0,0,0,0,0,4,0,0,0,0,0,0,0,0,0
pbt,bintrie,5,4,storage_sload_k100,2,,9422,0,0,0.041,15.9613,0.0028,0.2985,17.1795,0,4,0,0,0,0,0,0,0,0,0,0,4,0,0,0,0,0,0,0,0,0
pbt,bintrie,5,4,storage_sload_k100,2,,9423,0,0,0.0511,21.8799,0.0057,0.1838,22.8526,0,4,0,0,0,0,0,0,0,0,0,0,4,0,0,0,0,0,0,0,0,0
pbt,bintrie,5,4,storage_sload_k100,2,,9424,0,0,0.0379,20.674,0.0052,3.0426,24.6105,0,4,0,0,0,0,0,0,0,0,0,0,4,0,0,0,0,0,0,0,0,0
pbt,bintrie,5,4,storage_sload_k100,2,,9425,0,0,0.1267,39.0904,0.0044,0.3813,40.6236,0,4,0,0,0,0,0,0,0,0,0,0,4,0,0,0,0,0,0,0,0,0
pbt,bintrie,5,4,storage_sload_k100,2,,9426,86864,2,0.0929,2.7286,1.0768,5.0516,10.9294,7.9477,11,0,0,0,3,0,0,0,1,157,6,5,54.55,0,0,0,0,0,0,0,0
pbt,bintrie,5,4,storage_sload_k100,2,,9427,15900217,1,284.7474,8.8895,3.0739,1.2312,298.2458,53.3125,107,702,101,2957,2,0,0,0,0,0,20,87,18.69,110,592,15.67,101,0,100,2957,0
pbt,bintrie,5,4,storage_sload_k100,2,,9428,21000,1,0.0883,5.7613,20.0881,0.8186,26.9737,0.7785,6,0,0,0,2,0,0,0,0,0,2,4,33.33,0,0,0,0,0,0,0,0
pbt,bintrie,5,4,storage_sload_k100,2,,9429,0,0,0.0221,2.7843,0.0024,0.3089,3.3558,0,4,0,0,0,0,0,0,0,0,0,0,4,0,0,0,0,0,0,0,0,0
pbt,bintrie,5,4,storage_sload_k100,3,,9430,0,0,0.0673,27.6375,0.0122,0.3539,28.3491,0,4,0,0,0,0,0,0,0,0,0,0,4,0,0,0,0,0,0,0,0,0
pbt,bintrie,5,4,storage_sload_k100,3,,9431,0,0,0.0635,29.0042,0.0019,0.1717,29.4182,0,4,0,0,0,0,0,0,0,0,0,0,4,0,0,0,0,0,0,0,0,0
pbt,bintrie,5,4,storage_sload_k100,3,,9432,0,0,0.0435,50.9959,0.003,0.1885,51.4108,0,4,0,0,0,0,0,0,0,0,0,0,4,0,0,0,0,0,0,0,0,0
pbt,bintrie,5,4,storage_sload_k100,3,,9433,0,0,0.0418,33.3909,0.0031,0.1639,33.7765,0,4,0,0,0,0,0,0,0,0,0,0,4,0,0,0,0,0,0,0,0,0
pbt,bintrie,5,4,storage_sload_k100,3,,9434,86864,2,0.2976,13.6138,19.0095,8.9335,42.098,2.0634,11,0,0,0,3,0,0,0,1,157,4,7,36.36,0,0,0,0,0,0,0,0
pbt,bintrie,5,4,storage_sload_k100,3,,9435,15900217,1,255.6812,31.9781,2.8792,2.3093,293.1569,54.2379,107,702,101,2957,2,0,0,0,0,0,8,99,7.48,46,656,6.55,101,0,100,2957,0
pbt,bintrie,5,4,storage_sload_k100,3,,9436,21000,1,0.2023,7.6171,5.3593,0.7035,14.1391,1.4852,6,0,0,0,2,0,0,0,0,0,0,6,0,0,0,0,0,0,0,0,0
pbt,bintrie,5,4,storage_sload_k100,4,,9437,0,0,0.061,22.9792,0.0124,0.3234,23.6627,0,4,0,0,0,0,0,0,0,0,0,0,4,0,0,0,0,0,0,0,0,0
pbt,bintrie,5,4,storage_sload_k100,4,,9438,0,0,0.0583,27.1194,0.0027,0.2631,27.6435,0,4,0,0,0,0,0,0,0,0,0,0,4,0,0,0,0,0,0,0,0,0
pbt,bintrie,5,4,storage_sload_k100,4,,9439,0,0,0.0206,0.7255,0.001,0.1112,0.9768,0,4,0,0,0,0,0,0,0,0,0,0,4,0,0,0,0,0,0,0,0,0
pbt,bintrie,5,4,storage_sload_k100,4,,9440,0,0,0.0451,50.4903,0.0022,0.1405,50.8525,0,4,0,0,0,0,0,0,0,0,0,0,4,0,0,0,0,0,0,0,0,0
pbt,bintrie,5,4,storage_sload_k100,4,,9441,86864,2,0.1698,4.2175,2.592,4.8083,11.9726,7.2552,11,0,0,0,3,0,0,0,1,157,4,7,36.36,0,0,0,0,0,0,0,0
pbt,bintrie,5,4,storage_sload_k100,4,,9442,15900217,1,276.2031,18.3912,61.7505,0.6508,357.589,44.4651,107,702,101,2957,2,0,0,0,0,0,51,56,47.66,350,352,49.86,101,0,100,2957,0
pbt,bintrie,5,4,storage_sload_k100,4,,9443,21000,1,0.0686,6.1769,47.5006,0.6509,54.5742,0.3848,6,0,0,0,2,0,0,0,0,0,2,4,33.33,0,0,0,0,0,0,0,0
pbt,bintrie,5,4,storage_sload_k100,5,,9444,0,0,0.1372,16.2118,0.0025,0.359,18.0727,0,4,0,0,0,0,0,0,0,0,0,0,4,0,0,0,0,0,0,0,0,0
pbt,bintrie,5,4,storage_sload_k100,5,,9445,0,0,0.0523,17.5314,0.0029,0.1477,18.8378,0,4,0,0,0,0,0,0,0,0,0,0,4,0,0,0,0,0,0,0,0,0
pbt,bintrie,5,4,storage_sload_k100,5,,9446,0,0,0.0497,47.9882,0.0058,0.2315,48.8959,0,4,0,0,0,0,0,0,0,0,0,0,4,0,0,0,0,0,0,0,0,0
pbt,bintrie,5,4,storage_sload_k100,5,,9447,0,0,0.0322,4.9728,0.0023,0.1891,5.3675,0,4,0,0,0,0,0,0,0,0,0,0,4,0,0,0,0,0,0,0,0,0
pbt,bintrie,5,4,storage_sload_k100,5,,9448,86864,2,0.4176,20.8709,17.8602,5.6823,45.0605,1.9277,11,0,0,0,3,0,0,0,1,157,4,7,36.36,0,0,0,0,0,0,0,0
pbt,bintrie,5,4,storage_sload_k100,5,,9449,15900217,1,247.0946,9.5904,18.6321,1.1075,277.3703,57.3249,107,702,101,2957,2,0,0,0,0,0,12,95,11.21,94,608,13.39,101,0,100,2957,0
pbt,bintrie,5,4,storage_sload_k100,5,,9450,21000,1,0.064,4.5986,2.4592,0.6996,8.0355,2.6134,6,0,0,0,2,0,0,0,0,0,2,4,33.33,0,0,0,0,0,0,0,0
pbt,bintrie,5,4,storage_sload_k100,5,,9451,0,0,0.0302,4.3797,0.0037,0.1482,4.7542,0,4,0,0,0,0,0,0,0,0,0,0,4,0,0,0,0,0,0,0,0,0
pbt,bintrie,5,4,storage_sload_k100,6,,9452,0,0,0.0789,53.4512,0.0039,0.2881,56.9881,0,4,0,0,0,0,0,0,0,0,0,0,4,0,0,0,0,0,0,0,0,0
pbt,bintrie,5,4,storage_sload_k100,6,,9453,0,0,0.0439,0.7764,0.0024,0.1421,6.9215,0,4,0,0,0,0,0,0,0,0,0,0,4,0,0,0,0,0,0,0,0,0
pbt,bintrie,5,4,storage_sload_k100,6,,9454,0,0,0.0339,2.5997,0.0014,0.1295,2.9805,0,4,0,0,0,0,0,0,0,0,0,0,4,0,0,0,0,0,0,0,0,0
pbt,bintrie,5,4,storage_sload_k100,6,,9455,0,0,0.0694,17.5705,0.003,0.1934,18.1901,0,4,0,0,0,0,0,0,0,0,0,0,4,0,0,0,0,0,0,0,0,0
pbt,bintrie,5,4,storage_sload_k100,6,,9456,86864,2,0.1071,16.5467,0.7978,5.7538,23.4119,3.7103,11,0,0,0,3,0,0,0,1,157,6,5,54.55,0,0,0,0,0,0,0,0
pbt,bintrie,5,4,storage_sload_k100,6,,9457,15900217,1,306.4291,9.9173,2.9545,1.1273,320.7443,49.5729,107,702,101,2957,2,0,0,0,0,0,26,81,24.3,165,537,23.5,101,0,100,2957,0
pbt,bintrie,5,4,storage_sload_k100,6,,9458,21000,1,0.0839,4.9234,3.1506,0.744,9.1338,2.2991,6,0,0,0,2,0,0,0,0,0,2,4,33.33,0,0,0,0,0,0,0,0
pbt,bintrie,5,4,storage_sload_k100,7,,9459,0,0,0.059,53.9428,0.0037,0.6103,55.0287,0,4,0,0,0,0,0,0,0,0,0,0,4,0,0,0,0,0,0,0,0,0
pbt,bintrie,5,4,storage_sload_k100,7,,9460,0,0,0.0476,29.6838,0.003,0.1625,31.0921,0,4,0,0,0,0,0,0,0,0,0,0,4,0,0,0,0,0,0,0,0,0
pbt,bintrie,5,4,storage_sload_k100,7,,9461,0,0,0.0537,37.8672,0.0035,0.2142,44.8484,0,4,0,0,0,0,0,0,0,0,0,0,4,0,0,0,0,0,0,0,0,0
pbt,bintrie,5,4,storage_sload_k100,7,,9462,0,0,0.0371,2.5464,0.0013,0.1119,2.8333,0,4,0,0,0,0,0,0,0,0,0,0,4,0,0,0,0,0,0,0,0,0
pbt,bintrie,5,4,storage_sload_k100,7,,9463,86864,2,0.1152,4.7575,1.0696,4.7906,10.9854,7.9073,11,0,0,0,3,0,0,0,1,157,6,5,54.55,0,0,0,0,0,0,0,0
pbt,bintrie,5,4,storage_sload_k100,7,,9464,15900217,1,286.3227,8.4566,2.8368,1.1416,299.1714,53.1475,107,702,101,2957,2,0,0,0,0,0,29,78,27.1,173,529,24.64,101,0,100,2957,0
pbt,bintrie,5,4,storage_sload_k100,7,,9465,21000,1,0.0941,3.0561,2.9723,11.8276,18.186,1.1547,6,0,0,0,2,0,0,0,0,0,2,4,33.33,0,0,0,0,0,0,0,0
pbt,bintrie,5,4,storage_sload_k100,7,,9466,0,0,0.0268,2.8938,0.0021,0.7505,4.6996,0,4,0,0,0,0,0,0,0,0,0,0,4,0,0,0,0,0,0,0,0,0
pbt,bintrie,5,4,storage_sload_k100,8,,9467,0,0,0.0706,10.0337,0.0025,5.85,16.1723,0,4,0,0,0,0,0,0,0,0,0,0,4,0,0,0,0,0,0,0,0,0
pbt,bintrie,5,4,storage_sload_k100,8,,9468,0,0,0.0463,19.7558,0.0026,0.1415,21.1498,0,4,0,0,0,0,0,0,0,0,0,0,4,0,0,0,0,0,0,0,0,0
pbt,bintrie,5,4,storage_sload_k100,8,,9469,0,0,0.0325,27.5818,0.0034,4.3919,32.2458,0,4,0,0,0,0,0,0,0,0,0,0,4,0,0,0,0,0,0,0,0,0
pbt,bintrie,5,4,storage_sload_k100,8,,9470,0,0,0.1828,25.1883,0.0029,0.2406,25.9762,0,4,0,0,0,0,0,0,0,0,0,0,4,0,0,0,0,0,0,0,0,0
pbt,bintrie,5,4,storage_sload_k100,8,,9471,86864,2,0.1645,3.0508,1.6199,5.5449,11.7072,7.4197,11,0,0,0,3,0,0,0,1,157,6,5,54.55,0,0,0,0,0,0,0,0
pbt,bintrie,5,4,storage_sload_k100,8,,9472,15900217,1,278.6723,8.4507,2.8675,1.1593,291.603,54.5269,107,702,101,2957,2,0,0,0,0,0,33,74,30.84,226,476,32.19,101,0,100,2957,0
pbt,bintrie,5,4,storage_sload_k100,8,,9473,21000,1,0.104,3.8542,4.5894,0.7964,9.5729,2.1937,6,0,0,0,2,0,0,0,0,0,2,4,33.33,0,0,0,0,0,0,0,0
pbt,bintrie,5,4,storage_sload_k100,9,,9474,0,0,0.0768,24.7145,0.0186,0.4035,26.9845,0,4,0,0,0,0,0,0,0,0,0,0,4,0,0,0,0,0,0,0,0,0
pbt,bintrie,5,4,storage_sload_k100,9,,9475,0,0,0.0543,35.9387,0.0316,0.7752,37.084,0,4,0,0,0,0,0,0,0,0,0,0,4,0,0,0,0,0,0,0,0,0
pbt,bintrie,5,4,storage_sload_k100,9,,9476,0,0,0.0316,50.4574,0.0025,0.3875,63.8267,0,4,0,0,0,0,0,0,0,0,0,0,4,0,0,0,0,0,0,0,0,0
pbt,bintrie,5,4,storage_sload_k100,9,,9477,0,0,0.0916,50.7402,0.0029,0.1719,51.1973,0,4,0,0,0,0,0,0,0,0,0,0,4,0,0,0,0,0,0,0,0,0
pbt,bintrie,5,4,storage_sload_k100,9,,9478,86864,2,0.1182,4.9502,9.4183,9.4604,24.1636,3.5948,11,0,0,0,3,0,0,0,1,157,6,5,54.55,0,0,0,0,0,0,0,0
pbt,bintrie,5,4,storage_sload_k100,9,,9479,15900217,1,276.8978,7.6238,2.9913,1.191,289.0055,55.017,107,702,101,2957,2,0,0,0,0,0,8,99,7.48,57,645,8.12,101,0,100,2957,0
pbt,bintrie,5,4,storage_sload_k100,9,,9480,21000,1,0.0603,2.6218,2.8123,0.805,6.455,3.2533,6,0,0,0,2,0,0,0,0,0,2,4,33.33,0,0,0,0,0,0,0,0
pbt,bintrie,5,4,storage_sload_k400,10,,9625,0,0,0.0731,16.9205,0.0028,0.3211,17.8343,0,4,0,0,0,0,0,0,0,0,0,0,4,0,0,0,0,0,0,0,0,0
pbt,bintrie,5,4,storage_sload_k400,10,,9626,0,0,0.0448,38.0821,0.0062,0.1685,39.5612,0,4,0,0,0,0,0,0,0,0,0,0,4,0,0,0,0,0,0,0,0,0
pbt,bintrie,5,4,storage_sload_k400,10,,9627,0,0,0.0527,25.6634,0.003,0.1121,28.7235,0,4,0,0,0,0,0,0,0,0,0,0,4,0,0,0,0,0,0,0,0,0
pbt,bintrie,5,4,storage_sload_k400,10,,9628,0,0,0.0327,4.0361,0.0015,0.1252,4.3758,0,4,0,0,0,0,0,0,0,0,0,0,4,0,0,0,0,0,0,0,0,0
pbt,bintrie,5,4,storage_sload_k400,10,,9629,86852,2,0.1387,13.0763,62.1082,4.8749,81.7136,1.0629,11,0,0,0,3,0,0,0,1,157,6,5,54.55,0,0,0,0,0,0,0,0
pbt,bintrie,5,4,storage_sload_k400,10,,9630,15900303,1,247.0652,33.328,2.7503,1.1817,285.5602,55.6811,407,702,401,11357,2,0,0,0,0,0,6,401,1.47,5,697,0.71,401,0,100,11357,0
pbt,bintrie,5,4,storage_sload_k400,10,,9631,21000,1,0.0815,5.4876,51.5655,0.6184,57.9493,0.3624,6,0,0,0,2,0,0,0,0,0,2,4,33.33,0,0,0,0,0,0,0,0
pbt,bintrie,5,4,storage_sload_k400,10,,9632,0,0,0.0507,53.9836,0.0029,0.2612,54.5114,0,4,0,0,0,0,0,0,0,0,0,0,4,0,0,0,0,0,0,0,0,0
pbt,bintrie,5,4,storage_sload_k400,11,,9633,0,0,0.0733,27.5897,0.0108,0.2529,29.2696,0,4,0,0,0,0,0,0,0,0,0,0,4,0,0,0,0,0,0,0,0,0
pbt,bintrie,5,4,storage_sload_k400,11,,9634,0,0,0.0438,15.2718,0.0028,0.1743,15.6645,0,4,0,0,0,0,0,0,0,0,0,0,4,0,0,0,0,0,0,0,0,0
pbt,bintrie,5,4,storage_sload_k400,11,,9635,0,0,0.0439,23.6809,0.0041,10.207,47.4885,0,4,0,0,0,0,0,0,0,0,0,0,4,0,0,0,0,0,0,0,0,0
pbt,bintrie,5,4,storage_sload_k400,11,,9636,0,0,0.0464,16.7739,0.003,0.1707,17.1904,0,4,0,0,0,0,0,0,0,0,0,0,4,0,0,0,0,0,0,0,0,0
pbt,bintrie,5,4,storage_sload_k400,11,,9637,86852,2,0.3954,33.6021,1.6068,7.2989,56.4299,1.5391,11,0,0,0,3,0,0,0,1,157,4,7,36.36,0,0,0,0,0,0,0,0
pbt,bintrie,5,4,storage_sload_k400,11,,9638,15900303,1,259.1542,9.5159,6.9695,1.8023,279.6209,56.8638,407,702,401,11357,2,0,0,0,0,0,91,316,22.36,178,524,25.36,401,0,100,11357,0
pbt,bintrie,5,4,storage_sload_k400,11,,9639,21000,1,0.057,2.5537,2.8578,0.7519,6.3847,3.2891,6,0,0,0,2,0,0,0,0,0,2,4,33.33,0,0,0,0,0,0,0,0
pbt,bintrie,5,4,storage_sload_k400,12,,9640,0,0,0.0699,22.1638,0.0025,0.3021,22.7853,0,4,0,0,0,0,0,0,0,0,0,0,4,0,0,0,0,0,0,0,0,0
pbt,bintrie,5,4,storage_sload_k400,12,,9641,0,0,0.0466,22.4672,0.0107,0.216,23.0398,0,4,0,0,0,0,0,0,0,0,0,0,4,0,0,0,0,0,0,0,0,0
pbt,bintrie,5,4,storage_sload_k400,12,,9642,0,0,0.0417,21.1423,0.0021,0.1941,23.1469,0,4,0,0,0,0,0,0,0,0,0,0,4,0,0,0,0,0,0,0,0,0
pbt,bintrie,5,4,storage_sload_k400,12,,9643,0,0,0.0505,26.1278,0.0026,0.174,26.6685,0,4,0,0,0,0,0,0,0,0,0,0,4,0,0,0,0,0,0,0,0,0
pbt,bintrie,5,4,storage_sload_k400,12,,9644,86852,2,0.1037,37.2009,13.074,5.2616,55.8996,1.5537,11,0,0,0,3,0,0,0,1,157,6,5,54.55,0,0,0,0,0,0,0,0
pbt,bintrie,5,4,storage_sload_k400,12,,9645,15900303,1,248.6244,24.4902,3.7746,1.0656,278.3588,57.1216,407,702,401,11357,2,0,0,0,0,0,75,332,18.43,113,589,16.1,401,0,100,11357,0
pbt,bintrie,5,4,storage_sload_k400,12,,9646,21000,1,0.0724,2.6394,13.2634,0.752,17.2304,1.2188,6,0,0,0,2,0,0,0,0,0,2,4,33.33,0,0,0,0,0,0,0,0
pbt,bintrie,5,4,storage_sload_k400,13,,9647,0,0,0.0599,28.6805,0.0032,0.344,29.4857,0,4,0,0,0,0,0,0,0,0,0,0,4,0,0,0,0,0,0,0,0,0
pbt,bintrie,5,4,storage_sload_k400,13,,9648,0,0,0.0608,17.4117,0.0041,0.1597,17.8245,0,4,0,0,0,0,0,0,0,0,0,0,4,0,0,0,0,0,0,0,0,0
pbt,bintrie,5,4,storage_sload_k400,13,,9649,0,0,0.0326,17.2004,0.0023,0.1265,17.4932,0,4,0,0,0,0,0,0,0,0,0,0,4,0,0,0,0,0,0,0,0,0
pbt,bintrie,5,4,storage_sload_k400,13,,9650,0,0,0.045,17.2529,0.0026,0.2343,17.7152,0,4,0,0,0,0,0,0,0,0,0,0,4,0,0,0,0,0,0,0,0,0
pbt,bintrie,5,4,storage_sload_k400,13,,9651,86852,2,0.1118,20.8507,16.5944,4.7266,42.5142,2.0429,11,0,0,0,3,0,0,0,1,157,6,5,54.55,0,0,0,0,0,0,0,0
pbt,bintrie,5,4,storage_sload_k400,13,,9652,15900303,1,245.4655,23.6991,2.902,1.0402,273.4055,58.1565,407,702,401,11357,2,0,0,0,0,0,93,314,22.85,174,528,24.79,401,0,100,11357,0
pbt,bintrie,5,4,storage_sload_k400,13,,9653,21000,1,0.1016,3.1605,49.2046,0.7225,53.4091,0.3932,6,0,0,0,2,0,0,0,0,0,2,4,33.33,0,0,0,0,0,0,0,0
pbt,bintrie,5,4,storage_sload_k400,14,,9654,0,0,0.0902,23.2989,0.0029,2.1402,25.7496,0,4,0,0,0,0,0,0,0,0,0,0,4,0,0,0,0,0,0,0,0,0
pbt,bintrie,5,4,storage_sload_k400,14,,9655,0,0,0.0453,30.7953,0.0029,0.2647,31.3047,0,4,0,0,0,0,0,0,0,0,0,0,4,0,0,0,0,0,0,0,0,0
pbt,bintrie,5,4,storage_sload_k400,14,,9656,0,0,0.2897,53.2451,0.0035,0.184,68.7694,0,4,0,0,0,0,0,0,0,0,0,0,4,0,0,0,0,0,0,0,0,0
pbt,bintrie,5,4,storage_sload_k400,14,,9657,0,0,0.0412,33.2737,0.002,0.121,33.6003,0,4,0,0,0,0,0,0,0,0,0,0,4,0,0,0,0,0,0,0,0,0
pbt,bintrie,5,4,storage_sload_k400,14,,9658,86852,2,0.101,10.345,9.4131,4.7511,24.7716,3.5061,11,0,0,0,3,0,0,0,1,157,5,6,45.45,0,0,0,0,0,0,0,0
pbt,bintrie,5,4,storage_sload_k400,14,,9659,15900303,1,325.3472,9.3763,3.0338,1.1788,339.1304,46.8855,407,702,401,11357,2,0,0,0,0,0,103,304,25.31,183,519,26.07,401,0,100,11357,0
pbt,bintrie,5,4,storage_sload_k400,14,,9660,21000,1,0.0818,5.4283,3.1529,0.8256,9.6679,2.1721,6,0,0,0,2,0,0,0,0,0,2,4,33.33,0,0,0,0,0,0,0,0
pbt,bintrie,5,4,storage_sload_k400,15,,9661,0,0,0.059,43.3497,0.0032,0.2917,44.0355,0,4,0,0,0,0,0,0,0,0,0,0,4,0,0,0,0,0,0,0,0,0
pbt,bintrie,5,4,storage_sload_k400,15,,9662,0,0,0.151,25.8932,0.0111,0.414,26.7349,0,4,0,0,0,0,0,0,0,0,0,0,4,0,0,0,0,0,0,0,0,0
pbt,bintrie,5,4,storage_sload_k400,15,,9663,0,0,0.0354,20.0219,0.0029,0.1778,20.4212,0,4,0,0,0,0,0,0,0,0,0,0,4,0,0,0,0,0,0,0,0,0
pbt,bintrie,5,4,storage_sload_k400,15,,9664,0,0,0.0434,26.598,0.0037,0.1736,26.9981,0,4,0,0,0,0,0,0,0,0,0,0,4,0,0,0,0,0,0,0,0,0
pbt,bintrie,5,4,storage_sload_k400,15,,9665,86852,2,0.0979,18.7661,52.0068,4.9524,76.0327,1.1423,11,0,0,0,3,0,0,0,1,157,7,4,63.64,0,0,0,0,0,0,0,0
pbt,bintrie,5,4,storage_sload_k400,15,,9666,15900303,1,261.0866,13.7573,7.5863,1.2368,284.0909,55.9691,407,702,401,11357,2,0,0,0,0,0,75,332,18.43,145,557,20.66,401,0,100,11357,0
pbt,bintrie,5,4,storage_sload_k400,15,,9667,21000,1,0.0606,3.1618,52.5475,0.6093,58.8644,0.3568,6,0,0,0,2,0,0,0,0,0,0,6,0,0,0,0,0,0,0,0,0
pbt,bintrie,5,4,storage_sload_k400,16,,9668,0,0,0.0678,33.208,0.0036,0.2353,33.7225,0,4,0,0,0,0,0,0,0,0,0,0,4,0,0,0,0,0,0,0,0,0
pbt,bintrie,5,4,storage_sload_k400,16,,9669,0,0,0.037,15.4032,0.0027,0.1459,15.7804,0,4,0,0,0,0,0,0,0,0,0,0,4,0,0,0,0,0,0,0,0,0
pbt,bintrie,5,4,storage_sload_k400,16,,9670,0,0,0.0414,38.7586,0.0034,1.3446,40.7483,0,4,0,0,0,0,0,0,0,0,0,0,4,0,0,0,0,0,0,0,0,0
pbt,bintrie,5,4,storage_sload_k400,16,,9671,0,0,0.0578,45.5957,0.0029,0.1657,46.0272,0,4,0,0,0,0,0,0,0,0,0,0,4,0,0,0,0,0,0,0,0,0
pbt,bintrie,5,4,storage_sload_k400,16,,9672,86852,2,0.1263,51.4821,4.7131,7.8864,64.4313,1.348,11,0,0,0,3,0,0,0,1,157,5,6,45.45,0,0,0,0,0,0,0,0
pbt,bintrie,5,4,storage_sload_k400,16,,9673,15900303,1,265.8704,30.3218,2.9429,1.2275,300.6926,52.8789,407,702,401,11357,2,0,0,0,0,0,82,325,20.15,154,548,21.94,401,0,100,11357,0
pbt,bintrie,5,4,storage_sload_k400,16,,9674,21000,1,0.1423,6.2663,52.0452,0.6873,59.8618,0.3508,6,0,0,0,2,0,0,0,0,0,0,6,0,0,0,0,0,0,0,0,0
pbt,bintrie,5,4,storage_sload_k400,16,,9675,0,0,0.0529,47.8417,0.0027,0.1737,51.7868,0,4,0,0,0,0,0,0,0,0,0,0,4,0,0,0,0,0,0,0,0,0
pbt,bintrie,5,4,storage_sload_k400,17,,9676,0,0,0.0649,27.439,0.0041,0.3277,28.1237,0,4,0,0,0,0,0,0,0,0,0,0,4,0,0,0,0,0,0,0,0,0
pbt,bintrie,5,4,storage_sload_k400,17,,9677,0,0,0.0569,18.6178,0.0054,0.1325,19.5377,0,4,0,0,0,0,0,0,0,0,0,0,4,0,0,0,0,0,0,0,0,0
pbt,bintrie,5,4,storage_sload_k400,17,,9678,0,0,0.0544,46.3604,0.0032,0.1567,46.809,0,4,0,0,0,0,0,0,0,0,0,0,4,0,0,0,0,0,0,0,0,0
pbt,bintrie,5,4,storage_sload_k400,17,,9679,0,0,0.0466,5.8902,0.0026,0.1582,6.3383,0,4,0,0,0,0,0,0,0,0,0,0,4,0,0,0,0,0,0,0,0,0
pbt,bintrie,5,4,storage_sload_k400,17,,9680,86852,2,0.445,1.1948,0.7021,5.0833,43.9599,1.9757,11,0,0,0,3,0,0,0,1,157,4,7,36.36,0,0,0,0,0,0,0,0
pbt,bintrie,5,4,storage_sload_k400,17,,9681,15900303,1,236.3226,21.4696,2.7207,1.1653,262.2326,60.6344,407,702,401,11357,2,0,0,0,0,0,285,122,70.02,467,235,66.52,401,0,100,11357,0
pbt,bintrie,5,4,storage_sload_k400,17,,9682,21000,1,0.0581,2.6461,2.6537,0.5737,6.1231,3.4296,6,0,0,0,2,0,0,0,0,0,2,4,33.33,0,0,0,0,0,0,0,0
pbt,bintrie,5,4,storage_sload_k400,18,,9683,0,0,0.0567,30.3384,0.0031,0.2639,30.9644,0,4,0,0,0,0,0,0,0,0,0,0,4,0,0,0,0,0,0,0,0,0
pbt,bintrie,5,4,storage_sload_k400,18,,9684,0,0,0.0688,31.6784,0.0115,0.1893,32.6514,0,4,0,0,0,0,0,0,0,0,0,0,4,0,0,0,0,0,0,0,0,0
pbt,bintrie,5,4,storage_sload_k400,18,,9685,0,0,0.0442,45.4271,0.0029,0.1624,45.8427,0,4,0,0,0,0,0,0,0,0,0,0,4,0,0,0,0,0,0,0,0,0
pbt,bintrie,5,4,storage_sload_k400,18,,9686,0,0,0.0557,7.567,0.0025,0.1411,7.9552,0,4,0,0,0,0,0,0,0,0,0,0,4,0,0,0,0,0,0,0,0,0
pbt,bintrie,5,4,storage_sload_k400,18,,9687,86852,2,0.3769,0.9961,0.7577,5.003,7.744,11.2154,11,0,0,0,3,0,0,0,1,157,4,7,36.36,0,0,0,0,0,0,0,0
pbt,bintrie,5,4,storage_sload_k400,18,,9688,15900303,1,232.1953,13.0534,61.3545,0.7186,309.8692,51.313,407,702,401,11357,2,0,0,0,0,0,87,320,21.38,154,548,21.94,401,0,100,11357,0
pbt,bintrie,5,4,storage_sload_k400,18,,9689,21000,1,0.1334,3.3051,51.3282,0.6084,56.2661,0.3732,6,0,0,0,2,0,0,0,0,0,0,6,0,0,0,0,0,0,0,0,0
pbt,bintrie,5,4,storage_sload_k400,19,,9690,0,0,0.0789,42.5736,0.003,0.4831,47.3565,0,4,0,0,0,0,0,0,0,0,0,0,4,0,0,0,0,0,0,0,0,0
pbt,bintrie,5,4,storage_sload_k400,19,,9691,0,0,0.0453,17.8443,0.0026,1.3971,19.5511,0,4,0,0,0,0,0,0,0,0,0,0,4,0,0,0,0,0,0,0,0,0
pbt,bintrie,5,4,storage_sload_k400,19,,9692,0,0,0.0434,4.425,0.002,0.1368,6.4231,0,4,0,0,0,0,0,0,0,0,0,0,4,0,0,0,0,0,0,0,0,0
pbt,bintrie,5,4,storage_sload_k400,19,,9693,0,0,0.0494,24.4225,0.0057,0.2687,24.978,0,4,0,0,0,0,0,0,0,0,0,0,4,0,0,0,0,0,0,0,0,0
pbt,bintrie,5,4,storage_sload_k400,19,,9694,86852,2,0.0906,0.8463,1.0663,4.925,8.7209,9.959,11,0,0,0,3,0,0,0,1,157,6,5,54.55,0,0,0,0,0,0,0,0
pbt,bintrie,5,4,storage_sload_k400,19,,9695,15900303,1,296.768,8.832,10.0905,2.1166,317.9891,50.0027,407,702,401,11357,2,0,0,0,0,0,69,338,16.95,138,564,19.66,401,0,100,11357,0
pbt,bintrie,5,4,storage_sload_k400,19,,9696,21000,1,0.0576,9.5624,51.8992,0.6473,62.4669,0.3362,6,0,0,0,2,0,0,0,0,0,2,4,33.33,0,0,0,0,0,0,0,0
pbt,bintrie,5,4,storage_sload_k400,1,,9561,0,0,0.0792,64.4695,0.002,0.1769,69.2886,0,4,0,0,0,0,0,0,0,0,0,0,4,0,0,0,0,0,0,0,0,0
pbt,bintrie,5,4,storage_sload_k400,1,,9562,0,0,0.1491,8.0769,0.0025,0.1807,8.5989,0,4,0,0,0,0,0,0,0,0,0,0,4,0,0,0,0,0,0,0,0,0
pbt,bintrie,5,4,storage_sload_k400,1,,9563,0,0,0.0423,3.3469,0.0027,0.1941,4.1335,0,4,0,0,0,0,0,0,0,0,0,0,4,0,0,0,0,0,0,0,0,0
pbt,bintrie,5,4,storage_sload_k400,1,,9564,0,0,0.0847,21.7995,0.0031,0.1586,22.3417,0,4,0,0,0,0,0,0,0,0,0,0,4,0,0,0,0,0,0,0,0,0
pbt,bintrie,5,4,storage_sload_k400,1,,9565,86852,2,0.3745,10.4683,6.9802,4.9817,23.0599,3.7664,11,0,0,0,3,0,0,0,1,157,4,7,36.36,0,0,0,0,0,0,0,0
pbt,bintrie,5,4,storage_sload_k400,1,,9566,15900303,1,264.9464,13.0453,15.8396,1.0138,295.0833,53.8841,407,702,401,11357,2,0,0,0,0,0,403,4,99.02,700,2,99.72,401,0,100,11357,0
pbt,bintrie,5,4,storage_sload_k400,1,,9567,21000,1,0.0842,5.7203,49.0166,0.6359,55.6819,0.3771,6,0,0,0,2,0,0,0,0,0,0,6,0,0,0,0,0,0,0,0,0
pbt,bintrie,5,4,storage_sload_k400,20,,9697,0,0,0.0557,19.9394,0.0027,0.3115,20.5633,0,4,0,0,0,0,0,0,0,0,0,0,4,0,0,0,0,0,0,0,0,0
pbt,bintrie,5,4,storage_sload_k400,20,,9698,0,0,0.0445,29.0233,0.0024,0.2206,29.4688,0,4,0,0,0,0,0,0,0,0,0,0,4,0,0,0,0,0,0,0,0,0
pbt,bintrie,5,4,storage_sload_k400,20,,9699,0,0,0.051,38.0799,0.0037,0.9944,41.4013,0,4,0,0,0,0,0,0,0,0,0,0,4,0,0,0,0,0,0,0,0,0
pbt,bintrie,5,4,storage_sload_k400,20,,9700,0,0,0.0459,30.0192,0.0024,0.1642,30.423,0,4,0,0,0,0,0,0,0,0,0,0,4,0,0,0,0,0,0,0,0,0
pbt,bintrie,5,4,storage_sload_k400,20,,9701,86852,2,0.123,13.0712,64.9187,4.8044,84.5904,1.0267,11,0,0,0,3,0,0,0,1,157,6,5,54.55,0,0,0,0,0,0,0,0
pbt,bintrie,5,4,storage_sload_k400,20,,9702,15900303,1,234.3245,22.7263,3.5361,1.2064,262.2024,60.6413,407,702,401,11357,2,0,0,0,0,0,118,289,28.99,210,492,29.91,401,0,100,11357,0
pbt,bintrie,5,4,storage_sload_k400,20,,9703,21000,1,0.076,12.069,39.394,0.9117,52.6611,0.3988,6,0,0,0,2,0,0,0,0,0,2,4,33.33,0,0,0,0,0,0,0,0
pbt,bintrie,5,4,storage_sload_k400,2,,9568,0,0,0.1097,41.7868,0.0027,0.2683,42.5623,0,4,0,0,0,0,0,0,0,0,0,0,4,0,0,0,0,0,0,0,0,0
pbt,bintrie,5,4,storage_sload_k400,2,,9569,0,0,0.0365,25.4223,0.002,0.1038,25.766,0,4,0,0,0,0,0,0,0,0,0,0,4,0,0,0,0,0,0,0,0,0
pbt,bintrie,5,4,storage_sload_k400,2,,9570,0,0,0.0446,53.1191,0.0058,1.006,54.758,0,4,0,0,0,0,0,0,0,0,0,0,4,0,0,0,0,0,0,0,0,0
pbt,bintrie,5,4,storage_sload_k400,2,,9571,0,0,0.0389,11.6519,0.0029,0.1384,12.019,0,4,0,0,0,0,0,0,0,0,0,0,4,0,0,0,0,0,0,0,0,0
pbt,bintrie,5,4,storage_sload_k400,2,,9572,86852,2,0.1292,2.7517,3.1997,9.4887,15.7316,5.5209,11,0,0,0,3,0,0,0,1,157,5,6,45.45,0,0,0,0,0,0,0,0
pbt,bintrie,5,4,storage_sload_k400,2,,9573,15900303,1,239.5819,29.2147,3.4878,1.1681,273.9295,58.0452,407,702,401,11357,2,0,0,0,0,0,40,367,9.83,54,648,7.69,401,0,100,11357,0
pbt,bintrie,5,4,storage_sload_k400,2,,9574,21000,1,0.0684,3.8987,11.8036,40.7233,56.6713,0.3706,6,0,0,0,2,0,0,0,0,0,2,4,33.33,0,0,0,0,0,0,0,0
pbt,bintrie,5,4,storage_sload_k400,3,,9575,0,0,0.0563,28.9327,0.0029,0.2912,29.5083,0,4,0,0,0,0,0,0,0,0,0,0,4,0,0,0,0,0,0,0,0,0
pbt,bintrie,5,4,storage_sload_k400,3,,9576,0,0,0.077,33.8444,0.0032,0.3404,34.4645,0,4,0,0,0,0,0,0,0,0,0,0,4,0,0,0,0,0,0,0,0,0
pbt,bintrie,5,4,storage_sload_k400,3,,9577,0,0,0.0339,42.1276,0.009,3.1752,52.775,0,4,0,0,0,0,0,0,0,0,0,0,4,0,0,0,0,0,0,0,0,0
pbt,bintrie,5,4,storage_sload_k400,3,,9578,0,0,0.0474,24.8613,0.0021,0.1563,25.2921,0,4,0,0,0,0,0,0,0,0,0,0,4,0,0,0,0,0,0,0,0,0
pbt,bintrie,5,4,storage_sload_k400,3,,9579,86852,2,0.159,3.3711,10.2691,5.1822,19.2331,4.5158,11,0,0,0,3,0,0,0,1,157,6,5,54.55,0,0,0,0,0,0,0,0
pbt,bintrie,5,4,storage_sload_k400,3,,9580,15900303,1,255.3388,29.6556,2.8169,0.8658,288.8837,55.0405,407,702,401,11357,2,0,0,0,0,0,88,319,21.62,163,539,23.22,401,0,100,11357,0
pbt,bintrie,5,4,storage_sload_k400,3,,9581,21000,1,0.0654,2.6559,2.8993,0.7523,6.523,3.2194,6,0,0,0,2,0,0,0,0,0,2,4,33.33,0,0,0,0,0,0,0,0
pbt,bintrie,5,4,storage_sload_k400,4,,9582,0,0,0.0648,22.9129,0.0057,0.2329,23.4319,0,4,0,0,0,0,0,0,0,0,0,0,4,0,0,0,0,0,0,0,0,0
pbt,bintrie,5,4,storage_sload_k400,4,,9583,0,0,0.0488,12.5439,0.0024,0.2314,13.4506,0,4,0,0,0,0,0,0,0,0,0,0,4,0,0,0,0,0,0,0,0,0
pbt,bintrie,5,4,storage_sload_k400,4,,9584,0,0,0.0507,56.4034,0.003,0.104,56.7178,0,4,0,0,0,0,0,0,0,0,0,0,4,0,0,0,0,0,0,0,0,0
pbt,bintrie,5,4,storage_sload_k400,4,,9585,0,0,0.4556,8.164,0.0019,0.1092,9.1555,0,4,0,0,0,0,0,0,0,0,0,0,4,0,0,0,0,0,0,0,0,0
pbt,bintrie,5,4,storage_sload_k400,4,,9586,86852,2,0.3584,17.0554,5.6899,4.3671,27.7432,3.1306,11,0,0,0,3,0,0,0,1,157,4,7,36.36,0,0,0,0,0,0,0,0
pbt,bintrie,5,4,storage_sload_k400,4,,9587,15900303,1,230.5721,15.8634,24.2723,1.2048,272.7879,58.2881,407,702,401,11357,2,0,0,0,0,0,45,362,11.06,61,641,8.69,401,0,100,11357,0
pbt,bintrie,5,4,storage_sload_k400,4,,9588,21000,1,0.1203,7.1365,47.0215,0.562,55.0481,0.3815,6,0,0,0,2,0,0,0,0,0,2,4,33.33,0,0,0,0,0,0,0,0
pbt,bintrie,5,4,storage_sload_k400,5,,9589,0,0,0.0599,0.7766,0.0023,0.2322,1.378,0,4,0,0,0,0,0,0,0,0,0,0,4,0,0,0,0,0,0,0,0,0
pbt,bintrie,5,4,storage_sload_k400,5,,9590,0,0,0.029,1.0399,0.0029,0.1622,9.8993,0,4,0,0,0,0,0,0,0,0,0,0,4,0,0,0,0,0,0,0,0,0
pbt,bintrie,5,4,storage_sload_k400,5,,9591,0,0,0.0435,88.9901,0.0034,0.1682,89.4156,0,4,0,0,0,0,0,0,0,0,0,0,4,0,0,0,0,0,0,0,0,0
pbt,bintrie,5,4,storage_sload_k400,5,,9592,0,0,0.0591,16.2511,0.0026,0.1794,16.6851,0,4,0,0,0,0,0,0,0,0,0,0,4,0,0,0,0,0,0,0,0,0
pbt,bintrie,5,4,storage_sload_k400,5,,9593,86852,2,0.1174,2.9922,1.1488,4.8262,9.3383,9.3006,11,0,0,0,3,0,0,0,1,157,6,5,54.55,0,0,0,0,0,0,0,0
pbt,bintrie,5,4,storage_sload_k400,5,,9594,15900303,1,250.2345,9.5493,3.0653,1.086,264.2233,60.1775,407,702,401,11357,2,0,0,0,0,0,97,310,23.83,177,525,25.21,401,0,100,11357,0
pbt,bintrie,5,4,storage_sload_k400,5,,9595,21000,1,0.0615,2.512,4.0661,0.7388,7.5185,2.7931,6,0,0,0,2,0,0,0,0,0,2,4,33.33,0,0,0,0,0,0,0,0
pbt,bintrie,5,4,storage_sload_k400,6,,9596,0,0,0.0726,50.8612,0.0027,0.1932,51.442,0,4,0,0,0,0,0,0,0,0,0,0,4,0,0,0,0,0,0,0,0,0
pbt,bintrie,5,4,storage_sload_k400,6,,9597,0,0,0.0452,38.0263,0.0031,0.2223,39.766,0,4,0,0,0,0,0,0,0,0,0,0,4,0,0,0,0,0,0,0,0,0
pbt,bintrie,5,4,storage_sload_k400,6,,9598,0,0,0.1161,51.4692,0.0022,0.1222,53.1382,0,4,0,0,0,0,0,0,0,0,0,0,4,0,0,0,0,0,0,0,0,0
pbt,bintrie,5,4,storage_sload_k400,6,,9599,0,0,0.0463,15.8946,0.0018,0.123,16.2496,0,4,0,0,0,0,0,0,0,0,0,0,4,0,0,0,0,0,0,0,0,0
pbt,bintrie,5,4,storage_sload_k400,6,,9600,86852,2,0.1088,3.2256,16.5238,5.3861,30.8744,2.8131,11,0,0,0,3,0,0,0,1,157,6,5,54.55,0,0,0,0,0,0,0,0
pbt,bintrie,5,4,storage_sload_k400,6,,9601,15900303,1,241.1247,40.16,3.2969,1.2066,286.034,55.5889,407,702,401,11357,2,0,0,0,0,0,316,91,77.64,541,161,77.07,401,0,100,11357,0
pbt,bintrie,5,4,storage_sload_k400,6,,9602,21000,1,0.0961,7.2776,5.1262,0.765,13.5022,1.5553,6,0,0,0,2,0,0,0,0,0,2,4,33.33,0,0,0,0,0,0,0,0
pbt,bintrie,5,4,storage_sload_k400,6,,9603,0,0,0.0261,2.9307,0.0018,0.2102,3.3371,0,4,0,0,0,0,0,0,0,0,0,0,4,0,0,0,0,0,0,0,0,0
pbt,bintrie,5,4,storage_sload_k400,7,,9604,0,0,0.1218,38.002,0.0029,0.3226,38.6945,0,4,0,0,0,0,0,0,0,0,0,0,4,0,0,0,0,0,0,0,0,0
pbt,bintrie,5,4,storage_sload_k400,7,,9605,0,0,0.0437,18.2081,0.0024,0.1726,19.0565,0,4,0,0,0,0,0,0,0,0,0,0,4,0,0,0,0,0,0,0,0,0
pbt,bintrie,5,4,storage_sload_k400,7,,9606,0,0,0.0693,31.1829,0.002,0.1121,31.8144,0,4,0,0,0,0,0,0,0,0,0,0,4,0,0,0,0,0,0,0,0,0
pbt,bintrie,5,4,storage_sload_k400,7,,9607,0,0,0.0253,2.8345,0.0069,0.1801,3.2737,0,4,0,0,0,0,0,0,0,0,0,0,4,0,0,0,0,0,0,0,0,0
pbt,bintrie,5,4,storage_sload_k400,7,,9608,86852,2,0.2024,18.3416,46.177,4.5462,69.4673,1.2503,11,0,0,0,3,0,0,0,1,157,6,5,54.55,0,0,0,0,0,0,0,0
pbt,bintrie,5,4,storage_sload_k400,7,,9609,15900303,1,250.5597,36.3199,3.2386,1.1516,291.5987,54.528,407,702,401,11357,2,0,0,0,0,0,181,226,44.47,276,426,39.32,401,0,100,11357,0
pbt,bintrie,5,4,storage_sload_k400,7,,9610,21000,1,0.2234,34.0408,2.3089,0.5123,37.3084,0.5629,6,0,0,0,2,0,0,0,0,0,0,6,0,0,0,0,0,0,0,0,0
pbt,bintrie,5,4,storage_sload_k400,8,,9611,0,0,0.051,33.8122,0.003,0.2798,34.3378,0,4,0,0,0,0,0,0,0,0,0,0,4,0,0,0,0,0,0,0,0,0
pbt,bintrie,5,4,storage_sload_k400,8,,9612,0,0,3.7072,24.3296,0.0021,0.1846,33.1094,0,4,0,0,0,0,0,0,0,0,0,0,4,0,0,0,0,0,0,0,0,0
pbt,bintrie,5,4,storage_sload_k400,8,,9613,0,0,0.0333,2.7136,0.0018,0.1753,3.0808,0,4,0,0,0,0,0,0,0,0,0,0,4,0,0,0,0,0,0,0,0,0
pbt,bintrie,5,4,storage_sload_k400,8,,9614,0,0,0.0461,0.7067,0.0017,0.1888,1.212,0,4,0,0,0,0,0,0,0,0,0,0,4,0,0,0,0,0,0,0,0,0
pbt,bintrie,5,4,storage_sload_k400,8,,9615,86852,2,0.3709,26.2464,0.7012,4.6339,79.7447,1.0891,11,0,0,0,3,0,0,0,1,157,4,7,36.36,0,0,0,0,0,0,0,0
pbt,bintrie,5,4,storage_sload_k400,8,,9616,15900303,1,269.6879,22.1885,7.0799,1.9401,301.0955,52.8082,407,702,401,11357,2,0,0,0,0,0,49,358,12.04,81,621,11.54,401,0,100,11357,0
pbt,bintrie,5,4,storage_sload_k400,8,,9617,21000,1,0.0804,5.8186,46.777,0.5919,53.4614,0.3928,6,0,0,0,2,0,0,0,0,0,2,4,33.33,0,0,0,0,0,0,0,0
pbt,bintrie,5,4,storage_sload_k400,9,,9618,0,0,0.0559,27.1767,0.0033,0.3141,27.7922,0,4,0,0,0,0,0,0,0,0,0,0,4,0,0,0,0,0,0,0,0,0
pbt,bintrie,5,4,storage_sload_k400,9,,9619,0,0,0.0424,31.052,0.0018,0.1283,31.7477,0,4,0,0,0,0,0,0,0,0,0,0,4,0,0,0,0,0,0,0,0,0
pbt,bintrie,5,4,storage_sload_k400,9,,9620,0,0,0.0437,3.3575,0.0018,0.1509,3.7728,0,4,0,0,0,0,0,0,0,0,0,0,4,0,0,0,0,0,0,0,0,0
pbt,bintrie,5,4,storage_sload_k400,9,,9621,0,0,0.043,25.8642,0.0023,0.1577,26.313,0,4,0,0,0,0,0,0,0,0,0,0,4,0,0,0,0,0,0,0,0,0
pbt,bintrie,5,4,storage_sload_k400,9,,9622,86852,2,0.0861,3.1788,34.8548,10.5222,50.083,1.7342,11,0,0,0,3,0,0,0,1,157,7,4,63.64,0,0,0,0,0,0,0,0
pbt,bintrie,5,4,storage_sload_k400,9,,9623,15900303,1,343.3748,10.3336,3.272,0.8921,358.2325,44.3854,407,702,401,11357,2,0,0,0,0,0,165,242,40.54,247,455,35.19,401,0,100,11357,0
pbt,bintrie,5,4,storage_sload_k400,9,,9624,21000,1,0.0842,7.045,50.3022,0.646,58.2864,0.3603,6,0,0,0,2,0,0,0,0,0,2,4,33.33,0,0,0,0,0,0,0,0
pbt,bintrie,5,4,storage_sload_k700,10,,9768,0,0,0.0699,27.7001,0.0125,0.2331,28.341,0,4,0,0,0,0,0,0,0,0,0,0,4,0,0,0,0,0,0,0,0,0
pbt,bintrie,5,4,storage_sload_k700,10,,9769,0,0,0.1561,22.041,0.0033,0.301,22.6858,0,4,0,0,0,0,0,0,0,0,0,0,4,0,0,0,0,0,0,0,0,0
pbt,bintrie,5,4,storage_sload_k700,10,,9770,0,0,0.04,20.0817,0.0025,3.491,25.9418,0,4,0,0,0,0,0,0,0,0,0,0,4,0,0,0,0,0,0,0,0,0
pbt,bintrie,5,4,storage_sload_k700,10,,9771,0,0,0.0424,9.883,0.0025,0.1981,10.3266,0,4,0,0,0,0,0,0,0,0,0,0,4,0,0,0,0,0,0,0,0,0
pbt,bintrie,5,4,storage_sload_k700,10,,9772,86864,2,0.1357,2.9355,41.9259,5.2797,51.1819,1.6972,11,0,0,0,3,0,0,0,1,157,7,4,63.64,0,0,0,0,0,0,0,0
pbt,bintrie,5,4,storage_sload_k700,10,,9773,15900316,1,230.2464,37.9847,2.7411,1.0362,274.8325,57.8546,707,703,701,19757,2,0,0,0,0,0,217,490,30.69,237,466,33.71,701,0,100,19757,0
pbt,bintrie,5,4,storage_sload_k700,10,,9774,21000,1,0.1032,5.6057,48.6873,0.5991,55.1855,0.3805,6,0,0,0,2,0,0,0,0,0,2,4,33.33,0,0,0,0,0,0,0,0
pbt,bintrie,5,4,storage_sload_k700,11,,9775,0,0,0.0608,22.9833,0.0026,0.3027,25.0342,0,4,0,0,0,0,0,0,0,0,0,0,4,0,0,0,0,0,0,0,0,0
pbt,bintrie,5,4,storage_sload_k700,11,,9776,0,0,0.0347,16.9763,0.0021,0.191,17.4028,0,4,0,0,0,0,0,0,0,0,0,0,4,0,0,0,0,0,0,0,0,0
pbt,bintrie,5,4,storage_sload_k700,11,,9777,0,0,0.0531,39.2789,0.0029,0.137,43.3325,0,4,0,0,0,0,0,0,0,0,0,0,4,0,0,0,0,0,0,0,0,0
pbt,bintrie,5,4,storage_sload_k700,11,,9778,0,0,0.0609,16.5618,0.0025,0.1646,16.9679,0,4,0,0,0,0,0,0,0,0,0,0,4,0,0,0,0,0,0,0,0,0
pbt,bintrie,5,4,storage_sload_k700,11,,9779,86864,2,0.1236,3.2256,5.8521,5.1727,14.5538,5.9685,11,0,0,0,3,0,0,0,1,157,5,6,45.45,0,0,0,0,0,0,0,0
pbt,bintrie,5,4,storage_sload_k700,11,,9780,15900316,1,219.8308,11.0582,8.7994,0.6378,240.5051,66.1122,707,703,701,19757,2,0,0,0,0,0,139,568,19.66,154,549,21.91,701,0,100,19757,0
pbt,bintrie,5,4,storage_sload_k700,11,,9781,21000,1,0.0916,2.7282,60.3607,0.5345,66.2849,0.3168,6,0,0,0,2,0,0,0,0,0,2,4,33.33,0,0,0,0,0,0,0,0
pbt,bintrie,5,4,storage_sload_k700,12,,9782,0,0,0.2896,22.2984,0.006,0.2015,23.9472,0,4,0,0,0,0,0,0,0,0,0,0,4,0,0,0,0,0,0,0,0,0
pbt,bintrie,5,4,storage_sload_k700,12,,9783,0,0,0.0589,23.5902,0.0034,0.1574,24.1643,0,4,0,0,0,0,0,0,0,0,0,0,4,0,0,0,0,0,0,0,0,0
pbt,bintrie,5,4,storage_sload_k700,12,,9784,0,0,0.0362,20.2863,0.0033,17.3084,51.1806,0,4,0,0,0,0,0,0,0,0,0,0,4,0,0,0,0,0,0,0,0,0
pbt,bintrie,5,4,storage_sload_k700,12,,9785,0,0,0.0384,49.4387,0.0024,0.1512,49.8325,0,4,0,0,0,0,0,0,0,0,0,0,4,0,0,0,0,0,0,0,0,0
pbt,bintrie,5,4,storage_sload_k700,12,,9786,86864,2,0.1419,1.6001,7.7044,6.1622,15.7969,5.4988,11,0,0,0,3,0,0,0,1,157,6,5,54.55,0,0,0,0,0,0,0,0
pbt,bintrie,5,4,storage_sload_k700,12,,9787,15900316,1,226.2919,10.9966,2.2715,0.6214,243.9725,65.1726,707,703,701,19757,2,0,0,0,0,0,135,572,19.09,150,553,21.34,701,0,100,19757,0
pbt,bintrie,5,4,storage_sload_k700,12,,9788,21000,1,1.7629,27.1575,14.853,0.577,44.5582,0.4713,6,0,0,0,2,0,0,0,0,0,0,6,0,0,0,0,0,0,0,0,0
pbt,bintrie,5,4,storage_sload_k700,13,,9789,0,0,0.0658,23.5966,0.0029,0.2435,24.193,0,4,0,0,0,0,0,0,0,0,0,0,4,0,0,0,0,0,0,0,0,0
pbt,bintrie,5,4,storage_sload_k700,13,,9790,0,0,0.0405,18.1426,0.0032,0.3842,18.8425,0,4,0,0,0,0,0,0,0,0,0,0,4,0,0,0,0,0,0,0,0,0
pbt,bintrie,5,4,storage_sload_k700,13,,9791,0,0,0.1281,43.822,0.0021,0.153,44.4045,0,4,0,0,0,0,0,0,0,0,0,0,4,0,0,0,0,0,0,0,0,0
pbt,bintrie,5,4,storage_sload_k700,13,,9792,0,0,0.0469,10.0637,0.0031,0.347,11.0347,0,4,0,0,0,0,0,0,0,0,0,0,4,0,0,0,0,0,0,0,0,0
pbt,bintrie,5,4,storage_sload_k700,13,,9793,86864,2,0.2615,7.0184,3.9047,4.4404,15.8664,5.4747,11,0,0,0,3,0,0,0,1,157,4,7,36.36,0,0,0,0,0,0,0,0
pbt,bintrie,5,4,storage_sload_k700,13,,9794,15900316,1,219.951,24.9615,12.5882,0.9236,258.8131,61.4355,707,703,701,19757,2,0,0,0,0,0,142,565,20.08,131,572,18.63,701,0,100,19757,0
pbt,bintrie,5,4,storage_sload_k700,13,,9795,21000,1,0.0996,5.4349,49.1784,0.7831,55.7469,0.3767,6,0,0,0,2,0,0,0,0,0,2,4,33.33,0,0,0,0,0,0,0,0
pbt,bintrie,5,4,storage_sload_k700,14,,9796,0,0,0.0582,36.4796,0.0029,0.2965,37.01,0,4,0,0,0,0,0,0,0,0,0,0,4,0,0,0,0,0,0,0,0,0
pbt,bintrie,5,4,storage_sload_k700,14,,9797,0,0,0.0457,13.6743,0.0021,0.1549,14.6639,0,4,0,0,0,0,0,0,0,0,0,0,4,0,0,0,0,0,0,0,0,0
pbt,bintrie,5,4,storage_sload_k700,14,,9798,0,0,0.093,3.2152,0.0016,2.0548,5.6146,0,4,0,0,0,0,0,0,0,0,0,0,4,0,0,0,0,0,0,0,0,0
pbt,bintrie,5,4,storage_sload_k700,14,,9799,0,0,0.0547,18.3864,0.0038,0.253,18.9275,0,4,0,0,0,0,0,0,0,0,0,0,4,0,0,0,0,0,0,0,0,0
pbt,bintrie,5,4,storage_sload_k700,14,,9800,86864,2,0.102,4.9527,32.907,4.624,44.69,1.9437,11,0,0,0,3,0,0,0,1,157,7,4,63.64,0,0,0,0,0,0,0,0
pbt,bintrie,5,4,storage_sload_k700,14,,9801,15900316,1,232.1921,16.4303,3.0115,1.3809,253.2203,62.7924,707,703,701,19757,2,0,0,0,0,0,154,553,21.78,163,540,23.19,701,0,100,19757,0
pbt,bintrie,5,4,storage_sload_k700,14,,9802,21000,1,0.1046,3.3835,51.2076,0.6417,56.2361,0.3734,6,0,0,0,2,0,0,0,0,0,2,4,33.33,0,0,0,0,0,0,0,0
pbt,bintrie,5,4,storage_sload_k700,15,,9803,0,0,0.0704,31.8013,0.0038,1.0497,33.2005,0,4,0,0,0,0,0,0,0,0,0,0,4,0,0,0,0,0,0,0,0,0
pbt,bintrie,5,4,storage_sload_k700,15,,9804,0,0,0.047,19.9773,0.0105,0.2916,20.5364,0,4,0,0,0,0,0,0,0,0,0,0,4,0,0,0,0,0,0,0,0,0
pbt,bintrie,5,4,storage_sload_k700,15,,9805,0,0,0.0324,2.5998,0.0017,0.1069,2.9131,0,4,0,0,0,0,0,0,0,0,0,0,4,0,0,0,0,0,0,0,0,0
pbt,bintrie,5,4,storage_sload_k700,15,,9806,0,0,0.045,28.6948,0.0029,0.1901,29.1598,0,4,0,0,0,0,0,0,0,0,0,0,4,0,0,0,0,0,0,0,0,0
pbt,bintrie,5,4,storage_sload_k700,15,,9807,86864,2,0.1551,3.2948,6.3454,5.2637,15.361,5.6548,11,0,0,0,3,0,0,0,1,157,5,6,45.45,0,0,0,0,0,0,0,0
pbt,bintrie,5,4,storage_sload_k700,15,,9808,15900316,1,231.1596,12.1733,3.368,1.1054,248.0011,64.1139,707,703,701,19757,2,0,0,0,0,0,244,463,34.51,261,442,37.13,701,0,100,19757,0
pbt,bintrie,5,4,storage_sload_k700,15,,9809,21000,1,0.215,7.927,5.5391,0.6887,14.5952,1.4388,6,0,0,0,2,0,0,0,0,0,0,6,0,0,0,0,0,0,0,0,0
pbt,bintrie,5,4,storage_sload_k700,16,,9810,0,0,0.057,26.0918,0.0028,0.2363,26.6711,0,4,0,0,0,0,0,0,0,0,0,0,4,0,0,0,0,0,0,0,0,0
pbt,bintrie,5,4,storage_sload_k700,16,,9811,0,0,0.0471,16.0215,0.0027,0.1899,16.4631,0,4,0,0,0,0,0,0,0,0,0,0,4,0,0,0,0,0,0,0,0,0
pbt,bintrie,5,4,storage_sload_k700,16,,9812,0,0,0.0511,52.6659,0.0077,0.1004,57.1088,0,4,0,0,0,0,0,0,0,0,0,0,4,0,0,0,0,0,0,0,0,0
pbt,bintrie,5,4,storage_sload_k700,16,,9813,0,0,0.0442,22.8027,0.0028,0.1606,23.2093,0,4,0,0,0,0,0,0,0,0,0,0,4,0,0,0,0,0,0,0,0,0
pbt,bintrie,5,4,storage_sload_k700,16,,9814,86864,2,0.4586,21.1347,8.0432,5.4393,35.3237,2.4591,11,0,0,0,3,0,0,0,1,157,5,6,45.45,0,0,0,0,0,0,0,0
pbt,bintrie,5,4,storage_sload_k700,16,,9815,15900316,1,280.1995,13.6338,10.78,0.66,305.5374,52.0405,707,703,701,19757,2,0,0,0,0,0,61,646,8.63,64,639,9.1,701,0,100,19757,0
pbt,bintrie,5,4,storage_sload_k700,16,,9816,21000,1,0.208,14.8225,13.09,0.5082,28.8797,0.7272,6,0,0,0,2,0,0,0,0,0,0,6,0,0,0,0,0,0,0,0,0
pbt,bintrie,5,4,storage_sload_k700,17,,9817,0,0,0.0792,23.3416,0.0118,0.3238,29.1966,0,4,0,0,0,0,0,0,0,0,0,0,4,0,0,0,0,0,0,0,0,0
pbt,bintrie,5,4,storage_sload_k700,17,,9818,0,0,0.0468,18.817,0.006,0.1554,19.2353,0,4,0,0,0,0,0,0,0,0,0,0,4,0,0,0,0,0,0,0,0,0
pbt,bintrie,5,4,storage_sload_k700,17,,9819,0,0,0.0519,4.5792,0.0034,1.4227,6.2842,0,4,0,0,0,0,0,0,0,0,0,0,4,0,0,0,0,0,0,0,0,0
pbt,bintrie,5,4,storage_sload_k700,17,,9820,0,0,0.0467,45.102,0.0032,0.1904,45.5852,0,4,0,0,0,0,0,0,0,0,0,0,4,0,0,0,0,0,0,0,0,0
pbt,bintrie,5,4,storage_sload_k700,17,,9821,86864,2,0.1263,1.8199,15.8618,5.4243,28.8915,3.0066,11,0,0,0,3,0,0,0,1,157,5,6,45.45,0,0,0,0,0,0,0,0
pbt,bintrie,5,4,storage_sload_k700,17,,9822,15900316,1,237.1652,47.4859,3.4221,1.308,289.6182,54.901,707,703,701,19757,2,0,0,0,0,0,138,569,19.52,160,543,22.76,701,0,100,19757,0
pbt,bintrie,5,4,storage_sload_k700,17,,9823,21000,1,0.071,3.4515,52.3621,0.7423,56.8425,0.3694,6,0,0,0,2,0,0,0,0,0,2,4,33.33,0,0,0,0,0,0,0,0
pbt,bintrie,5,4,storage_sload_k700,18,,9824,0,0,0.0742,7.7846,0.0126,0.3044,14.8885,0,4,0,0,0,0,0,0,0,0,0,0,4,0,0,0,0,0,0,0,0,0
pbt,bintrie,5,4,storage_sload_k700,18,,9825,0,0,0.0351,23.5462,0.0029,0.1722,24.0036,0,4,0,0,0,0,0,0,0,0,0,0,4,0,0,0,0,0,0,0,0,0
pbt,bintrie,5,4,storage_sload_k700,18,,9826,0,0,0.0376,43.04,0.0051,1.444,47.5848,0,4,0,0,0,0,0,0,0,0,0,0,4,0,0,0,0,0,0,0,0,0
pbt,bintrie,5,4,storage_sload_k700,18,,9827,0,0,0.0598,24.4056,0.002,0.158,27.486,0,4,0,0,0,0,0,0,0,0,0,0,4,0,0,0,0,0,0,0,0,0
pbt,bintrie,5,4,storage_sload_k700,18,,9828,86864,2,0.1205,1.0836,18.6292,5.1123,29.2664,2.968,11,0,0,0,3,0,0,0,1,157,5,6,45.45,0,0,0,0,0,0,0,0
pbt,bintrie,5,4,storage_sload_k700,18,,9829,15900316,1,211.2599,46.8863,3.0675,1.2044,263.1709,60.4182,707,703,701,19757,2,0,0,0,0,0,186,521,26.31,205,498,29.16,701,0,100,19757,0
pbt,bintrie,5,4,storage_sload_k700,18,,9830,21000,1,0.0933,8.6534,23.7766,0.8001,33.5277,0.6263,6,0,0,0,2,0,0,0,0,0,2,4,33.33,0,0,0,0,0,0,0,0
pbt,bintrie,5,4,storage_sload_k700,19,,9831,0,0,0.063,9.5447,0.0033,12.8037,25.8705,0,4,0,0,0,0,0,0,0,0,0,0,4,0,0,0,0,0,0,0,0,0
pbt,bintrie,5,4,storage_sload_k700,19,,9832,0,0,0.0484,13.3407,0.0027,0.2318,14.913,0,4,0,0,0,0,0,0,0,0,0,0,4,0,0,0,0,0,0,0,0,0
pbt,bintrie,5,4,storage_sload_k700,19,,9833,0,0,0.0533,25.6713,0.0025,0.1466,32.5091,0,4,0,0,0,0,0,0,0,0,0,0,4,0,0,0,0,0,0,0,0,0
pbt,bintrie,5,4,storage_sload_k700,19,,9834,0,0,0.0523,15.5358,0.003,0.1625,15.9689,0,4,0,0,0,0,0,0,0,0,0,0,4,0,0,0,0,0,0,0,0,0
pbt,bintrie,5,4,storage_sload_k700,19,,9835,86864,2,0.1096,3.6153,19.8426,9.3265,33.0956,2.6246,11,0,0,0,3,0,0,0,1,157,6,5,54.55,0,0,0,0,0,0,0,0
pbt,bintrie,5,4,storage_sload_k700,19,,9836,15900316,1,211.8718,57.8086,61.9158,0.7607,333.3628,47.6967,707,703,701,19757,2,0,0,0,0,0,51,656,7.21,62,641,8.82,701,0,100,19757,0
pbt,bintrie,5,4,storage_sload_k700,19,,9837,21000,1,0.0745,3.0935,51.0011,0.5748,54.9902,0.3819,6,0,0,0,2,0,0,0,0,0,2,4,33.33,0,0,0,0,0,0,0,0
pbt,bintrie,5,4,storage_sload_k700,1,,9704,0,0,0.0458,23.9078,0.0034,0.2695,24.4083,0,4,0,0,0,0,0,0,0,0,0,0,4,0,0,0,0,0,0,0,0,0
pbt,bintrie,5,4,storage_sload_k700,1,,9705,0,0,0.0481,10.6606,0.0026,0.2111,11.1585,0,4,0,0,0,0,0,0,0,0,0,0,4,0,0,0,0,0,0,0,0,0
pbt,bintrie,5,4,storage_sload_k700,1,,9706,0,0,0.0341,19.0184,0.003,0.1824,19.5503,0,4,0,0,0,0,0,0,0,0,0,0,4,0,0,0,0,0,0,0,0,0
pbt,bintrie,5,4,storage_sload_k700,1,,9707,0,0,0.0606,49.998,0.0029,0.1686,50.4201,0,4,0,0,0,0,0,0,0,0,0,0,4,0,0,0,0,0,0,0,0,0
pbt,bintrie,5,4,storage_sload_k700,1,,9708,86864,2,0.1858,57.7059,4.732,5.0035,67.7963,1.2812,11,0,0,0,3,0,0,0,1,157,4,7,36.36,0,0,0,0,0,0,0,0
pbt,bintrie,5,4,storage_sload_k700,1,,9709,15900316,1,215.9774,28.5846,2.9339,1.1252,248.9039,63.8813,707,703,701,19757,2,0,0,0,0,0,24,683,3.39,33,670,4.69,701,0,100,19757,0
pbt,bintrie,5,4,storage_sload_k700,1,,9710,21000,1,0.1182,5.0736,5.5218,0.755,11.6835,1.7974,6,0,0,0,2,0,0,0,0,0,0,6,0,0,0,0,0,0,0,0,0
pbt,bintrie,5,4,storage_sload_k700,20,,9838,0,0,0.0604,25.2511,0.003,5.0298,30.6078,0,4,0,0,0,0,0,0,0,0,0,0,4,0,0,0,0,0,0,0,0,0
pbt,bintrie,5,4,storage_sload_k700,20,,9839,0,0,0.0475,16.543,0.0029,0.2171,17.5178,0,4,0,0,0,0,0,0,0,0,0,0,4,0,0,0,0,0,0,0,0,0
pbt,bintrie,5,4,storage_sload_k700,20,,9840,0,0,0.0411,3.0695,0.0014,0.128,3.415,0,4,0,0,0,0,0,0,0,0,0,0,4,0,0,0,0,0,0,0,0,0
pbt,bintrie,5,4,storage_sload_k700,20,,9841,0,0,0.0392,0.7615,0.0018,0.1408,1.1212,0,4,0,0,0,0,0,0,0,0,0,0,4,0,0,0,0,0,0,0,0,0
pbt,bintrie,5,4,storage_sload_k700,20,,9842,86864,2,0.1586,57.73,4.2928,4.7854,67.3619,1.2895,11,0,0,0,3,0,0,0,1,157,6,5,54.55,0,0,0,0,0,0,0,0
pbt,bintrie,5,4,storage_sload_k700,20,,9843,15900316,1,216.1826,38.6499,3.0981,1.1659,261.6318,60.7736,707,703,701,19757,2,0,0,0,0,0,3,704,0.42,1,702,0.14,701,0,100,19757,0
pbt,bintrie,5,4,storage_sload_k700,20,,9844,21000,1,0.0628,2.5379,2.8884,0.8004,6.4715,3.245,6,0,0,0,2,0,0,0,0,0,2,4,33.33,0,0,0,0,0,0,0,0
pbt,bintrie,5,4,storage_sload_k700,2,,9711,0,0,0.0675,20.6105,0.0031,0.3319,22.7818,0,4,0,0,0,0,0,0,0,0,0,0,4,0,0,0,0,0,0,0,0,0
pbt,bintrie,5,4,storage_sload_k700,2,,9712,0,0,0.0534,17.957,0.0026,0.1512,19.9949,0,4,0,0,0,0,0,0,0,0,0,0,4,0,0,0,0,0,0,0,0,0
pbt,bintrie,5,4,storage_sload_k700,2,,9713,0,0,0.0537,65.0497,0.0031,0.2196,70.686,0,4,0,0,0,0,0,0,0,0,0,0,4,0,0,0,0,0,0,0,0,0
pbt,bintrie,5,4,storage_sload_k700,2,,9714,0,0,0.0375,15.6812,0.0033,0.1459,16.0497,0,4,0,0,0,0,0,0,0,0,0,0,4,0,0,0,0,0,0,0,0,0
pbt,bintrie,5,4,storage_sload_k700,2,,9715,86864,2,0.1012,1.4261,15.4147,5.0555,22.5092,3.859,11,0,0,0,3,0,0,0,1,157,7,4,63.64,0,0,0,0,0,0,0,0
pbt,bintrie,5,4,storage_sload_k700,2,,9716,15900316,1,225.1041,27.1656,2.6958,0.9221,259.0029,61.3905,707,703,701,19757,2,0,0,0,0,0,327,380,46.25,331,372,47.08,701,0,100,19757,0
pbt,bintrie,5,4,storage_sload_k700,2,,9717,21000,1,0.0529,2.5727,6.981,0.7585,10.5158,1.997,6,0,0,0,2,0,0,0,0,0,2,4,33.33,0,0,0,0,0,0,0,0
pbt,bintrie,5,4,storage_sload_k700,3,,9718,0,0,0.0628,20.471,0.003,0.2505,21.0421,0,4,0,0,0,0,0,0,0,0,0,0,4,0,0,0,0,0,0,0,0,0
pbt,bintrie,5,4,storage_sload_k700,3,,9719,0,0,0.0464,18.8257,0.0021,0.1559,19.1798,0,4,0,0,0,0,0,0,0,0,0,0,4,0,0,0,0,0,0,0,0,0
pbt,bintrie,5,4,storage_sload_k700,3,,9720,0,0,0.0505,45.9424,0.0026,0.2834,46.4622,0,4,0,0,0,0,0,0,0,0,0,0,4,0,0,0,0,0,0,0,0,0
pbt,bintrie,5,4,storage_sload_k700,3,,9721,0,0,0.0655,47.4753,0.0037,0.225,49.2638,0,4,0,0,0,0,0,0,0,0,0,0,4,0,0,0,0,0,0,0,0,0
pbt,bintrie,5,4,storage_sload_k700,3,,9722,86864,2,0.2106,6.047,1.8067,5.149,13.4166,6.4744,11,0,0,0,3,0,0,0,1,157,4,7,36.36,0,0,0,0,0,0,0,0
pbt,bintrie,5,4,storage_sload_k700,3,,9723,15900316,1,250.0648,12.0859,2.9698,1.3367,269.1431,59.0776,707,703,701,19757,2,0,0,0,0,0,257,450,36.35,273,430,38.83,701,0,100,19757,0
pbt,bintrie,5,4,storage_sload_k700,3,,9724,21000,1,0.0711,2.693,3.1045,0.8128,6.8943,3.046,6,0,0,0,2,0,0,0,0,0,2,4,33.33,0,0,0,0,0,0,0,0
pbt,bintrie,5,4,storage_sload_k700,4,,9725,0,0,0.0944,10.1797,0.0037,0.364,18.2486,0,4,0,0,0,0,0,0,0,0,0,0,4,0,0,0,0,0,0,0,0,0
pbt,bintrie,5,4,storage_sload_k700,4,,9726,0,0,0.0512,0.799,0.0012,0.1139,1.139,0,4,0,0,0,0,0,0,0,0,0,0,4,0,0,0,0,0,0,0,0,0
pbt,bintrie,5,4,storage_sload_k700,4,,9727,0,0,0.0266,0.4818,0.0017,0.1063,0.7774,0,4,0,0,0,0,0,0,0,0,0,0,4,0,0,0,0,0,0,0,0,0
pbt,bintrie,5,4,storage_sload_k700,4,,9728,0,0,0.0486,45.4985,0.003,0.1782,45.97,0,4,0,0,0,0,0,0,0,0,0,0,4,0,0,0,0,0,0,0,0,0
pbt,bintrie,5,4,storage_sload_k700,4,,9729,86864,2,0.1108,2.9283,24.1093,5.1684,32.5203,2.6711,11,0,0,0,3,0,0,0,1,157,5,6,45.45,0,0,0,0,0,0,0,0
pbt,bintrie,5,4,storage_sload_k700,4,,9730,15900316,1,257.0077,10.1678,12.4802,0.7573,280.6181,56.6618,707,703,701,19757,2,0,0,0,0,0,170,537,24.05,182,521,25.89,701,0,100,19757,0
pbt,bintrie,5,4,storage_sload_k700,4,,9731,21000,1,0.0678,2.5209,16.9046,0.7896,20.4454,1.0271,6,0,0,0,2,0,0,0,0,0,2,4,33.33,0,0,0,0,0,0,0,0
pbt,bintrie,5,4,storage_sload_k700,5,,9732,0,0,0.0508,58.1538,0.0023,0.172,58.5679,0,4,0,0,0,0,0,0,0,0,0,0,4,0,0,0,0,0,0,0,0,0
pbt,bintrie,5,4,storage_sload_k700,5,,9733,0,0,0.0514,8.2949,0.0017,0.1626,8.7105,0,4,0,0,0,0,0,0,0,0,0,0,4,0,0,0,0,0,0,0,0,0
pbt,bintrie,5,4,storage_sload_k700,5,,9734,0,0,0.0441,12.9711,0.0028,0.139,22.9466,0,4,0,0,0,0,0,0,0,0,0,0,4,0,0,0,0,0,0,0,0,0
pbt,bintrie,5,4,storage_sload_k700,5,,9735,0,0,0.0493,18.245,0.0031,0.1852,18.7034,0,4,0,0,0,0,0,0,0,0,0,0,4,0,0,0,0,0,0,0,0,0
pbt,bintrie,5,4,storage_sload_k700,5,,9736,86864,2,0.1307,3.436,15.7818,5.6339,25.748,3.3736,11,0,0,0,3,0,0,0,1,157,6,5,54.55,0,0,0,0,0,0,0,0
pbt,bintrie,5,4,storage_sload_k700,5,,9737,15900316,1,262.3037,9.1554,5.4823,1.0604,278.2647,57.141,707,703,701,19757,2,0,0,0,0,0,330,377,46.68,344,359,48.93,701,0,100,19757,0
pbt,bintrie,5,4,storage_sload_k700,5,,9738,21000,1,0.0781,2.5239,2.9611,0.7914,6.5503,3.2059,6,0,0,0,2,0,0,0,0,0,2,4,33.33,0,0,0,0,0,0,0,0
pbt,bintrie,5,4,storage_sload_k700,6,,9739,0,0,0.0611,23.9152,0.0039,0.3134,24.5357,0,4,0,0,0,0,0,0,0,0,0,0,4,0,0,0,0,0,0,0,0,0
pbt,bintrie,5,4,storage_sload_k700,6,,9740,0,0,0.0602,13.1628,0.0059,1.956,15.4701,0,4,0,0,0,0,0,0,0,0,0,0,4,0,0,0,0,0,0,0,0,0
pbt,bintrie,5,4,storage_sload_k700,6,,9741,0,0,0.0679,44.5904,0.003,0.155,47.3147,0,4,0,0,0,0,0,0,0,0,0,0,4,0,0,0,0,0,0,0,0,0
pbt,bintrie,5,4,storage_sload_k700,6,,9742,0,0,0.0413,14.6032,0.003,0.1737,15.0232,0,4,0,0,0,0,0,0,0,0,0,0,4,0,0,0,0,0,0,0,0,0
pbt,bintrie,5,4,storage_sload_k700,6,,9743,86864,2,0.1359,3.4075,31.8674,5.3702,41.0057,2.1183,11,0,0,0,3,0,0,0,1,157,5,6,45.45,0,0,0,0,0,0,0,0
pbt,bintrie,5,4,storage_sload_k700,6,,9744,15900316,1,236.3441,11.5928,3.3004,1.095,252.5085,62.9694,707,703,701,19757,2,0,0,0,0,0,518,189,73.27,526,177,74.82,701,0,100,19757,0
pbt,bintrie,5,4,storage_sload_k700,6,,9745,21000,1,0.0983,5.6865,52.8414,0.6542,59.4857,0.353,6,0,0,0,2,0,0,0,0,0,2,4,33.33,0,0,0,0,0,0,0,0
pbt,bintrie,5,4,storage_sload_k700,7,,9746,0,0,0.0771,26.2087,0.0027,0.32,26.821,0,4,0,0,0,0,0,0,0,0,0,0,4,0,0,0,0,0,0,0,0,0
pbt,bintrie,5,4,storage_sload_k700,7,,9747,0,0,0.0532,16.8161,0.002,0.1324,17.6292,0,4,0,0,0,0,0,0,0,0,0,0,4,0,0,0,0,0,0,0,0,0
pbt,bintrie,5,4,storage_sload_k700,7,,9748,0,0,0.0606,2.6385,0.0026,0.1119,2.9925,0,4,0,0,0,0,0,0,0,0,0,0,4,0,0,0,0,0,0,0,0,0
pbt,bintrie,5,4,storage_sload_k700,7,,9749,0,0,0.0505,54.234,0.002,0.1434,54.5847,0,4,0,0,0,0,0,0,0,0,0,0,4,0,0,0,0,0,0,0,0,0
pbt,bintrie,5,4,storage_sload_k700,7,,9750,86864,2,0.0928,7.4467,46.2306,4.7091,58.6811,1.4803,11,0,0,0,3,0,0,0,1,157,6,5,54.55,0,0,0,0,0,0,0,0
pbt,bintrie,5,4,storage_sload_k700,7,,9751,15900316,1,212.8832,28.6183,52.7535,0.9589,295.5205,53.8044,707,703,701,19757,2,0,0,0,0,0,322,385,45.54,320,383,45.52,701,0,100,19757,0
pbt,bintrie,5,4,storage_sload_k700,7,,9752,21000,1,0.0881,5.0223,51.5947,0.7324,57.6803,0.3641,6,0,0,0,2,0,0,0,0,0,2,4,33.33,0,0,0,0,0,0,0,0
pbt,bintrie,5,4,storage_sload_k700,8,,9753,0,0,0.064,31.2953,0.0031,0.2378,31.8809,0,4,0,0,0,0,0,0,0,0,0,0,4,0,0,0,0,0,0,0,0,0
pbt,bintrie,5,4,storage_sload_k700,8,,9754,0,0,0.0474,20.1417,0.0025,0.206,20.8822,0,4,0,0,0,0,0,0,0,0,0,0,4,0,0,0,0,0,0,0,0,0
pbt,bintrie,5,4,storage_sload_k700,8,,9755,0,0,0.0513,45.6336,0.0032,0.1731,47.1605,0,4,0,0,0,0,0,0,0,0,0,0,4,0,0,0,0,0,0,0,0,0
pbt,bintrie,5,4,storage_sload_k700,8,,9756,0,0,0.0508,57.4326,0.0028,0.1272,57.9645,0,4,0,0,0,0,0,0,0,0,0,0,4,0,0,0,0,0,0,0,0,0
pbt,bintrie,5,4,storage_sload_k700,8,,9757,86864,2,0.1408,57.5623,2.4583,4.3848,64.8177,1.3401,11,0,0,0,3,0,0,0,1,157,4,7,36.36,0,0,0,0,0,0,0,0
pbt,bintrie,5,4,storage_sload_k700,8,,9758,15900316,1,275.4998,23.1182,2.9175,1.2071,303.1557,52.4493,707,703,701,19757,2,0,0,0,0,0,495,212,70.01,495,208,70.41,701,0,100,19757,0
pbt,bintrie,5,4,storage_sload_k700,8,,9759,21000,1,0.1975,3.9175,2.7588,0.6739,7.7287,2.7172,6,0,0,0,2,0,0,0,0,0,2,4,33.33,0,0,0,0,0,0,0,0
pbt,bintrie,5,4,storage_sload_k700,8,,9760,0,0,0.0263,5.75,0.0023,0.147,6.0619,0,4,0,0,0,0,0,0,0,0,0,0,4,0,0,0,0,0,0,0,0,0
pbt,bintrie,5,4,storage_sload_k700,9,,9761,0,0,9.895,18.2577,0.0027,0.3225,28.8102,0,4,0,0,0,0,0,0,0,0,0,0,4,0,0,0,0,0,0,0,0,0
pbt,bintrie,5,4,storage_sload_k700,9,,9762,0,0,0.0386,13.1422,0.0024,0.1746,13.5564,0,4,0,0,0,0,0,0,0,0,0,0,4,0,0,0,0,0,0,0,0,0
pbt,bintrie,5,4,storage_sload_k700,9,,9763,0,0,0.0511,48.394,0.0032,0.2159,48.8962,0,4,0,0,0,0,0,0,0,0,0,0,4,0,0,0,0,0,0,0,0,0
pbt,bintrie,5,4,storage_sload_k700,9,,9764,0,0,0.0365,0.705,0.0014,0.1448,1.0698,0,4,0,0,0,0,0,0,0,0,0,0,4,0,0,0,0,0,0,0,0,0
pbt,bintrie,5,4,storage_sload_k700,9,,9765,86864,2,0.1383,3.2298,54.7358,4.8716,69.2682,1.254,11,0,0,0,3,0,0,0,1,157,6,5,54.55,0,0,0,0,0,0,0,0
pbt,bintrie,5,4,storage_sload_k700,9,,9766,15900316,1,209.1912,29.287,3.0307,1.0084,242.744,65.5024,707,703,701,19757,2,0,0,0,0,0,393,314,55.59,394,309,56.05,701,0,100,19757,0
pbt,bintrie,5,4,storage_sload_k700,9,,9767,21000,1,0.0644,2.4291,51.6447,0.7072,62.0057,0.3387,6,0,0,0,2,0,0,0,0,0,2,4,33.33,0,0,0,0,0,0,0,0
pbt,bintrie,5,4,storage_sstore_k1,10,,9909,0,0,0.0747,26.6613,0.0039,0.2938,27.3053,0,4,0,0,0,0,0,0,0,0,0,0,4,0,0,0,0,0,0,0,0,0
pbt,bintrie,5,4,storage_sstore_k1,10,,9910,0,0,0.0494,19.1666,0.0025,0.165,19.613,0,4,0,0,0,0,0,0,0,0,0,0,4,0,0,0,0,0,0,0,0,0
pbt,bintrie,5,4,storage_sstore_k1,10,,9911,0,0,0.0324,20.1978,0.0037,2.4304,43.1426,0,4,0,0,0,0,0,0,0,0,0,0,4,0,0,0,0,0,0,0,0,0
pbt,bintrie,5,4,storage_sstore_k1,10,,9912,0,0,0.0599,27.7003,0.0037,0.2387,28.197,0,4,0,0,0,0,0,0,0,0,0,0,4,0,0,0,0,0,0,0,0,0
pbt,bintrie,5,4,storage_sstore_k1,10,,9913,86918,2,0.0887,28.9261,15.258,5.4099,49.8791,1.7426,11,0,0,0,3,0,0,0,1,163,7,4,63.64,0,0,0,0,0,0,0,0
pbt,bintrie,5,4,storage_sstore_k1,10,,9914,15904325,1,9.6847,28.9919,44.3562,3.0703,86.3421,184.2012,8,702,2,191,3,0,702,0,0,0,2,6,25,102,600,14.53,2,0,100,191,0
pbt,bintrie,5,4,storage_sstore_k1,10,,9915,21000,1,0.0826,12.0499,51.847,0.5419,64.7697,0.3242,6,0,0,0,2,0,0,0,0,0,2,4,33.33,0,0,0,0,0,0,0,0
pbt,bintrie,5,4,storage_sstore_k1,11,,9916,0,0,0.0569,39.0036,0.0031,0.2374,39.529,0,4,0,0,0,0,0,0,0,0,0,0,4,0,0,0,0,0,0,0,0,0
pbt,bintrie,5,4,storage_sstore_k1,11,,9917,0,0,0.0491,18.1112,0.0033,0.2478,18.5928,0,4,0,0,0,0,0,0,0,0,0,0,4,0,0,0,0,0,0,0,0,0
pbt,bintrie,5,4,storage_sstore_k1,11,,9918,0,0,0.0486,71.7034,0.0029,0.4587,73.2656,0,4,0,0,0,0,0,0,0,0,0,0,4,0,0,0,0,0,0,0,0,0
pbt,bintrie,5,4,storage_sstore_k1,11,,9919,0,0,0.0467,44.7243,0.0037,0.1762,45.159,0,4,0,0,0,0,0,0,0,0,0,0,4,0,0,0,0,0,0,0,0,0
pbt,bintrie,5,4,storage_sstore_k1,11,,9920,86918,2,0.4136,14.162,5.1576,4.3729,24.325,3.5732,11,0,0,0,3,0,0,0,1,163,4,7,36.36,0,0,0,0,0,0,0,0
pbt,bintrie,5,4,storage_sstore_k1,11,,9921,15904325,1,8.9096,75.5463,5.6508,3.3482,93.7452,169.6547,8,702,2,191,3,0,702,0,0,0,4,4,50,173,529,24.64,2,0,100,191,0
pbt,bintrie,5,4,storage_sstore_k1,11,,9922,21000,1,0.0645,18.8647,16.4388,0.9252,36.5102,0.5752,6,0,0,0,2,0,0,0,0,0,2,4,33.33,0,0,0,0,0,0,0,0
pbt,bintrie,5,4,storage_sstore_k1,12,,9923,0,0,0.0553,35.5513,0.0029,0.3289,36.2161,0,4,0,0,0,0,0,0,0,0,0,0,4,0,0,0,0,0,0,0,0,0
pbt,bintrie,5,4,storage_sstore_k1,12,,9924,0,0,0.0616,2.3912,0.0021,0.349,3.41,0,4,0,0,0,0,0,0,0,0,0,0,4,0,0,0,0,0,0,0,0,0
pbt,bintrie,5,4,storage_sstore_k1,12,,9925,0,0,0.0448,70.9864,0.0028,0.548,72.5233,0,4,0,0,0,0,0,0,0,0,0,0,4,0,0,0,0,0,0,0,0,0
pbt,bintrie,5,4,storage_sstore_k1,12,,9926,0,0,0.055,38.1618,0.0039,0.3812,39.2075,0,4,0,0,0,0,0,0,0,0,0,0,4,0,0,0,0,0,0,0,0,0
pbt,bintrie,5,4,storage_sstore_k1,12,,9927,86918,2,0.1147,53.5724,7.2973,4.9986,66.2254,1.3125,11,0,0,0,3,0,0,0,1,163,7,4,63.64,0,0,0,0,0,0,0,0
pbt,bintrie,5,4,storage_sstore_k1,12,,9928,15904325,1,9.043,19.1523,52.8974,3.0373,89.8628,176.9845,8,702,2,191,3,0,702,0,0,0,4,4,50,185,517,26.35,2,0,100,191,0
pbt,bintrie,5,4,storage_sstore_k1,12,,9929,21000,1,0.0751,2.6174,15.653,0.8038,22.2347,0.9445,6,0,0,0,2,0,0,0,0,0,2,4,33.33,0,0,0,0,0,0,0,0
pbt,bintrie,5,4,storage_sstore_k1,13,,9930,0,0,0.0595,12.9288,0.0023,0.2555,13.5156,0,4,0,0,0,0,0,0,0,0,0,0,4,0,0,0,0,0,0,0,0,0
pbt,bintrie,5,4,storage_sstore_k1,13,,9931,0,0,0.0476,19.7562,0.0032,0.2638,20.2734,0,4,0,0,0,0,0,0,0,0,0,0,4,0,0,0,0,0,0,0,0,0
pbt,bintrie,5,4,storage_sstore_k1,13,,9932,0,0,0.0651,49.0972,0.0028,0.1301,50.4159,0,4,0,0,0,0,0,0,0,0,0,0,4,0,0,0,0,0,0,0,0,0
pbt,bintrie,5,4,storage_sstore_k1,13,,9933,0,0,0.0343,21.9458,0.0032,0.2101,22.5015,0,4,0,0,0,0,0,0,0,0,0,0,4,0,0,0,0,0,0,0,0,0
pbt,bintrie,5,4,storage_sstore_k1,13,,9934,0,0,0.044,52.9482,0.003,0.1802,57.3707,0,4,0,0,0,0,0,0,0,0,0,0,4,0,0,0,0,0,0,0,0,0
pbt,bintrie,5,4,storage_sstore_k1,13,,9935,86918,2,0.1258,3.1504,37.2908,5.3764,46.4004,1.8732,11,0,0,0,3,0,0,0,1,163,6,5,54.55,0,0,0,0,0,0,0,0
pbt,bintrie,5,4,storage_sstore_k1,13,,9936,15904325,1,7.7179,13.841,53.6138,3.1448,78.5133,202.5685,8,702,2,191,3,0,702,0,0,0,2,6,25,289,413,41.17,2,0,100,191,0
pbt,bintrie,5,4,storage_sstore_k1,13,,9937,21000,1,0.1132,4.8126,37.6072,0.8753,44.1378,0.4758,6,0,0,0,2,0,0,0,0,0,2,4,33.33,0,0,0,0,0,0,0,0
pbt,bintrie,5,4,storage_sstore_k1,14,,9939,0,0,0.0581,30.1537,0.0022,0.2901,30.7615,0,4,0,0,0,0,0,0,0,0,0,0,4,0,0,0,0,0,0,0,0,0
pbt,bintrie,5,4,storage_sstore_k1,14,,9940,0,0,0.042,29.7613,0.0033,0.241,30.8468,0,4,0,0,0,0,0,0,0,0,0,0,4,0,0,0,0,0,0,0,0,0
pbt,bintrie,5,4,storage_sstore_k1,14,,9941,0,0,4.0961,14.5178,0.0029,0.1195,27.7484,0,4,0,0,0,0,0,0,0,0,0,0,4,0,0,0,0,0,0,0,0,0
pbt,bintrie,5,4,storage_sstore_k1,14,,9942,0,0,0.048,25.1522,0.0034,0.1427,25.5627,0,4,0,0,0,0,0,0,0,0,0,0,4,0,0,0,0,0,0,0,0,0
pbt,bintrie,5,4,storage_sstore_k1,14,,9943,86918,2,0.3481,3.3974,4.7576,8.3721,32.7997,2.65,11,0,0,0,3,0,0,0,1,163,4,7,36.36,0,0,0,0,0,0,0,0
pbt,bintrie,5,4,storage_sstore_k1,14,,9944,15904325,1,12.0845,12.3822,15.0699,5.4922,45.184,351.9902,8,702,2,191,3,0,702,0,0,0,2,6,25,25,677,3.56,2,0,100,191,0
pbt,bintrie,5,4,storage_sstore_k1,14,,9945,21000,1,0.0816,6.1656,51.6213,0.5901,58.6404,0.3581,6,0,0,0,2,0,0,0,0,0,2,4,33.33,0,0,0,0,0,0,0,0
pbt,bintrie,5,4,storage_sstore_k1,15,,9946,0,0,0.0547,23.9638,0.0093,0.2471,25.4191,0,4,0,0,0,0,0,0,0,0,0,0,4,0,0,0,0,0,0,0,0,0
pbt,bintrie,5,4,storage_sstore_k1,15,,9947,0,0,0.0606,35.4347,0.0033,0.239,35.941,0,4,0,0,0,0,0,0,0,0,0,0,4,0,0,0,0,0,0,0,0,0
pbt,bintrie,5,4,storage_sstore_k1,15,,9948,0,0,0.0467,37.9814,0.0038,0.1764,38.5025,0,4,0,0,0,0,0,0,0,0,0,0,4,0,0,0,0,0,0,0,0,0
pbt,bintrie,5,4,storage_sstore_k1,15,,9949,0,0,0.0429,43.6681,0.0032,0.1984,44.1291,0,4,0,0,0,0,0,0,0,0,0,0,4,0,0,0,0,0,0,0,0,0
pbt,bintrie,5,4,storage_sstore_k1,15,,9950,86918,2,0.3382,26.7321,9.2677,9.3704,45.8952,1.8938,11,0,0,0,3,0,0,0,1,163,4,7,36.36,0,0,0,0,0,0,0,0
pbt,bintrie,5,4,storage_sstore_k1,15,,9951,15904325,1,10.6276,13.6609,46.0813,3.0564,78.2876,203.1526,8,702,2,191,3,0,702,0,0,0,3,5,37.5,65,637,9.26,2,0,100,191,0
pbt,bintrie,5,4,storage_sstore_k1,15,,9952,21000,1,0.2008,12.8078,3.5223,0.6267,17.4427,1.2039,6,0,0,0,2,0,0,0,0,0,0,6,0,0,0,0,0,0,0,0,0
pbt,bintrie,5,4,storage_sstore_k1,16,,9953,0,0,0.0478,21.0596,0.0025,0.3119,21.8127,0,4,0,0,0,0,0,0,0,0,0,0,4,0,0,0,0,0,0,0,0,0
pbt,bintrie,5,4,storage_sstore_k1,16,,9954,0,0,0.0588,24.6875,0.0031,0.1648,26.056,0,4,0,0,0,0,0,0,0,0,0,0,4,0,0,0,0,0,0,0,0,0
pbt,bintrie,5,4,storage_sstore_k1,16,,9955,0,0,0.0571,17.8346,0.0027,0.1783,19.9941,0,4,0,0,0,0,0,0,0,0,0,0,4,0,0,0,0,0,0,0,0,0
pbt,bintrie,5,4,storage_sstore_k1,16,,9956,0,0,0.0486,17.5445,0.0027,0.2585,18.1119,0,4,0,0,0,0,0,0,0,0,0,0,4,0,0,0,0,0,0,0,0,0
pbt,bintrie,5,4,storage_sstore_k1,16,,9957,86918,2,0.1272,4.0307,34.1084,5.1518,43.5924,1.9939,11,0,0,0,3,0,0,0,1,163,4,7,36.36,0,0,0,0,0,0,0,0
pbt,bintrie,5,4,storage_sstore_k1,16,,9958,15904325,1,10.7712,13.606,53.4724,2.9545,84.8684,187.3998,8,702,2,191,3,0,702,0,0,0,3,5,37.5,93,609,13.25,2,0,100,191,0
pbt,bintrie,5,4,storage_sstore_k1,16,,9959,21000,1,0.0595,7.9679,48.5821,0.5624,57.3656,0.3661,6,0,0,0,2,0,0,0,0,0,2,4,33.33,0,0,0,0,0,0,0,0
pbt,bintrie,5,4,storage_sstore_k1,17,,9960,0,0,0.066,18.313,0.0106,0.3404,18.9669,0,4,0,0,0,0,0,0,0,0,0,0,4,0,0,0,0,0,0,0,0,0
pbt,bintrie,5,4,storage_sstore_k1,17,,9961,0,0,0.0865,18.1482,0.0025,0.2466,33.9603,0,4,0,0,0,0,0,0,0,0,0,0,4,0,0,0,0,0,0,0,0,0
pbt,bintrie,5,4,storage_sstore_k1,17,,9962,0,0,0.0963,52.8813,0.002,0.2375,54.2409,0,4,0,0,0,0,0,0,0,0,0,0,4,0,0,0,0,0,0,0,0,0
pbt,bintrie,5,4,storage_sstore_k1,17,,9963,0,0,0.052,34.9761,0.0028,0.1937,35.4253,0,4,0,0,0,0,0,0,0,0,0,0,4,0,0,0,0,0,0,0,0,0
pbt,bintrie,5,4,storage_sstore_k1,17,,9964,86918,2,0.0939,2.8107,60.7173,4.7881,69.8402,1.2445,11,0,0,0,3,0,0,0,1,163,7,4,63.64,0,0,0,0,0,0,0,0
pbt,bintrie,5,4,storage_sstore_k1,17,,9965,15904325,1,7.6462,11.6714,52.674,3.7032,75.9726,209.3429,8,702,2,191,3,0,702,0,0,0,2,6,25,127,575,18.09,2,0,100,191,0
pbt,bintrie,5,4,storage_sstore_k1,17,,9966,21000,1,0.8597,36.3836,16.3846,0.9387,54.8513,0.3829,6,0,0,0,2,0,0,0,0,0,2,4,33.33,0,0,0,0,0,0,0,0
pbt,bintrie,5,4,storage_sstore_k1,18,,9967,0,0,0.1533,17.9075,0.0109,0.4183,18.8399,0,4,0,0,0,0,0,0,0,0,0,0,4,0,0,0,0,0,0,0,0,0
pbt,bintrie,5,4,storage_sstore_k1,18,,9968,0,0,0.0363,25.2633,0.003,0.2253,26.41,0,4,0,0,0,0,0,0,0,0,0,0,4,0,0,0,0,0,0,0,0,0
pbt,bintrie,5,4,storage_sstore_k1,18,,9969,0,0,0.0544,3.5776,0.0022,0.1375,3.969,0,4,0,0,0,0,0,0,0,0,0,0,4,0,0,0,0,0,0,0,0,0
pbt,bintrie,5,4,storage_sstore_k1,18,,9970,0,0,4.0671,44.0071,0.003,0.1604,48.4108,0,4,0,0,0,0,0,0,0,0,0,0,4,0,0,0,0,0,0,0,0,0
pbt,bintrie,5,4,storage_sstore_k1,18,,9971,86918,2,0.4317,10.5836,12.6075,5.1419,29.2456,2.972,11,0,0,0,3,0,0,0,1,163,5,6,45.45,0,0,0,0,0,0,0,0
pbt,bintrie,5,4,storage_sstore_k1,18,,9972,15904325,1,7.2727,11.1926,48.8808,3.332,75.1518,211.6293,8,702,2,191,3,0,702,0,0,0,3,5,37.5,121,581,17.24,2,0,100,191,0
pbt,bintrie,5,4,storage_sstore_k1,18,,9973,21000,1,0.0776,5.1939,50.3374,0.6629,56.4502,0.372,6,0,0,0,2,0,0,0,0,0,2,4,33.33,0,0,0,0,0,0,0,0
pbt,bintrie,5,4,storage_sstore_k1,19,,9974,0,0,0.1954,29.4435,0.0062,0.2551,30.1651,0,4,0,0,0,0,0,0,0,0,0,0,4,0,0,0,0,0,0,0,0,0
pbt,bintrie,5,4,storage_sstore_k1,19,,9975,0,0,0.0382,6.4733,0.0025,0.1402,6.8212,0,4,0,0,0,0,0,0,0,0,0,0,4,0,0,0,0,0,0,0,0,0
pbt,bintrie,5,4,storage_sstore_k1,19,,9976,0,0,0.0397,53.1545,0.0025,0.186,53.589,0,4,0,0,0,0,0,0,0,0,0,0,4,0,0,0,0,0,0,0,0,0
pbt,bintrie,5,4,storage_sstore_k1,19,,9977,0,0,0.043,37.029,0.003,0.1729,37.4206,0,4,0,0,0,0,0,0,0,0,0,0,4,0,0,0,0,0,0,0,0,0
pbt,bintrie,5,4,storage_sstore_k1,19,,9978,86918,2,0.1353,6.0934,1.0622,5.3798,12.8594,6.7591,11,0,0,0,3,0,0,0,1,163,6,5,54.55,0,0,0,0,0,0,0,0
pbt,bintrie,5,4,storage_sstore_k1,19,,9979,15904325,1,7.3907,10.4896,53.0813,3.1877,78.51,202.5771,8,702,2,191,3,0,702,0,0,0,4,4,50,120,582,17.09,2,0,100,191,0
pbt,bintrie,5,4,storage_sstore_k1,19,,9980,21000,1,0.0774,5.8461,40.6245,0.8617,47.6043,0.4411,6,0,0,0,2,0,0,0,0,0,2,4,33.33,0,0,0,0,0,0,0,0
pbt,bintrie,5,4,storage_sstore_k1,1,,9845,0,0,0.0703,25.6553,0.0031,0.2506,26.2296,0,4,0,0,0,0,0,0,0,0,0,0,4,0,0,0,0,0,0,0,0,0
pbt,bintrie,5,4,storage_sstore_k1,1,,9846,0,0,0.0409,35.3739,0.0038,0.3594,36.0293,0,4,0,0,0,0,0,0,0,0,0,0,4,0,0,0,0,0,0,0,0,0
pbt,bintrie,5,4,storage_sstore_k1,1,,9847,0,0,0.0354,6.1315,0.0032,0.1949,10.9411,0,4,0,0,0,0,0,0,0,0,0,0,4,0,0,0,0,0,0,0,0,0
pbt,bintrie,5,4,storage_sstore_k1,1,,9848,0,0,0.029,0.6451,0.0016,0.1659,3.5989,0,4,0,0,0,0,0,0,0,0,0,0,4,0,0,0,0,0,0,0,0,0
pbt,bintrie,5,4,storage_sstore_k1,1,,9849,86918,2,0.1121,17.5806,9.2521,5.6424,32.8864,2.643,11,0,0,0,3,0,0,0,1,163,6,5,54.55,0,0,0,0,0,0,0,0
pbt,bintrie,5,4,storage_sstore_k1,1,,9850,15904325,1,7.5409,9.9823,52.0717,3.0581,75.1581,211.6117,8,702,2,191,3,0,702,0,0,0,2,6,25,100,602,14.25,2,0,100,191,0
pbt,bintrie,5,4,storage_sstore_k1,1,,9851,21000,1,0.0894,3.1848,7.0511,0.6246,60.224,0.3487,6,0,0,0,2,0,0,0,0,0,0,6,0,0,0,0,0,0,0,0,0
pbt,bintrie,5,4,storage_sstore_k1,20,,9981,0,0,0.0511,25.4819,0.0149,0.333,26.933,0,4,0,0,0,0,0,0,0,0,0,0,4,0,0,0,0,0,0,0,0,0
pbt,bintrie,5,4,storage_sstore_k1,20,,9982,0,0,0.0434,30.2832,0.0033,0.2587,31.4325,0,4,0,0,0,0,0,0,0,0,0,0,4,0,0,0,0,0,0,0,0,0
pbt,bintrie,5,4,storage_sstore_k1,20,,9983,0,0,0.0395,4.5359,0.003,5.5663,10.8118,0,4,0,0,0,0,0,0,0,0,0,0,4,0,0,0,0,0,0,0,0,0
pbt,bintrie,5,4,storage_sstore_k1,20,,9984,0,0,0.0523,31.9483,0.0035,0.2328,32.4258,0,4,0,0,0,0,0,0,0,0,0,0,4,0,0,0,0,0,0,0,0,0
pbt,bintrie,5,4,storage_sstore_k1,20,,9985,86918,2,0.3484,17.3837,4.3282,7.5856,32.3854,2.6839,11,0,0,0,3,0,0,0,1,163,4,7,36.36,0,0,0,0,0,0,0,0
pbt,bintrie,5,4,storage_sstore_k1,20,,9986,15904325,1,7.5326,13.5932,53.0537,3.8821,78.7859,201.8676,8,702,2,191,3,0,702,0,0,0,4,4,50,171,531,24.36,2,0,100,191,0
pbt,bintrie,5,4,storage_sstore_k1,20,,9987,21000,1,0.0703,5.7492,43.1947,0.8061,50.0454,0.4196,6,0,0,0,2,0,0,0,0,0,2,4,33.33,0,0,0,0,0,0,0,0
pbt,bintrie,5,4,storage_sstore_k1,2,,9852,0,0,0.0273,5.7438,0.0011,0.1347,6.0764,0,4,0,0,0,0,0,0,0,0,0,0,4,0,0,0,0,0,0,0,0,0
pbt,bintrie,5,4,storage_sstore_k1,2,,9853,0,0,0.0926,42.841,0.0023,0.1307,43.4737,0,4,0,0,0,0,0,0,0,0,0,0,4,0,0,0,0,0,0,0,0,0
pbt,bintrie,5,4,storage_sstore_k1,2,,9854,0,0,0.0459,35.293,0.0034,0.1807,35.7449,0,4,0,0,0,0,0,0,0,0,0,0,4,0,0,0,0,0,0,0,0,0
pbt,bintrie,5,4,storage_sstore_k1,2,,9855,0,0,0.0713,2.6274,0.0017,0.1667,3.1531,0,4,0,0,0,0,0,0,0,0,0,0,4,0,0,0,0,0,0,0,0,0
pbt,bintrie,5,4,storage_sstore_k1,2,,9856,86918,2,0.1339,24.6972,37.283,5.2852,67.6036,1.2857,11,0,0,0,3,0,0,0,1,163,6,5,54.55,0,0,0,0,0,0,0,0
pbt,bintrie,5,4,storage_sstore_k1,2,,9857,15904325,1,7.3982,10.1282,52.4492,3.0989,73.3086,216.9503,8,702,2,191,3,0,702,0,0,0,2,6,25,52,650,7.41,2,0,100,191,0
pbt,bintrie,5,4,storage_sstore_k1,2,,9858,21000,1,0.1512,22.2649,8.9284,0.7359,32.3375,0.6494,6,0,0,0,2,0,0,0,0,0,0,6,0,0,0,0,0,0,0,0,0
pbt,bintrie,5,4,storage_sstore_k1,3,,9859,0,0,0.0665,24.9935,0.003,0.3335,25.6129,0,4,0,0,0,0,0,0,0,0,0,0,4,0,0,0,0,0,0,0,0,0
pbt,bintrie,5,4,storage_sstore_k1,3,,9860,0,0,0.053,18.577,0.003,0.1616,19.0148,0,4,0,0,0,0,0,0,0,0,0,0,4,0,0,0,0,0,0,0,0,0
pbt,bintrie,5,4,storage_sstore_k1,3,,9861,0,0,0.0584,32.9908,0.0024,0.1658,36.7368,0,4,0,0,0,0,0,0,0,0,0,0,4,0,0,0,0,0,0,0,0,0
pbt,bintrie,5,4,storage_sstore_k1,3,,9862,0,0,0.048,46.2475,0.0041,0.2022,46.7395,0,4,0,0,0,0,0,0,0,0,0,0,4,0,0,0,0,0,0,0,0,0
pbt,bintrie,5,4,storage_sstore_k1,3,,9863,86918,2,0.1177,52.3875,4.6175,5.044,62.3434,1.3942,11,0,0,0,3,0,0,0,1,163,5,6,45.45,0,0,0,0,0,0,0,0
pbt,bintrie,5,4,storage_sstore_k1,3,,9864,15904325,1,10.8172,48.4082,15.013,2.9631,77.4114,205.4518,8,702,2,191,3,0,702,0,0,0,1,7,12.5,47,655,6.7,2,0,100,191,0
pbt,bintrie,5,4,storage_sstore_k1,3,,9865,21000,1,0.212,24.8097,25.3412,0.6756,51.29,0.4094,6,0,0,0,2,0,0,0,0,0,0,6,0,0,0,0,0,0,0,0,0
pbt,bintrie,5,4,storage_sstore_k1,4,,9866,0,0,0.0509,31.1814,0.0026,0.3512,31.7974,0,4,0,0,0,0,0,0,0,0,0,0,4,0,0,0,0,0,0,0,0,0
pbt,bintrie,5,4,storage_sstore_k1,4,,9867,0,0,0.0415,20.6521,0.0028,0.2405,21.1717,0,4,0,0,0,0,0,0,0,0,0,0,4,0,0,0,0,0,0,0,0,0
pbt,bintrie,5,4,storage_sstore_k1,4,,9868,0,0,0.0481,60.7845,0.0033,0.1484,61.4712,0,4,0,0,0,0,0,0,0,0,0,0,4,0,0,0,0,0,0,0,0,0
pbt,bintrie,5,4,storage_sstore_k1,4,,9869,0,0,0.0328,59.6625,0.0021,0.162,60.0298,0,4,0,0,0,0,0,0,0,0,0,0,4,0,0,0,0,0,0,0,0,0
pbt,bintrie,5,4,storage_sstore_k1,4,,9870,86918,2,0.1091,3.3867,52.942,4.5985,61.2214,1.4197,11,0,0,0,3,0,0,0,1,163,7,4,63.64,0,0,0,0,0,0,0,0
pbt,bintrie,5,4,storage_sstore_k1,4,,9871,15904325,1,11.1779,15.2663,21.3053,3.191,82.5546,192.6521,8,702,2,191,3,0,702,0,0,0,2,6,25,74,628,10.54,2,0,100,191,0
pbt,bintrie,5,4,storage_sstore_k1,4,,9872,21000,1,0.0593,2.487,21.8904,0.8357,26.3019,0.7984,6,0,0,0,2,0,0,0,0,0,2,4,33.33,0,0,0,0,0,0,0,0
pbt,bintrie,5,4,storage_sstore_k1,5,,9873,0,0,0.0505,21.8778,0.0024,0.2351,22.3748,0,4,0,0,0,0,0,0,0,0,0,0,4,0,0,0,0,0,0,0,0,0
pbt,bintrie,5,4,storage_sstore_k1,5,,9874,0,0,0.0514,31.1566,0.0029,0.172,31.6227,0,4,0,0,0,0,0,0,0,0,0,0,4,0,0,0,0,0,0,0,0,0
pbt,bintrie,5,4,storage_sstore_k1,5,,9875,0,0,0.0966,2.6082,0.0024,0.1774,13.2568,0,4,0,0,0,0,0,0,0,0,0,0,4,0,0,0,0,0,0,0,0,0
pbt,bintrie,5,4,storage_sstore_k1,5,,9876,0,0,0.042,27.4151,0.0027,0.185,27.8405,0,4,0,0,0,0,0,0,0,0,0,0,4,0,0,0,0,0,0,0,0,0
pbt,bintrie,5,4,storage_sstore_k1,5,,9877,86918,2,0.1033,2.6886,4.168,4.8612,12.6482,6.872,11,0,0,0,3,0,0,0,1,163,6,5,54.55,0,0,0,0,0,0,0,0
pbt,bintrie,5,4,storage_sstore_k1,5,,9878,15904325,1,7.3284,12.292,54.5566,3.1526,77.7276,204.6161,8,702,2,191,3,0,702,0,0,0,2,6,25,99,603,14.1,2,0,100,191,0
pbt,bintrie,5,4,storage_sstore_k1,5,,9879,21000,1,0.0711,6.593,52.3167,0.7264,59.8796,0.3507,6,0,0,0,2,0,0,0,0,0,2,4,33.33,0,0,0,0,0,0,0,0
pbt,bintrie,5,4,storage_sstore_k1,6,,9880,0,0,0.0919,47.7311,0.004,0.4474,48.5801,0,4,0,0,0,0,0,0,0,0,0,0,4,0,0,0,0,0,0,0,0,0
pbt,bintrie,5,4,storage_sstore_k1,6,,9881,0,0,0.0567,24.7221,0.0024,0.1632,25.1334,0,4,0,0,0,0,0,0,0,0,0,0,4,0,0,0,0,0,0,0,0,0
pbt,bintrie,5,4,storage_sstore_k1,6,,9882,0,0,0.0594,3.4243,0.0022,0.2026,3.8954,0,4,0,0,0,0,0,0,0,0,0,0,4,0,0,0,0,0,0,0,0,0
pbt,bintrie,5,4,storage_sstore_k1,6,,9883,0,0,0.0476,47.9109,0.003,0.1907,48.3701,0,4,0,0,0,0,0,0,0,0,0,0,4,0,0,0,0,0,0,0,0,0
pbt,bintrie,5,4,storage_sstore_k1,6,,9884,86918,2,0.354,35.3319,0.83,5.0955,49.4733,1.7569,11,0,0,0,3,0,0,0,1,163,4,7,36.36,0,0,0,0,0,0,0,0
pbt,bintrie,5,4,storage_sstore_k1,6,,9885,15904325,1,8.6853,9.6621,16.5655,6.2518,41.347,384.6547,8,702,2,191,3,0,702,0,0,0,3,5,37.5,90,612,12.82,2,0,100,191,0
pbt,bintrie,5,4,storage_sstore_k1,6,,9886,21000,1,0.0574,3.0266,14.53,0.8293,18.6432,1.1264,6,0,0,0,2,0,0,0,0,0,2,4,33.33,0,0,0,0,0,0,0,0
pbt,bintrie,5,4,storage_sstore_k1,7,,9887,0,0,0.0619,24.0722,0.0111,0.3438,24.7122,0,4,0,0,0,0,0,0,0,0,0,0,4,0,0,0,0,0,0,0,0,0
pbt,bintrie,5,4,storage_sstore_k1,7,,9888,0,0,0.0366,20.1507,0.0025,0.7223,21.1006,0,4,0,0,0,0,0,0,0,0,0,0,4,0,0,0,0,0,0,0,0,0
pbt,bintrie,5,4,storage_sstore_k1,7,,9889,0,0,0.0449,42.9789,0.0022,0.1311,43.3971,0,4,0,0,0,0,0,0,0,0,0,0,4,0,0,0,0,0,0,0,0,0
pbt,bintrie,5,4,storage_sstore_k1,7,,9890,0,0,0.0526,36.4646,0.0031,0.2142,36.9542,0,4,0,0,0,0,0,0,0,0,0,0,4,0,0,0,0,0,0,0,0,0
pbt,bintrie,5,4,storage_sstore_k1,7,,9891,0,0,0.0403,12.4352,0.0034,0.1809,12.9083,0,4,0,0,0,0,0,0,0,0,0,0,4,0,0,0,0,0,0,0,0,0
pbt,bintrie,5,4,storage_sstore_k1,7,,9892,86918,2,0.2058,4.1812,8.6168,5.1608,18.4055,4.7224,11,0,0,0,3,0,0,0,1,163,4,7,36.36,0,0,0,0,0,0,0,0
pbt,bintrie,5,4,storage_sstore_k1,7,,9893,15904325,1,7.6146,16.1669,11.6958,5.8551,41.5253,383.0034,8,702,2,191,3,0,702,0,0,0,3,5,37.5,139,563,19.8,2,0,100,191,0
pbt,bintrie,5,4,storage_sstore_k1,7,,9894,21000,1,0.0877,6.826,48.3399,0.5788,56.0458,0.3747,6,0,0,0,2,0,0,0,0,0,2,4,33.33,0,0,0,0,0,0,0,0
pbt,bintrie,5,4,storage_sstore_k1,8,,9895,0,0,0.0509,32.1667,0.0036,0.3521,32.7965,0,4,0,0,0,0,0,0,0,0,0,0,4,0,0,0,0,0,0,0,0,0
pbt,bintrie,5,4,storage_sstore_k1,8,,9896,0,0,0.0918,23.8346,0.0022,0.1509,24.3352,0,4,0,0,0,0,0,0,0,0,0,0,4,0,0,0,0,0,0,0,0,0
pbt,bintrie,5,4,storage_sstore_k1,8,,9897,0,0,0.0309,6.3983,0.0079,1.3871,15.3232,0,4,0,0,0,0,0,0,0,0,0,0,4,0,0,0,0,0,0,0,0,0
pbt,bintrie,5,4,storage_sstore_k1,8,,9898,0,0,0.038,28.0939,0.0033,0.1478,28.4592,0,4,0,0,0,0,0,0,0,0,0,0,4,0,0,0,0,0,0,0,0,0
pbt,bintrie,5,4,storage_sstore_k1,8,,9899,86918,2,0.3534,7.1961,7.3408,5.5721,20.6796,4.2031,11,0,0,0,3,0,0,0,1,163,4,7,36.36,0,0,0,0,0,0,0,0
pbt,bintrie,5,4,storage_sstore_k1,8,,9900,15904325,1,9.079,11.2819,50.2274,3.3214,74.9511,212.196,8,702,2,191,3,0,702,0,0,0,3,5,37.5,125,577,17.81,2,0,100,191,0
pbt,bintrie,5,4,storage_sstore_k1,8,,9901,21000,1,0.1879,5.3566,41.803,0.9253,48.4398,0.4335,6,0,0,0,2,0,0,0,0,0,1,5,16.67,0,0,0,0,0,0,0,0
pbt,bintrie,5,4,storage_sstore_k1,9,,9902,0,0,0.1192,20.6391,0.0029,0.3598,21.9457,0,4,0,0,0,0,0,0,0,0,0,0,4,0,0,0,0,0,0,0,0,0
pbt,bintrie,5,4,storage_sstore_k1,9,,9903,0,0,0.046,22.276,0.0028,0.2374,22.7351,0,4,0,0,0,0,0,0,0,0,0,0,4,0,0,0,0,0,0,0,0,0
pbt,bintrie,5,4,storage_sstore_k1,9,,9904,0,0,0.0463,17.6507,0.0041,17.445,60.0223,0,4,0,0,0,0,0,0,0,0,0,0,4,0,0,0,0,0,0,0,0,0
pbt,bintrie,5,4,storage_sstore_k1,9,,9905,0,0,0.0443,34.1243,0.0029,0.1727,34.5114,0,4,0,0,0,0,0,0,0,0,0,0,4,0,0,0,0,0,0,0,0,0
pbt,bintrie,5,4,storage_sstore_k1,9,,9906,86918,2,0.2077,3.4677,38.0365,10.7061,52.956,1.6413,11,0,0,0,3,0,0,0,1,163,4,7,36.36,0,0,0,0,0,0,0,0
pbt,bintrie,5,4,storage_sstore_k1,9,,9907,15904325,1,10.6806,23.7871,46.9904,3.0376,84.6645,187.8512,8,702,2,191,3,0,702,0,0,0,3,5,37.5,90,612,12.82,2,0,100,191,0
pbt,bintrie,5,4,storage_sstore_k1,9,,9908,21000,1,0.0867,6.6824,49.4857,0.6025,57.0808,0.3679,6,0,0,0,2,0,0,0,0,0,2,4,33.33,0,0,0,0,0,0,0,0
pbt,bintrie,5,4,storage_sstore_k10,10,,10052,0,0,0.097,27.4538,0.0021,0.3105,28.0924,0,4,0,0,0,0,0,0,0,0,0,0,4,0,0,0,0,0,0,0,0,0
pbt,bintrie,5,4,storage_sstore_k10,10,,10053,0,0,0.051,20.0135,0.0034,0.2128,57.1188,0,4,0,0,0,0,0,0,0,0,0,0,4,0,0,0,0,0,0,0,0,0
pbt,bintrie,5,4,storage_sstore_k10,10,,10054,0,0,0.0284,2.6302,0.0021,0.1212,2.9155,0,4,0,0,0,0,0,0,0,0,0,0,4,0,0,0,0,0,0,0,0,0
pbt,bintrie,5,4,storage_sstore_k10,10,,10055,0,0,0.0386,42.463,0.0029,0.1697,42.9044,0,4,0,0,0,0,0,0,0,0,0,0,4,0,0,0,0,0,0,0,0,0
pbt,bintrie,5,4,storage_sstore_k10,10,,10056,86950,2,0.3748,80.3066,2.5195,5.0427,88.4431,0.9831,11,0,0,0,3,0,0,0,1,165,4,7,36.36,0,0,0,0,0,0,0,0
pbt,bintrie,5,4,storage_sstore_k10,10,,10057,15907300,1,11.3868,8.2318,13.2967,17.4464,53.4224,297.7644,17,764,11,445,12,0,692,0,0,0,8,9,47.06,438,326,57.33,11,0,100,445,0
pbt,bintrie,5,4,storage_sstore_k10,10,,10058,21000,1,0.0729,6.8277,51.9894,0.7248,59.8259,0.351,6,0,0,0,2,0,0,0,0,0,0,6,0,0,0,0,0,0,0,0,0
pbt,bintrie,5,4,storage_sstore_k10,11,,10059,0,0,0.029,6.0346,0.0013,0.1605,6.7516,0,4,0,0,0,0,0,0,0,0,0,0,4,0,0,0,0,0,0,0,0,0
pbt,bintrie,5,4,storage_sstore_k10,11,,10060,0,0,0.0479,18.5619,0.003,0.3305,19.4554,0,4,0,0,0,0,0,0,0,0,0,0,4,0,0,0,0,0,0,0,0,0
pbt,bintrie,5,4,storage_sstore_k10,11,,10061,0,0,0.0429,3.3093,0.0024,0.1682,3.7603,0,4,0,0,0,0,0,0,0,0,0,0,4,0,0,0,0,0,0,0,0,0
pbt,bintrie,5,4,storage_sstore_k10,11,,10062,0,0,0.0631,13.2878,0.0025,0.182,13.7333,0,4,0,0,0,0,0,0,0,0,0,0,4,0,0,0,0,0,0,0,0,0
pbt,bintrie,5,4,storage_sstore_k10,11,,10063,86950,2,0.1273,3.2394,1.6798,5.2401,34.3013,2.5349,11,0,0,0,3,0,0,0,1,165,6,5,54.55,0,0,0,0,0,0,0,0
pbt,bintrie,5,4,storage_sstore_k10,11,,10064,15907300,1,12.5553,14.6834,56.7067,3.5688,90.3803,176.004,17,764,11,445,12,0,692,0,0,0,5,12,29.41,132,632,17.28,11,0,100,445,0
pbt,bintrie,5,4,storage_sstore_k10,11,,10065,21000,1,0.0643,51.8672,2.4088,0.6494,55.1699,0.3806,6,0,0,0,2,0,0,0,0,0,2,4,33.33,0,0,0,0,0,0,0,0
pbt,bintrie,5,4,storage_sstore_k10,12,,10066,0,0,0.0566,26.0345,0.0036,0.2437,26.5785,0,4,0,0,0,0,0,0,0,0,0,0,4,0,0,0,0,0,0,0,0,0
pbt,bintrie,5,4,storage_sstore_k10,12,,10067,0,0,0.026,7.105,0.0027,0.2258,7.4943,0,4,0,0,0,0,0,0,0,0,0,0,4,0,0,0,0,0,0,0,0,0
pbt,bintrie,5,4,storage_sstore_k10,12,,10068,0,0,0.027,2.5684,0.0023,0.2201,3.0844,0,4,0,0,0,0,0,0,0,0,0,0,4,0,0,0,0,0,0,0,0,0
pbt,bintrie,5,4,storage_sstore_k10,12,,10069,0,0,0.0342,2.759,0.0019,0.1327,3.0898,0,4,0,0,0,0,0,0,0,0,0,0,4,0,0,0,0,0,0,0,0,0
pbt,bintrie,5,4,storage_sstore_k10,12,,10070,86950,2,0.142,2.5179,4.3558,4.6478,11.7928,7.3731,11,0,0,0,3,0,0,0,1,165,5,6,45.45,0,0,0,0,0,0,0,0
pbt,bintrie,5,4,storage_sstore_k10,12,,10071,15907300,1,9.7136,39.0987,6.9341,5.4724,69.4035,229.2004,17,764,11,445,12,0,692,0,0,0,1,16,5.88,160,604,20.94,11,0,100,445,0
pbt,bintrie,5,4,storage_sstore_k10,12,,10072,21000,1,0.0701,3.9453,32.3255,0.8729,37.4317,0.561,6,0,0,0,2,0,0,0,0,0,2,4,33.33,0,0,0,0,0,0,0,0
pbt,bintrie,5,4,storage_sstore_k10,13,,10073,0,0,0.0429,5.0598,0.0035,1.061,6.3757,0,4,0,0,0,0,0,0,0,0,0,0,4,0,0,0,0,0,0,0,0,0
pbt,bintrie,5,4,storage_sstore_k10,13,,10074,0,0,0.056,29.5217,0.0106,0.1755,30.0066,0,4,0,0,0,0,0,0,0,0,0,0,4,0,0,0,0,0,0,0,0,0
pbt,bintrie,5,4,storage_sstore_k10,13,,10075,0,0,0.0407,53.2872,0.0028,0.1515,53.7265,0,4,0,0,0,0,0,0,0,0,0,0,4,0,0,0,0,0,0,0,0,0
pbt,bintrie,5,4,storage_sstore_k10,13,,10076,0,0,0.0709,24.9772,0.0033,0.149,25.4573,0,4,0,0,0,0,0,0,0,0,0,0,4,0,0,0,0,0,0,0,0,0
pbt,bintrie,5,4,storage_sstore_k10,13,,10077,86950,2,0.373,16.3049,6.3488,5.3468,30.9053,2.8134,11,0,0,0,3,0,0,0,1,165,4,7,36.36,0,0,0,0,0,0,0,0
pbt,bintrie,5,4,storage_sstore_k10,13,,10078,15907300,1,9.3027,12.0699,11.7526,7.2986,40.7123,390.7244,17,764,11,445,12,0,692,0,0,0,6,11,35.29,160,604,20.94,11,0,100,445,0
pbt,bintrie,5,4,storage_sstore_k10,13,,10079,21000,1,0.0725,3.9459,2.9061,0.6994,7.8063,2.6901,6,0,0,0,2,0,0,0,0,0,2,4,33.33,0,0,0,0,0,0,0,0
pbt,bintrie,5,4,storage_sstore_k10,14,,10081,0,0,0.0612,25.3377,0.0023,0.2063,26.0509,0,4,0,0,0,0,0,0,0,0,0,0,4,0,0,0,0,0,0,0,0,0
pbt,bintrie,5,4,storage_sstore_k10,14,,10082,0,0,0.0615,30.316,0.0027,7.0047,37.6063,0,4,0,0,0,0,0,0,0,0,0,0,4,0,0,0,0,0,0,0,0,0
pbt,bintrie,5,4,storage_sstore_k10,14,,10083,0,0,0.0265,2.6717,0.0017,0.1577,3.0332,0,4,0,0,0,0,0,0,0,0,0,0,4,0,0,0,0,0,0,0,0,0
pbt,bintrie,5,4,storage_sstore_k10,14,,10084,0,0,0.0462,40.275,0.0033,0.1946,40.7286,0,4,0,0,0,0,0,0,0,0,0,0,4,0,0,0,0,0,0,0,0,0
pbt,bintrie,5,4,storage_sstore_k10,14,,10085,86950,2,0.1376,30.3698,16.2414,5.0103,51.9672,1.6732,11,0,0,0,3,0,0,0,1,165,6,5,54.55,0,0,0,0,0,0,0,0
pbt,bintrie,5,4,storage_sstore_k10,14,,10086,15907300,1,8.2207,11.96,11.1059,3.4572,83.7875,189.8528,17,764,11,445,12,0,692,0,0,0,7,10,41.18,197,567,25.79,11,0,100,445,0
pbt,bintrie,5,4,storage_sstore_k10,14,,10087,21000,1,0.1274,2.4076,7.6745,0.7842,11.1564,1.8823,6,0,0,0,2,0,0,0,0,0,0,6,0,0,0,0,0,0,0,0,0
pbt,bintrie,5,4,storage_sstore_k10,15,,10088,0,0,0.0624,23.4303,0.004,0.259,24.1519,0,4,0,0,0,0,0,0,0,0,0,0,4,0,0,0,0,0,0,0,0,0
pbt,bintrie,5,4,storage_sstore_k10,15,,10089,0,0,0.0743,23.8471,0.0031,0.1592,24.5825,0,4,0,0,0,0,0,0,0,0,0,0,4,0,0,0,0,0,0,0,0,0
pbt,bintrie,5,4,storage_sstore_k10,15,,10090,0,0,0.0512,60.0919,0.004,0.2581,61.1767,0,4,0,0,0,0,0,0,0,0,0,0,4,0,0,0,0,0,0,0,0,0
pbt,bintrie,5,4,storage_sstore_k10,15,,10091,0,0,0.0583,33.44,0.0039,0.2089,33.9795,0,4,0,0,0,0,0,0,0,0,0,0,4,0,0,0,0,0,0,0,0,0
pbt,bintrie,5,4,storage_sstore_k10,15,,10092,86950,2,0.3423,43.972,1.0661,14.7724,60.3757,1.4401,11,0,0,0,3,0,0,0,1,165,4,7,36.36,0,0,0,0,0,0,0,0
pbt,bintrie,5,4,storage_sstore_k10,15,,10093,15907300,1,8.1692,12.3867,55.605,3.6182,83.2328,191.1181,17,764,11,445,12,0,692,0,0,0,6,11,35.29,166,598,21.73,11,0,100,445,0
pbt,bintrie,5,4,storage_sstore_k10,15,,10094,21000,1,0.0781,8.1238,47.0362,0.743,56.2085,0.3736,6,0,0,0,2,0,0,0,0,0,2,4,33.33,0,0,0,0,0,0,0,0
pbt,bintrie,5,4,storage_sstore_k10,16,,10095,0,0,0.0766,30.0581,0.0031,0.3862,30.8579,0,4,0,0,0,0,0,0,0,0,0,0,4,0,0,0,0,0,0,0,0,0
pbt,bintrie,5,4,storage_sstore_k10,16,,10096,0,0,0.0431,16.6588,0.003,19.5766,36.9397,0,4,0,0,0,0,0,0,0,0,0,0,4,0,0,0,0,0,0,0,0,0
pbt,bintrie,5,4,storage_sstore_k10,16,,10097,0,0,0.0754,45.71,0.0034,0.1595,48.1846,0,4,0,0,0,0,0,0,0,0,0,0,4,0,0,0,0,0,0,0,0,0
pbt,bintrie,5,4,storage_sstore_k10,16,,10098,0,0,0.0399,60.6145,0.0056,0.1402,61.0258,0,4,0,0,0,0,0,0,0,0,0,0,4,0,0,0,0,0,0,0,0,0
pbt,bintrie,5,4,storage_sstore_k10,16,,10099,86950,2,0.2747,14.4613,2.5508,4.4404,21.8888,3.9724,11,0,0,0,3,0,0,0,1,165,4,7,36.36,0,0,0,0,0,0,0,0
pbt,bintrie,5,4,storage_sstore_k10,16,,10100,15907300,1,12.7544,38.9437,14.5798,3.4427,69.9714,227.34,17,764,11,445,12,0,692,0,0,0,13,4,76.47,714,50,93.46,11,0,100,445,0
pbt,bintrie,5,4,storage_sstore_k10,16,,10101,21000,1,0.0837,6.4524,39.872,0.8856,47.4876,0.4422,6,0,0,0,2,0,0,0,0,0,2,4,33.33,0,0,0,0,0,0,0,0
pbt,bintrie,5,4,storage_sstore_k10,17,,10102,0,0,0.0645,20.2555,0.003,0.2828,20.826,0,4,0,0,0,0,0,0,0,0,0,0,4,0,0,0,0,0,0,0,0,0
pbt,bintrie,5,4,storage_sstore_k10,17,,10103,0,0,0.0261,1.3319,0.0021,0.2475,5.5976,0,4,0,0,0,0,0,0,0,0,0,0,4,0,0,0,0,0,0,0,0,0
pbt,bintrie,5,4,storage_sstore_k10,17,,10104,0,0,0.0336,2.7598,0.0016,0.1729,3.1212,0,4,0,0,0,0,0,0,0,0,0,0,4,0,0,0,0,0,0,0,0,0
pbt,bintrie,5,4,storage_sstore_k10,17,,10105,0,0,0.0746,10.9255,0.0018,0.2391,11.5015,0,4,0,0,0,0,0,0,0,0,0,0,4,0,0,0,0,0,0,0,0,0
pbt,bintrie,5,4,storage_sstore_k10,17,,10106,86950,2,0.4235,25.5862,3.6743,4.5826,34.62,2.5116,11,0,0,0,3,0,0,0,1,165,4,7,36.36,0,0,0,0,0,0,0,0
pbt,bintrie,5,4,storage_sstore_k10,17,,10107,15907300,1,11.11,13.2188,22.5119,8.6923,55.6967,285.6057,17,764,11,445,12,0,692,0,0,0,3,14,17.65,161,603,21.07,11,0,100,445,0
pbt,bintrie,5,4,storage_sstore_k10,17,,10108,21000,1,0.2113,31.8113,2.407,0.6277,35.4778,0.5919,6,0,0,0,2,0,0,0,0,0,0,6,0,0,0,0,0,0,0,0,0
pbt,bintrie,5,4,storage_sstore_k10,18,,10109,0,0,0.057,16.4727,0.0031,0.2245,17.0606,0,4,0,0,0,0,0,0,0,0,0,0,4,0,0,0,0,0,0,0,0,0
pbt,bintrie,5,4,storage_sstore_k10,18,,10110,0,0,0.0473,9.0682,0.0021,9.6837,19.0073,0,4,0,0,0,0,0,0,0,0,0,0,4,0,0,0,0,0,0,0,0,0
pbt,bintrie,5,4,storage_sstore_k10,18,,10111,0,0,0.0373,7.6516,0.0034,0.1868,8.1122,0,4,0,0,0,0,0,0,0,0,0,0,4,0,0,0,0,0,0,0,0,0
pbt,bintrie,5,4,storage_sstore_k10,18,,10112,0,0,0.0572,58.3669,0.0034,0.222,58.8788,0,4,0,0,0,0,0,0,0,0,0,0,4,0,0,0,0,0,0,0,0,0
pbt,bintrie,5,4,storage_sstore_k10,18,,10113,86950,2,0.3937,1.0362,9.9136,4.0081,25.1274,3.4604,11,0,0,0,3,0,0,0,1,165,4,7,36.36,0,0,0,0,0,0,0,0
pbt,bintrie,5,4,storage_sstore_k10,18,,10114,15907300,1,16.6341,31.0821,12.319,3.5301,79.3655,200.4309,17,764,11,445,12,0,692,0,0,0,4,13,23.53,67,697,8.77,11,0,100,445,0
pbt,bintrie,5,4,storage_sstore_k10,18,,10115,21000,1,0.0624,6.8339,36.3639,0.9373,44.4241,0.4727,6,0,0,0,2,0,0,0,0,0,2,4,33.33,0,0,0,0,0,0,0,0
pbt,bintrie,5,4,storage_sstore_k10,19,,10116,0,0,0.046,31.9326,0.0029,0.3308,32.5112,0,4,0,0,0,0,0,0,0,0,0,0,4,0,0,0,0,0,0,0,0,0
pbt,bintrie,5,4,storage_sstore_k10,19,,10117,0,0,0.0495,25.4201,0.004,13.0289,48.2275,0,4,0,0,0,0,0,0,0,0,0,0,4,0,0,0,0,0,0,0,0,0
pbt,bintrie,5,4,storage_sstore_k10,19,,10118,0,0,0.0454,42.6342,0.0026,0.1137,42.9946,0,4,0,0,0,0,0,0,0,0,0,0,4,0,0,0,0,0,0,0,0,0
pbt,bintrie,5,4,storage_sstore_k10,19,,10119,0,0,0.0448,26.1352,0.0034,0.2221,26.6092,0,4,0,0,0,0,0,0,0,0,0,0,4,0,0,0,0,0,0,0,0,0
pbt,bintrie,5,4,storage_sstore_k10,19,,10120,86950,2,0.369,6.2753,22.9309,7.3808,37.2064,2.337,11,0,0,0,3,0,0,0,1,165,4,7,36.36,0,0,0,0,0,0,0,0
pbt,bintrie,5,4,storage_sstore_k10,19,,10121,15907300,1,8.8044,13.2639,57.7019,3.3786,83.8933,189.6135,17,764,11,445,12,0,692,0,0,0,6,11,35.29,144,620,18.85,11,0,100,445,0
pbt,bintrie,5,4,storage_sstore_k10,19,,10122,21000,1,0.1012,3.5191,43.2084,0.8495,47.907,0.4383,6,0,0,0,2,0,0,0,0,0,2,4,33.33,0,0,0,0,0,0,0,0
pbt,bintrie,5,4,storage_sstore_k10,1,,9988,0,0,0.6312,21.6442,0.0026,0.3215,22.8516,0,4,0,0,0,0,0,0,0,0,0,0,4,0,0,0,0,0,0,0,0,0
pbt,bintrie,5,4,storage_sstore_k10,1,,9989,0,0,0.0361,0.7184,0.0019,0.1627,1.1126,0,4,0,0,0,0,0,0,0,0,0,0,4,0,0,0,0,0,0,0,0,0
pbt,bintrie,5,4,storage_sstore_k10,1,,9990,0,0,0.0446,55.6342,0.0024,0.2532,56.8235,0,4,0,0,0,0,0,0,0,0,0,0,4,0,0,0,0,0,0,0,0,0
pbt,bintrie,5,4,storage_sstore_k10,1,,9991,0,0,0.0469,25.1373,0.003,0.2069,25.5966,0,4,0,0,0,0,0,0,0,0,0,0,4,0,0,0,0,0,0,0,0,0
pbt,bintrie,5,4,storage_sstore_k10,1,,9992,86950,2,0.0863,2.6948,1.14,5.6899,9.8327,8.8429,11,0,0,0,3,0,0,0,1,165,6,5,54.55,0,0,0,0,0,0,0,0
pbt,bintrie,5,4,storage_sstore_k10,1,,9993,15907300,1,10.7517,14.9685,56.2308,4.7792,88.7516,179.2339,17,764,11,445,12,0,692,0,0,0,3,14,17.65,121,643,15.84,11,0,100,445,0
pbt,bintrie,5,4,storage_sstore_k10,1,,9994,21000,1,0.0741,3.098,44.9841,1.1204,49.5452,0.4239,6,0,0,0,2,0,0,0,0,0,2,4,33.33,0,0,0,0,0,0,0,0
pbt,bintrie,5,4,storage_sstore_k10,20,,10123,0,0,0.0693,15.7361,0.003,0.3325,16.3583,0,4,0,0,0,0,0,0,0,0,0,0,4,0,0,0,0,0,0,0,0,0
pbt,bintrie,5,4,storage_sstore_k10,20,,10124,0,0,0.0391,6.3349,0.0024,0.1965,6.7512,0,4,0,0,0,0,0,0,0,0,0,0,4,0,0,0,0,0,0,0,0,0
pbt,bintrie,5,4,storage_sstore_k10,20,,10125,0,0,0.0507,56.5845,0.003,0.1348,57.0755,0,4,0,0,0,0,0,0,0,0,0,0,4,0,0,0,0,0,0,0,0,0
pbt,bintrie,5,4,storage_sstore_k10,20,,10126,0,0,0.0411,0.7668,0.0019,0.1637,1.1438,0,4,0,0,0,0,0,0,0,0,0,0,4,0,0,0,0,0,0,0,0,0
pbt,bintrie,5,4,storage_sstore_k10,20,,10127,86950,2,0.1818,19.6551,4.4521,6.2759,34.9632,2.4869,11,0,0,0,3,0,0,0,1,165,6,5,54.55,0,0,0,0,0,0,0,0
pbt,bintrie,5,4,storage_sstore_k10,20,,10128,15907300,1,16.594,24.2702,17.5546,4.1215,62.7657,253.4394,17,764,11,445,12,0,692,0,0,0,1,16,5.88,178,586,23.3,11,0,100,445,0
pbt,bintrie,5,4,storage_sstore_k10,20,,10129,21000,1,0.2069,19.1637,18.0387,0.8701,38.4853,0.5457,6,0,0,0,2,0,0,0,0,0,0,6,0,0,0,0,0,0,0,0,0
pbt,bintrie,5,4,storage_sstore_k10,2,,9995,0,0,0.056,22.1181,0.0033,0.293,22.7759,0,4,0,0,0,0,0,0,0,0,0,0,4,0,0,0,0,0,0,0,0,0
pbt,bintrie,5,4,storage_sstore_k10,2,,9996,0,0,0.3312,12.3205,0.0032,26.6742,54.8166,0,4,0,0,0,0,0,0,0,0,0,0,4,0,0,0,0,0,0,0,0,0
pbt,bintrie,5,4,storage_sstore_k10,2,,9997,0,0,0.0477,25.2173,0.0028,0.178,25.6215,0,4,0,0,0,0,0,0,0,0,0,0,4,0,0,0,0,0,0,0,0,0
pbt,bintrie,5,4,storage_sstore_k10,2,,9998,0,0,0.0411,32.2873,0.002,0.1708,32.7124,0,4,0,0,0,0,0,0,0,0,0,0,4,0,0,0,0,0,0,0,0,0
pbt,bintrie,5,4,storage_sstore_k10,2,,9999,86950,2,0.1186,13.3048,18.7624,4.9241,62.4304,1.3928,11,0,0,0,3,0,0,0,1,165,6,5,54.55,0,0,0,0,0,0,0,0
pbt,bintrie,5,4,storage_sstore_k10,2,,10000,15907300,1,13.1915,36.5082,23.0869,3.9811,76.956,206.7064,17,764,11,445,12,0,692,0,0,0,7,10,41.18,277,487,36.26,11,0,100,445,0
pbt,bintrie,5,4,storage_sstore_k10,2,,10001,21000,1,0.2107,14.3975,6.4898,0.8232,22.1579,0.9477,6,0,0,0,2,0,0,0,0,0,0,6,0,0,0,0,0,0,0,0,0
pbt,bintrie,5,4,storage_sstore_k10,3,,10002,0,0,0.0592,14.0109,0.0029,0.359,14.6883,0,4,0,0,0,0,0,0,0,0,0,0,4,0,0,0,0,0,0,0,0,0
pbt,bintrie,5,4,storage_sstore_k10,3,,10003,0,0,0.0579,21.6144,0.0042,25.1882,53.0336,0,4,0,0,0,0,0,0,0,0,0,0,4,0,0,0,0,0,0,0,0,0
pbt,bintrie,5,4,storage_sstore_k10,3,,10004,0,0,0.0293,2.7326,0.002,0.1161,3.0613,0,4,0,0,0,0,0,0,0,0,0,0,4,0,0,0,0,0,0,0,0,0
pbt,bintrie,5,4,storage_sstore_k10,3,,10005,0,0,0.0242,2.4584,0.0017,0.1332,2.7802,0,4,0,0,0,0,0,0,0,0,0,0,4,0,0,0,0,0,0,0,0,0
pbt,bintrie,5,4,storage_sstore_k10,3,,10006,86950,2,0.3008,16.5653,17.963,5.4591,54.9635,1.582,11,0,0,0,3,0,0,0,1,165,4,7,36.36,0,0,0,0,0,0,0,0
pbt,bintrie,5,4,storage_sstore_k10,3,,10007,15907300,1,10.1216,16.0307,19.7818,5.2988,51.607,308.2392,17,764,11,445,12,0,692,0,0,0,1,16,5.88,100,664,13.09,11,0,100,445,0
pbt,bintrie,5,4,storage_sstore_k10,3,,10008,21000,1,0.1006,7.2517,45.6468,0.7119,53.9271,0.3894,6,0,0,0,2,0,0,0,0,0,2,4,33.33,0,0,0,0,0,0,0,0
pbt,bintrie,5,4,storage_sstore_k10,4,,10009,0,0,0.0588,23.1031,0.003,0.3625,23.7791,0,4,0,0,0,0,0,0,0,0,0,0,4,0,0,0,0,0,0,0,0,0
pbt,bintrie,5,4,storage_sstore_k10,4,,10010,0,0,0.0697,19.3915,0.0047,0.266,41.0484,0,4,0,0,0,0,0,0,0,0,0,0,4,0,0,0,0,0,0,0,0,0
pbt,bintrie,5,4,storage_sstore_k10,4,,10011,0,0,0.0546,6.5032,0.0198,0.1581,7.0307,0,4,0,0,0,0,0,0,0,0,0,0,4,0,0,0,0,0,0,0,0,0
pbt,bintrie,5,4,storage_sstore_k10,4,,10012,0,0,0.0438,29.3606,0.0035,0.1934,29.7789,0,4,0,0,0,0,0,0,0,0,0,0,4,0,0,0,0,0,0,0,0,0
pbt,bintrie,5,4,storage_sstore_k10,4,,10013,86950,2,0.1721,18.9368,4.498,8.6376,32.4598,2.6787,11,0,0,0,3,0,0,0,1,165,4,7,36.36,0,0,0,0,0,0,0,0
pbt,bintrie,5,4,storage_sstore_k10,4,,10014,15907300,1,9.2897,12.1768,55.6435,3.5274,82.3991,193.0519,17,764,11,445,12,0,692,0,0,0,7,10,41.18,128,636,16.75,11,0,100,445,0
pbt,bintrie,5,4,storage_sstore_k10,4,,10015,21000,1,0.0606,2.5248,6.4245,0.7334,9.9217,2.1166,6,0,0,0,2,0,0,0,0,0,2,4,33.33,0,0,0,0,0,0,0,0
pbt,bintrie,5,4,storage_sstore_k10,5,,10016,0,0,0.058,16.0184,0.0094,0.2474,16.5615,0,4,0,0,0,0,0,0,0,0,0,0,4,0,0,0,0,0,0,0,0,0
pbt,bintrie,5,4,storage_sstore_k10,5,,10017,0,0,0.0433,32.6136,0.0042,0.2023,48.3283,0,4,0,0,0,0,0,0,0,0,0,0,4,0,0,0,0,0,0,0,0,0
pbt,bintrie,5,4,storage_sstore_k10,5,,10018,0,0,0.0461,6.8966,0.0023,0.1783,7.3706,0,4,0,0,0,0,0,0,0,0,0,0,4,0,0,0,0,0,0,0,0,0
pbt,bintrie,5,4,storage_sstore_k10,5,,10019,0,0,0.048,27.1026,0.0031,0.1702,27.5895,0,4,0,0,0,0,0,0,0,0,0,0,4,0,0,0,0,0,0,0,0,0
pbt,bintrie,5,4,storage_sstore_k10,5,,10020,86950,2,0.1268,3.0112,3.1377,4.8573,11.3141,7.6851,11,0,0,0,3,0,0,0,1,165,5,6,45.45,0,0,0,0,0,0,0,0
pbt,bintrie,5,4,storage_sstore_k10,5,,10021,15907300,1,9.7145,10.3627,53.4246,3.4765,77.7783,204.5212,17,764,11,445,12,0,692,0,0,0,8,9,47.06,328,436,42.93,11,0,100,445,0
pbt,bintrie,5,4,storage_sstore_k10,5,,10022,21000,1,0.1094,16.3033,5.4662,0.7528,22.8783,0.9179,6,0,0,0,2,0,0,0,0,0,2,4,33.33,0,0,0,0,0,0,0,0
pbt,bintrie,5,4,storage_sstore_k10,6,,10023,0,0,0.1872,31.7063,0.0019,0.2786,32.4735,0,4,0,0,0,0,0,0,0,0,0,0,4,0,0,0,0,0,0,0,0,0
pbt,bintrie,5,4,storage_sstore_k10,6,,10024,0,0,0.0414,20.7869,0.0043,1.2635,29.6887,0,4,0,0,0,0,0,0,0,0,0,0,4,0,0,0,0,0,0,0,0,0
pbt,bintrie,5,4,storage_sstore_k10,6,,10025,0,0,0.0556,13.9311,0.0028,0.145,14.3444,0,4,0,0,0,0,0,0,0,0,0,0,4,0,0,0,0,0,0,0,0,0
pbt,bintrie,5,4,storage_sstore_k10,6,,10026,0,0,0.0587,9.0726,0.0028,0.3238,9.7299,0,4,0,0,0,0,0,0,0,0,0,0,4,0,0,0,0,0,0,0,0,0
pbt,bintrie,5,4,storage_sstore_k10,6,,10027,86950,2,0.1305,16.0062,16.0482,5.2754,37.6532,2.3092,11,0,0,0,3,0,0,0,1,165,5,6,45.45,0,0,0,0,0,0,0,0
pbt,bintrie,5,4,storage_sstore_k10,6,,10028,15907300,1,10.1993,13.4769,10.8005,7.4742,42.1852,377.0829,17,764,11,445,12,0,692,0,0,0,6,11,35.29,224,540,29.32,11,0,100,445,0
pbt,bintrie,5,4,storage_sstore_k10,6,,10029,21000,1,0.0742,3.9228,2.8636,0.748,7.793,2.6947,6,0,0,0,2,0,0,0,0,0,2,4,33.33,0,0,0,0,0,0,0,0
pbt,bintrie,5,4,storage_sstore_k10,7,,10030,0,0,0.058,40.5977,0.0028,0.3165,42.5523,0,4,0,0,0,0,0,0,0,0,0,0,4,0,0,0,0,0,0,0,0,0
pbt,bintrie,5,4,storage_sstore_k10,7,,10031,0,0,0.0496,14.6696,0.0029,0.1842,15.1746,0,4,0,0,0,0,0,0,0,0,0,0,4,0,0,0,0,0,0,0,0,0
pbt,bintrie,5,4,storage_sstore_k10,7,,10032,0,0,0.0405,17.4126,0.0035,0.2296,22.2228,0,4,0,0,0,0,0,0,0,0,0,0,4,0,0,0,0,0,0,0,0,0
pbt,bintrie,5,4,storage_sstore_k10,7,,10033,0,0,0.108,62.489,0.0025,0.1384,62.9621,0,4,0,0,0,0,0,0,0,0,0,0,4,0,0,0,0,0,0,0,0,0
pbt,bintrie,5,4,storage_sstore_k10,7,,10034,86950,2,0.3496,0.9672,0.6173,5.1572,43.3176,2.0073,11,0,0,0,3,0,0,0,1,165,4,7,36.36,0,0,0,0,0,0,0,0
pbt,bintrie,5,4,storage_sstore_k10,7,,10035,15907300,1,8.4705,11.5505,17.9723,6.962,45.0994,352.7164,17,764,11,445,12,0,692,0,0,0,5,12,29.41,225,539,29.45,11,0,100,445,0
pbt,bintrie,5,4,storage_sstore_k10,7,,10036,21000,1,0.0609,2.4892,2.7345,0.7584,6.218,3.3773,6,0,0,0,2,0,0,0,0,0,2,4,33.33,0,0,0,0,0,0,0,0
pbt,bintrie,5,4,storage_sstore_k10,8,,10037,0,0,0.0645,14.1844,0.0034,0.201,14.7788,0,4,0,0,0,0,0,0,0,0,0,0,4,0,0,0,0,0,0,0,0,0
pbt,bintrie,5,4,storage_sstore_k10,8,,10038,0,0,0.0562,19.2972,0.0029,0.2101,19.7894,0,4,0,0,0,0,0,0,0,0,0,0,4,0,0,0,0,0,0,0,0,0
pbt,bintrie,5,4,storage_sstore_k10,8,,10039,0,0,0.0276,2.5429,0.0021,0.1058,2.9232,0,4,0,0,0,0,0,0,0,0,0,0,4,0,0,0,0,0,0,0,0,0
pbt,bintrie,5,4,storage_sstore_k10,8,,10040,0,0,0.0494,16.6203,0.0031,0.1851,17.0764,0,4,0,0,0,0,0,0,0,0,0,0,4,0,0,0,0,0,0,0,0,0
pbt,bintrie,5,4,storage_sstore_k10,8,,10041,86950,2,0.1687,4.0719,0.9809,4.7079,10.5167,8.2678,11,0,0,0,3,0,0,0,1,165,4,7,36.36,0,0,0,0,0,0,0,0
pbt,bintrie,5,4,storage_sstore_k10,8,,10042,15907300,1,8.8918,11.6728,19.089,10.1304,49.9925,318.1935,17,764,11,445,12,0,692,0,0,0,2,15,11.76,113,651,14.79,11,0,100,445,0
pbt,bintrie,5,4,storage_sstore_k10,8,,10043,21000,1,0.0647,2.6056,2.7913,0.7895,6.4563,3.2526,6,0,0,0,2,0,0,0,0,0,2,4,33.33,0,0,0,0,0,0,0,0
pbt,bintrie,5,4,storage_sstore_k10,8,,10044,0,0,0.0408,3.2879,0.002,0.1958,3.7125,0,4,0,0,0,0,0,0,0,0,0,0,4,0,0,0,0,0,0,0,0,0
pbt,bintrie,5,4,storage_sstore_k10,9,,10045,0,0,0.0769,17.5202,0.0034,0.2643,18.1516,0,4,0,0,0,0,0,0,0,0,0,0,4,0,0,0,0,0,0,0,0,0
pbt,bintrie,5,4,storage_sstore_k10,9,,10046,0,0,0.04,21.5484,0.0028,0.2958,42.7937,0,4,0,0,0,0,0,0,0,0,0,0,4,0,0,0,0,0,0,0,0,0
pbt,bintrie,5,4,storage_sstore_k10,9,,10047,0,0,0.0417,2.8954,0.0024,0.1323,3.2827,0,4,0,0,0,0,0,0,0,0,0,0,4,0,0,0,0,0,0,0,0,0
pbt,bintrie,5,4,storage_sstore_k10,9,,10048,0,0,0.0502,19.7546,0.0036,0.1897,20.2282,0,4,0,0,0,0,0,0,0,0,0,0,4,0,0,0,0,0,0,0,0,0
pbt,bintrie,5,4,storage_sstore_k10,9,,10049,86950,2,0.2019,3.4147,7.7662,5.1326,16.7358,5.1954,11,0,0,0,3,0,0,0,1,165,6,5,54.55,0,0,0,0,0,0,0,0
pbt,bintrie,5,4,storage_sstore_k10,9,,10050,15907300,1,8.3011,11.5212,51.5961,3.5204,78.6698,202.2034,17,764,11,445,12,0,692,0,0,0,3,14,17.65,173,591,22.64,11,0,100,445,0
pbt,bintrie,5,4,storage_sstore_k10,9,,10051,21000,1,0.138,6.7751,7.1881,0.8665,15.163,1.3849,6,0,0,0,2,0,0,0,0,0,0,6,0,0,0,0,0,0,0,0,0
pbt,bintrie,5,4,storage_sstore_k100,10,,10193,0,0,2.4985,25.9048,0.0022,0.1938,28.9043,0,4,0,0,0,0,0,0,0,0,0,0,4,0,0,0,0,0,0,0,0,0
pbt,bintrie,5,4,storage_sstore_k100,10,,10194,0,0,0.0325,2.1725,0.0031,2.709,7.8885,0,4,0,0,0,0,0,0,0,0,0,0,4,0,0,0,0,0,0,0,0,0
pbt,bintrie,5,4,storage_sstore_k100,10,,10195,0,0,0.0479,55.607,0.0025,0.1528,56.0289,0,4,0,0,0,0,0,0,0,0,0,0,4,0,0,0,0,0,0,0,0,0
pbt,bintrie,5,4,storage_sstore_k100,10,,10196,0,0,0.0507,22.5686,0.0032,0.2067,23.0673,0,4,0,0,0,0,0,0,0,0,0,0,4,0,0,0,0,0,0,0,0,0
pbt,bintrie,5,4,storage_sstore_k100,10,,10197,86950,2,0.0938,2.124,52.3856,5.4581,63.1969,1.3759,11,0,0,0,3,0,0,0,1,165,5,6,45.45,0,0,0,0,0,0,0,0
pbt,bintrie,5,4,storage_sstore_k100,10,,10198,15918228,1,12.8274,45.1415,29.4304,8.3778,98.1725,162.1454,106,687,100,2937,100,0,680,0,0,0,4,102,3.77,14,673,2.04,100,0,100,2937,0
pbt,bintrie,5,4,storage_sstore_k100,10,,10199,21000,1,0.0603,10.8735,21.2432,0.8131,33.1414,0.6336,6,0,0,0,2,0,0,0,0,0,2,4,33.33,0,0,0,0,0,0,0,0
pbt,bintrie,5,4,storage_sstore_k100,11,,10200,0,0,0.0637,25.3824,0.0026,0.2853,26.01,0,4,0,0,0,0,0,0,0,0,0,0,4,0,0,0,0,0,0,0,0,0
pbt,bintrie,5,4,storage_sstore_k100,11,,10201,0,0,0.0738,1.4054,0.0019,0.1809,2.3747,0,4,0,0,0,0,0,0,0,0,0,0,4,0,0,0,0,0,0,0,0,0
pbt,bintrie,5,4,storage_sstore_k100,11,,10202,0,0,0.0456,29.5238,0.0021,0.1295,33.9576,0,4,0,0,0,0,0,0,0,0,0,0,4,0,0,0,0,0,0,0,0,0
pbt,bintrie,5,4,storage_sstore_k100,11,,10203,0,0,0.0496,2.2062,0.0014,0.2419,2.9433,0,4,0,0,0,0,0,0,0,0,0,0,4,0,0,0,0,0,0,0,0,0
pbt,bintrie,5,4,storage_sstore_k100,11,,10204,86950,2,0.1417,3.6636,4.6719,4.9705,13.7177,6.3385,11,0,0,0,3,0,0,0,1,165,5,6,45.45,0,0,0,0,0,0,0,0
pbt,bintrie,5,4,storage_sstore_k100,11,,10205,15918228,1,11.8798,27.1357,74.1636,8.867,125.6328,126.7043,106,687,100,2937,100,0,680,0,0,0,37,69,34.91,275,412,40.03,100,0,100,2937,0
pbt,bintrie,5,4,storage_sstore_k100,11,,10206,21000,1,0.1037,7.2278,21.1124,0.8493,29.5188,0.7114,6,0,0,0,2,0,0,0,0,0,2,4,33.33,0,0,0,0,0,0,0,0
pbt,bintrie,5,4,storage_sstore_k100,12,,10207,0,0,0.053,47.7619,0.0038,0.2466,48.3108,0,4,0,0,0,0,0,0,0,0,0,0,4,0,0,0,0,0,0,0,0,0
pbt,bintrie,5,4,storage_sstore_k100,12,,10208,0,0,0.044,2.551,0.0018,0.1635,4.4057,0,4,0,0,0,0,0,0,0,0,0,0,4,0,0,0,0,0,0,0,0,0
pbt,bintrie,5,4,storage_sstore_k100,12,,10209,0,0,0.0459,57.8885,0.0033,0.2284,58.34,0,4,0,0,0,0,0,0,0,0,0,0,4,0,0,0,0,0,0,0,0,0
pbt,bintrie,5,4,storage_sstore_k100,12,,10210,0,0,0.0463,30.8056,0.003,0.2546,31.2982,0,4,0,0,0,0,0,0,0,0,0,0,4,0,0,0,0,0,0,0,0,0
pbt,bintrie,5,4,storage_sstore_k100,12,,10211,86950,2,0.1059,3.0237,5.136,4.8269,13.3167,6.5294,11,0,0,0,3,0,0,0,1,165,7,4,63.64,0,0,0,0,0,0,0,0
pbt,bintrie,5,4,storage_sstore_k100,12,,10212,15918228,1,7.7312,27.5271,88.931,9.0593,134.7749,118.1098,106,687,100,2937,100,0,680,0,0,0,59,47,55.66,341,346,49.64,100,0,100,2937,0
pbt,bintrie,5,4,storage_sstore_k100,12,,10213,21000,1,0.1057,7.0692,41.5394,0.7645,49.7549,0.4221,6,0,0,0,2,0,0,0,0,0,2,4,33.33,0,0,0,0,0,0,0,0
pbt,bintrie,5,4,storage_sstore_k100,13,,10214,0,0,0.0585,34.9613,0.0034,0.2347,36.3082,0,4,0,0,0,0,0,0,0,0,0,0,4,0,0,0,0,0,0,0,0,0
pbt,bintrie,5,4,storage_sstore_k100,13,,10215,0,0,0.0338,2.9661,0.0015,1.1231,4.2972,0,4,0,0,0,0,0,0,0,0,0,0,4,0,0,0,0,0,0,0,0,0
pbt,bintrie,5,4,storage_sstore_k100,13,,10216,0,0,0.0337,73.9062,0.003,0.197,74.3264,0,4,0,0,0,0,0,0,0,0,0,0,4,0,0,0,0,0,0,0,0,0
pbt,bintrie,5,4,storage_sstore_k100,13,,10217,0,0,0.0848,25.9294,0.006,0.241,26.4848,0,4,0,0,0,0,0,0,0,0,0,0,4,0,0,0,0,0,0,0,0,0
pbt,bintrie,5,4,storage_sstore_k100,13,,10218,86950,2,0.1603,3.21,2.9936,5.5456,12.1669,7.1465,11,0,0,0,3,0,0,0,1,165,5,6,45.45,0,0,0,0,0,0,0,0
pbt,bintrie,5,4,storage_sstore_k100,13,,10219,15918228,1,8.3427,20.6917,78.2731,8.7556,117.3163,135.6864,106,687,100,2937,100,0,680,0,0,0,36,70,33.96,191,496,27.8,100,0,100,2937,0
pbt,bintrie,5,4,storage_sstore_k100,13,,10220,21000,1,0.0587,7.0396,34.991,0.8625,43.1924,0.4862,6,0,0,0,2,0,0,0,0,0,2,4,33.33,0,0,0,0,0,0,0,0
pbt,bintrie,5,4,storage_sstore_k100,14,,10221,0,0,0.0494,12.9843,0.0024,0.3376,13.6088,0,4,0,0,0,0,0,0,0,0,0,0,4,0,0,0,0,0,0,0,0,0
pbt,bintrie,5,4,storage_sstore_k100,14,,10222,0,0,0.0333,3.9208,0.0012,0.1204,4.2326,0,4,0,0,0,0,0,0,0,0,0,0,4,0,0,0,0,0,0,0,0,0
pbt,bintrie,5,4,storage_sstore_k100,14,,10223,0,0,0.0365,1.2291,0.0021,3.0592,7.2733,0,4,0,0,0,0,0,0,0,0,0,0,4,0,0,0,0,0,0,0,0,0
pbt,bintrie,5,4,storage_sstore_k100,14,,10224,0,0,0.0668,33.7639,0.0149,0.2605,34.3317,0,4,0,0,0,0,0,0,0,0,0,0,4,0,0,0,0,0,0,0,0,0
pbt,bintrie,5,4,storage_sstore_k100,14,,10225,86950,2,0.1273,8.2671,21.0309,16.3889,46.0462,1.8883,11,0,0,0,3,0,0,0,1,165,5,6,45.45,0,0,0,0,0,0,0,0
pbt,bintrie,5,4,storage_sstore_k100,14,,10226,15918228,1,7.6304,15.0514,41.2913,19.2971,83.42,190.8202,106,687,100,2937,100,0,680,0,0,0,31,75,29.25,175,512,25.47,100,0,100,2937,0
pbt,bintrie,5,4,storage_sstore_k100,14,,10227,21000,1,0.0961,8.0378,34.7471,0.8206,43.9357,0.478,6,0,0,0,2,0,0,0,0,0,2,4,33.33,0,0,0,0,0,0,0,0
pbt,bintrie,5,4,storage_sstore_k100,15,,10228,0,0,0.0581,22.3656,0.0029,0.2828,22.9547,0,4,0,0,0,0,0,0,0,0,0,0,4,0,0,0,0,0,0,0,0,0
pbt,bintrie,5,4,storage_sstore_k100,15,,10229,0,0,0.0649,0.9793,0.0021,0.1851,7.7462,0,4,0,0,0,0,0,0,0,0,0,0,4,0,0,0,0,0,0,0,0,0
pbt,bintrie,5,4,storage_sstore_k100,15,,10230,0,0,0.0545,48.0087,0.0033,0.1611,54.9849,0,4,0,0,0,0,0,0,0,0,0,0,4,0,0,0,0,0,0,0,0,0
pbt,bintrie,5,4,storage_sstore_k100,15,,10231,0,0,0.0403,82.369,0.0023,0.1238,82.7137,0,4,0,0,0,0,0,0,0,0,0,0,4,0,0,0,0,0,0,0,0,0
pbt,bintrie,5,4,storage_sstore_k100,15,,10232,86950,2,0.3582,1.1803,0.7383,10.953,13.772,6.3136,11,0,0,0,3,0,0,0,1,165,4,7,36.36,0,0,0,0,0,0,0,0
pbt,bintrie,5,4,storage_sstore_k100,15,,10233,15918228,1,10.1979,21.1586,49.5908,9.8788,91.0151,174.8967,106,687,100,2937,100,0,680,0,0,0,15,91,14.15,97,590,14.12,100,0,100,2937,0
pbt,bintrie,5,4,storage_sstore_k100,15,,10234,21000,1,0.2023,19.0129,29.7108,0.8472,50.0667,0.4194,6,0,0,0,2,0,0,0,0,0,0,6,0,0,0,0,0,0,0,0,0
pbt,bintrie,5,4,storage_sstore_k100,16,,10235,0,0,0.0662,21.2687,0.0031,0.2868,21.9328,0,4,0,0,0,0,0,0,0,0,0,0,4,0,0,0,0,0,0,0,0,0
pbt,bintrie,5,4,storage_sstore_k100,16,,10236,0,0,0.0308,0.8993,0.0023,0.1405,2.9865,0,4,0,0,0,0,0,0,0,0,0,0,4,0,0,0,0,0,0,0,0,0
pbt,bintrie,5,4,storage_sstore_k100,16,,10237,0,0,0.0524,42.5786,0.0023,0.1782,46.6163,0,4,0,0,0,0,0,0,0,0,0,0,4,0,0,0,0,0,0,0,0,0
pbt,bintrie,5,4,storage_sstore_k100,16,,10238,0,0,0.0418,29.5055,0.0053,0.1639,29.9201,0,4,0,0,0,0,0,0,0,0,0,0,4,0,0,0,0,0,0,0,0,0
pbt,bintrie,5,4,storage_sstore_k100,16,,10239,86950,2,0.4014,61.3646,2.4802,5.0052,69.445,1.2521,11,0,0,0,3,0,0,0,1,165,5,6,45.45,0,0,0,0,0,0,0,0
pbt,bintrie,5,4,storage_sstore_k100,16,,10240,15918228,1,17.0125,34.2469,38.9194,8.8588,99.2609,160.3676,106,687,100,2937,100,0,680,0,0,0,10,96,9.43,48,639,6.99,100,0,100,2937,0
pbt,bintrie,5,4,storage_sstore_k100,16,,10241,21000,1,0.0781,6.591,68.7856,0.5985,82.4299,0.2548,6,0,0,0,2,0,0,0,0,0,2,4,33.33,0,0,0,0,0,0,0,0
pbt,bintrie,5,4,storage_sstore_k100,17,,10242,0,0,0.064,23.4575,0.0029,0.3417,24.3228,0,4,0,0,0,0,0,0,0,0,0,0,4,0,0,0,0,0,0,0,0,0
pbt,bintrie,5,4,storage_sstore_k100,17,,10243,0,0,0.0209,0.6986,0.0018,0.9541,2.2945,0,4,0,0,0,0,0,0,0,0,0,0,4,0,0,0,0,0,0,0,0,0
pbt,bintrie,5,4,storage_sstore_k100,17,,10244,0,0,0.0692,82.1446,0.0071,0.6558,102.2552,0,4,0,0,0,0,0,0,0,0,0,0,4,0,0,0,0,0,0,0,0,0
pbt,bintrie,5,4,storage_sstore_k100,17,,10245,0,0,0.0717,11.027,0.0023,0.1543,11.432,0,4,0,0,0,0,0,0,0,0,0,0,4,0,0,0,0,0,0,0,0,0
pbt,bintrie,5,4,storage_sstore_k100,17,,10246,86950,2,0.2795,52.5865,4.3217,5.344,62.7068,1.3866,11,0,0,0,3,0,0,0,1,165,5,6,45.45,0,0,0,0,0,0,0,0
pbt,bintrie,5,4,storage_sstore_k100,17,,10247,15918228,1,8.8679,28.3503,24.3487,8.9502,70.7073,225.1284,106,687,100,2937,100,0,680,0,0,0,47,59,44.34,316,371,46.0,100,0,100,2937,0
pbt,bintrie,5,4,storage_sstore_k100,17,,10248,21000,1,1.3266,29.5435,20.9344,0.5456,63.4361,0.331,6,0,0,0,2,0,0,0,0,0,0,6,0,0,0,0,0,0,0,0,0
pbt,bintrie,5,4,storage_sstore_k100,18,,10249,0,0,0.0568,22.7755,0.0029,0.2882,25.5987,0,4,0,0,0,0,0,0,0,0,0,0,4,0,0,0,0,0,0,0,0,0
pbt,bintrie,5,4,storage_sstore_k100,18,,10250,0,0,0.0265,0.8907,0.0107,0.1357,3.6766,0,4,0,0,0,0,0,0,0,0,0,0,4,0,0,0,0,0,0,0,0,0
pbt,bintrie,5,4,storage_sstore_k100,18,,10251,0,0,0.0469,30.4057,0.0025,0.1323,36.4544,0,4,0,0,0,0,0,0,0,0,0,0,4,0,0,0,0,0,0,0,0,0
pbt,bintrie,5,4,storage_sstore_k100,18,,10252,0,0,0.1025,43.1577,0.0198,2.7912,57.2807,0,4,0,0,0,0,0,0,0,0,0,0,4,0,0,0,0,0,0,0,0,0
pbt,bintrie,5,4,storage_sstore_k100,18,,10253,86950,2,0.189,0.6524,0.7784,4.8182,6.669,13.0379,11,0,0,0,3,0,0,0,1,165,5,6,45.45,0,0,0,0,0,0,0,0
pbt,bintrie,5,4,storage_sstore_k100,18,,10254,15918228,1,9.5079,18.4817,27.7777,9.6748,65.7515,242.0969,106,687,100,2937,100,0,680,0,0,0,14,92,13.21,87,600,12.66,100,0,100,2937,0
pbt,bintrie,5,4,storage_sstore_k100,18,,10255,21000,1,0.2199,20.2219,40.0502,0.5185,61.2551,0.3428,6,0,0,0,2,0,0,0,0,0,0,6,0,0,0,0,0,0,0,0,0
pbt,bintrie,5,4,storage_sstore_k100,19,,10256,0,0,0.0948,9.2009,0.0019,0.3146,9.9032,0,4,0,0,0,0,0,0,0,0,0,0,4,0,0,0,0,0,0,0,0,0
pbt,bintrie,5,4,storage_sstore_k100,19,,10257,0,0,0.0271,0.8899,0.0022,0.1422,2.8671,0,4,0,0,0,0,0,0,0,0,0,0,4,0,0,0,0,0,0,0,0,0
pbt,bintrie,5,4,storage_sstore_k100,19,,10258,0,0,0.0297,20.8749,0.0016,0.112,21.1886,0,4,0,0,0,0,0,0,0,0,0,0,4,0,0,0,0,0,0,0,0,0
pbt,bintrie,5,4,storage_sstore_k100,19,,10259,0,0,0.0606,22.2012,0.0036,0.2242,22.6871,0,4,0,0,0,0,0,0,0,0,0,0,4,0,0,0,0,0,0,0,0,0
pbt,bintrie,5,4,storage_sstore_k100,19,,10260,86950,2,0.1405,3.7263,42.8104,6.9216,54.1617,1.6054,11,0,0,0,3,0,0,0,1,165,6,5,54.55,0,0,0,0,0,0,0,0
pbt,bintrie,5,4,storage_sstore_k100,19,,10261,15918228,1,9.6745,18.1596,39.7006,20.6007,88.3734,180.1247,106,687,100,2937,100,0,680,0,0,0,24,82,22.64,162,525,23.58,100,0,100,2937,0
pbt,bintrie,5,4,storage_sstore_k100,19,,10262,21000,1,0.0672,2.6596,2.1944,0.4592,5.5865,3.7591,6,0,0,0,2,0,0,0,0,0,2,4,33.33,0,0,0,0,0,0,0,0
pbt,bintrie,5,4,storage_sstore_k100,1,,10130,0,0,0.0825,28.8223,0.0021,0.1584,29.4815,0,4,0,0,0,0,0,0,0,0,0,0,4,0,0,0,0,0,0,0,0,0
pbt,bintrie,5,4,storage_sstore_k100,1,,10131,0,0,0.0613,28.9833,0.0091,0.1567,29.5814,0,4,0,0,0,0,0,0,0,0,0,0,4,0,0,0,0,0,0,0,0,0
pbt,bintrie,5,4,storage_sstore_k100,1,,10132,0,0,0.0498,52.0416,0.003,0.1689,53.2081,0,4,0,0,0,0,0,0,0,0,0,0,4,0,0,0,0,0,0,0,0,0
pbt,bintrie,5,4,storage_sstore_k100,1,,10133,0,0,0.0449,25.035,0.0022,0.2809,25.6745,0,4,0,0,0,0,0,0,0,0,0,0,4,0,0,0,0,0,0,0,0,0
pbt,bintrie,5,4,storage_sstore_k100,1,,10134,86950,2,0.1059,27.6072,0.7873,5.2234,34.0198,2.5559,11,0,0,0,3,0,0,0,1,165,6,5,54.55,0,0,0,0,0,0,0,0
pbt,bintrie,5,4,storage_sstore_k100,1,,10135,15918228,1,7.7591,23.8373,55.7668,17.4369,104.9572,151.664,106,687,100,2937,100,0,680,0,0,0,56,50,52.83,354,333,51.53,100,0,100,2937,0
pbt,bintrie,5,4,storage_sstore_k100,1,,10136,21000,1,0.0731,3.3475,49.5884,0.5925,53.781,0.3905,6,0,0,0,2,0,0,0,0,0,2,4,33.33,0,0,0,0,0,0,0,0
pbt,bintrie,5,4,storage_sstore_k100,20,,10263,0,0,0.0687,68.4403,0.0024,0.1625,68.9802,0,4,0,0,0,0,0,0,0,0,0,0,4,0,0,0,0,0,0,0,0,0
pbt,bintrie,5,4,storage_sstore_k100,20,,10264,0,0,0.0557,41.8685,0.003,0.2375,42.4545,0,4,0,0,0,0,0,0,0,0,0,0,4,0,0,0,0,0,0,0,0,0
pbt,bintrie,5,4,storage_sstore_k100,20,,10265,0,0,0.045,43.0268,0.0023,0.1513,43.3912,0,4,0,0,0,0,0,0,0,0,0,0,4,0,0,0,0,0,0,0,0,0
pbt,bintrie,5,4,storage_sstore_k100,20,,10266,0,0,0.049,52.7207,0.0037,0.2799,53.3155,0,4,0,0,0,0,0,0,0,0,0,0,4,0,0,0,0,0,0,0,0,0
pbt,bintrie,5,4,storage_sstore_k100,20,,10267,86950,2,0.118,19.8876,0.7965,6.0256,27.0323,3.2165,11,0,0,0,3,0,0,0,1,165,6,5,54.55,0,0,0,0,0,0,0,0
pbt,bintrie,5,4,storage_sstore_k100,20,,10268,15918228,1,7.7963,15.4374,39.7184,19.3224,82.4281,193.1165,106,687,100,2937,100,0,680,0,0,0,56,50,52.83,365,322,53.13,100,0,100,2937,0
pbt,bintrie,5,4,storage_sstore_k100,20,,10269,21000,1,0.1576,20.213,7.3155,0.5624,28.4755,0.7375,6,0,0,0,2,0,0,0,0,0,0,6,0,0,0,0,0,0,0,0,0
pbt,bintrie,5,4,storage_sstore_k100,2,,10137,0,0,0.105,22.5129,0.0028,0.212,23.1949,0,4,0,0,0,0,0,0,0,0,0,0,4,0,0,0,0,0,0,0,0,0
pbt,bintrie,5,4,storage_sstore_k100,2,,10138,0,0,0.0403,25.4936,0.003,0.1613,25.8811,0,4,0,0,0,0,0,0,0,0,0,0,4,0,0,0,0,0,0,0,0,0
pbt,bintrie,5,4,storage_sstore_k100,2,,10139,0,0,0.0462,61.2834,0.003,0.243,62.2328,0,4,0,0,0,0,0,0,0,0,0,0,4,0,0,0,0,0,0,0,0,0
pbt,bintrie,5,4,storage_sstore_k100,2,,10140,0,0,0.0466,78.6789,0.0031,0.1563,79.1275,0,4,0,0,0,0,0,0,0,0,0,0,4,0,0,0,0,0,0,0,0,0
pbt,bintrie,5,4,storage_sstore_k100,2,,10141,86950,2,0.3787,29.3416,8.9284,4.6803,43.5245,1.9977,11,0,0,0,3,0,0,0,1,165,4,7,36.36,0,0,0,0,0,0,0,0
pbt,bintrie,5,4,storage_sstore_k100,2,,10142,15918228,1,13.7387,55.8652,29.9587,8.8819,108.7251,146.4081,106,687,100,2937,100,0,680,0,0,0,101,5,95.28,675,12,98.25,100,0,100,2937,0
pbt,bintrie,5,4,storage_sstore_k100,2,,10143,21000,1,0.0672,10.9983,44.6283,0.735,56.6296,0.3708,6,0,0,0,2,0,0,0,0,0,2,4,33.33,0,0,0,0,0,0,0,0
pbt,bintrie,5,4,storage_sstore_k100,3,,10144,0,0,0.0451,13.8906,0.0028,0.275,14.4723,0,4,0,0,0,0,0,0,0,0,0,0,4,0,0,0,0,0,0,0,0,0
pbt,bintrie,5,4,storage_sstore_k100,3,,10145,0,0,0.0386,0.8007,0.0015,0.1571,1.1774,0,4,0,0,0,0,0,0,0,0,0,0,4,0,0,0,0,0,0,0,0,0
pbt,bintrie,5,4,storage_sstore_k100,3,,10146,0,0,0.0425,57.0595,0.0029,0.1388,57.4118,0,4,0,0,0,0,0,0,0,0,0,0,4,0,0,0,0,0,0,0,0,0
pbt,bintrie,5,4,storage_sstore_k100,3,,10147,0,0,0.0461,64.9041,0.0026,0.1514,65.3638,0,4,0,0,0,0,0,0,0,0,0,0,4,0,0,0,0,0,0,0,0,0
pbt,bintrie,5,4,storage_sstore_k100,3,,10148,86950,2,0.1744,2.6794,4.3825,5.9905,52.8288,1.6459,11,0,0,0,3,0,0,0,1,165,5,6,45.45,0,0,0,0,0,0,0,0
pbt,bintrie,5,4,storage_sstore_k100,3,,10149,15918228,1,9.0595,19.3544,72.9995,8.5624,114.1153,139.4925,106,687,100,2937,100,0,680,0,0,0,27,79,25.47,167,520,24.31,100,0,100,2937,0
pbt,bintrie,5,4,storage_sstore_k100,3,,10150,21000,1,0.086,3.8142,40.9213,0.6625,55.6805,0.3772,6,0,0,0,2,0,0,0,0,0,2,4,33.33,0,0,0,0,0,0,0,0
pbt,bintrie,5,4,storage_sstore_k100,4,,10151,0,0,0.0771,18.1735,0.0025,0.2568,18.7566,0,4,0,0,0,0,0,0,0,0,0,0,4,0,0,0,0,0,0,0,0,0
pbt,bintrie,5,4,storage_sstore_k100,4,,10152,0,0,0.0204,0.8889,0.0027,0.1522,8.0243,0,4,0,0,0,0,0,0,0,0,0,0,4,0,0,0,0,0,0,0,0,0
pbt,bintrie,5,4,storage_sstore_k100,4,,10153,0,0,0.0507,108.2665,0.0057,2.4344,113.1729,0,4,0,0,0,0,0,0,0,0,0,0,4,0,0,0,0,0,0,0,0,0
pbt,bintrie,5,4,storage_sstore_k100,4,,10154,0,0,0.044,21.9373,0.0031,0.363,22.7276,0,4,0,0,0,0,0,0,0,0,0,0,4,0,0,0,0,0,0,0,0,0
pbt,bintrie,5,4,storage_sstore_k100,4,,10155,86950,2,0.3985,37.9372,0.8136,6.3432,45.9709,1.8914,11,0,0,0,3,0,0,0,1,165,4,7,36.36,0,0,0,0,0,0,0,0
pbt,bintrie,5,4,storage_sstore_k100,4,,10156,15918228,1,9.6737,20.3308,57.4135,14.518,102.2403,155.6943,106,687,100,2937,100,0,680,0,0,0,23,83,21.7,161,526,23.44,100,0,100,2937,0
pbt,bintrie,5,4,storage_sstore_k100,4,,10157,21000,1,0.082,9.7645,26.3554,0.7847,37.1881,0.5647,6,0,0,0,2,0,0,0,0,0,2,4,33.33,0,0,0,0,0,0,0,0
pbt,bintrie,5,4,storage_sstore_k100,5,,10158,0,0,0.0437,17.631,0.0019,0.1949,18.128,0,4,0,0,0,0,0,0,0,0,0,0,4,0,0,0,0,0,0,0,0,0
pbt,bintrie,5,4,storage_sstore_k100,5,,10159,0,0,0.0193,0.7068,0.002,0.1645,5.8604,0,4,0,0,0,0,0,0,0,0,0,0,4,0,0,0,0,0,0,0,0,0
pbt,bintrie,5,4,storage_sstore_k100,5,,10160,0,0,0.2712,130.2949,0.0024,0.1095,134.1055,0,4,0,0,0,0,0,0,0,0,0,0,4,0,0,0,0,0,0,0,0,0
pbt,bintrie,5,4,storage_sstore_k100,5,,10161,0,0,0.0647,14.6882,0.0025,0.1563,15.0808,0,4,0,0,0,0,0,0,0,0,0,0,4,0,0,0,0,0,0,0,0,0
pbt,bintrie,5,4,storage_sstore_k100,5,,10162,86950,2,0.0988,2.7323,3.2492,5.2629,11.5359,7.5374,11,0,0,0,3,0,0,0,1,165,6,5,54.55,0,0,0,0,0,0,0,0
pbt,bintrie,5,4,storage_sstore_k100,5,,10163,15918228,1,10.478,15.6632,80.5938,12.1044,119.2663,133.4679,106,687,100,2937,100,0,680,0,0,0,73,33,68.87,438,249,63.76,100,0,100,2937,0
pbt,bintrie,5,4,storage_sstore_k100,5,,10164,21000,1,0.0781,4.0517,16.8241,0.8036,21.9421,0.9571,6,0,0,0,2,0,0,0,0,0,2,4,33.33,0,0,0,0,0,0,0,0
pbt,bintrie,5,4,storage_sstore_k100,6,,10165,0,0,0.0376,5.4929,0.0014,0.1741,5.9014,0,4,0,0,0,0,0,0,0,0,0,0,4,0,0,0,0,0,0,0,0,0
pbt,bintrie,5,4,storage_sstore_k100,6,,10166,0,0,0.0487,20.4016,0.0032,0.1731,20.8671,0,4,0,0,0,0,0,0,0,0,0,0,4,0,0,0,0,0,0,0,0,0
pbt,bintrie,5,4,storage_sstore_k100,6,,10167,0,0,0.0819,53.7574,0.0027,0.1481,55.1486,0,4,0,0,0,0,0,0,0,0,0,0,4,0,0,0,0,0,0,0,0,0
pbt,bintrie,5,4,storage_sstore_k100,6,,10168,0,0,0.0446,50.4073,0.0035,0.3398,51.1656,0,4,0,0,0,0,0,0,0,0,0,0,4,0,0,0,0,0,0,0,0,0
pbt,bintrie,5,4,storage_sstore_k100,6,,10169,86950,2,0.142,3.2308,3.6539,4.964,12.1506,7.156,11,0,0,0,3,0,0,0,1,165,4,7,36.36,0,0,0,0,0,0,0,0
pbt,bintrie,5,4,storage_sstore_k100,6,,10170,15918228,1,8.6494,25.7,75.1138,8.5049,121.7879,130.7045,106,687,100,2937,100,0,680,0,0,0,34,72,32.08,239,448,34.79,100,0,100,2937,0
pbt,bintrie,5,4,storage_sstore_k100,6,,10171,21000,1,0.2094,51.9556,12.9231,0.5052,65.8224,0.319,6,0,0,0,2,0,0,0,0,0,0,6,0,0,0,0,0,0,0,0,0
pbt,bintrie,5,4,storage_sstore_k100,7,,10172,0,0,0.0601,23.2947,0.0032,0.2961,23.8994,0,4,0,0,0,0,0,0,0,0,0,0,4,0,0,0,0,0,0,0,0,0
pbt,bintrie,5,4,storage_sstore_k100,7,,10173,0,0,0.043,0.9225,0.002,2.9217,5.2639,0,4,0,0,0,0,0,0,0,0,0,0,4,0,0,0,0,0,0,0,0,0
pbt,bintrie,5,4,storage_sstore_k100,7,,10174,0,0,0.0526,29.9787,0.0027,0.1614,41.7969,0,4,0,0,0,0,0,0,0,0,0,0,4,0,0,0,0,0,0,0,0,0
pbt,bintrie,5,4,storage_sstore_k100,7,,10175,0,0,0.0281,2.5055,0.0014,0.1341,2.8362,0,4,0,0,0,0,0,0,0,0,0,0,4,0,0,0,0,0,0,0,0,0
pbt,bintrie,5,4,storage_sstore_k100,7,,10176,86950,2,0.3708,2.1536,40.9463,5.3677,49.0571,1.7724,11,0,0,0,3,0,0,0,1,165,4,7,36.36,0,0,0,0,0,0,0,0
pbt,bintrie,5,4,storage_sstore_k100,7,,10177,15918228,1,12.6911,54.2171,24.9999,8.2944,100.4338,158.4948,106,687,100,2937,100,0,680,0,0,0,35,71,33.02,215,472,31.3,100,0,100,2937,0
pbt,bintrie,5,4,storage_sstore_k100,7,,10178,21000,1,0.0713,24.8007,12.973,0.5835,38.6584,0.5432,6,0,0,0,2,0,0,0,0,0,2,4,33.33,0,0,0,0,0,0,0,0
pbt,bintrie,5,4,storage_sstore_k100,8,,10179,0,0,0.0766,23.745,0.0034,0.2627,26.338,0,4,0,0,0,0,0,0,0,0,0,0,4,0,0,0,0,0,0,0,0,0
pbt,bintrie,5,4,storage_sstore_k100,8,,10180,0,0,0.0209,0.7003,0.0028,0.1974,5.5029,0,4,0,0,0,0,0,0,0,0,0,0,4,0,0,0,0,0,0,0,0,0
pbt,bintrie,5,4,storage_sstore_k100,8,,10181,0,0,0.0567,56.0654,0.0051,0.2273,57.4288,0,4,0,0,0,0,0,0,0,0,0,0,4,0,0,0,0,0,0,0,0,0
pbt,bintrie,5,4,storage_sstore_k100,8,,10182,0,0,0.047,26.7604,0.0036,0.1963,27.2491,0,4,0,0,0,0,0,0,0,0,0,0,4,0,0,0,0,0,0,0,0,0
pbt,bintrie,5,4,storage_sstore_k100,8,,10183,86950,2,0.1098,3.0214,0.9182,5.3098,33.8113,2.5716,11,0,0,0,3,0,0,0,1,165,6,5,54.55,0,0,0,0,0,0,0,0
pbt,bintrie,5,4,storage_sstore_k100,8,,10184,15918228,1,7.5069,14.9528,49.5977,13.7546,85.9607,185.1802,106,687,100,2937,100,0,680,0,0,0,79,27,74.53,459,228,66.81,100,0,100,2937,0
pbt,bintrie,5,4,storage_sstore_k100,8,,10185,21000,1,0.0874,3.4936,55.0745,0.668,59.583,0.3524,6,0,0,0,2,0,0,0,0,0,2,4,33.33,0,0,0,0,0,0,0,0
pbt,bintrie,5,4,storage_sstore_k100,9,,10186,0,0,0.0542,0.8168,0.0016,2.3127,3.4433,0,4,0,0,0,0,0,0,0,0,0,0,4,0,0,0,0,0,0,0,0,0
pbt,bintrie,5,4,storage_sstore_k100,9,,10187,0,0,0.0304,1.3786,0.0024,0.2093,2.5142,0,4,0,0,0,0,0,0,0,0,0,0,4,0,0,0,0,0,0,0,0,0
pbt,bintrie,5,4,storage_sstore_k100,9,,10188,0,0,0.0498,0.8889,0.0031,2.4049,10.9939,0,4,0,0,0,0,0,0,0,0,0,0,4,0,0,0,0,0,0,0,0,0
pbt,bintrie,5,4,storage_sstore_k100,9,,10189,0,0,0.0495,25.1568,0.0029,0.1887,25.6085,0,4,0,0,0,0,0,0,0,0,0,0,4,0,0,0,0,0,0,0,0,0
pbt,bintrie,5,4,storage_sstore_k100,9,,10190,86950,2,0.0794,2.7666,2.5506,5.0365,10.5753,8.222,11,0,0,0,3,0,0,0,1,165,7,4,63.64,0,0,0,0,0,0,0,0
pbt,bintrie,5,4,storage_sstore_k100,9,,10191,15918228,1,10.1379,29.8085,72.3468,8.8231,123.6568,128.7291,106,687,100,2937,100,0,680,0,0,0,67,39,63.21,337,350,49.05,100,0,100,2937,0
pbt,bintrie,5,4,storage_sstore_k100,9,,10192,21000,1,0.2042,38.5839,22.8797,0.5727,62.5021,0.336,6,0,0,0,2,0,0,0,0,0,0,6,0,0,0,0,0,0,0,0,0
pbt,bintrie,5,4,storage_sstore_k400,10,,10340,0,0,0.0622,25.9974,0.003,0.2649,28.0757,0,4,0,0,0,0,0,0,0,0,0,0,4,0,0,0,0,0,0,0,0,0
pbt,bintrie,5,4,storage_sstore_k400,10,,10341,0,0,0.0215,0.8385,0.0039,0.2371,2.0151,0,4,0,0,0,0,0,0,0,0,0,0,4,0,0,0,0,0,0,0,0,0
pbt,bintrie,5,4,storage_sstore_k400,10,,10342,0,0,0.0312,2.6751,0.0013,0.1003,3.0315,0,4,0,0,0,0,0,0,0,0,0,0,4,0,0,0,0,0,0,0,0,0
pbt,bintrie,5,4,storage_sstore_k400,10,,10343,0,0,0.0523,1.41,0.0025,0.1633,3.3708,0,4,0,0,0,0,0,0,0,0,0,0,4,0,0,0,0,0,0,0,0,0
pbt,bintrie,5,4,storage_sstore_k400,10,,10344,86938,2,0.1245,3.8032,33.0464,6.0325,54.1786,1.6047,11,0,0,0,3,0,0,0,1,165,6,5,54.55,0,0,0,0,0,0,0,0
pbt,bintrie,5,4,storage_sstore_k400,10,,10345,15913190,1,11.4431,38.794,110.0596,22.142,182.785,87.0596,337,630,331,9405,331,0,628,0,0,0,194,143,57.57,281,349,44.6,331,0,100,9405,0
pbt,bintrie,5,4,storage_sstore_k400,10,,10346,21000,1,0.2178,26.1002,8.1744,0.5491,35.268,0.5954,6,0,0,0,2,0,0,0,0,0,0,6,0,0,0,0,0,0,0,0,0
pbt,bintrie,5,4,storage_sstore_k400,11,,10347,0,0,0.0663,18.8465,0.0031,0.2973,19.5026,0,4,0,0,0,0,0,0,0,0,0,0,4,0,0,0,0,0,0,0,0,0
pbt,bintrie,5,4,storage_sstore_k400,11,,10348,0,0,0.0365,1.0545,0.0015,0.1183,3.0266,0,4,0,0,0,0,0,0,0,0,0,0,4,0,0,0,0,0,0,0,0,0
pbt,bintrie,5,4,storage_sstore_k400,11,,10349,0,0,0.0277,2.7426,0.0015,0.1103,3.0762,0,4,0,0,0,0,0,0,0,0,0,0,4,0,0,0,0,0,0,0,0,0
pbt,bintrie,5,4,storage_sstore_k400,11,,10350,0,0,0.054,3.3001,0.0028,0.654,4.9454,0,4,0,0,0,0,0,0,0,0,0,0,4,0,0,0,0,0,0,0,0,0
pbt,bintrie,5,4,storage_sstore_k400,11,,10351,86938,2,0.2076,1.2378,0.9408,6.6762,10.2826,8.4549,11,0,0,0,3,0,0,0,1,165,4,7,36.36,0,0,0,0,0,0,0,0
pbt,bintrie,5,4,storage_sstore_k400,11,,10352,15913190,1,10.2119,37.8071,101.2606,23.3065,172.8274,92.0756,337,630,331,9405,331,0,628,0,0,0,195,142,57.86,308,322,48.89,331,0,100,9405,0
pbt,bintrie,5,4,storage_sstore_k400,11,,10353,21000,1,0.05,2.5717,7.0139,0.7963,10.5857,1.9838,6,0,0,0,2,0,0,0,0,0,2,4,33.33,0,0,0,0,0,0,0,0
pbt,bintrie,5,4,storage_sstore_k400,12,,10354,0,0,0.0496,34.8864,0.0023,0.2161,35.3376,0,4,0,0,0,0,0,0,0,0,0,0,4,0,0,0,0,0,0,0,0,0
pbt,bintrie,5,4,storage_sstore_k400,12,,10355,0,0,0.0448,18.0226,0.0032,0.1597,18.7152,0,4,0,0,0,0,0,0,0,0,0,0,4,0,0,0,0,0,0,0,0,0
pbt,bintrie,5,4,storage_sstore_k400,12,,10356,0,0,0.0335,46.6743,0.0035,0.1618,47.0681,0,4,0,0,0,0,0,0,0,0,0,0,4,0,0,0,0,0,0,0,0,0
pbt,bintrie,5,4,storage_sstore_k400,12,,10357,0,0,0.0437,63.7503,0.0037,0.1635,64.4256,0,4,0,0,0,0,0,0,0,0,0,0,4,0,0,0,0,0,0,0,0,0
pbt,bintrie,5,4,storage_sstore_k400,12,,10358,86938,2,0.341,26.9822,0.5712,5.914,35.3937,2.4563,11,0,0,0,3,0,0,0,1,165,4,7,36.36,0,0,0,0,0,0,0,0
pbt,bintrie,5,4,storage_sstore_k400,12,,10359,15913190,1,12.5742,40.7572,74.2214,50.691,178.7197,89.0399,337,630,331,9405,331,0,628,0,0,0,200,137,59.35,306,324,48.57,331,0,100,9405,0
pbt,bintrie,5,4,storage_sstore_k400,12,,10360,21000,1,0.2004,51.6929,2.2887,0.6063,55.0178,0.3817,6,0,0,0,2,0,0,0,0,0,0,6,0,0,0,0,0,0,0,0,0
pbt,bintrie,5,4,storage_sstore_k400,13,,10361,0,0,0.0772,15.766,0.003,0.2604,17.6171,0,4,0,0,0,0,0,0,0,0,0,0,4,0,0,0,0,0,0,0,0,0
pbt,bintrie,5,4,storage_sstore_k400,13,,10362,0,0,0.0418,0.8257,0.002,0.1384,3.8269,0,4,0,0,0,0,0,0,0,0,0,0,4,0,0,0,0,0,0,0,0,0
pbt,bintrie,5,4,storage_sstore_k400,13,,10363,0,0,0.0294,0.9403,0.002,2.7774,4.952,0,4,0,0,0,0,0,0,0,0,0,0,4,0,0,0,0,0,0,0,0,0
pbt,bintrie,5,4,storage_sstore_k400,13,,10364,0,0,0.0611,15.5343,0.0032,0.1897,25.8818,0,4,0,0,0,0,0,0,0,0,0,0,4,0,0,0,0,0,0,0,0,0
pbt,bintrie,5,4,storage_sstore_k400,13,,10365,86938,2,0.3605,23.0553,15.2848,5.2783,44.1913,1.9673,11,0,0,0,3,0,0,0,1,165,4,7,36.36,0,0,0,0,0,0,0,0
pbt,bintrie,5,4,storage_sstore_k400,13,,10366,15913190,1,8.8708,31.9531,116.9738,22.3087,180.7479,88.0408,337,630,331,9405,331,0,628,0,0,0,166,171,49.26,272,358,43.17,331,0,100,9405,0
pbt,bintrie,5,4,storage_sstore_k400,13,,10367,21000,1,0.0706,8.1879,3.2579,0.8462,12.5737,1.6702,6,0,0,0,2,0,0,0,0,0,2,4,33.33,0,0,0,0,0,0,0,0
pbt,bintrie,5,4,storage_sstore_k400,14,,10369,0,0,0.0613,22.8492,0.0021,0.2039,23.3974,0,4,0,0,0,0,0,0,0,0,0,0,4,0,0,0,0,0,0,0,0,0
pbt,bintrie,5,4,storage_sstore_k400,14,,10370,0,0,0.0182,0.7676,0.0015,0.5862,1.8191,0,4,0,0,0,0,0,0,0,0,0,0,4,0,0,0,0,0,0,0,0,0
pbt,bintrie,5,4,storage_sstore_k400,14,,10371,0,0,0.0444,25.695,0.0038,2.5117,30.2368,0,4,0,0,0,0,0,0,0,0,0,0,4,0,0,0,0,0,0,0,0,0
pbt,bintrie,5,4,storage_sstore_k400,14,,10372,0,0,0.0375,55.7126,0.0034,0.1992,56.1905,0,4,0,0,0,0,0,0,0,0,0,0,4,0,0,0,0,0,0,0,0,0
pbt,bintrie,5,4,storage_sstore_k400,14,,10373,86938,2,0.3496,7.6623,2.8805,5.2654,16.359,5.3144,11,0,0,0,3,0,0,0,1,165,4,7,36.36,0,0,0,0,0,0,0,0
pbt,bintrie,5,4,storage_sstore_k400,14,,10374,15913190,1,13.5842,56.133,99.2273,33.7154,203.0331,78.3773,337,630,331,9405,331,0,628,0,0,0,144,193,42.73,197,433,31.27,331,0,100,9405,0
pbt,bintrie,5,4,storage_sstore_k400,14,,10375,21000,1,0.1443,55.0875,6.9426,0.5358,62.915,0.3338,6,0,0,0,2,0,0,0,0,0,0,6,0,0,0,0,0,0,0,0,0
pbt,bintrie,5,4,storage_sstore_k400,15,,10376,0,0,0.1631,15.5759,0.0026,0.3757,16.3978,0,4,0,0,0,0,0,0,0,0,0,0,4,0,0,0,0,0,0,0,0,0
pbt,bintrie,5,4,storage_sstore_k400,15,,10377,0,0,0.0279,0.962,0.0017,2.4319,4.1218,0,4,0,0,0,0,0,0,0,0,0,0,4,0,0,0,0,0,0,0,0,0
pbt,bintrie,5,4,storage_sstore_k400,15,,10378,0,0,0.0466,21.5636,0.0036,0.2225,26.8898,0,4,0,0,0,0,0,0,0,0,0,0,4,0,0,0,0,0,0,0,0,0
pbt,bintrie,5,4,storage_sstore_k400,15,,10379,0,0,0.0293,9.088,0.0016,0.1954,9.4647,0,4,0,0,0,0,0,0,0,0,0,0,4,0,0,0,0,0,0,0,0,0
pbt,bintrie,5,4,storage_sstore_k400,15,,10380,0,0,0.0538,56.3118,0.0021,0.1238,60.8772,0,4,0,0,0,0,0,0,0,0,0,0,4,0,0,0,0,0,0,0,0,0
pbt,bintrie,5,4,storage_sstore_k400,15,,10381,86938,2,0.2679,13.2709,41.0392,5.0458,69.3925,1.2528,11,0,0,0,3,0,0,0,1,165,5,6,45.45,0,0,0,0,0,0,0,0
pbt,bintrie,5,4,storage_sstore_k400,15,,10382,15913190,1,8.6083,30.3238,147.9543,23.9037,211.1933,75.3489,337,630,331,9405,331,0,628,0,0,0,140,197,41.54,240,390,38.1,331,0,100,9405,0
pbt,bintrie,5,4,storage_sstore_k400,15,,10383,21000,1,0.0556,7.8556,2.7841,0.6006,11.4695,1.8309,6,0,0,0,2,0,0,0,0,0,2,4,33.33,0,0,0,0,0,0,0,0
pbt,bintrie,5,4,storage_sstore_k400,16,,10384,0,0,0.0909,40.9472,0.003,0.2852,41.6175,0,4,0,0,0,0,0,0,0,0,0,0,4,0,0,0,0,0,0,0,0,0
pbt,bintrie,5,4,storage_sstore_k400,16,,10385,0,0,0.0282,4.7448,0.0019,0.1894,5.1191,0,4,0,0,0,0,0,0,0,0,0,0,4,0,0,0,0,0,0,0,0,0
pbt,bintrie,5,4,storage_sstore_k400,16,,10386,0,0,0.029,95.742,0.0022,0.1505,96.2399,0,4,0,0,0,0,0,0,0,0,0,0,4,0,0,0,0,0,0,0,0,0
pbt,bintrie,5,4,storage_sstore_k400,16,,10387,0,0,0.0511,53.4557,0.0033,0.2579,54.058,0,4,0,0,0,0,0,0,0,0,0,0,4,0,0,0,0,0,0,0,0,0
pbt,bintrie,5,4,storage_sstore_k400,16,,10388,86938,2,0.1561,5.1805,57.9498,6.1229,69.6294,1.2486,11,0,0,0,3,0,0,0,1,165,6,5,54.55,0,0,0,0,0,0,0,0
pbt,bintrie,5,4,storage_sstore_k400,16,,10389,15913190,1,11.5314,72.5871,74.7421,52.7913,211.8242,75.1245,337,630,331,9405,331,0,628,0,0,0,139,198,41.25,250,380,39.68,331,0,100,9405,0
pbt,bintrie,5,4,storage_sstore_k400,16,,10390,21000,1,0.2301,59.4326,5.477,0.6894,66.0991,0.3177,6,0,0,0,2,0,0,0,0,0,0,6,0,0,0,0,0,0,0,0,0
pbt,bintrie,5,4,storage_sstore_k400,17,,10391,0,0,0.0574,0.945,0.0021,0.2342,1.511,0,4,0,0,0,0,0,0,0,0,0,0,4,0,0,0,0,0,0,0,0,0
pbt,bintrie,5,4,storage_sstore_k400,17,,10392,0,0,0.0287,7.2827,0.0021,0.203,7.6841,0,4,0,0,0,0,0,0,0,0,0,0,4,0,0,0,0,0,0,0,0,0
pbt,bintrie,5,4,storage_sstore_k400,17,,10393,0,0,0.0928,9.2102,0.0025,0.1542,9.6996,0,4,0,0,0,0,0,0,0,0,0,0,4,0,0,0,0,0,0,0,0,0
pbt,bintrie,5,4,storage_sstore_k400,17,,10394,0,0,0.0275,3.8115,0.002,0.0984,4.1633,0,4,0,0,0,0,0,0,0,0,0,0,4,0,0,0,0,0,0,0,0,0
pbt,bintrie,5,4,storage_sstore_k400,17,,10395,86938,2,0.1656,3.5784,2.5001,5.3896,11.8523,7.3351,11,0,0,0,3,0,0,0,1,165,6,5,54.55,0,0,0,0,0,0,0,0
pbt,bintrie,5,4,storage_sstore_k400,17,,10396,15913190,1,14.5961,61.0282,84.7409,30.1117,190.9039,83.3571,337,630,331,9405,331,0,628,0,0,0,209,128,62.02,367,263,58.25,331,0,100,9405,0
pbt,bintrie,5,4,storage_sstore_k400,17,,10397,21000,1,0.2168,16.4948,17.2799,0.601,68.3929,0.307,6,0,0,0,2,0,0,0,0,0,0,6,0,0,0,0,0,0,0,0,0
pbt,bintrie,5,4,storage_sstore_k400,18,,10398,0,0,0.0593,0.8185,0.0019,0.2082,1.3378,0,4,0,0,0,0,0,0,0,0,0,0,4,0,0,0,0,0,0,0,0,0
pbt,bintrie,5,4,storage_sstore_k400,18,,10399,0,0,0.0308,0.9954,0.0022,0.1372,2.2001,0,4,0,0,0,0,0,0,0,0,0,0,4,0,0,0,0,0,0,0,0,0
pbt,bintrie,5,4,storage_sstore_k400,18,,10400,0,0,0.0501,17.0822,0.0032,0.5444,18.1188,0,4,0,0,0,0,0,0,0,0,0,0,4,0,0,0,0,0,0,0,0,0
pbt,bintrie,5,4,storage_sstore_k400,18,,10401,0,0,0.0518,3.8061,0.002,0.148,4.1715,0,4,0,0,0,0,0,0,0,0,0,0,4,0,0,0,0,0,0,0,0,0
pbt,bintrie,5,4,storage_sstore_k400,18,,10402,0,0,0.0202,3.8719,0.0015,0.3431,4.3754,0,4,0,0,0,0,0,0,0,0,0,0,4,0,0,0,0,0,0,0,0,0
pbt,bintrie,5,4,storage_sstore_k400,18,,10403,86938,2,0.5548,37.048,2.5829,5.8371,46.2371,1.8803,11,0,0,0,3,0,0,0,1,165,4,7,36.36,0,0,0,0,0,0,0,0
pbt,bintrie,5,4,storage_sstore_k400,18,,10404,15913190,1,23.878,55.3973,70.7332,50.2687,200.5689,79.3403,337,630,331,9405,331,0,628,0,0,0,86,251,25.52,150,480,23.81,331,0,100,9405,0
pbt,bintrie,5,4,storage_sstore_k400,18,,10405,21000,1,0.2173,25.4708,35.1006,0.6402,83.4923,0.2515,6,0,0,0,2,0,0,0,0,0,0,6,0,0,0,0,0,0,0,0,0
pbt,bintrie,5,4,storage_sstore_k400,19,,10406,0,0,0.0616,0.8275,0.0015,0.1955,1.2928,0,4,0,0,0,0,0,0,0,0,0,0,4,0,0,0,0,0,0,0,0,0
pbt,bintrie,5,4,storage_sstore_k400,19,,10407,0,0,0.0271,0.8878,0.0027,0.2256,5.7684,0,4,0,0,0,0,0,0,0,0,0,0,4,0,0,0,0,0,0,0,0,0
pbt,bintrie,5,4,storage_sstore_k400,19,,10408,0,0,0.0391,16.8755,0.0029,0.3688,17.8097,0,4,0,0,0,0,0,0,0,0,0,0,4,0,0,0,0,0,0,0,0,0
pbt,bintrie,5,4,storage_sstore_k400,19,,10409,0,0,0.0477,2.9624,0.0025,0.1703,3.4817,0,4,0,0,0,0,0,0,0,0,0,0,4,0,0,0,0,0,0,0,0,0
pbt,bintrie,5,4,storage_sstore_k400,19,,10410,86938,2,0.2425,66.069,0.597,5.8269,72.9374,1.192,11,0,0,0,3,0,0,0,1,165,4,7,36.36,0,0,0,0,0,0,0,0
pbt,bintrie,5,4,storage_sstore_k400,19,,10411,15913190,1,11.1394,41.514,103.045,22.3951,178.5301,89.1345,337,630,331,9405,331,0,628,0,0,0,192,145,56.97,318,312,50.48,331,0,100,9405,0
pbt,bintrie,5,4,storage_sstore_k400,19,,10412,21000,1,0.0666,2.6285,2.2835,0.5635,5.7326,3.6633,6,0,0,0,2,0,0,0,0,0,2,4,33.33,0,0,0,0,0,0,0,0
pbt,bintrie,5,4,storage_sstore_k400,1,,10270,0,0,0.0601,0.8355,0.0017,0.2408,1.4373,0,4,0,0,0,0,0,0,0,0,0,0,4,0,0,0,0,0,0,0,0,0
pbt,bintrie,5,4,storage_sstore_k400,1,,10271,0,0,0.0313,0.9837,0.002,0.7448,2.4477,0,4,0,0,0,0,0,0,0,0,0,0,4,0,0,0,0,0,0,0,0,0
pbt,bintrie,5,4,storage_sstore_k400,1,,10272,0,0,0.0528,31.3322,0.0026,0.1519,38.2537,0,4,0,0,0,0,0,0,0,0,0,0,4,0,0,0,0,0,0,0,0,0
pbt,bintrie,5,4,storage_sstore_k400,1,,10273,0,0,0.0548,38.484,0.0034,0.1849,38.964,0,4,0,0,0,0,0,0,0,0,0,0,4,0,0,0,0,0,0,0,0,0
pbt,bintrie,5,4,storage_sstore_k400,1,,10274,86938,2,0.1101,6.2552,59.0582,5.6444,71.263,1.22,11,0,0,0,3,0,0,0,1,165,6,5,54.55,0,0,0,0,0,0,0,0
pbt,bintrie,5,4,storage_sstore_k400,1,,10275,15913190,1,9.9475,51.8487,103.0609,57.3497,222.6966,71.4568,337,630,331,9405,331,0,628,0,0,0,95,242,28.19,169,461,26.83,331,0,100,9405,0
pbt,bintrie,5,4,storage_sstore_k400,1,,10276,21000,1,0.1057,3.7236,7.0373,0.4721,11.5295,1.8214,6,0,0,0,2,0,0,0,0,0,2,4,33.33,0,0,0,0,0,0,0,0
pbt,bintrie,5,4,storage_sstore_k400,1,,10277,0,0,0.0277,3.064,0.0021,0.4056,3.9652,0,4,0,0,0,0,0,0,0,0,0,0,4,0,0,0,0,0,0,0,0,0
pbt,bintrie,5,4,storage_sstore_k400,20,,10413,0,0,0.0595,23.2843,0.0035,0.323,24.0701,0,4,0,0,0,0,0,0,0,0,0,0,4,0,0,0,0,0,0,0,0,0
pbt,bintrie,5,4,storage_sstore_k400,20,,10414,0,0,0.0311,1.0371,0.002,3.6489,5.1074,0,4,0,0,0,0,0,0,0,0,0,0,4,0,0,0,0,0,0,0,0,0
pbt,bintrie,5,4,storage_sstore_k400,20,,10415,0,0,0.0307,3.3686,0.0035,0.1365,3.6848,0,4,0,0,0,0,0,0,0,0,0,0,4,0,0,0,0,0,0,0,0,0
pbt,bintrie,5,4,storage_sstore_k400,20,,10416,0,0,0.0624,61.4452,0.0033,0.1629,62.6075,0,4,0,0,0,0,0,0,0,0,0,0,4,0,0,0,0,0,0,0,0,0
pbt,bintrie,5,4,storage_sstore_k400,20,,10417,86938,2,0.0824,2.9305,4.6076,6.4556,14.2236,6.1122,11,0,0,0,3,0,0,0,1,165,6,5,54.55,0,0,0,0,0,0,0,0
pbt,bintrie,5,4,storage_sstore_k400,20,,10418,15913190,1,8.9368,28.5874,96.4425,22.0925,156.2892,101.8188,337,630,331,9405,331,0,628,0,0,0,268,69,79.53,458,172,72.7,331,0,100,9405,0
pbt,bintrie,5,4,storage_sstore_k400,20,,10419,21000,1,0.0597,2.5825,6.5419,0.7844,10.1181,2.0755,6,0,0,0,2,0,0,0,0,0,2,4,33.33,0,0,0,0,0,0,0,0
pbt,bintrie,5,4,storage_sstore_k400,2,,10278,0,0,1.2793,29.7488,0.0031,3.0414,34.324,0,4,0,0,0,0,0,0,0,0,0,0,4,0,0,0,0,0,0,0,0,0
pbt,bintrie,5,4,storage_sstore_k400,2,,10279,0,0,0.0299,1.0913,0.002,0.188,4.5249,0,4,0,0,0,0,0,0,0,0,0,0,4,0,0,0,0,0,0,0,0,0
pbt,bintrie,5,4,storage_sstore_k400,2,,10280,0,0,0.0433,150.7532,0.0036,0.1898,151.207,0,4,0,0,0,0,0,0,0,0,0,0,4,0,0,0,0,0,0,0,0,0
pbt,bintrie,5,4,storage_sstore_k400,2,,10281,0,0,0.0306,13.9925,0.0025,0.1258,14.3178,0,4,0,0,0,0,0,0,0,0,0,0,4,0,0,0,0,0,0,0,0,0
pbt,bintrie,5,4,storage_sstore_k400,2,,10282,86938,2,4.4296,32.6292,28.5221,5.4007,71.2563,1.2201,11,0,0,0,3,0,0,0,1,165,4,7,36.36,0,0,0,0,0,0,0,0
pbt,bintrie,5,4,storage_sstore_k400,2,,10283,15913190,1,12.936,44.6397,84.8935,35.6885,178.5616,89.1188,337,630,331,9405,331,0,628,0,0,0,115,222,34.12,155,475,24.6,331,0,100,9405,0
pbt,bintrie,5,4,storage_sstore_k400,2,,10284,21000,1,0.0621,2.707,2.5073,0.5629,5.9966,3.502,6,0,0,0,2,0,0,0,0,0,2,4,33.33,0,0,0,0,0,0,0,0
pbt,bintrie,5,4,storage_sstore_k400,2,,10285,0,0,0.0312,4.5801,0.0025,4.4174,9.5037,0,4,0,0,0,0,0,0,0,0,0,0,4,0,0,0,0,0,0,0,0,0
pbt,bintrie,5,4,storage_sstore_k400,3,,10286,0,0,0.0671,25.6773,0.0032,0.3265,26.3145,0,4,0,0,0,0,0,0,0,0,0,0,4,0,0,0,0,0,0,0,0,0
pbt,bintrie,5,4,storage_sstore_k400,3,,10287,0,0,0.0553,2.1178,0.0024,0.5603,5.1054,0,4,0,0,0,0,0,0,0,0,0,0,4,0,0,0,0,0,0,0,0,0
pbt,bintrie,5,4,storage_sstore_k400,3,,10288,0,0,0.0409,0.9645,0.0019,0.1321,1.3487,0,4,0,0,0,0,0,0,0,0,0,0,4,0,0,0,0,0,0,0,0,0
pbt,bintrie,5,4,storage_sstore_k400,3,,10289,0,0,0.0356,0.8572,0.0016,0.854,2.8361,0,4,0,0,0,0,0,0,0,0,0,0,4,0,0,0,0,0,0,0,0,0
pbt,bintrie,5,4,storage_sstore_k400,3,,10290,86938,2,0.1226,2.9505,13.0119,5.7339,22.0019,3.9514,11,0,0,0,3,0,0,0,1,165,5,6,45.45,0,0,0,0,0,0,0,0
pbt,bintrie,5,4,storage_sstore_k400,3,,10291,15913190,1,14.7265,60.7095,72.4681,22.5717,170.8321,93.1511,337,630,331,9405,331,0,628,0,0,0,221,116,65.58,372,258,59.05,331,0,100,9405,0
pbt,bintrie,5,4,storage_sstore_k400,3,,10292,21000,1,0.1054,3.8365,43.2698,0.6156,57.9051,0.3627,6,0,0,0,2,0,0,0,0,0,2,4,33.33,0,0,0,0,0,0,0,0
pbt,bintrie,5,4,storage_sstore_k400,3,,10293,0,0,0.057,45.5053,0.0036,0.2165,46.0094,0,4,0,0,0,0,0,0,0,0,0,0,4,0,0,0,0,0,0,0,0,0
pbt,bintrie,5,4,storage_sstore_k400,4,,10294,0,0,0.0453,12.6797,0.0031,0.3155,13.3192,0,4,0,0,0,0,0,0,0,0,0,0,4,0,0,0,0,0,0,0,0,0
pbt,bintrie,5,4,storage_sstore_k400,4,,10295,0,0,0.0212,0.7607,0.0026,0.7745,3.7594,0,4,0,0,0,0,0,0,0,0,0,0,4,0,0,0,0,0,0,0,0,0
pbt,bintrie,5,4,storage_sstore_k400,4,,10296,0,0,0.0292,2.8714,0.0028,0.1455,3.2391,0,4,0,0,0,0,0,0,0,0,0,0,4,0,0,0,0,0,0,0,0,0
pbt,bintrie,5,4,storage_sstore_k400,4,,10297,0,0,0.0511,57.8033,0.0032,0.1431,58.4765,0,4,0,0,0,0,0,0,0,0,0,0,4,0,0,0,0,0,0,0,0,0
pbt,bintrie,5,4,storage_sstore_k400,4,,10298,86938,2,0.1159,1.15,54.7977,7.1083,65.197,1.3335,11,0,0,0,3,0,0,0,1,165,5,6,45.45,0,0,0,0,0,0,0,0
pbt,bintrie,5,4,storage_sstore_k400,4,,10299,15913190,1,12.1866,36.5329,105.2092,80.0252,234.4733,67.8678,337,630,331,9405,331,0,628,0,0,0,175,162,51.93,247,383,39.21,331,0,100,9405,0
pbt,bintrie,5,4,storage_sstore_k400,4,,10300,21000,1,0.061,5.001,23.4186,1.027,29.6747,0.7077,6,0,0,0,2,0,0,0,0,0,2,4,33.33,0,0,0,0,0,0,0,0
pbt,bintrie,5,4,storage_sstore_k400,5,,10301,0,0,0.0388,7.3869,0.0022,0.2158,8.0406,0,4,0,0,0,0,0,0,0,0,0,0,4,0,0,0,0,0,0,0,0,0
pbt,bintrie,5,4,storage_sstore_k400,5,,10302,0,0,0.0248,0.8638,0.0017,0.1298,4.502,0,4,0,0,0,0,0,0,0,0,0,0,4,0,0,0,0,0,0,0,0,0
pbt,bintrie,5,4,storage_sstore_k400,5,,10303,0,0,1.126,4.1233,0.002,0.1687,5.6532,0,4,0,0,0,0,0,0,0,0,0,0,4,0,0,0,0,0,0,0,0,0
pbt,bintrie,5,4,storage_sstore_k400,5,,10304,0,0,0.0761,22.9237,0.0028,0.182,23.3804,0,4,0,0,0,0,0,0,0,0,0,0,4,0,0,0,0,0,0,0,0,0
pbt,bintrie,5,4,storage_sstore_k400,5,,10305,86938,2,0.1354,2.8583,19.5857,6.652,29.4088,2.9562,11,0,0,0,3,0,0,0,1,165,5,6,45.45,0,0,0,0,0,0,0,0
pbt,bintrie,5,4,storage_sstore_k400,5,,10306,15913190,1,12.8918,46.9821,96.0648,22.7473,178.9248,88.9379,337,630,331,9405,331,0,628,0,0,0,136,201,40.36,199,431,31.59,331,0,100,9405,0
pbt,bintrie,5,4,storage_sstore_k400,5,,10307,21000,1,4.2553,3.1907,12.7812,0.7992,31.4686,0.6673,6,0,0,0,2,0,0,0,0,0,2,4,33.33,0,0,0,0,0,0,0,0
pbt,bintrie,5,4,storage_sstore_k400,5,,10308,0,0,0.0247,0.438,0.0016,0.1119,0.714,0,4,0,0,0,0,0,0,0,0,0,0,4,0,0,0,0,0,0,0,0,0
pbt,bintrie,5,4,storage_sstore_k400,6,,10309,0,0,0.0803,16.1027,0.0028,0.3539,16.7829,0,4,0,0,0,0,0,0,0,0,0,0,4,0,0,0,0,0,0,0,0,0
pbt,bintrie,5,4,storage_sstore_k400,6,,10310,0,0,0.0367,1.6146,0.0015,0.2012,3.6281,0,4,0,0,0,0,0,0,0,0,0,0,4,0,0,0,0,0,0,0,0,0
pbt,bintrie,5,4,storage_sstore_k400,6,,10311,0,0,0.0429,3.3455,0.0022,0.0988,3.7486,0,4,0,0,0,0,0,0,0,0,0,0,4,0,0,0,0,0,0,0,0,0
pbt,bintrie,5,4,storage_sstore_k400,6,,10312,0,0,0.0398,8.2442,0.0027,2.2512,11.402,0,4,0,0,0,0,0,0,0,0,0,0,4,0,0,0,0,0,0,0,0,0
pbt,bintrie,5,4,storage_sstore_k400,6,,10313,86938,2,0.1664,41.7883,13.2711,5.4116,60.8834,1.4279,11,0,0,0,3,0,0,0,1,165,5,6,45.45,0,0,0,0,0,0,0,0
pbt,bintrie,5,4,storage_sstore_k400,6,,10314,15913190,1,10.8273,35.8417,75.7211,39.9648,162.5264,97.9114,337,630,331,9405,331,0,628,0,0,0,149,188,44.21,209,421,33.17,331,0,100,9405,0
pbt,bintrie,5,4,storage_sstore_k400,6,,10315,21000,1,0.2168,48.2512,22.8232,0.8859,72.4387,0.2899,6,0,0,0,2,0,0,0,0,0,0,6,0,0,0,0,0,0,0,0,0
pbt,bintrie,5,4,storage_sstore_k400,6,,10316,0,0,0.033,7.2316,0.0019,0.2475,7.9468,0,4,0,0,0,0,0,0,0,0,0,0,4,0,0,0,0,0,0,0,0,0
pbt,bintrie,5,4,storage_sstore_k400,7,,10317,0,0,0.0778,23.3627,0.0029,0.2726,23.9436,0,4,0,0,0,0,0,0,0,0,0,0,4,0,0,0,0,0,0,0,0,0
pbt,bintrie,5,4,storage_sstore_k400,7,,10318,0,0,0.065,1.9899,0.0033,1.5089,3.9682,0,4,0,0,0,0,0,0,0,0,0,0,4,0,0,0,0,0,0,0,0,0
pbt,bintrie,5,4,storage_sstore_k400,7,,10319,0,0,0.0207,2.5801,0.0017,0.0906,2.8296,0,4,0,0,0,0,0,0,0,0,0,0,4,0,0,0,0,0,0,0,0,0
pbt,bintrie,5,4,storage_sstore_k400,7,,10320,0,0,0.0407,61.2483,0.0029,0.1559,61.611,0,4,0,0,0,0,0,0,0,0,0,0,4,0,0,0,0,0,0,0,0,0
pbt,bintrie,5,4,storage_sstore_k400,7,,10321,86938,2,0.1291,2.727,6.9688,4.4731,14.4648,6.0103,11,0,0,0,3,0,0,0,1,165,6,5,54.55,0,0,0,0,0,0,0,0
pbt,bintrie,5,4,storage_sstore_k400,7,,10322,15913190,1,8.8818,32.4992,110.2855,23.5334,175.5312,90.6573,337,630,331,9405,331,0,628,0,0,0,151,186,44.81,266,364,42.22,331,0,100,9405,0
pbt,bintrie,5,4,storage_sstore_k400,7,,10323,21000,1,0.0779,5.5499,2.9854,0.7662,9.5411,2.201,6,0,0,0,2,0,0,0,0,0,2,4,33.33,0,0,0,0,0,0,0,0
pbt,bintrie,5,4,storage_sstore_k400,7,,10324,0,0,0.0252,2.93,0.0013,0.1168,3.2512,0,4,0,0,0,0,0,0,0,0,0,0,4,0,0,0,0,0,0,0,0,0
pbt,bintrie,5,4,storage_sstore_k400,8,,10325,0,0,0.032,1.1475,0.0031,0.8295,3.2389,0,4,0,0,0,0,0,0,0,0,0,0,4,0,0,0,0,0,0,0,0,0
pbt,bintrie,5,4,storage_sstore_k400,8,,10326,0,0,0.0251,0.8324,0.0025,0.1656,8.4616,0,4,0,0,0,0,0,0,0,0,0,0,4,0,0,0,0,0,0,0,0,0
pbt,bintrie,5,4,storage_sstore_k400,8,,10327,0,0,0.0473,14.9907,0.0028,0.1471,15.402,0,4,0,0,0,0,0,0,0,0,0,0,4,0,0,0,0,0,0,0,0,0
pbt,bintrie,5,4,storage_sstore_k400,8,,10328,0,0,0.0431,5.9671,0.0016,0.1433,6.3166,0,4,0,0,0,0,0,0,0,0,0,0,4,0,0,0,0,0,0,0,0,0
pbt,bintrie,5,4,storage_sstore_k400,8,,10329,86938,2,0.3793,1.2013,0.7087,6.4489,9.2583,9.3902,11,0,0,0,3,0,0,0,1,165,4,7,36.36,0,0,0,0,0,0,0,0
pbt,bintrie,5,4,storage_sstore_k400,8,,10330,15913190,1,9.0795,30.8135,153.2413,23.023,216.4686,73.5127,337,630,331,9405,331,0,628,0,0,0,133,204,39.47,239,391,37.94,331,0,100,9405,0
pbt,bintrie,5,4,storage_sstore_k400,8,,10331,21000,1,0.0608,2.6478,2.2015,0.5338,5.6109,3.7427,6,0,0,0,2,0,0,0,0,0,2,4,33.33,0,0,0,0,0,0,0,0
pbt,bintrie,5,4,storage_sstore_k400,8,,10332,0,0,0.0359,3.1203,0.0025,0.2278,3.5733,0,4,0,0,0,0,0,0,0,0,0,0,4,0,0,0,0,0,0,0,0,0
pbt,bintrie,5,4,storage_sstore_k400,9,,10333,0,0,0.0499,26.3951,0.0029,0.2656,26.9897,0,4,0,0,0,0,0,0,0,0,0,0,4,0,0,0,0,0,0,0,0,0
pbt,bintrie,5,4,storage_sstore_k400,9,,10334,0,0,0.0304,1.0681,0.0015,0.1173,3.1455,0,4,0,0,0,0,0,0,0,0,0,0,4,0,0,0,0,0,0,0,0,0
pbt,bintrie,5,4,storage_sstore_k400,9,,10335,0,0,0.0307,2.6991,0.0017,0.0925,2.974,0,4,0,0,0,0,0,0,0,0,0,0,4,0,0,0,0,0,0,0,0,0
pbt,bintrie,5,4,storage_sstore_k400,9,,10336,0,0,0.0557,64.0227,0.002,0.186,64.4579,0,4,0,0,0,0,0,0,0,0,0,0,4,0,0,0,0,0,0,0,0,0
pbt,bintrie,5,4,storage_sstore_k400,9,,10337,86938,2,0.1245,2.8615,1.3966,6.525,11.0647,7.8573,11,0,0,0,3,0,0,0,1,165,5,6,45.45,0,0,0,0,0,0,0,0
pbt,bintrie,5,4,storage_sstore_k400,9,,10338,15913190,1,8.3982,27.8444,141.7053,26.1939,204.314,77.886,337,630,331,9405,331,0,628,0,0,0,142,195,42.14,220,410,34.92,331,0,100,9405,0
pbt,bintrie,5,4,storage_sstore_k400,9,,10339,21000,1,0.0729,8.6739,21.5693,0.8635,31.4363,0.668,6,0,0,0,2,0,0,0,0,0,2,4,33.33,0,0,0,0,0,0,0,0
pbt,bintrie,5,4,storage_sstore_k700,10,,10490,0,0,0.0658,40.1596,0.0024,0.21,40.6595,0,4,0,0,0,0,0,0,0,0,0,0,4,0,0,0,0,0,0,0,0,0
pbt,bintrie,5,4,storage_sstore_k700,10,,10491,0,0,0.0373,21.9371,0.0032,0.2034,30.6451,0,4,0,0,0,0,0,0,0,0,0,0,4,0,0,0,0,0,0,0,0,0
pbt,bintrie,5,4,storage_sstore_k700,10,,10492,0,0,0.0412,41.5095,0.0032,6.407,48.3817,0,4,0,0,0,0,0,0,0,0,0,0,4,0,0,0,0,0,0,0,0,0
pbt,bintrie,5,4,storage_sstore_k700,10,,10493,0,0,0.0472,24.3111,0.0032,0.1522,24.7061,0,4,0,0,0,0,0,0,0,0,0,0,4,0,0,0,0,0,0,0,0,0
pbt,bintrie,5,4,storage_sstore_k700,10,,10494,86950,2,0.2346,14.7901,20.0879,6.8197,56.8363,1.5298,11,0,0,0,3,0,0,0,1,165,4,7,36.36,0,0,0,0,0,0,0,0
pbt,bintrie,5,4,storage_sstore_k700,10,,10495,15911546,1,10.6058,39.0164,157.6552,39.0331,246.8348,64.4623,581,574,575,16237,575,0,573,0,0,0,333,248,57.31,210,364,36.59,575,0,100,16237,0
pbt,bintrie,5,4,storage_sstore_k700,10,,10496,21000,1,0.0711,8.592,3.5653,0.7845,13.2011,1.5908,6,0,0,0,2,0,0,0,0,0,2,4,33.33,0,0,0,0,0,0,0,0
pbt,bintrie,5,4,storage_sstore_k700,11,,10497,0,0,0.0884,42.847,0.0038,0.3165,43.5835,0,4,0,0,0,0,0,0,0,0,0,0,4,0,0,0,0,0,0,0,0,0
pbt,bintrie,5,4,storage_sstore_k700,11,,10498,0,0,0.018,0.3541,0.0011,0.0821,0.5867,0,4,0,0,0,0,0,0,0,0,0,0,4,0,0,0,0,0,0,0,0,0
pbt,bintrie,5,4,storage_sstore_k700,11,,10499,0,0,0.045,69.4785,0.0032,0.1367,69.8947,0,4,0,0,0,0,0,0,0,0,0,0,4,0,0,0,0,0,0,0,0,0
pbt,bintrie,5,4,storage_sstore_k700,11,,10500,0,0,0.0435,3.3897,0.0016,0.1608,3.7516,0,4,0,0,0,0,0,0,0,0,0,0,4,0,0,0,0,0,0,0,0,0
pbt,bintrie,5,4,storage_sstore_k700,11,,10501,86950,2,0.3459,1.1412,46.7628,6.4877,54.9992,1.5809,11,0,0,0,3,0,0,0,1,165,4,7,36.36,0,0,0,0,0,0,0,0
pbt,bintrie,5,4,storage_sstore_k700,11,,10502,15911546,1,8.669,45.263,158.7283,38.5203,251.3567,63.3026,581,574,575,16237,575,0,573,0,0,0,116,465,19.97,80,494,13.94,575,0,100,16237,0
pbt,bintrie,5,4,storage_sstore_k700,11,,10503,21000,1,0.0695,2.8511,2.3103,0.505,5.9262,3.5436,6,0,0,0,2,0,0,0,0,0,2,4,33.33,0,0,0,0,0,0,0,0
pbt,bintrie,5,4,storage_sstore_k700,12,,10504,0,0,0.1066,48.1562,0.0029,0.271,48.8778,0,4,0,0,0,0,0,0,0,0,0,0,4,0,0,0,0,0,0,0,0,0
pbt,bintrie,5,4,storage_sstore_k700,12,,10505,0,0,0.0322,0.4824,0.0011,0.117,0.768,0,4,0,0,0,0,0,0,0,0,0,0,4,0,0,0,0,0,0,0,0,0
pbt,bintrie,5,4,storage_sstore_k700,12,,10506,0,0,0.0447,0.8789,0.0025,0.1616,1.2899,0,4,0,0,0,0,0,0,0,0,0,0,4,0,0,0,0,0,0,0,0,0
pbt,bintrie,5,4,storage_sstore_k700,12,,10507,0,0,0.0431,16.4114,0.0028,0.1379,16.8616,0,4,0,0,0,0,0,0,0,0,0,0,4,0,0,0,0,0,0,0,0,0
pbt,bintrie,5,4,storage_sstore_k700,12,,10508,86950,2,0.3961,38.8334,6.3792,7.7626,53.6134,1.6218,11,0,0,0,3,0,0,0,1,165,4,7,36.36,0,0,0,0,0,0,0,0
pbt,bintrie,5,4,storage_sstore_k700,12,,10509,15911546,1,9.1881,38.6685,148.9831,41.8087,239.1191,66.5424,581,574,575,16237,575,0,573,0,0,0,118,463,20.31,79,495,13.76,575,0,100,16237,0
pbt,bintrie,5,4,storage_sstore_k700,12,,10510,21000,1,0.0651,6.1005,7.1123,0.8358,14.2642,1.4722,6,0,0,0,2,0,0,0,0,0,2,4,33.33,0,0,0,0,0,0,0,0
pbt,bintrie,5,4,storage_sstore_k700,13,,10511,0,0,0.0236,0.3749,0.0016,0.903,1.7113,0,4,0,0,0,0,0,0,0,0,0,0,4,0,0,0,0,0,0,0,0,0
pbt,bintrie,5,4,storage_sstore_k700,13,,10512,0,0,0.0262,0.5853,0.0013,1.1565,1.901,0,4,0,0,0,0,0,0,0,0,0,0,4,0,0,0,0,0,0,0,0,0
pbt,bintrie,5,4,storage_sstore_k700,13,,10513,0,0,0.0348,5.5024,0.0026,0.1933,5.9251,0,4,0,0,0,0,0,0,0,0,0,0,4,0,0,0,0,0,0,0,0,0
pbt,bintrie,5,4,storage_sstore_k700,13,,10514,0,0,0.0337,17.6454,0.0039,0.1841,18.0539,0,4,0,0,0,0,0,0,0,0,0,0,4,0,0,0,0,0,0,0,0,0
pbt,bintrie,5,4,storage_sstore_k700,13,,10515,86950,2,0.4062,32.6882,8.1932,7.8654,49.4431,1.7586,11,0,0,0,3,0,0,0,1,165,4,7,36.36,0,0,0,0,0,0,0,0
pbt,bintrie,5,4,storage_sstore_k700,13,,10516,15911546,1,11.0947,43.589,172.6045,40.2652,268.2137,59.3241,581,574,575,16237,575,0,573,0,0,0,378,203,65.06,268,306,46.69,575,0,100,16237,0
pbt,bintrie,5,4,storage_sstore_k700,13,,10517,21000,1,0.0816,2.8629,2.4121,0.6106,6.141,3.4196,6,0,0,0,2,0,0,0,0,0,2,4,33.33,0,0,0,0,0,0,0,0
pbt,bintrie,5,4,storage_sstore_k700,14,,10518,0,0,0.0581,13.2452,0.0103,0.2883,13.8513,0,4,0,0,0,0,0,0,0,0,0,0,4,0,0,0,0,0,0,0,0,0
pbt,bintrie,5,4,storage_sstore_k700,14,,10519,0,0,0.0168,0.4647,0.0012,0.1264,0.8984,0,4,0,0,0,0,0,0,0,0,0,0,4,0,0,0,0,0,0,0,0,0
pbt,bintrie,5,4,storage_sstore_k700,14,,10520,0,0,0.0309,7.2996,0.002,2.7217,11.0216,0,4,0,0,0,0,0,0,0,0,0,0,4,0,0,0,0,0,0,0,0,0
pbt,bintrie,5,4,storage_sstore_k700,14,,10521,0,0,0.035,9.2723,0.002,0.1723,9.6797,0,4,0,0,0,0,0,0,0,0,0,0,4,0,0,0,0,0,0,0,0,0
pbt,bintrie,5,4,storage_sstore_k700,14,,10522,86950,2,0.3539,5.2887,3.5725,7.7599,17.5243,4.9617,11,0,0,0,3,0,0,0,1,165,4,7,36.36,0,0,0,0,0,0,0,0
pbt,bintrie,5,4,storage_sstore_k700,14,,10523,15911546,1,10.3222,42.749,147.7144,38.7053,239.9334,66.3165,581,574,575,16237,575,0,573,0,0,0,393,188,67.64,275,299,47.91,575,0,100,16237,0
pbt,bintrie,5,4,storage_sstore_k700,14,,10524,21000,1,0.1771,55.6168,2.2541,0.4889,58.7361,0.3575,6,0,0,0,2,0,0,0,0,0,0,6,0,0,0,0,0,0,0,0,0
pbt,bintrie,5,4,storage_sstore_k700,15,,10526,0,0,0.0534,1.1835,0.0024,0.8949,2.5918,0,4,0,0,0,0,0,0,0,0,0,0,4,0,0,0,0,0,0,0,0,0
pbt,bintrie,5,4,storage_sstore_k700,15,,10527,0,0,0.0378,0.5037,0.0017,0.1423,0.8197,0,4,0,0,0,0,0,0,0,0,0,0,4,0,0,0,0,0,0,0,0,0
pbt,bintrie,5,4,storage_sstore_k700,15,,10528,0,0,0.0355,4.6761,0.0028,2.6446,7.6203,0,4,0,0,0,0,0,0,0,0,0,0,4,0,0,0,0,0,0,0,0,0
pbt,bintrie,5,4,storage_sstore_k700,15,,10529,0,0,0.0216,13.6832,0.0012,0.0871,13.9482,0,4,0,0,0,0,0,0,0,0,0,0,4,0,0,0,0,0,0,0,0,0
pbt,bintrie,5,4,storage_sstore_k700,15,,10530,86950,2,0.1481,4.6958,67.7878,12.2847,85.0889,1.0219,11,0,0,0,3,0,0,0,1,165,5,6,45.45,0,0,0,0,0,0,0,0
pbt,bintrie,5,4,storage_sstore_k700,15,,10531,15911546,1,9.7671,39.027,144.3297,38.7756,232.0789,68.5609,581,574,575,16237,575,0,573,0,0,0,296,285,50.95,221,353,38.5,575,0,100,16237,0
pbt,bintrie,5,4,storage_sstore_k700,15,,10532,21000,1,0.0861,2.6122,2.3355,0.4921,5.6928,3.6888,6,0,0,0,2,0,0,0,0,0,2,4,33.33,0,0,0,0,0,0,0,0
pbt,bintrie,5,4,storage_sstore_k700,16,,10533,0,0,0.0277,0.8068,0.0014,0.7589,1.942,0,4,0,0,0,0,0,0,0,0,0,0,4,0,0,0,0,0,0,0,0,0
pbt,bintrie,5,4,storage_sstore_k700,16,,10534,0,0,0.0452,0.798,0.0018,0.1745,1.4237,0,4,0,0,0,0,0,0,0,0,0,0,4,0,0,0,0,0,0,0,0,0
pbt,bintrie,5,4,storage_sstore_k700,16,,10535,0,0,0.0289,2.8637,0.0015,0.1233,3.196,0,4,0,0,0,0,0,0,0,0,0,0,4,0,0,0,0,0,0,0,0,0
pbt,bintrie,5,4,storage_sstore_k700,16,,10536,0,0,0.0505,44.9916,0.0022,0.1552,45.4081,0,4,0,0,0,0,0,0,0,0,0,0,4,0,0,0,0,0,0,0,0,0
pbt,bintrie,5,4,storage_sstore_k700,16,,10537,86950,2,0.2586,20.3963,0.8478,8.2315,46.8296,1.8567,11,0,0,0,3,0,0,0,1,165,5,6,45.45,0,0,0,0,0,0,0,0
pbt,bintrie,5,4,storage_sstore_k700,16,,10538,15911546,1,9.7414,36.6,156.7091,38.0925,241.4444,65.9015,581,574,575,16237,575,0,573,0,0,0,427,154,73.49,301,273,52.44,575,0,100,16237,0
pbt,bintrie,5,4,storage_sstore_k700,16,,10539,21000,1,0.1045,7.1181,4.1522,0.4719,12.0387,1.7444,6,0,0,0,2,0,0,0,0,0,2,4,33.33,0,0,0,0,0,0,0,0
pbt,bintrie,5,4,storage_sstore_k700,17,,10540,0,0,0.951,32.3026,0.003,0.3215,33.8025,0,4,0,0,0,0,0,0,0,0,0,0,4,0,0,0,0,0,0,0,0,0
pbt,bintrie,5,4,storage_sstore_k700,17,,10541,0,0,0.0386,0.7796,0.0018,0.1889,1.2021,0,4,0,0,0,0,0,0,0,0,0,0,4,0,0,0,0,0,0,0,0,0
pbt,bintrie,5,4,storage_sstore_k700,17,,10542,0,0,0.0257,2.7682,0.0016,0.1324,3.065,0,4,0,0,0,0,0,0,0,0,0,0,4,0,0,0,0,0,0,0,0,0
pbt,bintrie,5,4,storage_sstore_k700,17,,10543,0,0,0.0246,2.4063,0.0015,0.0903,2.6868,0,4,0,0,0,0,0,0,0,0,0,0,4,0,0,0,0,0,0,0,0,0
pbt,bintrie,5,4,storage_sstore_k700,17,,10544,86950,2,0.1439,4.2897,3.6176,5.8192,14.0593,6.1845,11,0,0,0,3,0,0,0,1,165,5,6,45.45,0,0,0,0,0,0,0,0
pbt,bintrie,5,4,storage_sstore_k700,17,,10545,15911546,1,16.6346,71.4509,126.017,74.4941,288.7912,55.0971,581,574,575,16237,575,0,573,0,0,0,83,498,14.29,70,504,12.2,575,0,100,16237,0
pbt,bintrie,5,4,storage_sstore_k700,17,,10546,21000,1,0.2214,49.2644,5.4495,0.6522,79.8088,0.2631,6,0,0,0,2,0,0,0,0,0,0,6,0,0,0,0,0,0,0,0,0
pbt,bintrie,5,4,storage_sstore_k700,18,,10547,0,0,0.0642,21.0319,0.0035,0.3279,22.6198,0,4,0,0,0,0,0,0,0,0,0,0,4,0,0,0,0,0,0,0,0,0
pbt,bintrie,5,4,storage_sstore_k700,18,,10548,0,0,0.018,0.4125,0.0012,0.216,0.8688,0,4,0,0,0,0,0,0,0,0,0,0,4,0,0,0,0,0,0,0,0,0
pbt,bintrie,5,4,storage_sstore_k700,18,,10549,0,0,0.0178,0.4711,0.0011,0.0871,0.73,0,4,0,0,0,0,0,0,0,0,0,0,4,0,0,0,0,0,0,0,0,0
pbt,bintrie,5,4,storage_sstore_k700,18,,10550,0,0,0.0211,2.641,0.0012,0.1246,2.9383,0,4,0,0,0,0,0,0,0,0,0,0,4,0,0,0,0,0,0,0,0,0
pbt,bintrie,5,4,storage_sstore_k700,18,,10551,86950,2,0.4001,1.3369,13.5549,5.8884,24.1692,3.5976,11,0,0,0,3,0,0,0,1,165,4,7,36.36,0,0,0,0,0,0,0,0
pbt,bintrie,5,4,storage_sstore_k700,18,,10552,15911546,1,9.0156,37.7099,149.8615,38.2542,235.0108,67.7056,581,574,575,16237,575,0,573,0,0,0,221,360,38.04,148,426,25.78,575,0,100,16237,0
pbt,bintrie,5,4,storage_sstore_k700,18,,10553,21000,1,0.1036,7.0728,7.7488,0.4996,15.7097,1.3368,6,0,0,0,2,0,0,0,0,0,0,6,0,0,0,0,0,0,0,0,0
pbt,bintrie,5,4,storage_sstore_k700,19,,10554,0,0,0.0786,23.0946,0.0033,0.2948,23.7757,0,4,0,0,0,0,0,0,0,0,0,0,4,0,0,0,0,0,0,0,0,0
pbt,bintrie,5,4,storage_sstore_k700,19,,10555,0,0,0.0191,0.4979,0.0013,0.1018,0.7389,0,4,0,0,0,0,0,0,0,0,0,0,4,0,0,0,0,0,0,0,0,0
pbt,bintrie,5,4,storage_sstore_k700,19,,10556,0,0,0.0311,17.2611,0.0018,0.2189,17.6719,0,4,0,0,0,0,0,0,0,0,0,0,4,0,0,0,0,0,0,0,0,0
pbt,bintrie,5,4,storage_sstore_k700,19,,10557,0,0,0.018,0.4538,0.0012,0.0993,0.7105,0,4,0,0,0,0,0,0,0,0,0,0,4,0,0,0,0,0,0,0,0,0
pbt,bintrie,5,4,storage_sstore_k700,19,,10558,86950,2,0.384,1.5197,3.6435,6.6976,22.4051,3.8808,11,0,0,0,3,0,0,0,1,165,7,4,63.64,0,0,0,0,0,0,0,0
pbt,bintrie,5,4,storage_sstore_k700,19,,10559,15911546,1,9.617,37.7179,176.9042,39.1716,263.6266,60.3564,581,574,575,16237,575,0,573,0,0,0,215,366,37.01,138,436,24.04,575,0,100,16237,0
pbt,bintrie,5,4,storage_sstore_k700,19,,10560,21000,1,0.0839,2.7328,2.2294,0.6008,5.8298,3.6022,6,0,0,0,2,0,0,0,0,0,0,6,0,0,0,0,0,0,0,0,0
pbt,bintrie,5,4,storage_sstore_k700,1,,10420,0,0,0.0728,46.5324,0.0031,0.2633,47.1518,0,4,0,0,0,0,0,0,0,0,0,0,4,0,0,0,0,0,0,0,0,0
pbt,bintrie,5,4,storage_sstore_k700,1,,10421,0,0,0.0445,26.6889,0.0078,0.201,27.1129,0,4,0,0,0,0,0,0,0,0,0,0,4,0,0,0,0,0,0,0,0,0
pbt,bintrie,5,4,storage_sstore_k700,1,,10422,0,0,0.0518,151.7672,0.0021,0.1068,156.9528,0,4,0,0,0,0,0,0,0,0,0,0,4,0,0,0,0,0,0,0,0,0
pbt,bintrie,5,4,storage_sstore_k700,1,,10423,0,0,0.0243,3.022,0.0018,0.1735,3.365,0,4,0,0,0,0,0,0,0,0,0,0,4,0,0,0,0,0,0,0,0,0
pbt,bintrie,5,4,storage_sstore_k700,1,,10424,86950,2,0.1067,2.8153,1.2747,6.3037,10.7157,8.1142,11,0,0,0,3,0,0,0,1,165,5,6,45.45,0,0,0,0,0,0,0,0
pbt,bintrie,5,4,storage_sstore_k700,1,,10425,15911546,1,9.3347,71.4068,202.6967,36.7067,320.597,49.631,581,574,575,16237,575,0,573,0,0,0,235,346,40.45,188,386,32.75,575,0,100,16237,0
pbt,bintrie,5,4,storage_sstore_k700,1,,10426,21000,1,0.0751,93.1058,2.2046,0.5963,96.1549,0.2184,6,0,0,0,2,0,0,0,0,0,2,4,33.33,0,0,0,0,0,0,0,0
pbt,bintrie,5,4,storage_sstore_k700,20,,10561,0,0,0.0808,20.304,0.0066,1.4588,23.3643,0,4,0,0,0,0,0,0,0,0,0,0,4,0,0,0,0,0,0,0,0,0
pbt,bintrie,5,4,storage_sstore_k700,20,,10562,0,0,0.0188,0.4164,0.0013,0.133,0.735,0,4,0,0,0,0,0,0,0,0,0,0,4,0,0,0,0,0,0,0,0,0
pbt,bintrie,5,4,storage_sstore_k700,20,,10563,0,0,0.0339,23.1332,0.0035,0.2042,23.547,0,4,0,0,0,0,0,0,0,0,0,0,4,0,0,0,0,0,0,0,0,0
pbt,bintrie,5,4,storage_sstore_k700,20,,10564,0,0,0.0505,57.2311,0.0024,0.2615,57.7078,0,4,0,0,0,0,0,0,0,0,0,0,4,0,0,0,0,0,0,0,0,0
pbt,bintrie,5,4,storage_sstore_k700,20,,10565,86950,2,0.119,3.4426,5.462,6.7967,16.048,5.4181,11,0,0,0,3,0,0,0,1,165,6,5,54.55,0,0,0,0,0,0,0,0
pbt,bintrie,5,4,storage_sstore_k700,20,,10566,15911546,1,14.0432,75.4617,120.2314,84.672,294.7287,53.9871,581,574,575,16237,575,0,573,0,0,0,326,255,56.11,300,274,52.26,575,0,100,16237,0
pbt,bintrie,5,4,storage_sstore_k700,20,,10567,21000,1,0.2013,37.2711,23.1024,0.7196,61.5191,0.3414,6,0,0,0,2,0,0,0,0,0,0,6,0,0,0,0,0,0,0,0,0
pbt,bintrie,5,4,storage_sstore_k700,2,,10427,0,0,0.1734,18.1441,0.0032,0.2792,18.9933,0,4,0,0,0,0,0,0,0,0,0,0,4,0,0,0,0,0,0,0,0,0
pbt,bintrie,5,4,storage_sstore_k700,2,,10428,0,0,0.0357,18.3747,0.0032,0.1685,18.7558,0,4,0,0,0,0,0,0,0,0,0,0,4,0,0,0,0,0,0,0,0,0
pbt,bintrie,5,4,storage_sstore_k700,2,,10429,0,0,0.0425,13.738,0.0022,0.7822,15.2404,0,4,0,0,0,0,0,0,0,0,0,0,4,0,0,0,0,0,0,0,0,0
pbt,bintrie,5,4,storage_sstore_k700,2,,10430,0,0,0.0435,25.8591,0.0031,0.1994,26.3023,0,4,0,0,0,0,0,0,0,0,0,0,4,0,0,0,0,0,0,0,0,0
pbt,bintrie,5,4,storage_sstore_k700,2,,10431,86950,2,0.3603,1.2249,13.9685,5.4158,25.602,3.3962,11,0,0,0,3,0,0,0,1,165,4,7,36.36,0,0,0,0,0,0,0,0
pbt,bintrie,5,4,storage_sstore_k700,2,,10432,15911546,1,10.2494,44.3939,151.8029,39.0028,245.6246,64.7799,581,574,575,16237,575,0,573,0,0,0,43,538,7.4,28,546,4.88,575,0,100,16237,0
pbt,bintrie,5,4,storage_sstore_k700,2,,10433,21000,1,0.08,3.4113,3.3949,0.7222,13.4456,1.5619,6,0,0,0,2,0,0,0,0,0,2,4,33.33,0,0,0,0,0,0,0,0
pbt,bintrie,5,4,storage_sstore_k700,2,,10434,0,0,0.0217,2.4029,0.0013,0.1314,2.6974,0,4,0,0,0,0,0,0,0,0,0,0,4,0,0,0,0,0,0,0,0,0
pbt,bintrie,5,4,storage_sstore_k700,3,,10435,0,0,0.1197,8.0673,0.0019,0.1415,8.6251,0,4,0,0,0,0,0,0,0,0,0,0,4,0,0,0,0,0,0,0,0,0
pbt,bintrie,5,4,storage_sstore_k700,3,,10436,0,0,0.0463,24.1708,0.003,0.1704,24.588,0,4,0,0,0,0,0,0,0,0,0,0,4,0,0,0,0,0,0,0,0,0
pbt,bintrie,5,4,storage_sstore_k700,3,,10437,0,0,0.0347,9.9456,0.0031,0.8579,12.0286,0,4,0,0,0,0,0,0,0,0,0,0,4,0,0,0,0,0,0,0,0,0
pbt,bintrie,5,4,storage_sstore_k700,3,,10438,0,0,0.0322,22.384,0.0034,0.1687,22.7698,0,4,0,0,0,0,0,0,0,0,0,0,4,0,0,0,0,0,0,0,0,0
pbt,bintrie,5,4,storage_sstore_k700,3,,10439,86950,2,0.3522,1.1848,0.68,5.9552,8.7008,9.9933,11,0,0,0,3,0,0,0,1,165,4,7,36.36,0,0,0,0,0,0,0,0
pbt,bintrie,5,4,storage_sstore_k700,3,,10440,15911546,1,10.0901,43.9165,172.1334,39.1338,265.5524,59.9187,581,574,575,16237,575,0,573,0,0,0,183,398,31.5,142,432,24.74,575,0,100,16237,0
pbt,bintrie,5,4,storage_sstore_k700,3,,10441,21000,1,0.0664,2.7755,5.7381,0.852,14.0096,1.499,6,0,0,0,2,0,0,0,0,0,2,4,33.33,0,0,0,0,0,0,0,0
pbt,bintrie,5,4,storage_sstore_k700,3,,10442,0,0,0.0362,2.8376,0.0021,0.173,3.2466,0,4,0,0,0,0,0,0,0,0,0,0,4,0,0,0,0,0,0,0,0,0
pbt,bintrie,5,4,storage_sstore_k700,4,,10443,0,0,0.026,0.4292,0.0016,0.1682,1.8111,0,4,0,0,0,0,0,0,0,0,0,0,4,0,0,0,0,0,0,0,0,0
pbt,bintrie,5,4,storage_sstore_k700,4,,10444,0,0,0.0482,7.6844,0.0025,0.1835,8.0969,0,4,0,0,0,0,0,0,0,0,0,0,4,0,0,0,0,0,0,0,0,0
pbt,bintrie,5,4,storage_sstore_k700,4,,10445,0,0,0.2926,52.8221,0.0043,0.9625,62.5449,0,4,0,0,0,0,0,0,0,0,0,0,4,0,0,0,0,0,0,0,0,0
pbt,bintrie,5,4,storage_sstore_k700,4,,10446,0,0,0.0449,17.7579,0.0029,0.3619,18.3897,0,4,0,0,0,0,0,0,0,0,0,0,4,0,0,0,0,0,0,0,0,0
pbt,bintrie,5,4,storage_sstore_k700,4,,10447,86950,2,0.4176,21.0764,11.6369,8.7406,42.062,2.0672,11,0,0,0,3,0,0,0,1,165,4,7,36.36,0,0,0,0,0,0,0,0
pbt,bintrie,5,4,storage_sstore_k700,4,,10448,15911546,1,9.9185,43.9163,166.1814,38.6716,259.1412,61.4011,581,574,575,16237,575,0,573,0,0,0,119,462,20.48,85,489,14.81,575,0,100,16237,0
pbt,bintrie,5,4,storage_sstore_k700,4,,10449,21000,1,0.0799,3.4466,4.1991,0.8842,8.7968,2.3872,6,0,0,0,2,0,0,0,0,0,2,4,33.33,0,0,0,0,0,0,0,0
pbt,bintrie,5,4,storage_sstore_k700,4,,10450,0,0,0.0286,2.8021,0.0017,0.1095,3.1729,0,4,0,0,0,0,0,0,0,0,0,0,4,0,0,0,0,0,0,0,0,0
pbt,bintrie,5,4,storage_sstore_k700,5,,10451,0,0,0.0637,25.6225,0.0027,0.3074,26.2591,0,4,0,0,0,0,0,0,0,0,0,0,4,0,0,0,0,0,0,0,0,0
pbt,bintrie,5,4,storage_sstore_k700,5,,10452,0,0,0.0448,1.0353,0.002,0.4914,1.9503,0,4,0,0,0,0,0,0,0,0,0,0,4,0,0,0,0,0,0,0,0,0
pbt,bintrie,5,4,storage_sstore_k700,5,,10453,0,0,0.0384,102.9839,0.0023,0.1357,103.3524,0,4,0,0,0,0,0,0,0,0,0,0,4,0,0,0,0,0,0,0,0,0
pbt,bintrie,5,4,storage_sstore_k700,5,,10454,0,0,0.0359,2.6261,0.0017,0.1133,2.966,0,4,0,0,0,0,0,0,0,0,0,0,4,0,0,0,0,0,0,0,0,0
pbt,bintrie,5,4,storage_sstore_k700,5,,10455,86950,2,0.38,17.3861,1.4289,8.15,27.6909,3.14,11,0,0,0,3,0,0,0,1,165,4,7,36.36,0,0,0,0,0,0,0,0
pbt,bintrie,5,4,storage_sstore_k700,5,,10456,15911546,1,9.8926,52.2809,147.1426,41.2807,250.9078,63.4159,581,574,575,16237,575,0,573,0,0,0,156,425,26.85,112,462,19.51,575,0,100,16237,0
pbt,bintrie,5,4,storage_sstore_k700,5,,10457,21000,1,0.0573,2.561,8.8602,0.7706,12.4213,1.6906,6,0,0,0,2,0,0,0,0,0,2,4,33.33,0,0,0,0,0,0,0,0
pbt,bintrie,5,4,storage_sstore_k700,5,,10458,0,0,0.0258,2.603,0.0028,0.1252,2.919,0,4,0,0,0,0,0,0,0,0,0,0,4,0,0,0,0,0,0,0,0,0
pbt,bintrie,5,4,storage_sstore_k700,6,,10459,0,0,0.0554,35.8223,0.0031,0.3056,36.4707,0,4,0,0,0,0,0,0,0,0,0,0,4,0,0,0,0,0,0,0,0,0
pbt,bintrie,5,4,storage_sstore_k700,6,,10460,0,0,0.0384,4.0267,0.0012,0.1101,4.3224,0,4,0,0,0,0,0,0,0,0,0,0,4,0,0,0,0,0,0,0,0,0
pbt,bintrie,5,4,storage_sstore_k700,6,,10461,0,0,0.0364,7.6566,0.0021,0.1311,7.9878,0,4,0,0,0,0,0,0,0,0,0,0,4,0,0,0,0,0,0,0,0,0
pbt,bintrie,5,4,storage_sstore_k700,6,,10462,0,0,0.0464,16.918,0.0029,17.3186,34.4515,0,4,0,0,0,0,0,0,0,0,0,0,4,0,0,0,0,0,0,0,0,0
pbt,bintrie,5,4,storage_sstore_k700,6,,10463,86950,2,0.3742,47.1857,5.0952,6.7081,59.5538,1.46,11,0,0,0,3,0,0,0,1,165,4,7,36.36,0,0,0,0,0,0,0,0
pbt,bintrie,5,4,storage_sstore_k700,6,,10464,15911546,1,11.2324,42.8945,125.1117,90.6842,270.1137,58.9068,581,574,575,16237,575,0,573,0,0,0,225,356,38.73,151,423,26.31,575,0,100,16237,0
pbt,bintrie,5,4,storage_sstore_k700,6,,10465,21000,1,0.2105,46.9357,16.8233,0.5961,64.8115,0.324,6,0,0,0,2,0,0,0,0,0,0,6,0,0,0,0,0,0,0,0,0
pbt,bintrie,5,4,storage_sstore_k700,6,,10466,0,0,0.0416,57.2099,0.0033,0.1734,57.6019,0,4,0,0,0,0,0,0,0,0,0,0,4,0,0,0,0,0,0,0,0,0
pbt,bintrie,5,4,storage_sstore_k700,7,,10467,0,0,0.087,21.5485,0.0033,0.3688,22.2359,0,4,0,0,0,0,0,0,0,0,0,0,4,0,0,0,0,0,0,0,0,0
pbt,bintrie,5,4,storage_sstore_k700,7,,10468,0,0,0.0255,0.3932,0.0012,0.109,0.6406,0,4,0,0,0,0,0,0,0,0,0,0,4,0,0,0,0,0,0,0,0,0
pbt,bintrie,5,4,storage_sstore_k700,7,,10469,0,0,0.0522,47.7728,0.0028,0.1152,48.391,0,4,0,0,0,0,0,0,0,0,0,0,4,0,0,0,0,0,0,0,0,0
pbt,bintrie,5,4,storage_sstore_k700,7,,10470,0,0,0.0338,3.4491,0.0018,0.1639,3.8314,0,4,0,0,0,0,0,0,0,0,0,0,4,0,0,0,0,0,0,0,0,0
pbt,bintrie,5,4,storage_sstore_k700,7,,10471,86950,2,0.3047,46.9081,6.0477,5.6418,59.0977,1.4713,11,0,0,0,3,0,0,0,1,165,4,7,36.36,0,0,0,0,0,0,0,0
pbt,bintrie,5,4,storage_sstore_k700,7,,10472,15911546,1,9.9101,43.6901,162.6469,38.2356,254.889,62.4254,581,574,575,16237,575,0,573,0,0,0,154,427,26.51,101,473,17.6,575,0,100,16237,0
pbt,bintrie,5,4,storage_sstore_k700,7,,10473,21000,1,0.1124,8.553,3.0361,4.9251,16.8233,1.2483,6,0,0,0,2,0,0,0,0,0,2,4,33.33,0,0,0,0,0,0,0,0
pbt,bintrie,5,4,storage_sstore_k700,7,,10474,0,0,0.0371,3.4922,0.0028,0.1674,3.9363,0,4,0,0,0,0,0,0,0,0,0,0,4,0,0,0,0,0,0,0,0,0
pbt,bintrie,5,4,storage_sstore_k700,8,,10475,0,0,0.0719,33.6934,0.0037,0.2192,34.2655,0,4,0,0,0,0,0,0,0,0,0,0,4,0,0,0,0,0,0,0,0,0
pbt,bintrie,5,4,storage_sstore_k700,8,,10476,0,0,0.0366,19.272,0.003,5.2996,25.4283,0,4,0,0,0,0,0,0,0,0,0,0,4,0,0,0,0,0,0,0,0,0
pbt,bintrie,5,4,storage_sstore_k700,8,,10477,0,0,0.058,76.2284,0.0097,0.141,76.6588,0,4,0,0,0,0,0,0,0,0,0,0,4,0,0,0,0,0,0,0,0,0
pbt,bintrie,5,4,storage_sstore_k700,8,,10478,0,0,0.038,54.7548,0.0044,0.1691,55.1762,0,4,0,0,0,0,0,0,0,0,0,0,4,0,0,0,0,0,0,0,0,0
pbt,bintrie,5,4,storage_sstore_k700,8,,10479,86950,2,0.367,1.1644,44.307,6.2402,52.2645,1.6637,11,0,0,0,3,0,0,0,1,165,4,7,36.36,0,0,0,0,0,0,0,0
pbt,bintrie,5,4,storage_sstore_k700,8,,10480,15911546,1,15.6672,57.5699,126.4399,76.6719,276.5623,57.5333,581,574,575,16237,575,0,573,0,0,0,220,361,37.87,189,385,32.93,575,0,100,16237,0
pbt,bintrie,5,4,storage_sstore_k700,8,,10481,21000,1,0.2832,4.3479,4.7804,0.6405,10.4965,2.0007,6,0,0,0,2,0,0,0,0,0,2,4,33.33,0,0,0,0,0,0,0,0
pbt,bintrie,5,4,storage_sstore_k700,9,,10482,0,0,0.0583,8.7089,0.0024,0.2366,9.2255,0,4,0,0,0,0,0,0,0,0,0,0,4,0,0,0,0,0,0,0,0,0
pbt,bintrie,5,4,storage_sstore_k700,9,,10483,0,0,0.0265,0.4986,0.0015,0.1213,0.7886,0,4,0,0,0,0,0,0,0,0,0,0,4,0,0,0,0,0,0,0,0,0
pbt,bintrie,5,4,storage_sstore_k700,9,,10484,0,0,0.0673,69.0075,0.0023,0.1072,69.5654,0,4,0,0,0,0,0,0,0,0,0,0,4,0,0,0,0,0,0,0,0,0
pbt,bintrie,5,4,storage_sstore_k700,9,,10485,0,0,0.033,30.9951,0.0029,0.2018,31.4146,0,4,0,0,0,0,0,0,0,0,0,0,4,0,0,0,0,0,0,0,0,0
pbt,bintrie,5,4,storage_sstore_k700,9,,10486,86950,2,0.3686,1.283,42.7173,6.9233,51.4857,1.6888,11,0,0,0,3,0,0,0,1,165,4,7,36.36,0,0,0,0,0,0,0,0
pbt,bintrie,5,4,storage_sstore_k700,9,,10487,15911546,1,19.4802,63.391,143.4218,38.3647,267.3669,59.512,581,574,575,16237,575,0,573,0,0,0,336,245,57.83,280,294,48.78,575,0,100,16237,0
pbt,bintrie,5,4,storage_sstore_k700,9,,10488,21000,1,0.0789,8.9231,9.4406,0.7925,19.4582,1.0792,6,0,0,0,2,0,0,0,0,0,2,4,33.33,0,0,0,0,0,0,0,0
pbt,bintrie,5,4,storage_sstore_k700,9,,10489,0,0,0.0228,2.4319,0.0016,0.1161,2.6965,0,4,0,0,0,0,0,0,0,0,0,0,4,0,0,0,0,0,0,0,0,0
