config,trie_type,group_depth,pebble_block_size_kb,benchmark,run,contract,block_number,gas_used,tx_count,execution_ms,state_read_ms,state_hash_ms,commit_ms,total_ms,mgas_per_sec,accounts_read,storage_slots_read,code_read,code_bytes_read,accounts_written,accounts_deleted,storage_slots_written,storage_slots_deleted,code_written,code_bytes_written,account_cache_hits,account_cache_misses,account_cache_hit_rate,storage_cache_hits,storage_cache_misses,storage_cache_hit_rate,code_cache_hits,code_cache_misses,code_cache_hit_rate,code_cache_hit_bytes,code_cache_miss_bytes
ubt,bintrie,5,4,storage_mixed_k1,10,,3596,0,0,0.0767,9.8105,0.0035,0.2957,10.4382,0,4,0,0,0,0,0,0,0,0,0,0,4,0,0,0,0,0,0,0,0,0
ubt,bintrie,5,4,storage_mixed_k1,10,,3597,0,0,0.0289,0.6093,0.0026,0.1622,0.9689,0,4,0,0,0,0,0,0,0,0,0,0,4,0,0,0,0,0,0,0,0,0
ubt,bintrie,5,4,storage_mixed_k1,10,,3598,0,0,0.1024,54.0325,0.0053,2.2292,58.0982,0,4,0,0,0,0,0,0,0,0,0,0,4,0,0,0,0,0,0,0,0,0
ubt,bintrie,5,4,storage_mixed_k1,10,,3599,0,0,0.0732,84.5462,0.0023,0.1432,84.9703,0,4,0,0,0,0,0,0,0,0,0,0,4,0,0,0,0,0,0,0,0,0
ubt,bintrie,5,4,storage_mixed_k1,10,,3600,0,0,0.0548,26.9333,0.0032,0.3888,27.8231,0,4,0,0,0,0,0,0,0,0,0,0,4,0,0,0,0,0,0,0,0,0
ubt,bintrie,5,4,storage_mixed_k1,10,,3601,0,0,0.0286,2.4604,0.0023,0.1537,2.8177,0,4,0,0,0,0,0,0,0,0,0,0,4,0,0,0,0,0,0,0,0,0
ubt,bintrie,5,4,storage_mixed_k1,10,,3602,0,0,0.026,1.8447,0.002,0.1289,2.1463,0,4,0,0,0,0,0,0,0,0,0,0,4,0,0,0,0,0,0,0,0,0
ubt,bintrie,5,4,storage_mixed_k1,10,,3603,0,0,0.0601,16.4446,0.0058,0.2255,17.0032,0,4,0,0,0,0,0,0,0,0,0,0,4,0,0,0,0,0,0,0,0,0
ubt,bintrie,5,4,storage_mixed_k1,10,,3604,0,0,0.061,8.8253,0.0023,0.1397,9.2054,0,4,0,0,0,0,0,0,0,0,0,0,4,0,0,0,0,0,0,0,0,0
ubt,bintrie,5,4,storage_mixed_k1,10,,3605,0,0,0.1155,5.3811,0.0082,0.4416,6.5165,0,4,0,0,0,0,0,0,0,0,0,0,4,0,0,0,0,0,0,0,0,0
ubt,bintrie,5,4,storage_mixed_k1,10,,3606,0,0,0.0507,6.8505,0.0026,0.1505,7.239,0,4,0,0,0,0,0,0,0,0,0,0,4,0,0,0,0,0,0,0,0,0
ubt,bintrie,5,4,storage_mixed_k1,10,,3607,0,0,0.0414,4.3168,0.0038,0.2126,4.8643,0,4,0,0,0,0,0,0,0,0,0,0,4,0,0,0,0,0,0,0,0,0
ubt,bintrie,5,4,storage_mixed_k1,10,,3608,0,0,0.0563,3.2377,0.0029,0.1485,3.6422,0,4,0,0,0,0,0,0,0,0,0,0,4,0,0,0,0,0,0,0,0,0
ubt,bintrie,5,4,storage_mixed_k1,10,,3609,0,0,0.0426,4.2606,0.0044,0.2152,4.7777,0,4,0,0,0,0,0,0,0,0,0,0,4,0,0,0,0,0,0,0,0,0
ubt,bintrie,5,4,storage_mixed_k1,10,,3610,0,0,0.1543,2.3082,0.0023,0.1429,2.809,0,4,0,0,0,0,0,0,0,0,0,0,4,0,0,0,0,0,0,0,0,0
ubt,bintrie,5,4,storage_mixed_k1,10,,3611,0,0,0.0461,25.7351,0.0044,1.6199,28.1297,0,4,0,0,0,0,0,0,0,0,0,0,4,0,0,0,0,0,0,0,0,0
ubt,bintrie,5,4,storage_mixed_k1,10,,3612,0,0,0.1003,12.5982,0.0088,2.4607,18.2118,0,4,0,0,0,0,0,0,0,0,0,0,4,0,0,0,0,0,0,0,0,0
ubt,bintrie,5,4,storage_mixed_k1,10,,3613,0,0,0.0717,5.3149,0.0038,0.2459,5.9455,0,4,0,0,0,0,0,0,0,0,0,0,4,0,0,0,0,0,0,0,0,0
ubt,bintrie,5,4,storage_mixed_k1,10,,3614,91730,2,0.1327,2.3406,2.2417,7.7042,12.6006,7.2798,11,0,0,0,3,0,0,0,1,304,5,6,45.45,0,0,0,0,0,0,0,0
ubt,bintrie,5,4,storage_mixed_k1,10,,3615,99912333,1,1326.238,183.4555,13.6284,8.5217,1532.0973,65.2128,8,11129,2,332,3,0,1712,0,0,0,0,8,0,2131,8998,19.15,2,0,100,332,0
ubt,bintrie,5,4,storage_mixed_k1,10,,3616,21000,1,0.0913,8.6693,6.474,0.7685,16.1953,1.2967,6,0,0,0,2,0,0,0,0,0,2,4,33.33,0,0,0,0,0,0,0,0
ubt,bintrie,5,4,storage_mixed_k1,10,,3617,0,0,0.0347,1.9804,0.0026,0.1353,2.3161,0,4,0,0,0,0,0,0,0,0,0,0,4,0,0,0,0,0,0,0,0,0
ubt,bintrie,5,4,storage_mixed_k1,1,,3392,0,0,0.0472,0.6734,0.0023,0.1642,1.0841,0,4,0,0,0,0,0,0,0,0,0,0,4,0,0,0,0,0,0,0,0,0
ubt,bintrie,5,4,storage_mixed_k1,1,,3393,0,0,0.093,37.8093,0.0044,0.2756,44.2926,0,4,0,0,0,0,0,0,0,0,0,0,4,0,0,0,0,0,0,0,0,0
ubt,bintrie,5,4,storage_mixed_k1,1,,3394,0,0,0.0528,1.1375,0.0035,0.2581,1.7231,0,4,0,0,0,0,0,0,0,0,0,0,4,0,0,0,0,0,0,0,0,0
ubt,bintrie,5,4,storage_mixed_k1,1,,3395,0,0,0.072,21.7388,0.0035,0.2634,22.3385,0,4,0,0,0,0,0,0,0,0,0,0,4,0,0,0,0,0,0,0,0,0
ubt,bintrie,5,4,storage_mixed_k1,1,,3396,0,0,0.0566,12.7338,0.0035,0.273,13.8518,0,4,0,0,0,0,0,0,0,0,0,0,4,0,0,0,0,0,0,0,0,0
ubt,bintrie,5,4,storage_mixed_k1,1,,3397,0,0,0.0312,2.137,0.0023,0.1094,2.4578,0,4,0,0,0,0,0,0,0,0,0,0,4,0,0,0,0,0,0,0,0,0
ubt,bintrie,5,4,storage_mixed_k1,1,,3398,0,0,0.0715,33.4338,0.0029,0.1595,33.9474,0,4,0,0,0,0,0,0,0,0,0,0,4,0,0,0,0,0,0,0,0,0
ubt,bintrie,5,4,storage_mixed_k1,1,,3399,0,0,0.0583,5.1364,0.0029,0.2208,5.7994,0,4,0,0,0,0,0,0,0,0,0,0,4,0,0,0,0,0,0,0,0,0
ubt,bintrie,5,4,storage_mixed_k1,1,,3400,0,0,0.1073,69.1936,0.0076,0.6335,70.4544,0,4,0,0,0,0,0,0,0,0,0,0,4,0,0,0,0,0,0,0,0,0
ubt,bintrie,5,4,storage_mixed_k1,1,,3401,0,0,0.0481,4.3256,0.0035,0.2246,4.8176,0,4,0,0,0,0,0,0,0,0,0,0,4,0,0,0,0,0,0,0,0,0
ubt,bintrie,5,4,storage_mixed_k1,1,,3402,0,0,0.1315,49.4573,0.0038,0.2421,50.2812,0,4,0,0,0,0,0,0,0,0,0,0,4,0,0,0,0,0,0,0,0,0
ubt,bintrie,5,4,storage_mixed_k1,1,,3403,0,0,0.0338,4.1314,0.0041,0.1531,4.5557,0,4,0,0,0,0,0,0,0,0,0,0,4,0,0,0,0,0,0,0,0,0
ubt,bintrie,5,4,storage_mixed_k1,1,,3404,0,0,0.0729,87.5946,0.0023,0.1231,88.07,0,4,0,0,0,0,0,0,0,0,0,0,4,0,0,0,0,0,0,0,0,0
ubt,bintrie,5,4,storage_mixed_k1,1,,3405,0,0,0.0292,4.1165,0.0023,0.1867,4.5435,0,4,0,0,0,0,0,0,0,0,0,0,4,0,0,0,0,0,0,0,0,0
ubt,bintrie,5,4,storage_mixed_k1,1,,3406,0,0,0.1053,65.9372,0.0032,0.2257,66.6757,0,4,0,0,0,0,0,0,0,0,0,0,4,0,0,0,0,0,0,0,0,0
ubt,bintrie,5,4,storage_mixed_k1,1,,3407,0,0,0.0487,2.3178,0.0029,0.1706,2.7148,0,4,0,0,0,0,0,0,0,0,0,0,4,0,0,0,0,0,0,0,0,0
ubt,bintrie,5,4,storage_mixed_k1,1,,3408,0,0,0.0464,9.6014,0.0026,0.1788,10.1197,0,4,0,0,0,0,0,0,0,0,0,0,4,0,0,0,0,0,0,0,0,0
ubt,bintrie,5,4,storage_mixed_k1,1,,3409,0,0,0.0907,6.1692,0.0067,1.3725,8.5316,0,4,0,0,0,0,0,0,0,0,0,0,4,0,0,0,0,0,0,0,0,0
ubt,bintrie,5,4,storage_mixed_k1,1,,3410,91730,2,0.4801,96.037,1.824,6.9077,105.5891,0.8687,11,0,0,0,3,0,0,0,1,304,5,6,45.45,0,0,0,0,0,0,0,0
ubt,bintrie,5,4,storage_mixed_k1,1,,3411,99912333,1,1283.6156,203.911,6.7192,10.1031,1505.0795,66.3834,8,11129,2,332,3,0,1712,0,0,0,0,8,0,3690,7439,33.16,2,0,100,332,0
ubt,bintrie,5,4,storage_mixed_k1,1,,3412,21000,1,0.0595,5.3219,7.5899,0.7006,20.0218,1.0489,6,0,0,0,2,0,0,0,0,0,2,4,33.33,0,0,0,0,0,0,0,0
ubt,bintrie,5,4,storage_mixed_k1,1,,3413,0,0,0.0592,15.5507,0.0032,0.173,16.1066,0,4,0,0,0,0,0,0,0,0,0,0,4,0,0,0,0,0,0,0,0,0
ubt,bintrie,5,4,storage_mixed_k1,2,,3414,0,0,0.2033,34.1507,0.0053,0.5865,35.567,0,4,0,0,0,0,0,0,0,0,0,0,4,0,0,0,0,0,0,0,0,0
ubt,bintrie,5,4,storage_mixed_k1,2,,3415,0,0,0.0948,1.6222,0.0058,0.2969,2.4278,0,4,0,0,0,0,0,0,0,0,0,0,4,0,0,0,0,0,0,0,0,0
ubt,bintrie,5,4,storage_mixed_k1,2,,3416,0,0,0.1887,59.5285,0.0058,0.7227,61.5188,0,4,0,0,0,0,0,0,0,0,0,0,4,0,0,0,0,0,0,0,0,0
ubt,bintrie,5,4,storage_mixed_k1,2,,3417,0,0,0.0292,2.0509,0.0023,0.126,2.3508,0,4,0,0,0,0,0,0,0,0,0,0,4,0,0,0,0,0,0,0,0,0
ubt,bintrie,5,4,storage_mixed_k1,2,,3418,0,0,0.0321,6.8922,0.0038,0.2129,11.5588,0,4,0,0,0,0,0,0,0,0,0,0,4,0,0,0,0,0,0,0,0,0
ubt,bintrie,5,4,storage_mixed_k1,2,,3419,0,0,0.0367,2.6941,0.0023,1.2687,4.2291,0,4,0,0,0,0,0,0,0,0,0,0,4,0,0,0,0,0,0,0,0,0
ubt,bintrie,5,4,storage_mixed_k1,2,,3420,0,0,0.112,5.3738,0.0076,0.4217,6.3964,0,4,0,0,0,0,0,0,0,0,0,0,4,0,0,0,0,0,0,0,0,0
ubt,bintrie,5,4,storage_mixed_k1,2,,3421,0,0,0.0595,25.5514,0.0041,0.1625,26.0761,0,4,0,0,0,0,0,0,0,0,0,0,4,0,0,0,0,0,0,0,0,0
ubt,bintrie,5,4,storage_mixed_k1,2,,3422,0,0,0.0435,4.3262,0.0026,0.1919,4.8194,0,4,0,0,0,0,0,0,0,0,0,0,4,0,0,0,0,0,0,0,0,0
ubt,bintrie,5,4,storage_mixed_k1,2,,3423,0,0,0.2301,56.1441,0.0163,1.2544,58.3001,0,4,0,0,0,0,0,0,0,0,0,0,4,0,0,0,0,0,0,0,0,0
ubt,bintrie,5,4,storage_mixed_k1,2,,3424,0,0,0.1097,9.9838,0.0076,0.3733,11.0174,0,4,0,0,0,0,0,0,0,0,0,0,4,0,0,0,0,0,0,0,0,0
ubt,bintrie,5,4,storage_mixed_k1,2,,3425,0,0,0.1388,67.0256,0.0055,0.5422,68.2343,0,4,0,0,0,0,0,0,0,0,0,0,4,0,0,0,0,0,0,0,0,0
ubt,bintrie,5,4,storage_mixed_k1,2,,3426,0,0,0.0341,4.2043,0.0029,0.1875,4.6219,0,4,0,0,0,0,0,0,0,0,0,0,4,0,0,0,0,0,0,0,0,0
ubt,bintrie,5,4,storage_mixed_k1,2,,3427,0,0,0.1934,69.5243,0.0032,0.1695,70.3824,0,4,0,0,0,0,0,0,0,0,0,0,4,0,0,0,0,0,0,0,0,0
ubt,bintrie,5,4,storage_mixed_k1,2,,3428,0,0,0.0324,4.1903,0.0023,0.1502,4.5785,0,4,0,0,0,0,0,0,0,0,0,0,4,0,0,0,0,0,0,0,0,0
ubt,bintrie,5,4,storage_mixed_k1,2,,3429,0,0,0.0537,10.6984,0.0035,0.2669,11.2327,0,4,0,0,0,0,0,0,0,0,0,0,4,0,0,0,0,0,0,0,0,0
ubt,bintrie,5,4,storage_mixed_k1,2,,3430,0,0,0.0458,2.2994,0.0023,0.18,2.7156,0,4,0,0,0,0,0,0,0,0,0,0,4,0,0,0,0,0,0,0,0,0
ubt,bintrie,5,4,storage_mixed_k1,2,,3431,0,0,0.0607,5.5089,0.019,1.2194,20.0221,0,4,0,0,0,0,0,0,0,0,0,0,4,0,0,0,0,0,0,0,0,0
ubt,bintrie,5,4,storage_mixed_k1,2,,3432,91730,2,0.8939,13.9991,67.8779,6.819,90.3374,1.0154,11,0,0,0,3,0,0,0,1,304,5,6,45.45,0,0,0,0,0,0,0,0
ubt,bintrie,5,4,storage_mixed_k1,2,,3433,0,0,0.0983,35.7216,0.0061,0.4331,36.6832,0,4,0,0,0,0,0,0,0,0,0,0,4,0,0,0,0,0,0,0,0,0
ubt,bintrie,5,4,storage_mixed_k1,2,,3434,99912333,1,1360.901,188.6963,6.744,9.0304,1565.6167,63.8166,8,11129,2,332,3,0,1712,0,0,0,1,7,12.5,3422,7707,30.75,2,0,100,332,0
ubt,bintrie,5,4,storage_mixed_k1,2,,3435,21000,1,0.0645,8.6066,6.4238,0.7551,16.0459,1.3087,6,0,0,0,2,0,0,0,0,0,2,4,33.33,0,0,0,0,0,0,0,0
ubt,bintrie,5,4,storage_mixed_k1,2,,3436,0,0,0.0691,14.368,0.0029,0.1412,14.8396,0,4,0,0,0,0,0,0,0,0,0,0,4,0,0,0,0,0,0,0,0,0
ubt,bintrie,5,4,storage_mixed_k1,3,,3437,0,0,0.054,0.7924,0.0035,0.3444,1.432,0,4,0,0,0,0,0,0,0,0,0,0,4,0,0,0,0,0,0,0,0,0
ubt,bintrie,5,4,storage_mixed_k1,3,,3438,0,0,0.0942,11.3053,0.0053,0.8595,12.6017,0,4,0,0,0,0,0,0,0,0,0,0,4,0,0,0,0,0,0,0,0,0
ubt,bintrie,5,4,storage_mixed_k1,3,,3439,0,0,0.0732,17.1417,0.0076,0.3369,17.9825,0,4,0,0,0,0,0,0,0,0,0,0,4,0,0,0,0,0,0,0,0,0
ubt,bintrie,5,4,storage_mixed_k1,3,,3440,0,0,0.0522,10.8526,0.0035,1.2816,12.4369,0,4,0,0,0,0,0,0,0,0,0,0,4,0,0,0,0,0,0,0,0,0
ubt,bintrie,5,4,storage_mixed_k1,3,,3441,0,0,0.0563,1.1255,0.0032,0.1963,1.5998,0,4,0,0,0,0,0,0,0,0,0,0,4,0,0,0,0,0,0,0,0,0
ubt,bintrie,5,4,storage_mixed_k1,3,,3442,0,0,0.0286,4.9556,0.002,0.1464,5.2589,0,4,0,0,0,0,0,0,0,0,0,0,4,0,0,0,0,0,0,0,0,0
ubt,bintrie,5,4,storage_mixed_k1,3,,3443,0,0,0.063,11.8192,0.0029,0.1896,12.4078,0,4,0,0,0,0,0,0,0,0,0,0,4,0,0,0,0,0,0,0,0,0
ubt,bintrie,5,4,storage_mixed_k1,3,,3444,0,0,0.0327,4.1879,0.0035,0.1619,4.6027,0,4,0,0,0,0,0,0,0,0,0,0,4,0,0,0,0,0,0,0,0,0
ubt,bintrie,5,4,storage_mixed_k1,3,,3445,0,0,0.4162,51.8004,0.0073,0.6253,53.9156,0,4,0,0,0,0,0,0,0,0,0,0,4,0,0,0,0,0,0,0,0,0
ubt,bintrie,5,4,storage_mixed_k1,3,,3446,0,0,0.056,4.5222,0.0047,0.2441,5.032,0,4,0,0,0,0,0,0,0,0,0,0,4,0,0,0,0,0,0,0,0,0
ubt,bintrie,5,4,storage_mixed_k1,3,,3447,0,0,0.3167,36.1103,0.0029,0.2642,37.5908,0,4,0,0,0,0,0,0,0,0,0,0,4,0,0,0,0,0,0,0,0,0
ubt,bintrie,5,4,storage_mixed_k1,3,,3448,0,0,0.0379,4.1961,0.002,0.1625,4.7298,0,4,0,0,0,0,0,0,0,0,0,0,4,0,0,0,0,0,0,0,0,0
ubt,bintrie,5,4,storage_mixed_k1,3,,3449,0,0,0.1231,92.1886,0.0032,0.1951,92.8979,0,4,0,0,0,0,0,0,0,0,0,0,4,0,0,0,0,0,0,0,0,0
ubt,bintrie,5,4,storage_mixed_k1,3,,3450,0,0,0.0449,4.8967,0.0047,0.2228,5.4389,0,4,0,0,0,0,0,0,0,0,0,0,4,0,0,0,0,0,0,0,0,0
ubt,bintrie,5,4,storage_mixed_k1,3,,3451,0,0,0.3835,67.5116,0.0035,0.1925,68.9433,0,4,0,0,0,0,0,0,0,0,0,0,4,0,0,0,0,0,0,0,0,0
ubt,bintrie,5,4,storage_mixed_k1,3,,3452,0,0,0.0519,11.0128,0.0032,0.9951,12.3456,0,4,0,0,0,0,0,0,0,0,0,0,4,0,0,0,0,0,0,0,0,0
ubt,bintrie,5,4,storage_mixed_k1,3,,3453,0,0,0.0534,10.7777,0.0026,0.1499,11.1676,0,4,0,0,0,0,0,0,0,0,0,0,4,0,0,0,0,0,0,0,0,0
ubt,bintrie,5,4,storage_mixed_k1,3,,3454,91730,2,0.2313,28.7188,102.3998,13.1124,144.7812,0.6336,11,0,0,0,3,0,0,0,1,304,4,7,36.36,0,0,0,0,0,0,0,0
ubt,bintrie,5,4,storage_mixed_k1,3,,3455,99912333,1,1337.3139,237.1431,19.3041,9.3774,1603.4036,62.3127,8,11129,2,332,3,0,1712,0,0,0,1,7,12.5,3488,7641,31.34,2,0,100,332,0
ubt,bintrie,5,4,storage_mixed_k1,3,,3456,0,0,0.0604,4.6415,0.0029,0.2094,5.2519,0,4,0,0,0,0,0,0,0,0,0,0,4,0,0,0,0,0,0,0,0,0
ubt,bintrie,5,4,storage_mixed_k1,3,,3457,21000,1,0.1744,6.8782,23.462,0.9634,31.9294,0.6577,6,0,0,0,2,0,0,0,0,0,2,4,33.33,0,0,0,0,0,0,0,0
ubt,bintrie,5,4,storage_mixed_k1,3,,3458,0,0,0.0636,15.5046,0.0026,0.2001,16.0162,0,4,0,0,0,0,0,0,0,0,0,0,4,0,0,0,0,0,0,0,0,0
ubt,bintrie,5,4,storage_mixed_k1,3,,3459,0,0,0.0513,4.6254,0.0047,0.2955,5.2633,0,4,0,0,0,0,0,0,0,0,0,0,4,0,0,0,0,0,0,0,0,0
ubt,bintrie,5,4,storage_mixed_k1,4,,3460,0,0,0.0397,0.5282,0.0018,0.121,0.8662,0,4,0,0,0,0,0,0,0,0,0,0,4,0,0,0,0,0,0,0,0,0
ubt,bintrie,5,4,storage_mixed_k1,4,,3461,0,0,0.3789,35.898,0.0029,0.1598,37.4902,0,4,0,0,0,0,0,0,0,0,0,0,4,0,0,0,0,0,0,0,0,0
ubt,bintrie,5,4,storage_mixed_k1,4,,3462,0,0,0.0642,1.2576,0.0017,0.1111,1.729,0,4,0,0,0,0,0,0,0,0,0,0,4,0,0,0,0,0,0,0,0,0
ubt,bintrie,5,4,storage_mixed_k1,4,,3463,0,0,0.0682,11.6395,0.0058,5.6736,17.723,0,4,0,0,0,0,0,0,0,0,0,0,4,0,0,0,0,0,0,0,0,0
ubt,bintrie,5,4,storage_mixed_k1,4,,3464,0,0,0.1388,6.2619,0.005,0.313,7.1632,0,4,0,0,0,0,0,0,0,0,0,0,4,0,0,0,0,0,0,0,0,0
ubt,bintrie,5,4,storage_mixed_k1,4,,3465,0,0,0.3033,62.096,0.0058,0.4976,63.8985,0,4,0,0,0,0,0,0,0,0,0,0,4,0,0,0,0,0,0,0,0,0
ubt,bintrie,5,4,storage_mixed_k1,4,,3466,0,0,0.0394,4.2399,0.0041,0.1709,4.7485,0,4,0,0,0,0,0,0,0,0,0,0,4,0,0,0,0,0,0,0,0,0
ubt,bintrie,5,4,storage_mixed_k1,4,,3467,0,0,0.1415,88.6146,0.0023,2.7328,92.232,0,4,0,0,0,0,0,0,0,0,0,0,4,0,0,0,0,0,0,0,0,0
ubt,bintrie,5,4,storage_mixed_k1,4,,3468,0,0,0.0417,4.5216,0.0035,0.1552,4.9223,0,4,0,0,0,0,0,0,0,0,0,0,4,0,0,0,0,0,0,0,0,0
ubt,bintrie,5,4,storage_mixed_k1,4,,3469,0,0,0.2278,79.0826,0.0032,0.2456,80.155,0,4,0,0,0,0,0,0,0,0,0,0,4,0,0,0,0,0,0,0,0,0
ubt,bintrie,5,4,storage_mixed_k1,4,,3470,0,0,0.0362,4.5575,0.0047,0.1773,5.0192,0,4,0,0,0,0,0,0,0,0,0,0,4,0,0,0,0,0,0,0,0,0
ubt,bintrie,5,4,storage_mixed_k1,4,,3471,0,0,0.1601,59.0578,0.0239,0.2774,59.9468,0,4,0,0,0,0,0,0,0,0,0,0,4,0,0,0,0,0,0,0,0,0
ubt,bintrie,5,4,storage_mixed_k1,4,,3472,0,0,0.047,4.5951,0.0038,0.222,5.0918,0,4,0,0,0,0,0,0,0,0,0,0,4,0,0,0,0,0,0,0,0,0
ubt,bintrie,5,4,storage_mixed_k1,4,,3473,0,0,0.2803,47.7665,0.0061,0.5192,49.4672,0,4,0,0,0,0,0,0,0,0,0,0,4,0,0,0,0,0,0,0,0,0
ubt,bintrie,5,4,storage_mixed_k1,4,,3474,0,0,0.0531,4.4615,0.0032,0.1846,4.9422,0,4,0,0,0,0,0,0,0,0,0,0,4,0,0,0,0,0,0,0,0,0
ubt,bintrie,5,4,storage_mixed_k1,4,,3475,0,0,0.051,10.717,0.0032,0.1572,11.0831,0,4,0,0,0,0,0,0,0,0,0,0,4,0,0,0,0,0,0,0,0,0
ubt,bintrie,5,4,storage_mixed_k1,4,,3476,0,0,0.0461,10.3697,0.002,0.1356,10.7051,0,4,0,0,0,0,0,0,0,0,0,0,4,0,0,0,0,0,0,0,0,0
ubt,bintrie,5,4,storage_mixed_k1,4,,3477,0,0,0.1983,5.0069,0.007,0.5454,6.3981,0,4,0,0,0,0,0,0,0,0,0,0,4,0,0,0,0,0,0,0,0,0
ubt,bintrie,5,4,storage_mixed_k1,4,,3478,91730,2,0.3803,53.9196,12.084,9.6049,91.9217,0.9979,11,0,0,0,3,0,0,0,1,304,5,6,45.45,0,0,0,0,0,0,0,0
ubt,bintrie,5,4,storage_mixed_k1,4,,3479,99912333,1,1440.6187,161.4451,11.2744,8.8405,1622.5286,61.5782,8,11129,2,332,3,0,1712,0,0,0,3,5,37.5,7555,3574,67.89,2,0,100,332,0
ubt,bintrie,5,4,storage_mixed_k1,4,,3480,21000,1,0.0685,3.0242,1.4303,0.6909,5.4085,3.8828,6,0,0,0,2,0,0,0,0,0,2,4,33.33,0,0,0,0,0,0,0,0
ubt,bintrie,5,4,storage_mixed_k1,4,,3481,0,0,0.1219,51.801,0.0035,0.2322,52.6188,0,4,0,0,0,0,0,0,0,0,0,0,4,0,0,0,0,0,0,0,0,0
ubt,bintrie,5,4,storage_mixed_k1,4,,3482,0,0,0.0367,2.6608,0.0032,0.1438,3.0452,0,4,0,0,0,0,0,0,0,0,0,0,4,0,0,0,0,0,0,0,0,0
ubt,bintrie,5,4,storage_mixed_k1,5,,3483,0,0,0.208,21.9827,0.0055,0.623,23.5226,0,4,0,0,0,0,0,0,0,0,0,0,4,0,0,0,0,0,0,0,0,0
ubt,bintrie,5,4,storage_mixed_k1,5,,3484,0,0,0.11,1.8617,0.0076,0.3036,2.7171,0,4,0,0,0,0,0,0,0,0,0,0,4,0,0,0,0,0,0,0,0,0
ubt,bintrie,5,4,storage_mixed_k1,5,,3485,0,0,0.3036,51.4484,0.012,0.5227,56.656,0,4,0,0,0,0,0,0,0,0,0,0,4,0,0,0,0,0,0,0,0,0
ubt,bintrie,5,4,storage_mixed_k1,5,,3486,0,0,0.0499,10.9212,0.0079,0.5157,12.2926,0,4,0,0,0,0,0,0,0,0,0,0,4,0,0,0,0,0,0,0,0,0
ubt,bintrie,5,4,storage_mixed_k1,5,,3487,0,0,0.0373,10.9264,0.0023,0.1403,11.2712,0,4,0,0,0,0,0,0,0,0,0,0,4,0,0,0,0,0,0,0,0,0
ubt,bintrie,5,4,storage_mixed_k1,5,,3488,0,0,0.1998,41.1805,0.0026,0.1849,42.1354,0,4,0,0,0,0,0,0,0,0,0,0,4,0,0,0,0,0,0,0,0,0
ubt,bintrie,5,4,storage_mixed_k1,5,,3489,0,0,0.051,1.1238,0.0029,0.2117,1.6467,0,4,0,0,0,0,0,0,0,0,0,0,4,0,0,0,0,0,0,0,0,0
ubt,bintrie,5,4,storage_mixed_k1,5,,3490,0,0,0.0852,38.4392,0.0026,0.1697,38.9861,0,4,0,0,0,0,0,0,0,0,0,0,4,0,0,0,0,0,0,0,0,0
ubt,bintrie,5,4,storage_mixed_k1,5,,3491,0,0,0.0333,4.1051,0.0026,0.1537,4.484,0,4,0,0,0,0,0,0,0,0,0,0,4,0,0,0,0,0,0,0,0,0
ubt,bintrie,5,4,storage_mixed_k1,5,,3492,0,0,0.0875,73.5332,0.0026,0.2395,74.185,0,4,0,0,0,0,0,0,0,0,0,0,4,0,0,0,0,0,0,0,0,0
ubt,bintrie,5,4,storage_mixed_k1,5,,3493,0,0,0.0525,4.092,0.0035,0.1595,4.5566,0,4,0,0,0,0,0,0,0,0,0,0,4,0,0,0,0,0,0,0,0,0
ubt,bintrie,5,4,storage_mixed_k1,5,,3494,0,0,0.2196,63.237,0.0032,0.1616,64.1476,0,4,0,0,0,0,0,0,0,0,0,0,4,0,0,0,0,0,0,0,0,0
ubt,bintrie,5,4,storage_mixed_k1,5,,3495,0,0,0.0359,4.0943,0.0032,0.2272,4.6126,0,4,0,0,0,0,0,0,0,0,0,0,4,0,0,0,0,0,0,0,0,0
ubt,bintrie,5,4,storage_mixed_k1,5,,3496,0,0,0.0633,10.5741,0.0058,0.4821,11.4619,0,4,0,0,0,0,0,0,0,0,0,0,4,0,0,0,0,0,0,0,0,0
ubt,bintrie,5,4,storage_mixed_k1,5,,3497,0,0,0.0505,4.6738,0.0041,0.2357,5.2828,0,4,0,0,0,0,0,0,0,0,0,0,4,0,0,0,0,0,0,0,0,0
ubt,bintrie,5,4,storage_mixed_k1,5,,3498,0,0,0.0653,27.3959,0.0058,0.4804,28.2385,0,4,0,0,0,0,0,0,0,0,0,0,4,0,0,0,0,0,0,0,0,0
ubt,bintrie,5,4,storage_mixed_k1,5,,3499,0,0,0.0796,25.5386,0.0032,0.4372,26.4859,0,4,0,0,0,0,0,0,0,0,0,0,4,0,0,0,0,0,0,0,0,0
ubt,bintrie,5,4,storage_mixed_k1,5,,3500,0,0,0.0365,2.0886,0.002,0.1397,2.4033,0,4,0,0,0,0,0,0,0,0,0,0,4,0,0,0,0,0,0,0,0,0
ubt,bintrie,5,4,storage_mixed_k1,5,,3501,91730,2,1.6473,33.5131,21.857,8.8711,66.3881,1.3817,11,0,0,0,3,0,0,0,1,304,6,5,54.55,0,0,0,0,0,0,0,0
ubt,bintrie,5,4,storage_mixed_k1,5,,3502,99912333,1,1338.753,97.023,85.4775,9.1733,1530.7633,65.2696,8,11129,2,332,3,0,1712,0,0,0,0,8,0,7989,3140,71.79,2,0,100,332,0
ubt,bintrie,5,4,storage_mixed_k1,5,,3503,21000,1,0.2144,23.7144,58.0679,0.7399,83.3223,0.252,6,0,0,0,2,0,0,0,0,0,0,6,0,0,0,0,0,0,0,0,0
ubt,bintrie,5,4,storage_mixed_k1,5,,3504,0,0,0.1858,27.649,0.0047,0.3127,28.6176,0,4,0,0,0,0,0,0,0,0,0,0,4,0,0,0,0,0,0,0,0,0
ubt,bintrie,5,4,storage_mixed_k1,6,,3505,0,0,0.1622,45.4361,0.0035,3.9654,50.0012,0,4,0,0,0,0,0,0,0,0,0,0,4,0,0,0,0,0,0,0,0,0
ubt,bintrie,5,4,storage_mixed_k1,6,,3506,0,0,0.0621,1.1424,0.0038,0.2287,1.7456,0,4,0,0,0,0,0,0,0,0,0,0,4,0,0,0,0,0,0,0,0,0
ubt,bintrie,5,4,storage_mixed_k1,6,,3507,0,0,0.3474,68.4968,0.0047,0.6475,70.5521,0,4,0,0,0,0,0,0,0,0,0,0,4,0,0,0,0,0,0,0,0,0
ubt,bintrie,5,4,storage_mixed_k1,6,,3508,0,0,0.0429,16.6928,0.0035,0.415,17.9741,0,4,0,0,0,0,0,0,0,0,0,0,4,0,0,0,0,0,0,0,0,0
ubt,bintrie,5,4,storage_mixed_k1,6,,3509,0,0,0.0831,53.5309,0.0032,0.2077,54.1124,0,4,0,0,0,0,0,0,0,0,0,0,4,0,0,0,0,0,0,0,0,0
ubt,bintrie,5,4,storage_mixed_k1,6,,3510,0,0,0.159,34.0238,0.0067,0.5454,35.4827,0,4,0,0,0,0,0,0,0,0,0,0,4,0,0,0,0,0,0,0,0,0
ubt,bintrie,5,4,storage_mixed_k1,6,,3511,0,0,0.1362,5.9738,0.0093,0.6486,7.2635,0,4,0,0,0,0,0,0,0,0,0,0,4,0,0,0,0,0,0,0,0,0
ubt,bintrie,5,4,storage_mixed_k1,6,,3512,0,0,0.1158,83.7832,0.002,0.1855,85.5478,0,4,0,0,0,0,0,0,0,0,0,0,4,0,0,0,0,0,0,0,0,0
ubt,bintrie,5,4,storage_mixed_k1,6,,3513,0,0,0.114,8.4476,0.0093,0.4503,9.5752,0,4,0,0,0,0,0,0,0,0,0,0,4,0,0,0,0,0,0,0,0,0
ubt,bintrie,5,4,storage_mixed_k1,6,,3514,0,0,0.3188,54.6205,0.0061,0.4395,56.1575,0,4,0,0,0,0,0,0,0,0,0,0,4,0,0,0,0,0,0,0,0,0
ubt,bintrie,5,4,storage_mixed_k1,6,,3515,0,0,0.2015,5.8901,0.0105,0.4941,7.2909,0,4,0,0,0,0,0,0,0,0,0,0,4,0,0,0,0,0,0,0,0,0
ubt,bintrie,5,4,storage_mixed_k1,6,,3516,0,0,0.1091,64.4672,0.0035,0.2158,65.1926,0,4,0,0,0,0,0,0,0,0,0,0,4,0,0,0,0,0,0,0,0,0
ubt,bintrie,5,4,storage_mixed_k1,6,,3517,0,0,0.0548,4.6899,0.0038,0.2564,5.2997,0,4,0,0,0,0,0,0,0,0,0,0,4,0,0,0,0,0,0,0,0,0
ubt,bintrie,5,4,storage_mixed_k1,6,,3518,0,0,0.2931,71.4574,0.0058,0.6895,73.3074,0,4,0,0,0,0,0,0,0,0,0,0,4,0,0,0,0,0,0,0,0,0
ubt,bintrie,5,4,storage_mixed_k1,6,,3519,0,0,0.0405,4.3265,0.0032,0.2263,4.8401,0,4,0,0,0,0,0,0,0,0,0,0,4,0,0,0,0,0,0,0,0,0
ubt,bintrie,5,4,storage_mixed_k1,6,,3520,0,0,0.0583,9.3596,0.0038,1.0086,10.6762,0,4,0,0,0,0,0,0,0,0,0,0,4,0,0,0,0,0,0,0,0,0
ubt,bintrie,5,4,storage_mixed_k1,6,,3521,0,0,0.0467,2.088,0.002,0.1365,2.4249,0,4,0,0,0,0,0,0,0,0,0,0,4,0,0,0,0,0,0,0,0,0
ubt,bintrie,5,4,storage_mixed_k1,6,,3522,91730,2,0.1744,10.2186,47.2891,12.3305,70.2532,1.3057,11,0,0,0,3,0,0,0,1,304,6,5,54.55,0,0,0,0,0,0,0,0
ubt,bintrie,5,4,storage_mixed_k1,6,,3523,99912333,1,1436.3612,100.6014,6.973,10.5805,1554.715,64.2641,8,11129,2,332,3,0,1712,0,0,0,1,7,12.5,7646,3483,68.7,2,0,100,332,0
ubt,bintrie,5,4,storage_mixed_k1,6,,3524,21000,1,0.0647,3.3112,2.2767,0.6807,6.5311,3.2154,6,0,0,0,2,0,0,0,0,0,2,4,33.33,0,0,0,0,0,0,0,0
ubt,bintrie,5,4,storage_mixed_k1,6,,3525,0,0,0.3322,64.714,0.0047,0.3211,66.0868,0,4,0,0,0,0,0,0,0,0,0,0,4,0,0,0,0,0,0,0,0,0
ubt,bintrie,5,4,storage_mixed_k1,6,,3526,0,0,0.119,4.7584,0.0064,0.1864,5.3067,0,4,0,0,0,0,0,0,0,0,0,0,4,0,0,0,0,0,0,0,0,0
ubt,bintrie,5,4,storage_mixed_k1,7,,3527,0,0,0.2351,55.6684,0.0041,0.2952,56.8782,0,4,0,0,0,0,0,0,0,0,0,0,4,0,0,0,0,0,0,0,0,0
ubt,bintrie,5,4,storage_mixed_k1,7,,3528,0,0,0.0776,1.5951,0.0047,0.3759,2.4756,0,4,0,0,0,0,0,0,0,0,0,0,4,0,0,0,0,0,0,0,0,0
ubt,bintrie,5,4,storage_mixed_k1,7,,3529,0,0,0.5104,64.091,0.0082,0.5282,82.1639,0,4,0,0,0,0,0,0,0,0,0,0,4,0,0,0,0,0,0,0,0,0
ubt,bintrie,5,4,storage_mixed_k1,7,,3530,0,0,0.0545,3.8248,0.0032,1.1745,6.2205,0,4,0,0,0,0,0,0,0,0,0,0,4,0,0,0,0,0,0,0,0,0
ubt,bintrie,5,4,storage_mixed_k1,7,,3531,0,0,0.049,10.7835,0.0032,0.2826,11.3692,0,4,0,0,0,0,0,0,0,0,0,0,4,0,0,0,0,0,0,0,0,0
ubt,bintrie,5,4,storage_mixed_k1,7,,3532,0,0,0.0682,14.4926,0.0041,0.2791,15.1465,0,4,0,0,0,0,0,0,0,0,0,0,4,0,0,0,0,0,0,0,0,0
ubt,bintrie,5,4,storage_mixed_k1,7,,3533,0,0,0.0478,4.3941,0.005,0.2176,4.892,0,4,0,0,0,0,0,0,0,0,0,0,4,0,0,0,0,0,0,0,0,0
ubt,bintrie,5,4,storage_mixed_k1,7,,3534,0,0,0.131,92.9507,0.0064,0.5606,94.938,0,4,0,0,0,0,0,0,0,0,0,0,4,0,0,0,0,0,0,0,0,0
ubt,bintrie,5,4,storage_mixed_k1,7,,3535,0,0,0.1021,5.6599,0.0085,0.4235,6.709,0,4,0,0,0,0,0,0,0,0,0,0,4,0,0,0,0,0,0,0,0,0
ubt,bintrie,5,4,storage_mixed_k1,7,,3536,0,0,0.1476,67.2356,0.0058,0.534,68.4501,0,4,0,0,0,0,0,0,0,0,0,0,4,0,0,0,0,0,0,0,0,0
ubt,bintrie,5,4,storage_mixed_k1,7,,3537,0,0,0.1009,6.1811,0.0236,0.345,7.1468,0,4,0,0,0,0,0,0,0,0,0,0,4,0,0,0,0,0,0,0,0,0
ubt,bintrie,5,4,storage_mixed_k1,7,,3538,0,0,0.0983,91.5705,0.0035,0.1432,92.1953,0,4,0,0,0,0,0,0,0,0,0,0,4,0,0,0,0,0,0,0,0,0
ubt,bintrie,5,4,storage_mixed_k1,7,,3539,0,0,0.0429,4.2512,0.0041,0.166,4.7161,0,4,0,0,0,0,0,0,0,0,0,0,4,0,0,0,0,0,0,0,0,0
ubt,bintrie,5,4,storage_mixed_k1,7,,3540,0,0,0.0569,20.8429,0.0032,0.1902,21.3279,0,4,0,0,0,0,0,0,0,0,0,0,4,0,0,0,0,0,0,0,0,0
ubt,bintrie,5,4,storage_mixed_k1,7,,3541,0,0,0.0429,4.295,0.0009,0.1473,4.7109,0,4,0,0,0,0,0,0,0,0,0,0,4,0,0,0,0,0,0,0,0,0
ubt,bintrie,5,4,storage_mixed_k1,7,,3542,0,0,0.04,7.3326,0.0026,0.1732,12.2526,0,4,0,0,0,0,0,0,0,0,0,0,4,0,0,0,0,0,0,0,0,0
ubt,bintrie,5,4,storage_mixed_k1,7,,3543,0,0,0.0793,55.5844,0.0029,0.1272,56.5148,0,4,0,0,0,0,0,0,0,0,0,0,4,0,0,0,0,0,0,0,0,0
ubt,bintrie,5,4,storage_mixed_k1,7,,3544,0,0,0.2692,6.3809,0.0064,0.56,8.0212,0,4,0,0,0,0,0,0,0,0,0,0,4,0,0,0,0,0,0,0,0,0
ubt,bintrie,5,4,storage_mixed_k1,7,,3545,91730,2,1.3571,31.636,63.3236,6.6557,111.3596,0.8237,11,0,0,0,3,0,0,0,1,304,7,4,63.64,0,0,0,0,0,0,0,0
ubt,bintrie,5,4,storage_mixed_k1,7,,3546,99912333,1,1417.2204,113.5781,7.9107,22.3516,1561.2758,63.994,8,11129,2,332,3,0,1712,0,0,0,1,7,12.5,7877,3252,70.78,2,0,100,332,0
ubt,bintrie,5,4,storage_mixed_k1,7,,3547,21000,1,0.1102,58.7901,35.3296,0.7105,95.2772,0.2204,6,0,0,0,2,0,0,0,0,0,2,4,33.33,0,0,0,0,0,0,0,0
ubt,bintrie,5,4,storage_mixed_k1,7,,3548,0,0,0.0907,5.1145,0.0035,0.2088,5.7425,0,4,0,0,0,0,0,0,0,0,0,0,4,0,0,0,0,0,0,0,0,0
ubt,bintrie,5,4,storage_mixed_k1,8,,3550,0,0,0.2508,42.2215,0.0061,14.2595,57.3388,0,4,0,0,0,0,0,0,0,0,0,0,4,0,0,0,0,0,0,0,0,0
ubt,bintrie,5,4,storage_mixed_k1,8,,3551,0,0,0.1003,1.7403,0.0093,0.3754,2.5675,0,4,0,0,0,0,0,0,0,0,0,0,4,0,0,0,0,0,0,0,0,0
ubt,bintrie,5,4,storage_mixed_k1,8,,3552,0,0,0.3278,33.2182,0.0076,7.059,41.9266,0,4,0,0,0,0,0,0,0,0,0,0,4,0,0,0,0,0,0,0,0,0
ubt,bintrie,5,4,storage_mixed_k1,8,,3553,0,0,0.047,19.2355,0.0038,0.7869,20.7379,0,4,0,0,0,0,0,0,0,0,0,0,4,0,0,0,0,0,0,0,0,0
ubt,bintrie,5,4,storage_mixed_k1,8,,3554,0,0,0.042,2.3202,0.0032,0.1966,2.8816,0,4,0,0,0,0,0,0,0,0,0,0,4,0,0,0,0,0,0,0,0,0
ubt,bintrie,5,4,storage_mixed_k1,8,,3555,0,0,0.2721,56.1619,0.0061,0.5311,57.6304,0,4,0,0,0,0,0,0,0,0,0,0,4,0,0,0,0,0,0,0,0,0
ubt,bintrie,5,4,storage_mixed_k1,8,,3556,0,0,0.049,4.4023,0.0038,0.2018,4.9153,0,4,0,0,0,0,0,0,0,0,0,0,4,0,0,0,0,0,0,0,0,0
ubt,bintrie,5,4,storage_mixed_k1,8,,3557,0,0,0.0621,2.6069,0.0029,0.124,4.8319,0,4,0,0,0,0,0,0,0,0,0,0,4,0,0,0,0,0,0,0,0,0
ubt,bintrie,5,4,storage_mixed_k1,8,,3558,0,0,0.0324,4.199,0.0044,0.194,4.6517,0,4,0,0,0,0,0,0,0,0,0,0,4,0,0,0,0,0,0,0,0,0
ubt,bintrie,5,4,storage_mixed_k1,8,,3559,0,0,0.0435,5.2096,0.002,0.1756,5.7754,0,4,0,0,0,0,0,0,0,0,0,0,4,0,0,0,0,0,0,0,0,0
ubt,bintrie,5,4,storage_mixed_k1,8,,3560,0,0,0.0659,4.3486,0.0023,0.1546,4.8319,0,4,0,0,0,0,0,0,0,0,0,0,4,0,0,0,0,0,0,0,0,0
ubt,bintrie,5,4,storage_mixed_k1,8,,3561,0,0,0.054,19.4563,0.0026,0.1458,19.8436,0,4,0,0,0,0,0,0,0,0,0,0,4,0,0,0,0,0,0,0,0,0
ubt,bintrie,5,4,storage_mixed_k1,8,,3562,0,0,0.0405,4.6143,0.0032,0.2027,5.097,0,4,0,0,0,0,0,0,0,0,0,0,4,0,0,0,0,0,0,0,0,0
ubt,bintrie,5,4,storage_mixed_k1,8,,3563,0,0,0.0394,2.5587,0.0023,0.1584,2.9741,0,4,0,0,0,0,0,0,0,0,0,0,4,0,0,0,0,0,0,0,0,0
ubt,bintrie,5,4,storage_mixed_k1,8,,3564,0,0,0.299,14.1609,0.0175,1.2337,16.9623,0,4,0,0,0,0,0,0,0,0,0,0,4,0,0,0,0,0,0,0,0,0
ubt,bintrie,5,4,storage_mixed_k1,8,,3565,0,0,0.1079,8.536,0.0073,0.4465,9.4244,0,4,0,0,0,0,0,0,0,0,0,0,4,0,0,0,0,0,0,0,0,0
ubt,bintrie,5,4,storage_mixed_k1,8,,3566,0,0,0.0356,1.8103,0.0026,0.1207,2.1358,0,4,0,0,0,0,0,0,0,0,0,0,4,0,0,0,0,0,0,0,0,0
ubt,bintrie,5,4,storage_mixed_k1,8,,3567,0,0,0.1094,5.7276,0.0082,0.3512,6.6822,0,4,0,0,0,0,0,0,0,0,0,0,4,0,0,0,0,0,0,0,0,0
ubt,bintrie,5,4,storage_mixed_k1,8,,3568,91730,2,0.1552,2.1618,7.9935,6.538,17.0626,5.3761,11,0,0,0,3,0,0,0,1,304,6,5,54.55,0,0,0,0,0,0,0,0
ubt,bintrie,5,4,storage_mixed_k1,8,,3569,99912333,1,1333.7396,177.983,7.0619,11.0616,1530.2467,65.2917,8,11129,2,332,3,0,1712,0,0,0,3,5,37.5,3907,7222,35.11,2,0,100,332,0
ubt,bintrie,5,4,storage_mixed_k1,8,,3570,21000,1,0.0747,10.9413,11.8994,1.0669,24.2031,0.8677,6,0,0,0,2,0,0,0,0,0,2,4,33.33,0,0,0,0,0,0,0,0
ubt,bintrie,5,4,storage_mixed_k1,8,,3571,0,0,0.0531,4.6391,0.0082,0.2931,5.291,0,4,0,0,0,0,0,0,0,0,0,0,4,0,0,0,0,0,0,0,0,0
ubt,bintrie,5,4,storage_mixed_k1,8,,3572,0,0,0.1881,73.5381,0.0029,0.1767,74.5099,0,4,0,0,0,0,0,0,0,0,0,0,4,0,0,0,0,0,0,0,0,0
ubt,bintrie,5,4,storage_mixed_k1,9,,3573,0,0,0.161,50.7721,0.0026,0.455,51.8492,0,4,0,0,0,0,0,0,0,0,0,0,4,0,0,0,0,0,0,0,0,0
ubt,bintrie,5,4,storage_mixed_k1,9,,3574,0,0,0.0872,2.5258,0.005,0.3176,3.3748,0,4,0,0,0,0,0,0,0,0,0,0,4,0,0,0,0,0,0,0,0,0
ubt,bintrie,5,4,storage_mixed_k1,9,,3575,0,0,0.1592,64.7737,0.0041,0.2634,65.6817,0,4,0,0,0,0,0,0,0,0,0,0,4,0,0,0,0,0,0,0,0,0
ubt,bintrie,5,4,storage_mixed_k1,9,,3576,0,0,0.0429,9.7773,0.0026,0.3007,10.2994,0,4,0,0,0,0,0,0,0,0,0,0,4,0,0,0,0,0,0,0,0,0
ubt,bintrie,5,4,storage_mixed_k1,9,,3577,0,0,0.0429,2.5511,0.0044,0.1202,2.9178,0,4,0,0,0,0,0,0,0,0,0,0,4,0,0,0,0,0,0,0,0,0
ubt,bintrie,5,4,storage_mixed_k1,9,,3578,0,0,0.1566,27.5586,0.005,0.5399,28.811,0,4,0,0,0,0,0,0,0,0,0,0,4,0,0,0,0,0,0,0,0,0
ubt,bintrie,5,4,storage_mixed_k1,9,,3579,0,0,0.0843,10.3895,0.0052,0.3001,11.1606,0,4,0,0,0,0,0,0,0,0,0,0,4,0,0,0,0,0,0,0,0,0
ubt,bintrie,5,4,storage_mixed_k1,9,,3580,0,0,0.1027,81.3082,0.0023,0.1677,81.9014,0,4,0,0,0,0,0,0,0,0,0,0,4,0,0,0,0,0,0,0,0,0
ubt,bintrie,5,4,storage_mixed_k1,9,,3581,0,0,0.0779,15.5982,0.0073,0.2753,16.3166,0,4,0,0,0,0,0,0,0,0,0,0,4,0,0,0,0,0,0,0,0,0
ubt,bintrie,5,4,storage_mixed_k1,9,,3582,0,0,0.2514,64.0539,0.0067,0.5078,65.3684,0,4,0,0,0,0,0,0,0,0,0,0,4,0,0,0,0,0,0,0,0,0
ubt,bintrie,5,4,storage_mixed_k1,9,,3583,0,0,0.215,8.6363,0.0117,0.7752,10.3606,0,4,0,0,0,0,0,0,0,0,0,0,4,0,0,0,0,0,0,0,0,0
ubt,bintrie,5,4,storage_mixed_k1,9,,3584,0,0,0.1397,60.0856,0.0038,0.2368,60.9329,0,4,0,0,0,0,0,0,0,0,0,0,4,0,0,0,0,0,0,0,0,0
ubt,bintrie,5,4,storage_mixed_k1,9,,3585,0,0,0.0761,5.2542,0.0018,0.1479,5.7696,0,4,0,0,0,0,0,0,0,0,0,0,4,0,0,0,0,0,0,0,0,0
ubt,bintrie,5,4,storage_mixed_k1,9,,3586,0,0,0.3132,72.3239,0.0052,0.5212,74.0249,0,4,0,0,0,0,0,0,0,0,0,0,4,0,0,0,0,0,0,0,0,0
ubt,bintrie,5,4,storage_mixed_k1,9,,3587,0,0,0.051,4.5659,0.0047,0.2109,5.09,0,4,0,0,0,0,0,0,0,0,0,0,4,0,0,0,0,0,0,0,0,0
ubt,bintrie,5,4,storage_mixed_k1,9,,3588,0,0,0.0548,58.4252,0.0023,0.1587,59.1543,0,4,0,0,0,0,0,0,0,0,0,0,4,0,0,0,0,0,0,0,0,0
ubt,bintrie,5,4,storage_mixed_k1,9,,3589,0,0,0.0586,9.5443,0.007,0.4352,10.4586,0,4,0,0,0,0,0,0,0,0,0,0,4,0,0,0,0,0,0,0,0,0
ubt,bintrie,5,4,storage_mixed_k1,9,,3590,0,0,0.0948,8.7008,0.012,0.5087,9.9488,0,4,0,0,0,0,0,0,0,0,0,0,4,0,0,0,0,0,0,0,0,0
ubt,bintrie,5,4,storage_mixed_k1,9,,3591,91730,2,0.7049,46.9093,45.2317,6.667,100.4999,0.9127,11,0,0,0,3,0,0,0,1,304,7,4,63.64,0,0,0,0,0,0,0,0
ubt,bintrie,5,4,storage_mixed_k1,9,,3592,0,0,0.1161,50.9727,0.0029,0.2278,51.7001,0,4,0,0,0,0,0,0,0,0,0,0,4,0,0,0,0,0,0,0,0,0
ubt,bintrie,5,4,storage_mixed_k1,9,,3593,99912333,1,1308.2841,195.4616,6.2646,8.7116,1519.0616,65.7724,8,11129,2,332,3,0,1712,0,0,0,0,8,0,2841,8288,25.53,2,0,100,332,0
ubt,bintrie,5,4,storage_mixed_k1,9,,3594,21000,1,0.0828,8.8603,6.8744,0.8458,16.8492,1.2464,6,0,0,0,2,0,0,0,0,0,2,4,33.33,0,0,0,0,0,0,0,0
ubt,bintrie,5,4,storage_mixed_k1,9,,3595,0,0,0.0537,8.7084,0.0029,0.1438,9.1316,0,4,0,0,0,0,0,0,0,0,0,0,4,0,0,0,0,0,0,0,0,0
ubt,bintrie,5,4,storage_mixed_k10,10,,3823,0,0,0.0691,0.9949,0.0029,0.233,1.5653,0,4,0,0,0,0,0,0,0,0,0,0,4,0,0,0,0,0,0,0,0,0
ubt,bintrie,5,4,storage_mixed_k10,10,,3824,0,0,0.1724,27.4116,0.0061,0.2304,28.3595,0,4,0,0,0,0,0,0,0,0,0,0,4,0,0,0,0,0,0,0,0,0
ubt,bintrie,5,4,storage_mixed_k10,10,,3825,0,0,0.1336,36.0613,0.0032,0.1945,36.8383,0,4,0,0,0,0,0,0,0,0,0,0,4,0,0,0,0,0,0,0,0,0
ubt,bintrie,5,4,storage_mixed_k10,10,,3826,0,0,0.0741,45.3276,0.0026,0.1406,47.3182,0,4,0,0,0,0,0,0,0,0,0,0,4,0,0,0,0,0,0,0,0,0
ubt,bintrie,5,4,storage_mixed_k10,10,,3827,0,0,0.0365,2.1011,0.0023,0.1149,2.3931,0,4,0,0,0,0,0,0,0,0,0,0,4,0,0,0,0,0,0,0,0,0
ubt,bintrie,5,4,storage_mixed_k10,10,,3828,0,0,0.0379,4.4195,0.0023,0.1907,4.8646,0,4,0,0,0,0,0,0,0,0,0,0,4,0,0,0,0,0,0,0,0,0
ubt,bintrie,5,4,storage_mixed_k10,10,,3829,0,0,0.0312,1.9422,0.0018,0.1088,2.2513,0,4,0,0,0,0,0,0,0,0,0,0,4,0,0,0,0,0,0,0,0,0
ubt,bintrie,5,4,storage_mixed_k10,10,,3830,0,0,0.0615,4.232,0.0029,0.1791,4.6992,0,4,0,0,0,0,0,0,0,0,0,0,4,0,0,0,0,0,0,0,0,0
ubt,bintrie,5,4,storage_mixed_k10,10,,3831,0,0,0.0274,1.7736,0.0017,0.1248,2.0731,0,4,0,0,0,0,0,0,0,0,0,0,4,0,0,0,0,0,0,0,0,0
ubt,bintrie,5,4,storage_mixed_k10,10,,3832,0,0,0.0324,4.218,0.0023,0.173,4.6368,0,4,0,0,0,0,0,0,0,0,0,0,4,0,0,0,0,0,0,0,0,0
ubt,bintrie,5,4,storage_mixed_k10,10,,3833,0,0,0.0785,8.0982,0.0023,0.1584,8.5716,0,4,0,0,0,0,0,0,0,0,0,0,4,0,0,0,0,0,0,0,0,0
ubt,bintrie,5,4,storage_mixed_k10,10,,3834,0,0,0.0624,6.7321,0.0035,0.2298,7.3376,0,4,0,0,0,0,0,0,0,0,0,0,4,0,0,0,0,0,0,0,0,0
ubt,bintrie,5,4,storage_mixed_k10,10,,3835,0,0,0.047,4.6202,0.0018,0.1718,5.0638,0,4,0,0,0,0,0,0,0,0,0,0,4,0,0,0,0,0,0,0,0,0
ubt,bintrie,5,4,storage_mixed_k10,10,,3836,0,0,0.0653,24.2713,0.0029,0.1805,24.7826,0,4,0,0,0,0,0,0,0,0,0,0,4,0,0,0,0,0,0,0,0,0
ubt,bintrie,5,4,storage_mixed_k10,10,,3837,0,0,0.1091,5.9146,0.0044,0.2147,6.8514,0,4,0,0,0,0,0,0,0,0,0,0,4,0,0,0,0,0,0,0,0,0
ubt,bintrie,5,4,storage_mixed_k10,10,,3838,0,0,0.07,58.0965,0.002,0.1537,59.1538,0,4,0,0,0,0,0,0,0,0,0,0,4,0,0,0,0,0,0,0,0,0
ubt,bintrie,5,4,storage_mixed_k10,10,,3839,0,0,0.0709,11.6559,0.0032,0.2613,12.2077,0,4,0,0,0,0,0,0,0,0,0,0,4,0,0,0,0,0,0,0,0,0
ubt,bintrie,5,4,storage_mixed_k10,10,,3840,91762,2,0.6904,13.6581,1.9745,6.7405,23.2773,3.9421,11,0,0,0,3,0,0,0,1,306,4,7,36.36,0,0,0,0,0,0,0,0
ubt,bintrie,5,4,storage_mixed_k10,10,,3841,99904859,1,1223.1101,199.5293,18.7379,37.2951,1479.2863,67.5359,17,12520,11,586,4,0,1536,0,0,0,0,17,0,2585,9935,20.65,11,0,100,586,0
ubt,bintrie,5,4,storage_mixed_k10,10,,3842,21000,1,0.2497,47.8082,48.5855,0.8199,98.1326,0.214,6,0,0,0,2,0,0,0,0,0,2,4,33.33,0,0,0,0,0,0,0,0
ubt,bintrie,5,4,storage_mixed_k10,10,,3843,0,0,0.2619,37.9487,0.0137,1.0786,40.1201,0,4,0,0,0,0,0,0,0,0,0,0,4,0,0,0,0,0,0,0,0,0
ubt,bintrie,5,4,storage_mixed_k10,10,,3844,0,0,0.0344,2.5287,0.0026,0.1251,2.9087,0,4,0,0,0,0,0,0,0,0,0,0,4,0,0,0,0,0,0,0,0,0
ubt,bintrie,5,4,storage_mixed_k10,1,,3618,0,0,0.0437,0.6104,0.0023,0.1592,0.9975,0,4,0,0,0,0,0,0,0,0,0,0,4,0,0,0,0,0,0,0,0,0
ubt,bintrie,5,4,storage_mixed_k10,1,,3619,0,0,0.0528,25.7319,0.0023,0.1627,26.1516,0,4,0,0,0,0,0,0,0,0,0,0,4,0,0,0,0,0,0,0,0,0
ubt,bintrie,5,4,storage_mixed_k10,1,,3620,0,0,0.0822,20.1227,0.0058,0.236,20.8956,0,4,0,0,0,0,0,0,0,0,0,0,4,0,0,0,0,0,0,0,0,0
ubt,bintrie,5,4,storage_mixed_k10,1,,3621,0,0,0.1187,68.8363,0.0035,0.1922,69.545,0,4,0,0,0,0,0,0,0,0,0,0,4,0,0,0,0,0,0,0,0,0
ubt,bintrie,5,4,storage_mixed_k10,1,,3622,0,0,0.0575,61.2426,0.0026,0.1161,61.8081,0,4,0,0,0,0,0,0,0,0,0,0,4,0,0,0,0,0,0,0,0,0
ubt,bintrie,5,4,storage_mixed_k10,1,,3623,0,0,0.1021,19.0964,0.009,0.4798,20.1685,0,4,0,0,0,0,0,0,0,0,0,0,4,0,0,0,0,0,0,0,0,0
ubt,bintrie,5,4,storage_mixed_k10,1,,3624,0,0,0.0548,6.6221,0.0044,0.2365,7.2448,0,4,0,0,0,0,0,0,0,0,0,0,4,0,0,0,0,0,0,0,0,0
ubt,bintrie,5,4,storage_mixed_k10,1,,3625,0,0,0.1432,14.513,0.0114,0.175,15.2862,0,4,0,0,0,0,0,0,0,0,0,0,4,0,0,0,0,0,0,0,0,0
ubt,bintrie,5,4,storage_mixed_k10,1,,3626,0,0,0.0382,4.1255,0.0041,0.1692,4.5823,0,4,0,0,0,0,0,0,0,0,0,0,4,0,0,0,0,0,0,0,0,0
ubt,bintrie,5,4,storage_mixed_k10,1,,3627,0,0,0.0577,24.2707,0.0026,0.1735,24.7205,0,4,0,0,0,0,0,0,0,0,0,0,4,0,0,0,0,0,0,0,0,0
ubt,bintrie,5,4,storage_mixed_k10,1,,3628,0,0,0.0367,4.4647,0.0026,0.2158,4.9565,0,4,0,0,0,0,0,0,0,0,0,0,4,0,0,0,0,0,0,0,0,0
ubt,bintrie,5,4,storage_mixed_k10,1,,3629,0,0,0.1794,64.0665,0.0055,0.4664,65.243,0,4,0,0,0,0,0,0,0,0,0,0,4,0,0,0,0,0,0,0,0,0
ubt,bintrie,5,4,storage_mixed_k10,1,,3630,0,0,0.0332,4.1136,0.0032,0.1706,4.4997,0,4,0,0,0,0,0,0,0,0,0,0,4,0,0,0,0,0,0,0,0,0
ubt,bintrie,5,4,storage_mixed_k10,1,,3631,0,0,0.1161,43.2198,0.0064,0.4212,44.2176,0,4,0,0,0,0,0,0,0,0,0,0,4,0,0,0,0,0,0,0,0,0
ubt,bintrie,5,4,storage_mixed_k10,1,,3632,0,0,0.0551,4.8555,0.0047,0.2027,5.398,0,4,0,0,0,0,0,0,0,0,0,0,4,0,0,0,0,0,0,0,0,0
ubt,bintrie,5,4,storage_mixed_k10,1,,3633,0,0,0.117,9.1733,0.0035,3.2835,13.6386,0,4,0,0,0,0,0,0,0,0,0,0,4,0,0,0,0,0,0,0,0,0
ubt,bintrie,5,4,storage_mixed_k10,1,,3634,0,0,0.0414,10.5764,0.0061,0.1581,11.0005,0,4,0,0,0,0,0,0,0,0,0,0,4,0,0,0,0,0,0,0,0,0
ubt,bintrie,5,4,storage_mixed_k10,1,,3635,0,0,0.051,4.7762,0.0053,0.2295,5.3537,0,4,0,0,0,0,0,0,0,0,0,0,4,0,0,0,0,0,0,0,0,0
ubt,bintrie,5,4,storage_mixed_k10,1,,3636,91762,2,0.1257,11.6815,4.7593,25.0865,41.9269,2.1886,11,0,0,0,3,0,0,0,1,306,6,5,54.55,0,0,0,0,0,0,0,0
ubt,bintrie,5,4,storage_mixed_k10,1,,3637,99904859,1,1385.7377,83.4184,5.8621,8.3082,1483.9304,67.3245,17,12520,11,586,4,0,1536,0,0,0,12,5,70.59,9884,2636,78.95,11,0,100,586,0
ubt,bintrie,5,4,storage_mixed_k10,1,,3638,21000,1,0.1525,3.1231,6.0677,1.5128,16.8217,1.2484,6,0,0,0,2,0,0,0,0,0,2,4,33.33,0,0,0,0,0,0,0,0
ubt,bintrie,5,4,storage_mixed_k10,1,,3639,0,0,0.0738,11.9157,0.0026,0.1385,12.4057,0,4,0,0,0,0,0,0,0,0,0,0,4,0,0,0,0,0,0,0,0,0
ubt,bintrie,5,4,storage_mixed_k10,2,,3640,0,0,0.1744,37.3193,0.0026,0.1645,38.0968,0,4,0,0,0,0,0,0,0,0,0,0,4,0,0,0,0,0,0,0,0,0
ubt,bintrie,5,4,storage_mixed_k10,2,,3641,0,0,0.1015,1.7902,0.007,0.3182,2.6445,0,4,0,0,0,0,0,0,0,0,0,0,4,0,0,0,0,0,0,0,0,0
ubt,bintrie,5,4,storage_mixed_k10,2,,3642,0,0,0.0881,17.3899,0.0064,0.3949,18.2013,0,4,0,0,0,0,0,0,0,0,0,0,4,0,0,0,0,0,0,0,0,0
ubt,bintrie,5,4,storage_mixed_k10,2,,3643,0,0,0.0542,10.7141,0.0067,0.4232,11.5415,0,4,0,0,0,0,0,0,0,0,0,0,4,0,0,0,0,0,0,0,0,0
ubt,bintrie,5,4,storage_mixed_k10,2,,3644,0,0,0.0881,18.8024,0.0067,0.5445,19.7392,0,4,0,0,0,0,0,0,0,0,0,0,4,0,0,0,0,0,0,0,0,0
ubt,bintrie,5,4,storage_mixed_k10,2,,3645,0,0,0.0545,17.2172,0.0044,0.231,18.168,0,4,0,0,0,0,0,0,0,0,0,0,4,0,0,0,0,0,0,0,0,0
ubt,bintrie,5,4,storage_mixed_k10,2,,3646,0,0,0.4669,43.2919,0.0134,0.7962,45.5391,0,4,0,0,0,0,0,0,0,0,0,0,4,0,0,0,0,0,0,0,0,0
ubt,bintrie,5,4,storage_mixed_k10,2,,3647,0,0,0.0402,0.9345,0.0047,0.1747,1.3804,0,4,0,0,0,0,0,0,0,0,0,0,4,0,0,0,0,0,0,0,0,0
ubt,bintrie,5,4,storage_mixed_k10,2,,3648,0,0,0.1455,56.6857,0.0029,1.5093,58.9204,0,4,0,0,0,0,0,0,0,0,0,0,4,0,0,0,0,0,0,0,0,0
ubt,bintrie,5,4,storage_mixed_k10,2,,3649,0,0,0.173,14.7119,0.0099,0.3911,15.8981,0,4,0,0,0,0,0,0,0,0,0,0,4,0,0,0,0,0,0,0,0,0
ubt,bintrie,5,4,storage_mixed_k10,2,,3650,0,0,0.3439,69.386,0.0023,0.1601,70.8105,0,4,0,0,0,0,0,0,0,0,0,0,4,0,0,0,0,0,0,0,0,0
ubt,bintrie,5,4,storage_mixed_k10,2,,3651,0,0,0.0507,6.5909,0.0035,0.2505,7.1524,0,4,0,0,0,0,0,0,0,0,0,0,4,0,0,0,0,0,0,0,0,0
ubt,bintrie,5,4,storage_mixed_k10,2,,3652,0,0,0.2266,41.9712,0.0023,0.2033,42.9083,0,4,0,0,0,0,0,0,0,0,0,0,4,0,0,0,0,0,0,0,0,0
ubt,bintrie,5,4,storage_mixed_k10,2,,3653,0,0,0.0394,4.3632,0.0041,0.1811,4.7663,0,4,0,0,0,0,0,0,0,0,0,0,4,0,0,0,0,0,0,0,0,0
ubt,bintrie,5,4,storage_mixed_k10,2,,3654,0,0,0.082,68.882,0.0032,6.3532,75.7206,0,4,0,0,0,0,0,0,0,0,0,0,4,0,0,0,0,0,0,0,0,0
ubt,bintrie,5,4,storage_mixed_k10,2,,3655,0,0,0.0292,4.3122,0.0023,0.1738,4.7307,0,4,0,0,0,0,0,0,0,0,0,0,4,0,0,0,0,0,0,0,0,0
ubt,bintrie,5,4,storage_mixed_k10,2,,3656,0,0,0.0493,17.4039,0.0035,1.1494,18.8616,0,4,0,0,0,0,0,0,0,0,0,0,4,0,0,0,0,0,0,0,0,0
ubt,bintrie,5,4,storage_mixed_k10,2,,3657,0,0,0.0531,4.4481,0.0026,0.1808,4.9054,0,4,0,0,0,0,0,0,0,0,0,0,4,0,0,0,0,0,0,0,0,0
ubt,bintrie,5,4,storage_mixed_k10,2,,3658,91762,2,0.5369,103.2725,1.7138,6.8467,112.8684,0.813,11,0,0,0,3,0,0,0,1,306,6,5,54.55,0,0,0,0,0,0,0,0
ubt,bintrie,5,4,storage_mixed_k10,2,,3659,99904859,1,1258.8844,199.627,25.4995,15.917,1500.5868,66.5772,17,12520,11,586,4,0,1536,0,0,0,6,11,35.29,4032,8488,32.2,11,0,100,586,0
ubt,bintrie,5,4,storage_mixed_k10,2,,3660,21000,1,0.1277,57.1568,36.0389,0.8998,94.572,0.2221,6,0,0,0,2,0,0,0,0,0,2,4,33.33,0,0,0,0,0,0,0,0
ubt,bintrie,5,4,storage_mixed_k10,2,,3661,0,0,0.0452,5.0148,0.0026,0.2193,5.5561,0,4,0,0,0,0,0,0,0,0,0,0,4,0,0,0,0,0,0,0,0,0
ubt,bintrie,5,4,storage_mixed_k10,2,,3662,0,0,0.098,7.4694,0.0058,0.3555,8.2668,0,4,0,0,0,0,0,0,0,0,0,0,4,0,0,0,0,0,0,0,0,0
ubt,bintrie,5,4,storage_mixed_k10,3,,3663,0,0,0.0677,14.3934,0.0029,0.2214,14.9612,0,4,0,0,0,0,0,0,0,0,0,0,4,0,0,0,0,0,0,0,0,0
ubt,bintrie,5,4,storage_mixed_k10,3,,3664,0,0,0.0869,1.7012,0.0058,0.3138,2.5296,0,4,0,0,0,0,0,0,0,0,0,0,4,0,0,0,0,0,0,0,0,0
ubt,bintrie,5,4,storage_mixed_k10,3,,3665,0,0,0.3482,50.3605,0.007,0.5769,55.4716,0,4,0,0,0,0,0,0,0,0,0,0,4,0,0,0,0,0,0,0,0,0
ubt,bintrie,5,4,storage_mixed_k10,3,,3666,0,0,0.0685,62.5633,0.0029,0.1318,64.373,0,4,0,0,0,0,0,0,0,0,0,0,4,0,0,0,0,0,0,0,0,0
ubt,bintrie,5,4,storage_mixed_k10,3,,3667,0,0,0.0338,8.2,0.0018,0.2187,8.6252,0,4,0,0,0,0,0,0,0,0,0,0,4,0,0,0,0,0,0,0,0,0
ubt,bintrie,5,4,storage_mixed_k10,3,,3668,0,0,0.0554,119.1312,0.0044,0.2272,119.6474,0,4,0,0,0,0,0,0,0,0,0,0,4,0,0,0,0,0,0,0,0,0
ubt,bintrie,5,4,storage_mixed_k10,3,,3669,0,0,0.1983,4.2337,0.0038,0.1969,4.8334,0,4,0,0,0,0,0,0,0,0,0,0,4,0,0,0,0,0,0,0,0,0
ubt,bintrie,5,4,storage_mixed_k10,3,,3670,0,0,0.1452,21.0161,0.0035,0.1286,21.777,0,4,0,0,0,0,0,0,0,0,0,0,4,0,0,0,0,0,0,0,0,0
ubt,bintrie,5,4,storage_mixed_k10,3,,3671,0,0,0.1003,5.4567,0.0073,0.4004,6.3223,0,4,0,0,0,0,0,0,0,0,0,0,4,0,0,0,0,0,0,0,0,0
ubt,bintrie,5,4,storage_mixed_k10,3,,3672,0,0,0.1417,53.6353,0.007,0.6154,54.9787,0,4,0,0,0,0,0,0,0,0,0,0,4,0,0,0,0,0,0,0,0,0
ubt,bintrie,5,4,storage_mixed_k10,3,,3673,0,0,0.0481,5.5517,0.0058,0.2963,6.2214,0,4,0,0,0,0,0,0,0,0,0,0,4,0,0,0,0,0,0,0,0,0
ubt,bintrie,5,4,storage_mixed_k10,3,,3674,0,0,0.159,74.1859,0.0035,0.2596,75.0667,0,4,0,0,0,0,0,0,0,0,0,0,4,0,0,0,0,0,0,0,0,0
ubt,bintrie,5,4,storage_mixed_k10,3,,3675,0,0,0.0367,4.1973,0.0026,0.1619,4.5878,0,4,0,0,0,0,0,0,0,0,0,0,4,0,0,0,0,0,0,0,0,0
ubt,bintrie,5,4,storage_mixed_k10,3,,3676,0,0,0.1683,14.6891,0.0032,0.2327,15.6026,0,4,0,0,0,0,0,0,0,0,0,0,4,0,0,0,0,0,0,0,0,0
ubt,bintrie,5,4,storage_mixed_k10,3,,3677,0,0,0.0586,5.0256,0.0058,0.2628,5.6687,0,4,0,0,0,0,0,0,0,0,0,0,4,0,0,0,0,0,0,0,0,0
ubt,bintrie,5,4,storage_mixed_k10,3,,3678,0,0,0.0461,10.899,0.0035,0.1756,11.326,0,4,0,0,0,0,0,0,0,0,0,0,4,0,0,0,0,0,0,0,0,0
ubt,bintrie,5,4,storage_mixed_k10,3,,3679,0,0,0.0548,14.541,0.0029,0.2176,15.1144,0,4,0,0,0,0,0,0,0,0,0,0,4,0,0,0,0,0,0,0,0,0
ubt,bintrie,5,4,storage_mixed_k10,3,,3680,0,0,0.1514,9.8164,0.0064,0.672,11.4103,0,4,0,0,0,0,0,0,0,0,0,0,4,0,0,0,0,0,0,0,0,0
ubt,bintrie,5,4,storage_mixed_k10,3,,3681,91762,2,0.4381,7.827,98.8013,6.9537,115.6391,0.7935,11,0,0,0,3,0,0,0,1,306,6,5,54.55,0,0,0,0,0,0,0,0
ubt,bintrie,5,4,storage_mixed_k10,3,,3682,0,0,0.098,5.4992,0.0073,0.5305,6.5542,0,4,0,0,0,0,0,0,0,0,0,0,4,0,0,0,0,0,0,0,0,0
ubt,bintrie,5,4,storage_mixed_k10,3,,3683,99904859,1,1424.6599,63.0428,8.9773,18.2646,1515.1892,65.9356,17,12520,11,586,4,0,1536,0,0,0,3,14,17.65,8439,4081,67.4,11,0,100,586,0
ubt,bintrie,5,4,storage_mixed_k10,3,,3684,21000,1,0.075,2.8446,5.9828,1.381,10.4825,2.0033,6,0,0,0,2,0,0,0,0,0,0,6,0,0,0,0,0,0,0,0,0
ubt,bintrie,5,4,storage_mixed_k10,3,,3685,0,0,0.072,11.6897,0.0032,0.2491,12.2891,0,4,0,0,0,0,0,0,0,0,0,0,4,0,0,0,0,0,0,0,0,0
ubt,bintrie,5,4,storage_mixed_k10,4,,3686,0,0,0.2097,2.8921,0.0047,0.7452,4.423,0,4,0,0,0,0,0,0,0,0,0,0,4,0,0,0,0,0,0,0,0,0
ubt,bintrie,5,4,storage_mixed_k10,4,,3687,0,0,0.091,1.7663,0.0067,0.3891,2.7168,0,4,0,0,0,0,0,0,0,0,0,0,4,0,0,0,0,0,0,0,0,0
ubt,bintrie,5,4,storage_mixed_k10,4,,3688,0,0,0.5122,72.0746,0.0064,0.7884,74.3845,0,4,0,0,0,0,0,0,0,0,0,0,4,0,0,0,0,0,0,0,0,0
ubt,bintrie,5,4,storage_mixed_k10,4,,3689,0,0,0.0499,10.703,0.0026,0.5072,12.5314,0,4,0,0,0,0,0,0,0,0,0,0,4,0,0,0,0,0,0,0,0,0
ubt,bintrie,5,4,storage_mixed_k10,4,,3690,0,0,0.0496,10.9276,0.0035,1.0546,12.2564,0,4,0,0,0,0,0,0,0,0,0,0,4,0,0,0,0,0,0,0,0,0
ubt,bintrie,5,4,storage_mixed_k10,4,,3691,0,0,0.2543,37.606,0.0082,0.7251,39.3816,0,4,0,0,0,0,0,0,0,0,0,0,4,0,0,0,0,0,0,0,0,0
ubt,bintrie,5,4,storage_mixed_k10,4,,3692,0,0,0.0531,18.6245,0.005,0.2797,19.3099,0,4,0,0,0,0,0,0,0,0,0,0,4,0,0,0,0,0,0,0,0,0
ubt,bintrie,5,4,storage_mixed_k10,4,,3693,0,0,0.1417,11.0367,0.0041,0.2161,11.8067,0,4,0,0,0,0,0,0,0,0,0,0,4,0,0,0,0,0,0,0,0,0
ubt,bintrie,5,4,storage_mixed_k10,4,,3694,0,0,0.0306,4.2215,0.0023,0.1522,4.6523,0,4,0,0,0,0,0,0,0,0,0,0,4,0,0,0,0,0,0,0,0,0
ubt,bintrie,5,4,storage_mixed_k10,4,,3695,0,0,0.175,75.813,0.0073,0.5256,77.1016,0,4,0,0,0,0,0,0,0,0,0,0,4,0,0,0,0,0,0,0,0,0
ubt,bintrie,5,4,storage_mixed_k10,4,,3696,0,0,0.07,5.3619,0.0032,0.2106,6.0053,0,4,0,0,0,0,0,0,0,0,0,0,4,0,0,0,0,0,0,0,0,0
ubt,bintrie,5,4,storage_mixed_k10,4,,3697,0,0,0.084,73.8198,0.0035,0.1385,74.446,0,4,0,0,0,0,0,0,0,0,0,0,4,0,0,0,0,0,0,0,0,0
ubt,bintrie,5,4,storage_mixed_k10,4,,3698,0,0,0.0437,5.2009,0.0035,0.1878,5.657,0,4,0,0,0,0,0,0,0,0,0,0,4,0,0,0,0,0,0,0,0,0
ubt,bintrie,5,4,storage_mixed_k10,4,,3699,0,0,0.1715,23.4185,0.0029,0.1744,24.1436,0,4,0,0,0,0,0,0,0,0,0,0,4,0,0,0,0,0,0,0,0,0
ubt,bintrie,5,4,storage_mixed_k10,4,,3700,0,0,0.2482,7.2008,0.0114,0.6682,8.6541,0,4,0,0,0,0,0,0,0,0,0,0,4,0,0,0,0,0,0,0,0,0
ubt,bintrie,5,4,storage_mixed_k10,4,,3701,0,0,0.0458,2.2388,0.0015,0.17,2.6261,0,4,0,0,0,0,0,0,0,0,0,0,4,0,0,0,0,0,0,0,0,0
ubt,bintrie,5,4,storage_mixed_k10,4,,3702,0,0,0.0414,11.0341,0.0026,0.2085,11.5071,0,4,0,0,0,0,0,0,0,0,0,0,4,0,0,0,0,0,0,0,0,0
ubt,bintrie,5,4,storage_mixed_k10,4,,3703,0,0,0.0709,3.2199,0.0035,0.1966,3.7668,0,4,0,0,0,0,0,0,0,0,0,0,4,0,0,0,0,0,0,0,0,0
ubt,bintrie,5,4,storage_mixed_k10,4,,3704,91762,2,4.8888,3.3835,6.3599,6.6428,21.4375,4.2804,11,0,0,0,3,0,0,0,1,306,5,6,45.45,0,0,0,0,0,0,0,0
ubt,bintrie,5,4,storage_mixed_k10,4,,3705,99904859,1,1313.2237,204.6865,11.4444,7.8238,1537.5843,64.9752,17,12520,11,586,4,0,1536,0,0,0,5,12,29.41,1165,11355,9.31,11,0,100,586,0
ubt,bintrie,5,4,storage_mixed_k10,4,,3706,21000,1,0.0741,9.4229,6.6977,0.6892,17.0586,1.2311,6,0,0,0,2,0,0,0,0,0,2,4,33.33,0,0,0,0,0,0,0,0
ubt,bintrie,5,4,storage_mixed_k10,4,,3707,0,0,0.0595,19.1095,0.0029,0.2126,19.6765,0,4,0,0,0,0,0,0,0,0,0,0,4,0,0,0,0,0,0,0,0,0
ubt,bintrie,5,4,storage_mixed_k10,5,,3708,0,0,0.0755,1.7908,0.0076,1.6275,4.2075,0,4,0,0,0,0,0,0,0,0,0,0,4,0,0,0,0,0,0,0,0,0
ubt,bintrie,5,4,storage_mixed_k10,5,,3709,0,0,0.1572,3.1873,0.0067,0.4115,4.2349,0,4,0,0,0,0,0,0,0,0,0,0,4,0,0,0,0,0,0,0,0,0
ubt,bintrie,5,4,storage_mixed_k10,5,,3710,0,0,0.2155,17.6725,0.0079,0.4783,19.0573,0,4,0,0,0,0,0,0,0,0,0,0,4,0,0,0,0,0,0,0,0,0
ubt,bintrie,5,4,storage_mixed_k10,5,,3711,0,0,0.0945,3.9295,0.0064,0.4649,5.3931,0,4,0,0,0,0,0,0,0,0,0,0,4,0,0,0,0,0,0,0,0,0
ubt,bintrie,5,4,storage_mixed_k10,5,,3712,0,0,0.0922,59.1494,0.0064,0.4392,60.0745,0,4,0,0,0,0,0,0,0,0,0,0,4,0,0,0,0,0,0,0,0,0
ubt,bintrie,5,4,storage_mixed_k10,5,,3713,0,0,0.0548,4.4752,0.0047,0.2117,4.9845,0,4,0,0,0,0,0,0,0,0,0,0,4,0,0,0,0,0,0,0,0,0
ubt,bintrie,5,4,storage_mixed_k10,5,,3714,0,0,0.187,6.6422,0.0029,0.1983,7.5449,0,4,0,0,0,0,0,0,0,0,0,0,4,0,0,0,0,0,0,0,0,0
ubt,bintrie,5,4,storage_mixed_k10,5,,3715,0,0,0.0452,4.2833,0.0047,0.1972,4.787,0,4,0,0,0,0,0,0,0,0,0,0,4,0,0,0,0,0,0,0,0,0
ubt,bintrie,5,4,storage_mixed_k10,5,,3716,0,0,0.2182,49.7437,0.007,0.5489,51.1789,0,4,0,0,0,0,0,0,0,0,0,0,4,0,0,0,0,0,0,0,0,0
ubt,bintrie,5,4,storage_mixed_k10,5,,3717,0,0,0.0461,4.4574,0.0032,0.1875,4.9328,0,4,0,0,0,0,0,0,0,0,0,0,4,0,0,0,0,0,0,0,0,0
ubt,bintrie,5,4,storage_mixed_k10,5,,3718,0,0,0.273,68.0599,0.0035,0.2182,69.0043,0,4,0,0,0,0,0,0,0,0,0,0,4,0,0,0,0,0,0,0,0,0
ubt,bintrie,5,4,storage_mixed_k10,5,,3719,0,0,0.0449,4.3291,0.0032,0.229,4.8068,0,4,0,0,0,0,0,0,0,0,0,0,4,0,0,0,0,0,0,0,0,0
ubt,bintrie,5,4,storage_mixed_k10,5,,3720,0,0,0.1222,82.2438,0.0026,0.1905,84.5337,0,4,0,0,0,0,0,0,0,0,0,0,4,0,0,0,0,0,0,0,0,0
ubt,bintrie,5,4,storage_mixed_k10,5,,3721,0,0,0.0429,4.3317,0.0029,0.1875,4.7826,0,4,0,0,0,0,0,0,0,0,0,0,4,0,0,0,0,0,0,0,0,0
ubt,bintrie,5,4,storage_mixed_k10,5,,3722,0,0,0.1129,33.9891,0.0029,0.1692,34.6695,0,4,0,0,0,0,0,0,0,0,0,0,4,0,0,0,0,0,0,0,0,0
ubt,bintrie,5,4,storage_mixed_k10,5,,3723,0,0,0.047,2.8548,0.0032,0.1222,3.1741,0,4,0,0,0,0,0,0,0,0,0,0,4,0,0,0,0,0,0,0,0,0
ubt,bintrie,5,4,storage_mixed_k10,5,,3724,0,0,0.0528,11.1175,0.0032,0.2068,11.625,0,4,0,0,0,0,0,0,0,0,0,0,4,0,0,0,0,0,0,0,0,0
ubt,bintrie,5,4,storage_mixed_k10,5,,3725,91762,2,1.5852,51.3399,26.3325,7.0654,87.8262,1.0448,11,0,0,0,3,0,0,0,1,306,4,7,36.36,0,0,0,0,0,0,0,0
ubt,bintrie,5,4,storage_mixed_k10,5,,3726,99904859,1,1295.62,187.9902,16.8524,26.1438,1527.2205,65.4161,17,12520,11,586,4,0,1536,0,0,0,8,9,47.06,4213,8307,33.65,11,0,100,586,0
ubt,bintrie,5,4,storage_mixed_k10,5,,3727,0,0,0.0347,1.8695,0.002,0.1205,2.1907,0,4,0,0,0,0,0,0,0,0,0,0,4,0,0,0,0,0,0,0,0,0
ubt,bintrie,5,4,storage_mixed_k10,5,,3728,21000,1,0.0598,3.0099,1.3626,0.6472,5.2537,3.9972,6,0,0,0,2,0,0,0,0,0,2,4,33.33,0,0,0,0,0,0,0,0
ubt,bintrie,5,4,storage_mixed_k10,5,,3729,0,0,0.1957,14.3371,0.0032,0.1849,15.2165,0,4,0,0,0,0,0,0,0,0,0,0,4,0,0,0,0,0,0,0,0,0
ubt,bintrie,5,4,storage_mixed_k10,5,,3730,0,0,0.049,4.4711,0.0044,0.2587,5.0848,0,4,0,0,0,0,0,0,0,0,0,0,4,0,0,0,0,0,0,0,0,0
ubt,bintrie,5,4,storage_mixed_k10,6,,3731,0,0,0.2027,26.0554,0.002,0.159,26.8697,0,4,0,0,0,0,0,0,0,0,0,0,4,0,0,0,0,0,0,0,0,0
ubt,bintrie,5,4,storage_mixed_k10,6,,3732,0,0,0.0925,1.7753,0.0082,0.4144,2.795,0,4,0,0,0,0,0,0,0,0,0,0,4,0,0,0,0,0,0,0,0,0
ubt,bintrie,5,4,storage_mixed_k10,6,,3733,0,0,0.0822,17.5661,0.0047,0.315,18.3191,0,4,0,0,0,0,0,0,0,0,0,0,4,0,0,0,0,0,0,0,0,0
ubt,bintrie,5,4,storage_mixed_k10,6,,3734,0,0,0.0435,2.2294,0.002,0.1403,2.5806,0,4,0,0,0,0,0,0,0,0,0,0,4,0,0,0,0,0,0,0,0,0
ubt,bintrie,5,4,storage_mixed_k10,6,,3735,0,0,0.0566,10.575,0.005,0.1902,11.0938,0,4,0,0,0,0,0,0,0,0,0,0,4,0,0,0,0,0,0,0,0,0
ubt,bintrie,5,4,storage_mixed_k10,6,,3736,0,0,0.098,13.297,0.0038,0.1753,13.9329,0,4,0,0,0,0,0,0,0,0,0,0,4,0,0,0,0,0,0,0,0,0
ubt,bintrie,5,4,storage_mixed_k10,6,,3737,0,0,0.0408,4.5161,0.0035,0.233,5.0635,0,4,0,0,0,0,0,0,0,0,0,0,4,0,0,0,0,0,0,0,0,0
ubt,bintrie,5,4,storage_mixed_k10,6,,3738,0,0,0.1782,19.0693,0.0073,0.5874,20.3899,0,4,0,0,0,0,0,0,0,0,0,0,4,0,0,0,0,0,0,0,0,0
ubt,bintrie,5,4,storage_mixed_k10,6,,3739,0,0,0.0414,4.3271,0.0035,0.2333,4.8821,0,4,0,0,0,0,0,0,0,0,0,0,4,0,0,0,0,0,0,0,0,0
ubt,bintrie,5,4,storage_mixed_k10,6,,3740,0,0,0.436,49.0699,0.007,0.5743,51.0681,0,4,0,0,0,0,0,0,0,0,0,0,4,0,0,0,0,0,0,0,0,0
ubt,bintrie,5,4,storage_mixed_k10,6,,3741,0,0,0.058,16.1868,0.0047,0.2298,16.785,0,4,0,0,0,0,0,0,0,0,0,0,4,0,0,0,0,0,0,0,0,0
ubt,bintrie,5,4,storage_mixed_k10,6,,3742,0,0,0.2864,75.263,0.005,0.6192,77.0193,0,4,0,0,0,0,0,0,0,0,0,0,4,0,0,0,0,0,0,0,0,0
ubt,bintrie,5,4,storage_mixed_k10,6,,3743,0,0,0.0458,4.3049,0.0044,0.161,4.7753,0,4,0,0,0,0,0,0,0,0,0,0,4,0,0,0,0,0,0,0,0,0
ubt,bintrie,5,4,storage_mixed_k10,6,,3744,0,0,0.1645,74.7739,0.007,0.4987,76.0082,0,4,0,0,0,0,0,0,0,0,0,0,4,0,0,0,0,0,0,0,0,0
ubt,bintrie,5,4,storage_mixed_k10,6,,3745,0,0,0.058,4.8068,0.0041,0.1998,5.361,0,4,0,0,0,0,0,0,0,0,0,0,4,0,0,0,0,0,0,0,0,0
ubt,bintrie,5,4,storage_mixed_k10,6,,3746,0,0,0.04,31.2665,0.0032,0.1928,31.7681,0,4,0,0,0,0,0,0,0,0,0,0,4,0,0,0,0,0,0,0,0,0
ubt,bintrie,5,4,storage_mixed_k10,6,,3747,0,0,0.0464,6.8307,0.0026,0.1432,11.7343,0,4,0,0,0,0,0,0,0,0,0,0,4,0,0,0,0,0,0,0,0,0
ubt,bintrie,5,4,storage_mixed_k10,6,,3748,0,0,0.0414,2.1043,0.0032,0.1546,2.5348,0,4,0,0,0,0,0,0,0,0,0,0,4,0,0,0,0,0,0,0,0,0
ubt,bintrie,5,4,storage_mixed_k10,6,,3749,91762,2,0.471,55.326,28.1305,7.0561,91.3617,1.0044,11,0,0,0,3,0,0,0,1,306,5,6,45.45,0,0,0,0,0,0,0,0
ubt,bintrie,5,4,storage_mixed_k10,6,,3750,99904859,1,1315.3035,159.5342,7.2509,21.2369,1503.7861,66.4356,17,12520,11,586,4,0,1536,0,0,0,11,6,64.71,5684,6836,45.4,11,0,100,586,0
ubt,bintrie,5,4,storage_mixed_k10,6,,3751,21000,1,0.0668,14.8393,2.279,0.8668,18.28,1.1488,6,0,0,0,2,0,0,0,0,0,2,4,33.33,0,0,0,0,0,0,0,0
ubt,bintrie,5,4,storage_mixed_k10,6,,3752,0,0,0.0563,4.663,0.0047,0.1881,5.2362,0,4,0,0,0,0,0,0,0,0,0,0,4,0,0,0,0,0,0,0,0,0
ubt,bintrie,5,4,storage_mixed_k10,7,,3754,0,0,0.259,14.7941,0.0064,0.658,16.3075,0,4,0,0,0,0,0,0,0,0,0,0,4,0,0,0,0,0,0,0,0,0
ubt,bintrie,5,4,storage_mixed_k10,7,,3755,0,0,0.0875,2.4724,0.0061,0.4454,3.5177,0,4,0,0,0,0,0,0,0,0,0,0,4,0,0,0,0,0,0,0,0,0
ubt,bintrie,5,4,storage_mixed_k10,7,,3756,0,0,0.1674,70.3494,0.0064,0.6705,71.787,0,4,0,0,0,0,0,0,0,0,0,0,4,0,0,0,0,0,0,0,0,0
ubt,bintrie,5,4,storage_mixed_k10,7,,3757,0,0,0.0478,15.6306,0.0038,0.259,17.0495,0,4,0,0,0,0,0,0,0,0,0,0,4,0,0,0,0,0,0,0,0,0
ubt,bintrie,5,4,storage_mixed_k10,7,,3758,0,0,0.0458,16.9539,0.0035,0.8942,18.1605,0,4,0,0,0,0,0,0,0,0,0,0,4,0,0,0,0,0,0,0,0,0
ubt,bintrie,5,4,storage_mixed_k10,7,,3759,0,0,0.2342,81.9685,0.005,0.4626,83.2979,0,4,0,0,0,0,0,0,0,0,0,0,4,0,0,0,0,0,0,0,0,0
ubt,bintrie,5,4,storage_mixed_k10,7,,3760,0,0,0.037,4.2139,0.0038,0.2257,4.7144,0,4,0,0,0,0,0,0,0,0,0,0,4,0,0,0,0,0,0,0,0,0
ubt,bintrie,5,4,storage_mixed_k10,7,,3761,0,0,0.0262,1.89,0.0009,0.1225,2.1898,0,4,0,0,0,0,0,0,0,0,0,0,4,0,0,0,0,0,0,0,0,0
ubt,bintrie,5,4,storage_mixed_k10,7,,3762,0,0,0.0563,15.112,0.0052,0.229,15.7131,0,4,0,0,0,0,0,0,0,0,0,0,4,0,0,0,0,0,0,0,0,0
ubt,bintrie,5,4,storage_mixed_k10,7,,3763,0,0,0.068,12.6434,0.0023,0.168,13.1328,0,4,0,0,0,0,0,0,0,0,0,0,4,0,0,0,0,0,0,0,0,0
ubt,bintrie,5,4,storage_mixed_k10,7,,3764,0,0,0.0589,4.7435,0.0041,0.243,5.3782,0,4,0,0,0,0,0,0,0,0,0,0,4,0,0,0,0,0,0,0,0,0
ubt,bintrie,5,4,storage_mixed_k10,7,,3765,0,0,0.0933,57.5765,0.0032,0.2123,58.277,0,4,0,0,0,0,0,0,0,0,0,0,4,0,0,0,0,0,0,0,0,0
ubt,bintrie,5,4,storage_mixed_k10,7,,3766,0,0,0.0977,5.3161,0.0076,0.343,6.3442,0,4,0,0,0,0,0,0,0,0,0,0,4,0,0,0,0,0,0,0,0,0
ubt,bintrie,5,4,storage_mixed_k10,7,,3767,0,0,0.1032,94.1511,0.0035,0.1531,95.1953,0,4,0,0,0,0,0,0,0,0,0,0,4,0,0,0,0,0,0,0,0,0
ubt,bintrie,5,4,storage_mixed_k10,7,,3768,0,0,0.0502,4.577,0.0026,0.2272,5.0967,0,4,0,0,0,0,0,0,0,0,0,0,4,0,0,0,0,0,0,0,0,0
ubt,bintrie,5,4,storage_mixed_k10,7,,3769,0,0,0.1417,48.9495,0.0026,0.1502,49.755,0,4,0,0,0,0,0,0,0,0,0,0,4,0,0,0,0,0,0,0,0,0
ubt,bintrie,5,4,storage_mixed_k10,7,,3770,0,0,0.051,12.6942,0.0035,1.855,15.5959,0,4,0,0,0,0,0,0,0,0,0,0,4,0,0,0,0,0,0,0,0,0
ubt,bintrie,5,4,storage_mixed_k10,7,,3771,0,0,0.0665,4.9547,0.0067,0.3503,5.7921,0,4,0,0,0,0,0,0,0,0,0,0,4,0,0,0,0,0,0,0,0,0
ubt,bintrie,5,4,storage_mixed_k10,7,,3772,91762,2,0.1528,3.1257,14.6037,7.0797,25.1165,3.6535,11,0,0,0,3,0,0,0,1,306,4,7,36.36,0,0,0,0,0,0,0,0
ubt,bintrie,5,4,storage_mixed_k10,7,,3773,99904859,1,1252.3106,182.7205,16.5458,20.9464,1473.0824,67.8203,17,12520,11,586,4,0,1536,0,0,0,3,14,17.65,1845,10675,14.74,11,0,100,586,0
ubt,bintrie,5,4,storage_mixed_k10,7,,3774,21000,1,0.0618,3.056,1.4414,0.6087,5.3619,3.9165,6,0,0,0,2,0,0,0,0,0,2,4,33.33,0,0,0,0,0,0,0,0
ubt,bintrie,5,4,storage_mixed_k10,7,,3775,0,0,0.1234,66.3744,0.0041,0.236,67.1531,0,4,0,0,0,0,0,0,0,0,0,0,4,0,0,0,0,0,0,0,0,0
ubt,bintrie,5,4,storage_mixed_k10,8,,3777,0,0,0.2581,3.0683,0.0053,0.6131,4.64,0,4,0,0,0,0,0,0,0,0,0,0,4,0,0,0,0,0,0,0,0,0
ubt,bintrie,5,4,storage_mixed_k10,8,,3778,0,0,0.0458,0.8012,0.0047,0.1625,1.3005,0,4,0,0,0,0,0,0,0,0,0,0,4,0,0,0,0,0,0,0,0,0
ubt,bintrie,5,4,storage_mixed_k10,8,,3779,0,0,0.3153,57.514,0.0026,0.3165,58.8128,0,4,0,0,0,0,0,0,0,0,0,0,4,0,0,0,0,0,0,0,0,0
ubt,bintrie,5,4,storage_mixed_k10,8,,3780,0,0,0.0429,18.6764,0.0044,0.4894,20.3949,0,4,0,0,0,0,0,0,0,0,0,0,4,0,0,0,0,0,0,0,0,0
ubt,bintrie,5,4,storage_mixed_k10,8,,3781,0,0,4.1631,5.8976,0.0032,0.2144,10.5587,0,4,0,0,0,0,0,0,0,0,0,0,4,0,0,0,0,0,0,0,0,0
ubt,bintrie,5,4,storage_mixed_k10,8,,3782,0,0,0.2887,71.2728,0.0032,0.1312,72.167,0,4,0,0,0,0,0,0,0,0,0,0,4,0,0,0,0,0,0,0,0,0
ubt,bintrie,5,4,storage_mixed_k10,8,,3783,0,0,0.0365,4.3516,0.0029,0.2196,4.817,0,4,0,0,0,0,0,0,0,0,0,0,4,0,0,0,0,0,0,0,0,0
ubt,bintrie,5,4,storage_mixed_k10,8,,3784,0,0,0.058,23.177,0.0023,0.1222,23.6221,0,4,0,0,0,0,0,0,0,0,0,0,4,0,0,0,0,0,0,0,0,0
ubt,bintrie,5,4,storage_mixed_k10,8,,3785,0,0,0.0315,4.1608,0.0015,0.1779,4.6138,0,4,0,0,0,0,0,0,0,0,0,0,4,0,0,0,0,0,0,0,0,0
ubt,bintrie,5,4,storage_mixed_k10,8,,3786,0,0,0.1009,52.0941,0.0029,0.2024,52.718,0,4,0,0,0,0,0,0,0,0,0,0,4,0,0,0,0,0,0,0,0,0
ubt,bintrie,5,4,storage_mixed_k10,8,,3787,0,0,0.1359,9.0726,0.0131,0.4004,10.1209,0,4,0,0,0,0,0,0,0,0,0,0,4,0,0,0,0,0,0,0,0,0
ubt,bintrie,5,4,storage_mixed_k10,8,,3788,0,0,0.159,30.892,0.0058,0.6347,32.1668,0,4,0,0,0,0,0,0,0,0,0,0,4,0,0,0,0,0,0,0,0,0
ubt,bintrie,5,4,storage_mixed_k10,8,,3789,0,0,0.0997,5.5325,0.0061,0.4538,6.5192,0,4,0,0,0,0,0,0,0,0,0,0,4,0,0,0,0,0,0,0,0,0
ubt,bintrie,5,4,storage_mixed_k10,8,,3790,0,0,0.0659,17.4963,0.0207,0.229,18.0715,0,4,0,0,0,0,0,0,0,0,0,0,4,0,0,0,0,0,0,0,0,0
ubt,bintrie,5,4,storage_mixed_k10,8,,3791,0,0,0.0467,4.3606,0.0041,0.1601,4.8103,0,4,0,0,0,0,0,0,0,0,0,0,4,0,0,0,0,0,0,0,0,0
ubt,bintrie,5,4,storage_mixed_k10,8,,3792,0,0,0.0496,7.8238,0.0038,0.2642,8.3703,0,4,0,0,0,0,0,0,0,0,0,0,4,0,0,0,0,0,0,0,0,0
ubt,bintrie,5,4,storage_mixed_k10,8,,3793,0,0,0.0598,8.4689,0.0079,0.8376,11.3896,0,4,0,0,0,0,0,0,0,0,0,0,4,0,0,0,0,0,0,0,0,0
ubt,bintrie,5,4,storage_mixed_k10,8,,3794,0,0,0.0677,3.6542,0.0035,0.3354,4.3055,0,4,0,0,0,0,0,0,0,0,0,0,4,0,0,0,0,0,0,0,0,0
ubt,bintrie,5,4,storage_mixed_k10,8,,3795,91762,2,0.135,2.1871,2.4998,6.4279,11.4421,8.0197,11,0,0,0,3,0,0,0,1,306,5,6,45.45,0,0,0,0,0,0,0,0
ubt,bintrie,5,4,storage_mixed_k10,8,,3796,99904859,1,1308.9827,212.678,6.6023,7.7514,1536.3576,65.0271,17,12520,11,586,4,0,1536,0,0,0,8,9,47.06,3473,9047,27.74,11,0,100,586,0
ubt,bintrie,5,4,storage_mixed_k10,8,,3797,21000,1,0.0726,12.0578,13.0835,1.1608,26.55,0.791,6,0,0,0,2,0,0,0,0,0,2,4,33.33,0,0,0,0,0,0,0,0
ubt,bintrie,5,4,storage_mixed_k10,8,,3798,0,0,0.2182,6.2972,0.0111,0.5399,7.8497,0,4,0,0,0,0,0,0,0,0,0,0,4,0,0,0,0,0,0,0,0,0
ubt,bintrie,5,4,storage_mixed_k10,8,,3799,0,0,0.0962,60.4126,0.0023,0.1584,61.0102,0,4,0,0,0,0,0,0,0,0,0,0,4,0,0,0,0,0,0,0,0,0
ubt,bintrie,5,4,storage_mixed_k10,9,,3800,0,0,0.2435,17.7822,0.0058,0.5498,19.1439,0,4,0,0,0,0,0,0,0,0,0,0,4,0,0,0,0,0,0,0,0,0
ubt,bintrie,5,4,storage_mixed_k10,9,,3801,0,0,0.1228,2.7191,0.0064,0.3576,3.721,0,4,0,0,0,0,0,0,0,0,0,0,4,0,0,0,0,0,0,0,0,0
ubt,bintrie,5,4,storage_mixed_k10,9,,3802,0,0,0.3016,49.8711,0.007,0.5486,51.8369,0,4,0,0,0,0,0,0,0,0,0,0,4,0,0,0,0,0,0,0,0,0
ubt,bintrie,5,4,storage_mixed_k10,9,,3803,0,0,0.0321,2.139,0.0023,0.119,2.4531,0,4,0,0,0,0,0,0,0,0,0,0,4,0,0,0,0,0,0,0,0,0
ubt,bintrie,5,4,storage_mixed_k10,9,,3804,0,0,0.1473,68.4901,0.0029,0.142,73.217,0,4,0,0,0,0,0,0,0,0,0,0,4,0,0,0,0,0,0,0,0,0
ubt,bintrie,5,4,storage_mixed_k10,9,,3805,0,0,0.0362,5.2901,0.0032,0.1916,5.6806,0,4,0,0,0,0,0,0,0,0,0,0,4,0,0,0,0,0,0,0,0,0
ubt,bintrie,5,4,storage_mixed_k10,9,,3806,0,0,0.0277,1.848,0.0023,0.1709,2.2414,0,4,0,0,0,0,0,0,0,0,0,0,4,0,0,0,0,0,0,0,0,0
ubt,bintrie,5,4,storage_mixed_k10,9,,3807,0,0,0.0986,15.2821,0.0067,0.4247,16.1433,0,4,0,0,0,0,0,0,0,0,0,0,4,0,0,0,0,0,0,0,0,0
ubt,bintrie,5,4,storage_mixed_k10,9,,3808,0,0,0.0417,4.0835,0.0029,0.152,4.5245,0,4,0,0,0,0,0,0,0,0,0,0,4,0,0,0,0,0,0,0,0,0
ubt,bintrie,5,4,storage_mixed_k10,9,,3809,0,0,0.1385,70.0805,0.0032,0.2074,70.8438,0,4,0,0,0,0,0,0,0,0,0,0,4,0,0,0,0,0,0,0,0,0
ubt,bintrie,5,4,storage_mixed_k10,9,,3810,0,0,0.0321,4.1494,0.0029,0.1464,4.6003,0,4,0,0,0,0,0,0,0,0,0,0,4,0,0,0,0,0,0,0,0,0
ubt,bintrie,5,4,storage_mixed_k10,9,,3811,0,0,0.1003,87.209,0.0029,0.1951,88.7464,0,4,0,0,0,0,0,0,0,0,0,0,4,0,0,0,0,0,0,0,0,0
ubt,bintrie,5,4,storage_mixed_k10,9,,3812,0,0,0.0303,4.0649,0.0029,0.14,4.4659,0,4,0,0,0,0,0,0,0,0,0,0,4,0,0,0,0,0,0,0,0,0
ubt,bintrie,5,4,storage_mixed_k10,9,,3813,0,0,0.1858,76.8006,0.0029,0.1557,81.0757,0,4,0,0,0,0,0,0,0,0,0,0,4,0,0,0,0,0,0,0,0,0
ubt,bintrie,5,4,storage_mixed_k10,9,,3814,0,0,0.051,4.3909,0.0047,0.208,4.9098,0,4,0,0,0,0,0,0,0,0,0,0,4,0,0,0,0,0,0,0,0,0
ubt,bintrie,5,4,storage_mixed_k10,9,,3815,0,0,0.0429,8.5847,0.0032,0.1359,11.3878,0,4,0,0,0,0,0,0,0,0,0,0,4,0,0,0,0,0,0,0,0,0
ubt,bintrie,5,4,storage_mixed_k10,9,,3816,0,0,0.04,10.7943,0.002,0.2263,11.249,0,4,0,0,0,0,0,0,0,0,0,0,4,0,0,0,0,0,0,0,0,0
ubt,bintrie,5,4,storage_mixed_k10,9,,3817,0,0,0.2088,4.6251,0.0076,0.5299,6.0729,0,4,0,0,0,0,0,0,0,0,0,0,4,0,0,0,0,0,0,0,0,0
ubt,bintrie,5,4,storage_mixed_k10,9,,3818,91762,2,1.2282,32.6413,69.1052,7.2495,111.0621,0.8262,11,0,0,0,3,0,0,0,1,306,6,5,54.55,0,0,0,0,0,0,0,0
ubt,bintrie,5,4,storage_mixed_k10,9,,3819,99904859,1,1306.1733,219.4296,6.3818,12.3661,1544.7252,64.6748,17,12520,11,586,4,0,1536,0,0,0,1,16,5.88,2227,10293,17.79,11,0,100,586,0
ubt,bintrie,5,4,storage_mixed_k10,9,,3820,21000,1,0.0706,14.0673,11.3934,0.9409,26.6932,0.7867,6,0,0,0,2,0,0,0,0,0,2,4,33.33,0,0,0,0,0,0,0,0
ubt,bintrie,5,4,storage_mixed_k10,9,,3821,0,0,0.0344,4.2343,0.0029,0.1928,4.7123,0,4,0,0,0,0,0,0,0,0,0,0,4,0,0,0,0,0,0,0,0,0
ubt,bintrie,5,4,storage_mixed_k100,10,,4047,0,0,0.5474,29.2193,0.0073,0.8304,32.0423,0,4,0,0,0,0,0,0,0,0,0,0,4,0,0,0,0,0,0,0,0,0
ubt,bintrie,5,4,storage_mixed_k100,10,,4048,0,0,0.0414,0.9494,0.0032,0.1808,1.4096,0,4,0,0,0,0,0,0,0,0,0,0,4,0,0,0,0,0,0,0,0,0
ubt,bintrie,5,4,storage_mixed_k100,10,,4049,0,0,0.0537,38.4626,0.0029,0.1464,38.9059,0,4,0,0,0,0,0,0,0,0,0,0,4,0,0,0,0,0,0,0,0,0
ubt,bintrie,5,4,storage_mixed_k100,10,,4050,0,0,0.0414,11.1545,0.0023,0.1307,11.5305,0,4,0,0,0,0,0,0,0,0,0,0,4,0,0,0,0,0,0,0,0,0
ubt,bintrie,5,4,storage_mixed_k100,10,,4051,0,0,0.0446,2.5231,0.0026,0.1487,2.8915,0,4,0,0,0,0,0,0,0,0,0,0,4,0,0,0,0,0,0,0,0,0
ubt,bintrie,5,4,storage_mixed_k100,10,,4052,0,0,0.0881,6.6008,0.0187,1.0144,8.6075,0,4,0,0,0,0,0,0,0,0,0,0,4,0,0,0,0,0,0,0,0,0
ubt,bintrie,5,4,storage_mixed_k100,10,,4053,0,0,0.0408,4.2722,0.0047,0.1724,4.7307,0,4,0,0,0,0,0,0,0,0,0,0,4,0,0,0,0,0,0,0,0,0
ubt,bintrie,5,4,storage_mixed_k100,10,,4054,0,0,0.0872,3.3217,0.0047,0.2572,4.0476,0,4,0,0,0,0,0,0,0,0,0,0,4,0,0,0,0,0,0,0,0,0
ubt,bintrie,5,4,storage_mixed_k100,10,,4055,0,0,0.1254,72.2315,0.0052,0.4599,73.2252,0,4,0,0,0,0,0,0,0,0,0,0,4,0,0,0,0,0,0,0,0,0
ubt,bintrie,5,4,storage_mixed_k100,10,,4056,0,0,0.0417,4.248,0.0035,0.1977,4.705,0,4,0,0,0,0,0,0,0,0,0,0,4,0,0,0,0,0,0,0,0,0
ubt,bintrie,5,4,storage_mixed_k100,10,,4057,0,0,0.0706,24.642,0.0035,0.1467,25.1556,0,4,0,0,0,0,0,0,0,0,0,0,4,0,0,0,0,0,0,0,0,0
ubt,bintrie,5,4,storage_mixed_k100,10,,4058,0,0,0.0589,11.8714,0.005,0.233,12.4874,0,4,0,0,0,0,0,0,0,0,0,0,4,0,0,0,0,0,0,0,0,0
ubt,bintrie,5,4,storage_mixed_k100,10,,4059,0,0,0.1406,15.4935,0.0029,0.2237,16.3288,0,4,0,0,0,0,0,0,0,0,0,0,4,0,0,0,0,0,0,0,0,0
ubt,bintrie,5,4,storage_mixed_k100,10,,4060,0,0,0.0446,4.288,0.0041,0.1919,4.8022,0,4,0,0,0,0,0,0,0,0,0,0,4,0,0,0,0,0,0,0,0,0
ubt,bintrie,5,4,storage_mixed_k100,10,,4061,0,0,0.1199,18.4098,0.0038,0.1759,19.3965,0,4,0,0,0,0,0,0,0,0,0,0,4,0,0,0,0,0,0,0,0,0
ubt,bintrie,5,4,storage_mixed_k100,10,,4062,0,0,0.0627,55.6632,0.0026,0.1353,56.063,0,4,0,0,0,0,0,0,0,0,0,0,4,0,0,0,0,0,0,0,0,0
ubt,bintrie,5,4,storage_mixed_k100,10,,4063,0,0,0.2418,2.0746,0.002,0.1394,2.7454,0,4,0,0,0,0,0,0,0,0,0,0,4,0,0,0,0,0,0,0,0,0
ubt,bintrie,5,4,storage_mixed_k100,10,,4064,91762,2,0.4182,38.1269,4.1001,15.6169,59.152,1.5513,11,0,0,0,3,0,0,0,1,306,5,6,45.45,0,0,0,0,0,0,0,0
ubt,bintrie,5,4,storage_mixed_k100,10,,4065,99904119,1,1342.3391,118.5183,32.0656,42.5508,1536.2829,65.0298,107,13385,101,3106,15,0,1427,0,0,0,4,103,3.74,4759,8626,35.55,101,0,100,3106,0
ubt,bintrie,5,4,storage_mixed_k100,10,,4066,21000,1,0.2135,77.1255,6.744,0.7061,87.5413,0.2399,6,0,0,0,2,0,0,0,0,0,2,4,33.33,0,0,0,0,0,0,0,0
ubt,bintrie,5,4,storage_mixed_k100,10,,4067,0,0,0.0292,1.904,0.0017,0.1242,2.2574,0,4,0,0,0,0,0,0,0,0,0,0,4,0,0,0,0,0,0,0,0,0
ubt,bintrie,5,4,storage_mixed_k100,10,,4068,0,0,0.093,13.127,0.009,0.758,14.9222,0,4,0,0,0,0,0,0,0,0,0,0,4,0,0,0,0,0,0,0,0,0
ubt,bintrie,5,4,storage_mixed_k100,1,,3845,0,0,0.1969,55.9931,0.0105,1.136,58.0093,0,4,0,0,0,0,0,0,0,0,0,0,4,0,0,0,0,0,0,0,0,0
ubt,bintrie,5,4,storage_mixed_k100,1,,3846,0,0,0.0402,0.917,0.0047,0.184,1.3804,0,4,0,0,0,0,0,0,0,0,0,0,4,0,0,0,0,0,0,0,0,0
ubt,bintrie,5,4,storage_mixed_k100,1,,3847,0,0,0.4054,30.0109,0.0073,0.7347,32.4605,0,4,0,0,0,0,0,0,0,0,0,0,4,0,0,0,0,0,0,0,0,0
ubt,bintrie,5,4,storage_mixed_k100,1,,3848,0,0,4.0261,6.0038,0.0032,0.1657,10.4152,0,4,0,0,0,0,0,0,0,0,0,0,4,0,0,0,0,0,0,0,0,0
ubt,bintrie,5,4,storage_mixed_k100,1,,3849,0,0,0.0385,0.8896,0.0023,0.6959,2.062,0,4,0,0,0,0,0,0,0,0,0,0,4,0,0,0,0,0,0,0,0,0
ubt,bintrie,5,4,storage_mixed_k100,1,,3850,0,0,0.0403,4.2159,0.0023,0.2362,4.7745,0,4,0,0,0,0,0,0,0,0,0,0,4,0,0,0,0,0,0,0,0,0
ubt,bintrie,5,4,storage_mixed_k100,1,,3851,0,0,0.0257,1.7666,0.0018,0.1514,2.1172,0,4,0,0,0,0,0,0,0,0,0,0,4,0,0,0,0,0,0,0,0,0
ubt,bintrie,5,4,storage_mixed_k100,1,,3852,0,0,0.0321,4.0783,0.0035,0.1479,4.4948,0,4,0,0,0,0,0,0,0,0,0,0,4,0,0,0,0,0,0,0,0,0
ubt,bintrie,5,4,storage_mixed_k100,1,,3853,0,0,0.0265,1.7523,0.0015,0.1257,2.0673,0,4,0,0,0,0,0,0,0,0,0,0,4,0,0,0,0,0,0,0,0,0
ubt,bintrie,5,4,storage_mixed_k100,1,,3854,0,0,0.0435,4.2751,0.0038,0.1715,4.694,0,4,0,0,0,0,0,0,0,0,0,0,4,0,0,0,0,0,0,0,0,0
ubt,bintrie,5,4,storage_mixed_k100,1,,3855,0,0,0.0487,7.6992,0.0026,0.1312,8.0848,0,4,0,0,0,0,0,0,0,0,0,0,4,0,0,0,0,0,0,0,0,0
ubt,bintrie,5,4,storage_mixed_k100,1,,3856,0,0,0.0367,4.3606,0.0026,0.2097,4.8299,0,4,0,0,0,0,0,0,0,0,0,0,4,0,0,0,0,0,0,0,0,0
ubt,bintrie,5,4,storage_mixed_k100,1,,3857,0,0,0.1318,5.8597,0.0085,0.5804,7.0987,0,4,0,0,0,0,0,0,0,0,0,0,4,0,0,0,0,0,0,0,0,0
ubt,bintrie,5,4,storage_mixed_k100,1,,3858,0,0,0.061,10.2043,0.0026,0.156,10.6709,0,4,0,0,0,0,0,0,0,0,0,0,4,0,0,0,0,0,0,0,0,0
ubt,bintrie,5,4,storage_mixed_k100,1,,3859,0,0,0.0922,9.8146,0.0073,0.2952,10.6065,0,4,0,0,0,0,0,0,0,0,0,0,4,0,0,0,0,0,0,0,0,0
ubt,bintrie,5,4,storage_mixed_k100,1,,3860,0,0,0.0373,2.2965,0.0026,0.1508,2.6363,0,4,0,0,0,0,0,0,0,0,0,0,4,0,0,0,0,0,0,0,0,0
ubt,bintrie,5,4,storage_mixed_k100,1,,3861,0,0,0.04,9.6288,0.002,0.2007,10.0188,0,4,0,0,0,0,0,0,0,0,0,0,4,0,0,0,0,0,0,0,0,0
ubt,bintrie,5,4,storage_mixed_k100,1,,3862,91762,2,0.3622,7.8588,15.6863,12.1117,36.3326,2.5256,11,0,0,0,3,0,0,0,1,306,6,5,54.55,0,0,0,0,0,0,0,0
ubt,bintrie,5,4,storage_mixed_k100,1,,3863,99904119,1,1267.2111,183.988,42.1051,20.3374,1514.6152,65.9601,107,13385,101,3106,15,0,1427,0,0,0,20,87,18.69,4007,9378,29.94,101,0,100,3106,0
ubt,bintrie,5,4,storage_mixed_k100,1,,3864,21000,1,0.5372,33.1124,38.3141,0.7353,73.002,0.2877,6,0,0,0,2,0,0,0,0,0,2,4,33.33,0,0,0,0,0,0,0,0
ubt,bintrie,5,4,storage_mixed_k100,1,,3865,0,0,0.3211,8.4103,0.0166,1.2941,11.1566,0,4,0,0,0,0,0,0,0,0,0,0,4,0,0,0,0,0,0,0,0,0
ubt,bintrie,5,4,storage_mixed_k100,1,,3866,0,0,0.0449,2.7177,0.0026,0.1502,3.1628,0,4,0,0,0,0,0,0,0,0,0,0,4,0,0,0,0,0,0,0,0,0
ubt,bintrie,5,4,storage_mixed_k100,2,,3867,0,0,0.1595,13.652,0.0023,0.2882,14.5687,0,4,0,0,0,0,0,0,0,0,0,0,4,0,0,0,0,0,0,0,0,0
ubt,bintrie,5,4,storage_mixed_k100,2,,3868,0,0,0.0907,1.9366,0.0088,0.5049,2.9496,0,4,0,0,0,0,0,0,0,0,0,0,4,0,0,0,0,0,0,0,0,0
ubt,bintrie,5,4,storage_mixed_k100,2,,3869,0,0,0.0653,28.8145,0.0035,0.2115,29.3255,0,4,0,0,0,0,0,0,0,0,0,0,4,0,0,0,0,0,0,0,0,0
ubt,bintrie,5,4,storage_mixed_k100,2,,3870,0,0,0.1493,45.5901,0.0029,0.1715,50.9701,0,4,0,0,0,0,0,0,0,0,0,0,4,0,0,0,0,0,0,0,0,0
ubt,bintrie,5,4,storage_mixed_k100,2,,3871,0,0,0.0822,11.335,0.0067,0.567,12.3812,0,4,0,0,0,0,0,0,0,0,0,0,4,0,0,0,0,0,0,0,0,0
ubt,bintrie,5,4,storage_mixed_k100,2,,3872,0,0,0.0449,8.9032,0.0029,0.2071,9.4988,0,4,0,0,0,0,0,0,0,0,0,0,4,0,0,0,0,0,0,0,0,0
ubt,bintrie,5,4,storage_mixed_k100,2,,3873,0,0,0.0647,4.6983,0.0032,0.1928,5.3849,0,4,0,0,0,0,0,0,0,0,0,0,4,0,0,0,0,0,0,0,0,0
ubt,bintrie,5,4,storage_mixed_k100,2,,3874,0,0,0.0575,27.3028,0.0029,0.1452,27.7275,0,4,0,0,0,0,0,0,0,0,0,0,4,0,0,0,0,0,0,0,0,0
ubt,bintrie,5,4,storage_mixed_k100,2,,3875,0,0,0.0277,4.1599,0.0026,0.1753,4.6499,0,4,0,0,0,0,0,0,0,0,0,0,4,0,0,0,0,0,0,0,0,0
ubt,bintrie,5,4,storage_mixed_k100,2,,3876,0,0,0.1406,69.9682,0.0026,0.1394,70.6387,0,4,0,0,0,0,0,0,0,0,0,0,4,0,0,0,0,0,0,0,0,0
ubt,bintrie,5,4,storage_mixed_k100,2,,3877,0,0,0.0347,4.0654,0.0044,0.1549,4.4977,0,4,0,0,0,0,0,0,0,0,0,0,4,0,0,0,0,0,0,0,0,0
ubt,bintrie,5,4,storage_mixed_k100,2,,3878,0,0,0.061,2.5646,0.0038,0.1829,3.1129,0,4,0,0,0,0,0,0,0,0,0,0,4,0,0,0,0,0,0,0,0,0
ubt,bintrie,5,4,storage_mixed_k100,2,,3879,0,0,0.0639,5.1609,0.0035,0.2167,5.7215,0,4,0,0,0,0,0,0,0,0,0,0,4,0,0,0,0,0,0,0,0,0
ubt,bintrie,5,4,storage_mixed_k100,2,,3880,0,0,0.1592,41.5527,0.0055,0.6233,42.8768,0,4,0,0,0,0,0,0,0,0,0,0,4,0,0,0,0,0,0,0,0,0
ubt,bintrie,5,4,storage_mixed_k100,2,,3881,0,0,0.0604,5.2808,0.0055,0.3001,5.9166,0,4,0,0,0,0,0,0,0,0,0,0,4,0,0,0,0,0,0,0,0,0
ubt,bintrie,5,4,storage_mixed_k100,2,,3882,0,0,0.2077,12.5589,0.0085,0.4629,13.7304,0,4,0,0,0,0,0,0,0,0,0,0,4,0,0,0,0,0,0,0,0,0
ubt,bintrie,5,4,storage_mixed_k100,2,,3883,0,0,0.0435,2.2857,0.0038,0.1485,2.657,0,4,0,0,0,0,0,0,0,0,0,0,4,0,0,0,0,0,0,0,0,0
ubt,bintrie,5,4,storage_mixed_k100,2,,3884,0,0,0.0455,10.6978,0.0038,0.1735,11.1691,0,4,0,0,0,0,0,0,0,0,0,0,4,0,0,0,0,0,0,0,0,0
ubt,bintrie,5,4,storage_mixed_k100,2,,3885,91762,2,0.5789,94.0855,1.6479,7.1247,103.85,0.8836,11,0,0,0,3,0,0,0,1,306,5,6,45.45,0,0,0,0,0,0,0,0
ubt,bintrie,5,4,storage_mixed_k100,2,,3886,99904119,1,1332.4186,105.1988,20.9872,17.5749,1477.3835,67.6223,107,13385,101,3106,15,0,1427,0,0,0,14,93,13.08,7018,6367,52.43,101,0,100,3106,0
ubt,bintrie,5,4,storage_mixed_k100,2,,3887,21000,1,0.2217,91.6714,3.1747,0.7114,96.2269,0.2182,6,0,0,0,2,0,0,0,0,0,2,4,33.33,0,0,0,0,0,0,0,0
ubt,bintrie,5,4,storage_mixed_k100,2,,3888,0,0,0.1735,25.673,0.0105,0.6282,27.0339,0,4,0,0,0,0,0,0,0,0,0,0,4,0,0,0,0,0,0,0,0,0
ubt,bintrie,5,4,storage_mixed_k100,2,,3889,0,0,0.1283,5.9227,0.0114,0.4871,7.0477,0,4,0,0,0,0,0,0,0,0,0,0,4,0,0,0,0,0,0,0,0,0
ubt,bintrie,5,4,storage_mixed_k100,3,,3890,0,0,0.0423,0.6393,0.002,0.1391,1.0468,0,4,0,0,0,0,0,0,0,0,0,0,4,0,0,0,0,0,0,0,0,0
ubt,bintrie,5,4,storage_mixed_k100,3,,3891,0,0,0.0621,47.1257,0.0035,0.1458,47.6391,0,4,0,0,0,0,0,0,0,0,0,0,4,0,0,0,0,0,0,0,0,0
ubt,bintrie,5,4,storage_mixed_k100,3,,3892,0,0,0.0519,1.1865,0.0055,0.3255,1.9133,0,4,0,0,0,0,0,0,0,0,0,0,4,0,0,0,0,0,0,0,0,0
ubt,bintrie,5,4,storage_mixed_k100,3,,3893,0,0,0.1345,72.8405,0.0026,0.1671,73.8741,0,4,0,0,0,0,0,0,0,0,0,0,4,0,0,0,0,0,0,0,0,0
ubt,bintrie,5,4,storage_mixed_k100,3,,3894,0,0,0.0408,8.296,0.0029,0.175,8.6757,0,4,0,0,0,0,0,0,0,0,0,0,4,0,0,0,0,0,0,0,0,0
ubt,bintrie,5,4,storage_mixed_k100,3,,3895,0,0,0.0884,3.7682,0.0114,0.3319,4.5992,0,4,0,0,0,0,0,0,0,0,0,0,4,0,0,0,0,0,0,0,0,0
ubt,bintrie,5,4,storage_mixed_k100,3,,3896,0,0,0.1234,33.8176,0.0026,0.1575,34.2986,0,4,0,0,0,0,0,0,0,0,0,0,4,0,0,0,0,0,0,0,0,0
ubt,bintrie,5,4,storage_mixed_k100,3,,3897,0,0,0.1193,5.8171,0.0073,0.3829,6.8549,0,4,0,0,0,0,0,0,0,0,0,0,4,0,0,0,0,0,0,0,0,0
ubt,bintrie,5,4,storage_mixed_k100,3,,3898,0,0,0.0962,74.353,0.0023,0.2222,75.0477,0,4,0,0,0,0,0,0,0,0,0,0,4,0,0,0,0,0,0,0,0,0
ubt,bintrie,5,4,storage_mixed_k100,3,,3899,0,0,0.0997,9.635,0.005,0.2357,10.2352,0,4,0,0,0,0,0,0,0,0,0,0,4,0,0,0,0,0,0,0,0,0
ubt,bintrie,5,4,storage_mixed_k100,3,,3900,0,0,0.1254,85.1135,0.0032,0.2237,87.086,0,4,0,0,0,0,0,0,0,0,0,0,4,0,0,0,0,0,0,0,0,0
ubt,bintrie,5,4,storage_mixed_k100,3,,3901,0,0,0.0318,4.1427,0.0023,0.1765,4.6027,0,4,0,0,0,0,0,0,0,0,0,0,4,0,0,0,0,0,0,0,0,0
ubt,bintrie,5,4,storage_mixed_k100,3,,3902,0,0,0.1595,12.7438,0.0023,0.1595,13.5056,0,4,0,0,0,0,0,0,0,0,0,0,4,0,0,0,0,0,0,0,0,0
ubt,bintrie,5,4,storage_mixed_k100,3,,3903,0,0,0.0493,4.806,0.005,0.2806,5.4284,0,4,0,0,0,0,0,0,0,0,0,0,4,0,0,0,0,0,0,0,0,0
ubt,bintrie,5,4,storage_mixed_k100,3,,3904,0,0,0.0563,4.2364,0.0026,0.1613,4.6873,0,4,0,0,0,0,0,0,0,0,0,0,4,0,0,0,0,0,0,0,0,0
ubt,bintrie,5,4,storage_mixed_k100,3,,3905,0,0,0.1047,4.0815,0.0035,0.3235,5.254,0,4,0,0,0,0,0,0,0,0,0,0,4,0,0,0,0,0,0,0,0,0
ubt,bintrie,5,4,storage_mixed_k100,3,,3906,0,0,0.0586,14.6034,0.0032,1.778,16.9407,0,4,0,0,0,0,0,0,0,0,0,0,4,0,0,0,0,0,0,0,0,0
ubt,bintrie,5,4,storage_mixed_k100,3,,3907,0,0,0.084,12.6417,0.0026,0.1788,13.1594,0,4,0,0,0,0,0,0,0,0,0,0,4,0,0,0,0,0,0,0,0,0
ubt,bintrie,5,4,storage_mixed_k100,3,,3908,91762,2,0.5066,83.0395,5.4567,6.8327,96.3383,0.9525,11,0,0,0,3,0,0,0,1,306,6,5,54.55,0,0,0,0,0,0,0,0
ubt,bintrie,5,4,storage_mixed_k100,3,,3909,99904119,1,1298.4799,128.1303,12.4679,14.8341,1454.7227,68.6757,107,13385,101,3106,15,0,1427,0,0,0,17,90,15.89,6525,6860,48.75,101,0,100,3106,0
ubt,bintrie,5,4,storage_mixed_k100,3,,3910,21000,1,0.3646,70.119,12.2558,1.1095,91.8316,0.2287,6,0,0,0,2,0,0,0,0,0,2,4,33.33,0,0,0,0,0,0,0,0
ubt,bintrie,5,4,storage_mixed_k100,3,,3911,0,0,0.1983,23.0848,0.0067,0.3459,24.2698,0,4,0,0,0,0,0,0,0,0,0,0,4,0,0,0,0,0,0,0,0,0
ubt,bintrie,5,4,storage_mixed_k100,3,,3912,0,0,0.1301,66.1606,0.0026,0.1849,67.0434,0,4,0,0,0,0,0,0,0,0,0,0,4,0,0,0,0,0,0,0,0,0
ubt,bintrie,5,4,storage_mixed_k100,4,,3913,0,0,0.2024,2.935,0.0044,0.5229,4.1652,0,4,0,0,0,0,0,0,0,0,0,0,4,0,0,0,0,0,0,0,0,0
ubt,bintrie,5,4,storage_mixed_k100,4,,3914,0,0,0.105,3.0659,0.0079,0.7586,5.0629,0,4,0,0,0,0,0,0,0,0,0,0,4,0,0,0,0,0,0,0,0,0
ubt,bintrie,5,4,storage_mixed_k100,4,,3915,0,0,0.0449,0.9071,0.0032,0.1794,1.3647,0,4,0,0,0,0,0,0,0,0,0,0,4,0,0,0,0,0,0,0,0,0
ubt,bintrie,5,4,storage_mixed_k100,4,,3916,0,0,0.7997,43.8276,0.0023,0.1365,46.9047,0,4,0,0,0,0,0,0,0,0,0,0,4,0,0,0,0,0,0,0,0,0
ubt,bintrie,5,4,storage_mixed_k100,4,,3917,0,0,0.0356,5.272,0.0035,0.1718,5.6903,0,4,0,0,0,0,0,0,0,0,0,0,4,0,0,0,0,0,0,0,0,0
ubt,bintrie,5,4,storage_mixed_k100,4,,3918,0,0,0.1735,11.3359,0.0061,0.492,12.5956,0,4,0,0,0,0,0,0,0,0,0,0,4,0,0,0,0,0,0,0,0,0
ubt,bintrie,5,4,storage_mixed_k100,4,,3919,0,0,0.0642,16.4895,0.0047,0.2575,17.2117,0,4,0,0,0,0,0,0,0,0,0,0,4,0,0,0,0,0,0,0,0,0
ubt,bintrie,5,4,storage_mixed_k100,4,,3920,0,0,0.3366,81.9954,0.0044,0.9631,85.992,0,4,0,0,0,0,0,0,0,0,0,0,4,0,0,0,0,0,0,0,0,0
ubt,bintrie,5,4,storage_mixed_k100,4,,3921,0,0,0.0344,4.1979,0.0041,0.1896,4.6954,0,4,0,0,0,0,0,0,0,0,0,0,4,0,0,0,0,0,0,0,0,0
ubt,bintrie,5,4,storage_mixed_k100,4,,3922,0,0,0.5582,30.6277,0.0026,0.2042,31.7792,0,4,0,0,0,0,0,0,0,0,0,0,4,0,0,0,0,0,0,0,0,0
ubt,bintrie,5,4,storage_mixed_k100,4,,3923,0,0,0.1009,5.7924,0.0076,0.3264,6.6717,0,4,0,0,0,0,0,0,0,0,0,0,4,0,0,0,0,0,0,0,0,0
ubt,bintrie,5,4,storage_mixed_k100,4,,3924,0,0,0.1234,83.8658,0.0032,0.1899,84.5564,0,4,0,0,0,0,0,0,0,0,0,0,4,0,0,0,0,0,0,0,0,0
ubt,bintrie,5,4,storage_mixed_k100,4,,3925,0,0,0.0531,6.4177,0.0047,0.2094,7.0057,0,4,0,0,0,0,0,0,0,0,0,0,4,0,0,0,0,0,0,0,0,0
ubt,bintrie,5,4,storage_mixed_k100,4,,3926,0,0,0.2042,4.7879,0.012,0.4909,6.1275,0,4,0,0,0,0,0,0,0,0,0,0,4,0,0,0,0,0,0,0,0,0
ubt,bintrie,5,4,storage_mixed_k100,4,,3927,0,0,0.0467,4.4239,0.0026,0.2269,4.9626,0,4,0,0,0,0,0,0,0,0,0,0,4,0,0,0,0,0,0,0,0,0
ubt,bintrie,5,4,storage_mixed_k100,4,,3928,0,0,0.0662,6.852,0.0061,2.5019,9.7312,0,4,0,0,0,0,0,0,0,0,0,0,4,0,0,0,0,0,0,0,0,0
ubt,bintrie,5,4,storage_mixed_k100,4,,3929,0,0,0.0522,12.3378,0.0038,0.2182,12.8441,0,4,0,0,0,0,0,0,0,0,0,0,4,0,0,0,0,0,0,0,0,0
ubt,bintrie,5,4,storage_mixed_k100,4,,3930,0,0,0.0615,6.9141,0.0032,0.2252,7.4534,0,4,0,0,0,0,0,0,0,0,0,0,4,0,0,0,0,0,0,0,0,0
ubt,bintrie,5,4,storage_mixed_k100,4,,3931,91762,2,1.9772,42.9722,43.1685,12.3719,101.3534,0.9054,11,0,0,0,3,0,0,0,1,306,7,4,63.64,0,0,0,0,0,0,0,0
ubt,bintrie,5,4,storage_mixed_k100,4,,3932,99904119,1,1224.0826,197.7263,17.8137,11.517,1452.453,68.783,107,13385,101,3106,15,0,1427,0,0,0,3,104,2.8,767,12618,5.73,101,0,100,3106,0
ubt,bintrie,5,4,storage_mixed_k100,4,,3933,21000,1,0.0936,18.9287,53.2071,0.7872,73.2739,0.2866,6,0,0,0,2,0,0,0,0,0,2,4,33.33,0,0,0,0,0,0,0,0
ubt,bintrie,5,4,storage_mixed_k100,4,,3934,0,0,0.0332,2.5348,0.0032,0.1275,2.9198,0,4,0,0,0,0,0,0,0,0,0,0,4,0,0,0,0,0,0,0,0,0
ubt,bintrie,5,4,storage_mixed_k100,5,,3935,0,0,0.0618,0.7493,0.0029,0.1881,1.2188,0,4,0,0,0,0,0,0,0,0,0,0,4,0,0,0,0,0,0,0,0,0
ubt,bintrie,5,4,storage_mixed_k100,5,,3936,0,0,0.119,26.7032,0.0058,0.4512,28.0664,0,4,0,0,0,0,0,0,0,0,0,0,4,0,0,0,0,0,0,0,0,0
ubt,bintrie,5,4,storage_mixed_k100,5,,3937,0,0,0.0478,18.8575,0.0029,0.6816,20.0615,0,4,0,0,0,0,0,0,0,0,0,0,4,0,0,0,0,0,0,0,0,0
ubt,bintrie,5,4,storage_mixed_k100,5,,3938,0,0,0.0455,10.8104,0.0035,0.1598,26.0568,0,4,0,0,0,0,0,0,0,0,0,0,4,0,0,0,0,0,0,0,0,0
ubt,bintrie,5,4,storage_mixed_k100,5,,3939,0,0,0.0315,1.9871,0.0023,0.1059,2.3082,0,4,0,0,0,0,0,0,0,0,0,0,4,0,0,0,0,0,0,0,0,0
ubt,bintrie,5,4,storage_mixed_k100,5,,3940,0,0,0.0916,1.5426,0.0061,0.3538,2.4348,0,4,0,0,0,0,0,0,0,0,0,0,4,0,0,0,0,0,0,0,0,0
ubt,bintrie,5,4,storage_mixed_k100,5,,3941,0,0,0.1035,12.238,0.0041,0.217,12.9368,0,4,0,0,0,0,0,0,0,0,0,0,4,0,0,0,0,0,0,0,0,0
ubt,bintrie,5,4,storage_mixed_k100,5,,3942,0,0,0.0951,3.3083,0.0044,0.2736,4.0366,0,4,0,0,0,0,0,0,0,0,0,0,4,0,0,0,0,0,0,0,0,0
ubt,bintrie,5,4,storage_mixed_k100,5,,3943,0,0,0.0318,4.0826,0.0047,0.1461,4.5306,0,4,0,0,0,0,0,0,0,0,0,0,4,0,0,0,0,0,0,0,0,0
ubt,bintrie,5,4,storage_mixed_k100,5,,3944,0,0,0.04,4.3064,0.0026,0.1712,4.7465,0,4,0,0,0,0,0,0,0,0,0,0,4,0,0,0,0,0,0,0,0,0
ubt,bintrie,5,4,storage_mixed_k100,5,,3945,0,0,0.0995,3.5343,0.0041,0.3331,4.2903,0,4,0,0,0,0,0,0,0,0,0,0,4,0,0,0,0,0,0,0,0,0
ubt,bintrie,5,4,storage_mixed_k100,5,,3946,0,0,0.0461,6.3442,0.0058,0.2348,6.9432,0,4,0,0,0,0,0,0,0,0,0,0,4,0,0,0,0,0,0,0,0,0
ubt,bintrie,5,4,storage_mixed_k100,5,,3947,0,0,0.0373,1.873,0.002,0.1254,2.1886,0,4,0,0,0,0,0,0,0,0,0,0,4,0,0,0,0,0,0,0,0,0
ubt,bintrie,5,4,storage_mixed_k100,5,,3948,0,0,0.1032,6.7359,0.0155,0.8371,8.2368,0,4,0,0,0,0,0,0,0,0,0,0,4,0,0,0,0,0,0,0,0,0
ubt,bintrie,5,4,storage_mixed_k100,5,,3949,0,0,0.0551,15.5746,0.0038,0.8592,18.5641,0,4,0,0,0,0,0,0,0,0,0,0,4,0,0,0,0,0,0,0,0,0
ubt,bintrie,5,4,storage_mixed_k100,5,,3950,0,0,0.0344,2.258,0.0038,0.1569,2.6748,0,4,0,0,0,0,0,0,0,0,0,0,4,0,0,0,0,0,0,0,0,0
ubt,bintrie,5,4,storage_mixed_k100,5,,3951,0,0,0.0432,6.3818,0.0067,1.0847,8.2053,0,4,0,0,0,0,0,0,0,0,0,0,4,0,0,0,0,0,0,0,0,0
ubt,bintrie,5,4,storage_mixed_k100,5,,3952,91762,2,0.751,102.1245,6.562,11.9662,121.8025,0.7534,11,0,0,0,3,0,0,0,1,306,6,5,54.55,0,0,0,0,0,0,0,0
ubt,bintrie,5,4,storage_mixed_k100,5,,3953,99904119,1,1283.8725,138.2599,54.3898,36.0263,1513.5985,66.0044,107,13385,101,3106,15,0,1427,0,0,0,18,89,16.82,4084,9301,30.51,101,0,100,3106,0
ubt,bintrie,5,4,storage_mixed_k100,5,,3954,21000,1,0.3853,99.518,6.6842,0.7531,110.6226,0.1898,6,0,0,0,2,0,0,0,0,0,2,4,33.33,0,0,0,0,0,0,0,0
ubt,bintrie,5,4,storage_mixed_k100,5,,3955,0,0,0.0811,5.8688,0.0041,0.3812,6.9599,0,4,0,0,0,0,0,0,0,0,0,0,4,0,0,0,0,0,0,0,0,0
ubt,bintrie,5,4,storage_mixed_k100,5,,3956,0,0,0.075,5.2674,0.0044,0.3167,6.1511,0,4,0,0,0,0,0,0,0,0,0,0,4,0,0,0,0,0,0,0,0,0
ubt,bintrie,5,4,storage_mixed_k100,6,,3957,0,0,0.0382,0.5644,0.0012,0.1137,0.8639,0,4,0,0,0,0,0,0,0,0,0,0,4,0,0,0,0,0,0,0,0,0
ubt,bintrie,5,4,storage_mixed_k100,6,,3958,0,0,0.0747,13.2626,0.0026,0.1665,13.766,0,4,0,0,0,0,0,0,0,0,0,0,4,0,0,0,0,0,0,0,0,0
ubt,bintrie,5,4,storage_mixed_k100,6,,3959,0,0,0.0376,5.6687,0.0026,0.1867,9.539,0,4,0,0,0,0,0,0,0,0,0,0,4,0,0,0,0,0,0,0,0,0
ubt,bintrie,5,4,storage_mixed_k100,6,,3960,0,0,0.0531,11.5905,0.0026,0.163,11.9814,0,4,0,0,0,0,0,0,0,0,0,0,4,0,0,0,0,0,0,0,0,0
ubt,bintrie,5,4,storage_mixed_k100,6,,3961,0,0,0.0274,2.6296,0.002,0.11,2.9148,0,4,0,0,0,0,0,0,0,0,0,0,4,0,0,0,0,0,0,0,0,0
ubt,bintrie,5,4,storage_mixed_k100,6,,3962,0,0,0.0706,23.7347,0.0353,0.1703,24.2961,0,4,0,0,0,0,0,0,0,0,0,0,4,0,0,0,0,0,0,0,0,0
ubt,bintrie,5,4,storage_mixed_k100,6,,3963,0,0,0.1225,8.4112,0.0073,0.4553,9.4396,0,4,0,0,0,0,0,0,0,0,0,0,4,0,0,0,0,0,0,0,0,0
ubt,bintrie,5,4,storage_mixed_k100,6,,3964,0,0,0.1315,5.6433,0.0029,0.2138,6.2051,0,4,0,0,0,0,0,0,0,0,0,0,4,0,0,0,0,0,0,0,0,0
ubt,bintrie,5,4,storage_mixed_k100,6,,3965,0,0,0.0653,24.4358,0.0029,0.1884,24.9447,0,4,0,0,0,0,0,0,0,0,0,0,4,0,0,0,0,0,0,0,0,0
ubt,bintrie,5,4,storage_mixed_k100,6,,3966,0,0,0.0417,4.1255,0.0035,0.1522,4.5791,0,4,0,0,0,0,0,0,0,0,0,0,4,0,0,0,0,0,0,0,0,0
ubt,bintrie,5,4,storage_mixed_k100,6,,3967,0,0,0.0586,1.598,0.0029,0.3302,2.7206,0,4,0,0,0,0,0,0,0,0,0,0,4,0,0,0,0,0,0,0,0,0
ubt,bintrie,5,4,storage_mixed_k100,6,,3968,0,0,0.0563,16.9098,0.0047,0.2616,17.5363,0,4,0,0,0,0,0,0,0,0,0,0,4,0,0,0,0,0,0,0,0,0
ubt,bintrie,5,4,storage_mixed_k100,6,,3969,0,0,0.1549,68.0211,0.0055,0.5819,69.3076,0,4,0,0,0,0,0,0,0,0,0,0,4,0,0,0,0,0,0,0,0,0
ubt,bintrie,5,4,storage_mixed_k100,6,,3970,0,0,0.0493,4.3297,0.002,0.1616,4.7581,0,4,0,0,0,0,0,0,0,0,0,0,4,0,0,0,0,0,0,0,0,0
ubt,bintrie,5,4,storage_mixed_k100,6,,3971,0,0,0.0598,6.9992,0.009,0.5221,9.266,0,4,0,0,0,0,0,0,0,0,0,0,4,0,0,0,0,0,0,0,0,0
ubt,bintrie,5,4,storage_mixed_k100,6,,3972,0,0,0.0464,7.995,0.0035,0.1464,12.9193,0,4,0,0,0,0,0,0,0,0,0,0,4,0,0,0,0,0,0,0,0,0
ubt,bintrie,5,4,storage_mixed_k100,6,,3973,0,0,0.0677,13.8305,0.0041,0.2479,14.4211,0,4,0,0,0,0,0,0,0,0,0,0,4,0,0,0,0,0,0,0,0,0
ubt,bintrie,5,4,storage_mixed_k100,6,,3974,91762,2,0.1867,4.9238,8.7078,39.3332,53.3643,1.7195,11,0,0,0,3,0,0,0,1,306,6,5,54.55,0,0,0,0,0,0,0,0
ubt,bintrie,5,4,storage_mixed_k100,6,,3975,99904119,1,1341.8362,127.5026,9.0971,8.6538,1487.4801,67.1633,107,13385,101,3106,15,0,1427,0,0,0,90,17,84.11,9250,4135,69.11,101,0,100,3106,0
ubt,bintrie,5,4,storage_mixed_k100,6,,3976,21000,1,0.0645,3.0044,14.0072,0.7102,17.9898,1.1673,6,0,0,0,2,0,0,0,0,0,2,4,33.33,0,0,0,0,0,0,0,0
ubt,bintrie,5,4,storage_mixed_k100,6,,3977,0,0,0.0408,2.0938,0.002,0.1549,2.5077,0,4,0,0,0,0,0,0,0,0,0,0,4,0,0,0,0,0,0,0,0,0
ubt,bintrie,5,4,storage_mixed_k100,7,,3979,0,0,0.072,0.8957,0.0023,0.2272,1.449,0,4,0,0,0,0,0,0,0,0,0,0,4,0,0,0,0,0,0,0,0,0
ubt,bintrie,5,4,storage_mixed_k100,7,,3980,0,0,0.1024,1.8375,0.007,0.2861,2.6576,0,4,0,0,0,0,0,0,0,0,0,0,4,0,0,0,0,0,0,0,0,0
ubt,bintrie,5,4,storage_mixed_k100,7,,3981,0,0,0.0919,45.6269,0.0029,0.2199,46.4214,0,4,0,0,0,0,0,0,0,0,0,0,4,0,0,0,0,0,0,0,0,0
ubt,bintrie,5,4,storage_mixed_k100,7,,3982,0,0,0.0493,16.2562,0.0023,0.14,16.6123,0,4,0,0,0,0,0,0,0,0,0,0,4,0,0,0,0,0,0,0,0,0
ubt,bintrie,5,4,storage_mixed_k100,7,,3983,0,0,0.0747,34.683,0.0061,0.4069,35.9248,0,4,0,0,0,0,0,0,0,0,0,0,4,0,0,0,0,0,0,0,0,0
ubt,bintrie,5,4,storage_mixed_k100,7,,3984,0,0,0.0461,2.9189,0.005,0.313,3.7814,0,4,0,0,0,0,0,0,0,0,0,0,4,0,0,0,0,0,0,0,0,0
ubt,bintrie,5,4,storage_mixed_k100,7,,3985,0,0,0.1047,5.4144,0.0079,0.3891,6.443,0,4,0,0,0,0,0,0,0,0,0,0,4,0,0,0,0,0,0,0,0,0
ubt,bintrie,5,4,storage_mixed_k100,7,,3986,0,0,0.182,23.3421,0.0058,0.5425,24.6435,0,4,0,0,0,0,0,0,0,0,0,0,4,0,0,0,0,0,0,0,0,0
ubt,bintrie,5,4,storage_mixed_k100,7,,3987,0,0,0.0691,12.5437,0.007,0.2812,13.2708,0,4,0,0,0,0,0,0,0,0,0,0,4,0,0,0,0,0,0,0,0,0
ubt,bintrie,5,4,storage_mixed_k100,7,,3988,0,0,0.0496,6.2018,0.0041,0.219,6.8292,0,4,0,0,0,0,0,0,0,0,0,0,4,0,0,0,0,0,0,0,0,0
ubt,bintrie,5,4,storage_mixed_k100,7,,3989,0,0,0.0519,31.8276,0.0026,0.1292,32.2214,0,4,0,0,0,0,0,0,0,0,0,0,4,0,0,0,0,0,0,0,0,0
ubt,bintrie,5,4,storage_mixed_k100,7,,3990,0,0,0.1312,24.2127,0.0096,0.5714,25.4712,0,4,0,0,0,0,0,0,0,0,0,0,4,0,0,0,0,0,0,0,0,0
ubt,bintrie,5,4,storage_mixed_k100,7,,3991,0,0,0.0426,4.4399,0.0029,0.2012,4.887,0,4,0,0,0,0,0,0,0,0,0,0,4,0,0,0,0,0,0,0,0,0
ubt,bintrie,5,4,storage_mixed_k100,7,,3992,0,0,0.0551,35.6711,0.0029,0.2021,36.1471,0,4,0,0,0,0,0,0,0,0,0,0,4,0,0,0,0,0,0,0,0,0
ubt,bintrie,5,4,storage_mixed_k100,7,,3993,0,0,0.0977,6.338,0.0067,0.5848,7.6686,0,4,0,0,0,0,0,0,0,0,0,0,4,0,0,0,0,0,0,0,0,0
ubt,bintrie,5,4,storage_mixed_k100,7,,3994,0,0,0.0423,4.2504,0.0026,0.1972,4.7628,0,4,0,0,0,0,0,0,0,0,0,0,4,0,0,0,0,0,0,0,0,0
ubt,bintrie,5,4,storage_mixed_k100,7,,3995,0,0,0.065,11.5666,0.0044,0.2199,12.033,0,4,0,0,0,0,0,0,0,0,0,0,4,0,0,0,0,0,0,0,0,0
ubt,bintrie,5,4,storage_mixed_k100,7,,3996,0,0,0.0519,56.1482,0.0026,0.1805,56.5723,0,4,0,0,0,0,0,0,0,0,0,0,4,0,0,0,0,0,0,0,0,0
ubt,bintrie,5,4,storage_mixed_k100,7,,3997,91762,2,0.8362,29.7656,13.6421,13.4642,73.1301,1.2548,11,0,0,0,3,0,0,0,1,306,4,7,36.36,0,0,0,0,0,0,0,0
ubt,bintrie,5,4,storage_mixed_k100,7,,3998,99904119,1,1367.2079,149.6962,39.3023,41.6075,1598.8304,62.4858,107,13385,101,3106,15,0,1427,0,0,0,32,75,29.91,6687,6698,49.96,101,0,100,3106,0
ubt,bintrie,5,4,storage_mixed_k100,7,,3999,21000,1,0.1362,86.3781,1.381,0.6466,88.7989,0.2365,6,0,0,0,2,0,0,0,0,0,2,4,33.33,0,0,0,0,0,0,0,0
ubt,bintrie,5,4,storage_mixed_k100,7,,4000,0,0,0.086,7.5455,0.0055,0.2847,8.4587,0,4,0,0,0,0,0,0,0,0,0,0,4,0,0,0,0,0,0,0,0,0
ubt,bintrie,5,4,storage_mixed_k100,7,,4001,0,0,0.1353,3.9701,0.0047,0.3859,4.9069,0,4,0,0,0,0,0,0,0,0,0,0,4,0,0,0,0,0,0,0,0,0
ubt,bintrie,5,4,storage_mixed_k100,8,,4002,0,0,0.0478,0.6606,0.0023,0.2004,1.0835,0,4,0,0,0,0,0,0,0,0,0,0,4,0,0,0,0,0,0,0,0,0
ubt,bintrie,5,4,storage_mixed_k100,8,,4003,0,0,0.0802,16.7751,0.0029,0.2855,17.4605,0,4,0,0,0,0,0,0,0,0,0,0,4,0,0,0,0,0,0,0,0,0
ubt,bintrie,5,4,storage_mixed_k100,8,,4004,0,0,3.5912,7.2472,0.0026,0.3062,11.5095,0,4,0,0,0,0,0,0,0,0,0,0,4,0,0,0,0,0,0,0,0,0
ubt,bintrie,5,4,storage_mixed_k100,8,,4005,0,0,0.0828,64.7939,0.0058,0.4249,65.6298,0,4,0,0,0,0,0,0,0,0,0,0,4,0,0,0,0,0,0,0,0,0
ubt,bintrie,5,4,storage_mixed_k100,8,,4006,0,0,0.0656,14.6019,0.0029,0.1902,15.0359,0,4,0,0,0,0,0,0,0,0,0,0,4,0,0,0,0,0,0,0,0,0
ubt,bintrie,5,4,storage_mixed_k100,8,,4007,0,0,0.1832,29.8181,0.0058,0.4308,30.9483,0,4,0,0,0,0,0,0,0,0,0,0,4,0,0,0,0,0,0,0,0,0
ubt,bintrie,5,4,storage_mixed_k100,8,,4008,0,0,0.0452,0.9861,0.0067,0.2368,1.5799,0,4,0,0,0,0,0,0,0,0,0,0,4,0,0,0,0,0,0,0,0,0
ubt,bintrie,5,4,storage_mixed_k100,8,,4009,0,0,0.0481,12.6714,0.0029,0.1686,13.1069,0,4,0,0,0,0,0,0,0,0,0,0,4,0,0,0,0,0,0,0,0,0
ubt,bintrie,5,4,storage_mixed_k100,8,,4010,0,0,0.0709,11.3992,0.005,0.2756,12.1651,0,4,0,0,0,0,0,0,0,0,0,0,4,0,0,0,0,0,0,0,0,0
ubt,bintrie,5,4,storage_mixed_k100,8,,4011,0,0,0.296,85.3766,0.0029,0.1382,86.5318,0,4,0,0,0,0,0,0,0,0,0,0,4,0,0,0,0,0,0,0,0,0
ubt,bintrie,5,4,storage_mixed_k100,8,,4012,0,0,0.0464,4.3279,0.0035,0.1937,4.8065,0,4,0,0,0,0,0,0,0,0,0,0,4,0,0,0,0,0,0,0,0,0
ubt,bintrie,5,4,storage_mixed_k100,8,,4013,0,0,0.0595,13.5674,0.0032,0.1767,14.0524,0,4,0,0,0,0,0,0,0,0,0,0,4,0,0,0,0,0,0,0,0,0
ubt,bintrie,5,4,storage_mixed_k100,8,,4014,0,0,0.0566,4.4,0.0026,0.2243,4.915,0,4,0,0,0,0,0,0,0,0,0,0,4,0,0,0,0,0,0,0,0,0
ubt,bintrie,5,4,storage_mixed_k100,8,,4015,0,0,0.1686,25.5969,0.0026,0.142,26.3147,0,4,0,0,0,0,0,0,0,0,0,0,4,0,0,0,0,0,0,0,0,0
ubt,bintrie,5,4,storage_mixed_k100,8,,4016,0,0,0.222,23.4348,0.0067,0.5174,24.7913,0,4,0,0,0,0,0,0,0,0,0,0,4,0,0,0,0,0,0,0,0,0
ubt,bintrie,5,4,storage_mixed_k100,8,,4017,0,0,0.0601,8.4059,0.0038,0.2225,8.8982,0,4,0,0,0,0,0,0,0,0,0,0,4,0,0,0,0,0,0,0,0,0
ubt,bintrie,5,4,storage_mixed_k100,8,,4018,0,0,0.0782,6.0117,0.0064,0.5819,7.1757,0,4,0,0,0,0,0,0,0,0,0,0,4,0,0,0,0,0,0,0,0,0
ubt,bintrie,5,4,storage_mixed_k100,8,,4019,0,0,0.0942,5.7568,0.0038,0.3118,6.6318,0,4,0,0,0,0,0,0,0,0,0,0,4,0,0,0,0,0,0,0,0,0
ubt,bintrie,5,4,storage_mixed_k100,8,,4020,91762,2,0.3914,2.7436,26.8717,30.5213,65.766,1.3953,11,0,0,0,3,0,0,0,1,306,4,7,36.36,0,0,0,0,0,0,0,0
ubt,bintrie,5,4,storage_mixed_k100,8,,4021,99904119,1,1343.449,191.9475,8.5695,12.0502,1556.3753,64.1903,107,13385,101,3106,15,0,1427,0,0,0,38,69,35.51,3976,9409,29.7,101,0,100,3106,0
ubt,bintrie,5,4,storage_mixed_k100,8,,4022,21000,1,0.1132,23.1901,48.5972,0.8085,72.9355,0.2879,6,0,0,0,2,0,0,0,0,0,2,4,33.33,0,0,0,0,0,0,0,0
ubt,bintrie,5,4,storage_mixed_k100,8,,4023,0,0,0.0394,4.2644,0.0058,0.2257,4.7628,0,4,0,0,0,0,0,0,0,0,0,0,4,0,0,0,0,0,0,0,0,0
ubt,bintrie,5,4,storage_mixed_k100,8,,4024,0,0,0.0297,1.9938,0.002,0.1111,2.3012,0,4,0,0,0,0,0,0,0,0,0,0,4,0,0,0,0,0,0,0,0,0
ubt,bintrie,5,4,storage_mixed_k100,9,,4025,0,0,0.2176,17.9362,0.0067,0.8753,19.7127,0,4,0,0,0,0,0,0,0,0,0,0,4,0,0,0,0,0,0,0,0,0
ubt,bintrie,5,4,storage_mixed_k100,9,,4026,0,0,0.0335,0.625,0.0018,0.1394,0.9873,0,4,0,0,0,0,0,0,0,0,0,0,4,0,0,0,0,0,0,0,0,0
ubt,bintrie,5,4,storage_mixed_k100,9,,4027,0,0,0.0522,12.6306,0.0026,0.245,13.3425,0,4,0,0,0,0,0,0,0,0,0,0,4,0,0,0,0,0,0,0,0,0
ubt,bintrie,5,4,storage_mixed_k100,9,,4028,0,0,0.056,76.3795,0.0023,0.1767,76.7965,0,4,0,0,0,0,0,0,0,0,0,0,4,0,0,0,0,0,0,0,0,0
ubt,bintrie,5,4,storage_mixed_k100,9,,4029,0,0,0.086,12.1068,0.0067,2.9411,16.0894,0,4,0,0,0,0,0,0,0,0,0,0,4,0,0,0,0,0,0,0,0,0
ubt,bintrie,5,4,storage_mixed_k100,9,,4030,0,0,0.1347,25.4896,0.0064,0.422,26.5585,0,4,0,0,0,0,0,0,0,0,0,0,4,0,0,0,0,0,0,0,0,0
ubt,bintrie,5,4,storage_mixed_k100,9,,4031,0,0,0.0697,21.6948,0.0026,0.1563,28.33,0,4,0,0,0,0,0,0,0,0,0,0,4,0,0,0,0,0,0,0,0,0
ubt,bintrie,5,4,storage_mixed_k100,9,,4032,0,0,0.1097,19.5829,0.0087,0.504,20.7206,0,4,0,0,0,0,0,0,0,0,0,0,4,0,0,0,0,0,0,0,0,0
ubt,bintrie,5,4,storage_mixed_k100,9,,4033,0,0,0.0516,4.2515,0.0041,0.2301,4.7826,0,4,0,0,0,0,0,0,0,0,0,0,4,0,0,0,0,0,0,0,0,0
ubt,bintrie,5,4,storage_mixed_k100,9,,4034,0,0,0.1275,16.2072,0.0032,0.149,16.8363,0,4,0,0,0,0,0,0,0,0,0,0,4,0,0,0,0,0,0,0,0,0
ubt,bintrie,5,4,storage_mixed_k100,9,,4035,0,0,0.0402,4.2696,0.0041,0.1677,4.7307,0,4,0,0,0,0,0,0,0,0,0,0,4,0,0,0,0,0,0,0,0,0
ubt,bintrie,5,4,storage_mixed_k100,9,,4036,0,0,0.1272,14.594,0.0026,0.182,15.2488,0,4,0,0,0,0,0,0,0,0,0,0,4,0,0,0,0,0,0,0,0,0
ubt,bintrie,5,4,storage_mixed_k100,9,,4037,0,0,0.0461,4.4154,0.0035,0.1837,4.9083,0,4,0,0,0,0,0,0,0,0,0,0,4,0,0,0,0,0,0,0,0,0
ubt,bintrie,5,4,storage_mixed_k100,9,,4038,0,0,0.0913,2.7635,0.0029,0.2564,3.4121,0,4,0,0,0,0,0,0,0,0,0,0,4,0,0,0,0,0,0,0,0,0
ubt,bintrie,5,4,storage_mixed_k100,9,,4039,0,0,0.1105,5.4007,0.0088,0.4576,6.5807,0,4,0,0,0,0,0,0,0,0,0,0,4,0,0,0,0,0,0,0,0,0
ubt,bintrie,5,4,storage_mixed_k100,9,,4040,0,0,0.0773,41.5209,0.0044,0.2266,42.7934,0,4,0,0,0,0,0,0,0,0,0,0,4,0,0,0,0,0,0,0,0,0
ubt,bintrie,5,4,storage_mixed_k100,9,,4041,0,0,0.0951,12.8563,0.0067,2.6404,20.5693,0,4,0,0,0,0,0,0,0,0,0,0,4,0,0,0,0,0,0,0,0,0
ubt,bintrie,5,4,storage_mixed_k100,9,,4042,91762,2,0.8522,33.0599,26.9105,16.1991,77.6838,1.1812,11,0,0,0,3,0,0,0,1,306,4,7,36.36,0,0,0,0,0,0,0,0
ubt,bintrie,5,4,storage_mixed_k100,9,,4043,99904119,1,1344.5836,177.7603,8.391,7.5493,1538.6328,64.9305,107,13385,101,3106,15,0,1427,0,0,0,78,29,72.9,8041,5344,60.07,101,0,100,3106,0
ubt,bintrie,5,4,storage_mixed_k100,9,,4044,21000,1,0.093,2.9915,14.4902,0.7227,18.5113,1.1344,6,0,0,0,2,0,0,0,0,0,1,5,16.67,0,0,0,0,0,0,0,0
ubt,bintrie,5,4,storage_mixed_k100,9,,4045,0,0,0.0405,3.247,0.0015,0.1832,3.6475,0,4,0,0,0,0,0,0,0,0,0,0,4,0,0,0,0,0,0,0,0,0
ubt,bintrie,5,4,storage_mixed_k100,9,,4046,0,0,0.1592,27.3025,0.0038,0.3981,28.9361,0,4,0,0,0,0,0,0,0,0,0,0,4,0,0,0,0,0,0,0,0,0
ubt,bintrie,5,4,storage_mixed_k1000,10,,4279,0,0,0.226,19.1057,0.007,0.5148,38.9455,0,4,0,0,0,0,0,0,0,0,0,0,4,0,0,0,0,0,0,0,0,0
ubt,bintrie,5,4,storage_mixed_k1000,10,,4280,0,0,0.0694,2.3464,0.0085,15.9371,19.3734,0,4,0,0,0,0,0,0,0,0,0,0,4,0,0,0,0,0,0,0,0,0
ubt,bintrie,5,4,storage_mixed_k1000,10,,4281,0,0,0.0706,23.1688,0.0055,0.3065,23.9332,0,4,0,0,0,0,0,0,0,0,0,0,4,0,0,0,0,0,0,0,0,0
ubt,bintrie,5,4,storage_mixed_k1000,10,,4282,0,0,0.0507,51.6452,0.0029,0.1257,52.029,0,4,0,0,0,0,0,0,0,0,0,0,4,0,0,0,0,0,0,0,0,0
ubt,bintrie,5,4,storage_mixed_k1000,10,,4283,0,0,0.1619,38.1157,0.005,0.2838,41.1029,0,4,0,0,0,0,0,0,0,0,0,0,4,0,0,0,0,0,0,0,0,0
ubt,bintrie,5,4,storage_mixed_k1000,10,,4284,0,0,0.112,52.9746,0.0023,0.1552,56.1032,0,4,0,0,0,0,0,0,0,0,0,0,4,0,0,0,0,0,0,0,0,0
ubt,bintrie,5,4,storage_mixed_k1000,10,,4285,0,0,0.0857,19.7911,0.0067,0.5448,20.8702,0,4,0,0,0,0,0,0,0,0,0,0,4,0,0,0,0,0,0,0,0,0
ubt,bintrie,5,4,storage_mixed_k1000,10,,4286,0,0,0.0338,4.1165,0.0044,0.1817,4.6149,0,4,0,0,0,0,0,0,0,0,0,0,4,0,0,0,0,0,0,0,0,0
ubt,bintrie,5,4,storage_mixed_k1000,10,,4287,0,0,0.1359,9.698,0.0088,5.1352,15.602,0,4,0,0,0,0,0,0,0,0,0,0,4,0,0,0,0,0,0,0,0,0
ubt,bintrie,5,4,storage_mixed_k1000,10,,4288,0,0,0.0598,15.989,0.0029,0.2164,16.5394,0,4,0,0,0,0,0,0,0,0,0,0,4,0,0,0,0,0,0,0,0,0
ubt,bintrie,5,4,storage_mixed_k1000,10,,4289,0,0,0.1012,23.6929,0.0088,0.3876,24.6026,0,4,0,0,0,0,0,0,0,0,0,0,4,0,0,0,0,0,0,0,0,0
ubt,bintrie,5,4,storage_mixed_k1000,10,,4290,0,0,0.0408,4.2454,0.005,0.1905,4.7091,0,4,0,0,0,0,0,0,0,0,0,0,4,0,0,0,0,0,0,0,0,0
ubt,bintrie,5,4,storage_mixed_k1000,10,,4291,0,0,0.0356,2.902,0.0026,0.1528,3.2683,0,4,0,0,0,0,0,0,0,0,0,0,4,0,0,0,0,0,0,0,0,0
ubt,bintrie,5,4,storage_mixed_k1000,10,,4292,0,0,0.1415,16.9891,0.0026,0.2021,17.7422,0,4,0,0,0,0,0,0,0,0,0,0,4,0,0,0,0,0,0,0,0,0
ubt,bintrie,5,4,storage_mixed_k1000,10,,4293,0,0,0.0901,7.386,0.0248,1.7628,44.7367,0,4,0,0,0,0,0,0,0,0,0,0,4,0,0,0,0,0,0,0,0,0
ubt,bintrie,5,4,storage_mixed_k1000,10,,4294,0,0,0.0612,4.5968,0.0052,0.2217,5.1729,0,4,0,0,0,0,0,0,0,0,0,0,4,0,0,0,0,0,0,0,0,0
ubt,bintrie,5,4,storage_mixed_k1000,10,,4295,0,0,0.056,11.1586,0.0029,0.8592,16.3481,0,4,0,0,0,0,0,0,0,0,0,0,4,0,0,0,0,0,0,0,0,0
ubt,bintrie,5,4,storage_mixed_k1000,10,,4296,0,0,0.1467,33.7846,0.0029,0.1977,34.5085,0,4,0,0,0,0,0,0,0,0,0,0,4,0,0,0,0,0,0,0,0,0
ubt,bintrie,5,4,storage_mixed_k1000,10,,4297,0,0,0.089,14.7267,0.0096,2.452,18.6606,0,4,0,0,0,0,0,0,0,0,0,0,4,0,0,0,0,0,0,0,0,0
ubt,bintrie,5,4,storage_mixed_k1000,10,,4298,91750,2,0.6956,18.1447,0.7309,27.2176,52.9778,1.7319,11,0,0,0,3,0,0,0,1,306,4,7,36.36,0,0,0,0,0,0,0,0
ubt,bintrie,5,4,storage_mixed_k1000,10,,4299,0,0,0.1167,3.5084,0.0157,1.2075,8.3487,0,4,0,0,0,0,0,0,0,0,0,0,4,0,0,0,0,0,0,0,0,0
ubt,bintrie,5,4,storage_mixed_k1000,10,,4300,99909508,1,1265.4364,136.9764,101.4815,26.8852,1533.6556,65.1447,1007,13958,1001,28306,158,0,1346,0,0,0,105,902,10.43,7118,6840,51.0,1001,0,100,28306,0
ubt,bintrie,5,4,storage_mixed_k1000,10,,4301,21000,1,0.0741,11.0871,2.5969,2.2659,16.2472,1.2925,6,0,0,0,2,0,0,0,0,0,2,4,33.33,0,0,0,0,0,0,0,0
ubt,bintrie,5,4,storage_mixed_k1000,10,,4302,0,0,0.1989,5.9805,0.0149,0.5232,7.2646,0,4,0,0,0,0,0,0,0,0,0,0,4,0,0,0,0,0,0,0,0,0
ubt,bintrie,5,4,storage_mixed_k1000,10,,4303,0,0,0.0942,7.6916,0.0146,0.7936,9.5294,0,4,0,0,0,0,0,0,0,0,0,0,4,0,0,0,0,0,0,0,0,0
ubt,bintrie,5,4,storage_mixed_k1000,1,,4069,0,0,0.2021,7.5061,0.0047,0.5938,9.1514,0,4,0,0,0,0,0,0,0,0,0,0,4,0,0,0,0,0,0,0,0,0
ubt,bintrie,5,4,storage_mixed_k1000,1,,4070,0,0,0.0887,1.9124,0.0064,0.3894,2.8177,0,4,0,0,0,0,0,0,0,0,0,0,4,0,0,0,0,0,0,0,0,0
ubt,bintrie,5,4,storage_mixed_k1000,1,,4071,0,0,0.1193,45.2235,0.0026,0.233,45.9407,0,4,0,0,0,0,0,0,0,0,0,0,4,0,0,0,0,0,0,0,0,0
ubt,bintrie,5,4,storage_mixed_k1000,1,,4072,0,0,0.0298,2.0369,0.0017,0.1234,2.3172,0,4,0,0,0,0,0,0,0,0,0,0,4,0,0,0,0,0,0,0,0,0
ubt,bintrie,5,4,storage_mixed_k1000,1,,4073,0,0,0.089,40.8177,0.0047,0.3969,41.6755,0,4,0,0,0,0,0,0,0,0,0,0,4,0,0,0,0,0,0,0,0,0
ubt,bintrie,5,4,storage_mixed_k1000,1,,4074,0,0,0.0723,5.1834,0.0029,0.2596,5.8597,0,4,0,0,0,0,0,0,0,0,0,0,4,0,0,0,0,0,0,0,0,0
ubt,bintrie,5,4,storage_mixed_k1000,1,,4075,0,0,0.0318,4.0996,0.0038,0.1773,4.5648,0,4,0,0,0,0,0,0,0,0,0,0,4,0,0,0,0,0,0,0,0,0
ubt,bintrie,5,4,storage_mixed_k1000,1,,4076,0,0,0.0665,2.3356,0.0026,0.1079,2.7498,0,4,0,0,0,0,0,0,0,0,0,0,4,0,0,0,0,0,0,0,0,0
ubt,bintrie,5,4,storage_mixed_k1000,1,,4077,0,0,0.1531,8.4243,0.0163,1.073,10.3373,0,4,0,0,0,0,0,0,0,0,0,0,4,0,0,0,0,0,0,0,0,0
ubt,bintrie,5,4,storage_mixed_k1000,1,,4078,0,0,0.033,4.1515,0.0035,0.1788,4.6254,0,4,0,0,0,0,0,0,0,0,0,0,4,0,0,0,0,0,0,0,0,0
ubt,bintrie,5,4,storage_mixed_k1000,1,,4079,0,0,0.0834,8.4812,0.0026,0.1934,9.0995,0,4,0,0,0,0,0,0,0,0,0,0,4,0,0,0,0,0,0,0,0,0
ubt,bintrie,5,4,storage_mixed_k1000,1,,4080,0,0,0.0831,6.3153,0.0079,1.1305,8.3353,0,4,0,0,0,0,0,0,0,0,0,0,4,0,0,0,0,0,0,0,0,0
ubt,bintrie,5,4,storage_mixed_k1000,1,,4081,0,0,0.133,8.2009,0.007,0.4352,9.3171,0,4,0,0,0,0,0,0,0,0,0,0,4,0,0,0,0,0,0,0,0,0
ubt,bintrie,5,4,storage_mixed_k1000,1,,4082,0,0,0.0884,4.9524,0.0029,0.1455,5.4042,0,4,0,0,0,0,0,0,0,0,0,0,4,0,0,0,0,0,0,0,0,0
ubt,bintrie,5,4,storage_mixed_k1000,1,,4083,0,0,0.1187,7.6867,0.012,0.9596,9.3611,0,4,0,0,0,0,0,0,0,0,0,0,4,0,0,0,0,0,0,0,0,0
ubt,bintrie,5,4,storage_mixed_k1000,1,,4084,0,0,0.0487,4.836,0.0035,0.1878,5.3135,0,4,0,0,0,0,0,0,0,0,0,0,4,0,0,0,0,0,0,0,0,0
ubt,bintrie,5,4,storage_mixed_k1000,1,,4085,0,0,0.0578,4.3241,0.0035,0.6358,5.2102,0,4,0,0,0,0,0,0,0,0,0,0,4,0,0,0,0,0,0,0,0,0
ubt,bintrie,5,4,storage_mixed_k1000,1,,4086,0,0,0.042,5.0422,0.0029,2.4164,8.0903,0,4,0,0,0,0,0,0,0,0,0,0,4,0,0,0,0,0,0,0,0,0
ubt,bintrie,5,4,storage_mixed_k1000,1,,4087,91750,2,0.5845,14.0889,2.8898,23.0226,41.2618,2.2236,11,0,0,0,3,0,0,0,1,306,4,7,36.36,0,0,0,0,0,0,0,0
ubt,bintrie,5,4,storage_mixed_k1000,1,,4088,0,0,0.0983,51.0357,0.0032,0.1925,51.7605,0,4,0,0,0,0,0,0,0,0,0,0,4,0,0,0,0,0,0,0,0,0
ubt,bintrie,5,4,storage_mixed_k1000,1,,4089,99909508,1,1221.1834,240.4017,55.7308,67.3836,1585.2001,63.0264,1007,13958,1001,28306,158,0,1346,0,0,0,170,837,16.88,3317,10641,23.76,1001,0,100,28306,0
ubt,bintrie,5,4,storage_mixed_k1000,1,,4090,21000,1,0.2849,10.0036,48.4262,0.8301,63.0302,0.3332,6,0,0,0,2,0,0,0,0,0,2,4,33.33,0,0,0,0,0,0,0,0
ubt,bintrie,5,4,storage_mixed_k1000,1,,4091,0,0,0.3398,33.5542,0.0076,0.6102,35.1578,0,4,0,0,0,0,0,0,0,0,0,0,4,0,0,0,0,0,0,0,0,0
ubt,bintrie,5,4,storage_mixed_k1000,2,,4093,0,0,0.259,5.2467,0.0111,0.602,6.8692,0,4,0,0,0,0,0,0,0,0,0,0,4,0,0,0,0,0,0,0,0,0
ubt,bintrie,5,4,storage_mixed_k1000,2,,4094,0,0,0.0583,1.1748,0.005,0.2082,1.7701,0,4,0,0,0,0,0,0,0,0,0,0,4,0,0,0,0,0,0,0,0,0
ubt,bintrie,5,4,storage_mixed_k1000,2,,4095,0,0,0.0437,6.5361,0.0038,0.1575,10.2597,0,4,0,0,0,0,0,0,0,0,0,0,4,0,0,0,0,0,0,0,0,0
ubt,bintrie,5,4,storage_mixed_k1000,2,,4096,0,0,0.0528,8.8434,0.0038,0.2809,9.8838,0,4,0,0,0,0,0,0,0,0,0,0,4,0,0,0,0,0,0,0,0,0
ubt,bintrie,5,4,storage_mixed_k1000,2,,4097,0,0,0.226,56.6919,0.0029,0.1502,57.8786,0,4,0,0,0,0,0,0,0,0,0,0,4,0,0,0,0,0,0,0,0,0
ubt,bintrie,5,4,storage_mixed_k1000,2,,4098,0,0,0.1627,5.886,0.009,0.5813,7.2792,0,4,0,0,0,0,0,0,0,0,0,0,4,0,0,0,0,0,0,0,0,0
ubt,bintrie,5,4,storage_mixed_k1000,2,,4099,0,0,0.0295,1.7844,0.0023,0.1508,2.1023,0,4,0,0,0,0,0,0,0,0,0,0,4,0,0,0,0,0,0,0,0,0
ubt,bintrie,5,4,storage_mixed_k1000,2,,4100,0,0,0.0995,23.6527,0.0114,0.7504,25.1693,0,4,0,0,0,0,0,0,0,0,0,0,4,0,0,0,0,0,0,0,0,0
ubt,bintrie,5,4,storage_mixed_k1000,2,,4101,0,0,0.1339,6.9774,0.0096,0.4853,8.3234,0,4,0,0,0,0,0,0,0,0,0,0,4,0,0,0,0,0,0,0,0,0
ubt,bintrie,5,4,storage_mixed_k1000,2,,4102,0,0,0.18,24.1724,0.0038,0.1482,25.0605,0,4,0,0,0,0,0,0,0,0,0,0,4,0,0,0,0,0,0,0,0,0
ubt,bintrie,5,4,storage_mixed_k1000,2,,4103,0,0,0.0542,5.3867,0.0064,1.4405,7.7065,0,4,0,0,0,0,0,0,0,0,0,0,4,0,0,0,0,0,0,0,0,0
ubt,bintrie,5,4,storage_mixed_k1000,2,,4104,0,0,0.0338,4.0955,0.0017,0.1829,4.5073,0,4,0,0,0,0,0,0,0,0,0,0,4,0,0,0,0,0,0,0,0,0
ubt,bintrie,5,4,storage_mixed_k1000,2,,4105,0,0,0.0601,13.0774,0.0026,0.1657,13.5534,0,4,0,0,0,0,0,0,0,0,0,0,4,0,0,0,0,0,0,0,0,0
ubt,bintrie,5,4,storage_mixed_k1000,2,,4106,0,0,0.0951,6.9234,0.009,0.6676,8.053,0,4,0,0,0,0,0,0,0,0,0,0,4,0,0,0,0,0,0,0,0,0
ubt,bintrie,5,4,storage_mixed_k1000,2,,4107,0,0,0.0595,4.6368,0.0055,0.2015,5.2277,0,4,0,0,0,0,0,0,0,0,0,0,4,0,0,0,0,0,0,0,0,0
ubt,bintrie,5,4,storage_mixed_k1000,2,,4108,0,0,0.0388,11.3619,0.0026,0.1272,11.73,0,4,0,0,0,0,0,0,0,0,0,0,4,0,0,0,0,0,0,0,0,0
ubt,bintrie,5,4,storage_mixed_k1000,2,,4109,0,0,0.0846,2.9741,0.0023,0.1537,3.4322,0,4,0,0,0,0,0,0,0,0,0,0,4,0,0,0,0,0,0,0,0,0
ubt,bintrie,5,4,storage_mixed_k1000,2,,4110,0,0,0.0478,10.983,0.0047,0.2701,11.6885,0,4,0,0,0,0,0,0,0,0,0,0,4,0,0,0,0,0,0,0,0,0
ubt,bintrie,5,4,storage_mixed_k1000,2,,4111,91750,2,0.1779,3.7058,14.6699,12.0187,30.7774,2.9811,11,0,0,0,3,0,0,0,1,306,4,7,36.36,0,0,0,0,0,0,0,0
ubt,bintrie,5,4,storage_mixed_k1000,2,,4112,99909508,1,1264.5448,125.1416,46.1618,32.9318,1469.1175,68.0065,1007,13958,1001,28306,158,0,1346,0,0,0,363,644,36.05,7245,6713,51.91,1001,0,100,28306,0
ubt,bintrie,5,4,storage_mixed_k1000,2,,4113,21000,1,1.1652,49.4295,13.4017,0.8228,65.9713,0.3183,6,0,0,0,2,0,0,0,0,0,2,4,33.33,0,0,0,0,0,0,0,0
ubt,bintrie,5,4,storage_mixed_k1000,2,,4114,0,0,0.0335,4.2186,0.0041,0.1762,4.6858,0,4,0,0,0,0,0,0,0,0,0,0,4,0,0,0,0,0,0,0,0,0
ubt,bintrie,5,4,storage_mixed_k1000,2,,4115,0,0,0.0563,23.4967,0.0035,0.2109,24.0097,0,4,0,0,0,0,0,0,0,0,0,0,4,0,0,0,0,0,0,0,0,0
ubt,bintrie,5,4,storage_mixed_k1000,3,,4116,0,0,0.049,0.6775,0.002,0.1887,1.1042,0,4,0,0,0,0,0,0,0,0,0,0,4,0,0,0,0,0,0,0,0,0
ubt,bintrie,5,4,storage_mixed_k1000,3,,4117,0,0,0.1024,18.2345,0.0055,0.3281,18.9996,0,4,0,0,0,0,0,0,0,0,0,0,4,0,0,0,0,0,0,0,0,0
ubt,bintrie,5,4,storage_mixed_k1000,3,,4118,0,0,0.0919,3.2249,0.0038,0.3383,4.0001,0,4,0,0,0,0,0,0,0,0,0,0,4,0,0,0,0,0,0,0,0,0
ubt,bintrie,5,4,storage_mixed_k1000,3,,4119,0,0,0.0534,9.3661,0.0076,0.4433,10.1652,0,4,0,0,0,0,0,0,0,0,0,0,4,0,0,0,0,0,0,0,0,0
ubt,bintrie,5,4,storage_mixed_k1000,3,,4120,0,0,0.0881,16.7975,0.0058,0.4982,17.662,0,4,0,0,0,0,0,0,0,0,0,0,4,0,0,0,0,0,0,0,0,0
ubt,bintrie,5,4,storage_mixed_k1000,3,,4121,0,0,0.0534,10.6123,0.0038,0.2704,11.2187,0,4,0,0,0,0,0,0,0,0,0,0,4,0,0,0,0,0,0,0,0,0
ubt,bintrie,5,4,storage_mixed_k1000,3,,4122,0,0,0.0254,1.7278,0.002,0.1292,2.0031,0,4,0,0,0,0,0,0,0,0,0,0,4,0,0,0,0,0,0,0,0,0
ubt,bintrie,5,4,storage_mixed_k1000,3,,4123,0,0,0.0971,66.1973,0.0029,0.177,66.8364,0,4,0,0,0,0,0,0,0,0,0,0,4,0,0,0,0,0,0,0,0,0
ubt,bintrie,5,4,storage_mixed_k1000,3,,4124,0,0,0.0303,4.1004,0.0017,0.1727,4.5484,0,4,0,0,0,0,0,0,0,0,0,0,4,0,0,0,0,0,0,0,0,0
ubt,bintrie,5,4,storage_mixed_k1000,3,,4125,0,0,0.0461,0.9604,0.0029,0.2117,1.4653,0,4,0,0,0,0,0,0,0,0,0,0,4,0,0,0,0,0,0,0,0,0
ubt,bintrie,5,4,storage_mixed_k1000,3,,4126,0,0,0.0388,4.1754,0.0038,0.2007,4.6945,0,4,0,0,0,0,0,0,0,0,0,0,4,0,0,0,0,0,0,0,0,0
ubt,bintrie,5,4,storage_mixed_k1000,3,,4127,0,0,0.0572,22.1959,0.0032,0.2015,22.699,0,4,0,0,0,0,0,0,0,0,0,0,4,0,0,0,0,0,0,0,0,0
ubt,bintrie,5,4,storage_mixed_k1000,3,,4128,0,0,0.0379,4.29,0.0023,0.1832,4.8217,0,4,0,0,0,0,0,0,0,0,0,0,4,0,0,0,0,0,0,0,0,0
ubt,bintrie,5,4,storage_mixed_k1000,3,,4129,0,0,0.0659,21.7563,0.0035,0.1887,22.2656,0,4,0,0,0,0,0,0,0,0,0,0,4,0,0,0,0,0,0,0,0,0
ubt,bintrie,5,4,storage_mixed_k1000,3,,4130,0,0,0.0726,6.056,0.0041,1.2506,8.2405,0,4,0,0,0,0,0,0,0,0,0,0,4,0,0,0,0,0,0,0,0,0
ubt,bintrie,5,4,storage_mixed_k1000,3,,4131,0,0,0.0653,13.9959,0.0029,0.2362,14.4984,0,4,0,0,0,0,0,0,0,0,0,0,4,0,0,0,0,0,0,0,0,0
ubt,bintrie,5,4,storage_mixed_k1000,3,,4132,0,0,0.0703,92.3426,0.0035,0.2269,92.864,0,4,0,0,0,0,0,0,0,0,0,0,4,0,0,0,0,0,0,0,0,0
ubt,bintrie,5,4,storage_mixed_k1000,3,,4133,0,0,0.0744,8.0676,0.0067,0.3456,8.8268,0,4,0,0,0,0,0,0,0,0,0,0,4,0,0,0,0,0,0,0,0,0
ubt,bintrie,5,4,storage_mixed_k1000,3,,4134,91750,2,0.1823,18.6114,43.0489,11.3972,73.5521,1.2474,11,0,0,0,3,0,0,0,1,306,4,7,36.36,0,0,0,0,0,0,0,0
ubt,bintrie,5,4,storage_mixed_k1000,3,,4135,0,0,0.3153,7.6065,0.0125,0.9823,9.6644,0,4,0,0,0,0,0,0,0,0,0,0,4,0,0,0,0,0,0,0,0,0
ubt,bintrie,5,4,storage_mixed_k1000,3,,4136,99909508,1,1214.8726,227.2428,93.5252,21.5472,1558.192,64.1189,1007,13958,1001,28306,158,0,1346,0,0,0,342,665,33.96,4562,9396,32.68,1001,0,100,28306,0
ubt,bintrie,5,4,storage_mixed_k1000,3,,4137,21000,1,0.2129,58.8198,2.1195,0.8236,62.4017,0.3365,6,0,0,0,2,0,0,0,0,0,2,4,33.33,0,0,0,0,0,0,0,0
ubt,bintrie,5,4,storage_mixed_k1000,3,,4138,0,0,0.1312,81.8309,0.0038,0.2899,82.7,0,4,0,0,0,0,0,0,0,0,0,0,4,0,0,0,0,0,0,0,0,0
ubt,bintrie,5,4,storage_mixed_k1000,3,,4139,0,0,0.03,2.5949,0.0029,0.1975,3.0385,0,4,0,0,0,0,0,0,0,0,0,0,4,0,0,0,0,0,0,0,0,0
ubt,bintrie,5,4,storage_mixed_k1000,4,,4140,0,0,0.0359,0.5063,0.0018,0.1248,0.8318,0,4,0,0,0,0,0,0,0,0,0,0,4,0,0,0,0,0,0,0,0,0
ubt,bintrie,5,4,storage_mixed_k1000,4,,4141,0,0,0.1053,19.4476,0.0047,0.2243,20.1822,0,4,0,0,0,0,0,0,0,0,0,0,4,0,0,0,0,0,0,0,0,0
ubt,bintrie,5,4,storage_mixed_k1000,4,,4142,0,0,0.0554,6.7175,0.0029,0.2295,7.3737,0,4,0,0,0,0,0,0,0,0,0,0,4,0,0,0,0,0,0,0,0,0
ubt,bintrie,5,4,storage_mixed_k1000,4,,4143,0,0,0.0417,17.5401,0.0038,0.5591,19.2297,0,4,0,0,0,0,0,0,0,0,0,0,4,0,0,0,0,0,0,0,0,0
ubt,bintrie,5,4,storage_mixed_k1000,4,,4144,0,0,0.0478,10.5753,0.0029,0.1301,10.9935,0,4,0,0,0,0,0,0,0,0,0,0,4,0,0,0,0,0,0,0,0,0
ubt,bintrie,5,4,storage_mixed_k1000,4,,4145,0,0,0.1371,84.4071,0.0032,0.189,85.1505,0,4,0,0,0,0,0,0,0,0,0,0,4,0,0,0,0,0,0,0,0,0
ubt,bintrie,5,4,storage_mixed_k1000,4,,4146,0,0,0.0394,4.1296,0.0038,0.2141,4.6709,0,4,0,0,0,0,0,0,0,0,0,0,4,0,0,0,0,0,0,0,0,0
ubt,bintrie,5,4,storage_mixed_k1000,4,,4147,0,0,0.3313,24.6767,0.0029,0.1695,26.4273,0,4,0,0,0,0,0,0,0,0,0,0,4,0,0,0,0,0,0,0,0,0
ubt,bintrie,5,4,storage_mixed_k1000,4,,4148,0,0,0.1027,22.2799,0.0093,0.595,23.513,0,4,0,0,0,0,0,0,0,0,0,0,4,0,0,0,0,0,0,0,0,0
ubt,bintrie,5,4,storage_mixed_k1000,4,,4149,0,0,0.0397,4.6715,0.0029,0.1709,5.1317,0,4,0,0,0,0,0,0,0,0,0,0,4,0,0,0,0,0,0,0,0,0
ubt,bintrie,5,4,storage_mixed_k1000,4,,4150,0,0,0.035,1.8363,0.0015,0.105,2.1119,0,4,0,0,0,0,0,0,0,0,0,0,4,0,0,0,0,0,0,0,0,0
ubt,bintrie,5,4,storage_mixed_k1000,4,,4151,0,0,0.075,6.2867,0.0079,1.2241,8.3397,0,4,0,0,0,0,0,0,0,0,0,0,4,0,0,0,0,0,0,0,0,0
ubt,bintrie,5,4,storage_mixed_k1000,4,,4152,0,0,0.051,7.1413,0.0035,0.2042,7.6823,0,4,0,0,0,0,0,0,0,0,0,0,4,0,0,0,0,0,0,0,0,0
ubt,bintrie,5,4,storage_mixed_k1000,4,,4153,0,0,0.0455,5.5593,0.0029,0.1397,5.9577,0,4,0,0,0,0,0,0,0,0,0,0,4,0,0,0,0,0,0,0,0,0
ubt,bintrie,5,4,storage_mixed_k1000,4,,4154,0,0,0.1517,8.9921,0.0152,1.3804,11.508,0,4,0,0,0,0,0,0,0,0,0,0,4,0,0,0,0,0,0,0,0,0
ubt,bintrie,5,4,storage_mixed_k1000,4,,4155,0,0,0.1275,24.5653,0.0105,3.8479,33.5857,0,4,0,0,0,0,0,0,0,0,0,0,4,0,0,0,0,0,0,0,0,0
ubt,bintrie,5,4,storage_mixed_k1000,4,,4156,0,0,0.2587,53.8907,0.0026,0.1353,55.7999,0,4,0,0,0,0,0,0,0,0,0,0,4,0,0,0,0,0,0,0,0,0
ubt,bintrie,5,4,storage_mixed_k1000,4,,4157,0,0,0.0863,64.0471,0.005,0.2969,66.4244,0,4,0,0,0,0,0,0,0,0,0,0,4,0,0,0,0,0,0,0,0,0
ubt,bintrie,5,4,storage_mixed_k1000,4,,4158,91750,2,0.4932,54.0858,11.3164,27.6426,94.3269,0.9727,11,0,0,0,3,0,0,0,1,306,5,6,45.45,0,0,0,0,0,0,0,0
ubt,bintrie,5,4,storage_mixed_k1000,4,,4159,99909508,1,1184.0224,219.9613,87.379,20.0227,1511.8802,66.083,1007,13958,1001,28306,158,0,1346,0,0,0,130,877,12.91,3208,10750,22.98,1001,0,100,28306,0
ubt,bintrie,5,4,storage_mixed_k1000,4,,4160,21000,1,1.2868,45.2118,1.7858,1.5143,60.2981,0.3483,6,0,0,0,2,0,0,0,0,0,0,6,0,0,0,0,0,0,0,0,0
ubt,bintrie,5,4,storage_mixed_k1000,4,,4161,0,0,0.1024,7.8328,0.0102,0.688,9.0793,0,4,0,0,0,0,0,0,0,0,0,0,4,0,0,0,0,0,0,0,0,0
ubt,bintrie,5,4,storage_mixed_k1000,4,,4162,0,0,0.0347,4.1663,0.0032,0.3821,5.2467,0,4,0,0,0,0,0,0,0,0,0,0,4,0,0,0,0,0,0,0,0,0
ubt,bintrie,5,4,storage_mixed_k1000,5,,4163,0,0,0.2637,14.734,0.0149,0.5221,38.0405,0,4,0,0,0,0,0,0,0,0,0,0,4,0,0,0,0,0,0,0,0,0
ubt,bintrie,5,4,storage_mixed_k1000,5,,4164,0,0,0.0945,1.729,0.007,0.3911,2.9592,0,4,0,0,0,0,0,0,0,0,0,0,4,0,0,0,0,0,0,0,0,0
ubt,bintrie,5,4,storage_mixed_k1000,5,,4165,0,0,0.0388,12.495,0.0029,0.1225,12.8111,0,4,0,0,0,0,0,0,0,0,0,0,4,0,0,0,0,0,0,0,0,0
ubt,bintrie,5,4,storage_mixed_k1000,5,,4166,0,0,0.0502,3.5002,0.0035,3.0029,6.772,0,4,0,0,0,0,0,0,0,0,0,0,4,0,0,0,0,0,0,0,0,0
ubt,bintrie,5,4,storage_mixed_k1000,5,,4167,0,0,0.0825,86.0166,0.007,3.4459,89.9698,0,4,0,0,0,0,0,0,0,0,0,0,4,0,0,0,0,0,0,0,0,0
ubt,bintrie,5,4,storage_mixed_k1000,5,,4168,0,0,0.0688,6.3745,0.0058,1.6537,8.5188,0,4,0,0,0,0,0,0,0,0,0,0,4,0,0,0,0,0,0,0,0,0
ubt,bintrie,5,4,storage_mixed_k1000,5,,4169,0,0,0.0327,4.0908,0.0035,0.1983,4.533,0,4,0,0,0,0,0,0,0,0,0,0,4,0,0,0,0,0,0,0,0,0
ubt,bintrie,5,4,storage_mixed_k1000,5,,4170,0,0,0.0408,2.3064,0.0026,0.1899,2.8122,0,4,0,0,0,0,0,0,0,0,0,0,4,0,0,0,0,0,0,0,0,0
ubt,bintrie,5,4,storage_mixed_k1000,5,,4171,0,0,0.075,13.5315,0.0076,0.4139,14.4042,0,4,0,0,0,0,0,0,0,0,0,0,4,0,0,0,0,0,0,0,0,0
ubt,bintrie,5,4,storage_mixed_k1000,5,,4172,0,0,0.0362,4.1678,0.0035,0.1928,4.5887,0,4,0,0,0,0,0,0,0,0,0,0,4,0,0,0,0,0,0,0,0,0
ubt,bintrie,5,4,storage_mixed_k1000,5,,4173,0,0,0.0487,12.5722,0.0029,0.1674,12.9739,0,4,0,0,0,0,0,0,0,0,0,0,4,0,0,0,0,0,0,0,0,0
ubt,bintrie,5,4,storage_mixed_k1000,5,,4174,0,0,0.0793,5.6556,0.0251,1.2083,20.8294,0,4,0,0,0,0,0,0,0,0,0,0,4,0,0,0,0,0,0,0,0,0
ubt,bintrie,5,4,storage_mixed_k1000,5,,4175,0,0,0.051,7.0179,0.0055,0.1864,7.5796,0,4,0,0,0,0,0,0,0,0,0,0,4,0,0,0,0,0,0,0,0,0
ubt,bintrie,5,4,storage_mixed_k1000,5,,4176,0,0,0.0359,4.6572,0.0018,0.1222,4.9775,0,4,0,0,0,0,0,0,0,0,0,0,4,0,0,0,0,0,0,0,0,0
ubt,bintrie,5,4,storage_mixed_k1000,5,,4177,0,0,0.1088,76.13,0.0047,0.2348,76.8921,0,4,0,0,0,0,0,0,0,0,0,0,4,0,0,0,0,0,0,0,0,0
ubt,bintrie,5,4,storage_mixed_k1000,5,,4178,0,0,0.0575,3.4512,0.0029,0.4299,4.1252,0,4,0,0,0,0,0,0,0,0,0,0,4,0,0,0,0,0,0,0,0,0
ubt,bintrie,5,4,storage_mixed_k1000,5,,4179,0,0,0.072,46.8328,0.0026,0.1438,48.2698,0,4,0,0,0,0,0,0,0,0,0,0,4,0,0,0,0,0,0,0,0,0
ubt,bintrie,5,4,storage_mixed_k1000,5,,4180,0,0,0.147,65.0294,0.0035,0.2301,65.8741,0,4,0,0,0,0,0,0,0,0,0,0,4,0,0,0,0,0,0,0,0,0
ubt,bintrie,5,4,storage_mixed_k1000,5,,4181,91750,2,1.8302,32.142,36.8219,26.5949,107.1438,0.8563,11,0,0,0,3,0,0,0,1,306,4,7,36.36,0,0,0,0,0,0,0,0
ubt,bintrie,5,4,storage_mixed_k1000,5,,4182,99909508,1,1208.4357,254.2382,94.9101,20.0146,1578.2046,63.3058,1007,13958,1001,28306,158,0,1346,0,0,0,44,963,4.37,1926,12032,13.8,1001,0,100,28306,0
ubt,bintrie,5,4,storage_mixed_k1000,5,,4183,21000,1,0.1091,14.2615,39.8473,2.5243,57.1234,0.3676,6,0,0,0,2,0,0,0,0,0,2,4,33.33,0,0,0,0,0,0,0,0
ubt,bintrie,5,4,storage_mixed_k1000,5,,4184,0,0,0.1747,22.2463,0.0055,0.2605,23.2633,0,4,0,0,0,0,0,0,0,0,0,0,4,0,0,0,0,0,0,0,0,0
ubt,bintrie,5,4,storage_mixed_k1000,6,,4186,0,0,0.0799,2.4354,0.0123,1.1593,17.2572,0,4,0,0,0,0,0,0,0,0,0,0,4,0,0,0,0,0,0,0,0,0
ubt,bintrie,5,4,storage_mixed_k1000,6,,4187,0,0,0.0712,1.29,0.0061,1.3679,3.1205,0,4,0,0,0,0,0,0,0,0,0,0,4,0,0,0,0,0,0,0,0,0
ubt,bintrie,5,4,storage_mixed_k1000,6,,4188,0,0,0.0508,4.1938,0.0026,0.1607,4.642,0,4,0,0,0,0,0,0,0,0,0,0,4,0,0,0,0,0,0,0,0,0
ubt,bintrie,5,4,storage_mixed_k1000,6,,4189,0,0,0.0601,22.3218,0.0044,2.4036,26.2925,0,4,0,0,0,0,0,0,0,0,0,0,4,0,0,0,0,0,0,0,0,0
ubt,bintrie,5,4,storage_mixed_k1000,6,,4190,0,0,0.0895,18.8452,0.0073,0.5232,19.7441,0,4,0,0,0,0,0,0,0,0,0,0,4,0,0,0,0,0,0,0,0,0
ubt,bintrie,5,4,storage_mixed_k1000,6,,4191,0,0,0.0362,4.0071,0.0029,0.1444,4.3936,0,4,0,0,0,0,0,0,0,0,0,0,4,0,0,0,0,0,0,0,0,0
ubt,bintrie,5,4,storage_mixed_k1000,6,,4192,0,0,0.0989,5.4599,0.0055,0.436,6.4559,0,4,0,0,0,0,0,0,0,0,0,0,4,0,0,0,0,0,0,0,0,0
ubt,bintrie,5,4,storage_mixed_k1000,6,,4193,0,0,0.0452,4.1844,0.0035,0.1884,4.6356,0,4,0,0,0,0,0,0,0,0,0,0,4,0,0,0,0,0,0,0,0,0
ubt,bintrie,5,4,storage_mixed_k1000,6,,4194,0,0,0.0403,2.9796,0.0023,0.1447,3.3307,0,4,0,0,0,0,0,0,0,0,0,0,4,0,0,0,0,0,0,0,0,0
ubt,bintrie,5,4,storage_mixed_k1000,6,,4195,0,0,0.0942,81.3095,0.0023,0.1808,81.894,0,4,0,0,0,0,0,0,0,0,0,0,4,0,0,0,0,0,0,0,0,0
ubt,bintrie,5,4,storage_mixed_k1000,6,,4196,0,0,0.0592,6.9601,0.0192,0.2526,7.5228,0,4,0,0,0,0,0,0,0,0,0,0,4,0,0,0,0,0,0,0,0,0
ubt,bintrie,5,4,storage_mixed_k1000,6,,4197,0,0,0.0936,18.7884,0.0038,0.4661,19.8655,0,4,0,0,0,0,0,0,0,0,0,0,4,0,0,0,0,0,0,0,0,0
ubt,bintrie,5,4,storage_mixed_k1000,6,,4198,0,0,0.0446,4.2638,0.0044,0.2225,4.7949,0,4,0,0,0,0,0,0,0,0,0,0,4,0,0,0,0,0,0,0,0,0
ubt,bintrie,5,4,storage_mixed_k1000,6,,4199,0,0,0.1765,9.7595,0.0052,0.2957,10.8252,0,4,0,0,0,0,0,0,0,0,0,0,4,0,0,0,0,0,0,0,0,0
ubt,bintrie,5,4,storage_mixed_k1000,6,,4200,0,0,0.0965,6.2564,0.0146,0.9295,11.1959,0,4,0,0,0,0,0,0,0,0,0,0,4,0,0,0,0,0,0,0,0,0
ubt,bintrie,5,4,storage_mixed_k1000,6,,4201,0,0,0.0493,56.8802,0.0047,0.1283,57.2553,0,4,0,0,0,0,0,0,0,0,0,0,4,0,0,0,0,0,0,0,0,0
ubt,bintrie,5,4,storage_mixed_k1000,6,,4202,0,0,0.0671,3.2392,0.0047,0.1566,3.6685,0,4,0,0,0,0,0,0,0,0,0,0,4,0,0,0,0,0,0,0,0,0
ubt,bintrie,5,4,storage_mixed_k1000,6,,4203,0,0,0.0814,4.0803,0.0064,3.821,8.2542,0,4,0,0,0,0,0,0,0,0,0,0,4,0,0,0,0,0,0,0,0,0
ubt,bintrie,5,4,storage_mixed_k1000,6,,4204,91750,2,0.4171,24.8339,3.2887,50.9939,79.8693,1.1488,11,0,0,0,3,0,0,0,1,306,6,5,54.55,0,0,0,0,0,0,0,0
ubt,bintrie,5,4,storage_mixed_k1000,6,,4205,99909508,1,1312.8962,159.4919,66.0809,37.2475,1576.1274,63.3892,1007,13958,1001,28306,158,0,1346,0,0,0,232,775,23.04,7639,6319,54.73,1001,0,100,28306,0
ubt,bintrie,5,4,storage_mixed_k1000,6,,4206,21000,1,0.4912,49.0824,15.0907,0.7927,70.9845,0.2958,6,0,0,0,2,0,0,0,0,0,0,6,0,0,0,0,0,0,0,0,0
ubt,bintrie,5,4,storage_mixed_k1000,6,,4207,0,0,0.1047,66.222,0.0035,0.231,67.0643,0,4,0,0,0,0,0,0,0,0,0,0,4,0,0,0,0,0,0,0,0,0
ubt,bintrie,5,4,storage_mixed_k1000,7,,4208,0,0,0.2094,28.8748,0.0047,0.6828,30.4247,0,4,0,0,0,0,0,0,0,0,0,0,4,0,0,0,0,0,0,0,0,0
ubt,bintrie,5,4,storage_mixed_k1000,7,,4209,0,0,0.0388,0.8032,0.0029,0.1581,1.22,0,4,0,0,0,0,0,0,0,0,0,0,4,0,0,0,0,0,0,0,0,0
ubt,bintrie,5,4,storage_mixed_k1000,7,,4210,0,0,0.0738,18.7286,0.0035,0.1301,19.3011,0,4,0,0,0,0,0,0,0,0,0,0,4,0,0,0,0,0,0,0,0,0
ubt,bintrie,5,4,storage_mixed_k1000,7,,4211,0,0,0.0677,81.1176,0.0041,0.1552,81.5627,0,4,0,0,0,0,0,0,0,0,0,0,4,0,0,0,0,0,0,0,0,0
ubt,bintrie,5,4,storage_mixed_k1000,7,,4212,0,0,0.0825,29.0186,0.007,10.0237,47.0676,0,4,0,0,0,0,0,0,0,0,0,0,4,0,0,0,0,0,0,0,0,0
ubt,bintrie,5,4,storage_mixed_k1000,7,,4213,0,0,0.1018,2.8673,0.0035,0.1365,3.5119,0,4,0,0,0,0,0,0,0,0,0,0,4,0,0,0,0,0,0,0,0,0
ubt,bintrie,5,4,storage_mixed_k1000,7,,4214,0,0,0.0732,7.864,0.0079,1.9734,10.3396,0,4,0,0,0,0,0,0,0,0,0,0,4,0,0,0,0,0,0,0,0,0
ubt,bintrie,5,4,storage_mixed_k1000,7,,4215,0,0,0.0414,4.3513,0.0041,0.1747,4.8383,0,4,0,0,0,0,0,0,0,0,0,0,4,0,0,0,0,0,0,0,0,0
ubt,bintrie,5,4,storage_mixed_k1000,7,,4216,0,0,0.0338,8.8416,0.0023,0.1476,9.1613,0,4,0,0,0,0,0,0,0,0,0,0,4,0,0,0,0,0,0,0,0,0
ubt,bintrie,5,4,storage_mixed_k1000,7,,4217,0,0,0.0995,74.077,0.0023,0.1438,75.7036,0,4,0,0,0,0,0,0,0,0,0,0,4,0,0,0,0,0,0,0,0,0
ubt,bintrie,5,4,storage_mixed_k1000,7,,4218,0,0,0.105,25.2789,0.0064,0.5906,26.4835,0,4,0,0,0,0,0,0,0,0,0,0,4,0,0,0,0,0,0,0,0,0
ubt,bintrie,5,4,storage_mixed_k1000,7,,4219,0,0,0.0472,4.6304,0.005,0.3815,5.3289,0,4,0,0,0,0,0,0,0,0,0,0,4,0,0,0,0,0,0,0,0,0
ubt,bintrie,5,4,storage_mixed_k1000,7,,4220,0,0,0.0306,2.8078,0.0018,0.138,3.1123,0,4,0,0,0,0,0,0,0,0,0,0,4,0,0,0,0,0,0,0,0,0
ubt,bintrie,5,4,storage_mixed_k1000,7,,4221,0,0,0.2879,82.0953,0.0032,0.1884,83.1974,0,4,0,0,0,0,0,0,0,0,0,0,4,0,0,0,0,0,0,0,0,0
ubt,bintrie,5,4,storage_mixed_k1000,7,,4222,0,0,0.1038,7.3816,0.0297,1.4344,20.4275,0,4,0,0,0,0,0,0,0,0,0,0,4,0,0,0,0,0,0,0,0,0
ubt,bintrie,5,4,storage_mixed_k1000,7,,4223,0,0,0.0671,45.2377,0.0026,0.1531,45.7283,0,4,0,0,0,0,0,0,0,0,0,0,4,0,0,0,0,0,0,0,0,0
ubt,bintrie,5,4,storage_mixed_k1000,7,,4224,0,0,0.0367,7.4994,0.0047,0.1782,12.0403,0,4,0,0,0,0,0,0,0,0,0,0,4,0,0,0,0,0,0,0,0,0
ubt,bintrie,5,4,storage_mixed_k1000,7,,4225,0,0,0.0665,7.1888,0.0041,0.2179,7.7403,0,4,0,0,0,0,0,0,0,0,0,0,4,0,0,0,0,0,0,0,0,0
ubt,bintrie,5,4,storage_mixed_k1000,7,,4226,91750,2,0.9041,45.3833,3.7356,23.7451,78.9232,1.1625,11,0,0,0,3,0,0,0,1,306,6,5,54.55,0,0,0,0,0,0,0,0
ubt,bintrie,5,4,storage_mixed_k1000,7,,4227,0,0,0.1178,79.8264,0.0038,0.4209,81.2136,0,4,0,0,0,0,0,0,0,0,0,0,4,0,0,0,0,0,0,0,0,0
ubt,bintrie,5,4,storage_mixed_k1000,7,,4228,99909508,1,1228.5871,255.5412,58.7844,37.479,1580.941,63.1962,1007,13958,1001,28306,158,0,1346,0,0,0,188,819,18.67,4302,9656,30.82,1001,0,100,28306,0
ubt,bintrie,5,4,storage_mixed_k1000,7,,4229,21000,1,0.0995,35.7985,6.9943,1.0086,44.1898,0.4752,6,0,0,0,2,0,0,0,0,0,2,4,33.33,0,0,0,0,0,0,0,0
ubt,bintrie,5,4,storage_mixed_k1000,7,,4230,0,0,0.1616,6.3439,0.0111,0.6084,7.89,0,4,0,0,0,0,0,0,0,0,0,0,4,0,0,0,0,0,0,0,0,0
ubt,bintrie,5,4,storage_mixed_k1000,8,,4232,0,0,0.3541,48.3859,0.0087,0.6081,50.0971,0,4,0,0,0,0,0,0,0,0,0,0,4,0,0,0,0,0,0,0,0,0
ubt,bintrie,5,4,storage_mixed_k1000,8,,4233,0,0,0.1272,4.0264,0.0123,0.9149,6.8537,0,4,0,0,0,0,0,0,0,0,0,0,4,0,0,0,0,0,0,0,0,0
ubt,bintrie,5,4,storage_mixed_k1000,8,,4234,0,0,0.0761,18.6178,0.0055,0.2467,19.2944,0,4,0,0,0,0,0,0,0,0,0,0,4,0,0,0,0,0,0,0,0,0
ubt,bintrie,5,4,storage_mixed_k1000,8,,4235,0,0,0.0475,4.1754,0.0035,0.2427,4.719,0,4,0,0,0,0,0,0,0,0,0,0,4,0,0,0,0,0,0,0,0,0
ubt,bintrie,5,4,storage_mixed_k1000,8,,4236,0,0,0.1006,55.808,0.0035,0.1295,56.4223,0,4,0,0,0,0,0,0,0,0,0,0,4,0,0,0,0,0,0,0,0,0
ubt,bintrie,5,4,storage_mixed_k1000,8,,4237,0,0,0.0688,22.7517,0.0082,0.4739,24.9403,0,4,0,0,0,0,0,0,0,0,0,0,4,0,0,0,0,0,0,0,0,0
ubt,bintrie,5,4,storage_mixed_k1000,8,,4238,0,0,0.098,23.4745,0.007,0.5092,24.4687,0,4,0,0,0,0,0,0,0,0,0,0,4,0,0,0,0,0,0,0,0,0
ubt,bintrie,5,4,storage_mixed_k1000,8,,4239,0,0,0.0782,5.5237,0.0032,0.2088,6.5352,0,4,0,0,0,0,0,0,0,0,0,0,4,0,0,0,0,0,0,0,0,0
ubt,bintrie,5,4,storage_mixed_k1000,8,,4240,0,0,0.0802,3.9607,0.0029,0.1601,4.3895,0,4,0,0,0,0,0,0,0,0,0,0,4,0,0,0,0,0,0,0,0,0
ubt,bintrie,5,4,storage_mixed_k1000,8,,4241,0,0,0.1207,8.2892,0.009,1.1631,10.078,0,4,0,0,0,0,0,0,0,0,0,0,4,0,0,0,0,0,0,0,0,0
ubt,bintrie,5,4,storage_mixed_k1000,8,,4242,0,0,0.145,21.798,0.0087,0.602,23.2018,0,4,0,0,0,0,0,0,0,0,0,0,4,0,0,0,0,0,0,0,0,0
ubt,bintrie,5,4,storage_mixed_k1000,8,,4243,0,0,0.042,4.8713,0.0029,0.1575,5.2542,0,4,0,0,0,0,0,0,0,0,0,0,4,0,0,0,0,0,0,0,0,0
ubt,bintrie,5,4,storage_mixed_k1000,8,,4244,0,0,0.1065,15.7688,0.0029,0.1598,16.3982,0,4,0,0,0,0,0,0,0,0,0,0,4,0,0,0,0,0,0,0,0,0
ubt,bintrie,5,4,storage_mixed_k1000,8,,4245,0,0,0.0417,4.3297,0.0032,0.2103,4.7984,0,4,0,0,0,0,0,0,0,0,0,0,4,0,0,0,0,0,0,0,0,0
ubt,bintrie,5,4,storage_mixed_k1000,8,,4246,0,0,0.0356,4.4665,0.0038,0.2062,4.9579,0,4,0,0,0,0,0,0,0,0,0,0,4,0,0,0,0,0,0,0,0,0
ubt,bintrie,5,4,storage_mixed_k1000,8,,4247,0,0,0.0429,7.4991,0.0035,0.275,11.8072,0,4,0,0,0,0,0,0,0,0,0,0,4,0,0,0,0,0,0,0,0,0
ubt,bintrie,5,4,storage_mixed_k1000,8,,4248,0,0,0.0432,9.8382,0.0026,0.3514,10.5758,0,4,0,0,0,0,0,0,0,0,0,0,4,0,0,0,0,0,0,0,0,0
ubt,bintrie,5,4,storage_mixed_k1000,8,,4249,0,0,0.0478,11.6853,0.0029,0.1429,12.0464,0,4,0,0,0,0,0,0,0,0,0,0,4,0,0,0,0,0,0,0,0,0
ubt,bintrie,5,4,storage_mixed_k1000,8,,4250,91750,2,0.1525,5.7871,5.6801,25.0057,36.9004,2.4864,11,0,0,0,3,0,0,0,1,306,5,6,45.45,0,0,0,0,0,0,0,0
ubt,bintrie,5,4,storage_mixed_k1000,8,,4251,99909508,1,1347.1306,158.0222,32.4298,38.7209,1576.5063,63.374,1007,13958,1001,28306,158,0,1346,0,0,0,176,831,17.48,6933,7025,49.67,1001,0,100,28306,0
ubt,bintrie,5,4,storage_mixed_k1000,8,,4252,21000,1,0.0773,10.2276,21.611,0.9911,33.1581,0.6333,6,0,0,0,2,0,0,0,0,0,2,4,33.33,0,0,0,0,0,0,0,0
ubt,bintrie,5,4,storage_mixed_k1000,8,,4253,0,0,0.1155,5.5698,0.0058,0.4594,6.4594,0,4,0,0,0,0,0,0,0,0,0,0,4,0,0,0,0,0,0,0,0,0
ubt,bintrie,5,4,storage_mixed_k1000,8,,4254,0,0,0.0391,5.0827,0.0023,0.1788,5.4992,0,4,0,0,0,0,0,0,0,0,0,0,4,0,0,0,0,0,0,0,0,0
ubt,bintrie,5,4,storage_mixed_k1000,9,,4255,0,0,0.208,8.6684,0.0055,0.6504,10.0576,0,4,0,0,0,0,0,0,0,0,0,0,4,0,0,0,0,0,0,0,0,0
ubt,bintrie,5,4,storage_mixed_k1000,9,,4256,0,0,0.1575,4.4635,0.0102,0.6624,5.7457,0,4,0,0,0,0,0,0,0,0,0,0,4,0,0,0,0,0,0,0,0,0
ubt,bintrie,5,4,storage_mixed_k1000,9,,4257,0,0,0.1423,17.8297,0.0058,0.3386,18.674,0,4,0,0,0,0,0,0,0,0,0,0,4,0,0,0,0,0,0,0,0,0
ubt,bintrie,5,4,storage_mixed_k1000,9,,4258,0,0,0.0522,53.6352,0.0032,0.1172,53.9656,0,4,0,0,0,0,0,0,0,0,0,0,4,0,0,0,0,0,0,0,0,0
ubt,bintrie,5,4,storage_mixed_k1000,9,,4259,0,0,0.0779,50.6623,0.0032,0.1231,51.1549,0,4,0,0,0,0,0,0,0,0,0,0,4,0,0,0,0,0,0,0,0,0
ubt,bintrie,5,4,storage_mixed_k1000,9,,4260,0,0,0.1662,46.1393,0.0038,0.2435,51.4495,0,4,0,0,0,0,0,0,0,0,0,0,4,0,0,0,0,0,0,0,0,0
ubt,bintrie,5,4,storage_mixed_k1000,9,,4261,0,0,0.1027,23.7795,0.0064,0.5594,24.8076,0,4,0,0,0,0,0,0,0,0,0,0,4,0,0,0,0,0,0,0,0,0
ubt,bintrie,5,4,storage_mixed_k1000,9,,4262,0,0,0.0373,4.2982,0.0044,0.2117,4.7797,0,4,0,0,0,0,0,0,0,0,0,0,4,0,0,0,0,0,0,0,0,0
ubt,bintrie,5,4,storage_mixed_k1000,9,,4263,0,0,0.0502,4.474,0.0052,0.177,4.9623,0,4,0,0,0,0,0,0,0,0,0,0,4,0,0,0,0,0,0,0,0,0
ubt,bintrie,5,4,storage_mixed_k1000,9,,4264,0,0,0.042,4.4665,0.0038,0.1835,4.9882,0,4,0,0,0,0,0,0,0,0,0,0,4,0,0,0,0,0,0,0,0,0
ubt,bintrie,5,4,storage_mixed_k1000,9,,4265,0,0,0.0595,12.8298,0.0053,0.2266,13.458,0,4,0,0,0,0,0,0,0,0,0,0,4,0,0,0,0,0,0,0,0,0
ubt,bintrie,5,4,storage_mixed_k1000,9,,4266,0,0,0.0432,4.3428,0.0044,0.1878,4.906,0,4,0,0,0,0,0,0,0,0,0,0,4,0,0,0,0,0,0,0,0,0
ubt,bintrie,5,4,storage_mixed_k1000,9,,4267,0,0,0.0297,2.0509,0.002,0.1452,2.3916,0,4,0,0,0,0,0,0,0,0,0,0,4,0,0,0,0,0,0,0,0,0
ubt,bintrie,5,4,storage_mixed_k1000,9,,4268,0,0,0.0645,32.557,0.0026,0.1342,33.0088,0,4,0,0,0,0,0,0,0,0,0,0,4,0,0,0,0,0,0,0,0,0
ubt,bintrie,5,4,storage_mixed_k1000,9,,4269,0,0,0.1753,7.9772,0.009,2.3269,16.8926,0,4,0,0,0,0,0,0,0,0,0,0,4,0,0,0,0,0,0,0,0,0
ubt,bintrie,5,4,storage_mixed_k1000,9,,4270,0,0,0.072,4.607,0.0053,0.236,5.237,0,4,0,0,0,0,0,0,0,0,0,0,4,0,0,0,0,0,0,0,0,0
ubt,bintrie,5,4,storage_mixed_k1000,9,,4271,0,0,0.0691,46.2014,0.0026,0.1417,48.5183,0,4,0,0,0,0,0,0,0,0,0,0,4,0,0,0,0,0,0,0,0,0
ubt,bintrie,5,4,storage_mixed_k1000,9,,4272,0,0,0.0569,6.9246,0.007,0.4713,7.9305,0,4,0,0,0,0,0,0,0,0,0,0,4,0,0,0,0,0,0,0,0,0
ubt,bintrie,5,4,storage_mixed_k1000,9,,4273,0,0,0.168,13.4755,0.009,0.4279,14.6836,0,4,0,0,0,0,0,0,0,0,0,0,4,0,0,0,0,0,0,0,0,0
ubt,bintrie,5,4,storage_mixed_k1000,9,,4274,91750,2,0.1257,7.0961,16.0911,35.0939,58.6018,1.5657,11,0,0,0,3,0,0,0,1,306,5,6,45.45,0,0,0,0,0,0,0,0
ubt,bintrie,5,4,storage_mixed_k1000,9,,4275,99909508,1,1311.7742,180.207,36.7373,20.6903,1550.1298,64.4523,1007,13958,1001,28306,158,0,1346,0,0,0,250,757,24.83,5078,8880,36.38,1001,0,100,28306,0
ubt,bintrie,5,4,storage_mixed_k1000,9,,4276,21000,1,0.3628,30.4215,10.806,0.8219,42.7073,0.4917,6,0,0,0,2,0,0,0,0,0,0,6,0,0,0,0,0,0,0,0,0
ubt,bintrie,5,4,storage_mixed_k1000,9,,4277,0,0,0.1321,2.3869,0.0131,0.3879,3.5425,0,4,0,0,0,0,0,0,0,0,0,0,4,0,0,0,0,0,0,0,0,0
ubt,bintrie,5,4,storage_mixed_k1000,9,,4278,0,0,0.0394,4.0774,0.002,0.1619,4.4408,0,4,0,0,0,0,0,0,0,0,0,0,4,0,0,0,0,0,0,0,0,0
ubt,bintrie,5,4,storage_mixed_k4500,10,,4508,0,0,0.1773,48.4568,0.0047,0.6256,49.7503,0,4,0,0,0,0,0,0,0,0,0,0,4,0,0,0,0,0,0,0,0,0
ubt,bintrie,5,4,storage_mixed_k4500,10,,4509,0,0,0.068,2.2049,0.007,1.1611,4.2474,0,4,0,0,0,0,0,0,0,0,0,0,4,0,0,0,0,0,0,0,0,0
ubt,bintrie,5,4,storage_mixed_k4500,10,,4510,0,0,0.0846,19.8474,0.0079,0.3167,20.5868,0,4,0,0,0,0,0,0,0,0,0,0,4,0,0,0,0,0,0,0,0,0
ubt,bintrie,5,4,storage_mixed_k4500,10,,4511,0,0,0.0496,45.4206,0.0026,0.1397,45.8479,0,4,0,0,0,0,0,0,0,0,0,0,4,0,0,0,0,0,0,0,0,0
ubt,bintrie,5,4,storage_mixed_k4500,10,,4512,0,0,0.0577,10.8448,0.0047,0.2001,11.2965,0,4,0,0,0,0,0,0,0,0,0,0,4,0,0,0,0,0,0,0,0,0
ubt,bintrie,5,4,storage_mixed_k4500,10,,4513,0,0,0.1998,22.6657,0.0055,0.4302,24.0312,0,4,0,0,0,0,0,0,0,0,0,0,4,0,0,0,0,0,0,0,0,0
ubt,bintrie,5,4,storage_mixed_k4500,10,,4514,0,0,0.0295,4.136,0.0035,0.1905,4.5528,0,4,0,0,0,0,0,0,0,0,0,0,4,0,0,0,0,0,0,0,0,0
ubt,bintrie,5,4,storage_mixed_k4500,10,,4515,0,0,0.0426,4.9223,0.0026,0.2138,5.4161,0,4,0,0,0,0,0,0,0,0,0,0,4,0,0,0,0,0,0,0,0,0
ubt,bintrie,5,4,storage_mixed_k4500,10,,4516,0,0,0.0455,4.2416,0.0032,0.1928,4.7027,0,4,0,0,0,0,0,0,0,0,0,0,4,0,0,0,0,0,0,0,0,0
ubt,bintrie,5,4,storage_mixed_k4500,10,,4517,0,0,0.0344,4.2308,0.002,0.1546,4.5753,0,4,0,0,0,0,0,0,0,0,0,0,4,0,0,0,0,0,0,0,0,0
ubt,bintrie,5,4,storage_mixed_k4500,10,,4518,0,0,0.1097,59.5539,0.0023,0.1482,60.1754,0,4,0,0,0,0,0,0,0,0,0,0,4,0,0,0,0,0,0,0,0,0
ubt,bintrie,5,4,storage_mixed_k4500,10,,4519,0,0,0.0405,4.2897,0.0029,0.215,4.7794,0,4,0,0,0,0,0,0,0,0,0,0,4,0,0,0,0,0,0,0,0,0
ubt,bintrie,5,4,storage_mixed_k4500,10,,4520,0,0,0.079,19.4117,0.0073,0.4497,20.3286,0,4,0,0,0,0,0,0,0,0,0,0,4,0,0,0,0,0,0,0,0,0
ubt,bintrie,5,4,storage_mixed_k4500,10,,4521,0,0,0.1435,11.6982,0.0082,0.7125,13.2827,0,4,0,0,0,0,0,0,0,0,0,0,4,0,0,0,0,0,0,0,0,0
ubt,bintrie,5,4,storage_mixed_k4500,10,,4522,0,0,0.0548,5.9323,0.17,1.1416,7.8687,0,4,0,0,0,0,0,0,0,0,0,0,4,0,0,0,0,0,0,0,0,0
ubt,bintrie,5,4,storage_mixed_k4500,10,,4523,0,0,0.0437,4.4703,0.0047,0.1931,4.9874,0,4,0,0,0,0,0,0,0,0,0,0,4,0,0,0,0,0,0,0,0,0
ubt,bintrie,5,4,storage_mixed_k4500,10,,4524,0,0,0.0878,39.4562,0.0035,0.2047,40.5957,0,4,0,0,0,0,0,0,0,0,0,0,4,0,0,0,0,0,0,0,0,0
ubt,bintrie,5,4,storage_mixed_k4500,10,,4525,0,0,0.0866,62.3555,0.0061,0.1928,64.244,0,4,0,0,0,0,0,0,0,0,0,0,4,0,0,0,0,0,0,0,0,0
ubt,bintrie,5,4,storage_mixed_k4500,10,,4526,0,0,0.0712,4.323,0.0032,0.2126,4.871,0,4,0,0,0,0,0,0,0,0,0,0,4,0,0,0,0,0,0,0,0,0
ubt,bintrie,5,4,storage_mixed_k4500,10,,4527,91794,2,0.6941,1.4493,24.5985,4.1833,31.2192,2.9403,11,0,0,0,3,0,0,0,1,308,4,7,36.36,0,0,0,0,0,0,0,0
ubt,bintrie,5,4,storage_mixed_k4500,10,,4528,0,0,0.1248,6.173,0.0061,0.5072,7.4986,0,4,0,0,0,0,0,0,0,0,0,0,4,0,0,0,0,0,0,0,0,0
ubt,bintrie,5,4,storage_mixed_k4500,10,,4529,99905997,1,935.954,404.3336,305.4011,167.6135,1813.8972,55.0781,4507,13959,4501,126308,1316,0,1314,0,0,0,2264,2243,50.23,5315,8644,38.08,4501,0,100,126308,0
ubt,bintrie,5,4,storage_mixed_k4500,10,,4530,21000,1,0.5352,29.1373,1.3734,0.7408,32.1965,0.6522,6,0,0,0,2,0,0,0,0,0,0,6,0,0,0,0,0,0,0,0,0
ubt,bintrie,5,4,storage_mixed_k4500,10,,4531,0,0,0.1922,4.547,0.0125,0.9199,7.2909,0,4,0,0,0,0,0,0,0,0,0,0,4,0,0,0,0,0,0,0,0,0
ubt,bintrie,5,4,storage_mixed_k4500,1,,4304,0,0,0.1855,11.0279,0.005,0.5746,12.4229,0,4,0,0,0,0,0,0,0,0,0,0,4,0,0,0,0,0,0,0,0,0
ubt,bintrie,5,4,storage_mixed_k4500,1,,4305,0,0,0.1202,4.1051,0.0085,0.8899,6.1983,0,4,0,0,0,0,0,0,0,0,0,0,4,0,0,0,0,0,0,0,0,0
ubt,bintrie,5,4,storage_mixed_k4500,1,,4306,0,0,0.1108,23.7618,0.0093,0.5273,24.8564,0,4,0,0,0,0,0,0,0,0,0,0,4,0,0,0,0,0,0,0,0,0
ubt,bintrie,5,4,storage_mixed_k4500,1,,4307,0,0,0.1275,31.7182,0.0029,0.1155,32.4036,0,4,0,0,0,0,0,0,0,0,0,0,4,0,0,0,0,0,0,0,0,0
ubt,bintrie,5,4,storage_mixed_k4500,1,,4308,0,0,0.1382,52.0259,0.002,0.1175,54.645,0,4,0,0,0,0,0,0,0,0,0,0,4,0,0,0,0,0,0,0,0,0
ubt,bintrie,5,4,storage_mixed_k4500,1,,4309,0,0,0.156,42.5102,0.0029,0.1642,43.242,0,4,0,0,0,0,0,0,0,0,0,0,4,0,0,0,0,0,0,0,0,0
ubt,bintrie,5,4,storage_mixed_k4500,1,,4310,0,0,0.2587,48.9183,0.0061,0.6279,50.6125,0,4,0,0,0,0,0,0,0,0,0,0,4,0,0,0,0,0,0,0,0,0
ubt,bintrie,5,4,storage_mixed_k4500,1,,4311,0,0,0.0563,14.0667,0.0041,0.2284,14.699,0,4,0,0,0,0,0,0,0,0,0,0,4,0,0,0,0,0,0,0,0,0
ubt,bintrie,5,4,storage_mixed_k4500,1,,4312,0,0,0.189,22.6476,0.07,2.0492,26.3048,0,4,0,0,0,0,0,0,0,0,0,0,4,0,0,0,0,0,0,0,0,0
ubt,bintrie,5,4,storage_mixed_k4500,1,,4313,0,0,0.0429,4.2743,0.0058,0.3459,5.2712,0,4,0,0,0,0,0,0,0,0,0,0,4,0,0,0,0,0,0,0,0,0
ubt,bintrie,5,4,storage_mixed_k4500,1,,4314,0,0,0.079,5.494,0.0067,1.9699,8.5447,0,4,0,0,0,0,0,0,0,0,0,0,4,0,0,0,0,0,0,0,0,0
ubt,bintrie,5,4,storage_mixed_k4500,1,,4315,0,0,0.0846,7.1655,0.0134,0.9651,9.0105,0,4,0,0,0,0,0,0,0,0,0,0,4,0,0,0,0,0,0,0,0,0
ubt,bintrie,5,4,storage_mixed_k4500,1,,4316,0,0,0.0365,4.1771,0.0041,0.238,4.6674,0,4,0,0,0,0,0,0,0,0,0,0,4,0,0,0,0,0,0,0,0,0
ubt,bintrie,5,4,storage_mixed_k4500,1,,4317,0,0,0.026,2.9808,0.0015,0.1056,3.2497,0,4,0,0,0,0,0,0,0,0,0,0,4,0,0,0,0,0,0,0,0,0
ubt,bintrie,5,4,storage_mixed_k4500,1,,4318,0,0,0.0449,11.4153,0.0018,0.1496,11.8431,0,4,0,0,0,0,0,0,0,0,0,0,4,0,0,0,0,0,0,0,0,0
ubt,bintrie,5,4,storage_mixed_k4500,1,,4319,0,0,0.1963,21.3197,0.0047,0.2039,81.3196,0,4,0,0,0,0,0,0,0,0,0,0,4,0,0,0,0,0,0,0,0,0
ubt,bintrie,5,4,storage_mixed_k4500,1,,4320,0,0,0.1747,22.1687,0.0026,0.1511,22.897,0,4,0,0,0,0,0,0,0,0,0,0,4,0,0,0,0,0,0,0,0,0
ubt,bintrie,5,4,storage_mixed_k4500,1,,4321,0,0,0.1085,41.0169,0.0064,0.4462,41.9695,0,4,0,0,0,0,0,0,0,0,0,0,4,0,0,0,0,0,0,0,0,0
ubt,bintrie,5,4,storage_mixed_k4500,1,,4322,91794,2,4.7284,11.7498,17.7212,34.8856,72.1672,1.272,11,0,0,0,3,0,0,0,1,308,4,7,36.36,0,0,0,0,0,0,0,0
ubt,bintrie,5,4,storage_mixed_k4500,1,,4323,99905997,1,839.443,485.1831,382.8568,223.1159,1931.3093,51.7297,4507,13959,4501,126308,1316,0,1314,0,0,0,1689,2818,37.48,3378,10581,24.2,4501,0,100,126308,0
ubt,bintrie,5,4,storage_mixed_k4500,1,,4324,21000,1,0.079,10.1124,2.0845,2.8714,15.3699,1.3663,6,0,0,0,2,0,0,0,0,0,2,4,33.33,0,0,0,0,0,0,0,0
ubt,bintrie,5,4,storage_mixed_k4500,1,,4325,0,0,0.2374,10.0593,0.0195,2.1842,13.3131,0,4,0,0,0,0,0,0,0,0,0,0,4,0,0,0,0,0,0,0,0,0
ubt,bintrie,5,4,storage_mixed_k4500,2,,4326,0,0,0.0548,0.7484,0.0026,0.1975,1.2256,0,4,0,0,0,0,0,0,0,0,0,0,4,0,0,0,0,0,0,0,0,0
ubt,bintrie,5,4,storage_mixed_k4500,2,,4327,0,0,0.0586,1.8412,0.0079,1.6304,4.435,0,4,0,0,0,0,0,0,0,0,0,0,4,0,0,0,0,0,0,0,0,0
ubt,bintrie,5,4,storage_mixed_k4500,2,,4328,0,0,0.0796,22.4021,0.0088,3.9829,31.4639,0,4,0,0,0,0,0,0,0,0,0,0,4,0,0,0,0,0,0,0,0,0
ubt,bintrie,5,4,storage_mixed_k4500,2,,4329,0,0,0.0656,43.7431,0.0026,0.1199,45.6838,0,4,0,0,0,0,0,0,0,0,0,0,4,0,0,0,0,0,0,0,0,0
ubt,bintrie,5,4,storage_mixed_k4500,2,,4330,0,0,0.0787,52.7982,0.0038,0.3859,54.6304,0,4,0,0,0,0,0,0,0,0,0,0,4,0,0,0,0,0,0,0,0,0
ubt,bintrie,5,4,storage_mixed_k4500,2,,4331,0,0,0.0662,6.0592,0.0114,0.9806,17.5404,0,4,0,0,0,0,0,0,0,0,0,0,4,0,0,0,0,0,0,0,0,0
ubt,bintrie,5,4,storage_mixed_k4500,2,,4332,0,0,0.0752,6.2115,0.0093,0.6364,10.6009,0,4,0,0,0,0,0,0,0,0,0,0,4,0,0,0,0,0,0,0,0,0
ubt,bintrie,5,4,storage_mixed_k4500,2,,4333,0,0,0.1307,25.5412,0.0102,0.5416,26.7212,0,4,0,0,0,0,0,0,0,0,0,0,4,0,0,0,0,0,0,0,0,0
ubt,bintrie,5,4,storage_mixed_k4500,2,,4334,0,0,0.1403,7.2527,0.0085,0.5967,8.599,0,4,0,0,0,0,0,0,0,0,0,0,4,0,0,0,0,0,0,0,0,0
ubt,bintrie,5,4,storage_mixed_k4500,2,,4335,0,0,0.0817,7.6114,0.0099,0.6434,8.8837,0,4,0,0,0,0,0,0,0,0,0,0,4,0,0,0,0,0,0,0,0,0
ubt,bintrie,5,4,storage_mixed_k4500,2,,4336,0,0,0.0365,4.3349,0.0026,0.189,4.7759,0,4,0,0,0,0,0,0,0,0,0,0,4,0,0,0,0,0,0,0,0,0
ubt,bintrie,5,4,storage_mixed_k4500,2,,4337,0,0,0.0408,4.813,0.0029,0.1727,5.2817,0,4,0,0,0,0,0,0,0,0,0,0,4,0,0,0,0,0,0,0,0,0
ubt,bintrie,5,4,storage_mixed_k4500,2,,4338,0,0,0.0589,17.2508,0.0061,0.2395,17.8522,0,4,0,0,0,0,0,0,0,0,0,0,4,0,0,0,0,0,0,0,0,0
ubt,bintrie,5,4,storage_mixed_k4500,2,,4339,0,0,0.044,4.1652,0.0038,0.198,4.6438,0,4,0,0,0,0,0,0,0,0,0,0,4,0,0,0,0,0,0,0,0,0
ubt,bintrie,5,4,storage_mixed_k4500,2,,4340,0,0,0.0423,4.1999,0.0032,0.1607,4.6689,0,4,0,0,0,0,0,0,0,0,0,0,4,0,0,0,0,0,0,0,0,0
ubt,bintrie,5,4,storage_mixed_k4500,2,,4341,0,0,0.0496,18.2544,0.0041,0.252,19.953,0,4,0,0,0,0,0,0,0,0,0,0,4,0,0,0,0,0,0,0,0,0
ubt,bintrie,5,4,storage_mixed_k4500,2,,4342,0,0,0.0691,50.0893,0.0044,0.1368,50.5387,0,4,0,0,0,0,0,0,0,0,0,0,4,0,0,0,0,0,0,0,0,0
ubt,bintrie,5,4,storage_mixed_k4500,2,,4343,0,0,0.0647,33.7596,0.0029,0.1292,36.1001,0,4,0,0,0,0,0,0,0,0,0,0,4,0,0,0,0,0,0,0,0,0
ubt,bintrie,5,4,storage_mixed_k4500,2,,4344,91794,2,0.639,13.3323,3.9736,33.6053,65.1086,1.4099,11,0,0,0,3,0,0,0,1,308,4,7,36.36,0,0,0,0,0,0,0,0
ubt,bintrie,5,4,storage_mixed_k4500,2,,4345,99905997,1,856.3411,457.8501,276.9821,203.6852,1796.2886,55.618,4507,13959,4501,126308,1316,0,1314,0,0,0,837,3670,18.57,3025,10934,21.67,4501,0,100,126308,0
ubt,bintrie,5,4,storage_mixed_k4500,2,,4346,21000,1,0.0683,3.9505,7.6683,0.8,12.6854,1.6554,6,0,0,0,2,0,0,0,0,0,2,4,33.33,0,0,0,0,0,0,0,0
ubt,bintrie,5,4,storage_mixed_k4500,2,,4347,0,0,0.0831,20.2388,0.0099,1.0097,21.8561,0,4,0,0,0,0,0,0,0,0,0,0,4,0,0,0,0,0,0,0,0,0
ubt,bintrie,5,4,storage_mixed_k4500,2,,4348,0,0,0.1024,23.1586,0.007,0.4387,24.0736,0,4,0,0,0,0,0,0,0,0,0,0,4,0,0,0,0,0,0,0,0,0
ubt,bintrie,5,4,storage_mixed_k4500,3,,4349,0,0,0.4179,94.3556,0.0044,0.4284,96.2213,0,4,0,0,0,0,0,0,0,0,0,0,4,0,0,0,0,0,0,0,0,0
ubt,bintrie,5,4,storage_mixed_k4500,3,,4350,0,0,0.1123,28.1947,0.0032,0.1382,28.813,0,4,0,0,0,0,0,0,0,0,0,0,4,0,0,0,0,0,0,0,0,0
ubt,bintrie,5,4,storage_mixed_k4500,3,,4351,0,0,0.0621,71.1036,0.0035,0.5159,72.4374,0,4,0,0,0,0,0,0,0,0,0,0,4,0,0,0,0,0,0,0,0,0
ubt,bintrie,5,4,storage_mixed_k4500,3,,4352,0,0,0.1534,26.5675,0.0082,0.4655,28.4207,0,4,0,0,0,0,0,0,0,0,0,0,4,0,0,0,0,0,0,0,0,0
ubt,bintrie,5,4,storage_mixed_k4500,3,,4353,0,0,0.0729,29.9549,0.0029,0.4737,30.7759,0,4,0,0,0,0,0,0,0,0,0,0,4,0,0,0,0,0,0,0,0,0
ubt,bintrie,5,4,storage_mixed_k4500,3,,4354,0,0,0.1298,87.5098,0.0061,0.5162,88.5933,0,4,0,0,0,0,0,0,0,0,0,0,4,0,0,0,0,0,0,0,0,0
ubt,bintrie,5,4,storage_mixed_k4500,3,,4355,0,0,0.0866,10.9107,0.007,0.4529,11.8443,0,4,0,0,0,0,0,0,0,0,0,0,4,0,0,0,0,0,0,0,0,0
ubt,bintrie,5,4,storage_mixed_k4500,3,,4356,0,0,0.0817,6.8216,0.0067,0.6498,7.8754,0,4,0,0,0,0,0,0,0,0,0,0,4,0,0,0,0,0,0,0,0,0
ubt,bintrie,5,4,storage_mixed_k4500,3,,4357,0,0,0.0694,5.4666,0.0073,1.7354,8.0154,0,4,0,0,0,0,0,0,0,0,0,0,4,0,0,0,0,0,0,0,0,0
ubt,bintrie,5,4,storage_mixed_k4500,3,,4358,0,0,0.0729,5.69,0.0067,4.0068,10.477,0,4,0,0,0,0,0,0,0,0,0,0,4,0,0,0,0,0,0,0,0,0
ubt,bintrie,5,4,storage_mixed_k4500,3,,4359,0,0,0.0432,4.4496,0.0041,0.1919,4.897,0,4,0,0,0,0,0,0,0,0,0,0,4,0,0,0,0,0,0,0,0,0
ubt,bintrie,5,4,storage_mixed_k4500,3,,4360,0,0,0.0335,3.4433,0.002,0.1207,3.7677,0,4,0,0,0,0,0,0,0,0,0,0,4,0,0,0,0,0,0,0,0,0
ubt,bintrie,5,4,storage_mixed_k4500,3,,4361,0,0,0.0881,11.9222,0.0015,0.1674,12.5737,0,4,0,0,0,0,0,0,0,0,0,0,4,0,0,0,0,0,0,0,0,0
ubt,bintrie,5,4,storage_mixed_k4500,3,,4362,0,0,0.0271,2.5838,0.002,0.1327,2.8691,0,4,0,0,0,0,0,0,0,0,0,0,4,0,0,0,0,0,0,0,0,0
ubt,bintrie,5,4,storage_mixed_k4500,3,,4363,0,0,0.0367,1.8792,0.0029,0.1213,2.2035,0,4,0,0,0,0,0,0,0,0,0,0,4,0,0,0,0,0,0,0,0,0
ubt,bintrie,5,4,storage_mixed_k4500,3,,4364,0,0,0.0755,34.1364,0.0026,0.1695,36.8999,0,4,0,0,0,0,0,0,0,0,0,0,4,0,0,0,0,0,0,0,0,0
ubt,bintrie,5,4,storage_mixed_k4500,3,,4365,0,0,0.0752,40.9198,0.0035,0.2978,42.213,0,4,0,0,0,0,0,0,0,0,0,0,4,0,0,0,0,0,0,0,0,0
ubt,bintrie,5,4,storage_mixed_k4500,3,,4366,0,0,0.1627,10.519,0.0061,0.3523,11.5649,0,4,0,0,0,0,0,0,0,0,0,0,4,0,0,0,0,0,0,0,0,0
ubt,bintrie,5,4,storage_mixed_k4500,3,,4367,91794,2,0.1721,6.1715,13.8868,79.3789,120.4451,0.7621,11,0,0,0,3,0,0,0,1,308,5,6,45.45,0,0,0,0,0,0,0,0
ubt,bintrie,5,4,storage_mixed_k4500,3,,4368,0,0,0.1584,8.5267,0.0155,1.4656,10.9568,0,4,0,0,0,0,0,0,0,0,0,0,4,0,0,0,0,0,0,0,0,0
ubt,bintrie,5,4,storage_mixed_k4500,3,,4369,99905997,1,889.4309,426.7774,258.0383,128.3598,1703.2011,58.6578,4507,13959,4501,126308,1316,0,1314,0,0,0,2508,1999,55.65,5827,8132,41.74,4501,0,100,126308,0
ubt,bintrie,5,4,storage_mixed_k4500,3,,4370,0,0,0.1172,7.3008,0.04,2.6652,11.4406,0,4,0,0,0,0,0,0,0,0,0,0,4,0,0,0,0,0,0,0,0,0
ubt,bintrie,5,4,storage_mixed_k4500,3,,4371,21000,1,0.0732,2.7576,10.568,0.7396,14.3152,1.467,6,0,0,0,2,0,0,0,0,0,2,4,33.33,0,0,0,0,0,0,0,0
ubt,bintrie,5,4,storage_mixed_k4500,3,,4372,0,0,0.1951,12.9704,0.0105,1.0403,14.8186,0,4,0,0,0,0,0,0,0,0,0,0,4,0,0,0,0,0,0,0,0,0
ubt,bintrie,5,4,storage_mixed_k4500,3,,4373,0,0,0.0706,7.4478,0.0055,0.3235,8.1513,0,4,0,0,0,0,0,0,0,0,0,0,4,0,0,0,0,0,0,0,0,0
ubt,bintrie,5,4,storage_mixed_k4500,4,,4374,0,0,0.0575,9.5294,0.0029,0.2033,11.0898,0,4,0,0,0,0,0,0,0,0,0,0,4,0,0,0,0,0,0,0,0,0
ubt,bintrie,5,4,storage_mixed_k4500,4,,4375,0,0,0.0362,11.0148,0.002,0.1158,11.342,0,4,0,0,0,0,0,0,0,0,0,0,4,0,0,0,0,0,0,0,0,0
ubt,bintrie,5,4,storage_mixed_k4500,4,,4376,0,0,0.0303,1.9582,0.0026,0.1365,2.2729,0,4,0,0,0,0,0,0,0,0,0,0,4,0,0,0,0,0,0,0,0,0
ubt,bintrie,5,4,storage_mixed_k4500,4,,4377,0,0,0.0376,0.9925,0.0038,3.5168,5.7667,0,4,0,0,0,0,0,0,0,0,0,0,4,0,0,0,0,0,0,0,0,0
ubt,bintrie,5,4,storage_mixed_k4500,4,,4378,0,0,0.0642,42.3839,0.0023,0.1455,43.746,0,4,0,0,0,0,0,0,0,0,0,0,4,0,0,0,0,0,0,0,0,0
ubt,bintrie,5,4,storage_mixed_k4500,4,,4379,0,0,0.2144,7.6024,0.0134,0.7636,9.3316,0,4,0,0,0,0,0,0,0,0,0,0,4,0,0,0,0,0,0,0,0,0
ubt,bintrie,5,4,storage_mixed_k4500,4,,4380,0,0,0.0633,6.0846,0.007,0.4072,20.2184,0,4,0,0,0,0,0,0,0,0,0,0,4,0,0,0,0,0,0,0,0,0
ubt,bintrie,5,4,storage_mixed_k4500,4,,4381,0,0,0.0557,5.3642,0.0058,0.8913,7.1509,0,4,0,0,0,0,0,0,0,0,0,0,4,0,0,0,0,0,0,0,0,0
ubt,bintrie,5,4,storage_mixed_k4500,4,,4382,0,0,0.0554,5.6459,0.0079,0.7198,7.2273,0,4,0,0,0,0,0,0,0,0,0,0,4,0,0,0,0,0,0,0,0,0
ubt,bintrie,5,4,storage_mixed_k4500,4,,4383,0,0,0.1972,15.6697,0.0134,1.1071,17.7323,0,4,0,0,0,0,0,0,0,0,0,0,4,0,0,0,0,0,0,0,0,0
ubt,bintrie,5,4,storage_mixed_k4500,4,,4384,0,0,0.0645,5.4992,0.007,2.4327,8.8912,0,4,0,0,0,0,0,0,0,0,0,0,4,0,0,0,0,0,0,0,0,0
ubt,bintrie,5,4,storage_mixed_k4500,4,,4385,0,0,0.0376,4.0686,0.0029,0.145,4.4898,0,4,0,0,0,0,0,0,0,0,0,0,4,0,0,0,0,0,0,0,0,0
ubt,bintrie,5,4,storage_mixed_k4500,4,,4386,0,0,0.0604,5.5888,0.0064,1.5225,8.2435,0,4,0,0,0,0,0,0,0,0,0,0,4,0,0,0,0,0,0,0,0,0
ubt,bintrie,5,4,storage_mixed_k4500,4,,4387,0,0,0.1079,5.6445,0.0082,0.3202,6.7367,0,4,0,0,0,0,0,0,0,0,0,0,4,0,0,0,0,0,0,0,0,0
ubt,bintrie,5,4,storage_mixed_k4500,4,,4388,0,0,0.0814,8.9916,0.0064,5.4085,14.8186,0,4,0,0,0,0,0,0,0,0,0,0,4,0,0,0,0,0,0,0,0,0
ubt,bintrie,5,4,storage_mixed_k4500,4,,4389,0,0,0.11,14.3508,0.0029,0.2622,31.3779,0,4,0,0,0,0,0,0,0,0,0,0,4,0,0,0,0,0,0,0,0,0
ubt,bintrie,5,4,storage_mixed_k4500,4,,4390,0,0,0.0499,19.9206,0.0038,0.3004,21.1698,0,4,0,0,0,0,0,0,0,0,0,0,4,0,0,0,0,0,0,0,0,0
ubt,bintrie,5,4,storage_mixed_k4500,4,,4391,0,0,0.0335,2.9813,0.0023,0.1811,4.6409,0,4,0,0,0,0,0,0,0,0,0,0,4,0,0,0,0,0,0,0,0,0
ubt,bintrie,5,4,storage_mixed_k4500,4,,4392,91794,2,0.1794,67.0239,1.7231,3.3955,72.526,1.2657,11,0,0,0,3,0,0,0,1,308,5,6,45.45,0,0,0,0,0,0,0,0
ubt,bintrie,5,4,storage_mixed_k4500,4,,4393,99905997,1,857.6771,476.2948,279.0232,172.9604,1786.3498,55.9275,4507,13959,4501,126308,1316,0,1314,0,0,0,914,3593,20.28,2045,11914,14.65,4501,0,100,126308,0
ubt,bintrie,5,4,storage_mixed_k4500,4,,4394,21000,1,0.3646,40.104,5.0101,1.0966,46.8087,0.4486,6,0,0,0,2,0,0,0,0,0,0,6,0,0,0,0,0,0,0,0,0
ubt,bintrie,5,4,storage_mixed_k4500,4,,4395,0,0,0.0338,0.6379,0.0017,0.1277,0.9657,0,4,0,0,0,0,0,0,0,0,0,0,4,0,0,0,0,0,0,0,0,0
ubt,bintrie,5,4,storage_mixed_k4500,5,,4396,0,0,0.1432,44.2193,0.0026,0.2266,45.0004,0,4,0,0,0,0,0,0,0,0,0,0,4,0,0,0,0,0,0,0,0,0
ubt,bintrie,5,4,storage_mixed_k4500,5,,4397,0,0,0.1362,3.7586,0.0137,0.9281,6.7919,0,4,0,0,0,0,0,0,0,0,0,0,4,0,0,0,0,0,0,0,0,0
ubt,bintrie,5,4,storage_mixed_k4500,5,,4398,0,0,0.0671,6.7817,0.0058,2.2723,9.518,0,4,0,0,0,0,0,0,0,0,0,0,4,0,0,0,0,0,0,0,0,0
ubt,bintrie,5,4,storage_mixed_k4500,5,,4399,0,0,0.0621,34.9014,0.0032,0.124,36.4405,0,4,0,0,0,0,0,0,0,0,0,0,4,0,0,0,0,0,0,0,0,0
ubt,bintrie,5,4,storage_mixed_k4500,5,,4400,0,0,0.0391,2.0273,0.0026,0.1275,2.403,0,4,0,0,0,0,0,0,0,0,0,0,4,0,0,0,0,0,0,0,0,0
ubt,bintrie,5,4,storage_mixed_k4500,5,,4401,0,0,0.1003,17.8784,0.007,0.3975,18.8438,0,4,0,0,0,0,0,0,0,0,0,0,4,0,0,0,0,0,0,0,0,0
ubt,bintrie,5,4,storage_mixed_k4500,5,,4402,0,0,0.0799,12.9255,0.0073,0.4034,13.7864,0,4,0,0,0,0,0,0,0,0,0,0,4,0,0,0,0,0,0,0,0,0
ubt,bintrie,5,4,storage_mixed_k4500,5,,4403,0,0,0.1231,17.333,0.0079,0.4982,18.3955,0,4,0,0,0,0,0,0,0,0,0,0,4,0,0,0,0,0,0,0,0,0
ubt,bintrie,5,4,storage_mixed_k4500,5,,4404,0,0,0.0484,4.4557,0.0041,2.9673,7.6753,0,4,0,0,0,0,0,0,0,0,0,0,4,0,0,0,0,0,0,0,0,0
ubt,bintrie,5,4,storage_mixed_k4500,5,,4405,0,0,0.0411,4.2439,0.0032,1.7193,6.2812,0,4,0,0,0,0,0,0,0,0,0,0,4,0,0,0,0,0,0,0,0,0
ubt,bintrie,5,4,storage_mixed_k4500,5,,4406,0,0,0.0411,4.3667,0.0055,0.1977,4.8436,0,4,0,0,0,0,0,0,0,0,0,0,4,0,0,0,0,0,0,0,0,0
ubt,bintrie,5,4,storage_mixed_k4500,5,,4407,0,0,0.0385,3.177,0.0032,0.1251,3.5066,0,4,0,0,0,0,0,0,0,0,0,0,4,0,0,0,0,0,0,0,0,0
ubt,bintrie,5,4,storage_mixed_k4500,5,,4408,0,0,0.117,3.527,0.0035,0.3054,4.2547,0,4,0,0,0,0,0,0,0,0,0,0,4,0,0,0,0,0,0,0,0,0
ubt,bintrie,5,4,storage_mixed_k4500,5,,4409,0,0,0.0884,23.6075,0.0044,0.3759,83.7654,0,4,0,0,0,0,0,0,0,0,0,0,4,0,0,0,0,0,0,0,0,0
ubt,bintrie,5,4,storage_mixed_k4500,5,,4410,0,0,0.1482,70.7309,0.0053,0.4252,72.165,0,4,0,0,0,0,0,0,0,0,0,0,4,0,0,0,0,0,0,0,0,0
ubt,bintrie,5,4,storage_mixed_k4500,5,,4411,0,0,0.1887,15.6577,0.0064,0.4066,16.7345,0,4,0,0,0,0,0,0,0,0,0,0,4,0,0,0,0,0,0,0,0,0
ubt,bintrie,5,4,storage_mixed_k4500,5,,4412,0,0,0.0747,30.2632,0.0029,0.1312,34.4365,0,4,0,0,0,0,0,0,0,0,0,0,4,0,0,0,0,0,0,0,0,0
ubt,bintrie,5,4,storage_mixed_k4500,5,,4413,91794,2,0.2045,5.7259,59.5504,3.9298,69.711,1.3168,11,0,0,0,3,0,0,0,1,308,5,6,45.45,0,0,0,0,0,0,0,0
ubt,bintrie,5,4,storage_mixed_k4500,5,,4414,99905997,1,885.2694,406.6317,246.6863,167.3938,1706.4674,58.5455,4507,13959,4501,126308,1316,0,1314,0,0,0,1725,2782,38.27,6691,7268,47.93,4501,0,100,126308,0
ubt,bintrie,5,4,storage_mixed_k4500,5,,4415,21000,1,0.1257,62.1727,7.0439,1.0701,71.0777,0.2955,6,0,0,0,2,0,0,0,0,0,2,4,33.33,0,0,0,0,0,0,0,0
ubt,bintrie,5,4,storage_mixed_k4500,5,,4416,0,0,0.0849,17.6632,0.0064,0.3208,18.4492,0,4,0,0,0,0,0,0,0,0,0,0,4,0,0,0,0,0,0,0,0,0
ubt,bintrie,5,4,storage_mixed_k4500,6,,4417,0,0,0.0927,5.2965,0.0035,0.2782,8.615,0,4,0,0,0,0,0,0,0,0,0,0,4,0,0,0,0,0,0,0,0,0
ubt,bintrie,5,4,storage_mixed_k4500,6,,4418,0,0,0.0872,2.3896,0.0108,1.6038,4.9882,0,4,0,0,0,0,0,0,0,0,0,0,4,0,0,0,0,0,0,0,0,0
ubt,bintrie,5,4,storage_mixed_k4500,6,,4419,0,0,0.1342,30.388,0.0099,0.5842,31.6278,0,4,0,0,0,0,0,0,0,0,0,0,4,0,0,0,0,0,0,0,0,0
ubt,bintrie,5,4,storage_mixed_k4500,6,,4420,0,0,0.072,46.4759,0.0029,0.1948,47.7053,0,4,0,0,0,0,0,0,0,0,0,0,4,0,0,0,0,0,0,0,0,0
ubt,bintrie,5,4,storage_mixed_k4500,6,,4421,0,0,0.1277,35.1811,0.0026,0.1622,37.6646,0,4,0,0,0,0,0,0,0,0,0,0,4,0,0,0,0,0,0,0,0,0
ubt,bintrie,5,4,storage_mixed_k4500,6,,4422,0,0,0.0455,0.7869,0.0029,0.14,1.2215,0,4,0,0,0,0,0,0,0,0,0,0,4,0,0,0,0,0,0,0,0,0
ubt,bintrie,5,4,storage_mixed_k4500,6,,4423,0,0,0.0365,0.6732,0.0018,0.1677,1.1066,0,4,0,0,0,0,0,0,0,0,0,0,4,0,0,0,0,0,0,0,0,0
ubt,bintrie,5,4,storage_mixed_k4500,6,,4424,0,0,0.1035,19.843,0.0102,0.8817,21.7648,0,4,0,0,0,0,0,0,0,0,0,0,4,0,0,0,0,0,0,0,0,0
ubt,bintrie,5,4,storage_mixed_k4500,6,,4425,0,0,0.0697,4.9737,0.0029,0.1753,5.6039,0,4,0,0,0,0,0,0,0,0,0,0,4,0,0,0,0,0,0,0,0,0
ubt,bintrie,5,4,storage_mixed_k4500,6,,4426,0,0,0.0618,5.9586,0.0216,1.234,20.6626,0,4,0,0,0,0,0,0,0,0,0,0,4,0,0,0,0,0,0,0,0,0
ubt,bintrie,5,4,storage_mixed_k4500,6,,4427,0,0,0.1266,5.7381,0.0099,0.5011,6.8242,0,4,0,0,0,0,0,0,0,0,0,0,4,0,0,0,0,0,0,0,0,0
ubt,bintrie,5,4,storage_mixed_k4500,6,,4428,0,0,0.0589,16.6686,0.0076,0.2535,17.3065,0,4,0,0,0,0,0,0,0,0,0,0,4,0,0,0,0,0,0,0,0,0
ubt,bintrie,5,4,storage_mixed_k4500,6,,4429,0,0,0.0274,1.7561,0.0018,0.1088,2.0521,0,4,0,0,0,0,0,0,0,0,0,0,4,0,0,0,0,0,0,0,0,0
ubt,bintrie,5,4,storage_mixed_k4500,6,,4430,0,0,0.0312,4.0867,0.0026,0.1423,4.4122,0,4,0,0,0,0,0,0,0,0,0,0,4,0,0,0,0,0,0,0,0,0
ubt,bintrie,5,4,storage_mixed_k4500,6,,4431,0,0,0.0367,5.4176,0.002,0.1619,5.7644,0,4,0,0,0,0,0,0,0,0,0,0,4,0,0,0,0,0,0,0,0,0
ubt,bintrie,5,4,storage_mixed_k4500,6,,4432,0,0,0.0417,2.1233,0.002,0.1286,2.522,0,4,0,0,0,0,0,0,0,0,0,0,4,0,0,0,0,0,0,0,0,0
ubt,bintrie,5,4,storage_mixed_k4500,6,,4433,0,0,0.0685,42.0856,0.0038,0.1747,43.1064,0,4,0,0,0,0,0,0,0,0,0,0,4,0,0,0,0,0,0,0,0,0
ubt,bintrie,5,4,storage_mixed_k4500,6,,4434,0,0,0.0852,15.5064,0.0073,0.2928,16.176,0,4,0,0,0,0,0,0,0,0,0,0,4,0,0,0,0,0,0,0,0,0
ubt,bintrie,5,4,storage_mixed_k4500,6,,4435,91794,2,0.2272,8.9437,23.3236,4.0984,56.8967,1.6133,11,0,0,0,3,0,0,0,1,308,6,5,54.55,0,0,0,0,0,0,0,0
ubt,bintrie,5,4,storage_mixed_k4500,6,,4436,99905997,1,977.2766,395.9441,263.4089,160.7906,1798.0108,55.5647,4507,13959,4501,126308,1316,0,1314,0,0,0,1820,2687,40.38,6968,6991,49.92,4501,0,100,126308,0
ubt,bintrie,5,4,storage_mixed_k4500,6,,4437,21000,1,0.0916,47.9269,1.3656,0.7367,50.3369,0.4172,6,0,0,0,2,0,0,0,0,0,2,4,33.33,0,0,0,0,0,0,0,0
ubt,bintrie,5,4,storage_mixed_k4500,6,,4438,0,0,0.1,80.8553,0.0029,0.2071,81.5509,0,4,0,0,0,0,0,0,0,0,0,0,4,0,0,0,0,0,0,0,0,0
ubt,bintrie,5,4,storage_mixed_k4500,7,,4440,0,0,0.1899,43.2452,0.0146,1.2629,45.3614,0,4,0,0,0,0,0,0,0,0,0,0,4,0,0,0,0,0,0,0,0,0
ubt,bintrie,5,4,storage_mixed_k4500,7,,4441,0,0,0.1738,4.1121,0.0073,1.1483,5.8279,0,4,0,0,0,0,0,0,0,0,0,0,4,0,0,0,0,0,0,0,0,0
ubt,bintrie,5,4,storage_mixed_k4500,7,,4442,0,0,0.203,26.5296,0.0134,0.9785,28.5482,0,4,0,0,0,0,0,0,0,0,0,0,4,0,0,0,0,0,0,0,0,0
ubt,bintrie,5,4,storage_mixed_k4500,7,,4443,0,0,0.1091,45.8042,0.0102,0.6968,47.3415,0,4,0,0,0,0,0,0,0,0,0,0,4,0,0,0,0,0,0,0,0,0
ubt,bintrie,5,4,storage_mixed_k4500,7,,4444,0,0,0.0618,80.6102,0.0029,0.1957,81.1008,0,4,0,0,0,0,0,0,0,0,0,0,4,0,0,0,0,0,0,0,0,0
ubt,bintrie,5,4,storage_mixed_k4500,7,,4445,0,0,0.18,48.7823,0.0041,5.6868,57.9958,0,4,0,0,0,0,0,0,0,0,0,0,4,0,0,0,0,0,0,0,0,0
ubt,bintrie,5,4,storage_mixed_k4500,7,,4446,0,0,0.2435,28.2962,0.0146,1.0243,30.3098,0,4,0,0,0,0,0,0,0,0,0,0,4,0,0,0,0,0,0,0,0,0
ubt,bintrie,5,4,storage_mixed_k4500,7,,4447,0,0,0.0542,16.9078,0.0053,0.3255,17.6885,0,4,0,0,0,0,0,0,0,0,0,0,4,0,0,0,0,0,0,0,0,0
ubt,bintrie,5,4,storage_mixed_k4500,7,,4448,0,0,0.0636,5.1869,0.0073,1.5578,7.4799,0,4,0,0,0,0,0,0,0,0,0,0,4,0,0,0,0,0,0,0,0,0
ubt,bintrie,5,4,storage_mixed_k4500,7,,4449,0,0,0.0814,6.2068,0.0035,0.1785,6.8187,0,4,0,0,0,0,0,0,0,0,0,0,4,0,0,0,0,0,0,0,0,0
ubt,bintrie,5,4,storage_mixed_k4500,7,,4450,0,0,0.2112,14.8793,0.007,0.4203,16.1955,0,4,0,0,0,0,0,0,0,0,0,0,4,0,0,0,0,0,0,0,0,0
ubt,bintrie,5,4,storage_mixed_k4500,7,,4451,0,0,0.0402,4.2614,0.005,0.2704,4.8707,0,4,0,0,0,0,0,0,0,0,0,0,4,0,0,0,0,0,0,0,0,0
ubt,bintrie,5,4,storage_mixed_k4500,7,,4452,0,0,0.0283,4.8051,0.0018,0.1412,5.4307,0,4,0,0,0,0,0,0,0,0,0,0,4,0,0,0,0,0,0,0,0,0
ubt,bintrie,5,4,storage_mixed_k4500,7,,4453,0,0,0.04,10.1144,0.002,0.1662,10.4604,0,4,0,0,0,0,0,0,0,0,0,0,4,0,0,0,0,0,0,0,0,0
ubt,bintrie,5,4,storage_mixed_k4500,7,,4454,0,0,0.9668,21.2284,0.0044,0.2383,81.0322,0,4,0,0,0,0,0,0,0,0,0,0,4,0,0,0,0,0,0,0,0,0
ubt,bintrie,5,4,storage_mixed_k4500,7,,4455,0,0,0.3975,53.1187,0.0044,0.1339,56.2009,0,4,0,0,0,0,0,0,0,0,0,0,4,0,0,0,0,0,0,0,0,0
ubt,bintrie,5,4,storage_mixed_k4500,7,,4456,0,0,0.1178,19.8156,0.0023,0.1505,20.417,0,4,0,0,0,0,0,0,0,0,0,0,4,0,0,0,0,0,0,0,0,0
ubt,bintrie,5,4,storage_mixed_k4500,7,,4457,0,0,0.1738,39.3247,0.0029,0.1374,40.039,0,4,0,0,0,0,0,0,0,0,0,0,4,0,0,0,0,0,0,0,0,0
ubt,bintrie,5,4,storage_mixed_k4500,7,,4458,91794,2,0.1423,12.4658,31.6736,15.772,60.4463,1.5186,11,0,0,0,3,0,0,0,1,308,5,6,45.45,0,0,0,0,0,0,0,0
ubt,bintrie,5,4,storage_mixed_k4500,7,,4459,99905997,1,947.3086,455.0248,269.5306,173.3099,1845.7732,54.1269,4507,13959,4501,126308,1316,0,1314,0,0,0,1383,3124,30.69,4721,9238,33.82,4501,0,100,126308,0
ubt,bintrie,5,4,storage_mixed_k4500,7,,4460,21000,1,0.1202,23.466,29.888,0.9564,54.8509,0.3829,6,0,0,0,2,0,0,0,0,0,2,4,33.33,0,0,0,0,0,0,0,0
ubt,bintrie,5,4,storage_mixed_k4500,7,,4461,0,0,0.1353,31.9469,0.007,0.5988,33.166,0,4,0,0,0,0,0,0,0,0,0,0,4,0,0,0,0,0,0,0,0,0
ubt,bintrie,5,4,storage_mixed_k4500,8,,4462,0,0,0.1289,19.0211,0.0032,0.2724,19.8847,0,4,0,0,0,0,0,0,0,0,0,0,4,0,0,0,0,0,0,0,0,0
ubt,bintrie,5,4,storage_mixed_k4500,8,,4463,0,0,0.1467,4.5936,0.0166,0.7776,10.6173,0,4,0,0,0,0,0,0,0,0,0,0,4,0,0,0,0,0,0,0,0,0
ubt,bintrie,5,4,storage_mixed_k4500,8,,4464,0,0,0.1091,19.1818,0.0085,1.9964,23.5348,0,4,0,0,0,0,0,0,0,0,0,0,4,0,0,0,0,0,0,0,0,0
ubt,bintrie,5,4,storage_mixed_k4500,8,,4465,0,0,0.0554,28.2355,0.0055,8.7728,44.1738,0,4,0,0,0,0,0,0,0,0,0,0,4,0,0,0,0,0,0,0,0,0
ubt,bintrie,5,4,storage_mixed_k4500,8,,4466,0,0,0.0895,67.8915,0.0035,0.1998,69.0797,0,4,0,0,0,0,0,0,0,0,0,0,4,0,0,0,0,0,0,0,0,0
ubt,bintrie,5,4,storage_mixed_k4500,8,,4467,0,0,0.0376,4.4831,0.0038,0.1502,4.8517,0,4,0,0,0,0,0,0,0,0,0,0,4,0,0,0,0,0,0,0,0,0
ubt,bintrie,5,4,storage_mixed_k4500,8,,4468,0,0,0.0852,27.1494,0.0029,0.1248,27.7409,0,4,0,0,0,0,0,0,0,0,0,0,4,0,0,0,0,0,0,0,0,0
ubt,bintrie,5,4,storage_mixed_k4500,8,,4469,0,0,0.0776,12.3999,0.0082,0.4069,13.2682,0,4,0,0,0,0,0,0,0,0,0,0,4,0,0,0,0,0,0,0,0,0
ubt,bintrie,5,4,storage_mixed_k4500,8,,4470,0,0,0.0362,4.2958,0.0023,0.1543,4.7077,0,4,0,0,0,0,0,0,0,0,0,0,4,0,0,0,0,0,0,0,0,0
ubt,bintrie,5,4,storage_mixed_k4500,8,,4471,0,0,0.0327,4.1675,0.0029,0.1368,4.5324,0,4,0,0,0,0,0,0,0,0,0,0,4,0,0,0,0,0,0,0,0,0
ubt,bintrie,5,4,storage_mixed_k4500,8,,4472,0,0,0.175,15.9966,0.0029,0.2077,16.7736,0,4,0,0,0,0,0,0,0,0,0,0,4,0,0,0,0,0,0,0,0,0
ubt,bintrie,5,4,storage_mixed_k4500,8,,4473,0,0,0.0615,4.0418,0.0032,0.1715,4.4834,0,4,0,0,0,0,0,0,0,0,0,0,4,0,0,0,0,0,0,0,0,0
ubt,bintrie,5,4,storage_mixed_k4500,8,,4474,0,0,0.0615,5.4456,0.0117,1.3956,9.9791,0,4,0,0,0,0,0,0,0,0,0,0,4,0,0,0,0,0,0,0,0,0
ubt,bintrie,5,4,storage_mixed_k4500,8,,4475,0,0,0.07,4.5117,0.0111,1.9284,9.3258,0,4,0,0,0,0,0,0,0,0,0,0,4,0,0,0,0,0,0,0,0,0
ubt,bintrie,5,4,storage_mixed_k4500,8,,4476,0,0,0.0297,4.0721,0.0018,2.1609,6.5008,0,4,0,0,0,0,0,0,0,0,0,0,4,0,0,0,0,0,0,0,0,0
ubt,bintrie,5,4,storage_mixed_k4500,8,,4477,0,0,0.0831,14.1714,0.0079,0.4331,15.2374,0,4,0,0,0,0,0,0,0,0,0,0,4,0,0,0,0,0,0,0,0,0
ubt,bintrie,5,4,storage_mixed_k4500,8,,4478,0,0,0.1263,17.2773,0.0061,0.2803,20.0122,0,4,0,0,0,0,0,0,0,0,0,0,4,0,0,0,0,0,0,0,0,0
ubt,bintrie,5,4,storage_mixed_k4500,8,,4479,0,0,0.1654,34.8439,0.0061,0.4693,36.3305,0,4,0,0,0,0,0,0,0,0,0,0,4,0,0,0,0,0,0,0,0,0
ubt,bintrie,5,4,storage_mixed_k4500,8,,4480,91794,2,0.2319,12.0064,24.7586,38.179,87.342,1.051,11,0,0,0,3,0,0,0,1,308,6,5,54.55,0,0,0,0,0,0,0,0
ubt,bintrie,5,4,storage_mixed_k4500,8,,4481,99905997,1,954.948,422.4267,278.777,168.1572,1824.7834,54.7495,4507,13959,4501,126308,1316,0,1314,0,0,0,2171,2336,48.17,5872,8087,42.07,4501,0,100,126308,0
ubt,bintrie,5,4,storage_mixed_k4500,8,,4482,21000,1,0.0986,17.9175,1.5732,0.7729,50.1814,0.4185,6,0,0,0,2,0,0,0,0,0,2,4,33.33,0,0,0,0,0,0,0,0
ubt,bintrie,5,4,storage_mixed_k4500,8,,4483,0,0,0.1359,68.8339,0.0076,0.7017,70.3703,0,4,0,0,0,0,0,0,0,0,0,0,4,0,0,0,0,0,0,0,0,0
ubt,bintrie,5,4,storage_mixed_k4500,9,,4485,0,0,0.0507,4.8582,0.0029,0.1934,6.2503,0,4,0,0,0,0,0,0,0,0,0,0,4,0,0,0,0,0,0,0,0,0
ubt,bintrie,5,4,storage_mixed_k4500,9,,4486,0,0,0.1482,23.1041,0.0029,0.149,23.9528,0,4,0,0,0,0,0,0,0,0,0,0,4,0,0,0,0,0,0,0,0,0
ubt,bintrie,5,4,storage_mixed_k4500,9,,4487,0,0,0.0709,2.3079,0.0079,1.8797,5.8072,0,4,0,0,0,0,0,0,0,0,0,0,4,0,0,0,0,0,0,0,0,0
ubt,bintrie,5,4,storage_mixed_k4500,9,,4488,0,0,0.0843,3.1788,0.0026,0.1385,3.9304,0,4,0,0,0,0,0,0,0,0,0,0,4,0,0,0,0,0,0,0,0,0
ubt,bintrie,5,4,storage_mixed_k4500,9,,4489,0,0,0.1557,43.0862,0.002,0.124,43.7491,0,4,0,0,0,0,0,0,0,0,0,0,4,0,0,0,0,0,0,0,0,0
ubt,bintrie,5,4,storage_mixed_k4500,9,,4490,0,0,0.0691,17.3295,0.0041,0.282,18.0006,0,4,0,0,0,0,0,0,0,0,0,0,4,0,0,0,0,0,0,0,0,0
ubt,bintrie,5,4,storage_mixed_k4500,9,,4491,0,0,0.0685,16.2346,0.005,0.2325,16.8838,0,4,0,0,0,0,0,0,0,0,0,0,4,0,0,0,0,0,0,0,0,0
ubt,bintrie,5,4,storage_mixed_k4500,9,,4492,0,0,0.0443,4.491,0.0041,0.1767,4.9681,0,4,0,0,0,0,0,0,0,0,0,0,4,0,0,0,0,0,0,0,0,0
ubt,bintrie,5,4,storage_mixed_k4500,9,,4493,0,0,0.03,4.1273,0.0038,0.1677,4.5764,0,4,0,0,0,0,0,0,0,0,0,0,4,0,0,0,0,0,0,0,0,0
ubt,bintrie,5,4,storage_mixed_k4500,9,,4494,0,0,0.0499,4.3965,0.0038,0.1849,4.9145,0,4,0,0,0,0,0,0,0,0,0,0,4,0,0,0,0,0,0,0,0,0
ubt,bintrie,5,4,storage_mixed_k4500,9,,4495,0,0,0.1417,6.1528,0.0096,0.5994,7.4175,0,4,0,0,0,0,0,0,0,0,0,0,4,0,0,0,0,0,0,0,0,0
ubt,bintrie,5,4,storage_mixed_k4500,9,,4496,0,0,0.037,3.411,0.0026,0.1695,4.8112,0,4,0,0,0,0,0,0,0,0,0,0,4,0,0,0,0,0,0,0,0,0
ubt,bintrie,5,4,storage_mixed_k4500,9,,4497,0,0,0.0828,66.3233,0.0029,0.1735,66.9637,0,4,0,0,0,0,0,0,0,0,0,0,4,0,0,0,0,0,0,0,0,0
ubt,bintrie,5,4,storage_mixed_k4500,9,,4498,0,0,0.1067,6.9184,0.0201,1.0471,15.5413,0,4,0,0,0,0,0,0,0,0,0,0,4,0,0,0,0,0,0,0,0,0
ubt,bintrie,5,4,storage_mixed_k4500,9,,4499,0,0,0.0505,4.3203,0.0026,0.2669,4.9045,0,4,0,0,0,0,0,0,0,0,0,0,4,0,0,0,0,0,0,0,0,0
ubt,bintrie,5,4,storage_mixed_k4500,9,,4500,0,0,0.0671,12.6207,0.0026,0.6991,13.5578,0,4,0,0,0,0,0,0,0,0,0,0,4,0,0,0,0,0,0,0,0,0
ubt,bintrie,5,4,storage_mixed_k4500,9,,4501,0,0,0.0732,48.1955,0.0029,0.1759,49.1906,0,4,0,0,0,0,0,0,0,0,0,0,4,0,0,0,0,0,0,0,0,0
ubt,bintrie,5,4,storage_mixed_k4500,9,,4502,0,0,0.0712,42.7721,0.0035,0.1555,43.8078,0,4,0,0,0,0,0,0,0,0,0,0,4,0,0,0,0,0,0,0,0,0
ubt,bintrie,5,4,storage_mixed_k4500,9,,4503,91794,2,0.4191,14.2309,3.7709,7.2364,25.9101,3.5428,11,0,0,0,3,0,0,0,1,308,4,7,36.36,0,0,0,0,0,0,0,0
ubt,bintrie,5,4,storage_mixed_k4500,9,,4504,99905997,1,867.6748,489.5412,225.5539,129.307,1712.4742,58.3401,4507,13959,4501,126308,1316,0,1314,0,0,0,1242,3265,27.56,3118,10841,22.34,4501,0,100,126308,0
ubt,bintrie,5,4,storage_mixed_k4500,9,,4505,21000,1,0.0723,5.776,5.2458,2.557,23.8787,0.8794,6,0,0,0,2,0,0,0,0,0,2,4,33.33,0,0,0,0,0,0,0,0
ubt,bintrie,5,4,storage_mixed_k4500,9,,4506,0,0,0.1333,5.7807,0.0125,0.4579,7.0631,0,4,0,0,0,0,0,0,0,0,0,0,4,0,0,0,0,0,0,0,0,0
ubt,bintrie,5,4,storage_mixed_k4500,9,,4507,0,0,0.037,4.5957,0.002,0.1318,4.95,0,4,0,0,0,0,0,0,0,0,0,0,4,0,0,0,0,0,0,0,0,0
ubt,bintrie,5,4,storage_sload_k1,10,,1269,0,0,0.0537,12.355,0.0023,0.2395,12.8269,0,4,0,0,0,0,0,0,0,0,0,0,4,0,0,0,0,0,0,0,0,0
ubt,bintrie,5,4,storage_sload_k1,10,,1270,0,0,0.0338,1.9235,0.0023,0.1403,2.2837,0,4,0,0,0,0,0,0,0,0,0,0,4,0,0,0,0,0,0,0,0,0
ubt,bintrie,5,4,storage_sload_k1,10,,1271,0,0,5.1139,18.9118,0.0032,0.1928,24.6875,0,4,0,0,0,0,0,0,0,0,0,0,4,0,0,0,0,0,0,0,0,0
ubt,bintrie,5,4,storage_sload_k1,10,,1272,0,0,2.4368,18.2421,0.0023,0.1441,21.0919,0,4,0,0,0,0,0,0,0,0,0,0,4,0,0,0,0,0,0,0,0,0
ubt,bintrie,5,4,storage_sload_k1,10,,1273,0,0,0.079,17.9758,0.007,0.5253,32.4401,0,4,0,0,0,0,0,0,0,0,0,0,4,0,0,0,0,0,0,0,0,0
ubt,bintrie,5,4,storage_sload_k1,10,,1274,0,0,0.0598,30.0143,0.0032,0.1674,30.5037,0,4,0,0,0,0,0,0,0,0,0,0,4,0,0,0,0,0,0,0,0,0
ubt,bintrie,5,4,storage_sload_k1,10,,1275,0,0,0.0834,13.4945,0.0026,0.1394,13.9582,0,4,0,0,0,0,0,0,0,0,0,0,4,0,0,0,0,0,0,0,0,0
ubt,bintrie,5,4,storage_sload_k1,10,,1276,0,0,0.1417,40.8031,0.0058,0.3646,41.739,0,4,0,0,0,0,0,0,0,0,0,0,4,0,0,0,0,0,0,0,0,0
ubt,bintrie,5,4,storage_sload_k1,10,,1277,0,0,0.0764,3.1429,0.0038,0.289,3.7735,0,4,0,0,0,0,0,0,0,0,0,0,4,0,0,0,0,0,0,0,0,0
ubt,bintrie,5,4,storage_sload_k1,10,,1278,0,0,0.0516,10.2664,0.0044,0.2033,28.0404,0,4,0,0,0,0,0,0,0,0,0,0,4,0,0,0,0,0,0,0,0,0
ubt,bintrie,5,4,storage_sload_k1,10,,1279,0,0,0.0411,4.435,0.0023,0.1922,5.3969,0,4,0,0,0,0,0,0,0,0,0,0,4,0,0,0,0,0,0,0,0,0
ubt,bintrie,5,4,storage_sload_k1,10,,1280,0,0,0.0315,2.2711,0.002,0.1304,2.6343,0,4,0,0,0,0,0,0,0,0,0,0,4,0,0,0,0,0,0,0,0,0
ubt,bintrie,5,4,storage_sload_k1,10,,1281,0,0,0.0507,12.502,0.0076,0.4203,29.8274,0,4,0,0,0,0,0,0,0,0,0,0,4,0,0,0,0,0,0,0,0,0
ubt,bintrie,5,4,storage_sload_k1,10,,1282,0,0,0.0356,8.7854,0.0023,0.1759,9.1718,0,4,0,0,0,0,0,0,0,0,0,0,4,0,0,0,0,0,0,0,0,0
ubt,bintrie,5,4,storage_sload_k1,10,,1283,0,0,0.1091,46.8162,0.0099,0.5364,49.2819,0,4,0,0,0,0,0,0,0,0,0,0,4,0,0,0,0,0,0,0,0,0
ubt,bintrie,5,4,storage_sload_k1,10,,1284,0,0,0.0484,23.1539,0.0032,0.5011,23.9032,0,4,0,0,0,0,0,0,0,0,0,0,4,0,0,0,0,0,0,0,0,0
ubt,bintrie,5,4,storage_sload_k1,10,,1285,0,0,0.0703,13.9261,0.007,0.4264,14.7472,0,4,0,0,0,0,0,0,0,0,0,0,4,0,0,0,0,0,0,0,0,0
ubt,bintrie,5,4,storage_sload_k1,10,,1286,0,0,0.2001,30.7108,0.0053,0.3232,34.1912,0,4,0,0,0,0,0,0,0,0,0,0,4,0,0,0,0,0,0,0,0,0
ubt,bintrie,5,4,storage_sload_k1,10,,1287,0,0,0.3605,14.0699,0.0044,0.2523,32.0134,0,4,0,0,0,0,0,0,0,0,0,0,4,0,0,0,0,0,0,0,0,0
ubt,bintrie,5,4,storage_sload_k1,10,,1288,86860,2,0.8683,2.0215,15.7872,5.8492,24.6816,3.5192,11,0,0,0,3,0,0,0,1,156,5,6,45.45,0,0,0,0,0,0,0,0
ubt,bintrie,5,4,storage_sload_k1,10,,1289,99900789,1,2085.1348,90.4312,10.5041,8.1358,2194.6035,45.5211,8,5002,2,184,2,0,0,0,0,0,0,8,0,1425,3577,28.49,2,0,100,184,0
ubt,bintrie,5,4,storage_sload_k1,10,,1290,21000,1,0.1067,7.7925,27.2313,0.9762,38.3648,0.5474,6,0,0,0,2,0,0,0,0,0,2,4,33.33,0,0,0,0,0,0,0,0
ubt,bintrie,5,4,storage_sload_k1,10,,1291,0,0,0.0942,17.2723,0.0041,0.2348,36.8651,0,4,0,0,0,0,0,0,0,0,0,0,4,0,0,0,0,0,0,0,0,0
ubt,bintrie,5,4,storage_sload_k1,10,,1292,0,0,0.103,3.5305,0.005,0.2657,4.2215,0,4,0,0,0,0,0,0,0,0,0,0,4,0,0,0,0,0,0,0,0,0
ubt,bintrie,5,4,storage_sload_k1,1,,1054,0,0,0.0685,15.168,0.0052,0.5574,16.1938,0,4,0,0,0,0,0,0,0,0,0,0,4,0,0,0,0,0,0,0,0,0
ubt,bintrie,5,4,storage_sload_k1,1,,1055,0,0,0.0359,1.9958,0.002,0.1289,2.3286,0,4,0,0,0,0,0,0,0,0,0,0,4,0,0,0,0,0,0,0,0,0
ubt,bintrie,5,4,storage_sload_k1,1,,1056,0,0,0.0916,23.06,0.0029,0.1695,23.634,0,4,0,0,0,0,0,0,0,0,0,0,4,0,0,0,0,0,0,0,0,0
ubt,bintrie,5,4,storage_sload_k1,1,,1057,0,0,0.1447,28.3738,0.0035,0.21,34.5266,0,4,0,0,0,0,0,0,0,0,0,0,4,0,0,0,0,0,0,0,0,0
ubt,bintrie,5,4,storage_sload_k1,1,,1058,0,0,0.2289,74.2858,0.0044,0.4296,77.0449,0,4,0,0,0,0,0,0,0,0,0,0,4,0,0,0,0,0,0,0,0,0
ubt,bintrie,5,4,storage_sload_k1,1,,1059,0,0,0.1056,33.7858,0.0029,0.1636,34.4461,0,4,0,0,0,0,0,0,0,0,0,0,4,0,0,0,0,0,0,0,0,0
ubt,bintrie,5,4,storage_sload_k1,1,,1060,0,0,0.0962,12.9705,0.0047,0.2319,13.5918,0,4,0,0,0,0,0,0,0,0,0,0,4,0,0,0,0,0,0,0,0,0
ubt,bintrie,5,4,storage_sload_k1,1,,1061,21000,1,0.0927,5.5555,1.9427,17.5764,42.5571,0.4935,8,0,0,0,2,0,0,0,0,0,3,5,37.5,0,0,0,0,0,0,0,0
ubt,bintrie,5,4,storage_sload_k1,1,,1062,62737,1,0.1727,35.5121,11.526,1.0252,48.6302,1.2901,9,0,0,0,3,0,0,0,1,69,3,6,33.33,0,0,0,0,0,0,0,0
ubt,bintrie,5,4,storage_sload_k1,1,,1063,0,0,0.0977,20.784,0.0067,0.4798,34.5514,0,4,0,0,0,0,0,0,0,0,0,0,4,0,0,0,0,0,0,0,0,0
ubt,bintrie,5,4,storage_sload_k1,1,,1064,0,0,0.3243,42.3086,0.005,0.3159,44.0646,0,4,0,0,0,0,0,0,0,0,0,0,4,0,0,0,0,0,0,0,0,0
ubt,bintrie,5,4,storage_sload_k1,1,,1065,0,0,0.0496,3.6699,0.0035,0.1458,7.9071,0,4,0,0,0,0,0,0,0,0,0,0,4,0,0,0,0,0,0,0,0,0
ubt,bintrie,5,4,storage_sload_k1,1,,1066,0,0,0.0566,10.4089,0.0047,0.2205,43.6166,0,4,0,0,0,0,0,0,0,0,0,0,4,0,0,0,0,0,0,0,0,0
ubt,bintrie,5,4,storage_sload_k1,1,,1067,0,0,0.2992,8.5642,0.021,0.8793,10.574,0,4,0,0,0,0,0,0,0,0,0,0,4,0,0,0,0,0,0,0,0,0
ubt,bintrie,5,4,storage_sload_k1,1,,1068,0,0,0.1135,50.0541,0.0032,0.2158,50.7433,0,4,0,0,0,0,0,0,0,0,0,0,4,0,0,0,0,0,0,0,0,0
ubt,bintrie,5,4,storage_sload_k1,1,,1069,0,0,0.2126,7.0103,0.0093,0.5495,8.4548,0,4,0,0,0,0,0,0,0,0,0,0,4,0,0,0,0,0,0,0,0,0
ubt,bintrie,5,4,storage_sload_k1,1,,1070,0,0,0.0577,30.7587,0.0073,0.4728,33.2238,0,4,0,0,0,0,0,0,0,0,0,0,4,0,0,0,0,0,0,0,0,0
ubt,bintrie,5,4,storage_sload_k1,1,,1071,0,0,0.2284,23.4428,0.0029,0.1493,24.3177,0,4,0,0,0,0,0,0,0,0,0,0,4,0,0,0,0,0,0,0,0,0
ubt,bintrie,5,4,storage_sload_k1,1,,1072,0,0,0.1493,44.4989,0.0067,0.6029,47.083,0,4,0,0,0,0,0,0,0,0,0,0,4,0,0,0,0,0,0,0,0,0
ubt,bintrie,5,4,storage_sload_k1,1,,1073,0,0,0.0729,20.6957,0.0041,0.2429,21.2521,0,4,0,0,0,0,0,0,0,0,0,0,4,0,0,0,0,0,0,0,0,0
ubt,bintrie,5,4,storage_sload_k1,1,,1074,0,0,0.0887,33.6607,0.0055,0.187,34.9206,0,4,0,0,0,0,0,0,0,0,0,0,4,0,0,0,0,0,0,0,0,0
ubt,bintrie,5,4,storage_sload_k1,1,,1075,86860,2,0.1963,14.0794,11.1124,0.8793,26.5772,3.2682,11,0,0,0,3,0,0,0,1,156,4,7,36.36,0,0,0,0,0,0,0,0
ubt,bintrie,5,4,storage_sload_k1,1,,1076,99900789,1,2112.1807,85.1129,10.4416,1.9095,2230.2931,44.7927,8,5002,2,184,2,0,0,0,0,0,4,4,50,2785,2217,55.68,2,0,100,184,0
ubt,bintrie,5,4,storage_sload_k1,1,,1077,21000,1,0.2555,16.2946,14.7963,1.192,32.8414,0.6394,6,0,0,0,2,0,0,0,0,0,2,4,33.33,0,0,0,0,0,0,0,0
ubt,bintrie,5,4,storage_sload_k1,1,,1078,0,0,0.173,44.4543,0.0055,0.4217,46.3121,0,4,0,0,0,0,0,0,0,0,0,0,4,0,0,0,0,0,0,0,0,0
ubt,bintrie,5,4,storage_sload_k1,2,,1079,0,0,0.0767,33.32,0.0023,0.1668,33.8677,0,4,0,0,0,0,0,0,0,0,0,0,4,0,0,0,0,0,0,0,0,0
ubt,bintrie,5,4,storage_sload_k1,2,,1080,0,0,0.0554,26.1301,0.0047,0.2628,26.8864,0,4,0,0,0,0,0,0,0,0,0,0,4,0,0,0,0,0,0,0,0,0
ubt,bintrie,5,4,storage_sload_k1,2,,1081,0,0,0.0455,37.5172,0.0029,0.2231,38.0186,0,4,0,0,0,0,0,0,0,0,0,0,4,0,0,0,0,0,0,0,0,0
ubt,bintrie,5,4,storage_sload_k1,2,,1082,0,0,0.4389,11.9212,0.0026,0.117,15.876,0,4,0,0,0,0,0,0,0,0,0,0,4,0,0,0,0,0,0,0,0,0
ubt,bintrie,5,4,storage_sload_k1,2,,1083,0,0,0.0645,26.9841,0.0038,0.1167,27.7692,0,4,0,0,0,0,0,0,0,0,0,0,4,0,0,0,0,0,0,0,0,0
ubt,bintrie,5,4,storage_sload_k1,2,,1084,0,0,0.049,13.0146,0.0041,0.2094,14.6802,0,4,0,0,0,0,0,0,0,0,0,0,4,0,0,0,0,0,0,0,0,0
ubt,bintrie,5,4,storage_sload_k1,2,,1085,0,0,0.1896,6.7294,0.0096,0.4573,8.0553,0,4,0,0,0,0,0,0,0,0,0,0,4,0,0,0,0,0,0,0,0,0
ubt,bintrie,5,4,storage_sload_k1,2,,1086,0,0,0.0706,5.7465,0.0044,0.3477,6.4421,0,4,0,0,0,0,0,0,0,0,0,0,4,0,0,0,0,0,0,0,0,0
ubt,bintrie,5,4,storage_sload_k1,2,,1087,0,0,0.0995,4.6575,0.0038,0.2832,5.4604,0,4,0,0,0,0,0,0,0,0,0,0,4,0,0,0,0,0,0,0,0,0
ubt,bintrie,5,4,storage_sload_k1,2,,1088,0,0,0.1073,19.4246,0.0073,0.3561,42.4241,0,4,0,0,0,0,0,0,0,0,0,0,4,0,0,0,0,0,0,0,0,0
ubt,bintrie,5,4,storage_sload_k1,2,,1089,0,0,0.0717,5.4607,0.0041,0.21,6.0778,0,4,0,0,0,0,0,0,0,0,0,0,4,0,0,0,0,0,0,0,0,0
ubt,bintrie,5,4,storage_sload_k1,2,,1090,0,0,0.0525,25.1802,0.0026,0.1975,25.704,0,4,0,0,0,0,0,0,0,0,0,0,4,0,0,0,0,0,0,0,0,0
ubt,bintrie,5,4,storage_sload_k1,2,,1091,0,0,0.0799,7.1497,0.0047,0.2462,8.4892,0,4,0,0,0,0,0,0,0,0,0,0,4,0,0,0,0,0,0,0,0,0
ubt,bintrie,5,4,storage_sload_k1,2,,1092,0,0,0.1102,30.1404,0.0026,0.2263,30.7651,0,4,0,0,0,0,0,0,0,0,0,0,4,0,0,0,0,0,0,0,0,0
ubt,bintrie,5,4,storage_sload_k1,2,,1093,0,0,0.0615,7.4052,0.0044,0.2978,8.0541,0,4,0,0,0,0,0,0,0,0,0,0,4,0,0,0,0,0,0,0,0,0
ubt,bintrie,5,4,storage_sload_k1,2,,1094,0,0,0.0863,33.3725,0.0032,0.1158,34.0136,0,4,0,0,0,0,0,0,0,0,0,0,4,0,0,0,0,0,0,0,0,0
ubt,bintrie,5,4,storage_sload_k1,2,,1095,0,0,0.061,14.1016,0.0035,0.4182,30.0161,0,4,0,0,0,0,0,0,0,0,0,0,4,0,0,0,0,0,0,0,0,0
ubt,bintrie,5,4,storage_sload_k1,2,,1096,0,0,0.0598,12.3619,0.0026,0.1785,12.9647,0,4,0,0,0,0,0,0,0,0,0,0,4,0,0,0,0,0,0,0,0,0
ubt,bintrie,5,4,storage_sload_k1,2,,1097,0,0,0.0557,12.8253,0.009,0.5043,40.1754,0,4,0,0,0,0,0,0,0,0,0,0,4,0,0,0,0,0,0,0,0,0
ubt,bintrie,5,4,storage_sload_k1,2,,1098,86860,2,0.1578,22.6133,0.6434,3.4401,27.0765,3.2079,11,0,0,0,3,0,0,0,1,156,4,7,36.36,0,0,0,0,0,0,0,0
ubt,bintrie,5,4,storage_sload_k1,2,,1099,99900789,1,2062.4204,82.9755,40.1364,1.8407,2187.8166,45.6623,8,5002,2,184,2,0,0,0,0,0,1,7,12.5,831,4171,16.61,2,0,100,184,0
ubt,bintrie,5,4,storage_sload_k1,2,,1100,21000,1,0.0881,11.1428,8.3657,1.0185,27.5125,0.7633,6,0,0,0,2,0,0,0,0,0,2,4,33.33,0,0,0,0,0,0,0,0
ubt,bintrie,5,4,storage_sload_k1,2,,1101,0,0,0.1654,37.4353,0.0044,0.2059,38.2047,0,4,0,0,0,0,0,0,0,0,0,0,4,0,0,0,0,0,0,0,0,0
ubt,bintrie,5,4,storage_sload_k1,2,,1102,0,0,0.0773,9.6991,0.007,0.3774,36.985,0,4,0,0,0,0,0,0,0,0,0,0,4,0,0,0,0,0,0,0,0,0
ubt,bintrie,5,4,storage_sload_k1,3,,1103,0,0,0.07,55.2994,0.0038,0.2733,55.9306,0,4,0,0,0,0,0,0,0,0,0,0,4,0,0,0,0,0,0,0,0,0
ubt,bintrie,5,4,storage_sload_k1,3,,1104,0,0,0.5054,30.124,0.0023,0.1391,31.0941,0,4,0,0,0,0,0,0,0,0,0,0,4,0,0,0,0,0,0,0,0,0
ubt,bintrie,5,4,storage_sload_k1,3,,1105,0,0,0.0379,1.2107,0.0032,1.1669,2.809,0,4,0,0,0,0,0,0,0,0,0,0,4,0,0,0,0,0,0,0,0,0
ubt,bintrie,5,4,storage_sload_k1,3,,1106,0,0,0.056,24.154,0.0038,1.4767,25.9393,0,4,0,0,0,0,0,0,0,0,0,0,4,0,0,0,0,0,0,0,0,0
ubt,bintrie,5,4,storage_sload_k1,3,,1107,0,0,0.0898,79.2385,0.0073,0.2438,79.9053,0,4,0,0,0,0,0,0,0,0,0,0,4,0,0,0,0,0,0,0,0,0
ubt,bintrie,5,4,storage_sload_k1,3,,1108,0,0,0.0569,17.2408,0.0029,0.1695,17.6932,0,4,0,0,0,0,0,0,0,0,0,0,4,0,0,0,0,0,0,0,0,0
ubt,bintrie,5,4,storage_sload_k1,3,,1109,0,0,0.0592,6.5708,0.002,0.1476,7.0372,0,4,0,0,0,0,0,0,0,0,0,0,4,0,0,0,0,0,0,0,0,0
ubt,bintrie,5,4,storage_sload_k1,3,,1110,0,0,0.2144,6.9371,0.0085,0.4941,8.2878,0,4,0,0,0,0,0,0,0,0,0,0,4,0,0,0,0,0,0,0,0,0
ubt,bintrie,5,4,storage_sload_k1,3,,1111,0,0,0.0432,3.8009,0.002,0.1193,4.1424,0,4,0,0,0,0,0,0,0,0,0,0,4,0,0,0,0,0,0,0,0,0
ubt,bintrie,5,4,storage_sload_k1,3,,1112,0,0,0.0391,2.5027,0.0029,0.2832,3.1053,0,4,0,0,0,0,0,0,0,0,0,0,4,0,0,0,0,0,0,0,0,0
ubt,bintrie,5,4,storage_sload_k1,3,,1113,0,0,0.0927,24.1325,0.0029,0.3112,24.8278,0,4,0,0,0,0,0,0,0,0,0,0,4,0,0,0,0,0,0,0,0,0
ubt,bintrie,5,4,storage_sload_k1,3,,1114,0,0,0.2963,23.7787,0.0061,0.2482,25.493,0,4,0,0,0,0,0,0,0,0,0,0,4,0,0,0,0,0,0,0,0,0
ubt,bintrie,5,4,storage_sload_k1,3,,1115,0,0,0.1362,40.5596,0.0055,0.2817,41.8003,0,4,0,0,0,0,0,0,0,0,0,0,4,0,0,0,0,0,0,0,0,0
ubt,bintrie,5,4,storage_sload_k1,3,,1116,0,0,0.1823,37.4441,0.0032,0.2015,38.2412,0,4,0,0,0,0,0,0,0,0,0,0,4,0,0,0,0,0,0,0,0,0
ubt,bintrie,5,4,storage_sload_k1,3,,1117,0,0,0.0365,3.6364,0.002,0.1289,3.9657,0,4,0,0,0,0,0,0,0,0,0,0,4,0,0,0,0,0,0,0,0,0
ubt,bintrie,5,4,storage_sload_k1,3,,1118,0,0,0.0834,14.9878,0.0093,0.5008,20.6955,0,4,0,0,0,0,0,0,0,0,0,0,4,0,0,0,0,0,0,0,0,0
ubt,bintrie,5,4,storage_sload_k1,3,,1119,0,0,0.0712,24.7901,0.005,0.2001,25.295,0,4,0,0,0,0,0,0,0,0,0,0,4,0,0,0,0,0,0,0,0,0
ubt,bintrie,5,4,storage_sload_k1,3,,1120,0,0,0.0852,22.7748,0.0029,0.1595,25.3423,0,4,0,0,0,0,0,0,0,0,0,0,4,0,0,0,0,0,0,0,0,0
ubt,bintrie,5,4,storage_sload_k1,3,,1121,0,0,0.0446,4.3761,0.0026,0.1858,4.764,0,4,0,0,0,0,0,0,0,0,0,0,4,0,0,0,0,0,0,0,0,0
ubt,bintrie,5,4,storage_sload_k1,3,,1122,86860,2,0.1482,8.4044,24.9164,2.0241,36.1089,2.4055,11,0,0,0,3,0,0,0,1,156,5,6,45.45,0,0,0,0,0,0,0,0
ubt,bintrie,5,4,storage_sload_k1,3,,1123,99900789,1,2073.4758,102.5415,0.8129,4.0902,2181.399,45.7967,8,5002,2,184,2,0,0,0,0,0,2,6,25,647,4355,12.93,2,0,100,184,0
ubt,bintrie,5,4,storage_sload_k1,3,,1124,21000,1,0.5162,69.8057,2.5363,0.7283,73.9817,0.2839,6,0,0,0,2,0,0,0,0,0,2,4,33.33,0,0,0,0,0,0,0,0
ubt,bintrie,5,4,storage_sload_k1,3,,1125,0,0,0.0957,11.8997,0.0047,0.2508,35.9703,0,4,0,0,0,0,0,0,0,0,0,0,4,0,0,0,0,0,0,0,0,0
ubt,bintrie,5,4,storage_sload_k1,4,,1127,0,0,1.6251,29.8898,0.0032,0.1975,31.9696,0,4,0,0,0,0,0,0,0,0,0,0,4,0,0,0,0,0,0,0,0,0
ubt,bintrie,5,4,storage_sload_k1,4,,1128,0,0,0.1963,7.5368,0.0044,0.3952,8.7194,0,4,0,0,0,0,0,0,0,0,0,0,4,0,0,0,0,0,0,0,0,0
ubt,bintrie,5,4,storage_sload_k1,4,,1129,0,0,0.0464,11.466,0.0032,0.1575,12.2109,0,4,0,0,0,0,0,0,0,0,0,0,4,0,0,0,0,0,0,0,0,0
ubt,bintrie,5,4,storage_sload_k1,4,,1130,0,0,0.1266,18.5877,0.0041,1.5245,22.2174,0,4,0,0,0,0,0,0,0,0,0,0,4,0,0,0,0,0,0,0,0,0
ubt,bintrie,5,4,storage_sload_k1,4,,1131,0,0,0.0837,17.3619,0.0044,0.9937,24.5723,0,4,0,0,0,0,0,0,0,0,0,0,4,0,0,0,0,0,0,0,0,0
ubt,bintrie,5,4,storage_sload_k1,4,,1132,0,0,0.0901,8.4228,0.0073,0.5022,10.1109,0,4,0,0,0,0,0,0,0,0,0,0,4,0,0,0,0,0,0,0,0,0
ubt,bintrie,5,4,storage_sload_k1,4,,1133,0,0,0.0405,2.0629,0.0023,0.135,2.4619,0,4,0,0,0,0,0,0,0,0,0,0,4,0,0,0,0,0,0,0,0,0
ubt,bintrie,5,4,storage_sload_k1,4,,1134,0,0,7.8841,2.5468,0.0041,0.3398,11.2228,0,4,0,0,0,0,0,0,0,0,0,0,4,0,0,0,0,0,0,0,0,0
ubt,bintrie,5,4,storage_sload_k1,4,,1135,0,0,0.0808,6.9383,0.0041,0.2246,7.6208,0,4,0,0,0,0,0,0,0,0,0,0,4,0,0,0,0,0,0,0,0,0
ubt,bintrie,5,4,storage_sload_k1,4,,1136,0,0,0.0995,3.5299,0.0047,0.2459,4.1792,0,4,0,0,0,0,0,0,0,0,0,0,4,0,0,0,0,0,0,0,0,0
ubt,bintrie,5,4,storage_sload_k1,4,,1137,0,0,0.1721,37.951,0.0026,0.1371,38.546,0,4,0,0,0,0,0,0,0,0,0,0,4,0,0,0,0,0,0,0,0,0
ubt,bintrie,5,4,storage_sload_k1,4,,1138,0,0,0.0423,2.1977,0.0023,0.1444,2.5896,0,4,0,0,0,0,0,0,0,0,0,0,4,0,0,0,0,0,0,0,0,0
ubt,bintrie,5,4,storage_sload_k1,4,,1139,0,0,0.1172,17.87,0.0058,0.2351,42.801,0,4,0,0,0,0,0,0,0,0,0,0,4,0,0,0,0,0,0,0,0,0
ubt,bintrie,5,4,storage_sload_k1,4,,1140,0,0,0.0852,5.291,0.005,0.2584,5.9948,0,4,0,0,0,0,0,0,0,0,0,0,4,0,0,0,0,0,0,0,0,0
ubt,bintrie,5,4,storage_sload_k1,4,,1141,0,0,0.1382,14.1985,0.0085,0.5157,15.4623,0,4,0,0,0,0,0,0,0,0,0,0,4,0,0,0,0,0,0,0,0,0
ubt,bintrie,5,4,storage_sload_k1,4,,1142,0,0,0.0892,35.5471,0.0038,0.1875,37.1769,0,4,0,0,0,0,0,0,0,0,0,0,4,0,0,0,0,0,0,0,0,0
ubt,bintrie,5,4,storage_sload_k1,4,,1143,0,0,0.0738,48.4096,0.0026,0.2879,49.279,0,4,0,0,0,0,0,0,0,0,0,0,4,0,0,0,0,0,0,0,0,0
ubt,bintrie,5,4,storage_sload_k1,4,,1144,0,0,0.0665,8.3056,0.0079,0.4048,26.2642,0,4,0,0,0,0,0,0,0,0,0,0,4,0,0,0,0,0,0,0,0,0
ubt,bintrie,5,4,storage_sload_k1,4,,1145,0,0,0.063,18.0044,0.0035,0.1167,18.3836,0,4,0,0,0,0,0,0,0,0,0,0,4,0,0,0,0,0,0,0,0,0
ubt,bintrie,5,4,storage_sload_k1,4,,1146,86860,2,0.1744,32.8172,23.9977,5.6602,62.8802,1.3814,11,0,0,0,3,0,0,0,1,156,5,6,45.45,0,0,0,0,0,0,0,0
ubt,bintrie,5,4,storage_sload_k1,4,,1147,99900789,1,2182.7424,94.0128,15.0336,1.1453,2293.3249,43.5615,8,5002,2,184,2,0,0,0,0,0,4,4,50,776,4226,15.51,2,0,100,184,0
ubt,bintrie,5,4,storage_sload_k1,4,,1148,21000,1,0.7081,9.4743,7.5802,1.2489,19.4341,1.0806,6,0,0,0,2,0,0,0,0,0,0,6,0,0,0,0,0,0,0,0,0
ubt,bintrie,5,4,storage_sload_k1,4,,1149,0,0,0.4127,34.9562,0.0029,0.2141,42.9579,0,4,0,0,0,0,0,0,0,0,0,0,4,0,0,0,0,0,0,0,0,0
ubt,bintrie,5,4,storage_sload_k1,5,,1151,0,0,0.0642,11.9507,0.0032,0.1878,12.4661,0,4,0,0,0,0,0,0,0,0,0,0,4,0,0,0,0,0,0,0,0,0
ubt,bintrie,5,4,storage_sload_k1,5,,1152,0,0,0.1065,8.6072,0.0055,0.4107,9.506,0,4,0,0,0,0,0,0,0,0,0,0,4,0,0,0,0,0,0,0,0,0
ubt,bintrie,5,4,storage_sload_k1,5,,1153,0,0,0.0478,41.8026,0.0029,0.1537,42.2174,0,4,0,0,0,0,0,0,0,0,0,0,4,0,0,0,0,0,0,0,0,0
ubt,bintrie,5,4,storage_sload_k1,5,,1154,0,0,2.2058,23.4226,0.0038,1.4638,28.1751,0,4,0,0,0,0,0,0,0,0,0,0,4,0,0,0,0,0,0,0,0,0
ubt,bintrie,5,4,storage_sload_k1,5,,1155,0,0,0.0478,17.0294,0.0026,0.2263,17.4581,0,4,0,0,0,0,0,0,0,0,0,0,4,0,0,0,0,0,0,0,0,0
ubt,bintrie,5,4,storage_sload_k1,5,,1156,0,0,0.0484,19.3195,0.077,0.1581,19.7993,0,4,0,0,0,0,0,0,0,0,0,0,4,0,0,0,0,0,0,0,0,0
ubt,bintrie,5,4,storage_sload_k1,5,,1157,0,0,0.8149,37.7626,0.0029,0.4334,39.3343,0,4,0,0,0,0,0,0,0,0,0,0,4,0,0,0,0,0,0,0,0,0
ubt,bintrie,5,4,storage_sload_k1,5,,1158,0,0,0.0688,3.5629,0.002,0.1234,4.0774,0,4,0,0,0,0,0,0,0,0,0,0,4,0,0,0,0,0,0,0,0,0
ubt,bintrie,5,4,storage_sload_k1,5,,1159,0,0,0.0875,2.979,0.0023,0.1076,3.4833,0,4,0,0,0,0,0,0,0,0,0,0,4,0,0,0,0,0,0,0,0,0
ubt,bintrie,5,4,storage_sload_k1,5,,1160,0,0,0.0796,5.6626,0.0061,0.4518,6.8531,0,4,0,0,0,0,0,0,0,0,0,0,4,0,0,0,0,0,0,0,0,0
ubt,bintrie,5,4,storage_sload_k1,5,,1161,0,0,0.1444,39.5539,0.0032,0.1948,40.4429,0,4,0,0,0,0,0,0,0,0,0,0,4,0,0,0,0,0,0,0,0,0
ubt,bintrie,5,4,storage_sload_k1,5,,1162,0,0,0.0767,5.0967,0.0035,0.2581,5.7031,0,4,0,0,0,0,0,0,0,0,0,0,4,0,0,0,0,0,0,0,0,0
ubt,bintrie,5,4,storage_sload_k1,5,,1163,0,0,0.1482,20.2091,0.0073,0.4387,34.9769,0,4,0,0,0,0,0,0,0,0,0,0,4,0,0,0,0,0,0,0,0,0
ubt,bintrie,5,4,storage_sload_k1,5,,1164,0,0,0.0397,2.5777,0.0023,0.1703,3.8607,0,4,0,0,0,0,0,0,0,0,0,0,4,0,0,0,0,0,0,0,0,0
ubt,bintrie,5,4,storage_sload_k1,5,,1165,0,0,0.1216,14.7644,0.005,0.415,36.1704,0,4,0,0,0,0,0,0,0,0,0,0,4,0,0,0,0,0,0,0,0,0
ubt,bintrie,5,4,storage_sload_k1,5,,1166,0,0,0.079,5.0679,0.005,0.2435,5.6783,0,4,0,0,0,0,0,0,0,0,0,0,4,0,0,0,0,0,0,0,0,0
ubt,bintrie,5,4,storage_sload_k1,5,,1167,0,0,0.0907,14.8408,0.0038,1.6625,22.2562,0,4,0,0,0,0,0,0,0,0,0,0,4,0,0,0,0,0,0,0,0,0
ubt,bintrie,5,4,storage_sload_k1,5,,1168,0,0,0.0633,19.8961,0.0026,0.2377,20.4059,0,4,0,0,0,0,0,0,0,0,0,0,4,0,0,0,0,0,0,0,0,0
ubt,bintrie,5,4,storage_sload_k1,5,,1169,0,0,0.075,20.3275,0.0032,0.1805,20.8956,0,4,0,0,0,0,0,0,0,0,0,0,4,0,0,0,0,0,0,0,0,0
ubt,bintrie,5,4,storage_sload_k1,5,,1170,86860,2,0.7116,8.319,5.6497,2.6004,17.5952,4.9366,11,0,0,0,3,0,0,0,1,156,4,7,36.36,0,0,0,0,0,0,0,0
ubt,bintrie,5,4,storage_sload_k1,5,,1171,99900789,1,2082.1485,98.3267,23.8233,3.2109,2207.7871,45.2493,8,5002,2,184,2,0,0,0,0,0,3,5,37.5,2134,2868,42.66,2,0,100,184,0
ubt,bintrie,5,4,storage_sload_k1,5,,1172,21000,1,1.1407,14.8023,5.1361,1.3749,35.2838,0.5952,6,0,0,0,2,0,0,0,0,0,0,6,0,0,0,0,0,0,0,0,0
ubt,bintrie,5,4,storage_sload_k1,5,,1173,0,0,0.1038,20.4931,0.0038,0.2724,41.0081,0,4,0,0,0,0,0,0,0,0,0,0,4,0,0,0,0,0,0,0,0,0
ubt,bintrie,5,4,storage_sload_k1,6,,1174,0,0,0.1269,25.2364,0.0067,0.5028,26.3044,0,4,0,0,0,0,0,0,0,0,0,0,4,0,0,0,0,0,0,0,0,0
ubt,bintrie,5,4,storage_sload_k1,6,,1175,0,0,0.0863,30.908,0.0032,0.4174,31.7214,0,4,0,0,0,0,0,0,0,0,0,0,4,0,0,0,0,0,0,0,0,0
ubt,bintrie,5,4,storage_sload_k1,6,,1176,0,0,0.5617,8.422,0.005,0.1695,30.8138,0,4,0,0,0,0,0,0,0,0,0,0,4,0,0,0,0,0,0,0,0,0
ubt,bintrie,5,4,storage_sload_k1,6,,1177,0,0,0.196,8.3902,0.0064,2.6453,12.3707,0,4,0,0,0,0,0,0,0,0,0,0,4,0,0,0,0,0,0,0,0,0
ubt,bintrie,5,4,storage_sload_k1,6,,1178,0,0,0.0744,14.6267,0.0032,0.1502,15.1599,0,4,0,0,0,0,0,0,0,0,0,0,4,0,0,0,0,0,0,0,0,0
ubt,bintrie,5,4,storage_sload_k1,6,,1179,0,0,0.0843,32.9928,0.0038,0.2135,33.7738,0,4,0,0,0,0,0,0,0,0,0,0,4,0,0,0,0,0,0,0,0,0
ubt,bintrie,5,4,storage_sload_k1,6,,1180,0,0,0.0449,11.4844,0.0026,0.1292,11.8621,0,4,0,0,0,0,0,0,0,0,0,0,4,0,0,0,0,0,0,0,0,0
ubt,bintrie,5,4,storage_sload_k1,6,,1181,0,0,0.2001,36.621,0.0023,0.1429,37.6036,0,4,0,0,0,0,0,0,0,0,0,0,4,0,0,0,0,0,0,0,0,0
ubt,bintrie,5,4,storage_sload_k1,6,,1182,0,0,0.3643,11.415,0.005,0.2103,31.2615,0,4,0,0,0,0,0,0,0,0,0,0,4,0,0,0,0,0,0,0,0,0
ubt,bintrie,5,4,storage_sload_k1,6,,1183,0,0,0.0452,11.8533,0.0227,0.42,36.6554,0,4,0,0,0,0,0,0,0,0,0,0,4,0,0,0,0,0,0,0,0,0
ubt,bintrie,5,4,storage_sload_k1,6,,1184,0,0,0.1887,6.814,0.0073,0.4955,8.1183,0,4,0,0,0,0,0,0,0,0,0,0,4,0,0,0,0,0,0,0,0,0
ubt,bintrie,5,4,storage_sload_k1,6,,1185,0,0,0.0954,34.5001,0.0047,0.3293,35.3065,0,4,0,0,0,0,0,0,0,0,0,0,4,0,0,0,0,0,0,0,0,0
ubt,bintrie,5,4,storage_sload_k1,6,,1186,0,0,0.0595,4.9045,0.0035,0.2269,5.5479,0,4,0,0,0,0,0,0,0,0,0,0,4,0,0,0,0,0,0,0,0,0
ubt,bintrie,5,4,storage_sload_k1,6,,1187,0,0,0.0618,12.0505,0.0044,0.1709,30.1573,0,4,0,0,0,0,0,0,0,0,0,0,4,0,0,0,0,0,0,0,0,0
ubt,bintrie,5,4,storage_sload_k1,6,,1188,0,0,0.0332,1.9947,0.0018,0.1426,2.3659,0,4,0,0,0,0,0,0,0,0,0,0,4,0,0,0,0,0,0,0,0,0
ubt,bintrie,5,4,storage_sload_k1,6,,1189,0,0,0.1059,19.9221,0.0032,0.7011,26.6235,0,4,0,0,0,0,0,0,0,0,0,0,4,0,0,0,0,0,0,0,0,0
ubt,bintrie,5,4,storage_sload_k1,6,,1190,0,0,0.0516,15.0662,0.0038,2.7343,19.4621,0,4,0,0,0,0,0,0,0,0,0,0,4,0,0,0,0,0,0,0,0,0
ubt,bintrie,5,4,storage_sload_k1,6,,1191,0,0,0.0618,28.2469,0.0026,0.1479,28.6806,0,4,0,0,0,0,0,0,0,0,0,0,4,0,0,0,0,0,0,0,0,0
ubt,bintrie,5,4,storage_sload_k1,6,,1192,0,0,0.093,40.6969,0.0035,0.1916,41.2424,0,4,0,0,0,0,0,0,0,0,0,0,4,0,0,0,0,0,0,0,0,0
ubt,bintrie,5,4,storage_sload_k1,6,,1193,86860,2,0.189,2.7116,12.8843,2.6354,20.6442,4.2075,11,0,0,0,3,0,0,0,1,156,5,6,45.45,0,0,0,0,0,0,0,0
ubt,bintrie,5,4,storage_sload_k1,6,,1194,99900789,1,2074.576,63.8485,0.324,1.0141,2140.0426,46.6817,8,5002,2,184,2,0,0,0,0,0,2,6,25,1296,3706,25.91,2,0,100,184,0
ubt,bintrie,5,4,storage_sload_k1,6,,1195,21000,1,0.0767,5.7218,22.5251,1.7794,37.2472,0.5638,6,0,0,0,2,0,0,0,0,0,2,4,33.33,0,0,0,0,0,0,0,0
ubt,bintrie,5,4,storage_sload_k1,6,,1196,0,0,0.0601,31.1964,0.0088,0.1829,32.6568,0,4,0,0,0,0,0,0,0,0,0,0,4,0,0,0,0,0,0,0,0,0
ubt,bintrie,5,4,storage_sload_k1,7,,1198,0,0,0.2018,28.1349,0.0061,0.5565,29.4232,0,4,0,0,0,0,0,0,0,0,0,0,4,0,0,0,0,0,0,0,0,0
ubt,bintrie,5,4,storage_sload_k1,7,,1199,0,0,0.2514,7.3463,0.0038,0.3342,8.4619,0,4,0,0,0,0,0,0,0,0,0,0,4,0,0,0,0,0,0,0,0,0
ubt,bintrie,5,4,storage_sload_k1,7,,1200,0,0,0.0645,29.3246,0.0026,0.128,29.8239,0,4,0,0,0,0,0,0,0,0,0,0,4,0,0,0,0,0,0,0,0,0
ubt,bintrie,5,4,storage_sload_k1,7,,1201,0,0,0.0531,20.5424,0.0114,0.1441,21.0245,0,4,0,0,0,0,0,0,0,0,0,0,4,0,0,0,0,0,0,0,0,0
ubt,bintrie,5,4,storage_sload_k1,7,,1202,0,0,0.0653,1.7278,0.0076,11.0154,17.284,0,4,0,0,0,0,0,0,0,0,0,0,4,0,0,0,0,0,0,0,0,0
ubt,bintrie,5,4,storage_sload_k1,7,,1203,0,0,0.1225,25.5552,0.0064,5.1014,36.2133,0,4,0,0,0,0,0,0,0,0,0,0,4,0,0,0,0,0,0,0,0,0
ubt,bintrie,5,4,storage_sload_k1,7,,1204,0,0,0.0382,11.0005,0.0018,0.142,11.3566,0,4,0,0,0,0,0,0,0,0,0,0,4,0,0,0,0,0,0,0,0,0
ubt,bintrie,5,4,storage_sload_k1,7,,1205,0,0,0.2182,9.929,0.0052,0.4031,29.2902,0,4,0,0,0,0,0,0,0,0,0,0,4,0,0,0,0,0,0,0,0,0
ubt,bintrie,5,4,storage_sload_k1,7,,1206,0,0,0.2724,6.397,0.0044,0.2459,15.4299,0,4,0,0,0,0,0,0,0,0,0,0,4,0,0,0,0,0,0,0,0,0
ubt,bintrie,5,4,storage_sload_k1,7,,1207,0,0,0.0344,3.2812,0.0026,0.128,3.6023,0,4,0,0,0,0,0,0,0,0,0,0,4,0,0,0,0,0,0,0,0,0
ubt,bintrie,5,4,storage_sload_k1,7,,1208,0,0,0.1342,21.791,0.0032,0.2354,22.416,0,4,0,0,0,0,0,0,0,0,0,0,4,0,0,0,0,0,0,0,0,0
ubt,bintrie,5,4,storage_sload_k1,7,,1209,0,0,0.1059,3.6297,0.0041,0.2397,4.3612,0,4,0,0,0,0,0,0,0,0,0,0,4,0,0,0,0,0,0,0,0,0
ubt,bintrie,5,4,storage_sload_k1,7,,1210,0,0,0.224,18.355,0.0073,0.434,41.8892,0,4,0,0,0,0,0,0,0,0,0,0,4,0,0,0,0,0,0,0,0,0
ubt,bintrie,5,4,storage_sload_k1,7,,1211,0,0,0.0653,7.0269,0.0035,0.2412,7.8453,0,4,0,0,0,0,0,0,0,0,0,0,4,0,0,0,0,0,0,0,0,0
ubt,bintrie,5,4,storage_sload_k1,7,,1212,0,0,0.0738,14.1108,0.0047,0.2969,38.6227,0,4,0,0,0,0,0,0,0,0,0,0,4,0,0,0,0,0,0,0,0,0
ubt,bintrie,5,4,storage_sload_k1,7,,1213,0,0,0.0907,5.9918,0.007,0.3754,6.7878,0,4,0,0,0,0,0,0,0,0,0,0,4,0,0,0,0,0,0,0,0,0
ubt,bintrie,5,4,storage_sload_k1,7,,1214,0,0,0.0808,20.2108,0.0032,0.1382,22.3819,0,4,0,0,0,0,0,0,0,0,0,0,4,0,0,0,0,0,0,0,0,0
ubt,bintrie,5,4,storage_sload_k1,7,,1215,0,0,0.0618,30.2987,0.0026,0.1546,30.7697,0,4,0,0,0,0,0,0,0,0,0,0,4,0,0,0,0,0,0,0,0,0
ubt,bintrie,5,4,storage_sload_k1,7,,1216,0,0,0.1555,10.3358,0.0026,0.1683,10.9862,0,4,0,0,0,0,0,0,0,0,0,0,4,0,0,0,0,0,0,0,0,0
ubt,bintrie,5,4,storage_sload_k1,7,,1217,86860,2,0.1292,2.6736,28.9862,1.815,33.777,2.5716,11,0,0,0,3,0,0,0,1,156,5,6,45.45,0,0,0,0,0,0,0,0
ubt,bintrie,5,4,storage_sload_k1,7,,1218,99900789,1,2154.7947,123.98,16.9133,16.0646,2312.0923,43.208,8,5002,2,184,2,0,0,0,0,0,4,4,50,1252,3750,25.03,2,0,100,184,0
ubt,bintrie,5,4,storage_sload_k1,7,,1219,21000,1,0.3561,5.3674,15.4323,1.1547,22.542,0.9316,6,0,0,0,2,0,0,0,0,0,0,6,0,0,0,0,0,0,0,0,0
ubt,bintrie,5,4,storage_sload_k1,7,,1220,0,0,0.4996,27.6609,0.0052,0.4588,30.005,0,4,0,0,0,0,0,0,0,0,0,0,4,0,0,0,0,0,0,0,0,0
ubt,bintrie,5,4,storage_sload_k1,8,,1221,0,0,0.0484,11.3368,0.0023,0.1508,11.7072,0,4,0,0,0,0,0,0,0,0,0,0,4,0,0,0,0,0,0,0,0,0
ubt,bintrie,5,4,storage_sload_k1,8,,1222,0,0,0.1972,26.6888,0.0041,2.4429,29.7591,0,4,0,0,0,0,0,0,0,0,0,0,4,0,0,0,0,0,0,0,0,0
ubt,bintrie,5,4,storage_sload_k1,8,,1223,0,0,0.0572,13.7301,0.0047,0.4092,14.4625,0,4,0,0,0,0,0,0,0,0,0,0,4,0,0,0,0,0,0,0,0,0
ubt,bintrie,5,4,storage_sload_k1,8,,1224,0,0,0.051,10.3778,0.0032,0.1925,10.7981,0,4,0,0,0,0,0,0,0,0,0,0,4,0,0,0,0,0,0,0,0,0
ubt,bintrie,5,4,storage_sload_k1,8,,1225,0,0,0.0857,32.4229,0.0055,0.863,33.8129,0,4,0,0,0,0,0,0,0,0,0,0,4,0,0,0,0,0,0,0,0,0
ubt,bintrie,5,4,storage_sload_k1,8,,1226,0,0,0.0682,19.118,0.0023,0.2185,19.7121,0,4,0,0,0,0,0,0,0,0,0,0,4,0,0,0,0,0,0,0,0,0
ubt,bintrie,5,4,storage_sload_k1,8,,1227,0,0,0.3054,53.0408,0.0058,0.3608,54.0444,0,4,0,0,0,0,0,0,0,0,0,0,4,0,0,0,0,0,0,0,0,0
ubt,bintrie,5,4,storage_sload_k1,8,,1228,0,0,0.0615,5.7842,0.0041,0.2033,6.5463,0,4,0,0,0,0,0,0,0,0,0,0,4,0,0,0,0,0,0,0,0,0
ubt,bintrie,5,4,storage_sload_k1,8,,1229,0,0,0.0464,9.5784,0.0035,0.2462,26.5964,0,4,0,0,0,0,0,0,0,0,0,0,4,0,0,0,0,0,0,0,0,0
ubt,bintrie,5,4,storage_sload_k1,8,,1230,0,0,0.0732,7.4983,0.005,0.3071,8.144,0,4,0,0,0,0,0,0,0,0,0,0,4,0,0,0,0,0,0,0,0,0
ubt,bintrie,5,4,storage_sload_k1,8,,1231,0,0,0.0817,10.1442,0.0047,0.289,33.0978,0,4,0,0,0,0,0,0,0,0,0,0,4,0,0,0,0,0,0,0,0,0
ubt,bintrie,5,4,storage_sload_k1,8,,1232,0,0,0.1149,13.2396,0.0038,0.2826,44.2601,0,4,0,0,0,0,0,0,0,0,0,0,4,0,0,0,0,0,0,0,0,0
ubt,bintrie,5,4,storage_sload_k1,8,,1233,0,0,0.0799,5.0262,0.0035,0.2648,5.6489,0,4,0,0,0,0,0,0,0,0,0,0,4,0,0,0,0,0,0,0,0,0
ubt,bintrie,5,4,storage_sload_k1,8,,1234,0,0,0.1613,25.5986,0.0044,0.243,32.6941,0,4,0,0,0,0,0,0,0,0,0,0,4,0,0,0,0,0,0,0,0,0
ubt,bintrie,5,4,storage_sload_k1,8,,1235,0,0,0.0624,4.9279,0.0047,0.2704,6.7784,0,4,0,0,0,0,0,0,0,0,0,0,4,0,0,0,0,0,0,0,0,0
ubt,bintrie,5,4,storage_sload_k1,8,,1236,0,0,0.0537,9.4903,0.0099,0.2126,26.4864,0,4,0,0,0,0,0,0,0,0,0,0,4,0,0,0,0,0,0,0,0,0
ubt,bintrie,5,4,storage_sload_k1,8,,1237,0,0,0.0615,13.0281,0.0044,2.4467,19.5187,0,4,0,0,0,0,0,0,0,0,0,0,4,0,0,0,0,0,0,0,0,0
ubt,bintrie,5,4,storage_sload_k1,8,,1238,0,0,0.0715,17.0034,0.005,0.1575,17.8571,0,4,0,0,0,0,0,0,0,0,0,0,4,0,0,0,0,0,0,0,0,0
ubt,bintrie,5,4,storage_sload_k1,8,,1239,0,0,0.0373,10.8733,0.0026,0.1286,11.1988,0,4,0,0,0,0,0,0,0,0,0,0,4,0,0,0,0,0,0,0,0,0
ubt,bintrie,5,4,storage_sload_k1,8,,1240,86860,2,0.1143,30.2077,7.7158,2.2685,40.4951,2.145,11,0,0,0,3,0,0,0,1,156,6,5,54.55,0,0,0,0,0,0,0,0
ubt,bintrie,5,4,storage_sload_k1,8,,1241,99900789,1,2052.2471,78.5898,0.2578,2.5838,2133.8579,46.817,8,5002,2,184,2,0,0,0,0,0,4,4,50,563,4439,11.26,2,0,100,184,0
ubt,bintrie,5,4,storage_sload_k1,8,,1242,0,0,0.1362,21.735,0.0067,0.2762,22.5986,0,4,0,0,0,0,0,0,0,0,0,0,4,0,0,0,0,0,0,0,0,0
ubt,bintrie,5,4,storage_sload_k1,8,,1243,21000,1,0.1569,18.9033,2.774,0.7816,38.9035,0.5398,6,0,0,0,2,0,0,0,0,0,2,4,33.33,0,0,0,0,0,0,0,0
ubt,bintrie,5,4,storage_sload_k1,8,,1244,0,0,0.231,33.6015,0.0076,0.5655,35.0099,0,4,0,0,0,0,0,0,0,0,0,0,4,0,0,0,0,0,0,0,0,0
ubt,bintrie,5,4,storage_sload_k1,8,,1245,0,0,0.231,23.0691,0.0041,0.2368,24.7852,0,4,0,0,0,0,0,0,0,0,0,0,4,0,0,0,0,0,0,0,0,0
ubt,bintrie,5,4,storage_sload_k1,9,,1246,0,0,0.1272,31.4922,0.0026,0.2228,32.1782,0,4,0,0,0,0,0,0,0,0,0,0,4,0,0,0,0,0,0,0,0,0
ubt,bintrie,5,4,storage_sload_k1,9,,1247,0,0,0.0338,2.0781,0.0023,0.1426,2.4797,0,4,0,0,0,0,0,0,0,0,0,0,4,0,0,0,0,0,0,0,0,0
ubt,bintrie,5,4,storage_sload_k1,9,,1248,0,0,0.0747,23.9321,0.0032,0.154,24.4623,0,4,0,0,0,0,0,0,0,0,0,0,4,0,0,0,0,0,0,0,0,0
ubt,bintrie,5,4,storage_sload_k1,9,,1249,0,0,0.0907,3.7642,0.0079,5.0842,9.908,0,4,0,0,0,0,0,0,0,0,0,0,4,0,0,0,0,0,0,0,0,0
ubt,bintrie,5,4,storage_sload_k1,9,,1250,0,0,0.0586,16.7949,0.0053,1.7695,18.8205,0,4,0,0,0,0,0,0,0,0,0,0,4,0,0,0,0,0,0,0,0,0
ubt,bintrie,5,4,storage_sload_k1,9,,1251,0,0,0.6104,23.5547,0.0038,0.3754,24.9587,0,4,0,0,0,0,0,0,0,0,0,0,4,0,0,0,0,0,0,0,0,0
ubt,bintrie,5,4,storage_sload_k1,9,,1252,0,0,0.1024,30.7861,0.0055,0.5367,31.9352,0,4,0,0,0,0,0,0,0,0,0,0,4,0,0,0,0,0,0,0,0,0
ubt,bintrie,5,4,storage_sload_k1,9,,1253,0,0,0.117,23.8767,0.005,0.4048,24.9471,0,4,0,0,0,0,0,0,0,0,0,0,4,0,0,0,0,0,0,0,0,0
ubt,bintrie,5,4,storage_sload_k1,9,,1254,0,0,0.4357,14.1242,0.0061,0.2774,32.9476,0,4,0,0,0,0,0,0,0,0,0,0,4,0,0,0,0,0,0,0,0,0
ubt,bintrie,5,4,storage_sload_k1,9,,1255,0,0,0.0455,3.9383,0.0029,0.2972,4.5589,0,4,0,0,0,0,0,0,0,0,0,0,4,0,0,0,0,0,0,0,0,0
ubt,bintrie,5,4,storage_sload_k1,9,,1256,0,0,0.0755,8.9533,0.0076,0.3506,32.6425,0,4,0,0,0,0,0,0,0,0,0,0,4,0,0,0,0,0,0,0,0,0
ubt,bintrie,5,4,storage_sload_k1,9,,1257,0,0,0.0936,6.8546,0.0038,0.245,7.5621,0,4,0,0,0,0,0,0,0,0,0,0,4,0,0,0,0,0,0,0,0,0
ubt,bintrie,5,4,storage_sload_k1,9,,1258,0,0,0.0674,11.8452,0.0047,0.2383,32.9452,0,4,0,0,0,0,0,0,0,0,0,0,4,0,0,0,0,0,0,0,0,0
ubt,bintrie,5,4,storage_sload_k1,9,,1259,0,0,0.086,7.689,0.0026,0.1893,8.3782,0,4,0,0,0,0,0,0,0,0,0,0,4,0,0,0,0,0,0,0,0,0
ubt,bintrie,5,4,storage_sload_k1,9,,1260,0,0,0.084,16.6062,0.0044,0.1721,36.033,0,4,0,0,0,0,0,0,0,0,0,0,4,0,0,0,0,0,0,0,0,0
ubt,bintrie,5,4,storage_sload_k1,9,,1261,0,0,0.086,4.8412,0.0032,0.2485,5.6946,0,4,0,0,0,0,0,0,0,0,0,0,4,0,0,0,0,0,0,0,0,0
ubt,bintrie,5,4,storage_sload_k1,9,,1262,0,0,0.0595,12.8108,0.0053,4.5639,24.0954,0,4,0,0,0,0,0,0,0,0,0,0,4,0,0,0,0,0,0,0,0,0
ubt,bintrie,5,4,storage_sload_k1,9,,1263,0,0,0.0697,16.3201,0.0058,3.7773,23.0402,0,4,0,0,0,0,0,0,0,0,0,0,4,0,0,0,0,0,0,0,0,0
ubt,bintrie,5,4,storage_sload_k1,9,,1264,0,0,0.0875,54.1124,0.0035,0.3115,54.7931,0,4,0,0,0,0,0,0,0,0,0,0,4,0,0,0,0,0,0,0,0,0
ubt,bintrie,5,4,storage_sload_k1,9,,1265,86860,2,0.9584,31.0649,5.9988,10.6622,49.3473,1.7602,11,0,0,0,3,0,0,0,1,156,4,7,36.36,0,0,0,0,0,0,0,0
ubt,bintrie,5,4,storage_sload_k1,9,,1266,99900789,1,2098.6707,104.7984,7.0689,11.9799,2223.3354,44.9328,8,5002,2,184,2,0,0,0,0,0,4,4,50,2350,2652,46.98,2,0,100,184,0
ubt,bintrie,5,4,storage_sload_k1,9,,1267,21000,1,0.0927,34.001,19.7199,1.4428,55.5094,0.3783,6,0,0,0,2,0,0,0,0,0,2,4,33.33,0,0,0,0,0,0,0,0
ubt,bintrie,5,4,storage_sload_k1,9,,1268,0,0,0.2654,32.2254,0.0125,0.6685,44.8134,0,4,0,0,0,0,0,0,0,0,0,0,4,0,0,0,0,0,0,0,0,0
ubt,bintrie,5,4,storage_sload_k10,10,,1508,0,0,0.1047,28.5552,0.0032,0.1756,29.07,0,4,0,0,0,0,0,0,0,0,0,0,4,0,0,0,0,0,0,0,0,0
ubt,bintrie,5,4,storage_sload_k10,10,,1509,0,0,0.0472,12.7639,0.0032,0.189,13.1766,0,4,0,0,0,0,0,0,0,0,0,0,4,0,0,0,0,0,0,0,0,0
ubt,bintrie,5,4,storage_sload_k10,10,,1510,0,0,0.0286,1.6732,0.0018,0.1021,2.0798,0,4,0,0,0,0,0,0,0,0,0,0,4,0,0,0,0,0,0,0,0,0
ubt,bintrie,5,4,storage_sload_k10,10,,1511,0,0,0.0758,7.7421,0.0055,4.4341,12.5807,0,4,0,0,0,0,0,0,0,0,0,0,4,0,0,0,0,0,0,0,0,0
ubt,bintrie,5,4,storage_sload_k10,10,,1512,0,0,0.0712,54.9229,0.0032,1.269,59.4075,0,4,0,0,0,0,0,0,0,0,0,0,4,0,0,0,0,0,0,0,0,0
ubt,bintrie,5,4,storage_sload_k10,10,,1513,0,0,0.0802,9.0289,0.009,4.4863,15.7496,0,4,0,0,0,0,0,0,0,0,0,0,4,0,0,0,0,0,0,0,0,0
ubt,bintrie,5,4,storage_sload_k10,10,,1514,0,0,0.1082,5.2703,0.0079,0.4284,6.2893,0,4,0,0,0,0,0,0,0,0,0,0,4,0,0,0,0,0,0,0,0,0
ubt,bintrie,5,4,storage_sload_k10,10,,1515,0,0,0.1937,25.9562,0.0026,0.2164,26.5909,0,4,0,0,0,0,0,0,0,0,0,0,4,0,0,0,0,0,0,0,0,0
ubt,bintrie,5,4,storage_sload_k10,10,,1516,0,0,0.1382,4.1955,0.0029,0.147,4.7275,0,4,0,0,0,0,0,0,0,0,0,0,4,0,0,0,0,0,0,0,0,0
ubt,bintrie,5,4,storage_sload_k10,10,,1517,0,0,0.093,3.4588,0.0044,0.2453,4.2705,0,4,0,0,0,0,0,0,0,0,0,0,4,0,0,0,0,0,0,0,0,0
ubt,bintrie,5,4,storage_sload_k10,10,,1518,0,0,0.1047,3.7049,0.0038,0.2424,4.4195,0,4,0,0,0,0,0,0,0,0,0,0,4,0,0,0,0,0,0,0,0,0
ubt,bintrie,5,4,storage_sload_k10,10,,1519,0,0,0.1219,24.4075,0.0052,0.3751,25.3743,0,4,0,0,0,0,0,0,0,0,0,0,4,0,0,0,0,0,0,0,0,0
ubt,bintrie,5,4,storage_sload_k10,10,,1520,0,0,0.0417,5.0212,0.0023,0.1359,5.3479,0,4,0,0,0,0,0,0,0,0,0,0,4,0,0,0,0,0,0,0,0,0
ubt,bintrie,5,4,storage_sload_k10,10,,1521,0,0,0.042,3.7461,0.0023,0.1248,4.1299,0,4,0,0,0,0,0,0,0,0,0,0,4,0,0,0,0,0,0,0,0,0
ubt,bintrie,5,4,storage_sload_k10,10,,1522,0,0,0.1091,3.8339,0.0053,0.3197,4.7272,0,4,0,0,0,0,0,0,0,0,0,0,4,0,0,0,0,0,0,0,0,0
ubt,bintrie,5,4,storage_sload_k10,10,,1523,0,0,0.0828,29.3424,0.03,0.236,29.9216,0,4,0,0,0,0,0,0,0,0,0,0,4,0,0,0,0,0,0,0,0,0
ubt,bintrie,5,4,storage_sload_k10,10,,1524,0,0,0.2535,14.8137,0.0073,0.1855,15.6041,0,4,0,0,0,0,0,0,0,0,0,0,4,0,0,0,0,0,0,0,0,0
ubt,bintrie,5,4,storage_sload_k10,10,,1525,0,0,0.1759,17.6395,0.0041,0.3964,20.0775,0,4,0,0,0,0,0,0,0,0,0,0,4,0,0,0,0,0,0,0,0,0
ubt,bintrie,5,4,storage_sload_k10,10,,1526,86892,2,0.3296,2.7043,45.943,2.5377,59.1558,1.4689,11,0,0,0,3,0,0,0,1,158,7,4,63.64,0,0,0,0,0,0,0,0
ubt,bintrie,5,4,storage_sload_k10,10,,1527,99900924,1,2160.045,59.348,39.2742,2.3479,2262.392,44.1572,17,5002,11,438,2,0,0,0,0,0,3,14,17.65,1323,3679,26.45,11,0,100,438,0
ubt,bintrie,5,4,storage_sload_k10,10,,1528,21000,1,0.1505,23.5594,18.9511,0.8639,43.8475,0.4789,6,0,0,0,2,0,0,0,0,0,2,4,33.33,0,0,0,0,0,0,0,0
ubt,bintrie,5,4,storage_sload_k10,10,,1529,0,0,0.1027,8.6343,0.0032,0.1534,9.3171,0,4,0,0,0,0,0,0,0,0,0,0,4,0,0,0,0,0,0,0,0,0
ubt,bintrie,5,4,storage_sload_k10,10,,1530,0,0,0.0534,6.6382,0.0044,0.3395,31.0279,0,4,0,0,0,0,0,0,0,0,0,0,4,0,0,0,0,0,0,0,0,0
ubt,bintrie,5,4,storage_sload_k10,1,,1293,0,0,0.0712,31.0567,0.0032,0.166,31.5768,0,4,0,0,0,0,0,0,0,0,0,0,4,0,0,0,0,0,0,0,0,0
ubt,bintrie,5,4,storage_sload_k10,1,,1294,0,0,0.0729,62.2806,0.0032,0.2182,62.9039,0,4,0,0,0,0,0,0,0,0,0,0,4,0,0,0,0,0,0,0,0,0
ubt,bintrie,5,4,storage_sload_k10,1,,1295,0,0,0.0747,30.5848,0.0053,0.6737,31.927,0,4,0,0,0,0,0,0,0,0,0,0,4,0,0,0,0,0,0,0,0,0
ubt,bintrie,5,4,storage_sload_k10,1,,1296,0,0,0.0738,8.3362,0.0082,14.4021,27.5309,0,4,0,0,0,0,0,0,0,0,0,0,4,0,0,0,0,0,0,0,0,0
ubt,bintrie,5,4,storage_sload_k10,1,,1297,0,0,0.061,20.5445,0.0044,6.105,26.975,0,4,0,0,0,0,0,0,0,0,0,0,4,0,0,0,0,0,0,0,0,0
ubt,bintrie,5,4,storage_sload_k10,1,,1298,0,0,0.0656,17.4984,0.0041,0.2491,18.0974,0,4,0,0,0,0,0,0,0,0,0,0,4,0,0,0,0,0,0,0,0,0
ubt,bintrie,5,4,storage_sload_k10,1,,1299,0,0,0.0857,7.5044,0.0047,0.3202,8.2621,0,4,0,0,0,0,0,0,0,0,0,0,4,0,0,0,0,0,0,0,0,0
ubt,bintrie,5,4,storage_sload_k10,1,,1300,0,0,0.0408,7.6374,0.0073,0.3453,30.3465,0,4,0,0,0,0,0,0,0,0,0,0,4,0,0,0,0,0,0,0,0,0
ubt,bintrie,5,4,storage_sload_k10,1,,1301,0,0,0.103,3.3935,0.005,0.2654,4.0663,0,4,0,0,0,0,0,0,0,0,0,0,4,0,0,0,0,0,0,0,0,0
ubt,bintrie,5,4,storage_sload_k10,1,,1302,0,0,0.0595,27.2182,0.0029,0.1563,27.7374,0,4,0,0,0,0,0,0,0,0,0,0,4,0,0,0,0,0,0,0,0,0
ubt,bintrie,5,4,storage_sload_k10,1,,1303,0,0,0.1426,5.3388,0.0026,0.1697,6.4075,0,4,0,0,0,0,0,0,0,0,0,0,4,0,0,0,0,0,0,0,0,0
ubt,bintrie,5,4,storage_sload_k10,1,,1304,0,0,0.1015,38.1423,0.0026,0.1429,38.6507,0,4,0,0,0,0,0,0,0,0,0,0,4,0,0,0,0,0,0,0,0,0
ubt,bintrie,5,4,storage_sload_k10,1,,1305,0,0,0.047,22.5977,0.0073,0.3646,31.7019,0,4,0,0,0,0,0,0,0,0,0,0,4,0,0,0,0,0,0,0,0,0
ubt,bintrie,5,4,storage_sload_k10,1,,1306,0,0,0.0831,15.3742,0.0053,0.3654,16.2192,0,4,0,0,0,0,0,0,0,0,0,0,4,0,0,0,0,0,0,0,0,0
ubt,bintrie,5,4,storage_sload_k10,1,,1307,0,0,0.0548,11.1536,0.0041,0.231,32.8195,0,4,0,0,0,0,0,0,0,0,0,0,4,0,0,0,0,0,0,0,0,0
ubt,bintrie,5,4,storage_sload_k10,1,,1308,0,0,0.061,12.8076,0.0038,3.8741,26.1927,0,4,0,0,0,0,0,0,0,0,0,0,4,0,0,0,0,0,0,0,0,0
ubt,bintrie,5,4,storage_sload_k10,1,,1309,0,0,0.0464,12.2106,0.0032,0.3669,13.0996,0,4,0,0,0,0,0,0,0,0,0,0,4,0,0,0,0,0,0,0,0,0
ubt,bintrie,5,4,storage_sload_k10,1,,1310,0,0,0.245,12.4361,0.0032,0.3447,25.0051,0,4,0,0,0,0,0,0,0,0,0,0,4,0,0,0,0,0,0,0,0,0
ubt,bintrie,5,4,storage_sload_k10,1,,1311,0,0,0.0685,14.7676,0.005,0.2666,28.9454,0,4,0,0,0,0,0,0,0,0,0,0,4,0,0,0,0,0,0,0,0,0
ubt,bintrie,5,4,storage_sload_k10,1,,1312,86892,2,0.2832,32.4739,29.7131,5.3654,77.6819,1.1186,11,0,0,0,3,0,0,0,1,158,6,5,54.55,0,0,0,0,0,0,0,0
ubt,bintrie,5,4,storage_sload_k10,1,,1313,99900924,1,2064.2068,77.8024,26.3109,2.1274,2170.7079,46.0223,17,5002,11,438,2,0,0,0,0,0,4,13,23.53,732,4270,14.63,11,0,100,438,0
ubt,bintrie,5,4,storage_sload_k10,1,,1314,21000,1,0.2537,37.1848,25.9612,1.787,65.7242,0.3195,6,0,0,0,2,0,0,0,0,0,2,4,33.33,0,0,0,0,0,0,0,0
ubt,bintrie,5,4,storage_sload_k10,1,,1315,0,0,0.0563,3.7618,0.0023,0.17,4.185,0,4,0,0,0,0,0,0,0,0,0,0,4,0,0,0,0,0,0,0,0,0
ubt,bintrie,5,4,storage_sload_k10,2,,1316,0,0,0.1073,25.6637,0.0088,0.9858,27.1395,0,4,0,0,0,0,0,0,0,0,0,0,4,0,0,0,0,0,0,0,0,0
ubt,bintrie,5,4,storage_sload_k10,2,,1317,0,0,0.0776,3.212,0.0047,0.2412,3.9654,0,4,0,0,0,0,0,0,0,0,0,0,4,0,0,0,0,0,0,0,0,0
ubt,bintrie,5,4,storage_sload_k10,2,,1318,0,0,0.1012,8.6267,0.0047,0.2514,9.4282,0,4,0,0,0,0,0,0,0,0,0,0,4,0,0,0,0,0,0,0,0,0
ubt,bintrie,5,4,storage_sload_k10,2,,1319,0,0,0.0849,2.1008,0.0023,0.1295,2.8046,0,4,0,0,0,0,0,0,0,0,0,0,4,0,0,0,0,0,0,0,0,0
ubt,bintrie,5,4,storage_sload_k10,2,,1320,0,0,0.0542,13.2997,0.0035,0.3759,14.1915,0,4,0,0,0,0,0,0,0,0,0,0,4,0,0,0,0,0,0,0,0,0
ubt,bintrie,5,4,storage_sload_k10,2,,1321,0,0,0.0814,31.5173,0.0026,0.1937,34.013,0,4,0,0,0,0,0,0,0,0,0,0,4,0,0,0,0,0,0,0,0,0
ubt,bintrie,5,4,storage_sload_k10,2,,1322,0,0,0.3759,23.1609,0.0029,0.1692,23.961,0,4,0,0,0,0,0,0,0,0,0,0,4,0,0,0,0,0,0,0,0,0
ubt,bintrie,5,4,storage_sload_k10,2,,1323,0,0,0.079,15.4433,0.0044,0.3208,16.1987,0,4,0,0,0,0,0,0,0,0,0,0,4,0,0,0,0,0,0,0,0,0
ubt,bintrie,5,4,storage_sload_k10,2,,1324,0,0,0.0834,8.5509,0.0047,0.3007,9.2412,0,4,0,0,0,0,0,0,0,0,0,0,4,0,0,0,0,0,0,0,0,0
ubt,bintrie,5,4,storage_sload_k10,2,,1325,0,0,0.0703,13.6526,0.0029,0.1668,14.1373,0,4,0,0,0,0,0,0,0,0,0,0,4,0,0,0,0,0,0,0,0,0
ubt,bintrie,5,4,storage_sload_k10,2,,1326,0,0,0.0405,3.8621,0.0018,0.1275,4.1739,0,4,0,0,0,0,0,0,0,0,0,0,4,0,0,0,0,0,0,0,0,0
ubt,bintrie,5,4,storage_sload_k10,2,,1327,0,0,0.0356,3.7846,0.0023,0.1508,4.1666,0,4,0,0,0,0,0,0,0,0,0,0,4,0,0,0,0,0,0,0,0,0
ubt,bintrie,5,4,storage_sload_k10,2,,1328,0,0,0.0817,10.094,0.0032,0.1893,10.6645,0,4,0,0,0,0,0,0,0,0,0,0,4,0,0,0,0,0,0,0,0,0
ubt,bintrie,5,4,storage_sload_k10,2,,1329,0,0,0.1237,31.0891,0.0061,0.2523,32.0484,0,4,0,0,0,0,0,0,0,0,0,0,4,0,0,0,0,0,0,0,0,0
ubt,bintrie,5,4,storage_sload_k10,2,,1330,0,0,0.1021,15.0056,0.0035,0.2161,15.747,0,4,0,0,0,0,0,0,0,0,0,0,4,0,0,0,0,0,0,0,0,0
ubt,bintrie,5,4,storage_sload_k10,2,,1331,0,0,0.0802,20.8621,0.0029,0.1858,21.4037,0,4,0,0,0,0,0,0,0,0,0,0,4,0,0,0,0,0,0,0,0,0
ubt,bintrie,5,4,storage_sload_k10,2,,1332,0,0,0.0682,29.0145,0.0035,0.1514,29.5392,0,4,0,0,0,0,0,0,0,0,0,0,4,0,0,0,0,0,0,0,0,0
ubt,bintrie,5,4,storage_sload_k10,2,,1333,0,0,0.163,46.2577,0.0032,0.1584,47.5121,0,4,0,0,0,0,0,0,0,0,0,0,4,0,0,0,0,0,0,0,0,0
ubt,bintrie,5,4,storage_sload_k10,2,,1334,0,0,0.3619,3.8811,0.0026,0.1867,4.6,0,4,0,0,0,0,0,0,0,0,0,0,4,0,0,0,0,0,0,0,0,0
ubt,bintrie,5,4,storage_sload_k10,2,,1335,86892,2,1.2702,14.2963,18.4609,9.6857,44.0779,1.9713,11,0,0,0,3,0,0,0,1,158,4,7,36.36,0,0,0,0,0,0,0,0
ubt,bintrie,5,4,storage_sload_k10,2,,1336,99900924,1,2089.3017,61.9866,36.1106,1.1071,2190.7941,45.6003,17,5002,11,438,2,0,0,0,0,0,4,13,23.53,327,4675,6.54,11,0,100,438,0
ubt,bintrie,5,4,storage_sload_k10,2,,1337,21000,1,0.0747,1.9086,28.8471,2.0647,33.0759,0.6349,6,0,0,0,2,0,0,0,0,0,2,4,33.33,0,0,0,0,0,0,0,0
ubt,bintrie,5,4,storage_sload_k10,2,,1338,0,0,0.1426,8.2356,0.0041,0.3287,15.5498,0,4,0,0,0,0,0,0,0,0,0,0,4,0,0,0,0,0,0,0,0,0
ubt,bintrie,5,4,storage_sload_k10,2,,1339,0,0,0.1012,18.9683,0.0047,0.254,19.8101,0,4,0,0,0,0,0,0,0,0,0,0,4,0,0,0,0,0,0,0,0,0
ubt,bintrie,5,4,storage_sload_k10,3,,1340,0,0,0.058,12.7175,0.0032,0.2593,13.2262,0,4,0,0,0,0,0,0,0,0,0,0,4,0,0,0,0,0,0,0,0,0
ubt,bintrie,5,4,storage_sload_k10,3,,1341,0,0,0.0411,5.8373,0.002,0.1388,6.191,0,4,0,0,0,0,0,0,0,0,0,0,4,0,0,0,0,0,0,0,0,0
ubt,bintrie,5,4,storage_sload_k10,3,,1342,0,0,0.1149,3.8286,0.005,0.2721,4.6088,0,4,0,0,0,0,0,0,0,0,0,0,4,0,0,0,0,0,0,0,0,0
ubt,bintrie,5,4,storage_sload_k10,3,,1343,0,0,0.1342,4.8095,0.0023,0.1417,7.4939,0,4,0,0,0,0,0,0,0,0,0,0,4,0,0,0,0,0,0,0,0,0
ubt,bintrie,5,4,storage_sload_k10,3,,1344,0,0,2.855,4.6902,0.002,0.1762,16.9652,0,4,0,0,0,0,0,0,0,0,0,0,4,0,0,0,0,0,0,0,0,0
ubt,bintrie,5,4,storage_sload_k10,3,,1345,0,0,0.0461,22.0806,0.0029,0.3844,22.9959,0,4,0,0,0,0,0,0,0,0,0,0,4,0,0,0,0,0,0,0,0,0
ubt,bintrie,5,4,storage_sload_k10,3,,1346,0,0,0.0723,21.4976,0.0029,0.2129,22.0914,0,4,0,0,0,0,0,0,0,0,0,0,4,0,0,0,0,0,0,0,0,0
ubt,bintrie,5,4,storage_sload_k10,3,,1347,0,0,0.3068,22.6899,0.0026,0.1697,42.5875,0,4,0,0,0,0,0,0,0,0,0,0,4,0,0,0,0,0,0,0,0,0
ubt,bintrie,5,4,storage_sload_k10,3,,1348,0,0,0.3019,17.7819,0.0044,0.2593,29.1143,0,4,0,0,0,0,0,0,0,0,0,0,4,0,0,0,0,0,0,0,0,0
ubt,bintrie,5,4,storage_sload_k10,3,,1349,0,0,0.1566,7.7325,0.007,0.3188,9.1876,0,4,0,0,0,0,0,0,0,0,0,0,4,0,0,0,0,0,0,0,0,0
ubt,bintrie,5,4,storage_sload_k10,3,,1350,0,0,0.1062,3.5962,0.0038,0.3083,4.4154,0,4,0,0,0,0,0,0,0,0,0,0,4,0,0,0,0,0,0,0,0,0
ubt,bintrie,5,4,storage_sload_k10,3,,1351,0,0,0.0799,20.9446,0.0035,0.1928,21.4717,0,4,0,0,0,0,0,0,0,0,0,0,4,0,0,0,0,0,0,0,0,0
ubt,bintrie,5,4,storage_sload_k10,3,,1352,0,0,0.0531,4.764,0.0017,0.1199,5.1711,0,4,0,0,0,0,0,0,0,0,0,0,4,0,0,0,0,0,0,0,0,0
ubt,bintrie,5,4,storage_sload_k10,3,,1353,0,0,0.1575,3.0458,0.0018,0.119,3.7213,0,4,0,0,0,0,0,0,0,0,0,0,4,0,0,0,0,0,0,0,0,0
ubt,bintrie,5,4,storage_sload_k10,3,,1354,0,0,0.1056,3.5445,0.0032,0.2327,4.2471,0,4,0,0,0,0,0,0,0,0,0,0,4,0,0,0,0,0,0,0,0,0
ubt,bintrie,5,4,storage_sload_k10,3,,1355,0,0,0.1248,15.9077,0.0044,0.212,22.3341,0,4,0,0,0,0,0,0,0,0,0,0,4,0,0,0,0,0,0,0,0,0
ubt,bintrie,5,4,storage_sload_k10,3,,1356,0,0,0.063,16.1357,0.0047,9.7925,27.0254,0,4,0,0,0,0,0,0,0,0,0,0,4,0,0,0,0,0,0,0,0,0
ubt,bintrie,5,4,storage_sload_k10,3,,1357,0,0,0.0828,20.6786,0.0038,0.2815,21.2304,0,4,0,0,0,0,0,0,0,0,0,0,4,0,0,0,0,0,0,0,0,0
ubt,bintrie,5,4,storage_sload_k10,3,,1358,0,0,0.0709,21.1852,0.005,0.2616,24.7461,0,4,0,0,0,0,0,0,0,0,0,0,4,0,0,0,0,0,0,0,0,0
ubt,bintrie,5,4,storage_sload_k10,3,,1359,86892,2,0.1794,2.8962,27.332,2.1965,33.7403,2.5753,11,0,0,0,3,0,0,0,1,158,6,5,54.55,0,0,0,0,0,0,0,0
ubt,bintrie,5,4,storage_sload_k10,3,,1360,99900924,1,2115.9804,63.8104,21.7277,1.547,2203.5592,45.3362,17,5002,11,438,2,0,0,0,0,0,5,12,29.41,594,4408,11.88,11,0,100,438,0
ubt,bintrie,5,4,storage_sload_k10,3,,1361,21000,1,0.11,13.1702,22.0229,0.7656,36.8485,0.5699,6,0,0,0,2,0,0,0,0,0,2,4,33.33,0,0,0,0,0,0,0,0
ubt,bintrie,5,4,storage_sload_k10,3,,1362,0,0,0.1429,16.3516,0.0055,0.2167,34.8425,0,4,0,0,0,0,0,0,0,0,0,0,4,0,0,0,0,0,0,0,0,0
ubt,bintrie,5,4,storage_sload_k10,4,,1364,0,0,0.0965,36.031,0.0032,0.2211,37.0005,0,4,0,0,0,0,0,0,0,0,0,0,4,0,0,0,0,0,0,0,0,0
ubt,bintrie,5,4,storage_sload_k10,4,,1365,0,0,0.0414,4.9941,0.0026,0.2062,5.4951,0,4,0,0,0,0,0,0,0,0,0,0,4,0,0,0,0,0,0,0,0,0
ubt,bintrie,5,4,storage_sload_k10,4,,1366,0,0,0.0362,12.9887,0.0018,0.1779,13.407,0,4,0,0,0,0,0,0,0,0,0,0,4,0,0,0,0,0,0,0,0,0
ubt,bintrie,5,4,storage_sload_k10,4,,1367,0,0,0.0945,9.1701,0.005,0.1665,31.9183,0,4,0,0,0,0,0,0,0,0,0,0,4,0,0,0,0,0,0,0,0,0
ubt,bintrie,5,4,storage_sload_k10,4,,1368,0,0,0.7431,20.275,0.0041,0.264,24.7111,0,4,0,0,0,0,0,0,0,0,0,0,4,0,0,0,0,0,0,0,0,0
ubt,bintrie,5,4,storage_sload_k10,4,,1369,0,0,0.0621,7.7847,0.0032,0.1423,8.1962,0,4,0,0,0,0,0,0,0,0,0,0,4,0,0,0,0,0,0,0,0,0
ubt,bintrie,5,4,storage_sload_k10,4,,1370,0,0,0.2027,36.8957,0.0047,0.3144,37.797,0,4,0,0,0,0,0,0,0,0,0,0,4,0,0,0,0,0,0,0,0,0
ubt,bintrie,5,4,storage_sload_k10,4,,1371,0,0,0.0916,31.5934,0.0029,0.2004,32.2403,0,4,0,0,0,0,0,0,0,0,0,0,4,0,0,0,0,0,0,0,0,0
ubt,bintrie,5,4,storage_sload_k10,4,,1372,0,0,0.0828,1.4122,0.0076,0.7125,12.3022,0,4,0,0,0,0,0,0,0,0,0,0,4,0,0,0,0,0,0,0,0,0
ubt,bintrie,5,4,storage_sload_k10,4,,1373,0,0,0.5425,35.3686,0.012,0.6723,42.9068,0,4,0,0,0,0,0,0,0,0,0,0,4,0,0,0,0,0,0,0,0,0
ubt,bintrie,5,4,storage_sload_k10,4,,1374,0,0,0.0922,18.6554,0.005,0.4704,34.2466,0,4,0,0,0,0,0,0,0,0,0,0,4,0,0,0,0,0,0,0,0,0
ubt,bintrie,5,4,storage_sload_k10,4,,1375,0,0,0.0997,13.3271,0.007,0.4938,14.4056,0,4,0,0,0,0,0,0,0,0,0,0,4,0,0,0,0,0,0,0,0,0
ubt,bintrie,5,4,storage_sload_k10,4,,1376,0,0,0.0878,11.895,0.0029,0.1432,12.4547,0,4,0,0,0,0,0,0,0,0,0,0,4,0,0,0,0,0,0,0,0,0
ubt,bintrie,5,4,storage_sload_k10,4,,1377,0,0,0.0901,13.2054,0.0038,0.1977,38.1618,0,4,0,0,0,0,0,0,0,0,0,0,4,0,0,0,0,0,0,0,0,0
ubt,bintrie,5,4,storage_sload_k10,4,,1378,0,0,0.0691,27.5209,0.0026,0.1759,28.0946,0,4,0,0,0,0,0,0,0,0,0,0,4,0,0,0,0,0,0,0,0,0
ubt,bintrie,5,4,storage_sload_k10,4,,1379,0,0,0.072,5.8101,0.0044,0.231,6.4541,0,4,0,0,0,0,0,0,0,0,0,0,4,0,0,0,0,0,0,0,0,0
ubt,bintrie,5,4,storage_sload_k10,4,,1380,0,0,0.079,11.802,0.0822,15.4737,31.0439,0,4,0,0,0,0,0,0,0,0,0,0,4,0,0,0,0,0,0,0,0,0
ubt,bintrie,5,4,storage_sload_k10,4,,1381,0,0,0.2231,30.0727,0.0044,0.7487,32.2966,0,4,0,0,0,0,0,0,0,0,0,0,4,0,0,0,0,0,0,0,0,0
ubt,bintrie,5,4,storage_sload_k10,4,,1382,0,0,0.119,4.5983,0.0055,0.4672,5.6809,0,4,0,0,0,0,0,0,0,0,0,0,4,0,0,0,0,0,0,0,0,0
ubt,bintrie,5,4,storage_sload_k10,4,,1383,86892,2,0.3427,5.8364,20.7507,4.0777,31.3688,2.77,11,0,0,0,3,0,0,0,1,158,5,6,45.45,0,0,0,0,0,0,0,0
ubt,bintrie,5,4,storage_sload_k10,4,,1384,99900924,1,2145.7348,122.986,1.6802,1.0961,2272.6065,43.9587,17,5002,11,438,2,0,0,0,0,0,3,14,17.65,1392,3610,27.83,11,0,100,438,0
ubt,bintrie,5,4,storage_sload_k10,4,,1385,21000,1,0.1216,27.11,1.4557,0.7609,29.6839,0.7075,6,0,0,0,2,0,0,0,0,0,2,4,33.33,0,0,0,0,0,0,0,0
ubt,bintrie,5,4,storage_sload_k10,4,,1386,0,0,0.0496,11.2942,0.0055,0.2925,35.8484,0,4,0,0,0,0,0,0,0,0,0,0,4,0,0,0,0,0,0,0,0,0
ubt,bintrie,5,4,storage_sload_k10,4,,1387,0,0,0.0318,3.0438,0.0023,0.1429,3.3993,0,4,0,0,0,0,0,0,0,0,0,0,4,0,0,0,0,0,0,0,0,0
ubt,bintrie,5,4,storage_sload_k10,5,,1388,0,0,0.0977,34.1959,0.0032,0.1718,35.0671,0,4,0,0,0,0,0,0,0,0,0,0,4,0,0,0,0,0,0,0,0,0
ubt,bintrie,5,4,storage_sload_k10,5,,1389,0,0,0.5448,31.6135,0.0026,0.154,32.5766,0,4,0,0,0,0,0,0,0,0,0,0,4,0,0,0,0,0,0,0,0,0
ubt,bintrie,5,4,storage_sload_k10,5,,1390,0,0,1.8748,14.0262,0.0041,0.7691,17.352,0,4,0,0,0,0,0,0,0,0,0,0,4,0,0,0,0,0,0,0,0,0
ubt,bintrie,5,4,storage_sload_k10,5,,1391,0,0,7.7818,1.2267,0.0032,0.1184,9.3357,0,4,0,0,0,0,0,0,0,0,0,0,4,0,0,0,0,0,0,0,0,0
ubt,bintrie,5,4,storage_sload_k10,5,,1392,0,0,0.2815,8.123,0.0029,1.353,12.3588,0,4,0,0,0,0,0,0,0,0,0,0,4,0,0,0,0,0,0,0,0,0
ubt,bintrie,5,4,storage_sload_k10,5,,1393,0,0,0.0557,18.0219,0.0026,0.1312,18.4582,0,4,0,0,0,0,0,0,0,0,0,0,4,0,0,0,0,0,0,0,0,0
ubt,bintrie,5,4,storage_sload_k10,5,,1394,0,0,0.0405,16.3364,0.0029,0.2074,16.7923,0,4,0,0,0,0,0,0,0,0,0,0,4,0,0,0,0,0,0,0,0,0
ubt,bintrie,5,4,storage_sload_k10,5,,1395,0,0,0.2721,12.5866,0.0058,0.7329,14.5328,0,4,0,0,0,0,0,0,0,0,0,0,4,0,0,0,0,0,0,0,0,0
ubt,bintrie,5,4,storage_sload_k10,5,,1396,0,0,0.217,51.4376,0.0026,0.1552,53.8642,0,4,0,0,0,0,0,0,0,0,0,0,4,0,0,0,0,0,0,0,0,0
ubt,bintrie,5,4,storage_sload_k10,5,,1397,0,0,0.0376,3.7178,0.0018,0.159,4.0506,0,4,0,0,0,0,0,0,0,0,0,0,4,0,0,0,0,0,0,0,0,0
ubt,bintrie,5,4,storage_sload_k10,5,,1398,0,0,0.0898,5.5167,0.0047,0.3652,6.4541,0,4,0,0,0,0,0,0,0,0,0,0,4,0,0,0,0,0,0,0,0,0
ubt,bintrie,5,4,storage_sload_k10,5,,1399,0,0,0.0461,8.3242,0.0335,0.2053,29.8172,0,4,0,0,0,0,0,0,0,0,0,0,4,0,0,0,0,0,0,0,0,0
ubt,bintrie,5,4,storage_sload_k10,5,,1400,0,0,0.0502,4.9185,0.0035,0.2187,5.5821,0,4,0,0,0,0,0,0,0,0,0,0,4,0,0,0,0,0,0,0,0,0
ubt,bintrie,5,4,storage_sload_k10,5,,1401,0,0,0.079,13.4674,0.0073,0.4226,31.335,0,4,0,0,0,0,0,0,0,0,0,0,4,0,0,0,0,0,0,0,0,0
ubt,bintrie,5,4,storage_sload_k10,5,,1402,0,0,0.1065,3.5682,0.0041,0.2625,4.3565,0,4,0,0,0,0,0,0,0,0,0,0,4,0,0,0,0,0,0,0,0,0
ubt,bintrie,5,4,storage_sload_k10,5,,1403,0,0,0.0933,12.2777,0.0047,0.2625,13.0004,0,4,0,0,0,0,0,0,0,0,0,0,4,0,0,0,0,0,0,0,0,0
ubt,bintrie,5,4,storage_sload_k10,5,,1404,0,0,0.0505,21.0528,0.0026,0.212,21.5527,0,4,0,0,0,0,0,0,0,0,0,0,4,0,0,0,0,0,0,0,0,0
ubt,bintrie,5,4,storage_sload_k10,5,,1405,0,0,0.061,16.465,0.0055,1.0476,21.4046,0,4,0,0,0,0,0,0,0,0,0,0,4,0,0,0,0,0,0,0,0,0
ubt,bintrie,5,4,storage_sload_k10,5,,1406,0,0,0.086,8.2472,0.0073,6.553,15.3427,0,4,0,0,0,0,0,0,0,0,0,0,4,0,0,0,0,0,0,0,0,0
ubt,bintrie,5,4,storage_sload_k10,5,,1407,86892,2,0.222,29.9735,25.1025,4.1226,59.6434,1.4569,11,0,0,0,3,0,0,0,1,158,5,6,45.45,0,0,0,0,0,0,0,0
ubt,bintrie,5,4,storage_sload_k10,5,,1408,99900924,1,2073.9779,107.5289,0.8925,1.9144,2212.9252,45.1443,17,5002,11,438,2,0,0,0,0,0,6,11,35.29,430,4572,8.6,11,0,100,438,0
ubt,bintrie,5,4,storage_sload_k10,5,,1409,21000,1,3.3386,5.594,6.8356,1.2614,20.6824,1.0154,6,0,0,0,2,0,0,0,0,0,0,6,0,0,0,0,0,0,0,0,0
ubt,bintrie,5,4,storage_sload_k10,5,,1410,0,0,0.1887,34.1069,0.0035,0.168,42.0491,0,4,0,0,0,0,0,0,0,0,0,0,4,0,0,0,0,0,0,0,0,0
ubt,bintrie,5,4,storage_sload_k10,6,,1411,0,0,0.0936,12.6612,0.0032,0.161,13.211,0,4,0,0,0,0,0,0,0,0,0,0,4,0,0,0,0,0,0,0,0,0
ubt,bintrie,5,4,storage_sload_k10,6,,1412,0,0,0.0939,3.891,0.0076,0.2788,4.6756,0,4,0,0,0,0,0,0,0,0,0,0,4,0,0,0,0,0,0,0,0,0
ubt,bintrie,5,4,storage_sload_k10,6,,1413,0,0,0.1345,4.0167,0.005,0.6501,5.5001,0,4,0,0,0,0,0,0,0,0,0,0,4,0,0,0,0,0,0,0,0,0
ubt,bintrie,5,4,storage_sload_k10,6,,1414,0,0,0.1864,3.3062,0.0041,0.1785,5.1093,0,4,0,0,0,0,0,0,0,0,0,0,4,0,0,0,0,0,0,0,0,0
ubt,bintrie,5,4,storage_sload_k10,6,,1415,0,0,0.0493,7.1722,0.0055,0.2584,11.2796,0,4,0,0,0,0,0,0,0,0,0,0,4,0,0,0,0,0,0,0,0,0
ubt,bintrie,5,4,storage_sload_k10,6,,1416,0,0,0.0694,43.0766,0.0052,0.3319,43.7778,0,4,0,0,0,0,0,0,0,0,0,0,4,0,0,0,0,0,0,0,0,0
ubt,bintrie,5,4,storage_sload_k10,6,,1417,0,0,0.1067,22.4216,0.0023,0.1444,23.2111,0,4,0,0,0,0,0,0,0,0,0,0,4,0,0,0,0,0,0,0,0,0
ubt,bintrie,5,4,storage_sload_k10,6,,1418,0,0,0.3652,7.3653,0.0038,0.2517,29.821,0,4,0,0,0,0,0,0,0,0,0,0,4,0,0,0,0,0,0,0,0,0
ubt,bintrie,5,4,storage_sload_k10,6,,1419,0,0,0.1385,6.9208,0.0041,0.2855,7.6374,0,4,0,0,0,0,0,0,0,0,0,0,4,0,0,0,0,0,0,0,0,0
ubt,bintrie,5,4,storage_sload_k10,6,,1420,0,0,0.2007,14.5625,0.0032,0.1893,15.5411,0,4,0,0,0,0,0,0,0,0,0,0,4,0,0,0,0,0,0,0,0,0
ubt,bintrie,5,4,storage_sload_k10,6,,1421,0,0,0.0432,3.3491,0.002,0.1231,3.7006,0,4,0,0,0,0,0,0,0,0,0,0,4,0,0,0,0,0,0,0,0,0
ubt,bintrie,5,4,storage_sload_k10,6,,1422,0,0,0.0752,10.1637,0.0073,0.4387,28.9005,0,4,0,0,0,0,0,0,0,0,0,0,4,0,0,0,0,0,0,0,0,0
ubt,bintrie,5,4,storage_sload_k10,6,,1423,0,0,0.1712,17.7139,0.009,0.3719,32.788,0,4,0,0,0,0,0,0,0,0,0,0,4,0,0,0,0,0,0,0,0,0
ubt,bintrie,5,4,storage_sload_k10,6,,1424,0,0,0.0855,16.0897,0.0029,0.1388,16.6441,0,4,0,0,0,0,0,0,0,0,0,0,4,0,0,0,0,0,0,0,0,0
ubt,bintrie,5,4,storage_sload_k10,6,,1425,0,0,0.217,31.2889,0.0041,0.1686,38.569,0,4,0,0,0,0,0,0,0,0,0,0,4,0,0,0,0,0,0,0,0,0
ubt,bintrie,5,4,storage_sload_k10,6,,1426,0,0,0.0525,17.7355,0.0038,2.5891,21.1599,0,4,0,0,0,0,0,0,0,0,0,0,4,0,0,0,0,0,0,0,0,0
ubt,bintrie,5,4,storage_sload_k10,6,,1427,0,0,0.0712,30.0704,0.0038,0.3103,31.2081,0,4,0,0,0,0,0,0,0,0,0,0,4,0,0,0,0,0,0,0,0,0
ubt,bintrie,5,4,storage_sload_k10,6,,1428,0,0,0.086,28.8375,0.005,0.198,29.427,0,4,0,0,0,0,0,0,0,0,0,0,4,0,0,0,0,0,0,0,0,0
ubt,bintrie,5,4,storage_sload_k10,6,,1429,0,0,0.2584,7.6832,0.0058,0.5614,9.0624,0,4,0,0,0,0,0,0,0,0,0,0,4,0,0,0,0,0,0,0,0,0
ubt,bintrie,5,4,storage_sload_k10,6,,1430,86892,2,0.2289,48.9337,7.1576,4.3918,62.8712,1.3821,11,0,0,0,3,0,0,0,1,158,5,6,45.45,0,0,0,0,0,0,0,0
ubt,bintrie,5,4,storage_sload_k10,6,,1431,99900924,1,2103.4979,38.0014,17.5243,2.9907,2162.5886,46.1951,17,5002,11,438,2,0,0,0,0,0,9,8,52.94,2935,2067,58.68,11,0,100,438,0
ubt,bintrie,5,4,storage_sload_k10,6,,1432,0,0,4.2028,29.3284,0.0058,0.2879,46.5838,0,4,0,0,0,0,0,0,0,0,0,0,4,0,0,0,0,0,0,0,0,0
ubt,bintrie,5,4,storage_sload_k10,6,,1433,21000,1,0.1867,23.737,15.1152,1.2139,40.6628,0.5164,6,0,0,0,2,0,0,0,0,0,2,4,33.33,0,0,0,0,0,0,0,0
ubt,bintrie,5,4,storage_sload_k10,6,,1434,0,0,0.2899,42.4764,0.0061,0.3433,44.1817,0,4,0,0,0,0,0,0,0,0,0,0,4,0,0,0,0,0,0,0,0,0
ubt,bintrie,5,4,storage_sload_k10,6,,1435,0,0,0.1003,8.8204,0.0117,0.5311,32.8213,0,4,0,0,0,0,0,0,0,0,0,0,4,0,0,0,0,0,0,0,0,0
ubt,bintrie,5,4,storage_sload_k10,7,,1436,0,0,0.054,11.3035,0.0023,0.1487,11.6807,0,4,0,0,0,0,0,0,0,0,0,0,4,0,0,0,0,0,0,0,0,0
ubt,bintrie,5,4,storage_sload_k10,7,,1437,0,0,0.5259,21.2217,0.0032,0.2599,22.601,0,4,0,0,0,0,0,0,0,0,0,0,4,0,0,0,0,0,0,0,0,0
ubt,bintrie,5,4,storage_sload_k10,7,,1438,0,0,0.1102,3.6113,0.005,0.2488,4.5904,0,4,0,0,0,0,0,0,0,0,0,0,4,0,0,0,0,0,0,0,0,0
ubt,bintrie,5,4,storage_sload_k10,7,,1439,0,0,0.2517,45.141,0.0023,0.2126,46.0635,0,4,0,0,0,0,0,0,0,0,0,0,4,0,0,0,0,0,0,0,0,0
ubt,bintrie,5,4,storage_sload_k10,7,,1440,0,0,1.2361,34.6966,0.0029,0.3978,36.5606,0,4,0,0,0,0,0,0,0,0,0,0,4,0,0,0,0,0,0,0,0,0
ubt,bintrie,5,4,storage_sload_k10,7,,1441,0,0,0.0712,16.3195,0.0032,0.1817,17.3158,0,4,0,0,0,0,0,0,0,0,0,0,4,0,0,0,0,0,0,0,0,0
ubt,bintrie,5,4,storage_sload_k10,7,,1442,0,0,0.0913,31.351,0.0029,0.2228,31.9495,0,4,0,0,0,0,0,0,0,0,0,0,4,0,0,0,0,0,0,0,0,0
ubt,bintrie,5,4,storage_sload_k10,7,,1443,0,0,0.061,8.3012,0.0041,0.2648,9.243,0,4,0,0,0,0,0,0,0,0,0,0,4,0,0,0,0,0,0,0,0,0
ubt,bintrie,5,4,storage_sload_k10,7,,1444,0,0,0.0557,6.7607,0.0029,0.1461,7.1804,0,4,0,0,0,0,0,0,0,0,0,0,4,0,0,0,0,0,0,0,0,0
ubt,bintrie,5,4,storage_sload_k10,7,,1445,0,0,0.0717,27.5035,0.0029,0.201,28.0815,0,4,0,0,0,0,0,0,0,0,0,0,4,0,0,0,0,0,0,0,0,0
ubt,bintrie,5,4,storage_sload_k10,7,,1446,0,0,0.0799,11.8662,0.0047,0.2485,12.6227,0,4,0,0,0,0,0,0,0,0,0,0,4,0,0,0,0,0,0,0,0,0
ubt,bintrie,5,4,storage_sload_k10,7,,1447,0,0,0.077,24.1701,0.0032,0.1992,24.6986,0,4,0,0,0,0,0,0,0,0,0,0,4,0,0,0,0,0,0,0,0,0
ubt,bintrie,5,4,storage_sload_k10,7,,1448,0,0,0.0394,30.6233,0.0029,0.1432,30.9838,0,4,0,0,0,0,0,0,0,0,0,0,4,0,0,0,0,0,0,0,0,0
ubt,bintrie,5,4,storage_sload_k10,7,,1449,0,0,0.0805,13.029,0.0032,0.1665,13.5374,0,4,0,0,0,0,0,0,0,0,0,0,4,0,0,0,0,0,0,0,0,0
ubt,bintrie,5,4,storage_sload_k10,7,,1450,0,0,0.0694,31.4353,0.0038,0.201,39.2075,0,4,0,0,0,0,0,0,0,0,0,0,4,0,0,0,0,0,0,0,0,0
ubt,bintrie,5,4,storage_sload_k10,7,,1451,0,0,0.1207,15.187,0.0029,0.1482,16.0631,0,4,0,0,0,0,0,0,0,0,0,0,4,0,0,0,0,0,0,0,0,0
ubt,bintrie,5,4,storage_sload_k10,7,,1452,0,0,0.0814,20.8697,0.0029,0.2336,21.9841,0,4,0,0,0,0,0,0,0,0,0,0,4,0,0,0,0,0,0,0,0,0
ubt,bintrie,5,4,storage_sload_k10,7,,1453,0,0,0.0793,19.8302,0.0032,0.1741,21.3203,0,4,0,0,0,0,0,0,0,0,0,0,4,0,0,0,0,0,0,0,0,0
ubt,bintrie,5,4,storage_sload_k10,7,,1454,0,0,0.2179,15.0473,0.0044,0.152,30.257,0,4,0,0,0,0,0,0,0,0,0,0,4,0,0,0,0,0,0,0,0,0
ubt,bintrie,5,4,storage_sload_k10,7,,1455,86892,2,0.3803,20.3438,48.3495,9.1464,79.2616,1.0963,11,0,0,0,3,0,0,0,1,158,6,5,54.55,0,0,0,0,0,0,0,0
ubt,bintrie,5,4,storage_sload_k10,7,,1456,99900924,1,2128.0768,73.3271,6.2955,1.8882,2240.0622,44.5974,17,5002,11,438,2,0,0,0,0,0,2,15,11.76,504,4498,10.08,11,0,100,438,0
ubt,bintrie,5,4,storage_sload_k10,7,,1457,21000,1,0.1012,14.8151,1.9661,0.8954,77.1608,0.2722,6,0,0,0,2,0,0,0,0,0,0,6,0,0,0,0,0,0,0,0,0
ubt,bintrie,5,4,storage_sload_k10,7,,1458,0,0,0.1062,38.3841,0.0026,0.1773,38.9467,0,4,0,0,0,0,0,0,0,0,0,0,4,0,0,0,0,0,0,0,0,0
ubt,bintrie,5,4,storage_sload_k10,7,,1459,0,0,0.0376,2.6535,0.0015,0.1286,2.9761,0,4,0,0,0,0,0,0,0,0,0,0,4,0,0,0,0,0,0,0,0,0
ubt,bintrie,5,4,storage_sload_k10,8,,1460,0,0,0.0682,12.4518,0.0035,0.2841,13.0497,0,4,0,0,0,0,0,0,0,0,0,0,4,0,0,0,0,0,0,0,0,0
ubt,bintrie,5,4,storage_sload_k10,8,,1461,0,0,0.1094,6.9508,0.0058,0.2695,7.7307,0,4,0,0,0,0,0,0,0,0,0,0,4,0,0,0,0,0,0,0,0,0
ubt,bintrie,5,4,storage_sload_k10,8,,1462,0,0,0.0502,38.7723,0.0038,0.166,39.2646,0,4,0,0,0,0,0,0,0,0,0,0,4,0,0,0,0,0,0,0,0,0
ubt,bintrie,5,4,storage_sload_k10,8,,1463,0,0,0.0601,1.1439,0.0044,0.2091,11.1633,0,4,0,0,0,0,0,0,0,0,0,0,4,0,0,0,0,0,0,0,0,0
ubt,bintrie,5,4,storage_sload_k10,8,,1464,0,0,0.0764,16.2119,0.0073,0.4147,17.8676,0,4,0,0,0,0,0,0,0,0,0,0,4,0,0,0,0,0,0,0,0,0
ubt,bintrie,5,4,storage_sload_k10,8,,1465,0,0,0.1085,21.8473,0.0029,0.1584,25.0664,0,4,0,0,0,0,0,0,0,0,0,0,4,0,0,0,0,0,0,0,0,0
ubt,bintrie,5,4,storage_sload_k10,8,,1466,0,0,0.0461,31.7789,0.0123,0.282,32.4935,0,4,0,0,0,0,0,0,0,0,0,0,4,0,0,0,0,0,0,0,0,0
ubt,bintrie,5,4,storage_sload_k10,8,,1467,0,0,0.2418,23.739,0.0055,0.3596,25.2314,0,4,0,0,0,0,0,0,0,0,0,0,4,0,0,0,0,0,0,0,0,0
ubt,bintrie,5,4,storage_sload_k10,8,,1468,0,0,0.8271,7.0535,0.0055,0.3217,8.6947,0,4,0,0,0,0,0,0,0,0,0,0,4,0,0,0,0,0,0,0,0,0
ubt,bintrie,5,4,storage_sload_k10,8,,1469,0,0,0.0327,3.8018,0.002,0.1365,4.1369,0,4,0,0,0,0,0,0,0,0,0,0,4,0,0,0,0,0,0,0,0,0
ubt,bintrie,5,4,storage_sload_k10,8,,1470,0,0,0.0443,2.2411,0.0026,0.2642,3.0321,0,4,0,0,0,0,0,0,0,0,0,0,4,0,0,0,0,0,0,0,0,0
ubt,bintrie,5,4,storage_sload_k10,8,,1471,0,0,0.0814,9.7365,0.0058,0.1779,30.1179,0,4,0,0,0,0,0,0,0,0,0,0,4,0,0,0,0,0,0,0,0,0
ubt,bintrie,5,4,storage_sload_k10,8,,1472,0,0,0.0744,4.9754,0.0047,0.2485,5.6139,0,4,0,0,0,0,0,0,0,0,0,0,4,0,0,0,0,0,0,0,0,0
ubt,bintrie,5,4,storage_sload_k10,8,,1473,0,0,0.0554,21.4617,0.0073,0.4789,41.3476,0,4,0,0,0,0,0,0,0,0,0,0,4,0,0,0,0,0,0,0,0,0
ubt,bintrie,5,4,storage_sload_k10,8,,1474,0,0,0.0388,3.2747,0.0023,0.1289,3.6105,0,4,0,0,0,0,0,0,0,0,0,0,4,0,0,0,0,0,0,0,0,0
ubt,bintrie,5,4,storage_sload_k10,8,,1475,0,0,0.051,8.8268,0.0032,0.1473,9.2555,0,4,0,0,0,0,0,0,0,0,0,0,4,0,0,0,0,0,0,0,0,0
ubt,bintrie,5,4,storage_sload_k10,8,,1476,0,0,0.0878,13.3084,0.0029,0.1563,17.17,0,4,0,0,0,0,0,0,0,0,0,0,4,0,0,0,0,0,0,0,0,0
ubt,bintrie,5,4,storage_sload_k10,8,,1477,0,0,0.0639,8.473,0.0047,0.1555,30.0461,0,4,0,0,0,0,0,0,0,0,0,0,4,0,0,0,0,0,0,0,0,0
ubt,bintrie,5,4,storage_sload_k10,8,,1478,0,0,0.0575,12.768,0.0087,0.4258,40.6074,0,4,0,0,0,0,0,0,0,0,0,0,4,0,0,0,0,0,0,0,0,0
ubt,bintrie,5,4,storage_sload_k10,8,,1479,86892,2,0.2969,41.6311,1.8316,2.3697,46.4733,1.8697,11,0,0,0,3,0,0,0,1,158,6,5,54.55,0,0,0,0,0,0,0,0
ubt,bintrie,5,4,storage_sload_k10,8,,1480,99900924,1,2038.5952,92.8661,56.9085,6.9044,2196.4103,45.4837,17,5002,11,438,2,0,0,0,0,0,5,12,29.41,1111,3891,22.21,11,0,100,438,0
ubt,bintrie,5,4,storage_sload_k10,8,,1481,21000,1,0.1158,38.0869,28.1495,1.5467,68.1753,0.308,6,0,0,0,2,0,0,0,0,0,2,4,33.33,0,0,0,0,0,0,0,0
ubt,bintrie,5,4,storage_sload_k10,8,,1482,0,0,0.0496,3.5603,0.0029,0.2794,4.1112,0,4,0,0,0,0,0,0,0,0,0,0,4,0,0,0,0,0,0,0,0,0
ubt,bintrie,5,4,storage_sload_k10,8,,1483,0,0,0.1727,35.5597,0.0096,0.6285,48.9349,0,4,0,0,0,0,0,0,0,0,0,0,4,0,0,0,0,0,0,0,0,0
ubt,bintrie,5,4,storage_sload_k10,9,,1484,0,0,0.054,12.2328,0.0029,0.238,12.7788,0,4,0,0,0,0,0,0,0,0,0,0,4,0,0,0,0,0,0,0,0,0
ubt,bintrie,5,4,storage_sload_k10,9,,1485,0,0,0.0344,1.7683,0.0018,0.1,2.0746,0,4,0,0,0,0,0,0,0,0,0,0,4,0,0,0,0,0,0,0,0,0
ubt,bintrie,5,4,storage_sload_k10,9,,1486,0,0,0.1954,22.1658,0.0035,0.2319,23.354,0,4,0,0,0,0,0,0,0,0,0,0,4,0,0,0,0,0,0,0,0,0
ubt,bintrie,5,4,storage_sload_k10,9,,1487,0,0,0.1522,15.6437,0.0029,0.3194,16.7584,0,4,0,0,0,0,0,0,0,0,0,0,4,0,0,0,0,0,0,0,0,0
ubt,bintrie,5,4,storage_sload_k10,9,,1488,0,0,0.0691,53.4302,0.0026,0.1805,53.9187,0,4,0,0,0,0,0,0,0,0,0,0,4,0,0,0,0,0,0,0,0,0
ubt,bintrie,5,4,storage_sload_k10,9,,1489,0,0,0.0863,9.2928,0.0058,2.5249,13.7864,0,4,0,0,0,0,0,0,0,0,0,0,4,0,0,0,0,0,0,0,0,0
ubt,bintrie,5,4,storage_sload_k10,9,,1490,0,0,0.0332,10.2343,0.0023,0.1391,10.5686,0,4,0,0,0,0,0,0,0,0,0,0,4,0,0,0,0,0,0,0,0,0
ubt,bintrie,5,4,storage_sload_k10,9,,1491,0,0,0.2946,13.9929,0.0041,0.1861,34.0413,0,4,0,0,0,0,0,0,0,0,0,0,4,0,0,0,0,0,0,0,0,0
ubt,bintrie,5,4,storage_sload_k10,9,,1492,0,0,0.0598,33.6376,0.0029,0.1412,34.0328,0,4,0,0,0,0,0,0,0,0,0,0,4,0,0,0,0,0,0,0,0,0
ubt,bintrie,5,4,storage_sload_k10,9,,1493,0,0,0.0595,11.9029,0.0029,0.1537,12.3392,0,4,0,0,0,0,0,0,0,0,0,0,4,0,0,0,0,0,0,0,0,0
ubt,bintrie,5,4,storage_sload_k10,9,,1494,0,0,0.1674,20.3925,0.0067,0.329,23.8656,0,4,0,0,0,0,0,0,0,0,0,0,4,0,0,0,0,0,0,0,0,0
ubt,bintrie,5,4,storage_sload_k10,9,,1495,0,0,0.0683,9.5393,0.005,0.261,32.1685,0,4,0,0,0,0,0,0,0,0,0,0,4,0,0,0,0,0,0,0,0,0
ubt,bintrie,5,4,storage_sload_k10,9,,1496,0,0,0.5658,8.3412,0.0055,0.1887,33.6595,0,4,0,0,0,0,0,0,0,0,0,0,4,0,0,0,0,0,0,0,0,0
ubt,bintrie,5,4,storage_sload_k10,9,,1497,0,0,0.0898,20.9286,0.0044,0.3689,21.6779,0,4,0,0,0,0,0,0,0,0,0,0,4,0,0,0,0,0,0,0,0,0
ubt,bintrie,5,4,storage_sload_k10,9,,1498,0,0,0.0738,5.4009,0.0047,0.2336,6.0368,0,4,0,0,0,0,0,0,0,0,0,0,4,0,0,0,0,0,0,0,0,0
ubt,bintrie,5,4,storage_sload_k10,9,,1499,0,0,0.0995,5.9303,0.0044,0.1788,6.4483,0,4,0,0,0,0,0,0,0,0,0,0,4,0,0,0,0,0,0,0,0,0
ubt,bintrie,5,4,storage_sload_k10,9,,1500,0,0,0.0577,24.2074,0.0023,0.1992,25.4989,0,4,0,0,0,0,0,0,0,0,0,0,4,0,0,0,0,0,0,0,0,0
ubt,bintrie,5,4,storage_sload_k10,9,,1501,0,0,0.2432,16.227,0.0023,1.003,22.3592,0,4,0,0,0,0,0,0,0,0,0,0,4,0,0,0,0,0,0,0,0,0
ubt,bintrie,5,4,storage_sload_k10,9,,1502,0,0,0.0429,12.3486,0.0053,0.2365,32.1726,0,4,0,0,0,0,0,0,0,0,0,0,4,0,0,0,0,0,0,0,0,0
ubt,bintrie,5,4,storage_sload_k10,9,,1503,86892,2,0.2823,2.6456,17.5865,4.3559,25.1302,3.4577,11,0,0,0,3,0,0,0,1,158,6,5,54.55,0,0,0,0,0,0,0,0
ubt,bintrie,5,4,storage_sload_k10,9,,1504,99900924,1,2156.2012,52.4701,49.2009,2.1128,2261.6955,44.1708,17,5002,11,438,2,0,0,0,0,0,4,13,23.53,1939,3063,38.76,11,0,100,438,0
ubt,bintrie,5,4,storage_sload_k10,9,,1505,21000,1,1.2013,21.9882,12.7963,1.4,38.3751,0.5472,6,0,0,0,2,0,0,0,0,0,0,6,0,0,0,0,0,0,0,0,0
ubt,bintrie,5,4,storage_sload_k10,9,,1506,0,0,0.1298,31.036,0.0073,0.4287,32.0294,0,4,0,0,0,0,0,0,0,0,0,0,4,0,0,0,0,0,0,0,0,0
ubt,bintrie,5,4,storage_sload_k10,9,,1507,0,0,0.1298,30.5323,0.0035,0.2753,31.3574,0,4,0,0,0,0,0,0,0,0,0,0,4,0,0,0,0,0,0,0,0,0
ubt,bintrie,5,4,storage_sload_k100,10,,1747,0,0,0.0551,22.0761,0.0035,0.2537,22.6122,0,4,0,0,0,0,0,0,0,0,0,0,4,0,0,0,0,0,0,0,0,0
ubt,bintrie,5,4,storage_sload_k100,10,,1748,0,0,0.0373,1.9556,0.002,0.1228,2.2729,0,4,0,0,0,0,0,0,0,0,0,0,4,0,0,0,0,0,0,0,0,0
ubt,bintrie,5,4,storage_sload_k100,10,,1749,0,0,0.089,27.7013,0.0026,0.226,28.3208,0,4,0,0,0,0,0,0,0,0,0,0,4,0,0,0,0,0,0,0,0,0
ubt,bintrie,5,4,storage_sload_k100,10,,1750,0,0,0.0735,20.9561,0.0026,0.119,29.8894,0,4,0,0,0,0,0,0,0,0,0,0,4,0,0,0,0,0,0,0,0,0
ubt,bintrie,5,4,storage_sload_k100,10,,1751,0,0,0.056,19.6713,0.002,0.18,20.1193,0,4,0,0,0,0,0,0,0,0,0,0,4,0,0,0,0,0,0,0,0,0
ubt,bintrie,5,4,storage_sload_k100,10,,1752,0,0,0.0677,23.5758,0.0026,0.1887,24.0489,0,4,0,0,0,0,0,0,0,0,0,0,4,0,0,0,0,0,0,0,0,0
ubt,bintrie,5,4,storage_sload_k100,10,,1753,0,0,0.0356,8.7927,0.0023,0.119,9.1103,0,4,0,0,0,0,0,0,0,0,0,0,4,0,0,0,0,0,0,0,0,0
ubt,bintrie,5,4,storage_sload_k100,10,,1754,0,0,0.042,4.9597,0.0038,0.2225,6.1112,0,4,0,0,0,0,0,0,0,0,0,0,4,0,0,0,0,0,0,0,0,0
ubt,bintrie,5,4,storage_sload_k100,10,,1755,0,0,0.0892,18.7646,0.0064,0.4492,19.8536,0,4,0,0,0,0,0,0,0,0,0,0,4,0,0,0,0,0,0,0,0,0
ubt,bintrie,5,4,storage_sload_k100,10,,1756,0,0,0.0881,3.2981,0.0047,0.2441,4.0287,0,4,0,0,0,0,0,0,0,0,0,0,4,0,0,0,0,0,0,0,0,0
ubt,bintrie,5,4,storage_sload_k100,10,,1757,0,0,0.1782,11.2639,0.0026,0.1555,11.7883,0,4,0,0,0,0,0,0,0,0,0,0,4,0,0,0,0,0,0,0,0,0
ubt,bintrie,5,4,storage_sload_k100,10,,1758,0,0,0.0458,24.0143,0.0026,0.2068,24.4979,0,4,0,0,0,0,0,0,0,0,0,0,4,0,0,0,0,0,0,0,0,0
ubt,bintrie,5,4,storage_sload_k100,10,,1759,0,0,0.0767,8.4925,0.0044,0.3252,10.1349,0,4,0,0,0,0,0,0,0,0,0,0,4,0,0,0,0,0,0,0,0,0
ubt,bintrie,5,4,storage_sload_k100,10,,1760,0,0,0.1143,34.7238,0.0029,0.163,35.4413,0,4,0,0,0,0,0,0,0,0,0,0,4,0,0,0,0,0,0,0,0,0
ubt,bintrie,5,4,storage_sload_k100,10,,1761,0,0,0.0647,6.9695,0.0044,0.2295,7.6549,0,4,0,0,0,0,0,0,0,0,0,0,4,0,0,0,0,0,0,0,0,0
ubt,bintrie,5,4,storage_sload_k100,10,,1762,0,0,0.0394,4.6479,0.0026,0.3036,5.5173,0,4,0,0,0,0,0,0,0,0,0,0,4,0,0,0,0,0,0,0,0,0
ubt,bintrie,5,4,storage_sload_k100,10,,1763,0,0,0.1622,20.2201,0.0026,1.4487,22.6161,0,4,0,0,0,0,0,0,0,0,0,0,4,0,0,0,0,0,0,0,0,0
ubt,bintrie,5,4,storage_sload_k100,10,,1764,0,0,0.0496,7.0421,0.0047,0.8957,8.186,0,4,0,0,0,0,0,0,0,0,0,0,4,0,0,0,0,0,0,0,0,0
ubt,bintrie,5,4,storage_sload_k100,10,,1765,0,0,0.0898,28.6479,0.0032,0.2587,31.1615,0,4,0,0,0,0,0,0,0,0,0,0,4,0,0,0,0,0,0,0,0,0
ubt,bintrie,5,4,storage_sload_k100,10,,1766,86892,2,0.7166,34.3012,0.7814,2.7352,38.9972,2.2282,11,0,0,0,3,0,0,0,1,158,7,4,63.64,0,0,0,0,0,0,0,0
ubt,bintrie,5,4,storage_sload_k100,10,,1767,99900921,1,2133.8668,86.5251,33.4279,2.0804,2256.5803,44.2709,107,5002,101,2958,2,0,0,0,0,0,9,98,8.41,532,4470,10.64,101,0,100,2958,0
ubt,bintrie,5,4,storage_sload_k100,10,,1768,21000,1,0.061,1.866,16.752,1.5131,21.7878,0.9638,6,0,0,0,2,0,0,0,0,0,2,4,33.33,0,0,0,0,0,0,0,0
ubt,bintrie,5,4,storage_sload_k100,10,,1769,0,0,0.264,30.3868,0.0055,0.3631,37.8101,0,4,0,0,0,0,0,0,0,0,0,0,4,0,0,0,0,0,0,0,0,0
ubt,bintrie,5,4,storage_sload_k100,1,,1531,0,0,0.0785,18.6799,0.0023,0.1975,19.4945,0,4,0,0,0,0,0,0,0,0,0,0,4,0,0,0,0,0,0,0,0,0
ubt,bintrie,5,4,storage_sload_k100,1,,1532,0,0,0.0913,11.2697,0.0102,0.7055,12.5387,0,4,0,0,0,0,0,0,0,0,0,0,4,0,0,0,0,0,0,0,0,0
ubt,bintrie,5,4,storage_sload_k100,1,,1533,0,0,0.0577,20.2009,0.0029,0.14,20.6536,0,4,0,0,0,0,0,0,0,0,0,0,4,0,0,0,0,0,0,0,0,0
ubt,bintrie,5,4,storage_sload_k100,1,,1534,0,0,0.1695,1.8757,0.0047,2.9539,6.4912,0,4,0,0,0,0,0,0,0,0,0,0,4,0,0,0,0,0,0,0,0,0
ubt,bintrie,5,4,storage_sload_k100,1,,1535,0,0,0.0645,20.5564,0.0041,0.7539,23.3508,0,4,0,0,0,0,0,0,0,0,0,0,4,0,0,0,0,0,0,0,0,0
ubt,bintrie,5,4,storage_sload_k100,1,,1536,0,0,0.1094,51.8337,0.0082,3.3905,55.6742,0,4,0,0,0,0,0,0,0,0,0,0,4,0,0,0,0,0,0,0,0,0
ubt,bintrie,5,4,storage_sload_k100,1,,1537,0,0,0.1097,3.9126,0.0044,0.2389,4.6,0,4,0,0,0,0,0,0,0,0,0,0,4,0,0,0,0,0,0,0,0,0
ubt,bintrie,5,4,storage_sload_k100,1,,1538,0,0,0.3914,24.7426,0.0044,0.2307,36.3308,0,4,0,0,0,0,0,0,0,0,0,0,4,0,0,0,0,0,0,0,0,0
ubt,bintrie,5,4,storage_sload_k100,1,,1539,0,0,0.0309,1.6721,0.0018,0.1053,1.9859,0,4,0,0,0,0,0,0,0,0,0,0,4,0,0,0,0,0,0,0,0,0
ubt,bintrie,5,4,storage_sload_k100,1,,1540,0,0,0.0627,19.7795,0.0055,0.31,31.825,0,4,0,0,0,0,0,0,0,0,0,0,4,0,0,0,0,0,0,0,0,0
ubt,bintrie,5,4,storage_sload_k100,1,,1541,0,0,0.1097,26.1394,0.0035,0.2252,26.8292,0,4,0,0,0,0,0,0,0,0,0,0,4,0,0,0,0,0,0,0,0,0
ubt,bintrie,5,4,storage_sload_k100,1,,1542,0,0,0.1447,30.9521,0.0073,0.3097,32.1966,0,4,0,0,0,0,0,0,0,0,0,0,4,0,0,0,0,0,0,0,0,0
ubt,bintrie,5,4,storage_sload_k100,1,,1543,0,0,0.0306,1.6286,0.002,0.1228,1.9066,0,4,0,0,0,0,0,0,0,0,0,0,4,0,0,0,0,0,0,0,0,0
ubt,bintrie,5,4,storage_sload_k100,1,,1544,0,0,0.131,13.5867,0.0957,0.1794,33.8949,0,4,0,0,0,0,0,0,0,0,0,0,4,0,0,0,0,0,0,0,0,0
ubt,bintrie,5,4,storage_sload_k100,1,,1545,0,0,0.0662,17.9175,0.0041,0.2899,37.1157,0,4,0,0,0,0,0,0,0,0,0,0,4,0,0,0,0,0,0,0,0,0
ubt,bintrie,5,4,storage_sload_k100,1,,1546,0,0,0.0682,14.5958,0.0041,5.858,20.7422,0,4,0,0,0,0,0,0,0,0,0,0,4,0,0,0,0,0,0,0,0,0
ubt,bintrie,5,4,storage_sload_k100,1,,1547,0,0,0.0808,23.319,0.007,0.1304,24.8418,0,4,0,0,0,0,0,0,0,0,0,0,4,0,0,0,0,0,0,0,0,0
ubt,bintrie,5,4,storage_sload_k100,1,,1548,0,0,0.0884,17.0752,0.0029,0.1928,20.4678,0,4,0,0,0,0,0,0,0,0,0,0,4,0,0,0,0,0,0,0,0,0
ubt,bintrie,5,4,storage_sload_k100,1,,1549,86892,2,0.3185,14.2957,25.3292,3.9978,44.6714,1.9451,11,0,0,0,3,0,0,0,1,158,6,5,54.55,0,0,0,0,0,0,0,0
ubt,bintrie,5,4,storage_sload_k100,1,,1550,99900921,1,2006.155,113.7772,40.4269,2.214,2163.0363,46.1855,107,5002,101,2958,2,0,0,0,0,0,26,81,24.3,1351,3651,27.01,101,0,100,2958,0
ubt,bintrie,5,4,storage_sload_k100,1,,1551,21000,1,0.0726,1.9054,30.0718,0.9931,33.1905,0.6327,6,0,0,0,2,0,0,0,0,0,2,4,33.33,0,0,0,0,0,0,0,0
ubt,bintrie,5,4,storage_sload_k100,1,,1552,0,0,0.0475,4.8643,0.0029,0.236,5.4374,0,4,0,0,0,0,0,0,0,0,0,0,4,0,0,0,0,0,0,0,0,0
ubt,bintrie,5,4,storage_sload_k100,2,,1554,0,0,0.1286,37.4213,0.0061,0.4319,38.5326,0,4,0,0,0,0,0,0,0,0,0,0,4,0,0,0,0,0,0,0,0,0
ubt,bintrie,5,4,storage_sload_k100,2,,1555,0,0,0.0645,2.1927,0.0018,0.1213,2.6465,0,4,0,0,0,0,0,0,0,0,0,0,4,0,0,0,0,0,0,0,0,0
ubt,bintrie,5,4,storage_sload_k100,2,,1556,0,0,0.0493,2.3779,0.0035,0.1872,3.3383,0,4,0,0,0,0,0,0,0,0,0,0,4,0,0,0,0,0,0,0,0,0
ubt,bintrie,5,4,storage_sload_k100,2,,1557,0,0,0.2132,25.0378,0.0026,6.6143,32.0513,0,4,0,0,0,0,0,0,0,0,0,0,4,0,0,0,0,0,0,0,0,0
ubt,bintrie,5,4,storage_sload_k100,2,,1558,0,0,0.0601,34.8705,0.0029,0.2963,35.4678,0,4,0,0,0,0,0,0,0,0,0,0,4,0,0,0,0,0,0,0,0,0
ubt,bintrie,5,4,storage_sload_k100,2,,1559,0,0,0.068,29.3103,0.0041,0.4879,31.0716,0,4,0,0,0,0,0,0,0,0,0,0,4,0,0,0,0,0,0,0,0,0
ubt,bintrie,5,4,storage_sload_k100,2,,1560,0,0,0.0461,11.741,0.0032,0.1423,12.2016,0,4,0,0,0,0,0,0,0,0,0,0,4,0,0,0,0,0,0,0,0,0
ubt,bintrie,5,4,storage_sload_k100,2,,1561,0,0,0.0785,6.8073,0.0061,0.257,7.4744,0,4,0,0,0,0,0,0,0,0,0,0,4,0,0,0,0,0,0,0,0,0
ubt,bintrie,5,4,storage_sload_k100,2,,1562,0,0,0.0639,26.9788,0.0026,0.1805,27.5055,0,4,0,0,0,0,0,0,0,0,0,0,4,0,0,0,0,0,0,0,0,0
ubt,bintrie,5,4,storage_sload_k100,2,,1563,0,0,0.1756,6.7289,0.0073,0.4643,8.0183,0,4,0,0,0,0,0,0,0,0,0,0,4,0,0,0,0,0,0,0,0,0
ubt,bintrie,5,4,storage_sload_k100,2,,1564,0,0,0.042,4.8503,0.0029,0.1753,5.8834,0,4,0,0,0,0,0,0,0,0,0,0,4,0,0,0,0,0,0,0,0,0
ubt,bintrie,5,4,storage_sload_k100,2,,1565,0,0,0.0455,2.2592,0.0023,0.1219,2.6486,0,4,0,0,0,0,0,0,0,0,0,0,4,0,0,0,0,0,0,0,0,0
ubt,bintrie,5,4,storage_sload_k100,2,,1566,0,0,0.0624,31.1749,0.0032,0.2001,31.7684,0,4,0,0,0,0,0,0,0,0,0,0,4,0,0,0,0,0,0,0,0,0
ubt,bintrie,5,4,storage_sload_k100,2,,1567,0,0,0.0677,7.1906,0.0052,0.2322,7.8066,0,4,0,0,0,0,0,0,0,0,0,0,4,0,0,0,0,0,0,0,0,0
ubt,bintrie,5,4,storage_sload_k100,2,,1568,0,0,0.0575,4.5146,0.0032,0.2281,5.0626,0,4,0,0,0,0,0,0,0,0,0,0,4,0,0,0,0,0,0,0,0,0
ubt,bintrie,5,4,storage_sload_k100,2,,1569,0,0,0.0432,3.6597,0.0026,0.1791,4.0433,0,4,0,0,0,0,0,0,0,0,0,0,4,0,0,0,0,0,0,0,0,0
ubt,bintrie,5,4,storage_sload_k100,2,,1570,0,0,0.0572,7.5283,0.0055,0.4518,8.6244,0,4,0,0,0,0,0,0,0,0,0,0,4,0,0,0,0,0,0,0,0,0
ubt,bintrie,5,4,storage_sload_k100,2,,1571,0,0,0.0758,27.8363,0.0038,0.1753,30.691,0,4,0,0,0,0,0,0,0,0,0,0,4,0,0,0,0,0,0,0,0,0
ubt,bintrie,5,4,storage_sload_k100,2,,1572,0,0,0.0502,3.464,0.0035,0.1683,3.8566,0,4,0,0,0,0,0,0,0,0,0,0,4,0,0,0,0,0,0,0,0,0
ubt,bintrie,5,4,storage_sload_k100,2,,1573,86892,2,0.5804,16.797,0.5229,2.3864,20.4993,4.2388,11,0,0,0,3,0,0,0,1,158,4,7,36.36,0,0,0,0,0,0,0,0
ubt,bintrie,5,4,storage_sload_k100,2,,1574,99900921,1,2059.9913,73.2083,30.9856,1.1395,2165.6385,46.13,107,5002,101,2958,2,0,0,0,0,0,4,103,3.74,120,4882,2.4,101,0,100,2958,0
ubt,bintrie,5,4,storage_sload_k100,2,,1575,21000,1,0.0811,27.2211,16.4971,12.1059,56.2109,0.3736,6,0,0,0,2,0,0,0,0,0,2,4,33.33,0,0,0,0,0,0,0,0
ubt,bintrie,5,4,storage_sload_k100,2,,1576,0,0,0.152,4.2346,0.0055,0.3856,5.2093,0,4,0,0,0,0,0,0,0,0,0,0,4,0,0,0,0,0,0,0,0,0
ubt,bintrie,5,4,storage_sload_k100,2,,1577,0,0,0.0484,15.3293,0.0047,0.2645,22.8463,0,4,0,0,0,0,0,0,0,0,0,0,4,0,0,0,0,0,0,0,0,0
ubt,bintrie,5,4,storage_sload_k100,3,,1578,0,0,0.0505,11.3657,0.0029,0.156,11.8055,0,4,0,0,0,0,0,0,0,0,0,0,4,0,0,0,0,0,0,0,0,0
ubt,bintrie,5,4,storage_sload_k100,3,,1579,0,0,0.1152,3.7907,0.0044,0.2631,4.6598,0,4,0,0,0,0,0,0,0,0,0,0,4,0,0,0,0,0,0,0,0,0
ubt,bintrie,5,4,storage_sload_k100,3,,1580,0,0,0.0817,3.4614,0.0047,0.3176,4.4195,0,4,0,0,0,0,0,0,0,0,0,0,4,0,0,0,0,0,0,0,0,0
ubt,bintrie,5,4,storage_sload_k100,3,,1581,0,0,0.0712,18.6811,0.0023,0.2117,19.246,0,4,0,0,0,0,0,0,0,0,0,0,4,0,0,0,0,0,0,0,0,0
ubt,bintrie,5,4,storage_sload_k100,3,,1582,0,0,0.5912,20.7457,0.0099,0.849,22.5488,0,4,0,0,0,0,0,0,0,0,0,0,4,0,0,0,0,0,0,0,0,0
ubt,bintrie,5,4,storage_sload_k100,3,,1583,0,0,0.1514,13.4458,0.0026,0.1975,15.01,0,4,0,0,0,0,0,0,0,0,0,0,4,0,0,0,0,0,0,0,0,0
ubt,bintrie,5,4,storage_sload_k100,3,,1584,0,0,0.1269,4.0377,0.0047,0.2707,4.9839,0,4,0,0,0,0,0,0,0,0,0,0,4,0,0,0,0,0,0,0,0,0
ubt,bintrie,5,4,storage_sload_k100,3,,1585,0,0,0.3024,28.3041,0.0032,0.1805,37.734,0,4,0,0,0,0,0,0,0,0,0,0,4,0,0,0,0,0,0,0,0,0
ubt,bintrie,5,4,storage_sload_k100,3,,1586,0,0,0.0691,4.5408,0.0055,0.2605,5.2122,0,4,0,0,0,0,0,0,0,0,0,0,4,0,0,0,0,0,0,0,0,0
ubt,bintrie,5,4,storage_sload_k100,3,,1587,0,0,0.047,9.1088,0.0044,0.1931,37.0874,0,4,0,0,0,0,0,0,0,0,0,0,4,0,0,0,0,0,0,0,0,0
ubt,bintrie,5,4,storage_sload_k100,3,,1588,0,0,0.1181,23.6795,0.0047,0.2185,34.2271,0,4,0,0,0,0,0,0,0,0,0,0,4,0,0,0,0,0,0,0,0,0
ubt,bintrie,5,4,storage_sload_k100,3,,1589,0,0,0.0834,6.3366,0.0035,0.3205,7.0736,0,4,0,0,0,0,0,0,0,0,0,0,4,0,0,0,0,0,0,0,0,0
ubt,bintrie,5,4,storage_sload_k100,3,,1590,0,0,0.0814,19.2259,0.0061,0.4725,20.1496,0,4,0,0,0,0,0,0,0,0,0,0,4,0,0,0,0,0,0,0,0,0
ubt,bintrie,5,4,storage_sload_k100,3,,1591,0,0,0.0814,6.8808,0.0055,0.2637,7.6765,0,4,0,0,0,0,0,0,0,0,0,0,4,0,0,0,0,0,0,0,0,0
ubt,bintrie,5,4,storage_sload_k100,3,,1592,0,0,0.0414,3.7697,0.0026,0.1485,4.1337,0,4,0,0,0,0,0,0,0,0,0,0,4,0,0,0,0,0,0,0,0,0
ubt,bintrie,5,4,storage_sload_k100,3,,1593,0,0,0.0443,3.9727,0.0009,0.112,4.2655,0,4,0,0,0,0,0,0,0,0,0,0,4,0,0,0,0,0,0,0,0,0
ubt,bintrie,5,4,storage_sload_k100,3,,1594,0,0,0.1622,22.1792,0.0038,1.9308,31.7812,0,4,0,0,0,0,0,0,0,0,0,0,4,0,0,0,0,0,0,0,0,0
ubt,bintrie,5,4,storage_sload_k100,3,,1595,0,0,0.1003,31.8334,0.0029,0.2278,33.0444,0,4,0,0,0,0,0,0,0,0,0,0,4,0,0,0,0,0,0,0,0,0
ubt,bintrie,5,4,storage_sload_k100,3,,1596,0,0,0.0484,13.3049,0.0055,0.313,32.2701,0,4,0,0,0,0,0,0,0,0,0,0,4,0,0,0,0,0,0,0,0,0
ubt,bintrie,5,4,storage_sload_k100,3,,1597,86892,2,0.1522,4.1771,33.9007,2.8516,41.3588,2.1009,11,0,0,0,3,0,0,0,1,158,6,5,54.55,0,0,0,0,0,0,0,0
ubt,bintrie,5,4,storage_sload_k100,3,,1598,99900921,1,2110.4604,62.1791,50.5988,1.2821,2226.2398,44.8743,107,5002,101,2958,2,0,0,0,0,0,13,94,12.15,643,4359,12.85,101,0,100,2958,0
ubt,bintrie,5,4,storage_sload_k100,3,,1599,21000,1,0.2371,13.0068,16.7856,0.8449,31.4307,0.6681,6,0,0,0,2,0,0,0,0,0,2,4,33.33,0,0,0,0,0,0,0,0
ubt,bintrie,5,4,storage_sload_k100,3,,1600,0,0,0.0551,9.0989,0.0041,0.1954,30.25,0,4,0,0,0,0,0,0,0,0,0,0,4,0,0,0,0,0,0,0,0,0
ubt,bintrie,5,4,storage_sload_k100,4,,1601,0,0,0.1135,15.087,0.0026,0.1493,15.7546,0,4,0,0,0,0,0,0,0,0,0,0,4,0,0,0,0,0,0,0,0,0
ubt,bintrie,5,4,storage_sload_k100,4,,1602,0,0,0.63,32.6991,0.002,0.1625,33.9666,0,4,0,0,0,0,0,0,0,0,0,0,4,0,0,0,0,0,0,0,0,0
ubt,bintrie,5,4,storage_sload_k100,4,,1603,0,0,0.0709,26.0309,0.0073,0.4066,26.8429,0,4,0,0,0,0,0,0,0,0,0,0,4,0,0,0,0,0,0,0,0,0
ubt,bintrie,5,4,storage_sload_k100,4,,1604,0,0,0.194,2.0054,0.0026,0.1767,3.203,0,4,0,0,0,0,0,0,0,0,0,0,4,0,0,0,0,0,0,0,0,0
ubt,bintrie,5,4,storage_sload_k100,4,,1605,0,0,0.0706,18.2538,0.0035,0.7207,19.2921,0,4,0,0,0,0,0,0,0,0,0,0,4,0,0,0,0,0,0,0,0,0
ubt,bintrie,5,4,storage_sload_k100,4,,1606,0,0,0.208,37.3756,0.0099,0.6632,40.6681,0,4,0,0,0,0,0,0,0,0,0,0,4,0,0,0,0,0,0,0,0,0
ubt,bintrie,5,4,storage_sload_k100,4,,1607,0,0,0.0808,33.5922,0.0053,0.441,34.5511,0,4,0,0,0,0,0,0,0,0,0,0,4,0,0,0,0,0,0,0,0,0
ubt,bintrie,5,4,storage_sload_k100,4,,1608,0,0,0.0887,14.1262,0.0035,0.1266,14.6326,0,4,0,0,0,0,0,0,0,0,0,0,4,0,0,0,0,0,0,0,0,0
ubt,bintrie,5,4,storage_sload_k100,4,,1609,0,0,0.1581,19.4126,0.0029,0.1601,36.432,0,4,0,0,0,0,0,0,0,0,0,0,4,0,0,0,0,0,0,0,0,0
ubt,bintrie,5,4,storage_sload_k100,4,,1610,0,0,0.0534,4.4997,0.0041,0.2395,5.0329,0,4,0,0,0,0,0,0,0,0,0,0,4,0,0,0,0,0,0,0,0,0
ubt,bintrie,5,4,storage_sload_k100,4,,1611,0,0,0.1047,3.4888,0.0038,0.3062,4.3405,0,4,0,0,0,0,0,0,0,0,0,0,4,0,0,0,0,0,0,0,0,0
ubt,bintrie,5,4,storage_sload_k100,4,,1612,0,0,0.0458,8.5019,0.0087,0.5579,31.0051,0,4,0,0,0,0,0,0,0,0,0,0,4,0,0,0,0,0,0,0,0,0
ubt,bintrie,5,4,storage_sload_k100,4,,1613,0,0,0.2047,7.2988,0.0093,0.4632,8.578,0,4,0,0,0,0,0,0,0,0,0,0,4,0,0,0,0,0,0,0,0,0
ubt,bintrie,5,4,storage_sload_k100,4,,1614,0,0,0.1356,13.8812,0.0041,0.2152,40.0273,0,4,0,0,0,0,0,0,0,0,0,0,4,0,0,0,0,0,0,0,0,0
ubt,bintrie,5,4,storage_sload_k100,4,,1615,0,0,0.0321,2.9875,0.0023,0.1377,3.315,0,4,0,0,0,0,0,0,0,0,0,0,4,0,0,0,0,0,0,0,0,0
ubt,bintrie,5,4,storage_sload_k100,4,,1616,0,0,0.0948,29.0793,0.0023,0.1447,29.5947,0,4,0,0,0,0,0,0,0,0,0,0,4,0,0,0,0,0,0,0,0,0
ubt,bintrie,5,4,storage_sload_k100,4,,1617,0,0,0.0761,31.8422,0.0038,0.1855,33.0328,0,4,0,0,0,0,0,0,0,0,0,0,4,0,0,0,0,0,0,0,0,0
ubt,bintrie,5,4,storage_sload_k100,4,,1618,0,0,0.1374,14.1592,0.0026,0.2771,14.9257,0,4,0,0,0,0,0,0,0,0,0,0,4,0,0,0,0,0,0,0,0,0
ubt,bintrie,5,4,storage_sload_k100,4,,1619,0,0,0.0761,12.2637,0.0029,0.2745,12.9371,0,4,0,0,0,0,0,0,0,0,0,0,4,0,0,0,0,0,0,0,0,0
ubt,bintrie,5,4,storage_sload_k100,4,,1620,86892,2,0.7067,17.2519,17.5684,2.6841,38.5057,2.2566,11,0,0,0,3,0,0,0,1,158,4,7,36.36,0,0,0,0,0,0,0,0
ubt,bintrie,5,4,storage_sload_k100,4,,1621,99900921,1,2115.0566,63.722,41.8213,4.3195,2226.0067,44.879,107,5002,101,2958,2,0,0,0,0,0,6,101,5.61,577,4425,11.54,101,0,100,2958,0
ubt,bintrie,5,4,storage_sload_k100,4,,1622,21000,1,0.0866,24.4446,12.1409,1.4043,38.3071,0.5482,6,0,0,0,2,0,0,0,0,0,2,4,33.33,0,0,0,0,0,0,0,0
ubt,bintrie,5,4,storage_sload_k100,4,,1623,0,0,0.0493,31.6608,0.0087,0.4209,42.8197,0,4,0,0,0,0,0,0,0,0,0,0,4,0,0,0,0,0,0,0,0,0
ubt,bintrie,5,4,storage_sload_k100,4,,1624,0,0,0.0828,5.0588,0.0047,0.2336,5.7154,0,4,0,0,0,0,0,0,0,0,0,0,4,0,0,0,0,0,0,0,0,0
ubt,bintrie,5,4,storage_sload_k100,5,,1625,0,0,0.0508,12.6323,0.002,0.1878,13.0897,0,4,0,0,0,0,0,0,0,0,0,0,4,0,0,0,0,0,0,0,0,0
ubt,bintrie,5,4,storage_sload_k100,5,,1626,0,0,0.0598,16.7415,0.0053,0.4074,17.4721,0,4,0,0,0,0,0,0,0,0,0,0,4,0,0,0,0,0,0,0,0,0
ubt,bintrie,5,4,storage_sload_k100,5,,1627,0,0,0.037,3.0843,0.0026,0.1199,3.3827,0,4,0,0,0,0,0,0,0,0,0,0,4,0,0,0,0,0,0,0,0,0
ubt,bintrie,5,4,storage_sload_k100,5,,1628,0,0,0.2747,21.1497,0.0052,0.2351,22.0658,0,4,0,0,0,0,0,0,0,0,0,0,4,0,0,0,0,0,0,0,0,0
ubt,bintrie,5,4,storage_sload_k100,5,,1629,0,0,0.0892,30.4055,0.002,0.1021,30.7832,0,4,0,0,0,0,0,0,0,0,0,0,4,0,0,0,0,0,0,0,0,0
ubt,bintrie,5,4,storage_sload_k100,5,,1630,0,0,1.1243,31.4009,0.0064,0.7289,33.67,0,4,0,0,0,0,0,0,0,0,0,0,4,0,0,0,0,0,0,0,0,0
ubt,bintrie,5,4,storage_sload_k100,5,,1631,0,0,0.1152,20.7122,0.0058,0.2628,21.6099,0,4,0,0,0,0,0,0,0,0,0,0,4,0,0,0,0,0,0,0,0,0
ubt,bintrie,5,4,storage_sload_k100,5,,1632,0,0,5.5806,29.7915,0.0026,0.1963,35.9088,0,4,0,0,0,0,0,0,0,0,0,0,4,0,0,0,0,0,0,0,0,0
ubt,bintrie,5,4,storage_sload_k100,5,,1633,0,0,0.0977,59.5592,0.0032,0.128,60.1565,0,4,0,0,0,0,0,0,0,0,0,0,4,0,0,0,0,0,0,0,0,0
ubt,bintrie,5,4,storage_sload_k100,5,,1634,0,0,0.0499,18.5606,0.0076,0.3949,29.5008,0,4,0,0,0,0,0,0,0,0,0,0,4,0,0,0,0,0,0,0,0,0
ubt,bintrie,5,4,storage_sload_k100,5,,1635,0,0,0.0919,17.1146,0.0061,0.25,17.8032,0,4,0,0,0,0,0,0,0,0,0,0,4,0,0,0,0,0,0,0,0,0
ubt,bintrie,5,4,storage_sload_k100,5,,1636,0,0,0.0656,17.2184,0.0073,0.5402,34.6354,0,4,0,0,0,0,0,0,0,0,0,0,4,0,0,0,0,0,0,0,0,0
ubt,bintrie,5,4,storage_sload_k100,5,,1637,0,0,0.0866,4.8763,0.0041,0.2147,5.5357,0,4,0,0,0,0,0,0,0,0,0,0,4,0,0,0,0,0,0,0,0,0
ubt,bintrie,5,4,storage_sload_k100,5,,1638,0,0,0.0747,11.1358,0.0055,0.2047,31.2005,0,4,0,0,0,0,0,0,0,0,0,0,4,0,0,0,0,0,0,0,0,0
ubt,bintrie,5,4,storage_sload_k100,5,,1639,0,0,0.0735,5.2537,0.0067,0.3377,7.5843,0,4,0,0,0,0,0,0,0,0,0,0,4,0,0,0,0,0,0,0,0,0
ubt,bintrie,5,4,storage_sload_k100,5,,1640,0,0,0.2782,22.7424,0.012,0.8196,24.3789,0,4,0,0,0,0,0,0,0,0,0,0,4,0,0,0,0,0,0,0,0,0
ubt,bintrie,5,4,storage_sload_k100,5,,1641,0,0,0.0723,13.8413,0.0105,0.9359,25.6844,0,4,0,0,0,0,0,0,0,0,0,0,4,0,0,0,0,0,0,0,0,0
ubt,bintrie,5,4,storage_sload_k100,5,,1642,0,0,0.0621,17.7752,0.0026,0.247,18.2748,0,4,0,0,0,0,0,0,0,0,0,0,4,0,0,0,0,0,0,0,0,0
ubt,bintrie,5,4,storage_sload_k100,5,,1643,0,0,0.0563,5.0603,0.0029,0.2059,5.5141,0,4,0,0,0,0,0,0,0,0,0,0,4,0,0,0,0,0,0,0,0,0
ubt,bintrie,5,4,storage_sload_k100,5,,1644,86892,2,0.6909,15.5793,0.8604,3.7694,25.3755,3.4242,11,0,0,0,3,0,0,0,1,158,4,7,36.36,0,0,0,0,0,0,0,0
ubt,bintrie,5,4,storage_sload_k100,5,,1645,99900921,1,1950.2673,94.4964,73.8318,3.4573,2126.3392,46.9826,107,5002,101,2958,2,0,0,0,0,0,5,102,4.67,494,4508,9.88,101,0,100,2958,0
ubt,bintrie,5,4,storage_sload_k100,5,,1646,21000,1,1.1255,42.6852,2.8807,1.6587,48.6785,0.4314,6,0,0,0,2,0,0,0,0,0,2,4,33.33,0,0,0,0,0,0,0,0
ubt,bintrie,5,4,storage_sload_k100,5,,1647,0,0,0.0484,31.8521,0.0029,0.1581,32.2394,0,4,0,0,0,0,0,0,0,0,0,0,4,0,0,0,0,0,0,0,0,0
ubt,bintrie,5,4,storage_sload_k100,5,,1648,0,0,0.1283,3.933,0.0041,0.4069,4.946,0,4,0,0,0,0,0,0,0,0,0,0,4,0,0,0,0,0,0,0,0,0
ubt,bintrie,5,4,storage_sload_k100,6,,1649,0,0,0.0793,13.374,0.0038,0.294,14.0796,0,4,0,0,0,0,0,0,0,0,0,0,4,0,0,0,0,0,0,0,0,0
ubt,bintrie,5,4,storage_sload_k100,6,,1650,0,0,0.0671,21.9733,0.0032,0.1604,22.4913,0,4,0,0,0,0,0,0,0,0,0,0,4,0,0,0,0,0,0,0,0,0
ubt,bintrie,5,4,storage_sload_k100,6,,1651,0,0,0.1184,3.6837,0.0044,0.327,4.451,0,4,0,0,0,0,0,0,0,0,0,0,4,0,0,0,0,0,0,0,0,0
ubt,bintrie,5,4,storage_sload_k100,6,,1652,0,0,0.271,35.4206,0.0029,0.2109,36.2789,0,4,0,0,0,0,0,0,0,0,0,0,4,0,0,0,0,0,0,0,0,0
ubt,bintrie,5,4,storage_sload_k100,6,,1653,0,0,0.1117,21.8747,0.0029,0.238,22.8483,0,4,0,0,0,0,0,0,0,0,0,0,4,0,0,0,0,0,0,0,0,0
ubt,bintrie,5,4,storage_sload_k100,6,,1654,0,0,0.0636,32.3541,0.0032,0.2115,32.863,0,4,0,0,0,0,0,0,0,0,0,0,4,0,0,0,0,0,0,0,0,0
ubt,bintrie,5,4,storage_sload_k100,6,,1655,0,0,0.0825,17.4191,0.005,0.2511,18.0861,0,4,0,0,0,0,0,0,0,0,0,0,4,0,0,0,0,0,0,0,0,0
ubt,bintrie,5,4,storage_sload_k100,6,,1656,0,0,0.6417,18.2203,0.005,0.6947,31.6249,0,4,0,0,0,0,0,0,0,0,0,0,4,0,0,0,0,0,0,0,0,0
ubt,bintrie,5,4,storage_sload_k100,6,,1657,0,0,0.0394,3.264,0.0018,0.1601,3.6043,0,4,0,0,0,0,0,0,0,0,0,0,4,0,0,0,0,0,0,0,0,0
ubt,bintrie,5,4,storage_sload_k100,6,,1658,0,0,0.0612,3.9316,0.0023,0.138,4.78,0,4,0,0,0,0,0,0,0,0,0,0,4,0,0,0,0,0,0,0,0,0
ubt,bintrie,5,4,storage_sload_k100,6,,1659,0,0,0.0685,15.4789,0.0055,0.1989,35.0592,0,4,0,0,0,0,0,0,0,0,0,0,4,0,0,0,0,0,0,0,0,0
ubt,bintrie,5,4,storage_sload_k100,6,,1660,0,0,0.1321,12.6601,0.0055,0.3144,13.9215,0,4,0,0,0,0,0,0,0,0,0,0,4,0,0,0,0,0,0,0,0,0
ubt,bintrie,5,4,storage_sload_k100,6,,1661,0,0,0.0338,1.8036,0.0026,0.1283,2.109,0,4,0,0,0,0,0,0,0,0,0,0,4,0,0,0,0,0,0,0,0,0
ubt,bintrie,5,4,storage_sload_k100,6,,1662,0,0,0.1164,27.5058,0.0067,0.6034,28.601,0,4,0,0,0,0,0,0,0,0,0,0,4,0,0,0,0,0,0,0,0,0
ubt,bintrie,5,4,storage_sload_k100,6,,1663,0,0,0.1027,7.7403,0.0044,0.2952,8.4759,0,4,0,0,0,0,0,0,0,0,0,0,4,0,0,0,0,0,0,0,0,0
ubt,bintrie,5,4,storage_sload_k100,6,,1664,0,0,0.0881,21.1272,0.0023,0.1837,21.7143,0,4,0,0,0,0,0,0,0,0,0,0,4,0,0,0,0,0,0,0,0,0
ubt,bintrie,5,4,storage_sload_k100,6,,1665,0,0,0.166,25.4907,0.0038,1.0112,27.1337,0,4,0,0,0,0,0,0,0,0,0,0,4,0,0,0,0,0,0,0,0,0
ubt,bintrie,5,4,storage_sload_k100,6,,1666,0,0,0.0577,17.1461,0.0038,1.2273,19.5423,0,4,0,0,0,0,0,0,0,0,0,0,4,0,0,0,0,0,0,0,0,0
ubt,bintrie,5,4,storage_sload_k100,6,,1667,0,0,0.0712,20.0385,0.0032,0.2532,21.8887,0,4,0,0,0,0,0,0,0,0,0,0,4,0,0,0,0,0,0,0,0,0
ubt,bintrie,5,4,storage_sload_k100,6,,1668,86892,2,1.3431,20.4853,0.912,3.1012,26.2275,3.313,11,0,0,0,3,0,0,0,1,158,4,7,36.36,0,0,0,0,0,0,0,0
ubt,bintrie,5,4,storage_sload_k100,6,,1669,99900921,1,2123.5241,57.9273,38.7058,1.6992,2222.4368,44.9511,107,5002,101,2958,2,0,0,0,0,0,20,87,18.69,1070,3932,21.39,101,0,100,2958,0
ubt,bintrie,5,4,storage_sload_k100,6,,1670,21000,1,0.1298,29.784,18.5516,2.8501,51.7375,0.4059,6,0,0,0,2,0,0,0,0,0,2,4,33.33,0,0,0,0,0,0,0,0
ubt,bintrie,5,4,storage_sload_k100,6,,1671,0,0,0.31,8.6433,0.0035,0.1508,31.5987,0,4,0,0,0,0,0,0,0,0,0,0,4,0,0,0,0,0,0,0,0,0
ubt,bintrie,5,4,storage_sload_k100,7,,1672,0,0,0.1082,64.8496,0.0041,0.2091,65.5312,0,4,0,0,0,0,0,0,0,0,0,0,4,0,0,0,0,0,0,0,0,0
ubt,bintrie,5,4,storage_sload_k100,7,,1673,0,0,0.0277,1.9317,0.0018,0.121,2.23,0,4,0,0,0,0,0,0,0,0,0,0,4,0,0,0,0,0,0,0,0,0
ubt,bintrie,5,4,storage_sload_k100,7,,1674,0,0,0.112,14.7168,0.0047,0.2698,15.5749,0,4,0,0,0,0,0,0,0,0,0,0,4,0,0,0,0,0,0,0,0,0
ubt,bintrie,5,4,storage_sload_k100,7,,1675,0,0,0.0449,1.0576,0.0032,0.1928,1.5385,0,4,0,0,0,0,0,0,0,0,0,0,4,0,0,0,0,0,0,0,0,0
ubt,bintrie,5,4,storage_sload_k100,7,,1676,0,0,0.0554,42.3189,0.0029,0.1178,42.6908,0,4,0,0,0,0,0,0,0,0,0,0,4,0,0,0,0,0,0,0,0,0
ubt,bintrie,5,4,storage_sload_k100,7,,1677,0,0,0.4235,44.2751,0.0082,0.6052,48.213,0,4,0,0,0,0,0,0,0,0,0,0,4,0,0,0,0,0,0,0,0,0
ubt,bintrie,5,4,storage_sload_k100,7,,1678,0,0,0.068,17.6743,0.0055,0.2185,18.2503,0,4,0,0,0,0,0,0,0,0,0,0,4,0,0,0,0,0,0,0,0,0
ubt,bintrie,5,4,storage_sload_k100,7,,1679,0,0,0.2179,17.8058,0.0038,0.1727,35.2537,0,4,0,0,0,0,0,0,0,0,0,0,4,0,0,0,0,0,0,0,0,0
ubt,bintrie,5,4,storage_sload_k100,7,,1680,0,0,0.1076,5.3718,0.0047,0.3625,6.215,0,4,0,0,0,0,0,0,0,0,0,0,4,0,0,0,0,0,0,0,0,0
ubt,bintrie,5,4,storage_sload_k100,7,,1681,0,0,0.0674,16.79,0.0041,0.2199,37.496,0,4,0,0,0,0,0,0,0,0,0,0,4,0,0,0,0,0,0,0,0,0
ubt,bintrie,5,4,storage_sload_k100,7,,1682,0,0,0.0507,13.7689,0.0035,0.1814,14.2204,0,4,0,0,0,0,0,0,0,0,0,0,4,0,0,0,0,0,0,0,0,0
ubt,bintrie,5,4,storage_sload_k100,7,,1683,0,0,0.0995,3.5405,0.0053,0.3526,4.3139,0,4,0,0,0,0,0,0,0,0,0,0,4,0,0,0,0,0,0,0,0,0
ubt,bintrie,5,4,storage_sload_k100,7,,1684,0,0,0.0545,10.8022,0.0026,0.1721,11.2639,0,4,0,0,0,0,0,0,0,0,0,0,4,0,0,0,0,0,0,0,0,0
ubt,bintrie,5,4,storage_sload_k100,7,,1685,0,0,0.0925,18.3827,0.0079,0.4871,29.6629,0,4,0,0,0,0,0,0,0,0,0,0,4,0,0,0,0,0,0,0,0,0
ubt,bintrie,5,4,storage_sload_k100,7,,1686,0,0,0.0822,6.4124,0.0157,0.2473,7.1171,0,4,0,0,0,0,0,0,0,0,0,0,4,0,0,0,0,0,0,0,0,0
ubt,bintrie,5,4,storage_sload_k100,7,,1687,0,0,0.1651,19.8451,0.0038,0.2765,20.4917,0,4,0,0,0,0,0,0,0,0,0,0,4,0,0,0,0,0,0,0,0,0
ubt,bintrie,5,4,storage_sload_k100,7,,1688,0,0,0.07,14.3771,0.0044,0.4763,15.5195,0,4,0,0,0,0,0,0,0,0,0,0,4,0,0,0,0,0,0,0,0,0
ubt,bintrie,5,4,storage_sload_k100,7,,1689,0,0,0.0545,44.1015,0.0035,0.201,44.5358,0,4,0,0,0,0,0,0,0,0,0,0,4,0,0,0,0,0,0,0,0,0
ubt,bintrie,5,4,storage_sload_k100,7,,1690,0,0,0.0493,3.8762,0.0018,0.1584,4.2813,0,4,0,0,0,0,0,0,0,0,0,0,4,0,0,0,0,0,0,0,0,0
ubt,bintrie,5,4,storage_sload_k100,7,,1691,86892,2,3.2876,14.1452,4.5992,16.7958,39.0896,2.2229,11,0,0,0,3,0,0,0,1,158,4,7,36.36,0,0,0,0,0,0,0,0
ubt,bintrie,5,4,storage_sload_k100,7,,1692,99900921,1,2090.7216,60.6821,44.457,1.0832,2198.6256,45.4379,107,5002,101,2958,2,0,0,0,0,0,8,99,7.48,457,4545,9.14,101,0,100,2958,0
ubt,bintrie,5,4,storage_sload_k100,7,,1693,21000,1,0.1012,3.716,1.9707,2.0556,8.1285,2.5835,6,0,0,0,2,0,0,0,0,0,2,4,33.33,0,0,0,0,0,0,0,0
ubt,bintrie,5,4,storage_sload_k100,7,,1694,0,0,0.4057,45.1398,0.0099,0.7598,47.1216,0,4,0,0,0,0,0,0,0,0,0,0,4,0,0,0,0,0,0,0,0,0
ubt,bintrie,5,4,storage_sload_k100,7,,1695,0,0,0.0639,26.9336,0.0038,0.294,27.656,0,4,0,0,0,0,0,0,0,0,0,0,4,0,0,0,0,0,0,0,0,0
ubt,bintrie,5,4,storage_sload_k100,8,,1696,0,0,0.0814,15.9883,0.0026,0.259,16.6416,0,4,0,0,0,0,0,0,0,0,0,0,4,0,0,0,0,0,0,0,0,0
ubt,bintrie,5,4,storage_sload_k100,8,,1697,0,0,0.0586,41.9936,0.0044,0.282,42.5699,0,4,0,0,0,0,0,0,0,0,0,0,4,0,0,0,0,0,0,0,0,0
ubt,bintrie,5,4,storage_sload_k100,8,,1698,0,0,0.2605,16.1825,0.0026,0.1572,16.7921,0,4,0,0,0,0,0,0,0,0,0,0,4,0,0,0,0,0,0,0,0,0
ubt,bintrie,5,4,storage_sload_k100,8,,1699,0,0,0.0601,10.137,0.0029,0.1826,10.6684,0,4,0,0,0,0,0,0,0,0,0,0,4,0,0,0,0,0,0,0,0,0
ubt,bintrie,5,4,storage_sload_k100,8,,1700,0,0,0.0872,29.2014,0.0038,1.8596,33.6748,0,4,0,0,0,0,0,0,0,0,0,0,4,0,0,0,0,0,0,0,0,0
ubt,bintrie,5,4,storage_sload_k100,8,,1701,0,0,0.1187,25.5468,0.009,3.3109,34.8182,0,4,0,0,0,0,0,0,0,0,0,0,4,0,0,0,0,0,0,0,0,0
ubt,bintrie,5,4,storage_sload_k100,8,,1702,0,0,0.0464,4.6561,0.0029,0.2123,5.172,0,4,0,0,0,0,0,0,0,0,0,0,4,0,0,0,0,0,0,0,0,0
ubt,bintrie,5,4,storage_sload_k100,8,,1703,0,0,0.2998,11.7504,0.0038,0.2018,34.4037,0,4,0,0,0,0,0,0,0,0,0,0,4,0,0,0,0,0,0,0,0,0
ubt,bintrie,5,4,storage_sload_k100,8,,1704,0,0,0.0478,5.7612,0.0026,0.1187,6.129,0,4,0,0,0,0,0,0,0,0,0,0,4,0,0,0,0,0,0,0,0,0
ubt,bintrie,5,4,storage_sload_k100,8,,1705,0,0,0.1091,3.6589,0.0044,0.2508,4.33,0,4,0,0,0,0,0,0,0,0,0,0,4,0,0,0,0,0,0,0,0,0
ubt,bintrie,5,4,storage_sload_k100,8,,1706,0,0,0.0583,10.5112,0.0029,0.2158,11.086,0,4,0,0,0,0,0,0,0,0,0,0,4,0,0,0,0,0,0,0,0,0
ubt,bintrie,5,4,storage_sload_k100,8,,1707,0,0,0.0665,8.7559,0.005,0.2756,31.4247,0,4,0,0,0,0,0,0,0,0,0,0,4,0,0,0,0,0,0,0,0,0
ubt,bintrie,5,4,storage_sload_k100,8,,1708,0,0,0.0717,6.0505,0.0038,0.2135,6.6919,0,4,0,0,0,0,0,0,0,0,0,0,4,0,0,0,0,0,0,0,0,0
ubt,bintrie,5,4,storage_sload_k100,8,,1709,0,0,0.0408,32.1524,0.0026,0.1485,32.5044,0,4,0,0,0,0,0,0,0,0,0,0,4,0,0,0,0,0,0,0,0,0
ubt,bintrie,5,4,storage_sload_k100,8,,1710,0,0,0.056,4.8617,0.0035,0.2047,5.7329,0,4,0,0,0,0,0,0,0,0,0,0,4,0,0,0,0,0,0,0,0,0
ubt,bintrie,5,4,storage_sload_k100,8,,1711,0,0,0.0974,33.585,0.0047,0.3742,34.3958,0,4,0,0,0,0,0,0,0,0,0,0,4,0,0,0,0,0,0,0,0,0
ubt,bintrie,5,4,storage_sload_k100,8,,1712,0,0,0.0496,16.0827,0.0061,1.7535,19.5316,0,4,0,0,0,0,0,0,0,0,0,0,4,0,0,0,0,0,0,0,0,0
ubt,bintrie,5,4,storage_sload_k100,8,,1713,0,0,0.0426,14.6128,0.0038,1.9428,17.9552,0,4,0,0,0,0,0,0,0,0,0,0,4,0,0,0,0,0,0,0,0,0
ubt,bintrie,5,4,storage_sload_k100,8,,1714,0,0,0.1035,14.735,0.0064,0.3112,33.074,0,4,0,0,0,0,0,0,0,0,0,0,4,0,0,0,0,0,0,0,0,0
ubt,bintrie,5,4,storage_sload_k100,8,,1715,86892,2,0.1808,14.6137,53.8085,4.0375,72.8533,1.1927,11,0,0,0,3,0,0,0,1,158,5,6,45.45,0,0,0,0,0,0,0,0
ubt,bintrie,5,4,storage_sload_k100,8,,1716,0,0,0.7852,4.4817,0.0032,0.2701,6.2544,0,4,0,0,0,0,0,0,0,0,0,0,4,0,0,0,0,0,0,0,0,0
ubt,bintrie,5,4,storage_sload_k100,8,,1717,99900921,1,1998.1436,92.4115,55.7611,2.5226,2149.1179,46.4846,107,5002,101,2958,2,0,0,0,0,0,10,97,9.35,575,4427,11.5,101,0,100,2958,0
ubt,bintrie,5,4,storage_sload_k100,8,,1718,21000,1,0.7277,5.0801,4.8693,0.8554,23.0403,0.9114,6,0,0,0,2,0,0,0,0,0,0,6,0,0,0,0,0,0,0,0,0
ubt,bintrie,5,4,storage_sload_k100,8,,1719,0,0,0.1266,14.0575,0.0032,0.2815,34.2888,0,4,0,0,0,0,0,0,0,0,0,0,4,0,0,0,0,0,0,0,0,0
ubt,bintrie,5,4,storage_sload_k100,8,,1720,0,0,0.0913,9.7135,0.0044,0.3523,36.2397,0,4,0,0,0,0,0,0,0,0,0,0,4,0,0,0,0,0,0,0,0,0
ubt,bintrie,5,4,storage_sload_k100,9,,1721,0,0,0.0519,11.875,0.0023,0.156,12.3448,0,4,0,0,0,0,0,0,0,0,0,0,4,0,0,0,0,0,0,0,0,0
ubt,bintrie,5,4,storage_sload_k100,9,,1722,0,0,0.1683,12.0185,0.0085,0.6831,13.5646,0,4,0,0,0,0,0,0,0,0,0,0,4,0,0,0,0,0,0,0,0,0
ubt,bintrie,5,4,storage_sload_k100,9,,1723,0,0,0.0531,13.1399,0.0032,1.614,15.0605,0,4,0,0,0,0,0,0,0,0,0,0,4,0,0,0,0,0,0,0,0,0
ubt,bintrie,5,4,storage_sload_k100,9,,1724,0,0,0.0586,9.607,0.0023,0.201,10.6033,0,4,0,0,0,0,0,0,0,0,0,0,4,0,0,0,0,0,0,0,0,0
ubt,bintrie,5,4,storage_sload_k100,9,,1725,0,0,0.28,26.3416,0.0029,0.1788,27.1492,0,4,0,0,0,0,0,0,0,0,0,0,4,0,0,0,0,0,0,0,0,0
ubt,bintrie,5,4,storage_sload_k100,9,,1726,0,0,0.0475,8.2872,0.0047,0.2984,25.8764,0,4,0,0,0,0,0,0,0,0,0,0,4,0,0,0,0,0,0,0,0,0
ubt,bintrie,5,4,storage_sload_k100,9,,1727,0,0,0.0432,43.1454,0.0035,0.1485,43.5581,0,4,0,0,0,0,0,0,0,0,0,0,4,0,0,0,0,0,0,0,0,0
ubt,bintrie,5,4,storage_sload_k100,9,,1728,0,0,0.0729,2.8411,0.0032,0.1365,3.2374,0,4,0,0,0,0,0,0,0,0,0,0,4,0,0,0,0,0,0,0,0,0
ubt,bintrie,5,4,storage_sload_k100,9,,1729,0,0,2.3624,4.6695,0.0058,0.4007,7.8862,0,4,0,0,0,0,0,0,0,0,0,0,4,0,0,0,0,0,0,0,0,0
ubt,bintrie,5,4,storage_sload_k100,9,,1730,0,0,0.0674,7.6794,0.0023,0.1426,8.3012,0,4,0,0,0,0,0,0,0,0,0,0,4,0,0,0,0,0,0,0,0,0
ubt,bintrie,5,4,storage_sload_k100,9,,1731,0,0,0.1864,3.5364,0.0023,0.117,4.0357,0,4,0,0,0,0,0,0,0,0,0,0,4,0,0,0,0,0,0,0,0,0
ubt,bintrie,5,4,storage_sload_k100,9,,1732,0,0,0.037,2.097,0.0018,0.1277,2.4712,0,4,0,0,0,0,0,0,0,0,0,0,4,0,0,0,0,0,0,0,0,0
ubt,bintrie,5,4,storage_sload_k100,9,,1733,0,0,0.0557,40.3092,0.0035,0.1832,40.7602,0,4,0,0,0,0,0,0,0,0,0,0,4,0,0,0,0,0,0,0,0,0
ubt,bintrie,5,4,storage_sload_k100,9,,1734,0,0,0.0916,5.5999,0.0038,0.229,6.2439,0,4,0,0,0,0,0,0,0,0,0,0,4,0,0,0,0,0,0,0,0,0
ubt,bintrie,5,4,storage_sload_k100,9,,1735,0,0,0.0992,29.6237,0.007,0.3567,30.6089,0,4,0,0,0,0,0,0,0,0,0,0,4,0,0,0,0,0,0,0,0,0
ubt,bintrie,5,4,storage_sload_k100,9,,1736,0,0,0.0537,28.8788,0.0038,0.168,29.3626,0,4,0,0,0,0,0,0,0,0,0,0,4,0,0,0,0,0,0,0,0,0
ubt,bintrie,5,4,storage_sload_k100,9,,1737,0,0,0.056,16.3312,0.0035,0.8199,17.4652,0,4,0,0,0,0,0,0,0,0,0,0,4,0,0,0,0,0,0,0,0,0
ubt,bintrie,5,4,storage_sload_k100,9,,1738,0,0,0.105,22.3234,0.0087,0.5676,27.074,0,4,0,0,0,0,0,0,0,0,0,0,4,0,0,0,0,0,0,0,0,0
ubt,bintrie,5,4,storage_sload_k100,9,,1739,0,0,0.1333,3.8855,0.0041,0.2622,4.7967,0,4,0,0,0,0,0,0,0,0,0,0,4,0,0,0,0,0,0,0,0,0
ubt,bintrie,5,4,storage_sload_k100,9,,1740,86892,2,0.7662,6.4606,30.7603,4.1334,50.1271,1.7334,11,0,0,0,3,0,0,0,1,158,7,4,63.64,0,0,0,0,0,0,0,0
ubt,bintrie,5,4,storage_sload_k100,9,,1741,0,0,0.2115,14.5649,0.0029,0.2613,37.3606,0,4,0,0,0,0,0,0,0,0,0,0,4,0,0,0,0,0,0,0,0,0
ubt,bintrie,5,4,storage_sload_k100,9,,1742,99900921,1,1976.5208,106.4042,23.6312,1.428,2108.2924,47.3848,107,5002,101,2958,2,0,0,0,0,0,36,71,33.64,1881,3121,37.6,101,0,100,2958,0
ubt,bintrie,5,4,storage_sload_k100,9,,1743,0,0,0.1794,49.5272,0.0067,0.2934,52.8629,0,4,0,0,0,0,0,0,0,0,0,0,4,0,0,0,0,0,0,0,0,0
ubt,bintrie,5,4,storage_sload_k100,9,,1744,21000,1,0.3339,4.1153,5.7055,1.7511,28.8187,0.7287,6,0,0,0,2,0,0,0,0,0,0,6,0,0,0,0,0,0,0,0,0
ubt,bintrie,5,4,storage_sload_k100,9,,1745,0,0,0.1922,43.8019,0.0029,0.2596,44.9082,0,4,0,0,0,0,0,0,0,0,0,0,4,0,0,0,0,0,0,0,0,0
ubt,bintrie,5,4,storage_sload_k100,9,,1746,0,0,0.058,12.668,0.0099,0.5512,37.9818,0,4,0,0,0,0,0,0,0,0,0,0,4,0,0,0,0,0,0,0,0,0
ubt,bintrie,5,4,storage_sload_k1000,10,,1987,0,0,0.1196,50.6026,0.0038,0.2596,51.3959,0,4,0,0,0,0,0,0,0,0,0,0,4,0,0,0,0,0,0,0,0,0
ubt,bintrie,5,4,storage_sload_k1000,10,,1988,0,0,0.0951,7.7806,0.0041,0.3392,8.6086,0,4,0,0,0,0,0,0,0,0,0,0,4,0,0,0,0,0,0,0,0,0
ubt,bintrie,5,4,storage_sload_k1000,10,,1989,0,0,0.0613,8.0653,0.0026,0.2934,12.8744,0,4,0,0,0,0,0,0,0,0,0,0,4,0,0,0,0,0,0,0,0,0
ubt,bintrie,5,4,storage_sload_k1000,10,,1990,0,0,0.1327,18.9824,0.0032,0.2053,21.8319,0,4,0,0,0,0,0,0,0,0,0,0,4,0,0,0,0,0,0,0,0,0
ubt,bintrie,5,4,storage_sload_k1000,10,,1991,0,0,0.0671,3.9785,0.0047,9.4372,17.4459,0,4,0,0,0,0,0,0,0,0,0,0,4,0,0,0,0,0,0,0,0,0
ubt,bintrie,5,4,storage_sload_k1000,10,,1992,0,0,0.0653,39.4597,0.0067,0.6242,41.6662,0,4,0,0,0,0,0,0,0,0,0,0,4,0,0,0,0,0,0,0,0,0
ubt,bintrie,5,4,storage_sload_k1000,10,,1993,0,0,0.0505,34.8667,0.002,0.1995,35.3698,0,4,0,0,0,0,0,0,0,0,0,0,4,0,0,0,0,0,0,0,0,0
ubt,bintrie,5,4,storage_sload_k1000,10,,1994,0,0,0.152,23.2738,0.0096,0.4947,25.1267,0,4,0,0,0,0,0,0,0,0,0,0,4,0,0,0,0,0,0,0,0,0
ubt,bintrie,5,4,storage_sload_k1000,10,,1995,0,0,0.3424,26.2135,0.0047,0.2803,27.6718,0,4,0,0,0,0,0,0,0,0,0,0,4,0,0,0,0,0,0,0,0,0
ubt,bintrie,5,4,storage_sload_k1000,10,,1996,0,0,0.0405,3.8027,0.002,0.1677,4.2264,0,4,0,0,0,0,0,0,0,0,0,0,4,0,0,0,0,0,0,0,0,0
ubt,bintrie,5,4,storage_sload_k1000,10,,1997,0,0,0.0359,3.9266,0.0015,0.1899,4.3104,0,4,0,0,0,0,0,0,0,0,0,0,4,0,0,0,0,0,0,0,0,0
ubt,bintrie,5,4,storage_sload_k1000,10,,1998,0,0,0.086,28.1238,0.0032,0.2946,29.0125,0,4,0,0,0,0,0,0,0,0,0,0,4,0,0,0,0,0,0,0,0,0
ubt,bintrie,5,4,storage_sload_k1000,10,,1999,0,0,0.0338,4.9299,0.0015,0.1718,5.3651,0,4,0,0,0,0,0,0,0,0,0,0,4,0,0,0,0,0,0,0,0,0
ubt,bintrie,5,4,storage_sload_k1000,10,,2000,0,0,0.0373,3.6099,0.002,0.2502,4.3104,0,4,0,0,0,0,0,0,0,0,0,0,4,0,0,0,0,0,0,0,0,0
ubt,bintrie,5,4,storage_sload_k1000,10,,2001,0,0,0.0327,1.873,0.0023,0.224,2.5459,0,4,0,0,0,0,0,0,0,0,0,0,4,0,0,0,0,0,0,0,0,0
ubt,bintrie,5,4,storage_sload_k1000,10,,2002,0,0,0.0496,13.1191,0.0032,1.0911,14.4803,0,4,0,0,0,0,0,0,0,0,0,0,4,0,0,0,0,0,0,0,0,0
ubt,bintrie,5,4,storage_sload_k1000,10,,2003,0,0,0.1175,26.921,0.0026,0.1464,27.4685,0,4,0,0,0,0,0,0,0,0,0,0,4,0,0,0,0,0,0,0,0,0
ubt,bintrie,5,4,storage_sload_k1000,10,,2004,0,0,0.0598,29.0711,0.0035,0.2657,29.7285,0,4,0,0,0,0,0,0,0,0,0,0,4,0,0,0,0,0,0,0,0,0
ubt,bintrie,5,4,storage_sload_k1000,10,,2005,0,0,0.0668,16.0153,0.0035,0.7149,28.6319,0,4,0,0,0,0,0,0,0,0,0,0,4,0,0,0,0,0,0,0,0,0
ubt,bintrie,5,4,storage_sload_k1000,10,,2006,86880,2,0.1485,16.9967,17.6684,1.831,36.9509,2.3512,11,0,0,0,3,0,0,0,1,158,6,5,54.55,0,0,0,0,0,0,0,0
ubt,bintrie,5,4,storage_sload_k1000,10,,2007,99900557,1,2135.2358,161.8204,7.0815,2.8063,2321.5101,43.0326,1007,5002,1001,28158,2,0,0,0,0,0,194,813,19.27,1144,3858,22.87,1001,0,100,28158,0
ubt,bintrie,5,4,storage_sload_k1000,10,,2008,0,0,0.1467,43.7174,0.0055,0.3048,44.7817,0,4,0,0,0,0,0,0,0,0,0,0,4,0,0,0,0,0,0,0,0,0
ubt,bintrie,5,4,storage_sload_k1000,10,,2009,21000,1,0.3334,27.8818,11.7556,1.4364,41.6571,0.5041,6,0,0,0,2,0,0,0,0,0,0,6,0,0,0,0,0,0,0,0,0
ubt,bintrie,5,4,storage_sload_k1000,10,,2010,0,0,0.3173,33.7995,0.0102,0.6516,54.869,0,4,0,0,0,0,0,0,0,0,0,0,4,0,0,0,0,0,0,0,0,0
ubt,bintrie,5,4,storage_sload_k1000,10,,2011,0,0,0.1759,18.0175,0.0064,0.5999,19.6963,0,4,0,0,0,0,0,0,0,0,0,0,4,0,0,0,0,0,0,0,0,0
ubt,bintrie,5,4,storage_sload_k1000,1,,1770,0,0,0.1152,39.2582,0.0041,0.1934,40.0853,0,4,0,0,0,0,0,0,0,0,0,0,4,0,0,0,0,0,0,0,0,0
ubt,bintrie,5,4,storage_sload_k1000,1,,1771,0,0,0.0796,7.4507,0.0032,0.4955,8.2945,0,4,0,0,0,0,0,0,0,0,0,0,4,0,0,0,0,0,0,0,0,0
ubt,bintrie,5,4,storage_sload_k1000,1,,1772,0,0,0.0437,4.4417,0.0026,0.1674,4.8768,0,4,0,0,0,0,0,0,0,0,0,0,4,0,0,0,0,0,0,0,0,0
ubt,bintrie,5,4,storage_sload_k1000,1,,1773,0,0,0.5787,9.3004,0.0067,0.4646,11.1528,0,4,0,0,0,0,0,0,0,0,0,0,4,0,0,0,0,0,0,0,0,0
ubt,bintrie,5,4,storage_sload_k1000,1,,1774,0,0,0.0726,29.7414,0.0035,0.1765,31.3554,0,4,0,0,0,0,0,0,0,0,0,0,4,0,0,0,0,0,0,0,0,0
ubt,bintrie,5,4,storage_sload_k1000,1,,1775,0,0,0.152,31.4651,0.0047,0.1546,32.1312,0,4,0,0,0,0,0,0,0,0,0,0,4,0,0,0,0,0,0,0,0,0
ubt,bintrie,5,4,storage_sload_k1000,1,,1776,0,0,0.0814,3.7464,0.005,0.5113,4.7669,0,4,0,0,0,0,0,0,0,0,0,0,4,0,0,0,0,0,0,0,0,0
ubt,bintrie,5,4,storage_sload_k1000,1,,1777,0,0,0.1254,45.1007,0.0058,0.4923,46.2396,0,4,0,0,0,0,0,0,0,0,0,0,4,0,0,0,0,0,0,0,0,0
ubt,bintrie,5,4,storage_sload_k1000,1,,1778,0,0,0.0904,3.5057,0.0041,0.3622,4.3241,0,4,0,0,0,0,0,0,0,0,0,0,4,0,0,0,0,0,0,0,0,0
ubt,bintrie,5,4,storage_sload_k1000,1,,1779,0,0,0.1041,6.1692,0.005,0.3372,6.8986,0,4,0,0,0,0,0,0,0,0,0,0,4,0,0,0,0,0,0,0,0,0
ubt,bintrie,5,4,storage_sload_k1000,1,,1780,0,0,0.068,3.0353,0.0035,0.2911,3.6627,0,4,0,0,0,0,0,0,0,0,0,0,4,0,0,0,0,0,0,0,0,0
ubt,bintrie,5,4,storage_sload_k1000,1,,1781,0,0,0.0685,21.6131,0.0035,0.1969,22.1623,0,4,0,0,0,0,0,0,0,0,0,0,4,0,0,0,0,0,0,0,0,0
ubt,bintrie,5,4,storage_sload_k1000,1,,1782,0,0,0.068,7.15,0.0044,0.3185,7.8765,0,4,0,0,0,0,0,0,0,0,0,0,4,0,0,0,0,0,0,0,0,0
ubt,bintrie,5,4,storage_sload_k1000,1,,1783,0,0,0.0429,3.6524,0.002,0.1196,4.0083,0,4,0,0,0,0,0,0,0,0,0,0,4,0,0,0,0,0,0,0,0,0
ubt,bintrie,5,4,storage_sload_k1000,1,,1784,0,0,0.0376,2.018,0.0026,0.1184,2.3683,0,4,0,0,0,0,0,0,0,0,0,0,4,0,0,0,0,0,0,0,0,0
ubt,bintrie,5,4,storage_sload_k1000,1,,1785,0,0,0.0268,1.5639,0.0012,0.0866,1.7934,0,4,0,0,0,0,0,0,0,0,0,0,4,0,0,0,0,0,0,0,0,0
ubt,bintrie,5,4,storage_sload_k1000,1,,1786,0,0,0.058,15.3979,0.0047,0.3981,19.533,0,4,0,0,0,0,0,0,0,0,0,0,4,0,0,0,0,0,0,0,0,0
ubt,bintrie,5,4,storage_sload_k1000,1,,1787,0,0,0.0986,36.913,0.0041,0.1776,37.5841,0,4,0,0,0,0,0,0,0,0,0,0,4,0,0,0,0,0,0,0,0,0
ubt,bintrie,5,4,storage_sload_k1000,1,,1788,0,0,0.0773,22.8139,0.0029,1.7298,24.9427,0,4,0,0,0,0,0,0,0,0,0,0,4,0,0,0,0,0,0,0,0,0
ubt,bintrie,5,4,storage_sload_k1000,1,,1789,86880,2,0.406,11.9601,23.8498,2.0294,44.3197,1.9603,11,0,0,0,3,0,0,0,1,158,4,7,36.36,0,0,0,0,0,0,0,0
ubt,bintrie,5,4,storage_sload_k1000,1,,1790,99900557,1,1988.6439,83.7738,11.4727,1.7765,2085.9145,47.8929,1007,5002,1001,28158,2,0,0,0,0,0,86,921,8.54,442,4560,8.84,1001,0,100,28158,0
ubt,bintrie,5,4,storage_sload_k1000,1,,1791,21000,1,0.1032,15.8353,22.4548,1.8937,40.6249,0.5169,6,0,0,0,2,0,0,0,0,0,2,4,33.33,0,0,0,0,0,0,0,0
ubt,bintrie,5,4,storage_sload_k1000,1,,1792,0,0,0.0755,29.5559,0.0038,0.2602,34.4298,0,4,0,0,0,0,0,0,0,0,0,0,4,0,0,0,0,0,0,0,0,0
ubt,bintrie,5,4,storage_sload_k1000,2,,1793,0,0,0.1027,33.0505,0.0038,0.2546,33.6828,0,4,0,0,0,0,0,0,0,0,0,0,4,0,0,0,0,0,0,0,0,0
ubt,bintrie,5,4,storage_sload_k1000,2,,1794,0,0,0.0493,6.3354,0.0029,0.2103,6.8444,0,4,0,0,0,0,0,0,0,0,0,0,4,0,0,0,0,0,0,0,0,0
ubt,bintrie,5,4,storage_sload_k1000,2,,1795,0,0,0.0297,1.6412,0.002,0.145,1.9457,0,4,0,0,0,0,0,0,0,0,0,0,4,0,0,0,0,0,0,0,0,0
ubt,bintrie,5,4,storage_sload_k1000,2,,1796,0,0,0.3515,22.9661,0.0055,0.3859,24.0073,0,4,0,0,0,0,0,0,0,0,0,0,4,0,0,0,0,0,0,0,0,0
ubt,bintrie,5,4,storage_sload_k1000,2,,1797,0,0,0.0612,42.2078,0.0032,0.1625,42.689,0,4,0,0,0,0,0,0,0,0,0,0,4,0,0,0,0,0,0,0,0,0
ubt,bintrie,5,4,storage_sload_k1000,2,,1798,0,0,0.0645,24.238,0.0023,0.1423,24.6936,0,4,0,0,0,0,0,0,0,0,0,0,4,0,0,0,0,0,0,0,0,0
ubt,bintrie,5,4,storage_sload_k1000,2,,1799,0,0,0.0758,25.4,0.0044,0.2578,26.1041,0,4,0,0,0,0,0,0,0,0,0,0,4,0,0,0,0,0,0,0,0,0
ubt,bintrie,5,4,storage_sload_k1000,2,,1800,0,0,0.079,41.0035,0.0047,0.4016,41.7627,0,4,0,0,0,0,0,0,0,0,0,0,4,0,0,0,0,0,0,0,0,0
ubt,bintrie,5,4,storage_sload_k1000,2,,1801,0,0,0.1167,18.4014,0.0035,0.5877,19.6158,0,4,0,0,0,0,0,0,0,0,0,0,4,0,0,0,0,0,0,0,0,0
ubt,bintrie,5,4,storage_sload_k1000,2,,1802,0,0,0.1266,28.9198,0.005,0.357,30.2121,0,4,0,0,0,0,0,0,0,0,0,0,4,0,0,0,0,0,0,0,0,0
ubt,bintrie,5,4,storage_sload_k1000,2,,1803,0,0,0.063,18.6283,0.0038,0.3033,25.6532,0,4,0,0,0,0,0,0,0,0,0,0,4,0,0,0,0,0,0,0,0,0
ubt,bintrie,5,4,storage_sload_k1000,2,,1804,0,0,0.0825,7.2244,0.0053,0.2922,7.9445,0,4,0,0,0,0,0,0,0,0,0,0,4,0,0,0,0,0,0,0,0,0
ubt,bintrie,5,4,storage_sload_k1000,2,,1805,0,0,0.0388,3.7744,0.0026,0.1511,4.1471,0,4,0,0,0,0,0,0,0,0,0,0,4,0,0,0,0,0,0,0,0,0
ubt,bintrie,5,4,storage_sload_k1000,2,,1806,0,0,0.0359,2.1942,0.002,0.1135,2.5255,0,4,0,0,0,0,0,0,0,0,0,0,4,0,0,0,0,0,0,0,0,0
ubt,bintrie,5,4,storage_sload_k1000,2,,1807,0,0,0.0612,20.2341,0.0079,0.3582,33.2739,0,4,0,0,0,0,0,0,0,0,0,0,4,0,0,0,0,0,0,0,0,0
ubt,bintrie,5,4,storage_sload_k1000,2,,1808,0,0,0.0257,1.6321,0.0012,15.8718,17.9312,0,4,0,0,0,0,0,0,0,0,0,0,4,0,0,0,0,0,0,0,0,0
ubt,bintrie,5,4,storage_sload_k1000,2,,1809,0,0,0.0557,12.9835,0.0029,0.1899,13.4717,0,4,0,0,0,0,0,0,0,0,0,0,4,0,0,0,0,0,0,0,0,0
ubt,bintrie,5,4,storage_sload_k1000,2,,1810,0,0,0.2237,19.8503,0.0053,0.3459,21.8744,0,4,0,0,0,0,0,0,0,0,0,0,4,0,0,0,0,0,0,0,0,0
ubt,bintrie,5,4,storage_sload_k1000,2,,1811,0,0,0.1467,9.9599,0.0029,0.1636,10.759,0,4,0,0,0,0,0,0,0,0,0,0,4,0,0,0,0,0,0,0,0,0
ubt,bintrie,5,4,storage_sload_k1000,2,,1812,86880,2,0.7948,32.8767,1.598,1.8704,37.3846,2.324,11,0,0,0,3,0,0,0,1,158,4,7,36.36,0,0,0,0,0,0,0,0
ubt,bintrie,5,4,storage_sload_k1000,2,,1813,99900557,1,2099.7146,81.1635,21.2468,1.2608,2203.7203,45.3327,1007,5002,1001,28158,2,0,0,0,0,0,152,855,15.09,791,4211,15.81,1001,0,100,28158,0
ubt,bintrie,5,4,storage_sload_k1000,2,,1814,21000,1,0.189,33.8161,7.6106,1.3705,43.4969,0.4828,6,0,0,0,2,0,0,0,0,0,2,4,33.33,0,0,0,0,0,0,0,0
ubt,bintrie,5,4,storage_sload_k1000,2,,1815,0,0,0.1304,43.1889,0.0073,0.3675,44.1263,0,4,0,0,0,0,0,0,0,0,0,0,4,0,0,0,0,0,0,0,0,0
ubt,bintrie,5,4,storage_sload_k1000,3,,1816,0,0,0.0607,29.8572,0.0029,0.156,30.2821,0,4,0,0,0,0,0,0,0,0,0,0,4,0,0,0,0,0,0,0,0,0
ubt,bintrie,5,4,storage_sload_k1000,3,,1817,0,0,0.0653,9.2258,0.002,0.1727,9.6393,0,4,0,0,0,0,0,0,0,0,0,0,4,0,0,0,0,0,0,0,0,0
ubt,bintrie,5,4,storage_sload_k1000,3,,1818,0,0,0.0849,48.0911,0.0055,0.3281,48.8669,0,4,0,0,0,0,0,0,0,0,0,0,4,0,0,0,0,0,0,0,0,0
ubt,bintrie,5,4,storage_sload_k1000,3,,1819,0,0,0.1382,17.1341,0.0029,0.1292,18.1995,0,4,0,0,0,0,0,0,0,0,0,0,4,0,0,0,0,0,0,0,0,0
ubt,bintrie,5,4,storage_sload_k1000,3,,1820,0,0,0.1557,2.9052,0.0058,0.338,3.868,0,4,0,0,0,0,0,0,0,0,0,0,4,0,0,0,0,0,0,0,0,0
ubt,bintrie,5,4,storage_sload_k1000,3,,1821,0,0,0.1172,27.8584,0.0058,0.5028,29.5912,0,4,0,0,0,0,0,0,0,0,0,0,4,0,0,0,0,0,0,0,0,0
ubt,bintrie,5,4,storage_sload_k1000,3,,1822,0,0,0.0382,10.9918,0.0023,0.161,11.3383,0,4,0,0,0,0,0,0,0,0,0,0,4,0,0,0,0,0,0,0,0,0
ubt,bintrie,5,4,storage_sload_k1000,3,,1823,0,0,0.0388,30.1701,0.0029,0.2237,30.621,0,4,0,0,0,0,0,0,0,0,0,0,4,0,0,0,0,0,0,0,0,0
ubt,bintrie,5,4,storage_sload_k1000,3,,1824,0,0,0.1053,15.0286,0.005,0.2322,15.8097,0,4,0,0,0,0,0,0,0,0,0,0,4,0,0,0,0,0,0,0,0,0
ubt,bintrie,5,4,storage_sload_k1000,3,,1825,0,0,0.1102,3.5335,0.0047,0.2607,4.3562,0,4,0,0,0,0,0,0,0,0,0,0,4,0,0,0,0,0,0,0,0,0
ubt,bintrie,5,4,storage_sload_k1000,3,,1826,0,0,0.0338,3.7968,0.0026,0.1245,4.2658,0,4,0,0,0,0,0,0,0,0,0,0,4,0,0,0,0,0,0,0,0,0
ubt,bintrie,5,4,storage_sload_k1000,3,,1827,0,0,0.0992,3.5314,0.0041,0.3007,4.2471,0,4,0,0,0,0,0,0,0,0,0,0,4,0,0,0,0,0,0,0,0,0
ubt,bintrie,5,4,storage_sload_k1000,3,,1828,0,0,0.0892,17.6486,0.0038,0.2097,38.2989,0,4,0,0,0,0,0,0,0,0,0,0,4,0,0,0,0,0,0,0,0,0
ubt,bintrie,5,4,storage_sload_k1000,3,,1829,0,0,0.0758,5.0288,0.0035,0.2447,5.6363,0,4,0,0,0,0,0,0,0,0,0,0,4,0,0,0,0,0,0,0,0,0
ubt,bintrie,5,4,storage_sload_k1000,3,,1830,0,0,0.0677,13.5849,0.0044,0.222,35.2321,0,4,0,0,0,0,0,0,0,0,0,0,4,0,0,0,0,0,0,0,0,0
ubt,bintrie,5,4,storage_sload_k1000,3,,1831,0,0,0.0577,25.2253,0.0041,1.1273,27.8161,0,4,0,0,0,0,0,0,0,0,0,0,4,0,0,0,0,0,0,0,0,0
ubt,bintrie,5,4,storage_sload_k1000,3,,1832,0,0,0.0575,5.4237,0.0023,0.1522,13.9947,0,4,0,0,0,0,0,0,0,0,0,0,4,0,0,0,0,0,0,0,0,0
ubt,bintrie,5,4,storage_sload_k1000,3,,1833,0,0,0.0618,14.9986,0.0053,0.8872,17.3733,0,4,0,0,0,0,0,0,0,0,0,0,4,0,0,0,0,0,0,0,0,0
ubt,bintrie,5,4,storage_sload_k1000,3,,1834,0,0,0.0397,4.0625,0.0026,0.1622,4.4218,0,4,0,0,0,0,0,0,0,0,0,0,4,0,0,0,0,0,0,0,0,0
ubt,bintrie,5,4,storage_sload_k1000,3,,1835,86880,2,0.7178,12.6717,0.5798,3.6907,18.0776,4.8059,11,0,0,0,3,0,0,0,1,158,4,7,36.36,0,0,0,0,0,0,0,0
ubt,bintrie,5,4,storage_sload_k1000,3,,1836,0,0,0.2987,51.8838,0.009,0.5463,56.9397,0,4,0,0,0,0,0,0,0,0,0,0,4,0,0,0,0,0,0,0,0,0
ubt,bintrie,5,4,storage_sload_k1000,3,,1837,99900557,1,2085.0036,85.6846,18.364,1.1019,2190.446,45.6074,1007,5002,1001,28158,2,0,0,0,0,0,60,947,5.96,445,4557,8.9,1001,0,100,28158,0
ubt,bintrie,5,4,storage_sload_k1000,3,,1838,0,0,13.1766,17.2041,0.0026,0.2348,30.957,0,4,0,0,0,0,0,0,0,0,0,0,4,0,0,0,0,0,0,0,0,0
ubt,bintrie,5,4,storage_sload_k1000,3,,1839,21000,1,0.0904,22.1381,15.9713,1.3393,39.8048,0.5276,6,0,0,0,2,0,0,0,0,0,2,4,33.33,0,0,0,0,0,0,0,0
ubt,bintrie,5,4,storage_sload_k1000,3,,1840,0,0,0.0592,14.7125,0.0082,0.3987,34.321,0,4,0,0,0,0,0,0,0,0,0,0,4,0,0,0,0,0,0,0,0,0
ubt,bintrie,5,4,storage_sload_k1000,3,,1841,0,0,0.1511,31.3216,0.0047,0.243,32.3713,0,4,0,0,0,0,0,0,0,0,0,0,4,0,0,0,0,0,0,0,0,0
ubt,bintrie,5,4,storage_sload_k1000,4,,1842,0,0,0.0615,31.1556,0.0029,0.2753,31.7092,0,4,0,0,0,0,0,0,0,0,0,0,4,0,0,0,0,0,0,0,0,0
ubt,bintrie,5,4,storage_sload_k1000,4,,1843,0,0,0.079,9.2167,0.0052,0.2718,9.9199,0,4,0,0,0,0,0,0,0,0,0,0,4,0,0,0,0,0,0,0,0,0
ubt,bintrie,5,4,storage_sload_k1000,4,,1844,0,0,0.0411,6.7744,0.0023,0.126,7.1457,0,4,0,0,0,0,0,0,0,0,0,0,4,0,0,0,0,0,0,0,0,0
ubt,bintrie,5,4,storage_sload_k1000,4,,1845,0,0,0.0604,12.6729,0.0026,0.2782,13.3659,0,4,0,0,0,0,0,0,0,0,0,0,4,0,0,0,0,0,0,0,0,0
ubt,bintrie,5,4,storage_sload_k1000,4,,1846,0,0,0.5664,31.7314,0.0096,0.4719,34.4543,0,4,0,0,0,0,0,0,0,0,0,0,4,0,0,0,0,0,0,0,0,0
ubt,bintrie,5,4,storage_sload_k1000,4,,1847,0,0,0.0671,36.3151,0.0047,0.2742,40.2971,0,4,0,0,0,0,0,0,0,0,0,0,4,0,0,0,0,0,0,0,0,0
ubt,bintrie,5,4,storage_sload_k1000,4,,1848,0,0,0.8193,31.6905,0.0032,0.1989,32.9677,0,4,0,0,0,0,0,0,0,0,0,0,4,0,0,0,0,0,0,0,0,0
ubt,bintrie,5,4,storage_sload_k1000,4,,1849,0,0,0.1686,14.1026,0.0053,0.2812,14.9738,0,4,0,0,0,0,0,0,0,0,0,0,4,0,0,0,0,0,0,0,0,0
ubt,bintrie,5,4,storage_sload_k1000,4,,1850,0,0,0.1129,32.9298,0.0032,0.4489,33.8118,0,4,0,0,0,0,0,0,0,0,0,0,4,0,0,0,0,0,0,0,0,0
ubt,bintrie,5,4,storage_sload_k1000,4,,1851,0,0,0.0432,7.7497,0.0035,0.2537,28.5111,0,4,0,0,0,0,0,0,0,0,0,0,4,0,0,0,0,0,0,0,0,0
ubt,bintrie,5,4,storage_sload_k1000,4,,1852,0,0,0.0429,10.8459,0.0023,0.1321,11.2502,0,4,0,0,0,0,0,0,0,0,0,0,4,0,0,0,0,0,0,0,0,0
ubt,bintrie,5,4,storage_sload_k1000,4,,1853,0,0,0.0863,15.0724,0.0041,0.2176,37.5552,0,4,0,0,0,0,0,0,0,0,0,0,4,0,0,0,0,0,0,0,0,0
ubt,bintrie,5,4,storage_sload_k1000,4,,1854,0,0,0.0717,4.6893,0.0023,0.1184,5.1635,0,4,0,0,0,0,0,0,0,0,0,0,4,0,0,0,0,0,0,0,0,0
ubt,bintrie,5,4,storage_sload_k1000,4,,1855,0,0,0.0621,19.7567,0.0047,0.2167,37.6325,0,4,0,0,0,0,0,0,0,0,0,0,4,0,0,0,0,0,0,0,0,0
ubt,bintrie,5,4,storage_sload_k1000,4,,1856,0,0,0.0715,4.8538,0.0047,0.2193,5.3995,0,4,0,0,0,0,0,0,0,0,0,0,4,0,0,0,0,0,0,0,0,0
ubt,bintrie,5,4,storage_sload_k1000,4,,1857,0,0,0.0904,22.6602,0.0035,0.2494,23.41,0,4,0,0,0,0,0,0,0,0,0,0,4,0,0,0,0,0,0,0,0,0
ubt,bintrie,5,4,storage_sload_k1000,4,,1858,0,0,0.0668,26.0469,0.0029,0.2091,27.4413,0,4,0,0,0,0,0,0,0,0,0,0,4,0,0,0,0,0,0,0,0,0
ubt,bintrie,5,4,storage_sload_k1000,4,,1859,0,0,0.0782,15.7347,0.0032,0.331,16.9967,0,4,0,0,0,0,0,0,0,0,0,0,4,0,0,0,0,0,0,0,0,0
ubt,bintrie,5,4,storage_sload_k1000,4,,1860,0,0,0.0624,13.108,0.0044,0.2152,34.5386,0,4,0,0,0,0,0,0,0,0,0,0,4,0,0,0,0,0,0,0,0,0
ubt,bintrie,5,4,storage_sload_k1000,4,,1861,86880,2,0.1986,2.788,25.5171,3.5198,32.5123,2.6722,11,0,0,0,3,0,0,0,1,158,5,6,45.45,0,0,0,0,0,0,0,0
ubt,bintrie,5,4,storage_sload_k1000,4,,1862,99900557,1,2105.4889,80.372,28.602,1.5983,2216.5419,45.0705,1007,5002,1001,28158,2,0,0,0,0,0,221,786,21.95,1157,3845,23.13,1001,0,100,28158,0
ubt,bintrie,5,4,storage_sload_k1000,4,,1863,0,0,0.0537,10.673,0.0041,0.285,24.1264,0,4,0,0,0,0,0,0,0,0,0,0,4,0,0,0,0,0,0,0,0,0
ubt,bintrie,5,4,storage_sload_k1000,4,,1864,21000,1,0.4019,13.3312,12.9252,2.1793,35.8626,0.5856,6,0,0,0,2,0,0,0,0,0,2,4,33.33,0,0,0,0,0,0,0,0
ubt,bintrie,5,4,storage_sload_k1000,4,,1865,0,0,0.0516,20.1184,0.009,0.5924,31.8756,0,4,0,0,0,0,0,0,0,0,0,0,4,0,0,0,0,0,0,0,0,0
ubt,bintrie,5,4,storage_sload_k1000,4,,1866,0,0,0.238,23.8394,0.0041,0.2998,45.4223,0,4,0,0,0,0,0,0,0,0,0,0,4,0,0,0,0,0,0,0,0,0
ubt,bintrie,5,4,storage_sload_k1000,5,,1867,0,0,0.0668,12.7068,0.0032,0.2415,13.2618,0,4,0,0,0,0,0,0,0,0,0,0,4,0,0,0,0,0,0,0,0,0
ubt,bintrie,5,4,storage_sload_k1000,5,,1868,0,0,0.2056,6.8686,0.0032,0.2097,24.5039,0,4,0,0,0,0,0,0,0,0,0,0,4,0,0,0,0,0,0,0,0,0
ubt,bintrie,5,4,storage_sload_k1000,5,,1869,0,0,0.0341,4.3813,0.0018,0.1837,4.815,0,4,0,0,0,0,0,0,0,0,0,0,4,0,0,0,0,0,0,0,0,0
ubt,bintrie,5,4,storage_sload_k1000,5,,1870,0,0,0.1619,17.2403,0.0023,0.1925,17.9505,0,4,0,0,0,0,0,0,0,0,0,0,4,0,0,0,0,0,0,0,0,0
ubt,bintrie,5,4,storage_sload_k1000,5,,1871,0,0,0.0621,28.336,0.0029,0.1193,28.6892,0,4,0,0,0,0,0,0,0,0,0,0,4,0,0,0,0,0,0,0,0,0
ubt,bintrie,5,4,storage_sload_k1000,5,,1872,0,0,0.0648,15.5656,0.0044,0.1779,17.3211,0,4,0,0,0,0,0,0,0,0,0,0,4,0,0,0,0,0,0,0,0,0
ubt,bintrie,5,4,storage_sload_k1000,5,,1873,0,0,0.324,27.7754,0.0053,0.3923,43.822,0,4,0,0,0,0,0,0,0,0,0,0,4,0,0,0,0,0,0,0,0,0
ubt,bintrie,5,4,storage_sload_k1000,5,,1874,0,0,0.1444,33.0655,0.0035,0.2115,33.6731,0,4,0,0,0,0,0,0,0,0,0,0,4,0,0,0,0,0,0,0,0,0
ubt,bintrie,5,4,storage_sload_k1000,5,,1875,0,0,0.0607,3.4576,0.0026,0.1129,3.8009,0,4,0,0,0,0,0,0,0,0,0,0,4,0,0,0,0,0,0,0,0,0
ubt,bintrie,5,4,storage_sload_k1000,5,,1876,0,0,0.037,4.6762,0.0026,0.2065,5.6585,0,4,0,0,0,0,0,0,0,0,0,0,4,0,0,0,0,0,0,0,0,0
ubt,bintrie,5,4,storage_sload_k1000,5,,1877,0,0,0.0484,10.5695,0.0023,0.1487,10.9766,0,4,0,0,0,0,0,0,0,0,0,0,4,0,0,0,0,0,0,0,0,0
ubt,bintrie,5,4,storage_sload_k1000,5,,1878,0,0,0.0467,16.6836,0.0032,0.1759,17.1275,0,4,0,0,0,0,0,0,0,0,0,0,4,0,0,0,0,0,0,0,0,0
ubt,bintrie,5,4,storage_sload_k1000,5,,1879,0,0,0.3433,26.8578,0.0038,0.1531,28.2389,0,4,0,0,0,0,0,0,0,0,0,0,4,0,0,0,0,0,0,0,0,0
ubt,bintrie,5,4,storage_sload_k1000,5,,1880,0,0,0.3127,7.6672,0.0047,0.3445,8.9336,0,4,0,0,0,0,0,0,0,0,0,0,4,0,0,0,0,0,0,0,0,0
ubt,bintrie,5,4,storage_sload_k1000,5,,1881,0,0,0.0691,6.5904,0.002,0.1566,7.1153,0,4,0,0,0,0,0,0,0,0,0,0,4,0,0,0,0,0,0,0,0,0
ubt,bintrie,5,4,storage_sload_k1000,5,,1882,0,0,0.065,25.6378,0.049,0.1339,26.1237,0,4,0,0,0,0,0,0,0,0,0,0,4,0,0,0,0,0,0,0,0,0
ubt,bintrie,5,4,storage_sload_k1000,5,,1883,0,0,0.0653,25.5847,0.0035,0.6519,26.5008,0,4,0,0,0,0,0,0,0,0,0,0,4,0,0,0,0,0,0,0,0,0
ubt,bintrie,5,4,storage_sload_k1000,5,,1884,0,0,0.1336,19.132,0.0038,0.3526,20.1079,0,4,0,0,0,0,0,0,0,0,0,0,4,0,0,0,0,0,0,0,0,0
ubt,bintrie,5,4,storage_sload_k1000,5,,1885,0,0,0.0522,2.1093,0.0023,0.1945,2.573,0,4,0,0,0,0,0,0,0,0,0,0,4,0,0,0,0,0,0,0,0,0
ubt,bintrie,5,4,storage_sload_k1000,5,,1886,86880,2,0.138,40.7817,1.533,1.6628,44.4292,1.9555,11,0,0,0,3,0,0,0,1,158,7,4,63.64,0,0,0,0,0,0,0,0
ubt,bintrie,5,4,storage_sload_k1000,5,,1887,0,0,1.8144,25.263,0.0058,0.38,27.9551,0,4,0,0,0,0,0,0,0,0,0,0,4,0,0,0,0,0,0,0,0,0
ubt,bintrie,5,4,storage_sload_k1000,5,,1888,99900557,1,2065.7398,117.3635,1.2711,6.1998,2190.853,45.5989,1007,5002,1001,28158,2,0,0,0,0,0,122,885,12.12,666,4336,13.31,1001,0,100,28158,0
ubt,bintrie,5,4,storage_sload_k1000,5,,1889,0,0,0.32,29.4113,0.0067,0.3468,30.9764,0,4,0,0,0,0,0,0,0,0,0,0,4,0,0,0,0,0,0,0,0,0
ubt,bintrie,5,4,storage_sload_k1000,5,,1890,21000,1,0.1187,25.5658,10.8967,0.7557,37.6055,0.5584,6,0,0,0,2,0,0,0,0,0,2,4,33.33,0,0,0,0,0,0,0,0
ubt,bintrie,5,4,storage_sload_k1000,5,,1891,0,0,0.198,8.2079,0.0044,0.3838,9.7549,0,4,0,0,0,0,0,0,0,0,0,0,4,0,0,0,0,0,0,0,0,0
ubt,bintrie,5,4,storage_sload_k1000,5,,1892,0,0,0.0367,5.3706,0.002,0.1697,5.8189,0,4,0,0,0,0,0,0,0,0,0,0,4,0,0,0,0,0,0,0,0,0
ubt,bintrie,5,4,storage_sload_k1000,6,,1893,0,0,0.2263,10.2603,0.0047,0.4357,11.5244,0,4,0,0,0,0,0,0,0,0,0,0,4,0,0,0,0,0,0,0,0,0
ubt,bintrie,5,4,storage_sload_k1000,6,,1894,0,0,0.0333,14.3549,0.0032,0.1283,14.7256,0,4,0,0,0,0,0,0,0,0,0,0,4,0,0,0,0,0,0,0,0,0
ubt,bintrie,5,4,storage_sload_k1000,6,,1895,0,0,0.0365,13.736,0.0023,0.1167,14.1251,0,4,0,0,0,0,0,0,0,0,0,0,4,0,0,0,0,0,0,0,0,0
ubt,bintrie,5,4,storage_sload_k1000,6,,1896,0,0,0.2091,20.4521,0.0032,0.1986,21.5651,0,4,0,0,0,0,0,0,0,0,0,0,4,0,0,0,0,0,0,0,0,0
ubt,bintrie,5,4,storage_sload_k1000,6,,1897,0,0,0.0586,4.5397,0.0029,0.1835,5.0029,0,4,0,0,0,0,0,0,0,0,0,0,4,0,0,0,0,0,0,0,0,0
ubt,bintrie,5,4,storage_sload_k1000,6,,1898,0,0,0.1065,33.6209,0.0058,1.808,35.8305,0,4,0,0,0,0,0,0,0,0,0,0,4,0,0,0,0,0,0,0,0,0
ubt,bintrie,5,4,storage_sload_k1000,6,,1899,0,0,0.0461,25.9948,0.0026,0.1633,26.4215,0,4,0,0,0,0,0,0,0,0,0,0,4,0,0,0,0,0,0,0,0,0
ubt,bintrie,5,4,storage_sload_k1000,6,,1900,0,0,0.0922,19.4718,0.005,0.2634,20.2179,0,4,0,0,0,0,0,0,0,0,0,0,4,0,0,0,0,0,0,0,0,0
ubt,bintrie,5,4,storage_sload_k1000,6,,1901,0,0,0.1187,26.9646,0.0023,0.1269,27.9122,0,4,0,0,0,0,0,0,0,0,0,0,4,0,0,0,0,0,0,0,0,0
ubt,bintrie,5,4,storage_sload_k1000,6,,1902,0,0,0.0954,16.3184,0.0079,0.4305,38.3358,0,4,0,0,0,0,0,0,0,0,0,0,4,0,0,0,0,0,0,0,0,0
ubt,bintrie,5,4,storage_sload_k1000,6,,1903,0,0,0.0922,18.6179,0.0038,0.2123,40.2868,0,4,0,0,0,0,0,0,0,0,0,0,4,0,0,0,0,0,0,0,0,0
ubt,bintrie,5,4,storage_sload_k1000,6,,1904,0,0,0.3733,14.1417,0.007,0.2561,16.319,0,4,0,0,0,0,0,0,0,0,0,0,4,0,0,0,0,0,0,0,0,0
ubt,bintrie,5,4,storage_sload_k1000,6,,1905,0,0,0.1196,12.9103,0.0082,0.3888,28.1181,0,4,0,0,0,0,0,0,0,0,0,0,4,0,0,0,0,0,0,0,0,0
ubt,bintrie,5,4,storage_sload_k1000,6,,1906,0,0,0.1928,6.4509,0.0047,0.3564,7.5403,0,4,0,0,0,0,0,0,0,0,0,0,4,0,0,0,0,0,0,0,0,0
ubt,bintrie,5,4,storage_sload_k1000,6,,1907,0,0,0.04,1.7946,0.0023,0.1149,2.1583,0,4,0,0,0,0,0,0,0,0,0,0,4,0,0,0,0,0,0,0,0,0
ubt,bintrie,5,4,storage_sload_k1000,6,,1908,0,0,0.0863,15.507,0.0038,0.2141,34.6,0,4,0,0,0,0,0,0,0,0,0,0,4,0,0,0,0,0,0,0,0,0
ubt,bintrie,5,4,storage_sload_k1000,6,,1909,0,0,0.0542,17.7639,0.0029,0.1598,18.2976,0,4,0,0,0,0,0,0,0,0,0,0,4,0,0,0,0,0,0,0,0,0
ubt,bintrie,5,4,storage_sload_k1000,6,,1910,0,0,0.082,34.992,0.0044,0.2243,36.4748,0,4,0,0,0,0,0,0,0,0,0,0,4,0,0,0,0,0,0,0,0,0
ubt,bintrie,5,4,storage_sload_k1000,6,,1911,0,0,0.07,35.5094,0.0055,0.2963,39.4392,0,4,0,0,0,0,0,0,0,0,0,0,4,0,0,0,0,0,0,0,0,0
ubt,bintrie,5,4,storage_sload_k1000,6,,1912,86880,2,0.3167,31.9418,3.488,2.258,38.37,2.2643,11,0,0,0,3,0,0,0,1,158,6,5,54.55,0,0,0,0,0,0,0,0
ubt,bintrie,5,4,storage_sload_k1000,6,,1913,99900557,1,2198.1386,67.8992,11.2062,6.3492,2283.9994,43.7393,1007,5002,1001,28158,2,0,0,0,0,0,254,753,25.22,1298,3704,25.95,1001,0,100,28158,0
ubt,bintrie,5,4,storage_sload_k1000,6,,1914,21000,1,0.3532,14.1277,6.0934,1.6721,22.4946,0.9336,6,0,0,0,2,0,0,0,0,0,0,6,0,0,0,0,0,0,0,0,0
ubt,bintrie,5,4,storage_sload_k1000,6,,1915,0,0,0.1528,16.8673,0.0047,0.3905,30.7121,0,4,0,0,0,0,0,0,0,0,0,0,4,0,0,0,0,0,0,0,0,0
ubt,bintrie,5,4,storage_sload_k1000,7,,1916,0,0,0.2476,27.0226,0.0029,0.1677,27.7191,0,4,0,0,0,0,0,0,0,0,0,0,4,0,0,0,0,0,0,0,0,0
ubt,bintrie,5,4,storage_sload_k1000,7,,1917,0,0,0.2042,2.8909,0.0026,0.1114,3.3588,0,4,0,0,0,0,0,0,0,0,0,0,4,0,0,0,0,0,0,0,0,0
ubt,bintrie,5,4,storage_sload_k1000,7,,1918,0,0,0.0382,6.308,0.0029,0.1213,6.6487,0,4,0,0,0,0,0,0,0,0,0,0,4,0,0,0,0,0,0,0,0,0
ubt,bintrie,5,4,storage_sload_k1000,7,,1919,0,0,0.0796,6.0592,0.0085,1.0482,11.9409,0,4,0,0,0,0,0,0,0,0,0,0,4,0,0,0,0,0,0,0,0,0
ubt,bintrie,5,4,storage_sload_k1000,7,,1920,0,0,0.0592,44.125,0.0029,0.1762,44.7474,0,4,0,0,0,0,0,0,0,0,0,0,4,0,0,0,0,0,0,0,0,0
ubt,bintrie,5,4,storage_sload_k1000,7,,1921,0,0,0.1207,33.3305,0.0035,0.1598,33.8509,0,4,0,0,0,0,0,0,0,0,0,0,4,0,0,0,0,0,0,0,0,0
ubt,bintrie,5,4,storage_sload_k1000,7,,1922,0,0,0.0464,10.9929,0.0093,0.1514,11.3803,0,4,0,0,0,0,0,0,0,0,0,0,4,0,0,0,0,0,0,0,0,0
ubt,bintrie,5,4,storage_sload_k1000,7,,1923,0,0,0.0685,39.7949,0.0023,0.1592,40.2904,0,4,0,0,0,0,0,0,0,0,0,0,4,0,0,0,0,0,0,0,0,0
ubt,bintrie,5,4,storage_sload_k1000,7,,1924,0,0,0.0633,4.4125,0.0029,0.2138,5.0259,0,4,0,0,0,0,0,0,0,0,0,0,4,0,0,0,0,0,0,0,0,0
ubt,bintrie,5,4,storage_sload_k1000,7,,1925,0,0,0.047,6.3518,0.0073,0.3573,29.2855,0,4,0,0,0,0,0,0,0,0,0,0,4,0,0,0,0,0,0,0,0,0
ubt,bintrie,5,4,storage_sload_k1000,7,,1926,0,0,0.1543,37.1145,0.0029,0.7787,38.5229,0,4,0,0,0,0,0,0,0,0,0,0,4,0,0,0,0,0,0,0,0,0
ubt,bintrie,5,4,storage_sload_k1000,7,,1927,0,0,0.21,6.5676,0.0088,0.4209,7.8774,0,4,0,0,0,0,0,0,0,0,0,0,4,0,0,0,0,0,0,0,0,0
ubt,bintrie,5,4,storage_sload_k1000,7,,1928,0,0,0.079,17.1849,0.0053,0.3424,41.49,0,4,0,0,0,0,0,0,0,0,0,0,4,0,0,0,0,0,0,0,0,0
ubt,bintrie,5,4,storage_sload_k1000,7,,1929,0,0,0.0437,6.1642,0.0023,0.1304,6.5116,0,4,0,0,0,0,0,0,0,0,0,0,4,0,0,0,0,0,0,0,0,0
ubt,bintrie,5,4,storage_sload_k1000,7,,1930,0,0,0.112,20.1863,0.0047,0.2012,41.7583,0,4,0,0,0,0,0,0,0,0,0,0,4,0,0,0,0,0,0,0,0,0
ubt,bintrie,5,4,storage_sload_k1000,7,,1931,0,0,0.1566,6.2412,0.0061,0.3698,7.2594,0,4,0,0,0,0,0,0,0,0,0,0,4,0,0,0,0,0,0,0,0,0
ubt,bintrie,5,4,storage_sload_k1000,7,,1932,0,0,0.0825,16.4709,0.0038,1.1319,17.9621,0,4,0,0,0,0,0,0,0,0,0,0,4,0,0,0,0,0,0,0,0,0
ubt,bintrie,5,4,storage_sload_k1000,7,,1933,0,0,0.1015,40.4047,0.0035,2.8203,44.9669,0,4,0,0,0,0,0,0,0,0,0,0,4,0,0,0,0,0,0,0,0,0
ubt,bintrie,5,4,storage_sload_k1000,7,,1934,0,0,0.0895,27.138,0.0026,0.1318,33.0252,0,4,0,0,0,0,0,0,0,0,0,0,4,0,0,0,0,0,0,0,0,0
ubt,bintrie,5,4,storage_sload_k1000,7,,1935,86880,2,0.1584,44.66,1.6706,2.06,48.7249,1.7831,11,0,0,0,3,0,0,0,1,158,5,6,45.45,0,0,0,0,0,0,0,0
ubt,bintrie,5,4,storage_sload_k1000,7,,1936,99900557,1,2014.5792,77.7179,10.2098,1.456,2104.2228,47.4762,1007,5002,1001,28158,2,0,0,0,0,0,120,887,11.92,637,4365,12.73,1001,0,100,28158,0
ubt,bintrie,5,4,storage_sload_k1000,7,,1937,21000,1,0.3054,45.549,7.1588,0.8181,54.3492,0.3864,6,0,0,0,2,0,0,0,0,0,2,4,33.33,0,0,0,0,0,0,0,0
ubt,bintrie,5,4,storage_sload_k1000,7,,1938,0,0,0.0592,8.1603,0.0047,0.1767,31.3452,0,4,0,0,0,0,0,0,0,0,0,0,4,0,0,0,0,0,0,0,0,0
ubt,bintrie,5,4,storage_sload_k1000,8,,1939,0,0,0.058,33.7286,0.0023,0.1695,34.1717,0,4,0,0,0,0,0,0,0,0,0,0,4,0,0,0,0,0,0,0,0,0
ubt,bintrie,5,4,storage_sload_k1000,8,,1940,0,0,0.1114,23.7128,0.0032,0.2152,24.4565,0,4,0,0,0,0,0,0,0,0,0,0,4,0,0,0,0,0,0,0,0,0
ubt,bintrie,5,4,storage_sload_k1000,8,,1941,0,0,0.0402,1.9842,0.0018,0.1455,2.349,0,4,0,0,0,0,0,0,0,0,0,0,4,0,0,0,0,0,0,0,0,0
ubt,bintrie,5,4,storage_sload_k1000,8,,1942,0,0,0.1625,7.8999,0.0055,0.5037,9.0271,0,4,0,0,0,0,0,0,0,0,0,0,4,0,0,0,0,0,0,0,0,0
ubt,bintrie,5,4,storage_sload_k1000,8,,1943,0,0,0.1248,20.7518,0.0038,0.2313,31.0171,0,4,0,0,0,0,0,0,0,0,0,0,4,0,0,0,0,0,0,0,0,0
ubt,bintrie,5,4,storage_sload_k1000,8,,1944,0,0,0.8496,15.1464,0.0076,0.5384,27.593,0,4,0,0,0,0,0,0,0,0,0,0,4,0,0,0,0,0,0,0,0,0
ubt,bintrie,5,4,storage_sload_k1000,8,,1945,0,0,0.089,27.5583,0.0055,0.3558,28.6229,0,4,0,0,0,0,0,0,0,0,0,0,4,0,0,0,0,0,0,0,0,0
ubt,bintrie,5,4,storage_sload_k1000,8,,1946,0,0,0.3929,13.3017,0.0029,0.1788,31.3321,0,4,0,0,0,0,0,0,0,0,0,0,4,0,0,0,0,0,0,0,0,0
ubt,bintrie,5,4,storage_sload_k1000,8,,1947,0,0,0.056,13.9401,0.0029,0.1327,14.3531,0,4,0,0,0,0,0,0,0,0,0,0,4,0,0,0,0,0,0,0,0,0
ubt,bintrie,5,4,storage_sload_k1000,8,,1948,0,0,0.0875,7.2935,0.0055,0.2301,7.9687,0,4,0,0,0,0,0,0,0,0,0,0,4,0,0,0,0,0,0,0,0,0
ubt,bintrie,5,4,storage_sload_k1000,8,,1949,0,0,0.1053,7.8086,0.0058,0.2365,8.5179,0,4,0,0,0,0,0,0,0,0,0,0,4,0,0,0,0,0,0,0,0,0
ubt,bintrie,5,4,storage_sload_k1000,8,,1950,0,0,0.0715,8.9942,0.0041,0.2494,31.8509,0,4,0,0,0,0,0,0,0,0,0,0,4,0,0,0,0,0,0,0,0,0
ubt,bintrie,5,4,storage_sload_k1000,8,,1951,0,0,0.117,10.0264,0.0044,0.224,33.1185,0,4,0,0,0,0,0,0,0,0,0,0,4,0,0,0,0,0,0,0,0,0
ubt,bintrie,5,4,storage_sload_k1000,8,,1952,0,0,0.1018,10.6669,0.0047,0.2342,33.6341,0,4,0,0,0,0,0,0,0,0,0,0,4,0,0,0,0,0,0,0,0,0
ubt,bintrie,5,4,storage_sload_k1000,8,,1953,0,0,0.1175,5.8064,0.0061,0.3447,6.8409,0,4,0,0,0,0,0,0,0,0,0,0,4,0,0,0,0,0,0,0,0,0
ubt,bintrie,5,4,storage_sload_k1000,8,,1954,0,0,0.1776,31.1364,0.0047,0.3797,32.0221,0,4,0,0,0,0,0,0,0,0,0,0,4,0,0,0,0,0,0,0,0,0
ubt,bintrie,5,4,storage_sload_k1000,8,,1955,0,0,0.0715,18.2815,0.0032,0.1149,25.7675,0,4,0,0,0,0,0,0,0,0,0,0,4,0,0,0,0,0,0,0,0,0
ubt,bintrie,5,4,storage_sload_k1000,8,,1956,0,0,0.0659,43.4916,0.0035,0.3062,44.9622,0,4,0,0,0,0,0,0,0,0,0,0,4,0,0,0,0,0,0,0,0,0
ubt,bintrie,5,4,storage_sload_k1000,8,,1957,0,0,0.0461,11.8297,0.002,0.1601,12.2167,0,4,0,0,0,0,0,0,0,0,0,0,4,0,0,0,0,0,0,0,0,0
ubt,bintrie,5,4,storage_sload_k1000,8,,1958,86880,2,0.1496,17.0565,15.9316,1.9868,35.4331,2.4519,11,0,0,0,3,0,0,0,1,158,5,6,45.45,0,0,0,0,0,0,0,0
ubt,bintrie,5,4,storage_sload_k1000,8,,1959,99900557,1,2154.9064,79.5509,1.4962,2.6293,2252.4196,44.3526,1007,5002,1001,28158,2,0,0,0,0,0,119,888,11.82,647,4355,12.93,1001,0,100,28158,0
ubt,bintrie,5,4,storage_sload_k1000,8,,1960,21000,1,0.3237,2.9067,8.1431,1.1868,25.2282,0.8324,6,0,0,0,2,0,0,0,0,0,0,6,0,0,0,0,0,0,0,0,0
ubt,bintrie,5,4,storage_sload_k1000,8,,1961,0,0,0.2815,37.0256,0.0029,0.1942,38.5553,0,4,0,0,0,0,0,0,0,0,0,0,4,0,0,0,0,0,0,0,0,0
ubt,bintrie,5,4,storage_sload_k1000,8,,1962,0,0,0.1062,15.9313,0.0041,0.1969,36.2812,0,4,0,0,0,0,0,0,0,0,0,0,4,0,0,0,0,0,0,0,0,0
ubt,bintrie,5,4,storage_sload_k1000,9,,1963,0,0,0.2045,37.1936,0.0032,0.2307,37.911,0,4,0,0,0,0,0,0,0,0,0,0,4,0,0,0,0,0,0,0,0,0
ubt,bintrie,5,4,storage_sload_k1000,9,,1964,0,0,0.3045,9.9269,0.0055,0.4034,11.338,0,4,0,0,0,0,0,0,0,0,0,0,4,0,0,0,0,0,0,0,0,0
ubt,bintrie,5,4,storage_sload_k1000,9,,1965,0,0,0.0353,3.044,0.0029,0.1181,3.4573,0,4,0,0,0,0,0,0,0,0,0,0,4,0,0,0,0,0,0,0,0,0
ubt,bintrie,5,4,storage_sload_k1000,9,,1966,0,0,0.0624,17.9079,0.0032,2.5234,20.8146,0,4,0,0,0,0,0,0,0,0,0,0,4,0,0,0,0,0,0,0,0,0
ubt,bintrie,5,4,storage_sload_k1000,9,,1967,0,0,0.1385,32.7685,0.0029,0.1511,33.4452,0,4,0,0,0,0,0,0,0,0,0,0,4,0,0,0,0,0,0,0,0,0
ubt,bintrie,5,4,storage_sload_k1000,9,,1968,0,0,0.0805,36.8969,0.0093,0.4982,37.8063,0,4,0,0,0,0,0,0,0,0,0,0,4,0,0,0,0,0,0,0,0,0
ubt,bintrie,5,4,storage_sload_k1000,9,,1969,0,0,0.1003,23.4471,0.0032,0.1295,24.0216,0,4,0,0,0,0,0,0,0,0,0,0,4,0,0,0,0,0,0,0,0,0
ubt,bintrie,5,4,storage_sload_k1000,9,,1970,0,0,0.0394,2.9866,0.002,0.1126,3.3074,0,4,0,0,0,0,0,0,0,0,0,0,4,0,0,0,0,0,0,0,0,0
ubt,bintrie,5,4,storage_sload_k1000,9,,1971,0,0,0.1794,8.8685,0.005,0.2351,28.9072,0,4,0,0,0,0,0,0,0,0,0,0,4,0,0,0,0,0,0,0,0,0
ubt,bintrie,5,4,storage_sload_k1000,9,,1972,0,0,0.1359,19.5035,0.0087,0.4419,51.0211,0,4,0,0,0,0,0,0,0,0,0,0,4,0,0,0,0,0,0,0,0,0
ubt,bintrie,5,4,storage_sload_k1000,9,,1973,0,0,0.1651,23.4275,0.0032,0.217,24.2226,0,4,0,0,0,0,0,0,0,0,0,0,4,0,0,0,0,0,0,0,0,0
ubt,bintrie,5,4,storage_sload_k1000,9,,1974,0,0,0.0817,6.6644,0.0061,0.2462,7.3373,0,4,0,0,0,0,0,0,0,0,0,0,4,0,0,0,0,0,0,0,0,0
ubt,bintrie,5,4,storage_sload_k1000,9,,1975,0,0,0.0677,22.3245,0.0079,0.2949,30.0077,0,4,0,0,0,0,0,0,0,0,0,0,4,0,0,0,0,0,0,0,0,0
ubt,bintrie,5,4,storage_sload_k1000,9,,1976,0,0,0.1307,11.8481,0.002,0.1569,12.5282,0,4,0,0,0,0,0,0,0,0,0,0,4,0,0,0,0,0,0,0,0,0
ubt,bintrie,5,4,storage_sload_k1000,9,,1977,0,0,0.0411,3.8374,0.002,0.147,4.1949,0,4,0,0,0,0,0,0,0,0,0,0,4,0,0,0,0,0,0,0,0,0
ubt,bintrie,5,4,storage_sload_k1000,9,,1978,0,0,0.0566,7.7584,0.0038,1.1071,15.3241,0,4,0,0,0,0,0,0,0,0,0,0,4,0,0,0,0,0,0,0,0,0
ubt,bintrie,5,4,storage_sload_k1000,9,,1979,0,0,0.0507,8.6947,0.0041,7.1961,18.6146,0,4,0,0,0,0,0,0,0,0,0,0,4,0,0,0,0,0,0,0,0,0
ubt,bintrie,5,4,storage_sload_k1000,9,,1980,0,0,0.0478,16.1667,0.0041,1.7759,19.1165,0,4,0,0,0,0,0,0,0,0,0,0,4,0,0,0,0,0,0,0,0,0
ubt,bintrie,5,4,storage_sload_k1000,9,,1981,0,0,0.0601,4.7721,0.0032,0.1595,5.223,0,4,0,0,0,0,0,0,0,0,0,0,4,0,0,0,0,0,0,0,0,0
ubt,bintrie,5,4,storage_sload_k1000,9,,1982,86880,2,0.3579,68.9244,6.845,2.7585,79.3168,1.0954,11,0,0,0,3,0,0,0,1,158,6,5,54.55,0,0,0,0,0,0,0,0
ubt,bintrie,5,4,storage_sload_k1000,9,,1983,99900557,1,2094.0421,83.4239,17.1399,1.1716,2196.0704,45.4906,1007,5002,1001,28158,2,0,0,0,0,0,94,913,9.33,645,4357,12.89,1001,0,100,28158,0
ubt,bintrie,5,4,storage_sload_k1000,9,,1984,21000,1,0.1983,33.1275,24.3337,1.2075,59.9637,0.3502,6,0,0,0,2,0,0,0,0,0,2,4,33.33,0,0,0,0,0,0,0,0
ubt,bintrie,5,4,storage_sload_k1000,9,,1985,0,0,0.0321,2.0606,0.002,0.1263,2.3796,0,4,0,0,0,0,0,0,0,0,0,0,4,0,0,0,0,0,0,0,0,0
ubt,bintrie,5,4,storage_sload_k1000,9,,1986,0,0,0.0726,8.0066,0.0064,0.2473,34.2738,0,4,0,0,0,0,0,0,0,0,0,0,4,0,0,0,0,0,0,0,0,0
ubt,bintrie,5,4,storage_sload_k4500,10,,2228,0,0,0.1021,19.314,0.0032,0.2564,20.0353,0,4,0,0,0,0,0,0,0,0,0,0,4,0,0,0,0,0,0,0,0,0
ubt,bintrie,5,4,storage_sload_k4500,10,,2229,0,0,0.035,5.1367,0.0026,0.1689,5.6156,0,4,0,0,0,0,0,0,0,0,0,0,4,0,0,0,0,0,0,0,0,0
ubt,bintrie,5,4,storage_sload_k4500,10,,2230,0,0,0.1111,3.8919,0.0044,0.3867,4.7336,0,4,0,0,0,0,0,0,0,0,0,0,4,0,0,0,0,0,0,0,0,0
ubt,bintrie,5,4,storage_sload_k4500,10,,2231,0,0,0.0484,6.8219,0.0035,0.3564,7.4504,0,4,0,0,0,0,0,0,0,0,0,0,4,0,0,0,0,0,0,0,0,0
ubt,bintrie,5,4,storage_sload_k4500,10,,2232,0,0,0.0805,6.6108,0.0067,1.9562,22.6433,0,4,0,0,0,0,0,0,0,0,0,0,4,0,0,0,0,0,0,0,0,0
ubt,bintrie,5,4,storage_sload_k4500,10,,2233,0,0,0.058,13.4852,0.0044,3.8867,26.212,0,4,0,0,0,0,0,0,0,0,0,0,4,0,0,0,0,0,0,0,0,0
ubt,bintrie,5,4,storage_sload_k4500,10,,2234,0,0,0.0265,1.528,0.0015,0.1178,1.8398,0,4,0,0,0,0,0,0,0,0,0,0,4,0,0,0,0,0,0,0,0,0
ubt,bintrie,5,4,storage_sload_k4500,10,,2235,0,0,0.3229,12.5831,0.0064,0.2657,14.2406,0,4,0,0,0,0,0,0,0,0,0,0,4,0,0,0,0,0,0,0,0,0
ubt,bintrie,5,4,storage_sload_k4500,10,,2236,0,0,0.189,6.3418,0.0085,0.4034,7.4857,0,4,0,0,0,0,0,0,0,0,0,0,4,0,0,0,0,0,0,0,0,0
ubt,bintrie,5,4,storage_sload_k4500,10,,2237,0,0,0.0863,16.6902,0.0047,0.1846,37.3668,0,4,0,0,0,0,0,0,0,0,0,0,4,0,0,0,0,0,0,0,0,0
ubt,bintrie,5,4,storage_sload_k4500,10,,2238,0,0,0.0808,7.1273,0.0035,0.2368,7.7733,0,4,0,0,0,0,0,0,0,0,0,0,4,0,0,0,0,0,0,0,0,0
ubt,bintrie,5,4,storage_sload_k4500,10,,2239,0,0,0.1304,20.9324,0.0047,0.2395,36.2752,0,4,0,0,0,0,0,0,0,0,0,0,4,0,0,0,0,0,0,0,0,0
ubt,bintrie,5,4,storage_sload_k4500,10,,2240,0,0,0.0656,45.8086,0.0029,0.1651,46.2931,0,4,0,0,0,0,0,0,0,0,0,0,4,0,0,0,0,0,0,0,0,0
ubt,bintrie,5,4,storage_sload_k4500,10,,2241,0,0,0.0324,1.7949,0.0029,0.1024,2.0953,0,4,0,0,0,0,0,0,0,0,0,0,4,0,0,0,0,0,0,0,0,0
ubt,bintrie,5,4,storage_sload_k4500,10,,2242,0,0,0.1,24.9806,0.0032,0.2132,25.6567,0,4,0,0,0,0,0,0,0,0,0,0,4,0,0,0,0,0,0,0,0,0
ubt,bintrie,5,4,storage_sload_k4500,10,,2243,0,0,0.0881,4.8768,0.0026,0.1327,5.3992,0,4,0,0,0,0,0,0,0,0,0,0,4,0,0,0,0,0,0,0,0,0
ubt,bintrie,5,4,storage_sload_k4500,10,,2244,0,0,0.0604,7.9113,0.0038,2.013,12.2806,0,4,0,0,0,0,0,0,0,0,0,0,4,0,0,0,0,0,0,0,0,0
ubt,bintrie,5,4,storage_sload_k4500,10,,2245,0,0,0.0542,11.4858,0.0047,0.1552,25.4558,0,4,0,0,0,0,0,0,0,0,0,0,4,0,0,0,0,0,0,0,0,0
ubt,bintrie,5,4,storage_sload_k4500,10,,2246,0,0,0.0563,7.8188,0.002,0.2091,8.2933,0,4,0,0,0,0,0,0,0,0,0,0,4,0,0,0,0,0,0,0,0,0
ubt,bintrie,5,4,storage_sload_k4500,10,,2247,86924,2,1.7243,22.26,27.9996,2.8516,58.1447,1.495,11,0,0,0,3,0,0,0,1,160,4,7,36.36,0,0,0,0,0,0,0,0
ubt,bintrie,5,4,storage_sload_k4500,10,,2248,99900025,1,1738.444,164.3385,46.7172,2.7518,1952.6447,51.1614,4507,5002,4501,126160,2,0,0,0,0,0,1352,3155,30.0,1628,3374,32.55,4501,0,100,126160,0
ubt,bintrie,5,4,storage_sload_k4500,10,,2249,0,0,0.093,8.7399,0.0044,0.6078,9.7618,0,4,0,0,0,0,0,0,0,0,0,0,4,0,0,0,0,0,0,0,0,0
ubt,bintrie,5,4,storage_sload_k4500,10,,2250,21000,1,0.124,26.2228,6.2701,0.6615,39.598,0.5303,6,0,0,0,2,0,0,0,0,0,0,6,0,0,0,0,0,0,0,0,0
ubt,bintrie,5,4,storage_sload_k4500,10,,2251,0,0,0.0834,30.1103,0.0055,0.4007,31.0469,0,4,0,0,0,0,0,0,0,0,0,0,4,0,0,0,0,0,0,0,0,0
ubt,bintrie,5,4,storage_sload_k4500,10,,2252,0,0,0.0892,19.7766,0.0055,0.2692,20.5083,0,4,0,0,0,0,0,0,0,0,0,0,4,0,0,0,0,0,0,0,0,0
ubt,bintrie,5,4,storage_sload_k4500,1,,2012,0,0,0.0738,50.0782,0.0032,0.2027,50.6163,0,4,0,0,0,0,0,0,0,0,0,0,4,0,0,0,0,0,0,0,0,0
ubt,bintrie,5,4,storage_sload_k4500,1,,2013,0,0,4.1926,25.8407,0.0047,0.3045,30.7803,0,4,0,0,0,0,0,0,0,0,0,0,4,0,0,0,0,0,0,0,0,0
ubt,bintrie,5,4,storage_sload_k4500,1,,2014,0,0,0.0432,3.051,0.0026,0.1502,3.4658,0,4,0,0,0,0,0,0,0,0,0,0,4,0,0,0,0,0,0,0,0,0
ubt,bintrie,5,4,storage_sload_k4500,1,,2015,0,0,0.0548,15.3317,0.0032,0.1511,15.7662,0,4,0,0,0,0,0,0,0,0,0,0,4,0,0,0,0,0,0,0,0,0
ubt,bintrie,5,4,storage_sload_k4500,1,,2016,0,0,0.0542,8.3473,0.0073,5.2111,13.9699,0,4,0,0,0,0,0,0,0,0,0,0,4,0,0,0,0,0,0,0,0,0
ubt,bintrie,5,4,storage_sload_k4500,1,,2017,0,0,0.1476,34.7821,0.0038,0.2322,35.429,0,4,0,0,0,0,0,0,0,0,0,0,4,0,0,0,0,0,0,0,0,0
ubt,bintrie,5,4,storage_sload_k4500,1,,2018,0,0,0.3334,7.8095,0.0047,0.1703,30.6735,0,4,0,0,0,0,0,0,0,0,0,0,4,0,0,0,0,0,0,0,0,0
ubt,bintrie,5,4,storage_sload_k4500,1,,2019,0,0,0.0502,30.0085,0.0038,0.3573,30.7914,0,4,0,0,0,0,0,0,0,0,0,0,4,0,0,0,0,0,0,0,0,0
ubt,bintrie,5,4,storage_sload_k4500,1,,2020,0,0,0.1137,15.3602,0.0047,0.2736,16.4432,0,4,0,0,0,0,0,0,0,0,0,0,4,0,0,0,0,0,0,0,0,0
ubt,bintrie,5,4,storage_sload_k4500,1,,2021,0,0,0.0391,3.6822,0.0023,0.1482,4.0876,0,4,0,0,0,0,0,0,0,0,0,0,4,0,0,0,0,0,0,0,0,0
ubt,bintrie,5,4,storage_sload_k4500,1,,2022,0,0,0.0703,11.886,0.0029,0.1292,12.334,0,4,0,0,0,0,0,0,0,0,0,0,4,0,0,0,0,0,0,0,0,0
ubt,bintrie,5,4,storage_sload_k4500,1,,2023,0,0,0.0942,7.1022,0.0053,0.259,7.9349,0,4,0,0,0,0,0,0,0,0,0,0,4,0,0,0,0,0,0,0,0,0
ubt,bintrie,5,4,storage_sload_k4500,1,,2024,0,0,0.0321,1.6712,0.0015,0.1205,1.9705,0,4,0,0,0,0,0,0,0,0,0,0,4,0,0,0,0,0,0,0,0,0
ubt,bintrie,5,4,storage_sload_k4500,1,,2025,0,0,0.0542,6.9444,0.0026,0.1435,7.3629,0,4,0,0,0,0,0,0,0,0,0,0,4,0,0,0,0,0,0,0,0,0
ubt,bintrie,5,4,storage_sload_k4500,1,,2026,0,0,0.0341,3.4002,0.0018,0.1161,3.6927,0,4,0,0,0,0,0,0,0,0,0,0,4,0,0,0,0,0,0,0,0,0
ubt,bintrie,5,4,storage_sload_k4500,1,,2027,0,0,0.0639,3.1248,0.0029,0.2438,3.5938,0,4,0,0,0,0,0,0,0,0,0,0,4,0,0,0,0,0,0,0,0,0
ubt,bintrie,5,4,storage_sload_k4500,1,,2028,0,0,0.0662,23.5926,0.0029,0.1896,24.0634,0,4,0,0,0,0,0,0,0,0,0,0,4,0,0,0,0,0,0,0,0,0
ubt,bintrie,5,4,storage_sload_k4500,1,,2029,0,0,0.0659,16.7704,0.0053,2.7576,20.9012,0,4,0,0,0,0,0,0,0,0,0,0,4,0,0,0,0,0,0,0,0,0
ubt,bintrie,5,4,storage_sload_k4500,1,,2030,0,0,0.0505,12.0622,0.005,0.226,35.9607,0,4,0,0,0,0,0,0,0,0,0,0,4,0,0,0,0,0,0,0,0,0
ubt,bintrie,5,4,storage_sload_k4500,1,,2031,86924,2,0.1604,12.7543,14.884,1.9019,30.1567,2.8824,11,0,0,0,3,0,0,0,1,160,6,5,54.55,0,0,0,0,0,0,0,0
ubt,bintrie,5,4,storage_sload_k4500,1,,2032,99900025,1,1894.5707,92.8375,27.001,5.8618,2020.5804,49.4413,4507,5002,4501,126160,2,0,0,0,0,0,2113,2394,46.88,2191,2811,43.8,4501,0,100,126160,0
ubt,bintrie,5,4,storage_sload_k4500,1,,2033,21000,1,0.4031,37.067,10.9454,0.8376,49.7335,0.4223,6,0,0,0,2,0,0,0,0,0,2,4,33.33,0,0,0,0,0,0,0,0
ubt,bintrie,5,4,storage_sload_k4500,1,,2034,0,0,0.0519,9.6271,0.0111,0.5924,34.5033,0,4,0,0,0,0,0,0,0,0,0,0,4,0,0,0,0,0,0,0,0,0
ubt,bintrie,5,4,storage_sload_k4500,2,,2035,0,0,0.4544,21.3086,0.0023,0.6449,25.3108,0,4,0,0,0,0,0,0,0,0,0,0,4,0,0,0,0,0,0,0,0,0
ubt,bintrie,5,4,storage_sload_k4500,2,,2036,0,0,0.091,5.2452,0.0026,0.1762,5.8157,0,4,0,0,0,0,0,0,0,0,0,0,4,0,0,0,0,0,0,0,0,0
ubt,bintrie,5,4,storage_sload_k4500,2,,2037,0,0,0.2193,16.7057,0.0099,0.646,18.2509,0,4,0,0,0,0,0,0,0,0,0,0,4,0,0,0,0,0,0,0,0,0
ubt,bintrie,5,4,storage_sload_k4500,2,,2038,0,0,0.0455,41.513,0.0023,0.1129,41.8339,0,4,0,0,0,0,0,0,0,0,0,0,4,0,0,0,0,0,0,0,0,0
ubt,bintrie,5,4,storage_sload_k4500,2,,2039,0,0,0.3792,22.0827,0.0067,0.4235,24.7152,0,4,0,0,0,0,0,0,0,0,0,0,4,0,0,0,0,0,0,0,0,0
ubt,bintrie,5,4,storage_sload_k4500,2,,2040,0,0,0.0513,43.1848,0.0029,0.154,43.6422,0,4,0,0,0,0,0,0,0,0,0,0,4,0,0,0,0,0,0,0,0,0
ubt,bintrie,5,4,storage_sload_k4500,2,,2041,0,0,0.2406,14.1017,0.0055,0.6597,15.4959,0,4,0,0,0,0,0,0,0,0,0,0,4,0,0,0,0,0,0,0,0,0
ubt,bintrie,5,4,storage_sload_k4500,2,,2042,0,0,0.119,44.9176,0.0058,0.4944,45.9871,0,4,0,0,0,0,0,0,0,0,0,0,4,0,0,0,0,0,0,0,0,0
ubt,bintrie,5,4,storage_sload_k4500,2,,2043,0,0,0.4384,29.2765,0.002,0.1254,30.0071,0,4,0,0,0,0,0,0,0,0,0,0,4,0,0,0,0,0,0,0,0,0
ubt,bintrie,5,4,storage_sload_k4500,2,,2044,0,0,0.0904,24.0625,0.0035,0.1957,25.1352,0,4,0,0,0,0,0,0,0,0,0,0,4,0,0,0,0,0,0,0,0,0
ubt,bintrie,5,4,storage_sload_k4500,2,,2045,0,0,0.0773,14.1682,0.0055,0.2762,14.9079,0,4,0,0,0,0,0,0,0,0,0,0,4,0,0,0,0,0,0,0,0,0
ubt,bintrie,5,4,storage_sload_k4500,2,,2046,0,0,0.0817,12.1196,0.0047,0.3465,12.8657,0,4,0,0,0,0,0,0,0,0,0,0,4,0,0,0,0,0,0,0,0,0
ubt,bintrie,5,4,storage_sload_k4500,2,,2047,0,0,0.0502,25.5663,0.0085,0.653,33.8628,0,4,0,0,0,0,0,0,0,0,0,0,4,0,0,0,0,0,0,0,0,0
ubt,bintrie,5,4,storage_sload_k4500,2,,2048,0,0,0.1826,6.5098,0.009,0.4882,7.8208,0,4,0,0,0,0,0,0,0,0,0,0,4,0,0,0,0,0,0,0,0,0
ubt,bintrie,5,4,storage_sload_k4500,2,,2049,0,0,0.0817,13.0917,0.0041,0.2217,31.4712,0,4,0,0,0,0,0,0,0,0,0,0,4,0,0,0,0,0,0,0,0,0
ubt,bintrie,5,4,storage_sload_k4500,2,,2050,0,0,0.058,2.4785,0.0035,0.2675,3.0146,0,4,0,0,0,0,0,0,0,0,0,0,4,0,0,0,0,0,0,0,0,0
ubt,bintrie,5,4,storage_sload_k4500,2,,2051,0,0,0.0542,12.8173,0.0038,0.6632,14.0729,0,4,0,0,0,0,0,0,0,0,0,0,4,0,0,0,0,0,0,0,0,0
ubt,bintrie,5,4,storage_sload_k4500,2,,2052,0,0,0.068,22.4525,0.0044,0.1651,23.4544,0,4,0,0,0,0,0,0,0,0,0,0,4,0,0,0,0,0,0,0,0,0
ubt,bintrie,5,4,storage_sload_k4500,2,,2053,0,0,0.0782,26.8852,0.0029,1.2054,28.6777,0,4,0,0,0,0,0,0,0,0,0,0,4,0,0,0,0,0,0,0,0,0
ubt,bintrie,5,4,storage_sload_k4500,2,,2054,86924,2,0.2453,48.2507,17.3841,8.632,74.8459,1.1614,11,0,0,0,3,0,0,0,1,160,5,6,45.45,0,0,0,0,0,0,0,0
ubt,bintrie,5,4,storage_sload_k4500,2,,2055,99900025,1,1803.5182,166.5016,18.9835,2.3452,1991.7161,50.1578,4507,5002,4501,126160,2,0,0,0,0,0,1538,2969,34.12,1631,3371,32.61,4501,0,100,126160,0
ubt,bintrie,5,4,storage_sload_k4500,2,,2056,21000,1,0.2021,5.7716,32.5291,2.5124,45.0494,0.4662,6,0,0,0,2,0,0,0,0,0,2,4,33.33,0,0,0,0,0,0,0,0
ubt,bintrie,5,4,storage_sload_k4500,2,,2057,0,0,0.0537,12.4582,0.0032,0.1972,12.9371,0,4,0,0,0,0,0,0,0,0,0,0,4,0,0,0,0,0,0,0,0,0
ubt,bintrie,5,4,storage_sload_k4500,3,,2058,0,0,0.0682,16.5234,0.005,0.6466,17.5634,0,4,0,0,0,0,0,0,0,0,0,0,4,0,0,0,0,0,0,0,0,0
ubt,bintrie,5,4,storage_sload_k4500,3,,2059,0,0,0.0942,12.0312,0.0026,0.1525,12.8444,0,4,0,0,0,0,0,0,0,0,0,0,4,0,0,0,0,0,0,0,0,0
ubt,bintrie,5,4,storage_sload_k4500,3,,2060,0,0,0.0391,3.5028,0.0032,0.1852,3.98,0,4,0,0,0,0,0,0,0,0,0,0,4,0,0,0,0,0,0,0,0,0
ubt,bintrie,5,4,storage_sload_k4500,3,,2061,0,0,0.0624,13.9862,0.0023,0.1741,14.389,0,4,0,0,0,0,0,0,0,0,0,0,4,0,0,0,0,0,0,0,0,0
ubt,bintrie,5,4,storage_sload_k4500,3,,2062,0,0,0.1432,7.6281,0.0032,0.1858,11.6387,0,4,0,0,0,0,0,0,0,0,0,0,4,0,0,0,0,0,0,0,0,0
ubt,bintrie,5,4,storage_sload_k4500,3,,2063,0,0,0.0487,27.5528,0.002,0.1152,27.8683,0,4,0,0,0,0,0,0,0,0,0,0,4,0,0,0,0,0,0,0,0,0
ubt,bintrie,5,4,storage_sload_k4500,3,,2064,0,0,0.0271,1.605,0.0015,0.105,1.876,0,4,0,0,0,0,0,0,0,0,0,0,4,0,0,0,0,0,0,0,0,0
ubt,bintrie,5,4,storage_sload_k4500,3,,2065,0,0,0.0432,25.4412,0.0029,0.1762,25.8929,0,4,0,0,0,0,0,0,0,0,0,0,4,0,0,0,0,0,0,0,0,0
ubt,bintrie,5,4,storage_sload_k4500,3,,2066,0,0,0.1269,5.4908,0.0044,0.3249,6.4258,0,4,0,0,0,0,0,0,0,0,0,0,4,0,0,0,0,0,0,0,0,0
ubt,bintrie,5,4,storage_sload_k4500,3,,2067,0,0,0.0787,7.5651,0.0044,0.2333,8.4059,0,4,0,0,0,0,0,0,0,0,0,0,4,0,0,0,0,0,0,0,0,0
ubt,bintrie,5,4,storage_sload_k4500,3,,2068,0,0,0.0353,2.2869,0.0023,0.156,2.6351,0,4,0,0,0,0,0,0,0,0,0,0,4,0,0,0,0,0,0,0,0,0
ubt,bintrie,5,4,storage_sload_k4500,3,,2069,0,0,0.1152,15.0476,0.0082,0.3444,29.3733,0,4,0,0,0,0,0,0,0,0,0,0,4,0,0,0,0,0,0,0,0,0
ubt,bintrie,5,4,storage_sload_k4500,3,,2070,0,0,0.0758,5.1568,0.0038,0.2342,5.8096,0,4,0,0,0,0,0,0,0,0,0,0,4,0,0,0,0,0,0,0,0,0
ubt,bintrie,5,4,storage_sload_k4500,3,,2071,0,0,0.1199,12.5612,0.0044,0.2397,33.8468,0,4,0,0,0,0,0,0,0,0,0,0,4,0,0,0,0,0,0,0,0,0
ubt,bintrie,5,4,storage_sload_k4500,3,,2072,0,0,0.0572,4.8267,0.0044,0.243,5.4152,0,4,0,0,0,0,0,0,0,0,0,0,4,0,0,0,0,0,0,0,0,0
ubt,bintrie,5,4,storage_sload_k4500,3,,2073,0,0,0.1018,26.8262,0.005,0.3494,33.4073,0,4,0,0,0,0,0,0,0,0,0,0,4,0,0,0,0,0,0,0,0,0
ubt,bintrie,5,4,storage_sload_k4500,3,,2074,0,0,0.2097,8.1355,0.0044,0.1517,25.2247,0,4,0,0,0,0,0,0,0,0,0,0,4,0,0,0,0,0,0,0,0,0
ubt,bintrie,5,4,storage_sload_k4500,3,,2075,0,0,0.0636,23.702,0.0032,0.2508,24.2559,0,4,0,0,0,0,0,0,0,0,0,0,4,0,0,0,0,0,0,0,0,0
ubt,bintrie,5,4,storage_sload_k4500,3,,2076,0,0,0.0429,11.0134,0.0023,0.1522,11.4193,0,4,0,0,0,0,0,0,0,0,0,0,4,0,0,0,0,0,0,0,0,0
ubt,bintrie,5,4,storage_sload_k4500,3,,2077,86924,2,0.2759,2.9064,25.6818,2.2671,33.442,2.5992,11,0,0,0,3,0,0,0,1,160,7,4,63.64,0,0,0,0,0,0,0,0
ubt,bintrie,5,4,storage_sload_k4500,3,,2078,99900025,1,1829.7603,103.7205,25.3347,19.5374,1978.6417,50.4892,4507,5002,4501,126160,2,0,0,0,0,0,2491,2016,55.27,2843,2159,56.84,4501,0,100,126160,0
ubt,bintrie,5,4,storage_sload_k4500,3,,2079,21000,1,0.0974,26.9525,5.242,1.1728,34.6591,0.6059,6,0,0,0,2,0,0,0,0,0,2,4,33.33,0,0,0,0,0,0,0,0
ubt,bintrie,5,4,storage_sload_k4500,3,,2080,0,0,0.1905,9.4527,0.0041,0.1916,32.2088,0,4,0,0,0,0,0,0,0,0,0,0,4,0,0,0,0,0,0,0,0,0
ubt,bintrie,5,4,storage_sload_k4500,3,,2081,0,0,0.4296,15.7744,0.0055,0.3503,17.8169,0,4,0,0,0,0,0,0,0,0,0,0,4,0,0,0,0,0,0,0,0,0
ubt,bintrie,5,4,storage_sload_k4500,4,,2082,0,0,0.0572,41.5685,0.0032,0.2103,42.0649,0,4,0,0,0,0,0,0,0,0,0,0,4,0,0,0,0,0,0,0,0,0
ubt,bintrie,5,4,storage_sload_k4500,4,,2083,0,0,0.0411,2.1227,0.0029,0.1531,2.4992,0,4,0,0,0,0,0,0,0,0,0,0,4,0,0,0,0,0,0,0,0,0
ubt,bintrie,5,4,storage_sload_k4500,4,,2084,0,0,0.0688,34.3511,0.0055,0.3969,35.208,0,4,0,0,0,0,0,0,0,0,0,0,4,0,0,0,0,0,0,0,0,0
ubt,bintrie,5,4,storage_sload_k4500,4,,2085,0,0,0.0414,4.4889,0.0073,2.4467,10.2562,0,4,0,0,0,0,0,0,0,0,0,0,4,0,0,0,0,0,0,0,0,0
ubt,bintrie,5,4,storage_sload_k4500,4,,2086,0,0,0.0697,21.4308,0.0032,0.2721,23.9289,0,4,0,0,0,0,0,0,0,0,0,0,4,0,0,0,0,0,0,0,0,0
ubt,bintrie,5,4,storage_sload_k4500,4,,2087,0,0,0.2972,27.6858,0.005,0.1776,29.8283,0,4,0,0,0,0,0,0,0,0,0,0,4,0,0,0,0,0,0,0,0,0
ubt,bintrie,5,4,storage_sload_k4500,4,,2088,0,0,0.0405,1.8182,0.002,0.1149,2.1253,0,4,0,0,0,0,0,0,0,0,0,0,4,0,0,0,0,0,0,0,0,0
ubt,bintrie,5,4,storage_sload_k4500,4,,2089,0,0,0.2619,7.7742,0.0073,0.3745,30.9944,0,4,0,0,0,0,0,0,0,0,0,0,4,0,0,0,0,0,0,0,0,0
ubt,bintrie,5,4,storage_sload_k4500,4,,2090,0,0,0.0295,2.2767,0.0018,0.1321,2.5736,0,4,0,0,0,0,0,0,0,0,0,0,4,0,0,0,0,0,0,0,0,0
ubt,bintrie,5,4,storage_sload_k4500,4,,2091,0,0,0.1269,24.0844,0.0085,0.3934,29.0577,0,4,0,0,0,0,0,0,0,0,0,0,4,0,0,0,0,0,0,0,0,0
ubt,bintrie,5,4,storage_sload_k4500,4,,2092,0,0,0.0318,1.5974,0.0015,0.121,1.8987,0,4,0,0,0,0,0,0,0,0,0,0,4,0,0,0,0,0,0,0,0,0
ubt,bintrie,5,4,storage_sload_k4500,4,,2093,0,0,0.0866,34.7807,0.0038,0.1948,35.3465,0,4,0,0,0,0,0,0,0,0,0,0,4,0,0,0,0,0,0,0,0,0
ubt,bintrie,5,4,storage_sload_k4500,4,,2094,0,0,0.0624,6.9278,0.005,0.2613,7.8812,0,4,0,0,0,0,0,0,0,0,0,0,4,0,0,0,0,0,0,0,0,0
ubt,bintrie,5,4,storage_sload_k4500,4,,2095,0,0,0.1073,3.6752,0.0041,0.3077,4.4732,0,4,0,0,0,0,0,0,0,0,0,0,4,0,0,0,0,0,0,0,0,0
ubt,bintrie,5,4,storage_sload_k4500,4,,2096,0,0,0.0537,8.2995,0.0026,0.152,8.7171,0,4,0,0,0,0,0,0,0,0,0,0,4,0,0,0,0,0,0,0,0,0
ubt,bintrie,5,4,storage_sload_k4500,4,,2097,0,0,0.079,14.0244,0.0032,0.17,14.5588,0,4,0,0,0,0,0,0,0,0,0,0,4,0,0,0,0,0,0,0,0,0
ubt,bintrie,5,4,storage_sload_k4500,4,,2098,0,0,4.1363,7.8369,0.0035,0.2313,14.9505,0,4,0,0,0,0,0,0,0,0,0,0,4,0,0,0,0,0,0,0,0,0
ubt,bintrie,5,4,storage_sload_k4500,4,,2099,0,0,0.0572,8.3155,0.0035,0.18,8.7906,0,4,0,0,0,0,0,0,0,0,0,0,4,0,0,0,0,0,0,0,0,0
ubt,bintrie,5,4,storage_sload_k4500,4,,2100,0,0,0.0458,18.0631,0.0047,0.1773,30.1719,0,4,0,0,0,0,0,0,0,0,0,0,4,0,0,0,0,0,0,0,0,0
ubt,bintrie,5,4,storage_sload_k4500,4,,2101,86924,2,0.1692,1.9276,30.411,2.9533,36.4213,2.3866,11,0,0,0,3,0,0,0,1,160,6,5,54.55,0,0,0,0,0,0,0,0
ubt,bintrie,5,4,storage_sload_k4500,4,,2102,99900025,1,1780.3399,180.2143,12.7426,2.2408,1987.9181,50.2536,4507,5002,4501,126160,2,0,0,0,0,0,744,3763,16.51,859,4143,17.17,4501,0,100,126160,0
ubt,bintrie,5,4,storage_sload_k4500,4,,2103,21000,1,0.5754,36.0103,6.1531,0.7079,43.921,0.4781,6,0,0,0,2,0,0,0,0,0,2,4,33.33,0,0,0,0,0,0,0,0
ubt,bintrie,5,4,storage_sload_k4500,4,,2104,0,0,0.0642,9.3608,0.005,0.2537,30.071,0,4,0,0,0,0,0,0,0,0,0,0,4,0,0,0,0,0,0,0,0,0
ubt,bintrie,5,4,storage_sload_k4500,4,,2105,0,0,0.18,27.3224,0.0029,0.1934,28.2335,0,4,0,0,0,0,0,0,0,0,0,0,4,0,0,0,0,0,0,0,0,0
ubt,bintrie,5,4,storage_sload_k4500,5,,2106,0,0,0.0473,11.562,0.0044,0.1835,12.0021,0,4,0,0,0,0,0,0,0,0,0,0,4,0,0,0,0,0,0,0,0,0
ubt,bintrie,5,4,storage_sload_k4500,5,,2107,0,0,13.314,15.0277,0.0023,0.1482,28.7506,0,4,0,0,0,0,0,0,0,0,0,0,4,0,0,0,0,0,0,0,0,0
ubt,bintrie,5,4,storage_sload_k4500,5,,2108,0,0,0.0388,3.3345,0.0026,0.1377,3.6895,0,4,0,0,0,0,0,0,0,0,0,0,4,0,0,0,0,0,0,0,0,0
ubt,bintrie,5,4,storage_sload_k4500,5,,2109,0,0,1.2903,15.1555,0.0079,0.5731,20.7804,0,4,0,0,0,0,0,0,0,0,0,0,4,0,0,0,0,0,0,0,0,0
ubt,bintrie,5,4,storage_sload_k4500,5,,2110,0,0,0.0822,32.7682,0.0026,0.2476,34.4771,0,4,0,0,0,0,0,0,0,0,0,0,4,0,0,0,0,0,0,0,0,0
ubt,bintrie,5,4,storage_sload_k4500,5,,2111,0,0,0.1114,7.75,0.0035,0.744,9.1887,0,4,0,0,0,0,0,0,0,0,0,0,4,0,0,0,0,0,0,0,0,0
ubt,bintrie,5,4,storage_sload_k4500,5,,2112,0,0,0.0598,6.2412,0.0026,0.2637,6.9642,0,4,0,0,0,0,0,0,0,0,0,0,4,0,0,0,0,0,0,0,0,0
ubt,bintrie,5,4,storage_sload_k4500,5,,2113,0,0,0.0572,12.3089,0.0038,0.1732,12.9118,0,4,0,0,0,0,0,0,0,0,0,0,4,0,0,0,0,0,0,0,0,0
ubt,bintrie,5,4,storage_sload_k4500,5,,2114,0,0,0.1324,41.2511,0.0041,0.3908,42.2442,0,4,0,0,0,0,0,0,0,0,0,0,4,0,0,0,0,0,0,0,0,0
ubt,bintrie,5,4,storage_sload_k4500,5,,2115,0,0,0.0341,4.5808,0.002,0.1756,5.5748,0,4,0,0,0,0,0,0,0,0,0,0,4,0,0,0,0,0,0,0,0,0
ubt,bintrie,5,4,storage_sload_k4500,5,,2116,0,0,0.0341,3.0408,0.0023,0.1767,3.42,0,4,0,0,0,0,0,0,0,0,0,0,4,0,0,0,0,0,0,0,0,0
ubt,bintrie,5,4,storage_sload_k4500,5,,2117,0,0,0.0507,6.7808,0.0053,0.2196,33.264,0,4,0,0,0,0,0,0,0,0,0,0,4,0,0,0,0,0,0,0,0,0
ubt,bintrie,5,4,storage_sload_k4500,5,,2118,0,0,0.1957,9.4839,0.0079,0.4343,10.6701,0,4,0,0,0,0,0,0,0,0,0,0,4,0,0,0,0,0,0,0,0,0
ubt,bintrie,5,4,storage_sload_k4500,5,,2119,0,0,0.1161,17.3835,0.0076,0.4238,36.8494,0,4,0,0,0,0,0,0,0,0,0,0,4,0,0,0,0,0,0,0,0,0
ubt,bintrie,5,4,storage_sload_k4500,5,,2120,0,0,0.0971,3.9012,0.005,0.3083,4.7435,0,4,0,0,0,0,0,0,0,0,0,0,4,0,0,0,0,0,0,0,0,0
ubt,bintrie,5,4,storage_sload_k4500,5,,2121,0,0,0.1878,26.3453,0.0073,0.4457,27.691,0,4,0,0,0,0,0,0,0,0,0,0,4,0,0,0,0,0,0,0,0,0
ubt,bintrie,5,4,storage_sload_k4500,5,,2122,0,0,0.1,32.9983,0.0026,2.3642,35.7502,0,4,0,0,0,0,0,0,0,0,0,0,4,0,0,0,0,0,0,0,0,0
ubt,bintrie,5,4,storage_sload_k4500,5,,2123,0,0,0.0639,13.9282,0.0044,0.268,28.3274,0,4,0,0,0,0,0,0,0,0,0,0,4,0,0,0,0,0,0,0,0,0
ubt,bintrie,5,4,storage_sload_k4500,5,,2124,0,0,0.0577,15.9824,0.0038,1.4005,17.9487,0,4,0,0,0,0,0,0,0,0,0,0,4,0,0,0,0,0,0,0,0,0
ubt,bintrie,5,4,storage_sload_k4500,5,,2125,86924,2,0.3287,6.187,34.0072,2.7489,43.844,1.9826,11,0,0,0,3,0,0,0,1,160,5,6,45.45,0,0,0,0,0,0,0,0
ubt,bintrie,5,4,storage_sload_k4500,5,,2126,99900025,1,1778.9453,144.5482,42.3329,15.7123,1982.4279,50.3928,4507,5002,4501,126160,2,0,0,0,0,0,2546,1961,56.49,2960,2042,59.18,4501,0,100,126160,0
ubt,bintrie,5,4,storage_sload_k4500,5,,2127,21000,1,0.1242,16.3994,18.3821,0.7545,36.0097,0.5832,6,0,0,0,2,0,0,0,0,0,2,4,33.33,0,0,0,0,0,0,0,0
ubt,bintrie,5,4,storage_sload_k4500,5,,2128,0,0,0.2435,7.4146,0.0117,0.7251,9.1441,0,4,0,0,0,0,0,0,0,0,0,0,4,0,0,0,0,0,0,0,0,0
ubt,bintrie,5,4,storage_sload_k4500,5,,2129,0,0,0.0505,28.832,0.0023,0.1977,29.2718,0,4,0,0,0,0,0,0,0,0,0,0,4,0,0,0,0,0,0,0,0,0
ubt,bintrie,5,4,storage_sload_k4500,6,,2130,0,0,0.1032,23.5635,0.0047,0.2972,24.3722,0,4,0,0,0,0,0,0,0,0,0,0,4,0,0,0,0,0,0,0,0,0
ubt,bintrie,5,4,storage_sload_k4500,6,,2131,0,0,0.0773,18.4171,0.0032,0.2039,18.9873,0,4,0,0,0,0,0,0,0,0,0,0,4,0,0,0,0,0,0,0,0,0
ubt,bintrie,5,4,storage_sload_k4500,6,,2132,0,0,0.0402,13.2393,0.0029,0.2115,13.7427,0,4,0,0,0,0,0,0,0,0,0,0,4,0,0,0,0,0,0,0,0,0
ubt,bintrie,5,4,storage_sload_k4500,6,,2133,0,0,0.0633,15.4819,0.0038,0.5299,16.7771,0,4,0,0,0,0,0,0,0,0,0,0,4,0,0,0,0,0,0,0,0,0
ubt,bintrie,5,4,storage_sload_k4500,6,,2134,0,0,0.1362,40.3047,0.0032,1.4501,43.5622,0,4,0,0,0,0,0,0,0,0,0,0,4,0,0,0,0,0,0,0,0,0
ubt,bintrie,5,4,storage_sload_k4500,6,,2135,0,0,0.0508,34.9073,0.0023,0.1452,35.2914,0,4,0,0,0,0,0,0,0,0,0,0,4,0,0,0,0,0,0,0,0,0
ubt,bintrie,5,4,storage_sload_k4500,6,,2136,0,0,0.0583,18.9707,0.0061,0.4474,22.7069,0,4,0,0,0,0,0,0,0,0,0,0,4,0,0,0,0,0,0,0,0,0
ubt,bintrie,5,4,storage_sload_k4500,6,,2137,0,0,0.0405,3.0621,0.0023,0.1178,3.3646,0,4,0,0,0,0,0,0,0,0,0,0,4,0,0,0,0,0,0,0,0,0
ubt,bintrie,5,4,storage_sload_k4500,6,,2138,0,0,0.1514,24.9042,0.007,0.4722,34.9808,0,4,0,0,0,0,0,0,0,0,0,0,4,0,0,0,0,0,0,0,0,0
ubt,bintrie,5,4,storage_sload_k4500,6,,2139,0,0,0.2333,11.9408,0.0032,0.1327,13.0833,0,4,0,0,0,0,0,0,0,0,0,0,4,0,0,0,0,0,0,0,0,0
ubt,bintrie,5,4,storage_sload_k4500,6,,2140,0,0,0.1269,30.5102,0.0061,0.3153,31.4409,0,4,0,0,0,0,0,0,0,0,0,0,4,0,0,0,0,0,0,0,0,0
ubt,bintrie,5,4,storage_sload_k4500,6,,2141,0,0,0.1187,20.5815,0.0061,0.6332,21.7747,0,4,0,0,0,0,0,0,0,0,0,0,4,0,0,0,0,0,0,0,0,0
ubt,bintrie,5,4,storage_sload_k4500,6,,2142,0,0,0.0776,19.2428,0.005,0.3372,19.9539,0,4,0,0,0,0,0,0,0,0,0,0,4,0,0,0,0,0,0,0,0,0
ubt,bintrie,5,4,storage_sload_k4500,6,,2143,0,0,0.04,4.0637,0.0023,0.198,4.5306,0,4,0,0,0,0,0,0,0,0,0,0,4,0,0,0,0,0,0,0,0,0
ubt,bintrie,5,4,storage_sload_k4500,6,,2144,0,0,0.04,2.2504,0.0026,0.1619,2.6669,0,4,0,0,0,0,0,0,0,0,0,0,4,0,0,0,0,0,0,0,0,0
ubt,bintrie,5,4,storage_sload_k4500,6,,2145,0,0,0.1353,29.5296,0.0058,0.56,30.6566,0,4,0,0,0,0,0,0,0,0,0,0,4,0,0,0,0,0,0,0,0,0
ubt,bintrie,5,4,storage_sload_k4500,6,,2146,0,0,0.07,25.825,0.0038,0.1881,27.6041,0,4,0,0,0,0,0,0,0,0,0,0,4,0,0,0,0,0,0,0,0,0
ubt,bintrie,5,4,storage_sload_k4500,6,,2147,0,0,0.0817,33.4265,0.0035,1.9034,35.8318,0,4,0,0,0,0,0,0,0,0,0,0,4,0,0,0,0,0,0,0,0,0
ubt,bintrie,5,4,storage_sload_k4500,6,,2148,0,0,0.0525,5.3315,0.0029,0.1756,5.7291,0,4,0,0,0,0,0,0,0,0,0,0,4,0,0,0,0,0,0,0,0,0
ubt,bintrie,5,4,storage_sload_k4500,6,,2149,86924,2,0.191,12.0767,34.5619,1.6257,53.77,1.6166,11,0,0,0,3,0,0,0,1,160,5,6,45.45,0,0,0,0,0,0,0,0
ubt,bintrie,5,4,storage_sload_k4500,6,,2150,99900025,1,1804.469,150.2845,43.5036,1.2398,2000.1445,49.9464,4507,5002,4501,126160,2,0,0,0,0,0,1862,2645,41.31,1989,3013,39.76,4501,0,100,126160,0
ubt,bintrie,5,4,storage_sload_k4500,6,,2151,0,0,0.0831,7.3373,0.0055,0.2908,8.4812,0,4,0,0,0,0,0,0,0,0,0,0,4,0,0,0,0,0,0,0,0,0
ubt,bintrie,5,4,storage_sload_k4500,6,,2152,21000,1,0.084,14.7591,17.4774,0.772,33.3218,0.6302,6,0,0,0,2,0,0,0,0,0,2,4,33.33,0,0,0,0,0,0,0,0
ubt,bintrie,5,4,storage_sload_k4500,6,,2153,0,0,0.0995,14.6264,0.0041,0.1948,37.7358,0,4,0,0,0,0,0,0,0,0,0,0,4,0,0,0,0,0,0,0,0,0
ubt,bintrie,5,4,storage_sload_k4500,6,,2154,0,0,0.1175,3.6446,0.0044,0.2794,4.4297,0,4,0,0,0,0,0,0,0,0,0,0,4,0,0,0,0,0,0,0,0,0
ubt,bintrie,5,4,storage_sload_k4500,7,,2155,0,0,0.0621,13.1559,0.0038,0.3202,13.7512,0,4,0,0,0,0,0,0,0,0,0,0,4,0,0,0,0,0,0,0,0,0
ubt,bintrie,5,4,storage_sload_k4500,7,,2156,0,0,0.0338,1.7995,0.002,0.1254,2.1011,0,4,0,0,0,0,0,0,0,0,0,0,4,0,0,0,0,0,0,0,0,0
ubt,bintrie,5,4,storage_sload_k4500,7,,2157,0,0,0.0484,3.2097,0.0023,0.156,3.5924,0,4,0,0,0,0,0,0,0,0,0,0,4,0,0,0,0,0,0,0,0,0
ubt,bintrie,5,4,storage_sload_k4500,7,,2158,0,0,0.1199,6.6096,0.0032,0.128,7.276,0,4,0,0,0,0,0,0,0,0,0,0,4,0,0,0,0,0,0,0,0,0
ubt,bintrie,5,4,storage_sload_k4500,7,,2159,0,0,0.1199,16.6473,0.0026,0.2911,19.3644,0,4,0,0,0,0,0,0,0,0,0,0,4,0,0,0,0,0,0,0,0,0
ubt,bintrie,5,4,storage_sload_k4500,7,,2160,0,0,0.0782,9.8572,0.0038,0.2047,10.3647,0,4,0,0,0,0,0,0,0,0,0,0,4,0,0,0,0,0,0,0,0,0
ubt,bintrie,5,4,storage_sload_k4500,7,,2161,0,0,0.0738,1.3626,0.0023,0.1216,1.8529,0,4,0,0,0,0,0,0,0,0,0,0,4,0,0,0,0,0,0,0,0,0
ubt,bintrie,5,4,storage_sload_k4500,7,,2162,0,0,0.7566,38.966,0.0053,0.2333,40.3598,0,4,0,0,0,0,0,0,0,0,0,0,4,0,0,0,0,0,0,0,0,0
ubt,bintrie,5,4,storage_sload_k4500,7,,2163,0,0,0.0324,1.6374,0.0018,0.1076,1.962,0,4,0,0,0,0,0,0,0,0,0,0,4,0,0,0,0,0,0,0,0,0
ubt,bintrie,5,4,storage_sload_k4500,7,,2164,0,0,0.0382,3.3649,0.0018,0.1552,4.3314,0,4,0,0,0,0,0,0,0,0,0,0,4,0,0,0,0,0,0,0,0,0
ubt,bintrie,5,4,storage_sload_k4500,7,,2165,0,0,0.0726,12.6685,0.0055,0.2462,35.1785,0,4,0,0,0,0,0,0,0,0,0,0,4,0,0,0,0,0,0,0,0,0
ubt,bintrie,5,4,storage_sload_k4500,7,,2166,0,0,0.2103,6.7592,0.0105,0.4576,8.874,0,4,0,0,0,0,0,0,0,0,0,0,4,0,0,0,0,0,0,0,0,0
ubt,bintrie,5,4,storage_sload_k4500,7,,2167,0,0,0.0758,10.3522,0.0032,0.187,32.9555,0,4,0,0,0,0,0,0,0,0,0,0,4,0,0,0,0,0,0,0,0,0
ubt,bintrie,5,4,storage_sload_k4500,7,,2168,0,0,0.0782,4.9655,0.005,0.233,5.559,0,4,0,0,0,0,0,0,0,0,0,0,4,0,0,0,0,0,0,0,0,0
ubt,bintrie,5,4,storage_sload_k4500,7,,2169,0,0,0.1158,19.4239,0.005,0.1759,40.1268,0,4,0,0,0,0,0,0,0,0,0,0,4,0,0,0,0,0,0,0,0,0
ubt,bintrie,5,4,storage_sload_k4500,7,,2170,0,0,0.0493,12.2083,0.0064,0.3558,25.9486,0,4,0,0,0,0,0,0,0,0,0,0,4,0,0,0,0,0,0,0,0,0
ubt,bintrie,5,4,storage_sload_k4500,7,,2171,0,0,0.0577,16.3598,0.0038,2.8661,20.0475,0,4,0,0,0,0,0,0,0,0,0,0,4,0,0,0,0,0,0,0,0,0
ubt,bintrie,5,4,storage_sload_k4500,7,,2172,0,0,0.0852,32.4252,0.0047,0.1441,32.9622,0,4,0,0,0,0,0,0,0,0,0,0,4,0,0,0,0,0,0,0,0,0
ubt,bintrie,5,4,storage_sload_k4500,7,,2173,0,0,0.0391,1.8862,0.0023,0.1248,2.2259,0,4,0,0,0,0,0,0,0,0,0,0,4,0,0,0,0,0,0,0,0,0
ubt,bintrie,5,4,storage_sload_k4500,7,,2174,86924,2,0.222,19.4805,0.7233,4.1238,24.8762,3.4943,11,0,0,0,3,0,0,0,1,160,4,7,36.36,0,0,0,0,0,0,0,0
ubt,bintrie,5,4,storage_sload_k4500,7,,2175,99900025,1,1776.2927,187.4316,3.3182,31.6739,1998.9548,49.9761,4507,5002,4501,126160,2,0,0,0,0,0,1920,2587,42.6,2401,2601,48.0,4501,0,100,126160,0
ubt,bintrie,5,4,storage_sload_k4500,7,,2176,21000,1,0.1342,6.8266,16.9962,1.0867,36.1757,0.5805,6,0,0,0,2,0,0,0,0,0,0,6,0,0,0,0,0,0,0,0,0
ubt,bintrie,5,4,storage_sload_k4500,7,,2177,0,0,0.3007,22.0147,0.0029,0.1852,23.76,0,4,0,0,0,0,0,0,0,0,0,0,4,0,0,0,0,0,0,0,0,0
ubt,bintrie,5,4,storage_sload_k4500,8,,2179,0,0,0.0957,25.0993,0.0254,0.378,26.0061,0,4,0,0,0,0,0,0,0,0,0,0,4,0,0,0,0,0,0,0,0,0
ubt,bintrie,5,4,storage_sload_k4500,8,,2180,0,0,0.049,4.402,0.0058,0.205,4.9603,0,4,0,0,0,0,0,0,0,0,0,0,4,0,0,0,0,0,0,0,0,0
ubt,bintrie,5,4,storage_sload_k4500,8,,2181,0,0,0.037,5.6809,0.002,0.1452,6.1706,0,4,0,0,0,0,0,0,0,0,0,0,4,0,0,0,0,0,0,0,0,0
ubt,bintrie,5,4,storage_sload_k4500,8,,2182,0,0,0.0729,33.8022,0.0038,0.3322,35.4944,0,4,0,0,0,0,0,0,0,0,0,0,4,0,0,0,0,0,0,0,0,0
ubt,bintrie,5,4,storage_sload_k4500,8,,2183,0,0,0.0475,43.0285,0.0073,0.5629,47.1631,0,4,0,0,0,0,0,0,0,0,0,0,4,0,0,0,0,0,0,0,0,0
ubt,bintrie,5,4,storage_sload_k4500,8,,2184,0,0,0.0925,31.7136,0.0061,0.1482,32.1362,0,4,0,0,0,0,0,0,0,0,0,0,4,0,0,0,0,0,0,0,0,0
ubt,bintrie,5,4,storage_sload_k4500,8,,2185,0,0,0.0472,12.2984,0.0023,0.1385,12.9654,0,4,0,0,0,0,0,0,0,0,0,0,4,0,0,0,0,0,0,0,0,0
ubt,bintrie,5,4,storage_sload_k4500,8,,2186,0,0,0.7291,47.187,0.0053,0.3054,48.5327,0,4,0,0,0,0,0,0,0,0,0,0,4,0,0,0,0,0,0,0,0,0
ubt,bintrie,5,4,storage_sload_k4500,8,,2187,0,0,0.0522,4.1979,0.002,0.1884,4.6141,0,4,0,0,0,0,0,0,0,0,0,0,4,0,0,0,0,0,0,0,0,0
ubt,bintrie,5,4,storage_sload_k4500,8,,2188,0,0,0.0878,22.1798,0.0052,0.2742,32.2091,0,4,0,0,0,0,0,0,0,0,0,0,4,0,0,0,0,0,0,0,0,0
ubt,bintrie,5,4,storage_sload_k4500,8,,2189,0,0,0.044,12.8844,0.0023,0.1327,13.3093,0,4,0,0,0,0,0,0,0,0,0,0,4,0,0,0,0,0,0,0,0,0
ubt,bintrie,5,4,storage_sload_k4500,8,,2190,0,0,0.0898,25.1463,0.005,0.2847,25.9096,0,4,0,0,0,0,0,0,0,0,0,0,4,0,0,0,0,0,0,0,0,0
ubt,bintrie,5,4,storage_sload_k4500,8,,2191,0,0,0.0344,4.267,0.002,0.1689,5.223,0,4,0,0,0,0,0,0,0,0,0,0,4,0,0,0,0,0,0,0,0,0
ubt,bintrie,5,4,storage_sload_k4500,8,,2192,0,0,0.1394,10.9474,0.0029,0.1607,11.5906,0,4,0,0,0,0,0,0,0,0,0,0,4,0,0,0,0,0,0,0,0,0
ubt,bintrie,5,4,storage_sload_k4500,8,,2193,0,0,0.0592,9.917,0.0044,0.2252,31.9256,0,4,0,0,0,0,0,0,0,0,0,0,4,0,0,0,0,0,0,0,0,0
ubt,bintrie,5,4,storage_sload_k4500,8,,2194,0,0,0.1502,24.2241,0.002,0.1312,27.1243,0,4,0,0,0,0,0,0,0,0,0,0,4,0,0,0,0,0,0,0,0,0
ubt,bintrie,5,4,storage_sload_k4500,8,,2195,0,0,0.084,22.2796,0.0038,0.1867,22.8238,0,4,0,0,0,0,0,0,0,0,0,0,4,0,0,0,0,0,0,0,0,0
ubt,bintrie,5,4,storage_sload_k4500,8,,2196,0,0,0.0761,47.8167,0.0035,0.2873,49.0385,0,4,0,0,0,0,0,0,0,0,0,0,4,0,0,0,0,0,0,0,0,0
ubt,bintrie,5,4,storage_sload_k4500,8,,2197,0,0,0.0461,12.8275,0.0038,0.2047,32.3859,0,4,0,0,0,0,0,0,0,0,0,0,4,0,0,0,0,0,0,0,0,0
ubt,bintrie,5,4,storage_sload_k4500,8,,2198,86924,2,0.6434,29.0811,31.2306,2.522,67.8071,1.2819,11,0,0,0,3,0,0,0,1,160,4,7,36.36,0,0,0,0,0,0,0,0
ubt,bintrie,5,4,storage_sload_k4500,8,,2199,0,0,0.1922,14.4019,0.0053,0.2476,26.1379,0,4,0,0,0,0,0,0,0,0,0,0,4,0,0,0,0,0,0,0,0,0
ubt,bintrie,5,4,storage_sload_k4500,8,,2200,99900025,1,1808.4016,159.3671,18.9614,2.1982,1989.1899,50.2215,4507,5002,4501,126160,2,0,0,0,0,0,1699,2808,37.7,1792,3210,35.83,4501,0,100,126160,0
ubt,bintrie,5,4,storage_sload_k4500,8,,2201,21000,1,0.1654,18.6055,18.6198,0.7726,38.5647,0.5445,6,0,0,0,2,0,0,0,0,0,2,4,33.33,0,0,0,0,0,0,0,0
ubt,bintrie,5,4,storage_sload_k4500,8,,2202,0,0,0.0475,28.4563,0.0026,0.2091,28.9277,0,4,0,0,0,0,0,0,0,0,0,0,4,0,0,0,0,0,0,0,0,0
ubt,bintrie,5,4,storage_sload_k4500,9,,2203,0,0,0.0653,13.426,0.0029,0.3048,14.1738,0,4,0,0,0,0,0,0,0,0,0,0,4,0,0,0,0,0,0,0,0,0
ubt,bintrie,5,4,storage_sload_k4500,9,,2204,0,0,0.0297,1.8375,0.002,0.1146,2.1396,0,4,0,0,0,0,0,0,0,0,0,0,4,0,0,0,0,0,0,0,0,0
ubt,bintrie,5,4,storage_sload_k4500,9,,2205,0,0,0.0435,15.0832,0.0026,0.1312,15.4577,0,4,0,0,0,0,0,0,0,0,0,0,4,0,0,0,0,0,0,0,0,0
ubt,bintrie,5,4,storage_sload_k4500,9,,2206,0,0,0.0831,17.613,0.0047,0.4048,18.5265,0,4,0,0,0,0,0,0,0,0,0,0,4,0,0,0,0,0,0,0,0,0
ubt,bintrie,5,4,storage_sload_k4500,9,,2207,0,0,0.0645,15.607,0.0041,1.0511,19.4721,0,4,0,0,0,0,0,0,0,0,0,0,4,0,0,0,0,0,0,0,0,0
ubt,bintrie,5,4,storage_sload_k4500,9,,2208,0,0,0.0598,7.4682,0.0029,0.2529,8.0545,0,4,0,0,0,0,0,0,0,0,0,0,4,0,0,0,0,0,0,0,0,0
ubt,bintrie,5,4,storage_sload_k4500,9,,2209,0,0,0.0423,10.8734,0.0029,0.1601,11.2368,0,4,0,0,0,0,0,0,0,0,0,0,4,0,0,0,0,0,0,0,0,0
ubt,bintrie,5,4,storage_sload_k4500,9,,2210,0,0,0.9517,39.3458,0.0055,0.3555,41.0324,0,4,0,0,0,0,0,0,0,0,0,0,4,0,0,0,0,0,0,0,0,0
ubt,bintrie,5,4,storage_sload_k4500,9,,2211,0,0,0.0341,1.8316,0.0015,0.105,2.1277,0,4,0,0,0,0,0,0,0,0,0,0,4,0,0,0,0,0,0,0,0,0
ubt,bintrie,5,4,storage_sload_k4500,9,,2212,0,0,0.0925,15.9829,0.0076,0.3844,31.3645,0,4,0,0,0,0,0,0,0,0,0,0,4,0,0,0,0,0,0,0,0,0
ubt,bintrie,5,4,storage_sload_k4500,9,,2213,0,0,0.063,20.8884,0.0067,0.4188,35.6711,0,4,0,0,0,0,0,0,0,0,0,0,4,0,0,0,0,0,0,0,0,0
ubt,bintrie,5,4,storage_sload_k4500,9,,2214,0,0,0.0653,7.2486,0.0044,0.2561,7.8439,0,4,0,0,0,0,0,0,0,0,0,0,4,0,0,0,0,0,0,0,0,0
ubt,bintrie,5,4,storage_sload_k4500,9,,2215,0,0,0.0408,3.3427,0.0023,0.1123,3.7195,0,4,0,0,0,0,0,0,0,0,0,0,4,0,0,0,0,0,0,0,0,0
ubt,bintrie,5,4,storage_sload_k4500,9,,2216,0,0,0.0359,2.8192,0.0029,0.1347,3.8263,0,4,0,0,0,0,0,0,0,0,0,0,4,0,0,0,0,0,0,0,0,0
ubt,bintrie,5,4,storage_sload_k4500,9,,2217,0,0,0.0493,26.9406,0.0041,0.1829,38.4259,0,4,0,0,0,0,0,0,0,0,0,0,4,0,0,0,0,0,0,0,0,0
ubt,bintrie,5,4,storage_sload_k4500,9,,2218,0,0,0.1248,3.7884,0.0055,0.2689,4.6283,0,4,0,0,0,0,0,0,0,0,0,0,4,0,0,0,0,0,0,0,0,0
ubt,bintrie,5,4,storage_sload_k4500,9,,2219,0,0,0.0793,49.35,0.0044,0.2185,53.5,0,4,0,0,0,0,0,0,0,0,0,0,4,0,0,0,0,0,0,0,0,0
ubt,bintrie,5,4,storage_sload_k4500,9,,2220,0,0,0.0674,14.9158,0.0041,2.1419,19.1116,0,4,0,0,0,0,0,0,0,0,0,0,4,0,0,0,0,0,0,0,0,0
ubt,bintrie,5,4,storage_sload_k4500,9,,2221,0,0,0.1196,15.7907,0.0035,4.4857,20.6364,0,4,0,0,0,0,0,0,0,0,0,0,4,0,0,0,0,0,0,0,0,0
ubt,bintrie,5,4,storage_sload_k4500,9,,2222,86924,2,0.201,5.181,25.0792,2.2093,36.3638,2.3904,11,0,0,0,3,0,0,0,1,160,6,5,54.55,0,0,0,0,0,0,0,0
ubt,bintrie,5,4,storage_sload_k4500,9,,2223,99900025,1,1776.4337,179.0466,26.3033,1.5073,1983.8005,50.3579,4507,5002,4501,126160,2,0,0,0,0,0,1273,3234,28.24,1394,3608,27.87,4501,0,100,126160,0
ubt,bintrie,5,4,storage_sload_k4500,9,,2224,0,0,0.215,20.8779,0.0067,0.2733,35.0362,0,4,0,0,0,0,0,0,0,0,0,0,4,0,0,0,0,0,0,0,0,0
ubt,bintrie,5,4,storage_sload_k4500,9,,2225,21000,1,0.0764,1.7736,15.5099,1.0313,26.3885,0.7958,6,0,0,0,2,0,0,0,0,0,0,6,0,0,0,0,0,0,0,0,0
ubt,bintrie,5,4,storage_sload_k4500,9,,2226,0,0,0.1435,28.7757,0.0026,0.1537,29.4979,0,4,0,0,0,0,0,0,0,0,0,0,4,0,0,0,0,0,0,0,0,0
ubt,bintrie,5,4,storage_sload_k4500,9,,2227,0,0,0.035,3.8196,0.0026,0.1406,4.1713,0,4,0,0,0,0,0,0,0,0,0,0,4,0,0,0,0,0,0,0,0,0
ubt,bintrie,5,4,storage_sstore_k1,10,,2462,0,0,0.1563,19.0731,0.0061,0.4454,20.0726,0,4,0,0,0,0,0,0,0,0,0,0,4,0,0,0,0,0,0,0,0,0
ubt,bintrie,5,4,storage_sstore_k1,10,,2463,0,0,0.1327,37.7988,0.0064,0.2905,38.7826,0,4,0,0,0,0,0,0,0,0,0,0,4,0,0,0,0,0,0,0,0,0
ubt,bintrie,5,4,storage_sstore_k1,10,,2464,0,0,0.1047,3.8137,0.0038,0.2182,9.0406,0,4,0,0,0,0,0,0,0,0,0,0,4,0,0,0,0,0,0,0,0,0
ubt,bintrie,5,4,storage_sstore_k1,10,,2465,0,0,0.0904,12.8453,0.0044,0.1791,27.565,0,4,0,0,0,0,0,0,0,0,0,0,4,0,0,0,0,0,0,0,0,0
ubt,bintrie,5,4,storage_sstore_k1,10,,2466,0,0,0.0741,21.2582,0.0035,0.233,22.7795,0,4,0,0,0,0,0,0,0,0,0,0,4,0,0,0,0,0,0,0,0,0
ubt,bintrie,5,4,storage_sstore_k1,10,,2467,0,0,0.0344,0.5836,0.0044,0.1438,1.0039,0,4,0,0,0,0,0,0,0,0,0,0,4,0,0,0,0,0,0,0,0,0
ubt,bintrie,5,4,storage_sstore_k1,10,,2468,0,0,0.0592,10.3528,0.0038,2.9898,14.119,0,4,0,0,0,0,0,0,0,0,0,0,4,0,0,0,0,0,0,0,0,0
ubt,bintrie,5,4,storage_sstore_k1,10,,2469,0,0,0.0933,43.4054,0.0029,0.2152,44.1226,0,4,0,0,0,0,0,0,0,0,0,0,4,0,0,0,0,0,0,0,0,0
ubt,bintrie,5,4,storage_sstore_k1,10,,2470,0,0,0.0697,18.7251,0.0038,0.2088,19.3423,0,4,0,0,0,0,0,0,0,0,0,0,4,0,0,0,0,0,0,0,0,0
ubt,bintrie,5,4,storage_sstore_k1,10,,2471,0,0,0.0951,47.8164,0.0029,0.2307,48.4756,0,4,0,0,0,0,0,0,0,0,0,0,4,0,0,0,0,0,0,0,0,0
ubt,bintrie,5,4,storage_sstore_k1,10,,2472,0,0,0.0432,16.2775,0.0026,0.196,16.7284,0,4,0,0,0,0,0,0,0,0,0,0,4,0,0,0,0,0,0,0,0,0
ubt,bintrie,5,4,storage_sstore_k1,10,,2473,0,0,0.1452,36.181,0.0029,0.1336,37.8265,0,4,0,0,0,0,0,0,0,0,0,0,4,0,0,0,0,0,0,0,0,0
ubt,bintrie,5,4,storage_sstore_k1,10,,2474,0,0,0.1038,9.3203,0.0047,2.018,13.1819,0,4,0,0,0,0,0,0,0,0,0,0,4,0,0,0,0,0,0,0,0,0
ubt,bintrie,5,4,storage_sstore_k1,10,,2475,0,0,0.1753,35.2885,0.0055,0.3532,43.3374,0,4,0,0,0,0,0,0,0,0,0,0,4,0,0,0,0,0,0,0,0,0
ubt,bintrie,5,4,storage_sstore_k1,10,,2476,0,0,0.1094,18.8666,0.0058,0.6778,20.1067,0,4,0,0,0,0,0,0,0,0,0,0,4,0,0,0,0,0,0,0,0,0
ubt,bintrie,5,4,storage_sstore_k1,10,,2477,0,0,0.0995,36.5613,0.0061,0.5221,38.8596,0,4,0,0,0,0,0,0,0,0,0,0,4,0,0,0,0,0,0,0,0,0
ubt,bintrie,5,4,storage_sstore_k1,10,,2478,0,0,0.4599,34.9755,0.0029,0.6533,36.5403,0,4,0,0,0,0,0,0,0,0,0,0,4,0,0,0,0,0,0,0,0,0
ubt,bintrie,5,4,storage_sstore_k1,10,,2479,0,0,0.0671,24.3982,0.0029,0.2024,25.93,0,4,0,0,0,0,0,0,0,0,0,0,4,0,0,0,0,0,0,0,0,0
ubt,bintrie,5,4,storage_sstore_k1,10,,2480,86946,2,0.2193,16.335,22.9898,4.1958,45.2385,1.9219,11,0,0,0,3,0,0,0,1,164,7,4,63.64,0,0,0,0,0,0,0,0
ubt,bintrie,5,4,storage_sstore_k1,10,,2481,99917441,1,129.0539,131.857,65.2798,21.3448,352.6314,283.3481,8,4414,2,192,3,0,4414,0,0,0,3,5,37.5,1482,2932,33.57,2,0,100,192,0
ubt,bintrie,5,4,storage_sstore_k1,10,,2482,0,0,0.0814,7.7692,0.0041,0.3748,8.5815,0,4,0,0,0,0,0,0,0,0,0,0,4,0,0,0,0,0,0,0,0,0
ubt,bintrie,5,4,storage_sstore_k1,10,,2483,21000,1,0.1753,3.1458,0.2502,0.9214,5.0559,4.1535,6,0,0,0,2,0,0,0,0,0,2,4,33.33,0,0,0,0,0,0,0,0
ubt,bintrie,5,4,storage_sstore_k1,10,,2484,0,0,0.1219,3.5845,0.0157,16.5389,29.1963,0,4,0,0,0,0,0,0,0,0,0,0,4,0,0,0,0,0,0,0,0,0
ubt,bintrie,5,4,storage_sstore_k1,10,,2485,0,0,0.1015,38.7592,0.0073,0.5008,39.8964,0,4,0,0,0,0,0,0,0,0,0,0,4,0,0,0,0,0,0,0,0,0
ubt,bintrie,5,4,storage_sstore_k1,1,,2253,0,0,0.0607,40.354,0.0026,0.1502,40.7938,0,4,0,0,0,0,0,0,0,0,0,0,4,0,0,0,0,0,0,0,0,0
ubt,bintrie,5,4,storage_sstore_k1,1,,2254,0,0,0.3465,25.7287,0.005,0.4611,26.8449,0,4,0,0,0,0,0,0,0,0,0,0,4,0,0,0,0,0,0,0,0,0
ubt,bintrie,5,4,storage_sstore_k1,1,,2255,0,0,0.0799,2.4561,0.0032,0.1199,2.9055,0,4,0,0,0,0,0,0,0,0,0,0,4,0,0,0,0,0,0,0,0,0
ubt,bintrie,5,4,storage_sstore_k1,1,,2256,0,0,0.1884,3.8484,0.0041,0.1785,4.6438,0,4,0,0,0,0,0,0,0,0,0,0,4,0,0,0,0,0,0,0,0,0
ubt,bintrie,5,4,storage_sstore_k1,1,,2257,0,0,0.0945,70.9969,0.056,0.2742,78.9616,0,4,0,0,0,0,0,0,0,0,0,0,4,0,0,0,0,0,0,0,0,0
ubt,bintrie,5,4,storage_sstore_k1,1,,2258,0,0,0.0484,53.2468,0.0026,0.1444,53.6432,0,4,0,0,0,0,0,0,0,0,0,0,4,0,0,0,0,0,0,0,0,0
ubt,bintrie,5,4,storage_sstore_k1,1,,2259,0,0,0.077,18.3792,0.0055,0.2403,19.039,0,4,0,0,0,0,0,0,0,0,0,0,4,0,0,0,0,0,0,0,0,0
ubt,bintrie,5,4,storage_sstore_k1,1,,2260,0,0,0.1207,32.8753,0.0023,0.2284,33.5321,0,4,0,0,0,0,0,0,0,0,0,0,4,0,0,0,0,0,0,0,0,0
ubt,bintrie,5,4,storage_sstore_k1,1,,2261,0,0,0.1207,3.9581,0.0047,0.3456,4.7651,0,4,0,0,0,0,0,0,0,0,0,0,4,0,0,0,0,0,0,0,0,0
ubt,bintrie,5,4,storage_sstore_k1,1,,2262,0,0,0.1152,11.3403,0.0038,0.2777,11.9875,0,4,0,0,0,0,0,0,0,0,0,0,4,0,0,0,0,0,0,0,0,0
ubt,bintrie,5,4,storage_sstore_k1,1,,2263,0,0,0.0747,6.2937,0.005,0.271,7.3134,0,4,0,0,0,0,0,0,0,0,0,0,4,0,0,0,0,0,0,0,0,0
ubt,bintrie,5,4,storage_sstore_k1,1,,2264,0,0,0.1852,24.9302,0.005,0.2462,36.5858,0,4,0,0,0,0,0,0,0,0,0,0,4,0,0,0,0,0,0,0,0,0
ubt,bintrie,5,4,storage_sstore_k1,1,,2265,0,0,0.0534,33.5861,0.0053,0.3614,34.2347,0,4,0,0,0,0,0,0,0,0,0,0,4,0,0,0,0,0,0,0,0,0
ubt,bintrie,5,4,storage_sstore_k1,1,,2266,0,0,0.0992,45.6255,0.0032,0.1893,46.443,0,4,0,0,0,0,0,0,0,0,0,0,4,0,0,0,0,0,0,0,0,0
ubt,bintrie,5,4,storage_sstore_k1,1,,2267,0,0,0.1429,44.0292,0.0055,0.3007,45.1151,0,4,0,0,0,0,0,0,0,0,0,0,4,0,0,0,0,0,0,0,0,0
ubt,bintrie,5,4,storage_sstore_k1,1,,2268,0,0,0.0563,12.0091,0.0032,0.2619,12.6286,0,4,0,0,0,0,0,0,0,0,0,0,4,0,0,0,0,0,0,0,0,0
ubt,bintrie,5,4,storage_sstore_k1,1,,2269,0,0,0.0872,31.4219,0.0038,0.8945,34.501,0,4,0,0,0,0,0,0,0,0,0,0,4,0,0,0,0,0,0,0,0,0
ubt,bintrie,5,4,storage_sstore_k1,1,,2270,0,0,0.0758,8.0994,0.0041,1.9145,12.8041,0,4,0,0,0,0,0,0,0,0,0,0,4,0,0,0,0,0,0,0,0,0
ubt,bintrie,5,4,storage_sstore_k1,1,,2271,0,0,0.0356,2.2315,0.002,0.1566,2.613,0,4,0,0,0,0,0,0,0,0,0,0,4,0,0,0,0,0,0,0,0,0
ubt,bintrie,5,4,storage_sstore_k1,1,,2272,86946,2,0.1887,21.6601,20.1519,2.9288,45.4181,1.9143,11,0,0,0,3,0,0,0,1,164,5,6,45.45,0,0,0,0,0,0,0,0
ubt,bintrie,5,4,storage_sstore_k1,1,,2273,99917441,1,150.0372,129.4861,22.0013,51.7821,353.6734,282.5133,8,4414,2,192,3,0,4414,0,0,0,4,4,50,1849,2565,41.89,2,0,100,192,0
ubt,bintrie,5,4,storage_sstore_k1,1,,2274,21000,1,0.9858,20.2753,17.0895,0.987,39.8792,0.5266,6,0,0,0,2,0,0,0,0,0,0,6,0,0,0,0,0,0,0,0,0
ubt,bintrie,5,4,storage_sstore_k1,1,,2275,0,0,0.1747,44.0896,0.0125,0.6242,45.7028,0,4,0,0,0,0,0,0,0,0,0,0,4,0,0,0,0,0,0,0,0,0
ubt,bintrie,5,4,storage_sstore_k1,1,,2276,0,0,1.7529,10.2025,0.0035,0.2225,25.606,0,4,0,0,0,0,0,0,0,0,0,0,4,0,0,0,0,0,0,0,0,0
ubt,bintrie,5,4,storage_sstore_k1,2,,2277,0,0,0.086,14.2254,0.005,0.5139,15.1225,0,4,0,0,0,0,0,0,0,0,0,0,4,0,0,0,0,0,0,0,0,0
ubt,bintrie,5,4,storage_sstore_k1,2,,2278,0,0,0.1065,9.1692,0.0055,0.4448,10.0757,0,4,0,0,0,0,0,0,0,0,0,0,4,0,0,0,0,0,0,0,0,0
ubt,bintrie,5,4,storage_sstore_k1,2,,2279,0,0,0.5244,15.71,0.0032,0.2033,24.6607,0,4,0,0,0,0,0,0,0,0,0,0,4,0,0,0,0,0,0,0,0,0
ubt,bintrie,5,4,storage_sstore_k1,2,,2280,0,0,0.0353,0.6644,0.002,0.1114,0.9642,0,4,0,0,0,0,0,0,0,0,0,0,4,0,0,0,0,0,0,0,0,0
ubt,bintrie,5,4,storage_sstore_k1,2,,2281,0,0,0.1689,26.5291,0.0032,0.2141,32.828,0,4,0,0,0,0,0,0,0,0,0,0,4,0,0,0,0,0,0,0,0,0
ubt,bintrie,5,4,storage_sstore_k1,2,,2282,0,0,0.0604,11.8218,0.0038,0.184,12.3209,0,4,0,0,0,0,0,0,0,0,0,0,4,0,0,0,0,0,0,0,0,0
ubt,bintrie,5,4,storage_sstore_k1,2,,2283,0,0,0.0505,2.8026,0.002,0.1237,3.2249,0,4,0,0,0,0,0,0,0,0,0,0,4,0,0,0,0,0,0,0,0,0
ubt,bintrie,5,4,storage_sstore_k1,2,,2284,0,0,0.0682,6.0998,0.0047,0.271,6.7458,0,4,0,0,0,0,0,0,0,0,0,0,4,0,0,0,0,0,0,0,0,0
ubt,bintrie,5,4,storage_sstore_k1,2,,2285,0,0,0.107,34.7273,0.0035,0.2263,35.4442,0,4,0,0,0,0,0,0,0,0,0,0,4,0,0,0,0,0,0,0,0,0
ubt,bintrie,5,4,storage_sstore_k1,2,,2286,0,0,0.0478,25.3056,0.0032,0.2132,25.7821,0,4,0,0,0,0,0,0,0,0,0,0,4,0,0,0,0,0,0,0,0,0
ubt,bintrie,5,4,storage_sstore_k1,2,,2287,0,0,0.0785,11.8434,0.0061,0.2809,12.5029,0,4,0,0,0,0,0,0,0,0,0,0,4,0,0,0,0,0,0,0,0,0
ubt,bintrie,5,4,storage_sstore_k1,2,,2288,0,0,0.0615,21.8112,0.0073,0.3392,41.7467,0,4,0,0,0,0,0,0,0,0,0,0,4,0,0,0,0,0,0,0,0,0
ubt,bintrie,5,4,storage_sstore_k1,2,,2289,0,0,0.0933,18.8835,0.0044,0.3459,19.8518,0,4,0,0,0,0,0,0,0,0,0,0,4,0,0,0,0,0,0,0,0,0
ubt,bintrie,5,4,storage_sstore_k1,2,,2290,0,0,0.0919,20.604,0.007,0.5562,21.71,0,4,0,0,0,0,0,0,0,0,0,0,4,0,0,0,0,0,0,0,0,0
ubt,bintrie,5,4,storage_sstore_k1,2,,2291,0,0,0.1525,6.7843,0.0093,0.4687,7.9929,0,4,0,0,0,0,0,0,0,0,0,0,4,0,0,0,0,0,0,0,0,0
ubt,bintrie,5,4,storage_sstore_k1,2,,2292,0,0,0.1444,22.4499,0.0041,0.1178,23.0586,0,4,0,0,0,0,0,0,0,0,0,0,4,0,0,0,0,0,0,0,0,0
ubt,bintrie,5,4,storage_sstore_k1,2,,2293,0,0,0.0656,21.0733,0.0026,0.1858,21.9987,0,4,0,0,0,0,0,0,0,0,0,0,4,0,0,0,0,0,0,0,0,0
ubt,bintrie,5,4,storage_sstore_k1,2,,2294,0,0,0.0577,13.3067,0.0041,3.6099,19.3875,0,4,0,0,0,0,0,0,0,0,0,0,4,0,0,0,0,0,0,0,0,0
ubt,bintrie,5,4,storage_sstore_k1,2,,2295,86946,2,0.1537,13.4318,26.8898,2.1037,49.7796,1.7466,11,0,0,0,3,0,0,0,1,164,6,5,54.55,0,0,0,0,0,0,0,0
ubt,bintrie,5,4,storage_sstore_k1,2,,2296,99917441,1,121.1781,136.1878,49.2103,23.2289,330.3313,302.4765,8,4414,2,192,3,0,4414,0,0,0,2,6,25,847,3567,19.19,2,0,100,192,0
ubt,bintrie,5,4,storage_sstore_k1,2,,2297,21000,1,0.3322,13.8095,1.3448,0.679,16.4411,1.2773,6,0,0,0,2,0,0,0,0,0,0,6,0,0,0,0,0,0,0,0,0
ubt,bintrie,5,4,storage_sstore_k1,2,,2298,0,0,0.0881,14.711,0.0032,0.2502,29.7312,0,4,0,0,0,0,0,0,0,0,0,0,4,0,0,0,0,0,0,0,0,0
ubt,bintrie,5,4,storage_sstore_k1,2,,2299,0,0,0.061,6.3036,0.0085,0.2727,6.9333,0,4,0,0,0,0,0,0,0,0,0,0,4,0,0,0,0,0,0,0,0,0
ubt,bintrie,5,4,storage_sstore_k1,3,,2300,0,0,0.1237,23.483,0.0029,0.2085,24.0257,0,4,0,0,0,0,0,0,0,0,0,0,4,0,0,0,0,0,0,0,0,0
ubt,bintrie,5,4,storage_sstore_k1,3,,2301,0,0,0.0612,4.8803,0.0061,0.266,5.4861,0,4,0,0,0,0,0,0,0,0,0,0,4,0,0,0,0,0,0,0,0,0
ubt,bintrie,5,4,storage_sstore_k1,3,,2302,0,0,0.1132,16.9574,0.005,0.4801,17.9662,0,4,0,0,0,0,0,0,0,0,0,0,4,0,0,0,0,0,0,0,0,0
ubt,bintrie,5,4,storage_sstore_k1,3,,2303,0,0,0.1531,23.651,0.0023,0.1601,30.2789,0,4,0,0,0,0,0,0,0,0,0,0,4,0,0,0,0,0,0,0,0,0
ubt,bintrie,5,4,storage_sstore_k1,3,,2304,0,0,0.154,27.5528,0.0032,0.7717,28.9218,0,4,0,0,0,0,0,0,0,0,0,0,4,0,0,0,0,0,0,0,0,0
ubt,bintrie,5,4,storage_sstore_k1,3,,2305,0,0,0.0647,22.356,0.0032,0.2981,23.0318,0,4,0,0,0,0,0,0,0,0,0,0,4,0,0,0,0,0,0,0,0,0
ubt,bintrie,5,4,storage_sstore_k1,3,,2306,0,0,0.047,13.2043,0.007,0.261,25.2376,0,4,0,0,0,0,0,0,0,0,0,0,4,0,0,0,0,0,0,0,0,0
ubt,bintrie,5,4,storage_sstore_k1,3,,2307,0,0,0.7216,15.4781,0.0053,0.257,17.3386,0,4,0,0,0,0,0,0,0,0,0,0,4,0,0,0,0,0,0,0,0,0
ubt,bintrie,5,4,storage_sstore_k1,3,,2308,0,0,0.1715,6.0887,0.0111,0.4179,7.4394,0,4,0,0,0,0,0,0,0,0,0,0,4,0,0,0,0,0,0,0,0,0
ubt,bintrie,5,4,storage_sstore_k1,3,,2309,0,0,0.0403,3.548,0.0026,0.1907,4.0214,0,4,0,0,0,0,0,0,0,0,0,0,4,0,0,0,0,0,0,0,0,0
ubt,bintrie,5,4,storage_sstore_k1,3,,2310,0,0,0.0645,14.4091,0.0079,0.3491,29.8085,0,4,0,0,0,0,0,0,0,0,0,0,4,0,0,0,0,0,0,0,0,0
ubt,bintrie,5,4,storage_sstore_k1,3,,2311,0,0,0.1146,12.6195,0.0044,0.4503,13.9297,0,4,0,0,0,0,0,0,0,0,0,0,4,0,0,0,0,0,0,0,0,0
ubt,bintrie,5,4,storage_sstore_k1,3,,2312,0,0,0.0572,15.0269,0.0076,0.3876,33.9789,0,4,0,0,0,0,0,0,0,0,0,0,4,0,0,0,0,0,0,0,0,0
ubt,bintrie,5,4,storage_sstore_k1,3,,2313,0,0,0.0919,3.5066,0.0047,0.308,4.2617,0,4,0,0,0,0,0,0,0,0,0,0,4,0,0,0,0,0,0,0,0,0
ubt,bintrie,5,4,storage_sstore_k1,3,,2314,0,0,0.0904,14.3018,0.0079,0.3765,36.4615,0,4,0,0,0,0,0,0,0,0,0,0,4,0,0,0,0,0,0,0,0,0
ubt,bintrie,5,4,storage_sstore_k1,3,,2315,0,0,0.0455,7.0383,0.0038,5.5129,16.47,0,4,0,0,0,0,0,0,0,0,0,0,4,0,0,0,0,0,0,0,0,0
ubt,bintrie,5,4,storage_sstore_k1,3,,2316,0,0,0.0939,30.906,0.0067,0.4836,32.6752,0,4,0,0,0,0,0,0,0,0,0,0,4,0,0,0,0,0,0,0,0,0
ubt,bintrie,5,4,storage_sstore_k1,3,,2317,0,0,0.152,33.8751,0.0067,0.7986,35.4506,0,4,0,0,0,0,0,0,0,0,0,0,4,0,0,0,0,0,0,0,0,0
ubt,bintrie,5,4,storage_sstore_k1,3,,2318,0,0,0.1295,29.4769,0.002,0.147,30.2343,0,4,0,0,0,0,0,0,0,0,0,0,4,0,0,0,0,0,0,0,0,0
ubt,bintrie,5,4,storage_sstore_k1,3,,2319,86946,2,0.166,3.8452,50.4726,1.9506,59.4723,1.462,11,0,0,0,3,0,0,0,1,164,6,5,54.55,0,0,0,0,0,0,0,0
ubt,bintrie,5,4,storage_sstore_k1,3,,2320,99917441,1,130.7626,133.8528,23.5693,23.3263,354.4424,281.9003,8,4414,2,192,3,0,4414,0,0,0,3,5,37.5,1287,3127,29.16,2,0,100,192,0
ubt,bintrie,5,4,storage_sstore_k1,3,,2321,21000,1,0.1557,34.7644,25.3085,2.1784,62.6981,0.3349,6,0,0,0,2,0,0,0,0,0,2,4,33.33,0,0,0,0,0,0,0,0
ubt,bintrie,5,4,storage_sstore_k1,3,,2322,0,0,0.1242,35.5148,0.0032,0.1922,36.6695,0,4,0,0,0,0,0,0,0,0,0,0,4,0,0,0,0,0,0,0,0,0
ubt,bintrie,5,4,storage_sstore_k1,4,,2323,0,0,0.079,22.0142,0.0053,0.9254,23.3278,0,4,0,0,0,0,0,0,0,0,0,0,4,0,0,0,0,0,0,0,0,0
ubt,bintrie,5,4,storage_sstore_k1,4,,2324,0,0,2.608,25.5348,0.0053,0.343,29.194,0,4,0,0,0,0,0,0,0,0,0,0,4,0,0,0,0,0,0,0,0,0
ubt,bintrie,5,4,storage_sstore_k1,4,,2325,0,0,0.0977,39.3863,0.0032,0.4317,40.2516,0,4,0,0,0,0,0,0,0,0,0,0,4,0,0,0,0,0,0,0,0,0
ubt,bintrie,5,4,storage_sstore_k1,4,,2326,0,0,0.077,34.5366,0.0055,0.3681,35.3173,0,4,0,0,0,0,0,0,0,0,0,0,4,0,0,0,0,0,0,0,0,0
ubt,bintrie,5,4,storage_sstore_k1,4,,2327,0,0,0.5562,8.5098,0.0023,0.2327,11.7375,0,4,0,0,0,0,0,0,0,0,0,0,4,0,0,0,0,0,0,0,0,0
ubt,bintrie,5,4,storage_sstore_k1,4,,2328,0,0,0.1557,3.1645,0.0029,0.2327,4.3857,0,4,0,0,0,0,0,0,0,0,0,0,4,0,0,0,0,0,0,0,0,0
ubt,bintrie,5,4,storage_sstore_k1,4,,2329,0,0,0.0645,18.1342,0.0047,0.2631,18.7709,0,4,0,0,0,0,0,0,0,0,0,0,4,0,0,0,0,0,0,0,0,0
ubt,bintrie,5,4,storage_sstore_k1,4,,2330,0,0,0.0478,24.1147,0.0032,0.2374,37.4304,0,4,0,0,0,0,0,0,0,0,0,0,4,0,0,0,0,0,0,0,0,0
ubt,bintrie,5,4,storage_sstore_k1,4,,2331,0,0,0.0779,5.8629,0.0053,0.2435,6.6347,0,4,0,0,0,0,0,0,0,0,0,0,4,0,0,0,0,0,0,0,0,0
ubt,bintrie,5,4,storage_sstore_k1,4,,2332,0,0,0.0624,31.4593,0.0029,0.1747,31.9598,0,4,0,0,0,0,0,0,0,0,0,0,4,0,0,0,0,0,0,0,0,0
ubt,bintrie,5,4,storage_sstore_k1,4,,2333,0,0,0.0802,10.7065,0.0044,0.2403,11.3631,0,4,0,0,0,0,0,0,0,0,0,0,4,0,0,0,0,0,0,0,0,0
ubt,bintrie,5,4,storage_sstore_k1,4,,2334,0,0,0.056,1.8357,0.002,0.0965,2.2817,0,4,0,0,0,0,0,0,0,0,0,0,4,0,0,0,0,0,0,0,0,0
ubt,bintrie,5,4,storage_sstore_k1,4,,2335,0,0,0.0665,13.2918,0.0073,0.4109,33.0156,0,4,0,0,0,0,0,0,0,0,0,0,4,0,0,0,0,0,0,0,0,0
ubt,bintrie,5,4,storage_sstore_k1,4,,2336,0,0,0.0575,3.278,0.002,0.1423,3.6723,0,4,0,0,0,0,0,0,0,0,0,0,4,0,0,0,0,0,0,0,0,0
ubt,bintrie,5,4,storage_sstore_k1,4,,2337,0,0,0.0443,11.3473,0.0047,0.2634,32.4034,0,4,0,0,0,0,0,0,0,0,0,0,4,0,0,0,0,0,0,0,0,0
ubt,bintrie,5,4,storage_sstore_k1,4,,2338,0,0,1.3772,38.6977,0.0023,0.1347,40.4062,0,4,0,0,0,0,0,0,0,0,0,0,4,0,0,0,0,0,0,0,0,0
ubt,bintrie,5,4,storage_sstore_k1,4,,2339,0,0,0.061,15.0797,0.0038,0.2497,15.5965,0,4,0,0,0,0,0,0,0,0,0,0,4,0,0,0,0,0,0,0,0,0
ubt,bintrie,5,4,storage_sstore_k1,4,,2340,0,0,0.0551,24.6388,0.0032,0.1557,25.1297,0,4,0,0,0,0,0,0,0,0,0,0,4,0,0,0,0,0,0,0,0,0
ubt,bintrie,5,4,storage_sstore_k1,4,,2341,0,0,0.065,14.6801,0.0052,0.259,37.6833,0,4,0,0,0,0,0,0,0,0,0,0,4,0,0,0,0,0,0,0,0,0
ubt,bintrie,5,4,storage_sstore_k1,4,,2342,86946,2,0.3955,38.285,10.1261,2.7886,51.9621,1.6733,11,0,0,0,3,0,0,0,1,164,5,6,45.45,0,0,0,0,0,0,0,0
ubt,bintrie,5,4,storage_sstore_k1,4,,2343,99917441,1,132.8439,131.4299,60.781,66.8869,394.0956,253.536,8,4414,2,192,3,0,4414,0,0,0,4,4,50,1399,3015,31.69,2,0,100,192,0
ubt,bintrie,5,4,storage_sstore_k1,4,,2344,21000,1,0.1269,16.4242,3.21,0.982,41.6822,0.5038,6,0,0,0,2,0,0,0,0,0,2,4,33.33,0,0,0,0,0,0,0,0
ubt,bintrie,5,4,storage_sstore_k1,4,,2345,0,0,0.0475,8.2373,0.0035,0.264,32.5352,0,4,0,0,0,0,0,0,0,0,0,0,4,0,0,0,0,0,0,0,0,0
ubt,bintrie,5,4,storage_sstore_k1,5,,2346,0,0,0.0732,14.1157,0.0032,0.2074,14.6486,0,4,0,0,0,0,0,0,0,0,0,0,4,0,0,0,0,0,0,0,0,0
ubt,bintrie,5,4,storage_sstore_k1,5,,2347,0,0,0.0566,4.6447,0.0023,0.2561,5.6022,0,4,0,0,0,0,0,0,0,0,0,0,4,0,0,0,0,0,0,0,0,0
ubt,bintrie,5,4,storage_sstore_k1,5,,2348,0,0,0.037,12.2439,0.0029,0.1557,12.6437,0,4,0,0,0,0,0,0,0,0,0,0,4,0,0,0,0,0,0,0,0,0
ubt,bintrie,5,4,storage_sstore_k1,5,,2349,0,0,0.1315,16.7249,0.0029,0.168,20.9543,0,4,0,0,0,0,0,0,0,0,0,0,4,0,0,0,0,0,0,0,0,0
ubt,bintrie,5,4,storage_sstore_k1,5,,2350,0,0,0.0271,0.6609,0.0015,0.1295,0.9555,0,4,0,0,0,0,0,0,0,0,0,0,4,0,0,0,0,0,0,0,0,0
ubt,bintrie,5,4,storage_sstore_k1,5,,2351,0,0,0.051,13.2046,0.0029,2.3213,16.2516,0,4,0,0,0,0,0,0,0,0,0,0,4,0,0,0,0,0,0,0,0,0
ubt,bintrie,5,4,storage_sstore_k1,5,,2352,0,0,0.1234,26.4769,0.0058,0.2841,27.3367,0,4,0,0,0,0,0,0,0,0,0,0,4,0,0,0,0,0,0,0,0,0
ubt,bintrie,5,4,storage_sstore_k1,5,,2353,0,0,0.0758,9.539,0.0038,3.3153,19.8226,0,4,0,0,0,0,0,0,0,0,0,0,4,0,0,0,0,0,0,0,0,0
ubt,bintrie,5,4,storage_sstore_k1,5,,2354,0,0,0.0863,7.3659,0.0044,0.2736,8.1466,0,4,0,0,0,0,0,0,0,0,0,0,4,0,0,0,0,0,0,0,0,0
ubt,bintrie,5,4,storage_sstore_k1,5,,2355,0,0,0.096,9.4396,0.005,0.215,29.6571,0,4,0,0,0,0,0,0,0,0,0,0,4,0,0,0,0,0,0,0,0,0
ubt,bintrie,5,4,storage_sstore_k1,5,,2356,0,0,0.0799,15.572,0.0029,0.1315,16.0777,0,4,0,0,0,0,0,0,0,0,0,0,4,0,0,0,0,0,0,0,0,0
ubt,bintrie,5,4,storage_sstore_k1,5,,2357,0,0,0.1505,20.1376,0.0041,0.1747,37.8717,0,4,0,0,0,0,0,0,0,0,0,0,4,0,0,0,0,0,0,0,0,0
ubt,bintrie,5,4,storage_sstore_k1,5,,2358,0,0,0.1977,6.6046,0.0076,0.5457,7.8273,0,4,0,0,0,0,0,0,0,0,0,0,4,0,0,0,0,0,0,0,0,0
ubt,bintrie,5,4,storage_sstore_k1,5,,2359,0,0,0.1835,19.9976,0.007,0.5381,21.1655,0,4,0,0,0,0,0,0,0,0,0,0,4,0,0,0,0,0,0,0,0,0
ubt,bintrie,5,4,storage_sstore_k1,5,,2360,0,0,0.1657,6.6283,0.0079,0.5136,7.8944,0,4,0,0,0,0,0,0,0,0,0,0,4,0,0,0,0,0,0,0,0,0
ubt,bintrie,5,4,storage_sstore_k1,5,,2361,0,0,0.0577,20.2508,0.0023,0.2319,21.8176,0,4,0,0,0,0,0,0,0,0,0,0,4,0,0,0,0,0,0,0,0,0
ubt,bintrie,5,4,storage_sstore_k1,5,,2362,0,0,0.0621,21.2521,0.0026,0.2339,21.752,0,4,0,0,0,0,0,0,0,0,0,0,4,0,0,0,0,0,0,0,0,0
ubt,bintrie,5,4,storage_sstore_k1,5,,2363,0,0,0.0478,15.9934,0.0038,0.7863,17.8076,0,4,0,0,0,0,0,0,0,0,0,0,4,0,0,0,0,0,0,0,0,0
ubt,bintrie,5,4,storage_sstore_k1,5,,2364,0,0,0.051,12.164,0.0035,0.2185,25.6669,0,4,0,0,0,0,0,0,0,0,0,0,4,0,0,0,0,0,0,0,0,0
ubt,bintrie,5,4,storage_sstore_k1,5,,2365,86946,2,0.2596,15.931,25.4674,1.824,44.3754,1.9593,11,0,0,0,3,0,0,0,1,164,6,5,54.55,0,0,0,0,0,0,0,0
ubt,bintrie,5,4,storage_sstore_k1,5,,2366,99917441,1,114.4644,107.6426,53.178,29.5979,305.8022,326.7388,8,4414,2,192,3,0,4414,0,0,0,3,5,37.5,1379,3035,31.24,2,0,100,192,0
ubt,bintrie,5,4,storage_sstore_k1,5,,2367,21000,1,0.1487,28.1011,20.0621,1.0447,49.6501,0.423,6,0,0,0,2,0,0,0,0,0,2,4,33.33,0,0,0,0,0,0,0,0
ubt,bintrie,5,4,storage_sstore_k1,5,,2368,0,0,0.0621,4.0339,0.0035,0.1881,4.5613,0,4,0,0,0,0,0,0,0,0,0,0,4,0,0,0,0,0,0,0,0,0
ubt,bintrie,5,4,storage_sstore_k1,6,,2369,0,0,0.096,34.6436,0.0047,0.3864,35.4775,0,4,0,0,0,0,0,0,0,0,0,0,4,0,0,0,0,0,0,0,0,0
ubt,bintrie,5,4,storage_sstore_k1,6,,2370,0,0,0.0741,8.8933,0.0032,0.1881,9.4031,0,4,0,0,0,0,0,0,0,0,0,0,4,0,0,0,0,0,0,0,0,0
ubt,bintrie,5,4,storage_sstore_k1,6,,2371,0,0,0.0857,60.6614,0.0035,0.224,61.3681,0,4,0,0,0,0,0,0,0,0,0,0,4,0,0,0,0,0,0,0,0,0
ubt,bintrie,5,4,storage_sstore_k1,6,,2372,0,0,0.0671,28.389,0.0023,0.1884,29.8884,0,4,0,0,0,0,0,0,0,0,0,0,4,0,0,0,0,0,0,0,0,0
ubt,bintrie,5,4,storage_sstore_k1,6,,2373,0,0,0.0653,2.5231,0.0032,4.5898,9.0097,0,4,0,0,0,0,0,0,0,0,0,0,4,0,0,0,0,0,0,0,0,0
ubt,bintrie,5,4,storage_sstore_k1,6,,2374,0,0,0.1432,14.8703,0.0029,0.1441,15.514,0,4,0,0,0,0,0,0,0,0,0,0,4,0,0,0,0,0,0,0,0,0
ubt,bintrie,5,4,storage_sstore_k1,6,,2375,0,0,0.2552,5.6016,0.0023,0.1607,6.6574,0,4,0,0,0,0,0,0,0,0,0,0,4,0,0,0,0,0,0,0,0,0
ubt,bintrie,5,4,storage_sstore_k1,6,,2376,0,0,0.3159,42.7733,0.0047,0.3135,44.1185,0,4,0,0,0,0,0,0,0,0,0,0,4,0,0,0,0,0,0,0,0,0
ubt,bintrie,5,4,storage_sstore_k1,6,,2377,0,0,0.0388,4.8348,0.0041,7.7698,16.3262,0,4,0,0,0,0,0,0,0,0,0,0,4,0,0,0,0,0,0,0,0,0
ubt,bintrie,5,4,storage_sstore_k1,6,,2378,0,0,0.2185,6.9619,0.0102,0.6189,8.4144,0,4,0,0,0,0,0,0,0,0,0,0,4,0,0,0,0,0,0,0,0,0
ubt,bintrie,5,4,storage_sstore_k1,6,,2379,0,0,0.0875,14.4162,0.0128,0.2199,14.9779,0,4,0,0,0,0,0,0,0,0,0,0,4,0,0,0,0,0,0,0,0,0
ubt,bintrie,5,4,storage_sstore_k1,6,,2380,0,0,0.1581,6.3258,0.0073,0.4337,7.5202,0,4,0,0,0,0,0,0,0,0,0,0,4,0,0,0,0,0,0,0,0,0
ubt,bintrie,5,4,storage_sstore_k1,6,,2381,0,0,0.0767,15.8634,0.0041,0.1642,35.1981,0,4,0,0,0,0,0,0,0,0,0,0,4,0,0,0,0,0,0,0,0,0
ubt,bintrie,5,4,storage_sstore_k1,6,,2382,0,0,0.1415,23.7831,0.0047,0.4127,24.7587,0,4,0,0,0,0,0,0,0,0,0,0,4,0,0,0,0,0,0,0,0,0
ubt,bintrie,5,4,storage_sstore_k1,6,,2383,0,0,0.0554,21.5744,0.0026,11.4471,33.3909,0,4,0,0,0,0,0,0,0,0,0,0,4,0,0,0,0,0,0,0,0,0
ubt,bintrie,5,4,storage_sstore_k1,6,,2384,0,0,0.0589,26.4308,0.0038,0.2263,27.001,0,4,0,0,0,0,0,0,0,0,0,0,4,0,0,0,0,0,0,0,0,0
ubt,bintrie,5,4,storage_sstore_k1,6,,2385,0,0,0.0793,12.7426,0.0041,0.3902,13.7229,0,4,0,0,0,0,0,0,0,0,0,0,4,0,0,0,0,0,0,0,0,0
ubt,bintrie,5,4,storage_sstore_k1,6,,2386,0,0,0.0697,27.3308,0.0035,0.2415,27.8727,0,4,0,0,0,0,0,0,0,0,0,0,4,0,0,0,0,0,0,0,0,0
ubt,bintrie,5,4,storage_sstore_k1,6,,2387,0,0,0.0729,18.061,0.0032,0.1762,18.6079,0,4,0,0,0,0,0,0,0,0,0,0,4,0,0,0,0,0,0,0,0,0
ubt,bintrie,5,4,storage_sstore_k1,6,,2388,86946,2,0.1429,7.1614,26.7746,1.9238,36.3609,2.3912,11,0,0,0,3,0,0,0,1,164,4,7,36.36,0,0,0,0,0,0,0,0
ubt,bintrie,5,4,storage_sstore_k1,6,,2389,0,0,0.0575,30.5379,0.0032,0.3354,31.3511,0,4,0,0,0,0,0,0,0,0,0,0,4,0,0,0,0,0,0,0,0,0
ubt,bintrie,5,4,storage_sstore_k1,6,,2390,99917441,1,124.6746,132.0145,19.6713,28.1557,338.7239,294.982,8,4414,2,192,3,0,4414,0,0,0,3,5,37.5,1738,2676,39.37,2,0,100,192,0
ubt,bintrie,5,4,storage_sstore_k1,6,,2391,21000,1,0.1283,13.4169,25.7369,0.7732,40.4374,0.5193,6,0,0,0,2,0,0,0,0,0,0,6,0,0,0,0,0,0,0,0,0
ubt,bintrie,5,4,storage_sstore_k1,6,,2392,0,0,0.3675,42.5313,0.0035,0.161,44.6394,0,4,0,0,0,0,0,0,0,0,0,0,4,0,0,0,0,0,0,0,0,0
ubt,bintrie,5,4,storage_sstore_k1,7,,2393,0,0,0.2663,27.3131,0.0029,0.7046,28.5931,0,4,0,0,0,0,0,0,0,0,0,0,4,0,0,0,0,0,0,0,0,0
ubt,bintrie,5,4,storage_sstore_k1,7,,2394,0,0,0.0277,1.7112,0.0015,0.0948,1.9845,0,4,0,0,0,0,0,0,0,0,0,0,4,0,0,0,0,0,0,0,0,0
ubt,bintrie,5,4,storage_sstore_k1,7,,2395,0,0,0.1102,38.0689,0.0053,3.1902,42.3306,0,4,0,0,0,0,0,0,0,0,0,0,4,0,0,0,0,0,0,0,0,0
ubt,bintrie,5,4,storage_sstore_k1,7,,2396,0,0,0.0712,32.5454,0.0035,0.3179,33.3524,0,4,0,0,0,0,0,0,0,0,0,0,4,0,0,0,0,0,0,0,0,0
ubt,bintrie,5,4,storage_sstore_k1,7,,2397,0,0,0.3121,35.3891,0.0026,0.2456,36.5108,0,4,0,0,0,0,0,0,0,0,0,0,4,0,0,0,0,0,0,0,0,0
ubt,bintrie,5,4,storage_sstore_k1,7,,2398,0,0,0.4987,7.2816,0.0023,0.1406,8.1297,0,4,0,0,0,0,0,0,0,0,0,0,4,0,0,0,0,0,0,0,0,0
ubt,bintrie,5,4,storage_sstore_k1,7,,2399,0,0,0.0712,14.8784,0.0128,0.5504,15.7467,0,4,0,0,0,0,0,0,0,0,0,0,4,0,0,0,0,0,0,0,0,0
ubt,bintrie,5,4,storage_sstore_k1,7,,2400,0,0,0.2745,31.2808,0.0032,0.1327,32.4818,0,4,0,0,0,0,0,0,0,0,0,0,4,0,0,0,0,0,0,0,0,0
ubt,bintrie,5,4,storage_sstore_k1,7,,2401,0,0,0.0706,2.958,0.0032,0.2727,3.6603,0,4,0,0,0,0,0,0,0,0,0,0,4,0,0,0,0,0,0,0,0,0
ubt,bintrie,5,4,storage_sstore_k1,7,,2402,0,0,0.2217,9.3069,0.0274,9.9584,36.0853,0,4,0,0,0,0,0,0,0,0,0,0,4,0,0,0,0,0,0,0,0,0
ubt,bintrie,5,4,storage_sstore_k1,7,,2403,0,0,0.0356,3.2021,0.0023,0.1245,3.5285,0,4,0,0,0,0,0,0,0,0,0,0,4,0,0,0,0,0,0,0,0,0
ubt,bintrie,5,4,storage_sstore_k1,7,,2404,0,0,0.0647,23.5903,0.0041,0.1762,39.7456,0,4,0,0,0,0,0,0,0,0,0,0,4,0,0,0,0,0,0,0,0,0
ubt,bintrie,5,4,storage_sstore_k1,7,,2405,0,0,0.0522,3.3955,0.0018,0.121,3.8027,0,4,0,0,0,0,0,0,0,0,0,0,4,0,0,0,0,0,0,0,0,0
ubt,bintrie,5,4,storage_sstore_k1,7,,2406,0,0,0.0499,29.8073,0.0029,0.1715,30.2935,0,4,0,0,0,0,0,0,0,0,0,0,4,0,0,0,0,0,0,0,0,0
ubt,bintrie,5,4,storage_sstore_k1,7,,2407,0,0,0.0875,12.5796,0.0053,0.4124,13.414,0,4,0,0,0,0,0,0,0,0,0,0,4,0,0,0,0,0,0,0,0,0
ubt,bintrie,5,4,storage_sstore_k1,7,,2408,0,0,0.0583,21.425,0.0044,0.1595,22.0258,0,4,0,0,0,0,0,0,0,0,0,0,4,0,0,0,0,0,0,0,0,0
ubt,bintrie,5,4,storage_sstore_k1,7,,2409,0,0,0.0595,15.0989,0.0023,0.2275,16.2869,0,4,0,0,0,0,0,0,0,0,0,0,4,0,0,0,0,0,0,0,0,0
ubt,bintrie,5,4,storage_sstore_k1,7,,2410,0,0,0.0694,16.2431,0.0061,0.3558,16.9947,0,4,0,0,0,0,0,0,0,0,0,0,4,0,0,0,0,0,0,0,0,0
ubt,bintrie,5,4,storage_sstore_k1,7,,2411,86946,2,0.5842,10.848,12.7024,2.0154,31.8705,2.7281,11,0,0,0,3,0,0,0,1,164,4,7,36.36,0,0,0,0,0,0,0,0
ubt,bintrie,5,4,storage_sstore_k1,7,,2412,99917441,1,167.2671,151.9395,29.3943,25.8008,374.682,266.6726,8,4414,2,192,3,0,4414,0,0,0,0,8,0,1926,2488,43.63,2,0,100,192,0
ubt,bintrie,5,4,storage_sstore_k1,7,,2413,21000,1,0.1805,22.3172,2.2525,0.9881,26.1091,0.8043,6,0,0,0,2,0,0,0,0,0,2,4,33.33,0,0,0,0,0,0,0,0
ubt,bintrie,5,4,storage_sstore_k1,7,,2414,0,0,0.1555,48.2603,0.0044,0.3089,49.2106,0,4,0,0,0,0,0,0,0,0,0,0,4,0,0,0,0,0,0,0,0,0
ubt,bintrie,5,4,storage_sstore_k1,7,,2415,0,0,0.0257,1.7707,0.0018,0.1108,2.055,0,4,0,0,0,0,0,0,0,0,0,0,4,0,0,0,0,0,0,0,0,0
ubt,bintrie,5,4,storage_sstore_k1,8,,2416,0,0,0.0919,18.5583,0.0035,0.2377,19.1947,0,4,0,0,0,0,0,0,0,0,0,0,4,0,0,0,0,0,0,0,0,0
ubt,bintrie,5,4,storage_sstore_k1,8,,2417,0,0,0.2642,25.5826,0.0055,0.3678,27.2708,0,4,0,0,0,0,0,0,0,0,0,0,4,0,0,0,0,0,0,0,0,0
ubt,bintrie,5,4,storage_sstore_k1,8,,2418,0,0,0.2797,18.0499,0.0029,0.168,19.4123,0,4,0,0,0,0,0,0,0,0,0,0,4,0,0,0,0,0,0,0,0,0
ubt,bintrie,5,4,storage_sstore_k1,8,,2419,0,0,0.0516,3.6297,0.0029,0.1447,5.2044,0,4,0,0,0,0,0,0,0,0,0,0,4,0,0,0,0,0,0,0,0,0
ubt,bintrie,5,4,storage_sstore_k1,8,,2420,0,0,0.0566,11.0195,0.0026,0.1767,11.5731,0,4,0,0,0,0,0,0,0,0,0,0,4,0,0,0,0,0,0,0,0,0
ubt,bintrie,5,4,storage_sstore_k1,8,,2421,0,0,0.0825,16.3525,0.0041,0.2313,16.9034,0,4,0,0,0,0,0,0,0,0,0,0,4,0,0,0,0,0,0,0,0,0
ubt,bintrie,5,4,storage_sstore_k1,8,,2422,0,0,0.026,1.5245,0.0017,0.1283,1.845,0,4,0,0,0,0,0,0,0,0,0,0,4,0,0,0,0,0,0,0,0,0
ubt,bintrie,5,4,storage_sstore_k1,8,,2423,0,0,0.0884,9.5997,0.0038,3.4162,14.6603,0,4,0,0,0,0,0,0,0,0,0,0,4,0,0,0,0,0,0,0,0,0
ubt,bintrie,5,4,storage_sstore_k1,8,,2424,0,0,0.3398,23.6166,0.0061,0.282,24.9354,0,4,0,0,0,0,0,0,0,0,0,0,4,0,0,0,0,0,0,0,0,0
ubt,bintrie,5,4,storage_sstore_k1,8,,2425,0,0,0.0519,31.6019,0.0026,0.161,32.0505,0,4,0,0,0,0,0,0,0,0,0,0,4,0,0,0,0,0,0,0,0,0
ubt,bintrie,5,4,storage_sstore_k1,8,,2426,0,0,0.1578,36.2702,0.0055,0.2838,44.9445,0,4,0,0,0,0,0,0,0,0,0,0,4,0,0,0,0,0,0,0,0,0
ubt,bintrie,5,4,storage_sstore_k1,8,,2427,0,0,0.0493,3.7012,0.0047,0.2575,15.4268,0,4,0,0,0,0,0,0,0,0,0,0,4,0,0,0,0,0,0,0,0,0
ubt,bintrie,5,4,storage_sstore_k1,8,,2428,0,0,0.3191,41.4968,0.0032,0.168,42.7293,0,4,0,0,0,0,0,0,0,0,0,0,4,0,0,0,0,0,0,0,0,0
ubt,bintrie,5,4,storage_sstore_k1,8,,2429,0,0,0.0892,9.1879,0.0079,0.5542,22.3274,0,4,0,0,0,0,0,0,0,0,0,0,4,0,0,0,0,0,0,0,0,0
ubt,bintrie,5,4,storage_sstore_k1,8,,2430,0,0,0.3856,25.4324,0.0029,0.1429,26.7735,0,4,0,0,0,0,0,0,0,0,0,0,4,0,0,0,0,0,0,0,0,0
ubt,bintrie,5,4,storage_sstore_k1,8,,2431,0,0,0.0645,7.1999,0.0032,0.1272,8.1484,0,4,0,0,0,0,0,0,0,0,0,0,4,0,0,0,0,0,0,0,0,0
ubt,bintrie,5,4,storage_sstore_k1,8,,2432,0,0,0.1837,28.2414,0.0058,0.3911,30.0027,0,4,0,0,0,0,0,0,0,0,0,0,4,0,0,0,0,0,0,0,0,0
ubt,bintrie,5,4,storage_sstore_k1,8,,2433,0,0,0.0793,36.5277,0.0038,0.1995,37.4821,0,4,0,0,0,0,0,0,0,0,0,0,4,0,0,0,0,0,0,0,0,0
ubt,bintrie,5,4,storage_sstore_k1,8,,2434,0,0,0.0376,31.4747,0.0023,0.1353,31.8533,0,4,0,0,0,0,0,0,0,0,0,0,4,0,0,0,0,0,0,0,0,0
ubt,bintrie,5,4,storage_sstore_k1,8,,2435,86946,2,2.1259,34.095,2.5156,1.4495,40.4625,2.1488,11,0,0,0,3,0,0,0,1,164,4,7,36.36,0,0,0,0,0,0,0,0
ubt,bintrie,5,4,storage_sstore_k1,8,,2436,99917441,1,116.3378,117.8602,47.4177,27.1171,309.0399,323.3156,8,4414,2,192,3,0,4414,0,0,0,2,6,25,1415,2999,32.06,2,0,100,192,0
ubt,bintrie,5,4,storage_sstore_k1,8,,2437,21000,1,0.1744,23.0044,6.2019,0.735,30.5,0.6885,6,0,0,0,2,0,0,0,0,0,2,4,33.33,0,0,0,0,0,0,0,0
ubt,bintrie,5,4,storage_sstore_k1,8,,2438,0,0,0.0505,18.759,0.0035,0.2138,19.3834,0,4,0,0,0,0,0,0,0,0,0,0,4,0,0,0,0,0,0,0,0,0
ubt,bintrie,5,4,storage_sstore_k1,9,,2439,0,0,0.238,6.2363,0.0026,0.1467,7.0585,0,4,0,0,0,0,0,0,0,0,0,0,4,0,0,0,0,0,0,0,0,0
ubt,bintrie,5,4,storage_sstore_k1,9,,2440,0,0,0.2106,40.7253,0.0035,0.138,42.1332,0,4,0,0,0,0,0,0,0,0,0,0,4,0,0,0,0,0,0,0,0,0
ubt,bintrie,5,4,storage_sstore_k1,9,,2441,0,0,0.1922,2.6984,0.0099,0.5597,7.2976,0,4,0,0,0,0,0,0,0,0,0,0,4,0,0,0,0,0,0,0,0,0
ubt,bintrie,5,4,storage_sstore_k1,9,,2442,0,0,0.07,20.0361,0.0079,0.4827,22.1833,0,4,0,0,0,0,0,0,0,0,0,0,4,0,0,0,0,0,0,0,0,0
ubt,bintrie,5,4,storage_sstore_k1,9,,2443,0,0,0.1625,20.8397,0.0035,0.2007,22.0238,0,4,0,0,0,0,0,0,0,0,0,0,4,0,0,0,0,0,0,0,0,0
ubt,bintrie,5,4,storage_sstore_k1,9,,2444,0,0,0.0417,14.8586,0.0035,0.1721,15.2908,0,4,0,0,0,0,0,0,0,0,0,0,4,0,0,0,0,0,0,0,0,0
ubt,bintrie,5,4,storage_sstore_k1,9,,2445,0,0,0.2295,42.5094,0.0023,0.1639,43.6107,0,4,0,0,0,0,0,0,0,0,0,0,4,0,0,0,0,0,0,0,0,0
ubt,bintrie,5,4,storage_sstore_k1,9,,2446,0,0,0.0925,47.6519,0.0032,0.1601,48.3225,0,4,0,0,0,0,0,0,0,0,0,0,4,0,0,0,0,0,0,0,0,0
ubt,bintrie,5,4,storage_sstore_k1,9,,2447,0,0,0.0359,5.4937,0.0029,2.2076,8.1017,0,4,0,0,0,0,0,0,0,0,0,0,4,0,0,0,0,0,0,0,0,0
ubt,bintrie,5,4,storage_sstore_k1,9,,2448,0,0,0.1444,46.4436,0.0061,0.2587,47.565,0,4,0,0,0,0,0,0,0,0,0,0,4,0,0,0,0,0,0,0,0,0
ubt,bintrie,5,4,storage_sstore_k1,9,,2449,0,0,0.1158,9.4466,0.0111,5.3301,18.5685,0,4,0,0,0,0,0,0,0,0,0,0,4,0,0,0,0,0,0,0,0,0
ubt,bintrie,5,4,storage_sstore_k1,9,,2450,0,0,0.2039,3.5696,0.005,0.2625,4.6006,0,4,0,0,0,0,0,0,0,0,0,0,4,0,0,0,0,0,0,0,0,0
ubt,bintrie,5,4,storage_sstore_k1,9,,2451,0,0,0.0513,5.517,0.0076,0.6457,11.6229,0,4,0,0,0,0,0,0,0,0,0,0,4,0,0,0,0,0,0,0,0,0
ubt,bintrie,5,4,storage_sstore_k1,9,,2452,0,0,0.0341,1.7975,0.0012,0.1409,2.1125,0,4,0,0,0,0,0,0,0,0,0,0,4,0,0,0,0,0,0,0,0,0
ubt,bintrie,5,4,storage_sstore_k1,9,,2453,0,0,0.0601,5.1213,0.0041,2.3455,9.5393,0,4,0,0,0,0,0,0,0,0,0,0,4,0,0,0,0,0,0,0,0,0
ubt,bintrie,5,4,storage_sstore_k1,9,,2454,0,0,0.0604,27.2533,0.0026,0.1312,27.789,0,4,0,0,0,0,0,0,0,0,0,0,4,0,0,0,0,0,0,0,0,0
ubt,bintrie,5,4,storage_sstore_k1,9,,2455,0,0,0.1102,54.7906,0.007,2.2271,60.4313,0,4,0,0,0,0,0,0,0,0,0,0,4,0,0,0,0,0,0,0,0,0
ubt,bintrie,5,4,storage_sstore_k1,9,,2456,0,0,0.0414,3.5667,0.0029,0.1525,3.9666,0,4,0,0,0,0,0,0,0,0,0,0,4,0,0,0,0,0,0,0,0,0
ubt,bintrie,5,4,storage_sstore_k1,9,,2457,86946,2,0.8931,30.5519,3.2456,1.7963,36.7427,2.3663,11,0,0,0,3,0,0,0,1,164,5,6,45.45,0,0,0,0,0,0,0,0
ubt,bintrie,5,4,storage_sstore_k1,9,,2458,99917441,1,163.3831,104.9934,60.39,43.021,372.0569,268.5542,8,4414,2,192,3,0,4414,0,0,0,3,5,37.5,1616,2798,36.61,2,0,100,192,0
ubt,bintrie,5,4,storage_sstore_k1,9,,2459,21000,1,0.3468,16.3216,1.4533,0.7356,22.2633,0.9433,6,0,0,0,2,0,0,0,0,0,0,6,0,0,0,0,0,0,0,0,0
ubt,bintrie,5,4,storage_sstore_k1,9,,2460,0,0,0.0901,5.1408,0.0038,3.0257,9.3037,0,4,0,0,0,0,0,0,0,0,0,0,4,0,0,0,0,0,0,0,0,0
ubt,bintrie,5,4,storage_sstore_k1,9,,2461,0,0,0.1018,31.6856,0.0061,0.261,32.4921,0,4,0,0,0,0,0,0,0,0,0,0,4,0,0,0,0,0,0,0,0,0
ubt,bintrie,5,4,storage_sstore_k10,10,,2689,0,0,0.0723,2.6462,0.0032,0.2281,3.3033,0,4,0,0,0,0,0,0,0,0,0,0,4,0,0,0,0,0,0,0,0,0
ubt,bintrie,5,4,storage_sstore_k10,10,,2690,0,0,0.0621,16.4298,0.0026,0.1487,16.883,0,4,0,0,0,0,0,0,0,0,0,0,4,0,0,0,0,0,0,0,0,0
ubt,bintrie,5,4,storage_sstore_k10,10,,2691,0,0,0.0467,40.7177,0.0029,0.126,41.0916,0,4,0,0,0,0,0,0,0,0,0,0,4,0,0,0,0,0,0,0,0,0
ubt,bintrie,5,4,storage_sstore_k10,10,,2692,0,0,0.0586,23.8636,0.0023,0.1493,24.313,0,4,0,0,0,0,0,0,0,0,0,0,4,0,0,0,0,0,0,0,0,0
ubt,bintrie,5,4,storage_sstore_k10,10,,2693,0,0,0.0496,2.1029,0.0018,0.2103,2.6672,0,4,0,0,0,0,0,0,0,0,0,0,4,0,0,0,0,0,0,0,0,0
ubt,bintrie,5,4,storage_sstore_k10,10,,2694,0,0,0.1674,22.358,0.0102,0.4847,23.5815,0,4,0,0,0,0,0,0,0,0,0,0,4,0,0,0,0,0,0,0,0,0
ubt,bintrie,5,4,storage_sstore_k10,10,,2695,0,0,0.117,30.8016,0.0055,0.5623,31.9615,0,4,0,0,0,0,0,0,0,0,0,0,4,0,0,0,0,0,0,0,0,0
ubt,bintrie,5,4,storage_sstore_k10,10,,2696,0,0,0.5655,28.3755,0.0064,0.4917,30.2028,0,4,0,0,0,0,0,0,0,0,0,0,4,0,0,0,0,0,0,0,0,0
ubt,bintrie,5,4,storage_sstore_k10,10,,2697,0,0,0.1931,52.4488,0.0105,0.7738,53.9961,0,4,0,0,0,0,0,0,0,0,0,0,4,0,0,0,0,0,0,0,0,0
ubt,bintrie,5,4,storage_sstore_k10,10,,2698,0,0,0.1137,12.238,0.0052,0.3512,13.2224,0,4,0,0,0,0,0,0,0,0,0,0,4,0,0,0,0,0,0,0,0,0
ubt,bintrie,5,4,storage_sstore_k10,10,,2699,0,0,0.1097,42.3425,0.0026,0.1613,43.0066,0,4,0,0,0,0,0,0,0,0,0,0,4,0,0,0,0,0,0,0,0,0
ubt,bintrie,5,4,storage_sstore_k10,10,,2700,0,0,0.0933,8.354,0.0093,1.0634,9.9855,0,4,0,0,0,0,0,0,0,0,0,0,4,0,0,0,0,0,0,0,0,0
ubt,bintrie,5,4,storage_sstore_k10,10,,2701,0,0,0.0989,70.177,0.0058,0.2602,71.3956,0,4,0,0,0,0,0,0,0,0,0,0,4,0,0,0,0,0,0,0,0,0
ubt,bintrie,5,4,storage_sstore_k10,10,,2702,0,0,0.1598,10.0552,0.0055,0.3372,11.0971,0,4,0,0,0,0,0,0,0,0,0,0,4,0,0,0,0,0,0,0,0,0
ubt,bintrie,5,4,storage_sstore_k10,10,,2703,0,0,0.4579,62.9036,0.0029,0.1744,64.9097,0,4,0,0,0,0,0,0,0,0,0,0,4,0,0,0,0,0,0,0,0,0
ubt,bintrie,5,4,storage_sstore_k10,10,,2704,0,0,0.0499,10.0593,0.0029,0.1928,10.5694,0,4,0,0,0,0,0,0,0,0,0,0,4,0,0,0,0,0,0,0,0,0
ubt,bintrie,5,4,storage_sstore_k10,10,,2705,0,0,0.044,49.9111,0.0023,0.1732,50.3162,0,4,0,0,0,0,0,0,0,0,0,0,4,0,0,0,0,0,0,0,0,0
ubt,bintrie,5,4,storage_sstore_k10,10,,2706,0,0,0.3179,21.9127,0.0032,0.1741,23.1461,0,4,0,0,0,0,0,0,0,0,0,0,4,0,0,0,0,0,0,0,0,0
ubt,bintrie,5,4,storage_sstore_k10,10,,2707,86978,2,0.1444,14.1385,35.443,2.1268,52.2336,1.6652,11,0,0,0,3,0,0,0,1,166,7,4,63.64,0,0,0,0,0,0,0,0
ubt,bintrie,5,4,storage_sstore_k10,10,,2708,99917814,1,131.0175,136.1393,64.189,30.829,368.2351,271.3424,17,4855,11,446,11,0,4355,0,0,0,1,16,5.88,1264,3591,26.04,11,0,100,446,0
ubt,bintrie,5,4,storage_sstore_k10,10,,2709,21000,1,0.0738,15.3518,11.4952,0.9709,28.0649,0.7483,6,0,0,0,2,0,0,0,0,0,2,4,33.33,0,0,0,0,0,0,0,0
ubt,bintrie,5,4,storage_sstore_k10,10,,2710,0,0,0.2899,56.173,0.0061,0.2803,57.4709,0,4,0,0,0,0,0,0,0,0,0,0,4,0,0,0,0,0,0,0,0,0
ubt,bintrie,5,4,storage_sstore_k10,1,,2486,0,0,0.0881,6.5851,0.0038,0.2712,7.2693,0,4,0,0,0,0,0,0,0,0,0,0,4,0,0,0,0,0,0,0,0,0
ubt,bintrie,5,4,storage_sstore_k10,1,,2487,0,0,0.2173,46.9636,0.0023,0.1248,48.1434,0,4,0,0,0,0,0,0,0,0,0,0,4,0,0,0,0,0,0,0,0,0
ubt,bintrie,5,4,storage_sstore_k10,1,,2488,0,0,0.0726,6.5422,0.0079,0.6177,19.5844,0,4,0,0,0,0,0,0,0,0,0,0,4,0,0,0,0,0,0,0,0,0
ubt,bintrie,5,4,storage_sstore_k10,1,,2489,0,0,0.0411,3.021,0.0032,3.9511,7.7713,0,4,0,0,0,0,0,0,0,0,0,0,4,0,0,0,0,0,0,0,0,0
ubt,bintrie,5,4,storage_sstore_k10,1,,2490,0,0,0.0992,35.595,0.0076,0.1581,36.1255,0,4,0,0,0,0,0,0,0,0,0,0,4,0,0,0,0,0,0,0,0,0
ubt,bintrie,5,4,storage_sstore_k10,1,,2491,0,0,0.0642,14.6401,0.0029,0.2249,15.136,0,4,0,0,0,0,0,0,0,0,0,0,4,0,0,0,0,0,0,0,0,0
ubt,bintrie,5,4,storage_sstore_k10,1,,2492,0,0,0.1088,5.2047,0.0023,0.1773,12.8823,0,4,0,0,0,0,0,0,0,0,0,0,4,0,0,0,0,0,0,0,0,0
ubt,bintrie,5,4,storage_sstore_k10,1,,2493,0,0,0.0776,9.7828,0.007,0.4392,14.0422,0,4,0,0,0,0,0,0,0,0,0,0,4,0,0,0,0,0,0,0,0,0
ubt,bintrie,5,4,storage_sstore_k10,1,,2494,0,0,0.1499,39.4531,0.0026,0.1315,40.3552,0,4,0,0,0,0,0,0,0,0,0,0,4,0,0,0,0,0,0,0,0,0
ubt,bintrie,5,4,storage_sstore_k10,1,,2495,0,0,0.1021,5.2983,0.0023,0.1975,5.9058,0,4,0,0,0,0,0,0,0,0,0,0,4,0,0,0,0,0,0,0,0,0
ubt,bintrie,5,4,storage_sstore_k10,1,,2496,0,0,0.049,4.5406,0.0026,0.2193,5.0416,0,4,0,0,0,0,0,0,0,0,0,0,4,0,0,0,0,0,0,0,0,0
ubt,bintrie,5,4,storage_sstore_k10,1,,2497,0,0,0.0747,28.4975,0.0038,0.1916,29.1211,0,4,0,0,0,0,0,0,0,0,0,0,4,0,0,0,0,0,0,0,0,0
ubt,bintrie,5,4,storage_sstore_k10,1,,2498,0,0,0.3071,29.5772,0.0047,0.2788,30.8165,0,4,0,0,0,0,0,0,0,0,0,0,4,0,0,0,0,0,0,0,0,0
ubt,bintrie,5,4,storage_sstore_k10,1,,2499,0,0,0.0598,15.9264,0.0073,0.4506,16.7687,0,4,0,0,0,0,0,0,0,0,0,0,4,0,0,0,0,0,0,0,0,0
ubt,bintrie,5,4,storage_sstore_k10,1,,2500,0,0,0.7755,46.7338,0.0052,0.4121,55.1219,0,4,0,0,0,0,0,0,0,0,0,0,4,0,0,0,0,0,0,0,0,0
ubt,bintrie,5,4,storage_sstore_k10,1,,2501,0,0,0.1531,36.1635,0.0044,0.177,37.8554,0,4,0,0,0,0,0,0,0,0,0,0,4,0,0,0,0,0,0,0,0,0
ubt,bintrie,5,4,storage_sstore_k10,1,,2502,0,0,0.1452,10.1883,0.0035,0.1878,10.9976,0,4,0,0,0,0,0,0,0,0,0,0,4,0,0,0,0,0,0,0,0,0
ubt,bintrie,5,4,storage_sstore_k10,1,,2503,0,0,0.0592,12.8677,0.0029,0.3389,13.6427,0,4,0,0,0,0,0,0,0,0,0,0,4,0,0,0,0,0,0,0,0,0
ubt,bintrie,5,4,storage_sstore_k10,1,,2504,86978,2,0.1406,3.1855,38.7292,17.3651,60.3263,1.4418,11,0,0,0,3,0,0,0,1,166,7,4,63.64,0,0,0,0,0,0,0,0
ubt,bintrie,5,4,storage_sstore_k10,1,,2505,99917814,1,200.3378,102.0074,57.2589,27.0913,402.4788,248.2561,17,4855,11,446,11,0,4355,0,0,0,3,14,17.65,2054,2801,42.31,11,0,100,446,0
ubt,bintrie,5,4,storage_sstore_k10,1,,2506,21000,1,0.0986,9.3404,10.9769,1.5677,22.2694,0.943,6,0,0,0,2,0,0,0,0,0,2,4,33.33,0,0,0,0,0,0,0,0
ubt,bintrie,5,4,storage_sstore_k10,1,,2507,0,0,0.1292,3.5227,0.0076,0.4888,17.1895,0,4,0,0,0,0,0,0,0,0,0,0,4,0,0,0,0,0,0,0,0,0
ubt,bintrie,5,4,storage_sstore_k10,1,,2508,0,0,0.4716,62.4595,0.0123,0.6399,67.8365,0,4,0,0,0,0,0,0,0,0,0,0,4,0,0,0,0,0,0,0,0,0
ubt,bintrie,5,4,storage_sstore_k10,2,,2509,0,0,0.0738,11.074,0.0041,0.1744,11.5401,0,4,0,0,0,0,0,0,0,0,0,0,4,0,0,0,0,0,0,0,0,0
ubt,bintrie,5,4,storage_sstore_k10,2,,2510,0,0,0.2782,43.1321,0.007,0.3762,44.5166,0,4,0,0,0,0,0,0,0,0,0,0,4,0,0,0,0,0,0,0,0,0
ubt,bintrie,5,4,storage_sstore_k10,2,,2511,0,0,0.1928,12.5988,0.0064,9.0213,22.389,0,4,0,0,0,0,0,0,0,0,0,0,4,0,0,0,0,0,0,0,0,0
ubt,bintrie,5,4,storage_sstore_k10,2,,2512,0,0,0.0446,4.5496,0.0061,0.5731,8.2823,0,4,0,0,0,0,0,0,0,0,0,0,4,0,0,0,0,0,0,0,0,0
ubt,bintrie,5,4,storage_sstore_k10,2,,2513,0,0,0.0496,46.0236,0.0029,1.8937,48.1306,0,4,0,0,0,0,0,0,0,0,0,0,4,0,0,0,0,0,0,0,0,0
ubt,bintrie,5,4,storage_sstore_k10,2,,2514,0,0,0.0405,13.1436,0.0035,0.1966,13.5727,0,4,0,0,0,0,0,0,0,0,0,0,4,0,0,0,0,0,0,0,0,0
ubt,bintrie,5,4,storage_sstore_k10,2,,2515,0,0,0.2129,19.5954,0.0032,0.1648,20.5457,0,4,0,0,0,0,0,0,0,0,0,0,4,0,0,0,0,0,0,0,0,0
ubt,bintrie,5,4,storage_sstore_k10,2,,2516,0,0,0.0481,4.6981,0.0026,2.1863,7.4992,0,4,0,0,0,0,0,0,0,0,0,0,4,0,0,0,0,0,0,0,0,0
ubt,bintrie,5,4,storage_sstore_k10,2,,2517,0,0,0.541,40.0889,0.0026,0.1333,42.064,0,4,0,0,0,0,0,0,0,0,0,0,4,0,0,0,0,0,0,0,0,0
ubt,bintrie,5,4,storage_sstore_k10,2,,2518,0,0,0.056,28.1472,0.0032,0.1905,28.6626,0,4,0,0,0,0,0,0,0,0,0,0,4,0,0,0,0,0,0,0,0,0
ubt,bintrie,5,4,storage_sstore_k10,2,,2519,0,0,0.1934,51.3933,0.0073,0.4372,52.4564,0,4,0,0,0,0,0,0,0,0,0,0,4,0,0,0,0,0,0,0,0,0
ubt,bintrie,5,4,storage_sstore_k10,2,,2520,0,0,0.0814,25.6383,0.0058,0.5028,26.6314,0,4,0,0,0,0,0,0,0,0,0,0,4,0,0,0,0,0,0,0,0,0
ubt,bintrie,5,4,storage_sstore_k10,2,,2521,0,0,0.1161,42.0912,0.0029,0.1464,42.7553,0,4,0,0,0,0,0,0,0,0,0,0,4,0,0,0,0,0,0,0,0,0
ubt,bintrie,5,4,storage_sstore_k10,2,,2522,0,0,0.1969,43.5917,0.0064,0.2885,44.5026,0,4,0,0,0,0,0,0,0,0,0,0,4,0,0,0,0,0,0,0,0,0
ubt,bintrie,5,4,storage_sstore_k10,2,,2523,0,0,0.0508,38.9339,0.0023,0.2123,39.4003,0,4,0,0,0,0,0,0,0,0,0,0,4,0,0,0,0,0,0,0,0,0
ubt,bintrie,5,4,storage_sstore_k10,2,,2524,0,0,0.0595,44.5618,0.0029,0.2036,45.153,0,4,0,0,0,0,0,0,0,0,0,0,4,0,0,0,0,0,0,0,0,0
ubt,bintrie,5,4,storage_sstore_k10,2,,2525,0,0,0.0642,34.8312,0.0038,0.3147,36.3093,0,4,0,0,0,0,0,0,0,0,0,0,4,0,0,0,0,0,0,0,0,0
ubt,bintrie,5,4,storage_sstore_k10,2,,2526,0,0,0.0432,3.2993,0.002,0.1622,3.6752,0,4,0,0,0,0,0,0,0,0,0,0,4,0,0,0,0,0,0,0,0,0
ubt,bintrie,5,4,storage_sstore_k10,2,,2527,86978,2,0.3071,4.9696,40.0093,1.9754,47.7461,1.8217,11,0,0,0,3,0,0,0,1,166,7,4,63.64,0,0,0,0,0,0,0,0
ubt,bintrie,5,4,storage_sstore_k10,2,,2528,99917814,1,145.2876,130.0265,56.3554,38.4944,385.822,258.9739,17,4855,11,446,11,0,4355,0,0,0,8,9,47.06,1823,3032,37.55,11,0,100,446,0
ubt,bintrie,5,4,storage_sstore_k10,2,,2529,21000,1,0.0846,23.4203,27.6412,0.8435,52.2438,0.402,6,0,0,0,2,0,0,0,0,0,2,4,33.33,0,0,0,0,0,0,0,0
ubt,bintrie,5,4,storage_sstore_k10,2,,2530,0,0,0.3226,38.3444,0.002,0.1899,40.4035,0,4,0,0,0,0,0,0,0,0,0,0,4,0,0,0,0,0,0,0,0,0
ubt,bintrie,5,4,storage_sstore_k10,3,,2531,0,0,0.1178,6.1158,0.0038,1.5936,10.1527,0,4,0,0,0,0,0,0,0,0,0,0,4,0,0,0,0,0,0,0,0,0
ubt,bintrie,5,4,storage_sstore_k10,3,,2532,0,0,0.0601,13.591,0.0026,0.1339,14.0997,0,4,0,0,0,0,0,0,0,0,0,0,4,0,0,0,0,0,0,0,0,0
ubt,bintrie,5,4,storage_sstore_k10,3,,2533,0,0,0.0344,1.6517,0.002,0.1356,2.1084,0,4,0,0,0,0,0,0,0,0,0,0,4,0,0,0,0,0,0,0,0,0
ubt,bintrie,5,4,storage_sstore_k10,3,,2534,0,0,0.0545,42.8225,0.002,0.1598,43.2204,0,4,0,0,0,0,0,0,0,0,0,0,4,0,0,0,0,0,0,0,0,0
ubt,bintrie,5,4,storage_sstore_k10,3,,2535,0,0,0.0519,12.7455,0.0035,1.7141,14.7168,0,4,0,0,0,0,0,0,0,0,0,0,4,0,0,0,0,0,0,0,0,0
ubt,bintrie,5,4,storage_sstore_k10,3,,2536,0,0,0.105,33.4941,0.0041,0.2497,34.1874,0,4,0,0,0,0,0,0,0,0,0,0,4,0,0,0,0,0,0,0,0,0
ubt,bintrie,5,4,storage_sstore_k10,3,,2537,0,0,26.5468,5.4625,0.0053,0.2158,42.2048,0,4,0,0,0,0,0,0,0,0,0,0,4,0,0,0,0,0,0,0,0,0
ubt,bintrie,5,4,storage_sstore_k10,3,,2538,0,0,0.0367,5.1058,0.0032,1.3081,6.9357,0,4,0,0,0,0,0,0,0,0,0,0,4,0,0,0,0,0,0,0,0,0
ubt,bintrie,5,4,storage_sstore_k10,3,,2539,0,0,0.2476,53.238,0.0029,0.1368,54.2159,0,4,0,0,0,0,0,0,0,0,0,0,4,0,0,0,0,0,0,0,0,0
ubt,bintrie,5,4,storage_sstore_k10,3,,2540,0,0,0.4261,31.9314,0.0058,0.3208,33.8304,0,4,0,0,0,0,0,0,0,0,0,0,4,0,0,0,0,0,0,0,0,0
ubt,bintrie,5,4,storage_sstore_k10,3,,2541,0,0,0.1041,29.2586,0.0073,0.6244,30.3982,0,4,0,0,0,0,0,0,0,0,0,0,4,0,0,0,0,0,0,0,0,0
ubt,bintrie,5,4,storage_sstore_k10,3,,2542,0,0,0.1377,45.1456,0.0023,0.1347,51.7272,0,4,0,0,0,0,0,0,0,0,0,0,4,0,0,0,0,0,0,0,0,0
ubt,bintrie,5,4,storage_sstore_k10,3,,2543,0,0,0.0627,23.8061,0.0029,0.2042,24.3535,0,4,0,0,0,0,0,0,0,0,0,0,4,0,0,0,0,0,0,0,0,0
ubt,bintrie,5,4,storage_sstore_k10,3,,2544,0,0,0.1482,43.4843,0.0026,0.1557,47.8359,0,4,0,0,0,0,0,0,0,0,0,0,4,0,0,0,0,0,0,0,0,0
ubt,bintrie,5,4,storage_sstore_k10,3,,2545,0,0,0.0572,15.6081,0.0053,0.4509,16.5181,0,4,0,0,0,0,0,0,0,0,0,0,4,0,0,0,0,0,0,0,0,0
ubt,bintrie,5,4,storage_sstore_k10,3,,2546,0,0,0.0551,6.3891,0.0105,0.5985,11.3718,0,4,0,0,0,0,0,0,0,0,0,0,4,0,0,0,0,0,0,0,0,0
ubt,bintrie,5,4,storage_sstore_k10,3,,2547,0,0,0.1027,13.1655,0.0079,11.2388,24.868,0,4,0,0,0,0,0,0,0,0,0,0,4,0,0,0,0,0,0,0,0,0
ubt,bintrie,5,4,storage_sstore_k10,3,,2548,0,0,0.0805,34.7824,0.0035,0.294,36.3684,0,4,0,0,0,0,0,0,0,0,0,0,4,0,0,0,0,0,0,0,0,0
ubt,bintrie,5,4,storage_sstore_k10,3,,2549,86978,2,0.1531,16.5464,6.7399,2.3624,26.13,3.3287,11,0,0,0,3,0,0,0,1,166,5,6,45.45,0,0,0,0,0,0,0,0
ubt,bintrie,5,4,storage_sstore_k10,3,,2550,99917814,1,169.3855,127.2826,17.1641,54.3845,369.3793,270.5019,17,4855,11,446,11,0,4355,0,0,0,11,6,64.71,2777,2078,57.2,11,0,100,446,0
ubt,bintrie,5,4,storage_sstore_k10,3,,2551,21000,1,0.0828,33.378,1.3451,0.6976,35.6734,0.5887,6,0,0,0,2,0,0,0,0,0,2,4,33.33,0,0,0,0,0,0,0,0
ubt,bintrie,5,4,storage_sstore_k10,3,,2552,0,0,0.1228,4.6741,0.005,2.2502,8.7387,0,4,0,0,0,0,0,0,0,0,0,0,4,0,0,0,0,0,0,0,0,0
ubt,bintrie,5,4,storage_sstore_k10,3,,2553,0,0,0.1123,21.9386,0.0047,0.4646,23.1933,0,4,0,0,0,0,0,0,0,0,0,0,4,0,0,0,0,0,0,0,0,0
ubt,bintrie,5,4,storage_sstore_k10,4,,2554,0,0,0.0776,3.5571,0.0023,0.166,4.0818,0,4,0,0,0,0,0,0,0,0,0,0,4,0,0,0,0,0,0,0,0,0
ubt,bintrie,5,4,storage_sstore_k10,4,,2555,0,0,0.0592,5.9414,0.0041,0.252,6.534,0,4,0,0,0,0,0,0,0,0,0,0,4,0,0,0,0,0,0,0,0,0
ubt,bintrie,5,4,storage_sstore_k10,4,,2556,0,0,0.0569,12.4439,0.0032,0.1447,13.0027,0,4,0,0,0,0,0,0,0,0,0,0,4,0,0,0,0,0,0,0,0,0
ubt,bintrie,5,4,storage_sstore_k10,4,,2557,0,0,0.1269,25.1174,0.0032,0.1977,26.0384,0,4,0,0,0,0,0,0,0,0,0,0,4,0,0,0,0,0,0,0,0,0
ubt,bintrie,5,4,storage_sstore_k10,4,,2558,0,0,0.0577,6.5807,0.0026,0.1843,7.0657,0,4,0,0,0,0,0,0,0,0,0,0,4,0,0,0,0,0,0,0,0,0
ubt,bintrie,5,4,storage_sstore_k10,4,,2559,0,0,0.037,0.6927,0.002,0.1584,1.0745,0,4,0,0,0,0,0,0,0,0,0,0,4,0,0,0,0,0,0,0,0,0
ubt,bintrie,5,4,storage_sstore_k10,4,,2560,0,0,0.0435,7.1299,0.009,0.2809,20.6538,0,4,0,0,0,0,0,0,0,0,0,0,4,0,0,0,0,0,0,0,0,0
ubt,bintrie,5,4,storage_sstore_k10,4,,2561,0,0,0.2453,36.1161,0.0053,0.306,37.3601,0,4,0,0,0,0,0,0,0,0,0,0,4,0,0,0,0,0,0,0,0,0
ubt,bintrie,5,4,storage_sstore_k10,4,,2562,0,0,0.1715,8.3572,0.0067,0.6801,10.4525,0,4,0,0,0,0,0,0,0,0,0,0,4,0,0,0,0,0,0,0,0,0
ubt,bintrie,5,4,storage_sstore_k10,4,,2563,0,0,0.1038,52.4543,0.0023,0.1502,54.1456,0,4,0,0,0,0,0,0,0,0,0,0,4,0,0,0,0,0,0,0,0,0
ubt,bintrie,5,4,storage_sstore_k10,4,,2564,0,0,0.1286,8.0746,0.0055,0.4772,9.1543,0,4,0,0,0,0,0,0,0,0,0,0,4,0,0,0,0,0,0,0,0,0
ubt,bintrie,5,4,storage_sstore_k10,4,,2565,0,0,0.3048,79.3114,0.0032,0.1257,80.6986,0,4,0,0,0,0,0,0,0,0,0,0,4,0,0,0,0,0,0,0,0,0
ubt,bintrie,5,4,storage_sstore_k10,4,,2566,0,0,0.0627,5.1662,0.0032,2.1764,7.894,0,4,0,0,0,0,0,0,0,0,0,0,4,0,0,0,0,0,0,0,0,0
ubt,bintrie,5,4,storage_sstore_k10,4,,2567,0,0,0.1391,43.018,0.0029,0.1592,47.431,0,4,0,0,0,0,0,0,0,0,0,0,4,0,0,0,0,0,0,0,0,0
ubt,bintrie,5,4,storage_sstore_k10,4,,2568,0,0,0.2386,25.9154,0.0108,0.6574,27.7076,0,4,0,0,0,0,0,0,0,0,0,0,4,0,0,0,0,0,0,0,0,0
ubt,bintrie,5,4,storage_sstore_k10,4,,2569,0,0,0.0478,5.1554,0.0032,0.2039,5.6314,0,4,0,0,0,0,0,0,0,0,0,0,4,0,0,0,0,0,0,0,0,0
ubt,bintrie,5,4,storage_sstore_k10,4,,2570,0,0,0.0595,13.4356,0.0032,0.7329,15.0038,0,4,0,0,0,0,0,0,0,0,0,0,4,0,0,0,0,0,0,0,0,0
ubt,bintrie,5,4,storage_sstore_k10,4,,2571,0,0,0.0513,12.8009,0.0035,0.2371,13.3837,0,4,0,0,0,0,0,0,0,0,0,0,4,0,0,0,0,0,0,0,0,0
ubt,bintrie,5,4,storage_sstore_k10,4,,2572,86978,2,0.6422,3.24,1.9792,1.9608,20.0533,4.3373,11,0,0,0,3,0,0,0,1,166,4,7,36.36,0,0,0,0,0,0,0,0
ubt,bintrie,5,4,storage_sstore_k10,4,,2573,99917814,1,149.4723,101.1024,90.043,105.8544,453.5501,220.3016,17,4855,11,446,11,0,4355,0,0,0,8,9,47.06,2613,2242,53.82,11,0,100,446,0
ubt,bintrie,5,4,storage_sstore_k10,4,,2574,21000,1,0.0747,35.375,1.4005,0.7201,37.7661,0.5561,6,0,0,0,2,0,0,0,0,0,2,4,33.33,0,0,0,0,0,0,0,0
ubt,bintrie,5,4,storage_sstore_k10,4,,2575,0,0,0.0522,26.3902,0.0035,0.2217,26.9219,0,4,0,0,0,0,0,0,0,0,0,0,4,0,0,0,0,0,0,0,0,0
ubt,bintrie,5,4,storage_sstore_k10,5,,2576,0,0,0.1432,3.8624,0.0044,0.5297,5.144,0,4,0,0,0,0,0,0,0,0,0,0,4,0,0,0,0,0,0,0,0,0
ubt,bintrie,5,4,storage_sstore_k10,5,,2577,0,0,0.1552,2.3012,0.0079,0.3722,3.3474,0,4,0,0,0,0,0,0,0,0,0,0,4,0,0,0,0,0,0,0,0,0
ubt,bintrie,5,4,storage_sstore_k10,5,,2578,0,0,0.1254,18.3666,0.0023,0.1563,19.1372,0,4,0,0,0,0,0,0,0,0,0,0,4,0,0,0,0,0,0,0,0,0
ubt,bintrie,5,4,storage_sstore_k10,5,,2579,0,0,0.1073,13.5041,0.0041,0.1394,14.0416,0,4,0,0,0,0,0,0,0,0,0,0,4,0,0,0,0,0,0,0,0,0
ubt,bintrie,5,4,storage_sstore_k10,5,,2580,0,0,0.0408,5.0562,0.0023,0.1385,5.4362,0,4,0,0,0,0,0,0,0,0,0,0,4,0,0,0,0,0,0,0,0,0
ubt,bintrie,5,4,storage_sstore_k10,5,,2581,0,0,0.04,10.4886,0.002,0.1721,10.8558,0,4,0,0,0,0,0,0,0,0,0,0,4,0,0,0,0,0,0,0,0,0
ubt,bintrie,5,4,storage_sstore_k10,5,,2582,0,0,0.0954,13.9766,0.0035,0.2036,14.5602,0,4,0,0,0,0,0,0,0,0,0,0,4,0,0,0,0,0,0,0,0,0
ubt,bintrie,5,4,storage_sstore_k10,5,,2583,0,0,0.0744,41.3293,0.0023,0.1441,41.8283,0,4,0,0,0,0,0,0,0,0,0,0,4,0,0,0,0,0,0,0,0,0
ubt,bintrie,5,4,storage_sstore_k10,5,,2584,0,0,0.1164,12.0149,0.0047,0.3818,12.8619,0,4,0,0,0,0,0,0,0,0,0,0,4,0,0,0,0,0,0,0,0,0
ubt,bintrie,5,4,storage_sstore_k10,5,,2585,0,0,0.287,46.2481,0.0023,0.1677,47.5212,0,4,0,0,0,0,0,0,0,0,0,0,4,0,0,0,0,0,0,0,0,0
ubt,bintrie,5,4,storage_sstore_k10,5,,2586,0,0,0.0493,16.1766,0.0029,0.2045,16.6529,0,4,0,0,0,0,0,0,0,0,0,0,4,0,0,0,0,0,0,0,0,0
ubt,bintrie,5,4,storage_sstore_k10,5,,2587,0,0,0.1595,48.8593,0.0032,0.1207,49.7206,0,4,0,0,0,0,0,0,0,0,0,0,4,0,0,0,0,0,0,0,0,0
ubt,bintrie,5,4,storage_sstore_k10,5,,2588,0,0,0.0435,8.4056,0.0029,0.1671,8.8276,0,4,0,0,0,0,0,0,0,0,0,0,4,0,0,0,0,0,0,0,0,0
ubt,bintrie,5,4,storage_sstore_k10,5,,2589,0,0,0.2479,43.6208,0.002,0.1283,44.5288,0,4,0,0,0,0,0,0,0,0,0,0,4,0,0,0,0,0,0,0,0,0
ubt,bintrie,5,4,storage_sstore_k10,5,,2590,0,0,0.1543,12.2193,0.0064,0.5734,13.4793,0,4,0,0,0,0,0,0,0,0,0,0,4,0,0,0,0,0,0,0,0,0
ubt,bintrie,5,4,storage_sstore_k10,5,,2591,0,0,0.1251,25.3495,0.0064,0.9496,27.5099,0,4,0,0,0,0,0,0,0,0,0,0,4,0,0,0,0,0,0,0,0,0
ubt,bintrie,5,4,storage_sstore_k10,5,,2592,0,0,0.0639,12.2424,0.0035,0.8741,14.8314,0,4,0,0,0,0,0,0,0,0,0,0,4,0,0,0,0,0,0,0,0,0
ubt,bintrie,5,4,storage_sstore_k10,5,,2593,0,0,0.0682,29.8636,0.005,0.236,30.4804,0,4,0,0,0,0,0,0,0,0,0,0,4,0,0,0,0,0,0,0,0,0
ubt,bintrie,5,4,storage_sstore_k10,5,,2594,86978,2,0.2187,34.7652,5.5476,1.752,47.3121,1.8384,11,0,0,0,3,0,0,0,1,166,5,6,45.45,0,0,0,0,0,0,0,0
ubt,bintrie,5,4,storage_sstore_k10,5,,2595,99917814,1,106.8108,138.2969,68.9502,34.8455,352.5633,283.4039,17,4855,11,446,11,0,4355,0,0,0,0,17,0,459,4396,9.45,11,0,100,446,0
ubt,bintrie,5,4,storage_sstore_k10,5,,2596,21000,1,0.4503,22.3446,0.2634,0.6714,24.1339,0.8701,6,0,0,0,2,0,0,0,0,0,0,6,0,0,0,0,0,0,0,0,0
ubt,bintrie,5,4,storage_sstore_k10,5,,2597,0,0,0.1152,38.156,0.0076,0.5495,39.4863,0,4,0,0,0,0,0,0,0,0,0,0,4,0,0,0,0,0,0,0,0,0
ubt,bintrie,5,4,storage_sstore_k10,6,,2599,0,0,0.0656,6.0076,0.0058,0.6049,7.0173,0,4,0,0,0,0,0,0,0,0,0,0,4,0,0,0,0,0,0,0,0,0
ubt,bintrie,5,4,storage_sstore_k10,6,,2600,0,0,0.0356,13.2305,0.0035,0.1537,13.5732,0,4,0,0,0,0,0,0,0,0,0,0,4,0,0,0,0,0,0,0,0,0
ubt,bintrie,5,4,storage_sstore_k10,6,,2601,0,0,0.0642,27.2477,0.0026,0.1382,27.7531,0,4,0,0,0,0,0,0,0,0,0,0,4,0,0,0,0,0,0,0,0,0
ubt,bintrie,5,4,storage_sstore_k10,6,,2602,0,0,0.0572,2.2639,0.0026,0.2377,7.9139,0,4,0,0,0,0,0,0,0,0,0,0,4,0,0,0,0,0,0,0,0,0
ubt,bintrie,5,4,storage_sstore_k10,6,,2603,0,0,0.0653,36.1613,0.0035,0.2266,36.7152,0,4,0,0,0,0,0,0,0,0,0,0,4,0,0,0,0,0,0,0,0,0
ubt,bintrie,5,4,storage_sstore_k10,6,,2604,0,0,0.254,34.827,0.0029,0.1277,35.8198,0,4,0,0,0,0,0,0,0,0,0,0,4,0,0,0,0,0,0,0,0,0
ubt,bintrie,5,4,storage_sstore_k10,6,,2605,0,0,0.3561,39.3442,0.0055,0.3582,40.7929,0,4,0,0,0,0,0,0,0,0,0,0,4,0,0,0,0,0,0,0,0,0
ubt,bintrie,5,4,storage_sstore_k10,6,,2606,0,0,0.2642,39.6858,0.0079,0.4731,41.4733,0,4,0,0,0,0,0,0,0,0,0,0,4,0,0,0,0,0,0,0,0,0
ubt,bintrie,5,4,storage_sstore_k10,6,,2607,0,0,0.0834,40.6471,0.0032,0.1257,41.2056,0,4,0,0,0,0,0,0,0,0,0,0,4,0,0,0,0,0,0,0,0,0
ubt,bintrie,5,4,storage_sstore_k10,6,,2608,0,0,0.194,51.9436,0.005,0.3675,53.1158,0,4,0,0,0,0,0,0,0,0,0,0,4,0,0,0,0,0,0,0,0,0
ubt,bintrie,5,4,storage_sstore_k10,6,,2609,0,0,0.1231,4.4536,0.0035,0.7604,5.7011,0,4,0,0,0,0,0,0,0,0,0,0,4,0,0,0,0,0,0,0,0,0
ubt,bintrie,5,4,storage_sstore_k10,6,,2610,0,0,0.3748,48.5003,0.0105,0.6924,51.2302,0,4,0,0,0,0,0,0,0,0,0,0,4,0,0,0,0,0,0,0,0,0
ubt,bintrie,5,4,storage_sstore_k10,6,,2611,0,0,0.04,26.9178,0.0032,0.1683,27.3273,0,4,0,0,0,0,0,0,0,0,0,0,4,0,0,0,0,0,0,0,0,0
ubt,bintrie,5,4,storage_sstore_k10,6,,2612,0,0,0.273,23.2557,0.0111,1.4128,25.9186,0,4,0,0,0,0,0,0,0,0,0,0,4,0,0,0,0,0,0,0,0,0
ubt,bintrie,5,4,storage_sstore_k10,6,,2613,0,0,0.2045,46.3767,0.0064,0.4451,50.2368,0,4,0,0,0,0,0,0,0,0,0,0,4,0,0,0,0,0,0,0,0,0
ubt,bintrie,5,4,storage_sstore_k10,6,,2614,0,0,0.0557,12.2421,0.0044,4.3909,18.6183,0,4,0,0,0,0,0,0,0,0,0,0,4,0,0,0,0,0,0,0,0,0
ubt,bintrie,5,4,storage_sstore_k10,6,,2615,0,0,0.1082,27.5256,0.0058,0.3625,29.1697,0,4,0,0,0,0,0,0,0,0,0,0,4,0,0,0,0,0,0,0,0,0
ubt,bintrie,5,4,storage_sstore_k10,6,,2616,0,0,0.072,14.7384,0.0029,0.3444,15.5804,0,4,0,0,0,0,0,0,0,0,0,0,4,0,0,0,0,0,0,0,0,0
ubt,bintrie,5,4,storage_sstore_k10,6,,2617,86978,2,0.1403,2.3455,12.4795,2.1524,29.5503,2.9434,11,0,0,0,3,0,0,0,1,166,7,4,63.64,0,0,0,0,0,0,0,0
ubt,bintrie,5,4,storage_sstore_k10,6,,2618,99917814,1,168.5445,169.0062,35.4503,19.5875,392.9236,254.2932,17,4855,11,446,11,0,4355,0,0,0,3,14,17.65,1515,3340,31.2,11,0,100,446,0
ubt,bintrie,5,4,storage_sstore_k10,6,,2619,21000,1,0.3202,28.692,8.1134,1.1133,38.6422,0.5434,6,0,0,0,2,0,0,0,0,0,0,6,0,0,0,0,0,0,0,0,0
ubt,bintrie,5,4,storage_sstore_k10,6,,2620,0,0,0.4807,33.6079,0.0026,0.1744,35.4611,0,4,0,0,0,0,0,0,0,0,0,0,4,0,0,0,0,0,0,0,0,0
ubt,bintrie,5,4,storage_sstore_k10,7,,2621,0,0,0.1006,10.3976,0.0035,0.196,11.4071,0,4,0,0,0,0,0,0,0,0,0,0,4,0,0,0,0,0,0,0,0,0
ubt,bintrie,5,4,storage_sstore_k10,7,,2622,0,0,0.1791,7.1025,0.0035,2.1627,10.2191,0,4,0,0,0,0,0,0,0,0,0,0,4,0,0,0,0,0,0,0,0,0
ubt,bintrie,5,4,storage_sstore_k10,7,,2623,0,0,0.0443,1.4096,0.0032,0.1444,1.8182,0,4,0,0,0,0,0,0,0,0,0,0,4,0,0,0,0,0,0,0,0,0
ubt,bintrie,5,4,storage_sstore_k10,7,,2624,0,0,0.0522,12.476,0.0035,0.1298,12.8604,0,4,0,0,0,0,0,0,0,0,0,0,4,0,0,0,0,0,0,0,0,0
ubt,bintrie,5,4,storage_sstore_k10,7,,2625,0,0,0.0353,4.2988,0.0026,0.2065,4.7491,0,4,0,0,0,0,0,0,0,0,0,0,4,0,0,0,0,0,0,0,0,0
ubt,bintrie,5,4,storage_sstore_k10,7,,2626,0,0,0.0257,1.7202,0.0009,0.1053,2.0282,0,4,0,0,0,0,0,0,0,0,0,0,4,0,0,0,0,0,0,0,0,0
ubt,bintrie,5,4,storage_sstore_k10,7,,2627,0,0,0.0403,22.9947,0.0032,0.1651,23.4208,0,4,0,0,0,0,0,0,0,0,0,0,4,0,0,0,0,0,0,0,0,0
ubt,bintrie,5,4,storage_sstore_k10,7,,2628,0,0,0.2161,48.0756,0.0026,0.1619,48.9669,0,4,0,0,0,0,0,0,0,0,0,0,4,0,0,0,0,0,0,0,0,0
ubt,bintrie,5,4,storage_sstore_k10,7,,2629,0,0,0.1362,52.0926,0.0026,0.1461,54.7085,0,4,0,0,0,0,0,0,0,0,0,0,4,0,0,0,0,0,0,0,0,0
ubt,bintrie,5,4,storage_sstore_k10,7,,2630,0,0,0.0653,5.6707,0.007,0.5194,6.623,0,4,0,0,0,0,0,0,0,0,0,0,4,0,0,0,0,0,0,0,0,0
ubt,bintrie,5,4,storage_sstore_k10,7,,2631,0,0,0.11,24.1969,0.0055,0.2745,25.0048,0,4,0,0,0,0,0,0,0,0,0,0,4,0,0,0,0,0,0,0,0,0
ubt,bintrie,5,4,storage_sstore_k10,7,,2632,0,0,0.1534,10.8964,0.012,0.8502,12.539,0,4,0,0,0,0,0,0,0,0,0,0,4,0,0,0,0,0,0,0,0,0
ubt,bintrie,5,4,storage_sstore_k10,7,,2633,0,0,0.1563,55.9437,0.0058,0.3345,57.0255,0,4,0,0,0,0,0,0,0,0,0,0,4,0,0,0,0,0,0,0,0,0
ubt,bintrie,5,4,storage_sstore_k10,7,,2634,0,0,0.0677,27.7496,0.0035,0.198,28.3373,0,4,0,0,0,0,0,0,0,0,0,0,4,0,0,0,0,0,0,0,0,0
ubt,bintrie,5,4,storage_sstore_k10,7,,2635,0,0,0.3739,48.0485,0.0044,0.3211,49.8798,0,4,0,0,0,0,0,0,0,0,0,0,4,0,0,0,0,0,0,0,0,0
ubt,bintrie,5,4,storage_sstore_k10,7,,2636,0,0,0.0429,4.0517,0.0029,0.2132,5.9268,0,4,0,0,0,0,0,0,0,0,0,0,4,0,0,0,0,0,0,0,0,0
ubt,bintrie,5,4,storage_sstore_k10,7,,2637,0,0,0.0516,11.9735,0.0035,1.8004,15.0499,0,4,0,0,0,0,0,0,0,0,0,0,4,0,0,0,0,0,0,0,0,0
ubt,bintrie,5,4,storage_sstore_k10,7,,2638,0,0,0.0545,13.1958,0.0035,0.1814,13.6386,0,4,0,0,0,0,0,0,0,0,0,0,4,0,0,0,0,0,0,0,0,0
ubt,bintrie,5,4,storage_sstore_k10,7,,2639,86978,2,0.6379,21.3261,3.224,2.0332,36.1908,2.4033,11,0,0,0,3,0,0,0,1,166,4,7,36.36,0,0,0,0,0,0,0,0
ubt,bintrie,5,4,storage_sstore_k10,7,,2640,99917814,1,158.4578,140.2184,45.0645,30.2911,374.7619,266.6168,17,4855,11,446,11,0,4355,0,0,0,6,11,35.29,1566,3289,32.26,11,0,100,446,0
ubt,bintrie,5,4,storage_sstore_k10,7,,2641,21000,1,0.1111,41.4045,1.4303,0.7434,43.8609,0.4788,6,0,0,0,2,0,0,0,0,0,0,6,0,0,0,0,0,0,0,0,0
ubt,bintrie,5,4,storage_sstore_k10,7,,2642,0,0,0.0452,24.0622,0.0026,0.2208,24.5463,0,4,0,0,0,0,0,0,0,0,0,0,4,0,0,0,0,0,0,0,0,0
ubt,bintrie,5,4,storage_sstore_k10,8,,2644,0,0,0.1336,6.2713,0.0055,0.7863,7.5872,0,4,0,0,0,0,0,0,0,0,0,0,4,0,0,0,0,0,0,0,0,0
ubt,bintrie,5,4,storage_sstore_k10,8,,2645,0,0,0.2316,6.9389,0.0061,0.3415,8.0816,0,4,0,0,0,0,0,0,0,0,0,0,4,0,0,0,0,0,0,0,0,0
ubt,bintrie,5,4,storage_sstore_k10,8,,2646,0,0,0.1234,26.4331,0.0029,0.1452,27.6003,0,4,0,0,0,0,0,0,0,0,0,0,4,0,0,0,0,0,0,0,0,0
ubt,bintrie,5,4,storage_sstore_k10,8,,2647,0,0,0.0289,2.0014,0.0026,0.1657,2.3759,0,4,0,0,0,0,0,0,0,0,0,0,4,0,0,0,0,0,0,0,0,0
ubt,bintrie,5,4,storage_sstore_k10,8,,2648,0,0,0.0548,7.5729,0.0029,0.2354,8.2519,0,4,0,0,0,0,0,0,0,0,0,0,4,0,0,0,0,0,0,0,0,0
ubt,bintrie,5,4,storage_sstore_k10,8,,2649,0,0,0.0717,5.0227,0.0041,0.2412,5.6553,0,4,0,0,0,0,0,0,0,0,0,0,4,0,0,0,0,0,0,0,0,0
ubt,bintrie,5,4,storage_sstore_k10,8,,2650,0,0,0.0519,6.6959,0.0032,0.191,7.6633,0,4,0,0,0,0,0,0,0,0,0,0,4,0,0,0,0,0,0,0,0,0
ubt,bintrie,5,4,storage_sstore_k10,8,,2651,0,0,0.2893,39.8826,0.0076,0.4034,41.3398,0,4,0,0,0,0,0,0,0,0,0,0,4,0,0,0,0,0,0,0,0,0
ubt,bintrie,5,4,storage_sstore_k10,8,,2652,0,0,0.1835,46.3268,0.0029,0.2231,47.2893,0,4,0,0,0,0,0,0,0,0,0,0,4,0,0,0,0,0,0,0,0,0
ubt,bintrie,5,4,storage_sstore_k10,8,,2653,0,0,0.3494,46.9005,0.0052,0.4147,48.7423,0,4,0,0,0,0,0,0,0,0,0,0,4,0,0,0,0,0,0,0,0,0
ubt,bintrie,5,4,storage_sstore_k10,8,,2654,0,0,0.0878,50.7988,0.0035,0.2021,51.5044,0,4,0,0,0,0,0,0,0,0,0,0,4,0,0,0,0,0,0,0,0,0
ubt,bintrie,5,4,storage_sstore_k10,8,,2655,0,0,0.0668,33.5306,0.0026,0.1718,34.0512,0,4,0,0,0,0,0,0,0,0,0,0,4,0,0,0,0,0,0,0,0,0
ubt,bintrie,5,4,storage_sstore_k10,8,,2656,0,0,0.1275,52.7684,0.0029,0.1371,54.6732,0,4,0,0,0,0,0,0,0,0,0,0,4,0,0,0,0,0,0,0,0,0
ubt,bintrie,5,4,storage_sstore_k10,8,,2657,0,0,0.0621,7.4799,0.0035,0.3278,8.0944,0,4,0,0,0,0,0,0,0,0,0,0,4,0,0,0,0,0,0,0,0,0
ubt,bintrie,5,4,storage_sstore_k10,8,,2658,0,0,0.5011,53.9105,0.0026,0.1931,55.7745,0,4,0,0,0,0,0,0,0,0,0,0,4,0,0,0,0,0,0,0,0,0
ubt,bintrie,5,4,storage_sstore_k10,8,,2659,0,0,0.044,3.3351,0.002,0.1811,4.971,0,4,0,0,0,0,0,0,0,0,0,0,4,0,0,0,0,0,0,0,0,0
ubt,bintrie,5,4,storage_sstore_k10,8,,2660,0,0,0.0741,24.0721,0.0029,0.2677,26.2808,0,4,0,0,0,0,0,0,0,0,0,0,4,0,0,0,0,0,0,0,0,0
ubt,bintrie,5,4,storage_sstore_k10,8,,2661,0,0,0.3103,9.9701,0.0026,0.1756,11.3479,0,4,0,0,0,0,0,0,0,0,0,0,4,0,0,0,0,0,0,0,0,0
ubt,bintrie,5,4,storage_sstore_k10,8,,2662,86978,2,0.1438,2.1524,2.8469,2.242,41.21,2.1106,11,0,0,0,3,0,0,0,1,166,5,6,45.45,0,0,0,0,0,0,0,0
ubt,bintrie,5,4,storage_sstore_k10,8,,2663,99917814,1,130.9997,156.2391,62.0339,38.4535,390.4468,255.9064,17,4855,11,446,11,0,4355,0,0,0,5,12,29.41,1139,3716,23.46,11,0,100,446,0
ubt,bintrie,5,4,storage_sstore_k10,8,,2664,21000,1,0.336,20.1146,12.0709,0.7466,33.5158,0.6266,6,0,0,0,2,0,0,0,0,0,0,6,0,0,0,0,0,0,0,0,0
ubt,bintrie,5,4,storage_sstore_k10,8,,2665,0,0,0.2144,33.0497,0.0038,0.1986,34.0165,0,4,0,0,0,0,0,0,0,0,0,0,4,0,0,0,0,0,0,0,0,0
ubt,bintrie,5,4,storage_sstore_k10,9,,2666,0,0,0.0525,0.8977,0.0023,0.191,1.3413,0,4,0,0,0,0,0,0,0,0,0,0,4,0,0,0,0,0,0,0,0,0
ubt,bintrie,5,4,storage_sstore_k10,9,,2667,0,0,0.2788,46.2309,0.0032,0.1592,47.8809,0,4,0,0,0,0,0,0,0,0,0,0,4,0,0,0,0,0,0,0,0,0
ubt,bintrie,5,4,storage_sstore_k10,9,,2668,0,0,0.0478,2.1641,0.0029,0.182,2.7235,0,4,0,0,0,0,0,0,0,0,0,0,4,0,0,0,0,0,0,0,0,0
ubt,bintrie,5,4,storage_sstore_k10,9,,2669,0,0,0.0589,12.441,0.0032,0.1359,12.8219,0,4,0,0,0,0,0,0,0,0,0,0,4,0,0,0,0,0,0,0,0,0
ubt,bintrie,5,4,storage_sstore_k10,9,,2670,0,0,0.0324,2.4208,0.0023,0.1502,2.9428,0,4,0,0,0,0,0,0,0,0,0,0,4,0,0,0,0,0,0,0,0,0
ubt,bintrie,5,4,storage_sstore_k10,9,,2671,0,0,0.0662,22.8673,0.0035,0.1814,23.4296,0,4,0,0,0,0,0,0,0,0,0,0,4,0,0,0,0,0,0,0,0,0
ubt,bintrie,5,4,storage_sstore_k10,9,,2672,0,0,0.2307,64.1044,0.0023,0.135,64.8604,0,4,0,0,0,0,0,0,0,0,0,0,4,0,0,0,0,0,0,0,0,0
ubt,bintrie,5,4,storage_sstore_k10,9,,2673,0,0,0.0997,52.2403,0.0023,0.1738,52.9,0,4,0,0,0,0,0,0,0,0,0,0,4,0,0,0,0,0,0,0,0,0
ubt,bintrie,5,4,storage_sstore_k10,9,,2674,0,0,0.2817,62.5356,0.0032,0.1525,63.7503,0,4,0,0,0,0,0,0,0,0,0,0,4,0,0,0,0,0,0,0,0,0
ubt,bintrie,5,4,storage_sstore_k10,9,,2675,0,0,0.1403,52.4059,0.0029,0.147,53.381,0,4,0,0,0,0,0,0,0,0,0,0,4,0,0,0,0,0,0,0,0,0
ubt,bintrie,5,4,storage_sstore_k10,9,,2676,0,0,0.0566,17.4334,0.0035,0.303,18.0543,0,4,0,0,0,0,0,0,0,0,0,0,4,0,0,0,0,0,0,0,0,0
ubt,bintrie,5,4,storage_sstore_k10,9,,2677,0,0,0.1651,38.8213,0.0023,0.1202,39.9218,0,4,0,0,0,0,0,0,0,0,0,0,4,0,0,0,0,0,0,0,0,0
ubt,bintrie,5,4,storage_sstore_k10,9,,2678,0,0,0.0502,22.5216,0.0029,0.2491,23.0656,0,4,0,0,0,0,0,0,0,0,0,0,4,0,0,0,0,0,0,0,0,0
ubt,bintrie,5,4,storage_sstore_k10,9,,2679,0,0,0.4162,44.6793,0.0053,0.2456,46.2656,0,4,0,0,0,0,0,0,0,0,0,0,4,0,0,0,0,0,0,0,0,0
ubt,bintrie,5,4,storage_sstore_k10,9,,2680,0,0,0.0927,22.3248,0.0038,0.2567,23.014,0,4,0,0,0,0,0,0,0,0,0,0,4,0,0,0,0,0,0,0,0,0
ubt,bintrie,5,4,storage_sstore_k10,9,,2681,0,0,0.0668,23.7142,0.0026,0.2727,24.3792,0,4,0,0,0,0,0,0,0,0,0,0,4,0,0,0,0,0,0,0,0,0
ubt,bintrie,5,4,storage_sstore_k10,9,,2682,0,0,0.054,23.1257,0.0035,0.1893,23.604,0,4,0,0,0,0,0,0,0,0,0,0,4,0,0,0,0,0,0,0,0,0
ubt,bintrie,5,4,storage_sstore_k10,9,,2683,0,0,0.0472,13.3382,0.0041,0.2158,13.8334,0,4,0,0,0,0,0,0,0,0,0,0,4,0,0,0,0,0,0,0,0,0
ubt,bintrie,5,4,storage_sstore_k10,9,,2684,86978,2,0.2535,13.8801,16.0713,2.0262,32.5343,2.6734,11,0,0,0,3,0,0,0,1,166,6,5,54.55,0,0,0,0,0,0,0,0
ubt,bintrie,5,4,storage_sstore_k10,9,,2685,0,0,0.0694,21.4399,0.0099,0.5921,22.9623,0,4,0,0,0,0,0,0,0,0,0,0,4,0,0,0,0,0,0,0,0,0
ubt,bintrie,5,4,storage_sstore_k10,9,,2686,99917814,1,162.9206,144.45,56.6284,34.0504,399.4516,250.1375,17,4855,11,446,11,0,4355,0,0,0,6,11,35.29,1487,3368,30.63,11,0,100,446,0
ubt,bintrie,5,4,storage_sstore_k10,9,,2687,21000,1,0.2987,22.1985,10.4948,0.6944,34.1093,0.6157,6,0,0,0,2,0,0,0,0,0,1,5,16.67,0,0,0,0,0,0,0,0
ubt,bintrie,5,4,storage_sstore_k10,9,,2688,0,0,0.2042,5.4082,0.0029,0.1697,6.429,0,4,0,0,0,0,0,0,0,0,0,0,4,0,0,0,0,0,0,0,0,0
ubt,bintrie,5,4,storage_sstore_k100,10,,2916,0,0,0.4503,40.2178,0.0023,0.1695,41.7224,0,4,0,0,0,0,0,0,0,0,0,0,4,0,0,0,0,0,0,0,0,0
ubt,bintrie,5,4,storage_sstore_k100,10,,2917,0,0,0.3401,44.2161,0.0122,0.6606,51.199,0,4,0,0,0,0,0,0,0,0,0,0,4,0,0,0,0,0,0,0,0,0
ubt,bintrie,5,4,storage_sstore_k100,10,,2918,0,0,0.0647,2.4782,0.0035,0.173,2.9595,0,4,0,0,0,0,0,0,0,0,0,0,4,0,0,0,0,0,0,0,0,0
ubt,bintrie,5,4,storage_sstore_k100,10,,2919,0,0,0.0542,33.5411,0.0026,0.2255,34.1437,0,4,0,0,0,0,0,0,0,0,0,0,4,0,0,0,0,0,0,0,0,0
ubt,bintrie,5,4,storage_sstore_k100,10,,2920,0,0,0.0793,26.1706,0.0038,0.1616,28.2915,0,4,0,0,0,0,0,0,0,0,0,0,4,0,0,0,0,0,0,0,0,0
ubt,bintrie,5,4,storage_sstore_k100,10,,2921,0,0,0.3068,4.7389,0.0117,0.968,7.0287,0,4,0,0,0,0,0,0,0,0,0,0,4,0,0,0,0,0,0,0,0,0
ubt,bintrie,5,4,storage_sstore_k100,10,,2922,0,0,9.6073,8.1767,0.012,0.7615,19.1754,0,4,0,0,0,0,0,0,0,0,0,0,4,0,0,0,0,0,0,0,0,0
ubt,bintrie,5,4,storage_sstore_k100,10,,2923,0,0,0.086,23.2528,0.0076,0.5232,24.2754,0,4,0,0,0,0,0,0,0,0,0,0,4,0,0,0,0,0,0,0,0,0
ubt,bintrie,5,4,storage_sstore_k100,10,,2924,0,0,0.1706,10.2877,0.0192,10.4318,35.5069,0,4,0,0,0,0,0,0,0,0,0,0,4,0,0,0,0,0,0,0,0,0
ubt,bintrie,5,4,storage_sstore_k100,10,,2925,0,0,0.1175,7.7377,0.0945,4.2203,12.8374,0,4,0,0,0,0,0,0,0,0,0,0,4,0,0,0,0,0,0,0,0,0
ubt,bintrie,5,4,storage_sstore_k100,10,,2926,0,0,0.1359,8.3426,0.0055,0.2185,40.0772,0,4,0,0,0,0,0,0,0,0,0,0,4,0,0,0,0,0,0,0,0,0
ubt,bintrie,5,4,storage_sstore_k100,10,,2927,0,0,0.6157,20.2496,0.0047,0.2091,60.2918,0,4,0,0,0,0,0,0,0,0,0,0,4,0,0,0,0,0,0,0,0,0
ubt,bintrie,5,4,storage_sstore_k100,10,,2928,0,0,0.1861,54.5374,0.0085,0.6128,56.2444,0,4,0,0,0,0,0,0,0,0,0,0,4,0,0,0,0,0,0,0,0,0
ubt,bintrie,5,4,storage_sstore_k100,10,,2929,0,0,0.1161,14.4188,0.0184,14.4261,48.0036,0,4,0,0,0,0,0,0,0,0,0,0,4,0,0,0,0,0,0,0,0,0
ubt,bintrie,5,4,storage_sstore_k100,10,,2930,0,0,0.2587,67.4663,0.0105,0.5439,71.4457,0,4,0,0,0,0,0,0,0,0,0,0,4,0,0,0,0,0,0,0,0,0
ubt,bintrie,5,4,storage_sstore_k100,10,,2931,0,0,0.1989,8.2114,0.0038,0.2322,17.2003,0,4,0,0,0,0,0,0,0,0,0,0,4,0,0,0,0,0,0,0,0,0
ubt,bintrie,5,4,storage_sstore_k100,10,,2932,0,0,0.1415,12.7233,0.0026,0.1595,13.44,0,4,0,0,0,0,0,0,0,0,0,0,4,0,0,0,0,0,0,0,0,0
ubt,bintrie,5,4,storage_sstore_k100,10,,2933,86978,2,0.504,34.1524,17.4027,2.7611,55.0796,1.5791,11,0,0,0,3,0,0,0,1,166,4,7,36.36,0,0,0,0,0,0,0,0
ubt,bintrie,5,4,storage_sstore_k100,10,,2934,99903046,1,140.3158,121.4361,30.9357,45.2516,338.3043,295.3053,96,4438,90,2658,90,0,4388,0,0,0,32,64,33.33,1421,3017,32.02,90,0,100,2658,0
ubt,bintrie,5,4,storage_sstore_k100,10,,2935,21000,1,0.0995,22.5569,29.6874,0.8254,53.5921,0.3918,6,0,0,0,2,0,0,0,0,0,2,4,33.33,0,0,0,0,0,0,0,0
ubt,bintrie,5,4,storage_sstore_k100,10,,2936,0,0,0.0446,2.0629,0.002,0.145,2.4587,0,4,0,0,0,0,0,0,0,0,0,0,4,0,0,0,0,0,0,0,0,0
ubt,bintrie,5,4,storage_sstore_k100,10,,2937,0,0,0.343,25.6403,0.0076,0.4124,45.7847,0,4,0,0,0,0,0,0,0,0,0,0,4,0,0,0,0,0,0,0,0,0
ubt,bintrie,5,4,storage_sstore_k100,1,,2711,0,0,0.0755,3.7152,0.0041,0.2844,6.1701,0,4,0,0,0,0,0,0,0,0,0,0,4,0,0,0,0,0,0,0,0,0
ubt,bintrie,5,4,storage_sstore_k100,1,,2712,0,0,0.1307,8.5229,0.0026,0.1371,9.1429,0,4,0,0,0,0,0,0,0,0,0,0,4,0,0,0,0,0,0,0,0,0
ubt,bintrie,5,4,storage_sstore_k100,1,,2713,0,0,0.0694,59.7036,0.005,0.196,60.3128,0,4,0,0,0,0,0,0,0,0,0,0,4,0,0,0,0,0,0,0,0,0
ubt,bintrie,5,4,storage_sstore_k100,1,,2714,0,0,0.0621,13.3956,0.0061,0.1811,13.841,0,4,0,0,0,0,0,0,0,0,0,0,4,0,0,0,0,0,0,0,0,0
ubt,bintrie,5,4,storage_sstore_k100,1,,2715,0,0,0.0647,6.0196,0.0041,1.0774,7.5306,0,4,0,0,0,0,0,0,0,0,0,0,4,0,0,0,0,0,0,0,0,0
ubt,bintrie,5,4,storage_sstore_k100,1,,2716,0,0,0.161,23.9196,0.0053,0.2981,24.7657,0,4,0,0,0,0,0,0,0,0,0,0,4,0,0,0,0,0,0,0,0,0
ubt,bintrie,5,4,storage_sstore_k100,1,,2717,0,0,0.1003,2.314,0.002,0.145,2.7611,0,4,0,0,0,0,0,0,0,0,0,0,4,0,0,0,0,0,0,0,0,0
ubt,bintrie,5,4,storage_sstore_k100,1,,2718,0,0,0.1461,9.3045,0.0029,0.2045,10.0112,0,4,0,0,0,0,0,0,0,0,0,0,4,0,0,0,0,0,0,0,0,0
ubt,bintrie,5,4,storage_sstore_k100,1,,2719,0,0,0.0373,7.309,0.0085,0.6682,24.6718,0,4,0,0,0,0,0,0,0,0,0,0,4,0,0,0,0,0,0,0,0,0
ubt,bintrie,5,4,storage_sstore_k100,1,,2720,0,0,0.0957,52.7941,0.0029,0.1613,53.4177,0,4,0,0,0,0,0,0,0,0,0,0,4,0,0,0,0,0,0,0,0,0
ubt,bintrie,5,4,storage_sstore_k100,1,,2721,0,0,0.1237,5.4587,0.0076,0.5804,6.7149,0,4,0,0,0,0,0,0,0,0,0,0,4,0,0,0,0,0,0,0,0,0
ubt,bintrie,5,4,storage_sstore_k100,1,,2722,0,0,0.497,41.0207,0.0035,0.1744,42.4458,0,4,0,0,0,0,0,0,0,0,0,0,4,0,0,0,0,0,0,0,0,0
ubt,bintrie,5,4,storage_sstore_k100,1,,2723,0,0,0.3768,44.0464,0.0029,0.4095,45.7643,0,4,0,0,0,0,0,0,0,0,0,0,4,0,0,0,0,0,0,0,0,0
ubt,bintrie,5,4,storage_sstore_k100,1,,2724,0,0,0.1441,6.5585,0.0067,0.4314,7.6765,0,4,0,0,0,0,0,0,0,0,0,0,4,0,0,0,0,0,0,0,0,0
ubt,bintrie,5,4,storage_sstore_k100,1,,2725,0,0,0.131,58.1233,0.0026,0.1657,59.1436,0,4,0,0,0,0,0,0,0,0,0,0,4,0,0,0,0,0,0,0,0,0
ubt,bintrie,5,4,storage_sstore_k100,1,,2726,0,0,0.0417,3.5658,0.002,0.1972,5.079,0,4,0,0,0,0,0,0,0,0,0,0,4,0,0,0,0,0,0,0,0,0
ubt,bintrie,5,4,storage_sstore_k100,1,,2727,0,0,0.1811,21.8214,0.0041,0.1601,22.5639,0,4,0,0,0,0,0,0,0,0,0,0,4,0,0,0,0,0,0,0,0,0
ubt,bintrie,5,4,storage_sstore_k100,1,,2728,0,0,0.0502,12.0887,0.0029,0.2135,12.6251,0,4,0,0,0,0,0,0,0,0,0,0,4,0,0,0,0,0,0,0,0,0
ubt,bintrie,5,4,storage_sstore_k100,1,,2729,86978,2,0.1549,2.867,45.6448,2.0419,64.5306,1.3479,11,0,0,0,3,0,0,0,1,166,7,4,63.64,0,0,0,0,0,0,0,0
ubt,bintrie,5,4,storage_sstore_k100,1,,2730,0,0,0.1257,31.3516,0.0026,0.2246,32.2432,0,4,0,0,0,0,0,0,0,0,0,0,4,0,0,0,0,0,0,0,0,0
ubt,bintrie,5,4,storage_sstore_k100,1,,2731,99903046,1,190.0475,148.0871,62.4659,45.3755,455.1428,219.4983,96,4438,90,2658,90,0,4388,0,0,0,50,46,52.08,2255,2183,50.81,90,0,100,2658,0
ubt,bintrie,5,4,storage_sstore_k100,1,,2732,21000,1,0.1222,20.7163,15.5437,0.9686,37.7016,0.557,6,0,0,0,2,0,0,0,0,0,2,4,33.33,0,0,0,0,0,0,0,0
ubt,bintrie,5,4,storage_sstore_k100,1,,2733,0,0,0.1132,23.7428,0.0044,0.2214,52.3252,0,4,0,0,0,0,0,0,0,0,0,0,4,0,0,0,0,0,0,0,0,0
ubt,bintrie,5,4,storage_sstore_k100,2,,2735,0,0,0.119,13.9078,0.0061,0.3932,15.5221,0,4,0,0,0,0,0,0,0,0,0,0,4,0,0,0,0,0,0,0,0,0
ubt,bintrie,5,4,storage_sstore_k100,2,,2736,0,0,0.2829,37.5304,0.0026,0.1642,39.0453,0,4,0,0,0,0,0,0,0,0,0,0,4,0,0,0,0,0,0,0,0,0
ubt,bintrie,5,4,storage_sstore_k100,2,,2737,0,0,0.0986,38.2783,0.0035,0.138,38.8379,0,4,0,0,0,0,0,0,0,0,0,0,4,0,0,0,0,0,0,0,0,0
ubt,bintrie,5,4,storage_sstore_k100,2,,2738,0,0,0.0472,4.8106,0.0035,0.2202,5.3321,0,4,0,0,0,0,0,0,0,0,0,0,4,0,0,0,0,0,0,0,0,0
ubt,bintrie,5,4,storage_sstore_k100,2,,2739,0,0,0.0755,3.4629,0.0035,4.3953,10.6631,0,4,0,0,0,0,0,0,0,0,0,0,4,0,0,0,0,0,0,0,0,0
ubt,bintrie,5,4,storage_sstore_k100,2,,2740,0,0,0.1175,12.9745,0.0029,0.1476,13.6362,0,4,0,0,0,0,0,0,0,0,0,0,4,0,0,0,0,0,0,0,0,0
ubt,bintrie,5,4,storage_sstore_k100,2,,2741,0,0,0.1549,33.8001,0.0064,0.427,35.0169,0,4,0,0,0,0,0,0,0,0,0,0,4,0,0,0,0,0,0,0,0,0
ubt,bintrie,5,4,storage_sstore_k100,2,,2742,0,0,0.6799,60.3589,0.0128,0.7201,71.4635,0,4,0,0,0,0,0,0,0,0,0,0,4,0,0,0,0,0,0,0,0,0
ubt,bintrie,5,4,storage_sstore_k100,2,,2743,0,0,0.1254,51.1746,0.0026,0.168,54.1938,0,4,0,0,0,0,0,0,0,0,0,0,4,0,0,0,0,0,0,0,0,0
ubt,bintrie,5,4,storage_sstore_k100,2,,2744,0,0,0.0755,18.721,0.0052,0.4086,19.5596,0,4,0,0,0,0,0,0,0,0,0,0,4,0,0,0,0,0,0,0,0,0
ubt,bintrie,5,4,storage_sstore_k100,2,,2745,0,0,0.1065,43.3773,0.0029,0.1234,43.9601,0,4,0,0,0,0,0,0,0,0,0,0,4,0,0,0,0,0,0,0,0,0
ubt,bintrie,5,4,storage_sstore_k100,2,,2746,0,0,0.0385,9.0289,0.0029,0.1797,9.4772,0,4,0,0,0,0,0,0,0,0,0,0,4,0,0,0,0,0,0,0,0,0
ubt,bintrie,5,4,storage_sstore_k100,2,,2747,0,0,0.1129,57.9419,0.0058,0.2602,58.7498,0,4,0,0,0,0,0,0,0,0,0,0,4,0,0,0,0,0,0,0,0,0
ubt,bintrie,5,4,storage_sstore_k100,2,,2748,0,0,0.1502,8.0623,0.0093,0.4057,9.3098,0,4,0,0,0,0,0,0,0,0,0,0,4,0,0,0,0,0,0,0,0,0
ubt,bintrie,5,4,storage_sstore_k100,2,,2749,0,0,0.3792,39.2509,0.005,0.4249,40.7743,0,4,0,0,0,0,0,0,0,0,0,0,4,0,0,0,0,0,0,0,0,0
ubt,bintrie,5,4,storage_sstore_k100,2,,2750,0,0,1.4335,3.4772,0.0026,0.2144,5.3312,0,4,0,0,0,0,0,0,0,0,0,0,4,0,0,0,0,0,0,0,0,0
ubt,bintrie,5,4,storage_sstore_k100,2,,2751,0,0,0.0688,23.7035,0.0029,0.3135,25.5879,0,4,0,0,0,0,0,0,0,0,0,0,4,0,0,0,0,0,0,0,0,0
ubt,bintrie,5,4,storage_sstore_k100,2,,2752,0,0,0.0487,16.0182,0.0035,0.2485,16.5523,0,4,0,0,0,0,0,0,0,0,0,0,4,0,0,0,0,0,0,0,0,0
ubt,bintrie,5,4,storage_sstore_k100,2,,2753,86978,2,1.2145,39.9451,10.5709,1.7642,53.992,1.6109,11,0,0,0,3,0,0,0,1,166,4,7,36.36,0,0,0,0,0,0,0,0
ubt,bintrie,5,4,storage_sstore_k100,2,,2754,99903046,1,138.4342,153.2582,86.617,32.8691,417.971,239.0191,96,4438,90,2658,90,0,4388,0,0,0,18,78,18.75,819,3619,18.45,90,0,100,2658,0
ubt,bintrie,5,4,storage_sstore_k100,2,,2755,0,0,0.1657,9.2071,0.0064,0.2707,10.141,0,4,0,0,0,0,0,0,0,0,0,0,4,0,0,0,0,0,0,0,0,0
ubt,bintrie,5,4,storage_sstore_k100,2,,2756,21000,1,0.1135,30.7427,2.0763,1.1841,43.2076,0.486,6,0,0,0,2,0,0,0,0,0,2,4,33.33,0,0,0,0,0,0,0,0
ubt,bintrie,5,4,storage_sstore_k100,2,,2757,0,0,0.0426,4.7051,0.0032,0.1555,5.0833,0,4,0,0,0,0,0,0,0,0,0,0,4,0,0,0,0,0,0,0,0,0
ubt,bintrie,5,4,storage_sstore_k100,2,,2758,0,0,0.0347,3.9079,0.002,0.2357,4.3212,0,4,0,0,0,0,0,0,0,0,0,0,4,0,0,0,0,0,0,0,0,0
ubt,bintrie,5,4,storage_sstore_k100,3,,2759,0,0,0.1082,2.1568,0.0067,0.7353,6.4075,0,4,0,0,0,0,0,0,0,0,0,0,4,0,0,0,0,0,0,0,0,0
ubt,bintrie,5,4,storage_sstore_k100,3,,2760,0,0,0.1196,23.5439,0.0041,0.1963,24.2634,0,4,0,0,0,0,0,0,0,0,0,0,4,0,0,0,0,0,0,0,0,0
ubt,bintrie,5,4,storage_sstore_k100,3,,2761,0,0,0.0569,2.7813,0.0029,0.3115,3.5606,0,4,0,0,0,0,0,0,0,0,0,0,4,0,0,0,0,0,0,0,0,0
ubt,bintrie,5,4,storage_sstore_k100,3,,2762,0,0,0.0397,33.8576,0.0041,0.126,34.2344,0,4,0,0,0,0,0,0,0,0,0,0,4,0,0,0,0,0,0,0,0,0
ubt,bintrie,5,4,storage_sstore_k100,3,,2763,0,0,0.2389,7.3545,0.0026,0.2042,10.5624,0,4,0,0,0,0,0,0,0,0,0,0,4,0,0,0,0,0,0,0,0,0
ubt,bintrie,5,4,storage_sstore_k100,3,,2764,0,0,0.1149,49.6264,0.0035,0.1307,50.3051,0,4,0,0,0,0,0,0,0,0,0,0,4,0,0,0,0,0,0,0,0,0
ubt,bintrie,5,4,storage_sstore_k100,3,,2765,0,0,0.1219,44.3413,0.0029,0.1756,45.0777,0,4,0,0,0,0,0,0,0,0,0,0,4,0,0,0,0,0,0,0,0,0
ubt,bintrie,5,4,storage_sstore_k100,3,,2766,0,0,0.1756,38.6667,0.0055,0.567,39.9468,0,4,0,0,0,0,0,0,0,0,0,0,4,0,0,0,0,0,0,0,0,0
ubt,bintrie,5,4,storage_sstore_k100,3,,2767,0,0,0.1735,65.1217,0.0023,0.3824,67.6594,0,4,0,0,0,0,0,0,0,0,0,0,4,0,0,0,0,0,0,0,0,0
ubt,bintrie,5,4,storage_sstore_k100,3,,2768,0,0,0.0484,14.0405,0.0038,0.203,14.6092,0,4,0,0,0,0,0,0,0,0,0,0,4,0,0,0,0,0,0,0,0,0
ubt,bintrie,5,4,storage_sstore_k100,3,,2769,0,0,0.3643,50.1278,0.0038,0.2167,51.6465,0,4,0,0,0,0,0,0,0,0,0,0,4,0,0,0,0,0,0,0,0,0
ubt,bintrie,5,4,storage_sstore_k100,3,,2770,0,0,0.1878,49.8863,0.0026,0.2211,50.7899,0,4,0,0,0,0,0,0,0,0,0,0,4,0,0,0,0,0,0,0,0,0
ubt,bintrie,5,4,storage_sstore_k100,3,,2771,0,0,0.4667,64.4716,0.0038,0.1703,66.0084,0,4,0,0,0,0,0,0,0,0,0,0,4,0,0,0,0,0,0,0,0,0
ubt,bintrie,5,4,storage_sstore_k100,3,,2772,0,0,0.3754,41.1062,0.0026,0.5906,43.2018,0,4,0,0,0,0,0,0,0,0,0,0,4,0,0,0,0,0,0,0,0,0
ubt,bintrie,5,4,storage_sstore_k100,3,,2773,0,0,0.098,53.7359,0.0026,0.1744,54.3268,0,4,0,0,0,0,0,0,0,0,0,0,4,0,0,0,0,0,0,0,0,0
ubt,bintrie,5,4,storage_sstore_k100,3,,2774,0,0,0.0437,4.9883,0.0023,0.1528,5.3762,0,4,0,0,0,0,0,0,0,0,0,0,4,0,0,0,0,0,0,0,0,0
ubt,bintrie,5,4,storage_sstore_k100,3,,2775,0,0,0.0653,39.9095,0.0029,0.2123,40.4082,0,4,0,0,0,0,0,0,0,0,0,0,4,0,0,0,0,0,0,0,0,0
ubt,bintrie,5,4,storage_sstore_k100,3,,2776,0,0,0.1277,4.1961,0.0044,0.3876,5.0682,0,4,0,0,0,0,0,0,0,0,0,0,4,0,0,0,0,0,0,0,0,0
ubt,bintrie,5,4,storage_sstore_k100,3,,2777,86978,2,0.1097,30.5026,20.5999,5.6197,57.1369,1.5223,11,0,0,0,3,0,0,0,1,166,6,5,54.55,0,0,0,0,0,0,0,0
ubt,bintrie,5,4,storage_sstore_k100,3,,2778,99903046,1,130.0346,129.1832,69.3349,27.6157,365.7474,273.1477,96,4438,90,2658,90,0,4388,0,0,0,13,83,13.54,728,3710,16.4,90,0,100,2658,0
ubt,bintrie,5,4,storage_sstore_k100,3,,2779,21000,1,0.3124,10.1355,0.5582,1.6517,30.9106,0.6794,6,0,0,0,2,0,0,0,0,0,0,6,0,0,0,0,0,0,0,0,0
ubt,bintrie,5,4,storage_sstore_k100,3,,2780,0,0,0.089,3.3943,0.0093,4.8019,10.2151,0,4,0,0,0,0,0,0,0,0,0,0,4,0,0,0,0,0,0,0,0,0
ubt,bintrie,5,4,storage_sstore_k100,4,,2781,0,0,0.1202,0.6714,0.0035,0.1689,1.1346,0,4,0,0,0,0,0,0,0,0,0,0,4,0,0,0,0,0,0,0,0,0
ubt,bintrie,5,4,storage_sstore_k100,4,,2782,0,0,0.0968,27.3562,0.0041,0.294,28.473,0,4,0,0,0,0,0,0,0,0,0,0,4,0,0,0,0,0,0,0,0,0
ubt,bintrie,5,4,storage_sstore_k100,4,,2783,0,0,0.2666,22.3414,0.0076,0.4121,33.9147,0,4,0,0,0,0,0,0,0,0,0,0,4,0,0,0,0,0,0,0,0,0
ubt,bintrie,5,4,storage_sstore_k100,4,,2784,0,0,0.0569,83.8836,0.0035,0.1683,84.3196,0,4,0,0,0,0,0,0,0,0,0,0,4,0,0,0,0,0,0,0,0,0
ubt,bintrie,5,4,storage_sstore_k100,4,,2785,0,0,0.0831,26.8825,0.0052,0.3999,27.684,0,4,0,0,0,0,0,0,0,0,0,0,4,0,0,0,0,0,0,0,0,0
ubt,bintrie,5,4,storage_sstore_k100,4,,2786,0,0,0.077,37.139,0.0023,0.1388,37.5666,0,4,0,0,0,0,0,0,0,0,0,0,4,0,0,0,0,0,0,0,0,0
ubt,bintrie,5,4,storage_sstore_k100,4,,2787,0,0,0.5203,37.594,0.0023,0.3086,39.9358,0,4,0,0,0,0,0,0,0,0,0,0,4,0,0,0,0,0,0,0,0,0
ubt,bintrie,5,4,storage_sstore_k100,4,,2788,0,0,0.4483,35.131,0.0029,0.2085,52.7941,0,4,0,0,0,0,0,0,0,0,0,0,4,0,0,0,0,0,0,0,0,0
ubt,bintrie,5,4,storage_sstore_k100,4,,2789,0,0,0.1584,51.5648,0.0055,0.3777,55.1207,0,4,0,0,0,0,0,0,0,0,0,0,4,0,0,0,0,0,0,0,0,0
ubt,bintrie,5,4,storage_sstore_k100,4,,2790,0,0,0.0423,7.5114,0.0032,1.1617,9.1654,0,4,0,0,0,0,0,0,0,0,0,0,4,0,0,0,0,0,0,0,0,0
ubt,bintrie,5,4,storage_sstore_k100,4,,2791,0,0,0.1581,33.2384,0.0061,0.3614,34.3473,0,4,0,0,0,0,0,0,0,0,0,0,4,0,0,0,0,0,0,0,0,0
ubt,bintrie,5,4,storage_sstore_k100,4,,2792,0,0,0.0697,10.2291,0.0061,19.869,30.4857,0,4,0,0,0,0,0,0,0,0,0,0,4,0,0,0,0,0,0,0,0,0
ubt,bintrie,5,4,storage_sstore_k100,4,,2793,0,0,0.1167,55.8851,0.0032,0.1983,56.8357,0,4,0,0,0,0,0,0,0,0,0,0,4,0,0,0,0,0,0,0,0,0
ubt,bintrie,5,4,storage_sstore_k100,4,,2794,0,0,0.0335,5.8031,0.0023,0.1601,6.1342,0,4,0,0,0,0,0,0,0,0,0,0,4,0,0,0,0,0,0,0,0,0
ubt,bintrie,5,4,storage_sstore_k100,4,,2795,0,0,0.2459,37.083,0.0041,0.3649,38.9424,0,4,0,0,0,0,0,0,0,0,0,0,4,0,0,0,0,0,0,0,0,0
ubt,bintrie,5,4,storage_sstore_k100,4,,2796,0,0,0.0481,21.1406,0.0061,0.3357,23.6381,0,4,0,0,0,0,0,0,0,0,0,0,4,0,0,0,0,0,0,0,0,0
ubt,bintrie,5,4,storage_sstore_k100,4,,2797,0,0,0.0595,23.0067,0.0052,0.1759,23.4725,0,4,0,0,0,0,0,0,0,0,0,0,4,0,0,0,0,0,0,0,0,0
ubt,bintrie,5,4,storage_sstore_k100,4,,2798,0,0,0.0601,12.481,0.0041,0.2275,12.9975,0,4,0,0,0,0,0,0,0,0,0,0,4,0,0,0,0,0,0,0,0,0
ubt,bintrie,5,4,storage_sstore_k100,4,,2799,86978,2,1.3055,27.92,12.2488,1.7937,43.7084,1.99,11,0,0,0,3,0,0,0,1,166,4,7,36.36,0,0,0,0,0,0,0,0
ubt,bintrie,5,4,storage_sstore_k100,4,,2800,0,0,0.2185,45.3988,0.0111,0.532,54.9839,0,4,0,0,0,0,0,0,0,0,0,0,4,0,0,0,0,0,0,0,0,0
ubt,bintrie,5,4,storage_sstore_k100,4,,2801,99903046,1,106.286,140.373,90.6311,27.021,364.6835,273.9445,96,4438,90,2658,90,0,4388,0,0,0,28,68,29.17,1145,3293,25.8,90,0,100,2658,0
ubt,bintrie,5,4,storage_sstore_k100,4,,2802,21000,1,0.18,17.963,22.9708,1.0619,42.4962,0.4942,6,0,0,0,2,0,0,0,0,0,2,4,33.33,0,0,0,0,0,0,0,0
ubt,bintrie,5,4,storage_sstore_k100,4,,2803,0,0,0.0437,2.2102,0.0026,0.1986,2.6748,0,4,0,0,0,0,0,0,0,0,0,0,4,0,0,0,0,0,0,0,0,0
ubt,bintrie,5,4,storage_sstore_k100,4,,2804,0,0,0.049,6.3655,0.0052,0.2278,7.6995,0,4,0,0,0,0,0,0,0,0,0,0,4,0,0,0,0,0,0,0,0,0
ubt,bintrie,5,4,storage_sstore_k100,5,,2805,0,0,0.6017,10.1915,0.005,0.4497,11.5949,0,4,0,0,0,0,0,0,0,0,0,0,4,0,0,0,0,0,0,0,0,0
ubt,bintrie,5,4,storage_sstore_k100,5,,2806,0,0,0.1,47.3521,0.0023,0.1505,49.2928,0,4,0,0,0,0,0,0,0,0,0,0,4,0,0,0,0,0,0,0,0,0
ubt,bintrie,5,4,storage_sstore_k100,5,,2807,0,0,0.0674,16.7258,0.0038,0.4314,19.5394,0,4,0,0,0,0,0,0,0,0,0,0,4,0,0,0,0,0,0,0,0,0
ubt,bintrie,5,4,storage_sstore_k100,5,,2808,0,0,0.0787,33.8482,0.0032,0.201,34.3872,0,4,0,0,0,0,0,0,0,0,0,0,4,0,0,0,0,0,0,0,0,0
ubt,bintrie,5,4,storage_sstore_k100,5,,2809,0,0,0.0563,51.391,0.0032,0.1473,51.8337,0,4,0,0,0,0,0,0,0,0,0,0,4,0,0,0,0,0,0,0,0,0
ubt,bintrie,5,4,storage_sstore_k100,5,,2810,0,0,0.0324,1.8497,0.0023,0.1482,2.2093,0,4,0,0,0,0,0,0,0,0,0,0,4,0,0,0,0,0,0,0,0,0
ubt,bintrie,5,4,storage_sstore_k100,5,,2811,0,0,0.0933,3.1794,0.0044,0.2809,3.9082,0,4,0,0,0,0,0,0,0,0,0,0,4,0,0,0,0,0,0,0,0,0
ubt,bintrie,5,4,storage_sstore_k100,5,,2812,0,0,0.0242,1.8022,0.002,0.1024,2.0772,0,4,0,0,0,0,0,0,0,0,0,0,4,0,0,0,0,0,0,0,0,0
ubt,bintrie,5,4,storage_sstore_k100,5,,2813,0,0,0.0703,6.9109,0.0041,0.2672,7.4703,0,4,0,0,0,0,0,0,0,0,0,0,4,0,0,0,0,0,0,0,0,0
ubt,bintrie,5,4,storage_sstore_k100,5,,2814,0,0,0.1651,85.8908,0.0108,0.5857,87.2184,0,4,0,0,0,0,0,0,0,0,0,0,4,0,0,0,0,0,0,0,0,0
ubt,bintrie,5,4,storage_sstore_k100,5,,2815,0,0,0.0589,2.0095,0.0035,0.1094,2.4117,0,4,0,0,0,0,0,0,0,0,0,0,4,0,0,0,0,0,0,0,0,0
ubt,bintrie,5,4,storage_sstore_k100,5,,2816,0,0,0.1053,5.6427,0.0047,0.2132,6.3649,0,4,0,0,0,0,0,0,0,0,0,0,4,0,0,0,0,0,0,0,0,0
ubt,bintrie,5,4,storage_sstore_k100,5,,2817,0,0,0.3765,77.1395,0.0055,0.3754,79.1782,0,4,0,0,0,0,0,0,0,0,0,0,4,0,0,0,0,0,0,0,0,0
ubt,bintrie,5,4,storage_sstore_k100,5,,2818,0,0,0.0895,57.461,0.0085,0.2922,58.3683,0,4,0,0,0,0,0,0,0,0,0,0,4,0,0,0,0,0,0,0,0,0
ubt,bintrie,5,4,storage_sstore_k100,5,,2819,0,0,0.1035,11.6743,0.0035,0.3249,12.385,0,4,0,0,0,0,0,0,0,0,0,0,4,0,0,0,0,0,0,0,0,0
ubt,bintrie,5,4,storage_sstore_k100,5,,2820,0,0,0.0659,10.5438,0.0026,0.2059,12.7283,0,4,0,0,0,0,0,0,0,0,0,0,4,0,0,0,0,0,0,0,0,0
ubt,bintrie,5,4,storage_sstore_k100,5,,2821,0,0,0.0997,17.282,0.0061,0.1654,35.0709,0,4,0,0,0,0,0,0,0,0,0,0,4,0,0,0,0,0,0,0,0,0
ubt,bintrie,5,4,storage_sstore_k100,5,,2822,0,0,0.1572,35.0225,0.0023,0.1563,35.8712,0,4,0,0,0,0,0,0,0,0,0,0,4,0,0,0,0,0,0,0,0,0
ubt,bintrie,5,4,storage_sstore_k100,5,,2823,86978,2,0.6933,17.7871,26.3424,3.3033,48.4971,1.7935,11,0,0,0,3,0,0,0,1,166,4,7,36.36,0,0,0,0,0,0,0,0
ubt,bintrie,5,4,storage_sstore_k100,5,,2824,99903046,1,126.5404,142.0784,55.4853,41.579,387.5298,257.7945,96,4438,90,2658,90,0,4388,0,0,0,34,62,35.42,1647,2791,37.11,90,0,100,2658,0
ubt,bintrie,5,4,storage_sstore_k100,5,,2825,21000,1,0.2094,33.6619,25.0614,0.8277,60.1455,0.3492,6,0,0,0,2,0,0,0,0,0,2,4,33.33,0,0,0,0,0,0,0,0
ubt,bintrie,5,4,storage_sstore_k100,5,,2826,0,0,0.0895,57.6964,0.0023,0.1493,58.2493,0,4,0,0,0,0,0,0,0,0,0,0,4,0,0,0,0,0,0,0,0,0
ubt,bintrie,5,4,storage_sstore_k100,6,,2827,0,0,0.2152,21.3877,0.0044,0.3765,22.5336,0,4,0,0,0,0,0,0,0,0,0,0,4,0,0,0,0,0,0,0,0,0
ubt,bintrie,5,4,storage_sstore_k100,6,,2828,0,0,0.1167,38.3133,0.0023,0.1788,39.1976,0,4,0,0,0,0,0,0,0,0,0,0,4,0,0,0,0,0,0,0,0,0
ubt,bintrie,5,4,storage_sstore_k100,6,,2829,0,0,0.1056,30.9366,0.0038,0.1496,33.7479,0,4,0,0,0,0,0,0,0,0,0,0,4,0,0,0,0,0,0,0,0,0
ubt,bintrie,5,4,storage_sstore_k100,6,,2830,0,0,0.0633,20.1808,0.0152,0.2535,20.8157,0,4,0,0,0,0,0,0,0,0,0,0,4,0,0,0,0,0,0,0,0,0
ubt,bintrie,5,4,storage_sstore_k100,6,,2831,0,0,0.0554,15.2182,0.0023,0.2657,15.9646,0,4,0,0,0,0,0,0,0,0,0,0,4,0,0,0,0,0,0,0,0,0
ubt,bintrie,5,4,storage_sstore_k100,6,,2832,0,0,0.0344,1.8377,0.0023,0.1202,2.1565,0,4,0,0,0,0,0,0,0,0,0,0,4,0,0,0,0,0,0,0,0,0
ubt,bintrie,5,4,storage_sstore_k100,6,,2833,0,0,0.0321,1.7237,0.0012,0.1047,2.006,0,4,0,0,0,0,0,0,0,0,0,0,4,0,0,0,0,0,0,0,0,0
ubt,bintrie,5,4,storage_sstore_k100,6,,2834,0,0,0.0341,1.6473,0.0029,0.1114,1.9582,0,4,0,0,0,0,0,0,0,0,0,0,4,0,0,0,0,0,0,0,0,0
ubt,bintrie,5,4,storage_sstore_k100,6,,2835,0,0,0.0429,6.0677,0.0026,0.1245,6.4261,0,4,0,0,0,0,0,0,0,0,0,0,4,0,0,0,0,0,0,0,0,0
ubt,bintrie,5,4,storage_sstore_k100,6,,2836,0,0,0.1587,37.4739,0.0064,1.0007,39.3134,0,4,0,0,0,0,0,0,0,0,0,0,4,0,0,0,0,0,0,0,0,0
ubt,bintrie,5,4,storage_sstore_k100,6,,2837,0,0,0.1047,70.9721,0.0052,0.3197,71.7902,0,4,0,0,0,0,0,0,0,0,0,0,4,0,0,0,0,0,0,0,0,0
ubt,bintrie,5,4,storage_sstore_k100,6,,2838,0,0,0.0685,12.6178,0.0058,0.5139,13.6683,0,4,0,0,0,0,0,0,0,0,0,0,4,0,0,0,0,0,0,0,0,0
ubt,bintrie,5,4,storage_sstore_k100,6,,2839,0,0,0.4509,41.9147,0.0023,0.1356,43.7501,0,4,0,0,0,0,0,0,0,0,0,0,4,0,0,0,0,0,0,0,0,0
ubt,bintrie,5,4,storage_sstore_k100,6,,2840,0,0,0.0945,3.3824,0.0044,0.2663,4.0917,0,4,0,0,0,0,0,0,0,0,0,0,4,0,0,0,0,0,0,0,0,0
ubt,bintrie,5,4,storage_sstore_k100,6,,2841,0,0,0.1388,30.5805,0.0053,0.6067,32.2042,0,4,0,0,0,0,0,0,0,0,0,0,4,0,0,0,0,0,0,0,0,0
ubt,bintrie,5,4,storage_sstore_k100,6,,2842,0,0,0.0627,4.9282,0.0023,0.173,5.3455,0,4,0,0,0,0,0,0,0,0,0,0,4,0,0,0,0,0,0,0,0,0
ubt,bintrie,5,4,storage_sstore_k100,6,,2843,0,0,0.0968,14.4882,0.0035,0.2109,15.1908,0,4,0,0,0,0,0,0,0,0,0,0,4,0,0,0,0,0,0,0,0,0
ubt,bintrie,5,4,storage_sstore_k100,6,,2844,86978,2,0.1773,1.1206,11.8245,1.4186,20.3211,4.2802,11,0,0,0,3,0,0,0,1,166,6,5,54.55,0,0,0,0,0,0,0,0
ubt,bintrie,5,4,storage_sstore_k100,6,,2845,99903046,1,106.2998,113.6901,53.665,36.0039,310.2915,321.9652,96,4438,90,2658,90,0,4388,0,0,0,29,67,30.21,1237,3201,27.87,90,0,100,2658,0
ubt,bintrie,5,4,storage_sstore_k100,6,,2846,21000,1,0.1283,3.7633,27.7467,0.7639,35.4229,0.5928,6,0,0,0,2,0,0,0,0,0,2,4,33.33,0,0,0,0,0,0,0,0
ubt,bintrie,5,4,storage_sstore_k100,6,,2847,0,0,0.0367,6.7499,0.0023,0.1543,7.1244,0,4,0,0,0,0,0,0,0,0,0,0,4,0,0,0,0,0,0,0,0,0
ubt,bintrie,5,4,storage_sstore_k100,6,,2848,0,0,0.2995,51.6925,0.0029,0.2085,53.0313,0,4,0,0,0,0,0,0,0,0,0,0,4,0,0,0,0,0,0,0,0,0
ubt,bintrie,5,4,storage_sstore_k100,7,,2849,0,0,0.1791,7.6482,0.0053,0.45,8.781,0,4,0,0,0,0,0,0,0,0,0,0,4,0,0,0,0,0,0,0,0,0
ubt,bintrie,5,4,storage_sstore_k100,7,,2850,0,0,0.0327,17.6924,0.0032,0.6244,18.5831,0,4,0,0,0,0,0,0,0,0,0,0,4,0,0,0,0,0,0,0,0,0
ubt,bintrie,5,4,storage_sstore_k100,7,,2851,0,0,0.0621,11.3735,0.0026,0.2934,23.34,0,4,0,0,0,0,0,0,0,0,0,0,4,0,0,0,0,0,0,0,0,0
ubt,bintrie,5,4,storage_sstore_k100,7,,2852,0,0,0.0974,17.4902,0.0041,5.0483,35.9636,0,4,0,0,0,0,0,0,0,0,0,0,4,0,0,0,0,0,0,0,0,0
ubt,bintrie,5,4,storage_sstore_k100,7,,2853,0,0,0.0522,2.0136,0.0023,0.1884,2.5987,0,4,0,0,0,0,0,0,0,0,0,0,4,0,0,0,0,0,0,0,0,0
ubt,bintrie,5,4,storage_sstore_k100,7,,2854,0,0,0.1213,14.4401,0.0029,0.1496,35.9873,0,4,0,0,0,0,0,0,0,0,0,0,4,0,0,0,0,0,0,0,0,0
ubt,bintrie,5,4,storage_sstore_k100,7,,2855,0,0,0.0251,1.7024,0.0012,0.1213,1.9859,0,4,0,0,0,0,0,0,0,0,0,0,4,0,0,0,0,0,0,0,0,0
ubt,bintrie,5,4,storage_sstore_k100,7,,2856,0,0,0.1196,11.739,0.0053,0.4451,12.7738,0,4,0,0,0,0,0,0,0,0,0,0,4,0,0,0,0,0,0,0,0,0
ubt,bintrie,5,4,storage_sstore_k100,7,,2857,0,0,0.121,12.4926,0.016,1.1646,14.4179,0,4,0,0,0,0,0,0,0,0,0,0,4,0,0,0,0,0,0,0,0,0
ubt,bintrie,5,4,storage_sstore_k100,7,,2858,0,0,0.0726,7.0649,0.0093,0.7522,47.9293,0,4,0,0,0,0,0,0,0,0,0,0,4,0,0,0,0,0,0,0,0,0
ubt,bintrie,5,4,storage_sstore_k100,7,,2859,0,0,0.1651,58.5077,0.0052,0.329,59.5353,0,4,0,0,0,0,0,0,0,0,0,0,4,0,0,0,0,0,0,0,0,0
ubt,bintrie,5,4,storage_sstore_k100,7,,2860,0,0,0.1009,4.2547,0.0041,0.3138,5.0046,0,4,0,0,0,0,0,0,0,0,0,0,4,0,0,0,0,0,0,0,0,0
ubt,bintrie,5,4,storage_sstore_k100,7,,2861,0,0,0.1945,46.5506,0.0038,0.2908,66.3298,0,4,0,0,0,0,0,0,0,0,0,0,4,0,0,0,0,0,0,0,0,0
ubt,bintrie,5,4,storage_sstore_k100,7,,2862,0,0,0.114,44.4527,0.0082,0.7417,46.7081,0,4,0,0,0,0,0,0,0,0,0,0,4,0,0,0,0,0,0,0,0,0
ubt,bintrie,5,4,storage_sstore_k100,7,,2863,0,0,0.1776,41.9657,0.0029,0.2255,47.3871,0,4,0,0,0,0,0,0,0,0,0,0,4,0,0,0,0,0,0,0,0,0
ubt,bintrie,5,4,storage_sstore_k100,7,,2864,0,0,0.0636,22.8611,0.005,0.1549,23.3301,0,4,0,0,0,0,0,0,0,0,0,0,4,0,0,0,0,0,0,0,0,0
ubt,bintrie,5,4,storage_sstore_k100,7,,2865,0,0,0.0467,12.8386,0.0038,2.8399,21.4717,0,4,0,0,0,0,0,0,0,0,0,0,4,0,0,0,0,0,0,0,0,0
ubt,bintrie,5,4,storage_sstore_k100,7,,2866,86978,2,0.1161,14.501,22.0809,1.9226,38.8385,2.2395,11,0,0,0,3,0,0,0,1,166,5,6,45.45,0,0,0,0,0,0,0,0
ubt,bintrie,5,4,storage_sstore_k100,7,,2867,99903046,1,153.7121,103.6766,66.9309,33.0911,357.7125,279.2831,96,4438,90,2658,90,0,4388,0,0,0,59,37,61.46,2683,1755,60.46,90,0,100,2658,0
ubt,bintrie,5,4,storage_sstore_k100,7,,2868,21000,1,0.1237,60.7666,10.5482,1.8914,73.7522,0.2847,6,0,0,0,2,0,0,0,0,0,2,4,33.33,0,0,0,0,0,0,0,0
ubt,bintrie,5,4,storage_sstore_k100,7,,2869,0,0,2.5194,46.2187,0.0073,0.4527,51.6263,0,4,0,0,0,0,0,0,0,0,0,0,4,0,0,0,0,0,0,0,0,0
ubt,bintrie,5,4,storage_sstore_k100,7,,2870,0,0,0.107,3.6005,0.0035,0.3205,4.4023,0,4,0,0,0,0,0,0,0,0,0,0,4,0,0,0,0,0,0,0,0,0
ubt,bintrie,5,4,storage_sstore_k100,8,,2871,0,0,0.1009,8.0883,0.0064,0.3278,8.8481,0,4,0,0,0,0,0,0,0,0,0,0,4,0,0,0,0,0,0,0,0,0
ubt,bintrie,5,4,storage_sstore_k100,8,,2872,0,0,0.205,46.0868,0.0026,0.1406,47.0231,0,4,0,0,0,0,0,0,0,0,0,0,4,0,0,0,0,0,0,0,0,0
ubt,bintrie,5,4,storage_sstore_k100,8,,2873,0,0,0.0662,6.282,0.002,0.1846,13.4968,0,4,0,0,0,0,0,0,0,0,0,0,4,0,0,0,0,0,0,0,0,0
ubt,bintrie,5,4,storage_sstore_k100,8,,2874,0,0,0.0822,8.102,0.0102,7.0115,24.1657,0,4,0,0,0,0,0,0,0,0,0,0,4,0,0,0,0,0,0,0,0,0
ubt,bintrie,5,4,storage_sstore_k100,8,,2875,0,0,0.0525,19.1699,0.0023,0.4104,19.9577,0,4,0,0,0,0,0,0,0,0,0,0,4,0,0,0,0,0,0,0,0,0
ubt,bintrie,5,4,storage_sstore_k100,8,,2876,0,0,0.103,52.0667,0.0032,0.1852,52.6862,0,4,0,0,0,0,0,0,0,0,0,0,4,0,0,0,0,0,0,0,0,0
ubt,bintrie,5,4,storage_sstore_k100,8,,2877,0,0,0.0726,2.0052,0.0102,10.5464,19.9632,0,4,0,0,0,0,0,0,0,0,0,0,4,0,0,0,0,0,0,0,0,0
ubt,bintrie,5,4,storage_sstore_k100,8,,2878,0,0,0.082,7.4289,0.0099,27.4355,61.3287,0,4,0,0,0,0,0,0,0,0,0,0,4,0,0,0,0,0,0,0,0,0
ubt,bintrie,5,4,storage_sstore_k100,8,,2879,0,0,0.1487,45.4376,0.0105,0.5897,46.774,0,4,0,0,0,0,0,0,0,0,0,0,4,0,0,0,0,0,0,0,0,0
ubt,bintrie,5,4,storage_sstore_k100,8,,2880,0,0,0.1543,9.1768,0.033,5.8288,23.3018,0,4,0,0,0,0,0,0,0,0,0,0,4,0,0,0,0,0,0,0,0,0
ubt,bintrie,5,4,storage_sstore_k100,8,,2881,0,0,0.0822,21.0318,0.0044,0.2345,63.3312,0,4,0,0,0,0,0,0,0,0,0,0,4,0,0,0,0,0,0,0,0,0
ubt,bintrie,5,4,storage_sstore_k100,8,,2882,0,0,0.1257,46.9808,0.0026,0.1785,47.6755,0,4,0,0,0,0,0,0,0,0,0,0,4,0,0,0,0,0,0,0,0,0
ubt,bintrie,5,4,storage_sstore_k100,8,,2883,0,0,0.1003,3.4451,0.0052,0.3019,4.2232,0,4,0,0,0,0,0,0,0,0,0,0,4,0,0,0,0,0,0,0,0,0
ubt,bintrie,5,4,storage_sstore_k100,8,,2884,0,0,0.0321,1.7642,0.0018,0.1062,2.0577,0,4,0,0,0,0,0,0,0,0,0,0,4,0,0,0,0,0,0,0,0,0
ubt,bintrie,5,4,storage_sstore_k100,8,,2885,0,0,0.04,3.124,0.0023,0.175,3.567,0,4,0,0,0,0,0,0,0,0,0,0,4,0,0,0,0,0,0,0,0,0
ubt,bintrie,5,4,storage_sstore_k100,8,,2886,0,0,0.0394,2.995,0.002,0.1657,3.3882,0,4,0,0,0,0,0,0,0,0,0,0,4,0,0,0,0,0,0,0,0,0
ubt,bintrie,5,4,storage_sstore_k100,8,,2887,0,0,0.0478,2.482,0.002,0.154,3.4462,0,4,0,0,0,0,0,0,0,0,0,0,4,0,0,0,0,0,0,0,0,0
ubt,bintrie,5,4,storage_sstore_k100,8,,2888,86978,2,0.2812,12.7586,26.4611,1.7855,41.5352,2.0941,11,0,0,0,3,0,0,0,1,166,5,6,45.45,0,0,0,0,0,0,0,0
ubt,bintrie,5,4,storage_sstore_k100,8,,2889,99903046,1,121.5571,151.8612,68.9742,29.6025,372.8245,267.9626,96,4438,90,2658,90,0,4388,0,0,0,27,69,28.12,1175,3263,26.48,90,0,100,2658,0
ubt,bintrie,5,4,storage_sstore_k100,8,,2890,0,0,0.145,17.6585,0.007,0.3506,18.6382,0,4,0,0,0,0,0,0,0,0,0,0,4,0,0,0,0,0,0,0,0,0
ubt,bintrie,5,4,storage_sstore_k100,8,,2891,21000,1,0.7504,39.4612,27.5125,2.4972,71.1398,0.2952,6,0,0,0,2,0,0,0,0,0,0,6,0,0,0,0,0,0,0,0,0
ubt,bintrie,5,4,storage_sstore_k100,8,,2892,0,0,0.2371,9.2969,0.0472,3.4772,17.4567,0,4,0,0,0,0,0,0,0,0,0,0,4,0,0,0,0,0,0,0,0,0
ubt,bintrie,5,4,storage_sstore_k100,8,,2893,0,0,0.1566,13.0567,0.0143,0.8479,64.5652,0,4,0,0,0,0,0,0,0,0,0,0,4,0,0,0,0,0,0,0,0,0
ubt,bintrie,5,4,storage_sstore_k100,9,,2894,0,0,0.1003,19.7544,0.0061,0.3348,20.6334,0,4,0,0,0,0,0,0,0,0,0,0,4,0,0,0,0,0,0,0,0,0
ubt,bintrie,5,4,storage_sstore_k100,9,,2895,0,0,0.849,1.8176,0.002,0.1417,3.2911,0,4,0,0,0,0,0,0,0,0,0,0,4,0,0,0,0,0,0,0,0,0
ubt,bintrie,5,4,storage_sstore_k100,9,,2896,0,0,0.1275,31.204,0.0029,0.415,32.1519,0,4,0,0,0,0,0,0,0,0,0,0,4,0,0,0,0,0,0,0,0,0
ubt,bintrie,5,4,storage_sstore_k100,9,,2897,0,0,0.1006,15.7715,0.0053,0.4652,19.0311,0,4,0,0,0,0,0,0,0,0,0,0,4,0,0,0,0,0,0,0,0,0
ubt,bintrie,5,4,storage_sstore_k100,9,,2898,0,0,0.0799,10.4866,0.0082,16.7768,39.5554,0,4,0,0,0,0,0,0,0,0,0,0,4,0,0,0,0,0,0,0,0,0
ubt,bintrie,5,4,storage_sstore_k100,9,,2899,0,0,0.0694,4.9731,0.0044,0.191,5.4838,0,4,0,0,0,0,0,0,0,0,0,0,4,0,0,0,0,0,0,0,0,0
ubt,bintrie,5,4,storage_sstore_k100,9,,2900,0,0,0.0668,10.5137,0.0032,0.1403,11.0577,0,4,0,0,0,0,0,0,0,0,0,0,4,0,0,0,0,0,0,0,0,0
ubt,bintrie,5,4,storage_sstore_k100,9,,2901,0,0,0.0761,49.5844,0.0026,0.1686,50.2188,0,4,0,0,0,0,0,0,0,0,0,0,4,0,0,0,0,0,0,0,0,0
ubt,bintrie,5,4,storage_sstore_k100,9,,2902,0,0,0.0315,1.813,0.002,0.1263,2.1026,0,4,0,0,0,0,0,0,0,0,0,0,4,0,0,0,0,0,0,0,0,0
ubt,bintrie,5,4,storage_sstore_k100,9,,2903,0,0,0.0922,31.2385,0.0026,0.1689,31.9822,0,4,0,0,0,0,0,0,0,0,0,0,4,0,0,0,0,0,0,0,0,0
ubt,bintrie,5,4,storage_sstore_k100,9,,2904,0,0,0.0274,1.841,0.0018,0.128,2.139,0,4,0,0,0,0,0,0,0,0,0,0,4,0,0,0,0,0,0,0,0,0
ubt,bintrie,5,4,storage_sstore_k100,9,,2905,0,0,0.0575,4.9521,0.0053,0.2707,5.6115,0,4,0,0,0,0,0,0,0,0,0,0,4,0,0,0,0,0,0,0,0,0
ubt,bintrie,5,4,storage_sstore_k100,9,,2906,0,0,0.1088,19.7873,0.0047,0.3299,20.6159,0,4,0,0,0,0,0,0,0,0,0,0,4,0,0,0,0,0,0,0,0,0
ubt,bintrie,5,4,storage_sstore_k100,9,,2907,0,0,0.1021,54.8567,0.0041,0.3716,55.7798,0,4,0,0,0,0,0,0,0,0,0,0,4,0,0,0,0,0,0,0,0,0
ubt,bintrie,5,4,storage_sstore_k100,9,,2908,0,0,0.0455,9.1989,0.005,3.6084,14.4561,0,4,0,0,0,0,0,0,0,0,0,0,4,0,0,0,0,0,0,0,0,0
ubt,bintrie,5,4,storage_sstore_k100,9,,2909,0,0,0.037,2.5646,0.0026,0.1727,2.9997,0,4,0,0,0,0,0,0,0,0,0,0,4,0,0,0,0,0,0,0,0,0
ubt,bintrie,5,4,storage_sstore_k100,9,,2910,0,0,0.0805,13.7969,0.0032,0.2004,14.3444,0,4,0,0,0,0,0,0,0,0,0,0,4,0,0,0,0,0,0,0,0,0
ubt,bintrie,5,4,storage_sstore_k100,9,,2911,86978,2,0.2141,44.7671,0.5962,2.2706,48.1156,1.8077,11,0,0,0,3,0,0,0,1,166,5,6,45.45,0,0,0,0,0,0,0,0
ubt,bintrie,5,4,storage_sstore_k100,9,,2912,99903046,1,116.2455,132.6717,75.6608,26.3414,351.939,283.8647,96,4438,90,2658,90,0,4388,0,0,0,34,62,35.42,1508,2930,33.98,90,0,100,2658,0
ubt,bintrie,5,4,storage_sstore_k100,9,,2913,21000,1,0.226,17.3176,32.0802,1.7756,51.752,0.4058,6,0,0,0,2,0,0,0,0,0,2,4,33.33,0,0,0,0,0,0,0,0
ubt,bintrie,5,4,storage_sstore_k100,9,,2914,0,0,0.0443,6.7443,0.0029,0.2214,7.2159,0,4,0,0,0,0,0,0,0,0,0,0,4,0,0,0,0,0,0,0,0,0
ubt,bintrie,5,4,storage_sstore_k1000,10,,3141,0,0,0.1394,25.12,0.007,0.4777,26.2044,0,4,0,0,0,0,0,0,0,0,0,0,4,0,0,0,0,0,0,0,0,0
ubt,bintrie,5,4,storage_sstore_k1000,10,,3142,0,0,0.6486,18.3206,0.0053,0.3964,48.3387,0,4,0,0,0,0,0,0,0,0,0,0,4,0,0,0,0,0,0,0,0,0
ubt,bintrie,5,4,storage_sstore_k1000,10,,3143,0,0,0.0633,22.8804,0.0026,18.0604,41.301,0,4,0,0,0,0,0,0,0,0,0,0,4,0,0,0,0,0,0,0,0,0
ubt,bintrie,5,4,storage_sstore_k1000,10,,3144,0,0,0.0694,2.9837,0.009,0.5609,12.8998,0,4,0,0,0,0,0,0,0,0,0,0,4,0,0,0,0,0,0,0,0,0
ubt,bintrie,5,4,storage_sstore_k1000,10,,3145,0,0,0.3535,15.0735,0.0035,0.5851,16.8258,0,4,0,0,0,0,0,0,0,0,0,0,4,0,0,0,0,0,0,0,0,0
ubt,bintrie,5,4,storage_sstore_k1000,10,,3146,0,0,0.0904,19.3017,0.0035,0.2045,19.9801,0,4,0,0,0,0,0,0,0,0,0,0,4,0,0,0,0,0,0,0,0,0
ubt,bintrie,5,4,storage_sstore_k1000,10,,3147,0,0,0.0542,17.1446,0.0061,0.24,17.7297,0,4,0,0,0,0,0,0,0,0,0,0,4,0,0,0,0,0,0,0,0,0
ubt,bintrie,5,4,storage_sstore_k1000,10,,3148,0,0,0.0843,9.5373,0.0067,0.6586,11.0434,0,4,0,0,0,0,0,0,0,0,0,0,4,0,0,0,0,0,0,0,0,0
ubt,bintrie,5,4,storage_sstore_k1000,10,,3149,0,0,0.1172,17.5238,0.0216,1.8421,20.9761,0,4,0,0,0,0,0,0,0,0,0,0,4,0,0,0,0,0,0,0,0,0
ubt,bintrie,5,4,storage_sstore_k1000,10,,3150,0,0,0.0796,13.2757,0.0079,0.637,14.3736,0,4,0,0,0,0,0,0,0,0,0,0,4,0,0,0,0,0,0,0,0,0
ubt,bintrie,5,4,storage_sstore_k1000,10,,3151,0,0,0.0601,6.1931,0.0108,3.945,10.9719,0,4,0,0,0,0,0,0,0,0,0,0,4,0,0,0,0,0,0,0,0,0
ubt,bintrie,5,4,storage_sstore_k1000,10,,3152,0,0,0.0452,4.8235,0.0053,0.2444,5.3519,0,4,0,0,0,0,0,0,0,0,0,0,4,0,0,0,0,0,0,0,0,0
ubt,bintrie,5,4,storage_sstore_k1000,10,,3153,0,0,0.075,7.2495,0.0099,0.616,8.4616,0,4,0,0,0,0,0,0,0,0,0,0,4,0,0,0,0,0,0,0,0,0
ubt,bintrie,5,4,storage_sstore_k1000,10,,3154,0,0,0.0464,6.726,0.0044,0.1992,7.3084,0,4,0,0,0,0,0,0,0,0,0,0,4,0,0,0,0,0,0,0,0,0
ubt,bintrie,5,4,storage_sstore_k1000,10,,3155,0,0,0.1333,14.4835,0.0079,0.4967,15.6128,0,4,0,0,0,0,0,0,0,0,0,0,4,0,0,0,0,0,0,0,0,0
ubt,bintrie,5,4,storage_sstore_k1000,10,,3156,0,0,0.0715,33.2285,0.0052,0.1522,33.6616,0,4,0,0,0,0,0,0,0,0,0,0,4,0,0,0,0,0,0,0,0,0
ubt,bintrie,5,4,storage_sstore_k1000,10,,3157,0,0,0.056,16.5175,0.0029,0.1823,17.065,0,4,0,0,0,0,0,0,0,0,0,0,4,0,0,0,0,0,0,0,0,0
ubt,bintrie,5,4,storage_sstore_k1000,10,,3158,0,0,0.0671,5.3132,0.0023,0.1476,5.8081,0,4,0,0,0,0,0,0,0,0,0,0,4,0,0,0,0,0,0,0,0,0
ubt,bintrie,5,4,storage_sstore_k1000,10,,3159,86966,2,0.6653,17.0886,7.2851,1.8987,27.6954,3.1401,11,0,0,0,3,0,0,0,1,166,6,5,54.55,0,0,0,0,0,0,0,0
ubt,bintrie,5,4,storage_sstore_k1000,10,,3160,0,0,0.2896,21.0884,0.0137,1.5744,24.1678,0,4,0,0,0,0,0,0,0,0,0,0,4,0,0,0,0,0,0,0,0,0
ubt,bintrie,5,4,storage_sstore_k1000,10,,3161,99921136,1,111.6997,265.1337,198.8982,105.8939,682.5367,146.3967,853,4227,847,23854,847,0,4222,0,0,0,98,755,11.49,451,3776,10.67,847,0,100,23854,0
ubt,bintrie,5,4,storage_sstore_k1000,10,,3162,21000,1,0.1441,19.948,6.2112,4.5799,31.298,0.671,6,0,0,0,2,0,0,0,0,0,2,4,33.33,0,0,0,0,0,0,0,0
ubt,bintrie,5,4,storage_sstore_k1000,10,,3163,0,0,0.14,78.083,0.0163,0.2182,78.9271,0,4,0,0,0,0,0,0,0,0,0,0,4,0,0,0,0,0,0,0,0,0
ubt,bintrie,5,4,storage_sstore_k1000,10,,3164,0,0,0.1534,39.9483,0.0111,1.1763,42.4691,0,4,0,0,0,0,0,0,0,0,0,0,4,0,0,0,0,0,0,0,0,0
ubt,bintrie,5,4,storage_sstore_k1000,1,,2938,0,0,0.0534,2.1749,0.0029,0.1942,2.5955,0,4,0,0,0,0,0,0,0,0,0,0,4,0,0,0,0,0,0,0,0,0
ubt,bintrie,5,4,storage_sstore_k1000,1,,2939,0,0,0.2602,18.9406,0.0032,0.1286,20.2009,0,4,0,0,0,0,0,0,0,0,0,0,4,0,0,0,0,0,0,0,0,0
ubt,bintrie,5,4,storage_sstore_k1000,1,,2940,0,0,0.0487,0.9473,0.0023,0.1234,1.2632,0,4,0,0,0,0,0,0,0,0,0,0,4,0,0,0,0,0,0,0,0,0
ubt,bintrie,5,4,storage_sstore_k1000,1,,2941,0,0,0.0575,64.7711,0.0035,0.1356,65.2529,0,4,0,0,0,0,0,0,0,0,0,0,4,0,0,0,0,0,0,0,0,0
ubt,bintrie,5,4,storage_sstore_k1000,1,,2942,0,0,0.0682,23.6521,0.0032,0.1455,24.1567,0,4,0,0,0,0,0,0,0,0,0,0,4,0,0,0,0,0,0,0,0,0
ubt,bintrie,5,4,storage_sstore_k1000,1,,2943,0,0,0.0872,66.475,0.0023,0.1342,67.0096,0,4,0,0,0,0,0,0,0,0,0,0,4,0,0,0,0,0,0,0,0,0
ubt,bintrie,5,4,storage_sstore_k1000,1,,2944,0,0,0.0662,21.462,0.0079,14.4829,36.4481,0,4,0,0,0,0,0,0,0,0,0,0,4,0,0,0,0,0,0,0,0,0
ubt,bintrie,5,4,storage_sstore_k1000,1,,2945,0,0,0.0855,12.1424,0.0122,0.6801,20.7615,0,4,0,0,0,0,0,0,0,0,0,0,4,0,0,0,0,0,0,0,0,0
ubt,bintrie,5,4,storage_sstore_k1000,1,,2946,0,0,0.075,6.9981,0.0102,7.9387,21.4084,0,4,0,0,0,0,0,0,0,0,0,0,4,0,0,0,0,0,0,0,0,0
ubt,bintrie,5,4,storage_sstore_k1000,1,,2947,0,0,0.1627,8.2814,0.0134,0.7324,25.3814,0,4,0,0,0,0,0,0,0,0,0,0,4,0,0,0,0,0,0,0,0,0
ubt,bintrie,5,4,storage_sstore_k1000,1,,2948,0,0,0.1065,19.0873,0.0093,14.4281,34.0448,0,4,0,0,0,0,0,0,0,0,0,0,4,0,0,0,0,0,0,0,0,0
ubt,bintrie,5,4,storage_sstore_k1000,1,,2949,0,0,0.1525,58.1536,0.0038,0.1677,61.8933,0,4,0,0,0,0,0,0,0,0,0,0,4,0,0,0,0,0,0,0,0,0
ubt,bintrie,5,4,storage_sstore_k1000,1,,2950,0,0,0.0948,23.5769,0.0044,0.3287,24.4069,0,4,0,0,0,0,0,0,0,0,0,0,4,0,0,0,0,0,0,0,0,0
ubt,bintrie,5,4,storage_sstore_k1000,1,,2951,0,0,0.0755,27.327,0.0096,0.5177,49.7448,0,4,0,0,0,0,0,0,0,0,0,0,4,0,0,0,0,0,0,0,0,0
ubt,bintrie,5,4,storage_sstore_k1000,1,,2952,0,0,0.0884,49.7177,0.0079,0.723,51.2807,0,4,0,0,0,0,0,0,0,0,0,0,4,0,0,0,0,0,0,0,0,0
ubt,bintrie,5,4,storage_sstore_k1000,1,,2953,0,0,0.084,7.4989,0.0029,0.2879,13.2095,0,4,0,0,0,0,0,0,0,0,0,0,4,0,0,0,0,0,0,0,0,0
ubt,bintrie,5,4,storage_sstore_k1000,1,,2954,0,0,0.0601,30.2156,0.0029,0.2444,30.9211,0,4,0,0,0,0,0,0,0,0,0,0,4,0,0,0,0,0,0,0,0,0
ubt,bintrie,5,4,storage_sstore_k1000,1,,2955,86966,2,0.6831,43.2303,48.2816,2.3178,94.8368,0.917,11,0,0,0,3,0,0,0,1,166,4,7,36.36,0,0,0,0,0,0,0,0
ubt,bintrie,5,4,storage_sstore_k1000,1,,2956,99921136,1,175.307,217.7263,241.1576,129.6105,765.2261,130.5773,853,4227,847,23854,847,0,4222,0,0,0,451,402,52.87,2256,1971,53.37,847,0,100,23854,0
ubt,bintrie,5,4,storage_sstore_k1000,1,,2957,21000,1,0.1782,15.1327,38.9989,0.7711,55.6369,0.3774,6,0,0,0,2,0,0,0,0,0,2,4,33.33,0,0,0,0,0,0,0,0
ubt,bintrie,5,4,storage_sstore_k1000,1,,2958,0,0,0.1473,24.1039,0.0035,0.2129,24.924,0,4,0,0,0,0,0,0,0,0,0,0,4,0,0,0,0,0,0,0,0,0
ubt,bintrie,5,4,storage_sstore_k1000,1,,2959,0,0,0.0878,8.3945,0.0026,0.3229,9.1415,0,4,0,0,0,0,0,0,0,0,0,0,4,0,0,0,0,0,0,0,0,0
ubt,bintrie,5,4,storage_sstore_k1000,2,,2960,0,0,0.1654,43.0524,0.0047,0.4608,44.2543,0,4,0,0,0,0,0,0,0,0,0,0,4,0,0,0,0,0,0,0,0,0
ubt,bintrie,5,4,storage_sstore_k1000,2,,2961,0,0,0.1365,52.471,0.0023,0.1164,59.3588,0,4,0,0,0,0,0,0,0,0,0,0,4,0,0,0,0,0,0,0,0,0
ubt,bintrie,5,4,storage_sstore_k1000,2,,2962,0,0,0.0365,1.8981,0.0015,0.1388,2.2364,0,4,0,0,0,0,0,0,0,0,0,0,4,0,0,0,0,0,0,0,0,0
ubt,bintrie,5,4,storage_sstore_k1000,2,,2963,0,0,0.0458,23.9916,0.007,0.2333,25.8396,0,4,0,0,0,0,0,0,0,0,0,0,4,0,0,0,0,0,0,0,0,0
ubt,bintrie,5,4,storage_sstore_k1000,2,,2964,0,0,0.0615,26.0192,0.005,0.145,26.522,0,4,0,0,0,0,0,0,0,0,0,0,4,0,0,0,0,0,0,0,0,0
ubt,bintrie,5,4,storage_sstore_k1000,2,,2965,0,0,0.1552,35.0782,0.0038,0.2622,35.9943,0,4,0,0,0,0,0,0,0,0,0,0,4,0,0,0,0,0,0,0,0,0
ubt,bintrie,5,4,storage_sstore_k1000,2,,2966,0,0,0.1237,3.2625,0.0152,0.9289,17.9554,0,4,0,0,0,0,0,0,0,0,0,0,4,0,0,0,0,0,0,0,0,0
ubt,bintrie,5,4,storage_sstore_k1000,2,,2967,0,0,0.0811,12.7126,0.0061,4.3536,17.4713,0,4,0,0,0,0,0,0,0,0,0,0,4,0,0,0,0,0,0,0,0,0
ubt,bintrie,5,4,storage_sstore_k1000,2,,2968,0,0,0.1318,16.6704,0.0082,6.1922,23.3768,0,4,0,0,0,0,0,0,0,0,0,0,4,0,0,0,0,0,0,0,0,0
ubt,bintrie,5,4,storage_sstore_k1000,2,,2969,0,0,0.0755,6.2998,0.0248,0.7994,16.7071,0,4,0,0,0,0,0,0,0,0,0,0,4,0,0,0,0,0,0,0,0,0
ubt,bintrie,5,4,storage_sstore_k1000,2,,2970,0,0,0.1555,10.1285,0.0181,3.938,22.0465,0,4,0,0,0,0,0,0,0,0,0,0,4,0,0,0,0,0,0,0,0,0
ubt,bintrie,5,4,storage_sstore_k1000,2,,2971,0,0,0.0764,6.1342,0.0105,13.6123,26.275,0,4,0,0,0,0,0,0,0,0,0,0,4,0,0,0,0,0,0,0,0,0
ubt,bintrie,5,4,storage_sstore_k1000,2,,2972,0,0,0.0744,6.558,0.0155,0.6615,20.1735,0,4,0,0,0,0,0,0,0,0,0,0,4,0,0,0,0,0,0,0,0,0
ubt,bintrie,5,4,storage_sstore_k1000,2,,2973,0,0,0.1601,7.7876,0.0099,14.8775,30.4731,0,4,0,0,0,0,0,0,0,0,0,0,4,0,0,0,0,0,0,0,0,0
ubt,bintrie,5,4,storage_sstore_k1000,2,,2974,0,0,0.1117,16.0165,0.0082,23.6854,40.3394,0,4,0,0,0,0,0,0,0,0,0,0,4,0,0,0,0,0,0,0,0,0
ubt,bintrie,5,4,storage_sstore_k1000,2,,2975,0,0,0.1607,15.4425,0.0032,0.1493,28.4359,0,4,0,0,0,0,0,0,0,0,0,0,4,0,0,0,0,0,0,0,0,0
ubt,bintrie,5,4,storage_sstore_k1000,2,,2976,0,0,0.2511,18.3941,0.0044,0.212,20.646,0,4,0,0,0,0,0,0,0,0,0,0,4,0,0,0,0,0,0,0,0,0
ubt,bintrie,5,4,storage_sstore_k1000,2,,2977,0,0,0.0793,17.4777,0.0055,12.9608,30.817,0,4,0,0,0,0,0,0,0,0,0,0,4,0,0,0,0,0,0,0,0,0
ubt,bintrie,5,4,storage_sstore_k1000,2,,2978,86966,2,0.3433,31.4776,5.2359,3.9704,41.5787,2.0916,11,0,0,0,3,0,0,0,1,166,6,5,54.55,0,0,0,0,0,0,0,0
ubt,bintrie,5,4,storage_sstore_k1000,2,,2979,99921136,1,153.4982,263.6591,201.5511,116.0966,735.3998,135.8732,853,4227,847,23854,847,0,4222,0,0,0,378,475,44.31,1784,2443,42.2,847,0,100,23854,0
ubt,bintrie,5,4,storage_sstore_k1000,2,,2980,21000,1,0.4693,35.9966,24.8724,0.9919,63.5246,0.3306,6,0,0,0,2,0,0,0,0,0,0,6,0,0,0,0,0,0,0,0,0
ubt,bintrie,5,4,storage_sstore_k1000,2,,2981,0,0,0.1245,7.7966,0.016,1.0342,9.6609,0,4,0,0,0,0,0,0,0,0,0,0,4,0,0,0,0,0,0,0,0,0
ubt,bintrie,5,4,storage_sstore_k1000,3,,2982,0,0,0.128,20.3418,0.0085,0.3462,21.4994,0,4,0,0,0,0,0,0,0,0,0,0,4,0,0,0,0,0,0,0,0,0
ubt,bintrie,5,4,storage_sstore_k1000,3,,2983,0,0,0.1091,3.6895,0.005,0.3727,5.4517,0,4,0,0,0,0,0,0,0,0,0,0,4,0,0,0,0,0,0,0,0,0
ubt,bintrie,5,4,storage_sstore_k1000,3,,2984,0,0,0.1622,2.6509,0.0026,0.385,3.7236,0,4,0,0,0,0,0,0,0,0,0,0,4,0,0,0,0,0,0,0,0,0
ubt,bintrie,5,4,storage_sstore_k1000,3,,2985,0,0,0.1657,24.2506,0.002,0.1126,24.971,0,4,0,0,0,0,0,0,0,0,0,0,4,0,0,0,0,0,0,0,0,0
ubt,bintrie,5,4,storage_sstore_k1000,3,,2986,0,0,0.0989,4.9591,0.0047,0.3106,7.1206,0,4,0,0,0,0,0,0,0,0,0,0,4,0,0,0,0,0,0,0,0,0
ubt,bintrie,5,4,storage_sstore_k1000,3,,2987,0,0,0.0948,41.5679,0.0058,0.2736,42.281,0,4,0,0,0,0,0,0,0,0,0,0,4,0,0,0,0,0,0,0,0,0
ubt,bintrie,5,4,storage_sstore_k1000,3,,2988,0,0,0.1639,36.4697,0.0114,0.8172,38.1085,0,4,0,0,0,0,0,0,0,0,0,0,4,0,0,0,0,0,0,0,0,0
ubt,bintrie,5,4,storage_sstore_k1000,3,,2989,0,0,0.0729,9.1164,0.0064,0.3736,9.9374,0,4,0,0,0,0,0,0,0,0,0,0,4,0,0,0,0,0,0,0,0,0
ubt,bintrie,5,4,storage_sstore_k1000,3,,2990,0,0,0.0703,6.231,0.0085,4.869,16.8856,0,4,0,0,0,0,0,0,0,0,0,0,4,0,0,0,0,0,0,0,0,0
ubt,bintrie,5,4,storage_sstore_k1000,3,,2991,0,0,0.0744,5.5757,0.0079,0.8799,9.1779,0,4,0,0,0,0,0,0,0,0,0,0,4,0,0,0,0,0,0,0,0,0
ubt,bintrie,5,4,storage_sstore_k1000,3,,2992,0,0,0.1485,19.5062,0.0073,0.5498,20.7052,0,4,0,0,0,0,0,0,0,0,0,0,4,0,0,0,0,0,0,0,0,0
ubt,bintrie,5,4,storage_sstore_k1000,3,,2993,0,0,0.0849,7.4455,0.044,1.437,24.6846,0,4,0,0,0,0,0,0,0,0,0,0,4,0,0,0,0,0,0,0,0,0
ubt,bintrie,5,4,storage_sstore_k1000,3,,2994,0,0,0.1085,6.6256,0.0181,1.2903,11.3003,0,4,0,0,0,0,0,0,0,0,0,0,4,0,0,0,0,0,0,0,0,0
ubt,bintrie,5,4,storage_sstore_k1000,3,,2995,0,0,0.0822,6.903,0.0079,4.9378,13.0885,0,4,0,0,0,0,0,0,0,0,0,0,4,0,0,0,0,0,0,0,0,0
ubt,bintrie,5,4,storage_sstore_k1000,3,,2996,0,0,0.1298,8.4103,0.0642,1.115,16.2338,0,4,0,0,0,0,0,0,0,0,0,0,4,0,0,0,0,0,0,0,0,0
ubt,bintrie,5,4,storage_sstore_k1000,3,,2997,0,0,0.1324,16.8328,0.0029,0.2867,17.8011,0,4,0,0,0,0,0,0,0,0,0,0,4,0,0,0,0,0,0,0,0,0
ubt,bintrie,5,4,storage_sstore_k1000,3,,2998,0,0,0.0802,27.3398,0.0023,0.2517,30.9392,0,4,0,0,0,0,0,0,0,0,0,0,4,0,0,0,0,0,0,0,0,0
ubt,bintrie,5,4,storage_sstore_k1000,3,,2999,0,0,0.0647,52.83,0.0041,0.201,53.3316,0,4,0,0,0,0,0,0,0,0,0,0,4,0,0,0,0,0,0,0,0,0
ubt,bintrie,5,4,storage_sstore_k1000,3,,3000,86966,2,0.156,16.8454,31.8752,2.0699,55.5728,1.5649,11,0,0,0,3,0,0,0,1,166,7,4,63.64,0,0,0,0,0,0,0,0
ubt,bintrie,5,4,storage_sstore_k1000,3,,3001,99921136,1,135.4588,246.2718,169.0714,149.3193,700.7508,142.5915,853,4227,847,23854,847,0,4222,0,0,0,445,408,52.17,1973,2254,46.68,847,0,100,23854,0
ubt,bintrie,5,4,storage_sstore_k1000,3,,3002,21000,1,0.1254,59.8709,33.1039,1.4609,95.276,0.2204,6,0,0,0,2,0,0,0,0,0,0,6,0,0,0,0,0,0,0,0,0
ubt,bintrie,5,4,storage_sstore_k1000,3,,3003,0,0,0.1024,7.8731,0.0592,1.1576,9.7411,0,4,0,0,0,0,0,0,0,0,0,0,4,0,0,0,0,0,0,0,0,0
ubt,bintrie,5,4,storage_sstore_k1000,3,,3004,0,0,0.1426,32.8971,0.0035,0.3567,34.2583,0,4,0,0,0,0,0,0,0,0,0,0,4,0,0,0,0,0,0,0,0,0
ubt,bintrie,5,4,storage_sstore_k1000,4,,3005,0,0,0.5352,5.1828,0.0123,1.3609,8.0693,0,4,0,0,0,0,0,0,0,0,0,0,4,0,0,0,0,0,0,0,0,0
ubt,bintrie,5,4,storage_sstore_k1000,4,,3006,0,0,0.2847,32.0496,0.0061,0.4118,33.621,0,4,0,0,0,0,0,0,0,0,0,0,4,0,0,0,0,0,0,0,0,0
ubt,bintrie,5,4,storage_sstore_k1000,4,,3007,0,0,0.257,26.8545,0.0029,0.1336,27.8088,0,4,0,0,0,0,0,0,0,0,0,0,4,0,0,0,0,0,0,0,0,0
ubt,bintrie,5,4,storage_sstore_k1000,4,,3008,0,0,0.1202,25.0206,0.007,2.1344,28.139,0,4,0,0,0,0,0,0,0,0,0,0,4,0,0,0,0,0,0,0,0,0
ubt,bintrie,5,4,storage_sstore_k1000,4,,3009,0,0,0.0688,14.4882,0.0032,0.2255,15.159,0,4,0,0,0,0,0,0,0,0,0,0,4,0,0,0,0,0,0,0,0,0
ubt,bintrie,5,4,storage_sstore_k1000,4,,3010,0,0,0.0645,41.9222,0.0032,0.1592,43.34,0,4,0,0,0,0,0,0,0,0,0,0,4,0,0,0,0,0,0,0,0,0
ubt,bintrie,5,4,storage_sstore_k1000,4,,3011,0,0,0.0274,1.7762,0.0015,0.1234,2.0711,0,4,0,0,0,0,0,0,0,0,0,0,4,0,0,0,0,0,0,0,0,0
ubt,bintrie,5,4,storage_sstore_k1000,4,,3012,0,0,0.0945,62.7671,0.0029,0.124,63.3726,0,4,0,0,0,0,0,0,0,0,0,0,4,0,0,0,0,0,0,0,0,0
ubt,bintrie,5,4,storage_sstore_k1000,4,,3013,0,0,0.4585,82.4932,0.0058,0.2421,94.5104,0,4,0,0,0,0,0,0,0,0,0,0,4,0,0,0,0,0,0,0,0,0
ubt,bintrie,5,4,storage_sstore_k1000,4,,3014,0,0,0.121,64.0653,0.005,0.4089,65.0109,0,4,0,0,0,0,0,0,0,0,0,0,4,0,0,0,0,0,0,0,0,0
ubt,bintrie,5,4,storage_sstore_k1000,4,,3015,0,0,0.1975,38.5343,0.0026,0.149,53.3874,0,4,0,0,0,0,0,0,0,0,0,0,4,0,0,0,0,0,0,0,0,0
ubt,bintrie,5,4,storage_sstore_k1000,4,,3016,0,0,0.4722,41.7994,0.0044,0.3471,43.6771,0,4,0,0,0,0,0,0,0,0,0,0,4,0,0,0,0,0,0,0,0,0
ubt,bintrie,5,4,storage_sstore_k1000,4,,3017,0,0,0.14,44.1954,0.0026,0.147,44.8493,0,4,0,0,0,0,0,0,0,0,0,0,4,0,0,0,0,0,0,0,0,0
ubt,bintrie,5,4,storage_sstore_k1000,4,,3018,0,0,0.1505,61.6836,0.0085,0.3278,62.6927,0,4,0,0,0,0,0,0,0,0,0,0,4,0,0,0,0,0,0,0,0,0
ubt,bintrie,5,4,storage_sstore_k1000,4,,3019,0,0,0.131,46.363,0.0026,0.1537,47.9683,0,4,0,0,0,0,0,0,0,0,0,0,4,0,0,0,0,0,0,0,0,0
ubt,bintrie,5,4,storage_sstore_k1000,4,,3020,0,0,0.0569,16.3519,0.0026,0.2943,18.8097,0,4,0,0,0,0,0,0,0,0,0,0,4,0,0,0,0,0,0,0,0,0
ubt,bintrie,5,4,storage_sstore_k1000,4,,3021,0,0,0.0513,2.4674,0.0018,0.1972,2.9035,0,4,0,0,0,0,0,0,0,0,0,0,4,0,0,0,0,0,0,0,0,0
ubt,bintrie,5,4,storage_sstore_k1000,4,,3022,0,0,0.0887,27.6268,0.0026,0.1954,29.3491,0,4,0,0,0,0,0,0,0,0,0,0,4,0,0,0,0,0,0,0,0,0
ubt,bintrie,5,4,storage_sstore_k1000,4,,3023,86966,2,0.2599,33.2955,6.4976,2.0612,42.2932,2.0563,11,0,0,0,3,0,0,0,1,166,5,6,45.45,0,0,0,0,0,0,0,0
ubt,bintrie,5,4,storage_sstore_k1000,4,,3024,99921136,1,128.1002,272.1415,212.575,129.5078,743.3683,134.4167,853,4227,847,23854,847,0,4222,0,0,0,339,514,39.74,1536,2691,36.34,847,0,100,23854,0
ubt,bintrie,5,4,storage_sstore_k1000,4,,3025,21000,1,0.5973,38.4433,6.0161,1.0984,46.4613,0.452,6,0,0,0,2,0,0,0,0,0,0,6,0,0,0,0,0,0,0,0,0
ubt,bintrie,5,4,storage_sstore_k1000,4,,3026,0,0,0.1018,7.0841,0.0102,0.8855,8.6028,0,4,0,0,0,0,0,0,0,0,0,0,4,0,0,0,0,0,0,0,0,0
ubt,bintrie,5,4,storage_sstore_k1000,5,,3028,0,0,0.4238,44.6874,0.0026,0.2056,46.0463,0,4,0,0,0,0,0,0,0,0,0,0,4,0,0,0,0,0,0,0,0,0
ubt,bintrie,5,4,storage_sstore_k1000,5,,3029,0,0,0.0738,5.0851,0.0053,0.2747,5.7868,0,4,0,0,0,0,0,0,0,0,0,0,4,0,0,0,0,0,0,0,0,0
ubt,bintrie,5,4,storage_sstore_k1000,5,,3030,0,0,0.0365,0.7411,0.0018,0.128,1.1474,0,4,0,0,0,0,0,0,0,0,0,0,4,0,0,0,0,0,0,0,0,0
ubt,bintrie,5,4,storage_sstore_k1000,5,,3031,0,0,0.1123,29.9161,0.0029,0.1053,30.4358,0,4,0,0,0,0,0,0,0,0,0,0,4,0,0,0,0,0,0,0,0,0
ubt,bintrie,5,4,storage_sstore_k1000,5,,3032,0,0,0.9339,6.2444,0.0029,0.1219,12.2669,0,4,0,0,0,0,0,0,0,0,0,0,4,0,0,0,0,0,0,0,0,0
ubt,bintrie,5,4,storage_sstore_k1000,5,,3033,0,0,0.0945,22.4408,0.0064,0.4544,23.3809,0,4,0,0,0,0,0,0,0,0,0,0,4,0,0,0,0,0,0,0,0,0
ubt,bintrie,5,4,storage_sstore_k1000,5,,3034,0,0,0.0598,6.2902,0.0079,2.319,9.7111,0,4,0,0,0,0,0,0,0,0,0,0,4,0,0,0,0,0,0,0,0,0
ubt,bintrie,5,4,storage_sstore_k1000,5,,3035,0,0,0.1797,8.781,0.0125,0.8916,10.6179,0,4,0,0,0,0,0,0,0,0,0,0,4,0,0,0,0,0,0,0,0,0
ubt,bintrie,5,4,storage_sstore_k1000,5,,3036,0,0,0.0677,6.3354,0.0099,1.1564,8.4345,0,4,0,0,0,0,0,0,0,0,0,0,4,0,0,0,0,0,0,0,0,0
ubt,bintrie,5,4,storage_sstore_k1000,5,,3037,0,0,0.0945,7.388,0.0125,0.9179,8.9079,0,4,0,0,0,0,0,0,0,0,0,0,4,0,0,0,0,0,0,0,0,0
ubt,bintrie,5,4,storage_sstore_k1000,5,,3038,0,0,0.0645,6.1307,0.0079,5.0807,13.0325,0,4,0,0,0,0,0,0,0,0,0,0,4,0,0,0,0,0,0,0,0,0
ubt,bintrie,5,4,storage_sstore_k1000,5,,3039,0,0,0.1181,7.0783,0.009,1.0377,9.1158,0,4,0,0,0,0,0,0,0,0,0,0,4,0,0,0,0,0,0,0,0,0
ubt,bintrie,5,4,storage_sstore_k1000,5,,3040,0,0,0.1187,63.9011,0.0067,0.4664,65.0607,0,4,0,0,0,0,0,0,0,0,0,0,4,0,0,0,0,0,0,0,0,0
ubt,bintrie,5,4,storage_sstore_k1000,5,,3041,0,0,0.2161,9.4075,0.0137,0.9208,11.2406,0,4,0,0,0,0,0,0,0,0,0,0,4,0,0,0,0,0,0,0,0,0
ubt,bintrie,5,4,storage_sstore_k1000,5,,3042,0,0,0.273,10.4125,0.0242,1.1967,12.803,0,4,0,0,0,0,0,0,0,0,0,0,4,0,0,0,0,0,0,0,0,0
ubt,bintrie,5,4,storage_sstore_k1000,5,,3043,0,0,0.0467,18.8718,0.002,0.3334,19.5348,0,4,0,0,0,0,0,0,0,0,0,0,4,0,0,0,0,0,0,0,0,0
ubt,bintrie,5,4,storage_sstore_k1000,5,,3044,0,0,0.0502,12.6904,0.0029,0.1388,13.2772,0,4,0,0,0,0,0,0,0,0,0,0,4,0,0,0,0,0,0,0,0,0
ubt,bintrie,5,4,storage_sstore_k1000,5,,3045,0,0,0.0362,6.2727,0.002,0.1342,6.6178,0,4,0,0,0,0,0,0,0,0,0,0,4,0,0,0,0,0,0,0,0,0
ubt,bintrie,5,4,storage_sstore_k1000,5,,3046,86966,2,0.492,5.9017,1.9897,2.2262,17.4695,4.9782,11,0,0,0,3,0,0,0,1,166,4,7,36.36,0,0,0,0,0,0,0,0
ubt,bintrie,5,4,storage_sstore_k1000,5,,3047,99921136,1,139.4977,203.9982,182.9754,112.1442,639.2728,156.3044,853,4227,847,23854,847,0,4222,0,0,0,384,469,45.02,1861,2366,44.03,847,0,100,23854,0
ubt,bintrie,5,4,storage_sstore_k1000,5,,3048,21000,1,0.6221,34.1498,1.439,0.7277,37.1886,0.5647,6,0,0,0,2,0,0,0,0,0,0,6,0,0,0,0,0,0,0,0,0
ubt,bintrie,5,4,storage_sstore_k1000,5,,3049,0,0,0.1065,108.6854,0.0055,0.3929,109.8205,0,4,0,0,0,0,0,0,0,0,0,0,4,0,0,0,0,0,0,0,0,0
ubt,bintrie,5,4,storage_sstore_k1000,6,,3050,0,0,0.3447,3.5448,0.0117,1.129,5.8679,0,4,0,0,0,0,0,0,0,0,0,0,4,0,0,0,0,0,0,0,0,0
ubt,bintrie,5,4,storage_sstore_k1000,6,,3051,0,0,0.117,11.6448,0.0041,15.5145,34.3858,0,4,0,0,0,0,0,0,0,0,0,0,4,0,0,0,0,0,0,0,0,0
ubt,bintrie,5,4,storage_sstore_k1000,6,,3052,0,0,0.1003,24.1978,0.0073,0.4541,25.2769,0,4,0,0,0,0,0,0,0,0,0,0,4,0,0,0,0,0,0,0,0,0
ubt,bintrie,5,4,storage_sstore_k1000,6,,3053,0,0,0.133,50.9097,0.0026,0.166,51.5569,0,4,0,0,0,0,0,0,0,0,0,0,4,0,0,0,0,0,0,0,0,0
ubt,bintrie,5,4,storage_sstore_k1000,6,,3054,0,0,0.0866,6.4471,0.035,4.4388,26.1228,0,4,0,0,0,0,0,0,0,0,0,0,4,0,0,0,0,0,0,0,0,0
ubt,bintrie,5,4,storage_sstore_k1000,6,,3055,0,0,0.0557,15.4127,0.0055,0.3284,16.069,0,4,0,0,0,0,0,0,0,0,0,0,4,0,0,0,0,0,0,0,0,0
ubt,bintrie,5,4,storage_sstore_k1000,6,,3056,0,0,0.0764,6.2348,0.0079,0.6764,8.8842,0,4,0,0,0,0,0,0,0,0,0,0,4,0,0,0,0,0,0,0,0,0
ubt,bintrie,5,4,storage_sstore_k1000,6,,3057,0,0,0.051,5.9673,0.016,0.9141,12.7114,0,4,0,0,0,0,0,0,0,0,0,0,4,0,0,0,0,0,0,0,0,0
ubt,bintrie,5,4,storage_sstore_k1000,6,,3058,0,0,0.089,9.3445,0.0082,0.4786,10.3151,0,4,0,0,0,0,0,0,0,0,0,0,4,0,0,0,0,0,0,0,0,0
ubt,bintrie,5,4,storage_sstore_k1000,6,,3059,0,0,0.1514,8.5891,0.0216,1.302,11.1399,0,4,0,0,0,0,0,0,0,0,0,0,4,0,0,0,0,0,0,0,0,0
ubt,bintrie,5,4,storage_sstore_k1000,6,,3060,0,0,0.0811,12.6685,0.0064,0.4529,13.6383,0,4,0,0,0,0,0,0,0,0,0,0,4,0,0,0,0,0,0,0,0,0
ubt,bintrie,5,4,storage_sstore_k1000,6,,3061,0,0,0.1102,8.1682,0.026,1.6558,10.8512,0,4,0,0,0,0,0,0,0,0,0,0,4,0,0,0,0,0,0,0,0,0
ubt,bintrie,5,4,storage_sstore_k1000,6,,3062,0,0,0.1242,13.4093,0.0484,0.555,31.6022,0,4,0,0,0,0,0,0,0,0,0,0,4,0,0,0,0,0,0,0,0,0
ubt,bintrie,5,4,storage_sstore_k1000,6,,3063,0,0,0.1487,13.5295,0.0096,0.6335,15.1552,0,4,0,0,0,0,0,0,0,0,0,0,4,0,0,0,0,0,0,0,0,0
ubt,bintrie,5,4,storage_sstore_k1000,6,,3064,0,0,0.154,14.5453,0.0198,1.8418,17.5824,0,4,0,0,0,0,0,0,0,0,0,0,4,0,0,0,0,0,0,0,0,0
ubt,bintrie,5,4,storage_sstore_k1000,6,,3065,0,0,0.0633,33.9451,0.0038,0.2012,34.4485,0,4,0,0,0,0,0,0,0,0,0,0,4,0,0,0,0,0,0,0,0,0
ubt,bintrie,5,4,storage_sstore_k1000,6,,3066,0,0,0.0747,37.1204,0.0032,0.1767,37.6322,0,4,0,0,0,0,0,0,0,0,0,0,4,0,0,0,0,0,0,0,0,0
ubt,bintrie,5,4,storage_sstore_k1000,6,,3067,0,0,0.0682,10.0106,0.0061,0.327,11.354,0,4,0,0,0,0,0,0,0,0,0,0,4,0,0,0,0,0,0,0,0,0
ubt,bintrie,5,4,storage_sstore_k1000,6,,3068,86966,2,0.2193,34.7285,0.6743,4.1124,40.2026,2.1632,11,0,0,0,3,0,0,0,1,166,5,6,45.45,0,0,0,0,0,0,0,0
ubt,bintrie,5,4,storage_sstore_k1000,6,,3069,99921136,1,156.0188,257.4931,195.6981,129.6813,739.6972,135.0838,853,4227,847,23854,847,0,4222,0,0,0,465,388,54.51,2181,2046,51.6,847,0,100,23854,0
ubt,bintrie,5,4,storage_sstore_k1000,6,,3070,21000,1,0.2348,33.9316,12.2118,11.4494,58.3832,0.3597,6,0,0,0,2,0,0,0,0,0,2,4,33.33,0,0,0,0,0,0,0,0
ubt,bintrie,5,4,storage_sstore_k1000,6,,3071,0,0,0.0738,6.0067,0.0064,11.2607,18.4197,0,4,0,0,0,0,0,0,0,0,0,0,4,0,0,0,0,0,0,0,0,0
ubt,bintrie,5,4,storage_sstore_k1000,6,,3072,0,0,0.1027,7.4277,0.0105,1.334,9.8027,0,4,0,0,0,0,0,0,0,0,0,0,4,0,0,0,0,0,0,0,0,0
ubt,bintrie,5,4,storage_sstore_k1000,7,,3073,0,0,0.4699,16.4061,0.002,0.1625,17.809,0,4,0,0,0,0,0,0,0,0,0,0,4,0,0,0,0,0,0,0,0,0
ubt,bintrie,5,4,storage_sstore_k1000,7,,3074,0,0,0.1277,2.5109,0.005,0.3514,3.4877,0,4,0,0,0,0,0,0,0,0,0,0,4,0,0,0,0,0,0,0,0,0
ubt,bintrie,5,4,storage_sstore_k1000,7,,3075,0,0,0.1126,24.9226,0.0064,0.4544,26.03,0,4,0,0,0,0,0,0,0,0,0,0,4,0,0,0,0,0,0,0,0,0
ubt,bintrie,5,4,storage_sstore_k1000,7,,3076,0,0,0.0566,21.3002,0.0035,0.1948,22.0687,0,4,0,0,0,0,0,0,0,0,0,0,4,0,0,0,0,0,0,0,0,0
ubt,bintrie,5,4,storage_sstore_k1000,7,,3077,0,0,0.0697,36.6884,0.0029,0.135,39.2448,0,4,0,0,0,0,0,0,0,0,0,0,4,0,0,0,0,0,0,0,0,0
ubt,bintrie,5,4,storage_sstore_k1000,7,,3078,0,0,0.0942,5.0962,0.0044,0.3372,5.8306,0,4,0,0,0,0,0,0,0,0,0,0,4,0,0,0,0,0,0,0,0,0
ubt,bintrie,5,4,storage_sstore_k1000,7,,3079,0,0,0.0551,1.6916,0.0102,1.4758,4.4172,0,4,0,0,0,0,0,0,0,0,0,0,4,0,0,0,0,0,0,0,0,0
ubt,bintrie,5,4,storage_sstore_k1000,7,,3080,0,0,0.0793,9.9651,0.0058,0.3984,10.8133,0,4,0,0,0,0,0,0,0,0,0,0,4,0,0,0,0,0,0,0,0,0
ubt,bintrie,5,4,storage_sstore_k1000,7,,3081,0,0,0.0615,5.8352,0.0073,3.6516,10.7042,0,4,0,0,0,0,0,0,0,0,0,0,4,0,0,0,0,0,0,0,0,0
ubt,bintrie,5,4,storage_sstore_k1000,7,,3082,0,0,0.1479,7.3731,0.0169,1.0759,13.463,0,4,0,0,0,0,0,0,0,0,0,0,4,0,0,0,0,0,0,0,0,0
ubt,bintrie,5,4,storage_sstore_k1000,7,,3083,0,0,0.075,7.6616,0.0088,0.4967,8.7367,0,4,0,0,0,0,0,0,0,0,0,0,4,0,0,0,0,0,0,0,0,0
ubt,bintrie,5,4,storage_sstore_k1000,7,,3084,0,0,0.0691,5.5698,0.0096,0.6947,7.5907,0,4,0,0,0,0,0,0,0,0,0,0,4,0,0,0,0,0,0,0,0,0
ubt,bintrie,5,4,storage_sstore_k1000,7,,3085,0,0,0.0825,6.775,0.0058,0.4162,7.6928,0,4,0,0,0,0,0,0,0,0,0,0,4,0,0,0,0,0,0,0,0,0
ubt,bintrie,5,4,storage_sstore_k1000,7,,3086,0,0,0.0887,7.1774,0.0093,3.6373,11.3843,0,4,0,0,0,0,0,0,0,0,0,0,4,0,0,0,0,0,0,0,0,0
ubt,bintrie,5,4,storage_sstore_k1000,7,,3087,0,0,0.0904,6.5565,0.0356,3.1225,10.8416,0,4,0,0,0,0,0,0,0,0,0,0,4,0,0,0,0,0,0,0,0,0
ubt,bintrie,5,4,storage_sstore_k1000,7,,3088,0,0,0.0321,1.929,0.002,0.1636,2.3852,0,4,0,0,0,0,0,0,0,0,0,0,4,0,0,0,0,0,0,0,0,0
ubt,bintrie,5,4,storage_sstore_k1000,7,,3089,0,0,0.0615,26.0915,0.0029,0.2147,27.7858,0,4,0,0,0,0,0,0,0,0,0,0,4,0,0,0,0,0,0,0,0,0
ubt,bintrie,5,4,storage_sstore_k1000,7,,3090,0,0,0.0502,2.4286,0.002,0.257,2.9265,0,4,0,0,0,0,0,0,0,0,0,0,4,0,0,0,0,0,0,0,0,0
ubt,bintrie,5,4,storage_sstore_k1000,7,,3091,86966,2,0.1444,8.6249,40.3502,2.6704,53.495,1.6257,11,0,0,0,3,0,0,0,1,166,6,5,54.55,0,0,0,0,0,0,0,0
ubt,bintrie,5,4,storage_sstore_k1000,7,,3092,99921136,1,143.0271,233.1084,169.4663,128.0968,674.3201,148.1806,853,4227,847,23854,847,0,4222,0,0,0,374,479,43.85,1777,2450,42.04,847,0,100,23854,0
ubt,bintrie,5,4,storage_sstore_k1000,7,,3093,21000,1,0.0825,10.4213,30.2763,1.6765,42.7077,0.4917,6,0,0,0,2,0,0,0,0,0,2,4,33.33,0,0,0,0,0,0,0,0
ubt,bintrie,5,4,storage_sstore_k1000,7,,3094,0,0,0.2424,17.9388,0.014,1.1777,20.2689,0,4,0,0,0,0,0,0,0,0,0,0,4,0,0,0,0,0,0,0,0,0
ubt,bintrie,5,4,storage_sstore_k1000,7,,3095,0,0,0.233,13.297,0.0239,2.4354,17.9493,0,4,0,0,0,0,0,0,0,0,0,0,4,0,0,0,0,0,0,0,0,0
ubt,bintrie,5,4,storage_sstore_k1000,8,,3096,0,0,0.0589,5.5086,0.0029,0.1674,5.9417,0,4,0,0,0,0,0,0,0,0,0,0,4,0,0,0,0,0,0,0,0,0
ubt,bintrie,5,4,storage_sstore_k1000,8,,3097,0,0,0.0405,12.2506,0.0026,0.1528,12.6595,0,4,0,0,0,0,0,0,0,0,0,0,4,0,0,0,0,0,0,0,0,0
ubt,bintrie,5,4,storage_sstore_k1000,8,,3098,0,0,0.0892,22.7678,0.0064,17.1639,40.4173,0,4,0,0,0,0,0,0,0,0,0,0,4,0,0,0,0,0,0,0,0,0
ubt,bintrie,5,4,storage_sstore_k1000,8,,3099,0,0,0.399,16.9892,0.0029,0.1137,50.4792,0,4,0,0,0,0,0,0,0,0,0,0,4,0,0,0,0,0,0,0,0,0
ubt,bintrie,5,4,storage_sstore_k1000,8,,3100,0,0,0.0618,40.1676,0.0026,0.1747,41.5857,0,4,0,0,0,0,0,0,0,0,0,0,4,0,0,0,0,0,0,0,0,0
ubt,bintrie,5,4,storage_sstore_k1000,8,,3101,0,0,0.0726,15.0438,0.0029,0.1893,15.6064,0,4,0,0,0,0,0,0,0,0,0,0,4,0,0,0,0,0,0,0,0,0
ubt,bintrie,5,4,storage_sstore_k1000,8,,3102,0,0,0.0365,0.7671,0.0035,2.139,3.1916,0,4,0,0,0,0,0,0,0,0,0,0,4,0,0,0,0,0,0,0,0,0
ubt,bintrie,5,4,storage_sstore_k1000,8,,3103,0,0,0.1143,22.7042,0.0085,0.5973,24.236,0,4,0,0,0,0,0,0,0,0,0,0,4,0,0,0,0,0,0,0,0,0
ubt,bintrie,5,4,storage_sstore_k1000,8,,3104,0,0,0.1088,15.4533,0.007,0.6186,16.9302,0,4,0,0,0,0,0,0,0,0,0,0,4,0,0,0,0,0,0,0,0,0
ubt,bintrie,5,4,storage_sstore_k1000,8,,3105,0,0,0.0647,62.1354,0.0038,0.1948,62.6254,0,4,0,0,0,0,0,0,0,0,0,0,4,0,0,0,0,0,0,0,0,0
ubt,bintrie,5,4,storage_sstore_k1000,8,,3106,0,0,0.0968,7.3854,0.0082,1.0511,9.0963,0,4,0,0,0,0,0,0,0,0,0,0,4,0,0,0,0,0,0,0,0,0
ubt,bintrie,5,4,storage_sstore_k1000,8,,3107,0,0,0.0884,7.5785,0.0053,2.8787,11.4205,0,4,0,0,0,0,0,0,0,0,0,0,4,0,0,0,0,0,0,0,0,0
ubt,bintrie,5,4,storage_sstore_k1000,8,,3108,0,0,0.0782,8.8802,0.0076,1.4647,10.8267,0,4,0,0,0,0,0,0,0,0,0,0,4,0,0,0,0,0,0,0,0,0
ubt,bintrie,5,4,storage_sstore_k1000,8,,3109,0,0,0.0595,5.6952,0.0079,3.3229,10.1748,0,4,0,0,0,0,0,0,0,0,0,0,4,0,0,0,0,0,0,0,0,0
ubt,bintrie,5,4,storage_sstore_k1000,8,,3110,0,0,0.1053,7.5732,0.0111,4.5268,12.9453,0,4,0,0,0,0,0,0,0,0,0,0,4,0,0,0,0,0,0,0,0,0
ubt,bintrie,5,4,storage_sstore_k1000,8,,3111,0,0,0.0694,18.6265,0.0032,1.2323,20.3558,0,4,0,0,0,0,0,0,0,0,0,0,4,0,0,0,0,0,0,0,0,0
ubt,bintrie,5,4,storage_sstore_k1000,8,,3112,0,0,0.0385,9.6204,0.0023,0.1403,9.966,0,4,0,0,0,0,0,0,0,0,0,0,4,0,0,0,0,0,0,0,0,0
ubt,bintrie,5,4,storage_sstore_k1000,8,,3113,0,0,0.0344,2.3724,0.0184,1.1868,4.2445,0,4,0,0,0,0,0,0,0,0,0,0,4,0,0,0,0,0,0,0,0,0
ubt,bintrie,5,4,storage_sstore_k1000,8,,3114,86966,2,0.247,5.5584,16.5622,2.2047,24.9529,3.4852,11,0,0,0,3,0,0,0,1,166,5,6,45.45,0,0,0,0,0,0,0,0
ubt,bintrie,5,4,storage_sstore_k1000,8,,3115,99921136,1,117.3958,289.1849,181.6553,101.7039,690.5054,144.7072,853,4227,847,23854,847,0,4222,0,0,0,325,528,38.1,1504,2723,35.58,847,0,100,23854,0
ubt,bintrie,5,4,storage_sstore_k1000,8,,3116,21000,1,0.5367,27.4419,1.8672,0.9558,31.2875,0.6712,6,0,0,0,2,0,0,0,0,0,0,6,0,0,0,0,0,0,0,0,0
ubt,bintrie,5,4,storage_sstore_k1000,8,,3117,0,0,0.0347,0.8181,0.0035,0.1695,1.2903,0,4,0,0,0,0,0,0,0,0,0,0,4,0,0,0,0,0,0,0,0,0
ubt,bintrie,5,4,storage_sstore_k1000,8,,3118,0,0,0.047,4.3994,0.0026,0.1942,4.803,0,4,0,0,0,0,0,0,0,0,0,0,4,0,0,0,0,0,0,0,0,0
ubt,bintrie,5,4,storage_sstore_k1000,9,,3119,0,0,0.0449,1.1381,0.0035,0.3176,4.4927,0,4,0,0,0,0,0,0,0,0,0,0,4,0,0,0,0,0,0,0,0,0
ubt,bintrie,5,4,storage_sstore_k1000,9,,3120,0,0,0.1196,42.0479,0.005,0.3485,42.9903,0,4,0,0,0,0,0,0,0,0,0,0,4,0,0,0,0,0,0,0,0,0
ubt,bintrie,5,4,storage_sstore_k1000,9,,3121,0,0,0.0639,2.0693,0.0082,1.8383,5.1597,0,4,0,0,0,0,0,0,0,0,0,0,4,0,0,0,0,0,0,0,0,0
ubt,bintrie,5,4,storage_sstore_k1000,9,,3122,0,0,0.1318,33.0721,0.0026,0.1555,33.7059,0,4,0,0,0,0,0,0,0,0,0,0,4,0,0,0,0,0,0,0,0,0
ubt,bintrie,5,4,storage_sstore_k1000,9,,3123,0,0,0.1581,34.6611,0.0032,0.1517,38.6691,0,4,0,0,0,0,0,0,0,0,0,0,4,0,0,0,0,0,0,0,0,0
ubt,bintrie,5,4,storage_sstore_k1000,9,,3124,0,0,0.1333,49.1137,0.0058,0.5177,50.1984,0,4,0,0,0,0,0,0,0,0,0,0,4,0,0,0,0,0,0,0,0,0
ubt,bintrie,5,4,storage_sstore_k1000,9,,3125,0,0,0.1231,11.8947,0.0085,0.4935,13.1255,0,4,0,0,0,0,0,0,0,0,0,0,4,0,0,0,0,0,0,0,0,0
ubt,bintrie,5,4,storage_sstore_k1000,9,,3126,0,0,0.1222,105.4885,0.0029,0.1557,106.1529,0,4,0,0,0,0,0,0,0,0,0,0,4,0,0,0,0,0,0,0,0,0
ubt,bintrie,5,4,storage_sstore_k1000,9,,3127,0,0,0.0907,7.6493,0.0125,1.0086,9.4089,0,4,0,0,0,0,0,0,0,0,0,0,4,0,0,0,0,0,0,0,0,0
ubt,bintrie,5,4,storage_sstore_k1000,9,,3128,0,0,0.105,11.7037,0.0128,0.9281,13.3796,0,4,0,0,0,0,0,0,0,0,0,0,4,0,0,0,0,0,0,0,0,0
ubt,bintrie,5,4,storage_sstore_k1000,9,,3129,0,0,0.289,19.0013,0.0181,1.5668,22.0774,0,4,0,0,0,0,0,0,0,0,0,0,4,0,0,0,0,0,0,0,0,0
ubt,bintrie,5,4,storage_sstore_k1000,9,,3130,0,0,0.1342,5.9566,0.0082,0.5684,7.1191,0,4,0,0,0,0,0,0,0,0,0,0,4,0,0,0,0,0,0,0,0,0
ubt,bintrie,5,4,storage_sstore_k1000,9,,3131,0,0,0.0645,7.7928,0.0058,3.7796,12.2856,0,4,0,0,0,0,0,0,0,0,0,0,4,0,0,0,0,0,0,0,0,0
ubt,bintrie,5,4,storage_sstore_k1000,9,,3132,0,0,0.0621,15.8041,0.0073,0.3106,16.4817,0,4,0,0,0,0,0,0,0,0,0,0,4,0,0,0,0,0,0,0,0,0
ubt,bintrie,5,4,storage_sstore_k1000,9,,3133,0,0,0.0618,5.9251,0.0216,1.4218,18.402,0,4,0,0,0,0,0,0,0,0,0,0,4,0,0,0,0,0,0,0,0,0
ubt,bintrie,5,4,storage_sstore_k1000,9,,3134,0,0,0.0971,30.8613,0.0064,0.2523,39.1602,0,4,0,0,0,0,0,0,0,0,0,0,4,0,0,0,0,0,0,0,0,0
ubt,bintrie,5,4,storage_sstore_k1000,9,,3135,0,0,0.1823,33.0243,0.0029,0.1788,33.9369,0,4,0,0,0,0,0,0,0,0,0,0,4,0,0,0,0,0,0,0,0,0
ubt,bintrie,5,4,storage_sstore_k1000,9,,3136,0,0,0.0881,63.7348,0.0026,0.1817,64.4237,0,4,0,0,0,0,0,0,0,0,0,0,4,0,0,0,0,0,0,0,0,0
ubt,bintrie,5,4,storage_sstore_k1000,9,,3137,86966,2,0.2613,3.3695,48.7465,1.9728,56.3649,1.5429,11,0,0,0,3,0,0,0,1,166,6,5,54.55,0,0,0,0,0,0,0,0
ubt,bintrie,5,4,storage_sstore_k1000,9,,3138,99921136,1,132.297,209.8419,203.3123,122.587,668.9229,149.3762,853,4227,847,23854,847,0,4222,0,0,0,301,552,35.29,1543,2684,36.5,847,0,100,23854,0
ubt,bintrie,5,4,storage_sstore_k1000,9,,3139,21000,1,0.7621,39.3198,22.983,1.0021,64.5381,0.3254,6,0,0,0,2,0,0,0,0,0,0,6,0,0,0,0,0,0,0,0,0
ubt,bintrie,5,4,storage_sstore_k1000,9,,3140,0,0,0.0927,2.3175,0.0023,0.1919,3.0216,0,4,0,0,0,0,0,0,0,0,0,0,4,0,0,0,0,0,0,0,0,0
ubt,bintrie,5,4,storage_sstore_k4500,10,,3369,0,0,0.2036,22.0556,0.0079,0.3077,23.0148,0,4,0,0,0,0,0,0,0,0,0,0,4,0,0,0,0,0,0,0,0,0
ubt,bintrie,5,4,storage_sstore_k4500,10,,3370,0,0,0.1038,1.7733,0.0082,0.3223,2.697,0,4,0,0,0,0,0,0,0,0,0,0,4,0,0,0,0,0,0,0,0,0
ubt,bintrie,5,4,storage_sstore_k4500,10,,3371,0,0,0.324,53.3769,0.0029,0.1963,54.6774,0,4,0,0,0,0,0,0,0,0,0,0,4,0,0,0,0,0,0,0,0,0
ubt,bintrie,5,4,storage_sstore_k4500,10,,3372,0,0,0.037,4.8751,0.0044,0.1257,5.2236,0,4,0,0,0,0,0,0,0,0,0,0,4,0,0,0,0,0,0,0,0,0
ubt,bintrie,5,4,storage_sstore_k4500,10,,3373,0,0,0.0388,4.9238,0.0026,0.1514,5.3642,0,4,0,0,0,0,0,0,0,0,0,0,4,0,0,0,0,0,0,0,0,0
ubt,bintrie,5,4,storage_sstore_k4500,10,,3374,0,0,0.0437,4.4507,0.0029,0.1779,4.878,0,4,0,0,0,0,0,0,0,0,0,0,4,0,0,0,0,0,0,0,0,0
ubt,bintrie,5,4,storage_sstore_k4500,10,,3375,0,0,0.0405,4.2308,0.0044,0.1464,4.6403,0,4,0,0,0,0,0,0,0,0,0,0,4,0,0,0,0,0,0,0,0,0
ubt,bintrie,5,4,storage_sstore_k4500,10,,3376,0,0,0.0557,24.9867,0.0032,0.121,25.4377,0,4,0,0,0,0,0,0,0,0,0,0,4,0,0,0,0,0,0,0,0,0
ubt,bintrie,5,4,storage_sstore_k4500,10,,3377,0,0,0.0405,4.3991,0.0032,0.1744,4.9833,0,4,0,0,0,0,0,0,0,0,0,0,4,0,0,0,0,0,0,0,0,0
ubt,bintrie,5,4,storage_sstore_k4500,10,,3378,0,0,0.1826,47.1564,0.0085,0.6271,52.1044,0,4,0,0,0,0,0,0,0,0,0,0,4,0,0,0,0,0,0,0,0,0
ubt,bintrie,5,4,storage_sstore_k4500,10,,3379,0,0,0.1438,6.7925,0.0085,0.392,7.8949,0,4,0,0,0,0,0,0,0,0,0,0,4,0,0,0,0,0,0,0,0,0
ubt,bintrie,5,4,storage_sstore_k4500,10,,3380,0,0,0.1441,69.4286,0.0029,0.191,70.3555,0,4,0,0,0,0,0,0,0,0,0,0,4,0,0,0,0,0,0,0,0,0
ubt,bintrie,5,4,storage_sstore_k4500,10,,3381,0,0,0.1032,6.3614,0.0079,0.3462,7.2921,0,4,0,0,0,0,0,0,0,0,0,0,4,0,0,0,0,0,0,0,0,0
ubt,bintrie,5,4,storage_sstore_k4500,10,,3382,0,0,0.2392,62.5545,0.0035,1.7427,65.1269,0,4,0,0,0,0,0,0,0,0,0,0,4,0,0,0,0,0,0,0,0,0
ubt,bintrie,5,4,storage_sstore_k4500,10,,3383,0,0,0.0843,4.9795,0.0047,0.2176,5.7057,0,4,0,0,0,0,0,0,0,0,0,0,4,0,0,0,0,0,0,0,0,0
ubt,bintrie,5,4,storage_sstore_k4500,10,,3384,0,0,0.0359,2.4435,0.0044,0.161,2.8481,0,4,0,0,0,0,0,0,0,0,0,0,4,0,0,0,0,0,0,0,0,0
ubt,bintrie,5,4,storage_sstore_k4500,10,,3385,0,0,0.0502,11.3033,0.0023,0.201,11.7711,0,4,0,0,0,0,0,0,0,0,0,0,4,0,0,0,0,0,0,0,0,0
ubt,bintrie,5,4,storage_sstore_k4500,10,,3386,0,0,0.0507,4.8153,0.0061,0.3689,5.608,0,4,0,0,0,0,0,0,0,0,0,0,4,0,0,0,0,0,0,0,0,0
ubt,bintrie,5,4,storage_sstore_k4500,10,,3387,87010,2,0.3701,4.2734,2.8454,7.4125,15.3019,5.6862,11,0,0,0,3,0,0,0,1,168,5,6,45.45,0,0,0,0,0,0,0,0
ubt,bintrie,5,4,storage_sstore_k4500,10,,3388,99914556,1,171.9166,649.6787,763.7447,316.3794,1902.6821,52.5125,3194,3687,3188,89404,3188,0,3685,0,0,0,1594,1600,49.91,932,2755,25.28,3188,0,100,89404,0
ubt,bintrie,5,4,storage_sstore_k4500,10,,3389,21000,1,0.0758,15.994,4.8351,6.8724,27.9792,0.7506,6,0,0,0,2,0,0,0,0,0,2,4,33.33,0,0,0,0,0,0,0,0
ubt,bintrie,5,4,storage_sstore_k4500,10,,3390,0,0,0.0496,7.9258,0.0055,0.301,8.6296,0,4,0,0,0,0,0,0,0,0,0,0,4,0,0,0,0,0,0,0,0,0
ubt,bintrie,5,4,storage_sstore_k4500,10,,3391,0,0,0.1426,71.4247,0.0032,0.1881,72.1799,0,4,0,0,0,0,0,0,0,0,0,0,4,0,0,0,0,0,0,0,0,0
ubt,bintrie,5,4,storage_sstore_k4500,1,,3165,0,0,0.1219,1.1182,0.0026,0.2301,1.9591,0,4,0,0,0,0,0,0,0,0,0,0,4,0,0,0,0,0,0,0,0,0
ubt,bintrie,5,4,storage_sstore_k4500,1,,3166,0,0,0.1324,3.9155,0.0192,0.9736,14.9694,0,4,0,0,0,0,0,0,0,0,0,0,4,0,0,0,0,0,0,0,0,0
ubt,bintrie,5,4,storage_sstore_k4500,1,,3167,0,0,0.1155,23.7481,0.0085,0.6247,24.9316,0,4,0,0,0,0,0,0,0,0,0,0,4,0,0,0,0,0,0,0,0,0
ubt,bintrie,5,4,storage_sstore_k4500,1,,3168,0,0,0.1339,31.239,0.0029,0.52,36.411,0,4,0,0,0,0,0,0,0,0,0,0,4,0,0,0,0,0,0,0,0,0
ubt,bintrie,5,4,storage_sstore_k4500,1,,3169,0,0,0.0429,21.5224,0.0023,0.1741,21.9739,0,4,0,0,0,0,0,0,0,0,0,0,4,0,0,0,0,0,0,0,0,0
ubt,bintrie,5,4,storage_sstore_k4500,1,,3170,0,0,0.3121,47.5903,0.0128,18.8228,67.702,0,4,0,0,0,0,0,0,0,0,0,0,4,0,0,0,0,0,0,0,0,0
ubt,bintrie,5,4,storage_sstore_k4500,1,,3171,0,0,0.0653,1.5682,0.0061,1.8039,4.4344,0,4,0,0,0,0,0,0,0,0,0,0,4,0,0,0,0,0,0,0,0,0
ubt,bintrie,5,4,storage_sstore_k4500,1,,3172,0,0,0.1056,19.8028,0.0131,0.7338,21.0873,0,4,0,0,0,0,0,0,0,0,0,0,4,0,0,0,0,0,0,0,0,0
ubt,bintrie,5,4,storage_sstore_k4500,1,,3173,0,0,0.0764,12.6921,0.0082,0.4929,13.7048,0,4,0,0,0,0,0,0,0,0,0,0,4,0,0,0,0,0,0,0,0,0
ubt,bintrie,5,4,storage_sstore_k4500,1,,3174,0,0,0.1438,8.184,0.0166,0.94,9.9855,0,4,0,0,0,0,0,0,0,0,0,0,4,0,0,0,0,0,0,0,0,0
ubt,bintrie,5,4,storage_sstore_k4500,1,,3175,0,0,0.205,7.5286,0.019,1.5726,10.0783,0,4,0,0,0,0,0,0,0,0,0,0,4,0,0,0,0,0,0,0,0,0
ubt,bintrie,5,4,storage_sstore_k4500,1,,3176,0,0,0.103,20.7078,0.0073,0.4232,21.5772,0,4,0,0,0,0,0,0,0,0,0,0,4,0,0,0,0,0,0,0,0,0
ubt,bintrie,5,4,storage_sstore_k4500,1,,3177,0,0,0.0362,5.9916,0.0041,0.1455,6.3203,0,4,0,0,0,0,0,0,0,0,0,0,4,0,0,0,0,0,0,0,0,0
ubt,bintrie,5,4,storage_sstore_k4500,1,,3178,0,0,0.0478,1.9013,0.0018,0.1053,2.1845,0,4,0,0,0,0,0,0,0,0,0,0,4,0,0,0,0,0,0,0,0,0
ubt,bintrie,5,4,storage_sstore_k4500,1,,3179,0,0,0.0612,63.4158,0.0029,0.1747,63.9122,0,4,0,0,0,0,0,0,0,0,0,0,4,0,0,0,0,0,0,0,0,0
ubt,bintrie,5,4,storage_sstore_k4500,1,,3180,0,0,0.0659,37.543,0.0026,0.1622,38.005,0,4,0,0,0,0,0,0,0,0,0,0,4,0,0,0,0,0,0,0,0,0
ubt,bintrie,5,4,storage_sstore_k4500,1,,3181,0,0,0.0639,34.5975,0.0044,0.1931,35.077,0,4,0,0,0,0,0,0,0,0,0,0,4,0,0,0,0,0,0,0,0,0
ubt,bintrie,5,4,storage_sstore_k4500,1,,3182,0,0,0.0735,6.7458,0.0137,0.9187,15.9278,0,4,0,0,0,0,0,0,0,0,0,0,4,0,0,0,0,0,0,0,0,0
ubt,bintrie,5,4,storage_sstore_k4500,1,,3183,87010,2,0.222,22.6786,3.2573,1.8118,28.2764,3.0771,11,0,0,0,3,0,0,0,1,168,6,5,54.55,0,0,0,0,0,0,0,0
ubt,bintrie,5,4,storage_sstore_k4500,1,,3184,0,0,0.3678,72.1419,0.0047,0.6177,74.0488,0,4,0,0,0,0,0,0,0,0,0,0,4,0,0,0,0,0,0,0,0,0
ubt,bintrie,5,4,storage_sstore_k4500,1,,3185,99914556,1,135.7723,620.6227,780.8752,475.4087,2013.4629,49.6232,3194,3687,3188,89404,3188,0,3685,0,0,0,1475,1719,46.18,1094,2593,29.67,3188,0,100,89404,0
ubt,bintrie,5,4,storage_sstore_k4500,1,,3186,21000,1,0.5728,69.4178,8.6144,0.7262,79.9068,0.2628,6,0,0,0,2,0,0,0,0,0,0,6,0,0,0,0,0,0,0,0,0
ubt,bintrie,5,4,storage_sstore_k4500,1,,3187,0,0,0.0414,7.0964,0.0029,0.18,7.5216,0,4,0,0,0,0,0,0,0,0,0,0,4,0,0,0,0,0,0,0,0,0
ubt,bintrie,5,4,storage_sstore_k4500,2,,3188,0,0,0.1085,2.2773,0.0035,19.2084,22.4134,0,4,0,0,0,0,0,0,0,0,0,0,4,0,0,0,0,0,0,0,0,0
ubt,bintrie,5,4,storage_sstore_k4500,2,,3189,0,0,0.0802,23.4217,0.0058,0.3829,24.3503,0,4,0,0,0,0,0,0,0,0,0,0,4,0,0,0,0,0,0,0,0,0
ubt,bintrie,5,4,storage_sstore_k4500,2,,3190,0,0,0.0694,74.3632,0.0029,0.6536,78.5803,0,4,0,0,0,0,0,0,0,0,0,0,4,0,0,0,0,0,0,0,0,0
ubt,bintrie,5,4,storage_sstore_k4500,2,,3191,0,0,0.0752,4.2247,0.0073,0.5492,6.0362,0,4,0,0,0,0,0,0,0,0,0,0,4,0,0,0,0,0,0,0,0,0
ubt,bintrie,5,4,storage_sstore_k4500,2,,3192,0,0,0.0624,49.5631,0.0053,0.2033,50.0516,0,4,0,0,0,0,0,0,0,0,0,0,4,0,0,0,0,0,0,0,0,0
ubt,bintrie,5,4,storage_sstore_k4500,2,,3193,0,0,0.0875,22.4721,0.0058,0.387,23.3429,0,4,0,0,0,0,0,0,0,0,0,0,4,0,0,0,0,0,0,0,0,0
ubt,bintrie,5,4,storage_sstore_k4500,2,,3194,0,0,0.0785,18.8867,0.0047,0.28,19.5517,0,4,0,0,0,0,0,0,0,0,0,0,4,0,0,0,0,0,0,0,0,0
ubt,bintrie,5,4,storage_sstore_k4500,2,,3195,0,0,0.0513,5.1904,0.0061,1.5563,7.6878,0,4,0,0,0,0,0,0,0,0,0,0,4,0,0,0,0,0,0,0,0,0
ubt,bintrie,5,4,storage_sstore_k4500,2,,3196,0,0,0.0347,4.0716,0.0032,0.2132,4.5385,0,4,0,0,0,0,0,0,0,0,0,0,4,0,0,0,0,0,0,0,0,0
ubt,bintrie,5,4,storage_sstore_k4500,2,,3197,0,0,0.0464,4.2591,0.0035,0.231,4.7806,0,4,0,0,0,0,0,0,0,0,0,0,4,0,0,0,0,0,0,0,0,0
ubt,bintrie,5,4,storage_sstore_k4500,2,,3198,0,0,0.0367,13.6733,0.0026,0.1377,14.03,0,4,0,0,0,0,0,0,0,0,0,0,4,0,0,0,0,0,0,0,0,0
ubt,bintrie,5,4,storage_sstore_k4500,2,,3199,0,0,0.061,1.9824,0.0038,0.1365,2.3791,0,4,0,0,0,0,0,0,0,0,0,0,4,0,0,0,0,0,0,0,0,0
ubt,bintrie,5,4,storage_sstore_k4500,2,,3200,0,0,0.2015,8.6844,0.012,21.2185,61.4695,0,4,0,0,0,0,0,0,0,0,0,0,4,0,0,0,0,0,0,0,0,0
ubt,bintrie,5,4,storage_sstore_k4500,2,,3201,0,0,0.0639,8.51,0.0064,0.2847,9.2272,0,4,0,0,0,0,0,0,0,0,0,0,4,0,0,0,0,0,0,0,0,0
ubt,bintrie,5,4,storage_sstore_k4500,2,,3202,0,0,0.0367,8.9758,0.0018,0.126,9.3328,0,4,0,0,0,0,0,0,0,0,0,0,4,0,0,0,0,0,0,0,0,0
ubt,bintrie,5,4,storage_sstore_k4500,2,,3203,0,0,0.0828,5.4794,0.0029,0.1569,7.1244,0,4,0,0,0,0,0,0,0,0,0,0,4,0,0,0,0,0,0,0,0,0
ubt,bintrie,5,4,storage_sstore_k4500,2,,3204,0,0,0.0359,2.0719,0.0032,0.1622,2.4575,0,4,0,0,0,0,0,0,0,0,0,0,4,0,0,0,0,0,0,0,0,0
ubt,bintrie,5,4,storage_sstore_k4500,2,,3205,87010,2,0.1423,5.7419,1.0888,5.3412,12.4976,6.9621,11,0,0,0,3,0,0,0,1,168,5,6,45.45,0,0,0,0,0,0,0,0
ubt,bintrie,5,4,storage_sstore_k4500,2,,3206,99914556,1,167.5067,638.818,666.8217,396.7779,1871.7907,53.3791,3194,3687,3188,89404,3188,0,3685,0,0,0,1532,1662,47.96,1171,2516,31.76,3188,0,100,89404,0
ubt,bintrie,5,4,storage_sstore_k4500,2,,3207,21000,1,1.0062,30.059,5.1186,2.3674,103.6824,0.2025,6,0,0,0,2,0,0,0,0,0,0,6,0,0,0,0,0,0,0,0,0
ubt,bintrie,5,4,storage_sstore_k4500,2,,3208,0,0,0.1336,46.7801,0.0032,0.2397,47.656,0,4,0,0,0,0,0,0,0,0,0,0,4,0,0,0,0,0,0,0,0,0
ubt,bintrie,5,4,storage_sstore_k4500,3,,3209,0,0,0.0624,1.036,0.0035,1.3676,2.7996,0,4,0,0,0,0,0,0,0,0,0,0,4,0,0,0,0,0,0,0,0,0
ubt,bintrie,5,4,storage_sstore_k4500,3,,3210,0,0,0.0367,0.8306,0.0026,0.1435,1.2754,0,4,0,0,0,0,0,0,0,0,0,0,4,0,0,0,0,0,0,0,0,0
ubt,bintrie,5,4,storage_sstore_k4500,3,,3211,0,0,0.0887,29.4273,0.0061,0.8359,31.0043,0,4,0,0,0,0,0,0,0,0,0,0,4,0,0,0,0,0,0,0,0,0
ubt,bintrie,5,4,storage_sstore_k4500,3,,3212,0,0,0.061,12.5198,0.0026,0.1356,13.1133,0,4,0,0,0,0,0,0,0,0,0,0,4,0,0,0,0,0,0,0,0,0
ubt,bintrie,5,4,storage_sstore_k4500,3,,3213,0,0,0.0662,10.5686,0.0035,0.2115,11.1845,0,4,0,0,0,0,0,0,0,0,0,0,4,0,0,0,0,0,0,0,0,0
ubt,bintrie,5,4,storage_sstore_k4500,3,,3214,0,0,0.0782,17.1854,0.0055,0.2686,17.9029,0,4,0,0,0,0,0,0,0,0,0,0,4,0,0,0,0,0,0,0,0,0
ubt,bintrie,5,4,storage_sstore_k4500,3,,3215,0,0,0.0712,18.8254,0.0058,0.2701,19.5733,0,4,0,0,0,0,0,0,0,0,0,0,4,0,0,0,0,0,0,0,0,0
ubt,bintrie,5,4,storage_sstore_k4500,3,,3216,0,0,0.0726,6.1601,0.0058,0.5483,7.9113,0,4,0,0,0,0,0,0,0,0,0,0,4,0,0,0,0,0,0,0,0,0
ubt,bintrie,5,4,storage_sstore_k4500,3,,3217,0,0,0.044,5.0375,0.0035,0.2287,5.6468,0,4,0,0,0,0,0,0,0,0,0,0,4,0,0,0,0,0,0,0,0,0
ubt,bintrie,5,4,storage_sstore_k4500,3,,3218,0,0,0.0408,4.8319,0.0023,0.1254,5.1679,0,4,0,0,0,0,0,0,0,0,0,0,4,0,0,0,0,0,0,0,0,0
ubt,bintrie,5,4,storage_sstore_k4500,3,,3219,0,0,0.142,20.8811,0.0026,0.1887,21.5898,0,4,0,0,0,0,0,0,0,0,0,0,4,0,0,0,0,0,0,0,0,0
ubt,bintrie,5,4,storage_sstore_k4500,3,,3220,0,0,0.0636,4.568,0.0073,0.3001,5.2467,0,4,0,0,0,0,0,0,0,0,0,0,4,0,0,0,0,0,0,0,0,0
ubt,bintrie,5,4,storage_sstore_k4500,3,,3221,0,0,0.0289,1.8124,0.0018,0.1158,2.1139,0,4,0,0,0,0,0,0,0,0,0,0,4,0,0,0,0,0,0,0,0,0
ubt,bintrie,5,4,storage_sstore_k4500,3,,3222,0,0,0.2097,9.7099,0.0163,1.1343,11.9009,0,4,0,0,0,0,0,0,0,0,0,0,4,0,0,0,0,0,0,0,0,0
ubt,bintrie,5,4,storage_sstore_k4500,3,,3223,0,0,0.38,44.047,0.0032,0.1435,44.9826,0,4,0,0,0,0,0,0,0,0,0,0,4,0,0,0,0,0,0,0,0,0
ubt,bintrie,5,4,storage_sstore_k4500,3,,3224,0,0,0.0572,3.8344,0.0035,1.1561,5.5579,0,4,0,0,0,0,0,0,0,0,0,0,4,0,0,0,0,0,0,0,0,0
ubt,bintrie,5,4,storage_sstore_k4500,3,,3225,0,0,0.1992,48.36,0.012,1.05,52.4888,0,4,0,0,0,0,0,0,0,0,0,0,4,0,0,0,0,0,0,0,0,0
ubt,bintrie,5,4,storage_sstore_k4500,3,,3226,87010,2,0.7916,21.1567,0.737,2.1489,30.3877,2.8633,11,0,0,0,3,0,0,0,1,168,4,7,36.36,0,0,0,0,0,0,0,0
ubt,bintrie,5,4,storage_sstore_k4500,3,,3227,99914556,1,132.3723,551.8049,736.3396,392.9893,1814.1742,55.0744,3194,3687,3188,89404,3188,0,3685,0,0,0,1142,2052,35.75,487,3200,13.21,3188,0,100,89404,0
ubt,bintrie,5,4,storage_sstore_k4500,3,,3228,21000,1,0.4909,22.9962,8.6932,0.7682,33.367,0.6294,6,0,0,0,2,0,0,0,0,0,0,6,0,0,0,0,0,0,0,0,0
ubt,bintrie,5,4,storage_sstore_k4500,3,,3229,0,0,0.1269,3.7388,0.0052,0.3818,4.7004,0,4,0,0,0,0,0,0,0,0,0,0,4,0,0,0,0,0,0,0,0,0
ubt,bintrie,5,4,storage_sstore_k4500,3,,3230,0,0,0.0779,6.3354,0.0047,1.1284,7.8284,0,4,0,0,0,0,0,0,0,0,0,0,4,0,0,0,0,0,0,0,0,0
ubt,bintrie,5,4,storage_sstore_k4500,4,,3231,0,0,0.1476,25.4207,0.0061,1.5131,27.6088,0,4,0,0,0,0,0,0,0,0,0,0,4,0,0,0,0,0,0,0,0,0
ubt,bintrie,5,4,storage_sstore_k4500,4,,3232,0,0,0.1286,3.5017,0.0213,2.5086,25.2618,0,4,0,0,0,0,0,0,0,0,0,0,4,0,0,0,0,0,0,0,0,0
ubt,bintrie,5,4,storage_sstore_k4500,4,,3233,0,0,0.0627,18.2127,0.0052,0.3573,18.9695,0,4,0,0,0,0,0,0,0,0,0,0,4,0,0,0,0,0,0,0,0,0
ubt,bintrie,5,4,storage_sstore_k4500,4,,3234,0,0,0.0592,71.423,0.0032,0.1884,71.9567,0,4,0,0,0,0,0,0,0,0,0,0,4,0,0,0,0,0,0,0,0,0
ubt,bintrie,5,4,storage_sstore_k4500,4,,3235,0,0,0.0612,1.6587,0.0064,0.4535,3.3226,0,4,0,0,0,0,0,0,0,0,0,0,4,0,0,0,0,0,0,0,0,0
ubt,bintrie,5,4,storage_sstore_k4500,4,,3236,0,0,0.1531,23.9756,0.0047,0.1902,24.7557,0,4,0,0,0,0,0,0,0,0,0,0,4,0,0,0,0,0,0,0,0,0
ubt,bintrie,5,4,storage_sstore_k4500,4,,3237,0,0,0.0481,1.0144,0.0032,0.184,1.5379,0,4,0,0,0,0,0,0,0,0,0,0,4,0,0,0,0,0,0,0,0,0
ubt,bintrie,5,4,storage_sstore_k4500,4,,3238,0,0,0.0621,6.5192,0.0047,0.3832,7.6085,0,4,0,0,0,0,0,0,0,0,0,0,4,0,0,0,0,0,0,0,0,0
ubt,bintrie,5,4,storage_sstore_k4500,4,,3239,0,0,0.0408,1.9815,0.0018,0.1199,2.3024,0,4,0,0,0,0,0,0,0,0,0,0,4,0,0,0,0,0,0,0,0,0
ubt,bintrie,5,4,storage_sstore_k4500,4,,3240,0,0,0.1137,17.7425,0.0143,1.1486,19.6788,0,4,0,0,0,0,0,0,0,0,0,0,4,0,0,0,0,0,0,0,0,0
ubt,bintrie,5,4,storage_sstore_k4500,4,,3241,0,0,0.0435,4.2369,0.005,0.1779,4.7756,0,4,0,0,0,0,0,0,0,0,0,0,4,0,0,0,0,0,0,0,0,0
ubt,bintrie,5,4,storage_sstore_k4500,4,,3242,0,0,0.0496,4.649,0.0029,0.1954,5.0988,0,4,0,0,0,0,0,0,0,0,0,0,4,0,0,0,0,0,0,0,0,0
ubt,bintrie,5,4,storage_sstore_k4500,4,,3243,0,0,0.3827,61.6194,0.0029,0.1566,62.9421,0,4,0,0,0,0,0,0,0,0,0,0,4,0,0,0,0,0,0,0,0,0
ubt,bintrie,5,4,storage_sstore_k4500,4,,3244,0,0,0.1534,11.4208,0.0137,0.9572,13.2034,0,4,0,0,0,0,0,0,0,0,0,0,4,0,0,0,0,0,0,0,0,0
ubt,bintrie,5,4,storage_sstore_k4500,4,,3245,0,0,0.0464,4.3583,0.0061,0.2459,4.9066,0,4,0,0,0,0,0,0,0,0,0,0,4,0,0,0,0,0,0,0,0,0
ubt,bintrie,5,4,storage_sstore_k4500,4,,3246,0,0,0.0548,8.9029,0.0029,0.1406,9.2692,0,4,0,0,0,0,0,0,0,0,0,0,4,0,0,0,0,0,0,0,0,0
ubt,bintrie,5,4,storage_sstore_k4500,4,,3247,0,0,0.0808,13.876,0.0044,0.1406,14.3079,0,4,0,0,0,0,0,0,0,0,0,0,4,0,0,0,0,0,0,0,0,0
ubt,bintrie,5,4,storage_sstore_k4500,4,,3248,0,0,0.0528,16.5578,0.0029,0.1336,16.9743,0,4,0,0,0,0,0,0,0,0,0,0,4,0,0,0,0,0,0,0,0,0
ubt,bintrie,5,4,storage_sstore_k4500,4,,3249,87010,2,0.721,1.638,0.7376,10.1124,13.9285,6.2469,11,0,0,0,3,0,0,0,1,168,4,7,36.36,0,0,0,0,0,0,0,0
ubt,bintrie,5,4,storage_sstore_k4500,4,,3250,99914556,1,173.9884,607.4118,695.3017,497.4523,1975.046,50.5885,3194,3687,3188,89404,3188,0,3685,0,0,0,1577,1617,49.37,1072,2615,29.08,3188,0,100,89404,0
ubt,bintrie,5,4,storage_sstore_k4500,4,,3251,21000,1,0.3007,7.3924,69.867,0.8869,89.0045,0.2359,6,0,0,0,2,0,0,0,0,0,2,4,33.33,0,0,0,0,0,0,0,0
ubt,bintrie,5,4,storage_sstore_k4500,4,,3252,0,0,0.0884,7.4166,0.0111,0.7277,9.308,0,4,0,0,0,0,0,0,0,0,0,0,4,0,0,0,0,0,0,0,0,0
ubt,bintrie,5,4,storage_sstore_k4500,5,,3254,0,0,0.4865,50.0563,0.0047,0.4305,52.0259,0,4,0,0,0,0,0,0,0,0,0,0,4,0,0,0,0,0,0,0,0,0
ubt,bintrie,5,4,storage_sstore_k4500,5,,3255,0,0,0.0627,0.8633,0.0029,0.2021,1.4084,0,4,0,0,0,0,0,0,0,0,0,0,4,0,0,0,0,0,0,0,0,0
ubt,bintrie,5,4,storage_sstore_k4500,5,,3256,0,0,0.2001,31.3659,0.0073,0.2972,32.4736,0,4,0,0,0,0,0,0,0,0,0,0,4,0,0,0,0,0,0,0,0,0
ubt,bintrie,5,4,storage_sstore_k4500,5,,3257,0,0,0.0563,56.9812,0.0026,0.1514,57.3694,0,4,0,0,0,0,0,0,0,0,0,0,4,0,0,0,0,0,0,0,0,0
ubt,bintrie,5,4,storage_sstore_k4500,5,,3258,0,0,0.1508,36.3851,0.005,0.1318,42.0523,0,4,0,0,0,0,0,0,0,0,0,0,4,0,0,0,0,0,0,0,0,0
ubt,bintrie,5,4,storage_sstore_k4500,5,,3259,0,0,0.0289,2.349,0.0029,0.1432,2.6786,0,4,0,0,0,0,0,0,0,0,0,0,4,0,0,0,0,0,0,0,0,0
ubt,bintrie,5,4,storage_sstore_k4500,5,,3260,0,0,0.0496,12.763,0.0035,0.1948,13.237,0,4,0,0,0,0,0,0,0,0,0,0,4,0,0,0,0,0,0,0,0,0
ubt,bintrie,5,4,storage_sstore_k4500,5,,3261,0,0,0.0429,4.1923,0.0023,0.138,4.5391,0,4,0,0,0,0,0,0,0,0,0,0,4,0,0,0,0,0,0,0,0,0
ubt,bintrie,5,4,storage_sstore_k4500,5,,3262,0,0,0.1371,68.9579,0.0032,0.168,69.659,0,4,0,0,0,0,0,0,0,0,0,0,4,0,0,0,0,0,0,0,0,0
ubt,bintrie,5,4,storage_sstore_k4500,5,,3263,0,0,0.0589,4.4195,0.0041,0.2164,4.9226,0,4,0,0,0,0,0,0,0,0,0,0,4,0,0,0,0,0,0,0,0,0
ubt,bintrie,5,4,storage_sstore_k4500,5,,3264,0,0,0.0878,4.4099,0.0044,0.3456,5.1472,0,4,0,0,0,0,0,0,0,0,0,0,4,0,0,0,0,0,0,0,0,0
ubt,bintrie,5,4,storage_sstore_k4500,5,,3265,0,0,0.2508,22.2034,0.0146,1.2722,24.6096,0,4,0,0,0,0,0,0,0,0,0,0,4,0,0,0,0,0,0,0,0,0
ubt,bintrie,5,4,storage_sstore_k4500,5,,3266,0,0,0.0516,5.2452,0.0038,0.2208,5.809,0,4,0,0,0,0,0,0,0,0,0,0,4,0,0,0,0,0,0,0,0,0
ubt,bintrie,5,4,storage_sstore_k4500,5,,3267,0,0,0.072,12.5909,0.0032,0.189,13.1608,0,4,0,0,0,0,0,0,0,0,0,0,4,0,0,0,0,0,0,0,0,0
ubt,bintrie,5,4,storage_sstore_k4500,5,,3268,0,0,0.0472,4.3933,0.0041,0.1995,4.9066,0,4,0,0,0,0,0,0,0,0,0,0,4,0,0,0,0,0,0,0,0,0
ubt,bintrie,5,4,storage_sstore_k4500,5,,3269,0,0,0.0779,45.0112,0.0032,0.1409,45.6878,0,4,0,0,0,0,0,0,0,0,0,0,4,0,0,0,0,0,0,0,0,0
ubt,bintrie,5,4,storage_sstore_k4500,5,,3270,0,0,0.0566,12.4375,0.0023,0.2007,12.8881,0,4,0,0,0,0,0,0,0,0,0,0,4,0,0,0,0,0,0,0,0,0
ubt,bintrie,5,4,storage_sstore_k4500,5,,3271,0,0,0.4232,52.3724,0.0041,0.2316,54.0477,0,4,0,0,0,0,0,0,0,0,0,0,4,0,0,0,0,0,0,0,0,0
ubt,bintrie,5,4,storage_sstore_k4500,5,,3272,87010,2,0.5909,40.8728,0.7181,11.2814,57.6112,1.5103,11,0,0,0,3,0,0,0,1,168,4,7,36.36,0,0,0,0,0,0,0,0
ubt,bintrie,5,4,storage_sstore_k4500,5,,3273,99914556,1,166.9511,562.0924,651.5566,386.732,1768.1478,56.508,3194,3687,3188,89404,3188,0,3685,0,0,0,1396,1798,43.71,986,2701,26.74,3188,0,100,89404,0
ubt,bintrie,5,4,storage_sstore_k4500,5,,3274,0,0,0.0913,59.6798,0.005,0.3103,60.3396,0,4,0,0,0,0,0,0,0,0,0,0,4,0,0,0,0,0,0,0,0,0
ubt,bintrie,5,4,storage_sstore_k4500,5,,3275,21000,1,0.334,34.1253,8.4931,1.0185,44.2785,0.4743,6,0,0,0,2,0,0,0,0,0,0,6,0,0,0,0,0,0,0,0,0
ubt,bintrie,5,4,storage_sstore_k4500,5,,3276,0,0,0.0709,14.9627,0.0032,0.1867,15.4886,0,4,0,0,0,0,0,0,0,0,0,0,4,0,0,0,0,0,0,0,0,0
ubt,bintrie,5,4,storage_sstore_k4500,5,,3277,0,0,0.0583,17.9085,0.0053,0.3077,18.6172,0,4,0,0,0,0,0,0,0,0,0,0,4,0,0,0,0,0,0,0,0,0
ubt,bintrie,5,4,storage_sstore_k4500,6,,3278,0,0,0.0595,1.705,0.0064,0.6192,3.0811,0,4,0,0,0,0,0,0,0,0,0,0,4,0,0,0,0,0,0,0,0,0
ubt,bintrie,5,4,storage_sstore_k4500,6,,3279,0,0,0.0522,1.129,0.0038,0.1899,1.6155,0,4,0,0,0,0,0,0,0,0,0,0,4,0,0,0,0,0,0,0,0,0
ubt,bintrie,5,4,storage_sstore_k4500,6,,3280,0,0,0.1493,10.4353,0.0047,0.3526,11.4783,0,4,0,0,0,0,0,0,0,0,0,0,4,0,0,0,0,0,0,0,0,0
ubt,bintrie,5,4,storage_sstore_k4500,6,,3281,0,0,0.079,29.7137,0.0061,5.0553,35.1721,0,4,0,0,0,0,0,0,0,0,0,0,4,0,0,0,0,0,0,0,0,0
ubt,bintrie,5,4,storage_sstore_k4500,6,,3282,0,0,0.0356,5.4126,0.0018,0.1275,5.7492,0,4,0,0,0,0,0,0,0,0,0,0,4,0,0,0,0,0,0,0,0,0
ubt,bintrie,5,4,storage_sstore_k4500,6,,3283,0,0,0.149,10.6957,0.0085,0.5425,11.9437,0,4,0,0,0,0,0,0,0,0,0,0,4,0,0,0,0,0,0,0,0,0
ubt,bintrie,5,4,storage_sstore_k4500,6,,3284,0,0,0.0312,1.7511,0.0018,0.1251,2.0445,0,4,0,0,0,0,0,0,0,0,0,0,4,0,0,0,0,0,0,0,0,0
ubt,bintrie,5,4,storage_sstore_k4500,6,,3285,0,0,0.0408,1.4166,0.0102,1.0794,9.5177,0,4,0,0,0,0,0,0,0,0,0,0,4,0,0,0,0,0,0,0,0,0
ubt,bintrie,5,4,storage_sstore_k4500,6,,3286,0,0,0.058,5.6468,0.0047,0.3132,6.2888,0,4,0,0,0,0,0,0,0,0,0,0,4,0,0,0,0,0,0,0,0,0
ubt,bintrie,5,4,storage_sstore_k4500,6,,3287,0,0,0.054,20.8326,0.0029,0.1435,21.2541,0,4,0,0,0,0,0,0,0,0,0,0,4,0,0,0,0,0,0,0,0,0
ubt,bintrie,5,4,storage_sstore_k4500,6,,3288,0,0,0.0811,5.832,0.009,7.2329,13.9699,0,4,0,0,0,0,0,0,0,0,0,0,4,0,0,0,0,0,0,0,0,0
ubt,bintrie,5,4,storage_sstore_k4500,6,,3289,0,0,0.0726,7.2317,0.0035,0.21,7.8127,0,4,0,0,0,0,0,0,0,0,0,0,4,0,0,0,0,0,0,0,0,0
ubt,bintrie,5,4,storage_sstore_k4500,6,,3290,0,0,0.0919,3.1986,0.0047,0.3223,3.9068,0,4,0,0,0,0,0,0,0,0,0,0,4,0,0,0,0,0,0,0,0,0
ubt,bintrie,5,4,storage_sstore_k4500,6,,3291,0,0,0.0962,6.6717,0.0111,0.4034,7.7068,0,4,0,0,0,0,0,0,0,0,0,0,4,0,0,0,0,0,0,0,0,0
ubt,bintrie,5,4,storage_sstore_k4500,6,,3292,0,0,0.0385,4.2075,0.0038,0.1893,4.6838,0,4,0,0,0,0,0,0,0,0,0,0,4,0,0,0,0,0,0,0,0,0
ubt,bintrie,5,4,storage_sstore_k4500,6,,3293,0,0,0.0575,12.1301,0.0026,0.1595,12.539,0,4,0,0,0,0,0,0,0,0,0,0,4,0,0,0,0,0,0,0,0,0
ubt,bintrie,5,4,storage_sstore_k4500,6,,3294,0,0,0.0478,4.887,0.0026,0.2138,5.3587,0,4,0,0,0,0,0,0,0,0,0,0,4,0,0,0,0,0,0,0,0,0
ubt,bintrie,5,4,storage_sstore_k4500,6,,3295,0,0,0.0297,4.0593,0.0023,0.1765,4.5414,0,4,0,0,0,0,0,0,0,0,0,0,4,0,0,0,0,0,0,0,0,0
ubt,bintrie,5,4,storage_sstore_k4500,6,,3296,87010,2,0.1604,50.7353,11.5818,6.9922,69.7276,1.2479,11,0,0,0,3,0,0,0,1,168,4,7,36.36,0,0,0,0,0,0,0,0
ubt,bintrie,5,4,storage_sstore_k4500,6,,3297,0,0,0.2039,8.3234,0.0105,0.5705,9.8878,0,4,0,0,0,0,0,0,0,0,0,0,4,0,0,0,0,0,0,0,0,0
ubt,bintrie,5,4,storage_sstore_k4500,6,,3298,99914556,1,170.1237,596.899,627.287,428.334,1826.4598,54.7039,3194,3687,3188,89404,3188,0,3685,0,0,0,1475,1719,46.18,1007,2680,27.31,3188,0,100,89404,0
ubt,bintrie,5,4,storage_sstore_k4500,6,,3299,21000,1,0.6058,41.5259,17.7851,1.5429,61.9636,0.3389,6,0,0,0,2,0,0,0,0,0,0,6,0,0,0,0,0,0,0,0,0
ubt,bintrie,5,4,storage_sstore_k4500,6,,3300,0,0,0.1875,6.1421,0.012,0.6075,7.7853,0,4,0,0,0,0,0,0,0,0,0,0,4,0,0,0,0,0,0,0,0,0
ubt,bintrie,5,4,storage_sstore_k4500,6,,3301,0,0,0.0805,81.7655,0.0032,0.1549,82.3771,0,4,0,0,0,0,0,0,0,0,0,0,4,0,0,0,0,0,0,0,0,0
ubt,bintrie,5,4,storage_sstore_k4500,7,,3302,0,0,0.0545,1.1888,0.005,1.1465,2.8413,0,4,0,0,0,0,0,0,0,0,0,0,4,0,0,0,0,0,0,0,0,0
ubt,bintrie,5,4,storage_sstore_k4500,7,,3303,0,0,0.0677,1.2063,0.005,0.2179,1.8447,0,4,0,0,0,0,0,0,0,0,0,0,4,0,0,0,0,0,0,0,0,0
ubt,bintrie,5,4,storage_sstore_k4500,7,,3304,0,0,0.0373,1.953,0.002,0.1321,2.2892,0,4,0,0,0,0,0,0,0,0,0,0,4,0,0,0,0,0,0,0,0,0
ubt,bintrie,5,4,storage_sstore_k4500,7,,3305,0,0,0.0849,7.5957,0.0079,1.3402,10.913,0,4,0,0,0,0,0,0,0,0,0,0,4,0,0,0,0,0,0,0,0,0
ubt,bintrie,5,4,storage_sstore_k4500,7,,3306,0,0,0.2313,7.7278,0.0061,1.2603,10.33,0,4,0,0,0,0,0,0,0,0,0,0,4,0,0,0,0,0,0,0,0,0
ubt,bintrie,5,4,storage_sstore_k4500,7,,3307,0,0,0.2047,53.1601,0.0067,0.5571,54.6657,0,4,0,0,0,0,0,0,0,0,0,0,4,0,0,0,0,0,0,0,0,0
ubt,bintrie,5,4,storage_sstore_k4500,7,,3308,0,0,0.0537,4.7398,0.0038,0.1977,5.2467,0,4,0,0,0,0,0,0,0,0,0,0,4,0,0,0,0,0,0,0,0,0
ubt,bintrie,5,4,storage_sstore_k4500,7,,3309,0,0,0.0467,24.7832,0.0035,0.1444,25.2169,0,4,0,0,0,0,0,0,0,0,0,0,4,0,0,0,0,0,0,0,0,0
ubt,bintrie,5,4,storage_sstore_k4500,7,,3310,0,0,0.0735,6.0721,0.0079,1.0158,7.8179,0,4,0,0,0,0,0,0,0,0,0,0,4,0,0,0,0,0,0,0,0,0
ubt,bintrie,5,4,storage_sstore_k4500,7,,3311,0,0,0.0435,4.6391,0.0032,0.1665,5.0635,0,4,0,0,0,0,0,0,0,0,0,0,4,0,0,0,0,0,0,0,0,0
ubt,bintrie,5,4,storage_sstore_k4500,7,,3312,0,0,0.0595,4.2804,0.0029,0.1581,4.7447,0,4,0,0,0,0,0,0,0,0,0,0,4,0,0,0,0,0,0,0,0,0
ubt,bintrie,5,4,storage_sstore_k4500,7,,3313,0,0,0.063,5.4567,0.0067,0.9056,7.1197,0,4,0,0,0,0,0,0,0,0,0,0,4,0,0,0,0,0,0,0,0,0
ubt,bintrie,5,4,storage_sstore_k4500,7,,3314,0,0,0.1505,5.9641,0.0099,0.4098,7.1389,0,4,0,0,0,0,0,0,0,0,0,0,4,0,0,0,0,0,0,0,0,0
ubt,bintrie,5,4,storage_sstore_k4500,7,,3315,0,0,0.0939,14.0134,0.0053,0.3386,14.7521,0,4,0,0,0,0,0,0,0,0,0,0,4,0,0,0,0,0,0,0,0,0
ubt,bintrie,5,4,storage_sstore_k4500,7,,3316,0,0,0.1683,8.5552,0.0125,1.7736,11.2586,0,4,0,0,0,0,0,0,0,0,0,0,4,0,0,0,0,0,0,0,0,0
ubt,bintrie,5,4,storage_sstore_k4500,7,,3317,0,0,0.0636,9.3375,0.0055,0.4159,10.1538,0,4,0,0,0,0,0,0,0,0,0,0,4,0,0,0,0,0,0,0,0,0
ubt,bintrie,5,4,storage_sstore_k4500,7,,3318,0,0,0.044,9.5367,0.0029,0.1802,9.9858,0,4,0,0,0,0,0,0,0,0,0,0,4,0,0,0,0,0,0,0,0,0
ubt,bintrie,5,4,storage_sstore_k4500,7,,3319,87010,2,0.3707,37.1822,3.4462,7.0757,49.0828,1.7727,11,0,0,0,3,0,0,0,1,168,6,5,54.55,0,0,0,0,0,0,0,0
ubt,bintrie,5,4,storage_sstore_k4500,7,,3320,99914556,1,161.7314,557.2999,665.229,393.3553,1778.4749,56.1799,3194,3687,3188,89404,3188,0,3685,0,0,0,1947,1247,60.96,1339,2348,36.32,3188,0,100,89404,0
ubt,bintrie,5,4,storage_sstore_k4500,7,,3321,0,0,0.0968,62.2133,0.0035,1.8144,64.452,0,4,0,0,0,0,0,0,0,0,0,0,4,0,0,0,0,0,0,0,0,0
ubt,bintrie,5,4,storage_sstore_k4500,7,,3322,21000,1,0.38,18.2585,66.7981,0.7499,87.1288,0.241,6,0,0,0,2,0,0,0,0,0,2,4,33.33,0,0,0,0,0,0,0,0
ubt,bintrie,5,4,storage_sstore_k4500,7,,3323,0,0,0.2091,60.8042,0.0035,0.2575,61.879,0,4,0,0,0,0,0,0,0,0,0,0,4,0,0,0,0,0,0,0,0,0
ubt,bintrie,5,4,storage_sstore_k4500,7,,3324,0,0,0.0528,4.6596,0.0041,0.2301,5.284,0,4,0,0,0,0,0,0,0,0,0,0,4,0,0,0,0,0,0,0,0,0
ubt,bintrie,5,4,storage_sstore_k4500,8,,3325,0,0,0.112,2.6468,0.0099,0.9219,6.2791,0,4,0,0,0,0,0,0,0,0,0,0,4,0,0,0,0,0,0,0,0,0
ubt,bintrie,5,4,storage_sstore_k4500,8,,3326,0,0,0.0808,1.5414,0.0047,0.2438,2.3134,0,4,0,0,0,0,0,0,0,0,0,0,4,0,0,0,0,0,0,0,0,0
ubt,bintrie,5,4,storage_sstore_k4500,8,,3327,0,0,0.0394,9.0934,0.0026,0.114,9.4361,0,4,0,0,0,0,0,0,0,0,0,0,4,0,0,0,0,0,0,0,0,0
ubt,bintrie,5,4,storage_sstore_k4500,8,,3328,0,0,0.1607,41.7907,0.0064,0.1762,46.1971,0,4,0,0,0,0,0,0,0,0,0,0,4,0,0,0,0,0,0,0,0,0
ubt,bintrie,5,4,storage_sstore_k4500,8,,3329,0,0,0.0802,48.9285,0.0055,3.208,52.6617,0,4,0,0,0,0,0,0,0,0,0,0,4,0,0,0,0,0,0,0,0,0
ubt,bintrie,5,4,storage_sstore_k4500,8,,3330,0,0,0.1566,28.7617,0.0087,0.5734,30.1389,0,4,0,0,0,0,0,0,0,0,0,0,4,0,0,0,0,0,0,0,0,0
ubt,bintrie,5,4,storage_sstore_k4500,8,,3331,0,0,0.0869,5.5818,0.0029,0.2059,6.2418,0,4,0,0,0,0,0,0,0,0,0,0,4,0,0,0,0,0,0,0,0,0
ubt,bintrie,5,4,storage_sstore_k4500,8,,3332,0,0,0.1065,15.1176,0.0029,0.3742,15.8453,0,4,0,0,0,0,0,0,0,0,0,0,4,0,0,0,0,0,0,0,0,0
ubt,bintrie,5,4,storage_sstore_k4500,8,,3333,0,0,0.0621,4.8226,0.0026,0.2141,5.4873,0,4,0,0,0,0,0,0,0,0,0,0,4,0,0,0,0,0,0,0,0,0
ubt,bintrie,5,4,storage_sstore_k4500,8,,3334,0,0,0.152,17.1385,0.0029,0.1741,17.9306,0,4,0,0,0,0,0,0,0,0,0,0,4,0,0,0,0,0,0,0,0,0
ubt,bintrie,5,4,storage_sstore_k4500,8,,3335,0,0,0.0403,4.2431,0.0035,0.1826,4.6905,0,4,0,0,0,0,0,0,0,0,0,0,4,0,0,0,0,0,0,0,0,0
ubt,bintrie,5,4,storage_sstore_k4500,8,,3336,0,0,0.1158,56.5172,0.0029,0.1703,57.2866,0,4,0,0,0,0,0,0,0,0,0,0,4,0,0,0,0,0,0,0,0,0
ubt,bintrie,5,4,storage_sstore_k4500,8,,3337,0,0,0.1062,8.93,0.0079,0.4652,9.9791,0,4,0,0,0,0,0,0,0,0,0,0,4,0,0,0,0,0,0,0,0,0
ubt,bintrie,5,4,storage_sstore_k4500,8,,3338,0,0,0.1683,7.5234,0.0029,0.2278,8.3613,0,4,0,0,0,0,0,0,0,0,0,0,4,0,0,0,0,0,0,0,0,0
ubt,bintrie,5,4,storage_sstore_k4500,8,,3339,0,0,0.0951,6.5766,0.0058,2.5896,9.6679,0,4,0,0,0,0,0,0,0,0,0,0,4,0,0,0,0,0,0,0,0,0
ubt,bintrie,5,4,storage_sstore_k4500,8,,3340,0,0,0.0583,7.6263,0.0073,0.4357,8.4978,0,4,0,0,0,0,0,0,0,0,0,0,4,0,0,0,0,0,0,0,0,0
ubt,bintrie,5,4,storage_sstore_k4500,8,,3341,0,0,0.0306,2.1195,0.0015,0.1047,2.3721,0,4,0,0,0,0,0,0,0,0,0,0,4,0,0,0,0,0,0,0,0,0
ubt,bintrie,5,4,storage_sstore_k4500,8,,3342,87010,2,0.7125,18.0966,7.2489,7.1314,33.4676,2.5998,11,0,0,0,3,0,0,0,1,168,4,7,36.36,0,0,0,0,0,0,0,0
ubt,bintrie,5,4,storage_sstore_k4500,8,,3343,99914556,1,170.0219,575.7095,656.6351,343.3991,1746.3263,57.2141,3194,3687,3188,89404,3188,0,3685,0,0,0,1549,1645,48.5,1154,2533,31.3,3188,0,100,89404,0
ubt,bintrie,5,4,storage_sstore_k4500,8,,3344,21000,1,0.0688,3.9441,8.9466,0.7251,22.7824,0.9218,6,0,0,0,2,0,0,0,0,0,2,4,33.33,0,0,0,0,0,0,0,0
ubt,bintrie,5,4,storage_sstore_k4500,8,,3345,0,0,0.1245,3.8251,0.0041,0.3348,4.768,0,4,0,0,0,0,0,0,0,0,0,0,4,0,0,0,0,0,0,0,0,0
ubt,bintrie,5,4,storage_sstore_k4500,9,,3347,0,0,0.1738,58.5868,0.0058,0.66,61.3908,0,4,0,0,0,0,0,0,0,0,0,0,4,0,0,0,0,0,0,0,0,0
ubt,bintrie,5,4,storage_sstore_k4500,9,,3348,0,0,0.0484,1.2197,0.0035,0.1858,1.7132,0,4,0,0,0,0,0,0,0,0,0,0,4,0,0,0,0,0,0,0,0,0
ubt,bintrie,5,4,storage_sstore_k4500,9,,3349,0,0,0.1788,35.3477,0.0023,0.2161,36.1398,0,4,0,0,0,0,0,0,0,0,0,0,4,0,0,0,0,0,0,0,0,0
ubt,bintrie,5,4,storage_sstore_k4500,9,,3350,0,0,0.0373,7.9078,0.0029,0.2389,8.494,0,4,0,0,0,0,0,0,0,0,0,0,4,0,0,0,0,0,0,0,0,0
ubt,bintrie,5,4,storage_sstore_k4500,9,,3351,0,0,0.0919,13.125,0.007,4.5785,18.1459,0,4,0,0,0,0,0,0,0,0,0,0,4,0,0,0,0,0,0,0,0,0
ubt,bintrie,5,4,storage_sstore_k4500,9,,3352,0,0,0.2228,73.6481,0.0137,1.2445,75.7827,0,4,0,0,0,0,0,0,0,0,0,0,4,0,0,0,0,0,0,0,0,0
ubt,bintrie,5,4,storage_sstore_k4500,9,,3353,0,0,0.1528,25.3793,0.0105,0.8271,27.1459,0,4,0,0,0,0,0,0,0,0,0,0,4,0,0,0,0,0,0,0,0,0
ubt,bintrie,5,4,storage_sstore_k4500,9,,3354,0,0,0.3214,89.9241,0.0026,0.2117,91.126,0,4,0,0,0,0,0,0,0,0,0,0,4,0,0,0,0,0,0,0,0,0
ubt,bintrie,5,4,storage_sstore_k4500,9,,3355,0,0,0.1286,5.6016,0.0076,0.3707,6.5725,0,4,0,0,0,0,0,0,0,0,0,0,4,0,0,0,0,0,0,0,0,0
ubt,bintrie,5,4,storage_sstore_k4500,9,,3356,0,0,0.429,61.5567,0.0035,0.1925,63.0037,0,4,0,0,0,0,0,0,0,0,0,0,4,0,0,0,0,0,0,0,0,0
ubt,bintrie,5,4,storage_sstore_k4500,9,,3357,0,0,0.0449,4.463,0.0047,0.2257,4.967,0,4,0,0,0,0,0,0,0,0,0,0,4,0,0,0,0,0,0,0,0,0
ubt,bintrie,5,4,storage_sstore_k4500,9,,3358,0,0,0.1642,20.8878,0.0026,0.1642,21.7391,0,4,0,0,0,0,0,0,0,0,0,0,4,0,0,0,0,0,0,0,0,0
ubt,bintrie,5,4,storage_sstore_k4500,9,,3359,0,0,0.0586,5.0857,0.0044,0.2295,5.7684,0,4,0,0,0,0,0,0,0,0,0,0,4,0,0,0,0,0,0,0,0,0
ubt,bintrie,5,4,storage_sstore_k4500,9,,3360,0,0,0.1884,31.155,0.0038,0.1782,32.0598,0,4,0,0,0,0,0,0,0,0,0,0,4,0,0,0,0,0,0,0,0,0
ubt,bintrie,5,4,storage_sstore_k4500,9,,3361,0,0,0.0729,8.9385,0.0064,0.2479,9.5775,0,4,0,0,0,0,0,0,0,0,0,0,4,0,0,0,0,0,0,0,0,0
ubt,bintrie,5,4,storage_sstore_k4500,9,,3362,0,0,0.0452,2.4146,0.0032,0.1417,2.7769,0,4,0,0,0,0,0,0,0,0,0,0,4,0,0,0,0,0,0,0,0,0
ubt,bintrie,5,4,storage_sstore_k4500,9,,3363,0,0,0.0522,8.692,0.0041,0.4159,9.357,0,4,0,0,0,0,0,0,0,0,0,0,4,0,0,0,0,0,0,0,0,0
ubt,bintrie,5,4,storage_sstore_k4500,9,,3364,87010,2,0.5081,13.1632,1.7418,9.5918,25.2679,3.4435,11,0,0,0,3,0,0,0,1,168,4,7,36.36,0,0,0,0,0,0,0,0
ubt,bintrie,5,4,storage_sstore_k4500,9,,3365,99914556,1,171.7942,556.722,574.8955,300.6349,1604.9857,62.2526,3194,3687,3188,89404,3188,0,3685,0,0,0,1578,1616,49.41,1069,2618,28.99,3188,0,100,89404,0
ubt,bintrie,5,4,storage_sstore_k4500,9,,3366,21000,1,0.068,3.8193,8.6305,0.7814,21.752,0.9654,6,0,0,0,2,0,0,0,0,0,2,4,33.33,0,0,0,0,0,0,0,0
ubt,bintrie,5,4,storage_sstore_k4500,9,,3367,0,0,0.0257,1.808,0.0015,0.1269,2.0964,0,4,0,0,0,0,0,0,0,0,0,0,4,0,0,0,0,0,0,0,0,0
ubt,bintrie,5,4,storage_sstore_k4500,9,,3368,0,0,0.1435,9.3232,0.009,0.406,10.4665,0,4,0,0,0,0,0,0,0,0,0,0,4,0,0,0,0,0,0,0,0,0
pbt,bintrie,5,4,storage_mixed_k1,10,,3712,0,0,0.0927,0.8196,0.0044,0.2841,1.5158,0,4,0,0,0,0,0,0,0,0,0,0,4,0,0,0,0,0,0,0,0,0
pbt,bintrie,5,4,storage_mixed_k1,10,,3713,0,0,0.049,0.728,0.0032,0.1872,1.2031,0,4,0,0,0,0,0,0,0,0,0,0,4,0,0,0,0,0,0,0,0,0
pbt,bintrie,5,4,storage_mixed_k1,10,,3714,0,0,0.0653,0.8706,0.0055,1.7555,8.5599,0,4,0,0,0,0,0,0,0,0,0,0,4,0,0,0,0,0,0,0,0,0
pbt,bintrie,5,4,storage_mixed_k1,10,,3715,0,0,0.0376,0.7592,0.0029,0.1161,1.087,0,4,0,0,0,0,0,0,0,0,0,0,4,0,0,0,0,0,0,0,0,0
pbt,bintrie,5,4,storage_mixed_k1,10,,3716,0,0,0.0554,0.8484,0.009,0.4909,3.861,0,4,0,0,0,0,0,0,0,0,0,0,4,0,0,0,0,0,0,0,0,0
pbt,bintrie,5,4,storage_mixed_k1,10,,3717,0,0,0.0295,0.4853,0.0015,0.1546,0.8817,0,4,0,0,0,0,0,0,0,0,0,0,4,0,0,0,0,0,0,0,0,0
pbt,bintrie,5,4,storage_mixed_k1,10,,3718,0,0,0.0951,1.9696,0.0076,0.415,2.9743,0,4,0,0,0,0,0,0,0,0,0,0,4,0,0,0,0,0,0,0,0,0
pbt,bintrie,5,4,storage_mixed_k1,10,,3719,0,0,0.0472,0.7195,0.0032,0.2406,1.2781,0,4,0,0,0,0,0,0,0,0,0,0,4,0,0,0,0,0,0,0,0,0
pbt,bintrie,5,4,storage_mixed_k1,10,,3720,0,0,0.0542,1.0097,0.0032,0.3045,1.6315,0,4,0,0,0,0,0,0,0,0,0,0,4,0,0,0,0,0,0,0,0,0
pbt,bintrie,5,4,storage_mixed_k1,10,,3721,0,0,0.0359,0.5997,0.0026,0.1627,0.9809,0,4,0,0,0,0,0,0,0,0,0,0,4,0,0,0,0,0,0,0,0,0
pbt,bintrie,5,4,storage_mixed_k1,10,,3722,0,0,0.0534,0.8219,0.0044,0.1925,1.3206,0,4,0,0,0,0,0,0,0,0,0,0,4,0,0,0,0,0,0,0,0,0
pbt,bintrie,5,4,storage_mixed_k1,10,,3723,0,0,0.0382,0.6545,0.0032,0.1864,1.0701,0,4,0,0,0,0,0,0,0,0,0,0,4,0,0,0,0,0,0,0,0,0
pbt,bintrie,5,4,storage_mixed_k1,10,,3724,0,0,0.0353,0.6454,0.0041,0.1887,1.1544,0,4,0,0,0,0,0,0,0,0,0,0,4,0,0,0,0,0,0,0,0,0
pbt,bintrie,5,4,storage_mixed_k1,10,,3725,0,0,0.1082,2.2986,0.0082,0.3395,3.462,0,4,0,0,0,0,0,0,0,0,0,0,4,0,0,0,0,0,0,0,0,0
pbt,bintrie,5,4,storage_mixed_k1,10,,3726,0,0,0.0668,1.3148,0.0038,0.3045,2.0577,0,4,0,0,0,0,0,0,0,0,0,0,4,0,0,0,0,0,0,0,0,0
pbt,bintrie,5,4,storage_mixed_k1,10,,3727,0,0,0.3395,2.0606,0.0047,0.3544,5.1037,0,4,0,0,0,0,0,0,0,0,0,0,4,0,0,0,0,0,0,0,0,0
pbt,bintrie,5,4,storage_mixed_k1,10,,3728,0,0,0.0989,1.7669,0.0032,0.8519,4.3443,0,4,0,0,0,0,0,0,0,0,0,0,4,0,0,0,0,0,0,0,0,0
pbt,bintrie,5,4,storage_mixed_k1,10,,3729,0,0,0.0513,0.8922,0.0044,0.2091,5.2052,0,4,0,0,0,0,0,0,0,0,0,0,4,0,0,0,0,0,0,0,0,0
pbt,bintrie,5,4,storage_mixed_k1,10,,3730,91730,2,0.413,16.7068,62.3912,24.8266,104.9737,0.8738,11,0,0,0,3,0,0,0,1,304,7,4,63.64,0,0,0,0,0,0,0,0
pbt,bintrie,5,4,storage_mixed_k1,10,,3731,99912333,1,1307.8883,191.6271,18.367,21.1199,1539.2548,64.9095,8,11129,2,332,3,0,1712,0,0,0,3,5,37.5,3081,8048,27.68,2,0,100,332,0
pbt,bintrie,5,4,storage_mixed_k1,10,,3732,21000,1,1.297,9.9879,12.8482,1.2929,68.1733,0.308,6,0,0,0,2,0,0,0,0,0,2,4,33.33,0,0,0,0,0,0,0,0
pbt,bintrie,5,4,storage_mixed_k1,10,,3733,0,0,0.1697,2.1326,0.0099,0.6699,3.6723,0,4,0,0,0,0,0,0,0,0,0,0,4,0,0,0,0,0,0,0,0,0
pbt,bintrie,5,4,storage_mixed_k1,10,,3734,0,0,0.0986,1.6835,0.0102,0.4328,2.7008,0,4,0,0,0,0,0,0,0,0,0,0,4,0,0,0,0,0,0,0,0,0
pbt,bintrie,5,4,storage_mixed_k1,1,,3498,0,0,0.0347,0.4156,0.0012,0.1382,0.7361,0,4,0,0,0,0,0,0,0,0,0,0,4,0,0,0,0,0,0,0,0,0
pbt,bintrie,5,4,storage_mixed_k1,1,,3499,0,0,0.14,1.8949,0.0073,0.3482,2.9116,0,4,0,0,0,0,0,0,0,0,0,0,4,0,0,0,0,0,0,0,0,0
pbt,bintrie,5,4,storage_mixed_k1,1,,3500,0,0,0.033,0.6314,0.0055,0.145,1.0596,0,4,0,0,0,0,0,0,0,0,0,0,4,0,0,0,0,0,0,0,0,0
pbt,bintrie,5,4,storage_mixed_k1,1,,3501,0,0,0.0391,0.6548,0.007,0.1143,0.9902,0,4,0,0,0,0,0,0,0,0,0,0,4,0,0,0,0,0,0,0,0,0
pbt,bintrie,5,4,storage_mixed_k1,1,,3502,0,0,0.026,0.6277,0.002,0.1283,1.0112,0,4,0,0,0,0,0,0,0,0,0,0,4,0,0,0,0,0,0,0,0,0
pbt,bintrie,5,4,storage_mixed_k1,1,,3503,0,0,0.0782,1.3151,0.007,0.3348,2.1434,0,4,0,0,0,0,0,0,0,0,0,0,4,0,0,0,0,0,0,0,0,0
pbt,bintrie,5,4,storage_mixed_k1,1,,3504,0,0,0.0484,0.9881,0.0029,0.2424,1.6686,0,4,0,0,0,0,0,0,0,0,0,0,4,0,0,0,0,0,0,0,0,0
pbt,bintrie,5,4,storage_mixed_k1,1,,3505,0,0,0.082,2.1382,0.005,0.3692,2.9811,0,4,0,0,0,0,0,0,0,0,0,0,4,0,0,0,0,0,0,0,0,0
pbt,bintrie,5,4,storage_mixed_k1,1,,3506,0,0,0.1193,1.6986,0.0061,0.343,2.6868,0,4,0,0,0,0,0,0,0,0,0,0,4,0,0,0,0,0,0,0,0,0
pbt,bintrie,5,4,storage_mixed_k1,1,,3507,0,0,0.0811,1.3478,0.0067,0.3981,2.4009,0,4,0,0,0,0,0,0,0,0,0,0,4,0,0,0,0,0,0,0,0,0
pbt,bintrie,5,4,storage_mixed_k1,1,,3508,0,0,0.0382,0.6046,0.0035,0.1598,1.0686,0,4,0,0,0,0,0,0,0,0,0,0,4,0,0,0,0,0,0,0,0,0
pbt,bintrie,5,4,storage_mixed_k1,1,,3509,0,0,0.0592,1.2401,0.0038,0.24,1.841,0,4,0,0,0,0,0,0,0,0,0,0,4,0,0,0,0,0,0,0,0,0
pbt,bintrie,5,4,storage_mixed_k1,1,,3510,0,0,0.0677,1.3489,0.0044,0.3479,2.174,0,4,0,0,0,0,0,0,0,0,0,0,4,0,0,0,0,0,0,0,0,0
pbt,bintrie,5,4,storage_mixed_k1,1,,3511,0,0,0.0394,0.6253,0.0032,0.1438,1.0596,0,4,0,0,0,0,0,0,0,0,0,0,4,0,0,0,0,0,0,0,0,0
pbt,bintrie,5,4,storage_mixed_k1,1,,3512,0,0,0.0586,1.2471,0.0058,0.287,1.988,0,4,0,0,0,0,0,0,0,0,0,0,4,0,0,0,0,0,0,0,0,0
pbt,bintrie,5,4,storage_mixed_k1,1,,3513,0,0,0.0642,0.6898,0.0026,0.1205,1.0934,0,4,0,0,0,0,0,0,0,0,0,0,4,0,0,0,0,0,0,0,0,0
pbt,bintrie,5,4,storage_mixed_k1,1,,3514,0,0,0.2225,2.5147,0.0067,0.5819,8.9881,0,4,0,0,0,0,0,0,0,0,0,0,4,0,0,0,0,0,0,0,0,0
pbt,bintrie,5,4,storage_mixed_k1,1,,3515,0,0,0.0554,0.8872,0.0047,1.2678,5.293,0,4,0,0,0,0,0,0,0,0,0,0,4,0,0,0,0,0,0,0,0,0
pbt,bintrie,5,4,storage_mixed_k1,1,,3516,91730,2,0.4104,2.7649,2.1548,21.3221,27.1906,3.3736,11,0,0,0,3,0,0,0,1,304,6,5,54.55,0,0,0,0,0,0,0,0
pbt,bintrie,5,4,storage_mixed_k1,1,,3517,99912333,1,1283.4243,216.7666,11.3499,17.8058,1529.8147,65.3101,8,11129,2,332,3,0,1712,0,0,0,3,5,37.5,2532,8597,22.75,2,0,100,332,0
pbt,bintrie,5,4,storage_mixed_k1,1,,3518,21000,1,0.3176,15.896,10.9142,0.8382,63.8498,0.3289,6,0,0,0,2,0,0,0,0,0,2,4,33.33,0,0,0,0,0,0,0,0
pbt,bintrie,5,4,storage_mixed_k1,1,,3519,0,0,0.0741,1.3268,0.0073,0.3786,2.1002,0,4,0,0,0,0,0,0,0,0,0,0,4,0,0,0,0,0,0,0,0,0
pbt,bintrie,5,4,storage_mixed_k1,1,,3520,0,0,0.0583,1.0284,0.005,0.3121,1.7036,0,4,0,0,0,0,0,0,0,0,0,0,4,0,0,0,0,0,0,0,0,0
pbt,bintrie,5,4,storage_mixed_k1,2,,3521,0,0,0.0682,0.7994,0.0038,0.2179,1.3384,0,4,0,0,0,0,0,0,0,0,0,0,4,0,0,0,0,0,0,0,0,0
pbt,bintrie,5,4,storage_mixed_k1,2,,3522,0,0,0.0519,0.7898,0.0239,0.1832,1.2807,0,4,0,0,0,0,0,0,0,0,0,0,4,0,0,0,0,0,0,0,0,0
pbt,bintrie,5,4,storage_mixed_k1,2,,3523,0,0,0.093,1.3093,0.0038,0.1356,1.8827,0,4,0,0,0,0,0,0,0,0,0,0,4,0,0,0,0,0,0,0,0,0
pbt,bintrie,5,4,storage_mixed_k1,2,,3524,0,0,0.0373,0.7732,0.0058,0.1654,1.183,0,4,0,0,0,0,0,0,0,0,0,0,4,0,0,0,0,0,0,0,0,0
pbt,bintrie,5,4,storage_mixed_k1,2,,3525,0,0,0.0286,0.5046,0.0015,0.1295,0.7927,0,4,0,0,0,0,0,0,0,0,0,0,4,0,0,0,0,0,0,0,0,0
pbt,bintrie,5,4,storage_mixed_k1,2,,3526,0,0,0.035,0.6472,0.0032,0.1129,1.0021,0,4,0,0,0,0,0,0,0,0,0,0,4,0,0,0,0,0,0,0,0,0
pbt,bintrie,5,4,storage_mixed_k1,2,,3527,0,0,0.0411,0.6726,0.0032,0.1476,1.1284,0,4,0,0,0,0,0,0,0,0,0,0,4,0,0,0,0,0,0,0,0,0
pbt,bintrie,5,4,storage_mixed_k1,2,,3528,0,0,0.0435,0.6834,0.0026,0.1913,1.1698,0,4,0,0,0,0,0,0,0,0,0,0,4,0,0,0,0,0,0,0,0,0
pbt,bintrie,5,4,storage_mixed_k1,2,,3529,0,0,0.0776,1.4122,0.0047,0.2797,2.1034,0,4,0,0,0,0,0,0,0,0,0,0,4,0,0,0,0,0,0,0,0,0
pbt,bintrie,5,4,storage_mixed_k1,2,,3530,0,0,0.0863,1.6035,0.0067,0.2905,2.3846,0,4,0,0,0,0,0,0,0,0,0,0,4,0,0,0,0,0,0,0,0,0
pbt,bintrie,5,4,storage_mixed_k1,2,,3531,0,0,0.0892,1.5359,0.007,0.3071,2.4111,0,4,0,0,0,0,0,0,0,0,0,0,4,0,0,0,0,0,0,0,0,0
pbt,bintrie,5,4,storage_mixed_k1,2,,3532,0,0,0.0849,1.4533,0.0076,0.3905,2.4039,0,4,0,0,0,0,0,0,0,0,0,0,4,0,0,0,0,0,0,0,0,0
pbt,bintrie,5,4,storage_mixed_k1,2,,3533,0,0,0.0822,1.9597,0.0058,0.4357,2.9659,0,4,0,0,0,0,0,0,0,0,0,0,4,0,0,0,0,0,0,0,0,0
pbt,bintrie,5,4,storage_mixed_k1,2,,3534,0,0,0.0674,1.2824,0.0035,0.336,2.041,0,4,0,0,0,0,0,0,0,0,0,0,4,0,0,0,0,0,0,0,0,0
pbt,bintrie,5,4,storage_mixed_k1,2,,3535,0,0,0.0855,2.1183,0.0053,0.331,3.0018,0,4,0,0,0,0,0,0,0,0,0,0,4,0,0,0,0,0,0,0,0,0
pbt,bintrie,5,4,storage_mixed_k1,2,,3536,0,0,0.0618,1.1556,0.0026,0.3185,2.0069,0,4,0,0,0,0,0,0,0,0,0,0,4,0,0,0,0,0,0,0,0,0
pbt,bintrie,5,4,storage_mixed_k1,2,,3537,0,0,0.0344,0.6848,0.0088,0.2024,1.171,0,4,0,0,0,0,0,0,0,0,0,0,4,0,0,0,0,0,0,0,0,0
pbt,bintrie,5,4,storage_mixed_k1,2,,3538,0,0,0.0394,1.5755,0.007,0.4766,7.5563,0,4,0,0,0,0,0,0,0,0,0,0,4,0,0,0,0,0,0,0,0,0
pbt,bintrie,5,4,storage_mixed_k1,2,,3539,0,0,0.1277,2.046,0.0058,0.4314,3.317,0,4,0,0,0,0,0,0,0,0,0,0,4,0,0,0,0,0,0,0,0,0
pbt,bintrie,5,4,storage_mixed_k1,2,,3540,91730,2,1.3711,2.4648,52.4144,19.7168,78.8119,1.1639,11,0,0,0,3,0,0,0,1,304,4,7,36.36,0,0,0,0,0,0,0,0
pbt,bintrie,5,4,storage_mixed_k1,2,,3541,0,0,0.0986,2.0577,0.0108,0.4684,3.2581,0,4,0,0,0,0,0,0,0,0,0,0,4,0,0,0,0,0,0,0,0,0
pbt,bintrie,5,4,storage_mixed_k1,2,,3542,99912333,1,1417.2107,241.0281,17.2496,12.0315,1687.8597,59.1947,8,11129,2,332,3,0,1712,0,0,0,1,7,12.5,2301,8828,20.68,2,0,100,332,0
pbt,bintrie,5,4,storage_mixed_k1,2,,3543,21000,1,0.3293,0.9771,14.5001,0.8441,16.8783,1.2442,6,0,0,0,2,0,0,0,0,0,0,6,0,0,0,0,0,0,0,0,0
pbt,bintrie,5,4,storage_mixed_k1,2,,3544,0,0,0.0493,0.9741,0.0044,0.191,1.5318,0,4,0,0,0,0,0,0,0,0,0,0,4,0,0,0,0,0,0,0,0,0
pbt,bintrie,5,4,storage_mixed_k1,2,,3545,0,0,0.1312,1.9037,0.0067,0.5294,3.1097,0,4,0,0,0,0,0,0,0,0,0,0,4,0,0,0,0,0,0,0,0,0
pbt,bintrie,5,4,storage_mixed_k1,3,,3547,0,0,0.0659,0.7641,0.0038,0.2053,1.2979,0,4,0,0,0,0,0,0,0,0,0,0,4,0,0,0,0,0,0,0,0,0
pbt,bintrie,5,4,storage_mixed_k1,3,,3548,0,0,0.0376,0.6863,0.0041,0.1791,1.1655,0,4,0,0,0,0,0,0,0,0,0,0,4,0,0,0,0,0,0,0,0,0
pbt,bintrie,5,4,storage_mixed_k1,3,,3549,0,0,0.0575,0.8826,0.0047,1.5499,4.8765,0,4,0,0,0,0,0,0,0,0,0,0,4,0,0,0,0,0,0,0,0,0
pbt,bintrie,5,4,storage_mixed_k1,3,,3550,0,0,0.0356,0.6787,0.0029,0.1473,1.0514,0,4,0,0,0,0,0,0,0,0,0,0,4,0,0,0,0,0,0,0,0,0
pbt,bintrie,5,4,storage_mixed_k1,3,,3551,0,0,0.0601,0.8642,0.019,3.7738,14.3237,0,4,0,0,0,0,0,0,0,0,0,0,4,0,0,0,0,0,0,0,0,0
pbt,bintrie,5,4,storage_mixed_k1,3,,3552,0,0,0.0799,1.2813,0.0035,0.3162,2.0854,0,4,0,0,0,0,0,0,0,0,0,0,4,0,0,0,0,0,0,0,0,0
pbt,bintrie,5,4,storage_mixed_k1,3,,3553,0,0,0.0385,0.6224,0.0026,0.2056,1.066,0,4,0,0,0,0,0,0,0,0,0,0,4,0,0,0,0,0,0,0,0,0
pbt,bintrie,5,4,storage_mixed_k1,3,,3554,0,0,0.0388,0.6037,0.0023,0.2467,1.1068,0,4,0,0,0,0,0,0,0,0,0,0,4,0,0,0,0,0,0,0,0,0
pbt,bintrie,5,4,storage_mixed_k1,3,,3555,0,0,0.0408,0.6408,0.0032,0.187,1.0937,0,4,0,0,0,0,0,0,0,0,0,0,4,0,0,0,0,0,0,0,0,0
pbt,bintrie,5,4,storage_mixed_k1,3,,3556,0,0,0.0376,0.6034,0.0041,0.1969,1.0284,0,4,0,0,0,0,0,0,0,0,0,0,4,0,0,0,0,0,0,0,0,0
pbt,bintrie,5,4,storage_mixed_k1,3,,3557,0,0,0.0852,1.4682,0.009,0.3996,2.4654,0,4,0,0,0,0,0,0,0,0,0,0,4,0,0,0,0,0,0,0,0,0
pbt,bintrie,5,4,storage_mixed_k1,3,,3558,0,0,0.0787,1.4793,0.0044,0.3544,2.2761,0,4,0,0,0,0,0,0,0,0,0,0,4,0,0,0,0,0,0,0,0,0
pbt,bintrie,5,4,storage_mixed_k1,3,,3559,0,0,0.0805,1.4959,0.007,0.2955,2.1816,0,4,0,0,0,0,0,0,0,0,0,0,4,0,0,0,0,0,0,0,0,0
pbt,bintrie,5,4,storage_mixed_k1,3,,3560,0,0,0.0694,1.5306,0.0038,0.3757,2.2959,0,4,0,0,0,0,0,0,0,0,0,0,4,0,0,0,0,0,0,0,0,0
pbt,bintrie,5,4,storage_mixed_k1,3,,3561,0,0,0.1397,2.2601,0.0073,0.6043,3.5556,0,4,0,0,0,0,0,0,0,0,0,0,4,0,0,0,0,0,0,0,0,0
pbt,bintrie,5,4,storage_mixed_k1,3,,3562,0,0,0.0432,0.7939,0.0026,2.587,3.646,0,4,0,0,0,0,0,0,0,0,0,0,4,0,0,0,0,0,0,0,0,0
pbt,bintrie,5,4,storage_mixed_k1,3,,3563,0,0,0.103,1.0427,0.0041,0.8563,5.3799,0,4,0,0,0,0,0,0,0,0,0,0,4,0,0,0,0,0,0,0,0,0
pbt,bintrie,5,4,storage_mixed_k1,3,,3564,0,0,0.0586,1.2953,0.0038,0.2858,1.9926,0,4,0,0,0,0,0,0,0,0,0,0,4,0,0,0,0,0,0,0,0,0
pbt,bintrie,5,4,storage_mixed_k1,3,,3565,91730,2,0.812,24.2159,16.253,19.1439,68.3168,1.3427,11,0,0,0,3,0,0,0,1,304,5,6,45.45,0,0,0,0,0,0,0,0
pbt,bintrie,5,4,storage_mixed_k1,3,,3566,99912333,1,1313.6993,177.4548,7.4286,8.7515,1507.6139,66.2718,8,11129,2,332,3,0,1712,0,0,0,2,6,25,3157,7972,28.37,2,0,100,332,0
pbt,bintrie,5,4,storage_mixed_k1,3,,3567,21000,1,0.7767,3.1447,58.1079,0.9176,63.8086,0.3291,6,0,0,0,2,0,0,0,0,0,0,6,0,0,0,0,0,0,0,0,0
pbt,bintrie,5,4,storage_mixed_k1,3,,3568,0,0,0.0487,0.87,0.0044,0.2295,1.5131,0,4,0,0,0,0,0,0,0,0,0,0,4,0,0,0,0,0,0,0,0,0
pbt,bintrie,5,4,storage_mixed_k1,3,,3569,0,0,0.1668,2.0708,0.0096,0.4602,3.3914,0,4,0,0,0,0,0,0,0,0,0,0,4,0,0,0,0,0,0,0,0,0
pbt,bintrie,5,4,storage_mixed_k1,4,,3570,0,0,0.0575,0.6574,0.0029,0.1829,1.1567,0,4,0,0,0,0,0,0,0,0,0,0,4,0,0,0,0,0,0,0,0,0
pbt,bintrie,5,4,storage_mixed_k1,4,,3571,0,0,0.037,0.4494,0.0009,0.1374,0.8347,0,4,0,0,0,0,0,0,0,0,0,0,4,0,0,0,0,0,0,0,0,0
pbt,bintrie,5,4,storage_mixed_k1,4,,3572,0,0,0.0437,0.7221,0.0018,0.1587,1.0823,0,4,0,0,0,0,0,0,0,0,0,0,4,0,0,0,0,0,0,0,0,0
pbt,bintrie,5,4,storage_mixed_k1,4,,3573,0,0,0.0814,1.6333,0.0079,0.511,2.7699,0,4,0,0,0,0,0,0,0,0,0,0,4,0,0,0,0,0,0,0,0,0
pbt,bintrie,5,4,storage_mixed_k1,4,,3574,0,0,0.033,0.6195,0.0026,0.2024,1.1141,0,4,0,0,0,0,0,0,0,0,0,0,4,0,0,0,0,0,0,0,0,0
pbt,bintrie,5,4,storage_mixed_k1,4,,3575,0,0,0.3794,1.6158,0.0052,0.3284,2.797,0,4,0,0,0,0,0,0,0,0,0,0,4,0,0,0,0,0,0,0,0,0
pbt,bintrie,5,4,storage_mixed_k1,4,,3576,0,0,0.1181,1.824,0.0085,0.4072,3.0338,0,4,0,0,0,0,0,0,0,0,0,0,4,0,0,0,0,0,0,0,0,0
pbt,bintrie,5,4,storage_mixed_k1,4,,3577,0,0,0.0843,1.9095,0.0053,0.4457,2.9259,0,4,0,0,0,0,0,0,0,0,0,0,4,0,0,0,0,0,0,0,0,0
pbt,bintrie,5,4,storage_mixed_k1,4,,3578,0,0,0.0866,1.8967,0.0061,0.4532,2.8355,0,4,0,0,0,0,0,0,0,0,0,0,4,0,0,0,0,0,0,0,0,0
pbt,bintrie,5,4,storage_mixed_k1,4,,3579,0,0,0.037,0.5976,0.0032,0.2368,1.0672,0,4,0,0,0,0,0,0,0,0,0,0,4,0,0,0,0,0,0,0,0,0
pbt,bintrie,5,4,storage_mixed_k1,4,,3580,0,0,0.0942,2.0416,0.012,0.4597,3.1899,0,4,0,0,0,0,0,0,0,0,0,0,4,0,0,0,0,0,0,0,0,0
pbt,bintrie,5,4,storage_mixed_k1,4,,3581,0,0,0.0402,0.6609,0.0032,0.1922,1.1366,0,4,0,0,0,0,0,0,0,0,0,0,4,0,0,0,0,0,0,0,0,0
pbt,bintrie,5,4,storage_mixed_k1,4,,3582,0,0,0.0875,1.4793,0.0055,0.2914,2.2811,0,4,0,0,0,0,0,0,0,0,0,0,4,0,0,0,0,0,0,0,0,0
pbt,bintrie,5,4,storage_mixed_k1,4,,3583,0,0,0.0887,1.4755,0.007,0.3832,2.3887,0,4,0,0,0,0,0,0,0,0,0,0,4,0,0,0,0,0,0,0,0,0
pbt,bintrie,5,4,storage_mixed_k1,4,,3584,0,0,0.1455,1.9217,0.0076,0.4206,2.9773,0,4,0,0,0,0,0,0,0,0,0,0,4,0,0,0,0,0,0,0,0,0
pbt,bintrie,5,4,storage_mixed_k1,4,,3585,0,0,0.0373,0.6142,0.002,0.154,0.9779,0,4,0,0,0,0,0,0,0,0,0,0,4,0,0,0,0,0,0,0,0,0
pbt,bintrie,5,4,storage_mixed_k1,4,,3586,0,0,0.0338,0.6446,0.0023,0.2284,1.1039,0,4,0,0,0,0,0,0,0,0,0,0,4,0,0,0,0,0,0,0,0,0
pbt,bintrie,5,4,storage_mixed_k1,4,,3587,0,0,0.028,0.5448,0.0018,0.1791,0.9316,0,4,0,0,0,0,0,0,0,0,0,0,4,0,0,0,0,0,0,0,0,0
pbt,bintrie,5,4,storage_mixed_k1,4,,3588,91730,2,1.5995,19.0456,71.9503,6.5346,100.0286,0.917,11,0,0,0,3,0,0,0,1,304,4,7,36.36,0,0,0,0,0,0,0,0
pbt,bintrie,5,4,storage_mixed_k1,4,,3589,99912333,1,1234.7751,255.7581,34.5138,21.6376,1548.3036,64.5302,8,11129,2,332,3,0,1712,0,0,0,0,8,0,1505,9624,13.52,2,0,100,332,0
pbt,bintrie,5,4,storage_mixed_k1,4,,3590,21000,1,0.105,0.9846,21.332,1.4017,26.2219,0.8009,6,0,0,0,2,0,0,0,0,0,2,4,33.33,0,0,0,0,0,0,0,0
pbt,bintrie,5,4,storage_mixed_k1,4,,3591,0,0,0.2698,2.1688,0.0093,0.4783,3.989,0,4,0,0,0,0,0,0,0,0,0,0,4,0,0,0,0,0,0,0,0,0
pbt,bintrie,5,4,storage_mixed_k1,4,,3592,0,0,0.1123,1.6724,0.0096,0.6361,3.2421,0,4,0,0,0,0,0,0,0,0,0,0,4,0,0,0,0,0,0,0,0,0
pbt,bintrie,5,4,storage_mixed_k1,5,,3593,0,0,0.0484,0.534,0.0018,0.2088,0.9963,0,4,0,0,0,0,0,0,0,0,0,0,4,0,0,0,0,0,0,0,0,0
pbt,bintrie,5,4,storage_mixed_k1,5,,3594,0,0,0.0668,1.5239,0.0067,0.338,2.4246,0,4,0,0,0,0,0,0,0,0,0,0,4,0,0,0,0,0,0,0,0,0
pbt,bintrie,5,4,storage_mixed_k1,5,,3595,0,0,0.0589,1.003,0.007,0.7446,8.3805,0,4,0,0,0,0,0,0,0,0,0,0,4,0,0,0,0,0,0,0,0,0
pbt,bintrie,5,4,storage_mixed_k1,5,,3596,0,0,0.0545,0.9342,0.0044,0.8636,5.4313,0,4,0,0,0,0,0,0,0,0,0,0,4,0,0,0,0,0,0,0,0,0
pbt,bintrie,5,4,storage_mixed_k1,5,,3597,0,0,0.0265,0.7064,0.0023,0.1458,1.1176,0,4,0,0,0,0,0,0,0,0,0,0,4,0,0,0,0,0,0,0,0,0
pbt,bintrie,5,4,storage_mixed_k1,5,,3598,0,0,0.0464,0.6536,0.0029,0.1907,1.106,0,4,0,0,0,0,0,0,0,0,0,0,4,0,0,0,0,0,0,0,0,0
pbt,bintrie,5,4,storage_mixed_k1,5,,3599,0,0,0.0367,0.5754,0.0041,0.2115,1.0762,0,4,0,0,0,0,0,0,0,0,0,0,4,0,0,0,0,0,0,0,0,0
pbt,bintrie,5,4,storage_mixed_k1,5,,3600,0,0,0.0551,0.9989,0.0041,0.2482,1.619,0,4,0,0,0,0,0,0,0,0,0,0,4,0,0,0,0,0,0,0,0,0
pbt,bintrie,5,4,storage_mixed_k1,5,,3601,0,0,0.0989,2.8072,0.007,0.5746,4.2089,0,4,0,0,0,0,0,0,0,0,0,0,4,0,0,0,0,0,0,0,0,0
pbt,bintrie,5,4,storage_mixed_k1,5,,3602,0,0,0.0913,1.5414,0.0079,0.2759,2.2117,0,4,0,0,0,0,0,0,0,0,0,0,4,0,0,0,0,0,0,0,0,0
pbt,bintrie,5,4,storage_mixed_k1,5,,3603,0,0,0.1085,2.4855,0.0079,0.6761,3.8021,0,4,0,0,0,0,0,0,0,0,0,0,4,0,0,0,0,0,0,0,0,0
pbt,bintrie,5,4,storage_mixed_k1,5,,3604,0,0,0.0402,0.6904,0.0044,0.1934,1.1293,0,4,0,0,0,0,0,0,0,0,0,0,4,0,0,0,0,0,0,0,0,0
pbt,bintrie,5,4,storage_mixed_k1,5,,3605,0,0,0.1003,1.8894,0.0064,0.3255,2.8367,0,4,0,0,0,0,0,0,0,0,0,0,4,0,0,0,0,0,0,0,0,0
pbt,bintrie,5,4,storage_mixed_k1,5,,3606,0,0,0.1129,1.978,0.007,0.3191,2.8623,0,4,0,0,0,0,0,0,0,0,0,0,4,0,0,0,0,0,0,0,0,0
pbt,bintrie,5,4,storage_mixed_k1,5,,3607,0,0,0.0563,0.8639,0.0032,0.1703,1.3609,0,4,0,0,0,0,0,0,0,0,0,0,4,0,0,0,0,0,0,0,0,0
pbt,bintrie,5,4,storage_mixed_k1,5,,3608,0,0,0.0773,1.0115,0.0047,2.3149,7.5131,0,4,0,0,0,0,0,0,0,0,0,0,4,0,0,0,0,0,0,0,0,0
pbt,bintrie,5,4,storage_mixed_k1,5,,3609,0,0,0.0528,0.8458,0.0041,0.5649,2.6655,0,4,0,0,0,0,0,0,0,0,0,0,4,0,0,0,0,0,0,0,0,0
pbt,bintrie,5,4,storage_mixed_k1,5,,3610,0,0,0.1517,2.6176,0.0096,0.5731,8.4298,0,4,0,0,0,0,0,0,0,0,0,0,4,0,0,0,0,0,0,0,0,0
pbt,bintrie,5,4,storage_mixed_k1,5,,3611,91730,2,0.7612,39.7902,2.6608,6.8435,50.3836,1.8206,11,0,0,0,3,0,0,0,1,304,4,7,36.36,0,0,0,0,0,0,0,0
pbt,bintrie,5,4,storage_mixed_k1,5,,3612,99912333,1,1372.4023,160.7951,9.2616,27.6443,1570.4242,63.6212,8,11129,2,332,3,0,1712,0,0,0,1,7,12.5,6523,4606,58.61,2,0,100,332,0
pbt,bintrie,5,4,storage_mixed_k1,5,,3613,21000,1,0.4422,3.4252,65.81,1.3941,74.0053,0.2838,6,0,0,0,2,0,0,0,0,0,0,6,0,0,0,0,0,0,0,0,0
pbt,bintrie,5,4,storage_mixed_k1,5,,3614,0,0,0.1423,1.9739,0.0093,0.4433,3.1773,0,4,0,0,0,0,0,0,0,0,0,0,4,0,0,0,0,0,0,0,0,0
pbt,bintrie,5,4,storage_mixed_k1,5,,3615,0,0,0.0843,1.7733,0.0047,0.4086,2.8271,0,4,0,0,0,0,0,0,0,0,0,0,4,0,0,0,0,0,0,0,0,0
pbt,bintrie,5,4,storage_mixed_k1,6,,3616,0,0,0.0464,0.5696,0.0023,0.1753,0.9806,0,4,0,0,0,0,0,0,0,0,0,0,4,0,0,0,0,0,0,0,0,0
pbt,bintrie,5,4,storage_mixed_k1,6,,3617,0,0,0.0347,0.4503,0.0026,0.2275,0.9272,0,4,0,0,0,0,0,0,0,0,0,0,4,0,0,0,0,0,0,0,0,0
pbt,bintrie,5,4,storage_mixed_k1,6,,3618,0,0,0.0257,0.525,0.0015,0.1222,0.8374,0,4,0,0,0,0,0,0,0,0,0,0,4,0,0,0,0,0,0,0,0,0
pbt,bintrie,5,4,storage_mixed_k1,6,,3619,0,0,0.0283,0.5857,0.002,0.0983,0.8779,0,4,0,0,0,0,0,0,0,0,0,0,4,0,0,0,0,0,0,0,0,0
pbt,bintrie,5,4,storage_mixed_k1,6,,3620,0,0,0.0507,0.8213,0.0041,0.7391,3.0913,0,4,0,0,0,0,0,0,0,0,0,0,4,0,0,0,0,0,0,0,0,0
pbt,bintrie,5,4,storage_mixed_k1,6,,3621,0,0,0.086,1.535,0.0061,0.2899,2.3003,0,4,0,0,0,0,0,0,0,0,0,0,4,0,0,0,0,0,0,0,0,0
pbt,bintrie,5,4,storage_mixed_k1,6,,3622,0,0,0.0936,1.4988,0.0079,0.3272,2.4645,0,4,0,0,0,0,0,0,0,0,0,0,4,0,0,0,0,0,0,0,0,0
pbt,bintrie,5,4,storage_mixed_k1,6,,3623,0,0,0.0793,1.554,0.0076,0.301,2.3461,0,4,0,0,0,0,0,0,0,0,0,0,4,0,0,0,0,0,0,0,0,0
pbt,bintrie,5,4,storage_mixed_k1,6,,3624,0,0,0.091,2.2055,0.0058,0.6128,3.4993,0,4,0,0,0,0,0,0,0,0,0,0,4,0,0,0,0,0,0,0,0,0
pbt,bintrie,5,4,storage_mixed_k1,6,,3625,0,0,0.0782,1.7675,0.0038,0.6288,2.8413,0,4,0,0,0,0,0,0,0,0,0,0,4,0,0,0,0,0,0,0,0,0
pbt,bintrie,5,4,storage_mixed_k1,6,,3626,0,0,0.0385,0.6527,0.0044,0.1514,1.0602,0,4,0,0,0,0,0,0,0,0,0,0,4,0,0,0,0,0,0,0,0,0
pbt,bintrie,5,4,storage_mixed_k1,6,,3627,0,0,0.0382,0.6096,0.0026,0.1916,1.071,0,4,0,0,0,0,0,0,0,0,0,0,4,0,0,0,0,0,0,0,0,0
pbt,bintrie,5,4,storage_mixed_k1,6,,3628,0,0,0.035,0.6285,0.0032,0.191,1.1398,0,4,0,0,0,0,0,0,0,0,0,0,4,0,0,0,0,0,0,0,0,0
pbt,bintrie,5,4,storage_mixed_k1,6,,3629,0,0,0.0866,1.5257,0.0093,0.4343,2.6168,0,4,0,0,0,0,0,0,0,0,0,0,4,0,0,0,0,0,0,0,0,0
pbt,bintrie,5,4,storage_mixed_k1,6,,3630,0,0,0.0426,0.6933,0.0026,0.1998,1.185,0,4,0,0,0,0,0,0,0,0,0,0,4,0,0,0,0,0,0,0,0,0
pbt,bintrie,5,4,storage_mixed_k1,6,,3631,0,0,0.1213,1.7109,0.0041,0.327,5.8647,0,4,0,0,0,0,0,0,0,0,0,0,4,0,0,0,0,0,0,0,0,0
pbt,bintrie,5,4,storage_mixed_k1,6,,3632,0,0,0.0814,0.9386,0.0076,0.2301,9.5271,0,4,0,0,0,0,0,0,0,0,0,0,4,0,0,0,0,0,0,0,0,0
pbt,bintrie,5,4,storage_mixed_k1,6,,3633,0,0,0.023,0.5183,0.0038,0.096,0.7688,0,4,0,0,0,0,0,0,0,0,0,0,4,0,0,0,0,0,0,0,0,0
pbt,bintrie,5,4,storage_mixed_k1,6,,3634,91730,2,0.3838,2.5147,25.5523,38.0715,67.1026,1.367,11,0,0,0,3,0,0,0,1,304,6,5,54.55,0,0,0,0,0,0,0,0
pbt,bintrie,5,4,storage_mixed_k1,6,,3635,99912333,1,1242.6432,199.4693,10.2865,11.3178,1464.145,68.2394,8,11129,2,332,3,0,1712,0,0,0,1,7,12.5,2729,8400,24.52,2,0,100,332,0
pbt,bintrie,5,4,storage_mixed_k1,6,,3636,21000,1,0.3173,0.9668,34.1475,0.8954,36.5461,0.5746,6,0,0,0,2,0,0,0,0,0,0,6,0,0,0,0,0,0,0,0,0
pbt,bintrie,5,4,storage_mixed_k1,6,,3637,0,0,0.1534,1.9777,0.0102,0.562,3.2564,0,4,0,0,0,0,0,0,0,0,0,0,4,0,0,0,0,0,0,0,0,0
pbt,bintrie,5,4,storage_mixed_k1,6,,3638,0,0,0.0353,0.4591,0.0029,0.1616,0.8907,0,4,0,0,0,0,0,0,0,0,0,0,4,0,0,0,0,0,0,0,0,0
pbt,bintrie,5,4,storage_mixed_k1,7,,3639,0,0,0.0706,0.8216,0.0047,0.2882,1.4851,0,4,0,0,0,0,0,0,0,0,0,0,4,0,0,0,0,0,0,0,0,0
pbt,bintrie,5,4,storage_mixed_k1,7,,3640,0,0,0.0408,0.6469,0.0018,0.1697,1.1331,0,4,0,0,0,0,0,0,0,0,0,0,4,0,0,0,0,0,0,0,0,0
pbt,bintrie,5,4,storage_mixed_k1,7,,3641,0,0,0.1199,2.0416,0.0076,0.6985,5.9137,0,4,0,0,0,0,0,0,0,0,0,0,4,0,0,0,0,0,0,0,0,0
pbt,bintrie,5,4,storage_mixed_k1,7,,3642,0,0,0.0948,2.9291,0.0058,0.2768,4.1655,0,4,0,0,0,0,0,0,0,0,0,0,4,0,0,0,0,0,0,0,0,0
pbt,bintrie,5,4,storage_mixed_k1,7,,3643,0,0,0.1336,2.3228,0.0047,2.067,5.8352,0,4,0,0,0,0,0,0,0,0,0,0,4,0,0,0,0,0,0,0,0,0
pbt,bintrie,5,4,storage_mixed_k1,7,,3644,0,0,0.035,0.637,0.0035,0.1502,1.0523,0,4,0,0,0,0,0,0,0,0,0,0,4,0,0,0,0,0,0,0,0,0
pbt,bintrie,5,4,storage_mixed_k1,7,,3645,0,0,0.0895,1.428,0.0053,0.3579,2.3549,0,4,0,0,0,0,0,0,0,0,0,0,4,0,0,0,0,0,0,0,0,0
pbt,bintrie,5,4,storage_mixed_k1,7,,3646,0,0,0.0895,2.2321,0.0061,0.4702,3.3634,0,4,0,0,0,0,0,0,0,0,0,0,4,0,0,0,0,0,0,0,0,0
pbt,bintrie,5,4,storage_mixed_k1,7,,3647,0,0,0.0831,1.8095,0.005,0.4247,2.7273,0,4,0,0,0,0,0,0,0,0,0,0,4,0,0,0,0,0,0,0,0,0
pbt,bintrie,5,4,storage_mixed_k1,7,,3648,0,0,0.0849,1.3285,0.0055,0.31,2.1635,0,4,0,0,0,0,0,0,0,0,0,0,4,0,0,0,0,0,0,0,0,0
pbt,bintrie,5,4,storage_mixed_k1,7,,3649,0,0,0.056,0.8216,0.0047,0.3039,1.4402,0,4,0,0,0,0,0,0,0,0,0,0,4,0,0,0,0,0,0,0,0,0
pbt,bintrie,5,4,storage_mixed_k1,7,,3650,0,0,0.0983,2.0136,0.0058,0.4179,3.0732,0,4,0,0,0,0,0,0,0,0,0,0,4,0,0,0,0,0,0,0,0,0
pbt,bintrie,5,4,storage_mixed_k1,7,,3651,0,0,0.0852,1.4822,0.0073,0.3258,2.3131,0,4,0,0,0,0,0,0,0,0,0,0,4,0,0,0,0,0,0,0,0,0
pbt,bintrie,5,4,storage_mixed_k1,7,,3652,0,0,0.0907,1.5265,0.007,0.4751,2.4272,0,4,0,0,0,0,0,0,0,0,0,0,4,0,0,0,0,0,0,0,0,0
pbt,bintrie,5,4,storage_mixed_k1,7,,3653,0,0,0.1312,1.7721,0.0105,0.4037,2.8868,0,4,0,0,0,0,0,0,0,0,0,0,4,0,0,0,0,0,0,0,0,0
pbt,bintrie,5,4,storage_mixed_k1,7,,3654,0,0,0.0338,0.6093,0.002,0.1181,0.9144,0,4,0,0,0,0,0,0,0,0,0,0,4,0,0,0,0,0,0,0,0,0
pbt,bintrie,5,4,storage_mixed_k1,7,,3655,0,0,0.0251,0.583,0.002,0.1794,0.9864,0,4,0,0,0,0,0,0,0,0,0,0,4,0,0,0,0,0,0,0,0,0
pbt,bintrie,5,4,storage_mixed_k1,7,,3656,0,0,0.0446,0.7997,0.0044,0.2698,3.1505,0,4,0,0,0,0,0,0,0,0,0,0,4,0,0,0,0,0,0,0,0,0
pbt,bintrie,5,4,storage_mixed_k1,7,,3657,91730,2,0.5553,13.9731,80.4886,29.0326,124.766,0.7352,11,0,0,0,3,0,0,0,1,304,7,4,63.64,0,0,0,0,0,0,0,0
pbt,bintrie,5,4,storage_mixed_k1,7,,3658,99912333,1,1245.4358,189.2298,11.7247,12.0762,1461.6196,68.3573,8,11129,2,332,3,0,1712,0,0,0,0,8,0,3907,7222,35.11,2,0,100,332,0
pbt,bintrie,5,4,storage_mixed_k1,7,,3659,0,0,0.0755,1.3877,0.0061,0.4127,2.3849,0,4,0,0,0,0,0,0,0,0,0,0,4,0,0,0,0,0,0,0,0,0
pbt,bintrie,5,4,storage_mixed_k1,7,,3660,21000,1,0.2427,1.9532,13.766,1.4487,17.7979,1.1799,6,0,0,0,2,0,0,0,0,0,2,4,33.33,0,0,0,0,0,0,0,0
pbt,bintrie,5,4,storage_mixed_k1,7,,3661,0,0,0.1307,1.9614,0.0076,0.4982,3.282,0,4,0,0,0,0,0,0,0,0,0,0,4,0,0,0,0,0,0,0,0,0
pbt,bintrie,5,4,storage_mixed_k1,7,,3662,0,0,0.1175,1.992,0.0093,0.4477,3.2762,0,4,0,0,0,0,0,0,0,0,0,0,4,0,0,0,0,0,0,0,0,0
pbt,bintrie,5,4,storage_mixed_k1,8,,3664,0,0,0.1283,1.4927,0.0044,0.3964,2.494,0,4,0,0,0,0,0,0,0,0,0,0,4,0,0,0,0,0,0,0,0,0
pbt,bintrie,5,4,storage_mixed_k1,8,,3665,0,0,0.089,1.4078,0.0073,0.3115,2.3519,0,4,0,0,0,0,0,0,0,0,0,0,4,0,0,0,0,0,0,0,0,0
pbt,bintrie,5,4,storage_mixed_k1,8,,3666,0,0,0.049,0.9607,0.0038,0.3657,2.1924,0,4,0,0,0,0,0,0,0,0,0,0,4,0,0,0,0,0,0,0,0,0
pbt,bintrie,5,4,storage_mixed_k1,8,,3667,0,0,0.0429,0.7659,0.0029,0.1406,1.2641,0,4,0,0,0,0,0,0,0,0,0,0,4,0,0,0,0,0,0,0,0,0
pbt,bintrie,5,4,storage_mixed_k1,8,,3668,0,0,0.0359,0.6685,0.0029,0.1216,1.0284,0,4,0,0,0,0,0,0,0,0,0,0,4,0,0,0,0,0,0,0,0,0
pbt,bintrie,5,4,storage_mixed_k1,8,,3669,0,0,0.0796,1.5073,0.0044,0.2838,2.3347,0,4,0,0,0,0,0,0,0,0,0,0,4,0,0,0,0,0,0,0,0,0
pbt,bintrie,5,4,storage_mixed_k1,8,,3670,0,0,0.0388,0.7055,0.002,0.2047,1.1908,0,4,0,0,0,0,0,0,0,0,0,0,4,0,0,0,0,0,0,0,0,0
pbt,bintrie,5,4,storage_mixed_k1,8,,3671,0,0,0.091,2.0087,0.0058,0.4422,3.0467,0,4,0,0,0,0,0,0,0,0,0,0,4,0,0,0,0,0,0,0,0,0
pbt,bintrie,5,4,storage_mixed_k1,8,,3672,0,0,0.0458,0.9718,0.002,0.3141,1.619,0,4,0,0,0,0,0,0,0,0,0,0,4,0,0,0,0,0,0,0,0,0
pbt,bintrie,5,4,storage_mixed_k1,8,,3673,0,0,0.0776,1.7718,0.0041,0.4801,2.881,0,4,0,0,0,0,0,0,0,0,0,0,4,0,0,0,0,0,0,0,0,0
pbt,bintrie,5,4,storage_mixed_k1,8,,3674,0,0,0.0516,0.847,0.0055,0.2532,1.4962,0,4,0,0,0,0,0,0,0,0,0,0,4,0,0,0,0,0,0,0,0,0
pbt,bintrie,5,4,storage_mixed_k1,8,,3675,0,0,0.0391,0.6892,0.0041,0.17,1.1456,0,4,0,0,0,0,0,0,0,0,0,0,4,0,0,0,0,0,0,0,0,0
pbt,bintrie,5,4,storage_mixed_k1,8,,3676,0,0,0.0825,1.4668,0.0052,0.4206,2.3298,0,4,0,0,0,0,0,0,0,0,0,0,4,0,0,0,0,0,0,0,0,0
pbt,bintrie,5,4,storage_mixed_k1,8,,3677,0,0,0.0787,1.8972,0.0041,0.3535,2.8498,0,4,0,0,0,0,0,0,0,0,0,0,4,0,0,0,0,0,0,0,0,0
pbt,bintrie,5,4,storage_mixed_k1,8,,3678,0,0,0.0857,2.2639,0.0076,0.4115,3.2508,0,4,0,0,0,0,0,0,0,0,0,0,4,0,0,0,0,0,0,0,0,0
pbt,bintrie,5,4,storage_mixed_k1,8,,3679,0,0,0.0321,0.7219,0.0018,0.1385,1.0252,0,4,0,0,0,0,0,0,0,0,0,0,4,0,0,0,0,0,0,0,0,0
pbt,bintrie,5,4,storage_mixed_k1,8,,3680,0,0,0.0464,0.8219,0.0035,0.8032,3.0875,0,4,0,0,0,0,0,0,0,0,0,0,4,0,0,0,0,0,0,0,0,0
pbt,bintrie,5,4,storage_mixed_k1,8,,3681,0,0,0.0292,0.5746,0.0015,0.1117,0.8607,0,4,0,0,0,0,0,0,0,0,0,0,4,0,0,0,0,0,0,0,0,0
pbt,bintrie,5,4,storage_mixed_k1,8,,3682,91730,2,0.4077,2.7183,28.9039,49.188,82.0515,1.118,11,0,0,0,3,0,0,0,1,304,7,4,63.64,0,0,0,0,0,0,0,0
pbt,bintrie,5,4,storage_mixed_k1,8,,3683,99912333,1,1258.5183,213.7485,12.0622,12.2937,1496.9161,66.7454,8,11129,2,332,3,0,1712,0,0,0,1,7,12.5,2697,8432,24.23,2,0,100,332,0
pbt,bintrie,5,4,storage_mixed_k1,8,,3684,21000,1,0.086,0.7825,12.271,0.7522,19.0486,1.1024,6,0,0,0,2,0,0,0,0,0,2,4,33.33,0,0,0,0,0,0,0,0
pbt,bintrie,5,4,storage_mixed_k1,8,,3685,0,0,0.1102,1.997,0.0102,0.4597,3.0977,0,4,0,0,0,0,0,0,0,0,0,0,4,0,0,0,0,0,0,0,0,0
pbt,bintrie,5,4,storage_mixed_k1,8,,3686,0,0,0.1012,1.227,0.005,0.2774,2.0218,0,4,0,0,0,0,0,0,0,0,0,0,4,0,0,0,0,0,0,0,0,0
pbt,bintrie,5,4,storage_mixed_k1,9,,3687,0,0,0.0607,0.7615,0.0032,0.2295,1.3373,0,4,0,0,0,0,0,0,0,0,0,0,4,0,0,0,0,0,0,0,0,0
pbt,bintrie,5,4,storage_mixed_k1,9,,3688,0,0,0.0892,1.4697,0.0055,0.3754,2.3245,0,4,0,0,0,0,0,0,0,0,0,0,4,0,0,0,0,0,0,0,0,0
pbt,bintrie,5,4,storage_mixed_k1,9,,3689,0,0,0.0636,1.0301,0.0038,0.2123,3.6787,0,4,0,0,0,0,0,0,0,0,0,0,4,0,0,0,0,0,0,0,0,0
pbt,bintrie,5,4,storage_mixed_k1,9,,3690,0,0,0.1572,2.4584,0.0087,5.6792,12.0601,0,4,0,0,0,0,0,0,0,0,0,0,4,0,0,0,0,0,0,0,0,0
pbt,bintrie,5,4,storage_mixed_k1,9,,3691,0,0,0.0277,0.5477,0.0023,0.1403,0.8992,0,4,0,0,0,0,0,0,0,0,0,0,4,0,0,0,0,0,0,0,0,0
pbt,bintrie,5,4,storage_mixed_k1,9,,3692,0,0,0.0968,2.228,0.0055,0.4104,3.338,0,4,0,0,0,0,0,0,0,0,0,0,4,0,0,0,0,0,0,0,0,0
pbt,bintrie,5,4,storage_mixed_k1,9,,3693,0,0,0.0849,1.4609,0.0073,0.3491,2.34,0,4,0,0,0,0,0,0,0,0,0,0,4,0,0,0,0,0,0,0,0,0
pbt,bintrie,5,4,storage_mixed_k1,9,,3694,0,0,0.0808,1.4417,0.0055,0.3004,2.1662,0,4,0,0,0,0,0,0,0,0,0,0,4,0,0,0,0,0,0,0,0,0
pbt,bintrie,5,4,storage_mixed_k1,9,,3695,0,0,0.0513,1.1071,0.0038,0.3792,1.8497,0,4,0,0,0,0,0,0,0,0,0,0,4,0,0,0,0,0,0,0,0,0
pbt,bintrie,5,4,storage_mixed_k1,9,,3696,0,0,0.0887,2.0437,0.0041,0.4395,3.0872,0,4,0,0,0,0,0,0,0,0,0,0,4,0,0,0,0,0,0,0,0,0
pbt,bintrie,5,4,storage_mixed_k1,9,,3697,0,0,0.0405,0.6866,0.0035,0.2418,1.2299,0,4,0,0,0,0,0,0,0,0,0,0,4,0,0,0,0,0,0,0,0,0
pbt,bintrie,5,4,storage_mixed_k1,9,,3698,0,0,0.0388,0.7111,0.0023,0.2313,1.1853,0,4,0,0,0,0,0,0,0,0,0,0,4,0,0,0,0,0,0,0,0,0
pbt,bintrie,5,4,storage_mixed_k1,9,,3699,0,0,0.0962,1.5225,0.0064,0.3628,2.3907,0,4,0,0,0,0,0,0,0,0,0,0,4,0,0,0,0,0,0,0,0,0
pbt,bintrie,5,4,storage_mixed_k1,9,,3700,0,0,0.0843,1.53,0.0064,0.2922,2.3444,0,4,0,0,0,0,0,0,0,0,0,0,4,0,0,0,0,0,0,0,0,0
pbt,bintrie,5,4,storage_mixed_k1,9,,3701,0,0,0.0554,0.8502,0.005,0.2187,1.4627,0,4,0,0,0,0,0,0,0,0,0,0,4,0,0,0,0,0,0,0,0,0
pbt,bintrie,5,4,storage_mixed_k1,9,,3702,0,0,0.056,1.5143,0.023,1.6843,6.294,0,4,0,0,0,0,0,0,0,0,0,0,4,0,0,0,0,0,0,0,0,0
pbt,bintrie,5,4,storage_mixed_k1,9,,3703,0,0,0.0277,0.6571,0.0015,0.1496,1.0062,0,4,0,0,0,0,0,0,0,0,0,0,4,0,0,0,0,0,0,0,0,0
pbt,bintrie,5,4,storage_mixed_k1,9,,3704,0,0,0.0303,0.6338,0.0026,0.212,1.078,0,4,0,0,0,0,0,0,0,0,0,0,4,0,0,0,0,0,0,0,0,0
pbt,bintrie,5,4,storage_mixed_k1,9,,3705,91730,2,0.3389,2.3356,111.5803,7.0127,121.6939,0.7538,11,0,0,0,3,0,0,0,1,304,4,7,36.36,0,0,0,0,0,0,0,0
pbt,bintrie,5,4,storage_mixed_k1,9,,3706,99912333,1,1236.7993,227.5544,9.4002,9.5402,1483.8432,67.3335,8,11129,2,332,3,0,1712,0,0,0,0,8,0,3330,7799,29.92,2,0,100,332,0
pbt,bintrie,5,4,storage_mixed_k1,9,,3707,0,0,0.075,1.8001,0.0038,0.6796,3.1838,0,4,0,0,0,0,0,0,0,0,0,0,4,0,0,0,0,0,0,0,0,0
pbt,bintrie,5,4,storage_mixed_k1,9,,3708,21000,1,0.3097,3.1476,21.0919,0.7671,25.9749,0.8085,6,0,0,0,2,0,0,0,0,0,2,4,33.33,0,0,0,0,0,0,0,0
pbt,bintrie,5,4,storage_mixed_k1,9,,3709,0,0,0.082,1.5257,0.0076,0.3159,2.3549,0,4,0,0,0,0,0,0,0,0,0,0,4,0,0,0,0,0,0,0,0,0
pbt,bintrie,5,4,storage_mixed_k1,9,,3710,0,0,0.0793,1.883,0.0067,0.4133,2.8979,0,4,0,0,0,0,0,0,0,0,0,0,4,0,0,0,0,0,0,0,0,0
pbt,bintrie,5,4,storage_mixed_k10,10,,3945,0,0,0.0688,0.8829,0.0026,0.2721,1.4694,0,4,0,0,0,0,0,0,0,0,0,0,4,0,0,0,0,0,0,0,0,0
pbt,bintrie,5,4,storage_mixed_k10,10,,3946,0,0,0.1114,1.957,0.0079,0.3873,2.9671,0,4,0,0,0,0,0,0,0,0,0,0,4,0,0,0,0,0,0,0,0,0
pbt,bintrie,5,4,storage_mixed_k10,10,,3947,0,0,0.0505,0.756,0.0032,0.3095,1.7403,0,4,0,0,0,0,0,0,0,0,0,0,4,0,0,0,0,0,0,0,0,0
pbt,bintrie,5,4,storage_mixed_k10,10,,3948,0,0,0.156,2.8857,0.0082,2.3636,12.1966,0,4,0,0,0,0,0,0,0,0,0,0,4,0,0,0,0,0,0,0,0,0
pbt,bintrie,5,4,storage_mixed_k10,10,,3949,0,0,0.0242,0.5687,0.0026,0.128,0.884,0,4,0,0,0,0,0,0,0,0,0,0,4,0,0,0,0,0,0,0,0,0
pbt,bintrie,5,4,storage_mixed_k10,10,,3950,0,0,0.0405,0.6976,0.0018,0.2042,1.2241,0,4,0,0,0,0,0,0,0,0,0,0,4,0,0,0,0,0,0,0,0,0
pbt,bintrie,5,4,storage_mixed_k10,10,,3951,0,0,0.0297,0.4448,0.0026,0.17,0.8499,0,4,0,0,0,0,0,0,0,0,0,0,4,0,0,0,0,0,0,0,0,0
pbt,bintrie,5,4,storage_mixed_k10,10,,3952,0,0,0.0954,2.2945,0.0058,0.4757,3.429,0,4,0,0,0,0,0,0,0,0,0,0,4,0,0,0,0,0,0,0,0,0
pbt,bintrie,5,4,storage_mixed_k10,10,,3953,0,0,0.0884,1.575,0.0044,0.2835,2.4975,0,4,0,0,0,0,0,0,0,0,0,0,4,0,0,0,0,0,0,0,0,0
pbt,bintrie,5,4,storage_mixed_k10,10,,3954,0,0,0.0936,2.3934,0.0058,0.4894,3.5037,0,4,0,0,0,0,0,0,0,0,0,0,4,0,0,0,0,0,0,0,0,0
pbt,bintrie,5,4,storage_mixed_k10,10,,3955,0,0,0.0309,0.4492,0.002,0.1409,0.7802,0,4,0,0,0,0,0,0,0,0,0,0,4,0,0,0,0,0,0,0,0,0
pbt,bintrie,5,4,storage_mixed_k10,10,,3956,0,0,0.0309,0.455,0.002,0.1972,0.9065,0,4,0,0,0,0,0,0,0,0,0,0,4,0,0,0,0,0,0,0,0,0
pbt,bintrie,5,4,storage_mixed_k10,10,,3957,0,0,0.0715,1.3256,0.0125,1.5925,3.8225,0,4,0,0,0,0,0,0,0,0,0,0,4,0,0,0,0,0,0,0,0,0
pbt,bintrie,5,4,storage_mixed_k10,10,,3958,0,0,0.0373,0.4474,0.0015,0.1382,0.8353,0,4,0,0,0,0,0,0,0,0,0,0,4,0,0,0,0,0,0,0,0,0
pbt,bintrie,5,4,storage_mixed_k10,10,,3959,0,0,0.0356,0.4506,0.0041,0.1441,0.9039,0,4,0,0,0,0,0,0,0,0,0,0,4,0,0,0,0,0,0,0,0,0
pbt,bintrie,5,4,storage_mixed_k10,10,,3960,0,0,0.0537,0.8239,0.0052,0.3296,6.8207,0,4,0,0,0,0,0,0,0,0,0,0,4,0,0,0,0,0,0,0,0,0
pbt,bintrie,5,4,storage_mixed_k10,10,,3961,0,0,0.0251,0.5851,0.0035,0.1304,0.8718,0,4,0,0,0,0,0,0,0,0,0,0,4,0,0,0,0,0,0,0,0,0
pbt,bintrie,5,4,storage_mixed_k10,10,,3962,0,0,0.2683,1.9903,0.0053,0.2829,5.9673,0,4,0,0,0,0,0,0,0,0,0,0,4,0,0,0,0,0,0,0,0,0
pbt,bintrie,5,4,storage_mixed_k10,10,,3963,91762,2,0.1575,1.4428,0.6469,6.6589,18.4635,4.9699,11,0,0,0,3,0,0,0,1,306,5,6,45.45,0,0,0,0,0,0,0,0
pbt,bintrie,5,4,storage_mixed_k10,10,,3964,99904859,1,1276.1759,241.2355,8.4537,8.4785,1534.6251,65.1005,17,12520,11,586,4,0,1536,0,0,0,3,14,17.65,426,12094,3.4,11,0,100,586,0
pbt,bintrie,5,4,storage_mixed_k10,10,,3965,21000,1,0.3996,4.1109,58.9925,0.8963,74.7441,0.281,6,0,0,0,2,0,0,0,0,0,2,4,33.33,0,0,0,0,0,0,0,0
pbt,bintrie,5,4,storage_mixed_k10,10,,3966,0,0,0.075,1.2025,0.0067,0.2841,2.0498,0,4,0,0,0,0,0,0,0,0,0,0,4,0,0,0,0,0,0,0,0,0
pbt,bintrie,5,4,storage_mixed_k10,10,,3967,0,0,0.1,1.698,0.0067,0.4859,2.7865,0,4,0,0,0,0,0,0,0,0,0,0,4,0,0,0,0,0,0,0,0,0
pbt,bintrie,5,4,storage_mixed_k10,1,,3736,0,0,0.0493,0.5658,0.0015,0.1995,1.0564,0,4,0,0,0,0,0,0,0,0,0,0,4,0,0,0,0,0,0,0,0,0
pbt,bintrie,5,4,storage_mixed_k10,1,,3737,0,0,0.1062,2.0924,0.0035,0.2173,2.9615,0,4,0,0,0,0,0,0,0,0,0,0,4,0,0,0,0,0,0,0,0,0
pbt,bintrie,5,4,storage_mixed_k10,1,,3738,0,0,0.028,0.6449,0.0041,0.1283,0.9975,0,4,0,0,0,0,0,0,0,0,0,0,4,0,0,0,0,0,0,0,0,0
pbt,bintrie,5,4,storage_mixed_k10,1,,3739,0,0,0.0569,1.0981,0.0035,1.0132,5.6993,0,4,0,0,0,0,0,0,0,0,0,0,4,0,0,0,0,0,0,0,0,0
pbt,bintrie,5,4,storage_mixed_k10,1,,3740,0,0,0.0735,0.9356,0.0029,2.9463,4.9384,0,4,0,0,0,0,0,0,0,0,0,0,4,0,0,0,0,0,0,0,0,0
pbt,bintrie,5,4,storage_mixed_k10,1,,3741,0,0,0.0388,0.6358,0.0041,0.2211,1.1118,0,4,0,0,0,0,0,0,0,0,0,0,4,0,0,0,0,0,0,0,0,0
pbt,bintrie,5,4,storage_mixed_k10,1,,3742,0,0,0.0365,0.644,0.0035,0.1557,1.1057,0,4,0,0,0,0,0,0,0,0,0,0,4,0,0,0,0,0,0,0,0,0
pbt,bintrie,5,4,storage_mixed_k10,1,,3743,0,0,0.0954,2.3356,0.0055,0.3328,3.3203,0,4,0,0,0,0,0,0,0,0,0,0,4,0,0,0,0,0,0,0,0,0
pbt,bintrie,5,4,storage_mixed_k10,1,,3744,0,0,0.0365,0.6379,0.0026,0.1511,1.0657,0,4,0,0,0,0,0,0,0,0,0,0,4,0,0,0,0,0,0,0,0,0
pbt,bintrie,5,4,storage_mixed_k10,1,,3745,0,0,0.0939,2.2723,0.0061,0.3748,3.1983,0,4,0,0,0,0,0,0,0,0,0,0,4,0,0,0,0,0,0,0,0,0
pbt,bintrie,5,4,storage_mixed_k10,1,,3746,0,0,0.0782,1.8453,0.0038,0.4077,2.844,0,4,0,0,0,0,0,0,0,0,0,0,4,0,0,0,0,0,0,0,0,0
pbt,bintrie,5,4,storage_mixed_k10,1,,3747,0,0,0.0945,1.4985,0.0064,0.3797,2.3102,0,4,0,0,0,0,0,0,0,0,0,0,4,0,0,0,0,0,0,0,0,0
pbt,bintrie,5,4,storage_mixed_k10,1,,3748,0,0,0.1006,1.5945,0.0073,0.308,2.3689,0,4,0,0,0,0,0,0,0,0,0,0,4,0,0,0,0,0,0,0,0,0
pbt,bintrie,5,4,storage_mixed_k10,1,,3749,0,0,0.0461,1.0199,0.0023,0.2383,1.5983,0,4,0,0,0,0,0,0,0,0,0,0,4,0,0,0,0,0,0,0,0,0
pbt,bintrie,5,4,storage_mixed_k10,1,,3750,0,0,0.1245,1.764,0.0093,0.4232,2.8606,0,4,0,0,0,0,0,0,0,0,0,0,4,0,0,0,0,0,0,0,0,0
pbt,bintrie,5,4,storage_mixed_k10,1,,3751,0,0,0.0682,0.9208,0.0038,1.0599,4.1739,0,4,0,0,0,0,0,0,0,0,0,0,4,0,0,0,0,0,0,0,0,0
pbt,bintrie,5,4,storage_mixed_k10,1,,3752,0,0,0.0385,0.8216,0.0023,0.1321,1.1465,0,4,0,0,0,0,0,0,0,0,0,0,4,0,0,0,0,0,0,0,0,0
pbt,bintrie,5,4,storage_mixed_k10,1,,3753,0,0,0.152,2.3939,0.0058,0.5766,3.7569,0,4,0,0,0,0,0,0,0,0,0,0,4,0,0,0,0,0,0,0,0,0
pbt,bintrie,5,4,storage_mixed_k10,1,,3754,91762,2,0.4941,37.4219,20.9709,65.1258,177.8877,0.5158,11,0,0,0,3,0,0,0,1,306,7,4,63.64,0,0,0,0,0,0,0,0
pbt,bintrie,5,4,storage_mixed_k10,1,,3755,99904859,1,1271.5208,249.2021,7.1153,7.9428,1536.1179,65.0372,17,12520,11,586,4,0,1536,0,0,0,1,16,5.88,1449,11071,11.57,11,0,100,586,0
pbt,bintrie,5,4,storage_mixed_k10,1,,3756,21000,1,0.3512,1.1019,14.8224,0.8945,17.4748,1.2017,6,0,0,0,2,0,0,0,0,0,0,6,0,0,0,0,0,0,0,0,0
pbt,bintrie,5,4,storage_mixed_k10,1,,3757,0,0,0.0977,2.5144,0.007,0.7822,4.0226,0,4,0,0,0,0,0,0,0,0,0,0,4,0,0,0,0,0,0,0,0,0
pbt,bintrie,5,4,storage_mixed_k10,1,,3758,0,0,0.0534,0.9111,0.0047,0.2085,1.4813,0,4,0,0,0,0,0,0,0,0,0,0,4,0,0,0,0,0,0,0,0,0
pbt,bintrie,5,4,storage_mixed_k10,2,,3759,0,0,0.1149,1.5519,0.005,0.4136,2.5436,0,4,0,0,0,0,0,0,0,0,0,0,4,0,0,0,0,0,0,0,0,0
pbt,bintrie,5,4,storage_mixed_k10,2,,3760,0,0,0.2036,2.7025,0.012,0.6032,4.6826,0,4,0,0,0,0,0,0,0,0,0,0,4,0,0,0,0,0,0,0,0,0
pbt,bintrie,5,4,storage_mixed_k10,2,,3761,0,0,0.033,0.6457,0.0044,0.1575,1.0255,0,4,0,0,0,0,0,0,0,0,0,0,4,0,0,0,0,0,0,0,0,0
pbt,bintrie,5,4,storage_mixed_k10,2,,3762,0,0,0.0551,1.0599,0.0038,0.2922,1.9387,0,4,0,0,0,0,0,0,0,0,0,0,4,0,0,0,0,0,0,0,0,0
pbt,bintrie,5,4,storage_mixed_k10,2,,3763,0,0,0.1549,2.4925,0.0055,0.1975,4.4038,0,4,0,0,0,0,0,0,0,0,0,0,4,0,0,0,0,0,0,0,0,0
pbt,bintrie,5,4,storage_mixed_k10,2,,3764,0,0,0.0353,0.6032,0.0026,0.1572,1.0301,0,4,0,0,0,0,0,0,0,0,0,0,4,0,0,0,0,0,0,0,0,0
pbt,bintrie,5,4,storage_mixed_k10,2,,3765,0,0,0.0971,1.3763,0.0053,0.271,2.1641,0,4,0,0,0,0,0,0,0,0,0,0,4,0,0,0,0,0,0,0,0,0
pbt,bintrie,5,4,storage_mixed_k10,2,,3766,0,0,0.0426,0.7694,0.0018,0.2071,1.2816,0,4,0,0,0,0,0,0,0,0,0,0,4,0,0,0,0,0,0,0,0,0
pbt,bintrie,5,4,storage_mixed_k10,2,,3767,0,0,0.0913,1.572,0.0064,0.3042,2.4167,0,4,0,0,0,0,0,0,0,0,0,0,4,0,0,0,0,0,0,0,0,0
pbt,bintrie,5,4,storage_mixed_k10,2,,3768,0,0,0.0866,1.9646,0.0058,0.3471,2.8454,0,4,0,0,0,0,0,0,0,0,0,0,4,0,0,0,0,0,0,0,0,0
pbt,bintrie,5,4,storage_mixed_k10,2,,3769,0,0,0.0723,1.5639,0.0053,0.2657,2.2852,0,4,0,0,0,0,0,0,0,0,0,0,4,0,0,0,0,0,0,0,0,0
pbt,bintrie,5,4,storage_mixed_k10,2,,3770,0,0,0.0785,1.5198,0.007,0.3689,2.3694,0,4,0,0,0,0,0,0,0,0,0,0,4,0,0,0,0,0,0,0,0,0
pbt,bintrie,5,4,storage_mixed_k10,2,,3771,0,0,0.0817,1.5102,0.0073,0.4013,2.4114,0,4,0,0,0,0,0,0,0,0,0,0,4,0,0,0,0,0,0,0,0,0
pbt,bintrie,5,4,storage_mixed_k10,2,,3772,0,0,0.0849,1.5207,0.005,0.385,2.475,0,4,0,0,0,0,0,0,0,0,0,0,4,0,0,0,0,0,0,0,0,0
pbt,bintrie,5,4,storage_mixed_k10,2,,3773,0,0,0.1003,2.3161,0.0076,0.4034,3.4521,0,4,0,0,0,0,0,0,0,0,0,0,4,0,0,0,0,0,0,0,0,0
pbt,bintrie,5,4,storage_mixed_k10,2,,3774,0,0,0.0222,0.5486,0.002,0.1627,0.8858,0,4,0,0,0,0,0,0,0,0,0,0,4,0,0,0,0,0,0,0,0,0
pbt,bintrie,5,4,storage_mixed_k10,2,,3775,0,0,0.0248,0.609,0.002,0.1403,0.94,0,4,0,0,0,0,0,0,0,0,0,0,4,0,0,0,0,0,0,0,0,0
pbt,bintrie,5,4,storage_mixed_k10,2,,3776,0,0,0.0245,0.4512,0.002,0.0875,0.6974,0,4,0,0,0,0,0,0,0,0,0,0,4,0,0,0,0,0,0,0,0,0
pbt,bintrie,5,4,storage_mixed_k10,2,,3777,91762,2,0.8735,4.7946,102.1817,6.7537,116.8373,0.7854,11,0,0,0,3,0,0,0,1,306,5,6,45.45,0,0,0,0,0,0,0,0
pbt,bintrie,5,4,storage_mixed_k10,2,,3778,99904859,1,1289.1828,262.9213,14.7795,30.1736,1598.1375,62.5133,17,12520,11,586,4,0,1536,0,0,0,4,13,23.53,3071,9449,24.53,11,0,100,586,0
pbt,bintrie,5,4,storage_mixed_k10,2,,3779,21000,1,0.2357,1.9979,31.8577,2.1314,38.1476,0.5505,6,0,0,0,2,0,0,0,0,0,2,4,33.33,0,0,0,0,0,0,0,0
pbt,bintrie,5,4,storage_mixed_k10,2,,3780,0,0,0.1231,2.0072,0.0087,2.4698,5.102,0,4,0,0,0,0,0,0,0,0,0,0,4,0,0,0,0,0,0,0,0,0
pbt,bintrie,5,4,storage_mixed_k10,2,,3781,0,0,0.093,1.6695,0.0076,0.3972,2.55,0,4,0,0,0,0,0,0,0,0,0,0,4,0,0,0,0,0,0,0,0,0
pbt,bintrie,5,4,storage_mixed_k10,3,,3782,0,0,0.0668,0.7044,0.0026,0.294,1.3469,0,4,0,0,0,0,0,0,0,0,0,0,4,0,0,0,0,0,0,0,0,0
pbt,bintrie,5,4,storage_mixed_k10,3,,3783,0,0,0.0321,0.5227,0.0018,0.1441,0.891,0,4,0,0,0,0,0,0,0,0,0,0,4,0,0,0,0,0,0,0,0,0
pbt,bintrie,5,4,storage_mixed_k10,3,,3784,0,0,0.084,0.5428,0.0047,0.1027,0.8586,0,4,0,0,0,0,0,0,0,0,0,0,4,0,0,0,0,0,0,0,0,0
pbt,bintrie,5,4,storage_mixed_k10,3,,3785,0,0,0.0303,0.5504,0.0015,0.1336,0.8904,0,4,0,0,0,0,0,0,0,0,0,0,4,0,0,0,0,0,0,0,0,0
pbt,bintrie,5,4,storage_mixed_k10,3,,3786,0,0,0.0309,0.6419,0.0026,0.1528,0.9741,0,4,0,0,0,0,0,0,0,0,0,0,4,0,0,0,0,0,0,0,0,0
pbt,bintrie,5,4,storage_mixed_k10,3,,3787,0,0,0.0443,0.6519,0.0018,0.2252,1.1375,0,4,0,0,0,0,0,0,0,0,0,0,4,0,0,0,0,0,0,0,0,0
pbt,bintrie,5,4,storage_mixed_k10,3,,3788,0,0,0.044,0.6361,0.0029,0.1934,1.1071,0,4,0,0,0,0,0,0,0,0,0,0,4,0,0,0,0,0,0,0,0,0
pbt,bintrie,5,4,storage_mixed_k10,3,,3789,0,0,0.0449,0.6615,0.0035,0.2514,1.1567,0,4,0,0,0,0,0,0,0,0,0,0,4,0,0,0,0,0,0,0,0,0
pbt,bintrie,5,4,storage_mixed_k10,3,,3790,0,0,0.0437,0.6312,0.0026,0.1872,1.1028,0,4,0,0,0,0,0,0,0,0,0,0,4,0,0,0,0,0,0,0,0,0
pbt,bintrie,5,4,storage_mixed_k10,3,,3791,0,0,0.0344,0.6008,0.0047,0.1505,1.052,0,4,0,0,0,0,0,0,0,0,0,0,4,0,0,0,0,0,0,0,0,0
pbt,bintrie,5,4,storage_mixed_k10,3,,3792,0,0,0.0502,0.8726,0.0041,0.2053,1.3889,0,4,0,0,0,0,0,0,0,0,0,0,4,0,0,0,0,0,0,0,0,0
pbt,bintrie,5,4,storage_mixed_k10,3,,3793,0,0,0.0852,2.0311,0.0061,0.327,2.8591,0,4,0,0,0,0,0,0,0,0,0,0,4,0,0,0,0,0,0,0,0,0
pbt,bintrie,5,4,storage_mixed_k10,3,,3794,0,0,0.0825,1.6992,0.005,0.3039,2.4374,0,4,0,0,0,0,0,0,0,0,0,0,4,0,0,0,0,0,0,0,0,0
pbt,bintrie,5,4,storage_mixed_k10,3,,3795,0,0,0.1595,2.2289,0.0146,0.4944,3.6533,0,4,0,0,0,0,0,0,0,0,0,0,4,0,0,0,0,0,0,0,0,0
pbt,bintrie,5,4,storage_mixed_k10,3,,3796,0,0,0.1132,2.5631,0.0067,0.5466,3.7131,0,4,0,0,0,0,0,0,0,0,0,0,4,0,0,0,0,0,0,0,0,0
pbt,bintrie,5,4,storage_mixed_k10,3,,3797,0,0,0.0548,0.8353,0.0044,0.2348,2.7273,0,4,0,0,0,0,0,0,0,0,0,0,4,0,0,0,0,0,0,0,0,0
pbt,bintrie,5,4,storage_mixed_k10,3,,3798,0,0,0.0365,0.6411,0.0015,0.1546,0.9736,0,4,0,0,0,0,0,0,0,0,0,0,4,0,0,0,0,0,0,0,0,0
pbt,bintrie,5,4,storage_mixed_k10,3,,3799,0,0,0.0408,0.7919,0.005,0.2607,1.8853,0,4,0,0,0,0,0,0,0,0,0,0,4,0,0,0,0,0,0,0,0,0
pbt,bintrie,5,4,storage_mixed_k10,3,,3800,91762,2,1.0144,4.5948,2.5797,6.8487,15.6038,5.8808,11,0,0,0,3,0,0,0,1,306,4,7,36.36,0,0,0,0,0,0,0,0
pbt,bintrie,5,4,storage_mixed_k10,3,,3801,99904859,1,1301.8489,217.0911,12.6735,14.2196,1546.097,64.6175,17,12520,11,586,4,0,1536,0,0,0,10,7,58.82,3698,8822,29.54,11,0,100,586,0
pbt,bintrie,5,4,storage_mixed_k10,3,,3802,21000,1,1.575,3.8199,59.0091,0.7822,66.1302,0.3176,6,0,0,0,2,0,0,0,0,0,0,6,0,0,0,0,0,0,0,0,0
pbt,bintrie,5,4,storage_mixed_k10,3,,3803,0,0,0.033,0.4877,0.0012,0.1969,1.015,0,4,0,0,0,0,0,0,0,0,0,0,4,0,0,0,0,0,0,0,0,0
pbt,bintrie,5,4,storage_mixed_k10,3,,3804,0,0,0.028,0.4582,0.0029,0.1884,0.882,0,4,0,0,0,0,0,0,0,0,0,0,4,0,0,0,0,0,0,0,0,0
pbt,bintrie,5,4,storage_mixed_k10,4,,3805,0,0,0.1178,1.7957,0.0079,0.4731,2.825,0,4,0,0,0,0,0,0,0,0,0,0,4,0,0,0,0,0,0,0,0,0
pbt,bintrie,5,4,storage_mixed_k10,4,,3806,0,0,0.0624,1.0363,0.0029,0.2922,1.7152,0,4,0,0,0,0,0,0,0,0,0,0,4,0,0,0,0,0,0,0,0,0
pbt,bintrie,5,4,storage_mixed_k10,4,,3807,0,0,0.0624,0.945,0.084,0.1823,5.3021,0,4,0,0,0,0,0,0,0,0,0,0,4,0,0,0,0,0,0,0,0,0
pbt,bintrie,5,4,storage_mixed_k10,4,,3808,0,0,0.037,0.7055,0.0029,0.126,1.0482,0,4,0,0,0,0,0,0,0,0,0,0,4,0,0,0,0,0,0,0,0,0
pbt,bintrie,5,4,storage_mixed_k10,4,,3809,0,0,0.0306,0.5594,0.002,0.1633,0.9152,0,4,0,0,0,0,0,0,0,0,0,0,4,0,0,0,0,0,0,0,0,0
pbt,bintrie,5,4,storage_mixed_k10,4,,3810,0,0,0.0403,0.6749,0.0044,0.1563,1.1509,0,4,0,0,0,0,0,0,0,0,0,0,4,0,0,0,0,0,0,0,0,0
pbt,bintrie,5,4,storage_mixed_k10,4,,3811,0,0,0.0904,1.563,0.0053,0.4241,2.5094,0,4,0,0,0,0,0,0,0,0,0,0,4,0,0,0,0,0,0,0,0,0
pbt,bintrie,5,4,storage_mixed_k10,4,,3812,0,0,0.0362,0.6422,0.0041,0.1505,1.0893,0,4,0,0,0,0,0,0,0,0,0,0,4,0,0,0,0,0,0,0,0,0
pbt,bintrie,5,4,storage_mixed_k10,4,,3813,0,0,0.0353,0.6242,0.0032,0.1455,0.9896,0,4,0,0,0,0,0,0,0,0,0,0,4,0,0,0,0,0,0,0,0,0
pbt,bintrie,5,4,storage_mixed_k10,4,,3814,0,0,0.0373,0.6274,0.0023,0.1639,1.1057,0,4,0,0,0,0,0,0,0,0,0,0,4,0,0,0,0,0,0,0,0,0
pbt,bintrie,5,4,storage_mixed_k10,4,,3815,0,0,0.2295,2.3659,0.007,0.3797,3.7907,0,4,0,0,0,0,0,0,0,0,0,0,4,0,0,0,0,0,0,0,0,0
pbt,bintrie,5,4,storage_mixed_k10,4,,3816,0,0,0.0939,1.6383,0.0076,0.3325,2.5964,0,4,0,0,0,0,0,0,0,0,0,0,4,0,0,0,0,0,0,0,0,0
pbt,bintrie,5,4,storage_mixed_k10,4,,3817,0,0,0.075,1.3125,0.0032,0.2957,1.9804,0,4,0,0,0,0,0,0,0,0,0,0,4,0,0,0,0,0,0,0,0,0
pbt,bintrie,5,4,storage_mixed_k10,4,,3818,0,0,0.037,0.6539,0.0038,0.1931,1.0812,0,4,0,0,0,0,0,0,0,0,0,0,4,0,0,0,0,0,0,0,0,0
pbt,bintrie,5,4,storage_mixed_k10,4,,3819,0,0,0.1345,2.7104,0.0146,0.5168,4.0719,0,4,0,0,0,0,0,0,0,0,0,0,4,0,0,0,0,0,0,0,0,0
pbt,bintrie,5,4,storage_mixed_k10,4,,3820,0,0,0.0391,0.8193,0.0026,0.1117,1.2057,0,4,0,0,0,0,0,0,0,0,0,0,4,0,0,0,0,0,0,0,0,0
pbt,bintrie,5,4,storage_mixed_k10,4,,3821,0,0,0.0295,0.6772,0.0055,0.1318,1.0021,0,4,0,0,0,0,0,0,0,0,0,0,4,0,0,0,0,0,0,0,0,0
pbt,bintrie,5,4,storage_mixed_k10,4,,3822,0,0,0.0286,0.6093,0.002,0.1213,0.9564,0,4,0,0,0,0,0,0,0,0,0,0,4,0,0,0,0,0,0,0,0,0
pbt,bintrie,5,4,storage_mixed_k10,4,,3823,91762,2,0.7236,6.2678,72.4633,19.363,100.8048,0.9103,11,0,0,0,3,0,0,0,1,306,6,5,54.55,0,0,0,0,0,0,0,0
pbt,bintrie,5,4,storage_mixed_k10,4,,3824,99904859,1,1301.6755,304.7518,10.0587,37.5322,1654.9038,60.369,17,12520,11,586,4,0,1536,0,0,0,1,16,5.88,1473,11047,11.77,11,0,100,586,0
pbt,bintrie,5,4,storage_mixed_k10,4,,3825,21000,1,0.2045,2.0369,32.1187,1.5137,36.304,0.5784,6,0,0,0,2,0,0,0,0,0,2,4,33.33,0,0,0,0,0,0,0,0
pbt,bintrie,5,4,storage_mixed_k10,4,,3826,0,0,0.1015,1.6724,0.0079,0.4156,2.6299,0,4,0,0,0,0,0,0,0,0,0,0,4,0,0,0,0,0,0,0,0,0
pbt,bintrie,5,4,storage_mixed_k10,4,,3827,0,0,0.0925,2.5112,0.007,0.4462,3.6638,0,4,0,0,0,0,0,0,0,0,0,0,4,0,0,0,0,0,0,0,0,0
pbt,bintrie,5,4,storage_mixed_k10,5,,3828,0,0,0.0575,0.6221,0.0018,0.198,1.1553,0,4,0,0,0,0,0,0,0,0,0,0,4,0,0,0,0,0,0,0,0,0
pbt,bintrie,5,4,storage_mixed_k10,5,,3829,0,0,0.0458,0.7347,0.0041,0.2231,1.2346,0,4,0,0,0,0,0,0,0,0,0,0,4,0,0,0,0,0,0,0,0,0
pbt,bintrie,5,4,storage_mixed_k10,5,,3830,0,0,0.0437,0.7437,0.0029,0.1627,1.0949,0,4,0,0,0,0,0,0,0,0,0,0,4,0,0,0,0,0,0,0,0,0
pbt,bintrie,5,4,storage_mixed_k10,5,,3831,0,0,0.0327,0.5962,0.0018,0.1791,0.9791,0,4,0,0,0,0,0,0,0,0,0,0,4,0,0,0,0,0,0,0,0,0
pbt,bintrie,5,4,storage_mixed_k10,5,,3832,0,0,0.0335,0.6869,0.002,0.1152,0.9861,0,4,0,0,0,0,0,0,0,0,0,0,4,0,0,0,0,0,0,0,0,0
pbt,bintrie,5,4,storage_mixed_k10,5,,3833,0,0,0.0414,0.8152,0.0029,0.198,1.2921,0,4,0,0,0,0,0,0,0,0,0,0,4,0,0,0,0,0,0,0,0,0
pbt,bintrie,5,4,storage_mixed_k10,5,,3834,0,0,0.0881,1.5338,0.009,0.2905,2.3295,0,4,0,0,0,0,0,0,0,0,0,0,4,0,0,0,0,0,0,0,0,0
pbt,bintrie,5,4,storage_mixed_k10,5,,3835,0,0,0.0423,0.7271,0.0053,0.2462,1.3658,0,4,0,0,0,0,0,0,0,0,0,0,4,0,0,0,0,0,0,0,0,0
pbt,bintrie,5,4,storage_mixed_k10,5,,3836,0,0,0.0986,1.5537,0.0061,0.2975,2.3479,0,4,0,0,0,0,0,0,0,0,0,0,4,0,0,0,0,0,0,0,0,0
pbt,bintrie,5,4,storage_mixed_k10,5,,3837,0,0,0.0787,1.8547,0.0041,0.4483,2.767,0,4,0,0,0,0,0,0,0,0,0,0,4,0,0,0,0,0,0,0,0,0
pbt,bintrie,5,4,storage_mixed_k10,5,,3838,0,0,0.0907,1.558,0.0061,0.3401,2.5377,0,4,0,0,0,0,0,0,0,0,0,0,4,0,0,0,0,0,0,0,0,0
pbt,bintrie,5,4,storage_mixed_k10,5,,3839,0,0,0.0347,0.6565,0.0038,0.2001,1.1725,0,4,0,0,0,0,0,0,0,0,0,0,4,0,0,0,0,0,0,0,0,0
pbt,bintrie,5,4,storage_mixed_k10,5,,3840,0,0,0.0432,0.6685,0.0029,0.1665,1.1022,0,4,0,0,0,0,0,0,0,0,0,0,4,0,0,0,0,0,0,0,0,0
pbt,bintrie,5,4,storage_mixed_k10,5,,3841,0,0,0.0604,1.3268,0.0067,0.2386,2.0372,0,4,0,0,0,0,0,0,0,0,0,0,4,0,0,0,0,0,0,0,0,0
pbt,bintrie,5,4,storage_mixed_k10,5,,3842,0,0,0.0802,1.0716,0.0061,0.2911,2.0711,0,4,0,0,0,0,0,0,0,0,0,0,4,0,0,0,0,0,0,0,0,0
pbt,bintrie,5,4,storage_mixed_k10,5,,3843,0,0,0.0385,0.6696,0.0018,0.1607,1.1579,0,4,0,0,0,0,0,0,0,0,0,0,4,0,0,0,0,0,0,0,0,0
pbt,bintrie,5,4,storage_mixed_k10,5,,3844,0,0,0.0408,0.7049,0.0026,0.1368,1.1862,0,4,0,0,0,0,0,0,0,0,0,0,4,0,0,0,0,0,0,0,0,0
pbt,bintrie,5,4,storage_mixed_k10,5,,3845,0,0,0.051,1.1077,0.0035,1.766,3.4451,0,4,0,0,0,0,0,0,0,0,0,0,4,0,0,0,0,0,0,0,0,0
pbt,bintrie,5,4,storage_mixed_k10,5,,3846,91762,2,0.3695,3.2634,28.8999,22.4371,55.3721,1.6572,11,0,0,0,3,0,0,0,1,306,7,4,63.64,0,0,0,0,0,0,0,0
pbt,bintrie,5,4,storage_mixed_k10,5,,3847,99904859,1,1309.0144,296.8078,12.1432,22.8545,1642.6261,60.8202,17,12520,11,586,4,0,1536,0,0,0,5,12,29.41,3735,8785,29.83,11,0,100,586,0
pbt,bintrie,5,4,storage_mixed_k10,5,,3848,21000,1,0.2529,2.2434,56.3072,1.894,61.8224,0.3397,6,0,0,0,2,0,0,0,0,0,2,4,33.33,0,0,0,0,0,0,0,0
pbt,bintrie,5,4,storage_mixed_k10,5,,3849,0,0,0.1307,2.0049,0.0096,0.4786,3.1324,0,4,0,0,0,0,0,0,0,0,0,0,4,0,0,0,0,0,0,0,0,0
pbt,bintrie,5,4,storage_mixed_k10,5,,3850,0,0,0.0297,0.4891,0.0012,0.1843,0.98,0,4,0,0,0,0,0,0,0,0,0,0,4,0,0,0,0,0,0,0,0,0
pbt,bintrie,5,4,storage_mixed_k10,6,,3851,0,0,0.0522,0.5752,0.0026,0.1686,1.0333,0,4,0,0,0,0,0,0,0,0,0,0,4,0,0,0,0,0,0,0,0,0
pbt,bintrie,5,4,storage_mixed_k10,6,,3852,0,0,0.1164,1.7774,0.0079,0.4264,2.907,0,4,0,0,0,0,0,0,0,0,0,0,4,0,0,0,0,0,0,0,0,0
pbt,bintrie,5,4,storage_mixed_k10,6,,3853,0,0,0.1015,1.3641,0.0102,5.1577,15.9736,0,4,0,0,0,0,0,0,0,0,0,0,4,0,0,0,0,0,0,0,0,0
pbt,bintrie,5,4,storage_mixed_k10,6,,3854,0,0,0.0636,0.9342,0.0047,0.5533,3.5212,0,4,0,0,0,0,0,0,0,0,0,0,4,0,0,0,0,0,0,0,0,0
pbt,bintrie,5,4,storage_mixed_k10,6,,3855,0,0,0.0295,0.5784,0.0026,0.1006,0.8697,0,4,0,0,0,0,0,0,0,0,0,0,4,0,0,0,0,0,0,0,0,0
pbt,bintrie,5,4,storage_mixed_k10,6,,3856,0,0,0.0475,1.0319,0.0035,0.2199,1.563,0,4,0,0,0,0,0,0,0,0,0,0,4,0,0,0,0,0,0,0,0,0
pbt,bintrie,5,4,storage_mixed_k10,6,,3857,0,0,0.0315,0.4462,0.0023,0.1522,0.8341,0,4,0,0,0,0,0,0,0,0,0,0,4,0,0,0,0,0,0,0,0,0
pbt,bintrie,5,4,storage_mixed_k10,6,,3858,0,0,0.0376,0.6265,0.0035,0.168,1.0605,0,4,0,0,0,0,0,0,0,0,0,0,4,0,0,0,0,0,0,0,0,0
pbt,bintrie,5,4,storage_mixed_k10,6,,3859,0,0,0.0793,1.5341,0.0067,0.4042,2.4158,0,4,0,0,0,0,0,0,0,0,0,0,4,0,0,0,0,0,0,0,0,0
pbt,bintrie,5,4,storage_mixed_k10,6,,3860,0,0,0.0694,1.467,0.005,0.3474,2.3324,0,4,0,0,0,0,0,0,0,0,0,0,4,0,0,0,0,0,0,0,0,0
pbt,bintrie,5,4,storage_mixed_k10,6,,3861,0,0,0.0843,1.5586,0.0064,0.2949,2.3379,0,4,0,0,0,0,0,0,0,0,0,0,4,0,0,0,0,0,0,0,0,0
pbt,bintrie,5,4,storage_mixed_k10,6,,3862,0,0,0.0461,0.6475,0.0032,0.2211,1.1532,0,4,0,0,0,0,0,0,0,0,0,0,4,0,0,0,0,0,0,0,0,0
pbt,bintrie,5,4,storage_mixed_k10,6,,3863,0,0,0.091,1.4918,0.0076,0.285,2.3586,0,4,0,0,0,0,0,0,0,0,0,0,4,0,0,0,0,0,0,0,0,0
pbt,bintrie,5,4,storage_mixed_k10,6,,3864,0,0,0.03,0.574,0.0038,0.1916,1.0424,0,4,0,0,0,0,0,0,0,0,0,0,4,0,0,0,0,0,0,0,0,0
pbt,bintrie,5,4,storage_mixed_k10,6,,3865,0,0,0.0948,1.5971,0.0061,0.3296,2.4596,0,4,0,0,0,0,0,0,0,0,0,0,4,0,0,0,0,0,0,0,0,0
pbt,bintrie,5,4,storage_mixed_k10,6,,3866,0,0,0.1633,2.643,0.005,0.8341,5.9224,0,4,0,0,0,0,0,0,0,0,0,0,4,0,0,0,0,0,0,0,0,0
pbt,bintrie,5,4,storage_mixed_k10,6,,3867,0,0,0.0537,0.8578,0.005,0.8621,5.2723,0,4,0,0,0,0,0,0,0,0,0,0,4,0,0,0,0,0,0,0,0,0
pbt,bintrie,5,4,storage_mixed_k10,6,,3868,0,0,0.0376,0.7484,0.0029,0.1435,1.1197,0,4,0,0,0,0,0,0,0,0,0,0,4,0,0,0,0,0,0,0,0,0
pbt,bintrie,5,4,storage_mixed_k10,6,,3869,91762,2,1.3591,26.1271,65.677,6.8365,101.8013,0.9014,11,0,0,0,3,0,0,0,1,306,5,6,45.45,0,0,0,0,0,0,0,0
pbt,bintrie,5,4,storage_mixed_k10,6,,3870,99904859,1,1350.7539,211.1778,92.4735,10.2924,1665.3861,59.989,17,12520,11,586,4,0,1536,0,0,0,2,15,11.76,2468,10052,19.71,11,0,100,586,0
pbt,bintrie,5,4,storage_mixed_k10,6,,3871,21000,1,0.2584,2.1898,40.0819,2.2776,45.2448,0.4641,6,0,0,0,2,0,0,0,0,0,2,4,33.33,0,0,0,0,0,0,0,0
pbt,bintrie,5,4,storage_mixed_k10,6,,3872,0,0,0.0379,0.4191,0.0029,0.1995,0.8633,0,4,0,0,0,0,0,0,0,0,0,0,4,0,0,0,0,0,0,0,0,0
pbt,bintrie,5,4,storage_mixed_k10,6,,3873,0,0,0.0292,0.4704,0.0029,0.2065,0.9126,0,4,0,0,0,0,0,0,0,0,0,0,4,0,0,0,0,0,0,0,0,0
pbt,bintrie,5,4,storage_mixed_k10,7,,3874,0,0,0.0741,0.6816,0.002,0.2001,1.1973,0,4,0,0,0,0,0,0,0,0,0,0,4,0,0,0,0,0,0,0,0,0
pbt,bintrie,5,4,storage_mixed_k10,7,,3875,0,0,0.1152,1.6753,0.0076,0.3567,2.5593,0,4,0,0,0,0,0,0,0,0,0,0,4,0,0,0,0,0,0,0,0,0
pbt,bintrie,5,4,storage_mixed_k10,7,,3876,0,0,0.0528,0.8423,0.0047,1.932,5.9784,0,4,0,0,0,0,0,0,0,0,0,0,4,0,0,0,0,0,0,0,0,0
pbt,bintrie,5,4,storage_mixed_k10,7,,3877,0,0,0.0478,0.758,0.0041,2.0372,6.2958,0,4,0,0,0,0,0,0,0,0,0,0,4,0,0,0,0,0,0,0,0,0
pbt,bintrie,5,4,storage_mixed_k10,7,,3878,0,0,0.0717,1.1763,0.0038,0.1709,4.8112,0,4,0,0,0,0,0,0,0,0,0,0,4,0,0,0,0,0,0,0,0,0
pbt,bintrie,5,4,storage_mixed_k10,7,,3879,0,0,0.0347,0.5941,0.0032,0.2482,1.0745,0,4,0,0,0,0,0,0,0,0,0,0,4,0,0,0,0,0,0,0,0,0
pbt,bintrie,5,4,storage_mixed_k10,7,,3880,0,0,0.07,1.4154,0.0026,0.2835,2.1761,0,4,0,0,0,0,0,0,0,0,0,0,4,0,0,0,0,0,0,0,0,0
pbt,bintrie,5,4,storage_mixed_k10,7,,3881,0,0,0.0822,1.6347,0.0061,0.4066,2.5882,0,4,0,0,0,0,0,0,0,0,0,0,4,0,0,0,0,0,0,0,0,0
pbt,bintrie,5,4,storage_mixed_k10,7,,3882,0,0,0.0846,1.507,0.0061,0.2949,2.291,0,4,0,0,0,0,0,0,0,0,0,0,4,0,0,0,0,0,0,0,0,0
pbt,bintrie,5,4,storage_mixed_k10,7,,3883,0,0,0.0557,1.1605,0.0038,0.2838,1.796,0,4,0,0,0,0,0,0,0,0,0,0,4,0,0,0,0,0,0,0,0,0
pbt,bintrie,5,4,storage_mixed_k10,7,,3884,0,0,0.0367,0.6886,0.0041,0.1686,1.1278,0,4,0,0,0,0,0,0,0,0,0,0,4,0,0,0,0,0,0,0,0,0
pbt,bintrie,5,4,storage_mixed_k10,7,,3885,0,0,0.0822,1.5563,0.0073,0.2946,2.3204,0,4,0,0,0,0,0,0,0,0,0,0,4,0,0,0,0,0,0,0,0,0
pbt,bintrie,5,4,storage_mixed_k10,7,,3886,0,0,0.0627,1.2643,0.0032,0.273,1.981,0,4,0,0,0,0,0,0,0,0,0,0,4,0,0,0,0,0,0,0,0,0
pbt,bintrie,5,4,storage_mixed_k10,7,,3887,0,0,0.0974,1.4245,0.0047,0.4454,2.4747,0,4,0,0,0,0,0,0,0,0,0,0,4,0,0,0,0,0,0,0,0,0
pbt,bintrie,5,4,storage_mixed_k10,7,,3888,0,0,0.1213,1.8165,0.0041,0.4649,2.8886,0,4,0,0,0,0,0,0,0,0,0,0,4,0,0,0,0,0,0,0,0,0
pbt,bintrie,5,4,storage_mixed_k10,7,,3889,0,0,0.0785,1.4676,0.0067,0.2949,2.3654,0,4,0,0,0,0,0,0,0,0,0,0,4,0,0,0,0,0,0,0,0,0
pbt,bintrie,5,4,storage_mixed_k10,7,,3890,0,0,0.0685,0.9555,0.0061,0.2759,4.8643,0,4,0,0,0,0,0,0,0,0,0,0,4,0,0,0,0,0,0,0,0,0
pbt,bintrie,5,4,storage_mixed_k10,7,,3891,0,0,0.0723,1.4399,0.0023,0.1695,4.3262,0,4,0,0,0,0,0,0,0,0,0,0,4,0,0,0,0,0,0,0,0,0
pbt,bintrie,5,4,storage_mixed_k10,7,,3892,0,0,0.0478,0.9709,0.0041,0.2593,1.6114,0,4,0,0,0,0,0,0,0,0,0,0,4,0,0,0,0,0,0,0,0,0
pbt,bintrie,5,4,storage_mixed_k10,7,,3893,91762,2,1.9754,10.2477,53.658,8.4255,75.5246,1.215,11,0,0,0,3,0,0,0,1,306,4,7,36.36,0,0,0,0,0,0,0,0
pbt,bintrie,5,4,storage_mixed_k10,7,,3894,99904859,1,1312.9409,151.2772,64.8157,26.0554,1556.0554,64.2039,17,12520,11,586,4,0,1536,0,0,0,7,10,41.18,5669,6851,45.28,11,0,100,586,0
pbt,bintrie,5,4,storage_mixed_k10,7,,3895,21000,1,0.2336,2.2997,27.4434,0.9587,47.5259,0.4419,6,0,0,0,2,0,0,0,0,0,2,4,33.33,0,0,0,0,0,0,0,0
pbt,bintrie,5,4,storage_mixed_k10,7,,3896,0,0,0.035,0.5431,0.0053,0.1689,1.0366,0,4,0,0,0,0,0,0,0,0,0,0,4,0,0,0,0,0,0,0,0,0
pbt,bintrie,5,4,storage_mixed_k10,7,,3897,0,0,0.0321,0.4494,0.0009,0.1759,0.8549,0,4,0,0,0,0,0,0,0,0,0,0,4,0,0,0,0,0,0,0,0,0
pbt,bintrie,5,4,storage_mixed_k10,8,,3898,0,0,0.0703,0.7084,0.0026,0.2357,1.367,0,4,0,0,0,0,0,0,0,0,0,0,4,0,0,0,0,0,0,0,0,0
pbt,bintrie,5,4,storage_mixed_k10,8,,3899,0,0,0.0452,0.8137,0.0029,0.3407,1.4875,0,4,0,0,0,0,0,0,0,0,0,0,4,0,0,0,0,0,0,0,0,0
pbt,bintrie,5,4,storage_mixed_k10,8,,3900,0,0,0.0277,0.6253,0.0035,0.1444,0.9543,0,4,0,0,0,0,0,0,0,0,0,0,4,0,0,0,0,0,0,0,0,0
pbt,bintrie,5,4,storage_mixed_k10,8,,3901,0,0,0.0335,0.5521,0.0023,0.1076,0.8738,0,4,0,0,0,0,0,0,0,0,0,0,4,0,0,0,0,0,0,0,0,0
pbt,bintrie,5,4,storage_mixed_k10,8,,3902,0,0,0.0607,0.8759,0.0044,0.6475,4.9533,0,4,0,0,0,0,0,0,0,0,0,0,4,0,0,0,0,0,0,0,0,0
pbt,bintrie,5,4,storage_mixed_k10,8,,3903,0,0,0.0653,1.3171,0.0026,0.4194,2.0781,0,4,0,0,0,0,0,0,0,0,0,0,4,0,0,0,0,0,0,0,0,0
pbt,bintrie,5,4,storage_mixed_k10,8,,3904,0,0,0.0799,2.2265,0.0041,0.4923,3.3042,0,4,0,0,0,0,0,0,0,0,0,0,4,0,0,0,0,0,0,0,0,0
pbt,bintrie,5,4,storage_mixed_k10,8,,3905,0,0,0.0382,0.6186,0.0023,0.1374,0.9873,0,4,0,0,0,0,0,0,0,0,0,0,4,0,0,0,0,0,0,0,0,0
pbt,bintrie,5,4,storage_mixed_k10,8,,3906,0,0,0.0647,1.4895,0.0041,0.2511,2.2353,0,4,0,0,0,0,0,0,0,0,0,0,4,0,0,0,0,0,0,0,0,0
pbt,bintrie,5,4,storage_mixed_k10,8,,3907,0,0,0.0855,1.4904,0.0067,0.3287,2.2922,0,4,0,0,0,0,0,0,0,0,0,0,4,0,0,0,0,0,0,0,0,0
pbt,bintrie,5,4,storage_mixed_k10,8,,3908,0,0,0.0986,2.3266,0.0058,0.4101,3.3348,0,4,0,0,0,0,0,0,0,0,0,0,4,0,0,0,0,0,0,0,0,0
pbt,bintrie,5,4,storage_mixed_k10,8,,3909,0,0,0.0402,0.6151,0.0029,0.1452,1.0608,0,4,0,0,0,0,0,0,0,0,0,0,4,0,0,0,0,0,0,0,0,0
pbt,bintrie,5,4,storage_mixed_k10,8,,3910,0,0,0.0904,1.5738,0.0058,0.3086,2.3861,0,4,0,0,0,0,0,0,0,0,0,0,4,0,0,0,0,0,0,0,0,0
pbt,bintrie,5,4,storage_mixed_k10,8,,3911,0,0,0.0365,0.6314,0.0047,0.168,1.101,0,4,0,0,0,0,0,0,0,0,0,0,4,0,0,0,0,0,0,0,0,0
pbt,bintrie,5,4,storage_mixed_k10,8,,3912,0,0,0.0738,1.0756,0.0055,0.3095,1.81,0,4,0,0,0,0,0,0,0,0,0,0,4,0,0,0,0,0,0,0,0,0
pbt,bintrie,5,4,storage_mixed_k10,8,,3913,0,0,0.0356,0.5795,0.0018,0.138,0.9074,0,4,0,0,0,0,0,0,0,0,0,0,4,0,0,0,0,0,0,0,0,0
pbt,bintrie,5,4,storage_mixed_k10,8,,3914,0,0,0.0709,1.0027,0.0041,2.4657,6.4722,0,4,0,0,0,0,0,0,0,0,0,0,4,0,0,0,0,0,0,0,0,0
pbt,bintrie,5,4,storage_mixed_k10,8,,3915,0,0,0.0577,0.9523,0.0035,1.9121,4.1284,0,4,0,0,0,0,0,0,0,0,0,0,4,0,0,0,0,0,0,0,0,0
pbt,bintrie,5,4,storage_mixed_k10,8,,3916,91762,2,0.1076,1.164,2.5716,7.099,11.1816,8.2065,11,0,0,0,3,0,0,0,1,306,7,4,63.64,0,0,0,0,0,0,0,0
pbt,bintrie,5,4,storage_mixed_k10,8,,3917,99904859,1,1346.0044,169.7437,99.478,10.052,1626.7321,61.4145,17,12520,11,586,4,0,1536,0,0,0,4,13,23.53,3648,8872,29.14,11,0,100,586,0
pbt,bintrie,5,4,storage_mixed_k10,8,,3918,21000,1,0.2887,1.7549,3.154,2.1183,54.5301,0.3851,6,0,0,0,2,0,0,0,0,0,2,4,33.33,0,0,0,0,0,0,0,0
pbt,bintrie,5,4,storage_mixed_k10,8,,3919,0,0,0.1522,2.6357,0.0111,0.4547,3.8368,0,4,0,0,0,0,0,0,0,0,0,0,4,0,0,0,0,0,0,0,0,0
pbt,bintrie,5,4,storage_mixed_k10,8,,3920,0,0,0.0907,1.7155,0.0093,0.3838,2.6652,0,4,0,0,0,0,0,0,0,0,0,0,4,0,0,0,0,0,0,0,0,0
pbt,bintrie,5,4,storage_mixed_k10,9,,3921,0,0,0.1172,1.4458,0.0044,0.6029,2.6395,0,4,0,0,0,0,0,0,0,0,0,0,4,0,0,0,0,0,0,0,0,0
pbt,bintrie,5,4,storage_mixed_k10,9,,3922,0,0,0.0825,1.5353,0.0297,0.3754,2.3983,0,4,0,0,0,0,0,0,0,0,0,0,4,0,0,0,0,0,0,0,0,0
pbt,bintrie,5,4,storage_mixed_k10,9,,3923,0,0,0.0437,0.7761,0.0082,0.4083,4.6187,0,4,0,0,0,0,0,0,0,0,0,0,4,0,0,0,0,0,0,0,0,0
pbt,bintrie,5,4,storage_mixed_k10,9,,3924,0,0,0.04,0.6918,0.0032,0.1485,1.0899,0,4,0,0,0,0,0,0,0,0,0,0,4,0,0,0,0,0,0,0,0,0
pbt,bintrie,5,4,storage_mixed_k10,9,,3925,0,0,0.1954,2.3829,0.0085,6.9934,19.8684,0,4,0,0,0,0,0,0,0,0,0,0,4,0,0,0,0,0,0,0,0,0
pbt,bintrie,5,4,storage_mixed_k10,9,,3926,0,0,0.0785,2.0206,0.0044,0.2978,2.9332,0,4,0,0,0,0,0,0,0,0,0,0,4,0,0,0,0,0,0,0,0,0
pbt,bintrie,5,4,storage_mixed_k10,9,,3927,0,0,0.072,1.3422,0.0044,0.2774,2.1174,0,4,0,0,0,0,0,0,0,0,0,0,4,0,0,0,0,0,0,0,0,0
pbt,bintrie,5,4,storage_mixed_k10,9,,3928,0,0,0.0432,0.4311,0.0012,0.1403,0.8744,0,4,0,0,0,0,0,0,0,0,0,0,4,0,0,0,0,0,0,0,0,0
pbt,bintrie,5,4,storage_mixed_k10,9,,3929,0,0,0.093,1.5758,0.0085,0.3016,2.4173,0,4,0,0,0,0,0,0,0,0,0,0,4,0,0,0,0,0,0,0,0,0
pbt,bintrie,5,4,storage_mixed_k10,9,,3930,0,0,0.1697,2.1883,0.0058,0.707,3.5749,0,4,0,0,0,0,0,0,0,0,0,0,4,0,0,0,0,0,0,0,0,0
pbt,bintrie,5,4,storage_mixed_k10,9,,3931,0,0,0.0668,1.5755,0.0044,0.3226,2.4155,0,4,0,0,0,0,0,0,0,0,0,0,4,0,0,0,0,0,0,0,0,0
pbt,bintrie,5,4,storage_mixed_k10,9,,3932,0,0,0.0388,0.6221,0.0026,0.1875,1.0783,0,4,0,0,0,0,0,0,0,0,0,0,4,0,0,0,0,0,0,0,0,0
pbt,bintrie,5,4,storage_mixed_k10,9,,3933,0,0,0.0408,0.6312,0.0029,0.1878,1.1013,0,4,0,0,0,0,0,0,0,0,0,0,4,0,0,0,0,0,0,0,0,0
pbt,bintrie,5,4,storage_mixed_k10,9,,3934,0,0,0.0992,1.5356,0.0076,0.3526,2.4394,0,4,0,0,0,0,0,0,0,0,0,0,4,0,0,0,0,0,0,0,0,0
pbt,bintrie,5,4,storage_mixed_k10,9,,3935,0,0,0.0472,1.0164,0.0029,0.2074,1.5648,0,4,0,0,0,0,0,0,0,0,0,0,4,0,0,0,0,0,0,0,0,0
pbt,bintrie,5,4,storage_mixed_k10,9,,3936,0,0,0.1942,2.1081,0.0038,0.175,2.8842,0,4,0,0,0,0,0,0,0,0,0,0,4,0,0,0,0,0,0,0,0,0
pbt,bintrie,5,4,storage_mixed_k10,9,,3937,0,0,0.03,0.5052,0.002,0.1123,0.8169,0,4,0,0,0,0,0,0,0,0,0,0,4,0,0,0,0,0,0,0,0,0
pbt,bintrie,5,4,storage_mixed_k10,9,,3938,0,0,0.0411,0.5728,0.0015,0.1193,0.8916,0,4,0,0,0,0,0,0,0,0,0,0,4,0,0,0,0,0,0,0,0,0
pbt,bintrie,5,4,storage_mixed_k10,9,,3939,0,0,0.0426,0.5477,0.0038,0.1633,0.9998,0,4,0,0,0,0,0,0,0,0,0,0,4,0,0,0,0,0,0,0,0,0
pbt,bintrie,5,4,storage_mixed_k10,9,,3940,91762,2,1.5478,6.0391,51.7389,7.2431,67.4028,1.3614,11,0,0,0,3,0,0,0,1,306,4,7,36.36,0,0,0,0,0,0,0,0
pbt,bintrie,5,4,storage_mixed_k10,9,,3941,99904859,1,1293.9482,203.0023,10.1238,11.1915,1519.0962,65.766,17,12520,11,586,4,0,1536,0,0,0,5,12,29.41,3194,9326,25.51,11,0,100,586,0
pbt,bintrie,5,4,storage_mixed_k10,9,,3942,21000,1,0.3045,0.8969,12.996,0.8514,15.3031,1.3723,6,0,0,0,2,0,0,0,0,0,0,6,0,0,0,0,0,0,0,0,0
pbt,bintrie,5,4,storage_mixed_k10,9,,3943,0,0,0.0414,0.6242,0.0096,0.1951,1.2051,0,4,0,0,0,0,0,0,0,0,0,0,4,0,0,0,0,0,0,0,0,0
pbt,bintrie,5,4,storage_mixed_k10,9,,3944,0,0,0.0321,0.4404,0.0029,0.1499,0.8446,0,4,0,0,0,0,0,0,0,0,0,0,4,0,0,0,0,0,0,0,0,0
pbt,bintrie,5,4,storage_mixed_k100,10,,4187,0,0,0.1196,1.614,0.0102,0.4976,2.7836,0,4,0,0,0,0,0,0,0,0,0,0,4,0,0,0,0,0,0,0,0,0
pbt,bintrie,5,4,storage_mixed_k100,10,,4188,0,0,0.084,1.962,0.0061,0.4588,2.9554,0,4,0,0,0,0,0,0,0,0,0,0,4,0,0,0,0,0,0,0,0,0
pbt,bintrie,5,4,storage_mixed_k100,10,,4189,0,0,0.0586,0.8514,0.0041,1.6012,5.0241,0,4,0,0,0,0,0,0,0,0,0,0,4,0,0,0,0,0,0,0,0,0
pbt,bintrie,5,4,storage_mixed_k100,10,,4190,0,0,0.0554,0.8782,0.0038,0.4308,2.7422,0,4,0,0,0,0,0,0,0,0,0,0,4,0,0,0,0,0,0,0,0,0
pbt,bintrie,5,4,storage_mixed_k100,10,,4191,0,0,0.1149,2.3925,0.009,0.7239,12.1934,0,4,0,0,0,0,0,0,0,0,0,0,4,0,0,0,0,0,0,0,0,0
pbt,bintrie,5,4,storage_mixed_k100,10,,4192,0,0,0.021,0.3695,0.0012,0.138,0.6431,0,4,0,0,0,0,0,0,0,0,0,0,4,0,0,0,0,0,0,0,0,0
pbt,bintrie,5,4,storage_mixed_k100,10,,4193,0,0,0.0837,1.9707,0.0055,0.4194,3.0951,0,4,0,0,0,0,0,0,0,0,0,0,4,0,0,0,0,0,0,0,0,0
pbt,bintrie,5,4,storage_mixed_k100,10,,4194,0,0,0.056,0.9762,0.0029,0.2208,1.6085,0,4,0,0,0,0,0,0,0,0,0,0,4,0,0,0,0,0,0,0,0,0
pbt,bintrie,5,4,storage_mixed_k100,10,,4195,0,0,0.033,0.5851,0.0038,0.1534,0.9844,0,4,0,0,0,0,0,0,0,0,0,0,4,0,0,0,0,0,0,0,0,0
pbt,bintrie,5,4,storage_mixed_k100,10,,4196,0,0,0.0846,1.5239,0.0064,0.4104,2.4846,0,4,0,0,0,0,0,0,0,0,0,0,4,0,0,0,0,0,0,0,0,0
pbt,bintrie,5,4,storage_mixed_k100,10,,4197,0,0,0.0475,0.7536,0.0038,0.1954,1.3034,0,4,0,0,0,0,0,0,0,0,0,0,4,0,0,0,0,0,0,0,0,0
pbt,bintrie,5,4,storage_mixed_k100,10,,4198,0,0,0.0385,0.6571,0.0041,0.1899,1.1483,0,4,0,0,0,0,0,0,0,0,0,0,4,0,0,0,0,0,0,0,0,0
pbt,bintrie,5,4,storage_mixed_k100,10,,4199,0,0,0.093,1.563,0.0079,0.3401,2.3648,0,4,0,0,0,0,0,0,0,0,0,0,4,0,0,0,0,0,0,0,0,0
pbt,bintrie,5,4,storage_mixed_k100,10,,4200,0,0,0.03,0.471,0.0035,0.166,0.9021,0,4,0,0,0,0,0,0,0,0,0,0,4,0,0,0,0,0,0,0,0,0
pbt,bintrie,5,4,storage_mixed_k100,10,,4201,0,0,0.0922,2.0985,0.0067,0.4004,3.047,0,4,0,0,0,0,0,0,0,0,0,0,4,0,0,0,0,0,0,0,0,0
pbt,bintrie,5,4,storage_mixed_k100,10,,4202,0,0,0.1502,2.2694,0.0088,2.0084,9.054,0,4,0,0,0,0,0,0,0,0,0,0,4,0,0,0,0,0,0,0,0,0
pbt,bintrie,5,4,storage_mixed_k100,10,,4203,0,0,0.0417,0.7983,0.0058,0.6481,2.9846,0,4,0,0,0,0,0,0,0,0,0,0,4,0,0,0,0,0,0,0,0,0
pbt,bintrie,5,4,storage_mixed_k100,10,,4204,0,0,0.0455,0.777,0.0032,0.1954,1.2343,0,4,0,0,0,0,0,0,0,0,0,0,4,0,0,0,0,0,0,0,0,0
pbt,bintrie,5,4,storage_mixed_k100,10,,4205,91762,2,0.3917,2.9901,17.1586,41.4215,106.2369,0.8637,11,0,0,0,3,0,0,0,1,306,6,5,54.55,0,0,0,0,0,0,0,0
pbt,bintrie,5,4,storage_mixed_k100,10,,4206,99904119,1,1280.9735,136.6838,28.7098,29.7446,1476.4432,67.6654,107,13385,101,3106,15,0,1427,0,0,0,43,64,40.19,7419,5966,55.43,101,0,100,3106,0
pbt,bintrie,5,4,storage_mixed_k100,10,,4207,0,0,0.0925,2.0302,0.007,0.5833,3.4465,0,4,0,0,0,0,0,0,0,0,0,0,4,0,0,0,0,0,0,0,0,0
pbt,bintrie,5,4,storage_mixed_k100,10,,4208,21000,1,0.2377,1.6718,2.8212,4.7689,9.9648,2.1074,6,0,0,0,2,0,0,0,0,0,2,4,33.33,0,0,0,0,0,0,0,0
pbt,bintrie,5,4,storage_mixed_k100,10,,4209,0,0,0.0318,0.4422,0.0038,0.1759,0.9015,0,4,0,0,0,0,0,0,0,0,0,0,4,0,0,0,0,0,0,0,0,0
pbt,bintrie,5,4,storage_mixed_k100,1,,3969,0,0,0.0618,0.665,0.0038,0.2094,1.239,0,4,0,0,0,0,0,0,0,0,0,0,4,0,0,0,0,0,0,0,0,0
pbt,bintrie,5,4,storage_mixed_k100,1,,3970,0,0,0.0551,0.7528,0.002,0.2327,1.3335,0,4,0,0,0,0,0,0,0,0,0,0,4,0,0,0,0,0,0,0,0,0
pbt,bintrie,5,4,storage_mixed_k100,1,,3971,0,0,0.0347,0.9797,0.0041,1.1293,2.9151,0,4,0,0,0,0,0,0,0,0,0,0,4,0,0,0,0,0,0,0,0,0
pbt,bintrie,5,4,storage_mixed_k100,1,,3972,0,0,0.0449,0.8563,0.0041,0.2115,3.427,0,4,0,0,0,0,0,0,0,0,0,0,4,0,0,0,0,0,0,0,0,0
pbt,bintrie,5,4,storage_mixed_k100,1,,3973,0,0,0.0621,0.8382,0.0029,0.2677,2.0343,0,4,0,0,0,0,0,0,0,0,0,0,4,0,0,0,0,0,0,0,0,0
pbt,bintrie,5,4,storage_mixed_k100,1,,3974,0,0,0.0385,0.4448,0.0018,0.124,0.7755,0,4,0,0,0,0,0,0,0,0,0,0,4,0,0,0,0,0,0,0,0,0
pbt,bintrie,5,4,storage_mixed_k100,1,,3975,0,0,0.0942,1.6082,0.0111,0.4042,2.4791,0,4,0,0,0,0,0,0,0,0,0,0,4,0,0,0,0,0,0,0,0,0
pbt,bintrie,5,4,storage_mixed_k100,1,,3976,0,0,0.0831,1.6041,0.0061,0.2917,2.3951,0,4,0,0,0,0,0,0,0,0,0,0,4,0,0,0,0,0,0,0,0,0
pbt,bintrie,5,4,storage_mixed_k100,1,,3977,0,0,0.0478,0.6201,0.0035,0.1476,1.1039,0,4,0,0,0,0,0,0,0,0,0,0,4,0,0,0,0,0,0,0,0,0
pbt,bintrie,5,4,storage_mixed_k100,1,,3978,0,0,0.044,0.5801,0.0023,0.1374,0.9561,0,4,0,0,0,0,0,0,0,0,0,0,4,0,0,0,0,0,0,0,0,0
pbt,bintrie,5,4,storage_mixed_k100,1,,3979,0,0,0.086,1.6193,0.0053,0.2861,2.4438,0,4,0,0,0,0,0,0,0,0,0,0,4,0,0,0,0,0,0,0,0,0
pbt,bintrie,5,4,storage_mixed_k100,1,,3980,0,0,0.0875,1.5516,0.007,0.3654,2.363,0,4,0,0,0,0,0,0,0,0,0,0,4,0,0,0,0,0,0,0,0,0
pbt,bintrie,5,4,storage_mixed_k100,1,,3981,0,0,0.0297,0.5107,0.002,0.1712,0.9114,0,4,0,0,0,0,0,0,0,0,0,0,4,0,0,0,0,0,0,0,0,0
pbt,bintrie,5,4,storage_mixed_k100,1,,3982,0,0,0.0822,1.5747,0.0061,0.3733,2.3461,0,4,0,0,0,0,0,0,0,0,0,0,4,0,0,0,0,0,0,0,0,0
pbt,bintrie,5,4,storage_mixed_k100,1,,3983,0,0,0.0752,1.4583,0.0041,0.3156,2.1536,0,4,0,0,0,0,0,0,0,0,0,0,4,0,0,0,0,0,0,0,0,0
pbt,bintrie,5,4,storage_mixed_k100,1,,3984,0,0,0.1065,1.8284,0.0117,0.3929,2.8326,0,4,0,0,0,0,0,0,0,0,0,0,4,0,0,0,0,0,0,0,0,0
pbt,bintrie,5,4,storage_mixed_k100,1,,3985,0,0,0.0262,0.5944,0.0018,0.1117,0.8799,0,4,0,0,0,0,0,0,0,0,0,0,4,0,0,0,0,0,0,0,0,0
pbt,bintrie,5,4,storage_mixed_k100,1,,3986,0,0,0.0376,0.8759,0.0029,0.1791,1.3136,0,4,0,0,0,0,0,0,0,0,0,0,4,0,0,0,0,0,0,0,0,0
pbt,bintrie,5,4,storage_mixed_k100,1,,3987,0,0,0.0925,2.5584,0.0058,0.3917,3.6732,0,4,0,0,0,0,0,0,0,0,0,0,4,0,0,0,0,0,0,0,0,0
pbt,bintrie,5,4,storage_mixed_k100,1,,3988,91762,2,2.256,25.5514,68.9001,9.7965,110.3,0.8319,11,0,0,0,3,0,0,0,1,306,7,4,63.64,0,0,0,0,0,0,0,0
pbt,bintrie,5,4,storage_mixed_k100,1,,3989,99904119,1,1299.7686,175.1317,15.387,26.6078,1517.7917,65.822,107,13385,101,3106,15,0,1427,0,0,0,53,54,49.53,5462,7923,40.81,101,0,100,3106,0
pbt,bintrie,5,4,storage_mixed_k100,1,,3990,21000,1,0.3456,2.2481,30.6473,4.7441,39.0129,0.5383,6,0,0,0,2,0,0,0,0,0,2,4,33.33,0,0,0,0,0,0,0,0
pbt,bintrie,5,4,storage_mixed_k100,1,,3991,0,0,0.0857,2.0524,0.0061,0.3392,3.0155,0,4,0,0,0,0,0,0,0,0,0,0,4,0,0,0,0,0,0,0,0,0
pbt,bintrie,5,4,storage_mixed_k100,1,,3992,0,0,0.1044,1.7546,0.0096,0.35,2.8285,0,4,0,0,0,0,0,0,0,0,0,0,4,0,0,0,0,0,0,0,0,0
pbt,bintrie,5,4,storage_mixed_k100,2,,3993,0,0,0.0446,0.5655,0.0023,0.1613,0.9797,0,4,0,0,0,0,0,0,0,0,0,0,4,0,0,0,0,0,0,0,0,0
pbt,bintrie,5,4,storage_mixed_k100,2,,3994,0,0,0.1619,2.2974,0.0114,0.7668,3.8998,0,4,0,0,0,0,0,0,0,0,0,0,4,0,0,0,0,0,0,0,0,0
pbt,bintrie,5,4,storage_mixed_k100,2,,3995,0,0,0.0297,0.7895,0.0038,0.1747,1.9328,0,4,0,0,0,0,0,0,0,0,0,0,4,0,0,0,0,0,0,0,0,0
pbt,bintrie,5,4,storage_mixed_k100,2,,3996,0,0,0.026,0.5684,0.0015,2.2685,3.0003,0,4,0,0,0,0,0,0,0,0,0,0,4,0,0,0,0,0,0,0,0,0
pbt,bintrie,5,4,storage_mixed_k100,2,,3997,0,0,0.0472,0.8379,0.0099,1.1827,6.3191,0,4,0,0,0,0,0,0,0,0,0,0,4,0,0,0,0,0,0,0,0,0
pbt,bintrie,5,4,storage_mixed_k100,2,,3998,0,0,0.0455,0.8117,0.0038,0.2284,1.3551,0,4,0,0,0,0,0,0,0,0,0,0,4,0,0,0,0,0,0,0,0,0
pbt,bintrie,5,4,storage_mixed_k100,2,,3999,0,0,0.0647,1.2888,0.0035,0.2753,1.9051,0,4,0,0,0,0,0,0,0,0,0,0,4,0,0,0,0,0,0,0,0,0
pbt,bintrie,5,4,storage_mixed_k100,2,,4000,0,0,0.0426,0.8852,0.0029,0.1963,1.4761,0,4,0,0,0,0,0,0,0,0,0,0,4,0,0,0,0,0,0,0,0,0
pbt,bintrie,5,4,storage_mixed_k100,2,,4001,0,0,0.0373,0.6309,0.0035,0.1878,1.0599,0,4,0,0,0,0,0,0,0,0,0,0,4,0,0,0,0,0,0,0,0,0
pbt,bintrie,5,4,storage_mixed_k100,2,,4002,0,0,0.0697,1.288,0.005,0.3564,2.0282,0,4,0,0,0,0,0,0,0,0,0,0,4,0,0,0,0,0,0,0,0,0
pbt,bintrie,5,4,storage_mixed_k100,2,,4003,0,0,0.0875,1.5586,0.0058,0.3313,2.3411,0,4,0,0,0,0,0,0,0,0,0,0,4,0,0,0,0,0,0,0,0,0
pbt,bintrie,5,4,storage_mixed_k100,2,,4004,0,0,0.0942,1.544,0.0073,0.322,2.3575,0,4,0,0,0,0,0,0,0,0,0,0,4,0,0,0,0,0,0,0,0,0
pbt,bintrie,5,4,storage_mixed_k100,2,,4005,0,0,0.065,1.3037,0.0035,0.2683,1.9203,0,4,0,0,0,0,0,0,0,0,0,0,4,0,0,0,0,0,0,0,0,0
pbt,bintrie,5,4,storage_mixed_k100,2,,4006,0,0,0.1126,1.5359,0.0076,0.5425,3.0753,0,4,0,0,0,0,0,0,0,0,0,0,4,0,0,0,0,0,0,0,0,0
pbt,bintrie,5,4,storage_mixed_k100,2,,4007,0,0,0.1852,2.3117,0.0093,0.4602,3.5463,0,4,0,0,0,0,0,0,0,0,0,0,4,0,0,0,0,0,0,0,0,0
pbt,bintrie,5,4,storage_mixed_k100,2,,4008,0,0,0.0242,0.4815,0.0018,0.1065,0.7481,0,4,0,0,0,0,0,0,0,0,0,0,4,0,0,0,0,0,0,0,0,0
pbt,bintrie,5,4,storage_mixed_k100,2,,4009,0,0,0.033,0.6186,0.0026,0.1175,0.8992,0,4,0,0,0,0,0,0,0,0,0,0,4,0,0,0,0,0,0,0,0,0
pbt,bintrie,5,4,storage_mixed_k100,2,,4010,0,0,0.0513,1.0296,0.0026,0.1146,1.4,0,4,0,0,0,0,0,0,0,0,0,0,4,0,0,0,0,0,0,0,0,0
pbt,bintrie,5,4,storage_mixed_k100,2,,4011,91762,2,0.4147,2.6249,3.2911,20.8787,51.3005,1.7887,11,0,0,0,3,0,0,0,1,306,5,6,45.45,0,0,0,0,0,0,0,0
pbt,bintrie,5,4,storage_mixed_k100,2,,4012,99904119,1,1325.7247,164.9214,8.573,8.7862,1508.2553,66.2382,107,13385,101,3106,15,0,1427,0,0,0,32,75,29.91,4998,8387,37.34,101,0,100,3106,0
pbt,bintrie,5,4,storage_mixed_k100,2,,4013,0,0,0.1094,1.635,0.0076,0.4599,2.6815,0,4,0,0,0,0,0,0,0,0,0,0,4,0,0,0,0,0,0,0,0,0
pbt,bintrie,5,4,storage_mixed_k100,2,,4014,21000,1,0.0583,0.6554,2.4584,0.9071,4.5793,4.5858,6,0,0,0,2,0,0,0,0,0,2,4,33.33,0,0,0,0,0,0,0,0
pbt,bintrie,5,4,storage_mixed_k100,2,,4015,0,0,0.0595,1.3305,0.0035,0.2762,1.9754,0,4,0,0,0,0,0,0,0,0,0,0,4,0,0,0,0,0,0,0,0,0
pbt,bintrie,5,4,storage_mixed_k100,2,,4016,0,0,0.04,0.6676,0.0035,0.2441,1.2267,0,4,0,0,0,0,0,0,0,0,0,0,4,0,0,0,0,0,0,0,0,0
pbt,bintrie,5,4,storage_mixed_k100,3,,4018,0,0,0.054,0.7044,0.0029,0.2336,1.2215,0,4,0,0,0,0,0,0,0,0,0,0,4,0,0,0,0,0,0,0,0,0
pbt,bintrie,5,4,storage_mixed_k100,3,,4019,0,0,0.07,1.1229,0.0053,0.2599,1.9223,0,4,0,0,0,0,0,0,0,0,0,0,4,0,0,0,0,0,0,0,0,0
pbt,bintrie,5,4,storage_mixed_k100,3,,4020,0,0,0.0493,0.765,0.0041,2.9434,9.8511,0,4,0,0,0,0,0,0,0,0,0,0,4,0,0,0,0,0,0,0,0,0
pbt,bintrie,5,4,storage_mixed_k100,3,,4021,0,0,0.0303,0.6545,0.0023,0.1167,0.9809,0,4,0,0,0,0,0,0,0,0,0,0,4,0,0,0,0,0,0,0,0,0
pbt,bintrie,5,4,storage_mixed_k100,3,,4022,0,0,0.1823,2.7871,0.0087,1.01,11.3849,0,4,0,0,0,0,0,0,0,0,0,0,4,0,0,0,0,0,0,0,0,0
pbt,bintrie,5,4,storage_mixed_k100,3,,4023,0,0,0.0467,0.9782,0.0029,0.2214,1.5041,0,4,0,0,0,0,0,0,0,0,0,0,4,0,0,0,0,0,0,0,0,0
pbt,bintrie,5,4,storage_mixed_k100,3,,4024,0,0,0.0674,1.4073,0.0041,0.3412,2.1627,0,4,0,0,0,0,0,0,0,0,0,0,4,0,0,0,0,0,0,0,0,0
pbt,bintrie,5,4,storage_mixed_k100,3,,4025,0,0,0.0344,0.5801,0.0044,0.2179,1.0625,0,4,0,0,0,0,0,0,0,0,0,0,4,0,0,0,0,0,0,0,0,0
pbt,bintrie,5,4,storage_mixed_k100,3,,4026,0,0,0.0379,0.6489,0.0047,0.1998,1.1783,0,4,0,0,0,0,0,0,0,0,0,0,4,0,0,0,0,0,0,0,0,0
pbt,bintrie,5,4,storage_mixed_k100,3,,4027,0,0,0.2473,1.88,0.005,0.4346,2.9668,0,4,0,0,0,0,0,0,0,0,0,0,4,0,0,0,0,0,0,0,0,0
pbt,bintrie,5,4,storage_mixed_k100,3,,4028,0,0,0.0817,1.6779,0.0038,0.2444,2.44,0,4,0,0,0,0,0,0,0,0,0,0,4,0,0,0,0,0,0,0,0,0
pbt,bintrie,5,4,storage_mixed_k100,3,,4029,0,0,0.0933,1.5723,0.0076,0.4352,2.473,0,4,0,0,0,0,0,0,0,0,0,0,4,0,0,0,0,0,0,0,0,0
pbt,bintrie,5,4,storage_mixed_k100,3,,4030,0,0,0.0846,1.5522,0.0064,0.4092,2.4599,0,4,0,0,0,0,0,0,0,0,0,0,4,0,0,0,0,0,0,0,0,0
pbt,bintrie,5,4,storage_mixed_k100,3,,4031,0,0,0.0857,1.6587,0.0082,0.2885,2.3954,0,4,0,0,0,0,0,0,0,0,0,0,4,0,0,0,0,0,0,0,0,0
pbt,bintrie,5,4,storage_mixed_k100,3,,4032,0,0,0.1461,1.9264,0.0099,0.3847,2.988,0,4,0,0,0,0,0,0,0,0,0,0,4,0,0,0,0,0,0,0,0,0
pbt,bintrie,5,4,storage_mixed_k100,3,,4033,0,0,0.0283,0.6014,0.0017,0.1846,0.9406,0,4,0,0,0,0,0,0,0,0,0,0,4,0,0,0,0,0,0,0,0,0
pbt,bintrie,5,4,storage_mixed_k100,3,,4034,0,0,0.1975,2.7708,0.0079,0.4856,3.9814,0,4,0,0,0,0,0,0,0,0,0,0,4,0,0,0,0,0,0,0,0,0
pbt,bintrie,5,4,storage_mixed_k100,3,,4035,0,0,0.0545,0.9896,0.0053,0.6107,9.9835,0,4,0,0,0,0,0,0,0,0,0,0,4,0,0,0,0,0,0,0,0,0
pbt,bintrie,5,4,storage_mixed_k100,3,,4036,91762,2,0.1289,1.1025,14.9872,6.4206,22.8145,4.0221,11,0,0,0,3,0,0,0,1,306,6,5,54.55,0,0,0,0,0,0,0,0
pbt,bintrie,5,4,storage_mixed_k100,3,,4037,99904119,1,1283.9492,180.61,8.4001,8.8323,1482.0687,67.4086,107,13385,101,3106,15,0,1427,0,0,0,4,103,3.74,5082,8303,37.97,101,0,100,3106,0
pbt,bintrie,5,4,storage_mixed_k100,3,,4038,21000,1,0.0674,0.7044,2.2735,0.6851,3.9572,5.3067,6,0,0,0,2,0,0,0,0,0,2,4,33.33,0,0,0,0,0,0,0,0
pbt,bintrie,5,4,storage_mixed_k100,3,,4039,0,0,0.0391,0.5752,0.0029,0.1747,1.0243,0,4,0,0,0,0,0,0,0,0,0,0,4,0,0,0,0,0,0,0,0,0
pbt,bintrie,5,4,storage_mixed_k100,3,,4040,0,0,0.0974,1.6222,0.0061,0.3503,2.4383,0,4,0,0,0,0,0,0,0,0,0,0,4,0,0,0,0,0,0,0,0,0
pbt,bintrie,5,4,storage_mixed_k100,4,,4041,0,0,0.037,0.4769,0.002,0.1167,0.7916,0,4,0,0,0,0,0,0,0,0,0,0,4,0,0,0,0,0,0,0,0,0
pbt,bintrie,5,4,storage_mixed_k100,4,,4042,0,0,0.0496,0.8035,0.0047,0.2123,1.3288,0,4,0,0,0,0,0,0,0,0,0,0,4,0,0,0,0,0,0,0,0,0
pbt,bintrie,5,4,storage_mixed_k100,4,,4043,0,0,0.0263,0.5518,0.0035,0.1397,0.8449,0,4,0,0,0,0,0,0,0,0,0,0,4,0,0,0,0,0,0,0,0,0
pbt,bintrie,5,4,storage_mixed_k100,4,,4044,0,0,0.0522,0.8172,0.0166,3.7014,8.9962,0,4,0,0,0,0,0,0,0,0,0,0,4,0,0,0,0,0,0,0,0,0
pbt,bintrie,5,4,storage_mixed_k100,4,,4045,0,0,0.0321,0.5909,0.0029,0.128,0.9012,0,4,0,0,0,0,0,0,0,0,0,0,4,0,0,0,0,0,0,0,0,0
pbt,bintrie,5,4,storage_mixed_k100,4,,4046,0,0,0.0907,2.2679,0.0044,0.6186,3.6067,0,4,0,0,0,0,0,0,0,0,0,0,4,0,0,0,0,0,0,0,0,0
pbt,bintrie,5,4,storage_mixed_k100,4,,4047,0,0,0.0971,2.0775,0.0064,0.3549,3.0618,0,4,0,0,0,0,0,0,0,0,0,0,4,0,0,0,0,0,0,0,0,0
pbt,bintrie,5,4,storage_mixed_k100,4,,4048,0,0,0.0825,2.053,0.0055,0.4314,3.0887,0,4,0,0,0,0,0,0,0,0,0,0,4,0,0,0,0,0,0,0,0,0
pbt,bintrie,5,4,storage_mixed_k100,4,,4049,0,0,0.033,0.4492,0.0023,0.1922,0.9222,0,4,0,0,0,0,0,0,0,0,0,0,4,0,0,0,0,0,0,0,0,0
pbt,bintrie,5,4,storage_mixed_k100,4,,4050,0,0,0.0262,0.4442,0.0032,0.1455,0.8557,0,4,0,0,0,0,0,0,0,0,0,0,4,0,0,0,0,0,0,0,0,0
pbt,bintrie,5,4,storage_mixed_k100,4,,4051,0,0,0.0376,0.6256,0.0035,0.1905,1.0739,0,4,0,0,0,0,0,0,0,0,0,0,4,0,0,0,0,0,0,0,0,0
pbt,bintrie,5,4,storage_mixed_k100,4,,4052,0,0,0.0968,1.6441,0.0073,0.3509,2.5727,0,4,0,0,0,0,0,0,0,0,0,0,4,0,0,0,0,0,0,0,0,0
pbt,bintrie,5,4,storage_mixed_k100,4,,4053,0,0,0.0881,1.5289,0.0058,0.4544,2.5631,0,4,0,0,0,0,0,0,0,0,0,0,4,0,0,0,0,0,0,0,0,0
pbt,bintrie,5,4,storage_mixed_k100,4,,4054,0,0,0.1695,3.5358,0.0096,0.695,5.4925,0,4,0,0,0,0,0,0,0,0,0,0,4,0,0,0,0,0,0,0,0,0
pbt,bintrie,5,4,storage_mixed_k100,4,,4055,0,0,0.0423,0.9275,0.0038,0.2167,1.3982,0,4,0,0,0,0,0,0,0,0,0,0,4,0,0,0,0,0,0,0,0,0
pbt,bintrie,5,4,storage_mixed_k100,4,,4056,0,0,0.2141,3.6481,0.0149,2.3476,10.841,0,4,0,0,0,0,0,0,0,0,0,0,4,0,0,0,0,0,0,0,0,0
pbt,bintrie,5,4,storage_mixed_k100,4,,4057,0,0,0.0254,0.5413,0.002,0.1388,0.8648,0,4,0,0,0,0,0,0,0,0,0,0,4,0,0,0,0,0,0,0,0,0
pbt,bintrie,5,4,storage_mixed_k100,4,,4058,0,0,0.0505,0.6102,0.0032,0.1047,0.9327,0,4,0,0,0,0,0,0,0,0,0,0,4,0,0,0,0,0,0,0,0,0
pbt,bintrie,5,4,storage_mixed_k100,4,,4059,0,0,0.03,0.4089,0.0015,0.1636,0.8155,0,4,0,0,0,0,0,0,0,0,0,0,4,0,0,0,0,0,0,0,0,0
pbt,bintrie,5,4,storage_mixed_k100,4,,4060,91762,2,0.8869,6.1642,69.79,14.7125,101.0722,0.9079,11,0,0,0,3,0,0,0,1,306,7,4,63.64,0,0,0,0,0,0,0,0
pbt,bintrie,5,4,storage_mixed_k100,4,,4061,99904119,1,1283.3453,237.6911,14.1399,74.948,1611.0343,62.0124,107,13385,101,3106,15,0,1427,0,0,0,27,80,25.23,3480,9905,26.0,101,0,100,3106,0
pbt,bintrie,5,4,storage_mixed_k100,4,,4062,21000,1,0.3305,0.8312,30.9704,2.6206,57.7675,0.3635,6,0,0,0,2,0,0,0,0,0,0,6,0,0,0,0,0,0,0,0,0
pbt,bintrie,5,4,storage_mixed_k100,4,,4063,0,0,0.1969,2.6541,0.0128,0.7256,4.4819,0,4,0,0,0,0,0,0,0,0,0,0,4,0,0,0,0,0,0,0,0,0
pbt,bintrie,5,4,storage_mixed_k100,4,,4064,0,0,0.1032,1.5895,0.0088,0.3278,2.368,0,4,0,0,0,0,0,0,0,0,0,0,4,0,0,0,0,0,0,0,0,0
pbt,bintrie,5,4,storage_mixed_k100,5,,4066,0,0,0.0636,0.7487,0.0038,0.2085,1.3084,0,4,0,0,0,0,0,0,0,0,0,0,4,0,0,0,0,0,0,0,0,0
pbt,bintrie,5,4,storage_mixed_k100,5,,4067,0,0,0.0965,2.0297,0.0061,0.4264,3.0563,0,4,0,0,0,0,0,0,0,0,0,0,4,0,0,0,0,0,0,0,0,0
pbt,bintrie,5,4,storage_mixed_k100,5,,4068,0,0,0.0236,0.4739,0.0018,0.2287,1.1477,0,4,0,0,0,0,0,0,0,0,0,0,4,0,0,0,0,0,0,0,0,0
pbt,bintrie,5,4,storage_mixed_k100,5,,4069,0,0,0.049,0.8721,0.0044,0.2082,4.7097,0,4,0,0,0,0,0,0,0,0,0,0,4,0,0,0,0,0,0,0,0,0
pbt,bintrie,5,4,storage_mixed_k100,5,,4070,0,0,0.0577,0.9004,0.0058,1.1766,4.0033,0,4,0,0,0,0,0,0,0,0,0,0,4,0,0,0,0,0,0,0,0,0
pbt,bintrie,5,4,storage_mixed_k100,5,,4071,0,0,0.266,4.3026,0.0128,0.5792,5.746,0,4,0,0,0,0,0,0,0,0,0,0,4,0,0,0,0,0,0,0,0,0
pbt,bintrie,5,4,storage_mixed_k100,5,,4072,0,0,0.0907,2.3499,0.0076,0.5054,3.6705,0,4,0,0,0,0,0,0,0,0,0,0,4,0,0,0,0,0,0,0,0,0
pbt,bintrie,5,4,storage_mixed_k100,5,,4073,0,0,0.0898,1.5863,0.0055,0.2782,2.3604,0,4,0,0,0,0,0,0,0,0,0,0,4,0,0,0,0,0,0,0,0,0
pbt,bintrie,5,4,storage_mixed_k100,5,,4074,0,0,0.0808,1.0176,0.0038,0.2012,1.5843,0,4,0,0,0,0,0,0,0,0,0,0,4,0,0,0,0,0,0,0,0,0
pbt,bintrie,5,4,storage_mixed_k100,5,,4075,0,0,0.0382,0.6463,0.0038,0.1893,1.0716,0,4,0,0,0,0,0,0,0,0,0,0,4,0,0,0,0,0,0,0,0,0
pbt,bintrie,5,4,storage_mixed_k100,5,,4076,0,0,0.035,0.4909,0.0018,0.2368,0.9978,0,4,0,0,0,0,0,0,0,0,0,0,4,0,0,0,0,0,0,0,0,0
pbt,bintrie,5,4,storage_mixed_k100,5,,4077,0,0,0.0898,2.0022,0.0061,0.4416,2.9364,0,4,0,0,0,0,0,0,0,0,0,0,4,0,0,0,0,0,0,0,0,0
pbt,bintrie,5,4,storage_mixed_k100,5,,4078,0,0,0.1149,1.675,0.0085,0.373,2.6932,0,4,0,0,0,0,0,0,0,0,0,0,4,0,0,0,0,0,0,0,0,0
pbt,bintrie,5,4,storage_mixed_k100,5,,4079,0,0,0.091,2.0903,0.0058,0.3377,3.0327,0,4,0,0,0,0,0,0,0,0,0,0,4,0,0,0,0,0,0,0,0,0
pbt,bintrie,5,4,storage_mixed_k100,5,,4080,0,0,0.1455,2.1186,0.0082,0.3923,3.3322,0,4,0,0,0,0,0,0,0,0,0,0,4,0,0,0,0,0,0,0,0,0
pbt,bintrie,5,4,storage_mixed_k100,5,,4081,0,0,0.089,0.9849,0.0053,0.2672,4.6663,0,4,0,0,0,0,0,0,0,0,0,0,4,0,0,0,0,0,0,0,0,0
pbt,bintrie,5,4,storage_mixed_k100,5,,4082,0,0,0.0449,0.7341,0.0018,0.1339,1.1168,0,4,0,0,0,0,0,0,0,0,0,0,4,0,0,0,0,0,0,0,0,0
pbt,bintrie,5,4,storage_mixed_k100,5,,4083,0,0,0.0455,1.0961,0.0029,0.1814,1.6018,0,4,0,0,0,0,0,0,0,0,0,0,4,0,0,0,0,0,0,0,0,0
pbt,bintrie,5,4,storage_mixed_k100,5,,4084,91762,2,0.4693,2.5771,64.2616,61.3126,129.1675,0.7104,11,0,0,0,3,0,0,0,1,306,4,7,36.36,0,0,0,0,0,0,0,0
pbt,bintrie,5,4,storage_mixed_k100,5,,4085,99904119,1,1355.4009,178.3483,15.4182,10.9005,1560.2846,64.0294,107,13385,101,3106,15,0,1427,0,0,0,4,103,3.74,6060,7325,45.27,101,0,100,3106,0
pbt,bintrie,5,4,storage_mixed_k100,5,,4086,21000,1,0.2485,2.9134,19.729,3.5918,27.5076,0.7634,6,0,0,0,2,0,0,0,0,0,2,4,33.33,0,0,0,0,0,0,0,0
pbt,bintrie,5,4,storage_mixed_k100,5,,4087,0,0,0.1111,1.8278,0.0064,0.3771,2.7903,0,4,0,0,0,0,0,0,0,0,0,0,4,0,0,0,0,0,0,0,0,0
pbt,bintrie,5,4,storage_mixed_k100,5,,4088,0,0,0.1625,2.1046,0.0105,0.5279,3.308,0,4,0,0,0,0,0,0,0,0,0,0,4,0,0,0,0,0,0,0,0,0
pbt,bintrie,5,4,storage_mixed_k100,6,,4089,0,0,0.0653,0.7239,0.0044,0.2257,1.2708,0,4,0,0,0,0,0,0,0,0,0,0,4,0,0,0,0,0,0,0,0,0
pbt,bintrie,5,4,storage_mixed_k100,6,,4090,0,0,0.0379,0.6201,0.0047,0.1753,1.1241,0,4,0,0,0,0,0,0,0,0,0,0,4,0,0,0,0,0,0,0,0,0
pbt,bintrie,5,4,storage_mixed_k100,6,,4091,0,0,0.0283,0.5807,0.0023,0.1027,0.8502,0,4,0,0,0,0,0,0,0,0,0,0,4,0,0,0,0,0,0,0,0,0
pbt,bintrie,5,4,storage_mixed_k100,6,,4092,0,0,0.159,2.4642,0.0041,0.3678,8.499,0,4,0,0,0,0,0,0,0,0,0,0,4,0,0,0,0,0,0,0,0,0
pbt,bintrie,5,4,storage_mixed_k100,6,,4093,0,0,0.0254,0.5515,0.0018,0.1318,0.8563,0,4,0,0,0,0,0,0,0,0,0,0,4,0,0,0,0,0,0,0,0,0
pbt,bintrie,5,4,storage_mixed_k100,6,,4094,0,0,0.0359,0.4923,0.0026,0.1321,0.8659,0,4,0,0,0,0,0,0,0,0,0,0,4,0,0,0,0,0,0,0,0,0
pbt,bintrie,5,4,storage_mixed_k100,6,,4095,0,0,0.0831,2.0877,0.0044,0.469,3.11,0,4,0,0,0,0,0,0,0,0,0,0,4,0,0,0,0,0,0,0,0,0
pbt,bintrie,5,4,storage_mixed_k100,6,,4096,0,0,0.0892,1.5601,0.0076,0.3975,2.669,0,4,0,0,0,0,0,0,0,0,0,0,4,0,0,0,0,0,0,0,0,0
pbt,bintrie,5,4,storage_mixed_k100,6,,4097,0,0,0.0283,0.4462,0.0012,0.1496,0.8222,0,4,0,0,0,0,0,0,0,0,0,0,4,0,0,0,0,0,0,0,0,0
pbt,bintrie,5,4,storage_mixed_k100,6,,4098,0,0,0.091,2.0407,0.0055,0.3701,3.0131,0,4,0,0,0,0,0,0,0,0,0,0,4,0,0,0,0,0,0,0,0,0
pbt,bintrie,5,4,storage_mixed_k100,6,,4099,0,0,0.0694,1.5213,0.005,0.3307,2.2854,0,4,0,0,0,0,0,0,0,0,0,0,4,0,0,0,0,0,0,0,0,0
pbt,bintrie,5,4,storage_mixed_k100,6,,4100,0,0,0.0268,0.4462,0.0026,0.133,0.7983,0,4,0,0,0,0,0,0,0,0,0,0,4,0,0,0,0,0,0,0,0,0
pbt,bintrie,5,4,storage_mixed_k100,6,,4101,0,0,0.0289,0.4489,0.0018,0.1324,0.8546,0,4,0,0,0,0,0,0,0,0,0,0,4,0,0,0,0,0,0,0,0,0
pbt,bintrie,5,4,storage_mixed_k100,6,,4102,0,0,0.0755,1.3346,0.0052,0.3319,2.1396,0,4,0,0,0,0,0,0,0,0,0,0,4,0,0,0,0,0,0,0,0,0
pbt,bintrie,5,4,storage_mixed_k100,6,,4103,0,0,0.0467,0.6562,0.0032,0.2336,1.178,0,4,0,0,0,0,0,0,0,0,0,0,4,0,0,0,0,0,0,0,0,0
pbt,bintrie,5,4,storage_mixed_k100,6,,4104,0,0,0.0481,0.8677,0.0082,0.8697,7.6254,0,4,0,0,0,0,0,0,0,0,0,0,4,0,0,0,0,0,0,0,0,0
pbt,bintrie,5,4,storage_mixed_k100,6,,4105,0,0,0.1808,2.7652,0.0099,2.3814,12.7391,0,4,0,0,0,0,0,0,0,0,0,0,4,0,0,0,0,0,0,0,0,0
pbt,bintrie,5,4,storage_mixed_k100,6,,4106,0,0,0.1438,2.2694,0.0044,0.6574,6.5924,0,4,0,0,0,0,0,0,0,0,0,0,4,0,0,0,0,0,0,0,0,0
pbt,bintrie,5,4,storage_mixed_k100,6,,4107,91762,2,1.5656,2.988,79.1695,16.5989,101.976,0.8998,11,0,0,0,3,0,0,0,1,306,4,7,36.36,0,0,0,0,0,0,0,0
pbt,bintrie,5,4,storage_mixed_k100,6,,4108,99904119,1,1289.9168,239.157,22.0442,12.3106,1563.8315,63.8842,107,13385,101,3106,15,0,1427,0,0,0,30,77,28.04,4485,8900,33.51,101,0,100,3106,0
pbt,bintrie,5,4,storage_mixed_k100,6,,4109,0,0,0.0895,2.1708,0.0061,0.392,3.1181,0,4,0,0,0,0,0,0,0,0,0,0,4,0,0,0,0,0,0,0,0,0
pbt,bintrie,5,4,storage_mixed_k100,6,,4110,21000,1,0.273,2.0935,37.0194,2.8154,43.1201,0.487,6,0,0,0,2,0,0,0,0,0,2,4,33.33,0,0,0,0,0,0,0,0
pbt,bintrie,5,4,storage_mixed_k100,6,,4111,0,0,0.0496,0.8677,0.0038,0.2777,1.5187,0,4,0,0,0,0,0,0,0,0,0,0,4,0,0,0,0,0,0,0,0,0
pbt,bintrie,5,4,storage_mixed_k100,6,,4112,0,0,0.0502,0.8114,0.0041,0.2027,1.3763,0,4,0,0,0,0,0,0,0,0,0,0,4,0,0,0,0,0,0,0,0,0
pbt,bintrie,5,4,storage_mixed_k100,7,,4114,0,0,0.0642,0.7755,0.002,0.2374,1.374,0,4,0,0,0,0,0,0,0,0,0,0,4,0,0,0,0,0,0,0,0,0
pbt,bintrie,5,4,storage_mixed_k100,7,,4115,0,0,0.0974,1.3915,0.0061,0.4284,2.375,0,4,0,0,0,0,0,0,0,0,0,0,4,0,0,0,0,0,0,0,0,0
pbt,bintrie,5,4,storage_mixed_k100,7,,4116,0,0,0.0461,0.5215,0.002,0.1108,0.8534,0,4,0,0,0,0,0,0,0,0,0,0,4,0,0,0,0,0,0,0,0,0
pbt,bintrie,5,4,storage_mixed_k100,7,,4117,0,0,0.0254,0.5262,0.0029,0.1327,0.8566,0,4,0,0,0,0,0,0,0,0,0,0,4,0,0,0,0,0,0,0,0,0
pbt,bintrie,5,4,storage_mixed_k100,7,,4118,0,0,0.0321,0.6539,0.0023,0.1356,1.0089,0,4,0,0,0,0,0,0,0,0,0,0,4,0,0,0,0,0,0,0,0,0
pbt,bintrie,5,4,storage_mixed_k100,7,,4119,0,0,0.0461,0.7566,0.0047,0.1861,1.2092,0,4,0,0,0,0,0,0,0,0,0,0,4,0,0,0,0,0,0,0,0,0
pbt,bintrie,5,4,storage_mixed_k100,7,,4120,0,0,0.0534,0.4462,0.0023,0.135,0.8341,0,4,0,0,0,0,0,0,0,0,0,0,4,0,0,0,0,0,0,0,0,0
pbt,bintrie,5,4,storage_mixed_k100,7,,4121,0,0,0.2981,2.1877,0.005,0.6414,3.7274,0,4,0,0,0,0,0,0,0,0,0,0,4,0,0,0,0,0,0,0,0,0
pbt,bintrie,5,4,storage_mixed_k100,7,,4122,0,0,0.0403,0.5454,0.0058,0.1805,1.0488,0,4,0,0,0,0,0,0,0,0,0,0,4,0,0,0,0,0,0,0,0,0
pbt,bintrie,5,4,storage_mixed_k100,7,,4123,0,0,0.0729,1.4872,0.0064,0.3132,2.2478,0,4,0,0,0,0,0,0,0,0,0,0,4,0,0,0,0,0,0,0,0,0
pbt,bintrie,5,4,storage_mixed_k100,7,,4124,0,0,0.0898,2.2207,0.0064,0.5209,3.3389,0,4,0,0,0,0,0,0,0,0,0,0,4,0,0,0,0,0,0,0,0,0
pbt,bintrie,5,4,storage_mixed_k100,7,,4125,0,0,0.0846,1.4761,0.0064,0.3258,2.3047,0,4,0,0,0,0,0,0,0,0,0,0,4,0,0,0,0,0,0,0,0,0
pbt,bintrie,5,4,storage_mixed_k100,7,,4126,0,0,0.0347,0.5801,0.0041,0.2322,1.0809,0,4,0,0,0,0,0,0,0,0,0,0,4,0,0,0,0,0,0,0,0,0
pbt,bintrie,5,4,storage_mixed_k100,7,,4127,0,0,0.04,0.5921,0.0026,0.1721,0.9975,0,4,0,0,0,0,0,0,0,0,0,0,4,0,0,0,0,0,0,0,0,0
pbt,bintrie,5,4,storage_mixed_k100,7,,4128,0,0,0.1158,1.612,0.0117,0.3182,2.5363,0,4,0,0,0,0,0,0,0,0,0,0,4,0,0,0,0,0,0,0,0,0
pbt,bintrie,5,4,storage_mixed_k100,7,,4129,0,0,0.0601,0.9004,0.0035,3.3812,4.6776,0,4,0,0,0,0,0,0,0,0,0,0,4,0,0,0,0,0,0,0,0,0
pbt,bintrie,5,4,storage_mixed_k100,7,,4130,0,0,0.0411,0.6851,0.0018,0.1044,1.0724,0,4,0,0,0,0,0,0,0,0,0,0,4,0,0,0,0,0,0,0,0,0
pbt,bintrie,5,4,storage_mixed_k100,7,,4131,0,0,0.1458,2.1131,0.0061,0.5019,3.3748,0,4,0,0,0,0,0,0,0,0,0,0,4,0,0,0,0,0,0,0,0,0
pbt,bintrie,5,4,storage_mixed_k100,7,,4132,91762,2,0.1444,4.6572,4.813,30.1803,53.9555,1.7007,11,0,0,0,3,0,0,0,1,306,5,6,45.45,0,0,0,0,0,0,0,0
pbt,bintrie,5,4,storage_mixed_k100,7,,4133,99904119,1,1366.4521,149.1335,12.2943,16.8452,1545.0072,64.6626,107,13385,101,3106,15,0,1427,0,0,0,60,47,56.07,6209,7176,46.39,101,0,100,3106,0
pbt,bintrie,5,4,storage_mixed_k100,7,,4134,0,0,0.1797,2.5033,0.0114,0.8621,4.5099,0,4,0,0,0,0,0,0,0,0,0,0,4,0,0,0,0,0,0,0,0,0
pbt,bintrie,5,4,storage_mixed_k100,7,,4135,21000,1,0.2225,1.9442,28.3837,2.2857,33.3434,0.6298,6,0,0,0,2,0,0,0,0,0,2,4,33.33,0,0,0,0,0,0,0,0
pbt,bintrie,5,4,storage_mixed_k100,7,,4136,0,0,0.0962,2.1265,0.0061,0.4926,3.261,0,4,0,0,0,0,0,0,0,0,0,0,4,0,0,0,0,0,0,0,0,0
pbt,bintrie,5,4,storage_mixed_k100,8,,4137,0,0,0.1444,1.6487,0.0061,0.5072,2.8393,0,4,0,0,0,0,0,0,0,0,0,0,4,0,0,0,0,0,0,0,0,0
pbt,bintrie,5,4,storage_mixed_k100,8,,4138,0,0,0.0857,1.4029,0.0053,0.4209,2.2919,0,4,0,0,0,0,0,0,0,0,0,0,4,0,0,0,0,0,0,0,0,0
pbt,bintrie,5,4,storage_mixed_k100,8,,4139,0,0,0.0537,1.0112,0.0041,0.6691,4.4312,0,4,0,0,0,0,0,0,0,0,0,0,4,0,0,0,0,0,0,0,0,0
pbt,bintrie,5,4,storage_mixed_k100,8,,4140,0,0,0.0324,0.5498,0.0023,0.1406,0.9152,0,4,0,0,0,0,0,0,0,0,0,0,4,0,0,0,0,0,0,0,0,0
pbt,bintrie,5,4,storage_mixed_k100,8,,4141,0,0,0.0245,0.5186,0.002,0.1146,0.8654,0,4,0,0,0,0,0,0,0,0,0,0,4,0,0,0,0,0,0,0,0,0
pbt,bintrie,5,4,storage_mixed_k100,8,,4142,0,0,0.0726,1.1553,0.0055,0.4629,2.0507,0,4,0,0,0,0,0,0,0,0,0,0,4,0,0,0,0,0,0,0,0,0
pbt,bintrie,5,4,storage_mixed_k100,8,,4143,0,0,0.0697,1.3513,0.0044,0.2759,2.111,0,4,0,0,0,0,0,0,0,0,0,0,4,0,0,0,0,0,0,0,0,0
pbt,bintrie,5,4,storage_mixed_k100,8,,4144,0,0,0.0388,0.6154,0.0029,0.1975,1.0333,0,4,0,0,0,0,0,0,0,0,0,0,4,0,0,0,0,0,0,0,0,0
pbt,bintrie,5,4,storage_mixed_k100,8,,4145,0,0,0.0563,1.2909,0.0038,0.2972,1.9912,0,4,0,0,0,0,0,0,0,0,0,0,4,0,0,0,0,0,0,0,0,0
pbt,bintrie,5,4,storage_mixed_k100,8,,4146,0,0,0.0315,0.4398,0.0018,0.1692,0.8729,0,4,0,0,0,0,0,0,0,0,0,0,4,0,0,0,0,0,0,0,0,0
pbt,bintrie,5,4,storage_mixed_k100,8,,4147,0,0,0.0796,1.3282,0.005,0.2835,2.1443,0,4,0,0,0,0,0,0,0,0,0,0,4,0,0,0,0,0,0,0,0,0
pbt,bintrie,5,4,storage_mixed_k100,8,,4148,0,0,0.0365,0.7032,0.0029,0.2182,1.1783,0,4,0,0,0,0,0,0,0,0,0,0,4,0,0,0,0,0,0,0,0,0
pbt,bintrie,5,4,storage_mixed_k100,8,,4149,0,0,0.0715,1.3218,0.0023,0.3427,2.1437,0,4,0,0,0,0,0,0,0,0,0,0,4,0,0,0,0,0,0,0,0,0
pbt,bintrie,5,4,storage_mixed_k100,8,,4150,0,0,0.0808,1.7564,0.0044,0.3792,2.8606,0,4,0,0,0,0,0,0,0,0,0,0,4,0,0,0,0,0,0,0,0,0
pbt,bintrie,5,4,storage_mixed_k100,8,,4151,0,0,0.0735,1.2743,0.0026,0.285,2.0288,0,4,0,0,0,0,0,0,0,0,0,0,4,0,0,0,0,0,0,0,0,0
pbt,bintrie,5,4,storage_mixed_k100,8,,4152,0,0,0.3514,4.8281,0.0073,2.5511,11.3228,0,4,0,0,0,0,0,0,0,0,0,0,4,0,0,0,0,0,0,0,0,0
pbt,bintrie,5,4,storage_mixed_k100,8,,4153,0,0,0.1619,2.3455,0.0064,0.42,4.6429,0,4,0,0,0,0,0,0,0,0,0,0,4,0,0,0,0,0,0,0,0,0
pbt,bintrie,5,4,storage_mixed_k100,8,,4154,0,0,0.0653,0.8831,0.0047,0.2998,3.9969,0,4,0,0,0,0,0,0,0,0,0,0,4,0,0,0,0,0,0,0,0,0
pbt,bintrie,5,4,storage_mixed_k100,8,,4155,0,0,0.1275,2.7495,0.007,0.667,4.0809,0,4,0,0,0,0,0,0,0,0,0,0,4,0,0,0,0,0,0,0,0,0
pbt,bintrie,5,4,storage_mixed_k100,8,,4156,91762,2,0.9059,36.9917,6.1161,18.3646,62.7499,1.4623,11,0,0,0,3,0,0,0,1,306,4,7,36.36,0,0,0,0,0,0,0,0
pbt,bintrie,5,4,storage_mixed_k100,8,,4157,0,0,0.089,1.5125,0.0079,0.4112,2.7585,0,4,0,0,0,0,0,0,0,0,0,0,4,0,0,0,0,0,0,0,0,0
pbt,bintrie,5,4,storage_mixed_k100,8,,4158,99904119,1,1287.9091,138.7385,9.1354,13.3326,1449.465,68.9248,107,13385,101,3106,15,0,1427,0,0,0,57,50,53.27,6545,6840,48.9,101,0,100,3106,0
pbt,bintrie,5,4,storage_mixed_k100,8,,4159,21000,1,0.2427,2.0763,35.0522,6.8377,44.9152,0.4675,6,0,0,0,2,0,0,0,0,0,2,4,33.33,0,0,0,0,0,0,0,0
pbt,bintrie,5,4,storage_mixed_k100,8,,4160,0,0,0.1126,2.1137,0.0085,0.5206,3.3617,0,4,0,0,0,0,0,0,0,0,0,0,4,0,0,0,0,0,0,0,0,0
pbt,bintrie,5,4,storage_mixed_k100,8,,4161,0,0,0.0461,0.6699,0.005,0.2039,1.1733,0,4,0,0,0,0,0,0,0,0,0,0,4,0,0,0,0,0,0,0,0,0
pbt,bintrie,5,4,storage_mixed_k100,9,,4162,0,0,0.224,2.2542,0.009,0.6533,3.8359,0,4,0,0,0,0,0,0,0,0,0,0,4,0,0,0,0,0,0,0,0,0
pbt,bintrie,5,4,storage_mixed_k100,9,,4163,0,0,0.0892,1.5359,0.0067,0.2695,2.2618,0,4,0,0,0,0,0,0,0,0,0,0,4,0,0,0,0,0,0,0,0,0
pbt,bintrie,5,4,storage_mixed_k100,9,,4164,0,0,0.0735,1.0984,0.0058,0.2768,1.8701,0,4,0,0,0,0,0,0,0,0,0,0,4,0,0,0,0,0,0,0,0,0
pbt,bintrie,5,4,storage_mixed_k100,9,,4165,0,0,0.1312,2.1317,0.0073,0.5081,7.1521,0,4,0,0,0,0,0,0,0,0,0,0,4,0,0,0,0,0,0,0,0,0
pbt,bintrie,5,4,storage_mixed_k100,9,,4166,0,0,0.0382,0.6592,0.002,0.1604,1.0313,0,4,0,0,0,0,0,0,0,0,0,0,4,0,0,0,0,0,0,0,0,0
pbt,bintrie,5,4,storage_mixed_k100,9,,4167,0,0,0.0785,1.5963,0.0032,0.334,2.3347,0,4,0,0,0,0,0,0,0,0,0,0,4,0,0,0,0,0,0,0,0,0
pbt,bintrie,5,4,storage_mixed_k100,9,,4168,0,0,0.0811,1.8503,0.0047,0.3678,2.774,0,4,0,0,0,0,0,0,0,0,0,0,4,0,0,0,0,0,0,0,0,0
pbt,bintrie,5,4,storage_mixed_k100,9,,4169,0,0,0.0878,1.4793,0.0073,0.2928,2.1912,0,4,0,0,0,0,0,0,0,0,0,0,4,0,0,0,0,0,0,0,0,0
pbt,bintrie,5,4,storage_mixed_k100,9,,4170,0,0,0.1394,2.2079,0.0052,0.4917,3.3203,0,4,0,0,0,0,0,0,0,0,0,0,4,0,0,0,0,0,0,0,0,0
pbt,bintrie,5,4,storage_mixed_k100,9,,4171,0,0,0.0505,0.8904,0.0023,0.1811,1.5023,0,4,0,0,0,0,0,0,0,0,0,0,4,0,0,0,0,0,0,0,0,0
pbt,bintrie,5,4,storage_mixed_k100,9,,4172,0,0,0.0368,0.6743,0.0035,0.1464,1.0969,0,4,0,0,0,0,0,0,0,0,0,0,4,0,0,0,0,0,0,0,0,0
pbt,bintrie,5,4,storage_mixed_k100,9,,4173,0,0,0.0362,0.6475,0.0032,0.1905,1.0873,0,4,0,0,0,0,0,0,0,0,0,0,4,0,0,0,0,0,0,0,0,0
pbt,bintrie,5,4,storage_mixed_k100,9,,4174,0,0,0.0855,1.5289,0.0067,0.4072,2.4704,0,4,0,0,0,0,0,0,0,0,0,0,4,0,0,0,0,0,0,0,0,0
pbt,bintrie,5,4,storage_mixed_k100,9,,4175,0,0,0.0446,0.6387,0.0038,0.1814,1.1768,0,4,0,0,0,0,0,0,0,0,0,0,4,0,0,0,0,0,0,0,0,0
pbt,bintrie,5,4,storage_mixed_k100,9,,4176,0,0,0.0435,0.6478,0.0026,0.1537,1.1582,0,4,0,0,0,0,0,0,0,0,0,0,4,0,0,0,0,0,0,0,0,0
pbt,bintrie,5,4,storage_mixed_k100,9,,4177,0,0,0.0682,0.8035,0.0029,0.1741,1.2792,0,4,0,0,0,0,0,0,0,0,0,0,4,0,0,0,0,0,0,0,0,0
pbt,bintrie,5,4,storage_mixed_k100,9,,4178,0,0,0.033,0.6011,0.0032,0.126,0.9001,0,4,0,0,0,0,0,0,0,0,0,0,4,0,0,0,0,0,0,0,0,0
pbt,bintrie,5,4,storage_mixed_k100,9,,4179,0,0,0.0542,1.2941,0.0026,0.1487,1.8552,0,4,0,0,0,0,0,0,0,0,0,0,4,0,0,0,0,0,0,0,0,0
pbt,bintrie,5,4,storage_mixed_k100,9,,4180,0,0,0.0674,1.5569,0.0035,0.3331,2.2399,0,4,0,0,0,0,0,0,0,0,0,0,4,0,0,0,0,0,0,0,0,0
pbt,bintrie,5,4,storage_mixed_k100,9,,4181,91762,2,1.9824,31.3359,2.3581,33.71,72.0982,1.2727,11,0,0,0,3,0,0,0,1,306,4,7,36.36,0,0,0,0,0,0,0,0
pbt,bintrie,5,4,storage_mixed_k100,9,,4182,0,0,0.1368,3.0181,0.0099,0.4599,4.4265,0,4,0,0,0,0,0,0,0,0,0,0,4,0,0,0,0,0,0,0,0,0
pbt,bintrie,5,4,storage_mixed_k100,9,,4183,99904119,1,1309.6277,167.187,9.2984,8.0507,1494.6063,66.8431,107,13385,101,3106,15,0,1427,0,0,0,22,85,20.56,6474,6911,48.37,101,0,100,3106,0
pbt,bintrie,5,4,storage_mixed_k100,9,,4184,21000,1,0.0674,0.7417,2.1326,0.6565,3.7945,5.5343,6,0,0,0,2,0,0,0,0,0,2,4,33.33,0,0,0,0,0,0,0,0
pbt,bintrie,5,4,storage_mixed_k100,9,,4185,0,0,0.1021,2.3032,0.0064,0.399,3.387,0,4,0,0,0,0,0,0,0,0,0,0,4,0,0,0,0,0,0,0,0,0
pbt,bintrie,5,4,storage_mixed_k100,9,,4186,0,0,0.0907,1.6254,0.0079,0.4136,2.6258,0,4,0,0,0,0,0,0,0,0,0,0,4,0,0,0,0,0,0,0,0,0
pbt,bintrie,5,4,storage_mixed_k1000,10,,4420,0,0,0.0645,0.6408,0.0035,0.1814,1.1252,0,4,0,0,0,0,0,0,0,0,0,0,4,0,0,0,0,0,0,0,0,0
pbt,bintrie,5,4,storage_mixed_k1000,10,,4421,0,0,0.0184,0.3485,0.0009,0.0997,0.5781,0,4,0,0,0,0,0,0,0,0,0,0,4,0,0,0,0,0,0,0,0,0
pbt,bintrie,5,4,storage_mixed_k1000,10,,4422,0,0,0.0907,1.6298,0.0041,0.2039,9.5918,0,4,0,0,0,0,0,0,0,0,0,0,4,0,0,0,0,0,0,0,0,0
pbt,bintrie,5,4,storage_mixed_k1000,10,,4423,0,0,0.1479,2.3837,0.007,0.3246,7.1731,0,4,0,0,0,0,0,0,0,0,0,0,4,0,0,0,0,0,0,0,0,0
pbt,bintrie,5,4,storage_mixed_k1000,10,,4424,0,0,0.0297,0.518,0.0023,0.1534,0.8516,0,4,0,0,0,0,0,0,0,0,0,0,4,0,0,0,0,0,0,0,0,0
pbt,bintrie,5,4,storage_mixed_k1000,10,,4425,0,0,0.0274,0.4232,0.0012,0.152,0.807,0,4,0,0,0,0,0,0,0,0,0,0,4,0,0,0,0,0,0,0,0,0
pbt,bintrie,5,4,storage_mixed_k1000,10,,4426,0,0,0.0437,0.6043,0.0041,0.184,1.0739,0,4,0,0,0,0,0,0,0,0,0,0,4,0,0,0,0,0,0,0,0,0
pbt,bintrie,5,4,storage_mixed_k1000,10,,4427,0,0,0.037,0.5813,0.0038,0.2161,1.0739,0,4,0,0,0,0,0,0,0,0,0,0,4,0,0,0,0,0,0,0,0,0
pbt,bintrie,5,4,storage_mixed_k1000,10,,4428,0,0,0.0292,0.4188,0.002,0.1627,0.7916,0,4,0,0,0,0,0,0,0,0,0,0,4,0,0,0,0,0,0,0,0,0
pbt,bintrie,5,4,storage_mixed_k1000,10,,4429,0,0,0.028,0.4276,0.0035,0.1741,0.8686,0,4,0,0,0,0,0,0,0,0,0,0,4,0,0,0,0,0,0,0,0,0
pbt,bintrie,5,4,storage_mixed_k1000,10,,4430,0,0,0.1371,2.55,0.0061,0.5127,3.9377,0,4,0,0,0,0,0,0,0,0,0,0,4,0,0,0,0,0,0,0,0,0
pbt,bintrie,5,4,storage_mixed_k1000,10,,4431,0,0,0.0426,0.8134,0.002,0.2123,1.3492,0,4,0,0,0,0,0,0,0,0,0,0,4,0,0,0,0,0,0,0,0,0
pbt,bintrie,5,4,storage_mixed_k1000,10,,4432,0,0,0.0846,1.9565,0.0061,0.3529,3.1406,0,4,0,0,0,0,0,0,0,0,0,0,4,0,0,0,0,0,0,0,0,0
pbt,bintrie,5,4,storage_mixed_k1000,10,,4433,0,0,0.0426,0.5652,0.0038,0.1966,1.0298,0,4,0,0,0,0,0,0,0,0,0,0,4,0,0,0,0,0,0,0,0,0
pbt,bintrie,5,4,storage_mixed_k1000,10,,4434,0,0,0.0822,1.773,0.0041,0.4535,2.7897,0,4,0,0,0,0,0,0,0,0,0,0,4,0,0,0,0,0,0,0,0,0
pbt,bintrie,5,4,storage_mixed_k1000,10,,4435,0,0,0.0467,0.9129,0.0023,0.1432,1.4854,0,4,0,0,0,0,0,0,0,0,0,0,4,0,0,0,0,0,0,0,0,0
pbt,bintrie,5,4,storage_mixed_k1000,10,,4436,0,0,0.0335,0.555,0.0032,0.1102,0.8531,0,4,0,0,0,0,0,0,0,0,0,0,4,0,0,0,0,0,0,0,0,0
pbt,bintrie,5,4,storage_mixed_k1000,10,,4437,0,0,0.0962,2.0649,0.0061,0.5649,3.2243,0,4,0,0,0,0,0,0,0,0,0,0,4,0,0,0,0,0,0,0,0,0
pbt,bintrie,5,4,storage_mixed_k1000,10,,4438,91750,2,0.8837,2.2125,56.5376,46.7139,121.022,0.7581,11,0,0,0,3,0,0,0,1,306,4,7,36.36,0,0,0,0,0,0,0,0
pbt,bintrie,5,4,storage_mixed_k1000,10,,4439,0,0,0.0965,1.675,0.0073,0.7548,3.6303,0,4,0,0,0,0,0,0,0,0,0,0,4,0,0,0,0,0,0,0,0,0
pbt,bintrie,5,4,storage_mixed_k1000,10,,4440,99909508,1,1345.5378,228.968,83.675,23.203,1682.6866,59.375,1007,13958,1001,28306,158,0,1346,0,0,0,304,703,30.19,4266,9692,30.56,1001,0,100,28306,0
pbt,bintrie,5,4,storage_mixed_k1000,10,,4441,0,0,0.1021,1.5111,0.0085,0.3205,2.4581,0,4,0,0,0,0,0,0,0,0,0,0,4,0,0,0,0,0,0,0,0,0
pbt,bintrie,5,4,storage_mixed_k1000,10,,4442,21000,1,0.8511,5.7696,61.9764,1.0249,71.1876,0.295,6,0,0,0,2,0,0,0,0,0,0,6,0,0,0,0,0,0,0,0,0
pbt,bintrie,5,4,storage_mixed_k1000,10,,4443,0,0,0.0907,1.8445,0.0082,0.3299,2.6929,0,4,0,0,0,0,0,0,0,0,0,0,4,0,0,0,0,0,0,0,0,0
pbt,bintrie,5,4,storage_mixed_k1000,10,,4444,0,0,0.0881,2.0422,0.005,0.9969,4.6768,0,4,0,0,0,0,0,0,0,0,0,0,4,0,0,0,0,0,0,0,0,0
pbt,bintrie,5,4,storage_mixed_k1000,1,,4210,0,0,0.0496,0.5752,0.0023,0.1528,0.9852,0,4,0,0,0,0,0,0,0,0,0,0,4,0,0,0,0,0,0,0,0,0
pbt,bintrie,5,4,storage_mixed_k1000,1,,4211,0,0,0.037,0.6802,0.0044,0.1522,1.0593,0,4,0,0,0,0,0,0,0,0,0,0,4,0,0,0,0,0,0,0,0,0
pbt,bintrie,5,4,storage_mixed_k1000,1,,4212,0,0,0.0446,0.814,0.0038,1.7082,4.4901,0,4,0,0,0,0,0,0,0,0,0,0,4,0,0,0,0,0,0,0,0,0
pbt,bintrie,5,4,storage_mixed_k1000,1,,4213,0,0,0.0359,0.6099,0.0029,0.1452,0.9319,0,4,0,0,0,0,0,0,0,0,0,0,4,0,0,0,0,0,0,0,0,0
pbt,bintrie,5,4,storage_mixed_k1000,1,,4214,0,0,0.14,2.1274,0.0076,0.4171,6.6496,0,4,0,0,0,0,0,0,0,0,0,0,4,0,0,0,0,0,0,0,0,0
pbt,bintrie,5,4,storage_mixed_k1000,1,,4215,0,0,0.0843,2.1504,0.0038,0.4789,3.1426,0,4,0,0,0,0,0,0,0,0,0,0,4,0,0,0,0,0,0,0,0,0
pbt,bintrie,5,4,storage_mixed_k1000,1,,4216,0,0,0.0376,0.3993,0.0018,0.184,0.8245,0,4,0,0,0,0,0,0,0,0,0,0,4,0,0,0,0,0,0,0,0,0
pbt,bintrie,5,4,storage_mixed_k1000,1,,4217,0,0,0.0726,1.3338,0.0026,0.2654,2.1134,0,4,0,0,0,0,0,0,0,0,0,0,4,0,0,0,0,0,0,0,0,0
pbt,bintrie,5,4,storage_mixed_k1000,1,,4218,0,0,0.0817,1.8946,0.0044,0.3506,2.79,0,4,0,0,0,0,0,0,0,0,0,0,4,0,0,0,0,0,0,0,0,0
pbt,bintrie,5,4,storage_mixed_k1000,1,,4219,0,0,0.0341,0.576,0.002,0.1517,1.0071,0,4,0,0,0,0,0,0,0,0,0,0,4,0,0,0,0,0,0,0,0,0
pbt,bintrie,5,4,storage_mixed_k1000,1,,4220,0,0,0.1044,1.5111,0.0058,0.2981,2.3298,0,4,0,0,0,0,0,0,0,0,0,0,4,0,0,0,0,0,0,0,0,0
pbt,bintrie,5,4,storage_mixed_k1000,1,,4221,0,0,0.0849,1.4743,0.0073,0.3462,2.3082,0,4,0,0,0,0,0,0,0,0,0,0,4,0,0,0,0,0,0,0,0,0
pbt,bintrie,5,4,storage_mixed_k1000,1,,4222,0,0,0.0353,0.5647,0.0047,0.1966,1.0004,0,4,0,0,0,0,0,0,0,0,0,0,4,0,0,0,0,0,0,0,0,0
pbt,bintrie,5,4,storage_mixed_k1000,1,,4223,0,0,0.0869,1.9675,0.0053,0.3465,2.902,0,4,0,0,0,0,0,0,0,0,0,0,4,0,0,0,0,0,0,0,0,0
pbt,bintrie,5,4,storage_mixed_k1000,1,,4224,0,0,0.1972,2.4467,0.009,0.4427,3.8604,0,4,0,0,0,0,0,0,0,0,0,0,4,0,0,0,0,0,0,0,0,0
pbt,bintrie,5,4,storage_mixed_k1000,1,,4225,0,0,0.0478,0.8522,0.0041,1.2547,6.3725,0,4,0,0,0,0,0,0,0,0,0,0,4,0,0,0,0,0,0,0,0,0
pbt,bintrie,5,4,storage_mixed_k1000,1,,4226,0,0,0.0589,0.9284,0.0035,14.2283,16.0066,0,4,0,0,0,0,0,0,0,0,0,0,4,0,0,0,0,0,0,0,0,0
pbt,bintrie,5,4,storage_mixed_k1000,1,,4227,0,0,0.0513,0.8397,0.005,0.4742,2.1866,0,4,0,0,0,0,0,0,0,0,0,0,4,0,0,0,0,0,0,0,0,0
pbt,bintrie,5,4,storage_mixed_k1000,1,,4228,91750,2,0.8088,5.3132,5.8755,14.3266,26.5574,3.4548,11,0,0,0,3,0,0,0,1,306,5,6,45.45,0,0,0,0,0,0,0,0
pbt,bintrie,5,4,storage_mixed_k1000,1,,4229,99909508,1,1269.2705,281.756,126.5412,34.66,1712.9844,58.3248,1007,13958,1001,28306,158,0,1346,0,0,0,334,673,33.17,2378,11580,17.04,1001,0,100,28306,0
pbt,bintrie,5,4,storage_mixed_k1000,1,,4230,21000,1,0.2365,2.7116,95.6212,0.7816,103.3627,0.2032,6,0,0,0,2,0,0,0,0,0,2,4,33.33,0,0,0,0,0,0,0,0
pbt,bintrie,5,4,storage_mixed_k1000,1,,4231,0,0,0.1132,2.5514,0.0067,0.2675,3.4258,0,4,0,0,0,0,0,0,0,0,0,0,4,0,0,0,0,0,0,0,0,0
pbt,bintrie,5,4,storage_mixed_k1000,2,,4233,0,0,0.0659,0.6714,0.0032,0.2228,1.3206,0,4,0,0,0,0,0,0,0,0,0,0,4,0,0,0,0,0,0,0,0,0
pbt,bintrie,5,4,storage_mixed_k1000,2,,4234,0,0,0.0898,2.0197,0.0058,0.25,2.7609,0,4,0,0,0,0,0,0,0,0,0,0,4,0,0,0,0,0,0,0,0,0
pbt,bintrie,5,4,storage_mixed_k1000,2,,4235,0,0,0.0335,0.6638,0.0041,0.0992,0.9963,0,4,0,0,0,0,0,0,0,0,0,0,4,0,0,0,0,0,0,0,0,0
pbt,bintrie,5,4,storage_mixed_k1000,2,,4236,0,0,0.0662,1.0765,0.0035,1.2139,5.8221,0,4,0,0,0,0,0,0,0,0,0,0,4,0,0,0,0,0,0,0,0,0
pbt,bintrie,5,4,storage_mixed_k1000,2,,4237,0,0,0.033,0.6775,0.0026,0.161,1.0488,0,4,0,0,0,0,0,0,0,0,0,0,4,0,0,0,0,0,0,0,0,0
pbt,bintrie,5,4,storage_mixed_k1000,2,,4238,0,0,0.0933,1.5222,0.0076,0.4028,2.3767,0,4,0,0,0,0,0,0,0,0,0,0,4,0,0,0,0,0,0,0,0,0
pbt,bintrie,5,4,storage_mixed_k1000,2,,4239,0,0,0.0755,1.836,0.002,0.1963,2.5258,0,4,0,0,0,0,0,0,0,0,0,0,4,0,0,0,0,0,0,0,0,0
pbt,bintrie,5,4,storage_mixed_k1000,2,,4240,0,0,0.0265,0.4404,0.0012,0.2313,0.9167,0,4,0,0,0,0,0,0,0,0,0,0,4,0,0,0,0,0,0,0,0,0
pbt,bintrie,5,4,storage_mixed_k1000,2,,4241,0,0,0.0385,0.4346,0.0018,0.2115,0.8922,0,4,0,0,0,0,0,0,0,0,0,0,4,0,0,0,0,0,0,0,0,0
pbt,bintrie,5,4,storage_mixed_k1000,2,,4242,0,0,0.0578,1.1783,0.0044,0.2263,1.9247,0,4,0,0,0,0,0,0,0,0,0,0,4,0,0,0,0,0,0,0,0,0
pbt,bintrie,5,4,storage_mixed_k1000,2,,4243,0,0,0.0262,0.4459,0.002,0.1415,0.8309,0,4,0,0,0,0,0,0,0,0,0,0,4,0,0,0,0,0,0,0,0,0
pbt,bintrie,5,4,storage_mixed_k1000,2,,4244,0,0,0.0295,0.4214,0.0058,0.1546,0.8315,0,4,0,0,0,0,0,0,0,0,0,0,4,0,0,0,0,0,0,0,0,0
pbt,bintrie,5,4,storage_mixed_k1000,2,,4245,0,0,0.068,1.5271,0.0061,0.3637,2.3484,0,4,0,0,0,0,0,0,0,0,0,0,4,0,0,0,0,0,0,0,0,0
pbt,bintrie,5,4,storage_mixed_k1000,2,,4246,0,0,0.0321,0.4655,0.0035,0.1426,0.8942,0,4,0,0,0,0,0,0,0,0,0,0,4,0,0,0,0,0,0,0,0,0
pbt,bintrie,5,4,storage_mixed_k1000,2,,4247,0,0,0.4357,5.9586,0.0111,1.0118,8.7524,0,4,0,0,0,0,0,0,0,0,0,0,4,0,0,0,0,0,0,0,0,0
pbt,bintrie,5,4,storage_mixed_k1000,2,,4248,0,0,0.0254,0.5912,0.0026,0.1207,0.8843,0,4,0,0,0,0,0,0,0,0,0,0,4,0,0,0,0,0,0,0,0,0
pbt,bintrie,5,4,storage_mixed_k1000,2,,4249,0,0,0.0263,0.5072,0.0026,0.1385,0.8689,0,4,0,0,0,0,0,0,0,0,0,0,4,0,0,0,0,0,0,0,0,0
pbt,bintrie,5,4,storage_mixed_k1000,2,,4250,0,0,0.0309,0.5839,0.0023,0.1744,0.9817,0,4,0,0,0,0,0,0,0,0,0,0,4,0,0,0,0,0,0,0,0,0
pbt,bintrie,5,4,storage_mixed_k1000,2,,4251,91750,2,0.6988,49.7151,73.3953,13.1515,137.6228,0.6667,11,0,0,0,3,0,0,0,1,306,5,6,45.45,0,0,0,0,0,0,0,0
pbt,bintrie,5,4,storage_mixed_k1000,2,,4252,99909508,1,1288.8189,171.614,53.2186,25.3884,1555.9772,64.2101,1007,13958,1001,28306,158,0,1346,0,0,0,535,472,53.13,6633,7325,47.52,1001,0,100,28306,0
pbt,bintrie,5,4,storage_mixed_k1000,2,,4253,21000,1,0.2467,3.0945,71.5024,0.9849,82.5767,0.2543,6,0,0,0,2,0,0,0,0,0,2,4,33.33,0,0,0,0,0,0,0,0
pbt,bintrie,5,4,storage_mixed_k1000,2,,4254,0,0,0.0825,1.8144,0.0067,0.504,2.9239,0,4,0,0,0,0,0,0,0,0,0,0,4,0,0,0,0,0,0,0,0,0
pbt,bintrie,5,4,storage_mixed_k1000,2,,4255,0,0,0.084,1.9188,0.005,0.5439,3.0499,0,4,0,0,0,0,0,0,0,0,0,0,4,0,0,0,0,0,0,0,0,0
pbt,bintrie,5,4,storage_mixed_k1000,3,,4256,0,0,0.091,0.8537,0.0047,0.3646,1.6234,0,4,0,0,0,0,0,0,0,0,0,0,4,0,0,0,0,0,0,0,0,0
pbt,bintrie,5,4,storage_mixed_k1000,3,,4257,0,0,0.1788,2.5471,0.0105,0.462,3.9263,0,4,0,0,0,0,0,0,0,0,0,0,4,0,0,0,0,0,0,0,0,0
pbt,bintrie,5,4,storage_mixed_k1000,3,,4258,0,0,0.0621,1.073,0.0035,0.229,2.9878,0,4,0,0,0,0,0,0,0,0,0,0,4,0,0,0,0,0,0,0,0,0
pbt,bintrie,5,4,storage_mixed_k1000,3,,4259,0,0,0.1417,2.2481,0.0076,2.6296,14.9648,0,4,0,0,0,0,0,0,0,0,0,0,4,0,0,0,0,0,0,0,0,0
pbt,bintrie,5,4,storage_mixed_k1000,3,,4260,0,0,0.0362,0.602,0.0038,0.1447,0.9383,0,4,0,0,0,0,0,0,0,0,0,0,4,0,0,0,0,0,0,0,0,0
pbt,bintrie,5,4,storage_mixed_k1000,3,,4261,0,0,0.0785,1.5347,0.0108,0.3599,2.3554,0,4,0,0,0,0,0,0,0,0,0,0,4,0,0,0,0,0,0,0,0,0
pbt,bintrie,5,4,storage_mixed_k1000,3,,4262,0,0,0.0373,0.6527,0.0032,0.1514,1.0281,0,4,0,0,0,0,0,0,0,0,0,0,4,0,0,0,0,0,0,0,0,0
pbt,bintrie,5,4,storage_mixed_k1000,3,,4263,0,0,0.0458,0.5766,0.0038,0.21,1.0987,0,4,0,0,0,0,0,0,0,0,0,0,4,0,0,0,0,0,0,0,0,0
pbt,bintrie,5,4,storage_mixed_k1000,3,,4264,0,0,0.0767,1.8952,0.0064,0.4203,2.8691,0,4,0,0,0,0,0,0,0,0,0,0,4,0,0,0,0,0,0,0,0,0
pbt,bintrie,5,4,storage_mixed_k1000,3,,4265,0,0,0.0446,0.8184,0.0023,0.1805,1.29,0,4,0,0,0,0,0,0,0,0,0,0,4,0,0,0,0,0,0,0,0,0
pbt,bintrie,5,4,storage_mixed_k1000,3,,4266,0,0,0.0922,2.0066,0.0061,0.4387,3.0222,0,4,0,0,0,0,0,0,0,0,0,0,4,0,0,0,0,0,0,0,0,0
pbt,bintrie,5,4,storage_mixed_k1000,3,,4267,0,0,0.0793,1.4892,0.0064,0.3733,2.4479,0,4,0,0,0,0,0,0,0,0,0,0,4,0,0,0,0,0,0,0,0,0
pbt,bintrie,5,4,storage_mixed_k1000,3,,4268,0,0,0.0852,1.5551,0.0058,0.331,2.3712,0,4,0,0,0,0,0,0,0,0,0,0,4,0,0,0,0,0,0,0,0,0
pbt,bintrie,5,4,storage_mixed_k1000,3,,4269,0,0,0.0834,1.9973,0.0053,0.3692,2.844,0,4,0,0,0,0,0,0,0,0,0,0,4,0,0,0,0,0,0,0,0,0
pbt,bintrie,5,4,storage_mixed_k1000,3,,4270,0,0,0.114,1.6636,0.0108,0.4877,2.7696,0,4,0,0,0,0,0,0,0,0,0,0,4,0,0,0,0,0,0,0,0,0
pbt,bintrie,5,4,storage_mixed_k1000,3,,4271,0,0,0.0808,0.9628,0.0061,0.6621,5.0679,0,4,0,0,0,0,0,0,0,0,0,0,4,0,0,0,0,0,0,0,0,0
pbt,bintrie,5,4,storage_mixed_k1000,3,,4272,0,0,0.058,0.8514,0.0064,0.2141,8.3196,0,4,0,0,0,0,0,0,0,0,0,0,4,0,0,0,0,0,0,0,0,0
pbt,bintrie,5,4,storage_mixed_k1000,3,,4273,0,0,0.0682,0.8627,0.0038,14.4555,16.7579,0,4,0,0,0,0,0,0,0,0,0,0,4,0,0,0,0,0,0,0,0,0
pbt,bintrie,5,4,storage_mixed_k1000,3,,4274,91750,2,0.3774,2.5949,2.8136,74.7253,80.9674,1.1332,11,0,0,0,3,0,0,0,1,306,6,5,54.55,0,0,0,0,0,0,0,0
pbt,bintrie,5,4,storage_mixed_k1000,3,,4275,99909508,1,1242.1892,206.7793,31.909,22.6328,1503.7311,66.4411,1007,13958,1001,28306,158,0,1346,0,0,0,43,964,4.27,5410,8548,38.76,1001,0,100,28306,0
pbt,bintrie,5,4,storage_mixed_k1000,3,,4276,21000,1,0.056,0.6099,49.0586,2.5433,52.4159,0.4006,6,0,0,0,2,0,0,0,0,0,2,4,33.33,0,0,0,0,0,0,0,0
pbt,bintrie,5,4,storage_mixed_k1000,3,,4277,0,0,0.033,0.4112,0.0026,0.1627,0.8584,0,4,0,0,0,0,0,0,0,0,0,0,4,0,0,0,0,0,0,0,0,0
pbt,bintrie,5,4,storage_mixed_k1000,3,,4278,0,0,0.079,1.3448,0.007,0.3605,2.2434,0,4,0,0,0,0,0,0,0,0,0,0,4,0,0,0,0,0,0,0,0,0
pbt,bintrie,5,4,storage_mixed_k1000,4,,4279,0,0,0.1371,1.7885,0.0082,0.5241,2.9338,0,4,0,0,0,0,0,0,0,0,0,0,4,0,0,0,0,0,0,0,0,0
pbt,bintrie,5,4,storage_mixed_k1000,4,,4280,0,0,0.0542,0.7609,0.0067,0.1794,1.2926,0,4,0,0,0,0,0,0,0,0,0,0,4,0,0,0,0,0,0,0,0,0
pbt,bintrie,5,4,storage_mixed_k1000,4,,4281,0,0,0.0236,0.5652,0.0058,0.1444,0.87,0,4,0,0,0,0,0,0,0,0,0,0,4,0,0,0,0,0,0,0,0,0
pbt,bintrie,5,4,storage_mixed_k1000,4,,4282,0,0,0.0359,0.6524,0.0038,0.1219,0.9846,0,4,0,0,0,0,0,0,0,0,0,0,4,0,0,0,0,0,0,0,0,0
pbt,bintrie,5,4,storage_mixed_k1000,4,,4283,0,0,0.0962,1.6983,0.0052,0.2642,5.3263,0,4,0,0,0,0,0,0,0,0,0,0,4,0,0,0,0,0,0,0,0,0
pbt,bintrie,5,4,storage_mixed_k1000,4,,4284,0,0,0.0353,0.5317,0.0067,0.2348,0.9759,0,4,0,0,0,0,0,0,0,0,0,0,4,0,0,0,0,0,0,0,0,0
pbt,bintrie,5,4,storage_mixed_k1000,4,,4285,0,0,0.0785,1.8033,0.005,0.6615,3.0018,0,4,0,0,0,0,0,0,0,0,0,0,4,0,0,0,0,0,0,0,0,0
pbt,bintrie,5,4,storage_mixed_k1000,4,,4286,0,0,0.0674,1.3206,0.0041,0.3278,2.069,0,4,0,0,0,0,0,0,0,0,0,0,4,0,0,0,0,0,0,0,0,0
pbt,bintrie,5,4,storage_mixed_k1000,4,,4287,0,0,0.0481,0.8992,0.0035,0.2287,1.446,0,4,0,0,0,0,0,0,0,0,0,0,4,0,0,0,0,0,0,0,0,0
pbt,bintrie,5,4,storage_mixed_k1000,4,,4288,0,0,0.0545,0.7913,0.0035,0.2386,1.4032,0,4,0,0,0,0,0,0,0,0,0,0,4,0,0,0,0,0,0,0,0,0
pbt,bintrie,5,4,storage_mixed_k1000,4,,4289,0,0,0.0271,0.4503,0.0018,0.1578,0.8356,0,4,0,0,0,0,0,0,0,0,0,0,4,0,0,0,0,0,0,0,0,0
pbt,bintrie,5,4,storage_mixed_k1000,4,,4290,0,0,0.0283,0.4363,0.0032,0.177,0.8782,0,4,0,0,0,0,0,0,0,0,0,0,4,0,0,0,0,0,0,0,0,0
pbt,bintrie,5,4,storage_mixed_k1000,4,,4291,0,0,0.093,1.4959,0.0067,0.4392,2.363,0,4,0,0,0,0,0,0,0,0,0,0,4,0,0,0,0,0,0,0,0,0
pbt,bintrie,5,4,storage_mixed_k1000,4,,4292,0,0,0.0397,0.6959,0.0032,0.2476,1.22,0,4,0,0,0,0,0,0,0,0,0,0,4,0,0,0,0,0,0,0,0,0
pbt,bintrie,5,4,storage_mixed_k1000,4,,4293,0,0,0.0825,2.0063,0.0061,0.4573,2.9589,0,4,0,0,0,0,0,0,0,0,0,0,4,0,0,0,0,0,0,0,0,0
pbt,bintrie,5,4,storage_mixed_k1000,4,,4294,0,0,0.0659,0.9021,0.0055,1.8305,5.5182,0,4,0,0,0,0,0,0,0,0,0,0,4,0,0,0,0,0,0,0,0,0
pbt,bintrie,5,4,storage_mixed_k1000,4,,4295,0,0,0.0277,0.513,0.0023,0.156,0.8595,0,4,0,0,0,0,0,0,0,0,0,0,4,0,0,0,0,0,0,0,0,0
pbt,bintrie,5,4,storage_mixed_k1000,4,,4296,0,0,0.0289,0.6233,0.0677,0.1598,1.017,0,4,0,0,0,0,0,0,0,0,0,0,4,0,0,0,0,0,0,0,0,0
pbt,bintrie,5,4,storage_mixed_k1000,4,,4297,91750,2,0.1721,1.6651,52.599,58.5484,113.3421,0.8095,11,0,0,0,3,0,0,0,1,306,5,6,45.45,0,0,0,0,0,0,0,0
pbt,bintrie,5,4,storage_mixed_k1000,4,,4298,99909508,1,1287.4646,190.4108,82.118,33.3303,1594.0021,62.6784,1007,13958,1001,28306,158,0,1346,0,0,0,80,927,7.94,4953,9005,35.49,1001,0,100,28306,0
pbt,bintrie,5,4,storage_mixed_k1000,4,,4299,21000,1,0.243,2.8959,63.3949,3.8942,87.8234,0.2391,6,0,0,0,2,0,0,0,0,0,2,4,33.33,0,0,0,0,0,0,0,0
pbt,bintrie,5,4,storage_mixed_k1000,4,,4300,0,0,0.1767,1.955,0.0093,0.4153,3.1423,0,4,0,0,0,0,0,0,0,0,0,0,4,0,0,0,0,0,0,0,0,0
pbt,bintrie,5,4,storage_mixed_k1000,4,,4301,0,0,0.1333,1.8687,0.0099,0.4115,3.1406,0,4,0,0,0,0,0,0,0,0,0,0,4,0,0,0,0,0,0,0,0,0
pbt,bintrie,5,4,storage_mixed_k1000,5,,4302,0,0,0.0738,0.7942,0.0041,0.2756,1.439,0,4,0,0,0,0,0,0,0,0,0,0,4,0,0,0,0,0,0,0,0,0
pbt,bintrie,5,4,storage_mixed_k1000,5,,4303,0,0,0.0397,0.7402,0.0018,0.2663,1.3708,0,4,0,0,0,0,0,0,0,0,0,0,4,0,0,0,0,0,0,0,0,0
pbt,bintrie,5,4,storage_mixed_k1000,5,,4304,0,0,0.0213,0.42,0.0015,0.1137,0.6877,0,4,0,0,0,0,0,0,0,0,0,0,4,0,0,0,0,0,0,0,0,0
pbt,bintrie,5,4,storage_mixed_k1000,5,,4305,0,0,0.0283,0.5087,0.0026,0.1027,0.7889,0,4,0,0,0,0,0,0,0,0,0,0,4,0,0,0,0,0,0,0,0,0
pbt,bintrie,5,4,storage_mixed_k1000,5,,4306,0,0,0.0464,0.7114,0.0038,0.6355,3.0709,0,4,0,0,0,0,0,0,0,0,0,0,4,0,0,0,0,0,0,0,0,0
pbt,bintrie,5,4,storage_mixed_k1000,5,,4307,0,0,0.063,1.1354,0.0044,0.2669,1.8885,0,4,0,0,0,0,0,0,0,0,0,0,4,0,0,0,0,0,0,0,0,0
pbt,bintrie,5,4,storage_mixed_k1000,5,,4308,0,0,0.0846,1.8459,0.005,0.4366,2.7445,0,4,0,0,0,0,0,0,0,0,0,0,4,0,0,0,0,0,0,0,0,0
pbt,bintrie,5,4,storage_mixed_k1000,5,,4309,0,0,0.0793,2.0195,0.0052,0.4477,3.0461,0,4,0,0,0,0,0,0,0,0,0,0,4,0,0,0,0,0,0,0,0,0
pbt,bintrie,5,4,storage_mixed_k1000,5,,4310,0,0,0.0834,2.1396,0.0044,0.5089,3.1181,0,4,0,0,0,0,0,0,0,0,0,0,4,0,0,0,0,0,0,0,0,0
pbt,bintrie,5,4,storage_mixed_k1000,5,,4311,0,0,0.0831,1.519,0.0055,0.4002,2.4546,0,4,0,0,0,0,0,0,0,0,0,0,4,0,0,0,0,0,0,0,0,0
pbt,bintrie,5,4,storage_mixed_k1000,5,,4312,0,0,0.091,1.4735,0.0067,0.3821,2.3307,0,4,0,0,0,0,0,0,0,0,0,0,4,0,0,0,0,0,0,0,0,0
pbt,bintrie,5,4,storage_mixed_k1000,5,,4313,0,0,0.0957,1.5408,0.007,0.3077,2.3668,0,4,0,0,0,0,0,0,0,0,0,0,4,0,0,0,0,0,0,0,0,0
pbt,bintrie,5,4,storage_mixed_k1000,5,,4314,0,0,0.082,1.4948,0.0064,0.3022,2.2224,0,4,0,0,0,0,0,0,0,0,0,0,4,0,0,0,0,0,0,0,0,0
pbt,bintrie,5,4,storage_mixed_k1000,5,,4315,0,0,0.0455,0.6107,0.0035,0.1805,1.0754,0,4,0,0,0,0,0,0,0,0,0,0,4,0,0,0,0,0,0,0,0,0
pbt,bintrie,5,4,storage_mixed_k1000,5,,4316,0,0,0.0426,0.7204,0.0044,0.2266,1.2571,0,4,0,0,0,0,0,0,0,0,0,0,4,0,0,0,0,0,0,0,0,0
pbt,bintrie,5,4,storage_mixed_k1000,5,,4317,0,0,0.0496,1.7409,0.0064,0.5425,4.8669,0,4,0,0,0,0,0,0,0,0,0,0,4,0,0,0,0,0,0,0,0,0
pbt,bintrie,5,4,storage_mixed_k1000,5,,4318,0,0,0.0254,0.4433,0.002,0.0957,0.6872,0,4,0,0,0,0,0,0,0,0,0,0,4,0,0,0,0,0,0,0,0,0
pbt,bintrie,5,4,storage_mixed_k1000,5,,4319,0,0,0.177,2.5526,0.007,0.4681,3.8712,0,4,0,0,0,0,0,0,0,0,0,0,4,0,0,0,0,0,0,0,0,0
pbt,bintrie,5,4,storage_mixed_k1000,5,,4320,91750,2,0.4535,2.7784,3.1709,99.2527,106.1668,0.8642,11,0,0,0,3,0,0,0,1,306,6,5,54.55,0,0,0,0,0,0,0,0
pbt,bintrie,5,4,storage_mixed_k1000,5,,4321,99909508,1,1269.5417,200.762,30.3104,38.382,1539.2601,64.9075,1007,13958,1001,28306,158,0,1346,0,0,0,202,805,20.06,4743,9215,33.98,1001,0,100,28306,0
pbt,bintrie,5,4,storage_mixed_k1000,5,,4322,21000,1,0.4107,13.6313,90.9095,1.0153,107.2412,0.1958,6,0,0,0,2,0,0,0,0,0,2,4,33.33,0,0,0,0,0,0,0,0
pbt,bintrie,5,4,storage_mixed_k1000,5,,4323,0,0,0.105,2.1939,0.009,0.3363,3.2558,0,4,0,0,0,0,0,0,0,0,0,0,4,0,0,0,0,0,0,0,0,0
pbt,bintrie,5,4,storage_mixed_k1000,5,,4324,0,0,0.0706,1.1296,0.0035,0.2179,1.7021,0,4,0,0,0,0,0,0,0,0,0,0,4,0,0,0,0,0,0,0,0,0
pbt,bintrie,5,4,storage_mixed_k1000,6,,4325,0,0,0.0913,1.248,0.0026,0.3579,1.9987,0,4,0,0,0,0,0,0,0,0,0,0,4,0,0,0,0,0,0,0,0,0
pbt,bintrie,5,4,storage_mixed_k1000,6,,4326,0,0,0.0907,1.6275,0.0035,0.2199,2.4144,0,4,0,0,0,0,0,0,0,0,0,0,4,0,0,0,0,0,0,0,0,0
pbt,bintrie,5,4,storage_mixed_k1000,6,,4327,0,0,0.0222,0.4821,0.0017,0.1234,0.7758,0,4,0,0,0,0,0,0,0,0,0,0,4,0,0,0,0,0,0,0,0,0
pbt,bintrie,5,4,storage_mixed_k1000,6,,4328,0,0,0.0437,0.6382,0.0041,0.742,2.1752,0,4,0,0,0,0,0,0,0,0,0,0,4,0,0,0,0,0,0,0,0,0
pbt,bintrie,5,4,storage_mixed_k1000,6,,4329,0,0,0.0432,0.7014,0.0029,0.1791,1.1526,0,4,0,0,0,0,0,0,0,0,0,0,4,0,0,0,0,0,0,0,0,0
pbt,bintrie,5,4,storage_mixed_k1000,6,,4330,0,0,0.0799,1.6015,0.0067,0.3386,2.4555,0,4,0,0,0,0,0,0,0,0,0,0,4,0,0,0,0,0,0,0,0,0
pbt,bintrie,5,4,storage_mixed_k1000,6,,4331,0,0,0.0642,1.2308,0.0029,0.3465,2.016,0,4,0,0,0,0,0,0,0,0,0,0,4,0,0,0,0,0,0,0,0,0
pbt,bintrie,5,4,storage_mixed_k1000,6,,4332,0,0,0.0852,1.4819,0.0067,0.2957,2.2032,0,4,0,0,0,0,0,0,0,0,0,0,4,0,0,0,0,0,0,0,0,0
pbt,bintrie,5,4,storage_mixed_k1000,6,,4333,0,0,0.0852,1.4822,0.0058,0.3529,2.3213,0,4,0,0,0,0,0,0,0,0,0,0,4,0,0,0,0,0,0,0,0,0
pbt,bintrie,5,4,storage_mixed_k1000,6,,4334,0,0,0.0817,1.2862,0.0035,0.3555,2.1533,0,4,0,0,0,0,0,0,0,0,0,0,4,0,0,0,0,0,0,0,0,0
pbt,bintrie,5,4,storage_mixed_k1000,6,,4335,0,0,0.0814,1.5137,0.0067,0.2855,2.2504,0,4,0,0,0,0,0,0,0,0,0,0,4,0,0,0,0,0,0,0,0,0
pbt,bintrie,5,4,storage_mixed_k1000,6,,4336,0,0,0.0365,0.6662,0.0035,0.1651,1.0631,0,4,0,0,0,0,0,0,0,0,0,0,4,0,0,0,0,0,0,0,0,0
pbt,bintrie,5,4,storage_mixed_k1000,6,,4337,0,0,0.0732,1.3125,0.0041,0.2829,2.1151,0,4,0,0,0,0,0,0,0,0,0,0,4,0,0,0,0,0,0,0,0,0
pbt,bintrie,5,4,storage_mixed_k1000,6,,4338,0,0,0.1,2.202,0.0067,0.5375,3.3325,0,4,0,0,0,0,0,0,0,0,0,0,4,0,0,0,0,0,0,0,0,0
pbt,bintrie,5,4,storage_mixed_k1000,6,,4339,0,0,0.0563,0.763,0.0038,0.2193,1.3233,0,4,0,0,0,0,0,0,0,0,0,0,4,0,0,0,0,0,0,0,0,0
pbt,bintrie,5,4,storage_mixed_k1000,6,,4340,0,0,0.0583,0.8164,0.0061,0.4894,8.4304,0,4,0,0,0,0,0,0,0,0,0,0,4,0,0,0,0,0,0,0,0,0
pbt,bintrie,5,4,storage_mixed_k1000,6,,4341,0,0,0.0254,0.4958,0.002,0.1111,0.7624,0,4,0,0,0,0,0,0,0,0,0,0,4,0,0,0,0,0,0,0,0,0
pbt,bintrie,5,4,storage_mixed_k1000,6,,4342,0,0,0.0761,1.8631,0.0064,0.422,2.9463,0,4,0,0,0,0,0,0,0,0,0,0,4,0,0,0,0,0,0,0,0,0
pbt,bintrie,5,4,storage_mixed_k1000,6,,4343,91750,2,1.878,9.9036,4.1748,42.1854,84.2497,1.089,11,0,0,0,3,0,0,0,1,306,4,7,36.36,0,0,0,0,0,0,0,0
pbt,bintrie,5,4,storage_mixed_k1000,6,,4344,99909508,1,1310.8905,210.7414,32.6787,24.6234,1579.2756,63.2629,1007,13958,1001,28306,158,0,1346,0,0,0,569,438,56.5,6656,7302,47.69,1001,0,100,28306,0
pbt,bintrie,5,4,storage_mixed_k1000,6,,4345,21000,1,0.2625,2.0081,72.9701,0.8671,88.4756,0.2374,6,0,0,0,2,0,0,0,0,0,2,4,33.33,0,0,0,0,0,0,0,0
pbt,bintrie,5,4,storage_mixed_k1000,6,,4346,0,0,0.0814,1.9031,0.0067,0.38,2.9192,0,4,0,0,0,0,0,0,0,0,0,0,4,0,0,0,0,0,0,0,0,0
pbt,bintrie,5,4,storage_mixed_k1000,6,,4347,0,0,0.0414,0.7175,0.0044,0.2185,1.3139,0,4,0,0,0,0,0,0,0,0,0,0,4,0,0,0,0,0,0,0,0,0
pbt,bintrie,5,4,storage_mixed_k1000,7,,4348,0,0,0.1356,1.6943,0.0079,0.4054,2.7361,0,4,0,0,0,0,0,0,0,0,0,0,4,0,0,0,0,0,0,0,0,0
pbt,bintrie,5,4,storage_mixed_k1000,7,,4349,0,0,0.0878,1.5659,0.0053,0.3908,2.4275,0,4,0,0,0,0,0,0,0,0,0,0,4,0,0,0,0,0,0,0,0,0
pbt,bintrie,5,4,storage_mixed_k1000,7,,4350,0,0,0.0321,0.6154,0.002,0.107,0.9155,0,4,0,0,0,0,0,0,0,0,0,0,4,0,0,0,0,0,0,0,0,0
pbt,bintrie,5,4,storage_mixed_k1000,7,,4351,0,0,0.0513,1.0893,0.005,1.617,4.5374,0,4,0,0,0,0,0,0,0,0,0,0,4,0,0,0,0,0,0,0,0,0
pbt,bintrie,5,4,storage_mixed_k1000,7,,4352,0,0,0.0219,0.4809,0.0029,0.133,0.8105,0,4,0,0,0,0,0,0,0,0,0,0,4,0,0,0,0,0,0,0,0,0
pbt,bintrie,5,4,storage_mixed_k1000,7,,4353,0,0,0.075,1.3259,0.0038,0.3322,2.044,0,4,0,0,0,0,0,0,0,0,0,0,4,0,0,0,0,0,0,0,0,0
pbt,bintrie,5,4,storage_mixed_k1000,7,,4354,0,0,0.0332,0.4267,0.0035,0.1633,0.8271,0,4,0,0,0,0,0,0,0,0,0,0,4,0,0,0,0,0,0,0,0,0
pbt,bintrie,5,4,storage_mixed_k1000,7,,4355,0,0,0.0671,1.2518,0.0047,0.38,2.1554,0,4,0,0,0,0,0,0,0,0,0,0,4,0,0,0,0,0,0,0,0,0
pbt,bintrie,5,4,storage_mixed_k1000,7,,4356,0,0,0.0787,1.8226,0.0041,0.4092,2.7961,0,4,0,0,0,0,0,0,0,0,0,0,4,0,0,0,0,0,0,0,0,0
pbt,bintrie,5,4,storage_mixed_k1000,7,,4357,0,0,0.0828,1.9617,0.0047,0.4952,2.942,0,4,0,0,0,0,0,0,0,0,0,0,4,0,0,0,0,0,0,0,0,0
pbt,bintrie,5,4,storage_mixed_k1000,7,,4358,0,0,0.1158,1.6552,0.0105,0.4658,2.6386,0,4,0,0,0,0,0,0,0,0,0,0,4,0,0,0,0,0,0,0,0,0
pbt,bintrie,5,4,storage_mixed_k1000,7,,4359,0,0,0.0881,1.4705,0.007,0.3503,2.3677,0,4,0,0,0,0,0,0,0,0,0,0,4,0,0,0,0,0,0,0,0,0
pbt,bintrie,5,4,storage_mixed_k1000,7,,4360,0,0,0.0962,2.1641,0.0055,0.4366,3.4433,0,4,0,0,0,0,0,0,0,0,0,0,4,0,0,0,0,0,0,0,0,0
pbt,bintrie,5,4,storage_mixed_k1000,7,,4361,0,0,0.0682,1.3965,0.0047,0.3275,2.1542,0,4,0,0,0,0,0,0,0,0,0,0,4,0,0,0,0,0,0,0,0,0
pbt,bintrie,5,4,storage_mixed_k1000,7,,4362,0,0,0.1476,1.9518,0.0093,0.4871,3.1698,0,4,0,0,0,0,0,0,0,0,0,0,4,0,0,0,0,0,0,0,0,0
pbt,bintrie,5,4,storage_mixed_k1000,7,,4363,0,0,0.1079,1.7502,0.0053,0.299,5.1265,0,4,0,0,0,0,0,0,0,0,0,0,4,0,0,0,0,0,0,0,0,0
pbt,bintrie,5,4,storage_mixed_k1000,7,,4364,0,0,0.0312,0.6297,0.0018,0.1286,0.9531,0,4,0,0,0,0,0,0,0,0,0,0,4,0,0,0,0,0,0,0,0,0
pbt,bintrie,5,4,storage_mixed_k1000,7,,4365,0,0,0.1473,2.2601,0.0079,0.5291,5.2557,0,4,0,0,0,0,0,0,0,0,0,0,4,0,0,0,0,0,0,0,0,0
pbt,bintrie,5,4,storage_mixed_k1000,7,,4366,91750,2,0.1336,0.9488,0.9394,63.9671,66.1756,1.3865,11,0,0,0,3,0,0,0,1,306,5,6,45.45,0,0,0,0,0,0,0,0
pbt,bintrie,5,4,storage_mixed_k1000,7,,4367,99909508,1,1357.9389,161.7503,44.2139,45.137,1609.3675,62.08,1007,13958,1001,28306,158,0,1346,0,0,0,403,604,40.02,7384,6574,52.9,1001,0,100,28306,0
pbt,bintrie,5,4,storage_mixed_k1000,7,,4368,21000,1,0.2316,1.9842,46.965,2.0165,51.7351,0.4059,6,0,0,0,2,0,0,0,0,0,2,4,33.33,0,0,0,0,0,0,0,0
pbt,bintrie,5,4,storage_mixed_k1000,7,,4369,0,0,0.0429,0.6904,0.0035,0.182,1.2011,0,4,0,0,0,0,0,0,0,0,0,0,4,0,0,0,0,0,0,0,0,0
pbt,bintrie,5,4,storage_mixed_k1000,7,,4370,0,0,0.0359,0.5151,0.0023,0.1549,0.9368,0,4,0,0,0,0,0,0,0,0,0,0,4,0,0,0,0,0,0,0,0,0
pbt,bintrie,5,4,storage_mixed_k1000,8,,4371,0,0,0.0472,0.56,0.002,0.154,1.0296,0,4,0,0,0,0,0,0,0,0,0,0,4,0,0,0,0,0,0,0,0,0
pbt,bintrie,5,4,storage_mixed_k1000,8,,4372,0,0,0.0866,1.4309,0.0053,0.3132,2.2117,0,4,0,0,0,0,0,0,0,0,0,0,4,0,0,0,0,0,0,0,0,0
pbt,bintrie,5,4,storage_mixed_k1000,8,,4373,0,0,0.0487,0.8201,0.009,6.8485,9.698,0,4,0,0,0,0,0,0,0,0,0,0,4,0,0,0,0,0,0,0,0,0
pbt,bintrie,5,4,storage_mixed_k1000,8,,4374,0,0,0.0283,0.5845,0.005,0.1613,0.94,0,4,0,0,0,0,0,0,0,0,0,0,4,0,0,0,0,0,0,0,0,0
pbt,bintrie,5,4,storage_mixed_k1000,8,,4375,0,0,0.0333,0.6428,0.0018,5.2023,6.0333,0,4,0,0,0,0,0,0,0,0,0,0,4,0,0,0,0,0,0,0,0,0
pbt,bintrie,5,4,storage_mixed_k1000,8,,4376,0,0,0.0828,1.2798,0.0093,0.3065,2.1134,0,4,0,0,0,0,0,0,0,0,0,0,4,0,0,0,0,0,0,0,0,0
pbt,bintrie,5,4,storage_mixed_k1000,8,,4377,0,0,0.075,1.3845,0.0038,0.2835,2.1918,0,4,0,0,0,0,0,0,0,0,0,0,4,0,0,0,0,0,0,0,0,0
pbt,bintrie,5,4,storage_mixed_k1000,8,,4378,0,0,0.0528,0.4772,0.0015,0.1555,0.8916,0,4,0,0,0,0,0,0,0,0,0,0,4,0,0,0,0,0,0,0,0,0
pbt,bintrie,5,4,storage_mixed_k1000,8,,4379,0,0,0.0347,0.4783,0.0044,0.1557,0.9027,0,4,0,0,0,0,0,0,0,0,0,0,4,0,0,0,0,0,0,0,0,0
pbt,bintrie,5,4,storage_mixed_k1000,8,,4380,0,0,0.0779,1.5566,0.0047,0.3587,2.4047,0,4,0,0,0,0,0,0,0,0,0,0,4,0,0,0,0,0,0,0,0,0
pbt,bintrie,5,4,storage_mixed_k1000,8,,4381,0,0,0.0817,1.4942,0.0053,0.4019,2.4552,0,4,0,0,0,0,0,0,0,0,0,0,4,0,0,0,0,0,0,0,0,0
pbt,bintrie,5,4,storage_mixed_k1000,8,,4382,0,0,0.0817,1.4904,0.0067,0.2908,2.3272,0,4,0,0,0,0,0,0,0,0,0,0,4,0,0,0,0,0,0,0,0,0
pbt,bintrie,5,4,storage_mixed_k1000,8,,4383,0,0,0.0321,0.4223,0.0012,0.1295,0.7639,0,4,0,0,0,0,0,0,0,0,0,0,4,0,0,0,0,0,0,0,0,0
pbt,bintrie,5,4,storage_mixed_k1000,8,,4384,0,0,0.1858,3.8263,0.0163,1.4265,6.2555,0,4,0,0,0,0,0,0,0,0,0,0,4,0,0,0,0,0,0,0,0,0
pbt,bintrie,5,4,storage_mixed_k1000,8,,4385,0,0,0.0289,0.4142,0.0047,0.1432,0.882,0,4,0,0,0,0,0,0,0,0,0,0,4,0,0,0,0,0,0,0,0,0
pbt,bintrie,5,4,storage_mixed_k1000,8,,4386,0,0,0.0534,0.9569,0.0023,0.1598,1.4615,0,4,0,0,0,0,0,0,0,0,0,0,4,0,0,0,0,0,0,0,0,0
pbt,bintrie,5,4,storage_mixed_k1000,8,,4387,0,0,0.0213,0.5017,0.0023,0.1126,0.7956,0,4,0,0,0,0,0,0,0,0,0,0,4,0,0,0,0,0,0,0,0,0
pbt,bintrie,5,4,storage_mixed_k1000,8,,4388,0,0,0.0373,0.5722,0.0044,0.1067,0.8651,0,4,0,0,0,0,0,0,0,0,0,0,4,0,0,0,0,0,0,0,0,0
pbt,bintrie,5,4,storage_mixed_k1000,8,,4389,0,0,0.1301,2.5441,0.0067,0.4524,3.84,0,4,0,0,0,0,0,0,0,0,0,0,4,0,0,0,0,0,0,0,0,0
pbt,bintrie,5,4,storage_mixed_k1000,8,,4390,91750,2,0.1473,0.9222,22.5082,64.2756,88.0508,1.042,11,0,0,0,3,0,0,0,1,306,5,6,45.45,0,0,0,0,0,0,0,0
pbt,bintrie,5,4,storage_mixed_k1000,8,,4391,99909508,1,1263.6842,197.4869,55.8723,35.0271,1552.4741,64.355,1007,13958,1001,28306,158,0,1346,0,0,0,82,925,8.14,2591,11367,18.56,1001,0,100,28306,0
pbt,bintrie,5,4,storage_mixed_k1000,8,,4392,0,0,0.082,1.5292,0.007,0.2934,2.3726,0,4,0,0,0,0,0,0,0,0,0,0,4,0,0,0,0,0,0,0,0,0
pbt,bintrie,5,4,storage_mixed_k1000,8,,4393,21000,1,0.2269,3.5609,114.0332,0.8187,124.5601,0.1686,6,0,0,0,2,0,0,0,0,0,2,4,33.33,0,0,0,0,0,0,0,0
pbt,bintrie,5,4,storage_mixed_k1000,8,,4394,0,0,0.07,1.2448,0.0038,0.5927,2.9224,0,4,0,0,0,0,0,0,0,0,0,0,4,0,0,0,0,0,0,0,0,0
pbt,bintrie,5,4,storage_mixed_k1000,8,,4395,0,0,0.0586,1.1153,0.0067,0.5098,3.0292,0,4,0,0,0,0,0,0,0,0,0,0,4,0,0,0,0,0,0,0,0,0
pbt,bintrie,5,4,storage_mixed_k1000,9,,4397,0,0,0.0572,0.8009,0.0026,0.2339,1.3163,0,4,0,0,0,0,0,0,0,0,0,0,4,0,0,0,0,0,0,0,0,0
pbt,bintrie,5,4,storage_mixed_k1000,9,,4398,0,0,0.1003,1.5248,0.0079,0.4597,2.5622,0,4,0,0,0,0,0,0,0,0,0,0,4,0,0,0,0,0,0,0,0,0
pbt,bintrie,5,4,storage_mixed_k1000,9,,4399,0,0,0.035,0.6799,0.0023,0.1654,1.0596,0,4,0,0,0,0,0,0,0,0,0,0,4,0,0,0,0,0,0,0,0,0
pbt,bintrie,5,4,storage_mixed_k1000,9,,4400,0,0,0.0277,0.576,0.002,0.0951,0.8376,0,4,0,0,0,0,0,0,0,0,0,0,4,0,0,0,0,0,0,0,0,0
pbt,bintrie,5,4,storage_mixed_k1000,9,,4401,0,0,0.019,0.357,0.0012,0.1038,0.5912,0,4,0,0,0,0,0,0,0,0,0,0,4,0,0,0,0,0,0,0,0,0
pbt,bintrie,5,4,storage_mixed_k1000,9,,4402,0,0,0.0881,1.9882,0.0053,0.4162,3.0971,0,4,0,0,0,0,0,0,0,0,0,0,4,0,0,0,0,0,0,0,0,0
pbt,bintrie,5,4,storage_mixed_k1000,9,,4403,0,0,0.0761,1.358,0.0044,0.2631,2.1002,0,4,0,0,0,0,0,0,0,0,0,0,4,0,0,0,0,0,0,0,0,0
pbt,bintrie,5,4,storage_mixed_k1000,9,,4404,0,0,0.0408,0.5953,0.0047,0.1951,1.0917,0,4,0,0,0,0,0,0,0,0,0,0,4,0,0,0,0,0,0,0,0,0
pbt,bintrie,5,4,storage_mixed_k1000,9,,4405,0,0,0.0332,0.5839,0.0041,0.1622,1.0471,0,4,0,0,0,0,0,0,0,0,0,0,4,0,0,0,0,0,0,0,0,0
pbt,bintrie,5,4,storage_mixed_k1000,9,,4406,0,0,0.0385,0.5798,0.0029,0.1826,1.0287,0,4,0,0,0,0,0,0,0,0,0,0,4,0,0,0,0,0,0,0,0,0
pbt,bintrie,5,4,storage_mixed_k1000,9,,4407,0,0,0.0927,1.4729,0.0076,0.3197,2.3102,0,4,0,0,0,0,0,0,0,0,0,0,4,0,0,0,0,0,0,0,0,0
pbt,bintrie,5,4,storage_mixed_k1000,9,,4408,0,0,0.0353,0.5991,0.0035,0.2654,1.1109,0,4,0,0,0,0,0,0,0,0,0,0,4,0,0,0,0,0,0,0,0,0
pbt,bintrie,5,4,storage_mixed_k1000,9,,4409,0,0,0.0408,0.6119,0.0026,0.2112,1.1182,0,4,0,0,0,0,0,0,0,0,0,0,4,0,0,0,0,0,0,0,0,0
pbt,bintrie,5,4,storage_mixed_k1000,9,,4410,0,0,0.0828,1.9917,0.007,0.5355,3.2188,0,4,0,0,0,0,0,0,0,0,0,0,4,0,0,0,0,0,0,0,0,0
pbt,bintrie,5,4,storage_mixed_k1000,9,,4411,0,0,0.0723,1.0619,0.0064,0.3862,1.9401,0,4,0,0,0,0,0,0,0,0,0,0,4,0,0,0,0,0,0,0,0,0
pbt,bintrie,5,4,storage_mixed_k1000,9,,4412,0,0,0.0338,0.7329,0.0029,0.1207,1.0578,0,4,0,0,0,0,0,0,0,0,0,0,4,0,0,0,0,0,0,0,0,0
pbt,bintrie,5,4,storage_mixed_k1000,9,,4413,0,0,0.0974,1.2107,0.0026,0.1505,1.9355,0,4,0,0,0,0,0,0,0,0,0,0,4,0,0,0,0,0,0,0,0,0
pbt,bintrie,5,4,storage_mixed_k1000,9,,4414,0,0,0.0656,0.8549,0.0085,0.6615,5.9073,0,4,0,0,0,0,0,0,0,0,0,0,4,0,0,0,0,0,0,0,0,0
pbt,bintrie,5,4,storage_mixed_k1000,9,,4415,91750,2,1.0334,16.0284,48.7961,35.2762,101.5972,0.9031,11,0,0,0,3,0,0,0,1,306,4,7,36.36,0,0,0,0,0,0,0,0
pbt,bintrie,5,4,storage_mixed_k1000,9,,4416,99909508,1,1245.2939,259.1297,33.5642,67.9482,1606.1576,62.2041,1007,13958,1001,28306,158,0,1346,0,0,0,34,973,3.38,1043,12915,7.47,1001,0,100,28306,0
pbt,bintrie,5,4,storage_mixed_k1000,9,,4417,21000,1,0.133,1.3731,79.6896,0.7732,87.8926,0.2389,6,0,0,0,2,0,0,0,0,0,2,4,33.33,0,0,0,0,0,0,0,0
pbt,bintrie,5,4,storage_mixed_k1000,9,,4418,0,0,0.0502,0.8394,0.0061,0.2059,1.4338,0,4,0,0,0,0,0,0,0,0,0,0,4,0,0,0,0,0,0,0,0,0
pbt,bintrie,5,4,storage_mixed_k1000,9,,4419,0,0,0.1257,1.6846,0.0082,0.4532,2.7964,0,4,0,0,0,0,0,0,0,0,0,0,4,0,0,0,0,0,0,0,0,0
pbt,bintrie,5,4,storage_mixed_k4500,10,,4654,0,0,0.2424,1.7715,0.0082,0.5702,3.2952,0,4,0,0,0,0,0,0,0,0,0,0,4,0,0,0,0,0,0,0,0,0
pbt,bintrie,5,4,storage_mixed_k4500,10,,4655,0,0,0.1047,1.6173,0.0076,0.3287,2.452,0,4,0,0,0,0,0,0,0,0,0,0,4,0,0,0,0,0,0,0,0,0
pbt,bintrie,5,4,storage_mixed_k4500,10,,4656,0,0,0.1391,2.0387,0.007,1.7234,10.1427,0,4,0,0,0,0,0,0,0,0,0,0,4,0,0,0,0,0,0,0,0,0
pbt,bintrie,5,4,storage_mixed_k4500,10,,4657,0,0,0.2007,2.7897,0.007,0.3745,8.3315,0,4,0,0,0,0,0,0,0,0,0,0,4,0,0,0,0,0,0,0,0,0
pbt,bintrie,5,4,storage_mixed_k4500,10,,4658,0,0,0.1855,2.2709,0.0117,0.469,3.7201,0,4,0,0,0,0,0,0,0,0,0,0,4,0,0,0,0,0,0,0,0,0
pbt,bintrie,5,4,storage_mixed_k4500,10,,4659,0,0,0.0741,1.2716,0.0064,0.329,2.1428,0,4,0,0,0,0,0,0,0,0,0,0,4,0,0,0,0,0,0,0,0,0
pbt,bintrie,5,4,storage_mixed_k4500,10,,4660,0,0,0.0277,0.4626,0.0015,0.1695,0.8155,0,4,0,0,0,0,0,0,0,0,0,0,4,0,0,0,0,0,0,0,0,0
pbt,bintrie,5,4,storage_mixed_k4500,10,,4661,0,0,0.035,0.5737,0.0026,0.1852,1.0054,0,4,0,0,0,0,0,0,0,0,0,0,4,0,0,0,0,0,0,0,0,0
pbt,bintrie,5,4,storage_mixed_k4500,10,,4662,0,0,0.0948,1.4119,0.0085,0.3025,2.326,0,4,0,0,0,0,0,0,0,0,0,0,4,0,0,0,0,0,0,0,0,0
pbt,bintrie,5,4,storage_mixed_k4500,10,,4663,0,0,0.0385,0.6688,0.0038,0.1925,1.2961,0,4,0,0,0,0,0,0,0,0,0,0,4,0,0,0,0,0,0,0,0,0
pbt,bintrie,5,4,storage_mixed_k4500,10,,4664,0,0,0.0338,0.5542,0.0044,0.2109,1.1068,0,4,0,0,0,0,0,0,0,0,0,0,4,0,0,0,0,0,0,0,0,0
pbt,bintrie,5,4,storage_mixed_k4500,10,,4665,0,0,0.0884,1.9215,0.0058,0.3695,2.8903,0,4,0,0,0,0,0,0,0,0,0,0,4,0,0,0,0,0,0,0,0,0
pbt,bintrie,5,4,storage_mixed_k4500,10,,4666,0,0,0.0852,2.0903,0.0047,0.364,3.0464,0,4,0,0,0,0,0,0,0,0,0,0,4,0,0,0,0,0,0,0,0,0
pbt,bintrie,5,4,storage_mixed_k4500,10,,4667,0,0,0.1718,1.6843,0.0093,0.6711,4.0211,0,4,0,0,0,0,0,0,0,0,0,0,4,0,0,0,0,0,0,0,0,0
pbt,bintrie,5,4,storage_mixed_k4500,10,,4668,0,0,0.0344,0.6667,0.0023,0.1735,1.0806,0,4,0,0,0,0,0,0,0,0,0,0,4,0,0,0,0,0,0,0,0,0
pbt,bintrie,5,4,storage_mixed_k4500,10,,4669,0,0,0.1312,2.4065,0.0035,0.1537,11.0384,0,4,0,0,0,0,0,0,0,0,0,0,4,0,0,0,0,0,0,0,0,0
pbt,bintrie,5,4,storage_mixed_k4500,10,,4670,0,0,0.0472,0.8079,0.009,17.9653,23.751,0,4,0,0,0,0,0,0,0,0,0,0,4,0,0,0,0,0,0,0,0,0
pbt,bintrie,5,4,storage_mixed_k4500,10,,4671,0,0,0.107,2.6375,0.0058,0.4967,3.7732,0,4,0,0,0,0,0,0,0,0,0,0,4,0,0,0,0,0,0,0,0,0
pbt,bintrie,5,4,storage_mixed_k4500,10,,4672,91794,2,0.6023,1.1445,11.739,6.677,20.3674,4.5069,11,0,0,0,3,0,0,0,1,308,4,7,36.36,0,0,0,0,0,0,0,0
pbt,bintrie,5,4,storage_mixed_k4500,10,,4673,99905997,1,915.5386,411.0597,289.5384,203.0538,1819.6309,54.9045,4507,13959,4501,126308,1316,0,1314,0,0,0,1871,2636,41.51,3470,10489,24.86,4501,0,100,126308,0
pbt,bintrie,5,4,storage_mixed_k4500,10,,4674,21000,1,0.4958,4.19,69.5447,0.716,77.9258,0.2695,6,0,0,0,2,0,0,0,0,0,1,5,16.67,0,0,0,0,0,0,0,0
pbt,bintrie,5,4,storage_mixed_k4500,10,,4675,0,0,0.1172,1.6336,0.0093,0.5994,2.9332,0,4,0,0,0,0,0,0,0,0,0,0,4,0,0,0,0,0,0,0,0,0
pbt,bintrie,5,4,storage_mixed_k4500,10,,4676,0,0,0.0822,1.5741,0.0032,0.1931,2.2338,0,4,0,0,0,0,0,0,0,0,0,0,4,0,0,0,0,0,0,0,0,0
pbt,bintrie,5,4,storage_mixed_k4500,1,,4445,0,0,0.0639,0.644,0.0035,0.2266,1.2398,0,4,0,0,0,0,0,0,0,0,0,0,4,0,0,0,0,0,0,0,0,0
pbt,bintrie,5,4,storage_mixed_k4500,1,,4446,0,0,0.0525,0.835,0.0044,0.2593,1.4729,0,4,0,0,0,0,0,0,0,0,0,0,4,0,0,0,0,0,0,0,0,0
pbt,bintrie,5,4,storage_mixed_k4500,1,,4447,0,0,0.0583,0.8645,0.0044,3.4664,7.8722,0,4,0,0,0,0,0,0,0,0,0,0,4,0,0,0,0,0,0,0,0,0
pbt,bintrie,5,4,storage_mixed_k4500,1,,4448,0,0,0.0601,1.206,0.0053,1.1497,6.5119,0,4,0,0,0,0,0,0,0,0,0,0,4,0,0,0,0,0,0,0,0,0
pbt,bintrie,5,4,storage_mixed_k4500,1,,4449,0,0,0.0236,0.5022,0.0017,0.1035,0.7571,0,4,0,0,0,0,0,0,0,0,0,0,4,0,0,0,0,0,0,0,0,0
pbt,bintrie,5,4,storage_mixed_k4500,1,,4450,0,0,0.0837,1.6278,0.0044,0.4331,2.608,0,4,0,0,0,0,0,0,0,0,0,0,4,0,0,0,0,0,0,0,0,0
pbt,bintrie,5,4,storage_mixed_k4500,1,,4451,0,0,0.0895,1.4942,0.0058,0.2902,2.2502,0,4,0,0,0,0,0,0,0,0,0,0,4,0,0,0,0,0,0,0,0,0
pbt,bintrie,5,4,storage_mixed_k4500,1,,4452,0,0,0.0277,0.4387,0.0015,0.1353,0.7764,0,4,0,0,0,0,0,0,0,0,0,0,4,0,0,0,0,0,0,0,0,0
pbt,bintrie,5,4,storage_mixed_k4500,1,,4453,0,0,0.0245,0.4212,0.0018,0.224,0.9033,0,4,0,0,0,0,0,0,0,0,0,0,4,0,0,0,0,0,0,0,0,0
pbt,bintrie,5,4,storage_mixed_k4500,1,,4454,0,0,0.0831,2.2755,0.0055,0.3179,3.1476,0,4,0,0,0,0,0,0,0,0,0,0,4,0,0,0,0,0,0,0,0,0
pbt,bintrie,5,4,storage_mixed_k4500,1,,4455,0,0,0.0892,1.5198,0.0067,0.287,2.3076,0,4,0,0,0,0,0,0,0,0,0,0,4,0,0,0,0,0,0,0,0,0
pbt,bintrie,5,4,storage_mixed_k4500,1,,4456,0,0,0.0607,0.8759,0.0047,0.2237,1.5079,0,4,0,0,0,0,0,0,0,0,0,0,4,0,0,0,0,0,0,0,0,0
pbt,bintrie,5,4,storage_mixed_k4500,1,,4457,0,0,0.0365,0.6457,0.0026,0.1782,1.115,0,4,0,0,0,0,0,0,0,0,0,0,4,0,0,0,0,0,0,0,0,0
pbt,bintrie,5,4,storage_mixed_k4500,1,,4458,0,0,0.0303,0.4594,0.0018,0.1455,0.9056,0,4,0,0,0,0,0,0,0,0,0,0,4,0,0,0,0,0,0,0,0,0
pbt,bintrie,5,4,storage_mixed_k4500,1,,4459,0,0,0.0901,1.5502,0.0099,0.3582,2.3455,0,4,0,0,0,0,0,0,0,0,0,0,4,0,0,0,0,0,0,0,0,0
pbt,bintrie,5,4,storage_mixed_k4500,1,,4460,0,0,0.0198,0.4144,0.0012,0.1021,0.6417,0,4,0,0,0,0,0,0,0,0,0,0,4,0,0,0,0,0,0,0,0,0
pbt,bintrie,5,4,storage_mixed_k4500,1,,4461,0,0,0.0353,0.6536,0.0018,0.1155,0.9631,0,4,0,0,0,0,0,0,0,0,0,0,4,0,0,0,0,0,0,0,0,0
pbt,bintrie,5,4,storage_mixed_k4500,1,,4462,0,0,0.0356,0.6723,0.0023,0.147,1.0217,0,4,0,0,0,0,0,0,0,0,0,0,4,0,0,0,0,0,0,0,0,0
pbt,bintrie,5,4,storage_mixed_k4500,1,,4463,91794,2,0.6417,4.8144,8.5958,69.0213,96.9492,0.9468,11,0,0,0,3,0,0,0,1,308,4,7,36.36,0,0,0,0,0,0,0,0
pbt,bintrie,5,4,storage_mixed_k4500,1,,4464,99905997,1,928.5455,450.3415,348.4903,205.5755,1933.5407,51.67,4507,13959,4501,126308,1316,0,1314,0,0,0,1123,3384,24.92,6137,7822,43.96,4501,0,100,126308,0
pbt,bintrie,5,4,storage_mixed_k4500,1,,4465,21000,1,0.229,1.6216,80.3796,1.4455,92.594,0.2268,6,0,0,0,2,0,0,0,0,0,2,4,33.33,0,0,0,0,0,0,0,0
pbt,bintrie,5,4,storage_mixed_k4500,1,,4466,0,0,0.0607,1.0205,0.0044,0.2905,1.729,0,4,0,0,0,0,0,0,0,0,0,0,4,0,0,0,0,0,0,0,0,0
pbt,bintrie,5,4,storage_mixed_k4500,1,,4467,0,0,0.2438,1.7115,0.0099,0.3961,2.7188,0,4,0,0,0,0,0,0,0,0,0,0,4,0,0,0,0,0,0,0,0,0
pbt,bintrie,5,4,storage_mixed_k4500,2,,4468,0,0,0.1199,1.4939,0.0079,0.4535,2.6378,0,4,0,0,0,0,0,0,0,0,0,0,4,0,0,0,0,0,0,0,0,0
pbt,bintrie,5,4,storage_mixed_k4500,2,,4469,0,0,0.1855,2.2604,0.0105,0.5124,3.579,0,4,0,0,0,0,0,0,0,0,0,0,4,0,0,0,0,0,0,0,0,0
pbt,bintrie,5,4,storage_mixed_k4500,2,,4470,0,0,0.0219,0.4337,0.0017,0.5999,1.1795,0,4,0,0,0,0,0,0,0,0,0,0,4,0,0,0,0,0,0,0,0,0
pbt,bintrie,5,4,storage_mixed_k4500,2,,4471,0,0,0.0335,0.5824,0.0026,0.1263,0.9704,0,4,0,0,0,0,0,0,0,0,0,0,4,0,0,0,0,0,0,0,0,0
pbt,bintrie,5,4,storage_mixed_k4500,2,,4472,0,0,0.0397,0.5705,0.0023,0.1537,0.9359,0,4,0,0,0,0,0,0,0,0,0,0,4,0,0,0,0,0,0,0,0,0
pbt,bintrie,5,4,storage_mixed_k4500,2,,4473,0,0,0.0639,1.2976,0.0041,0.2887,2.0562,0,4,0,0,0,0,0,0,0,0,0,0,4,0,0,0,0,0,0,0,0,0
pbt,bintrie,5,4,storage_mixed_k4500,2,,4474,0,0,0.077,1.3093,0.0044,0.2934,2.0924,0,4,0,0,0,0,0,0,0,0,0,0,4,0,0,0,0,0,0,0,0,0
pbt,bintrie,5,4,storage_mixed_k4500,2,,4475,0,0,0.0332,0.4815,0.0035,0.1907,0.9339,0,4,0,0,0,0,0,0,0,0,0,0,4,0,0,0,0,0,0,0,0,0
pbt,bintrie,5,4,storage_mixed_k4500,2,,4476,0,0,0.0735,1.2687,0.0047,0.2756,2.0413,0,4,0,0,0,0,0,0,0,0,0,0,4,0,0,0,0,0,0,0,0,0
pbt,bintrie,5,4,storage_mixed_k4500,2,,4477,0,0,0.0927,1.4178,0.0058,0.2946,2.3277,0,4,0,0,0,0,0,0,0,0,0,0,4,0,0,0,0,0,0,0,0,0
pbt,bintrie,5,4,storage_mixed_k4500,2,,4478,0,0,0.0881,1.5093,0.005,2.053,4.0555,0,4,0,0,0,0,0,0,0,0,0,0,4,0,0,0,0,0,0,0,0,0
pbt,bintrie,5,4,storage_mixed_k4500,2,,4479,0,0,0.0239,0.3859,0.0026,0.1397,0.7668,0,4,0,0,0,0,0,0,0,0,0,0,4,0,0,0,0,0,0,0,0,0
pbt,bintrie,5,4,storage_mixed_k4500,2,,4480,0,0,0.0645,1.3271,0.0044,0.2666,1.976,0,4,0,0,0,0,0,0,0,0,0,0,4,0,0,0,0,0,0,0,0,0
pbt,bintrie,5,4,storage_mixed_k4500,2,,4481,0,0,0.0849,1.3696,0.0064,0.2969,2.1396,0,4,0,0,0,0,0,0,0,0,0,0,4,0,0,0,0,0,0,0,0,0
pbt,bintrie,5,4,storage_mixed_k4500,2,,4482,0,0,0.1461,1.9529,0.012,0.5964,3.3716,0,4,0,0,0,0,0,0,0,0,0,0,4,0,0,0,0,0,0,0,0,0
pbt,bintrie,5,4,storage_mixed_k4500,2,,4483,0,0,0.6282,2.4724,0.0076,0.296,6.5918,0,4,0,0,0,0,0,0,0,0,0,0,4,0,0,0,0,0,0,0,0,0
pbt,bintrie,5,4,storage_mixed_k4500,2,,4484,0,0,0.0507,0.8394,0.0035,2.4809,4.563,0,4,0,0,0,0,0,0,0,0,0,0,4,0,0,0,0,0,0,0,0,0
pbt,bintrie,5,4,storage_mixed_k4500,2,,4485,0,0,0.0245,0.4623,0.0023,0.1286,0.7548,0,4,0,0,0,0,0,0,0,0,0,0,4,0,0,0,0,0,0,0,0,0
pbt,bintrie,5,4,storage_mixed_k4500,2,,4486,91794,2,0.3421,2.4995,77.2045,54.2387,148.0016,0.6202,11,0,0,0,3,0,0,0,1,308,6,5,54.55,0,0,0,0,0,0,0,0
pbt,bintrie,5,4,storage_mixed_k4500,2,,4487,99905997,1,967.6601,219.2236,247.4779,156.141,1591.988,62.7555,4507,13959,4501,126308,1316,0,1314,0,0,0,1235,3272,27.4,6668,7291,47.77,4501,0,100,126308,0
pbt,bintrie,5,4,storage_mixed_k4500,2,,4488,21000,1,0.061,0.6819,12.278,2.5266,15.7385,1.3343,6,0,0,0,2,0,0,0,0,0,2,4,33.33,0,0,0,0,0,0,0,0
pbt,bintrie,5,4,storage_mixed_k4500,2,,4489,0,0,0.0388,0.6376,0.0041,0.236,1.1605,0,4,0,0,0,0,0,0,0,0,0,0,4,0,0,0,0,0,0,0,0,0
pbt,bintrie,5,4,storage_mixed_k4500,2,,4490,0,0,0.0849,1.4221,0.0061,0.4147,2.2977,0,4,0,0,0,0,0,0,0,0,0,0,4,0,0,0,0,0,0,0,0,0
pbt,bintrie,5,4,storage_mixed_k4500,3,,4491,0,0,0.0691,0.6997,0.0041,0.2537,1.3049,0,4,0,0,0,0,0,0,0,0,0,0,4,0,0,0,0,0,0,0,0,0
pbt,bintrie,5,4,storage_mixed_k4500,3,,4492,0,0,0.3179,3.8633,0.0137,0.8726,6.1762,0,4,0,0,0,0,0,0,0,0,0,0,4,0,0,0,0,0,0,0,0,0
pbt,bintrie,5,4,storage_mixed_k4500,3,,4493,0,0,0.0306,0.6075,0.0026,0.1251,0.9476,0,4,0,0,0,0,0,0,0,0,0,0,4,0,0,0,0,0,0,0,0,0
pbt,bintrie,5,4,storage_mixed_k4500,3,,4494,0,0,0.0607,0.7825,0.0029,0.1864,1.7193,0,4,0,0,0,0,0,0,0,0,0,0,4,0,0,0,0,0,0,0,0,0
pbt,bintrie,5,4,storage_mixed_k4500,3,,4495,0,0,0.0268,0.4354,0.0009,0.1881,0.84,0,4,0,0,0,0,0,0,0,0,0,0,4,0,0,0,0,0,0,0,0,0
pbt,bintrie,5,4,storage_mixed_k4500,3,,4496,0,0,0.0884,1.3898,0.0067,0.3675,2.1659,0,4,0,0,0,0,0,0,0,0,0,0,4,0,0,0,0,0,0,0,0,0
pbt,bintrie,5,4,storage_mixed_k4500,3,,4497,0,0,0.0694,1.2789,0.0023,0.3342,2.0469,0,4,0,0,0,0,0,0,0,0,0,0,4,0,0,0,0,0,0,0,0,0
pbt,bintrie,5,4,storage_mixed_k4500,3,,4498,0,0,0.0432,0.8056,0.0047,0.2263,1.3396,0,4,0,0,0,0,0,0,0,0,0,0,4,0,0,0,0,0,0,0,0,0
pbt,bintrie,5,4,storage_mixed_k4500,3,,4499,0,0,0.0455,0.8242,0.0035,0.1858,1.3157,0,4,0,0,0,0,0,0,0,0,0,0,4,0,0,0,0,0,0,0,0,0
pbt,bintrie,5,4,storage_mixed_k4500,3,,4500,0,0,0.0601,1.3192,0.0044,0.2488,2.0582,0,4,0,0,0,0,0,0,0,0,0,0,4,0,0,0,0,0,0,0,0,0
pbt,bintrie,5,4,storage_mixed_k4500,3,,4501,0,0,0.0464,0.9085,0.0038,0.219,1.4236,0,4,0,0,0,0,0,0,0,0,0,0,4,0,0,0,0,0,0,0,0,0
pbt,bintrie,5,4,storage_mixed_k4500,3,,4502,0,0,0.0898,1.4519,0.007,0.3984,2.4733,0,4,0,0,0,0,0,0,0,0,0,0,4,0,0,0,0,0,0,0,0,0
pbt,bintrie,5,4,storage_mixed_k4500,3,,4503,0,0,0.0356,0.5489,0.0038,0.1855,1.0336,0,4,0,0,0,0,0,0,0,0,0,0,4,0,0,0,0,0,0,0,0,0
pbt,bintrie,5,4,storage_mixed_k4500,3,,4504,0,0,0.0793,1.3271,0.0073,0.322,2.2259,0,4,0,0,0,0,0,0,0,0,0,0,4,0,0,0,0,0,0,0,0,0
pbt,bintrie,5,4,storage_mixed_k4500,3,,4505,0,0,0.0732,1.2883,0.005,0.3386,2.0813,0,4,0,0,0,0,0,0,0,0,0,0,4,0,0,0,0,0,0,0,0,0
pbt,bintrie,5,4,storage_mixed_k4500,3,,4506,0,0,0.1578,2.1685,0.0085,0.779,9.6175,0,4,0,0,0,0,0,0,0,0,0,0,4,0,0,0,0,0,0,0,0,0
pbt,bintrie,5,4,storage_mixed_k4500,3,,4507,0,0,0.0277,0.5238,0.002,0.1627,0.8624,0,4,0,0,0,0,0,0,0,0,0,0,4,0,0,0,0,0,0,0,0,0
pbt,bintrie,5,4,storage_mixed_k4500,3,,4508,0,0,0.1505,1.8348,0.0277,1.2935,5.8233,0,4,0,0,0,0,0,0,0,0,0,0,4,0,0,0,0,0,0,0,0,0
pbt,bintrie,5,4,storage_mixed_k4500,3,,4509,91794,2,0.1312,1.4507,0.9482,64.3123,67.0181,1.3697,11,0,0,0,3,0,0,0,1,308,5,6,45.45,0,0,0,0,0,0,0,0
pbt,bintrie,5,4,storage_mixed_k4500,3,,4510,0,0,0.1012,1.9821,0.0087,0.5929,3.6463,0,4,0,0,0,0,0,0,0,0,0,0,4,0,0,0,0,0,0,0,0,0
pbt,bintrie,5,4,storage_mixed_k4500,3,,4511,99905997,1,987.8271,405.2535,303.764,167.8298,1865.4001,53.5574,4507,13959,4501,126308,1316,0,1314,0,0,0,2146,2361,47.61,5551,8408,39.77,4501,0,100,126308,0
pbt,bintrie,5,4,storage_mixed_k4500,3,,4512,21000,1,0.0817,0.6495,12.1187,8.0784,21.0826,0.9961,6,0,0,0,2,0,0,0,0,0,2,4,33.33,0,0,0,0,0,0,0,0
pbt,bintrie,5,4,storage_mixed_k4500,3,,4513,0,0,0.0962,1.374,0.007,0.4214,2.3896,0,4,0,0,0,0,0,0,0,0,0,0,4,0,0,0,0,0,0,0,0,0
pbt,bintrie,5,4,storage_mixed_k4500,3,,4514,0,0,0.131,1.6499,0.0085,0.3797,2.6381,0,4,0,0,0,0,0,0,0,0,0,0,4,0,0,0,0,0,0,0,0,0
pbt,bintrie,5,4,storage_mixed_k4500,4,,4515,0,0,0.082,0.9671,0.0061,0.5413,2.1586,0,4,0,0,0,0,0,0,0,0,0,0,4,0,0,0,0,0,0,0,0,0
pbt,bintrie,5,4,storage_mixed_k4500,4,,4516,0,0,0.0297,0.492,0.0026,0.1575,0.8531,0,4,0,0,0,0,0,0,0,0,0,0,4,0,0,0,0,0,0,0,0,0
pbt,bintrie,5,4,storage_mixed_k4500,4,,4517,0,0,0.0907,1.6686,0.0055,0.3293,2.4919,0,4,0,0,0,0,0,0,0,0,0,0,4,0,0,0,0,0,0,0,0,0
pbt,bintrie,5,4,storage_mixed_k4500,4,,4518,0,0,0.0831,1.5741,0.0079,0.3337,2.2717,0,4,0,0,0,0,0,0,0,0,0,0,4,0,0,0,0,0,0,0,0,0
pbt,bintrie,5,4,storage_mixed_k4500,4,,4519,0,0,0.0379,0.6026,0.002,0.163,0.9814,0,4,0,0,0,0,0,0,0,0,0,0,4,0,0,0,0,0,0,0,0,0
pbt,bintrie,5,4,storage_mixed_k4500,4,,4520,0,0,0.0846,1.3836,0.0047,0.2771,2.1866,0,4,0,0,0,0,0,0,0,0,0,0,4,0,0,0,0,0,0,0,0,0
pbt,bintrie,5,4,storage_mixed_k4500,4,,4521,0,0,0.0738,1.2489,0.0044,0.2815,2.0355,0,4,0,0,0,0,0,0,0,0,0,0,4,0,0,0,0,0,0,0,0,0
pbt,bintrie,5,4,storage_mixed_k4500,4,,4522,0,0,0.0321,0.4766,0.002,0.1756,0.8782,0,4,0,0,0,0,0,0,0,0,0,0,4,0,0,0,0,0,0,0,0,0
pbt,bintrie,5,4,storage_mixed_k4500,4,,4523,0,0,0.0989,1.9124,0.007,0.3754,3.0478,0,4,0,0,0,0,0,0,0,0,0,0,4,0,0,0,0,0,0,0,0,0
pbt,bintrie,5,4,storage_mixed_k4500,4,,4524,0,0,0.0822,1.3615,0.0047,0.4139,2.2268,0,4,0,0,0,0,0,0,0,0,0,0,4,0,0,0,0,0,0,0,0,0
pbt,bintrie,5,4,storage_mixed_k4500,4,,4525,0,0,0.0717,1.2556,0.0035,0.271,1.9999,0,4,0,0,0,0,0,0,0,0,0,0,4,0,0,0,0,0,0,0,0,0
pbt,bintrie,5,4,storage_mixed_k4500,4,,4526,0,0,0.065,1.2833,0.0047,0.2987,1.9506,0,4,0,0,0,0,0,0,0,0,0,0,4,0,0,0,0,0,0,0,0,0
pbt,bintrie,5,4,storage_mixed_k4500,4,,4527,0,0,0.086,1.9034,0.0061,0.4153,2.7856,0,4,0,0,0,0,0,0,0,0,0,0,4,0,0,0,0,0,0,0,0,0
pbt,bintrie,5,4,storage_mixed_k4500,4,,4528,0,0,0.1009,1.5831,0.0067,0.3229,2.4482,0,4,0,0,0,0,0,0,0,0,0,0,4,0,0,0,0,0,0,0,0,0
pbt,bintrie,5,4,storage_mixed_k4500,4,,4529,0,0,0.0808,1.4017,0.0064,0.2972,2.2609,0,4,0,0,0,0,0,0,0,0,0,0,4,0,0,0,0,0,0,0,0,0
pbt,bintrie,5,4,storage_mixed_k4500,4,,4530,0,0,0.0417,0.6096,0.0018,0.1374,0.9636,0,4,0,0,0,0,0,0,0,0,0,0,4,0,0,0,0,0,0,0,0,0
pbt,bintrie,5,4,storage_mixed_k4500,4,,4531,0,0,0.0292,0.5717,0.0029,0.1289,0.8732,0,4,0,0,0,0,0,0,0,0,0,0,4,0,0,0,0,0,0,0,0,0
pbt,bintrie,5,4,storage_mixed_k4500,4,,4532,0,0,0.1595,1.1243,0.0041,0.336,6.5865,0,4,0,0,0,0,0,0,0,0,0,0,4,0,0,0,0,0,0,0,0,0
pbt,bintrie,5,4,storage_mixed_k4500,4,,4533,91794,2,0.1432,2.0819,5.8414,12.2739,20.5319,4.4708,11,0,0,0,3,0,0,0,1,308,6,5,54.55,0,0,0,0,0,0,0,0
pbt,bintrie,5,4,storage_mixed_k4500,4,,4534,99905997,1,910.8945,326.9998,213.9875,205.1809,1658.3927,60.2427,4507,13959,4501,126308,1316,0,1314,0,0,0,670,3837,14.87,2604,11355,18.65,4501,0,100,126308,0
pbt,bintrie,5,4,storage_mixed_k4500,4,,4535,21000,1,0.7703,2.5441,36.0234,0.7674,40.6868,0.5161,6,0,0,0,2,0,0,0,0,0,0,6,0,0,0,0,0,0,0,0,0
pbt,bintrie,5,4,storage_mixed_k4500,4,,4536,0,0,0.126,1.7091,0.0087,0.7236,3.2406,0,4,0,0,0,0,0,0,0,0,0,0,4,0,0,0,0,0,0,0,0,0
pbt,bintrie,5,4,storage_mixed_k4500,4,,4537,0,0,0.096,1.5079,0.0079,0.6233,3.3722,0,4,0,0,0,0,0,0,0,0,0,0,4,0,0,0,0,0,0,0,0,0
pbt,bintrie,5,4,storage_mixed_k4500,5,,4538,0,0,0.0715,0.6781,0.0052,0.2272,1.2305,0,4,0,0,0,0,0,0,0,0,0,0,4,0,0,0,0,0,0,0,0,0
pbt,bintrie,5,4,storage_mixed_k4500,5,,4539,0,0,0.4002,4.6027,0.0204,1.1783,7.8101,0,4,0,0,0,0,0,0,0,0,0,0,4,0,0,0,0,0,0,0,0,0
pbt,bintrie,5,4,storage_mixed_k4500,5,,4540,0,0,0.0356,0.5095,0.0029,0.112,0.8126,0,4,0,0,0,0,0,0,0,0,0,0,4,0,0,0,0,0,0,0,0,0
pbt,bintrie,5,4,storage_mixed_k4500,5,,4541,0,0,0.0274,0.5603,0.0029,0.1137,0.8721,0,4,0,0,0,0,0,0,0,0,0,0,4,0,0,0,0,0,0,0,0,0
pbt,bintrie,5,4,storage_mixed_k4500,5,,4542,0,0,0.0245,0.4276,0.002,0.093,0.723,0,4,0,0,0,0,0,0,0,0,0,0,4,0,0,0,0,0,0,0,0,0
pbt,bintrie,5,4,storage_mixed_k4500,5,,4543,0,0,0.082,1.7287,0.0041,0.3398,2.8265,0,4,0,0,0,0,0,0,0,0,0,0,4,0,0,0,0,0,0,0,0,0
pbt,bintrie,5,4,storage_mixed_k4500,5,,4544,0,0,0.0796,1.6995,0.005,0.3232,2.7381,0,4,0,0,0,0,0,0,0,0,0,0,4,0,0,0,0,0,0,0,0,0
pbt,bintrie,5,4,storage_mixed_k4500,5,,4545,0,0,0.0892,1.9022,0.0055,0.4877,3.0729,0,4,0,0,0,0,0,0,0,0,0,0,4,0,0,0,0,0,0,0,0,0
pbt,bintrie,5,4,storage_mixed_k4500,5,,4546,0,0,0.0817,1.3933,0.007,0.5139,2.375,0,4,0,0,0,0,0,0,0,0,0,0,4,0,0,0,0,0,0,0,0,0
pbt,bintrie,5,4,storage_mixed_k4500,5,,4547,0,0,0.0933,1.8337,0.0055,0.443,2.7821,0,4,0,0,0,0,0,0,0,0,0,0,4,0,0,0,0,0,0,0,0,0
pbt,bintrie,5,4,storage_mixed_k4500,5,,4548,0,0,0.0887,1.878,0.0052,0.2077,2.6497,0,4,0,0,0,0,0,0,0,0,0,0,4,0,0,0,0,0,0,0,0,0
pbt,bintrie,5,4,storage_mixed_k4500,5,,4549,0,0,0.0353,0.5425,0.0058,0.1843,1.0438,0,4,0,0,0,0,0,0,0,0,0,0,4,0,0,0,0,0,0,0,0,0
pbt,bintrie,5,4,storage_mixed_k4500,5,,4550,0,0,0.0715,1.2215,0.0026,0.2858,1.9868,0,4,0,0,0,0,0,0,0,0,0,0,4,0,0,0,0,0,0,0,0,0
pbt,bintrie,5,4,storage_mixed_k4500,5,,4551,0,0,0.089,1.4332,0.0061,0.3549,2.2986,0,4,0,0,0,0,0,0,0,0,0,0,4,0,0,0,0,0,0,0,0,0
pbt,bintrie,5,4,storage_mixed_k4500,5,,4552,0,0,0.1388,1.8302,0.0082,2.0404,5.7005,0,4,0,0,0,0,0,0,0,0,0,0,4,0,0,0,0,0,0,0,0,0
pbt,bintrie,5,4,storage_mixed_k4500,5,,4553,0,0,0.0592,0.6364,0.0038,0.1817,0.9986,0,4,0,0,0,0,0,0,0,0,0,0,4,0,0,0,0,0,0,0,0,0
pbt,bintrie,5,4,storage_mixed_k4500,5,,4554,0,0,0.0397,0.6956,0.0044,0.2584,2.0964,0,4,0,0,0,0,0,0,0,0,0,0,4,0,0,0,0,0,0,0,0,0
pbt,bintrie,5,4,storage_mixed_k4500,5,,4555,0,0,0.0207,0.3427,0.0012,0.124,0.5953,0,4,0,0,0,0,0,0,0,0,0,0,4,0,0,0,0,0,0,0,0,0
pbt,bintrie,5,4,storage_mixed_k4500,5,,4556,91794,2,0.9715,6.1254,34.841,3.7534,52.4949,1.7486,11,0,0,0,3,0,0,0,1,308,4,7,36.36,0,0,0,0,0,0,0,0
pbt,bintrie,5,4,storage_mixed_k4500,5,,4557,99905997,1,970.5927,420.9806,276.4195,153.8165,1822.7344,54.8111,4507,13959,4501,126308,1316,0,1314,0,0,0,1777,2730,39.43,5185,8774,37.14,4501,0,100,126308,0
pbt,bintrie,5,4,storage_mixed_k4500,5,,4558,21000,1,1.8348,7.5403,37.6156,0.8379,49.2242,0.4266,6,0,0,0,2,0,0,0,0,0,0,6,0,0,0,0,0,0,0,0,0
pbt,bintrie,5,4,storage_mixed_k4500,5,,4559,0,0,0.184,2.0787,0.0175,1.0963,9.3637,0,4,0,0,0,0,0,0,0,0,0,0,4,0,0,0,0,0,0,0,0,0
pbt,bintrie,5,4,storage_mixed_k4500,5,,4560,0,0,0.0785,1.8812,0.0026,0.282,3.415,0,4,0,0,0,0,0,0,0,0,0,0,4,0,0,0,0,0,0,0,0,0
pbt,bintrie,5,4,storage_mixed_k4500,6,,4561,0,0,0.037,0.436,0.0015,0.1275,0.7732,0,4,0,0,0,0,0,0,0,0,0,0,4,0,0,0,0,0,0,0,0,0
pbt,bintrie,5,4,storage_mixed_k4500,6,,4562,0,0,0.1044,1.4705,0.0067,0.3328,2.3901,0,4,0,0,0,0,0,0,0,0,0,0,4,0,0,0,0,0,0,0,0,0
pbt,bintrie,5,4,storage_mixed_k4500,6,,4563,0,0,0.0295,0.4675,0.002,0.1382,0.7942,0,4,0,0,0,0,0,0,0,0,0,0,4,0,0,0,0,0,0,0,0,0
pbt,bintrie,5,4,storage_mixed_k4500,6,,4564,0,0,0.0505,0.5171,0.0023,0.1738,0.8671,0,4,0,0,0,0,0,0,0,0,0,0,4,0,0,0,0,0,0,0,0,0
pbt,bintrie,5,4,storage_mixed_k4500,6,,4565,0,0,0.0382,0.9173,0.0026,0.1114,1.3562,0,4,0,0,0,0,0,0,0,0,0,0,4,0,0,0,0,0,0,0,0,0
pbt,bintrie,5,4,storage_mixed_k4500,6,,4566,0,0,0.0857,1.3965,0.0067,0.3404,2.2948,0,4,0,0,0,0,0,0,0,0,0,0,4,0,0,0,0,0,0,0,0,0
pbt,bintrie,5,4,storage_mixed_k4500,6,,4567,0,0,0.0875,1.4373,0.0055,0.4212,2.2452,0,4,0,0,0,0,0,0,0,0,0,0,4,0,0,0,0,0,0,0,0,0
pbt,bintrie,5,4,storage_mixed_k4500,6,,4568,0,0,0.0808,1.463,0.007,0.3042,2.3554,0,4,0,0,0,0,0,0,0,0,0,0,4,0,0,0,0,0,0,0,0,0
pbt,bintrie,5,4,storage_mixed_k4500,6,,4569,0,0,0.0391,0.6099,0.0032,0.1555,1.0549,0,4,0,0,0,0,0,0,0,0,0,0,4,0,0,0,0,0,0,0,0,0
pbt,bintrie,5,4,storage_mixed_k4500,6,,4570,0,0,0.0367,0.5276,0.0032,0.1782,0.9741,0,4,0,0,0,0,0,0,0,0,0,0,4,0,0,0,0,0,0,0,0,0
pbt,bintrie,5,4,storage_mixed_k4500,6,,4571,0,0,0.1222,1.8474,0.0073,0.331,2.8241,0,4,0,0,0,0,0,0,0,0,0,0,4,0,0,0,0,0,0,0,0,0
pbt,bintrie,5,4,storage_mixed_k4500,6,,4572,0,0,0.03,0.4299,0.0035,0.2132,0.9389,0,4,0,0,0,0,0,0,0,0,0,0,4,0,0,0,0,0,0,0,0,0
pbt,bintrie,5,4,storage_mixed_k4500,6,,4573,0,0,0.0324,0.3789,0.0032,0.1406,0.8041,0,4,0,0,0,0,0,0,0,0,0,0,4,0,0,0,0,0,0,0,0,0
pbt,bintrie,5,4,storage_mixed_k4500,6,,4574,0,0,0.0656,1.3139,0.0053,0.3964,2.0731,0,4,0,0,0,0,0,0,0,0,0,0,4,0,0,0,0,0,0,0,0,0
pbt,bintrie,5,4,storage_mixed_k4500,6,,4575,0,0,0.0817,1.4898,0.0079,0.3579,2.4488,0,4,0,0,0,0,0,0,0,0,0,0,4,0,0,0,0,0,0,0,0,0
pbt,bintrie,5,4,storage_mixed_k4500,6,,4576,0,0,0.0598,0.7207,0.0044,6.3999,9.3159,0,4,0,0,0,0,0,0,0,0,0,0,4,0,0,0,0,0,0,0,0,0
pbt,bintrie,5,4,storage_mixed_k4500,6,,4577,0,0,0.0324,0.5661,0.0026,0.1356,0.8881,0,4,0,0,0,0,0,0,0,0,0,0,4,0,0,0,0,0,0,0,0,0
pbt,bintrie,5,4,storage_mixed_k4500,6,,4578,0,0,0.0265,0.5098,0.0015,0.1009,0.8251,0,4,0,0,0,0,0,0,0,0,0,0,4,0,0,0,0,0,0,0,0,0
pbt,bintrie,5,4,storage_mixed_k4500,6,,4579,91794,2,0.1633,1.3393,1.8716,10.3863,58.0422,1.5815,11,0,0,0,3,0,0,0,1,308,7,4,63.64,0,0,0,0,0,0,0,0
pbt,bintrie,5,4,storage_mixed_k4500,6,,4580,99905997,1,948.0668,355.9549,223.54,194.7494,1723.0866,57.9808,4507,13959,4501,126308,1316,0,1314,0,0,0,390,4117,8.65,5007,8952,35.87,4501,0,100,126308,0
pbt,bintrie,5,4,storage_mixed_k4500,6,,4581,21000,1,0.5107,3.7892,64.9668,1.4863,81.1533,0.2588,6,0,0,0,2,0,0,0,0,0,2,4,33.33,0,0,0,0,0,0,0,0
pbt,bintrie,5,4,storage_mixed_k4500,6,,4582,0,0,0.1242,1.946,0.0096,0.4664,3.11,0,4,0,0,0,0,0,0,0,0,0,0,4,0,0,0,0,0,0,0,0,0
pbt,bintrie,5,4,storage_mixed_k4500,6,,4583,0,0,0.0464,0.7577,0.0041,0.4489,1.9731,0,4,0,0,0,0,0,0,0,0,0,0,4,0,0,0,0,0,0,0,0,0
pbt,bintrie,5,4,storage_mixed_k4500,7,,4584,0,0,0.1228,1.4985,0.0064,0.415,2.7066,0,4,0,0,0,0,0,0,0,0,0,0,4,0,0,0,0,0,0,0,0,0
pbt,bintrie,5,4,storage_mixed_k4500,7,,4585,0,0,0.0318,0.5119,0.0026,0.1368,0.898,0,4,0,0,0,0,0,0,0,0,0,0,4,0,0,0,0,0,0,0,0,0
pbt,bintrie,5,4,storage_mixed_k4500,7,,4586,0,0,0.161,2.2364,0.0061,0.4489,3.4588,0,4,0,0,0,0,0,0,0,0,0,0,4,0,0,0,0,0,0,0,0,0
pbt,bintrie,5,4,storage_mixed_k4500,7,,4587,0,0,0.0341,0.5264,0.0018,0.1368,0.8257,0,4,0,0,0,0,0,0,0,0,0,0,4,0,0,0,0,0,0,0,0,0
pbt,bintrie,5,4,storage_mixed_k4500,7,,4588,0,0,0.0898,1.474,0.007,0.4363,2.4473,0,4,0,0,0,0,0,0,0,0,0,0,4,0,0,0,0,0,0,0,0,0
pbt,bintrie,5,4,storage_mixed_k4500,7,,4589,0,0,0.1342,1.8036,0.0067,0.415,2.9971,0,4,0,0,0,0,0,0,0,0,0,0,4,0,0,0,0,0,0,0,0,0
pbt,bintrie,5,4,storage_mixed_k4500,7,,4590,0,0,0.0814,1.8981,0.0053,0.4185,2.8936,0,4,0,0,0,0,0,0,0,0,0,0,4,0,0,0,0,0,0,0,0,0
pbt,bintrie,5,4,storage_mixed_k4500,7,,4591,0,0,0.044,0.4795,0.0023,0.1648,0.9604,0,4,0,0,0,0,0,0,0,0,0,0,4,0,0,0,0,0,0,0,0,0
pbt,bintrie,5,4,storage_mixed_k4500,7,,4592,0,0,0.0484,0.5862,0.0044,0.2418,1.1862,0,4,0,0,0,0,0,0,0,0,0,0,4,0,0,0,0,0,0,0,0,0
pbt,bintrie,5,4,storage_mixed_k4500,7,,4593,0,0,0.0878,1.547,0.0067,0.2952,2.2496,0,4,0,0,0,0,0,0,0,0,0,0,4,0,0,0,0,0,0,0,0,0
pbt,bintrie,5,4,storage_mixed_k4500,7,,4594,0,0,0.035,0.3967,0.0029,0.1528,0.8161,0,4,0,0,0,0,0,0,0,0,0,0,4,0,0,0,0,0,0,0,0,0
pbt,bintrie,5,4,storage_mixed_k4500,7,,4595,0,0,0.0846,1.4498,0.0082,0.2905,2.2519,0,4,0,0,0,0,0,0,0,0,0,0,4,0,0,0,0,0,0,0,0,0
pbt,bintrie,5,4,storage_mixed_k4500,7,,4596,0,0,0.091,1.2594,0.0149,0.6997,2.7416,0,4,0,0,0,0,0,0,0,0,0,0,4,0,0,0,0,0,0,0,0,0
pbt,bintrie,5,4,storage_mixed_k4500,7,,4597,0,0,0.0391,0.5297,0.0026,0.1797,1.0296,0,4,0,0,0,0,0,0,0,0,0,0,4,0,0,0,0,0,0,0,0,0
pbt,bintrie,5,4,storage_mixed_k4500,7,,4598,0,0,0.049,0.6909,0.0053,3.7782,6.9736,0,4,0,0,0,0,0,0,0,0,0,0,4,0,0,0,0,0,0,0,0,0
pbt,bintrie,5,4,storage_mixed_k4500,7,,4599,0,0,0.077,0.6303,0.0026,0.119,0.9928,0,4,0,0,0,0,0,0,0,0,0,0,4,0,0,0,0,0,0,0,0,0
pbt,bintrie,5,4,storage_mixed_k4500,7,,4600,0,0,0.0437,0.7035,0.0026,0.1272,1.05,0,4,0,0,0,0,0,0,0,0,0,0,4,0,0,0,0,0,0,0,0,0
pbt,bintrie,5,4,storage_mixed_k4500,7,,4601,0,0,0.0674,0.9992,0.0038,0.1983,1.5376,0,4,0,0,0,0,0,0,0,0,0,0,4,0,0,0,0,0,0,0,0,0
pbt,bintrie,5,4,storage_mixed_k4500,7,,4602,91794,2,0.317,2.2595,3.1776,21.3355,27.4839,3.3399,11,0,0,0,3,0,0,0,1,308,5,6,45.45,0,0,0,0,0,0,0,0
pbt,bintrie,5,4,storage_mixed_k4500,7,,4603,99905997,1,922.191,379.4772,309.5121,207.8043,1819.4717,54.9093,4507,13959,4501,126308,1316,0,1314,0,0,0,786,3721,17.44,4619,9340,33.09,4501,0,100,126308,0
pbt,bintrie,5,4,storage_mixed_k4500,7,,4604,21000,1,0.2441,1.6231,18.6758,0.8228,32.5116,0.6459,6,0,0,0,2,0,0,0,0,0,2,4,33.33,0,0,0,0,0,0,0,0
pbt,bintrie,5,4,storage_mixed_k4500,7,,4605,0,0,0.047,0.7469,0.0079,0.2015,1.2579,0,4,0,0,0,0,0,0,0,0,0,0,4,0,0,0,0,0,0,0,0,0
pbt,bintrie,5,4,storage_mixed_k4500,7,,4606,0,0,0.0933,1.3874,0.0058,0.306,2.1778,0,4,0,0,0,0,0,0,0,0,0,0,4,0,0,0,0,0,0,0,0,0
pbt,bintrie,5,4,storage_mixed_k4500,8,,4607,0,0,0.1085,1.3959,0.0061,0.3395,2.2513,0,4,0,0,0,0,0,0,0,0,0,0,4,0,0,0,0,0,0,0,0,0
pbt,bintrie,5,4,storage_mixed_k4500,8,,4608,0,0,0.0834,1.3635,0.0067,0.483,2.2411,0,4,0,0,0,0,0,0,0,0,0,0,4,0,0,0,0,0,0,0,0,0
pbt,bintrie,5,4,storage_mixed_k4500,8,,4609,0,0,0.1773,2.5281,0.0085,0.4086,6.4985,0,4,0,0,0,0,0,0,0,0,0,0,4,0,0,0,0,0,0,0,0,0
pbt,bintrie,5,4,storage_mixed_k4500,8,,4610,0,0,0.0344,0.6102,0.0017,0.1225,0.9316,0,4,0,0,0,0,0,0,0,0,0,0,4,0,0,0,0,0,0,0,0,0
pbt,bintrie,5,4,storage_mixed_k4500,8,,4611,0,0,0.0604,0.9266,0.002,0.1517,2.6357,0,4,0,0,0,0,0,0,0,0,0,0,4,0,0,0,0,0,0,0,0,0
pbt,bintrie,5,4,storage_mixed_k4500,8,,4612,0,0,0.0907,1.402,0.0073,0.3375,2.2834,0,4,0,0,0,0,0,0,0,0,0,0,4,0,0,0,0,0,0,0,0,0
pbt,bintrie,5,4,storage_mixed_k4500,8,,4613,0,0,0.0779,1.7001,0.0041,0.3555,2.5354,0,4,0,0,0,0,0,0,0,0,0,0,4,0,0,0,0,0,0,0,0,0
pbt,bintrie,5,4,storage_mixed_k4500,8,,4614,0,0,0.0875,1.3588,0.0076,0.3025,2.2793,0,4,0,0,0,0,0,0,0,0,0,0,4,0,0,0,0,0,0,0,0,0
pbt,bintrie,5,4,storage_mixed_k4500,8,,4615,0,0,0.0892,1.4215,0.0076,0.2806,2.3024,0,4,0,0,0,0,0,0,0,0,0,0,4,0,0,0,0,0,0,0,0,0
pbt,bintrie,5,4,storage_mixed_k4500,8,,4616,0,0,0.075,1.7042,0.0047,0.3981,2.7851,0,4,0,0,0,0,0,0,0,0,0,0,4,0,0,0,0,0,0,0,0,0
pbt,bintrie,5,4,storage_mixed_k4500,8,,4617,0,0,0.3089,3.1289,0.0108,0.7647,9.4827,0,4,0,0,0,0,0,0,0,0,0,0,4,0,0,0,0,0,0,0,0,0
pbt,bintrie,5,4,storage_mixed_k4500,8,,4618,0,0,0.1266,2.0291,0.0053,0.3153,2.9157,0,4,0,0,0,0,0,0,0,0,0,0,4,0,0,0,0,0,0,0,0,0
pbt,bintrie,5,4,storage_mixed_k4500,8,,4619,0,0,0.0755,1.6966,0.0055,0.5189,2.8466,0,4,0,0,0,0,0,0,0,0,0,0,4,0,0,0,0,0,0,0,0,0
pbt,bintrie,5,4,storage_mixed_k4500,8,,4620,0,0,0.0327,0.5291,0.0041,0.1464,0.9254,0,4,0,0,0,0,0,0,0,0,0,0,4,0,0,0,0,0,0,0,0,0
pbt,bintrie,5,4,storage_mixed_k4500,8,,4621,0,0,0.0971,1.971,0.0064,0.4232,3.035,0,4,0,0,0,0,0,0,0,0,0,0,4,0,0,0,0,0,0,0,0,0
pbt,bintrie,5,4,storage_mixed_k4500,8,,4622,0,0,0.0575,0.7574,0.0038,1.7823,6.8811,0,4,0,0,0,0,0,0,0,0,0,0,4,0,0,0,0,0,0,0,0,0
pbt,bintrie,5,4,storage_mixed_k4500,8,,4623,0,0,0.0685,1.1862,0.0061,0.2345,4.1582,0,4,0,0,0,0,0,0,0,0,0,0,4,0,0,0,0,0,0,0,0,0
pbt,bintrie,5,4,storage_mixed_k4500,8,,4624,0,0,0.0636,0.8423,0.0041,0.2654,1.5863,0,4,0,0,0,0,0,0,0,0,0,0,4,0,0,0,0,0,0,0,0,0
pbt,bintrie,5,4,storage_mixed_k4500,8,,4625,91794,2,0.3439,3.096,49.4797,6.077,62.2923,1.4736,11,0,0,0,3,0,0,0,1,308,7,4,63.64,0,0,0,0,0,0,0,0
pbt,bintrie,5,4,storage_mixed_k4500,8,,4626,99905997,1,896.1659,318.6438,299.3265,152.4247,1667.2279,59.9234,4507,13959,4501,126308,1316,0,1314,0,0,0,1927,2580,42.76,4252,9707,30.46,4501,0,100,126308,0
pbt,bintrie,5,4,storage_mixed_k4500,8,,4627,21000,1,1.2833,6.1068,66.9676,0.826,83.3691,0.2519,6,0,0,0,2,0,0,0,0,0,0,6,0,0,0,0,0,0,0,0,0
pbt,bintrie,5,4,storage_mixed_k4500,8,,4628,0,0,0.1158,1.5779,0.0125,0.4214,2.7492,0,4,0,0,0,0,0,0,0,0,0,0,4,0,0,0,0,0,0,0,0,0
pbt,bintrie,5,4,storage_mixed_k4500,8,,4629,0,0,0.18,3.6,0.007,0.4284,4.941,0,4,0,0,0,0,0,0,0,0,0,0,4,0,0,0,0,0,0,0,0,0
pbt,bintrie,5,4,storage_mixed_k4500,9,,4630,0,0,0.1482,1.7132,0.0079,0.6936,3.2879,0,4,0,0,0,0,0,0,0,0,0,0,4,0,0,0,0,0,0,0,0,0
pbt,bintrie,5,4,storage_mixed_k4500,9,,4631,0,0,0.072,0.9756,0.0055,0.273,1.6409,0,4,0,0,0,0,0,0,0,0,0,0,4,0,0,0,0,0,0,0,0,0
pbt,bintrie,5,4,storage_mixed_k4500,9,,4632,0,0,0.0977,1.1713,0.0093,0.2663,3.2511,0,4,0,0,0,0,0,0,0,0,0,0,4,0,0,0,0,0,0,0,0,0
pbt,bintrie,5,4,storage_mixed_k4500,9,,4633,0,0,0.0295,0.5189,0.0018,0.1345,0.8493,0,4,0,0,0,0,0,0,0,0,0,0,4,0,0,0,0,0,0,0,0,0
pbt,bintrie,5,4,storage_mixed_k4500,9,,4634,0,0,0.0227,0.4459,0.0018,0.1143,0.7254,0,4,0,0,0,0,0,0,0,0,0,0,4,0,0,0,0,0,0,0,0,0
pbt,bintrie,5,4,storage_mixed_k4500,9,,4635,0,0,0.0382,0.5807,0.0023,0.1438,0.9438,0,4,0,0,0,0,0,0,0,0,0,0,4,0,0,0,0,0,0,0,0,0
pbt,bintrie,5,4,storage_mixed_k4500,9,,4636,0,0,0.0403,0.5918,0.0029,0.145,0.9852,0,4,0,0,0,0,0,0,0,0,0,0,4,0,0,0,0,0,0,0,0,0
pbt,bintrie,5,4,storage_mixed_k4500,9,,4637,0,0,0.0849,1.4052,0.0061,0.2934,2.3161,0,4,0,0,0,0,0,0,0,0,0,0,4,0,0,0,0,0,0,0,0,0
pbt,bintrie,5,4,storage_mixed_k4500,9,,4638,0,0,0.0884,2.3056,0.0058,0.4734,3.3841,0,4,0,0,0,0,0,0,0,0,0,0,4,0,0,0,0,0,0,0,0,0
pbt,bintrie,5,4,storage_mixed_k4500,9,,4639,0,0,0.0852,1.4248,0.0058,0.2847,2.1131,0,4,0,0,0,0,0,0,0,0,0,0,4,0,0,0,0,0,0,0,0,0
pbt,bintrie,5,4,storage_mixed_k4500,9,,4640,0,0,0.0417,0.7571,0.0023,0.1902,1.3101,0,4,0,0,0,0,0,0,0,0,0,0,4,0,0,0,0,0,0,0,0,0
pbt,bintrie,5,4,storage_mixed_k4500,9,,4641,0,0,0.0849,2.1102,0.005,0.3302,3.0219,0,4,0,0,0,0,0,0,0,0,0,0,4,0,0,0,0,0,0,0,0,0
pbt,bintrie,5,4,storage_mixed_k4500,9,,4642,0,0,0.0443,0.5652,0.0038,0.1555,1.0106,0,4,0,0,0,0,0,0,0,0,0,0,4,0,0,0,0,0,0,0,0,0
pbt,bintrie,5,4,storage_mixed_k4500,9,,4643,0,0,0.0432,0.5997,0.0038,0.1461,1.0199,0,4,0,0,0,0,0,0,0,0,0,0,4,0,0,0,0,0,0,0,0,0
pbt,bintrie,5,4,storage_mixed_k4500,9,,4644,0,0,0.0971,1.4898,0.0125,0.4681,2.5894,0,4,0,0,0,0,0,0,0,0,0,0,4,0,0,0,0,0,0,0,0,0
pbt,bintrie,5,4,storage_mixed_k4500,9,,4645,0,0,0.1458,2.1714,0.0088,0.5028,13.2778,0,4,0,0,0,0,0,0,0,0,0,0,4,0,0,0,0,0,0,0,0,0
pbt,bintrie,5,4,storage_mixed_k4500,9,,4646,0,0,0.0423,0.7084,0.002,0.1205,1.0523,0,4,0,0,0,0,0,0,0,0,0,0,4,0,0,0,0,0,0,0,0,0
pbt,bintrie,5,4,storage_mixed_k4500,9,,4647,0,0,0.1438,2.9446,0.0082,0.4477,4.4455,0,4,0,0,0,0,0,0,0,0,0,0,4,0,0,0,0,0,0,0,0,0
pbt,bintrie,5,4,storage_mixed_k4500,9,,4648,91794,2,0.1444,1.46,3.4121,3.7128,9.0213,10.1752,11,0,0,0,3,0,0,0,1,308,5,6,45.45,0,0,0,0,0,0,0,0
pbt,bintrie,5,4,storage_mixed_k4500,9,,4649,99905997,1,918.9858,352.9808,227.4677,213.7944,1713.6004,58.3018,4507,13959,4501,126308,1316,0,1314,0,0,0,595,3912,13.2,3828,10131,27.42,4501,0,100,126308,0
pbt,bintrie,5,4,storage_mixed_k4500,9,,4650,0,0,0.0455,0.8333,0.0029,0.2596,1.4032,0,4,0,0,0,0,0,0,0,0,0,0,4,0,0,0,0,0,0,0,0,0
pbt,bintrie,5,4,storage_mixed_k4500,9,,4651,21000,1,1.1503,7.311,51.8731,0.7426,62.0972,0.3382,6,0,0,0,2,0,0,0,0,0,2,4,33.33,0,0,0,0,0,0,0,0
pbt,bintrie,5,4,storage_mixed_k4500,9,,4652,0,0,0.0688,1.3087,0.0055,0.331,2.0652,0,4,0,0,0,0,0,0,0,0,0,0,4,0,0,0,0,0,0,0,0,0
pbt,bintrie,5,4,storage_mixed_k4500,9,,4653,0,0,0.142,1.8853,0.009,0.4028,3.0449,0,4,0,0,0,0,0,0,0,0,0,0,4,0,0,0,0,0,0,0,0,0
pbt,bintrie,5,4,storage_sload_k1,10,,1310,0,0,0.0367,0.4457,0.0018,0.1566,0.8003,0,4,0,0,0,0,0,0,0,0,0,0,4,0,0,0,0,0,0,0,0,0
pbt,bintrie,5,4,storage_sload_k1,10,,1311,0,0,0.0569,0.8604,0.0044,0.427,2.2747,0,4,0,0,0,0,0,0,0,0,0,0,4,0,0,0,0,0,0,0,0,0
pbt,bintrie,5,4,storage_sload_k1,10,,1312,0,0,0.0265,0.4713,0.002,0.2129,0.9558,0,4,0,0,0,0,0,0,0,0,0,0,4,0,0,0,0,0,0,0,0,0
pbt,bintrie,5,4,storage_sload_k1,10,,1313,0,0,0.0248,0.4693,0.0018,0.191,0.8969,0,4,0,0,0,0,0,0,0,0,0,0,4,0,0,0,0,0,0,0,0,0
pbt,bintrie,5,4,storage_sload_k1,10,,1314,0,0,0.0303,0.5113,0.0158,0.1161,0.8003,0,4,0,0,0,0,0,0,0,0,0,0,4,0,0,0,0,0,0,0,0,0
pbt,bintrie,5,4,storage_sload_k1,10,,1315,0,0,0.0735,1.2935,0.0076,0.2666,2.0437,0,4,0,0,0,0,0,0,0,0,0,0,4,0,0,0,0,0,0,0,0,0
pbt,bintrie,5,4,storage_sload_k1,10,,1316,0,0,0.0534,1.1748,0.0026,0.2185,1.7065,0,4,0,0,0,0,0,0,0,0,0,0,4,0,0,0,0,0,0,0,0,0
pbt,bintrie,5,4,storage_sload_k1,10,,1317,0,0,0.0411,0.5749,0.002,0.1432,0.9835,0,4,0,0,0,0,0,0,0,0,0,0,4,0,0,0,0,0,0,0,0,0
pbt,bintrie,5,4,storage_sload_k1,10,,1318,0,0,0.0857,1.0815,0.0079,1.5443,5.6891,0,4,0,0,0,0,0,0,0,0,0,0,4,0,0,0,0,0,0,0,0,0
pbt,bintrie,5,4,storage_sload_k1,10,,1319,0,0,0.0805,1.8993,0.0055,0.4112,2.8705,0,4,0,0,0,0,0,0,0,0,0,0,4,0,0,0,0,0,0,0,0,0
pbt,bintrie,5,4,storage_sload_k1,10,,1320,0,0,0.1094,1.7607,0.0085,0.5011,2.923,0,4,0,0,0,0,0,0,0,0,0,0,4,0,0,0,0,0,0,0,0,0
pbt,bintrie,5,4,storage_sload_k1,10,,1321,0,0,0.1569,3.352,0.0236,1.197,9.3964,0,4,0,0,0,0,0,0,0,0,0,0,4,0,0,0,0,0,0,0,0,0
pbt,bintrie,5,4,storage_sload_k1,10,,1322,0,0,0.0872,1.8827,0.0061,0.2327,2.7568,0,4,0,0,0,0,0,0,0,0,0,0,4,0,0,0,0,0,0,0,0,0
pbt,bintrie,5,4,storage_sload_k1,10,,1323,0,0,0.0901,1.9722,0.0055,0.3287,2.8198,0,4,0,0,0,0,0,0,0,0,0,0,4,0,0,0,0,0,0,0,0,0
pbt,bintrie,5,4,storage_sload_k1,10,,1324,0,0,0.205,2.7156,0.0105,0.4524,4.1223,0,4,0,0,0,0,0,0,0,0,0,0,4,0,0,0,0,0,0,0,0,0
pbt,bintrie,5,4,storage_sload_k1,10,,1325,0,0,0.0262,0.5766,0.0026,0.1986,1.0485,0,4,0,0,0,0,0,0,0,0,0,0,4,0,0,0,0,0,0,0,0,0
pbt,bintrie,5,4,storage_sload_k1,10,,1326,0,0,0.1085,0.7875,0.0032,0.1581,2.802,0,4,0,0,0,0,0,0,0,0,0,0,4,0,0,0,0,0,0,0,0,0
pbt,bintrie,5,4,storage_sload_k1,10,,1327,0,0,0.0338,0.5369,0.0023,0.1899,0.9149,0,4,0,0,0,0,0,0,0,0,0,0,4,0,0,0,0,0,0,0,0,0
pbt,bintrie,5,4,storage_sload_k1,10,,1328,0,0,0.0621,1.1261,0.0044,0.8808,4.2191,0,4,0,0,0,0,0,0,0,0,0,0,4,0,0,0,0,0,0,0,0,0
pbt,bintrie,5,4,storage_sload_k1,10,,1329,86860,2,3.4217,11.5147,4.344,2.5065,22.1646,3.9189,11,0,0,0,3,0,0,0,1,156,4,7,36.36,0,0,0,0,0,0,0,0
pbt,bintrie,5,4,storage_sload_k1,10,,1330,99900789,1,2213.1684,99.3976,35.3859,1.6248,2358.6853,42.3544,8,5002,2,184,2,0,0,0,0,0,1,7,12.5,553,4449,11.06,2,0,100,184,0
pbt,bintrie,5,4,storage_sload_k1,10,,1331,21000,1,0.3054,21.7626,30.7677,1.4904,55.138,0.3809,6,0,0,0,2,0,0,0,0,0,2,4,33.33,0,0,0,0,0,0,0,0
pbt,bintrie,5,4,storage_sload_k1,10,,1332,0,0,0.0887,1.8975,0.0026,0.3774,3.6988,0,4,0,0,0,0,0,0,0,0,0,0,4,0,0,0,0,0,0,0,0,0
pbt,bintrie,5,4,storage_sload_k1,10,,1333,0,0,0.11,1.7543,0.0079,0.9278,3.9354,0,4,0,0,0,0,0,0,0,0,0,0,4,0,0,0,0,0,0,0,0,0
pbt,bintrie,5,4,storage_sload_k1,1,,1083,0,0,0.0735,0.8426,0.0029,0.2762,1.484,0,4,0,0,0,0,0,0,0,0,0,0,4,0,0,0,0,0,0,0,0,0
pbt,bintrie,5,4,storage_sload_k1,1,,1084,0,0,0.0965,1.528,0.0085,0.7534,3.4086,0,4,0,0,0,0,0,0,0,0,0,0,4,0,0,0,0,0,0,0,0,0
pbt,bintrie,5,4,storage_sload_k1,1,,1085,0,0,0.054,1.1109,0.0029,0.5189,2.7121,0,4,0,0,0,0,0,0,0,0,0,0,4,0,0,0,0,0,0,0,0,0
pbt,bintrie,5,4,storage_sload_k1,1,,1086,0,0,0.0548,1.0409,0.0032,0.1123,1.407,0,4,0,0,0,0,0,0,0,0,0,0,4,0,0,0,0,0,0,0,0,0
pbt,bintrie,5,4,storage_sload_k1,1,,1087,0,0,0.0327,0.5556,0.0029,0.1342,0.9001,0,4,0,0,0,0,0,0,0,0,0,0,4,0,0,0,0,0,0,0,0,0
pbt,bintrie,5,4,storage_sload_k1,1,,1088,0,0,0.0542,0.6352,0.002,0.1619,1.1777,0,4,0,0,0,0,0,0,0,0,0,0,4,0,0,0,0,0,0,0,0,0
pbt,bintrie,5,4,storage_sload_k1,1,,1089,0,0,0.0586,1.178,0.0018,0.1312,1.6829,0,4,0,0,0,0,0,0,0,0,0,0,4,0,0,0,0,0,0,0,0,0
pbt,bintrie,5,4,storage_sload_k1,1,,1090,21000,1,0.177,25.013,18.2129,1.6123,45.4869,0.4617,8,0,0,0,2,0,0,0,0,0,3,5,37.5,0,0,0,0,0,0,0,0
pbt,bintrie,5,4,storage_sload_k1,1,,1091,62737,1,11.5517,16.5846,13.2994,1.2533,44.3106,1.4158,9,0,0,0,3,0,0,0,1,69,3,6,33.33,0,0,0,0,0,0,0,0
pbt,bintrie,5,4,storage_sload_k1,1,,1092,0,0,0.035,0.5504,0.0047,0.1619,1.0129,0,4,0,0,0,0,0,0,0,0,0,0,4,0,0,0,0,0,0,0,0,0
pbt,bintrie,5,4,storage_sload_k1,1,,1093,0,0,0.0817,1.5613,0.0058,0.3829,2.3674,0,4,0,0,0,0,0,0,0,0,0,0,4,0,0,0,0,0,0,0,0,0
pbt,bintrie,5,4,storage_sload_k1,1,,1094,0,0,0.0455,0.5798,0.005,1.0056,2.3624,0,4,0,0,0,0,0,0,0,0,0,0,4,0,0,0,0,0,0,0,0,0
pbt,bintrie,5,4,storage_sload_k1,1,,1095,0,0,0.0834,3.0887,0.0111,1.7351,6.7747,0,4,0,0,0,0,0,0,0,0,0,0,4,0,0,0,0,0,0,0,0,0
pbt,bintrie,5,4,storage_sload_k1,1,,1096,0,0,0.082,1.3367,0.0064,0.5466,2.8078,0,4,0,0,0,0,0,0,0,0,0,0,4,0,0,0,0,0,0,0,0,0
pbt,bintrie,5,4,storage_sload_k1,1,,1097,0,0,0.0677,1.3997,0.0029,0.2325,2.0232,0,4,0,0,0,0,0,0,0,0,0,0,4,0,0,0,0,0,0,0,0,0
pbt,bintrie,5,4,storage_sload_k1,1,,1098,0,0,0.0951,2.2105,0.0064,1.1836,5.3458,0,4,0,0,0,0,0,0,0,0,0,0,4,0,0,0,0,0,0,0,0,0
pbt,bintrie,5,4,storage_sload_k1,1,,1099,0,0,0.0682,1.3731,0.0038,0.2695,2.0985,0,4,0,0,0,0,0,0,0,0,0,0,4,0,0,0,0,0,0,0,0,0
pbt,bintrie,5,4,storage_sload_k1,1,,1100,0,0,0.0933,1.4332,0.0096,0.3967,2.3796,0,4,0,0,0,0,0,0,0,0,0,0,4,0,0,0,0,0,0,0,0,0
pbt,bintrie,5,4,storage_sload_k1,1,,1101,0,0,0.1193,1.6808,0.0102,0.4964,2.9889,0,4,0,0,0,0,0,0,0,0,0,0,4,0,0,0,0,0,0,0,0,0
pbt,bintrie,5,4,storage_sload_k1,1,,1102,0,0,0.0312,0.5868,0.0029,0.3535,1.3734,0,4,0,0,0,0,0,0,0,0,0,0,4,0,0,0,0,0,0,0,0,0
pbt,bintrie,5,4,storage_sload_k1,1,,1103,0,0,0.0569,0.6148,0.0023,0.1983,1.0581,0,4,0,0,0,0,0,0,0,0,0,0,4,0,0,0,0,0,0,0,0,0
pbt,bintrie,5,4,storage_sload_k1,1,,1104,0,0,0.0572,1.0042,0.0044,0.9683,3.1779,0,4,0,0,0,0,0,0,0,0,0,0,4,0,0,0,0,0,0,0,0,0
pbt,bintrie,5,4,storage_sload_k1,1,,1105,0,0,0.0925,2.0066,0.0064,0.429,3.0618,0,4,0,0,0,0,0,0,0,0,0,0,4,0,0,0,0,0,0,0,0,0
pbt,bintrie,5,4,storage_sload_k1,1,,1106,86860,2,0.9117,11.2044,20.51,1.8911,35.0545,2.4779,11,0,0,0,3,0,0,0,1,156,4,7,36.36,0,0,0,0,0,0,0,0
pbt,bintrie,5,4,storage_sload_k1,1,,1107,0,0,0.0951,1.479,0.0076,0.9085,3.49,0,4,0,0,0,0,0,0,0,0,0,0,4,0,0,0,0,0,0,0,0,0
pbt,bintrie,5,4,storage_sload_k1,1,,1108,99900789,1,2170.1836,86.2787,1.5589,15.9535,2284.9148,43.7219,8,5002,2,184,2,0,0,0,0,0,3,5,37.5,1589,3413,31.77,2,0,100,184,0
pbt,bintrie,5,4,storage_sload_k1,1,,1109,21000,1,0.1721,33.0919,5.5144,0.8333,39.9366,0.5258,6,0,0,0,2,0,0,0,0,0,2,4,33.33,0,0,0,0,0,0,0,0
pbt,bintrie,5,4,storage_sload_k1,1,,1110,0,0,0.0846,1.5102,0.0073,0.4212,3.3135,0,4,0,0,0,0,0,0,0,0,0,0,4,0,0,0,0,0,0,0,0,0
pbt,bintrie,5,4,storage_sload_k1,1,,1111,0,0,0.0989,1.5592,0.0079,0.5836,3.21,0,4,0,0,0,0,0,0,0,0,0,0,4,0,0,0,0,0,0,0,0,0
pbt,bintrie,5,4,storage_sload_k1,2,,1112,0,0,0.1339,1.544,0.0076,0.6329,3.0143,0,4,0,0,0,0,0,0,0,0,0,0,4,0,0,0,0,0,0,0,0,0
pbt,bintrie,5,4,storage_sload_k1,2,,1113,0,0,0.0385,0.5571,0.002,0.156,0.9701,0,4,0,0,0,0,0,0,0,0,0,0,4,0,0,0,0,0,0,0,0,0
pbt,bintrie,5,4,storage_sload_k1,2,,1114,0,0,0.2424,19.6112,0.0035,0.8872,22.8048,0,4,0,0,0,0,0,0,0,0,0,0,4,0,0,0,0,0,0,0,0,0
pbt,bintrie,5,4,storage_sload_k1,2,,1115,0,0,0.0338,0.6294,0.002,0.1356,0.9765,0,4,0,0,0,0,0,0,0,0,0,0,4,0,0,0,0,0,0,0,0,0
pbt,bintrie,5,4,storage_sload_k1,2,,1116,0,0,0.0292,0.4964,0.0017,0.1225,0.7945,0,4,0,0,0,0,0,0,0,0,0,0,4,0,0,0,0,0,0,0,0,0
pbt,bintrie,5,4,storage_sload_k1,2,,1117,0,0,0.0458,0.5297,0.0032,0.152,0.9397,0,4,0,0,0,0,0,0,0,0,0,0,4,0,0,0,0,0,0,0,0,0
pbt,bintrie,5,4,storage_sload_k1,2,,1118,0,0,0.028,0.415,0.0015,0.2465,0.8458,0,4,0,0,0,0,0,0,0,0,0,0,4,0,0,0,0,0,0,0,0,0
pbt,bintrie,5,4,storage_sload_k1,2,,1119,0,0,0.0779,1.2955,0.0061,0.2885,2.1909,0,4,0,0,0,0,0,0,0,0,0,0,4,0,0,0,0,0,0,0,0,0
pbt,bintrie,5,4,storage_sload_k1,2,,1120,0,0,0.0318,0.3888,0.0029,0.1382,0.7586,0,4,0,0,0,0,0,0,0,0,0,0,4,0,0,0,0,0,0,0,0,0
pbt,bintrie,5,4,storage_sload_k1,2,,1121,0,0,0.0265,0.4054,0.0018,0.1601,0.8304,0,4,0,0,0,0,0,0,0,0,0,0,4,0,0,0,0,0,0,0,0,0
pbt,bintrie,5,4,storage_sload_k1,2,,1122,0,0,0.1447,1.4528,0.0067,0.2812,2.6949,0,4,0,0,0,0,0,0,0,0,0,0,4,0,0,0,0,0,0,0,0,0
pbt,bintrie,5,4,storage_sload_k1,2,,1123,0,0,0.0866,1.498,0.0064,0.4809,2.4916,0,4,0,0,0,0,0,0,0,0,0,0,4,0,0,0,0,0,0,0,0,0
pbt,bintrie,5,4,storage_sload_k1,2,,1124,0,0,0.0849,1.4615,0.0064,0.4366,2.4593,0,4,0,0,0,0,0,0,0,0,0,0,4,0,0,0,0,0,0,0,0,0
pbt,bintrie,5,4,storage_sload_k1,2,,1125,0,0,0.0857,1.4116,0.0067,0.2984,2.2017,0,4,0,0,0,0,0,0,0,0,0,0,4,0,0,0,0,0,0,0,0,0
pbt,bintrie,5,4,storage_sload_k1,2,,1126,0,0,0.0945,1.4933,0.0067,0.4299,2.4479,0,4,0,0,0,0,0,0,0,0,0,0,4,0,0,0,0,0,0,0,0,0
pbt,bintrie,5,4,storage_sload_k1,2,,1127,0,0,0.035,0.6137,0.0023,0.1942,1.0298,0,4,0,0,0,0,0,0,0,0,0,0,4,0,0,0,0,0,0,0,0,0
pbt,bintrie,5,4,storage_sload_k1,2,,1128,0,0,0.0595,1.0409,0.0041,0.9861,5.0393,0,4,0,0,0,0,0,0,0,0,0,0,4,0,0,0,0,0,0,0,0,0
pbt,bintrie,5,4,storage_sload_k1,2,,1129,0,0,0.0353,0.6379,0.0023,0.2313,1.0351,0,4,0,0,0,0,0,0,0,0,0,0,4,0,0,0,0,0,0,0,0,0
pbt,bintrie,5,4,storage_sload_k1,2,,1130,0,0,0.2412,7.1223,0.0082,0.4853,8.6699,0,4,0,0,0,0,0,0,0,0,0,0,4,0,0,0,0,0,0,0,0,0
pbt,bintrie,5,4,storage_sload_k1,2,,1131,86860,2,0.6638,54.5557,8.5792,6.0948,70.4578,1.2328,11,0,0,0,3,0,0,0,1,156,4,7,36.36,0,0,0,0,0,0,0,0
pbt,bintrie,5,4,storage_sload_k1,2,,1132,99900789,1,2170.8097,81.4355,3.7589,2.3569,2277.7707,43.859,8,5002,2,184,2,0,0,0,0,0,1,7,12.5,1652,3350,33.03,2,0,100,184,0
pbt,bintrie,5,4,storage_sload_k1,2,,1133,21000,1,0.0933,0.8277,29.1539,0.8356,31.3886,0.669,6,0,0,0,2,0,0,0,0,0,2,4,33.33,0,0,0,0,0,0,0,0
pbt,bintrie,5,4,storage_sload_k1,2,,1134,0,0,0.114,1.4863,0.0076,0.3048,2.3164,0,4,0,0,0,0,0,0,0,0,0,0,4,0,0,0,0,0,0,0,0,0
pbt,bintrie,5,4,storage_sload_k1,2,,1135,0,0,0.1199,1.6913,0.0093,0.7507,3.8438,0,4,0,0,0,0,0,0,0,0,0,0,4,0,0,0,0,0,0,0,0,0
pbt,bintrie,5,4,storage_sload_k1,3,,1136,0,0,0.0405,0.5066,0.002,0.1292,0.8753,0,4,0,0,0,0,0,0,0,0,0,0,4,0,0,0,0,0,0,0,0,0
pbt,bintrie,5,4,storage_sload_k1,3,,1137,0,0,0.1242,1.8447,0.0108,0.7956,3.5092,0,4,0,0,0,0,0,0,0,0,0,0,4,0,0,0,0,0,0,0,0,0
pbt,bintrie,5,4,storage_sload_k1,3,,1138,0,0,0.0528,1.1051,0.0023,0.1452,4.9159,0,4,0,0,0,0,0,0,0,0,0,0,4,0,0,0,0,0,0,0,0,0
pbt,bintrie,5,4,storage_sload_k1,3,,1139,0,0,0.0405,0.7341,0.0029,0.6883,2.2746,0,4,0,0,0,0,0,0,0,0,0,0,4,0,0,0,0,0,0,0,0,0
pbt,bintrie,5,4,storage_sload_k1,3,,1140,0,0,0.0251,0.6294,0.0026,0.1423,0.9461,0,4,0,0,0,0,0,0,0,0,0,0,4,0,0,0,0,0,0,0,0,0
pbt,bintrie,5,4,storage_sload_k1,3,,1141,0,0,0.0318,0.6982,0.0023,0.156,1.0847,0,4,0,0,0,0,0,0,0,0,0,0,4,0,0,0,0,0,0,0,0,0
pbt,bintrie,5,4,storage_sload_k1,3,,1142,0,0,0.3167,3.9852,0.0134,1.0698,6.5387,0,4,0,0,0,0,0,0,0,0,0,0,4,0,0,0,0,0,0,0,0,0
pbt,bintrie,5,4,storage_sload_k1,3,,1143,0,0,0.0712,1.3463,0.0026,0.3237,2.0886,0,4,0,0,0,0,0,0,0,0,0,0,4,0,0,0,0,0,0,0,0,0
pbt,bintrie,5,4,storage_sload_k1,3,,1144,0,0,0.0878,1.5242,0.0053,0.3625,2.3619,0,4,0,0,0,0,0,0,0,0,0,0,4,0,0,0,0,0,0,0,0,0
pbt,bintrie,5,4,storage_sload_k1,3,,1145,0,0,0.1482,3.7149,0.0123,0.5343,12.6834,0,4,0,0,0,0,0,0,0,0,0,0,4,0,0,0,0,0,0,0,0,0
pbt,bintrie,5,4,storage_sload_k1,3,,1146,0,0,0.0849,1.8902,0.0058,0.4045,2.9554,0,4,0,0,0,0,0,0,0,0,0,0,4,0,0,0,0,0,0,0,0,0
pbt,bintrie,5,4,storage_sload_k1,3,,1147,0,0,0.082,1.4312,0.0055,0.2879,2.1466,0,4,0,0,0,0,0,0,0,0,0,0,4,0,0,0,0,0,0,0,0,0
pbt,bintrie,5,4,storage_sload_k1,3,,1148,0,0,0.0843,1.4685,0.005,0.313,2.3502,0,4,0,0,0,0,0,0,0,0,0,0,4,0,0,0,0,0,0,0,0,0
pbt,bintrie,5,4,storage_sload_k1,3,,1149,0,0,0.0324,0.4104,0.0012,0.187,0.8403,0,4,0,0,0,0,0,0,0,0,0,0,4,0,0,0,0,0,0,0,0,0
pbt,bintrie,5,4,storage_sload_k1,3,,1150,0,0,0.0292,0.4133,0.0023,0.191,0.8487,0,4,0,0,0,0,0,0,0,0,0,0,4,0,0,0,0,0,0,0,0,0
pbt,bintrie,5,4,storage_sload_k1,3,,1151,0,0,0.0589,1.0809,0.005,0.2368,1.6514,0,4,0,0,0,0,0,0,0,0,0,0,4,0,0,0,0,0,0,0,0,0
pbt,bintrie,5,4,storage_sload_k1,3,,1152,0,0,0.1689,2.7923,0.009,2.8031,9.8727,0,4,0,0,0,0,0,0,0,0,0,0,4,0,0,0,0,0,0,0,0,0
pbt,bintrie,5,4,storage_sload_k1,3,,1153,0,0,0.0318,0.5924,0.0029,0.1374,0.9631,0,4,0,0,0,0,0,0,0,0,0,0,4,0,0,0,0,0,0,0,0,0
pbt,bintrie,5,4,storage_sload_k1,3,,1154,0,0,0.0315,0.8773,0.0018,0.1417,1.2212,0,4,0,0,0,0,0,0,0,0,0,0,4,0,0,0,0,0,0,0,0,0
pbt,bintrie,5,4,storage_sload_k1,3,,1155,0,0,0.0825,1.6884,0.0061,0.4757,2.7057,0,4,0,0,0,0,0,0,0,0,0,0,4,0,0,0,0,0,0,0,0,0
pbt,bintrie,5,4,storage_sload_k1,3,,1156,86860,2,3.9992,50.3951,4.0208,2.2962,61.0512,1.4227,11,0,0,0,3,0,0,0,1,156,5,6,45.45,0,0,0,0,0,0,0,0
pbt,bintrie,5,4,storage_sload_k1,3,,1157,99900789,1,2158.6368,88.6031,24.6834,1.4516,2278.8198,43.8388,8,5002,2,184,2,0,0,0,0,0,0,8,0,1380,3622,27.59,2,0,100,184,0
pbt,bintrie,5,4,storage_sload_k1,3,,1158,21000,1,0.0945,15.0928,16.7946,0.891,33.0919,0.6346,6,0,0,0,2,0,0,0,0,0,0,6,0,0,0,0,0,0,0,0,0
pbt,bintrie,5,4,storage_sload_k1,3,,1159,0,0,0.0837,1.9707,0.0058,0.5069,3.777,0,4,0,0,0,0,0,0,0,0,0,0,4,0,0,0,0,0,0,0,0,0
pbt,bintrie,5,4,storage_sload_k1,3,,1160,0,0,0.0324,0.525,0.0038,0.8998,2.1982,0,4,0,0,0,0,0,0,0,0,0,0,4,0,0,0,0,0,0,0,0,0
pbt,bintrie,5,4,storage_sload_k1,4,,1161,0,0,0.3751,3.2698,0.012,1.2492,21.3471,0,4,0,0,0,0,0,0,0,0,0,0,4,0,0,0,0,0,0,0,0,0
pbt,bintrie,5,4,storage_sload_k1,4,,1162,0,0,0.1181,1.4396,0.0099,0.7408,3.9336,0,4,0,0,0,0,0,0,0,0,0,0,4,0,0,0,0,0,0,0,0,0
pbt,bintrie,5,4,storage_sload_k1,4,,1163,0,0,0.0262,0.5921,0.0551,0.2085,1.1941,0,4,0,0,0,0,0,0,0,0,0,0,4,0,0,0,0,0,0,0,0,0
pbt,bintrie,5,4,storage_sload_k1,4,,1164,0,0,0.0236,0.4874,0.0012,0.1452,0.7991,0,4,0,0,0,0,0,0,0,0,0,0,4,0,0,0,0,0,0,0,0,0
pbt,bintrie,5,4,storage_sload_k1,4,,1165,0,0,0.0265,0.4699,0.0012,0.1006,0.7534,0,4,0,0,0,0,0,0,0,0,0,0,4,0,0,0,0,0,0,0,0,0
pbt,bintrie,5,4,storage_sload_k1,4,,1166,0,0,0.028,0.5294,0.0015,0.2039,0.9036,0,4,0,0,0,0,0,0,0,0,0,0,4,0,0,0,0,0,0,0,0,0
pbt,bintrie,5,4,storage_sload_k1,4,,1167,0,0,0.0785,1.3265,0.0032,0.4025,2.2265,0,4,0,0,0,0,0,0,0,0,0,0,4,0,0,0,0,0,0,0,0,0
pbt,bintrie,5,4,storage_sload_k1,4,,1168,0,0,0.0659,1.3058,0.0035,0.3477,2.0247,0,4,0,0,0,0,0,0,0,0,0,0,4,0,0,0,0,0,0,0,0,0
pbt,bintrie,5,4,storage_sload_k1,4,,1169,0,0,0.0837,1.533,0.0053,0.3366,2.2668,0,4,0,0,0,0,0,0,0,0,0,0,4,0,0,0,0,0,0,0,0,0
pbt,bintrie,5,4,storage_sload_k1,4,,1170,0,0,0.0881,1.6648,0.0058,0.3022,2.4881,0,4,0,0,0,0,0,0,0,0,0,0,4,0,0,0,0,0,0,0,0,0
pbt,bintrie,5,4,storage_sload_k1,4,,1171,0,0,0.1677,2.853,0.0496,1.1092,4.8806,0,4,0,0,0,0,0,0,0,0,0,0,4,0,0,0,0,0,0,0,0,0
pbt,bintrie,5,4,storage_sload_k1,4,,1172,0,0,0.0951,2.0483,0.0079,0.5938,3.3541,0,4,0,0,0,0,0,0,0,0,0,0,4,0,0,0,0,0,0,0,0,0
pbt,bintrie,5,4,storage_sload_k1,4,,1173,0,0,0.0356,0.5982,0.0032,0.2295,1.0882,0,4,0,0,0,0,0,0,0,0,0,0,4,0,0,0,0,0,0,0,0,0
pbt,bintrie,5,4,storage_sload_k1,4,,1174,0,0,0.0831,1.9261,0.0058,0.3299,2.7988,0,4,0,0,0,0,0,0,0,0,0,0,4,0,0,0,0,0,0,0,0,0
pbt,bintrie,5,4,storage_sload_k1,4,,1175,0,0,0.0321,0.4311,0.0017,0.2409,0.9179,0,4,0,0,0,0,0,0,0,0,0,0,4,0,0,0,0,0,0,0,0,0
pbt,bintrie,5,4,storage_sload_k1,4,,1176,0,0,0.1035,1.5942,0.0076,0.2995,2.466,0,4,0,0,0,0,0,0,0,0,0,0,4,0,0,0,0,0,0,0,0,0
pbt,bintrie,5,4,storage_sload_k1,4,,1177,0,0,0.0513,0.7808,0.0038,1.668,5.487,0,4,0,0,0,0,0,0,0,0,0,0,4,0,0,0,0,0,0,0,0,0
pbt,bintrie,5,4,storage_sload_k1,4,,1178,0,0,0.0338,0.6052,0.0029,0.1572,1.1074,0,4,0,0,0,0,0,0,0,0,0,0,4,0,0,0,0,0,0,0,0,0
pbt,bintrie,5,4,storage_sload_k1,4,,1179,0,0,0.0382,0.5267,0.002,0.1835,0.9044,0,4,0,0,0,0,0,0,0,0,0,0,4,0,0,0,0,0,0,0,0,0
pbt,bintrie,5,4,storage_sload_k1,4,,1180,0,0,0.0265,0.4795,0.0026,0.1292,0.7636,0,4,0,0,0,0,0,0,0,0,0,0,4,0,0,0,0,0,0,0,0,0
pbt,bintrie,5,4,storage_sload_k1,4,,1181,86860,2,0.2161,48.8375,5.7819,4.2886,59.5207,1.4593,11,0,0,0,3,0,0,0,1,156,6,5,54.55,0,0,0,0,0,0,0,0
pbt,bintrie,5,4,storage_sload_k1,4,,1182,99900789,1,2159.0239,87.5521,12.705,2.0612,2270.9587,43.9906,8,5002,2,184,2,0,0,0,0,0,2,6,25,1099,3903,21.97,2,0,100,184,0
pbt,bintrie,5,4,storage_sload_k1,4,,1183,21000,1,0.1896,16.1877,22.2055,1.3918,40.799,0.5147,6,0,0,0,2,0,0,0,0,0,2,4,33.33,0,0,0,0,0,0,0,0
pbt,bintrie,5,4,storage_sload_k1,4,,1184,0,0,0.0618,0.8289,0.0067,0.5186,2.0833,0,4,0,0,0,0,0,0,0,0,0,0,4,0,0,0,0,0,0,0,0,0
pbt,bintrie,5,4,storage_sload_k1,4,,1185,0,0,0.1158,1.7397,0.0096,0.8111,3.9222,0,4,0,0,0,0,0,0,0,0,0,0,4,0,0,0,0,0,0,0,0,0
pbt,bintrie,5,4,storage_sload_k1,5,,1186,0,0,0.0822,0.73,0.0038,0.3409,1.4093,0,4,0,0,0,0,0,0,0,0,0,0,4,0,0,0,0,0,0,0,0,0
pbt,bintrie,5,4,storage_sload_k1,5,,1187,0,0,0.1088,1.5659,0.0105,0.854,3.3334,0,4,0,0,0,0,0,0,0,0,0,0,4,0,0,0,0,0,0,0,0,0
pbt,bintrie,5,4,storage_sload_k1,5,,1188,0,0,0.0525,0.8321,0.0035,0.2007,1.2888,0,4,0,0,0,0,0,0,0,0,0,0,4,0,0,0,0,0,0,0,0,0
pbt,bintrie,5,4,storage_sload_k1,5,,1189,0,0,0.0394,0.6338,0.0026,0.191,1.1733,0,4,0,0,0,0,0,0,0,0,0,0,4,0,0,0,0,0,0,0,0,0
pbt,bintrie,5,4,storage_sload_k1,5,,1190,0,0,0.0461,0.7105,0.0029,0.1881,1.1001,0,4,0,0,0,0,0,0,0,0,0,0,4,0,0,0,0,0,0,0,0,0
pbt,bintrie,5,4,storage_sload_k1,5,,1191,0,0,0.0365,0.5754,0.0032,0.166,0.9604,0,4,0,0,0,0,0,0,0,0,0,0,4,0,0,0,0,0,0,0,0,0
pbt,bintrie,5,4,storage_sload_k1,5,,1192,0,0,0.0828,1.5114,0.007,0.2914,2.2951,0,4,0,0,0,0,0,0,0,0,0,0,4,0,0,0,0,0,0,0,0,0
pbt,bintrie,5,4,storage_sload_k1,5,,1193,0,0,0.0303,0.5028,0.0026,0.1843,0.9053,0,4,0,0,0,0,0,0,0,0,0,0,4,0,0,0,0,0,0,0,0,0
pbt,bintrie,5,4,storage_sload_k1,5,,1194,0,0,0.0852,1.4983,0.0067,0.2998,2.2522,0,4,0,0,0,0,0,0,0,0,0,0,4,0,0,0,0,0,0,0,0,0
pbt,bintrie,5,4,storage_sload_k1,5,,1195,0,0,0.0268,0.3905,0.0012,0.1715,0.7991,0,4,0,0,0,0,0,0,0,0,0,0,4,0,0,0,0,0,0,0,0,0
pbt,bintrie,5,4,storage_sload_k1,5,,1196,0,0,0.0875,2.0448,0.0061,0.4302,3.1511,0,4,0,0,0,0,0,0,0,0,0,0,4,0,0,0,0,0,0,0,0,0
pbt,bintrie,5,4,storage_sload_k1,5,,1197,0,0,0.0922,1.5292,0.0088,0.3969,2.4727,0,4,0,0,0,0,0,0,0,0,0,0,4,0,0,0,0,0,0,0,0,0
pbt,bintrie,5,4,storage_sload_k1,5,,1198,0,0,0.0545,0.9881,0.0035,0.2485,1.5254,0,4,0,0,0,0,0,0,0,0,0,0,4,0,0,0,0,0,0,0,0,0
pbt,bintrie,5,4,storage_sload_k1,5,,1199,0,0,0.0857,1.4746,0.0064,0.3733,2.3866,0,4,0,0,0,0,0,0,0,0,0,0,4,0,0,0,0,0,0,0,0,0
pbt,bintrie,5,4,storage_sload_k1,5,,1200,0,0,0.0481,0.5396,0.0047,0.1569,0.9537,0,4,0,0,0,0,0,0,0,0,0,0,4,0,0,0,0,0,0,0,0,0
pbt,bintrie,5,4,storage_sload_k1,5,,1201,0,0,0.0913,1.9801,0.0067,0.3374,2.9055,0,4,0,0,0,0,0,0,0,0,0,0,4,0,0,0,0,0,0,0,0,0
pbt,bintrie,5,4,storage_sload_k1,5,,1202,0,0,0.0306,0.5702,0.0032,0.1324,0.8942,0,4,0,0,0,0,0,0,0,0,0,0,4,0,0,0,0,0,0,0,0,0
pbt,bintrie,5,4,storage_sload_k1,5,,1203,0,0,0.0245,0.3975,0.0006,0.0995,0.6434,0,4,0,0,0,0,0,0,0,0,0,0,4,0,0,0,0,0,0,0,0,0
pbt,bintrie,5,4,storage_sload_k1,5,,1204,0,0,0.0242,0.5667,0.0026,0.226,1.0328,0,4,0,0,0,0,0,0,0,0,0,0,4,0,0,0,0,0,0,0,0,0
pbt,bintrie,5,4,storage_sload_k1,5,,1205,0,0,0.0452,0.6402,0.0023,0.1902,1.0296,0,4,0,0,0,0,0,0,0,0,0,0,4,0,0,0,0,0,0,0,0,0
pbt,bintrie,5,4,storage_sload_k1,5,,1206,86860,2,0.5839,5.8597,0.4941,1.9745,9.2194,9.4215,11,0,0,0,3,0,0,0,1,156,4,7,36.36,0,0,0,0,0,0,0,0
pbt,bintrie,5,4,storage_sload_k1,5,,1207,99900789,1,2118.4098,85.4643,37.8288,4.5023,2251.6964,44.3669,8,5002,2,184,2,0,0,0,0,0,4,4,50,1233,3769,24.65,2,0,100,184,0
pbt,bintrie,5,4,storage_sload_k1,5,,1208,21000,1,0.1362,1.0643,38.8365,1.4137,41.9307,0.5008,6,0,0,0,2,0,0,0,0,0,2,4,33.33,0,0,0,0,0,0,0,0
pbt,bintrie,5,4,storage_sload_k1,5,,1209,0,0,0.1977,2.5931,0.0105,0.7913,4.1538,0,4,0,0,0,0,0,0,0,0,0,0,4,0,0,0,0,0,0,0,0,0
pbt,bintrie,5,4,storage_sload_k1,5,,1210,0,0,0.1056,1.57,0.0085,0.7233,3.4821,0,4,0,0,0,0,0,0,0,0,0,0,4,0,0,0,0,0,0,0,0,0
pbt,bintrie,5,4,storage_sload_k1,6,,1211,0,0,0.1353,1.7421,0.0088,0.4264,2.7547,0,4,0,0,0,0,0,0,0,0,0,0,4,0,0,0,0,0,0,0,0,0
pbt,bintrie,5,4,storage_sload_k1,6,,1212,0,0,0.0481,0.7373,0.0055,1.0733,2.5019,0,4,0,0,0,0,0,0,0,0,0,0,4,0,0,0,0,0,0,0,0,0
pbt,bintrie,5,4,storage_sload_k1,6,,1213,0,0,0.1304,2.0859,0.0082,0.5699,10.7719,0,4,0,0,0,0,0,0,0,0,0,0,4,0,0,0,0,0,0,0,0,0
pbt,bintrie,5,4,storage_sload_k1,6,,1214,0,0,0.1429,2.4482,0.0079,0.3827,3.4906,0,4,0,0,0,0,0,0,0,0,0,0,4,0,0,0,0,0,0,0,0,0
pbt,bintrie,5,4,storage_sload_k1,6,,1215,0,0,0.0478,0.6454,0.0026,0.1487,1.2305,0,4,0,0,0,0,0,0,0,0,0,0,4,0,0,0,0,0,0,0,0,0
pbt,bintrie,5,4,storage_sload_k1,6,,1216,0,0,0.0286,0.4955,0.002,0.1129,0.8336,0,4,0,0,0,0,0,0,0,0,0,0,4,0,0,0,0,0,0,0,0,0
pbt,bintrie,5,4,storage_sload_k1,6,,1217,0,0,0.0805,1.2932,0.0041,0.3462,2.3257,0,4,0,0,0,0,0,0,0,0,0,0,4,0,0,0,0,0,0,0,0,0
pbt,bintrie,5,4,storage_sload_k1,6,,1218,0,0,0.3561,4.2533,0.0158,0.8957,6.7887,0,4,0,0,0,0,0,0,0,0,0,0,4,0,0,0,0,0,0,0,0,0
pbt,bintrie,5,4,storage_sload_k1,6,,1219,0,0,0.0764,1.3445,0.0041,0.3637,2.1842,0,4,0,0,0,0,0,0,0,0,0,0,4,0,0,0,0,0,0,0,0,0
pbt,bintrie,5,4,storage_sload_k1,6,,1220,0,0,0.0449,0.6411,0.005,0.2319,1.2387,0,4,0,0,0,0,0,0,0,0,0,0,4,0,0,0,0,0,0,0,0,0
pbt,bintrie,5,4,storage_sload_k1,6,,1221,0,0,0.1622,19.6211,0.0207,0.3237,22.5765,0,4,0,0,0,0,0,0,0,0,0,0,4,0,0,0,0,0,0,0,0,0
pbt,bintrie,5,4,storage_sload_k1,6,,1222,0,0,0.0423,0.5775,0.0041,0.1549,1.0371,0,4,0,0,0,0,0,0,0,0,0,0,4,0,0,0,0,0,0,0,0,0
pbt,bintrie,5,4,storage_sload_k1,6,,1223,0,0,0.0735,1.3166,0.0047,0.2747,2.1466,0,4,0,0,0,0,0,0,0,0,0,0,4,0,0,0,0,0,0,0,0,0
pbt,bintrie,5,4,storage_sload_k1,6,,1224,0,0,0.0825,1.4586,0.0053,0.4194,2.4074,0,4,0,0,0,0,0,0,0,0,0,0,4,0,0,0,0,0,0,0,0,0
pbt,bintrie,5,4,storage_sload_k1,6,,1225,0,0,0.0773,1.488,0.0061,0.3165,2.2589,0,4,0,0,0,0,0,0,0,0,0,0,4,0,0,0,0,0,0,0,0,0
pbt,bintrie,5,4,storage_sload_k1,6,,1226,0,0,0.0475,0.7219,0.005,0.2295,1.3335,0,4,0,0,0,0,0,0,0,0,0,0,4,0,0,0,0,0,0,0,0,0
pbt,bintrie,5,4,storage_sload_k1,6,,1227,0,0,0.058,1.1693,0.0026,0.1347,3.0216,0,4,0,0,0,0,0,0,0,0,0,0,4,0,0,0,0,0,0,0,0,0
pbt,bintrie,5,4,storage_sload_k1,6,,1228,0,0,0.0376,0.5824,0.0018,0.2788,1.0893,0,4,0,0,0,0,0,0,0,0,0,0,4,0,0,0,0,0,0,0,0,0
pbt,bintrie,5,4,storage_sload_k1,6,,1229,0,0,0.0271,0.4903,0.0015,0.1213,0.7522,0,4,0,0,0,0,0,0,0,0,0,0,4,0,0,0,0,0,0,0,0,0
pbt,bintrie,5,4,storage_sload_k1,6,,1230,0,0,0.103,2.2607,0.0064,0.3949,3.562,0,4,0,0,0,0,0,0,0,0,0,0,4,0,0,0,0,0,0,0,0,0
pbt,bintrie,5,4,storage_sload_k1,6,,1231,86860,2,0.1884,25.1279,13.4192,2.3922,41.5334,2.0913,11,0,0,0,3,0,0,0,1,156,5,6,45.45,0,0,0,0,0,0,0,0
pbt,bintrie,5,4,storage_sload_k1,6,,1232,99900789,1,2196.6504,113.6144,25.3927,4.6534,2354.2802,42.4337,8,5002,2,184,2,0,0,0,0,0,3,5,37.5,442,4560,8.84,2,0,100,184,0
pbt,bintrie,5,4,storage_sload_k1,6,,1233,21000,1,0.3045,23.7816,2.2761,0.8236,27.819,0.7549,6,0,0,0,2,0,0,0,0,0,2,4,33.33,0,0,0,0,0,0,0,0
pbt,bintrie,5,4,storage_sload_k1,6,,1234,0,0,0.1196,2.2014,0.0055,0.4664,4.1077,0,4,0,0,0,0,0,0,0,0,0,0,4,0,0,0,0,0,0,0,0,0
pbt,bintrie,5,4,storage_sload_k1,6,,1235,0,0,0.1275,1.7278,0.0122,0.7192,3.784,0,4,0,0,0,0,0,0,0,0,0,0,4,0,0,0,0,0,0,0,0,0
pbt,bintrie,5,4,storage_sload_k1,7,,1236,0,0,0.0904,0.8969,0.0082,0.6819,2.557,0,4,0,0,0,0,0,0,0,0,0,0,4,0,0,0,0,0,0,0,0,0
pbt,bintrie,5,4,storage_sload_k1,7,,1237,0,0,0.2838,3.4235,0.0163,1.0272,6.2885,0,4,0,0,0,0,0,0,0,0,0,0,4,0,0,0,0,0,0,0,0,0
pbt,bintrie,5,4,storage_sload_k1,7,,1238,0,0,0.0344,0.5162,0.002,0.1785,0.973,0,4,0,0,0,0,0,0,0,0,0,0,4,0,0,0,0,0,0,0,0,0
pbt,bintrie,5,4,storage_sload_k1,7,,1239,0,0,0.0332,0.5442,0.005,0.2001,0.9065,0,4,0,0,0,0,0,0,0,0,0,0,4,0,0,0,0,0,0,0,0,0
pbt,bintrie,5,4,storage_sload_k1,7,,1240,0,0,0.0312,0.5644,0.0032,0.1447,0.8963,0,4,0,0,0,0,0,0,0,0,0,0,4,0,0,0,0,0,0,0,0,0
pbt,bintrie,5,4,storage_sload_k1,7,,1241,0,0,0.0277,0.5603,0.0026,0.2488,1.0266,0,4,0,0,0,0,0,0,0,0,0,0,4,0,0,0,0,0,0,0,0,0
pbt,bintrie,5,4,storage_sload_k1,7,,1242,0,0,0.2637,2.7366,0.0117,0.6402,4.5166,0,4,0,0,0,0,0,0,0,0,0,0,4,0,0,0,0,0,0,0,0,0
pbt,bintrie,5,4,storage_sload_k1,7,,1243,0,0,0.0402,0.5874,0.0026,0.1975,1.0427,0,4,0,0,0,0,0,0,0,0,0,0,4,0,0,0,0,0,0,0,0,0
pbt,bintrie,5,4,storage_sload_k1,7,,1244,0,0,0.0344,0.602,0.0038,0.1706,1.0296,0,4,0,0,0,0,0,0,0,0,0,0,4,0,0,0,0,0,0,0,0,0
pbt,bintrie,5,4,storage_sload_k1,7,,1245,0,0,0.387,4.8328,0.0228,1.0596,7.4901,0,4,0,0,0,0,0,0,0,0,0,0,4,0,0,0,0,0,0,0,0,0
pbt,bintrie,5,4,storage_sload_k1,7,,1246,0,0,0.0332,0.4871,0.0038,0.1998,0.9709,0,4,0,0,0,0,0,0,0,0,0,0,4,0,0,0,0,0,0,0,0,0
pbt,bintrie,5,4,storage_sload_k1,7,,1247,0,0,0.0481,0.7481,0.0044,0.1913,1.3131,0,4,0,0,0,0,0,0,0,0,0,0,4,0,0,0,0,0,0,0,0,0
pbt,bintrie,5,4,storage_sload_k1,7,,1248,0,0,0.0919,2.3654,0.0058,0.4282,3.5291,0,4,0,0,0,0,0,0,0,0,0,0,4,0,0,0,0,0,0,0,0,0
pbt,bintrie,5,4,storage_sload_k1,7,,1249,0,0,0.0817,1.4615,0.0053,0.299,2.1837,0,4,0,0,0,0,0,0,0,0,0,0,4,0,0,0,0,0,0,0,0,0
pbt,bintrie,5,4,storage_sload_k1,7,,1250,0,0,0.0837,1.4186,0.0073,0.3013,2.2254,0,4,0,0,0,0,0,0,0,0,0,0,4,0,0,0,0,0,0,0,0,0
pbt,bintrie,5,4,storage_sload_k1,7,,1251,0,0,0.1143,1.6172,0.0088,0.3549,2.6786,0,4,0,0,0,0,0,0,0,0,0,0,4,0,0,0,0,0,0,0,0,0
pbt,bintrie,5,4,storage_sload_k1,7,,1252,0,0,0.028,0.5763,0.002,0.1339,0.9103,0,4,0,0,0,0,0,0,0,0,0,0,4,0,0,0,0,0,0,0,0,0
pbt,bintrie,5,4,storage_sload_k1,7,,1253,0,0,0.028,0.4696,0.0029,0.4098,1.787,0,4,0,0,0,0,0,0,0,0,0,0,4,0,0,0,0,0,0,0,0,0
pbt,bintrie,5,4,storage_sload_k1,7,,1254,0,0,0.03,0.5323,0.0026,0.1703,0.8712,0,4,0,0,0,0,0,0,0,0,0,0,4,0,0,0,0,0,0,0,0,0
pbt,bintrie,5,4,storage_sload_k1,7,,1255,0,0,0.0248,0.3897,0.0023,0.1415,0.7119,0,4,0,0,0,0,0,0,0,0,0,0,4,0,0,0,0,0,0,0,0,0
pbt,bintrie,5,4,storage_sload_k1,7,,1256,86860,2,0.2978,2.1705,40.4076,2.1874,45.4146,1.9126,11,0,0,0,3,0,0,0,1,156,6,5,54.55,0,0,0,0,0,0,0,0
pbt,bintrie,5,4,storage_sload_k1,7,,1257,99900789,1,2132.0918,134.5535,8.788,2.9143,2278.6944,43.8412,8,5002,2,184,2,0,0,0,0,0,3,5,37.5,205,4797,4.1,2,0,100,184,0
pbt,bintrie,5,4,storage_sload_k1,7,,1258,21000,1,0.2949,47.222,7.7304,1.2536,82.7756,0.2537,6,0,0,0,2,0,0,0,0,0,2,4,33.33,0,0,0,0,0,0,0,0
pbt,bintrie,5,4,storage_sload_k1,7,,1259,0,0,0.3054,3.1447,0.0181,1.0972,6.8059,0,4,0,0,0,0,0,0,0,0,0,0,4,0,0,0,0,0,0,0,0,0
pbt,bintrie,5,4,storage_sload_k1,7,,1260,0,0,0.1047,1.918,0.0058,1.0036,4.6945,0,4,0,0,0,0,0,0,0,0,0,0,4,0,0,0,0,0,0,0,0,0
pbt,bintrie,5,4,storage_sload_k1,8,,1261,0,0,0.0554,0.6408,0.0041,0.2362,1.2013,0,4,0,0,0,0,0,0,0,0,0,0,4,0,0,0,0,0,0,0,0,0
pbt,bintrie,5,4,storage_sload_k1,8,,1262,0,0,0.1849,2.2951,0.0117,0.6624,4.0993,0,4,0,0,0,0,0,0,0,0,0,0,4,0,0,0,0,0,0,0,0,0
pbt,bintrie,5,4,storage_sload_k1,8,,1263,0,0,0.0292,0.5862,0.0015,0.2278,1.1343,0,4,0,0,0,0,0,0,0,0,0,0,4,0,0,0,0,0,0,0,0,0
pbt,bintrie,5,4,storage_sload_k1,8,,1264,0,0,0.0391,0.5235,0.0015,0.2313,0.9919,0,4,0,0,0,0,0,0,0,0,0,0,4,0,0,0,0,0,0,0,0,0
pbt,bintrie,5,4,storage_sload_k1,8,,1265,0,0,0.0365,0.5454,0.0026,0.1079,0.8715,0,4,0,0,0,0,0,0,0,0,0,0,4,0,0,0,0,0,0,0,0,0
pbt,bintrie,5,4,storage_sload_k1,8,,1266,0,0,0.0332,0.5801,0.002,0.2074,1.1004,0,4,0,0,0,0,0,0,0,0,0,0,4,0,0,0,0,0,0,0,0,0
pbt,bintrie,5,4,storage_sload_k1,8,,1267,0,0,0.0814,1.7578,0.0044,0.3961,2.7148,0,4,0,0,0,0,0,0,0,0,0,0,4,0,0,0,0,0,0,0,0,0
pbt,bintrie,5,4,storage_sload_k1,8,,1268,0,0,0.3275,3.3812,0.014,1.0016,5.6378,0,4,0,0,0,0,0,0,0,0,0,0,4,0,0,0,0,0,0,0,0,0
pbt,bintrie,5,4,storage_sload_k1,8,,1269,0,0,0.0318,0.4564,0.0038,0.1636,0.926,0,4,0,0,0,0,0,0,0,0,0,0,4,0,0,0,0,0,0,0,0,0
pbt,bintrie,5,4,storage_sload_k1,8,,1270,0,0,0.0831,1.4883,0.0082,0.2882,2.3508,0,4,0,0,0,0,0,0,0,0,0,0,4,0,0,0,0,0,0,0,0,0
pbt,bintrie,5,4,storage_sload_k1,8,,1271,0,0,1.2022,1.414,0.0096,0.7286,4.3574,0,4,0,0,0,0,0,0,0,0,0,0,4,0,0,0,0,0,0,0,0,0
pbt,bintrie,5,4,storage_sload_k1,8,,1272,0,0,0.0408,0.4357,0.0012,0.1896,0.868,0,4,0,0,0,0,0,0,0,0,0,0,4,0,0,0,0,0,0,0,0,0
pbt,bintrie,5,4,storage_sload_k1,8,,1273,0,0,0.0817,1.4676,0.0053,0.3024,2.1723,0,4,0,0,0,0,0,0,0,0,0,0,4,0,0,0,0,0,0,0,0,0
pbt,bintrie,5,4,storage_sload_k1,8,,1274,0,0,0.0321,0.3897,0.0012,0.1668,0.8056,0,4,0,0,0,0,0,0,0,0,0,0,4,0,0,0,0,0,0,0,0,0
pbt,bintrie,5,4,storage_sload_k1,8,,1275,0,0,0.0767,1.2495,0.005,0.3398,1.9258,0,4,0,0,0,0,0,0,0,0,0,0,4,0,0,0,0,0,0,0,0,0
pbt,bintrie,5,4,storage_sload_k1,8,,1276,0,0,0.1123,2.4068,0.007,0.6956,3.7251,0,4,0,0,0,0,0,0,0,0,0,0,4,0,0,0,0,0,0,0,0,0
pbt,bintrie,5,4,storage_sload_k1,8,,1277,0,0,0.0318,0.532,0.0018,0.1549,0.8887,0,4,0,0,0,0,0,0,0,0,0,0,4,0,0,0,0,0,0,0,0,0
pbt,bintrie,5,4,storage_sload_k1,8,,1278,0,0,0.0353,0.6662,0.0023,0.1531,1.0176,0,4,0,0,0,0,0,0,0,0,0,0,4,0,0,0,0,0,0,0,0,0
pbt,bintrie,5,4,storage_sload_k1,8,,1279,0,0,0.0254,0.5229,0.0032,0.1076,0.8158,0,4,0,0,0,0,0,0,0,0,0,0,4,0,0,0,0,0,0,0,0,0
pbt,bintrie,5,4,storage_sload_k1,8,,1280,0,0,0.0236,0.4559,0.0012,0.1155,0.7522,0,4,0,0,0,0,0,0,0,0,0,0,4,0,0,0,0,0,0,0,0,0
pbt,bintrie,5,4,storage_sload_k1,8,,1281,86860,2,0.196,29.2972,27.0161,2.1769,59.0193,1.4717,11,0,0,0,3,0,0,0,1,156,5,6,45.45,0,0,0,0,0,0,0,0
pbt,bintrie,5,4,storage_sload_k1,8,,1282,99900789,1,2123.1119,126.9519,7.5808,1.6251,2259.8472,44.2069,8,5002,2,184,2,0,0,0,0,0,0,8,0,1254,3748,25.07,2,0,100,184,0
pbt,bintrie,5,4,storage_sload_k1,8,,1283,21000,1,0.2435,29.5565,31.3131,1.9658,63.6409,0.33,6,0,0,0,2,0,0,0,0,0,2,4,33.33,0,0,0,0,0,0,0,0
pbt,bintrie,5,4,storage_sload_k1,8,,1284,0,0,0.0487,1.0555,0.0055,0.485,2.4219,0,4,0,0,0,0,0,0,0,0,0,0,4,0,0,0,0,0,0,0,0,0
pbt,bintrie,5,4,storage_sload_k1,9,,1286,0,0,0.063,0.6239,0.0032,0.2418,1.2439,0,4,0,0,0,0,0,0,0,0,0,0,4,0,0,0,0,0,0,0,0,0
pbt,bintrie,5,4,storage_sload_k1,9,,1287,0,0,0.0411,0.6775,0.0044,0.5865,5.6302,0,4,0,0,0,0,0,0,0,0,0,0,4,0,0,0,0,0,0,0,0,0
pbt,bintrie,5,4,storage_sload_k1,9,,1288,0,0,0.021,0.4302,0.0012,0.1301,0.688,0,4,0,0,0,0,0,0,0,0,0,0,4,0,0,0,0,0,0,0,0,0
pbt,bintrie,5,4,storage_sload_k1,9,,1289,0,0,0.03,0.6014,0.0035,0.3194,1.4274,0,4,0,0,0,0,0,0,0,0,0,0,4,0,0,0,0,0,0,0,0,0
pbt,bintrie,5,4,storage_sload_k1,9,,1290,0,0,0.0327,0.6486,0.002,0.2377,1.2314,0,4,0,0,0,0,0,0,0,0,0,0,4,0,0,0,0,0,0,0,0,0
pbt,bintrie,5,4,storage_sload_k1,9,,1291,0,0,0.0458,0.5145,0.0023,0.2351,1.0231,0,4,0,0,0,0,0,0,0,0,0,0,4,0,0,0,0,0,0,0,0,0
pbt,bintrie,5,4,storage_sload_k1,9,,1292,0,0,0.0732,1.3868,0.0041,0.3897,2.1387,0,4,0,0,0,0,0,0,0,0,0,0,4,0,0,0,0,0,0,0,0,0
pbt,bintrie,5,4,storage_sload_k1,9,,1293,0,0,0.0814,1.4318,0.007,0.3908,2.3598,0,4,0,0,0,0,0,0,0,0,0,0,4,0,0,0,0,0,0,0,0,0
pbt,bintrie,5,4,storage_sload_k1,9,,1294,0,0,0.0388,0.5696,0.0032,0.1756,0.9782,0,4,0,0,0,0,0,0,0,0,0,0,4,0,0,0,0,0,0,0,0,0
pbt,bintrie,5,4,storage_sload_k1,9,,1295,0,0,0.0796,1.4522,0.0055,0.334,2.368,0,4,0,0,0,0,0,0,0,0,0,0,4,0,0,0,0,0,0,0,0,0
pbt,bintrie,5,4,storage_sload_k1,9,,1296,0,0,0.035,0.5577,0.0029,0.1522,0.9846,0,4,0,0,0,0,0,0,0,0,0,0,4,0,0,0,0,0,0,0,0,0
pbt,bintrie,5,4,storage_sload_k1,9,,1297,0,0,0.0286,0.5092,0.0018,0.1543,0.8913,0,4,0,0,0,0,0,0,0,0,0,0,4,0,0,0,0,0,0,0,0,0
pbt,bintrie,5,4,storage_sload_k1,9,,1298,0,0,0.0327,0.4109,0.0015,0.1712,0.8306,0,4,0,0,0,0,0,0,0,0,0,0,4,0,0,0,0,0,0,0,0,0
pbt,bintrie,5,4,storage_sload_k1,9,,1299,0,0,0.0268,0.4022,0.0012,0.1315,0.7195,0,4,0,0,0,0,0,0,0,0,0,0,4,0,0,0,0,0,0,0,0,0
pbt,bintrie,5,4,storage_sload_k1,9,,1300,0,0,0.0855,1.4423,0.007,0.3835,2.3414,0,4,0,0,0,0,0,0,0,0,0,0,4,0,0,0,0,0,0,0,0,0
pbt,bintrie,5,4,storage_sload_k1,9,,1301,0,0,0.7405,15.5276,0.0079,2.6932,30.7429,0,4,0,0,0,0,0,0,0,0,0,0,4,0,0,0,0,0,0,0,0,0
pbt,bintrie,5,4,storage_sload_k1,9,,1302,0,0,0.4378,0.8569,0.0029,0.182,1.724,0,4,0,0,0,0,0,0,0,0,0,0,4,0,0,0,0,0,0,0,0,0
pbt,bintrie,5,4,storage_sload_k1,9,,1303,0,0,0.0691,0.94,0.0035,0.2231,1.5435,0,4,0,0,0,0,0,0,0,0,0,0,4,0,0,0,0,0,0,0,0,0
pbt,bintrie,5,4,storage_sload_k1,9,,1304,0,0,0.0268,0.6364,0.0047,0.1709,1.0179,0,4,0,0,0,0,0,0,0,0,0,0,4,0,0,0,0,0,0,0,0,0
pbt,bintrie,5,4,storage_sload_k1,9,,1305,86860,2,1.6613,28.5266,3.315,1.6677,39.6557,2.1904,11,0,0,0,3,0,0,0,1,156,4,7,36.36,0,0,0,0,0,0,0,0
pbt,bintrie,5,4,storage_sload_k1,9,,1306,99900789,1,2094.8234,130.6403,6.8543,4.2521,2236.8637,44.6611,8,5002,2,184,2,0,0,0,0,0,4,4,50,1353,3649,27.05,2,0,100,184,0
pbt,bintrie,5,4,storage_sload_k1,9,,1307,21000,1,0.3789,2.7422,31.4721,5.4505,44.8067,0.4687,6,0,0,0,2,0,0,0,0,0,2,4,33.33,0,0,0,0,0,0,0,0
pbt,bintrie,5,4,storage_sload_k1,9,,1308,0,0,0.1767,2.2367,0.0093,0.5833,3.5104,0,4,0,0,0,0,0,0,0,0,0,0,4,0,0,0,0,0,0,0,0,0
pbt,bintrie,5,4,storage_sload_k1,9,,1309,0,0,0.1225,1.5971,0.0079,0.632,3.3949,0,4,0,0,0,0,0,0,0,0,0,0,4,0,0,0,0,0,0,0,0,0
pbt,bintrie,5,4,storage_sload_k10,10,,1556,0,0,0.0735,0.8849,0.0061,5.8005,8.3251,0,4,0,0,0,0,0,0,0,0,0,0,4,0,0,0,0,0,0,0,0,0
pbt,bintrie,5,4,storage_sload_k10,10,,1557,0,0,0.1808,1.2594,0.0079,0.6154,3.4632,0,4,0,0,0,0,0,0,0,0,0,0,4,0,0,0,0,0,0,0,0,0
pbt,bintrie,5,4,storage_sload_k10,10,,1558,0,0,0.0411,0.6017,0.0035,0.1283,1.0695,0,4,0,0,0,0,0,0,0,0,0,0,4,0,0,0,0,0,0,0,0,0
pbt,bintrie,5,4,storage_sload_k10,10,,1559,0,0,0.0403,0.6936,0.0035,0.1479,1.134,0,4,0,0,0,0,0,0,0,0,0,0,4,0,0,0,0,0,0,0,0,0
pbt,bintrie,5,4,storage_sload_k10,10,,1560,0,0,0.0335,0.5784,0.0023,0.1951,0.9692,0,4,0,0,0,0,0,0,0,0,0,0,4,0,0,0,0,0,0,0,0,0
pbt,bintrie,5,4,storage_sload_k10,10,,1561,0,0,0.1925,2.0632,0.0073,0.4223,9.0595,0,4,0,0,0,0,0,0,0,0,0,0,4,0,0,0,0,0,0,0,0,0
pbt,bintrie,5,4,storage_sload_k10,10,,1562,0,0,0.0814,1.9171,0.0064,0.3663,2.853,0,4,0,0,0,0,0,0,0,0,0,0,4,0,0,0,0,0,0,0,0,0
pbt,bintrie,5,4,storage_sload_k10,10,,1563,0,0,0.0502,0.8651,0.0032,0.1756,1.3556,0,4,0,0,0,0,0,0,0,0,0,0,4,0,0,0,0,0,0,0,0,0
pbt,bintrie,5,4,storage_sload_k10,10,,1564,0,0,0.0817,1.4277,0.0064,0.4112,2.3143,0,4,0,0,0,0,0,0,0,0,0,0,4,0,0,0,0,0,0,0,0,0
pbt,bintrie,5,4,storage_sload_k10,10,,1565,0,0,0.033,0.5684,0.0032,0.156,0.9683,0,4,0,0,0,0,0,0,0,0,0,0,4,0,0,0,0,0,0,0,0,0
pbt,bintrie,5,4,storage_sload_k10,10,,1566,0,0,0.289,3.8779,0.012,0.7058,5.8851,0,4,0,0,0,0,0,0,0,0,0,0,4,0,0,0,0,0,0,0,0,0
pbt,bintrie,5,4,storage_sload_k10,10,,1567,0,0,0.0464,0.8464,0.0041,0.2287,1.4014,0,4,0,0,0,0,0,0,0,0,0,0,4,0,0,0,0,0,0,0,0,0
pbt,bintrie,5,4,storage_sload_k10,10,,1568,0,0,0.0335,0.5413,0.002,0.243,1.0745,0,4,0,0,0,0,0,0,0,0,0,0,4,0,0,0,0,0,0,0,0,0
pbt,bintrie,5,4,storage_sload_k10,10,,1569,0,0,0.0408,0.6443,0.0044,0.2342,1.1701,0,4,0,0,0,0,0,0,0,0,0,0,4,0,0,0,0,0,0,0,0,0
pbt,bintrie,5,4,storage_sload_k10,10,,1570,0,0,0.0828,1.446,0.0058,0.3194,2.2904,0,4,0,0,0,0,0,0,0,0,0,0,4,0,0,0,0,0,0,0,0,0
pbt,bintrie,5,4,storage_sload_k10,10,,1571,0,0,0.252,2.8921,0.0111,0.4952,4.3268,0,4,0,0,0,0,0,0,0,0,0,0,4,0,0,0,0,0,0,0,0,0
pbt,bintrie,5,4,storage_sload_k10,10,,1572,0,0,0.0397,0.5991,0.002,0.1852,1.0243,0,4,0,0,0,0,0,0,0,0,0,0,4,0,0,0,0,0,0,0,0,0
pbt,bintrie,5,4,storage_sload_k10,10,,1573,0,0,0.0347,0.6338,0.0023,0.1146,0.9476,0,4,0,0,0,0,0,0,0,0,0,0,4,0,0,0,0,0,0,0,0,0
pbt,bintrie,5,4,storage_sload_k10,10,,1574,0,0,0.0435,0.7251,0.0023,0.1397,1.0949,0,4,0,0,0,0,0,0,0,0,0,0,4,0,0,0,0,0,0,0,0,0
pbt,bintrie,5,4,storage_sload_k10,10,,1575,0,0,0.056,0.8283,0.0041,0.226,1.5607,0,4,0,0,0,0,0,0,0,0,0,0,4,0,0,0,0,0,0,0,0,0
pbt,bintrie,5,4,storage_sload_k10,10,,1576,86892,2,0.278,2.4321,33.6099,3.5267,42.6359,2.038,11,0,0,0,3,0,0,0,1,158,5,6,45.45,0,0,0,0,0,0,0,0
pbt,bintrie,5,4,storage_sload_k10,10,,1577,99900924,1,2123.0834,99.7945,129.8251,1.0646,2354.2675,42.434,17,5002,11,438,2,0,0,0,0,0,6,11,35.29,1323,3679,26.45,11,0,100,438,0
pbt,bintrie,5,4,storage_sload_k10,10,,1578,21000,1,0.2817,2.4814,31.1419,1.7024,41.0691,0.5113,6,0,0,0,2,0,0,0,0,0,2,4,33.33,0,0,0,0,0,0,0,0
pbt,bintrie,5,4,storage_sload_k10,10,,1579,0,0,0.0513,0.6971,0.0044,0.3961,1.8348,0,4,0,0,0,0,0,0,0,0,0,0,4,0,0,0,0,0,0,0,0,0
pbt,bintrie,5,4,storage_sload_k10,10,,1580,0,0,0.0347,0.4468,0.0018,0.3535,1.4627,0,4,0,0,0,0,0,0,0,0,0,0,4,0,0,0,0,0,0,0,0,0
pbt,bintrie,5,4,storage_sload_k10,1,,1334,0,0,0.0394,0.4868,0.0012,0.1619,0.8598,0,4,0,0,0,0,0,0,0,0,0,0,4,0,0,0,0,0,0,0,0,0
pbt,bintrie,5,4,storage_sload_k10,1,,1335,0,0,0.0487,0.6912,0.016,1.2961,4.0975,0,4,0,0,0,0,0,0,0,0,0,0,4,0,0,0,0,0,0,0,0,0
pbt,bintrie,5,4,storage_sload_k10,1,,1336,0,0,0.1155,1.9792,0.0108,2.6366,6.7318,0,4,0,0,0,0,0,0,0,0,0,0,4,0,0,0,0,0,0,0,0,0
pbt,bintrie,5,4,storage_sload_k10,1,,1337,0,0,0.026,0.5664,0.0029,0.1406,0.9435,0,4,0,0,0,0,0,0,0,0,0,0,4,0,0,0,0,0,0,0,0,0
pbt,bintrie,5,4,storage_sload_k10,1,,1338,0,0,0.037,0.6139,0.002,0.1759,1.1159,0,4,0,0,0,0,0,0,0,0,0,0,4,0,0,0,0,0,0,0,0,0
pbt,bintrie,5,4,storage_sload_k10,1,,1339,0,0,0.0822,1.5473,0.0061,0.3503,2.5546,0,4,0,0,0,0,0,0,0,0,0,0,4,0,0,0,0,0,0,0,0,0
pbt,bintrie,5,4,storage_sload_k10,1,,1340,0,0,0.0475,0.8893,0.005,0.1884,1.4046,0,4,0,0,0,0,0,0,0,0,0,0,4,0,0,0,0,0,0,0,0,0
pbt,bintrie,5,4,storage_sload_k10,1,,1341,0,0,0.0939,1.4907,0.0073,0.3958,2.4447,0,4,0,0,0,0,0,0,0,0,0,0,4,0,0,0,0,0,0,0,0,0
pbt,bintrie,5,4,storage_sload_k10,1,,1342,0,0,0.0688,1.3734,0.0047,0.3135,2.1425,0,4,0,0,0,0,0,0,0,0,0,0,4,0,0,0,0,0,0,0,0,0
pbt,bintrie,5,4,storage_sload_k10,1,,1343,0,0,0.0691,0.9453,0.0073,1.8812,4.1885,0,4,0,0,0,0,0,0,0,0,0,0,4,0,0,0,0,0,0,0,0,0
pbt,bintrie,5,4,storage_sload_k10,1,,1344,0,0,0.1006,1.5187,0.0079,0.3165,2.4319,0,4,0,0,0,0,0,0,0,0,0,0,4,0,0,0,0,0,0,0,0,0
pbt,bintrie,5,4,storage_sload_k10,1,,1345,0,0,0.1534,2.0626,0.0085,0.4468,3.1925,0,4,0,0,0,0,0,0,0,0,0,0,4,0,0,0,0,0,0,0,0,0
pbt,bintrie,5,4,storage_sload_k10,1,,1346,0,0,0.0822,1.47,0.005,0.4462,2.4044,0,4,0,0,0,0,0,0,0,0,0,0,4,0,0,0,0,0,0,0,0,0
pbt,bintrie,5,4,storage_sload_k10,1,,1347,0,0,0.035,0.5107,0.0044,0.1986,0.9657,0,4,0,0,0,0,0,0,0,0,0,0,4,0,0,0,0,0,0,0,0,0
pbt,bintrie,5,4,storage_sload_k10,1,,1348,0,0,0.1438,1.8897,0.0117,0.429,3.0729,0,4,0,0,0,0,0,0,0,0,0,0,4,0,0,0,0,0,0,0,0,0
pbt,bintrie,5,4,storage_sload_k10,1,,1349,0,0,0.0318,0.6291,0.0032,0.2082,1.0961,0,4,0,0,0,0,0,0,0,0,0,0,4,0,0,0,0,0,0,0,0,0
pbt,bintrie,5,4,storage_sload_k10,1,,1350,0,0,0.0297,0.6096,0.0023,0.1464,0.9569,0,4,0,0,0,0,0,0,0,0,0,0,4,0,0,0,0,0,0,0,0,0
pbt,bintrie,5,4,storage_sload_k10,1,,1351,0,0,0.0312,0.6268,0.0023,0.1479,0.9666,0,4,0,0,0,0,0,0,0,0,0,0,4,0,0,0,0,0,0,0,0,0
pbt,bintrie,5,4,storage_sload_k10,1,,1352,0,0,0.0353,0.5518,0.0018,0.1219,0.842,0,4,0,0,0,0,0,0,0,0,0,0,4,0,0,0,0,0,0,0,0,0
pbt,bintrie,5,4,storage_sload_k10,1,,1353,86892,2,0.287,21.9223,22.0853,2.2595,46.886,1.8533,11,0,0,0,3,0,0,0,1,158,6,5,54.55,0,0,0,0,0,0,0,0
pbt,bintrie,5,4,storage_sload_k10,1,,1354,99900924,1,2035.5018,100.3932,60.7806,2.4666,2207.8161,45.2488,17,5002,11,438,2,0,0,0,0,0,2,15,11.76,655,4347,13.09,11,0,100,438,0
pbt,bintrie,5,4,storage_sload_k10,1,,1355,21000,1,0.1193,22.3624,4.2894,0.8248,40.2735,0.5214,6,0,0,0,2,0,0,0,0,0,2,4,33.33,0,0,0,0,0,0,0,0
pbt,bintrie,5,4,storage_sload_k10,1,,1356,0,0,0.0717,1.0214,0.0041,0.4104,2.3076,0,4,0,0,0,0,0,0,0,0,0,0,4,0,0,0,0,0,0,0,0,0
pbt,bintrie,5,4,storage_sload_k10,1,,1357,0,0,0.0467,0.6393,0.0038,0.4194,1.7158,0,4,0,0,0,0,0,0,0,0,0,0,4,0,0,0,0,0,0,0,0,0
pbt,bintrie,5,4,storage_sload_k10,2,,1358,0,0,0.0642,0.707,0.0032,0.2806,1.3416,0,4,0,0,0,0,0,0,0,0,0,0,4,0,0,0,0,0,0,0,0,0
pbt,bintrie,5,4,storage_sload_k10,2,,1359,0,0,0.1187,1.6802,0.0096,0.4766,2.8028,0,4,0,0,0,0,0,0,0,0,0,0,4,0,0,0,0,0,0,0,0,0
pbt,bintrie,5,4,storage_sload_k10,2,,1360,0,0,0.0338,0.8306,0.0018,0.1079,1.3031,0,4,0,0,0,0,0,0,0,0,0,0,4,0,0,0,0,0,0,0,0,0
pbt,bintrie,5,4,storage_sload_k10,2,,1361,0,0,0.3882,2.0527,0.0102,0.5375,7.5785,0,4,0,0,0,0,0,0,0,0,0,0,4,0,0,0,0,0,0,0,0,0
pbt,bintrie,5,4,storage_sload_k10,2,,1362,0,0,0.0248,0.5991,0.0029,0.1963,0.9447,0,4,0,0,0,0,0,0,0,0,0,0,4,0,0,0,0,0,0,0,0,0
pbt,bintrie,5,4,storage_sload_k10,2,,1363,0,0,0.0575,1.0759,0.0041,18.2022,20.1181,0,4,0,0,0,0,0,0,0,0,0,0,4,0,0,0,0,0,0,0,0,0
pbt,bintrie,5,4,storage_sload_k10,2,,1364,0,0,0.0309,0.4042,0.0015,0.1884,0.7997,0,4,0,0,0,0,0,0,0,0,0,0,4,0,0,0,0,0,0,0,0,0
pbt,bintrie,5,4,storage_sload_k10,2,,1365,0,0,0.0677,1.2413,0.0044,0.2826,1.9719,0,4,0,0,0,0,0,0,0,0,0,0,4,0,0,0,0,0,0,0,0,0
pbt,bintrie,5,4,storage_sload_k10,2,,1366,0,0,0.0257,0.4241,0.0029,0.1709,0.8134,0,4,0,0,0,0,0,0,0,0,0,0,4,0,0,0,0,0,0,0,0,0
pbt,bintrie,5,4,storage_sload_k10,2,,1367,0,0,0.0785,1.8039,0.005,0.3112,2.7139,0,4,0,0,0,0,0,0,0,0,0,0,4,0,0,0,0,0,0,0,0,0
pbt,bintrie,5,4,storage_sload_k10,2,,1368,0,0,0.4874,3.2459,0.0128,0.9295,10.0179,0,4,0,0,0,0,0,0,0,0,0,0,4,0,0,0,0,0,0,0,0,0
pbt,bintrie,5,4,storage_sload_k10,2,,1369,0,0,0.0852,1.8754,0.005,0.3302,2.9242,0,4,0,0,0,0,0,0,0,0,0,0,4,0,0,0,0,0,0,0,0,0
pbt,bintrie,5,4,storage_sload_k10,2,,1370,0,0,0.0834,1.4353,0.0055,0.42,2.3668,0,4,0,0,0,0,0,0,0,0,0,0,4,0,0,0,0,0,0,0,0,0
pbt,bintrie,5,4,storage_sload_k10,2,,1371,0,0,0.0805,1.7409,0.0044,0.3827,2.685,0,4,0,0,0,0,0,0,0,0,0,0,4,0,0,0,0,0,0,0,0,0
pbt,bintrie,5,4,storage_sload_k10,2,,1372,0,0,0.0785,1.446,0.0064,0.2928,2.1478,0,4,0,0,0,0,0,0,0,0,0,0,4,0,0,0,0,0,0,0,0,0
pbt,bintrie,5,4,storage_sload_k10,2,,1373,0,0,0.0925,1.5333,0.0082,0.3322,2.5185,0,4,0,0,0,0,0,0,0,0,0,0,4,0,0,0,0,0,0,0,0,0
pbt,bintrie,5,4,storage_sload_k10,2,,1374,0,0,0.0478,0.805,0.005,0.1861,1.241,0,4,0,0,0,0,0,0,0,0,0,0,4,0,0,0,0,0,0,0,0,0
pbt,bintrie,5,4,storage_sload_k10,2,,1375,0,0,0.042,0.6186,0.0023,0.1972,1.0631,0,4,0,0,0,0,0,0,0,0,0,0,4,0,0,0,0,0,0,0,0,0
pbt,bintrie,5,4,storage_sload_k10,2,,1376,0,0,0.0852,0.9995,0.0038,0.2403,3.0513,0,4,0,0,0,0,0,0,0,0,0,0,4,0,0,0,0,0,0,0,0,0
pbt,bintrie,5,4,storage_sload_k10,2,,1377,0,0,0.0332,0.6078,0.0015,0.1674,0.9867,0,4,0,0,0,0,0,0,0,0,0,0,4,0,0,0,0,0,0,0,0,0
pbt,bintrie,5,4,storage_sload_k10,2,,1378,86892,2,0.1587,12.1246,21.7094,1.9413,46.1939,1.881,11,0,0,0,3,0,0,0,1,158,6,5,54.55,0,0,0,0,0,0,0,0
pbt,bintrie,5,4,storage_sload_k10,2,,1379,99900924,1,2192.1705,111.9385,20.3593,1.964,2357.9671,42.3674,17,5002,11,438,2,0,0,0,0,0,3,14,17.65,354,4648,7.08,11,0,100,438,0
pbt,bintrie,5,4,storage_sload_k10,2,,1380,21000,1,0.0659,0.6087,4.9976,1.2804,21.3372,0.9842,6,0,0,0,2,0,0,0,0,0,2,4,33.33,0,0,0,0,0,0,0,0
pbt,bintrie,5,4,storage_sload_k10,2,,1381,0,0,0.0822,1.4866,0.0128,0.6656,3.2255,0,4,0,0,0,0,0,0,0,0,0,0,4,0,0,0,0,0,0,0,0,0
pbt,bintrie,5,4,storage_sload_k10,2,,1382,0,0,0.0992,1.465,0.0061,0.6102,3.8744,0,4,0,0,0,0,0,0,0,0,0,0,4,0,0,0,0,0,0,0,0,0
pbt,bintrie,5,4,storage_sload_k10,3,,1384,0,0,0.1604,1.6832,0.007,0.5256,3.0143,0,4,0,0,0,0,0,0,0,0,0,0,4,0,0,0,0,0,0,0,0,0
pbt,bintrie,5,4,storage_sload_k10,3,,1385,0,0,0.0245,0.448,0.002,0.8321,1.4414,0,4,0,0,0,0,0,0,0,0,0,0,4,0,0,0,0,0,0,0,0,0
pbt,bintrie,5,4,storage_sload_k10,3,,1386,0,0,0.0799,0.6008,0.0026,0.1598,0.9782,0,4,0,0,0,0,0,0,0,0,0,0,4,0,0,0,0,0,0,0,0,0
pbt,bintrie,5,4,storage_sload_k10,3,,1387,0,0,0.0315,0.5305,0.0023,0.2427,0.9456,0,4,0,0,0,0,0,0,0,0,0,0,4,0,0,0,0,0,0,0,0,0
pbt,bintrie,5,4,storage_sload_k10,3,,1388,0,0,0.0295,0.5644,0.0032,0.1228,0.8598,0,4,0,0,0,0,0,0,0,0,0,0,4,0,0,0,0,0,0,0,0,0
pbt,bintrie,5,4,storage_sload_k10,3,,1389,0,0,0.0729,1.346,0.0061,0.2607,1.9658,0,4,0,0,0,0,0,0,0,0,0,0,4,0,0,0,0,0,0,0,0,0
pbt,bintrie,5,4,storage_sload_k10,3,,1390,0,0,0.0785,1.409,0.0064,0.2791,2.0684,0,4,0,0,0,0,0,0,0,0,0,0,4,0,0,0,0,0,0,0,0,0
pbt,bintrie,5,4,storage_sload_k10,3,,1391,0,0,0.0347,0.5442,0.0029,0.1406,0.9158,0,4,0,0,0,0,0,0,0,0,0,0,4,0,0,0,0,0,0,0,0,0
pbt,bintrie,5,4,storage_sload_k10,3,,1392,0,0,0.0478,0.5454,0.0026,0.1718,1.0051,0,4,0,0,0,0,0,0,0,0,0,0,4,0,0,0,0,0,0,0,0,0
pbt,bintrie,5,4,storage_sload_k10,3,,1393,0,0,0.1003,1.0558,0.0061,0.4282,2.1236,0,4,0,0,0,0,0,0,0,0,0,0,4,0,0,0,0,0,0,0,0,0
pbt,bintrie,5,4,storage_sload_k10,3,,1394,0,0,0.0321,0.4255,0.0026,0.1359,0.7674,0,4,0,0,0,0,0,0,0,0,0,0,4,0,0,0,0,0,0,0,0,0
pbt,bintrie,5,4,storage_sload_k10,3,,1395,0,0,0.0878,1.9667,0.0055,0.455,2.9087,0,4,0,0,0,0,0,0,0,0,0,0,4,0,0,0,0,0,0,0,0,0
pbt,bintrie,5,4,storage_sload_k10,3,,1396,0,0,0.0852,1.4303,0.0064,0.3447,2.3082,0,4,0,0,0,0,0,0,0,0,0,0,4,0,0,0,0,0,0,0,0,0
pbt,bintrie,5,4,storage_sload_k10,3,,1397,0,0,0.035,0.3969,0.0038,0.1359,0.8044,0,4,0,0,0,0,0,0,0,0,0,0,4,0,0,0,0,0,0,0,0,0
pbt,bintrie,5,4,storage_sload_k10,3,,1398,0,0,0.0811,1.5694,0.0064,0.3418,2.5596,0,4,0,0,0,0,0,0,0,0,0,0,4,0,0,0,0,0,0,0,0,0
pbt,bintrie,5,4,storage_sload_k10,3,,1399,0,0,0.2803,3.0863,0.0245,0.9176,9.2672,0,4,0,0,0,0,0,0,0,0,0,0,4,0,0,0,0,0,0,0,0,0
pbt,bintrie,5,4,storage_sload_k10,3,,1400,0,0,0.0324,0.5868,0.0026,0.1849,0.9957,0,4,0,0,0,0,0,0,0,0,0,0,4,0,0,0,0,0,0,0,0,0
pbt,bintrie,5,4,storage_sload_k10,3,,1401,0,0,0.0402,0.6673,0.005,0.1922,1.0899,0,4,0,0,0,0,0,0,0,0,0,0,4,0,0,0,0,0,0,0,0,0
pbt,bintrie,5,4,storage_sload_k10,3,,1402,0,0,0.0338,0.6034,0.0017,0.1135,0.9214,0,4,0,0,0,0,0,0,0,0,0,0,4,0,0,0,0,0,0,0,0,0
pbt,bintrie,5,4,storage_sload_k10,3,,1403,86892,2,0.1773,27.1371,4.4256,1.8162,39.1695,2.2184,11,0,0,0,3,0,0,0,1,158,5,6,45.45,0,0,0,0,0,0,0,0
pbt,bintrie,5,4,storage_sload_k10,3,,1404,99900924,1,2104.1206,109.7756,24.7423,1.5963,2240.898,44.5808,17,5002,11,438,2,0,0,0,0,0,2,15,11.76,1468,3534,29.35,11,0,100,438,0
pbt,bintrie,5,4,storage_sload_k10,3,,1405,21000,1,0.0986,0.9438,12.5676,0.8668,49.9991,0.42,6,0,0,0,2,0,0,0,0,0,2,4,33.33,0,0,0,0,0,0,0,0
pbt,bintrie,5,4,storage_sload_k10,3,,1406,0,0,0.1248,1.7392,0.0143,0.8371,3.7854,0,4,0,0,0,0,0,0,0,0,0,0,4,0,0,0,0,0,0,0,0,0
pbt,bintrie,5,4,storage_sload_k10,3,,1407,0,0,0.0528,0.7516,0.0058,0.3984,1.915,0,4,0,0,0,0,0,0,0,0,0,0,4,0,0,0,0,0,0,0,0,0
pbt,bintrie,5,4,storage_sload_k10,4,,1408,0,0,0.1587,1.7246,0.0093,0.6437,3.0376,0,4,0,0,0,0,0,0,0,0,0,0,4,0,0,0,0,0,0,0,0,0
pbt,bintrie,5,4,storage_sload_k10,4,,1409,0,0,0.114,1.869,0.0149,4.4732,8.0128,0,4,0,0,0,0,0,0,0,0,0,0,4,0,0,0,0,0,0,0,0,0
pbt,bintrie,5,4,storage_sload_k10,4,,1410,0,0,0.182,2.4006,0.0093,0.9015,8.9793,0,4,0,0,0,0,0,0,0,0,0,0,4,0,0,0,0,0,0,0,0,0
pbt,bintrie,5,4,storage_sload_k10,4,,1411,0,0,0.0303,0.6034,0.0023,0.1992,1.1133,0,4,0,0,0,0,0,0,0,0,0,0,4,0,0,0,0,0,0,0,0,0
pbt,bintrie,5,4,storage_sload_k10,4,,1412,0,0,0.0341,0.6886,0.0055,0.1108,1.0269,0,4,0,0,0,0,0,0,0,0,0,0,4,0,0,0,0,0,0,0,0,0
pbt,bintrie,5,4,storage_sload_k10,4,,1413,0,0,0.0324,0.5349,0.0073,0.2252,2.648,0,4,0,0,0,0,0,0,0,0,0,0,4,0,0,0,0,0,0,0,0,0
pbt,bintrie,5,4,storage_sload_k10,4,,1414,0,0,0.0248,0.4165,0.0038,0.1385,0.7878,0,4,0,0,0,0,0,0,0,0,0,0,4,0,0,0,0,0,0,0,0,0
pbt,bintrie,5,4,storage_sload_k10,4,,1415,0,0,0.0502,0.4357,0.002,15.6671,16.339,0,4,0,0,0,0,0,0,0,0,0,0,4,0,0,0,0,0,0,0,0,0
pbt,bintrie,5,4,storage_sload_k10,4,,1416,0,0,0.0467,0.6746,0.0038,0.226,1.1512,0,4,0,0,0,0,0,0,0,0,0,0,4,0,0,0,0,0,0,0,0,0
pbt,bintrie,5,4,storage_sload_k10,4,,1417,0,0,0.0913,1.5548,0.0064,0.3523,2.3939,0,4,0,0,0,0,0,0,0,0,0,0,4,0,0,0,0,0,0,0,0,0
pbt,bintrie,5,4,storage_sload_k10,4,,1418,0,0,0.175,3.1339,0.0087,0.4725,4.5968,0,4,0,0,0,0,0,0,0,0,0,0,4,0,0,0,0,0,0,0,0,0
pbt,bintrie,5,4,storage_sload_k10,4,,1419,0,0,0.072,0.8826,0.0061,0.3759,1.7421,0,4,0,0,0,0,0,0,0,0,0,0,4,0,0,0,0,0,0,0,0,0
pbt,bintrie,5,4,storage_sload_k10,4,,1420,0,0,0.0367,0.6017,0.0029,0.1875,1.0675,0,4,0,0,0,0,0,0,0,0,0,0,4,0,0,0,0,0,0,0,0,0
pbt,bintrie,5,4,storage_sload_k10,4,,1421,0,0,0.098,1.7552,0.0064,0.4783,2.7923,0,4,0,0,0,0,0,0,0,0,0,0,4,0,0,0,0,0,0,0,0,0
pbt,bintrie,5,4,storage_sload_k10,4,,1422,0,0,0.0464,0.5626,0.0041,0.1878,1.0243,0,4,0,0,0,0,0,0,0,0,0,0,4,0,0,0,0,0,0,0,0,0
pbt,bintrie,5,4,storage_sload_k10,4,,1423,0,0,0.1225,1.635,0.0093,0.3774,2.7139,0,4,0,0,0,0,0,0,0,0,0,0,4,0,0,0,0,0,0,0,0,0
pbt,bintrie,5,4,storage_sload_k10,4,,1424,0,0,0.0656,0.8295,0.0032,1.2477,4.6797,0,4,0,0,0,0,0,0,0,0,0,0,4,0,0,0,0,0,0,0,0,0
pbt,bintrie,5,4,storage_sload_k10,4,,1425,0,0,0.0437,0.66,0.002,0.1353,1.0231,0,4,0,0,0,0,0,0,0,0,0,0,4,0,0,0,0,0,0,0,0,0
pbt,bintrie,5,4,storage_sload_k10,4,,1426,0,0,0.0382,0.8035,0.0029,0.1657,1.239,0,4,0,0,0,0,0,0,0,0,0,0,4,0,0,0,0,0,0,0,0,0
pbt,bintrie,5,4,storage_sload_k10,4,,1427,0,0,0.0379,0.6265,0.005,0.1835,0.9966,0,4,0,0,0,0,0,0,0,0,0,0,4,0,0,0,0,0,0,0,0,0
pbt,bintrie,5,4,storage_sload_k10,4,,1428,86892,2,1.0648,33.5656,13.778,1.9019,51.1602,1.6984,11,0,0,0,3,0,0,0,1,158,5,6,45.45,0,0,0,0,0,0,0,0
pbt,bintrie,5,4,storage_sload_k10,4,,1429,99900924,1,2066.3189,91.5865,46.3307,2.221,2229.2365,44.814,17,5002,11,438,2,0,0,0,0,0,5,12,29.41,834,4168,16.67,11,0,100,438,0
pbt,bintrie,5,4,storage_sload_k10,4,,1430,21000,1,0.5323,13.8617,2.5803,0.7851,18.2246,1.1523,6,0,0,0,2,0,0,0,0,0,0,6,0,0,0,0,0,0,0,0,0
pbt,bintrie,5,4,storage_sload_k10,4,,1431,0,0,0.1044,1.6835,0.0181,1.0891,6.2325,0,4,0,0,0,0,0,0,0,0,0,0,4,0,0,0,0,0,0,0,0,0
pbt,bintrie,5,4,storage_sload_k10,4,,1432,0,0,0.0484,0.9018,0.0041,0.2167,1.5239,0,4,0,0,0,0,0,0,0,0,0,0,4,0,0,0,0,0,0,0,0,0
pbt,bintrie,5,4,storage_sload_k10,5,,1433,0,0,0.0493,0.5752,0.002,0.2587,1.1115,0,4,0,0,0,0,0,0,0,0,0,0,4,0,0,0,0,0,0,0,0,0
pbt,bintrie,5,4,storage_sload_k10,5,,1434,0,0,0.1514,2.0518,0.0096,0.8222,4.1666,0,4,0,0,0,0,0,0,0,0,0,0,4,0,0,0,0,0,0,0,0,0
pbt,bintrie,5,4,storage_sload_k10,5,,1435,0,0,0.0557,1.6277,0.0041,1.2999,5.8244,0,4,0,0,0,0,0,0,0,0,0,0,4,0,0,0,0,0,0,0,0,0
pbt,bintrie,5,4,storage_sload_k10,5,,1436,0,0,0.0382,0.5212,0.002,0.1088,0.8703,0,4,0,0,0,0,0,0,0,0,0,0,4,0,0,0,0,0,0,0,0,0
pbt,bintrie,5,4,storage_sload_k10,5,,1437,0,0,0.0825,0.6078,0.0035,0.1117,0.987,0,4,0,0,0,0,0,0,0,0,0,0,4,0,0,0,0,0,0,0,0,0
pbt,bintrie,5,4,storage_sload_k10,5,,1438,0,0,0.0225,0.4127,0.0012,0.0875,0.6822,0,4,0,0,0,0,0,0,0,0,0,0,4,0,0,0,0,0,0,0,0,0
pbt,bintrie,5,4,storage_sload_k10,5,,1439,0,0,0.1482,2.1239,0.0117,0.4868,3.4007,0,4,0,0,0,0,0,0,0,0,0,0,4,0,0,0,0,0,0,0,0,0
pbt,bintrie,5,4,storage_sload_k10,5,,1440,0,0,0.1009,1.4323,0.0111,0.3296,2.3869,0,4,0,0,0,0,0,0,0,0,0,0,4,0,0,0,0,0,0,0,0,0
pbt,bintrie,5,4,storage_sload_k10,5,,1441,0,0,0.098,2.1297,0.0064,0.4579,3.5413,0,4,0,0,0,0,0,0,0,0,0,0,4,0,0,0,0,0,0,0,0,0
pbt,bintrie,5,4,storage_sload_k10,5,,1442,0,0,0.0875,1.1255,0.0082,0.5854,3.6361,0,4,0,0,0,0,0,0,0,0,0,0,4,0,0,0,0,0,0,0,0,0
pbt,bintrie,5,4,storage_sload_k10,5,,1443,0,0,0.0572,1.071,0.0041,0.1975,1.5782,0,4,0,0,0,0,0,0,0,0,0,0,4,0,0,0,0,0,0,0,0,0
pbt,bintrie,5,4,storage_sload_k10,5,,1444,0,0,0.0265,0.3829,0.0029,0.1645,0.8339,0,4,0,0,0,0,0,0,0,0,0,0,4,0,0,0,0,0,0,0,0,0
pbt,bintrie,5,4,storage_sload_k10,5,,1445,0,0,0.0866,1.4102,0.0058,0.3497,2.2359,0,4,0,0,0,0,0,0,0,0,0,0,4,0,0,0,0,0,0,0,0,0
pbt,bintrie,5,4,storage_sload_k10,5,,1446,0,0,0.0338,0.5159,0.0023,0.1715,0.9231,0,4,0,0,0,0,0,0,0,0,0,0,4,0,0,0,0,0,0,0,0,0
pbt,bintrie,5,4,storage_sload_k10,5,,1447,0,0,0.0405,0.5194,0.0023,0.198,1.0255,0,4,0,0,0,0,0,0,0,0,0,0,4,0,0,0,0,0,0,0,0,0
pbt,bintrie,5,4,storage_sload_k10,5,,1448,0,0,0.037,0.702,0.0032,0.1884,1.2512,0,4,0,0,0,0,0,0,0,0,0,0,4,0,0,0,0,0,0,0,0,0
pbt,bintrie,5,4,storage_sload_k10,5,,1449,0,0,0.033,0.7431,0.0038,0.1992,1.2603,0,4,0,0,0,0,0,0,0,0,0,0,4,0,0,0,0,0,0,0,0,0
pbt,bintrie,5,4,storage_sload_k10,5,,1450,0,0,0.0338,0.6379,0.0061,0.1409,0.9596,0,4,0,0,0,0,0,0,0,0,0,0,4,0,0,0,0,0,0,0,0,0
pbt,bintrie,5,4,storage_sload_k10,5,,1451,0,0,0.0391,0.6171,0.0018,0.128,0.9391,0,4,0,0,0,0,0,0,0,0,0,0,4,0,0,0,0,0,0,0,0,0
pbt,bintrie,5,4,storage_sload_k10,5,,1452,86892,2,0.2855,19.9052,29.697,4.0456,54.2699,1.6011,11,0,0,0,3,0,0,0,1,158,6,5,54.55,0,0,0,0,0,0,0,0
pbt,bintrie,5,4,storage_sload_k10,5,,1453,99900924,1,2189.7648,101.0921,7.0657,6.9444,2328.2374,42.9084,17,5002,11,438,2,0,0,0,0,0,3,14,17.65,666,4336,13.31,11,0,100,438,0
pbt,bintrie,5,4,storage_sload_k10,5,,1454,21000,1,0.2077,22.6995,13.0634,0.8301,37.3096,0.5629,6,0,0,0,2,0,0,0,0,0,2,4,33.33,0,0,0,0,0,0,0,0
pbt,bintrie,5,4,storage_sload_k10,5,,1455,0,0,0.0954,2.0171,0.0073,0.5795,4.3145,0,4,0,0,0,0,0,0,0,0,0,0,4,0,0,0,0,0,0,0,0,0
pbt,bintrie,5,4,storage_sload_k10,5,,1456,0,0,0.068,1.2428,0.005,0.6443,3.07,0,4,0,0,0,0,0,0,0,0,0,0,4,0,0,0,0,0,0,0,0,0
pbt,bintrie,5,4,storage_sload_k10,6,,1457,0,0,0.1368,1.5006,0.0073,0.4807,2.6483,0,4,0,0,0,0,0,0,0,0,0,0,4,0,0,0,0,0,0,0,0,0
pbt,bintrie,5,4,storage_sload_k10,6,,1458,0,0,0.0962,1.176,0.0032,0.1187,2.8381,0,4,0,0,0,0,0,0,0,0,0,0,4,0,0,0,0,0,0,0,0,0
pbt,bintrie,5,4,storage_sload_k10,6,,1459,0,0,0.0292,0.5999,0.0029,0.1525,0.9208,0,4,0,0,0,0,0,0,0,0,0,0,4,0,0,0,0,0,0,0,0,0
pbt,bintrie,5,4,storage_sload_k10,6,,1460,0,0,0.058,0.4917,0.0032,0.1458,0.8271,0,4,0,0,0,0,0,0,0,0,0,0,4,0,0,0,0,0,0,0,0,0
pbt,bintrie,5,4,storage_sload_k10,6,,1461,0,0,0.2313,1.0856,0.0041,1.3139,4.2533,0,4,0,0,0,0,0,0,0,0,0,0,4,0,0,0,0,0,0,0,0,0
pbt,bintrie,5,4,storage_sload_k10,6,,1462,0,0,0.0977,1.6027,0.0044,0.3672,2.3808,0,4,0,0,0,0,0,0,0,0,0,0,4,0,0,0,0,0,0,0,0,0
pbt,bintrie,5,4,storage_sload_k10,6,,1463,0,0,0.056,1.1071,0.005,0.3121,1.7616,0,4,0,0,0,0,0,0,0,0,0,0,4,0,0,0,0,0,0,0,0,0
pbt,bintrie,5,4,storage_sload_k10,6,,1464,0,0,0.0936,1.6278,0.0076,0.3191,2.4858,0,4,0,0,0,0,0,0,0,0,0,0,4,0,0,0,0,0,0,0,0,0
pbt,bintrie,5,4,storage_sload_k10,6,,1465,0,0,0.096,1.4723,0.0064,0.287,2.1939,0,4,0,0,0,0,0,0,0,0,0,0,4,0,0,0,0,0,0,0,0,0
pbt,bintrie,5,4,storage_sload_k10,6,,1466,0,0,0.1272,2.1656,0.0064,0.3695,3.0782,0,4,0,0,0,0,0,0,0,0,0,0,4,0,0,0,0,0,0,0,0,0
pbt,bintrie,5,4,storage_sload_k10,6,,1467,0,0,0.0828,1.8902,0.0053,0.4492,2.8233,0,4,0,0,0,0,0,0,0,0,0,0,4,0,0,0,0,0,0,0,0,0
pbt,bintrie,5,4,storage_sload_k10,6,,1468,0,0,0.0855,1.4945,0.0061,0.3182,2.2907,0,4,0,0,0,0,0,0,0,0,0,0,4,0,0,0,0,0,0,0,0,0
pbt,bintrie,5,4,storage_sload_k10,6,,1469,0,0,0.086,1.5058,0.007,0.3491,2.2776,0,4,0,0,0,0,0,0,0,0,0,0,4,0,0,0,0,0,0,0,0,0
pbt,bintrie,5,4,storage_sload_k10,6,,1470,0,0,0.0872,1.5137,0.0073,0.4244,2.5748,0,4,0,0,0,0,0,0,0,0,0,0,4,0,0,0,0,0,0,0,0,0
pbt,bintrie,5,4,storage_sload_k10,6,,1471,0,0,0.1041,1.5671,0.0076,0.4217,2.5229,0,4,0,0,0,0,0,0,0,0,0,0,4,0,0,0,0,0,0,0,0,0
pbt,bintrie,5,4,storage_sload_k10,6,,1472,0,0,0.0866,1.4638,0.005,0.8204,3.8149,0,4,0,0,0,0,0,0,0,0,0,0,4,0,0,0,0,0,0,0,0,0
pbt,bintrie,5,4,storage_sload_k10,6,,1473,0,0,0.0274,0.6113,0.0029,0.1555,1.0368,0,4,0,0,0,0,0,0,0,0,0,0,4,0,0,0,0,0,0,0,0,0
pbt,bintrie,5,4,storage_sload_k10,6,,1474,0,0,0.0315,0.5684,0.0032,0.1237,0.8767,0,4,0,0,0,0,0,0,0,0,0,0,4,0,0,0,0,0,0,0,0,0
pbt,bintrie,5,4,storage_sload_k10,6,,1475,0,0,0.0385,0.5568,0.0026,0.1657,1.0021,0,4,0,0,0,0,0,0,0,0,0,0,4,0,0,0,0,0,0,0,0,0
pbt,bintrie,5,4,storage_sload_k10,6,,1476,86892,2,0.2094,22.5117,7.7412,1.9404,41.4774,2.0949,11,0,0,0,3,0,0,0,1,158,6,5,54.55,0,0,0,0,0,0,0,0
pbt,bintrie,5,4,storage_sload_k10,6,,1477,99900924,1,2085.2476,69.6112,15.9115,1.7686,2175.2592,45.926,17,5002,11,438,2,0,0,0,0,0,5,12,29.41,1079,3923,21.57,11,0,100,438,0
pbt,bintrie,5,4,storage_sload_k10,6,,1478,21000,1,1.003,3.9359,53.6076,2.3747,71.5773,0.2934,6,0,0,0,2,0,0,0,0,0,0,6,0,0,0,0,0,0,0,0,0
pbt,bintrie,5,4,storage_sload_k10,6,,1479,0,0,0.0752,1.5951,0.0058,0.3296,2.4546,0,4,0,0,0,0,0,0,0,0,0,0,4,0,0,0,0,0,0,0,0,0
pbt,bintrie,5,4,storage_sload_k10,6,,1480,0,0,0.0814,1.6794,0.0067,0.5626,2.6541,0,4,0,0,0,0,0,0,0,0,0,0,4,0,0,0,0,0,0,0,0,0
pbt,bintrie,5,4,storage_sload_k10,7,,1481,0,0,0.1257,1.5015,0.0079,0.5157,2.6007,0,4,0,0,0,0,0,0,0,0,0,0,4,0,0,0,0,0,0,0,0,0
pbt,bintrie,5,4,storage_sload_k10,7,,1482,0,0,0.0525,0.8123,0.005,0.399,1.9404,0,4,0,0,0,0,0,0,0,0,0,0,4,0,0,0,0,0,0,0,0,0
pbt,bintrie,5,4,storage_sload_k10,7,,1483,0,0,0.1867,0.9514,0.0029,0.1365,1.6143,0,4,0,0,0,0,0,0,0,0,0,0,4,0,0,0,0,0,0,0,0,0
pbt,bintrie,5,4,storage_sload_k10,7,,1484,0,0,0.023,0.4763,0.0018,0.4868,1.1789,0,4,0,0,0,0,0,0,0,0,0,0,4,0,0,0,0,0,0,0,0,0
pbt,bintrie,5,4,storage_sload_k10,7,,1485,0,0,0.0248,0.5842,0.0029,0.1324,0.9041,0,4,0,0,0,0,0,0,0,0,0,0,4,0,0,0,0,0,0,0,0,0
pbt,bintrie,5,4,storage_sload_k10,7,,1486,0,0,0.0286,0.6002,0.002,0.1531,0.9079,0,4,0,0,0,0,0,0,0,0,0,0,4,0,0,0,0,0,0,0,0,0
pbt,bintrie,5,4,storage_sload_k10,7,,1487,0,0,0.0388,0.4147,0.0017,0.1762,0.8627,0,4,0,0,0,0,0,0,0,0,0,0,4,0,0,0,0,0,0,0,0,0
pbt,bintrie,5,4,storage_sload_k10,7,,1488,0,0,0.0863,1.4484,0.0061,0.4069,2.272,0,4,0,0,0,0,0,0,0,0,0,0,4,0,0,0,0,0,0,0,0,0
pbt,bintrie,5,4,storage_sload_k10,7,,1489,0,0,0.0811,1.4755,0.007,0.296,2.2636,0,4,0,0,0,0,0,0,0,0,0,0,4,0,0,0,0,0,0,0,0,0
pbt,bintrie,5,4,storage_sload_k10,7,,1490,0,0,0.1021,1.439,0.0064,0.3847,2.2922,0,4,0,0,0,0,0,0,0,0,0,0,4,0,0,0,0,0,0,0,0,0
pbt,bintrie,5,4,storage_sload_k10,7,,1491,0,0,0.084,1.4038,0.0076,2.2303,5.6976,0,4,0,0,0,0,0,0,0,0,0,0,4,0,0,0,0,0,0,0,0,0
pbt,bintrie,5,4,storage_sload_k10,7,,1492,0,0,0.0817,1.4455,0.0064,0.2949,2.2257,0,4,0,0,0,0,0,0,0,0,0,0,4,0,0,0,0,0,0,0,0,0
pbt,bintrie,5,4,storage_sload_k10,7,,1493,0,0,0.0925,1.4831,0.0061,0.3488,2.3129,0,4,0,0,0,0,0,0,0,0,0,0,4,0,0,0,0,0,0,0,0,0
pbt,bintrie,5,4,storage_sload_k10,7,,1494,0,0,0.0814,1.8949,0.0079,0.4174,2.7769,0,4,0,0,0,0,0,0,0,0,0,0,4,0,0,0,0,0,0,0,0,0
pbt,bintrie,5,4,storage_sload_k10,7,,1495,0,0,0.0767,1.4808,0.0055,0.175,2.139,0,4,0,0,0,0,0,0,0,0,0,0,4,0,0,0,0,0,0,0,0,0
pbt,bintrie,5,4,storage_sload_k10,7,,1496,0,0,0.1056,1.5729,0.0085,0.3614,2.5051,0,4,0,0,0,0,0,0,0,0,0,0,4,0,0,0,0,0,0,0,0,0
pbt,bintrie,5,4,storage_sload_k10,7,,1497,0,0,0.0289,0.5241,0.0038,0.2383,2.5964,0,4,0,0,0,0,0,0,0,0,0,0,4,0,0,0,0,0,0,0,0,0
pbt,bintrie,5,4,storage_sload_k10,7,,1498,0,0,0.1969,2.5147,0.0061,0.5072,3.798,0,4,0,0,0,0,0,0,0,0,0,0,4,0,0,0,0,0,0,0,0,0
pbt,bintrie,5,4,storage_sload_k10,7,,1499,0,0,0.0236,0.5775,0.0015,0.098,0.8134,0,4,0,0,0,0,0,0,0,0,0,0,4,0,0,0,0,0,0,0,0,0
pbt,bintrie,5,4,storage_sload_k10,7,,1500,0,0,0.0216,0.3964,0.0006,0.0898,0.6396,0,4,0,0,0,0,0,0,0,0,0,0,4,0,0,0,0,0,0,0,0,0
pbt,bintrie,5,4,storage_sload_k10,7,,1501,86892,2,0.4521,32.4894,7.729,2.4791,43.9373,1.9776,11,0,0,0,3,0,0,0,1,158,5,6,45.45,0,0,0,0,0,0,0,0
pbt,bintrie,5,4,storage_sload_k10,7,,1502,99900924,1,2081.4933,97.5824,17.895,1.1124,2208.3343,45.2381,17,5002,11,438,2,0,0,0,0,0,5,12,29.41,939,4063,18.77,11,0,100,438,0
pbt,bintrie,5,4,storage_sload_k10,7,,1503,21000,1,11.7547,1.0838,23.193,1.1249,45.5216,0.4613,6,0,0,0,2,0,0,0,0,0,2,4,33.33,0,0,0,0,0,0,0,0
pbt,bintrie,5,4,storage_sload_k10,7,,1504,0,0,0.1114,1.7141,0.0102,0.6705,3.5714,0,4,0,0,0,0,0,0,0,0,0,0,4,0,0,0,0,0,0,0,0,0
pbt,bintrie,5,4,storage_sload_k10,7,,1505,0,0,0.1508,2.0752,0.0096,0.8336,4.3236,0,4,0,0,0,0,0,0,0,0,0,0,4,0,0,0,0,0,0,0,0,0
pbt,bintrie,5,4,storage_sload_k10,8,,1506,0,0,0.1502,1.6797,0.0076,0.5824,3.0802,0,4,0,0,0,0,0,0,0,0,0,0,4,0,0,0,0,0,0,0,0,0
pbt,bintrie,5,4,storage_sload_k10,8,,1507,0,0,0.0449,0.6621,0.0041,0.3917,1.5394,0,4,0,0,0,0,0,0,0,0,0,0,4,0,0,0,0,0,0,0,0,0
pbt,bintrie,5,4,storage_sload_k10,8,,1508,0,0,0.0735,1.0421,0.0026,0.1222,2.9029,0,4,0,0,0,0,0,0,0,0,0,0,4,0,0,0,0,0,0,0,0,0
pbt,bintrie,5,4,storage_sload_k10,8,,1509,0,0,0.0286,0.5375,0.002,0.243,0.9674,0,4,0,0,0,0,0,0,0,0,0,0,4,0,0,0,0,0,0,0,0,0
pbt,bintrie,5,4,storage_sload_k10,8,,1510,0,0,0.0496,0.7633,0.0035,0.229,1.2807,0,4,0,0,0,0,0,0,0,0,0,0,4,0,0,0,0,0,0,0,0,0
pbt,bintrie,5,4,storage_sload_k10,8,,1511,0,0,0.2963,2.4622,0.0108,0.6075,8.4899,0,4,0,0,0,0,0,0,0,0,0,0,4,0,0,0,0,0,0,0,0,0
pbt,bintrie,5,4,storage_sload_k10,8,,1512,0,0,0.072,1.2702,0.0026,0.3045,2.125,0,4,0,0,0,0,0,0,0,0,0,0,4,0,0,0,0,0,0,0,0,0
pbt,bintrie,5,4,storage_sload_k10,8,,1513,0,0,0.0957,1.4046,0.0111,0.3019,2.3269,0,4,0,0,0,0,0,0,0,0,0,0,4,0,0,0,0,0,0,0,0,0
pbt,bintrie,5,4,storage_sload_k10,8,,1514,0,0,0.0691,1.2953,0.0035,0.4107,2.1023,0,4,0,0,0,0,0,0,0,0,0,0,4,0,0,0,0,0,0,0,0,0
pbt,bintrie,5,4,storage_sload_k10,8,,1515,0,0,0.0367,0.5098,0.0035,0.1972,0.9648,0,4,0,0,0,0,0,0,0,0,0,0,4,0,0,0,0,0,0,0,0,0
pbt,bintrie,5,4,storage_sload_k10,8,,1516,0,0,0.1353,1.9582,0.0067,0.5728,3.399,0,4,0,0,0,0,0,0,0,0,0,0,4,0,0,0,0,0,0,0,0,0
pbt,bintrie,5,4,storage_sload_k10,8,,1517,0,0,0.0248,0.3981,0.0018,0.1732,0.7621,0,4,0,0,0,0,0,0,0,0,0,0,4,0,0,0,0,0,0,0,0,0
pbt,bintrie,5,4,storage_sload_k10,8,,1518,0,0,0.056,1.1103,0.0035,0.3135,1.7065,0,4,0,0,0,0,0,0,0,0,0,0,4,0,0,0,0,0,0,0,0,0
pbt,bintrie,5,4,storage_sload_k10,8,,1519,0,0,0.0866,1.409,0.0128,6.6877,10.1267,0,4,0,0,0,0,0,0,0,0,0,0,4,0,0,0,0,0,0,0,0,0
pbt,bintrie,5,4,storage_sload_k10,8,,1520,0,0,0.075,1.3241,0.0082,0.3722,2.3062,0,4,0,0,0,0,0,0,0,0,0,0,4,0,0,0,0,0,0,0,0,0
pbt,bintrie,5,4,storage_sload_k10,8,,1521,0,0,0.0992,1.5764,0.0079,0.4319,2.4803,0,4,0,0,0,0,0,0,0,0,0,0,4,0,0,0,0,0,0,0,0,0
pbt,bintrie,5,4,storage_sload_k10,8,,1522,0,0,0.0262,0.4585,0.0023,0.1228,0.7583,0,4,0,0,0,0,0,0,0,0,0,0,4,0,0,0,0,0,0,0,0,0
pbt,bintrie,5,4,storage_sload_k10,8,,1523,0,0,0.0327,0.5422,0.0023,0.1907,0.9639,0,4,0,0,0,0,0,0,0,0,0,0,4,0,0,0,0,0,0,0,0,0
pbt,bintrie,5,4,storage_sload_k10,8,,1524,0,0,0.0429,0.5676,0.0026,0.1452,0.8878,0,4,0,0,0,0,0,0,0,0,0,0,4,0,0,0,0,0,0,0,0,0
pbt,bintrie,5,4,storage_sload_k10,8,,1525,0,0,0.0333,0.5081,0.0023,0.1464,0.8916,0,4,0,0,0,0,0,0,0,0,0,0,4,0,0,0,0,0,0,0,0,0
pbt,bintrie,5,4,storage_sload_k10,8,,1526,86892,2,5.6745,21.2028,9.8178,2.2117,39.2121,2.2159,11,0,0,0,3,0,0,0,1,158,5,6,45.45,0,0,0,0,0,0,0,0
pbt,bintrie,5,4,storage_sload_k10,8,,1527,99900924,1,2069.1352,91.1645,19.3233,1.4673,2207.0815,45.2638,17,5002,11,438,2,0,0,0,0,0,3,14,17.65,563,4439,11.26,11,0,100,438,0
pbt,bintrie,5,4,storage_sload_k10,8,,1528,21000,1,0.2392,28.6339,14.0527,0.8452,44.1963,0.4752,6,0,0,0,2,0,0,0,0,0,2,4,33.33,0,0,0,0,0,0,0,0
pbt,bintrie,5,4,storage_sload_k10,8,,1529,0,0,0.047,0.7408,0.0053,0.4833,2.0212,0,4,0,0,0,0,0,0,0,0,0,0,4,0,0,0,0,0,0,0,0,0
pbt,bintrie,5,4,storage_sload_k10,8,,1530,0,0,0.0621,0.9616,0.0061,0.5078,2.8976,0,4,0,0,0,0,0,0,0,0,0,0,4,0,0,0,0,0,0,0,0,0
pbt,bintrie,5,4,storage_sload_k10,9,,1531,0,0,0.056,0.6539,0.0035,0.4646,1.4341,0,4,0,0,0,0,0,0,0,0,0,0,4,0,0,0,0,0,0,0,0,0
pbt,bintrie,5,4,storage_sload_k10,9,,1532,0,0,0.1397,1.7998,0.0076,0.6825,4.2536,0,4,0,0,0,0,0,0,0,0,0,0,4,0,0,0,0,0,0,0,0,0
pbt,bintrie,5,4,storage_sload_k10,9,,1533,0,0,0.0254,0.4821,0.002,0.0939,0.7577,0,4,0,0,0,0,0,0,0,0,0,0,4,0,0,0,0,0,0,0,0,0
pbt,bintrie,5,4,storage_sload_k10,9,,1534,0,0,0.0426,0.6854,0.0026,0.1482,1.2188,0,4,0,0,0,0,0,0,0,0,0,0,4,0,0,0,0,0,0,0,0,0
pbt,bintrie,5,4,storage_sload_k10,9,,1535,0,0,0.0394,0.6507,0.0047,0.1356,0.9966,0,4,0,0,0,0,0,0,0,0,0,0,4,0,0,0,0,0,0,0,0,0
pbt,bintrie,5,4,storage_sload_k10,9,,1536,0,0,0.0639,1.8345,0.0064,2.0865,8.5975,0,4,0,0,0,0,0,0,0,0,0,0,4,0,0,0,0,0,0,0,0,0
pbt,bintrie,5,4,storage_sload_k10,9,,1537,0,0,0.0878,1.4822,0.0064,0.4031,2.3584,0,4,0,0,0,0,0,0,0,0,0,0,4,0,0,0,0,0,0,0,0,0
pbt,bintrie,5,4,storage_sload_k10,9,,1538,0,0,0.077,1.4939,0.0061,0.3001,2.1912,0,4,0,0,0,0,0,0,0,0,0,0,4,0,0,0,0,0,0,0,0,0
pbt,bintrie,5,4,storage_sload_k10,9,,1539,0,0,0.0977,0.5635,0.0035,0.1455,0.9806,0,4,0,0,0,0,0,0,0,0,0,0,4,0,0,0,0,0,0,0,0,0
pbt,bintrie,5,4,storage_sload_k10,9,,1540,0,0,0.0373,0.527,0.0041,0.1875,0.9887,0,4,0,0,0,0,0,0,0,0,0,0,4,0,0,0,0,0,0,0,0,0
pbt,bintrie,5,4,storage_sload_k10,9,,1541,0,0,0.2088,2.5179,0.0064,0.3547,4.8138,0,4,0,0,0,0,0,0,0,0,0,0,4,0,0,0,0,0,0,0,0,0
pbt,bintrie,5,4,storage_sload_k10,9,,1542,0,0,0.0884,1.5099,0.0073,0.3444,2.3747,0,4,0,0,0,0,0,0,0,0,0,0,4,0,0,0,0,0,0,0,0,0
pbt,bintrie,5,4,storage_sload_k10,9,,1543,0,0,0.0846,1.4385,0.0061,0.4457,2.3537,0,4,0,0,0,0,0,0,0,0,0,0,4,0,0,0,0,0,0,0,0,0
pbt,bintrie,5,4,storage_sload_k10,9,,1544,0,0,0.0435,0.5025,0.0032,0.2284,0.9858,0,4,0,0,0,0,0,0,0,0,0,0,4,0,0,0,0,0,0,0,0,0
pbt,bintrie,5,4,storage_sload_k10,9,,1545,0,0,0.0773,2.0054,0.0026,0.1919,2.7355,0,4,0,0,0,0,0,0,0,0,0,0,4,0,0,0,0,0,0,0,0,0
pbt,bintrie,5,4,storage_sload_k10,9,,1546,0,0,0.047,0.6842,0.0047,0.2158,1.2101,0,4,0,0,0,0,0,0,0,0,0,0,4,0,0,0,0,0,0,0,0,0
pbt,bintrie,5,4,storage_sload_k10,9,,1547,0,0,0.0265,0.4772,0.0015,0.1,0.7324,0,4,0,0,0,0,0,0,0,0,0,0,4,0,0,0,0,0,0,0,0,0
pbt,bintrie,5,4,storage_sload_k10,9,,1548,0,0,0.04,0.9846,0.0035,1.4131,2.8857,0,4,0,0,0,0,0,0,0,0,0,0,4,0,0,0,0,0,0,0,0,0
pbt,bintrie,5,4,storage_sload_k10,9,,1549,0,0,0.0292,0.4792,0.0015,0.1219,0.7391,0,4,0,0,0,0,0,0,0,0,0,0,4,0,0,0,0,0,0,0,0,0
pbt,bintrie,5,4,storage_sload_k10,9,,1550,0,0,0.4468,4.3119,0.0169,1.2897,7.547,0,4,0,0,0,0,0,0,0,0,0,0,4,0,0,0,0,0,0,0,0,0
pbt,bintrie,5,4,storage_sload_k10,9,,1551,86892,2,0.4308,18.2442,25.442,1.8176,46.4319,1.8714,11,0,0,0,3,0,0,0,1,158,6,5,54.55,0,0,0,0,0,0,0,0
pbt,bintrie,5,4,storage_sload_k10,9,,1552,99900924,1,2179.1239,94.5323,33.5951,2.8816,2314.4133,43.1647,17,5002,11,438,2,0,0,0,0,0,6,11,35.29,1897,3105,37.92,11,0,100,438,0
pbt,bintrie,5,4,storage_sload_k10,9,,1553,21000,1,0.0919,0.7615,4.6394,1.1996,35.6431,0.5892,6,0,0,0,2,0,0,0,0,0,2,4,33.33,0,0,0,0,0,0,0,0
pbt,bintrie,5,4,storage_sload_k10,9,,1554,0,0,0.1613,1.985,0.0143,0.7379,3.9756,0,4,0,0,0,0,0,0,0,0,0,0,4,0,0,0,0,0,0,0,0,0
pbt,bintrie,5,4,storage_sload_k10,9,,1555,0,0,0.0939,1.9171,0.0044,0.3474,3.6979,0,4,0,0,0,0,0,0,0,0,0,0,4,0,0,0,0,0,0,0,0,0
pbt,bintrie,5,4,storage_sload_k100,10,,1804,0,0,0.1371,1.5493,0.0105,1.0088,3.7146,0,4,0,0,0,0,0,0,0,0,0,0,4,0,0,0,0,0,0,0,0,0
pbt,bintrie,5,4,storage_sload_k100,10,,1805,0,0,0.3089,1.6053,0.0082,4.6765,26.0487,0,4,0,0,0,0,0,0,0,0,0,0,4,0,0,0,0,0,0,0,0,0
pbt,bintrie,5,4,storage_sload_k100,10,,1806,0,0,0.0359,0.5798,0.0023,0.1391,0.9406,0,4,0,0,0,0,0,0,0,0,0,0,4,0,0,0,0,0,0,0,0,0
pbt,bintrie,5,4,storage_sload_k100,10,,1807,0,0,0.0715,0.8234,0.0035,0.1881,4.7293,0,4,0,0,0,0,0,0,0,0,0,0,4,0,0,0,0,0,0,0,0,0
pbt,bintrie,5,4,storage_sload_k100,10,,1808,0,0,0.0367,0.5235,0.0029,0.1864,0.9146,0,4,0,0,0,0,0,0,0,0,0,0,4,0,0,0,0,0,0,0,0,0
pbt,bintrie,5,4,storage_sload_k100,10,,1809,0,0,0.0916,2.16,0.0064,0.3258,3.1878,0,4,0,0,0,0,0,0,0,0,0,0,4,0,0,0,0,0,0,0,0,0
pbt,bintrie,5,4,storage_sload_k100,10,,1810,0,0,0.072,1.2798,0.0053,0.3759,2.1831,0,4,0,0,0,0,0,0,0,0,0,0,4,0,0,0,0,0,0,0,0,0
pbt,bintrie,5,4,storage_sload_k100,10,,1811,0,0,0.0385,0.5183,0.0029,0.1403,0.9088,0,4,0,0,0,0,0,0,0,0,0,0,4,0,0,0,0,0,0,0,0,0
pbt,bintrie,5,4,storage_sload_k100,10,,1812,0,0,0.0846,1.4055,0.0061,0.3727,2.2312,0,4,0,0,0,0,0,0,0,0,0,0,4,0,0,0,0,0,0,0,0,0
pbt,bintrie,5,4,storage_sload_k100,10,,1813,0,0,0.0971,1.0998,0.0082,1.4536,3.1989,0,4,0,0,0,0,0,0,0,0,0,0,4,0,0,0,0,0,0,0,0,0
pbt,bintrie,5,4,storage_sload_k100,10,,1814,0,0,0.0799,1.3489,0.007,0.3401,2.2586,0,4,0,0,0,0,0,0,0,0,0,0,4,0,0,0,0,0,0,0,0,0
pbt,bintrie,5,4,storage_sload_k100,10,,1815,0,0,0.0365,0.4917,0.0023,0.1884,0.9631,0,4,0,0,0,0,0,0,0,0,0,0,4,0,0,0,0,0,0,0,0,0
pbt,bintrie,5,4,storage_sload_k100,10,,1816,0,0,0.0344,0.5203,0.002,0.1511,0.9214,0,4,0,0,0,0,0,0,0,0,0,0,4,0,0,0,0,0,0,0,0,0
pbt,bintrie,5,4,storage_sload_k100,10,,1817,0,0,0.1044,1.3483,0.0055,0.3672,2.3035,0,4,0,0,0,0,0,0,0,0,0,0,4,0,0,0,0,0,0,0,0,0
pbt,bintrie,5,4,storage_sload_k100,10,,1818,0,0,0.0927,1.3688,0.0108,0.3514,2.3362,0,4,0,0,0,0,0,0,0,0,0,0,4,0,0,0,0,0,0,0,0,0
pbt,bintrie,5,4,storage_sload_k100,10,,1819,0,0,0.0239,0.4284,0.0015,0.1248,0.7044,0,4,0,0,0,0,0,0,0,0,0,0,4,0,0,0,0,0,0,0,0,0
pbt,bintrie,5,4,storage_sload_k100,10,,1820,0,0,0.0312,0.5346,0.0038,0.1438,0.8438,0,4,0,0,0,0,0,0,0,0,0,0,4,0,0,0,0,0,0,0,0,0
pbt,bintrie,5,4,storage_sload_k100,10,,1821,0,0,0.0277,0.5527,0.0023,0.1117,0.847,0,4,0,0,0,0,0,0,0,0,0,0,4,0,0,0,0,0,0,0,0,0
pbt,bintrie,5,4,storage_sload_k100,10,,1822,0,0,0.0312,0.5769,0.002,0.1216,0.8948,0,4,0,0,0,0,0,0,0,0,0,0,4,0,0,0,0,0,0,0,0,0
pbt,bintrie,5,4,storage_sload_k100,10,,1823,86892,2,3.6705,27.7305,5.6946,1.9877,39.652,2.1914,11,0,0,0,3,0,0,0,1,158,4,7,36.36,0,0,0,0,0,0,0,0
pbt,bintrie,5,4,storage_sload_k100,10,,1824,99900921,1,2082.086,120.6143,8.1026,1.8984,2213.1578,45.1395,107,5002,101,2958,2,0,0,0,0,0,29,78,27.1,1432,3570,28.63,101,0,100,2958,0
pbt,bintrie,5,4,storage_sload_k100,10,,1825,21000,1,0.2514,24.983,5.1574,1.1512,36.4994,0.5754,6,0,0,0,2,0,0,0,0,0,2,4,33.33,0,0,0,0,0,0,0,0
pbt,bintrie,5,4,storage_sload_k100,10,,1826,0,0,0.0627,0.8715,0.0093,0.5355,2.2604,0,4,0,0,0,0,0,0,0,0,0,0,4,0,0,0,0,0,0,0,0,0
pbt,bintrie,5,4,storage_sload_k100,10,,1827,0,0,0.2211,1.4484,0.0064,0.6918,3.7446,0,4,0,0,0,0,0,0,0,0,0,0,4,0,0,0,0,0,0,0,0,0
pbt,bintrie,5,4,storage_sload_k100,1,,1581,0,0,0.1275,1.589,0.0073,0.448,2.6223,0,4,0,0,0,0,0,0,0,0,0,0,4,0,0,0,0,0,0,0,0,0
pbt,bintrie,5,4,storage_sload_k100,1,,1582,0,0,0.1625,18.0234,0.0163,1.085,20.6547,0,4,0,0,0,0,0,0,0,0,0,0,4,0,0,0,0,0,0,0,0,0
pbt,bintrie,5,4,storage_sload_k100,1,,1583,0,0,0.0344,0.5725,0.0035,0.1123,0.8686,0,4,0,0,0,0,0,0,0,0,0,0,4,0,0,0,0,0,0,0,0,0
pbt,bintrie,5,4,storage_sload_k100,1,,1584,0,0,0.0367,0.5693,0.0035,0.126,0.8849,0,4,0,0,0,0,0,0,0,0,0,0,4,0,0,0,0,0,0,0,0,0
pbt,bintrie,5,4,storage_sload_k100,1,,1585,0,0,0.0542,1.1731,0.0026,0.1105,1.5175,0,4,0,0,0,0,0,0,0,0,0,0,4,0,0,0,0,0,0,0,0,0
pbt,bintrie,5,4,storage_sload_k100,1,,1586,0,0,0.0251,0.4363,0.0017,0.1108,0.6944,0,4,0,0,0,0,0,0,0,0,0,0,4,0,0,0,0,0,0,0,0,0
pbt,bintrie,5,4,storage_sload_k100,1,,1587,0,0,0.0758,1.745,0.0044,0.5894,2.7699,0,4,0,0,0,0,0,0,0,0,0,0,4,0,0,0,0,0,0,0,0,0
pbt,bintrie,5,4,storage_sload_k100,1,,1588,0,0,0.04,0.5489,0.0035,0.2094,0.9998,0,4,0,0,0,0,0,0,0,0,0,0,4,0,0,0,0,0,0,0,0,0
pbt,bintrie,5,4,storage_sload_k100,1,,1589,0,0,0.0376,0.6268,0.002,0.1531,1.017,0,4,0,0,0,0,0,0,0,0,0,0,4,0,0,0,0,0,0,0,0,0
pbt,bintrie,5,4,storage_sload_k100,1,,1590,0,0,0.1336,1.6657,0.0114,0.499,2.9918,0,4,0,0,0,0,0,0,0,0,0,0,4,0,0,0,0,0,0,0,0,0
pbt,bintrie,5,4,storage_sload_k100,1,,1591,0,0,0.0834,1.4341,0.007,0.3678,2.3998,0,4,0,0,0,0,0,0,0,0,0,0,4,0,0,0,0,0,0,0,0,0
pbt,bintrie,5,4,storage_sload_k100,1,,1592,0,0,0.0525,0.5906,0.0047,0.1601,1.0914,0,4,0,0,0,0,0,0,0,0,0,0,4,0,0,0,0,0,0,0,0,0
pbt,bintrie,5,4,storage_sload_k100,1,,1593,0,0,0.082,1.9952,0.0055,0.3646,2.9428,0,4,0,0,0,0,0,0,0,0,0,0,4,0,0,0,0,0,0,0,0,0
pbt,bintrie,5,4,storage_sload_k100,1,,1594,0,0,0.0805,1.4035,0.0058,0.3698,2.3563,0,4,0,0,0,0,0,0,0,0,0,0,4,0,0,0,0,0,0,0,0,0
pbt,bintrie,5,4,storage_sload_k100,1,,1595,0,0,0.0429,0.6909,0.0026,0.2094,1.1967,0,4,0,0,0,0,0,0,0,0,0,0,4,0,0,0,0,0,0,0,0,0
pbt,bintrie,5,4,storage_sload_k100,1,,1596,0,0,0.0846,2.0267,0.0061,0.4748,3.2523,0,4,0,0,0,0,0,0,0,0,0,0,4,0,0,0,0,0,0,0,0,0
pbt,bintrie,5,4,storage_sload_k100,1,,1597,0,0,0.1321,2.3026,0.0085,0.5084,6.9103,0,4,0,0,0,0,0,0,0,0,0,0,4,0,0,0,0,0,0,0,0,0
pbt,bintrie,5,4,storage_sload_k100,1,,1598,0,0,0.0344,0.6037,0.0026,0.1164,0.8887,0,4,0,0,0,0,0,0,0,0,0,0,4,0,0,0,0,0,0,0,0,0
pbt,bintrie,5,4,storage_sload_k100,1,,1599,0,0,0.028,0.5323,0.002,0.1219,0.8309,0,4,0,0,0,0,0,0,0,0,0,0,4,0,0,0,0,0,0,0,0,0
pbt,bintrie,5,4,storage_sload_k100,1,,1600,0,0,0.1193,1.9115,0.0053,0.317,2.9666,0,4,0,0,0,0,0,0,0,0,0,0,4,0,0,0,0,0,0,0,0,0
pbt,bintrie,5,4,storage_sload_k100,1,,1601,86892,2,0.6673,13.9358,0.6475,2.0334,18.3171,4.7438,11,0,0,0,3,0,0,0,1,158,4,7,36.36,0,0,0,0,0,0,0,0
pbt,bintrie,5,4,storage_sload_k100,1,,1602,99900921,1,2166.2849,104.6076,49.1373,1.9177,2324.0733,42.9853,107,5002,101,2958,2,0,0,0,0,0,9,98,8.41,360,4642,7.2,101,0,100,2958,0
pbt,bintrie,5,4,storage_sload_k100,1,,1603,0,0,0.0913,1.5172,0.0058,0.5614,2.592,0,4,0,0,0,0,0,0,0,0,0,0,4,0,0,0,0,0,0,0,0,0
pbt,bintrie,5,4,storage_sload_k100,1,,1604,21000,1,0.1788,11.9102,4.927,0.7411,37.6649,0.5575,6,0,0,0,2,0,0,0,0,0,2,4,33.33,0,0,0,0,0,0,0,0
pbt,bintrie,5,4,storage_sload_k100,1,,1605,0,0,0.1324,1.9255,0.0108,0.8082,4.2553,0,4,0,0,0,0,0,0,0,0,0,0,4,0,0,0,0,0,0,0,0,0
pbt,bintrie,5,4,storage_sload_k100,1,,1606,0,0,0.1651,2.025,0.0125,0.7169,4.0701,0,4,0,0,0,0,0,0,0,0,0,0,4,0,0,0,0,0,0,0,0,0
pbt,bintrie,5,4,storage_sload_k100,2,,1607,0,0,0.0618,0.5664,0.0029,0.3739,1.4571,0,4,0,0,0,0,0,0,0,0,0,0,4,0,0,0,0,0,0,0,0,0
pbt,bintrie,5,4,storage_sload_k100,2,,1608,0,0,0.028,0.5836,0.0012,0.1808,1.1057,0,4,0,0,0,0,0,0,0,0,0,0,4,0,0,0,0,0,0,0,0,0
pbt,bintrie,5,4,storage_sload_k100,2,,1609,0,0,0.03,0.623,0.0035,0.1522,0.9721,0,4,0,0,0,0,0,0,0,0,0,0,4,0,0,0,0,0,0,0,0,0
pbt,bintrie,5,4,storage_sload_k100,2,,1610,0,0,0.0312,0.6078,0.002,0.1324,0.919,0,4,0,0,0,0,0,0,0,0,0,0,4,0,0,0,0,0,0,0,0,0
pbt,bintrie,5,4,storage_sload_k100,2,,1611,0,0,0.0286,0.5437,0.0015,0.1595,0.9689,0,4,0,0,0,0,0,0,0,0,0,0,4,0,0,0,0,0,0,0,0,0
pbt,bintrie,5,4,storage_sload_k100,2,,1612,0,0,0.0277,0.485,0.0018,0.135,0.8385,0,4,0,0,0,0,0,0,0,0,0,0,4,0,0,0,0,0,0,0,0,0
pbt,bintrie,5,4,storage_sload_k100,2,,1613,0,0,0.0265,0.4576,0.0012,0.1362,0.8024,0,4,0,0,0,0,0,0,0,0,0,0,4,0,0,0,0,0,0,0,0,0
pbt,bintrie,5,4,storage_sload_k100,2,,1614,0,0,0.1021,1.5659,0.0082,0.3967,2.5211,0,4,0,0,0,0,0,0,0,0,0,0,4,0,0,0,0,0,0,0,0,0
pbt,bintrie,5,4,storage_sload_k100,2,,1615,0,0,0.089,1.4358,0.0082,0.3952,2.363,0,4,0,0,0,0,0,0,0,0,0,0,4,0,0,0,0,0,0,0,0,0
pbt,bintrie,5,4,storage_sload_k100,2,,1616,0,0,0.0849,1.4743,0.007,0.2806,2.3044,0,4,0,0,0,0,0,0,0,0,0,0,4,0,0,0,0,0,0,0,0,0
pbt,bintrie,5,4,storage_sload_k100,2,,1617,0,0,0.0881,1.4825,0.0073,0.2972,2.3356,0,4,0,0,0,0,0,0,0,0,0,0,4,0,0,0,0,0,0,0,0,0
pbt,bintrie,5,4,storage_sload_k100,2,,1618,0,0,0.0286,0.4258,0.0009,0.7385,1.3842,0,4,0,0,0,0,0,0,0,0,0,0,4,0,0,0,0,0,0,0,0,0
pbt,bintrie,5,4,storage_sload_k100,2,,1619,0,0,0.04,0.681,0.0026,0.1861,1.1144,0,4,0,0,0,0,0,0,0,0,0,0,4,0,0,0,0,0,0,0,0,0
pbt,bintrie,5,4,storage_sload_k100,2,,1620,0,0,0.0365,0.5122,0.0038,0.2161,1.0543,0,4,0,0,0,0,0,0,0,0,0,0,4,0,0,0,0,0,0,0,0,0
pbt,bintrie,5,4,storage_sload_k100,2,,1621,0,0,0.1213,2.5217,0.007,0.562,3.8697,0,4,0,0,0,0,0,0,0,0,0,0,4,0,0,0,0,0,0,0,0,0
pbt,bintrie,5,4,storage_sload_k100,2,,1622,0,0,0.0449,0.6151,0.0018,0.1709,1.0071,0,4,0,0,0,0,0,0,0,0,0,0,4,0,0,0,0,0,0,0,0,0
pbt,bintrie,5,4,storage_sload_k100,2,,1623,0,0,0.0752,0.9508,0.0041,2.3449,4.5782,0,4,0,0,0,0,0,0,0,0,0,0,4,0,0,0,0,0,0,0,0,0
pbt,bintrie,5,4,storage_sload_k100,2,,1624,0,0,0.0353,0.6524,0.0018,0.1522,1.0371,0,4,0,0,0,0,0,0,0,0,0,0,4,0,0,0,0,0,0,0,0,0
pbt,bintrie,5,4,storage_sload_k100,2,,1625,0,0,0.0353,0.6177,0.0023,0.4979,1.428,0,4,0,0,0,0,0,0,0,0,0,0,4,0,0,0,0,0,0,0,0,0
pbt,bintrie,5,4,storage_sload_k100,2,,1626,86892,2,5.85,12.1699,28.4146,2.7436,49.4549,1.757,11,0,0,0,3,0,0,0,1,158,4,7,36.36,0,0,0,0,0,0,0,0
pbt,bintrie,5,4,storage_sload_k100,2,,1627,99900921,1,2124.5626,93.7177,6.7117,3.037,2233.2856,44.7327,107,5002,101,2958,2,0,0,0,0,0,29,78,27.1,1499,3503,29.97,101,0,100,2958,0
pbt,bintrie,5,4,storage_sload_k100,2,,1628,21000,1,3.5629,4.1909,11.3269,1.9002,37.2983,0.563,6,0,0,0,2,0,0,0,0,0,0,6,0,0,0,0,0,0,0,0,0
pbt,bintrie,5,4,storage_sload_k100,2,,1629,0,0,0.1444,1.8821,0.0108,2.3271,5.2997,0,4,0,0,0,0,0,0,0,0,0,0,4,0,0,0,0,0,0,0,0,0
pbt,bintrie,5,4,storage_sload_k100,3,,1631,0,0,0.1616,1.6916,0.0082,0.5772,3.0639,0,4,0,0,0,0,0,0,0,0,0,0,4,0,0,0,0,0,0,0,0,0
pbt,bintrie,5,4,storage_sload_k100,3,,1632,0,0,0.0656,0.8546,0.0053,0.4996,2.5319,0,4,0,0,0,0,0,0,0,0,0,0,4,0,0,0,0,0,0,0,0,0
pbt,bintrie,5,4,storage_sload_k100,3,,1633,0,0,0.0957,0.8904,0.0029,0.1502,2.0512,0,4,0,0,0,0,0,0,0,0,0,0,4,0,0,0,0,0,0,0,0,0
pbt,bintrie,5,4,storage_sload_k100,3,,1634,0,0,0.033,0.5162,0.0041,0.201,0.9429,0,4,0,0,0,0,0,0,0,0,0,0,4,0,0,0,0,0,0,0,0,0
pbt,bintrie,5,4,storage_sload_k100,3,,1635,0,0,0.0394,0.6244,0.0035,0.1275,0.9762,0,4,0,0,0,0,0,0,0,0,0,0,4,0,0,0,0,0,0,0,0,0
pbt,bintrie,5,4,storage_sload_k100,3,,1636,0,0,0.3377,5.2755,0.0061,0.3934,6.7405,0,4,0,0,0,0,0,0,0,0,0,0,4,0,0,0,0,0,0,0,0,0
pbt,bintrie,5,4,storage_sload_k100,3,,1637,0,0,0.0262,0.3882,0.0018,0.1697,0.7729,0,4,0,0,0,0,0,0,0,0,0,0,4,0,0,0,0,0,0,0,0,0
pbt,bintrie,5,4,storage_sload_k100,3,,1638,0,0,0.0898,2.0521,0.0047,0.2132,2.7973,0,4,0,0,0,0,0,0,0,0,0,0,4,0,0,0,0,0,0,0,0,0
pbt,bintrie,5,4,storage_sload_k100,3,,1639,0,0,0.1053,1.2346,0.0038,0.2712,1.9562,0,4,0,0,0,0,0,0,0,0,0,0,4,0,0,0,0,0,0,0,0,0
pbt,bintrie,5,4,storage_sload_k100,3,,1640,0,0,0.0423,0.7647,0.0026,0.1835,1.2638,0,4,0,0,0,0,0,0,0,0,0,0,4,0,0,0,0,0,0,0,0,0
pbt,bintrie,5,4,storage_sload_k100,3,,1641,0,0,0.6548,3.3701,0.0096,0.8569,5.7162,0,4,0,0,0,0,0,0,0,0,0,0,4,0,0,0,0,0,0,0,0,0
pbt,bintrie,5,4,storage_sload_k100,3,,1642,0,0,0.1032,1.4128,0.0061,0.3643,2.2117,0,4,0,0,0,0,0,0,0,0,0,0,4,0,0,0,0,0,0,0,0,0
pbt,bintrie,5,4,storage_sload_k100,3,,1643,0,0,0.0773,1.353,0.0055,0.285,2.0719,0,4,0,0,0,0,0,0,0,0,0,0,4,0,0,0,0,0,0,0,0,0
pbt,bintrie,5,4,storage_sload_k100,3,,1644,0,0,0.0779,1.3524,0.0076,0.4343,2.3242,0,4,0,0,0,0,0,0,0,0,0,0,4,0,0,0,0,0,0,0,0,0
pbt,bintrie,5,4,storage_sload_k100,3,,1645,0,0,0.0318,0.4967,0.0032,0.1832,0.9146,0,4,0,0,0,0,0,0,0,0,0,0,4,0,0,0,0,0,0,0,0,0
pbt,bintrie,5,4,storage_sload_k100,3,,1646,0,0,0.0645,1.3262,0.0044,0.3482,2.1519,0,4,0,0,0,0,0,0,0,0,0,0,4,0,0,0,0,0,0,0,0,0
pbt,bintrie,5,4,storage_sload_k100,3,,1647,0,0,0.0522,0.7825,0.0055,0.2657,3.2815,0,4,0,0,0,0,0,0,0,0,0,0,4,0,0,0,0,0,0,0,0,0
pbt,bintrie,5,4,storage_sload_k100,3,,1648,0,0,0.0321,0.4719,0.0041,0.4331,3.5731,0,4,0,0,0,0,0,0,0,0,0,0,4,0,0,0,0,0,0,0,0,0
pbt,bintrie,5,4,storage_sload_k100,3,,1649,0,0,0.0566,0.6746,0.0029,0.1916,1.1066,0,4,0,0,0,0,0,0,0,0,0,0,4,0,0,0,0,0,0,0,0,0
pbt,bintrie,5,4,storage_sload_k100,3,,1650,0,0,0.0257,0.3803,0.0035,0.1721,0.8473,0,4,0,0,0,0,0,0,0,0,0,0,4,0,0,0,0,0,0,0,0,0
pbt,bintrie,5,4,storage_sload_k100,3,,1651,86892,2,0.2549,13.351,25.7943,1.789,41.7676,2.0804,11,0,0,0,3,0,0,0,1,158,6,5,54.55,0,0,0,0,0,0,0,0
pbt,bintrie,5,4,storage_sload_k100,3,,1652,0,0,0.0685,1.1976,0.0038,0.3369,2.02,0,4,0,0,0,0,0,0,0,0,0,0,4,0,0,0,0,0,0,0,0,0
pbt,bintrie,5,4,storage_sload_k100,3,,1653,99900921,1,2062.6687,110.1478,9.1514,3.3144,2185.9178,45.702,107,5002,101,2958,2,0,0,0,0,0,5,102,4.67,170,4832,3.4,101,0,100,2958,0
pbt,bintrie,5,4,storage_sload_k100,3,,1654,21000,1,2.1702,1.5149,5.8329,1.6321,36.7835,0.5709,6,0,0,0,2,0,0,0,0,0,2,4,33.33,0,0,0,0,0,0,0,0
pbt,bintrie,5,4,storage_sload_k100,3,,1655,0,0,0.1263,1.8188,0.0149,0.8969,4.0619,0,4,0,0,0,0,0,0,0,0,0,0,4,0,0,0,0,0,0,0,0,0
pbt,bintrie,5,4,storage_sload_k100,3,,1656,0,0,0.0487,0.6256,0.0047,1.0018,2.5404,0,4,0,0,0,0,0,0,0,0,0,0,4,0,0,0,0,0,0,0,0,0
pbt,bintrie,5,4,storage_sload_k100,4,,1657,0,0,0.3923,3.9517,0.0152,1.3696,7.1074,0,4,0,0,0,0,0,0,0,0,0,0,4,0,0,0,0,0,0,0,0,0
pbt,bintrie,5,4,storage_sload_k100,4,,1658,0,0,0.0522,0.8277,0.0041,0.3514,1.6234,0,4,0,0,0,0,0,0,0,0,0,0,4,0,0,0,0,0,0,0,0,0
pbt,bintrie,5,4,storage_sload_k100,4,,1659,0,0,0.1584,1.9903,0.0079,6.9762,18.7216,0,4,0,0,0,0,0,0,0,0,0,0,4,0,0,0,0,0,0,0,0,0
pbt,bintrie,5,4,storage_sload_k100,4,,1660,0,0,0.0968,0.5119,0.0017,0.1114,0.8671,0,4,0,0,0,0,0,0,0,0,0,0,4,0,0,0,0,0,0,0,0,0
pbt,bintrie,5,4,storage_sload_k100,4,,1661,0,0,0.0484,0.5288,0.0023,0.1543,0.8875,0,4,0,0,0,0,0,0,0,0,0,0,4,0,0,0,0,0,0,0,0,0
pbt,bintrie,5,4,storage_sload_k100,4,,1662,0,0,0.0402,0.5807,0.0032,0.1954,1.0578,0,4,0,0,0,0,0,0,0,0,0,0,4,0,0,0,0,0,0,0,0,0
pbt,bintrie,5,4,storage_sload_k100,4,,1663,0,0,0.0464,0.7151,0.0035,0.2549,1.3358,0,4,0,0,0,0,0,0,0,0,0,0,4,0,0,0,0,0,0,0,0,0
pbt,bintrie,5,4,storage_sload_k100,4,,1664,0,0,0.0271,0.4022,0.0012,0.1289,0.765,0,4,0,0,0,0,0,0,0,0,0,0,4,0,0,0,0,0,0,0,0,0
pbt,bintrie,5,4,storage_sload_k100,4,,1665,0,0,0.0542,0.5381,0.0038,0.1502,0.9651,0,4,0,0,0,0,0,0,0,0,0,0,4,0,0,0,0,0,0,0,0,0
pbt,bintrie,5,4,storage_sload_k100,4,,1666,0,0,0.0338,0.3853,0.0026,0.236,0.8761,0,4,0,0,0,0,0,0,0,0,0,0,4,0,0,0,0,0,0,0,0,0
pbt,bintrie,5,4,storage_sload_k100,4,,1667,0,0,0.0411,0.7224,0.0035,0.2047,1.2063,0,4,0,0,0,0,0,0,0,0,0,0,4,0,0,0,0,0,0,0,0,0
pbt,bintrie,5,4,storage_sload_k100,4,,1668,0,0,0.0688,1.2891,0.0035,0.278,1.9124,0,4,0,0,0,0,0,0,0,0,0,0,4,0,0,0,0,0,0,0,0,0
pbt,bintrie,5,4,storage_sload_k100,4,,1669,0,0,0.0271,0.4232,0.0017,0.1321,0.7959,0,4,0,0,0,0,0,0,0,0,0,0,4,0,0,0,0,0,0,0,0,0
pbt,bintrie,5,4,storage_sload_k100,4,,1670,0,0,0.0557,1.0482,0.0041,0.2712,1.822,0,4,0,0,0,0,0,0,0,0,0,0,4,0,0,0,0,0,0,0,0,0
pbt,bintrie,5,4,storage_sload_k100,4,,1671,0,0,0.0962,1.8593,0.0073,0.4996,3.2325,0,4,0,0,0,0,0,0,0,0,0,0,4,0,0,0,0,0,0,0,0,0
pbt,bintrie,5,4,storage_sload_k100,4,,1672,0,0,0.0216,0.3969,0.0015,0.1942,0.7676,0,4,0,0,0,0,0,0,0,0,0,0,4,0,0,0,0,0,0,0,0,0
pbt,bintrie,5,4,storage_sload_k100,4,,1673,0,0,0.054,0.7224,0.0038,0.9281,2.9417,0,4,0,0,0,0,0,0,0,0,0,0,4,0,0,0,0,0,0,0,0,0
pbt,bintrie,5,4,storage_sload_k100,4,,1674,0,0,0.0356,0.5868,0.0035,0.1225,0.9132,0,4,0,0,0,0,0,0,0,0,0,0,4,0,0,0,0,0,0,0,0,0
pbt,bintrie,5,4,storage_sload_k100,4,,1675,0,0,0.0537,0.7636,0.0044,0.3701,3.9814,0,4,0,0,0,0,0,0,0,0,0,0,4,0,0,0,0,0,0,0,0,0
pbt,bintrie,5,4,storage_sload_k100,4,,1676,86892,2,27.7038,1.9042,14.758,1.9845,46.6885,1.8611,11,0,0,0,3,0,0,0,1,158,4,7,36.36,0,0,0,0,0,0,0,0
pbt,bintrie,5,4,storage_sload_k100,4,,1677,99900921,1,2144.2178,48.9241,4.423,7.8818,2231.3595,44.7713,107,5002,101,2958,2,0,0,0,0,0,43,64,40.19,2122,2880,42.42,101,0,100,2958,0
pbt,bintrie,5,4,storage_sload_k100,4,,1678,21000,1,0.086,0.8476,25.6733,1.8395,34.1895,0.6142,6,0,0,0,2,0,0,0,0,0,2,4,33.33,0,0,0,0,0,0,0,0
pbt,bintrie,5,4,storage_sload_k100,4,,1679,0,0,0.068,0.9613,0.007,0.2648,1.6275,0,4,0,0,0,0,0,0,0,0,0,0,4,0,0,0,0,0,0,0,0,0
pbt,bintrie,5,4,storage_sload_k100,4,,1680,0,0,0.093,1.3253,0.0085,0.5585,2.9084,0,4,0,0,0,0,0,0,0,0,0,0,4,0,0,0,0,0,0,0,0,0
pbt,bintrie,5,4,storage_sload_k100,5,,1681,0,0,0.3692,3.1097,0.0111,1.5,7.5948,0,4,0,0,0,0,0,0,0,0,0,0,4,0,0,0,0,0,0,0,0,0
pbt,bintrie,5,4,storage_sload_k100,5,,1682,0,0,0.0916,1.4361,0.0102,0.4611,2.4298,0,4,0,0,0,0,0,0,0,0,0,0,4,0,0,0,0,0,0,0,0,0
pbt,bintrie,5,4,storage_sload_k100,5,,1683,0,0,0.0286,0.4535,0.0012,0.1607,0.7639,0,4,0,0,0,0,0,0,0,0,0,0,4,0,0,0,0,0,0,0,0,0
pbt,bintrie,5,4,storage_sload_k100,5,,1684,0,0,0.0659,0.8044,0.0055,2.2895,7.6187,0,4,0,0,0,0,0,0,0,0,0,0,4,0,0,0,0,0,0,0,0,0
pbt,bintrie,5,4,storage_sload_k100,5,,1685,0,0,0.6819,2.0057,0.0038,1.5067,6.8076,0,4,0,0,0,0,0,0,0,0,0,0,4,0,0,0,0,0,0,0,0,0
pbt,bintrie,5,4,storage_sload_k100,5,,1686,0,0,0.0248,0.3952,0.0017,0.1627,0.7315,0,4,0,0,0,0,0,0,0,0,0,0,4,0,0,0,0,0,0,0,0,0
pbt,bintrie,5,4,storage_sload_k100,5,,1687,0,0,0.075,1.2101,0.0055,0.3226,2.1148,0,4,0,0,0,0,0,0,0,0,0,0,4,0,0,0,0,0,0,0,0,0
pbt,bintrie,5,4,storage_sload_k100,5,,1688,0,0,0.0878,1.2445,0.0055,0.3608,2.0819,0,4,0,0,0,0,0,0,0,0,0,0,4,0,0,0,0,0,0,0,0,0
pbt,bintrie,5,4,storage_sload_k100,5,,1689,0,0,0.0822,1.3618,0.0067,0.2908,2.165,0,4,0,0,0,0,0,0,0,0,0,0,4,0,0,0,0,0,0,0,0,0
pbt,bintrie,5,4,storage_sload_k100,5,,1690,0,0,0.0604,1.1914,0.0032,0.2564,1.8739,0,4,0,0,0,0,0,0,0,0,0,0,4,0,0,0,0,0,0,0,0,0
pbt,bintrie,5,4,storage_sload_k100,5,,1691,0,0,0.0341,0.4002,0.002,0.2021,0.9117,0,4,0,0,0,0,0,0,0,0,0,0,4,0,0,0,0,0,0,0,0,0
pbt,bintrie,5,4,storage_sload_k100,5,,1692,0,0,0.0376,0.5451,0.0023,0.1896,1.0301,0,4,0,0,0,0,0,0,0,0,0,0,4,0,0,0,0,0,0,0,0,0
pbt,bintrie,5,4,storage_sload_k100,5,,1693,0,0,0.0697,0.5116,0.0047,0.1695,1.0153,0,4,0,0,0,0,0,0,0,0,0,0,4,0,0,0,0,0,0,0,0,0
pbt,bintrie,5,4,storage_sload_k100,5,,1694,0,0,0.0426,0.4996,0.0029,0.1487,0.8948,0,4,0,0,0,0,0,0,0,0,0,0,4,0,0,0,0,0,0,0,0,0
pbt,bintrie,5,4,storage_sload_k100,5,,1695,0,0,0.0831,1.3682,0.0047,0.2791,2.1985,0,4,0,0,0,0,0,0,0,0,0,0,4,0,0,0,0,0,0,0,0,0
pbt,bintrie,5,4,storage_sload_k100,5,,1696,0,0,0.0968,1.9069,0.0061,0.3614,2.7842,0,4,0,0,0,0,0,0,0,0,0,0,4,0,0,0,0,0,0,0,0,0
pbt,bintrie,5,4,storage_sload_k100,5,,1697,0,0,0.0353,0.6104,0.002,0.1601,0.968,0,4,0,0,0,0,0,0,0,0,0,0,4,0,0,0,0,0,0,0,0,0
pbt,bintrie,5,4,storage_sload_k100,5,,1698,0,0,0.0464,0.8365,0.0032,0.2071,1.3845,0,4,0,0,0,0,0,0,0,0,0,0,4,0,0,0,0,0,0,0,0,0
pbt,bintrie,5,4,storage_sload_k100,5,,1699,0,0,0.0286,0.5696,0.0029,0.1805,0.9144,0,4,0,0,0,0,0,0,0,0,0,0,4,0,0,0,0,0,0,0,0,0
pbt,bintrie,5,4,storage_sload_k100,5,,1700,0,0,0.0572,0.5052,0.0032,0.173,0.9301,0,4,0,0,0,0,0,0,0,0,0,0,4,0,0,0,0,0,0,0,0,0
pbt,bintrie,5,4,storage_sload_k100,5,,1701,86892,2,0.0954,1.309,9.362,4.5817,27.423,3.1686,11,0,0,0,3,0,0,0,1,158,6,5,54.55,0,0,0,0,0,0,0,0
pbt,bintrie,5,4,storage_sload_k100,5,,1702,99900921,1,2208.5613,42.8704,26.9998,8.902,2303.5446,43.3683,107,5002,101,2958,2,0,0,0,0,0,67,40,62.62,3368,1634,67.33,101,0,100,2958,0
pbt,bintrie,5,4,storage_sload_k100,5,,1703,21000,1,0.0977,23.949,5.0632,0.77,30.1354,0.6969,6,0,0,0,2,0,0,0,0,0,2,4,33.33,0,0,0,0,0,0,0,0
pbt,bintrie,5,4,storage_sload_k100,5,,1704,0,0,0.0324,0.4363,0.0023,0.3742,1.5064,0,4,0,0,0,0,0,0,0,0,0,0,4,0,0,0,0,0,0,0,0,0
pbt,bintrie,5,4,storage_sload_k100,6,,1706,0,0,0.1289,1.4542,0.0085,0.4629,2.5278,0,4,0,0,0,0,0,0,0,0,0,0,4,0,0,0,0,0,0,0,0,0
pbt,bintrie,5,4,storage_sload_k100,6,,1707,0,0,0.0292,0.4821,0.0041,0.1021,0.7857,0,4,0,0,0,0,0,0,0,0,0,0,4,0,0,0,0,0,0,0,0,0
pbt,bintrie,5,4,storage_sload_k100,6,,1708,0,0,0.135,1.9133,0.0076,0.5011,6.695,0,4,0,0,0,0,0,0,0,0,0,0,4,0,0,0,0,0,0,0,0,0
pbt,bintrie,5,4,storage_sload_k100,6,,1709,0,0,0.0295,0.5183,0.0029,0.1837,0.9132,0,4,0,0,0,0,0,0,0,0,0,0,4,0,0,0,0,0,0,0,0,0
pbt,bintrie,5,4,storage_sload_k100,6,,1710,0,0,0.0356,0.5489,0.0023,0.2342,1.0634,0,4,0,0,0,0,0,0,0,0,0,0,4,0,0,0,0,0,0,0,0,0
pbt,bintrie,5,4,storage_sload_k100,6,,1711,0,0,0.1161,1.4178,0.0093,1.2305,6.6653,0,4,0,0,0,0,0,0,0,0,0,0,4,0,0,0,0,0,0,0,0,0
pbt,bintrie,5,4,storage_sload_k100,6,,1712,0,0,0.0793,1.4023,0.0067,0.3672,2.2242,0,4,0,0,0,0,0,0,0,0,0,0,4,0,0,0,0,0,0,0,0,0
pbt,bintrie,5,4,storage_sload_k100,6,,1713,0,0,0.0825,1.3912,0.0067,0.3926,2.284,0,4,0,0,0,0,0,0,0,0,0,0,4,0,0,0,0,0,0,0,0,0
pbt,bintrie,5,4,storage_sload_k100,6,,1714,0,0,0.1957,2.8008,0.0061,0.273,3.9849,0,4,0,0,0,0,0,0,0,0,0,0,4,0,0,0,0,0,0,0,0,0
pbt,bintrie,5,4,storage_sload_k100,6,,1715,0,0,0.0373,0.4894,0.0041,0.1546,0.9604,0,4,0,0,0,0,0,0,0,0,0,0,4,0,0,0,0,0,0,0,0,0
pbt,bintrie,5,4,storage_sload_k100,6,,1716,0,0,0.0365,0.4996,0.0035,0.1808,1.0252,0,4,0,0,0,0,0,0,0,0,0,0,4,0,0,0,0,0,0,0,0,0
pbt,bintrie,5,4,storage_sload_k100,6,,1717,0,0,0.1167,1.2028,0.0111,0.7332,4.5181,0,4,0,0,0,0,0,0,0,0,0,0,4,0,0,0,0,0,0,0,0,0
pbt,bintrie,5,4,storage_sload_k100,6,,1718,0,0,0.0787,1.6986,0.0041,0.3952,2.7218,0,4,0,0,0,0,0,0,0,0,0,0,4,0,0,0,0,0,0,0,0,0
pbt,bintrie,5,4,storage_sload_k100,6,,1719,0,0,0.0513,0.8697,0.0038,0.2138,1.4717,0,4,0,0,0,0,0,0,0,0,0,0,4,0,0,0,0,0,0,0,0,0
pbt,bintrie,5,4,storage_sload_k100,6,,1720,0,0,0.1315,1.7876,0.0093,0.6396,3.1216,0,4,0,0,0,0,0,0,0,0,0,0,4,0,0,0,0,0,0,0,0,0
pbt,bintrie,5,4,storage_sload_k100,6,,1721,0,0,0.0414,0.5087,0.0026,0.1242,0.8312,0,4,0,0,0,0,0,0,0,0,0,0,4,0,0,0,0,0,0,0,0,0
pbt,bintrie,5,4,storage_sload_k100,6,,1722,0,0,0.0248,0.4282,0.002,0.2564,1.045,0,4,0,0,0,0,0,0,0,0,0,0,4,0,0,0,0,0,0,0,0,0
pbt,bintrie,5,4,storage_sload_k100,6,,1723,0,0,0.0297,0.4559,0.0015,0.1797,0.8175,0,4,0,0,0,0,0,0,0,0,0,0,4,0,0,0,0,0,0,0,0,0
pbt,bintrie,5,4,storage_sload_k100,6,,1724,0,0,0.035,0.5369,0.0044,0.1426,0.8852,0,4,0,0,0,0,0,0,0,0,0,0,4,0,0,0,0,0,0,0,0,0
pbt,bintrie,5,4,storage_sload_k100,6,,1725,86892,2,0.7041,21.3868,4.5006,15.6808,42.6024,2.0396,11,0,0,0,3,0,0,0,1,158,4,7,36.36,0,0,0,0,0,0,0,0
pbt,bintrie,5,4,storage_sload_k100,6,,1726,99900921,1,2049.1941,87.9848,46.7536,1.9241,2186.4521,45.6909,107,5002,101,2958,2,0,0,0,0,0,12,95,11.21,629,4373,12.57,101,0,100,2958,0
pbt,bintrie,5,4,storage_sload_k100,6,,1727,21000,1,0.2304,25.4925,7.3889,0.7388,46.8761,0.448,6,0,0,0,2,0,0,0,0,0,2,4,33.33,0,0,0,0,0,0,0,0
pbt,bintrie,5,4,storage_sload_k100,6,,1728,0,0,0.0647,0.9788,0.0053,0.5314,2.5109,0,4,0,0,0,0,0,0,0,0,0,0,4,0,0,0,0,0,0,0,0,0
pbt,bintrie,5,4,storage_sload_k100,6,,1729,0,0,0.0432,0.8324,0.0029,0.5113,2.2335,0,4,0,0,0,0,0,0,0,0,0,0,4,0,0,0,0,0,0,0,0,0
pbt,bintrie,5,4,storage_sload_k100,7,,1730,0,0,0.1485,1.5452,0.0076,0.5244,2.7821,0,4,0,0,0,0,0,0,0,0,0,0,4,0,0,0,0,0,0,0,0,0
pbt,bintrie,5,4,storage_sload_k100,7,,1731,0,0,0.0811,1.306,0.0114,0.4002,2.503,0,4,0,0,0,0,0,0,0,0,0,0,4,0,0,0,0,0,0,0,0,0
pbt,bintrie,5,4,storage_sload_k100,7,,1732,0,0,0.1324,2.2265,0.0327,0.4602,9.0359,0,4,0,0,0,0,0,0,0,0,0,0,4,0,0,0,0,0,0,0,0,0
pbt,bintrie,5,4,storage_sload_k100,7,,1733,0,0,0.0324,0.5019,0.0026,0.1097,0.8441,0,4,0,0,0,0,0,0,0,0,0,0,4,0,0,0,0,0,0,0,0,0
pbt,bintrie,5,4,storage_sload_k100,7,,1734,0,0,0.0327,0.5719,0.002,0.1686,1.0112,0,4,0,0,0,0,0,0,0,0,0,0,4,0,0,0,0,0,0,0,0,0
pbt,bintrie,5,4,storage_sload_k100,7,,1735,0,0,0.0615,0.8397,0.0029,0.5317,3.621,0,4,0,0,0,0,0,0,0,0,0,0,4,0,0,0,0,0,0,0,0,0
pbt,bintrie,5,4,storage_sload_k100,7,,1736,0,0,0.0338,0.3876,0.0026,0.1444,0.7676,0,4,0,0,0,0,0,0,0,0,0,0,4,0,0,0,0,0,0,0,0,0
pbt,bintrie,5,4,storage_sload_k100,7,,1737,0,0,0.0262,0.3832,0.0015,0.1444,0.7405,0,4,0,0,0,0,0,0,0,0,0,0,4,0,0,0,0,0,0,0,0,0
pbt,bintrie,5,4,storage_sload_k100,7,,1738,0,0,0.0852,1.4008,0.0061,0.3302,2.1895,0,4,0,0,0,0,0,0,0,0,0,0,4,0,0,0,0,0,0,0,0,0
pbt,bintrie,5,4,storage_sload_k100,7,,1739,0,0,0.1266,1.3268,0.0067,0.406,2.3989,0,4,0,0,0,0,0,0,0,0,0,0,4,0,0,0,0,0,0,0,0,0
pbt,bintrie,5,4,storage_sload_k100,7,,1740,0,0,0.0405,0.5381,0.0032,0.1902,1.0508,0,4,0,0,0,0,0,0,0,0,0,0,4,0,0,0,0,0,0,0,0,0
pbt,bintrie,5,4,storage_sload_k100,7,,1741,0,0,0.0939,1.96,0.0064,0.3771,2.9869,0,4,0,0,0,0,0,0,0,0,0,0,4,0,0,0,0,0,0,0,0,0
pbt,bintrie,5,4,storage_sload_k100,7,,1742,0,0,0.0919,1.4189,0.0093,0.4098,2.4246,0,4,0,0,0,0,0,0,0,0,0,0,4,0,0,0,0,0,0,0,0,0
pbt,bintrie,5,4,storage_sload_k100,7,,1743,0,0,0.0825,1.4148,0.0061,0.427,2.3251,0,4,0,0,0,0,0,0,0,0,0,0,4,0,0,0,0,0,0,0,0,0
pbt,bintrie,5,4,storage_sload_k100,7,,1744,0,0,0.0913,1.3705,0.0073,0.2934,2.1688,0,4,0,0,0,0,0,0,0,0,0,0,4,0,0,0,0,0,0,0,0,0
pbt,bintrie,5,4,storage_sload_k100,7,,1745,0,0,0.0793,0.8493,0.0044,0.2155,1.5408,0,4,0,0,0,0,0,0,0,0,0,0,4,0,0,0,0,0,0,0,0,0
pbt,bintrie,5,4,storage_sload_k100,7,,1746,0,0,0.026,0.4392,0.0015,0.1438,0.8423,0,4,0,0,0,0,0,0,0,0,0,0,4,0,0,0,0,0,0,0,0,0
pbt,bintrie,5,4,storage_sload_k100,7,,1747,0,0,0.0277,0.455,0.002,0.107,0.8706,0,4,0,0,0,0,0,0,0,0,0,0,4,0,0,0,0,0,0,0,0,0
pbt,bintrie,5,4,storage_sload_k100,7,,1748,0,0,0.0548,0.8026,0.0038,0.3363,2.0157,0,4,0,0,0,0,0,0,0,0,0,0,4,0,0,0,0,0,0,0,0,0
pbt,bintrie,5,4,storage_sload_k100,7,,1749,0,0,0.0347,0.5655,0.0026,0.1925,0.9698,0,4,0,0,0,0,0,0,0,0,0,0,4,0,0,0,0,0,0,0,0,0
pbt,bintrie,5,4,storage_sload_k100,7,,1750,86892,2,0.2511,36.4813,29.8802,2.0997,69.146,1.2566,11,0,0,0,3,0,0,0,1,158,5,6,45.45,0,0,0,0,0,0,0,0
pbt,bintrie,5,4,storage_sload_k100,7,,1751,99900921,1,2134.4729,113.2472,13.7742,2.1125,2293.4841,43.5586,107,5002,101,2958,2,0,0,0,0,0,7,100,6.54,373,4629,7.46,101,0,100,2958,0
pbt,bintrie,5,4,storage_sload_k100,7,,1752,21000,1,0.0706,1.6511,11.3776,6.0411,19.3673,1.0843,6,0,0,0,2,0,0,0,0,0,2,4,33.33,0,0,0,0,0,0,0,0
pbt,bintrie,5,4,storage_sload_k100,7,,1753,0,0,0.0583,0.6807,0.0053,0.3491,1.5452,0,4,0,0,0,0,0,0,0,0,0,0,4,0,0,0,0,0,0,0,0,0
pbt,bintrie,5,4,storage_sload_k100,7,,1754,0,0,0.0493,0.5582,0.0032,0.2931,1.2448,0,4,0,0,0,0,0,0,0,0,0,0,4,0,0,0,0,0,0,0,0,0
pbt,bintrie,5,4,storage_sload_k100,8,,1755,0,0,0.1149,1.3845,0.007,0.3229,2.2426,0,4,0,0,0,0,0,0,0,0,0,0,4,0,0,0,0,0,0,0,0,0
pbt,bintrie,5,4,storage_sload_k100,8,,1756,0,0,0.1417,0.562,0.0055,0.2053,1.4049,0,4,0,0,0,0,0,0,0,0,0,0,4,0,0,0,0,0,0,0,0,0
pbt,bintrie,5,4,storage_sload_k100,8,,1757,0,0,0.0268,0.4634,0.002,0.2441,0.9607,0,4,0,0,0,0,0,0,0,0,0,0,4,0,0,0,0,0,0,0,0,0
pbt,bintrie,5,4,storage_sload_k100,8,,1758,0,0,0.0359,0.5238,0.002,0.1738,0.9934,0,4,0,0,0,0,0,0,0,0,0,0,4,0,0,0,0,0,0,0,0,0
pbt,bintrie,5,4,storage_sload_k100,8,,1759,0,0,0.023,0.4212,0.002,0.1216,0.7426,0,4,0,0,0,0,0,0,0,0,0,0,4,0,0,0,0,0,0,0,0,0
pbt,bintrie,5,4,storage_sload_k100,8,,1760,0,0,0.0665,1.2982,0.0053,0.2654,1.9672,0,4,0,0,0,0,0,0,0,0,0,0,4,0,0,0,0,0,0,0,0,0
pbt,bintrie,5,4,storage_sload_k100,8,,1761,0,0,0.0831,1.8305,0.0044,0.3818,2.8533,0,4,0,0,0,0,0,0,0,0,0,0,4,0,0,0,0,0,0,0,0,0
pbt,bintrie,5,4,storage_sload_k100,8,,1762,0,0,0.0642,1.297,0.0061,0.2852,1.9865,0,4,0,0,0,0,0,0,0,0,0,0,4,0,0,0,0,0,0,0,0,0
pbt,bintrie,5,4,storage_sload_k100,8,,1763,0,0,0.2914,2.9953,0.0152,0.9561,5.3105,0,4,0,0,0,0,0,0,0,0,0,0,4,0,0,0,0,0,0,0,0,0
pbt,bintrie,5,4,storage_sload_k100,8,,1764,0,0,0.084,1.3746,0.0061,0.3853,2.3365,0,4,0,0,0,0,0,0,0,0,0,0,4,0,0,0,0,0,0,0,0,0
pbt,bintrie,5,4,storage_sload_k100,8,,1765,0,0,0.0866,1.9302,0.0067,0.3549,2.7918,0,4,0,0,0,0,0,0,0,0,0,0,4,0,0,0,0,0,0,0,0,0
pbt,bintrie,5,4,storage_sload_k100,8,,1766,0,0,0.1417,4.2075,0.0114,1.7094,8.0008,0,4,0,0,0,0,0,0,0,0,0,0,4,0,0,0,0,0,0,0,0,0
pbt,bintrie,5,4,storage_sload_k100,8,,1767,0,0,0.0852,1.4183,0.0085,0.3579,2.3111,0,4,0,0,0,0,0,0,0,0,0,0,4,0,0,0,0,0,0,0,0,0
pbt,bintrie,5,4,storage_sload_k100,8,,1768,0,0,0.0715,1.381,0.0061,0.3547,2.2207,0,4,0,0,0,0,0,0,0,0,0,0,4,0,0,0,0,0,0,0,0,0
pbt,bintrie,5,4,storage_sload_k100,8,,1769,0,0,0.2047,2.3581,0.009,0.4206,3.6107,0,4,0,0,0,0,0,0,0,0,0,0,4,0,0,0,0,0,0,0,0,0
pbt,bintrie,5,4,storage_sload_k100,8,,1770,0,0,0.0306,0.5565,0.0026,0.1555,0.9922,0,4,0,0,0,0,0,0,0,0,0,0,4,0,0,0,0,0,0,0,0,0
pbt,bintrie,5,4,storage_sload_k100,8,,1771,0,0,0.0916,0.8659,0.0035,0.1732,1.3868,0,4,0,0,0,0,0,0,0,0,0,0,4,0,0,0,0,0,0,0,0,0
pbt,bintrie,5,4,storage_sload_k100,8,,1772,0,0,0.0989,0.7207,0.0044,0.1365,2.2898,0,4,0,0,0,0,0,0,0,0,0,0,4,0,0,0,0,0,0,0,0,0
pbt,bintrie,5,4,storage_sload_k100,8,,1773,0,0,0.1584,1.8366,0.0047,0.3223,2.7801,0,4,0,0,0,0,0,0,0,0,0,0,4,0,0,0,0,0,0,0,0,0
pbt,bintrie,5,4,storage_sload_k100,8,,1774,86892,2,0.4165,30.7767,46.5754,2.2213,80.57,1.0785,11,0,0,0,3,0,0,0,1,158,7,4,63.64,0,0,0,0,0,0,0,0
pbt,bintrie,5,4,storage_sload_k100,8,,1775,99900921,1,2103.8877,87.0071,12.9485,15.2094,2219.676,45.007,107,5002,101,2958,2,0,0,0,0,0,14,93,13.08,835,4167,16.69,101,0,100,2958,0
pbt,bintrie,5,4,storage_sload_k100,8,,1776,21000,1,1.1646,5.998,25.3606,1.9229,62.8085,0.3343,6,0,0,0,2,0,0,0,0,0,0,6,0,0,0,0,0,0,0,0,0
pbt,bintrie,5,4,storage_sload_k100,8,,1777,0,0,0.0776,1.8905,0.0064,0.4101,2.7159,0,4,0,0,0,0,0,0,0,0,0,0,4,0,0,0,0,0,0,0,0,0
pbt,bintrie,5,4,storage_sload_k100,8,,1778,0,0,0.0367,0.5267,0.0053,0.3617,1.5193,0,4,0,0,0,0,0,0,0,0,0,0,4,0,0,0,0,0,0,0,0,0
pbt,bintrie,5,4,storage_sload_k100,9,,1780,0,0,0.1487,1.5525,0.007,0.4766,2.6617,0,4,0,0,0,0,0,0,0,0,0,0,4,0,0,0,0,0,0,0,0,0
pbt,bintrie,5,4,storage_sload_k100,9,,1781,0,0,0.0306,0.5434,0.0026,0.1315,0.9354,0,4,0,0,0,0,0,0,0,0,0,0,4,0,0,0,0,0,0,0,0,0
pbt,bintrie,5,4,storage_sload_k100,9,,1782,0,0,0.0321,0.5387,0.005,0.1613,0.9053,0,4,0,0,0,0,0,0,0,0,0,0,4,0,0,0,0,0,0,0,0,0
pbt,bintrie,5,4,storage_sload_k100,9,,1783,0,0,0.0318,0.5997,0.0018,0.1951,1.113,0,4,0,0,0,0,0,0,0,0,0,0,4,0,0,0,0,0,0,0,0,0
pbt,bintrie,5,4,storage_sload_k100,9,,1784,0,0,0.1307,1.9139,0.0085,0.4722,14.3473,0,4,0,0,0,0,0,0,0,0,0,0,4,0,0,0,0,0,0,0,0,0
pbt,bintrie,5,4,storage_sload_k100,9,,1785,0,0,0.2193,2.6276,0.0143,0.534,4.3583,0,4,0,0,0,0,0,0,0,0,0,0,4,0,0,0,0,0,0,0,0,0
pbt,bintrie,5,4,storage_sload_k100,9,,1786,0,0,0.0837,1.3259,0.0044,0.2815,2.0827,0,4,0,0,0,0,0,0,0,0,0,0,4,0,0,0,0,0,0,0,0,0
pbt,bintrie,5,4,storage_sload_k100,9,,1787,0,0,0.0793,1.3816,0.0061,0.2774,2.0754,0,4,0,0,0,0,0,0,0,0,0,0,4,0,0,0,0,0,0,0,0,0
pbt,bintrie,5,4,storage_sload_k100,9,,1788,0,0,0.0814,1.941,0.0052,0.4179,3.0009,0,4,0,0,0,0,0,0,0,0,0,0,4,0,0,0,0,0,0,0,0,0
pbt,bintrie,5,4,storage_sload_k100,9,,1789,0,0,0.0942,1.5023,0.0079,0.4002,2.3782,0,4,0,0,0,0,0,0,0,0,0,0,4,0,0,0,0,0,0,0,0,0
pbt,bintrie,5,4,storage_sload_k100,9,,1790,0,0,0.0822,1.2877,0.0079,0.5457,2.6386,0,4,0,0,0,0,0,0,0,0,0,0,4,0,0,0,0,0,0,0,0,0
pbt,bintrie,5,4,storage_sload_k100,9,,1791,0,0,0.033,0.4013,0.002,0.1412,0.8627,0,4,0,0,0,0,0,0,0,0,0,0,4,0,0,0,0,0,0,0,0,0
pbt,bintrie,5,4,storage_sload_k100,9,,1792,0,0,0.11,1.677,0.0041,0.3911,2.5783,0,4,0,0,0,0,0,0,0,0,0,0,4,0,0,0,0,0,0,0,0,0
pbt,bintrie,5,4,storage_sload_k100,9,,1793,0,0,0.0793,1.3268,0.0038,0.3033,2.0396,0,4,0,0,0,0,0,0,0,0,0,0,4,0,0,0,0,0,0,0,0,0
pbt,bintrie,5,4,storage_sload_k100,9,,1794,0,0,0.037,0.553,0.0047,0.194,1.0261,0,4,0,0,0,0,0,0,0,0,0,0,4,0,0,0,0,0,0,0,0,0
pbt,bintrie,5,4,storage_sload_k100,9,,1795,0,0,0.0324,0.595,0.002,0.1143,0.9176,0,4,0,0,0,0,0,0,0,0,0,0,4,0,0,0,0,0,0,0,0,0
pbt,bintrie,5,4,storage_sload_k100,9,,1796,0,0,0.035,0.6306,0.0015,0.1356,0.9791,0,4,0,0,0,0,0,0,0,0,0,0,4,0,0,0,0,0,0,0,0,0
pbt,bintrie,5,4,storage_sload_k100,9,,1797,0,0,0.0297,0.5157,0.0026,0.1452,0.9184,0,4,0,0,0,0,0,0,0,0,0,0,4,0,0,0,0,0,0,0,0,0
pbt,bintrie,5,4,storage_sload_k100,9,,1798,0,0,0.0295,0.6326,0.0029,0.128,0.9628,0,4,0,0,0,0,0,0,0,0,0,0,4,0,0,0,0,0,0,0,0,0
pbt,bintrie,5,4,storage_sload_k100,9,,1799,86892,2,0.1852,1.3542,54.5686,6.7983,63.3335,1.372,11,0,0,0,3,0,0,0,1,158,6,5,54.55,0,0,0,0,0,0,0,0
pbt,bintrie,5,4,storage_sload_k100,9,,1800,99900921,1,2050.5744,135.5633,31.2326,10.5686,2228.242,44.834,107,5002,101,2958,2,0,0,0,0,0,11,96,10.28,624,4378,12.48,101,0,100,2958,0
pbt,bintrie,5,4,storage_sload_k100,9,,1801,21000,1,1.0196,3.889,46.3006,3.0335,56.0616,0.3746,6,0,0,0,2,0,0,0,0,0,0,6,0,0,0,0,0,0,0,0,0
pbt,bintrie,5,4,storage_sload_k100,9,,1802,0,0,0.0385,0.5544,0.0035,0.3783,1.6969,0,4,0,0,0,0,0,0,0,0,0,0,4,0,0,0,0,0,0,0,0,0
pbt,bintrie,5,4,storage_sload_k100,9,,1803,0,0,0.0849,1.7794,0.0029,0.3631,3.4874,0,4,0,0,0,0,0,0,0,0,0,0,4,0,0,0,0,0,0,0,0,0
pbt,bintrie,5,4,storage_sload_k1000,10,,2050,0,0,0.0805,0.665,0.0053,0.4818,1.9322,0,4,0,0,0,0,0,0,0,0,0,0,4,0,0,0,0,0,0,0,0,0
pbt,bintrie,5,4,storage_sload_k1000,10,,2051,0,0,0.061,0.7431,0.0053,0.4002,1.9372,0,4,0,0,0,0,0,0,0,0,0,0,4,0,0,0,0,0,0,0,0,0
pbt,bintrie,5,4,storage_sload_k1000,10,,2052,0,0,0.0324,0.4751,0.0029,0.1304,0.9307,0,4,0,0,0,0,0,0,0,0,0,0,4,0,0,0,0,0,0,0,0,0
pbt,bintrie,5,4,storage_sload_k1000,10,,2053,0,0,0.0452,0.6664,0.0026,0.4168,1.3308,0,4,0,0,0,0,0,0,0,0,0,0,4,0,0,0,0,0,0,0,0,0
pbt,bintrie,5,4,storage_sload_k1000,10,,2054,0,0,0.0312,0.5816,0.002,0.1461,0.9036,0,4,0,0,0,0,0,0,0,0,0,0,4,0,0,0,0,0,0,0,0,0
pbt,bintrie,5,4,storage_sload_k1000,10,,2055,0,0,0.0271,0.5314,0.0035,0.119,0.8371,0,4,0,0,0,0,0,0,0,0,0,0,4,0,0,0,0,0,0,0,0,0
pbt,bintrie,5,4,storage_sload_k1000,10,,2056,0,0,0.0825,1.3084,0.0032,0.2934,1.9818,0,4,0,0,0,0,0,0,0,0,0,0,4,0,0,0,0,0,0,0,0,0
pbt,bintrie,5,4,storage_sload_k1000,10,,2057,0,0,0.089,1.2369,0.0055,0.3427,2.2324,0,4,0,0,0,0,0,0,0,0,0,0,4,0,0,0,0,0,0,0,0,0
pbt,bintrie,5,4,storage_sload_k1000,10,,2058,0,0,0.0356,0.4891,0.0026,0.1552,0.9085,0,4,0,0,0,0,0,0,0,0,0,0,4,0,0,0,0,0,0,0,0,0
pbt,bintrie,5,4,storage_sload_k1000,10,,2059,0,0,0.0408,0.5087,0.0032,0.205,1.0529,0,4,0,0,0,0,0,0,0,0,0,0,4,0,0,0,0,0,0,0,0,0
pbt,bintrie,5,4,storage_sload_k1000,10,,2060,0,0,0.135,1.7978,0.0073,1.2544,3.7265,0,4,0,0,0,0,0,0,0,0,0,0,4,0,0,0,0,0,0,0,0,0
pbt,bintrie,5,4,storage_sload_k1000,10,,2061,0,0,0.0373,0.5011,0.0023,0.1563,0.8852,0,4,0,0,0,0,0,0,0,0,0,0,4,0,0,0,0,0,0,0,0,0
pbt,bintrie,5,4,storage_sload_k1000,10,,2062,0,0,0.0353,0.5008,0.0029,0.2004,0.9572,0,4,0,0,0,0,0,0,0,0,0,0,4,0,0,0,0,0,0,0,0,0
pbt,bintrie,5,4,storage_sload_k1000,10,,2063,0,0,0.0732,1.2912,0.0052,0.3293,2.0579,0,4,0,0,0,0,0,0,0,0,0,0,4,0,0,0,0,0,0,0,0,0
pbt,bintrie,5,4,storage_sload_k1000,10,,2064,0,0,0.0814,1.8007,0.0055,0.3462,2.6978,0,4,0,0,0,0,0,0,0,0,0,0,4,0,0,0,0,0,0,0,0,0
pbt,bintrie,5,4,storage_sload_k1000,10,,2065,0,0,0.1447,1.7024,0.0125,0.5638,3.0067,0,4,0,0,0,0,0,0,0,0,0,0,4,0,0,0,0,0,0,0,0,0
pbt,bintrie,5,4,storage_sload_k1000,10,,2066,0,0,0.0321,0.5212,0.002,0.1832,0.8869,0,4,0,0,0,0,0,0,0,0,0,0,4,0,0,0,0,0,0,0,0,0
pbt,bintrie,5,4,storage_sload_k1000,10,,2067,0,0,0.0251,0.4728,0.0018,0.1525,0.8006,0,4,0,0,0,0,0,0,0,0,0,0,4,0,0,0,0,0,0,0,0,0
pbt,bintrie,5,4,storage_sload_k1000,10,,2068,0,0,0.0379,0.6107,0.0032,0.1417,0.9925,0,4,0,0,0,0,0,0,0,0,0,0,4,0,0,0,0,0,0,0,0,0
pbt,bintrie,5,4,storage_sload_k1000,10,,2069,0,0,0.1248,1.5207,0.0088,0.4538,2.958,0,4,0,0,0,0,0,0,0,0,0,0,4,0,0,0,0,0,0,0,0,0
pbt,bintrie,5,4,storage_sload_k1000,10,,2070,86880,2,0.2817,32.8347,10.6365,3.2739,47.3039,1.8366,11,0,0,0,3,0,0,0,1,158,5,6,45.45,0,0,0,0,0,0,0,0
pbt,bintrie,5,4,storage_sload_k1000,10,,2071,99900557,1,2225.4713,100.5236,12.294,1.9331,2341.023,42.6739,1007,5002,1001,28158,2,0,0,0,0,0,199,808,19.76,1056,3946,21.11,1001,0,100,28158,0
pbt,bintrie,5,4,storage_sload_k1000,10,,2072,21000,1,0.2418,23.1642,15.0974,1.7357,43.6246,0.4814,6,0,0,0,2,0,0,0,0,0,2,4,33.33,0,0,0,0,0,0,0,0
pbt,bintrie,5,4,storage_sload_k1000,10,,2073,0,0,0.1625,1.1523,0.0064,0.457,3.1613,0,4,0,0,0,0,0,0,0,0,0,0,4,0,0,0,0,0,0,0,0,0
pbt,bintrie,5,4,storage_sload_k1000,10,,2074,0,0,0.1097,1.6307,0.0085,1.0395,4.1413,0,4,0,0,0,0,0,0,0,0,0,0,4,0,0,0,0,0,0,0,0,0
pbt,bintrie,5,4,storage_sload_k1000,1,,1828,0,0,0.0671,0.5358,0.0032,0.2243,1.1313,0,4,0,0,0,0,0,0,0,0,0,0,4,0,0,0,0,0,0,0,0,0
pbt,bintrie,5,4,storage_sload_k1000,1,,1829,0,0,0.0385,0.5472,0.0044,0.2336,1.2159,0,4,0,0,0,0,0,0,0,0,0,0,4,0,0,0,0,0,0,0,0,0
pbt,bintrie,5,4,storage_sload_k1000,1,,1830,0,0,0.0306,0.6233,0.0032,0.1735,1.0532,0,4,0,0,0,0,0,0,0,0,0,0,4,0,0,0,0,0,0,0,0,0
pbt,bintrie,5,4,storage_sload_k1000,1,,1831,0,0,0.0227,0.4973,0.0023,1.8488,2.538,0,4,0,0,0,0,0,0,0,0,0,0,4,0,0,0,0,0,0,0,0,0
pbt,bintrie,5,4,storage_sload_k1000,1,,1832,0,0,0.0201,0.4077,0.0018,0.1228,0.6557,0,4,0,0,0,0,0,0,0,0,0,0,4,0,0,0,0,0,0,0,0,0
pbt,bintrie,5,4,storage_sload_k1000,1,,1833,0,0,0.175,2.5832,0.0111,0.4696,3.8627,0,4,0,0,0,0,0,0,0,0,0,0,4,0,0,0,0,0,0,0,0,0
pbt,bintrie,5,4,storage_sload_k1000,1,,1834,0,0,0.0335,0.4941,0.0032,0.1934,0.9531,0,4,0,0,0,0,0,0,0,0,0,0,4,0,0,0,0,0,0,0,0,0
pbt,bintrie,5,4,storage_sload_k1000,1,,1835,0,0,0.0659,1.2667,0.0041,0.2902,1.9045,0,4,0,0,0,0,0,0,0,0,0,0,4,0,0,0,0,0,0,0,0,0
pbt,bintrie,5,4,storage_sload_k1000,1,,1836,0,0,0.0668,1.26,0.0038,0.3302,1.9874,0,4,0,0,0,0,0,0,0,0,0,0,4,0,0,0,0,0,0,0,0,0
pbt,bintrie,5,4,storage_sload_k1000,1,,1837,0,0,0.0843,1.4014,0.0076,0.4515,2.5001,0,4,0,0,0,0,0,0,0,0,0,0,4,0,0,0,0,0,0,0,0,0
pbt,bintrie,5,4,storage_sload_k1000,1,,1838,0,0,0.2243,2.9717,0.009,0.7213,4.7395,0,4,0,0,0,0,0,0,0,0,0,0,4,0,0,0,0,0,0,0,0,0
pbt,bintrie,5,4,storage_sload_k1000,1,,1839,0,0,0.0773,1.3819,0.0055,0.3783,2.2604,0,4,0,0,0,0,0,0,0,0,0,0,4,0,0,0,0,0,0,0,0,0
pbt,bintrie,5,4,storage_sload_k1000,1,,1840,0,0,0.0755,1.6893,0.0041,0.4104,2.648,0,4,0,0,0,0,0,0,0,0,0,0,4,0,0,0,0,0,0,0,0,0
pbt,bintrie,5,4,storage_sload_k1000,1,,1841,0,0,0.049,0.8732,0.0029,0.3054,1.5373,0,4,0,0,0,0,0,0,0,0,0,0,4,0,0,0,0,0,0,0,0,0
pbt,bintrie,5,4,storage_sload_k1000,1,,1842,0,0,0.0245,0.3759,0.0012,0.1607,0.7924,0,4,0,0,0,0,0,0,0,0,0,0,4,0,0,0,0,0,0,0,0,0
pbt,bintrie,5,4,storage_sload_k1000,1,,1843,0,0,0.0429,0.7676,0.002,0.1835,1.2816,0,4,0,0,0,0,0,0,0,0,0,0,4,0,0,0,0,0,0,0,0,0
pbt,bintrie,5,4,storage_sload_k1000,1,,1844,0,0,0.0388,0.5285,0.0032,0.1625,0.9111,0,4,0,0,0,0,0,0,0,0,0,0,4,0,0,0,0,0,0,0,0,0
pbt,bintrie,5,4,storage_sload_k1000,1,,1845,0,0,0.0615,0.8099,0.0041,1.3346,4.922,0,4,0,0,0,0,0,0,0,0,0,0,4,0,0,0,0,0,0,0,0,0
pbt,bintrie,5,4,storage_sload_k1000,1,,1846,0,0,0.037,0.5597,0.002,0.1473,0.8966,0,4,0,0,0,0,0,0,0,0,0,0,4,0,0,0,0,0,0,0,0,0
pbt,bintrie,5,4,storage_sload_k1000,1,,1847,0,0,0.0589,1.2264,0.0044,0.2578,1.9016,0,4,0,0,0,0,0,0,0,0,0,0,4,0,0,0,0,0,0,0,0,0
pbt,bintrie,5,4,storage_sload_k1000,1,,1848,86880,2,2.0571,38.7835,19.3073,4.9915,65.384,1.3288,11,0,0,0,3,0,0,0,1,158,4,7,36.36,0,0,0,0,0,0,0,0
pbt,bintrie,5,4,storage_sload_k1000,1,,1849,99900557,1,2172.2192,108.5596,2.2726,1.7106,2293.1455,43.5649,1007,5002,1001,28158,2,0,0,0,0,0,282,725,28.0,1492,3510,29.83,1001,0,100,28158,0
pbt,bintrie,5,4,storage_sload_k1000,1,,1850,21000,1,0.1097,0.8304,3.1003,1.0497,6.8791,3.0527,6,0,0,0,2,0,0,0,0,0,2,4,33.33,0,0,0,0,0,0,0,0
pbt,bintrie,5,4,storage_sload_k1000,1,,1851,0,0,0.124,1.7427,0.0099,0.5378,3.1482,0,4,0,0,0,0,0,0,0,0,0,0,4,0,0,0,0,0,0,0,0,0
pbt,bintrie,5,4,storage_sload_k1000,1,,1852,0,0,0.1782,1.7675,0.009,0.7811,3.8791,0,4,0,0,0,0,0,0,0,0,0,0,4,0,0,0,0,0,0,0,0,0
pbt,bintrie,5,4,storage_sload_k1000,2,,1853,0,0,0.0367,0.3952,0.0015,0.1864,0.9418,0,4,0,0,0,0,0,0,0,0,0,0,4,0,0,0,0,0,0,0,0,0
pbt,bintrie,5,4,storage_sload_k1000,2,,1854,0,0,0.0225,0.3558,0.002,0.0805,0.5792,0,4,0,0,0,0,0,0,0,0,0,0,4,0,0,0,0,0,0,0,0,0
pbt,bintrie,5,4,storage_sload_k1000,2,,1855,0,0,0.2182,3.2272,0.0099,0.5142,16.6675,0,4,0,0,0,0,0,0,0,0,0,0,4,0,0,0,0,0,0,0,0,0
pbt,bintrie,5,4,storage_sload_k1000,2,,1856,0,0,0.0312,0.4748,0.0035,0.1633,0.807,0,4,0,0,0,0,0,0,0,0,0,0,4,0,0,0,0,0,0,0,0,0
pbt,bintrie,5,4,storage_sload_k1000,2,,1857,0,0,0.1015,1.2509,0.0055,2.0504,10.2477,0,4,0,0,0,0,0,0,0,0,0,0,4,0,0,0,0,0,0,0,0,0
pbt,bintrie,5,4,storage_sload_k1000,2,,1858,0,0,0.0948,1.8771,0.0064,0.3442,2.7317,0,4,0,0,0,0,0,0,0,0,0,0,4,0,0,0,0,0,0,0,0,0
pbt,bintrie,5,4,storage_sload_k1000,2,,1859,0,0,0.0496,0.8534,0.005,0.2925,1.5569,0,4,0,0,0,0,0,0,0,0,0,0,4,0,0,0,0,0,0,0,0,0
pbt,bintrie,5,4,storage_sload_k1000,2,,1860,0,0,0.0866,1.8275,0.0055,0.5057,3.0134,0,4,0,0,0,0,0,0,0,0,0,0,4,0,0,0,0,0,0,0,0,0
pbt,bintrie,5,4,storage_sload_k1000,2,,1861,0,0,0.0892,2.1034,0.0055,0.6419,3.3497,0,4,0,0,0,0,0,0,0,0,0,0,4,0,0,0,0,0,0,0,0,0
pbt,bintrie,5,4,storage_sload_k1000,2,,1862,0,0,0.0732,0.9887,0.0064,1.5802,4.8882,0,4,0,0,0,0,0,0,0,0,0,0,4,0,0,0,0,0,0,0,0,0
pbt,bintrie,5,4,storage_sload_k1000,2,,1863,0,0,0.0904,1.3743,0.0064,0.3838,2.3356,0,4,0,0,0,0,0,0,0,0,0,0,4,0,0,0,0,0,0,0,0,0
pbt,bintrie,5,4,storage_sload_k1000,2,,1864,0,0,0.0872,1.3793,0.0087,0.2838,2.1387,0,4,0,0,0,0,0,0,0,0,0,0,4,0,0,0,0,0,0,0,0,0
pbt,bintrie,5,4,storage_sload_k1000,2,,1865,0,0,0.084,1.3539,0.0061,0.2817,2.1134,0,4,0,0,0,0,0,0,0,0,0,0,4,0,0,0,0,0,0,0,0,0
pbt,bintrie,5,4,storage_sload_k1000,2,,1866,0,0,0.0665,1.2667,0.0038,0.2596,1.918,0,4,0,0,0,0,0,0,0,0,0,0,4,0,0,0,0,0,0,0,0,0
pbt,bintrie,5,4,storage_sload_k1000,2,,1867,0,0,0.0458,0.5157,0.0038,0.1619,0.9284,0,4,0,0,0,0,0,0,0,0,0,0,4,0,0,0,0,0,0,0,0,0
pbt,bintrie,5,4,storage_sload_k1000,2,,1868,0,0,0.124,1.4644,0.0038,0.8881,6.5991,0,4,0,0,0,0,0,0,0,0,0,0,4,0,0,0,0,0,0,0,0,0
pbt,bintrie,5,4,storage_sload_k1000,2,,1869,0,0,0.0367,0.4527,0.0023,0.1528,0.8015,0,4,0,0,0,0,0,0,0,0,0,0,4,0,0,0,0,0,0,0,0,0
pbt,bintrie,5,4,storage_sload_k1000,2,,1870,0,0,0.0274,0.5005,0.0067,17.2788,19.3463,0,4,0,0,0,0,0,0,0,0,0,0,4,0,0,0,0,0,0,0,0,0
pbt,bintrie,5,4,storage_sload_k1000,2,,1871,0,0,0.1009,1.502,0.0018,0.1779,2.1242,0,4,0,0,0,0,0,0,0,0,0,0,4,0,0,0,0,0,0,0,0,0
pbt,bintrie,5,4,storage_sload_k1000,2,,1872,86880,2,10.7558,19.0375,14.6325,8.305,56.2086,1.5457,11,0,0,0,3,0,0,0,1,158,4,7,36.36,0,0,0,0,0,0,0,0
pbt,bintrie,5,4,storage_sload_k1000,2,,1873,99900557,1,2112.6189,101.9309,12.019,1.1442,2228.2945,44.8327,1007,5002,1001,28158,2,0,0,0,0,0,288,719,28.6,1567,3435,31.33,1001,0,100,28158,0
pbt,bintrie,5,4,storage_sload_k1000,2,,1874,21000,1,0.0863,0.7676,49.6658,3.6545,55.2963,0.3798,6,0,0,0,2,0,0,0,0,0,2,4,33.33,0,0,0,0,0,0,0,0
pbt,bintrie,5,4,storage_sload_k1000,2,,1875,0,0,0.0825,1.3714,0.0079,0.3829,2.2924,0,4,0,0,0,0,0,0,0,0,0,0,4,0,0,0,0,0,0,0,0,0
pbt,bintrie,5,4,storage_sload_k1000,2,,1876,0,0,0.0758,1.5233,0.0023,0.3453,3.145,0,4,0,0,0,0,0,0,0,0,0,0,4,0,0,0,0,0,0,0,0,0
pbt,bintrie,5,4,storage_sload_k1000,3,,1877,0,0,0.0656,0.7329,0.0032,7.7526,8.8586,0,4,0,0,0,0,0,0,0,0,0,0,4,0,0,0,0,0,0,0,0,0
pbt,bintrie,5,4,storage_sload_k1000,3,,1878,0,0,0.0627,0.9599,0.0047,1.586,4.9226,0,4,0,0,0,0,0,0,0,0,0,0,4,0,0,0,0,0,0,0,0,0
pbt,bintrie,5,4,storage_sload_k1000,3,,1879,0,0,0.0277,0.5381,0.0032,0.1773,0.9298,0,4,0,0,0,0,0,0,0,0,0,0,4,0,0,0,0,0,0,0,0,0
pbt,bintrie,5,4,storage_sload_k1000,3,,1880,0,0,0.1391,1.985,0.0061,6.0187,14.0451,0,4,0,0,0,0,0,0,0,0,0,0,4,0,0,0,0,0,0,0,0,0
pbt,bintrie,5,4,storage_sload_k1000,3,,1881,0,0,0.0414,0.5982,0.002,0.1094,0.9234,0,4,0,0,0,0,0,0,0,0,0,0,4,0,0,0,0,0,0,0,0,0
pbt,bintrie,5,4,storage_sload_k1000,3,,1882,0,0,0.0341,0.4165,0.0012,0.1371,0.7959,0,4,0,0,0,0,0,0,0,0,0,0,4,0,0,0,0,0,0,0,0,0
pbt,bintrie,5,4,storage_sload_k1000,3,,1883,0,0,0.0262,0.4054,0.0015,0.1785,0.77,0,4,0,0,0,0,0,0,0,0,0,0,4,0,0,0,0,0,0,0,0,0
pbt,bintrie,5,4,storage_sload_k1000,3,,1884,0,0,0.026,0.3748,0.0006,0.1776,0.7679,0,4,0,0,0,0,0,0,0,0,0,0,4,0,0,0,0,0,0,0,0,0
pbt,bintrie,5,4,storage_sload_k1000,3,,1885,0,0,0.0799,1.4023,0.0055,0.3386,2.1218,0,4,0,0,0,0,0,0,0,0,0,0,4,0,0,0,0,0,0,0,0,0
pbt,bintrie,5,4,storage_sload_k1000,3,,1886,0,0,0.0814,0.9916,0.0052,0.2858,1.7753,0,4,0,0,0,0,0,0,0,0,0,0,4,0,0,0,0,0,0,0,0,0
pbt,bintrie,5,4,storage_sload_k1000,3,,1887,0,0,0.0236,0.3666,0.0032,0.1403,0.7933,0,4,0,0,0,0,0,0,0,0,0,0,4,0,0,0,0,0,0,0,0,0
pbt,bintrie,5,4,storage_sload_k1000,3,,1888,0,0,0.0808,1.7742,0.0041,0.4448,2.9828,0,4,0,0,0,0,0,0,0,0,0,0,4,0,0,0,0,0,0,0,0,0
pbt,bintrie,5,4,storage_sload_k1000,3,,1889,0,0,0.0472,0.8831,0.0029,0.2327,1.5149,0,4,0,0,0,0,0,0,0,0,0,0,4,0,0,0,0,0,0,0,0,0
pbt,bintrie,5,4,storage_sload_k1000,3,,1890,0,0,0.0671,1.3288,0.0064,0.3261,2.1218,0,4,0,0,0,0,0,0,0,0,0,0,4,0,0,0,0,0,0,0,0,0
pbt,bintrie,5,4,storage_sload_k1000,3,,1891,0,0,0.196,2.0031,0.0128,0.5655,3.5367,0,4,0,0,0,0,0,0,0,0,0,0,4,0,0,0,0,0,0,0,0,0
pbt,bintrie,5,4,storage_sload_k1000,3,,1892,0,0,0.0499,0.63,0.0029,0.2686,1.353,0,4,0,0,0,0,0,0,0,0,0,0,4,0,0,0,0,0,0,0,0,0
pbt,bintrie,5,4,storage_sload_k1000,3,,1893,0,0,0.0251,0.5448,0.0023,0.1365,0.8298,0,4,0,0,0,0,0,0,0,0,0,0,4,0,0,0,0,0,0,0,0,0
pbt,bintrie,5,4,storage_sload_k1000,3,,1894,0,0,0.0306,0.5387,0.0015,0.1114,0.8044,0,4,0,0,0,0,0,0,0,0,0,0,4,0,0,0,0,0,0,0,0,0
pbt,bintrie,5,4,storage_sload_k1000,3,,1895,0,0,0.0373,0.6323,0.0035,0.2488,1.8377,0,4,0,0,0,0,0,0,0,0,0,0,4,0,0,0,0,0,0,0,0,0
pbt,bintrie,5,4,storage_sload_k1000,3,,1896,86880,2,0.5159,12.9441,1.1836,2.4931,28.2061,3.0802,11,0,0,0,3,0,0,0,1,158,4,7,36.36,0,0,0,0,0,0,0,0
pbt,bintrie,5,4,storage_sload_k1000,3,,1897,99900557,1,2149.6417,88.7717,54.2909,2.1863,2295.7041,43.5163,1007,5002,1001,28158,2,0,0,0,0,0,272,735,27.01,1420,3582,28.39,1001,0,100,28158,0
pbt,bintrie,5,4,storage_sload_k1000,3,,1898,21000,1,0.9914,6.8872,50.5201,0.8341,81.2942,0.2583,6,0,0,0,2,0,0,0,0,0,2,4,33.33,0,0,0,0,0,0,0,0
pbt,bintrie,5,4,storage_sload_k1000,3,,1899,0,0,0.1767,2.046,0.0216,0.8432,3.9721,0,4,0,0,0,0,0,0,0,0,0,0,4,0,0,0,0,0,0,0,0,0
pbt,bintrie,5,4,storage_sload_k1000,3,,1900,0,0,0.0942,1.2288,0.005,0.7306,3.2575,0,4,0,0,0,0,0,0,0,0,0,0,4,0,0,0,0,0,0,0,0,0
pbt,bintrie,5,4,storage_sload_k1000,4,,1901,0,0,0.124,1.5382,0.0137,10.962,14.3654,0,4,0,0,0,0,0,0,0,0,0,0,4,0,0,0,0,0,0,0,0,0
pbt,bintrie,5,4,storage_sload_k1000,4,,1902,0,0,0.1476,2.9251,0.0038,0.1292,7.2711,0,4,0,0,0,0,0,0,0,0,0,0,4,0,0,0,0,0,0,0,0,0
pbt,bintrie,5,4,storage_sload_k1000,4,,1903,0,0,0.0289,0.5264,0.0018,0.1295,0.8417,0,4,0,0,0,0,0,0,0,0,0,0,4,0,0,0,0,0,0,0,0,0
pbt,bintrie,5,4,storage_sload_k1000,4,,1904,0,0,0.03,0.6055,0.0026,0.1502,0.9263,0,4,0,0,0,0,0,0,0,0,0,0,4,0,0,0,0,0,0,0,0,0
pbt,bintrie,5,4,storage_sload_k1000,4,,1905,0,0,0.3433,1.0109,0.0032,0.1689,2.9306,0,4,0,0,0,0,0,0,0,0,0,0,4,0,0,0,0,0,0,0,0,0
pbt,bintrie,5,4,storage_sload_k1000,4,,1906,0,0,0.1003,2.1221,0.0041,0.1969,2.9204,0,4,0,0,0,0,0,0,0,0,0,0,4,0,0,0,0,0,0,0,0,0
pbt,bintrie,5,4,storage_sload_k1000,4,,1907,0,0,0.0382,0.5139,0.0047,0.1727,0.9494,0,4,0,0,0,0,0,0,0,0,0,0,4,0,0,0,0,0,0,0,0,0
pbt,bintrie,5,4,storage_sload_k1000,4,,1908,0,0,0.0414,0.4982,0.0032,0.1563,0.9272,0,4,0,0,0,0,0,0,0,0,0,0,4,0,0,0,0,0,0,0,0,0
pbt,bintrie,5,4,storage_sload_k1000,4,,1909,0,0,0.0869,1.507,0.007,0.2949,2.2784,0,4,0,0,0,0,0,0,0,0,0,0,4,0,0,0,0,0,0,0,0,0
pbt,bintrie,5,4,storage_sload_k1000,4,,1910,0,0,0.0397,0.5136,0.0041,0.2672,1.0476,0,4,0,0,0,0,0,0,0,0,0,0,4,0,0,0,0,0,0,0,0,0
pbt,bintrie,5,4,storage_sload_k1000,4,,1911,0,0,0.268,13.8025,0.0061,0.3932,15.4769,0,4,0,0,0,0,0,0,0,0,0,0,4,0,0,0,0,0,0,0,0,0
pbt,bintrie,5,4,storage_sload_k1000,4,,1912,0,0,0.0709,1.7249,0.0041,0.5994,2.8895,0,4,0,0,0,0,0,0,0,0,0,0,4,0,0,0,0,0,0,0,0,0
pbt,bintrie,5,4,storage_sload_k1000,4,,1913,0,0,0.0869,1.6006,0.0067,0.3809,2.503,0,4,0,0,0,0,0,0,0,0,0,0,4,0,0,0,0,0,0,0,0,0
pbt,bintrie,5,4,storage_sload_k1000,4,,1914,0,0,0.0814,1.3463,0.0064,0.2847,2.0935,0,4,0,0,0,0,0,0,0,0,0,0,4,0,0,0,0,0,0,0,0,0
pbt,bintrie,5,4,storage_sload_k1000,4,,1915,0,0,0.044,0.5658,0.0035,0.1563,1.0733,0,4,0,0,0,0,0,0,0,0,0,0,4,0,0,0,0,0,0,0,0,0
pbt,bintrie,5,4,storage_sload_k1000,4,,1916,0,0,0.0289,0.378,0.002,0.1502,0.7977,0,4,0,0,0,0,0,0,0,0,0,0,4,0,0,0,0,0,0,0,0,0
pbt,bintrie,5,4,storage_sload_k1000,4,,1917,0,0,0.0219,0.4258,0.0035,0.1129,0.7038,0,4,0,0,0,0,0,0,0,0,0,0,4,0,0,0,0,0,0,0,0,0
pbt,bintrie,5,4,storage_sload_k1000,4,,1918,0,0,0.033,0.5568,0.0015,0.1158,0.8613,0,4,0,0,0,0,0,0,0,0,0,0,4,0,0,0,0,0,0,0,0,0
pbt,bintrie,5,4,storage_sload_k1000,4,,1919,0,0,0.0388,0.5314,0.0026,0.1044,0.8315,0,4,0,0,0,0,0,0,0,0,0,0,4,0,0,0,0,0,0,0,0,0
pbt,bintrie,5,4,storage_sload_k1000,4,,1920,86880,2,5.699,17.9248,16.4265,4.3597,45.4379,1.9121,11,0,0,0,3,0,0,0,1,158,6,5,54.55,0,0,0,0,0,0,0,0
pbt,bintrie,5,4,storage_sload_k1000,4,,1921,0,0,0.0965,1.5904,0.0079,0.4296,2.7212,0,4,0,0,0,0,0,0,0,0,0,0,4,0,0,0,0,0,0,0,0,0
pbt,bintrie,5,4,storage_sload_k1000,4,,1922,99900557,1,2187.8442,100.7975,4.5852,11.7644,2327.4107,42.9235,1007,5002,1001,28158,2,0,0,0,0,0,199,808,19.76,1172,3830,23.43,1001,0,100,28158,0
pbt,bintrie,5,4,storage_sload_k1000,4,,1923,21000,1,0.2747,22.4677,26.7052,0.9041,51.111,0.4109,6,0,0,0,2,0,0,0,0,0,2,4,33.33,0,0,0,0,0,0,0,0
pbt,bintrie,5,4,storage_sload_k1000,4,,1924,0,0,0.1263,1.6931,0.0158,0.7548,4.0418,0,4,0,0,0,0,0,0,0,0,0,0,4,0,0,0,0,0,0,0,0,0
pbt,bintrie,5,4,storage_sload_k1000,4,,1925,0,0,0.1692,1.687,0.0087,0.7458,3.7922,0,4,0,0,0,0,0,0,0,0,0,0,4,0,0,0,0,0,0,0,0,0
pbt,bintrie,5,4,storage_sload_k1000,5,,1926,0,0,0.4503,3.9499,0.0193,1.7205,9.341,0,4,0,0,0,0,0,0,0,0,0,0,4,0,0,0,0,0,0,0,0,0
pbt,bintrie,5,4,storage_sload_k1000,5,,1927,0,0,0.3162,3.3914,0.0198,1.115,6.6673,0,4,0,0,0,0,0,0,0,0,0,0,4,0,0,0,0,0,0,0,0,0
pbt,bintrie,5,4,storage_sload_k1000,5,,1928,0,0,0.0332,0.492,0.0023,0.096,0.8406,0,4,0,0,0,0,0,0,0,0,0,0,4,0,0,0,0,0,0,0,0,0
pbt,bintrie,5,4,storage_sload_k1000,5,,1929,0,0,0.0312,0.499,0.0023,0.105,0.8131,0,4,0,0,0,0,0,0,0,0,0,0,4,0,0,0,0,0,0,0,0,0
pbt,bintrie,5,4,storage_sload_k1000,5,,1930,0,0,0.0239,0.4669,0.0018,0.0808,0.7099,0,4,0,0,0,0,0,0,0,0,0,0,4,0,0,0,0,0,0,0,0,0
pbt,bintrie,5,4,storage_sload_k1000,5,,1931,0,0,0.0822,1.227,0.0041,0.3337,1.9882,0,4,0,0,0,0,0,0,0,0,0,0,4,0,0,0,0,0,0,0,0,0
pbt,bintrie,5,4,storage_sload_k1000,5,,1932,0,0,0.0732,1.2821,0.0044,0.4952,2.2971,0,4,0,0,0,0,0,0,0,0,0,0,4,0,0,0,0,0,0,0,0,0
pbt,bintrie,5,4,storage_sload_k1000,5,,1933,0,0,0.0257,0.4013,0.0012,0.1724,0.7965,0,4,0,0,0,0,0,0,0,0,0,0,4,0,0,0,0,0,0,0,0,0
pbt,bintrie,5,4,storage_sload_k1000,5,,1934,0,0,0.0773,1.2728,0.0038,0.2715,1.9818,0,4,0,0,0,0,0,0,0,0,0,0,4,0,0,0,0,0,0,0,0,0
pbt,bintrie,5,4,storage_sload_k1000,5,,1935,0,0,0.0767,1.2839,0.0047,0.3447,2.0127,0,4,0,0,0,0,0,0,0,0,0,0,4,0,0,0,0,0,0,0,0,0
pbt,bintrie,5,4,storage_sload_k1000,5,,1936,0,0,0.0919,2.1886,0.0052,0.3722,3.2893,0,4,0,0,0,0,0,0,0,0,0,0,4,0,0,0,0,0,0,0,0,0
pbt,bintrie,5,4,storage_sload_k1000,5,,1937,0,0,0.03,0.3789,0.0038,0.8887,1.5213,0,4,0,0,0,0,0,0,0,0,0,0,4,0,0,0,0,0,0,0,0,0
pbt,bintrie,5,4,storage_sload_k1000,5,,1938,0,0,0.0814,1.3518,0.005,0.4366,2.2329,0,4,0,0,0,0,0,0,0,0,0,0,4,0,0,0,0,0,0,0,0,0
pbt,bintrie,5,4,storage_sload_k1000,5,,1939,0,0,0.0808,1.3556,0.0061,0.3646,2.1845,0,4,0,0,0,0,0,0,0,0,0,0,4,0,0,0,0,0,0,0,0,0
pbt,bintrie,5,4,storage_sload_k1000,5,,1940,0,0,0.0895,2.0588,0.0064,0.3794,3.0957,0,4,0,0,0,0,0,0,0,0,0,0,4,0,0,0,0,0,0,0,0,0
pbt,bintrie,5,4,storage_sload_k1000,5,,1941,0,0,0.068,1.288,0.0055,0.2861,2.3167,0,4,0,0,0,0,0,0,0,0,0,0,4,0,0,0,0,0,0,0,0,0
pbt,bintrie,5,4,storage_sload_k1000,5,,1942,0,0,0.0397,0.5574,0.0029,0.1531,0.8878,0,4,0,0,0,0,0,0,0,0,0,0,4,0,0,0,0,0,0,0,0,0
pbt,bintrie,5,4,storage_sload_k1000,5,,1943,0,0,0.0312,0.5848,0.0015,0.121,0.8796,0,4,0,0,0,0,0,0,0,0,0,0,4,0,0,0,0,0,0,0,0,0
pbt,bintrie,5,4,storage_sload_k1000,5,,1944,0,0,0.1076,1.0275,0.0029,0.1843,1.766,0,4,0,0,0,0,0,0,0,0,0,0,4,0,0,0,0,0,0,0,0,0
pbt,bintrie,5,4,storage_sload_k1000,5,,1945,86880,2,0.114,1.2597,4.2932,3.5731,17.4033,4.9922,11,0,0,0,3,0,0,0,1,158,7,4,63.64,0,0,0,0,0,0,0,0
pbt,bintrie,5,4,storage_sload_k1000,5,,1946,0,0,0.1167,2.2362,0.0064,1.0698,5.0725,0,4,0,0,0,0,0,0,0,0,0,0,4,0,0,0,0,0,0,0,0,0
pbt,bintrie,5,4,storage_sload_k1000,5,,1947,99900557,1,2167.8495,89.2714,16.4589,1.3317,2293.2636,43.5626,1007,5002,1001,28158,2,0,0,0,0,0,313,694,31.08,1624,3378,32.47,1001,0,100,28158,0
pbt,bintrie,5,4,storage_sload_k1000,5,,1948,21000,1,0.3062,22.7908,23.368,0.8446,47.8846,0.4386,6,0,0,0,2,0,0,0,0,0,2,4,33.33,0,0,0,0,0,0,0,0
pbt,bintrie,5,4,storage_sload_k1000,5,,1949,0,0,0.0537,0.7009,0.0082,0.413,2.1524,0,4,0,0,0,0,0,0,0,0,0,0,4,0,0,0,0,0,0,0,0,0
pbt,bintrie,5,4,storage_sload_k1000,5,,1950,0,0,0.0948,1.8655,0.0053,0.3797,3.4258,0,4,0,0,0,0,0,0,0,0,0,0,4,0,0,0,0,0,0,0,0,0
pbt,bintrie,5,4,storage_sload_k1000,6,,1951,0,0,0.1665,1.5948,0.0085,0.5687,3.0023,0,4,0,0,0,0,0,0,0,0,0,0,4,0,0,0,0,0,0,0,0,0
pbt,bintrie,5,4,storage_sload_k1000,6,,1952,0,0,0.2377,2.279,0.0079,0.6376,4.6094,0,4,0,0,0,0,0,0,0,0,0,0,4,0,0,0,0,0,0,0,0,0
pbt,bintrie,5,4,storage_sload_k1000,6,,1953,0,0,0.0242,0.4634,0.002,0.11,0.7417,0,4,0,0,0,0,0,0,0,0,0,0,4,0,0,0,0,0,0,0,0,0
pbt,bintrie,5,4,storage_sload_k1000,6,,1954,0,0,0.03,0.5183,0.0023,0.1327,0.8648,0,4,0,0,0,0,0,0,0,0,0,0,4,0,0,0,0,0,0,0,0,0
pbt,bintrie,5,4,storage_sload_k1000,6,,1955,0,0,0.0245,0.4847,0.002,0.107,0.744,0,4,0,0,0,0,0,0,0,0,0,0,4,0,0,0,0,0,0,0,0,0
pbt,bintrie,5,4,storage_sload_k1000,6,,1956,0,0,0.0292,0.4868,0.0018,0.1082,0.7886,0,4,0,0,0,0,0,0,0,0,0,0,4,0,0,0,0,0,0,0,0,0
pbt,bintrie,5,4,storage_sload_k1000,6,,1957,0,0,0.0429,0.6078,0.0038,0.1566,1.1022,0,4,0,0,0,0,0,0,0,0,0,0,4,0,0,0,0,0,0,0,0,0
pbt,bintrie,5,4,storage_sload_k1000,6,,1958,0,0,0.0968,1.3784,0.0073,0.3911,2.2566,0,4,0,0,0,0,0,0,0,0,0,0,4,0,0,0,0,0,0,0,0,0
pbt,bintrie,5,4,storage_sload_k1000,6,,1959,0,0,0.0878,1.7479,0.0044,0.469,2.7687,0,4,0,0,0,0,0,0,0,0,0,0,4,0,0,0,0,0,0,0,0,0
pbt,bintrie,5,4,storage_sload_k1000,6,,1960,0,0,0.0306,0.3803,0.002,0.1619,0.7825,0,4,0,0,0,0,0,0,0,0,0,0,4,0,0,0,0,0,0,0,0,0
pbt,bintrie,5,4,storage_sload_k1000,6,,1961,0,0,0.2161,2.6092,0.0108,0.7399,4.4224,0,4,0,0,0,0,0,0,0,0,0,0,4,0,0,0,0,0,0,0,0,0
pbt,bintrie,5,4,storage_sload_k1000,6,,1962,0,0,0.2567,0.4165,0.0012,0.1765,1.0637,0,4,0,0,0,0,0,0,0,0,0,0,4,0,0,0,0,0,0,0,0,0
pbt,bintrie,5,4,storage_sload_k1000,6,,1963,0,0,0.0286,0.38,0.0032,0.1479,0.7954,0,4,0,0,0,0,0,0,0,0,0,0,4,0,0,0,0,0,0,0,0,0
pbt,bintrie,5,4,storage_sload_k1000,6,,1964,0,0,0.0939,1.9273,0.0058,0.4996,3.0548,0,4,0,0,0,0,0,0,0,0,0,0,4,0,0,0,0,0,0,0,0,0
pbt,bintrie,5,4,storage_sload_k1000,6,,1965,0,0,0.0373,0.513,0.0032,0.2059,0.9817,0,4,0,0,0,0,0,0,0,0,0,0,4,0,0,0,0,0,0,0,0,0
pbt,bintrie,5,4,storage_sload_k1000,6,,1966,0,0,0.1114,1.5849,0.0093,0.4938,2.6156,0,4,0,0,0,0,0,0,0,0,0,0,4,0,0,0,0,0,0,0,0,0
pbt,bintrie,5,4,storage_sload_k1000,6,,1967,0,0,0.026,0.5008,0.0023,0.1479,0.8298,0,4,0,0,0,0,0,0,0,0,0,0,4,0,0,0,0,0,0,0,0,0
pbt,bintrie,5,4,storage_sload_k1000,6,,1968,0,0,0.0251,0.4308,0.0026,0.1062,0.6831,0,4,0,0,0,0,0,0,0,0,0,0,4,0,0,0,0,0,0,0,0,0
pbt,bintrie,5,4,storage_sload_k1000,6,,1969,0,0,0.0327,0.5696,0.0018,0.161,0.9234,0,4,0,0,0,0,0,0,0,0,0,0,4,0,0,0,0,0,0,0,0,0
pbt,bintrie,5,4,storage_sload_k1000,6,,1970,0,0,0.0242,0.5267,0.002,0.1073,0.8446,0,4,0,0,0,0,0,0,0,0,0,0,4,0,0,0,0,0,0,0,0,0
pbt,bintrie,5,4,storage_sload_k1000,6,,1971,86880,2,0.9817,13.2372,0.5644,1.2973,16.458,5.2789,11,0,0,0,3,0,0,0,1,158,4,7,36.36,0,0,0,0,0,0,0,0
pbt,bintrie,5,4,storage_sload_k1000,6,,1972,99900557,1,2028.6178,122.2525,12.9056,1.2991,2165.4938,46.1329,1007,5002,1001,28158,2,0,0,0,0,0,81,926,8.04,423,4579,8.46,1001,0,100,28158,0
pbt,bintrie,5,4,storage_sload_k1000,6,,1973,21000,1,0.2004,22.141,4.7882,0.9412,41.8545,0.5017,6,0,0,0,2,0,0,0,0,0,2,4,33.33,0,0,0,0,0,0,0,0
pbt,bintrie,5,4,storage_sload_k1000,6,,1974,0,0,0.0443,0.6262,0.0047,0.4302,1.9174,0,4,0,0,0,0,0,0,0,0,0,0,4,0,0,0,0,0,0,0,0,0
pbt,bintrie,5,4,storage_sload_k1000,6,,1975,0,0,0.0554,0.6977,0.0061,0.3736,1.8421,0,4,0,0,0,0,0,0,0,0,0,0,4,0,0,0,0,0,0,0,0,0
pbt,bintrie,5,4,storage_sload_k1000,7,,1976,0,0,0.082,0.7542,0.0047,0.2301,1.4157,0,4,0,0,0,0,0,0,0,0,0,0,4,0,0,0,0,0,0,0,0,0
pbt,bintrie,5,4,storage_sload_k1000,7,,1977,0,0,0.0347,0.5011,0.0017,0.149,0.8458,0,4,0,0,0,0,0,0,0,0,0,0,4,0,0,0,0,0,0,0,0,0
pbt,bintrie,5,4,storage_sload_k1000,7,,1978,0,0,0.0289,0.4311,0.002,0.0977,0.6848,0,4,0,0,0,0,0,0,0,0,0,0,4,0,0,0,0,0,0,0,0,0
pbt,bintrie,5,4,storage_sload_k1000,7,,1979,0,0,0.0802,1.204,0.0029,0.2141,1.976,0,4,0,0,0,0,0,0,0,0,0,0,4,0,0,0,0,0,0,0,0,0
pbt,bintrie,5,4,storage_sload_k1000,7,,1980,0,0,0.0321,0.5728,0.0018,0.1794,0.9625,0,4,0,0,0,0,0,0,0,0,0,0,4,0,0,0,0,0,0,0,0,0
pbt,bintrie,5,4,storage_sload_k1000,7,,1981,0,0,0.0359,0.3722,0.002,0.1394,0.7347,0,4,0,0,0,0,0,0,0,0,0,0,4,0,0,0,0,0,0,0,0,0
pbt,bintrie,5,4,storage_sload_k1000,7,,1982,0,0,0.0411,0.5054,0.0029,0.1677,0.9844,0,4,0,0,0,0,0,0,0,0,0,0,4,0,0,0,0,0,0,0,0,0
pbt,bintrie,5,4,storage_sload_k1000,7,,1983,0,0,0.3319,3.4302,0.0152,0.8691,5.5716,0,4,0,0,0,0,0,0,0,0,0,0,4,0,0,0,0,0,0,0,0,0
pbt,bintrie,5,4,storage_sload_k1000,7,,1984,0,0,0.0283,0.4057,0.002,0.1397,0.7898,0,4,0,0,0,0,0,0,0,0,0,0,4,0,0,0,0,0,0,0,0,0
pbt,bintrie,5,4,storage_sload_k1000,7,,1985,0,0,0.086,1.873,0.0053,0.3401,2.9455,0,4,0,0,0,0,0,0,0,0,0,0,4,0,0,0,0,0,0,0,0,0
pbt,bintrie,5,4,storage_sload_k1000,7,,1986,0,0,0.5238,3.7957,0.0108,0.6414,7.4286,0,4,0,0,0,0,0,0,0,0,0,0,4,0,0,0,0,0,0,0,0,0
pbt,bintrie,5,4,storage_sload_k1000,7,,1987,0,0,0.0822,1.8967,0.0053,0.3296,2.7002,0,4,0,0,0,0,0,0,0,0,0,0,4,0,0,0,0,0,0,0,0,0
pbt,bintrie,5,4,storage_sload_k1000,7,,1988,0,0,0.0496,0.7881,0.0026,0.1942,1.2979,0,4,0,0,0,0,0,0,0,0,0,0,4,0,0,0,0,0,0,0,0,0
pbt,bintrie,5,4,storage_sload_k1000,7,,1989,0,0,0.0519,1.1844,0.0041,0.3016,1.883,0,4,0,0,0,0,0,0,0,0,0,0,4,0,0,0,0,0,0,0,0,0
pbt,bintrie,5,4,storage_sload_k1000,7,,1990,0,0,0.1251,1.589,0.009,0.4133,2.627,0,4,0,0,0,0,0,0,0,0,0,0,4,0,0,0,0,0,0,0,0,0
pbt,bintrie,5,4,storage_sload_k1000,7,,1991,0,0,0.0306,0.5142,0.0029,0.1616,0.87,0,4,0,0,0,0,0,0,0,0,0,0,4,0,0,0,0,0,0,0,0,0
pbt,bintrie,5,4,storage_sload_k1000,7,,1992,0,0,0.0365,0.6399,0.0053,0.1161,0.9485,0,4,0,0,0,0,0,0,0,0,0,0,4,0,0,0,0,0,0,0,0,0
pbt,bintrie,5,4,storage_sload_k1000,7,,1993,0,0,0.0522,0.6081,0.0058,0.2237,4.2935,0,4,0,0,0,0,0,0,0,0,0,0,4,0,0,0,0,0,0,0,0,0
pbt,bintrie,5,4,storage_sload_k1000,7,,1994,0,0,0.0493,0.6626,0.0058,2.1017,4.0567,0,4,0,0,0,0,0,0,0,0,0,0,4,0,0,0,0,0,0,0,0,0
pbt,bintrie,5,4,storage_sload_k1000,7,,1995,86880,2,0.8403,7.9194,3.9079,4.0121,17.0154,5.106,11,0,0,0,3,0,0,0,1,158,5,6,45.45,0,0,0,0,0,0,0,0
pbt,bintrie,5,4,storage_sload_k1000,7,,1996,99900557,1,2143.0159,92.7176,36.019,2.2233,2285.7804,43.7052,1007,5002,1001,28158,2,0,0,0,0,0,451,556,44.79,2346,2656,46.9,1001,0,100,28158,0
pbt,bintrie,5,4,storage_sload_k1000,7,,1997,21000,1,0.1417,23.0157,9.4877,0.7426,33.7712,0.6218,6,0,0,0,2,0,0,0,0,0,2,4,33.33,0,0,0,0,0,0,0,0
pbt,bintrie,5,4,storage_sload_k1000,7,,1998,0,0,0.0878,1.4883,0.0082,0.4594,2.4015,0,4,0,0,0,0,0,0,0,0,0,0,4,0,0,0,0,0,0,0,0,0
pbt,bintrie,5,4,storage_sload_k1000,7,,1999,0,0,0.0502,0.6189,0.0035,0.231,1.1812,0,4,0,0,0,0,0,0,0,0,0,0,4,0,0,0,0,0,0,0,0,0
pbt,bintrie,5,4,storage_sload_k1000,8,,2000,0,0,0.0738,0.6708,0.0047,0.408,1.5041,0,4,0,0,0,0,0,0,0,0,0,0,4,0,0,0,0,0,0,0,0,0
pbt,bintrie,5,4,storage_sload_k1000,8,,2001,0,0,0.0338,0.5585,0.0035,0.145,0.9231,0,4,0,0,0,0,0,0,0,0,0,0,4,0,0,0,0,0,0,0,0,0
pbt,bintrie,5,4,storage_sload_k1000,8,,2002,0,0,0.084,1.4393,0.005,3.4075,5.2268,0,4,0,0,0,0,0,0,0,0,0,0,4,0,0,0,0,0,0,0,0,0
pbt,bintrie,5,4,storage_sload_k1000,8,,2003,0,0,0.0347,0.5361,0.0023,0.1237,0.8534,0,4,0,0,0,0,0,0,0,0,0,0,4,0,0,0,0,0,0,0,0,0
pbt,bintrie,5,4,storage_sload_k1000,8,,2004,0,0,0.0627,0.8312,0.0099,0.1835,6.3345,0,4,0,0,0,0,0,0,0,0,0,0,4,0,0,0,0,0,0,0,0,0
pbt,bintrie,5,4,storage_sload_k1000,8,,2005,0,0,0.0484,0.9071,0.0044,0.1945,1.3985,0,4,0,0,0,0,0,0,0,0,0,0,4,0,0,0,0,0,0,0,0,0
pbt,bintrie,5,4,storage_sload_k1000,8,,2006,0,0,0.1032,1.3387,0.0117,0.366,2.5019,0,4,0,0,0,0,0,0,0,0,0,0,4,0,0,0,0,0,0,0,0,0
pbt,bintrie,5,4,storage_sload_k1000,8,,2007,0,0,0.0318,0.3733,0.0012,0.1359,0.7274,0,4,0,0,0,0,0,0,0,0,0,0,4,0,0,0,0,0,0,0,0,0
pbt,bintrie,5,4,storage_sload_k1000,8,,2008,0,0,0.0388,0.4979,0.0038,0.1511,0.8712,0,4,0,0,0,0,0,0,0,0,0,0,4,0,0,0,0,0,0,0,0,0
pbt,bintrie,5,4,storage_sload_k1000,8,,2009,0,0,0.1143,11.6833,0.0236,0.3961,12.7193,0,4,0,0,0,0,0,0,0,0,0,0,4,0,0,0,0,0,0,0,0,0
pbt,bintrie,5,4,storage_sload_k1000,8,,2010,0,0,0.0997,1.7505,0.0067,0.4057,2.713,0,4,0,0,0,0,0,0,0,0,0,0,4,0,0,0,0,0,0,0,0,0
pbt,bintrie,5,4,storage_sload_k1000,8,,2011,0,0,0.0344,0.4661,0.0023,0.1365,0.8796,0,4,0,0,0,0,0,0,0,0,0,0,4,0,0,0,0,0,0,0,0,0
pbt,bintrie,5,4,storage_sload_k1000,8,,2012,0,0,0.072,1.281,0.0029,0.3692,2.0104,0,4,0,0,0,0,0,0,0,0,0,0,4,0,0,0,0,0,0,0,0,0
pbt,bintrie,5,4,storage_sload_k1000,8,,2013,0,0,0.065,1.316,0.0044,0.2502,2.0069,0,4,0,0,0,0,0,0,0,0,0,0,4,0,0,0,0,0,0,0,0,0
pbt,bintrie,5,4,storage_sload_k1000,8,,2014,0,0,0.0493,0.6638,0.0064,0.2934,1.3026,0,4,0,0,0,0,0,0,0,0,0,0,4,0,0,0,0,0,0,0,0,0
pbt,bintrie,5,4,storage_sload_k1000,8,,2015,0,0,0.0569,0.7787,0.0163,1.8911,5.9046,0,4,0,0,0,0,0,0,0,0,0,0,4,0,0,0,0,0,0,0,0,0
pbt,bintrie,5,4,storage_sload_k1000,8,,2016,0,0,0.0394,0.5439,0.0032,0.1065,0.8271,0,4,0,0,0,0,0,0,0,0,0,0,4,0,0,0,0,0,0,0,0,0
pbt,bintrie,5,4,storage_sload_k1000,8,,2017,0,0,0.0522,0.5673,0.002,0.1648,0.9488,0,4,0,0,0,0,0,0,0,0,0,0,4,0,0,0,0,0,0,0,0,0
pbt,bintrie,5,4,storage_sload_k1000,8,,2018,0,0,0.0405,0.8009,0.0029,0.1878,1.2658,0,4,0,0,0,0,0,0,0,0,0,0,4,0,0,0,0,0,0,0,0,0
pbt,bintrie,5,4,storage_sload_k1000,8,,2019,86880,2,0.5122,3.3337,43.6229,6.3448,54.554,1.5926,11,0,0,0,3,0,0,0,1,158,6,5,54.55,0,0,0,0,0,0,0,0
pbt,bintrie,5,4,storage_sload_k1000,8,,2020,99900557,1,2164.3166,99.7842,33.6321,1.0963,2299.9728,43.4355,1007,5002,1001,28158,2,0,0,0,0,0,175,832,17.38,981,4021,19.61,1001,0,100,28158,0
pbt,bintrie,5,4,storage_sload_k1000,8,,2021,0,0,0.0712,1.4385,0.0053,0.5486,2.8378,0,4,0,0,0,0,0,0,0,0,0,0,4,0,0,0,0,0,0,0,0,0
pbt,bintrie,5,4,storage_sload_k1000,8,,2022,21000,1,7.843,18.7091,19.1947,1.766,47.8619,0.4388,6,0,0,0,2,0,0,0,0,0,2,4,33.33,0,0,0,0,0,0,0,0
pbt,bintrie,5,4,storage_sload_k1000,8,,2023,0,0,0.0478,0.7487,0.0064,0.2316,1.3416,0,4,0,0,0,0,0,0,0,0,0,0,4,0,0,0,0,0,0,0,0,0
pbt,bintrie,5,4,storage_sload_k1000,8,,2024,0,0,0.0435,0.5982,0.0073,0.5124,1.8765,0,4,0,0,0,0,0,0,0,0,0,0,4,0,0,0,0,0,0,0,0,0
pbt,bintrie,5,4,storage_sload_k1000,9,,2026,0,0,0.0592,0.6597,0.0032,0.2187,1.2188,0,4,0,0,0,0,0,0,0,0,0,0,4,0,0,0,0,0,0,0,0,0
pbt,bintrie,5,4,storage_sload_k1000,9,,2027,0,0,0.0691,2.088,0.0055,0.2187,2.9437,0,4,0,0,0,0,0,0,0,0,0,0,4,0,0,0,0,0,0,0,0,0
pbt,bintrie,5,4,storage_sload_k1000,9,,2028,0,0,0.1505,3.3025,0.0067,1.9048,9.0411,0,4,0,0,0,0,0,0,0,0,0,0,4,0,0,0,0,0,0,0,0,0
pbt,bintrie,5,4,storage_sload_k1000,9,,2029,0,0,0.2281,1.8824,0.0108,0.4777,5.1125,0,4,0,0,0,0,0,0,0,0,0,0,4,0,0,0,0,0,0,0,0,0
pbt,bintrie,5,4,storage_sload_k1000,9,,2030,0,0,0.0423,0.5253,0.0026,0.1622,0.8893,0,4,0,0,0,0,0,0,0,0,0,0,4,0,0,0,0,0,0,0,0,0
pbt,bintrie,5,4,storage_sload_k1000,9,,2031,0,0,0.1301,1.267,0.0044,0.2777,1.9588,0,4,0,0,0,0,0,0,0,0,0,0,4,0,0,0,0,0,0,0,0,0
pbt,bintrie,5,4,storage_sload_k1000,9,,2032,0,0,0.0872,1.3679,0.0061,0.2984,2.1845,0,4,0,0,0,0,0,0,0,0,0,0,4,0,0,0,0,0,0,0,0,0
pbt,bintrie,5,4,storage_sload_k1000,9,,2033,0,0,0.0239,0.3888,0.0015,0.1377,0.735,0,4,0,0,0,0,0,0,0,0,0,0,4,0,0,0,0,0,0,0,0,0
pbt,bintrie,5,4,storage_sload_k1000,9,,2034,0,0,0.07,1.248,0.0035,0.3366,2.0725,0,4,0,0,0,0,0,0,0,0,0,0,4,0,0,0,0,0,0,0,0,0
pbt,bintrie,5,4,storage_sload_k1000,9,,2035,0,0,0.0432,0.4789,0.0026,0.1587,0.8656,0,4,0,0,0,0,0,0,0,0,0,0,4,0,0,0,0,0,0,0,0,0
pbt,bintrie,5,4,storage_sload_k1000,9,,2036,0,0,0.0682,1.3043,0.0067,0.2835,1.9827,0,4,0,0,0,0,0,0,0,0,0,0,4,0,0,0,0,0,0,0,0,0
pbt,bintrie,5,4,storage_sload_k1000,9,,2037,0,0,0.0755,1.2378,0.0055,16.1378,17.7728,0,4,0,0,0,0,0,0,0,0,0,0,4,0,0,0,0,0,0,0,0,0
pbt,bintrie,5,4,storage_sload_k1000,9,,2038,0,0,0.091,1.218,0.0038,0.3016,2.0501,0,4,0,0,0,0,0,0,0,0,0,0,4,0,0,0,0,0,0,0,0,0
pbt,bintrie,5,4,storage_sload_k1000,9,,2039,0,0,0.0834,1.3472,0.007,0.4299,2.3969,0,4,0,0,0,0,0,0,0,0,0,0,4,0,0,0,0,0,0,0,0,0
pbt,bintrie,5,4,storage_sload_k1000,9,,2040,0,0,0.0589,0.6662,0.0041,0.4238,1.4714,0,4,0,0,0,0,0,0,0,0,0,0,4,0,0,0,0,0,0,0,0,0
pbt,bintrie,5,4,storage_sload_k1000,9,,2041,0,0,0.0262,0.4716,0.0023,0.1152,0.7732,0,4,0,0,0,0,0,0,0,0,0,0,4,0,0,0,0,0,0,0,0,0
pbt,bintrie,5,4,storage_sload_k1000,9,,2042,0,0,0.0379,0.5054,0.0018,0.161,0.924,0,4,0,0,0,0,0,0,0,0,0,0,4,0,0,0,0,0,0,0,0,0
pbt,bintrie,5,4,storage_sload_k1000,9,,2043,0,0,0.0516,0.7653,0.0038,0.1613,1.255,0,4,0,0,0,0,0,0,0,0,0,0,4,0,0,0,0,0,0,0,0,0
pbt,bintrie,5,4,storage_sload_k1000,9,,2044,0,0,0.0411,0.6265,0.0035,0.2246,1.1147,0,4,0,0,0,0,0,0,0,0,0,0,4,0,0,0,0,0,0,0,0,0
pbt,bintrie,5,4,storage_sload_k1000,9,,2045,86880,2,0.3427,2.7075,12.5378,2.2119,45.6213,1.9044,11,0,0,0,3,0,0,0,1,158,5,6,45.45,0,0,0,0,0,0,0,0
pbt,bintrie,5,4,storage_sload_k1000,9,,2046,99900557,1,2025.732,158.5641,21.175,1.2725,2207.2059,45.2611,1007,5002,1001,28158,2,0,0,0,0,0,9,998,0.89,166,4836,3.32,1001,0,100,28158,0
pbt,bintrie,5,4,storage_sload_k1000,9,,2047,21000,1,0.1514,29.1933,5.2114,0.7706,42.2396,0.4972,6,0,0,0,2,0,0,0,0,0,2,4,33.33,0,0,0,0,0,0,0,0
pbt,bintrie,5,4,storage_sload_k1000,9,,2048,0,0,0.033,0.4664,0.0023,0.4287,1.7033,0,4,0,0,0,0,0,0,0,0,0,0,4,0,0,0,0,0,0,0,0,0
pbt,bintrie,5,4,storage_sload_k1000,9,,2049,0,0,0.1181,1.866,0.0047,0.4045,3.4518,0,4,0,0,0,0,0,0,0,0,0,0,4,0,0,0,0,0,0,0,0,0
pbt,bintrie,5,4,storage_sload_k4500,10,,2298,0,0,0.1951,1.486,0.007,0.4366,2.529,0,4,0,0,0,0,0,0,0,0,0,0,4,0,0,0,0,0,0,0,0,0
pbt,bintrie,5,4,storage_sload_k4500,10,,2299,0,0,0.0878,1.3332,0.0058,0.3529,2.0999,0,4,0,0,0,0,0,0,0,0,0,0,4,0,0,0,0,0,0,0,0,0
pbt,bintrie,5,4,storage_sload_k4500,10,,2300,0,0,0.0569,1.2013,0.0035,0.3089,1.7908,0,4,0,0,0,0,0,0,0,0,0,0,4,0,0,0,0,0,0,0,0,0
pbt,bintrie,5,4,storage_sload_k4500,10,,2301,0,0,0.0268,0.4235,0.002,0.1301,0.7219,0,4,0,0,0,0,0,0,0,0,0,0,4,0,0,0,0,0,0,0,0,0
pbt,bintrie,5,4,storage_sload_k4500,10,,2302,0,0,0.03,0.567,0.002,0.2896,1.1748,0,4,0,0,0,0,0,0,0,0,0,0,4,0,0,0,0,0,0,0,0,0
pbt,bintrie,5,4,storage_sload_k4500,10,,2303,0,0,0.0443,0.5122,0.0018,0.1213,0.8671,0,4,0,0,0,0,0,0,0,0,0,0,4,0,0,0,0,0,0,0,0,0
pbt,bintrie,5,4,storage_sload_k4500,10,,2304,0,0,0.0685,1.2929,0.0053,0.2517,2.0002,0,4,0,0,0,0,0,0,0,0,0,0,4,0,0,0,0,0,0,0,0,0
pbt,bintrie,5,4,storage_sload_k4500,10,,2305,0,0,0.0822,1.2247,0.0047,0.3905,2.1306,0,4,0,0,0,0,0,0,0,0,0,0,4,0,0,0,0,0,0,0,0,0
pbt,bintrie,5,4,storage_sload_k4500,10,,2306,0,0,0.0365,0.4742,0.0029,0.1455,0.8336,0,4,0,0,0,0,0,0,0,0,0,0,4,0,0,0,0,0,0,0,0,0
pbt,bintrie,5,4,storage_sload_k4500,10,,2307,0,0,0.0785,1.7552,0.005,0.4121,2.8133,0,4,0,0,0,0,0,0,0,0,0,0,4,0,0,0,0,0,0,0,0,0
pbt,bintrie,5,4,storage_sload_k4500,10,,2308,0,0,0.3281,0.7994,0.0105,0.9794,5.1857,0,4,0,0,0,0,0,0,0,0,0,0,4,0,0,0,0,0,0,0,0,0
pbt,bintrie,5,4,storage_sload_k4500,10,,2309,0,0,0.0767,1.7325,0.0041,0.3095,2.4972,0,4,0,0,0,0,0,0,0,0,0,0,4,0,0,0,0,0,0,0,0,0
pbt,bintrie,5,4,storage_sload_k4500,10,,2310,0,0,0.0939,1.8681,0.0044,0.3748,2.8256,0,4,0,0,0,0,0,0,0,0,0,0,4,0,0,0,0,0,0,0,0,0
pbt,bintrie,5,4,storage_sload_k4500,10,,2311,0,0,0.0752,1.3472,0.0064,0.3272,2.1425,0,4,0,0,0,0,0,0,0,0,0,0,4,0,0,0,0,0,0,0,0,0
pbt,bintrie,5,4,storage_sload_k4500,10,,2312,0,0,0.0432,0.5224,0.0026,0.1989,0.9718,0,4,0,0,0,0,0,0,0,0,0,0,4,0,0,0,0,0,0,0,0,0
pbt,bintrie,5,4,storage_sload_k4500,10,,2313,0,0,0.079,1.7085,0.0047,0.3249,2.6314,0,4,0,0,0,0,0,0,0,0,0,0,4,0,0,0,0,0,0,0,0,0
pbt,bintrie,5,4,storage_sload_k4500,10,,2314,0,0,0.2686,2.4397,0.0102,3.3252,8.3832,0,4,0,0,0,0,0,0,0,0,0,0,4,0,0,0,0,0,0,0,0,0
pbt,bintrie,5,4,storage_sload_k4500,10,,2315,0,0,0.1843,2.419,0.0087,0.4007,10.1713,0,4,0,0,0,0,0,0,0,0,0,0,4,0,0,0,0,0,0,0,0,0
pbt,bintrie,5,4,storage_sload_k4500,10,,2316,0,0,0.0432,0.6157,0.0044,0.1514,0.987,0,4,0,0,0,0,0,0,0,0,0,0,4,0,0,0,0,0,0,0,0,0
pbt,bintrie,5,4,storage_sload_k4500,10,,2317,0,0,0.0315,0.4509,0.0023,0.133,0.8254,0,4,0,0,0,0,0,0,0,0,0,0,4,0,0,0,0,0,0,0,0,0
pbt,bintrie,5,4,storage_sload_k4500,10,,2318,86924,2,0.8304,11.7702,1.9856,3.392,37.3373,2.3281,11,0,0,0,3,0,0,0,1,160,5,6,45.45,0,0,0,0,0,0,0,0
pbt,bintrie,5,4,storage_sload_k4500,10,,2319,99900025,1,1892.587,166.3134,2.1069,4.1704,2065.7267,48.3607,4507,5002,4501,126160,2,0,0,0,0,0,1451,3056,32.19,1495,3507,29.89,4501,0,100,126160,0
pbt,bintrie,5,4,storage_sload_k4500,10,,2320,21000,1,0.2132,15.5968,4.3863,0.6953,42.5986,0.493,6,0,0,0,2,0,0,0,0,0,2,4,33.33,0,0,0,0,0,0,0,0
pbt,bintrie,5,4,storage_sload_k4500,10,,2321,0,0,0.138,1.535,0.0143,0.7709,3.5192,0,4,0,0,0,0,0,0,0,0,0,0,4,0,0,0,0,0,0,0,0,0
pbt,bintrie,5,4,storage_sload_k4500,10,,2322,0,0,0.0881,1.3892,0.0096,0.6218,4.4764,0,4,0,0,0,0,0,0,0,0,0,0,4,0,0,0,0,0,0,0,0,0
pbt,bintrie,5,4,storage_sload_k4500,1,,2075,0,0,0.0785,0.6629,0.0041,0.2928,1.4493,0,4,0,0,0,0,0,0,0,0,0,0,4,0,0,0,0,0,0,0,0,0
pbt,bintrie,5,4,storage_sload_k4500,1,,2076,0,0,0.0542,1.1028,0.0093,0.7227,2.3117,0,4,0,0,0,0,0,0,0,0,0,0,4,0,0,0,0,0,0,0,0,0
pbt,bintrie,5,4,storage_sload_k4500,1,,2077,0,0,0.0359,0.5836,0.0026,0.1108,0.896,0,4,0,0,0,0,0,0,0,0,0,0,4,0,0,0,0,0,0,0,0,0
pbt,bintrie,5,4,storage_sload_k4500,1,,2078,0,0,0.037,0.5507,0.005,0.1543,0.9149,0,4,0,0,0,0,0,0,0,0,0,0,4,0,0,0,0,0,0,0,0,0
pbt,bintrie,5,4,storage_sload_k4500,1,,2079,0,0,0.1525,2.1673,0.0085,3.7143,8.6276,0,4,0,0,0,0,0,0,0,0,0,0,4,0,0,0,0,0,0,0,0,0
pbt,bintrie,5,4,storage_sload_k4500,1,,2080,0,0,0.0333,0.4772,0.0029,0.1266,0.8204,0,4,0,0,0,0,0,0,0,0,0,0,4,0,0,0,0,0,0,0,0,0
pbt,bintrie,5,4,storage_sload_k4500,1,,2081,0,0,0.0335,0.4669,0.0023,0.1983,0.8674,0,4,0,0,0,0,0,0,0,0,0,0,4,0,0,0,0,0,0,0,0,0
pbt,bintrie,5,4,storage_sload_k4500,1,,2082,0,0,0.0332,0.499,0.0032,0.1476,0.8546,0,4,0,0,0,0,0,0,0,0,0,0,4,0,0,0,0,0,0,0,0,0
pbt,bintrie,5,4,storage_sload_k4500,1,,2083,0,0,0.0391,0.5367,0.0032,0.1569,0.9485,0,4,0,0,0,0,0,0,0,0,0,0,4,0,0,0,0,0,0,0,0,0
pbt,bintrie,5,4,storage_sload_k4500,1,,2084,0,0,0.0437,0.6548,0.0032,0.1835,1.178,0,4,0,0,0,0,0,0,0,0,0,0,4,0,0,0,0,0,0,0,0,0
pbt,bintrie,5,4,storage_sload_k4500,1,,2085,0,0,0.1248,2.284,0.0067,0.4576,3.5031,0,4,0,0,0,0,0,0,0,0,0,0,4,0,0,0,0,0,0,0,0,0
pbt,bintrie,5,4,storage_sload_k4500,1,,2086,0,0,0.077,1.3034,0.0076,0.3485,2.2003,0,4,0,0,0,0,0,0,0,0,0,0,4,0,0,0,0,0,0,0,0,0
pbt,bintrie,5,4,storage_sload_k4500,1,,2087,0,0,0.0767,1.7415,0.005,0.3144,2.517,0,4,0,0,0,0,0,0,0,0,0,0,4,0,0,0,0,0,0,0,0,0
pbt,bintrie,5,4,storage_sload_k4500,1,,2088,0,0,0.0974,1.1223,0.0058,0.2896,2.3067,0,4,0,0,0,0,0,0,0,0,0,0,4,0,0,0,0,0,0,0,0,0
pbt,bintrie,5,4,storage_sload_k4500,1,,2089,0,0,0.0825,1.7476,0.0055,0.5017,2.7725,0,4,0,0,0,0,0,0,0,0,0,0,4,0,0,0,0,0,0,0,0,0
pbt,bintrie,5,4,storage_sload_k4500,1,,2090,0,0,0.0855,1.9795,0.0055,0.5116,3.0621,0,4,0,0,0,0,0,0,0,0,0,0,4,0,0,0,0,0,0,0,0,0
pbt,bintrie,5,4,storage_sload_k4500,1,,2091,0,0,0.0662,0.7604,0.0041,1.7348,5.0655,0,4,0,0,0,0,0,0,0,0,0,0,4,0,0,0,0,0,0,0,0,0
pbt,bintrie,5,4,storage_sload_k4500,1,,2092,0,0,0.0321,0.5337,0.002,0.159,0.8896,0,4,0,0,0,0,0,0,0,0,0,0,4,0,0,0,0,0,0,0,0,0
pbt,bintrie,5,4,storage_sload_k4500,1,,2093,0,0,0.0537,0.4757,0.0017,0.1353,0.8015,0,4,0,0,0,0,0,0,0,0,0,0,4,0,0,0,0,0,0,0,0,0
pbt,bintrie,5,4,storage_sload_k4500,1,,2094,0,0,0.0309,0.6075,0.002,0.1706,1.0124,0,4,0,0,0,0,0,0,0,0,0,0,4,0,0,0,0,0,0,0,0,0
pbt,bintrie,5,4,storage_sload_k4500,1,,2095,86924,2,2.3543,14.2315,7.857,1.96,50.5685,1.7189,11,0,0,0,3,0,0,0,1,160,6,5,54.55,0,0,0,0,0,0,0,0
pbt,bintrie,5,4,storage_sload_k4500,1,,2096,99900025,1,1924.5417,212.6879,38.9388,3.4541,2180.0475,45.8247,4507,5002,4501,126160,2,0,0,0,0,0,747,3760,16.57,853,4149,17.05,4501,0,100,126160,0
pbt,bintrie,5,4,storage_sload_k4500,1,,2097,21000,1,0.0551,0.5434,26.8245,1.6697,42.8459,0.4901,6,0,0,0,2,0,0,0,0,0,2,4,33.33,0,0,0,0,0,0,0,0
pbt,bintrie,5,4,storage_sload_k4500,1,,2098,0,0,0.1785,2.0425,0.0102,0.4687,3.6198,0,4,0,0,0,0,0,0,0,0,0,0,4,0,0,0,0,0,0,0,0,0
pbt,bintrie,5,4,storage_sload_k4500,1,,2099,0,0,0.0621,0.7504,0.0058,0.4564,1.698,0,4,0,0,0,0,0,0,0,0,0,0,4,0,0,0,0,0,0,0,0,0
pbt,bintrie,5,4,storage_sload_k4500,2,,2100,0,0,0.1301,1.5429,0.0087,6.1937,9.775,0,4,0,0,0,0,0,0,0,0,0,0,4,0,0,0,0,0,0,0,0,0
pbt,bintrie,5,4,storage_sload_k4500,2,,2101,0,0,0.0656,0.8292,0.0035,0.3512,2.1081,0,4,0,0,0,0,0,0,0,0,0,0,4,0,0,0,0,0,0,0,0,0
pbt,bintrie,5,4,storage_sload_k4500,2,,2102,0,0,0.0318,0.5565,0.0029,0.1094,0.8916,0,4,0,0,0,0,0,0,0,0,0,0,4,0,0,0,0,0,0,0,0,0
pbt,bintrie,5,4,storage_sload_k4500,2,,2103,0,0,0.0324,0.4506,0.002,0.1047,0.716,0,4,0,0,0,0,0,0,0,0,0,0,4,0,0,0,0,0,0,0,0,0
pbt,bintrie,5,4,storage_sload_k4500,2,,2104,0,0,0.0408,0.4407,0.0026,0.2447,1.0488,0,4,0,0,0,0,0,0,0,0,0,0,4,0,0,0,0,0,0,0,0,0
pbt,bintrie,5,4,storage_sload_k4500,2,,2105,0,0,0.0659,0.7175,0.0064,0.28,1.4335,0,4,0,0,0,0,0,0,0,0,0,0,4,0,0,0,0,0,0,0,0,0
pbt,bintrie,5,4,storage_sload_k4500,2,,2106,0,0,0.0694,1.4175,0.0053,0.3605,2.2986,0,4,0,0,0,0,0,0,0,0,0,0,4,0,0,0,0,0,0,0,0,0
pbt,bintrie,5,4,storage_sload_k4500,2,,2107,0,0,0.2972,3.0423,0.0155,0.6554,5.1411,0,4,0,0,0,0,0,0,0,0,0,0,4,0,0,0,0,0,0,0,0,0
pbt,bintrie,5,4,storage_sload_k4500,2,,2108,0,0,0.0773,1.458,0.0067,0.2882,2.2525,0,4,0,0,0,0,0,0,0,0,0,0,4,0,0,0,0,0,0,0,0,0
pbt,bintrie,5,4,storage_sload_k4500,2,,2109,0,0,0.0799,1.8083,0.0058,0.3141,2.592,0,4,0,0,0,0,0,0,0,0,0,0,4,0,0,0,0,0,0,0,0,0
pbt,bintrie,5,4,storage_sload_k4500,2,,2110,0,0,0.3955,4.607,0.0429,0.9718,7.213,0,4,0,0,0,0,0,0,0,0,0,0,4,0,0,0,0,0,0,0,0,0
pbt,bintrie,5,4,storage_sload_k4500,2,,2111,0,0,0.0817,1.7955,0.0053,0.4541,2.9207,0,4,0,0,0,0,0,0,0,0,0,0,4,0,0,0,0,0,0,0,0,0
pbt,bintrie,5,4,storage_sload_k4500,2,,2112,0,0,0.0974,1.3157,0.0064,0.2873,2.1131,0,4,0,0,0,0,0,0,0,0,0,0,4,0,0,0,0,0,0,0,0,0
pbt,bintrie,5,4,storage_sload_k4500,2,,2113,0,0,0.0761,1.9579,0.0047,0.3322,2.7396,0,4,0,0,0,0,0,0,0,0,0,0,4,0,0,0,0,0,0,0,0,0
pbt,bintrie,5,4,storage_sload_k4500,2,,2114,0,0,0.0965,1.4224,0.009,0.4072,2.3085,0,4,0,0,0,0,0,0,0,0,0,0,4,0,0,0,0,0,0,0,0,0
pbt,bintrie,5,4,storage_sload_k4500,2,,2115,0,0,0.0295,0.5072,0.002,0.2266,0.9199,0,4,0,0,0,0,0,0,0,0,0,0,4,0,0,0,0,0,0,0,0,0
pbt,bintrie,5,4,storage_sload_k4500,2,,2116,0,0,0.1522,2.2093,0.0067,0.4179,6.1992,0,4,0,0,0,0,0,0,0,0,0,0,4,0,0,0,0,0,0,0,0,0
pbt,bintrie,5,4,storage_sload_k4500,2,,2117,0,0,0.0344,0.4273,0.0017,0.119,0.7329,0,4,0,0,0,0,0,0,0,0,0,0,4,0,0,0,0,0,0,0,0,0
pbt,bintrie,5,4,storage_sload_k4500,2,,2118,0,0,0.0367,0.4923,0.0018,0.2205,0.9021,0,4,0,0,0,0,0,0,0,0,0,0,4,0,0,0,0,0,0,0,0,0
pbt,bintrie,5,4,storage_sload_k4500,2,,2119,86924,2,0.1665,0.8149,20.4794,2.6938,27.5948,3.15,11,0,0,0,3,0,0,0,1,160,4,7,36.36,0,0,0,0,0,0,0,0
pbt,bintrie,5,4,storage_sload_k4500,2,,2120,99900025,1,1751.5249,187.5015,8.6818,1.9381,1981.4299,50.4181,4507,5002,4501,126160,2,0,0,0,0,0,722,3785,16.02,776,4226,15.51,4501,0,100,126160,0
pbt,bintrie,5,4,storage_sload_k4500,2,,2121,21000,1,0.8639,2.4992,58.0218,1.9885,84.2038,0.2494,6,0,0,0,2,0,0,0,0,0,0,6,0,0,0,0,0,0,0,0,0
pbt,bintrie,5,4,storage_sload_k4500,2,,2122,0,0,0.079,1.4283,0.0102,0.3841,2.3747,0,4,0,0,0,0,0,0,0,0,0,0,4,0,0,0,0,0,0,0,0,0
pbt,bintrie,5,4,storage_sload_k4500,2,,2123,0,0,0.1374,1.577,0.0082,0.406,2.7853,0,4,0,0,0,0,0,0,0,0,0,0,4,0,0,0,0,0,0,0,0,0
pbt,bintrie,5,4,storage_sload_k4500,3,,2124,0,0,0.1286,1.386,0.0064,0.4958,2.5587,0,4,0,0,0,0,0,0,0,0,0,0,4,0,0,0,0,0,0,0,0,0
pbt,bintrie,5,4,storage_sload_k4500,3,,2125,0,0,0.0528,0.6536,0.0032,0.4255,7.7794,0,4,0,0,0,0,0,0,0,0,0,0,4,0,0,0,0,0,0,0,0,0
pbt,bintrie,5,4,storage_sload_k4500,3,,2126,0,0,0.0219,0.3972,0.0015,0.0802,0.6317,0,4,0,0,0,0,0,0,0,0,0,0,4,0,0,0,0,0,0,0,0,0
pbt,bintrie,5,4,storage_sload_k4500,3,,2127,0,0,0.0306,0.4007,0.0012,0.0933,0.6653,0,4,0,0,0,0,0,0,0,0,0,0,4,0,0,0,0,0,0,0,0,0
pbt,bintrie,5,4,storage_sload_k4500,3,,2128,0,0,0.1776,1.9912,0.0061,0.3582,8.333,0,4,0,0,0,0,0,0,0,0,0,0,4,0,0,0,0,0,0,0,0,0
pbt,bintrie,5,4,storage_sload_k4500,3,,2129,0,0,0.0855,1.3166,0.0061,0.4477,2.3021,0,4,0,0,0,0,0,0,0,0,0,0,4,0,0,0,0,0,0,0,0,0
pbt,bintrie,5,4,storage_sload_k4500,3,,2130,0,0,0.082,1.3454,0.0064,0.3797,2.1247,0,4,0,0,0,0,0,0,0,0,0,0,4,0,0,0,0,0,0,0,0,0
pbt,bintrie,5,4,storage_sload_k4500,3,,2131,0,0,0.0787,1.3924,0.0067,0.3447,2.2125,0,4,0,0,0,0,0,0,0,0,0,0,4,0,0,0,0,0,0,0,0,0
pbt,bintrie,5,4,storage_sload_k4500,3,,2132,0,0,0.079,1.8932,0.0053,0.3232,2.7223,0,4,0,0,0,0,0,0,0,0,0,0,4,0,0,0,0,0,0,0,0,0
pbt,bintrie,5,4,storage_sload_k4500,3,,2133,0,0,0.0747,0.8616,0.0061,0.3036,1.7427,0,4,0,0,0,0,0,0,0,0,0,0,4,0,0,0,0,0,0,0,0,0
pbt,bintrie,5,4,storage_sload_k4500,3,,2134,0,0,0.1315,1.8007,0.0053,0.3386,2.9385,0,4,0,0,0,0,0,0,0,0,0,0,4,0,0,0,0,0,0,0,0,0
pbt,bintrie,5,4,storage_sload_k4500,3,,2135,0,0,0.0312,0.3684,0.0026,0.1342,0.716,0,4,0,0,0,0,0,0,0,0,0,0,4,0,0,0,0,0,0,0,0,0
pbt,bintrie,5,4,storage_sload_k4500,3,,2136,0,0,0.0782,1.3495,0.0064,0.4305,2.1749,0,4,0,0,0,0,0,0,0,0,0,0,4,0,0,0,0,0,0,0,0,0
pbt,bintrie,5,4,storage_sload_k4500,3,,2137,0,0,0.1041,1.4341,0.005,0.3024,2.3021,0,4,0,0,0,0,0,0,0,0,0,0,4,0,0,0,0,0,0,0,0,0
pbt,bintrie,5,4,storage_sload_k4500,3,,2138,0,0,0.2074,2.5514,0.0105,0.4967,4.0739,0,4,0,0,0,0,0,0,0,0,0,0,4,0,0,0,0,0,0,0,0,0
pbt,bintrie,5,4,storage_sload_k4500,3,,2139,0,0,0.0327,0.5355,0.002,0.1438,0.8866,0,4,0,0,0,0,0,0,0,0,0,0,4,0,0,0,0,0,0,0,0,0
pbt,bintrie,5,4,storage_sload_k4500,3,,2140,0,0,0.0484,0.7566,0.0038,0.2526,1.3749,0,4,0,0,0,0,0,0,0,0,0,0,4,0,0,0,0,0,0,0,0,0
pbt,bintrie,5,4,storage_sload_k4500,3,,2141,0,0,0.0341,0.4734,0.0015,0.1849,0.8359,0,4,0,0,0,0,0,0,0,0,0,0,4,0,0,0,0,0,0,0,0,0
pbt,bintrie,5,4,storage_sload_k4500,3,,2142,0,0,0.0408,0.5734,0.0035,0.7405,1.6727,0,4,0,0,0,0,0,0,0,0,0,0,4,0,0,0,0,0,0,0,0,0
pbt,bintrie,5,4,storage_sload_k4500,3,,2143,86924,2,1.1634,19.1646,0.6752,2.5004,24.0068,3.6208,11,0,0,0,3,0,0,0,1,160,4,7,36.36,0,0,0,0,0,0,0,0
pbt,bintrie,5,4,storage_sload_k4500,3,,2144,99900025,1,1772.3475,187.1327,71.3766,11.8288,2043.5705,48.885,4507,5002,4501,126160,2,0,0,0,0,0,956,3551,21.21,1063,3939,21.25,4501,0,100,126160,0
pbt,bintrie,5,4,storage_sload_k4500,3,,2145,21000,1,0.5291,1.6458,38.7178,2.4138,45.754,0.459,6,0,0,0,2,0,0,0,0,0,0,6,0,0,0,0,0,0,0,0,0
pbt,bintrie,5,4,storage_sload_k4500,3,,2146,0,0,0.1275,1.8494,0.0055,0.3541,2.8755,0,4,0,0,0,0,0,0,0,0,0,0,4,0,0,0,0,0,0,0,0,0
pbt,bintrie,5,4,storage_sload_k4500,3,,2147,0,0,0.0525,0.5684,0.0047,0.2406,1.1494,0,4,0,0,0,0,0,0,0,0,0,0,4,0,0,0,0,0,0,0,0,0
pbt,bintrie,5,4,storage_sload_k4500,4,,2148,0,0,0.1254,1.4781,0.012,0.5585,2.6474,0,4,0,0,0,0,0,0,0,0,0,0,4,0,0,0,0,0,0,0,0,0
pbt,bintrie,5,4,storage_sload_k4500,4,,2149,0,0,0.1003,1.5356,0.0085,0.555,3.14,0,4,0,0,0,0,0,0,0,0,0,0,4,0,0,0,0,0,0,0,0,0
pbt,bintrie,5,4,storage_sload_k4500,4,,2150,0,0,0.0292,0.4897,0.002,0.1105,0.8875,0,4,0,0,0,0,0,0,0,0,0,0,4,0,0,0,0,0,0,0,0,0
pbt,bintrie,5,4,storage_sload_k4500,4,,2151,0,0,0.11,1.1381,0.0029,0.1435,4.8156,0,4,0,0,0,0,0,0,0,0,0,0,4,0,0,0,0,0,0,0,0,0
pbt,bintrie,5,4,storage_sload_k4500,4,,2152,0,0,0.0516,0.6501,0.0047,0.2733,4.5388,0,4,0,0,0,0,0,0,0,0,0,0,4,0,0,0,0,0,0,0,0,0
pbt,bintrie,5,4,storage_sload_k4500,4,,2153,0,0,0.0312,0.4515,0.0023,0.1476,0.7904,0,4,0,0,0,0,0,0,0,0,0,0,4,0,0,0,0,0,0,0,0,0
pbt,bintrie,5,4,storage_sload_k4500,4,,2154,0,0,0.0907,1.3472,0.0111,0.3348,2.1796,0,4,0,0,0,0,0,0,0,0,0,0,4,0,0,0,0,0,0,0,0,0
pbt,bintrie,5,4,storage_sload_k4500,4,,2155,0,0,0.0872,1.7322,0.0053,0.3442,2.7028,0,4,0,0,0,0,0,0,0,0,0,0,4,0,0,0,0,0,0,0,0,0
pbt,bintrie,5,4,storage_sload_k4500,4,,2156,0,0,0.03,0.4279,0.0015,0.1385,0.7846,0,4,0,0,0,0,0,0,0,0,0,0,4,0,0,0,0,0,0,0,0,0
pbt,bintrie,5,4,storage_sload_k4500,4,,2157,0,0,0.0869,1.4064,0.0058,0.3459,2.1452,0,4,0,0,0,0,0,0,0,0,0,0,4,0,0,0,0,0,0,0,0,0
pbt,bintrie,5,4,storage_sload_k4500,4,,2158,0,0,0.1435,1.656,0.0073,0.4174,2.9052,0,4,0,0,0,0,0,0,0,0,0,0,4,0,0,0,0,0,0,0,0,0
pbt,bintrie,5,4,storage_sload_k4500,4,,2159,0,0,0.03,0.3634,0.0015,0.2182,0.8263,0,4,0,0,0,0,0,0,0,0,0,0,4,0,0,0,0,0,0,0,0,0
pbt,bintrie,5,4,storage_sload_k4500,4,,2160,0,0,0.086,1.3874,0.0073,0.3619,2.2957,0,4,0,0,0,0,0,0,0,0,0,0,4,0,0,0,0,0,0,0,0,0
pbt,bintrie,5,4,storage_sload_k4500,4,,2161,0,0,0.0362,0.758,0.0029,0.2322,1.3201,0,4,0,0,0,0,0,0,0,0,0,0,4,0,0,0,0,0,0,0,0,0
pbt,bintrie,5,4,storage_sload_k4500,4,,2162,0,0,0.0822,1.7342,0.0044,0.3964,2.8533,0,4,0,0,0,0,0,0,0,0,0,0,4,0,0,0,0,0,0,0,0,0
pbt,bintrie,5,4,storage_sload_k4500,4,,2163,0,0,0.0557,0.8446,0.0044,0.2365,1.5321,0,4,0,0,0,0,0,0,0,0,0,0,4,0,0,0,0,0,0,0,0,0
pbt,bintrie,5,4,storage_sload_k4500,4,,2164,0,0,0.0289,0.4777,0.0017,0.1044,0.7411,0,4,0,0,0,0,0,0,0,0,0,0,4,0,0,0,0,0,0,0,0,0
pbt,bintrie,5,4,storage_sload_k4500,4,,2165,0,0,0.0452,0.7023,0.0035,0.217,2.9883,0,4,0,0,0,0,0,0,0,0,0,0,4,0,0,0,0,0,0,0,0,0
pbt,bintrie,5,4,storage_sload_k4500,4,,2166,0,0,0.0295,0.4748,0.0029,0.1493,0.8362,0,4,0,0,0,0,0,0,0,0,0,0,4,0,0,0,0,0,0,0,0,0
pbt,bintrie,5,4,storage_sload_k4500,4,,2167,0,0,0.0983,1.9877,0.0076,0.4389,3.1164,0,4,0,0,0,0,0,0,0,0,0,0,4,0,0,0,0,0,0,0,0,0
pbt,bintrie,5,4,storage_sload_k4500,4,,2168,86924,2,0.5839,13.579,27.555,2.5701,47.5905,1.8265,11,0,0,0,3,0,0,0,1,160,6,5,54.55,0,0,0,0,0,0,0,0
pbt,bintrie,5,4,storage_sload_k4500,4,,2169,0,0,0.0828,1.4577,0.0061,0.7434,3.2345,0,4,0,0,0,0,0,0,0,0,0,0,4,0,0,0,0,0,0,0,0,0
pbt,bintrie,5,4,storage_sload_k4500,4,,2170,99900025,1,1912.9555,153.3043,7.659,2.0509,2076.3676,48.1129,4507,5002,4501,126160,2,0,0,0,0,0,1717,2790,38.1,2127,2875,42.52,4501,0,100,126160,0
pbt,bintrie,5,4,storage_sload_k4500,4,,2171,21000,1,0.1502,1.1101,8.5765,0.6848,43.5526,0.4822,6,0,0,0,2,0,0,0,0,0,2,4,33.33,0,0,0,0,0,0,0,0
pbt,bintrie,5,4,storage_sload_k4500,4,,2172,0,0,0.0612,0.9196,0.0055,0.6128,2.5675,0,4,0,0,0,0,0,0,0,0,0,0,4,0,0,0,0,0,0,0,0,0
pbt,bintrie,5,4,storage_sload_k4500,4,,2173,0,0,0.1059,1.4644,0.0114,0.6842,3.3748,0,4,0,0,0,0,0,0,0,0,0,0,4,0,0,0,0,0,0,0,0,0
pbt,bintrie,5,4,storage_sload_k4500,5,,2174,0,0,0.0817,1.1643,0.0032,0.3328,1.843,0,4,0,0,0,0,0,0,0,0,0,0,4,0,0,0,0,0,0,0,0,0
pbt,bintrie,5,4,storage_sload_k4500,5,,2175,0,0,0.0219,0.4646,0.0015,0.1114,0.7134,0,4,0,0,0,0,0,0,0,0,0,0,4,0,0,0,0,0,0,0,0,0
pbt,bintrie,5,4,storage_sload_k4500,5,,2176,0,0,0.047,0.7951,0.0032,0.1487,1.3478,0,4,0,0,0,0,0,0,0,0,0,0,4,0,0,0,0,0,0,0,0,0
pbt,bintrie,5,4,storage_sload_k4500,5,,2177,0,0,0.0262,0.5399,0.0018,0.191,1.1112,0,4,0,0,0,0,0,0,0,0,0,0,4,0,0,0,0,0,0,0,0,0
pbt,bintrie,5,4,storage_sload_k4500,5,,2178,0,0,0.0297,0.4497,0.0032,0.1263,0.7851,0,4,0,0,0,0,0,0,0,0,0,0,4,0,0,0,0,0,0,0,0,0
pbt,bintrie,5,4,storage_sload_k4500,5,,2179,0,0,0.0458,0.8864,0.0029,0.2424,1.5443,0,4,0,0,0,0,0,0,0,0,0,0,4,0,0,0,0,0,0,0,0,0
pbt,bintrie,5,4,storage_sload_k4500,5,,2180,0,0,0.0344,0.3707,0.0012,0.1522,0.7618,0,4,0,0,0,0,0,0,0,0,0,0,4,0,0,0,0,0,0,0,0,0
pbt,bintrie,5,4,storage_sload_k4500,5,,2181,0,0,0.0283,0.4142,0.0015,0.9636,1.6464,0,4,0,0,0,0,0,0,0,0,0,0,4,0,0,0,0,0,0,0,0,0
pbt,bintrie,5,4,storage_sload_k4500,5,,2182,0,0,0.0286,0.3794,0.0009,0.189,0.7875,0,4,0,0,0,0,0,0,0,0,0,0,4,0,0,0,0,0,0,0,0,0
pbt,bintrie,5,4,storage_sload_k4500,5,,2183,0,0,0.0811,1.3685,0.005,0.3389,2.1157,0,4,0,0,0,0,0,0,0,0,0,0,4,0,0,0,0,0,0,0,0,0
pbt,bintrie,5,4,storage_sload_k4500,5,,2184,0,0,0.0907,1.1246,0.0085,1.4017,5.9449,0,4,0,0,0,0,0,0,0,0,0,0,4,0,0,0,0,0,0,0,0,0
pbt,bintrie,5,4,storage_sload_k4500,5,,2185,0,0,0.0793,1.3131,0.0047,0.3567,2.1032,0,4,0,0,0,0,0,0,0,0,0,0,4,0,0,0,0,0,0,0,0,0
pbt,bintrie,5,4,storage_sload_k4500,5,,2186,0,0,0.0691,1.2159,0.0038,0.3517,2.0352,0,4,0,0,0,0,0,0,0,0,0,0,4,0,0,0,0,0,0,0,0,0
pbt,bintrie,5,4,storage_sload_k4500,5,,2187,0,0,0.0968,1.3358,0.0052,0.2957,2.0585,0,4,0,0,0,0,0,0,0,0,0,0,4,0,0,0,0,0,0,0,0,0
pbt,bintrie,5,4,storage_sload_k4500,5,,2188,0,0,0.0388,0.4445,0.0029,0.1902,0.8992,0,4,0,0,0,0,0,0,0,0,0,0,4,0,0,0,0,0,0,0,0,0
pbt,bintrie,5,4,storage_sload_k4500,5,,2189,0,0,0.0362,0.4774,0.002,0.1254,0.7857,0,4,0,0,0,0,0,0,0,0,0,0,4,0,0,0,0,0,0,0,0,0
pbt,bintrie,5,4,storage_sload_k4500,5,,2190,0,0,0.0297,0.4118,0.0015,0.1149,0.695,0,4,0,0,0,0,0,0,0,0,0,0,4,0,0,0,0,0,0,0,0,0
pbt,bintrie,5,4,storage_sload_k4500,5,,2191,0,0,0.0309,0.5139,0.0023,0.2164,1.0357,0,4,0,0,0,0,0,0,0,0,0,0,4,0,0,0,0,0,0,0,0,0
pbt,bintrie,5,4,storage_sload_k4500,5,,2192,0,0,0.0385,0.4614,0.0038,0.1318,0.7994,0,4,0,0,0,0,0,0,0,0,0,0,4,0,0,0,0,0,0,0,0,0
pbt,bintrie,5,4,storage_sload_k4500,5,,2193,86924,2,0.1619,19.153,14.3785,1.6587,35.6265,2.4399,11,0,0,0,3,0,0,0,1,160,4,7,36.36,0,0,0,0,0,0,0,0
pbt,bintrie,5,4,storage_sload_k4500,5,,2194,0,0,0.6431,1.6779,0.0079,0.6434,4.0613,0,4,0,0,0,0,0,0,0,0,0,0,4,0,0,0,0,0,0,0,0,0
pbt,bintrie,5,4,storage_sload_k4500,5,,2195,99900025,1,1841.208,205.4424,1.3565,23.8986,2072.2572,48.2083,4507,5002,4501,126160,2,0,0,0,0,0,578,3929,12.82,616,4386,12.32,4501,0,100,126160,0
pbt,bintrie,5,4,storage_sload_k4500,5,,2196,21000,1,0.3118,1.323,28.8261,2.487,62.3559,0.3368,6,0,0,0,2,0,0,0,0,0,0,6,0,0,0,0,0,0,0,0,0
pbt,bintrie,5,4,storage_sload_k4500,5,,2197,0,0,0.0472,0.4506,0.0023,0.1642,0.8934,0,4,0,0,0,0,0,0,0,0,0,0,4,0,0,0,0,0,0,0,0,0
pbt,bintrie,5,4,storage_sload_k4500,6,,2199,0,0,0.0744,0.653,0.0038,0.3672,1.4026,0,4,0,0,0,0,0,0,0,0,0,0,4,0,0,0,0,0,0,0,0,0
pbt,bintrie,5,4,storage_sload_k4500,6,,2200,0,0,0.1175,0.9459,0.0096,0.4325,2.5194,0,4,0,0,0,0,0,0,0,0,0,0,4,0,0,0,0,0,0,0,0,0
pbt,bintrie,5,4,storage_sload_k4500,6,,2201,0,0,0.0289,0.4745,0.0018,0.131,0.7764,0,4,0,0,0,0,0,0,0,0,0,0,4,0,0,0,0,0,0,0,0,0
pbt,bintrie,5,4,storage_sload_k4500,6,,2202,0,0,0.0312,0.492,0.002,0.0997,0.7534,0,4,0,0,0,0,0,0,0,0,0,0,4,0,0,0,0,0,0,0,0,0
pbt,bintrie,5,4,storage_sload_k4500,6,,2203,0,0,0.0353,0.5833,0.0023,0.1776,0.9371,0,4,0,0,0,0,0,0,0,0,0,0,4,0,0,0,0,0,0,0,0,0
pbt,bintrie,5,4,storage_sload_k4500,6,,2204,0,0,0.0458,0.896,0.002,0.2631,1.4682,0,4,0,0,0,0,0,0,0,0,0,0,4,0,0,0,0,0,0,0,0,0
pbt,bintrie,5,4,storage_sload_k4500,6,,2205,0,0,0.03,0.366,0.0018,0.1394,0.7997,0,4,0,0,0,0,0,0,0,0,0,0,4,0,0,0,0,0,0,0,0,0
pbt,bintrie,5,4,storage_sload_k4500,6,,2206,0,0,0.028,0.3914,0.0006,0.1263,0.7207,0,4,0,0,0,0,0,0,0,0,0,0,4,0,0,0,0,0,0,0,0,0
pbt,bintrie,5,4,storage_sload_k4500,6,,2207,0,0,0.0776,1.7552,0.0073,0.4334,2.8154,0,4,0,0,0,0,0,0,0,0,0,0,4,0,0,0,0,0,0,0,0,0
pbt,bintrie,5,4,storage_sload_k4500,6,,2208,0,0,0.0268,0.3681,0.0009,0.1426,0.7916,0,4,0,0,0,0,0,0,0,0,0,0,4,0,0,0,0,0,0,0,0,0
pbt,bintrie,5,4,storage_sload_k4500,6,,2209,0,0,0.1747,2.867,0.0102,0.6752,4.7456,0,4,0,0,0,0,0,0,0,0,0,0,4,0,0,0,0,0,0,0,0,0
pbt,bintrie,5,4,storage_sload_k4500,6,,2210,0,0,0.0799,1.3355,0.0061,0.2902,2.116,0,4,0,0,0,0,0,0,0,0,0,0,4,0,0,0,0,0,0,0,0,0
pbt,bintrie,5,4,storage_sload_k4500,6,,2211,0,0,0.0365,0.3687,0.0012,0.2109,0.8347,0,4,0,0,0,0,0,0,0,0,0,0,4,0,0,0,0,0,0,0,0,0
pbt,bintrie,5,4,storage_sload_k4500,6,,2212,0,0,0.2508,1.8191,0.005,0.4086,3.0429,0,4,0,0,0,0,0,0,0,0,0,0,4,0,0,0,0,0,0,0,0,0
pbt,bintrie,5,4,storage_sload_k4500,6,,2213,0,0,0.0315,0.3885,0.0012,0.1549,0.8164,0,4,0,0,0,0,0,0,0,0,0,0,4,0,0,0,0,0,0,0,0,0
pbt,bintrie,5,4,storage_sload_k4500,6,,2214,0,0,0.0729,1.3256,0.0073,0.3689,2.2764,0,4,0,0,0,0,0,0,0,0,0,0,4,0,0,0,0,0,0,0,0,0
pbt,bintrie,5,4,storage_sload_k4500,6,,2215,0,0,0.0458,0.6886,0.0026,0.9386,3.0607,0,4,0,0,0,0,0,0,0,0,0,0,4,0,0,0,0,0,0,0,0,0
pbt,bintrie,5,4,storage_sload_k4500,6,,2216,0,0,0.1674,2.0953,0.0055,0.4007,3.2167,0,4,0,0,0,0,0,0,0,0,0,0,4,0,0,0,0,0,0,0,0,0
pbt,bintrie,5,4,storage_sload_k4500,6,,2217,0,0,0.0248,0.4751,0.0018,0.1473,0.7738,0,4,0,0,0,0,0,0,0,0,0,0,4,0,0,0,0,0,0,0,0,0
pbt,bintrie,5,4,storage_sload_k4500,6,,2218,86924,2,0.5833,12.0155,22.7614,1.505,37.1046,2.3427,11,0,0,0,3,0,0,0,1,160,4,7,36.36,0,0,0,0,0,0,0,0
pbt,bintrie,5,4,storage_sload_k4500,6,,2219,99900025,1,1883.249,140.7168,2.7544,1.4446,2065.904,48.3566,4507,5002,4501,126160,2,0,0,0,0,0,2007,2500,44.53,2368,2634,47.34,4501,0,100,126160,0
pbt,bintrie,5,4,storage_sload_k4500,6,,2220,21000,1,0.2841,0.714,35.2001,0.9666,37.4514,0.5607,6,0,0,0,2,0,0,0,0,0,2,4,33.33,0,0,0,0,0,0,0,0
pbt,bintrie,5,4,storage_sload_k4500,6,,2221,0,0,0.0974,1.5137,0.0093,0.3777,2.3869,0,4,0,0,0,0,0,0,0,0,0,0,4,0,0,0,0,0,0,0,0,0
pbt,bintrie,5,4,storage_sload_k4500,6,,2222,0,0,0.0825,1.395,0.0058,0.5294,2.8752,0,4,0,0,0,0,0,0,0,0,0,0,4,0,0,0,0,0,0,0,0,0
pbt,bintrie,5,4,storage_sload_k4500,7,,2223,0,0,0.1167,1.4058,0.0067,0.4401,2.3403,0,4,0,0,0,0,0,0,0,0,0,0,4,0,0,0,0,0,0,0,0,0
pbt,bintrie,5,4,storage_sload_k4500,7,,2224,0,0,0.1038,1.467,0.0082,0.6288,2.8326,0,4,0,0,0,0,0,0,0,0,0,0,4,0,0,0,0,0,0,0,0,0
pbt,bintrie,5,4,storage_sload_k4500,7,,2225,0,0,0.0248,0.4063,0.0023,0.0983,0.6638,0,4,0,0,0,0,0,0,0,0,0,0,4,0,0,0,0,0,0,0,0,0
pbt,bintrie,5,4,storage_sload_k4500,7,,2226,0,0,0.0321,0.4328,0.0023,0.1164,0.814,0,4,0,0,0,0,0,0,0,0,0,0,4,0,0,0,0,0,0,0,0,0
pbt,bintrie,5,4,storage_sload_k4500,7,,2227,0,0,0.0391,0.4559,0.0032,0.1295,0.8277,0,4,0,0,0,0,0,0,0,0,0,0,4,0,0,0,0,0,0,0,0,0
pbt,bintrie,5,4,storage_sload_k4500,7,,2228,0,0,0.07,0.7968,0.0038,1.2667,3.9607,0,4,0,0,0,0,0,0,0,0,0,0,4,0,0,0,0,0,0,0,0,0
pbt,bintrie,5,4,storage_sload_k4500,7,,2229,0,0,0.0796,1.3653,0.0064,0.3897,2.3356,0,4,0,0,0,0,0,0,0,0,0,0,4,0,0,0,0,0,0,0,0,0
pbt,bintrie,5,4,storage_sload_k4500,7,,2230,0,0,0.1619,12.1403,0.014,0.3914,14.8562,0,4,0,0,0,0,0,0,0,0,0,0,4,0,0,0,0,0,0,0,0,0
pbt,bintrie,5,4,storage_sload_k4500,7,,2231,0,0,0.0881,1.3399,0.0076,0.3162,2.2096,0,4,0,0,0,0,0,0,0,0,0,0,4,0,0,0,0,0,0,0,0,0
pbt,bintrie,5,4,storage_sload_k4500,7,,2232,0,0,0.0747,1.355,0.0058,0.4133,2.1387,0,4,0,0,0,0,0,0,0,0,0,0,4,0,0,0,0,0,0,0,0,0
pbt,bintrie,5,4,storage_sload_k4500,7,,2233,0,0,0.3092,1.7327,0.0082,1.0718,6.5396,0,4,0,0,0,0,0,0,0,0,0,0,4,0,0,0,0,0,0,0,0,0
pbt,bintrie,5,4,storage_sload_k4500,7,,2234,0,0,0.0927,1.4096,0.0087,0.4031,2.3196,0,4,0,0,0,0,0,0,0,0,0,0,4,0,0,0,0,0,0,0,0,0
pbt,bintrie,5,4,storage_sload_k4500,7,,2235,0,0,0.0913,1.4437,0.0061,0.3599,2.3216,0,4,0,0,0,0,0,0,0,0,0,0,4,0,0,0,0,0,0,0,0,0
pbt,bintrie,5,4,storage_sload_k4500,7,,2236,0,0,0.0866,1.5251,0.0058,0.4424,3.0688,0,4,0,0,0,0,0,0,0,0,0,0,4,0,0,0,0,0,0,0,0,0
pbt,bintrie,5,4,storage_sload_k4500,7,,2237,0,0,0.0408,0.4882,0.0023,0.1563,0.9473,0,4,0,0,0,0,0,0,0,0,0,0,4,0,0,0,0,0,0,0,0,0
pbt,bintrie,5,4,storage_sload_k4500,7,,2238,0,0,0.0817,1.1138,0.0064,0.2747,1.8328,0,4,0,0,0,0,0,0,0,0,0,0,4,0,0,0,0,0,0,0,0,0
pbt,bintrie,5,4,storage_sload_k4500,7,,2239,0,0,0.0216,0.3847,0.0015,0.0983,0.6752,0,4,0,0,0,0,0,0,0,0,0,0,4,0,0,0,0,0,0,0,0,0
pbt,bintrie,5,4,storage_sload_k4500,7,,2240,0,0,0.0242,0.4162,0.0026,0.1467,0.7604,0,4,0,0,0,0,0,0,0,0,0,0,4,0,0,0,0,0,0,0,0,0
pbt,bintrie,5,4,storage_sload_k4500,7,,2241,0,0,0.0312,0.4387,0.0018,0.1187,0.8018,0,4,0,0,0,0,0,0,0,0,0,0,4,0,0,0,0,0,0,0,0,0
pbt,bintrie,5,4,storage_sload_k4500,7,,2242,0,0,0.1056,1.477,0.0061,0.5728,2.8031,0,4,0,0,0,0,0,0,0,0,0,0,4,0,0,0,0,0,0,0,0,0
pbt,bintrie,5,4,storage_sload_k4500,7,,2243,86924,2,0.3462,16.9202,40.3729,4.5557,63.0289,1.3791,11,0,0,0,3,0,0,0,1,160,4,7,36.36,0,0,0,0,0,0,0,0
pbt,bintrie,5,4,storage_sload_k4500,7,,2244,99900025,1,1857.3432,167.1011,0.6495,7.0243,2032.3539,49.1548,4507,5002,4501,126160,2,0,0,0,0,0,1558,2949,34.57,1623,3379,32.45,4501,0,100,126160,0
pbt,bintrie,5,4,storage_sload_k4500,7,,2245,21000,1,15.0802,1.2766,6.4897,1.6767,39.565,0.5308,6,0,0,0,2,0,0,0,0,0,2,4,33.33,0,0,0,0,0,0,0,0
pbt,bintrie,5,4,storage_sload_k4500,7,,2246,0,0,0.182,1.8952,0.0105,0.7904,4.2218,0,4,0,0,0,0,0,0,0,0,0,0,4,0,0,0,0,0,0,0,0,0
pbt,bintrie,5,4,storage_sload_k4500,7,,2247,0,0,0.1085,1.5172,0.0093,0.7213,3.4757,0,4,0,0,0,0,0,0,0,0,0,0,4,0,0,0,0,0,0,0,0,0
pbt,bintrie,5,4,storage_sload_k4500,8,,2248,0,0,0.0636,0.646,0.0041,0.2736,1.2448,0,4,0,0,0,0,0,0,0,0,0,0,4,0,0,0,0,0,0,0,0,0
pbt,bintrie,5,4,storage_sload_k4500,8,,2249,0,0,0.0245,0.5439,0.0015,0.0989,0.7787,0,4,0,0,0,0,0,0,0,0,0,0,4,0,0,0,0,0,0,0,0,0
pbt,bintrie,5,4,storage_sload_k4500,8,,2250,0,0,0.0808,1.8555,0.0029,0.1207,2.2843,0,4,0,0,0,0,0,0,0,0,0,0,4,0,0,0,0,0,0,0,0,0
pbt,bintrie,5,4,storage_sload_k4500,8,,2251,0,0,0.0274,0.5212,0.0032,0.1496,0.9216,0,4,0,0,0,0,0,0,0,0,0,0,4,0,0,0,0,0,0,0,0,0
pbt,bintrie,5,4,storage_sload_k4500,8,,2252,0,0,0.0423,0.5314,0.0061,0.1225,0.8619,0,4,0,0,0,0,0,0,0,0,0,0,4,0,0,0,0,0,0,0,0,0
pbt,bintrie,5,4,storage_sload_k4500,8,,2253,0,0,0.0295,0.3905,0.0018,0.1992,0.8219,0,4,0,0,0,0,0,0,0,0,0,0,4,0,0,0,0,0,0,0,0,0
pbt,bintrie,5,4,storage_sload_k4500,8,,2254,0,0,0.037,0.4842,0.0026,0.1508,0.835,0,4,0,0,0,0,0,0,0,0,0,0,4,0,0,0,0,0,0,0,0,0
pbt,bintrie,5,4,storage_sload_k4500,8,,2255,0,0,0.0359,0.5262,0.0032,0.1415,0.9033,0,4,0,0,0,0,0,0,0,0,0,0,4,0,0,0,0,0,0,0,0,0
pbt,bintrie,5,4,storage_sload_k4500,8,,2256,0,0,0.0315,0.4144,0.0018,0.1563,0.8114,0,4,0,0,0,0,0,0,0,0,0,0,4,0,0,0,0,0,0,0,0,0
pbt,bintrie,5,4,storage_sload_k4500,8,,2257,0,0,0.0391,0.504,0.0023,0.2097,0.9861,0,4,0,0,0,0,0,0,0,0,0,0,4,0,0,0,0,0,0,0,0,0
pbt,bintrie,5,4,storage_sload_k4500,8,,2258,0,0,0.4276,4.4426,0.0102,0.5489,6.87,0,4,0,0,0,0,0,0,0,0,0,0,4,0,0,0,0,0,0,0,0,0
pbt,bintrie,5,4,storage_sload_k4500,8,,2259,0,0,0.0356,0.5124,0.005,0.1441,0.9012,0,4,0,0,0,0,0,0,0,0,0,0,4,0,0,0,0,0,0,0,0,0
pbt,bintrie,5,4,storage_sload_k4500,8,,2260,0,0,0.0814,1.8001,0.0044,0.4938,2.8769,0,4,0,0,0,0,0,0,0,0,0,0,4,0,0,0,0,0,0,0,0,0
pbt,bintrie,5,4,storage_sload_k4500,8,,2261,0,0,0.0347,0.5539,0.0029,0.1592,0.9403,0,4,0,0,0,0,0,0,0,0,0,0,4,0,0,0,0,0,0,0,0,0
pbt,bintrie,5,4,storage_sload_k4500,8,,2262,0,0,0.0793,1.365,0.0058,0.2963,2.0614,0,4,0,0,0,0,0,0,0,0,0,0,4,0,0,0,0,0,0,0,0,0
pbt,bintrie,5,4,storage_sload_k4500,8,,2263,0,0,0.0271,0.4317,0.0035,0.1625,0.8073,0,4,0,0,0,0,0,0,0,0,0,0,4,0,0,0,0,0,0,0,0,0
pbt,bintrie,5,4,storage_sload_k4500,8,,2264,0,0,0.0262,0.45,0.0018,0.1126,0.6997,0,4,0,0,0,0,0,0,0,0,0,0,4,0,0,0,0,0,0,0,0,0
pbt,bintrie,5,4,storage_sload_k4500,8,,2265,0,0,0.0268,0.4608,0.0023,0.1222,0.7592,0,4,0,0,0,0,0,0,0,0,0,0,4,0,0,0,0,0,0,0,0,0
pbt,bintrie,5,4,storage_sload_k4500,8,,2266,0,0,0.0265,0.4935,0.0015,0.1123,0.7884,0,4,0,0,0,0,0,0,0,0,0,0,4,0,0,0,0,0,0,0,0,0
pbt,bintrie,5,4,storage_sload_k4500,8,,2267,86924,2,0.5579,1.1395,1.99,5.6445,12.7061,6.8411,11,0,0,0,3,0,0,0,1,160,4,7,36.36,0,0,0,0,0,0,0,0
pbt,bintrie,5,4,storage_sload_k4500,8,,2268,99900025,1,1804.4443,188.3588,37.6938,9.2966,2048.5532,48.7661,4507,5002,4501,126160,2,0,0,0,0,0,1560,2947,34.61,1676,3326,33.51,4501,0,100,126160,0
pbt,bintrie,5,4,storage_sload_k4500,8,,2269,21000,1,1.8439,7.3556,5.2639,2.3304,18.2932,1.148,6,0,0,0,2,0,0,0,0,0,2,4,33.33,0,0,0,0,0,0,0,0
pbt,bintrie,5,4,storage_sload_k4500,8,,2270,0,0,0.0843,1.1558,0.0073,0.3628,2.3802,0,4,0,0,0,0,0,0,0,0,0,0,4,0,0,0,0,0,0,0,0,0
pbt,bintrie,5,4,storage_sload_k4500,8,,2271,0,0,0.0761,1.4288,0.0061,0.6816,2.573,0,4,0,0,0,0,0,0,0,0,0,0,4,0,0,0,0,0,0,0,0,0
pbt,bintrie,5,4,storage_sload_k4500,9,,2272,0,0,0.089,0.6825,0.0044,0.2607,1.5467,0,4,0,0,0,0,0,0,0,0,0,0,4,0,0,0,0,0,0,0,0,0
pbt,bintrie,5,4,storage_sload_k4500,9,,2273,0,0,0.215,2.7031,0.0158,1.1456,5.9778,0,4,0,0,0,0,0,0,0,0,0,0,4,0,0,0,0,0,0,0,0,0
pbt,bintrie,5,4,storage_sload_k4500,9,,2274,0,0,0.0248,0.4457,0.0015,0.0974,0.681,0,4,0,0,0,0,0,0,0,0,0,0,4,0,0,0,0,0,0,0,0,0
pbt,bintrie,5,4,storage_sload_k4500,9,,2275,0,0,0.0356,0.5259,0.0026,0.1333,0.9065,0,4,0,0,0,0,0,0,0,0,0,0,4,0,0,0,0,0,0,0,0,0
pbt,bintrie,5,4,storage_sload_k4500,9,,2276,0,0,0.0373,0.5238,0.0041,0.1126,0.947,0,4,0,0,0,0,0,0,0,0,0,0,4,0,0,0,0,0,0,0,0,0
pbt,bintrie,5,4,storage_sload_k4500,9,,2277,0,0,0.0283,0.5702,0.0035,0.1569,0.9666,0,4,0,0,0,0,0,0,0,0,0,0,4,0,0,0,0,0,0,0,0,0
pbt,bintrie,5,4,storage_sload_k4500,9,,2278,0,0,0.0277,0.4567,0.0015,0.147,0.8452,0,4,0,0,0,0,0,0,0,0,0,0,4,0,0,0,0,0,0,0,0,0
pbt,bintrie,5,4,storage_sload_k4500,9,,2279,0,0,0.084,1.3271,0.0079,0.3007,2.1854,0,4,0,0,0,0,0,0,0,0,0,0,4,0,0,0,0,0,0,0,0,0
pbt,bintrie,5,4,storage_sload_k4500,9,,2280,0,0,0.0907,1.3548,0.0067,0.3057,2.0649,0,4,0,0,0,0,0,0,0,0,0,0,4,0,0,0,0,0,0,0,0,0
pbt,bintrie,5,4,storage_sload_k4500,9,,2281,0,0,0.1324,1.3495,0.0114,0.4745,2.6623,0,4,0,0,0,0,0,0,0,0,0,0,4,0,0,0,0,0,0,0,0,0
pbt,bintrie,5,4,storage_sload_k4500,9,,2282,0,0,0.0823,1.3489,0.0055,0.3506,2.2061,0,4,0,0,0,0,0,0,0,0,0,0,4,0,0,0,0,0,0,0,0,0
pbt,bintrie,5,4,storage_sload_k4500,9,,2283,0,0,0.0825,1.3329,0.0047,0.3115,2.2892,0,4,0,0,0,0,0,0,0,0,0,0,4,0,0,0,0,0,0,0,0,0
pbt,bintrie,5,4,storage_sload_k4500,9,,2284,0,0,0.0303,0.3891,0.0032,0.1391,0.784,0,4,0,0,0,0,0,0,0,0,0,0,4,0,0,0,0,0,0,0,0,0
pbt,bintrie,5,4,storage_sload_k4500,9,,2285,0,0,0.0957,1.498,0.0055,0.2952,2.2691,0,4,0,0,0,0,0,0,0,0,0,0,4,0,0,0,0,0,0,0,0,0
pbt,bintrie,5,4,storage_sload_k4500,9,,2286,0,0,0.0432,0.4757,0.0041,0.21,1.0007,0,4,0,0,0,0,0,0,0,0,0,0,4,0,0,0,0,0,0,0,0,0
pbt,bintrie,5,4,storage_sload_k4500,9,,2287,0,0,0.0881,1.8614,0.0064,2.3155,4.7981,0,4,0,0,0,0,0,0,0,0,0,0,4,0,0,0,0,0,0,0,0,0
pbt,bintrie,5,4,storage_sload_k4500,9,,2288,0,0,0.1277,1.864,0.002,0.1578,2.4459,0,4,0,0,0,0,0,0,0,0,0,0,4,0,0,0,0,0,0,0,0,0
pbt,bintrie,5,4,storage_sload_k4500,9,,2289,0,0,0.0397,0.5267,0.0032,0.1616,0.9403,0,4,0,0,0,0,0,0,0,0,0,0,4,0,0,0,0,0,0,0,0,0
pbt,bintrie,5,4,storage_sload_k4500,9,,2290,0,0,0.693,3.4206,0.0023,0.1487,6.4349,0,4,0,0,0,0,0,0,0,0,0,0,4,0,0,0,0,0,0,0,0,0
pbt,bintrie,5,4,storage_sload_k4500,9,,2291,0,0,0.0289,0.4439,0.0041,0.1881,0.8633,0,4,0,0,0,0,0,0,0,0,0,0,4,0,0,0,0,0,0,0,0,0
pbt,bintrie,5,4,storage_sload_k4500,9,,2292,86924,2,13.246,14.7728,19.9197,3.7297,52.6783,1.6501,11,0,0,0,3,0,0,0,1,160,6,5,54.55,0,0,0,0,0,0,0,0
pbt,bintrie,5,4,storage_sload_k4500,9,,2293,99900025,1,1878.4421,149.5238,1.789,14.9149,2045.0323,48.8501,4507,5002,4501,126160,2,0,0,0,0,0,1284,3223,28.49,1483,3519,29.65,4501,0,100,126160,0
pbt,bintrie,5,4,storage_sload_k4500,9,,2294,0,0,0.0881,1.3326,0.0082,0.7291,3.159,0,4,0,0,0,0,0,0,0,0,0,0,4,0,0,0,0,0,0,0,0,0
pbt,bintrie,5,4,storage_sload_k4500,9,,2295,21000,1,0.1073,0.8697,8.3706,1.9299,47.9059,0.4384,6,0,0,0,2,0,0,0,0,0,2,4,33.33,0,0,0,0,0,0,0,0
pbt,bintrie,5,4,storage_sload_k4500,9,,2296,0,0,0.0805,0.9059,0.0061,0.6466,2.5999,0,4,0,0,0,0,0,0,0,0,0,0,4,0,0,0,0,0,0,0,0,0
pbt,bintrie,5,4,storage_sstore_k1,10,,2544,0,0,0.0528,0.4809,0.0026,0.1776,0.9698,0,4,0,0,0,0,0,0,0,0,0,0,4,0,0,0,0,0,0,0,0,0
pbt,bintrie,5,4,storage_sstore_k1,10,,2545,0,0,0.0507,0.709,0.0038,0.2103,1.2591,0,4,0,0,0,0,0,0,0,0,0,0,4,0,0,0,0,0,0,0,0,0
pbt,bintrie,5,4,storage_sstore_k1,10,,2546,0,0,0.0741,1.2043,0.0041,2.6404,19.883,0,4,0,0,0,0,0,0,0,0,0,0,4,0,0,0,0,0,0,0,0,0
pbt,bintrie,5,4,storage_sstore_k1,10,,2547,0,0,0.0315,0.6554,0.0026,0.1432,0.9803,0,4,0,0,0,0,0,0,0,0,0,0,4,0,0,0,0,0,0,0,0,0
pbt,bintrie,5,4,storage_sstore_k1,10,,2548,0,0,0.0505,0.8155,0.0047,0.4252,5.6086,0,4,0,0,0,0,0,0,0,0,0,0,4,0,0,0,0,0,0,0,0,0
pbt,bintrie,5,4,storage_sstore_k1,10,,2549,0,0,0.0309,0.4926,0.0026,0.1385,0.8029,0,4,0,0,0,0,0,0,0,0,0,0,4,0,0,0,0,0,0,0,0,0
pbt,bintrie,5,4,storage_sstore_k1,10,,2550,0,0,0.0741,1.2926,0.0055,0.3517,2.0614,0,4,0,0,0,0,0,0,0,0,0,0,4,0,0,0,0,0,0,0,0,0
pbt,bintrie,5,4,storage_sstore_k1,10,,2551,0,0,0.0755,1.8156,0.005,0.331,2.7743,0,4,0,0,0,0,0,0,0,0,0,0,4,0,0,0,0,0,0,0,0,0
pbt,bintrie,5,4,storage_sstore_k1,10,,2552,0,0,0.0773,1.8246,0.005,0.4162,2.7037,0,4,0,0,0,0,0,0,0,0,0,0,4,0,0,0,0,0,0,0,0,0
pbt,bintrie,5,4,storage_sstore_k1,10,,2553,0,0,0.0752,1.7768,0.0044,0.3243,2.7221,0,4,0,0,0,0,0,0,0,0,0,0,4,0,0,0,0,0,0,0,0,0
pbt,bintrie,5,4,storage_sstore_k1,10,,2554,0,0,0.035,0.4929,0.0047,0.184,0.9199,0,4,0,0,0,0,0,0,0,0,0,0,4,0,0,0,0,0,0,0,0,0
pbt,bintrie,5,4,storage_sstore_k1,10,,2555,0,0,0.0846,2.137,0.0044,0.4952,3.1453,0,4,0,0,0,0,0,0,0,0,0,0,4,0,0,0,0,0,0,0,0,0
pbt,bintrie,5,4,storage_sstore_k1,10,,2556,0,0,0.1102,1.1308,0.0114,11.1802,15.2179,0,4,0,0,0,0,0,0,0,0,0,0,4,0,0,0,0,0,0,0,0,0
pbt,bintrie,5,4,storage_sstore_k1,10,,2557,0,0,0.0359,0.499,0.0035,0.1654,0.9753,0,4,0,0,0,0,0,0,0,0,0,0,4,0,0,0,0,0,0,0,0,0
pbt,bintrie,5,4,storage_sstore_k1,10,,2558,0,0,0.0394,0.5186,0.0038,0.196,1.0027,0,4,0,0,0,0,0,0,0,0,0,0,4,0,0,0,0,0,0,0,0,0
pbt,bintrie,5,4,storage_sstore_k1,10,,2559,0,0,0.0437,0.567,0.005,0.3412,1.2664,0,4,0,0,0,0,0,0,0,0,0,0,4,0,0,0,0,0,0,0,0,0
pbt,bintrie,5,4,storage_sstore_k1,10,,2560,0,0,0.3978,1.3906,0.0026,0.1496,2.2484,0,4,0,0,0,0,0,0,0,0,0,0,4,0,0,0,0,0,0,0,0,0
pbt,bintrie,5,4,storage_sstore_k1,10,,2561,0,0,0.0236,0.3975,0.0026,0.1222,0.686,0,4,0,0,0,0,0,0,0,0,0,0,4,0,0,0,0,0,0,0,0,0
pbt,bintrie,5,4,storage_sstore_k1,10,,2562,0,0,0.0362,0.6058,0.0035,0.1458,1.0459,0,4,0,0,0,0,0,0,0,0,0,0,4,0,0,0,0,0,0,0,0,0
pbt,bintrie,5,4,storage_sstore_k1,10,,2563,86946,2,0.2745,21.2208,16.2332,2.0824,40.1848,2.1637,11,0,0,0,3,0,0,0,1,164,6,5,54.55,0,0,0,0,0,0,0,0
pbt,bintrie,5,4,storage_sstore_k1,10,,2564,99917441,1,182.0724,172.8148,44.4713,29.8927,430.1688,232.2749,8,4414,2,192,3,0,4414,0,0,0,4,4,50,2129,2285,48.23,2,0,100,192,0
pbt,bintrie,5,4,storage_sstore_k1,10,,2565,0,0,0.0321,0.4809,0.0015,0.1893,0.9173,0,4,0,0,0,0,0,0,0,0,0,0,4,0,0,0,0,0,0,0,0,0
pbt,bintrie,5,4,storage_sstore_k1,10,,2566,21000,1,1.9658,34.7865,10.7001,1.5662,49.7069,0.4225,6,0,0,0,2,0,0,0,0,0,2,4,33.33,0,0,0,0,0,0,0,0
pbt,bintrie,5,4,storage_sstore_k1,10,,2567,0,0,0.1887,2.1096,0.0143,0.651,3.9683,0,4,0,0,0,0,0,0,0,0,0,0,4,0,0,0,0,0,0,0,0,0
pbt,bintrie,5,4,storage_sstore_k1,10,,2568,0,0,0.0332,0.4284,0.0035,0.3978,1.4933,0,4,0,0,0,0,0,0,0,0,0,0,4,0,0,0,0,0,0,0,0,0
pbt,bintrie,5,4,storage_sstore_k1,1,,2323,0,0,0.2815,5.7145,0.0169,1.6517,9.2771,0,4,0,0,0,0,0,0,0,0,0,0,4,0,0,0,0,0,0,0,0,0
pbt,bintrie,5,4,storage_sstore_k1,1,,2324,0,0,0.0265,0.5197,0.0035,0.187,1.1299,0,4,0,0,0,0,0,0,0,0,0,0,4,0,0,0,0,0,0,0,0,0
pbt,bintrie,5,4,storage_sstore_k1,1,,2325,0,0,0.1385,2.1854,0.0058,4.7179,7.5315,0,4,0,0,0,0,0,0,0,0,0,0,4,0,0,0,0,0,0,0,0,0
pbt,bintrie,5,4,storage_sstore_k1,1,,2326,0,0,0.0359,0.4774,0.002,0.149,0.8175,0,4,0,0,0,0,0,0,0,0,0,0,4,0,0,0,0,0,0,0,0,0
pbt,bintrie,5,4,storage_sstore_k1,1,,2327,0,0,0.0338,0.5387,0.005,3.1353,3.9339,0,4,0,0,0,0,0,0,0,0,0,0,4,0,0,0,0,0,0,0,0,0
pbt,bintrie,5,4,storage_sstore_k1,1,,2328,0,0,0.0808,1.3431,0.0096,0.3669,2.2076,0,4,0,0,0,0,0,0,0,0,0,0,4,0,0,0,0,0,0,0,0,0
pbt,bintrie,5,4,storage_sstore_k1,1,,2329,0,0,0.0397,0.4947,0.0023,0.1928,0.9231,0,4,0,0,0,0,0,0,0,0,0,0,4,0,0,0,0,0,0,0,0,0
pbt,bintrie,5,4,storage_sstore_k1,1,,2330,0,0,0.0881,1.4738,0.0079,0.2861,2.4383,0,4,0,0,0,0,0,0,0,0,0,0,4,0,0,0,0,0,0,0,0,0
pbt,bintrie,5,4,storage_sstore_k1,1,,2331,0,0,0.0639,1.2652,0.0041,0.3471,1.9859,0,4,0,0,0,0,0,0,0,0,0,0,4,0,0,0,0,0,0,0,0,0
pbt,bintrie,5,4,storage_sstore_k1,1,,2332,0,0,0.0405,0.4961,0.0029,0.194,0.9698,0,4,0,0,0,0,0,0,0,0,0,0,4,0,0,0,0,0,0,0,0,0
pbt,bintrie,5,4,storage_sstore_k1,1,,2333,0,0,0.1385,1.3011,0.0067,0.4518,2.5389,0,4,0,0,0,0,0,0,0,0,0,0,4,0,0,0,0,0,0,0,0,0
pbt,bintrie,5,4,storage_sstore_k1,1,,2334,0,0,0.0315,0.5022,0.002,0.1791,0.9214,0,4,0,0,0,0,0,0,0,0,0,0,4,0,0,0,0,0,0,0,0,0
pbt,bintrie,5,4,storage_sstore_k1,1,,2335,0,0,0.0388,0.4483,0.0038,0.2053,0.9791,0,4,0,0,0,0,0,0,0,0,0,0,4,0,0,0,0,0,0,0,0,0
pbt,bintrie,5,4,storage_sstore_k1,1,,2336,0,0,0.0776,1.3588,0.007,0.2925,2.1577,0,4,0,0,0,0,0,0,0,0,0,0,4,0,0,0,0,0,0,0,0,0
pbt,bintrie,5,4,storage_sstore_k1,1,,2337,0,0,0.0849,1.3346,0.0044,0.2823,2.0962,0,4,0,0,0,0,0,0,0,0,0,0,4,0,0,0,0,0,0,0,0,0
pbt,bintrie,5,4,storage_sstore_k1,1,,2338,0,0,0.0254,0.4646,0.0015,0.1015,0.7271,0,4,0,0,0,0,0,0,0,0,0,0,4,0,0,0,0,0,0,0,0,0
pbt,bintrie,5,4,storage_sstore_k1,1,,2339,0,0,0.0332,0.5183,0.002,0.163,0.9024,0,4,0,0,0,0,0,0,0,0,0,0,4,0,0,0,0,0,0,0,0,0
pbt,bintrie,5,4,storage_sstore_k1,1,,2340,0,0,0.0694,0.8893,0.0041,0.2141,2.0647,0,4,0,0,0,0,0,0,0,0,0,0,4,0,0,0,0,0,0,0,0,0
pbt,bintrie,5,4,storage_sstore_k1,1,,2341,0,0,0.061,0.7207,0.0175,2.4222,6.3719,0,4,0,0,0,0,0,0,0,0,0,0,4,0,0,0,0,0,0,0,0,0
pbt,bintrie,5,4,storage_sstore_k1,1,,2342,86946,2,0.5655,16.4417,18.4145,3.0825,38.8114,2.2402,11,0,0,0,3,0,0,0,1,164,4,7,36.36,0,0,0,0,0,0,0,0
pbt,bintrie,5,4,storage_sstore_k1,1,,2343,0,0,0.0884,1.6461,0.0093,0.6956,3.5752,0,4,0,0,0,0,0,0,0,0,0,0,4,0,0,0,0,0,0,0,0,0
pbt,bintrie,5,4,storage_sstore_k1,1,,2344,99917441,1,174.1207,144.1047,60.3933,63.8208,442.807,225.6456,8,4414,2,192,3,0,4414,0,0,0,2,6,25,1937,2477,43.88,2,0,100,192,0
pbt,bintrie,5,4,storage_sstore_k1,1,,2345,21000,1,0.243,1.4787,15.2461,2.5803,20.9471,1.0025,6,0,0,0,2,0,0,0,0,0,2,4,33.33,0,0,0,0,0,0,0,0
pbt,bintrie,5,4,storage_sstore_k1,1,,2346,0,0,0.1826,2.0603,0.0163,0.994,3.9505,0,4,0,0,0,0,0,0,0,0,0,0,4,0,0,0,0,0,0,0,0,0
pbt,bintrie,5,4,storage_sstore_k1,1,,2347,0,0,0.0499,0.611,0.0044,0.3255,1.6348,0,4,0,0,0,0,0,0,0,0,0,0,4,0,0,0,0,0,0,0,0,0
pbt,bintrie,5,4,storage_sstore_k1,2,,2348,0,0,0.1126,1.3349,0.0064,0.4844,2.5016,0,4,0,0,0,0,0,0,0,0,0,0,4,0,0,0,0,0,0,0,0,0
pbt,bintrie,5,4,storage_sstore_k1,2,,2349,0,0,0.2634,18.8692,0.0128,1.1424,23.0338,0,4,0,0,0,0,0,0,0,0,0,0,4,0,0,0,0,0,0,0,0,0
pbt,bintrie,5,4,storage_sstore_k1,2,,2350,0,0,0.0332,0.5798,0.002,0.1065,0.8934,0,4,0,0,0,0,0,0,0,0,0,0,4,0,0,0,0,0,0,0,0,0
pbt,bintrie,5,4,storage_sstore_k1,2,,2351,0,0,0.0318,0.4567,0.0023,0.1126,0.7475,0,4,0,0,0,0,0,0,0,0,0,0,4,0,0,0,0,0,0,0,0,0
pbt,bintrie,5,4,storage_sstore_k1,2,,2352,0,0,0.0274,0.4707,0.0029,0.1304,0.8286,0,4,0,0,0,0,0,0,0,0,0,0,4,0,0,0,0,0,0,0,0,0
pbt,bintrie,5,4,storage_sstore_k1,2,,2353,0,0,0.1152,2.0297,0.0082,0.5232,3.5151,0,4,0,0,0,0,0,0,0,0,0,0,4,0,0,0,0,0,0,0,0,0
pbt,bintrie,5,4,storage_sstore_k1,2,,2354,0,0,0.0767,1.2804,0.0053,0.3334,2.1557,0,4,0,0,0,0,0,0,0,0,0,0,4,0,0,0,0,0,0,0,0,0
pbt,bintrie,5,4,storage_sstore_k1,2,,2355,0,0,0.2777,3.9426,0.0108,0.9496,7.8961,0,4,0,0,0,0,0,0,0,0,0,0,4,0,0,0,0,0,0,0,0,0
pbt,bintrie,5,4,storage_sstore_k1,2,,2356,0,0,0.028,0.3762,0.0018,0.1391,0.7289,0,4,0,0,0,0,0,0,0,0,0,0,4,0,0,0,0,0,0,0,0,0
pbt,bintrie,5,4,storage_sstore_k1,2,,2357,0,0,0.03,0.3719,0.0032,0.1356,0.7907,0,4,0,0,0,0,0,0,0,0,0,0,4,0,0,0,0,0,0,0,0,0
pbt,bintrie,5,4,storage_sstore_k1,2,,2358,0,0,0.1575,3.0764,0.0105,0.5227,16.6952,0,4,0,0,0,0,0,0,0,0,0,0,4,0,0,0,0,0,0,0,0,0
pbt,bintrie,5,4,storage_sstore_k1,2,,2359,0,0,0.0977,1.8433,0.0053,0.3226,2.7174,0,4,0,0,0,0,0,0,0,0,0,0,4,0,0,0,0,0,0,0,0,0
pbt,bintrie,5,4,storage_sstore_k1,2,,2360,0,0,0.0303,0.3762,0.0015,0.1928,0.7965,0,4,0,0,0,0,0,0,0,0,0,0,4,0,0,0,0,0,0,0,0,0
pbt,bintrie,5,4,storage_sstore_k1,2,,2361,0,0,0.0297,0.3625,0.0023,0.1715,0.7761,0,4,0,0,0,0,0,0,0,0,0,0,4,0,0,0,0,0,0,0,0,0
pbt,bintrie,5,4,storage_sstore_k1,2,,2362,0,0,0.0286,0.3643,0.0015,0.2199,0.8557,0,4,0,0,0,0,0,0,0,0,0,0,4,0,0,0,0,0,0,0,0,0
pbt,bintrie,5,4,storage_sstore_k1,2,,2363,0,0,0.0417,0.6358,0.007,6.735,11.0583,0,4,0,0,0,0,0,0,0,0,0,0,4,0,0,0,0,0,0,0,0,0
pbt,bintrie,5,4,storage_sstore_k1,2,,2364,0,0,0.0251,0.3649,0.0015,0.1175,0.6247,0,4,0,0,0,0,0,0,0,0,0,0,4,0,0,0,0,0,0,0,0,0
pbt,bintrie,5,4,storage_sstore_k1,2,,2365,0,0,0.026,0.4159,0.0023,0.103,0.6918,0,4,0,0,0,0,0,0,0,0,0,0,4,0,0,0,0,0,0,0,0,0
pbt,bintrie,5,4,storage_sstore_k1,2,,2366,0,0,0.0414,0.5539,0.0026,0.1619,0.9304,0,4,0,0,0,0,0,0,0,0,0,0,4,0,0,0,0,0,0,0,0,0
pbt,bintrie,5,4,storage_sstore_k1,2,,2367,86946,2,5.5821,3.5617,4.2839,3.9354,17.5871,4.9438,11,0,0,0,3,0,0,0,1,164,4,7,36.36,0,0,0,0,0,0,0,0
pbt,bintrie,5,4,storage_sstore_k1,2,,2368,99917441,1,143.0035,130.8719,24.7193,66.1319,378.9846,263.6451,8,4414,2,192,3,0,4414,0,0,0,0,8,0,2156,2258,48.84,2,0,100,192,0
pbt,bintrie,5,4,storage_sstore_k1,2,,2369,21000,1,0.1065,0.877,4.066,0.6694,37.5785,0.5588,6,0,0,0,2,0,0,0,0,0,2,4,33.33,0,0,0,0,0,0,0,0
pbt,bintrie,5,4,storage_sstore_k1,2,,2370,0,0,0.0764,0.8569,0.007,0.6253,2.6582,0,4,0,0,0,0,0,0,0,0,0,0,4,0,0,0,0,0,0,0,0,0
pbt,bintrie,5,4,storage_sstore_k1,3,,2372,0,0,0.07,0.6017,0.0055,0.3999,1.7829,0,4,0,0,0,0,0,0,0,0,0,0,4,0,0,0,0,0,0,0,0,0
pbt,bintrie,5,4,storage_sstore_k1,3,,2373,0,0,0.0962,1.5537,0.0058,0.3386,2.3837,0,4,0,0,0,0,0,0,0,0,0,0,4,0,0,0,0,0,0,0,0,0
pbt,bintrie,5,4,storage_sstore_k1,3,,2374,0,0,0.0344,0.4637,0.0023,0.1298,0.791,0,4,0,0,0,0,0,0,0,0,0,0,4,0,0,0,0,0,0,0,0,0
pbt,bintrie,5,4,storage_sstore_k1,3,,2375,0,0,0.0318,0.4442,0.0026,0.1412,0.7484,0,4,0,0,0,0,0,0,0,0,0,0,4,0,0,0,0,0,0,0,0,0
pbt,bintrie,5,4,storage_sstore_k1,3,,2376,0,0,0.0295,0.5399,0.0023,0.1581,0.8928,0,4,0,0,0,0,0,0,0,0,0,0,4,0,0,0,0,0,0,0,0,0
pbt,bintrie,5,4,storage_sstore_k1,3,,2377,0,0,0.0776,0.7816,0.0032,0.2088,1.3714,0,4,0,0,0,0,0,0,0,0,0,0,4,0,0,0,0,0,0,0,0,0
pbt,bintrie,5,4,storage_sstore_k1,3,,2378,0,0,0.0925,1.8185,0.0047,0.3978,2.9014,0,4,0,0,0,0,0,0,0,0,0,0,4,0,0,0,0,0,0,0,0,0
pbt,bintrie,5,4,storage_sstore_k1,3,,2379,0,0,0.0828,1.2463,0.0023,0.4069,2.1107,0,4,0,0,0,0,0,0,0,0,0,0,4,0,0,0,0,0,0,0,0,0
pbt,bintrie,5,4,storage_sstore_k1,3,,2380,0,0,0.0583,1.2107,0.0029,0.257,1.9182,0,4,0,0,0,0,0,0,0,0,0,0,4,0,0,0,0,0,0,0,0,0
pbt,bintrie,5,4,storage_sstore_k1,3,,2381,0,0,0.0507,0.4792,0.0026,0.1482,0.9024,0,4,0,0,0,0,0,0,0,0,0,0,4,0,0,0,0,0,0,0,0,0
pbt,bintrie,5,4,storage_sstore_k1,3,,2382,0,0,0.0849,1.3851,0.0061,1.9588,3.8202,0,4,0,0,0,0,0,0,0,0,0,0,4,0,0,0,0,0,0,0,0,0
pbt,bintrie,5,4,storage_sstore_k1,3,,2383,0,0,0.0712,1.2113,0.0023,0.2753,1.9244,0,4,0,0,0,0,0,0,0,0,0,0,4,0,0,0,0,0,0,0,0,0
pbt,bintrie,5,4,storage_sstore_k1,3,,2384,0,0,0.0817,1.3918,0.0067,0.3444,2.3333,0,4,0,0,0,0,0,0,0,0,0,0,4,0,0,0,0,0,0,0,0,0
pbt,bintrie,5,4,storage_sstore_k1,3,,2385,0,0,0.0817,1.9016,0.0055,0.4909,2.8623,0,4,0,0,0,0,0,0,0,0,0,0,4,0,0,0,0,0,0,0,0,0
pbt,bintrie,5,4,storage_sstore_k1,3,,2386,0,0,0.082,1.8048,0.0055,0.3614,2.8965,0,4,0,0,0,0,0,0,0,0,0,0,4,0,0,0,0,0,0,0,0,0
pbt,bintrie,5,4,storage_sstore_k1,3,,2387,0,0,0.0227,0.3415,0.0015,0.1671,0.7437,0,4,0,0,0,0,0,0,0,0,0,0,4,0,0,0,0,0,0,0,0,0
pbt,bintrie,5,4,storage_sstore_k1,3,,2388,0,0,0.1242,0.7609,0.0029,0.1625,1.7187,0,4,0,0,0,0,0,0,0,0,0,0,4,0,0,0,0,0,0,0,0,0
pbt,bintrie,5,4,storage_sstore_k1,3,,2389,0,0,0.0793,1.2988,0.002,0.1382,3.8802,0,4,0,0,0,0,0,0,0,0,0,0,4,0,0,0,0,0,0,0,0,0
pbt,bintrie,5,4,storage_sstore_k1,3,,2390,0,0,0.0347,0.4906,0.0018,0.1797,0.868,0,4,0,0,0,0,0,0,0,0,0,0,4,0,0,0,0,0,0,0,0,0
pbt,bintrie,5,4,storage_sstore_k1,3,,2391,0,0,0.0373,0.5168,0.0035,0.1887,1.0374,0,4,0,0,0,0,0,0,0,0,0,0,4,0,0,0,0,0,0,0,0,0
pbt,bintrie,5,4,storage_sstore_k1,3,,2392,86946,2,0.7814,2.9886,0.6437,2.3481,7.1223,12.2075,11,0,0,0,3,0,0,0,1,164,4,7,36.36,0,0,0,0,0,0,0,0
pbt,bintrie,5,4,storage_sstore_k1,3,,2393,99917441,1,118.9076,188.528,46.9898,32.6766,396.6279,251.9173,8,4414,2,192,3,0,4414,0,0,0,2,6,25,932,3482,21.11,2,0,100,192,0
pbt,bintrie,5,4,storage_sstore_k1,3,,2394,21000,1,0.5454,1.8678,32.9059,2.7862,38.7918,0.5414,6,0,0,0,2,0,0,0,0,0,0,6,0,0,0,0,0,0,0,0,0
pbt,bintrie,5,4,storage_sstore_k1,3,,2395,0,0,0.1365,1.624,0.0102,0.5859,3.0303,0,4,0,0,0,0,0,0,0,0,0,0,4,0,0,0,0,0,0,0,0,0
pbt,bintrie,5,4,storage_sstore_k1,3,,2396,0,0,0.0682,1.2851,0.0038,0.3532,2.1571,0,4,0,0,0,0,0,0,0,0,0,0,4,0,0,0,0,0,0,0,0,0
pbt,bintrie,5,4,storage_sstore_k1,4,,2397,0,0,0.1417,1.6753,0.0076,0.5979,3.0741,0,4,0,0,0,0,0,0,0,0,0,0,4,0,0,0,0,0,0,0,0,0
pbt,bintrie,5,4,storage_sstore_k1,4,,2398,0,0,0.0645,0.8438,0.0041,1.3203,6.0948,0,4,0,0,0,0,0,0,0,0,0,0,4,0,0,0,0,0,0,0,0,0
pbt,bintrie,5,4,storage_sstore_k1,4,,2399,0,0,0.0204,0.4101,0.0009,0.1073,0.6571,0,4,0,0,0,0,0,0,0,0,0,0,4,0,0,0,0,0,0,0,0,0
pbt,bintrie,5,4,storage_sstore_k1,4,,2400,0,0,0.1581,2.0804,0.0079,0.4328,6.798,0,4,0,0,0,0,0,0,0,0,0,0,4,0,0,0,0,0,0,0,0,0
pbt,bintrie,5,4,storage_sstore_k1,4,,2401,0,0,0.1073,0.5457,0.0023,0.1385,1.022,0,4,0,0,0,0,0,0,0,0,0,0,4,0,0,0,0,0,0,0,0,0
pbt,bintrie,5,4,storage_sstore_k1,4,,2402,0,0,0.0744,1.5516,0.0058,0.3897,2.4459,0,4,0,0,0,0,0,0,0,0,0,0,4,0,0,0,0,0,0,0,0,0
pbt,bintrie,5,4,storage_sstore_k1,4,,2403,0,0,0.0755,1.82,0.0064,0.3299,2.6993,0,4,0,0,0,0,0,0,0,0,0,0,4,0,0,0,0,0,0,0,0,0
pbt,bintrie,5,4,storage_sstore_k1,4,,2404,0,0,0.0642,1.2853,0.0044,0.2832,1.967,0,4,0,0,0,0,0,0,0,0,0,0,4,0,0,0,0,0,0,0,0,0
pbt,bintrie,5,4,storage_sstore_k1,4,,2405,0,0,0.0394,0.7507,0.0018,1.1238,2.1804,0,4,0,0,0,0,0,0,0,0,0,0,4,0,0,0,0,0,0,0,0,0
pbt,bintrie,5,4,storage_sstore_k1,4,,2406,0,0,0.233,1.7987,0.0041,0.3287,2.8606,0,4,0,0,0,0,0,0,0,0,0,0,4,0,0,0,0,0,0,0,0,0
pbt,bintrie,5,4,storage_sstore_k1,4,,2407,0,0,0.1094,1.9028,0.0096,0.434,3.0085,0,4,0,0,0,0,0,0,0,0,0,0,4,0,0,0,0,0,0,0,0,0
pbt,bintrie,5,4,storage_sstore_k1,4,,2408,0,0,0.0808,1.9285,0.0023,0.2112,2.7308,0,4,0,0,0,0,0,0,0,0,0,0,4,0,0,0,0,0,0,0,0,0
pbt,bintrie,5,4,storage_sstore_k1,4,,2409,0,0,0.0367,0.4672,0.0053,0.1919,0.9517,0,4,0,0,0,0,0,0,0,0,0,0,4,0,0,0,0,0,0,0,0,0
pbt,bintrie,5,4,storage_sstore_k1,4,,2410,0,0,0.0796,1.3358,0.0052,0.3211,2.1565,0,4,0,0,0,0,0,0,0,0,0,0,4,0,0,0,0,0,0,0,0,0
pbt,bintrie,5,4,storage_sstore_k1,4,,2411,0,0,0.049,0.5804,0.0061,0.2281,1.1894,0,4,0,0,0,0,0,0,0,0,0,0,4,0,0,0,0,0,0,0,0,0
pbt,bintrie,5,4,storage_sstore_k1,4,,2412,0,0,0.03,0.5075,0.0023,0.1951,1.1136,0,4,0,0,0,0,0,0,0,0,0,0,4,0,0,0,0,0,0,0,0,0
pbt,bintrie,5,4,storage_sstore_k1,4,,2413,0,0,0.0309,0.4979,0.0018,0.1598,0.8686,0,4,0,0,0,0,0,0,0,0,0,0,4,0,0,0,0,0,0,0,0,0
pbt,bintrie,5,4,storage_sstore_k1,4,,2414,0,0,0.0265,0.4404,0.0023,0.1059,0.7326,0,4,0,0,0,0,0,0,0,0,0,0,4,0,0,0,0,0,0,0,0,0
pbt,bintrie,5,4,storage_sstore_k1,4,,2415,0,0,0.0289,0.6078,0.0015,0.126,0.9459,0,4,0,0,0,0,0,0,0,0,0,0,4,0,0,0,0,0,0,0,0,0
pbt,bintrie,5,4,storage_sstore_k1,4,,2416,86946,2,0.3768,18.2387,4.6593,1.5067,40.7461,2.1338,11,0,0,0,3,0,0,0,1,164,5,6,45.45,0,0,0,0,0,0,0,0
pbt,bintrie,5,4,storage_sstore_k1,4,,2417,99917441,1,178.8334,158.1149,69.055,55.6182,466.5112,214.1802,8,4414,2,192,3,0,4414,0,0,0,2,6,25,1722,2692,39.01,2,0,100,192,0
pbt,bintrie,5,4,storage_sstore_k1,4,,2418,21000,1,0.1855,14.732,16.2556,1.5219,33.066,0.6351,6,0,0,0,2,0,0,0,0,0,2,4,33.33,0,0,0,0,0,0,0,0
pbt,bintrie,5,4,storage_sstore_k1,4,,2419,0,0,0.0537,0.686,0.0073,0.982,2.5514,0,4,0,0,0,0,0,0,0,0,0,0,4,0,0,0,0,0,0,0,0,0
pbt,bintrie,5,4,storage_sstore_k1,4,,2420,0,0,0.0595,0.6262,0.007,1.393,2.9735,0,4,0,0,0,0,0,0,0,0,0,0,4,0,0,0,0,0,0,0,0,0
pbt,bintrie,5,4,storage_sstore_k1,5,,2421,0,0,0.0566,0.5428,0.0026,0.2806,1.1477,0,4,0,0,0,0,0,0,0,0,0,0,4,0,0,0,0,0,0,0,0,0
pbt,bintrie,5,4,storage_sstore_k1,5,,2422,0,0,0.1432,2.7057,0.007,1.0156,12.6148,0,4,0,0,0,0,0,0,0,0,0,0,4,0,0,0,0,0,0,0,0,0
pbt,bintrie,5,4,storage_sstore_k1,5,,2423,0,0,0.0254,0.5302,0.0023,0.1076,0.8231,0,4,0,0,0,0,0,0,0,0,0,0,4,0,0,0,0,0,0,0,0,0
pbt,bintrie,5,4,storage_sstore_k1,5,,2424,0,0,0.037,0.5192,0.0023,0.1231,0.8376,0,4,0,0,0,0,0,0,0,0,0,0,4,0,0,0,0,0,0,0,0,0
pbt,bintrie,5,4,storage_sstore_k1,5,,2425,0,0,0.0225,0.4643,0.002,0.1371,0.7805,0,4,0,0,0,0,0,0,0,0,0,0,4,0,0,0,0,0,0,0,0,0
pbt,bintrie,5,4,storage_sstore_k1,5,,2426,0,0,0.0411,0.4798,0.002,0.1665,0.9094,0,4,0,0,0,0,0,0,0,0,0,0,4,0,0,0,0,0,0,0,0,0
pbt,bintrie,5,4,storage_sstore_k1,5,,2427,0,0,0.159,3.0668,0.0067,0.842,4.4332,0,4,0,0,0,0,0,0,0,0,0,0,4,0,0,0,0,0,0,0,0,0
pbt,bintrie,5,4,storage_sstore_k1,5,,2428,0,0,0.0726,1.2209,0.0026,0.3255,2.1212,0,4,0,0,0,0,0,0,0,0,0,0,4,0,0,0,0,0,0,0,0,0
pbt,bintrie,5,4,storage_sstore_k1,5,,2429,0,0,0.1108,1.7257,0.0038,0.3016,2.6249,0,4,0,0,0,0,0,0,0,0,0,0,4,0,0,0,0,0,0,0,0,0
pbt,bintrie,5,4,storage_sstore_k1,5,,2430,0,0,0.0805,1.8789,0.005,15.4238,17.8758,0,4,0,0,0,0,0,0,0,0,0,0,4,0,0,0,0,0,0,0,0,0
pbt,bintrie,5,4,storage_sstore_k1,5,,2431,0,0,0.0388,0.4611,0.0041,0.2841,1.0115,0,4,0,0,0,0,0,0,0,0,0,0,4,0,0,0,0,0,0,0,0,0
pbt,bintrie,5,4,storage_sstore_k1,5,,2432,0,0,0.0537,1.0695,0.0029,0.2899,1.7015,0,4,0,0,0,0,0,0,0,0,0,0,4,0,0,0,0,0,0,0,0,0
pbt,bintrie,5,4,storage_sstore_k1,5,,2433,0,0,0.0887,1.4414,0.0058,0.2712,2.1807,0,4,0,0,0,0,0,0,0,0,0,0,4,0,0,0,0,0,0,0,0,0
pbt,bintrie,5,4,storage_sstore_k1,5,,2434,0,0,0.075,1.5764,0.0032,0.2164,2.4219,0,4,0,0,0,0,0,0,0,0,0,0,4,0,0,0,0,0,0,0,0,0
pbt,bintrie,5,4,storage_sstore_k1,5,,2435,0,0,0.0432,0.6694,0.005,0.3048,1.3291,0,4,0,0,0,0,0,0,0,0,0,0,4,0,0,0,0,0,0,0,0,0
pbt,bintrie,5,4,storage_sstore_k1,5,,2436,0,0,0.0315,0.8277,0.0047,0.3097,2.6623,0,4,0,0,0,0,0,0,0,0,0,0,4,0,0,0,0,0,0,0,0,0
pbt,bintrie,5,4,storage_sstore_k1,5,,2437,0,0,0.037,0.7458,0.002,0.2278,1.3822,0,4,0,0,0,0,0,0,0,0,0,0,4,0,0,0,0,0,0,0,0,0
pbt,bintrie,5,4,storage_sstore_k1,5,,2438,0,0,0.0892,0.8881,0.0041,1.0879,4.9369,0,4,0,0,0,0,0,0,0,0,0,0,4,0,0,0,0,0,0,0,0,0
pbt,bintrie,5,4,storage_sstore_k1,5,,2439,0,0,0.0219,0.443,0.002,0.1135,0.7615,0,4,0,0,0,0,0,0,0,0,0,0,4,0,0,0,0,0,0,0,0,0
pbt,bintrie,5,4,storage_sstore_k1,5,,2440,86946,2,0.422,30.7062,13.4799,2.3458,47.5388,1.8289,11,0,0,0,3,0,0,0,1,164,6,5,54.55,0,0,0,0,0,0,0,0
pbt,bintrie,5,4,storage_sstore_k1,5,,2441,99917441,1,153.033,213.7072,47.1893,40.7205,455.2237,219.4908,8,4414,2,192,3,0,4414,0,0,0,3,5,37.5,1263,3151,28.61,2,0,100,192,0
pbt,bintrie,5,4,storage_sstore_k1,5,,2442,21000,1,0.313,13.0261,3.9846,0.7338,45.5181,0.4614,6,0,0,0,2,0,0,0,0,0,1,5,16.67,0,0,0,0,0,0,0,0
pbt,bintrie,5,4,storage_sstore_k1,5,,2443,0,0,0.215,1.8722,0.0108,0.9575,4.3145,0,4,0,0,0,0,0,0,0,0,0,0,4,0,0,0,0,0,0,0,0,0
pbt,bintrie,5,4,storage_sstore_k1,5,,2444,0,0,0.1062,1.4402,0.0079,0.6586,3.3357,0,4,0,0,0,0,0,0,0,0,0,0,4,0,0,0,0,0,0,0,0,0
pbt,bintrie,5,4,storage_sstore_k1,6,,2445,0,0,0.4159,9.8563,0.0146,1.8552,13.7824,0,4,0,0,0,0,0,0,0,0,0,0,4,0,0,0,0,0,0,0,0,0
pbt,bintrie,5,4,storage_sstore_k1,6,,2446,0,0,0.1041,1.4983,0.0239,3.2094,6.7913,0,4,0,0,0,0,0,0,0,0,0,0,4,0,0,0,0,0,0,0,0,0
pbt,bintrie,5,4,storage_sstore_k1,6,,2447,0,0,0.0499,0.6419,0.0047,0.1566,2.9633,0,4,0,0,0,0,0,0,0,0,0,0,4,0,0,0,0,0,0,0,0,0
pbt,bintrie,5,4,storage_sstore_k1,6,,2448,0,0,0.0332,0.6306,0.002,0.1135,0.9747,0,4,0,0,0,0,0,0,0,0,0,0,4,0,0,0,0,0,0,0,0,0
pbt,bintrie,5,4,storage_sstore_k1,6,,2449,0,0,0.0353,0.5582,0.0035,0.1505,0.9047,0,4,0,0,0,0,0,0,0,0,0,0,4,0,0,0,0,0,0,0,0,0
pbt,bintrie,5,4,storage_sstore_k1,6,,2450,0,0,0.0461,0.6944,0.0029,0.1493,1.1987,0,4,0,0,0,0,0,0,0,0,0,0,4,0,0,0,0,0,0,0,0,0
pbt,bintrie,5,4,storage_sstore_k1,6,,2451,0,0,0.1003,1.3976,0.0064,0.2963,2.1568,0,4,0,0,0,0,0,0,0,0,0,0,4,0,0,0,0,0,0,0,0,0
pbt,bintrie,5,4,storage_sstore_k1,6,,2452,0,0,0.0968,1.379,0.0064,0.4378,2.4082,0,4,0,0,0,0,0,0,0,0,0,0,4,0,0,0,0,0,0,0,0,0
pbt,bintrie,5,4,storage_sstore_k1,6,,2453,0,0,0.0983,2.0477,0.0061,0.653,3.4075,0,4,0,0,0,0,0,0,0,0,0,0,4,0,0,0,0,0,0,0,0,0
pbt,bintrie,5,4,storage_sstore_k1,6,,2454,0,0,0.0892,1.3521,0.007,0.3751,2.3306,0,4,0,0,0,0,0,0,0,0,0,0,4,0,0,0,0,0,0,0,0,0
pbt,bintrie,5,4,storage_sstore_k1,6,,2455,0,0,0.0373,0.4809,0.0035,0.1639,0.9496,0,4,0,0,0,0,0,0,0,0,0,0,4,0,0,0,0,0,0,0,0,0
pbt,bintrie,5,4,storage_sstore_k1,6,,2456,0,0,0.0534,1.0415,0.0035,0.2657,1.6925,0,4,0,0,0,0,0,0,0,0,0,0,4,0,0,0,0,0,0,0,0,0
pbt,bintrie,5,4,storage_sstore_k1,6,,2457,0,0,0.0435,0.469,0.0076,0.1858,0.9663,0,4,0,0,0,0,0,0,0,0,0,0,4,0,0,0,0,0,0,0,0,0
pbt,bintrie,5,4,storage_sstore_k1,6,,2458,0,0,0.0429,0.7665,0.0038,0.2217,1.2527,0,4,0,0,0,0,0,0,0,0,0,0,4,0,0,0,0,0,0,0,0,0
pbt,bintrie,5,4,storage_sstore_k1,6,,2459,0,0,0.0373,0.513,0.0023,0.2403,1.0628,0,4,0,0,0,0,0,0,0,0,0,0,4,0,0,0,0,0,0,0,0,0
pbt,bintrie,5,4,storage_sstore_k1,6,,2460,0,0,0.0516,0.6793,0.0047,0.1931,1.2331,0,4,0,0,0,0,0,0,0,0,0,0,4,0,0,0,0,0,0,0,0,0
pbt,bintrie,5,4,storage_sstore_k1,6,,2461,0,0,0.0295,0.5139,0.0026,0.1164,0.8222,0,4,0,0,0,0,0,0,0,0,0,0,4,0,0,0,0,0,0,0,0,0
pbt,bintrie,5,4,storage_sstore_k1,6,,2462,0,0,0.0379,0.6005,0.0032,0.1642,0.9884,0,4,0,0,0,0,0,0,0,0,0,0,4,0,0,0,0,0,0,0,0,0
pbt,bintrie,5,4,storage_sstore_k1,6,,2463,0,0,0.0297,0.4658,0.002,0.1957,0.8572,0,4,0,0,0,0,0,0,0,0,0,0,4,0,0,0,0,0,0,0,0,0
pbt,bintrie,5,4,storage_sstore_k1,6,,2464,0,0,0.0292,0.3771,0.0015,0.1718,0.8292,0,4,0,0,0,0,0,0,0,0,0,0,4,0,0,0,0,0,0,0,0,0
pbt,bintrie,5,4,storage_sstore_k1,6,,2465,86946,2,0.1867,1.1331,26.7379,4.1535,32.3908,2.6843,11,0,0,0,3,0,0,0,1,164,5,6,45.45,0,0,0,0,0,0,0,0
pbt,bintrie,5,4,storage_sstore_k1,6,,2466,0,0,0.0458,0.7574,0.0032,0.2132,1.3256,0,4,0,0,0,0,0,0,0,0,0,0,4,0,0,0,0,0,0,0,0,0
pbt,bintrie,5,4,storage_sstore_k1,6,,2467,99917441,1,140.3193,138.6732,53.392,30.9379,364.006,274.4939,8,4414,2,192,3,0,4414,0,0,0,2,6,25,1323,3091,29.97,2,0,100,192,0
pbt,bintrie,5,4,storage_sstore_k1,6,,2468,21000,1,0.2631,31.8215,22.6473,2.2385,57.7351,0.3637,6,0,0,0,2,0,0,0,0,0,2,4,33.33,0,0,0,0,0,0,0,0
pbt,bintrie,5,4,storage_sstore_k1,6,,2469,0,0,0.1178,1.5522,0.0088,0.7475,3.5238,0,4,0,0,0,0,0,0,0,0,0,0,4,0,0,0,0,0,0,0,0,0
pbt,bintrie,5,4,storage_sstore_k1,6,,2470,0,0,0.119,1.5117,0.0105,0.6492,3.2686,0,4,0,0,0,0,0,0,0,0,0,0,4,0,0,0,0,0,0,0,0,0
pbt,bintrie,5,4,storage_sstore_k1,7,,2471,0,0,0.068,0.5644,0.0044,0.233,1.1547,0,4,0,0,0,0,0,0,0,0,0,0,4,0,0,0,0,0,0,0,0,0
pbt,bintrie,5,4,storage_sstore_k1,7,,2472,0,0,0.1528,1.7975,0.0105,0.8015,3.4355,0,4,0,0,0,0,0,0,0,0,0,0,4,0,0,0,0,0,0,0,0,0
pbt,bintrie,5,4,storage_sstore_k1,7,,2473,0,0,0.0516,0.674,0.0038,0.7251,2.7702,0,4,0,0,0,0,0,0,0,0,0,0,4,0,0,0,0,0,0,0,0,0
pbt,bintrie,5,4,storage_sstore_k1,7,,2474,0,0,0.1487,1.092,0.0018,0.1277,1.6607,0,4,0,0,0,0,0,0,0,0,0,0,4,0,0,0,0,0,0,0,0,0
pbt,bintrie,5,4,storage_sstore_k1,7,,2475,0,0,0.0586,0.5752,0.0026,0.1397,0.9289,0,4,0,0,0,0,0,0,0,0,0,0,4,0,0,0,0,0,0,0,0,0
pbt,bintrie,5,4,storage_sstore_k1,7,,2476,0,0,0.0405,0.5472,0.0029,0.1444,0.8808,0,4,0,0,0,0,0,0,0,0,0,0,4,0,0,0,0,0,0,0,0,0
pbt,bintrie,5,4,storage_sstore_k1,7,,2477,0,0,0.0933,1.3717,0.0032,0.3322,2.1647,0,4,0,0,0,0,0,0,0,0,0,0,4,0,0,0,0,0,0,0,0,0
pbt,bintrie,5,4,storage_sstore_k1,7,,2478,0,0,0.0373,0.4847,0.0064,2.3201,3.7738,0,4,0,0,0,0,0,0,0,0,0,0,4,0,0,0,0,0,0,0,0,0
pbt,bintrie,5,4,storage_sstore_k1,7,,2479,0,0,0.0344,0.5915,0.0026,0.1668,0.9928,0,4,0,0,0,0,0,0,0,0,0,0,4,0,0,0,0,0,0,0,0,0
pbt,bintrie,5,4,storage_sstore_k1,7,,2480,0,0,0.0782,1.3466,0.0067,0.3103,2.0994,0,4,0,0,0,0,0,0,0,0,0,0,4,0,0,0,0,0,0,0,0,0
pbt,bintrie,5,4,storage_sstore_k1,7,,2481,0,0,0.1056,1.3825,0.0055,0.3894,2.2674,0,4,0,0,0,0,0,0,0,0,0,0,4,0,0,0,0,0,0,0,0,0
pbt,bintrie,5,4,storage_sstore_k1,7,,2482,0,0,0.0828,1.9544,0.0044,0.3771,2.8976,0,4,0,0,0,0,0,0,0,0,0,0,4,0,0,0,0,0,0,0,0,0
pbt,bintrie,5,4,storage_sstore_k1,7,,2483,0,0,0.0831,1.3685,0.0058,0.3459,2.2659,0,4,0,0,0,0,0,0,0,0,0,0,4,0,0,0,0,0,0,0,0,0
pbt,bintrie,5,4,storage_sstore_k1,7,,2484,0,0,0.0306,0.3678,0.0029,0.1642,0.7449,0,4,0,0,0,0,0,0,0,0,0,0,4,0,0,0,0,0,0,0,0,0
pbt,bintrie,5,4,storage_sstore_k1,7,,2485,0,0,0.0321,0.4564,0.0012,0.1368,0.8038,0,4,0,0,0,0,0,0,0,0,0,0,4,0,0,0,0,0,0,0,0,0
pbt,bintrie,5,4,storage_sstore_k1,7,,2486,0,0,0.1835,2.2525,0.0079,0.5069,3.4454,0,4,0,0,0,0,0,0,0,0,0,0,4,0,0,0,0,0,0,0,0,0
pbt,bintrie,5,4,storage_sstore_k1,7,,2487,0,0,0.0481,0.6971,0.0029,0.6871,2.4149,0,4,0,0,0,0,0,0,0,0,0,0,4,0,0,0,0,0,0,0,0,0
pbt,bintrie,5,4,storage_sstore_k1,7,,2488,0,0,0.0572,0.7726,0.0061,0.2155,5.3528,0,4,0,0,0,0,0,0,0,0,0,0,4,0,0,0,0,0,0,0,0,0
pbt,bintrie,5,4,storage_sstore_k1,7,,2489,0,0,0.0563,0.7738,0.0053,1.523,6.8181,0,4,0,0,0,0,0,0,0,0,0,0,4,0,0,0,0,0,0,0,0,0
pbt,bintrie,5,4,storage_sstore_k1,7,,2490,86946,2,1.3548,3.1829,15.2742,4.7893,40.8752,2.1271,11,0,0,0,3,0,0,0,1,164,5,6,45.45,0,0,0,0,0,0,0,0
pbt,bintrie,5,4,storage_sstore_k1,7,,2491,99917441,1,155.2172,173.7034,38.7673,64.8216,432.8166,230.854,8,4414,2,192,3,0,4414,0,0,0,2,6,25,1246,3168,28.23,2,0,100,192,0
pbt,bintrie,5,4,storage_sstore_k1,7,,2492,21000,1,0.1782,8.9,24.4854,0.9027,34.958,0.6007,6,0,0,0,2,0,0,0,0,0,2,4,33.33,0,0,0,0,0,0,0,0
pbt,bintrie,5,4,storage_sstore_k1,7,,2493,0,0,0.0435,0.4973,0.0058,0.3255,1.2363,0,4,0,0,0,0,0,0,0,0,0,0,4,0,0,0,0,0,0,0,0,0
pbt,bintrie,5,4,storage_sstore_k1,7,,2494,0,0,0.1377,1.5449,0.012,0.3838,2.496,0,4,0,0,0,0,0,0,0,0,0,0,4,0,0,0,0,0,0,0,0,0
pbt,bintrie,5,4,storage_sstore_k1,8,,2495,0,0,0.047,0.4524,0.0012,0.1983,0.959,0,4,0,0,0,0,0,0,0,0,0,0,4,0,0,0,0,0,0,0,0,0
pbt,bintrie,5,4,storage_sstore_k1,8,,2496,0,0,0.0332,0.5667,0.0055,0.1347,0.9056,0,4,0,0,0,0,0,0,0,0,0,0,4,0,0,0,0,0,0,0,0,0
pbt,bintrie,5,4,storage_sstore_k1,8,,2497,0,0,0.0245,0.5122,0.0026,0.1117,0.7741,0,4,0,0,0,0,0,0,0,0,0,0,4,0,0,0,0,0,0,0,0,0
pbt,bintrie,5,4,storage_sstore_k1,8,,2498,0,0,0.0303,0.5507,0.0032,0.1178,0.8689,0,4,0,0,0,0,0,0,0,0,0,0,4,0,0,0,0,0,0,0,0,0
pbt,bintrie,5,4,storage_sstore_k1,8,,2499,0,0,0.0426,0.5638,0.0035,0.1639,1.022,0,4,0,0,0,0,0,0,0,0,0,0,4,0,0,0,0,0,0,0,0,0
pbt,bintrie,5,4,storage_sstore_k1,8,,2500,0,0,0.0461,0.8916,0.0038,0.1951,1.4306,0,4,0,0,0,0,0,0,0,0,0,0,4,0,0,0,0,0,0,0,0,0
pbt,bintrie,5,4,storage_sstore_k1,8,,2501,0,0,0.3097,3.3348,0.0158,1.0325,5.5226,0,4,0,0,0,0,0,0,0,0,0,0,4,0,0,0,0,0,0,0,0,0
pbt,bintrie,5,4,storage_sstore_k1,8,,2502,0,0,0.0271,0.3829,0.0023,0.1572,0.7289,0,4,0,0,0,0,0,0,0,0,0,0,4,0,0,0,0,0,0,0,0,0
pbt,bintrie,5,4,storage_sstore_k1,8,,2503,0,0,0.0473,0.5142,0.0029,0.1905,0.9453,0,4,0,0,0,0,0,0,0,0,0,0,4,0,0,0,0,0,0,0,0,0
pbt,bintrie,5,4,storage_sstore_k1,8,,2504,0,0,0.0811,1.3571,0.0058,0.3054,2.1621,0,4,0,0,0,0,0,0,0,0,0,0,4,0,0,0,0,0,0,0,0,0
pbt,bintrie,5,4,storage_sstore_k1,8,,2505,0,0,0.103,1.3813,0.0058,0.296,2.1653,0,4,0,0,0,0,0,0,0,0,0,0,4,0,0,0,0,0,0,0,0,0
pbt,bintrie,5,4,storage_sstore_k1,8,,2506,0,0,0.0767,1.297,0.0047,0.273,2.1492,0,4,0,0,0,0,0,0,0,0,0,0,4,0,0,0,0,0,0,0,0,0
pbt,bintrie,5,4,storage_sstore_k1,8,,2507,0,0,0.065,1.2328,0.0023,0.3383,1.9188,0,4,0,0,0,0,0,0,0,0,0,0,4,0,0,0,0,0,0,0,0,0
pbt,bintrie,5,4,storage_sstore_k1,8,,2508,0,0,0.4506,4.1876,0.0146,1.0552,6.812,0,4,0,0,0,0,0,0,0,0,0,0,4,0,0,0,0,0,0,0,0,0
pbt,bintrie,5,4,storage_sstore_k1,8,,2509,0,0,0.0863,1.8477,0.007,0.597,3.047,0,4,0,0,0,0,0,0,0,0,0,0,4,0,0,0,0,0,0,0,0,0
pbt,bintrie,5,4,storage_sstore_k1,8,,2510,0,0,0.4649,1.4425,0.0035,0.135,2.7632,0,4,0,0,0,0,0,0,0,0,0,0,4,0,0,0,0,0,0,0,0,0
pbt,bintrie,5,4,storage_sstore_k1,8,,2511,0,0,0.0344,0.5142,0.0023,0.2065,0.9173,0,4,0,0,0,0,0,0,0,0,0,0,4,0,0,0,0,0,0,0,0,0
pbt,bintrie,5,4,storage_sstore_k1,8,,2512,0,0,0.0321,0.5871,0.0023,0.1263,0.8901,0,4,0,0,0,0,0,0,0,0,0,0,4,0,0,0,0,0,0,0,0,0
pbt,bintrie,5,4,storage_sstore_k1,8,,2513,0,0,0.042,0.5364,0.005,0.219,1.0823,0,4,0,0,0,0,0,0,0,0,0,0,4,0,0,0,0,0,0,0,0,0
pbt,bintrie,5,4,storage_sstore_k1,8,,2514,86946,2,0.5897,29.3371,9.4011,4.8859,45.0208,1.9312,11,0,0,0,3,0,0,0,1,164,6,5,54.55,0,0,0,0,0,0,0,0
pbt,bintrie,5,4,storage_sstore_k1,8,,2515,0,0,0.0913,1.409,0.0082,0.4993,2.8714,0,4,0,0,0,0,0,0,0,0,0,0,4,0,0,0,0,0,0,0,0,0
pbt,bintrie,5,4,storage_sstore_k1,8,,2516,99917441,1,197.0009,179.7633,69.2984,39.6493,486.1066,205.5464,8,4414,2,192,3,0,4414,0,0,0,1,7,12.5,1558,2856,35.3,2,0,100,192,0
pbt,bintrie,5,4,storage_sstore_k1,8,,2517,21000,1,0.1835,33.7529,3.3264,1.4708,39.2401,0.5352,6,0,0,0,2,0,0,0,0,0,2,4,33.33,0,0,0,0,0,0,0,0
pbt,bintrie,5,4,storage_sstore_k1,8,,2518,0,0,0.0633,1.0176,0.0041,0.56,2.6882,0,4,0,0,0,0,0,0,0,0,0,0,4,0,0,0,0,0,0,0,0,0
pbt,bintrie,5,4,storage_sstore_k1,8,,2519,0,0,0.6005,1.3448,0.007,0.7321,4.0567,0,4,0,0,0,0,0,0,0,0,0,0,4,0,0,0,0,0,0,0,0,0
pbt,bintrie,5,4,storage_sstore_k1,9,,2520,0,0,0.0825,0.8304,0.0044,0.2651,1.526,0,4,0,0,0,0,0,0,0,0,0,0,4,0,0,0,0,0,0,0,0,0
pbt,bintrie,5,4,storage_sstore_k1,9,,2521,0,0,0.0411,0.532,0.0035,0.2065,0.9905,0,4,0,0,0,0,0,0,0,0,0,0,4,0,0,0,0,0,0,0,0,0
pbt,bintrie,5,4,storage_sstore_k1,9,,2522,0,0,0.0449,0.6008,0.0035,0.4188,2.2572,0,4,0,0,0,0,0,0,0,0,0,0,4,0,0,0,0,0,0,0,0,0
pbt,bintrie,5,4,storage_sstore_k1,9,,2523,0,0,0.0295,0.4378,0.0029,0.1286,0.7802,0,4,0,0,0,0,0,0,0,0,0,0,4,0,0,0,0,0,0,0,0,0
pbt,bintrie,5,4,storage_sstore_k1,9,,2524,0,0,0.0388,0.6061,0.002,0.1441,0.9514,0,4,0,0,0,0,0,0,0,0,0,0,4,0,0,0,0,0,0,0,0,0
pbt,bintrie,5,4,storage_sstore_k1,9,,2525,0,0,0.0583,0.9158,0.0044,0.287,1.6476,0,4,0,0,0,0,0,0,0,0,0,0,4,0,0,0,0,0,0,0,0,0
pbt,bintrie,5,4,storage_sstore_k1,9,,2526,0,0,0.1137,1.5936,0.0082,0.471,2.6541,0,4,0,0,0,0,0,0,0,0,0,0,4,0,0,0,0,0,0,0,0,0
pbt,bintrie,5,4,storage_sstore_k1,9,,2527,0,0,0.2695,2.9997,0.0146,4.8439,10.3277,0,4,0,0,0,0,0,0,0,0,0,0,4,0,0,0,0,0,0,0,0,0
pbt,bintrie,5,4,storage_sstore_k1,9,,2528,0,0,0.0537,0.8747,0.0053,0.2164,1.4049,0,4,0,0,0,0,0,0,0,0,0,0,4,0,0,0,0,0,0,0,0,0
pbt,bintrie,5,4,storage_sstore_k1,9,,2529,0,0,0.0755,1.7957,0.0038,0.567,2.8475,0,4,0,0,0,0,0,0,0,0,0,0,4,0,0,0,0,0,0,0,0,0
pbt,bintrie,5,4,storage_sstore_k1,9,,2530,0,0,0.0855,1.4583,0.0067,0.2963,2.1924,0,4,0,0,0,0,0,0,0,0,0,0,4,0,0,0,0,0,0,0,0,0
pbt,bintrie,5,4,storage_sstore_k1,9,,2531,0,0,0.0887,1.3877,0.0125,0.3159,2.3458,0,4,0,0,0,0,0,0,0,0,0,0,4,0,0,0,0,0,0,0,0,0
pbt,bintrie,5,4,storage_sstore_k1,9,,2532,0,0,0.0825,1.3915,0.0061,0.31,2.1609,0,4,0,0,0,0,0,0,0,0,0,0,4,0,0,0,0,0,0,0,0,0
pbt,bintrie,5,4,storage_sstore_k1,9,,2533,0,0,0.0741,1.7902,0.0038,0.5544,2.7976,0,4,0,0,0,0,0,0,0,0,0,0,4,0,0,0,0,0,0,0,0,0
pbt,bintrie,5,4,storage_sstore_k1,9,,2534,0,0,0.0857,1.4169,0.007,0.3127,2.293,0,4,0,0,0,0,0,0,0,0,0,0,4,0,0,0,0,0,0,0,0,0
pbt,bintrie,5,4,storage_sstore_k1,9,,2535,0,0,0.156,2.4123,0.0079,2.2356,10.1077,0,4,0,0,0,0,0,0,0,0,0,0,4,0,0,0,0,0,0,0,0,0
pbt,bintrie,5,4,storage_sstore_k1,9,,2536,0,0,0.0297,0.4229,0.0023,0.1347,0.7265,0,4,0,0,0,0,0,0,0,0,0,0,4,0,0,0,0,0,0,0,0,0
pbt,bintrie,5,4,storage_sstore_k1,9,,2537,0,0,0.026,0.5119,0.0023,0.1234,0.8514,0,4,0,0,0,0,0,0,0,0,0,0,4,0,0,0,0,0,0,0,0,0
pbt,bintrie,5,4,storage_sstore_k1,9,,2538,0,0,0.033,0.422,0.002,0.194,0.8403,0,4,0,0,0,0,0,0,0,0,0,0,4,0,0,0,0,0,0,0,0,0
pbt,bintrie,5,4,storage_sstore_k1,9,,2539,86946,2,0.4427,49.4725,3.394,1.8293,55.5923,1.564,11,0,0,0,3,0,0,0,1,164,4,7,36.36,0,0,0,0,0,0,0,0
pbt,bintrie,5,4,storage_sstore_k1,9,,2540,99917441,1,118.2118,176.5711,26.1219,33.906,355.5411,281.0292,8,4414,2,192,3,0,4414,0,0,0,3,5,37.5,1031,3383,23.36,2,0,100,192,0
pbt,bintrie,5,4,storage_sstore_k1,9,,2541,21000,1,0.1234,0.849,15.7945,1.7922,24.4924,0.8574,6,0,0,0,2,0,0,0,0,0,2,4,33.33,0,0,0,0,0,0,0,0
pbt,bintrie,5,4,storage_sstore_k1,9,,2542,0,0,0.2374,1.836,0.0058,0.4063,3.7878,0,4,0,0,0,0,0,0,0,0,0,0,4,0,0,0,0,0,0,0,0,0
pbt,bintrie,5,4,storage_sstore_k1,9,,2543,0,0,0.0817,1.3647,0.0067,0.4798,2.5923,0,4,0,0,0,0,0,0,0,0,0,0,4,0,0,0,0,0,0,0,0,0
pbt,bintrie,5,4,storage_sstore_k10,10,,2783,0,0,0.0968,0.7055,0.0041,0.2395,1.33,0,4,0,0,0,0,0,0,0,0,0,0,4,0,0,0,0,0,0,0,0,0
pbt,bintrie,5,4,storage_sstore_k10,10,,2784,0,0,0.0394,0.5256,0.0029,0.219,0.9887,0,4,0,0,0,0,0,0,0,0,0,0,4,0,0,0,0,0,0,0,0,0
pbt,bintrie,5,4,storage_sstore_k10,10,,2785,0,0,0.0297,0.5183,0.0023,0.1234,0.8248,0,4,0,0,0,0,0,0,0,0,0,0,4,0,0,0,0,0,0,0,0,0
pbt,bintrie,5,4,storage_sstore_k10,10,,2786,0,0,0.0295,0.4238,0.0015,0.1161,0.7242,0,4,0,0,0,0,0,0,0,0,0,0,4,0,0,0,0,0,0,0,0,0
pbt,bintrie,5,4,storage_sstore_k10,10,,2787,0,0,0.0382,0.5816,0.0026,0.1753,0.9806,0,4,0,0,0,0,0,0,0,0,0,0,4,0,0,0,0,0,0,0,0,0
pbt,bintrie,5,4,storage_sstore_k10,10,,2788,0,0,0.0688,1.3206,0.0044,0.2578,2.0874,0,4,0,0,0,0,0,0,0,0,0,0,4,0,0,0,0,0,0,0,0,0
pbt,bintrie,5,4,storage_sstore_k10,10,,2789,0,0,0.0936,1.4469,0.0076,0.3614,2.4739,0,4,0,0,0,0,0,0,0,0,0,0,4,0,0,0,0,0,0,0,0,0
pbt,bintrie,5,4,storage_sstore_k10,10,,2790,0,0,0.0332,0.5273,0.0026,0.1391,0.8977,0,4,0,0,0,0,0,0,0,0,0,0,4,0,0,0,0,0,0,0,0,0
pbt,bintrie,5,4,storage_sstore_k10,10,,2791,0,0,0.077,1.7228,0.0038,0.1797,2.4304,0,4,0,0,0,0,0,0,0,0,0,0,4,0,0,0,0,0,0,0,0,0
pbt,bintrie,5,4,storage_sstore_k10,10,,2792,0,0,0.0793,1.4128,0.0082,0.3025,2.2052,0,4,0,0,0,0,0,0,0,0,0,0,4,0,0,0,0,0,0,0,0,0
pbt,bintrie,5,4,storage_sstore_k10,10,,2793,0,0,0.0455,0.6031,0.0035,0.1718,1.0946,0,4,0,0,0,0,0,0,0,0,0,0,4,0,0,0,0,0,0,0,0,0
pbt,bintrie,5,4,storage_sstore_k10,10,,2794,0,0,0.0901,1.9077,0.0055,0.4439,2.858,0,4,0,0,0,0,0,0,0,0,0,0,4,0,0,0,0,0,0,0,0,0
pbt,bintrie,5,4,storage_sstore_k10,10,,2795,0,0,0.0522,1.6333,0.0131,0.9639,8.4427,0,4,0,0,0,0,0,0,0,0,0,0,4,0,0,0,0,0,0,0,0,0
pbt,bintrie,5,4,storage_sstore_k10,10,,2796,0,0,0.0971,1.5464,0.0076,0.3876,2.5471,0,4,0,0,0,0,0,0,0,0,0,0,4,0,0,0,0,0,0,0,0,0
pbt,bintrie,5,4,storage_sstore_k10,10,,2797,0,0,0.035,0.5177,0.0035,0.1887,0.9986,0,4,0,0,0,0,0,0,0,0,0,0,4,0,0,0,0,0,0,0,0,0
pbt,bintrie,5,4,storage_sstore_k10,10,,2798,0,0,0.0484,0.8525,0.0026,0.548,2.2163,0,4,0,0,0,0,0,0,0,0,0,0,4,0,0,0,0,0,0,0,0,0
pbt,bintrie,5,4,storage_sstore_k10,10,,2799,0,0,0.0321,0.5422,0.0026,0.1047,0.8371,0,4,0,0,0,0,0,0,0,0,0,0,4,0,0,0,0,0,0,0,0,0
pbt,bintrie,5,4,storage_sstore_k10,10,,2800,0,0,0.0289,0.4564,0.0023,0.1237,0.7776,0,4,0,0,0,0,0,0,0,0,0,0,4,0,0,0,0,0,0,0,0,0
pbt,bintrie,5,4,storage_sstore_k10,10,,2801,86978,2,0.338,2.1729,37.0124,3.2701,61.0108,1.4256,11,0,0,0,3,0,0,0,1,166,6,5,54.55,0,0,0,0,0,0,0,0
pbt,bintrie,5,4,storage_sstore_k10,10,,2802,99917814,1,191.3084,125.3738,49.3864,31.503,398.3442,250.8329,17,4855,11,446,11,0,4355,0,0,0,7,10,41.18,2185,2670,45.01,11,0,100,446,0
pbt,bintrie,5,4,storage_sstore_k10,10,,2803,21000,1,0.2074,2.3549,23.8297,0.8455,31.1093,0.675,6,0,0,0,2,0,0,0,0,0,2,4,33.33,0,0,0,0,0,0,0,0
pbt,bintrie,5,4,storage_sstore_k10,10,,2804,0,0,0.1902,2.2082,0.0105,0.7519,3.9313,0,4,0,0,0,0,0,0,0,0,0,0,4,0,0,0,0,0,0,0,0,0
pbt,bintrie,5,4,storage_sstore_k10,10,,2805,0,0,0.0534,1.0707,0.0035,0.2307,1.6718,0,4,0,0,0,0,0,0,0,0,0,0,4,0,0,0,0,0,0,0,0,0
pbt,bintrie,5,4,storage_sstore_k10,1,,2569,0,0,0.1301,1.4064,0.0058,0.3768,2.3038,0,4,0,0,0,0,0,0,0,0,0,0,4,0,0,0,0,0,0,0,0,0
pbt,bintrie,5,4,storage_sstore_k10,1,,2570,0,0,0.0505,0.539,0.0023,0.2543,1.5239,0,4,0,0,0,0,0,0,0,0,0,0,4,0,0,0,0,0,0,0,0,0
pbt,bintrie,5,4,storage_sstore_k10,1,,2571,0,0,0.0405,0.6367,0.0015,0.105,0.9459,0,4,0,0,0,0,0,0,0,0,0,0,4,0,0,0,0,0,0,0,0,0
pbt,bintrie,5,4,storage_sstore_k10,1,,2572,0,0,0.0271,0.518,0.0018,0.1073,0.8123,0,4,0,0,0,0,0,0,0,0,0,0,4,0,0,0,0,0,0,0,0,0
pbt,bintrie,5,4,storage_sstore_k10,1,,2573,0,0,0.1893,2.5409,0.0082,0.5819,8.4152,0,4,0,0,0,0,0,0,0,0,0,0,4,0,0,0,0,0,0,0,0,0
pbt,bintrie,5,4,storage_sstore_k10,1,,2574,0,0,0.126,1.9699,0.0064,0.5539,3.0493,0,4,0,0,0,0,0,0,0,0,0,0,4,0,0,0,0,0,0,0,0,0
pbt,bintrie,5,4,storage_sstore_k10,1,,2575,0,0,0.0884,1.4035,0.0093,0.2841,2.1842,0,4,0,0,0,0,0,0,0,0,0,0,4,0,0,0,0,0,0,0,0,0
pbt,bintrie,5,4,storage_sstore_k10,1,,2576,0,0,0.0968,1.7415,0.0058,1.1961,4.7115,0,4,0,0,0,0,0,0,0,0,0,0,4,0,0,0,0,0,0,0,0,0
pbt,bintrie,5,4,storage_sstore_k10,1,,2577,0,0,0.0787,1.75,0.0053,0.5947,3.1383,0,4,0,0,0,0,0,0,0,0,0,0,4,0,0,0,0,0,0,0,0,0
pbt,bintrie,5,4,storage_sstore_k10,1,,2578,0,0,0.105,1.7841,0.0044,0.4147,2.8384,0,4,0,0,0,0,0,0,0,0,0,0,4,0,0,0,0,0,0,0,0,0
pbt,bintrie,5,4,storage_sstore_k10,1,,2579,0,0,0.0356,0.4935,0.0044,0.173,0.9441,0,4,0,0,0,0,0,0,0,0,0,0,4,0,0,0,0,0,0,0,0,0
pbt,bintrie,5,4,storage_sstore_k10,1,,2580,0,0,0.3582,4.5464,0.0187,0.9321,10.4691,0,4,0,0,0,0,0,0,0,0,0,0,4,0,0,0,0,0,0,0,0,0
pbt,bintrie,5,4,storage_sstore_k10,1,,2581,0,0,0.061,1.3469,0.0044,0.301,2.0757,0,4,0,0,0,0,0,0,0,0,0,0,4,0,0,0,0,0,0,0,0,0
pbt,bintrie,5,4,storage_sstore_k10,1,,2582,0,0,0.0376,0.4877,0.0038,0.1525,0.9432,0,4,0,0,0,0,0,0,0,0,0,0,4,0,0,0,0,0,0,0,0,0
pbt,bintrie,5,4,storage_sstore_k10,1,,2583,0,0,0.1368,2.2659,0.0082,0.4772,3.6227,0,4,0,0,0,0,0,0,0,0,0,0,4,0,0,0,0,0,0,0,0,0
pbt,bintrie,5,4,storage_sstore_k10,1,,2584,0,0,0.0327,0.4398,0.0023,1.733,2.7209,0,4,0,0,0,0,0,0,0,0,0,0,4,0,0,0,0,0,0,0,0,0
pbt,bintrie,5,4,storage_sstore_k10,1,,2585,0,0,0.0446,0.574,0.0026,0.1829,0.9741,0,4,0,0,0,0,0,0,0,0,0,0,4,0,0,0,0,0,0,0,0,0
pbt,bintrie,5,4,storage_sstore_k10,1,,2586,0,0,0.0254,0.4524,0.0018,0.1088,0.7434,0,4,0,0,0,0,0,0,0,0,0,0,4,0,0,0,0,0,0,0,0,0
pbt,bintrie,5,4,storage_sstore_k10,1,,2587,0,0,0.0782,1.8649,0.0058,0.3835,2.9186,0,4,0,0,0,0,0,0,0,0,0,0,4,0,0,0,0,0,0,0,0,0
pbt,bintrie,5,4,storage_sstore_k10,1,,2588,86978,2,3.9275,19.8174,5.3409,1.7794,31.251,2.7832,11,0,0,0,3,0,0,0,1,166,5,6,45.45,0,0,0,0,0,0,0,0
pbt,bintrie,5,4,storage_sstore_k10,1,,2589,99917814,1,217.2254,125.5964,39.8065,52.1533,435.026,229.6824,17,4855,11,446,11,0,4355,0,0,0,5,12,29.41,2041,2814,42.04,11,0,100,446,0
pbt,bintrie,5,4,storage_sstore_k10,1,,2590,21000,1,0.2529,0.8648,12.4422,2.1915,24.2906,0.8645,6,0,0,0,2,0,0,0,0,0,2,4,33.33,0,0,0,0,0,0,0,0
pbt,bintrie,5,4,storage_sstore_k10,1,,2591,0,0,0.0464,0.5498,0.0038,0.1735,1.0237,0,4,0,0,0,0,0,0,0,0,0,0,4,0,0,0,0,0,0,0,0,0
pbt,bintrie,5,4,storage_sstore_k10,1,,2592,0,0,0.0904,1.3685,0.0061,0.4118,2.314,0,4,0,0,0,0,0,0,0,0,0,0,4,0,0,0,0,0,0,0,0,0
pbt,bintrie,5,4,storage_sstore_k10,2,,2593,0,0,0.0677,0.6402,0.0035,0.2759,1.2451,0,4,0,0,0,0,0,0,0,0,0,0,4,0,0,0,0,0,0,0,0,0
pbt,bintrie,5,4,storage_sstore_k10,2,,2594,0,0,0.0592,0.7271,0.0053,0.1858,1.353,0,4,0,0,0,0,0,0,0,0,0,0,4,0,0,0,0,0,0,0,0,0
pbt,bintrie,5,4,storage_sstore_k10,2,,2595,0,0,0.0365,0.6014,0.0026,0.1315,0.9354,0,4,0,0,0,0,0,0,0,0,0,0,4,0,0,0,0,0,0,0,0,0
pbt,bintrie,5,4,storage_sstore_k10,2,,2596,0,0,0.2505,0.6227,0.002,0.1143,1.1561,0,4,0,0,0,0,0,0,0,0,0,0,4,0,0,0,0,0,0,0,0,0
pbt,bintrie,5,4,storage_sstore_k10,2,,2597,0,0,0.0268,0.4713,0.0026,0.098,0.7461,0,4,0,0,0,0,0,0,0,0,0,0,4,0,0,0,0,0,0,0,0,0
pbt,bintrie,5,4,storage_sstore_k10,2,,2598,0,0,0.0761,1.379,0.0053,0.3267,2.3228,0,4,0,0,0,0,0,0,0,0,0,0,4,0,0,0,0,0,0,0,0,0
pbt,bintrie,5,4,storage_sstore_k10,2,,2599,0,0,0.0557,0.4392,0.0015,0.1382,0.8021,0,4,0,0,0,0,0,0,0,0,0,0,4,0,0,0,0,0,0,0,0,0
pbt,bintrie,5,4,storage_sstore_k10,2,,2600,0,0,0.0257,0.478,0.0079,17.4628,18.8698,0,4,0,0,0,0,0,0,0,0,0,0,4,0,0,0,0,0,0,0,0,0
pbt,bintrie,5,4,storage_sstore_k10,2,,2601,0,0,0.0977,1.493,0.0093,0.5282,2.6039,0,4,0,0,0,0,0,0,0,0,0,0,4,0,0,0,0,0,0,0,0,0
pbt,bintrie,5,4,storage_sstore_k10,2,,2602,0,0,0.042,0.5474,0.0035,0.1907,1.0293,0,4,0,0,0,0,0,0,0,0,0,0,4,0,0,0,0,0,0,0,0,0
pbt,bintrie,5,4,storage_sstore_k10,2,,2603,0,0,0.0995,1.9054,0.005,0.3375,2.9869,0,4,0,0,0,0,0,0,0,0,0,0,4,0,0,0,0,0,0,0,0,0
pbt,bintrie,5,4,storage_sstore_k10,2,,2604,0,0,0.3678,3.7971,0.0111,0.5997,5.8274,0,4,0,0,0,0,0,0,0,0,0,0,4,0,0,0,0,0,0,0,0,0
pbt,bintrie,5,4,storage_sstore_k10,2,,2605,0,0,0.0344,0.4964,0.0026,0.1928,0.9558,0,4,0,0,0,0,0,0,0,0,0,0,4,0,0,0,0,0,0,0,0,0
pbt,bintrie,5,4,storage_sstore_k10,2,,2606,0,0,0.0481,0.793,0.0038,0.4719,2.1472,0,4,0,0,0,0,0,0,0,0,0,0,4,0,0,0,0,0,0,0,0,0
pbt,bintrie,5,4,storage_sstore_k10,2,,2607,0,0,0.0688,1.512,0.0047,0.289,2.3038,0,4,0,0,0,0,0,0,0,0,0,0,4,0,0,0,0,0,0,0,0,0
pbt,bintrie,5,4,storage_sstore_k10,2,,2608,0,0,0.0426,0.5259,0.0032,0.1085,0.8511,0,4,0,0,0,0,0,0,0,0,0,0,4,0,0,0,0,0,0,0,0,0
pbt,bintrie,5,4,storage_sstore_k10,2,,2609,0,0,0.0429,0.6227,0.0029,0.1167,0.961,0,4,0,0,0,0,0,0,0,0,0,0,4,0,0,0,0,0,0,0,0,0
pbt,bintrie,5,4,storage_sstore_k10,2,,2610,0,0,0.0373,0.539,0.0035,0.1514,0.8901,0,4,0,0,0,0,0,0,0,0,0,0,4,0,0,0,0,0,0,0,0,0
pbt,bintrie,5,4,storage_sstore_k10,2,,2611,0,0,0.026,0.4284,0.0026,0.1114,0.7227,0,4,0,0,0,0,0,0,0,0,0,0,4,0,0,0,0,0,0,0,0,0
pbt,bintrie,5,4,storage_sstore_k10,2,,2612,86978,2,0.6586,1.4825,19.4595,3.7997,33.5187,2.5949,11,0,0,0,3,0,0,0,1,166,4,7,36.36,0,0,0,0,0,0,0,0
pbt,bintrie,5,4,storage_sstore_k10,2,,2613,99917814,1,154.6182,186.755,76.5285,20.5442,439.0218,227.5919,17,4855,11,446,11,0,4355,0,0,0,2,15,11.76,997,3858,20.54,11,0,100,446,0
pbt,bintrie,5,4,storage_sstore_k10,2,,2614,21000,1,0.2333,1.3868,35.2043,1.54,39.9962,0.525,6,0,0,0,2,0,0,0,0,0,2,4,33.33,0,0,0,0,0,0,0,0
pbt,bintrie,5,4,storage_sstore_k10,2,,2615,0,0,0.068,1.3265,0.0061,0.3564,2.0614,0,4,0,0,0,0,0,0,0,0,0,0,4,0,0,0,0,0,0,0,0,0
pbt,bintrie,5,4,storage_sstore_k10,2,,2616,0,0,0.1374,1.74,0.0096,0.8423,3.2514,0,4,0,0,0,0,0,0,0,0,0,0,4,0,0,0,0,0,0,0,0,0
pbt,bintrie,5,4,storage_sstore_k10,3,,2617,0,0,0.0688,0.7799,0.0029,0.2085,1.3469,0,4,0,0,0,0,0,0,0,0,0,0,4,0,0,0,0,0,0,0,0,0
pbt,bintrie,5,4,storage_sstore_k10,3,,2618,0,0,0.0464,0.567,0.0035,0.2033,1.1401,0,4,0,0,0,0,0,0,0,0,0,0,4,0,0,0,0,0,0,0,0,0
pbt,bintrie,5,4,storage_sstore_k10,3,,2619,0,0,0.0198,0.3541,0.0017,0.082,0.5941,0,4,0,0,0,0,0,0,0,0,0,0,4,0,0,0,0,0,0,0,0,0
pbt,bintrie,5,4,storage_sstore_k10,3,,2620,0,0,0.0397,0.6615,0.0041,0.2876,2.5826,0,4,0,0,0,0,0,0,0,0,0,0,4,0,0,0,0,0,0,0,0,0
pbt,bintrie,5,4,storage_sstore_k10,3,,2621,0,0,0.0312,0.4742,0.0026,0.1102,0.7875,0,4,0,0,0,0,0,0,0,0,0,0,4,0,0,0,0,0,0,0,0,0
pbt,bintrie,5,4,storage_sstore_k10,3,,2622,0,0,0.0822,1.4151,0.0061,2.2152,4.1532,0,4,0,0,0,0,0,0,0,0,0,0,4,0,0,0,0,0,0,0,0,0
pbt,bintrie,5,4,storage_sstore_k10,3,,2623,0,0,0.0878,1.3807,0.007,0.4002,2.4418,0,4,0,0,0,0,0,0,0,0,0,0,4,0,0,0,0,0,0,0,0,0
pbt,bintrie,5,4,storage_sstore_k10,3,,2624,0,0,0.0624,1.1926,0.0035,0.3252,1.9092,0,4,0,0,0,0,0,0,0,0,0,0,4,0,0,0,0,0,0,0,0,0
pbt,bintrie,5,4,storage_sstore_k10,3,,2625,0,0,0.0901,1.397,0.0073,0.294,2.1279,0,4,0,0,0,0,0,0,0,0,0,0,4,0,0,0,0,0,0,0,0,0
pbt,bintrie,5,4,storage_sstore_k10,3,,2626,0,0,0.0347,0.448,0.0026,0.1342,0.8732,0,4,0,0,0,0,0,0,0,0,0,0,4,0,0,0,0,0,0,0,0,0
pbt,bintrie,5,4,storage_sstore_k10,3,,2627,0,0,0.096,1.5846,0.0067,0.3057,2.4403,0,4,0,0,0,0,0,0,0,0,0,0,4,0,0,0,0,0,0,0,0,0
pbt,bintrie,5,4,storage_sstore_k10,3,,2628,0,0,0.0846,1.3373,0.0052,0.3211,2.0509,0,4,0,0,0,0,0,0,0,0,0,0,4,0,0,0,0,0,0,0,0,0
pbt,bintrie,5,4,storage_sstore_k10,3,,2629,0,0,0.0954,1.3629,0.012,6.6271,9.971,0,4,0,0,0,0,0,0,0,0,0,0,4,0,0,0,0,0,0,0,0,0
pbt,bintrie,5,4,storage_sstore_k10,3,,2630,0,0,0.0776,1.4711,0.0055,0.3156,2.2749,0,4,0,0,0,0,0,0,0,0,0,0,4,0,0,0,0,0,0,0,0,0
pbt,bintrie,5,4,storage_sstore_k10,3,,2631,0,0,0.0685,1.3781,0.005,0.3118,2.0979,0,4,0,0,0,0,0,0,0,0,0,0,4,0,0,0,0,0,0,0,0,0
pbt,bintrie,5,4,storage_sstore_k10,3,,2632,0,0,0.0359,0.6198,0.0029,0.1645,1.0526,0,4,0,0,0,0,0,0,0,0,0,0,4,0,0,0,0,0,0,0,0,0
pbt,bintrie,5,4,storage_sstore_k10,3,,2633,0,0,0.037,0.6052,0.0032,0.1633,1.0018,0,4,0,0,0,0,0,0,0,0,0,0,4,0,0,0,0,0,0,0,0,0
pbt,bintrie,5,4,storage_sstore_k10,3,,2634,0,0,0.0248,0.4387,0.0015,0.1178,0.7306,0,4,0,0,0,0,0,0,0,0,0,0,4,0,0,0,0,0,0,0,0,0
pbt,bintrie,5,4,storage_sstore_k10,3,,2635,0,0,0.0922,2.0177,0.0055,0.5492,3.1817,0,4,0,0,0,0,0,0,0,0,0,0,4,0,0,0,0,0,0,0,0,0
pbt,bintrie,5,4,storage_sstore_k10,3,,2636,86978,2,0.1829,1.2865,0.5507,2.0994,4.4245,19.6584,11,0,0,0,3,0,0,0,1,166,6,5,54.55,0,0,0,0,0,0,0,0
pbt,bintrie,5,4,storage_sstore_k10,3,,2637,99917814,1,140.349,187.0231,27.4376,59.7877,414.9718,240.7822,17,4855,11,446,11,0,4355,0,0,0,2,15,11.76,1017,3838,20.95,11,0,100,446,0
pbt,bintrie,5,4,storage_sstore_k10,3,,2638,21000,1,0.1791,2.9472,12.4999,1.726,32.0434,0.6554,6,0,0,0,2,0,0,0,0,0,2,4,33.33,0,0,0,0,0,0,0,0
pbt,bintrie,5,4,storage_sstore_k10,3,,2639,0,0,0.1645,1.7132,0.009,0.7046,3.798,0,4,0,0,0,0,0,0,0,0,0,0,4,0,0,0,0,0,0,0,0,0
pbt,bintrie,5,4,storage_sstore_k10,3,,2640,0,0,0.0659,0.7668,0.0067,0.3427,1.9795,0,4,0,0,0,0,0,0,0,0,0,0,4,0,0,0,0,0,0,0,0,0
pbt,bintrie,5,4,storage_sstore_k10,4,,2641,0,0,0.1578,1.6108,0.0082,0.5264,2.8868,0,4,0,0,0,0,0,0,0,0,0,0,4,0,0,0,0,0,0,0,0,0
pbt,bintrie,5,4,storage_sstore_k10,4,,2642,0,0,0.0484,0.7501,0.0047,0.2018,1.2664,0,4,0,0,0,0,0,0,0,0,0,0,4,0,0,0,0,0,0,0,0,0
pbt,bintrie,5,4,storage_sstore_k10,4,,2643,0,0,0.033,0.4725,0.0015,0.1123,0.765,0,4,0,0,0,0,0,0,0,0,0,0,4,0,0,0,0,0,0,0,0,0
pbt,bintrie,5,4,storage_sstore_k10,4,,2644,0,0,0.0268,0.4987,0.002,0.1085,0.8085,0,4,0,0,0,0,0,0,0,0,0,0,4,0,0,0,0,0,0,0,0,0
pbt,bintrie,5,4,storage_sstore_k10,4,,2645,0,0,0.1199,1.4201,0.0029,0.2435,2.1726,0,4,0,0,0,0,0,0,0,0,0,0,4,0,0,0,0,0,0,0,0,0
pbt,bintrie,5,4,storage_sstore_k10,4,,2646,0,0,0.0802,1.0106,0.009,0.2126,1.85,0,4,0,0,0,0,0,0,0,0,0,0,4,0,0,0,0,0,0,0,0,0
pbt,bintrie,5,4,storage_sstore_k10,4,,2647,0,0,0.0318,0.4987,0.0032,0.1447,0.8878,0,4,0,0,0,0,0,0,0,0,0,0,4,0,0,0,0,0,0,0,0,0
pbt,bintrie,5,4,storage_sstore_k10,4,,2648,0,0,0.0356,0.5157,0.0026,0.187,0.9456,0,4,0,0,0,0,0,0,0,0,0,0,4,0,0,0,0,0,0,0,0,0
pbt,bintrie,5,4,storage_sstore_k10,4,,2649,0,0,0.0289,0.4037,0.002,0.1872,0.8446,0,4,0,0,0,0,0,0,0,0,0,0,4,0,0,0,0,0,0,0,0,0
pbt,bintrie,5,4,storage_sstore_k10,4,,2650,0,0,0.0455,0.4999,0.0026,0.145,0.9033,0,4,0,0,0,0,0,0,0,0,0,0,4,0,0,0,0,0,0,0,0,0
pbt,bintrie,5,4,storage_sstore_k10,4,,2651,0,0,0.0875,1.3947,0.0061,0.3042,2.2385,0,4,0,0,0,0,0,0,0,0,0,0,4,0,0,0,0,0,0,0,0,0
pbt,bintrie,5,4,storage_sstore_k10,4,,2652,0,0,0.0703,1.3518,0.0067,0.3334,2.1104,0,4,0,0,0,0,0,0,0,0,0,0,4,0,0,0,0,0,0,0,0,0
pbt,bintrie,5,4,storage_sstore_k10,4,,2653,0,0,0.0353,0.4734,0.0041,0.1872,0.9453,0,4,0,0,0,0,0,0,0,0,0,0,4,0,0,0,0,0,0,0,0,0
pbt,bintrie,5,4,storage_sstore_k10,4,,2654,0,0,0.0417,0.513,0.0023,0.1587,0.9062,0,4,0,0,0,0,0,0,0,0,0,0,4,0,0,0,0,0,0,0,0,0
pbt,bintrie,5,4,storage_sstore_k10,4,,2655,0,0,0.0414,0.4952,0.005,0.3427,1.5729,0,4,0,0,0,0,0,0,0,0,0,0,4,0,0,0,0,0,0,0,0,0
pbt,bintrie,5,4,storage_sstore_k10,4,,2656,0,0,0.0362,0.4912,0.0032,0.1657,0.8875,0,4,0,0,0,0,0,0,0,0,0,0,4,0,0,0,0,0,0,0,0,0
pbt,bintrie,5,4,storage_sstore_k10,4,,2657,0,0,0.0245,0.3975,0.0015,0.0925,0.6323,0,4,0,0,0,0,0,0,0,0,0,0,4,0,0,0,0,0,0,0,0,0
pbt,bintrie,5,4,storage_sstore_k10,4,,2658,0,0,0.0286,0.5355,0.0015,0.1715,0.8992,0,4,0,0,0,0,0,0,0,0,0,0,4,0,0,0,0,0,0,0,0,0
pbt,bintrie,5,4,storage_sstore_k10,4,,2659,0,0,0.019,0.3325,0.0009,0.1205,0.6049,0,4,0,0,0,0,0,0,0,0,0,0,4,0,0,0,0,0,0,0,0,0
pbt,bintrie,5,4,storage_sstore_k10,4,,2660,86978,2,0.6259,1.0217,6.6898,2.1449,76.6705,1.1344,11,0,0,0,3,0,0,0,1,166,4,7,36.36,0,0,0,0,0,0,0,0
pbt,bintrie,5,4,storage_sstore_k10,4,,2661,99917814,1,190.8344,146.1071,58.8268,22.0666,418.0665,238.9998,17,4855,11,446,11,0,4355,0,0,0,10,7,58.82,2235,2620,46.04,11,0,100,446,0
pbt,bintrie,5,4,storage_sstore_k10,4,,2662,21000,1,0.3442,1.806,20.0726,1.2005,31.4805,0.6671,6,0,0,0,2,0,0,0,0,0,2,4,33.33,0,0,0,0,0,0,0,0
pbt,bintrie,5,4,storage_sstore_k10,4,,2663,0,0,0.1187,1.6152,0.0087,0.6236,2.9382,0,4,0,0,0,0,0,0,0,0,0,0,4,0,0,0,0,0,0,0,0,0
pbt,bintrie,5,4,storage_sstore_k10,4,,2664,0,0,0.1336,1.6207,0.0131,0.4774,2.7416,0,4,0,0,0,0,0,0,0,0,0,0,4,0,0,0,0,0,0,0,0,0
pbt,bintrie,5,4,storage_sstore_k10,5,,2665,0,0,0.1242,1.4519,0.0079,0.5154,2.6121,0,4,0,0,0,0,0,0,0,0,0,0,4,0,0,0,0,0,0,0,0,0
pbt,bintrie,5,4,storage_sstore_k10,5,,2666,0,0,0.1875,0.8411,0.0055,0.201,1.486,0,4,0,0,0,0,0,0,0,0,0,0,4,0,0,0,0,0,0,0,0,0
pbt,bintrie,5,4,storage_sstore_k10,5,,2667,0,0,0.0907,1.5793,0.0088,0.2514,2.2598,0,4,0,0,0,0,0,0,0,0,0,0,4,0,0,0,0,0,0,0,0,0
pbt,bintrie,5,4,storage_sstore_k10,5,,2668,0,0,0.0274,0.4809,0.002,0.1289,0.8026,0,4,0,0,0,0,0,0,0,0,0,0,4,0,0,0,0,0,0,0,0,0
pbt,bintrie,5,4,storage_sstore_k10,5,,2669,0,0,0.0367,0.4885,0.0026,0.1345,0.8414,0,4,0,0,0,0,0,0,0,0,0,0,4,0,0,0,0,0,0,0,0,0
pbt,bintrie,5,4,storage_sstore_k10,5,,2670,0,0,0.0195,0.3322,0.0026,0.0986,0.5833,0,4,0,0,0,0,0,0,0,0,0,0,4,0,0,0,0,0,0,0,0,0
pbt,bintrie,5,4,storage_sstore_k10,5,,2671,0,0,0.0875,1.4265,0.0055,0.2934,2.2385,0,4,0,0,0,0,0,0,0,0,0,0,4,0,0,0,0,0,0,0,0,0
pbt,bintrie,5,4,storage_sstore_k10,5,,2672,0,0,0.2637,3.8385,0.0105,0.8502,8.7705,0,4,0,0,0,0,0,0,0,0,0,0,4,0,0,0,0,0,0,0,0,0
pbt,bintrie,5,4,storage_sstore_k10,5,,2673,0,0,0.054,0.7776,0.0026,0.1867,1.2988,0,4,0,0,0,0,0,0,0,0,0,0,4,0,0,0,0,0,0,0,0,0
pbt,bintrie,5,4,storage_sstore_k10,5,,2674,0,0,0.0391,0.5463,0.0035,0.1875,1.0599,0,4,0,0,0,0,0,0,0,0,0,0,4,0,0,0,0,0,0,0,0,0
pbt,bintrie,5,4,storage_sstore_k10,5,,2675,0,0,0.0289,0.3862,0.0012,0.1479,0.7828,0,4,0,0,0,0,0,0,0,0,0,0,4,0,0,0,0,0,0,0,0,0
pbt,bintrie,5,4,storage_sstore_k10,5,,2676,0,0,0.0519,1.0255,0.0026,0.2657,1.7287,0,4,0,0,0,0,0,0,0,0,0,0,4,0,0,0,0,0,0,0,0,0
pbt,bintrie,5,4,storage_sstore_k10,5,,2677,0,0,0.0892,2.0241,0.0041,0.4354,3.0954,0,4,0,0,0,0,0,0,0,0,0,0,4,0,0,0,0,0,0,0,0,0
pbt,bintrie,5,4,storage_sstore_k10,5,,2678,0,0,0.0843,2.1411,0.0038,0.4993,3.2975,0,4,0,0,0,0,0,0,0,0,0,0,4,0,0,0,0,0,0,0,0,0
pbt,bintrie,5,4,storage_sstore_k10,5,,2679,0,0,0.0426,0.6154,0.005,0.1986,1.1261,0,4,0,0,0,0,0,0,0,0,0,0,4,0,0,0,0,0,0,0,0,0
pbt,bintrie,5,4,storage_sstore_k10,5,,2680,0,0,0.0508,0.7557,0.0035,0.1689,1.3326,0,4,0,0,0,0,0,0,0,0,0,0,4,0,0,0,0,0,0,0,0,0
pbt,bintrie,5,4,storage_sstore_k10,5,,2681,0,0,0.0394,0.5781,0.0023,0.1155,0.8855,0,4,0,0,0,0,0,0,0,0,0,0,4,0,0,0,0,0,0,0,0,0
pbt,bintrie,5,4,storage_sstore_k10,5,,2682,0,0,0.0315,0.5127,0.0026,0.1356,0.8394,0,4,0,0,0,0,0,0,0,0,0,0,4,0,0,0,0,0,0,0,0,0
pbt,bintrie,5,4,storage_sstore_k10,5,,2683,0,0,0.1248,2.0043,0.0061,0.4684,3.3214,0,4,0,0,0,0,0,0,0,0,0,0,4,0,0,0,0,0,0,0,0,0
pbt,bintrie,5,4,storage_sstore_k10,5,,2684,86978,2,1.2142,3.1951,17.1041,16.4058,39.0838,2.2254,11,0,0,0,3,0,0,0,1,166,4,7,36.36,0,0,0,0,0,0,0,0
pbt,bintrie,5,4,storage_sstore_k10,5,,2685,99917814,1,173.8911,125.7765,44.8843,21.9074,369.9639,270.0745,17,4855,11,446,11,0,4355,0,0,0,8,9,47.06,2576,2279,53.06,11,0,100,446,0
pbt,bintrie,5,4,storage_sstore_k10,5,,2686,21000,1,0.0694,0.6428,23.6113,2.3936,26.9041,0.7805,6,0,0,0,2,0,0,0,0,0,2,4,33.33,0,0,0,0,0,0,0,0
pbt,bintrie,5,4,storage_sstore_k10,5,,2687,0,0,0.145,1.759,0.0085,0.6093,3.0018,0,4,0,0,0,0,0,0,0,0,0,0,4,0,0,0,0,0,0,0,0,0
pbt,bintrie,5,4,storage_sstore_k10,5,,2688,0,0,0.0528,0.6314,0.0044,0.4109,1.4595,0,4,0,0,0,0,0,0,0,0,0,0,4,0,0,0,0,0,0,0,0,0
pbt,bintrie,5,4,storage_sstore_k10,6,,2689,0,0,0.1242,1.5015,0.0082,0.4608,2.5964,0,4,0,0,0,0,0,0,0,0,0,0,4,0,0,0,0,0,0,0,0,0
pbt,bintrie,5,4,storage_sstore_k10,6,,2690,0,0,0.0846,1.4472,0.0047,0.2266,2.0906,0,4,0,0,0,0,0,0,0,0,0,0,4,0,0,0,0,0,0,0,0,0
pbt,bintrie,5,4,storage_sstore_k10,6,,2691,0,0,0.0362,0.5008,0.002,0.1114,0.8371,0,4,0,0,0,0,0,0,0,0,0,0,4,0,0,0,0,0,0,0,0,0
pbt,bintrie,5,4,storage_sstore_k10,6,,2692,0,0,0.2144,0.8204,0.0026,0.1452,1.4417,0,4,0,0,0,0,0,0,0,0,0,0,4,0,0,0,0,0,0,0,0,0
pbt,bintrie,5,4,storage_sstore_k10,6,,2693,0,0,0.096,1.6642,0.0047,0.2319,4.75,0,4,0,0,0,0,0,0,0,0,0,0,4,0,0,0,0,0,0,0,0,0
pbt,bintrie,5,4,storage_sstore_k10,6,,2694,0,0,0.0837,1.3918,0.0053,0.3194,2.1988,0,4,0,0,0,0,0,0,0,0,0,0,4,0,0,0,0,0,0,0,0,0
pbt,bintrie,5,4,storage_sstore_k10,6,,2695,0,0,0.3045,3.212,0.0099,0.6834,5.0722,0,4,0,0,0,0,0,0,0,0,0,0,4,0,0,0,0,0,0,0,0,0
pbt,bintrie,5,4,storage_sstore_k10,6,,2696,0,0,0.0306,0.4319,0.0015,0.1753,0.8382,0,4,0,0,0,0,0,0,0,0,0,0,4,0,0,0,0,0,0,0,0,0
pbt,bintrie,5,4,storage_sstore_k10,6,,2697,0,0,0.0855,2.0463,0.0044,0.3663,2.9204,0,4,0,0,0,0,0,0,0,0,0,0,4,0,0,0,0,0,0,0,0,0
pbt,bintrie,5,4,storage_sstore_k10,6,,2698,0,0,0.0417,0.658,0.0029,0.1651,1.0672,0,4,0,0,0,0,0,0,0,0,0,0,4,0,0,0,0,0,0,0,0,0
pbt,bintrie,5,4,storage_sstore_k10,6,,2699,0,0,0.0516,0.6204,0.0038,0.2071,1.1663,0,4,0,0,0,0,0,0,0,0,0,0,4,0,0,0,0,0,0,0,0,0
pbt,bintrie,5,4,storage_sstore_k10,6,,2700,0,0,0.0741,1.4335,0.0058,0.4258,2.5065,0,4,0,0,0,0,0,0,0,0,0,0,4,0,0,0,0,0,0,0,0,0
pbt,bintrie,5,4,storage_sstore_k10,6,,2701,0,0,0.0805,1.4288,0.0058,0.3838,2.2283,0,4,0,0,0,0,0,0,0,0,0,0,4,0,0,0,0,0,0,0,0,0
pbt,bintrie,5,4,storage_sstore_k10,6,,2702,0,0,0.0898,1.3836,0.007,0.5927,2.6206,0,4,0,0,0,0,0,0,0,0,0,0,4,0,0,0,0,0,0,0,0,0
pbt,bintrie,5,4,storage_sstore_k10,6,,2703,0,0,0.0863,1.4283,0.0079,0.3272,2.1845,0,4,0,0,0,0,0,0,0,0,0,0,4,0,0,0,0,0,0,0,0,0
pbt,bintrie,5,4,storage_sstore_k10,6,,2704,0,0,0.0741,1.1579,0.0044,0.2167,4.1847,0,4,0,0,0,0,0,0,0,0,0,0,4,0,0,0,0,0,0,0,0,0
pbt,bintrie,5,4,storage_sstore_k10,6,,2705,0,0,0.03,0.5658,0.0026,0.1368,0.9476,0,4,0,0,0,0,0,0,0,0,0,0,4,0,0,0,0,0,0,0,0,0
pbt,bintrie,5,4,storage_sstore_k10,6,,2706,0,0,0.0729,1.0132,0.0035,0.2736,2.7912,0,4,0,0,0,0,0,0,0,0,0,0,4,0,0,0,0,0,0,0,0,0
pbt,bintrie,5,4,storage_sstore_k10,6,,2707,86978,2,0.8333,1.7599,0.9514,2.6523,21.1745,4.1077,11,0,0,0,3,0,0,0,1,166,4,7,36.36,0,0,0,0,0,0,0,0
pbt,bintrie,5,4,storage_sstore_k10,6,,2708,99917814,1,188.8893,135.016,105.3205,33.8961,471.3586,211.9784,17,4855,11,446,11,0,4355,0,0,0,9,8,52.94,2787,2068,57.4,11,0,100,446,0
pbt,bintrie,5,4,storage_sstore_k10,6,,2709,21000,1,0.163,1.2676,22.5313,1.6805,26.2447,0.8002,6,0,0,0,2,0,0,0,0,0,2,4,33.33,0,0,0,0,0,0,0,0
pbt,bintrie,5,4,storage_sstore_k10,6,,2710,0,0,0.0417,0.6484,0.0026,0.2117,1.3031,0,4,0,0,0,0,0,0,0,0,0,0,4,0,0,0,0,0,0,0,0,0
pbt,bintrie,5,4,storage_sstore_k10,7,,2711,0,0,0.1563,1.7648,0.0058,0.3934,2.8236,0,4,0,0,0,0,0,0,0,0,0,0,4,0,0,0,0,0,0,0,0,0
pbt,bintrie,5,4,storage_sstore_k10,7,,2712,0,0,0.1175,1.8646,0.0093,0.4203,2.8472,0,4,0,0,0,0,0,0,0,0,0,0,4,0,0,0,0,0,0,0,0,0
pbt,bintrie,5,4,storage_sstore_k10,7,,2713,0,0,0.028,0.5308,0.002,0.1213,0.8029,0,4,0,0,0,0,0,0,0,0,0,0,4,0,0,0,0,0,0,0,0,0
pbt,bintrie,5,4,storage_sstore_k10,7,,2714,0,0,0.0286,0.6055,0.0032,0.1861,0.9817,0,4,0,0,0,0,0,0,0,0,0,0,4,0,0,0,0,0,0,0,0,0
pbt,bintrie,5,4,storage_sstore_k10,7,,2715,0,0,0.056,0.6962,0.0023,0.9514,2.8635,0,4,0,0,0,0,0,0,0,0,0,0,4,0,0,0,0,0,0,0,0,0
pbt,bintrie,5,4,storage_sstore_k10,7,,2716,0,0,0.0875,1.2848,0.0047,0.4214,2.1761,0,4,0,0,0,0,0,0,0,0,0,0,4,0,0,0,0,0,0,0,0,0
pbt,bintrie,5,4,storage_sstore_k10,7,,2717,0,0,0.047,0.8111,0.0029,0.2523,1.4425,0,4,0,0,0,0,0,0,0,0,0,0,4,0,0,0,0,0,0,0,0,0
pbt,bintrie,5,4,storage_sstore_k10,7,,2718,0,0,0.0817,1.4458,0.007,0.3952,2.4546,0,4,0,0,0,0,0,0,0,0,0,0,4,0,0,0,0,0,0,0,0,0
pbt,bintrie,5,4,storage_sstore_k10,7,,2719,0,0,0.0837,1.4344,0.0032,0.2666,2.1402,0,4,0,0,0,0,0,0,0,0,0,0,4,0,0,0,0,0,0,0,0,0
pbt,bintrie,5,4,storage_sstore_k10,7,,2720,0,0,0.0933,1.95,0.005,0.4232,2.9621,0,4,0,0,0,0,0,0,0,0,0,0,4,0,0,0,0,0,0,0,0,0
pbt,bintrie,5,4,storage_sstore_k10,7,,2721,0,0,0.0802,1.4402,0.0073,0.3547,2.3339,0,4,0,0,0,0,0,0,0,0,0,0,4,0,0,0,0,0,0,0,0,0
pbt,bintrie,5,4,storage_sstore_k10,7,,2722,0,0,0.0767,1.3758,0.0038,0.3818,2.1227,0,4,0,0,0,0,0,0,0,0,0,0,4,0,0,0,0,0,0,0,0,0
pbt,bintrie,5,4,storage_sstore_k10,7,,2723,0,0,0.0712,1.285,0.0041,0.2721,1.99,0,4,0,0,0,0,0,0,0,0,0,0,4,0,0,0,0,0,0,0,0,0
pbt,bintrie,5,4,storage_sstore_k10,7,,2724,0,0,0.0537,1.0931,0.0082,0.2756,1.7981,0,4,0,0,0,0,0,0,0,0,0,0,4,0,0,0,0,0,0,0,0,0
pbt,bintrie,5,4,storage_sstore_k10,7,,2725,0,0,0.0531,0.6452,0.0035,0.4174,1.8214,0,4,0,0,0,0,0,0,0,0,0,0,4,0,0,0,0,0,0,0,0,0
pbt,bintrie,5,4,storage_sstore_k10,7,,2726,0,0,0.0236,0.5361,0.002,0.1665,0.8516,0,4,0,0,0,0,0,0,0,0,0,0,4,0,0,0,0,0,0,0,0,0
pbt,bintrie,5,4,storage_sstore_k10,7,,2727,0,0,0.0283,0.4976,0.0032,0.1365,0.8257,0,4,0,0,0,0,0,0,0,0,0,0,4,0,0,0,0,0,0,0,0,0
pbt,bintrie,5,4,storage_sstore_k10,7,,2728,0,0,0.0239,0.5133,0.0018,0.1525,0.8426,0,4,0,0,0,0,0,0,0,0,0,0,4,0,0,0,0,0,0,0,0,0
pbt,bintrie,5,4,storage_sstore_k10,7,,2729,86978,2,0.35,5.1525,22.9445,1.6753,37.5698,2.3151,11,0,0,0,3,0,0,0,1,166,7,4,63.64,0,0,0,0,0,0,0,0
pbt,bintrie,5,4,storage_sstore_k10,7,,2730,99917814,1,158.8272,134.0171,52.4497,28.4969,374.2307,266.9952,17,4855,11,446,11,0,4355,0,0,0,3,14,17.65,1828,3027,37.65,11,0,100,446,0
pbt,bintrie,5,4,storage_sstore_k10,7,,2731,0,0,0.0741,1.8092,0.0055,0.5078,2.9554,0,4,0,0,0,0,0,0,0,0,0,0,4,0,0,0,0,0,0,0,0,0
pbt,bintrie,5,4,storage_sstore_k10,7,,2732,21000,1,1.4974,0.625,31.5097,1.5522,36.9529,0.5683,6,0,0,0,2,0,0,0,0,0,2,4,33.33,0,0,0,0,0,0,0,0
pbt,bintrie,5,4,storage_sstore_k10,7,,2733,0,0,0.0913,1.3956,0.0076,0.3004,2.186,0,4,0,0,0,0,0,0,0,0,0,0,4,0,0,0,0,0,0,0,0,0
pbt,bintrie,5,4,storage_sstore_k10,7,,2734,0,0,0.0767,2.0279,0.0041,0.4865,3.1085,0,4,0,0,0,0,0,0,0,0,0,0,4,0,0,0,0,0,0,0,0,0
pbt,bintrie,5,4,storage_sstore_k10,8,,2735,0,0,0.1555,1.5945,0.0087,0.9039,3.583,0,4,0,0,0,0,0,0,0,0,0,0,4,0,0,0,0,0,0,0,0,0
pbt,bintrie,5,4,storage_sstore_k10,8,,2736,0,0,0.1861,2.1297,0.0125,0.5784,3.5489,0,4,0,0,0,0,0,0,0,0,0,0,4,0,0,0,0,0,0,0,0,0
pbt,bintrie,5,4,storage_sstore_k10,8,,2737,0,0,0.0344,0.4699,0.002,0.2088,0.8689,0,4,0,0,0,0,0,0,0,0,0,0,4,0,0,0,0,0,0,0,0,0
pbt,bintrie,5,4,storage_sstore_k10,8,,2738,0,0,0.0306,0.4856,0.0029,0.1053,0.8277,0,4,0,0,0,0,0,0,0,0,0,0,4,0,0,0,0,0,0,0,0,0
pbt,bintrie,5,4,storage_sstore_k10,8,,2739,0,0,0.1485,2.6789,0.0088,1.2355,11.6267,0,4,0,0,0,0,0,0,0,0,0,0,4,0,0,0,0,0,0,0,0,0
pbt,bintrie,5,4,storage_sstore_k10,8,,2740,0,0,0.0376,0.5431,0.0026,0.18,0.9943,0,4,0,0,0,0,0,0,0,0,0,0,4,0,0,0,0,0,0,0,0,0
pbt,bintrie,5,4,storage_sstore_k10,8,,2741,0,0,0.0744,1.2763,0.0047,0.3389,2.111,0,4,0,0,0,0,0,0,0,0,0,0,4,0,0,0,0,0,0,0,0,0
pbt,bintrie,5,4,storage_sstore_k10,8,,2742,0,0,0.0837,1.4338,0.0064,0.3605,2.3438,0,4,0,0,0,0,0,0,0,0,0,0,4,0,0,0,0,0,0,0,0,0
pbt,bintrie,5,4,storage_sstore_k10,8,,2743,0,0,0.0682,1.339,0.0044,0.2829,1.997,0,4,0,0,0,0,0,0,0,0,0,0,4,0,0,0,0,0,0,0,0,0
pbt,bintrie,5,4,storage_sstore_k10,8,,2744,0,0,0.9146,2.4698,0.0195,1.2177,6.1479,0,4,0,0,0,0,0,0,0,0,0,0,4,0,0,0,0,0,0,0,0,0
pbt,bintrie,5,4,storage_sstore_k10,8,,2745,0,0,0.0843,1.9783,0.0055,0.5005,3.1563,0,4,0,0,0,0,0,0,0,0,0,0,4,0,0,0,0,0,0,0,0,0
pbt,bintrie,5,4,storage_sstore_k10,8,,2746,0,0,0.0825,1.9381,0.0058,0.3366,2.7708,0,4,0,0,0,0,0,0,0,0,0,0,4,0,0,0,0,0,0,0,0,0
pbt,bintrie,5,4,storage_sstore_k10,8,,2747,0,0,0.0887,2.0291,0.0061,0.3561,3.0951,0,4,0,0,0,0,0,0,0,0,0,0,4,0,0,0,0,0,0,0,0,0
pbt,bintrie,5,4,storage_sstore_k10,8,,2748,0,0,0.0251,0.3932,0.0018,0.1312,0.7545,0,4,0,0,0,0,0,0,0,0,0,0,4,0,0,0,0,0,0,0,0,0
pbt,bintrie,5,4,storage_sstore_k10,8,,2749,0,0,0.4696,4.7561,0.0166,0.8391,7.6429,0,4,0,0,0,0,0,0,0,0,0,0,4,0,0,0,0,0,0,0,0,0
pbt,bintrie,5,4,storage_sstore_k10,8,,2750,0,0,0.0225,0.406,0.002,0.0936,0.6562,0,4,0,0,0,0,0,0,0,0,0,0,4,0,0,0,0,0,0,0,0,0
pbt,bintrie,5,4,storage_sstore_k10,8,,2751,0,0,0.0423,0.7927,0.0041,1.8074,3.8867,0,4,0,0,0,0,0,0,0,0,0,0,4,0,0,0,0,0,0,0,0,0
pbt,bintrie,5,4,storage_sstore_k10,8,,2752,0,0,0.023,0.4051,0.0015,0.0968,0.6495,0,4,0,0,0,0,0,0,0,0,0,0,4,0,0,0,0,0,0,0,0,0
pbt,bintrie,5,4,storage_sstore_k10,8,,2753,86978,2,0.1703,1.085,15.04,2.0524,33.5052,2.596,11,0,0,0,3,0,0,0,1,166,5,6,45.45,0,0,0,0,0,0,0,0
pbt,bintrie,5,4,storage_sstore_k10,8,,2754,99917814,1,164.6768,80.5945,51.1261,25.261,322.3319,309.9842,17,4855,11,446,11,0,4355,0,0,0,3,14,17.65,1784,3071,36.75,11,0,100,446,0
pbt,bintrie,5,4,storage_sstore_k10,8,,2755,21000,1,0.4407,1.2626,49.573,2.0285,71.0689,0.2955,6,0,0,0,2,0,0,0,0,0,0,6,0,0,0,0,0,0,0,0,0
pbt,bintrie,5,4,storage_sstore_k10,8,,2756,0,0,0.1117,1.7593,0.0073,0.8858,3.3447,0,4,0,0,0,0,0,0,0,0,0,0,4,0,0,0,0,0,0,0,0,0
pbt,bintrie,5,4,storage_sstore_k10,8,,2757,0,0,0.0464,0.6096,0.005,0.3675,1.6409,0,4,0,0,0,0,0,0,0,0,0,0,4,0,0,0,0,0,0,0,0,0
pbt,bintrie,5,4,storage_sstore_k10,9,,2758,0,0,0.0782,0.7443,0.0035,0.2228,1.3562,0,4,0,0,0,0,0,0,0,0,0,0,4,0,0,0,0,0,0,0,0,0
pbt,bintrie,5,4,storage_sstore_k10,9,,2759,0,0,0.0747,1.3886,0.0061,0.38,2.1977,0,4,0,0,0,0,0,0,0,0,0,0,4,0,0,0,0,0,0,0,0,0
pbt,bintrie,5,4,storage_sstore_k10,9,,2760,0,0,0.0315,0.5702,0.0052,0.107,0.8406,0,4,0,0,0,0,0,0,0,0,0,0,4,0,0,0,0,0,0,0,0,0
pbt,bintrie,5,4,storage_sstore_k10,9,,2761,0,0,0.0295,0.5011,0.0023,0.1794,0.9205,0,4,0,0,0,0,0,0,0,0,0,0,4,0,0,0,0,0,0,0,0,0
pbt,bintrie,5,4,storage_sstore_k10,9,,2762,0,0,0.0245,0.4774,0.002,0.1091,0.7656,0,4,0,0,0,0,0,0,0,0,0,0,4,0,0,0,0,0,0,0,0,0
pbt,bintrie,5,4,storage_sstore_k10,9,,2763,0,0,0.0656,1.2585,0.0041,0.3955,2.0886,0,4,0,0,0,0,0,0,0,0,0,0,4,0,0,0,0,0,0,0,0,0
pbt,bintrie,5,4,storage_sstore_k10,9,,2764,0,0,0.019,0.3348,0.0006,0.0954,0.5594,0,4,0,0,0,0,0,0,0,0,0,0,4,0,0,0,0,0,0,0,0,0
pbt,bintrie,5,4,storage_sstore_k10,9,,2765,0,0,0.0292,0.4115,0.0018,0.1461,0.7901,0,4,0,0,0,0,0,0,0,0,0,0,4,0,0,0,0,0,0,0,0,0
pbt,bintrie,5,4,storage_sstore_k10,9,,2766,0,0,0.0822,1.4224,0.007,0.2914,2.3102,0,4,0,0,0,0,0,0,0,0,0,0,4,0,0,0,0,0,0,0,0,0
pbt,bintrie,5,4,storage_sstore_k10,9,,2767,0,0,0.0878,0.9327,0.0032,0.229,1.5245,0,4,0,0,0,0,0,0,0,0,0,0,4,0,0,0,0,0,0,0,0,0
pbt,bintrie,5,4,storage_sstore_k10,9,,2768,0,0,0.072,1.7975,0.0041,0.2981,2.6602,0,4,0,0,0,0,0,0,0,0,0,0,4,0,0,0,0,0,0,0,0,0
pbt,bintrie,5,4,storage_sstore_k10,9,,2769,0,0,0.0866,1.9077,0.0047,0.4693,2.9551,0,4,0,0,0,0,0,0,0,0,0,0,4,0,0,0,0,0,0,0,0,0
pbt,bintrie,5,4,storage_sstore_k10,9,,2770,0,0,0.0274,0.4375,0.0026,0.1966,0.8476,0,4,0,0,0,0,0,0,0,0,0,0,4,0,0,0,0,0,0,0,0,0
pbt,bintrie,5,4,storage_sstore_k10,9,,2771,0,0,0.0429,0.9768,0.0023,0.273,1.6455,0,4,0,0,0,0,0,0,0,0,0,0,4,0,0,0,0,0,0,0,0,0
pbt,bintrie,5,4,storage_sstore_k10,9,,2772,0,0,0.0939,1.1623,0.0076,0.4241,2.2974,0,4,0,0,0,0,0,0,0,0,0,0,4,0,0,0,0,0,0,0,0,0
pbt,bintrie,5,4,storage_sstore_k10,9,,2773,0,0,0.0207,0.3894,0.0012,1.3973,1.9328,0,4,0,0,0,0,0,0,0,0,0,0,4,0,0,0,0,0,0,0,0,0
pbt,bintrie,5,4,storage_sstore_k10,9,,2774,0,0,0.0341,0.5116,0.0029,0.1321,0.8201,0,4,0,0,0,0,0,0,0,0,0,0,4,0,0,0,0,0,0,0,0,0
pbt,bintrie,5,4,storage_sstore_k10,9,,2775,0,0,0.0904,0.765,0.0055,1.0701,6.8633,0,4,0,0,0,0,0,0,0,0,0,0,4,0,0,0,0,0,0,0,0,0
pbt,bintrie,5,4,storage_sstore_k10,9,,2776,86978,2,0.2847,3.0207,30.2964,1.9273,41.1202,2.1152,11,0,0,0,3,0,0,0,1,166,7,4,63.64,0,0,0,0,0,0,0,0
pbt,bintrie,5,4,storage_sstore_k10,9,,2777,99917814,1,161.2444,174.4698,28.097,39.6222,404.2824,247.1485,17,4855,11,446,11,0,4355,0,0,0,5,12,29.41,1480,3375,30.48,11,0,100,446,0
pbt,bintrie,5,4,storage_sstore_k10,9,,2778,0,0,0.0828,1.9862,0.0073,0.3226,2.7393,0,4,0,0,0,0,0,0,0,0,0,0,4,0,0,0,0,0,0,0,0,0
pbt,bintrie,5,4,storage_sstore_k10,9,,2779,21000,1,0.0922,0.8359,24.9757,1.0812,27.2754,0.7699,6,0,0,0,2,0,0,0,0,0,2,4,33.33,0,0,0,0,0,0,0,0
pbt,bintrie,5,4,storage_sstore_k10,9,,2780,0,0,0.1088,2.3228,0.0088,0.3707,3.4016,0,4,0,0,0,0,0,0,0,0,0,0,4,0,0,0,0,0,0,0,0,0
pbt,bintrie,5,4,storage_sstore_k10,9,,2781,0,0,0.2395,3.0394,0.0134,0.5935,4.6835,0,4,0,0,0,0,0,0,0,0,0,0,4,0,0,0,0,0,0,0,0,0
pbt,bintrie,5,4,storage_sstore_k100,10,,3017,0,0,0.0808,0.8041,0.0038,0.399,1.577,0,4,0,0,0,0,0,0,0,0,0,0,4,0,0,0,0,0,0,0,0,0
pbt,bintrie,5,4,storage_sstore_k100,10,,3018,0,0,0.0303,0.4716,0.002,0.24,1.1605,0,4,0,0,0,0,0,0,0,0,0,0,4,0,0,0,0,0,0,0,0,0
pbt,bintrie,5,4,storage_sstore_k100,10,,3019,0,0,0.0347,0.6096,0.002,0.1047,0.9371,0,4,0,0,0,0,0,0,0,0,0,0,4,0,0,0,0,0,0,0,0,0
pbt,bintrie,5,4,storage_sstore_k100,10,,3020,0,0,0.0332,0.4999,0.0026,0.1342,0.7936,0,4,0,0,0,0,0,0,0,0,0,0,4,0,0,0,0,0,0,0,0,0
pbt,bintrie,5,4,storage_sstore_k100,10,,3021,0,0,0.0796,1.4621,0.0076,0.3342,2.3187,0,4,0,0,0,0,0,0,0,0,0,0,4,0,0,0,0,0,0,0,0,0
pbt,bintrie,5,4,storage_sstore_k100,10,,3022,0,0,0.0464,0.9467,0.002,0.3001,1.6313,0,4,0,0,0,0,0,0,0,0,0,0,4,0,0,0,0,0,0,0,0,0
pbt,bintrie,5,4,storage_sstore_k100,10,,3023,0,0,0.0887,1.2606,0.0044,0.2715,2.034,0,4,0,0,0,0,0,0,0,0,0,0,4,0,0,0,0,0,0,0,0,0
pbt,bintrie,5,4,storage_sstore_k100,10,,3024,0,0,0.0808,1.7619,0.0052,0.315,2.6494,0,4,0,0,0,0,0,0,0,0,0,0,4,0,0,0,0,0,0,0,0,0
pbt,bintrie,5,4,storage_sstore_k100,10,,3025,0,0,0.0831,1.7392,0.0041,0.4077,2.6993,0,4,0,0,0,0,0,0,0,0,0,0,4,0,0,0,0,0,0,0,0,0
pbt,bintrie,5,4,storage_sstore_k100,10,,3026,0,0,0.0583,0.7551,0.0134,0.5629,5.1,0,4,0,0,0,0,0,0,0,0,0,0,4,0,0,0,0,0,0,0,0,0
pbt,bintrie,5,4,storage_sstore_k100,10,,3027,0,0,0.0289,0.392,0.0012,0.1368,0.8546,0,4,0,0,0,0,0,0,0,0,0,0,4,0,0,0,0,0,0,0,0,0
pbt,bintrie,5,4,storage_sstore_k100,10,,3028,0,0,0.0779,1.7138,0.0041,0.306,2.487,0,4,0,0,0,0,0,0,0,0,0,0,4,0,0,0,0,0,0,0,0,0
pbt,bintrie,5,4,storage_sstore_k100,10,,3029,0,0,0.0805,1.6837,0.0044,0.4725,2.7433,0,4,0,0,0,0,0,0,0,0,0,0,4,0,0,0,0,0,0,0,0,0
pbt,bintrie,5,4,storage_sstore_k100,10,,3030,0,0,0.1409,1.8232,0.007,0.4774,2.9968,0,4,0,0,0,0,0,0,0,0,0,0,4,0,0,0,0,0,0,0,0,0
pbt,bintrie,5,4,storage_sstore_k100,10,,3031,0,0,0.0327,0.6729,0.0041,0.1105,0.9657,0,4,0,0,0,0,0,0,0,0,0,0,4,0,0,0,0,0,0,0,0,0
pbt,bintrie,5,4,storage_sstore_k100,10,,3032,0,0,0.0569,1.0301,0.0041,1.5473,3.5664,0,4,0,0,0,0,0,0,0,0,0,0,4,0,0,0,0,0,0,0,0,0
pbt,bintrie,5,4,storage_sstore_k100,10,,3033,0,0,0.0577,0.7913,0.0038,0.8619,5.1008,0,4,0,0,0,0,0,0,0,0,0,0,4,0,0,0,0,0,0,0,0,0
pbt,bintrie,5,4,storage_sstore_k100,10,,3034,86978,2,0.2033,1.5026,5.9388,4.5254,12.4819,6.9684,11,0,0,0,3,0,0,0,1,166,5,6,45.45,0,0,0,0,0,0,0,0
pbt,bintrie,5,4,storage_sstore_k100,10,,3035,99903046,1,134.1103,113.3209,124.9313,45.0471,418.4768,238.7302,96,4438,90,2658,90,0,4388,0,0,0,45,51,46.88,1971,2467,44.41,90,0,100,2658,0
pbt,bintrie,5,4,storage_sstore_k100,10,,3036,0,0,0.082,1.4971,0.0055,0.3418,2.3604,0,4,0,0,0,0,0,0,0,0,0,0,4,0,0,0,0,0,0,0,0,0
pbt,bintrie,5,4,storage_sstore_k100,10,,3037,21000,1,0.1645,1.5058,35.9219,1.8348,40.2417,0.5218,6,0,0,0,2,0,0,0,0,0,2,4,33.33,0,0,0,0,0,0,0,0
pbt,bintrie,5,4,storage_sstore_k100,10,,3038,0,0,0.091,1.5551,0.0061,0.3439,2.4403,0,4,0,0,0,0,0,0,0,0,0,0,4,0,0,0,0,0,0,0,0,0
pbt,bintrie,5,4,storage_sstore_k100,10,,3039,0,0,0.1199,1.8824,0.012,0.6005,3.5197,0,4,0,0,0,0,0,0,0,0,0,0,4,0,0,0,0,0,0,0,0,0
pbt,bintrie,5,4,storage_sstore_k100,1,,2806,0,0,0.0805,1.2002,0.0026,0.2893,1.892,0,4,0,0,0,0,0,0,0,0,0,0,4,0,0,0,0,0,0,0,0,0
pbt,bintrie,5,4,storage_sstore_k100,1,,2807,0,0,0.03,0.541,0.002,0.1893,0.9529,0,4,0,0,0,0,0,0,0,0,0,0,4,0,0,0,0,0,0,0,0,0
pbt,bintrie,5,4,storage_sstore_k100,1,,2808,0,0,0.0537,0.8619,0.0041,0.2447,3.0758,0,4,0,0,0,0,0,0,0,0,0,0,4,0,0,0,0,0,0,0,0,0
pbt,bintrie,5,4,storage_sstore_k100,1,,2809,0,0,0.1765,2.5698,0.0076,0.6559,4.5306,0,4,0,0,0,0,0,0,0,0,0,0,4,0,0,0,0,0,0,0,0,0
pbt,bintrie,5,4,storage_sstore_k100,1,,2810,0,0,0.0289,0.5075,0.002,0.1339,0.8172,0,4,0,0,0,0,0,0,0,0,0,0,4,0,0,0,0,0,0,0,0,0
pbt,bintrie,5,4,storage_sstore_k100,1,,2811,0,0,0.0881,1.4519,0.0073,0.2902,2.1664,0,4,0,0,0,0,0,0,0,0,0,0,4,0,0,0,0,0,0,0,0,0
pbt,bintrie,5,4,storage_sstore_k100,1,,2812,0,0,0.121,2.1186,0.0058,0.5375,3.3835,0,4,0,0,0,0,0,0,0,0,0,0,4,0,0,0,0,0,0,0,0,0
pbt,bintrie,5,4,storage_sstore_k100,1,,2813,0,0,0.091,1.4466,0.007,0.3001,2.4249,0,4,0,0,0,0,0,0,0,0,0,0,4,0,0,0,0,0,0,0,0,0
pbt,bintrie,5,4,storage_sstore_k100,1,,2814,0,0,0.0808,1.8684,0.0052,0.3305,2.6722,0,4,0,0,0,0,0,0,0,0,0,0,4,0,0,0,0,0,0,0,0,0
pbt,bintrie,5,4,storage_sstore_k100,1,,2815,0,0,0.0971,2.1746,0.0053,0.4672,3.3465,0,4,0,0,0,0,0,0,0,0,0,0,4,0,0,0,0,0,0,0,0,0
pbt,bintrie,5,4,storage_sstore_k100,1,,2816,0,0,0.0344,0.4474,0.002,0.1654,0.8907,0,4,0,0,0,0,0,0,0,0,0,0,4,0,0,0,0,0,0,0,0,0
pbt,bintrie,5,4,storage_sstore_k100,1,,2817,0,0,0.0461,0.8137,0.0041,0.233,1.3562,0,4,0,0,0,0,0,0,0,0,0,0,4,0,0,0,0,0,0,0,0,0
pbt,bintrie,5,4,storage_sstore_k100,1,,2818,0,0,0.3689,4.6065,0.0117,0.8289,6.7087,0,4,0,0,0,0,0,0,0,0,0,0,4,0,0,0,0,0,0,0,0,0
pbt,bintrie,5,4,storage_sstore_k100,1,,2819,0,0,0.0919,1.9845,0.0055,0.4669,3.0601,0,4,0,0,0,0,0,0,0,0,0,0,4,0,0,0,0,0,0,0,0,0
pbt,bintrie,5,4,storage_sstore_k100,1,,2820,0,0,0.2675,2.9043,0.0111,0.77,4.771,0,4,0,0,0,0,0,0,0,0,0,0,4,0,0,0,0,0,0,0,0,0
pbt,bintrie,5,4,storage_sstore_k100,1,,2821,0,0,0.0379,0.6259,0.002,0.1385,0.975,0,4,0,0,0,0,0,0,0,0,0,0,4,0,0,0,0,0,0,0,0,0
pbt,bintrie,5,4,storage_sstore_k100,1,,2822,0,0,0.0271,0.604,0.002,0.1817,0.9686,0,4,0,0,0,0,0,0,0,0,0,0,4,0,0,0,0,0,0,0,0,0
pbt,bintrie,5,4,storage_sstore_k100,1,,2823,0,0,0.0303,0.5323,0.002,0.1152,0.861,0,4,0,0,0,0,0,0,0,0,0,0,4,0,0,0,0,0,0,0,0,0
pbt,bintrie,5,4,storage_sstore_k100,1,,2824,0,0,0.0662,1.1392,0.0044,3.5851,5.1189,0,4,0,0,0,0,0,0,0,0,0,0,4,0,0,0,0,0,0,0,0,0
pbt,bintrie,5,4,storage_sstore_k100,1,,2825,86978,2,0.2613,2.0235,40.2105,1.563,45.7193,1.9024,11,0,0,0,3,0,0,0,1,166,7,4,63.64,0,0,0,0,0,0,0,0
pbt,bintrie,5,4,storage_sstore_k100,1,,2826,0,0,0.1059,1.8287,0.0076,0.7496,3.9569,0,4,0,0,0,0,0,0,0,0,0,0,4,0,0,0,0,0,0,0,0,0
pbt,bintrie,5,4,storage_sstore_k100,1,,2827,99903046,1,122.7309,173.4138,54.7135,29.6206,381.6619,261.758,96,4438,90,2658,90,0,4388,0,0,0,31,65,32.29,1298,3140,29.25,90,0,100,2658,0
pbt,bintrie,5,4,storage_sstore_k100,1,,2828,21000,1,0.2745,30.0908,2.8755,1.2576,34.923,0.6013,6,0,0,0,2,0,0,0,0,0,0,6,0,0,0,0,0,0,0,0,0
pbt,bintrie,5,4,storage_sstore_k100,1,,2829,0,0,0.1878,1.9941,0.0105,0.4702,3.2809,0,4,0,0,0,0,0,0,0,0,0,0,4,0,0,0,0,0,0,0,0,0
pbt,bintrie,5,4,storage_sstore_k100,1,,2830,0,0,0.1082,1.5671,0.0088,0.5918,2.7673,0,4,0,0,0,0,0,0,0,0,0,0,4,0,0,0,0,0,0,0,0,0
pbt,bintrie,5,4,storage_sstore_k100,2,,2831,0,0,0.0554,0.4693,0.0026,0.1569,0.9228,0,4,0,0,0,0,0,0,0,0,0,0,4,0,0,0,0,0,0,0,0,0
pbt,bintrie,5,4,storage_sstore_k100,2,,2832,0,0,0.0519,1.1628,0.0035,0.2045,1.6566,0,4,0,0,0,0,0,0,0,0,0,0,4,0,0,0,0,0,0,0,0,0
pbt,bintrie,5,4,storage_sstore_k100,2,,2833,0,0,0.0362,0.5034,0.0026,0.145,0.8499,0,4,0,0,0,0,0,0,0,0,0,0,4,0,0,0,0,0,0,0,0,0
pbt,bintrie,5,4,storage_sstore_k100,2,,2834,0,0,0.0563,0.7709,0.0058,3.231,8.177,0,4,0,0,0,0,0,0,0,0,0,0,4,0,0,0,0,0,0,0,0,0
pbt,bintrie,5,4,storage_sstore_k100,2,,2835,0,0,0.0472,0.8394,0.0029,0.2056,1.4178,0,4,0,0,0,0,0,0,0,0,0,0,4,0,0,0,0,0,0,0,0,0
pbt,bintrie,5,4,storage_sstore_k100,2,,2836,0,0,0.0817,1.8564,0.007,0.3299,2.8903,0,4,0,0,0,0,0,0,0,0,0,0,4,0,0,0,0,0,0,0,0,0
pbt,bintrie,5,4,storage_sstore_k100,2,,2837,0,0,0.0922,1.4536,0.007,0.3479,2.3974,0,4,0,0,0,0,0,0,0,0,0,0,4,0,0,0,0,0,0,0,0,0
pbt,bintrie,5,4,storage_sstore_k100,2,,2838,0,0,0.3453,3.6215,0.0131,0.8216,5.9475,0,4,0,0,0,0,0,0,0,0,0,0,4,0,0,0,0,0,0,0,0,0
pbt,bintrie,5,4,storage_sstore_k100,2,,2839,0,0,0.0863,1.9255,0.0055,0.5361,3.1132,0,4,0,0,0,0,0,0,0,0,0,0,4,0,0,0,0,0,0,0,0,0
pbt,bintrie,5,4,storage_sstore_k100,2,,2840,0,0,0.0843,2.0507,0.0044,0.3652,2.9904,0,4,0,0,0,0,0,0,0,0,0,0,4,0,0,0,0,0,0,0,0,0
pbt,bintrie,5,4,storage_sstore_k100,2,,2841,0,0,0.0881,1.9815,0.0035,0.5221,3.1243,0,4,0,0,0,0,0,0,0,0,0,0,4,0,0,0,0,0,0,0,0,0
pbt,bintrie,5,4,storage_sstore_k100,2,,2842,0,0,0.0837,1.4157,0.0061,0.3654,2.3595,0,4,0,0,0,0,0,0,0,0,0,0,4,0,0,0,0,0,0,0,0,0
pbt,bintrie,5,4,storage_sstore_k100,2,,2843,0,0,0.4984,5.9306,0.0175,1.1803,8.762,0,4,0,0,0,0,0,0,0,0,0,0,4,0,0,0,0,0,0,0,0,0
pbt,bintrie,5,4,storage_sstore_k100,2,,2844,0,0,0.0805,1.7278,0.0044,0.32,2.6626,0,4,0,0,0,0,0,0,0,0,0,0,4,0,0,0,0,0,0,0,0,0
pbt,bintrie,5,4,storage_sstore_k100,2,,2845,0,0,0.0236,0.4629,0.0038,0.1158,0.7268,0,4,0,0,0,0,0,0,0,0,0,0,4,0,0,0,0,0,0,0,0,0
pbt,bintrie,5,4,storage_sstore_k100,2,,2846,0,0,0.0502,0.7029,0.0038,1.9757,4.883,0,4,0,0,0,0,0,0,0,0,0,0,4,0,0,0,0,0,0,0,0,0
pbt,bintrie,5,4,storage_sstore_k100,2,,2847,0,0,0.028,0.4541,0.0018,0.1639,0.7729,0,4,0,0,0,0,0,0,0,0,0,0,4,0,0,0,0,0,0,0,0,0
pbt,bintrie,5,4,storage_sstore_k100,2,,2848,0,0,0.072,0.9243,0.0085,2.4006,6.9062,0,4,0,0,0,0,0,0,0,0,0,0,4,0,0,0,0,0,0,0,0,0
pbt,bintrie,5,4,storage_sstore_k100,2,,2849,86978,2,0.6673,6.7752,66.832,1.9212,104.4624,0.8326,11,0,0,0,3,0,0,0,1,166,5,6,45.45,0,0,0,0,0,0,0,0
pbt,bintrie,5,4,storage_sstore_k100,2,,2850,99903046,1,118.4864,204.0618,37.6226,27.9051,388.4066,257.2126,96,4438,90,2658,90,0,4388,0,0,0,19,77,19.79,980,3458,22.08,90,0,100,2658,0
pbt,bintrie,5,4,storage_sstore_k100,2,,2851,21000,1,0.4524,2.1326,19.4767,1.6902,60.5756,0.3467,6,0,0,0,2,0,0,0,0,0,0,6,0,0,0,0,0,0,0,0,0
pbt,bintrie,5,4,storage_sstore_k100,2,,2852,0,0,0.268,3.0823,0.0146,0.7151,5.0343,0,4,0,0,0,0,0,0,0,0,0,0,4,0,0,0,0,0,0,0,0,0
pbt,bintrie,5,4,storage_sstore_k100,2,,2853,0,0,0.0837,1.9057,0.0064,0.9079,3.8094,0,4,0,0,0,0,0,0,0,0,0,0,4,0,0,0,0,0,0,0,0,0
pbt,bintrie,5,4,storage_sstore_k100,3,,2854,0,0,0.1205,1.4574,0.0073,0.4658,2.5164,0,4,0,0,0,0,0,0,0,0,0,0,4,0,0,0,0,0,0,0,0,0
pbt,bintrie,5,4,storage_sstore_k100,3,,2855,0,0,0.0417,0.6099,0.0029,0.1934,1.0555,0,4,0,0,0,0,0,0,0,0,0,0,4,0,0,0,0,0,0,0,0,0
pbt,bintrie,5,4,storage_sstore_k100,3,,2856,0,0,0.0402,0.5953,0.0038,7.3437,8.4517,0,4,0,0,0,0,0,0,0,0,0,0,4,0,0,0,0,0,0,0,0,0
pbt,bintrie,5,4,storage_sstore_k100,3,,2857,0,0,0.1053,1.5863,0.0061,0.2537,2.2927,0,4,0,0,0,0,0,0,0,0,0,0,4,0,0,0,0,0,0,0,0,0
pbt,bintrie,5,4,storage_sstore_k100,3,,2858,0,0,0.0344,0.5049,0.0026,0.1187,0.7962,0,4,0,0,0,0,0,0,0,0,0,0,4,0,0,0,0,0,0,0,0,0
pbt,bintrie,5,4,storage_sstore_k100,3,,2859,0,0,0.0957,1.95,0.0073,0.434,3.1213,0,4,0,0,0,0,0,0,0,0,0,0,4,0,0,0,0,0,0,0,0,0
pbt,bintrie,5,4,storage_sstore_k100,3,,2860,0,0,0.0414,0.541,0.0023,0.1496,0.9724,0,4,0,0,0,0,0,0,0,0,0,0,4,0,0,0,0,0,0,0,0,0
pbt,bintrie,5,4,storage_sstore_k100,3,,2861,0,0,0.0849,1.9124,0.0055,0.3293,2.9519,0,4,0,0,0,0,0,0,0,0,0,0,4,0,0,0,0,0,0,0,0,0
pbt,bintrie,5,4,storage_sstore_k100,3,,2862,0,0,0.0461,0.5183,0.0038,0.1919,0.9709,0,4,0,0,0,0,0,0,0,0,0,0,4,0,0,0,0,0,0,0,0,0
pbt,bintrie,5,4,storage_sstore_k100,3,,2863,0,0,0.0402,0.5203,0.0041,0.1563,1.0316,0,4,0,0,0,0,0,0,0,0,0,0,4,0,0,0,0,0,0,0,0,0
pbt,bintrie,5,4,storage_sstore_k100,3,,2864,0,0,0.0382,0.5577,0.0053,0.1992,1.1141,0,4,0,0,0,0,0,0,0,0,0,0,4,0,0,0,0,0,0,0,0,0
pbt,bintrie,5,4,storage_sstore_k100,3,,2865,0,0,0.0887,2.0787,0.0053,0.3579,2.9262,0,4,0,0,0,0,0,0,0,0,0,0,4,0,0,0,0,0,0,0,0,0
pbt,bintrie,5,4,storage_sstore_k100,3,,2866,0,0,0.3048,3.3649,0.0105,0.7644,5.4695,0,4,0,0,0,0,0,0,0,0,0,0,4,0,0,0,0,0,0,0,0,0
pbt,bintrie,5,4,storage_sstore_k100,3,,2867,0,0,0.082,1.8701,0.0064,0.4643,2.9067,0,4,0,0,0,0,0,0,0,0,0,0,4,0,0,0,0,0,0,0,0,0
pbt,bintrie,5,4,storage_sstore_k100,3,,2868,0,0,0.0965,2.3015,0.0061,0.5253,3.6382,0,4,0,0,0,0,0,0,0,0,0,0,4,0,0,0,0,0,0,0,0,0
pbt,bintrie,5,4,storage_sstore_k100,3,,2869,0,0,0.0432,0.8537,0.005,0.1975,1.3326,0,4,0,0,0,0,0,0,0,0,0,0,4,0,0,0,0,0,0,0,0,0
pbt,bintrie,5,4,storage_sstore_k100,3,,2870,0,0,0.0295,0.4833,0.0023,0.1333,0.7685,0,4,0,0,0,0,0,0,0,0,0,0,4,0,0,0,0,0,0,0,0,0
pbt,bintrie,5,4,storage_sstore_k100,3,,2871,0,0,0.0365,0.4004,0.0017,0.1146,0.6548,0,4,0,0,0,0,0,0,0,0,0,0,4,0,0,0,0,0,0,0,0,0
pbt,bintrie,5,4,storage_sstore_k100,3,,2872,0,0,0.112,1.9672,0.0064,0.4952,3.0537,0,4,0,0,0,0,0,0,0,0,0,0,4,0,0,0,0,0,0,0,0,0
pbt,bintrie,5,4,storage_sstore_k100,3,,2873,86978,2,0.5533,4.8789,19.8789,8.4214,34.6089,2.5132,11,0,0,0,3,0,0,0,1,166,6,5,54.55,0,0,0,0,0,0,0,0
pbt,bintrie,5,4,storage_sstore_k100,3,,2874,0,0,0.0974,1.6225,0.0061,0.3859,2.5039,0,4,0,0,0,0,0,0,0,0,0,0,4,0,0,0,0,0,0,0,0,0
pbt,bintrie,5,4,storage_sstore_k100,3,,2875,99903046,1,140.8824,190.4076,103.6035,30.4556,470.4768,212.3443,96,4438,90,2658,90,0,4388,0,0,0,29,67,30.21,1109,3329,24.99,90,0,100,2658,0
pbt,bintrie,5,4,storage_sstore_k100,3,,2876,21000,1,0.3821,3.5585,4.535,0.8814,29.6157,0.7091,6,0,0,0,2,0,0,0,0,0,2,4,33.33,0,0,0,0,0,0,0,0
pbt,bintrie,5,4,storage_sstore_k100,3,,2877,0,0,0.0496,0.7006,0.0061,0.3859,1.6359,0,4,0,0,0,0,0,0,0,0,0,0,4,0,0,0,0,0,0,0,0,0
pbt,bintrie,5,4,storage_sstore_k100,3,,2878,0,0,0.0645,0.8347,0.0047,0.3964,2.0556,0,4,0,0,0,0,0,0,0,0,0,0,4,0,0,0,0,0,0,0,0,0
pbt,bintrie,5,4,storage_sstore_k100,4,,2879,0,0,0.1251,1.7112,0.0035,0.3179,2.5771,0,4,0,0,0,0,0,0,0,0,0,0,4,0,0,0,0,0,0,0,0,0
pbt,bintrie,5,4,storage_sstore_k100,4,,2880,0,0,0.1298,1.7558,0.0073,0.3646,2.6494,0,4,0,0,0,0,0,0,0,0,0,0,4,0,0,0,0,0,0,0,0,0
pbt,bintrie,5,4,storage_sstore_k100,4,,2881,0,0,0.0353,0.6017,0.0018,0.1496,1.0007,0,4,0,0,0,0,0,0,0,0,0,0,4,0,0,0,0,0,0,0,0,0
pbt,bintrie,5,4,storage_sstore_k100,4,,2882,0,0,0.0362,0.6186,0.002,0.2185,1.0264,0,4,0,0,0,0,0,0,0,0,0,0,4,0,0,0,0,0,0,0,0,0
pbt,bintrie,5,4,storage_sstore_k100,4,,2883,0,0,0.0382,0.6667,0.0044,1.0549,3.658,0,4,0,0,0,0,0,0,0,0,0,0,4,0,0,0,0,0,0,0,0,0
pbt,bintrie,5,4,storage_sstore_k100,4,,2884,0,0,0.075,1.7625,0.005,0.4602,2.6908,0,4,0,0,0,0,0,0,0,0,0,0,4,0,0,0,0,0,0,0,0,0
pbt,bintrie,5,4,storage_sstore_k100,4,,2885,0,0,0.0817,1.8109,0.0047,0.4296,2.8466,0,4,0,0,0,0,0,0,0,0,0,0,4,0,0,0,0,0,0,0,0,0
pbt,bintrie,5,4,storage_sstore_k100,4,,2886,0,0,0.3071,3.6583,0.0146,0.8989,6.0091,0,4,0,0,0,0,0,0,0,0,0,0,4,0,0,0,0,0,0,0,0,0
pbt,bintrie,5,4,storage_sstore_k100,4,,2887,0,0,0.0925,1.4172,0.0067,0.3541,2.2429,0,4,0,0,0,0,0,0,0,0,0,0,4,0,0,0,0,0,0,0,0,0
pbt,bintrie,5,4,storage_sstore_k100,4,,2888,0,0,0.1,1.453,0.007,0.3287,2.3321,0,4,0,0,0,0,0,0,0,0,0,0,4,0,0,0,0,0,0,0,0,0
pbt,bintrie,5,4,storage_sstore_k100,4,,2889,0,0,0.112,1.4245,0.007,0.4314,2.4076,0,4,0,0,0,0,0,0,0,0,0,0,4,0,0,0,0,0,0,0,0,0
pbt,bintrie,5,4,storage_sstore_k100,4,,2890,0,0,0.1683,1.8879,0.0047,0.371,2.9805,0,4,0,0,0,0,0,0,0,0,0,0,4,0,0,0,0,0,0,0,0,0
pbt,bintrie,5,4,storage_sstore_k100,4,,2891,0,0,0.0659,1.3448,0.005,0.3827,2.2157,0,4,0,0,0,0,0,0,0,0,0,0,4,0,0,0,0,0,0,0,0,0
pbt,bintrie,5,4,storage_sstore_k100,4,,2892,0,0,0.0268,0.4051,0.0018,0.1762,0.84,0,4,0,0,0,0,0,0,0,0,0,0,4,0,0,0,0,0,0,0,0,0
pbt,bintrie,5,4,storage_sstore_k100,4,,2893,0,0,0.0525,0.6443,0.0032,0.2272,1.3101,0,4,0,0,0,0,0,0,0,0,0,0,4,0,0,0,0,0,0,0,0,0
pbt,bintrie,5,4,storage_sstore_k100,4,,2894,0,0,0.0286,0.5897,0.0029,0.145,0.9257,0,4,0,0,0,0,0,0,0,0,0,0,4,0,0,0,0,0,0,0,0,0
pbt,bintrie,5,4,storage_sstore_k100,4,,2895,0,0,0.0604,1.0418,0.0073,2.6334,4.1357,0,4,0,0,0,0,0,0,0,0,0,0,4,0,0,0,0,0,0,0,0,0
pbt,bintrie,5,4,storage_sstore_k100,4,,2896,0,0,0.1759,0.7079,0.0073,0.2141,4.2069,0,4,0,0,0,0,0,0,0,0,0,0,4,0,0,0,0,0,0,0,0,0
pbt,bintrie,5,4,storage_sstore_k100,4,,2897,86978,2,0.196,1.7351,16.2063,2.5433,41.5958,2.091,11,0,0,0,3,0,0,0,1,166,4,7,36.36,0,0,0,0,0,0,0,0
pbt,bintrie,5,4,storage_sstore_k100,4,,2898,99903046,1,176.2836,135.9921,30.1296,39.7427,382.8182,260.9674,96,4438,90,2658,90,0,4388,0,0,0,47,49,48.96,1880,2558,42.36,90,0,100,2658,0
pbt,bintrie,5,4,storage_sstore_k100,4,,2899,21000,1,0.1975,1.6677,49.1563,1.1739,52.7653,0.398,6,0,0,0,2,0,0,0,0,0,2,4,33.33,0,0,0,0,0,0,0,0
pbt,bintrie,5,4,storage_sstore_k100,4,,2900,0,0,0.0347,0.4871,0.0041,0.1887,0.9663,0,4,0,0,0,0,0,0,0,0,0,0,4,0,0,0,0,0,0,0,0,0
pbt,bintrie,5,4,storage_sstore_k100,4,,2901,0,0,0.0499,0.8919,0.0047,0.3214,2.1419,0,4,0,0,0,0,0,0,0,0,0,0,4,0,0,0,0,0,0,0,0,0
pbt,bintrie,5,4,storage_sstore_k100,5,,2902,0,0,0.0962,0.7671,0.0079,0.3074,1.4942,0,4,0,0,0,0,0,0,0,0,0,0,4,0,0,0,0,0,0,0,0,0
pbt,bintrie,5,4,storage_sstore_k100,5,,2903,0,0,0.0554,0.6454,0.0041,0.1765,1.113,0,4,0,0,0,0,0,0,0,0,0,0,4,0,0,0,0,0,0,0,0,0
pbt,bintrie,5,4,storage_sstore_k100,5,,2904,0,0,0.0747,1.4857,0.0041,0.3745,2.2093,0,4,0,0,0,0,0,0,0,0,0,0,4,0,0,0,0,0,0,0,0,0
pbt,bintrie,5,4,storage_sstore_k100,5,,2905,0,0,0.0274,0.5054,0.0018,0.1248,0.7924,0,4,0,0,0,0,0,0,0,0,0,0,4,0,0,0,0,0,0,0,0,0
pbt,bintrie,5,4,storage_sstore_k100,5,,2906,0,0,0.0443,0.5752,0.0035,0.1347,0.9114,0,4,0,0,0,0,0,0,0,0,0,0,4,0,0,0,0,0,0,0,0,0
pbt,bintrie,5,4,storage_sstore_k100,5,,2907,0,0,0.0703,1.2708,0.0047,0.327,2.1212,0,4,0,0,0,0,0,0,0,0,0,0,4,0,0,0,0,0,0,0,0,0
pbt,bintrie,5,4,storage_sstore_k100,5,,2908,0,0,0.0747,1.2772,0.0032,0.2727,1.9314,0,4,0,0,0,0,0,0,0,0,0,0,4,0,0,0,0,0,0,0,0,0
pbt,bintrie,5,4,storage_sstore_k100,5,,2909,0,0,0.0362,0.5311,0.0029,0.1415,0.9321,0,4,0,0,0,0,0,0,0,0,0,0,4,0,0,0,0,0,0,0,0,0
pbt,bintrie,5,4,storage_sstore_k100,5,,2910,0,0,0.2319,13.0404,0.007,0.6314,14.8469,0,4,0,0,0,0,0,0,0,0,0,0,4,0,0,0,0,0,0,0,0,0
pbt,bintrie,5,4,storage_sstore_k100,5,,2911,0,0,0.0828,1.906,0.0055,0.4372,2.8326,0,4,0,0,0,0,0,0,0,0,0,0,4,0,0,0,0,0,0,0,0,0
pbt,bintrie,5,4,storage_sstore_k100,5,,2912,0,0,0.0493,0.9202,0.0032,0.3159,1.5274,0,4,0,0,0,0,0,0,0,0,0,0,4,0,0,0,0,0,0,0,0,0
pbt,bintrie,5,4,storage_sstore_k100,5,,2913,0,0,0.0857,1.3982,0.0047,0.2736,2.0693,0,4,0,0,0,0,0,0,0,0,0,0,4,0,0,0,0,0,0,0,0,0
pbt,bintrie,5,4,storage_sstore_k100,5,,2914,0,0,0.0825,1.4805,0.0052,0.3547,2.2799,0,4,0,0,0,0,0,0,0,0,0,0,4,0,0,0,0,0,0,0,0,0
pbt,bintrie,5,4,storage_sstore_k100,5,,2915,0,0,0.0849,1.4236,0.0064,0.3646,2.2577,0,4,0,0,0,0,0,0,0,0,0,0,4,0,0,0,0,0,0,0,0,0
pbt,bintrie,5,4,storage_sstore_k100,5,,2916,0,0,0.0362,0.4839,0.002,0.1875,0.9543,0,4,0,0,0,0,0,0,0,0,0,0,4,0,0,0,0,0,0,0,0,0
pbt,bintrie,5,4,storage_sstore_k100,5,,2917,0,0,0.3109,0.9861,0.0055,1.3985,7.7666,0,4,0,0,0,0,0,0,0,0,0,0,4,0,0,0,0,0,0,0,0,0
pbt,bintrie,5,4,storage_sstore_k100,5,,2918,0,0,0.026,0.4877,0.0026,0.1595,0.8079,0,4,0,0,0,0,0,0,0,0,0,0,4,0,0,0,0,0,0,0,0,0
pbt,bintrie,5,4,storage_sstore_k100,5,,2919,0,0,0.0461,0.7647,0.0017,2.0959,3.0799,0,4,0,0,0,0,0,0,0,0,0,0,4,0,0,0,0,0,0,0,0,0
pbt,bintrie,5,4,storage_sstore_k100,5,,2920,86978,2,2.3534,14.0201,5.0652,1.6047,28.2172,3.0825,11,0,0,0,3,0,0,0,1,166,5,6,45.45,0,0,0,0,0,0,0,0
pbt,bintrie,5,4,storage_sstore_k100,5,,2921,99903046,1,103.394,159.8026,134.3885,41.0928,439.0807,227.5278,96,4438,90,2658,90,0,4388,0,0,0,7,89,7.29,242,4196,5.45,90,0,100,2658,0
pbt,bintrie,5,4,storage_sstore_k100,5,,2922,21000,1,1.3145,6.2675,34.5202,2.9332,46.858,0.4482,6,0,0,0,2,0,0,0,0,0,0,6,0,0,0,0,0,0,0,0,0
pbt,bintrie,5,4,storage_sstore_k100,5,,2923,0,0,0.1009,1.5245,0.0093,0.6209,3.1951,0,4,0,0,0,0,0,0,0,0,0,0,4,0,0,0,0,0,0,0,0,0
pbt,bintrie,5,4,storage_sstore_k100,5,,2924,0,0,0.0925,1.4802,0.0088,0.6049,3.3733,0,4,0,0,0,0,0,0,0,0,0,0,4,0,0,0,0,0,0,0,0,0
pbt,bintrie,5,4,storage_sstore_k100,6,,2925,0,0,0.1172,1.701,0.0076,0.5005,2.7961,0,4,0,0,0,0,0,0,0,0,0,0,4,0,0,0,0,0,0,0,0,0
pbt,bintrie,5,4,storage_sstore_k100,6,,2926,0,0,0.0977,1.5694,0.0064,0.3567,2.4467,0,4,0,0,0,0,0,0,0,0,0,0,4,0,0,0,0,0,0,0,0,0
pbt,bintrie,5,4,storage_sstore_k100,6,,2927,0,0,0.0327,0.6288,0.0035,0.1301,0.9975,0,4,0,0,0,0,0,0,0,0,0,0,4,0,0,0,0,0,0,0,0,0
pbt,bintrie,5,4,storage_sstore_k100,6,,2928,0,0,0.0312,0.5988,0.002,0.1097,0.8823,0,4,0,0,0,0,0,0,0,0,0,0,4,0,0,0,0,0,0,0,0,0
pbt,bintrie,5,4,storage_sstore_k100,6,,2929,0,0,0.0563,0.9704,0.002,0.1829,1.4189,0,4,0,0,0,0,0,0,0,0,0,0,4,0,0,0,0,0,0,0,0,0
pbt,bintrie,5,4,storage_sstore_k100,6,,2930,0,0,0.0327,0.5262,0.0026,0.17,0.9514,0,4,0,0,0,0,0,0,0,0,0,0,4,0,0,0,0,0,0,0,0,0
pbt,bintrie,5,4,storage_sstore_k100,6,,2931,0,0,0.0997,1.458,0.0076,0.3713,2.4286,0,4,0,0,0,0,0,0,0,0,0,0,4,0,0,0,0,0,0,0,0,0
pbt,bintrie,5,4,storage_sstore_k100,6,,2932,0,0,0.0825,1.4428,0.0061,0.4156,2.3385,0,4,0,0,0,0,0,0,0,0,0,0,4,0,0,0,0,0,0,0,0,0
pbt,bintrie,5,4,storage_sstore_k100,6,,2933,0,0,0.2718,2.5917,0.0088,0.4034,4.008,0,4,0,0,0,0,0,0,0,0,0,0,4,0,0,0,0,0,0,0,0,0
pbt,bintrie,5,4,storage_sstore_k100,6,,2934,0,0,0.033,0.4054,0.0015,0.154,0.8094,0,4,0,0,0,0,0,0,0,0,0,0,4,0,0,0,0,0,0,0,0,0
pbt,bintrie,5,4,storage_sstore_k100,6,,2935,0,0,0.0522,0.6644,0.0038,0.28,1.2603,0,4,0,0,0,0,0,0,0,0,0,0,4,0,0,0,0,0,0,0,0,0
pbt,bintrie,5,4,storage_sstore_k100,6,,2936,0,0,0.1003,1.558,0.0073,0.3109,2.3759,0,4,0,0,0,0,0,0,0,0,0,0,4,0,0,0,0,0,0,0,0,0
pbt,bintrie,5,4,storage_sstore_k100,6,,2937,0,0,0.0735,1.4446,0.0058,0.3086,2.1498,0,4,0,0,0,0,0,0,0,0,0,0,4,0,0,0,0,0,0,0,0,0
pbt,bintrie,5,4,storage_sstore_k100,6,,2938,0,0,0.075,1.3816,0.0053,0.3593,2.1732,0,4,0,0,0,0,0,0,0,0,0,0,4,0,0,0,0,0,0,0,0,0
pbt,bintrie,5,4,storage_sstore_k100,6,,2939,0,0,0.1111,1.4574,0.0123,1.5575,9.4264,0,4,0,0,0,0,0,0,0,0,0,0,4,0,0,0,0,0,0,0,0,0
pbt,bintrie,5,4,storage_sstore_k100,6,,2940,0,0,0.0647,0.786,0.0052,1.5385,4.2369,0,4,0,0,0,0,0,0,0,0,0,0,4,0,0,0,0,0,0,0,0,0
pbt,bintrie,5,4,storage_sstore_k100,6,,2941,0,0,0.0607,0.8592,0.0029,0.1528,1.8296,0,4,0,0,0,0,0,0,0,0,0,0,4,0,0,0,0,0,0,0,0,0
pbt,bintrie,5,4,storage_sstore_k100,6,,2942,0,0,0.2094,2.347,0.005,1.1669,5.6541,0,4,0,0,0,0,0,0,0,0,0,0,4,0,0,0,0,0,0,0,0,0
pbt,bintrie,5,4,storage_sstore_k100,6,,2943,86978,2,0.8901,12.4317,0.6347,1.5438,17.6772,4.9204,11,0,0,0,3,0,0,0,1,166,4,7,36.36,0,0,0,0,0,0,0,0
pbt,bintrie,5,4,storage_sstore_k100,6,,2944,99903046,1,154.7378,124.1252,62.3492,65.3611,407.5635,245.1226,96,4438,90,2658,90,0,4388,0,0,0,64,32,66.67,2762,1676,62.24,90,0,100,2658,0
pbt,bintrie,5,4,storage_sstore_k100,6,,2945,21000,1,0.4337,2.1968,45.435,1.0301,49.674,0.4228,6,0,0,0,2,0,0,0,0,0,2,4,33.33,0,0,0,0,0,0,0,0
pbt,bintrie,5,4,storage_sstore_k100,6,,2946,0,0,0.2307,2.5774,0.0134,0.9106,5.0192,0,4,0,0,0,0,0,0,0,0,0,0,4,0,0,0,0,0,0,0,0,0
pbt,bintrie,5,4,storage_sstore_k100,6,,2947,0,0,0.0443,0.6163,0.0073,0.4039,1.5755,0,4,0,0,0,0,0,0,0,0,0,0,4,0,0,0,0,0,0,0,0,0
pbt,bintrie,5,4,storage_sstore_k100,7,,2948,0,0,0.1782,1.5709,0.0102,0.5384,2.7748,0,4,0,0,0,0,0,0,0,0,0,0,4,0,0,0,0,0,0,0,0,0
pbt,bintrie,5,4,storage_sstore_k100,7,,2949,0,0,0.0341,0.5781,0.0032,0.1881,0.9823,0,4,0,0,0,0,0,0,0,0,0,0,4,0,0,0,0,0,0,0,0,0
pbt,bintrie,5,4,storage_sstore_k100,7,,2950,0,0,0.051,0.7469,0.0038,0.4868,2.146,0,4,0,0,0,0,0,0,0,0,0,0,4,0,0,0,0,0,0,0,0,0
pbt,bintrie,5,4,storage_sstore_k100,7,,2951,0,0,0.1826,2.5864,0.0067,0.6676,4.1769,0,4,0,0,0,0,0,0,0,0,0,0,4,0,0,0,0,0,0,0,0,0
pbt,bintrie,5,4,storage_sstore_k100,7,,2952,0,0,0.0467,0.6976,0.0038,0.1913,1.1407,0,4,0,0,0,0,0,0,0,0,0,0,4,0,0,0,0,0,0,0,0,0
pbt,bintrie,5,4,storage_sstore_k100,7,,2953,0,0,0.2123,1.3746,0.0053,0.4197,2.3385,0,4,0,0,0,0,0,0,0,0,0,0,4,0,0,0,0,0,0,0,0,0
pbt,bintrie,5,4,storage_sstore_k100,7,,2954,0,0,0.1219,1.6864,0.0128,0.292,2.5494,0,4,0,0,0,0,0,0,0,0,0,0,4,0,0,0,0,0,0,0,0,0
pbt,bintrie,5,4,storage_sstore_k100,7,,2955,0,0,0.0385,0.5372,0.0035,0.2129,1.0094,0,4,0,0,0,0,0,0,0,0,0,0,4,0,0,0,0,0,0,0,0,0
pbt,bintrie,5,4,storage_sstore_k100,7,,2956,0,0,0.0394,0.4932,0.002,0.1353,0.9144,0,4,0,0,0,0,0,0,0,0,0,0,4,0,0,0,0,0,0,0,0,0
pbt,bintrie,5,4,storage_sstore_k100,7,,2957,0,0,0.0904,2.1562,0.005,0.5419,3.4384,0,4,0,0,0,0,0,0,0,0,0,0,4,0,0,0,0,0,0,0,0,0
pbt,bintrie,5,4,storage_sstore_k100,7,,2958,0,0,0.0598,1.3749,0.0064,0.3191,2.0585,0,4,0,0,0,0,0,0,0,0,0,0,4,0,0,0,0,0,0,0,0,0
pbt,bintrie,5,4,storage_sstore_k100,7,,2959,0,0,0.0426,0.5565,0.0026,0.8904,1.8392,0,4,0,0,0,0,0,0,0,0,0,0,4,0,0,0,0,0,0,0,0,0
pbt,bintrie,5,4,storage_sstore_k100,7,,2960,0,0,0.114,1.3463,0.0047,0.3325,2.1428,0,4,0,0,0,0,0,0,0,0,0,0,4,0,0,0,0,0,0,0,0,0
pbt,bintrie,5,4,storage_sstore_k100,7,,2961,0,0,0.0598,1.1103,0.0047,0.215,1.7613,0,4,0,0,0,0,0,0,0,0,0,0,4,0,0,0,0,0,0,0,0,0
pbt,bintrie,5,4,storage_sstore_k100,7,,2962,0,0,0.0971,2.3534,0.007,0.4107,3.3678,0,4,0,0,0,0,0,0,0,0,0,0,4,0,0,0,0,0,0,0,0,0
pbt,bintrie,5,4,storage_sstore_k100,7,,2963,0,0,0.1986,0.6664,0.0023,0.1321,1.3758,0,4,0,0,0,0,0,0,0,0,0,0,4,0,0,0,0,0,0,0,0,0
pbt,bintrie,5,4,storage_sstore_k100,7,,2964,0,0,0.0627,0.8572,0.005,1.8465,6.9123,0,4,0,0,0,0,0,0,0,0,0,0,4,0,0,0,0,0,0,0,0,0
pbt,bintrie,5,4,storage_sstore_k100,7,,2965,0,0,0.058,0.5912,0.0061,0.2155,1.1803,0,4,0,0,0,0,0,0,0,0,0,0,4,0,0,0,0,0,0,0,0,0
pbt,bintrie,5,4,storage_sstore_k100,7,,2966,86978,2,0.5612,3.5626,4.9958,2.2971,13.745,6.328,11,0,0,0,3,0,0,0,1,166,6,5,54.55,0,0,0,0,0,0,0,0
pbt,bintrie,5,4,storage_sstore_k100,7,,2967,99903046,1,164.6936,94.2129,94.226,102.7781,472.0204,211.6498,96,4438,90,2658,90,0,4388,0,0,0,67,29,69.79,3266,1172,73.59,90,0,100,2658,0
pbt,bintrie,5,4,storage_sstore_k100,7,,2968,21000,1,0.3794,1.2976,17.0828,0.7073,20.3272,1.0331,6,0,0,0,2,0,0,0,0,0,0,6,0,0,0,0,0,0,0,0,0
pbt,bintrie,5,4,storage_sstore_k100,7,,2969,0,0,0.1995,2.6696,0.0082,0.4293,3.926,0,4,0,0,0,0,0,0,0,0,0,0,4,0,0,0,0,0,0,0,0,0
pbt,bintrie,5,4,storage_sstore_k100,7,,2970,0,0,0.1018,1.6934,0.0102,0.7344,3.7006,0,4,0,0,0,0,0,0,0,0,0,0,4,0,0,0,0,0,0,0,0,0
pbt,bintrie,5,4,storage_sstore_k100,8,,2971,0,0,0.044,0.4299,0.002,0.124,0.7697,0,4,0,0,0,0,0,0,0,0,0,0,4,0,0,0,0,0,0,0,0,0
pbt,bintrie,5,4,storage_sstore_k100,8,,2972,0,0,0.0397,0.3972,0.0015,0.1552,0.7884,0,4,0,0,0,0,0,0,0,0,0,0,4,0,0,0,0,0,0,0,0,0
pbt,bintrie,5,4,storage_sstore_k100,8,,2973,0,0,0.0563,1.4962,0.0076,0.3097,2.1504,0,4,0,0,0,0,0,0,0,0,0,0,4,0,0,0,0,0,0,0,0,0
pbt,bintrie,5,4,storage_sstore_k100,8,,2974,0,0,0.0318,0.4944,0.0023,0.1172,0.7986,0,4,0,0,0,0,0,0,0,0,0,0,4,0,0,0,0,0,0,0,0,0
pbt,bintrie,5,4,storage_sstore_k100,8,,2975,0,0,0.0254,0.3996,0.0023,0.1277,0.7227,0,4,0,0,0,0,0,0,0,0,0,0,4,0,0,0,0,0,0,0,0,0
pbt,bintrie,5,4,storage_sstore_k100,8,,2976,0,0,0.0855,1.4105,0.0073,0.3159,2.2747,0,4,0,0,0,0,0,0,0,0,0,0,4,0,0,0,0,0,0,0,0,0
pbt,bintrie,5,4,storage_sstore_k100,8,,2977,0,0,0.0615,1.2661,0.0026,0.3456,1.9955,0,4,0,0,0,0,0,0,0,0,0,0,4,0,0,0,0,0,0,0,0,0
pbt,bintrie,5,4,storage_sstore_k100,8,,2978,0,0,0.0779,2.0944,0.0055,0.5203,3.2214,0,4,0,0,0,0,0,0,0,0,0,0,4,0,0,0,0,0,0,0,0,0
pbt,bintrie,5,4,storage_sstore_k100,8,,2979,0,0,0.0855,1.4157,0.0082,0.3783,2.2248,0,4,0,0,0,0,0,0,0,0,0,0,4,0,0,0,0,0,0,0,0,0
pbt,bintrie,5,4,storage_sstore_k100,8,,2980,0,0,0.0828,1.7876,0.005,0.4416,2.8711,0,4,0,0,0,0,0,0,0,0,0,0,4,0,0,0,0,0,0,0,0,0
pbt,bintrie,5,4,storage_sstore_k100,8,,2981,0,0,0.0516,0.9479,0.0026,0.2085,1.519,0,4,0,0,0,0,0,0,0,0,0,0,4,0,0,0,0,0,0,0,0,0
pbt,bintrie,5,4,storage_sstore_k100,8,,2982,0,0,0.0942,1.4501,0.0082,0.2987,2.3301,0,4,0,0,0,0,0,0,0,0,0,0,4,0,0,0,0,0,0,0,0,0
pbt,bintrie,5,4,storage_sstore_k100,8,,2983,0,0,0.0939,1.4583,0.0082,0.3141,2.3312,0,4,0,0,0,0,0,0,0,0,0,0,4,0,0,0,0,0,0,0,0,0
pbt,bintrie,5,4,storage_sstore_k100,8,,2984,0,0,0.0356,0.5737,0.0041,0.163,1.0602,0,4,0,0,0,0,0,0,0,0,0,0,4,0,0,0,0,0,0,0,0,0
pbt,bintrie,5,4,storage_sstore_k100,8,,2985,0,0,0.1021,2.0323,0.0058,0.7513,3.3827,0,4,0,0,0,0,0,0,0,0,0,0,4,0,0,0,0,0,0,0,0,0
pbt,bintrie,5,4,storage_sstore_k100,8,,2986,0,0,0.1546,2.3164,0.0061,0.5451,4.3142,0,4,0,0,0,0,0,0,0,0,0,0,4,0,0,0,0,0,0,0,0,0
pbt,bintrie,5,4,storage_sstore_k100,8,,2987,0,0,0.117,1.771,0.0053,0.3544,2.5529,0,4,0,0,0,0,0,0,0,0,0,0,4,0,0,0,0,0,0,0,0,0
pbt,bintrie,5,4,storage_sstore_k100,8,,2988,0,0,0.0723,1.5438,0.0055,0.3794,2.4097,0,4,0,0,0,0,0,0,0,0,0,0,4,0,0,0,0,0,0,0,0,0
pbt,bintrie,5,4,storage_sstore_k100,8,,2989,86978,2,0.7574,27.9745,2.5605,1.5811,33.9001,2.5657,11,0,0,0,3,0,0,0,1,166,4,7,36.36,0,0,0,0,0,0,0,0
pbt,bintrie,5,4,storage_sstore_k100,8,,2990,99903046,1,143.8554,141.3994,82.6134,62.9395,433.5755,230.4167,96,4438,90,2658,90,0,4388,0,0,0,54,42,56.25,2148,2290,48.4,90,0,100,2658,0
pbt,bintrie,5,4,storage_sstore_k100,8,,2991,21000,1,0.1,0.9126,26.002,1.197,28.4832,0.7373,6,0,0,0,2,0,0,0,0,0,2,4,33.33,0,0,0,0,0,0,0,0
pbt,bintrie,5,4,storage_sstore_k100,8,,2992,0,0,0.033,0.4559,0.0023,0.1578,0.8761,0,4,0,0,0,0,0,0,0,0,0,0,4,0,0,0,0,0,0,0,0,0
pbt,bintrie,5,4,storage_sstore_k100,8,,2993,0,0,0.0796,1.3486,0.005,0.5326,2.2924,0,4,0,0,0,0,0,0,0,0,0,0,4,0,0,0,0,0,0,0,0,0
pbt,bintrie,5,4,storage_sstore_k100,9,,2994,0,0,0.1625,1.8771,0.0093,0.933,3.7767,0,4,0,0,0,0,0,0,0,0,0,0,4,0,0,0,0,0,0,0,0,0
pbt,bintrie,5,4,storage_sstore_k100,9,,2995,0,0,0.1225,1.6342,0.0093,0.4118,2.5415,0,4,0,0,0,0,0,0,0,0,0,0,4,0,0,0,0,0,0,0,0,0
pbt,bintrie,5,4,storage_sstore_k100,9,,2996,0,0,0.0318,0.5999,0.0038,0.1205,0.9695,0,4,0,0,0,0,0,0,0,0,0,0,4,0,0,0,0,0,0,0,0,0
pbt,bintrie,5,4,storage_sstore_k100,9,,2997,0,0,0.0312,0.4996,0.0018,0.1065,0.7927,0,4,0,0,0,0,0,0,0,0,0,0,4,0,0,0,0,0,0,0,0,0
pbt,bintrie,5,4,storage_sstore_k100,9,,2998,0,0,0.0356,0.5063,0.002,0.1117,0.8088,0,4,0,0,0,0,0,0,0,0,0,0,4,0,0,0,0,0,0,0,0,0
pbt,bintrie,5,4,storage_sstore_k100,9,,2999,0,0,0.089,1.4385,0.0058,0.2879,2.2887,0,4,0,0,0,0,0,0,0,0,0,0,4,0,0,0,0,0,0,0,0,0
pbt,bintrie,5,4,storage_sstore_k100,9,,3000,0,0,0.1132,1.6202,0.0085,0.3328,2.5304,0,4,0,0,0,0,0,0,0,0,0,0,4,0,0,0,0,0,0,0,0,0
pbt,bintrie,5,4,storage_sstore_k100,9,,3001,0,0,0.063,1.4802,0.0032,0.2765,2.1667,0,4,0,0,0,0,0,0,0,0,0,0,4,0,0,0,0,0,0,0,0,0
pbt,bintrie,5,4,storage_sstore_k100,9,,3002,0,0,0.0881,2.2767,0.0067,0.352,3.201,0,4,0,0,0,0,0,0,0,0,0,0,4,0,0,0,0,0,0,0,0,0
pbt,bintrie,5,4,storage_sstore_k100,9,,3003,0,0,0.0901,2.0049,0.0058,0.3602,2.9875,0,4,0,0,0,0,0,0,0,0,0,0,4,0,0,0,0,0,0,0,0,0
pbt,bintrie,5,4,storage_sstore_k100,9,,3004,0,0,0.0887,1.4434,0.0079,0.2952,2.1481,0,4,0,0,0,0,0,0,0,0,0,0,4,0,0,0,0,0,0,0,0,0
pbt,bintrie,5,4,storage_sstore_k100,9,,3005,0,0,0.0761,1.7482,0.0047,0.5008,2.9825,0,4,0,0,0,0,0,0,0,0,0,0,4,0,0,0,0,0,0,0,0,0
pbt,bintrie,5,4,storage_sstore_k100,9,,3006,0,0,0.0487,0.9275,0.0023,0.2284,1.4918,0,4,0,0,0,0,0,0,0,0,0,0,4,0,0,0,0,0,0,0,0,0
pbt,bintrie,5,4,storage_sstore_k100,9,,3007,0,0,0.6347,1.5849,0.007,0.3768,2.9758,0,4,0,0,0,0,0,0,0,0,0,0,4,0,0,0,0,0,0,0,0,0
pbt,bintrie,5,4,storage_sstore_k100,9,,3008,0,0,0.0951,1.9795,0.0053,0.3864,2.9942,0,4,0,0,0,0,0,0,0,0,0,0,4,0,0,0,0,0,0,0,0,0
pbt,bintrie,5,4,storage_sstore_k100,9,,3009,0,0,0.1047,1.9031,0.0064,1.7351,5.3575,0,4,0,0,0,0,0,0,0,0,0,0,4,0,0,0,0,0,0,0,0,0
pbt,bintrie,5,4,storage_sstore_k100,9,,3010,0,0,0.0283,0.5329,0.0035,0.156,0.8531,0,4,0,0,0,0,0,0,0,0,0,0,4,0,0,0,0,0,0,0,0,0
pbt,bintrie,5,4,storage_sstore_k100,9,,3011,0,0,0.0939,1.899,0.0058,0.3797,2.8842,0,4,0,0,0,0,0,0,0,0,0,0,4,0,0,0,0,0,0,0,0,0
pbt,bintrie,5,4,storage_sstore_k100,9,,3012,86978,2,2.6873,17.5871,1.8573,1.9212,46.235,1.8812,11,0,0,0,3,0,0,0,1,166,6,5,54.55,0,0,0,0,0,0,0,0
pbt,bintrie,5,4,storage_sstore_k100,9,,3013,99903046,1,111.1426,211.2905,40.5713,28.5622,392.5682,254.4858,96,4438,90,2658,90,0,4388,0,0,0,20,76,20.83,816,3622,18.39,90,0,100,2658,0
pbt,bintrie,5,4,storage_sstore_k100,9,,3014,21000,1,0.261,0.527,28.2819,0.9269,34.4584,0.6094,6,0,0,0,2,0,0,0,0,0,0,6,0,0,0,0,0,0,0,0,0
pbt,bintrie,5,4,storage_sstore_k100,9,,3015,0,0,0.1983,2.1977,0.0102,0.7049,3.7327,0,4,0,0,0,0,0,0,0,0,0,0,4,0,0,0,0,0,0,0,0,0
pbt,bintrie,5,4,storage_sstore_k100,9,,3016,0,0,0.0335,0.5399,0.0032,0.4004,1.4341,0,4,0,0,0,0,0,0,0,0,0,0,4,0,0,0,0,0,0,0,0,0
pbt,bintrie,5,4,storage_sstore_k1000,10,,3247,0,0,0.0662,0.6408,0.0038,0.2126,1.197,0,4,0,0,0,0,0,0,0,0,0,0,4,0,0,0,0,0,0,0,0,0
pbt,bintrie,5,4,storage_sstore_k1000,10,,3248,0,0,0.0338,0.5256,0.0026,0.1447,0.9161,0,4,0,0,0,0,0,0,0,0,0,0,4,0,0,0,0,0,0,0,0,0
pbt,bintrie,5,4,storage_sstore_k1000,10,,3249,0,0,0.0592,0.8059,0.0026,0.3736,1.5572,0,4,0,0,0,0,0,0,0,0,0,0,4,0,0,0,0,0,0,0,0,0
pbt,bintrie,5,4,storage_sstore_k1000,10,,3250,0,0,0.0411,0.5897,0.0044,0.1531,1.0033,0,4,0,0,0,0,0,0,0,0,0,0,4,0,0,0,0,0,0,0,0,0
pbt,bintrie,5,4,storage_sstore_k1000,10,,3251,0,0,0.0855,1.1821,0.0053,0.2485,1.8678,0,4,0,0,0,0,0,0,0,0,0,0,4,0,0,0,0,0,0,0,0,0
pbt,bintrie,5,4,storage_sstore_k1000,10,,3252,0,0,0.0852,1.8363,0.0061,0.4442,2.788,0,4,0,0,0,0,0,0,0,0,0,0,4,0,0,0,0,0,0,0,0,0
pbt,bintrie,5,4,storage_sstore_k1000,10,,3253,0,0,0.0379,0.5865,0.0029,0.1555,0.9925,0,4,0,0,0,0,0,0,0,0,0,0,4,0,0,0,0,0,0,0,0,0
pbt,bintrie,5,4,storage_sstore_k1000,10,,3254,0,0,0.0901,2.06,0.0114,0.6548,3.4063,0,4,0,0,0,0,0,0,0,0,0,0,4,0,0,0,0,0,0,0,0,0
pbt,bintrie,5,4,storage_sstore_k1000,10,,3255,0,0,0.0884,1.8019,0.0053,0.3214,2.7442,0,4,0,0,0,0,0,0,0,0,0,0,4,0,0,0,0,0,0,0,0,0
pbt,bintrie,5,4,storage_sstore_k1000,10,,3256,0,0,0.0408,0.5451,0.0038,0.2047,1.0077,0,4,0,0,0,0,0,0,0,0,0,0,4,0,0,0,0,0,0,0,0,0
pbt,bintrie,5,4,storage_sstore_k1000,10,,3257,0,0,0.0846,1.5181,0.0073,0.3905,2.3872,0,4,0,0,0,0,0,0,0,0,0,0,4,0,0,0,0,0,0,0,0,0
pbt,bintrie,5,4,storage_sstore_k1000,10,,3258,0,0,0.051,0.5361,0.0029,0.1805,1.0115,0,4,0,0,0,0,0,0,0,0,0,0,4,0,0,0,0,0,0,0,0,0
pbt,bintrie,5,4,storage_sstore_k1000,10,,3259,0,0,0.084,1.4735,0.0052,0.4019,2.2954,0,4,0,0,0,0,0,0,0,0,0,0,4,0,0,0,0,0,0,0,0,0
pbt,bintrie,5,4,storage_sstore_k1000,10,,3260,0,0,0.0397,0.4917,0.0035,0.1458,0.8872,0,4,0,0,0,0,0,0,0,0,0,0,4,0,0,0,0,0,0,0,0,0
pbt,bintrie,5,4,storage_sstore_k1000,10,,3261,0,0,0.1047,1.9818,0.0102,0.4203,3.1875,0,4,0,0,0,0,0,0,0,0,0,0,4,0,0,0,0,0,0,0,0,0
pbt,bintrie,5,4,storage_sstore_k1000,10,,3262,0,0,0.051,0.8741,0.0035,1.9293,6.9873,0,4,0,0,0,0,0,0,0,0,0,0,4,0,0,0,0,0,0,0,0,0
pbt,bintrie,5,4,storage_sstore_k1000,10,,3263,0,0,0.0344,0.5979,0.0035,0.1295,0.9129,0,4,0,0,0,0,0,0,0,0,0,0,4,0,0,0,0,0,0,0,0,0
pbt,bintrie,5,4,storage_sstore_k1000,10,,3264,0,0,0.028,0.478,0.0029,0.1088,0.7811,0,4,0,0,0,0,0,0,0,0,0,0,4,0,0,0,0,0,0,0,0,0
pbt,bintrie,5,4,storage_sstore_k1000,10,,3265,86966,2,0.7691,48.3451,9.1645,4.8553,63.9297,1.3603,11,0,0,0,3,0,0,0,1,166,4,7,36.36,0,0,0,0,0,0,0,0
pbt,bintrie,5,4,storage_sstore_k1000,10,,3266,99921136,1,142.1364,233.2162,248.3339,210.9224,835.7592,119.5573,853,4227,847,23854,847,0,4222,0,0,0,358,495,41.97,1599,2628,37.83,847,0,100,23854,0
pbt,bintrie,5,4,storage_sstore_k1000,10,,3267,21000,1,0.2625,5.1796,68.2512,0.6959,76.7391,0.2737,6,0,0,0,2,0,0,0,0,0,2,4,33.33,0,0,0,0,0,0,0,0
pbt,bintrie,5,4,storage_sstore_k1000,10,,3268,0,0,0.0887,1.8124,0.0064,0.3803,2.7107,0,4,0,0,0,0,0,0,0,0,0,0,4,0,0,0,0,0,0,0,0,0
pbt,bintrie,5,4,storage_sstore_k1000,10,,3269,0,0,0.0919,1.9267,0.0067,0.8228,4.666,0,4,0,0,0,0,0,0,0,0,0,0,4,0,0,0,0,0,0,0,0,0
pbt,bintrie,5,4,storage_sstore_k1000,1,,3041,0,0,0.1677,1.7747,0.0105,0.548,2.9904,0,4,0,0,0,0,0,0,0,0,0,0,4,0,0,0,0,0,0,0,0,0
pbt,bintrie,5,4,storage_sstore_k1000,1,,3042,0,0,0.0254,0.4912,0.0017,0.1272,0.7656,0,4,0,0,0,0,0,0,0,0,0,0,4,0,0,0,0,0,0,0,0,0
pbt,bintrie,5,4,storage_sstore_k1000,1,,3043,0,0,0.1662,2.1349,0.0096,0.9065,5.9321,0,4,0,0,0,0,0,0,0,0,0,0,4,0,0,0,0,0,0,0,0,0
pbt,bintrie,5,4,storage_sstore_k1000,1,,3044,0,0,0.0557,0.9237,0.0134,0.5311,2.3097,0,4,0,0,0,0,0,0,0,0,0,0,4,0,0,0,0,0,0,0,0,0
pbt,bintrie,5,4,storage_sstore_k1000,1,,3045,0,0,0.0338,0.4293,0.002,0.1808,0.8756,0,4,0,0,0,0,0,0,0,0,0,0,4,0,0,0,0,0,0,0,0,0
pbt,bintrie,5,4,storage_sstore_k1000,1,,3046,0,0,0.0913,1.439,0.0225,0.3167,2.3764,0,4,0,0,0,0,0,0,0,0,0,0,4,0,0,0,0,0,0,0,0,0
pbt,bintrie,5,4,storage_sstore_k1000,1,,3047,0,0,0.0414,0.5647,0.0023,0.1744,0.9692,0,4,0,0,0,0,0,0,0,0,0,0,4,0,0,0,0,0,0,0,0,0
pbt,bintrie,5,4,storage_sstore_k1000,1,,3048,0,0,0.0265,0.3689,0.0032,0.4486,1.1993,0,4,0,0,0,0,0,0,0,0,0,0,4,0,0,0,0,0,0,0,0,0
pbt,bintrie,5,4,storage_sstore_k1000,1,,3049,0,0,0.0303,0.4057,0.0023,0.1817,0.8263,0,4,0,0,0,0,0,0,0,0,0,0,4,0,0,0,0,0,0,0,0,0
pbt,bintrie,5,4,storage_sstore_k1000,1,,3050,0,0,0.0295,0.4605,0.0032,0.1881,0.8931,0,4,0,0,0,0,0,0,0,0,0,0,4,0,0,0,0,0,0,0,0,0
pbt,bintrie,5,4,storage_sstore_k1000,1,,3051,0,0,0.0656,1.0587,0.0026,0.2307,1.6797,0,4,0,0,0,0,0,0,0,0,0,0,4,0,0,0,0,0,0,0,0,0
pbt,bintrie,5,4,storage_sstore_k1000,1,,3052,0,0,0.0327,0.3964,0.0023,0.1639,0.8379,0,4,0,0,0,0,0,0,0,0,0,0,4,0,0,0,0,0,0,0,0,0
pbt,bintrie,5,4,storage_sstore_k1000,1,,3053,0,0,0.331,4.0275,0.0137,0.9097,6.1537,0,4,0,0,0,0,0,0,0,0,0,0,4,0,0,0,0,0,0,0,0,0
pbt,bintrie,5,4,storage_sstore_k1000,1,,3054,0,0,0.0741,1.7707,0.0044,0.3582,2.5859,0,4,0,0,0,0,0,0,0,0,0,0,4,0,0,0,0,0,0,0,0,0
pbt,bintrie,5,4,storage_sstore_k1000,1,,3055,0,0,0.0268,0.5227,0.0032,0.1123,0.7851,0,4,0,0,0,0,0,0,0,0,0,0,4,0,0,0,0,0,0,0,0,0
pbt,bintrie,5,4,storage_sstore_k1000,1,,3056,0,0,0.0248,0.5477,0.0017,0.1767,0.8817,0,4,0,0,0,0,0,0,0,0,0,0,4,0,0,0,0,0,0,0,0,0
pbt,bintrie,5,4,storage_sstore_k1000,1,,3057,0,0,0.0295,0.5069,0.0018,0.154,0.821,0,4,0,0,0,0,0,0,0,0,0,0,4,0,0,0,0,0,0,0,0,0
pbt,bintrie,5,4,storage_sstore_k1000,1,,3058,86966,2,0.0945,0.8333,0.562,1.6794,3.8864,22.3772,11,0,0,0,3,0,0,0,1,166,6,5,54.55,0,0,0,0,0,0,0,0
pbt,bintrie,5,4,storage_sstore_k1000,1,,3059,99921136,1,183.223,477.1685,370.7725,153.7467,1185.3047,84.3,853,4227,847,23854,847,0,4222,0,0,0,349,504,40.91,1577,2650,37.31,847,0,100,23854,0
pbt,bintrie,5,4,storage_sstore_k1000,1,,3060,21000,1,0.772,1.7427,54.9107,2.0142,70.7099,0.297,6,0,0,0,2,0,0,0,0,0,0,6,0,0,0,0,0,0,0,0,0
pbt,bintrie,5,4,storage_sstore_k1000,1,,3061,0,0,0.1286,1.7596,0.0087,0.3993,2.8513,0,4,0,0,0,0,0,0,0,0,0,0,4,0,0,0,0,0,0,0,0,0
pbt,bintrie,5,4,storage_sstore_k1000,1,,3062,0,0,0.0423,0.4894,0.0044,0.1601,0.9811,0,4,0,0,0,0,0,0,0,0,0,0,4,0,0,0,0,0,0,0,0,0
pbt,bintrie,5,4,storage_sstore_k1000,2,,3063,0,0,0.14,1.5006,0.0088,0.4652,2.5649,0,4,0,0,0,0,0,0,0,0,0,0,4,0,0,0,0,0,0,0,0,0
pbt,bintrie,5,4,storage_sstore_k1000,2,,3064,0,0,8.146,6.1476,0.0166,5.2869,42.5295,0,4,0,0,0,0,0,0,0,0,0,0,4,0,0,0,0,0,0,0,0,0
pbt,bintrie,5,4,storage_sstore_k1000,2,,3065,0,0,0.0257,0.4311,0.0029,0.1114,0.6866,0,4,0,0,0,0,0,0,0,0,0,0,4,0,0,0,0,0,0,0,0,0
pbt,bintrie,5,4,storage_sstore_k1000,2,,3066,0,0,0.0557,0.912,0.0067,0.5256,3.0123,0,4,0,0,0,0,0,0,0,0,0,0,4,0,0,0,0,0,0,0,0,0
pbt,bintrie,5,4,storage_sstore_k1000,2,,3067,0,0,0.0575,0.7685,0.0055,0.2357,1.4125,0,4,0,0,0,0,0,0,0,0,0,0,4,0,0,0,0,0,0,0,0,0
pbt,bintrie,5,4,storage_sstore_k1000,2,,3068,0,0,0.0542,0.3943,0.0017,0.1502,0.8018,0,4,0,0,0,0,0,0,0,0,0,0,4,0,0,0,0,0,0,0,0,0
pbt,bintrie,5,4,storage_sstore_k1000,2,,3069,0,0,0.0362,0.3876,0.002,0.1417,0.7472,0,4,0,0,0,0,0,0,0,0,0,0,4,0,0,0,0,0,0,0,0,0
pbt,bintrie,5,4,storage_sstore_k1000,2,,3070,0,0,0.0315,0.4331,0.0012,0.1595,0.8344,0,4,0,0,0,0,0,0,0,0,0,0,4,0,0,0,0,0,0,0,0,0
pbt,bintrie,5,4,storage_sstore_k1000,2,,3071,0,0,0.0242,0.3835,0.0018,0.1578,0.8018,0,4,0,0,0,0,0,0,0,0,0,0,4,0,0,0,0,0,0,0,0,0
pbt,bintrie,5,4,storage_sstore_k1000,2,,3072,0,0,0.0974,1.4533,0.0076,0.4827,2.6815,0,4,0,0,0,0,0,0,0,0,0,0,4,0,0,0,0,0,0,0,0,0
pbt,bintrie,5,4,storage_sstore_k1000,2,,3073,0,0,0.0332,0.3482,0.0029,0.1464,0.7709,0,4,0,0,0,0,0,0,0,0,0,0,4,0,0,0,0,0,0,0,0,0
pbt,bintrie,5,4,storage_sstore_k1000,2,,3074,0,0,0.0338,0.4034,0.0012,0.149,0.8344,0,4,0,0,0,0,0,0,0,0,0,0,4,0,0,0,0,0,0,0,0,0
pbt,bintrie,5,4,storage_sstore_k1000,2,,3075,0,0,0.0286,0.3433,0.0044,0.5215,1.2891,0,4,0,0,0,0,0,0,0,0,0,0,4,0,0,0,0,0,0,0,0,0
pbt,bintrie,5,4,storage_sstore_k1000,2,,3076,0,0,0.0849,1.3294,0.0073,0.2981,2.1495,0,4,0,0,0,0,0,0,0,0,0,0,4,0,0,0,0,0,0,0,0,0
pbt,bintrie,5,4,storage_sstore_k1000,2,,3077,0,0,0.0895,1.5324,0.0035,0.651,2.5771,0,4,0,0,0,0,0,0,0,0,0,0,4,0,0,0,0,0,0,0,0,0
pbt,bintrie,5,4,storage_sstore_k1000,2,,3078,0,0,0.0452,0.4564,0.0032,0.1254,0.8035,0,4,0,0,0,0,0,0,0,0,0,0,4,0,0,0,0,0,0,0,0,0
pbt,bintrie,5,4,storage_sstore_k1000,2,,3079,0,0,0.03,0.5247,0.002,0.1161,0.8003,0,4,0,0,0,0,0,0,0,0,0,0,4,0,0,0,0,0,0,0,0,0
pbt,bintrie,5,4,storage_sstore_k1000,2,,3080,86966,2,1.4787,3.9855,0.9715,2.2502,16.3195,5.329,11,0,0,0,3,0,0,0,1,166,4,7,36.36,0,0,0,0,0,0,0,0
pbt,bintrie,5,4,storage_sstore_k1000,2,,3081,99921136,1,166.4493,166.0853,233.5794,172.1367,739.4527,135.1285,853,4227,847,23854,847,0,4222,0,0,0,468,385,54.87,2198,2029,52.0,847,0,100,23854,0
pbt,bintrie,5,4,storage_sstore_k1000,2,,3082,21000,1,0.1718,1.4501,11.4931,0.8414,14.5369,1.4446,6,0,0,0,2,0,0,0,0,0,2,4,33.33,0,0,0,0,0,0,0,0
pbt,bintrie,5,4,storage_sstore_k1000,2,,3083,0,0,0.1765,1.8929,0.0035,0.2182,2.8279,0,4,0,0,0,0,0,0,0,0,0,0,4,0,0,0,0,0,0,0,0,0
pbt,bintrie,5,4,storage_sstore_k1000,2,,3084,0,0,0.3617,4.9763,0.0079,0.4095,7.1594,0,4,0,0,0,0,0,0,0,0,0,0,4,0,0,0,0,0,0,0,0,0
pbt,bintrie,5,4,storage_sstore_k1000,3,,3085,0,0,0.037,0.3468,0.0018,0.1508,0.6606,0,4,0,0,0,0,0,0,0,0,0,0,4,0,0,0,0,0,0,0,0,0
pbt,bintrie,5,4,storage_sstore_k1000,3,,3086,0,0,0.0312,0.5145,0.0032,0.2027,0.9511,0,4,0,0,0,0,0,0,0,0,0,0,4,0,0,0,0,0,0,0,0,0
pbt,bintrie,5,4,storage_sstore_k1000,3,,3087,0,0,0.0799,1.451,0.0047,0.2575,2.1268,0,4,0,0,0,0,0,0,0,0,0,0,4,0,0,0,0,0,0,0,0,0
pbt,bintrie,5,4,storage_sstore_k1000,3,,3088,0,0,0.0391,0.786,0.0029,0.2027,1.33,0,4,0,0,0,0,0,0,0,0,0,0,4,0,0,0,0,0,0,0,0,0
pbt,bintrie,5,4,storage_sstore_k1000,3,,3089,0,0,0.0292,0.4809,0.0018,0.1275,0.8388,0,4,0,0,0,0,0,0,0,0,0,0,4,0,0,0,0,0,0,0,0,0
pbt,bintrie,5,4,storage_sstore_k1000,3,,3090,0,0,0.0327,0.3824,0.0017,0.1347,0.7335,0,4,0,0,0,0,0,0,0,0,0,0,4,0,0,0,0,0,0,0,0,0
pbt,bintrie,5,4,storage_sstore_k1000,3,,3091,0,0,0.0817,1.3979,0.0067,0.3418,2.2181,0,4,0,0,0,0,0,0,0,0,0,0,4,0,0,0,0,0,0,0,0,0
pbt,bintrie,5,4,storage_sstore_k1000,3,,3092,0,0,0.0405,0.5463,0.0026,0.1712,0.9899,0,4,0,0,0,0,0,0,0,0,0,0,4,0,0,0,0,0,0,0,0,0
pbt,bintrie,5,4,storage_sstore_k1000,3,,3093,0,0,0.1362,3.5597,0.0163,0.8589,5.3388,0,4,0,0,0,0,0,0,0,0,0,0,4,0,0,0,0,0,0,0,0,0
pbt,bintrie,5,4,storage_sstore_k1000,3,,3094,0,0,0.0385,0.6002,0.0047,0.1922,1.1666,0,4,0,0,0,0,0,0,0,0,0,0,4,0,0,0,0,0,0,0,0,0
pbt,bintrie,5,4,storage_sstore_k1000,3,,3095,0,0,0.0429,0.5486,0.0041,0.2278,1.0847,0,4,0,0,0,0,0,0,0,0,0,0,4,0,0,0,0,0,0,0,0,0
pbt,bintrie,5,4,storage_sstore_k1000,3,,3096,0,0,0.0863,1.3233,0.0067,0.3497,2.2589,0,4,0,0,0,0,0,0,0,0,0,0,4,0,0,0,0,0,0,0,0,0
pbt,bintrie,5,4,storage_sstore_k1000,3,,3097,0,0,0.0405,0.5469,0.0035,0.1948,1.0651,0,4,0,0,0,0,0,0,0,0,0,0,4,0,0,0,0,0,0,0,0,0
pbt,bintrie,5,4,storage_sstore_k1000,3,,3098,0,0,0.0875,1.8194,0.0058,0.5008,2.9023,0,4,0,0,0,0,0,0,0,0,0,0,4,0,0,0,0,0,0,0,0,0
pbt,bintrie,5,4,storage_sstore_k1000,3,,3099,0,0,0.0872,1.309,0.0079,0.3964,3.7192,0,4,0,0,0,0,0,0,0,0,0,0,4,0,0,0,0,0,0,0,0,0
pbt,bintrie,5,4,storage_sstore_k1000,3,,3100,0,0,0.1517,2.039,0.007,0.4439,3.1698,0,4,0,0,0,0,0,0,0,0,0,0,4,0,0,0,0,0,0,0,0,0
pbt,bintrie,5,4,storage_sstore_k1000,3,,3101,0,0,0.0353,0.6107,0.0032,0.1406,0.9572,0,4,0,0,0,0,0,0,0,0,0,0,4,0,0,0,0,0,0,0,0,0
pbt,bintrie,5,4,storage_sstore_k1000,3,,3102,0,0,0.1595,2.1557,0.007,0.3835,3.3098,0,4,0,0,0,0,0,0,0,0,0,0,4,0,0,0,0,0,0,0,0,0
pbt,bintrie,5,4,storage_sstore_k1000,3,,3103,86966,2,0.252,1.8935,6.7691,4.722,54.3749,1.5994,11,0,0,0,3,0,0,0,1,166,7,4,63.64,0,0,0,0,0,0,0,0
pbt,bintrie,5,4,storage_sstore_k1000,3,,3104,99921136,1,165.5157,211.4026,158.868,120.3835,678.3814,147.2934,853,4227,847,23854,847,0,4222,0,0,0,315,538,36.93,1498,2729,35.44,847,0,100,23854,0
pbt,bintrie,5,4,storage_sstore_k1000,3,,3105,21000,1,0.541,4.4286,48.78,0.779,63.0704,0.333,6,0,0,0,2,0,0,0,0,0,1,5,16.67,0,0,0,0,0,0,0,0
pbt,bintrie,5,4,storage_sstore_k1000,3,,3106,0,0,0.4976,5.1457,0.019,1.1672,8.447,0,4,0,0,0,0,0,0,0,0,0,0,4,0,0,0,0,0,0,0,0,0
pbt,bintrie,5,4,storage_sstore_k1000,4,,3108,0,0,0.037,0.4404,0.0015,0.1467,0.8061,0,4,0,0,0,0,0,0,0,0,0,0,4,0,0,0,0,0,0,0,0,0
pbt,bintrie,5,4,storage_sstore_k1000,4,,3109,0,0,0.0478,0.5311,0.0017,0.1613,1.0118,0,4,0,0,0,0,0,0,0,0,0,0,4,0,0,0,0,0,0,0,0,0
pbt,bintrie,5,4,storage_sstore_k1000,4,,3110,0,0,0.072,1.386,0.0061,0.233,2.0046,0,4,0,0,0,0,0,0,0,0,0,0,4,0,0,0,0,0,0,0,0,0
pbt,bintrie,5,4,storage_sstore_k1000,4,,3111,0,0,0.1353,2.1443,0.0061,0.4448,3.6659,0,4,0,0,0,0,0,0,0,0,0,0,4,0,0,0,0,0,0,0,0,0
pbt,bintrie,5,4,storage_sstore_k1000,4,,3112,0,0,0.0271,0.3742,0.0015,0.1674,0.7341,0,4,0,0,0,0,0,0,0,0,0,0,4,0,0,0,0,0,0,0,0,0
pbt,bintrie,5,4,storage_sstore_k1000,4,,3113,0,0,0.103,1.3457,0.0085,0.5078,2.3566,0,4,0,0,0,0,0,0,0,0,0,0,4,0,0,0,0,0,0,0,0,0
pbt,bintrie,5,4,storage_sstore_k1000,4,,3114,0,0,0.0901,2.0122,0.0064,0.3544,3.1686,0,4,0,0,0,0,0,0,0,0,0,0,4,0,0,0,0,0,0,0,0,0
pbt,bintrie,5,4,storage_sstore_k1000,4,,3115,0,0,0.0878,1.6627,0.0038,0.343,2.6701,0,4,0,0,0,0,0,0,0,0,0,0,4,0,0,0,0,0,0,0,0,0
pbt,bintrie,5,4,storage_sstore_k1000,4,,3116,0,0,0.0385,0.609,0.0044,0.2056,1.1273,0,4,0,0,0,0,0,0,0,0,0,0,4,0,0,0,0,0,0,0,0,0
pbt,bintrie,5,4,storage_sstore_k1000,4,,3117,0,0,0.0843,1.8284,0.0055,0.413,2.8028,0,4,0,0,0,0,0,0,0,0,0,0,4,0,0,0,0,0,0,0,0,0
pbt,bintrie,5,4,storage_sstore_k1000,4,,3118,0,0,0.0895,2.0232,0.007,0.3412,3.1385,0,4,0,0,0,0,0,0,0,0,0,0,4,0,0,0,0,0,0,0,0,0
pbt,bintrie,5,4,storage_sstore_k1000,4,,3119,0,0,0.0887,1.3819,0.0055,0.3027,2.2624,0,4,0,0,0,0,0,0,0,0,0,0,4,0,0,0,0,0,0,0,0,0
pbt,bintrie,5,4,storage_sstore_k1000,4,,3120,0,0,0.0365,0.5539,0.0032,0.196,1.0208,0,4,0,0,0,0,0,0,0,0,0,0,4,0,0,0,0,0,0,0,0,0
pbt,bintrie,5,4,storage_sstore_k1000,4,,3121,0,0,0.082,1.3556,0.0061,0.35,2.1784,0,4,0,0,0,0,0,0,0,0,0,0,4,0,0,0,0,0,0,0,0,0
pbt,bintrie,5,4,storage_sstore_k1000,4,,3122,0,0,0.0822,1.4423,0.0085,0.6236,4.9833,0,4,0,0,0,0,0,0,0,0,0,0,4,0,0,0,0,0,0,0,0,0
pbt,bintrie,5,4,storage_sstore_k1000,4,,3123,0,0,0.0767,0.7761,0.0035,0.3235,1.7459,0,4,0,0,0,0,0,0,0,0,0,0,4,0,0,0,0,0,0,0,0,0
pbt,bintrie,5,4,storage_sstore_k1000,4,,3124,0,0,0.0435,0.8969,0.0032,0.1117,1.2366,0,4,0,0,0,0,0,0,0,0,0,0,4,0,0,0,0,0,0,0,0,0
pbt,bintrie,5,4,storage_sstore_k1000,4,,3125,0,0,0.0983,1.6336,0.0108,0.357,2.5791,0,4,0,0,0,0,0,0,0,0,0,0,4,0,0,0,0,0,0,0,0,0
pbt,bintrie,5,4,storage_sstore_k1000,4,,3126,86966,2,0.7338,3.0105,1.2165,4.8605,28.2005,3.0838,11,0,0,0,3,0,0,0,1,166,4,7,36.36,0,0,0,0,0,0,0,0
pbt,bintrie,5,4,storage_sstore_k1000,4,,3127,99921136,1,120.435,225.2041,160.7229,190.525,725.7102,137.6874,853,4227,847,23854,847,0,4222,0,0,0,314,539,36.81,1398,2829,33.07,847,0,100,23854,0
pbt,bintrie,5,4,storage_sstore_k1000,4,,3128,21000,1,0.5253,1.7015,39.3008,1.4945,43.4925,0.4828,6,0,0,0,2,0,0,0,0,0,0,6,0,0,0,0,0,0,0,0,0
pbt,bintrie,5,4,storage_sstore_k1000,4,,3129,0,0,0.0992,1.418,0.007,0.3596,2.3907,0,4,0,0,0,0,0,0,0,0,0,0,4,0,0,0,0,0,0,0,0,0
pbt,bintrie,5,4,storage_sstore_k1000,4,,3130,0,0,0.1149,1.6263,0.0093,0.6965,3.6469,0,4,0,0,0,0,0,0,0,0,0,0,4,0,0,0,0,0,0,0,0,0
pbt,bintrie,5,4,storage_sstore_k1000,5,,3131,0,0,0.2397,2.1971,0.0108,0.583,3.7353,0,4,0,0,0,0,0,0,0,0,0,0,4,0,0,0,0,0,0,0,0,0
pbt,bintrie,5,4,storage_sstore_k1000,5,,3132,0,0,0.0478,0.6664,0.005,0.1642,1.0879,0,4,0,0,0,0,0,0,0,0,0,0,4,0,0,0,0,0,0,0,0,0
pbt,bintrie,5,4,storage_sstore_k1000,5,,3133,0,0,0.0236,0.4667,0.0015,0.0802,0.7137,0,4,0,0,0,0,0,0,0,0,0,0,4,0,0,0,0,0,0,0,0,0
pbt,bintrie,5,4,storage_sstore_k1000,5,,3134,0,0,0.0741,1.3005,0.0041,0.2187,1.9544,0,4,0,0,0,0,0,0,0,0,0,0,4,0,0,0,0,0,0,0,0,0
pbt,bintrie,5,4,storage_sstore_k1000,5,,3135,0,0,0.0761,1.7246,0.0064,0.31,2.8002,0,4,0,0,0,0,0,0,0,0,0,0,4,0,0,0,0,0,0,0,0,0
pbt,bintrie,5,4,storage_sstore_k1000,5,,3136,0,0,0.0297,0.4226,0.002,0.1642,0.7945,0,4,0,0,0,0,0,0,0,0,0,0,4,0,0,0,0,0,0,0,0,0
pbt,bintrie,5,4,storage_sstore_k1000,5,,3137,0,0,0.0376,0.5918,0.0023,0.1429,0.982,0,4,0,0,0,0,0,0,0,0,0,0,4,0,0,0,0,0,0,0,0,0
pbt,bintrie,5,4,storage_sstore_k1000,5,,3138,0,0,0.0782,1.6648,0.0076,0.3299,2.62,0,4,0,0,0,0,0,0,0,0,0,0,4,0,0,0,0,0,0,0,0,0
pbt,bintrie,5,4,storage_sstore_k1000,5,,3139,0,0,0.091,1.3393,0.0079,0.3095,2.1988,0,4,0,0,0,0,0,0,0,0,0,0,4,0,0,0,0,0,0,0,0,0
pbt,bintrie,5,4,storage_sstore_k1000,5,,3140,0,0,0.0796,1.3863,0.0064,0.2972,2.1344,0,4,0,0,0,0,0,0,0,0,0,0,4,0,0,0,0,0,0,0,0,0
pbt,bintrie,5,4,storage_sstore_k1000,5,,3141,0,0,0.0796,1.8617,0.0053,0.4115,2.9618,0,4,0,0,0,0,0,0,0,0,0,0,4,0,0,0,0,0,0,0,0,0
pbt,bintrie,5,4,storage_sstore_k1000,5,,3142,0,0,0.0344,0.4553,0.0023,0.149,0.8619,0,4,0,0,0,0,0,0,0,0,0,0,4,0,0,0,0,0,0,0,0,0
pbt,bintrie,5,4,storage_sstore_k1000,5,,3143,0,0,0.0624,1.318,0.0041,0.364,2.0457,0,4,0,0,0,0,0,0,0,0,0,0,4,0,0,0,0,0,0,0,0,0
pbt,bintrie,5,4,storage_sstore_k1000,5,,3144,0,0,0.0884,1.358,0.007,0.3809,2.2537,0,4,0,0,0,0,0,0,0,0,0,0,4,0,0,0,0,0,0,0,0,0
pbt,bintrie,5,4,storage_sstore_k1000,5,,3145,0,0,0.0615,1.2311,0.0032,0.4069,2.0037,0,4,0,0,0,0,0,0,0,0,0,0,4,0,0,0,0,0,0,0,0,0
pbt,bintrie,5,4,storage_sstore_k1000,5,,3146,0,0,0.0362,0.4993,0.0023,0.1257,0.8131,0,4,0,0,0,0,0,0,0,0,0,0,4,0,0,0,0,0,0,0,0,0
pbt,bintrie,5,4,storage_sstore_k1000,5,,3147,0,0,0.0362,0.5512,0.0026,0.1412,0.8656,0,4,0,0,0,0,0,0,0,0,0,0,4,0,0,0,0,0,0,0,0,0
pbt,bintrie,5,4,storage_sstore_k1000,5,,3148,0,0,0.0945,1.2886,0.0035,0.2415,2.0871,0,4,0,0,0,0,0,0,0,0,0,0,4,0,0,0,0,0,0,0,0,0
pbt,bintrie,5,4,storage_sstore_k1000,5,,3149,86966,2,0.3389,15.287,36.0683,6.2424,66.5479,1.3068,11,0,0,0,3,0,0,0,1,166,5,6,45.45,0,0,0,0,0,0,0,0
pbt,bintrie,5,4,storage_sstore_k1000,5,,3150,99921136,1,117.8656,151.5108,180.9749,181.2219,631.9328,158.1199,853,4227,847,23854,847,0,4222,0,0,0,285,568,33.41,1356,2871,32.08,847,0,100,23854,0
pbt,bintrie,5,4,storage_sstore_k1000,5,,3151,21000,1,0.8884,29.0128,47.1992,1.5467,79.4719,0.2642,6,0,0,0,2,0,0,0,0,0,2,4,33.33,0,0,0,0,0,0,0,0
pbt,bintrie,5,4,storage_sstore_k1000,5,,3152,0,0,0.0977,1.5245,0.0082,0.4083,2.5016,0,4,0,0,0,0,0,0,0,0,0,0,4,0,0,0,0,0,0,0,0,0
pbt,bintrie,5,4,storage_sstore_k1000,5,,3153,0,0,0.0785,1.337,0.0064,0.7055,3.1394,0,4,0,0,0,0,0,0,0,0,0,0,4,0,0,0,0,0,0,0,0,0
pbt,bintrie,5,4,storage_sstore_k1000,6,,3154,0,0,0.0426,0.4678,0.0017,0.1502,0.8694,0,4,0,0,0,0,0,0,0,0,0,0,4,0,0,0,0,0,0,0,0,0
pbt,bintrie,5,4,storage_sstore_k1000,6,,3155,0,0,0.1129,1.5429,0.0096,0.4468,2.5325,0,4,0,0,0,0,0,0,0,0,0,0,4,0,0,0,0,0,0,0,0,0
pbt,bintrie,5,4,storage_sstore_k1000,6,,3156,0,0,0.1773,2.2752,0.0061,0.5507,3.4737,0,4,0,0,0,0,0,0,0,0,0,0,4,0,0,0,0,0,0,0,0,0
pbt,bintrie,5,4,storage_sstore_k1000,6,,3157,0,0,0.0365,0.6107,0.0026,0.1371,0.9284,0,4,0,0,0,0,0,0,0,0,0,0,4,0,0,0,0,0,0,0,0,0
pbt,bintrie,5,4,storage_sstore_k1000,6,,3158,0,0,0.0481,0.7989,0.0041,2.0874,3.9879,0,4,0,0,0,0,0,0,0,0,0,0,4,0,0,0,0,0,0,0,0,0
pbt,bintrie,5,4,storage_sstore_k1000,6,,3159,0,0,0.0429,0.5731,0.0023,0.2158,1.0602,0,4,0,0,0,0,0,0,0,0,0,0,4,0,0,0,0,0,0,0,0,0
pbt,bintrie,5,4,storage_sstore_k1000,6,,3160,0,0,0.0432,0.5807,0.0026,0.1444,0.973,0,4,0,0,0,0,0,0,0,0,0,0,4,0,0,0,0,0,0,0,0,0
pbt,bintrie,5,4,storage_sstore_k1000,6,,3161,0,0,0.0968,2.025,0.0067,0.3859,3.2783,0,4,0,0,0,0,0,0,0,0,0,0,4,0,0,0,0,0,0,0,0,0
pbt,bintrie,5,4,storage_sstore_k1000,6,,3162,0,0,0.0828,1.7992,0.0047,0.3538,2.6372,0,4,0,0,0,0,0,0,0,0,0,0,4,0,0,0,0,0,0,0,0,0
pbt,bintrie,5,4,storage_sstore_k1000,6,,3163,0,0,0.0782,1.3253,0.0058,0.4395,2.3528,0,4,0,0,0,0,0,0,0,0,0,0,4,0,0,0,0,0,0,0,0,0
pbt,bintrie,5,4,storage_sstore_k1000,6,,3164,0,0,0.0936,2.0472,0.007,0.3436,3.0271,0,4,0,0,0,0,0,0,0,0,0,0,4,0,0,0,0,0,0,0,0,0
pbt,bintrie,5,4,storage_sstore_k1000,6,,3165,0,0,0.0881,1.3857,0.009,0.4317,2.3356,0,4,0,0,0,0,0,0,0,0,0,0,4,0,0,0,0,0,0,0,0,0
pbt,bintrie,5,4,storage_sstore_k1000,6,,3166,0,0,0.0388,0.5294,0.0029,0.173,0.9998,0,4,0,0,0,0,0,0,0,0,0,0,4,0,0,0,0,0,0,0,0,0
pbt,bintrie,5,4,storage_sstore_k1000,6,,3167,0,0,0.0805,1.362,0.0061,0.3462,2.2869,0,4,0,0,0,0,0,0,0,0,0,0,4,0,0,0,0,0,0,0,0,0
pbt,bintrie,5,4,storage_sstore_k1000,6,,3168,0,0,0.0901,1.4096,0.0073,0.3179,2.207,0,4,0,0,0,0,0,0,0,0,0,0,4,0,0,0,0,0,0,0,0,0
pbt,bintrie,5,4,storage_sstore_k1000,6,,3169,0,0,0.051,0.6965,0.0038,1.5554,3.4614,0,4,0,0,0,0,0,0,0,0,0,0,4,0,0,0,0,0,0,0,0,0
pbt,bintrie,5,4,storage_sstore_k1000,6,,3170,0,0,0.0432,0.6586,0.0035,0.5932,3.4947,0,4,0,0,0,0,0,0,0,0,0,0,4,0,0,0,0,0,0,0,0,0
pbt,bintrie,5,4,storage_sstore_k1000,6,,3171,0,0,0.1633,1.8856,0.0044,0.3377,2.9822,0,4,0,0,0,0,0,0,0,0,0,0,4,0,0,0,0,0,0,0,0,0
pbt,bintrie,5,4,storage_sstore_k1000,6,,3172,86966,2,1.2089,8.9828,37.0921,3.7061,52.6468,1.6519,11,0,0,0,3,0,0,0,1,166,6,5,54.55,0,0,0,0,0,0,0,0
pbt,bintrie,5,4,storage_sstore_k1000,6,,3173,99921136,1,184.1022,147.7437,233.9183,229.8103,798.0985,125.199,853,4227,847,23854,847,0,4222,0,0,0,496,357,58.15,2382,1845,56.35,847,0,100,23854,0
pbt,bintrie,5,4,storage_sstore_k1000,6,,3174,21000,1,0.2196,2.9426,46.6311,0.7522,70.9394,0.296,6,0,0,0,2,0,0,0,0,0,2,4,33.33,0,0,0,0,0,0,0,0
pbt,bintrie,5,4,storage_sstore_k1000,6,,3175,0,0,0.0426,0.7035,0.0029,0.1788,1.1894,0,4,0,0,0,0,0,0,0,0,0,0,4,0,0,0,0,0,0,0,0,0
pbt,bintrie,5,4,storage_sstore_k1000,6,,3176,0,0,0.1205,1.6648,0.009,0.6326,3.3284,0,4,0,0,0,0,0,0,0,0,0,0,4,0,0,0,0,0,0,0,0,0
pbt,bintrie,5,4,storage_sstore_k1000,7,,3177,0,0,0.1359,1.4624,0.0099,0.5291,2.7547,0,4,0,0,0,0,0,0,0,0,0,0,4,0,0,0,0,0,0,0,0,0
pbt,bintrie,5,4,storage_sstore_k1000,7,,3178,0,0,0.0831,1.2186,0.0067,2.9487,4.7001,0,4,0,0,0,0,0,0,0,0,0,0,4,0,0,0,0,0,0,0,0,0
pbt,bintrie,5,4,storage_sstore_k1000,7,,3179,0,0,0.0507,0.7857,0.0035,0.2368,2.9303,0,4,0,0,0,0,0,0,0,0,0,0,4,0,0,0,0,0,0,0,0,0
pbt,bintrie,5,4,storage_sstore_k1000,7,,3180,0,0,0.0499,1.4939,0.0041,0.1665,2.0244,0,4,0,0,0,0,0,0,0,0,0,0,4,0,0,0,0,0,0,0,0,0
pbt,bintrie,5,4,storage_sstore_k1000,7,,3181,0,0,0.0537,1.3758,0.0038,0.1776,2.0399,0,4,0,0,0,0,0,0,0,0,0,0,4,0,0,0,0,0,0,0,0,0
pbt,bintrie,5,4,storage_sstore_k1000,7,,3182,0,0,0.0242,0.3967,0.0012,0.1563,0.784,0,4,0,0,0,0,0,0,0,0,0,0,4,0,0,0,0,0,0,0,0,0
pbt,bintrie,5,4,storage_sstore_k1000,7,,3183,0,0,0.035,0.392,0.0018,0.1598,0.7854,0,4,0,0,0,0,0,0,0,0,0,0,4,0,0,0,0,0,0,0,0,0
pbt,bintrie,5,4,storage_sstore_k1000,7,,3184,0,0,0.084,1.3626,0.0073,0.6207,3.1082,0,4,0,0,0,0,0,0,0,0,0,0,4,0,0,0,0,0,0,0,0,0
pbt,bintrie,5,4,storage_sstore_k1000,7,,3185,0,0,0.0825,1.7555,0.007,0.3261,2.7133,0,4,0,0,0,0,0,0,0,0,0,0,4,0,0,0,0,0,0,0,0,0
pbt,bintrie,5,4,storage_sstore_k1000,7,,3186,0,0,0.0782,1.3623,0.0076,0.2969,2.2572,0,4,0,0,0,0,0,0,0,0,0,0,4,0,0,0,0,0,0,0,0,0
pbt,bintrie,5,4,storage_sstore_k1000,7,,3187,0,0,0.2222,1.5738,0.0079,0.5609,3.2176,0,4,0,0,0,0,0,0,0,0,0,0,4,0,0,0,0,0,0,0,0,0
pbt,bintrie,5,4,storage_sstore_k1000,7,,3188,0,0,0.0773,1.6966,0.0058,0.5667,2.9029,0,4,0,0,0,0,0,0,0,0,0,0,4,0,0,0,0,0,0,0,0,0
pbt,bintrie,5,4,storage_sstore_k1000,7,,3189,0,0,0.0601,0.525,0.0029,0.1832,0.9943,0,4,0,0,0,0,0,0,0,0,0,0,4,0,0,0,0,0,0,0,0,0
pbt,bintrie,5,4,storage_sstore_k1000,7,,3190,0,0,0.0799,1.3306,0.007,0.3097,2.1466,0,4,0,0,0,0,0,0,0,0,0,0,4,0,0,0,0,0,0,0,0,0
pbt,bintrie,5,4,storage_sstore_k1000,7,,3191,0,0,0.1205,1.6791,0.0085,0.4357,2.6588,0,4,0,0,0,0,0,0,0,0,0,0,4,0,0,0,0,0,0,0,0,0
pbt,bintrie,5,4,storage_sstore_k1000,7,,3192,0,0,0.0429,0.6857,0.0023,0.1657,1.0978,0,4,0,0,0,0,0,0,0,0,0,0,4,0,0,0,0,0,0,0,0,0
pbt,bintrie,5,4,storage_sstore_k1000,7,,3193,0,0,0.0309,0.6026,0.0026,0.1412,0.9015,0,4,0,0,0,0,0,0,0,0,0,0,4,0,0,0,0,0,0,0,0,0
pbt,bintrie,5,4,storage_sstore_k1000,7,,3194,0,0,0.0262,0.3532,0.0018,0.1368,0.6597,0,4,0,0,0,0,0,0,0,0,0,0,4,0,0,0,0,0,0,0,0,0
pbt,bintrie,5,4,storage_sstore_k1000,7,,3195,86966,2,0.5413,12.3442,30.9885,1.9944,46.4001,1.8743,11,0,0,0,3,0,0,0,1,166,5,6,45.45,0,0,0,0,0,0,0,0
pbt,bintrie,5,4,storage_sstore_k1000,7,,3196,99921136,1,167.0906,206.1957,190.1767,191.2244,755.5293,132.2531,853,4227,847,23854,847,0,4222,0,0,0,346,507,40.56,1505,2722,35.6,847,0,100,23854,0
pbt,bintrie,5,4,storage_sstore_k1000,7,,3197,21000,1,0.1178,1.1675,59.4028,0.6953,73.97,0.2839,6,0,0,0,2,0,0,0,0,0,2,4,33.33,0,0,0,0,0,0,0,0
pbt,bintrie,5,4,storage_sstore_k1000,7,,3198,0,0,0.0502,0.6306,0.007,0.5824,2.1396,0,4,0,0,0,0,0,0,0,0,0,0,4,0,0,0,0,0,0,0,0,0
pbt,bintrie,5,4,storage_sstore_k1000,7,,3199,0,0,0.1114,1.4708,0.007,0.5547,3.6551,0,4,0,0,0,0,0,0,0,0,0,0,4,0,0,0,0,0,0,0,0,0
pbt,bintrie,5,4,storage_sstore_k1000,8,,3200,0,0,0.0391,0.4774,0.002,0.1479,0.814,0,4,0,0,0,0,0,0,0,0,0,0,4,0,0,0,0,0,0,0,0,0
pbt,bintrie,5,4,storage_sstore_k1000,8,,3201,0,0,0.0376,0.7041,0.0035,0.1782,1.1448,0,4,0,0,0,0,0,0,0,0,0,0,4,0,0,0,0,0,0,0,0,0
pbt,bintrie,5,4,storage_sstore_k1000,8,,3202,0,0,0.0289,0.4824,0.0017,0.1231,0.7811,0,4,0,0,0,0,0,0,0,0,0,0,4,0,0,0,0,0,0,0,0,0
pbt,bintrie,5,4,storage_sstore_k1000,8,,3203,0,0,0.1662,2.34,0.0079,0.5011,5.6876,0,4,0,0,0,0,0,0,0,0,0,0,4,0,0,0,0,0,0,0,0,0
pbt,bintrie,5,4,storage_sstore_k1000,8,,3204,0,0,0.026,0.4521,0.002,0.1056,0.735,0,4,0,0,0,0,0,0,0,0,0,0,4,0,0,0,0,0,0,0,0,0
pbt,bintrie,5,4,storage_sstore_k1000,8,,3205,0,0,0.0373,0.623,0.0029,0.1785,1.0686,0,4,0,0,0,0,0,0,0,0,0,0,4,0,0,0,0,0,0,0,0,0
pbt,bintrie,5,4,storage_sstore_k1000,8,,3206,0,0,0.11,1.2673,0.005,0.2879,2.1589,0,4,0,0,0,0,0,0,0,0,0,0,4,0,0,0,0,0,0,0,0,0
pbt,bintrie,5,4,storage_sstore_k1000,8,,3207,0,0,0.0265,0.4279,0.0023,0.173,0.8274,0,4,0,0,0,0,0,0,0,0,0,0,4,0,0,0,0,0,0,0,0,0
pbt,bintrie,5,4,storage_sstore_k1000,8,,3208,0,0,0.084,1.8593,0.0047,0.366,2.8014,0,4,0,0,0,0,0,0,0,0,0,0,4,0,0,0,0,0,0,0,0,0
pbt,bintrie,5,4,storage_sstore_k1000,8,,3209,0,0,0.0962,1.4405,0.009,0.3045,2.326,0,4,0,0,0,0,0,0,0,0,0,0,4,0,0,0,0,0,0,0,0,0
pbt,bintrie,5,4,storage_sstore_k1000,8,,3210,0,0,0.0907,1.4108,0.0079,0.2966,2.1988,0,4,0,0,0,0,0,0,0,0,0,0,4,0,0,0,0,0,0,0,0,0
pbt,bintrie,5,4,storage_sstore_k1000,8,,3211,0,0,0.0828,1.4361,0.0067,0.3258,2.237,0,4,0,0,0,0,0,0,0,0,0,0,4,0,0,0,0,0,0,0,0,0
pbt,bintrie,5,4,storage_sstore_k1000,8,,3212,0,0,0.0537,0.9488,0.0044,0.2596,1.645,0,4,0,0,0,0,0,0,0,0,0,0,4,0,0,0,0,0,0,0,0,0
pbt,bintrie,5,4,storage_sstore_k1000,8,,3213,0,0,0.089,1.3702,0.0067,0.2844,2.0988,0,4,0,0,0,0,0,0,0,0,0,0,4,0,0,0,0,0,0,0,0,0
pbt,bintrie,5,4,storage_sstore_k1000,8,,3214,0,0,0.035,0.5682,0.0038,0.2292,1.1319,0,4,0,0,0,0,0,0,0,0,0,0,4,0,0,0,0,0,0,0,0,0
pbt,bintrie,5,4,storage_sstore_k1000,8,,3215,0,0,0.0341,0.4909,0.0061,0.5883,2.3219,0,4,0,0,0,0,0,0,0,0,0,0,4,0,0,0,0,0,0,0,0,0
pbt,bintrie,5,4,storage_sstore_k1000,8,,3216,0,0,0.0315,0.63,0.0073,3.2736,8.7679,0,4,0,0,0,0,0,0,0,0,0,0,4,0,0,0,0,0,0,0,0,0
pbt,bintrie,5,4,storage_sstore_k1000,8,,3217,0,0,0.0615,0.8061,0.0026,1.1795,4.2075,0,4,0,0,0,0,0,0,0,0,0,0,4,0,0,0,0,0,0,0,0,0
pbt,bintrie,5,4,storage_sstore_k1000,8,,3218,86966,2,0.6484,18.6878,8.1265,2.5964,32.0851,2.7105,11,0,0,0,3,0,0,0,1,166,5,6,45.45,0,0,0,0,0,0,0,0
pbt,bintrie,5,4,storage_sstore_k1000,8,,3219,99921136,1,104.4908,219.4913,217.6475,189.097,731.4639,136.6043,853,4227,847,23854,847,0,4222,0,0,0,163,690,19.11,749,3478,17.72,847,0,100,23854,0
pbt,bintrie,5,4,storage_sstore_k1000,8,,3220,21000,1,0.25,1.4974,56.7003,1.484,72.7882,0.2885,6,0,0,0,2,0,0,0,0,0,2,4,33.33,0,0,0,0,0,0,0,0
pbt,bintrie,5,4,storage_sstore_k1000,8,,3221,0,0,0.0805,1.3448,0.0093,0.336,13.9366,0,4,0,0,0,0,0,0,0,0,0,0,4,0,0,0,0,0,0,0,0,0
pbt,bintrie,5,4,storage_sstore_k1000,8,,3222,0,0,0.0612,0.854,0.0053,0.4162,2.0472,0,4,0,0,0,0,0,0,0,0,0,0,4,0,0,0,0,0,0,0,0,0
pbt,bintrie,5,4,storage_sstore_k1000,8,,3223,0,0,0.0997,1.6041,0.0096,0.6157,3.301,0,4,0,0,0,0,0,0,0,0,0,0,4,0,0,0,0,0,0,0,0,0
pbt,bintrie,5,4,storage_sstore_k1000,9,,3224,0,0,0.1954,1.547,0.0058,0.392,2.5663,0,4,0,0,0,0,0,0,0,0,0,0,4,0,0,0,0,0,0,0,0,0
pbt,bintrie,5,4,storage_sstore_k1000,9,,3225,0,0,0.0863,2.0474,0.0058,0.5577,3.3232,0,4,0,0,0,0,0,0,0,0,0,0,4,0,0,0,0,0,0,0,0,0
pbt,bintrie,5,4,storage_sstore_k1000,9,,3226,0,0,0.0356,0.6224,0.0023,0.1027,0.9951,0,4,0,0,0,0,0,0,0,0,0,0,4,0,0,0,0,0,0,0,0,0
pbt,bintrie,5,4,storage_sstore_k1000,9,,3227,0,0,0.0537,0.7685,0.0047,0.2782,2.6532,0,4,0,0,0,0,0,0,0,0,0,0,4,0,0,0,0,0,0,0,0,0
pbt,bintrie,5,4,storage_sstore_k1000,9,,3228,0,0,0.5644,1.7062,0.0026,1.6587,4.883,0,4,0,0,0,0,0,0,0,0,0,0,4,0,0,0,0,0,0,0,0,0
pbt,bintrie,5,4,storage_sstore_k1000,9,,3229,0,0,0.0385,0.6253,0.0029,0.1604,1.0462,0,4,0,0,0,0,0,0,0,0,0,0,4,0,0,0,0,0,0,0,0,0
pbt,bintrie,5,4,storage_sstore_k1000,9,,3230,0,0,0.149,11.709,0.012,0.5244,12.9325,0,4,0,0,0,0,0,0,0,0,0,0,4,0,0,0,0,0,0,0,0,0
pbt,bintrie,5,4,storage_sstore_k1000,9,,3231,0,0,0.0793,1.6511,0.0047,0.5054,2.7941,0,4,0,0,0,0,0,0,0,0,0,0,4,0,0,0,0,0,0,0,0,0
pbt,bintrie,5,4,storage_sstore_k1000,9,,3232,0,0,0.0633,1.2932,0.0038,0.2549,2.0352,0,4,0,0,0,0,0,0,0,0,0,0,4,0,0,0,0,0,0,0,0,0
pbt,bintrie,5,4,storage_sstore_k1000,9,,3233,0,0,0.0414,0.5346,0.0026,0.1458,0.9362,0,4,0,0,0,0,0,0,0,0,0,0,4,0,0,0,0,0,0,0,0,0
pbt,bintrie,5,4,storage_sstore_k1000,9,,3234,0,0,0.1047,1.5178,0.0079,0.4156,2.5194,0,4,0,0,0,0,0,0,0,0,0,0,4,0,0,0,0,0,0,0,0,0
pbt,bintrie,5,4,storage_sstore_k1000,9,,3235,0,0,0.0805,1.5178,0.0055,0.3042,2.2866,0,4,0,0,0,0,0,0,0,0,0,0,4,0,0,0,0,0,0,0,0,0
pbt,bintrie,5,4,storage_sstore_k1000,9,,3236,0,0,0.089,1.3819,0.0064,0.3538,2.1749,0,4,0,0,0,0,0,0,0,0,0,0,4,0,0,0,0,0,0,0,0,0
pbt,bintrie,5,4,storage_sstore_k1000,9,,3237,0,0,0.0869,1.3909,0.0052,0.3733,2.1565,0,4,0,0,0,0,0,0,0,0,0,0,4,0,0,0,0,0,0,0,0,0
pbt,bintrie,5,4,storage_sstore_k1000,9,,3238,0,0,0.0968,1.3533,0.0067,0.436,2.3505,0,4,0,0,0,0,0,0,0,0,0,0,4,0,0,0,0,0,0,0,0,0
pbt,bintrie,5,4,storage_sstore_k1000,9,,3239,0,0,0.0575,0.8158,0.0058,0.4515,2.9125,0,4,0,0,0,0,0,0,0,0,0,0,4,0,0,0,0,0,0,0,0,0
pbt,bintrie,5,4,storage_sstore_k1000,9,,3240,0,0,0.0633,0.6556,0.0035,0.1321,1.0657,0,4,0,0,0,0,0,0,0,0,0,0,4,0,0,0,0,0,0,0,0,0
pbt,bintrie,5,4,storage_sstore_k1000,9,,3241,0,0,0.0913,1.8838,0.0047,0.5273,2.9793,0,4,0,0,0,0,0,0,0,0,0,0,4,0,0,0,0,0,0,0,0,0
pbt,bintrie,5,4,storage_sstore_k1000,9,,3242,86966,2,1.2153,8.8142,1.4186,2.7781,15.8199,5.4973,11,0,0,0,3,0,0,0,1,166,4,7,36.36,0,0,0,0,0,0,0,0
pbt,bintrie,5,4,storage_sstore_k1000,9,,3243,99921136,1,131.5656,228.102,210.7186,227.6833,798.4923,125.1373,853,4227,847,23854,847,0,4222,0,0,0,372,481,43.61,1553,2674,36.74,847,0,100,23854,0
pbt,bintrie,5,4,storage_sstore_k1000,9,,3244,21000,1,0.2266,1.7545,70.0847,1.2151,83.8492,0.2504,6,0,0,0,2,0,0,0,0,0,2,4,33.33,0,0,0,0,0,0,0,0
pbt,bintrie,5,4,storage_sstore_k1000,9,,3245,0,0,0.1006,1.6108,0.009,0.4952,2.7078,0,4,0,0,0,0,0,0,0,0,0,0,4,0,0,0,0,0,0,0,0,0
pbt,bintrie,5,4,storage_sstore_k1000,9,,3246,0,0,0.1312,1.6068,0.0096,0.4947,2.7731,0,4,0,0,0,0,0,0,0,0,0,0,4,0,0,0,0,0,0,0,0,0
pbt,bintrie,5,4,storage_sstore_k4500,10,,3475,0,0,0.037,0.4013,0.0012,0.1359,0.7327,0,4,0,0,0,0,0,0,0,0,0,0,4,0,0,0,0,0,0,0,0,0
pbt,bintrie,5,4,storage_sstore_k4500,10,,3476,0,0,0.0481,0.7755,0.005,0.1718,1.2676,0,4,0,0,0,0,0,0,0,0,0,0,4,0,0,0,0,0,0,0,0,0
pbt,bintrie,5,4,storage_sstore_k4500,10,,3477,0,0,0.0265,0.476,0.0015,0.1178,0.751,0,4,0,0,0,0,0,0,0,0,0,0,4,0,0,0,0,0,0,0,0,0
pbt,bintrie,5,4,storage_sstore_k4500,10,,3478,0,0,0.3051,2.4602,0.0067,1.9241,9.9191,0,4,0,0,0,0,0,0,0,0,0,0,4,0,0,0,0,0,0,0,0,0
pbt,bintrie,5,4,storage_sstore_k4500,10,,3479,0,0,0.0467,1.379,0.002,0.152,1.7386,0,4,0,0,0,0,0,0,0,0,0,0,4,0,0,0,0,0,0,0,0,0
pbt,bintrie,5,4,storage_sstore_k4500,10,,3480,0,0,0.0933,1.5131,0.0085,0.3765,2.5135,0,4,0,0,0,0,0,0,0,0,0,0,4,0,0,0,0,0,0,0,0,0
pbt,bintrie,5,4,storage_sstore_k4500,10,,3481,0,0,0.0904,1.7841,0.0044,0.3885,2.7224,0,4,0,0,0,0,0,0,0,0,0,0,4,0,0,0,0,0,0,0,0,0
pbt,bintrie,5,4,storage_sstore_k4500,10,,3482,0,0,0.0916,1.9471,0.0047,0.415,2.8874,0,4,0,0,0,0,0,0,0,0,0,0,4,0,0,0,0,0,0,0,0,0
pbt,bintrie,5,4,storage_sstore_k4500,10,,3483,0,0,0.1021,1.5601,0.0073,0.2937,2.3534,0,4,0,0,0,0,0,0,0,0,0,0,4,0,0,0,0,0,0,0,0,0
pbt,bintrie,5,4,storage_sstore_k4500,10,,3484,0,0,0.0817,1.465,0.0053,0.2975,2.2604,0,4,0,0,0,0,0,0,0,0,0,0,4,0,0,0,0,0,0,0,0,0
pbt,bintrie,5,4,storage_sstore_k4500,10,,3485,0,0,0.0965,1.4749,0.0064,0.2966,2.3117,0,4,0,0,0,0,0,0,0,0,0,0,4,0,0,0,0,0,0,0,0,0
pbt,bintrie,5,4,storage_sstore_k4500,10,,3486,0,0,0.0863,1.8083,0.0041,0.4004,2.7638,0,4,0,0,0,0,0,0,0,0,0,0,4,0,0,0,0,0,0,0,0,0
pbt,bintrie,5,4,storage_sstore_k4500,10,,3487,0,0,0.0837,1.794,0.0044,0.4037,2.7515,0,4,0,0,0,0,0,0,0,0,0,0,4,0,0,0,0,0,0,0,0,0
pbt,bintrie,5,4,storage_sstore_k4500,10,,3488,0,0,0.0907,1.2422,0.0055,0.3226,2.1189,0,4,0,0,0,0,0,0,0,0,0,0,4,0,0,0,0,0,0,0,0,0
pbt,bintrie,5,4,storage_sstore_k4500,10,,3489,0,0,0.0432,0.7516,0.0055,0.2648,1.3583,0,4,0,0,0,0,0,0,0,0,0,0,4,0,0,0,0,0,0,0,0,0
pbt,bintrie,5,4,storage_sstore_k4500,10,,3490,0,0,0.0548,0.7892,0.0044,0.5043,6.5787,0,4,0,0,0,0,0,0,0,0,0,0,4,0,0,0,0,0,0,0,0,0
pbt,bintrie,5,4,storage_sstore_k4500,10,,3491,0,0,0.075,0.8971,0.0035,0.247,2.3464,0,4,0,0,0,0,0,0,0,0,0,0,4,0,0,0,0,0,0,0,0,0
pbt,bintrie,5,4,storage_sstore_k4500,10,,3492,0,0,0.0589,1.1462,0.0041,0.2351,1.7838,0,4,0,0,0,0,0,0,0,0,0,0,4,0,0,0,0,0,0,0,0,0
pbt,bintrie,5,4,storage_sstore_k4500,10,,3493,87010,2,0.1925,20.9721,6.0181,18.6761,46.0539,1.8893,11,0,0,0,3,0,0,0,1,168,5,6,45.45,0,0,0,0,0,0,0,0
pbt,bintrie,5,4,storage_sstore_k4500,10,,3494,99914556,1,162.267,555.04,745.8648,534.5291,1998.8564,49.9859,3194,3687,3188,89404,3188,0,3685,0,0,0,1595,1599,49.94,967,2720,26.23,3188,0,100,89404,0
pbt,bintrie,5,4,storage_sstore_k4500,10,,3495,21000,1,0.2812,2.8247,6.4765,2.2423,13.0878,1.6045,6,0,0,0,2,0,0,0,0,0,2,4,33.33,0,0,0,0,0,0,0,0
pbt,bintrie,5,4,storage_sstore_k4500,10,,3496,0,0,0.0373,0.6571,0.0026,0.1633,1.0666,0,4,0,0,0,0,0,0,0,0,0,0,4,0,0,0,0,0,0,0,0,0
pbt,bintrie,5,4,storage_sstore_k4500,10,,3497,0,0,0.098,1.6342,0.0055,0.506,2.6771,0,4,0,0,0,0,0,0,0,0,0,0,4,0,0,0,0,0,0,0,0,0
pbt,bintrie,5,4,storage_sstore_k4500,1,,3270,0,0,0.1006,1.3623,0.0044,0.4308,2.2405,0,4,0,0,0,0,0,0,0,0,0,0,4,0,0,0,0,0,0,0,0,0
pbt,bintrie,5,4,storage_sstore_k4500,1,,3271,0,0,0.0767,1.2807,0.0055,0.3156,2.1851,0,4,0,0,0,0,0,0,0,0,0,0,4,0,0,0,0,0,0,0,0,0
pbt,bintrie,5,4,storage_sstore_k4500,1,,3272,0,0,0.0872,0.8589,0.0023,0.7563,2.6976,0,4,0,0,0,0,0,0,0,0,0,0,4,0,0,0,0,0,0,0,0,0
pbt,bintrie,5,4,storage_sstore_k4500,1,,3273,0,0,0.0411,0.6227,0.0023,0.1312,1.0398,0,4,0,0,0,0,0,0,0,0,0,0,4,0,0,0,0,0,0,0,0,0
pbt,bintrie,5,4,storage_sstore_k4500,1,,3274,0,0,0.0292,0.4982,0.0018,0.1461,0.8026,0,4,0,0,0,0,0,0,0,0,0,0,4,0,0,0,0,0,0,0,0,0
pbt,bintrie,5,4,storage_sstore_k4500,1,,3275,0,0,0.0799,1.8762,0.0053,0.3692,2.8912,0,4,0,0,0,0,0,0,0,0,0,0,4,0,0,0,0,0,0,0,0,0
pbt,bintrie,5,4,storage_sstore_k4500,1,,3276,0,0,0.0481,0.8461,0.0032,0.1785,1.2938,0,4,0,0,0,0,0,0,0,0,0,0,4,0,0,0,0,0,0,0,0,0
pbt,bintrie,5,4,storage_sstore_k4500,1,,3277,0,0,0.086,1.9707,0.0044,0.4903,2.9455,0,4,0,0,0,0,0,0,0,0,0,0,4,0,0,0,0,0,0,0,0,0
pbt,bintrie,5,4,storage_sstore_k4500,1,,3278,0,0,0.0846,2.0632,0.0055,0.4308,3.0225,0,4,0,0,0,0,0,0,0,0,0,0,4,0,0,0,0,0,0,0,0,0
pbt,bintrie,5,4,storage_sstore_k4500,1,,3279,0,0,0.0884,1.8552,0.0053,0.4299,2.9755,0,4,0,0,0,0,0,0,0,0,0,0,4,0,0,0,0,0,0,0,0,0
pbt,bintrie,5,4,storage_sstore_k4500,1,,3280,0,0,0.0391,0.5941,0.0035,0.1864,1.0675,0,4,0,0,0,0,0,0,0,0,0,0,4,0,0,0,0,0,0,0,0,0
pbt,bintrie,5,4,storage_sstore_k4500,1,,3281,0,0,0.0356,0.5635,0.0041,0.1584,1.0899,0,4,0,0,0,0,0,0,0,0,0,0,4,0,0,0,0,0,0,0,0,0
pbt,bintrie,5,4,storage_sstore_k4500,1,,3282,0,0,0.0344,0.5262,0.0047,0.1607,0.9809,0,4,0,0,0,0,0,0,0,0,0,0,4,0,0,0,0,0,0,0,0,0
pbt,bintrie,5,4,storage_sstore_k4500,1,,3283,0,0,0.0904,1.8876,0.0061,0.4658,2.8498,0,4,0,0,0,0,0,0,0,0,0,0,4,0,0,0,0,0,0,0,0,0
pbt,bintrie,5,4,storage_sstore_k4500,1,,3284,0,0,0.2272,2.0101,0.0061,0.5982,3.6979,0,4,0,0,0,0,0,0,0,0,0,0,4,0,0,0,0,0,0,0,0,0
pbt,bintrie,5,4,storage_sstore_k4500,1,,3285,0,0,0.0239,0.4751,0.0015,0.0945,0.7187,0,4,0,0,0,0,0,0,0,0,0,0,4,0,0,0,0,0,0,0,0,0
pbt,bintrie,5,4,storage_sstore_k4500,1,,3286,0,0,0.0347,0.632,0.0032,0.1502,1.0529,0,4,0,0,0,0,0,0,0,0,0,0,4,0,0,0,0,0,0,0,0,0
pbt,bintrie,5,4,storage_sstore_k4500,1,,3287,87010,2,0.3529,13.6275,3.2637,3.9444,21.7009,4.0095,11,0,0,0,3,0,0,0,1,168,4,7,36.36,0,0,0,0,0,0,0,0
pbt,bintrie,5,4,storage_sstore_k4500,1,,3288,99914556,1,147.7648,650.2314,834.4935,375.8096,2009.1229,49.7304,3194,3687,3188,89404,3188,0,3685,0,0,0,1504,1690,47.09,733,2954,19.88,3188,0,100,89404,0
pbt,bintrie,5,4,storage_sstore_k4500,1,,3289,21000,1,0.1403,1.7599,16.9973,1.2556,20.5946,1.0197,6,0,0,0,2,0,0,0,0,0,2,4,33.33,0,0,0,0,0,0,0,0
pbt,bintrie,5,4,storage_sstore_k4500,1,,3290,0,0,0.1158,1.6759,0.0093,0.3506,2.5786,0,4,0,0,0,0,0,0,0,0,0,0,4,0,0,0,0,0,0,0,0,0
pbt,bintrie,5,4,storage_sstore_k4500,1,,3291,0,0,0.0764,1.7739,0.0047,0.4354,2.6617,0,4,0,0,0,0,0,0,0,0,0,0,4,0,0,0,0,0,0,0,0,0
pbt,bintrie,5,4,storage_sstore_k4500,2,,3292,0,0,0.049,0.5244,0.0023,0.1849,1.022,0,4,0,0,0,0,0,0,0,0,0,0,4,0,0,0,0,0,0,0,0,0
pbt,bintrie,5,4,storage_sstore_k4500,2,,3293,0,0,0.1245,1.4172,0.0061,0.2806,2.2189,0,4,0,0,0,0,0,0,0,0,0,0,4,0,0,0,0,0,0,0,0,0
pbt,bintrie,5,4,storage_sstore_k4500,2,,3294,0,0,0.1038,1.7424,0.0073,0.4162,2.6838,0,4,0,0,0,0,0,0,0,0,0,0,4,0,0,0,0,0,0,0,0,0
pbt,bintrie,5,4,storage_sstore_k4500,2,,3295,0,0,0.1797,2.403,0.0088,1.6429,9.4775,0,4,0,0,0,0,0,0,0,0,0,0,4,0,0,0,0,0,0,0,0,0
pbt,bintrie,5,4,storage_sstore_k4500,2,,3296,0,0,0.0586,1.0748,0.0044,0.271,1.8695,0,4,0,0,0,0,0,0,0,0,0,0,4,0,0,0,0,0,0,0,0,0
pbt,bintrie,5,4,storage_sstore_k4500,2,,3297,0,0,0.0884,1.4201,0.0067,0.3614,2.2814,0,4,0,0,0,0,0,0,0,0,0,0,4,0,0,0,0,0,0,0,0,0
pbt,bintrie,5,4,storage_sstore_k4500,2,,3298,0,0,0.0942,1.5362,0.0055,0.2911,2.377,0,4,0,0,0,0,0,0,0,0,0,0,4,0,0,0,0,0,0,0,0,0
pbt,bintrie,5,4,storage_sstore_k4500,2,,3299,0,0,0.0408,0.5684,0.0038,0.1496,0.9794,0,4,0,0,0,0,0,0,0,0,0,0,4,0,0,0,0,0,0,0,0,0
pbt,bintrie,5,4,storage_sstore_k4500,2,,3300,0,0,0.0965,1.425,0.0093,0.3135,2.2496,0,4,0,0,0,0,0,0,0,0,0,0,4,0,0,0,0,0,0,0,0,0
pbt,bintrie,5,4,storage_sstore_k4500,2,,3301,0,0,0.0773,1.6797,0.0044,0.5136,2.7781,0,4,0,0,0,0,0,0,0,0,0,0,4,0,0,0,0,0,0,0,0,0
pbt,bintrie,5,4,storage_sstore_k4500,2,,3302,0,0,0.0863,1.4945,0.0192,0.9211,6.2806,0,4,0,0,0,0,0,0,0,0,0,0,4,0,0,0,0,0,0,0,0,0
pbt,bintrie,5,4,storage_sstore_k4500,2,,3303,0,0,0.0843,1.4329,0.0055,0.4241,2.319,0,4,0,0,0,0,0,0,0,0,0,0,4,0,0,0,0,0,0,0,0,0
pbt,bintrie,5,4,storage_sstore_k4500,2,,3304,0,0,0.0828,1.8284,0.0058,0.3249,2.8052,0,4,0,0,0,0,0,0,0,0,0,0,4,0,0,0,0,0,0,0,0,0
pbt,bintrie,5,4,storage_sstore_k4500,2,,3305,0,0,0.0391,0.5577,0.002,0.2584,1.1068,0,4,0,0,0,0,0,0,0,0,0,0,4,0,0,0,0,0,0,0,0,0
pbt,bintrie,5,4,storage_sstore_k4500,2,,3306,0,0,0.056,0.8554,0.0047,0.2677,1.4283,0,4,0,0,0,0,0,0,0,0,0,0,4,0,0,0,0,0,0,0,0,0
pbt,bintrie,5,4,storage_sstore_k4500,2,,3307,0,0,0.0432,0.7464,0.0023,0.1665,1.1917,0,4,0,0,0,0,0,0,0,0,0,0,4,0,0,0,0,0,0,0,0,0
pbt,bintrie,5,4,storage_sstore_k4500,2,,3308,0,0,0.0674,0.8388,0.1193,0.2794,3.1164,0,4,0,0,0,0,0,0,0,0,0,0,4,0,0,0,0,0,0,0,0,0
pbt,bintrie,5,4,storage_sstore_k4500,2,,3309,87010,2,2.1682,35.4098,1.1168,7.5079,47.0257,1.8503,11,0,0,0,3,0,0,0,1,168,4,7,36.36,0,0,0,0,0,0,0,0
pbt,bintrie,5,4,storage_sstore_k4500,2,,3310,99914556,1,150.7857,333.2169,721.2515,437.1628,1643.8478,60.7809,3194,3687,3188,89404,3188,0,3685,0,0,0,1094,2100,34.25,1145,2542,31.06,3188,0,100,89404,0
pbt,bintrie,5,4,storage_sstore_k4500,2,,3311,21000,1,0.0656,0.7134,6.4428,0.8137,22.2924,0.942,6,0,0,0,2,0,0,0,0,0,2,4,33.33,0,0,0,0,0,0,0,0
pbt,bintrie,5,4,storage_sstore_k4500,2,,3312,0,0,0.0341,0.4439,0.0029,0.2056,0.9106,0,4,0,0,0,0,0,0,0,0,0,0,4,0,0,0,0,0,0,0,0,0
pbt,bintrie,5,4,storage_sstore_k4500,2,,3313,0,0,0.1333,1.7575,0.019,0.4818,2.9288,0,4,0,0,0,0,0,0,0,0,0,0,4,0,0,0,0,0,0,0,0,0
pbt,bintrie,5,4,storage_sstore_k4500,3,,3314,0,0,0.0528,0.5824,0.0023,0.2447,1.1278,0,4,0,0,0,0,0,0,0,0,0,0,4,0,0,0,0,0,0,0,0,0
pbt,bintrie,5,4,storage_sstore_k4500,3,,3315,0,0,0.0747,1.6514,0.0047,0.6075,2.7046,0,4,0,0,0,0,0,0,0,0,0,0,4,0,0,0,0,0,0,0,0,0
pbt,bintrie,5,4,storage_sstore_k4500,3,,3316,0,0,1.1308,1.4093,0.0023,0.1181,2.8483,0,4,0,0,0,0,0,0,0,0,0,0,4,0,0,0,0,0,0,0,0,0
pbt,bintrie,5,4,storage_sstore_k4500,3,,3317,0,0,0.0472,0.9438,0.0035,3.7408,5.5159,0,4,0,0,0,0,0,0,0,0,0,0,4,0,0,0,0,0,0,0,0,0
pbt,bintrie,5,4,storage_sstore_k4500,3,,3318,0,0,0.0645,1.1375,0.0029,0.2899,1.8488,0,4,0,0,0,0,0,0,0,0,0,0,4,0,0,0,0,0,0,0,0,0
pbt,bintrie,5,4,storage_sstore_k4500,3,,3319,0,0,0.079,1.2264,0.0029,0.3444,2.0556,0,4,0,0,0,0,0,0,0,0,0,0,4,0,0,0,0,0,0,0,0,0
pbt,bintrie,5,4,storage_sstore_k4500,3,,3320,0,0,0.0312,0.4518,0.0015,0.1989,0.9071,0,4,0,0,0,0,0,0,0,0,0,0,4,0,0,0,0,0,0,0,0,0
pbt,bintrie,5,4,storage_sstore_k4500,3,,3321,0,0,0.0773,1.299,0.0047,0.2817,2.0031,0,4,0,0,0,0,0,0,0,0,0,0,4,0,0,0,0,0,0,0,0,0
pbt,bintrie,5,4,storage_sstore_k4500,3,,3322,0,0,0.0726,1.2086,0.0029,0.3436,1.9095,0,4,0,0,0,0,0,0,0,0,0,0,4,0,0,0,0,0,0,0,0,0
pbt,bintrie,5,4,storage_sstore_k4500,3,,3323,0,0,0.084,1.899,0.0058,0.3191,2.7025,0,4,0,0,0,0,0,0,0,0,0,0,4,0,0,0,0,0,0,0,0,0
pbt,bintrie,5,4,storage_sstore_k4500,3,,3324,0,0,0.0989,1.4743,0.0088,0.4048,2.3683,0,4,0,0,0,0,0,0,0,0,0,0,4,0,0,0,0,0,0,0,0,0
pbt,bintrie,5,4,storage_sstore_k4500,3,,3325,0,0,0.0353,0.5451,0.0029,0.1464,0.9715,0,4,0,0,0,0,0,0,0,0,0,0,4,0,0,0,0,0,0,0,0,0
pbt,bintrie,5,4,storage_sstore_k4500,3,,3326,0,0,0.0557,0.9129,0.0038,0.2243,1.4332,0,4,0,0,0,0,0,0,0,0,0,0,4,0,0,0,0,0,0,0,0,0
pbt,bintrie,5,4,storage_sstore_k4500,3,,3327,0,0,0.0869,1.4364,0.0053,0.3179,2.1749,0,4,0,0,0,0,0,0,0,0,0,0,4,0,0,0,0,0,0,0,0,0
pbt,bintrie,5,4,storage_sstore_k4500,3,,3328,0,0,0.1505,1.4939,0.009,6.2885,11.2624,0,4,0,0,0,0,0,0,0,0,0,0,4,0,0,0,0,0,0,0,0,0
pbt,bintrie,5,4,storage_sstore_k4500,3,,3329,0,0,0.04,0.686,0.0029,0.1534,1.0552,0,4,0,0,0,0,0,0,0,0,0,0,4,0,0,0,0,0,0,0,0,0
pbt,bintrie,5,4,storage_sstore_k4500,3,,3330,0,0,0.07,1.7228,0.0055,0.3494,2.4219,0,4,0,0,0,0,0,0,0,0,0,0,4,0,0,0,0,0,0,0,0,0
pbt,bintrie,5,4,storage_sstore_k4500,3,,3331,87010,2,0.4206,11.1111,15.7187,4.5093,55.4669,1.5687,11,0,0,0,3,0,0,0,1,168,6,5,54.55,0,0,0,0,0,0,0,0
pbt,bintrie,5,4,storage_sstore_k4500,3,,3332,99914556,1,159.9364,521.8667,733.3571,405.4653,1821.4501,54.8544,3194,3687,3188,89404,3188,0,3685,0,0,0,1664,1530,52.1,894,2793,24.25,3188,0,100,89404,0
pbt,bintrie,5,4,storage_sstore_k4500,3,,3333,21000,1,0.07,0.6137,18.915,0.6956,20.4211,1.0283,6,0,0,0,2,0,0,0,0,0,2,4,33.33,0,0,0,0,0,0,0,0
pbt,bintrie,5,4,storage_sstore_k4500,3,,3334,0,0,0.0248,0.4935,0.002,0.1105,0.8134,0,4,0,0,0,0,0,0,0,0,0,0,4,0,0,0,0,0,0,0,0,0
pbt,bintrie,5,4,storage_sstore_k4500,4,,3335,0,0,0.1295,1.5023,0.0079,0.5766,2.7261,0,4,0,0,0,0,0,0,0,0,0,0,4,0,0,0,0,0,0,0,0,0
pbt,bintrie,5,4,storage_sstore_k4500,4,,3336,0,0,0.0414,0.7289,0.0029,0.2027,1.2673,0,4,0,0,0,0,0,0,0,0,0,0,4,0,0,0,0,0,0,0,0,0
pbt,bintrie,5,4,storage_sstore_k4500,4,,3337,0,0,0.0359,0.6577,0.0038,0.7796,3.716,0,4,0,0,0,0,0,0,0,0,0,0,4,0,0,0,0,0,0,0,0,0
pbt,bintrie,5,4,storage_sstore_k4500,4,,3338,0,0,0.0341,0.6507,0.0023,0.1887,1.0459,0,4,0,0,0,0,0,0,0,0,0,0,4,0,0,0,0,0,0,0,0,0
pbt,bintrie,5,4,storage_sstore_k4500,4,,3339,0,0,0.0744,0.9473,0.0044,2.2968,5.0483,0,4,0,0,0,0,0,0,0,0,0,0,4,0,0,0,0,0,0,0,0,0
pbt,bintrie,5,4,storage_sstore_k4500,4,,3340,0,0,0.0344,0.4932,0.0038,0.1785,0.9669,0,4,0,0,0,0,0,0,0,0,0,0,4,0,0,0,0,0,0,0,0,0
pbt,bintrie,5,4,storage_sstore_k4500,4,,3341,0,0,0.0828,1.4405,0.0076,0.3068,2.3088,0,4,0,0,0,0,0,0,0,0,0,0,4,0,0,0,0,0,0,0,0,0
pbt,bintrie,5,4,storage_sstore_k4500,4,,3342,0,0,0.0802,1.3052,0.0111,3.758,7.0847,0,4,0,0,0,0,0,0,0,0,0,0,4,0,0,0,0,0,0,0,0,0
pbt,bintrie,5,4,storage_sstore_k4500,4,,3343,0,0,0.0379,0.6399,0.0038,0.182,1.0923,0,4,0,0,0,0,0,0,0,0,0,0,4,0,0,0,0,0,0,0,0,0
pbt,bintrie,5,4,storage_sstore_k4500,4,,3344,0,0,0.0872,1.3664,0.0079,0.38,2.3441,0,4,0,0,0,0,0,0,0,0,0,0,4,0,0,0,0,0,0,0,0,0
pbt,bintrie,5,4,storage_sstore_k4500,4,,3345,0,0,0.0432,0.6002,0.0044,0.1721,1.0774,0,4,0,0,0,0,0,0,0,0,0,0,4,0,0,0,0,0,0,0,0,0
pbt,bintrie,5,4,storage_sstore_k4500,4,,3346,0,0,0.0274,0.4328,0.0012,0.1639,0.8015,0,4,0,0,0,0,0,0,0,0,0,0,4,0,0,0,0,0,0,0,0,0
pbt,bintrie,5,4,storage_sstore_k4500,4,,3347,0,0,0.0292,0.4445,0.002,0.1814,0.8516,0,4,0,0,0,0,0,0,0,0,0,0,4,0,0,0,0,0,0,0,0,0
pbt,bintrie,5,4,storage_sstore_k4500,4,,3348,0,0,0.0974,1.411,0.0058,0.3159,2.1393,0,4,0,0,0,0,0,0,0,0,0,0,4,0,0,0,0,0,0,0,0,0
pbt,bintrie,5,4,storage_sstore_k4500,4,,3349,0,0,0.0368,0.5142,0.0041,0.1817,0.9951,0,4,0,0,0,0,0,0,0,0,0,0,4,0,0,0,0,0,0,0,0,0
pbt,bintrie,5,4,storage_sstore_k4500,4,,3350,0,0,0.0289,0.5766,0.0018,0.1114,0.8656,0,4,0,0,0,0,0,0,0,0,0,0,4,0,0,0,0,0,0,0,0,0
pbt,bintrie,5,4,storage_sstore_k4500,4,,3351,0,0,0.0618,1.0086,0.0219,0.8869,3.3984,0,4,0,0,0,0,0,0,0,0,0,0,4,0,0,0,0,0,0,0,0,0
pbt,bintrie,5,4,storage_sstore_k4500,4,,3352,0,0,0.0974,2.0279,0.0076,0.3605,2.914,0,4,0,0,0,0,0,0,0,0,0,0,4,0,0,0,0,0,0,0,0,0
pbt,bintrie,5,4,storage_sstore_k4500,4,,3353,87010,2,0.4267,4.2993,64.5779,14.8647,89.04,0.9772,11,0,0,0,3,0,0,0,1,168,7,4,63.64,0,0,0,0,0,0,0,0
pbt,bintrie,5,4,storage_sstore_k4500,4,,3354,99914556,1,154.5929,527.4662,712.4991,441.2003,1837.733,54.3684,3194,3687,3188,89404,3188,0,3685,0,0,0,1519,1675,47.56,780,2907,21.16,3188,0,100,89404,0
pbt,bintrie,5,4,storage_sstore_k4500,4,,3355,21000,1,1.54,3.7055,82.1073,0.7843,89.4248,0.2348,6,0,0,0,2,0,0,0,0,0,0,6,0,0,0,0,0,0,0,0,0
pbt,bintrie,5,4,storage_sstore_k4500,4,,3356,0,0,0.1111,1.715,0.0076,0.4177,2.7641,0,4,0,0,0,0,0,0,0,0,0,0,4,0,0,0,0,0,0,0,0,0
pbt,bintrie,5,4,storage_sstore_k4500,4,,3357,0,0,0.0435,0.8096,0.0044,0.1872,1.2798,0,4,0,0,0,0,0,0,0,0,0,0,4,0,0,0,0,0,0,0,0,0
pbt,bintrie,5,4,storage_sstore_k4500,5,,3358,0,0,0.121,1.3848,0.0064,0.4754,2.4249,0,4,0,0,0,0,0,0,0,0,0,0,4,0,0,0,0,0,0,0,0,0
pbt,bintrie,5,4,storage_sstore_k4500,5,,3359,0,0,0.131,2.1583,0.0067,0.3929,3.3083,0,4,0,0,0,0,0,0,0,0,0,0,4,0,0,0,0,0,0,0,0,0
pbt,bintrie,5,4,storage_sstore_k4500,5,,3360,0,0,0.0236,0.4439,0.0015,0.1018,0.7315,0,4,0,0,0,0,0,0,0,0,0,0,4,0,0,0,0,0,0,0,0,0
pbt,bintrie,5,4,storage_sstore_k4500,5,,3361,0,0,0.0297,0.5941,0.0018,0.1601,0.9858,0,4,0,0,0,0,0,0,0,0,0,0,4,0,0,0,0,0,0,0,0,0
pbt,bintrie,5,4,storage_sstore_k4500,5,,3362,0,0,0.0531,0.7577,0.0064,0.4317,5.3476,0,4,0,0,0,0,0,0,0,0,0,0,4,0,0,0,0,0,0,0,0,0
pbt,bintrie,5,4,storage_sstore_k4500,5,,3363,0,0,0.1135,1.2308,0.0058,0.3004,2.1209,0,4,0,0,0,0,0,0,0,0,0,0,4,0,0,0,0,0,0,0,0,0
pbt,bintrie,5,4,storage_sstore_k4500,5,,3364,0,0,0.0785,1.4431,0.0061,0.3334,2.2601,0,4,0,0,0,0,0,0,0,0,0,0,4,0,0,0,0,0,0,0,0,0
pbt,bintrie,5,4,storage_sstore_k4500,5,,3365,0,0,0.0817,1.7012,0.0055,0.3127,2.4809,0,4,0,0,0,0,0,0,0,0,0,0,4,0,0,0,0,0,0,0,0,0
pbt,bintrie,5,4,storage_sstore_k4500,5,,3366,0,0,0.0919,1.8655,0.0058,0.2882,2.8962,0,4,0,0,0,0,0,0,0,0,0,0,4,0,0,0,0,0,0,0,0,0
pbt,bintrie,5,4,storage_sstore_k4500,5,,3367,0,0,0.124,1.7298,0.005,0.357,2.6474,0,4,0,0,0,0,0,0,0,0,0,0,4,0,0,0,0,0,0,0,0,0
pbt,bintrie,5,4,storage_sstore_k4500,5,,3368,0,0,0.3065,3.8587,0.0061,0.324,5.3272,0,4,0,0,0,0,0,0,0,0,0,0,4,0,0,0,0,0,0,0,0,0
pbt,bintrie,5,4,storage_sstore_k4500,5,,3369,0,0,0.0295,0.4696,0.0032,0.1377,0.8896,0,4,0,0,0,0,0,0,0,0,0,0,4,0,0,0,0,0,0,0,0,0
pbt,bintrie,5,4,storage_sstore_k4500,5,,3370,0,0,0.0796,1.7325,0.0041,0.4279,2.858,0,4,0,0,0,0,0,0,0,0,0,0,4,0,0,0,0,0,0,0,0,0
pbt,bintrie,5,4,storage_sstore_k4500,5,,3371,0,0,0.1347,1.9448,0.0052,0.3751,3.0053,0,4,0,0,0,0,0,0,0,0,0,0,4,0,0,0,0,0,0,0,0,0
pbt,bintrie,5,4,storage_sstore_k4500,5,,3372,0,0,0.0292,0.4042,0.0041,0.1776,0.9389,0,4,0,0,0,0,0,0,0,0,0,0,4,0,0,0,0,0,0,0,0,0
pbt,bintrie,5,4,storage_sstore_k4500,5,,3373,0,0,0.0449,0.8654,0.0058,0.4853,1.7272,0,4,0,0,0,0,0,0,0,0,0,0,4,0,0,0,0,0,0,0,0,0
pbt,bintrie,5,4,storage_sstore_k4500,5,,3374,0,0,0.068,0.9753,0.0035,0.1587,1.404,0,4,0,0,0,0,0,0,0,0,0,0,4,0,0,0,0,0,0,0,0,0
pbt,bintrie,5,4,storage_sstore_k4500,5,,3375,0,0,0.0735,0.9123,0.0047,0.7694,4.0978,0,4,0,0,0,0,0,0,0,0,0,0,4,0,0,0,0,0,0,0,0,0
pbt,bintrie,5,4,storage_sstore_k4500,5,,3376,87010,2,0.5437,4.3982,69.1725,16.5808,96.4354,0.9023,11,0,0,0,3,0,0,0,1,168,5,6,45.45,0,0,0,0,0,0,0,0
pbt,bintrie,5,4,storage_sstore_k4500,5,,3377,99914556,1,163.3458,517.3161,679.107,462.8726,1823.3281,54.7979,3194,3687,3188,89404,3188,0,3685,0,0,0,1670,1524,52.29,1033,2654,28.02,3188,0,100,89404,0
pbt,bintrie,5,4,storage_sstore_k4500,5,,3378,21000,1,1.8048,3.8327,94.7009,1.6423,102.842,0.2042,6,0,0,0,2,0,0,0,0,0,0,6,0,0,0,0,0,0,0,0,0
pbt,bintrie,5,4,storage_sstore_k4500,5,,3379,0,0,0.1108,2.1417,0.0134,0.5507,3.4649,0,4,0,0,0,0,0,0,0,0,0,0,4,0,0,0,0,0,0,0,0,0
pbt,bintrie,5,4,storage_sstore_k4500,5,,3380,0,0,0.1415,1.8191,0.0096,0.4115,2.9032,0,4,0,0,0,0,0,0,0,0,0,0,4,0,0,0,0,0,0,0,0,0
pbt,bintrie,5,4,storage_sstore_k4500,6,,3381,0,0,0.0682,0.6592,0.0035,0.2275,1.1853,0,4,0,0,0,0,0,0,0,0,0,0,4,0,0,0,0,0,0,0,0,0
pbt,bintrie,5,4,storage_sstore_k4500,6,,3382,0,0,0.0303,0.5171,0.0012,0.1692,0.9164,0,4,0,0,0,0,0,0,0,0,0,0,4,0,0,0,0,0,0,0,0,0
pbt,bintrie,5,4,storage_sstore_k4500,6,,3383,0,0,0.0277,0.5883,0.0026,0.1342,0.9368,0,4,0,0,0,0,0,0,0,0,0,0,4,0,0,0,0,0,0,0,0,0
pbt,bintrie,5,4,storage_sstore_k4500,6,,3384,0,0,0.1073,3.1995,0.0058,0.5451,4.1217,0,4,0,0,0,0,0,0,0,0,0,0,4,0,0,0,0,0,0,0,0,0
pbt,bintrie,5,4,storage_sstore_k4500,6,,3385,0,0,0.126,1.3682,0.0053,0.3083,3.7522,0,4,0,0,0,0,0,0,0,0,0,0,4,0,0,0,0,0,0,0,0,0
pbt,bintrie,5,4,storage_sstore_k4500,6,,3386,0,0,0.0913,1.4851,0.0058,0.3351,2.4167,0,4,0,0,0,0,0,0,0,0,0,0,4,0,0,0,0,0,0,0,0,0
pbt,bintrie,5,4,storage_sstore_k4500,6,,3387,0,0,0.03,0.3783,0.0055,0.4582,1.1246,0,4,0,0,0,0,0,0,0,0,0,0,4,0,0,0,0,0,0,0,0,0
pbt,bintrie,5,4,storage_sstore_k4500,6,,3388,0,0,0.1021,1.8208,0.0044,0.4427,2.9758,0,4,0,0,0,0,0,0,0,0,0,0,4,0,0,0,0,0,0,0,0,0
pbt,bintrie,5,4,storage_sstore_k4500,6,,3389,0,0,0.0321,0.4235,0.0023,0.1709,0.8108,0,4,0,0,0,0,0,0,0,0,0,0,4,0,0,0,0,0,0,0,0,0
pbt,bintrie,5,4,storage_sstore_k4500,6,,3390,0,0,0.0665,1.0835,0.0055,0.2925,1.9066,0,4,0,0,0,0,0,0,0,0,0,0,4,0,0,0,0,0,0,0,0,0
pbt,bintrie,5,4,storage_sstore_k4500,6,,3391,0,0,0.0289,0.4334,0.0018,0.1289,0.793,0,4,0,0,0,0,0,0,0,0,0,0,4,0,0,0,0,0,0,0,0,0
pbt,bintrie,5,4,storage_sstore_k4500,6,,3392,0,0,0.0767,1.8809,0.005,0.3783,2.893,0,4,0,0,0,0,0,0,0,0,0,0,4,0,0,0,0,0,0,0,0,0
pbt,bintrie,5,4,storage_sstore_k4500,6,,3393,0,0,0.0327,0.4182,0.0038,0.1808,0.8327,0,4,0,0,0,0,0,0,0,0,0,0,4,0,0,0,0,0,0,0,0,0
pbt,bintrie,5,4,storage_sstore_k4500,6,,3394,0,0,0.0633,1.1092,0.0029,0.4214,1.92,0,4,0,0,0,0,0,0,0,0,0,0,4,0,0,0,0,0,0,0,0,0
pbt,bintrie,5,4,storage_sstore_k4500,6,,3395,0,0,0.1222,2.6182,0.0079,0.5387,4.0258,0,4,0,0,0,0,0,0,0,0,0,0,4,0,0,0,0,0,0,0,0,0
pbt,bintrie,5,4,storage_sstore_k4500,6,,3396,0,0,0.0645,0.8619,0.0044,0.3156,3.2085,0,4,0,0,0,0,0,0,0,0,0,0,4,0,0,0,0,0,0,0,0,0
pbt,bintrie,5,4,storage_sstore_k4500,6,,3397,0,0,0.131,2.795,0.0026,0.1318,3.3975,0,4,0,0,0,0,0,0,0,0,0,0,4,0,0,0,0,0,0,0,0,0
pbt,bintrie,5,4,storage_sstore_k4500,6,,3398,0,0,0.0808,2.0119,0.0064,0.5451,3.1875,0,4,0,0,0,0,0,0,0,0,0,0,4,0,0,0,0,0,0,0,0,0
pbt,bintrie,5,4,storage_sstore_k4500,6,,3399,87010,2,1.5691,9.5726,3.2727,20.0991,39.4198,2.2073,11,0,0,0,3,0,0,0,1,168,4,7,36.36,0,0,0,0,0,0,0,0
pbt,bintrie,5,4,storage_sstore_k4500,6,,3400,99914556,1,149.5483,460.0074,872.5276,501.1889,1983.8508,50.3639,3194,3687,3188,89404,3188,0,3685,0,0,0,1534,1660,48.03,1158,2529,31.41,3188,0,100,89404,0
pbt,bintrie,5,4,storage_sstore_k4500,6,,3401,21000,1,0.0989,0.9001,5.181,1.6321,8.0192,2.6187,6,0,0,0,2,0,0,0,0,0,2,4,33.33,0,0,0,0,0,0,0,0
pbt,bintrie,5,4,storage_sstore_k4500,6,,3402,0,0,0.0583,0.8799,0.0044,0.2829,1.5088,0,4,0,0,0,0,0,0,0,0,0,0,4,0,0,0,0,0,0,0,0,0
pbt,bintrie,5,4,storage_sstore_k4500,6,,3403,0,0,0.068,1.4253,0.0035,0.2887,2.1568,0,4,0,0,0,0,0,0,0,0,0,0,4,0,0,0,0,0,0,0,0,0
pbt,bintrie,5,4,storage_sstore_k4500,7,,3404,0,0,0.1181,1.5134,0.0082,0.4859,2.5237,0,4,0,0,0,0,0,0,0,0,0,0,4,0,0,0,0,0,0,0,0,0
pbt,bintrie,5,4,storage_sstore_k4500,7,,3405,0,0,0.0773,1.7887,0.0061,0.5679,3.0846,0,4,0,0,0,0,0,0,0,0,0,0,4,0,0,0,0,0,0,0,0,0
pbt,bintrie,5,4,storage_sstore_k4500,7,,3406,0,0,0.0324,0.6268,0.0023,0.1788,0.973,0,4,0,0,0,0,0,0,0,0,0,0,4,0,0,0,0,0,0,0,0,0
pbt,bintrie,5,4,storage_sstore_k4500,7,,3407,0,0,0.0525,0.9747,0.0047,1.3486,4.8521,0,4,0,0,0,0,0,0,0,0,0,0,4,0,0,0,0,0,0,0,0,0
pbt,bintrie,5,4,storage_sstore_k4500,7,,3408,0,0,0.0204,0.3914,0.0015,0.1105,0.6303,0,4,0,0,0,0,0,0,0,0,0,0,4,0,0,0,0,0,0,0,0,0
pbt,bintrie,5,4,storage_sstore_k4500,7,,3409,0,0,0.0703,1.311,0.0041,0.3523,2.0209,0,4,0,0,0,0,0,0,0,0,0,0,4,0,0,0,0,0,0,0,0,0
pbt,bintrie,5,4,storage_sstore_k4500,7,,3410,0,0,0.0271,0.4416,0.0017,0.159,0.8753,0,4,0,0,0,0,0,0,0,0,0,0,4,0,0,0,0,0,0,0,0,0
pbt,bintrie,5,4,storage_sstore_k4500,7,,3411,0,0,0.1117,1.75,0.0044,0.3132,2.5695,0,4,0,0,0,0,0,0,0,0,0,0,4,0,0,0,0,0,0,0,0,0
pbt,bintrie,5,4,storage_sstore_k4500,7,,3412,0,0,0.0295,0.429,0.0023,0.1347,0.7991,0,4,0,0,0,0,0,0,0,0,0,0,4,0,0,0,0,0,0,0,0,0
pbt,bintrie,5,4,storage_sstore_k4500,7,,3413,0,0,0.0927,1.4886,0.0073,0.4095,2.3741,0,4,0,0,0,0,0,0,0,0,0,0,4,0,0,0,0,0,0,0,0,0
pbt,bintrie,5,4,storage_sstore_k4500,7,,3414,0,0,0.091,1.9471,0.0061,0.3675,2.8113,0,4,0,0,0,0,0,0,0,0,0,0,4,0,0,0,0,0,0,0,0,0
pbt,bintrie,5,4,storage_sstore_k4500,7,,3415,0,0,0.0347,0.4276,0.0018,0.1759,0.877,0,4,0,0,0,0,0,0,0,0,0,0,4,0,0,0,0,0,0,0,0,0
pbt,bintrie,5,4,storage_sstore_k4500,7,,3416,0,0,0.0274,0.4401,0.0012,0.1342,0.7892,0,4,0,0,0,0,0,0,0,0,0,0,4,0,0,0,0,0,0,0,0,0
pbt,bintrie,5,4,storage_sstore_k4500,7,,3417,0,0,0.114,1.677,0.0073,0.3415,2.6707,0,4,0,0,0,0,0,0,0,0,0,0,4,0,0,0,0,0,0,0,0,0
pbt,bintrie,5,4,storage_sstore_k4500,7,,3418,0,0,0.0513,1.0229,0.0047,0.2701,1.7415,0,4,0,0,0,0,0,0,0,0,0,0,4,0,0,0,0,0,0,0,0,0
pbt,bintrie,5,4,storage_sstore_k4500,7,,3419,0,0,0.0682,0.9657,0.0076,6.504,13.3612,0,4,0,0,0,0,0,0,0,0,0,0,4,0,0,0,0,0,0,0,0,0
pbt,bintrie,5,4,storage_sstore_k4500,7,,3420,0,0,0.0577,1.1133,0.0035,0.7895,4.7109,0,4,0,0,0,0,0,0,0,0,0,0,4,0,0,0,0,0,0,0,0,0
pbt,bintrie,5,4,storage_sstore_k4500,7,,3421,0,0,0.049,0.5597,0.0041,0.1712,1.1095,0,4,0,0,0,0,0,0,0,0,0,0,4,0,0,0,0,0,0,0,0,0
pbt,bintrie,5,4,storage_sstore_k4500,7,,3422,87010,2,0.2692,1.2608,0.5431,8.2344,19.7229,4.4116,11,0,0,0,3,0,0,0,1,168,6,5,54.55,0,0,0,0,0,0,0,0
pbt,bintrie,5,4,storage_sstore_k4500,7,,3423,99914556,1,155.8786,439.1195,623.7946,470.6715,1690.2137,59.1136,3194,3687,3188,89404,3188,0,3685,0,0,0,1276,1918,39.95,807,2880,21.89,3188,0,100,89404,0
pbt,bintrie,5,4,storage_sstore_k4500,7,,3424,21000,1,0.1913,1.2328,16.1574,4.0932,22.1936,0.9462,6,0,0,0,2,0,0,0,0,0,2,4,33.33,0,0,0,0,0,0,0,0
pbt,bintrie,5,4,storage_sstore_k4500,7,,3425,0,0,0.077,2.0772,0.005,0.5384,3.0796,0,4,0,0,0,0,0,0,0,0,0,0,4,0,0,0,0,0,0,0,0,0
pbt,bintrie,5,4,storage_sstore_k4500,7,,3426,0,0,0.0872,1.7479,0.0064,0.5781,2.9886,0,4,0,0,0,0,0,0,0,0,0,0,4,0,0,0,0,0,0,0,0,0
pbt,bintrie,5,4,storage_sstore_k4500,7,,3427,0,0,0.0569,1.339,0.0029,0.2234,1.9573,0,4,0,0,0,0,0,0,0,0,0,0,4,0,0,0,0,0,0,0,0,0
pbt,bintrie,5,4,storage_sstore_k4500,8,,3428,0,0,0.0376,0.4976,0.0015,0.1219,0.8406,0,4,0,0,0,0,0,0,0,0,0,0,4,0,0,0,0,0,0,0,0,0
pbt,bintrie,5,4,storage_sstore_k4500,8,,3429,0,0,0.1076,1.5531,0.0143,0.8525,6.735,0,4,0,0,0,0,0,0,0,0,0,0,4,0,0,0,0,0,0,0,0,0
pbt,bintrie,5,4,storage_sstore_k4500,8,,3430,0,0,0.0388,0.4124,0.0012,0.1324,0.856,0,4,0,0,0,0,0,0,0,0,0,0,4,0,0,0,0,0,0,0,0,0
pbt,bintrie,5,4,storage_sstore_k4500,8,,3431,0,0,0.0376,0.7732,0.0032,0.142,1.1063,0,4,0,0,0,0,0,0,0,0,0,0,4,0,0,0,0,0,0,0,0,0
pbt,bintrie,5,4,storage_sstore_k4500,8,,3432,0,0,0.0394,0.6892,0.005,1.0208,4.717,0,4,0,0,0,0,0,0,0,0,0,0,4,0,0,0,0,0,0,0,0,0
pbt,bintrie,5,4,storage_sstore_k4500,8,,3433,0,0,0.0338,0.4573,0.0017,0.1362,0.8464,0,4,0,0,0,0,0,0,0,0,0,0,4,0,0,0,0,0,0,0,0,0
pbt,bintrie,5,4,storage_sstore_k4500,8,,3434,0,0,0.0796,1.9932,0.0058,0.5988,3.2153,0,4,0,0,0,0,0,0,0,0,0,0,4,0,0,0,0,0,0,0,0,0
pbt,bintrie,5,4,storage_sstore_k4500,8,,3435,0,0,0.4025,2.2741,0.0093,0.7875,4.2139,0,4,0,0,0,0,0,0,0,0,0,0,4,0,0,0,0,0,0,0,0,0
pbt,bintrie,5,4,storage_sstore_k4500,8,,3436,0,0,0.0277,0.3969,0.0029,0.1572,0.8228,0,4,0,0,0,0,0,0,0,0,0,0,4,0,0,0,0,0,0,0,0,0
pbt,bintrie,5,4,storage_sstore_k4500,8,,3437,0,0,0.0292,0.4019,0.0009,0.2117,0.8785,0,4,0,0,0,0,0,0,0,0,0,0,4,0,0,0,0,0,0,0,0,0
pbt,bintrie,5,4,storage_sstore_k4500,8,,3438,0,0,0.091,1.4845,0.0061,0.3587,2.3377,0,4,0,0,0,0,0,0,0,0,0,0,4,0,0,0,0,0,0,0,0,0
pbt,bintrie,5,4,storage_sstore_k4500,8,,3439,0,0,0.0773,1.4732,0.0058,0.2785,2.1664,0,4,0,0,0,0,0,0,0,0,0,0,4,0,0,0,0,0,0,0,0,0
pbt,bintrie,5,4,storage_sstore_k4500,8,,3440,0,0,0.084,1.47,0.0079,0.3165,2.2895,0,4,0,0,0,0,0,0,0,0,0,0,4,0,0,0,0,0,0,0,0,0
pbt,bintrie,5,4,storage_sstore_k4500,8,,3441,0,0,0.0519,1.0118,0.0038,0.2386,1.5928,0,4,0,0,0,0,0,0,0,0,0,0,4,0,0,0,0,0,0,0,0,0
pbt,bintrie,5,4,storage_sstore_k4500,8,,3442,0,0,0.068,0.6568,0.005,0.2138,1.1961,0,4,0,0,0,0,0,0,0,0,0,0,4,0,0,0,0,0,0,0,0,0
pbt,bintrie,5,4,storage_sstore_k4500,8,,3443,0,0,0.0362,0.611,0.002,0.1925,1.0646,0,4,0,0,0,0,0,0,0,0,0,0,4,0,0,0,0,0,0,0,0,0
pbt,bintrie,5,4,storage_sstore_k4500,8,,3444,0,0,0.1779,2.5296,0.0088,0.5655,5.1501,0,4,0,0,0,0,0,0,0,0,0,0,4,0,0,0,0,0,0,0,0,0
pbt,bintrie,5,4,storage_sstore_k4500,8,,3445,0,0,0.068,0.8301,0.0044,0.2392,3.5034,0,4,0,0,0,0,0,0,0,0,0,0,4,0,0,0,0,0,0,0,0,0
pbt,bintrie,5,4,storage_sstore_k4500,8,,3446,0,0,0.0986,2.0087,0.0067,0.6772,3.3605,0,4,0,0,0,0,0,0,0,0,0,0,4,0,0,0,0,0,0,0,0,0
pbt,bintrie,5,4,storage_sstore_k4500,8,,3447,87010,2,0.45,1.3518,18.7733,8.025,30.0398,2.8965,11,0,0,0,3,0,0,0,1,168,4,7,36.36,0,0,0,0,0,0,0,0
pbt,bintrie,5,4,storage_sstore_k4500,8,,3448,0,0,0.0715,1.3139,0.0201,0.4745,2.5161,0,4,0,0,0,0,0,0,0,0,0,0,4,0,0,0,0,0,0,0,0,0
pbt,bintrie,5,4,storage_sstore_k4500,8,,3449,99914556,1,157.0523,525.1567,799.9042,530.3726,2013.1972,49.6298,3194,3687,3188,89404,3188,0,3685,0,0,0,1617,1577,50.63,994,2693,26.96,3188,0,100,89404,0
pbt,bintrie,5,4,storage_sstore_k4500,8,,3450,21000,1,1.003,3.2389,76.941,2.2219,90.1138,0.233,6,0,0,0,2,0,0,0,0,0,0,6,0,0,0,0,0,0,0,0,0
pbt,bintrie,5,4,storage_sstore_k4500,8,,3451,0,0,0.0595,0.4509,0.0038,0.1534,0.9596,0,4,0,0,0,0,0,0,0,0,0,0,4,0,0,0,0,0,0,0,0,0
pbt,bintrie,5,4,storage_sstore_k4500,8,,3452,0,0,0.0604,1.2308,0.0032,0.2532,1.9095,0,4,0,0,0,0,0,0,0,0,0,0,4,0,0,0,0,0,0,0,0,0
pbt,bintrie,5,4,storage_sstore_k4500,9,,3453,0,0,0.0645,0.7609,0.0038,0.2202,1.3151,0,4,0,0,0,0,0,0,0,0,0,0,4,0,0,0,0,0,0,0,0,0
pbt,bintrie,5,4,storage_sstore_k4500,9,,3454,0,0,0.0586,1.2801,0.0032,0.3605,2.1332,0,4,0,0,0,0,0,0,0,0,0,0,4,0,0,0,0,0,0,0,0,0
pbt,bintrie,5,4,storage_sstore_k4500,9,,3455,0,0,0.0289,0.5539,0.0029,0.1097,0.8099,0,4,0,0,0,0,0,0,0,0,0,0,4,0,0,0,0,0,0,0,0,0
pbt,bintrie,5,4,storage_sstore_k4500,9,,3456,0,0,0.1257,1.6633,0.0026,0.1493,2.2557,0,4,0,0,0,0,0,0,0,0,0,0,4,0,0,0,0,0,0,0,0,0
pbt,bintrie,5,4,storage_sstore_k4500,9,,3457,0,0,0.0977,0.6942,0.0023,0.1155,1.157,0,4,0,0,0,0,0,0,0,0,0,0,4,0,0,0,0,0,0,0,0,0
pbt,bintrie,5,4,storage_sstore_k4500,9,,3458,0,0,0.063,1.267,0.0038,0.4203,2.1382,0,4,0,0,0,0,0,0,0,0,0,0,4,0,0,0,0,0,0,0,0,0
pbt,bintrie,5,4,storage_sstore_k4500,9,,3459,0,0,0.0831,1.9789,0.0053,0.4357,3.0088,0,4,0,0,0,0,0,0,0,0,0,0,4,0,0,0,0,0,0,0,0,0
pbt,bintrie,5,4,storage_sstore_k4500,9,,3460,0,0,0.0709,1.2547,0.0055,0.3293,2.0381,0,4,0,0,0,0,0,0,0,0,0,0,4,0,0,0,0,0,0,0,0,0
pbt,bintrie,5,4,storage_sstore_k4500,9,,3461,0,0,0.0895,1.5195,0.0055,0.2975,2.3916,0,4,0,0,0,0,0,0,0,0,0,0,4,0,0,0,0,0,0,0,0,0
pbt,bintrie,5,4,storage_sstore_k4500,9,,3462,0,0,0.0397,0.6198,0.0047,0.2205,1.1789,0,4,0,0,0,0,0,0,0,0,0,0,4,0,0,0,0,0,0,0,0,0
pbt,bintrie,5,4,storage_sstore_k4500,9,,3463,0,0,0.1622,2.3735,0.0064,0.4308,3.5405,0,4,0,0,0,0,0,0,0,0,0,0,4,0,0,0,0,0,0,0,0,0
pbt,bintrie,5,4,storage_sstore_k4500,9,,3464,0,0,0.1053,1.6496,0.007,0.3532,2.5476,0,4,0,0,0,0,0,0,0,0,0,0,4,0,0,0,0,0,0,0,0,0
pbt,bintrie,5,4,storage_sstore_k4500,9,,3465,0,0,0.0817,1.4915,0.0058,0.2873,2.1898,0,4,0,0,0,0,0,0,0,0,0,0,4,0,0,0,0,0,0,0,0,0
pbt,bintrie,5,4,storage_sstore_k4500,9,,3466,0,0,0.0423,0.6323,0.0029,0.168,1.0815,0,4,0,0,0,0,0,0,0,0,0,0,4,0,0,0,0,0,0,0,0,0
pbt,bintrie,5,4,storage_sstore_k4500,9,,3467,0,0,0.086,1.5015,0.0067,0.364,2.2901,0,4,0,0,0,0,0,0,0,0,0,0,4,0,0,0,0,0,0,0,0,0
pbt,bintrie,5,4,storage_sstore_k4500,9,,3468,0,0,0.0627,0.9692,0.0067,0.2753,18.9065,0,4,0,0,0,0,0,0,0,0,0,0,4,0,0,0,0,0,0,0,0,0
pbt,bintrie,5,4,storage_sstore_k4500,9,,3469,0,0,0.0691,0.8181,0.009,1.726,6.8639,0,4,0,0,0,0,0,0,0,0,0,0,4,0,0,0,0,0,0,0,0,0
pbt,bintrie,5,4,storage_sstore_k4500,9,,3470,0,0,0.0595,0.8939,0.0061,0.2692,6.9511,0,4,0,0,0,0,0,0,0,0,0,0,4,0,0,0,0,0,0,0,0,0
pbt,bintrie,5,4,storage_sstore_k4500,9,,3471,87010,2,1.3378,3.499,41.5647,9.5034,57.4217,1.5153,11,0,0,0,3,0,0,0,1,168,4,7,36.36,0,0,0,0,0,0,0,0
pbt,bintrie,5,4,storage_sstore_k4500,9,,3472,99914556,1,148.3832,497.1784,723.0647,469.71,1839.2288,54.3242,3194,3687,3188,89404,3188,0,3685,0,0,0,1403,1791,43.93,886,2801,24.03,3188,0,100,89404,0
pbt,bintrie,5,4,storage_sstore_k4500,9,,3473,21000,1,0.3383,3.6735,7.5175,3.4923,15.8307,1.3265,6,0,0,0,2,0,0,0,0,0,2,4,33.33,0,0,0,0,0,0,0,0
pbt,bintrie,5,4,storage_sstore_k4500,9,,3474,0,0,0.093,1.941,0.0064,0.4136,3.096,0,4,0,0,0,0,0,0,0,0,0,0,4,0,0,0,0,0,0,0,0,0
