config,trie_type,group_depth,pebble_block_size_kb,benchmark,run,contract,block_number,gas_used,tx_count,execution_ms,state_read_ms,state_hash_ms,commit_ms,total_ms,mgas_per_sec,accounts_read,storage_slots_read,code_read,code_bytes_read,accounts_written,accounts_deleted,storage_slots_written,storage_slots_deleted,code_written,code_bytes_written,account_cache_hits,account_cache_misses,account_cache_hit_rate,storage_cache_hits,storage_cache_misses,storage_cache_hit_rate,code_cache_hits,code_cache_misses,code_cache_hit_rate,code_cache_hit_bytes,code_cache_miss_bytes
ubt,bintrie,5,4,storage_mixed_k1,10,,2639,0,0,0.0554,8.2735,0.0026,0.1625,9.1651,0,4,0,0,0,0,0,0,0,0,0,0,4,0,0,0,0,0,0,0,0,0
ubt,bintrie,5,4,storage_mixed_k1,10,,2640,0,0,0.1251,39.0774,0.0061,0.5212,40.1708,0,4,0,0,0,0,0,0,0,0,0,0,4,0,0,0,0,0,0,0,0,0
ubt,bintrie,5,4,storage_mixed_k1,10,,2641,0,0,0.1085,5.1673,0.0026,0.2392,6.0528,0,4,0,0,0,0,0,0,0,0,0,0,4,0,0,0,0,0,0,0,0,0
ubt,bintrie,5,4,storage_mixed_k1,10,,2642,0,0,0.0341,4.9352,0.0038,0.1703,5.3686,0,4,0,0,0,0,0,0,0,0,0,0,4,0,0,0,0,0,0,0,0,0
ubt,bintrie,5,4,storage_mixed_k1,10,,2643,0,0,0.037,7.6114,0.0029,0.2955,8.1242,0,4,0,0,0,0,0,0,0,0,0,0,4,0,0,0,0,0,0,0,0,0
ubt,bintrie,5,4,storage_mixed_k1,10,,2644,91690,2,0.8519,73.9376,2.3639,5.067,82.5915,1.1102,11,0,0,0,3,0,0,0,1,303,4,7,36.36,0,0,0,0,0,0,0,0
ubt,bintrie,5,4,storage_mixed_k1,10,,2645,15913238,1,288.4999,11.7536,11.3616,7.2253,319.2072,49.8524,8,1731,2,331,3,0,264,0,0,0,1,7,12.5,1311,420,75.74,2,0,100,331,0
ubt,bintrie,5,4,storage_mixed_k1,10,,2646,21000,1,0.0805,48.3428,14.55,0.8977,64.1347,0.3274,6,0,0,0,2,0,0,0,0,0,2,4,33.33,0,0,0,0,0,0,0,0
ubt,bintrie,5,4,storage_mixed_k1,10,,2647,0,0,0.0321,4.2754,0.0026,0.1942,4.7322,0,4,0,0,0,0,0,0,0,0,0,0,4,0,0,0,0,0,0,0,0,0
ubt,bintrie,5,4,storage_mixed_k1,11,,2649,0,0,0.1318,3.2899,0.0038,0.4419,4.2238,0,4,0,0,0,0,0,0,0,0,0,0,4,0,0,0,0,0,0,0,0,0
ubt,bintrie,5,4,storage_mixed_k1,11,,2650,0,0,0.075,17.7568,0.0035,0.1919,18.418,0,4,0,0,0,0,0,0,0,0,0,0,4,0,0,0,0,0,0,0,0,0
ubt,bintrie,5,4,storage_mixed_k1,11,,2651,0,0,0.0382,1.2509,0.0026,0.7452,2.3231,0,4,0,0,0,0,0,0,0,0,0,0,4,0,0,0,0,0,0,0,0,0
ubt,bintrie,5,4,storage_mixed_k1,11,,2652,0,0,0.1843,17.7349,0.012,0.8114,19.5391,0,4,0,0,0,0,0,0,0,0,0,0,4,0,0,0,0,0,0,0,0,0
ubt,bintrie,5,4,storage_mixed_k1,11,,2653,0,0,0.0761,48.488,0.0038,0.1832,48.95,0,4,0,0,0,0,0,0,0,0,0,0,4,0,0,0,0,0,0,0,0,0
ubt,bintrie,5,4,storage_mixed_k1,11,,2654,91690,2,0.6667,18.3693,26.6057,6.1225,59.833,1.5324,11,0,0,0,3,0,0,0,1,303,4,7,36.36,0,0,0,0,0,0,0,0
ubt,bintrie,5,4,storage_mixed_k1,11,,2655,15913238,1,271.5796,35.1505,12.5233,6.0916,342.4974,46.4624,8,1731,2,331,3,0,264,0,0,0,1,7,12.5,184,1547,10.63,2,0,100,331,0
ubt,bintrie,5,4,storage_mixed_k1,11,,2656,21000,1,0.8018,20.8825,17.9385,1.3055,41.4133,0.5071,6,0,0,0,2,0,0,0,0,0,0,6,0,0,0,0,0,0,0,0,0
ubt,bintrie,5,4,storage_mixed_k1,11,,2657,0,0,0.5524,92.4822,0.0032,0.163,94.2934,0,4,0,0,0,0,0,0,0,0,0,0,4,0,0,0,0,0,0,0,0,0
ubt,bintrie,5,4,storage_mixed_k1,12,,2658,0,0,0.0411,1.0374,0.0026,1.0605,2.55,0,4,0,0,0,0,0,0,0,0,0,0,4,0,0,0,0,0,0,0,0,0
ubt,bintrie,5,4,storage_mixed_k1,12,,2659,0,0,0.075,1.2407,0.0044,0.2053,1.8882,0,4,0,0,0,0,0,0,0,0,0,0,4,0,0,0,0,0,0,0,0,0
ubt,bintrie,5,4,storage_mixed_k1,12,,2660,0,0,0.0604,21.4533,0.0058,0.2342,22.0827,0,4,0,0,0,0,0,0,0,0,0,0,4,0,0,0,0,0,0,0,0,0
ubt,bintrie,5,4,storage_mixed_k1,12,,2661,0,0,0.1409,21.4241,0.0047,0.2736,22.2446,0,4,0,0,0,0,0,0,0,0,0,0,4,0,0,0,0,0,0,0,0,0
ubt,bintrie,5,4,storage_mixed_k1,12,,2662,0,0,0.1231,0.6889,0.0012,0.1642,1.4122,0,4,0,0,0,0,0,0,0,0,0,0,4,0,0,0,0,0,0,0,0,0
ubt,bintrie,5,4,storage_mixed_k1,12,,2663,91690,2,1.0751,30.4988,34.8574,13.5307,80.6624,1.1367,11,0,0,0,3,0,0,0,1,303,4,7,36.36,0,0,0,0,0,0,0,0
ubt,bintrie,5,4,storage_mixed_k1,12,,2664,15913238,1,292.8389,24.0922,21.5516,8.1772,347.3118,45.8183,8,1731,2,331,3,0,264,0,0,0,4,4,50,1388,343,80.18,2,0,100,331,0
ubt,bintrie,5,4,storage_mixed_k1,12,,2665,0,0,0.1167,5.7944,0.0087,0.583,7.045,0,4,0,0,0,0,0,0,0,0,0,0,4,0,0,0,0,0,0,0,0,0
ubt,bintrie,5,4,storage_mixed_k1,12,,2666,21000,1,0.1207,25.5374,1.3772,0.6927,58.7104,0.3577,6,0,0,0,2,0,0,0,0,0,2,4,33.33,0,0,0,0,0,0,0,0
ubt,bintrie,5,4,storage_mixed_k1,12,,2667,0,0,0.2307,15.1925,0.0064,0.6685,16.9617,0,4,0,0,0,0,0,0,0,0,0,0,4,0,0,0,0,0,0,0,0,0
ubt,bintrie,5,4,storage_mixed_k1,13,,2669,0,0,0.4599,54.6015,0.0026,0.2053,56.2109,0,4,0,0,0,0,0,0,0,0,0,0,4,0,0,0,0,0,0,0,0,0
ubt,bintrie,5,4,storage_mixed_k1,13,,2670,0,0,0.0709,2.2152,0.0085,1.645,5.5698,0,4,0,0,0,0,0,0,0,0,0,0,4,0,0,0,0,0,0,0,0,0
ubt,bintrie,5,4,storage_mixed_k1,13,,2671,0,0,0.0612,54.0383,0.0029,0.3004,54.7471,0,4,0,0,0,0,0,0,0,0,0,0,4,0,0,0,0,0,0,0,0,0
ubt,bintrie,5,4,storage_mixed_k1,13,,2672,0,0,0.0761,15.1677,0.0123,0.6635,16.318,0,4,0,0,0,0,0,0,0,0,0,0,4,0,0,0,0,0,0,0,0,0
ubt,bintrie,5,4,storage_mixed_k1,13,,2673,0,0,0.0309,4.1946,0.0032,0.1727,4.6079,0,4,0,0,0,0,0,0,0,0,0,0,4,0,0,0,0,0,0,0,0,0
ubt,bintrie,5,4,storage_mixed_k1,13,,2674,91690,2,0.6271,18.5953,14.2694,7.0366,41.0747,2.2323,11,0,0,0,3,0,0,0,1,303,4,7,36.36,0,0,0,0,0,0,0,0
ubt,bintrie,5,4,storage_mixed_k1,13,,2675,15913238,1,263.1748,36.5668,12.3448,10.2845,367.1989,43.3368,8,1731,2,331,3,0,264,0,0,0,0,8,0,928,803,53.61,2,0,100,331,0
ubt,bintrie,5,4,storage_mixed_k1,13,,2676,21000,1,0.3471,25.6129,22.8005,0.7254,50.084,0.4193,6,0,0,0,2,0,0,0,0,0,2,4,33.33,0,0,0,0,0,0,0,0
ubt,bintrie,5,4,storage_mixed_k1,13,,2677,0,0,0.2476,97.6694,0.0035,0.2412,98.6385,0,4,0,0,0,0,0,0,0,0,0,0,4,0,0,0,0,0,0,0,0,0
ubt,bintrie,5,4,storage_mixed_k1,14,,2678,0,0,0.2747,2.4391,0.0073,1.491,6.6212,0,4,0,0,0,0,0,0,0,0,0,0,4,0,0,0,0,0,0,0,0,0
ubt,bintrie,5,4,storage_mixed_k1,14,,2679,0,0,0.0449,0.8514,0.0047,0.175,1.309,0,4,0,0,0,0,0,0,0,0,0,0,4,0,0,0,0,0,0,0,0,0
ubt,bintrie,5,4,storage_mixed_k1,14,,2680,0,0,0.1289,15.0852,0.0032,0.2112,15.7347,0,4,0,0,0,0,0,0,0,0,0,0,4,0,0,0,0,0,0,0,0,0
ubt,bintrie,5,4,storage_mixed_k1,14,,2681,0,0,0.203,57.8229,0.0137,0.8312,59.5959,0,4,0,0,0,0,0,0,0,0,0,0,4,0,0,0,0,0,0,0,0,0
ubt,bintrie,5,4,storage_mixed_k1,14,,2682,0,0,0.0534,17.2201,0.0044,0.2479,17.8213,0,4,0,0,0,0,0,0,0,0,0,0,4,0,0,0,0,0,0,0,0,0
ubt,bintrie,5,4,storage_mixed_k1,14,,2683,91690,2,0.1925,12.0899,0.4433,4.876,17.7752,5.1583,11,0,0,0,3,0,0,0,1,303,5,6,45.45,0,0,0,0,0,0,0,0
ubt,bintrie,5,4,storage_mixed_k1,14,,2684,15913238,1,293.0256,28.7984,5.8714,4.3241,350.259,45.4328,8,1731,2,331,3,0,264,0,0,0,1,7,12.5,1319,412,76.2,2,0,100,331,0
ubt,bintrie,5,4,storage_mixed_k1,14,,2685,21000,1,0.0825,58.1049,6.1992,0.7994,65.4098,0.3211,6,0,0,0,2,0,0,0,0,0,2,4,33.33,0,0,0,0,0,0,0,0
ubt,bintrie,5,4,storage_mixed_k1,14,,2686,0,0,0.1417,29.466,0.0026,0.1365,30.2932,0,4,0,0,0,0,0,0,0,0,0,0,4,0,0,0,0,0,0,0,0,0
ubt,bintrie,5,4,storage_mixed_k1,15,,2688,0,0,0.1625,14.991,0.0029,0.6131,16.2909,0,4,0,0,0,0,0,0,0,0,0,0,4,0,0,0,0,0,0,0,0,0
ubt,bintrie,5,4,storage_mixed_k1,15,,2689,0,0,0.0744,1.3921,0.005,0.357,2.1565,0,4,0,0,0,0,0,0,0,0,0,0,4,0,0,0,0,0,0,0,0,0
ubt,bintrie,5,4,storage_mixed_k1,15,,2690,0,0,0.0948,14.2756,0.0029,0.1365,15.0572,0,4,0,0,0,0,0,0,0,0,0,0,4,0,0,0,0,0,0,0,0,0
ubt,bintrie,5,4,storage_mixed_k1,15,,2691,0,0,0.082,24.154,0.0076,0.3345,24.9894,0,4,0,0,0,0,0,0,0,0,0,0,4,0,0,0,0,0,0,0,0,0
ubt,bintrie,5,4,storage_mixed_k1,15,,2692,0,0,0.0572,17.4441,0.005,0.3267,18.0919,0,4,0,0,0,0,0,0,0,0,0,0,4,0,0,0,0,0,0,0,0,0
ubt,bintrie,5,4,storage_mixed_k1,15,,2693,91690,2,0.1686,2.6946,15.3868,4.7663,23.247,3.9442,11,0,0,0,3,0,0,0,1,303,5,6,45.45,0,0,0,0,0,0,0,0
ubt,bintrie,5,4,storage_mixed_k1,15,,2694,15913238,1,268.4649,44.061,34.5803,7.0847,355.4856,44.7648,8,1731,2,331,3,0,264,0,0,0,1,7,12.5,1214,517,70.13,2,0,100,331,0
ubt,bintrie,5,4,storage_mixed_k1,15,,2695,21000,1,1.6788,76.282,6.4325,0.735,85.7487,0.2449,6,0,0,0,2,0,0,0,0,0,0,6,0,0,0,0,0,0,0,0,0
ubt,bintrie,5,4,storage_mixed_k1,15,,2696,0,0,0.0338,1.997,0.0017,0.1747,2.4018,0,4,0,0,0,0,0,0,0,0,0,0,4,0,0,0,0,0,0,0,0,0
ubt,bintrie,5,4,storage_mixed_k1,16,,2697,0,0,0.0499,1.0599,0.0032,0.7359,2.3817,0,4,0,0,0,0,0,0,0,0,0,0,4,0,0,0,0,0,0,0,0,0
ubt,bintrie,5,4,storage_mixed_k1,16,,2698,0,0,0.0849,1.7695,0.0032,0.1794,2.6521,0,4,0,0,0,0,0,0,0,0,0,0,4,0,0,0,0,0,0,0,0,0
ubt,bintrie,5,4,storage_mixed_k1,16,,2699,0,0,0.1062,12.1695,0.0026,0.2718,12.9409,0,4,0,0,0,0,0,0,0,0,0,0,4,0,0,0,0,0,0,0,0,0
ubt,bintrie,5,4,storage_mixed_k1,16,,2700,0,0,0.0814,22.9454,0.0064,0.4118,23.8111,0,4,0,0,0,0,0,0,0,0,0,0,4,0,0,0,0,0,0,0,0,0
ubt,bintrie,5,4,storage_mixed_k1,16,,2701,0,0,0.112,12.432,0.0058,0.9983,13.9434,0,4,0,0,0,0,0,0,0,0,0,0,4,0,0,0,0,0,0,0,0,0
ubt,bintrie,5,4,storage_mixed_k1,16,,2702,91690,2,0.9631,50.0936,1.7228,15.0514,69.0509,1.3279,11,0,0,0,3,0,0,0,1,303,4,7,36.36,0,0,0,0,0,0,0,0
ubt,bintrie,5,4,storage_mixed_k1,16,,2703,15913238,1,286.1663,18.5186,10.0821,6.0618,321.7339,49.4609,8,1731,2,331,3,0,264,0,0,0,1,7,12.5,1618,113,93.47,2,0,100,331,0
ubt,bintrie,5,4,storage_mixed_k1,16,,2704,21000,1,0.7863,29.8525,5.8501,0.8327,37.9142,0.5539,6,0,0,0,2,0,0,0,0,0,0,6,0,0,0,0,0,0,0,0,0
ubt,bintrie,5,4,storage_mixed_k1,16,,2705,0,0,0.1572,79.9954,0.0029,0.2147,80.8981,0,4,0,0,0,0,0,0,0,0,0,0,4,0,0,0,0,0,0,0,0,0
ubt,bintrie,5,4,storage_mixed_k1,17,,2706,0,0,0.0598,1.3667,0.0032,4.2425,6.4037,0,4,0,0,0,0,0,0,0,0,0,0,4,0,0,0,0,0,0,0,0,0
ubt,bintrie,5,4,storage_mixed_k1,17,,2707,0,0,0.0662,1.1733,0.005,0.3048,2.004,0,4,0,0,0,0,0,0,0,0,0,0,4,0,0,0,0,0,0,0,0,0
ubt,bintrie,5,4,storage_mixed_k1,17,,2708,0,0,0.0347,0.7781,0.0032,0.1925,1.6193,0,4,0,0,0,0,0,0,0,0,0,0,4,0,0,0,0,0,0,0,0,0
ubt,bintrie,5,4,storage_mixed_k1,17,,2709,0,0,0.0863,23.0209,0.0061,0.3048,23.7516,0,4,0,0,0,0,0,0,0,0,0,0,4,0,0,0,0,0,0,0,0,0
ubt,bintrie,5,4,storage_mixed_k1,17,,2710,0,0,0.0671,9.3284,0.0047,0.2269,9.9161,0,4,0,0,0,0,0,0,0,0,0,0,4,0,0,0,0,0,0,0,0,0
ubt,bintrie,5,4,storage_mixed_k1,17,,2711,91690,2,1.4618,36.6945,2.6774,16.3971,59.6183,1.5379,11,0,0,0,3,0,0,0,1,303,4,7,36.36,0,0,0,0,0,0,0,0
ubt,bintrie,5,4,storage_mixed_k1,17,,2712,15913238,1,260.2965,60.167,12.8085,2.2624,433.3991,36.7173,8,1731,2,331,3,0,264,0,0,0,0,8,0,375,1356,21.66,2,0,100,331,0
ubt,bintrie,5,4,storage_mixed_k1,17,,2713,21000,1,0.5008,55.9884,1.3647,0.709,58.9895,0.356,6,0,0,0,2,0,0,0,0,0,0,6,0,0,0,0,0,0,0,0,0
ubt,bintrie,5,4,storage_mixed_k1,17,,2714,0,0,0.1041,101.1334,0.0026,0.1312,102.8393,0,4,0,0,0,0,0,0,0,0,0,0,4,0,0,0,0,0,0,0,0,0
ubt,bintrie,5,4,storage_mixed_k1,18,,2715,0,0,0.0575,0.8531,0.0029,0.2047,1.3833,0,4,0,0,0,0,0,0,0,0,0,0,4,0,0,0,0,0,0,0,0,0
ubt,bintrie,5,4,storage_mixed_k1,18,,2716,0,0,0.1044,2.7419,0.0067,0.4871,4.1684,0,4,0,0,0,0,0,0,0,0,0,0,4,0,0,0,0,0,0,0,0,0
ubt,bintrie,5,4,storage_mixed_k1,18,,2717,0,0,0.1455,84.0451,0.0044,0.1111,85.226,0,4,0,0,0,0,0,0,0,0,0,0,4,0,0,0,0,0,0,0,0,0
ubt,bintrie,5,4,storage_mixed_k1,18,,2718,0,0,0.2537,53.0417,0.0029,0.1251,53.924,0,4,0,0,0,0,0,0,0,0,0,0,4,0,0,0,0,0,0,0,0,0
ubt,bintrie,5,4,storage_mixed_k1,18,,2719,0,0,0.086,50.4515,0.0029,0.128,50.8648,0,4,0,0,0,0,0,0,0,0,0,0,4,0,0,0,0,0,0,0,0,0
ubt,bintrie,5,4,storage_mixed_k1,18,,2720,91690,2,0.8729,37.9323,11.8673,5.8845,56.91,1.6111,11,0,0,0,3,0,0,0,1,303,4,7,36.36,0,0,0,0,0,0,0,0
ubt,bintrie,5,4,storage_mixed_k1,18,,2721,15913238,1,243.7286,55.9564,6.2946,6.9012,313.7197,50.7244,8,1731,2,331,3,0,264,0,0,0,2,6,25,294,1437,16.98,2,0,100,331,0
ubt,bintrie,5,4,storage_mixed_k1,18,,2722,21000,1,0.0752,57.8407,6.3083,0.8347,65.2873,0.3217,6,0,0,0,2,0,0,0,0,0,2,4,33.33,0,0,0,0,0,0,0,0
ubt,bintrie,5,4,storage_mixed_k1,18,,2723,0,0,0.2911,46.7378,0.0038,0.194,47.9074,0,4,0,0,0,0,0,0,0,0,0,0,4,0,0,0,0,0,0,0,0,0
ubt,bintrie,5,4,storage_mixed_k1,19,,2724,0,0,0.0446,0.9718,0.0029,0.7181,2.2499,0,4,0,0,0,0,0,0,0,0,0,0,4,0,0,0,0,0,0,0,0,0
ubt,bintrie,5,4,storage_mixed_k1,19,,2725,0,0,0.042,0.8747,0.0023,1.0164,2.1583,0,4,0,0,0,0,0,0,0,0,0,0,4,0,0,0,0,0,0,0,0,0
ubt,bintrie,5,4,storage_mixed_k1,19,,2726,0,0,0.0747,15.3804,0.0085,1.8932,19.489,0,4,0,0,0,0,0,0,0,0,0,0,4,0,0,0,0,0,0,0,0,0
ubt,bintrie,5,4,storage_mixed_k1,19,,2727,0,0,2.181,71.847,0.0076,0.5822,75.6856,0,4,0,0,0,0,0,0,0,0,0,0,4,0,0,0,0,0,0,0,0,0
ubt,bintrie,5,4,storage_mixed_k1,19,,2728,0,0,0.0315,4.0861,0.0018,0.1899,4.5085,0,4,0,0,0,0,0,0,0,0,0,0,4,0,0,0,0,0,0,0,0,0
ubt,bintrie,5,4,storage_mixed_k1,19,,2729,91690,2,0.233,2.249,3.651,4.8485,11.2618,8.1417,11,0,0,0,3,0,0,0,1,303,5,6,45.45,0,0,0,0,0,0,0,0
ubt,bintrie,5,4,storage_mixed_k1,19,,2730,15913238,1,273.837,55.3149,18.1129,8.51,357.972,44.4539,8,1731,2,331,3,0,264,0,0,0,0,8,0,614,1117,35.47,2,0,100,331,0
ubt,bintrie,5,4,storage_mixed_k1,19,,2731,21000,1,1.141,36.747,33.6922,0.7828,73.3989,0.2861,6,0,0,0,2,0,0,0,0,0,0,6,0,0,0,0,0,0,0,0,0
ubt,bintrie,5,4,storage_mixed_k1,19,,2732,0,0,0.0837,14.4246,0.0114,0.5311,15.5008,0,4,0,0,0,0,0,0,0,0,0,0,4,0,0,0,0,0,0,0,0,0
ubt,bintrie,5,4,storage_mixed_k1,1,,2556,0,0,0.345,28.2469,0.0067,0.6632,30.2071,0,4,0,0,0,0,0,0,0,0,0,0,4,0,0,0,0,0,0,0,0,0
ubt,bintrie,5,4,storage_mixed_k1,1,,2557,0,0,0.0414,0.8729,0.0026,0.1642,1.3495,0,4,0,0,0,0,0,0,0,0,0,0,4,0,0,0,0,0,0,0,0,0
ubt,bintrie,5,4,storage_mixed_k1,1,,2558,0,0,0.0796,32.7562,0.0029,0.161,33.4055,0,4,0,0,0,0,0,0,0,0,0,0,4,0,0,0,0,0,0,0,0,0
ubt,bintrie,5,4,storage_mixed_k1,1,,2559,0,0,0.1076,24.2159,0.0076,0.4034,25.1113,0,4,0,0,0,0,0,0,0,0,0,0,4,0,0,0,0,0,0,0,0,0
ubt,bintrie,5,4,storage_mixed_k1,1,,2560,0,0,0.0335,7.3696,0.0064,0.3462,12.6181,0,4,0,0,0,0,0,0,0,0,0,0,4,0,0,0,0,0,0,0,0,0
ubt,bintrie,5,4,storage_mixed_k1,1,,2561,91690,2,0.1514,12.0067,0.4862,2.8533,15.6953,5.8419,11,0,0,0,3,0,0,0,1,303,5,6,45.45,0,0,0,0,0,0,0,0
ubt,bintrie,5,4,storage_mixed_k1,1,,2562,15913238,1,237.5278,57.6006,5.9201,6.5492,319.6086,49.7898,8,1731,2,331,3,0,264,0,0,0,3,5,37.5,252,1479,14.56,2,0,100,331,0
ubt,bintrie,5,4,storage_mixed_k1,1,,2563,21000,1,1.3329,37.5686,32.9936,0.7014,73.4815,0.2858,6,0,0,0,2,0,0,0,0,0,0,6,0,0,0,0,0,0,0,0,0
ubt,bintrie,5,4,storage_mixed_k1,1,,2564,0,0,0.1566,93.4849,0.0032,0.2625,94.4226,0,4,0,0,0,0,0,0,0,0,0,0,4,0,0,0,0,0,0,0,0,0
ubt,bintrie,5,4,storage_mixed_k1,20,,2733,0,0,0.1053,23.2234,0.0026,0.2257,23.8665,0,4,0,0,0,0,0,0,0,0,0,0,4,0,0,0,0,0,0,0,0,0
ubt,bintrie,5,4,storage_mixed_k1,20,,2734,0,0,0.1619,30.3361,0.0073,0.394,31.4429,0,4,0,0,0,0,0,0,0,0,0,0,4,0,0,0,0,0,0,0,0,0
ubt,bintrie,5,4,storage_mixed_k1,20,,2735,0,0,0.124,57.3279,0.009,0.2995,58.2222,0,4,0,0,0,0,0,0,0,0,0,0,4,0,0,0,0,0,0,0,0,0
ubt,bintrie,5,4,storage_mixed_k1,20,,2736,0,0,0.0866,76.4655,0.0029,0.1998,77.1759,0,4,0,0,0,0,0,0,0,0,0,0,4,0,0,0,0,0,0,0,0,0
ubt,bintrie,5,4,storage_mixed_k1,20,,2737,0,0,0.0344,4.1629,0.002,0.1765,4.572,0,4,0,0,0,0,0,0,0,0,0,0,4,0,0,0,0,0,0,0,0,0
ubt,bintrie,5,4,storage_mixed_k1,20,,2738,91690,2,0.6647,11.2096,20.9015,4.878,38.1085,2.406,11,0,0,0,3,0,0,0,1,303,4,7,36.36,0,0,0,0,0,0,0,0
ubt,bintrie,5,4,storage_mixed_k1,20,,2739,15913238,1,297.2482,21.2459,5.8936,6.0134,331.2951,48.0334,8,1731,2,331,3,0,264,0,0,0,4,4,50,794,937,45.87,2,0,100,331,0
ubt,bintrie,5,4,storage_mixed_k1,20,,2740,21000,1,0.2648,64.9723,12.6385,0.6801,84.0133,0.25,6,0,0,0,2,0,0,0,0,0,0,6,0,0,0,0,0,0,0,0,0
ubt,bintrie,5,4,storage_mixed_k1,20,,2741,0,0,0.0356,5.1224,0.0023,0.131,5.4607,0,4,0,0,0,0,0,0,0,0,0,0,4,0,0,0,0,0,0,0,0,0
ubt,bintrie,5,4,storage_mixed_k1,2,,2565,0,0,0.0989,7.7651,0.0026,0.1893,8.3482,0,4,0,0,0,0,0,0,0,0,0,0,4,0,0,0,0,0,0,0,0,0
ubt,bintrie,5,4,storage_mixed_k1,2,,2566,0,0,0.0656,2.1769,0.0076,0.8499,4.2606,0,4,0,0,0,0,0,0,0,0,0,0,4,0,0,0,0,0,0,0,0,0
ubt,bintrie,5,4,storage_mixed_k1,2,,2567,0,0,0.0939,48.5828,0.0029,0.1767,50.8271,0,4,0,0,0,0,0,0,0,0,0,0,4,0,0,0,0,0,0,0,0,0
ubt,bintrie,5,4,storage_mixed_k1,2,,2568,0,0,0.07,17.3969,0.0058,0.2018,17.9665,0,4,0,0,0,0,0,0,0,0,0,0,4,0,0,0,0,0,0,0,0,0
ubt,bintrie,5,4,storage_mixed_k1,2,,2569,0,0,0.1091,4.7797,0.0035,0.1706,5.2992,0,4,0,0,0,0,0,0,0,0,0,0,4,0,0,0,0,0,0,0,0,0
ubt,bintrie,5,4,storage_mixed_k1,2,,2570,91690,2,0.6889,3.0715,4.7972,39.8818,48.6132,1.8861,11,0,0,0,3,0,0,0,1,303,5,6,45.45,0,0,0,0,0,0,0,0
ubt,bintrie,5,4,storage_mixed_k1,2,,2571,15913238,1,250.7919,26.9843,11.8349,6.9444,297.5162,53.487,8,1731,2,331,3,0,264,0,0,0,1,7,12.5,1130,601,65.28,2,0,100,331,0
ubt,bintrie,5,4,storage_mixed_k1,2,,2572,21000,1,1.0791,39.092,23.1213,0.7811,64.984,0.3232,6,0,0,0,2,0,0,0,0,0,0,6,0,0,0,0,0,0,0,0,0
ubt,bintrie,5,4,storage_mixed_k1,2,,2573,0,0,0.2269,80.4921,0.0032,0.2088,81.5943,0,4,0,0,0,0,0,0,0,0,0,0,4,0,0,0,0,0,0,0,0,0
ubt,bintrie,5,4,storage_mixed_k1,3,,2574,0,0,0.0688,5.6185,0.002,0.2115,6.1555,0,4,0,0,0,0,0,0,0,0,0,0,4,0,0,0,0,0,0,0,0,0
ubt,bintrie,5,4,storage_mixed_k1,3,,2575,0,0,0.212,41.4144,0.0079,0.4678,43.4479,0,4,0,0,0,0,0,0,0,0,0,0,4,0,0,0,0,0,0,0,0,0
ubt,bintrie,5,4,storage_mixed_k1,3,,2576,0,0,0.0575,44.2488,0.0029,0.1954,44.7017,0,4,0,0,0,0,0,0,0,0,0,0,4,0,0,0,0,0,0,0,0,0
ubt,bintrie,5,4,storage_mixed_k1,3,,2577,0,0,0.0726,10.7252,0.0044,0.2514,11.289,0,4,0,0,0,0,0,0,0,0,0,0,4,0,0,0,0,0,0,0,0,0
ubt,bintrie,5,4,storage_mixed_k1,3,,2578,0,0,0.1158,54.6085,0.002,0.1479,55.2458,0,4,0,0,0,0,0,0,0,0,0,0,4,0,0,0,0,0,0,0,0,0
ubt,bintrie,5,4,storage_mixed_k1,3,,2579,91690,2,0.3573,83.0129,17.3549,4.0958,105.1679,0.8718,11,0,0,0,3,0,0,0,1,303,5,6,45.45,0,0,0,0,0,0,0,0
ubt,bintrie,5,4,storage_mixed_k1,3,,2580,0,0,0.0887,1.7182,0.0061,0.3281,3.0578,0,4,0,0,0,0,0,0,0,0,0,0,4,0,0,0,0,0,0,0,0,0
ubt,bintrie,5,4,storage_mixed_k1,3,,2581,15913238,1,261.895,53.2681,6.6405,5.4312,328.6749,48.4163,8,1731,2,331,3,0,264,0,0,0,3,5,37.5,403,1328,23.28,2,0,100,331,0
ubt,bintrie,5,4,storage_mixed_k1,3,,2582,21000,1,0.0855,6.9654,55.0352,0.968,63.2737,0.3319,6,0,0,0,2,0,0,0,0,0,2,4,33.33,0,0,0,0,0,0,0,0
ubt,bintrie,5,4,storage_mixed_k1,3,,2583,0,0,0.0767,4.4382,0.0035,0.2199,4.9541,0,4,0,0,0,0,0,0,0,0,0,0,4,0,0,0,0,0,0,0,0,0
ubt,bintrie,5,4,storage_mixed_k1,4,,2584,0,0,0.0825,17.4211,0.0032,0.2575,18.0595,0,4,0,0,0,0,0,0,0,0,0,0,4,0,0,0,0,0,0,0,0,0
ubt,bintrie,5,4,storage_mixed_k1,4,,2585,0,0,0.096,1.7625,0.0073,0.2922,2.8221,0,4,0,0,0,0,0,0,0,0,0,0,4,0,0,0,0,0,0,0,0,0
ubt,bintrie,5,4,storage_mixed_k1,4,,2586,0,0,0.1756,65.2929,0.0023,0.1251,66.8077,0,4,0,0,0,0,0,0,0,0,0,0,4,0,0,0,0,0,0,0,0,0
ubt,bintrie,5,4,storage_mixed_k1,4,,2587,0,0,0.2196,27.0666,0.0061,0.4191,28.1906,0,4,0,0,0,0,0,0,0,0,0,0,4,0,0,0,0,0,0,0,0,0
ubt,bintrie,5,4,storage_mixed_k1,4,,2588,0,0,0.044,7.801,0.0026,0.1353,12.6146,0,4,0,0,0,0,0,0,0,0,0,0,4,0,0,0,0,0,0,0,0,0
ubt,bintrie,5,4,storage_mixed_k1,4,,2589,91690,2,1.1404,19.5517,28.5324,14.2388,64.0749,1.431,11,0,0,0,3,0,0,0,1,303,4,7,36.36,0,0,0,0,0,0,0,0
ubt,bintrie,5,4,storage_mixed_k1,4,,2590,15913238,1,249.2324,72.743,21.4827,9.3313,354.4157,44.8999,8,1731,2,331,3,0,264,0,0,0,1,7,12.5,450,1281,26.0,2,0,100,331,0
ubt,bintrie,5,4,storage_mixed_k1,4,,2591,21000,1,1.3043,38.7682,12.4661,0.8053,54.255,0.3871,6,0,0,0,2,0,0,0,0,0,0,6,0,0,0,0,0,0,0,0,0
ubt,bintrie,5,4,storage_mixed_k1,4,,2592,0,0,0.6387,78.8416,0.0082,0.4929,81.7926,0,4,0,0,0,0,0,0,0,0,0,0,4,0,0,0,0,0,0,0,0,0
ubt,bintrie,5,4,storage_mixed_k1,5,,2593,0,0,0.0773,1.661,0.0041,1.8019,4.0689,0,4,0,0,0,0,0,0,0,0,0,0,4,0,0,0,0,0,0,0,0,0
ubt,bintrie,5,4,storage_mixed_k1,5,,2594,0,0,0.047,1.0377,0.0035,0.1934,1.8774,0,4,0,0,0,0,0,0,0,0,0,0,4,0,0,0,0,0,0,0,0,0
ubt,bintrie,5,4,storage_mixed_k1,5,,2595,0,0,0.084,62.8811,0.0516,3.7796,68.1969,0,4,0,0,0,0,0,0,0,0,0,0,4,0,0,0,0,0,0,0,0,0
ubt,bintrie,5,4,storage_mixed_k1,5,,2596,0,0,0.1382,2.2878,0.0044,0.4352,3.3984,0,4,0,0,0,0,0,0,0,0,0,0,4,0,0,0,0,0,0,0,0,0
ubt,bintrie,5,4,storage_mixed_k1,5,,2597,0,0,3.7607,16.1209,0.0032,0.2325,20.3447,0,4,0,0,0,0,0,0,0,0,0,0,4,0,0,0,0,0,0,0,0,0
ubt,bintrie,5,4,storage_mixed_k1,5,,2598,91690,2,0.1435,2.1306,9.341,5.3234,17.0822,5.3676,11,0,0,0,3,0,0,0,1,303,5,6,45.45,0,0,0,0,0,0,0,0
ubt,bintrie,5,4,storage_mixed_k1,5,,2599,15913238,1,279.1187,53.8689,9.1916,10.2979,354.8946,44.8393,8,1731,2,331,3,0,264,0,0,0,1,7,12.5,399,1332,23.05,2,0,100,331,0
ubt,bintrie,5,4,storage_mixed_k1,5,,2600,21000,1,0.3934,52.9195,20.6851,0.7446,75.1714,0.2794,6,0,0,0,2,0,0,0,0,0,0,6,0,0,0,0,0,0,0,0,0
ubt,bintrie,5,4,storage_mixed_k1,5,,2601,0,0,0.3713,89.7645,0.0023,0.1283,91.1764,0,4,0,0,0,0,0,0,0,0,0,0,4,0,0,0,0,0,0,0,0,0
ubt,bintrie,5,4,storage_mixed_k1,6,,2602,0,0,0.0493,1.1278,0.0035,0.7659,2.3668,0,4,0,0,0,0,0,0,0,0,0,0,4,0,0,0,0,0,0,0,0,0
ubt,bintrie,5,4,storage_mixed_k1,6,,2603,0,0,0.0822,1.6975,0.005,0.306,2.4683,0,4,0,0,0,0,0,0,0,0,0,0,4,0,0,0,0,0,0,0,0,0
ubt,bintrie,5,4,storage_mixed_k1,6,,2604,0,0,0.0435,2.1746,0.0029,0.9849,5.067,0,4,0,0,0,0,0,0,0,0,0,0,4,0,0,0,0,0,0,0,0,0
ubt,bintrie,5,4,storage_mixed_k1,6,,2605,0,0,0.0595,1.2101,0.0041,0.1951,1.8538,0,4,0,0,0,0,0,0,0,0,0,0,4,0,0,0,0,0,0,0,0,0
ubt,bintrie,5,4,storage_mixed_k1,6,,2606,0,0,0.0397,0.8441,0.0029,0.1581,1.3002,0,4,0,0,0,0,0,0,0,0,0,0,4,0,0,0,0,0,0,0,0,0
ubt,bintrie,5,4,storage_mixed_k1,6,,2607,91690,2,0.7376,57.808,3.875,10.1037,73.0245,1.2556,11,0,0,0,3,0,0,0,1,303,4,7,36.36,0,0,0,0,0,0,0,0
ubt,bintrie,5,4,storage_mixed_k1,6,,2608,15913238,1,238.1624,26.4115,26.9484,7.5706,300.0788,53.0302,8,1731,2,331,3,0,264,0,0,0,3,5,37.5,812,919,46.91,2,0,100,331,0
ubt,bintrie,5,4,storage_mixed_k1,6,,2609,21000,1,1.5006,29.9901,33.5889,0.7732,66.7596,0.3146,6,0,0,0,2,0,0,0,0,0,0,6,0,0,0,0,0,0,0,0,0
ubt,bintrie,5,4,storage_mixed_k1,6,,2610,0,0,0.1735,97.1324,0.0026,0.1557,98.1696,0,4,0,0,0,0,0,0,0,0,0,0,4,0,0,0,0,0,0,0,0,0
ubt,bintrie,5,4,storage_mixed_k1,7,,2611,0,0,0.0895,4.6053,0.0032,0.1753,6.7516,0,4,0,0,0,0,0,0,0,0,0,0,4,0,0,0,0,0,0,0,0,0
ubt,bintrie,5,4,storage_mixed_k1,7,,2612,0,0,0.0586,1.7365,0.0073,1.5321,4.5776,0,4,0,0,0,0,0,0,0,0,0,0,4,0,0,0,0,0,0,0,0,0
ubt,bintrie,5,4,storage_mixed_k1,7,,2613,0,0,0.077,61.9014,0.0041,15.5031,78.0573,0,4,0,0,0,0,0,0,0,0,0,0,4,0,0,0,0,0,0,0,0,0
ubt,bintrie,5,4,storage_mixed_k1,7,,2614,0,0,0.1776,9.2961,0.012,0.9896,11.2201,0,4,0,0,0,0,0,0,0,0,0,0,4,0,0,0,0,0,0,0,0,0
ubt,bintrie,5,4,storage_mixed_k1,7,,2615,0,0,0.0519,6.9368,0.0254,0.8715,10.0062,0,4,0,0,0,0,0,0,0,0,0,0,4,0,0,0,0,0,0,0,0,0
ubt,bintrie,5,4,storage_mixed_k1,7,,2616,91690,2,0.1417,2.4706,9.9085,7.0695,19.9962,4.5854,11,0,0,0,3,0,0,0,1,303,4,7,36.36,0,0,0,0,0,0,0,0
ubt,bintrie,5,4,storage_mixed_k1,7,,2617,15913238,1,245.4834,33.3938,13.4362,17.8939,310.9959,51.1686,8,1731,2,331,3,0,264,0,0,0,2,6,25,759,972,43.85,2,0,100,331,0
ubt,bintrie,5,4,storage_mixed_k1,7,,2618,21000,1,1.5893,80.1444,6.5037,1.5855,90.557,0.2319,6,0,0,0,2,0,0,0,0,0,0,6,0,0,0,0,0,0,0,0,0
ubt,bintrie,5,4,storage_mixed_k1,7,,2619,0,0,0.0391,5.5891,0.0029,0.1598,5.9685,0,4,0,0,0,0,0,0,0,0,0,0,4,0,0,0,0,0,0,0,0,0
ubt,bintrie,5,4,storage_mixed_k1,8,,2620,0,0,0.061,4.9868,0.0026,0.1826,5.4383,0,4,0,0,0,0,0,0,0,0,0,0,4,0,0,0,0,0,0,0,0,0
ubt,bintrie,5,4,storage_mixed_k1,8,,2621,0,0,0.07,18.1237,0.0073,1.0969,19.6535,0,4,0,0,0,0,0,0,0,0,0,0,4,0,0,0,0,0,0,0,0,0
ubt,bintrie,5,4,storage_mixed_k1,8,,2622,0,0,0.114,64.1026,0.0032,0.2039,64.8877,0,4,0,0,0,0,0,0,0,0,0,0,4,0,0,0,0,0,0,0,0,0
ubt,bintrie,5,4,storage_mixed_k1,8,,2623,0,0,0.0601,2.0011,0.0067,1.313,3.9257,0,4,0,0,0,0,0,0,0,0,0,0,4,0,0,0,0,0,0,0,0,0
ubt,bintrie,5,4,storage_mixed_k1,8,,2624,0,0,0.1333,17.3421,0.0023,0.1447,30.6834,0,4,0,0,0,0,0,0,0,0,0,0,4,0,0,0,0,0,0,0,0,0
ubt,bintrie,5,4,storage_mixed_k1,8,,2625,91690,2,10.9113,17.6078,17.6247,10.1401,56.5445,1.6216,11,0,0,0,3,0,0,0,1,303,4,7,36.36,0,0,0,0,0,0,0,0
ubt,bintrie,5,4,storage_mixed_k1,8,,2626,15913238,1,261.081,53.4305,19.5683,5.7734,341.9435,46.5376,8,1731,2,331,3,0,264,0,0,0,0,8,0,1055,676,60.95,2,0,100,331,0
ubt,bintrie,5,4,storage_mixed_k1,8,,2627,21000,1,0.4039,35.5506,19.2198,0.7691,56.4661,0.3719,6,0,0,0,2,0,0,0,0,0,0,6,0,0,0,0,0,0,0,0,0
ubt,bintrie,5,4,storage_mixed_k1,8,,2628,0,0,0.1773,114.8043,0.0055,0.3783,115.9459,0,4,0,0,0,0,0,0,0,0,0,0,4,0,0,0,0,0,0,0,0,0
ubt,bintrie,5,4,storage_mixed_k1,9,,2629,0,0,0.042,1.0683,0.0035,0.8578,2.2825,0,4,0,0,0,0,0,0,0,0,0,0,4,0,0,0,0,0,0,0,0,0
ubt,bintrie,5,4,storage_mixed_k1,9,,2630,0,0,0.0703,1.1984,0.0079,0.2115,1.9048,0,4,0,0,0,0,0,0,0,0,0,0,4,0,0,0,0,0,0,0,0,0
ubt,bintrie,5,4,storage_mixed_k1,9,,2631,0,0,0.0575,51.1054,0.0017,0.128,51.4688,0,4,0,0,0,0,0,0,0,0,0,0,4,0,0,0,0,0,0,0,0,0
ubt,bintrie,5,4,storage_mixed_k1,9,,2632,0,0,0.0507,1.6721,0.0073,0.8872,3.2952,0,4,0,0,0,0,0,0,0,0,0,0,4,0,0,0,0,0,0,0,0,0
ubt,bintrie,5,4,storage_mixed_k1,9,,2633,0,0,0.1531,19.0961,0.0093,0.4247,20.2012,0,4,0,0,0,0,0,0,0,0,0,0,4,0,0,0,0,0,0,0,0,0
ubt,bintrie,5,4,storage_mixed_k1,9,,2634,91690,2,0.679,4.8124,31.1165,5.5491,51.8089,1.7698,11,0,0,0,3,0,0,0,1,303,4,7,36.36,0,0,0,0,0,0,0,0
ubt,bintrie,5,4,storage_mixed_k1,9,,2635,15913238,1,235.5238,52.3251,8.5564,11.6075,309.0791,51.486,8,1731,2,331,3,0,264,0,0,0,0,8,0,275,1456,15.89,2,0,100,331,0
ubt,bintrie,5,4,storage_mixed_k1,9,,2636,21000,1,0.3284,20.9394,28.0349,1.1675,50.7329,0.4139,6,0,0,0,2,0,0,0,0,0,0,6,0,0,0,0,0,0,0,0,0
ubt,bintrie,5,4,storage_mixed_k1,9,,2637,0,0,0.2905,83.7733,0.0029,0.1307,84.7655,0,4,0,0,0,0,0,0,0,0,0,0,4,0,0,0,0,0,0,0,0,0
ubt,bintrie,5,4,storage_mixed_k10,10,,2825,0,0,0.5486,72.1011,0.0073,0.66,78.7442,0,4,0,0,0,0,0,0,0,0,0,0,4,0,0,0,0,0,0,0,0,0
ubt,bintrie,5,4,storage_mixed_k10,10,,2826,0,0,0.072,1.9658,0.0055,0.905,3.6501,0,4,0,0,0,0,0,0,0,0,0,0,4,0,0,0,0,0,0,0,0,0
ubt,bintrie,5,4,storage_mixed_k10,10,,2827,0,0,0.0691,49.4981,0.0044,0.2628,50.1867,0,4,0,0,0,0,0,0,0,0,0,0,4,0,0,0,0,0,0,0,0,0
ubt,bintrie,5,4,storage_mixed_k10,10,,2828,0,0,0.0884,23.7346,0.0067,0.4451,24.6353,0,4,0,0,0,0,0,0,0,0,0,0,4,0,0,0,0,0,0,0,0,0
ubt,bintrie,5,4,storage_mixed_k10,10,,2829,0,0,0.0516,65.3801,0.0026,0.2765,66.0194,0,4,0,0,0,0,0,0,0,0,0,0,4,0,0,0,0,0,0,0,0,0
ubt,bintrie,5,4,storage_mixed_k10,10,,2830,91722,2,0.1872,2.7976,8.585,6.366,18.2724,5.0197,11,0,0,0,3,0,0,0,1,305,7,4,63.64,0,0,0,0,0,0,0,0
ubt,bintrie,5,4,storage_mixed_k10,10,,2831,15904058,1,286.8395,30.4123,76.1995,2.0317,398.5673,39.9031,17,1965,11,585,3,0,234,0,0,0,5,12,29.41,1319,646,67.12,11,0,100,585,0
ubt,bintrie,5,4,storage_mixed_k10,10,,2832,21000,1,0.0898,6.7703,73.343,0.7636,83.7905,0.2506,6,0,0,0,2,0,0,0,0,0,2,4,33.33,0,0,0,0,0,0,0,0
ubt,bintrie,5,4,storage_mixed_k10,10,,2833,0,0,0.1677,31.5106,0.0041,0.2117,63.479,0,4,0,0,0,0,0,0,0,0,0,0,4,0,0,0,0,0,0,0,0,0
ubt,bintrie,5,4,storage_mixed_k10,11,,2834,0,0,0.049,1.1838,0.0044,1.0949,2.9799,0,4,0,0,0,0,0,0,0,0,0,0,4,0,0,0,0,0,0,0,0,0
ubt,bintrie,5,4,storage_mixed_k10,11,,2835,0,0,0.1111,18.8739,0.0096,0.6224,20.4156,0,4,0,0,0,0,0,0,0,0,0,0,4,0,0,0,0,0,0,0,0,0
ubt,bintrie,5,4,storage_mixed_k10,11,,2836,0,0,0.051,55.9434,0.0023,0.1307,56.3871,0,4,0,0,0,0,0,0,0,0,0,0,4,0,0,0,0,0,0,0,0,0
ubt,bintrie,5,4,storage_mixed_k10,11,,2837,0,0,0.0948,22.2766,0.0073,0.5034,23.3272,0,4,0,0,0,0,0,0,0,0,0,0,4,0,0,0,0,0,0,0,0,0
ubt,bintrie,5,4,storage_mixed_k10,11,,2838,0,0,0.0601,20.2038,0.0032,0.147,20.6358,0,4,0,0,0,0,0,0,0,0,0,0,4,0,0,0,0,0,0,0,0,0
ubt,bintrie,5,4,storage_mixed_k10,11,,2839,91722,2,0.7332,10.5487,5.7559,7.1716,24.6957,3.7141,11,0,0,0,3,0,0,0,1,305,4,7,36.36,0,0,0,0,0,0,0,0
ubt,bintrie,5,4,storage_mixed_k10,11,,2840,15904058,1,260.1197,49.7991,31.188,5.6229,348.5642,45.6273,17,1965,11,585,3,0,234,0,0,0,4,13,23.53,1050,915,53.44,11,0,100,585,0
ubt,bintrie,5,4,storage_mixed_k10,11,,2841,21000,1,0.7248,2.6923,30.9745,0.7627,39.738,0.5285,6,0,0,0,2,0,0,0,0,0,0,6,0,0,0,0,0,0,0,0,0
ubt,bintrie,5,4,storage_mixed_k10,11,,2842,0,0,0.0691,6.9613,0.0312,0.4713,7.9999,0,4,0,0,0,0,0,0,0,0,0,0,4,0,0,0,0,0,0,0,0,0
ubt,bintrie,5,4,storage_mixed_k10,12,,2843,0,0,0.2094,2.7597,0.0064,0.6174,4.2929,0,4,0,0,0,0,0,0,0,0,0,0,4,0,0,0,0,0,0,0,0,0
ubt,bintrie,5,4,storage_mixed_k10,12,,2844,0,0,0.0677,1.5855,0.0044,0.5556,2.7608,0,4,0,0,0,0,0,0,0,0,0,0,4,0,0,0,0,0,0,0,0,0
ubt,bintrie,5,4,storage_mixed_k10,12,,2845,0,0,0.0825,12.2036,0.0032,0.3097,13.0958,0,4,0,0,0,0,0,0,0,0,0,0,4,0,0,0,0,0,0,0,0,0
ubt,bintrie,5,4,storage_mixed_k10,12,,2846,0,0,0.0834,22.0314,0.0064,0.3202,22.8188,0,4,0,0,0,0,0,0,0,0,0,0,4,0,0,0,0,0,0,0,0,0
ubt,bintrie,5,4,storage_mixed_k10,12,,2847,0,0,0.0583,5.9376,0.0055,0.4022,6.9316,0,4,0,0,0,0,0,0,0,0,0,0,4,0,0,0,0,0,0,0,0,0
ubt,bintrie,5,4,storage_mixed_k10,12,,2848,91722,2,0.2123,5.3814,5.5129,21.0887,33.6458,2.7261,11,0,0,0,3,0,0,0,1,305,5,6,45.45,0,0,0,0,0,0,0,0
ubt,bintrie,5,4,storage_mixed_k10,12,,2849,15904058,1,232.9319,37.4006,56.4638,5.8399,350.8045,45.336,17,1965,11,585,3,0,234,0,0,0,5,12,29.41,112,1853,5.7,11,0,100,585,0
ubt,bintrie,5,4,storage_mixed_k10,12,,2850,21000,1,0.0726,5.8685,14.6556,0.9421,26.3514,0.7969,6,0,0,0,2,0,0,0,0,0,2,4,33.33,0,0,0,0,0,0,0,0
ubt,bintrie,5,4,storage_mixed_k10,12,,2851,0,0,0.1604,6.3908,0.0085,0.5635,7.7441,0,4,0,0,0,0,0,0,0,0,0,0,4,0,0,0,0,0,0,0,0,0
ubt,bintrie,5,4,storage_mixed_k10,13,,2853,0,0,0.4597,42.5732,0.0035,0.2077,44.0694,0,4,0,0,0,0,0,0,0,0,0,0,4,0,0,0,0,0,0,0,0,0
ubt,bintrie,5,4,storage_mixed_k10,13,,2854,0,0,0.1476,61.9277,0.0055,0.2937,63.0946,0,4,0,0,0,0,0,0,0,0,0,0,4,0,0,0,0,0,0,0,0,0
ubt,bintrie,5,4,storage_mixed_k10,13,,2855,0,0,0.1613,42.8042,0.0023,0.1735,43.466,0,4,0,0,0,0,0,0,0,0,0,0,4,0,0,0,0,0,0,0,0,0
ubt,bintrie,5,4,storage_mixed_k10,13,,2856,0,0,0.1161,23.2578,0.007,0.3637,24.082,0,4,0,0,0,0,0,0,0,0,0,0,4,0,0,0,0,0,0,0,0,0
ubt,bintrie,5,4,storage_mixed_k10,13,,2857,0,0,0.1228,40.3933,0.0067,0.4996,41.4771,0,4,0,0,0,0,0,0,0,0,0,0,4,0,0,0,0,0,0,0,0,0
ubt,bintrie,5,4,storage_mixed_k10,13,,2858,91722,2,0.6297,45.2025,6.4783,6.506,60.0392,1.5277,11,0,0,0,3,0,0,0,1,305,4,7,36.36,0,0,0,0,0,0,0,0
ubt,bintrie,5,4,storage_mixed_k10,13,,2859,15904058,1,292.0007,21.5711,5.0512,5.1358,324.409,49.0247,17,1965,11,585,3,0,234,0,0,0,4,13,23.53,1290,675,65.65,11,0,100,585,0
ubt,bintrie,5,4,storage_mixed_k10,13,,2860,21000,1,0.1345,23.576,2.1431,1.5755,27.7452,0.7569,6,0,0,0,2,0,0,0,0,0,2,4,33.33,0,0,0,0,0,0,0,0
ubt,bintrie,5,4,storage_mixed_k10,13,,2861,0,0,0.0612,2.0381,0.0076,2.0801,5.4669,0,4,0,0,0,0,0,0,0,0,0,0,4,0,0,0,0,0,0,0,0,0
ubt,bintrie,5,4,storage_mixed_k10,14,,2862,0,0,0.0887,18.8106,0.0023,0.2666,19.4697,0,4,0,0,0,0,0,0,0,0,0,0,4,0,0,0,0,0,0,0,0,0
ubt,bintrie,5,4,storage_mixed_k10,14,,2863,0,0,0.1152,3.8989,0.0082,0.8196,6.3036,0,4,0,0,0,0,0,0,0,0,0,0,4,0,0,0,0,0,0,0,0,0
ubt,bintrie,5,4,storage_mixed_k10,14,,2864,0,0,0.2564,19.6435,0.0035,0.1137,20.3978,0,4,0,0,0,0,0,0,0,0,0,0,4,0,0,0,0,0,0,0,0,0
ubt,bintrie,5,4,storage_mixed_k10,14,,2865,0,0,0.0656,1.8725,0.009,1.2953,4.1086,0,4,0,0,0,0,0,0,0,0,0,0,4,0,0,0,0,0,0,0,0,0
ubt,bintrie,5,4,storage_mixed_k10,14,,2866,0,0,0.0528,57.2171,0.0029,0.1231,57.6176,0,4,0,0,0,0,0,0,0,0,0,0,4,0,0,0,0,0,0,0,0,0
ubt,bintrie,5,4,storage_mixed_k10,14,,2867,91722,2,0.2255,7.5566,6.261,6.289,20.5932,4.454,11,0,0,0,3,0,0,0,1,305,5,6,45.45,0,0,0,0,0,0,0,0
ubt,bintrie,5,4,storage_mixed_k10,14,,2868,15904058,1,241.8272,41.298,9.5163,6.975,300.7802,52.876,17,1965,11,585,3,0,234,0,0,0,0,17,0,149,1816,7.58,11,0,100,585,0
ubt,bintrie,5,4,storage_mixed_k10,14,,2869,21000,1,0.4947,75.2408,6.3515,0.7201,83.243,0.2523,6,0,0,0,2,0,0,0,0,0,0,6,0,0,0,0,0,0,0,0,0
ubt,bintrie,5,4,storage_mixed_k10,14,,2870,0,0,0.2648,18.46,0.0312,14.5503,35.3856,0,4,0,0,0,0,0,0,0,0,0,0,4,0,0,0,0,0,0,0,0,0
ubt,bintrie,5,4,storage_mixed_k10,15,,2871,0,0,0.0548,2.2548,0.0035,0.765,3.5757,0,4,0,0,0,0,0,0,0,0,0,0,4,0,0,0,0,0,0,0,0,0
ubt,bintrie,5,4,storage_mixed_k10,15,,2872,0,0,0.0828,2.076,0.0088,1.29,4.4014,0,4,0,0,0,0,0,0,0,0,0,0,4,0,0,0,0,0,0,0,0,0
ubt,bintrie,5,4,storage_mixed_k10,15,,2873,0,0,0.0286,1.9284,0.0023,0.1426,2.2697,0,4,0,0,0,0,0,0,0,0,0,0,4,0,0,0,0,0,0,0,0,0
ubt,bintrie,5,4,storage_mixed_k10,15,,2874,0,0,0.1452,27.4364,0.0111,0.7697,28.9151,0,4,0,0,0,0,0,0,0,0,0,0,4,0,0,0,0,0,0,0,0,0
ubt,bintrie,5,4,storage_mixed_k10,15,,2875,0,0,0.0528,58.1662,0.0029,0.145,58.6588,0,4,0,0,0,0,0,0,0,0,0,0,4,0,0,0,0,0,0,0,0,0
ubt,bintrie,5,4,storage_mixed_k10,15,,2876,91722,2,4.178,6.0321,30.528,9.2027,50.2721,1.8245,11,0,0,0,3,0,0,0,1,305,5,6,45.45,0,0,0,0,0,0,0,0
ubt,bintrie,5,4,storage_mixed_k10,15,,2877,15904058,1,252.2665,34.3006,62.7009,2.1527,353.9322,44.9353,17,1965,11,585,3,0,234,0,0,0,4,13,23.53,150,1815,7.63,11,0,100,585,0
ubt,bintrie,5,4,storage_mixed_k10,15,,2878,21000,1,0.1158,71.4081,1.8415,0.7604,74.5565,0.2817,6,0,0,0,2,0,0,0,0,0,2,4,33.33,0,0,0,0,0,0,0,0
ubt,bintrie,5,4,storage_mixed_k10,15,,2879,0,0,0.1339,8.3024,0.0085,1.0109,10.2285,0,4,0,0,0,0,0,0,0,0,0,0,4,0,0,0,0,0,0,0,0,0
ubt,bintrie,5,4,storage_mixed_k10,15,,2880,0,0,0.1432,19.223,0.0201,1.5723,22.9381,0,4,0,0,0,0,0,0,0,0,0,0,4,0,0,0,0,0,0,0,0,0
ubt,bintrie,5,4,storage_mixed_k10,16,,2881,0,0,0.0712,4.9958,0.0029,0.1692,5.4777,0,4,0,0,0,0,0,0,0,0,0,0,4,0,0,0,0,0,0,0,0,0
ubt,bintrie,5,4,storage_mixed_k10,16,,2882,0,0,0.0831,67.1598,0.0026,0.243,67.923,0,4,0,0,0,0,0,0,0,0,0,0,4,0,0,0,0,0,0,0,0,0
ubt,bintrie,5,4,storage_mixed_k10,16,,2883,0,0,0.0338,1.9722,0.002,0.119,2.2612,0,4,0,0,0,0,0,0,0,0,0,0,4,0,0,0,0,0,0,0,0,0
ubt,bintrie,5,4,storage_mixed_k10,16,,2884,0,0,0.1205,52.6378,0.0052,0.4544,53.6268,0,4,0,0,0,0,0,0,0,0,0,0,4,0,0,0,0,0,0,0,0,0
ubt,bintrie,5,4,storage_mixed_k10,16,,2885,0,0,0.0647,49.067,0.0029,0.2625,49.6693,0,4,0,0,0,0,0,0,0,0,0,0,4,0,0,0,0,0,0,0,0,0
ubt,bintrie,5,4,storage_mixed_k10,16,,2886,91722,2,1.3746,30.661,6.1975,6.0884,44.7256,2.0508,11,0,0,0,3,0,0,0,1,305,4,7,36.36,0,0,0,0,0,0,0,0
ubt,bintrie,5,4,storage_mixed_k10,16,,2887,15904058,1,248.7401,31.0634,7.099,3.2663,290.6862,54.7121,17,1965,11,585,3,0,234,0,0,0,5,12,29.41,1463,502,74.45,11,0,100,585,0
ubt,bintrie,5,4,storage_mixed_k10,16,,2888,21000,1,0.0849,15.2462,10.3927,1.5213,27.4973,0.7637,6,0,0,0,2,0,0,0,0,0,2,4,33.33,0,0,0,0,0,0,0,0
ubt,bintrie,5,4,storage_mixed_k10,16,,2889,0,0,0.1595,10.8404,0.0222,1.0491,13.3994,0,4,0,0,0,0,0,0,0,0,0,0,4,0,0,0,0,0,0,0,0,0
ubt,bintrie,5,4,storage_mixed_k10,17,,2890,0,0,0.1709,33.4338,0.0032,0.1817,34.2379,0,4,0,0,0,0,0,0,0,0,0,0,4,0,0,0,0,0,0,0,0,0
ubt,bintrie,5,4,storage_mixed_k10,17,,2891,0,0,0.2625,31.5389,0.0088,0.7076,33.3646,0,4,0,0,0,0,0,0,0,0,0,0,4,0,0,0,0,0,0,0,0,0
ubt,bintrie,5,4,storage_mixed_k10,17,,2892,0,0,0.0411,6.4395,0.0026,0.1295,6.7706,0,4,0,0,0,0,0,0,0,0,0,0,4,0,0,0,0,0,0,0,0,0
ubt,bintrie,5,4,storage_mixed_k10,17,,2893,0,0,0.0411,2.3038,0.0023,0.1552,2.6518,0,4,0,0,0,0,0,0,0,0,0,0,4,0,0,0,0,0,0,0,0,0
ubt,bintrie,5,4,storage_mixed_k10,17,,2894,91722,2,0.1187,13.0806,0.5154,6.3433,20.2578,4.5277,11,0,0,0,3,0,0,0,1,305,6,5,54.55,0,0,0,0,0,0,0,0
ubt,bintrie,5,4,storage_mixed_k10,17,,2895,15904058,1,339.2431,10.2133,11.2481,13.3364,374.8582,42.4269,17,1965,11,585,3,0,234,0,0,0,8,9,47.06,1773,192,90.23,11,0,100,585,0
ubt,bintrie,5,4,storage_mixed_k10,17,,2896,0,0,0.2187,30.2798,0.016,0.9596,32.4054,0,4,0,0,0,0,0,0,0,0,0,0,4,0,0,0,0,0,0,0,0,0
ubt,bintrie,5,4,storage_mixed_k10,17,,2897,21000,1,1.1293,21.6079,57.2221,0.7455,83.885,0.2503,6,0,0,0,2,0,0,0,0,0,0,6,0,0,0,0,0,0,0,0,0
ubt,bintrie,5,4,storage_mixed_k10,17,,2898,0,0,0.1135,3.6125,0.0414,1.551,11.3913,0,4,0,0,0,0,0,0,0,0,0,0,4,0,0,0,0,0,0,0,0,0
ubt,bintrie,5,4,storage_mixed_k10,17,,2899,0,0,0.1292,7.4213,0.0114,0.9607,9.7149,0,4,0,0,0,0,0,0,0,0,0,0,4,0,0,0,0,0,0,0,0,0
ubt,bintrie,5,4,storage_mixed_k10,18,,2900,0,0,0.0662,11.0148,0.0064,0.3771,73.7221,0,4,0,0,0,0,0,0,0,0,0,0,4,0,0,0,0,0,0,0,0,0
ubt,bintrie,5,4,storage_mixed_k10,18,,2901,0,0,0.0557,2.0434,0.0073,5.5301,10.022,0,4,0,0,0,0,0,0,0,0,0,0,4,0,0,0,0,0,0,0,0,0
ubt,bintrie,5,4,storage_mixed_k10,18,,2902,0,0,0.1021,23.8011,0.0064,0.3663,24.6528,0,4,0,0,0,0,0,0,0,0,0,0,4,0,0,0,0,0,0,0,0,0
ubt,bintrie,5,4,storage_mixed_k10,18,,2903,0,0,0.1371,7.7628,0.0175,1.5359,10.1223,0,4,0,0,0,0,0,0,0,0,0,0,4,0,0,0,0,0,0,0,0,0
ubt,bintrie,5,4,storage_mixed_k10,18,,2904,91722,2,0.6545,5.8285,29.9788,6.6746,43.3791,2.1144,11,0,0,0,3,0,0,0,1,305,4,7,36.36,0,0,0,0,0,0,0,0
ubt,bintrie,5,4,storage_mixed_k10,18,,2905,15904058,1,263.8331,57.4901,15.5154,5.8521,344.511,46.1641,17,1965,11,585,3,0,234,0,0,0,5,12,29.41,1072,893,54.55,11,0,100,585,0
ubt,bintrie,5,4,storage_mixed_k10,18,,2906,21000,1,1.5283,6.4527,6.5997,0.7271,17.8536,1.1762,6,0,0,0,2,0,0,0,0,0,2,4,33.33,0,0,0,0,0,0,0,0
ubt,bintrie,5,4,storage_mixed_k10,18,,2907,0,0,0.0948,8.9609,0.0076,1.3166,11.3747,0,4,0,0,0,0,0,0,0,0,0,0,4,0,0,0,0,0,0,0,0,0
ubt,bintrie,5,4,storage_mixed_k10,19,,2908,0,0,0.2307,47.4774,0.0032,0.2887,48.5228,0,4,0,0,0,0,0,0,0,0,0,0,4,0,0,0,0,0,0,0,0,0
ubt,bintrie,5,4,storage_mixed_k10,19,,2909,0,0,0.1123,3.5299,0.0137,0.73,5.5873,0,4,0,0,0,0,0,0,0,0,0,0,4,0,0,0,0,0,0,0,0,0
ubt,bintrie,5,4,storage_mixed_k10,19,,2910,0,0,0.0604,30.3956,0.0023,0.1919,30.8724,0,4,0,0,0,0,0,0,0,0,0,0,4,0,0,0,0,0,0,0,0,0
ubt,bintrie,5,4,storage_mixed_k10,19,,2911,0,0,0.0505,53.2955,0.0029,0.1703,53.7787,0,4,0,0,0,0,0,0,0,0,0,0,4,0,0,0,0,0,0,0,0,0
ubt,bintrie,5,4,storage_mixed_k10,19,,2912,0,0,0.1129,3.3418,0.0029,0.1724,3.8394,0,4,0,0,0,0,0,0,0,0,0,0,4,0,0,0,0,0,0,0,0,0
ubt,bintrie,5,4,storage_mixed_k10,19,,2913,91722,2,0.2109,20.4188,23.1274,9.0598,53.063,1.7285,11,0,0,0,3,0,0,0,1,305,5,6,45.45,0,0,0,0,0,0,0,0
ubt,bintrie,5,4,storage_mixed_k10,19,,2914,0,0,0.0793,19.7541,0.0067,0.4389,20.6016,0,4,0,0,0,0,0,0,0,0,0,0,4,0,0,0,0,0,0,0,0,0
ubt,bintrie,5,4,storage_mixed_k10,19,,2915,15904058,1,236.5715,38.0711,6.168,2.1469,324.8905,48.9521,17,1965,11,585,3,0,234,0,0,0,1,16,5.88,467,1498,23.77,11,0,100,585,0
ubt,bintrie,5,4,storage_mixed_k10,19,,2916,21000,1,0.1622,45.5362,10.1025,1.1684,57.3492,0.3662,6,0,0,0,2,0,0,0,0,0,2,4,33.33,0,0,0,0,0,0,0,0
ubt,bintrie,5,4,storage_mixed_k10,19,,2917,0,0,0.0671,5.4424,0.0067,1.3545,7.6438,0,4,0,0,0,0,0,0,0,0,0,0,4,0,0,0,0,0,0,0,0,0
ubt,bintrie,5,4,storage_mixed_k10,19,,2918,0,0,0.1056,34.9128,0.0079,0.6134,36.6289,0,4,0,0,0,0,0,0,0,0,0,0,4,0,0,0,0,0,0,0,0,0
ubt,bintrie,5,4,storage_mixed_k10,1,,2743,0,0,0.1715,22.398,0.0079,0.56,23.7139,0,4,0,0,0,0,0,0,0,0,0,0,4,0,0,0,0,0,0,0,0,0
ubt,bintrie,5,4,storage_mixed_k10,1,,2744,0,0,0.0805,2.5138,0.0064,7.631,10.9958,0,4,0,0,0,0,0,0,0,0,0,0,4,0,0,0,0,0,0,0,0,0
ubt,bintrie,5,4,storage_mixed_k10,1,,2745,0,0,0.1339,51.0625,0.0026,0.385,52.8664,0,4,0,0,0,0,0,0,0,0,0,0,4,0,0,0,0,0,0,0,0,0
ubt,bintrie,5,4,storage_mixed_k10,1,,2746,0,0,0.0983,17.1283,0.0096,0.5804,18.2401,0,4,0,0,0,0,0,0,0,0,0,0,4,0,0,0,0,0,0,0,0,0
ubt,bintrie,5,4,storage_mixed_k10,1,,2747,0,0,0.0648,18.0321,0.0055,0.2304,18.5921,0,4,0,0,0,0,0,0,0,0,0,0,4,0,0,0,0,0,0,0,0,0
ubt,bintrie,5,4,storage_mixed_k10,1,,2748,91722,2,0.1668,3.2406,1.4831,4.6035,9.6892,9.4664,11,0,0,0,3,0,0,0,1,305,6,5,54.55,0,0,0,0,0,0,0,0
ubt,bintrie,5,4,storage_mixed_k10,1,,2749,15904058,1,241.9596,53.9946,5.3584,6.7105,309.5504,51.3779,17,1965,11,585,3,0,234,0,0,0,0,17,0,4,1961,0.2,11,0,100,585,0
ubt,bintrie,5,4,storage_mixed_k10,1,,2750,21000,1,0.0776,56.0143,6.3748,0.7784,63.4149,0.3312,6,0,0,0,2,0,0,0,0,0,2,4,33.33,0,0,0,0,0,0,0,0
ubt,bintrie,5,4,storage_mixed_k10,1,,2751,0,0,0.0519,15.9893,0.0032,0.1756,16.4653,0,4,0,0,0,0,0,0,0,0,0,0,4,0,0,0,0,0,0,0,0,0
ubt,bintrie,5,4,storage_mixed_k10,20,,2919,0,0,0.1677,25.3953,0.0026,0.3412,26.4357,0,4,0,0,0,0,0,0,0,0,0,0,4,0,0,0,0,0,0,0,0,0
ubt,bintrie,5,4,storage_mixed_k10,20,,2920,0,0,0.1129,3.9062,0.0114,1.5277,7.0147,0,4,0,0,0,0,0,0,0,0,0,0,4,0,0,0,0,0,0,0,0,0
ubt,bintrie,5,4,storage_mixed_k10,20,,2921,0,0,1.2127,58.7442,0.0058,0.3643,60.7526,0,4,0,0,0,0,0,0,0,0,0,0,4,0,0,0,0,0,0,0,0,0
ubt,bintrie,5,4,storage_mixed_k10,20,,2922,0,0,0.1225,93.9102,0.0277,0.4914,95.0943,0,4,0,0,0,0,0,0,0,0,0,0,4,0,0,0,0,0,0,0,0,0
ubt,bintrie,5,4,storage_mixed_k10,20,,2923,0,0,1.9655,4.0546,0.0038,0.166,6.754,0,4,0,0,0,0,0,0,0,0,0,0,4,0,0,0,0,0,0,0,0,0
ubt,bintrie,5,4,storage_mixed_k10,20,,2924,91722,2,0.6985,2.4911,56.3725,8.2458,68.2923,1.3431,11,0,0,0,3,0,0,0,1,305,4,7,36.36,0,0,0,0,0,0,0,0
ubt,bintrie,5,4,storage_mixed_k10,20,,2925,15904058,1,253.064,30.4174,58.741,2.1157,344.9649,46.1034,17,1965,11,585,3,0,234,0,0,0,6,11,35.29,1070,895,54.45,11,0,100,585,0
ubt,bintrie,5,4,storage_mixed_k10,20,,2926,21000,1,0.124,25.715,34.109,0.8341,61.1458,0.3434,6,0,0,0,2,0,0,0,0,0,2,4,33.33,0,0,0,0,0,0,0,0
ubt,bintrie,5,4,storage_mixed_k10,20,,2927,0,0,0.1234,9.1453,0.0105,0.6673,10.6254,0,4,0,0,0,0,0,0,0,0,0,0,4,0,0,0,0,0,0,0,0,0
ubt,bintrie,5,4,storage_mixed_k10,2,,2753,0,0,0.2255,90.9875,0.0032,0.2432,92.0068,0,4,0,0,0,0,0,0,0,0,0,0,4,0,0,0,0,0,0,0,0,0
ubt,bintrie,5,4,storage_mixed_k10,2,,2754,0,0,0.2152,3.686,0.0067,0.4877,4.9602,0,4,0,0,0,0,0,0,0,0,0,0,4,0,0,0,0,0,0,0,0,0
ubt,bintrie,5,4,storage_mixed_k10,2,,2755,0,0,0.8484,3.1867,0.0032,0.1732,4.4776,0,4,0,0,0,0,0,0,0,0,0,0,4,0,0,0,0,0,0,0,0,0
ubt,bintrie,5,4,storage_mixed_k10,2,,2756,0,0,0.0621,17.9507,0.0026,0.1697,18.4422,0,4,0,0,0,0,0,0,0,0,0,0,4,0,0,0,0,0,0,0,0,0
ubt,bintrie,5,4,storage_mixed_k10,2,,2757,0,0,0.0516,45.5391,0.0219,0.5136,46.6179,0,4,0,0,0,0,0,0,0,0,0,0,4,0,0,0,0,0,0,0,0,0
ubt,bintrie,5,4,storage_mixed_k10,2,,2758,91722,2,1.3571,3.9111,1.7085,15.259,24.019,3.8187,11,0,0,0,3,0,0,0,1,305,4,7,36.36,0,0,0,0,0,0,0,0
ubt,bintrie,5,4,storage_mixed_k10,2,,2759,15904058,1,250.4145,46.6436,9.2287,6.275,314.0075,50.6486,17,1965,11,585,3,0,234,0,0,0,2,15,11.76,1006,959,51.2,11,0,100,585,0
ubt,bintrie,5,4,storage_mixed_k10,2,,2760,21000,1,0.1272,19.7692,51.3953,0.8575,72.5333,0.2895,6,0,0,0,2,0,0,0,0,0,2,4,33.33,0,0,0,0,0,0,0,0
ubt,bintrie,5,4,storage_mixed_k10,2,,2761,0,0,0.142,5.7008,0.0131,0.793,8.0402,0,4,0,0,0,0,0,0,0,0,0,0,4,0,0,0,0,0,0,0,0,0
ubt,bintrie,5,4,storage_mixed_k10,3,,2762,0,0,0.3264,66.7025,0.0023,0.2788,68.1406,0,4,0,0,0,0,0,0,0,0,0,0,4,0,0,0,0,0,0,0,0,0
ubt,bintrie,5,4,storage_mixed_k10,3,,2763,0,0,0.0808,2.0291,0.0088,1.0068,4.1203,0,4,0,0,0,0,0,0,0,0,0,0,4,0,0,0,0,0,0,0,0,0
ubt,bintrie,5,4,storage_mixed_k10,3,,2764,0,0,0.119,63.2597,0.0029,0.1963,65.8135,0,4,0,0,0,0,0,0,0,0,0,0,4,0,0,0,0,0,0,0,0,0
ubt,bintrie,5,4,storage_mixed_k10,3,,2765,0,0,0.1362,15.8803,0.0029,0.1184,16.577,0,4,0,0,0,0,0,0,0,0,0,0,4,0,0,0,0,0,0,0,0,0
ubt,bintrie,5,4,storage_mixed_k10,3,,2766,0,0,0.1298,21.0403,0.005,0.287,21.8756,0,4,0,0,0,0,0,0,0,0,0,0,4,0,0,0,0,0,0,0,0,0
ubt,bintrie,5,4,storage_mixed_k10,3,,2767,91722,2,0.7668,1.6555,34.3878,5.2076,42.2865,2.1691,11,0,0,0,3,0,0,0,1,305,4,7,36.36,0,0,0,0,0,0,0,0
ubt,bintrie,5,4,storage_mixed_k10,3,,2768,15904058,1,293.1251,58.0654,4.5175,2.6077,359.9251,44.1871,17,1965,11,585,3,0,234,0,0,0,3,14,17.65,200,1765,10.18,11,0,100,585,0
ubt,bintrie,5,4,storage_mixed_k10,3,,2769,21000,1,0.1067,20.5827,1.4026,0.737,60.6899,0.346,6,0,0,0,2,0,0,0,0,0,2,4,33.33,0,0,0,0,0,0,0,0
ubt,bintrie,5,4,storage_mixed_k10,3,,2770,0,0,0.1181,57.6969,0.0131,0.1794,58.4925,0,4,0,0,0,0,0,0,0,0,0,0,4,0,0,0,0,0,0,0,0,0
ubt,bintrie,5,4,storage_mixed_k10,4,,2771,0,0,0.2222,29.4243,0.0023,0.1563,30.4271,0,4,0,0,0,0,0,0,0,0,0,0,4,0,0,0,0,0,0,0,0,0
ubt,bintrie,5,4,storage_mixed_k10,4,,2772,0,0,0.2482,69.4426,0.0038,0.1627,70.4331,0,4,0,0,0,0,0,0,0,0,0,0,4,0,0,0,0,0,0,0,0,0
ubt,bintrie,5,4,storage_mixed_k10,4,,2773,0,0,0.082,41.3479,0.002,0.1721,48.8491,0,4,0,0,0,0,0,0,0,0,0,0,4,0,0,0,0,0,0,0,0,0
ubt,bintrie,5,4,storage_mixed_k10,4,,2774,0,0,0.1444,2.3365,0.0061,0.4658,3.5022,0,4,0,0,0,0,0,0,0,0,0,0,4,0,0,0,0,0,0,0,0,0
ubt,bintrie,5,4,storage_mixed_k10,4,,2775,0,0,0.0385,4.2985,0.0032,0.1934,4.7739,0,4,0,0,0,0,0,0,0,0,0,0,4,0,0,0,0,0,0,0,0,0
ubt,bintrie,5,4,storage_mixed_k10,4,,2776,91722,2,0.2281,6.6667,6.3345,6.5687,20.0043,4.5851,11,0,0,0,3,0,0,0,1,305,6,5,54.55,0,0,0,0,0,0,0,0
ubt,bintrie,5,4,storage_mixed_k10,4,,2777,15904058,1,249.5098,57.4058,6.4253,7.0958,322.2653,49.3508,17,1965,11,585,3,0,234,0,0,0,0,17,0,0,1965,0,11,0,100,585,0
ubt,bintrie,5,4,storage_mixed_k10,4,,2778,21000,1,0.0729,59.6554,6.1951,0.7843,66.9387,0.3137,6,0,0,0,2,0,0,0,0,0,2,4,33.33,0,0,0,0,0,0,0,0
ubt,bintrie,5,4,storage_mixed_k10,4,,2779,0,0,0.1528,18.9188,0.0029,0.1365,19.5913,0,4,0,0,0,0,0,0,0,0,0,0,4,0,0,0,0,0,0,0,0,0
ubt,bintrie,5,4,storage_mixed_k10,5,,2780,0,0,0.2068,93.7993,0.0026,0.1715,96.1831,0,4,0,0,0,0,0,0,0,0,0,0,4,0,0,0,0,0,0,0,0,0
ubt,bintrie,5,4,storage_mixed_k10,5,,2781,0,0,0.182,48.2054,0.084,2.7993,52.1093,0,4,0,0,0,0,0,0,0,0,0,0,4,0,0,0,0,0,0,0,0,0
ubt,bintrie,5,4,storage_mixed_k10,5,,2782,0,0,0.1237,26.0612,0.0093,0.4039,27.0313,0,4,0,0,0,0,0,0,0,0,0,0,4,0,0,0,0,0,0,0,0,0
ubt,bintrie,5,4,storage_mixed_k10,5,,2783,0,0,0.1499,18.9374,0.0262,1.6721,21.6968,0,4,0,0,0,0,0,0,0,0,0,0,4,0,0,0,0,0,0,0,0,0
ubt,bintrie,5,4,storage_mixed_k10,5,,2784,91722,2,1.334,23.3275,11.6702,9.1269,46.5436,1.9707,11,0,0,0,3,0,0,0,1,305,4,7,36.36,0,0,0,0,0,0,0,0
ubt,bintrie,5,4,storage_mixed_k10,5,,2785,15904058,1,245.855,47.1485,4.8354,2.2924,301.2586,52.7921,17,1965,11,585,3,0,234,0,0,0,7,10,41.18,312,1653,15.88,11,0,100,585,0
ubt,bintrie,5,4,storage_mixed_k10,5,,2786,21000,1,1.0899,20.3768,1.3933,0.7364,24.2205,0.867,6,0,0,0,2,0,0,0,0,0,2,4,33.33,0,0,0,0,0,0,0,0
ubt,bintrie,5,4,storage_mixed_k10,5,,2787,0,0,0.1187,25.7045,0.0088,0.548,26.8461,0,4,0,0,0,0,0,0,0,0,0,0,4,0,0,0,0,0,0,0,0,0
ubt,bintrie,5,4,storage_mixed_k10,6,,2788,0,0,0.4179,33.8517,0.0064,0.5364,36.3667,0,4,0,0,0,0,0,0,0,0,0,0,4,0,0,0,0,0,0,0,0,0
ubt,bintrie,5,4,storage_mixed_k10,6,,2789,0,0,0.0403,0.812,0.0026,0.1972,1.2772,0,4,0,0,0,0,0,0,0,0,0,0,4,0,0,0,0,0,0,0,0,0
ubt,bintrie,5,4,storage_mixed_k10,6,,2790,0,0,0.1339,31.2974,0.0093,1.2979,33.3515,0,4,0,0,0,0,0,0,0,0,0,0,4,0,0,0,0,0,0,0,0,0
ubt,bintrie,5,4,storage_mixed_k10,6,,2791,0,0,0.1027,22.9833,0.0067,0.3815,23.9659,0,4,0,0,0,0,0,0,0,0,0,0,4,0,0,0,0,0,0,0,0,0
ubt,bintrie,5,4,storage_mixed_k10,6,,2792,0,0,0.1205,27.1631,0.0093,0.5474,28.3277,0,4,0,0,0,0,0,0,0,0,0,0,4,0,0,0,0,0,0,0,0,0
ubt,bintrie,5,4,storage_mixed_k10,6,,2793,91722,2,1.3784,10.8786,1.4248,8.0909,23.9919,3.823,11,0,0,0,3,0,0,0,1,305,4,7,36.36,0,0,0,0,0,0,0,0
ubt,bintrie,5,4,storage_mixed_k10,6,,2794,15904058,1,255.3488,29.3523,10.5207,4.7383,327.7398,48.5265,17,1965,11,585,3,0,234,0,0,0,9,8,52.94,1122,843,57.1,11,0,100,585,0
ubt,bintrie,5,4,storage_mixed_k10,6,,2795,21000,1,1.1876,28.7649,44.6204,0.7627,76.2549,0.2754,6,0,0,0,2,0,0,0,0,0,0,6,0,0,0,0,0,0,0,0,0
ubt,bintrie,5,4,storage_mixed_k10,6,,2796,0,0,0.0461,4.3726,0.005,0.2555,4.955,0,4,0,0,0,0,0,0,0,0,0,0,4,0,0,0,0,0,0,0,0,0
ubt,bintrie,5,4,storage_mixed_k10,7,,2797,0,0,0.166,39.6572,0.0032,0.4354,41.0732,0,4,0,0,0,0,0,0,0,0,0,0,4,0,0,0,0,0,0,0,0,0
ubt,bintrie,5,4,storage_mixed_k10,7,,2798,0,0,0.1604,29.8881,0.0137,0.7869,31.517,0,4,0,0,0,0,0,0,0,0,0,0,4,0,0,0,0,0,0,0,0,0
ubt,bintrie,5,4,storage_mixed_k10,7,,2799,0,0,0.0569,14.3645,0.0029,0.1534,14.8011,0,4,0,0,0,0,0,0,0,0,0,0,4,0,0,0,0,0,0,0,0,0
ubt,bintrie,5,4,storage_mixed_k10,7,,2800,0,0,0.1035,23.9709,0.0093,0.4308,24.8879,0,4,0,0,0,0,0,0,0,0,0,0,4,0,0,0,0,0,0,0,0,0
ubt,bintrie,5,4,storage_mixed_k10,7,,2801,0,0,0.0977,15.5341,0.0061,0.4442,16.395,0,4,0,0,0,0,0,0,0,0,0,0,4,0,0,0,0,0,0,0,0,0
ubt,bintrie,5,4,storage_mixed_k10,7,,2802,91722,2,1.2941,46.4094,5.3266,6.026,59.4358,1.5432,11,0,0,0,3,0,0,0,1,305,4,7,36.36,0,0,0,0,0,0,0,0
ubt,bintrie,5,4,storage_mixed_k10,7,,2803,15904058,1,247.8505,25.8486,76.9059,5.3747,357.4875,44.4884,17,1965,11,585,3,0,234,0,0,0,2,15,11.76,589,1376,29.97,11,0,100,585,0
ubt,bintrie,5,4,storage_mixed_k10,7,,2804,21000,1,0.3208,25.6322,7.6222,0.7122,34.524,0.6083,6,0,0,0,2,0,0,0,0,0,0,6,0,0,0,0,0,0,0,0,0
ubt,bintrie,5,4,storage_mixed_k10,7,,2805,0,0,0.0423,5.9256,0.0023,0.1458,6.4104,0,4,0,0,0,0,0,0,0,0,0,0,4,0,0,0,0,0,0,0,0,0
ubt,bintrie,5,4,storage_mixed_k10,8,,2806,0,0,0.1899,87.1866,0.0029,0.1753,88.035,0,4,0,0,0,0,0,0,0,0,0,0,4,0,0,0,0,0,0,0,0,0
ubt,bintrie,5,4,storage_mixed_k10,8,,2807,0,0,0.1385,52.4648,0.0032,0.5253,53.5924,0,4,0,0,0,0,0,0,0,0,0,0,4,0,0,0,0,0,0,0,0,0
ubt,bintrie,5,4,storage_mixed_k10,8,,2808,0,0,0.112,12.3567,0.0035,0.3392,13.6879,0,4,0,0,0,0,0,0,0,0,0,0,4,0,0,0,0,0,0,0,0,0
ubt,bintrie,5,4,storage_mixed_k10,8,,2809,0,0,0.0825,23.7708,0.007,0.4906,24.6817,0,4,0,0,0,0,0,0,0,0,0,0,4,0,0,0,0,0,0,0,0,0
ubt,bintrie,5,4,storage_mixed_k10,8,,2810,0,0,0.1027,7.6362,0.0216,1.4685,10.1632,0,4,0,0,0,0,0,0,0,0,0,0,4,0,0,0,0,0,0,0,0,0
ubt,bintrie,5,4,storage_mixed_k10,8,,2811,91722,2,0.3226,43.6351,2.2712,6.2071,52.8577,1.7353,11,0,0,0,3,0,0,0,1,305,5,6,45.45,0,0,0,0,0,0,0,0
ubt,bintrie,5,4,storage_mixed_k10,8,,2812,15904058,1,248.953,48.1786,9.6711,7.6954,315.0348,50.4835,17,1965,11,585,3,0,234,0,0,0,4,13,23.53,203,1762,10.33,11,0,100,585,0
ubt,bintrie,5,4,storage_mixed_k10,8,,2813,21000,1,0.6093,60.7369,6.4506,0.8199,69.4146,0.3025,6,0,0,0,2,0,0,0,0,0,2,4,33.33,0,0,0,0,0,0,0,0
ubt,bintrie,5,4,storage_mixed_k10,8,,2814,0,0,0.0362,6.2441,0.0026,0.1514,6.6417,0,4,0,0,0,0,0,0,0,0,0,0,4,0,0,0,0,0,0,0,0,0
ubt,bintrie,5,4,storage_mixed_k10,9,,2815,0,0,0.0647,16.3105,0.0079,0.7577,17.6083,0,4,0,0,0,0,0,0,0,0,0,0,4,0,0,0,0,0,0,0,0,0
ubt,bintrie,5,4,storage_mixed_k10,9,,2816,0,0,0.0595,1.7313,0.0064,1.4023,4.0459,0,4,0,0,0,0,0,0,0,0,0,0,4,0,0,0,0,0,0,0,0,0
ubt,bintrie,5,4,storage_mixed_k10,9,,2817,0,0,0.0828,27.5326,0.007,0.3535,28.3954,0,4,0,0,0,0,0,0,0,0,0,0,4,0,0,0,0,0,0,0,0,0
ubt,bintrie,5,4,storage_mixed_k10,9,,2818,0,0,0.0852,6.4305,0.0082,1.2903,8.7291,0,4,0,0,0,0,0,0,0,0,0,0,4,0,0,0,0,0,0,0,0,0
ubt,bintrie,5,4,storage_mixed_k10,9,,2819,0,0,0.0647,6.119,0.0295,1.4539,17.2656,0,4,0,0,0,0,0,0,0,0,0,0,4,0,0,0,0,0,0,0,0,0
ubt,bintrie,5,4,storage_mixed_k10,9,,2820,91722,2,0.9969,39.5738,1.9387,7.0762,50.1502,1.8289,11,0,0,0,3,0,0,0,1,305,4,7,36.36,0,0,0,0,0,0,0,0
ubt,bintrie,5,4,storage_mixed_k10,9,,2821,15904058,1,252.6329,32.8513,37.2186,5.5363,328.8087,48.3687,17,1965,11,585,3,0,234,0,0,0,2,15,11.76,153,1812,7.79,11,0,100,585,0
ubt,bintrie,5,4,storage_mixed_k10,9,,2822,21000,1,0.9966,65.3174,1.3997,0.7472,68.9757,0.3045,6,0,0,0,2,0,0,0,0,0,0,6,0,0,0,0,0,0,0,0,0
ubt,bintrie,5,4,storage_mixed_k10,9,,2823,0,0,0.119,77.7178,0.0029,0.1514,78.3461,0,4,0,0,0,0,0,0,0,0,0,0,4,0,0,0,0,0,0,0,0,0
ubt,bintrie,5,4,storage_mixed_k10,9,,2824,0,0,0.4206,45.6415,0.0073,0.8788,48.6805,0,4,0,0,0,0,0,0,0,0,0,0,4,0,0,0,0,0,0,0,0,0
ubt,bintrie,5,4,storage_mixed_k100,10,,3010,0,0,0.639,2.4146,0.0029,0.3722,3.8549,0,4,0,0,0,0,0,0,0,0,0,0,4,0,0,0,0,0,0,0,0,0
ubt,bintrie,5,4,storage_mixed_k100,10,,3011,0,0,0.1067,3.394,0.0134,0.7143,5.7947,0,4,0,0,0,0,0,0,0,0,0,0,4,0,0,0,0,0,0,0,0,0
ubt,bintrie,5,4,storage_mixed_k100,10,,3012,0,0,0.0682,5.5576,0.0044,0.2144,6.3089,0,4,0,0,0,0,0,0,0,0,0,0,4,0,0,0,0,0,0,0,0,0
ubt,bintrie,5,4,storage_mixed_k100,10,,3013,0,0,0.1012,67.3117,0.0032,0.1461,67.9893,0,4,0,0,0,0,0,0,0,0,0,0,4,0,0,0,0,0,0,0,0,0
ubt,bintrie,5,4,storage_mixed_k100,10,,3014,91722,2,6.0099,49.1898,1.8068,2.3339,59.67,1.5372,11,0,0,0,3,0,0,0,1,305,5,6,45.45,0,0,0,0,0,0,0,0
ubt,bintrie,5,4,storage_mixed_k100,10,,3015,15913612,1,255.107,22.2329,6.0636,1.8599,285.8934,55.6628,107,2161,101,3105,5,0,209,0,0,0,60,47,56.07,1890,271,87.46,101,0,100,3105,0
ubt,bintrie,5,4,storage_mixed_k100,10,,3016,21000,1,0.1718,6.2021,64.1863,0.7735,71.6729,0.293,6,0,0,0,2,0,0,0,0,0,2,4,33.33,0,0,0,0,0,0,0,0
ubt,bintrie,5,4,storage_mixed_k100,10,,3017,0,0,0.2065,30.2372,0.0163,1.4038,32.9315,0,4,0,0,0,0,0,0,0,0,0,0,4,0,0,0,0,0,0,0,0,0
ubt,bintrie,5,4,storage_mixed_k100,10,,3018,0,0,0.1575,15.4434,0.0333,4.8698,21.7861,0,4,0,0,0,0,0,0,0,0,0,0,4,0,0,0,0,0,0,0,0,0
ubt,bintrie,5,4,storage_mixed_k100,11,,3019,0,0,0.1578,46.2513,0.0038,0.3127,47.2412,0,4,0,0,0,0,0,0,0,0,0,0,4,0,0,0,0,0,0,0,0,0
ubt,bintrie,5,4,storage_mixed_k100,11,,3020,0,0,0.0569,1.7316,0.0093,1.0444,3.9065,0,4,0,0,0,0,0,0,0,0,0,0,4,0,0,0,0,0,0,0,0,0
ubt,bintrie,5,4,storage_mixed_k100,11,,3021,0,0,0.0831,39.3679,0.0032,0.3465,40.2778,0,4,0,0,0,0,0,0,0,0,0,0,4,0,0,0,0,0,0,0,0,0
ubt,bintrie,5,4,storage_mixed_k100,11,,3022,0,0,0.1487,4.0342,0.0131,1.7465,7.0692,0,4,0,0,0,0,0,0,0,0,0,0,4,0,0,0,0,0,0,0,0,0
ubt,bintrie,5,4,storage_mixed_k100,11,,3023,0,0,0.0665,30.8523,0.0026,0.1718,35.2275,0,4,0,0,0,0,0,0,0,0,0,0,4,0,0,0,0,0,0,0,0,0
ubt,bintrie,5,4,storage_mixed_k100,11,,3024,91722,2,0.2561,4.218,6.1814,2.0189,14.6941,6.2421,11,0,0,0,3,0,0,0,1,305,6,5,54.55,0,0,0,0,0,0,0,0
ubt,bintrie,5,4,storage_mixed_k100,11,,3025,15913612,1,242.6984,34.7412,68.1721,3.3167,352.1134,45.1946,107,2161,101,3105,5,0,209,0,0,0,9,98,8.41,1226,935,56.73,101,0,100,3105,0
ubt,bintrie,5,4,storage_mixed_k100,11,,3026,21000,1,0.1409,10.9883,48.6613,0.8464,60.9617,0.3445,6,0,0,0,2,0,0,0,0,0,2,4,33.33,0,0,0,0,0,0,0,0
ubt,bintrie,5,4,storage_mixed_k100,11,,3027,0,0,0.1385,71.8718,0.0026,0.1931,72.7013,0,4,0,0,0,0,0,0,0,0,0,0,4,0,0,0,0,0,0,0,0,0
ubt,bintrie,5,4,storage_mixed_k100,12,,3028,0,0,0.1251,77.0739,0.0032,0.2106,96.8215,0,4,0,0,0,0,0,0,0,0,0,0,4,0,0,0,0,0,0,0,0,0
ubt,bintrie,5,4,storage_mixed_k100,12,,3029,0,0,0.3955,80.2107,0.0026,0.126,89.2524,0,4,0,0,0,0,0,0,0,0,0,0,4,0,0,0,0,0,0,0,0,0
ubt,bintrie,5,4,storage_mixed_k100,12,,3030,0,0,0.1426,21.1858,0.0029,0.1598,21.7254,0,4,0,0,0,0,0,0,0,0,0,0,4,0,0,0,0,0,0,0,0,0
ubt,bintrie,5,4,storage_mixed_k100,12,,3031,0,0,0.1062,3.9849,0.0155,1.0406,6.6577,0,4,0,0,0,0,0,0,0,0,0,0,4,0,0,0,0,0,0,0,0,0
ubt,bintrie,5,4,storage_mixed_k100,12,,3032,0,0,0.0542,60.6639,0.0026,0.1368,61.0734,0,4,0,0,0,0,0,0,0,0,0,0,4,0,0,0,0,0,0,0,0,0
ubt,bintrie,5,4,storage_mixed_k100,12,,3033,91722,2,0.6577,18.2267,12.8444,1.9165,34.0203,2.6961,11,0,0,0,3,0,0,0,1,305,4,7,36.36,0,0,0,0,0,0,0,0
ubt,bintrie,5,4,storage_mixed_k100,12,,3034,15913612,1,225.2714,47.6277,76.0466,2.522,353.3104,45.0414,107,2161,101,3105,5,0,209,0,0,0,2,105,1.87,237,1924,10.97,101,0,100,3105,0
ubt,bintrie,5,4,storage_mixed_k100,12,,3035,21000,1,0.1245,11.8799,49.2895,1.218,62.9546,0.3336,6,0,0,0,2,0,0,0,0,0,2,4,33.33,0,0,0,0,0,0,0,0
ubt,bintrie,5,4,storage_mixed_k100,12,,3036,0,0,0.2625,6.0983,0.0169,1.4802,9.5428,0,4,0,0,0,0,0,0,0,0,0,0,4,0,0,0,0,0,0,0,0,0
ubt,bintrie,5,4,storage_mixed_k100,13,,3037,0,0,0.154,60.9585,0.0044,0.1855,61.7355,0,4,0,0,0,0,0,0,0,0,0,0,4,0,0,0,0,0,0,0,0,0
ubt,bintrie,5,4,storage_mixed_k100,13,,3038,0,0,0.1067,82.2021,0.0026,0.1362,82.893,0,4,0,0,0,0,0,0,0,0,0,0,4,0,0,0,0,0,0,0,0,0
ubt,bintrie,5,4,storage_mixed_k100,13,,3039,0,0,0.035,1.9728,0.0015,0.1143,2.2881,0,4,0,0,0,0,0,0,0,0,0,0,4,0,0,0,0,0,0,0,0,0
ubt,bintrie,5,4,storage_mixed_k100,13,,3040,0,0,0.1601,59.9418,0.0035,1.7794,63.633,0,4,0,0,0,0,0,0,0,0,0,0,4,0,0,0,0,0,0,0,0,0
ubt,bintrie,5,4,storage_mixed_k100,13,,3041,0,0,0.1269,24.6618,0.005,0.3019,66.7369,0,4,0,0,0,0,0,0,0,0,0,0,4,0,0,0,0,0,0,0,0,0
ubt,bintrie,5,4,storage_mixed_k100,13,,3042,91722,2,0.5859,4.8322,1.8377,2.2017,14.3455,6.3938,11,0,0,0,3,0,0,0,1,305,4,7,36.36,0,0,0,0,0,0,0,0
ubt,bintrie,5,4,storage_mixed_k100,13,,3043,15913612,1,251.5225,82.4198,9.217,6.0691,350.053,45.4606,107,2161,101,3105,5,0,209,0,0,0,6,101,5.61,744,1417,34.43,101,0,100,3105,0
ubt,bintrie,5,4,storage_mixed_k100,13,,3044,21000,1,0.0828,11.5182,33.5767,0.9636,46.4001,0.4526,6,0,0,0,2,0,0,0,0,0,2,4,33.33,0,0,0,0,0,0,0,0
ubt,bintrie,5,4,storage_mixed_k100,13,,3045,0,0,0.1992,8.5631,0.009,0.5247,9.9494,0,4,0,0,0,0,0,0,0,0,0,0,4,0,0,0,0,0,0,0,0,0
ubt,bintrie,5,4,storage_mixed_k100,13,,3046,0,0,0.0919,7.1646,0.0117,1.5645,10.1993,0,4,0,0,0,0,0,0,0,0,0,0,4,0,0,0,0,0,0,0,0,0
ubt,bintrie,5,4,storage_mixed_k100,14,,3047,0,0,0.1345,46.7369,0.0067,0.8697,48.4008,0,4,0,0,0,0,0,0,0,0,0,0,4,0,0,0,0,0,0,0,0,0
ubt,bintrie,5,4,storage_mixed_k100,14,,3048,0,0,0.25,3.8884,0.0128,0.8146,6.3786,0,4,0,0,0,0,0,0,0,0,0,0,4,0,0,0,0,0,0,0,0,0
ubt,bintrie,5,4,storage_mixed_k100,14,,3049,0,0,0.0983,56.7029,0.0026,0.1709,57.3662,0,4,0,0,0,0,0,0,0,0,0,0,4,0,0,0,0,0,0,0,0,0
ubt,bintrie,5,4,storage_mixed_k100,14,,3050,0,0,0.1592,73.34,0.0032,0.177,74.3229,0,4,0,0,0,0,0,0,0,0,0,0,4,0,0,0,0,0,0,0,0,0
ubt,bintrie,5,4,storage_mixed_k100,14,,3051,0,0,0.04,2.1629,0.0026,0.1277,2.4905,0,4,0,0,0,0,0,0,0,0,0,0,4,0,0,0,0,0,0,0,0,0
ubt,bintrie,5,4,storage_mixed_k100,14,,3052,91722,2,0.5448,8.6748,7.4924,5.7011,22.7897,4.0247,11,0,0,0,3,0,0,0,1,305,6,5,54.55,0,0,0,0,0,0,0,0
ubt,bintrie,5,4,storage_mixed_k100,14,,3053,15913612,1,260.8577,34.8492,15.2494,15.8511,327.689,48.5632,107,2161,101,3105,5,0,209,0,0,0,8,99,7.48,1492,669,69.04,101,0,100,3105,0
ubt,bintrie,5,4,storage_mixed_k100,14,,3054,21000,1,0.0878,4.904,47.231,0.9339,56.9692,0.3686,6,0,0,0,2,0,0,0,0,0,2,4,33.33,0,0,0,0,0,0,0,0
ubt,bintrie,5,4,storage_mixed_k100,14,,3055,0,0,0.0992,6.3506,0.0082,1.0876,8.279,0,4,0,0,0,0,0,0,0,0,0,0,4,0,0,0,0,0,0,0,0,0
ubt,bintrie,5,4,storage_mixed_k100,15,,3056,0,0,0.0627,0.7837,0.0023,0.2024,1.3151,0,4,0,0,0,0,0,0,0,0,0,0,4,0,0,0,0,0,0,0,0,0
ubt,bintrie,5,4,storage_mixed_k100,15,,3057,0,0,0.0706,2.0997,0.0087,1.234,4.3028,0,4,0,0,0,0,0,0,0,0,0,0,4,0,0,0,0,0,0,0,0,0
ubt,bintrie,5,4,storage_mixed_k100,15,,3058,0,0,0.0557,42.0864,0.0032,0.1292,45.2194,0,4,0,0,0,0,0,0,0,0,0,0,4,0,0,0,0,0,0,0,0,0
ubt,bintrie,5,4,storage_mixed_k100,15,,3059,0,0,0.1146,53.1129,0.0026,0.1572,53.817,0,4,0,0,0,0,0,0,0,0,0,0,4,0,0,0,0,0,0,0,0,0
ubt,bintrie,5,4,storage_mixed_k100,15,,3060,0,0,0.0542,54.3886,0.0023,0.1759,54.8232,0,4,0,0,0,0,0,0,0,0,0,0,4,0,0,0,0,0,0,0,0,0
ubt,bintrie,5,4,storage_mixed_k100,15,,3061,91722,2,0.8726,3.7117,4.8156,2.0472,11.6226,7.8917,11,0,0,0,3,0,0,0,1,305,4,7,36.36,0,0,0,0,0,0,0,0
ubt,bintrie,5,4,storage_mixed_k100,15,,3062,15913612,1,279.6808,41.562,75.6418,2.2971,401.4759,39.6378,107,2161,101,3105,5,0,209,0,0,0,91,16,85.05,1481,680,68.53,101,0,100,3105,0
ubt,bintrie,5,4,storage_mixed_k100,15,,3063,21000,1,0.072,3.8942,10.6989,43.4575,62.4364,0.3363,6,0,0,0,2,0,0,0,0,0,2,4,33.33,0,0,0,0,0,0,0,0
ubt,bintrie,5,4,storage_mixed_k100,15,,3064,0,0,8.1224,7.568,0.0155,1.0844,17.4202,0,4,0,0,0,0,0,0,0,0,0,0,4,0,0,0,0,0,0,0,0,0
ubt,bintrie,5,4,storage_mixed_k100,16,,3065,0,0,0.0709,1.9343,0.0026,0.4459,2.7346,0,4,0,0,0,0,0,0,0,0,0,0,4,0,0,0,0,0,0,0,0,0
ubt,bintrie,5,4,storage_mixed_k100,16,,3066,0,0,0.086,2.5695,0.0079,5.3021,9.0834,0,4,0,0,0,0,0,0,0,0,0,0,4,0,0,0,0,0,0,0,0,0
ubt,bintrie,5,4,storage_mixed_k100,16,,3067,0,0,0.061,59.1578,0.0029,0.1622,59.7741,0,4,0,0,0,0,0,0,0,0,0,0,4,0,0,0,0,0,0,0,0,0
ubt,bintrie,5,4,storage_mixed_k100,16,,3068,0,0,0.1371,3.9389,0.0566,0.7271,7.9568,0,4,0,0,0,0,0,0,0,0,0,0,4,0,0,0,0,0,0,0,0,0
ubt,bintrie,5,4,storage_mixed_k100,16,,3069,0,0,0.0671,64.6623,0.0035,0.1423,65.1068,0,4,0,0,0,0,0,0,0,0,0,0,4,0,0,0,0,0,0,0,0,0
ubt,bintrie,5,4,storage_mixed_k100,16,,3070,91722,2,0.1928,12.772,2.8247,2.2434,18.497,4.9587,11,0,0,0,3,0,0,0,1,305,6,5,54.55,0,0,0,0,0,0,0,0
ubt,bintrie,5,4,storage_mixed_k100,16,,3071,15913612,1,225.972,34.792,59.2809,14.3447,339.1355,46.9241,107,2161,101,3105,5,0,209,0,0,0,43,64,40.19,289,1872,13.37,101,0,100,3105,0
ubt,bintrie,5,4,storage_mixed_k100,16,,3072,21000,1,0.1438,15.7691,48.5099,0.7781,65.5481,0.3204,6,0,0,0,2,0,0,0,0,0,2,4,33.33,0,0,0,0,0,0,0,0
ubt,bintrie,5,4,storage_mixed_k100,16,,3073,0,0,0.3299,80.0794,0.0038,0.2304,81.2137,0,4,0,0,0,0,0,0,0,0,0,0,4,0,0,0,0,0,0,0,0,0
ubt,bintrie,5,4,storage_mixed_k100,17,,3074,0,0,0.3911,95.8833,0.0055,0.3538,97.7242,0,4,0,0,0,0,0,0,0,0,0,0,4,0,0,0,0,0,0,0,0,0
ubt,bintrie,5,4,storage_mixed_k100,17,,3075,0,0,0.1047,79.532,0.0029,0.1452,80.2448,0,4,0,0,0,0,0,0,0,0,0,0,4,0,0,0,0,0,0,0,0,0
ubt,bintrie,5,4,storage_mixed_k100,17,,3076,0,0,0.0729,22.1072,0.007,0.3223,22.8398,0,4,0,0,0,0,0,0,0,0,0,0,4,0,0,0,0,0,0,0,0,0
ubt,bintrie,5,4,storage_mixed_k100,17,,3077,0,0,0.0461,1.8363,0.0082,1.108,4.1456,0,4,0,0,0,0,0,0,0,0,0,0,4,0,0,0,0,0,0,0,0,0
ubt,bintrie,5,4,storage_mixed_k100,17,,3078,91722,2,0.2295,2.6281,9.5145,2.7865,15.4113,5.9516,11,0,0,0,3,0,0,0,1,305,5,6,45.45,0,0,0,0,0,0,0,0
ubt,bintrie,5,4,storage_mixed_k100,17,,3079,15913612,1,275.0448,26.233,3.3337,3.0583,309.5201,51.4138,107,2161,101,3105,5,0,209,0,0,0,7,100,6.54,1480,681,68.49,101,0,100,3105,0
ubt,bintrie,5,4,storage_mixed_k100,17,,3080,21000,1,0.1254,23.5681,6.733,0.9861,31.6272,0.664,6,0,0,0,2,0,0,0,0,0,0,6,0,0,0,0,0,0,0,0,0
ubt,bintrie,5,4,storage_mixed_k100,17,,3081,0,0,0.1315,8.6025,0.0181,1.3034,10.8687,0,4,0,0,0,0,0,0,0,0,0,0,4,0,0,0,0,0,0,0,0,0
ubt,bintrie,5,4,storage_mixed_k100,18,,3082,0,0,0.2155,11.7224,0.0058,0.5906,13.1077,0,4,0,0,0,0,0,0,0,0,0,0,4,0,0,0,0,0,0,0,0,0
ubt,bintrie,5,4,storage_mixed_k100,18,,3083,0,0,0.0717,2.1533,0.0067,1.1646,4.3049,0,4,0,0,0,0,0,0,0,0,0,0,4,0,0,0,0,0,0,0,0,0
ubt,bintrie,5,4,storage_mixed_k100,18,,3084,0,0,0.0776,68.5685,0.0026,0.1837,69.0725,0,4,0,0,0,0,0,0,0,0,0,0,4,0,0,0,0,0,0,0,0,0
ubt,bintrie,5,4,storage_mixed_k100,18,,3085,0,0,0.1765,49.1128,0.0117,0.7379,50.6875,0,4,0,0,0,0,0,0,0,0,0,0,4,0,0,0,0,0,0,0,0,0
ubt,bintrie,5,4,storage_mixed_k100,18,,3086,0,0,0.0755,31.1177,0.0026,0.1575,31.5943,0,4,0,0,0,0,0,0,0,0,0,0,4,0,0,0,0,0,0,0,0,0
ubt,bintrie,5,4,storage_mixed_k100,18,,3087,91722,2,0.135,1.6581,18.4868,2.6649,23.3701,3.9248,11,0,0,0,3,0,0,0,1,305,5,6,45.45,0,0,0,0,0,0,0,0
ubt,bintrie,5,4,storage_mixed_k100,18,,3088,15913612,1,279.462,67.436,6.7248,2.9064,357.3773,44.5289,107,2161,101,3105,5,0,209,0,0,0,90,17,84.11,1550,611,71.73,101,0,100,3105,0
ubt,bintrie,5,4,storage_mixed_k100,18,,3089,21000,1,0.0919,20.9085,37.1244,0.9575,59.3879,0.3536,6,0,0,0,2,0,0,0,0,0,2,4,33.33,0,0,0,0,0,0,0,0
ubt,bintrie,5,4,storage_mixed_k100,18,,3090,0,0,0.0968,7.0561,0.009,0.6256,20.1076,0,4,0,0,0,0,0,0,0,0,0,0,4,0,0,0,0,0,0,0,0,0
ubt,bintrie,5,4,storage_mixed_k100,19,,3091,0,0,0.2155,2.3864,0.0055,0.5638,3.7854,0,4,0,0,0,0,0,0,0,0,0,0,4,0,0,0,0,0,0,0,0,0
ubt,bintrie,5,4,storage_mixed_k100,19,,3092,0,0,0.1712,4.0234,0.0178,0.8344,7.0092,0,4,0,0,0,0,0,0,0,0,0,0,4,0,0,0,0,0,0,0,0,0
ubt,bintrie,5,4,storage_mixed_k100,19,,3093,0,0,0.0922,55.0037,0.0035,0.1225,58.1186,0,4,0,0,0,0,0,0,0,0,0,0,4,0,0,0,0,0,0,0,0,0
ubt,bintrie,5,4,storage_mixed_k100,19,,3094,0,0,0.4063,52.1883,0.0123,0.7933,54.5254,0,4,0,0,0,0,0,0,0,0,0,0,4,0,0,0,0,0,0,0,0,0
ubt,bintrie,5,4,storage_mixed_k100,19,,3095,0,0,0.0429,15.6889,0.0026,0.2263,16.2553,0,4,0,0,0,0,0,0,0,0,0,0,4,0,0,0,0,0,0,0,0,0
ubt,bintrie,5,4,storage_mixed_k100,19,,3096,91722,2,0.38,1.9999,57.7593,2.7576,64.7918,1.4156,11,0,0,0,3,0,0,0,1,305,5,6,45.45,0,0,0,0,0,0,0,0
ubt,bintrie,5,4,storage_mixed_k100,19,,3097,15913612,1,242.7406,77.9652,13.3667,6.2613,341.206,46.6393,107,2161,101,3105,5,0,209,0,0,0,9,98,8.41,162,1999,7.5,101,0,100,3105,0
ubt,bintrie,5,4,storage_mixed_k100,19,,3098,21000,1,0.0974,4.7217,37.3633,0.994,43.4391,0.4834,6,0,0,0,2,0,0,0,0,0,2,4,33.33,0,0,0,0,0,0,0,0
ubt,bintrie,5,4,storage_mixed_k100,19,,3099,0,0,0.098,7.2778,0.0099,1.0809,9.1065,0,4,0,0,0,0,0,0,0,0,0,0,4,0,0,0,0,0,0,0,0,0
ubt,bintrie,5,4,storage_mixed_k100,1,,2928,0,0,0.0545,5.0507,0.002,0.2164,5.9592,0,4,0,0,0,0,0,0,0,0,0,0,4,0,0,0,0,0,0,0,0,0
ubt,bintrie,5,4,storage_mixed_k100,1,,2929,0,0,0.0385,11.3514,0.0023,0.1473,11.7227,0,4,0,0,0,0,0,0,0,0,0,0,4,0,0,0,0,0,0,0,0,0
ubt,bintrie,5,4,storage_mixed_k100,1,,2930,0,0,0.0423,11.7635,0.0029,0.1184,12.1088,0,4,0,0,0,0,0,0,0,0,0,0,4,0,0,0,0,0,0,0,0,0
ubt,bintrie,5,4,storage_mixed_k100,1,,2931,0,0,0.2377,32.8399,0.005,0.3996,34.116,0,4,0,0,0,0,0,0,0,0,0,0,4,0,0,0,0,0,0,0,0,0
ubt,bintrie,5,4,storage_mixed_k100,1,,2932,91722,2,0.5574,12.3908,13.4892,6.5737,40.5015,2.2647,11,0,0,0,3,0,0,0,1,305,4,7,36.36,0,0,0,0,0,0,0,0
ubt,bintrie,5,4,storage_mixed_k100,1,,2933,15913612,1,280.3433,31.6687,29.8904,18.0776,360.9148,44.0924,107,2161,101,3105,5,0,209,0,0,0,59,48,55.14,1838,323,85.05,101,0,100,3105,0
ubt,bintrie,5,4,storage_mixed_k100,1,,2934,21000,1,0.1027,12.6618,17.8589,2.2863,33.1911,0.6327,6,0,0,0,2,0,0,0,0,0,2,4,33.33,0,0,0,0,0,0,0,0
ubt,bintrie,5,4,storage_mixed_k100,1,,2935,0,0,0.1222,7.5548,0.0105,0.7834,9.2112,0,4,0,0,0,0,0,0,0,0,0,0,4,0,0,0,0,0,0,0,0,0
ubt,bintrie,5,4,storage_mixed_k100,1,,2936,0,0,0.142,7.5674,0.0169,1.6062,10.4186,0,4,0,0,0,0,0,0,0,0,0,0,4,0,0,0,0,0,0,0,0,0
ubt,bintrie,5,4,storage_mixed_k100,20,,3100,0,0,0.455,4.7934,0.0134,1.1897,8.247,0,4,0,0,0,0,0,0,0,0,0,0,4,0,0,0,0,0,0,0,0,0
ubt,bintrie,5,4,storage_mixed_k100,20,,3101,0,0,0.1056,3.4325,0.0114,0.5477,8.7976,0,4,0,0,0,0,0,0,0,0,0,0,4,0,0,0,0,0,0,0,0,0
ubt,bintrie,5,4,storage_mixed_k100,20,,3102,0,0,0.0642,46.3668,0.0026,0.1394,46.8122,0,4,0,0,0,0,0,0,0,0,0,0,4,0,0,0,0,0,0,0,0,0
ubt,bintrie,5,4,storage_mixed_k100,20,,3103,0,0,0.245,26.863,0.0055,0.4419,28.2834,0,4,0,0,0,0,0,0,0,0,0,0,4,0,0,0,0,0,0,0,0,0
ubt,bintrie,5,4,storage_mixed_k100,20,,3104,0,0,0.1406,77.0995,0.0041,0.4774,78.7611,0,4,0,0,0,0,0,0,0,0,0,0,4,0,0,0,0,0,0,0,0,0
ubt,bintrie,5,4,storage_mixed_k100,20,,3105,91722,2,0.1864,9.6189,37.4447,5.6098,53.2065,1.7239,11,0,0,0,3,0,0,0,1,305,5,6,45.45,0,0,0,0,0,0,0,0
ubt,bintrie,5,4,storage_mixed_k100,20,,3106,15913612,1,248.4345,55.9915,11.0868,2.587,318.3968,49.9804,107,2161,101,3105,5,0,209,0,0,0,18,89,16.82,205,1956,9.49,101,0,100,3105,0
ubt,bintrie,5,4,storage_mixed_k100,20,,3107,21000,1,0.3596,16.5,0.3789,1.6292,58.4298,0.3594,6,0,0,0,2,0,0,0,0,0,0,6,0,0,0,0,0,0,0,0,0
ubt,bintrie,5,4,storage_mixed_k100,20,,3108,0,0,0.0472,0.8254,0.0082,1.0281,4.7756,0,4,0,0,0,0,0,0,0,0,0,0,4,0,0,0,0,0,0,0,0,0
ubt,bintrie,5,4,storage_mixed_k100,2,,2937,0,0,0.2001,2.5016,0.005,0.6422,4.0742,0,4,0,0,0,0,0,0,0,0,0,0,4,0,0,0,0,0,0,0,0,0
ubt,bintrie,5,4,storage_mixed_k100,2,,2938,0,0,0.0796,2.9691,0.0061,20.5287,24.5915,0,4,0,0,0,0,0,0,0,0,0,0,4,0,0,0,0,0,0,0,0,0
ubt,bintrie,5,4,storage_mixed_k100,2,,2939,0,0,0.0933,23.4704,0.0064,0.3634,24.3098,0,4,0,0,0,0,0,0,0,0,0,0,4,0,0,0,0,0,0,0,0,0
ubt,bintrie,5,4,storage_mixed_k100,2,,2940,0,0,0.1242,7.4108,0.0155,0.884,9.0519,0,4,0,0,0,0,0,0,0,0,0,0,4,0,0,0,0,0,0,0,0,0
ubt,bintrie,5,4,storage_mixed_k100,2,,2941,0,0,0.0869,42.9909,0.0053,0.5238,44.9908,0,4,0,0,0,0,0,0,0,0,0,0,4,0,0,0,0,0,0,0,0,0
ubt,bintrie,5,4,storage_mixed_k100,2,,2942,91722,2,0.1867,7.9057,5.0407,22.4143,35.7697,2.5642,11,0,0,0,3,0,0,0,1,305,5,6,45.45,0,0,0,0,0,0,0,0
ubt,bintrie,5,4,storage_mixed_k100,2,,2943,15913612,1,281.0203,32.4121,6.5722,3.4121,323.6466,49.1697,107,2161,101,3105,5,0,209,0,0,0,10,97,9.35,1432,729,66.27,101,0,100,3105,0
ubt,bintrie,5,4,storage_mixed_k100,2,,2944,21000,1,0.7277,14.6842,39.4877,1.2903,56.7356,0.3701,6,0,0,0,2,0,0,0,0,0,0,6,0,0,0,0,0,0,0,0,0
ubt,bintrie,5,4,storage_mixed_k100,2,,2945,0,0,0.0633,1.8608,0.0082,1.5963,4.5709,0,4,0,0,0,0,0,0,0,0,0,0,4,0,0,0,0,0,0,0,0,0
ubt,bintrie,5,4,storage_mixed_k100,3,,2946,0,0,0.0989,57.2107,0.0026,0.2231,57.8646,0,4,0,0,0,0,0,0,0,0,0,0,4,0,0,0,0,0,0,0,0,0
ubt,bintrie,5,4,storage_mixed_k100,3,,2947,0,0,0.0647,1.9107,0.0058,0.9529,3.9426,0,4,0,0,0,0,0,0,0,0,0,0,4,0,0,0,0,0,0,0,0,0
ubt,bintrie,5,4,storage_mixed_k100,3,,2948,0,0,0.0968,34.629,0.0026,0.196,35.2511,0,4,0,0,0,0,0,0,0,0,0,0,4,0,0,0,0,0,0,0,0,0
ubt,bintrie,5,4,storage_mixed_k100,3,,2949,0,0,0.1009,10.5843,0.007,0.4191,11.5669,0,4,0,0,0,0,0,0,0,0,0,0,4,0,0,0,0,0,0,0,0,0
ubt,bintrie,5,4,storage_mixed_k100,3,,2950,0,0,0.0432,3.3649,0.0029,0.1893,4.8833,0,4,0,0,0,0,0,0,0,0,0,0,4,0,0,0,0,0,0,0,0,0
ubt,bintrie,5,4,storage_mixed_k100,3,,2951,91722,2,0.189,18.6528,1.5706,25.8127,46.5634,1.9698,11,0,0,0,3,0,0,0,1,305,7,4,63.64,0,0,0,0,0,0,0,0
ubt,bintrie,5,4,storage_mixed_k100,3,,2952,15913612,1,279.3591,22.0089,22.33,6.0376,330.6068,48.1346,107,2161,101,3105,5,0,209,0,0,0,12,95,11.21,1496,665,69.23,101,0,100,3105,0
ubt,bintrie,5,4,storage_mixed_k100,3,,2953,21000,1,0.075,8.9811,17.7574,11.7673,38.7676,0.5417,6,0,0,0,2,0,0,0,0,0,2,4,33.33,0,0,0,0,0,0,0,0
ubt,bintrie,5,4,storage_mixed_k100,3,,2954,0,0,0.2984,10.176,0.0601,0.8088,12.3873,0,4,0,0,0,0,0,0,0,0,0,0,4,0,0,0,0,0,0,0,0,0
ubt,bintrie,5,4,storage_mixed_k100,3,,2955,0,0,0.0866,6.0872,0.009,1.7459,9.5483,0,4,0,0,0,0,0,0,0,0,0,0,4,0,0,0,0,0,0,0,0,0
ubt,bintrie,5,4,storage_mixed_k100,4,,2956,0,0,0.2975,11.7521,0.0058,0.6125,13.2772,0,4,0,0,0,0,0,0,0,0,0,0,4,0,0,0,0,0,0,0,0,0
ubt,bintrie,5,4,storage_mixed_k100,4,,2957,0,0,0.1272,17.9271,0.0088,0.4337,32.4757,0,4,0,0,0,0,0,0,0,0,0,0,4,0,0,0,0,0,0,0,0,0
ubt,bintrie,5,4,storage_mixed_k100,4,,2958,0,0,0.1327,43.0034,0.005,0.4847,44.289,0,4,0,0,0,0,0,0,0,0,0,0,4,0,0,0,0,0,0,0,0,0
ubt,bintrie,5,4,storage_mixed_k100,4,,2959,0,0,0.0741,24.11,0.0082,0.408,24.9599,0,4,0,0,0,0,0,0,0,0,0,0,4,0,0,0,0,0,0,0,0,0
ubt,bintrie,5,4,storage_mixed_k100,4,,2960,0,0,0.0589,17.9805,0.0032,1.402,19.8871,0,4,0,0,0,0,0,0,0,0,0,0,4,0,0,0,0,0,0,0,0,0
ubt,bintrie,5,4,storage_mixed_k100,4,,2961,91722,2,0.1423,2.4514,4.7578,1.8115,9.4282,9.7285,11,0,0,0,3,0,0,0,1,305,7,4,63.64,0,0,0,0,0,0,0,0
ubt,bintrie,5,4,storage_mixed_k100,4,,2962,15913612,1,230.2862,58.5103,84.9306,2.1761,380.246,41.8508,107,2161,101,3105,5,0,209,0,0,0,30,77,28.04,995,1166,46.04,101,0,100,3105,0
ubt,bintrie,5,4,storage_mixed_k100,4,,2963,21000,1,0.0782,10.2577,13.4397,0.9596,24.9902,0.8403,6,0,0,0,2,0,0,0,0,0,2,4,33.33,0,0,0,0,0,0,0,0
ubt,bintrie,5,4,storage_mixed_k100,4,,2964,0,0,0.0968,6.4582,0.0082,0.513,7.5161,0,4,0,0,0,0,0,0,0,0,0,0,4,0,0,0,0,0,0,0,0,0
ubt,bintrie,5,4,storage_mixed_k100,5,,2965,0,0,0.1584,1.9842,0.0076,0.4672,4.5484,0,4,0,0,0,0,0,0,0,0,0,0,4,0,0,0,0,0,0,0,0,0
ubt,bintrie,5,4,storage_mixed_k100,5,,2966,0,0,0.0685,2.6503,0.0079,2.6955,6.4113,0,4,0,0,0,0,0,0,0,0,0,0,4,0,0,0,0,0,0,0,0,0
ubt,bintrie,5,4,storage_mixed_k100,5,,2967,0,0,0.079,40.1227,0.0032,0.1505,43.1854,0,4,0,0,0,0,0,0,0,0,0,0,4,0,0,0,0,0,0,0,0,0
ubt,bintrie,5,4,storage_mixed_k100,5,,2968,0,0,0.149,44.7951,0.0064,19.6021,65.021,0,4,0,0,0,0,0,0,0,0,0,0,4,0,0,0,0,0,0,0,0,0
ubt,bintrie,5,4,storage_mixed_k100,5,,2969,0,0,0.1327,14.9933,0.0061,0.7166,16.542,0,4,0,0,0,0,0,0,0,0,0,0,4,0,0,0,0,0,0,0,0,0
ubt,bintrie,5,4,storage_mixed_k100,5,,2970,91722,2,1.038,19.7526,6.1315,5.3277,32.8277,2.794,11,0,0,0,3,0,0,0,1,305,4,7,36.36,0,0,0,0,0,0,0,0
ubt,bintrie,5,4,storage_mixed_k100,5,,2971,15913612,1,232.8733,63.9229,31.6118,3.4419,333.5356,47.7119,107,2161,101,3105,5,0,209,0,0,0,57,50,53.27,523,1638,24.2,101,0,100,3105,0
ubt,bintrie,5,4,storage_mixed_k100,5,,2972,21000,1,0.0939,15.1246,43.2918,0.8,59.6318,0.3522,6,0,0,0,2,0,0,0,0,0,2,4,33.33,0,0,0,0,0,0,0,0
ubt,bintrie,5,4,storage_mixed_k100,5,,2973,0,0,0.0782,6.2552,0.009,0.9581,8.2881,0,4,0,0,0,0,0,0,0,0,0,0,4,0,0,0,0,0,0,0,0,0
ubt,bintrie,5,4,storage_mixed_k100,6,,2974,0,0,0.229,46.6106,0.0058,0.499,48.015,0,4,0,0,0,0,0,0,0,0,0,0,4,0,0,0,0,0,0,0,0,0
ubt,bintrie,5,4,storage_mixed_k100,6,,2975,0,0,0.2473,104.0786,0.0055,0.3369,105.4004,0,4,0,0,0,0,0,0,0,0,0,0,4,0,0,0,0,0,0,0,0,0
ubt,bintrie,5,4,storage_mixed_k100,6,,2976,0,0,0.033,2.0227,0.0029,0.1391,2.3484,0,4,0,0,0,0,0,0,0,0,0,0,4,0,0,0,0,0,0,0,0,0
ubt,bintrie,5,4,storage_mixed_k100,6,,2977,0,0,0.1327,81.1063,0.0026,0.1697,82.1645,0,4,0,0,0,0,0,0,0,0,0,0,4,0,0,0,0,0,0,0,0,0
ubt,bintrie,5,4,storage_mixed_k100,6,,2978,0,0,0.0534,52.5742,0.0026,0.161,52.9647,0,4,0,0,0,0,0,0,0,0,0,0,4,0,0,0,0,0,0,0,0,0
ubt,bintrie,5,4,storage_mixed_k100,6,,2979,91722,2,0.3453,5.7751,42.0185,14.0656,62.4054,1.4698,11,0,0,0,3,0,0,0,1,305,5,6,45.45,0,0,0,0,0,0,0,0
ubt,bintrie,5,4,storage_mixed_k100,6,,2980,15913612,1,274.9174,31.9011,7.3591,8.9994,323.5072,49.1909,107,2161,101,3105,5,0,209,0,0,0,35,72,32.71,1554,607,71.91,101,0,100,3105,0
ubt,bintrie,5,4,storage_mixed_k100,6,,2981,21000,1,0.0741,6.8925,9.9084,1.9856,19.0423,1.1028,6,0,0,0,2,0,0,0,0,0,2,4,33.33,0,0,0,0,0,0,0,0
ubt,bintrie,5,4,storage_mixed_k100,6,,2982,0,0,0.306,27.4746,0.1216,1.6455,30.6557,0,4,0,0,0,0,0,0,0,0,0,0,4,0,0,0,0,0,0,0,0,0
ubt,bintrie,5,4,storage_mixed_k100,7,,2983,0,0,0.2074,91.6618,0.0038,0.2021,92.5799,0,4,0,0,0,0,0,0,0,0,0,0,4,0,0,0,0,0,0,0,0,0
ubt,bintrie,5,4,storage_mixed_k100,7,,2984,0,0,0.1957,77.8564,0.0032,0.1409,78.9253,0,4,0,0,0,0,0,0,0,0,0,0,4,0,0,0,0,0,0,0,0,0
ubt,bintrie,5,4,storage_mixed_k100,7,,2985,0,0,0.0365,0.7849,0.002,0.1391,1.2086,0,4,0,0,0,0,0,0,0,0,0,0,4,0,0,0,0,0,0,0,0,0
ubt,bintrie,5,4,storage_mixed_k100,7,,2986,0,0,0.2015,5.3,0.0102,1.5516,7.7692,0,4,0,0,0,0,0,0,0,0,0,0,4,0,0,0,0,0,0,0,0,0
ubt,bintrie,5,4,storage_mixed_k100,7,,2987,0,0,0.0618,47.7064,0.0044,0.1514,48.5831,0,4,0,0,0,0,0,0,0,0,0,0,4,0,0,0,0,0,0,0,0,0
ubt,bintrie,5,4,storage_mixed_k100,7,,2988,91722,2,0.4252,26.8137,22.7876,2.872,53.1607,1.7254,11,0,0,0,3,0,0,0,1,305,4,7,36.36,0,0,0,0,0,0,0,0
ubt,bintrie,5,4,storage_mixed_k100,7,,2989,15913612,1,267.5194,25.2338,12.1689,9.1855,315.0576,50.5102,107,2161,101,3105,5,0,209,0,0,0,40,67,37.38,1589,572,73.53,101,0,100,3105,0
ubt,bintrie,5,4,storage_mixed_k100,7,,2990,21000,1,0.0744,6.2074,6.6787,0.9765,14.1052,1.4888,6,0,0,0,2,0,0,0,0,0,2,4,33.33,0,0,0,0,0,0,0,0
ubt,bintrie,5,4,storage_mixed_k100,7,,2991,0,0,0.0787,6.6866,0.0236,1.3282,9.098,0,4,0,0,0,0,0,0,0,0,0,0,4,0,0,0,0,0,0,0,0,0
ubt,bintrie,5,4,storage_mixed_k100,8,,2992,0,0,0.2301,49.3318,0.0029,0.1872,71.3363,0,4,0,0,0,0,0,0,0,0,0,0,4,0,0,0,0,0,0,0,0,0
ubt,bintrie,5,4,storage_mixed_k100,8,,2993,0,0,0.8245,50.3897,0.0032,1.3737,69.906,0,4,0,0,0,0,0,0,0,0,0,0,4,0,0,0,0,0,0,0,0,0
ubt,bintrie,5,4,storage_mixed_k100,8,,2994,0,0,0.0577,40.9011,0.0035,0.2074,41.4316,0,4,0,0,0,0,0,0,0,0,0,0,4,0,0,0,0,0,0,0,0,0
ubt,bintrie,5,4,storage_mixed_k100,8,,2995,0,0,0.1607,15.7286,0.0114,1.1413,17.7667,0,4,0,0,0,0,0,0,0,0,0,0,4,0,0,0,0,0,0,0,0,0
ubt,bintrie,5,4,storage_mixed_k100,8,,2996,0,0,0.0612,40.5039,0.0026,0.3339,50.6297,0,4,0,0,0,0,0,0,0,0,0,0,4,0,0,0,0,0,0,0,0,0
ubt,bintrie,5,4,storage_mixed_k100,8,,2997,91722,2,0.1899,5.8069,6.0948,2.468,14.73,6.2269,11,0,0,0,3,0,0,0,1,305,5,6,45.45,0,0,0,0,0,0,0,0
ubt,bintrie,5,4,storage_mixed_k100,8,,2998,15913612,1,248.8387,51.7555,2.7888,1.8424,305.4687,52.0957,107,2161,101,3105,5,0,209,0,0,0,13,94,12.15,341,1820,15.78,101,0,100,3105,0
ubt,bintrie,5,4,storage_mixed_k100,8,,2999,21000,1,0.6244,15.5904,9.2406,0.9744,58.0819,0.3616,6,0,0,0,2,0,0,0,0,0,0,6,0,0,0,0,0,0,0,0,0
ubt,bintrie,5,4,storage_mixed_k100,8,,3000,0,0,0.1598,5.0072,0.0099,0.7898,6.8765,0,4,0,0,0,0,0,0,0,0,0,0,4,0,0,0,0,0,0,0,0,0
ubt,bintrie,5,4,storage_mixed_k100,9,,3001,0,0,0.2864,39.724,0.0108,1.2069,42.0508,0,4,0,0,0,0,0,0,0,0,0,0,4,0,0,0,0,0,0,0,0,0
ubt,bintrie,5,4,storage_mixed_k100,9,,3002,0,0,0.0563,1.8996,0.0064,1.521,4.4735,0,4,0,0,0,0,0,0,0,0,0,0,4,0,0,0,0,0,0,0,0,0
ubt,bintrie,5,4,storage_mixed_k100,9,,3003,0,0,0.1164,63.2641,0.0076,0.5708,64.3634,0,4,0,0,0,0,0,0,0,0,0,0,4,0,0,0,0,0,0,0,0,0
ubt,bintrie,5,4,storage_mixed_k100,9,,3004,0,0,0.0662,1.9588,0.0076,1.4326,4.8345,0,4,0,0,0,0,0,0,0,0,0,0,4,0,0,0,0,0,0,0,0,0
ubt,bintrie,5,4,storage_mixed_k100,9,,3005,0,0,0.0528,56.7286,0.0038,0.1394,57.4353,0,4,0,0,0,0,0,0,0,0,0,0,4,0,0,0,0,0,0,0,0,0
ubt,bintrie,5,4,storage_mixed_k100,9,,3006,91722,2,0.1829,3.1231,0.8665,16.3093,20.6387,4.4442,11,0,0,0,3,0,0,0,1,305,5,6,45.45,0,0,0,0,0,0,0,0
ubt,bintrie,5,4,storage_mixed_k100,9,,3007,15913612,1,251.0996,57.7969,12.0394,2.1306,323.3054,49.2216,107,2161,101,3105,5,0,209,0,0,0,11,96,10.28,1269,892,58.72,101,0,100,3105,0
ubt,bintrie,5,4,storage_mixed_k100,9,,3008,21000,1,0.6524,9.3978,3.8379,0.7986,15.0794,1.3926,6,0,0,0,2,0,0,0,0,0,0,6,0,0,0,0,0,0,0,0,0
ubt,bintrie,5,4,storage_mixed_k100,9,,3009,0,0,0.135,29.7909,0.0038,0.1569,30.4518,0,4,0,0,0,0,0,0,0,0,0,0,4,0,0,0,0,0,0,0,0,0
ubt,bintrie,5,4,storage_mixed_k400,10,,3193,0,0,0.2024,43.8419,0.0032,0.1765,44.7414,0,4,0,0,0,0,0,0,0,0,0,0,4,0,0,0,0,0,0,0,0,0
ubt,bintrie,5,4,storage_mixed_k400,10,,3194,0,0,0.2284,77.108,0.0026,1.1074,79.0478,0,4,0,0,0,0,0,0,0,0,0,0,4,0,0,0,0,0,0,0,0,0
ubt,bintrie,5,4,storage_mixed_k400,10,,3195,0,0,0.056,28.9192,0.0029,0.2024,29.445,0,4,0,0,0,0,0,0,0,0,0,0,4,0,0,0,0,0,0,0,0,0
ubt,bintrie,5,4,storage_mixed_k400,10,,3196,0,0,0.0697,21.6423,0.0341,0.4188,22.5695,0,4,0,0,0,0,0,0,0,0,0,0,4,0,0,0,0,0,0,0,0,0
ubt,bintrie,5,4,storage_mixed_k400,10,,3197,0,0,0.1502,41.2882,0.0035,0.1222,43.3099,0,4,0,0,0,0,0,0,0,0,0,0,4,0,0,0,0,0,0,0,0,0
ubt,bintrie,5,4,storage_mixed_k400,10,,3198,91710,2,0.7058,5.1236,11.8743,4.1944,22.3233,4.1083,11,0,0,0,3,0,0,0,1,305,4,7,36.36,0,0,0,0,0,0,0,0
ubt,bintrie,5,4,storage_mixed_k400,10,,3199,0,0,0.1397,32.3447,0.0035,0.2975,33.7257,0,4,0,0,0,0,0,0,0,0,0,0,4,0,0,0,0,0,0,0,0,0
ubt,bintrie,5,4,storage_mixed_k400,10,,3200,15912924,1,235.4583,19.0696,99.7743,8.606,363.6563,43.7581,407,2282,401,11505,73,0,191,0,0,0,193,214,47.42,1812,470,79.4,401,0,100,11505,0
ubt,bintrie,5,4,storage_mixed_k400,10,,3201,21000,1,0.0773,11.6503,51.0144,0.905,63.8687,0.3288,6,0,0,0,2,0,0,0,0,0,2,4,33.33,0,0,0,0,0,0,0,0
ubt,bintrie,5,4,storage_mixed_k400,10,,3202,0,0,0.107,54.948,0.0026,0.1607,55.5375,0,4,0,0,0,0,0,0,0,0,0,0,4,0,0,0,0,0,0,0,0,0
ubt,bintrie,5,4,storage_mixed_k400,10,,3203,0,0,0.1531,60.5537,0.0032,0.1592,61.3371,0,4,0,0,0,0,0,0,0,0,0,0,4,0,0,0,0,0,0,0,0,0
ubt,bintrie,5,4,storage_mixed_k400,11,,3204,0,0,0.2418,44.8379,0.0035,0.1689,45.7421,0,4,0,0,0,0,0,0,0,0,0,0,4,0,0,0,0,0,0,0,0,0
ubt,bintrie,5,4,storage_mixed_k400,11,,3205,0,0,0.3637,87.6252,0.0023,0.2211,88.7642,0,4,0,0,0,0,0,0,0,0,0,0,4,0,0,0,0,0,0,0,0,0
ubt,bintrie,5,4,storage_mixed_k400,11,,3206,0,0,0.1893,18.3562,0.0055,0.4521,19.4499,0,4,0,0,0,0,0,0,0,0,0,0,4,0,0,0,0,0,0,0,0,0
ubt,bintrie,5,4,storage_mixed_k400,11,,3207,0,0,0.047,1.6479,0.0067,1.1013,3.3961,0,4,0,0,0,0,0,0,0,0,0,0,4,0,0,0,0,0,0,0,0,0
ubt,bintrie,5,4,storage_mixed_k400,11,,3208,0,0,0.0493,13.5782,0.0035,0.1837,14.0778,0,4,0,0,0,0,0,0,0,0,0,0,4,0,0,0,0,0,0,0,0,0
ubt,bintrie,5,4,storage_mixed_k400,11,,3209,91710,2,0.5719,21.5912,12.0403,2.7285,37.1781,2.4668,11,0,0,0,3,0,0,0,1,305,4,7,36.36,0,0,0,0,0,0,0,0
ubt,bintrie,5,4,storage_mixed_k400,11,,3210,15912924,1,215.53,74.5251,13.3233,16.6418,320.2877,49.6832,407,2282,401,11505,73,0,191,0,0,0,93,314,22.85,1075,1207,47.11,401,0,100,11505,0
ubt,bintrie,5,4,storage_mixed_k400,11,,3211,21000,1,0.1712,77.0258,1.411,0.7309,79.6682,0.2636,6,0,0,0,2,0,0,0,0,0,2,4,33.33,0,0,0,0,0,0,0,0
ubt,bintrie,5,4,storage_mixed_k400,11,,3212,0,0,0.1829,72.1994,0.0032,0.1423,73.0081,0,4,0,0,0,0,0,0,0,0,0,0,4,0,0,0,0,0,0,0,0,0
ubt,bintrie,5,4,storage_mixed_k400,11,,3213,0,0,0.1304,60.0007,0.0035,0.1884,60.8635,0,4,0,0,0,0,0,0,0,0,0,0,4,0,0,0,0,0,0,0,0,0
ubt,bintrie,5,4,storage_mixed_k400,12,,3214,0,0,0.1948,1.6161,0.0073,0.6661,3.5734,0,4,0,0,0,0,0,0,0,0,0,0,4,0,0,0,0,0,0,0,0,0
ubt,bintrie,5,4,storage_mixed_k400,12,,3215,0,0,0.0583,1.9929,0.0067,1.1608,4.1004,0,4,0,0,0,0,0,0,0,0,0,0,4,0,0,0,0,0,0,0,0,0
ubt,bintrie,5,4,storage_mixed_k400,12,,3216,0,0,0.0338,1.2148,0.0055,0.215,6.5011,0,4,0,0,0,0,0,0,0,0,0,0,4,0,0,0,0,0,0,0,0,0
ubt,bintrie,5,4,storage_mixed_k400,12,,3217,0,0,0.0642,6.0581,0.0073,1.3702,11.3283,0,4,0,0,0,0,0,0,0,0,0,0,4,0,0,0,0,0,0,0,0,0
ubt,bintrie,5,4,storage_mixed_k400,12,,3218,0,0,0.0516,79.4506,0.0029,0.1219,79.8356,0,4,0,0,0,0,0,0,0,0,0,0,4,0,0,0,0,0,0,0,0,0
ubt,bintrie,5,4,storage_mixed_k400,12,,3219,91710,2,0.1765,5.0836,17.4765,6.1858,29.1758,3.1434,11,0,0,0,3,0,0,0,1,305,5,6,45.45,0,0,0,0,0,0,0,0
ubt,bintrie,5,4,storage_mixed_k400,12,,3220,15912924,1,215.0806,70.9274,18.364,10.7409,315.4619,50.4433,407,2282,401,11505,73,0,191,0,0,0,216,191,53.07,1061,1221,46.49,401,0,100,11505,0
ubt,bintrie,5,4,storage_mixed_k400,12,,3221,21000,1,0.4016,25.1889,41.7396,0.7411,68.4504,0.3068,6,0,0,0,2,0,0,0,0,0,0,6,0,0,0,0,0,0,0,0,0
ubt,bintrie,5,4,storage_mixed_k400,12,,3222,0,0,0.0388,6.4305,0.0018,0.1537,6.7995,0,4,0,0,0,0,0,0,0,0,0,0,4,0,0,0,0,0,0,0,0,0
ubt,bintrie,5,4,storage_mixed_k400,13,,3223,0,0,0.2619,93.3604,0.0038,0.2339,94.4921,0,4,0,0,0,0,0,0,0,0,0,0,4,0,0,0,0,0,0,0,0,0
ubt,bintrie,5,4,storage_mixed_k400,13,,3224,0,0,0.1062,76.4935,0.0026,0.1353,77.1972,0,4,0,0,0,0,0,0,0,0,0,0,4,0,0,0,0,0,0,0,0,0
ubt,bintrie,5,4,storage_mixed_k400,13,,3225,0,0,0.1257,2.3834,0.0047,0.4153,3.569,0,4,0,0,0,0,0,0,0,0,0,0,4,0,0,0,0,0,0,0,0,0
ubt,bintrie,5,4,storage_mixed_k400,13,,3226,0,0,0.0289,1.1042,0.0032,0.9391,2.4552,0,4,0,0,0,0,0,0,0,0,0,0,4,0,0,0,0,0,0,0,0,0
ubt,bintrie,5,4,storage_mixed_k400,13,,3227,0,0,0.0776,46.6185,0.0026,0.2123,54.4064,0,4,0,0,0,0,0,0,0,0,0,0,4,0,0,0,0,0,0,0,0,0
ubt,bintrie,5,4,storage_mixed_k400,13,,3228,91710,2,0.3771,15.2485,11.1388,1.9652,29.1484,3.1463,11,0,0,0,3,0,0,0,1,305,5,6,45.45,0,0,0,0,0,0,0,0
ubt,bintrie,5,4,storage_mixed_k400,13,,3229,15912924,1,183.0824,37.6414,39.2664,14.5882,295.6508,53.8234,407,2282,401,11505,73,0,191,0,0,0,24,383,5.9,447,1835,19.59,401,0,100,11505,0
ubt,bintrie,5,4,storage_mixed_k400,13,,3230,21000,1,0.0913,5.3076,6.138,2.0827,13.7832,1.5236,6,0,0,0,2,0,0,0,0,0,2,4,33.33,0,0,0,0,0,0,0,0
ubt,bintrie,5,4,storage_mixed_k400,13,,3231,0,0,0.1286,19.2023,0.0222,1.5618,21.7359,0,4,0,0,0,0,0,0,0,0,0,0,4,0,0,0,0,0,0,0,0,0
ubt,bintrie,5,4,storage_mixed_k400,14,,3232,0,0,0.1339,6.483,0.0026,0.1476,7.0812,0,4,0,0,0,0,0,0,0,0,0,0,4,0,0,0,0,0,0,0,0,0
ubt,bintrie,5,4,storage_mixed_k400,14,,3233,0,0,0.3039,73.1003,0.0064,0.4844,74.9453,0,4,0,0,0,0,0,0,0,0,0,0,4,0,0,0,0,0,0,0,0,0
ubt,bintrie,5,4,storage_mixed_k400,14,,3234,0,0,0.1105,145.141,0.0032,0.126,145.8722,0,4,0,0,0,0,0,0,0,0,0,0,4,0,0,0,0,0,0,0,0,0
ubt,bintrie,5,4,storage_mixed_k400,14,,3235,0,0,0.0936,13.1926,0.0073,0.4346,14.1551,0,4,0,0,0,0,0,0,0,0,0,0,4,0,0,0,0,0,0,0,0,0
ubt,bintrie,5,4,storage_mixed_k400,14,,3236,91710,2,1.2568,21.1015,5.6684,1.9774,30.3247,3.0243,11,0,0,0,3,0,0,0,1,305,4,7,36.36,0,0,0,0,0,0,0,0
ubt,bintrie,5,4,storage_mixed_k400,14,,3237,15912924,1,200.9824,36.565,56.6618,24.2774,334.4909,47.5736,407,2282,401,11505,73,0,191,0,0,0,55,352,13.51,1078,1204,47.24,401,0,100,11505,0
ubt,bintrie,5,4,storage_mixed_k400,14,,3238,21000,1,0.0592,2.6241,2.1282,0.9473,5.9318,3.5403,6,0,0,0,2,0,0,0,0,0,2,4,33.33,0,0,0,0,0,0,0,0
ubt,bintrie,5,4,storage_mixed_k400,14,,3239,0,0,0.2365,20.354,0.0114,0.735,22.0352,0,4,0,0,0,0,0,0,0,0,0,0,4,0,0,0,0,0,0,0,0,0
ubt,bintrie,5,4,storage_mixed_k400,14,,3240,0,0,0.1581,8.2636,0.0096,0.9377,10.5624,0,4,0,0,0,0,0,0,0,0,0,0,4,0,0,0,0,0,0,0,0,0
ubt,bintrie,5,4,storage_mixed_k400,15,,3241,0,0,0.2123,92.19,0.0023,0.1861,93.1344,0,4,0,0,0,0,0,0,0,0,0,0,4,0,0,0,0,0,0,0,0,0
ubt,bintrie,5,4,storage_mixed_k400,15,,3242,0,0,0.3182,89.633,0.0035,1.9235,92.9585,0,4,0,0,0,0,0,0,0,0,0,0,4,0,0,0,0,0,0,0,0,0
ubt,bintrie,5,4,storage_mixed_k400,15,,3243,0,0,0.0735,19.9752,0.0067,0.3967,20.8172,0,4,0,0,0,0,0,0,0,0,0,0,4,0,0,0,0,0,0,0,0,0
ubt,bintrie,5,4,storage_mixed_k400,15,,3244,0,0,0.0913,11.1991,0.0088,0.4678,12.1552,0,4,0,0,0,0,0,0,0,0,0,0,4,0,0,0,0,0,0,0,0,0
ubt,bintrie,5,4,storage_mixed_k400,15,,3245,91710,2,0.4742,10.7042,9.5384,6.541,27.6023,3.3225,11,0,0,0,3,0,0,0,1,305,5,6,45.45,0,0,0,0,0,0,0,0
ubt,bintrie,5,4,storage_mixed_k400,15,,3246,15912924,1,203.7391,78.2761,15.2666,8.4733,306.022,51.9993,407,2282,401,11505,73,0,191,0,0,0,215,192,52.83,773,1509,33.87,401,0,100,11505,0
ubt,bintrie,5,4,storage_mixed_k400,15,,3247,21000,1,0.093,11.618,30.5863,0.8499,43.377,0.4841,6,0,0,0,2,0,0,0,0,0,2,4,33.33,0,0,0,0,0,0,0,0
ubt,bintrie,5,4,storage_mixed_k400,15,,3248,0,0,0.156,7.4385,0.0105,8.4196,17.1382,0,4,0,0,0,0,0,0,0,0,0,0,4,0,0,0,0,0,0,0,0,0
ubt,bintrie,5,4,storage_mixed_k400,15,,3249,0,0,0.0907,7.0876,0.0082,0.9902,9.2727,0,4,0,0,0,0,0,0,0,0,0,0,4,0,0,0,0,0,0,0,0,0
ubt,bintrie,5,4,storage_mixed_k400,16,,3250,0,0,0.128,46.0087,0.0038,0.3392,47.1899,0,4,0,0,0,0,0,0,0,0,0,0,4,0,0,0,0,0,0,0,0,0
ubt,bintrie,5,4,storage_mixed_k400,16,,3251,0,0,0.0747,2.1918,0.0058,5.1163,8.3333,0,4,0,0,0,0,0,0,0,0,0,0,4,0,0,0,0,0,0,0,0,0
ubt,bintrie,5,4,storage_mixed_k400,16,,3252,0,0,0.1805,12.0881,0.0018,0.1555,32.7939,0,4,0,0,0,0,0,0,0,0,0,0,4,0,0,0,0,0,0,0,0,0
ubt,bintrie,5,4,storage_mixed_k400,16,,3253,0,0,0.0712,6.877,0.0108,0.5859,16.7162,0,4,0,0,0,0,0,0,0,0,0,0,4,0,0,0,0,0,0,0,0,0
ubt,bintrie,5,4,storage_mixed_k400,16,,3254,0,0,0.177,55.5316,0.0029,0.3494,57.0036,0,4,0,0,0,0,0,0,0,0,0,0,4,0,0,0,0,0,0,0,0,0
ubt,bintrie,5,4,storage_mixed_k400,16,,3255,91710,2,0.1298,2.6267,2.7474,3.2094,8.9706,10.2234,11,0,0,0,3,0,0,0,1,305,7,4,63.64,0,0,0,0,0,0,0,0
ubt,bintrie,5,4,storage_mixed_k400,16,,3256,15912924,1,241.5834,12.3739,22.7894,45.6934,322.7778,49.2999,407,2282,401,11505,73,0,191,0,0,0,163,244,40.05,1807,475,79.18,401,0,100,11505,0
ubt,bintrie,5,4,storage_mixed_k400,16,,3257,21000,1,0.0712,3.0572,3.278,1.7176,8.2723,2.5386,6,0,0,0,2,0,0,0,0,0,2,4,33.33,0,0,0,0,0,0,0,0
ubt,bintrie,5,4,storage_mixed_k400,16,,3258,0,0,0.2666,46.9901,0.014,0.9631,49.2995,0,4,0,0,0,0,0,0,0,0,0,0,4,0,0,0,0,0,0,0,0,0
ubt,bintrie,5,4,storage_mixed_k400,17,,3259,0,0,0.3246,7.668,0.0041,0.35,9.4658,0,4,0,0,0,0,0,0,0,0,0,0,4,0,0,0,0,0,0,0,0,0
ubt,bintrie,5,4,storage_mixed_k400,17,,3260,0,0,0.0732,2.2143,0.0053,4.8859,8.209,0,4,0,0,0,0,0,0,0,0,0,0,4,0,0,0,0,0,0,0,0,0
ubt,bintrie,5,4,storage_mixed_k400,17,,3261,0,0,0.2196,46.3913,0.0023,0.156,50.4226,0,4,0,0,0,0,0,0,0,0,0,0,4,0,0,0,0,0,0,0,0,0
ubt,bintrie,5,4,storage_mixed_k400,17,,3262,0,0,0.1205,65.7668,0.0055,0.4909,66.9553,0,4,0,0,0,0,0,0,0,0,0,0,4,0,0,0,0,0,0,0,0,0
ubt,bintrie,5,4,storage_mixed_k400,17,,3263,0,0,0.0298,1.1442,0.0023,9.9161,11.4106,0,4,0,0,0,0,0,0,0,0,0,0,4,0,0,0,0,0,0,0,0,0
ubt,bintrie,5,4,storage_mixed_k400,17,,3264,91710,2,0.1785,9.6227,26.3088,2.158,38.5209,2.3808,11,0,0,0,3,0,0,0,1,305,5,6,45.45,0,0,0,0,0,0,0,0
ubt,bintrie,5,4,storage_mixed_k400,17,,3265,15912924,1,213.0629,69.5578,19.1941,19.9988,322.1464,49.3966,407,2282,401,11505,73,0,191,0,0,0,32,375,7.86,989,1293,43.34,401,0,100,11505,0
ubt,bintrie,5,4,storage_mixed_k400,17,,3266,21000,1,0.3509,4.6327,11.3138,1.0561,21.9631,0.9561,6,0,0,0,2,0,0,0,0,0,0,6,0,0,0,0,0,0,0,0,0
ubt,bintrie,5,4,storage_mixed_k400,17,,3267,0,0,0.0338,0.7501,0.0026,0.3584,1.5053,0,4,0,0,0,0,0,0,0,0,0,0,4,0,0,0,0,0,0,0,0,0
ubt,bintrie,5,4,storage_mixed_k400,17,,3268,0,0,0.0426,4.0062,0.0026,0.9348,5.2405,0,4,0,0,0,0,0,0,0,0,0,0,4,0,0,0,0,0,0,0,0,0
ubt,bintrie,5,4,storage_mixed_k400,18,,3269,0,0,0.2138,42.5537,0.0058,0.609,44.0108,0,4,0,0,0,0,0,0,0,0,0,0,4,0,0,0,0,0,0,0,0,0
ubt,bintrie,5,4,storage_mixed_k400,18,,3270,0,0,0.049,1.7564,0.0085,0.9966,3.7744,0,4,0,0,0,0,0,0,0,0,0,0,4,0,0,0,0,0,0,0,0,0
ubt,bintrie,5,4,storage_mixed_k400,18,,3271,0,0,0.0324,0.7749,0.0029,0.1648,1.1547,0,4,0,0,0,0,0,0,0,0,0,0,4,0,0,0,0,0,0,0,0,0
ubt,bintrie,5,4,storage_mixed_k400,18,,3272,0,0,0.1251,43.8679,0.0044,10.1145,64.1531,0,4,0,0,0,0,0,0,0,0,0,0,4,0,0,0,0,0,0,0,0,0
ubt,bintrie,5,4,storage_mixed_k400,18,,3273,0,0,0.0496,23.3027,0.0032,2.319,28.7494,0,4,0,0,0,0,0,0,0,0,0,0,4,0,0,0,0,0,0,0,0,0
ubt,bintrie,5,4,storage_mixed_k400,18,,3274,91710,2,0.3859,22.7865,0.9391,1.9958,26.7297,3.431,11,0,0,0,3,0,0,0,1,305,6,5,54.55,0,0,0,0,0,0,0,0
ubt,bintrie,5,4,storage_mixed_k400,18,,3275,0,0,0.1126,54.5108,0.0023,0.1604,55.0723,0,4,0,0,0,0,0,0,0,0,0,0,4,0,0,0,0,0,0,0,0,0
ubt,bintrie,5,4,storage_mixed_k400,18,,3276,15912924,1,202.7207,85.6577,24.6405,8.4077,322.0434,49.4124,407,2282,401,11505,73,0,191,0,0,0,3,404,0.74,8,2274,0.35,401,0,100,11505,0
ubt,bintrie,5,4,storage_mixed_k400,18,,3277,0,0,0.2724,7.9439,0.009,1.2188,10.1136,0,4,0,0,0,0,0,0,0,0,0,0,4,0,0,0,0,0,0,0,0,0
ubt,bintrie,5,4,storage_mixed_k400,18,,3278,21000,1,0.3757,2.9449,23.3284,1.2512,28.3685,0.7403,6,0,0,0,2,0,0,0,0,0,0,6,0,0,0,0,0,0,0,0,0
ubt,bintrie,5,4,storage_mixed_k400,18,,3279,0,0,0.0405,2.0947,0.0023,0.1269,2.4321,0,4,0,0,0,0,0,0,0,0,0,0,4,0,0,0,0,0,0,0,0,0
ubt,bintrie,5,4,storage_mixed_k400,18,,3280,0,0,0.1648,78.3586,0.0026,0.1741,79.5191,0,4,0,0,0,0,0,0,0,0,0,0,4,0,0,0,0,0,0,0,0,0
ubt,bintrie,5,4,storage_mixed_k400,19,,3281,0,0,0.0968,33.5338,0.0047,0.352,54.5517,0,4,0,0,0,0,0,0,0,0,0,0,4,0,0,0,0,0,0,0,0,0
ubt,bintrie,5,4,storage_mixed_k400,19,,3282,0,0,0.0633,1.894,0.0073,0.987,4.2518,0,4,0,0,0,0,0,0,0,0,0,0,4,0,0,0,0,0,0,0,0,0
ubt,bintrie,5,4,storage_mixed_k400,19,,3283,0,0,0.0747,2.4074,0.0029,0.2109,3.0974,0,4,0,0,0,0,0,0,0,0,0,0,4,0,0,0,0,0,0,0,0,0
ubt,bintrie,5,4,storage_mixed_k400,19,,3284,0,0,0.0423,6.425,0.0023,0.1228,6.744,0,4,0,0,0,0,0,0,0,0,0,0,4,0,0,0,0,0,0,0,0,0
ubt,bintrie,5,4,storage_mixed_k400,19,,3285,0,0,0.0957,88.1359,0.0064,0.4118,89.4245,0,4,0,0,0,0,0,0,0,0,0,0,4,0,0,0,0,0,0,0,0,0
ubt,bintrie,5,4,storage_mixed_k400,19,,3286,91710,2,0.2015,12.1237,15.8581,5.5439,34.1408,2.6862,11,0,0,0,3,0,0,0,1,305,5,6,45.45,0,0,0,0,0,0,0,0
ubt,bintrie,5,4,storage_mixed_k400,19,,3287,15912924,1,231.3313,70.7802,18.5326,9.5209,330.5051,48.1473,407,2282,401,11505,73,0,191,0,0,0,343,64,84.28,1169,1113,51.23,401,0,100,11505,0
ubt,bintrie,5,4,storage_mixed_k400,19,,3288,21000,1,0.3307,41.5527,4.8494,0.9741,47.9747,0.4377,6,0,0,0,2,0,0,0,0,0,0,6,0,0,0,0,0,0,0,0,0
ubt,bintrie,5,4,storage_mixed_k400,19,,3289,0,0,0.0542,0.9666,0.0055,0.3996,1.677,0,4,0,0,0,0,0,0,0,0,0,0,4,0,0,0,0,0,0,0,0,0
ubt,bintrie,5,4,storage_mixed_k400,1,,3109,0,0,0.154,73.7653,0.0041,0.2488,80.4209,0,4,0,0,0,0,0,0,0,0,0,0,4,0,0,0,0,0,0,0,0,0
ubt,bintrie,5,4,storage_mixed_k400,1,,3110,0,0,0.1038,75.349,0.0038,1.4793,77.9806,0,4,0,0,0,0,0,0,0,0,0,0,4,0,0,0,0,0,0,0,0,0
ubt,bintrie,5,4,storage_mixed_k400,1,,3111,0,0,0.1027,59.7193,0.0032,0.1269,60.297,0,4,0,0,0,0,0,0,0,0,0,0,4,0,0,0,0,0,0,0,0,0
ubt,bintrie,5,4,storage_mixed_k400,1,,3112,0,0,0.0735,72.2513,0.0032,0.1479,72.9195,0,4,0,0,0,0,0,0,0,0,0,0,4,0,0,0,0,0,0,0,0,0
ubt,bintrie,5,4,storage_mixed_k400,1,,3113,0,0,0.0589,52.1638,0.002,0.2036,52.6013,0,4,0,0,0,0,0,0,0,0,0,0,4,0,0,0,0,0,0,0,0,0
ubt,bintrie,5,4,storage_mixed_k400,1,,3114,91710,2,0.2313,8.8268,56.8534,2.4704,69.4271,1.321,11,0,0,0,3,0,0,0,1,305,5,6,45.45,0,0,0,0,0,0,0,0
ubt,bintrie,5,4,storage_mixed_k400,1,,3115,15912924,1,185.4265,39.3842,88.9686,9.4358,328.5658,48.4315,407,2282,401,11505,73,0,191,0,0,0,32,375,7.86,925,1357,40.53,401,0,100,11505,0
ubt,bintrie,5,4,storage_mixed_k400,1,,3116,0,0,0.1441,21.9894,0.0076,0.4039,23.0373,0,4,0,0,0,0,0,0,0,0,0,0,4,0,0,0,0,0,0,0,0,0
ubt,bintrie,5,4,storage_mixed_k400,1,,3117,21000,1,0.0677,5.8136,63.6292,0.7811,75.0751,0.2797,6,0,0,0,2,0,0,0,0,0,2,4,33.33,0,0,0,0,0,0,0,0
ubt,bintrie,5,4,storage_mixed_k400,1,,3118,0,0,0.0997,21.2911,0.0195,1.7412,24.3118,0,4,0,0,0,0,0,0,0,0,0,0,4,0,0,0,0,0,0,0,0,0
ubt,bintrie,5,4,storage_mixed_k400,1,,3119,0,0,0.0729,9.532,0.007,2.5896,12.6218,0,4,0,0,0,0,0,0,0,0,0,0,4,0,0,0,0,0,0,0,0,0
ubt,bintrie,5,4,storage_mixed_k400,20,,3290,0,0,0.2158,2.3756,0.005,0.8989,4.7485,0,4,0,0,0,0,0,0,0,0,0,0,4,0,0,0,0,0,0,0,0,0
ubt,bintrie,5,4,storage_mixed_k400,20,,3291,0,0,0.0575,1.7123,0.0064,0.987,3.7793,0,4,0,0,0,0,0,0,0,0,0,0,4,0,0,0,0,0,0,0,0,0
ubt,bintrie,5,4,storage_mixed_k400,20,,3292,0,0,0.0499,5.0437,0.0041,0.156,19.8532,0,4,0,0,0,0,0,0,0,0,0,0,4,0,0,0,0,0,0,0,0,0
ubt,bintrie,5,4,storage_mixed_k400,20,,3293,0,0,0.119,70.1823,0.0055,0.4529,71.2798,0,4,0,0,0,0,0,0,0,0,0,0,4,0,0,0,0,0,0,0,0,0
ubt,bintrie,5,4,storage_mixed_k400,20,,3294,0,0,0.0688,27.7995,0.0035,0.1957,28.3691,0,4,0,0,0,0,0,0,0,0,0,0,4,0,0,0,0,0,0,0,0,0
ubt,bintrie,5,4,storage_mixed_k400,20,,3295,91710,2,0.1417,2.2598,15.7837,9.1018,27.4994,3.335,11,0,0,0,3,0,0,0,1,305,5,6,45.45,0,0,0,0,0,0,0,0
ubt,bintrie,5,4,storage_mixed_k400,20,,3296,15912924,1,230.8464,55.4727,13.2892,16.71,316.616,50.2594,407,2282,401,11505,73,0,191,0,0,0,52,355,12.78,1158,1124,50.74,401,0,100,11505,0
ubt,bintrie,5,4,storage_mixed_k400,20,,3297,21000,1,0.0817,22.6459,28.3035,0.9234,52.2096,0.4022,6,0,0,0,2,0,0,0,0,0,2,4,33.33,0,0,0,0,0,0,0,0
ubt,bintrie,5,4,storage_mixed_k400,20,,3298,0,0,0.1,7.0223,0.016,1.0153,8.8974,0,4,0,0,0,0,0,0,0,0,0,0,4,0,0,0,0,0,0,0,0,0
ubt,bintrie,5,4,storage_mixed_k400,2,,3120,0,0,0.4165,3.7732,0.0125,1.0497,6.5142,0,4,0,0,0,0,0,0,0,0,0,0,4,0,0,0,0,0,0,0,0,0
ubt,bintrie,5,4,storage_mixed_k400,2,,3121,0,0,0.121,4.3909,0.012,1.568,6.6942,0,4,0,0,0,0,0,0,0,0,0,0,4,0,0,0,0,0,0,0,0,0
ubt,bintrie,5,4,storage_mixed_k400,2,,3122,0,0,0.1167,46.5683,0.0064,0.5594,47.5862,0,4,0,0,0,0,0,0,0,0,0,0,4,0,0,0,0,0,0,0,0,0
ubt,bintrie,5,4,storage_mixed_k400,2,,3123,0,0,0.117,21.0479,0.0076,0.546,22.0532,0,4,0,0,0,0,0,0,0,0,0,0,4,0,0,0,0,0,0,0,0,0
ubt,bintrie,5,4,storage_mixed_k400,2,,3124,0,0,0.0522,46.7384,0.0029,0.154,47.2234,0,4,0,0,0,0,0,0,0,0,0,0,4,0,0,0,0,0,0,0,0,0
ubt,bintrie,5,4,storage_mixed_k400,2,,3125,91710,2,0.1534,19.3239,10.2693,2.3659,32.3546,2.8345,11,0,0,0,3,0,0,0,1,305,5,6,45.45,0,0,0,0,0,0,0,0
ubt,bintrie,5,4,storage_mixed_k400,2,,3126,15912924,1,201.1766,19.6406,65.0902,12.7747,300.7607,52.9089,407,2282,401,11505,73,0,191,0,0,0,59,348,14.5,1642,640,71.95,401,0,100,11505,0
ubt,bintrie,5,4,storage_mixed_k400,2,,3127,21000,1,0.2488,2.2583,2.4928,0.8374,6.0029,3.4983,6,0,0,0,2,0,0,0,0,0,2,4,33.33,0,0,0,0,0,0,0,0
ubt,bintrie,5,4,storage_mixed_k400,2,,3128,0,0,0.1505,34.4132,0.0067,0.5136,35.7475,0,4,0,0,0,0,0,0,0,0,0,0,4,0,0,0,0,0,0,0,0,0
ubt,bintrie,5,4,storage_mixed_k400,3,,3129,0,0,0.1435,81.9487,0.0026,0.1662,82.7528,0,4,0,0,0,0,0,0,0,0,0,0,4,0,0,0,0,0,0,0,0,0
ubt,bintrie,5,4,storage_mixed_k400,3,,3130,0,0,0.0942,71.0951,0.002,0.17,71.8465,0,4,0,0,0,0,0,0,0,0,0,0,4,0,0,0,0,0,0,0,0,0
ubt,bintrie,5,4,storage_mixed_k400,3,,3131,0,0,0.0773,8.6127,0.0053,0.2602,9.2672,0,4,0,0,0,0,0,0,0,0,0,0,4,0,0,0,0,0,0,0,0,0
ubt,bintrie,5,4,storage_mixed_k400,3,,3132,0,0,0.2756,42.563,0.0061,13.6616,58.0218,0,4,0,0,0,0,0,0,0,0,0,0,4,0,0,0,0,0,0,0,0,0
ubt,bintrie,5,4,storage_mixed_k400,3,,3133,0,0,0.1622,24.0683,0.0359,0.6959,44.7606,0,4,0,0,0,0,0,0,0,0,0,0,4,0,0,0,0,0,0,0,0,0
ubt,bintrie,5,4,storage_mixed_k400,3,,3134,91710,2,1.2652,17.8682,6.2993,2.5993,28.3548,3.2344,11,0,0,0,3,0,0,0,1,305,4,7,36.36,0,0,0,0,0,0,0,0
ubt,bintrie,5,4,storage_mixed_k400,3,,3135,15912924,1,213.5514,70.4246,14.2936,8.6737,307.2367,51.7937,407,2282,401,11505,73,0,191,0,0,0,148,259,36.36,1301,981,57.01,401,0,100,11505,0
ubt,bintrie,5,4,storage_mixed_k400,3,,3136,21000,1,0.0884,20.0034,46.1306,0.9488,67.4188,0.3115,6,0,0,0,2,0,0,0,0,0,2,4,33.33,0,0,0,0,0,0,0,0
ubt,bintrie,5,4,storage_mixed_k400,3,,3137,0,0,0.0709,31.8853,0.0088,0.4944,32.882,0,4,0,0,0,0,0,0,0,0,0,0,4,0,0,0,0,0,0,0,0,0
ubt,bintrie,5,4,storage_mixed_k400,4,,3138,0,0,0.1123,45.4965,0.0041,0.3272,46.2522,0,4,0,0,0,0,0,0,0,0,0,0,4,0,0,0,0,0,0,0,0,0
ubt,bintrie,5,4,storage_mixed_k400,4,,3139,0,0,0.065,1.836,0.0099,0.9499,3.8922,0,4,0,0,0,0,0,0,0,0,0,0,4,0,0,0,0,0,0,0,0,0
ubt,bintrie,5,4,storage_mixed_k400,4,,3140,0,0,0.0855,4.5858,0.007,0.399,5.4534,0,4,0,0,0,0,0,0,0,0,0,0,4,0,0,0,0,0,0,0,0,0
ubt,bintrie,5,4,storage_mixed_k400,4,,3141,0,0,0.1193,41.9666,0.0041,0.2042,42.6718,0,4,0,0,0,0,0,0,0,0,0,0,4,0,0,0,0,0,0,0,0,0
ubt,bintrie,5,4,storage_mixed_k400,4,,3142,0,0,0.0636,54.0698,0.0023,0.2698,55.1446,0,4,0,0,0,0,0,0,0,0,0,0,4,0,0,0,0,0,0,0,0,0
ubt,bintrie,5,4,storage_mixed_k400,4,,3143,91710,2,0.777,6.7843,10.715,4.1427,23.1959,3.9537,11,0,0,0,3,0,0,0,1,305,5,6,45.45,0,0,0,0,0,0,0,0
ubt,bintrie,5,4,storage_mixed_k400,4,,3144,15912924,1,223.534,56.7108,13.2527,18.8669,312.6301,50.9002,407,2282,401,11505,73,0,191,0,0,0,105,302,25.8,1028,1254,45.05,401,0,100,11505,0
ubt,bintrie,5,4,storage_mixed_k400,4,,3145,21000,1,0.0986,18.2284,5.5485,1.785,25.9828,0.8082,6,0,0,0,2,0,0,0,0,0,2,4,33.33,0,0,0,0,0,0,0,0
ubt,bintrie,5,4,storage_mixed_k400,4,,3146,0,0,0.2462,10.0815,0.0146,0.8467,11.9992,0,4,0,0,0,0,0,0,0,0,0,0,4,0,0,0,0,0,0,0,0,0
ubt,bintrie,5,4,storage_mixed_k400,5,,3147,0,0,0.1797,42.6677,0.0055,0.6749,44.0333,0,4,0,0,0,0,0,0,0,0,0,0,4,0,0,0,0,0,0,0,0,0
ubt,bintrie,5,4,storage_mixed_k400,5,,3148,0,0,0.0548,1.8342,0.0096,4.5925,7.892,0,4,0,0,0,0,0,0,0,0,0,0,4,0,0,0,0,0,0,0,0,0
ubt,bintrie,5,4,storage_mixed_k400,5,,3149,0,0,0.135,24.6516,0.0079,0.6169,25.8897,0,4,0,0,0,0,0,0,0,0,0,0,4,0,0,0,0,0,0,0,0,0
ubt,bintrie,5,4,storage_mixed_k400,5,,3150,0,0,0.0875,11.1449,0.0079,0.4244,12.0181,0,4,0,0,0,0,0,0,0,0,0,0,4,0,0,0,0,0,0,0,0,0
ubt,bintrie,5,4,storage_mixed_k400,5,,3151,0,0,0.0449,4.0929,0.0038,0.1779,4.5551,0,4,0,0,0,0,0,0,0,0,0,0,4,0,0,0,0,0,0,0,0,0
ubt,bintrie,5,4,storage_mixed_k400,5,,3152,91710,2,0.2675,5.3703,53.8476,2.4091,62.0575,1.4778,11,0,0,0,3,0,0,0,1,305,5,6,45.45,0,0,0,0,0,0,0,0
ubt,bintrie,5,4,storage_mixed_k400,5,,3153,0,0,0.1846,8.7617,0.0149,0.9456,10.6409,0,4,0,0,0,0,0,0,0,0,0,0,4,0,0,0,0,0,0,0,0,0
ubt,bintrie,5,4,storage_mixed_k400,5,,3154,15912924,1,206.1494,43.405,51.253,37.1448,338.8196,46.9658,407,2282,401,11505,73,0,191,0,0,0,7,400,1.72,1170,1112,51.27,401,0,100,11505,0
ubt,bintrie,5,4,storage_mixed_k400,5,,3155,21000,1,0.0869,10.9162,50.67,0.7294,62.6837,0.335,6,0,0,0,2,0,0,0,0,0,2,4,33.33,0,0,0,0,0,0,0,0
ubt,bintrie,5,4,storage_mixed_k400,5,,3156,0,0,0.1668,83.7126,0.0026,0.1575,84.8457,0,4,0,0,0,0,0,0,0,0,0,0,4,0,0,0,0,0,0,0,0,0
ubt,bintrie,5,4,storage_mixed_k400,6,,3157,0,0,0.6492,2.172,0.0429,0.4798,4.087,0,4,0,0,0,0,0,0,0,0,0,0,4,0,0,0,0,0,0,0,0,0
ubt,bintrie,5,4,storage_mixed_k400,6,,3158,0,0,0.0752,2.0953,0.0073,1.0193,4.4213,0,4,0,0,0,0,0,0,0,0,0,0,4,0,0,0,0,0,0,0,0,0
ubt,bintrie,5,4,storage_mixed_k400,6,,3159,0,0,0.0443,0.8274,0.0026,0.161,1.2521,0,4,0,0,0,0,0,0,0,0,0,0,4,0,0,0,0,0,0,0,0,0
ubt,bintrie,5,4,storage_mixed_k400,6,,3160,0,0,0.2097,29.3459,0.0155,0.9219,31.5249,0,4,0,0,0,0,0,0,0,0,0,0,4,0,0,0,0,0,0,0,0,0
ubt,bintrie,5,4,storage_mixed_k400,6,,3161,0,0,0.0665,19.7106,0.0035,0.2365,20.3356,0,4,0,0,0,0,0,0,0,0,0,0,4,0,0,0,0,0,0,0,0,0
ubt,bintrie,5,4,storage_mixed_k400,6,,3162,91710,2,0.196,5.4925,58.5022,2.4383,66.8299,1.3723,11,0,0,0,3,0,0,0,1,305,5,6,45.45,0,0,0,0,0,0,0,0
ubt,bintrie,5,4,storage_mixed_k400,6,,3163,15912924,1,197.9529,49.7804,77.1217,7.9215,333.202,47.7576,407,2282,401,11505,73,0,191,0,0,0,119,288,29.24,817,1465,35.8,401,0,100,11505,0
ubt,bintrie,5,4,storage_mixed_k400,6,,3164,21000,1,0.1143,24.2838,57.9819,0.8645,83.6248,0.2511,6,0,0,0,2,0,0,0,0,0,2,4,33.33,0,0,0,0,0,0,0,0
ubt,bintrie,5,4,storage_mixed_k400,6,,3165,0,0,13.1474,5.7959,0.007,0.513,19.9396,0,4,0,0,0,0,0,0,0,0,0,0,4,0,0,0,0,0,0,0,0,0
ubt,bintrie,5,4,storage_mixed_k400,7,,3166,0,0,0.4763,111.6463,0.0052,0.4518,113.1891,0,4,0,0,0,0,0,0,0,0,0,0,4,0,0,0,0,0,0,0,0,0
ubt,bintrie,5,4,storage_mixed_k400,7,,3167,0,0,0.292,87.0098,0.0029,0.1528,88.6463,0,4,0,0,0,0,0,0,0,0,0,0,4,0,0,0,0,0,0,0,0,0
ubt,bintrie,5,4,storage_mixed_k400,7,,3168,0,0,0.0303,1.9541,0.0023,0.1222,2.2817,0,4,0,0,0,0,0,0,0,0,0,0,4,0,0,0,0,0,0,0,0,0
ubt,bintrie,5,4,storage_mixed_k400,7,,3169,0,0,0.0569,29.7472,0.0018,0.121,30.096,0,4,0,0,0,0,0,0,0,0,0,0,4,0,0,0,0,0,0,0,0,0
ubt,bintrie,5,4,storage_mixed_k400,7,,3170,0,0,0.1464,36.1433,0.0041,0.3812,49.4847,0,4,0,0,0,0,0,0,0,0,0,0,4,0,0,0,0,0,0,0,0,0
ubt,bintrie,5,4,storage_mixed_k400,7,,3171,91710,2,0.3176,8.7728,10.2492,2.58,22.3271,4.1076,11,0,0,0,3,0,0,0,1,305,5,6,45.45,0,0,0,0,0,0,0,0
ubt,bintrie,5,4,storage_mixed_k400,7,,3172,15912924,1,217.1476,57.8056,15.7802,9.9955,301.0081,52.8654,407,2282,401,11505,73,0,191,0,0,0,70,337,17.2,733,1549,32.12,401,0,100,11505,0
ubt,bintrie,5,4,storage_mixed_k400,7,,3173,21000,1,0.1009,13.4286,79.5413,0.7262,94.0738,0.2232,6,0,0,0,2,0,0,0,0,0,2,4,33.33,0,0,0,0,0,0,0,0
ubt,bintrie,5,4,storage_mixed_k400,7,,3174,0,0,0.0872,6.0414,0.0085,0.6606,13.6117,0,4,0,0,0,0,0,0,0,0,0,0,4,0,0,0,0,0,0,0,0,0
ubt,bintrie,5,4,storage_mixed_k400,8,,3175,0,0,0.679,23.4307,0.0055,0.8105,26.2085,0,4,0,0,0,0,0,0,0,0,0,0,4,0,0,0,0,0,0,0,0,0
ubt,bintrie,5,4,storage_mixed_k400,8,,3176,0,0,0.1356,4.1462,0.0158,0.793,6.7752,0,4,0,0,0,0,0,0,0,0,0,0,4,0,0,0,0,0,0,0,0,0
ubt,bintrie,5,4,storage_mixed_k400,8,,3177,0,0,0.1954,19.8842,0.0026,0.1782,20.5629,0,4,0,0,0,0,0,0,0,0,0,0,4,0,0,0,0,0,0,0,0,0
ubt,bintrie,5,4,storage_mixed_k400,8,,3178,0,0,0.0863,11.9604,0.0079,0.5361,13.0363,0,4,0,0,0,0,0,0,0,0,0,0,4,0,0,0,0,0,0,0,0,0
ubt,bintrie,5,4,storage_mixed_k400,8,,3179,0,0,0.0703,62.1363,0.0026,0.2322,62.9036,0,4,0,0,0,0,0,0,0,0,0,0,4,0,0,0,0,0,0,0,0,0
ubt,bintrie,5,4,storage_mixed_k400,8,,3180,91710,2,0.6557,11.3114,4.7508,5.4272,22.9909,3.989,11,0,0,0,3,0,0,0,1,305,7,4,63.64,0,0,0,0,0,0,0,0
ubt,bintrie,5,4,storage_mixed_k400,8,,3181,15912924,1,198.6521,66.3519,18.2342,9.4886,293.0723,54.2969,407,2282,401,11505,73,0,191,0,0,0,79,328,19.41,1147,1135,50.26,401,0,100,11505,0
ubt,bintrie,5,4,storage_mixed_k400,8,,3182,21000,1,0.3614,45.3533,11.0796,0.9222,58.0081,0.362,6,0,0,0,2,0,0,0,0,0,0,6,0,0,0,0,0,0,0,0,0
ubt,bintrie,5,4,storage_mixed_k400,8,,3183,0,0,0.0837,2.2038,0.0052,0.2412,2.9802,0,4,0,0,0,0,0,0,0,0,0,0,4,0,0,0,0,0,0,0,0,0
ubt,bintrie,5,4,storage_mixed_k400,9,,3184,0,0,0.219,42.4845,0.0055,2.587,45.9226,0,4,0,0,0,0,0,0,0,0,0,0,4,0,0,0,0,0,0,0,0,0
ubt,bintrie,5,4,storage_mixed_k400,9,,3185,0,0,0.1458,4.08,0.0061,1.0733,5.8093,0,4,0,0,0,0,0,0,0,0,0,0,4,0,0,0,0,0,0,0,0,0
ubt,bintrie,5,4,storage_mixed_k400,9,,3186,0,0,0.0668,45.9445,0.0029,0.1085,46.3657,0,4,0,0,0,0,0,0,0,0,0,0,4,0,0,0,0,0,0,0,0,0
ubt,bintrie,5,4,storage_mixed_k400,9,,3187,0,0,0.0277,1.7972,0.0015,0.1315,2.074,0,4,0,0,0,0,0,0,0,0,0,0,4,0,0,0,0,0,0,0,0,0
ubt,bintrie,5,4,storage_mixed_k400,9,,3188,0,0,0.07,31.1165,0.0023,0.2071,50.5116,0,4,0,0,0,0,0,0,0,0,0,0,4,0,0,0,0,0,0,0,0,0
ubt,bintrie,5,4,storage_mixed_k400,9,,3189,91710,2,0.9704,13.9428,5.4555,2.2137,22.9938,3.9885,11,0,0,0,3,0,0,0,1,305,4,7,36.36,0,0,0,0,0,0,0,0
ubt,bintrie,5,4,storage_mixed_k400,9,,3190,15912924,1,188.5242,46.8772,95.85,22.0389,354.312,44.9122,407,2282,401,11505,73,0,191,0,0,0,43,364,10.57,239,2043,10.47,401,0,100,11505,0
ubt,bintrie,5,4,storage_mixed_k400,9,,3191,21000,1,0.0919,10.3974,48.2553,2.1551,61.1927,0.3432,6,0,0,0,2,0,0,0,0,0,2,4,33.33,0,0,0,0,0,0,0,0
ubt,bintrie,5,4,storage_mixed_k400,9,,3192,0,0,0.2561,10.9346,0.0134,1.036,13.1191,0,4,0,0,0,0,0,0,0,0,0,0,4,0,0,0,0,0,0,0,0,0
ubt,bintrie,5,4,storage_mixed_k700,10,,3379,0,0,0.058,1.1395,0.0026,1.0468,2.8498,0,4,0,0,0,0,0,0,0,0,0,0,4,0,0,0,0,0,0,0,0,0
ubt,bintrie,5,4,storage_mixed_k700,10,,3380,0,0,0.1094,2.8396,0.0076,1.4528,5.6669,0,4,0,0,0,0,0,0,0,0,0,0,4,0,0,0,0,0,0,0,0,0
ubt,bintrie,5,4,storage_mixed_k700,10,,3381,0,0,0.1015,113.7745,0.0026,0.1452,114.3733,0,4,0,0,0,0,0,0,0,0,0,0,4,0,0,0,0,0,0,0,0,0
ubt,bintrie,5,4,storage_mixed_k700,10,,3382,0,0,0.0907,2.3306,0.0067,10.2935,14.0629,0,4,0,0,0,0,0,0,0,0,0,0,4,0,0,0,0,0,0,0,0,0
ubt,bintrie,5,4,storage_mixed_k700,10,,3383,91722,2,0.3999,5.3499,2.4225,2.4992,11.1595,8.2192,11,0,0,0,3,0,0,0,1,305,6,5,54.55,0,0,0,0,0,0,0,0
ubt,bintrie,5,4,storage_mixed_k700,10,,3384,15906938,1,148.7638,59.8887,82.4646,12.7764,311.4081,51.0807,707,2338,701,19905,129,0,181,0,0,0,175,532,24.75,377,1961,16.12,701,0,100,19905,0
ubt,bintrie,5,4,storage_mixed_k700,10,,3385,21000,1,0.0954,5.6818,36.8765,1.0121,43.8959,0.4784,6,0,0,0,2,0,0,0,0,0,0,6,0,0,0,0,0,0,0,0,0
ubt,bintrie,5,4,storage_mixed_k700,10,,3386,0,0,0.1415,8.9805,0.0102,0.7574,10.6196,0,4,0,0,0,0,0,0,0,0,0,0,4,0,0,0,0,0,0,0,0,0
ubt,bintrie,5,4,storage_mixed_k700,10,,3387,0,0,0.1187,9.8487,0.0102,0.9499,12.0283,0,4,0,0,0,0,0,0,0,0,0,0,4,0,0,0,0,0,0,0,0,0
ubt,bintrie,5,4,storage_mixed_k700,11,,3388,0,0,0.3462,19.3046,0.0052,0.4089,20.9954,0,4,0,0,0,0,0,0,0,0,0,0,4,0,0,0,0,0,0,0,0,0
ubt,bintrie,5,4,storage_mixed_k700,11,,3389,0,0,0.0892,10.5251,0.0067,0.3552,11.7302,0,4,0,0,0,0,0,0,0,0,0,0,4,0,0,0,0,0,0,0,0,0
ubt,bintrie,5,4,storage_mixed_k700,11,,3390,0,0,0.1735,62.4734,0.0426,0.4678,63.6237,0,4,0,0,0,0,0,0,0,0,0,0,4,0,0,0,0,0,0,0,0,0
ubt,bintrie,5,4,storage_mixed_k700,11,,3391,0,0,0.1035,26.4442,0.009,0.4349,27.5618,0,4,0,0,0,0,0,0,0,0,0,0,4,0,0,0,0,0,0,0,0,0
ubt,bintrie,5,4,storage_mixed_k700,11,,3392,0,0,0.0852,5.9528,0.0038,0.4072,6.8957,0,4,0,0,0,0,0,0,0,0,0,0,4,0,0,0,0,0,0,0,0,0
ubt,bintrie,5,4,storage_mixed_k700,11,,3393,91722,2,0.1342,1.9719,5.7434,7.5747,15.5813,5.8867,11,0,0,0,3,0,0,0,1,305,4,7,36.36,0,0,0,0,0,0,0,0
ubt,bintrie,5,4,storage_mixed_k700,11,,3394,0,0,0.1065,5.6862,0.0041,0.8928,7.5114,0,4,0,0,0,0,0,0,0,0,0,0,4,0,0,0,0,0,0,0,0,0
ubt,bintrie,5,4,storage_mixed_k700,11,,3395,15906938,1,163.5849,51.3927,102.579,13.9813,332.2708,47.8734,707,2338,701,19905,129,0,181,0,0,0,440,267,62.23,578,1760,24.72,701,0,100,19905,0
ubt,bintrie,5,4,storage_mixed_k700,11,,3396,0,0,0.126,15.9666,0.0082,0.4833,17.2026,0,4,0,0,0,0,0,0,0,0,0,0,4,0,0,0,0,0,0,0,0,0
ubt,bintrie,5,4,storage_mixed_k700,11,,3397,21000,1,0.6524,5.3041,1.6823,0.7954,22.2055,0.9457,6,0,0,0,2,0,0,0,0,0,0,6,0,0,0,0,0,0,0,0,0
ubt,bintrie,5,4,storage_mixed_k700,11,,3398,0,0,0.3815,36.8917,0.0332,0.4976,39.1763,0,4,0,0,0,0,0,0,0,0,0,0,4,0,0,0,0,0,0,0,0,0
ubt,bintrie,5,4,storage_mixed_k700,12,,3400,0,0,0.0639,4.2066,0.0038,2.1425,7.0036,0,4,0,0,0,0,0,0,0,0,0,0,4,0,0,0,0,0,0,0,0,0
ubt,bintrie,5,4,storage_mixed_k700,12,,3401,0,0,0.0779,2.2589,0.0064,7.8249,11.3528,0,4,0,0,0,0,0,0,0,0,0,0,4,0,0,0,0,0,0,0,0,0
ubt,bintrie,5,4,storage_mixed_k700,12,,3402,0,0,0.0414,4.962,0.002,0.8852,6.4127,0,4,0,0,0,0,0,0,0,0,0,0,4,0,0,0,0,0,0,0,0,0
ubt,bintrie,5,4,storage_mixed_k700,12,,3403,0,0,0.079,6.5195,0.0163,2.0629,9.6991,0,4,0,0,0,0,0,0,0,0,0,0,4,0,0,0,0,0,0,0,0,0
ubt,bintrie,5,4,storage_mixed_k700,12,,3404,0,0,0.0685,3.3258,0.0029,0.1791,4.9229,0,4,0,0,0,0,0,0,0,0,0,0,4,0,0,0,0,0,0,0,0,0
ubt,bintrie,5,4,storage_mixed_k700,12,,3405,91722,2,0.9514,36.1345,9.5276,2.4456,49.4298,1.8556,11,0,0,0,3,0,0,0,1,305,4,7,36.36,0,0,0,0,0,0,0,0
ubt,bintrie,5,4,storage_mixed_k700,12,,3406,15906938,1,174.5977,54.1577,99.1779,16.7468,346.5049,45.9068,707,2338,701,19905,129,0,181,0,0,0,232,475,32.81,909,1429,38.88,701,0,100,19905,0
ubt,bintrie,5,4,storage_mixed_k700,12,,3407,21000,1,0.0607,1.8074,3.6778,1.0762,12.7126,1.6519,6,0,0,0,2,0,0,0,0,0,2,4,33.33,0,0,0,0,0,0,0,0
ubt,bintrie,5,4,storage_mixed_k700,12,,3408,0,0,0.0808,7.7963,0.0125,2.7378,12.0333,0,4,0,0,0,0,0,0,0,0,0,0,4,0,0,0,0,0,0,0,0,0
ubt,bintrie,5,4,storage_mixed_k700,13,,3409,0,0,0.0487,1.0482,0.0064,0.373,9.4323,0,4,0,0,0,0,0,0,0,0,0,0,4,0,0,0,0,0,0,0,0,0
ubt,bintrie,5,4,storage_mixed_k700,13,,3410,0,0,0.0624,1.8267,0.0085,2.3053,5.7121,0,4,0,0,0,0,0,0,0,0,0,0,4,0,0,0,0,0,0,0,0,0
ubt,bintrie,5,4,storage_mixed_k700,13,,3411,0,0,0.0452,13.9434,0.0032,0.1697,14.3534,0,4,0,0,0,0,0,0,0,0,0,0,4,0,0,0,0,0,0,0,0,0
ubt,bintrie,5,4,storage_mixed_k700,13,,3412,0,0,0.1587,19.8241,0.0082,0.3847,20.9449,0,4,0,0,0,0,0,0,0,0,0,0,4,0,0,0,0,0,0,0,0,0
ubt,bintrie,5,4,storage_mixed_k700,13,,3413,0,0,0.0502,56.0146,0.0038,0.1823,56.4442,0,4,0,0,0,0,0,0,0,0,0,0,4,0,0,0,0,0,0,0,0,0
ubt,bintrie,5,4,storage_mixed_k700,13,,3414,91722,2,0.1566,19.3376,50.5492,4.7415,75.0363,1.2224,11,0,0,0,3,0,0,0,1,305,5,6,45.45,0,0,0,0,0,0,0,0
ubt,bintrie,5,4,storage_mixed_k700,13,,3415,15906938,1,192.8789,18.8079,27.8141,39.3294,279.3162,56.9496,707,2338,701,19905,129,0,181,0,0,0,85,622,12.02,1712,626,73.22,701,0,100,19905,0
ubt,bintrie,5,4,storage_mixed_k700,13,,3416,21000,1,0.4941,68.6379,6.646,0.735,76.8452,0.2733,6,0,0,0,2,0,0,0,0,0,0,6,0,0,0,0,0,0,0,0,0
ubt,bintrie,5,4,storage_mixed_k700,13,,3417,0,0,0.1059,13.1888,0.0093,1.0147,15.3821,0,4,0,0,0,0,0,0,0,0,0,0,4,0,0,0,0,0,0,0,0,0
ubt,bintrie,5,4,storage_mixed_k700,14,,3418,0,0,0.082,26.2837,0.0026,0.1607,26.7959,0,4,0,0,0,0,0,0,0,0,0,0,4,0,0,0,0,0,0,0,0,0
ubt,bintrie,5,4,storage_mixed_k700,14,,3419,0,0,0.2648,64.8058,0.0082,6.1867,81.3814,0,4,0,0,0,0,0,0,0,0,0,0,4,0,0,0,0,0,0,0,0,0
ubt,bintrie,5,4,storage_mixed_k700,14,,3420,0,0,0.0365,6.4013,0.002,0.1231,6.7685,0,4,0,0,0,0,0,0,0,0,0,0,4,0,0,0,0,0,0,0,0,0
ubt,bintrie,5,4,storage_mixed_k700,14,,3421,0,0,0.0254,1.7071,0.0018,0.1041,1.9985,0,4,0,0,0,0,0,0,0,0,0,0,4,0,0,0,0,0,0,0,0,0
ubt,bintrie,5,4,storage_mixed_k700,14,,3422,0,0,0.1686,22.197,0.0023,0.2094,28.6698,0,4,0,0,0,0,0,0,0,0,0,0,4,0,0,0,0,0,0,0,0,0
ubt,bintrie,5,4,storage_mixed_k700,14,,3423,91722,2,0.1534,12.4159,0.5159,2.1484,15.4084,5.9527,11,0,0,0,3,0,0,0,1,305,6,5,54.55,0,0,0,0,0,0,0,0
ubt,bintrie,5,4,storage_mixed_k700,14,,3424,15906938,1,159.8736,87.3819,26.7294,13.6862,288.3767,55.1603,707,2338,701,19905,129,0,181,0,0,0,167,540,23.62,402,1936,17.19,701,0,100,19905,0
ubt,bintrie,5,4,storage_mixed_k700,14,,3425,21000,1,0.0857,12.593,45.2445,0.9564,59.0864,0.3554,6,0,0,0,2,0,0,0,0,0,2,4,33.33,0,0,0,0,0,0,0,0
ubt,bintrie,5,4,storage_mixed_k700,14,,3426,0,0,0.0974,7.8351,0.047,0.588,9.1397,0,4,0,0,0,0,0,0,0,0,0,0,4,0,0,0,0,0,0,0,0,0
ubt,bintrie,5,4,storage_mixed_k700,15,,3427,0,0,0.0537,1.2393,0.007,0.3812,8.9764,0,4,0,0,0,0,0,0,0,0,0,0,4,0,0,0,0,0,0,0,0,0
ubt,bintrie,5,4,storage_mixed_k700,15,,3428,0,0,0.0764,2.1837,0.0067,0.994,4.36,0,4,0,0,0,0,0,0,0,0,0,0,4,0,0,0,0,0,0,0,0,0
ubt,bintrie,5,4,storage_mixed_k700,15,,3429,0,0,0.1975,29.8117,0.0128,0.7892,31.3093,0,4,0,0,0,0,0,0,0,0,0,0,4,0,0,0,0,0,0,0,0,0
ubt,bintrie,5,4,storage_mixed_k700,15,,3430,0,0,0.0566,2.0629,0.0053,1.0479,4.3568,0,4,0,0,0,0,0,0,0,0,0,0,4,0,0,0,0,0,0,0,0,0
ubt,bintrie,5,4,storage_mixed_k700,15,,3431,0,0,0.0782,3.1429,0.0029,0.1406,3.607,0,4,0,0,0,0,0,0,0,0,0,0,4,0,0,0,0,0,0,0,0,0
ubt,bintrie,5,4,storage_mixed_k700,15,,3432,91722,2,0.7569,10.514,14.6107,2.5611,28.8136,3.1833,11,0,0,0,3,0,0,0,1,305,4,7,36.36,0,0,0,0,0,0,0,0
ubt,bintrie,5,4,storage_mixed_k700,15,,3433,15906938,1,202.7901,102.0729,87.972,25.3304,420.7752,37.8039,707,2338,701,19905,129,0,181,0,0,0,190,517,26.87,744,1594,31.82,701,0,100,19905,0
ubt,bintrie,5,4,storage_mixed_k700,15,,3434,0,0,0.0939,102.8962,0.0032,0.1858,103.6029,0,4,0,0,0,0,0,0,0,0,0,0,4,0,0,0,0,0,0,0,0,0
ubt,bintrie,5,4,storage_mixed_k700,15,,3435,21000,1,0.3509,14.1472,11.8023,1.6353,28.4703,0.7376,6,0,0,0,2,0,0,0,0,0,0,6,0,0,0,0,0,0,0,0,0
ubt,bintrie,5,4,storage_mixed_k700,15,,3436,0,0,0.2059,9.1438,0.012,0.6647,10.813,0,4,0,0,0,0,0,0,0,0,0,0,4,0,0,0,0,0,0,0,0,0
ubt,bintrie,5,4,storage_mixed_k700,15,,3437,0,0,0.0951,7.9955,0.0067,0.5684,9.1114,0,4,0,0,0,0,0,0,0,0,0,0,4,0,0,0,0,0,0,0,0,0
ubt,bintrie,5,4,storage_mixed_k700,16,,3438,0,0,0.054,5.4765,0.0029,0.1654,6.3398,0,4,0,0,0,0,0,0,0,0,0,0,4,0,0,0,0,0,0,0,0,0
ubt,bintrie,5,4,storage_mixed_k700,16,,3439,0,0,0.112,49.8052,0.0017,0.1126,50.6703,0,4,0,0,0,0,0,0,0,0,0,0,4,0,0,0,0,0,0,0,0,0
ubt,bintrie,5,4,storage_mixed_k700,16,,3440,0,0,0.0589,1.7817,0.0067,1.1416,4.1804,0,4,0,0,0,0,0,0,0,0,0,0,4,0,0,0,0,0,0,0,0,0
ubt,bintrie,5,4,storage_mixed_k700,16,,3441,0,0,0.1963,46.4672,0.0128,0.7886,48.4017,0,4,0,0,0,0,0,0,0,0,0,0,4,0,0,0,0,0,0,0,0,0
ubt,bintrie,5,4,storage_mixed_k700,16,,3442,91722,2,0.1511,6.6105,1.0409,8.2198,16.2588,5.6414,11,0,0,0,3,0,0,0,1,305,5,6,45.45,0,0,0,0,0,0,0,0
ubt,bintrie,5,4,storage_mixed_k700,16,,3443,15906938,1,169.8516,81.9361,41.1062,13.092,306.1999,51.9495,707,2338,701,19905,129,0,181,0,0,0,533,174,75.39,1879,459,80.37,701,0,100,19905,0
ubt,bintrie,5,4,storage_mixed_k700,16,,3444,21000,1,0.1126,42.0436,2.4867,2.1347,47.1928,0.445,6,0,0,0,2,0,0,0,0,0,2,4,33.33,0,0,0,0,0,0,0,0
ubt,bintrie,5,4,storage_mixed_k700,16,,3445,0,0,0.1269,8.1962,0.0134,1.3883,10.9098,0,4,0,0,0,0,0,0,0,0,0,0,4,0,0,0,0,0,0,0,0,0
ubt,bintrie,5,4,storage_mixed_k700,17,,3446,0,0,0.133,20.4541,0.0035,0.2803,21.2687,0,4,0,0,0,0,0,0,0,0,0,0,4,0,0,0,0,0,0,0,0,0
ubt,bintrie,5,4,storage_mixed_k700,17,,3447,0,0,0.0493,1.6365,0.005,1.288,3.7691,0,4,0,0,0,0,0,0,0,0,0,0,4,0,0,0,0,0,0,0,0,0
ubt,bintrie,5,4,storage_mixed_k700,17,,3448,0,0,0.1254,47.9068,0.0026,0.1753,48.717,0,4,0,0,0,0,0,0,0,0,0,0,4,0,0,0,0,0,0,0,0,0
ubt,bintrie,5,4,storage_mixed_k700,17,,3449,0,0,0.0394,1.8194,0.0018,0.133,2.4348,0,4,0,0,0,0,0,0,0,0,0,0,4,0,0,0,0,0,0,0,0,0
ubt,bintrie,5,4,storage_mixed_k700,17,,3450,0,0,0.0703,47.9631,0.0026,0.1525,48.5321,0,4,0,0,0,0,0,0,0,0,0,0,4,0,0,0,0,0,0,0,0,0
ubt,bintrie,5,4,storage_mixed_k700,17,,3451,91722,2,0.1412,1.9984,7.2189,2.0197,11.5141,7.966,11,0,0,0,3,0,0,0,1,305,6,5,54.55,0,0,0,0,0,0,0,0
ubt,bintrie,5,4,storage_mixed_k700,17,,3452,15906938,1,179.7718,98.8914,96.3948,14.9892,391.9066,40.5886,707,2338,701,19905,129,0,181,0,0,0,239,468,33.8,1175,1163,50.26,701,0,100,19905,0
ubt,bintrie,5,4,storage_mixed_k700,17,,3453,21000,1,0.0729,6.0639,2.2408,1.1057,13.4749,1.5584,6,0,0,0,2,0,0,0,0,0,2,4,33.33,0,0,0,0,0,0,0,0
ubt,bintrie,5,4,storage_mixed_k700,17,,3454,0,0,0.0583,5.4747,0.0052,0.9762,7.2871,0,4,0,0,0,0,0,0,0,0,0,0,4,0,0,0,0,0,0,0,0,0
ubt,bintrie,5,4,storage_mixed_k700,18,,3455,0,0,0.054,1.0914,0.0032,0.7781,2.4741,0,4,0,0,0,0,0,0,0,0,0,0,4,0,0,0,0,0,0,0,0,0
ubt,bintrie,5,4,storage_mixed_k700,18,,3456,0,0,0.0717,2.0235,0.0073,1.0147,4.1007,0,4,0,0,0,0,0,0,0,0,0,0,4,0,0,0,0,0,0,0,0,0
ubt,bintrie,5,4,storage_mixed_k700,18,,3457,0,0,0.1464,2.7804,0.0061,0.4051,3.9228,0,4,0,0,0,0,0,0,0,0,0,0,4,0,0,0,0,0,0,0,0,0
ubt,bintrie,5,4,storage_mixed_k700,18,,3458,0,0,0.098,13.6085,0.0099,0.4238,14.6646,0,4,0,0,0,0,0,0,0,0,0,0,4,0,0,0,0,0,0,0,0,0
ubt,bintrie,5,4,storage_mixed_k700,18,,3459,91722,2,0.1645,2.146,2.0553,1.8762,6.4194,14.2882,11,0,0,0,3,0,0,0,1,305,5,6,45.45,0,0,0,0,0,0,0,0
ubt,bintrie,5,4,storage_mixed_k700,18,,3460,15906938,1,173.1595,34.4806,31.2842,25.5922,264.7686,60.0787,707,2338,701,19905,129,0,181,0,0,0,153,554,21.64,1060,1278,45.34,701,0,100,19905,0
ubt,bintrie,5,4,storage_mixed_k700,18,,3461,21000,1,0.0668,10.0118,2.1134,1.1477,13.5126,1.5541,6,0,0,0,2,0,0,0,0,0,2,4,33.33,0,0,0,0,0,0,0,0
ubt,bintrie,5,4,storage_mixed_k700,18,,3462,0,0,10.1136,6.961,0.0102,0.6941,18.2757,0,4,0,0,0,0,0,0,0,0,0,0,4,0,0,0,0,0,0,0,0,0
ubt,bintrie,5,4,storage_mixed_k700,19,,3463,0,0,0.1977,2.4902,0.0274,0.5454,3.9091,0,4,0,0,0,0,0,0,0,0,0,0,4,0,0,0,0,0,0,0,0,0
ubt,bintrie,5,4,storage_mixed_k700,19,,3464,0,0,0.1205,3.1972,0.0102,0.8143,5.2537,0,4,0,0,0,0,0,0,0,0,0,0,4,0,0,0,0,0,0,0,0,0
ubt,bintrie,5,4,storage_mixed_k700,19,,3465,0,0,0.0747,23.9785,0.0038,0.3121,25.0562,0,4,0,0,0,0,0,0,0,0,0,0,4,0,0,0,0,0,0,0,0,0
ubt,bintrie,5,4,storage_mixed_k700,19,,3466,0,0,0.0752,48.3501,0.0032,0.1149,48.8646,0,4,0,0,0,0,0,0,0,0,0,0,4,0,0,0,0,0,0,0,0,0
ubt,bintrie,5,4,storage_mixed_k700,19,,3467,0,0,0.1318,59.698,0.0061,0.4929,60.7876,0,4,0,0,0,0,0,0,0,0,0,0,4,0,0,0,0,0,0,0,0,0
ubt,bintrie,5,4,storage_mixed_k700,19,,3468,91722,2,0.1237,4.2559,16.7949,2.622,24.0213,3.8184,11,0,0,0,3,0,0,0,1,305,6,5,54.55,0,0,0,0,0,0,0,0
ubt,bintrie,5,4,storage_mixed_k700,19,,3469,15906938,1,177.2816,80.9736,26.4039,13.8217,298.6955,53.2547,707,2338,701,19905,129,0,181,0,0,0,101,606,14.29,767,1571,32.81,701,0,100,19905,0
ubt,bintrie,5,4,storage_mixed_k700,19,,3470,21000,1,0.1225,9.6752,6.7405,0.7017,17.4993,1.2001,6,0,0,0,2,0,0,0,0,0,2,4,33.33,0,0,0,0,0,0,0,0
ubt,bintrie,5,4,storage_mixed_k700,19,,3471,0,0,0.0365,3.1517,0.0041,0.6982,4.4341,0,4,0,0,0,0,0,0,0,0,0,0,4,0,0,0,0,0,0,0,0,0
ubt,bintrie,5,4,storage_mixed_k700,19,,3472,0,0,0.105,28.3259,0.0085,0.4509,29.3433,0,4,0,0,0,0,0,0,0,0,0,0,4,0,0,0,0,0,0,0,0,0
ubt,bintrie,5,4,storage_mixed_k700,1,,3299,0,0,0.1461,67.6696,0.0032,0.2564,68.511,0,4,0,0,0,0,0,0,0,0,0,0,4,0,0,0,0,0,0,0,0,0
ubt,bintrie,5,4,storage_mixed_k700,1,,3300,0,0,0.0423,1.6712,0.0058,1.3483,3.9301,0,4,0,0,0,0,0,0,0,0,0,0,4,0,0,0,0,0,0,0,0,0
ubt,bintrie,5,4,storage_mixed_k700,1,,3301,0,0,0.0475,13.8273,0.0047,0.331,14.4471,0,4,0,0,0,0,0,0,0,0,0,0,4,0,0,0,0,0,0,0,0,0
ubt,bintrie,5,4,storage_mixed_k700,1,,3302,0,0,0.1365,7.1728,0.0216,1.0797,9.2471,0,4,0,0,0,0,0,0,0,0,0,0,4,0,0,0,0,0,0,0,0,0
ubt,bintrie,5,4,storage_mixed_k700,1,,3303,0,0,0.0589,51.1664,0.0023,0.2301,51.7013,0,4,0,0,0,0,0,0,0,0,0,0,4,0,0,0,0,0,0,0,0,0
ubt,bintrie,5,4,storage_mixed_k700,1,,3304,91722,2,0.6521,17.863,24.546,2.2166,47.2307,1.942,11,0,0,0,3,0,0,0,1,305,4,7,36.36,0,0,0,0,0,0,0,0
ubt,bintrie,5,4,storage_mixed_k700,1,,3305,15906938,1,160.6633,86.0702,100.9786,27.6845,377.3812,42.1508,707,2338,701,19905,129,0,181,0,0,0,241,466,34.09,287,2051,12.28,701,0,100,19905,0
ubt,bintrie,5,4,storage_mixed_k700,1,,3306,21000,1,0.0674,2.6337,1.192,0.6043,4.6525,4.5137,6,0,0,0,2,0,0,0,0,0,2,4,33.33,0,0,0,0,0,0,0,0
ubt,bintrie,5,4,storage_mixed_k700,1,,3307,0,0,0.2278,24.6122,0.0088,0.8047,26.9648,0,4,0,0,0,0,0,0,0,0,0,0,4,0,0,0,0,0,0,0,0,0
ubt,bintrie,5,4,storage_mixed_k700,20,,3473,0,0,0.0615,5.7655,0.0026,0.3092,6.4565,0,4,0,0,0,0,0,0,0,0,0,0,4,0,0,0,0,0,0,0,0,0
ubt,bintrie,5,4,storage_mixed_k700,20,,3474,0,0,0.0715,43.1507,0.0026,0.1423,45.6735,0,4,0,0,0,0,0,0,0,0,0,0,4,0,0,0,0,0,0,0,0,0
ubt,bintrie,5,4,storage_mixed_k700,20,,3475,0,0,0.0493,25.4021,0.0047,0.2488,28.8853,0,4,0,0,0,0,0,0,0,0,0,0,4,0,0,0,0,0,0,0,0,0
ubt,bintrie,5,4,storage_mixed_k700,20,,3476,0,0,0.0531,8.8172,0.0023,0.121,9.4515,0,4,0,0,0,0,0,0,0,0,0,0,4,0,0,0,0,0,0,0,0,0
ubt,bintrie,5,4,storage_mixed_k700,20,,3477,0,0,0.0493,81.8136,0.0029,0.1257,82.2602,0,4,0,0,0,0,0,0,0,0,0,0,4,0,0,0,0,0,0,0,0,0
ubt,bintrie,5,4,storage_mixed_k700,20,,3478,91722,2,0.3509,8.9729,5.1656,2.2405,17.1878,5.3365,11,0,0,0,3,0,0,0,1,305,6,5,54.55,0,0,0,0,0,0,0,0
ubt,bintrie,5,4,storage_mixed_k700,20,,3479,15906938,1,196.0415,89.1196,65.3013,23.3861,377.0568,42.1871,707,2338,701,19905,129,0,181,0,0,0,267,440,37.77,1633,705,69.85,701,0,100,19905,0
ubt,bintrie,5,4,storage_mixed_k700,20,,3480,21000,1,0.6699,24.1033,11.636,1.2935,38.1274,0.5508,6,0,0,0,2,0,0,0,0,0,0,6,0,0,0,0,0,0,0,0,0
ubt,bintrie,5,4,storage_mixed_k700,20,,3481,0,0,0.1009,7.4749,0.012,1.0427,9.8021,0,4,0,0,0,0,0,0,0,0,0,0,4,0,0,0,0,0,0,0,0,0
ubt,bintrie,5,4,storage_mixed_k700,2,,3308,0,0,0.0744,2.5914,0.0026,14.4494,17.7711,0,4,0,0,0,0,0,0,0,0,0,0,4,0,0,0,0,0,0,0,0,0
ubt,bintrie,5,4,storage_mixed_k700,2,,3309,0,0,0.0668,2.0947,0.0117,1.0392,4.5091,0,4,0,0,0,0,0,0,0,0,0,0,4,0,0,0,0,0,0,0,0,0
ubt,bintrie,5,4,storage_mixed_k700,2,,3310,0,0,0.0843,6.2109,0.0064,7.5831,15.3384,0,4,0,0,0,0,0,0,0,0,0,0,4,0,0,0,0,0,0,0,0,0
ubt,bintrie,5,4,storage_mixed_k700,2,,3311,0,0,0.0954,8.4692,0.0093,0.5652,9.6927,0,4,0,0,0,0,0,0,0,0,0,0,4,0,0,0,0,0,0,0,0,0
ubt,bintrie,5,4,storage_mixed_k700,2,,3312,91722,2,0.2733,5.517,4.5618,24.5405,35.1096,2.6124,11,0,0,0,3,0,0,0,1,305,5,6,45.45,0,0,0,0,0,0,0,0
ubt,bintrie,5,4,storage_mixed_k700,2,,3313,15906938,1,141.2094,60.3697,47.516,23.8464,273.3953,58.1829,707,2338,701,19905,129,0,181,0,0,0,112,595,15.84,316,2022,13.52,701,0,100,19905,0
ubt,bintrie,5,4,storage_mixed_k700,2,,3314,21000,1,0.0852,10.9973,21.1246,1.1115,33.5601,0.6257,6,0,0,0,2,0,0,0,0,0,2,4,33.33,0,0,0,0,0,0,0,0
ubt,bintrie,5,4,storage_mixed_k700,2,,3315,0,0,0.2424,10.0246,0.0257,1.5951,13.0124,0,4,0,0,0,0,0,0,0,0,0,0,4,0,0,0,0,0,0,0,0,0
ubt,bintrie,5,4,storage_mixed_k700,3,,3316,0,0,0.42,111.4637,0.0032,0.2144,113.0366,0,4,0,0,0,0,0,0,0,0,0,0,4,0,0,0,0,0,0,0,0,0
ubt,bintrie,5,4,storage_mixed_k700,3,,3317,0,0,0.2389,83.1381,0.0029,0.1867,84.1361,0,4,0,0,0,0,0,0,0,0,0,0,4,0,0,0,0,0,0,0,0,0
ubt,bintrie,5,4,storage_mixed_k700,3,,3318,0,0,0.0577,18.5834,0.0032,0.2844,19.2262,0,4,0,0,0,0,0,0,0,0,0,0,4,0,0,0,0,0,0,0,0,0
ubt,bintrie,5,4,storage_mixed_k700,3,,3319,0,0,0.0901,9.5157,0.007,0.4258,10.4749,0,4,0,0,0,0,0,0,0,0,0,0,4,0,0,0,0,0,0,0,0,0
ubt,bintrie,5,4,storage_mixed_k700,3,,3320,0,0,0.0586,6.2899,0.0032,0.2249,7.0605,0,4,0,0,0,0,0,0,0,0,0,0,4,0,0,0,0,0,0,0,0,0
ubt,bintrie,5,4,storage_mixed_k700,3,,3321,91722,2,0.4745,30.4953,6.8292,4.2445,47.5011,1.9309,11,0,0,0,3,0,0,0,1,305,4,7,36.36,0,0,0,0,0,0,0,0
ubt,bintrie,5,4,storage_mixed_k700,3,,3322,15906938,1,175.2465,92.831,25.1463,14.7486,308.3568,51.5861,707,2338,701,19905,129,0,181,0,0,0,491,216,69.45,992,1346,42.43,701,0,100,19905,0
ubt,bintrie,5,4,storage_mixed_k700,3,,3323,21000,1,0.0939,13.204,33.7572,0.8942,48.1868,0.4358,6,0,0,0,2,0,0,0,0,0,2,4,33.33,0,0,0,0,0,0,0,0
ubt,bintrie,5,4,storage_mixed_k700,3,,3324,0,0,0.1172,8.2534,0.0093,0.4696,9.467,0,4,0,0,0,0,0,0,0,0,0,0,4,0,0,0,0,0,0,0,0,0
ubt,bintrie,5,4,storage_mixed_k700,4,,3325,0,0,0.3202,51.3122,0.0076,0.9114,53.1975,0,4,0,0,0,0,0,0,0,0,0,0,4,0,0,0,0,0,0,0,0,0
ubt,bintrie,5,4,storage_mixed_k700,4,,3326,0,0,0.0575,1.8544,0.0073,1.0853,3.9739,0,4,0,0,0,0,0,0,0,0,0,0,4,0,0,0,0,0,0,0,0,0
ubt,bintrie,5,4,storage_mixed_k700,4,,3327,0,0,0.0332,1.7109,0.0018,0.096,2.0183,0,4,0,0,0,0,0,0,0,0,0,0,4,0,0,0,0,0,0,0,0,0
ubt,bintrie,5,4,storage_mixed_k700,4,,3328,0,0,0.0843,29.5182,0.0029,0.17,30.2486,0,4,0,0,0,0,0,0,0,0,0,0,4,0,0,0,0,0,0,0,0,0
ubt,bintrie,5,4,storage_mixed_k700,4,,3329,0,0,0.047,54.2825,0.0026,0.1887,54.6893,0,4,0,0,0,0,0,0,0,0,0,0,4,0,0,0,0,0,0,0,0,0
ubt,bintrie,5,4,storage_mixed_k700,4,,3330,91722,2,1.1538,28.5237,34.9309,2.0014,67.242,1.3641,11,0,0,0,3,0,0,0,1,305,4,7,36.36,0,0,0,0,0,0,0,0
ubt,bintrie,5,4,storage_mixed_k700,4,,3331,15906938,1,152.4506,80.9008,27.0925,20.1061,298.5462,53.2813,707,2338,701,19905,129,0,181,0,0,0,362,345,51.2,1202,1136,51.41,701,0,100,19905,0
ubt,bintrie,5,4,storage_mixed_k700,4,,3332,21000,1,0.0901,28.9116,14.9128,5.2464,49.4071,0.425,6,0,0,0,2,0,0,0,0,0,2,4,33.33,0,0,0,0,0,0,0,0
ubt,bintrie,5,4,storage_mixed_k700,4,,3333,0,0,0.1257,7.3064,0.0117,0.6466,8.8699,0,4,0,0,0,0,0,0,0,0,0,0,4,0,0,0,0,0,0,0,0,0
ubt,bintrie,5,4,storage_mixed_k700,5,,3334,0,0,0.0624,5.1399,0.0029,0.2033,5.6118,0,4,0,0,0,0,0,0,0,0,0,0,4,0,0,0,0,0,0,0,0,0
ubt,bintrie,5,4,storage_mixed_k700,5,,3335,0,0,0.0411,14.6588,0.0026,0.1164,15.0257,0,4,0,0,0,0,0,0,0,0,0,0,4,0,0,0,0,0,0,0,0,0
ubt,bintrie,5,4,storage_mixed_k700,5,,3336,0,0,0.1905,56.2109,0.0023,0.184,57.1483,0,4,0,0,0,0,0,0,0,0,0,0,4,0,0,0,0,0,0,0,0,0
ubt,bintrie,5,4,storage_mixed_k700,5,,3337,0,0,0.0668,6.6046,0.0085,0.3905,7.4843,0,4,0,0,0,0,0,0,0,0,0,0,4,0,0,0,0,0,0,0,0,0
ubt,bintrie,5,4,storage_mixed_k700,5,,3338,91722,2,0.1353,1.8669,39.2795,4.4671,46.298,1.9811,11,0,0,0,3,0,0,0,1,305,6,5,54.55,0,0,0,0,0,0,0,0
ubt,bintrie,5,4,storage_mixed_k700,5,,3339,15906938,1,161.5923,47.3547,41.4314,55.7279,307.1388,51.7907,707,2338,701,19905,129,0,181,0,0,0,1,706,0.14,950,1388,40.63,701,0,100,19905,0
ubt,bintrie,5,4,storage_mixed_k700,5,,3340,21000,1,0.3593,31.1265,6.2252,0.7359,38.7399,0.5421,6,0,0,0,2,0,0,0,0,0,0,6,0,0,0,0,0,0,0,0,0
ubt,bintrie,5,4,storage_mixed_k700,5,,3341,0,0,0.2059,7.1804,0.0111,4.5356,14.277,0,4,0,0,0,0,0,0,0,0,0,0,4,0,0,0,0,0,0,0,0,0
ubt,bintrie,5,4,storage_mixed_k700,5,,3342,0,0,0.1012,11.667,0.007,0.5323,12.7166,0,4,0,0,0,0,0,0,0,0,0,0,4,0,0,0,0,0,0,0,0,0
ubt,bintrie,5,4,storage_mixed_k700,6,,3343,0,0,0.1164,7.9346,0.0038,0.3436,8.8726,0,4,0,0,0,0,0,0,0,0,0,0,4,0,0,0,0,0,0,0,0,0
ubt,bintrie,5,4,storage_mixed_k700,6,,3344,0,0,0.0496,11.3009,0.0029,0.1514,11.6789,0,4,0,0,0,0,0,0,0,0,0,0,4,0,0,0,0,0,0,0,0,0
ubt,bintrie,5,4,storage_mixed_k700,6,,3345,0,0,0.149,2.1627,0.0053,0.4028,3.1741,0,4,0,0,0,0,0,0,0,0,0,0,4,0,0,0,0,0,0,0,0,0
ubt,bintrie,5,4,storage_mixed_k700,6,,3346,0,0,0.0505,1.8205,0.0073,1.1806,4.0599,0,4,0,0,0,0,0,0,0,0,0,0,4,0,0,0,0,0,0,0,0,0
ubt,bintrie,5,4,storage_mixed_k700,6,,3347,91722,2,0.2616,13.139,2.6034,2.1262,18.572,4.9387,11,0,0,0,3,0,0,0,1,305,6,5,54.55,0,0,0,0,0,0,0,0
ubt,bintrie,5,4,storage_mixed_k700,6,,3348,15906938,1,174.1051,100.8881,62.9978,24.0817,362.923,43.8301,707,2338,701,19905,129,0,181,0,0,0,300,407,42.43,751,1587,32.12,701,0,100,19905,0
ubt,bintrie,5,4,storage_mixed_k700,6,,3349,21000,1,0.121,15.1278,41.833,2.1422,59.4705,0.3531,6,0,0,0,2,0,0,0,0,0,2,4,33.33,0,0,0,0,0,0,0,0
ubt,bintrie,5,4,storage_mixed_k700,6,,3350,0,0,0.2088,8.6255,0.0222,13.1325,22.8719,0,4,0,0,0,0,0,0,0,0,0,0,4,0,0,0,0,0,0,0,0,0
ubt,bintrie,5,4,storage_mixed_k700,7,,3351,0,0,0.0668,2.9825,0.007,9.8225,18.973,0,4,0,0,0,0,0,0,0,0,0,0,4,0,0,0,0,0,0,0,0,0
ubt,bintrie,5,4,storage_mixed_k700,7,,3352,0,0,0.0627,1.8628,0.0058,1.4831,4.7164,0,4,0,0,0,0,0,0,0,0,0,0,4,0,0,0,0,0,0,0,0,0
ubt,bintrie,5,4,storage_mixed_k700,7,,3353,0,0,0.0977,171.3518,0.005,0.3027,172.1379,0,4,0,0,0,0,0,0,0,0,0,0,4,0,0,0,0,0,0,0,0,0
ubt,bintrie,5,4,storage_mixed_k700,7,,3354,0,0,0.2946,34.2402,0.0277,0.322,35.4567,0,4,0,0,0,0,0,0,0,0,0,0,4,0,0,0,0,0,0,0,0,0
ubt,bintrie,5,4,storage_mixed_k700,7,,3355,91722,2,0.5244,5.2677,21.9517,2.1516,30.1538,3.0418,11,0,0,0,3,0,0,0,1,305,4,7,36.36,0,0,0,0,0,0,0,0
ubt,bintrie,5,4,storage_mixed_k700,7,,3356,15906938,1,166.1478,92.7252,52.9589,23.1922,335.9862,47.344,707,2338,701,19905,129,0,181,0,0,0,119,588,16.83,488,1850,20.87,701,0,100,19905,0
ubt,bintrie,5,4,storage_mixed_k700,7,,3357,21000,1,0.1076,12.1289,40.2545,2.2761,55.0026,0.3818,6,0,0,0,2,0,0,0,0,0,2,4,33.33,0,0,0,0,0,0,0,0
ubt,bintrie,5,4,storage_mixed_k700,7,,3358,0,0,0.1893,8.6515,0.0286,1.8112,12.3926,0,4,0,0,0,0,0,0,0,0,0,0,4,0,0,0,0,0,0,0,0,0
ubt,bintrie,5,4,storage_mixed_k700,8,,3359,0,0,0.0895,4.57,0.0029,0.1482,5.0565,0,4,0,0,0,0,0,0,0,0,0,0,4,0,0,0,0,0,0,0,0,0
ubt,bintrie,5,4,storage_mixed_k700,8,,3360,0,0,0.3926,109.7665,0.0023,0.3491,111.9476,0,4,0,0,0,0,0,0,0,0,0,0,4,0,0,0,0,0,0,0,0,0
ubt,bintrie,5,4,storage_mixed_k700,8,,3361,0,0,0.0761,6.6723,0.0111,0.4944,9.7548,0,4,0,0,0,0,0,0,0,0,0,0,4,0,0,0,0,0,0,0,0,0
ubt,bintrie,5,4,storage_mixed_k700,8,,3362,0,0,0.2071,16.2501,0.0178,1.4195,18.621,0,4,0,0,0,0,0,0,0,0,0,0,4,0,0,0,0,0,0,0,0,0
ubt,bintrie,5,4,storage_mixed_k700,8,,3363,91722,2,0.1444,2.1061,1.6429,2.4701,6.5338,14.0382,11,0,0,0,3,0,0,0,1,305,5,6,45.45,0,0,0,0,0,0,0,0
ubt,bintrie,5,4,storage_mixed_k700,8,,3364,15906938,1,184.8871,73.2047,28.3338,12.9905,299.6134,53.0915,707,2338,701,19905,129,0,181,0,0,0,84,623,11.88,1198,1140,51.24,701,0,100,19905,0
ubt,bintrie,5,4,storage_mixed_k700,8,,3365,0,0,0.0373,7.3335,0.0029,0.1423,7.6846,0,4,0,0,0,0,0,0,0,0,0,0,4,0,0,0,0,0,0,0,0,0
ubt,bintrie,5,4,storage_mixed_k700,8,,3366,21000,1,0.3325,21.7164,12.4197,0.9146,35.6218,0.5895,6,0,0,0,2,0,0,0,0,0,0,6,0,0,0,0,0,0,0,0,0
ubt,bintrie,5,4,storage_mixed_k700,8,,3367,0,0,0.2185,28.6704,0.007,0.4352,29.9406,0,4,0,0,0,0,0,0,0,0,0,0,4,0,0,0,0,0,0,0,0,0
ubt,bintrie,5,4,storage_mixed_k700,8,,3368,0,0,0.0449,5.424,0.0029,0.1875,5.8895,0,4,0,0,0,0,0,0,0,0,0,0,4,0,0,0,0,0,0,0,0,0
ubt,bintrie,5,4,storage_mixed_k700,9,,3369,0,0,0.1878,2.2189,0.0064,0.7326,4.0056,0,4,0,0,0,0,0,0,0,0,0,0,4,0,0,0,0,0,0,0,0,0
ubt,bintrie,5,4,storage_mixed_k700,9,,3370,0,0,0.0595,2.0113,0.0067,1.1655,3.9896,0,4,0,0,0,0,0,0,0,0,0,0,4,0,0,0,0,0,0,0,0,0
ubt,bintrie,5,4,storage_mixed_k700,9,,3371,0,0,0.0324,1.7905,0.002,0.1254,2.0734,0,4,0,0,0,0,0,0,0,0,0,0,4,0,0,0,0,0,0,0,0,0
ubt,bintrie,5,4,storage_mixed_k700,9,,3372,0,0,0.3243,58.1822,0.0082,0.4433,59.5924,0,4,0,0,0,0,0,0,0,0,0,0,4,0,0,0,0,0,0,0,0,0
ubt,bintrie,5,4,storage_mixed_k700,9,,3373,0,0,0.063,14.6118,0.0032,0.1861,15.2022,0,4,0,0,0,0,0,0,0,0,0,0,4,0,0,0,0,0,0,0,0,0
ubt,bintrie,5,4,storage_mixed_k700,9,,3374,91722,2,0.1817,2.2892,1.2407,2.0664,14.7335,6.2254,11,0,0,0,3,0,0,0,1,305,5,6,45.45,0,0,0,0,0,0,0,0
ubt,bintrie,5,4,storage_mixed_k700,9,,3375,15906938,1,180.7565,98.6981,98.8745,12.7709,393.2171,40.4533,707,2338,701,19905,129,0,181,0,0,0,314,393,44.41,614,1724,26.26,701,0,100,19905,0
ubt,bintrie,5,4,storage_mixed_k700,9,,3376,21000,1,0.084,11.1437,41.8881,1.22,81.872,0.2565,6,0,0,0,2,0,0,0,0,0,2,4,33.33,0,0,0,0,0,0,0,0
ubt,bintrie,5,4,storage_mixed_k700,9,,3377,0,0,0.1727,17.3461,0.0181,1.1363,19.4455,0,4,0,0,0,0,0,0,0,0,0,0,4,0,0,0,0,0,0,0,0,0
ubt,bintrie,5,4,storage_sload_k1,10,,768,0,0,0.1995,64.2695,0.0041,0.2782,65.2194,0,4,0,0,0,0,0,0,0,0,0,0,4,0,0,0,0,0,0,0,0,0
ubt,bintrie,5,4,storage_sload_k1,10,,769,0,0,0.0542,4.5126,0.0029,0.1703,4.9778,0,4,0,0,0,0,0,0,0,0,0,0,4,0,0,0,0,0,0,0,0,0
ubt,bintrie,5,4,storage_sload_k1,10,,770,0,0,0.0852,60.7162,0.0038,0.1595,61.1691,0,4,0,0,0,0,0,0,0,0,0,0,4,0,0,0,0,0,0,0,0,0
ubt,bintrie,5,4,storage_sload_k1,10,,771,0,0,0.0344,6.0709,0.0026,0.1403,6.4183,0,4,0,0,0,0,0,0,0,0,0,0,4,0,0,0,0,0,0,0,0,0
ubt,bintrie,5,4,storage_sload_k1,10,,772,0,0,0.3045,47.6201,0.0064,0.7849,50.0654,0,4,0,0,0,0,0,0,0,0,0,0,4,0,0,0,0,0,0,0,0,0
ubt,bintrie,5,4,storage_sload_k1,10,,773,86132,2,0.124,55.38,6.6583,2.1314,64.4585,1.3362,11,0,0,0,3,0,0,0,1,155,5,6,45.45,0,0,0,0,0,0,0,0
ubt,bintrie,5,4,storage_sload_k1,10,,774,15900047,1,402.235,23.0216,75.4777,12.5066,514.0164,30.933,8,702,2,183,2,0,0,0,0,0,3,5,37.5,33,669,4.7,2,0,100,183,0
ubt,bintrie,5,4,storage_sload_k1,10,,775,21000,1,0.0697,5.6051,22.5721,25.4496,58.4036,0.3596,6,0,0,0,2,0,0,0,0,0,2,4,33.33,0,0,0,0,0,0,0,0
ubt,bintrie,5,4,storage_sload_k1,10,,776,0,0,0.0875,30.2506,0.0344,0.4127,31.1629,0,4,0,0,0,0,0,0,0,0,0,0,4,0,0,0,0,0,0,0,0,0
ubt,bintrie,5,4,storage_sload_k1,11,,777,0,0,0.0837,14.3263,0.0041,0.2045,14.874,0,4,0,0,0,0,0,0,0,0,0,0,4,0,0,0,0,0,0,0,0,0
ubt,bintrie,5,4,storage_sload_k1,11,,778,0,0,0.04,2.1694,0.0032,0.117,2.5354,0,4,0,0,0,0,0,0,0,0,0,0,4,0,0,0,0,0,0,0,0,0
ubt,bintrie,5,4,storage_sload_k1,11,,779,0,0,0.0551,20.7081,0.0038,2.6908,23.793,0,4,0,0,0,0,0,0,0,0,0,0,4,0,0,0,0,0,0,0,0,0
ubt,bintrie,5,4,storage_sload_k1,11,,780,0,0,0.1097,65.7176,0.0032,0.1315,66.335,0,4,0,0,0,0,0,0,0,0,0,0,4,0,0,0,0,0,0,0,0,0
ubt,bintrie,5,4,storage_sload_k1,11,,781,0,0,0.058,55.0492,0.0023,0.2295,55.6498,0,4,0,0,0,0,0,0,0,0,0,0,4,0,0,0,0,0,0,0,0,0
ubt,bintrie,5,4,storage_sload_k1,11,,782,86132,2,0.1925,12.544,43.5905,2.8556,59.8899,1.4382,11,0,0,0,3,0,0,0,1,155,6,5,54.55,0,0,0,0,0,0,0,0
ubt,bintrie,5,4,storage_sload_k1,11,,783,15900047,1,444.7688,52.3488,69.0824,9.4859,583.6495,27.2425,8,702,2,183,2,0,0,0,0,0,1,7,12.5,12,690,1.71,2,0,100,183,0
ubt,bintrie,5,4,storage_sload_k1,11,,784,21000,1,0.0919,9.4285,44.2739,0.8318,54.9827,0.3819,6,0,0,0,2,0,0,0,0,0,2,4,33.33,0,0,0,0,0,0,0,0
ubt,bintrie,5,4,storage_sload_k1,11,,785,0,0,0.0379,2.0868,0.0023,0.1286,2.3925,0,4,0,0,0,0,0,0,0,0,0,0,4,0,0,0,0,0,0,0,0,0
ubt,bintrie,5,4,storage_sload_k1,12,,786,0,0,0.7245,77.1897,0.0044,0.2056,79.9718,0,4,0,0,0,0,0,0,0,0,0,0,4,0,0,0,0,0,0,0,0,0
ubt,bintrie,5,4,storage_sload_k1,12,,787,0,0,0.1432,2.4059,0.0053,1.3247,4.3259,0,4,0,0,0,0,0,0,0,0,0,0,4,0,0,0,0,0,0,0,0,0
ubt,bintrie,5,4,storage_sload_k1,12,,788,0,0,2.6383,11.9583,0.0023,0.1275,22.1177,0,4,0,0,0,0,0,0,0,0,0,0,4,0,0,0,0,0,0,0,0,0
ubt,bintrie,5,4,storage_sload_k1,12,,789,0,0,0.0382,14.3957,0.0023,0.142,14.7816,0,4,0,0,0,0,0,0,0,0,0,0,4,0,0,0,0,0,0,0,0,0
ubt,bintrie,5,4,storage_sload_k1,12,,790,0,0,0.1143,51.5103,0.0053,0.5107,52.7656,0,4,0,0,0,0,0,0,0,0,0,0,4,0,0,0,0,0,0,0,0,0
ubt,bintrie,5,4,storage_sload_k1,12,,791,86132,2,0.1234,1.7523,32.6819,2.4327,37.7961,2.2789,11,0,0,0,3,0,0,0,1,155,6,5,54.55,0,0,0,0,0,0,0,0
ubt,bintrie,5,4,storage_sload_k1,12,,792,15900047,1,446.2315,44.8896,74.9515,14.2021,590.9094,26.9078,8,702,2,183,2,0,0,0,0,0,0,8,0,231,471,32.91,2,0,100,183,0
ubt,bintrie,5,4,storage_sload_k1,12,,793,21000,1,0.0866,8.4794,21.7922,0.8476,51.7964,0.4054,6,0,0,0,2,0,0,0,0,0,2,4,33.33,0,0,0,0,0,0,0,0
ubt,bintrie,5,4,storage_sload_k1,12,,794,0,0,0.1082,3.653,0.0058,0.2914,4.4595,0,4,0,0,0,0,0,0,0,0,0,0,4,0,0,0,0,0,0,0,0,0
ubt,bintrie,5,4,storage_sload_k1,13,,795,0,0,0.3127,16.7086,0.0041,0.3415,17.996,0,4,0,0,0,0,0,0,0,0,0,0,4,0,0,0,0,0,0,0,0,0
ubt,bintrie,5,4,storage_sload_k1,13,,796,0,0,0.1269,3.7618,0.0114,0.5749,21.9996,0,4,0,0,0,0,0,0,0,0,0,0,4,0,0,0,0,0,0,0,0,0
ubt,bintrie,5,4,storage_sload_k1,13,,797,0,0,0.0557,26.2995,0.0067,0.1779,26.7936,0,4,0,0,0,0,0,0,0,0,0,0,4,0,0,0,0,0,0,0,0,0
ubt,bintrie,5,4,storage_sload_k1,13,,798,0,0,0.0338,1.8205,0.0026,0.1199,2.0973,0,4,0,0,0,0,0,0,0,0,0,0,4,0,0,0,0,0,0,0,0,0
ubt,bintrie,5,4,storage_sload_k1,13,,799,0,0,0.0694,78.6092,0.0038,0.2803,79.2756,0,4,0,0,0,0,0,0,0,0,0,0,4,0,0,0,0,0,0,0,0,0
ubt,bintrie,5,4,storage_sload_k1,13,,800,86132,2,0.7297,41.091,1.0138,2.5048,45.6176,1.8881,11,0,0,0,3,0,0,0,1,155,4,7,36.36,0,0,0,0,0,0,0,0
ubt,bintrie,5,4,storage_sload_k1,13,,801,15900047,1,499.9012,53.9544,7.4224,2.5818,581.3028,27.3524,8,702,2,183,2,0,0,0,0,0,3,5,37.5,59,643,8.4,2,0,100,183,0
ubt,bintrie,5,4,storage_sload_k1,13,,802,21000,1,0.0831,20.4404,42.4612,0.7974,64.0639,0.3278,6,0,0,0,2,0,0,0,0,0,2,4,33.33,0,0,0,0,0,0,0,0
ubt,bintrie,5,4,storage_sload_k1,13,,803,0,0,0.0715,6.6198,0.0029,0.1254,6.9812,0,4,0,0,0,0,0,0,0,0,0,0,4,0,0,0,0,0,0,0,0,0
ubt,bintrie,5,4,storage_sload_k1,14,,804,0,0,0.0682,14.6454,0.0029,0.2094,15.1319,0,4,0,0,0,0,0,0,0,0,0,0,4,0,0,0,0,0,0,0,0,0
ubt,bintrie,5,4,storage_sload_k1,14,,805,0,0,0.119,10.7389,0.0026,0.1275,11.487,0,4,0,0,0,0,0,0,0,0,0,0,4,0,0,0,0,0,0,0,0,0
ubt,bintrie,5,4,storage_sload_k1,14,,806,0,0,0.065,4.3163,0.0029,0.224,18.5749,0,4,0,0,0,0,0,0,0,0,0,0,4,0,0,0,0,0,0,0,0,0
ubt,bintrie,5,4,storage_sload_k1,14,,807,0,0,0.0822,35.0394,0.0029,0.1487,35.5696,0,4,0,0,0,0,0,0,0,0,0,0,4,0,0,0,0,0,0,0,0,0
ubt,bintrie,5,4,storage_sload_k1,14,,808,0,0,0.0268,1.8494,0.0023,0.1035,2.1119,0,4,0,0,0,0,0,0,0,0,0,0,4,0,0,0,0,0,0,0,0,0
ubt,bintrie,5,4,storage_sload_k1,14,,809,86132,2,0.6052,38.4063,0.6836,1.8191,41.9298,2.0542,11,0,0,0,3,0,0,0,1,155,4,7,36.36,0,0,0,0,0,0,0,0
ubt,bintrie,5,4,storage_sload_k1,14,,810,15900047,1,535.7211,15.4043,6.5851,5.5147,567.8494,28.0005,8,702,2,183,2,0,0,0,0,0,3,5,37.5,107,595,15.24,2,0,100,183,0
ubt,bintrie,5,4,storage_sload_k1,14,,811,21000,1,0.0939,9.7779,46.0142,0.7609,56.9456,0.3688,6,0,0,0,2,0,0,0,0,0,2,4,33.33,0,0,0,0,0,0,0,0
ubt,bintrie,5,4,storage_sload_k1,14,,812,0,0,0.0265,1.8118,0.0009,0.1202,2.0673,0,4,0,0,0,0,0,0,0,0,0,0,4,0,0,0,0,0,0,0,0,0
ubt,bintrie,5,4,storage_sload_k1,14,,813,0,0,0.0312,2.0314,0.0023,0.1333,2.3309,0,4,0,0,0,0,0,0,0,0,0,0,4,0,0,0,0,0,0,0,0,0
ubt,bintrie,5,4,storage_sload_k1,15,,814,0,0,0.1902,25.3073,0.0079,0.9179,27.7733,0,4,0,0,0,0,0,0,0,0,0,0,4,0,0,0,0,0,0,0,0,0
ubt,bintrie,5,4,storage_sload_k1,15,,815,0,0,0.0604,2.0959,0.0099,0.5063,14.0513,0,4,0,0,0,0,0,0,0,0,0,0,4,0,0,0,0,0,0,0,0,0
ubt,bintrie,5,4,storage_sload_k1,15,,816,0,0,0.0805,37.6766,0.0058,9.968,48.1133,0,4,0,0,0,0,0,0,0,0,0,0,4,0,0,0,0,0,0,0,0,0
ubt,bintrie,5,4,storage_sload_k1,15,,817,0,0,0.0496,5.2052,0.0035,0.2056,5.6982,0,4,0,0,0,0,0,0,0,0,0,0,4,0,0,0,0,0,0,0,0,0
ubt,bintrie,5,4,storage_sload_k1,15,,818,0,0,0.0534,9.9193,0.0047,0.8575,13.0144,0,4,0,0,0,0,0,0,0,0,0,0,4,0,0,0,0,0,0,0,0,0
ubt,bintrie,5,4,storage_sload_k1,15,,819,86132,2,0.1178,2.5929,2.4797,4.6158,10.0596,8.5621,11,0,0,0,3,0,0,0,1,155,5,6,45.45,0,0,0,0,0,0,0,0
ubt,bintrie,5,4,storage_sload_k1,15,,820,15900047,1,414.452,47.9972,68.0835,1.1194,534.7749,29.7322,8,702,2,183,2,0,0,0,0,0,0,8,0,162,540,23.08,2,0,100,183,0
ubt,bintrie,5,4,storage_sload_k1,15,,821,21000,1,0.3538,11.3823,11.8799,0.9409,24.8153,0.8463,6,0,0,0,2,0,0,0,0,0,0,6,0,0,0,0,0,0,0,0,0
ubt,bintrie,5,4,storage_sload_k1,15,,822,0,0,0.1073,2.6136,0.009,1.6362,5.9709,0,4,0,0,0,0,0,0,0,0,0,0,4,0,0,0,0,0,0,0,0,0
ubt,bintrie,5,4,storage_sload_k1,16,,823,0,0,0.2368,38.0026,0.0044,0.2911,39.0468,0,4,0,0,0,0,0,0,0,0,0,0,4,0,0,0,0,0,0,0,0,0
ubt,bintrie,5,4,storage_sload_k1,16,,824,0,0,0.1193,3.546,0.0198,3.5708,11.8609,0,4,0,0,0,0,0,0,0,0,0,0,4,0,0,0,0,0,0,0,0,0
ubt,bintrie,5,4,storage_sload_k1,16,,825,0,0,0.0435,2.7191,0.0029,0.3109,3.5378,0,4,0,0,0,0,0,0,0,0,0,0,4,0,0,0,0,0,0,0,0,0
ubt,bintrie,5,4,storage_sload_k1,16,,826,0,0,0.0397,6.2059,0.0023,0.1382,6.5475,0,4,0,0,0,0,0,0,0,0,0,0,4,0,0,0,0,0,0,0,0,0
ubt,bintrie,5,4,storage_sload_k1,16,,827,0,0,0.0505,80.4536,0.0032,0.1295,80.8657,0,4,0,0,0,0,0,0,0,0,0,0,4,0,0,0,0,0,0,0,0,0
ubt,bintrie,5,4,storage_sload_k1,16,,828,86132,2,1.3968,9.8117,1.7062,3.4261,16.9358,5.0858,11,0,0,0,3,0,0,0,1,155,4,7,36.36,0,0,0,0,0,0,0,0
ubt,bintrie,5,4,storage_sload_k1,16,,829,15900047,1,453.6602,18.4574,69.4152,13.9317,558.0535,28.492,8,702,2,183,2,0,0,0,0,0,1,7,12.5,76,626,10.83,2,0,100,183,0
ubt,bintrie,5,4,storage_sload_k1,16,,830,21000,1,0.154,45.9775,6.9905,0.8184,54.2119,0.3874,6,0,0,0,2,0,0,0,0,0,2,4,33.33,0,0,0,0,0,0,0,0
ubt,bintrie,5,4,storage_sload_k1,16,,831,0,0,0.1234,55.151,0.0029,0.3503,56.5612,0,4,0,0,0,0,0,0,0,0,0,0,4,0,0,0,0,0,0,0,0,0
ubt,bintrie,5,4,storage_sload_k1,17,,832,0,0,0.0837,1.446,0.002,0.2252,2.0098,0,4,0,0,0,0,0,0,0,0,0,0,4,0,0,0,0,0,0,0,0,0
ubt,bintrie,5,4,storage_sload_k1,17,,833,0,0,0.1315,32.3094,0.0079,0.3832,33.2605,0,4,0,0,0,0,0,0,0,0,0,0,4,0,0,0,0,0,0,0,0,0
ubt,bintrie,5,4,storage_sload_k1,17,,834,0,0,0.1219,35.8706,0.0053,0.4069,37.2078,0,4,0,0,0,0,0,0,0,0,0,0,4,0,0,0,0,0,0,0,0,0
ubt,bintrie,5,4,storage_sload_k1,17,,835,0,0,0.1318,77.1135,0.0035,0.1242,77.7009,0,4,0,0,0,0,0,0,0,0,0,0,4,0,0,0,0,0,0,0,0,0
ubt,bintrie,5,4,storage_sload_k1,17,,836,0,0,0.0866,34.4534,0.0038,0.156,43.6908,0,4,0,0,0,0,0,0,0,0,0,0,4,0,0,0,0,0,0,0,0,0
ubt,bintrie,5,4,storage_sload_k1,17,,837,86132,2,0.511,39.4248,23.1385,1.7027,65.2098,1.3208,11,0,0,0,3,0,0,0,1,155,4,7,36.36,0,0,0,0,0,0,0,0
ubt,bintrie,5,4,storage_sload_k1,17,,838,15900047,1,443.4799,30.6056,63.1256,11.0081,562.0688,28.2884,8,702,2,183,2,0,0,0,0,0,1,7,12.5,567,135,80.77,2,0,100,183,0
ubt,bintrie,5,4,storage_sload_k1,17,,839,21000,1,0.2619,21.5545,44.1175,0.8102,67.4509,0.3113,6,0,0,0,2,0,0,0,0,0,2,4,33.33,0,0,0,0,0,0,0,0
ubt,bintrie,5,4,storage_sload_k1,17,,840,0,0,0.0379,2.1802,0.0026,0.1464,2.5716,0,4,0,0,0,0,0,0,0,0,0,0,4,0,0,0,0,0,0,0,0,0
ubt,bintrie,5,4,storage_sload_k1,18,,841,0,0,0.1333,11.0798,0.0041,0.3765,11.9297,0,4,0,0,0,0,0,0,0,0,0,0,4,0,0,0,0,0,0,0,0,0
ubt,bintrie,5,4,storage_sload_k1,18,,842,0,0,0.1689,6.0796,0.005,0.4168,7.2355,0,4,0,0,0,0,0,0,0,0,0,0,4,0,0,0,0,0,0,0,0,0
ubt,bintrie,5,4,storage_sload_k1,18,,843,0,0,0.0554,2.8708,0.0032,0.1549,3.3205,0,4,0,0,0,0,0,0,0,0,0,0,4,0,0,0,0,0,0,0,0,0
ubt,bintrie,5,4,storage_sload_k1,18,,844,0,0,0.0449,0.8794,0.0038,0.1525,3.5215,0,4,0,0,0,0,0,0,0,0,0,0,4,0,0,0,0,0,0,0,0,0
ubt,bintrie,5,4,storage_sload_k1,18,,845,0,0,0.093,3.2864,0.0099,0.4174,16.405,0,4,0,0,0,0,0,0,0,0,0,0,4,0,0,0,0,0,0,0,0,0
ubt,bintrie,5,4,storage_sload_k1,18,,846,86132,2,0.1353,3.2269,15.4156,2.5468,21.5145,4.0034,11,0,0,0,3,0,0,0,1,155,6,5,54.55,0,0,0,0,0,0,0,0
ubt,bintrie,5,4,storage_sload_k1,18,,847,15900047,1,435.279,34.9422,70.0983,1.0287,548.1462,29.0069,8,702,2,183,2,0,0,0,0,0,1,7,12.5,178,524,25.36,2,0,100,183,0
ubt,bintrie,5,4,storage_sload_k1,18,,848,21000,1,0.1009,36.6837,1.3314,0.7073,39.0613,0.5376,6,0,0,0,2,0,0,0,0,0,2,4,33.33,0,0,0,0,0,0,0,0
ubt,bintrie,5,4,storage_sload_k1,18,,849,0,0,0.152,59.3191,0.0032,0.2045,64.4777,0,4,0,0,0,0,0,0,0,0,0,0,4,0,0,0,0,0,0,0,0,0
ubt,bintrie,5,4,storage_sload_k1,19,,850,0,0,0.1158,9.9465,0.0032,0.2701,10.6803,0,4,0,0,0,0,0,0,0,0,0,0,4,0,0,0,0,0,0,0,0,0
ubt,bintrie,5,4,storage_sload_k1,19,,851,0,0,0.1059,2.6733,0.0093,0.5034,16.4446,0,4,0,0,0,0,0,0,0,0,0,0,4,0,0,0,0,0,0,0,0,0
ubt,bintrie,5,4,storage_sload_k1,19,,852,0,0,0.0595,22.8054,0.0044,3.7047,26.8472,0,4,0,0,0,0,0,0,0,0,0,0,4,0,0,0,0,0,0,0,0,0
ubt,bintrie,5,4,storage_sload_k1,19,,853,0,0,0.0344,1.7581,0.002,0.1021,2.0474,0,4,0,0,0,0,0,0,0,0,0,0,4,0,0,0,0,0,0,0,0,0
ubt,bintrie,5,4,storage_sload_k1,19,,854,0,0,0.0373,3.2476,0.0026,0.1231,3.5822,0,4,0,0,0,0,0,0,0,0,0,0,4,0,0,0,0,0,0,0,0,0
ubt,bintrie,5,4,storage_sload_k1,19,,855,86132,2,31.8821,14.226,0.7044,1.4274,48.4507,1.7777,11,0,0,0,3,0,0,0,1,155,5,6,45.45,0,0,0,0,0,0,0,0
ubt,bintrie,5,4,storage_sload_k1,19,,856,15900047,1,440.3121,40.914,64.5229,0.8607,558.3825,28.4752,8,702,2,183,2,0,0,0,0,0,0,8,0,97,605,13.82,2,0,100,183,0
ubt,bintrie,5,4,storage_sload_k1,19,,857,21000,1,0.2085,53.6638,5.5124,0.7869,60.4963,0.3471,6,0,0,0,2,0,0,0,0,0,2,4,33.33,0,0,0,0,0,0,0,0
ubt,bintrie,5,4,storage_sload_k1,19,,858,0,0,0.0429,4.2434,0.0029,0.1552,4.6409,0,4,0,0,0,0,0,0,0,0,0,0,4,0,0,0,0,0,0,0,0,0
ubt,bintrie,5,4,storage_sload_k1,1,,682,0,0,0.0825,4.5204,0.0026,0.1578,4.9757,0,4,0,0,0,0,0,0,0,0,0,0,4,0,0,0,0,0,0,0,0,0
ubt,bintrie,5,4,storage_sload_k1,1,,683,0,0,0.1307,46.018,0.0102,0.9447,47.7838,0,4,0,0,0,0,0,0,0,0,0,0,4,0,0,0,0,0,0,0,0,0
ubt,bintrie,5,4,storage_sload_k1,1,,684,0,0,0.0577,42.1466,0.0038,0.1283,42.6004,0,4,0,0,0,0,0,0,0,0,0,0,4,0,0,0,0,0,0,0,0,0
ubt,bintrie,5,4,storage_sload_k1,1,,685,21000,1,0.0782,7.2448,30.5846,2.0256,40.7069,0.5159,8,0,0,0,2,0,0,0,0,0,2,6,25,0,0,0,0,0,0,0,0
ubt,bintrie,5,4,storage_sload_k1,1,,686,62737,1,0.1228,14.3587,15.3643,1.2261,31.3312,2.0024,9,0,0,0,3,0,0,0,1,69,5,4,55.56,0,0,0,0,0,0,0,0
ubt,bintrie,5,4,storage_sload_k1,1,,687,0,0,0.3112,11.6623,0.0222,1.318,14.8811,0,4,0,0,0,0,0,0,0,0,0,0,4,0,0,0,0,0,0,0,0,0
ubt,bintrie,5,4,storage_sload_k1,1,,688,0,0,0.0674,38.2803,0.0032,0.2126,44.4842,0,4,0,0,0,0,0,0,0,0,0,0,4,0,0,0,0,0,0,0,0,0
ubt,bintrie,5,4,storage_sload_k1,1,,689,86132,2,0.105,6.4941,48.3026,2.002,57.0565,1.5096,11,0,0,0,3,0,0,0,1,155,6,5,54.55,0,0,0,0,0,0,0,0
ubt,bintrie,5,4,storage_sload_k1,1,,690,15900047,1,432.7131,44.5653,81.4879,0.8336,563.6412,28.2095,8,702,2,183,2,0,0,0,0,0,2,6,25,376,326,53.56,2,0,100,183,0
ubt,bintrie,5,4,storage_sload_k1,1,,691,21000,1,0.4249,52.0321,24.6519,1.6353,79.0549,0.2656,6,0,0,0,2,0,0,0,0,0,0,6,0,0,0,0,0,0,0,0,0
ubt,bintrie,5,4,storage_sload_k1,1,,692,0,0,0.4395,16.7768,0.0242,0.8446,26.6381,0,4,0,0,0,0,0,0,0,0,0,0,4,0,0,0,0,0,0,0,0,0
ubt,bintrie,5,4,storage_sload_k1,1,,693,0,0,0.0755,19.5931,0.0088,0.5323,20.6335,0,4,0,0,0,0,0,0,0,0,0,0,4,0,0,0,0,0,0,0,0,0
ubt,bintrie,5,4,storage_sload_k1,20,,859,0,0,0.1403,64.9954,0.0026,0.1765,65.8482,0,4,0,0,0,0,0,0,0,0,0,0,4,0,0,0,0,0,0,0,0,0
ubt,bintrie,5,4,storage_sload_k1,20,,860,0,0,0.1234,16.927,0.0026,0.303,17.6614,0,4,0,0,0,0,0,0,0,0,0,0,4,0,0,0,0,0,0,0,0,0
ubt,bintrie,5,4,storage_sload_k1,20,,861,0,0,0.0598,4.6205,0.0035,0.1493,12.6825,0,4,0,0,0,0,0,0,0,0,0,0,4,0,0,0,0,0,0,0,0,0
ubt,bintrie,5,4,storage_sload_k1,20,,862,0,0,0.1009,37.4744,0.005,0.1934,38.1887,0,4,0,0,0,0,0,0,0,0,0,0,4,0,0,0,0,0,0,0,0,0
ubt,bintrie,5,4,storage_sload_k1,20,,863,0,0,0.0782,19.4817,0.007,0.504,20.4523,0,4,0,0,0,0,0,0,0,0,0,0,4,0,0,0,0,0,0,0,0,0
ubt,bintrie,5,4,storage_sload_k1,20,,864,86132,2,0.2161,3.7216,52.352,2.3534,59.0117,1.4596,11,0,0,0,3,0,0,0,1,155,6,5,54.55,0,0,0,0,0,0,0,0
ubt,bintrie,5,4,storage_sload_k1,20,,865,15900047,1,442.1091,68.0036,80.2804,14.2085,607.3282,26.1803,8,702,2,183,2,0,0,0,0,0,2,6,25,241,461,34.33,2,0,100,183,0
ubt,bintrie,5,4,storage_sload_k1,20,,866,21000,1,0.117,24.311,27.8202,0.9899,53.5539,0.3921,6,0,0,0,2,0,0,0,0,0,2,4,33.33,0,0,0,0,0,0,0,0
ubt,bintrie,5,4,storage_sload_k1,20,,867,0,0,0.2368,10.0929,0.0204,5.116,16.5391,0,4,0,0,0,0,0,0,0,0,0,0,4,0,0,0,0,0,0,0,0,0
ubt,bintrie,5,4,storage_sload_k1,2,,694,0,0,0.0662,5.2995,0.0026,0.1692,5.7215,0,4,0,0,0,0,0,0,0,0,0,0,4,0,0,0,0,0,0,0,0,0
ubt,bintrie,5,4,storage_sload_k1,2,,695,0,0,0.1312,57.5689,0.0035,0.156,58.4707,0,4,0,0,0,0,0,0,0,0,0,0,4,0,0,0,0,0,0,0,0,0
ubt,bintrie,5,4,storage_sload_k1,2,,696,0,0,0.058,3.6294,0.002,0.121,3.9934,0,4,0,0,0,0,0,0,0,0,0,0,4,0,0,0,0,0,0,0,0,0
ubt,bintrie,5,4,storage_sload_k1,2,,697,0,0,0.215,26.1595,0.0029,0.1686,27.1713,0,4,0,0,0,0,0,0,0,0,0,0,4,0,0,0,0,0,0,0,0,0
ubt,bintrie,5,4,storage_sload_k1,2,,698,0,0,0.1,40.5757,0.0076,0.3716,44.3331,0,4,0,0,0,0,0,0,0,0,0,0,4,0,0,0,0,0,0,0,0,0
ubt,bintrie,5,4,storage_sload_k1,2,,699,86132,2,0.2526,53.4145,3.2663,1.9305,59.0695,1.4581,11,0,0,0,3,0,0,0,1,155,5,6,45.45,0,0,0,0,0,0,0,0
ubt,bintrie,5,4,storage_sload_k1,2,,700,15900047,1,508.8293,27.367,8.1761,4.7199,549.6549,28.9273,8,702,2,183,2,0,0,0,0,0,4,4,50,41,661,5.84,2,0,100,183,0
ubt,bintrie,5,4,storage_sload_k1,2,,701,21000,1,3.504,4.1748,15.0978,32.0511,55.0271,0.3816,6,0,0,0,2,0,0,0,0,0,2,4,33.33,0,0,0,0,0,0,0,0
ubt,bintrie,5,4,storage_sload_k1,2,,702,0,0,0.166,20.3561,0.0131,1.0885,22.9148,0,4,0,0,0,0,0,0,0,0,0,0,4,0,0,0,0,0,0,0,0,0
ubt,bintrie,5,4,storage_sload_k1,3,,703,0,0,0.163,67.9532,0.0041,0.2249,79.516,0,4,0,0,0,0,0,0,0,0,0,0,4,0,0,0,0,0,0,0,0,0
ubt,bintrie,5,4,storage_sload_k1,3,,704,0,0,0.0977,3.3885,0.0047,0.3045,4.4376,0,4,0,0,0,0,0,0,0,0,0,0,4,0,0,0,0,0,0,0,0,0
ubt,bintrie,5,4,storage_sload_k1,3,,705,0,0,0.0367,2.1364,0.0093,0.4912,4.5785,0,4,0,0,0,0,0,0,0,0,0,0,4,0,0,0,0,0,0,0,0,0
ubt,bintrie,5,4,storage_sload_k1,3,,706,0,0,0.2896,70.2754,0.0058,0.4194,71.972,0,4,0,0,0,0,0,0,0,0,0,0,4,0,0,0,0,0,0,0,0,0
ubt,bintrie,5,4,storage_sload_k1,3,,707,0,0,0.0583,1.964,0.0134,0.7408,10.3113,0,4,0,0,0,0,0,0,0,0,0,0,4,0,0,0,0,0,0,0,0,0
ubt,bintrie,5,4,storage_sload_k1,3,,708,86132,2,0.1415,12.371,10.7678,5.8142,41.0578,2.0978,11,0,0,0,3,0,0,0,1,155,6,5,54.55,0,0,0,0,0,0,0,0
ubt,bintrie,5,4,storage_sload_k1,3,,709,15900047,1,454.4497,49.3097,60.9163,0.9447,575.9991,27.6043,8,702,2,183,2,0,0,0,0,0,4,4,50,391,311,55.7,2,0,100,183,0
ubt,bintrie,5,4,storage_sload_k1,3,,710,21000,1,0.3456,48.5476,14.3397,0.7306,64.8989,0.3236,6,0,0,0,2,0,0,0,0,0,0,6,0,0,0,0,0,0,0,0,0
ubt,bintrie,5,4,storage_sload_k1,3,,711,0,0,0.1286,58.8645,0.005,0.2255,81.3558,0,4,0,0,0,0,0,0,0,0,0,0,4,0,0,0,0,0,0,0,0,0
ubt,bintrie,5,4,storage_sload_k1,4,,712,0,0,0.3016,53.9316,0.0029,0.1881,55.3818,0,4,0,0,0,0,0,0,0,0,0,0,4,0,0,0,0,0,0,0,0,0
ubt,bintrie,5,4,storage_sload_k1,4,,713,0,0,0.3118,34.0142,0.0073,0.4343,35.4991,0,4,0,0,0,0,0,0,0,0,0,0,4,0,0,0,0,0,0,0,0,0
ubt,bintrie,5,4,storage_sload_k1,4,,714,0,0,0.0534,48.6164,0.0032,0.1467,49.0111,0,4,0,0,0,0,0,0,0,0,0,0,4,0,0,0,0,0,0,0,0,0
ubt,bintrie,5,4,storage_sload_k1,4,,715,0,0,0.2135,53.1841,0.005,0.4413,54.4316,0,4,0,0,0,0,0,0,0,0,0,0,4,0,0,0,0,0,0,0,0,0
ubt,bintrie,5,4,storage_sload_k1,4,,716,0,0,0.1336,16.3283,0.007,0.5883,17.5801,0,4,0,0,0,0,0,0,0,0,0,0,4,0,0,0,0,0,0,0,0,0
ubt,bintrie,5,4,storage_sload_k1,4,,717,86132,2,0.1671,3.2255,54.1702,1.9757,60.6801,1.4194,11,0,0,0,3,0,0,0,1,155,6,5,54.55,0,0,0,0,0,0,0,0
ubt,bintrie,5,4,storage_sload_k1,4,,718,15900047,1,428.4074,45.722,85.5758,0.919,565.1773,28.1328,8,702,2,183,2,0,0,0,0,0,4,4,50,470,232,66.95,2,0,100,183,0
ubt,bintrie,5,4,storage_sload_k1,4,,719,21000,1,0.0773,20.7472,1.3979,1.635,50.4288,0.4164,6,0,0,0,2,0,0,0,0,0,2,4,33.33,0,0,0,0,0,0,0,0
ubt,bintrie,5,4,storage_sload_k1,4,,720,0,0,0.0321,2.0189,0.0018,0.1065,2.2793,0,4,0,0,0,0,0,0,0,0,0,0,4,0,0,0,0,0,0,0,0,0
ubt,bintrie,5,4,storage_sload_k1,5,,721,0,0,0.3555,2.9096,0.0058,0.7405,4.9343,0,4,0,0,0,0,0,0,0,0,0,0,4,0,0,0,0,0,0,0,0,0
ubt,bintrie,5,4,storage_sload_k1,5,,722,0,0,0.0662,2.1977,0.0111,0.6454,7.8783,0,4,0,0,0,0,0,0,0,0,0,0,4,0,0,0,0,0,0,0,0,0
ubt,bintrie,5,4,storage_sload_k1,5,,723,0,0,0.0531,80.2206,0.0032,0.245,80.8628,0,4,0,0,0,0,0,0,0,0,0,0,4,0,0,0,0,0,0,0,0,0
ubt,bintrie,5,4,storage_sload_k1,5,,724,0,0,0.0697,49.6159,0.0032,1.9807,51.9906,0,4,0,0,0,0,0,0,0,0,0,0,4,0,0,0,0,0,0,0,0,0
ubt,bintrie,5,4,storage_sload_k1,5,,725,0,0,0.0787,37.8405,0.0026,0.2278,39.4752,0,4,0,0,0,0,0,0,0,0,0,0,4,0,0,0,0,0,0,0,0,0
ubt,bintrie,5,4,storage_sload_k1,5,,726,86132,2,0.1283,4.7045,39.8643,4.885,54.4963,1.5805,11,0,0,0,3,0,0,0,1,155,5,6,45.45,0,0,0,0,0,0,0,0
ubt,bintrie,5,4,storage_sload_k1,5,,727,15900047,1,449.1735,50.0059,66.4108,0.8376,569.4853,27.92,8,702,2,183,2,0,0,0,0,0,0,8,0,143,559,20.37,2,0,100,183,0
ubt,bintrie,5,4,storage_sload_k1,5,,728,21000,1,0.387,17.2966,2.8597,0.9237,23.364,0.8988,6,0,0,0,2,0,0,0,0,0,0,6,0,0,0,0,0,0,0,0,0
ubt,bintrie,5,4,storage_sload_k1,5,,729,0,0,0.1143,56.0887,0.0061,0.3042,57.0048,0,4,0,0,0,0,0,0,0,0,0,0,4,0,0,0,0,0,0,0,0,0
ubt,bintrie,5,4,storage_sload_k1,6,,730,0,0,0.1995,9.2231,0.002,0.2062,10.202,0,4,0,0,0,0,0,0,0,0,0,0,4,0,0,0,0,0,0,0,0,0
ubt,bintrie,5,4,storage_sload_k1,6,,731,0,0,0.0878,3.518,0.0117,17.7431,26.5576,0,4,0,0,0,0,0,0,0,0,0,0,4,0,0,0,0,0,0,0,0,0
ubt,bintrie,5,4,storage_sload_k1,6,,732,0,0,0.1242,23.7559,0.0035,0.1234,24.6335,0,4,0,0,0,0,0,0,0,0,0,0,4,0,0,0,0,0,0,0,0,0
ubt,bintrie,5,4,storage_sload_k1,6,,733,0,0,0.0881,66.9478,0.0026,0.133,67.5189,0,4,0,0,0,0,0,0,0,0,0,0,4,0,0,0,0,0,0,0,0,0
ubt,bintrie,5,4,storage_sload_k1,6,,734,0,0,0.28,42.5455,0.0044,0.2952,43.6999,0,4,0,0,0,0,0,0,0,0,0,0,4,0,0,0,0,0,0,0,0,0
ubt,bintrie,5,4,storage_sload_k1,6,,735,86132,2,0.1907,3.7356,42.8013,1.9842,49.107,1.754,11,0,0,0,3,0,0,0,1,155,5,6,45.45,0,0,0,0,0,0,0,0
ubt,bintrie,5,4,storage_sload_k1,6,,736,15900047,1,434.7189,16.4,56.1774,0.8391,527.3198,30.1526,8,702,2,183,2,0,0,0,0,0,2,6,25,31,671,4.42,2,0,100,183,0
ubt,bintrie,5,4,storage_sload_k1,6,,737,21000,1,0.5722,46.3438,25.3035,2.6153,76.8587,0.2732,6,0,0,0,2,0,0,0,0,0,1,5,16.67,0,0,0,0,0,0,0,0
ubt,bintrie,5,4,storage_sload_k1,6,,738,0,0,0.205,43.9297,0.0192,1.1381,46.1723,0,4,0,0,0,0,0,0,0,0,0,0,4,0,0,0,0,0,0,0,0,0
ubt,bintrie,5,4,storage_sload_k1,7,,739,0,0,0.2424,47.5959,0.0038,0.3494,48.7517,0,4,0,0,0,0,0,0,0,0,0,0,4,0,0,0,0,0,0,0,0,0
ubt,bintrie,5,4,storage_sload_k1,7,,740,0,0,0.1327,3.7881,0.0131,13.6406,22.8588,0,4,0,0,0,0,0,0,0,0,0,0,4,0,0,0,0,0,0,0,0,0
ubt,bintrie,5,4,storage_sload_k1,7,,741,0,0,0.091,35.917,0.0047,1.0278,54.6196,0,4,0,0,0,0,0,0,0,0,0,0,4,0,0,0,0,0,0,0,0,0
ubt,bintrie,5,4,storage_sload_k1,7,,742,0,0,0.2438,15.707,0.0032,0.2257,16.8346,0,4,0,0,0,0,0,0,0,0,0,0,4,0,0,0,0,0,0,0,0,0
ubt,bintrie,5,4,storage_sload_k1,7,,743,0,0,0.2088,14.4345,0.0023,0.1286,16.0658,0,4,0,0,0,0,0,0,0,0,0,0,4,0,0,0,0,0,0,0,0,0
ubt,bintrie,5,4,storage_sload_k1,7,,744,86132,2,0.1263,2.1755,3.6125,2.7256,8.9131,9.6635,11,0,0,0,3,0,0,0,1,155,6,5,54.55,0,0,0,0,0,0,0,0
ubt,bintrie,5,4,storage_sload_k1,7,,745,15900047,1,449.3531,57.4977,70.9858,0.8802,583.6442,27.2427,8,702,2,183,2,0,0,0,0,0,1,7,12.5,194,508,27.64,2,0,100,183,0
ubt,bintrie,5,4,storage_sload_k1,7,,746,21000,1,0.3576,48.8754,1.3676,0.7388,52.2248,0.4021,6,0,0,0,2,0,0,0,0,0,0,6,0,0,0,0,0,0,0,0,0
ubt,bintrie,5,4,storage_sload_k1,7,,747,0,0,0.1003,75.8116,0.0032,0.1668,76.4605,0,4,0,0,0,0,0,0,0,0,0,0,4,0,0,0,0,0,0,0,0,0
ubt,bintrie,5,4,storage_sload_k1,8,,748,0,0,0.2272,49.5815,0.0079,0.8257,51.1781,0,4,0,0,0,0,0,0,0,0,0,0,4,0,0,0,0,0,0,0,0,0
ubt,bintrie,5,4,storage_sload_k1,8,,749,0,0,0.0703,2.1708,0.012,0.5737,8.4246,0,4,0,0,0,0,0,0,0,0,0,0,4,0,0,0,0,0,0,0,0,0
ubt,bintrie,5,4,storage_sload_k1,8,,750,0,0,0.3415,16.9921,0.0035,0.1132,41.3246,0,4,0,0,0,0,0,0,0,0,0,0,4,0,0,0,0,0,0,0,0,0
ubt,bintrie,5,4,storage_sload_k1,8,,751,0,0,0.2333,27.1628,0.0023,0.2193,28.3035,0,4,0,0,0,0,0,0,0,0,0,0,4,0,0,0,0,0,0,0,0,0
ubt,bintrie,5,4,storage_sload_k1,8,,752,0,0,0.0458,6.8522,0.0035,0.1896,7.2778,0,4,0,0,0,0,0,0,0,0,0,0,4,0,0,0,0,0,0,0,0,0
ubt,bintrie,5,4,storage_sload_k1,8,,753,86132,2,0.145,14.2091,38.1143,2.8072,55.543,1.5507,11,0,0,0,3,0,0,0,1,155,5,6,45.45,0,0,0,0,0,0,0,0
ubt,bintrie,5,4,storage_sload_k1,8,,754,15900047,1,461.3902,57.5914,69.2694,0.9625,591.8218,26.8663,8,702,2,183,2,0,0,0,0,0,1,7,12.5,255,447,36.32,2,0,100,183,0
ubt,bintrie,5,4,storage_sload_k1,8,,755,21000,1,0.184,48.3606,6.8531,0.9024,56.6598,0.3706,6,0,0,0,2,0,0,0,0,0,2,4,33.33,0,0,0,0,0,0,0,0
ubt,bintrie,5,4,storage_sload_k1,8,,756,0,0,0.047,8.5908,0.0026,0.1814,9.1164,0,4,0,0,0,0,0,0,0,0,0,0,4,0,0,0,0,0,0,0,0,0
ubt,bintrie,5,4,storage_sload_k1,8,,757,0,0,0.0449,6.9482,0.0026,0.1432,7.3443,0,4,0,0,0,0,0,0,0,0,0,0,4,0,0,0,0,0,0,0,0,0
ubt,bintrie,5,4,storage_sload_k1,9,,758,0,0,0.1671,43.6258,0.0029,0.1765,44.4121,0,4,0,0,0,0,0,0,0,0,0,0,4,0,0,0,0,0,0,0,0,0
ubt,bintrie,5,4,storage_sload_k1,9,,759,0,0,0.2409,4.4805,0.0184,5.6069,15.2625,0,4,0,0,0,0,0,0,0,0,0,0,4,0,0,0,0,0,0,0,0,0
ubt,bintrie,5,4,storage_sload_k1,9,,760,0,0,0.0507,17.9397,0.0026,0.1415,18.2853,0,4,0,0,0,0,0,0,0,0,0,0,4,0,0,0,0,0,0,0,0,0
ubt,bintrie,5,4,storage_sload_k1,9,,761,0,0,0.0499,13.4353,0.002,0.1327,13.8007,0,4,0,0,0,0,0,0,0,0,0,0,4,0,0,0,0,0,0,0,0,0
ubt,bintrie,5,4,storage_sload_k1,9,,762,0,0,0.1849,45.1308,0.0023,0.2196,48.5747,0,4,0,0,0,0,0,0,0,0,0,0,4,0,0,0,0,0,0,0,0,0
ubt,bintrie,5,4,storage_sload_k1,9,,763,86132,2,0.1458,1.2798,34.1842,3.8391,40.3406,2.1351,11,0,0,0,3,0,0,0,1,155,6,5,54.55,0,0,0,0,0,0,0,0
ubt,bintrie,5,4,storage_sload_k1,9,,764,15900047,1,481.8038,54.1597,55.2794,0.919,593.4877,26.7909,8,702,2,183,2,0,0,0,0,0,1,7,12.5,213,489,30.34,2,0,100,183,0
ubt,bintrie,5,4,storage_sload_k1,9,,765,21000,1,0.0852,5.0874,16.4429,1.253,24.8774,0.8441,6,0,0,0,2,0,0,0,0,0,2,4,33.33,0,0,0,0,0,0,0,0
ubt,bintrie,5,4,storage_sload_k1,9,,766,0,0,0.0773,19.6753,0.0117,0.534,20.6469,0,4,0,0,0,0,0,0,0,0,0,0,4,0,0,0,0,0,0,0,0,0
ubt,bintrie,5,4,storage_sload_k10,10,,952,0,0,0.3596,39.9092,0.0064,0.7493,41.8029,0,4,0,0,0,0,0,0,0,0,0,0,4,0,0,0,0,0,0,0,0,0
ubt,bintrie,5,4,storage_sload_k10,10,,953,0,0,0.0682,3.9181,0.0047,18.1762,70.9633,0,4,0,0,0,0,0,0,0,0,0,0,4,0,0,0,0,0,0,0,0,0
ubt,bintrie,5,4,storage_sload_k10,10,,954,0,0,0.047,15.5548,0.005,0.2074,47.635,0,4,0,0,0,0,0,0,0,0,0,0,4,0,0,0,0,0,0,0,0,0
ubt,bintrie,5,4,storage_sload_k10,10,,955,0,0,0.1027,68.0158,0.0023,0.1767,68.7,0,4,0,0,0,0,0,0,0,0,0,0,4,0,0,0,0,0,0,0,0,0
ubt,bintrie,5,4,storage_sload_k10,10,,956,0,0,1.0007,36.145,0.0018,0.1286,46.963,0,4,0,0,0,0,0,0,0,0,0,0,4,0,0,0,0,0,0,0,0,0
ubt,bintrie,5,4,storage_sload_k10,10,,957,86864,2,0.6414,41.7671,3.0502,1.9879,53.3634,1.6278,11,0,0,0,3,0,0,0,1,157,4,7,36.36,0,0,0,0,0,0,0,0
ubt,bintrie,5,4,storage_sload_k10,10,,958,15900140,1,438.3362,36.9529,70.4704,1.05,548.8756,28.9686,17,702,11,437,2,0,0,0,0,0,1,16,5.88,2,700,0.28,11,0,100,437,0
ubt,bintrie,5,4,storage_sload_k10,10,,959,21000,1,0.3517,49.3105,14.853,1.0996,66.7617,0.3146,6,0,0,0,2,0,0,0,0,0,0,6,0,0,0,0,0,0,0,0,0
ubt,bintrie,5,4,storage_sload_k10,10,,960,0,0,0.1473,7.9999,0.0449,0.9811,9.6487,0,4,0,0,0,0,0,0,0,0,0,0,4,0,0,0,0,0,0,0,0,0
ubt,bintrie,5,4,storage_sload_k10,11,,961,0,0,0.1566,74.1704,0.0035,0.1595,74.9591,0,4,0,0,0,0,0,0,0,0,0,0,4,0,0,0,0,0,0,0,0,0
ubt,bintrie,5,4,storage_sload_k10,11,,962,0,0,0.1222,7.309,0.0032,0.1642,8.0944,0,4,0,0,0,0,0,0,0,0,0,0,4,0,0,0,0,0,0,0,0,0
ubt,bintrie,5,4,storage_sload_k10,11,,963,0,0,0.0642,5.2904,0.0035,0.1578,5.6917,0,4,0,0,0,0,0,0,0,0,0,0,4,0,0,0,0,0,0,0,0,0
ubt,bintrie,5,4,storage_sload_k10,11,,964,0,0,0.1207,64.053,0.0032,0.3211,65.4244,0,4,0,0,0,0,0,0,0,0,0,0,4,0,0,0,0,0,0,0,0,0
ubt,bintrie,5,4,storage_sload_k10,11,,965,0,0,0.0817,13.5706,0.0026,0.1301,54.489,0,4,0,0,0,0,0,0,0,0,0,0,4,0,0,0,0,0,0,0,0,0
ubt,bintrie,5,4,storage_sload_k10,11,,966,86864,2,0.1126,2.0194,7.9909,4.5604,14.8411,5.8529,11,0,0,0,3,0,0,0,1,157,6,5,54.55,0,0,0,0,0,0,0,0
ubt,bintrie,5,4,storage_sload_k10,11,,967,15900140,1,436.5352,47.2838,85.0137,1.0121,572.2947,27.7831,17,702,11,437,2,0,0,0,0,0,3,14,17.65,145,557,20.66,11,0,100,437,0
ubt,bintrie,5,4,storage_sload_k10,11,,968,21000,1,0.3497,48.9425,16.0509,1.1238,67.4401,0.3114,6,0,0,0,2,0,0,0,0,0,0,6,0,0,0,0,0,0,0,0,0
ubt,bintrie,5,4,storage_sload_k10,11,,969,0,0,0.1231,7.4761,0.0117,0.7102,9.0324,0,4,0,0,0,0,0,0,0,0,0,0,4,0,0,0,0,0,0,0,0,0
ubt,bintrie,5,4,storage_sload_k10,12,,970,0,0,0.112,0.8654,0.0038,0.2074,5.7189,0,4,0,0,0,0,0,0,0,0,0,0,4,0,0,0,0,0,0,0,0,0
ubt,bintrie,5,4,storage_sload_k10,12,,971,0,0,0.1222,3.0618,0.0198,1.1608,11.4613,0,4,0,0,0,0,0,0,0,0,0,0,4,0,0,0,0,0,0,0,0,0
ubt,bintrie,5,4,storage_sload_k10,12,,972,0,0,0.1085,11.716,0.0079,3.4118,28.2492,0,4,0,0,0,0,0,0,0,0,0,0,4,0,0,0,0,0,0,0,0,0
ubt,bintrie,5,4,storage_sload_k10,12,,973,0,0,0.1129,49.5602,0.0029,0.217,50.2698,0,4,0,0,0,0,0,0,0,0,0,0,4,0,0,0,0,0,0,0,0,0
ubt,bintrie,5,4,storage_sload_k10,12,,974,0,0,0.1085,1.9311,0.0134,0.6419,7.4644,0,4,0,0,0,0,0,0,0,0,0,0,4,0,0,0,0,0,0,0,0,0
ubt,bintrie,5,4,storage_sload_k10,12,,975,86864,2,0.1517,2.9618,13.4519,2.1236,18.9202,4.5911,11,0,0,0,3,0,0,0,1,157,5,6,45.45,0,0,0,0,0,0,0,0
ubt,bintrie,5,4,storage_sload_k10,12,,976,15900140,1,427.5932,13.4793,61.408,1.3308,518.0571,30.6919,17,702,11,437,2,0,0,0,0,0,7,10,41.18,438,264,62.39,11,0,100,437,0
ubt,bintrie,5,4,storage_sload_k10,12,,977,21000,1,0.2672,24.7592,35.4383,0.8642,61.7574,0.34,6,0,0,0,2,0,0,0,0,0,2,4,33.33,0,0,0,0,0,0,0,0
ubt,bintrie,5,4,storage_sload_k10,12,,978,0,0,0.2989,7.5344,0.0155,0.6384,18.357,0,4,0,0,0,0,0,0,0,0,0,0,4,0,0,0,0,0,0,0,0,0
ubt,bintrie,5,4,storage_sload_k10,13,,979,0,0,0.1374,47.2447,0.0073,0.6854,48.8424,0,4,0,0,0,0,0,0,0,0,0,0,4,0,0,0,0,0,0,0,0,0
ubt,bintrie,5,4,storage_sload_k10,13,,980,0,0,0.152,16.3598,0.0079,1.1871,18.4378,0,4,0,0,0,0,0,0,0,0,0,0,4,0,0,0,0,0,0,0,0,0
ubt,bintrie,5,4,storage_sload_k10,13,,981,0,0,0.068,13.3052,0.0047,0.4489,14.291,0,4,0,0,0,0,0,0,0,0,0,0,4,0,0,0,0,0,0,0,0,0
ubt,bintrie,5,4,storage_sload_k10,13,,982,0,0,0.1237,55.3009,0.0053,0.3106,56.0601,0,4,0,0,0,0,0,0,0,0,0,0,4,0,0,0,0,0,0,0,0,0
ubt,bintrie,5,4,storage_sload_k10,13,,983,0,0,0.1992,29.6017,0.0114,0.8099,31.5584,0,4,0,0,0,0,0,0,0,0,0,0,4,0,0,0,0,0,0,0,0,0
ubt,bintrie,5,4,storage_sload_k10,13,,984,86864,2,0.1549,13.1489,30.3407,1.8628,45.7552,1.8985,11,0,0,0,3,0,0,0,1,157,4,7,36.36,0,0,0,0,0,0,0,0
ubt,bintrie,5,4,storage_sload_k10,13,,985,15900140,1,421.8411,59.9325,64.0606,1.0622,559.4474,28.4212,17,702,11,437,2,0,0,0,0,0,0,17,0,11,691,1.57,11,0,100,437,0
ubt,bintrie,5,4,storage_sload_k10,13,,986,21000,1,0.3077,2.3677,1.6747,0.819,29.5973,0.7095,6,0,0,0,2,0,0,0,0,0,0,6,0,0,0,0,0,0,0,0,0
ubt,bintrie,5,4,storage_sload_k10,13,,987,0,0,0.0887,2.4887,0.007,1.0298,4.6948,0,4,0,0,0,0,0,0,0,0,0,0,4,0,0,0,0,0,0,0,0,0
ubt,bintrie,5,4,storage_sload_k10,14,,988,0,0,0.0898,23.9158,0.0044,0.3226,24.6694,0,4,0,0,0,0,0,0,0,0,0,0,4,0,0,0,0,0,0,0,0,0
ubt,bintrie,5,4,storage_sload_k10,14,,989,0,0,0.1648,50.3316,0.0047,0.4398,51.6243,0,4,0,0,0,0,0,0,0,0,0,0,4,0,0,0,0,0,0,0,0,0
ubt,bintrie,5,4,storage_sload_k10,14,,990,0,0,0.5227,6.1418,0.0041,0.2992,7.3122,0,4,0,0,0,0,0,0,0,0,0,0,4,0,0,0,0,0,0,0,0,0
ubt,bintrie,5,4,storage_sload_k10,14,,991,0,0,0.1193,64.2385,0.0029,0.5189,65.6601,0,4,0,0,0,0,0,0,0,0,0,0,4,0,0,0,0,0,0,0,0,0
ubt,bintrie,5,4,storage_sload_k10,14,,992,0,0,0.3523,55.1805,0.005,0.4664,56.6621,0,4,0,0,0,0,0,0,0,0,0,0,4,0,0,0,0,0,0,0,0,0
ubt,bintrie,5,4,storage_sload_k10,14,,993,86864,2,0.1878,13.076,20.324,2.0486,59.9695,1.4485,11,0,0,0,3,0,0,0,1,157,5,6,45.45,0,0,0,0,0,0,0,0
ubt,bintrie,5,4,storage_sload_k10,14,,994,15900140,1,439.0881,56.1981,62.9179,0.8785,569.7377,27.9078,17,702,11,437,2,0,0,0,0,0,3,14,17.65,141,561,20.09,11,0,100,437,0
ubt,bintrie,5,4,storage_sload_k10,14,,995,21000,1,0.8152,46.258,14.4739,1.0993,63.0976,0.3328,6,0,0,0,2,0,0,0,0,0,0,6,0,0,0,0,0,0,0,0,0
ubt,bintrie,5,4,storage_sload_k10,14,,996,0,0,0.117,8.2131,0.0117,0.5702,9.4856,0,4,0,0,0,0,0,0,0,0,0,0,4,0,0,0,0,0,0,0,0,0
ubt,bintrie,5,4,storage_sload_k10,15,,997,0,0,0.0881,11.818,0.0029,0.1557,12.3019,0,4,0,0,0,0,0,0,0,0,0,0,4,0,0,0,0,0,0,0,0,0
ubt,bintrie,5,4,storage_sload_k10,15,,998,0,0,0.3334,2.1714,0.0082,0.4938,14.6708,0,4,0,0,0,0,0,0,0,0,0,0,4,0,0,0,0,0,0,0,0,0
ubt,bintrie,5,4,storage_sload_k10,15,,999,0,0,0.044,11.9735,0.0041,0.2085,20.6617,0,4,0,0,0,0,0,0,0,0,0,0,4,0,0,0,0,0,0,0,0,0
ubt,bintrie,5,4,storage_sload_k10,15,,1000,0,0,0.035,6.7557,0.0023,0.1977,7.1529,0,4,0,0,0,0,0,0,0,0,0,0,4,0,0,0,0,0,0,0,0,0
ubt,bintrie,5,4,storage_sload_k10,15,,1001,0,0,0.231,24.4588,0.0061,0.5066,25.8571,0,4,0,0,0,0,0,0,0,0,0,0,4,0,0,0,0,0,0,0,0,0
ubt,bintrie,5,4,storage_sload_k10,15,,1002,86864,2,0.1417,2.7565,1.0199,3.9972,8.0521,10.7877,11,0,0,0,3,0,0,0,1,157,5,6,45.45,0,0,0,0,0,0,0,0
ubt,bintrie,5,4,storage_sload_k10,15,,1003,15900140,1,436.9689,51.2334,29.4229,7.3107,529.6736,30.0187,17,702,11,437,2,0,0,0,0,0,5,12,29.41,288,414,41.03,11,0,100,437,0
ubt,bintrie,5,4,storage_sload_k10,15,,1004,21000,1,0.0939,8.5757,47.6904,0.9438,57.5732,0.3648,6,0,0,0,2,0,0,0,0,0,2,4,33.33,0,0,0,0,0,0,0,0
ubt,bintrie,5,4,storage_sload_k10,15,,1005,0,0,0.0379,6.9082,0.0032,0.8578,8.3505,0,4,0,0,0,0,0,0,0,0,0,0,4,0,0,0,0,0,0,0,0,0
ubt,bintrie,5,4,storage_sload_k10,16,,1006,0,0,1.2874,7.5893,0.0029,0.1458,9.5758,0,4,0,0,0,0,0,0,0,0,0,0,4,0,0,0,0,0,0,0,0,0
ubt,bintrie,5,4,storage_sload_k10,16,,1007,0,0,0.0569,1.7537,0.012,10.5234,18.8091,0,4,0,0,0,0,0,0,0,0,0,0,4,0,0,0,0,0,0,0,0,0
ubt,bintrie,5,4,storage_sload_k10,16,,1008,0,0,0.0989,3.9167,0.0026,1.1185,5.412,0,4,0,0,0,0,0,0,0,0,0,0,4,0,0,0,0,0,0,0,0,0
ubt,bintrie,5,4,storage_sload_k10,16,,1009,0,0,0.0761,62.7321,0.0035,0.219,65.2252,0,4,0,0,0,0,0,0,0,0,0,0,4,0,0,0,0,0,0,0,0,0
ubt,bintrie,5,4,storage_sload_k10,16,,1010,0,0,0.1639,65.5717,0.0044,0.2208,82.6247,0,4,0,0,0,0,0,0,0,0,0,0,4,0,0,0,0,0,0,0,0,0
ubt,bintrie,5,4,storage_sload_k10,16,,1011,86864,2,0.1149,53.6743,6.9015,1.7389,62.6435,1.3866,11,0,0,0,3,0,0,0,1,157,5,6,45.45,0,0,0,0,0,0,0,0
ubt,bintrie,5,4,storage_sload_k10,16,,1012,15900140,1,453.4744,3.392,68.1231,1.0438,550.3779,28.8895,17,702,11,437,2,0,0,0,0,0,10,7,58.82,673,29,95.87,11,0,100,437,0
ubt,bintrie,5,4,storage_sload_k10,16,,1013,21000,1,0.0717,9.5338,59.6703,0.8169,72.2679,0.2906,6,0,0,0,2,0,0,0,0,0,2,4,33.33,0,0,0,0,0,0,0,0
ubt,bintrie,5,4,storage_sload_k10,16,,1014,0,0,0.0382,1.9955,0.002,0.1447,2.3528,0,4,0,0,0,0,0,0,0,0,0,0,4,0,0,0,0,0,0,0,0,0
ubt,bintrie,5,4,storage_sload_k10,17,,1015,0,0,0.1234,93.2951,0.0023,0.2053,94.0067,0,4,0,0,0,0,0,0,0,0,0,0,4,0,0,0,0,0,0,0,0,0
ubt,bintrie,5,4,storage_sload_k10,17,,1016,0,0,0.0537,22.0512,0.0023,0.1286,22.454,0,4,0,0,0,0,0,0,0,0,0,0,4,0,0,0,0,0,0,0,0,0
ubt,bintrie,5,4,storage_sload_k10,17,,1017,0,0,0.0548,18.565,0.0055,5.9248,36.5965,0,4,0,0,0,0,0,0,0,0,0,0,4,0,0,0,0,0,0,0,0,0
ubt,bintrie,5,4,storage_sload_k10,17,,1018,0,0,0.0732,75.5672,0.0035,0.1625,76.0924,0,4,0,0,0,0,0,0,0,0,0,0,4,0,0,0,0,0,0,0,0,0
ubt,bintrie,5,4,storage_sload_k10,17,,1019,0,0,0.1234,28.4867,0.005,0.2858,29.3494,0,4,0,0,0,0,0,0,0,0,0,0,4,0,0,0,0,0,0,0,0,0
ubt,bintrie,5,4,storage_sload_k10,17,,1020,86864,2,0.1202,1.9022,3.6522,5.4905,11.6322,7.4675,11,0,0,0,3,0,0,0,1,157,6,5,54.55,0,0,0,0,0,0,0,0
ubt,bintrie,5,4,storage_sload_k10,17,,1021,15900140,1,438.4274,57.9787,64.7481,0.9144,566.1398,28.0852,17,702,11,437,2,0,0,0,0,0,2,15,11.76,27,675,3.85,11,0,100,437,0
ubt,bintrie,5,4,storage_sload_k10,17,,1022,21000,1,0.7291,38.681,21.9523,0.7729,62.7021,0.3349,6,0,0,0,2,0,0,0,0,0,0,6,0,0,0,0,0,0,0,0,0
ubt,bintrie,5,4,storage_sload_k10,17,,1023,0,0,0.0487,1.4554,0.0108,1.4802,4.2579,0,4,0,0,0,0,0,0,0,0,0,0,4,0,0,0,0,0,0,0,0,0
ubt,bintrie,5,4,storage_sload_k10,18,,1024,0,0,0.1464,27.7243,0.0093,0.7901,29.2176,0,4,0,0,0,0,0,0,0,0,0,0,4,0,0,0,0,0,0,0,0,0
ubt,bintrie,5,4,storage_sload_k10,18,,1025,0,0,0.0723,1.7721,0.0088,8.3805,14.7101,0,4,0,0,0,0,0,0,0,0,0,0,4,0,0,0,0,0,0,0,0,0
ubt,bintrie,5,4,storage_sload_k10,18,,1026,0,0,0.0417,13.2046,0.0023,6.4506,19.9475,0,4,0,0,0,0,0,0,0,0,0,0,4,0,0,0,0,0,0,0,0,0
ubt,bintrie,5,4,storage_sload_k10,18,,1027,0,0,0.1149,72.0308,0.0023,0.1627,72.6873,0,4,0,0,0,0,0,0,0,0,0,0,4,0,0,0,0,0,0,0,0,0
ubt,bintrie,5,4,storage_sload_k10,18,,1028,0,0,0.1292,71.901,0.0044,0.324,73.0271,0,4,0,0,0,0,0,0,0,0,0,0,4,0,0,0,0,0,0,0,0,0
ubt,bintrie,5,4,storage_sload_k10,18,,1029,86864,2,0.117,3.6309,1.3332,2.4666,7.7424,11.2193,11,0,0,0,3,0,0,0,1,157,6,5,54.55,0,0,0,0,0,0,0,0
ubt,bintrie,5,4,storage_sload_k10,18,,1030,15900140,1,434.0001,53.7306,71.0012,1.787,567.8763,27.9993,17,702,11,437,2,0,0,0,0,0,4,13,23.53,202,500,28.77,11,0,100,437,0
ubt,bintrie,5,4,storage_sload_k10,18,,1031,21000,1,0.3191,2.454,3.1791,0.7898,34.818,0.6031,6,0,0,0,2,0,0,0,0,0,0,6,0,0,0,0,0,0,0,0,0
ubt,bintrie,5,4,storage_sload_k10,18,,1032,0,0,0.1327,49.4348,0.002,0.1718,50.1292,0,4,0,0,0,0,0,0,0,0,0,0,4,0,0,0,0,0,0,0,0,0
ubt,bintrie,5,4,storage_sload_k10,19,,1033,0,0,0.0773,15.7371,0.0032,0.2077,16.2425,0,4,0,0,0,0,0,0,0,0,0,0,4,0,0,0,0,0,0,0,0,0
ubt,bintrie,5,4,storage_sload_k10,19,,1034,0,0,0.1426,24.77,0.0026,0.121,25.3991,0,4,0,0,0,0,0,0,0,0,0,0,4,0,0,0,0,0,0,0,0,0
ubt,bintrie,5,4,storage_sload_k10,19,,1035,0,0,0.0464,66.5062,0.0029,0.1406,66.9107,0,4,0,0,0,0,0,0,0,0,0,0,4,0,0,0,0,0,0,0,0,0
ubt,bintrie,5,4,storage_sload_k10,19,,1036,0,0,0.0986,64.035,0.0023,0.2362,64.6994,0,4,0,0,0,0,0,0,0,0,0,0,4,0,0,0,0,0,0,0,0,0
ubt,bintrie,5,4,storage_sload_k10,19,,1037,0,0,0.0712,17.0306,0.0023,0.1896,53.8785,0,4,0,0,0,0,0,0,0,0,0,0,4,0,0,0,0,0,0,0,0,0
ubt,bintrie,5,4,storage_sload_k10,19,,1038,86864,2,0.2012,8.811,2.7801,4.9357,16.9247,5.1324,11,0,0,0,3,0,0,0,1,157,4,7,36.36,0,0,0,0,0,0,0,0
ubt,bintrie,5,4,storage_sload_k10,19,,1039,15900140,1,443.1964,37.7658,75.6068,0.8266,568.8219,27.9528,17,702,11,437,2,0,0,0,0,0,9,8,52.94,537,165,76.5,11,0,100,437,0
ubt,bintrie,5,4,storage_sload_k10,19,,1040,21000,1,0.0846,4.5029,42.9352,0.9814,48.759,0.4307,6,0,0,0,2,0,0,0,0,0,0,6,0,0,0,0,0,0,0,0,0
ubt,bintrie,5,4,storage_sload_k10,19,,1041,0,0,0.1041,3.6294,0.0047,0.2981,4.3825,0,4,0,0,0,0,0,0,0,0,0,0,4,0,0,0,0,0,0,0,0,0
ubt,bintrie,5,4,storage_sload_k10,1,,868,0,0,0.196,8.6678,0.0047,0.744,10.1174,0,4,0,0,0,0,0,0,0,0,0,0,4,0,0,0,0,0,0,0,0,0
ubt,bintrie,5,4,storage_sload_k10,1,,869,0,0,0.2488,41.8694,0.0309,0.3584,43.3537,0,4,0,0,0,0,0,0,0,0,0,0,4,0,0,0,0,0,0,0,0,0
ubt,bintrie,5,4,storage_sload_k10,1,,870,0,0,0.1277,18.0607,0.0035,0.1598,18.747,0,4,0,0,0,0,0,0,0,0,0,0,4,0,0,0,0,0,0,0,0,0
ubt,bintrie,5,4,storage_sload_k10,1,,871,0,0,0.3328,52.0355,0.0055,0.4471,53.9468,0,4,0,0,0,0,0,0,0,0,0,0,4,0,0,0,0,0,0,0,0,0
ubt,bintrie,5,4,storage_sload_k10,1,,872,0,0,0.0467,44.3427,0.0026,0.1674,44.7525,0,4,0,0,0,0,0,0,0,0,0,0,4,0,0,0,0,0,0,0,0,0
ubt,bintrie,5,4,storage_sload_k10,1,,873,86864,2,0.1038,2.2814,0.8411,18.9739,22.3723,3.8827,11,0,0,0,3,0,0,0,1,157,5,6,45.45,0,0,0,0,0,0,0,0
ubt,bintrie,5,4,storage_sload_k10,1,,874,15900140,1,456.053,55.1851,65.0298,0.968,595.6578,26.6934,17,702,11,437,2,0,0,0,0,0,3,14,17.65,69,633,9.83,11,0,100,437,0
ubt,bintrie,5,4,storage_sload_k10,1,,875,21000,1,0.0805,8.2598,44.6944,0.7703,54.0284,0.3887,6,0,0,0,2,0,0,0,0,0,2,4,33.33,0,0,0,0,0,0,0,0
ubt,bintrie,5,4,storage_sload_k10,1,,876,0,0,0.0388,6.6198,0.0131,0.1907,7.0526,0,4,0,0,0,0,0,0,0,0,0,0,4,0,0,0,0,0,0,0,0,0
ubt,bintrie,5,4,storage_sload_k10,1,,877,0,0,0.1893,40.4709,0.0023,0.1738,42.733,0,4,0,0,0,0,0,0,0,0,0,0,4,0,0,0,0,0,0,0,0,0
ubt,bintrie,5,4,storage_sload_k10,20,,1042,0,0,0.0505,2.3837,0.0029,0.1493,3.3436,0,4,0,0,0,0,0,0,0,0,0,0,4,0,0,0,0,0,0,0,0,0
ubt,bintrie,5,4,storage_sload_k10,20,,1043,0,0,0.0755,3.455,0.0038,0.2829,4.0549,0,4,0,0,0,0,0,0,0,0,0,0,4,0,0,0,0,0,0,0,0,0
ubt,bintrie,5,4,storage_sload_k10,20,,1044,0,0,0.0443,4.1961,0.0026,0.1035,4.5881,0,4,0,0,0,0,0,0,0,0,0,0,4,0,0,0,0,0,0,0,0,0
ubt,bintrie,5,4,storage_sload_k10,20,,1045,0,0,0.2295,52.6605,0.0055,0.4719,54.2244,0,4,0,0,0,0,0,0,0,0,0,0,4,0,0,0,0,0,0,0,0,0
ubt,bintrie,5,4,storage_sload_k10,20,,1046,0,0,0.1167,1.6508,0.0093,0.5509,13.5097,0,4,0,0,0,0,0,0,0,0,0,0,4,0,0,0,0,0,0,0,0,0
ubt,bintrie,5,4,storage_sload_k10,20,,1047,86864,2,0.2214,6.7388,26.3578,4.5721,51.9982,1.6705,11,0,0,0,3,0,0,0,1,157,5,6,45.45,0,0,0,0,0,0,0,0
ubt,bintrie,5,4,storage_sload_k10,20,,1048,15900140,1,444.9855,78.0159,72.4989,1.575,601.2011,26.4473,17,702,11,437,2,0,0,0,0,0,1,16,5.88,40,662,5.7,11,0,100,437,0
ubt,bintrie,5,4,storage_sload_k10,20,,1049,21000,1,0.0723,66.0964,1.3685,0.742,68.4734,0.3067,6,0,0,0,2,0,0,0,0,0,2,4,33.33,0,0,0,0,0,0,0,0
ubt,bintrie,5,4,storage_sload_k10,20,,1050,0,0,0.1674,19.857,0.0029,0.1517,20.6387,0,4,0,0,0,0,0,0,0,0,0,0,4,0,0,0,0,0,0,0,0,0
ubt,bintrie,5,4,storage_sload_k10,2,,878,0,0,0.0954,67.9,0.0032,0.2047,68.5767,0,4,0,0,0,0,0,0,0,0,0,0,4,0,0,0,0,0,0,0,0,0
ubt,bintrie,5,4,storage_sload_k10,2,,879,0,0,0.1225,13.0561,0.0029,1.3667,14.956,0,4,0,0,0,0,0,0,0,0,0,0,4,0,0,0,0,0,0,0,0,0
ubt,bintrie,5,4,storage_sload_k10,2,,880,0,0,0.0898,77.9944,0.0029,0.1353,78.4598,0,4,0,0,0,0,0,0,0,0,0,0,4,0,0,0,0,0,0,0,0,0
ubt,bintrie,5,4,storage_sload_k10,2,,881,0,0,0.0347,1.738,0.002,0.1175,2.0524,0,4,0,0,0,0,0,0,0,0,0,0,4,0,0,0,0,0,0,0,0,0
ubt,bintrie,5,4,storage_sload_k10,2,,882,0,0,0.0435,3.8764,0.0026,0.1505,6.0131,0,4,0,0,0,0,0,0,0,0,0,0,4,0,0,0,0,0,0,0,0,0
ubt,bintrie,5,4,storage_sload_k10,2,,883,86864,2,0.2797,37.0646,1.6476,4.7158,44.4535,1.954,11,0,0,0,3,0,0,0,1,157,4,7,36.36,0,0,0,0,0,0,0,0
ubt,bintrie,5,4,storage_sload_k10,2,,884,15900140,1,421.3505,40.8157,49.1049,16.9168,529.109,30.0508,17,702,11,437,2,0,0,0,0,0,0,17,0,0,702,0,11,0,100,437,0
ubt,bintrie,5,4,storage_sload_k10,2,,885,21000,1,0.0782,2.4389,13.4297,3.0487,19.1845,1.0946,6,0,0,0,2,0,0,0,0,0,0,6,0,0,0,0,0,0,0,0,0
ubt,bintrie,5,4,storage_sload_k10,2,,886,0,0,0.0922,17.0696,0.0213,1.4662,20.3715,0,4,0,0,0,0,0,0,0,0,0,0,4,0,0,0,0,0,0,0,0,0
ubt,bintrie,5,4,storage_sload_k10,3,,887,0,0,0.0639,0.814,0.0035,0.3882,10.5222,0,4,0,0,0,0,0,0,0,0,0,0,4,0,0,0,0,0,0,0,0,0
ubt,bintrie,5,4,storage_sload_k10,3,,888,0,0,0.1301,59.7114,0.0067,0.3867,60.8142,0,4,0,0,0,0,0,0,0,0,0,0,4,0,0,0,0,0,0,0,0,0
ubt,bintrie,5,4,storage_sload_k10,3,,889,0,0,0.0487,11.7632,0.0023,0.1878,12.6128,0,4,0,0,0,0,0,0,0,0,0,0,4,0,0,0,0,0,0,0,0,0
ubt,bintrie,5,4,storage_sload_k10,3,,890,0,0,0.2386,21.8835,0.0061,0.3121,23.1817,0,4,0,0,0,0,0,0,0,0,0,0,4,0,0,0,0,0,0,0,0,0
ubt,bintrie,5,4,storage_sload_k10,3,,891,0,0,0.2243,30.6178,0.016,1.0415,32.6507,0,4,0,0,0,0,0,0,0,0,0,0,4,0,0,0,0,0,0,0,0,0
ubt,bintrie,5,4,storage_sload_k10,3,,892,86864,2,0.149,7.3239,36.565,3.4745,47.8724,1.8145,11,0,0,0,3,0,0,0,1,157,5,6,45.45,0,0,0,0,0,0,0,0
ubt,bintrie,5,4,storage_sload_k10,3,,893,15900140,1,427.6582,39.0955,26.3715,2.9108,496.8474,32.0021,17,702,11,437,2,0,0,0,0,0,2,15,11.76,0,702,0,11,0,100,437,0
ubt,bintrie,5,4,storage_sload_k10,3,,894,21000,1,0.0927,2.3301,1.3854,0.8318,4.8655,4.3161,6,0,0,0,2,0,0,0,0,0,2,4,33.33,0,0,0,0,0,0,0,0
ubt,bintrie,5,4,storage_sload_k10,3,,895,0,0,0.2225,57.6045,0.0035,0.1881,58.5914,0,4,0,0,0,0,0,0,0,0,0,0,4,0,0,0,0,0,0,0,0,0
ubt,bintrie,5,4,storage_sload_k10,4,,896,0,0,0.0563,2.7116,0.0026,0.1552,3.1085,0,4,0,0,0,0,0,0,0,0,0,0,4,0,0,0,0,0,0,0,0,0
ubt,bintrie,5,4,storage_sload_k10,4,,897,0,0,0.0595,3.3258,0.0032,0.1298,4.6044,0,4,0,0,0,0,0,0,0,0,0,0,4,0,0,0,0,0,0,0,0,0
ubt,bintrie,5,4,storage_sload_k10,4,,898,0,0,0.0484,3.0811,0.0029,0.2333,3.5997,0,4,0,0,0,0,0,0,0,0,0,0,4,0,0,0,0,0,0,0,0,0
ubt,bintrie,5,4,storage_sload_k10,4,,899,0,0,0.0954,69.8539,0.0029,0.1412,70.4952,0,4,0,0,0,0,0,0,0,0,0,0,4,0,0,0,0,0,0,0,0,0
ubt,bintrie,5,4,storage_sload_k10,4,,900,0,0,0.0723,82.8887,0.0035,0.1937,83.4318,0,4,0,0,0,0,0,0,0,0,0,0,4,0,0,0,0,0,0,0,0,0
ubt,bintrie,5,4,storage_sload_k10,4,,901,86864,2,0.7032,27.8803,27.98,2.0705,59.1654,1.4682,11,0,0,0,3,0,0,0,1,157,4,7,36.36,0,0,0,0,0,0,0,0
ubt,bintrie,5,4,storage_sload_k10,4,,902,15900140,1,425.8024,44.8018,71.7861,0.8455,545.3798,29.1543,17,702,11,437,2,0,0,0,0,0,1,16,5.88,0,702,0,11,0,100,437,0
ubt,bintrie,5,4,storage_sload_k10,4,,903,0,0,0.3395,58.2059,0.0026,0.1339,59.2996,0,4,0,0,0,0,0,0,0,0,0,0,4,0,0,0,0,0,0,0,0,0
ubt,bintrie,5,4,storage_sload_k10,4,,904,21000,1,0.1161,31.5479,11.109,0.9094,43.9262,0.4781,6,0,0,0,2,0,0,0,0,0,2,4,33.33,0,0,0,0,0,0,0,0
ubt,bintrie,5,4,storage_sload_k10,4,,905,0,0,0.2222,2.8726,0.0088,1.9031,6.9689,0,4,0,0,0,0,0,0,0,0,0,0,4,0,0,0,0,0,0,0,0,0
ubt,bintrie,5,4,storage_sload_k10,5,,906,0,0,0.231,16.5371,0.0026,0.215,17.4237,0,4,0,0,0,0,0,0,0,0,0,0,4,0,0,0,0,0,0,0,0,0
ubt,bintrie,5,4,storage_sload_k10,5,,907,0,0,0.4098,51.9565,0.0152,1.2763,55.2814,0,4,0,0,0,0,0,0,0,0,0,0,4,0,0,0,0,0,0,0,0,0
ubt,bintrie,5,4,storage_sload_k10,5,,908,0,0,0.1187,39.0972,0.0032,0.2663,39.8354,0,4,0,0,0,0,0,0,0,0,0,0,4,0,0,0,0,0,0,0,0,0
ubt,bintrie,5,4,storage_sload_k10,5,,909,0,0,0.0306,2.2274,0.0029,0.1391,2.8734,0,4,0,0,0,0,0,0,0,0,0,0,4,0,0,0,0,0,0,0,0,0
ubt,bintrie,5,4,storage_sload_k10,5,,910,0,0,0.9788,6.98,0.0023,0.245,9.3305,0,4,0,0,0,0,0,0,0,0,0,0,4,0,0,0,0,0,0,0,0,0
ubt,bintrie,5,4,storage_sload_k10,5,,911,86864,2,0.1312,13.1748,42.2121,1.5916,57.346,1.5147,11,0,0,0,3,0,0,0,1,157,6,5,54.55,0,0,0,0,0,0,0,0
ubt,bintrie,5,4,storage_sload_k10,5,,912,15900140,1,433.0414,64.1904,61.1516,0.8808,568.1339,27.9866,17,702,11,437,2,0,0,0,0,0,1,16,5.88,186,516,26.5,11,0,100,437,0
ubt,bintrie,5,4,storage_sload_k10,5,,913,21000,1,0.1044,31.6832,5.9306,1.4207,39.4137,0.5328,6,0,0,0,2,0,0,0,0,0,2,4,33.33,0,0,0,0,0,0,0,0
ubt,bintrie,5,4,storage_sload_k10,5,,914,0,0,0.1417,74.9652,0.0032,0.1438,77.0628,0,4,0,0,0,0,0,0,0,0,0,0,4,0,0,0,0,0,0,0,0,0
ubt,bintrie,5,4,storage_sload_k10,6,,915,0,0,0.2797,81.1565,0.0035,0.2829,82.5687,0,4,0,0,0,0,0,0,0,0,0,0,4,0,0,0,0,0,0,0,0,0
ubt,bintrie,5,4,storage_sload_k10,6,,916,0,0,0.0767,6.9219,0.0061,0.3237,7.6715,0,4,0,0,0,0,0,0,0,0,0,0,4,0,0,0,0,0,0,0,0,0
ubt,bintrie,5,4,storage_sload_k10,6,,917,0,0,0.4827,30.7928,0.0029,0.1415,42.029,0,4,0,0,0,0,0,0,0,0,0,0,4,0,0,0,0,0,0,0,0,0
ubt,bintrie,5,4,storage_sload_k10,6,,918,0,0,0.0822,52.9292,0.0029,14.4981,67.8878,0,4,0,0,0,0,0,0,0,0,0,0,4,0,0,0,0,0,0,0,0,0
ubt,bintrie,5,4,storage_sload_k10,6,,919,0,0,0.0682,6.9934,0.0586,1.0616,20.1192,0,4,0,0,0,0,0,0,0,0,0,0,4,0,0,0,0,0,0,0,0,0
ubt,bintrie,5,4,storage_sload_k10,6,,920,86864,2,0.1371,1.0847,18.2628,2.2563,22.4878,3.8627,11,0,0,0,3,0,0,0,1,157,5,6,45.45,0,0,0,0,0,0,0,0
ubt,bintrie,5,4,storage_sload_k10,6,,921,15900140,1,429.9819,37.5342,41.0362,2.8798,512.1367,31.0467,17,702,11,437,2,0,0,0,0,0,3,14,17.65,252,450,35.9,11,0,100,437,0
ubt,bintrie,5,4,storage_sload_k10,6,,922,21000,1,0.0618,3.0178,4.6149,1.0036,8.9189,2.3545,6,0,0,0,2,0,0,0,0,0,2,4,33.33,0,0,0,0,0,0,0,0
ubt,bintrie,5,4,storage_sload_k10,6,,923,0,0,0.1852,27.5892,0.0437,0.6775,29.1155,0,4,0,0,0,0,0,0,0,0,0,0,4,0,0,0,0,0,0,0,0,0
ubt,bintrie,5,4,storage_sload_k10,7,,924,0,0,0.1368,22.6654,0.0038,0.2777,41.5612,0,4,0,0,0,0,0,0,0,0,0,0,4,0,0,0,0,0,0,0,0,0
ubt,bintrie,5,4,storage_sload_k10,7,,925,0,0,0.1132,3.5267,0.012,0.4815,16.8363,0,4,0,0,0,0,0,0,0,0,0,0,4,0,0,0,0,0,0,0,0,0
ubt,bintrie,5,4,storage_sload_k10,7,,926,0,0,0.0464,16.3475,0.0044,2.7171,26.1496,0,4,0,0,0,0,0,0,0,0,0,0,4,0,0,0,0,0,0,0,0,0
ubt,bintrie,5,4,storage_sload_k10,7,,927,0,0,0.0671,4.8089,0.0032,0.2161,5.4403,0,4,0,0,0,0,0,0,0,0,0,0,4,0,0,0,0,0,0,0,0,0
ubt,bintrie,5,4,storage_sload_k10,7,,928,0,0,0.098,2.4479,0.0026,0.1613,3.0128,0,4,0,0,0,0,0,0,0,0,0,0,4,0,0,0,0,0,0,0,0,0
ubt,bintrie,5,4,storage_sload_k10,7,,929,86864,2,1.3171,34.3423,1.7383,2.109,40.9017,2.1237,11,0,0,0,3,0,0,0,1,157,4,7,36.36,0,0,0,0,0,0,0,0
ubt,bintrie,5,4,storage_sload_k10,7,,930,15900140,1,448.6857,29.9852,64.8583,1.0573,547.5308,29.0397,17,702,11,437,2,0,0,0,0,0,8,9,47.06,447,255,63.68,11,0,100,437,0
ubt,bintrie,5,4,storage_sload_k10,7,,931,21000,1,0.3809,59.7222,12.418,1.08,74.6271,0.2814,6,0,0,0,2,0,0,0,0,0,0,6,0,0,0,0,0,0,0,0,0
ubt,bintrie,5,4,storage_sload_k10,7,,932,0,0,0.1692,7.6776,0.0114,3.4066,11.8542,0,4,0,0,0,0,0,0,0,0,0,0,4,0,0,0,0,0,0,0,0,0
ubt,bintrie,5,4,storage_sload_k10,8,,933,0,0,0.124,53.4883,0.0038,0.2024,54.2822,0,4,0,0,0,0,0,0,0,0,0,0,4,0,0,0,0,0,0,0,0,0
ubt,bintrie,5,4,storage_sload_k10,8,,934,0,0,0.1155,15.7053,0.0029,0.1216,16.2702,0,4,0,0,0,0,0,0,0,0,0,0,4,0,0,0,0,0,0,0,0,0
ubt,bintrie,5,4,storage_sload_k10,8,,935,0,0,0.0776,24.8173,0.0053,0.3211,25.5453,0,4,0,0,0,0,0,0,0,0,0,0,4,0,0,0,0,0,0,0,0,0
ubt,bintrie,5,4,storage_sload_k10,8,,936,0,0,0.278,60.7879,0.0055,0.4462,62.3387,0,4,0,0,0,0,0,0,0,0,0,0,4,0,0,0,0,0,0,0,0,0
ubt,bintrie,5,4,storage_sload_k10,8,,937,0,0,0.1301,24.7269,0.0023,0.2068,33.7584,0,4,0,0,0,0,0,0,0,0,0,0,4,0,0,0,0,0,0,0,0,0
ubt,bintrie,5,4,storage_sload_k10,8,,938,86864,2,0.1403,1.4262,6.7674,5.1175,13.8316,6.2801,11,0,0,0,3,0,0,0,1,157,5,6,45.45,0,0,0,0,0,0,0,0
ubt,bintrie,5,4,storage_sload_k10,8,,939,15900140,1,442.6883,59.651,69.6164,0.9581,579.1749,27.4531,17,702,11,437,2,0,0,0,0,0,1,16,5.88,32,670,4.56,11,0,100,437,0
ubt,bintrie,5,4,storage_sload_k10,8,,940,21000,1,0.3862,28.4948,15.6644,0.8619,45.8453,0.4581,6,0,0,0,2,0,0,0,0,0,0,6,0,0,0,0,0,0,0,0,0
ubt,bintrie,5,4,storage_sload_k10,8,,941,0,0,0.0989,7.521,0.0125,0.7878,12.0525,0,4,0,0,0,0,0,0,0,0,0,0,4,0,0,0,0,0,0,0,0,0
ubt,bintrie,5,4,storage_sload_k10,8,,942,0,0,0.0878,6.5014,0.0102,0.8149,30.0257,0,4,0,0,0,0,0,0,0,0,0,0,4,0,0,0,0,0,0,0,0,0
ubt,bintrie,5,4,storage_sload_k10,9,,943,0,0,0.6303,43.37,0.0038,0.2952,44.663,0,4,0,0,0,0,0,0,0,0,0,0,4,0,0,0,0,0,0,0,0,0
ubt,bintrie,5,4,storage_sload_k10,9,,944,0,0,0.1359,3.8056,0.0251,1.1806,10.0838,0,4,0,0,0,0,0,0,0,0,0,0,4,0,0,0,0,0,0,0,0,0
ubt,bintrie,5,4,storage_sload_k10,9,,945,0,0,0.0709,14.1776,0.0032,0.1788,14.6506,0,4,0,0,0,0,0,0,0,0,0,0,4,0,0,0,0,0,0,0,0,0
ubt,bintrie,5,4,storage_sload_k10,9,,946,0,0,0.068,2.2814,0.002,0.1374,2.7804,0,4,0,0,0,0,0,0,0,0,0,0,4,0,0,0,0,0,0,0,0,0
ubt,bintrie,5,4,storage_sload_k10,9,,947,0,0,0.1178,13.5444,0.0023,0.1619,14.1988,0,4,0,0,0,0,0,0,0,0,0,0,4,0,0,0,0,0,0,0,0,0
ubt,bintrie,5,4,storage_sload_k10,9,,948,86864,2,0.4658,17.2417,0.9196,1.9392,21.9617,3.9553,11,0,0,0,3,0,0,0,1,157,4,7,36.36,0,0,0,0,0,0,0,0
ubt,bintrie,5,4,storage_sload_k10,9,,949,15900140,1,425.4384,12.9208,59.6327,1.5379,510.9127,31.1211,17,702,11,437,2,0,0,0,0,0,5,12,29.41,312,390,44.44,11,0,100,437,0
ubt,bintrie,5,4,storage_sload_k10,9,,950,21000,1,0.3284,51.535,14.1335,1.1827,67.4523,0.3113,6,0,0,0,2,0,0,0,0,0,0,6,0,0,0,0,0,0,0,0,0
ubt,bintrie,5,4,storage_sload_k10,9,,951,0,0,0.2733,9.3512,0.0114,1.2194,11.9096,0,4,0,0,0,0,0,0,0,0,0,0,4,0,0,0,0,0,0,0,0,0
ubt,bintrie,5,4,storage_sload_k100,10,,1133,0,0,0.1552,51.4099,0.0073,0.77,53.3346,0,4,0,0,0,0,0,0,0,0,0,0,4,0,0,0,0,0,0,0,0,0
ubt,bintrie,5,4,storage_sload_k100,10,,1134,0,0,0.0922,1.9664,0.0082,22.4047,29.9636,0,4,0,0,0,0,0,0,0,0,0,0,4,0,0,0,0,0,0,0,0,0
ubt,bintrie,5,4,storage_sload_k100,10,,1135,0,0,0.0458,19.2297,0.0044,0.1642,19.6538,0,4,0,0,0,0,0,0,0,0,0,0,4,0,0,0,0,0,0,0,0,0
ubt,bintrie,5,4,storage_sload_k100,10,,1136,0,0,0.2266,70.8058,0.0032,0.1814,71.8051,0,4,0,0,0,0,0,0,0,0,0,0,4,0,0,0,0,0,0,0,0,0
ubt,bintrie,5,4,storage_sload_k100,10,,1137,0,0,0.0367,0.8059,0.0047,0.4982,14.9169,0,4,0,0,0,0,0,0,0,0,0,0,4,0,0,0,0,0,0,0,0,0
ubt,bintrie,5,4,storage_sload_k100,10,,1138,86864,2,0.1342,2.0151,7.0867,18.6507,28.1466,3.0861,11,0,0,0,3,0,0,0,1,157,5,6,45.45,0,0,0,0,0,0,0,0
ubt,bintrie,5,4,storage_sload_k100,10,,1139,15900205,1,406.1568,37.7261,29.1161,2.4216,476.0583,33.3997,107,702,101,2957,2,0,0,0,0,0,69,38,64.49,492,210,70.09,101,0,100,2957,0
ubt,bintrie,5,4,storage_sload_k100,10,,1140,21000,1,0.0825,10.26,45.4706,0.7604,56.8196,0.3696,6,0,0,0,2,0,0,0,0,0,2,4,33.33,0,0,0,0,0,0,0,0
ubt,bintrie,5,4,storage_sload_k100,10,,1141,0,0,0.0335,1.9958,0.0026,0.1832,2.4039,0,4,0,0,0,0,0,0,0,0,0,0,4,0,0,0,0,0,0,0,0,0
ubt,bintrie,5,4,storage_sload_k100,11,,1142,0,0,0.0799,0.8756,0.0026,0.2074,1.5236,0,4,0,0,0,0,0,0,0,0,0,0,4,0,0,0,0,0,0,0,0,0
ubt,bintrie,5,4,storage_sload_k100,11,,1143,0,0,0.1919,12.4664,0.0163,1.0724,14.5448,0,4,0,0,0,0,0,0,0,0,0,0,4,0,0,0,0,0,0,0,0,0
ubt,bintrie,5,4,storage_sload_k100,11,,1144,0,0,0.1648,32.3555,0.0038,0.1143,33.0365,0,4,0,0,0,0,0,0,0,0,0,0,4,0,0,0,0,0,0,0,0,0
ubt,bintrie,5,4,storage_sload_k100,11,,1145,0,0,0.1417,62.5379,0.0061,0.4541,63.7109,0,4,0,0,0,0,0,0,0,0,0,0,4,0,0,0,0,0,0,0,0,0
ubt,bintrie,5,4,storage_sload_k100,11,,1146,0,0,0.0761,20.6288,0.007,4.4496,33.0587,0,4,0,0,0,0,0,0,0,0,0,0,4,0,0,0,0,0,0,0,0,0
ubt,bintrie,5,4,storage_sload_k100,11,,1147,86864,2,0.2161,1.4679,2.2079,1.4872,10.5009,8.2721,11,0,0,0,3,0,0,0,1,157,6,5,54.55,0,0,0,0,0,0,0,0
ubt,bintrie,5,4,storage_sload_k100,11,,1148,15900205,1,436.2543,28.1078,57.2486,1.4274,541.0772,29.3862,107,702,101,2957,2,0,0,0,0,0,31,76,28.97,219,483,31.2,101,0,100,2957,0
ubt,bintrie,5,4,storage_sload_k100,11,,1149,21000,1,0.3608,70.9321,29.8417,1.1168,103.5154,0.2029,6,0,0,0,2,0,0,0,0,0,0,6,0,0,0,0,0,0,0,0,0
ubt,bintrie,5,4,storage_sload_k100,11,,1150,0,0,0.3535,20.2546,0.0038,0.2578,82.2103,0,4,0,0,0,0,0,0,0,0,0,0,4,0,0,0,0,0,0,0,0,0
ubt,bintrie,5,4,storage_sload_k100,12,,1151,0,0,0.0583,4.071,0.0032,0.1695,4.9976,0,4,0,0,0,0,0,0,0,0,0,0,4,0,0,0,0,0,0,0,0,0
ubt,bintrie,5,4,storage_sload_k100,12,,1152,0,0,0.0461,3.345,0.0032,0.1237,3.7697,0,4,0,0,0,0,0,0,0,0,0,0,4,0,0,0,0,0,0,0,0,0
ubt,bintrie,5,4,storage_sload_k100,12,,1153,0,0,0.0726,3.4066,0.0067,0.5203,4.5837,0,4,0,0,0,0,0,0,0,0,0,0,4,0,0,0,0,0,0,0,0,0
ubt,bintrie,5,4,storage_sload_k100,12,,1154,0,0,0.028,1.7144,0.0012,0.1067,1.9891,0,4,0,0,0,0,0,0,0,0,0,0,4,0,0,0,0,0,0,0,0,0
ubt,bintrie,5,4,storage_sload_k100,12,,1155,0,0,0.0706,2.305,0.0032,0.3307,20.695,0,4,0,0,0,0,0,0,0,0,0,0,4,0,0,0,0,0,0,0,0,0
ubt,bintrie,5,4,storage_sload_k100,12,,1156,86864,2,0.1514,1.5149,35.6154,7.5744,45.5595,1.9066,11,0,0,0,3,0,0,0,1,157,4,7,36.36,0,0,0,0,0,0,0,0
ubt,bintrie,5,4,storage_sload_k100,12,,1157,15900205,1,433.2318,44.3693,61.4564,0.982,544.3365,29.2102,107,702,101,2957,2,0,0,0,0,0,22,85,20.56,153,549,21.79,101,0,100,2957,0
ubt,bintrie,5,4,storage_sload_k100,12,,1158,21000,1,0.3567,47.9998,14.3001,1.0436,64.667,0.3247,6,0,0,0,2,0,0,0,0,0,0,6,0,0,0,0,0,0,0,0,0
ubt,bintrie,5,4,storage_sload_k100,12,,1159,0,0,0.0653,6.261,0.012,0.6769,17.1271,0,4,0,0,0,0,0,0,0,0,0,0,4,0,0,0,0,0,0,0,0,0
ubt,bintrie,5,4,storage_sload_k100,13,,1160,0,0,0.063,13.7354,0.0023,0.2027,14.2073,0,4,0,0,0,0,0,0,0,0,0,0,4,0,0,0,0,0,0,0,0,0
ubt,bintrie,5,4,storage_sload_k100,13,,1161,0,0,0.0685,10.6674,0.0029,0.1496,11.079,0,4,0,0,0,0,0,0,0,0,0,0,4,0,0,0,0,0,0,0,0,0
ubt,bintrie,5,4,storage_sload_k100,13,,1162,0,0,0.049,80.2498,0.0032,0.1712,80.6858,0,4,0,0,0,0,0,0,0,0,0,0,4,0,0,0,0,0,0,0,0,0
ubt,bintrie,5,4,storage_sload_k100,13,,1163,0,0,0.0715,4.7928,0.0044,0.2126,5.445,0,4,0,0,0,0,0,0,0,0,0,0,4,0,0,0,0,0,0,0,0,0
ubt,bintrie,5,4,storage_sload_k100,13,,1164,0,0,0.0604,4.5866,0.002,0.187,5.2583,0,4,0,0,0,0,0,0,0,0,0,0,4,0,0,0,0,0,0,0,0,0
ubt,bintrie,5,4,storage_sload_k100,13,,1165,86864,2,0.1969,15.4646,39.3218,1.5706,56.7799,1.5298,11,0,0,0,3,0,0,0,1,157,4,7,36.36,0,0,0,0,0,0,0,0
ubt,bintrie,5,4,storage_sload_k100,13,,1166,15900205,1,451.6224,35.9945,51.6432,0.8642,562.49,28.2675,107,702,101,2957,2,0,0,0,0,0,63,44,58.88,447,255,63.68,101,0,100,2957,0
ubt,bintrie,5,4,storage_sload_k100,13,,1167,21000,1,0.2024,50.1039,14.9365,0.9453,69.3968,0.3026,6,0,0,0,2,0,0,0,0,0,2,4,33.33,0,0,0,0,0,0,0,0
ubt,bintrie,5,4,storage_sload_k100,13,,1168,0,0,0.0575,5.6191,0.0163,4.4216,12.5481,0,4,0,0,0,0,0,0,0,0,0,0,4,0,0,0,0,0,0,0,0,0
ubt,bintrie,5,4,storage_sload_k100,14,,1169,0,0,0.0741,25.5079,0.0026,0.1779,25.9752,0,4,0,0,0,0,0,0,0,0,0,0,4,0,0,0,0,0,0,0,0,0
ubt,bintrie,5,4,storage_sload_k100,14,,1170,0,0,0.2199,21.9952,0.0026,0.1546,23.259,0,4,0,0,0,0,0,0,0,0,0,0,4,0,0,0,0,0,0,0,0,0
ubt,bintrie,5,4,storage_sload_k100,14,,1171,0,0,0.1225,18.4623,0.0041,3.1578,30.1354,0,4,0,0,0,0,0,0,0,0,0,0,4,0,0,0,0,0,0,0,0,0
ubt,bintrie,5,4,storage_sload_k100,14,,1172,0,0,0.1765,23.6533,0.0035,0.2027,24.4308,0,4,0,0,0,0,0,0,0,0,0,0,4,0,0,0,0,0,0,0,0,0
ubt,bintrie,5,4,storage_sload_k100,14,,1173,0,0,0.1137,21.2138,0.0093,17.4611,41.7014,0,4,0,0,0,0,0,0,0,0,0,0,4,0,0,0,0,0,0,0,0,0
ubt,bintrie,5,4,storage_sload_k100,14,,1174,86864,2,0.1455,2.7355,12.8884,2.3155,18.2821,4.7513,11,0,0,0,3,0,0,0,1,157,6,5,54.55,0,0,0,0,0,0,0,0
ubt,bintrie,5,4,storage_sload_k100,14,,1175,15900205,1,439.1269,62.9715,68.7482,0.8843,576.0498,27.6021,107,702,101,2957,2,0,0,0,0,0,35,72,32.71,238,464,33.9,101,0,100,2957,0
ubt,bintrie,5,4,storage_sload_k100,14,,1176,21000,1,0.3328,38.2969,17.0565,1.3008,57.2918,0.3665,6,0,0,0,2,0,0,0,0,0,0,6,0,0,0,0,0,0,0,0,0
ubt,bintrie,5,4,storage_sload_k100,14,,1177,0,0,0.14,61.303,0.0029,0.1811,62.306,0,4,0,0,0,0,0,0,0,0,0,0,4,0,0,0,0,0,0,0,0,0
ubt,bintrie,5,4,storage_sload_k100,15,,1178,0,0,0.0537,4.1655,0.0026,0.159,5.2604,0,4,0,0,0,0,0,0,0,0,0,0,4,0,0,0,0,0,0,0,0,0
ubt,bintrie,5,4,storage_sload_k100,15,,1179,0,0,0.0787,38.2873,0.0032,0.1289,38.7951,0,4,0,0,0,0,0,0,0,0,0,0,4,0,0,0,0,0,0,0,0,0
ubt,bintrie,5,4,storage_sload_k100,15,,1180,0,0,0.0583,21.339,0.0041,6.0919,27.7934,0,4,0,0,0,0,0,0,0,0,0,0,4,0,0,0,0,0,0,0,0,0
ubt,bintrie,5,4,storage_sload_k100,15,,1181,0,0,0.2033,45.7946,0.0029,0.1496,46.7702,0,4,0,0,0,0,0,0,0,0,0,0,4,0,0,0,0,0,0,0,0,0
ubt,bintrie,5,4,storage_sload_k100,15,,1182,0,0,0.047,2.9828,0.0026,0.2943,3.5562,0,4,0,0,0,0,0,0,0,0,0,0,4,0,0,0,0,0,0,0,0,0
ubt,bintrie,5,4,storage_sload_k100,15,,1183,86864,2,0.0997,2.2417,8.2303,9.8187,20.5491,4.2271,11,0,0,0,3,0,0,0,1,157,6,5,54.55,0,0,0,0,0,0,0,0
ubt,bintrie,5,4,storage_sload_k100,15,,1184,15900205,1,431.3885,35.3135,73.3806,0.9021,547.611,29.0356,107,702,101,2957,2,0,0,0,0,0,40,67,37.38,274,428,39.03,101,0,100,2957,0
ubt,bintrie,5,4,storage_sload_k100,15,,1185,21000,1,0.1105,3.8633,48.4528,0.807,53.6498,0.3914,6,0,0,0,2,0,0,0,0,0,2,4,33.33,0,0,0,0,0,0,0,0
ubt,bintrie,5,4,storage_sload_k100,15,,1186,0,0,0.1152,7.8407,0.0207,0.9616,14.1341,0,4,0,0,0,0,0,0,0,0,0,0,4,0,0,0,0,0,0,0,0,0
ubt,bintrie,5,4,storage_sload_k100,16,,1187,0,0,0.3377,42.535,0.0047,0.532,44.2406,0,4,0,0,0,0,0,0,0,0,0,0,4,0,0,0,0,0,0,0,0,0
ubt,bintrie,5,4,storage_sload_k100,16,,1188,0,0,0.0601,3.7391,0.0102,22.8209,44.4786,0,4,0,0,0,0,0,0,0,0,0,0,4,0,0,0,0,0,0,0,0,0
ubt,bintrie,5,4,storage_sload_k100,16,,1189,0,0,0.0493,11.0367,0.0026,0.1342,11.5229,0,4,0,0,0,0,0,0,0,0,0,0,4,0,0,0,0,0,0,0,0,0
ubt,bintrie,5,4,storage_sload_k100,16,,1190,0,0,0.0551,11.6422,0.0026,0.1213,12.042,0,4,0,0,0,0,0,0,0,0,0,0,4,0,0,0,0,0,0,0,0,0
ubt,bintrie,5,4,storage_sload_k100,16,,1191,0,0,0.044,1.9594,0.002,0.1566,2.5541,0,4,0,0,0,0,0,0,0,0,0,0,4,0,0,0,0,0,0,0,0,0
ubt,bintrie,5,4,storage_sload_k100,16,,1192,86864,2,0.1216,2.2076,4.0611,2.3794,8.9819,9.671,11,0,0,0,3,0,0,0,1,157,5,6,45.45,0,0,0,0,0,0,0,0
ubt,bintrie,5,4,storage_sload_k100,16,,1193,15900205,1,448.6265,25.2866,24.4784,2.6655,503.2175,31.5971,107,702,101,2957,2,0,0,0,0,0,94,13,87.85,660,42,94.02,101,0,100,2957,0
ubt,bintrie,5,4,storage_sload_k100,16,,1194,21000,1,0.1219,6.5297,48.4408,1.7774,57.2667,0.3667,6,0,0,0,2,0,0,0,0,0,0,6,0,0,0,0,0,0,0,0,0
ubt,bintrie,5,4,storage_sload_k100,16,,1195,0,0,0.0461,6.5128,0.0029,0.1622,6.8975,0,4,0,0,0,0,0,0,0,0,0,0,4,0,0,0,0,0,0,0,0,0
ubt,bintrie,5,4,storage_sload_k100,17,,1196,0,0,0.2911,56.539,0.0076,0.7265,58.3511,0,4,0,0,0,0,0,0,0,0,0,0,4,0,0,0,0,0,0,0,0,0
ubt,bintrie,5,4,storage_sload_k100,17,,1197,0,0,0.1339,5.1236,0.0166,20.2519,48.2419,0,4,0,0,0,0,0,0,0,0,0,0,4,0,0,0,0,0,0,0,0,0
ubt,bintrie,5,4,storage_sload_k100,17,,1198,0,0,0.0461,20.1157,0.0032,0.2097,20.6101,0,4,0,0,0,0,0,0,0,0,0,0,4,0,0,0,0,0,0,0,0,0
ubt,bintrie,5,4,storage_sload_k100,17,,1199,0,0,0.1126,24.8931,0.0035,0.1922,25.9918,0,4,0,0,0,0,0,0,0,0,0,0,4,0,0,0,0,0,0,0,0,0
ubt,bintrie,5,4,storage_sload_k100,17,,1200,0,0,0.0726,2.1151,0.0087,0.3625,15.3734,0,4,0,0,0,0,0,0,0,0,0,0,4,0,0,0,0,0,0,0,0,0
ubt,bintrie,5,4,storage_sload_k100,17,,1201,86864,2,0.1403,2.4709,7.4058,3.4705,13.6599,6.3591,11,0,0,0,3,0,0,0,1,157,5,6,45.45,0,0,0,0,0,0,0,0
ubt,bintrie,5,4,storage_sload_k100,17,,1202,15900205,1,409.564,39.6429,24.7079,3.196,478.6371,33.2198,107,702,101,2957,2,0,0,0,0,0,0,107,0,0,702,0,101,0,100,2957,0
ubt,bintrie,5,4,storage_sload_k100,17,,1203,21000,1,0.1242,21.7508,35.4168,0.7367,58.3616,0.3598,6,0,0,0,2,0,0,0,0,0,2,4,33.33,0,0,0,0,0,0,0,0
ubt,bintrie,5,4,storage_sload_k100,17,,1204,0,0,0.1272,8.1268,0.007,0.5235,9.1899,0,4,0,0,0,0,0,0,0,0,0,0,4,0,0,0,0,0,0,0,0,0
ubt,bintrie,5,4,storage_sload_k100,18,,1205,0,0,0.1123,57.876,0.0044,0.3106,59.2074,0,4,0,0,0,0,0,0,0,0,0,0,4,0,0,0,0,0,0,0,0,0
ubt,bintrie,5,4,storage_sload_k100,18,,1206,0,0,0.0925,5.046,0.0262,20.3196,57.0701,0,4,0,0,0,0,0,0,0,0,0,0,4,0,0,0,0,0,0,0,0,0
ubt,bintrie,5,4,storage_sload_k100,18,,1207,0,0,0.0983,1.8757,0.005,0.3103,2.6328,0,4,0,0,0,0,0,0,0,0,0,0,4,0,0,0,0,0,0,0,0,0
ubt,bintrie,5,4,storage_sload_k100,18,,1208,0,0,0.0787,67.5104,0.0029,0.1654,68.1561,0,4,0,0,0,0,0,0,0,0,0,0,4,0,0,0,0,0,0,0,0,0
ubt,bintrie,5,4,storage_sload_k100,18,,1209,0,0,0.0362,1.8765,0.0023,0.124,2.2213,0,4,0,0,0,0,0,0,0,0,0,0,4,0,0,0,0,0,0,0,0,0
ubt,bintrie,5,4,storage_sload_k100,18,,1210,86864,2,0.1382,3.0639,2.7127,2.1446,8.3132,10.449,11,0,0,0,3,0,0,0,1,157,5,6,45.45,0,0,0,0,0,0,0,0
ubt,bintrie,5,4,storage_sload_k100,18,,1211,15900205,1,409.3029,53.1281,54.225,0.8094,529.1539,30.0484,107,702,101,2957,2,0,0,0,0,0,0,107,0,0,702,0,101,0,100,2957,0
ubt,bintrie,5,4,storage_sload_k100,18,,1212,21000,1,0.9572,38.0723,1.4023,0.7329,41.4366,0.5068,6,0,0,0,2,0,0,0,0,0,0,6,0,0,0,0,0,0,0,0,0
ubt,bintrie,5,4,storage_sload_k100,18,,1213,0,0,0.133,63.3169,0.0023,0.1543,64.2514,0,4,0,0,0,0,0,0,0,0,0,0,4,0,0,0,0,0,0,0,0,0
ubt,bintrie,5,4,storage_sload_k100,19,,1214,0,0,0.1499,22.5138,0.0073,0.6612,24.1173,0,4,0,0,0,0,0,0,0,0,0,0,4,0,0,0,0,0,0,0,0,0
ubt,bintrie,5,4,storage_sload_k100,19,,1215,0,0,0.1342,3.8552,0.0178,10.8007,22.3764,0,4,0,0,0,0,0,0,0,0,0,0,4,0,0,0,0,0,0,0,0,0
ubt,bintrie,5,4,storage_sload_k100,19,,1216,0,0,0.0942,15.7105,0.0041,0.1633,16.7065,0,4,0,0,0,0,0,0,0,0,0,0,4,0,0,0,0,0,0,0,0,0
ubt,bintrie,5,4,storage_sload_k100,19,,1217,0,0,0.2056,3.6014,0.0058,0.3503,4.6292,0,4,0,0,0,0,0,0,0,0,0,0,4,0,0,0,0,0,0,0,0,0
ubt,bintrie,5,4,storage_sload_k100,19,,1218,0,0,0.0292,2.0197,0.0029,0.1065,2.3073,0,4,0,0,0,0,0,0,0,0,0,0,4,0,0,0,0,0,0,0,0,0
ubt,bintrie,5,4,storage_sload_k100,19,,1219,86864,2,0.1368,12.3585,45.3635,1.7047,59.7569,1.4536,11,0,0,0,3,0,0,0,1,157,4,7,36.36,0,0,0,0,0,0,0,0
ubt,bintrie,5,4,storage_sload_k100,19,,1220,15900205,1,414.9778,50.6571,10.2623,3.0569,480.3234,33.1031,107,702,101,2957,2,0,0,0,0,0,0,107,0,3,699,0.43,101,0,100,2957,0
ubt,bintrie,5,4,storage_sload_k100,19,,1221,21000,1,0.1065,9.863,46.1737,0.6971,57.057,0.3681,6,0,0,0,2,0,0,0,0,0,2,4,33.33,0,0,0,0,0,0,0,0
ubt,bintrie,5,4,storage_sload_k100,19,,1222,0,0,0.047,6.7507,0.0029,0.1916,7.1769,0,4,0,0,0,0,0,0,0,0,0,0,4,0,0,0,0,0,0,0,0,0
ubt,bintrie,5,4,storage_sload_k100,1,,1051,0,0,0.1009,36.3903,0.0041,0.2829,38.5533,0,4,0,0,0,0,0,0,0,0,0,0,4,0,0,0,0,0,0,0,0,0
ubt,bintrie,5,4,storage_sload_k100,1,,1052,0,0,0.068,1.9815,0.012,0.4923,9.5798,0,4,0,0,0,0,0,0,0,0,0,0,4,0,0,0,0,0,0,0,0,0
ubt,bintrie,5,4,storage_sload_k100,1,,1053,0,0,0.0537,32.6273,0.0032,0.1522,33.0351,0,4,0,0,0,0,0,0,0,0,0,0,4,0,0,0,0,0,0,0,0,0
ubt,bintrie,5,4,storage_sload_k100,1,,1054,0,0,0.1312,51.9614,0.0029,0.1686,52.6127,0,4,0,0,0,0,0,0,0,0,0,0,4,0,0,0,0,0,0,0,0,0
ubt,bintrie,5,4,storage_sload_k100,1,,1055,0,0,0.1333,18.6971,0.0102,0.6151,20.1636,0,4,0,0,0,0,0,0,0,0,0,0,4,0,0,0,0,0,0,0,0,0
ubt,bintrie,5,4,storage_sload_k100,1,,1056,86864,2,0.1522,2.0247,16.9259,2.2414,21.7482,3.9941,11,0,0,0,3,0,0,0,1,157,5,6,45.45,0,0,0,0,0,0,0,0
ubt,bintrie,5,4,storage_sload_k100,1,,1057,15900205,1,409.0204,50.2138,35.7426,2.8851,498.6896,31.884,107,702,101,2957,2,0,0,0,0,0,34,73,31.78,238,464,33.9,101,0,100,2957,0
ubt,bintrie,5,4,storage_sload_k100,1,,1058,21000,1,0.086,13.4522,40.7194,0.7872,55.2904,0.3798,6,0,0,0,2,0,0,0,0,0,2,4,33.33,0,0,0,0,0,0,0,0
ubt,bintrie,5,4,storage_sload_k100,1,,1059,0,0,0.2435,7.036,0.0035,0.6892,9.1368,0,4,0,0,0,0,0,0,0,0,0,0,4,0,0,0,0,0,0,0,0,0
ubt,bintrie,5,4,storage_sload_k100,20,,1223,0,0,0.2231,6.238,0.005,0.5766,7.5414,0,4,0,0,0,0,0,0,0,0,0,0,4,0,0,0,0,0,0,0,0,0
ubt,bintrie,5,4,storage_sload_k100,20,,1224,0,0,0.0674,2.2236,0.0099,14.0268,18.6904,0,4,0,0,0,0,0,0,0,0,0,0,4,0,0,0,0,0,0,0,0,0
ubt,bintrie,5,4,storage_sload_k100,20,,1225,0,0,0.1234,5.8766,0.0035,0.117,6.453,0,4,0,0,0,0,0,0,0,0,0,0,4,0,0,0,0,0,0,0,0,0
ubt,bintrie,5,4,storage_sload_k100,20,,1226,0,0,0.2027,28.9965,0.0592,0.7793,30.5883,0,4,0,0,0,0,0,0,0,0,0,0,4,0,0,0,0,0,0,0,0,0
ubt,bintrie,5,4,storage_sload_k100,20,,1227,0,0,0.1907,6.0426,0.0015,0.2208,29.9794,0,4,0,0,0,0,0,0,0,0,0,0,4,0,0,0,0,0,0,0,0,0
ubt,bintrie,5,4,storage_sload_k100,20,,1228,86864,2,0.9841,1.9562,61.956,1.6371,68.8398,1.2618,11,0,0,0,3,0,0,0,1,157,6,5,54.55,0,0,0,0,0,0,0,0
ubt,bintrie,5,4,storage_sload_k100,20,,1229,15900205,1,406.5543,47.4422,74.1232,0.7793,535.069,29.7162,107,702,101,2957,2,0,0,0,0,0,0,107,0,0,702,0,101,0,100,2957,0
ubt,bintrie,5,4,storage_sload_k100,20,,1230,21000,1,0.0927,9.6143,41.233,0.6749,51.8757,0.4048,6,0,0,0,2,0,0,0,0,0,2,4,33.33,0,0,0,0,0,0,0,0
ubt,bintrie,5,4,storage_sload_k100,20,,1231,0,0,0.0356,2.1469,0.002,0.1718,2.5424,0,4,0,0,0,0,0,0,0,0,0,0,4,0,0,0,0,0,0,0,0,0
ubt,bintrie,5,4,storage_sload_k100,2,,1060,0,0,0.0948,54.1276,0.0047,0.2427,54.8769,0,4,0,0,0,0,0,0,0,0,0,0,4,0,0,0,0,0,0,0,0,0
ubt,bintrie,5,4,storage_sload_k100,2,,1061,0,0,0.0977,32.5804,0.0026,0.159,33.2308,0,4,0,0,0,0,0,0,0,0,0,0,4,0,0,0,0,0,0,0,0,0
ubt,bintrie,5,4,storage_sload_k100,2,,1062,0,0,0.0522,2.4074,0.0032,0.1304,2.7903,0,4,0,0,0,0,0,0,0,0,0,0,4,0,0,0,0,0,0,0,0,0
ubt,bintrie,5,4,storage_sload_k100,2,,1063,0,0,0.0884,47.7712,0.0125,0.1598,48.4014,0,4,0,0,0,0,0,0,0,0,0,0,4,0,0,0,0,0,0,0,0,0
ubt,bintrie,5,4,storage_sload_k100,2,,1064,0,0,0.0601,1.7721,0.0102,0.427,13.8984,0,4,0,0,0,0,0,0,0,0,0,0,4,0,0,0,0,0,0,0,0,0
ubt,bintrie,5,4,storage_sload_k100,2,,1065,86864,2,0.2899,13.1748,49.2114,1.733,64.6679,1.3432,11,0,0,0,3,0,0,0,1,157,4,7,36.36,0,0,0,0,0,0,0,0
ubt,bintrie,5,4,storage_sload_k100,2,,1066,15900205,1,449.4082,60.724,64.6025,0.861,576.5664,27.5774,107,702,101,2957,2,0,0,0,0,0,0,107,0,0,702,0,101,0,100,2957,0
ubt,bintrie,5,4,storage_sload_k100,2,,1067,21000,1,0.4314,5.5089,9.453,1.2089,16.9337,1.2401,6,0,0,0,2,0,0,0,0,0,0,6,0,0,0,0,0,0,0,0,0
ubt,bintrie,5,4,storage_sload_k100,2,,1068,0,0,0.385,18.6344,0.0099,0.5192,20.3596,0,4,0,0,0,0,0,0,0,0,0,0,4,0,0,0,0,0,0,0,0,0
ubt,bintrie,5,4,storage_sload_k100,3,,1069,0,0,1.3326,7.2022,0.005,0.215,56.6945,0,4,0,0,0,0,0,0,0,0,0,0,4,0,0,0,0,0,0,0,0,0
ubt,bintrie,5,4,storage_sload_k100,3,,1070,0,0,0.236,18.0432,0.0096,1.411,45.1156,0,4,0,0,0,0,0,0,0,0,0,0,4,0,0,0,0,0,0,0,0,0
ubt,bintrie,5,4,storage_sload_k100,3,,1071,0,0,0.0449,2.4526,0.0029,0.1143,2.8921,0,4,0,0,0,0,0,0,0,0,0,0,4,0,0,0,0,0,0,0,0,0
ubt,bintrie,5,4,storage_sload_k100,3,,1072,0,0,0.0508,4.4813,0.0038,0.18,4.9754,0,4,0,0,0,0,0,0,0,0,0,0,4,0,0,0,0,0,0,0,0,0
ubt,bintrie,5,4,storage_sload_k100,3,,1073,0,0,0.0551,7.7923,0.026,0.3937,8.5602,0,4,0,0,0,0,0,0,0,0,0,0,4,0,0,0,0,0,0,0,0,0
ubt,bintrie,5,4,storage_sload_k100,3,,1074,86864,2,0.1315,4.5621,27.0316,3.6618,37.7104,2.3035,11,0,0,0,3,0,0,0,1,157,6,5,54.55,0,0,0,0,0,0,0,0
ubt,bintrie,5,4,storage_sload_k100,3,,1075,15900205,1,427.0948,56.9293,81.1099,0.9208,571.4874,27.8225,107,702,101,2957,2,0,0,0,0,0,8,99,7.48,59,643,8.4,101,0,100,2957,0
ubt,bintrie,5,4,storage_sload_k100,3,,1076,21000,1,0.3789,45.8777,9.9768,3.0715,60.5012,0.3471,6,0,0,0,2,0,0,0,0,0,0,6,0,0,0,0,0,0,0,0,0
ubt,bintrie,5,4,storage_sload_k100,3,,1077,0,0,0.215,32.3176,0.0111,0.4734,33.9308,0,4,0,0,0,0,0,0,0,0,0,0,4,0,0,0,0,0,0,0,0,0
ubt,bintrie,5,4,storage_sload_k100,4,,1078,0,0,0.1893,2.4706,0.0076,0.6151,5.4698,0,4,0,0,0,0,0,0,0,0,0,0,4,0,0,0,0,0,0,0,0,0
ubt,bintrie,5,4,storage_sload_k100,4,,1079,0,0,0.1143,4.0733,0.0187,1.0704,14.6687,0,4,0,0,0,0,0,0,0,0,0,0,4,0,0,0,0,0,0,0,0,0
ubt,bintrie,5,4,storage_sload_k100,4,,1080,0,0,0.1158,13.7188,0.0026,0.1356,14.3788,0,4,0,0,0,0,0,0,0,0,0,0,4,0,0,0,0,0,0,0,0,0
ubt,bintrie,5,4,storage_sload_k100,4,,1081,0,0,0.0327,1.9098,0.002,0.1047,2.2047,0,4,0,0,0,0,0,0,0,0,0,0,4,0,0,0,0,0,0,0,0,0
ubt,bintrie,5,4,storage_sload_k100,4,,1082,0,0,0.0624,33.2063,0.0023,0.1852,33.8686,0,4,0,0,0,0,0,0,0,0,0,0,4,0,0,0,0,0,0,0,0,0
ubt,bintrie,5,4,storage_sload_k100,4,,1083,86864,2,0.3908,10.7348,30.4104,1.9247,43.858,1.9806,11,0,0,0,3,0,0,0,1,157,4,7,36.36,0,0,0,0,0,0,0,0
ubt,bintrie,5,4,storage_sload_k100,4,,1084,15900205,1,481.7351,34.7687,76.6626,0.7519,597.1298,26.6277,107,702,101,2957,2,0,0,0,0,0,75,32,70.09,531,171,75.64,101,0,100,2957,0
ubt,bintrie,5,4,storage_sload_k100,4,,1085,21000,1,0.3342,3.7146,30.9978,0.7291,36.6864,0.5724,6,0,0,0,2,0,0,0,0,0,0,6,0,0,0,0,0,0,0,0,0
ubt,bintrie,5,4,storage_sload_k100,4,,1086,0,0,0.294,64.5626,0.0032,0.1843,65.7012,0,4,0,0,0,0,0,0,0,0,0,0,4,0,0,0,0,0,0,0,0,0
ubt,bintrie,5,4,storage_sload_k100,5,,1087,0,0,0.2015,52.9662,0.0061,0.2459,53.9753,0,4,0,0,0,0,0,0,0,0,0,0,4,0,0,0,0,0,0,0,0,0
ubt,bintrie,5,4,storage_sload_k100,5,,1088,0,0,0.0668,13.3988,0.0032,0.2383,14.4943,0,4,0,0,0,0,0,0,0,0,0,0,4,0,0,0,0,0,0,0,0,0
ubt,bintrie,5,4,storage_sload_k100,5,,1089,0,0,0.0615,50.8843,0.0035,0.1342,51.3825,0,4,0,0,0,0,0,0,0,0,0,0,4,0,0,0,0,0,0,0,0,0
ubt,bintrie,5,4,storage_sload_k100,5,,1090,0,0,0.0356,1.724,0.002,0.121,2.0017,0,4,0,0,0,0,0,0,0,0,0,0,4,0,0,0,0,0,0,0,0,0
ubt,bintrie,5,4,storage_sload_k100,5,,1091,0,0,0.1207,8.3756,0.0029,0.138,27.206,0,4,0,0,0,0,0,0,0,0,0,0,4,0,0,0,0,0,0,0,0,0
ubt,bintrie,5,4,storage_sload_k100,5,,1092,86864,2,0.6037,8.8457,0.5644,2.1632,12.5691,6.9109,11,0,0,0,3,0,0,0,1,157,4,7,36.36,0,0,0,0,0,0,0,0
ubt,bintrie,5,4,storage_sload_k100,5,,1093,15900205,1,461.1209,46.3499,9.1284,4.6377,526.4269,30.204,107,702,101,2957,2,0,0,0,0,0,7,100,6.54,55,647,7.83,101,0,100,2957,0
ubt,bintrie,5,4,storage_sload_k100,5,,1094,21000,1,0.1368,12.9033,40.6101,1.162,55.2569,0.38,6,0,0,0,2,0,0,0,0,0,2,4,33.33,0,0,0,0,0,0,0,0
ubt,bintrie,5,4,storage_sload_k100,5,,1095,0,0,0.0773,10.7266,0.0023,0.1639,11.1936,0,4,0,0,0,0,0,0,0,0,0,0,4,0,0,0,0,0,0,0,0,0
ubt,bintrie,5,4,storage_sload_k100,6,,1096,0,0,0.1269,5.7358,0.0029,0.1872,6.5011,0,4,0,0,0,0,0,0,0,0,0,0,4,0,0,0,0,0,0,0,0,0
ubt,bintrie,5,4,storage_sload_k100,6,,1097,0,0,0.3092,3.7665,0.0096,0.6495,6.3873,0,4,0,0,0,0,0,0,0,0,0,0,4,0,0,0,0,0,0,0,0,0
ubt,bintrie,5,4,storage_sload_k100,6,,1098,0,0,0.063,23.5955,0.0026,0.1324,23.9948,0,4,0,0,0,0,0,0,0,0,0,0,4,0,0,0,0,0,0,0,0,0
ubt,bintrie,5,4,storage_sload_k100,6,,1099,0,0,0.0292,1.7199,0.002,0.1321,2.0043,0,4,0,0,0,0,0,0,0,0,0,0,4,0,0,0,0,0,0,0,0,0
ubt,bintrie,5,4,storage_sload_k100,6,,1100,0,0,0.049,4.7138,0.0026,0.1196,5.0539,0,4,0,0,0,0,0,0,0,0,0,0,4,0,0,0,0,0,0,0,0,0
ubt,bintrie,5,4,storage_sload_k100,6,,1101,86864,2,0.3232,3.562,1.0963,4.761,36.8345,2.3582,11,0,0,0,3,0,0,0,1,157,5,6,45.45,0,0,0,0,0,0,0,0
ubt,bintrie,5,4,storage_sload_k100,6,,1102,15900205,1,428.3466,53.0175,51.4399,0.8201,543.6681,29.2462,107,702,101,2957,2,0,0,0,0,0,1,106,0.93,0,702,0,101,0,100,2957,0
ubt,bintrie,5,4,storage_sload_k100,6,,1103,21000,1,0.6297,52.3937,15.9182,1.0523,73.1091,0.2872,6,0,0,0,2,0,0,0,0,0,0,6,0,0,0,0,0,0,0,0,0
ubt,bintrie,5,4,storage_sload_k100,6,,1104,0,0,0.086,6.2625,0.0181,1.0048,15.9882,0,4,0,0,0,0,0,0,0,0,0,0,4,0,0,0,0,0,0,0,0,0
ubt,bintrie,5,4,storage_sload_k100,6,,1105,0,0,0.0677,6.2482,0.0134,20.4602,40.6354,0,4,0,0,0,0,0,0,0,0,0,0,4,0,0,0,0,0,0,0,0,0
ubt,bintrie,5,4,storage_sload_k100,7,,1106,0,0,0.0773,13.0576,0.0029,0.1969,13.5665,0,4,0,0,0,0,0,0,0,0,0,0,4,0,0,0,0,0,0,0,0,0
ubt,bintrie,5,4,storage_sload_k100,7,,1107,0,0,0.1222,42.3411,0.0029,0.1336,42.95,0,4,0,0,0,0,0,0,0,0,0,0,4,0,0,0,0,0,0,0,0,0
ubt,bintrie,5,4,storage_sload_k100,7,,1108,0,0,0.0589,36.9232,0.0029,0.1196,39.7599,0,4,0,0,0,0,0,0,0,0,0,0,4,0,0,0,0,0,0,0,0,0
ubt,bintrie,5,4,storage_sload_k100,7,,1109,0,0,0.03,2.3108,0.002,0.1534,3.0496,0,4,0,0,0,0,0,0,0,0,0,0,4,0,0,0,0,0,0,0,0,0
ubt,bintrie,5,4,storage_sload_k100,7,,1110,0,0,0.0318,1.8401,0.0023,0.1388,2.4406,0,4,0,0,0,0,0,0,0,0,0,0,4,0,0,0,0,0,0,0,0,0
ubt,bintrie,5,4,storage_sload_k100,7,,1111,86864,2,0.1875,1.4011,33.7832,4.283,40.2038,2.1606,11,0,0,0,3,0,0,0,1,157,4,7,36.36,0,0,0,0,0,0,0,0
ubt,bintrie,5,4,storage_sload_k100,7,,1112,15900205,1,427.1403,42.1436,62.5872,1.7129,547.131,29.0611,107,702,101,2957,2,0,0,0,0,0,41,66,38.32,288,414,41.03,101,0,100,2957,0
ubt,bintrie,5,4,storage_sload_k100,7,,1113,21000,1,0.6606,3.6802,20.7562,0.6708,41.7604,0.5029,6,0,0,0,2,0,0,0,0,0,0,6,0,0,0,0,0,0,0,0,0
ubt,bintrie,5,4,storage_sload_k100,7,,1114,0,0,0.0359,2.0177,0.0026,0.1283,2.3531,0,4,0,0,0,0,0,0,0,0,0,0,4,0,0,0,0,0,0,0,0,0
ubt,bintrie,5,4,storage_sload_k100,8,,1115,0,0,0.0989,26.1111,0.0032,0.2663,26.8111,0,4,0,0,0,0,0,0,0,0,0,0,4,0,0,0,0,0,0,0,0,0
ubt,bintrie,5,4,storage_sload_k100,8,,1116,0,0,1.3865,1.89,0.0085,0.4667,27.2946,0,4,0,0,0,0,0,0,0,0,0,0,4,0,0,0,0,0,0,0,0,0
ubt,bintrie,5,4,storage_sload_k100,8,,1117,0,0,0.1718,37.3053,0.002,0.2415,42.1407,0,4,0,0,0,0,0,0,0,0,0,0,4,0,0,0,0,0,0,0,0,0
ubt,bintrie,5,4,storage_sload_k100,8,,1118,0,0,0.061,21.6423,0.0038,0.2167,22.1929,0,4,0,0,0,0,0,0,0,0,0,0,4,0,0,0,0,0,0,0,0,0
ubt,bintrie,5,4,storage_sload_k100,8,,1119,0,0,0.089,3.32,0.0064,0.8551,5.6031,0,4,0,0,0,0,0,0,0,0,0,0,4,0,0,0,0,0,0,0,0,0
ubt,bintrie,5,4,storage_sload_k100,8,,1120,86864,2,0.1508,2.8714,11.9052,3.6804,18.7514,4.6324,11,0,0,0,3,0,0,0,1,157,5,6,45.45,0,0,0,0,0,0,0,0
ubt,bintrie,5,4,storage_sload_k100,8,,1121,15900205,1,423.7136,50.4795,63.7515,0.945,553.8587,28.7081,107,702,101,2957,2,0,0,0,0,0,0,107,0,4,698,0.57,101,0,100,2957,0
ubt,bintrie,5,4,storage_sload_k100,8,,1122,21000,1,0.0948,27.3967,27.4218,0.8884,56.0082,0.3749,6,0,0,0,2,0,0,0,0,0,0,6,0,0,0,0,0,0,0,0,0
ubt,bintrie,5,4,storage_sload_k100,8,,1123,0,0,0.1327,8.9452,0.0134,6.5434,16.2075,0,4,0,0,0,0,0,0,0,0,0,0,4,0,0,0,0,0,0,0,0,0
ubt,bintrie,5,4,storage_sload_k100,9,,1124,0,0,0.2126,38.5687,0.0035,0.2106,39.7036,0,4,0,0,0,0,0,0,0,0,0,0,4,0,0,0,0,0,0,0,0,0
ubt,bintrie,5,4,storage_sload_k100,9,,1125,0,0,0.1426,27.3051,0.0035,0.1525,27.9284,0,4,0,0,0,0,0,0,0,0,0,0,4,0,0,0,0,0,0,0,0,0
ubt,bintrie,5,4,storage_sload_k100,9,,1126,0,0,0.0554,21.5443,0.005,3.9995,28.3245,0,4,0,0,0,0,0,0,0,0,0,0,4,0,0,0,0,0,0,0,0,0
ubt,bintrie,5,4,storage_sload_k100,9,,1127,0,0,0.0779,63.0964,0.0026,0.1222,63.6637,0,4,0,0,0,0,0,0,0,0,0,0,4,0,0,0,0,0,0,0,0,0
ubt,bintrie,5,4,storage_sload_k100,9,,1128,0,0,0.0417,8.7346,0.0044,0.24,10.8661,0,4,0,0,0,0,0,0,0,0,0,0,4,0,0,0,0,0,0,0,0,0
ubt,bintrie,5,4,storage_sload_k100,9,,1129,86864,2,2.7816,3.5267,16.304,2.1457,25.1349,3.4559,11,0,0,0,3,0,0,0,1,157,4,7,36.36,0,0,0,0,0,0,0,0
ubt,bintrie,5,4,storage_sload_k100,9,,1130,15900205,1,418.6122,60.9743,70.4156,0.9555,553.1514,28.7448,107,702,101,2957,2,0,0,0,0,0,3,104,2.8,12,690,1.71,101,0,100,2957,0
ubt,bintrie,5,4,storage_sload_k100,9,,1131,21000,1,0.4074,44.7376,65.1923,0.7046,117.6452,0.1785,6,0,0,0,2,0,0,0,0,0,0,6,0,0,0,0,0,0,0,0,0
ubt,bintrie,5,4,storage_sload_k100,9,,1132,0,0,2.2195,7.6272,0.0125,11.8565,22.6115,0,4,0,0,0,0,0,0,0,0,0,0,4,0,0,0,0,0,0,0,0,0
ubt,bintrie,5,4,storage_sload_k400,10,,1314,0,0,0.7364,3.8304,0.0026,0.2112,4.9515,0,4,0,0,0,0,0,0,0,0,0,0,4,0,0,0,0,0,0,0,0,0
ubt,bintrie,5,4,storage_sload_k400,10,,1315,0,0,0.0295,1.8669,0.002,0.1149,2.1895,0,4,0,0,0,0,0,0,0,0,0,0,4,0,0,0,0,0,0,0,0,0
ubt,bintrie,5,4,storage_sload_k400,10,,1316,0,0,0.0583,22.6975,0.0079,4.8865,29.6932,0,4,0,0,0,0,0,0,0,0,0,0,4,0,0,0,0,0,0,0,0,0
ubt,bintrie,5,4,storage_sload_k400,10,,1317,0,0,0.0808,59.1966,0.0026,0.5649,60.1553,0,4,0,0,0,0,0,0,0,0,0,0,4,0,0,0,0,0,0,0,0,0
ubt,bintrie,5,4,storage_sload_k400,10,,1318,0,0,0.051,3.4168,0.0026,0.1082,5.0259,0,4,0,0,0,0,0,0,0,0,0,0,4,0,0,0,0,0,0,0,0,0
ubt,bintrie,5,4,storage_sload_k400,10,,1319,86852,2,0.2517,5.979,12.908,1.859,21.1622,4.1041,11,0,0,0,3,0,0,0,1,157,5,6,45.45,0,0,0,0,0,0,0,0
ubt,bintrie,5,4,storage_sload_k400,10,,1320,15900291,1,392.9088,31.4873,72.529,0.8324,499.5073,31.8319,407,702,401,11357,2,0,0,0,0,0,131,276,32.19,249,453,35.47,401,0,100,11357,0
ubt,bintrie,5,4,storage_sload_k400,10,,1321,21000,1,0.3707,56.922,1.4752,0.6854,59.7032,0.3517,6,0,0,0,2,0,0,0,0,0,0,6,0,0,0,0,0,0,0,0,0
ubt,bintrie,5,4,storage_sload_k400,10,,1322,0,0,0.1896,72.8183,0.0032,0.1499,73.9027,0,4,0,0,0,0,0,0,0,0,0,0,4,0,0,0,0,0,0,0,0,0
ubt,bintrie,5,4,storage_sload_k400,11,,1323,0,0,0.2476,27.2722,0.0061,0.7889,28.9139,0,4,0,0,0,0,0,0,0,0,0,0,4,0,0,0,0,0,0,0,0,0
ubt,bintrie,5,4,storage_sload_k400,11,,1324,0,0,1.1264,78.5231,0.0029,0.1808,80.1649,0,4,0,0,0,0,0,0,0,0,0,0,4,0,0,0,0,0,0,0,0,0
ubt,bintrie,5,4,storage_sload_k400,11,,1325,0,0,0.0709,27.7126,0.0026,0.1108,32.457,0,4,0,0,0,0,0,0,0,0,0,0,4,0,0,0,0,0,0,0,0,0
ubt,bintrie,5,4,storage_sload_k400,11,,1326,0,0,0.2295,65.901,0.0032,0.4247,66.8711,0,4,0,0,0,0,0,0,0,0,0,0,4,0,0,0,0,0,0,0,0,0
ubt,bintrie,5,4,storage_sload_k400,11,,1327,0,0,0.3045,5.3808,0.0023,0.2473,6.2538,0,4,0,0,0,0,0,0,0,0,0,0,4,0,0,0,0,0,0,0,0,0
ubt,bintrie,5,4,storage_sload_k400,11,,1328,86852,2,0.2021,7.7666,48.6047,3.7478,60.9857,1.4241,11,0,0,0,3,0,0,0,1,157,7,4,63.64,0,0,0,0,0,0,0,0
ubt,bintrie,5,4,storage_sload_k400,11,,1329,15900291,1,396.9617,69.6316,60.6056,0.8511,530.7551,29.9579,407,702,401,11357,2,0,0,0,0,0,164,243,40.29,312,390,44.44,401,0,100,11357,0
ubt,bintrie,5,4,storage_sload_k400,11,,1330,21000,1,0.4465,34.2953,11.7597,0.7306,54.773,0.3834,6,0,0,0,2,0,0,0,0,0,0,6,0,0,0,0,0,0,0,0,0
ubt,bintrie,5,4,storage_sload_k400,11,,1331,0,0,0.1003,70.9117,0.0038,0.1683,71.5746,0,4,0,0,0,0,0,0,0,0,0,0,4,0,0,0,0,0,0,0,0,0
ubt,bintrie,5,4,storage_sload_k400,12,,1332,0,0,0.0802,39.5834,0.0032,0.1931,40.1329,0,4,0,0,0,0,0,0,0,0,0,0,4,0,0,0,0,0,0,0,0,0
ubt,bintrie,5,4,storage_sload_k400,12,,1333,0,0,0.0516,15.2672,0.0026,0.1706,15.6924,0,4,0,0,0,0,0,0,0,0,0,0,4,0,0,0,0,0,0,0,0,0
ubt,bintrie,5,4,storage_sload_k400,12,,1334,0,0,0.1126,32.6128,0.0023,0.222,33.2827,0,4,0,0,0,0,0,0,0,0,0,0,4,0,0,0,0,0,0,0,0,0
ubt,bintrie,5,4,storage_sload_k400,12,,1335,0,0,0.2622,62.6041,0.0026,0.1263,63.5759,0,4,0,0,0,0,0,0,0,0,0,0,4,0,0,0,0,0,0,0,0,0
ubt,bintrie,5,4,storage_sload_k400,12,,1336,0,0,0.2152,49.9493,0.0128,1.1284,53.4381,0,4,0,0,0,0,0,0,0,0,0,0,4,0,0,0,0,0,0,0,0,0
ubt,bintrie,5,4,storage_sload_k400,12,,1337,86852,2,0.1365,13.1874,37.4861,3.1062,54.1603,1.6036,11,0,0,0,3,0,0,0,1,157,6,5,54.55,0,0,0,0,0,0,0,0
ubt,bintrie,5,4,storage_sload_k400,12,,1338,15900291,1,401.8805,56.6732,58.1289,1.365,521.9502,30.4632,407,702,401,11357,2,0,0,0,0,0,5,402,1.23,2,700,0.28,401,0,100,11357,0
ubt,bintrie,5,4,storage_sload_k400,12,,1339,21000,1,0.5209,57.5111,15.8237,0.9386,76.5585,0.2743,6,0,0,0,2,0,0,0,0,0,0,6,0,0,0,0,0,0,0,0,0
ubt,bintrie,5,4,storage_sload_k400,12,,1340,0,0,0.068,6.0245,0.0105,1.2868,8.3802,0,4,0,0,0,0,0,0,0,0,0,0,4,0,0,0,0,0,0,0,0,0
ubt,bintrie,5,4,storage_sload_k400,13,,1341,0,0,0.1406,53.1806,0.0055,0.2395,54.0474,0,4,0,0,0,0,0,0,0,0,0,0,4,0,0,0,0,0,0,0,0,0
ubt,bintrie,5,4,storage_sload_k400,13,,1342,0,0,0.2272,37.3837,0.0085,2.2741,41.2053,0,4,0,0,0,0,0,0,0,0,0,0,4,0,0,0,0,0,0,0,0,0
ubt,bintrie,5,4,storage_sload_k400,13,,1343,0,0,0.0618,40.1166,0.0029,0.2517,42.1707,0,4,0,0,0,0,0,0,0,0,0,0,4,0,0,0,0,0,0,0,0,0
ubt,bintrie,5,4,storage_sload_k400,13,,1344,0,0,0.0467,11.5783,0.0026,0.1966,12.0727,0,4,0,0,0,0,0,0,0,0,0,0,4,0,0,0,0,0,0,0,0,0
ubt,bintrie,5,4,storage_sload_k400,13,,1345,0,0,0.0458,6.1123,0.0029,0.2109,6.5787,0,4,0,0,0,0,0,0,0,0,0,0,4,0,0,0,0,0,0,0,0,0
ubt,bintrie,5,4,storage_sload_k400,13,,1346,86852,2,0.1482,2.5436,3.8461,3.8899,11.0921,7.8301,11,0,0,0,3,0,0,0,1,157,5,6,45.45,0,0,0,0,0,0,0,0
ubt,bintrie,5,4,storage_sload_k400,13,,1347,15900291,1,392.1555,66.8559,73.0236,0.8654,534.5607,29.7446,407,702,401,11357,2,0,0,0,0,0,164,243,40.29,231,471,32.91,401,0,100,11357,0
ubt,bintrie,5,4,storage_sload_k400,13,,1348,21000,1,0.7808,49.3703,14.4596,0.9412,66.0182,0.3181,6,0,0,0,2,0,0,0,0,0,0,6,0,0,0,0,0,0,0,0,0
ubt,bintrie,5,4,storage_sload_k400,13,,1349,0,0,0.0831,8.2927,0.012,0.8222,9.8135,0,4,0,0,0,0,0,0,0,0,0,0,4,0,0,0,0,0,0,0,0,0
ubt,bintrie,5,4,storage_sload_k400,14,,1350,0,0,0.0843,20.2382,0.0038,1.3889,22.034,0,4,0,0,0,0,0,0,0,0,0,0,4,0,0,0,0,0,0,0,0,0
ubt,bintrie,5,4,storage_sload_k400,14,,1351,0,0,0.1085,3.0502,0.0192,0.8919,6.1738,0,4,0,0,0,0,0,0,0,0,0,0,4,0,0,0,0,0,0,0,0,0
ubt,bintrie,5,4,storage_sload_k400,14,,1352,0,0,0.1307,26.7589,0.0064,0.3634,27.6706,0,4,0,0,0,0,0,0,0,0,0,0,4,0,0,0,0,0,0,0,0,0
ubt,bintrie,5,4,storage_sload_k400,14,,1353,0,0,0.4247,1.7403,0.002,0.1374,2.6028,0,4,0,0,0,0,0,0,0,0,0,0,4,0,0,0,0,0,0,0,0,0
ubt,bintrie,5,4,storage_sload_k400,14,,1354,0,0,0.0478,41.0735,0.0023,0.1677,41.506,0,4,0,0,0,0,0,0,0,0,0,0,4,0,0,0,0,0,0,0,0,0
ubt,bintrie,5,4,storage_sload_k400,14,,1355,86852,2,0.1747,80.4326,1.7039,1.9153,84.4313,1.0287,11,0,0,0,3,0,0,0,1,157,4,7,36.36,0,0,0,0,0,0,0,0
ubt,bintrie,5,4,storage_sload_k400,14,,1356,15900291,1,371.916,24.3471,68.0015,0.8636,466.3571,34.0947,407,702,401,11357,2,0,0,0,0,0,55,352,13.51,111,591,15.81,401,0,100,11357,0
ubt,bintrie,5,4,storage_sload_k400,14,,1357,21000,1,0.3261,2.3525,7.5866,0.7064,40.4666,0.5189,6,0,0,0,2,0,0,0,0,0,0,6,0,0,0,0,0,0,0,0,0
ubt,bintrie,5,4,storage_sload_k400,14,,1358,0,0,0.3138,73.1298,0.0032,0.2176,74.3547,0,4,0,0,0,0,0,0,0,0,0,0,4,0,0,0,0,0,0,0,0,0
ubt,bintrie,5,4,storage_sload_k400,15,,1359,0,0,0.0615,15.8689,0.0026,0.4004,16.5846,0,4,0,0,0,0,0,0,0,0,0,0,4,0,0,0,0,0,0,0,0,0
ubt,bintrie,5,4,storage_sload_k400,15,,1360,0,0,0.119,4.0885,0.0125,20.4599,27.3795,0,4,0,0,0,0,0,0,0,0,0,0,4,0,0,0,0,0,0,0,0,0
ubt,bintrie,5,4,storage_sload_k400,15,,1361,0,0,0.054,53.1826,0.0023,0.2914,53.8202,0,4,0,0,0,0,0,0,0,0,0,0,4,0,0,0,0,0,0,0,0,0
ubt,bintrie,5,4,storage_sload_k400,15,,1362,0,0,0.2488,60.8938,0.0026,0.131,61.7991,0,4,0,0,0,0,0,0,0,0,0,0,4,0,0,0,0,0,0,0,0,0
ubt,bintrie,5,4,storage_sload_k400,15,,1363,0,0,0.117,4.8588,0.0076,0.3815,9.8613,0,4,0,0,0,0,0,0,0,0,0,0,4,0,0,0,0,0,0,0,0,0
ubt,bintrie,5,4,storage_sload_k400,15,,1364,86852,2,0.1607,12.9861,28.9297,4.2608,46.5681,1.8651,11,0,0,0,3,0,0,0,1,157,5,6,45.45,0,0,0,0,0,0,0,0
ubt,bintrie,5,4,storage_sload_k400,15,,1365,15900291,1,386.3721,82.6422,70.0618,1.6963,541.6874,29.3533,407,702,401,11357,2,0,0,0,0,0,36,371,8.85,67,635,9.54,401,0,100,11357,0
ubt,bintrie,5,4,storage_sload_k400,15,,1366,21000,1,0.341,44.7916,1.3408,0.8426,48.2749,0.435,6,0,0,0,2,0,0,0,0,0,0,6,0,0,0,0,0,0,0,0,0
ubt,bintrie,5,4,storage_sload_k400,15,,1367,0,0,0.2657,60.8308,0.0035,0.1391,61.9511,0,4,0,0,0,0,0,0,0,0,0,0,4,0,0,0,0,0,0,0,0,0
ubt,bintrie,5,4,storage_sload_k400,16,,1368,0,0,0.2132,17.4217,0.0044,0.3439,18.6537,0,4,0,0,0,0,0,0,0,0,0,0,4,0,0,0,0,0,0,0,0,0
ubt,bintrie,5,4,storage_sload_k400,16,,1369,0,0,0.1977,18.5309,0.0035,0.1762,19.2548,0,4,0,0,0,0,0,0,0,0,0,0,4,0,0,0,0,0,0,0,0,0
ubt,bintrie,5,4,storage_sload_k400,16,,1370,0,0,0.1992,50.7152,0.0044,0.2424,54.6908,0,4,0,0,0,0,0,0,0,0,0,0,4,0,0,0,0,0,0,0,0,0
ubt,bintrie,5,4,storage_sload_k400,16,,1371,0,0,0.1085,54.1731,0.0032,0.1983,69.9685,0,4,0,0,0,0,0,0,0,0,0,0,4,0,0,0,0,0,0,0,0,0
ubt,bintrie,5,4,storage_sload_k400,16,,1372,0,0,0.1315,16.8398,0.0023,0.1814,17.5013,0,4,0,0,0,0,0,0,0,0,0,0,4,0,0,0,0,0,0,0,0,0
ubt,bintrie,5,4,storage_sload_k400,16,,1373,86852,2,0.233,12.3246,45.9728,1.7867,60.5018,1.4355,11,0,0,0,3,0,0,0,1,157,4,7,36.36,0,0,0,0,0,0,0,0
ubt,bintrie,5,4,storage_sload_k400,16,,1374,15900291,1,415.592,32.0338,66.9017,0.833,516.7785,30.7681,407,702,401,11357,2,0,0,0,0,0,226,181,55.53,441,261,62.82,401,0,100,11357,0
ubt,bintrie,5,4,storage_sload_k400,16,,1375,21000,1,0.1928,10.1159,44.4229,0.7184,55.9181,0.3755,6,0,0,0,2,0,0,0,0,0,2,4,33.33,0,0,0,0,0,0,0,0
ubt,bintrie,5,4,storage_sload_k400,16,,1376,0,0,0.0321,2.0034,0.0023,0.147,2.3283,0,4,0,0,0,0,0,0,0,0,0,0,4,0,0,0,0,0,0,0,0,0
ubt,bintrie,5,4,storage_sload_k400,17,,1377,0,0,0.0662,11.9872,0.0035,0.1837,12.5119,0,4,0,0,0,0,0,0,0,0,0,0,4,0,0,0,0,0,0,0,0,0
ubt,bintrie,5,4,storage_sload_k400,17,,1378,0,0,0.1044,72.4645,0.0029,0.7347,73.632,0,4,0,0,0,0,0,0,0,0,0,0,4,0,0,0,0,0,0,0,0,0
ubt,bintrie,5,4,storage_sload_k400,17,,1379,0,0,0.04,2.2752,0.002,0.1199,2.5899,0,4,0,0,0,0,0,0,0,0,0,0,4,0,0,0,0,0,0,0,0,0
ubt,bintrie,5,4,storage_sload_k400,17,,1380,0,0,0.0945,52.3998,0.0032,0.182,52.993,0,4,0,0,0,0,0,0,0,0,0,0,4,0,0,0,0,0,0,0,0,0
ubt,bintrie,5,4,storage_sload_k400,17,,1381,0,0,0.054,18.0756,0.0085,0.4739,37.5765,0,4,0,0,0,0,0,0,0,0,0,0,4,0,0,0,0,0,0,0,0,0
ubt,bintrie,5,4,storage_sload_k400,17,,1382,86852,2,0.1342,2.0702,1.6525,4.3723,8.5412,10.1685,11,0,0,0,3,0,0,0,1,157,6,5,54.55,0,0,0,0,0,0,0,0
ubt,bintrie,5,4,storage_sload_k400,17,,1383,15900291,1,424.6419,61.256,50.6318,0.9374,539.1068,29.4938,407,702,401,11357,2,0,0,0,0,0,252,155,61.92,488,214,69.52,401,0,100,11357,0
ubt,bintrie,5,4,storage_sload_k400,17,,1384,21000,1,0.8834,13.0048,22.8247,0.8636,51.6762,0.4064,6,0,0,0,2,0,0,0,0,0,0,6,0,0,0,0,0,0,0,0,0
ubt,bintrie,5,4,storage_sload_k400,17,,1385,0,0,0.065,46.5054,0.0035,0.1776,47.0172,0,4,0,0,0,0,0,0,0,0,0,0,4,0,0,0,0,0,0,0,0,0
ubt,bintrie,5,4,storage_sload_k400,18,,1386,0,0,0.1645,38.9377,0.007,0.4019,40.2618,0,4,0,0,0,0,0,0,0,0,0,0,4,0,0,0,0,0,0,0,0,0
ubt,bintrie,5,4,storage_sload_k400,18,,1387,0,0,0.0793,1.8672,0.0099,0.4669,18.3497,0,4,0,0,0,0,0,0,0,0,0,0,4,0,0,0,0,0,0,0,0,0
ubt,bintrie,5,4,storage_sload_k400,18,,1388,0,0,0.0822,14.0901,0.0058,3.0601,17.6043,0,4,0,0,0,0,0,0,0,0,0,0,4,0,0,0,0,0,0,0,0,0
ubt,bintrie,5,4,storage_sload_k400,18,,1389,0,0,0.0327,10.5756,0.0029,0.1412,10.9501,0,4,0,0,0,0,0,0,0,0,0,0,4,0,0,0,0,0,0,0,0,0
ubt,bintrie,5,4,storage_sload_k400,18,,1390,0,0,0.0592,14.8122,0.0035,0.1225,56.6951,0,4,0,0,0,0,0,0,0,0,0,0,4,0,0,0,0,0,0,0,0,0
ubt,bintrie,5,4,storage_sload_k400,18,,1391,86852,2,0.1942,12.8797,49.272,1.7686,64.3733,1.3492,11,0,0,0,3,0,0,0,1,157,7,4,63.64,0,0,0,0,0,0,0,0
ubt,bintrie,5,4,storage_sload_k400,18,,1392,15900291,1,408.0383,77.3043,57.0176,0.9041,544.5938,29.1966,407,702,401,11357,2,0,0,0,0,0,23,384,5.65,48,654,6.84,401,0,100,11357,0
ubt,bintrie,5,4,storage_sload_k400,18,,1393,21000,1,0.1164,29.6641,26.1785,0.7501,57.0354,0.3682,6,0,0,0,2,0,0,0,0,0,2,4,33.33,0,0,0,0,0,0,0,0
ubt,bintrie,5,4,storage_sload_k400,18,,1394,0,0,0.2508,10.1725,0.019,13.1454,25.0302,0,4,0,0,0,0,0,0,0,0,0,0,4,0,0,0,0,0,0,0,0,0
ubt,bintrie,5,4,storage_sload_k400,19,,1395,0,0,0.0671,4.5846,0.0029,0.1776,5.0104,0,4,0,0,0,0,0,0,0,0,0,0,4,0,0,0,0,0,0,0,0,0
ubt,bintrie,5,4,storage_sload_k400,19,,1396,0,0,0.1175,26.3768,0.005,0.3634,27.3859,0,4,0,0,0,0,0,0,0,0,0,0,4,0,0,0,0,0,0,0,0,0
ubt,bintrie,5,4,storage_sload_k400,19,,1397,0,0,0.0537,2.8265,0.0061,6.9278,10.239,0,4,0,0,0,0,0,0,0,0,0,0,4,0,0,0,0,0,0,0,0,0
ubt,bintrie,5,4,storage_sload_k400,19,,1398,0,0,0.0262,1.7511,0.0015,0.0989,1.9967,0,4,0,0,0,0,0,0,0,0,0,0,4,0,0,0,0,0,0,0,0,0
ubt,bintrie,5,4,storage_sload_k400,19,,1399,0,0,0.1219,11.8767,0.0026,0.1464,12.5737,0,4,0,0,0,0,0,0,0,0,0,0,4,0,0,0,0,0,0,0,0,0
ubt,bintrie,5,4,storage_sload_k400,19,,1400,86852,2,0.1245,4.3798,33.8541,3.8143,48.2317,1.8007,11,0,0,0,3,0,0,0,1,157,5,6,45.45,0,0,0,0,0,0,0,0
ubt,bintrie,5,4,storage_sload_k400,19,,1401,15900291,1,390.4148,41.5847,73.2581,0.7919,508.4674,31.271,407,702,401,11357,2,0,0,0,0,0,175,232,43.0,353,349,50.28,401,0,100,11357,0
ubt,bintrie,5,4,storage_sload_k400,19,,1402,21000,1,0.3194,50.9987,13.9183,0.6953,66.1754,0.3173,6,0,0,0,2,0,0,0,0,0,0,6,0,0,0,0,0,0,0,0,0
ubt,bintrie,5,4,storage_sload_k400,19,,1403,0,0,0.1132,15.1462,0.0044,0.2167,84.2041,0,4,0,0,0,0,0,0,0,0,0,0,4,0,0,0,0,0,0,0,0,0
ubt,bintrie,5,4,storage_sload_k400,1,,1232,0,0,0.0796,3.4147,0.0041,0.1983,5.1463,0,4,0,0,0,0,0,0,0,0,0,0,4,0,0,0,0,0,0,0,0,0
ubt,bintrie,5,4,storage_sload_k400,1,,1233,0,0,0.0936,24.7283,0.0023,0.1461,25.3184,0,4,0,0,0,0,0,0,0,0,0,0,4,0,0,0,0,0,0,0,0,0
ubt,bintrie,5,4,storage_sload_k400,1,,1234,0,0,0.1802,10.0838,0.0035,0.1937,16.6126,0,4,0,0,0,0,0,0,0,0,0,0,4,0,0,0,0,0,0,0,0,0
ubt,bintrie,5,4,storage_sload_k400,1,,1235,0,0,0.1336,71.0844,0.0035,0.2342,71.8252,0,4,0,0,0,0,0,0,0,0,0,0,4,0,0,0,0,0,0,0,0,0
ubt,bintrie,5,4,storage_sload_k400,1,,1236,0,0,0.0522,6.7391,0.009,4.4341,12.5166,0,4,0,0,0,0,0,0,0,0,0,0,4,0,0,0,0,0,0,0,0,0
ubt,bintrie,5,4,storage_sload_k400,1,,1237,86852,2,0.1575,3.6726,30.3865,1.955,36.7456,2.3636,11,0,0,0,3,0,0,0,1,157,7,4,63.64,0,0,0,0,0,0,0,0
ubt,bintrie,5,4,storage_sload_k400,1,,1238,15900291,1,376.4738,59.2121,76.8306,0.884,515.4302,30.8486,407,702,401,11357,2,0,0,0,0,0,56,351,13.76,52,650,7.41,401,0,100,11357,0
ubt,bintrie,5,4,storage_sload_k400,1,,1239,21000,1,0.3194,5.6042,3.6577,0.6936,35.6574,0.5889,6,0,0,0,2,0,0,0,0,0,0,6,0,0,0,0,0,0,0,0,0
ubt,bintrie,5,4,storage_sload_k400,1,,1240,0,0,0.1517,45.4096,0.0058,0.2963,46.6016,0,4,0,0,0,0,0,0,0,0,0,0,4,0,0,0,0,0,0,0,0,0
ubt,bintrie,5,4,storage_sload_k400,20,,1404,0,0,0.1135,33.5886,0.0044,0.2911,34.9755,0,4,0,0,0,0,0,0,0,0,0,0,4,0,0,0,0,0,0,0,0,0
ubt,bintrie,5,4,storage_sload_k400,20,,1405,0,0,0.1129,3.7948,0.0123,7.059,16.4041,0,4,0,0,0,0,0,0,0,0,0,0,4,0,0,0,0,0,0,0,0,0
ubt,bintrie,5,4,storage_sload_k400,20,,1406,0,0,0.1312,21.8645,0.0035,0.264,22.722,0,4,0,0,0,0,0,0,0,0,0,0,4,0,0,0,0,0,0,0,0,0
ubt,bintrie,5,4,storage_sload_k400,20,,1407,0,0,0.0362,11.8784,0.002,0.1557,12.2596,0,4,0,0,0,0,0,0,0,0,0,0,4,0,0,0,0,0,0,0,0,0
ubt,bintrie,5,4,storage_sload_k400,20,,1408,0,0,0.1015,59.215,0.0044,0.3275,60.5257,0,4,0,0,0,0,0,0,0,0,0,0,4,0,0,0,0,0,0,0,0,0
ubt,bintrie,5,4,storage_sload_k400,20,,1409,86852,2,0.2115,18.007,32.9091,2.2274,53.581,1.6209,11,0,0,0,3,0,0,0,1,157,5,6,45.45,0,0,0,0,0,0,0,0
ubt,bintrie,5,4,storage_sload_k400,20,,1410,15900291,1,426.0847,22.8859,6.6128,2.6182,480.8082,33.0699,407,702,401,11357,2,0,0,0,0,0,290,117,71.25,485,217,69.09,401,0,100,11357,0
ubt,bintrie,5,4,storage_sload_k400,20,,1411,21000,1,0.0922,9.8476,46.2522,0.6813,57.0806,0.3679,6,0,0,0,2,0,0,0,0,0,2,4,33.33,0,0,0,0,0,0,0,0
ubt,bintrie,5,4,storage_sload_k400,20,,1412,0,0,0.0429,6.3077,0.0018,0.1557,6.716,0,4,0,0,0,0,0,0,0,0,0,0,4,0,0,0,0,0,0,0,0,0
ubt,bintrie,5,4,storage_sload_k400,2,,1241,0,0,0.1006,0.9135,0.0029,0.2666,1.6785,0,4,0,0,0,0,0,0,0,0,0,0,4,0,0,0,0,0,0,0,0,0
ubt,bintrie,5,4,storage_sload_k400,2,,1242,0,0,0.0566,1.8453,0.005,1.0742,4.2731,0,4,0,0,0,0,0,0,0,0,0,0,4,0,0,0,0,0,0,0,0,0
ubt,bintrie,5,4,storage_sload_k400,2,,1243,0,0,0.0962,12.763,0.0038,0.1686,13.9308,0,4,0,0,0,0,0,0,0,0,0,0,4,0,0,0,0,0,0,0,0,0
ubt,bintrie,5,4,storage_sload_k400,2,,1244,0,0,0.0857,53.9675,0.0029,0.203,54.5986,0,4,0,0,0,0,0,0,0,0,0,0,4,0,0,0,0,0,0,0,0,0
ubt,bintrie,5,4,storage_sload_k400,2,,1245,0,0,0.0808,3.3827,0.0131,1.0514,6.9138,0,4,0,0,0,0,0,0,0,0,0,0,4,0,0,0,0,0,0,0,0,0
ubt,bintrie,5,4,storage_sload_k400,2,,1246,86852,2,0.1732,2.5275,19.8282,1.8827,24.6537,3.5229,11,0,0,0,3,0,0,0,1,157,4,7,36.36,0,0,0,0,0,0,0,0
ubt,bintrie,5,4,storage_sload_k400,2,,1247,15900291,1,400.0681,72.5984,66.6876,0.8134,546.111,29.1155,407,702,401,11357,2,0,0,0,0,0,64,343,15.72,70,632,9.97,401,0,100,11357,0
ubt,bintrie,5,4,storage_sload_k400,2,,1248,21000,1,0.3619,55.8029,1.2331,0.7219,58.9642,0.3561,6,0,0,0,2,0,0,0,0,0,0,6,0,0,0,0,0,0,0,0,0
ubt,bintrie,5,4,storage_sload_k400,2,,1249,0,0,0.3059,62.5834,0.0032,0.1677,63.7007,0,4,0,0,0,0,0,0,0,0,0,0,4,0,0,0,0,0,0,0,0,0
ubt,bintrie,5,4,storage_sload_k400,3,,1250,0,0,0.058,13.1363,0.0032,0.1665,13.5607,0,4,0,0,0,0,0,0,0,0,0,0,4,0,0,0,0,0,0,0,0,0
ubt,bintrie,5,4,storage_sload_k400,3,,1251,0,0,0.1651,12.0353,0.0041,0.1362,12.7266,0,4,0,0,0,0,0,0,0,0,0,0,4,0,0,0,0,0,0,0,0,0
ubt,bintrie,5,4,storage_sload_k400,3,,1252,0,0,0.1091,5.8612,0.005,0.3459,6.595,0,4,0,0,0,0,0,0,0,0,0,0,4,0,0,0,0,0,0,0,0,0
ubt,bintrie,5,4,storage_sload_k400,3,,1253,0,0,0.1353,48.1818,0.0055,0.898,50.2231,0,4,0,0,0,0,0,0,0,0,0,0,4,0,0,0,0,0,0,0,0,0
ubt,bintrie,5,4,storage_sload_k400,3,,1254,0,0,0.1076,13.7439,0.0064,0.5078,16.2081,0,4,0,0,0,0,0,0,0,0,0,0,4,0,0,0,0,0,0,0,0,0
ubt,bintrie,5,4,storage_sload_k400,3,,1255,86852,2,0.2823,17.6448,45.6975,1.5251,65.5714,1.3245,11,0,0,0,3,0,0,0,1,157,7,4,63.64,0,0,0,0,0,0,0,0
ubt,bintrie,5,4,storage_sload_k400,3,,1256,15900291,1,379.7818,53.4241,81.1536,0.8566,518.7863,30.649,407,702,401,11357,2,0,0,0,0,0,325,82,79.85,598,104,85.19,401,0,100,11357,0
ubt,bintrie,5,4,storage_sload_k400,3,,1257,21000,1,0.1855,50.1704,7.2057,0.6842,58.6982,0.3578,6,0,0,0,2,0,0,0,0,0,2,4,33.33,0,0,0,0,0,0,0,0
ubt,bintrie,5,4,storage_sload_k400,3,,1258,0,0,0.0394,5.3064,0.002,0.1321,5.627,0,4,0,0,0,0,0,0,0,0,0,0,4,0,0,0,0,0,0,0,0,0
ubt,bintrie,5,4,storage_sload_k400,4,,1259,0,0,0.0531,2.7757,0.0029,0.1817,4.1766,0,4,0,0,0,0,0,0,0,0,0,0,4,0,0,0,0,0,0,0,0,0
ubt,bintrie,5,4,storage_sload_k400,4,,1260,0,0,0.1362,18.8354,0.0026,0.1412,19.496,0,4,0,0,0,0,0,0,0,0,0,0,4,0,0,0,0,0,0,0,0,0
ubt,bintrie,5,4,storage_sload_k400,4,,1261,0,0,0.0887,17.2458,0.0064,0.3867,18.0027,0,4,0,0,0,0,0,0,0,0,0,0,4,0,0,0,0,0,0,0,0,0
ubt,bintrie,5,4,storage_sload_k400,4,,1262,0,0,0.0516,4.6152,0.0041,0.2036,5.1364,0,4,0,0,0,0,0,0,0,0,0,0,4,0,0,0,0,0,0,0,0,0
ubt,bintrie,5,4,storage_sload_k400,4,,1263,0,0,0.0385,5.7585,0.0032,0.198,6.1569,0,4,0,0,0,0,0,0,0,0,0,0,4,0,0,0,0,0,0,0,0,0
ubt,bintrie,5,4,storage_sload_k400,4,,1264,86852,2,0.1549,5.6521,37.5689,1.6097,52.9951,1.6389,11,0,0,0,3,0,0,0,1,157,4,7,36.36,0,0,0,0,0,0,0,0
ubt,bintrie,5,4,storage_sload_k400,4,,1265,15900291,1,394.8661,71.85,68.9068,0.9666,541.5209,29.3623,407,702,401,11357,2,0,0,0,0,0,170,237,41.77,322,380,45.87,401,0,100,11357,0
ubt,bintrie,5,4,storage_sload_k400,4,,1266,21000,1,0.1738,48.5575,12.0318,0.9389,63.5686,0.3304,6,0,0,0,2,0,0,0,0,0,0,6,0,0,0,0,0,0,0,0,0
ubt,bintrie,5,4,storage_sload_k400,4,,1267,0,0,0.0496,5.7019,0.0227,1.9941,11.0979,0,4,0,0,0,0,0,0,0,0,0,0,4,0,0,0,0,0,0,0,0,0
ubt,bintrie,5,4,storage_sload_k400,5,,1268,0,0,0.0548,3.3955,0.002,0.1482,4.0266,0,4,0,0,0,0,0,0,0,0,0,0,4,0,0,0,0,0,0,0,0,0
ubt,bintrie,5,4,storage_sload_k400,5,,1269,0,0,0.1024,10.4642,0.0032,0.1347,11.06,0,4,0,0,0,0,0,0,0,0,0,0,4,0,0,0,0,0,0,0,0,0
ubt,bintrie,5,4,storage_sload_k400,5,,1270,0,0,0.0843,48.4426,0.0067,0.6737,49.5363,0,4,0,0,0,0,0,0,0,0,0,0,4,0,0,0,0,0,0,0,0,0
ubt,bintrie,5,4,storage_sload_k400,5,,1271,0,0,0.0907,15.4512,0.0055,0.4777,16.8451,0,4,0,0,0,0,0,0,0,0,0,0,4,0,0,0,0,0,0,0,0,0
ubt,bintrie,5,4,storage_sload_k400,5,,1272,0,0,0.0793,15.6411,0.0038,0.187,16.197,0,4,0,0,0,0,0,0,0,0,0,0,4,0,0,0,0,0,0,0,0,0
ubt,bintrie,5,4,storage_sload_k400,5,,1273,86852,2,0.1942,13.447,46.7416,1.7815,62.3725,1.3925,11,0,0,0,3,0,0,0,1,157,5,6,45.45,0,0,0,0,0,0,0,0
ubt,bintrie,5,4,storage_sload_k400,5,,1274,15900291,1,388.9031,39.8626,79.9797,0.8344,511.447,31.0888,407,702,401,11357,2,0,0,0,0,0,144,263,35.38,285,417,40.6,401,0,100,11357,0
ubt,bintrie,5,4,storage_sload_k400,5,,1275,21000,1,0.3815,50.7866,6.5965,0.9671,58.9729,0.3561,6,0,0,0,2,0,0,0,0,0,0,6,0,0,0,0,0,0,0,0,0
ubt,bintrie,5,4,storage_sload_k400,5,,1276,0,0,0.0566,5.7611,0.0076,4.2559,11.4535,0,4,0,0,0,0,0,0,0,0,0,0,4,0,0,0,0,0,0,0,0,0
ubt,bintrie,5,4,storage_sload_k400,6,,1277,0,0,0.1161,25.6226,0.0044,0.2091,68.9812,0,4,0,0,0,0,0,0,0,0,0,0,4,0,0,0,0,0,0,0,0,0
ubt,bintrie,5,4,storage_sload_k400,6,,1278,0,0,0.0717,36.1838,0.0029,0.126,36.642,0,4,0,0,0,0,0,0,0,0,0,0,4,0,0,0,0,0,0,0,0,0
ubt,bintrie,5,4,storage_sload_k400,6,,1279,0,0,0.0863,34.1224,0.0088,2.8402,39.6992,0,4,0,0,0,0,0,0,0,0,0,0,4,0,0,0,0,0,0,0,0,0
ubt,bintrie,5,4,storage_sload_k400,6,,1280,0,0,0.1237,50.551,0.0061,0.4188,51.6094,0,4,0,0,0,0,0,0,0,0,0,0,4,0,0,0,0,0,0,0,0,0
ubt,bintrie,5,4,storage_sload_k400,6,,1281,0,0,0.0525,1.7129,0.0157,0.6128,6.84,0,4,0,0,0,0,0,0,0,0,0,0,4,0,0,0,0,0,0,0,0,0
ubt,bintrie,5,4,storage_sload_k400,6,,1282,86852,2,0.1613,70.3806,1.7412,1.8876,74.3323,1.1684,11,0,0,0,3,0,0,0,1,157,4,7,36.36,0,0,0,0,0,0,0,0
ubt,bintrie,5,4,storage_sload_k400,6,,1283,15900291,1,405.3825,20.1808,71.8701,0.7102,506.4249,31.3971,407,702,401,11357,2,0,0,0,0,0,149,258,36.61,303,399,43.16,401,0,100,11357,0
ubt,bintrie,5,4,storage_sload_k400,6,,1284,21000,1,0.3255,2.7244,7.5718,0.8619,21.9736,0.9557,6,0,0,0,2,0,0,0,0,0,0,6,0,0,0,0,0,0,0,0,0
ubt,bintrie,5,4,storage_sload_k400,6,,1285,0,0,0.2377,15.6224,0.0152,1.087,17.9195,0,4,0,0,0,0,0,0,0,0,0,0,4,0,0,0,0,0,0,0,0,0
ubt,bintrie,5,4,storage_sload_k400,7,,1287,0,0,0.0814,17.3415,0.0044,0.292,17.9691,0,4,0,0,0,0,0,0,0,0,0,0,4,0,0,0,0,0,0,0,0,0
ubt,bintrie,5,4,storage_sload_k400,7,,1288,0,0,0.182,14.1303,0.002,0.1216,15.2853,0,4,0,0,0,0,0,0,0,0,0,0,4,0,0,0,0,0,0,0,0,0
ubt,bintrie,5,4,storage_sload_k400,7,,1289,0,0,0.0478,17.8259,0.0029,1.7202,19.7867,0,4,0,0,0,0,0,0,0,0,0,0,4,0,0,0,0,0,0,0,0,0
ubt,bintrie,5,4,storage_sload_k400,7,,1290,0,0,0.1094,12.2549,0.0029,0.1604,12.9304,0,4,0,0,0,0,0,0,0,0,0,0,4,0,0,0,0,0,0,0,0,0
ubt,bintrie,5,4,storage_sload_k400,7,,1291,0,0,0.0589,3.8187,0.0026,0.121,34.561,0,4,0,0,0,0,0,0,0,0,0,0,4,0,0,0,0,0,0,0,0,0
ubt,bintrie,5,4,storage_sload_k400,7,,1292,86852,2,0.1452,5.1691,34.9174,2.2376,43.0501,2.0175,11,0,0,0,3,0,0,0,1,157,5,6,45.45,0,0,0,0,0,0,0,0
ubt,bintrie,5,4,storage_sload_k400,7,,1293,15900291,1,379.3111,44.2739,25.6112,1.3647,492.1357,32.3088,407,702,401,11357,2,0,0,0,0,0,160,247,39.31,351,351,50,401,0,100,11357,0
ubt,bintrie,5,4,storage_sload_k400,7,,1294,21000,1,0.0592,2.5815,2.2962,1.0205,6.1176,3.4327,6,0,0,0,2,0,0,0,0,0,2,4,33.33,0,0,0,0,0,0,0,0
ubt,bintrie,5,4,storage_sload_k400,7,,1295,0,0,0.1021,10.5082,0.0076,0.4051,11.6847,0,4,0,0,0,0,0,0,0,0,0,0,4,0,0,0,0,0,0,0,0,0
ubt,bintrie,5,4,storage_sload_k400,8,,1296,0,0,0.0808,19.225,0.005,0.2599,19.8098,0,4,0,0,0,0,0,0,0,0,0,0,4,0,0,0,0,0,0,0,0,0
ubt,bintrie,5,4,storage_sload_k400,8,,1297,0,0,0.0962,2.6512,0.0111,10.5097,18.6761,0,4,0,0,0,0,0,0,0,0,0,0,4,0,0,0,0,0,0,0,0,0
ubt,bintrie,5,4,storage_sload_k400,8,,1298,0,0,0.0475,12.882,0.0035,0.1835,13.3035,0,4,0,0,0,0,0,0,0,0,0,0,4,0,0,0,0,0,0,0,0,0
ubt,bintrie,5,4,storage_sload_k400,8,,1299,0,0,0.0271,1.6432,0.0015,0.1219,1.9075,0,4,0,0,0,0,0,0,0,0,0,0,4,0,0,0,0,0,0,0,0,0
ubt,bintrie,5,4,storage_sload_k400,8,,1300,0,0,0.0519,4.2833,0.002,0.2494,26.0405,0,4,0,0,0,0,0,0,0,0,0,0,4,0,0,0,0,0,0,0,0,0
ubt,bintrie,5,4,storage_sload_k400,8,,1301,86852,2,0.1528,17.1318,36.6435,1.9028,56.1949,1.5456,11,0,0,0,3,0,0,0,1,157,5,6,45.45,0,0,0,0,0,0,0,0
ubt,bintrie,5,4,storage_sload_k400,8,,1302,15900291,1,402.5508,32.6568,10.2276,8.2426,454.3101,34.9988,407,702,401,11357,2,0,0,0,0,0,56,351,13.76,121,581,17.24,401,0,100,11357,0
ubt,bintrie,5,4,storage_sload_k400,8,,1303,21000,1,0.0843,17.4392,34.8754,0.9289,53.5545,0.3921,6,0,0,0,2,0,0,0,0,0,2,4,33.33,0,0,0,0,0,0,0,0
ubt,bintrie,5,4,storage_sload_k400,8,,1304,0,0,0.3205,70.466,0.0169,1.3737,73.8557,0,4,0,0,0,0,0,0,0,0,0,0,4,0,0,0,0,0,0,0,0,0
ubt,bintrie,5,4,storage_sload_k400,9,,1305,0,0,0.0951,16.1089,0.0038,0.1843,16.6488,0,4,0,0,0,0,0,0,0,0,0,0,4,0,0,0,0,0,0,0,0,0
ubt,bintrie,5,4,storage_sload_k400,9,,1306,0,0,0.0472,2.3826,0.0029,0.1251,3.252,0,4,0,0,0,0,0,0,0,0,0,0,4,0,0,0,0,0,0,0,0,0
ubt,bintrie,5,4,storage_sload_k400,9,,1307,0,0,0.1234,4.8981,0.0055,0.3421,5.69,0,4,0,0,0,0,0,0,0,0,0,0,4,0,0,0,0,0,0,0,0,0
ubt,bintrie,5,4,storage_sload_k400,9,,1308,0,0,0.2602,75.4423,0.0044,0.2841,76.8394,0,4,0,0,0,0,0,0,0,0,0,0,4,0,0,0,0,0,0,0,0,0
ubt,bintrie,5,4,storage_sload_k400,9,,1309,0,0,1.3673,20.0239,0.0026,0.1884,40.7897,0,4,0,0,0,0,0,0,0,0,0,0,4,0,0,0,0,0,0,0,0,0
ubt,bintrie,5,4,storage_sload_k400,9,,1310,86852,2,0.3013,3.0557,51.3898,1.8468,57.9442,1.4989,11,0,0,0,3,0,0,0,1,157,5,6,45.45,0,0,0,0,0,0,0,0
ubt,bintrie,5,4,storage_sload_k400,9,,1311,15900291,1,403.4354,41.9826,72.1985,0.891,525.7631,30.2423,407,702,401,11357,2,0,0,0,0,0,341,66,83.78,584,118,83.19,401,0,100,11357,0
ubt,bintrie,5,4,storage_sload_k400,9,,1312,21000,1,0.077,8.7393,42.5464,0.7787,54.3697,0.3862,6,0,0,0,2,0,0,0,0,0,2,4,33.33,0,0,0,0,0,0,0,0
ubt,bintrie,5,4,storage_sload_k400,9,,1313,0,0,0.0636,14.6451,0.0035,0.18,15.0902,0,4,0,0,0,0,0,0,0,0,0,0,4,0,0,0,0,0,0,0,0,0
ubt,bintrie,5,4,storage_sload_k700,10,,1496,0,0,0.1849,18.7554,0.0064,0.9289,20.6363,0,4,0,0,0,0,0,0,0,0,0,0,4,0,0,0,0,0,0,0,0,0
ubt,bintrie,5,4,storage_sload_k700,10,,1497,0,0,0.1412,72.7873,0.0061,0.4506,74.749,0,4,0,0,0,0,0,0,0,0,0,0,4,0,0,0,0,0,0,0,0,0
ubt,bintrie,5,4,storage_sload_k700,10,,1498,0,0,0.1447,23.2038,0.0026,0.1172,23.9653,0,4,0,0,0,0,0,0,0,0,0,0,4,0,0,0,0,0,0,0,0,0
ubt,bintrie,5,4,storage_sload_k700,10,,1499,0,0,0.093,68.4635,0.002,0.133,69.064,0,4,0,0,0,0,0,0,0,0,0,0,4,0,0,0,0,0,0,0,0,0
ubt,bintrie,5,4,storage_sload_k700,10,,1500,0,0,0.1312,2.9936,0.0058,0.3305,15.8841,0,4,0,0,0,0,0,0,0,0,0,0,4,0,0,0,0,0,0,0,0,0
ubt,bintrie,5,4,storage_sload_k700,10,,1501,86864,2,0.2185,2.9638,52.4937,2.5194,58.4476,1.4862,11,0,0,0,3,0,0,0,1,157,5,6,45.45,0,0,0,0,0,0,0,0
ubt,bintrie,5,4,storage_sload_k700,10,,1502,15900304,1,347.7132,69.7263,67.6422,0.7913,487.2117,32.6353,707,703,701,19757,2,0,0,0,0,0,201,506,28.43,200,503,28.45,701,0,100,19757,0
ubt,bintrie,5,4,storage_sload_k700,10,,1503,21000,1,0.1172,9.6309,40.9314,0.7259,51.7234,0.406,6,0,0,0,2,0,0,0,0,0,2,4,33.33,0,0,0,0,0,0,0,0
ubt,bintrie,5,4,storage_sload_k700,10,,1504,0,0,0.0327,2.0988,0.0018,0.1272,2.4354,0,4,0,0,0,0,0,0,0,0,0,0,4,0,0,0,0,0,0,0,0,0
ubt,bintrie,5,4,storage_sload_k700,11,,1505,0,0,0.1213,47.4801,0.0041,0.3383,48.2789,0,4,0,0,0,0,0,0,0,0,0,0,4,0,0,0,0,0,0,0,0,0
ubt,bintrie,5,4,storage_sload_k700,11,,1506,0,0,0.0735,19.899,0.0082,0.4034,20.8239,0,4,0,0,0,0,0,0,0,0,0,0,4,0,0,0,0,0,0,0,0,0
ubt,bintrie,5,4,storage_sload_k700,11,,1507,0,0,0.0577,21.9721,0.0053,3.2249,25.5009,0,4,0,0,0,0,0,0,0,0,0,0,4,0,0,0,0,0,0,0,0,0
ubt,bintrie,5,4,storage_sload_k700,11,,1508,0,0,0.0989,44.7679,0.0038,0.2065,45.4274,0,4,0,0,0,0,0,0,0,0,0,0,4,0,0,0,0,0,0,0,0,0
ubt,bintrie,5,4,storage_sload_k700,11,,1509,0,0,0.0907,3.2502,0.0102,40.7635,66.6152,0,4,0,0,0,0,0,0,0,0,0,0,4,0,0,0,0,0,0,0,0,0
ubt,bintrie,5,4,storage_sload_k700,11,,1510,86864,2,0.1709,2.3505,49.475,1.766,63.253,1.3733,11,0,0,0,3,0,0,0,1,157,5,6,45.45,0,0,0,0,0,0,0,0
ubt,bintrie,5,4,storage_sload_k700,11,,1511,15900304,1,361.8394,69.9693,62.4582,0.8732,496.0933,32.051,707,703,701,19757,2,0,0,0,0,0,124,583,17.54,122,581,17.35,701,0,100,19757,0
ubt,bintrie,5,4,storage_sload_k700,11,,1512,21000,1,0.1012,18.7024,36.6061,0.7863,56.5749,0.3712,6,0,0,0,2,0,0,0,0,0,2,4,33.33,0,0,0,0,0,0,0,0
ubt,bintrie,5,4,storage_sload_k700,11,,1513,0,0,0.079,14.3278,0.0093,0.4979,15.2969,0,4,0,0,0,0,0,0,0,0,0,0,4,0,0,0,0,0,0,0,0,0
ubt,bintrie,5,4,storage_sload_k700,11,,1514,0,0,0.0977,7.1025,0.0047,9.4906,41.4524,0,4,0,0,0,0,0,0,0,0,0,0,4,0,0,0,0,0,0,0,0,0
ubt,bintrie,5,4,storage_sload_k700,12,,1515,0,0,0.1205,38.5369,0.0053,0.3946,39.4382,0,4,0,0,0,0,0,0,0,0,0,0,4,0,0,0,0,0,0,0,0,0
ubt,bintrie,5,4,storage_sload_k700,12,,1516,0,0,0.117,5.0956,0.0216,1.1165,15.0158,0,4,0,0,0,0,0,0,0,0,0,0,4,0,0,0,0,0,0,0,0,0
ubt,bintrie,5,4,storage_sload_k700,12,,1517,0,0,0.0677,40.8154,0.0032,0.1995,41.4287,0,4,0,0,0,0,0,0,0,0,0,0,4,0,0,0,0,0,0,0,0,0
ubt,bintrie,5,4,storage_sload_k700,12,,1518,0,0,0.1295,44.0219,0.0047,0.3946,44.973,0,4,0,0,0,0,0,0,0,0,0,0,4,0,0,0,0,0,0,0,0,0
ubt,bintrie,5,4,storage_sload_k700,12,,1519,0,0,0.0822,23.1,0.0085,0.4074,23.9511,0,4,0,0,0,0,0,0,0,0,0,0,4,0,0,0,0,0,0,0,0,0
ubt,bintrie,5,4,storage_sload_k700,12,,1520,86864,2,0.168,2.7781,15.9783,2.6795,21.9841,3.9512,11,0,0,0,3,0,0,0,1,157,6,5,54.55,0,0,0,0,0,0,0,0
ubt,bintrie,5,4,storage_sload_k700,12,,1521,15900304,1,346.1726,69.0369,66.9285,0.8782,484.2592,32.8343,707,703,701,19757,2,0,0,0,0,0,164,543,23.2,171,532,24.32,701,0,100,19757,0
ubt,bintrie,5,4,storage_sload_k700,12,,1522,21000,1,0.2987,3.2957,7.9579,0.7303,29.8755,0.7029,6,0,0,0,2,0,0,0,0,0,0,6,0,0,0,0,0,0,0,0,0
ubt,bintrie,5,4,storage_sload_k700,12,,1523,0,0,0.3208,57.8133,0.0032,0.1441,59.131,0,4,0,0,0,0,0,0,0,0,0,0,4,0,0,0,0,0,0,0,0,0
ubt,bintrie,5,4,storage_sload_k700,13,,1525,0,0,0.0715,14.0489,0.0026,0.1549,14.4748,0,4,0,0,0,0,0,0,0,0,0,0,4,0,0,0,0,0,0,0,0,0
ubt,bintrie,5,4,storage_sload_k700,13,,1526,0,0,0.0394,2.1778,0.0026,0.1289,2.5879,0,4,0,0,0,0,0,0,0,0,0,0,4,0,0,0,0,0,0,0,0,0
ubt,bintrie,5,4,storage_sload_k700,13,,1527,0,0,0.0618,70.1134,0.0029,0.1537,70.5244,0,4,0,0,0,0,0,0,0,0,0,0,4,0,0,0,0,0,0,0,0,0
ubt,bintrie,5,4,storage_sload_k700,13,,1528,0,0,0.261,64.2936,0.002,0.1482,65.2841,0,4,0,0,0,0,0,0,0,0,0,0,4,0,0,0,0,0,0,0,0,0
ubt,bintrie,5,4,storage_sload_k700,13,,1529,0,0,0.0575,37.0824,0.0038,0.1479,37.5179,0,4,0,0,0,0,0,0,0,0,0,0,4,0,0,0,0,0,0,0,0,0
ubt,bintrie,5,4,storage_sload_k700,13,,1530,86864,2,0.1692,4.2407,35.763,3.4798,43.8588,1.9805,11,0,0,0,3,0,0,0,1,157,4,7,36.36,0,0,0,0,0,0,0,0
ubt,bintrie,5,4,storage_sload_k700,13,,1531,15900304,1,342.9323,72.1011,90.5791,0.7898,508.5084,31.2685,707,703,701,19757,2,0,0,0,0,0,124,583,17.54,122,581,17.35,701,0,100,19757,0
ubt,bintrie,5,4,storage_sload_k700,13,,1532,21000,1,0.1,22.5975,1.3591,0.7983,51.4793,0.4079,6,0,0,0,2,0,0,0,0,0,0,6,0,0,0,0,0,0,0,0,0
ubt,bintrie,5,4,storage_sload_k700,13,,1533,0,0,0.2202,4.9007,0.0061,0.5206,6.3401,0,4,0,0,0,0,0,0,0,0,0,0,4,0,0,0,0,0,0,0,0,0
ubt,bintrie,5,4,storage_sload_k700,14,,1534,0,0,0.0939,4.8897,0.0026,0.1852,5.7364,0,4,0,0,0,0,0,0,0,0,0,0,4,0,0,0,0,0,0,0,0,0
ubt,bintrie,5,4,storage_sload_k700,14,,1535,0,0,0.1537,21.7677,0.0026,0.1315,22.4073,0,4,0,0,0,0,0,0,0,0,0,0,4,0,0,0,0,0,0,0,0,0
ubt,bintrie,5,4,storage_sload_k700,14,,1536,0,0,0.0671,1.5324,0.0061,6.2015,11.6719,0,4,0,0,0,0,0,0,0,0,0,0,4,0,0,0,0,0,0,0,0,0
ubt,bintrie,5,4,storage_sload_k700,14,,1537,0,0,0.1059,53.0703,0.0038,0.1543,53.7577,0,4,0,0,0,0,0,0,0,0,0,0,4,0,0,0,0,0,0,0,0,0
ubt,bintrie,5,4,storage_sload_k700,14,,1538,0,0,0.1394,13.1947,0.0029,0.2803,40.7238,0,4,0,0,0,0,0,0,0,0,0,0,4,0,0,0,0,0,0,0,0,0
ubt,bintrie,5,4,storage_sload_k700,14,,1539,86864,2,0.1893,3.0015,35.8986,2.3021,41.5818,2.089,11,0,0,0,3,0,0,0,1,157,4,7,36.36,0,0,0,0,0,0,0,0
ubt,bintrie,5,4,storage_sload_k700,14,,1540,15900304,1,359.0097,68.4909,82.7405,0.7688,518.9708,30.6382,707,703,701,19757,2,0,0,0,0,0,175,532,24.75,167,536,23.76,701,0,100,19757,0
ubt,bintrie,5,4,storage_sload_k700,14,,1541,21000,1,0.1266,22.559,11.1323,0.7601,47.0618,0.4462,6,0,0,0,2,0,0,0,0,0,2,4,33.33,0,0,0,0,0,0,0,0
ubt,bintrie,5,4,storage_sload_k700,14,,1542,0,0,0.2896,62.3725,0.0032,0.1257,64.0574,0,4,0,0,0,0,0,0,0,0,0,0,4,0,0,0,0,0,0,0,0,0
ubt,bintrie,5,4,storage_sload_k700,15,,1543,0,0,0.063,0.7592,0.0026,0.2004,1.262,0,4,0,0,0,0,0,0,0,0,0,0,4,0,0,0,0,0,0,0,0,0
ubt,bintrie,5,4,storage_sload_k700,15,,1544,0,0,0.0843,2.4456,0.0085,1.3763,5.3823,0,4,0,0,0,0,0,0,0,0,0,0,4,0,0,0,0,0,0,0,0,0
ubt,bintrie,5,4,storage_sload_k700,15,,1545,0,0,0.0554,3.065,0.0032,0.2409,3.6244,0,4,0,0,0,0,0,0,0,0,0,0,4,0,0,0,0,0,0,0,0,0
ubt,bintrie,5,4,storage_sload_k700,15,,1546,0,0,0.1275,52.2475,0.0052,0.3832,53.4005,0,4,0,0,0,0,0,0,0,0,0,0,4,0,0,0,0,0,0,0,0,0
ubt,bintrie,5,4,storage_sload_k700,15,,1547,0,0,0.0487,6.0601,0.0032,0.2322,6.5603,0,4,0,0,0,0,0,0,0,0,0,0,4,0,0,0,0,0,0,0,0,0
ubt,bintrie,5,4,storage_sload_k700,15,,1548,86864,2,0.2371,5.6844,47.5451,2.4085,60.1789,1.4434,11,0,0,0,3,0,0,0,1,157,5,6,45.45,0,0,0,0,0,0,0,0
ubt,bintrie,5,4,storage_sload_k700,15,,1549,15900304,1,369.1154,65.709,59.9129,0.9307,497.7234,31.9461,707,703,701,19757,2,0,0,0,0,0,191,516,27.02,193,510,27.45,701,0,100,19757,0
ubt,bintrie,5,4,storage_sload_k700,15,,1550,21000,1,0.3949,58.3875,1.2054,0.6918,61.317,0.3425,6,0,0,0,2,0,0,0,0,0,0,6,0,0,0,0,0,0,0,0,0
ubt,bintrie,5,4,storage_sload_k700,15,,1551,0,0,0.406,72.6091,0.0032,0.1931,74.0275,0,4,0,0,0,0,0,0,0,0,0,0,4,0,0,0,0,0,0,0,0,0
ubt,bintrie,5,4,storage_sload_k700,16,,1552,0,0,0.1613,27.8896,0.0047,0.2645,28.6018,0,4,0,0,0,0,0,0,0,0,0,0,4,0,0,0,0,0,0,0,0,0
ubt,bintrie,5,4,storage_sload_k700,16,,1553,0,0,0.1438,54.5496,0.0058,0.4407,55.7396,0,4,0,0,0,0,0,0,0,0,0,0,4,0,0,0,0,0,0,0,0,0
ubt,bintrie,5,4,storage_sload_k700,16,,1554,0,0,0.0892,46.3137,0.0055,0.303,47.121,0,4,0,0,0,0,0,0,0,0,0,0,4,0,0,0,0,0,0,0,0,0
ubt,bintrie,5,4,storage_sload_k700,16,,1555,0,0,0.0295,1.8652,0.002,0.0965,2.1411,0,4,0,0,0,0,0,0,0,0,0,0,4,0,0,0,0,0,0,0,0,0
ubt,bintrie,5,4,storage_sload_k700,16,,1556,0,0,0.0636,24.4078,0.0076,0.4369,30.4122,0,4,0,0,0,0,0,0,0,0,0,0,4,0,0,0,0,0,0,0,0,0
ubt,bintrie,5,4,storage_sload_k700,16,,1557,86864,2,0.2532,3.2322,39.9553,3.3955,47.2383,1.8388,11,0,0,0,3,0,0,0,1,157,4,7,36.36,0,0,0,0,0,0,0,0
ubt,bintrie,5,4,storage_sload_k700,16,,1558,15900304,1,348.283,53.966,71.4267,0.7606,495.4327,32.0938,707,703,701,19757,2,0,0,0,0,0,371,336,52.48,348,355,49.5,701,0,100,19757,0
ubt,bintrie,5,4,storage_sload_k700,16,,1559,21000,1,0.1155,11.4199,40.284,0.7846,53.0058,0.3962,6,0,0,0,2,0,0,0,0,0,2,4,33.33,0,0,0,0,0,0,0,0
ubt,bintrie,5,4,storage_sload_k700,16,,1560,0,0,0.0802,12.5373,0.0023,0.1633,13.0331,0,4,0,0,0,0,0,0,0,0,0,0,4,0,0,0,0,0,0,0,0,0
ubt,bintrie,5,4,storage_sload_k700,17,,1561,0,0,0.1438,38.3751,0.0032,0.2549,39.185,0,4,0,0,0,0,0,0,0,0,0,0,4,0,0,0,0,0,0,0,0,0
ubt,bintrie,5,4,storage_sload_k700,17,,1562,0,0,0.1657,4.78,0.0082,11.9779,76.7705,0,4,0,0,0,0,0,0,0,0,0,0,4,0,0,0,0,0,0,0,0,0
ubt,bintrie,5,4,storage_sload_k700,17,,1563,0,0,0.0814,43.1361,0.0032,0.2275,43.778,0,4,0,0,0,0,0,0,0,0,0,0,4,0,0,0,0,0,0,0,0,0
ubt,bintrie,5,4,storage_sload_k700,17,,1564,0,0,0.0843,71.917,0.0032,0.1333,72.5458,0,4,0,0,0,0,0,0,0,0,0,0,4,0,0,0,0,0,0,0,0,0
ubt,bintrie,5,4,storage_sload_k700,17,,1565,0,0,0.1409,55.9962,0.0076,0.7434,59.3398,0,4,0,0,0,0,0,0,0,0,0,0,4,0,0,0,0,0,0,0,0,0
ubt,bintrie,5,4,storage_sload_k700,17,,1566,86864,2,0.2829,12.6612,44.6834,1.7336,59.719,1.4545,11,0,0,0,3,0,0,0,1,157,6,5,54.55,0,0,0,0,0,0,0,0
ubt,bintrie,5,4,storage_sload_k700,17,,1567,15900304,1,357.1705,71.1377,51.822,0.933,483.0103,32.9192,707,703,701,19757,2,0,0,0,0,0,49,658,6.93,44,659,6.26,701,0,100,19757,0
ubt,bintrie,5,4,storage_sload_k700,17,,1568,21000,1,0.0925,10.3072,45.9191,0.8251,57.3638,0.3661,6,0,0,0,2,0,0,0,0,0,2,4,33.33,0,0,0,0,0,0,0,0
ubt,bintrie,5,4,storage_sload_k700,17,,1569,0,0,0.0394,2.0851,0.002,0.1511,2.4747,0,4,0,0,0,0,0,0,0,0,0,0,4,0,0,0,0,0,0,0,0,0
ubt,bintrie,5,4,storage_sload_k700,18,,1570,0,0,0.1143,19.267,0.0041,0.301,20.0125,0,4,0,0,0,0,0,0,0,0,0,0,4,0,0,0,0,0,0,0,0,0
ubt,bintrie,5,4,storage_sload_k700,18,,1571,0,0,0.0767,57.955,0.0053,0.308,58.6436,0,4,0,0,0,0,0,0,0,0,0,0,4,0,0,0,0,0,0,0,0,0
ubt,bintrie,5,4,storage_sload_k700,18,,1572,0,0,0.051,6.4795,0.0032,0.1662,6.9823,0,4,0,0,0,0,0,0,0,0,0,0,4,0,0,0,0,0,0,0,0,0
ubt,bintrie,5,4,storage_sload_k700,18,,1573,0,0,0.0863,44.3587,0.0023,0.2147,44.9931,0,4,0,0,0,0,0,0,0,0,0,0,4,0,0,0,0,0,0,0,0,0
ubt,bintrie,5,4,storage_sload_k700,18,,1574,0,0,0.0738,42.5303,0.0026,0.25,45.3591,0,4,0,0,0,0,0,0,0,0,0,0,4,0,0,0,0,0,0,0,0,0
ubt,bintrie,5,4,storage_sload_k700,18,,1575,86864,2,0.1552,2.3187,25.9113,2.452,31.2274,2.7817,11,0,0,0,3,0,0,0,1,157,5,6,45.45,0,0,0,0,0,0,0,0
ubt,bintrie,5,4,storage_sload_k700,18,,1576,15900304,1,361.0175,55.3893,79.4319,0.9033,498.9723,31.8661,707,703,701,19757,2,0,0,0,0,0,24,683,3.39,17,686,2.42,701,0,100,19757,0
ubt,bintrie,5,4,storage_sload_k700,18,,1577,21000,1,0.2333,18.2453,1.3463,0.7309,59.0333,0.3557,6,0,0,0,2,0,0,0,0,0,2,4,33.33,0,0,0,0,0,0,0,0
ubt,bintrie,5,4,storage_sload_k700,18,,1578,0,0,0.1234,2.1431,0.0038,0.1444,2.5835,0,4,0,0,0,0,0,0,0,0,0,0,4,0,0,0,0,0,0,0,0,0
ubt,bintrie,5,4,storage_sload_k700,19,,1579,0,0,0.1485,36.0257,0.0085,0.9459,37.7416,0,4,0,0,0,0,0,0,0,0,0,0,4,0,0,0,0,0,0,0,0,0
ubt,bintrie,5,4,storage_sload_k700,19,,1580,0,0,0.0563,1.8859,0.0102,0.4952,8.767,0,4,0,0,0,0,0,0,0,0,0,0,4,0,0,0,0,0,0,0,0,0
ubt,bintrie,5,4,storage_sload_k700,19,,1581,0,0,0.0403,3.3719,0.0032,0.1088,4.4431,0,4,0,0,0,0,0,0,0,0,0,0,4,0,0,0,0,0,0,0,0,0
ubt,bintrie,5,4,storage_sload_k700,19,,1582,0,0,0.0831,75.5149,0.0026,0.1945,76.1761,0,4,0,0,0,0,0,0,0,0,0,0,4,0,0,0,0,0,0,0,0,0
ubt,bintrie,5,4,storage_sload_k700,19,,1583,0,0,0.0671,29.6489,0.002,0.2001,42.3297,0,4,0,0,0,0,0,0,0,0,0,0,4,0,0,0,0,0,0,0,0,0
ubt,bintrie,5,4,storage_sload_k700,19,,1584,86864,2,0.1925,3.805,52.452,1.4367,62.1435,1.3978,11,0,0,0,3,0,0,0,1,157,6,5,54.55,0,0,0,0,0,0,0,0
ubt,bintrie,5,4,storage_sload_k700,19,,1585,15900304,1,339.4762,77.3171,68.1138,1.1976,491.516,32.3495,707,703,701,19757,2,0,0,0,0,0,347,360,49.08,345,358,49.08,701,0,100,19757,0
ubt,bintrie,5,4,storage_sload_k700,19,,1586,21000,1,0.1088,29.5993,33.2582,0.7163,64.0419,0.3279,6,0,0,0,2,0,0,0,0,0,2,4,33.33,0,0,0,0,0,0,0,0
ubt,bintrie,5,4,storage_sload_k700,19,,1587,0,0,0.1167,2.932,0.002,0.2091,3.6921,0,4,0,0,0,0,0,0,0,0,0,0,4,0,0,0,0,0,0,0,0,0
ubt,bintrie,5,4,storage_sload_k700,1,,1413,0,0,0.0554,12.0756,0.0029,0.154,12.4912,0,4,0,0,0,0,0,0,0,0,0,0,4,0,0,0,0,0,0,0,0,0
ubt,bintrie,5,4,storage_sload_k700,1,,1414,0,0,0.1275,3.7936,0.0044,0.2832,4.7546,0,4,0,0,0,0,0,0,0,0,0,0,4,0,0,0,0,0,0,0,0,0
ubt,bintrie,5,4,storage_sload_k700,1,,1415,0,0,0.1015,41.1695,0.0053,0.2981,41.9911,0,4,0,0,0,0,0,0,0,0,0,0,4,0,0,0,0,0,0,0,0,0
ubt,bintrie,5,4,storage_sload_k700,1,,1416,0,0,0.1237,23.8064,0.0067,0.1832,35.947,0,4,0,0,0,0,0,0,0,0,0,0,4,0,0,0,0,0,0,0,0,0
ubt,bintrie,5,4,storage_sload_k700,1,,1417,0,0,0.0685,35.1181,0.0026,0.1164,50.4576,0,4,0,0,0,0,0,0,0,0,0,0,4,0,0,0,0,0,0,0,0,0
ubt,bintrie,5,4,storage_sload_k700,1,,1418,86864,2,0.1196,2.0194,20.1913,4.4108,26.8825,3.2312,11,0,0,0,3,0,0,0,1,157,5,6,45.45,0,0,0,0,0,0,0,0
ubt,bintrie,5,4,storage_sload_k700,1,,1419,15900304,1,367.2938,56.0977,59.8094,0.826,485.6801,32.7382,707,703,701,19757,2,0,0,0,0,0,202,505,28.57,198,505,28.17,701,0,100,19757,0
ubt,bintrie,5,4,storage_sload_k700,1,,1420,21000,1,0.336,36.46,14.4558,0.6568,52.1764,0.4025,6,0,0,0,2,0,0,0,0,0,0,6,0,0,0,0,0,0,0,0,0
ubt,bintrie,5,4,storage_sload_k700,1,,1421,0,0,0.0403,7.5726,0.0023,0.1301,7.9273,0,4,0,0,0,0,0,0,0,0,0,0,4,0,0,0,0,0,0,0,0,0
ubt,bintrie,5,4,storage_sload_k700,20,,1588,0,0,0.0857,17.837,0.0058,0.6104,24.6624,0,4,0,0,0,0,0,0,0,0,0,0,4,0,0,0,0,0,0,0,0,0
ubt,bintrie,5,4,storage_sload_k700,20,,1589,0,0,0.0612,1.7535,0.0085,0.434,12.1724,0,4,0,0,0,0,0,0,0,0,0,0,4,0,0,0,0,0,0,0,0,0
ubt,bintrie,5,4,storage_sload_k700,20,,1590,0,0,0.0895,29.046,0.0041,0.1665,48.6665,0,4,0,0,0,0,0,0,0,0,0,0,4,0,0,0,0,0,0,0,0,0
ubt,bintrie,5,4,storage_sload_k700,20,,1591,0,0,0.1065,45.8783,0.0052,0.3809,46.8195,0,4,0,0,0,0,0,0,0,0,0,0,4,0,0,0,0,0,0,0,0,0
ubt,bintrie,5,4,storage_sload_k700,20,,1592,0,0,0.1832,29.8604,0.0169,1.157,31.9889,0,4,0,0,0,0,0,0,0,0,0,0,4,0,0,0,0,0,0,0,0,0
ubt,bintrie,5,4,storage_sload_k700,20,,1593,86864,2,0.1741,11.2391,41.679,1.7517,55.051,1.5779,11,0,0,0,3,0,0,0,1,157,5,6,45.45,0,0,0,0,0,0,0,0
ubt,bintrie,5,4,storage_sload_k700,20,,1594,15900304,1,340.0781,38.0297,68.6367,0.8137,452.758,35.1188,707,703,701,19757,2,0,0,0,0,0,262,445,37.06,249,454,35.42,701,0,100,19757,0
ubt,bintrie,5,4,storage_sload_k700,20,,1595,21000,1,0.4095,42.2868,2.1682,0.7542,57.2682,0.3667,6,0,0,0,2,0,0,0,0,0,0,6,0,0,0,0,0,0,0,0,0
ubt,bintrie,5,4,storage_sload_k700,20,,1596,0,0,0.1213,71.3687,0.0026,0.1572,72.2956,0,4,0,0,0,0,0,0,0,0,0,0,4,0,0,0,0,0,0,0,0,0
ubt,bintrie,5,4,storage_sload_k700,2,,1422,0,0,0.0729,13.8051,0.0035,0.1875,14.4001,0,4,0,0,0,0,0,0,0,0,0,0,4,0,0,0,0,0,0,0,0,0
ubt,bintrie,5,4,storage_sload_k700,2,,1423,0,0,0.0443,3.3488,0.0023,0.1155,3.686,0,4,0,0,0,0,0,0,0,0,0,0,4,0,0,0,0,0,0,0,0,0
ubt,bintrie,5,4,storage_sload_k700,2,,1424,0,0,0.0758,9.231,0.0026,0.2193,13.2495,0,4,0,0,0,0,0,0,0,0,0,0,4,0,0,0,0,0,0,0,0,0
ubt,bintrie,5,4,storage_sload_k700,2,,1425,0,0,0.1062,82.474,0.005,0.2578,83.2349,0,4,0,0,0,0,0,0,0,0,0,0,4,0,0,0,0,0,0,0,0,0
ubt,bintrie,5,4,storage_sload_k700,2,,1426,0,0,0.0997,68.4693,0.0023,0.1114,69.0451,0,4,0,0,0,0,0,0,0,0,0,0,4,0,0,0,0,0,0,0,0,0
ubt,bintrie,5,4,storage_sload_k700,2,,1427,86864,2,0.1406,4.9293,3.9214,2.3481,11.5223,7.5388,11,0,0,0,3,0,0,0,1,157,4,7,36.36,0,0,0,0,0,0,0,0
ubt,bintrie,5,4,storage_sload_k700,2,,1428,15900304,1,340.966,76.1744,57.8949,0.8619,477.6959,33.2854,707,703,701,19757,2,0,0,0,0,0,107,600,15.13,109,594,15.5,701,0,100,19757,0
ubt,bintrie,5,4,storage_sload_k700,2,,1429,21000,1,0.4109,46.5748,13.9515,0.8715,64.177,0.3272,6,0,0,0,2,0,0,0,0,0,0,6,0,0,0,0,0,0,0,0,0
ubt,bintrie,5,4,storage_sload_k700,2,,1430,0,0,0.2313,18.0607,0.0157,1.2308,21.3754,0,4,0,0,0,0,0,0,0,0,0,0,4,0,0,0,0,0,0,0,0,0
ubt,bintrie,5,4,storage_sload_k700,3,,1431,0,0,0.1575,40.447,0.009,0.9184,42.1383,0,4,0,0,0,0,0,0,0,0,0,0,4,0,0,0,0,0,0,0,0,0
ubt,bintrie,5,4,storage_sload_k700,3,,1432,0,0,0.1248,3.9461,0.012,0.7703,26.6711,0,4,0,0,0,0,0,0,0,0,0,0,4,0,0,0,0,0,0,0,0,0
ubt,bintrie,5,4,storage_sload_k700,3,,1433,0,0,0.0901,31.4461,0.0061,0.3404,33.2745,0,4,0,0,0,0,0,0,0,0,0,0,4,0,0,0,0,0,0,0,0,0
ubt,bintrie,5,4,storage_sload_k700,3,,1434,0,0,0.1234,44.7936,0.0067,0.4751,46.0486,0,4,0,0,0,0,0,0,0,0,0,0,4,0,0,0,0,0,0,0,0,0
ubt,bintrie,5,4,storage_sload_k700,3,,1435,0,0,0.0642,1.719,0.0125,8.8947,12.6671,0,4,0,0,0,0,0,0,0,0,0,0,4,0,0,0,0,0,0,0,0,0
ubt,bintrie,5,4,storage_sload_k700,3,,1436,86864,2,0.1432,5.4788,3.8692,2.3817,12.0269,7.2225,11,0,0,0,3,0,0,0,1,157,4,7,36.36,0,0,0,0,0,0,0,0
ubt,bintrie,5,4,storage_sload_k700,3,,1437,15900304,1,342.1122,69.8711,75.1291,0.8709,492.4944,32.2852,707,703,701,19757,2,0,0,0,0,0,61,646,8.63,59,644,8.39,701,0,100,19757,0
ubt,bintrie,5,4,storage_sload_k700,3,,1438,21000,1,0.1085,38.8735,14.758,0.9438,54.8821,0.3826,6,0,0,0,2,0,0,0,0,0,1,5,16.67,0,0,0,0,0,0,0,0
ubt,bintrie,5,4,storage_sload_k700,3,,1439,0,0,0.2053,8.5856,0.0111,0.6851,11.9122,0,4,0,0,0,0,0,0,0,0,0,0,4,0,0,0,0,0,0,0,0,0
ubt,bintrie,5,4,storage_sload_k700,3,,1440,0,0,0.0741,6.4288,0.0117,6.6825,24.3594,0,4,0,0,0,0,0,0,0,0,0,0,4,0,0,0,0,0,0,0,0,0
ubt,bintrie,5,4,storage_sload_k700,4,,1441,0,0,0.2715,21.2068,0.0038,0.3704,22.4318,0,4,0,0,0,0,0,0,0,0,0,0,4,0,0,0,0,0,0,0,0,0
ubt,bintrie,5,4,storage_sload_k700,4,,1442,0,0,0.0665,1.9941,0.0117,3.0895,8.2898,0,4,0,0,0,0,0,0,0,0,0,0,4,0,0,0,0,0,0,0,0,0
ubt,bintrie,5,4,storage_sload_k700,4,,1443,0,0,0.054,96.0644,0.0035,0.1779,96.5491,0,4,0,0,0,0,0,0,0,0,0,0,4,0,0,0,0,0,0,0,0,0
ubt,bintrie,5,4,storage_sload_k700,4,,1444,0,0,0.0344,6.4255,0.0023,0.1231,6.7671,0,4,0,0,0,0,0,0,0,0,0,0,4,0,0,0,0,0,0,0,0,0
ubt,bintrie,5,4,storage_sload_k700,4,,1445,0,0,0.0849,77.3002,0.0026,0.2502,78.1361,0,4,0,0,0,0,0,0,0,0,0,0,4,0,0,0,0,0,0,0,0,0
ubt,bintrie,5,4,storage_sload_k700,4,,1446,86864,2,0.1199,2.7958,0.8989,2.0626,6.0178,14.4345,11,0,0,0,3,0,0,0,1,157,4,7,36.36,0,0,0,0,0,0,0,0
ubt,bintrie,5,4,storage_sload_k700,4,,1447,15900304,1,380.7609,31.4345,62.213,0.9257,478.3571,33.2394,707,703,701,19757,2,0,0,0,0,0,474,233,67.04,477,226,67.85,701,0,100,19757,0
ubt,bintrie,5,4,storage_sload_k700,4,,1448,21000,1,0.3284,6.0093,26.8061,0.7026,42.7167,0.4916,6,0,0,0,2,0,0,0,0,0,0,6,0,0,0,0,0,0,0,0,0
ubt,bintrie,5,4,storage_sload_k700,4,,1449,0,0,0.1091,65.6817,0.0026,0.1668,66.4271,0,4,0,0,0,0,0,0,0,0,0,0,4,0,0,0,0,0,0,0,0,0
ubt,bintrie,5,4,storage_sload_k700,5,,1450,0,0,0.0577,5.0221,0.002,0.1476,5.4322,0,4,0,0,0,0,0,0,0,0,0,0,4,0,0,0,0,0,0,0,0,0
ubt,bintrie,5,4,storage_sload_k700,5,,1451,0,0,0.1403,54.1124,0.0032,0.5375,55.2817,0,4,0,0,0,0,0,0,0,0,0,0,4,0,0,0,0,0,0,0,0,0
ubt,bintrie,5,4,storage_sload_k700,5,,1452,0,0,0.0685,6.2106,0.0032,0.2278,6.8447,0,4,0,0,0,0,0,0,0,0,0,0,4,0,0,0,0,0,0,0,0,0
ubt,bintrie,5,4,storage_sload_k700,5,,1453,0,0,0.0572,9.0901,0.0026,0.1945,9.5682,0,4,0,0,0,0,0,0,0,0,0,0,4,0,0,0,0,0,0,0,0,0
ubt,bintrie,5,4,storage_sload_k700,5,,1454,0,0,0.0455,1.3431,0.0114,0.5238,6.0968,0,4,0,0,0,0,0,0,0,0,0,0,4,0,0,0,0,0,0,0,0,0
ubt,bintrie,5,4,storage_sload_k700,5,,1455,86864,2,0.1732,4.05,29.9228,2.0997,36.4393,2.3838,11,0,0,0,3,0,0,0,1,157,5,6,45.45,0,0,0,0,0,0,0,0
ubt,bintrie,5,4,storage_sload_k700,5,,1456,15900304,1,338.6459,88.1581,53.4848,0.9225,482.8095,32.9329,707,703,701,19757,2,0,0,0,0,0,263,444,37.2,267,436,37.98,701,0,100,19757,0
ubt,bintrie,5,4,storage_sload_k700,5,,1457,21000,1,0.3742,4.5172,44.4556,0.7009,50.3602,0.417,6,0,0,0,2,0,0,0,0,0,0,6,0,0,0,0,0,0,0,0,0
ubt,bintrie,5,4,storage_sload_k700,5,,1458,0,0,0.0983,6.5781,0.0044,0.2637,7.2367,0,4,0,0,0,0,0,0,0,0,0,0,4,0,0,0,0,0,0,0,0,0
ubt,bintrie,5,4,storage_sload_k700,6,,1460,0,0,0.131,71.6983,0.0038,0.2453,72.4336,0,4,0,0,0,0,0,0,0,0,0,0,4,0,0,0,0,0,0,0,0,0
ubt,bintrie,5,4,storage_sload_k700,6,,1461,0,0,0.0505,3.6606,0.0018,0.1231,4.1077,0,4,0,0,0,0,0,0,0,0,0,0,4,0,0,0,0,0,0,0,0,0
ubt,bintrie,5,4,storage_sload_k700,6,,1462,0,0,0.049,7.6741,0.0035,0.1686,8.1227,0,4,0,0,0,0,0,0,0,0,0,0,4,0,0,0,0,0,0,0,0,0
ubt,bintrie,5,4,storage_sload_k700,6,,1463,0,0,0.2021,60.9501,0.0023,0.14,61.7498,0,4,0,0,0,0,0,0,0,0,0,0,4,0,0,0,0,0,0,0,0,0
ubt,bintrie,5,4,storage_sload_k700,6,,1464,0,0,0.1759,37.7407,0.0026,0.1712,52.0381,0,4,0,0,0,0,0,0,0,0,0,0,4,0,0,0,0,0,0,0,0,0
ubt,bintrie,5,4,storage_sload_k700,6,,1465,86864,2,0.1458,11.6451,15.9132,3.9704,31.8804,2.7247,11,0,0,0,3,0,0,0,1,157,5,6,45.45,0,0,0,0,0,0,0,0
ubt,bintrie,5,4,storage_sload_k700,6,,1466,15900304,1,338.736,41.1633,55.8026,0.8257,442.8184,35.9071,707,703,701,19757,2,0,0,0,0,0,42,665,5.94,47,656,6.69,701,0,100,19757,0
ubt,bintrie,5,4,storage_sload_k700,6,,1467,21000,1,0.0694,7.7331,48.694,0.7694,57.7582,0.3636,6,0,0,0,2,0,0,0,0,0,2,4,33.33,0,0,0,0,0,0,0,0
ubt,bintrie,5,4,storage_sload_k700,6,,1468,0,0,0.1333,3.9179,0.0044,0.322,4.7584,0,4,0,0,0,0,0,0,0,0,0,0,4,0,0,0,0,0,0,0,0,0
ubt,bintrie,5,4,storage_sload_k700,7,,1469,0,0,0.1388,67.3765,0.0041,0.1945,69.3011,0,4,0,0,0,0,0,0,0,0,0,0,4,0,0,0,0,0,0,0,0,0
ubt,bintrie,5,4,storage_sload_k700,7,,1470,0,0,0.0636,25.89,0.0026,0.1703,26.3269,0,4,0,0,0,0,0,0,0,0,0,0,4,0,0,0,0,0,0,0,0,0
ubt,bintrie,5,4,storage_sload_k700,7,,1471,0,0,0.0618,49.2636,0.0029,0.1902,49.6731,0,4,0,0,0,0,0,0,0,0,0,0,4,0,0,0,0,0,0,0,0,0
ubt,bintrie,5,4,storage_sload_k700,7,,1472,0,0,0.0732,69.12,0.0023,0.1374,69.8031,0,4,0,0,0,0,0,0,0,0,0,0,4,0,0,0,0,0,0,0,0,0
ubt,bintrie,5,4,storage_sload_k700,7,,1473,0,0,0.3109,25.2667,0.0067,0.3334,26.5879,0,4,0,0,0,0,0,0,0,0,0,0,4,0,0,0,0,0,0,0,0,0
ubt,bintrie,5,4,storage_sload_k700,7,,1474,86864,2,0.1575,4.1666,59.3124,1.8599,65.721,1.3217,11,0,0,0,3,0,0,0,1,157,5,6,45.45,0,0,0,0,0,0,0,0
ubt,bintrie,5,4,storage_sload_k700,7,,1475,15900304,1,345.5564,72.8287,73.9896,0.8242,495.9623,32.0595,707,703,701,19757,2,0,0,0,0,0,206,501,29.14,205,498,29.16,701,0,100,19757,0
ubt,bintrie,5,4,storage_sload_k700,7,,1476,21000,1,0.3506,55.9784,11.7399,1.0526,69.9988,0.3,6,0,0,0,2,0,0,0,0,0,0,6,0,0,0,0,0,0,0,0,0
ubt,bintrie,5,4,storage_sload_k700,7,,1477,0,0,0.0945,7.4394,0.0219,2.1481,10.2358,0,4,0,0,0,0,0,0,0,0,0,0,4,0,0,0,0,0,0,0,0,0
ubt,bintrie,5,4,storage_sload_k700,8,,1478,0,0,0.0636,3.3754,0.0035,0.1855,4.2719,0,4,0,0,0,0,0,0,0,0,0,0,4,0,0,0,0,0,0,0,0,0
ubt,bintrie,5,4,storage_sload_k700,8,,1479,0,0,0.04,17.3803,0.002,0.163,17.788,0,4,0,0,0,0,0,0,0,0,0,0,4,0,0,0,0,0,0,0,0,0
ubt,bintrie,5,4,storage_sload_k700,8,,1480,0,0,0.0741,7.2938,0.0085,0.562,24.8491,0,4,0,0,0,0,0,0,0,0,0,0,4,0,0,0,0,0,0,0,0,0
ubt,bintrie,5,4,storage_sload_k700,8,,1481,0,0,0.0338,6.1388,0.0023,0.1438,6.4813,0,4,0,0,0,0,0,0,0,0,0,0,4,0,0,0,0,0,0,0,0,0
ubt,bintrie,5,4,storage_sload_k700,8,,1482,0,0,0.154,14.4581,0.0026,0.1479,15.448,0,4,0,0,0,0,0,0,0,0,0,0,4,0,0,0,0,0,0,0,0,0
ubt,bintrie,5,4,storage_sload_k700,8,,1483,86864,2,0.1642,2.4284,7.9912,15.7852,26.5643,3.27,11,0,0,0,3,0,0,0,1,157,5,6,45.45,0,0,0,0,0,0,0,0
ubt,bintrie,5,4,storage_sload_k700,8,,1484,15900304,1,338.8132,71.88,72.2653,0.8843,490.9467,32.387,707,703,701,19757,2,0,0,0,0,0,57,650,8.06,60,643,8.53,701,0,100,19757,0
ubt,bintrie,5,4,storage_sload_k700,8,,1485,21000,1,0.0822,10.2775,44.6379,0.7694,55.9793,0.3751,6,0,0,0,2,0,0,0,0,0,2,4,33.33,0,0,0,0,0,0,0,0
ubt,bintrie,5,4,storage_sload_k700,8,,1486,0,0,0.0324,1.9582,0.002,0.1622,2.3312,0,4,0,0,0,0,0,0,0,0,0,0,4,0,0,0,0,0,0,0,0,0
ubt,bintrie,5,4,storage_sload_k700,9,,1487,0,0,0.2852,6.4349,0.0055,0.4118,8.6807,0,4,0,0,0,0,0,0,0,0,0,0,4,0,0,0,0,0,0,0,0,0
ubt,bintrie,5,4,storage_sload_k700,9,,1488,0,0,0.0569,1.5219,0.0143,0.6116,12.4416,0,4,0,0,0,0,0,0,0,0,0,0,4,0,0,0,0,0,0,0,0,0
ubt,bintrie,5,4,storage_sload_k700,9,,1489,0,0,0.0437,11.2053,0.0035,0.2033,11.6092,0,4,0,0,0,0,0,0,0,0,0,0,4,0,0,0,0,0,0,0,0,0
ubt,bintrie,5,4,storage_sload_k700,9,,1490,0,0,0.0927,80.327,0.0029,0.1435,80.88,0,4,0,0,0,0,0,0,0,0,0,0,4,0,0,0,0,0,0,0,0,0
ubt,bintrie,5,4,storage_sload_k700,9,,1491,0,0,0.0633,43.2181,0.0029,0.2704,44.0531,0,4,0,0,0,0,0,0,0,0,0,0,4,0,0,0,0,0,0,0,0,0
ubt,bintrie,5,4,storage_sload_k700,9,,1492,86864,2,0.1327,1.8351,1.6108,4.5315,19.967,4.3504,11,0,0,0,3,0,0,0,1,157,6,5,54.55,0,0,0,0,0,0,0,0
ubt,bintrie,5,4,storage_sload_k700,9,,1493,15900304,1,350.0875,58.3925,92.2716,0.8213,509.3862,31.2146,707,703,701,19757,2,0,0,0,0,0,150,557,21.22,152,551,21.62,701,0,100,19757,0
ubt,bintrie,5,4,storage_sload_k700,9,,1494,21000,1,0.1872,3.9739,10.6733,0.7636,15.8225,1.3272,6,0,0,0,2,0,0,0,0,0,2,4,33.33,0,0,0,0,0,0,0,0
ubt,bintrie,5,4,storage_sload_k700,9,,1495,0,0,0.3669,60.5414,0.0029,0.1665,61.7728,0,4,0,0,0,0,0,0,0,0,0,0,4,0,0,0,0,0,0,0,0,0
ubt,bintrie,5,4,storage_sstore_k1,10,,1681,0,0,0.3062,71.3083,0.0029,0.2313,72.5327,0,4,0,0,0,0,0,0,0,0,0,0,4,0,0,0,0,0,0,0,0,0
ubt,bintrie,5,4,storage_sstore_k1,10,,1682,0,0,0.0913,2.0702,0.0061,0.8385,3.9161,0,4,0,0,0,0,0,0,0,0,0,0,4,0,0,0,0,0,0,0,0,0
ubt,bintrie,5,4,storage_sstore_k1,10,,1683,0,0,0.1409,17.2805,0.0023,0.126,17.8991,0,4,0,0,0,0,0,0,0,0,0,0,4,0,0,0,0,0,0,0,0,0
ubt,bintrie,5,4,storage_sstore_k1,10,,1684,0,0,0.2406,68.4682,0.0032,0.1359,69.4954,0,4,0,0,0,0,0,0,0,0,0,0,4,0,0,0,0,0,0,0,0,0
ubt,bintrie,5,4,storage_sstore_k1,10,,1685,0,0,0.042,14.2843,0.0032,11.279,33.2162,0,4,0,0,0,0,0,0,0,0,0,0,4,0,0,0,0,0,0,0,0,0
ubt,bintrie,5,4,storage_sstore_k1,10,,1686,86918,2,0.126,2.1522,8.3817,2.2983,13.0972,6.6364,11,0,0,0,3,0,0,0,1,163,4,7,36.36,0,0,0,0,0,0,0,0
ubt,bintrie,5,4,storage_sstore_k1,10,,1687,15904313,1,15.5034,32.4007,5.4488,6.0901,60.2524,263.9614,8,702,2,191,3,0,702,0,0,0,0,8,0,185,517,26.35,2,0,100,191,0
ubt,bintrie,5,4,storage_sstore_k1,10,,1688,21000,1,0.0852,20.6868,34.5004,0.7615,56.2917,0.3731,6,0,0,0,2,0,0,0,0,0,2,4,33.33,0,0,0,0,0,0,0,0
ubt,bintrie,5,4,storage_sstore_k1,10,,1689,0,0,0.1097,64.6495,0.0035,0.215,65.3369,0,4,0,0,0,0,0,0,0,0,0,0,4,0,0,0,0,0,0,0,0,0
ubt,bintrie,5,4,storage_sstore_k1,11,,1690,0,0,0.1175,4.6616,0.005,0.4212,5.7483,0,4,0,0,0,0,0,0,0,0,0,0,4,0,0,0,0,0,0,0,0,0
ubt,bintrie,5,4,storage_sstore_k1,11,,1691,0,0,0.0863,68.1823,0.0029,0.1791,68.7639,0,4,0,0,0,0,0,0,0,0,0,0,4,0,0,0,0,0,0,0,0,0
ubt,bintrie,5,4,storage_sstore_k1,11,,1692,0,0,0.0537,0.8607,0.0064,0.3179,9.2678,0,4,0,0,0,0,0,0,0,0,0,0,4,0,0,0,0,0,0,0,0,0
ubt,bintrie,5,4,storage_sstore_k1,11,,1693,0,0,0.3313,51.9868,0.0032,0.1931,52.872,0,4,0,0,0,0,0,0,0,0,0,0,4,0,0,0,0,0,0,0,0,0
ubt,bintrie,5,4,storage_sstore_k1,11,,1694,0,0,0.0685,14.7685,0.0064,0.5305,15.7502,0,4,0,0,0,0,0,0,0,0,0,0,4,0,0,0,0,0,0,0,0,0
ubt,bintrie,5,4,storage_sstore_k1,11,,1695,86918,2,0.152,8.4645,23.7898,4.815,37.5995,2.3117,11,0,0,0,3,0,0,0,1,163,5,6,45.45,0,0,0,0,0,0,0,0
ubt,bintrie,5,4,storage_sstore_k1,11,,1696,15904313,1,12.6411,15.6035,10.7406,22.0926,61.3768,259.126,8,702,2,191,3,0,702,0,0,0,4,4,50,85,617,12.11,2,0,100,191,0
ubt,bintrie,5,4,storage_sstore_k1,11,,1697,21000,1,0.1199,9.5454,43.0364,0.7679,53.9155,0.3895,6,0,0,0,2,0,0,0,0,0,2,4,33.33,0,0,0,0,0,0,0,0
ubt,bintrie,5,4,storage_sstore_k1,11,,1698,0,0,0.4206,61.3117,0.0041,0.1543,63.1086,0,4,0,0,0,0,0,0,0,0,0,0,4,0,0,0,0,0,0,0,0,0
ubt,bintrie,5,4,storage_sstore_k1,12,,1699,0,0,0.1473,44.9712,0.0085,0.9753,47.3074,0,4,0,0,0,0,0,0,0,0,0,0,4,0,0,0,0,0,0,0,0,0
ubt,bintrie,5,4,storage_sstore_k1,12,,1700,0,0,0.0846,2.1224,0.0152,20.8192,26.4952,0,4,0,0,0,0,0,0,0,0,0,0,4,0,0,0,0,0,0,0,0,0
ubt,bintrie,5,4,storage_sstore_k1,12,,1701,0,0,0.0519,18.3748,0.002,0.1557,18.7919,0,4,0,0,0,0,0,0,0,0,0,0,4,0,0,0,0,0,0,0,0,0
ubt,bintrie,5,4,storage_sstore_k1,12,,1702,0,0,0.0933,64.1268,0.0026,0.1613,64.7011,0,4,0,0,0,0,0,0,0,0,0,0,4,0,0,0,0,0,0,0,0,0
ubt,bintrie,5,4,storage_sstore_k1,12,,1703,0,0,0.0481,38.8709,0.0023,0.2155,39.3734,0,4,0,0,0,0,0,0,0,0,0,0,4,0,0,0,0,0,0,0,0,0
ubt,bintrie,5,4,storage_sstore_k1,12,,1704,86918,2,0.6647,40.4129,2.0337,1.7491,45.1214,1.9263,11,0,0,0,3,0,0,0,1,163,4,7,36.36,0,0,0,0,0,0,0,0
ubt,bintrie,5,4,storage_sstore_k1,12,,1705,15904313,1,22.2238,59.5548,8.825,41.5574,132.3544,120.1646,8,702,2,191,3,0,702,0,0,0,4,4,50,142,560,20.23,2,0,100,191,0
ubt,bintrie,5,4,storage_sstore_k1,12,,1706,0,0,0.1441,70.9677,0.0079,0.6323,72.6234,0,4,0,0,0,0,0,0,0,0,0,0,4,0,0,0,0,0,0,0,0,0
ubt,bintrie,5,4,storage_sstore_k1,12,,1707,21000,1,0.0811,8.8974,44.8076,0.6813,54.7193,0.3838,6,0,0,0,2,0,0,0,0,0,2,4,33.33,0,0,0,0,0,0,0,0
ubt,bintrie,5,4,storage_sstore_k1,12,,1708,0,0,0.096,5.8699,0.0047,0.3284,6.5941,0,4,0,0,0,0,0,0,0,0,0,0,4,0,0,0,0,0,0,0,0,0
ubt,bintrie,5,4,storage_sstore_k1,12,,1709,0,0,0.0437,42.8657,0.0029,0.1975,43.3187,0,4,0,0,0,0,0,0,0,0,0,0,4,0,0,0,0,0,0,0,0,0
ubt,bintrie,5,4,storage_sstore_k1,13,,1710,0,0,0.1353,39.7823,0.0038,0.2333,51.3332,0,4,0,0,0,0,0,0,0,0,0,0,4,0,0,0,0,0,0,0,0,0
ubt,bintrie,5,4,storage_sstore_k1,13,,1711,0,0,0.0417,16.9568,0.0032,0.1298,17.3073,0,4,0,0,0,0,0,0,0,0,0,0,4,0,0,0,0,0,0,0,0,0
ubt,bintrie,5,4,storage_sstore_k1,13,,1712,0,0,0.1082,68.4667,0.0041,0.2304,69.0526,0,4,0,0,0,0,0,0,0,0,0,0,4,0,0,0,0,0,0,0,0,0
ubt,bintrie,5,4,storage_sstore_k1,13,,1713,0,0,0.112,32.3888,0.0216,0.3602,33.6551,0,4,0,0,0,0,0,0,0,0,0,0,4,0,0,0,0,0,0,0,0,0
ubt,bintrie,5,4,storage_sstore_k1,13,,1714,0,0,2.0603,4.2025,0.0029,0.21,6.6516,0,4,0,0,0,0,0,0,0,0,0,0,4,0,0,0,0,0,0,0,0,0
ubt,bintrie,5,4,storage_sstore_k1,13,,1715,86918,2,0.147,16.0165,48.2506,1.5922,66.251,1.312,11,0,0,0,3,0,0,0,1,163,5,6,45.45,0,0,0,0,0,0,0,0
ubt,bintrie,5,4,storage_sstore_k1,13,,1716,15904313,1,11.9466,15.7365,5.599,6.5034,40.1807,395.8195,8,702,2,191,3,0,702,0,0,0,4,4,50,52,650,7.41,2,0,100,191,0
ubt,bintrie,5,4,storage_sstore_k1,13,,1717,21000,1,0.0738,9.399,46.5783,0.7604,57.0418,0.3682,6,0,0,0,2,0,0,0,0,0,2,4,33.33,0,0,0,0,0,0,0,0
ubt,bintrie,5,4,storage_sstore_k1,13,,1718,0,0,0.1875,46.8804,0.0023,0.1231,62.3885,0,4,0,0,0,0,0,0,0,0,0,0,4,0,0,0,0,0,0,0,0,0
ubt,bintrie,5,4,storage_sstore_k1,14,,1719,0,0,0.2809,76.683,0.0026,0.6268,78.1755,0,4,0,0,0,0,0,0,0,0,0,0,4,0,0,0,0,0,0,0,0,0
ubt,bintrie,5,4,storage_sstore_k1,14,,1720,0,0,0.1744,70.2817,0.0035,0.1805,72.7357,0,4,0,0,0,0,0,0,0,0,0,0,4,0,0,0,0,0,0,0,0,0
ubt,bintrie,5,4,storage_sstore_k1,14,,1721,0,0,0.0472,46.3222,0.0029,0.1283,46.6646,0,4,0,0,0,0,0,0,0,0,0,0,4,0,0,0,0,0,0,0,0,0
ubt,bintrie,5,4,storage_sstore_k1,14,,1722,0,0,0.1695,49.2901,0.0073,0.5515,50.7755,0,4,0,0,0,0,0,0,0,0,0,0,4,0,0,0,0,0,0,0,0,0
ubt,bintrie,5,4,storage_sstore_k1,14,,1723,0,0,0.0738,21.4857,0.007,0.3036,22.1725,0,4,0,0,0,0,0,0,0,0,0,0,4,0,0,0,0,0,0,0,0,0
ubt,bintrie,5,4,storage_sstore_k1,14,,1724,86918,2,0.1254,7.3845,55.7101,1.9363,65.7292,1.3224,11,0,0,0,3,0,0,0,1,163,5,6,45.45,0,0,0,0,0,0,0,0
ubt,bintrie,5,4,storage_sstore_k1,14,,1725,15904313,1,11.9163,17.2618,4.5318,6.3194,40.3201,394.4509,8,702,2,191,3,0,702,0,0,0,3,5,37.5,16,686,2.28,2,0,100,191,0
ubt,bintrie,5,4,storage_sstore_k1,14,,1726,21000,1,0.093,10.3766,45.6,0.6615,56.987,0.3685,6,0,0,0,2,0,0,0,0,0,0,6,0,0,0,0,0,0,0,0,0
ubt,bintrie,5,4,storage_sstore_k1,14,,1727,0,0,0.133,51.9474,0.0058,0.3232,52.8565,0,4,0,0,0,0,0,0,0,0,0,0,4,0,0,0,0,0,0,0,0,0
ubt,bintrie,5,4,storage_sstore_k1,15,,1728,0,0,0.1105,35.7169,0.0038,0.3025,37.3245,0,4,0,0,0,0,0,0,0,0,0,0,4,0,0,0,0,0,0,0,0,0
ubt,bintrie,5,4,storage_sstore_k1,15,,1729,0,0,0.0642,1.9121,0.0114,0.4949,10.4003,0,4,0,0,0,0,0,0,0,0,0,0,4,0,0,0,0,0,0,0,0,0
ubt,bintrie,5,4,storage_sstore_k1,15,,1730,0,0,0.0965,27.0558,0.0082,5.7716,36.8628,0,4,0,0,0,0,0,0,0,0,0,0,4,0,0,0,0,0,0,0,0,0
ubt,bintrie,5,4,storage_sstore_k1,15,,1731,0,0,0.117,49.6252,0.0038,0.1992,50.457,0,4,0,0,0,0,0,0,0,0,0,0,4,0,0,0,0,0,0,0,0,0
ubt,bintrie,5,4,storage_sstore_k1,15,,1732,0,0,0.1473,36.9809,0.0018,0.2144,37.7958,0,4,0,0,0,0,0,0,0,0,0,0,4,0,0,0,0,0,0,0,0,0
ubt,bintrie,5,4,storage_sstore_k1,15,,1733,86918,2,0.1686,13.2291,56.3168,2.0752,72.321,1.2018,11,0,0,0,3,0,0,0,1,163,7,4,63.64,0,0,0,0,0,0,0,0
ubt,bintrie,5,4,storage_sstore_k1,15,,1734,15904313,1,13.085,63.974,5.9402,3.9587,87.2951,182.1903,8,702,2,191,3,0,702,0,0,0,0,8,0,0,702,0,2,0,100,191,0
ubt,bintrie,5,4,storage_sstore_k1,15,,1735,21000,1,0.3462,16.932,11.6005,0.7318,30.0534,0.6988,6,0,0,0,2,0,0,0,0,0,0,6,0,0,0,0,0,0,0,0,0
ubt,bintrie,5,4,storage_sstore_k1,15,,1736,0,0,0.0455,6.933,0.0026,0.1864,7.3723,0,4,0,0,0,0,0,0,0,0,0,0,4,0,0,0,0,0,0,0,0,0
ubt,bintrie,5,4,storage_sstore_k1,16,,1737,0,0,0.1085,12.5294,0.0023,0.2406,13.2486,0,4,0,0,0,0,0,0,0,0,0,0,4,0,0,0,0,0,0,0,0,0
ubt,bintrie,5,4,storage_sstore_k1,16,,1738,0,0,0.1321,27.6764,0.0055,0.3547,28.5429,0,4,0,0,0,0,0,0,0,0,0,0,4,0,0,0,0,0,0,0,0,0
ubt,bintrie,5,4,storage_sstore_k1,16,,1739,0,0,0.082,47.6285,0.0038,0.1534,49.0728,0,4,0,0,0,0,0,0,0,0,0,0,4,0,0,0,0,0,0,0,0,0
ubt,bintrie,5,4,storage_sstore_k1,16,,1740,0,0,0.0916,41.7551,0.0023,0.138,42.4172,0,4,0,0,0,0,0,0,0,0,0,0,4,0,0,0,0,0,0,0,0,0
ubt,bintrie,5,4,storage_sstore_k1,16,,1741,0,0,0.1797,66.6774,0.0082,0.3302,74.0117,0,4,0,0,0,0,0,0,0,0,0,0,4,0,0,0,0,0,0,0,0,0
ubt,bintrie,5,4,storage_sstore_k1,16,,1742,86918,2,0.6454,3.1721,0.7067,1.7987,6.9301,12.5421,11,0,0,0,3,0,0,0,1,163,4,7,36.36,0,0,0,0,0,0,0,0
ubt,bintrie,5,4,storage_sstore_k1,16,,1743,15904313,1,14.8994,38.3844,6.5629,19.2515,90.8842,174.9953,8,702,2,191,3,0,702,0,0,0,2,6,25,85,617,12.11,2,0,100,191,0
ubt,bintrie,5,4,storage_sstore_k1,16,,1744,21000,1,0.0723,8.6582,43.3828,1.7164,54.1535,0.3878,6,0,0,0,2,0,0,0,0,0,2,4,33.33,0,0,0,0,0,0,0,0
ubt,bintrie,5,4,storage_sstore_k1,16,,1745,0,0,0.1479,8.7227,0.0093,3.2855,13.4108,0,4,0,0,0,0,0,0,0,0,0,0,4,0,0,0,0,0,0,0,0,0
ubt,bintrie,5,4,storage_sstore_k1,17,,1746,0,0,0.1158,42.1345,0.0067,0.6685,43.3898,0,4,0,0,0,0,0,0,0,0,0,0,4,0,0,0,0,0,0,0,0,0
ubt,bintrie,5,4,storage_sstore_k1,17,,1747,0,0,0.2733,14.3663,0.0044,0.2112,74.9106,0,4,0,0,0,0,0,0,0,0,0,0,4,0,0,0,0,0,0,0,0,0
ubt,bintrie,5,4,storage_sstore_k1,17,,1748,0,0,0.0662,0.7639,0.0026,0.1881,1.2419,0,4,0,0,0,0,0,0,0,0,0,0,4,0,0,0,0,0,0,0,0,0
ubt,bintrie,5,4,storage_sstore_k1,17,,1749,0,0,0.2362,24.2905,0.0032,0.1759,25.1034,0,4,0,0,0,0,0,0,0,0,0,0,4,0,0,0,0,0,0,0,0,0
ubt,bintrie,5,4,storage_sstore_k1,17,,1750,0,0,0.068,17.4412,0.0026,0.2392,34.487,0,4,0,0,0,0,0,0,0,0,0,0,4,0,0,0,0,0,0,0,0,0
ubt,bintrie,5,4,storage_sstore_k1,17,,1751,86918,2,0.1429,7.1585,30.7975,2.0454,41.8516,2.0768,11,0,0,0,3,0,0,0,1,163,5,6,45.45,0,0,0,0,0,0,0,0
ubt,bintrie,5,4,storage_sstore_k1,17,,1752,15904313,1,12.8899,16.3781,3.4912,4.0853,37.0947,428.7492,8,702,2,191,3,0,702,0,0,0,1,7,12.5,63,639,8.97,2,0,100,191,0
ubt,bintrie,5,4,storage_sstore_k1,17,,1753,21000,1,0.0919,12.9138,42.3553,0.7309,56.3331,0.3728,6,0,0,0,2,0,0,0,0,0,0,6,0,0,0,0,0,0,0,0,0
ubt,bintrie,5,4,storage_sstore_k1,17,,1754,0,0,0.0817,13.6584,0.0029,0.1887,32.0755,0,4,0,0,0,0,0,0,0,0,0,0,4,0,0,0,0,0,0,0,0,0
ubt,bintrie,5,4,storage_sstore_k1,17,,1755,0,0,0.0621,2.9787,0.0035,0.1654,3.5148,0,4,0,0,0,0,0,0,0,0,0,0,4,0,0,0,0,0,0,0,0,0
ubt,bintrie,5,4,storage_sstore_k1,18,,1756,0,0,0.6326,5.2895,0.0026,0.2193,6.3716,0,4,0,0,0,0,0,0,0,0,0,0,4,0,0,0,0,0,0,0,0,0
ubt,bintrie,5,4,storage_sstore_k1,18,,1757,0,0,0.135,45.6452,0.0026,0.3019,46.9035,0,4,0,0,0,0,0,0,0,0,0,0,4,0,0,0,0,0,0,0,0,0
ubt,bintrie,5,4,storage_sstore_k1,18,,1758,0,0,0.0516,46.3785,0.005,0.1671,46.7947,0,4,0,0,0,0,0,0,0,0,0,0,4,0,0,0,0,0,0,0,0,0
ubt,bintrie,5,4,storage_sstore_k1,18,,1759,0,0,0.1875,24.465,0.0061,0.5031,25.7742,0,4,0,0,0,0,0,0,0,0,0,0,4,0,0,0,0,0,0,0,0,0
ubt,bintrie,5,4,storage_sstore_k1,18,,1760,0,0,0.1062,35.3867,0.0026,0.2453,44.9738,0,4,0,0,0,0,0,0,0,0,0,0,4,0,0,0,0,0,0,0,0,0
ubt,bintrie,5,4,storage_sstore_k1,18,,1761,86918,2,0.1727,5.7889,46.6582,1.8001,54.6826,1.5895,11,0,0,0,3,0,0,0,1,163,5,6,45.45,0,0,0,0,0,0,0,0
ubt,bintrie,5,4,storage_sstore_k1,18,,1762,15904313,1,15.6224,56.4057,10.8156,4.2474,87.9338,180.8669,8,702,2,191,3,0,702,0,0,0,3,5,37.5,110,592,15.67,2,0,100,191,0
ubt,bintrie,5,4,storage_sstore_k1,18,,1763,21000,1,0.3159,13.8392,21.0908,1.0322,43.3817,0.4841,6,0,0,0,2,0,0,0,0,0,0,6,0,0,0,0,0,0,0,0,0
ubt,bintrie,5,4,storage_sstore_k1,18,,1764,0,0,0.0808,6.5822,0.0155,1.0298,8.993,0,4,0,0,0,0,0,0,0,0,0,0,4,0,0,0,0,0,0,0,0,0
ubt,bintrie,5,4,storage_sstore_k1,19,,1765,0,0,0.1365,90.4351,0.007,0.4562,91.5052,0,4,0,0,0,0,0,0,0,0,0,0,4,0,0,0,0,0,0,0,0,0
ubt,bintrie,5,4,storage_sstore_k1,19,,1766,0,0,0.049,25.6628,0.0032,0.1575,26.0994,0,4,0,0,0,0,0,0,0,0,0,0,4,0,0,0,0,0,0,0,0,0
ubt,bintrie,5,4,storage_sstore_k1,19,,1767,0,0,0.0452,18.7344,0.0038,0.2027,20.5459,0,4,0,0,0,0,0,0,0,0,0,0,4,0,0,0,0,0,0,0,0,0
ubt,bintrie,5,4,storage_sstore_k1,19,,1768,0,0,0.1065,55.8907,0.0026,0.3576,56.9091,0,4,0,0,0,0,0,0,0,0,0,0,4,0,0,0,0,0,0,0,0,0
ubt,bintrie,5,4,storage_sstore_k1,19,,1769,0,0,0.0662,44.3398,0.002,0.1298,44.7866,0,4,0,0,0,0,0,0,0,0,0,0,4,0,0,0,0,0,0,0,0,0
ubt,bintrie,5,4,storage_sstore_k1,19,,1770,86918,2,0.1298,7.7433,50.7373,2.0889,60.8757,1.4278,11,0,0,0,3,0,0,0,1,163,6,5,54.55,0,0,0,0,0,0,0,0
ubt,bintrie,5,4,storage_sstore_k1,19,,1771,15904313,1,23.2831,42.428,3.9429,3.6629,73.5034,216.3753,8,702,2,191,3,0,702,0,0,0,2,6,25,286,416,40.74,2,0,100,191,0
ubt,bintrie,5,4,storage_sstore_k1,19,,1772,21000,1,0.0659,15.4445,25.2116,26.4818,67.8959,0.3093,6,0,0,0,2,0,0,0,0,0,2,4,33.33,0,0,0,0,0,0,0,0
ubt,bintrie,5,4,storage_sstore_k1,19,,1773,0,0,0.1012,15.4238,0.0102,0.8312,17.2811,0,4,0,0,0,0,0,0,0,0,0,0,4,0,0,0,0,0,0,0,0,0
ubt,bintrie,5,4,storage_sstore_k1,1,,1598,0,0,0.161,79.4144,0.0035,0.1732,80.3544,0,4,0,0,0,0,0,0,0,0,0,0,4,0,0,0,0,0,0,0,0,0
ubt,bintrie,5,4,storage_sstore_k1,1,,1599,0,0,0.1339,2.4254,0.0023,0.1505,3.1432,0,4,0,0,0,0,0,0,0,0,0,0,4,0,0,0,0,0,0,0,0,0
ubt,bintrie,5,4,storage_sstore_k1,1,,1600,0,0,0.0607,21.3232,0.0055,2.6608,25.9705,0,4,0,0,0,0,0,0,0,0,0,0,4,0,0,0,0,0,0,0,0,0
ubt,bintrie,5,4,storage_sstore_k1,1,,1601,0,0,0.1312,24.1351,0.0029,0.215,24.8001,0,4,0,0,0,0,0,0,0,0,0,0,4,0,0,0,0,0,0,0,0,0
ubt,bintrie,5,4,storage_sstore_k1,1,,1602,0,0,0.128,3.8385,0.0178,9.3453,15.8088,0,4,0,0,0,0,0,0,0,0,0,0,4,0,0,0,0,0,0,0,0,0
ubt,bintrie,5,4,storage_sstore_k1,1,,1603,86918,2,0.1409,14.86,0.9832,4.0832,20.2339,4.2957,11,0,0,0,3,0,0,0,1,163,4,7,36.36,0,0,0,0,0,0,0,0
ubt,bintrie,5,4,storage_sstore_k1,1,,1604,15904313,1,15.5568,24.0027,64.0877,4.2556,108.2146,146.9701,8,702,2,191,3,0,702,0,0,0,2,6,25,46,656,6.55,2,0,100,191,0
ubt,bintrie,5,4,storage_sstore_k1,1,,1605,21000,1,0.1668,22.8008,32.2138,0.7084,56.2404,0.3734,6,0,0,0,2,0,0,0,0,0,2,4,33.33,0,0,0,0,0,0,0,0
ubt,bintrie,5,4,storage_sstore_k1,1,,1606,0,0,0.2135,12.6469,0.0029,0.1762,27.9768,0,4,0,0,0,0,0,0,0,0,0,0,4,0,0,0,0,0,0,0,0,0
ubt,bintrie,5,4,storage_sstore_k1,20,,1774,0,0,0.1132,4.0879,0.0041,0.2202,5.2881,0,4,0,0,0,0,0,0,0,0,0,0,4,0,0,0,0,0,0,0,0,0
ubt,bintrie,5,4,storage_sstore_k1,20,,1775,0,0,0.1858,45.7887,0.0041,0.2053,57.6321,0,4,0,0,0,0,0,0,0,0,0,0,4,0,0,0,0,0,0,0,0,0
ubt,bintrie,5,4,storage_sstore_k1,20,,1776,0,0,2.2332,3.0175,0.0029,0.2208,6.4425,0,4,0,0,0,0,0,0,0,0,0,0,4,0,0,0,0,0,0,0,0,0
ubt,bintrie,5,4,storage_sstore_k1,20,,1777,0,0,0.166,2.6847,0.0067,0.4696,4.2404,0,4,0,0,0,0,0,0,0,0,0,0,4,0,0,0,0,0,0,0,0,0
ubt,bintrie,5,4,storage_sstore_k1,20,,1778,0,0,0.0531,3.5889,0.0029,0.1595,5.5733,0,4,0,0,0,0,0,0,0,0,0,0,4,0,0,0,0,0,0,0,0,0
ubt,bintrie,5,4,storage_sstore_k1,20,,1779,86918,2,0.6577,55.0463,1.71,2.0428,59.7569,1.4545,11,0,0,0,3,0,0,0,1,163,4,7,36.36,0,0,0,0,0,0,0,0
ubt,bintrie,5,4,storage_sstore_k1,20,,1780,15904313,1,20.3161,58.475,10.3361,4.598,94.2523,168.7419,8,702,2,191,3,0,702,0,0,0,3,5,37.5,103,599,14.67,2,0,100,191,0
ubt,bintrie,5,4,storage_sstore_k1,20,,1781,0,0,0.3474,46.1256,0.0026,0.245,47.9152,0,4,0,0,0,0,0,0,0,0,0,0,4,0,0,0,0,0,0,0,0,0
ubt,bintrie,5,4,storage_sstore_k1,20,,1782,21000,1,0.1277,10.8871,42.5726,0.7023,54.7535,0.3835,6,0,0,0,2,0,0,0,0,0,2,4,33.33,0,0,0,0,0,0,0,0
ubt,bintrie,5,4,storage_sstore_k1,20,,1783,0,0,0.1788,13.1687,0.0026,0.1954,51.0652,0,4,0,0,0,0,0,0,0,0,0,0,4,0,0,0,0,0,0,0,0,0
ubt,bintrie,5,4,storage_sstore_k1,20,,1784,0,0,0.049,6.8522,0.0017,0.1248,7.2002,0,4,0,0,0,0,0,0,0,0,0,0,4,0,0,0,0,0,0,0,0,0
ubt,bintrie,5,4,storage_sstore_k1,2,,1607,0,0,0.068,12.5411,0.0018,0.2161,13.0124,0,4,0,0,0,0,0,0,0,0,0,0,4,0,0,0,0,0,0,0,0,0
ubt,bintrie,5,4,storage_sstore_k1,2,,1608,0,0,0.0449,32.0446,0.0026,0.1458,32.434,0,4,0,0,0,0,0,0,0,0,0,0,4,0,0,0,0,0,0,0,0,0
ubt,bintrie,5,4,storage_sstore_k1,2,,1609,0,0,0.0353,0.6939,0.0026,0.1339,0.9902,0,4,0,0,0,0,0,0,0,0,0,0,4,0,0,0,0,0,0,0,0,0
ubt,bintrie,5,4,storage_sstore_k1,2,,1610,0,0,0.0817,68.9173,0.0029,0.114,69.4324,0,4,0,0,0,0,0,0,0,0,0,0,4,0,0,0,0,0,0,0,0,0
ubt,bintrie,5,4,storage_sstore_k1,2,,1611,0,0,0.1254,14.926,0.0108,23.7379,44.672,0,4,0,0,0,0,0,0,0,0,0,0,4,0,0,0,0,0,0,0,0,0
ubt,bintrie,5,4,storage_sstore_k1,2,,1612,86918,2,0.2657,12.1779,51.1588,2.0778,65.9923,1.3171,11,0,0,0,3,0,0,0,1,163,6,5,54.55,0,0,0,0,0,0,0,0
ubt,bintrie,5,4,storage_sstore_k1,2,,1613,15904313,1,11.998,17.8501,14.5398,37.5412,82.2237,193.4274,8,702,2,191,3,0,702,0,0,0,4,4,50,74,628,10.54,2,0,100,191,0
ubt,bintrie,5,4,storage_sstore_k1,2,,1614,0,0,0.278,1.9547,0.0085,20.7116,77.7919,0,4,0,0,0,0,0,0,0,0,0,0,4,0,0,0,0,0,0,0,0,0
ubt,bintrie,5,4,storage_sstore_k1,2,,1615,21000,1,0.0925,9.8735,48.393,0.8353,59.6023,0.3523,6,0,0,0,2,0,0,0,0,0,2,4,33.33,0,0,0,0,0,0,0,0
ubt,bintrie,5,4,storage_sstore_k1,2,,1616,0,0,0.0437,5.8329,0.0032,0.1721,6.2412,0,4,0,0,0,0,0,0,0,0,0,0,4,0,0,0,0,0,0,0,0,0
ubt,bintrie,5,4,storage_sstore_k1,2,,1617,0,0,0.0388,4.3956,0.0018,0.1528,4.747,0,4,0,0,0,0,0,0,0,0,0,0,4,0,0,0,0,0,0,0,0,0
ubt,bintrie,5,4,storage_sstore_k1,3,,1618,0,0,0.3293,38.6466,0.0079,0.679,40.3528,0,4,0,0,0,0,0,0,0,0,0,0,4,0,0,0,0,0,0,0,0,0
ubt,bintrie,5,4,storage_sstore_k1,3,,1619,0,0,0.173,3.9914,0.0178,0.945,39.3588,0,4,0,0,0,0,0,0,0,0,0,0,4,0,0,0,0,0,0,0,0,0
ubt,bintrie,5,4,storage_sstore_k1,3,,1620,0,0,0.065,22.7824,0.0029,0.2103,23.2412,0,4,0,0,0,0,0,0,0,0,0,0,4,0,0,0,0,0,0,0,0,0
ubt,bintrie,5,4,storage_sstore_k1,3,,1621,0,0,0.1604,36.7896,0.0053,0.331,37.8183,0,4,0,0,0,0,0,0,0,0,0,0,4,0,0,0,0,0,0,0,0,0
ubt,bintrie,5,4,storage_sstore_k1,3,,1622,0,0,0.0814,5.4193,0.0023,0.2007,35.6781,0,4,0,0,0,0,0,0,0,0,0,0,4,0,0,0,0,0,0,0,0,0
ubt,bintrie,5,4,storage_sstore_k1,3,,1623,86918,2,0.1496,16.9754,65.0593,1.8958,92.8865,0.9357,11,0,0,0,3,0,0,0,1,163,5,6,45.45,0,0,0,0,0,0,0,0
ubt,bintrie,5,4,storage_sstore_k1,3,,1624,15904313,1,27.8257,43.018,5.2974,4.0456,80.4551,197.6794,8,702,2,191,3,0,702,0,0,0,2,6,25,377,325,53.7,2,0,100,191,0
ubt,bintrie,5,4,storage_sstore_k1,3,,1625,21000,1,0.0764,12.6577,1.4242,0.8295,49.3461,0.4256,6,0,0,0,2,0,0,0,0,0,2,4,33.33,0,0,0,0,0,0,0,0
ubt,bintrie,5,4,storage_sstore_k1,3,,1626,0,0,0.0435,5.9017,0.002,0.1409,6.2745,0,4,0,0,0,0,0,0,0,0,0,0,4,0,0,0,0,0,0,0,0,0
ubt,bintrie,5,4,storage_sstore_k1,4,,1627,0,0,0.0892,6.2526,0.0026,0.1849,6.7925,0,4,0,0,0,0,0,0,0,0,0,0,4,0,0,0,0,0,0,0,0,0
ubt,bintrie,5,4,storage_sstore_k1,4,,1628,0,0,0.0697,1.1871,0.0064,0.2992,2.0302,0,4,0,0,0,0,0,0,0,0,0,0,4,0,0,0,0,0,0,0,0,0
ubt,bintrie,5,4,storage_sstore_k1,4,,1629,0,0,0.0405,3.0038,0.0035,0.2199,3.8356,0,4,0,0,0,0,0,0,0,0,0,0,4,0,0,0,0,0,0,0,0,0
ubt,bintrie,5,4,storage_sstore_k1,4,,1630,0,0,0.0365,1.7914,0.002,0.124,2.1466,0,4,0,0,0,0,0,0,0,0,0,0,4,0,0,0,0,0,0,0,0,0
ubt,bintrie,5,4,storage_sstore_k1,4,,1631,0,0,0.0715,9.0837,0.0026,0.1502,33.7916,0,4,0,0,0,0,0,0,0,0,0,0,4,0,0,0,0,0,0,0,0,0
ubt,bintrie,5,4,storage_sstore_k1,4,,1632,86918,2,0.133,1.7969,0.9266,3.842,6.9033,12.5908,11,0,0,0,3,0,0,0,1,163,6,5,54.55,0,0,0,0,0,0,0,0
ubt,bintrie,5,4,storage_sstore_k1,4,,1633,15904313,1,14.9805,18.4066,35.5177,9.2745,91.6046,173.6191,8,702,2,191,3,0,702,0,0,0,3,5,37.5,77,625,10.97,2,0,100,191,0
ubt,bintrie,5,4,storage_sstore_k1,4,,1634,21000,1,0.7049,44.1788,19.1611,1.0602,65.5002,0.3206,6,0,0,0,2,0,0,0,0,0,0,6,0,0,0,0,0,0,0,0,0
ubt,bintrie,5,4,storage_sstore_k1,4,,1635,0,0,0.1181,7.5277,0.0076,3.0108,11.4727,0,4,0,0,0,0,0,0,0,0,0,0,4,0,0,0,0,0,0,0,0,0
ubt,bintrie,5,4,storage_sstore_k1,5,,1636,0,0,0.1108,16.7996,0.0044,0.2555,20.331,0,4,0,0,0,0,0,0,0,0,0,0,4,0,0,0,0,0,0,0,0,0
ubt,bintrie,5,4,storage_sstore_k1,5,,1637,0,0,0.1371,10.7786,0.0047,0.3657,11.7547,0,4,0,0,0,0,0,0,0,0,0,0,4,0,0,0,0,0,0,0,0,0
ubt,bintrie,5,4,storage_sstore_k1,5,,1638,0,0,0.1324,17.1796,0.0041,0.142,18.2322,0,4,0,0,0,0,0,0,0,0,0,0,4,0,0,0,0,0,0,0,0,0
ubt,bintrie,5,4,storage_sstore_k1,5,,1639,0,0,0.4191,12.0875,0.0052,0.4652,13.5703,0,4,0,0,0,0,0,0,0,0,0,0,4,0,0,0,0,0,0,0,0,0
ubt,bintrie,5,4,storage_sstore_k1,5,,1640,0,0,0.1181,13.1541,0.002,0.1225,13.7065,0,4,0,0,0,0,0,0,0,0,0,0,4,0,0,0,0,0,0,0,0,0
ubt,bintrie,5,4,storage_sstore_k1,5,,1641,86918,2,0.5492,43.8055,1.7325,1.9171,48.2626,1.8009,11,0,0,0,3,0,0,0,1,163,4,7,36.36,0,0,0,0,0,0,0,0
ubt,bintrie,5,4,storage_sstore_k1,5,,1642,15904313,1,19.8591,61.0577,3.9461,11.597,96.769,164.3533,8,702,2,191,3,0,702,0,0,0,2,6,25,16,686,2.28,2,0,100,191,0
ubt,bintrie,5,4,storage_sstore_k1,5,,1643,21000,1,0.1024,9.4611,41.6227,0.714,52.1708,0.4025,6,0,0,0,2,0,0,0,0,0,2,4,33.33,0,0,0,0,0,0,0,0
ubt,bintrie,5,4,storage_sstore_k1,5,,1644,0,0,0.0866,62.5093,0.0023,0.17,63.211,0,4,0,0,0,0,0,0,0,0,0,0,4,0,0,0,0,0,0,0,0,0
ubt,bintrie,5,4,storage_sstore_k1,6,,1645,0,0,0.1493,24.0456,0.0047,0.4354,25.0101,0,4,0,0,0,0,0,0,0,0,0,0,4,0,0,0,0,0,0,0,0,0
ubt,bintrie,5,4,storage_sstore_k1,6,,1646,0,0,0.2059,3.2158,0.0038,0.1473,4.2259,0,4,0,0,0,0,0,0,0,0,0,0,4,0,0,0,0,0,0,0,0,0
ubt,bintrie,5,4,storage_sstore_k1,6,,1647,0,0,0.0411,4.3326,0.0032,0.1336,6.1237,0,4,0,0,0,0,0,0,0,0,0,0,4,0,0,0,0,0,0,0,0,0
ubt,bintrie,5,4,storage_sstore_k1,6,,1648,0,0,0.131,6.133,0.0041,0.3246,7.1413,0,4,0,0,0,0,0,0,0,0,0,0,4,0,0,0,0,0,0,0,0,0
ubt,bintrie,5,4,storage_sstore_k1,6,,1649,0,0,0.0335,7.0392,0.0254,0.541,11.0317,0,4,0,0,0,0,0,0,0,0,0,0,4,0,0,0,0,0,0,0,0,0
ubt,bintrie,5,4,storage_sstore_k1,6,,1650,86918,2,0.2269,44.4066,5.517,1.906,52.4946,1.6558,11,0,0,0,3,0,0,0,1,163,4,7,36.36,0,0,0,0,0,0,0,0
ubt,bintrie,5,4,storage_sstore_k1,6,,1651,15904313,1,16.6389,51.7864,15.0928,3.8085,87.7407,181.2649,8,702,2,191,3,0,702,0,0,0,0,8,0,93,609,13.25,2,0,100,191,0
ubt,bintrie,5,4,storage_sstore_k1,6,,1652,21000,1,0.3803,39.4627,2.1466,1.6085,45.6549,0.46,6,0,0,0,2,0,0,0,0,0,0,6,0,0,0,0,0,0,0,0,0
ubt,bintrie,5,4,storage_sstore_k1,6,,1653,0,0,0.0837,2.0334,0.0082,14.8274,18.3521,0,4,0,0,0,0,0,0,0,0,0,0,4,0,0,0,0,0,0,0,0,0
ubt,bintrie,5,4,storage_sstore_k1,7,,1654,0,0,0.3824,43.8393,0.0055,0.6589,45.88,0,4,0,0,0,0,0,0,0,0,0,0,4,0,0,0,0,0,0,0,0,0
ubt,bintrie,5,4,storage_sstore_k1,7,,1655,0,0,0.0443,1.6362,0.012,2.8938,10.3962,0,4,0,0,0,0,0,0,0,0,0,0,4,0,0,0,0,0,0,0,0,0
ubt,bintrie,5,4,storage_sstore_k1,7,,1656,0,0,0.1199,28.9233,0.0041,0.1085,29.4062,0,4,0,0,0,0,0,0,0,0,0,0,4,0,0,0,0,0,0,0,0,0
ubt,bintrie,5,4,storage_sstore_k1,7,,1657,0,0,0.2123,65.8902,0.0053,0.4389,67.0245,0,4,0,0,0,0,0,0,0,0,0,0,4,0,0,0,0,0,0,0,0,0
ubt,bintrie,5,4,storage_sstore_k1,7,,1658,0,0,0.0907,3.252,0.0128,0.5492,7.3139,0,4,0,0,0,0,0,0,0,0,0,0,4,0,0,0,0,0,0,0,0,0
ubt,bintrie,5,4,storage_sstore_k1,7,,1659,86918,2,0.1765,2.5447,7.4709,1.9165,12.4089,7.0045,11,0,0,0,3,0,0,0,1,163,5,6,45.45,0,0,0,0,0,0,0,0
ubt,bintrie,5,4,storage_sstore_k1,7,,1660,15904313,1,28.5537,14.4502,4.0552,11.9,59.2112,268.6031,8,702,2,191,3,0,702,0,0,0,3,5,37.5,585,117,83.33,2,0,100,191,0
ubt,bintrie,5,4,storage_sstore_k1,7,,1661,21000,1,0.3436,26.5529,23.8122,0.7361,51.6622,0.4065,6,0,0,0,2,0,0,0,0,0,0,6,0,0,0,0,0,0,0,0,0
ubt,bintrie,5,4,storage_sstore_k1,7,,1662,0,0,0.042,7.1556,0.0032,0.1248,7.5651,0,4,0,0,0,0,0,0,0,0,0,0,4,0,0,0,0,0,0,0,0,0
ubt,bintrie,5,4,storage_sstore_k1,8,,1663,0,0,0.1549,17.5585,0.007,0.849,19.0071,0,4,0,0,0,0,0,0,0,0,0,0,4,0,0,0,0,0,0,0,0,0
ubt,bintrie,5,4,storage_sstore_k1,8,,1664,0,0,0.135,4.4364,0.0128,0.4486,21.9812,0,4,0,0,0,0,0,0,0,0,0,0,4,0,0,0,0,0,0,0,0,0
ubt,bintrie,5,4,storage_sstore_k1,8,,1665,0,0,0.0852,48.1559,0.0038,0.1312,49.3741,0,4,0,0,0,0,0,0,0,0,0,0,4,0,0,0,0,0,0,0,0,0
ubt,bintrie,5,4,storage_sstore_k1,8,,1666,0,0,0.182,83.4804,0.005,0.3287,88.9645,0,4,0,0,0,0,0,0,0,0,0,0,4,0,0,0,0,0,0,0,0,0
ubt,bintrie,5,4,storage_sstore_k1,8,,1667,0,0,0.1,23.5168,0.0087,36.0225,61.5068,0,4,0,0,0,0,0,0,0,0,0,0,4,0,0,0,0,0,0,0,0,0
ubt,bintrie,5,4,storage_sstore_k1,8,,1668,86918,2,0.2645,5.3794,52.5304,1.3874,59.7645,1.4543,11,0,0,0,3,0,0,0,1,163,5,6,45.45,0,0,0,0,0,0,0,0
ubt,bintrie,5,4,storage_sstore_k1,8,,1669,15904313,1,15.0435,29.9954,12.8038,4.3043,62.8479,253.0604,8,702,2,191,3,0,702,0,0,0,2,6,25,134,568,19.09,2,0,100,191,0
ubt,bintrie,5,4,storage_sstore_k1,8,,1670,21000,1,0.7965,5.1201,12.637,0.7767,37.3009,0.563,6,0,0,0,2,0,0,0,0,0,0,6,0,0,0,0,0,0,0,0,0
ubt,bintrie,5,4,storage_sstore_k1,8,,1671,0,0,0.1015,77.9028,0.0035,0.1487,79.3535,0,4,0,0,0,0,0,0,0,0,0,0,4,0,0,0,0,0,0,0,0,0
ubt,bintrie,5,4,storage_sstore_k1,9,,1672,0,0,0.3039,50.8514,0.007,0.6151,52.536,0,4,0,0,0,0,0,0,0,0,0,0,4,0,0,0,0,0,0,0,0,0
ubt,bintrie,5,4,storage_sstore_k1,9,,1673,0,0,0.1875,4.5391,0.0169,3.1202,10.4773,0,4,0,0,0,0,0,0,0,0,0,0,4,0,0,0,0,0,0,0,0,0
ubt,bintrie,5,4,storage_sstore_k1,9,,1674,0,0,0.0283,0.7044,0.0032,0.1665,1.1173,0,4,0,0,0,0,0,0,0,0,0,0,4,0,0,0,0,0,0,0,0,0
ubt,bintrie,5,4,storage_sstore_k1,9,,1675,0,0,0.1765,61.3549,0.0032,0.203,62.2054,0,4,0,0,0,0,0,0,0,0,0,0,4,0,0,0,0,0,0,0,0,0
ubt,bintrie,5,4,storage_sstore_k1,9,,1676,0,0,0.0577,60.8509,0.0023,0.1528,61.2896,0,4,0,0,0,0,0,0,0,0,0,0,4,0,0,0,0,0,0,0,0,0
ubt,bintrie,5,4,storage_sstore_k1,9,,1677,86918,2,0.5757,30.7604,1.6802,1.7794,35.2426,2.4663,11,0,0,0,3,0,0,0,1,163,4,7,36.36,0,0,0,0,0,0,0,0
ubt,bintrie,5,4,storage_sstore_k1,9,,1678,15904313,1,22.3402,47.231,19.4919,19.7258,109.5921,145.1228,8,702,2,191,3,0,702,0,0,0,0,8,0,66,636,9.4,2,0,100,191,0
ubt,bintrie,5,4,storage_sstore_k1,9,,1679,21000,1,0.0922,10.1809,39.043,2.1414,51.7261,0.406,6,0,0,0,2,0,0,0,0,0,2,4,33.33,0,0,0,0,0,0,0,0
ubt,bintrie,5,4,storage_sstore_k1,9,,1680,0,0,0.0869,25.9507,0.0064,0.4124,26.9683,0,4,0,0,0,0,0,0,0,0,0,0,4,0,0,0,0,0,0,0,0,0
ubt,bintrie,5,4,storage_sstore_k10,10,,1873,0,0,0.0586,5.7999,0.0032,0.1835,6.2838,0,4,0,0,0,0,0,0,0,0,0,0,4,0,0,0,0,0,0,0,0,0
ubt,bintrie,5,4,storage_sstore_k10,10,,1874,0,0,0.1097,44.3617,0.0029,0.2027,45.0476,0,4,0,0,0,0,0,0,0,0,0,0,4,0,0,0,0,0,0,0,0,0
ubt,bintrie,5,4,storage_sstore_k10,10,,1875,0,0,0.0682,70.8073,0.005,0.2158,71.3708,0,4,0,0,0,0,0,0,0,0,0,0,4,0,0,0,0,0,0,0,0,0
ubt,bintrie,5,4,storage_sstore_k10,10,,1876,0,0,0.0251,1.5391,0.0012,0.0811,1.7625,0,4,0,0,0,0,0,0,0,0,0,0,4,0,0,0,0,0,0,0,0,0
ubt,bintrie,5,4,storage_sstore_k10,10,,1877,0,0,0.1598,43.8988,0.0023,0.1975,44.7076,0,4,0,0,0,0,0,0,0,0,0,0,4,0,0,0,0,0,0,0,0,0
ubt,bintrie,5,4,storage_sstore_k10,10,,1878,86950,2,0.1403,8.858,44.5107,3.4101,57.8628,1.5027,11,0,0,0,3,0,0,0,1,165,5,6,45.45,0,0,0,0,0,0,0,0
ubt,bintrie,5,4,storage_sstore_k10,10,,1879,15907288,1,13.3536,15.6837,86.0619,4.4163,119.6934,132.9003,17,764,11,445,12,0,692,0,0,0,3,14,17.65,55,709,7.2,11,0,100,445,0
ubt,bintrie,5,4,storage_sstore_k10,10,,1880,21000,1,0.0729,9.46,44.2112,0.7423,54.7138,0.3838,6,0,0,0,2,0,0,0,0,0,2,4,33.33,0,0,0,0,0,0,0,0
ubt,bintrie,5,4,storage_sstore_k10,10,,1881,0,0,0.1508,69.2807,0.002,0.1537,70.9764,0,4,0,0,0,0,0,0,0,0,0,0,4,0,0,0,0,0,0,0,0,0
ubt,bintrie,5,4,storage_sstore_k10,11,,1882,0,0,0.0557,4.796,0.0029,0.1657,5.6372,0,4,0,0,0,0,0,0,0,0,0,0,4,0,0,0,0,0,0,0,0,0
ubt,bintrie,5,4,storage_sstore_k10,11,,1883,0,0,0.2794,24.033,0.0029,0.1467,25.1396,0,4,0,0,0,0,0,0,0,0,0,0,4,0,0,0,0,0,0,0,0,0
ubt,bintrie,5,4,storage_sstore_k10,11,,1884,0,0,0.0857,18.7974,0.0061,0.2736,19.554,0,4,0,0,0,0,0,0,0,0,0,0,4,0,0,0,0,0,0,0,0,0
ubt,bintrie,5,4,storage_sstore_k10,11,,1885,0,0,0.1062,3.2637,0.0128,0.8659,5.9907,0,4,0,0,0,0,0,0,0,0,0,0,4,0,0,0,0,0,0,0,0,0
ubt,bintrie,5,4,storage_sstore_k10,11,,1886,0,0,0.0706,38.7137,0.0035,0.1695,40.5605,0,4,0,0,0,0,0,0,0,0,0,0,4,0,0,0,0,0,0,0,0,0
ubt,bintrie,5,4,storage_sstore_k10,11,,1887,86950,2,0.1636,15.0794,53.6081,3.6259,73.1125,1.1893,11,0,0,0,3,0,0,0,1,165,7,4,63.64,0,0,0,0,0,0,0,0
ubt,bintrie,5,4,storage_sstore_k10,11,,1888,15907288,1,29.0329,51.603,8.8008,5.9344,95.6555,166.2977,17,764,11,445,12,0,692,0,0,0,4,13,23.53,326,438,42.67,11,0,100,445,0
ubt,bintrie,5,4,storage_sstore_k10,11,,1889,21000,1,1.0896,32.5903,15.5755,0.9578,51.3005,0.4094,6,0,0,0,2,0,0,0,0,0,0,6,0,0,0,0,0,0,0,0,0
ubt,bintrie,5,4,storage_sstore_k10,11,,1890,0,0,0.0965,7.1763,0.0117,1.1486,9.6478,0,4,0,0,0,0,0,0,0,0,0,0,4,0,0,0,0,0,0,0,0,0
ubt,bintrie,5,4,storage_sstore_k10,11,,1891,0,0,0.175,30.5449,0.0155,1.3865,33.6767,0,4,0,0,0,0,0,0,0,0,0,0,4,0,0,0,0,0,0,0,0,0
ubt,bintrie,5,4,storage_sstore_k10,12,,1892,0,0,0.1715,21.5632,0.007,0.3716,22.5881,0,4,0,0,0,0,0,0,0,0,0,0,4,0,0,0,0,0,0,0,0,0
ubt,bintrie,5,4,storage_sstore_k10,12,,1893,0,0,0.0467,1.6765,0.0195,1.0648,17.6722,0,4,0,0,0,0,0,0,0,0,0,0,4,0,0,0,0,0,0,0,0,0
ubt,bintrie,5,4,storage_sstore_k10,12,,1894,0,0,0.0764,12.9398,0.0035,0.1362,39.8234,0,4,0,0,0,0,0,0,0,0,0,0,4,0,0,0,0,0,0,0,0,0
ubt,bintrie,5,4,storage_sstore_k10,12,,1895,0,0,0.1091,61.4333,0.0023,8.4978,70.499,0,4,0,0,0,0,0,0,0,0,0,0,4,0,0,0,0,0,0,0,0,0
ubt,bintrie,5,4,storage_sstore_k10,12,,1896,0,0,0.0802,9.532,0.0079,1.9483,11.9959,0,4,0,0,0,0,0,0,0,0,0,0,4,0,0,0,0,0,0,0,0,0
ubt,bintrie,5,4,storage_sstore_k10,12,,1897,86950,2,0.5565,13.2221,5.9347,1.7922,21.775,3.9931,11,0,0,0,3,0,0,0,1,165,4,7,36.36,0,0,0,0,0,0,0,0
ubt,bintrie,5,4,storage_sstore_k10,12,,1898,15907288,1,26.27,53.3395,90.2668,6.623,176.9158,89.9145,17,764,11,445,12,0,692,0,0,0,4,13,23.53,261,503,34.16,11,0,100,445,0
ubt,bintrie,5,4,storage_sstore_k10,12,,1899,21000,1,0.0878,3.7373,49.8594,0.728,54.6307,0.3844,6,0,0,0,2,0,0,0,0,0,2,4,33.33,0,0,0,0,0,0,0,0
ubt,bintrie,5,4,storage_sstore_k10,12,,1900,0,0,0.1216,66.6488,0.0029,0.1307,67.2829,0,4,0,0,0,0,0,0,0,0,0,0,4,0,0,0,0,0,0,0,0,0
ubt,bintrie,5,4,storage_sstore_k10,13,,1901,0,0,0.203,57.8847,0.0245,0.5714,59.3133,0,4,0,0,0,0,0,0,0,0,0,0,4,0,0,0,0,0,0,0,0,0
ubt,bintrie,5,4,storage_sstore_k10,13,,1902,0,0,0.0925,2.1936,0.0099,4.4822,10.8109,0,4,0,0,0,0,0,0,0,0,0,0,4,0,0,0,0,0,0,0,0,0
ubt,bintrie,5,4,storage_sstore_k10,13,,1903,0,0,0.0685,46.6833,0.0026,0.1178,47.9018,0,4,0,0,0,0,0,0,0,0,0,0,4,0,0,0,0,0,0,0,0,0
ubt,bintrie,5,4,storage_sstore_k10,13,,1904,0,0,0.1286,19.7389,0.0029,0.1444,20.4062,0,4,0,0,0,0,0,0,0,0,0,0,4,0,0,0,0,0,0,0,0,0
ubt,bintrie,5,4,storage_sstore_k10,13,,1905,0,0,0.0417,2.1866,0.0055,0.1905,18.322,0,4,0,0,0,0,0,0,0,0,0,0,4,0,0,0,0,0,0,0,0,0
ubt,bintrie,5,4,storage_sstore_k10,13,,1906,86950,2,0.2126,16.4467,25.1387,2.0547,44.1088,1.9713,11,0,0,0,3,0,0,0,1,165,4,7,36.36,0,0,0,0,0,0,0,0
ubt,bintrie,5,4,storage_sstore_k10,13,,1907,15907288,1,26.0172,10.167,80.1395,4.9162,136.4825,116.5519,17,764,11,445,12,0,692,0,0,0,6,11,35.29,415,349,54.32,11,0,100,445,0
ubt,bintrie,5,4,storage_sstore_k10,13,,1908,0,0,0.187,7.8806,0.0187,1.1171,16.0083,0,4,0,0,0,0,0,0,0,0,0,0,4,0,0,0,0,0,0,0,0,0
ubt,bintrie,5,4,storage_sstore_k10,13,,1909,21000,1,0.0852,9.5991,43.4283,0.7268,54.1107,0.3881,6,0,0,0,2,0,0,0,0,0,2,4,33.33,0,0,0,0,0,0,0,0
ubt,bintrie,5,4,storage_sstore_k10,13,,1910,0,0,0.0802,63.2851,0.0026,0.1234,63.8807,0,4,0,0,0,0,0,0,0,0,0,0,4,0,0,0,0,0,0,0,0,0
ubt,bintrie,5,4,storage_sstore_k10,13,,1911,0,0,0.1356,53.8613,0.002,0.168,65.7613,0,4,0,0,0,0,0,0,0,0,0,0,4,0,0,0,0,0,0,0,0,0
ubt,bintrie,5,4,storage_sstore_k10,14,,1912,0,0,0.0852,6.0805,0.002,0.145,6.7397,0,4,0,0,0,0,0,0,0,0,0,0,4,0,0,0,0,0,0,0,0,0
ubt,bintrie,5,4,storage_sstore_k10,14,,1913,0,0,0.1718,85.7452,0.0026,0.1934,86.8946,0,4,0,0,0,0,0,0,0,0,0,0,4,0,0,0,0,0,0,0,0,0
ubt,bintrie,5,4,storage_sstore_k10,14,,1914,0,0,0.0519,12.1345,0.0032,0.1496,12.5361,0,4,0,0,0,0,0,0,0,0,0,0,4,0,0,0,0,0,0,0,0,0
ubt,bintrie,5,4,storage_sstore_k10,14,,1915,0,0,0.3792,56.7362,0.0029,0.1485,59.126,0,4,0,0,0,0,0,0,0,0,0,0,4,0,0,0,0,0,0,0,0,0
ubt,bintrie,5,4,storage_sstore_k10,14,,1916,0,0,0.1038,49.4377,0.002,0.285,52.2525,0,4,0,0,0,0,0,0,0,0,0,0,4,0,0,0,0,0,0,0,0,0
ubt,bintrie,5,4,storage_sstore_k10,14,,1917,86950,2,0.1505,1.8806,3.4783,4.7949,10.7299,8.1036,11,0,0,0,3,0,0,0,1,165,5,6,45.45,0,0,0,0,0,0,0,0
ubt,bintrie,5,4,storage_sstore_k10,14,,1918,15907288,1,13.5138,20.4669,40.3799,5.2782,91.3757,174.0867,17,764,11,445,12,0,692,0,0,0,4,13,23.53,70,694,9.16,11,0,100,445,0
ubt,bintrie,5,4,storage_sstore_k10,14,,1919,0,0,0.1549,54.4583,0.0023,0.1242,63.1781,0,4,0,0,0,0,0,0,0,0,0,0,4,0,0,0,0,0,0,0,0,0
ubt,bintrie,5,4,storage_sstore_k10,14,,1920,21000,1,0.0773,29.7487,34.0206,1.4583,65.5489,0.3204,6,0,0,0,2,0,0,0,0,0,2,4,33.33,0,0,0,0,0,0,0,0
ubt,bintrie,5,4,storage_sstore_k10,14,,1921,0,0,0.1896,9.089,0.0143,2.8437,13.5097,0,4,0,0,0,0,0,0,0,0,0,0,4,0,0,0,0,0,0,0,0,0
ubt,bintrie,5,4,storage_sstore_k10,14,,1922,0,0,0.0971,6.817,0.0166,1.6674,10.9521,0,4,0,0,0,0,0,0,0,0,0,0,4,0,0,0,0,0,0,0,0,0
ubt,bintrie,5,4,storage_sstore_k10,15,,1923,0,0,0.0586,7.1089,0.0023,0.1817,8.3773,0,4,0,0,0,0,0,0,0,0,0,0,4,0,0,0,0,0,0,0,0,0
ubt,bintrie,5,4,storage_sstore_k10,15,,1924,0,0,0.079,36.213,0.0149,0.1695,36.8503,0,4,0,0,0,0,0,0,0,0,0,0,4,0,0,0,0,0,0,0,0,0
ubt,bintrie,5,4,storage_sstore_k10,15,,1925,0,0,0.0674,58.3916,0.0032,0.2969,59.1861,0,4,0,0,0,0,0,0,0,0,0,0,4,0,0,0,0,0,0,0,0,0
ubt,bintrie,5,4,storage_sstore_k10,15,,1926,0,0,0.0289,1.738,0.0015,0.0957,2.0209,0,4,0,0,0,0,0,0,0,0,0,0,4,0,0,0,0,0,0,0,0,0
ubt,bintrie,5,4,storage_sstore_k10,15,,1927,0,0,0.0505,42.7114,0.0026,0.2325,43.188,0,4,0,0,0,0,0,0,0,0,0,0,4,0,0,0,0,0,0,0,0,0
ubt,bintrie,5,4,storage_sstore_k10,15,,1928,86950,2,0.1697,7.5368,26.1948,4.7587,39.0788,2.225,11,0,0,0,3,0,0,0,1,165,5,6,45.45,0,0,0,0,0,0,0,0
ubt,bintrie,5,4,storage_sstore_k10,15,,1929,15907288,1,13.9544,18.4069,58.6497,5.5514,105.3108,151.0508,17,764,11,445,12,0,692,0,0,0,5,12,29.41,71,693,9.29,11,0,100,445,0
ubt,bintrie,5,4,storage_sstore_k10,15,,1930,0,0,0.0379,7.157,0.0023,0.1423,7.5207,0,4,0,0,0,0,0,0,0,0,0,0,4,0,0,0,0,0,0,0,0,0
ubt,bintrie,5,4,storage_sstore_k10,15,,1931,21000,1,0.0796,19.4341,38.0187,0.6956,58.4602,0.3592,6,0,0,0,2,0,0,0,0,0,2,4,33.33,0,0,0,0,0,0,0,0
ubt,bintrie,5,4,storage_sstore_k10,15,,1932,0,0,0.0846,52.984,0.0026,0.1581,53.5373,0,4,0,0,0,0,0,0,0,0,0,0,4,0,0,0,0,0,0,0,0,0
ubt,bintrie,5,4,storage_sstore_k10,16,,1934,0,0,0.0528,5.2633,0.0023,0.1794,6.1782,0,4,0,0,0,0,0,0,0,0,0,0,4,0,0,0,0,0,0,0,0,0
ubt,bintrie,5,4,storage_sstore_k10,16,,1935,0,0,0.0365,11.4508,0.002,0.1444,11.8253,0,4,0,0,0,0,0,0,0,0,0,0,4,0,0,0,0,0,0,0,0,0
ubt,bintrie,5,4,storage_sstore_k10,16,,1936,0,0,0.0391,5.3925,0.0026,0.1493,5.7279,0,4,0,0,0,0,0,0,0,0,0,0,4,0,0,0,0,0,0,0,0,0
ubt,bintrie,5,4,storage_sstore_k10,16,,1937,0,0,0.0989,52.1303,0.0055,0.5159,53.1243,0,4,0,0,0,0,0,0,0,0,0,0,4,0,0,0,0,0,0,0,0,0
ubt,bintrie,5,4,storage_sstore_k10,16,,1938,0,0,0.1426,38.9103,0.0026,0.1347,40.7209,0,4,0,0,0,0,0,0,0,0,0,0,4,0,0,0,0,0,0,0,0,0
ubt,bintrie,5,4,storage_sstore_k10,16,,1939,86950,2,0.1517,18.8564,21.1925,2.1201,42.5738,2.0423,11,0,0,0,3,0,0,0,1,165,6,5,54.55,0,0,0,0,0,0,0,0
ubt,bintrie,5,4,storage_sstore_k10,16,,1940,15907288,1,17.0539,20.3838,22.2801,9.6691,70.254,226.4254,17,764,11,445,12,0,692,0,0,0,0,17,0,6,758,0.79,11,0,100,445,0
ubt,bintrie,5,4,storage_sstore_k10,16,,1941,21000,1,0.0922,10.5024,46.5584,1.1287,58.5077,0.3589,6,0,0,0,2,0,0,0,0,0,1,5,16.67,0,0,0,0,0,0,0,0
ubt,bintrie,5,4,storage_sstore_k10,16,,1942,0,0,0.1721,8.7647,0.0149,0.7201,10.4863,0,4,0,0,0,0,0,0,0,0,0,0,4,0,0,0,0,0,0,0,0,0
ubt,bintrie,5,4,storage_sstore_k10,16,,1943,0,0,0.077,6.5451,0.0216,1.4752,18.5113,0,4,0,0,0,0,0,0,0,0,0,0,4,0,0,0,0,0,0,0,0,0
ubt,bintrie,5,4,storage_sstore_k10,17,,1944,0,0,0.1788,61.9688,0.0029,0.2511,63.4639,0,4,0,0,0,0,0,0,0,0,0,0,4,0,0,0,0,0,0,0,0,0
ubt,bintrie,5,4,storage_sstore_k10,17,,1945,0,0,0.051,1.7955,0.007,1.2492,4.6205,0,4,0,0,0,0,0,0,0,0,0,0,4,0,0,0,0,0,0,0,0,0
ubt,bintrie,5,4,storage_sstore_k10,17,,1946,0,0,0.0898,1.7488,0.0053,0.3057,2.4893,0,4,0,0,0,0,0,0,0,0,0,0,4,0,0,0,0,0,0,0,0,0
ubt,bintrie,5,4,storage_sstore_k10,17,,1947,0,0,0.1167,4.2209,0.0026,0.1595,4.8865,0,4,0,0,0,0,0,0,0,0,0,0,4,0,0,0,0,0,0,0,0,0
ubt,bintrie,5,4,storage_sstore_k10,17,,1948,0,0,7.0197,18.1972,0.0023,0.1207,60.9614,0,4,0,0,0,0,0,0,0,0,0,0,4,0,0,0,0,0,0,0,0,0
ubt,bintrie,5,4,storage_sstore_k10,17,,1949,86950,2,0.4156,1.5712,1.6447,1.7374,5.5727,15.6028,11,0,0,0,3,0,0,0,1,165,7,4,63.64,0,0,0,0,0,0,0,0
ubt,bintrie,5,4,storage_sstore_k10,17,,1950,15907288,1,26.3943,43.2548,14.254,5.5261,90.1452,176.463,17,764,11,445,12,0,692,0,0,0,5,12,29.41,258,506,33.77,11,0,100,445,0
ubt,bintrie,5,4,storage_sstore_k10,17,,1951,21000,1,0.0849,10.7663,40.0789,0.8808,52.0632,0.4034,6,0,0,0,2,0,0,0,0,0,2,4,33.33,0,0,0,0,0,0,0,0
ubt,bintrie,5,4,storage_sstore_k10,17,,1952,0,0,0.2155,20.8845,0.0464,0.7501,23.1335,0,4,0,0,0,0,0,0,0,0,0,0,4,0,0,0,0,0,0,0,0,0
ubt,bintrie,5,4,storage_sstore_k10,18,,1953,0,0,0.0933,9.541,0.0053,0.4617,10.4557,0,4,0,0,0,0,0,0,0,0,0,0,4,0,0,0,0,0,0,0,0,0
ubt,bintrie,5,4,storage_sstore_k10,18,,1954,0,0,0.1867,63.8419,0.0026,0.2354,64.6894,0,4,0,0,0,0,0,0,0,0,0,0,4,0,0,0,0,0,0,0,0,0
ubt,bintrie,5,4,storage_sstore_k10,18,,1955,0,0,0.0461,77.8946,0.0029,0.1382,78.2358,0,4,0,0,0,0,0,0,0,0,0,0,4,0,0,0,0,0,0,0,0,0
ubt,bintrie,5,4,storage_sstore_k10,18,,1956,0,0,0.0411,13.6284,0.0032,0.1237,13.9641,0,4,0,0,0,0,0,0,0,0,0,0,4,0,0,0,0,0,0,0,0,0
ubt,bintrie,5,4,storage_sstore_k10,18,,1957,0,0,0.0682,10.0815,0.0064,0.2377,10.7147,0,4,0,0,0,0,0,0,0,0,0,0,4,0,0,0,0,0,0,0,0,0
ubt,bintrie,5,4,storage_sstore_k10,18,,1958,86950,2,0.1942,12.8143,47.4282,2.1023,62.8736,1.3829,11,0,0,0,3,0,0,0,1,165,5,6,45.45,0,0,0,0,0,0,0,0
ubt,bintrie,5,4,storage_sstore_k10,18,,1959,15907288,1,21.5449,16.3667,64.3246,5.5987,113.8495,139.7221,17,764,11,445,12,0,692,0,0,0,6,11,35.29,253,511,33.12,11,0,100,445,0
ubt,bintrie,5,4,storage_sstore_k10,18,,1960,21000,1,0.1505,44.1193,14.9076,0.8779,60.4035,0.3477,6,0,0,0,2,0,0,0,0,0,0,6,0,0,0,0,0,0,0,0,0
ubt,bintrie,5,4,storage_sstore_k10,18,,1961,0,0,0.0837,6.8852,0.0082,0.448,8.9116,0,4,0,0,0,0,0,0,0,0,0,0,4,0,0,0,0,0,0,0,0,0
ubt,bintrie,5,4,storage_sstore_k10,19,,1962,0,0,0.0551,5.1463,0.0026,0.1557,5.5558,0,4,0,0,0,0,0,0,0,0,0,0,4,0,0,0,0,0,0,0,0,0
ubt,bintrie,5,4,storage_sstore_k10,19,,1963,0,0,0.037,11.5281,0.0032,0.1318,11.9099,0,4,0,0,0,0,0,0,0,0,0,0,4,0,0,0,0,0,0,0,0,0
ubt,bintrie,5,4,storage_sstore_k10,19,,1964,0,0,0.1225,42.2559,0.0032,0.1622,46.6165,0,4,0,0,0,0,0,0,0,0,0,0,4,0,0,0,0,0,0,0,0,0
ubt,bintrie,5,4,storage_sstore_k10,19,,1965,0,0,0.1178,79.4611,0.0032,0.1735,80.1354,0,4,0,0,0,0,0,0,0,0,0,0,4,0,0,0,0,0,0,0,0,0
ubt,bintrie,5,4,storage_sstore_k10,19,,1966,0,0,0.1056,38.651,0.0026,0.2415,41.238,0,4,0,0,0,0,0,0,0,0,0,0,4,0,0,0,0,0,0,0,0,0
ubt,bintrie,5,4,storage_sstore_k10,19,,1967,86950,2,0.1312,2.0609,2.4432,4.4624,9.2436,9.4066,11,0,0,0,3,0,0,0,1,165,6,5,54.55,0,0,0,0,0,0,0,0
ubt,bintrie,5,4,storage_sstore_k10,19,,1968,15907288,1,19.2653,12.2975,53.285,4.9247,92.9436,171.1499,17,764,11,445,12,0,692,0,0,0,8,9,47.06,358,406,46.86,11,0,100,445,0
ubt,bintrie,5,4,storage_sstore_k10,19,,1969,21000,1,0.1779,50.0843,5.7961,0.7359,57.1048,0.3677,6,0,0,0,2,0,0,0,0,0,2,4,33.33,0,0,0,0,0,0,0,0
ubt,bintrie,5,4,storage_sstore_k10,19,,1970,0,0,0.2599,54.6027,0.0026,0.1251,55.5827,0,4,0,0,0,0,0,0,0,0,0,0,4,0,0,0,0,0,0,0,0,0
ubt,bintrie,5,4,storage_sstore_k10,19,,1971,0,0,0.114,75.4277,0.0023,0.1455,76.0898,0,4,0,0,0,0,0,0,0,0,0,0,4,0,0,0,0,0,0,0,0,0
ubt,bintrie,5,4,storage_sstore_k10,1,,1785,0,0,0.1032,13.0448,0.0029,0.2199,30.0313,0,4,0,0,0,0,0,0,0,0,0,0,4,0,0,0,0,0,0,0,0,0
ubt,bintrie,5,4,storage_sstore_k10,1,,1786,0,0,0.0604,1.6161,0.0131,0.5833,8.5929,0,4,0,0,0,0,0,0,0,0,0,0,4,0,0,0,0,0,0,0,0,0
ubt,bintrie,5,4,storage_sstore_k10,1,,1787,0,0,0.0639,10.3189,0.0041,0.1858,10.8083,0,4,0,0,0,0,0,0,0,0,0,0,4,0,0,0,0,0,0,0,0,0
ubt,bintrie,5,4,storage_sstore_k10,1,,1788,0,0,0.2712,33.3734,0.0026,0.201,34.4149,0,4,0,0,0,0,0,0,0,0,0,0,4,0,0,0,0,0,0,0,0,0
ubt,bintrie,5,4,storage_sstore_k10,1,,1789,0,0,0.0814,23.3779,0.0061,0.3331,24.1211,0,4,0,0,0,0,0,0,0,0,0,0,4,0,0,0,0,0,0,0,0,0
ubt,bintrie,5,4,storage_sstore_k10,1,,1790,86950,2,0.2806,5.566,50.3162,2.7874,59.1543,1.4699,11,0,0,0,3,0,0,0,1,165,5,6,45.45,0,0,0,0,0,0,0,0
ubt,bintrie,5,4,storage_sstore_k10,1,,1791,15907288,1,52.916,24.4288,6.1972,18.7502,102.5809,155.0706,17,764,11,445,12,0,692,0,0,0,6,11,35.29,298,466,39.01,11,0,100,445,0
ubt,bintrie,5,4,storage_sstore_k10,1,,1792,21000,1,0.0913,15.2824,42.1179,0.7449,58.6614,0.358,6,0,0,0,2,0,0,0,0,0,2,4,33.33,0,0,0,0,0,0,0,0
ubt,bintrie,5,4,storage_sstore_k10,1,,1793,0,0,0.3246,59.4743,0.0029,0.1872,60.6975,0,4,0,0,0,0,0,0,0,0,0,0,4,0,0,0,0,0,0,0,0,0
ubt,bintrie,5,4,storage_sstore_k10,20,,1972,0,0,0.0852,4.8077,0.0023,0.1697,5.3423,0,4,0,0,0,0,0,0,0,0,0,0,4,0,0,0,0,0,0,0,0,0
ubt,bintrie,5,4,storage_sstore_k10,20,,1973,0,0,0.079,1.8351,0.0061,1.4498,4.7777,0,4,0,0,0,0,0,0,0,0,0,0,4,0,0,0,0,0,0,0,0,0
ubt,bintrie,5,4,storage_sstore_k10,20,,1974,0,0,0.0537,21.7753,0.0055,2.123,26.5594,0,4,0,0,0,0,0,0,0,0,0,0,4,0,0,0,0,0,0,0,0,0
ubt,bintrie,5,4,storage_sstore_k10,20,,1975,0,0,0.0335,0.7443,0.0041,0.1732,5.1522,0,4,0,0,0,0,0,0,0,0,0,0,4,0,0,0,0,0,0,0,0,0
ubt,bintrie,5,4,storage_sstore_k10,20,,1976,0,0,0.0659,2.2551,0.0079,16.5995,20.0787,0,4,0,0,0,0,0,0,0,0,0,0,4,0,0,0,0,0,0,0,0,0
ubt,bintrie,5,4,storage_sstore_k10,20,,1977,86950,2,0.1257,1.8258,0.8651,4.3863,7.3381,11.849,11,0,0,0,3,0,0,0,1,165,4,7,36.36,0,0,0,0,0,0,0,0
ubt,bintrie,5,4,storage_sstore_k10,20,,1978,15907288,1,38.2237,13.7118,76.9455,5.9207,136.4306,116.5962,17,764,11,445,12,0,692,0,0,0,13,4,76.47,737,27,96.47,11,0,100,445,0
ubt,bintrie,5,4,storage_sstore_k10,20,,1979,21000,1,0.0712,10.6873,46.6611,0.721,58.373,0.3598,6,0,0,0,2,0,0,0,0,0,2,4,33.33,0,0,0,0,0,0,0,0
ubt,bintrie,5,4,storage_sstore_k10,20,,1980,0,0,0.2004,71.9456,0.0029,0.1814,72.8585,0,4,0,0,0,0,0,0,0,0,0,0,4,0,0,0,0,0,0,0,0,0
ubt,bintrie,5,4,storage_sstore_k10,2,,1794,0,0,0.3138,49.8772,0.0029,0.8531,59.4261,0,4,0,0,0,0,0,0,0,0,0,0,4,0,0,0,0,0,0,0,0,0
ubt,bintrie,5,4,storage_sstore_k10,2,,1795,0,0,0.0892,2.6474,0.0227,2.6713,7.9197,0,4,0,0,0,0,0,0,0,0,0,0,4,0,0,0,0,0,0,0,0,0
ubt,bintrie,5,4,storage_sstore_k10,2,,1796,0,0,0.035,3.8861,0.0032,0.1126,4.1681,0,4,0,0,0,0,0,0,0,0,0,0,4,0,0,0,0,0,0,0,0,0
ubt,bintrie,5,4,storage_sstore_k10,2,,1797,0,0,0.0268,1.6928,0.0018,0.1385,2.0157,0,4,0,0,0,0,0,0,0,0,0,0,4,0,0,0,0,0,0,0,0,0
ubt,bintrie,5,4,storage_sstore_k10,2,,1798,0,0,0.107,32.2908,0.0044,0.2648,45.4872,0,4,0,0,0,0,0,0,0,0,0,0,4,0,0,0,0,0,0,0,0,0
ubt,bintrie,5,4,storage_sstore_k10,2,,1799,86950,2,0.161,8.72,30.9655,2.2309,42.7517,2.0338,11,0,0,0,3,0,0,0,1,165,7,4,63.64,0,0,0,0,0,0,0,0
ubt,bintrie,5,4,storage_sstore_k10,2,,1800,15907288,1,27.3757,33.5671,56.2021,19.7322,137.4782,115.7077,17,764,11,445,12,0,692,0,0,0,6,11,35.29,292,472,38.22,11,0,100,445,0
ubt,bintrie,5,4,storage_sstore_k10,2,,1801,21000,1,0.1832,22.2253,37.8763,0.7723,61.4561,0.3417,6,0,0,0,2,0,0,0,0,0,2,4,33.33,0,0,0,0,0,0,0,0
ubt,bintrie,5,4,storage_sstore_k10,2,,1802,0,0,0.1155,57.2979,0.0026,0.156,60.0789,0,4,0,0,0,0,0,0,0,0,0,0,4,0,0,0,0,0,0,0,0,0
ubt,bintrie,5,4,storage_sstore_k10,2,,1803,0,0,0.0332,2.0346,0.002,0.1601,2.3869,0,4,0,0,0,0,0,0,0,0,0,0,4,0,0,0,0,0,0,0,0,0
ubt,bintrie,5,4,storage_sstore_k10,3,,1804,0,0,0.0545,5.7778,0.0023,0.1747,6.1937,0,4,0,0,0,0,0,0,0,0,0,0,4,0,0,0,0,0,0,0,0,0
ubt,bintrie,5,4,storage_sstore_k10,3,,1805,0,0,0.1222,38.8957,0.0032,0.2575,39.6785,0,4,0,0,0,0,0,0,0,0,0,0,4,0,0,0,0,0,0,0,0,0
ubt,bintrie,5,4,storage_sstore_k10,3,,1806,0,0,0.0779,44.9563,0.0032,0.1082,45.3553,0,4,0,0,0,0,0,0,0,0,0,0,4,0,0,0,0,0,0,0,0,0
ubt,bintrie,5,4,storage_sstore_k10,3,,1807,0,0,0.128,51.4953,0.0053,0.4597,52.9125,0,4,0,0,0,0,0,0,0,0,0,0,4,0,0,0,0,0,0,0,0,0
ubt,bintrie,5,4,storage_sstore_k10,3,,1808,0,0,0.0432,3.7776,0.0023,0.222,4.6639,0,4,0,0,0,0,0,0,0,0,0,0,4,0,0,0,0,0,0,0,0,0
ubt,bintrie,5,4,storage_sstore_k10,3,,1809,86950,2,0.119,11.5765,12.5154,2.5625,26.9887,3.2217,11,0,0,0,3,0,0,0,1,165,6,5,54.55,0,0,0,0,0,0,0,0
ubt,bintrie,5,4,storage_sstore_k10,3,,1810,15907288,1,16.8897,27.2401,13.4434,5.5914,87.7512,181.2771,17,764,11,445,12,0,692,0,0,0,6,11,35.29,62,702,8.12,11,0,100,445,0
ubt,bintrie,5,4,storage_sstore_k10,3,,1811,0,0,0.0563,8.9259,0.002,0.1403,9.4466,0,4,0,0,0,0,0,0,0,0,0,0,4,0,0,0,0,0,0,0,0,0
ubt,bintrie,5,4,storage_sstore_k10,3,,1812,21000,1,0.3864,52.0113,12.4433,0.8969,71.847,0.2923,6,0,0,0,2,0,0,0,0,0,0,6,0,0,0,0,0,0,0,0,0
ubt,bintrie,5,4,storage_sstore_k10,3,,1813,0,0,0.0997,21.5364,0.0064,0.4354,22.5388,0,4,0,0,0,0,0,0,0,0,0,0,4,0,0,0,0,0,0,0,0,0
ubt,bintrie,5,4,storage_sstore_k10,3,,1814,0,0,0.1832,66.1743,0.0099,0.8158,68.367,0,4,0,0,0,0,0,0,0,0,0,0,4,0,0,0,0,0,0,0,0,0
ubt,bintrie,5,4,storage_sstore_k10,4,,1815,0,0,0.1695,28.4907,0.005,0.2855,49.3881,0,4,0,0,0,0,0,0,0,0,0,0,4,0,0,0,0,0,0,0,0,0
ubt,bintrie,5,4,storage_sstore_k10,4,,1816,0,0,0.0887,3.5445,0.0085,40.5643,67.7752,0,4,0,0,0,0,0,0,0,0,0,0,4,0,0,0,0,0,0,0,0,0
ubt,bintrie,5,4,storage_sstore_k10,4,,1817,0,0,0.11,9.1555,0.0017,0.1196,10.0313,0,4,0,0,0,0,0,0,0,0,0,0,4,0,0,0,0,0,0,0,0,0
ubt,bintrie,5,4,storage_sstore_k10,4,,1818,0,0,0.1534,46.0212,0.0026,0.1555,46.6999,0,4,0,0,0,0,0,0,0,0,0,0,4,0,0,0,0,0,0,0,0,0
ubt,bintrie,5,4,storage_sstore_k10,4,,1819,0,0,0.1117,3.4194,0.0087,4.3093,9.565,0,4,0,0,0,0,0,0,0,0,0,0,4,0,0,0,0,0,0,0,0,0
ubt,bintrie,5,4,storage_sstore_k10,4,,1820,86950,2,0.1248,2.7836,0.9184,24.397,28.3939,3.0623,11,0,0,0,3,0,0,0,1,165,5,6,45.45,0,0,0,0,0,0,0,0
ubt,bintrie,5,4,storage_sstore_k10,4,,1821,15907288,1,16.6552,14.0186,72.2011,6.4209,112.6029,141.2689,17,764,11,445,12,0,692,0,0,0,5,12,29.41,185,579,24.21,11,0,100,445,0
ubt,bintrie,5,4,storage_sstore_k10,4,,1822,21000,1,0.3042,34.6182,1.4105,0.6422,37.2344,0.564,6,0,0,0,2,0,0,0,0,0,2,4,33.33,0,0,0,0,0,0,0,0
ubt,bintrie,5,4,storage_sstore_k10,4,,1823,0,0,0.1041,61.7323,0.0026,0.1499,62.5556,0,4,0,0,0,0,0,0,0,0,0,0,4,0,0,0,0,0,0,0,0,0
ubt,bintrie,5,4,storage_sstore_k10,5,,1824,0,0,0.2138,2.9315,0.0061,0.5597,4.4752,0,4,0,0,0,0,0,0,0,0,0,0,4,0,0,0,0,0,0,0,0,0
ubt,bintrie,5,4,storage_sstore_k10,5,,1825,0,0,0.1062,3.2931,0.0195,0.8601,5.1901,0,4,0,0,0,0,0,0,0,0,0,0,4,0,0,0,0,0,0,0,0,0
ubt,bintrie,5,4,storage_sstore_k10,5,,1826,0,0,0.0802,17.6451,0.0032,0.1202,22.5537,0,4,0,0,0,0,0,0,0,0,0,0,4,0,0,0,0,0,0,0,0,0
ubt,bintrie,5,4,storage_sstore_k10,5,,1827,0,0,0.149,61.039,0.0064,0.3462,62.0009,0,4,0,0,0,0,0,0,0,0,0,0,4,0,0,0,0,0,0,0,0,0
ubt,bintrie,5,4,storage_sstore_k10,5,,1828,0,0,0.1015,4.2302,0.0026,0.224,5.3266,0,4,0,0,0,0,0,0,0,0,0,0,4,0,0,0,0,0,0,0,0,0
ubt,bintrie,5,4,storage_sstore_k10,5,,1829,86950,2,0.1473,8.4123,14.3945,1.764,24.9337,3.4873,11,0,0,0,3,0,0,0,1,165,5,6,45.45,0,0,0,0,0,0,0,0
ubt,bintrie,5,4,storage_sstore_k10,5,,1830,15907288,1,15.6551,19.4364,5.1769,5.2268,45.9774,345.9802,17,764,11,445,12,0,692,0,0,0,6,11,35.29,127,637,16.62,11,0,100,445,0
ubt,bintrie,5,4,storage_sstore_k10,5,,1831,21000,1,0.1082,8.8303,54.169,0.7417,64.0871,0.3277,6,0,0,0,2,0,0,0,0,0,0,6,0,0,0,0,0,0,0,0,0
ubt,bintrie,5,4,storage_sstore_k10,5,,1832,0,0,0.1374,72.0474,0.0026,0.1528,72.906,0,4,0,0,0,0,0,0,0,0,0,0,4,0,0,0,0,0,0,0,0,0
ubt,bintrie,5,4,storage_sstore_k10,6,,1833,0,0,0.0557,3.4952,0.0029,0.1473,4.428,0,4,0,0,0,0,0,0,0,0,0,0,4,0,0,0,0,0,0,0,0,0
ubt,bintrie,5,4,storage_sstore_k10,6,,1834,0,0,0.0405,11.6739,0.002,0.1581,12.0595,0,4,0,0,0,0,0,0,0,0,0,0,4,0,0,0,0,0,0,0,0,0
ubt,bintrie,5,4,storage_sstore_k10,6,,1835,0,0,0.0682,28.4344,0.0029,0.3821,29.2794,0,4,0,0,0,0,0,0,0,0,0,0,4,0,0,0,0,0,0,0,0,0
ubt,bintrie,5,4,storage_sstore_k10,6,,1836,0,0,0.1196,19.9591,0.0032,0.1228,20.5089,0,4,0,0,0,0,0,0,0,0,0,0,4,0,0,0,0,0,0,0,0,0
ubt,bintrie,5,4,storage_sstore_k10,6,,1837,0,0,0.0639,42.8302,0.0032,0.2672,43.6701,0,4,0,0,0,0,0,0,0,0,0,0,4,0,0,0,0,0,0,0,0,0
ubt,bintrie,5,4,storage_sstore_k10,6,,1838,86950,2,0.2117,5.7924,49.2732,4.1675,59.5968,1.459,11,0,0,0,3,0,0,0,1,165,5,6,45.45,0,0,0,0,0,0,0,0
ubt,bintrie,5,4,storage_sstore_k10,6,,1839,15907288,1,17.7964,24.7808,49.0343,7.346,101.2787,157.0646,17,764,11,445,12,0,692,0,0,0,5,12,29.41,165,599,21.6,11,0,100,445,0
ubt,bintrie,5,4,storage_sstore_k10,6,,1840,0,0,0.1059,20.0382,0.0105,0.4576,21.0773,0,4,0,0,0,0,0,0,0,0,0,0,4,0,0,0,0,0,0,0,0,0
ubt,bintrie,5,4,storage_sstore_k10,6,,1841,21000,1,0.0779,10.6966,46.6194,0.7519,58.5001,0.359,6,0,0,0,2,0,0,0,0,0,2,4,33.33,0,0,0,0,0,0,0,0
ubt,bintrie,5,4,storage_sstore_k10,6,,1842,0,0,0.5897,42.9066,0.0026,0.1718,59.1152,0,4,0,0,0,0,0,0,0,0,0,0,4,0,0,0,0,0,0,0,0,0
ubt,bintrie,5,4,storage_sstore_k10,6,,1843,0,0,0.0557,2.1209,0.0029,0.1627,30.6508,0,4,0,0,0,0,0,0,0,0,0,0,4,0,0,0,0,0,0,0,0,0
ubt,bintrie,5,4,storage_sstore_k10,7,,1844,0,0,0.0583,12.0327,0.0032,0.1692,12.4909,0,4,0,0,0,0,0,0,0,0,0,0,4,0,0,0,0,0,0,0,0,0
ubt,bintrie,5,4,storage_sstore_k10,7,,1845,0,0,0.0309,1.9086,0.0018,0.128,2.237,0,4,0,0,0,0,0,0,0,0,0,0,4,0,0,0,0,0,0,0,0,0
ubt,bintrie,5,4,storage_sstore_k10,7,,1846,0,0,0.0852,3.3987,0.0058,0.3654,4.185,0,4,0,0,0,0,0,0,0,0,0,0,4,0,0,0,0,0,0,0,0,0
ubt,bintrie,5,4,storage_sstore_k10,7,,1847,0,0,0.2027,64.4217,0.0053,0.3897,65.6394,0,4,0,0,0,0,0,0,0,0,0,0,4,0,0,0,0,0,0,0,0,0
ubt,bintrie,5,4,storage_sstore_k10,7,,1848,0,0,0.0335,1.666,0.002,0.1251,2.0218,0,4,0,0,0,0,0,0,0,0,0,0,4,0,0,0,0,0,0,0,0,0
ubt,bintrie,5,4,storage_sstore_k10,7,,1849,86950,2,0.8026,21.2089,12.4506,2.2338,56.8902,1.5284,11,0,0,0,3,0,0,0,1,165,4,7,36.36,0,0,0,0,0,0,0,0
ubt,bintrie,5,4,storage_sstore_k10,7,,1850,15907288,1,14.4465,24.4314,10.3743,21.3244,82.0557,193.8597,17,764,11,445,12,0,692,0,0,0,4,13,23.53,67,697,8.77,11,0,100,445,0
ubt,bintrie,5,4,storage_sstore_k10,7,,1851,21000,1,0.1231,25.1244,20.5838,13.68,59.8604,0.3508,6,0,0,0,2,0,0,0,0,0,2,4,33.33,0,0,0,0,0,0,0,0
ubt,bintrie,5,4,storage_sstore_k10,7,,1852,0,0,0.1353,95.6044,0.0029,0.1802,96.6223,0,4,0,0,0,0,0,0,0,0,0,0,4,0,0,0,0,0,0,0,0,0
ubt,bintrie,5,4,storage_sstore_k10,8,,1854,0,0,0.0936,3.9986,0.0032,0.1823,4.4612,0,4,0,0,0,0,0,0,0,0,0,0,4,0,0,0,0,0,0,0,0,0
ubt,bintrie,5,4,storage_sstore_k10,8,,1855,0,0,0.2138,58.4117,0.0032,0.1563,59.3774,0,4,0,0,0,0,0,0,0,0,0,0,4,0,0,0,0,0,0,0,0,0
ubt,bintrie,5,4,storage_sstore_k10,8,,1856,0,0,0.051,43.7918,0.002,0.1085,44.0957,0,4,0,0,0,0,0,0,0,0,0,0,4,0,0,0,0,0,0,0,0,0
ubt,bintrie,5,4,storage_sstore_k10,8,,1857,0,0,0.114,12.8759,0.0029,0.14,13.4426,0,4,0,0,0,0,0,0,0,0,0,0,4,0,0,0,0,0,0,0,0,0
ubt,bintrie,5,4,storage_sstore_k10,8,,1858,0,0,0.1018,2.6591,0.0026,0.1703,20.3526,0,4,0,0,0,0,0,0,0,0,0,0,4,0,0,0,0,0,0,0,0,0
ubt,bintrie,5,4,storage_sstore_k10,8,,1859,86950,2,0.105,2.1799,4.1596,3.8155,10.4697,8.3049,11,0,0,0,3,0,0,0,1,165,6,5,54.55,0,0,0,0,0,0,0,0
ubt,bintrie,5,4,storage_sstore_k10,8,,1860,15907288,1,27.0275,8.6524,42.6633,5.9181,103.1954,154.1472,17,764,11,445,12,0,692,0,0,0,9,8,52.94,509,255,66.62,11,0,100,445,0
ubt,bintrie,5,4,storage_sstore_k10,8,,1861,21000,1,0.0782,22.8191,16.8468,0.8829,40.8533,0.514,6,0,0,0,2,0,0,0,0,0,2,4,33.33,0,0,0,0,0,0,0,0
ubt,bintrie,5,4,storage_sstore_k10,8,,1862,0,0,0.0627,5.5328,0.0055,1.5508,8.2458,0,4,0,0,0,0,0,0,0,0,0,0,4,0,0,0,0,0,0,0,0,0
ubt,bintrie,5,4,storage_sstore_k10,8,,1863,0,0,0.0735,5.7539,0.0236,0.8931,11.6807,0,4,0,0,0,0,0,0,0,0,0,0,4,0,0,0,0,0,0,0,0,0
ubt,bintrie,5,4,storage_sstore_k10,9,,1864,0,0,0.082,15.2509,0.0041,0.2039,15.875,0,4,0,0,0,0,0,0,0,0,0,0,4,0,0,0,0,0,0,0,0,0
ubt,bintrie,5,4,storage_sstore_k10,9,,1865,0,0,0.0621,0.8817,0.0032,0.1482,1.3358,0,4,0,0,0,0,0,0,0,0,0,0,4,0,0,0,0,0,0,0,0,0
ubt,bintrie,5,4,storage_sstore_k10,9,,1866,0,0,0.0653,54.843,0.0023,0.2202,55.6019,0,4,0,0,0,0,0,0,0,0,0,0,4,0,0,0,0,0,0,0,0,0
ubt,bintrie,5,4,storage_sstore_k10,9,,1867,0,0,0.0881,59.849,0.0044,0.3494,60.6666,0,4,0,0,0,0,0,0,0,0,0,0,4,0,0,0,0,0,0,0,0,0
ubt,bintrie,5,4,storage_sstore_k10,9,,1868,0,0,0.0685,33.1896,0.0029,0.2115,36.901,0,4,0,0,0,0,0,0,0,0,0,0,4,0,0,0,0,0,0,0,0,0
ubt,bintrie,5,4,storage_sstore_k10,9,,1869,86950,2,0.3316,7.353,6.0143,2.097,15.9882,5.4384,11,0,0,0,3,0,0,0,1,165,5,6,45.45,0,0,0,0,0,0,0,0
ubt,bintrie,5,4,storage_sstore_k10,9,,1870,15907288,1,20.0338,38.0233,34.7911,5.1667,98.2372,161.9273,17,764,11,445,12,0,692,0,0,0,5,12,29.41,425,339,55.63,11,0,100,445,0
ubt,bintrie,5,4,storage_sstore_k10,9,,1871,21000,1,0.079,20.5958,36.7846,0.7023,58.4538,0.3593,6,0,0,0,2,0,0,0,0,0,2,4,33.33,0,0,0,0,0,0,0,0
ubt,bintrie,5,4,storage_sstore_k100,10,,2069,0,0,0.1327,2.3009,0.0047,0.4809,3.5022,0,4,0,0,0,0,0,0,0,0,0,0,4,0,0,0,0,0,0,0,0,0
ubt,bintrie,5,4,storage_sstore_k100,10,,2070,0,0,0.0443,11.8492,0.0026,0.1954,12.2546,0,4,0,0,0,0,0,0,0,0,0,0,4,0,0,0,0,0,0,0,0,0
ubt,bintrie,5,4,storage_sstore_k100,10,,2071,0,0,0.0601,42.9897,0.0029,0.175,43.5208,0,4,0,0,0,0,0,0,0,0,0,0,4,0,0,0,0,0,0,0,0,0
ubt,bintrie,5,4,storage_sstore_k100,10,,2072,0,0,0.1059,31.5187,0.0061,0.4842,32.4305,0,4,0,0,0,0,0,0,0,0,0,0,4,0,0,0,0,0,0,0,0,0
ubt,bintrie,5,4,storage_sstore_k100,10,,2073,0,0,0.1053,40.8288,0.005,0.5299,43.7506,0,4,0,0,0,0,0,0,0,0,0,0,4,0,0,0,0,0,0,0,0,0
ubt,bintrie,5,4,storage_sstore_k100,10,,2074,86950,2,0.2327,2.3831,12.6878,3.4255,18.9368,4.5916,11,0,0,0,3,0,0,0,1,165,5,6,45.45,0,0,0,0,0,0,0,0
ubt,bintrie,5,4,storage_sstore_k100,10,,2075,15918216,1,23.0968,19.7337,89.4764,25.4548,159.212,99.9813,106,687,100,2937,100,0,680,0,0,0,73,33,68.87,440,247,64.05,100,0,100,2937,0
ubt,bintrie,5,4,storage_sstore_k100,10,,2076,21000,1,0.0814,11.1312,42.0077,0.952,54.407,0.386,6,0,0,0,2,0,0,0,0,0,2,4,33.33,0,0,0,0,0,0,0,0
ubt,bintrie,5,4,storage_sstore_k100,10,,2077,0,0,0.1741,23.5944,0.0691,0.931,25.5657,0,4,0,0,0,0,0,0,0,0,0,0,4,0,0,0,0,0,0,0,0,0
ubt,bintrie,5,4,storage_sstore_k100,10,,2078,0,0,0.0779,6.4702,0.012,0.9663,11.5418,0,4,0,0,0,0,0,0,0,0,0,0,4,0,0,0,0,0,0,0,0,0
ubt,bintrie,5,4,storage_sstore_k100,11,,2079,0,0,0.1135,7.6187,0.0047,0.1695,8.4896,0,4,0,0,0,0,0,0,0,0,0,0,4,0,0,0,0,0,0,0,0,0
ubt,bintrie,5,4,storage_sstore_k100,11,,2080,0,0,0.1423,1.8862,0.0085,1.003,4.3136,0,4,0,0,0,0,0,0,0,0,0,0,4,0,0,0,0,0,0,0,0,0
ubt,bintrie,5,4,storage_sstore_k100,11,,2081,0,0,0.072,32.9073,0.0044,6.1044,45.5481,0,4,0,0,0,0,0,0,0,0,0,0,4,0,0,0,0,0,0,0,0,0
ubt,bintrie,5,4,storage_sstore_k100,11,,2082,0,0,0.1931,56.2342,0.0026,0.1575,57.1722,0,4,0,0,0,0,0,0,0,0,0,0,4,0,0,0,0,0,0,0,0,0
ubt,bintrie,5,4,storage_sstore_k100,11,,2083,0,0,0.0709,43.963,0.0026,0.1514,47.8172,0,4,0,0,0,0,0,0,0,0,0,0,4,0,0,0,0,0,0,0,0,0
ubt,bintrie,5,4,storage_sstore_k100,11,,2084,86950,2,0.5784,10.6246,5.4394,5.888,22.7623,3.8199,11,0,0,0,3,0,0,0,1,165,4,7,36.36,0,0,0,0,0,0,0,0
ubt,bintrie,5,4,storage_sstore_k100,11,,2085,15918216,1,12.903,25.5549,46.2779,21.8024,106.9969,148.7727,106,687,100,2937,100,0,680,0,0,0,29,77,27.36,118,569,17.18,100,0,100,2937,0
ubt,bintrie,5,4,storage_sstore_k100,11,,2086,0,0,0.124,7.6351,0.0137,0.9523,9.5227,0,4,0,0,0,0,0,0,0,0,0,0,4,0,0,0,0,0,0,0,0,0
ubt,bintrie,5,4,storage_sstore_k100,11,,2087,21000,1,0.3249,2.6453,11.8997,0.8169,16.2507,1.2923,6,0,0,0,2,0,0,0,0,0,0,6,0,0,0,0,0,0,0,0,0
ubt,bintrie,5,4,storage_sstore_k100,11,,2088,0,0,0.1823,1.4105,0.0076,0.5614,8.0416,0,4,0,0,0,0,0,0,0,0,0,0,4,0,0,0,0,0,0,0,0,0
ubt,bintrie,5,4,storage_sstore_k100,11,,2089,0,0,0.082,20.2563,0.0082,0.6285,21.9033,0,4,0,0,0,0,0,0,0,0,0,0,4,0,0,0,0,0,0,0,0,0
ubt,bintrie,5,4,storage_sstore_k100,12,,2090,0,0,0.2946,24.1701,0.0026,1.3979,26.7355,0,4,0,0,0,0,0,0,0,0,0,0,4,0,0,0,0,0,0,0,0,0
ubt,bintrie,5,4,storage_sstore_k100,12,,2091,0,0,0.1111,3.6247,0.0665,1.1305,6.7697,0,4,0,0,0,0,0,0,0,0,0,0,4,0,0,0,0,0,0,0,0,0
ubt,bintrie,5,4,storage_sstore_k100,12,,2092,0,0,0.033,1.8436,0.0018,0.1038,2.116,0,4,0,0,0,0,0,0,0,0,0,0,4,0,0,0,0,0,0,0,0,0
ubt,bintrie,5,4,storage_sstore_k100,12,,2093,0,0,0.1105,55.7466,0.0058,0.443,56.733,0,4,0,0,0,0,0,0,0,0,0,0,4,0,0,0,0,0,0,0,0,0
ubt,bintrie,5,4,storage_sstore_k100,12,,2094,0,0,0.0785,52.6713,0.0023,0.1181,53.7513,0,4,0,0,0,0,0,0,0,0,0,0,4,0,0,0,0,0,0,0,0,0
ubt,bintrie,5,4,storage_sstore_k100,12,,2095,86950,2,11.2939,24.3343,19.1792,3.9803,59.0097,1.4735,11,0,0,0,3,0,0,0,1,165,4,7,36.36,0,0,0,0,0,0,0,0
ubt,bintrie,5,4,storage_sstore_k100,12,,2096,15918216,1,28.0874,20.7775,123.3027,12.0143,184.3683,86.3392,106,687,100,2937,100,0,680,0,0,0,62,44,58.49,398,289,57.93,100,0,100,2937,0
ubt,bintrie,5,4,storage_sstore_k100,12,,2097,21000,1,0.0916,11.1851,46.459,0.8082,58.7792,0.3573,6,0,0,0,2,0,0,0,0,0,2,4,33.33,0,0,0,0,0,0,0,0
ubt,bintrie,5,4,storage_sstore_k100,12,,2098,0,0,0.4101,34.9822,0.0035,0.2255,36.5076,0,4,0,0,0,0,0,0,0,0,0,0,4,0,0,0,0,0,0,0,0,0
ubt,bintrie,5,4,storage_sstore_k100,13,,2099,0,0,0.14,1.1144,0.0035,0.1797,5.9988,0,4,0,0,0,0,0,0,0,0,0,0,4,0,0,0,0,0,0,0,0,0
ubt,bintrie,5,4,storage_sstore_k100,13,,2100,0,0,0.0677,1.4647,0.0073,7.831,10.6179,0,4,0,0,0,0,0,0,0,0,0,0,4,0,0,0,0,0,0,0,0,0
ubt,bintrie,5,4,storage_sstore_k100,13,,2101,0,0,0.0429,3.0315,0.0032,0.3844,3.8639,0,4,0,0,0,0,0,0,0,0,0,0,4,0,0,0,0,0,0,0,0,0
ubt,bintrie,5,4,storage_sstore_k100,13,,2102,0,0,0.0505,5.9335,0.012,0.1627,6.3873,0,4,0,0,0,0,0,0,0,0,0,0,4,0,0,0,0,0,0,0,0,0
ubt,bintrie,5,4,storage_sstore_k100,13,,2103,0,0,0.0557,50.2724,0.0041,0.1963,50.7169,0,4,0,0,0,0,0,0,0,0,0,0,4,0,0,0,0,0,0,0,0,0
ubt,bintrie,5,4,storage_sstore_k100,13,,2104,86950,2,0.1423,2.2554,9.5696,6.0642,18.2054,4.7761,11,0,0,0,3,0,0,0,1,165,5,6,45.45,0,0,0,0,0,0,0,0
ubt,bintrie,5,4,storage_sstore_k100,13,,2105,15918216,1,13.0938,25.5931,30.9415,25.0591,95.0739,167.4299,106,687,100,2937,100,0,680,0,0,0,29,77,27.36,196,491,28.53,100,0,100,2937,0
ubt,bintrie,5,4,storage_sstore_k100,13,,2106,21000,1,0.0735,10.4834,46.953,1.6015,59.3739,0.3537,6,0,0,0,2,0,0,0,0,0,2,4,33.33,0,0,0,0,0,0,0,0
ubt,bintrie,5,4,storage_sstore_k100,13,,2107,0,0,0.1916,19.6955,0.0627,1.1223,22.0013,0,4,0,0,0,0,0,0,0,0,0,0,4,0,0,0,0,0,0,0,0,0
ubt,bintrie,5,4,storage_sstore_k100,13,,2108,0,0,0.1849,8.4508,0.0192,1.8162,12.2194,0,4,0,0,0,0,0,0,0,0,0,0,4,0,0,0,0,0,0,0,0,0
ubt,bintrie,5,4,storage_sstore_k100,14,,2109,0,0,0.1592,18.2646,0.0058,0.5364,19.3805,0,4,0,0,0,0,0,0,0,0,0,0,4,0,0,0,0,0,0,0,0,0
ubt,bintrie,5,4,storage_sstore_k100,14,,2110,0,0,0.0948,2.5692,0.0079,1.0453,4.8375,0,4,0,0,0,0,0,0,0,0,0,0,4,0,0,0,0,0,0,0,0,0
ubt,bintrie,5,4,storage_sstore_k100,14,,2111,0,0,0.075,12.3856,0.005,0.2797,13.4776,0,4,0,0,0,0,0,0,0,0,0,0,4,0,0,0,0,0,0,0,0,0
ubt,bintrie,5,4,storage_sstore_k100,14,,2112,0,0,0.1161,81.398,0.0044,0.266,82.2178,0,4,0,0,0,0,0,0,0,0,0,0,4,0,0,0,0,0,0,0,0,0
ubt,bintrie,5,4,storage_sstore_k100,14,,2113,0,0,0.0391,6.1616,0.0026,0.2179,6.6399,0,4,0,0,0,0,0,0,0,0,0,0,4,0,0,0,0,0,0,0,0,0
ubt,bintrie,5,4,storage_sstore_k100,14,,2114,86950,2,0.6472,24.4944,4.3501,9.6673,39.4297,2.2052,11,0,0,0,3,0,0,0,1,165,4,7,36.36,0,0,0,0,0,0,0,0
ubt,bintrie,5,4,storage_sstore_k100,14,,2115,15918216,1,13.6572,24.8832,25.5438,22.7669,87.1588,182.6345,106,687,100,2937,100,0,680,0,0,0,12,94,11.32,74,613,10.77,100,0,100,2937,0
ubt,bintrie,5,4,storage_sstore_k100,14,,2116,21000,1,7.0153,10.2238,41.7644,0.786,59.992,0.35,6,0,0,0,2,0,0,0,0,0,2,4,33.33,0,0,0,0,0,0,0,0
ubt,bintrie,5,4,storage_sstore_k100,14,,2117,0,0,0.2295,69.4093,0.0032,0.1417,70.5637,0,4,0,0,0,0,0,0,0,0,0,0,4,0,0,0,0,0,0,0,0,0
ubt,bintrie,5,4,storage_sstore_k100,15,,2118,0,0,0.2284,2.4141,0.005,0.7703,4.1354,0,4,0,0,0,0,0,0,0,0,0,0,4,0,0,0,0,0,0,0,0,0
ubt,bintrie,5,4,storage_sstore_k100,15,,2119,0,0,0.0563,1.9212,0.0073,0.812,3.6562,0,4,0,0,0,0,0,0,0,0,0,0,4,0,0,0,0,0,0,0,0,0
ubt,bintrie,5,4,storage_sstore_k100,15,,2120,0,0,0.119,32.7965,0.0044,0.3135,37.8973,0,4,0,0,0,0,0,0,0,0,0,0,4,0,0,0,0,0,0,0,0,0
ubt,bintrie,5,4,storage_sstore_k100,15,,2121,0,0,0.0519,2.8936,0.0029,0.1788,3.3981,0,4,0,0,0,0,0,0,0,0,0,0,4,0,0,0,0,0,0,0,0,0
ubt,bintrie,5,4,storage_sstore_k100,15,,2122,0,0,0.184,16.3309,0.0035,0.1312,17.3581,0,4,0,0,0,0,0,0,0,0,0,0,4,0,0,0,0,0,0,0,0,0
ubt,bintrie,5,4,storage_sstore_k100,15,,2123,86950,2,0.1213,14.9303,21.0677,3.399,39.7645,2.1866,11,0,0,0,3,0,0,0,1,165,6,5,54.55,0,0,0,0,0,0,0,0
ubt,bintrie,5,4,storage_sstore_k100,15,,2124,15918216,1,13.0281,27.528,44.6883,38.1315,129.105,123.2967,106,687,100,2937,100,0,680,0,0,0,1,105,0.94,10,677,1.46,100,0,100,2937,0
ubt,bintrie,5,4,storage_sstore_k100,15,,2125,21000,1,0.1394,23.9169,35.6317,0.7335,60.7981,0.3454,6,0,0,0,2,0,0,0,0,0,0,6,0,0,0,0,0,0,0,0,0
ubt,bintrie,5,4,storage_sstore_k100,15,,2126,0,0,0.07,6.4206,0.0088,1.0345,7.9757,0,4,0,0,0,0,0,0,0,0,0,0,4,0,0,0,0,0,0,0,0,0
ubt,bintrie,5,4,storage_sstore_k100,15,,2127,0,0,0.0855,6.9068,0.0187,1.6213,9.9205,0,4,0,0,0,0,0,0,0,0,0,0,4,0,0,0,0,0,0,0,0,0
ubt,bintrie,5,4,storage_sstore_k100,16,,2128,0,0,0.1202,20.9058,0.0038,0.2558,21.6741,0,4,0,0,0,0,0,0,0,0,0,0,4,0,0,0,0,0,0,0,0,0
ubt,bintrie,5,4,storage_sstore_k100,16,,2129,0,0,0.3421,89.0088,0.0044,0.6656,91.4769,0,4,0,0,0,0,0,0,0,0,0,0,4,0,0,0,0,0,0,0,0,0
ubt,bintrie,5,4,storage_sstore_k100,16,,2130,0,0,0.077,55.8256,0.0029,0.1814,56.2853,0,4,0,0,0,0,0,0,0,0,0,0,4,0,0,0,0,0,0,0,0,0
ubt,bintrie,5,4,storage_sstore_k100,16,,2131,0,0,0.0895,14.9411,0.0061,0.4261,15.7767,0,4,0,0,0,0,0,0,0,0,0,0,4,0,0,0,0,0,0,0,0,0
ubt,bintrie,5,4,storage_sstore_k100,16,,2132,0,0,0.0755,28.6427,0.0047,0.1298,31.0007,0,4,0,0,0,0,0,0,0,0,0,0,4,0,0,0,0,0,0,0,0,0
ubt,bintrie,5,4,storage_sstore_k100,16,,2133,86950,2,1.3982,13.1212,6.4617,5.5759,27.2459,3.1913,11,0,0,0,3,0,0,0,1,165,4,7,36.36,0,0,0,0,0,0,0,0
ubt,bintrie,5,4,storage_sstore_k100,16,,2134,15918216,1,19.4934,73.0624,24.2235,15.3859,132.637,120.0134,106,687,100,2937,100,0,680,0,0,0,0,106,0,0,687,0,100,0,100,2937,0
ubt,bintrie,5,4,storage_sstore_k100,16,,2135,21000,1,0.0785,10.0109,51.7689,1.0736,63.1745,0.3324,6,0,0,0,2,0,0,0,0,0,2,4,33.33,0,0,0,0,0,0,0,0
ubt,bintrie,5,4,storage_sstore_k100,16,,2136,0,0,0.2876,17.2922,0.021,1.773,21.4813,0,4,0,0,0,0,0,0,0,0,0,0,4,0,0,0,0,0,0,0,0,0
ubt,bintrie,5,4,storage_sstore_k100,16,,2137,0,0,0.0916,6.5556,0.0149,0.8376,9.117,0,4,0,0,0,0,0,0,0,0,0,0,4,0,0,0,0,0,0,0,0,0
ubt,bintrie,5,4,storage_sstore_k100,17,,2138,0,0,0.3547,3.4923,0.0155,1.0777,17.5593,0,4,0,0,0,0,0,0,0,0,0,0,4,0,0,0,0,0,0,0,0,0
ubt,bintrie,5,4,storage_sstore_k100,17,,2139,0,0,0.1391,4.1328,0.0128,0.7361,6.9526,0,4,0,0,0,0,0,0,0,0,0,0,4,0,0,0,0,0,0,0,0,0
ubt,bintrie,5,4,storage_sstore_k100,17,,2140,0,0,0.065,48.7543,0.0032,0.121,49.6077,0,4,0,0,0,0,0,0,0,0,0,0,4,0,0,0,0,0,0,0,0,0
ubt,bintrie,5,4,storage_sstore_k100,17,,2141,0,0,0.0948,9.7898,0.0111,0.4191,16.9428,0,4,0,0,0,0,0,0,0,0,0,0,4,0,0,0,0,0,0,0,0,0
ubt,bintrie,5,4,storage_sstore_k100,17,,2142,0,0,0.0694,50.303,0.0026,0.1686,51.8354,0,4,0,0,0,0,0,0,0,0,0,0,4,0,0,0,0,0,0,0,0,0
ubt,bintrie,5,4,storage_sstore_k100,17,,2143,86950,2,0.9234,4.1801,5.6944,3.0265,14.254,6.1001,11,0,0,0,3,0,0,0,1,165,4,7,36.36,0,0,0,0,0,0,0,0
ubt,bintrie,5,4,storage_sstore_k100,17,,2144,15918216,1,24.4813,70.6553,18.7441,14.7276,129.1537,123.2502,106,687,100,2937,100,0,680,0,0,0,38,68,35.85,238,449,34.64,100,0,100,2937,0
ubt,bintrie,5,4,storage_sstore_k100,17,,2145,21000,1,0.0706,74.7563,1.2536,0.6737,76.9846,0.2728,6,0,0,0,2,0,0,0,0,0,2,4,33.33,0,0,0,0,0,0,0,0
ubt,bintrie,5,4,storage_sstore_k100,17,,2146,0,0,0.3235,21.392,0.0134,2.1816,24.9424,0,4,0,0,0,0,0,0,0,0,0,0,4,0,0,0,0,0,0,0,0,0
ubt,bintrie,5,4,storage_sstore_k100,17,,2147,0,0,0.0729,6.4512,0.0204,1.0899,8.6917,0,4,0,0,0,0,0,0,0,0,0,0,4,0,0,0,0,0,0,0,0,0
ubt,bintrie,5,4,storage_sstore_k100,18,,2148,0,0,0.3386,34.666,0.0058,0.6452,36.4691,0,4,0,0,0,0,0,0,0,0,0,0,4,0,0,0,0,0,0,0,0,0
ubt,bintrie,5,4,storage_sstore_k100,18,,2149,0,0,0.0647,2.0477,0.0088,1.1448,4.1984,0,4,0,0,0,0,0,0,0,0,0,0,4,0,0,0,0,0,0,0,0,0
ubt,bintrie,5,4,storage_sstore_k100,18,,2150,0,0,0.0831,31.8553,0.0026,0.1245,37.4584,0,4,0,0,0,0,0,0,0,0,0,0,4,0,0,0,0,0,0,0,0,0
ubt,bintrie,5,4,storage_sstore_k100,18,,2151,0,0,0.1385,71.0458,0.0029,0.1636,71.8225,0,4,0,0,0,0,0,0,0,0,0,0,4,0,0,0,0,0,0,0,0,0
ubt,bintrie,5,4,storage_sstore_k100,18,,2152,0,0,0.0513,54.5569,0.0032,0.117,54.9366,0,4,0,0,0,0,0,0,0,0,0,0,4,0,0,0,0,0,0,0,0,0
ubt,bintrie,5,4,storage_sstore_k100,18,,2153,86950,2,0.7781,24.7648,4.4991,2.5479,33.8616,2.5678,11,0,0,0,3,0,0,0,1,165,4,7,36.36,0,0,0,0,0,0,0,0
ubt,bintrie,5,4,storage_sstore_k100,18,,2154,15918216,1,17.6215,81.6054,21.047,13.3023,133.9477,118.839,106,687,100,2937,100,0,680,0,0,0,31,75,29.25,204,483,29.69,100,0,100,2937,0
ubt,bintrie,5,4,storage_sstore_k100,18,,2155,0,0,0.159,14.755,0.0155,1.362,23.0939,0,4,0,0,0,0,0,0,0,0,0,0,4,0,0,0,0,0,0,0,0,0
ubt,bintrie,5,4,storage_sstore_k100,18,,2156,21000,1,0.1333,13.5829,1.463,0.7464,16.1649,1.2991,6,0,0,0,2,0,0,0,0,0,0,6,0,0,0,0,0,0,0,0,0
ubt,bintrie,5,4,storage_sstore_k100,18,,2157,0,0,0.0318,2.1379,0.002,0.1546,2.4686,0,4,0,0,0,0,0,0,0,0,0,0,4,0,0,0,0,0,0,0,0,0
ubt,bintrie,5,4,storage_sstore_k100,18,,2158,0,0,0.1464,66.6794,0.0026,0.1875,67.7927,0,4,0,0,0,0,0,0,0,0,0,0,4,0,0,0,0,0,0,0,0,0
ubt,bintrie,5,4,storage_sstore_k100,19,,2159,0,0,0.1695,50.4229,0.0067,0.7516,51.913,0,4,0,0,0,0,0,0,0,0,0,0,4,0,0,0,0,0,0,0,0,0
ubt,bintrie,5,4,storage_sstore_k100,19,,2160,0,0,0.1321,10.2014,0.0085,0.4859,11.3695,0,4,0,0,0,0,0,0,0,0,0,0,4,0,0,0,0,0,0,0,0,0
ubt,bintrie,5,4,storage_sstore_k100,19,,2161,0,0,0.0814,51.6951,0.0055,0.3097,52.3835,0,4,0,0,0,0,0,0,0,0,0,0,4,0,0,0,0,0,0,0,0,0
ubt,bintrie,5,4,storage_sstore_k100,19,,2162,0,0,0.1053,7.0185,0.0236,12.1155,27.3212,0,4,0,0,0,0,0,0,0,0,0,0,4,0,0,0,0,0,0,0,0,0
ubt,bintrie,5,4,storage_sstore_k100,19,,2163,0,0,0.1009,10.1579,0.0035,0.2432,11.8387,0,4,0,0,0,0,0,0,0,0,0,0,4,0,0,0,0,0,0,0,0,0
ubt,bintrie,5,4,storage_sstore_k100,19,,2164,86950,2,0.3695,8.0168,4.9349,2.9583,16.5765,5.2454,11,0,0,0,3,0,0,0,1,165,6,5,54.55,0,0,0,0,0,0,0,0
ubt,bintrie,5,4,storage_sstore_k100,19,,2165,15918216,1,15.8432,38.4427,21.2637,26.205,102.2149,155.7329,106,687,100,2937,100,0,680,0,0,0,18,88,16.98,75,612,10.92,100,0,100,2937,0
ubt,bintrie,5,4,storage_sstore_k100,19,,2166,21000,1,0.3684,33.8552,15.6087,0.7644,65.3436,0.3214,6,0,0,0,2,0,0,0,0,0,0,6,0,0,0,0,0,0,0,0,0
ubt,bintrie,5,4,storage_sstore_k100,19,,2167,0,0,0.0478,6.25,0.0018,0.1426,6.6379,0,4,0,0,0,0,0,0,0,0,0,0,4,0,0,0,0,0,0,0,0,0
ubt,bintrie,5,4,storage_sstore_k100,1,,1981,0,0,0.0598,4.4286,0.0026,0.1563,4.8687,0,4,0,0,0,0,0,0,0,0,0,0,4,0,0,0,0,0,0,0,0,0
ubt,bintrie,5,4,storage_sstore_k100,1,,1982,0,0,0.0487,11.6483,0.0032,0.1575,12.0382,0,4,0,0,0,0,0,0,0,0,0,0,4,0,0,0,0,0,0,0,0,0
ubt,bintrie,5,4,storage_sstore_k100,1,,1983,0,0,0.1832,12.0047,0.0038,0.1397,12.6178,0,4,0,0,0,0,0,0,0,0,0,0,4,0,0,0,0,0,0,0,0,0
ubt,bintrie,5,4,storage_sstore_k100,1,,1984,0,0,0.2707,30.5703,0.0055,0.5877,32.6644,0,4,0,0,0,0,0,0,0,0,0,0,4,0,0,0,0,0,0,0,0,0
ubt,bintrie,5,4,storage_sstore_k100,1,,1985,0,0,0.0551,46.1317,0.0023,0.2117,46.7273,0,4,0,0,0,0,0,0,0,0,0,0,4,0,0,0,0,0,0,0,0,0
ubt,bintrie,5,4,storage_sstore_k100,1,,1986,86950,2,0.1907,3.5078,1.8844,2.0472,7.8491,11.0777,11,0,0,0,3,0,0,0,1,165,4,7,36.36,0,0,0,0,0,0,0,0
ubt,bintrie,5,4,storage_sstore_k100,1,,1987,15918216,1,33.038,45.7336,26.1385,23.5774,129.3911,123.024,106,687,100,2937,100,0,680,0,0,0,65,41,61.32,447,240,65.07,100,0,100,2937,0
ubt,bintrie,5,4,storage_sstore_k100,1,,1988,21000,1,0.1062,11.2117,44.5512,0.7052,56.8321,0.3695,6,0,0,0,2,0,0,0,0,0,2,4,33.33,0,0,0,0,0,0,0,0
ubt,bintrie,5,4,storage_sstore_k100,1,,1989,0,0,0.1009,54.7981,0.0026,0.1461,55.4307,0,4,0,0,0,0,0,0,0,0,0,0,4,0,0,0,0,0,0,0,0,0
ubt,bintrie,5,4,storage_sstore_k100,1,,1990,0,0,0.1321,59.1637,0.0018,0.1464,74.5921,0,4,0,0,0,0,0,0,0,0,0,0,4,0,0,0,0,0,0,0,0,0
ubt,bintrie,5,4,storage_sstore_k100,20,,2169,0,0,0.2657,76.8149,0.0026,0.1756,77.6315,0,4,0,0,0,0,0,0,0,0,0,0,4,0,0,0,0,0,0,0,0,0
ubt,bintrie,5,4,storage_sstore_k100,20,,2170,0,0,0.1088,65.2462,0.0058,0.3885,66.1766,0,4,0,0,0,0,0,0,0,0,0,0,4,0,0,0,0,0,0,0,0,0
ubt,bintrie,5,4,storage_sstore_k100,20,,2171,0,0,0.1161,10.498,0.0044,0.2176,11.6713,0,4,0,0,0,0,0,0,0,0,0,0,4,0,0,0,0,0,0,0,0,0
ubt,bintrie,5,4,storage_sstore_k100,20,,2172,0,0,0.222,63.5444,0.0053,0.4465,64.8694,0,4,0,0,0,0,0,0,0,0,0,0,4,0,0,0,0,0,0,0,0,0
ubt,bintrie,5,4,storage_sstore_k100,20,,2173,0,0,0.1557,34.4053,0.0026,0.145,35.1035,0,4,0,0,0,0,0,0,0,0,0,0,4,0,0,0,0,0,0,0,0,0
ubt,bintrie,5,4,storage_sstore_k100,20,,2174,86950,2,0.1301,19.2017,33.8112,2.9668,56.3337,1.5435,11,0,0,0,3,0,0,0,1,165,5,6,45.45,0,0,0,0,0,0,0,0
ubt,bintrie,5,4,storage_sstore_k100,20,,2175,15918216,1,32.1598,13.8465,107.801,14.1659,168.5773,94.4268,106,687,100,2937,100,0,680,0,0,0,77,29,72.64,506,181,73.65,100,0,100,2937,0
ubt,bintrie,5,4,storage_sstore_k100,20,,2176,21000,1,0.0895,11.4082,30.3579,2.3164,44.4112,0.4729,6,0,0,0,2,0,0,0,0,0,0,6,0,0,0,0,0,0,0,0,0
ubt,bintrie,5,4,storage_sstore_k100,20,,2177,0,0,0.1581,8.2927,0.0257,1.9669,11.853,0,4,0,0,0,0,0,0,0,0,0,0,4,0,0,0,0,0,0,0,0,0
ubt,bintrie,5,4,storage_sstore_k100,2,,1991,0,0,0.3325,25.1868,0.0029,0.2578,26.5092,0,4,0,0,0,0,0,0,0,0,0,0,4,0,0,0,0,0,0,0,0,0
ubt,bintrie,5,4,storage_sstore_k100,2,,1992,0,0,0.0659,2.0857,0.0073,0.8989,4.1608,0,4,0,0,0,0,0,0,0,0,0,0,4,0,0,0,0,0,0,0,0,0
ubt,bintrie,5,4,storage_sstore_k100,2,,1993,0,0,0.1543,30.7304,0.0029,0.1476,54.7156,0,4,0,0,0,0,0,0,0,0,0,0,4,0,0,0,0,0,0,0,0,0
ubt,bintrie,5,4,storage_sstore_k100,2,,1994,0,0,0.0677,40.9434,0.005,0.3689,41.7204,0,4,0,0,0,0,0,0,0,0,0,0,4,0,0,0,0,0,0,0,0,0
ubt,bintrie,5,4,storage_sstore_k100,2,,1995,0,0,0.1164,4.4866,0.0023,0.2365,21.5347,0,4,0,0,0,0,0,0,0,0,0,0,4,0,0,0,0,0,0,0,0,0
ubt,bintrie,5,4,storage_sstore_k100,2,,1996,86950,2,0.1528,2.3922,4.0048,4.4933,11.2636,7.7196,11,0,0,0,3,0,0,0,1,165,5,6,45.45,0,0,0,0,0,0,0,0
ubt,bintrie,5,4,storage_sstore_k100,2,,1997,15918216,1,13.4327,25.0112,40.2478,54.5441,134.081,118.7209,106,687,100,2937,100,0,680,0,0,0,41,65,38.68,184,503,26.78,100,0,100,2937,0
ubt,bintrie,5,4,storage_sstore_k100,2,,1998,0,0,0.0793,36.5151,0.0067,0.4282,37.4391,0,4,0,0,0,0,0,0,0,0,0,0,4,0,0,0,0,0,0,0,0,0
ubt,bintrie,5,4,storage_sstore_k100,2,,1999,21000,1,0.0822,10.3058,43.074,0.8096,54.6566,0.3842,6,0,0,0,2,0,0,0,0,0,2,4,33.33,0,0,0,0,0,0,0,0
ubt,bintrie,5,4,storage_sstore_k100,2,,2000,0,0,0.2126,62.2339,0.0064,0.4821,64.5101,0,4,0,0,0,0,0,0,0,0,0,0,4,0,0,0,0,0,0,0,0,0
ubt,bintrie,5,4,storage_sstore_k100,2,,2001,0,0,0.3421,67.2511,0.0026,0.1881,68.3477,0,4,0,0,0,0,0,0,0,0,0,0,4,0,0,0,0,0,0,0,0,0
ubt,bintrie,5,4,storage_sstore_k100,3,,2002,0,0,0.0612,4.4548,0.0029,0.1601,5.3435,0,4,0,0,0,0,0,0,0,0,0,0,4,0,0,0,0,0,0,0,0,0
ubt,bintrie,5,4,storage_sstore_k100,3,,2003,0,0,0.0347,11.3397,0.002,0.1315,11.6626,0,4,0,0,0,0,0,0,0,0,0,0,4,0,0,0,0,0,0,0,0,0
ubt,bintrie,5,4,storage_sstore_k100,3,,2004,0,0,0.0671,33.7041,0.0032,0.1432,43.4184,0,4,0,0,0,0,0,0,0,0,0,0,4,0,0,0,0,0,0,0,0,0
ubt,bintrie,5,4,storage_sstore_k100,3,,2005,0,0,0.1283,11.7638,0.0029,0.1423,12.4824,0,4,0,0,0,0,0,0,0,0,0,0,4,0,0,0,0,0,0,0,0,0
ubt,bintrie,5,4,storage_sstore_k100,3,,2006,0,0,0.1321,49.9735,0.0029,0.156,52.1186,0,4,0,0,0,0,0,0,0,0,0,0,4,0,0,0,0,0,0,0,0,0
ubt,bintrie,5,4,storage_sstore_k100,3,,2007,86950,2,0.2473,4.1792,48.5621,1.7532,69.3067,1.2546,11,0,0,0,3,0,0,0,1,165,5,6,45.45,0,0,0,0,0,0,0,0
ubt,bintrie,5,4,storage_sstore_k100,3,,2008,15918216,1,19.5835,72.5531,20.8825,31.8944,145.2947,109.5581,106,687,100,2937,100,0,680,0,0,0,7,99,6.6,28,659,4.08,100,0,100,2937,0
ubt,bintrie,5,4,storage_sstore_k100,3,,2009,21000,1,0.1493,26.8318,29.9904,0.8003,58.1857,0.3609,6,0,0,0,2,0,0,0,0,0,2,4,33.33,0,0,0,0,0,0,0,0
ubt,bintrie,5,4,storage_sstore_k100,3,,2010,0,0,0.098,72.344,0.0029,0.17,73.0105,0,4,0,0,0,0,0,0,0,0,0,0,4,0,0,0,0,0,0,0,0,0
ubt,bintrie,5,4,storage_sstore_k100,4,,2011,0,0,0.2106,16.6625,0.0076,0.7049,18.161,0,4,0,0,0,0,0,0,0,0,0,0,4,0,0,0,0,0,0,0,0,0
ubt,bintrie,5,4,storage_sstore_k100,4,,2012,0,0,0.229,22.7725,0.0157,0.8026,24.5492,0,4,0,0,0,0,0,0,0,0,0,0,4,0,0,0,0,0,0,0,0,0
ubt,bintrie,5,4,storage_sstore_k100,4,,2013,0,0,0.0645,45.066,0.0032,0.2511,45.7094,0,4,0,0,0,0,0,0,0,0,0,0,4,0,0,0,0,0,0,0,0,0
ubt,bintrie,5,4,storage_sstore_k100,4,,2014,0,0,0.1864,39.6,0.0572,1.0441,41.5183,0,4,0,0,0,0,0,0,0,0,0,0,4,0,0,0,0,0,0,0,0,0
ubt,bintrie,5,4,storage_sstore_k100,4,,2015,0,0,0.1572,46.2213,0.0044,0.1613,47.077,0,4,0,0,0,0,0,0,0,0,0,0,4,0,0,0,0,0,0,0,0,0
ubt,bintrie,5,4,storage_sstore_k100,4,,2016,86950,2,0.1543,10.701,37.8909,2.9326,51.8701,1.6763,11,0,0,0,3,0,0,0,1,165,5,6,45.45,0,0,0,0,0,0,0,0
ubt,bintrie,5,4,storage_sstore_k100,4,,2017,15918216,1,12.5597,23.9572,36.4192,37.5409,110.7774,143.6955,106,687,100,2937,100,0,680,0,0,0,30,76,28.3,187,500,27.22,100,0,100,2937,0
ubt,bintrie,5,4,storage_sstore_k100,4,,2018,21000,1,0.2278,11.9405,34.256,2.272,49.3525,0.4255,6,0,0,0,2,0,0,0,0,0,2,4,33.33,0,0,0,0,0,0,0,0
ubt,bintrie,5,4,storage_sstore_k100,4,,2019,0,0,0.1505,8.0381,0.0067,1.0284,9.7954,0,4,0,0,0,0,0,0,0,0,0,0,4,0,0,0,0,0,0,0,0,0
ubt,bintrie,5,4,storage_sstore_k100,4,,2020,0,0,0.0764,6.306,0.0198,1.0613,10.2787,0,4,0,0,0,0,0,0,0,0,0,0,4,0,0,0,0,0,0,0,0,0
ubt,bintrie,5,4,storage_sstore_k100,5,,2021,0,0,0.065,5.1577,0.0026,0.1945,5.6631,0,4,0,0,0,0,0,0,0,0,0,0,4,0,0,0,0,0,0,0,0,0
ubt,bintrie,5,4,storage_sstore_k100,5,,2022,0,0,0.0405,11.7326,0.0026,0.1782,12.1549,0,4,0,0,0,0,0,0,0,0,0,0,4,0,0,0,0,0,0,0,0,0
ubt,bintrie,5,4,storage_sstore_k100,5,,2023,0,0,0.0612,40.7836,0.0044,0.1432,41.2167,0,4,0,0,0,0,0,0,0,0,0,0,4,0,0,0,0,0,0,0,0,0
ubt,bintrie,5,4,storage_sstore_k100,5,,2024,0,0,0.1441,2.4009,0.0047,0.3698,3.6166,0,4,0,0,0,0,0,0,0,0,0,0,4,0,0,0,0,0,0,0,0,0
ubt,bintrie,5,4,storage_sstore_k100,5,,2025,0,0,0.0916,4.6228,0.0067,0.9575,8.1735,0,4,0,0,0,0,0,0,0,0,0,0,4,0,0,0,0,0,0,0,0,0
ubt,bintrie,5,4,storage_sstore_k100,5,,2026,86950,2,0.5897,13.8602,1.7185,2.2746,18.7986,4.6253,11,0,0,0,3,0,0,0,1,165,4,7,36.36,0,0,0,0,0,0,0,0
ubt,bintrie,5,4,storage_sstore_k100,5,,2027,15918216,1,22.8174,34.2029,57.4694,19.2915,134.2615,118.5613,106,687,100,2937,100,0,680,0,0,0,18,88,16.98,90,597,13.1,100,0,100,2937,0
ubt,bintrie,5,4,storage_sstore_k100,5,,2028,21000,1,0.072,5.9166,49.0699,1.6377,57.0176,0.3683,6,0,0,0,2,0,0,0,0,0,2,4,33.33,0,0,0,0,0,0,0,0
ubt,bintrie,5,4,storage_sstore_k100,5,,2029,0,0,0.2155,9.1301,0.009,7.8497,17.7434,0,4,0,0,0,0,0,0,0,0,0,0,4,0,0,0,0,0,0,0,0,0
ubt,bintrie,5,4,storage_sstore_k100,6,,2031,0,0,0.1797,1.7138,0.0111,1.0255,3.7717,0,4,0,0,0,0,0,0,0,0,0,0,4,0,0,0,0,0,0,0,0,0
ubt,bintrie,5,4,storage_sstore_k100,6,,2032,0,0,0.056,1.6977,0.0061,2.5054,5.0585,0,4,0,0,0,0,0,0,0,0,0,0,4,0,0,0,0,0,0,0,0,0
ubt,bintrie,5,4,storage_sstore_k100,6,,2033,0,0,0.0709,45.7774,0.0029,0.1703,47.9272,0,4,0,0,0,0,0,0,0,0,0,0,4,0,0,0,0,0,0,0,0,0
ubt,bintrie,5,4,storage_sstore_k100,6,,2034,0,0,0.1111,44.1989,0.005,0.3675,45.0768,0,4,0,0,0,0,0,0,0,0,0,0,4,0,0,0,0,0,0,0,0,0
ubt,bintrie,5,4,storage_sstore_k100,6,,2035,0,0,0.0545,2.9469,0.0029,0.1598,3.4637,0,4,0,0,0,0,0,0,0,0,0,0,4,0,0,0,0,0,0,0,0,0
ubt,bintrie,5,4,storage_sstore_k100,6,,2036,86950,2,0.1409,5.9367,20.3371,2.7903,90.972,0.9558,11,0,0,0,3,0,0,0,1,165,5,6,45.45,0,0,0,0,0,0,0,0
ubt,bintrie,5,4,storage_sstore_k100,6,,2037,15918216,1,17.9557,62.5157,19.9953,18.7079,119.5006,133.2061,106,687,100,2937,100,0,680,0,0,0,30,76,28.3,148,539,21.54,100,0,100,2937,0
ubt,bintrie,5,4,storage_sstore_k100,6,,2038,21000,1,0.0776,12.0904,44.709,0.7105,57.8188,0.3632,6,0,0,0,2,0,0,0,0,0,2,4,33.33,0,0,0,0,0,0,0,0
ubt,bintrie,5,4,storage_sstore_k100,6,,2039,0,0,0.2747,72.3079,0.0023,0.1636,73.3488,0,4,0,0,0,0,0,0,0,0,0,0,4,0,0,0,0,0,0,0,0,0
ubt,bintrie,5,4,storage_sstore_k100,7,,2040,0,0,0.0863,0.9467,0.0029,0.2106,1.5683,0,4,0,0,0,0,0,0,0,0,0,0,4,0,0,0,0,0,0,0,0,0
ubt,bintrie,5,4,storage_sstore_k100,7,,2041,0,0,0.0761,2.3936,0.0073,0.9989,4.5642,0,4,0,0,0,0,0,0,0,0,0,0,4,0,0,0,0,0,0,0,0,0
ubt,bintrie,5,4,storage_sstore_k100,7,,2042,0,0,0.084,44.0916,0.0053,0.4101,44.8566,0,4,0,0,0,0,0,0,0,0,0,0,4,0,0,0,0,0,0,0,0,0
ubt,bintrie,5,4,storage_sstore_k100,7,,2043,0,0,0.037,1.8727,0.0023,0.1353,2.2149,0,4,0,0,0,0,0,0,0,0,0,0,4,0,0,0,0,0,0,0,0,0
ubt,bintrie,5,4,storage_sstore_k100,7,,2044,0,0,0.2386,73.4456,0.0032,2.0396,76.2018,0,4,0,0,0,0,0,0,0,0,0,0,4,0,0,0,0,0,0,0,0,0
ubt,bintrie,5,4,storage_sstore_k100,7,,2045,86950,2,0.1569,20.3409,28.1483,13.0369,61.9324,1.404,11,0,0,0,3,0,0,0,1,165,5,6,45.45,0,0,0,0,0,0,0,0
ubt,bintrie,5,4,storage_sstore_k100,7,,2046,15918216,1,19.9932,21.4177,79.8195,13.4609,137.4263,115.8309,106,687,100,2937,100,0,680,0,0,0,40,66,37.74,248,439,36.1,100,0,100,2937,0
ubt,bintrie,5,4,storage_sstore_k100,7,,2047,21000,1,0.3281,50.2511,1.3679,0.7752,52.9776,0.3964,6,0,0,0,2,0,0,0,0,0,0,6,0,0,0,0,0,0,0,0,0
ubt,bintrie,5,4,storage_sstore_k100,7,,2048,0,0,0.2523,55.9207,0.0032,0.1595,57.2177,0,4,0,0,0,0,0,0,0,0,0,0,4,0,0,0,0,0,0,0,0,0
ubt,bintrie,5,4,storage_sstore_k100,7,,2049,0,0,0.2663,77.2427,0.0026,0.2362,79.2106,0,4,0,0,0,0,0,0,0,0,0,0,4,0,0,0,0,0,0,0,0,0
ubt,bintrie,5,4,storage_sstore_k100,8,,2050,0,0,0.3482,29.0892,0.002,0.3774,30.7639,0,4,0,0,0,0,0,0,0,0,0,0,4,0,0,0,0,0,0,0,0,0
ubt,bintrie,5,4,storage_sstore_k100,8,,2051,0,0,0.1563,4.9993,0.0163,0.8945,6.7181,0,4,0,0,0,0,0,0,0,0,0,0,4,0,0,0,0,0,0,0,0,0
ubt,bintrie,5,4,storage_sstore_k100,8,,2052,0,0,0.068,49.6174,0.0038,0.1951,51.0689,0,4,0,0,0,0,0,0,0,0,0,0,4,0,0,0,0,0,0,0,0,0
ubt,bintrie,5,4,storage_sstore_k100,8,,2053,0,0,0.1178,63.0299,0.0055,1.9302,65.8549,0,4,0,0,0,0,0,0,0,0,0,0,4,0,0,0,0,0,0,0,0,0
ubt,bintrie,5,4,storage_sstore_k100,8,,2054,0,0,0.1616,4.2253,0.0152,0.6775,6.9858,0,4,0,0,0,0,0,0,0,0,0,0,4,0,0,0,0,0,0,0,0,0
ubt,bintrie,5,4,storage_sstore_k100,8,,2055,86950,2,0.1464,74.082,1.4775,2.2198,78.1965,1.1119,11,0,0,0,3,0,0,0,1,165,5,6,45.45,0,0,0,0,0,0,0,0
ubt,bintrie,5,4,storage_sstore_k100,8,,2056,15918216,1,41.0166,71.8432,52.767,36.7677,203.243,78.3211,106,687,100,2937,100,0,680,0,0,0,68,38,64.15,429,258,62.45,100,0,100,2937,0
ubt,bintrie,5,4,storage_sstore_k100,8,,2057,21000,1,0.3316,17.0005,6.4696,0.9774,25.0337,0.8389,6,0,0,0,2,0,0,0,0,0,0,6,0,0,0,0,0,0,0,0,0
ubt,bintrie,5,4,storage_sstore_k100,8,,2058,0,0,0.1047,19.1375,0.0079,0.7289,20.5077,0,4,0,0,0,0,0,0,0,0,0,0,4,0,0,0,0,0,0,0,0,0
ubt,bintrie,5,4,storage_sstore_k100,8,,2059,0,0,0.133,7.0535,0.0172,1.4533,9.8035,0,4,0,0,0,0,0,0,0,0,0,0,4,0,0,0,0,0,0,0,0,0
ubt,bintrie,5,4,storage_sstore_k100,9,,2060,0,0,0.1864,2.2924,0.005,0.5603,3.6475,0,4,0,0,0,0,0,0,0,0,0,0,4,0,0,0,0,0,0,0,0,0
ubt,bintrie,5,4,storage_sstore_k100,9,,2061,0,0,0.0855,2.5998,0.0073,1.7631,5.5885,0,4,0,0,0,0,0,0,0,0,0,0,4,0,0,0,0,0,0,0,0,0
ubt,bintrie,5,4,storage_sstore_k100,9,,2062,0,0,0.1517,29.1548,0.0111,0.5337,32.3917,0,4,0,0,0,0,0,0,0,0,0,0,4,0,0,0,0,0,0,0,0,0
ubt,bintrie,5,4,storage_sstore_k100,9,,2063,0,0,0.0569,15.4845,0.0032,0.2097,15.9427,0,4,0,0,0,0,0,0,0,0,0,0,4,0,0,0,0,0,0,0,0,0
ubt,bintrie,5,4,storage_sstore_k100,9,,2064,0,0,0.163,53.0753,0.0023,0.2187,56.9575,0,4,0,0,0,0,0,0,0,0,0,0,4,0,0,0,0,0,0,0,0,0
ubt,bintrie,5,4,storage_sstore_k100,9,,2065,86950,2,0.1992,20.9003,27.4565,12.616,61.4304,1.4154,11,0,0,0,3,0,0,0,1,165,5,6,45.45,0,0,0,0,0,0,0,0
ubt,bintrie,5,4,storage_sstore_k100,9,,2066,15918216,1,13.1728,24.7096,63.1075,15.0403,130.2028,122.2571,106,687,100,2937,100,0,680,0,0,0,8,98,7.55,49,638,7.13,100,0,100,2937,0
ubt,bintrie,5,4,storage_sstore_k100,9,,2067,21000,1,0.3748,42.6756,13.1786,0.8169,57.4615,0.3655,6,0,0,0,2,0,0,0,0,0,0,6,0,0,0,0,0,0,0,0,0
ubt,bintrie,5,4,storage_sstore_k100,9,,2068,0,0,0.1823,4.0759,0.0117,0.6898,19.3364,0,4,0,0,0,0,0,0,0,0,0,0,4,0,0,0,0,0,0,0,0,0
ubt,bintrie,5,4,storage_sstore_k400,10,,2268,0,0,0.4897,42.318,0.005,0.56,44.1397,0,4,0,0,0,0,0,0,0,0,0,0,4,0,0,0,0,0,0,0,0,0
ubt,bintrie,5,4,storage_sstore_k400,10,,2269,0,0,0.0662,1.997,0.0143,0.9619,4.2261,0,4,0,0,0,0,0,0,0,0,0,0,4,0,0,0,0,0,0,0,0,0
ubt,bintrie,5,4,storage_sstore_k400,10,,2270,0,0,0.051,21.4597,0.0035,0.254,22.0276,0,4,0,0,0,0,0,0,0,0,0,0,4,0,0,0,0,0,0,0,0,0
ubt,bintrie,5,4,storage_sstore_k400,10,,2271,0,0,0.0811,14.8195,0.0067,0.4179,15.6971,0,4,0,0,0,0,0,0,0,0,0,0,4,0,0,0,0,0,0,0,0,0
ubt,bintrie,5,4,storage_sstore_k400,10,,2272,86938,2,0.3001,2.0089,0.8435,3.6017,7.0234,12.3783,11,0,0,0,3,0,0,0,1,165,6,5,54.55,0,0,0,0,0,0,0,0
ubt,bintrie,5,4,storage_sstore_k400,10,,2273,15913178,1,19.6406,46.7078,97.2514,36.5166,200.598,79.3287,337,630,331,9405,331,0,628,0,0,0,142,195,42.14,158,472,25.08,331,0,100,9405,0
ubt,bintrie,5,4,storage_sstore_k400,10,,2274,21000,1,0.0901,5.123,17.4141,0.9753,23.9624,0.8764,6,0,0,0,2,0,0,0,0,0,2,4,33.33,0,0,0,0,0,0,0,0
ubt,bintrie,5,4,storage_sstore_k400,10,,2275,0,0,0.119,7.7497,0.0219,1.2378,9.9698,0,4,0,0,0,0,0,0,0,0,0,0,4,0,0,0,0,0,0,0,0,0
ubt,bintrie,5,4,storage_sstore_k400,11,,2276,0,0,0.1292,5.734,0.0029,0.1584,6.483,0,4,0,0,0,0,0,0,0,0,0,0,4,0,0,0,0,0,0,0,0,0
ubt,bintrie,5,4,storage_sstore_k400,11,,2277,0,0,0.1482,52.8565,0.0061,0.4168,53.9272,0,4,0,0,0,0,0,0,0,0,0,0,4,0,0,0,0,0,0,0,0,0
ubt,bintrie,5,4,storage_sstore_k400,11,,2278,0,0,0.0321,1.8675,0.0029,0.1228,2.1796,0,4,0,0,0,0,0,0,0,0,0,0,4,0,0,0,0,0,0,0,0,0
ubt,bintrie,5,4,storage_sstore_k400,11,,2279,0,0,0.068,5.2233,0.0026,0.1826,5.7813,0,4,0,0,0,0,0,0,0,0,0,0,4,0,0,0,0,0,0,0,0,0
ubt,bintrie,5,4,storage_sstore_k400,11,,2280,0,0,0.0519,52.3887,0.0029,0.1482,52.7982,0,4,0,0,0,0,0,0,0,0,0,0,4,0,0,0,0,0,0,0,0,0
ubt,bintrie,5,4,storage_sstore_k400,11,,2281,86938,2,0.2007,2.9265,19.3761,7.1719,30.192,2.8795,11,0,0,0,3,0,0,0,1,165,5,6,45.45,0,0,0,0,0,0,0,0
ubt,bintrie,5,4,storage_sstore_k400,11,,2282,15913178,1,39.6354,64.2885,131.578,76.8123,312.7272,50.8852,337,630,331,9405,331,0,628,0,0,0,229,108,67.95,305,325,48.41,331,0,100,9405,0
ubt,bintrie,5,4,storage_sstore_k400,11,,2283,21000,1,0.0744,5.8151,6.2281,0.7049,13.0092,1.6142,6,0,0,0,2,0,0,0,0,0,2,4,33.33,0,0,0,0,0,0,0,0
ubt,bintrie,5,4,storage_sstore_k400,11,,2284,0,0,0.1044,10.3583,0.0111,0.8858,12.3687,0,4,0,0,0,0,0,0,0,0,0,0,4,0,0,0,0,0,0,0,0,0
ubt,bintrie,5,4,storage_sstore_k400,12,,2285,0,0,0.1178,3.0324,0.0082,0.6801,7.0436,0,4,0,0,0,0,0,0,0,0,0,0,4,0,0,0,0,0,0,0,0,0
ubt,bintrie,5,4,storage_sstore_k400,12,,2286,0,0,0.058,1.1019,0.0047,0.1697,1.6826,0,4,0,0,0,0,0,0,0,0,0,0,4,0,0,0,0,0,0,0,0,0
ubt,bintrie,5,4,storage_sstore_k400,12,,2287,0,0,0.1779,29.6069,0.0099,0.6947,31.1346,0,4,0,0,0,0,0,0,0,0,0,0,4,0,0,0,0,0,0,0,0,0
ubt,bintrie,5,4,storage_sstore_k400,12,,2288,0,0,0.0843,2.4779,0.0064,5.4263,9.1286,0,4,0,0,0,0,0,0,0,0,0,0,4,0,0,0,0,0,0,0,0,0
ubt,bintrie,5,4,storage_sstore_k400,12,,2289,0,0,0.1674,2.3963,0.0067,0.4419,3.6137,0,4,0,0,0,0,0,0,0,0,0,0,4,0,0,0,0,0,0,0,0,0
ubt,bintrie,5,4,storage_sstore_k400,12,,2290,86938,2,0.4871,38.1624,12.4413,2.907,54.43,1.5972,11,0,0,0,3,0,0,0,1,165,4,7,36.36,0,0,0,0,0,0,0,0
ubt,bintrie,5,4,storage_sstore_k400,12,,2291,15913178,1,20.7862,66.5357,62.9014,80.6239,231.3883,68.7726,337,630,331,9405,331,0,628,0,0,0,110,227,32.64,124,506,19.68,331,0,100,9405,0
ubt,bintrie,5,4,storage_sstore_k400,12,,2292,0,0,0.2053,9.2459,0.0088,1.129,11.2298,0,4,0,0,0,0,0,0,0,0,0,0,4,0,0,0,0,0,0,0,0,0
ubt,bintrie,5,4,storage_sstore_k400,12,,2293,21000,1,0.2374,7.2702,27.0394,1.9293,36.8071,0.5705,6,0,0,0,2,0,0,0,0,0,2,4,33.33,0,0,0,0,0,0,0,0
ubt,bintrie,5,4,storage_sstore_k400,12,,2294,0,0,0.1735,27.7135,0.0114,0.5731,29.0175,0,4,0,0,0,0,0,0,0,0,0,0,4,0,0,0,0,0,0,0,0,0
ubt,bintrie,5,4,storage_sstore_k400,12,,2295,0,0,0.11,10.6759,0.0149,0.5737,11.9446,0,4,0,0,0,0,0,0,0,0,0,0,4,0,0,0,0,0,0,0,0,0
ubt,bintrie,5,4,storage_sstore_k400,13,,2296,0,0,0.1954,14.1708,0.0102,0.4197,36.7657,0,4,0,0,0,0,0,0,0,0,0,0,4,0,0,0,0,0,0,0,0,0
ubt,bintrie,5,4,storage_sstore_k400,13,,2297,0,0,0.1677,10.2066,0.0131,0.9284,11.9703,0,4,0,0,0,0,0,0,0,0,0,0,4,0,0,0,0,0,0,0,0,0
ubt,bintrie,5,4,storage_sstore_k400,13,,2298,0,0,0.0712,48.7995,0.0026,0.1251,50.6093,0,4,0,0,0,0,0,0,0,0,0,0,4,0,0,0,0,0,0,0,0,0
ubt,bintrie,5,4,storage_sstore_k400,13,,2299,0,0,0.1508,8.4453,0.0055,0.2091,9.4573,0,4,0,0,0,0,0,0,0,0,0,0,4,0,0,0,0,0,0,0,0,0
ubt,bintrie,5,4,storage_sstore_k400,13,,2300,0,0,0.0648,23.0212,0.0023,0.1426,30.5218,0,4,0,0,0,0,0,0,0,0,0,0,4,0,0,0,0,0,0,0,0,0
ubt,bintrie,5,4,storage_sstore_k400,13,,2301,86938,2,0.135,2.4004,9.6536,2.7918,15.574,5.5822,11,0,0,0,3,0,0,0,1,165,7,4,63.64,0,0,0,0,0,0,0,0
ubt,bintrie,5,4,storage_sstore_k400,13,,2302,15913178,1,28.3325,117.9946,77.5278,59.1377,283.456,56.1398,337,630,331,9405,331,0,628,0,0,0,135,202,40.06,195,435,30.95,331,0,100,9405,0
ubt,bintrie,5,4,storage_sstore_k400,13,,2303,21000,1,0.0645,2.9988,1.3174,0.6297,5.1784,4.0553,6,0,0,0,2,0,0,0,0,0,2,4,33.33,0,0,0,0,0,0,0,0
ubt,bintrie,5,4,storage_sstore_k400,13,,2304,0,0,0.0986,7.1127,0.0157,1.337,9.2625,0,4,0,0,0,0,0,0,0,0,0,0,4,0,0,0,0,0,0,0,0,0
ubt,bintrie,5,4,storage_sstore_k400,14,,2305,0,0,0.2094,23.5419,0.0055,0.5807,25.006,0,4,0,0,0,0,0,0,0,0,0,0,4,0,0,0,0,0,0,0,0,0
ubt,bintrie,5,4,storage_sstore_k400,14,,2306,0,0,0.0814,2.2189,0.007,0.562,4.5837,0,4,0,0,0,0,0,0,0,0,0,0,4,0,0,0,0,0,0,0,0,0
ubt,bintrie,5,4,storage_sstore_k400,14,,2307,0,0,0.0481,7.89,0.0035,0.1934,8.44,0,4,0,0,0,0,0,0,0,0,0,0,4,0,0,0,0,0,0,0,0,0
ubt,bintrie,5,4,storage_sstore_k400,14,,2308,0,0,0.0271,1.7112,0.0012,0.1056,1.9661,0,4,0,0,0,0,0,0,0,0,0,0,4,0,0,0,0,0,0,0,0,0
ubt,bintrie,5,4,storage_sstore_k400,14,,2309,0,0,0.1088,1.038,0.0029,0.5089,2.0378,0,4,0,0,0,0,0,0,0,0,0,0,4,0,0,0,0,0,0,0,0,0
ubt,bintrie,5,4,storage_sstore_k400,14,,2310,86938,2,0.9733,21.4632,5.7886,3.0519,31.7769,2.7359,11,0,0,0,3,0,0,0,1,165,4,7,36.36,0,0,0,0,0,0,0,0
ubt,bintrie,5,4,storage_sstore_k400,14,,2311,15913178,1,23.2164,68.5937,162.735,85.3147,340.1129,46.7879,337,630,331,9405,331,0,628,0,0,0,56,281,16.62,51,579,8.1,331,0,100,9405,0
ubt,bintrie,5,4,storage_sstore_k400,14,,2312,21000,1,0.1292,3.7653,2.3928,2.5112,9.0114,2.3304,6,0,0,0,2,0,0,0,0,0,2,4,33.33,0,0,0,0,0,0,0,0
ubt,bintrie,5,4,storage_sstore_k400,14,,2313,0,0,0.1097,6.1135,0.0117,2.5759,11.2875,0,4,0,0,0,0,0,0,0,0,0,0,4,0,0,0,0,0,0,0,0,0
ubt,bintrie,5,4,storage_sstore_k400,14,,2314,0,0,0.1374,7.7179,0.0093,0.7787,9.6548,0,4,0,0,0,0,0,0,0,0,0,0,4,0,0,0,0,0,0,0,0,0
ubt,bintrie,5,4,storage_sstore_k400,15,,2315,0,0,0.1843,4.2853,0.0131,0.7889,6.3795,0,4,0,0,0,0,0,0,0,0,0,0,4,0,0,0,0,0,0,0,0,0
ubt,bintrie,5,4,storage_sstore_k400,15,,2316,0,0,0.0726,2.1883,0.0067,0.9578,4.4003,0,4,0,0,0,0,0,0,0,0,0,0,4,0,0,0,0,0,0,0,0,0
ubt,bintrie,5,4,storage_sstore_k400,15,,2317,0,0,0.299,15.054,0.0029,0.1858,16.097,0,4,0,0,0,0,0,0,0,0,0,0,4,0,0,0,0,0,0,0,0,0
ubt,bintrie,5,4,storage_sstore_k400,15,,2318,0,0,0.0951,1.9352,0.012,2.8186,6.9313,0,4,0,0,0,0,0,0,0,0,0,0,4,0,0,0,0,0,0,0,0,0
ubt,bintrie,5,4,storage_sstore_k400,15,,2319,0,0,0.1423,32.4436,0.0035,0.1765,33.2276,0,4,0,0,0,0,0,0,0,0,0,0,4,0,0,0,0,0,0,0,0,0
ubt,bintrie,5,4,storage_sstore_k400,15,,2320,86938,2,7.2442,16.54,10.1877,2.2318,36.7435,2.3661,11,0,0,0,3,0,0,0,1,165,6,5,54.55,0,0,0,0,0,0,0,0
ubt,bintrie,5,4,storage_sstore_k400,15,,2321,15913178,1,33.4871,102.7492,57.9273,66.0209,260.6923,61.042,337,630,331,9405,331,0,628,0,0,0,171,166,50.74,280,350,44.44,331,0,100,9405,0
ubt,bintrie,5,4,storage_sstore_k400,15,,2322,21000,1,1.0322,60.0993,6.6758,0.6822,69.5076,0.3021,6,0,0,0,2,0,0,0,0,0,0,6,0,0,0,0,0,0,0,0,0
ubt,bintrie,5,4,storage_sstore_k400,15,,2323,0,0,0.0592,6.0513,0.0076,0.5311,7.0059,0,4,0,0,0,0,0,0,0,0,0,0,4,0,0,0,0,0,0,0,0,0
ubt,bintrie,5,4,storage_sstore_k400,16,,2324,0,0,0.0575,5.1247,0.0026,0.1575,5.5687,0,4,0,0,0,0,0,0,0,0,0,0,4,0,0,0,0,0,0,0,0,0
ubt,bintrie,5,4,storage_sstore_k400,16,,2325,0,0,0.2654,16.0366,0.0061,0.5431,17.6153,0,4,0,0,0,0,0,0,0,0,0,0,4,0,0,0,0,0,0,0,0,0
ubt,bintrie,5,4,storage_sstore_k400,16,,2326,0,0,0.11,67.0659,0.0041,0.2033,69.561,0,4,0,0,0,0,0,0,0,0,0,0,4,0,0,0,0,0,0,0,0,0
ubt,bintrie,5,4,storage_sstore_k400,16,,2327,0,0,0.0962,23.9898,0.0131,0.3657,24.8097,0,4,0,0,0,0,0,0,0,0,0,0,4,0,0,0,0,0,0,0,0,0
ubt,bintrie,5,4,storage_sstore_k400,16,,2328,0,0,0.0706,47.0831,0.002,0.1412,48.2034,0,4,0,0,0,0,0,0,0,0,0,0,4,0,0,0,0,0,0,0,0,0
ubt,bintrie,5,4,storage_sstore_k400,16,,2329,86938,2,0.1692,9.5148,2.4202,8.6413,20.9566,4.1485,11,0,0,0,3,0,0,0,1,165,6,5,54.55,0,0,0,0,0,0,0,0
ubt,bintrie,5,4,storage_sstore_k400,16,,2330,15913178,1,13.4592,45.2489,125.2621,47.8477,235.972,67.4367,337,630,331,9405,331,0,628,0,0,0,8,329,2.37,4,626,0.63,331,0,100,9405,0
ubt,bintrie,5,4,storage_sstore_k400,16,,2331,21000,1,0.3281,16.7961,40.5733,0.77,63.9915,0.3282,6,0,0,0,2,0,0,0,0,0,0,6,0,0,0,0,0,0,0,0,0
ubt,bintrie,5,4,storage_sstore_k400,16,,2332,0,0,0.049,6.7688,0.0018,0.1791,7.1865,0,4,0,0,0,0,0,0,0,0,0,0,4,0,0,0,0,0,0,0,0,0
ubt,bintrie,5,4,storage_sstore_k400,16,,2333,0,0,0.0347,5.8696,0.002,0.1619,6.2389,0,4,0,0,0,0,0,0,0,0,0,0,4,0,0,0,0,0,0,0,0,0
ubt,bintrie,5,4,storage_sstore_k400,17,,2334,0,0,0.0551,5.6063,0.0032,0.1814,6.0531,0,4,0,0,0,0,0,0,0,0,0,0,4,0,0,0,0,0,0,0,0,0
ubt,bintrie,5,4,storage_sstore_k400,17,,2335,0,0,0.0665,13.0614,0.0029,0.119,13.4548,0,4,0,0,0,0,0,0,0,0,0,0,4,0,0,0,0,0,0,0,0,0
ubt,bintrie,5,4,storage_sstore_k400,17,,2336,0,0,0.0306,1.9734,0.0026,0.1359,2.2709,0,4,0,0,0,0,0,0,0,0,0,0,4,0,0,0,0,0,0,0,0,0
ubt,bintrie,5,4,storage_sstore_k400,17,,2337,0,0,0.1056,63.2682,0.0047,0.3754,64.2569,0,4,0,0,0,0,0,0,0,0,0,0,4,0,0,0,0,0,0,0,0,0
ubt,bintrie,5,4,storage_sstore_k400,17,,2338,86938,2,0.5836,16.8996,1.6385,3.0688,22.393,3.8824,11,0,0,0,3,0,0,0,1,165,4,7,36.36,0,0,0,0,0,0,0,0
ubt,bintrie,5,4,storage_sstore_k400,17,,2339,15913178,1,24.3597,74.1596,56.1065,52.3727,207.6509,76.6343,337,630,331,9405,331,0,628,0,0,0,71,266,21.07,100,530,15.87,331,0,100,9405,0
ubt,bintrie,5,4,storage_sstore_k400,17,,2340,21000,1,0.096,10.5741,3.0674,1.0333,15.0094,1.3991,6,0,0,0,2,0,0,0,0,0,2,4,33.33,0,0,0,0,0,0,0,0
ubt,bintrie,5,4,storage_sstore_k400,17,,2341,0,0,0.2129,7.5592,0.009,0.6417,9.0569,0,4,0,0,0,0,0,0,0,0,0,0,4,0,0,0,0,0,0,0,0,0
ubt,bintrie,5,4,storage_sstore_k400,18,,2342,0,0,0.0572,1.3043,0.0035,1.0917,3.1925,0,4,0,0,0,0,0,0,0,0,0,0,4,0,0,0,0,0,0,0,0,0
ubt,bintrie,5,4,storage_sstore_k400,18,,2343,0,0,0.1062,2.6526,0.0181,1.6207,6.3092,0,4,0,0,0,0,0,0,0,0,0,0,4,0,0,0,0,0,0,0,0,0
ubt,bintrie,5,4,storage_sstore_k400,18,,2344,0,0,0.072,20.5608,0.0058,0.2634,21.2547,0,4,0,0,0,0,0,0,0,0,0,0,4,0,0,0,0,0,0,0,0,0
ubt,bintrie,5,4,storage_sstore_k400,18,,2345,0,0,0.1307,52.4835,0.007,0.4462,58.6693,0,4,0,0,0,0,0,0,0,0,0,0,4,0,0,0,0,0,0,0,0,0
ubt,bintrie,5,4,storage_sstore_k400,18,,2346,0,0,0.0852,2.7302,0.0058,0.9225,4.6733,0,4,0,0,0,0,0,0,0,0,0,0,4,0,0,0,0,0,0,0,0,0
ubt,bintrie,5,4,storage_sstore_k400,18,,2347,86938,2,0.1403,2.3155,11.417,2.6736,16.7827,5.1802,11,0,0,0,3,0,0,0,1,165,6,5,54.55,0,0,0,0,0,0,0,0
ubt,bintrie,5,4,storage_sstore_k400,18,,2348,15913178,1,17.8,55.2288,104.1419,39.3512,217.4847,73.1692,337,630,331,9405,331,0,628,0,0,0,198,139,58.75,193,437,30.63,331,0,100,9405,0
ubt,bintrie,5,4,storage_sstore_k400,18,,2349,21000,1,0.079,6.2441,2.2609,2.3032,16.6648,1.2601,6,0,0,0,2,0,0,0,0,0,2,4,33.33,0,0,0,0,0,0,0,0
ubt,bintrie,5,4,storage_sstore_k400,18,,2350,0,0,0.1625,5.9035,0.0096,0.5472,7.4359,0,4,0,0,0,0,0,0,0,0,0,0,4,0,0,0,0,0,0,0,0,0
ubt,bintrie,5,4,storage_sstore_k400,19,,2351,0,0,0.0621,9.7295,0.0018,0.177,10.2025,0,4,0,0,0,0,0,0,0,0,0,0,4,0,0,0,0,0,0,0,0,0
ubt,bintrie,5,4,storage_sstore_k400,19,,2352,0,0,0.1741,50.3768,0.0023,0.1738,51.1964,0,4,0,0,0,0,0,0,0,0,0,0,4,0,0,0,0,0,0,0,0,0
ubt,bintrie,5,4,storage_sstore_k400,19,,2353,0,0,0.0551,56.2864,0.0026,0.103,58.0262,0,4,0,0,0,0,0,0,0,0,0,0,4,0,0,0,0,0,0,0,0,0
ubt,bintrie,5,4,storage_sstore_k400,19,,2354,0,0,0.9015,2.2609,0.0026,0.14,3.6011,0,4,0,0,0,0,0,0,0,0,0,0,4,0,0,0,0,0,0,0,0,0
ubt,bintrie,5,4,storage_sstore_k400,19,,2355,0,0,0.0507,56.4186,0.0023,0.2295,57.2136,0,4,0,0,0,0,0,0,0,0,0,0,4,0,0,0,0,0,0,0,0,0
ubt,bintrie,5,4,storage_sstore_k400,19,,2356,86938,2,0.1689,2.6281,10.0701,3.0123,16.0579,5.414,11,0,0,0,3,0,0,0,1,165,5,6,45.45,0,0,0,0,0,0,0,0
ubt,bintrie,5,4,storage_sstore_k400,19,,2357,15913178,1,31.8976,84.5736,120.8029,34.9641,284.0093,56.0305,337,630,331,9405,331,0,628,0,0,0,125,212,37.09,135,495,21.43,331,0,100,9405,0
ubt,bintrie,5,4,storage_sstore_k400,19,,2358,21000,1,0.3812,55.3531,11.1624,0.8,68.1141,0.3083,6,0,0,0,2,0,0,0,0,0,0,6,0,0,0,0,0,0,0,0,0
ubt,bintrie,5,4,storage_sstore_k400,19,,2359,0,0,0.0297,0.6443,0.0032,0.1467,1.0713,0,4,0,0,0,0,0,0,0,0,0,0,4,0,0,0,0,0,0,0,0,0
ubt,bintrie,5,4,storage_sstore_k400,1,,2179,0,0,0.2007,5.0154,0.0053,0.5609,6.3946,0,4,0,0,0,0,0,0,0,0,0,0,4,0,0,0,0,0,0,0,0,0
ubt,bintrie,5,4,storage_sstore_k400,1,,2180,0,0,0.0697,2.2175,0.007,0.9902,4.3215,0,4,0,0,0,0,0,0,0,0,0,0,4,0,0,0,0,0,0,0,0,0
ubt,bintrie,5,4,storage_sstore_k400,1,,2181,0,0,0.1537,67.0055,0.0035,0.1135,67.6786,0,4,0,0,0,0,0,0,0,0,0,0,4,0,0,0,0,0,0,0,0,0
ubt,bintrie,5,4,storage_sstore_k400,1,,2182,0,0,0.0817,24.2045,0.0073,0.4518,25.1431,0,4,0,0,0,0,0,0,0,0,0,0,4,0,0,0,0,0,0,0,0,0
ubt,bintrie,5,4,storage_sstore_k400,1,,2183,0,0,0.0776,23.2613,0.0073,0.4179,24.1208,0,4,0,0,0,0,0,0,0,0,0,0,4,0,0,0,0,0,0,0,0,0
ubt,bintrie,5,4,storage_sstore_k400,1,,2184,86938,2,0.1225,2.4179,16.8031,8.9647,28.6135,3.0384,11,0,0,0,3,0,0,0,1,165,7,4,63.64,0,0,0,0,0,0,0,0
ubt,bintrie,5,4,storage_sstore_k400,1,,2185,15913178,1,54.0853,68.7187,81.0871,56.0473,260.153,61.1685,337,630,331,9405,331,0,628,0,0,0,287,50,85.16,429,201,68.1,331,0,100,9405,0
ubt,bintrie,5,4,storage_sstore_k400,1,,2186,21000,1,0.089,12.203,14.0991,0.9024,27.5425,0.7625,6,0,0,0,2,0,0,0,0,0,2,4,33.33,0,0,0,0,0,0,0,0
ubt,bintrie,5,4,storage_sstore_k400,1,,2187,0,0,0.0624,5.9516,0.0064,0.5183,7.3696,0,4,0,0,0,0,0,0,0,0,0,0,4,0,0,0,0,0,0,0,0,0
ubt,bintrie,5,4,storage_sstore_k400,1,,2188,0,0,0.1085,8.3802,0.0362,0.7741,10.3408,0,4,0,0,0,0,0,0,0,0,0,0,4,0,0,0,0,0,0,0,0,0
ubt,bintrie,5,4,storage_sstore_k400,20,,2360,0,0,0.0528,20.4336,0.0035,0.2494,21.0829,0,4,0,0,0,0,0,0,0,0,0,0,4,0,0,0,0,0,0,0,0,0
ubt,bintrie,5,4,storage_sstore_k400,20,,2361,0,0,0.0455,0.9919,0.0105,1.3795,4.5026,0,4,0,0,0,0,0,0,0,0,0,0,4,0,0,0,0,0,0,0,0,0
ubt,bintrie,5,4,storage_sstore_k400,20,,2362,0,0,0.4372,60.1162,0.0055,0.3958,61.6789,0,4,0,0,0,0,0,0,0,0,0,0,4,0,0,0,0,0,0,0,0,0
ubt,bintrie,5,4,storage_sstore_k400,20,,2363,0,0,0.1298,7.7462,0.0158,1.2527,9.6939,0,4,0,0,0,0,0,0,0,0,0,0,4,0,0,0,0,0,0,0,0,0
ubt,bintrie,5,4,storage_sstore_k400,20,,2364,86938,2,0.3967,11.4129,6.3873,2.1688,20.7174,4.1964,11,0,0,0,3,0,0,0,1,165,4,7,36.36,0,0,0,0,0,0,0,0
ubt,bintrie,5,4,storage_sstore_k400,20,,2365,15913178,1,16.4916,46.7185,95.2148,42.1809,201.0833,79.1372,337,630,331,9405,331,0,628,0,0,0,205,132,60.83,199,431,31.59,331,0,100,9405,0
ubt,bintrie,5,4,storage_sstore_k400,20,,2366,21000,1,0.0677,6.3375,2.321,2.2782,15.9736,1.3147,6,0,0,0,2,0,0,0,0,0,2,4,33.33,0,0,0,0,0,0,0,0
ubt,bintrie,5,4,storage_sstore_k400,20,,2367,0,0,0.0855,6.5017,0.0047,0.2304,7.2089,0,4,0,0,0,0,0,0,0,0,0,0,4,0,0,0,0,0,0,0,0,0
ubt,bintrie,5,4,storage_sstore_k400,2,,2189,0,0,0.7577,44.8318,0.0041,0.7119,47.7324,0,4,0,0,0,0,0,0,0,0,0,0,4,0,0,0,0,0,0,0,0,0
ubt,bintrie,5,4,storage_sstore_k400,2,,2190,0,0,0.1044,2.6873,0.0067,1.0797,5.1408,0,4,0,0,0,0,0,0,0,0,0,0,4,0,0,0,0,0,0,0,0,0
ubt,bintrie,5,4,storage_sstore_k400,2,,2191,0,0,0.1607,2.2665,0.0061,0.3246,3.3611,0,4,0,0,0,0,0,0,0,0,0,0,4,0,0,0,0,0,0,0,0,0
ubt,bintrie,5,4,storage_sstore_k400,2,,2192,0,0,0.0901,24.7391,0.009,0.4489,25.9475,0,4,0,0,0,0,0,0,0,0,0,0,4,0,0,0,0,0,0,0,0,0
ubt,bintrie,5,4,storage_sstore_k400,2,,2193,0,0,0.1196,51.3379,0.0026,0.2397,52.0638,0,4,0,0,0,0,0,0,0,0,0,0,4,0,0,0,0,0,0,0,0,0
ubt,bintrie,5,4,storage_sstore_k400,2,,2194,86938,2,1.1567,13.5654,1.607,2.6462,19.4435,4.4713,11,0,0,0,3,0,0,0,1,165,4,7,36.36,0,0,0,0,0,0,0,0
ubt,bintrie,5,4,storage_sstore_k400,2,,2195,15913178,1,22.7835,53.5504,107.7118,46.2192,230.5239,69.0305,337,630,331,9405,331,0,628,0,0,0,288,49,85.46,334,296,53.02,331,0,100,9405,0
ubt,bintrie,5,4,storage_sstore_k400,2,,2196,21000,1,0.0752,12.3786,37.9892,0.8826,51.5534,0.4073,6,0,0,0,2,0,0,0,0,0,2,4,33.33,0,0,0,0,0,0,0,0
ubt,bintrie,5,4,storage_sstore_k400,2,,2197,0,0,0.0971,6.9365,0.0085,0.4667,8.034,0,4,0,0,0,0,0,0,0,0,0,0,4,0,0,0,0,0,0,0,0,0
ubt,bintrie,5,4,storage_sstore_k400,3,,2199,0,0,0.0531,1.0275,0.0047,9.8467,13.1317,0,4,0,0,0,0,0,0,0,0,0,0,4,0,0,0,0,0,0,0,0,0
ubt,bintrie,5,4,storage_sstore_k400,3,,2200,0,0,0.0878,2.242,0.0079,1.22,5.2032,0,4,0,0,0,0,0,0,0,0,0,0,4,0,0,0,0,0,0,0,0,0
ubt,bintrie,5,4,storage_sstore_k400,3,,2201,0,0,0.1954,29.081,0.0079,0.651,30.5557,0,4,0,0,0,0,0,0,0,0,0,0,4,0,0,0,0,0,0,0,0,0
ubt,bintrie,5,4,storage_sstore_k400,3,,2202,0,0,0.1196,10.6249,0.0102,0.3252,11.6107,0,4,0,0,0,0,0,0,0,0,0,0,4,0,0,0,0,0,0,0,0,0
ubt,bintrie,5,4,storage_sstore_k400,3,,2203,0,0,0.0633,45.3618,0.0032,0.1444,45.8027,0,4,0,0,0,0,0,0,0,0,0,0,4,0,0,0,0,0,0,0,0,0
ubt,bintrie,5,4,storage_sstore_k400,3,,2204,86938,2,0.1826,2.5418,7.0383,2.5567,12.5349,6.9357,11,0,0,0,3,0,0,0,1,165,5,6,45.45,0,0,0,0,0,0,0,0
ubt,bintrie,5,4,storage_sstore_k400,3,,2205,15913178,1,33.2829,44.8461,68.3006,58.779,205.7539,77.3408,337,630,331,9405,331,0,628,0,0,0,199,138,59.05,265,365,42.06,331,0,100,9405,0
ubt,bintrie,5,4,storage_sstore_k400,3,,2206,21000,1,0.0674,7.5974,7.0864,1.8246,17.3473,1.2106,6,0,0,0,2,0,0,0,0,0,2,4,33.33,0,0,0,0,0,0,0,0
ubt,bintrie,5,4,storage_sstore_k400,3,,2207,0,0,0.1315,9.765,0.009,0.8152,11.4033,0,4,0,0,0,0,0,0,0,0,0,0,4,0,0,0,0,0,0,0,0,0
ubt,bintrie,5,4,storage_sstore_k400,3,,2208,0,0,0.2549,21.5204,0.0198,1.1593,23.835,0,4,0,0,0,0,0,0,0,0,0,0,4,0,0,0,0,0,0,0,0,0
ubt,bintrie,5,4,storage_sstore_k400,4,,2209,0,0,0.0545,1.0613,0.0064,10.4685,14.7329,0,4,0,0,0,0,0,0,0,0,0,0,4,0,0,0,0,0,0,0,0,0
ubt,bintrie,5,4,storage_sstore_k400,4,,2210,0,0,0.0688,1.8733,0.0076,1.2433,4.8179,0,4,0,0,0,0,0,0,0,0,0,0,4,0,0,0,0,0,0,0,0,0
ubt,bintrie,5,4,storage_sstore_k400,4,,2211,0,0,0.0318,1.9687,0.0023,0.1417,2.2992,0,4,0,0,0,0,0,0,0,0,0,0,4,0,0,0,0,0,0,0,0,0
ubt,bintrie,5,4,storage_sstore_k400,4,,2212,0,0,0.0942,8.5071,0.0102,20.3572,43.4024,0,4,0,0,0,0,0,0,0,0,0,0,4,0,0,0,0,0,0,0,0,0
ubt,bintrie,5,4,storage_sstore_k400,4,,2213,0,0,0.0455,94.7143,0.0029,0.1269,95.178,0,4,0,0,0,0,0,0,0,0,0,0,4,0,0,0,0,0,0,0,0,0
ubt,bintrie,5,4,storage_sstore_k400,4,,2214,86938,2,0.1397,13.6698,28.8617,7.0978,50.1333,1.7341,11,0,0,0,3,0,0,0,1,165,7,4,63.64,0,0,0,0,0,0,0,0
ubt,bintrie,5,4,storage_sstore_k400,4,,2215,0,0,0.1359,8.0924,0.014,0.9068,9.9179,0,4,0,0,0,0,0,0,0,0,0,0,4,0,0,0,0,0,0,0,0,0
ubt,bintrie,5,4,storage_sstore_k400,4,,2216,15913178,1,33.4831,53.0519,77.4244,36.8051,201.2626,79.0667,337,630,331,9405,331,0,628,0,0,0,321,16,95.25,548,82,86.98,331,0,100,9405,0
ubt,bintrie,5,4,storage_sstore_k400,4,,2217,21000,1,0.366,42.4872,14.6051,0.7116,58.5302,0.3588,6,0,0,0,2,0,0,0,0,0,0,6,0,0,0,0,0,0,0,0,0
ubt,bintrie,5,4,storage_sstore_k400,4,,2218,0,0,0.0481,6.1794,0.0026,0.1724,6.6084,0,4,0,0,0,0,0,0,0,0,0,0,4,0,0,0,0,0,0,0,0,0
ubt,bintrie,5,4,storage_sstore_k400,4,,2219,0,0,0.0472,5.895,0.0029,0.1604,6.3275,0,4,0,0,0,0,0,0,0,0,0,0,4,0,0,0,0,0,0,0,0,0
ubt,bintrie,5,4,storage_sstore_k400,5,,2220,0,0,0.1269,3.1024,0.0035,0.3109,4.6158,0,4,0,0,0,0,0,0,0,0,0,0,4,0,0,0,0,0,0,0,0,0
ubt,bintrie,5,4,storage_sstore_k400,5,,2221,0,0,0.0706,2.1259,0.0053,1.0444,4.5464,0,4,0,0,0,0,0,0,0,0,0,0,4,0,0,0,0,0,0,0,0,0
ubt,bintrie,5,4,storage_sstore_k400,5,,2222,0,0,0.2447,20.3205,0.0053,16.9168,38.2004,0,4,0,0,0,0,0,0,0,0,0,0,4,0,0,0,0,0,0,0,0,0
ubt,bintrie,5,4,storage_sstore_k400,5,,2223,0,0,0.1056,6.917,0.0149,0.9721,8.5955,0,4,0,0,0,0,0,0,0,0,0,0,4,0,0,0,0,0,0,0,0,0
ubt,bintrie,5,4,storage_sstore_k400,5,,2224,86938,2,1.2956,3.8266,30.7899,2.9778,39.4869,2.2017,11,0,0,0,3,0,0,0,1,165,4,7,36.36,0,0,0,0,0,0,0,0
ubt,bintrie,5,4,storage_sstore_k400,5,,2225,15913178,1,23.926,90.0754,59.0998,99.7005,273.4387,58.1965,337,630,331,9405,331,0,628,0,0,0,124,213,36.8,179,451,28.41,331,0,100,9405,0
ubt,bintrie,5,4,storage_sstore_k400,5,,2226,21000,1,10.1185,22.1611,11.0804,1.0374,44.7379,0.4694,6,0,0,0,2,0,0,0,0,0,2,4,33.33,0,0,0,0,0,0,0,0
ubt,bintrie,5,4,storage_sstore_k400,5,,2227,0,0,0.257,12.4848,0.0227,1.2868,15.112,0,4,0,0,0,0,0,0,0,0,0,0,4,0,0,0,0,0,0,0,0,0
ubt,bintrie,5,4,storage_sstore_k400,6,,2228,0,0,0.0971,2.3989,0.0041,2.2472,5.0597,0,4,0,0,0,0,0,0,0,0,0,0,4,0,0,0,0,0,0,0,0,0
ubt,bintrie,5,4,storage_sstore_k400,6,,2229,0,0,0.0916,2.2749,0.0076,1.1112,4.71,0,4,0,0,0,0,0,0,0,0,0,0,4,0,0,0,0,0,0,0,0,0
ubt,bintrie,5,4,storage_sstore_k400,6,,2230,0,0,0.0414,1.3629,0.0041,0.9249,3.1875,0,4,0,0,0,0,0,0,0,0,0,0,4,0,0,0,0,0,0,0,0,0
ubt,bintrie,5,4,storage_sstore_k400,6,,2231,0,0,0.0878,78.4954,0.0335,0.5005,79.4293,0,4,0,0,0,0,0,0,0,0,0,0,4,0,0,0,0,0,0,0,0,0
ubt,bintrie,5,4,storage_sstore_k400,6,,2232,0,0,0.0367,0.8134,0.0026,0.1353,1.1395,0,4,0,0,0,0,0,0,0,0,0,0,4,0,0,0,0,0,0,0,0,0
ubt,bintrie,5,4,storage_sstore_k400,6,,2233,86938,2,1.3644,37.0775,1.6315,5.4079,77.395,1.1233,11,0,0,0,3,0,0,0,1,165,4,7,36.36,0,0,0,0,0,0,0,0
ubt,bintrie,5,4,storage_sstore_k400,6,,2234,0,0,0.1353,38.4468,0.0061,0.4247,39.5166,0,4,0,0,0,0,0,0,0,0,0,0,4,0,0,0,0,0,0,0,0,0
ubt,bintrie,5,4,storage_sstore_k400,6,,2235,15913178,1,40.8679,63.54,75.5292,37.426,217.7344,73.0853,337,630,331,9405,331,0,628,0,0,0,244,93,72.4,418,212,66.35,331,0,100,9405,0
ubt,bintrie,5,4,storage_sstore_k400,6,,2236,21000,1,0.3733,44.091,15.8957,0.7335,61.5206,0.3413,6,0,0,0,2,0,0,0,0,0,0,6,0,0,0,0,0,0,0,0,0
ubt,bintrie,5,4,storage_sstore_k400,6,,2237,0,0,0.0385,5.9385,0.0018,0.1345,6.2616,0,4,0,0,0,0,0,0,0,0,0,0,4,0,0,0,0,0,0,0,0,0
ubt,bintrie,5,4,storage_sstore_k400,7,,2238,0,0,0.0875,5.3697,0.0029,0.1884,6.1161,0,4,0,0,0,0,0,0,0,0,0,0,4,0,0,0,0,0,0,0,0,0
ubt,bintrie,5,4,storage_sstore_k400,7,,2239,0,0,0.1003,64.3001,0.0035,0.189,65.1365,0,4,0,0,0,0,0,0,0,0,0,0,4,0,0,0,0,0,0,0,0,0
ubt,bintrie,5,4,storage_sstore_k400,7,,2240,0,0,0.0458,11.7419,0.0023,0.1359,12.1494,0,4,0,0,0,0,0,0,0,0,0,0,4,0,0,0,0,0,0,0,0,0
ubt,bintrie,5,4,storage_sstore_k400,7,,2241,0,0,0.0443,6.3471,0.0026,0.1447,6.7248,0,4,0,0,0,0,0,0,0,0,0,0,4,0,0,0,0,0,0,0,0,0
ubt,bintrie,5,4,storage_sstore_k400,7,,2242,0,0,0.1718,52.6203,0.0029,0.1207,57.7873,0,4,0,0,0,0,0,0,0,0,0,0,4,0,0,0,0,0,0,0,0,0
ubt,bintrie,5,4,storage_sstore_k400,7,,2243,86938,2,0.21,4.4233,47.5883,3.3482,64.3698,1.3506,11,0,0,0,3,0,0,0,1,165,5,6,45.45,0,0,0,0,0,0,0,0
ubt,bintrie,5,4,storage_sstore_k400,7,,2244,15913178,1,28.0095,37.5164,119.0993,38.9586,224.2123,70.9737,337,630,331,9405,331,0,628,0,0,0,220,117,65.28,291,339,46.19,331,0,100,9405,0
ubt,bintrie,5,4,storage_sstore_k400,7,,2245,21000,1,0.126,54.3974,1.556,0.8053,57.0622,0.368,6,0,0,0,2,0,0,0,0,0,2,4,33.33,0,0,0,0,0,0,0,0
ubt,bintrie,5,4,storage_sstore_k400,7,,2246,0,0,0.1187,25.4726,0.0029,1.4907,27.5752,0,4,0,0,0,0,0,0,0,0,0,0,4,0,0,0,0,0,0,0,0,0
ubt,bintrie,5,4,storage_sstore_k400,7,,2247,0,0,0.0997,22.0643,0.0082,0.4646,23.1852,0,4,0,0,0,0,0,0,0,0,0,0,4,0,0,0,0,0,0,0,0,0
ubt,bintrie,5,4,storage_sstore_k400,8,,2248,0,0,0.0455,1.0147,0.0061,0.394,4.512,0,4,0,0,0,0,0,0,0,0,0,0,4,0,0,0,0,0,0,0,0,0
ubt,bintrie,5,4,storage_sstore_k400,8,,2249,0,0,0.2039,8.9671,0.0128,1.0424,11.0297,0,4,0,0,0,0,0,0,0,0,0,0,4,0,0,0,0,0,0,0,0,0
ubt,bintrie,5,4,storage_sstore_k400,8,,2250,0,0,0.1668,10.0768,0.007,1.1684,13.0684,0,4,0,0,0,0,0,0,0,0,0,0,4,0,0,0,0,0,0,0,0,0
ubt,bintrie,5,4,storage_sstore_k400,8,,2251,0,0,0.0995,6.0426,0.0061,0.7857,7.71,0,4,0,0,0,0,0,0,0,0,0,0,4,0,0,0,0,0,0,0,0,0
ubt,bintrie,5,4,storage_sstore_k400,8,,2252,0,0,0.0481,9.1619,0.0023,0.1773,9.6942,0,4,0,0,0,0,0,0,0,0,0,0,4,0,0,0,0,0,0,0,0,0
ubt,bintrie,5,4,storage_sstore_k400,8,,2253,86938,2,0.5915,5.011,2.0025,2.93,18.4775,4.7051,11,0,0,0,3,0,0,0,1,165,7,4,63.64,0,0,0,0,0,0,0,0
ubt,bintrie,5,4,storage_sstore_k400,8,,2254,0,0,0.3057,28.1527,0.0184,1.3667,32.6157,0,4,0,0,0,0,0,0,0,0,0,0,4,0,0,0,0,0,0,0,0,0
ubt,bintrie,5,4,storage_sstore_k400,8,,2255,15913178,1,24.8649,58.7929,115.2351,35.7271,236.0908,67.4028,337,630,331,9405,331,0,628,0,0,0,188,149,55.79,253,377,40.16,331,0,100,9405,0
ubt,bintrie,5,4,storage_sstore_k400,8,,2256,0,0,0.2432,41.9432,0.0108,0.8954,43.7562,0,4,0,0,0,0,0,0,0,0,0,0,4,0,0,0,0,0,0,0,0,0
ubt,bintrie,5,4,storage_sstore_k400,8,,2257,21000,1,0.0735,6.2491,5.4791,1.0438,13.0789,1.6056,6,0,0,0,2,0,0,0,0,0,2,4,33.33,0,0,0,0,0,0,0,0
ubt,bintrie,5,4,storage_sstore_k400,8,,2258,0,0,0.1035,17.9645,0.0076,0.6819,19.7754,0,4,0,0,0,0,0,0,0,0,0,0,4,0,0,0,0,0,0,0,0,0
ubt,bintrie,5,4,storage_sstore_k400,9,,2259,0,0,0.0461,1.3976,0.0041,0.2908,4.3002,0,4,0,0,0,0,0,0,0,0,0,0,4,0,0,0,0,0,0,0,0,0
ubt,bintrie,5,4,storage_sstore_k400,9,,2260,0,0,0.084,2.1548,0.0058,1.2463,4.8121,0,4,0,0,0,0,0,0,0,0,0,0,4,0,0,0,0,0,0,0,0,0
ubt,bintrie,5,4,storage_sstore_k400,9,,2261,0,0,0.1805,45.4373,0.0029,0.2208,46.3724,0,4,0,0,0,0,0,0,0,0,0,0,4,0,0,0,0,0,0,0,0,0
ubt,bintrie,5,4,storage_sstore_k400,9,,2262,0,0,0.0598,21.2795,0.005,0.4976,22.2122,0,4,0,0,0,0,0,0,0,0,0,0,4,0,0,0,0,0,0,0,0,0
ubt,bintrie,5,4,storage_sstore_k400,9,,2263,0,0,0.0534,6.747,0.0038,0.2161,7.3064,0,4,0,0,0,0,0,0,0,0,0,0,4,0,0,0,0,0,0,0,0,0
ubt,bintrie,5,4,storage_sstore_k400,9,,2264,86938,2,0.1231,2.165,3.5495,3.6734,9.6624,8.9976,11,0,0,0,3,0,0,0,1,165,5,6,45.45,0,0,0,0,0,0,0,0
ubt,bintrie,5,4,storage_sstore_k400,9,,2265,15913178,1,35.5807,54.7952,76.2861,32.4795,199.4722,79.7764,337,630,331,9405,331,0,628,0,0,0,330,7,97.92,531,99,84.29,331,0,100,9405,0
ubt,bintrie,5,4,storage_sstore_k400,9,,2266,21000,1,0.324,37.0562,17.4252,0.7493,55.774,0.3765,6,0,0,0,2,0,0,0,0,0,0,6,0,0,0,0,0,0,0,0,0
ubt,bintrie,5,4,storage_sstore_k400,9,,2267,0,0,0.0715,5.3712,0.0023,0.1403,7.8217,0,4,0,0,0,0,0,0,0,0,0,0,4,0,0,0,0,0,0,0,0,0
ubt,bintrie,5,4,storage_sstore_k700,10,,2449,0,0,0.3395,44.3442,0.0029,0.2406,45.5519,0,4,0,0,0,0,0,0,0,0,0,0,4,0,0,0,0,0,0,0,0,0
ubt,bintrie,5,4,storage_sstore_k700,10,,2450,0,0,0.1085,1.855,0.009,0.5673,3.2578,0,4,0,0,0,0,0,0,0,0,0,0,4,0,0,0,0,0,0,0,0,0
ubt,bintrie,5,4,storage_sstore_k700,10,,2451,0,0,0.0499,99.5439,0.0041,0.1625,99.9417,0,4,0,0,0,0,0,0,0,0,0,0,4,0,0,0,0,0,0,0,0,0
ubt,bintrie,5,4,storage_sstore_k700,10,,2452,0,0,0.2214,17.9166,0.0026,0.1759,18.7802,0,4,0,0,0,0,0,0,0,0,0,0,4,0,0,0,0,0,0,0,0,0
ubt,bintrie,5,4,storage_sstore_k700,10,,2453,0,0,0.2386,48.5058,0.0023,0.1607,54.1757,0,4,0,0,0,0,0,0,0,0,0,0,4,0,0,0,0,0,0,0,0,0
ubt,bintrie,5,4,storage_sstore_k700,10,,2454,86950,2,0.3462,8.151,6.1668,3.3681,18.3667,4.7341,11,0,0,0,3,0,0,0,1,165,6,5,54.55,0,0,0,0,0,0,0,0
ubt,bintrie,5,4,storage_sstore_k700,10,,2455,15911534,1,25.5784,102.9308,165.732,69.7316,365.4971,43.534,581,574,575,16237,575,0,573,0,0,0,288,293,49.57,126,448,21.95,575,0,100,16237,0
ubt,bintrie,5,4,storage_sstore_k700,10,,2456,21000,1,0.1625,11.3855,24.0248,2.4715,38.3695,0.5473,6,0,0,0,2,0,0,0,0,0,2,4,33.33,0,0,0,0,0,0,0,0
ubt,bintrie,5,4,storage_sstore_k700,10,,2457,0,0,0.0493,4.6638,0.0052,0.2304,5.199,0,4,0,0,0,0,0,0,0,0,0,0,4,0,0,0,0,0,0,0,0,0
ubt,bintrie,5,4,storage_sstore_k700,10,,2458,0,0,0.0455,2.7034,0.0018,0.1347,3.0761,0,4,0,0,0,0,0,0,0,0,0,0,4,0,0,0,0,0,0,0,0,0
ubt,bintrie,5,4,storage_sstore_k700,11,,2459,0,0,0.4658,47.3529,0.012,1.0293,49.8597,0,4,0,0,0,0,0,0,0,0,0,0,4,0,0,0,0,0,0,0,0,0
ubt,bintrie,5,4,storage_sstore_k700,11,,2460,0,0,0.0373,0.798,0.0055,0.1706,1.2436,0,4,0,0,0,0,0,0,0,0,0,0,4,0,0,0,0,0,0,0,0,0
ubt,bintrie,5,4,storage_sstore_k700,11,,2461,0,0,0.0869,16.4365,0.0058,0.2132,17.9677,0,4,0,0,0,0,0,0,0,0,0,0,4,0,0,0,0,0,0,0,0,0
ubt,bintrie,5,4,storage_sstore_k700,11,,2462,0,0,0.0531,2.3376,0.0029,0.1432,2.8236,0,4,0,0,0,0,0,0,0,0,0,0,4,0,0,0,0,0,0,0,0,0
ubt,bintrie,5,4,storage_sstore_k700,11,,2463,0,0,0.0881,58.8148,0.0047,0.1951,59.3518,0,4,0,0,0,0,0,0,0,0,0,0,4,0,0,0,0,0,0,0,0,0
ubt,bintrie,5,4,storage_sstore_k700,11,,2464,86950,2,0.2071,1.4399,0.6764,3.6635,6.345,13.7036,11,0,0,0,3,0,0,0,1,165,4,7,36.36,0,0,0,0,0,0,0,0
ubt,bintrie,5,4,storage_sstore_k700,11,,2465,15911534,1,37.5541,140.0636,152.1705,80.8382,411.1439,38.7006,581,574,575,16237,575,0,573,0,0,0,228,353,39.24,83,491,14.46,575,0,100,16237,0
ubt,bintrie,5,4,storage_sstore_k700,11,,2466,21000,1,0.0674,12.0493,3.8636,2.3977,18.5542,1.1318,6,0,0,0,2,0,0,0,0,0,2,4,33.33,0,0,0,0,0,0,0,0
ubt,bintrie,5,4,storage_sstore_k700,11,,2467,0,0,0.0321,4.3437,0.0032,0.2004,4.8631,0,4,0,0,0,0,0,0,0,0,0,0,4,0,0,0,0,0,0,0,0,0
ubt,bintrie,5,4,storage_sstore_k700,11,,2468,0,0,0.04,4.7199,0.0023,0.1843,5.1434,0,4,0,0,0,0,0,0,0,0,0,0,4,0,0,0,0,0,0,0,0,0
ubt,bintrie,5,4,storage_sstore_k700,12,,2469,0,0,0.0627,2.6477,0.0044,0.8126,3.8951,0,4,0,0,0,0,0,0,0,0,0,0,4,0,0,0,0,0,0,0,0,0
ubt,bintrie,5,4,storage_sstore_k700,12,,2470,0,0,0.0767,1.64,0.005,0.2963,2.417,0,4,0,0,0,0,0,0,0,0,0,0,4,0,0,0,0,0,0,0,0,0
ubt,bintrie,5,4,storage_sstore_k700,12,,2471,0,0,0.6568,45.4527,0.002,0.1167,48.8383,0,4,0,0,0,0,0,0,0,0,0,0,4,0,0,0,0,0,0,0,0,0
ubt,bintrie,5,4,storage_sstore_k700,12,,2472,0,0,0.051,1.7386,0.0061,1.3655,3.9018,0,4,0,0,0,0,0,0,0,0,0,0,4,0,0,0,0,0,0,0,0,0
ubt,bintrie,5,4,storage_sstore_k700,12,,2473,0,0,0.0639,3.1785,0.0038,0.1362,3.5807,0,4,0,0,0,0,0,0,0,0,0,0,4,0,0,0,0,0,0,0,0,0
ubt,bintrie,5,4,storage_sstore_k700,12,,2474,86950,2,1.3285,33.5959,14.6005,11.0606,61.8734,1.4053,11,0,0,0,3,0,0,0,1,165,4,7,36.36,0,0,0,0,0,0,0,0
ubt,bintrie,5,4,storage_sstore_k700,12,,2475,15911534,1,31.4989,111.2005,161.1636,54.5464,358.9035,44.3337,581,574,575,16237,575,0,573,0,0,0,206,375,35.46,80,494,13.94,575,0,100,16237,0
ubt,bintrie,5,4,storage_sstore_k700,12,,2476,21000,1,0.0881,6.1736,4.1063,0.966,17.8236,1.1782,6,0,0,0,2,0,0,0,0,0,2,4,33.33,0,0,0,0,0,0,0,0
ubt,bintrie,5,4,storage_sstore_k700,12,,2477,0,0,0.1336,5.9006,0.019,0.4521,7.1903,0,4,0,0,0,0,0,0,0,0,0,0,4,0,0,0,0,0,0,0,0,0
ubt,bintrie,5,4,storage_sstore_k700,12,,2478,0,0,0.049,3.2745,0.0029,0.1692,3.728,0,4,0,0,0,0,0,0,0,0,0,0,4,0,0,0,0,0,0,0,0,0
ubt,bintrie,5,4,storage_sstore_k700,13,,2479,0,0,0.1648,7.0386,0.0047,0.4424,42.04,0,4,0,0,0,0,0,0,0,0,0,0,4,0,0,0,0,0,0,0,0,0
ubt,bintrie,5,4,storage_sstore_k700,13,,2480,0,0,0.1318,60.8308,0.0067,4.5257,65.9867,0,4,0,0,0,0,0,0,0,0,0,0,4,0,0,0,0,0,0,0,0,0
ubt,bintrie,5,4,storage_sstore_k700,13,,2481,0,0,0.1225,63.8302,0.0038,0.21,65.1269,0,4,0,0,0,0,0,0,0,0,0,0,4,0,0,0,0,0,0,0,0,0
ubt,bintrie,5,4,storage_sstore_k700,13,,2482,0,0,0.0478,1.6167,0.0058,1.2404,3.7189,0,4,0,0,0,0,0,0,0,0,0,0,4,0,0,0,0,0,0,0,0,0
ubt,bintrie,5,4,storage_sstore_k700,13,,2483,0,0,0.112,64.2744,0.0026,0.1164,64.7291,0,4,0,0,0,0,0,0,0,0,0,0,4,0,0,0,0,0,0,0,0,0
ubt,bintrie,5,4,storage_sstore_k700,13,,2484,86950,2,0.1715,3.2613,1.4863,3.1429,8.2201,10.5777,11,0,0,0,3,0,0,0,1,165,5,6,45.45,0,0,0,0,0,0,0,0
ubt,bintrie,5,4,storage_sstore_k700,13,,2485,15911534,1,28.4706,134.9868,174.5195,87.2253,426.9701,37.2662,581,574,575,16237,575,0,573,0,0,0,230,351,39.59,69,505,12.02,575,0,100,16237,0
ubt,bintrie,5,4,storage_sstore_k700,13,,2486,21000,1,0.0785,12.2094,3.8992,0.952,17.3146,1.2128,6,0,0,0,2,0,0,0,0,0,2,4,33.33,0,0,0,0,0,0,0,0
ubt,bintrie,5,4,storage_sstore_k700,13,,2487,0,0,0.0394,4.6817,0.0047,0.2304,5.1974,0,4,0,0,0,0,0,0,0,0,0,0,4,0,0,0,0,0,0,0,0,0
ubt,bintrie,5,4,storage_sstore_k700,13,,2488,0,0,0.0315,3.1893,0.0017,0.124,3.5057,0,4,0,0,0,0,0,0,0,0,0,0,4,0,0,0,0,0,0,0,0,0
ubt,bintrie,5,4,storage_sstore_k700,14,,2489,0,0,0.2803,5.7547,0.0023,0.1557,6.4337,0,4,0,0,0,0,0,0,0,0,0,0,4,0,0,0,0,0,0,0,0,0
ubt,bintrie,5,4,storage_sstore_k700,14,,2490,0,0,0.166,3.9167,0.0169,1.1185,6.5372,0,4,0,0,0,0,0,0,0,0,0,0,4,0,0,0,0,0,0,0,0,0
ubt,bintrie,5,4,storage_sstore_k700,14,,2491,0,0,0.0595,95.682,0.0385,0.1791,96.3365,0,4,0,0,0,0,0,0,0,0,0,0,4,0,0,0,0,0,0,0,0,0
ubt,bintrie,5,4,storage_sstore_k700,14,,2492,0,0,0.1625,39.1987,0.0073,0.4247,40.2583,0,4,0,0,0,0,0,0,0,0,0,0,4,0,0,0,0,0,0,0,0,0
ubt,bintrie,5,4,storage_sstore_k700,14,,2493,0,0,0.1374,58.8997,0.0023,0.147,59.74,0,4,0,0,0,0,0,0,0,0,0,0,4,0,0,0,0,0,0,0,0,0
ubt,bintrie,5,4,storage_sstore_k700,14,,2494,86950,2,0.2677,23.8606,26.4045,20.6883,71.8479,1.2102,11,0,0,0,3,0,0,0,1,165,4,7,36.36,0,0,0,0,0,0,0,0
ubt,bintrie,5,4,storage_sstore_k700,14,,2495,15911534,1,33.0147,129.2966,141.1385,70.8787,375.447,42.3802,581,574,575,16237,575,0,573,0,0,0,143,438,24.61,42,532,7.32,575,0,100,16237,0
ubt,bintrie,5,4,storage_sstore_k700,14,,2496,21000,1,0.1759,5.3791,9.4675,2.3957,23.7936,0.8826,6,0,0,0,2,0,0,0,0,0,2,4,33.33,0,0,0,0,0,0,0,0
ubt,bintrie,5,4,storage_sstore_k700,14,,2497,0,0,0.0362,4.2468,0.002,0.154,4.6593,0,4,0,0,0,0,0,0,0,0,0,0,4,0,0,0,0,0,0,0,0,0
ubt,bintrie,5,4,storage_sstore_k700,14,,2498,0,0,0.0379,5.0778,0.0026,0.1307,5.4202,0,4,0,0,0,0,0,0,0,0,0,0,4,0,0,0,0,0,0,0,0,0
ubt,bintrie,5,4,storage_sstore_k700,15,,2499,0,0,0.2062,6.7662,0.0038,0.2208,18.39,0,4,0,0,0,0,0,0,0,0,0,0,4,0,0,0,0,0,0,0,0,0
ubt,bintrie,5,4,storage_sstore_k700,15,,2500,0,0,0.0484,1.8719,0.007,1.3833,4.745,0,4,0,0,0,0,0,0,0,0,0,0,4,0,0,0,0,0,0,0,0,0
ubt,bintrie,5,4,storage_sstore_k700,15,,2501,0,0,0.0481,101.6476,0.0023,0.2234,102.2052,0,4,0,0,0,0,0,0,0,0,0,0,4,0,0,0,0,0,0,0,0,0
ubt,bintrie,5,4,storage_sstore_k700,15,,2502,0,0,0.1785,19.7442,0.0163,0.8382,21.7925,0,4,0,0,0,0,0,0,0,0,0,0,4,0,0,0,0,0,0,0,0,0
ubt,bintrie,5,4,storage_sstore_k700,15,,2503,0,0,0.1248,25.3321,0.0085,7.1596,43.8218,0,4,0,0,0,0,0,0,0,0,0,0,4,0,0,0,0,0,0,0,0,0
ubt,bintrie,5,4,storage_sstore_k700,15,,2504,86950,2,0.4264,18.9036,6.7414,3.7152,30.024,2.896,11,0,0,0,3,0,0,0,1,165,4,7,36.36,0,0,0,0,0,0,0,0
ubt,bintrie,5,4,storage_sstore_k700,15,,2505,15911534,1,24.3169,115.7625,96.9594,128.0815,366.0501,43.4682,581,574,575,16237,575,0,573,0,0,0,404,177,69.54,215,359,37.46,575,0,100,16237,0
ubt,bintrie,5,4,storage_sstore_k700,15,,2506,0,0,0.0957,5.3896,0.0055,0.3261,6.4107,0,4,0,0,0,0,0,0,0,0,0,0,4,0,0,0,0,0,0,0,0,0
ubt,bintrie,5,4,storage_sstore_k700,15,,2507,21000,1,1.2909,71.4871,2.2994,0.7866,76.4109,0.2748,6,0,0,0,2,0,0,0,0,0,0,6,0,0,0,0,0,0,0,0,0
ubt,bintrie,5,4,storage_sstore_k700,15,,2508,0,0,0.047,4.953,0.002,0.1476,5.3496,0,4,0,0,0,0,0,0,0,0,0,0,4,0,0,0,0,0,0,0,0,0
ubt,bintrie,5,4,storage_sstore_k700,16,,2509,0,0,0.0747,4.899,0.0029,0.1797,6.751,0,4,0,0,0,0,0,0,0,0,0,0,4,0,0,0,0,0,0,0,0,0
ubt,bintrie,5,4,storage_sstore_k700,16,,2510,0,0,0.1286,4.3924,0.009,3.0029,9.2491,0,4,0,0,0,0,0,0,0,0,0,0,4,0,0,0,0,0,0,0,0,0
ubt,bintrie,5,4,storage_sstore_k700,16,,2511,0,0,0.1368,51.5776,0.0032,0.1184,52.1195,0,4,0,0,0,0,0,0,0,0,0,0,4,0,0,0,0,0,0,0,0,0
ubt,bintrie,5,4,storage_sstore_k700,16,,2512,0,0,0.0668,6.425,0.0082,0.5854,7.4329,0,4,0,0,0,0,0,0,0,0,0,0,4,0,0,0,0,0,0,0,0,0
ubt,bintrie,5,4,storage_sstore_k700,16,,2513,0,0,0.0426,61.2793,0.0023,0.205,61.7364,0,4,0,0,0,0,0,0,0,0,0,0,4,0,0,0,0,0,0,0,0,0
ubt,bintrie,5,4,storage_sstore_k700,16,,2514,86950,2,0.6218,1.5467,23.8262,7.4078,33.6464,2.5842,11,0,0,0,3,0,0,0,1,165,4,7,36.36,0,0,0,0,0,0,0,0
ubt,bintrie,5,4,storage_sstore_k700,16,,2515,15911534,1,28.8503,108.0469,144.2934,69.1784,350.635,45.3792,581,574,575,16237,575,0,573,0,0,0,158,423,27.19,39,535,6.79,575,0,100,16237,0
ubt,bintrie,5,4,storage_sstore_k700,16,,2516,21000,1,0.1765,11.121,8.4138,2.6955,22.8521,0.919,6,0,0,0,2,0,0,0,0,0,2,4,33.33,0,0,0,0,0,0,0,0
ubt,bintrie,5,4,storage_sstore_k700,16,,2517,0,0,0.1111,5.5444,0.0079,0.3695,6.6224,0,4,0,0,0,0,0,0,0,0,0,0,4,0,0,0,0,0,0,0,0,0
ubt,bintrie,5,4,storage_sstore_k700,16,,2518,0,0,0.0402,5.0262,0.002,0.1438,5.4077,0,4,0,0,0,0,0,0,0,0,0,0,4,0,0,0,0,0,0,0,0,0
ubt,bintrie,5,4,storage_sstore_k700,17,,2519,0,0,0.0449,1.1022,0.0035,0.8572,2.3251,0,4,0,0,0,0,0,0,0,0,0,0,4,0,0,0,0,0,0,0,0,0
ubt,bintrie,5,4,storage_sstore_k700,17,,2520,0,0,0.0408,0.9193,0.0038,0.212,1.6068,0,4,0,0,0,0,0,0,0,0,0,0,4,0,0,0,0,0,0,0,0,0
ubt,bintrie,5,4,storage_sstore_k700,17,,2521,0,0,0.0531,55.3779,0.0032,0.1158,56.1464,0,4,0,0,0,0,0,0,0,0,0,0,4,0,0,0,0,0,0,0,0,0
ubt,bintrie,5,4,storage_sstore_k700,17,,2522,0,0,0.056,2.0737,0.007,1.1007,3.7569,0,4,0,0,0,0,0,0,0,0,0,0,4,0,0,0,0,0,0,0,0,0
ubt,bintrie,5,4,storage_sstore_k700,17,,2523,0,0,0.1091,25.878,0.0073,0.3853,26.8332,0,4,0,0,0,0,0,0,0,0,0,0,4,0,0,0,0,0,0,0,0,0
ubt,bintrie,5,4,storage_sstore_k700,17,,2524,86950,2,1.6566,22.7045,38.8811,3.6396,68.5011,1.2693,11,0,0,0,3,0,0,0,1,165,4,7,36.36,0,0,0,0,0,0,0,0
ubt,bintrie,5,4,storage_sstore_k700,17,,2525,15911534,1,39.5237,147.467,174.1543,79.38,441.3921,36.0485,581,574,575,16237,575,0,573,0,0,0,163,418,28.06,68,506,11.85,575,0,100,16237,0
ubt,bintrie,5,4,storage_sstore_k700,17,,2526,21000,1,0.0729,10.8331,4.8649,0.9543,16.9372,1.2399,6,0,0,0,2,0,0,0,0,0,2,4,33.33,0,0,0,0,0,0,0,0
ubt,bintrie,5,4,storage_sstore_k700,17,,2527,0,0,0.0388,4.1984,0.0035,0.2319,4.7013,0,4,0,0,0,0,0,0,0,0,0,0,4,0,0,0,0,0,0,0,0,0
ubt,bintrie,5,4,storage_sstore_k700,18,,2528,0,0,0.0516,1.2046,0.0035,0.9969,2.6445,0,4,0,0,0,0,0,0,0,0,0,0,4,0,0,0,0,0,0,0,0,0
ubt,bintrie,5,4,storage_sstore_k700,18,,2529,0,0,0.04,1.0421,0.0044,0.1569,1.642,0,4,0,0,0,0,0,0,0,0,0,0,4,0,0,0,0,0,0,0,0,0
ubt,bintrie,5,4,storage_sstore_k700,18,,2530,0,0,0.1604,34.5007,0.0064,0.3608,37.3432,0,4,0,0,0,0,0,0,0,0,0,0,4,0,0,0,0,0,0,0,0,0
ubt,bintrie,5,4,storage_sstore_k700,18,,2531,0,0,0.0443,0.7245,0.0026,0.1388,1.0882,0,4,0,0,0,0,0,0,0,0,0,0,4,0,0,0,0,0,0,0,0,0
ubt,bintrie,5,4,storage_sstore_k700,18,,2532,0,0,0.1225,27.1039,0.033,1.8334,29.3972,0,4,0,0,0,0,0,0,0,0,0,0,4,0,0,0,0,0,0,0,0,0
ubt,bintrie,5,4,storage_sstore_k700,18,,2533,86950,2,0.4617,13.2317,0.8989,3.4007,18.4553,4.7114,11,0,0,0,3,0,0,0,1,165,4,7,36.36,0,0,0,0,0,0,0,0
ubt,bintrie,5,4,storage_sstore_k700,18,,2534,15911534,1,22.5566,109.4326,120.9747,146.1008,399.7192,39.8068,581,574,575,16237,575,0,573,0,0,0,136,445,23.41,48,526,8.36,575,0,100,16237,0
ubt,bintrie,5,4,storage_sstore_k700,18,,2535,21000,1,0.21,54.799,1.4265,0.6743,57.5549,0.3649,6,0,0,0,2,0,0,0,0,0,2,4,33.33,0,0,0,0,0,0,0,0
ubt,bintrie,5,4,storage_sstore_k700,18,,2536,0,0,0.2211,31.8019,0.0169,0.8729,33.91,0,4,0,0,0,0,0,0,0,0,0,0,4,0,0,0,0,0,0,0,0,0
ubt,bintrie,5,4,storage_sstore_k700,19,,2537,0,0,0.0475,0.9386,0.0029,0.884,2.1813,0,4,0,0,0,0,0,0,0,0,0,0,4,0,0,0,0,0,0,0,0,0
ubt,bintrie,5,4,storage_sstore_k700,19,,2538,0,0,0.0656,1.4035,0.005,0.2467,2.1087,0,4,0,0,0,0,0,0,0,0,0,0,4,0,0,0,0,0,0,0,0,0
ubt,bintrie,5,4,storage_sstore_k700,19,,2539,0,0,0.1403,50.434,0.012,7.5219,58.7781,0,4,0,0,0,0,0,0,0,0,0,0,4,0,0,0,0,0,0,0,0,0
ubt,bintrie,5,4,storage_sstore_k700,19,,2540,0,0,0.0831,6.247,0.0055,3.4859,10.4764,0,4,0,0,0,0,0,0,0,0,0,0,4,0,0,0,0,0,0,0,0,0
ubt,bintrie,5,4,storage_sstore_k700,19,,2541,0,0,0.1018,5.4117,0.0079,0.4401,6.3754,0,4,0,0,0,0,0,0,0,0,0,0,4,0,0,0,0,0,0,0,0,0
ubt,bintrie,5,4,storage_sstore_k700,19,,2542,86950,2,0.716,77.0905,7.7788,3.5822,92.7943,0.937,11,0,0,0,3,0,0,0,1,165,4,7,36.36,0,0,0,0,0,0,0,0
ubt,bintrie,5,4,storage_sstore_k700,19,,2543,15911534,1,21.2076,148.0234,110.8734,115.2313,396.2051,40.1598,581,574,575,16237,575,0,573,0,0,0,279,302,48.02,58,516,10.1,575,0,100,16237,0
ubt,bintrie,5,4,storage_sstore_k700,19,,2544,21000,1,0.3223,66.5951,6.7432,0.8432,75.7345,0.2773,6,0,0,0,2,0,0,0,0,0,2,4,33.33,0,0,0,0,0,0,0,0
ubt,bintrie,5,4,storage_sstore_k700,19,,2545,0,0,0.03,2.2426,0.002,0.1286,2.5981,0,4,0,0,0,0,0,0,0,0,0,0,4,0,0,0,0,0,0,0,0,0
ubt,bintrie,5,4,storage_sstore_k700,1,,2368,0,0,0.5113,33.9031,0.019,1.2571,37.3359,0,4,0,0,0,0,0,0,0,0,0,0,4,0,0,0,0,0,0,0,0,0
ubt,bintrie,5,4,storage_sstore_k700,1,,2369,0,0,0.1225,3.9429,0.0131,0.7414,5.8734,0,4,0,0,0,0,0,0,0,0,0,0,4,0,0,0,0,0,0,0,0,0
ubt,bintrie,5,4,storage_sstore_k700,1,,2370,0,0,0.14,26.2094,0.0067,0.4191,27.2585,0,4,0,0,0,0,0,0,0,0,0,0,4,0,0,0,0,0,0,0,0,0
ubt,bintrie,5,4,storage_sstore_k700,1,,2371,0,0,0.0362,1.9547,0.002,0.1315,2.3059,0,4,0,0,0,0,0,0,0,0,0,0,4,0,0,0,0,0,0,0,0,0
ubt,bintrie,5,4,storage_sstore_k700,1,,2372,0,0,0.1237,55.1358,0.0061,0.1942,55.8513,0,4,0,0,0,0,0,0,0,0,0,0,4,0,0,0,0,0,0,0,0,0
ubt,bintrie,5,4,storage_sstore_k700,1,,2373,86950,2,0.2526,9.4235,4.1398,37.664,51.7826,1.6791,11,0,0,0,3,0,0,0,1,165,6,5,54.55,0,0,0,0,0,0,0,0
ubt,bintrie,5,4,storage_sstore_k700,1,,2374,15911534,1,21.8851,110.1207,161.5568,93.4843,391.8249,40.6088,581,574,575,16237,575,0,573,0,0,0,151,430,25.99,33,541,5.75,575,0,100,16237,0
ubt,bintrie,5,4,storage_sstore_k700,1,,2375,21000,1,0.1044,9.7271,56.4568,0.7907,67.3015,0.312,6,0,0,0,2,0,0,0,0,0,0,6,0,0,0,0,0,0,0,0,0
ubt,bintrie,5,4,storage_sstore_k700,1,,2376,0,0,0.0933,65.0931,0.0029,0.1324,65.6709,0,4,0,0,0,0,0,0,0,0,0,0,4,0,0,0,0,0,0,0,0,0
ubt,bintrie,5,4,storage_sstore_k700,20,,2546,0,0,0.0586,6.0236,0.0032,0.2214,6.5317,0,4,0,0,0,0,0,0,0,0,0,0,4,0,0,0,0,0,0,0,0,0
ubt,bintrie,5,4,storage_sstore_k700,20,,2547,0,0,0.1697,39.089,0.0064,0.4045,40.9562,0,4,0,0,0,0,0,0,0,0,0,0,4,0,0,0,0,0,0,0,0,0
ubt,bintrie,5,4,storage_sstore_k700,20,,2548,0,0,0.168,57.7552,0.0064,0.1365,61.1303,0,4,0,0,0,0,0,0,0,0,0,0,4,0,0,0,0,0,0,0,0,0
ubt,bintrie,5,4,storage_sstore_k700,20,,2549,0,0,0.2712,11.2405,0.0125,0.6863,12.7295,0,4,0,0,0,0,0,0,0,0,0,0,4,0,0,0,0,0,0,0,0,0
ubt,bintrie,5,4,storage_sstore_k700,20,,2550,0,0,0.0452,12.9564,0.0026,0.1412,13.3787,0,4,0,0,0,0,0,0,0,0,0,0,4,0,0,0,0,0,0,0,0,0
ubt,bintrie,5,4,storage_sstore_k700,20,,2551,86950,2,0.145,2.3831,14.307,3.8029,20.8099,4.1783,11,0,0,0,3,0,0,0,1,165,5,6,45.45,0,0,0,0,0,0,0,0
ubt,bintrie,5,4,storage_sstore_k700,20,,2552,15911534,1,26.5626,110.7806,151.1989,69.9019,359.0644,44.3139,581,574,575,16237,575,0,573,0,0,0,184,397,31.67,58,516,10.1,575,0,100,16237,0
ubt,bintrie,5,4,storage_sstore_k700,20,,2553,21000,1,0.0942,10.4224,5.5885,2.321,18.6388,1.1267,6,0,0,0,2,0,0,0,0,0,0,6,0,0,0,0,0,0,0,0,0
ubt,bintrie,5,4,storage_sstore_k700,20,,2554,0,0,0.1826,6.4527,0.009,0.4914,7.7608,0,4,0,0,0,0,0,0,0,0,0,0,4,0,0,0,0,0,0,0,0,0
ubt,bintrie,5,4,storage_sstore_k700,20,,2555,0,0,0.037,4.8567,0.0023,0.1692,5.2341,0,4,0,0,0,0,0,0,0,0,0,0,4,0,0,0,0,0,0,0,0,0
ubt,bintrie,5,4,storage_sstore_k700,2,,2377,0,0,0.3628,26.1277,0.0061,0.6909,27.9141,0,4,0,0,0,0,0,0,0,0,0,0,4,0,0,0,0,0,0,0,0,0
ubt,bintrie,5,4,storage_sstore_k700,2,,2378,0,0,0.0703,2.235,0.0079,0.952,4.1897,0,4,0,0,0,0,0,0,0,0,0,0,4,0,0,0,0,0,0,0,0,0
ubt,bintrie,5,4,storage_sstore_k700,2,,2379,0,0,0.2987,64.5477,0.0032,0.2275,65.6157,0,4,0,0,0,0,0,0,0,0,0,0,4,0,0,0,0,0,0,0,0,0
ubt,bintrie,5,4,storage_sstore_k700,2,,2380,0,0,0.0834,7.1375,0.0193,0.8566,8.7299,0,4,0,0,0,0,0,0,0,0,0,0,4,0,0,0,0,0,0,0,0,0
ubt,bintrie,5,4,storage_sstore_k700,2,,2381,86950,2,0.152,2.4803,10.414,2.4715,16.1813,5.3735,11,0,0,0,3,0,0,0,1,165,5,6,45.45,0,0,0,0,0,0,0,0
ubt,bintrie,5,4,storage_sstore_k700,2,,2382,15911534,1,38.3412,98.0806,164.0125,73.3984,375.1114,42.4182,581,574,575,16237,575,0,573,0,0,0,338,243,58.18,133,441,23.17,575,0,100,16237,0
ubt,bintrie,5,4,storage_sstore_k700,2,,2383,21000,1,0.0793,7.869,51.0678,1.3069,60.7442,0.3457,6,0,0,0,2,0,0,0,0,0,2,4,33.33,0,0,0,0,0,0,0,0
ubt,bintrie,5,4,storage_sstore_k700,2,,2384,0,0,0.2243,78.0209,0.0035,0.1797,79.1164,0,4,0,0,0,0,0,0,0,0,0,0,4,0,0,0,0,0,0,0,0,0
ubt,bintrie,5,4,storage_sstore_k700,3,,2385,0,0,0.0968,63.3262,0.0032,0.2147,63.9087,0,4,0,0,0,0,0,0,0,0,0,0,4,0,0,0,0,0,0,0,0,0
ubt,bintrie,5,4,storage_sstore_k700,3,,2386,0,0,0.2718,58.3187,0.0061,0.4002,59.7324,0,4,0,0,0,0,0,0,0,0,0,0,4,0,0,0,0,0,0,0,0,0
ubt,bintrie,5,4,storage_sstore_k700,3,,2387,0,0,0.0898,24.2678,0.0085,0.3529,25.0871,0,4,0,0,0,0,0,0,0,0,0,0,4,0,0,0,0,0,0,0,0,0
ubt,bintrie,5,4,storage_sstore_k700,3,,2388,0,0,0.1572,27.6368,0.0079,0.4328,28.7806,0,4,0,0,0,0,0,0,0,0,0,0,4,0,0,0,0,0,0,0,0,0
ubt,bintrie,5,4,storage_sstore_k700,3,,2389,0,0,0.1021,13.7964,0.0128,0.8794,15.4259,0,4,0,0,0,0,0,0,0,0,0,0,4,0,0,0,0,0,0,0,0,0
ubt,bintrie,5,4,storage_sstore_k700,3,,2390,86950,2,0.2727,10.1617,6.0464,2.7168,41.0134,2.12,11,0,0,0,3,0,0,0,1,165,4,7,36.36,0,0,0,0,0,0,0,0
ubt,bintrie,5,4,storage_sstore_k700,3,,2391,15911534,1,23.1907,137.4663,92.2326,84.953,338.9539,46.9431,581,574,575,16237,575,0,573,0,0,0,308,273,53.01,242,332,42.16,575,0,100,16237,0
ubt,bintrie,5,4,storage_sstore_k700,3,,2392,21000,1,0.3407,10.5021,10.4991,0.7093,22.477,0.9343,6,0,0,0,2,0,0,0,0,0,0,6,0,0,0,0,0,0,0,0,0
ubt,bintrie,5,4,storage_sstore_k700,3,,2393,0,0,0.0472,5.6588,0.002,0.18,6.1091,0,4,0,0,0,0,0,0,0,0,0,0,4,0,0,0,0,0,0,0,0,0
ubt,bintrie,5,4,storage_sstore_k700,4,,2394,0,0,0.1805,47.7551,0.0029,0.2508,48.7155,0,4,0,0,0,0,0,0,0,0,0,0,4,0,0,0,0,0,0,0,0,0
ubt,bintrie,5,4,storage_sstore_k700,4,,2395,0,0,0.0878,2.5024,0.005,0.6539,3.9424,0,4,0,0,0,0,0,0,0,0,0,0,4,0,0,0,0,0,0,0,0,0
ubt,bintrie,5,4,storage_sstore_k700,4,,2396,0,0,0.1307,4.4195,0.0137,1.1118,82.0338,0,4,0,0,0,0,0,0,0,0,0,0,4,0,0,0,0,0,0,0,0,0
ubt,bintrie,5,4,storage_sstore_k700,4,,2397,0,0,0.1082,8.6664,0.0128,0.681,10.1112,0,4,0,0,0,0,0,0,0,0,0,0,4,0,0,0,0,0,0,0,0,0
ubt,bintrie,5,4,storage_sstore_k700,4,,2398,86950,2,2.0445,6.9625,21.2036,9.3471,40.6938,2.1367,11,0,0,0,3,0,0,0,1,165,4,7,36.36,0,0,0,0,0,0,0,0
ubt,bintrie,5,4,storage_sstore_k700,4,,2399,15911534,1,42.3918,130.5621,180.7844,73.576,428.5527,37.1285,581,574,575,16237,575,0,573,0,0,0,220,361,37.87,141,433,24.56,575,0,100,16237,0
ubt,bintrie,5,4,storage_sstore_k700,4,,2400,21000,1,0.1415,2.9913,2.6611,0.8992,7.0033,2.9986,6,0,0,0,2,0,0,0,0,0,2,4,33.33,0,0,0,0,0,0,0,0
ubt,bintrie,5,4,storage_sstore_k700,4,,2401,0,0,0.0484,4.5968,0.005,0.219,5.1554,0,4,0,0,0,0,0,0,0,0,0,0,4,0,0,0,0,0,0,0,0,0
ubt,bintrie,5,4,storage_sstore_k700,4,,2402,0,0,0.0437,9.3112,0.0041,0.2094,9.7928,0,4,0,0,0,0,0,0,0,0,0,0,4,0,0,0,0,0,0,0,0,0
ubt,bintrie,5,4,storage_sstore_k700,5,,2403,0,0,0.1826,54.4522,0.0064,0.4354,55.664,0,4,0,0,0,0,0,0,0,0,0,0,4,0,0,0,0,0,0,0,0,0
ubt,bintrie,5,4,storage_sstore_k700,5,,2404,0,0,0.0388,0.8881,0.0061,1.1477,3.5317,0,4,0,0,0,0,0,0,0,0,0,0,4,0,0,0,0,0,0,0,0,0
ubt,bintrie,5,4,storage_sstore_k700,5,,2405,0,0,0.1797,48.9145,0.0758,0.7633,50.5795,0,4,0,0,0,0,0,0,0,0,0,0,4,0,0,0,0,0,0,0,0,0
ubt,bintrie,5,4,storage_sstore_k700,5,,2406,0,0,0.0741,17.2225,0.0044,0.2712,17.8948,0,4,0,0,0,0,0,0,0,0,0,0,4,0,0,0,0,0,0,0,0,0
ubt,bintrie,5,4,storage_sstore_k700,5,,2407,0,0,0.0965,1.8692,0.0073,2.3966,4.7167,0,4,0,0,0,0,0,0,0,0,0,0,4,0,0,0,0,0,0,0,0,0
ubt,bintrie,5,4,storage_sstore_k700,5,,2408,86950,2,0.7516,22.5776,2.6521,3.366,29.8989,2.9081,11,0,0,0,3,0,0,0,1,165,4,7,36.36,0,0,0,0,0,0,0,0
ubt,bintrie,5,4,storage_sstore_k700,5,,2409,15911534,1,21.8724,92.033,127.5182,101.5245,343.6691,46.299,581,574,575,16237,575,0,573,0,0,0,251,330,43.2,110,464,19.16,575,0,100,16237,0
ubt,bintrie,5,4,storage_sstore_k700,5,,2410,21000,1,0.1747,7.0669,6.5023,1.059,15.2389,1.3781,6,0,0,0,2,0,0,0,0,0,2,4,33.33,0,0,0,0,0,0,0,0
ubt,bintrie,5,4,storage_sstore_k700,5,,2411,0,0,0.0411,5.9006,0.0032,0.1829,6.2958,0,4,0,0,0,0,0,0,0,0,0,0,4,0,0,0,0,0,0,0,0,0
ubt,bintrie,5,4,storage_sstore_k700,6,,2412,0,0,0.1651,3.777,0.0233,1.2343,13.7369,0,4,0,0,0,0,0,0,0,0,0,0,4,0,0,0,0,0,0,0,0,0
ubt,bintrie,5,4,storage_sstore_k700,6,,2413,0,0,0.0965,1.92,0.0061,0.6134,3.236,0,4,0,0,0,0,0,0,0,0,0,0,4,0,0,0,0,0,0,0,0,0
ubt,bintrie,5,4,storage_sstore_k700,6,,2414,0,0,0.1447,65.388,0.0023,0.1528,73.0376,0,4,0,0,0,0,0,0,0,0,0,0,4,0,0,0,0,0,0,0,0,0
ubt,bintrie,5,4,storage_sstore_k700,6,,2415,0,0,0.0639,5.6879,0.0067,0.9144,7.3819,0,4,0,0,0,0,0,0,0,0,0,0,4,0,0,0,0,0,0,0,0,0
ubt,bintrie,5,4,storage_sstore_k700,6,,2416,0,0,0.0691,13.1509,0.0303,0.4556,14.0804,0,4,0,0,0,0,0,0,0,0,0,0,4,0,0,0,0,0,0,0,0,0
ubt,bintrie,5,4,storage_sstore_k700,6,,2417,86950,2,0.6277,13.2976,7.4624,7.2113,29.1018,2.9878,11,0,0,0,3,0,0,0,1,165,4,7,36.36,0,0,0,0,0,0,0,0
ubt,bintrie,5,4,storage_sstore_k700,6,,2418,15911534,1,45.5331,182.4995,173.9595,74.7438,478.3668,33.2622,581,574,575,16237,575,0,573,0,0,0,61,520,10.5,8,566,1.39,575,0,100,16237,0
ubt,bintrie,5,4,storage_sstore_k700,6,,2419,21000,1,0.0788,6.3672,16.5697,2.3073,31.5199,0.6662,6,0,0,0,2,0,0,0,0,0,0,6,0,0,0,0,0,0,0,0,0
ubt,bintrie,5,4,storage_sstore_k700,6,,2420,0,0,0.0487,4.6222,0.0035,0.2406,5.1513,0,4,0,0,0,0,0,0,0,0,0,0,4,0,0,0,0,0,0,0,0,0
ubt,bintrie,5,4,storage_sstore_k700,7,,2421,0,0,0.0703,1.4113,0.0052,0.777,2.9496,0,4,0,0,0,0,0,0,0,0,0,0,4,0,0,0,0,0,0,0,0,0
ubt,bintrie,5,4,storage_sstore_k700,7,,2422,0,0,0.1085,1.9602,0.0053,0.4083,2.8393,0,4,0,0,0,0,0,0,0,0,0,0,4,0,0,0,0,0,0,0,0,0
ubt,bintrie,5,4,storage_sstore_k700,7,,2423,0,0,0.0925,6.6125,0.0073,1.0596,8.5199,0,4,0,0,0,0,0,0,0,0,0,0,4,0,0,0,0,0,0,0,0,0
ubt,bintrie,5,4,storage_sstore_k700,7,,2424,0,0,0.0872,7.9626,0.0082,0.3879,8.8139,0,4,0,0,0,0,0,0,0,0,0,0,4,0,0,0,0,0,0,0,0,0
ubt,bintrie,5,4,storage_sstore_k700,7,,2425,86950,2,1.5181,27.7762,5.853,8.088,44.2984,1.9628,11,0,0,0,3,0,0,0,1,165,4,7,36.36,0,0,0,0,0,0,0,0
ubt,bintrie,5,4,storage_sstore_k700,7,,2426,15911534,1,28.9034,84.0929,124.4594,92.1025,382.8217,41.5638,581,574,575,16237,575,0,573,0,0,0,347,234,59.72,149,425,25.96,575,0,100,16237,0
ubt,bintrie,5,4,storage_sstore_k700,7,,2427,21000,1,0.0682,6.5501,3.0572,15.9024,31.9218,0.6579,6,0,0,0,2,0,0,0,0,0,2,4,33.33,0,0,0,0,0,0,0,0
ubt,bintrie,5,4,storage_sstore_k700,7,,2428,0,0,0.0601,4.8194,0.005,0.3214,5.5062,0,4,0,0,0,0,0,0,0,0,0,0,4,0,0,0,0,0,0,0,0,0
ubt,bintrie,5,4,storage_sstore_k700,7,,2429,0,0,0.0408,3.6382,0.0032,0.149,3.9943,0,4,0,0,0,0,0,0,0,0,0,0,4,0,0,0,0,0,0,0,0,0
ubt,bintrie,5,4,storage_sstore_k700,8,,2430,0,0,0.3649,6.77,0.0044,0.4993,8.1933,0,4,0,0,0,0,0,0,0,0,0,0,4,0,0,0,0,0,0,0,0,0
ubt,bintrie,5,4,storage_sstore_k700,8,,2431,0,0,0.1135,34.4776,0.0061,0.4535,35.4523,0,4,0,0,0,0,0,0,0,0,0,0,4,0,0,0,0,0,0,0,0,0
ubt,bintrie,5,4,storage_sstore_k700,8,,2432,0,0,0.1557,30.9238,0.0079,0.4337,36.0036,0,4,0,0,0,0,0,0,0,0,0,0,4,0,0,0,0,0,0,0,0,0
ubt,bintrie,5,4,storage_sstore_k700,8,,2433,0,0,0.0831,30.5323,0.0035,0.1339,31.1206,0,4,0,0,0,0,0,0,0,0,0,0,4,0,0,0,0,0,0,0,0,0
ubt,bintrie,5,4,storage_sstore_k700,8,,2434,0,0,0.0475,0.8607,0.0023,0.1657,1.2544,0,4,0,0,0,0,0,0,0,0,0,0,4,0,0,0,0,0,0,0,0,0
ubt,bintrie,5,4,storage_sstore_k700,8,,2435,86950,2,1.1054,44.0429,11.4599,3.4818,60.724,1.4319,11,0,0,0,3,0,0,0,1,165,4,7,36.36,0,0,0,0,0,0,0,0
ubt,bintrie,5,4,storage_sstore_k700,8,,2436,15911534,1,22.3315,99.9644,120.8697,118.8211,362.9655,43.8376,581,574,575,16237,575,0,573,0,0,0,276,305,47.5,85,489,14.81,575,0,100,16237,0
ubt,bintrie,5,4,storage_sstore_k700,8,,2437,21000,1,0.2042,19.0138,1.71,0.8376,27.955,0.7512,6,0,0,0,2,0,0,0,0,0,2,4,33.33,0,0,0,0,0,0,0,0
ubt,bintrie,5,4,storage_sstore_k700,8,,2438,0,0,0.1671,4.1287,0.0201,0.9896,7.4163,0,4,0,0,0,0,0,0,0,0,0,0,4,0,0,0,0,0,0,0,0,0
ubt,bintrie,5,4,storage_sstore_k700,8,,2439,0,0,0.0586,4.5922,0.0035,0.3999,5.6757,0,4,0,0,0,0,0,0,0,0,0,0,4,0,0,0,0,0,0,0,0,0
ubt,bintrie,5,4,storage_sstore_k700,9,,2440,0,0,0.0843,2.0614,0.0067,13.5937,17.2858,0,4,0,0,0,0,0,0,0,0,0,0,4,0,0,0,0,0,0,0,0,0
ubt,bintrie,5,4,storage_sstore_k700,9,,2441,0,0,0.0957,2.4193,0.0076,17.9341,21.4711,0,4,0,0,0,0,0,0,0,0,0,0,4,0,0,0,0,0,0,0,0,0
ubt,bintrie,5,4,storage_sstore_k700,9,,2442,0,0,0.14,33.4425,0.0029,0.131,36.8126,0,4,0,0,0,0,0,0,0,0,0,0,4,0,0,0,0,0,0,0,0,0
ubt,bintrie,5,4,storage_sstore_k700,9,,2443,0,0,0.2027,30.22,0.0146,0.6869,31.9729,0,4,0,0,0,0,0,0,0,0,0,0,4,0,0,0,0,0,0,0,0,0
ubt,bintrie,5,4,storage_sstore_k700,9,,2444,0,0,0.037,2.7212,0.0035,0.2001,3.1937,0,4,0,0,0,0,0,0,0,0,0,0,4,0,0,0,0,0,0,0,0,0
ubt,bintrie,5,4,storage_sstore_k700,9,,2445,86950,2,0.8621,55.1822,0.9345,9.7414,68.1135,1.2765,11,0,0,0,3,0,0,0,1,165,4,7,36.36,0,0,0,0,0,0,0,0
ubt,bintrie,5,4,storage_sstore_k700,9,,2446,15911534,1,34.6572,115.2596,140.083,57.864,348.9022,45.6046,581,574,575,16237,575,0,573,0,0,0,112,469,19.28,43,531,7.49,575,0,100,16237,0
ubt,bintrie,5,4,storage_sstore_k700,9,,2447,21000,1,0.0726,12.0893,3.3657,1.2153,16.9273,1.2406,6,0,0,0,2,0,0,0,0,0,2,4,33.33,0,0,0,0,0,0,0,0
ubt,bintrie,5,4,storage_sstore_k700,9,,2448,0,0,0.0391,4.3343,0.0032,0.1884,4.8541,0,4,0,0,0,0,0,0,0,0,0,0,4,0,0,0,0,0,0,0,0,0
pbt,bintrie,5,4,storage_mixed_k1,10,,2905,0,0,0.0461,0.5766,0.0018,0.1391,0.9788,0,4,0,0,0,0,0,0,0,0,0,0,4,0,0,0,0,0,0,0,0,0
pbt,bintrie,5,4,storage_mixed_k1,10,,2906,0,0,0.0297,0.5617,0.0029,0.161,0.9601,0,4,0,0,0,0,0,0,0,0,0,0,4,0,0,0,0,0,0,0,0,0
pbt,bintrie,5,4,storage_mixed_k1,10,,2907,0,0,0.0554,0.8957,0.0044,4.2095,9.3179,0,4,0,0,0,0,0,0,0,0,0,0,4,0,0,0,0,0,0,0,0,0
pbt,bintrie,5,4,storage_mixed_k1,10,,2908,0,0,0.0846,1.43,0.0061,0.3456,2.3344,0,4,0,0,0,0,0,0,0,0,0,0,4,0,0,0,0,0,0,0,0,0
pbt,bintrie,5,4,storage_mixed_k1,10,,2909,0,0,0.1625,1.9874,0.0067,5.1134,27.4828,0,4,0,0,0,0,0,0,0,0,0,0,4,0,0,0,0,0,0,0,0,0
pbt,bintrie,5,4,storage_mixed_k1,10,,2910,91690,2,0.4486,2.6168,121.7487,7.0296,137.5966,0.6664,11,0,0,0,3,0,0,0,1,303,6,5,54.55,0,0,0,0,0,0,0,0
pbt,bintrie,5,4,storage_mixed_k1,10,,2911,15913238,1,223.8409,32.1653,3.8925,16.9299,370.9313,42.9008,8,1731,2,331,3,0,264,0,0,0,1,7,12.5,81,1650,4.68,2,0,100,331,0
pbt,bintrie,5,4,storage_mixed_k1,10,,2912,21000,1,0.1957,1.8284,3.1534,4.1713,71.4087,0.2941,6,0,0,0,2,0,0,0,0,0,2,4,33.33,0,0,0,0,0,0,0,0
pbt,bintrie,5,4,storage_mixed_k1,10,,2913,0,0,0.0487,0.8274,0.0047,0.2403,1.3819,0,4,0,0,0,0,0,0,0,0,0,0,4,0,0,0,0,0,0,0,0,0
pbt,bintrie,5,4,storage_mixed_k1,10,,2914,0,0,0.1006,2.2242,0.0064,0.4579,3.4556,0,4,0,0,0,0,0,0,0,0,0,0,4,0,0,0,0,0,0,0,0,0
pbt,bintrie,5,4,storage_mixed_k1,11,,2915,0,0,0.0519,0.5495,0.0029,0.1715,0.9919,0,4,0,0,0,0,0,0,0,0,0,0,4,0,0,0,0,0,0,0,0,0
pbt,bintrie,5,4,storage_mixed_k1,11,,2916,0,0,0.0487,0.8061,0.0041,0.1657,1.3011,0,4,0,0,0,0,0,0,0,0,0,0,4,0,0,0,0,0,0,0,0,0
pbt,bintrie,5,4,storage_mixed_k1,11,,2917,0,0,0.0289,0.5343,0.002,0.1482,0.8589,0,4,0,0,0,0,0,0,0,0,0,0,4,0,0,0,0,0,0,0,0,0
pbt,bintrie,5,4,storage_mixed_k1,11,,2918,0,0,0.0927,1.393,0.0079,0.3961,2.5056,0,4,0,0,0,0,0,0,0,0,0,0,4,0,0,0,0,0,0,0,0,0
pbt,bintrie,5,4,storage_mixed_k1,11,,2919,0,0,0.0805,1.9973,0.0079,0.3669,3.0,0,4,0,0,0,0,0,0,0,0,0,0,4,0,0,0,0,0,0,0,0,0
pbt,bintrie,5,4,storage_mixed_k1,11,,2920,91690,2,0.6717,1.3055,41.4287,6.8939,62.7403,1.4614,11,0,0,0,3,0,0,0,1,303,4,7,36.36,0,0,0,0,0,0,0,0
pbt,bintrie,5,4,storage_mixed_k1,11,,2921,15913238,1,252.1785,40.7416,10.3011,6.1587,310.0547,51.324,8,1731,2,331,3,0,264,0,0,0,4,4,50,85,1646,4.91,2,0,100,331,0
pbt,bintrie,5,4,storage_mixed_k1,11,,2922,0,0,0.0974,2.0139,0.0041,0.4182,2.9495,0,4,0,0,0,0,0,0,0,0,0,0,4,0,0,0,0,0,0,0,0,0
pbt,bintrie,5,4,storage_mixed_k1,11,,2923,21000,1,0.2873,1.8669,57.1597,0.9978,60.7876,0.3455,6,0,0,0,2,0,0,0,0,0,2,4,33.33,0,0,0,0,0,0,0,0
pbt,bintrie,5,4,storage_mixed_k1,11,,2924,0,0,0.0639,1.064,0.0038,0.3794,1.8587,0,4,0,0,0,0,0,0,0,0,0,0,4,0,0,0,0,0,0,0,0,0
pbt,bintrie,5,4,storage_mixed_k1,11,,2925,0,0,0.1455,1.7981,0.0122,0.6597,3.1572,0,4,0,0,0,0,0,0,0,0,0,0,4,0,0,0,0,0,0,0,0,0
pbt,bintrie,5,4,storage_mixed_k1,12,,2926,0,0,0.0615,0.6708,0.0029,0.1966,1.1996,0,4,0,0,0,0,0,0,0,0,0,0,4,0,0,0,0,0,0,0,0,0
pbt,bintrie,5,4,storage_mixed_k1,12,,2927,0,0,0.3383,2.911,0.0073,0.6352,4.9442,0,4,0,0,0,0,0,0,0,0,0,0,4,0,0,0,0,0,0,0,0,0
pbt,bintrie,5,4,storage_mixed_k1,12,,2928,0,0,0.0968,0.6699,0.0035,0.1006,1.0733,0,4,0,0,0,0,0,0,0,0,0,0,4,0,0,0,0,0,0,0,0,0
pbt,bintrie,5,4,storage_mixed_k1,12,,2929,0,0,0.035,0.5897,0.0035,0.1557,0.9984,0,4,0,0,0,0,0,0,0,0,0,0,4,0,0,0,0,0,0,0,0,0
pbt,bintrie,5,4,storage_mixed_k1,12,,2930,0,0,0.035,0.574,0.0029,0.2007,1.0126,0,4,0,0,0,0,0,0,0,0,0,0,4,0,0,0,0,0,0,0,0,0
pbt,bintrie,5,4,storage_mixed_k1,12,,2931,91690,2,5.9846,2.8259,3.2412,14.7903,27.0698,3.3872,11,0,0,0,3,0,0,0,1,303,5,6,45.45,0,0,0,0,0,0,0,0
pbt,bintrie,5,4,storage_mixed_k1,12,,2932,15913238,1,269.4272,62.8838,6.6545,3.289,347.6017,45.7801,8,1731,2,331,3,0,264,0,0,0,0,8,0,346,1385,19.99,2,0,100,331,0
pbt,bintrie,5,4,storage_mixed_k1,12,,2933,0,0,0.0691,1.4583,0.0088,0.6443,3.191,0,4,0,0,0,0,0,0,0,0,0,0,4,0,0,0,0,0,0,0,0,0
pbt,bintrie,5,4,storage_mixed_k1,12,,2934,21000,1,0.2847,3.2893,26.1073,3.8266,34.2052,0.6139,6,0,0,0,2,0,0,0,0,0,2,4,33.33,0,0,0,0,0,0,0,0
pbt,bintrie,5,4,storage_mixed_k1,12,,2935,0,0,0.1222,2.3435,0.009,0.4165,3.4693,0,4,0,0,0,0,0,0,0,0,0,0,4,0,0,0,0,0,0,0,0,0
pbt,bintrie,5,4,storage_mixed_k1,13,,2936,0,0,0.0659,0.6784,0.0029,0.2047,1.2355,0,4,0,0,0,0,0,0,0,0,0,0,4,0,0,0,0,0,0,0,0,0
pbt,bintrie,5,4,storage_mixed_k1,13,,2937,0,0,0.0353,0.6244,0.0026,0.1517,1.052,0,4,0,0,0,0,0,0,0,0,0,0,4,0,0,0,0,0,0,0,0,0
pbt,bintrie,5,4,storage_mixed_k1,13,,2938,0,0,0.1493,2.4109,0.0058,0.3576,3.4168,0,4,0,0,0,0,0,0,0,0,0,0,4,0,0,0,0,0,0,0,0,0
pbt,bintrie,5,4,storage_mixed_k1,13,,2939,0,0,0.0656,1.1348,0.0026,0.359,1.8972,0,4,0,0,0,0,0,0,0,0,0,0,4,0,0,0,0,0,0,0,0,0
pbt,bintrie,5,4,storage_mixed_k1,13,,2940,0,0,0.0353,0.4054,0.002,0.1546,0.8082,0,4,0,0,0,0,0,0,0,0,0,0,4,0,0,0,0,0,0,0,0,0
pbt,bintrie,5,4,storage_mixed_k1,13,,2941,91690,2,0.693,17.858,17.4179,7.2865,45.374,2.0208,11,0,0,0,3,0,0,0,1,303,4,7,36.36,0,0,0,0,0,0,0,0
pbt,bintrie,5,4,storage_mixed_k1,13,,2942,15913238,1,322.944,64.3356,8.5124,2.9808,399.275,39.8553,8,1731,2,331,3,0,264,0,0,0,3,5,37.5,228,1503,13.17,2,0,100,331,0
pbt,bintrie,5,4,storage_mixed_k1,13,,2943,0,0,0.0936,1.3909,0.0058,0.7595,3.6277,0,4,0,0,0,0,0,0,0,0,0,0,4,0,0,0,0,0,0,0,0,0
pbt,bintrie,5,4,storage_mixed_k1,13,,2944,21000,1,0.1482,1.1503,10.6153,6.2435,38.2862,0.5485,6,0,0,0,2,0,0,0,0,0,2,4,33.33,0,0,0,0,0,0,0,0
pbt,bintrie,5,4,storage_mixed_k1,13,,2945,0,0,0.1359,2.1428,0.0061,0.5104,3.2648,0,4,0,0,0,0,0,0,0,0,0,0,4,0,0,0,0,0,0,0,0,0
pbt,bintrie,5,4,storage_mixed_k1,14,,2946,0,0,0.0545,0.6673,0.0035,0.2444,1.2565,0,4,0,0,0,0,0,0,0,0,0,0,4,0,0,0,0,0,0,0,0,0
pbt,bintrie,5,4,storage_mixed_k1,14,,2947,0,0,0.0866,2.6725,0.0143,0.6565,8.7579,0,4,0,0,0,0,0,0,0,0,0,0,4,0,0,0,0,0,0,0,0,0
pbt,bintrie,5,4,storage_mixed_k1,14,,2948,0,0,0.0411,0.6927,0.0023,0.1307,1.9792,0,4,0,0,0,0,0,0,0,0,0,0,4,0,0,0,0,0,0,0,0,0
pbt,bintrie,5,4,storage_mixed_k1,14,,2949,0,0,0.0752,1.1666,0.0044,0.2637,1.8491,0,4,0,0,0,0,0,0,0,0,0,0,4,0,0,0,0,0,0,0,0,0
pbt,bintrie,5,4,storage_mixed_k1,14,,2950,0,0,0.0846,1.2614,0.0079,0.399,3.3824,0,4,0,0,0,0,0,0,0,0,0,0,4,0,0,0,0,0,0,0,0,0
pbt,bintrie,5,4,storage_mixed_k1,14,,2951,91690,2,1.4119,3.5638,1.873,7.3043,15.824,5.7944,11,0,0,0,3,0,0,0,1,303,4,7,36.36,0,0,0,0,0,0,0,0
pbt,bintrie,5,4,storage_mixed_k1,14,,2952,15913238,1,236.0476,49.4759,14.1743,9.873,310.0255,51.3288,8,1731,2,331,3,0,264,0,0,0,0,8,0,0,1731,0,2,0,100,331,0
pbt,bintrie,5,4,storage_mixed_k1,14,,2953,21000,1,0.3173,0.7709,22.2308,1.2728,28.5021,0.7368,6,0,0,0,2,0,0,0,0,0,0,6,0,0,0,0,0,0,0,0,0
pbt,bintrie,5,4,storage_mixed_k1,14,,2954,0,0,0.1277,1.6706,0.0088,0.3879,2.8691,0,4,0,0,0,0,0,0,0,0,0,0,4,0,0,0,0,0,0,0,0,0
pbt,bintrie,5,4,storage_mixed_k1,14,,2955,0,0,0.0417,0.7131,0.0032,0.2456,1.2617,0,4,0,0,0,0,0,0,0,0,0,0,4,0,0,0,0,0,0,0,0,0
pbt,bintrie,5,4,storage_mixed_k1,15,,2956,0,0,0.0604,0.653,0.0029,0.2785,1.2792,0,4,0,0,0,0,0,0,0,0,0,0,4,0,0,0,0,0,0,0,0,0
pbt,bintrie,5,4,storage_mixed_k1,15,,2957,0,0,0.0575,1.0357,0.0082,0.2683,1.7193,0,4,0,0,0,0,0,0,0,0,0,0,4,0,0,0,0,0,0,0,0,0
pbt,bintrie,5,4,storage_mixed_k1,15,,2958,0,0,0.021,0.4147,0.0026,0.2292,0.947,0,4,0,0,0,0,0,0,0,0,0,0,4,0,0,0,0,0,0,0,0,0
pbt,bintrie,5,4,storage_mixed_k1,15,,2959,0,0,0.5174,6.6892,0.0233,1.0438,9.607,0,4,0,0,0,0,0,0,0,0,0,0,4,0,0,0,0,0,0,0,0,0
pbt,bintrie,5,4,storage_mixed_k1,15,,2960,0,0,0.0732,1.2022,0.0055,0.3214,2.0425,0,4,0,0,0,0,0,0,0,0,0,0,4,0,0,0,0,0,0,0,0,0
pbt,bintrie,5,4,storage_mixed_k1,15,,2961,91690,2,1.2731,124.6341,6.0919,7.3974,140.0507,0.6547,11,0,0,0,3,0,0,0,1,303,4,7,36.36,0,0,0,0,0,0,0,0
pbt,bintrie,5,4,storage_mixed_k1,15,,2962,15913238,1,261.9675,67.8567,3.7957,2.1965,336.2504,47.3256,8,1731,2,331,3,0,264,0,0,0,2,6,25,216,1515,12.48,2,0,100,331,0
pbt,bintrie,5,4,storage_mixed_k1,15,,2963,21000,1,0.0653,0.6968,4.9352,0.9668,13.5455,1.5503,6,0,0,0,2,0,0,0,0,0,2,4,33.33,0,0,0,0,0,0,0,0
pbt,bintrie,5,4,storage_mixed_k1,15,,2964,0,0,0.1878,2.6001,0.0079,0.9356,4.6855,0,4,0,0,0,0,0,0,0,0,0,0,4,0,0,0,0,0,0,0,0,0
pbt,bintrie,5,4,storage_mixed_k1,15,,2965,0,0,0.1657,1.7873,0.0067,0.5422,3.0572,0,4,0,0,0,0,0,0,0,0,0,0,4,0,0,0,0,0,0,0,0,0
pbt,bintrie,5,4,storage_mixed_k1,16,,2966,0,0,0.0452,0.527,0.0032,0.1648,0.9426,0,4,0,0,0,0,0,0,0,0,0,0,4,0,0,0,0,0,0,0,0,0
pbt,bintrie,5,4,storage_mixed_k1,16,,2967,0,0,0.0787,1.1591,0.0053,0.2625,1.8313,0,4,0,0,0,0,0,0,0,0,0,0,4,0,0,0,0,0,0,0,0,0
pbt,bintrie,5,4,storage_mixed_k1,16,,2968,0,0,0.0569,0.7373,0.0044,2.5908,7.1976,0,4,0,0,0,0,0,0,0,0,0,0,4,0,0,0,0,0,0,0,0,0
pbt,bintrie,5,4,storage_mixed_k1,16,,2969,0,0,0.0254,0.3958,0.0015,0.1928,0.8015,0,4,0,0,0,0,0,0,0,0,0,0,4,0,0,0,0,0,0,0,0,0
pbt,bintrie,5,4,storage_mixed_k1,16,,2970,0,0,0.075,1.1929,0.0061,0.5238,2.5905,0,4,0,0,0,0,0,0,0,0,0,0,4,0,0,0,0,0,0,0,0,0
pbt,bintrie,5,4,storage_mixed_k1,16,,2971,91690,2,0.9181,2.1495,46.776,11.2365,120.753,0.7593,11,0,0,0,3,0,0,0,1,303,4,7,36.36,0,0,0,0,0,0,0,0
pbt,bintrie,5,4,storage_mixed_k1,16,,2972,15913238,1,279.2014,68.3082,33.2742,5.6506,392.4123,40.5523,8,1731,2,331,3,0,264,0,0,0,0,8,0,3,1728,0.17,2,0,100,331,0
pbt,bintrie,5,4,storage_mixed_k1,16,,2973,21000,1,0.2269,1.8033,42.9789,4.3326,49.8271,0.4215,6,0,0,0,2,0,0,0,0,0,2,4,33.33,0,0,0,0,0,0,0,0
pbt,bintrie,5,4,storage_mixed_k1,16,,2974,0,0,0.0365,0.3672,0.0023,0.1692,0.8598,0,4,0,0,0,0,0,0,0,0,0,0,4,0,0,0,0,0,0,0,0,0
pbt,bintrie,5,4,storage_mixed_k1,16,,2975,0,0,0.1362,1.8905,0.0082,0.4789,3.1593,0,4,0,0,0,0,0,0,0,0,0,0,4,0,0,0,0,0,0,0,0,0
pbt,bintrie,5,4,storage_mixed_k1,17,,2976,0,0,0.063,0.6457,0.0032,0.2704,1.2681,0,4,0,0,0,0,0,0,0,0,0,0,4,0,0,0,0,0,0,0,0,0
pbt,bintrie,5,4,storage_mixed_k1,17,,2977,0,0,0.1123,2.0787,0.0073,0.525,3.3232,0,4,0,0,0,0,0,0,0,0,0,0,4,0,0,0,0,0,0,0,0,0
pbt,bintrie,5,4,storage_mixed_k1,17,,2978,0,0,0.0507,0.5107,0.002,0.0971,0.8522,0,4,0,0,0,0,0,0,0,0,0,0,4,0,0,0,0,0,0,0,0,0
pbt,bintrie,5,4,storage_mixed_k1,17,,2979,0,0,0.0837,1.8214,0.005,0.3853,3.0481,0,4,0,0,0,0,0,0,0,0,0,0,4,0,0,0,0,0,0,0,0,0
pbt,bintrie,5,4,storage_mixed_k1,17,,2980,0,0,0.0335,0.534,0.0029,0.1668,0.9739,0,4,0,0,0,0,0,0,0,0,0,0,4,0,0,0,0,0,0,0,0,0
pbt,bintrie,5,4,storage_mixed_k1,17,,2981,91690,2,0.42,7.6342,103.1152,9.5784,125.258,0.732,11,0,0,0,3,0,0,0,1,303,5,6,45.45,0,0,0,0,0,0,0,0
pbt,bintrie,5,4,storage_mixed_k1,17,,2982,15913238,1,296.7792,39.6992,5.6631,3.1257,371.5513,42.8292,8,1731,2,331,3,0,264,0,0,0,1,7,12.5,1461,270,84.4,2,0,100,331,0
pbt,bintrie,5,4,storage_mixed_k1,17,,2983,21000,1,0.3322,1.1538,6.378,1.3612,20.9866,1.0006,6,0,0,0,2,0,0,0,0,0,0,6,0,0,0,0,0,0,0,0,0
pbt,bintrie,5,4,storage_mixed_k1,17,,2984,0,0,0.1006,1.5869,0.0067,0.3363,2.3811,0,4,0,0,0,0,0,0,0,0,0,0,4,0,0,0,0,0,0,0,0,0
pbt,bintrie,5,4,storage_mixed_k1,17,,2985,0,0,0.2759,2.7845,0.0085,0.6195,4.2396,0,4,0,0,0,0,0,0,0,0,0,0,4,0,0,0,0,0,0,0,0,0
pbt,bintrie,5,4,storage_mixed_k1,18,,2986,0,0,0.0403,0.4529,0.002,0.1592,0.8108,0,4,0,0,0,0,0,0,0,0,0,0,4,0,0,0,0,0,0,0,0,0
pbt,bintrie,5,4,storage_mixed_k1,18,,2987,0,0,0.0621,1.2016,0.0041,0.3517,1.8964,0,4,0,0,0,0,0,0,0,0,0,0,4,0,0,0,0,0,0,0,0,0
pbt,bintrie,5,4,storage_mixed_k1,18,,2988,0,0,0.1368,2.0165,0.0082,4.2538,13.3743,0,4,0,0,0,0,0,0,0,0,0,0,4,0,0,0,0,0,0,0,0,0
pbt,bintrie,5,4,storage_mixed_k1,18,,2989,0,0,0.0318,0.6545,0.0032,0.1843,1.0821,0,4,0,0,0,0,0,0,0,0,0,0,4,0,0,0,0,0,0,0,0,0
pbt,bintrie,5,4,storage_mixed_k1,18,,2990,0,0,0.1735,2.2764,0.0058,0.8359,19.0591,0,4,0,0,0,0,0,0,0,0,0,0,4,0,0,0,0,0,0,0,0,0
pbt,bintrie,5,4,storage_mixed_k1,18,,2991,91690,2,1.0809,2.6252,70.9933,14.3692,92.6902,0.9892,11,0,0,0,3,0,0,0,1,303,4,7,36.36,0,0,0,0,0,0,0,0
pbt,bintrie,5,4,storage_mixed_k1,18,,2992,15913238,1,242.9492,50.6667,8.3452,7.1034,310.1938,51.301,8,1731,2,331,3,0,264,0,0,0,3,5,37.5,539,1192,31.14,2,0,100,331,0
pbt,bintrie,5,4,storage_mixed_k1,18,,2993,21000,1,0.0682,0.6539,10.3411,0.6839,11.8971,1.7651,6,0,0,0,2,0,0,0,0,0,2,4,33.33,0,0,0,0,0,0,0,0
pbt,bintrie,5,4,storage_mixed_k1,18,,2994,0,0,0.1108,1.2719,0.009,1.3253,4.8937,0,4,0,0,0,0,0,0,0,0,0,0,4,0,0,0,0,0,0,0,0,0
pbt,bintrie,5,4,storage_mixed_k1,19,,2996,0,0,0.1986,1.9751,0.0064,0.5404,3.7796,0,4,0,0,0,0,0,0,0,0,0,0,4,0,0,0,0,0,0,0,0,0
pbt,bintrie,5,4,storage_mixed_k1,19,,2997,0,0,0.1242,1.6563,0.0096,0.6373,3.0563,0,4,0,0,0,0,0,0,0,0,0,0,4,0,0,0,0,0,0,0,0,0
pbt,bintrie,5,4,storage_mixed_k1,19,,2998,0,0,0.0271,0.5157,0.0012,0.1187,0.805,0,4,0,0,0,0,0,0,0,0,0,0,4,0,0,0,0,0,0,0,0,0
pbt,bintrie,5,4,storage_mixed_k1,19,,2999,0,0,0.0665,1.1917,0.0038,0.3512,1.9903,0,4,0,0,0,0,0,0,0,0,0,0,4,0,0,0,0,0,0,0,0,0
pbt,bintrie,5,4,storage_mixed_k1,19,,3000,0,0,0.0388,0.6154,0.0026,0.1575,1.1016,0,4,0,0,0,0,0,0,0,0,0,0,4,0,0,0,0,0,0,0,0,0
pbt,bintrie,5,4,storage_mixed_k1,19,,3001,91690,2,0.119,3.3617,6.2357,12.9313,22.8314,4.016,11,0,0,0,3,0,0,0,1,303,6,5,54.55,0,0,0,0,0,0,0,0
pbt,bintrie,5,4,storage_mixed_k1,19,,3002,15913238,1,271.4408,65.5099,23.5095,7.3877,376.1295,42.3079,8,1731,2,331,3,0,264,0,0,0,3,5,37.5,1133,598,65.45,2,0,100,331,0
pbt,bintrie,5,4,storage_mixed_k1,19,,3003,21000,1,0.0554,0.5253,10.5053,0.7706,12.005,1.7493,6,0,0,0,2,0,0,0,0,0,2,4,33.33,0,0,0,0,0,0,0,0
pbt,bintrie,5,4,storage_mixed_k1,19,,3004,0,0,0.0846,1.2603,0.0073,1.0873,4.7281,0,4,0,0,0,0,0,0,0,0,0,0,4,0,0,0,0,0,0,0,0,0
pbt,bintrie,5,4,storage_mixed_k1,19,,3005,0,0,0.07,1.3539,0.0064,0.2561,1.9719,0,4,0,0,0,0,0,0,0,0,0,0,4,0,0,0,0,0,0,0,0,0
pbt,bintrie,5,4,storage_mixed_k1,1,,2812,0,0,0.0779,0.966,0.0032,0.2972,1.6858,0,4,0,0,0,0,0,0,0,0,0,0,4,0,0,0,0,0,0,0,0,0
pbt,bintrie,5,4,storage_mixed_k1,1,,2813,0,0,0.0525,1.0284,0.0044,0.2117,1.5881,0,4,0,0,0,0,0,0,0,0,0,0,4,0,0,0,0,0,0,0,0,0
pbt,bintrie,5,4,storage_mixed_k1,1,,2814,0,0,0.0817,1.5315,0.0076,0.287,2.258,0,4,0,0,0,0,0,0,0,0,0,0,4,0,0,0,0,0,0,0,0,0
pbt,bintrie,5,4,storage_mixed_k1,1,,2815,0,0,0.0382,0.6049,0.0018,0.1222,1.0051,0,4,0,0,0,0,0,0,0,0,0,0,4,0,0,0,0,0,0,0,0,0
pbt,bintrie,5,4,storage_mixed_k1,1,,2816,0,0,0.0423,0.7738,0.0023,0.1811,1.2326,0,4,0,0,0,0,0,0,0,0,0,0,4,0,0,0,0,0,0,0,0,0
pbt,bintrie,5,4,storage_mixed_k1,1,,2817,0,0,0.1625,2.1524,0.0108,0.2838,16.3673,0,4,0,0,0,0,0,0,0,0,0,0,4,0,0,0,0,0,0,0,0,0
pbt,bintrie,5,4,storage_mixed_k1,1,,2818,91690,2,0.3923,113.1323,19.8818,4.0614,137.8212,0.6653,11,0,0,0,3,0,0,0,1,303,5,6,45.45,0,0,0,0,0,0,0,0
pbt,bintrie,5,4,storage_mixed_k1,1,,2819,15913238,1,266.2539,43.7821,29.9654,6.4477,351.4787,45.2751,8,1731,2,331,3,0,264,0,0,0,1,7,12.5,217,1514,12.54,2,0,100,331,0
pbt,bintrie,5,4,storage_mixed_k1,1,,2820,21000,1,0.215,1.9842,6.5078,16.0249,28.5593,0.7353,6,0,0,0,2,0,0,0,0,0,2,4,33.33,0,0,0,0,0,0,0,0
pbt,bintrie,5,4,storage_mixed_k1,1,,2821,0,0,0.0414,0.7866,0.005,0.2024,1.3758,0,4,0,0,0,0,0,0,0,0,0,0,4,0,0,0,0,0,0,0,0,0
pbt,bintrie,5,4,storage_mixed_k1,1,,2822,0,0,0.047,0.7429,0.0029,0.1902,1.2241,0,4,0,0,0,0,0,0,0,0,0,0,4,0,0,0,0,0,0,0,0,0
pbt,bintrie,5,4,storage_mixed_k1,20,,3006,0,0,0.1321,1.292,0.0058,1.488,3.3191,0,4,0,0,0,0,0,0,0,0,0,0,4,0,0,0,0,0,0,0,0,0
pbt,bintrie,5,4,storage_mixed_k1,20,,3007,0,0,0.1038,1.9042,0.0061,0.3593,2.907,0,4,0,0,0,0,0,0,0,0,0,0,4,0,0,0,0,0,0,0,0,0
pbt,bintrie,5,4,storage_mixed_k1,20,,3008,0,0,0.0537,1.0077,0.005,1.3527,10.4134,0,4,0,0,0,0,0,0,0,0,0,0,4,0,0,0,0,0,0,0,0,0
pbt,bintrie,5,4,storage_mixed_k1,20,,3009,0,0,0.0674,1.1232,0.0044,0.2686,1.7672,0,4,0,0,0,0,0,0,0,0,0,0,4,0,0,0,0,0,0,0,0,0
pbt,bintrie,5,4,storage_mixed_k1,20,,3010,0,0,0.0814,1.3991,0.0099,0.4124,2.3557,0,4,0,0,0,0,0,0,0,0,0,0,4,0,0,0,0,0,0,0,0,0
pbt,bintrie,5,4,storage_mixed_k1,20,,3011,0,0,0.0528,1.0733,0.0029,0.1951,1.5747,0,4,0,0,0,0,0,0,0,0,0,0,4,0,0,0,0,0,0,0,0,0
pbt,bintrie,5,4,storage_mixed_k1,20,,3012,91690,2,0.1645,1.0258,1.0182,6.6487,9.5011,9.6505,11,0,0,0,3,0,0,0,1,303,6,5,54.55,0,0,0,0,0,0,0,0
pbt,bintrie,5,4,storage_mixed_k1,20,,3013,15913238,1,268.528,34.7515,2.858,2.0699,308.641,51.559,8,1731,2,331,3,0,264,0,0,0,2,6,25,1002,729,57.89,2,0,100,331,0
pbt,bintrie,5,4,storage_mixed_k1,20,,3014,21000,1,0.3372,0.7886,6.063,0.8438,9.1453,2.2963,6,0,0,0,2,0,0,0,0,0,0,6,0,0,0,0,0,0,0,0,0
pbt,bintrie,5,4,storage_mixed_k1,20,,3015,0,0,0.0735,1.0325,0.0426,0.1986,1.6738,0,4,0,0,0,0,0,0,0,0,0,0,4,0,0,0,0,0,0,0,0,0
pbt,bintrie,5,4,storage_mixed_k1,2,,2823,0,0,0.0592,0.7186,0.0032,0.264,1.2874,0,4,0,0,0,0,0,0,0,0,0,0,4,0,0,0,0,0,0,0,0,0
pbt,bintrie,5,4,storage_mixed_k1,2,,2824,0,0,0.1,2.0291,0.0044,0.273,2.769,0,4,0,0,0,0,0,0,0,0,0,0,4,0,0,0,0,0,0,0,0,0
pbt,bintrie,5,4,storage_mixed_k1,2,,2825,0,0,0.3692,0.8913,0.0035,0.2946,4.5887,0,4,0,0,0,0,0,0,0,0,0,0,4,0,0,0,0,0,0,0,0,0
pbt,bintrie,5,4,storage_mixed_k1,2,,2826,0,0,0.0359,0.679,0.0032,0.1356,1.0882,0,4,0,0,0,0,0,0,0,0,0,0,4,0,0,0,0,0,0,0,0,0
pbt,bintrie,5,4,storage_mixed_k1,2,,2827,0,0,0.0808,1.1739,0.0029,0.3185,1.9518,0,4,0,0,0,0,0,0,0,0,0,0,4,0,0,0,0,0,0,0,0,0
pbt,bintrie,5,4,storage_mixed_k1,2,,2828,91690,2,0.478,3.9246,115.2935,5.9612,129.6658,0.7071,11,0,0,0,3,0,0,0,1,303,6,5,54.55,0,0,0,0,0,0,0,0
pbt,bintrie,5,4,storage_mixed_k1,2,,2829,15913238,1,277.3238,73.123,22.4435,9.747,383.871,41.4547,8,1731,2,331,3,0,264,0,0,0,0,8,0,91,1640,5.26,2,0,100,331,0
pbt,bintrie,5,4,storage_mixed_k1,2,,2830,21000,1,0.0948,1.192,3.8767,0.8575,6.2336,3.3688,6,0,0,0,2,0,0,0,0,0,2,4,33.33,0,0,0,0,0,0,0,0
pbt,bintrie,5,4,storage_mixed_k1,2,,2831,0,0,0.082,1.3046,0.0082,0.2984,2.1067,0,4,0,0,0,0,0,0,0,0,0,0,4,0,0,0,0,0,0,0,0,0
pbt,bintrie,5,4,storage_mixed_k1,2,,2832,0,0,0.1353,1.8363,0.0088,0.49,2.9554,0,4,0,0,0,0,0,0,0,0,0,0,4,0,0,0,0,0,0,0,0,0
pbt,bintrie,5,4,storage_mixed_k1,3,,2833,0,0,0.0674,0.7009,0.0026,0.1948,1.2247,0,4,0,0,0,0,0,0,0,0,0,0,4,0,0,0,0,0,0,0,0,0
pbt,bintrie,5,4,storage_mixed_k1,3,,2834,0,0,0.0916,2.0801,0.0125,0.3584,3.0642,0,4,0,0,0,0,0,0,0,0,0,0,4,0,0,0,0,0,0,0,0,0
pbt,bintrie,5,4,storage_mixed_k1,3,,2835,0,0,0.0271,0.6166,0.0023,0.1105,0.9327,0,4,0,0,0,0,0,0,0,0,0,0,4,0,0,0,0,0,0,0,0,0
pbt,bintrie,5,4,storage_mixed_k1,3,,2836,0,0,0.0831,1.8436,0.0053,0.3016,2.739,0,4,0,0,0,0,0,0,0,0,0,0,4,0,0,0,0,0,0,0,0,0
pbt,bintrie,5,4,storage_mixed_k1,3,,2837,0,0,0.1487,1.9979,0.0076,2.5996,9.8966,0,4,0,0,0,0,0,0,0,0,0,0,4,0,0,0,0,0,0,0,0,0
pbt,bintrie,5,4,storage_mixed_k1,3,,2838,91690,2,1.4294,4.1521,31.2414,4.0465,53.9208,1.7005,11,0,0,0,3,0,0,0,1,303,4,7,36.36,0,0,0,0,0,0,0,0
pbt,bintrie,5,4,storage_mixed_k1,3,,2839,15913238,1,299.9192,10.2711,7.3379,4.1967,322.8037,49.297,8,1731,2,331,3,0,264,0,0,0,1,7,12.5,1252,479,72.33,2,0,100,331,0
pbt,bintrie,5,4,storage_mixed_k1,3,,2840,21000,1,0.3214,0.8677,25.8299,1.1938,28.6348,0.7334,6,0,0,0,2,0,0,0,0,0,0,6,0,0,0,0,0,0,0,0,0
pbt,bintrie,5,4,storage_mixed_k1,3,,2841,0,0,0.0787,1.5338,0.0099,0.3331,2.5223,0,4,0,0,0,0,0,0,0,0,0,0,4,0,0,0,0,0,0,0,0,0
pbt,bintrie,5,4,storage_mixed_k1,3,,2842,0,0,0.0379,0.6521,0.0044,0.1677,1.1089,0,4,0,0,0,0,0,0,0,0,0,0,4,0,0,0,0,0,0,0,0,0
pbt,bintrie,5,4,storage_mixed_k1,4,,2843,0,0,0.0583,0.7554,0.0029,0.2018,1.3192,0,4,0,0,0,0,0,0,0,0,0,0,4,0,0,0,0,0,0,0,0,0
pbt,bintrie,5,4,storage_mixed_k1,4,,2844,0,0,0.0289,0.4457,0.002,0.2024,0.8662,0,4,0,0,0,0,0,0,0,0,0,0,4,0,0,0,0,0,0,0,0,0
pbt,bintrie,5,4,storage_mixed_k1,4,,2845,0,0,0.0537,1.1281,0.0047,0.2129,1.7304,0,4,0,0,0,0,0,0,0,0,0,0,4,0,0,0,0,0,0,0,0,0
pbt,bintrie,5,4,storage_mixed_k1,4,,2846,0,0,0.0481,1.0975,0.0029,0.1983,1.6388,0,4,0,0,0,0,0,0,0,0,0,0,4,0,0,0,0,0,0,0,0,0
pbt,bintrie,5,4,storage_mixed_k1,4,,2847,0,0,0.1003,1.2973,0.0047,0.2724,1.9529,0,4,0,0,0,0,0,0,0,0,0,0,4,0,0,0,0,0,0,0,0,0
pbt,bintrie,5,4,storage_mixed_k1,4,,2848,0,0,0.0615,0.7534,0.002,0.1318,1.1833,0,4,0,0,0,0,0,0,0,0,0,0,4,0,0,0,0,0,0,0,0,0
pbt,bintrie,5,4,storage_mixed_k1,4,,2849,91690,2,0.7102,68.3448,6.6002,6.7414,82.6792,1.109,11,0,0,0,3,0,0,0,1,303,4,7,36.36,0,0,0,0,0,0,0,0
pbt,bintrie,5,4,storage_mixed_k1,4,,2850,15913238,1,252.2149,39.2439,3.1835,2.4094,297.4206,53.5042,8,1731,2,331,3,0,264,0,0,0,4,4,50,249,1482,14.38,2,0,100,331,0
pbt,bintrie,5,4,storage_mixed_k1,4,,2851,21000,1,0.2354,1.7502,87.382,0.7851,95.4498,0.22,6,0,0,0,2,0,0,0,0,0,0,6,0,0,0,0,0,0,0,0,0
pbt,bintrie,5,4,storage_mixed_k1,4,,2852,0,0,0.0913,1.5583,0.0085,0.3278,2.419,0,4,0,0,0,0,0,0,0,0,0,0,4,0,0,0,0,0,0,0,0,0
pbt,bintrie,5,4,storage_mixed_k1,5,,2854,0,0,0.1461,1.7042,0.0073,0.4538,2.8139,0,4,0,0,0,0,0,0,0,0,0,0,4,0,0,0,0,0,0,0,0,0
pbt,bintrie,5,4,storage_mixed_k1,5,,2855,0,0,0.056,0.8893,0.0041,0.2508,1.4253,0,4,0,0,0,0,0,0,0,0,0,0,4,0,0,0,0,0,0,0,0,0
pbt,bintrie,5,4,storage_mixed_k1,5,,2856,0,0,0.0379,0.7122,0.005,0.1525,1.0914,0,4,0,0,0,0,0,0,0,0,0,0,4,0,0,0,0,0,0,0,0,0
pbt,bintrie,5,4,storage_mixed_k1,5,,2857,0,0,0.0712,1.3061,0.0058,0.273,2.0495,0,4,0,0,0,0,0,0,0,0,0,0,4,0,0,0,0,0,0,0,0,0
pbt,bintrie,5,4,storage_mixed_k1,5,,2858,0,0,0.0344,0.6565,0.0026,0.1966,1.0584,0,4,0,0,0,0,0,0,0,0,0,0,4,0,0,0,0,0,0,0,0,0
pbt,bintrie,5,4,storage_mixed_k1,5,,2859,91690,2,0.7029,59.6746,76.4436,6.9698,144.177,0.636,11,0,0,0,3,0,0,0,1,303,4,7,36.36,0,0,0,0,0,0,0,0
pbt,bintrie,5,4,storage_mixed_k1,5,,2860,15913238,1,264.1128,23.5471,31.8151,8.9849,345.3877,46.0735,8,1731,2,331,3,0,264,0,0,0,1,7,12.5,856,875,49.45,2,0,100,331,0
pbt,bintrie,5,4,storage_mixed_k1,5,,2861,0,0,0.0365,0.7291,0.0023,0.1654,1.1299,0,4,0,0,0,0,0,0,0,0,0,0,4,0,0,0,0,0,0,0,0,0
pbt,bintrie,5,4,storage_mixed_k1,5,,2862,21000,1,0.25,2.3029,4.2553,13.2743,20.6705,1.0159,6,0,0,0,2,0,0,0,0,0,2,4,33.33,0,0,0,0,0,0,0,0
pbt,bintrie,5,4,storage_mixed_k1,5,,2863,0,0,0.0691,1.262,0.0055,0.4054,2.1008,0,4,0,0,0,0,0,0,0,0,0,0,4,0,0,0,0,0,0,0,0,0
pbt,bintrie,5,4,storage_mixed_k1,5,,2864,0,0,0.0481,0.7959,0.0038,0.1951,1.2772,0,4,0,0,0,0,0,0,0,0,0,0,4,0,0,0,0,0,0,0,0,0
pbt,bintrie,5,4,storage_mixed_k1,6,,2865,0,0,0.0551,0.6656,0.0035,0.2039,1.1375,0,4,0,0,0,0,0,0,0,0,0,0,4,0,0,0,0,0,0,0,0,0
pbt,bintrie,5,4,storage_mixed_k1,6,,2866,0,0,0.1129,1.603,0.0149,0.3838,2.4575,0,4,0,0,0,0,0,0,0,0,0,0,4,0,0,0,0,0,0,0,0,0
pbt,bintrie,5,4,storage_mixed_k1,6,,2867,0,0,0.0519,1.0678,0.0055,0.8201,12.9578,0,4,0,0,0,0,0,0,0,0,0,0,4,0,0,0,0,0,0,0,0,0
pbt,bintrie,5,4,storage_mixed_k1,6,,2868,0,0,0.1231,1.8795,0.0032,0.1767,2.5436,0,4,0,0,0,0,0,0,0,0,0,0,4,0,0,0,0,0,0,0,0,0
pbt,bintrie,5,4,storage_mixed_k1,6,,2869,0,0,0.0388,0.7096,0.0038,0.1155,1.017,0,4,0,0,0,0,0,0,0,0,0,0,4,0,0,0,0,0,0,0,0,0
pbt,bintrie,5,4,storage_mixed_k1,6,,2870,91690,2,0.1867,14.9119,2.0606,27.1704,44.931,2.0407,11,0,0,0,3,0,0,0,1,303,5,6,45.45,0,0,0,0,0,0,0,0
pbt,bintrie,5,4,storage_mixed_k1,6,,2871,15913238,1,249.4149,73.8219,6.1138,2.9936,333.274,47.7482,8,1731,2,331,3,0,264,0,0,0,0,8,0,70,1661,4.04,2,0,100,331,0
pbt,bintrie,5,4,storage_mixed_k1,6,,2872,21000,1,0.0642,0.6994,2.4071,0.6801,4.0634,5.1681,6,0,0,0,2,0,0,0,0,0,2,4,33.33,0,0,0,0,0,0,0,0
pbt,bintrie,5,4,storage_mixed_k1,6,,2873,0,0,0.0595,1.1935,0.005,0.215,1.7855,0,4,0,0,0,0,0,0,0,0,0,0,4,0,0,0,0,0,0,0,0,0
pbt,bintrie,5,4,storage_mixed_k1,7,,2875,0,0,0.0437,0.5445,0.002,0.1592,0.9356,0,4,0,0,0,0,0,0,0,0,0,0,4,0,0,0,0,0,0,0,0,0
pbt,bintrie,5,4,storage_mixed_k1,7,,2876,0,0,0.0513,0.8248,0.0032,0.2765,1.4154,0,4,0,0,0,0,0,0,0,0,0,0,4,0,0,0,0,0,0,0,0,0
pbt,bintrie,5,4,storage_mixed_k1,7,,2877,0,0,0.1896,2.4053,0.009,0.343,3.6697,0,4,0,0,0,0,0,0,0,0,0,0,4,0,0,0,0,0,0,0,0,0
pbt,bintrie,5,4,storage_mixed_k1,7,,2878,0,0,0.0712,1.2471,0.0032,0.268,2.0451,0,4,0,0,0,0,0,0,0,0,0,0,4,0,0,0,0,0,0,0,0,0
pbt,bintrie,5,4,storage_mixed_k1,7,,2879,0,0,0.0545,0.9712,0.0032,0.2295,1.586,0,4,0,0,0,0,0,0,0,0,0,0,4,0,0,0,0,0,0,0,0,0
pbt,bintrie,5,4,storage_mixed_k1,7,,2880,91690,2,0.7464,59.0872,6.4833,6.8697,73.4226,1.2488,11,0,0,0,3,0,0,0,1,303,4,7,36.36,0,0,0,0,0,0,0,0
pbt,bintrie,5,4,storage_mixed_k1,7,,2881,15913238,1,253.4553,27.4413,5.7967,5.3479,292.5368,54.3974,8,1731,2,331,3,0,264,0,0,0,4,4,50,665,1066,38.42,2,0,100,331,0
pbt,bintrie,5,4,storage_mixed_k1,7,,2882,0,0,0.037,0.6635,0.0044,0.3509,1.8485,0,4,0,0,0,0,0,0,0,0,0,0,4,0,0,0,0,0,0,0,0,0
pbt,bintrie,5,4,storage_mixed_k1,7,,2883,21000,1,0.0691,0.6787,6.7067,0.7297,14.9397,1.4057,6,0,0,0,2,0,0,0,0,0,2,4,33.33,0,0,0,0,0,0,0,0
pbt,bintrie,5,4,storage_mixed_k1,7,,2884,0,0,0.1207,2.5354,0.0064,0.4667,3.9511,0,4,0,0,0,0,0,0,0,0,0,0,4,0,0,0,0,0,0,0,0,0
pbt,bintrie,5,4,storage_mixed_k1,8,,2885,0,0,0.7615,4.7085,0.0195,1.6773,8.7897,0,4,0,0,0,0,0,0,0,0,0,0,4,0,0,0,0,0,0,0,0,0
pbt,bintrie,5,4,storage_mixed_k1,8,,2886,0,0,0.0347,0.5151,0.0015,0.1438,0.919,0,4,0,0,0,0,0,0,0,0,0,0,4,0,0,0,0,0,0,0,0,0
pbt,bintrie,5,4,storage_mixed_k1,8,,2887,0,0,0.0563,0.7738,0.0061,9.7388,15.9902,0,4,0,0,0,0,0,0,0,0,0,0,4,0,0,0,0,0,0,0,0,0
pbt,bintrie,5,4,storage_mixed_k1,8,,2888,0,0,0.0554,0.625,0.0023,0.1476,1.0179,0,4,0,0,0,0,0,0,0,0,0,0,4,0,0,0,0,0,0,0,0,0
pbt,bintrie,5,4,storage_mixed_k1,8,,2889,0,0,0.1041,1.6753,0.007,0.5868,2.7991,0,4,0,0,0,0,0,0,0,0,0,0,4,0,0,0,0,0,0,0,0,0
pbt,bintrie,5,4,storage_mixed_k1,8,,2890,91690,2,0.4439,17.3566,91.091,6.4658,116.1305,0.7895,11,0,0,0,3,0,0,0,1,303,6,5,54.55,0,0,0,0,0,0,0,0
pbt,bintrie,5,4,storage_mixed_k1,8,,2891,15913238,1,254.7788,42.8092,16.9177,3.6361,346.7139,45.8973,8,1731,2,331,3,0,264,0,0,0,3,5,37.5,950,781,54.88,2,0,100,331,0
pbt,bintrie,5,4,storage_mixed_k1,8,,2892,21000,1,0.2281,1.864,40.1262,2.5456,110.7127,0.1897,6,0,0,0,2,0,0,0,0,0,2,4,33.33,0,0,0,0,0,0,0,0
pbt,bintrie,5,4,storage_mixed_k1,8,,2893,0,0,0.105,2.0122,0.007,0.5005,3.4086,0,4,0,0,0,0,0,0,0,0,0,0,4,0,0,0,0,0,0,0,0,0
pbt,bintrie,5,4,storage_mixed_k1,8,,2894,0,0,0.0857,1.0482,0.0064,0.2596,1.7619,0,4,0,0,0,0,0,0,0,0,0,0,4,0,0,0,0,0,0,0,0,0
pbt,bintrie,5,4,storage_mixed_k1,9,,2895,0,0,0.0618,0.7668,0.0032,0.203,1.3548,0,4,0,0,0,0,0,0,0,0,0,0,4,0,0,0,0,0,0,0,0,0
pbt,bintrie,5,4,storage_mixed_k1,9,,2896,0,0,0.0895,1.9538,0.007,0.3293,2.9481,0,4,0,0,0,0,0,0,0,0,0,0,4,0,0,0,0,0,0,0,0,0
pbt,bintrie,5,4,storage_mixed_k1,9,,2897,0,0,0.0306,0.8601,0.0023,0.1362,1.1596,0,4,0,0,0,0,0,0,0,0,0,0,4,0,0,0,0,0,0,0,0,0
pbt,bintrie,5,4,storage_mixed_k1,9,,2898,0,0,0.0405,0.6454,0.0029,0.1747,1.071,0,4,0,0,0,0,0,0,0,0,0,0,4,0,0,0,0,0,0,0,0,0
pbt,bintrie,5,4,storage_mixed_k1,9,,2899,0,0,0.086,1.4116,0.0061,0.3541,2.2796,0,4,0,0,0,0,0,0,0,0,0,0,4,0,0,0,0,0,0,0,0,0
pbt,bintrie,5,4,storage_mixed_k1,9,,2900,91690,2,0.9082,2.417,50.7067,7.5875,123.8093,0.7406,11,0,0,0,3,0,0,0,1,303,4,7,36.36,0,0,0,0,0,0,0,0
pbt,bintrie,5,4,storage_mixed_k1,9,,2901,15913238,1,301.1279,48.5817,14.6465,3.1575,370.2596,42.9786,8,1731,2,331,3,0,264,0,0,0,1,7,12.5,1187,544,68.57,2,0,100,331,0
pbt,bintrie,5,4,storage_mixed_k1,9,,2902,21000,1,0.1225,0.8645,15.0006,1.6202,17.8035,1.1795,6,0,0,0,2,0,0,0,0,0,0,6,0,0,0,0,0,0,0,0,0
pbt,bintrie,5,4,storage_mixed_k1,9,,2903,0,0,0.0615,1.3953,0.0041,0.2698,2.1169,0,4,0,0,0,0,0,0,0,0,0,0,4,0,0,0,0,0,0,0,0,0
pbt,bintrie,5,4,storage_mixed_k1,9,,2904,0,0,0.0785,1.309,0.0073,0.3689,2.1726,0,4,0,0,0,0,0,0,0,0,0,0,4,0,0,0,0,0,0,0,0,0
pbt,bintrie,5,4,storage_mixed_k10,10,,3109,0,0,0.0738,0.8586,0.005,0.2946,1.5207,0,4,0,0,0,0,0,0,0,0,0,0,4,0,0,0,0,0,0,0,0,0
pbt,bintrie,5,4,storage_mixed_k10,10,,3110,0,0,0.0811,1.3457,0.0073,0.3331,2.2735,0,4,0,0,0,0,0,0,0,0,0,0,4,0,0,0,0,0,0,0,0,0
pbt,bintrie,5,4,storage_mixed_k10,10,,3111,0,0,0.0563,0.7277,0.0041,2.0644,12.4886,0,4,0,0,0,0,0,0,0,0,0,0,4,0,0,0,0,0,0,0,0,0
pbt,bintrie,5,4,storage_mixed_k10,10,,3112,0,0,0.0656,1.1658,0.0035,0.3377,1.925,0,4,0,0,0,0,0,0,0,0,0,0,4,0,0,0,0,0,0,0,0,0
pbt,bintrie,5,4,storage_mixed_k10,10,,3113,0,0,0.0787,1.1643,0.0079,0.2893,2.0019,0,4,0,0,0,0,0,0,0,0,0,0,4,0,0,0,0,0,0,0,0,0
pbt,bintrie,5,4,storage_mixed_k10,10,,3114,0,0,0.0569,1.0383,0.0035,1.6986,30.4603,0,4,0,0,0,0,0,0,0,0,0,0,4,0,0,0,0,0,0,0,0,0
pbt,bintrie,5,4,storage_mixed_k10,10,,3115,91722,2,0.749,1.4761,1.008,11.6582,15.117,6.0675,11,0,0,0,3,0,0,0,1,305,4,7,36.36,0,0,0,0,0,0,0,0
pbt,bintrie,5,4,storage_mixed_k10,10,,3116,15904058,1,250.1739,41.443,16.1028,6.362,314.508,50.5681,17,1965,11,585,3,0,234,0,0,0,0,17,0,0,1965,0,11,0,100,585,0
pbt,bintrie,5,4,storage_mixed_k10,10,,3117,21000,1,0.0563,0.5763,11.2668,0.9671,13.0459,1.6097,6,0,0,0,2,0,0,0,0,0,2,4,33.33,0,0,0,0,0,0,0,0
pbt,bintrie,5,4,storage_mixed_k10,10,,3118,0,0,0.0787,1.3262,0.0041,0.2024,2.1513,0,4,0,0,0,0,0,0,0,0,0,0,4,0,0,0,0,0,0,0,0,0
pbt,bintrie,5,4,storage_mixed_k10,11,,3119,0,0,0.0566,0.5635,0.0032,0.2491,1.1273,0,4,0,0,0,0,0,0,0,0,0,0,4,0,0,0,0,0,0,0,0,0
pbt,bintrie,5,4,storage_mixed_k10,11,,3120,0,0,0.0338,0.5553,0.0032,0.1432,0.9604,0,4,0,0,0,0,0,0,0,0,0,0,4,0,0,0,0,0,0,0,0,0
pbt,bintrie,5,4,storage_mixed_k10,11,,3121,0,0,0.0297,0.4185,0.0015,0.1123,0.7134,0,4,0,0,0,0,0,0,0,0,0,0,4,0,0,0,0,0,0,0,0,0
pbt,bintrie,5,4,storage_mixed_k10,11,,3122,0,0,0.0697,1.1687,0.0032,0.3019,1.8614,0,4,0,0,0,0,0,0,0,0,0,0,4,0,0,0,0,0,0,0,0,0
pbt,bintrie,5,4,storage_mixed_k10,11,,3123,0,0,0.026,0.4098,0.0012,0.1196,0.6968,0,4,0,0,0,0,0,0,0,0,0,0,4,0,0,0,0,0,0,0,0,0
pbt,bintrie,5,4,storage_mixed_k10,11,,3124,91722,2,0.6466,29.9907,3.5195,9.4655,44.3179,2.0696,11,0,0,0,3,0,0,0,1,305,4,7,36.36,0,0,0,0,0,0,0,0
pbt,bintrie,5,4,storage_mixed_k10,11,,3125,15904058,1,260.2378,26.9624,32.5775,7.5236,328.0684,48.4779,17,1965,11,585,3,0,234,0,0,0,2,15,11.76,378,1587,19.24,11,0,100,585,0
pbt,bintrie,5,4,storage_mixed_k10,11,,3126,21000,1,0.2389,1.7246,58.7332,2.2496,63.4192,0.3311,6,0,0,0,2,0,0,0,0,0,2,4,33.33,0,0,0,0,0,0,0,0
pbt,bintrie,5,4,storage_mixed_k10,11,,3127,0,0,0.089,1.4869,0.0105,0.3386,2.3942,0,4,0,0,0,0,0,0,0,0,0,0,4,0,0,0,0,0,0,0,0,0
pbt,bintrie,5,4,storage_mixed_k10,11,,3128,0,0,0.0971,2.2128,0.0117,0.6282,4.6945,0,4,0,0,0,0,0,0,0,0,0,0,4,0,0,0,0,0,0,0,0,0
pbt,bintrie,5,4,storage_mixed_k10,12,,3129,0,0,0.2768,0.5562,0.002,0.1875,1.2696,0,4,0,0,0,0,0,0,0,0,0,0,4,0,0,0,0,0,0,0,0,0
pbt,bintrie,5,4,storage_mixed_k10,12,,3130,0,0,0.0455,0.8481,0.0041,0.3538,1.5397,0,4,0,0,0,0,0,0,0,0,0,0,4,0,0,0,0,0,0,0,0,0
pbt,bintrie,5,4,storage_mixed_k10,12,,3131,0,0,0.0265,0.3736,0.0018,0.1342,0.7431,0,4,0,0,0,0,0,0,0,0,0,0,4,0,0,0,0,0,0,0,0,0
pbt,bintrie,5,4,storage_mixed_k10,12,,3132,0,0,0.0712,1.1891,0.0041,0.2677,1.866,0,4,0,0,0,0,0,0,0,0,0,0,4,0,0,0,0,0,0,0,0,0
pbt,bintrie,5,4,storage_mixed_k10,12,,3133,0,0,0.0321,0.5413,0.0035,0.1374,0.9394,0,4,0,0,0,0,0,0,0,0,0,0,4,0,0,0,0,0,0,0,0,0
pbt,bintrie,5,4,storage_mixed_k10,12,,3134,0,0,0.0373,0.7364,0.0038,3.3695,9.4696,0,4,0,0,0,0,0,0,0,0,0,0,4,0,0,0,0,0,0,0,0,0
pbt,bintrie,5,4,storage_mixed_k10,12,,3135,91722,2,1.5108,4.0602,1.5957,11.7005,19.4741,4.71,11,0,0,0,3,0,0,0,1,305,4,7,36.36,0,0,0,0,0,0,0,0
pbt,bintrie,5,4,storage_mixed_k10,12,,3136,15904058,1,234.9478,34.8923,21.4262,5.5704,297.2963,53.4956,17,1965,11,585,3,0,234,0,0,0,0,17,0,0,1965,0,11,0,100,585,0
pbt,bintrie,5,4,storage_mixed_k10,12,,3137,21000,1,0.0636,0.6522,10.0923,0.8989,11.8603,1.7706,6,0,0,0,2,0,0,0,0,0,2,4,33.33,0,0,0,0,0,0,0,0
pbt,bintrie,5,4,storage_mixed_k10,12,,3138,0,0,0.0627,1.2118,0.0044,0.387,1.9238,0,4,0,0,0,0,0,0,0,0,0,0,4,0,0,0,0,0,0,0,0,0
pbt,bintrie,5,4,storage_mixed_k10,13,,3139,0,0,0.149,1.5513,0.0085,0.4588,2.7401,0,4,0,0,0,0,0,0,0,0,0,0,4,0,0,0,0,0,0,0,0,0
pbt,bintrie,5,4,storage_mixed_k10,13,,3140,0,0,0.0306,0.4468,0.0015,0.1899,0.975,0,4,0,0,0,0,0,0,0,0,0,0,4,0,0,0,0,0,0,0,0,0
pbt,bintrie,5,4,storage_mixed_k10,13,,3141,0,0,0.0612,0.6486,0.0029,0.1715,4.8252,0,4,0,0,0,0,0,0,0,0,0,0,4,0,0,0,0,0,0,0,0,0
pbt,bintrie,5,4,storage_mixed_k10,13,,3142,0,0,0.0852,1.2853,0.0047,0.3494,2.0396,0,4,0,0,0,0,0,0,0,0,0,0,4,0,0,0,0,0,0,0,0,0
pbt,bintrie,5,4,storage_mixed_k10,13,,3143,0,0,0.0391,0.6192,0.0035,0.1622,1.0264,0,4,0,0,0,0,0,0,0,0,0,0,4,0,0,0,0,0,0,0,0,0
pbt,bintrie,5,4,storage_mixed_k10,13,,3144,91722,2,0.6889,1.5134,16.0497,10.1016,35.1621,2.6085,11,0,0,0,3,0,0,0,1,305,4,7,36.36,0,0,0,0,0,0,0,0
pbt,bintrie,5,4,storage_mixed_k10,13,,3145,15904058,1,243.4208,30.7826,18.2383,7.6479,300.6595,52.8972,17,1965,11,585,3,0,234,0,0,0,0,17,0,0,1965,0,11,0,100,585,0
pbt,bintrie,5,4,storage_mixed_k10,13,,3146,21000,1,0.0659,0.6081,9.8315,1.1908,11.8834,1.7672,6,0,0,0,2,0,0,0,0,0,2,4,33.33,0,0,0,0,0,0,0,0
pbt,bintrie,5,4,storage_mixed_k10,13,,3147,0,0,0.042,0.8753,0.0029,0.2785,1.4653,0,4,0,0,0,0,0,0,0,0,0,0,4,0,0,0,0,0,0,0,0,0
pbt,bintrie,5,4,storage_mixed_k10,13,,3148,0,0,0.0472,0.6519,0.002,0.2529,1.1521,0,4,0,0,0,0,0,0,0,0,0,0,4,0,0,0,0,0,0,0,0,0
pbt,bintrie,5,4,storage_mixed_k10,14,,3149,0,0,0.0563,0.4792,0.0035,0.1887,0.9695,0,4,0,0,0,0,0,0,0,0,0,0,4,0,0,0,0,0,0,0,0,0
pbt,bintrie,5,4,storage_mixed_k10,14,,3150,0,0,0.0747,1.1608,0.0041,0.3479,1.9705,0,4,0,0,0,0,0,0,0,0,0,0,4,0,0,0,0,0,0,0,0,0
pbt,bintrie,5,4,storage_mixed_k10,14,,3151,0,0,0.0382,0.4909,0.0035,0.1899,0.8779,0,4,0,0,0,0,0,0,0,0,0,0,4,0,0,0,0,0,0,0,0,0
pbt,bintrie,5,4,storage_mixed_k10,14,,3152,0,0,0.0752,1.1777,0.0026,0.2605,1.7879,0,4,0,0,0,0,0,0,0,0,0,0,4,0,0,0,0,0,0,0,0,0
pbt,bintrie,5,4,storage_mixed_k10,14,,3153,0,0,0.0303,0.3479,0.0009,0.1502,0.7989,0,4,0,0,0,0,0,0,0,0,0,0,4,0,0,0,0,0,0,0,0,0
pbt,bintrie,5,4,storage_mixed_k10,14,,3154,91722,2,1.481,55.1982,2.09,10.1807,94.6571,0.969,11,0,0,0,3,0,0,0,1,305,4,7,36.36,0,0,0,0,0,0,0,0
pbt,bintrie,5,4,storage_mixed_k10,14,,3155,15904058,1,256.2917,34.7725,5.8358,3.1356,314.4167,50.5827,17,1965,11,585,3,0,234,0,0,0,0,17,0,0,1965,0,11,0,100,585,0
pbt,bintrie,5,4,storage_mixed_k10,14,,3156,21000,1,0.2141,3.756,6.8161,2.3228,13.4881,1.5569,6,0,0,0,2,0,0,0,0,0,2,4,33.33,0,0,0,0,0,0,0,0
pbt,bintrie,5,4,storage_mixed_k10,14,,3157,0,0,0.0356,0.5218,0.0018,0.4465,1.456,0,4,0,0,0,0,0,0,0,0,0,0,4,0,0,0,0,0,0,0,0,0
pbt,bintrie,5,4,storage_mixed_k10,14,,3158,0,0,0.0936,1.0226,0.0038,0.2138,2.0562,0,4,0,0,0,0,0,0,0,0,0,0,4,0,0,0,0,0,0,0,0,0
pbt,bintrie,5,4,storage_mixed_k10,15,,3159,0,0,0.0642,0.5857,0.0032,0.2432,1.1506,0,4,0,0,0,0,0,0,0,0,0,0,4,0,0,0,0,0,0,0,0,0
pbt,bintrie,5,4,storage_mixed_k10,15,,3160,0,0,0.1021,1.409,0.0087,0.3112,2.3441,0,4,0,0,0,0,0,0,0,0,0,0,4,0,0,0,0,0,0,0,0,0
pbt,bintrie,5,4,storage_mixed_k10,15,,3161,0,0,0.0723,0.8677,0.0053,5.0119,17.1857,0,4,0,0,0,0,0,0,0,0,0,0,4,0,0,0,0,0,0,0,0,0
pbt,bintrie,5,4,storage_mixed_k10,15,,3162,0,0,0.0948,1.831,0.005,0.3226,3.0143,0,4,0,0,0,0,0,0,0,0,0,0,4,0,0,0,0,0,0,0,0,0
pbt,bintrie,5,4,storage_mixed_k10,15,,3163,0,0,0.0405,0.6475,0.002,0.2027,1.6394,0,4,0,0,0,0,0,0,0,0,0,0,4,0,0,0,0,0,0,0,0,0
pbt,bintrie,5,4,storage_mixed_k10,15,,3164,91722,2,0.1627,0.7227,7.0748,29.9948,38.0863,2.4083,11,0,0,0,3,0,0,0,1,305,5,6,45.45,0,0,0,0,0,0,0,0
pbt,bintrie,5,4,storage_mixed_k10,15,,3165,15904058,1,261.4404,37.8524,5.1306,7.4309,351.7153,45.2186,17,1965,11,585,3,0,234,0,0,0,4,13,23.53,288,1677,14.66,11,0,100,585,0
pbt,bintrie,5,4,storage_mixed_k10,15,,3166,21000,1,0.3185,1.8687,121.6265,0.8088,129.6737,0.1619,6,0,0,0,2,0,0,0,0,0,2,4,33.33,0,0,0,0,0,0,0,0
pbt,bintrie,5,4,storage_mixed_k10,15,,3167,0,0,0.0933,1.4927,0.009,0.6831,3.3109,0,4,0,0,0,0,0,0,0,0,0,0,4,0,0,0,0,0,0,0,0,0
pbt,bintrie,5,4,storage_mixed_k10,15,,3168,0,0,0.093,2.258,0.0064,1.2276,5.5167,0,4,0,0,0,0,0,0,0,0,0,0,4,0,0,0,0,0,0,0,0,0
pbt,bintrie,5,4,storage_mixed_k10,16,,3169,0,0,0.061,0.5696,0.0038,0.1983,1.1302,0,4,0,0,0,0,0,0,0,0,0,0,4,0,0,0,0,0,0,0,0,0
pbt,bintrie,5,4,storage_mixed_k10,16,,3170,0,0,0.0362,0.5559,0.0029,0.1963,1.0234,0,4,0,0,0,0,0,0,0,0,0,0,4,0,0,0,0,0,0,0,0,0
pbt,bintrie,5,4,storage_mixed_k10,16,,3171,0,0,0.1633,1.9249,0.0102,0.5903,14.8533,0,4,0,0,0,0,0,0,0,0,0,0,4,0,0,0,0,0,0,0,0,0
pbt,bintrie,5,4,storage_mixed_k10,16,,3172,0,0,0.0254,0.3934,0.0015,0.1307,0.7189,0,4,0,0,0,0,0,0,0,0,0,0,4,0,0,0,0,0,0,0,0,0
pbt,bintrie,5,4,storage_mixed_k10,16,,3173,0,0,0.0411,0.646,0.0026,0.1852,1.015,0,4,0,0,0,0,0,0,0,0,0,0,4,0,0,0,0,0,0,0,0,0
pbt,bintrie,5,4,storage_mixed_k10,16,,3174,91722,2,0.6166,7.2734,5.4663,9.2549,22.9238,4.0012,11,0,0,0,3,0,0,0,1,305,4,7,36.36,0,0,0,0,0,0,0,0
pbt,bintrie,5,4,storage_mixed_k10,16,,3175,15904058,1,364.2172,10.6184,2.6267,1.8404,379.5328,41.9043,17,1965,11,585,3,0,234,0,0,0,4,13,23.53,1364,601,69.41,11,0,100,585,0
pbt,bintrie,5,4,storage_mixed_k10,16,,3176,21000,1,0.0537,0.5364,10.904,1.4793,13.0897,1.6043,6,0,0,0,2,0,0,0,0,0,2,4,33.33,0,0,0,0,0,0,0,0
pbt,bintrie,5,4,storage_mixed_k10,16,,3177,0,0,0.0303,0.4398,0.0035,0.2526,0.9418,0,4,0,0,0,0,0,0,0,0,0,0,4,0,0,0,0,0,0,0,0,0
pbt,bintrie,5,4,storage_mixed_k10,16,,3178,0,0,0.0531,0.8076,0.0053,0.2957,1.6476,0,4,0,0,0,0,0,0,0,0,0,0,4,0,0,0,0,0,0,0,0,0
pbt,bintrie,5,4,storage_mixed_k10,17,,3179,0,0,0.0767,0.6784,0.0029,0.2488,1.4458,0,4,0,0,0,0,0,0,0,0,0,0,4,0,0,0,0,0,0,0,0,0
pbt,bintrie,5,4,storage_mixed_k10,17,,3180,0,0,0.0446,0.6609,0.0032,0.2012,1.1716,0,4,0,0,0,0,0,0,0,0,0,0,4,0,0,0,0,0,0,0,0,0
pbt,bintrie,5,4,storage_mixed_k10,17,,3181,0,0,0.0682,0.7726,0.0067,3.5527,16.3131,0,4,0,0,0,0,0,0,0,0,0,0,4,0,0,0,0,0,0,0,0,0
pbt,bintrie,5,4,storage_mixed_k10,17,,3182,0,0,0.0332,0.5253,0.0026,0.1925,0.9249,0,4,0,0,0,0,0,0,0,0,0,0,4,0,0,0,0,0,0,0,0,0
pbt,bintrie,5,4,storage_mixed_k10,17,,3183,0,0,0.089,1.8124,0.0061,0.3514,2.6628,0,4,0,0,0,0,0,0,0,0,0,0,4,0,0,0,0,0,0,0,0,0
pbt,bintrie,5,4,storage_mixed_k10,17,,3184,0,0,0.0595,1.1649,0.0041,0.2835,1.7742,0,4,0,0,0,0,0,0,0,0,0,0,4,0,0,0,0,0,0,0,0,0
pbt,bintrie,5,4,storage_mixed_k10,17,,3185,91722,2,1.9594,4.8278,100.3144,9.6495,117.844,0.7783,11,0,0,0,3,0,0,0,1,305,4,7,36.36,0,0,0,0,0,0,0,0
pbt,bintrie,5,4,storage_mixed_k10,17,,3186,15904058,1,238.7181,58.0267,4.1559,5.0145,306.3404,51.9163,17,1965,11,585,3,0,234,0,0,0,4,13,23.53,597,1368,30.38,11,0,100,585,0
pbt,bintrie,5,4,storage_mixed_k10,17,,3187,21000,1,0.257,5.0375,91.3404,0.7621,106.8283,0.1966,6,0,0,0,2,0,0,0,0,0,2,4,33.33,0,0,0,0,0,0,0,0
pbt,bintrie,5,4,storage_mixed_k10,17,,3188,0,0,0.049,0.688,0.007,0.5014,2.0466,0,4,0,0,0,0,0,0,0,0,0,0,4,0,0,0,0,0,0,0,0,0
pbt,bintrie,5,4,storage_mixed_k10,18,,3189,0,0,0.1514,1.3133,0.005,1.071,5.1918,0,4,0,0,0,0,0,0,0,0,0,0,4,0,0,0,0,0,0,0,0,0
pbt,bintrie,5,4,storage_mixed_k10,18,,3190,0,0,0.0872,1.4446,0.0061,0.2847,2.237,0,4,0,0,0,0,0,0,0,0,0,0,4,0,0,0,0,0,0,0,0,0
pbt,bintrie,5,4,storage_mixed_k10,18,,3191,0,0,0.0417,0.4914,0.0038,0.1222,0.8371,0,4,0,0,0,0,0,0,0,0,0,0,4,0,0,0,0,0,0,0,0,0
pbt,bintrie,5,4,storage_mixed_k10,18,,3192,0,0,0.0837,1.7745,0.0055,0.5434,2.893,0,4,0,0,0,0,0,0,0,0,0,0,4,0,0,0,0,0,0,0,0,0
pbt,bintrie,5,4,storage_mixed_k10,18,,3193,0,0,0.0505,0.471,0.0032,0.1032,0.8079,0,4,0,0,0,0,0,0,0,0,0,0,4,0,0,0,0,0,0,0,0,0
pbt,bintrie,5,4,storage_mixed_k10,18,,3194,91722,2,0.4815,1.4606,0.5623,9.5591,12.4533,7.3653,11,0,0,0,3,0,0,0,1,305,6,5,54.55,0,0,0,0,0,0,0,0
pbt,bintrie,5,4,storage_mixed_k10,18,,3195,15904058,1,241.3322,59.5935,12.3293,6.287,321.1068,49.5289,17,1965,11,585,3,0,234,0,0,0,0,17,0,0,1965,0,11,0,100,585,0
pbt,bintrie,5,4,storage_mixed_k10,18,,3196,21000,1,0.1592,2.0078,91.4949,0.7268,95.7849,0.2192,6,0,0,0,2,0,0,0,0,0,2,4,33.33,0,0,0,0,0,0,0,0
pbt,bintrie,5,4,storage_mixed_k10,18,,3197,0,0,0.1499,2.0722,0.0128,0.7507,4.2608,0,4,0,0,0,0,0,0,0,0,0,0,4,0,0,0,0,0,0,0,0,0
pbt,bintrie,5,4,storage_mixed_k10,18,,3198,0,0,0.1272,1.0039,0.0047,0.3261,2.0757,0,4,0,0,0,0,0,0,0,0,0,0,4,0,0,0,0,0,0,0,0,0
pbt,bintrie,5,4,storage_mixed_k10,19,,3199,0,0,0.0432,0.4407,0.002,0.1426,0.798,0,4,0,0,0,0,0,0,0,0,0,0,4,0,0,0,0,0,0,0,0,0
pbt,bintrie,5,4,storage_mixed_k10,19,,3200,0,0,0.0712,1.2238,0.0047,0.2893,1.9255,0,4,0,0,0,0,0,0,0,0,0,0,4,0,0,0,0,0,0,0,0,0
pbt,bintrie,5,4,storage_mixed_k10,19,,3201,0,0,0.0974,1.6432,0.0044,0.2739,2.3861,0,4,0,0,0,0,0,0,0,0,0,0,4,0,0,0,0,0,0,0,0,0
pbt,bintrie,5,4,storage_mixed_k10,19,,3202,0,0,0.0356,0.5101,0.0023,0.1391,0.8607,0,4,0,0,0,0,0,0,0,0,0,0,4,0,0,0,0,0,0,0,0,0
pbt,bintrie,5,4,storage_mixed_k10,19,,3203,0,0,0.051,0.7239,0.0175,3.5402,20.5491,0,4,0,0,0,0,0,0,0,0,0,0,4,0,0,0,0,0,0,0,0,0
pbt,bintrie,5,4,storage_mixed_k10,19,,3204,91722,2,3.1765,4.1524,0.7618,9.3051,29.9875,3.0587,11,0,0,0,3,0,0,0,1,305,4,7,36.36,0,0,0,0,0,0,0,0
pbt,bintrie,5,4,storage_mixed_k10,19,,3205,15904058,1,273.1612,40.6745,70.0177,5.1457,392.0036,40.5712,17,1965,11,585,3,0,234,0,0,0,5,12,29.41,1293,672,65.8,11,0,100,585,0
pbt,bintrie,5,4,storage_mixed_k10,19,,3206,21000,1,0.0653,0.5941,8.3951,1.0086,10.2052,2.0578,6,0,0,0,2,0,0,0,0,0,2,4,33.33,0,0,0,0,0,0,0,0
pbt,bintrie,5,4,storage_mixed_k10,19,,3207,0,0,0.056,0.7119,0.0052,0.2141,1.4361,0,4,0,0,0,0,0,0,0,0,0,0,4,0,0,0,0,0,0,0,0,0
pbt,bintrie,5,4,storage_mixed_k10,19,,3208,0,0,0.0505,0.758,0.0099,0.3885,1.9392,0,4,0,0,0,0,0,0,0,0,0,0,4,0,0,0,0,0,0,0,0,0
pbt,bintrie,5,4,storage_mixed_k10,1,,3016,0,0,0.042,0.4538,0.0012,0.1467,0.8114,0,4,0,0,0,0,0,0,0,0,0,0,4,0,0,0,0,0,0,0,0,0
pbt,bintrie,5,4,storage_mixed_k10,1,,3017,0,0,0.0922,1.4236,0.0079,0.3392,2.3321,0,4,0,0,0,0,0,0,0,0,0,0,4,0,0,0,0,0,0,0,0,0
pbt,bintrie,5,4,storage_mixed_k10,1,,3018,0,0,0.0394,0.6822,0.0038,1.1719,2.3111,0,4,0,0,0,0,0,0,0,0,0,0,4,0,0,0,0,0,0,0,0,0
pbt,bintrie,5,4,storage_mixed_k10,1,,3019,0,0,0.0758,1.9031,0.0041,0.1966,2.5643,0,4,0,0,0,0,0,0,0,0,0,0,4,0,0,0,0,0,0,0,0,0
pbt,bintrie,5,4,storage_mixed_k10,1,,3020,0,0,0.091,1.4898,0.0082,0.4209,2.4581,0,4,0,0,0,0,0,0,0,0,0,0,4,0,0,0,0,0,0,0,0,0
pbt,bintrie,5,4,storage_mixed_k10,1,,3021,0,0,0.0344,0.5533,0.002,0.0936,0.8137,0,4,0,0,0,0,0,0,0,0,0,0,4,0,0,0,0,0,0,0,0,0
pbt,bintrie,5,4,storage_mixed_k10,1,,3022,91722,2,0.1686,1.4968,0.8318,6.5002,9.2094,9.9596,11,0,0,0,3,0,0,0,1,305,5,6,45.45,0,0,0,0,0,0,0,0
pbt,bintrie,5,4,storage_mixed_k10,1,,3023,0,0,0.0741,1.3139,0.0032,0.3611,2.0746,0,4,0,0,0,0,0,0,0,0,0,0,4,0,0,0,0,0,0,0,0,0
pbt,bintrie,5,4,storage_mixed_k10,1,,3024,15904058,1,282.212,23.0367,5.6001,6.1549,320.6924,49.5929,17,1965,11,585,3,0,234,0,0,0,4,13,23.53,1343,622,68.35,11,0,100,585,0
pbt,bintrie,5,4,storage_mixed_k10,1,,3025,21000,1,0.0618,0.7394,11.4605,1.5898,14.429,1.4554,6,0,0,0,2,0,0,0,0,0,2,4,33.33,0,0,0,0,0,0,0,0
pbt,bintrie,5,4,storage_mixed_k10,1,,3026,0,0,0.0922,2.1072,0.0073,0.3864,3.002,0,4,0,0,0,0,0,0,0,0,0,0,4,0,0,0,0,0,0,0,0,0
pbt,bintrie,5,4,storage_mixed_k10,20,,3209,0,0,0.0706,0.6209,0.0032,0.2115,1.1661,0,4,0,0,0,0,0,0,0,0,0,0,4,0,0,0,0,0,0,0,0,0
pbt,bintrie,5,4,storage_mixed_k10,20,,3210,0,0,0.1184,1.3373,0.0079,0.373,2.3012,0,4,0,0,0,0,0,0,0,0,0,0,4,0,0,0,0,0,0,0,0,0
pbt,bintrie,5,4,storage_mixed_k10,20,,3211,0,0,0.0309,0.5492,0.0017,0.1403,0.9374,0,4,0,0,0,0,0,0,0,0,0,0,4,0,0,0,0,0,0,0,0,0
pbt,bintrie,5,4,storage_mixed_k10,20,,3212,0,0,0.0373,0.5428,0.0035,0.1333,0.9313,0,4,0,0,0,0,0,0,0,0,0,0,4,0,0,0,0,0,0,0,0,0
pbt,bintrie,5,4,storage_mixed_k10,20,,3213,0,0,0.0379,0.5375,0.0038,0.152,0.9164,0,4,0,0,0,0,0,0,0,0,0,0,4,0,0,0,0,0,0,0,0,0
pbt,bintrie,5,4,storage_mixed_k10,20,,3214,91722,2,1.2996,3.0481,14.4826,30.9838,69.7071,1.3158,11,0,0,0,3,0,0,0,1,305,4,7,36.36,0,0,0,0,0,0,0,0
pbt,bintrie,5,4,storage_mixed_k10,20,,3215,15904058,1,266.9031,31.6333,55.6629,3.0283,360.6077,44.1035,17,1965,11,585,3,0,234,0,0,0,3,14,17.65,336,1629,17.1,11,0,100,585,0
pbt,bintrie,5,4,storage_mixed_k10,20,,3216,0,0,0.0913,1.8897,0.0058,0.4547,2.8428,0,4,0,0,0,0,0,0,0,0,0,0,4,0,0,0,0,0,0,0,0,0
pbt,bintrie,5,4,storage_mixed_k10,20,,3217,21000,1,0.2905,6.5967,81.8947,0.6828,115.2558,0.1822,6,0,0,0,2,0,0,0,0,0,2,4,33.33,0,0,0,0,0,0,0,0
pbt,bintrie,5,4,storage_mixed_k10,20,,3218,0,0,0.0954,1.4962,0.0128,0.73,3.5956,0,4,0,0,0,0,0,0,0,0,0,0,4,0,0,0,0,0,0,0,0,0
pbt,bintrie,5,4,storage_mixed_k10,20,,3219,0,0,0.0513,0.6825,0.0055,0.4337,1.8264,0,4,0,0,0,0,0,0,0,0,0,0,4,0,0,0,0,0,0,0,0,0
pbt,bintrie,5,4,storage_mixed_k10,2,,3027,0,0,0.1569,1.1509,0.0061,0.3911,2.2679,0,4,0,0,0,0,0,0,0,0,0,0,4,0,0,0,0,0,0,0,0,0
pbt,bintrie,5,4,storage_mixed_k10,2,,3028,0,0,0.0977,1.3247,0.0079,0.2771,2.1679,0,4,0,0,0,0,0,0,0,0,0,0,4,0,0,0,0,0,0,0,0,0
pbt,bintrie,5,4,storage_mixed_k10,2,,3029,0,0,0.0262,0.5614,0.0017,0.219,0.9695,0,4,0,0,0,0,0,0,0,0,0,0,4,0,0,0,0,0,0,0,0,0
pbt,bintrie,5,4,storage_mixed_k10,2,,3030,0,0,0.0318,0.3978,0.0032,0.1543,0.8735,0,4,0,0,0,0,0,0,0,0,0,0,4,0,0,0,0,0,0,0,0,0
pbt,bintrie,5,4,storage_mixed_k10,2,,3031,0,0,0.0332,0.3859,0.0017,0.1668,0.7991,0,4,0,0,0,0,0,0,0,0,0,0,4,0,0,0,0,0,0,0,0,0
pbt,bintrie,5,4,storage_mixed_k10,2,,3032,91722,2,0.9141,54.936,49.1189,7.0853,116.169,0.7896,11,0,0,0,3,0,0,0,1,305,5,6,45.45,0,0,0,0,0,0,0,0
pbt,bintrie,5,4,storage_mixed_k10,2,,3033,15904058,1,252.0886,27.8791,119.0847,4.122,406.4691,39.1274,17,1965,11,585,3,0,234,0,0,0,5,12,29.41,998,967,50.79,11,0,100,585,0
pbt,bintrie,5,4,storage_mixed_k10,2,,3034,21000,1,0.135,1.0511,4.6397,9.9042,16.2215,1.2946,6,0,0,0,2,0,0,0,0,0,2,4,33.33,0,0,0,0,0,0,0,0
pbt,bintrie,5,4,storage_mixed_k10,2,,3035,0,0,0.098,1.6333,0.0128,0.4427,2.7562,0,4,0,0,0,0,0,0,0,0,0,0,4,0,0,0,0,0,0,0,0,0
pbt,bintrie,5,4,storage_mixed_k10,2,,3036,0,0,0.0382,0.7189,0.0041,0.2427,1.2976,0,4,0,0,0,0,0,0,0,0,0,0,4,0,0,0,0,0,0,0,0,0
pbt,bintrie,5,4,storage_mixed_k10,3,,3037,0,0,0.0542,0.5413,0.002,0.1426,0.9167,0,4,0,0,0,0,0,0,0,0,0,0,4,0,0,0,0,0,0,0,0,0
pbt,bintrie,5,4,storage_mixed_k10,3,,3038,0,0,0.077,1.1243,0.0052,0.3022,1.7978,0,4,0,0,0,0,0,0,0,0,0,0,4,0,0,0,0,0,0,0,0,0
pbt,bintrie,5,4,storage_mixed_k10,3,,3039,0,0,0.0227,0.3829,0.0023,0.0884,0.6335,0,4,0,0,0,0,0,0,0,0,0,0,4,0,0,0,0,0,0,0,0,0
pbt,bintrie,5,4,storage_mixed_k10,3,,3040,0,0,0.0872,1.3332,0.0117,0.2817,2.1796,0,4,0,0,0,0,0,0,0,0,0,0,4,0,0,0,0,0,0,0,0,0
pbt,bintrie,5,4,storage_mixed_k10,3,,3041,0,0,0.0257,0.3803,0.0015,0.1569,0.7204,0,4,0,0,0,0,0,0,0,0,0,0,4,0,0,0,0,0,0,0,0,0
pbt,bintrie,5,4,storage_mixed_k10,3,,3042,91722,2,0.2225,1.0748,7.0526,19.5403,54.276,1.6899,11,0,0,0,3,0,0,0,1,305,4,7,36.36,0,0,0,0,0,0,0,0
pbt,bintrie,5,4,storage_mixed_k10,3,,3043,15904058,1,281.8279,35.0046,20.1843,2.8877,341.6035,46.5571,17,1965,11,585,3,0,234,0,0,0,1,16,5.88,1265,700,64.38,11,0,100,585,0
pbt,bintrie,5,4,storage_mixed_k10,3,,3044,21000,1,0.0808,1.129,4.4787,0.7671,6.6761,3.1456,6,0,0,0,2,0,0,0,0,0,2,4,33.33,0,0,0,0,0,0,0,0
pbt,bintrie,5,4,storage_mixed_k10,3,,3045,0,0,0.0577,0.7507,0.0055,0.3643,1.824,0,4,0,0,0,0,0,0,0,0,0,0,4,0,0,0,0,0,0,0,0,0
pbt,bintrie,5,4,storage_mixed_k10,4,,3046,0,0,0.0385,0.5043,0.002,0.1067,0.7881,0,4,0,0,0,0,0,0,0,0,0,0,4,0,0,0,0,0,0,0,0,0
pbt,bintrie,5,4,storage_mixed_k10,4,,3047,0,0,0.0712,1.2629,0.0032,0.3552,2.0387,0,4,0,0,0,0,0,0,0,0,0,0,4,0,0,0,0,0,0,0,0,0
pbt,bintrie,5,4,storage_mixed_k10,4,,3048,0,0,0.0344,0.6332,0.002,0.1735,1.1054,0,4,0,0,0,0,0,0,0,0,0,0,4,0,0,0,0,0,0,0,0,0
pbt,bintrie,5,4,storage_mixed_k10,4,,3049,0,0,0.0332,0.3774,0.0018,0.1767,0.7647,0,4,0,0,0,0,0,0,0,0,0,0,4,0,0,0,0,0,0,0,0,0
pbt,bintrie,5,4,storage_mixed_k10,4,,3050,0,0,0.0289,0.4769,0.0029,0.1552,0.8691,0,4,0,0,0,0,0,0,0,0,0,0,4,0,0,0,0,0,0,0,0,0
pbt,bintrie,5,4,storage_mixed_k10,4,,3051,0,0,0.0405,0.6177,0.0023,0.1447,1.0357,0,4,0,0,0,0,0,0,0,0,0,0,4,0,0,0,0,0,0,0,0,0
pbt,bintrie,5,4,storage_mixed_k10,4,,3052,91722,2,1.0266,119.2008,15.8304,10.1742,151.5263,0.6053,11,0,0,0,3,0,0,0,1,305,5,6,45.45,0,0,0,0,0,0,0,0
pbt,bintrie,5,4,storage_mixed_k10,4,,3053,15904058,1,228.5269,49.746,1.3145,1.8961,301.8212,52.6936,17,1965,11,585,3,0,234,0,0,0,2,15,11.76,0,1965,0,11,0,100,585,0
pbt,bintrie,5,4,storage_mixed_k10,4,,3054,21000,1,0.131,2.0445,4.7917,0.9071,8.4651,2.4808,6,0,0,0,2,0,0,0,0,0,2,4,33.33,0,0,0,0,0,0,0,0
pbt,bintrie,5,4,storage_mixed_k10,4,,3055,0,0,0.0997,2.3248,0.0064,0.6306,3.6201,0,4,0,0,0,0,0,0,0,0,0,0,4,0,0,0,0,0,0,0,0,0
pbt,bintrie,5,4,storage_mixed_k10,5,,3056,0,0,0.0639,0.7189,0.0038,0.2144,1.3323,0,4,0,0,0,0,0,0,0,0,0,0,4,0,0,0,0,0,0,0,0,0
pbt,bintrie,5,4,storage_mixed_k10,5,,3057,0,0,0.0274,0.4477,0.0018,0.1502,0.8578,0,4,0,0,0,0,0,0,0,0,0,0,4,0,0,0,0,0,0,0,0,0
pbt,bintrie,5,4,storage_mixed_k10,5,,3058,0,0,0.3733,4.1486,0.0143,3.3121,24.9867,0,4,0,0,0,0,0,0,0,0,0,0,4,0,0,0,0,0,0,0,0,0
pbt,bintrie,5,4,storage_mixed_k10,5,,3059,0,0,0.0965,2.16,0.0058,0.5399,3.2567,0,4,0,0,0,0,0,0,0,0,0,0,4,0,0,0,0,0,0,0,0,0
pbt,bintrie,5,4,storage_mixed_k10,5,,3060,0,0,0.1021,1.4723,0.0079,0.4121,2.5888,0,4,0,0,0,0,0,0,0,0,0,0,4,0,0,0,0,0,0,0,0,0
pbt,bintrie,5,4,storage_mixed_k10,5,,3061,0,0,0.0554,0.7332,0.0079,5.7781,14.7865,0,4,0,0,0,0,0,0,0,0,0,0,4,0,0,0,0,0,0,0,0,0
pbt,bintrie,5,4,storage_mixed_k10,5,,3062,91722,2,1.0016,120.4083,6.6921,9.891,138.7466,0.6611,11,0,0,0,3,0,0,0,1,305,5,6,45.45,0,0,0,0,0,0,0,0
pbt,bintrie,5,4,storage_mixed_k10,5,,3063,0,0,0.0828,1.1141,0.0032,0.3386,1.9261,0,4,0,0,0,0,0,0,0,0,0,0,4,0,0,0,0,0,0,0,0,0
pbt,bintrie,5,4,storage_mixed_k10,5,,3064,15904058,1,312.5332,42.0745,7.2121,5.4602,367.9412,43.2245,17,1965,11,585,3,0,234,0,0,0,4,13,23.53,1284,681,65.34,11,0,100,585,0
pbt,bintrie,5,4,storage_mixed_k10,5,,3065,21000,1,0.0633,0.6101,8.086,1.549,20.0093,1.0495,6,0,0,0,2,0,0,0,0,0,2,4,33.33,0,0,0,0,0,0,0,0
pbt,bintrie,5,4,storage_mixed_k10,5,,3066,0,0,0.0446,0.6883,0.0041,0.2701,1.3387,0,4,0,0,0,0,0,0,0,0,0,0,4,0,0,0,0,0,0,0,0,0
pbt,bintrie,5,4,storage_mixed_k10,6,,3067,0,0,0.0607,0.688,0.0023,0.2185,1.262,0,4,0,0,0,0,0,0,0,0,0,0,4,0,0,0,0,0,0,0,0,0
pbt,bintrie,5,4,storage_mixed_k10,6,,3068,0,0,0.0362,0.3932,0.0038,0.1353,0.8137,0,4,0,0,0,0,0,0,0,0,0,0,4,0,0,0,0,0,0,0,0,0
pbt,bintrie,5,4,storage_mixed_k10,6,,3069,0,0,0.0341,0.5434,0.0015,0.0887,0.7808,0,4,0,0,0,0,0,0,0,0,0,0,4,0,0,0,0,0,0,0,0,0
pbt,bintrie,5,4,storage_mixed_k10,6,,3070,0,0,0.0309,0.5664,0.007,0.133,0.896,0,4,0,0,0,0,0,0,0,0,0,0,4,0,0,0,0,0,0,0,0,0
pbt,bintrie,5,4,storage_mixed_k10,6,,3071,0,0,0.0268,0.4182,0.002,0.2934,0.8904,0,4,0,0,0,0,0,0,0,0,0,0,4,0,0,0,0,0,0,0,0,0
pbt,bintrie,5,4,storage_mixed_k10,6,,3072,91722,2,0.6597,28.2784,0.8146,10.1232,109.4407,0.8381,11,0,0,0,3,0,0,0,1,305,4,7,36.36,0,0,0,0,0,0,0,0
pbt,bintrie,5,4,storage_mixed_k10,6,,3073,15904058,1,316.4814,8.0912,6.74,6.9925,338.9613,46.92,17,1965,11,585,3,0,234,0,0,0,9,8,52.94,1881,84,95.73,11,0,100,585,0
pbt,bintrie,5,4,storage_mixed_k10,6,,3074,21000,1,0.1642,2.9641,8.2872,1.1745,12.8881,1.6294,6,0,0,0,2,0,0,0,0,0,2,4,33.33,0,0,0,0,0,0,0,0
pbt,bintrie,5,4,storage_mixed_k10,6,,3075,0,0,0.082,1.8375,0.0087,0.7458,3.5927,0,4,0,0,0,0,0,0,0,0,0,0,4,0,0,0,0,0,0,0,0,0
pbt,bintrie,5,4,storage_mixed_k10,7,,3076,0,0,0.0674,0.6866,0.0032,0.2234,1.2638,0,4,0,0,0,0,0,0,0,0,0,0,4,0,0,0,0,0,0,0,0,0
pbt,bintrie,5,4,storage_mixed_k10,7,,3077,0,0,0.0986,1.4318,0.0079,0.3019,2.2659,0,4,0,0,0,0,0,0,0,0,0,0,4,0,0,0,0,0,0,0,0,0
pbt,bintrie,5,4,storage_mixed_k10,7,,3078,0,0,0.0472,0.7154,0.0041,1.9284,8.2548,0,4,0,0,0,0,0,0,0,0,0,0,4,0,0,0,0,0,0,0,0,0
pbt,bintrie,5,4,storage_mixed_k10,7,,3079,0,0,0.0315,0.5591,0.0032,0.1861,0.975,0,4,0,0,0,0,0,0,0,0,0,0,4,0,0,0,0,0,0,0,0,0
pbt,bintrie,5,4,storage_mixed_k10,7,,3080,0,0,0.0426,0.7423,0.0035,0.1913,1.2083,0,4,0,0,0,0,0,0,0,0,0,0,4,0,0,0,0,0,0,0,0,0
pbt,bintrie,5,4,storage_mixed_k10,7,,3081,0,0,0.0986,1.4367,0.002,0.135,4.733,0,4,0,0,0,0,0,0,0,0,0,0,4,0,0,0,0,0,0,0,0,0
pbt,bintrie,5,4,storage_mixed_k10,7,,3082,91722,2,0.4369,4.5907,96.7649,26.7863,130.5507,0.7026,11,0,0,0,3,0,0,0,1,305,7,4,63.64,0,0,0,0,0,0,0,0
pbt,bintrie,5,4,storage_mixed_k10,7,,3083,0,0,0.1175,2.0317,0.0076,0.4322,2.9808,0,4,0,0,0,0,0,0,0,0,0,0,4,0,0,0,0,0,0,0,0,0
pbt,bintrie,5,4,storage_mixed_k10,7,,3084,15904058,1,258.9187,26.0761,43.7906,4.9632,335.5387,47.3986,17,1965,11,585,3,0,234,0,0,0,1,16,5.88,905,1060,46.06,11,0,100,585,0
pbt,bintrie,5,4,storage_mixed_k10,7,,3085,21000,1,0.2284,1.8036,5.342,10.1996,18.2719,1.1493,6,0,0,0,2,0,0,0,0,0,2,4,33.33,0,0,0,0,0,0,0,0
pbt,bintrie,5,4,storage_mixed_k10,7,,3086,0,0,0.0843,1.7158,0.0058,0.4328,2.7897,0,4,0,0,0,0,0,0,0,0,0,0,4,0,0,0,0,0,0,0,0,0
pbt,bintrie,5,4,storage_mixed_k10,8,,3087,0,0,0.1102,1.4008,0.0058,0.3859,2.4321,0,4,0,0,0,0,0,0,0,0,0,0,4,0,0,0,0,0,0,0,0,0
pbt,bintrie,5,4,storage_mixed_k10,8,,3088,0,0,0.0802,1.4656,0.0067,0.4459,2.3805,0,4,0,0,0,0,0,0,0,0,0,0,4,0,0,0,0,0,0,0,0,0
pbt,bintrie,5,4,storage_mixed_k10,8,,3089,0,0,0.0901,1.1748,0.0076,1.0237,4.628,0,4,0,0,0,0,0,0,0,0,0,0,4,0,0,0,0,0,0,0,0,0
pbt,bintrie,5,4,storage_mixed_k10,8,,3090,0,0,0.0187,0.3124,0.0015,0.1003,0.5375,0,4,0,0,0,0,0,0,0,0,0,0,4,0,0,0,0,0,0,0,0,0
pbt,bintrie,5,4,storage_mixed_k10,8,,3091,0,0,0.0519,0.7172,0.0029,0.1563,1.1351,0,4,0,0,0,0,0,0,0,0,0,0,4,0,0,0,0,0,0,0,0,0
pbt,bintrie,5,4,storage_mixed_k10,8,,3092,0,0,0.033,0.5372,0.0032,0.1123,0.8117,0,4,0,0,0,0,0,0,0,0,0,0,4,0,0,0,0,0,0,0,0,0
pbt,bintrie,5,4,storage_mixed_k10,8,,3093,91722,2,0.5903,79.8143,1.1322,10.241,92.1112,0.9958,11,0,0,0,3,0,0,0,1,305,4,7,36.36,0,0,0,0,0,0,0,0
pbt,bintrie,5,4,storage_mixed_k10,8,,3094,0,0,0.0957,1.1401,0.0035,0.2867,1.7911,0,4,0,0,0,0,0,0,0,0,0,0,4,0,0,0,0,0,0,0,0,0
pbt,bintrie,5,4,storage_mixed_k10,8,,3095,15904058,1,290.9216,14.3493,20.3811,5.7369,331.9883,47.9055,17,1965,11,585,3,0,234,0,0,0,7,10,41.18,1734,231,88.24,11,0,100,585,0
pbt,bintrie,5,4,storage_mixed_k10,8,,3096,21000,1,0.0715,0.5798,10.143,2.424,13.3778,1.5698,6,0,0,0,2,0,0,0,0,0,0,6,0,0,0,0,0,0,0,0,0
pbt,bintrie,5,4,storage_mixed_k10,8,,3097,0,0,0.0589,0.7703,0.0061,0.2686,1.4131,0,4,0,0,0,0,0,0,0,0,0,0,4,0,0,0,0,0,0,0,0,0
pbt,bintrie,5,4,storage_mixed_k10,9,,3098,0,0,0.0662,0.7003,0.0029,0.275,1.2859,0,4,0,0,0,0,0,0,0,0,0,0,4,0,0,0,0,0,0,0,0,0
pbt,bintrie,5,4,storage_mixed_k10,9,,3099,0,0,0.0408,0.6644,0.0035,0.1517,1.115,0,4,0,0,0,0,0,0,0,0,0,0,4,0,0,0,0,0,0,0,0,0
pbt,bintrie,5,4,storage_mixed_k10,9,,3100,0,0,0.3404,3.7717,0.0155,0.814,6.383,0,4,0,0,0,0,0,0,0,0,0,0,4,0,0,0,0,0,0,0,0,0
pbt,bintrie,5,4,storage_mixed_k10,9,,3101,0,0,0.0198,0.3039,0.0009,0.1114,0.5536,0,4,0,0,0,0,0,0,0,0,0,0,4,0,0,0,0,0,0,0,0,0
pbt,bintrie,5,4,storage_mixed_k10,9,,3102,0,0,0.0397,0.5308,0.0026,0.1426,0.9161,0,4,0,0,0,0,0,0,0,0,0,0,4,0,0,0,0,0,0,0,0,0
pbt,bintrie,5,4,storage_mixed_k10,9,,3103,0,0,0.037,0.5854,0.0023,0.1362,0.8969,0,4,0,0,0,0,0,0,0,0,0,0,4,0,0,0,0,0,0,0,0,0
pbt,bintrie,5,4,storage_mixed_k10,9,,3104,91722,2,1.1628,4.9266,112.1327,9.1835,129.3758,0.709,11,0,0,0,3,0,0,0,1,305,5,6,45.45,0,0,0,0,0,0,0,0
pbt,bintrie,5,4,storage_mixed_k10,9,,3105,15904058,1,264.0945,22.6826,3.3678,1.9322,292.6295,54.3488,17,1965,11,585,3,0,234,0,0,0,4,13,23.53,150,1815,7.63,11,0,100,585,0
pbt,bintrie,5,4,storage_mixed_k10,9,,3106,21000,1,0.1432,1.3813,4.2897,16.2644,22.4146,0.9369,6,0,0,0,2,0,0,0,0,0,2,4,33.33,0,0,0,0,0,0,0,0
pbt,bintrie,5,4,storage_mixed_k10,9,,3107,0,0,0.0732,1.1873,0.005,0.3138,2.046,0,4,0,0,0,0,0,0,0,0,0,0,4,0,0,0,0,0,0,0,0,0
pbt,bintrie,5,4,storage_mixed_k10,9,,3108,0,0,0.0475,0.8493,0.0032,0.6484,2.4642,0,4,0,0,0,0,0,0,0,0,0,0,4,0,0,0,0,0,0,0,0,0
pbt,bintrie,5,4,storage_mixed_k100,10,,3315,0,0,0.0464,0.4468,0.0015,0.1689,0.8225,0,4,0,0,0,0,0,0,0,0,0,0,4,0,0,0,0,0,0,0,0,0
pbt,bintrie,5,4,storage_mixed_k100,10,,3316,0,0,0.0916,1.9095,0.0064,0.8586,3.5784,0,4,0,0,0,0,0,0,0,0,0,0,4,0,0,0,0,0,0,0,0,0
pbt,bintrie,5,4,storage_mixed_k100,10,,3317,0,0,0.0385,0.6457,0.0055,7.3936,14.0863,0,4,0,0,0,0,0,0,0,0,0,0,4,0,0,0,0,0,0,0,0,0
pbt,bintrie,5,4,storage_mixed_k100,10,,3318,0,0,0.0715,1.2081,0.0026,0.3824,1.9859,0,4,0,0,0,0,0,0,0,0,0,0,4,0,0,0,0,0,0,0,0,0
pbt,bintrie,5,4,storage_mixed_k100,10,,3319,0,0,0.1006,1.4854,0.0073,0.3089,2.3292,0,4,0,0,0,0,0,0,0,0,0,0,4,0,0,0,0,0,0,0,0,0
pbt,bintrie,5,4,storage_mixed_k100,10,,3320,0,0,0.0318,0.6067,0.0035,0.1587,0.9587,0,4,0,0,0,0,0,0,0,0,0,0,4,0,0,0,0,0,0,0,0,0
pbt,bintrie,5,4,storage_mixed_k100,10,,3321,91722,2,0.7936,96.0098,0.7181,3.2564,108.4421,0.8458,11,0,0,0,3,0,0,0,1,305,5,6,45.45,0,0,0,0,0,0,0,0
pbt,bintrie,5,4,storage_mixed_k100,10,,3322,0,0,0.077,1.2635,0.0079,0.5862,3.0607,0,4,0,0,0,0,0,0,0,0,0,0,4,0,0,0,0,0,0,0,0,0
pbt,bintrie,5,4,storage_mixed_k100,10,,3323,15913612,1,216.4511,25.3032,99.6182,3.7653,347.0085,45.8594,107,2161,101,3105,5,0,209,0,0,0,25,82,23.36,407,1754,18.83,101,0,100,3105,0
pbt,bintrie,5,4,storage_mixed_k100,10,,3324,21000,1,0.266,3.4352,121.3789,0.7321,131.097,0.1602,6,0,0,0,2,0,0,0,0,0,2,4,33.33,0,0,0,0,0,0,0,0
pbt,bintrie,5,4,storage_mixed_k100,10,,3325,0,0,0.0475,0.7726,0.0044,0.5194,2.216,0,4,0,0,0,0,0,0,0,0,0,0,4,0,0,0,0,0,0,0,0,0
pbt,bintrie,5,4,storage_mixed_k100,11,,3326,0,0,0.061,0.5612,0.002,0.3867,1.3623,0,4,0,0,0,0,0,0,0,0,0,0,4,0,0,0,0,0,0,0,0,0
pbt,bintrie,5,4,storage_mixed_k100,11,,3327,0,0,0.2809,2.7646,0.0137,1.2028,6.3655,0,4,0,0,0,0,0,0,0,0,0,0,4,0,0,0,0,0,0,0,0,0
pbt,bintrie,5,4,storage_mixed_k100,11,,3328,0,0,0.033,0.4955,0.0029,0.1473,0.8309,0,4,0,0,0,0,0,0,0,0,0,0,4,0,0,0,0,0,0,0,0,0
pbt,bintrie,5,4,storage_mixed_k100,11,,3329,0,0,0.0257,0.3917,0.0012,0.1371,0.7469,0,4,0,0,0,0,0,0,0,0,0,0,4,0,0,0,0,0,0,0,0,0
pbt,bintrie,5,4,storage_mixed_k100,11,,3330,0,0,0.0315,0.3856,0.0012,0.1881,0.8277,0,4,0,0,0,0,0,0,0,0,0,0,4,0,0,0,0,0,0,0,0,0
pbt,bintrie,5,4,storage_mixed_k100,11,,3331,91722,2,0.7729,2.6588,87.4377,2.2863,99.6923,0.9201,11,0,0,0,3,0,0,0,1,305,5,6,45.45,0,0,0,0,0,0,0,0
pbt,bintrie,5,4,storage_mixed_k100,11,,3332,15913612,1,308.8326,7.535,15.3617,17.7043,350.0105,45.4661,107,2161,101,3105,5,0,209,0,0,0,99,8,92.52,2130,31,98.57,101,0,100,3105,0
pbt,bintrie,5,4,storage_mixed_k100,11,,3333,21000,1,0.1091,0.8385,51.5782,2.4768,67.4123,0.3115,6,0,0,0,2,0,0,0,0,0,0,6,0,0,0,0,0,0,0,0,0
pbt,bintrie,5,4,storage_mixed_k100,11,,3334,0,0,0.1741,1.9541,0.0082,0.4048,3.2013,0,4,0,0,0,0,0,0,0,0,0,0,4,0,0,0,0,0,0,0,0,0
pbt,bintrie,5,4,storage_mixed_k100,11,,3335,0,0,0.1695,2.0591,0.0096,0.6696,3.8808,0,4,0,0,0,0,0,0,0,0,0,0,4,0,0,0,0,0,0,0,0,0
pbt,bintrie,5,4,storage_mixed_k100,12,,3336,0,0,0.0475,0.4973,0.002,0.1476,0.8761,0,4,0,0,0,0,0,0,0,0,0,0,4,0,0,0,0,0,0,0,0,0
pbt,bintrie,5,4,storage_mixed_k100,12,,3337,0,0,0.0557,0.6874,0.007,0.4249,1.5645,0,4,0,0,0,0,0,0,0,0,0,0,4,0,0,0,0,0,0,0,0,0
pbt,bintrie,5,4,storage_mixed_k100,12,,3338,0,0,0.0292,0.5057,0.0018,0.1301,0.8254,0,4,0,0,0,0,0,0,0,0,0,0,4,0,0,0,0,0,0,0,0,0
pbt,bintrie,5,4,storage_mixed_k100,12,,3339,0,0,0.079,1.8538,0.0047,0.4661,2.9154,0,4,0,0,0,0,0,0,0,0,0,0,4,0,0,0,0,0,0,0,0,0
pbt,bintrie,5,4,storage_mixed_k100,12,,3340,0,0,0.0831,1.8675,0.005,0.4177,2.8341,0,4,0,0,0,0,0,0,0,0,0,0,4,0,0,0,0,0,0,0,0,0
pbt,bintrie,5,4,storage_mixed_k100,12,,3341,0,0,0.0341,0.4877,0.002,0.0919,0.7816,0,4,0,0,0,0,0,0,0,0,0,0,4,0,0,0,0,0,0,0,0,0
pbt,bintrie,5,4,storage_mixed_k100,12,,3342,91722,2,1.1261,37.1154,25.3347,2.2274,66.3539,1.3823,11,0,0,0,3,0,0,0,1,305,4,7,36.36,0,0,0,0,0,0,0,0
pbt,bintrie,5,4,storage_mixed_k100,12,,3343,15913612,1,359.6688,26.7259,15.0266,14.0215,416.1824,38.2371,107,2161,101,3105,5,0,209,0,0,0,6,101,5.61,1502,659,69.5,101,0,100,3105,0
pbt,bintrie,5,4,storage_mixed_k100,12,,3344,21000,1,0.2301,3.159,105.4619,0.7688,117.585,0.1786,6,0,0,0,2,0,0,0,0,0,2,4,33.33,0,0,0,0,0,0,0,0
pbt,bintrie,5,4,storage_mixed_k100,12,,3345,0,0,0.1592,2.0259,0.0102,0.8076,4.2174,0,4,0,0,0,0,0,0,0,0,0,0,4,0,0,0,0,0,0,0,0,0
pbt,bintrie,5,4,storage_mixed_k100,13,,3346,0,0,0.0572,0.5457,0.0023,0.2395,1.1141,0,4,0,0,0,0,0,0,0,0,0,0,4,0,0,0,0,0,0,0,0,0
pbt,bintrie,5,4,storage_mixed_k100,13,,3347,0,0,0.1012,1.4997,0.009,0.7184,3.1053,0,4,0,0,0,0,0,0,0,0,0,0,4,0,0,0,0,0,0,0,0,0
pbt,bintrie,5,4,storage_mixed_k100,13,,3348,0,0,0.0309,0.5999,0.002,0.11,0.9362,0,4,0,0,0,0,0,0,0,0,0,0,4,0,0,0,0,0,0,0,0,0
pbt,bintrie,5,4,storage_mixed_k100,13,,3349,0,0,0.0341,0.5276,0.0026,0.1727,0.9683,0,4,0,0,0,0,0,0,0,0,0,0,4,0,0,0,0,0,0,0,0,0
pbt,bintrie,5,4,storage_mixed_k100,13,,3350,0,0,0.0335,0.5334,0.0029,0.1467,0.9639,0,4,0,0,0,0,0,0,0,0,0,0,4,0,0,0,0,0,0,0,0,0
pbt,bintrie,5,4,storage_mixed_k100,13,,3351,0,0,0.2074,2.5255,0.0073,0.5241,3.8648,0,4,0,0,0,0,0,0,0,0,0,0,4,0,0,0,0,0,0,0,0,0
pbt,bintrie,5,4,storage_mixed_k100,13,,3352,91722,2,0.3065,4.1299,105.865,2.2487,122.4922,0.7488,11,0,0,0,3,0,0,0,1,305,5,6,45.45,0,0,0,0,0,0,0,0
pbt,bintrie,5,4,storage_mixed_k100,13,,3353,15913612,1,226.7142,41.0382,103.0998,4.0523,376.3756,42.2812,107,2161,101,3105,5,0,209,0,0,0,12,95,11.21,79,2082,3.66,101,0,100,3105,0
pbt,bintrie,5,4,storage_mixed_k100,13,,3354,21000,1,0.2185,1.8027,108.7081,0.7122,118.9864,0.1765,6,0,0,0,2,0,0,0,0,0,2,4,33.33,0,0,0,0,0,0,0,0
pbt,bintrie,5,4,storage_mixed_k100,13,,3355,0,0,0.096,1.5061,0.0082,0.6084,3.2561,0,4,0,0,0,0,0,0,0,0,0,0,4,0,0,0,0,0,0,0,0,0
pbt,bintrie,5,4,storage_mixed_k100,14,,3356,0,0,0.0403,0.4588,0.0012,0.1295,0.8076,0,4,0,0,0,0,0,0,0,0,0,0,4,0,0,0,0,0,0,0,0,0
pbt,bintrie,5,4,storage_mixed_k100,14,,3357,0,0,0.0942,2.1242,0.0061,0.5775,3.2459,0,4,0,0,0,0,0,0,0,0,0,0,4,0,0,0,0,0,0,0,0,0
pbt,bintrie,5,4,storage_mixed_k100,14,,3358,0,0,0.0321,0.5174,0.0035,0.1275,0.8651,0,4,0,0,0,0,0,0,0,0,0,0,4,0,0,0,0,0,0,0,0,0
pbt,bintrie,5,4,storage_mixed_k100,14,,3359,0,0,0.084,1.2807,0.0026,0.3144,2.0375,0,4,0,0,0,0,0,0,0,0,0,0,4,0,0,0,0,0,0,0,0,0
pbt,bintrie,5,4,storage_mixed_k100,14,,3360,0,0,0.0898,1.402,0.0082,0.4025,2.2834,0,4,0,0,0,0,0,0,0,0,0,0,4,0,0,0,0,0,0,0,0,0
pbt,bintrie,5,4,storage_mixed_k100,14,,3361,91722,2,0.1837,0.9132,25.5021,6.4947,33.3031,2.7542,11,0,0,0,3,0,0,0,1,305,5,6,45.45,0,0,0,0,0,0,0,0
pbt,bintrie,5,4,storage_mixed_k100,14,,3362,15913612,1,283.1701,54.9264,6.9686,1.901,347.2508,45.8274,107,2161,101,3105,5,0,209,0,0,0,16,91,14.95,799,1362,36.97,101,0,100,3105,0
pbt,bintrie,5,4,storage_mixed_k100,14,,3363,21000,1,0.0752,0.9744,69.4814,0.7971,84.8156,0.2476,6,0,0,0,2,0,0,0,0,0,2,4,33.33,0,0,0,0,0,0,0,0
pbt,bintrie,5,4,storage_mixed_k100,14,,3364,0,0,0.0712,1.3968,0.005,0.2946,2.2353,0,4,0,0,0,0,0,0,0,0,0,0,4,0,0,0,0,0,0,0,0,0
pbt,bintrie,5,4,storage_mixed_k100,15,,3365,0,0,0.18,1.8684,0.0096,0.6586,3.4142,0,4,0,0,0,0,0,0,0,0,0,0,4,0,0,0,0,0,0,0,0,0
pbt,bintrie,5,4,storage_mixed_k100,15,,3366,0,0,0.0362,0.5224,0.0029,0.3363,1.4735,0,4,0,0,0,0,0,0,0,0,0,0,4,0,0,0,0,0,0,0,0,0
pbt,bintrie,5,4,storage_mixed_k100,15,,3367,0,0,0.0373,0.5606,0.002,0.1444,0.8761,0,4,0,0,0,0,0,0,0,0,0,0,4,0,0,0,0,0,0,0,0,0
pbt,bintrie,5,4,storage_mixed_k100,15,,3368,0,0,0.0338,0.588,0.0026,0.1572,1.01,0,4,0,0,0,0,0,0,0,0,0,0,4,0,0,0,0,0,0,0,0,0
pbt,bintrie,5,4,storage_mixed_k100,15,,3369,0,0,0.0286,0.3768,0.0026,0.1657,0.7755,0,4,0,0,0,0,0,0,0,0,0,0,4,0,0,0,0,0,0,0,0,0
pbt,bintrie,5,4,storage_mixed_k100,15,,3370,0,0,0.0251,0.4247,0.0023,0.1038,0.7414,0,4,0,0,0,0,0,0,0,0,0,0,4,0,0,0,0,0,0,0,0,0
pbt,bintrie,5,4,storage_mixed_k100,15,,3371,91722,2,0.387,1.5624,53.9403,4.9366,71.6397,1.2803,11,0,0,0,3,0,0,0,1,305,5,6,45.45,0,0,0,0,0,0,0,0
pbt,bintrie,5,4,storage_mixed_k100,15,,3372,0,0,0.0843,1.5945,0.0064,0.7729,3.6262,0,4,0,0,0,0,0,0,0,0,0,0,4,0,0,0,0,0,0,0,0,0
pbt,bintrie,5,4,storage_mixed_k100,15,,3373,15913612,1,266.6949,32.6151,30.5,3.2648,333.502,47.7167,107,2161,101,3105,5,0,209,0,0,0,38,69,35.51,1575,586,72.88,101,0,100,3105,0
pbt,bintrie,5,4,storage_mixed_k100,15,,3374,21000,1,0.4871,4.5516,95.6811,0.749,113.6806,0.1847,6,0,0,0,2,0,0,0,0,0,2,4,33.33,0,0,0,0,0,0,0,0
pbt,bintrie,5,4,storage_mixed_k100,15,,3375,0,0,0.0825,1.715,0.005,0.7776,4.1349,0,4,0,0,0,0,0,0,0,0,0,0,4,0,0,0,0,0,0,0,0,0
pbt,bintrie,5,4,storage_mixed_k100,16,,3376,0,0,0.1992,2.0959,0.007,0.8172,4.5843,0,4,0,0,0,0,0,0,0,0,0,0,4,0,0,0,0,0,0,0,0,0
pbt,bintrie,5,4,storage_mixed_k100,16,,3377,0,0,0.0884,1.2092,0.0035,0.3235,1.9827,0,4,0,0,0,0,0,0,0,0,0,0,4,0,0,0,0,0,0,0,0,0
pbt,bintrie,5,4,storage_mixed_k100,16,,3378,0,0,0.1642,2.1297,0.0076,0.2045,22.1778,0,4,0,0,0,0,0,0,0,0,0,0,4,0,0,0,0,0,0,0,0,0
pbt,bintrie,5,4,storage_mixed_k100,16,,3379,0,0,0.0542,1.1086,0.0038,0.2587,1.7546,0,4,0,0,0,0,0,0,0,0,0,0,4,0,0,0,0,0,0,0,0,0
pbt,bintrie,5,4,storage_mixed_k100,16,,3380,0,0,0.2252,3.2785,0.0102,3.765,13.5041,0,4,0,0,0,0,0,0,0,0,0,0,4,0,0,0,0,0,0,0,0,0
pbt,bintrie,5,4,storage_mixed_k100,16,,3381,91722,2,1.5123,82.0533,4.9404,2.1504,92.0966,0.9959,11,0,0,0,3,0,0,0,1,305,4,7,36.36,0,0,0,0,0,0,0,0
pbt,bintrie,5,4,storage_mixed_k100,16,,3382,15913612,1,247.0251,42.5169,5.4572,3.0683,325.7387,48.8539,107,2161,101,3105,5,0,209,0,0,0,20,87,18.69,196,1965,9.07,101,0,100,3105,0
pbt,bintrie,5,4,storage_mixed_k100,16,,3383,21000,1,0.2453,1.8485,112.3491,0.6953,127.0181,0.1653,6,0,0,0,2,0,0,0,0,0,2,4,33.33,0,0,0,0,0,0,0,0
pbt,bintrie,5,4,storage_mixed_k100,16,,3384,0,0,0.1998,2.5701,0.0105,0.9838,5.1457,0,4,0,0,0,0,0,0,0,0,0,0,4,0,0,0,0,0,0,0,0,0
pbt,bintrie,5,4,storage_mixed_k100,16,,3385,0,0,0.0735,0.9438,0.0058,0.4287,2.207,0,4,0,0,0,0,0,0,0,0,0,0,4,0,0,0,0,0,0,0,0,0
pbt,bintrie,5,4,storage_mixed_k100,17,,3386,0,0,0.0744,0.8099,0.0053,0.2508,1.4568,0,4,0,0,0,0,0,0,0,0,0,0,4,0,0,0,0,0,0,0,0,0
pbt,bintrie,5,4,storage_mixed_k100,17,,3387,0,0,0.093,1.3985,0.0058,0.275,2.1481,0,4,0,0,0,0,0,0,0,0,0,0,4,0,0,0,0,0,0,0,0,0
pbt,bintrie,5,4,storage_mixed_k100,17,,3388,0,0,0.0245,0.427,0.002,0.1441,0.7723,0,4,0,0,0,0,0,0,0,0,0,0,4,0,0,0,0,0,0,0,0,0
pbt,bintrie,5,4,storage_mixed_k100,17,,3389,0,0,0.0324,0.5095,0.0032,0.1345,0.8811,0,4,0,0,0,0,0,0,0,0,0,0,4,0,0,0,0,0,0,0,0,0
pbt,bintrie,5,4,storage_mixed_k100,17,,3390,0,0,0.32,3.3698,0.0114,1.0972,5.6395,0,4,0,0,0,0,0,0,0,0,0,0,4,0,0,0,0,0,0,0,0,0
pbt,bintrie,5,4,storage_mixed_k100,17,,3391,91722,2,1.0386,86.4259,2.2426,1.8506,92.5195,0.9914,11,0,0,0,3,0,0,0,1,305,4,7,36.36,0,0,0,0,0,0,0,0
pbt,bintrie,5,4,storage_mixed_k100,17,,3392,15913612,1,276.3675,52.8119,10.0456,2.9306,343.4056,46.3406,107,2161,101,3105,5,0,209,0,0,0,0,107,0,367,1794,16.98,101,0,100,3105,0
pbt,bintrie,5,4,storage_mixed_k100,17,,3393,0,0,0.093,1.5172,0.0085,0.4101,2.3761,0,4,0,0,0,0,0,0,0,0,0,0,4,0,0,0,0,0,0,0,0,0
pbt,bintrie,5,4,storage_mixed_k100,17,,3394,21000,1,1.0821,3.6548,104.7838,0.7361,112.1152,0.1873,6,0,0,0,2,0,0,0,0,0,0,6,0,0,0,0,0,0,0,0,0
pbt,bintrie,5,4,storage_mixed_k100,17,,3395,0,0,0.1802,2.0192,0.0105,0.5518,3.4818,0,4,0,0,0,0,0,0,0,0,0,0,4,0,0,0,0,0,0,0,0,0
pbt,bintrie,5,4,storage_mixed_k100,17,,3396,0,0,0.079,0.9354,0.0061,0.518,2.5576,0,4,0,0,0,0,0,0,0,0,0,0,4,0,0,0,0,0,0,0,0,0
pbt,bintrie,5,4,storage_mixed_k100,18,,3397,0,0,0.0443,0.4993,0.0023,0.1627,0.8899,0,4,0,0,0,0,0,0,0,0,0,0,4,0,0,0,0,0,0,0,0,0
pbt,bintrie,5,4,storage_mixed_k100,18,,3398,0,0,0.0408,0.6008,0.0029,0.2004,1.122,0,4,0,0,0,0,0,0,0,0,0,0,4,0,0,0,0,0,0,0,0,0
pbt,bintrie,5,4,storage_mixed_k100,18,,3399,0,0,0.0437,0.688,0.0032,0.1158,0.9957,0,4,0,0,0,0,0,0,0,0,0,0,4,0,0,0,0,0,0,0,0,0
pbt,bintrie,5,4,storage_mixed_k100,18,,3400,0,0,0.0901,2.1107,0.0061,0.3097,2.9796,0,4,0,0,0,0,0,0,0,0,0,0,4,0,0,0,0,0,0,0,0,0
pbt,bintrie,5,4,storage_mixed_k100,18,,3401,0,0,0.2476,4.2159,0.0192,1.1354,7.843,0,4,0,0,0,0,0,0,0,0,0,0,4,0,0,0,0,0,0,0,0,0
pbt,bintrie,5,4,storage_mixed_k100,18,,3402,91722,2,0.2059,2.0515,53.0998,2.4963,60.7386,1.5101,11,0,0,0,3,0,0,0,1,305,5,6,45.45,0,0,0,0,0,0,0,0
pbt,bintrie,5,4,storage_mixed_k100,18,,3403,15913612,1,241.2246,37.2394,113.1818,3.366,396.9892,40.0858,107,2161,101,3105,5,0,209,0,0,0,10,97,9.35,251,1910,11.61,101,0,100,3105,0
pbt,bintrie,5,4,storage_mixed_k100,18,,3404,21000,1,0.2543,1.8485,104.1634,0.7446,114.9747,0.1826,6,0,0,0,2,0,0,0,0,0,2,4,33.33,0,0,0,0,0,0,0,0
pbt,bintrie,5,4,storage_mixed_k100,18,,3405,0,0,0.1097,1.7243,0.0114,0.6647,3.5647,0,4,0,0,0,0,0,0,0,0,0,0,4,0,0,0,0,0,0,0,0,0
pbt,bintrie,5,4,storage_mixed_k100,18,,3406,0,0,0.0595,0.6664,0.0058,0.3829,1.8363,0,4,0,0,0,0,0,0,0,0,0,0,4,0,0,0,0,0,0,0,0,0
pbt,bintrie,5,4,storage_mixed_k100,19,,3407,0,0,0.1432,1.5464,0.0085,0.4471,2.69,0,4,0,0,0,0,0,0,0,0,0,0,4,0,0,0,0,0,0,0,0,0
pbt,bintrie,5,4,storage_mixed_k100,19,,3408,0,0,0.4308,5.0157,0.0219,1.5,13.4388,0,4,0,0,0,0,0,0,0,0,0,0,4,0,0,0,0,0,0,0,0,0
pbt,bintrie,5,4,storage_mixed_k100,19,,3409,0,0,0.0262,0.6029,0.002,0.173,0.9508,0,4,0,0,0,0,0,0,0,0,0,0,4,0,0,0,0,0,0,0,0,0
pbt,bintrie,5,4,storage_mixed_k100,19,,3410,0,0,0.0289,0.5066,0.0023,0.1811,0.896,0,4,0,0,0,0,0,0,0,0,0,0,4,0,0,0,0,0,0,0,0,0
pbt,bintrie,5,4,storage_mixed_k100,19,,3411,0,0,0.1076,1.2804,0.0076,0.3584,2.2154,0,4,0,0,0,0,0,0,0,0,0,0,4,0,0,0,0,0,0,0,0,0
pbt,bintrie,5,4,storage_mixed_k100,19,,3412,91722,2,0.5789,0.9549,34.9113,1.8614,38.8627,2.3602,11,0,0,0,3,0,0,0,1,305,4,7,36.36,0,0,0,0,0,0,0,0
pbt,bintrie,5,4,storage_mixed_k100,19,,3413,15913612,1,233.9882,20.2143,5.0055,2.382,261.9178,60.758,107,2161,101,3105,5,0,209,0,0,0,80,27,74.77,610,1551,28.23,101,0,100,3105,0
pbt,bintrie,5,4,storage_mixed_k100,19,,3414,0,0,0.0548,1.2722,0.0038,0.3526,1.9976,0,4,0,0,0,0,0,0,0,0,0,0,4,0,0,0,0,0,0,0,0,0
pbt,bintrie,5,4,storage_mixed_k100,19,,3415,21000,1,1.1871,4.2334,76.0627,0.931,123.569,0.1699,6,0,0,0,2,0,0,0,0,0,0,6,0,0,0,0,0,0,0,0,0
pbt,bintrie,5,4,storage_mixed_k100,19,,3416,0,0,0.0793,1.4294,0.007,0.2841,2.2554,0,4,0,0,0,0,0,0,0,0,0,0,4,0,0,0,0,0,0,0,0,0
pbt,bintrie,5,4,storage_mixed_k100,19,,3417,0,0,0.0881,1.5799,0.0085,0.4512,2.5371,0,4,0,0,0,0,0,0,0,0,0,0,4,0,0,0,0,0,0,0,0,0
pbt,bintrie,5,4,storage_mixed_k100,1,,3220,0,0,0.0586,0.5407,0.0017,0.2319,1.0736,0,4,0,0,0,0,0,0,0,0,0,0,4,0,0,0,0,0,0,0,0,0
pbt,bintrie,5,4,storage_mixed_k100,1,,3221,0,0,0.077,1.1693,0.0044,0.3182,2.0874,0,4,0,0,0,0,0,0,0,0,0,0,4,0,0,0,0,0,0,0,0,0
pbt,bintrie,5,4,storage_mixed_k100,1,,3222,0,0,0.028,0.4955,0.0032,0.0957,0.7746,0,4,0,0,0,0,0,0,0,0,0,0,4,0,0,0,0,0,0,0,0,0
pbt,bintrie,5,4,storage_mixed_k100,1,,3223,0,0,0.0362,0.3783,0.0012,0.1832,0.8178,0,4,0,0,0,0,0,0,0,0,0,0,4,0,0,0,0,0,0,0,0,0
pbt,bintrie,5,4,storage_mixed_k100,1,,3224,0,0,0.0933,1.6345,0.0082,0.3232,2.3791,0,4,0,0,0,0,0,0,0,0,0,0,4,0,0,0,0,0,0,0,0,0
pbt,bintrie,5,4,storage_mixed_k100,1,,3225,91722,2,0.7475,3.9992,95.2527,10.3746,111.1913,0.8249,11,0,0,0,3,0,0,0,1,305,5,6,45.45,0,0,0,0,0,0,0,0
pbt,bintrie,5,4,storage_mixed_k100,1,,3226,15913612,1,247.5918,30.1311,98.1127,9.94,392.7934,40.5139,107,2161,101,3105,5,0,209,0,0,0,1,106,0.93,1458,703,67.47,101,0,100,3105,0
pbt,bintrie,5,4,storage_mixed_k100,1,,3227,21000,1,0.0922,0.8266,106.894,0.6787,114.3254,0.1837,6,0,0,0,2,0,0,0,0,0,2,4,33.33,0,0,0,0,0,0,0,0
pbt,bintrie,5,4,storage_mixed_k100,1,,3228,0,0,0.2287,1.782,0.0111,0.7446,3.9342,0,4,0,0,0,0,0,0,0,0,0,0,4,0,0,0,0,0,0,0,0,0
pbt,bintrie,5,4,storage_mixed_k100,1,,3229,0,0,0.0925,1.5047,0.0076,0.5781,3.1479,0,4,0,0,0,0,0,0,0,0,0,0,4,0,0,0,0,0,0,0,0,0
pbt,bintrie,5,4,storage_mixed_k100,20,,3418,0,0,0.0537,0.5559,0.0026,0.2217,1.1171,0,4,0,0,0,0,0,0,0,0,0,0,4,0,0,0,0,0,0,0,0,0
pbt,bintrie,5,4,storage_mixed_k100,20,,3419,0,0,0.0997,1.8958,0.0058,0.4567,3.0423,0,4,0,0,0,0,0,0,0,0,0,0,4,0,0,0,0,0,0,0,0,0
pbt,bintrie,5,4,storage_mixed_k100,20,,3420,0,0,0.0572,0.7609,0.0032,5.7891,7.7587,0,4,0,0,0,0,0,0,0,0,0,0,4,0,0,0,0,0,0,0,0,0
pbt,bintrie,5,4,storage_mixed_k100,20,,3421,0,0,0.0437,0.5655,0.0029,0.1616,1.003,0,4,0,0,0,0,0,0,0,0,0,0,4,0,0,0,0,0,0,0,0,0
pbt,bintrie,5,4,storage_mixed_k100,20,,3422,0,0,0.114,1.5939,0.009,0.4241,2.6407,0,4,0,0,0,0,0,0,0,0,0,0,4,0,0,0,0,0,0,0,0,0
pbt,bintrie,5,4,storage_mixed_k100,20,,3423,0,0,0.0566,0.6519,0.0026,0.1102,0.9981,0,4,0,0,0,0,0,0,0,0,0,0,4,0,0,0,0,0,0,0,0,0
pbt,bintrie,5,4,storage_mixed_k100,20,,3424,91722,2,0.1805,0.9954,110.9078,3.0589,115.3617,0.7951,11,0,0,0,3,0,0,0,1,305,5,6,45.45,0,0,0,0,0,0,0,0
pbt,bintrie,5,4,storage_mixed_k100,20,,3425,15913612,1,219.2344,66.8532,17.531,5.6874,327.9836,48.5195,107,2161,101,3105,5,0,209,0,0,0,7,100,6.54,47,2114,2.17,101,0,100,3105,0
pbt,bintrie,5,4,storage_mixed_k100,20,,3426,21000,1,0.2322,1.8795,101.5213,0.7443,113.3326,0.1853,6,0,0,0,2,0,0,0,0,0,2,4,33.33,0,0,0,0,0,0,0,0
pbt,bintrie,5,4,storage_mixed_k100,20,,3427,0,0,0.0542,0.8449,0.005,0.3742,2.0501,0,4,0,0,0,0,0,0,0,0,0,0,4,0,0,0,0,0,0,0,0,0
pbt,bintrie,5,4,storage_mixed_k100,2,,3230,0,0,0.04,0.4007,0.0018,0.1476,0.735,0,4,0,0,0,0,0,0,0,0,0,0,4,0,0,0,0,0,0,0,0,0
pbt,bintrie,5,4,storage_mixed_k100,2,,3231,0,0,0.1024,1.3953,0.0079,0.406,2.3799,0,4,0,0,0,0,0,0,0,0,0,0,4,0,0,0,0,0,0,0,0,0
pbt,bintrie,5,4,storage_mixed_k100,2,,3232,0,0,0.0233,0.4387,0.0035,0.1601,0.7904,0,4,0,0,0,0,0,0,0,0,0,0,4,0,0,0,0,0,0,0,0,0
pbt,bintrie,5,4,storage_mixed_k100,2,,3233,0,0,0.1738,2.2913,0.0111,0.574,3.8508,0,4,0,0,0,0,0,0,0,0,0,0,4,0,0,0,0,0,0,0,0,0
pbt,bintrie,5,4,storage_mixed_k100,2,,3234,0,0,0.0443,0.5031,0.0044,0.4048,1.6047,0,4,0,0,0,0,0,0,0,0,0,0,4,0,0,0,0,0,0,0,0,0
pbt,bintrie,5,4,storage_mixed_k100,2,,3235,91722,2,0.7746,33.6939,18.1249,9.0811,62.1114,1.4767,11,0,0,0,3,0,0,0,1,305,4,7,36.36,0,0,0,0,0,0,0,0
pbt,bintrie,5,4,storage_mixed_k100,2,,3236,15913612,1,222.7223,50.5667,16.9953,3.7014,300.4436,52.967,107,2161,101,3105,5,0,209,0,0,0,8,99,7.48,43,2118,1.99,101,0,100,3105,0
pbt,bintrie,5,4,storage_mixed_k100,2,,3237,21000,1,0.2858,3.3386,122.3662,0.749,136.1547,0.1542,6,0,0,0,2,0,0,0,0,0,2,4,33.33,0,0,0,0,0,0,0,0
pbt,bintrie,5,4,storage_mixed_k100,2,,3238,0,0,0.1467,1.908,0.0143,0.812,3.9149,0,4,0,0,0,0,0,0,0,0,0,0,4,0,0,0,0,0,0,0,0,0
pbt,bintrie,5,4,storage_mixed_k100,2,,3239,0,0,0.0764,0.9429,0.0067,0.4801,2.3234,0,4,0,0,0,0,0,0,0,0,0,0,4,0,0,0,0,0,0,0,0,0
pbt,bintrie,5,4,storage_mixed_k100,3,,3240,0,0,0.1082,1.3871,0.0067,0.4527,2.412,0,4,0,0,0,0,0,0,0,0,0,0,4,0,0,0,0,0,0,0,0,0
pbt,bintrie,5,4,storage_mixed_k100,3,,3241,0,0,0.121,1.5761,0.0277,1.8115,8.522,0,4,0,0,0,0,0,0,0,0,0,0,4,0,0,0,0,0,0,0,0,0
pbt,bintrie,5,4,storage_mixed_k100,3,,3242,0,0,0.023,0.3864,0.0018,0.1041,0.6594,0,4,0,0,0,0,0,0,0,0,0,0,4,0,0,0,0,0,0,0,0,0
pbt,bintrie,5,4,storage_mixed_k100,3,,3243,0,0,0.0752,1.2608,0.005,0.2803,2.0057,0,4,0,0,0,0,0,0,0,0,0,0,4,0,0,0,0,0,0,0,0,0
pbt,bintrie,5,4,storage_mixed_k100,3,,3244,0,0,0.0677,1.1978,0.0061,0.3759,2.132,0,4,0,0,0,0,0,0,0,0,0,0,4,0,0,0,0,0,0,0,0,0
pbt,bintrie,5,4,storage_mixed_k100,3,,3245,0,0,0.0408,0.59,0.0029,0.1412,0.9852,0,4,0,0,0,0,0,0,0,0,0,0,4,0,0,0,0,0,0,0,0,0
pbt,bintrie,5,4,storage_mixed_k100,3,,3246,91722,2,1.5595,48.1106,28.5931,9.3608,90.865,1.0094,11,0,0,0,3,0,0,0,1,305,4,7,36.36,0,0,0,0,0,0,0,0
pbt,bintrie,5,4,storage_mixed_k100,3,,3247,15913612,1,315.1818,10.2643,15.3036,18.1342,359.4107,44.277,107,2161,101,3105,5,0,209,0,0,0,30,77,28.04,1630,531,75.43,101,0,100,3105,0
pbt,bintrie,5,4,storage_mixed_k100,3,,3248,21000,1,0.161,1.9987,117.1169,0.7213,124.6198,0.1685,6,0,0,0,2,0,0,0,0,0,2,4,33.33,0,0,0,0,0,0,0,0
pbt,bintrie,5,4,storage_mixed_k100,3,,3249,0,0,0.0822,1.3495,0.0055,0.5393,2.7606,0,4,0,0,0,0,0,0,0,0,0,0,4,0,0,0,0,0,0,0,0,0
pbt,bintrie,5,4,storage_mixed_k100,3,,3250,0,0,0.0887,1.8465,0.0067,0.9998,4.5295,0,4,0,0,0,0,0,0,0,0,0,0,4,0,0,0,0,0,0,0,0,0
pbt,bintrie,5,4,storage_mixed_k100,4,,3251,0,0,0.0487,0.4276,0.0015,0.1954,0.8403,0,4,0,0,0,0,0,0,0,0,0,0,4,0,0,0,0,0,0,0,0,0
pbt,bintrie,5,4,storage_mixed_k100,4,,3252,0,0,0.0458,0.6227,0.0047,0.2094,1.1535,0,4,0,0,0,0,0,0,0,0,0,0,4,0,0,0,0,0,0,0,0,0
pbt,bintrie,5,4,storage_mixed_k100,4,,3253,0,0,0.0531,0.6323,0.0026,0.105,9.3486,0,4,0,0,0,0,0,0,0,0,0,0,4,0,0,0,0,0,0,0,0,0
pbt,bintrie,5,4,storage_mixed_k100,4,,3254,0,0,0.0423,0.527,0.0032,0.1709,0.9849,0,4,0,0,0,0,0,0,0,0,0,0,4,0,0,0,0,0,0,0,0,0
pbt,bintrie,5,4,storage_mixed_k100,4,,3255,0,0,0.0373,0.5302,0.0041,0.1563,0.9461,0,4,0,0,0,0,0,0,0,0,0,0,4,0,0,0,0,0,0,0,0,0
pbt,bintrie,5,4,storage_mixed_k100,4,,3256,0,0,0.1394,2.0498,0.0029,2.6926,5.9146,0,4,0,0,0,0,0,0,0,0,0,0,4,0,0,0,0,0,0,0,0,0
pbt,bintrie,5,4,storage_mixed_k100,4,,3257,91722,2,1.47,79.5725,1.7275,2.3995,104.192,0.8803,11,0,0,0,3,0,0,0,1,305,4,7,36.36,0,0,0,0,0,0,0,0
pbt,bintrie,5,4,storage_mixed_k100,4,,3258,15913612,1,277.355,28.1909,21.5142,15.7522,343.3155,46.3527,107,2161,101,3105,5,0,209,0,0,0,28,79,26.17,1575,586,72.88,101,0,100,3105,0
pbt,bintrie,5,4,storage_mixed_k100,4,,3259,21000,1,0.2275,1.8348,98.8404,0.8178,115.5574,0.1817,6,0,0,0,2,0,0,0,0,0,2,4,33.33,0,0,0,0,0,0,0,0
pbt,bintrie,5,4,storage_mixed_k100,4,,3260,0,0,0.0951,2.1274,0.007,1.1133,5.0568,0,4,0,0,0,0,0,0,0,0,0,0,4,0,0,0,0,0,0,0,0,0
pbt,bintrie,5,4,storage_mixed_k100,5,,3261,0,0,0.0796,0.7776,0.0038,0.2301,1.4271,0,4,0,0,0,0,0,0,0,0,0,0,4,0,0,0,0,0,0,0,0,0
pbt,bintrie,5,4,storage_mixed_k100,5,,3262,0,0,0.0846,1.8707,0.007,0.3439,2.7136,0,4,0,0,0,0,0,0,0,0,0,0,4,0,0,0,0,0,0,0,0,0
pbt,bintrie,5,4,storage_mixed_k100,5,,3263,0,0,0.0353,0.6373,0.0023,0.1447,0.9855,0,4,0,0,0,0,0,0,0,0,0,0,4,0,0,0,0,0,0,0,0,0
pbt,bintrie,5,4,storage_mixed_k100,5,,3264,0,0,0.1441,1.7444,0.0038,0.2966,2.6284,0,4,0,0,0,0,0,0,0,0,0,0,4,0,0,0,0,0,0,0,0,0
pbt,bintrie,5,4,storage_mixed_k100,5,,3265,0,0,0.4468,5.7302,0.0158,0.9021,8.2761,0,4,0,0,0,0,0,0,0,0,0,0,4,0,0,0,0,0,0,0,0,0
pbt,bintrie,5,4,storage_mixed_k100,5,,3266,0,0,0.1727,2.118,0.0061,1.7686,8.244,0,4,0,0,0,0,0,0,0,0,0,0,4,0,0,0,0,0,0,0,0,0
pbt,bintrie,5,4,storage_mixed_k100,5,,3267,91722,2,0.1444,2.1125,5.8326,6.2494,14.6885,6.2445,11,0,0,0,3,0,0,0,1,305,6,5,54.55,0,0,0,0,0,0,0,0
pbt,bintrie,5,4,storage_mixed_k100,5,,3268,0,0,0.0735,1.211,0.0041,0.371,2.0069,0,4,0,0,0,0,0,0,0,0,0,0,4,0,0,0,0,0,0,0,0,0
pbt,bintrie,5,4,storage_mixed_k100,5,,3269,15913612,1,266.9816,31.2705,53.4678,4.0966,359.5492,44.2599,107,2161,101,3105,5,0,209,0,0,0,14,93,13.08,1427,734,66.03,101,0,100,3105,0
pbt,bintrie,5,4,storage_mixed_k100,5,,3270,21000,1,0.6492,18.8467,66.2227,0.8137,111.4657,0.1884,6,0,0,0,2,0,0,0,0,0,0,6,0,0,0,0,0,0,0,0,0
pbt,bintrie,5,4,storage_mixed_k100,5,,3271,0,0,0.0892,1.4635,0.0073,0.448,2.5955,0,4,0,0,0,0,0,0,0,0,0,0,4,0,0,0,0,0,0,0,0,0
pbt,bintrie,5,4,storage_mixed_k100,6,,3272,0,0,0.0665,0.6504,0.0032,0.212,1.1897,0,4,0,0,0,0,0,0,0,0,0,0,4,0,0,0,0,0,0,0,0,0
pbt,bintrie,5,4,storage_mixed_k100,6,,3273,0,0,0.0866,1.3825,0.0085,0.2879,2.0842,0,4,0,0,0,0,0,0,0,0,0,0,4,0,0,0,0,0,0,0,0,0
pbt,bintrie,5,4,storage_mixed_k100,6,,3274,0,0,0.0295,0.4387,0.0032,0.1292,0.7265,0,4,0,0,0,0,0,0,0,0,0,0,4,0,0,0,0,0,0,0,0,0
pbt,bintrie,5,4,storage_mixed_k100,6,,3275,0,0,0.1312,2.053,0.0064,0.4165,3.1079,0,4,0,0,0,0,0,0,0,0,0,0,4,0,0,0,0,0,0,0,0,0
pbt,bintrie,5,4,storage_mixed_k100,6,,3276,0,0,0.5343,7.5268,0.0125,0.961,10.2824,0,4,0,0,0,0,0,0,0,0,0,0,4,0,0,0,0,0,0,0,0,0
pbt,bintrie,5,4,storage_mixed_k100,6,,3277,0,0,0.0257,0.45,0.0012,0.1362,0.7545,0,4,0,0,0,0,0,0,0,0,0,0,4,0,0,0,0,0,0,0,0,0
pbt,bintrie,5,4,storage_mixed_k100,6,,3278,91722,2,0.5512,1.0051,7.1888,2.2461,19.4796,4.7086,11,0,0,0,3,0,0,0,1,305,4,7,36.36,0,0,0,0,0,0,0,0
pbt,bintrie,5,4,storage_mixed_k100,6,,3279,0,0,0.0965,2.1434,0.005,0.4287,3.1566,0,4,0,0,0,0,0,0,0,0,0,0,4,0,0,0,0,0,0,0,0,0
pbt,bintrie,5,4,storage_mixed_k100,6,,3280,15913612,1,246.2881,74.5837,4.8617,6.315,332.7662,47.8222,107,2161,101,3105,5,0,209,0,0,0,76,31,71.03,1022,1139,47.29,101,0,100,3105,0
pbt,bintrie,5,4,storage_mixed_k100,6,,3281,21000,1,0.2295,1.8722,105.6529,0.7356,115.2614,0.1822,6,0,0,0,2,0,0,0,0,0,2,4,33.33,0,0,0,0,0,0,0,0
pbt,bintrie,5,4,storage_mixed_k100,6,,3282,0,0,0.0919,1.964,0.0067,0.5918,4.2156,0,4,0,0,0,0,0,0,0,0,0,0,4,0,0,0,0,0,0,0,0,0
pbt,bintrie,5,4,storage_mixed_k100,7,,3283,0,0,0.0607,0.5603,0.0029,0.2202,1.1669,0,4,0,0,0,0,0,0,0,0,0,0,4,0,0,0,0,0,0,0,0,0
pbt,bintrie,5,4,storage_mixed_k100,7,,3284,0,0,0.1759,1.7774,0.0143,0.8656,4.1106,0,4,0,0,0,0,0,0,0,0,0,0,4,0,0,0,0,0,0,0,0,0
pbt,bintrie,5,4,storage_mixed_k100,7,,3285,0,0,0.0286,0.4424,0.0009,0.1,0.6944,0,4,0,0,0,0,0,0,0,0,0,0,4,0,0,0,0,0,0,0,0,0
pbt,bintrie,5,4,storage_mixed_k100,7,,3286,0,0,0.0379,0.534,0.0035,0.161,0.9537,0,4,0,0,0,0,0,0,0,0,0,0,4,0,0,0,0,0,0,0,0,0
pbt,bintrie,5,4,storage_mixed_k100,7,,3287,0,0,0.035,0.5483,0.002,0.1613,0.9184,0,4,0,0,0,0,0,0,0,0,0,0,4,0,0,0,0,0,0,0,0,0
pbt,bintrie,5,4,storage_mixed_k100,7,,3288,0,0,0.0365,0.6682,0.0035,0.1829,1.0896,0,4,0,0,0,0,0,0,0,0,0,0,4,0,0,0,0,0,0,0,0,0
pbt,bintrie,5,4,storage_mixed_k100,7,,3289,91722,2,1.0319,35.5439,1.612,2.1081,93.8763,0.9771,11,0,0,0,3,0,0,0,1,305,4,7,36.36,0,0,0,0,0,0,0,0
pbt,bintrie,5,4,storage_mixed_k100,7,,3290,0,0,0.1088,2.9052,0.0088,0.8963,5.7521,0,4,0,0,0,0,0,0,0,0,0,0,4,0,0,0,0,0,0,0,0,0
pbt,bintrie,5,4,storage_mixed_k100,7,,3291,15913612,1,255.5436,30.6306,8.8113,6.6472,302.4672,52.6127,107,2161,101,3105,5,0,209,0,0,0,21,86,19.63,1586,575,73.39,101,0,100,3105,0
pbt,bintrie,5,4,storage_mixed_k100,7,,3292,21000,1,0.2765,2.9878,124.9799,0.7493,138.3301,0.1518,6,0,0,0,2,0,0,0,0,0,2,4,33.33,0,0,0,0,0,0,0,0
pbt,bintrie,5,4,storage_mixed_k100,7,,3293,0,0,0.1817,2.1029,0.0125,0.8969,4.5193,0,4,0,0,0,0,0,0,0,0,0,0,4,0,0,0,0,0,0,0,0,0
pbt,bintrie,5,4,storage_mixed_k100,8,,3294,0,0,0.0402,0.4337,0.002,0.124,0.7376,0,4,0,0,0,0,0,0,0,0,0,0,4,0,0,0,0,0,0,0,0,0
pbt,bintrie,5,4,storage_mixed_k100,8,,3295,0,0,0.1347,1.7313,0.012,0.6699,3.3555,0,4,0,0,0,0,0,0,0,0,0,0,4,0,0,0,0,0,0,0,0,0
pbt,bintrie,5,4,storage_mixed_k100,8,,3296,0,0,0.0318,0.4984,0.0026,0.152,0.8251,0,4,0,0,0,0,0,0,0,0,0,0,4,0,0,0,0,0,0,0,0,0
pbt,bintrie,5,4,storage_mixed_k100,8,,3297,0,0,0.0837,1.8275,0.0058,0.3065,2.7818,0,4,0,0,0,0,0,0,0,0,0,0,4,0,0,0,0,0,0,0,0,0
pbt,bintrie,5,4,storage_mixed_k100,8,,3298,0,0,0.0391,0.5705,0.0038,0.1441,0.9569,0,4,0,0,0,0,0,0,0,0,0,0,4,0,0,0,0,0,0,0,0,0
pbt,bintrie,5,4,storage_mixed_k100,8,,3299,91722,2,0.1452,2.0253,32.8817,5.3242,42.6012,2.153,11,0,0,0,3,0,0,0,1,305,5,6,45.45,0,0,0,0,0,0,0,0
pbt,bintrie,5,4,storage_mixed_k100,8,,3300,15913612,1,217.7965,29.2595,105.0513,3.744,357.1725,44.5544,107,2161,101,3105,5,0,209,0,0,0,4,103,3.74,270,1891,12.49,101,0,100,3105,0
pbt,bintrie,5,4,storage_mixed_k100,8,,3301,21000,1,0.2788,3.8088,113.876,0.765,130.8675,0.1605,6,0,0,0,2,0,0,0,0,0,0,6,0,0,0,0,0,0,0,0,0
pbt,bintrie,5,4,storage_mixed_k100,8,,3302,0,0,0.1584,1.7117,0.012,0.84,3.7248,0,4,0,0,0,0,0,0,0,0,0,0,4,0,0,0,0,0,0,0,0,0
pbt,bintrie,5,4,storage_mixed_k100,8,,3303,0,0,0.0475,0.7889,0.0044,0.4249,1.9427,0,4,0,0,0,0,0,0,0,0,0,0,4,0,0,0,0,0,0,0,0,0
pbt,bintrie,5,4,storage_mixed_k100,9,,3304,0,0,0.0992,1.3128,0.005,0.313,2.034,0,4,0,0,0,0,0,0,0,0,0,0,4,0,0,0,0,0,0,0,0,0
pbt,bintrie,5,4,storage_mixed_k100,9,,3305,0,0,0.0857,1.3148,0.0073,0.31,2.2764,0,4,0,0,0,0,0,0,0,0,0,0,4,0,0,0,0,0,0,0,0,0
pbt,bintrie,5,4,storage_mixed_k100,9,,3306,0,0,0.0522,0.6921,0.014,0.3512,1.8316,0,4,0,0,0,0,0,0,0,0,0,0,4,0,0,0,0,0,0,0,0,0
pbt,bintrie,5,4,storage_mixed_k100,9,,3307,0,0,0.0566,1.1424,0.0029,0.3299,1.8955,0,4,0,0,0,0,0,0,0,0,0,0,4,0,0,0,0,0,0,0,0,0
pbt,bintrie,5,4,storage_mixed_k100,9,,3308,0,0,0.0744,1.2953,0.0058,0.378,2.2779,0,4,0,0,0,0,0,0,0,0,0,0,4,0,0,0,0,0,0,0,0,0
pbt,bintrie,5,4,storage_mixed_k100,9,,3309,0,0,0.0277,0.5276,0.0018,0.131,0.8575,0,4,0,0,0,0,0,0,0,0,0,0,4,0,0,0,0,0,0,0,0,0
pbt,bintrie,5,4,storage_mixed_k100,9,,3310,91722,2,0.779,70.6326,1.934,6.1073,81.1938,1.1297,11,0,0,0,3,0,0,0,1,305,4,7,36.36,0,0,0,0,0,0,0,0
pbt,bintrie,5,4,storage_mixed_k100,9,,3311,15913612,1,249.3963,39.6948,12.2856,6.0347,320.8977,49.5909,107,2161,101,3105,5,0,209,0,0,0,54,53,50.47,352,1809,16.29,101,0,100,3105,0
pbt,bintrie,5,4,storage_mixed_k100,9,,3312,21000,1,0.1662,4.0786,100.6355,0.7163,120.3389,0.1745,6,0,0,0,2,0,0,0,0,0,2,4,33.33,0,0,0,0,0,0,0,0
pbt,bintrie,5,4,storage_mixed_k100,9,,3313,0,0,0.0942,1.9462,0.0058,0.4535,3.037,0,4,0,0,0,0,0,0,0,0,0,0,4,0,0,0,0,0,0,0,0,0
pbt,bintrie,5,4,storage_mixed_k400,10,,3521,0,0,0.0569,0.6889,0.0035,0.1942,1.1763,0,4,0,0,0,0,0,0,0,0,0,0,4,0,0,0,0,0,0,0,0,0
pbt,bintrie,5,4,storage_mixed_k400,10,,3522,0,0,0.0942,1.3212,0.007,0.6513,2.9959,0,4,0,0,0,0,0,0,0,0,0,0,4,0,0,0,0,0,0,0,0,0
pbt,bintrie,5,4,storage_mixed_k400,10,,3523,0,0,0.0615,0.7186,0.2144,5.3683,16.1264,0,4,0,0,0,0,0,0,0,0,0,0,4,0,0,0,0,0,0,0,0,0
pbt,bintrie,5,4,storage_mixed_k400,10,,3524,0,0,0.0376,0.5474,0.0029,0.1444,0.8986,0,4,0,0,0,0,0,0,0,0,0,0,4,0,0,0,0,0,0,0,0,0
pbt,bintrie,5,4,storage_mixed_k400,10,,3525,0,0,0.0496,2.3391,0.0026,0.128,2.7037,0,4,0,0,0,0,0,0,0,0,0,0,4,0,0,0,0,0,0,0,0,0
pbt,bintrie,5,4,storage_mixed_k400,10,,3526,91710,2,1.2999,16.4181,1.4481,2.2271,31.9168,2.8734,11,0,0,0,3,0,0,0,1,305,4,7,36.36,0,0,0,0,0,0,0,0
pbt,bintrie,5,4,storage_mixed_k400,10,,3527,15912924,1,232.9686,57.4181,60.3227,15.6076,366.6354,43.4026,407,2282,401,11505,73,0,191,0,0,0,23,384,5.65,228,2054,9.99,401,0,100,11505,0
pbt,bintrie,5,4,storage_mixed_k400,10,,3528,21000,1,0.2756,1.8885,121.8228,0.7758,137.2455,0.153,6,0,0,0,2,0,0,0,0,0,2,4,33.33,0,0,0,0,0,0,0,0
pbt,bintrie,5,4,storage_mixed_k400,10,,3529,0,0,0.1301,1.6132,0.0131,0.9578,4.0406,0,4,0,0,0,0,0,0,0,0,0,0,4,0,0,0,0,0,0,0,0,0
pbt,bintrie,5,4,storage_mixed_k400,10,,3530,0,0,0.1913,2.2531,0.0102,0.7122,4.6103,0,4,0,0,0,0,0,0,0,0,0,0,4,0,0,0,0,0,0,0,0,0
pbt,bintrie,5,4,storage_mixed_k400,11,,3531,0,0,0.0443,0.4608,0.0012,0.14,0.8624,0,4,0,0,0,0,0,0,0,0,0,0,4,0,0,0,0,0,0,0,0,0
pbt,bintrie,5,4,storage_mixed_k400,11,,3532,0,0,0.103,1.4688,0.0073,0.4363,2.4978,0,4,0,0,0,0,0,0,0,0,0,0,4,0,0,0,0,0,0,0,0,0
pbt,bintrie,5,4,storage_mixed_k400,11,,3533,0,0,0.0397,0.6157,0.002,0.1117,0.9339,0,4,0,0,0,0,0,0,0,0,0,0,4,0,0,0,0,0,0,0,0,0
pbt,bintrie,5,4,storage_mixed_k400,11,,3534,0,0,0.0347,0.4637,0.0029,0.1406,0.8589,0,4,0,0,0,0,0,0,0,0,0,0,4,0,0,0,0,0,0,0,0,0
pbt,bintrie,5,4,storage_mixed_k400,11,,3535,0,0,0.0286,0.3768,0.002,0.3229,1.1494,0,4,0,0,0,0,0,0,0,0,0,0,4,0,0,0,0,0,0,0,0,0
pbt,bintrie,5,4,storage_mixed_k400,11,,3536,91710,2,1.4008,3.3838,11.6521,27.3792,55.8743,1.6414,11,0,0,0,3,0,0,0,1,305,4,7,36.36,0,0,0,0,0,0,0,0
pbt,bintrie,5,4,storage_mixed_k400,11,,3537,15912924,1,240.1023,28.2842,119.2236,9.7303,400.56,39.7267,407,2282,401,11505,73,0,191,0,0,0,312,95,76.66,1599,683,70.07,401,0,100,11505,0
pbt,bintrie,5,4,storage_mixed_k400,11,,3538,21000,1,0.4495,4.4907,101.9929,0.7318,122.5319,0.1714,6,0,0,0,2,0,0,0,0,0,2,4,33.33,0,0,0,0,0,0,0,0
pbt,bintrie,5,4,storage_mixed_k400,11,,3539,0,0,0.1496,2.0393,0.0102,0.8563,4.4,0,4,0,0,0,0,0,0,0,0,0,0,4,0,0,0,0,0,0,0,0,0
pbt,bintrie,5,4,storage_mixed_k400,11,,3540,0,0,0.1531,2.1959,0.0082,0.8627,4.4242,0,4,0,0,0,0,0,0,0,0,0,0,4,0,0,0,0,0,0,0,0,0
pbt,bintrie,5,4,storage_mixed_k400,12,,3541,0,0,0.0499,0.4699,0.002,0.1517,0.8741,0,4,0,0,0,0,0,0,0,0,0,0,4,0,0,0,0,0,0,0,0,0
pbt,bintrie,5,4,storage_mixed_k400,12,,3542,0,0,0.0612,1.1077,0.0038,0.32,1.834,0,4,0,0,0,0,0,0,0,0,0,0,4,0,0,0,0,0,0,0,0,0
pbt,bintrie,5,4,storage_mixed_k400,12,,3543,0,0,0.0522,0.6772,0.0012,0.1067,1.1573,0,4,0,0,0,0,0,0,0,0,0,0,4,0,0,0,0,0,0,0,0,0
pbt,bintrie,5,4,storage_mixed_k400,12,,3544,0,0,0.0303,0.3867,0.0009,0.1662,0.7653,0,4,0,0,0,0,0,0,0,0,0,0,4,0,0,0,0,0,0,0,0,0
pbt,bintrie,5,4,storage_mixed_k400,12,,3545,0,0,0.3856,3.7709,0.0852,4.9127,20.2566,0,4,0,0,0,0,0,0,0,0,0,0,4,0,0,0,0,0,0,0,0,0
pbt,bintrie,5,4,storage_mixed_k400,12,,3546,91710,2,0.6032,2.8023,24.8339,2.2125,31.0454,2.9541,11,0,0,0,3,0,0,0,1,305,4,7,36.36,0,0,0,0,0,0,0,0
pbt,bintrie,5,4,storage_mixed_k400,12,,3547,15912924,1,191.5098,65.0295,34.5152,31.489,323.2441,49.2288,407,2282,401,11505,73,0,191,0,0,0,168,239,41.28,351,1931,15.38,401,0,100,11505,0
pbt,bintrie,5,4,storage_mixed_k400,12,,3548,21000,1,0.233,4.1118,102.4788,0.6606,111.2408,0.1888,6,0,0,0,2,0,0,0,0,0,2,4,33.33,0,0,0,0,0,0,0,0
pbt,bintrie,5,4,storage_mixed_k400,12,,3549,0,0,0.0965,1.3361,0.007,0.6233,3.0554,0,4,0,0,0,0,0,0,0,0,0,0,4,0,0,0,0,0,0,0,0,0
pbt,bintrie,5,4,storage_mixed_k400,12,,3550,0,0,0.0414,0.5941,0.0044,0.3599,1.6313,0,4,0,0,0,0,0,0,0,0,0,0,4,0,0,0,0,0,0,0,0,0
pbt,bintrie,5,4,storage_mixed_k400,13,,3551,0,0,0.0618,0.6583,0.0026,0.2082,1.2116,0,4,0,0,0,0,0,0,0,0,0,0,4,0,0,0,0,0,0,0,0,0
pbt,bintrie,5,4,storage_mixed_k400,13,,3552,0,0,0.0402,0.497,0.0029,0.1537,0.9202,0,4,0,0,0,0,0,0,0,0,0,0,4,0,0,0,0,0,0,0,0,0
pbt,bintrie,5,4,storage_mixed_k400,13,,3553,0,0,0.0388,0.492,0.0023,0.1129,0.856,0,4,0,0,0,0,0,0,0,0,0,0,4,0,0,0,0,0,0,0,0,0
pbt,bintrie,5,4,storage_mixed_k400,13,,3554,0,0,0.0904,1.4533,0.0044,0.2788,2.2671,0,4,0,0,0,0,0,0,0,0,0,0,4,0,0,0,0,0,0,0,0,0
pbt,bintrie,5,4,storage_mixed_k400,13,,3555,0,0,0.0735,0.7178,0.0052,7.9958,21.761,0,4,0,0,0,0,0,0,0,0,0,0,4,0,0,0,0,0,0,0,0,0
pbt,bintrie,5,4,storage_mixed_k400,13,,3556,91710,2,0.4101,0.877,26.6778,6.0528,100.1193,0.916,11,0,0,0,3,0,0,0,1,305,4,7,36.36,0,0,0,0,0,0,0,0
pbt,bintrie,5,4,storage_mixed_k400,13,,3557,15912924,1,234.1702,79.4981,38.7333,18.9547,371.6766,42.8139,407,2282,401,11505,73,0,191,0,0,0,116,291,28.5,645,1637,28.26,401,0,100,11505,0
pbt,bintrie,5,4,storage_mixed_k400,13,,3558,21000,1,0.2205,1.7561,106.2339,0.7586,120.1749,0.1747,6,0,0,0,2,0,0,0,0,0,2,4,33.33,0,0,0,0,0,0,0,0
pbt,bintrie,5,4,storage_mixed_k400,13,,3559,0,0,0.0598,0.6904,0.0064,0.4346,1.8806,0,4,0,0,0,0,0,0,0,0,0,0,4,0,0,0,0,0,0,0,0,0
pbt,bintrie,5,4,storage_mixed_k400,13,,3560,0,0,0.0787,1.0611,0.0064,0.5189,2.4683,0,4,0,0,0,0,0,0,0,0,0,0,4,0,0,0,0,0,0,0,0,0
pbt,bintrie,5,4,storage_mixed_k400,14,,3561,0,0,0.0668,0.6603,0.0038,0.2071,1.2142,0,4,0,0,0,0,0,0,0,0,0,0,4,0,0,0,0,0,0,0,0,0
pbt,bintrie,5,4,storage_mixed_k400,14,,3562,0,0,0.1053,1.4962,0.0073,0.4226,2.4601,0,4,0,0,0,0,0,0,0,0,0,0,4,0,0,0,0,0,0,0,0,0
pbt,bintrie,5,4,storage_mixed_k400,14,,3563,0,0,0.0618,0.6851,0.0029,1.0961,3.3147,0,4,0,0,0,0,0,0,0,0,0,0,4,0,0,0,0,0,0,0,0,0
pbt,bintrie,5,4,storage_mixed_k400,14,,3564,0,0,0.0761,1.3679,0.0076,0.278,2.158,0,4,0,0,0,0,0,0,0,0,0,0,4,0,0,0,0,0,0,0,0,0
pbt,bintrie,5,4,storage_mixed_k400,14,,3565,0,0,0.0682,1.1911,0.0038,0.3436,1.8882,0,4,0,0,0,0,0,0,0,0,0,0,4,0,0,0,0,0,0,0,0,0
pbt,bintrie,5,4,storage_mixed_k400,14,,3566,0,0,0.0729,1.0436,0.0023,0.1362,3.2115,0,4,0,0,0,0,0,0,0,0,0,0,4,0,0,0,0,0,0,0,0,0
pbt,bintrie,5,4,storage_mixed_k400,14,,3567,91710,2,0.1327,0.8992,12.4416,6.0931,31.2635,2.9334,11,0,0,0,3,0,0,0,1,305,5,6,45.45,0,0,0,0,0,0,0,0
pbt,bintrie,5,4,storage_mixed_k400,14,,3568,15912924,1,211.8241,16.2183,124.4206,10.0742,363.797,43.7412,407,2282,401,11505,73,0,191,0,0,0,63,344,15.48,1655,627,72.52,401,0,100,11505,0
pbt,bintrie,5,4,storage_mixed_k400,14,,3569,21000,1,2.1224,2.9186,97.4926,0.7618,113.5091,0.185,6,0,0,0,2,0,0,0,0,0,2,4,33.33,0,0,0,0,0,0,0,0
pbt,bintrie,5,4,storage_mixed_k400,14,,3570,0,0,0.0892,1.7666,0.0047,0.4144,3.7289,0,4,0,0,0,0,0,0,0,0,0,0,4,0,0,0,0,0,0,0,0,0
pbt,bintrie,5,4,storage_mixed_k400,15,,3571,0,0,0.0487,0.5349,0.0015,0.2202,1.0249,0,4,0,0,0,0,0,0,0,0,0,0,4,0,0,0,0,0,0,0,0,0
pbt,bintrie,5,4,storage_mixed_k400,15,,3572,0,0,0.0828,1.3034,0.0053,0.3751,2.2478,0,4,0,0,0,0,0,0,0,0,0,0,4,0,0,0,0,0,0,0,0,0
pbt,bintrie,5,4,storage_mixed_k400,15,,3573,0,0,0.0297,0.497,0.0023,0.1298,0.8123,0,4,0,0,0,0,0,0,0,0,0,0,4,0,0,0,0,0,0,0,0,0
pbt,bintrie,5,4,storage_mixed_k400,15,,3574,0,0,0.0347,0.5381,0.0026,0.1385,0.9085,0,4,0,0,0,0,0,0,0,0,0,0,4,0,0,0,0,0,0,0,0,0
pbt,bintrie,5,4,storage_mixed_k400,15,,3575,0,0,0.0335,0.5655,0.0035,0.1633,0.9558,0,4,0,0,0,0,0,0,0,0,0,0,4,0,0,0,0,0,0,0,0,0
pbt,bintrie,5,4,storage_mixed_k400,15,,3576,0,0,0.0423,0.6029,0.0029,0.112,0.9088,0,4,0,0,0,0,0,0,0,0,0,0,4,0,0,0,0,0,0,0,0,0
pbt,bintrie,5,4,storage_mixed_k400,15,,3577,91710,2,0.1662,1.9798,0.5375,2.795,5.678,16.1518,11,0,0,0,3,0,0,0,1,305,7,4,63.64,0,0,0,0,0,0,0,0
pbt,bintrie,5,4,storage_mixed_k400,15,,3578,0,0,0.0767,1.302,0.0055,0.4063,2.2172,0,4,0,0,0,0,0,0,0,0,0,0,4,0,0,0,0,0,0,0,0,0
pbt,bintrie,5,4,storage_mixed_k400,15,,3579,15912924,1,193.7089,43.7302,154.9863,12.0451,406.1473,39.1802,407,2282,401,11505,73,0,191,0,0,0,29,378,7.13,123,2159,5.39,401,0,100,11505,0
pbt,bintrie,5,4,storage_mixed_k400,15,,3580,21000,1,0.2292,1.9223,106.8995,0.749,125.1667,0.1678,6,0,0,0,2,0,0,0,0,0,2,4,33.33,0,0,0,0,0,0,0,0
pbt,bintrie,5,4,storage_mixed_k400,15,,3581,0,0,0.112,1.691,0.0093,0.5784,3.5889,0,4,0,0,0,0,0,0,0,0,0,0,4,0,0,0,0,0,0,0,0,0
pbt,bintrie,5,4,storage_mixed_k400,15,,3582,0,0,0.1164,1.8978,0.0108,0.7703,3.8817,0,4,0,0,0,0,0,0,0,0,0,0,4,0,0,0,0,0,0,0,0,0
pbt,bintrie,5,4,storage_mixed_k400,16,,3583,0,0,0.0408,0.4325,0.0018,0.1266,0.7534,0,4,0,0,0,0,0,0,0,0,0,0,4,0,0,0,0,0,0,0,0,0
pbt,bintrie,5,4,storage_mixed_k400,16,,3584,0,0,0.0627,1.2171,0.0067,0.2502,2.0559,0,4,0,0,0,0,0,0,0,0,0,0,4,0,0,0,0,0,0,0,0,0
pbt,bintrie,5,4,storage_mixed_k400,16,,3585,0,0,0.0248,0.4477,0.0015,0.1286,0.7283,0,4,0,0,0,0,0,0,0,0,0,0,4,0,0,0,0,0,0,0,0,0
pbt,bintrie,5,4,storage_mixed_k400,16,,3586,0,0,0.0391,0.5807,0.0026,0.1374,0.9975,0,4,0,0,0,0,0,0,0,0,0,0,4,0,0,0,0,0,0,0,0,0
pbt,bintrie,5,4,storage_mixed_k400,16,,3587,0,0,0.0965,1.4353,0.0055,0.3135,2.3062,0,4,0,0,0,0,0,0,0,0,0,0,4,0,0,0,0,0,0,0,0,0
pbt,bintrie,5,4,storage_mixed_k400,16,,3588,91710,2,0.1584,1.8214,118.1065,2.2049,130.9121,0.7005,11,0,0,0,3,0,0,0,1,305,6,5,54.55,0,0,0,0,0,0,0,0
pbt,bintrie,5,4,storage_mixed_k400,16,,3589,15912924,1,188.0178,42.3827,83.871,39.6945,354.6421,44.8704,407,2282,401,11505,73,0,191,0,0,0,141,266,34.64,183,2099,8.02,401,0,100,11505,0
pbt,bintrie,5,4,storage_mixed_k400,16,,3590,0,0,0.1006,1.9737,0.0061,0.2211,2.8726,0,4,0,0,0,0,0,0,0,0,0,0,4,0,0,0,0,0,0,0,0,0
pbt,bintrie,5,4,storage_mixed_k400,16,,3591,21000,1,0.3022,4.934,94.877,0.6787,110.4817,0.1901,6,0,0,0,2,0,0,0,0,0,2,4,33.33,0,0,0,0,0,0,0,0
pbt,bintrie,5,4,storage_mixed_k400,16,,3592,0,0,0.0825,2.0483,0.0058,0.3829,3.107,0,4,0,0,0,0,0,0,0,0,0,0,4,0,0,0,0,0,0,0,0,0
pbt,bintrie,5,4,storage_mixed_k400,16,,3593,0,0,0.1359,1.6977,0.0093,0.7974,3.6414,0,4,0,0,0,0,0,0,0,0,0,0,4,0,0,0,0,0,0,0,0,0
pbt,bintrie,5,4,storage_mixed_k400,17,,3594,0,0,0.0443,0.5232,0.002,0.1963,1.0923,0,4,0,0,0,0,0,0,0,0,0,0,4,0,0,0,0,0,0,0,0,0
pbt,bintrie,5,4,storage_mixed_k400,17,,3595,0,0,0.0983,1.6158,0.0093,0.4404,2.7369,0,4,0,0,0,0,0,0,0,0,0,0,4,0,0,0,0,0,0,0,0,0
pbt,bintrie,5,4,storage_mixed_k400,17,,3596,0,0,0.0283,0.4369,0.0018,0.1304,0.7149,0,4,0,0,0,0,0,0,0,0,0,0,4,0,0,0,0,0,0,0,0,0
pbt,bintrie,5,4,storage_mixed_k400,17,,3597,0,0,0.0685,1.1763,0.0055,0.3477,1.9279,0,4,0,0,0,0,0,0,0,0,0,0,4,0,0,0,0,0,0,0,0,0
pbt,bintrie,5,4,storage_mixed_k400,17,,3598,0,0,0.037,0.5655,0.0038,0.173,0.9634,0,4,0,0,0,0,0,0,0,0,0,0,4,0,0,0,0,0,0,0,0,0
pbt,bintrie,5,4,storage_mixed_k400,17,,3599,91710,2,0.6632,1.3008,1.0112,5.2417,54.8249,1.6728,11,0,0,0,3,0,0,0,1,305,4,7,36.36,0,0,0,0,0,0,0,0
pbt,bintrie,5,4,storage_mixed_k400,17,,3600,15912924,1,199.1443,47.9347,68.6012,40.8982,370.5515,42.9439,407,2282,401,11505,73,0,191,0,0,0,67,340,16.46,667,1615,29.23,401,0,100,11505,0
pbt,bintrie,5,4,storage_mixed_k400,17,,3601,21000,1,0.1146,1.8051,97.2879,0.7846,103.1628,0.2036,6,0,0,0,2,0,0,0,0,0,2,4,33.33,0,0,0,0,0,0,0,0
pbt,bintrie,5,4,storage_mixed_k400,18,,3603,0,0,0.0458,0.4766,0.0026,0.1368,0.8934,0,4,0,0,0,0,0,0,0,0,0,0,4,0,0,0,0,0,0,0,0,0
pbt,bintrie,5,4,storage_mixed_k400,18,,3604,0,0,0.0432,0.616,0.0035,0.1727,1.0158,0,4,0,0,0,0,0,0,0,0,0,0,4,0,0,0,0,0,0,0,0,0
pbt,bintrie,5,4,storage_mixed_k400,18,,3605,0,0,0.0347,0.6734,0.002,0.1292,1.0643,0,4,0,0,0,0,0,0,0,0,0,0,4,0,0,0,0,0,0,0,0,0
pbt,bintrie,5,4,storage_mixed_k400,18,,3606,0,0,0.0391,0.5655,0.0026,0.159,1.0158,0,4,0,0,0,0,0,0,0,0,0,0,4,0,0,0,0,0,0,0,0,0
pbt,bintrie,5,4,storage_mixed_k400,18,,3607,0,0,0.0429,0.567,0.0029,0.1479,1.0453,0,4,0,0,0,0,0,0,0,0,0,0,4,0,0,0,0,0,0,0,0,0
pbt,bintrie,5,4,storage_mixed_k400,18,,3608,0,0,0.0332,0.5754,0.0023,0.1047,0.8674,0,4,0,0,0,0,0,0,0,0,0,0,4,0,0,0,0,0,0,0,0,0
pbt,bintrie,5,4,storage_mixed_k400,18,,3609,91710,2,0.658,91.4789,0.7044,2.2525,100.9001,0.9089,11,0,0,0,3,0,0,0,1,305,4,7,36.36,0,0,0,0,0,0,0,0
pbt,bintrie,5,4,storage_mixed_k400,18,,3610,15912924,1,200.8838,34.9719,36.311,19.9057,292.3982,54.4221,407,2282,401,11505,73,0,191,0,0,0,2,405,0.49,0,2282,0,401,0,100,11505,0
pbt,bintrie,5,4,storage_mixed_k400,18,,3611,21000,1,0.2237,3.2433,109.4323,0.7248,121.6551,0.1726,6,0,0,0,2,0,0,0,0,0,2,4,33.33,0,0,0,0,0,0,0,0
pbt,bintrie,5,4,storage_mixed_k400,18,,3612,0,0,0.0379,0.6323,0.0029,0.3328,1.5805,0,4,0,0,0,0,0,0,0,0,0,0,4,0,0,0,0,0,0,0,0,0
pbt,bintrie,5,4,storage_mixed_k400,19,,3613,0,0,0.0694,0.6635,0.0029,0.2097,1.1946,0,4,0,0,0,0,0,0,0,0,0,0,4,0,0,0,0,0,0,0,0,0
pbt,bintrie,5,4,storage_mixed_k400,19,,3614,0,0,0.0983,1.4288,0.0076,0.3197,2.2913,0,4,0,0,0,0,0,0,0,0,0,0,4,0,0,0,0,0,0,0,0,0
pbt,bintrie,5,4,storage_mixed_k400,19,,3615,0,0,0.0639,0.7274,0.0055,4.0549,11.4523,0,4,0,0,0,0,0,0,0,0,0,0,4,0,0,0,0,0,0,0,0,0
pbt,bintrie,5,4,storage_mixed_k400,19,,3616,0,0,0.0344,0.5527,0.0029,0.1467,0.9482,0,4,0,0,0,0,0,0,0,0,0,0,4,0,0,0,0,0,0,0,0,0
pbt,bintrie,5,4,storage_mixed_k400,19,,3617,0,0,0.0388,0.5897,0.0035,0.1849,1.0412,0,4,0,0,0,0,0,0,0,0,0,0,4,0,0,0,0,0,0,0,0,0
pbt,bintrie,5,4,storage_mixed_k400,19,,3618,91710,2,0.9788,56.702,4.3451,2.1863,64.7454,1.4165,11,0,0,0,3,0,0,0,1,305,4,7,36.36,0,0,0,0,0,0,0,0
pbt,bintrie,5,4,storage_mixed_k400,19,,3619,15912924,1,272.7614,34.9583,40.2813,29.5917,378.2738,42.0672,407,2282,401,11505,73,0,191,0,0,0,234,173,57.49,1948,334,85.36,401,0,100,11505,0
pbt,bintrie,5,4,storage_mixed_k400,19,,3620,21000,1,0.1557,2.3604,93.62,2.3951,103.0341,0.2038,6,0,0,0,2,0,0,0,0,0,2,4,33.33,0,0,0,0,0,0,0,0
pbt,bintrie,5,4,storage_mixed_k400,19,,3621,0,0,0.091,1.2256,0.0029,0.4687,2.3056,0,4,0,0,0,0,0,0,0,0,0,0,4,0,0,0,0,0,0,0,0,0
pbt,bintrie,5,4,storage_mixed_k400,19,,3622,0,0,0.1245,1.5344,0.0073,0.4247,2.706,0,4,0,0,0,0,0,0,0,0,0,0,4,0,0,0,0,0,0,0,0,0
pbt,bintrie,5,4,storage_mixed_k400,1,,3429,0,0,0.2266,12.2404,0.016,1.773,15.1514,0,4,0,0,0,0,0,0,0,0,0,0,4,0,0,0,0,0,0,0,0,0
pbt,bintrie,5,4,storage_mixed_k400,1,,3430,0,0,0.1426,1.6709,0.009,0.3579,2.58,0,4,0,0,0,0,0,0,0,0,0,0,4,0,0,0,0,0,0,0,0,0
pbt,bintrie,5,4,storage_mixed_k400,1,,3431,0,0,0.112,1.4659,0.0029,0.1085,2.5386,0,4,0,0,0,0,0,0,0,0,0,0,4,0,0,0,0,0,0,0,0,0
pbt,bintrie,5,4,storage_mixed_k400,1,,3432,0,0,0.0382,0.5332,0.0029,0.166,0.9867,0,4,0,0,0,0,0,0,0,0,0,0,4,0,0,0,0,0,0,0,0,0
pbt,bintrie,5,4,storage_mixed_k400,1,,3433,0,0,0.0793,1.9109,0.0064,0.5938,3.2243,0,4,0,0,0,0,0,0,0,0,0,0,4,0,0,0,0,0,0,0,0,0
pbt,bintrie,5,4,storage_mixed_k400,1,,3434,91710,2,0.4492,7.5954,102.5132,6.8829,120.3453,0.7621,11,0,0,0,3,0,0,0,1,305,5,6,45.45,0,0,0,0,0,0,0,0
pbt,bintrie,5,4,storage_mixed_k400,1,,3435,15912924,1,200.9809,47.4194,126.9254,9.3433,385.0067,41.3316,407,2282,401,11505,73,0,191,0,0,0,0,407,0,735,1547,32.21,401,0,100,11505,0
pbt,bintrie,5,4,storage_mixed_k400,1,,3436,21000,1,1.5105,3.1595,106.81,0.8336,113.1019,0.1857,6,0,0,0,2,0,0,0,0,0,0,6,0,0,0,0,0,0,0,0,0
pbt,bintrie,5,4,storage_mixed_k400,1,,3437,0,0,0.1202,1.6552,0.0102,0.6498,3.6373,0,4,0,0,0,0,0,0,0,0,0,0,4,0,0,0,0,0,0,0,0,0
pbt,bintrie,5,4,storage_mixed_k400,1,,3438,0,0,0.075,1.4673,0.0163,0.7819,3.3576,0,4,0,0,0,0,0,0,0,0,0,0,4,0,0,0,0,0,0,0,0,0
pbt,bintrie,5,4,storage_mixed_k400,20,,3623,0,0,0.0467,0.4987,0.002,0.1455,0.9135,0,4,0,0,0,0,0,0,0,0,0,0,4,0,0,0,0,0,0,0,0,0
pbt,bintrie,5,4,storage_mixed_k400,20,,3624,0,0,0.1027,1.367,0.007,0.4165,2.3304,0,4,0,0,0,0,0,0,0,0,0,0,4,0,0,0,0,0,0,0,0,0
pbt,bintrie,5,4,storage_mixed_k400,20,,3625,0,0,0.035,0.6516,0.0023,0.1339,1.0389,0,4,0,0,0,0,0,0,0,0,0,0,4,0,0,0,0,0,0,0,0,0
pbt,bintrie,5,4,storage_mixed_k400,20,,3626,0,0,0.0347,0.5999,0.0026,0.1642,1.0068,0,4,0,0,0,0,0,0,0,0,0,0,4,0,0,0,0,0,0,0,0,0
pbt,bintrie,5,4,storage_mixed_k400,20,,3627,0,0,0.026,0.4541,0.0023,0.1009,0.7426,0,4,0,0,0,0,0,0,0,0,0,0,4,0,0,0,0,0,0,0,0,0
pbt,bintrie,5,4,storage_mixed_k400,20,,3628,91710,2,0.6857,4.2057,31.7891,2.2834,39.4772,2.3231,11,0,0,0,3,0,0,0,1,305,5,6,45.45,0,0,0,0,0,0,0,0
pbt,bintrie,5,4,storage_mixed_k400,20,,3629,15912924,1,206.2524,49.284,121.7021,9.7204,388.2862,40.9825,407,2282,401,11505,73,0,191,0,0,0,90,317,22.11,336,1946,14.72,401,0,100,11505,0
pbt,bintrie,5,4,storage_mixed_k400,20,,3630,21000,1,0.2383,2.6792,99.4158,0.7429,113.8436,0.1845,6,0,0,0,2,0,0,0,0,0,2,4,33.33,0,0,0,0,0,0,0,0
pbt,bintrie,5,4,storage_mixed_k400,20,,3631,0,0,0.2091,1.7313,0.0111,0.7105,3.7852,0,4,0,0,0,0,0,0,0,0,0,0,4,0,0,0,0,0,0,0,0,0
pbt,bintrie,5,4,storage_mixed_k400,20,,3632,0,0,0.1674,2.0655,0.0093,0.7105,4.1984,0,4,0,0,0,0,0,0,0,0,0,0,4,0,0,0,0,0,0,0,0,0
pbt,bintrie,5,4,storage_mixed_k400,2,,3439,0,0,0.0484,0.4605,0.0029,0.1429,0.8808,0,4,0,0,0,0,0,0,0,0,0,0,4,0,0,0,0,0,0,0,0,0
pbt,bintrie,5,4,storage_mixed_k400,2,,3440,0,0,0.1237,1.5263,0.0093,0.3217,2.6389,0,4,0,0,0,0,0,0,0,0,0,0,4,0,0,0,0,0,0,0,0,0
pbt,bintrie,5,4,storage_mixed_k400,2,,3441,0,0,0.0289,0.4357,0.0015,0.1458,0.7711,0,4,0,0,0,0,0,0,0,0,0,0,4,0,0,0,0,0,0,0,0,0
pbt,bintrie,5,4,storage_mixed_k400,2,,3442,0,0,0.0901,1.3209,0.0064,0.2809,2.1831,0,4,0,0,0,0,0,0,0,0,0,0,4,0,0,0,0,0,0,0,0,0
pbt,bintrie,5,4,storage_mixed_k400,2,,3443,0,0,0.1196,1.8124,0.0391,0.3188,2.7836,0,4,0,0,0,0,0,0,0,0,0,0,4,0,0,0,0,0,0,0,0,0
pbt,bintrie,5,4,storage_mixed_k400,2,,3444,0,0,0.1697,2.181,0.0099,1.8862,13.7686,0,4,0,0,0,0,0,0,0,0,0,0,4,0,0,0,0,0,0,0,0,0
pbt,bintrie,5,4,storage_mixed_k400,2,,3445,91710,2,0.3144,2.9099,55.7655,5.5202,64.8312,1.4146,11,0,0,0,3,0,0,0,1,305,5,6,45.45,0,0,0,0,0,0,0,0
pbt,bintrie,5,4,storage_mixed_k400,2,,3446,0,0,0.1415,1.4303,0.0053,0.4284,2.4397,0,4,0,0,0,0,0,0,0,0,0,0,4,0,0,0,0,0,0,0,0,0
pbt,bintrie,5,4,storage_mixed_k400,2,,3447,15912924,1,214.8907,68.3667,14.6559,13.2087,311.3727,51.1057,407,2282,401,11505,73,0,191,0,0,0,16,391,3.93,1015,1267,44.48,401,0,100,11505,0
pbt,bintrie,5,4,storage_mixed_k400,2,,3448,21000,1,0.1934,1.3854,97.7233,0.7184,111.4301,0.1885,6,0,0,0,2,0,0,0,0,0,2,4,33.33,0,0,0,0,0,0,0,0
pbt,bintrie,5,4,storage_mixed_k400,2,,3449,0,0,0.0904,1.9054,0.0061,1.3842,4.953,0,4,0,0,0,0,0,0,0,0,0,0,4,0,0,0,0,0,0,0,0,0
pbt,bintrie,5,4,storage_mixed_k400,3,,3450,0,0,0.0542,0.4859,0.0018,0.2185,1.0004,0,4,0,0,0,0,0,0,0,0,0,0,4,0,0,0,0,0,0,0,0,0
pbt,bintrie,5,4,storage_mixed_k400,3,,3451,0,0,0.1289,1.2646,0.0093,1.4644,7.0882,0,4,0,0,0,0,0,0,0,0,0,0,4,0,0,0,0,0,0,0,0,0
pbt,bintrie,5,4,storage_mixed_k400,3,,3452,0,0,0.0254,0.5766,0.0023,0.149,0.8796,0,4,0,0,0,0,0,0,0,0,0,0,4,0,0,0,0,0,0,0,0,0
pbt,bintrie,5,4,storage_mixed_k400,3,,3453,0,0,0.0805,1.2296,0.0038,0.4322,2.0728,0,4,0,0,0,0,0,0,0,0,0,0,4,0,0,0,0,0,0,0,0,0
pbt,bintrie,5,4,storage_mixed_k400,3,,3454,0,0,0.0758,1.2868,0.0035,0.3211,2.1335,0,4,0,0,0,0,0,0,0,0,0,0,4,0,0,0,0,0,0,0,0,0
pbt,bintrie,5,4,storage_mixed_k400,3,,3455,0,0,0.0633,0.8476,0.0023,0.3132,1.5808,0,4,0,0,0,0,0,0,0,0,0,0,4,0,0,0,0,0,0,0,0,0
pbt,bintrie,5,4,storage_mixed_k400,3,,3456,91710,2,0.989,85.8166,1.6295,2.0031,114.9341,0.7979,11,0,0,0,3,0,0,0,1,305,5,6,45.45,0,0,0,0,0,0,0,0
pbt,bintrie,5,4,storage_mixed_k400,3,,3457,15912924,1,246.6658,61.3243,27.747,8.9516,344.8951,46.1384,407,2282,401,11505,73,0,191,0,0,0,90,317,22.11,851,1431,37.29,401,0,100,11505,0
pbt,bintrie,5,4,storage_mixed_k400,3,,3458,21000,1,1.3644,5.6646,73.8326,0.758,106.7525,0.1967,6,0,0,0,2,0,0,0,0,0,0,6,0,0,0,0,0,0,0,0,0
pbt,bintrie,5,4,storage_mixed_k400,3,,3459,0,0,0.1082,2.0297,0.0064,0.8228,3.8225,0,4,0,0,0,0,0,0,0,0,0,0,4,0,0,0,0,0,0,0,0,0
pbt,bintrie,5,4,storage_mixed_k400,4,,3460,0,0,0.0825,0.6603,0.0029,0.2071,1.2544,0,4,0,0,0,0,0,0,0,0,0,0,4,0,0,0,0,0,0,0,0,0
pbt,bintrie,5,4,storage_mixed_k400,4,,3461,0,0,0.0755,1.3297,0.0082,0.5577,2.932,0,4,0,0,0,0,0,0,0,0,0,0,4,0,0,0,0,0,0,0,0,0
pbt,bintrie,5,4,storage_mixed_k400,4,,3462,0,0,0.026,0.4325,0.0038,0.1225,0.7154,0,4,0,0,0,0,0,0,0,0,0,0,4,0,0,0,0,0,0,0,0,0
pbt,bintrie,5,4,storage_mixed_k400,4,,3463,0,0,0.0822,1.8045,0.0058,0.3159,2.6847,0,4,0,0,0,0,0,0,0,0,0,0,4,0,0,0,0,0,0,0,0,0
pbt,bintrie,5,4,storage_mixed_k400,4,,3464,0,0,0.0662,1.2078,0.0044,0.364,1.9378,0,4,0,0,0,0,0,0,0,0,0,0,4,0,0,0,0,0,0,0,0,0
pbt,bintrie,5,4,storage_mixed_k400,4,,3465,91710,2,0.2351,6.7782,4.3055,7.2285,18.8181,4.8735,11,0,0,0,3,0,0,0,1,305,5,6,45.45,0,0,0,0,0,0,0,0
pbt,bintrie,5,4,storage_mixed_k400,4,,3466,15912924,1,192.1874,38.2216,102.3703,10.9571,360.1559,44.1834,407,2282,401,11505,73,0,191,0,0,0,90,317,22.11,486,1796,21.3,401,0,100,11505,0
pbt,bintrie,5,4,storage_mixed_k400,4,,3467,21000,1,0.4258,6.4173,108.7145,0.702,131.9712,0.1591,6,0,0,0,2,0,0,0,0,0,2,4,33.33,0,0,0,0,0,0,0,0
pbt,bintrie,5,4,storage_mixed_k400,4,,3468,0,0,0.0907,1.3842,0.0131,0.8939,3.4413,0,4,0,0,0,0,0,0,0,0,0,0,4,0,0,0,0,0,0,0,0,0
pbt,bintrie,5,4,storage_mixed_k400,4,,3469,0,0,0.0974,1.5385,0.0061,0.695,3.5658,0,4,0,0,0,0,0,0,0,0,0,0,4,0,0,0,0,0,0,0,0,0
pbt,bintrie,5,4,storage_mixed_k400,5,,3470,0,0,0.0432,0.4524,0.0029,0.1397,0.8257,0,4,0,0,0,0,0,0,0,0,0,0,4,0,0,0,0,0,0,0,0,0
pbt,bintrie,5,4,storage_mixed_k400,5,,3471,0,0,0.0945,1.3431,0.0096,0.3532,2.3152,0,4,0,0,0,0,0,0,0,0,0,0,4,0,0,0,0,0,0,0,0,0
pbt,bintrie,5,4,storage_mixed_k400,5,,3472,0,0,0.023,0.3654,0.002,0.1225,0.6352,0,4,0,0,0,0,0,0,0,0,0,0,4,0,0,0,0,0,0,0,0,0
pbt,bintrie,5,4,storage_mixed_k400,5,,3473,0,0,0.0332,0.541,0.0035,0.168,0.9569,0,4,0,0,0,0,0,0,0,0,0,0,4,0,0,0,0,0,0,0,0,0
pbt,bintrie,5,4,storage_mixed_k400,5,,3474,0,0,0.0373,0.5183,0.0035,0.1318,0.8616,0,4,0,0,0,0,0,0,0,0,0,0,4,0,0,0,0,0,0,0,0,0
pbt,bintrie,5,4,storage_mixed_k400,5,,3475,91710,2,0.2368,1.3775,6.5638,2.2738,10.7316,8.5458,11,0,0,0,3,0,0,0,1,305,5,6,45.45,0,0,0,0,0,0,0,0
pbt,bintrie,5,4,storage_mixed_k400,5,,3476,15912924,1,216.0711,51.171,120.1499,9.5396,398.3392,39.9482,407,2282,401,11505,73,0,191,0,0,0,32,375,7.86,423,1859,18.54,401,0,100,11505,0
pbt,bintrie,5,4,storage_mixed_k400,5,,3477,0,0,0.026,0.4188,0.0012,0.1563,0.8277,0,4,0,0,0,0,0,0,0,0,0,0,4,0,0,0,0,0,0,0,0,0
pbt,bintrie,5,4,storage_mixed_k400,5,,3478,21000,1,0.0738,0.6131,5.7221,0.6694,7.5009,2.7997,6,0,0,0,2,0,0,0,0,0,2,4,33.33,0,0,0,0,0,0,0,0
pbt,bintrie,5,4,storage_mixed_k400,5,,3479,0,0,0.0726,1.2366,0.0061,0.31,2.1845,0,4,0,0,0,0,0,0,0,0,0,0,4,0,0,0,0,0,0,0,0,0
pbt,bintrie,5,4,storage_mixed_k400,5,,3480,0,0,0.1345,2.1702,0.0076,0.8376,4.8162,0,4,0,0,0,0,0,0,0,0,0,0,4,0,0,0,0,0,0,0,0,0
pbt,bintrie,5,4,storage_mixed_k400,6,,3481,0,0,0.0674,0.6107,0.0035,0.2435,1.1946,0,4,0,0,0,0,0,0,0,0,0,0,4,0,0,0,0,0,0,0,0,0
pbt,bintrie,5,4,storage_mixed_k400,6,,3482,0,0,0.1178,1.8961,0.0085,0.4124,2.9364,0,4,0,0,0,0,0,0,0,0,0,0,4,0,0,0,0,0,0,0,0,0
pbt,bintrie,5,4,storage_mixed_k400,6,,3483,0,0,0.1674,2.3423,0.0105,0.973,9.6749,0,4,0,0,0,0,0,0,0,0,0,0,4,0,0,0,0,0,0,0,0,0
pbt,bintrie,5,4,storage_mixed_k400,6,,3484,0,0,0.0303,0.366,0.0015,0.1522,0.7496,0,4,0,0,0,0,0,0,0,0,0,0,4,0,0,0,0,0,0,0,0,0
pbt,bintrie,5,4,storage_mixed_k400,6,,3485,0,0,0.0286,0.401,0.0015,0.1266,0.7744,0,4,0,0,0,0,0,0,0,0,0,0,4,0,0,0,0,0,0,0,0,0
pbt,bintrie,5,4,storage_mixed_k400,6,,3486,91710,2,0.1601,5.9052,3.6778,5.3776,15.4235,5.9461,11,0,0,0,3,0,0,0,1,305,5,6,45.45,0,0,0,0,0,0,0,0
pbt,bintrie,5,4,storage_mixed_k400,6,,3487,15912924,1,297.4737,25.7934,42.3793,50.52,417.0239,38.1583,407,2282,401,11505,73,0,191,0,0,0,122,285,29.98,1597,685,69.98,401,0,100,11505,0
pbt,bintrie,5,4,storage_mixed_k400,6,,3488,21000,1,0.0936,0.5617,104.6543,0.7665,106.6061,0.197,6,0,0,0,2,0,0,0,0,0,2,4,33.33,0,0,0,0,0,0,0,0
pbt,bintrie,5,4,storage_mixed_k400,6,,3489,0,0,0.1948,2.0591,0.0114,1.0272,4.5058,0,4,0,0,0,0,0,0,0,0,0,0,4,0,0,0,0,0,0,0,0,0
pbt,bintrie,5,4,storage_mixed_k400,6,,3490,0,0,0.0706,0.9018,0.0041,0.3882,2.0778,0,4,0,0,0,0,0,0,0,0,0,0,4,0,0,0,0,0,0,0,0,0
pbt,bintrie,5,4,storage_mixed_k400,7,,3491,0,0,0.0782,0.6524,0.0032,0.3156,1.3026,0,4,0,0,0,0,0,0,0,0,0,0,4,0,0,0,0,0,0,0,0,0
pbt,bintrie,5,4,storage_mixed_k400,7,,3492,0,0,0.0878,1.3609,0.007,0.3418,2.2029,0,4,0,0,0,0,0,0,0,0,0,0,4,0,0,0,0,0,0,0,0,0
pbt,bintrie,5,4,storage_mixed_k400,7,,3493,0,0,0.0318,0.4553,0.002,0.1324,0.7466,0,4,0,0,0,0,0,0,0,0,0,0,4,0,0,0,0,0,0,0,0,0
pbt,bintrie,5,4,storage_mixed_k400,7,,3494,0,0,0.1505,1.9847,0.0061,0.5002,3.2514,0,4,0,0,0,0,0,0,0,0,0,0,4,0,0,0,0,0,0,0,0,0
pbt,bintrie,5,4,storage_mixed_k400,7,,3495,0,0,0.0814,1.1908,0.0029,0.4072,2.0816,0,4,0,0,0,0,0,0,0,0,0,0,4,0,0,0,0,0,0,0,0,0
pbt,bintrie,5,4,storage_mixed_k400,7,,3496,91710,2,1.2912,5.174,105.8145,2.7582,121.3121,0.756,11,0,0,0,3,0,0,0,1,305,4,7,36.36,0,0,0,0,0,0,0,0
pbt,bintrie,5,4,storage_mixed_k400,7,,3497,15912924,1,216.0509,96.8676,110.4837,28.4768,456.0973,34.8893,407,2282,401,11505,73,0,191,0,0,0,99,308,24.32,698,1584,30.59,401,0,100,11505,0
pbt,bintrie,5,4,storage_mixed_k400,7,,3498,21000,1,0.2424,33.7663,79.7904,0.7548,115.126,0.1824,6,0,0,0,2,0,0,0,0,0,2,4,33.33,0,0,0,0,0,0,0,0
pbt,bintrie,5,4,storage_mixed_k400,7,,3499,0,0,0.1126,1.432,0.0087,0.6449,3.2336,0,4,0,0,0,0,0,0,0,0,0,0,4,0,0,0,0,0,0,0,0,0
pbt,bintrie,5,4,storage_mixed_k400,7,,3500,0,0,0.1417,1.9422,0.0131,0.8324,4.2095,0,4,0,0,0,0,0,0,0,0,0,0,4,0,0,0,0,0,0,0,0,0
pbt,bintrie,5,4,storage_mixed_k400,8,,3501,0,0,0.047,0.4897,0.002,0.1455,0.8788,0,4,0,0,0,0,0,0,0,0,0,0,4,0,0,0,0,0,0,0,0,0
pbt,bintrie,5,4,storage_mixed_k400,8,,3502,0,0,0.0449,0.7003,0.0041,0.2418,1.2229,0,4,0,0,0,0,0,0,0,0,0,0,4,0,0,0,0,0,0,0,0,0
pbt,bintrie,5,4,storage_mixed_k400,8,,3503,0,0,0.0271,0.5022,0.0023,0.1196,0.7831,0,4,0,0,0,0,0,0,0,0,0,0,4,0,0,0,0,0,0,0,0,0
pbt,bintrie,5,4,storage_mixed_k400,8,,3504,0,0,0.0341,0.5676,0.0023,0.1835,1.0377,0,4,0,0,0,0,0,0,0,0,0,0,4,0,0,0,0,0,0,0,0,0
pbt,bintrie,5,4,storage_mixed_k400,8,,3505,0,0,0.0688,1.262,0.0047,0.2637,1.8978,0,4,0,0,0,0,0,0,0,0,0,0,4,0,0,0,0,0,0,0,0,0
pbt,bintrie,5,4,storage_mixed_k400,8,,3506,0,0,0.0216,0.3803,0.0015,0.086,0.5938,0,4,0,0,0,0,0,0,0,0,0,0,4,0,0,0,0,0,0,0,0,0
pbt,bintrie,5,4,storage_mixed_k400,8,,3507,91710,2,0.6446,1.1407,16.6147,2.3003,24.7572,3.7044,11,0,0,0,3,0,0,0,1,305,4,7,36.36,0,0,0,0,0,0,0,0
pbt,bintrie,5,4,storage_mixed_k400,8,,3508,15912924,1,195.2653,50.7387,114.2333,9.5078,370.4905,42.951,407,2282,401,11505,73,0,191,0,0,0,73,334,17.94,196,2086,8.59,401,0,100,11505,0
pbt,bintrie,5,4,storage_mixed_k400,8,,3509,21000,1,0.2257,3.1225,110.9212,0.7994,129.1318,0.1626,6,0,0,0,2,0,0,0,0,0,2,4,33.33,0,0,0,0,0,0,0,0
pbt,bintrie,5,4,storage_mixed_k400,8,,3510,0,0,0.0493,0.6682,0.0047,0.3844,1.8515,0,4,0,0,0,0,0,0,0,0,0,0,4,0,0,0,0,0,0,0,0,0
pbt,bintrie,5,4,storage_mixed_k400,9,,3511,0,0,0.1219,1.3131,0.0047,0.3322,2.1533,0,4,0,0,0,0,0,0,0,0,0,0,4,0,0,0,0,0,0,0,0,0
pbt,bintrie,5,4,storage_mixed_k400,9,,3512,0,0,0.1102,1.5811,0.0076,0.3418,2.424,0,4,0,0,0,0,0,0,0,0,0,0,4,0,0,0,0,0,0,0,0,0
pbt,bintrie,5,4,storage_mixed_k400,9,,3513,0,0,0.0461,0.6364,0.0026,0.1616,0.982,0,4,0,0,0,0,0,0,0,0,0,0,4,0,0,0,0,0,0,0,0,0
pbt,bintrie,5,4,storage_mixed_k400,9,,3514,0,0,0.0814,1.3098,0.0047,0.3622,2.125,0,4,0,0,0,0,0,0,0,0,0,0,4,0,0,0,0,0,0,0,0,0
pbt,bintrie,5,4,storage_mixed_k400,9,,3515,0,0,0.0703,1.1413,0.023,0.273,1.8552,0,4,0,0,0,0,0,0,0,0,0,0,4,0,0,0,0,0,0,0,0,0
pbt,bintrie,5,4,storage_mixed_k400,9,,3516,0,0,0.0286,0.457,0.002,0.1135,0.7589,0,4,0,0,0,0,0,0,0,0,0,0,4,0,0,0,0,0,0,0,0,0
pbt,bintrie,5,4,storage_mixed_k400,9,,3517,91710,2,0.9706,79.828,1.8144,2.6004,86.269,1.0631,11,0,0,0,3,0,0,0,1,305,5,6,45.45,0,0,0,0,0,0,0,0
pbt,bintrie,5,4,storage_mixed_k400,9,,3518,15912924,1,204.283,81.426,15.4241,24.5513,325.8813,48.8304,407,2282,401,11505,73,0,191,0,0,0,122,285,29.98,741,1541,32.47,401,0,100,11505,0
pbt,bintrie,5,4,storage_mixed_k400,9,,3519,21000,1,0.7122,1.4985,10.7768,0.7408,106.2546,0.1976,6,0,0,0,2,0,0,0,0,0,0,6,0,0,0,0,0,0,0,0,0
pbt,bintrie,5,4,storage_mixed_k400,9,,3520,0,0,0.0645,0.8079,0.0047,0.2275,1.5974,0,4,0,0,0,0,0,0,0,0,0,0,4,0,0,0,0,0,0,0,0,0
pbt,bintrie,5,4,storage_mixed_k700,10,,3723,0,0,0.0744,0.7277,0.0041,0.2272,1.3454,0,4,0,0,0,0,0,0,0,0,0,0,4,0,0,0,0,0,0,0,0,0
pbt,bintrie,5,4,storage_mixed_k700,10,,3724,0,0,0.03,0.4465,0.0012,0.1371,0.812,0,4,0,0,0,0,0,0,0,0,0,0,4,0,0,0,0,0,0,0,0,0
pbt,bintrie,5,4,storage_mixed_k700,10,,3725,0,0,0.0455,0.5897,0.0018,0.1277,0.9596,0,4,0,0,0,0,0,0,0,0,0,0,4,0,0,0,0,0,0,0,0,0
pbt,bintrie,5,4,storage_mixed_k700,10,,3726,0,0,0.0394,0.5997,0.002,0.1587,1.0071,0,4,0,0,0,0,0,0,0,0,0,0,4,0,0,0,0,0,0,0,0,0
pbt,bintrie,5,4,storage_mixed_k700,10,,3727,0,0,0.042,0.6883,0.0026,0.1467,1.0071,0,4,0,0,0,0,0,0,0,0,0,0,4,0,0,0,0,0,0,0,0,0
pbt,bintrie,5,4,storage_mixed_k700,10,,3728,91722,2,0.532,31.7121,22.5278,2.447,59.1234,1.5514,11,0,0,0,3,0,0,0,1,305,4,7,36.36,0,0,0,0,0,0,0,0
pbt,bintrie,5,4,storage_mixed_k700,10,,3729,15906938,1,216.3809,64.9785,103.8473,21.7298,408.0515,38.9827,707,2338,701,19905,129,0,181,0,0,0,197,510,27.86,1054,1284,45.08,701,0,100,19905,0
pbt,bintrie,5,4,storage_mixed_k700,10,,3730,21000,1,1.0564,2.3053,118.4407,0.7318,126.3223,0.1662,6,0,0,0,2,0,0,0,0,0,2,4,33.33,0,0,0,0,0,0,0,0
pbt,bintrie,5,4,storage_mixed_k700,10,,3731,0,0,0.1035,1.8824,0.0064,1.0062,4.7021,0,4,0,0,0,0,0,0,0,0,0,0,4,0,0,0,0,0,0,0,0,0
pbt,bintrie,5,4,storage_mixed_k700,10,,3732,0,0,0.0458,0.7041,0.0052,0.3684,1.7957,0,4,0,0,0,0,0,0,0,0,0,0,4,0,0,0,0,0,0,0,0,0
pbt,bintrie,5,4,storage_mixed_k700,11,,3733,0,0,0.061,0.6629,0.0032,0.1931,1.1631,0,4,0,0,0,0,0,0,0,0,0,0,4,0,0,0,0,0,0,0,0,0
pbt,bintrie,5,4,storage_mixed_k700,11,,3734,0,0,0.033,0.4381,0.0017,0.1622,0.91,0,4,0,0,0,0,0,0,0,0,0,0,4,0,0,0,0,0,0,0,0,0
pbt,bintrie,5,4,storage_mixed_k700,11,,3735,0,0,0.0309,0.6291,0.0017,0.0962,0.8805,0,4,0,0,0,0,0,0,0,0,0,0,4,0,0,0,0,0,0,0,0,0
pbt,bintrie,5,4,storage_mixed_k700,11,,3736,0,0,0.0315,0.4634,0.0015,0.1578,0.9254,0,4,0,0,0,0,0,0,0,0,0,0,4,0,0,0,0,0,0,0,0,0
pbt,bintrie,5,4,storage_mixed_k700,11,,3737,0,0,0.0233,0.4879,0.0015,0.1135,0.8263,0,4,0,0,0,0,0,0,0,0,0,0,4,0,0,0,0,0,0,0,0,0
pbt,bintrie,5,4,storage_mixed_k700,11,,3738,91722,2,1.4767,3.5962,2.0189,2.0203,40.4027,2.2702,11,0,0,0,3,0,0,0,1,305,4,7,36.36,0,0,0,0,0,0,0,0
pbt,bintrie,5,4,storage_mixed_k700,11,,3739,15906938,1,166.0529,48.8705,97.4112,24.6706,337.5967,47.1182,707,2338,701,19905,129,0,181,0,0,0,279,428,39.46,981,1357,41.96,701,0,100,19905,0
pbt,bintrie,5,4,storage_mixed_k700,11,,3740,21000,1,0.2225,3.2861,121.7546,0.714,127.5758,0.1646,6,0,0,0,2,0,0,0,0,0,2,4,33.33,0,0,0,0,0,0,0,0
pbt,bintrie,5,4,storage_mixed_k700,11,,3741,0,0,0.0688,0.7423,0.0041,0.4416,1.99,0,4,0,0,0,0,0,0,0,0,0,0,4,0,0,0,0,0,0,0,0,0
pbt,bintrie,5,4,storage_mixed_k700,11,,3742,0,0,0.1216,1.6558,0.0102,0.7023,3.6396,0,4,0,0,0,0,0,0,0,0,0,0,4,0,0,0,0,0,0,0,0,0
pbt,bintrie,5,4,storage_mixed_k700,12,,3743,0,0,0.058,0.5743,0.002,0.1385,0.9569,0,4,0,0,0,0,0,0,0,0,0,0,4,0,0,0,0,0,0,0,0,0
pbt,bintrie,5,4,storage_mixed_k700,12,,3744,0,0,0.0496,0.751,0.0038,0.2237,1.2696,0,4,0,0,0,0,0,0,0,0,0,0,4,0,0,0,0,0,0,0,0,0
pbt,bintrie,5,4,storage_mixed_k700,12,,3745,0,0,0.5498,6.8213,0.0029,0.1175,17.7941,0,4,0,0,0,0,0,0,0,0,0,0,4,0,0,0,0,0,0,0,0,0
pbt,bintrie,5,4,storage_mixed_k700,12,,3746,0,0,0.0271,0.4588,0.0026,0.1371,0.8347,0,4,0,0,0,0,0,0,0,0,0,0,4,0,0,0,0,0,0,0,0,0
pbt,bintrie,5,4,storage_mixed_k700,12,,3747,0,0,0.0703,1.241,0.005,0.2727,1.9369,0,4,0,0,0,0,0,0,0,0,0,0,4,0,0,0,0,0,0,0,0,0
pbt,bintrie,5,4,storage_mixed_k700,12,,3748,91722,2,0.2027,1.0141,84.2213,5.7597,100.8496,0.9095,11,0,0,0,3,0,0,0,1,305,4,7,36.36,0,0,0,0,0,0,0,0
pbt,bintrie,5,4,storage_mixed_k700,12,,3749,15906938,1,165.6158,45.1541,145.67,18.6362,375.6836,42.3413,707,2338,701,19905,129,0,181,0,0,0,337,370,47.67,669,1669,28.61,701,0,100,19905,0
pbt,bintrie,5,4,storage_mixed_k700,12,,3750,21000,1,0.3611,4.4854,116.0806,0.7746,129.3818,0.1623,6,0,0,0,2,0,0,0,0,0,2,4,33.33,0,0,0,0,0,0,0,0
pbt,bintrie,5,4,storage_mixed_k700,12,,3751,0,0,0.0755,1.4746,0.0082,0.6772,2.9478,0,4,0,0,0,0,0,0,0,0,0,0,4,0,0,0,0,0,0,0,0,0
pbt,bintrie,5,4,storage_mixed_k700,12,,3752,0,0,0.1015,2.2574,0.007,0.4897,3.3541,0,4,0,0,0,0,0,0,0,0,0,0,4,0,0,0,0,0,0,0,0,0
pbt,bintrie,5,4,storage_mixed_k700,13,,3753,0,0,0.0405,0.4871,0.0023,0.1406,0.8271,0,4,0,0,0,0,0,0,0,0,0,0,4,0,0,0,0,0,0,0,0,0
pbt,bintrie,5,4,storage_mixed_k700,13,,3754,0,0,0.0414,0.6466,0.0035,0.1426,1.0818,0,4,0,0,0,0,0,0,0,0,0,0,4,0,0,0,0,0,0,0,0,0
pbt,bintrie,5,4,storage_mixed_k700,13,,3755,0,0,0.0516,0.763,0.0044,0.6072,2.0052,0,4,0,0,0,0,0,0,0,0,0,0,4,0,0,0,0,0,0,0,0,0
pbt,bintrie,5,4,storage_mixed_k700,13,,3756,0,0,0.0312,0.4667,0.0026,0.1578,0.9141,0,4,0,0,0,0,0,0,0,0,0,0,4,0,0,0,0,0,0,0,0,0
pbt,bintrie,5,4,storage_mixed_k700,13,,3757,0,0,0.0621,1.1229,0.0026,0.261,1.8322,0,4,0,0,0,0,0,0,0,0,0,0,4,0,0,0,0,0,0,0,0,0
pbt,bintrie,5,4,storage_mixed_k700,13,,3758,91722,2,0.6344,18.5562,0.6591,2.2478,29.4929,3.11,11,0,0,0,3,0,0,0,1,305,4,7,36.36,0,0,0,0,0,0,0,0
pbt,bintrie,5,4,storage_mixed_k700,13,,3759,15906938,1,136.0878,39.4964,124.1788,14.7661,324.1367,49.0748,707,2338,701,19905,129,0,181,0,0,0,94,613,13.3,204,2134,8.73,701,0,100,19905,0
pbt,bintrie,5,4,storage_mixed_k700,13,,3760,21000,1,0.3477,3.5693,113.9262,0.751,128.8988,0.1629,6,0,0,0,2,0,0,0,0,0,2,4,33.33,0,0,0,0,0,0,0,0
pbt,bintrie,5,4,storage_mixed_k700,13,,3761,0,0,0.1062,1.4134,0.005,0.5979,2.8311,0,4,0,0,0,0,0,0,0,0,0,0,4,0,0,0,0,0,0,0,0,0
pbt,bintrie,5,4,storage_mixed_k700,13,,3762,0,0,0.0481,0.7487,0.005,0.3593,1.7497,0,4,0,0,0,0,0,0,0,0,0,0,4,0,0,0,0,0,0,0,0,0
pbt,bintrie,5,4,storage_mixed_k700,14,,3763,0,0,0.0446,0.4766,0.0018,0.1467,0.8557,0,4,0,0,0,0,0,0,0,0,0,0,4,0,0,0,0,0,0,0,0,0
pbt,bintrie,5,4,storage_mixed_k700,14,,3764,0,0,0.1035,1.537,0.009,0.3745,2.6541,0,4,0,0,0,0,0,0,0,0,0,0,4,0,0,0,0,0,0,0,0,0
pbt,bintrie,5,4,storage_mixed_k700,14,,3765,0,0,0.1412,2.055,0.0102,2.5051,21.8327,0,4,0,0,0,0,0,0,0,0,0,0,4,0,0,0,0,0,0,0,0,0
pbt,bintrie,5,4,storage_mixed_k700,14,,3766,0,0,0.0752,1.204,0.0047,0.292,1.9445,0,4,0,0,0,0,0,0,0,0,0,0,4,0,0,0,0,0,0,0,0,0
pbt,bintrie,5,4,storage_mixed_k700,14,,3767,0,0,0.0443,0.7213,0.0044,3.3506,16.647,0,4,0,0,0,0,0,0,0,0,0,0,4,0,0,0,0,0,0,0,0,0
pbt,bintrie,5,4,storage_mixed_k700,14,,3768,91722,2,0.2059,1.5423,111.0486,2.3852,115.4617,0.7944,11,0,0,0,3,0,0,0,1,305,5,6,45.45,0,0,0,0,0,0,0,0
pbt,bintrie,5,4,storage_mixed_k700,14,,3769,15906938,1,165.2062,54.71,132.0668,28.2014,381.5762,41.6874,707,2338,701,19905,129,0,181,0,0,0,51,656,7.21,301,2037,12.87,701,0,100,19905,0
pbt,bintrie,5,4,storage_mixed_k700,14,,3770,21000,1,0.2374,2.0784,103.7055,0.8324,125.5778,0.1672,6,0,0,0,2,0,0,0,0,0,2,4,33.33,0,0,0,0,0,0,0,0
pbt,bintrie,5,4,storage_mixed_k700,14,,3771,0,0,0.0997,1.4405,0.0079,0.665,3.2211,0,4,0,0,0,0,0,0,0,0,0,0,4,0,0,0,0,0,0,0,0,0
pbt,bintrie,5,4,storage_mixed_k700,14,,3772,0,0,0.0391,0.6236,0.0041,0.3444,1.6663,0,4,0,0,0,0,0,0,0,0,0,0,4,0,0,0,0,0,0,0,0,0
pbt,bintrie,5,4,storage_mixed_k700,15,,3773,0,0,0.0429,0.4378,0.0015,0.1525,0.8665,0,4,0,0,0,0,0,0,0,0,0,0,4,0,0,0,0,0,0,0,0,0
pbt,bintrie,5,4,storage_mixed_k700,15,,3774,0,0,0.1155,1.5344,0.0085,0.4719,2.6521,0,4,0,0,0,0,0,0,0,0,0,0,4,0,0,0,0,0,0,0,0,0
pbt,bintrie,5,4,storage_mixed_k700,15,,3775,0,0,0.1584,1.9696,0.0058,4.8547,17.2607,0,4,0,0,0,0,0,0,0,0,0,0,4,0,0,0,0,0,0,0,0,0
pbt,bintrie,5,4,storage_mixed_k700,15,,3776,0,0,0.0402,0.6189,0.0023,0.1718,1.0135,0,4,0,0,0,0,0,0,0,0,0,0,4,0,0,0,0,0,0,0,0,0
pbt,bintrie,5,4,storage_mixed_k700,15,,3777,0,0,0.0572,0.7137,0.0055,3.5647,13.5872,0,4,0,0,0,0,0,0,0,0,0,0,4,0,0,0,0,0,0,0,0,0
pbt,bintrie,5,4,storage_mixed_k700,15,,3778,91722,2,1.864,4.5408,2.3773,6.6396,39.8004,2.3046,11,0,0,0,3,0,0,0,1,305,4,7,36.36,0,0,0,0,0,0,0,0
pbt,bintrie,5,4,storage_mixed_k700,15,,3779,15906938,1,176.5471,23.884,70.6075,64.457,351.3277,45.2766,707,2338,701,19905,129,0,181,0,0,0,381,326,53.89,1534,804,65.61,701,0,100,19905,0
pbt,bintrie,5,4,storage_mixed_k700,15,,3780,0,0,0.096,2.0311,0.0055,0.4529,2.9779,0,4,0,0,0,0,0,0,0,0,0,0,4,0,0,0,0,0,0,0,0,0
pbt,bintrie,5,4,storage_mixed_k700,15,,3781,21000,1,0.2943,3.7187,114.9271,0.786,128.109,0.1639,6,0,0,0,2,0,0,0,0,0,2,4,33.33,0,0,0,0,0,0,0,0
pbt,bintrie,5,4,storage_mixed_k700,15,,3782,0,0,0.0741,1.1421,0.0076,0.3491,1.9713,0,4,0,0,0,0,0,0,0,0,0,0,4,0,0,0,0,0,0,0,0,0
pbt,bintrie,5,4,storage_mixed_k700,15,,3783,0,0,0.1123,1.7721,0.0096,0.8353,3.7528,0,4,0,0,0,0,0,0,0,0,0,0,4,0,0,0,0,0,0,0,0,0
pbt,bintrie,5,4,storage_mixed_k700,16,,3784,0,0,0.037,0.4363,0.0015,0.1193,0.7259,0,4,0,0,0,0,0,0,0,0,0,0,4,0,0,0,0,0,0,0,0,0
pbt,bintrie,5,4,storage_mixed_k700,16,,3785,0,0,0.04,0.5932,0.0032,0.1855,1.0462,0,4,0,0,0,0,0,0,0,0,0,0,4,0,0,0,0,0,0,0,0,0
pbt,bintrie,5,4,storage_mixed_k700,16,,3786,0,0,0.0394,0.6498,0.0029,0.24,1.1573,0,4,0,0,0,0,0,0,0,0,0,0,4,0,0,0,0,0,0,0,0,0
pbt,bintrie,5,4,storage_mixed_k700,16,,3787,0,0,0.0782,1.899,0.0053,0.4305,2.7909,0,4,0,0,0,0,0,0,0,0,0,0,4,0,0,0,0,0,0,0,0,0
pbt,bintrie,5,4,storage_mixed_k700,16,,3788,0,0,0.0919,1.4878,0.0085,0.3165,2.263,0,4,0,0,0,0,0,0,0,0,0,0,4,0,0,0,0,0,0,0,0,0
pbt,bintrie,5,4,storage_mixed_k700,16,,3789,91722,2,1.0468,10.876,5.0542,2.4814,110.3096,0.8315,11,0,0,0,3,0,0,0,1,305,4,7,36.36,0,0,0,0,0,0,0,0
pbt,bintrie,5,4,storage_mixed_k700,16,,3790,15906938,1,175.1193,55.5576,60.2502,25.3933,318.5562,49.9345,707,2338,701,19905,129,0,181,0,0,0,696,11,98.44,2073,265,88.67,701,0,100,19905,0
pbt,bintrie,5,4,storage_mixed_k700,16,,3791,21000,1,0.2955,2.9793,128.414,0.7464,138.3593,0.1518,6,0,0,0,2,0,0,0,0,0,2,4,33.33,0,0,0,0,0,0,0,0
pbt,bintrie,5,4,storage_mixed_k700,16,,3792,0,0,0.0793,1.3218,0.0058,0.5894,2.9679,0,4,0,0,0,0,0,0,0,0,0,0,4,0,0,0,0,0,0,0,0,0
pbt,bintrie,5,4,storage_mixed_k700,17,,3793,0,0,0.0621,0.7009,0.0041,0.2383,1.316,0,4,0,0,0,0,0,0,0,0,0,0,4,0,0,0,0,0,0,0,0,0
pbt,bintrie,5,4,storage_mixed_k700,17,,3794,0,0,0.0779,1.3303,0.0055,0.5577,2.8938,0,4,0,0,0,0,0,0,0,0,0,0,4,0,0,0,0,0,0,0,0,0
pbt,bintrie,5,4,storage_mixed_k700,17,,3795,0,0,0.0429,0.688,0.0023,0.1085,1.0672,0,4,0,0,0,0,0,0,0,0,0,0,4,0,0,0,0,0,0,0,0,0
pbt,bintrie,5,4,storage_mixed_k700,17,,3796,0,0,0.0945,1.4417,0.0055,0.3357,2.2192,0,4,0,0,0,0,0,0,0,0,0,0,4,0,0,0,0,0,0,0,0,0
pbt,bintrie,5,4,storage_mixed_k700,17,,3797,0,0,0.026,0.4853,0.002,0.1091,0.777,0,4,0,0,0,0,0,0,0,0,0,0,4,0,0,0,0,0,0,0,0,0
pbt,bintrie,5,4,storage_mixed_k700,17,,3798,91722,2,0.2675,4.526,48.2299,7.3834,62.2993,1.4723,11,0,0,0,3,0,0,0,1,305,6,5,54.55,0,0,0,0,0,0,0,0
pbt,bintrie,5,4,storage_mixed_k700,17,,3799,15906938,1,183.0358,48.2969,161.909,15.1549,408.9105,38.9008,707,2338,701,19905,129,0,181,0,0,0,320,387,45.26,525,1813,22.46,701,0,100,19905,0
pbt,bintrie,5,4,storage_mixed_k700,17,,3800,21000,1,0.0712,0.7452,5.4526,0.6962,7.1806,2.9245,6,0,0,0,2,0,0,0,0,0,2,4,33.33,0,0,0,0,0,0,0,0
pbt,bintrie,5,4,storage_mixed_k700,17,,3801,0,0,0.1065,1.5683,0.0067,0.4529,2.5602,0,4,0,0,0,0,0,0,0,0,0,0,4,0,0,0,0,0,0,0,0,0
pbt,bintrie,5,4,storage_mixed_k700,17,,3802,0,0,0.0674,0.9473,0.0055,0.2619,1.7185,0,4,0,0,0,0,0,0,0,0,0,0,4,0,0,0,0,0,0,0,0,0
pbt,bintrie,5,4,storage_mixed_k700,18,,3803,0,0,0.0513,0.5813,0.0023,0.198,1.0351,0,4,0,0,0,0,0,0,0,0,0,0,4,0,0,0,0,0,0,0,0,0
pbt,bintrie,5,4,storage_mixed_k700,18,,3804,0,0,0.0752,1.3023,0.0055,0.3022,2.006,0,4,0,0,0,0,0,0,0,0,0,0,4,0,0,0,0,0,0,0,0,0
pbt,bintrie,5,4,storage_mixed_k700,18,,3805,0,0,0.0446,0.7032,0.0032,0.1175,1.0885,0,4,0,0,0,0,0,0,0,0,0,0,4,0,0,0,0,0,0,0,0,0
pbt,bintrie,5,4,storage_mixed_k700,18,,3806,0,0,0.0901,1.3956,0.0067,0.3573,2.2452,0,4,0,0,0,0,0,0,0,0,0,0,4,0,0,0,0,0,0,0,0,0
pbt,bintrie,5,4,storage_mixed_k700,18,,3807,0,0,0.0236,0.429,0.002,0.098,0.6924,0,4,0,0,0,0,0,0,0,0,0,0,4,0,0,0,0,0,0,0,0,0
pbt,bintrie,5,4,storage_mixed_k700,18,,3808,91722,2,1.3501,31.2449,19.6762,2.5196,112.0137,0.8188,11,0,0,0,3,0,0,0,1,305,4,7,36.36,0,0,0,0,0,0,0,0
pbt,bintrie,5,4,storage_mixed_k700,18,,3809,15906938,1,187.8649,35.5139,121.4813,21.608,367.3971,43.2963,707,2338,701,19905,129,0,181,0,0,0,79,628,11.17,1105,1233,47.26,701,0,100,19905,0
pbt,bintrie,5,4,storage_mixed_k700,18,,3810,21000,1,0.2012,3.1846,130.1727,0.8178,143.5144,0.1463,6,0,0,0,2,0,0,0,0,0,2,4,33.33,0,0,0,0,0,0,0,0
pbt,bintrie,5,4,storage_mixed_k700,18,,3811,0,0,0.0776,1.3273,0.007,0.6288,3.0971,0,4,0,0,0,0,0,0,0,0,0,0,4,0,0,0,0,0,0,0,0,0
pbt,bintrie,5,4,storage_mixed_k700,18,,3812,0,0,0.077,1.2334,0.0047,0.5722,2.9064,0,4,0,0,0,0,0,0,0,0,0,0,4,0,0,0,0,0,0,0,0,0
pbt,bintrie,5,4,storage_mixed_k700,19,,3813,0,0,0.0353,0.4343,0.0018,0.1079,0.7242,0,4,0,0,0,0,0,0,0,0,0,0,4,0,0,0,0,0,0,0,0,0
pbt,bintrie,5,4,storage_mixed_k700,19,,3814,0,0,0.0805,1.2533,0.0053,0.3062,2.0614,0,4,0,0,0,0,0,0,0,0,0,0,4,0,0,0,0,0,0,0,0,0
pbt,bintrie,5,4,storage_mixed_k700,19,,3815,0,0,0.0283,0.5031,0.0029,0.1312,0.8277,0,4,0,0,0,0,0,0,0,0,0,0,4,0,0,0,0,0,0,0,0,0
pbt,bintrie,5,4,storage_mixed_k700,19,,3816,0,0,0.0849,1.4067,0.0061,0.3593,2.3164,0,4,0,0,0,0,0,0,0,0,0,0,4,0,0,0,0,0,0,0,0,0
pbt,bintrie,5,4,storage_mixed_k700,19,,3817,0,0,0.0639,1.4845,0.0035,0.1829,2.0953,0,4,0,0,0,0,0,0,0,0,0,0,4,0,0,0,0,0,0,0,0,0
pbt,bintrie,5,4,storage_mixed_k700,19,,3818,91722,2,0.8006,97.6475,0.7977,2.0057,113.517,0.808,11,0,0,0,3,0,0,0,1,305,4,7,36.36,0,0,0,0,0,0,0,0
pbt,bintrie,5,4,storage_mixed_k700,19,,3819,15906938,1,180.7505,80.9538,61.2302,26.161,349.5632,45.5052,707,2338,701,19905,129,0,181,0,0,0,230,477,32.53,1518,820,64.93,701,0,100,19905,0
pbt,bintrie,5,4,storage_mixed_k700,19,,3820,0,0,0.0405,0.6965,0.0047,0.1738,1.1827,0,4,0,0,0,0,0,0,0,0,0,0,4,0,0,0,0,0,0,0,0,0
pbt,bintrie,5,4,storage_mixed_k700,19,,3821,21000,1,0.3389,3.4349,127.9692,0.7767,134.2227,0.1565,6,0,0,0,2,0,0,0,0,0,2,4,33.33,0,0,0,0,0,0,0,0
pbt,bintrie,5,4,storage_mixed_k700,19,,3822,0,0,0.1528,1.8865,0.0105,0.7787,5.6159,0,4,0,0,0,0,0,0,0,0,0,0,4,0,0,0,0,0,0,0,0,0
pbt,bintrie,5,4,storage_mixed_k700,19,,3823,0,0,0.1347,1.376,0.0064,0.6871,3.338,0,4,0,0,0,0,0,0,0,0,0,0,4,0,0,0,0,0,0,0,0,0
pbt,bintrie,5,4,storage_mixed_k700,1,,3633,0,0,0.0437,0.415,0.0015,0.1557,0.791,0,4,0,0,0,0,0,0,0,0,0,0,4,0,0,0,0,0,0,0,0,0
pbt,bintrie,5,4,storage_mixed_k700,1,,3634,0,0,0.0306,0.4427,0.0023,0.1689,0.8656,0,4,0,0,0,0,0,0,0,0,0,0,4,0,0,0,0,0,0,0,0,0
pbt,bintrie,5,4,storage_mixed_k700,1,,3635,0,0,0.0344,0.9648,0.0023,0.1117,1.2658,0,4,0,0,0,0,0,0,0,0,0,0,4,0,0,0,0,0,0,0,0,0
pbt,bintrie,5,4,storage_mixed_k700,1,,3636,0,0,0.0367,0.4177,0.002,0.1727,0.8172,0,4,0,0,0,0,0,0,0,0,0,0,4,0,0,0,0,0,0,0,0,0
pbt,bintrie,5,4,storage_mixed_k700,1,,3637,0,0,0.0755,1.2343,0.0041,0.2637,1.9672,0,4,0,0,0,0,0,0,0,0,0,0,4,0,0,0,0,0,0,0,0,0
pbt,bintrie,5,4,storage_mixed_k700,1,,3638,91722,2,4.003,3.0575,19.8885,5.9811,33.5143,2.7368,11,0,0,0,3,0,0,0,1,305,5,6,45.45,0,0,0,0,0,0,0,0
pbt,bintrie,5,4,storage_mixed_k700,1,,3639,15906938,1,144.6813,79.7817,163.1825,15.6624,416.9571,38.1501,707,2338,701,19905,129,0,181,0,0,0,0,707,0,120,2218,5.13,701,0,100,19905,0
pbt,bintrie,5,4,storage_mixed_k700,1,,3640,21000,1,1.6172,5.0819,95.0923,0.8298,103.9639,0.202,6,0,0,0,2,0,0,0,0,0,0,6,0,0,0,0,0,0,0,0,0
pbt,bintrie,5,4,storage_mixed_k700,1,,3641,0,0,0.2036,2.417,0.019,0.9141,5.6069,0,4,0,0,0,0,0,0,0,0,0,0,4,0,0,0,0,0,0,0,0,0
pbt,bintrie,5,4,storage_mixed_k700,1,,3642,0,0,0.3952,3.4833,0.0082,0.5579,5.9609,0,4,0,0,0,0,0,0,0,0,0,0,4,0,0,0,0,0,0,0,0,0
pbt,bintrie,5,4,storage_mixed_k700,20,,3824,0,0,0.1257,1.3781,0.0029,0.2368,2.1291,0,4,0,0,0,0,0,0,0,0,0,0,4,0,0,0,0,0,0,0,0,0
pbt,bintrie,5,4,storage_mixed_k700,20,,3825,0,0,0.0843,1.3352,0.0044,0.3267,2.272,0,4,0,0,0,0,0,0,0,0,0,0,4,0,0,0,0,0,0,0,0,0
pbt,bintrie,5,4,storage_mixed_k700,20,,3826,0,0,0.0429,0.8694,0.0041,0.1785,1.3271,0,4,0,0,0,0,0,0,0,0,0,0,4,0,0,0,0,0,0,0,0,0
pbt,bintrie,5,4,storage_mixed_k700,20,,3827,0,0,0.0796,1.4163,0.0061,0.2791,2.1574,0,4,0,0,0,0,0,0,0,0,0,0,4,0,0,0,0,0,0,0,0,0
pbt,bintrie,5,4,storage_mixed_k700,20,,3828,0,0,0.1242,1.9384,0.0073,3.7125,24.9045,0,4,0,0,0,0,0,0,0,0,0,0,4,0,0,0,0,0,0,0,0,0
pbt,bintrie,5,4,storage_mixed_k700,20,,3829,91722,2,0.6877,33.6193,16.0354,4.7444,84.4689,1.0859,11,0,0,0,3,0,0,0,1,305,4,7,36.36,0,0,0,0,0,0,0,0
pbt,bintrie,5,4,storage_mixed_k700,20,,3830,15906938,1,155.8535,72.2858,49.7063,63.2781,342.1503,46.4911,707,2338,701,19905,129,0,181,0,0,0,53,654,7.5,816,1522,34.9,701,0,100,19905,0
pbt,bintrie,5,4,storage_mixed_k700,20,,3831,21000,1,0.2406,7.0512,104.0234,4.0856,134.5173,0.1561,6,0,0,0,2,0,0,0,0,0,2,4,33.33,0,0,0,0,0,0,0,0
pbt,bintrie,5,4,storage_mixed_k700,20,,3832,0,0,0.1123,1.5811,0.0079,0.3208,2.4531,0,4,0,0,0,0,0,0,0,0,0,0,4,0,0,0,0,0,0,0,0,0
pbt,bintrie,5,4,storage_mixed_k700,2,,3643,0,0,0.1225,1.5963,0.0073,0.5448,2.7848,0,4,0,0,0,0,0,0,0,0,0,0,4,0,0,0,0,0,0,0,0,0
pbt,bintrie,5,4,storage_mixed_k700,2,,3644,0,0,0.0437,0.6705,0.0023,0.1563,1.0934,0,4,0,0,0,0,0,0,0,0,0,0,4,0,0,0,0,0,0,0,0,0
pbt,bintrie,5,4,storage_mixed_k700,2,,3645,0,0,0.035,0.5603,0.0038,2.8061,5.3426,0,4,0,0,0,0,0,0,0,0,0,0,4,0,0,0,0,0,0,0,0,0
pbt,bintrie,5,4,storage_mixed_k700,2,,3646,0,0,0.084,1.1783,0.0053,0.3745,2.0311,0,4,0,0,0,0,0,0,0,0,0,0,4,0,0,0,0,0,0,0,0,0
pbt,bintrie,5,4,storage_mixed_k700,2,,3647,0,0,0.0499,0.6192,0.0023,0.1167,6.3217,0,4,0,0,0,0,0,0,0,0,0,0,4,0,0,0,0,0,0,0,0,0
pbt,bintrie,5,4,storage_mixed_k700,2,,3648,91722,2,0.7014,7.6473,1.3851,2.1819,16.3262,5.6181,11,0,0,0,3,0,0,0,1,305,4,7,36.36,0,0,0,0,0,0,0,0
pbt,bintrie,5,4,storage_mixed_k700,2,,3649,15906938,1,215.4948,86.8564,63.4149,63.0456,429.7176,37.0172,707,2338,701,19905,129,0,181,0,0,0,64,643,9.05,638,1700,27.29,701,0,100,19905,0
pbt,bintrie,5,4,storage_mixed_k700,2,,3650,21000,1,0.2185,2.704,119.7456,0.8123,130.1319,0.1614,6,0,0,0,2,0,0,0,0,0,2,4,33.33,0,0,0,0,0,0,0,0
pbt,bintrie,5,4,storage_mixed_k700,2,,3651,0,0,0.0962,1.4886,0.009,0.6393,3.1966,0,4,0,0,0,0,0,0,0,0,0,0,4,0,0,0,0,0,0,0,0,0
pbt,bintrie,5,4,storage_mixed_k700,2,,3652,0,0,0.0502,0.9039,0.0038,0.4013,2.0235,0,4,0,0,0,0,0,0,0,0,0,0,4,0,0,0,0,0,0,0,0,0
pbt,bintrie,5,4,storage_mixed_k700,3,,3653,0,0,0.0499,0.5247,0.0023,0.182,0.9593,0,4,0,0,0,0,0,0,0,0,0,0,4,0,0,0,0,0,0,0,0,0
pbt,bintrie,5,4,storage_mixed_k700,3,,3654,0,0,0.105,1.5648,0.0079,0.3293,2.3721,0,4,0,0,0,0,0,0,0,0,0,0,4,0,0,0,0,0,0,0,0,0
pbt,bintrie,5,4,storage_mixed_k700,3,,3655,0,0,0.1735,2.2426,0.007,7.577,31.1877,0,4,0,0,0,0,0,0,0,0,0,0,4,0,0,0,0,0,0,0,0,0
pbt,bintrie,5,4,storage_mixed_k700,3,,3656,0,0,0.0391,0.6072,0.0041,0.1441,1.008,0,4,0,0,0,0,0,0,0,0,0,0,4,0,0,0,0,0,0,0,0,0
pbt,bintrie,5,4,storage_mixed_k700,3,,3657,0,0,0.0321,0.3999,0.0015,0.2141,0.8111,0,4,0,0,0,0,0,0,0,0,0,0,4,0,0,0,0,0,0,0,0,0
pbt,bintrie,5,4,storage_mixed_k700,3,,3658,91722,2,1.1698,8.0443,35.5818,2.2251,51.4396,1.7831,11,0,0,0,3,0,0,0,1,305,4,7,36.36,0,0,0,0,0,0,0,0
pbt,bintrie,5,4,storage_mixed_k700,3,,3659,15906938,1,207.3938,51.4265,59.9278,29.1085,348.1174,45.6942,707,2338,701,19905,129,0,181,0,0,0,21,686,2.97,27,2311,1.15,701,0,100,19905,0
pbt,bintrie,5,4,storage_mixed_k700,3,,3660,0,0,0.082,1.8325,0.007,0.6647,3.4798,0,4,0,0,0,0,0,0,0,0,0,0,4,0,0,0,0,0,0,0,0,0
pbt,bintrie,5,4,storage_mixed_k700,3,,3661,21000,1,14.321,2.8466,99.4249,0.7478,118.5662,0.1771,6,0,0,0,2,0,0,0,0,0,2,4,33.33,0,0,0,0,0,0,0,0
pbt,bintrie,5,4,storage_mixed_k700,3,,3662,0,0,0.0805,1.4615,0.0076,0.3666,2.2808,0,4,0,0,0,0,0,0,0,0,0,0,4,0,0,0,0,0,0,0,0,0
pbt,bintrie,5,4,storage_mixed_k700,3,,3663,0,0,0.0391,0.6766,0.0032,0.3293,1.6065,0,4,0,0,0,0,0,0,0,0,0,0,4,0,0,0,0,0,0,0,0,0
pbt,bintrie,5,4,storage_mixed_k700,4,,3664,0,0,0.0472,0.5346,0.0026,0.1852,0.9879,0,4,0,0,0,0,0,0,0,0,0,0,4,0,0,0,0,0,0,0,0,0
pbt,bintrie,5,4,storage_mixed_k700,4,,3665,0,0,0.0793,1.2355,0.0047,0.287,1.9048,0,4,0,0,0,0,0,0,0,0,0,0,4,0,0,0,0,0,0,0,0,0
pbt,bintrie,5,4,storage_mixed_k700,4,,3666,0,0,0.455,0.8102,0.0076,0.52,10.8118,0,4,0,0,0,0,0,0,0,0,0,0,4,0,0,0,0,0,0,0,0,0
pbt,bintrie,5,4,storage_mixed_k700,4,,3667,0,0,0.0312,0.5871,0.0026,0.1706,0.9887,0,4,0,0,0,0,0,0,0,0,0,0,4,0,0,0,0,0,0,0,0,0
pbt,bintrie,5,4,storage_mixed_k700,4,,3668,0,0,0.065,0.9712,0.0053,0.3584,1.7497,0,4,0,0,0,0,0,0,0,0,0,0,4,0,0,0,0,0,0,0,0,0
pbt,bintrie,5,4,storage_mixed_k700,4,,3669,91722,2,0.5693,58.3881,31.8165,1.8859,94.917,0.9663,11,0,0,0,3,0,0,0,1,305,7,4,63.64,0,0,0,0,0,0,0,0
pbt,bintrie,5,4,storage_mixed_k700,4,,3670,15906938,1,161.123,39.9871,131.2682,15.5186,348.8579,45.5972,707,2338,701,19905,129,0,181,0,0,0,456,251,64.5,718,1620,30.71,701,0,100,19905,0
pbt,bintrie,5,4,storage_mixed_k700,4,,3671,21000,1,0.2272,3.2657,95.5904,0.7545,119.0302,0.1764,6,0,0,0,2,0,0,0,0,0,2,4,33.33,0,0,0,0,0,0,0,0
pbt,bintrie,5,4,storage_mixed_k700,4,,3672,0,0,0.1292,1.6234,0.0099,1.1593,4.5128,0,4,0,0,0,0,0,0,0,0,0,0,4,0,0,0,0,0,0,0,0,0
pbt,bintrie,5,4,storage_mixed_k700,4,,3673,0,0,0.1444,1.8319,0.0067,0.6014,3.555,0,4,0,0,0,0,0,0,0,0,0,0,4,0,0,0,0,0,0,0,0,0
pbt,bintrie,5,4,storage_mixed_k700,5,,3674,0,0,0.065,0.6364,0.0035,0.1852,1.1284,0,4,0,0,0,0,0,0,0,0,0,0,4,0,0,0,0,0,0,0,0,0
pbt,bintrie,5,4,storage_mixed_k700,5,,3675,0,0,0.079,1.8229,0.0047,0.2115,2.5847,0,4,0,0,0,0,0,0,0,0,0,0,4,0,0,0,0,0,0,0,0,0
pbt,bintrie,5,4,storage_mixed_k700,5,,3676,0,0,0.0318,0.6282,0.002,0.1263,0.9482,0,4,0,0,0,0,0,0,0,0,0,0,4,0,0,0,0,0,0,0,0,0
pbt,bintrie,5,4,storage_mixed_k700,5,,3677,0,0,0.0744,1.6919,0.0047,0.2978,2.5876,0,4,0,0,0,0,0,0,0,0,0,0,4,0,0,0,0,0,0,0,0,0
pbt,bintrie,5,4,storage_mixed_k700,5,,3678,0,0,0.0825,1.2363,0.007,0.3016,2.095,0,4,0,0,0,0,0,0,0,0,0,0,4,0,0,0,0,0,0,0,0,0
pbt,bintrie,5,4,storage_mixed_k700,5,,3679,91722,2,0.644,71.8677,19.9746,13.2985,106.2266,0.8635,11,0,0,0,3,0,0,0,1,305,4,7,36.36,0,0,0,0,0,0,0,0
pbt,bintrie,5,4,storage_mixed_k700,5,,3680,15906938,1,150.4004,62.2815,78.8807,67.1819,363.7238,43.7336,707,2338,701,19905,129,0,181,0,0,0,390,317,55.16,803,1535,34.35,701,0,100,19905,0
pbt,bintrie,5,4,storage_mixed_k700,5,,3681,21000,1,0.3159,17.5115,125.6759,0.6813,144.8864,0.1449,6,0,0,0,2,0,0,0,0,0,2,4,33.33,0,0,0,0,0,0,0,0
pbt,bintrie,5,4,storage_mixed_k700,5,,3682,0,0,0.0887,1.4143,0.0076,0.5594,2.9615,0,4,0,0,0,0,0,0,0,0,0,0,4,0,0,0,0,0,0,0,0,0
pbt,bintrie,5,4,storage_mixed_k700,5,,3683,0,0,0.0414,0.5676,0.0035,0.3897,1.565,0,4,0,0,0,0,0,0,0,0,0,0,4,0,0,0,0,0,0,0,0,0
pbt,bintrie,5,4,storage_mixed_k700,6,,3684,0,0,0.0525,0.5264,0.0029,0.1872,0.9715,0,4,0,0,0,0,0,0,0,0,0,0,4,0,0,0,0,0,0,0,0,0
pbt,bintrie,5,4,storage_mixed_k700,6,,3685,0,0,0.1044,1.3746,0.0061,0.3112,2.2166,0,4,0,0,0,0,0,0,0,0,0,0,4,0,0,0,0,0,0,0,0,0
pbt,bintrie,5,4,storage_mixed_k700,6,,3686,0,0,0.1508,0.5962,0.0026,0.131,1.2836,0,4,0,0,0,0,0,0,0,0,0,0,4,0,0,0,0,0,0,0,0,0
pbt,bintrie,5,4,storage_mixed_k700,6,,3687,0,0,0.0327,0.5192,0.0035,0.1371,0.8636,0,4,0,0,0,0,0,0,0,0,0,0,4,0,0,0,0,0,0,0,0,0
pbt,bintrie,5,4,storage_mixed_k700,6,,3688,0,0,0.035,0.5571,0.0023,0.1695,0.9368,0,4,0,0,0,0,0,0,0,0,0,0,4,0,0,0,0,0,0,0,0,0
pbt,bintrie,5,4,storage_mixed_k700,6,,3689,91722,2,0.7224,4.1608,1.8054,2.1921,65.5037,1.4003,11,0,0,0,3,0,0,0,1,305,4,7,36.36,0,0,0,0,0,0,0,0
pbt,bintrie,5,4,storage_mixed_k700,6,,3690,15906938,1,219.4117,77.0698,128.1028,24.2013,449.2161,35.4104,707,2338,701,19905,129,0,181,0,0,0,293,414,41.44,446,1892,19.08,701,0,100,19905,0
pbt,bintrie,5,4,storage_mixed_k700,6,,3691,21000,1,0.5422,1.7307,110.1827,0.8131,116.4817,0.1803,6,0,0,0,2,0,0,0,0,0,2,4,33.33,0,0,0,0,0,0,0,0
pbt,bintrie,5,4,storage_mixed_k700,6,,3692,0,0,0.1234,1.6403,0.0076,0.8134,3.737,0,4,0,0,0,0,0,0,0,0,0,0,4,0,0,0,0,0,0,0,0,0
pbt,bintrie,5,4,storage_mixed_k700,6,,3693,0,0,0.0525,0.7055,0.0044,0.3596,1.7319,0,4,0,0,0,0,0,0,0,0,0,0,4,0,0,0,0,0,0,0,0,0
pbt,bintrie,5,4,storage_mixed_k700,7,,3694,0,0,0.0575,0.6268,0.0032,0.2018,1.1871,0,4,0,0,0,0,0,0,0,0,0,0,4,0,0,0,0,0,0,0,0,0
pbt,bintrie,5,4,storage_mixed_k700,7,,3695,0,0,0.0615,1.2433,0.0044,0.3118,2.0752,0,4,0,0,0,0,0,0,0,0,0,0,4,0,0,0,0,0,0,0,0,0
pbt,bintrie,5,4,storage_mixed_k700,7,,3696,0,0,0.0542,0.6793,0.0058,0.6486,1.8707,0,4,0,0,0,0,0,0,0,0,0,0,4,0,0,0,0,0,0,0,0,0
pbt,bintrie,5,4,storage_mixed_k700,7,,3697,0,0,0.0904,1.5274,0.0058,0.2893,2.3554,0,4,0,0,0,0,0,0,0,0,0,0,4,0,0,0,0,0,0,0,0,0
pbt,bintrie,5,4,storage_mixed_k700,7,,3698,0,0,0.0233,0.4602,0.002,0.1242,0.7525,0,4,0,0,0,0,0,0,0,0,0,0,4,0,0,0,0,0,0,0,0,0
pbt,bintrie,5,4,storage_mixed_k700,7,,3699,91722,2,1.3174,2.4992,88.0452,3.8896,103.9039,0.8828,11,0,0,0,3,0,0,0,1,305,5,6,45.45,0,0,0,0,0,0,0,0
pbt,bintrie,5,4,storage_mixed_k700,7,,3700,15906938,1,157.7503,51.7468,122.3583,16.892,353.2334,45.0324,707,2338,701,19905,129,0,181,0,0,0,221,486,31.26,434,1904,18.56,701,0,100,19905,0
pbt,bintrie,5,4,storage_mixed_k700,7,,3701,21000,1,0.2587,12.0409,141.4795,0.7009,154.9258,0.1355,6,0,0,0,2,0,0,0,0,0,2,4,33.33,0,0,0,0,0,0,0,0
pbt,bintrie,5,4,storage_mixed_k700,7,,3702,0,0,0.0828,1.4901,0.009,2.326,4.9597,0,4,0,0,0,0,0,0,0,0,0,0,4,0,0,0,0,0,0,0,0,0
pbt,bintrie,5,4,storage_mixed_k700,7,,3703,0,0,0.084,1.7852,0.0067,0.5294,3.2033,0,4,0,0,0,0,0,0,0,0,0,0,4,0,0,0,0,0,0,0,0,0
pbt,bintrie,5,4,storage_mixed_k700,8,,3704,0,0,0.0752,0.8012,0.0047,0.2406,1.6059,0,4,0,0,0,0,0,0,0,0,0,0,4,0,0,0,0,0,0,0,0,0
pbt,bintrie,5,4,storage_mixed_k700,8,,3705,0,0,0.0951,1.3798,0.0079,0.2873,2.2312,0,4,0,0,0,0,0,0,0,0,0,0,4,0,0,0,0,0,0,0,0,0
pbt,bintrie,5,4,storage_mixed_k700,8,,3706,0,0,0.1823,2.5179,0.0061,0.3961,5.4453,0,4,0,0,0,0,0,0,0,0,0,0,4,0,0,0,0,0,0,0,0,0
pbt,bintrie,5,4,storage_mixed_k700,8,,3707,0,0,0.0662,1.1626,0.0026,0.3759,1.9935,0,4,0,0,0,0,0,0,0,0,0,0,4,0,0,0,0,0,0,0,0,0
pbt,bintrie,5,4,storage_mixed_k700,8,,3708,0,0,0.142,1.8582,0.0146,11.3878,26.0816,0,4,0,0,0,0,0,0,0,0,0,0,4,0,0,0,0,0,0,0,0,0
pbt,bintrie,5,4,storage_mixed_k700,8,,3709,91722,2,0.6775,1.421,1.001,2.8136,14.2023,6.4582,11,0,0,0,3,0,0,0,1,305,4,7,36.36,0,0,0,0,0,0,0,0
pbt,bintrie,5,4,storage_mixed_k700,8,,3710,15906938,1,178.7772,72.5009,84.2338,25.314,361.5812,43.9927,707,2338,701,19905,129,0,181,0,0,0,7,700,0.99,703,1635,30.07,701,0,100,19905,0
pbt,bintrie,5,4,storage_mixed_k700,8,,3711,21000,1,0.2581,2.6803,111.0988,0.7519,121.2197,0.1732,6,0,0,0,2,0,0,0,0,0,2,4,33.33,0,0,0,0,0,0,0,0
pbt,bintrie,5,4,storage_mixed_k700,8,,3712,0,0,0.1706,2.291,0.0082,0.6956,4.5805,0,4,0,0,0,0,0,0,0,0,0,0,4,0,0,0,0,0,0,0,0,0
pbt,bintrie,5,4,storage_mixed_k700,8,,3713,0,0,0.1339,1.8491,0.0134,0.7087,3.7834,0,4,0,0,0,0,0,0,0,0,0,0,4,0,0,0,0,0,0,0,0,0
pbt,bintrie,5,4,storage_mixed_k700,9,,3714,0,0,0.1044,1.323,0.0044,0.3302,2.1081,0,4,0,0,0,0,0,0,0,0,0,0,4,0,0,0,0,0,0,0,0,0
pbt,bintrie,5,4,storage_mixed_k700,9,,3715,0,0,0.0376,0.5964,0.0032,0.3552,1.2069,0,4,0,0,0,0,0,0,0,0,0,0,4,0,0,0,0,0,0,0,0,0
pbt,bintrie,5,4,storage_mixed_k700,9,,3716,0,0,0.0327,0.5387,0.0029,0.1645,0.8697,0,4,0,0,0,0,0,0,0,0,0,0,4,0,0,0,0,0,0,0,0,0
pbt,bintrie,5,4,storage_mixed_k700,9,,3717,0,0,0.0213,0.3999,0.0015,0.0843,0.6379,0,4,0,0,0,0,0,0,0,0,0,0,4,0,0,0,0,0,0,0,0,0
pbt,bintrie,5,4,storage_mixed_k700,9,,3718,0,0,0.0403,0.7081,0.0035,0.1744,1.1868,0,4,0,0,0,0,0,0,0,0,0,0,4,0,0,0,0,0,0,0,0,0
pbt,bintrie,5,4,storage_mixed_k700,9,,3719,91722,2,1.2684,15.9832,4.2101,2.2764,24.166,3.7955,11,0,0,0,3,0,0,0,1,305,4,7,36.36,0,0,0,0,0,0,0,0
pbt,bintrie,5,4,storage_mixed_k700,9,,3720,15906938,1,160.2271,55.0926,50.6965,48.0733,314.5973,50.5629,707,2338,701,19905,129,0,181,0,0,0,268,439,37.91,268,2070,11.46,701,0,100,19905,0
pbt,bintrie,5,4,storage_mixed_k700,9,,3721,21000,1,1.684,1.8917,89.162,0.758,103.9182,0.2021,6,0,0,0,2,0,0,0,0,0,2,4,33.33,0,0,0,0,0,0,0,0
pbt,bintrie,5,4,storage_mixed_k700,9,,3722,0,0,0.1158,2.391,0.0076,1.0602,5.4552,0,4,0,0,0,0,0,0,0,0,0,0,4,0,0,0,0,0,0,0,0,0
pbt,bintrie,5,4,storage_sload_k1,10,,778,0,0,0.0624,0.6939,0.0058,0.3733,1.4886,0,4,0,0,0,0,0,0,0,0,0,0,4,0,0,0,0,0,0,0,0,0
pbt,bintrie,5,4,storage_sload_k1,10,,779,0,0,0.0344,0.6233,0.0035,0.1552,1.0546,0,4,0,0,0,0,0,0,0,0,0,0,4,0,0,0,0,0,0,0,0,0
pbt,bintrie,5,4,storage_sload_k1,10,,780,0,0,0.0292,0.5842,0.0017,0.1572,0.9479,0,4,0,0,0,0,0,0,0,0,0,0,4,0,0,0,0,0,0,0,0,0
pbt,bintrie,5,4,storage_sload_k1,10,,781,0,0,0.0484,0.56,0.0038,0.1572,0.9622,0,4,0,0,0,0,0,0,0,0,0,0,4,0,0,0,0,0,0,0,0,0
pbt,bintrie,5,4,storage_sload_k1,10,,782,0,0,0.0379,0.5445,0.002,0.1415,0.9461,0,4,0,0,0,0,0,0,0,0,0,0,4,0,0,0,0,0,0,0,0,0
pbt,bintrie,5,4,storage_sload_k1,10,,783,0,0,0.0283,0.5591,0.0026,0.1117,0.8671,0,4,0,0,0,0,0,0,0,0,0,0,4,0,0,0,0,0,0,0,0,0
pbt,bintrie,5,4,storage_sload_k1,10,,784,86132,2,0.681,1.8068,25.5919,1.9419,38.4183,2.242,11,0,0,0,3,0,0,0,1,155,4,7,36.36,0,0,0,0,0,0,0,0
pbt,bintrie,5,4,storage_sload_k1,10,,785,15900047,1,446.9315,15.507,12.7939,3.4687,479.5081,33.1591,8,702,2,183,2,0,0,0,0,0,3,5,37.5,173,529,24.64,2,0,100,183,0
pbt,bintrie,5,4,storage_sload_k1,10,,786,21000,1,0.6469,4.2655,95.1585,0.9531,114.8284,0.1829,6,0,0,0,2,0,0,0,0,0,2,4,33.33,0,0,0,0,0,0,0,0
pbt,bintrie,5,4,storage_sload_k1,10,,787,0,0,0.0566,0.8015,0.0067,0.4282,2.041,0,4,0,0,0,0,0,0,0,0,0,0,4,0,0,0,0,0,0,0,0,0
pbt,bintrie,5,4,storage_sload_k1,11,,788,0,0,0.04,0.3856,0.0018,0.126,0.7277,0,4,0,0,0,0,0,0,0,0,0,0,4,0,0,0,0,0,0,0,0,0
pbt,bintrie,5,4,storage_sload_k1,11,,789,0,0,0.0857,1.2384,0.0047,0.2765,1.9007,0,4,0,0,0,0,0,0,0,0,0,0,4,0,0,0,0,0,0,0,0,0
pbt,bintrie,5,4,storage_sload_k1,11,,790,0,0,0.0312,0.6151,0.0029,0.1102,0.8901,0,4,0,0,0,0,0,0,0,0,0,0,4,0,0,0,0,0,0,0,0,0
pbt,bintrie,5,4,storage_sload_k1,11,,791,0,0,0.0332,0.525,0.0029,0.159,0.9502,0,4,0,0,0,0,0,0,0,0,0,0,4,0,0,0,0,0,0,0,0,0
pbt,bintrie,5,4,storage_sload_k1,11,,792,0,0,0.0353,0.5323,0.0029,0.2362,0.9756,0,4,0,0,0,0,0,0,0,0,0,0,4,0,0,0,0,0,0,0,0,0
pbt,bintrie,5,4,storage_sload_k1,11,,793,0,0,0.0423,0.8047,0.0026,0.2047,1.3282,0,4,0,0,0,0,0,0,0,0,0,0,4,0,0,0,0,0,0,0,0,0
pbt,bintrie,5,4,storage_sload_k1,11,,794,86132,2,1.2708,2.6509,20.3071,1.6213,26.3587,3.2677,11,0,0,0,3,0,0,0,1,155,4,7,36.36,0,0,0,0,0,0,0,0
pbt,bintrie,5,4,storage_sload_k1,11,,795,15900047,1,513.9765,65.6622,107.1195,0.8639,693.4719,22.9282,8,702,2,183,2,0,0,0,0,0,1,7,12.5,50,652,7.12,2,0,100,183,0
pbt,bintrie,5,4,storage_sload_k1,11,,796,21000,1,0.0598,0.5556,6.9847,5.7171,13.4464,1.5618,6,0,0,0,2,0,0,0,0,0,2,4,33.33,0,0,0,0,0,0,0,0
pbt,bintrie,5,4,storage_sload_k1,11,,797,0,0,0.2444,1.8313,0.0105,1.0091,4.1669,0,4,0,0,0,0,0,0,0,0,0,0,4,0,0,0,0,0,0,0,0,0
pbt,bintrie,5,4,storage_sload_k1,11,,798,0,0,0.1038,1.9853,0.0079,1.0704,4.729,0,4,0,0,0,0,0,0,0,0,0,0,4,0,0,0,0,0,0,0,0,0
pbt,bintrie,5,4,storage_sload_k1,12,,799,0,0,0.2295,1.8092,0.0123,0.331,3.5862,0,4,0,0,0,0,0,0,0,0,0,0,4,0,0,0,0,0,0,0,0,0
pbt,bintrie,5,4,storage_sload_k1,12,,800,0,0,0.103,1.7135,0.0058,0.4255,2.8381,0,4,0,0,0,0,0,0,0,0,0,0,4,0,0,0,0,0,0,0,0,0
pbt,bintrie,5,4,storage_sload_k1,12,,801,0,0,0.0274,0.4818,0.0035,0.1041,0.7297,0,4,0,0,0,0,0,0,0,0,0,0,4,0,0,0,0,0,0,0,0,0
pbt,bintrie,5,4,storage_sload_k1,12,,802,0,0,0.0184,0.3086,0.0009,0.0927,0.5113,0,4,0,0,0,0,0,0,0,0,0,0,4,0,0,0,0,0,0,0,0,0
pbt,bintrie,5,4,storage_sload_k1,12,,803,0,0,0.0338,0.3844,0.0023,0.1697,0.8222,0,4,0,0,0,0,0,0,0,0,0,0,4,0,0,0,0,0,0,0,0,0
pbt,bintrie,5,4,storage_sload_k1,12,,804,0,0,0.0292,0.5101,0.0018,0.1076,0.8187,0,4,0,0,0,0,0,0,0,0,0,0,4,0,0,0,0,0,0,0,0,0
pbt,bintrie,5,4,storage_sload_k1,12,,805,86132,2,0.3199,2.405,5.3435,17.8116,29.1461,2.9552,11,0,0,0,3,0,0,0,1,155,7,4,63.64,0,0,0,0,0,0,0,0
pbt,bintrie,5,4,storage_sload_k1,12,,806,15900047,1,512.7469,20.9963,7.1419,3.6971,545.2418,29.1615,8,702,2,183,2,0,0,0,0,0,4,4,50,63,639,8.97,2,0,100,183,0
pbt,bintrie,5,4,storage_sload_k1,12,,807,21000,1,0.1135,0.9467,106.0474,0.8954,127.2151,0.1651,6,0,0,0,2,0,0,0,0,0,2,4,33.33,0,0,0,0,0,0,0,0
pbt,bintrie,5,4,storage_sload_k1,12,,808,0,0,0.1237,1.6207,0.0085,0.6624,3.5302,0,4,0,0,0,0,0,0,0,0,0,0,4,0,0,0,0,0,0,0,0,0
pbt,bintrie,5,4,storage_sload_k1,13,,809,0,0,0.1633,2.1309,0.0216,1.2361,9.6067,0,4,0,0,0,0,0,0,0,0,0,0,4,0,0,0,0,0,0,0,0,0
pbt,bintrie,5,4,storage_sload_k1,13,,810,0,0,0.1312,1.7707,0.005,0.3535,2.7503,0,4,0,0,0,0,0,0,0,0,0,0,4,0,0,0,0,0,0,0,0,0
pbt,bintrie,5,4,storage_sload_k1,13,,811,0,0,0.1604,1.7879,0.0079,0.7945,9.6568,0,4,0,0,0,0,0,0,0,0,0,0,4,0,0,0,0,0,0,0,0,0
pbt,bintrie,5,4,storage_sload_k1,13,,812,0,0,0.0764,1.1337,0.005,0.268,1.8185,0,4,0,0,0,0,0,0,0,0,0,0,4,0,0,0,0,0,0,0,0,0
pbt,bintrie,5,4,storage_sload_k1,13,,813,0,0,0.0808,1.113,0.0032,0.2835,1.8398,0,4,0,0,0,0,0,0,0,0,0,0,4,0,0,0,0,0,0,0,0,0
pbt,bintrie,5,4,storage_sload_k1,13,,814,0,0,0.0983,0.9631,0.0023,0.1356,1.4332,0,4,0,0,0,0,0,0,0,0,0,0,4,0,0,0,0,0,0,0,0,0
pbt,bintrie,5,4,storage_sload_k1,13,,815,86132,2,1.6727,6.2333,13.6106,3.7391,56.0438,1.5369,11,0,0,0,3,0,0,0,1,155,4,7,36.36,0,0,0,0,0,0,0,0
pbt,bintrie,5,4,storage_sload_k1,13,,816,15900047,1,459.5269,17.2245,109.6062,0.7872,589.654,26.965,8,702,2,183,2,0,0,0,0,0,4,4,50,99,603,14.1,2,0,100,183,0
pbt,bintrie,5,4,storage_sload_k1,13,,817,21000,1,0.0618,0.5769,6.5282,6.1666,13.4814,1.5577,6,0,0,0,2,0,0,0,0,0,2,4,33.33,0,0,0,0,0,0,0,0
pbt,bintrie,5,4,storage_sload_k1,13,,818,0,0,0.1012,1.4388,0.0064,0.4879,2.4225,0,4,0,0,0,0,0,0,0,0,0,0,4,0,0,0,0,0,0,0,0,0
pbt,bintrie,5,4,storage_sload_k1,13,,819,0,0,0.1362,1.7047,0.0114,0.8129,3.8747,0,4,0,0,0,0,0,0,0,0,0,0,4,0,0,0,0,0,0,0,0,0
pbt,bintrie,5,4,storage_sload_k1,14,,820,0,0,0.0881,0.7265,0.0038,0.4238,1.8547,0,4,0,0,0,0,0,0,0,0,0,0,4,0,0,0,0,0,0,0,0,0
pbt,bintrie,5,4,storage_sload_k1,14,,821,0,0,0.11,1.5578,0.0105,0.4124,2.7958,0,4,0,0,0,0,0,0,0,0,0,0,4,0,0,0,0,0,0,0,0,0
pbt,bintrie,5,4,storage_sload_k1,14,,822,0,0,0.0758,1.3098,0.0044,0.2529,1.9454,0,4,0,0,0,0,0,0,0,0,0,0,4,0,0,0,0,0,0,0,0,0
pbt,bintrie,5,4,storage_sload_k1,14,,823,0,0,0.0347,0.5364,0.0032,0.145,0.9523,0,4,0,0,0,0,0,0,0,0,0,0,4,0,0,0,0,0,0,0,0,0
pbt,bintrie,5,4,storage_sload_k1,14,,824,0,0,0.0373,0.5349,0.0035,0.1423,0.8869,0,4,0,0,0,0,0,0,0,0,0,0,4,0,0,0,0,0,0,0,0,0
pbt,bintrie,5,4,storage_sload_k1,14,,825,0,0,0.03,0.5693,0.0018,0.1493,0.8907,0,4,0,0,0,0,0,0,0,0,0,0,4,0,0,0,0,0,0,0,0,0
pbt,bintrie,5,4,storage_sload_k1,14,,826,86132,2,0.497,3.0082,1.572,3.0417,8.6448,9.9635,11,0,0,0,3,0,0,0,1,155,5,6,45.45,0,0,0,0,0,0,0,0
pbt,bintrie,5,4,storage_sload_k1,14,,827,15900047,1,430.8014,29.5028,92.1498,0.8887,556.5089,28.5711,8,702,2,183,2,0,0,0,0,0,1,7,12.5,26,676,3.7,2,0,100,183,0
pbt,bintrie,5,4,storage_sload_k1,14,,828,21000,1,0.0612,0.5827,6.7096,3.1555,10.6625,1.9695,6,0,0,0,2,0,0,0,0,0,2,4,33.33,0,0,0,0,0,0,0,0
pbt,bintrie,5,4,storage_sload_k1,14,,829,0,0,0.0916,1.393,0.0099,0.5606,2.7474,0,4,0,0,0,0,0,0,0,0,0,0,4,0,0,0,0,0,0,0,0,0
pbt,bintrie,5,4,storage_sload_k1,14,,830,0,0,0.1426,2.3391,0.0079,0.5343,4.9576,0,4,0,0,0,0,0,0,0,0,0,0,4,0,0,0,0,0,0,0,0,0
pbt,bintrie,5,4,storage_sload_k1,15,,831,0,0,0.1298,1.6313,0.0064,0.4074,2.6112,0,4,0,0,0,0,0,0,0,0,0,0,4,0,0,0,0,0,0,0,0,0
pbt,bintrie,5,4,storage_sload_k1,15,,832,0,0,0.0989,1.2358,0.0073,0.3579,2.2163,0,4,0,0,0,0,0,0,0,0,0,0,4,0,0,0,0,0,0,0,0,0
pbt,bintrie,5,4,storage_sload_k1,15,,833,0,0,0.0455,0.6341,0.0067,1.8383,18.476,0,4,0,0,0,0,0,0,0,0,0,0,4,0,0,0,0,0,0,0,0,0
pbt,bintrie,5,4,storage_sload_k1,15,,834,0,0,0.075,1.1713,0.0026,0.3838,2.0562,0,4,0,0,0,0,0,0,0,0,0,0,4,0,0,0,0,0,0,0,0,0
pbt,bintrie,5,4,storage_sload_k1,15,,835,0,0,0.0633,1.1118,0.0029,0.4247,2.069,0,4,0,0,0,0,0,0,0,0,0,0,4,0,0,0,0,0,0,0,0,0
pbt,bintrie,5,4,storage_sload_k1,15,,836,0,0,0.033,0.4914,0.002,0.1,0.8134,0,4,0,0,0,0,0,0,0,0,0,0,4,0,0,0,0,0,0,0,0,0
pbt,bintrie,5,4,storage_sload_k1,15,,837,86132,2,1.0045,32.2998,16.6088,2.0795,74.6692,1.1535,11,0,0,0,3,0,0,0,1,155,4,7,36.36,0,0,0,0,0,0,0,0
pbt,bintrie,5,4,storage_sload_k1,15,,838,15900047,1,452.1456,46.1114,26.1126,80.8168,606.6151,26.2111,8,702,2,183,2,0,0,0,0,0,4,4,50,263,439,37.46,2,0,100,183,0
pbt,bintrie,5,4,storage_sload_k1,15,,839,21000,1,0.2132,3.5297,104.083,0.7805,124.1632,0.1691,6,0,0,0,2,0,0,0,0,0,2,4,33.33,0,0,0,0,0,0,0,0
pbt,bintrie,5,4,storage_sload_k1,15,,840,0,0,0.0849,1.2541,0.0055,0.6775,3.1327,0,4,0,0,0,0,0,0,0,0,0,0,4,0,0,0,0,0,0,0,0,0
pbt,bintrie,5,4,storage_sload_k1,16,,841,0,0,0.056,0.5078,0.0023,0.3042,1.0899,0,4,0,0,0,0,0,0,0,0,0,0,4,0,0,0,0,0,0,0,0,0
pbt,bintrie,5,4,storage_sload_k1,16,,842,0,0,0.0309,0.359,0.0018,0.1301,0.707,0,4,0,0,0,0,0,0,0,0,0,0,4,0,0,0,0,0,0,0,0,0
pbt,bintrie,5,4,storage_sload_k1,16,,843,0,0,0.0618,0.6702,0.0052,0.1458,1.0581,0,4,0,0,0,0,0,0,0,0,0,0,4,0,0,0,0,0,0,0,0,0
pbt,bintrie,5,4,storage_sload_k1,16,,844,0,0,0.0907,1.7876,0.0058,0.4235,2.8755,0,4,0,0,0,0,0,0,0,0,0,0,4,0,0,0,0,0,0,0,0,0
pbt,bintrie,5,4,storage_sload_k1,16,,845,0,0,0.0682,1.1567,0.0044,0.2712,1.8515,0,4,0,0,0,0,0,0,0,0,0,0,4,0,0,0,0,0,0,0,0,0
pbt,bintrie,5,4,storage_sload_k1,16,,846,0,0,0.0385,0.5626,0.0035,0.1627,0.9208,0,4,0,0,0,0,0,0,0,0,0,0,4,0,0,0,0,0,0,0,0,0
pbt,bintrie,5,4,storage_sload_k1,16,,847,86132,2,0.429,9.8788,17.9248,3.551,32.4769,2.6521,11,0,0,0,3,0,0,0,1,155,4,7,36.36,0,0,0,0,0,0,0,0
pbt,bintrie,5,4,storage_sload_k1,16,,848,0,0,0.1391,1.4297,0.1426,0.4576,2.7256,0,4,0,0,0,0,0,0,0,0,0,0,4,0,0,0,0,0,0,0,0,0
pbt,bintrie,5,4,storage_sload_k1,16,,849,15900047,1,522.8619,19.5012,9.4366,6.3515,558.7013,28.4589,8,702,2,183,2,0,0,0,0,0,4,4,50,180,522,25.64,2,0,100,183,0
pbt,bintrie,5,4,storage_sload_k1,16,,850,21000,1,0.2249,2.7536,78.8128,0.8496,96.6676,0.2172,6,0,0,0,2,0,0,0,0,0,2,4,33.33,0,0,0,0,0,0,0,0
pbt,bintrie,5,4,storage_sload_k1,16,,851,0,0,0.1403,1.7094,0.0088,0.7035,3.7303,0,4,0,0,0,0,0,0,0,0,0,0,4,0,0,0,0,0,0,0,0,0
pbt,bintrie,5,4,storage_sload_k1,16,,852,0,0,0.1522,1.8905,0.0114,0.9339,4.0768,0,4,0,0,0,0,0,0,0,0,0,0,4,0,0,0,0,0,0,0,0,0
pbt,bintrie,5,4,storage_sload_k1,17,,853,0,0,0.0965,0.6974,0.0029,0.3337,1.6345,0,4,0,0,0,0,0,0,0,0,0,0,4,0,0,0,0,0,0,0,0,0
pbt,bintrie,5,4,storage_sload_k1,17,,854,0,0,0.0554,0.5547,0.0044,0.1966,1.0686,0,4,0,0,0,0,0,0,0,0,0,0,4,0,0,0,0,0,0,0,0,0
pbt,bintrie,5,4,storage_sload_k1,17,,855,0,0,0.0831,1.3381,0.0055,0.2479,1.9932,0,4,0,0,0,0,0,0,0,0,0,0,4,0,0,0,0,0,0,0,0,0
pbt,bintrie,5,4,storage_sload_k1,17,,856,0,0,0.04,0.5626,0.0029,0.1718,0.9523,0,4,0,0,0,0,0,0,0,0,0,0,4,0,0,0,0,0,0,0,0,0
pbt,bintrie,5,4,storage_sload_k1,17,,857,0,0,0.093,1.3069,0.0073,0.3972,2.3517,0,4,0,0,0,0,0,0,0,0,0,0,4,0,0,0,0,0,0,0,0,0
pbt,bintrie,5,4,storage_sload_k1,17,,858,0,0,0.03,0.5159,0.0026,0.1056,0.8581,0,4,0,0,0,0,0,0,0,0,0,0,4,0,0,0,0,0,0,0,0,0
pbt,bintrie,5,4,storage_sload_k1,17,,859,86132,2,1.2107,12.3139,63.1542,1.7237,86.7462,0.9929,11,0,0,0,3,0,0,0,1,155,4,7,36.36,0,0,0,0,0,0,0,0
pbt,bintrie,5,4,storage_sload_k1,17,,860,15900047,1,437.7189,14.1548,86.5076,1.2684,545.9225,29.1251,8,702,2,183,2,0,0,0,0,0,0,8,0,45,657,6.41,2,0,100,183,0
pbt,bintrie,5,4,storage_sload_k1,17,,861,0,0,0.0706,1.1728,0.0035,0.5107,2.1431,0,4,0,0,0,0,0,0,0,0,0,0,4,0,0,0,0,0,0,0,0,0
pbt,bintrie,5,4,storage_sload_k1,17,,862,21000,1,0.3202,7.5767,91.0144,0.7767,114.2153,0.1839,6,0,0,0,2,0,0,0,0,0,2,4,33.33,0,0,0,0,0,0,0,0
pbt,bintrie,5,4,storage_sload_k1,17,,863,0,0,0.1263,1.6721,0.0102,0.7294,3.6344,0,4,0,0,0,0,0,0,0,0,0,0,4,0,0,0,0,0,0,0,0,0
pbt,bintrie,5,4,storage_sload_k1,17,,864,0,0,0.0843,1.281,0.0055,0.5509,2.7393,0,4,0,0,0,0,0,0,0,0,0,0,4,0,0,0,0,0,0,0,0,0
pbt,bintrie,5,4,storage_sload_k1,18,,865,0,0,0.0525,0.5553,0.002,0.3173,1.1777,0,4,0,0,0,0,0,0,0,0,0,0,4,0,0,0,0,0,0,0,0,0
pbt,bintrie,5,4,storage_sload_k1,18,,866,0,0,0.0333,0.5673,0.0041,0.1406,0.9196,0,4,0,0,0,0,0,0,0,0,0,0,4,0,0,0,0,0,0,0,0,0
pbt,bintrie,5,4,storage_sload_k1,18,,867,0,0,0.0379,0.597,0.0038,0.152,1.0395,0,4,0,0,0,0,0,0,0,0,0,0,4,0,0,0,0,0,0,0,0,0
pbt,bintrie,5,4,storage_sload_k1,18,,868,0,0,0.0502,1.0071,0.0029,0.2677,1.6569,0,4,0,0,0,0,0,0,0,0,0,0,4,0,0,0,0,0,0,0,0,0
pbt,bintrie,5,4,storage_sload_k1,18,,869,0,0,0.086,1.7161,0.0061,0.3287,2.7428,0,4,0,0,0,0,0,0,0,0,0,0,4,0,0,0,0,0,0,0,0,0
pbt,bintrie,5,4,storage_sload_k1,18,,870,0,0,0.0297,0.4471,0.0018,0.0927,0.7198,0,4,0,0,0,0,0,0,0,0,0,0,4,0,0,0,0,0,0,0,0,0
pbt,bintrie,5,4,storage_sload_k1,18,,871,86132,2,0.1187,0.8499,9.0823,2.4461,12.7073,6.7781,11,0,0,0,3,0,0,0,1,155,5,6,45.45,0,0,0,0,0,0,0,0
pbt,bintrie,5,4,storage_sload_k1,18,,872,15900047,1,466.0629,17.5216,6.7222,2.9846,502.0798,31.6684,8,702,2,183,2,0,0,0,0,0,3,5,37.5,154,548,21.94,2,0,100,183,0
pbt,bintrie,5,4,storage_sload_k1,18,,873,21000,1,0.6784,6.5562,86.2276,0.8616,107.9811,0.1945,6,0,0,0,2,0,0,0,0,0,2,4,33.33,0,0,0,0,0,0,0,0
pbt,bintrie,5,4,storage_sload_k1,18,,874,0,0,0.0289,0.429,0.0023,0.3453,1.3857,0,4,0,0,0,0,0,0,0,0,0,0,4,0,0,0,0,0,0,0,0,0
pbt,bintrie,5,4,storage_sload_k1,19,,875,0,0,0.4031,3.0942,0.0125,1.0138,6.028,0,4,0,0,0,0,0,0,0,0,0,0,4,0,0,0,0,0,0,0,0,0
pbt,bintrie,5,4,storage_sload_k1,19,,876,0,0,0.0414,0.5769,0.0038,0.2225,1.0631,0,4,0,0,0,0,0,0,0,0,0,0,4,0,0,0,0,0,0,0,0,0
pbt,bintrie,5,4,storage_sload_k1,19,,877,0,0,0.0321,0.5539,0.0044,0.1371,0.8864,0,4,0,0,0,0,0,0,0,0,0,0,4,0,0,0,0,0,0,0,0,0
pbt,bintrie,5,4,storage_sload_k1,19,,878,0,0,0.0525,1.0193,0.0032,0.2377,1.6572,0,4,0,0,0,0,0,0,0,0,0,0,4,0,0,0,0,0,0,0,0,0
pbt,bintrie,5,4,storage_sload_k1,19,,879,0,0,0.0825,1.3574,0.009,0.3829,2.1673,0,4,0,0,0,0,0,0,0,0,0,0,4,0,0,0,0,0,0,0,0,0
pbt,bintrie,5,4,storage_sload_k1,19,,880,0,0,0.1709,1.9839,0.0076,4.6073,24.6181,0,4,0,0,0,0,0,0,0,0,0,0,4,0,0,0,0,0,0,0,0,0
pbt,bintrie,5,4,storage_sload_k1,19,,881,86132,2,0.6078,1.0931,0.5886,2.4196,31.6658,2.72,11,0,0,0,3,0,0,0,1,155,4,7,36.36,0,0,0,0,0,0,0,0
pbt,bintrie,5,4,storage_sload_k1,19,,882,15900047,1,414.1989,12.3095,120.3037,1.486,552.2723,28.7902,8,702,2,183,2,0,0,0,0,0,3,5,37.5,56,646,7.98,2,0,100,183,0
pbt,bintrie,5,4,storage_sload_k1,19,,883,0,0,0.0688,1.1462,0.0044,0.3226,1.9162,0,4,0,0,0,0,0,0,0,0,0,0,4,0,0,0,0,0,0,0,0,0
pbt,bintrie,5,4,storage_sload_k1,19,,884,21000,1,0.2925,0.8417,20.2496,0.8184,22.6701,0.9263,6,0,0,0,2,0,0,0,0,0,0,6,0,0,0,0,0,0,0,0,0
pbt,bintrie,5,4,storage_sload_k1,19,,885,0,0,0.3086,5.034,0.009,0.8245,7.0057,0,4,0,0,0,0,0,0,0,0,0,0,4,0,0,0,0,0,0,0,0,0
pbt,bintrie,5,4,storage_sload_k1,19,,886,0,0,0.0636,0.5827,0.007,1.0086,2.4809,0,4,0,0,0,0,0,0,0,0,0,0,4,0,0,0,0,0,0,0,0,0
pbt,bintrie,5,4,storage_sload_k1,1,,679,0,0,0.0402,0.4013,0.002,0.1094,0.6752,0,4,0,0,0,0,0,0,0,0,0,0,4,0,0,0,0,0,0,0,0,0
pbt,bintrie,5,4,storage_sload_k1,1,,680,0,0,0.0685,1.1643,0.0061,0.3048,1.8885,0,4,0,0,0,0,0,0,0,0,0,0,4,0,0,0,0,0,0,0,0,0
pbt,bintrie,5,4,storage_sload_k1,1,,681,0,0,0.0242,0.4949,0.0023,0.2374,0.8843,0,4,0,0,0,0,0,0,0,0,0,0,4,0,0,0,0,0,0,0,0,0
pbt,bintrie,5,4,storage_sload_k1,1,,682,0,0,0.033,0.3905,0.0026,0.1735,0.856,0,4,0,0,0,0,0,0,0,0,0,0,4,0,0,0,0,0,0,0,0,0
pbt,bintrie,5,4,storage_sload_k1,1,,683,21000,1,0.6898,2.4412,1.3393,19.4656,40.3572,0.5204,8,0,0,0,2,0,0,0,0,0,2,6,25,0,0,0,0,0,0,0,0
pbt,bintrie,5,4,storage_sload_k1,1,,684,0,0,0.0382,0.5932,0.0023,0.2607,1.1092,0,4,0,0,0,0,0,0,0,0,0,0,4,0,0,0,0,0,0,0,0,0
pbt,bintrie,5,4,storage_sload_k1,1,,685,62737,1,0.3567,30.6937,22.4622,1.2436,58.4812,1.0728,9,0,0,0,3,0,0,0,1,69,5,4,55.56,0,0,0,0,0,0,0,0
pbt,bintrie,5,4,storage_sload_k1,1,,686,0,0,0.0353,0.5244,0.0026,0.2082,0.9695,0,4,0,0,0,0,0,0,0,0,0,0,4,0,0,0,0,0,0,0,0,0
pbt,bintrie,5,4,storage_sload_k1,1,,687,0,0,0.0787,1.3131,0.0093,0.322,2.1422,0,4,0,0,0,0,0,0,0,0,0,0,4,0,0,0,0,0,0,0,0,0
pbt,bintrie,5,4,storage_sload_k1,1,,688,0,0,0.0954,1.0427,0.0032,0.1502,4.5548,0,4,0,0,0,0,0,0,0,0,0,0,4,0,0,0,0,0,0,0,0,0
pbt,bintrie,5,4,storage_sload_k1,1,,689,86132,2,0.2686,22.9142,70.8041,0.9476,95.2096,0.9047,11,0,0,0,3,0,0,0,1,155,7,4,63.64,0,0,0,0,0,0,0,0
pbt,bintrie,5,4,storage_sload_k1,1,,690,15900047,1,443.3425,20.2143,6.9549,6.9642,478.1631,33.2524,8,702,2,183,2,0,0,0,0,0,3,5,37.5,38,664,5.41,2,0,100,183,0
pbt,bintrie,5,4,storage_sload_k1,1,,691,21000,1,0.1312,0.8686,27.2153,4.7453,57.3645,0.3661,6,0,0,0,2,0,0,0,0,0,0,6,0,0,0,0,0,0,0,0,0
pbt,bintrie,5,4,storage_sload_k1,1,,692,0,0,0.0362,0.5457,0.0055,0.975,2.4706,0,4,0,0,0,0,0,0,0,0,0,0,4,0,0,0,0,0,0,0,0,0
pbt,bintrie,5,4,storage_sload_k1,20,,887,0,0,0.0475,0.4888,0.0026,0.1636,0.8934,0,4,0,0,0,0,0,0,0,0,0,0,4,0,0,0,0,0,0,0,0,0
pbt,bintrie,5,4,storage_sload_k1,20,,888,0,0,0.0948,1.3314,0.0093,0.6434,3.175,0,4,0,0,0,0,0,0,0,0,0,0,4,0,0,0,0,0,0,0,0,0
pbt,bintrie,5,4,storage_sload_k1,20,,889,0,0,0.0962,1.6207,0.007,0.3144,2.3799,0,4,0,0,0,0,0,0,0,0,0,0,4,0,0,0,0,0,0,0,0,0
pbt,bintrie,5,4,storage_sload_k1,20,,890,0,0,0.0207,0.3197,0.0012,0.0939,0.5492,0,4,0,0,0,0,0,0,0,0,0,0,4,0,0,0,0,0,0,0,0,0
pbt,bintrie,5,4,storage_sload_k1,20,,891,0,0,0.0391,0.5845,0.0023,0.1485,1.0056,0,4,0,0,0,0,0,0,0,0,0,0,4,0,0,0,0,0,0,0,0,0
pbt,bintrie,5,4,storage_sload_k1,20,,892,0,0,0.0388,0.6227,0.0023,0.2981,1.5639,0,4,0,0,0,0,0,0,0,0,0,0,4,0,0,0,0,0,0,0,0,0
pbt,bintrie,5,4,storage_sload_k1,20,,893,86132,2,1.3215,3.84,11.5523,1.8363,38.0137,2.2658,11,0,0,0,3,0,0,0,1,155,4,7,36.36,0,0,0,0,0,0,0,0
pbt,bintrie,5,4,storage_sload_k1,20,,894,15900047,1,438.7097,61.0884,98.4645,0.9587,611.9784,25.9814,8,702,2,183,2,0,0,0,0,0,0,8,0,1,701,0.14,2,0,100,183,0
pbt,bintrie,5,4,storage_sload_k1,20,,895,21000,1,0.0575,0.5766,7.0657,15.0219,22.8463,0.9192,6,0,0,0,2,0,0,0,0,0,2,4,33.33,0,0,0,0,0,0,0,0
pbt,bintrie,5,4,storage_sload_k1,20,,896,0,0,0.0341,0.4579,0.005,1.1206,2.6573,0,4,0,0,0,0,0,0,0,0,0,0,4,0,0,0,0,0,0,0,0,0
pbt,bintrie,5,4,storage_sload_k1,2,,693,0,0,0.0843,0.7321,0.0035,0.5124,1.9002,0,4,0,0,0,0,0,0,0,0,0,0,4,0,0,0,0,0,0,0,0,0
pbt,bintrie,5,4,storage_sload_k1,2,,694,0,0,0.0385,0.6381,0.0038,0.1517,1.0742,0,4,0,0,0,0,0,0,0,0,0,0,4,0,0,0,0,0,0,0,0,0
pbt,bintrie,5,4,storage_sload_k1,2,,695,0,0,0.1333,1.0596,0.0047,0.1266,1.5055,0,4,0,0,0,0,0,0,0,0,0,0,4,0,0,0,0,0,0,0,0,0
pbt,bintrie,5,4,storage_sload_k1,2,,696,0,0,0.0344,0.5597,0.0032,0.152,0.9864,0,4,0,0,0,0,0,0,0,0,0,0,4,0,0,0,0,0,0,0,0,0
pbt,bintrie,5,4,storage_sload_k1,2,,697,0,0,0.054,0.7761,0.0047,0.1794,1.2909,0,4,0,0,0,0,0,0,0,0,0,0,4,0,0,0,0,0,0,0,0,0
pbt,bintrie,5,4,storage_sload_k1,2,,698,0,0,0.0423,0.5442,0.0018,0.1111,1.0316,0,4,0,0,0,0,0,0,0,0,0,0,4,0,0,0,0,0,0,0,0,0
pbt,bintrie,5,4,storage_sload_k1,2,,699,86132,2,0.6134,1.1404,0.6933,1.6677,25.8372,3.3336,11,0,0,0,3,0,0,0,1,155,4,7,36.36,0,0,0,0,0,0,0,0
pbt,bintrie,5,4,storage_sload_k1,2,,700,15900047,1,442.2505,51.4624,94.0689,3.149,596.8282,26.6409,8,702,2,183,2,0,0,0,0,0,0,8,0,450,252,64.1,2,0,100,183,0
pbt,bintrie,5,4,storage_sload_k1,2,,701,0,0,0.0925,1.3078,0.0082,0.3147,2.3756,0,4,0,0,0,0,0,0,0,0,0,0,4,0,0,0,0,0,0,0,0,0
pbt,bintrie,5,4,storage_sload_k1,2,,702,21000,1,0.8009,2.5383,21.9305,1.1068,37.7471,0.5563,6,0,0,0,2,0,0,0,0,0,0,6,0,0,0,0,0,0,0,0,0
pbt,bintrie,5,4,storage_sload_k1,2,,703,0,0,0.0863,1.4248,0.0088,0.3818,2.3301,0,4,0,0,0,0,0,0,0,0,0,0,4,0,0,0,0,0,0,0,0,0
pbt,bintrie,5,4,storage_sload_k1,2,,704,0,0,0.1012,1.458,0.0108,0.3672,2.4555,0,4,0,0,0,0,0,0,0,0,0,0,4,0,0,0,0,0,0,0,0,0
pbt,bintrie,5,4,storage_sload_k1,3,,705,0,0,0.1377,1.5808,0.0088,0.6457,3.3835,0,4,0,0,0,0,0,0,0,0,0,0,4,0,0,0,0,0,0,0,0,0
pbt,bintrie,5,4,storage_sload_k1,3,,706,0,0,0.1035,0.952,0.0023,0.3229,13.5607,0,4,0,0,0,0,0,0,0,0,0,0,4,0,0,0,0,0,0,0,0,0
pbt,bintrie,5,4,storage_sload_k1,3,,707,0,0,0.091,1.3031,0.0076,0.3862,2.2076,0,4,0,0,0,0,0,0,0,0,0,0,4,0,0,0,0,0,0,0,0,0
pbt,bintrie,5,4,storage_sload_k1,3,,708,0,0,0.0251,0.3905,0.0017,0.1377,0.7548,0,4,0,0,0,0,0,0,0,0,0,0,4,0,0,0,0,0,0,0,0,0
pbt,bintrie,5,4,storage_sload_k1,3,,709,0,0,0.0951,1.3422,0.005,2.7468,12.7726,0,4,0,0,0,0,0,0,0,0,0,0,4,0,0,0,0,0,0,0,0,0
pbt,bintrie,5,4,storage_sload_k1,3,,710,86132,2,1.1276,14.0982,51.2387,2.2752,96.6428,0.8912,11,0,0,0,3,0,0,0,1,155,4,7,36.36,0,0,0,0,0,0,0,0
pbt,bintrie,5,4,storage_sload_k1,3,,711,15900047,1,549.1156,21.7076,2.6917,1.4116,587.4444,27.0665,8,702,2,183,2,0,0,0,0,0,4,4,50,323,379,46.01,2,0,100,183,0
pbt,bintrie,5,4,storage_sload_k1,3,,712,21000,1,0.3115,17.5194,102.0554,0.7373,122.5897,0.1713,6,0,0,0,2,0,0,0,0,0,2,4,33.33,0,0,0,0,0,0,0,0
pbt,bintrie,5,4,storage_sload_k1,3,,713,0,0,0.0382,0.4229,0.0035,0.8817,2.3977,0,4,0,0,0,0,0,0,0,0,0,0,4,0,0,0,0,0,0,0,0,0
pbt,bintrie,5,4,storage_sload_k1,4,,714,0,0,0.0461,0.4454,0.002,0.1925,0.8283,0,4,0,0,0,0,0,0,0,0,0,0,4,0,0,0,0,0,0,0,0,0
pbt,bintrie,5,4,storage_sload_k1,4,,715,0,0,0.2698,2.2338,0.0079,0.6542,4.6508,0,4,0,0,0,0,0,0,0,0,0,0,4,0,0,0,0,0,0,0,0,0
pbt,bintrie,5,4,storage_sload_k1,4,,716,0,0,0.0216,0.3914,0.0018,0.5095,1.3268,0,4,0,0,0,0,0,0,0,0,0,0,4,0,0,0,0,0,0,0,0,0
pbt,bintrie,5,4,storage_sload_k1,4,,717,0,0,0.023,0.3185,0.0012,0.1572,0.6554,0,4,0,0,0,0,0,0,0,0,0,0,4,0,0,0,0,0,0,0,0,0
pbt,bintrie,5,4,storage_sload_k1,4,,718,0,0,0.0502,0.8697,0.0053,0.2132,1.3691,0,4,0,0,0,0,0,0,0,0,0,0,4,0,0,0,0,0,0,0,0,0
pbt,bintrie,5,4,storage_sload_k1,4,,719,0,0,0.0268,0.4573,0.0017,0.1181,0.7166,0,4,0,0,0,0,0,0,0,0,0,0,4,0,0,0,0,0,0,0,0,0
pbt,bintrie,5,4,storage_sload_k1,4,,720,86132,2,0.8213,18.5355,59.2655,2.1685,88.6003,0.9721,11,0,0,0,3,0,0,0,1,155,4,7,36.36,0,0,0,0,0,0,0,0
pbt,bintrie,5,4,storage_sload_k1,4,,721,15900047,1,489.4526,40.5891,6.525,3.3284,569.4233,27.9231,8,702,2,183,2,0,0,0,0,0,4,4,50,109,593,15.53,2,0,100,183,0
pbt,bintrie,5,4,storage_sload_k1,4,,722,21000,1,0.3051,7.4727,92.2189,0.7542,121.1705,0.1733,6,0,0,0,2,0,0,0,0,0,2,4,33.33,0,0,0,0,0,0,0,0
pbt,bintrie,5,4,storage_sload_k1,4,,723,0,0,0.0814,1.3352,0.0073,1.0497,3.3071,0,4,0,0,0,0,0,0,0,0,0,0,4,0,0,0,0,0,0,0,0,0
pbt,bintrie,5,4,storage_sload_k1,4,,724,0,0,0.1234,1.75,0.0105,0.7589,3.7907,0,4,0,0,0,0,0,0,0,0,0,0,4,0,0,0,0,0,0,0,0,0
pbt,bintrie,5,4,storage_sload_k1,5,,725,0,0,0.0645,0.6422,0.0032,0.3611,1.463,0,4,0,0,0,0,0,0,0,0,0,0,4,0,0,0,0,0,0,0,0,0
pbt,bintrie,5,4,storage_sload_k1,5,,726,0,0,0.0362,0.5859,0.0035,0.2024,1.0202,0,4,0,0,0,0,0,0,0,0,0,0,4,0,0,0,0,0,0,0,0,0
pbt,bintrie,5,4,storage_sload_k1,5,,727,0,0,0.0274,0.5542,0.0018,0.131,0.8201,0,4,0,0,0,0,0,0,0,0,0,0,4,0,0,0,0,0,0,0,0,0
pbt,bintrie,5,4,storage_sload_k1,5,,728,0,0,0.0732,1.4889,0.0044,0.3272,2.2659,0,4,0,0,0,0,0,0,0,0,0,0,4,0,0,0,0,0,0,0,0,0
pbt,bintrie,5,4,storage_sload_k1,5,,729,0,0,0.0808,1.5928,0.0058,0.4655,2.741,0,4,0,0,0,0,0,0,0,0,0,0,4,0,0,0,0,0,0,0,0,0
pbt,bintrie,5,4,storage_sload_k1,5,,730,0,0,0.0373,0.6081,0.0023,0.131,0.9409,0,4,0,0,0,0,0,0,0,0,0,0,4,0,0,0,0,0,0,0,0,0
pbt,bintrie,5,4,storage_sload_k1,5,,731,86132,2,0.1601,2.5762,83.5421,1.7535,90.441,0.9524,11,0,0,0,3,0,0,0,1,155,5,6,45.45,0,0,0,0,0,0,0,0
pbt,bintrie,5,4,storage_sload_k1,5,,732,0,0,0.0747,1.0756,0.007,0.3127,1.8859,0,4,0,0,0,0,0,0,0,0,0,0,4,0,0,0,0,0,0,0,0,0
pbt,bintrie,5,4,storage_sload_k1,5,,733,15900047,1,526.7769,26.9616,6.6732,8.0658,569.4315,27.9227,8,702,2,183,2,0,0,0,0,0,4,4,50,49,653,6.98,2,0,100,183,0
pbt,bintrie,5,4,storage_sload_k1,5,,734,21000,1,0.4745,1.8582,93.3339,0.8056,115.8314,0.1813,6,0,0,0,2,0,0,0,0,0,2,4,33.33,0,0,0,0,0,0,0,0
pbt,bintrie,5,4,storage_sload_k1,5,,735,0,0,0.1275,1.9098,0.0108,0.688,3.8441,0,4,0,0,0,0,0,0,0,0,0,0,4,0,0,0,0,0,0,0,0,0
pbt,bintrie,5,4,storage_sload_k1,5,,736,0,0,0.0992,1.5015,0.0073,0.6507,3.3042,0,4,0,0,0,0,0,0,0,0,0,0,4,0,0,0,0,0,0,0,0,0
pbt,bintrie,5,4,storage_sload_k1,6,,737,0,0,0.0712,0.7041,0.0044,0.2109,1.2652,0,4,0,0,0,0,0,0,0,0,0,0,4,0,0,0,0,0,0,0,0,0
pbt,bintrie,5,4,storage_sload_k1,6,,738,0,0,0.7989,1.9912,0.012,0.7746,5.0393,0,4,0,0,0,0,0,0,0,0,0,0,4,0,0,0,0,0,0,0,0,0
pbt,bintrie,5,4,storage_sload_k1,6,,739,0,0,0.0362,0.5647,0.0029,0.1263,0.9575,0,4,0,0,0,0,0,0,0,0,0,0,4,0,0,0,0,0,0,0,0,0
pbt,bintrie,5,4,storage_sload_k1,6,,740,0,0,0.0388,0.5294,0.0026,0.1441,0.9604,0,4,0,0,0,0,0,0,0,0,0,0,4,0,0,0,0,0,0,0,0,0
pbt,bintrie,5,4,storage_sload_k1,6,,741,0,0,0.5609,6.1426,0.0248,1.3233,12.2407,0,4,0,0,0,0,0,0,0,0,0,0,4,0,0,0,0,0,0,0,0,0
pbt,bintrie,5,4,storage_sload_k1,6,,742,0,0,0.0376,0.595,0.0018,0.0989,0.8735,0,4,0,0,0,0,0,0,0,0,0,0,4,0,0,0,0,0,0,0,0,0
pbt,bintrie,5,4,storage_sload_k1,6,,743,86132,2,0.9558,37.0116,1.4463,1.88,50.1818,1.7164,11,0,0,0,3,0,0,0,1,155,4,7,36.36,0,0,0,0,0,0,0,0
pbt,bintrie,5,4,storage_sload_k1,6,,744,15900047,1,447.5785,79.8759,33.3233,2.9443,564.6926,28.157,8,702,2,183,2,0,0,0,0,0,3,5,37.5,18,684,2.56,2,0,100,183,0
pbt,bintrie,5,4,storage_sload_k1,6,,745,21000,1,0.1575,2.055,86.6751,0.868,94.6231,0.2219,6,0,0,0,2,0,0,0,0,0,2,4,33.33,0,0,0,0,0,0,0,0
pbt,bintrie,5,4,storage_sload_k1,6,,746,0,0,0.1557,1.997,0.0093,0.73,4.057,0,4,0,0,0,0,0,0,0,0,0,0,4,0,0,0,0,0,0,0,0,0
pbt,bintrie,5,4,storage_sload_k1,6,,747,0,0,0.0513,0.8129,0.0047,0.4112,1.9433,0,4,0,0,0,0,0,0,0,0,0,0,4,0,0,0,0,0,0,0,0,0
pbt,bintrie,5,4,storage_sload_k1,7,,748,0,0,0.0499,0.5089,0.002,0.1773,1.0083,0,4,0,0,0,0,0,0,0,0,0,0,4,0,0,0,0,0,0,0,0,0
pbt,bintrie,5,4,storage_sload_k1,7,,749,0,0,0.0761,1.4726,0.0099,9.7732,12.0975,0,4,0,0,0,0,0,0,0,0,0,0,4,0,0,0,0,0,0,0,0,0
pbt,bintrie,5,4,storage_sload_k1,7,,750,0,0,0.028,0.9785,0.0044,2.1507,6.0388,0,4,0,0,0,0,0,0,0,0,0,0,4,0,0,0,0,0,0,0,0,0
pbt,bintrie,5,4,storage_sload_k1,7,,751,0,0,0.0394,0.5521,0.0029,0.1356,0.931,0,4,0,0,0,0,0,0,0,0,0,0,4,0,0,0,0,0,0,0,0,0
pbt,bintrie,5,4,storage_sload_k1,7,,752,0,0,0.0359,0.4687,0.0032,0.1604,0.9149,0,4,0,0,0,0,0,0,0,0,0,0,4,0,0,0,0,0,0,0,0,0
pbt,bintrie,5,4,storage_sload_k1,7,,753,0,0,0.2115,0.7729,0.0023,0.1333,1.283,0,4,0,0,0,0,0,0,0,0,0,0,4,0,0,0,0,0,0,0,0,0
pbt,bintrie,5,4,storage_sload_k1,7,,754,86132,2,0.2024,1.017,0.7481,1.7287,10.4869,8.2133,11,0,0,0,3,0,0,0,1,155,4,7,36.36,0,0,0,0,0,0,0,0
pbt,bintrie,5,4,storage_sload_k1,7,,755,15900047,1,447.2203,40.3216,1.9433,4.1783,511.7156,31.072,8,702,2,183,2,0,0,0,0,0,0,8,0,252,450,35.9,2,0,100,183,0
pbt,bintrie,5,4,storage_sload_k1,7,,756,21000,1,0.3118,23.263,75.7915,0.7557,101.3231,0.2073,6,0,0,0,2,0,0,0,0,0,2,4,33.33,0,0,0,0,0,0,0,0
pbt,bintrie,5,4,storage_sload_k1,7,,757,0,0,0.0496,0.8096,0.0047,0.385,1.9996,0,4,0,0,0,0,0,0,0,0,0,0,4,0,0,0,0,0,0,0,0,0
pbt,bintrie,5,4,storage_sload_k1,8,,758,0,0,0.247,2.4333,0.007,0.8788,5.0933,0,4,0,0,0,0,0,0,0,0,0,0,4,0,0,0,0,0,0,0,0,0
pbt,bintrie,5,4,storage_sload_k1,8,,759,0,0,0.047,0.7,0.005,0.2275,1.2606,0,4,0,0,0,0,0,0,0,0,0,0,4,0,0,0,0,0,0,0,0,0
pbt,bintrie,5,4,storage_sload_k1,8,,760,0,0,0.0432,0.6589,0.0032,0.1482,1.0835,0,4,0,0,0,0,0,0,0,0,0,0,4,0,0,0,0,0,0,0,0,0
pbt,bintrie,5,4,storage_sload_k1,8,,761,0,0,0.0268,0.422,0.002,0.1692,0.8455,0,4,0,0,0,0,0,0,0,0,0,0,4,0,0,0,0,0,0,0,0,0
pbt,bintrie,5,4,storage_sload_k1,8,,762,0,0,0.0265,0.3678,0.002,0.1353,0.73,0,4,0,0,0,0,0,0,0,0,0,0,4,0,0,0,0,0,0,0,0,0
pbt,bintrie,5,4,storage_sload_k1,8,,763,0,0,0.0437,0.6113,0.0023,0.1359,4.3335,0,4,0,0,0,0,0,0,0,0,0,0,4,0,0,0,0,0,0,0,0,0
pbt,bintrie,5,4,storage_sload_k1,8,,764,86132,2,0.1473,1.3851,0.8645,2.6491,5.4972,15.6683,11,0,0,0,3,0,0,0,1,155,7,4,63.64,0,0,0,0,0,0,0,0
pbt,bintrie,5,4,storage_sload_k1,8,,765,15900047,1,482.2148,17.718,3.4387,6.5122,516.1966,30.8023,8,702,2,183,2,0,0,0,0,0,2,6,25,41,661,5.84,2,0,100,183,0
pbt,bintrie,5,4,storage_sload_k1,8,,766,21000,1,0.231,3.3284,95.8194,0.798,115.9582,0.1811,6,0,0,0,2,0,0,0,0,0,2,4,33.33,0,0,0,0,0,0,0,0
pbt,bintrie,5,4,storage_sload_k1,8,,767,0,0,0.0321,0.408,0.0032,0.3348,1.4108,0,4,0,0,0,0,0,0,0,0,0,0,4,0,0,0,0,0,0,0,0,0
pbt,bintrie,5,4,storage_sload_k1,9,,768,0,0,0.0429,0.3847,0.0023,0.1353,0.7426,0,4,0,0,0,0,0,0,0,0,0,0,4,0,0,0,0,0,0,0,0,0
pbt,bintrie,5,4,storage_sload_k1,9,,769,0,0,0.0277,0.3949,0.0032,0.1333,0.7665,0,4,0,0,0,0,0,0,0,0,0,0,4,0,0,0,0,0,0,0,0,0
pbt,bintrie,5,4,storage_sload_k1,9,,770,0,0,0.0452,0.7151,0.0029,0.4515,4.8564,0,4,0,0,0,0,0,0,0,0,0,0,4,0,0,0,0,0,0,0,0,0
pbt,bintrie,5,4,storage_sload_k1,9,,771,0,0,0.0353,0.4188,0.0023,0.1277,0.7878,0,4,0,0,0,0,0,0,0,0,0,0,4,0,0,0,0,0,0,0,0,0
pbt,bintrie,5,4,storage_sload_k1,9,,772,0,0,0.0382,0.56,0.0023,0.1441,0.9304,0,4,0,0,0,0,0,0,0,0,0,0,4,0,0,0,0,0,0,0,0,0
pbt,bintrie,5,4,storage_sload_k1,9,,773,0,0,0.0309,0.4238,0.0026,0.1207,0.6965,0,4,0,0,0,0,0,0,0,0,0,0,4,0,0,0,0,0,0,0,0,0
pbt,bintrie,5,4,storage_sload_k1,9,,774,86132,2,0.5816,0.9881,18.0534,1.8859,21.6977,3.9696,11,0,0,0,3,0,0,0,1,155,4,7,36.36,0,0,0,0,0,0,0,0
pbt,bintrie,5,4,storage_sload_k1,9,,775,15900047,1,504.8065,35.5938,111.9602,0.8362,661.4649,24.0376,8,702,2,183,2,0,0,0,0,0,4,4,50,465,237,66.24,2,0,100,183,0
pbt,bintrie,5,4,storage_sload_k1,9,,776,21000,1,0.0557,0.5746,6.789,3.0303,10.6135,1.9786,6,0,0,0,2,0,0,0,0,0,2,4,33.33,0,0,0,0,0,0,0,0
pbt,bintrie,5,4,storage_sload_k1,9,,777,0,0,0.0904,1.6604,0.0047,0.5489,3.142,0,4,0,0,0,0,0,0,0,0,0,0,4,0,0,0,0,0,0,0,0,0
pbt,bintrie,5,4,storage_sload_k10,10,,992,0,0,0.0481,0.45,0.0029,0.1301,0.8137,0,4,0,0,0,0,0,0,0,0,0,0,4,0,0,0,0,0,0,0,0,0
pbt,bintrie,5,4,storage_sload_k10,10,,993,0,0,0.0881,1.4309,0.0093,0.6589,3.229,0,4,0,0,0,0,0,0,0,0,0,0,4,0,0,0,0,0,0,0,0,0
pbt,bintrie,5,4,storage_sload_k10,10,,994,0,0,0.1006,1.2705,0.0079,0.5725,2.8539,0,4,0,0,0,0,0,0,0,0,0,0,4,0,0,0,0,0,0,0,0,0
pbt,bintrie,5,4,storage_sload_k10,10,,995,0,0,0.0225,0.3961,0.002,0.1015,0.6417,0,4,0,0,0,0,0,0,0,0,0,0,4,0,0,0,0,0,0,0,0,0
pbt,bintrie,5,4,storage_sload_k10,10,,996,0,0,0.0376,0.4949,0.0026,0.1584,0.9313,0,4,0,0,0,0,0,0,0,0,0,0,4,0,0,0,0,0,0,0,0,0
pbt,bintrie,5,4,storage_sload_k10,10,,997,0,0,0.0531,0.9324,0.002,0.1289,20.9347,0,4,0,0,0,0,0,0,0,0,0,0,4,0,0,0,0,0,0,0,0,0
pbt,bintrie,5,4,storage_sload_k10,10,,998,86864,2,1.3927,3.9654,1.7345,4.5018,12.2616,7.0842,11,0,0,0,3,0,0,0,1,157,4,7,36.36,0,0,0,0,0,0,0,0
pbt,bintrie,5,4,storage_sload_k10,10,,999,15900140,1,461.5166,39.472,28.5534,3.5606,534.1753,29.7658,17,702,11,437,2,0,0,0,0,0,0,17,0,0,702,0,11,0,100,437,0
pbt,bintrie,5,4,storage_sload_k10,10,,1000,21000,1,0.6594,1.2818,50.2138,0.8537,127.4962,0.1647,6,0,0,0,2,0,0,0,0,0,0,6,0,0,0,0,0,0,0,0,0
pbt,bintrie,5,4,storage_sload_k10,10,,1001,0,0,0.1272,1.9139,0.0061,0.9919,4.4977,0,4,0,0,0,0,0,0,0,0,0,0,4,0,0,0,0,0,0,0,0,0
pbt,bintrie,5,4,storage_sload_k10,11,,1003,0,0,0.0437,0.3984,0.0012,0.128,0.7157,0,4,0,0,0,0,0,0,0,0,0,0,4,0,0,0,0,0,0,0,0,0
pbt,bintrie,5,4,storage_sload_k10,11,,1004,0,0,0.089,1.1319,0.0053,0.2692,1.7832,0,4,0,0,0,0,0,0,0,0,0,0,4,0,0,0,0,0,0,0,0,0
pbt,bintrie,5,4,storage_sload_k10,11,,1005,0,0,0.1785,2.8746,0.0035,0.2651,12.2159,0,4,0,0,0,0,0,0,0,0,0,0,4,0,0,0,0,0,0,0,0,0
pbt,bintrie,5,4,storage_sload_k10,11,,1006,0,0,0.0376,0.541,0.0026,0.1788,1.003,0,4,0,0,0,0,0,0,0,0,0,0,4,0,0,0,0,0,0,0,0,0
pbt,bintrie,5,4,storage_sload_k10,11,,1007,0,0,0.1426,0.5454,0.0032,0.1905,1.0716,0,4,0,0,0,0,0,0,0,0,0,0,4,0,0,0,0,0,0,0,0,0
pbt,bintrie,5,4,storage_sload_k10,11,,1008,0,0,0.0452,0.5221,0.0023,0.1102,9.95,0,4,0,0,0,0,0,0,0,0,0,0,4,0,0,0,0,0,0,0,0,0
pbt,bintrie,5,4,storage_sload_k10,11,,1009,86864,2,0.1266,1.8383,1.1868,2.4951,6.7525,12.864,11,0,0,0,3,0,0,0,1,157,6,5,54.55,0,0,0,0,0,0,0,0
pbt,bintrie,5,4,storage_sload_k10,11,,1010,15900140,1,483.2875,12.0044,8.2006,4.2722,524.354,30.3233,17,702,11,437,2,0,0,0,0,0,3,14,17.65,75,627,10.68,11,0,100,437,0
pbt,bintrie,5,4,storage_sload_k10,11,,1011,21000,1,0.6277,1.3854,38.2596,1.3895,134.8116,0.1558,6,0,0,0,2,0,0,0,0,0,0,6,0,0,0,0,0,0,0,0,0
pbt,bintrie,5,4,storage_sload_k10,11,,1012,0,0,0.0936,1.4758,0.0079,0.7933,3.611,0,4,0,0,0,0,0,0,0,0,0,0,4,0,0,0,0,0,0,0,0,0
pbt,bintrie,5,4,storage_sload_k10,11,,1013,0,0,0.0545,0.6962,0.0058,0.4772,1.9544,0,4,0,0,0,0,0,0,0,0,0,0,4,0,0,0,0,0,0,0,0,0
pbt,bintrie,5,4,storage_sload_k10,12,,1014,0,0,0.1091,1.1669,0.005,5.1624,7.1168,0,4,0,0,0,0,0,0,0,0,0,0,4,0,0,0,0,0,0,0,0,0
pbt,bintrie,5,4,storage_sload_k10,12,,1015,0,0,0.037,0.5652,0.0029,0.1537,0.9887,0,4,0,0,0,0,0,0,0,0,0,0,4,0,0,0,0,0,0,0,0,0
pbt,bintrie,5,4,storage_sload_k10,12,,1016,0,0,0.0875,0.9488,0.0073,11.2198,23.4491,0,4,0,0,0,0,0,0,0,0,0,0,4,0,0,0,0,0,0,0,0,0
pbt,bintrie,5,4,storage_sload_k10,12,,1017,0,0,0.037,0.4944,0.0023,0.1642,0.9674,0,4,0,0,0,0,0,0,0,0,0,0,4,0,0,0,0,0,0,0,0,0
pbt,bintrie,5,4,storage_sload_k10,12,,1018,0,0,0.0537,0.5757,0.0038,0.1913,1.108,0,4,0,0,0,0,0,0,0,0,0,0,4,0,0,0,0,0,0,0,0,0
pbt,bintrie,5,4,storage_sload_k10,12,,1019,0,0,0.0417,0.5959,0.0032,0.4098,2.3502,0,4,0,0,0,0,0,0,0,0,0,0,4,0,0,0,0,0,0,0,0,0
pbt,bintrie,5,4,storage_sload_k10,12,,1020,86864,2,1.2428,3.1724,30.7721,1.7444,39.2051,2.2156,11,0,0,0,3,0,0,0,1,157,4,7,36.36,0,0,0,0,0,0,0,0
pbt,bintrie,5,4,storage_sload_k10,12,,1021,15900140,1,476.533,34.8291,13.6567,7.4023,537.4075,29.5867,17,702,11,437,2,0,0,0,0,0,1,16,5.88,80,622,11.4,11,0,100,437,0
pbt,bintrie,5,4,storage_sload_k10,12,,1022,21000,1,0.2517,6.7869,101.6599,0.7837,114.2593,0.1838,6,0,0,0,2,0,0,0,0,0,2,4,33.33,0,0,0,0,0,0,0,0
pbt,bintrie,5,4,storage_sload_k10,12,,1023,0,0,0.1044,1.7669,0.0061,0.4349,3.6676,0,4,0,0,0,0,0,0,0,0,0,0,4,0,0,0,0,0,0,0,0,0
pbt,bintrie,5,4,storage_sload_k10,13,,1024,0,0,0.072,0.5696,0.0035,0.4156,1.647,0,4,0,0,0,0,0,0,0,0,0,0,4,0,0,0,0,0,0,0,0,0
pbt,bintrie,5,4,storage_sload_k10,13,,1025,0,0,0.0341,0.5154,0.0015,0.1385,0.8607,0,4,0,0,0,0,0,0,0,0,0,0,4,0,0,0,0,0,0,0,0,0
pbt,bintrie,5,4,storage_sload_k10,13,,1026,0,0,0.0432,0.5052,0.0047,0.2056,0.9441,0,4,0,0,0,0,0,0,0,0,0,0,4,0,0,0,0,0,0,0,0,0
pbt,bintrie,5,4,storage_sload_k10,13,,1027,0,0,0.0327,0.5466,0.0032,0.1307,0.9176,0,4,0,0,0,0,0,0,0,0,0,0,4,0,0,0,0,0,0,0,0,0
pbt,bintrie,5,4,storage_sload_k10,13,,1028,0,0,0.0814,1.2635,0.007,0.3873,2.0507,0,4,0,0,0,0,0,0,0,0,0,0,4,0,0,0,0,0,0,0,0,0
pbt,bintrie,5,4,storage_sload_k10,13,,1029,0,0,0.051,0.6274,0.002,0.1377,4.8876,0,4,0,0,0,0,0,0,0,0,0,0,4,0,0,0,0,0,0,0,0,0
pbt,bintrie,5,4,storage_sload_k10,13,,1030,86864,2,0.9832,16.8007,1.7424,4.533,24.6729,3.5206,11,0,0,0,3,0,0,0,1,157,4,7,36.36,0,0,0,0,0,0,0,0
pbt,bintrie,5,4,storage_sload_k10,13,,1031,15900140,1,452.5382,23.0802,33.7604,6.3593,523.5181,30.3717,17,702,11,437,2,0,0,0,0,0,0,17,0,0,702,0,11,0,100,437,0
pbt,bintrie,5,4,storage_sload_k10,13,,1032,21000,1,0.215,2.9423,110.0352,0.758,120.5719,0.1742,6,0,0,0,2,0,0,0,0,0,2,4,33.33,0,0,0,0,0,0,0,0
pbt,bintrie,5,4,storage_sload_k10,13,,1033,0,0,0.0435,0.665,0.005,0.4357,1.9022,0,4,0,0,0,0,0,0,0,0,0,0,4,0,0,0,0,0,0,0,0,0
pbt,bintrie,5,4,storage_sload_k10,14,,1034,0,0,0.4769,1.9973,0.0076,0.8893,4.5995,0,4,0,0,0,0,0,0,0,0,0,0,4,0,0,0,0,0,0,0,0,0
pbt,bintrie,5,4,storage_sload_k10,14,,1035,0,0,0.0499,0.8455,0.0035,0.1919,1.4186,0,4,0,0,0,0,0,0,0,0,0,0,4,0,0,0,0,0,0,0,0,0
pbt,bintrie,5,4,storage_sload_k10,14,,1036,0,0,0.0866,1.4253,0.005,0.2368,2.039,0,4,0,0,0,0,0,0,0,0,0,0,4,0,0,0,0,0,0,0,0,0
pbt,bintrie,5,4,storage_sload_k10,14,,1037,0,0,0.0362,0.4926,0.002,0.1657,0.8744,0,4,0,0,0,0,0,0,0,0,0,0,4,0,0,0,0,0,0,0,0,0
pbt,bintrie,5,4,storage_sload_k10,14,,1038,0,0,0.0825,1.2512,0.0052,0.4693,2.1081,0,4,0,0,0,0,0,0,0,0,0,0,4,0,0,0,0,0,0,0,0,0
pbt,bintrie,5,4,storage_sload_k10,14,,1039,0,0,0.0709,0.6962,0.0061,3.4416,12.3509,0,4,0,0,0,0,0,0,0,0,0,0,4,0,0,0,0,0,0,0,0,0
pbt,bintrie,5,4,storage_sload_k10,14,,1040,86864,2,0.7936,70.2525,20.6783,1.8529,94.632,0.9179,11,0,0,0,3,0,0,0,1,157,4,7,36.36,0,0,0,0,0,0,0,0
pbt,bintrie,5,4,storage_sload_k10,14,,1041,15900140,1,542.835,8.6935,77.7502,1.3431,635.5059,25.0197,17,702,11,437,2,0,0,0,0,0,3,14,17.65,165,537,23.5,11,0,100,437,0
pbt,bintrie,5,4,storage_sload_k10,14,,1042,0,0,0.0359,0.5413,0.0058,0.1916,1.0106,0,4,0,0,0,0,0,0,0,0,0,0,4,0,0,0,0,0,0,0,0,0
pbt,bintrie,5,4,storage_sload_k10,14,,1043,21000,1,0.3605,2.8761,100.1217,0.8181,110.8527,0.1894,6,0,0,0,2,0,0,0,0,0,2,4,33.33,0,0,0,0,0,0,0,0
pbt,bintrie,5,4,storage_sload_k10,14,,1044,0,0,0.1219,1.6919,0.0114,0.4503,2.7658,0,4,0,0,0,0,0,0,0,0,0,0,4,0,0,0,0,0,0,0,0,0
pbt,bintrie,5,4,storage_sload_k10,14,,1045,0,0,0.0895,1.7497,0.0061,0.3389,2.6701,0,4,0,0,0,0,0,0,0,0,0,0,4,0,0,0,0,0,0,0,0,0
pbt,bintrie,5,4,storage_sload_k10,15,,1046,0,0,0.0405,0.3981,0.002,0.1849,0.7671,0,4,0,0,0,0,0,0,0,0,0,0,4,0,0,0,0,0,0,0,0,0
pbt,bintrie,5,4,storage_sload_k10,15,,1047,0,0,0.0878,1.7047,0.0067,0.324,3.1263,0,4,0,0,0,0,0,0,0,0,0,0,4,0,0,0,0,0,0,0,0,0
pbt,bintrie,5,4,storage_sload_k10,15,,1048,0,0,0.0335,0.534,0.002,0.1315,0.8645,0,4,0,0,0,0,0,0,0,0,0,0,4,0,0,0,0,0,0,0,0,0
pbt,bintrie,5,4,storage_sload_k10,15,,1049,0,0,0.0773,1.5286,0.005,0.4955,2.7334,0,4,0,0,0,0,0,0,0,0,0,0,4,0,0,0,0,0,0,0,0,0
pbt,bintrie,5,4,storage_sload_k10,15,,1050,0,0,0.0744,1.1882,0.0023,0.3972,2.0192,0,4,0,0,0,0,0,0,0,0,0,0,4,0,0,0,0,0,0,0,0,0
pbt,bintrie,5,4,storage_sload_k10,15,,1051,0,0,0.0417,0.5189,0.0032,0.1636,0.9441,0,4,0,0,0,0,0,0,0,0,0,0,4,0,0,0,0,0,0,0,0,0
pbt,bintrie,5,4,storage_sload_k10,15,,1052,86864,2,0.1333,1.9579,6.9523,2.1886,11.3937,7.6239,11,0,0,0,3,0,0,0,1,157,5,6,45.45,0,0,0,0,0,0,0,0
pbt,bintrie,5,4,storage_sload_k10,15,,1053,15900140,1,533.6635,9.7201,8.5538,3.5854,580.5086,27.39,17,702,11,437,2,0,0,0,0,0,3,14,17.65,0,702,0,11,0,100,437,0
pbt,bintrie,5,4,storage_sload_k10,15,,1054,21000,1,0.2686,8.6244,93.3269,0.7945,109.1094,0.1925,6,0,0,0,2,0,0,0,0,0,2,4,33.33,0,0,0,0,0,0,0,0
pbt,bintrie,5,4,storage_sload_k10,15,,1055,0,0,0.0429,0.6157,0.0082,1.0829,2.5759,0,4,0,0,0,0,0,0,0,0,0,0,4,0,0,0,0,0,0,0,0,0
pbt,bintrie,5,4,storage_sload_k10,15,,1056,0,0,0.1041,1.607,0.0099,0.6591,3.5495,0,4,0,0,0,0,0,0,0,0,0,0,4,0,0,0,0,0,0,0,0,0
pbt,bintrie,5,4,storage_sload_k10,16,,1057,0,0,0.1312,1.4233,0.0067,0.3967,2.8221,0,4,0,0,0,0,0,0,0,0,0,0,4,0,0,0,0,0,0,0,0,0
pbt,bintrie,5,4,storage_sload_k10,16,,1058,0,0,0.0869,1.3676,0.0073,4.8532,6.7735,0,4,0,0,0,0,0,0,0,0,0,0,4,0,0,0,0,0,0,0,0,0
pbt,bintrie,5,4,storage_sload_k10,16,,1059,0,0,0.1076,1.43,0.0055,0.2815,3.7545,0,4,0,0,0,0,0,0,0,0,0,0,4,0,0,0,0,0,0,0,0,0
pbt,bintrie,5,4,storage_sload_k10,16,,1060,0,0,0.0347,0.5437,0.005,0.2039,0.9989,0,4,0,0,0,0,0,0,0,0,0,0,4,0,0,0,0,0,0,0,0,0
pbt,bintrie,5,4,storage_sload_k10,16,,1061,0,0,0.0834,1.6928,0.007,0.3322,2.5173,0,4,0,0,0,0,0,0,0,0,0,0,4,0,0,0,0,0,0,0,0,0
pbt,bintrie,5,4,storage_sload_k10,16,,1062,0,0,0.156,1.8736,0.0108,0.4672,5.2041,0,4,0,0,0,0,0,0,0,0,0,0,4,0,0,0,0,0,0,0,0,0
pbt,bintrie,5,4,storage_sload_k10,16,,1063,86864,2,0.1622,2.3998,4.8614,1.7885,9.5673,9.0793,11,0,0,0,3,0,0,0,1,157,7,4,63.64,0,0,0,0,0,0,0,0
pbt,bintrie,5,4,storage_sload_k10,16,,1064,15900140,1,451.7907,32.0423,41.1248,2.7702,528.4603,30.0877,17,702,11,437,2,0,0,0,0,0,3,14,17.65,265,437,37.75,11,0,100,437,0
pbt,bintrie,5,4,storage_sload_k10,16,,1065,21000,1,0.6784,7.5557,99.5553,0.7542,121.024,0.1735,6,0,0,0,2,0,0,0,0,0,2,4,33.33,0,0,0,0,0,0,0,0
pbt,bintrie,5,4,storage_sload_k10,16,,1066,0,0,0.0822,1.3425,0.007,0.4314,3.0639,0,4,0,0,0,0,0,0,0,0,0,0,4,0,0,0,0,0,0,0,0,0
pbt,bintrie,5,4,storage_sload_k10,17,,1067,0,0,0.0429,0.4661,0.0012,0.1948,0.903,0,4,0,0,0,0,0,0,0,0,0,0,4,0,0,0,0,0,0,0,0,0
pbt,bintrie,5,4,storage_sload_k10,17,,1068,0,0,0.0825,1.2865,0.0052,0.3622,2.1939,0,4,0,0,0,0,0,0,0,0,0,0,4,0,0,0,0,0,0,0,0,0
pbt,bintrie,5,4,storage_sload_k10,17,,1069,0,0,0.0487,0.5142,0.0018,0.1254,0.8604,0,4,0,0,0,0,0,0,0,0,0,0,4,0,0,0,0,0,0,0,0,0
pbt,bintrie,5,4,storage_sload_k10,17,,1070,0,0,0.0735,1.1503,0.0038,0.3316,1.9643,0,4,0,0,0,0,0,0,0,0,0,0,4,0,0,0,0,0,0,0,0,0
pbt,bintrie,5,4,storage_sload_k10,17,,1071,0,0,0.0939,1.7876,0.0073,0.4273,2.7509,0,4,0,0,0,0,0,0,0,0,0,0,4,0,0,0,0,0,0,0,0,0
pbt,bintrie,5,4,storage_sload_k10,17,,1072,0,0,0.0286,0.4567,0.002,0.1528,0.7974,0,4,0,0,0,0,0,0,0,0,0,0,4,0,0,0,0,0,0,0,0,0
pbt,bintrie,5,4,storage_sload_k10,17,,1073,86864,2,1.4096,3.6209,1.9789,3.5725,12.1391,7.1557,11,0,0,0,3,0,0,0,1,157,4,7,36.36,0,0,0,0,0,0,0,0
pbt,bintrie,5,4,storage_sload_k10,17,,1074,15900140,1,458.6158,24.1637,86.5055,0.7968,593.8929,26.7727,17,702,11,437,2,0,0,0,0,0,1,16,5.88,66,636,9.4,11,0,100,437,0
pbt,bintrie,5,4,storage_sload_k10,17,,1075,0,0,0.3065,1.3227,0.0067,0.4751,2.564,0,4,0,0,0,0,0,0,0,0,0,0,4,0,0,0,0,0,0,0,0,0
pbt,bintrie,5,4,storage_sload_k10,17,,1076,21000,1,0.1627,1.5578,8.0346,3.1079,13.1547,1.5964,6,0,0,0,2,0,0,0,0,0,2,4,33.33,0,0,0,0,0,0,0,0
pbt,bintrie,5,4,storage_sload_k10,17,,1077,0,0,0.1333,1.9687,0.0105,0.4357,3.0499,0,4,0,0,0,0,0,0,0,0,0,0,4,0,0,0,0,0,0,0,0,0
pbt,bintrie,5,4,storage_sload_k10,17,,1078,0,0,0.1225,1.5738,0.0099,0.6866,3.3663,0,4,0,0,0,0,0,0,0,0,0,0,4,0,0,0,0,0,0,0,0,0
pbt,bintrie,5,4,storage_sload_k10,18,,1079,0,0,0.0365,0.373,0.0012,0.1382,0.7204,0,4,0,0,0,0,0,0,0,0,0,0,4,0,0,0,0,0,0,0,0,0
pbt,bintrie,5,4,storage_sload_k10,18,,1080,0,0,0.0869,1.0727,0.0041,0.4051,1.9891,0,4,0,0,0,0,0,0,0,0,0,0,4,0,0,0,0,0,0,0,0,0
pbt,bintrie,5,4,storage_sload_k10,18,,1081,0,0,0.0268,0.45,0.0023,0.096,0.7901,0,4,0,0,0,0,0,0,0,0,0,0,4,0,0,0,0,0,0,0,0,0
pbt,bintrie,5,4,storage_sload_k10,18,,1082,0,0,0.0344,0.5046,0.0029,0.1546,0.9254,0,4,0,0,0,0,0,0,0,0,0,0,4,0,0,0,0,0,0,0,0,0
pbt,bintrie,5,4,storage_sload_k10,18,,1083,0,0,0.1056,2.1052,0.007,0.5883,3.315,0,4,0,0,0,0,0,0,0,0,0,0,4,0,0,0,0,0,0,0,0,0
pbt,bintrie,5,4,storage_sload_k10,18,,1084,0,0,0.0359,0.5708,0.0044,0.1263,0.8659,0,4,0,0,0,0,0,0,0,0,0,0,4,0,0,0,0,0,0,0,0,0
pbt,bintrie,5,4,storage_sload_k10,18,,1085,86864,2,0.1773,6.5288,48.1707,2.2181,58.6483,1.4811,11,0,0,0,3,0,0,0,1,157,5,6,45.45,0,0,0,0,0,0,0,0
pbt,bintrie,5,4,storage_sload_k10,18,,1086,15900140,1,476.7861,21.6895,6.5244,3.4439,513.8624,30.9424,17,702,11,437,2,0,0,0,0,0,5,12,29.41,130,572,18.52,11,0,100,437,0
pbt,bintrie,5,4,storage_sload_k10,18,,1087,21000,1,0.2141,3.1173,121.7721,0.7402,132.0146,0.1591,6,0,0,0,2,0,0,0,0,0,2,4,33.33,0,0,0,0,0,0,0,0
pbt,bintrie,5,4,storage_sload_k10,18,,1088,0,0,0.4847,1.3594,0.0096,0.8686,4.8083,0,4,0,0,0,0,0,0,0,0,0,0,4,0,0,0,0,0,0,0,0,0
pbt,bintrie,5,4,storage_sload_k10,18,,1089,0,0,0.0513,0.6635,0.0058,0.4174,1.8599,0,4,0,0,0,0,0,0,0,0,0,0,4,0,0,0,0,0,0,0,0,0
pbt,bintrie,5,4,storage_sload_k10,19,,1090,0,0,0.1184,1.374,0.005,0.6195,3.1222,0,4,0,0,0,0,0,0,0,0,0,0,4,0,0,0,0,0,0,0,0,0
pbt,bintrie,5,4,storage_sload_k10,19,,1091,0,0,0.0869,1.7514,0.007,0.3757,2.9364,0,4,0,0,0,0,0,0,0,0,0,0,4,0,0,0,0,0,0,0,0,0
pbt,bintrie,5,4,storage_sload_k10,19,,1092,0,0,0.1695,2.0367,0.0093,1.4714,12.7003,0,4,0,0,0,0,0,0,0,0,0,0,4,0,0,0,0,0,0,0,0,0
pbt,bintrie,5,4,storage_sload_k10,19,,1093,0,0,0.0717,1.1133,0.0041,0.2599,1.7257,0,4,0,0,0,0,0,0,0,0,0,0,4,0,0,0,0,0,0,0,0,0
pbt,bintrie,5,4,storage_sload_k10,19,,1094,0,0,0.1324,1.5963,0.0111,0.6664,2.9889,0,4,0,0,0,0,0,0,0,0,0,0,4,0,0,0,0,0,0,0,0,0
pbt,bintrie,5,4,storage_sload_k10,19,,1095,0,0,0.0242,0.3873,0.0023,0.1318,0.6594,0,4,0,0,0,0,0,0,0,0,0,0,4,0,0,0,0,0,0,0,0,0
pbt,bintrie,5,4,storage_sload_k10,19,,1096,86864,2,0.4798,33.5665,10.1798,1.7815,46.4916,1.8684,11,0,0,0,3,0,0,0,1,157,4,7,36.36,0,0,0,0,0,0,0,0
pbt,bintrie,5,4,storage_sload_k10,19,,1097,15900140,1,414.9705,30.0394,30.5542,3.7974,484.5977,32.811,17,702,11,437,2,0,0,0,0,0,0,17,0,0,702,0,11,0,100,437,0
pbt,bintrie,5,4,storage_sload_k10,19,,1098,21000,1,0.6513,1.2617,64.091,0.7332,141.8733,0.148,6,0,0,0,2,0,0,0,0,0,0,6,0,0,0,0,0,0,0,0,0
pbt,bintrie,5,4,storage_sload_k10,19,,1099,0,0,0.1041,1.955,0.0073,1.1313,4.9495,0,4,0,0,0,0,0,0,0,0,0,0,4,0,0,0,0,0,0,0,0,0
pbt,bintrie,5,4,storage_sload_k10,1,,897,0,0,0.0677,0.5862,0.0026,0.3663,1.2833,0,4,0,0,0,0,0,0,0,0,0,0,4,0,0,0,0,0,0,0,0,0
pbt,bintrie,5,4,storage_sload_k10,1,,898,0,0,0.047,0.6889,0.0038,2.8953,4.0217,0,4,0,0,0,0,0,0,0,0,0,0,4,0,0,0,0,0,0,0,0,0
pbt,bintrie,5,4,storage_sload_k10,1,,899,0,0,0.0362,0.4853,0.0032,0.1482,0.8554,0,4,0,0,0,0,0,0,0,0,0,0,4,0,0,0,0,0,0,0,0,0
pbt,bintrie,5,4,storage_sload_k10,1,,900,0,0,0.2852,3.0963,0.0131,0.5941,5.3272,0,4,0,0,0,0,0,0,0,0,0,0,4,0,0,0,0,0,0,0,0,0
pbt,bintrie,5,4,storage_sload_k10,1,,901,0,0,0.0822,1.8398,0.0061,0.4964,2.8836,0,4,0,0,0,0,0,0,0,0,0,0,4,0,0,0,0,0,0,0,0,0
pbt,bintrie,5,4,storage_sload_k10,1,,902,0,0,0.0306,0.4917,0.0023,0.1164,0.8082,0,4,0,0,0,0,0,0,0,0,0,0,4,0,0,0,0,0,0,0,0,0
pbt,bintrie,5,4,storage_sload_k10,1,,903,86864,2,0.9012,2.5596,38.6344,4.127,47.3833,1.8332,11,0,0,0,3,0,0,0,1,157,5,6,45.45,0,0,0,0,0,0,0,0
pbt,bintrie,5,4,storage_sload_k10,1,,904,15900140,1,470.0234,10.8007,24.2413,2.8609,508.3909,31.2754,17,702,11,437,2,0,0,0,0,0,3,14,17.65,63,639,8.97,11,0,100,437,0
pbt,bintrie,5,4,storage_sload_k10,1,,905,0,0,0.0793,1.3501,0.0041,0.3112,2.1933,0,4,0,0,0,0,0,0,0,0,0,0,4,0,0,0,0,0,0,0,0,0
pbt,bintrie,5,4,storage_sload_k10,1,,906,21000,1,0.2817,5.8376,91.3929,0.7764,112.8538,0.1861,6,0,0,0,2,0,0,0,0,0,2,4,33.33,0,0,0,0,0,0,0,0
pbt,bintrie,5,4,storage_sload_k10,1,,907,0,0,0.0802,1.295,0.0041,0.7245,3.0706,0,4,0,0,0,0,0,0,0,0,0,0,4,0,0,0,0,0,0,0,0,0
pbt,bintrie,5,4,storage_sload_k10,1,,908,0,0,0.0557,0.6988,0.0061,0.366,1.7578,0,4,0,0,0,0,0,0,0,0,0,0,4,0,0,0,0,0,0,0,0,0
pbt,bintrie,5,4,storage_sload_k10,20,,1100,0,0,0.0965,0.6478,0.0053,0.4492,2.0816,0,4,0,0,0,0,0,0,0,0,0,0,4,0,0,0,0,0,0,0,0,0
pbt,bintrie,5,4,storage_sload_k10,20,,1101,0,0,0.0892,1.9871,0.0047,0.3579,3.1412,0,4,0,0,0,0,0,0,0,0,0,0,4,0,0,0,0,0,0,0,0,0
pbt,bintrie,5,4,storage_sload_k10,20,,1102,0,0,0.0216,0.3792,0.0023,0.084,0.6344,0,4,0,0,0,0,0,0,0,0,0,0,4,0,0,0,0,0,0,0,0,0
pbt,bintrie,5,4,storage_sload_k10,20,,1103,0,0,0.1237,1.7946,0.0047,0.3118,2.7291,0,4,0,0,0,0,0,0,0,0,0,0,4,0,0,0,0,0,0,0,0,0
pbt,bintrie,5,4,storage_sload_k10,20,,1104,0,0,0.0306,0.4518,0.0029,0.177,0.8537,0,4,0,0,0,0,0,0,0,0,0,0,4,0,0,0,0,0,0,0,0,0
pbt,bintrie,5,4,storage_sload_k10,20,,1105,0,0,0.0595,0.8697,0.002,0.117,10.5773,0,4,0,0,0,0,0,0,0,0,0,0,4,0,0,0,0,0,0,0,0,0
pbt,bintrie,5,4,storage_sload_k10,20,,1106,86864,2,0.1444,1.2223,4.2463,4.1649,76.8435,1.1304,11,0,0,0,3,0,0,0,1,157,5,6,45.45,0,0,0,0,0,0,0,0
pbt,bintrie,5,4,storage_sload_k10,20,,1107,15900140,1,541.0314,22.2137,7.4245,3.6705,575.0447,27.6503,17,702,11,437,2,0,0,0,0,0,4,13,23.53,46,656,6.55,11,0,100,437,0
pbt,bintrie,5,4,storage_sload_k10,20,,1108,21000,1,0.096,0.7251,93.6477,0.7802,111.6011,0.1882,6,0,0,0,2,0,0,0,0,0,2,4,33.33,0,0,0,0,0,0,0,0
pbt,bintrie,5,4,storage_sload_k10,20,,1109,0,0,0.0811,1.3953,0.0079,0.5999,3.1033,0,4,0,0,0,0,0,0,0,0,0,0,4,0,0,0,0,0,0,0,0,0
pbt,bintrie,5,4,storage_sload_k10,20,,1110,0,0,0.0405,0.6067,0.0052,1.0596,2.6515,0,4,0,0,0,0,0,0,0,0,0,0,4,0,0,0,0,0,0,0,0,0
pbt,bintrie,5,4,storage_sload_k10,2,,909,0,0,0.0627,0.5749,0.0044,0.2278,1.1611,0,4,0,0,0,0,0,0,0,0,0,0,4,0,0,0,0,0,0,0,0,0
pbt,bintrie,5,4,storage_sload_k10,2,,910,0,0,0.0881,1.2153,0.0079,1.7473,5.3896,0,4,0,0,0,0,0,0,0,0,0,0,4,0,0,0,0,0,0,0,0,0
pbt,bintrie,5,4,storage_sload_k10,2,,911,0,0,0.0516,0.8773,0.0032,0.1963,1.4172,0,4,0,0,0,0,0,0,0,0,0,0,4,0,0,0,0,0,0,0,0,0
pbt,bintrie,5,4,storage_sload_k10,2,,912,0,0,0.0362,0.5474,0.0026,2.4788,3.2351,0,4,0,0,0,0,0,0,0,0,0,0,4,0,0,0,0,0,0,0,0,0
pbt,bintrie,5,4,storage_sload_k10,2,,913,0,0,0.0717,1.1655,0.0038,0.2873,2.0186,0,4,0,0,0,0,0,0,0,0,0,0,4,0,0,0,0,0,0,0,0,0
pbt,bintrie,5,4,storage_sload_k10,2,,914,0,0,0.0312,0.5177,0.002,0.1027,0.8347,0,4,0,0,0,0,0,0,0,0,0,0,4,0,0,0,0,0,0,0,0,0
pbt,bintrie,5,4,storage_sload_k10,2,,915,86864,2,1.3116,3.6667,1.978,4.6887,13.4601,6.4535,11,0,0,0,3,0,0,0,1,157,4,7,36.36,0,0,0,0,0,0,0,0
pbt,bintrie,5,4,storage_sload_k10,2,,916,15900140,1,462.8836,29.4416,98.0436,0.8983,601.8853,26.4172,17,702,11,437,2,0,0,0,0,0,1,16,5.88,0,702,0,11,0,100,437,0
pbt,bintrie,5,4,storage_sload_k10,2,,917,21000,1,0.0869,0.5918,23.2738,2.5214,26.6419,0.7882,6,0,0,0,2,0,0,0,0,0,0,6,0,0,0,0,0,0,0,0,0
pbt,bintrie,5,4,storage_sload_k10,2,,918,0,0,0.0846,1.3448,0.0076,0.7216,3.2129,0,4,0,0,0,0,0,0,0,0,0,0,4,0,0,0,0,0,0,0,0,0
pbt,bintrie,5,4,storage_sload_k10,2,,919,0,0,0.0852,1.2886,0.0061,0.6032,3.0607,0,4,0,0,0,0,0,0,0,0,0,0,4,0,0,0,0,0,0,0,0,0
pbt,bintrie,5,4,storage_sload_k10,3,,920,0,0,0.0545,0.45,0.002,0.161,0.8423,0,4,0,0,0,0,0,0,0,0,0,0,4,0,0,0,0,0,0,0,0,0
pbt,bintrie,5,4,storage_sload_k10,3,,921,0,0,0.0388,0.4871,0.0032,0.2672,1.1369,0,4,0,0,0,0,0,0,0,0,0,0,4,0,0,0,0,0,0,0,0,0
pbt,bintrie,5,4,storage_sload_k10,3,,922,0,0,0.0505,0.7831,0.0026,0.1409,11.5264,0,4,0,0,0,0,0,0,0,0,0,0,4,0,0,0,0,0,0,0,0,0
pbt,bintrie,5,4,storage_sload_k10,3,,923,0,0,0.0324,0.4999,0.0023,0.1365,0.9269,0,4,0,0,0,0,0,0,0,0,0,0,4,0,0,0,0,0,0,0,0,0
pbt,bintrie,5,4,storage_sload_k10,3,,924,0,0,0.0356,0.5008,0.0026,0.1977,0.9817,0,4,0,0,0,0,0,0,0,0,0,0,4,0,0,0,0,0,0,0,0,0
pbt,bintrie,5,4,storage_sload_k10,3,,925,0,0,0.0607,1.3434,0.0038,0.3144,2.2012,0,4,0,0,0,0,0,0,0,0,0,0,4,0,0,0,0,0,0,0,0,0
pbt,bintrie,5,4,storage_sload_k10,3,,926,86864,2,0.8137,11.8816,0.6265,1.6038,48.3341,1.7972,11,0,0,0,3,0,0,0,1,157,4,7,36.36,0,0,0,0,0,0,0,0
pbt,bintrie,5,4,storage_sload_k10,3,,927,15900140,1,438.7768,44.1907,8.3041,6.3077,499.8491,31.8099,17,702,11,437,2,0,0,0,0,0,4,13,23.53,62,640,8.83,11,0,100,437,0
pbt,bintrie,5,4,storage_sload_k10,3,,928,21000,1,0.2202,3.2059,112.9801,0.8525,124.7704,0.1683,6,0,0,0,2,0,0,0,0,0,2,4,33.33,0,0,0,0,0,0,0,0
pbt,bintrie,5,4,storage_sload_k10,3,,929,0,0,0.1187,2.1279,0.0044,0.4515,4.2352,0,4,0,0,0,0,0,0,0,0,0,0,4,0,0,0,0,0,0,0,0,0
pbt,bintrie,5,4,storage_sload_k10,4,,930,0,0,0.1467,1.0436,0.0061,0.3698,2.1099,0,4,0,0,0,0,0,0,0,0,0,0,4,0,0,0,0,0,0,0,0,0
pbt,bintrie,5,4,storage_sload_k10,4,,931,0,0,0.0332,0.4083,0.0029,0.1441,0.8586,0,4,0,0,0,0,0,0,0,0,0,0,4,0,0,0,0,0,0,0,0,0
pbt,bintrie,5,4,storage_sload_k10,4,,932,0,0,0.0857,1.7462,0.0044,0.4722,3.7367,0,4,0,0,0,0,0,0,0,0,0,0,4,0,0,0,0,0,0,0,0,0
pbt,bintrie,5,4,storage_sload_k10,4,,933,0,0,0.1073,1.1687,0.007,0.3739,2.1285,0,4,0,0,0,0,0,0,0,0,0,0,4,0,0,0,0,0,0,0,0,0
pbt,bintrie,5,4,storage_sload_k10,4,,934,0,0,0.0344,0.5445,0.0032,0.1881,0.9403,0,4,0,0,0,0,0,0,0,0,0,0,4,0,0,0,0,0,0,0,0,0
pbt,bintrie,5,4,storage_sload_k10,4,,935,0,0,0.0251,0.4395,0.0038,0.1555,0.77,0,4,0,0,0,0,0,0,0,0,0,0,4,0,0,0,0,0,0,0,0,0
pbt,bintrie,5,4,storage_sload_k10,4,,936,86864,2,0.3792,1.038,0.5072,1.8016,3.9514,21.9831,11,0,0,0,3,0,0,0,1,157,4,7,36.36,0,0,0,0,0,0,0,0
pbt,bintrie,5,4,storage_sload_k10,4,,937,15900140,1,495.8058,23.7533,34.5091,2.5418,557.2381,28.5338,17,702,11,437,2,0,0,0,0,0,4,13,23.53,48,654,6.84,11,0,100,437,0
pbt,bintrie,5,4,storage_sload_k10,4,,938,21000,1,0.3235,3.7347,92.4129,0.7781,115.4645,0.1819,6,0,0,0,2,0,0,0,0,0,2,4,33.33,0,0,0,0,0,0,0,0
pbt,bintrie,5,4,storage_sload_k10,4,,939,0,0,0.0831,1.3282,0.0067,0.7035,3.1108,0,4,0,0,0,0,0,0,0,0,0,0,4,0,0,0,0,0,0,0,0,0
pbt,bintrie,5,4,storage_sload_k10,5,,940,0,0,0.0779,0.7079,0.0044,1.6563,2.9621,0,4,0,0,0,0,0,0,0,0,0,0,4,0,0,0,0,0,0,0,0,0
pbt,bintrie,5,4,storage_sload_k10,5,,941,0,0,0.0633,1.0217,0.0058,0.3071,1.7602,0,4,0,0,0,0,0,0,0,0,0,0,4,0,0,0,0,0,0,0,0,0
pbt,bintrie,5,4,storage_sload_k10,5,,942,0,0,0.0408,0.5454,0.0017,0.0901,0.9444,0,4,0,0,0,0,0,0,0,0,0,0,4,0,0,0,0,0,0,0,0,0
pbt,bintrie,5,4,storage_sload_k10,5,,943,0,0,0.0321,0.4445,0.0038,0.1307,0.7639,0,4,0,0,0,0,0,0,0,0,0,0,4,0,0,0,0,0,0,0,0,0
pbt,bintrie,5,4,storage_sload_k10,5,,944,0,0,0.0423,0.5396,0.0038,0.32,1.5029,0,4,0,0,0,0,0,0,0,0,0,0,4,0,0,0,0,0,0,0,0,0
pbt,bintrie,5,4,storage_sload_k10,5,,945,0,0,0.0245,0.4739,0.002,0.1137,0.8201,0,4,0,0,0,0,0,0,0,0,0,0,4,0,0,0,0,0,0,0,0,0
pbt,bintrie,5,4,storage_sload_k10,5,,946,86864,2,0.4255,1.8649,1.1182,1.582,5.4806,15.8494,11,0,0,0,3,0,0,0,1,157,4,7,36.36,0,0,0,0,0,0,0,0
pbt,bintrie,5,4,storage_sload_k10,5,,947,15900140,1,440.2607,19.9063,98.3977,0.8505,563.2527,28.2291,17,702,11,437,2,0,0,0,0,0,2,15,11.76,59,643,8.4,11,0,100,437,0
pbt,bintrie,5,4,storage_sload_k10,5,,948,21000,1,0.0715,0.5434,6.9397,3.2298,10.9002,1.9266,6,0,0,0,2,0,0,0,0,0,2,4,33.33,0,0,0,0,0,0,0,0
pbt,bintrie,5,4,storage_sload_k10,5,,949,0,0,0.1152,2.2989,0.0079,0.8473,3.8855,0,4,0,0,0,0,0,0,0,0,0,0,4,0,0,0,0,0,0,0,0,0
pbt,bintrie,5,4,storage_sload_k10,6,,950,0,0,0.0706,0.7746,0.0047,0.2782,1.4685,0,4,0,0,0,0,0,0,0,0,0,0,4,0,0,0,0,0,0,0,0,0
pbt,bintrie,5,4,storage_sload_k10,6,,951,0,0,0.0857,1.6832,0.0076,0.3398,2.6369,0,4,0,0,0,0,0,0,0,0,0,0,4,0,0,0,0,0,0,0,0,0
pbt,bintrie,5,4,storage_sload_k10,6,,952,0,0,0.0642,1.0823,0.0085,0.6696,14.5885,0,4,0,0,0,0,0,0,0,0,0,0,4,0,0,0,0,0,0,0,0,0
pbt,bintrie,5,4,storage_sload_k10,6,,953,0,0,0.0455,0.4935,0.0023,0.1747,0.9275,0,4,0,0,0,0,0,0,0,0,0,0,4,0,0,0,0,0,0,0,0,0
pbt,bintrie,5,4,storage_sload_k10,6,,954,0,0,0.0344,0.4958,0.0015,0.1412,1.1952,0,4,0,0,0,0,0,0,0,0,0,0,4,0,0,0,0,0,0,0,0,0
pbt,bintrie,5,4,storage_sload_k10,6,,955,86864,2,0.8388,29.9733,26.7519,2.4187,60.9481,1.4252,11,0,0,0,3,0,0,0,1,157,4,7,36.36,0,0,0,0,0,0,0,0
pbt,bintrie,5,4,storage_sload_k10,6,,956,15900140,1,422.9925,50.1543,28.8614,3.4267,517.1366,30.7465,17,702,11,437,2,0,0,0,0,0,8,9,47.06,477,225,67.95,11,0,100,437,0
pbt,bintrie,5,4,storage_sload_k10,6,,957,21000,1,0.1056,0.8998,97.7963,0.8831,106.3247,0.1975,6,0,0,0,2,0,0,0,0,0,2,4,33.33,0,0,0,0,0,0,0,0
pbt,bintrie,5,4,storage_sload_k10,6,,958,0,0,0.1094,1.5271,0.009,0.6294,3.2899,0,4,0,0,0,0,0,0,0,0,0,0,4,0,0,0,0,0,0,0,0,0
pbt,bintrie,5,4,storage_sload_k10,6,,959,0,0,0.0577,0.6291,0.0047,0.5285,2.1387,0,4,0,0,0,0,0,0,0,0,0,0,4,0,0,0,0,0,0,0,0,0
pbt,bintrie,5,4,storage_sload_k10,7,,960,0,0,0.0633,0.5498,0.0023,0.2931,1.1474,0,4,0,0,0,0,0,0,0,0,0,0,4,0,0,0,0,0,0,0,0,0
pbt,bintrie,5,4,storage_sload_k10,7,,961,0,0,0.0977,1.206,0.0061,0.5731,2.8119,0,4,0,0,0,0,0,0,0,0,0,0,4,0,0,0,0,0,0,0,0,0
pbt,bintrie,5,4,storage_sload_k10,7,,962,0,0,0.2045,2.3861,0.0085,1.1448,25.4064,0,4,0,0,0,0,0,0,0,0,0,0,4,0,0,0,0,0,0,0,0,0
pbt,bintrie,5,4,storage_sload_k10,7,,963,0,0,0.0391,0.525,0.0026,0.1919,0.9275,0,4,0,0,0,0,0,0,0,0,0,0,4,0,0,0,0,0,0,0,0,0
pbt,bintrie,5,4,storage_sload_k10,7,,964,0,0,0.0335,0.4833,0.0029,0.1662,0.8537,0,4,0,0,0,0,0,0,0,0,0,0,4,0,0,0,0,0,0,0,0,0
pbt,bintrie,5,4,storage_sload_k10,7,,965,0,0,0.0901,1.3212,0.0041,0.2712,2.0579,0,4,0,0,0,0,0,0,0,0,0,0,4,0,0,0,0,0,0,0,0,0
pbt,bintrie,5,4,storage_sload_k10,7,,966,86864,2,1.2396,2.8457,1.3011,1.9742,34.0745,2.5492,11,0,0,0,3,0,0,0,1,157,4,7,36.36,0,0,0,0,0,0,0,0
pbt,bintrie,5,4,storage_sload_k10,7,,967,15900140,1,472.6358,26.5993,24.4725,3.1251,542.445,29.312,17,702,11,437,2,0,0,0,0,0,10,7,58.82,621,81,88.46,11,0,100,437,0
pbt,bintrie,5,4,storage_sload_k10,7,,968,21000,1,0.2418,3.828,87.5678,0.7936,106.3422,0.1975,6,0,0,0,2,0,0,0,0,0,2,4,33.33,0,0,0,0,0,0,0,0
pbt,bintrie,5,4,storage_sload_k10,7,,969,0,0,0.0505,0.6314,0.0041,0.3812,1.7957,0,4,0,0,0,0,0,0,0,0,0,0,4,0,0,0,0,0,0,0,0,0
pbt,bintrie,5,4,storage_sload_k10,8,,970,0,0,0.072,0.6314,0.0044,0.2103,1.3154,0,4,0,0,0,0,0,0,0,0,0,0,4,0,0,0,0,0,0,0,0,0
pbt,bintrie,5,4,storage_sload_k10,8,,971,0,0,0.0615,1.0301,0.0047,0.2316,1.6893,0,4,0,0,0,0,0,0,0,0,0,0,4,0,0,0,0,0,0,0,0,0
pbt,bintrie,5,4,storage_sload_k10,8,,972,0,0,0.0312,0.5215,0.0026,0.0936,0.8216,0,4,0,0,0,0,0,0,0,0,0,0,4,0,0,0,0,0,0,0,0,0
pbt,bintrie,5,4,storage_sload_k10,8,,973,0,0,0.0855,1.7447,0.0055,0.3132,2.6089,0,4,0,0,0,0,0,0,0,0,0,0,4,0,0,0,0,0,0,0,0,0
pbt,bintrie,5,4,storage_sload_k10,8,,974,0,0,0.07,1.0958,0.0041,0.3045,1.9637,0,4,0,0,0,0,0,0,0,0,0,0,4,0,0,0,0,0,0,0,0,0
pbt,bintrie,5,4,storage_sload_k10,8,,975,0,0,0.0222,0.364,0.0018,0.0855,0.6125,0,4,0,0,0,0,0,0,0,0,0,0,4,0,0,0,0,0,0,0,0,0
pbt,bintrie,5,4,storage_sload_k10,8,,976,86864,2,0.7884,18.7376,4.9538,1.738,26.9554,3.2225,11,0,0,0,3,0,0,0,1,157,4,7,36.36,0,0,0,0,0,0,0,0
pbt,bintrie,5,4,storage_sload_k10,8,,977,15900140,1,499.2337,37.8839,4.8512,1.4189,592.0254,26.8572,17,702,11,437,2,0,0,0,0,0,8,9,47.06,445,257,63.39,11,0,100,437,0
pbt,bintrie,5,4,storage_sload_k10,8,,978,21000,1,0.2584,19.7068,126.5725,0.7335,148.1521,0.1417,6,0,0,0,2,0,0,0,0,0,2,4,33.33,0,0,0,0,0,0,0,0
pbt,bintrie,5,4,storage_sload_k10,8,,979,0,0,0.0519,0.7216,0.0064,0.4874,1.9807,0,4,0,0,0,0,0,0,0,0,0,0,4,0,0,0,0,0,0,0,0,0
pbt,bintrie,5,4,storage_sload_k10,9,,980,0,0,0.0569,0.5664,0.0029,0.2196,1.1331,0,4,0,0,0,0,0,0,0,0,0,0,4,0,0,0,0,0,0,0,0,0
pbt,bintrie,5,4,storage_sload_k10,9,,981,0,0,0.0318,0.3716,0.002,0.387,1.3574,0,4,0,0,0,0,0,0,0,0,0,0,4,0,0,0,0,0,0,0,0,0
pbt,bintrie,5,4,storage_sload_k10,9,,982,0,0,0.084,1.3941,0.0053,0.334,2.1303,0,4,0,0,0,0,0,0,0,0,0,0,4,0,0,0,0,0,0,0,0,0
pbt,bintrie,5,4,storage_sload_k10,9,,983,0,0,0.0187,0.2917,0.0009,0.072,0.4906,0,4,0,0,0,0,0,0,0,0,0,0,4,0,0,0,0,0,0,0,0,0
pbt,bintrie,5,4,storage_sload_k10,9,,984,0,0,0.0254,0.371,0.0015,0.1697,0.8274,0,4,0,0,0,0,0,0,0,0,0,0,4,0,0,0,0,0,0,0,0,0
pbt,bintrie,5,4,storage_sload_k10,9,,985,0,0,0.0726,0.6172,0.0035,5.445,20.9091,0,4,0,0,0,0,0,0,0,0,0,0,4,0,0,0,0,0,0,0,0,0
pbt,bintrie,5,4,storage_sload_k10,9,,986,86864,2,1.2766,3.2934,1.5216,1.5983,30.9135,2.8099,11,0,0,0,3,0,0,0,1,157,4,7,36.36,0,0,0,0,0,0,0,0
pbt,bintrie,5,4,storage_sload_k10,9,,987,0,0,0.1447,2.1589,0.0044,0.5903,4.4926,0,4,0,0,0,0,0,0,0,0,0,0,4,0,0,0,0,0,0,0,0,0
pbt,bintrie,5,4,storage_sload_k10,9,,988,15900140,1,448.9595,64.0492,20.6813,3.1213,580.1125,27.4087,17,702,11,437,2,0,0,0,0,0,1,16,5.88,6,696,0.85,11,0,100,437,0
pbt,bintrie,5,4,storage_sload_k10,9,,989,21000,1,0.2144,3.4888,87.9163,0.7102,110.8923,0.1894,6,0,0,0,2,0,0,0,0,0,2,4,33.33,0,0,0,0,0,0,0,0
pbt,bintrie,5,4,storage_sload_k10,9,,990,0,0,0.0884,1.4245,0.0088,0.7099,3.4903,0,4,0,0,0,0,0,0,0,0,0,0,4,0,0,0,0,0,0,0,0,0
pbt,bintrie,5,4,storage_sload_k10,9,,991,0,0,0.1097,1.9815,0.0088,1.0377,4.813,0,4,0,0,0,0,0,0,0,0,0,0,4,0,0,0,0,0,0,0,0,0
pbt,bintrie,5,4,storage_sload_k100,10,,1212,0,0,0.0607,0.5612,0.0038,0.2094,1.1229,0,4,0,0,0,0,0,0,0,0,0,0,4,0,0,0,0,0,0,0,0,0
pbt,bintrie,5,4,storage_sload_k100,10,,1213,0,0,0.166,2.0868,0.0061,0.4442,3.4702,0,4,0,0,0,0,0,0,0,0,0,0,4,0,0,0,0,0,0,0,0,0
pbt,bintrie,5,4,storage_sload_k100,10,,1214,0,0,0.0312,0.4591,0.0018,0.1137,0.7507,0,4,0,0,0,0,0,0,0,0,0,0,4,0,0,0,0,0,0,0,0,0
pbt,bintrie,5,4,storage_sload_k100,10,,1215,0,0,0.0242,0.3672,0.0012,0.152,0.6988,0,4,0,0,0,0,0,0,0,0,0,0,4,0,0,0,0,0,0,0,0,0
pbt,bintrie,5,4,storage_sload_k100,10,,1216,0,0,0.0292,0.3818,0.0012,0.1452,0.7268,0,4,0,0,0,0,0,0,0,0,0,0,4,0,0,0,0,0,0,0,0,0
pbt,bintrie,5,4,storage_sload_k100,10,,1217,0,0,0.4801,1.4872,0.0055,0.4459,5.753,0,4,0,0,0,0,0,0,0,0,0,0,4,0,0,0,0,0,0,0,0,0
pbt,bintrie,5,4,storage_sload_k100,10,,1218,86864,2,0.8569,2.2003,89.7884,1.67,106.6726,0.8143,11,0,0,0,3,0,0,0,1,157,7,4,63.64,0,0,0,0,0,0,0,0
pbt,bintrie,5,4,storage_sload_k100,10,,1219,15900205,1,422.8226,27.8905,99.6812,1.2186,562.9423,28.2448,107,702,101,2957,2,0,0,0,0,0,1,106,0.93,38,664,5.41,101,0,100,2957,0
pbt,bintrie,5,4,storage_sload_k100,10,,1220,0,0,0.072,1.225,0.0029,0.2823,2.0664,0,4,0,0,0,0,0,0,0,0,0,0,4,0,0,0,0,0,0,0,0,0
pbt,bintrie,5,4,storage_sload_k100,10,,1221,21000,1,1.1649,2.9968,101.0371,0.7994,109.8939,0.1911,6,0,0,0,2,0,0,0,0,0,0,6,0,0,0,0,0,0,0,0,0
pbt,bintrie,5,4,storage_sload_k100,10,,1222,0,0,0.3249,3.4751,0.0195,1.654,7.2337,0,4,0,0,0,0,0,0,0,0,0,0,4,0,0,0,0,0,0,0,0,0
pbt,bintrie,5,4,storage_sload_k100,11,,1224,0,0,0.1767,1.2463,0.0044,0.2952,2.2709,0,4,0,0,0,0,0,0,0,0,0,0,4,0,0,0,0,0,0,0,0,0
pbt,bintrie,5,4,storage_sload_k100,11,,1225,0,0,0.0857,1.7362,0.0067,0.6259,3.3275,0,4,0,0,0,0,0,0,0,0,0,0,4,0,0,0,0,0,0,0,0,0
pbt,bintrie,5,4,storage_sload_k100,11,,1226,0,0,0.0962,1.5058,0.0052,0.3264,2.1994,0,4,0,0,0,0,0,0,0,0,0,0,4,0,0,0,0,0,0,0,0,0
pbt,bintrie,5,4,storage_sload_k100,11,,1227,0,0,0.0455,0.4783,0.002,0.1709,0.9321,0,4,0,0,0,0,0,0,0,0,0,0,4,0,0,0,0,0,0,0,0,0
pbt,bintrie,5,4,storage_sload_k100,11,,1228,0,0,0.04,0.4853,0.0032,0.1992,0.9619,0,4,0,0,0,0,0,0,0,0,0,0,4,0,0,0,0,0,0,0,0,0
pbt,bintrie,5,4,storage_sload_k100,11,,1229,0,0,0.0528,0.5962,0.0047,0.4322,15.0012,0,4,0,0,0,0,0,0,0,0,0,0,4,0,0,0,0,0,0,0,0,0
pbt,bintrie,5,4,storage_sload_k100,11,,1230,86864,2,1.1381,40.9685,1.7065,1.719,83.378,1.0418,11,0,0,0,3,0,0,0,1,157,4,7,36.36,0,0,0,0,0,0,0,0
pbt,bintrie,5,4,storage_sload_k100,11,,1231,15900205,1,461.5622,38.6991,15.6653,2.76,531.1066,29.9379,107,702,101,2957,2,0,0,0,0,0,1,106,0.93,1,701,0.14,101,0,100,2957,0
pbt,bintrie,5,4,storage_sload_k100,11,,1232,21000,1,1.6374,2.242,109.861,0.7076,118.649,0.177,6,0,0,0,2,0,0,0,0,0,2,4,33.33,0,0,0,0,0,0,0,0
pbt,bintrie,5,4,storage_sload_k100,11,,1233,0,0,0.0472,0.8648,0.0026,0.6023,2.2394,0,4,0,0,0,0,0,0,0,0,0,0,4,0,0,0,0,0,0,0,0,0
pbt,bintrie,5,4,storage_sload_k100,11,,1234,0,0,0.1205,1.4948,0.0099,0.6906,3.5775,0,4,0,0,0,0,0,0,0,0,0,0,4,0,0,0,0,0,0,0,0,0
pbt,bintrie,5,4,storage_sload_k100,12,,1235,0,0,0.0493,0.4821,0.002,0.1604,1.0333,0,4,0,0,0,0,0,0,0,0,0,0,4,0,0,0,0,0,0,0,0,0
pbt,bintrie,5,4,storage_sload_k100,12,,1236,0,0,0.0639,1.2221,0.0053,0.2613,1.8771,0,4,0,0,0,0,0,0,0,0,0,0,4,0,0,0,0,0,0,0,0,0
pbt,bintrie,5,4,storage_sload_k100,12,,1237,0,0,0.0513,0.6542,0.0044,6.9138,16.3539,0,4,0,0,0,0,0,0,0,0,0,0,4,0,0,0,0,0,0,0,0,0
pbt,bintrie,5,4,storage_sload_k100,12,,1238,0,0,0.0225,0.4095,0.002,0.1292,0.7615,0,4,0,0,0,0,0,0,0,0,0,0,4,0,0,0,0,0,0,0,0,0
pbt,bintrie,5,4,storage_sload_k100,12,,1239,0,0,0.0411,0.4276,0.0032,0.1651,0.8531,0,4,0,0,0,0,0,0,0,0,0,0,4,0,0,0,0,0,0,0,0,0
pbt,bintrie,5,4,storage_sload_k100,12,,1240,0,0,0.0618,0.6239,0.0067,0.2485,14.0393,0,4,0,0,0,0,0,0,0,0,0,0,4,0,0,0,0,0,0,0,0,0
pbt,bintrie,5,4,storage_sload_k100,12,,1241,86864,2,0.145,2.2198,5.685,4.614,13.3297,6.5166,11,0,0,0,3,0,0,0,1,157,5,6,45.45,0,0,0,0,0,0,0,0
pbt,bintrie,5,4,storage_sload_k100,12,,1242,15900205,1,500.5748,16.7692,26.8808,4.05,548.6621,28.98,107,702,101,2957,2,0,0,0,0,0,64,43,59.81,464,238,66.1,101,0,100,2957,0
pbt,bintrie,5,4,storage_sload_k100,12,,1243,21000,1,0.2278,2.9828,91.1347,0.6965,101.5843,0.2067,6,0,0,0,2,0,0,0,0,0,2,4,33.33,0,0,0,0,0,0,0,0
pbt,bintrie,5,4,storage_sload_k100,12,,1244,0,0,0.1382,1.8999,0.0155,0.777,4.0955,0,4,0,0,0,0,0,0,0,0,0,0,4,0,0,0,0,0,0,0,0,0
pbt,bintrie,5,4,storage_sload_k100,12,,1245,0,0,0.1164,1.5963,0.0143,0.7014,3.7012,0,4,0,0,0,0,0,0,0,0,0,0,4,0,0,0,0,0,0,0,0,0
pbt,bintrie,5,4,storage_sload_k100,13,,1246,0,0,0.0353,0.3579,0.0006,0.1572,0.7224,0,4,0,0,0,0,0,0,0,0,0,0,4,0,0,0,0,0,0,0,0,0
pbt,bintrie,5,4,storage_sload_k100,13,,1247,0,0,0.0852,1.2821,0.0093,0.3838,2.1396,0,4,0,0,0,0,0,0,0,0,0,0,4,0,0,0,0,0,0,0,0,0
pbt,bintrie,5,4,storage_sload_k100,13,,1248,0,0,0.03,0.3835,0.0015,0.0997,0.6629,0,4,0,0,0,0,0,0,0,0,0,0,4,0,0,0,0,0,0,0,0,0
pbt,bintrie,5,4,storage_sload_k100,13,,1249,0,0,0.0694,1.5624,0.0041,0.3194,2.3823,0,4,0,0,0,0,0,0,0,0,0,0,4,0,0,0,0,0,0,0,0,0
pbt,bintrie,5,4,storage_sload_k100,13,,1250,0,0,0.0907,1.3154,0.0093,0.3803,2.4622,0,4,0,0,0,0,0,0,0,0,0,0,4,0,0,0,0,0,0,0,0,0
pbt,bintrie,5,4,storage_sload_k100,13,,1251,0,0,0.0239,0.4121,0.0023,0.1336,0.7332,0,4,0,0,0,0,0,0,0,0,0,0,4,0,0,0,0,0,0,0,0,0
pbt,bintrie,5,4,storage_sload_k100,13,,1252,86864,2,0.3768,8.5482,70.4462,1.5365,97.7248,0.8889,11,0,0,0,3,0,0,0,1,157,6,5,54.55,0,0,0,0,0,0,0,0
pbt,bintrie,5,4,storage_sload_k100,13,,1253,15900205,1,461.907,14.5086,7.6117,2.5039,487.1629,32.6384,107,702,101,2957,2,0,0,0,0,0,93,14,86.92,642,60,91.45,101,0,100,2957,0
pbt,bintrie,5,4,storage_sload_k100,13,,1254,21000,1,0.2914,2.5867,116.0576,0.7644,136.9165,0.1534,6,0,0,0,2,0,0,0,0,0,2,4,33.33,0,0,0,0,0,0,0,0
pbt,bintrie,5,4,storage_sload_k100,13,,1255,0,0,0.1097,1.4528,0.0111,0.8479,3.4034,0,4,0,0,0,0,0,0,0,0,0,0,4,0,0,0,0,0,0,0,0,0
pbt,bintrie,5,4,storage_sload_k100,13,,1256,0,0,0.1289,1.5653,0.0105,0.7653,3.4427,0,4,0,0,0,0,0,0,0,0,0,0,4,0,0,0,0,0,0,0,0,0
pbt,bintrie,5,4,storage_sload_k100,14,,1257,0,0,0.042,0.4025,0.0015,0.1336,0.7431,0,4,0,0,0,0,0,0,0,0,0,0,4,0,0,0,0,0,0,0,0,0
pbt,bintrie,5,4,storage_sload_k100,14,,1258,0,0,0.0995,1.3609,0.009,0.6793,2.6888,0,4,0,0,0,0,0,0,0,0,0,0,4,0,0,0,0,0,0,0,0,0
pbt,bintrie,5,4,storage_sload_k100,14,,1259,0,0,0.1794,7.29,0.0079,0.336,16.8331,0,4,0,0,0,0,0,0,0,0,0,0,4,0,0,0,0,0,0,0,0,0
pbt,bintrie,5,4,storage_sload_k100,14,,1260,0,0,0.0846,1.7992,0.0038,0.245,2.6456,0,4,0,0,0,0,0,0,0,0,0,0,4,0,0,0,0,0,0,0,0,0
pbt,bintrie,5,4,storage_sload_k100,14,,1261,0,0,0.0653,1.241,0.0047,0.2386,2.0203,0,4,0,0,0,0,0,0,0,0,0,0,4,0,0,0,0,0,0,0,0,0
pbt,bintrie,5,4,storage_sload_k100,14,,1262,0,0,0.0435,0.5145,0.0032,0.1584,0.9514,0,4,0,0,0,0,0,0,0,0,0,0,4,0,0,0,0,0,0,0,0,0
pbt,bintrie,5,4,storage_sload_k100,14,,1263,86864,2,0.6166,13.5651,26.522,1.7742,44.9762,1.9313,11,0,0,0,3,0,0,0,1,157,4,7,36.36,0,0,0,0,0,0,0,0
pbt,bintrie,5,4,storage_sload_k100,14,,1264,15900205,1,428.535,35.5714,94.9079,0.8718,576.9218,27.5604,107,702,101,2957,2,0,0,0,0,0,24,83,22.43,203,499,28.92,101,0,100,2957,0
pbt,bintrie,5,4,storage_sload_k100,14,,1265,21000,1,0.0691,0.6303,5.0215,0.6256,6.5588,3.2018,6,0,0,0,2,0,0,0,0,0,2,4,33.33,0,0,0,0,0,0,0,0
pbt,bintrie,5,4,storage_sload_k100,14,,1266,0,0,0.1735,1.8926,0.009,0.5122,3.616,0,4,0,0,0,0,0,0,0,0,0,0,4,0,0,0,0,0,0,0,0,0
pbt,bintrie,5,4,storage_sload_k100,15,,1267,0,0,0.061,0.5381,0.0032,0.1969,1.129,0,4,0,0,0,0,0,0,0,0,0,0,4,0,0,0,0,0,0,0,0,0
pbt,bintrie,5,4,storage_sload_k100,15,,1268,0,0,0.0502,0.4416,0.0035,0.3535,1.4189,0,4,0,0,0,0,0,0,0,0,0,0,4,0,0,0,0,0,0,0,0,0
pbt,bintrie,5,4,storage_sload_k100,15,,1269,0,0,0.0752,0.4395,0.0017,0.1307,0.8082,0,4,0,0,0,0,0,0,0,0,0,0,4,0,0,0,0,0,0,0,0,0
pbt,bintrie,5,4,storage_sload_k100,15,,1270,0,0,0.042,0.3555,0.0015,0.1668,0.7822,0,4,0,0,0,0,0,0,0,0,0,0,4,0,0,0,0,0,0,0,0,0
pbt,bintrie,5,4,storage_sload_k100,15,,1271,0,0,0.0382,0.5402,0.0029,0.1604,0.9552,0,4,0,0,0,0,0,0,0,0,0,0,4,0,0,0,0,0,0,0,0,0
pbt,bintrie,5,4,storage_sload_k100,15,,1272,0,0,0.0373,0.6072,0.0029,0.1286,0.9604,0,4,0,0,0,0,0,0,0,0,0,0,4,0,0,0,0,0,0,0,0,0
pbt,bintrie,5,4,storage_sload_k100,15,,1273,86864,2,0.1272,1.9964,5.6561,1.9672,9.9243,8.7527,11,0,0,0,3,0,0,0,1,157,6,5,54.55,0,0,0,0,0,0,0,0
pbt,bintrie,5,4,storage_sload_k100,15,,1274,15900205,1,439.32,26.2382,6.4194,2.2079,484.8728,32.7925,107,702,101,2957,2,0,0,0,0,0,6,101,5.61,25,677,3.56,101,0,100,2957,0
pbt,bintrie,5,4,storage_sload_k100,15,,1275,21000,1,0.1222,0.7437,121.7429,0.7017,128.8209,0.163,6,0,0,0,2,0,0,0,0,0,2,4,33.33,0,0,0,0,0,0,0,0
pbt,bintrie,5,4,storage_sload_k100,15,,1276,0,0,0.2403,1.7902,0.0117,0.9762,4.2235,0,4,0,0,0,0,0,0,0,0,0,0,4,0,0,0,0,0,0,0,0,0
pbt,bintrie,5,4,storage_sload_k100,15,,1277,0,0,0.261,2.0807,0.0108,0.8123,4.3933,0,4,0,0,0,0,0,0,0,0,0,0,4,0,0,0,0,0,0,0,0,0
pbt,bintrie,5,4,storage_sload_k100,16,,1278,0,0,0.2103,2.0985,0.0073,0.863,4.6998,0,4,0,0,0,0,0,0,0,0,0,0,4,0,0,0,0,0,0,0,0,0
pbt,bintrie,5,4,storage_sload_k100,16,,1279,0,0,0.0478,0.5439,0.0029,0.1823,0.9946,0,4,0,0,0,0,0,0,0,0,0,0,4,0,0,0,0,0,0,0,0,0
pbt,bintrie,5,4,storage_sload_k100,16,,1280,0,0,0.0665,1.092,0.0041,0.5985,2.0766,0,4,0,0,0,0,0,0,0,0,0,0,4,0,0,0,0,0,0,0,0,0
pbt,bintrie,5,4,storage_sload_k100,16,,1281,0,0,0.0394,0.5227,0.0032,0.1578,1.0173,0,4,0,0,0,0,0,0,0,0,0,0,4,0,0,0,0,0,0,0,0,0
pbt,bintrie,5,4,storage_sload_k100,16,,1282,0,0,0.0738,1.2299,0.0087,0.4074,2.06,0,4,0,0,0,0,0,0,0,0,0,0,4,0,0,0,0,0,0,0,0,0
pbt,bintrie,5,4,storage_sload_k100,16,,1283,0,0,1.4116,0.7991,0.0044,3.4314,20.4398,0,4,0,0,0,0,0,0,0,0,0,0,4,0,0,0,0,0,0,0,0,0
pbt,bintrie,5,4,storage_sload_k100,16,,1284,86864,2,0.6554,42.5793,2.4429,3.2085,49.0798,1.7699,11,0,0,0,3,0,0,0,1,157,4,7,36.36,0,0,0,0,0,0,0,0
pbt,bintrie,5,4,storage_sload_k100,16,,1285,15900205,1,496.7704,13.7584,13.9883,4.0937,529.1183,30.0504,107,702,101,2957,2,0,0,0,0,0,6,101,5.61,38,664,5.41,101,0,100,2957,0
pbt,bintrie,5,4,storage_sload_k100,16,,1286,21000,1,0.2622,8.8857,94.2275,0.7933,109.6239,0.1916,6,0,0,0,2,0,0,0,0,0,2,4,33.33,0,0,0,0,0,0,0,0
pbt,bintrie,5,4,storage_sload_k100,16,,1287,0,0,0.0507,0.7816,0.0032,0.527,2.186,0,4,0,0,0,0,0,0,0,0,0,0,4,0,0,0,0,0,0,0,0,0
pbt,bintrie,5,4,storage_sload_k100,17,,1288,0,0,0.0452,0.4853,0.0023,0.2943,1.1967,0,4,0,0,0,0,0,0,0,0,0,0,4,0,0,0,0,0,0,0,0,0
pbt,bintrie,5,4,storage_sload_k100,17,,1289,0,0,0.0271,0.4168,0.0012,0.1286,0.7522,0,4,0,0,0,0,0,0,0,0,0,0,4,0,0,0,0,0,0,0,0,0
pbt,bintrie,5,4,storage_sload_k100,17,,1290,0,0,0.0379,0.4914,0.0029,0.138,0.9033,0,4,0,0,0,0,0,0,0,0,0,0,4,0,0,0,0,0,0,0,0,0
pbt,bintrie,5,4,storage_sload_k100,17,,1291,0,0,0.1333,1.764,0.0055,0.3444,2.6911,0,4,0,0,0,0,0,0,0,0,0,0,4,0,0,0,0,0,0,0,0,0
pbt,bintrie,5,4,storage_sload_k100,17,,1292,0,0,0.0645,1.1019,0.0023,0.2613,1.808,0,4,0,0,0,0,0,0,0,0,0,0,4,0,0,0,0,0,0,0,0,0
pbt,bintrie,5,4,storage_sload_k100,17,,1293,0,0,0.0222,0.4229,0.0023,0.1251,0.7405,0,4,0,0,0,0,0,0,0,0,0,0,4,0,0,0,0,0,0,0,0,0
pbt,bintrie,5,4,storage_sload_k100,17,,1294,86864,2,0.3862,8.6699,7.4186,1.8678,18.5457,4.6838,11,0,0,0,3,0,0,0,1,157,4,7,36.36,0,0,0,0,0,0,0,0
pbt,bintrie,5,4,storage_sload_k100,17,,1295,15900205,1,428.1658,11.709,6.7834,4.0322,450.8892,35.2641,107,702,101,2957,2,0,0,0,0,0,9,98,8.41,59,643,8.4,101,0,100,2957,0
pbt,bintrie,5,4,storage_sload_k100,17,,1296,21000,1,0.2004,1.7672,96.118,0.6924,114.6247,0.1832,6,0,0,0,2,0,0,0,0,0,2,4,33.33,0,0,0,0,0,0,0,0
pbt,bintrie,5,4,storage_sload_k100,17,,1297,0,0,0.1161,1.5895,0.0102,0.73,3.5822,0,4,0,0,0,0,0,0,0,0,0,0,4,0,0,0,0,0,0,0,0,0
pbt,bintrie,5,4,storage_sload_k100,18,,1299,0,0,0.0668,0.4894,0.0029,0.2147,1.2565,0,4,0,0,0,0,0,0,0,0,0,0,4,0,0,0,0,0,0,0,0,0
pbt,bintrie,5,4,storage_sload_k100,18,,1300,0,0,0.142,2.1279,0.0125,0.4623,3.3981,0,4,0,0,0,0,0,0,0,0,0,0,4,0,0,0,0,0,0,0,0,0
pbt,bintrie,5,4,storage_sload_k100,18,,1301,0,0,0.0475,0.6096,0.0041,0.359,1.4729,0,4,0,0,0,0,0,0,0,0,0,0,4,0,0,0,0,0,0,0,0,0
pbt,bintrie,5,4,storage_sload_k100,18,,1302,0,0,0.0297,0.4757,0.002,0.1744,0.9663,0,4,0,0,0,0,0,0,0,0,0,0,4,0,0,0,0,0,0,0,0,0
pbt,bintrie,5,4,storage_sload_k100,18,,1303,0,0,0.0373,0.5192,0.002,0.177,0.9155,0,4,0,0,0,0,0,0,0,0,0,0,4,0,0,0,0,0,0,0,0,0
pbt,bintrie,5,4,storage_sload_k100,18,,1304,0,0,0.0271,0.4591,0.002,0.1111,0.7219,0,4,0,0,0,0,0,0,0,0,0,0,4,0,0,0,0,0,0,0,0,0
pbt,bintrie,5,4,storage_sload_k100,18,,1305,86864,2,1.4055,3.4503,16.5146,2.6386,29.1551,2.9794,11,0,0,0,3,0,0,0,1,157,4,7,36.36,0,0,0,0,0,0,0,0
pbt,bintrie,5,4,storage_sload_k100,18,,1306,15900205,1,432.6165,30.5434,4.0806,14.233,482.0915,32.9817,107,702,101,2957,2,0,0,0,0,0,10,97,9.35,66,636,9.4,101,0,100,2957,0
pbt,bintrie,5,4,storage_sload_k100,18,,1307,21000,1,0.2383,2.6836,104.8946,0.6801,118.8957,0.1766,6,0,0,0,2,0,0,0,0,0,2,4,33.33,0,0,0,0,0,0,0,0
pbt,bintrie,5,4,storage_sload_k100,18,,1308,0,0,0.0939,1.444,0.0079,0.6778,3.2981,0,4,0,0,0,0,0,0,0,0,0,0,4,0,0,0,0,0,0,0,0,0
pbt,bintrie,5,4,storage_sload_k100,18,,1309,0,0,0.1945,2.2154,0.0117,1.0118,4.6689,0,4,0,0,0,0,0,0,0,0,0,0,4,0,0,0,0,0,0,0,0,0
pbt,bintrie,5,4,storage_sload_k100,19,,1310,0,0,0.0656,0.6078,0.0032,0.198,1.1792,0,4,0,0,0,0,0,0,0,0,0,0,4,0,0,0,0,0,0,0,0,0
pbt,bintrie,5,4,storage_sload_k100,19,,1311,0,0,0.084,1.6592,0.007,0.6017,2.9128,0,4,0,0,0,0,0,0,0,0,0,0,4,0,0,0,0,0,0,0,0,0
pbt,bintrie,5,4,storage_sload_k100,19,,1312,0,0,0.0312,0.5273,0.0026,0.0974,0.7939,0,4,0,0,0,0,0,0,0,0,0,0,4,0,0,0,0,0,0,0,0,0
pbt,bintrie,5,4,storage_sload_k100,19,,1313,0,0,0.0397,0.499,0.0044,0.4039,1.5907,0,4,0,0,0,0,0,0,0,0,0,0,4,0,0,0,0,0,0,0,0,0
pbt,bintrie,5,4,storage_sload_k100,19,,1314,0,0,0.0397,0.5431,0.0053,0.3558,1.502,0,4,0,0,0,0,0,0,0,0,0,0,4,0,0,0,0,0,0,0,0,0
pbt,bintrie,5,4,storage_sload_k100,19,,1315,0,0,0.1132,1.6598,0.0058,12.5364,18.3121,0,4,0,0,0,0,0,0,0,0,0,0,4,0,0,0,0,0,0,0,0,0
pbt,bintrie,5,4,storage_sload_k100,19,,1316,86864,2,0.1254,0.8957,4.7468,1.7418,137.5135,0.6317,11,0,0,0,3,0,0,0,1,157,5,6,45.45,0,0,0,0,0,0,0,0
pbt,bintrie,5,4,storage_sload_k100,19,,1317,15900205,1,504.2389,23.8239,16.7147,5.0472,556.1543,28.5896,107,702,101,2957,2,0,0,0,0,0,5,102,4.67,39,663,5.56,101,0,100,2957,0
pbt,bintrie,5,4,storage_sload_k100,19,,1318,21000,1,0.203,2.9498,99.0428,0.7884,109.5492,0.1917,6,0,0,0,2,0,0,0,0,0,2,4,33.33,0,0,0,0,0,0,0,0
pbt,bintrie,5,4,storage_sload_k100,19,,1319,0,0,0.1164,1.2827,0.0053,0.644,2.9277,0,4,0,0,0,0,0,0,0,0,0,0,4,0,0,0,0,0,0,0,0,0
pbt,bintrie,5,4,storage_sload_k100,1,,1111,0,0,0.0995,0.7283,0.0032,0.3739,1.6563,0,4,0,0,0,0,0,0,0,0,0,0,4,0,0,0,0,0,0,0,0,0
pbt,bintrie,5,4,storage_sload_k100,1,,1112,0,0,0.0356,0.5101,0.0044,0.1482,0.9036,0,4,0,0,0,0,0,0,0,0,0,0,4,0,0,0,0,0,0,0,0,0
pbt,bintrie,5,4,storage_sload_k100,1,,1113,0,0,0.0309,0.4177,0.0023,0.1426,0.7163,0,4,0,0,0,0,0,0,0,0,0,0,4,0,0,0,0,0,0,0,0,0
pbt,bintrie,5,4,storage_sload_k100,1,,1114,0,0,0.086,1.7313,0.0053,0.3249,2.6908,0,4,0,0,0,0,0,0,0,0,0,0,4,0,0,0,0,0,0,0,0,0
pbt,bintrie,5,4,storage_sload_k100,1,,1115,0,0,0.049,0.8872,0.0035,0.2024,1.4799,0,4,0,0,0,0,0,0,0,0,0,0,4,0,0,0,0,0,0,0,0,0
pbt,bintrie,5,4,storage_sload_k100,1,,1116,0,0,0.0242,0.3911,0.002,0.093,0.6437,0,4,0,0,0,0,0,0,0,0,0,0,4,0,0,0,0,0,0,0,0,0
pbt,bintrie,5,4,storage_sload_k100,1,,1117,86864,2,0.1902,2.4164,4.2509,2.3572,9.5723,9.0746,11,0,0,0,3,0,0,0,1,157,5,6,45.45,0,0,0,0,0,0,0,0
pbt,bintrie,5,4,storage_sload_k100,1,,1118,15900205,1,423.2474,21.9217,8.3534,5.6672,459.8775,34.5749,107,702,101,2957,2,0,0,0,0,0,2,105,1.87,0,702,0,101,0,100,2957,0
pbt,bintrie,5,4,storage_sload_k100,1,,1119,0,0,0.0852,1.1871,0.0044,0.4322,2.0539,0,4,0,0,0,0,0,0,0,0,0,0,4,0,0,0,0,0,0,0,0,0
pbt,bintrie,5,4,storage_sload_k100,1,,1120,21000,1,0.7901,3.4518,71.3419,0.807,78.1796,0.2686,6,0,0,0,2,0,0,0,0,0,0,6,0,0,0,0,0,0,0,0,0
pbt,bintrie,5,4,storage_sload_k100,1,,1121,0,0,0.0767,1.283,0.007,0.6915,2.4362,0,4,0,0,0,0,0,0,0,0,0,0,4,0,0,0,0,0,0,0,0,0
pbt,bintrie,5,4,storage_sload_k100,1,,1122,0,0,0.0948,1.8582,0.0079,0.9015,4.5274,0,4,0,0,0,0,0,0,0,0,0,0,4,0,0,0,0,0,0,0,0,0
pbt,bintrie,5,4,storage_sload_k100,20,,1321,0,0,0.0382,0.3584,0.002,0.1502,0.6874,0,4,0,0,0,0,0,0,0,0,0,0,4,0,0,0,0,0,0,0,0,0
pbt,bintrie,5,4,storage_sload_k100,20,,1322,0,0,0.1184,1.6447,0.0055,0.322,2.629,0,4,0,0,0,0,0,0,0,0,0,0,4,0,0,0,0,0,0,0,0,0
pbt,bintrie,5,4,storage_sload_k100,20,,1323,0,0,0.1648,3.0726,0.0076,8.4972,29.9826,0,4,0,0,0,0,0,0,0,0,0,0,4,0,0,0,0,0,0,0,0,0
pbt,bintrie,5,4,storage_sload_k100,20,,1324,0,0,0.0817,1.1258,0.0047,0.3704,1.9051,0,4,0,0,0,0,0,0,0,0,0,0,4,0,0,0,0,0,0,0,0,0
pbt,bintrie,5,4,storage_sload_k100,20,,1325,0,0,0.0831,1.2687,0.007,0.364,2.1014,0,4,0,0,0,0,0,0,0,0,0,0,4,0,0,0,0,0,0,0,0,0
pbt,bintrie,5,4,storage_sload_k100,20,,1326,0,0,0.0347,0.455,0.0018,0.1496,0.7601,0,4,0,0,0,0,0,0,0,0,0,0,4,0,0,0,0,0,0,0,0,0
pbt,bintrie,5,4,storage_sload_k100,20,,1327,86864,2,0.2071,2.0177,1.9147,1.9529,7.1246,12.192,11,0,0,0,3,0,0,0,1,157,6,5,54.55,0,0,0,0,0,0,0,0
pbt,bintrie,5,4,storage_sload_k100,20,,1328,15900205,1,446.6914,52.2461,9.7038,9.1196,518.2132,30.6827,107,702,101,2957,2,0,0,0,0,0,89,18,83.18,617,85,87.89,101,0,100,2957,0
pbt,bintrie,5,4,storage_sload_k100,20,,1329,21000,1,0.2596,8.1936,96.9262,0.7977,112.1957,0.1872,6,0,0,0,2,0,0,0,0,0,2,4,33.33,0,0,0,0,0,0,0,0
pbt,bintrie,5,4,storage_sload_k100,20,,1330,0,0,0.0443,0.6402,0.0064,0.4369,1.7931,0,4,0,0,0,0,0,0,0,0,0,0,4,0,0,0,0,0,0,0,0,0
pbt,bintrie,5,4,storage_sload_k100,20,,1331,0,0,0.058,0.7414,0.0047,0.5034,2.0098,0,4,0,0,0,0,0,0,0,0,0,0,4,0,0,0,0,0,0,0,0,0
pbt,bintrie,5,4,storage_sload_k100,2,,1123,0,0,0.0353,0.3993,0.0012,0.1502,0.7297,0,4,0,0,0,0,0,0,0,0,0,0,4,0,0,0,0,0,0,0,0,0
pbt,bintrie,5,4,storage_sload_k100,2,,1124,0,0,0.035,0.4098,0.0017,0.1572,0.7784,0,4,0,0,0,0,0,0,0,0,0,0,4,0,0,0,0,0,0,0,0,0
pbt,bintrie,5,4,storage_sload_k100,2,,1125,0,0,0.1805,2.1571,0.0105,1.8972,13.1655,0,4,0,0,0,0,0,0,0,0,0,0,4,0,0,0,0,0,0,0,0,0
pbt,bintrie,5,4,storage_sload_k100,2,,1126,0,0,0.0572,1.0211,0.0044,0.2126,1.6461,0,4,0,0,0,0,0,0,0,0,0,0,4,0,0,0,0,0,0,0,0,0
pbt,bintrie,5,4,storage_sload_k100,2,,1127,0,0,0.0598,1.1171,0.0044,0.3316,1.915,0,4,0,0,0,0,0,0,0,0,0,0,4,0,0,0,0,0,0,0,0,0
pbt,bintrie,5,4,storage_sload_k100,2,,1128,0,0,0.0265,0.4515,0.0018,0.1114,0.7385,0,4,0,0,0,0,0,0,0,0,0,0,4,0,0,0,0,0,0,0,0,0
pbt,bintrie,5,4,storage_sload_k100,2,,1129,86864,2,0.6311,1.2501,64.6259,1.7024,69.0159,1.2586,11,0,0,0,3,0,0,0,1,157,4,7,36.36,0,0,0,0,0,0,0,0
pbt,bintrie,5,4,storage_sload_k100,2,,1130,0,0,0.1315,1.409,0.0041,0.6309,3.5577,0,4,0,0,0,0,0,0,0,0,0,0,4,0,0,0,0,0,0,0,0,0
pbt,bintrie,5,4,storage_sload_k100,2,,1131,15900205,1,501.3829,19.7812,8.5657,8.9128,539.6862,29.4619,107,702,101,2957,2,0,0,0,0,0,13,94,12.15,79,623,11.25,101,0,100,2957,0
pbt,bintrie,5,4,storage_sload_k100,2,,1132,21000,1,0.2322,2.3537,101.1107,0.7752,119.5619,0.1756,6,0,0,0,2,0,0,0,0,0,2,4,33.33,0,0,0,0,0,0,0,0
pbt,bintrie,5,4,storage_sload_k100,2,,1133,0,0,0.0365,0.4433,0.0026,0.3605,1.4405,0,4,0,0,0,0,0,0,0,0,0,0,4,0,0,0,0,0,0,0,0,0
pbt,bintrie,5,4,storage_sload_k100,2,,1134,0,0,0.04,0.4871,0.0058,0.8887,2.3791,0,4,0,0,0,0,0,0,0,0,0,0,4,0,0,0,0,0,0,0,0,0
pbt,bintrie,5,4,storage_sload_k100,3,,1135,0,0,0.2803,2.5019,0.0262,1.8844,6.3882,0,4,0,0,0,0,0,0,0,0,0,0,4,0,0,0,0,0,0,0,0,0
pbt,bintrie,5,4,storage_sload_k100,3,,1136,0,0,0.0295,0.3847,0.0032,0.2091,0.8292,0,4,0,0,0,0,0,0,0,0,0,0,4,0,0,0,0,0,0,0,0,0
pbt,bintrie,5,4,storage_sload_k100,3,,1137,0,0,0.196,1.2083,0.0047,0.2672,2.5077,0,4,0,0,0,0,0,0,0,0,0,0,4,0,0,0,0,0,0,0,0,0
pbt,bintrie,5,4,storage_sload_k100,3,,1138,0,0,0.0274,0.4115,0.0015,0.1301,0.6974,0,4,0,0,0,0,0,0,0,0,0,0,4,0,0,0,0,0,0,0,0,0
pbt,bintrie,5,4,storage_sload_k100,3,,1139,0,0,0.0884,1.6362,0.005,0.3573,2.5462,0,4,0,0,0,0,0,0,0,0,0,0,4,0,0,0,0,0,0,0,0,0
pbt,bintrie,5,4,storage_sload_k100,3,,1140,0,0,0.1817,1.9206,0.0079,0.1706,27.8278,0,4,0,0,0,0,0,0,0,0,0,0,4,0,0,0,0,0,0,0,0,0
pbt,bintrie,5,4,storage_sload_k100,3,,1141,86864,2,0.6253,26.0478,1.0459,1.626,31.3554,2.7703,11,0,0,0,3,0,0,0,1,157,4,7,36.36,0,0,0,0,0,0,0,0
pbt,bintrie,5,4,storage_sload_k100,3,,1142,15900205,1,435.2373,58.9163,104.3472,1.0625,602.5411,26.3886,107,702,101,2957,2,0,0,0,0,0,54,53,50.47,385,317,54.84,101,0,100,2957,0
pbt,bintrie,5,4,storage_sload_k100,3,,1143,21000,1,0.2158,3.4836,90.6958,0.7233,111.5299,0.1883,6,0,0,0,2,0,0,0,0,0,2,4,33.33,0,0,0,0,0,0,0,0
pbt,bintrie,5,4,storage_sload_k100,3,,1144,0,0,0.1502,1.8062,0.0111,0.8464,4.094,0,4,0,0,0,0,0,0,0,0,0,0,4,0,0,0,0,0,0,0,0,0
pbt,bintrie,5,4,storage_sload_k100,3,,1145,0,0,0.1094,1.5303,0.0079,0.5956,3.4226,0,4,0,0,0,0,0,0,0,0,0,0,4,0,0,0,0,0,0,0,0,0
pbt,bintrie,5,4,storage_sload_k100,4,,1146,0,0,0.0717,0.5463,0.0026,0.2768,1.1608,0,4,0,0,0,0,0,0,0,0,0,0,4,0,0,0,0,0,0,0,0,0
pbt,bintrie,5,4,storage_sload_k100,4,,1147,0,0,0.0458,0.6207,0.005,0.3404,1.2191,0,4,0,0,0,0,0,0,0,0,0,0,4,0,0,0,0,0,0,0,0,0
pbt,bintrie,5,4,storage_sload_k100,4,,1148,0,0,0.0685,0.5203,0.0026,0.168,0.8869,0,4,0,0,0,0,0,0,0,0,0,0,4,0,0,0,0,0,0,0,0,0
pbt,bintrie,5,4,storage_sload_k100,4,,1149,0,0,0.0825,1.8337,0.0052,0.6096,2.9948,0,4,0,0,0,0,0,0,0,0,0,0,4,0,0,0,0,0,0,0,0,0
pbt,bintrie,5,4,storage_sload_k100,4,,1150,0,0,0.0822,1.3119,0.0064,0.3768,2.2009,0,4,0,0,0,0,0,0,0,0,0,0,4,0,0,0,0,0,0,0,0,0
pbt,bintrie,5,4,storage_sload_k100,4,,1151,0,0,0.0519,0.6017,0.0032,0.2987,1.4113,0,4,0,0,0,0,0,0,0,0,0,0,4,0,0,0,0,0,0,0,0,0
pbt,bintrie,5,4,storage_sload_k100,4,,1152,86864,2,0.1899,0.8619,6.9876,1.7844,10.0649,8.6304,11,0,0,0,3,0,0,0,1,157,5,6,45.45,0,0,0,0,0,0,0,0
pbt,bintrie,5,4,storage_sload_k100,4,,1153,15900205,1,427.3741,16.4262,2.5684,3.4054,450.2696,35.3126,107,702,101,2957,2,0,0,0,0,0,8,99,7.48,77,625,10.97,101,0,100,2957,0
pbt,bintrie,5,4,storage_sload_k100,4,,1154,21000,1,0.2459,1.6657,98.9066,0.7122,120.2432,0.1746,6,0,0,0,2,0,0,0,0,0,2,4,33.33,0,0,0,0,0,0,0,0
pbt,bintrie,5,4,storage_sload_k100,4,,1155,0,0,0.0496,0.6192,0.0041,0.4515,1.7479,0,4,0,0,0,0,0,0,0,0,0,0,4,0,0,0,0,0,0,0,0,0
pbt,bintrie,5,4,storage_sload_k100,5,,1156,0,0,0.1362,1.4023,0.0058,0.7394,3.2745,0,4,0,0,0,0,0,0,0,0,0,0,4,0,0,0,0,0,0,0,0,0
pbt,bintrie,5,4,storage_sload_k100,5,,1157,0,0,0.0443,0.6647,0.0029,0.2246,1.2273,0,4,0,0,0,0,0,0,0,0,0,0,4,0,0,0,0,0,0,0,0,0
pbt,bintrie,5,4,storage_sload_k100,5,,1158,0,0,0.133,1.7911,0.0076,0.7385,4.2903,0,4,0,0,0,0,0,0,0,0,0,0,4,0,0,0,0,0,0,0,0,0
pbt,bintrie,5,4,storage_sload_k100,5,,1159,0,0,0.0423,0.5329,0.0038,0.1388,0.9184,0,4,0,0,0,0,0,0,0,0,0,0,4,0,0,0,0,0,0,0,0,0
pbt,bintrie,5,4,storage_sload_k100,5,,1160,0,0,0.0665,1.1663,0.0032,0.4034,1.9197,0,4,0,0,0,0,0,0,0,0,0,0,4,0,0,0,0,0,0,0,0,0
pbt,bintrie,5,4,storage_sload_k100,5,,1161,0,0,0.0268,0.4494,0.0023,0.0927,0.7303,0,4,0,0,0,0,0,0,0,0,0,0,4,0,0,0,0,0,0,0,0,0
pbt,bintrie,5,4,storage_sload_k100,5,,1162,86864,2,0.59,1.0567,21.5997,2.214,26.1951,3.316,11,0,0,0,3,0,0,0,1,157,4,7,36.36,0,0,0,0,0,0,0,0
pbt,bintrie,5,4,storage_sload_k100,5,,1163,15900205,1,529.9087,19.3659,6.6659,2.5266,566.6408,28.0605,107,702,101,2957,2,0,0,0,0,0,19,88,17.76,144,558,20.51,101,0,100,2957,0
pbt,bintrie,5,4,storage_sload_k100,5,,1164,21000,1,0.2243,1.6511,104.4779,0.7822,126.7951,0.1656,6,0,0,0,2,0,0,0,0,0,2,4,33.33,0,0,0,0,0,0,0,0
pbt,bintrie,5,4,storage_sload_k100,5,,1165,0,0,0.1003,1.481,0.0079,0.7837,3.4489,0,4,0,0,0,0,0,0,0,0,0,0,4,0,0,0,0,0,0,0,0,0
pbt,bintrie,5,4,storage_sload_k100,5,,1166,0,0,0.112,1.4764,0.0082,0.6901,3.338,0,4,0,0,0,0,0,0,0,0,0,0,4,0,0,0,0,0,0,0,0,0
pbt,bintrie,5,4,storage_sload_k100,6,,1167,0,0,0.0525,0.5142,0.0026,0.1575,0.9214,0,4,0,0,0,0,0,0,0,0,0,0,4,0,0,0,0,0,0,0,0,0
pbt,bintrie,5,4,storage_sload_k100,6,,1168,0,0,0.0677,1.206,0.0053,0.3689,2.0008,0,4,0,0,0,0,0,0,0,0,0,0,4,0,0,0,0,0,0,0,0,0
pbt,bintrie,5,4,storage_sload_k100,6,,1169,0,0,0.051,0.7767,0.0041,2.1723,8.3015,0,4,0,0,0,0,0,0,0,0,0,0,4,0,0,0,0,0,0,0,0,0
pbt,bintrie,5,4,storage_sload_k100,6,,1170,0,0,0.0347,0.4844,0.0029,0.1887,0.8805,0,4,0,0,0,0,0,0,0,0,0,0,4,0,0,0,0,0,0,0,0,0
pbt,bintrie,5,4,storage_sload_k100,6,,1171,0,0,0.1298,1.4985,0.0073,0.3453,2.5264,0,4,0,0,0,0,0,0,0,0,0,0,4,0,0,0,0,0,0,0,0,0
pbt,bintrie,5,4,storage_sload_k100,6,,1172,0,0,0.0225,0.3789,0.0015,0.1102,0.6402,0,4,0,0,0,0,0,0,0,0,0,0,4,0,0,0,0,0,0,0,0,0
pbt,bintrie,5,4,storage_sload_k100,6,,1173,86864,2,0.3302,6.3275,77.3282,3.4573,87.9653,0.9875,11,0,0,0,3,0,0,0,1,157,5,6,45.45,0,0,0,0,0,0,0,0
pbt,bintrie,5,4,storage_sload_k100,6,,1174,15900205,1,463.2117,23.4164,8.853,4.3329,500.5453,31.7658,107,702,101,2957,2,0,0,0,0,0,12,95,11.21,74,628,10.54,101,0,100,2957,0
pbt,bintrie,5,4,storage_sload_k100,6,,1175,0,0,0.0852,1.6382,0.0047,0.3366,2.4893,0,4,0,0,0,0,0,0,0,0,0,0,4,0,0,0,0,0,0,0,0,0
pbt,bintrie,5,4,storage_sload_k100,6,,1176,21000,1,0.2304,4.8742,88.6145,0.6912,110.6911,0.1897,6,0,0,0,2,0,0,0,0,0,2,4,33.33,0,0,0,0,0,0,0,0
pbt,bintrie,5,4,storage_sload_k100,6,,1177,0,0,0.0534,1.066,0.0029,22.0722,23.9621,0,4,0,0,0,0,0,0,0,0,0,0,4,0,0,0,0,0,0,0,0,0
pbt,bintrie,5,4,storage_sload_k100,6,,1178,0,0,0.0385,0.5066,0.0032,0.4083,1.6231,0,4,0,0,0,0,0,0,0,0,0,0,4,0,0,0,0,0,0,0,0,0
pbt,bintrie,5,4,storage_sload_k100,7,,1179,0,0,0.0362,0.3739,0.0015,0.1091,0.667,0,4,0,0,0,0,0,0,0,0,0,0,4,0,0,0,0,0,0,0,0,0
pbt,bintrie,5,4,storage_sload_k100,7,,1180,0,0,0.0945,1.2699,0.0061,0.413,2.0944,0,4,0,0,0,0,0,0,0,0,0,0,4,0,0,0,0,0,0,0,0,0
pbt,bintrie,5,4,storage_sload_k100,7,,1181,0,0,0.049,0.9669,0.0026,0.098,1.4668,0,4,0,0,0,0,0,0,0,0,0,0,4,0,0,0,0,0,0,0,0,0
pbt,bintrie,5,4,storage_sload_k100,7,,1182,0,0,0.0846,1.1556,0.0035,0.3293,1.9002,0,4,0,0,0,0,0,0,0,0,0,0,4,0,0,0,0,0,0,0,0,0
pbt,bintrie,5,4,storage_sload_k100,7,,1183,0,0,0.093,1.1897,0.0047,0.2955,1.8943,0,4,0,0,0,0,0,0,0,0,0,0,4,0,0,0,0,0,0,0,0,0
pbt,bintrie,5,4,storage_sload_k100,7,,1184,0,0,0.0367,0.5238,0.0032,0.1444,0.9674,0,4,0,0,0,0,0,0,0,0,0,0,4,0,0,0,0,0,0,0,0,0
pbt,bintrie,5,4,storage_sload_k100,7,,1185,86864,2,7.1669,13.2515,5.7133,1.885,41.107,2.1131,11,0,0,0,3,0,0,0,1,157,4,7,36.36,0,0,0,0,0,0,0,0
pbt,bintrie,5,4,storage_sload_k100,7,,1186,15900205,1,466.2903,46.1892,29.3508,2.4911,545.5052,29.1477,107,702,101,2957,2,0,0,0,0,0,4,103,3.74,30,672,4.27,101,0,100,2957,0
pbt,bintrie,5,4,storage_sload_k100,7,,1187,21000,1,0.2068,1.6216,102.144,0.6545,121.056,0.1735,6,0,0,0,2,0,0,0,0,0,2,4,33.33,0,0,0,0,0,0,0,0
pbt,bintrie,5,4,storage_sload_k100,7,,1188,0,0,0.152,1.6832,0.0102,0.7038,3.5889,0,4,0,0,0,0,0,0,0,0,0,0,4,0,0,0,0,0,0,0,0,0
pbt,bintrie,5,4,storage_sload_k100,7,,1189,0,0,0.0306,0.3952,0.0029,0.3859,1.4405,0,4,0,0,0,0,0,0,0,0,0,0,4,0,0,0,0,0,0,0,0,0
pbt,bintrie,5,4,storage_sload_k100,8,,1190,0,0,0.1902,1.4598,0.0117,0.9832,4.0826,0,4,0,0,0,0,0,0,0,0,0,0,4,0,0,0,0,0,0,0,0,0
pbt,bintrie,5,4,storage_sload_k100,8,,1191,0,0,0.0443,0.7452,0.002,0.2692,1.3504,0,4,0,0,0,0,0,0,0,0,0,0,4,0,0,0,0,0,0,0,0,0
pbt,bintrie,5,4,storage_sload_k100,8,,1192,0,0,0.037,0.5819,0.0029,0.1426,0.9193,0,4,0,0,0,0,0,0,0,0,0,0,4,0,0,0,0,0,0,0,0,0
pbt,bintrie,5,4,storage_sload_k100,8,,1193,0,0,0.0332,0.476,0.0018,0.133,0.8709,0,4,0,0,0,0,0,0,0,0,0,0,4,0,0,0,0,0,0,0,0,0
pbt,bintrie,5,4,storage_sload_k100,8,,1194,0,0,0.068,1.155,0.0044,0.292,1.9553,0,4,0,0,0,0,0,0,0,0,0,0,4,0,0,0,0,0,0,0,0,0
pbt,bintrie,5,4,storage_sload_k100,8,,1195,0,0,0.0717,0.7974,0.0029,0.1572,8.872,0,4,0,0,0,0,0,0,0,0,0,0,4,0,0,0,0,0,0,0,0,0
pbt,bintrie,5,4,storage_sload_k100,8,,1196,86864,2,2.1702,4.8071,29.5929,4.7774,53.6489,1.6191,11,0,0,0,3,0,0,0,1,157,4,7,36.36,0,0,0,0,0,0,0,0
pbt,bintrie,5,4,storage_sload_k100,8,,1197,15900205,1,430.9713,25.4989,109.5965,0.7151,568.0257,27.9921,107,702,101,2957,2,0,0,0,0,0,0,107,0,21,681,2.99,101,0,100,2957,0
pbt,bintrie,5,4,storage_sload_k100,8,,1198,21000,1,0.0645,0.6303,3.6632,0.6052,5.165,4.0658,6,0,0,0,2,0,0,0,0,0,2,4,33.33,0,0,0,0,0,0,0,0
pbt,bintrie,5,4,storage_sload_k100,8,,1199,0,0,0.2642,2.8866,0.0085,0.9421,4.9757,0,4,0,0,0,0,0,0,0,0,0,0,4,0,0,0,0,0,0,0,0,0
pbt,bintrie,5,4,storage_sload_k100,8,,1200,0,0,0.0965,1.8803,0.0064,1.2506,4.8188,0,4,0,0,0,0,0,0,0,0,0,0,4,0,0,0,0,0,0,0,0,0
pbt,bintrie,5,4,storage_sload_k100,9,,1201,0,0,0.0487,0.3987,0.002,0.1662,0.7656,0,4,0,0,0,0,0,0,0,0,0,0,4,0,0,0,0,0,0,0,0,0
pbt,bintrie,5,4,storage_sload_k100,9,,1202,0,0,0.0822,1.3189,0.0058,0.2689,2.0906,0,4,0,0,0,0,0,0,0,0,0,0,4,0,0,0,0,0,0,0,0,0
pbt,bintrie,5,4,storage_sload_k100,9,,1203,0,0,0.03,0.4206,0.002,0.1184,0.7108,0,4,0,0,0,0,0,0,0,0,0,0,4,0,0,0,0,0,0,0,0,0
pbt,bintrie,5,4,storage_sload_k100,9,,1204,0,0,0.0528,0.9846,0.0079,0.3415,1.6511,0,4,0,0,0,0,0,0,0,0,0,0,4,0,0,0,0,0,0,0,0,0
pbt,bintrie,5,4,storage_sload_k100,9,,1205,0,0,0.0703,1.1538,0.0023,0.2879,1.9626,0,4,0,0,0,0,0,0,0,0,0,0,4,0,0,0,0,0,0,0,0,0
pbt,bintrie,5,4,storage_sload_k100,9,,1206,0,0,0.04,0.5113,0.002,0.1216,0.8353,0,4,0,0,0,0,0,0,0,0,0,0,4,0,0,0,0,0,0,0,0,0
pbt,bintrie,5,4,storage_sload_k100,9,,1207,86864,2,0.9109,5.3557,78.3271,4.6665,90.9236,0.9554,11,0,0,0,3,0,0,0,1,157,4,7,36.36,0,0,0,0,0,0,0,0
pbt,bintrie,5,4,storage_sload_k100,9,,1208,15900205,1,445.9873,17.5188,95.8654,0.7986,581.834,27.3277,107,702,101,2957,2,0,0,0,0,0,10,97,9.35,69,633,9.83,101,0,100,2957,0
pbt,bintrie,5,4,storage_sload_k100,9,,1209,21000,1,0.0575,0.5337,20.6909,0.9074,22.3175,0.941,6,0,0,0,2,0,0,0,0,0,2,4,33.33,0,0,0,0,0,0,0,0
pbt,bintrie,5,4,storage_sload_k100,9,,1210,0,0,0.0831,1.2915,0.0044,0.2864,2.1382,0,4,0,0,0,0,0,0,0,0,0,0,4,0,0,0,0,0,0,0,0,0
pbt,bintrie,5,4,storage_sload_k100,9,,1211,0,0,0.1275,1.7695,0.009,0.833,3.8616,0,4,0,0,0,0,0,0,0,0,0,0,4,0,0,0,0,0,0,0,0,0
pbt,bintrie,5,4,storage_sload_k400,10,,1427,0,0,0.0583,0.4646,0.0038,0.1872,0.9867,0,4,0,0,0,0,0,0,0,0,0,0,4,0,0,0,0,0,0,0,0,0
pbt,bintrie,5,4,storage_sload_k400,10,,1428,0,0,0.0904,1.3014,0.0073,0.576,2.69,0,4,0,0,0,0,0,0,0,0,0,0,4,0,0,0,0,0,0,0,0,0
pbt,bintrie,5,4,storage_sload_k400,10,,1429,0,0,0.0262,0.3447,0.0023,0.1665,0.805,0,4,0,0,0,0,0,0,0,0,0,0,4,0,0,0,0,0,0,0,0,0
pbt,bintrie,5,4,storage_sload_k400,10,,1430,0,0,0.0376,0.5057,0.0041,0.1872,0.9187,0,4,0,0,0,0,0,0,0,0,0,0,4,0,0,0,0,0,0,0,0,0
pbt,bintrie,5,4,storage_sload_k400,10,,1431,0,0,0.0779,1.7179,0.0047,0.4967,2.6663,0,4,0,0,0,0,0,0,0,0,0,0,4,0,0,0,0,0,0,0,0,0
pbt,bintrie,5,4,storage_sload_k400,10,,1432,0,0,0.0201,0.3751,0.0017,0.1056,0.6064,0,4,0,0,0,0,0,0,0,0,0,0,4,0,0,0,0,0,0,0,0,0
pbt,bintrie,5,4,storage_sload_k400,10,,1433,86852,2,0.2523,5.9574,49.249,1.8678,63.7552,1.3623,11,0,0,0,3,0,0,0,1,157,4,7,36.36,0,0,0,0,0,0,0,0
pbt,bintrie,5,4,storage_sload_k400,10,,1434,15900291,1,434.2352,3.1129,6.917,5.6582,458.7109,34.663,407,702,401,11357,2,0,0,0,0,0,403,4,99.02,702,0,100,401,0,100,11357,0
pbt,bintrie,5,4,storage_sload_k400,10,,1435,21000,1,0.2879,3.2774,98.1176,0.7,108.0212,0.1944,6,0,0,0,2,0,0,0,0,0,2,4,33.33,0,0,0,0,0,0,0,0
pbt,bintrie,5,4,storage_sload_k400,10,,1436,0,0,0.1397,1.5656,0.0079,0.6592,3.5297,0,4,0,0,0,0,0,0,0,0,0,0,4,0,0,0,0,0,0,0,0,0
pbt,bintrie,5,4,storage_sload_k400,11,,1437,0,0,0.056,0.4932,0.0023,0.1738,0.9599,0,4,0,0,0,0,0,0,0,0,0,0,4,0,0,0,0,0,0,0,0,0
pbt,bintrie,5,4,storage_sload_k400,11,,1438,0,0,0.1511,1.4455,0.0105,0.3328,2.5374,0,4,0,0,0,0,0,0,0,0,0,0,4,0,0,0,0,0,0,0,0,0
pbt,bintrie,5,4,storage_sload_k400,11,,1439,0,0,0.0283,0.4235,0.0023,0.117,0.721,0,4,0,0,0,0,0,0,0,0,0,0,4,0,0,0,0,0,0,0,0,0
pbt,bintrie,5,4,storage_sload_k400,11,,1440,0,0,0.035,0.4623,0.0026,0.1345,0.8514,0,4,0,0,0,0,0,0,0,0,0,0,4,0,0,0,0,0,0,0,0,0
pbt,bintrie,5,4,storage_sload_k400,11,,1441,0,0,0.042,0.6104,0.0032,0.1747,1.1894,0,4,0,0,0,0,0,0,0,0,0,0,4,0,0,0,0,0,0,0,0,0
pbt,bintrie,5,4,storage_sload_k400,11,,1442,0,0,0.1747,1.8727,0.0088,7.5306,27.4655,0,4,0,0,0,0,0,0,0,0,0,0,4,0,0,0,0,0,0,0,0,0
pbt,bintrie,5,4,storage_sload_k400,11,,1443,86852,2,4.6406,5.8994,31.1492,4.0984,85.3059,1.0181,11,0,0,0,3,0,0,0,1,157,4,7,36.36,0,0,0,0,0,0,0,0
pbt,bintrie,5,4,storage_sload_k400,11,,1444,15900291,1,375.591,19.7975,100.6711,0.7831,499.9267,31.8052,407,702,401,11357,2,0,0,0,0,0,66,341,16.22,133,569,18.95,401,0,100,11357,0
pbt,bintrie,5,4,storage_sload_k400,11,,1445,21000,1,0.1706,1.6482,4.754,5.3899,12.3853,1.6956,6,0,0,0,2,0,0,0,0,0,2,4,33.33,0,0,0,0,0,0,0,0
pbt,bintrie,5,4,storage_sload_k400,11,,1446,0,0,0.0674,1.1506,0.0061,0.3167,1.8853,0,4,0,0,0,0,0,0,0,0,0,0,4,0,0,0,0,0,0,0,0,0
pbt,bintrie,5,4,storage_sload_k400,11,,1447,0,0,0.1044,1.3571,0.0064,0.6271,3.1257,0,4,0,0,0,0,0,0,0,0,0,0,4,0,0,0,0,0,0,0,0,0
pbt,bintrie,5,4,storage_sload_k400,12,,1448,0,0,0.0694,0.5655,0.0029,0.2666,1.5674,0,4,0,0,0,0,0,0,0,0,0,0,4,0,0,0,0,0,0,0,0,0
pbt,bintrie,5,4,storage_sload_k400,12,,1449,0,0,0.0265,0.3678,0.0038,0.1531,0.7627,0,4,0,0,0,0,0,0,0,0,0,0,4,0,0,0,0,0,0,0,0,0
pbt,bintrie,5,4,storage_sload_k400,12,,1450,0,0,0.0373,0.7723,0.0026,0.4696,1.8544,0,4,0,0,0,0,0,0,0,0,0,0,4,0,0,0,0,0,0,0,0,0
pbt,bintrie,5,4,storage_sload_k400,12,,1451,0,0,0.0198,0.3162,0.0009,0.1024,0.5381,0,4,0,0,0,0,0,0,0,0,0,0,4,0,0,0,0,0,0,0,0,0
pbt,bintrie,5,4,storage_sload_k400,12,,1452,0,0,0.0277,0.3596,0.0015,0.2199,0.7901,0,4,0,0,0,0,0,0,0,0,0,0,4,0,0,0,0,0,0,0,0,0
pbt,bintrie,5,4,storage_sload_k400,12,,1453,0,0,0.028,0.4363,0.002,0.0974,0.6936,0,4,0,0,0,0,0,0,0,0,0,0,4,0,0,0,0,0,0,0,0,0
pbt,bintrie,5,4,storage_sload_k400,12,,1454,86852,2,0.1925,1.2824,2.3931,1.5335,5.5996,15.5105,11,0,0,0,3,0,0,0,1,157,6,5,54.55,0,0,0,0,0,0,0,0
pbt,bintrie,5,4,storage_sload_k400,12,,1455,15900291,1,420.4464,21.9255,45.5671,2.3569,491.2061,32.3699,407,702,401,11357,2,0,0,0,0,0,385,22,94.59,673,29,95.87,401,0,100,11357,0
pbt,bintrie,5,4,storage_sload_k400,12,,1456,0,0,0.0735,1.3253,0.0053,0.308,2.202,0,4,0,0,0,0,0,0,0,0,0,0,4,0,0,0,0,0,0,0,0,0
pbt,bintrie,5,4,storage_sload_k400,12,,1457,21000,1,0.3243,5.3869,82.1061,0.6851,105.641,0.1988,6,0,0,0,2,0,0,0,0,0,2,4,33.33,0,0,0,0,0,0,0,0
pbt,bintrie,5,4,storage_sload_k400,12,,1458,0,0,0.0913,1.4011,0.007,0.6227,3.2365,0,4,0,0,0,0,0,0,0,0,0,0,4,0,0,0,0,0,0,0,0,0
pbt,bintrie,5,4,storage_sload_k400,12,,1459,0,0,0.054,0.8131,0.0058,0.4159,2.1338,0,4,0,0,0,0,0,0,0,0,0,0,4,0,0,0,0,0,0,0,0,0
pbt,bintrie,5,4,storage_sload_k400,13,,1460,0,0,0.047,0.3911,0.0012,0.1172,0.7242,0,4,0,0,0,0,0,0,0,0,0,0,4,0,0,0,0,0,0,0,0,0
pbt,bintrie,5,4,storage_sload_k400,13,,1461,0,0,0.0799,1.1232,0.0053,0.2704,1.7972,0,4,0,0,0,0,0,0,0,0,0,0,4,0,0,0,0,0,0,0,0,0
pbt,bintrie,5,4,storage_sload_k400,13,,1462,0,0,0.0297,0.5285,0.0017,0.1692,0.8438,0,4,0,0,0,0,0,0,0,0,0,0,4,0,0,0,0,0,0,0,0,0
pbt,bintrie,5,4,storage_sload_k400,13,,1463,0,0,0.0688,1.1733,0.0032,0.2511,1.8278,0,4,0,0,0,0,0,0,0,0,0,0,4,0,0,0,0,0,0,0,0,0
pbt,bintrie,5,4,storage_sload_k400,13,,1464,0,0,0.1397,1.7546,0.0096,3.3541,8.1822,0,4,0,0,0,0,0,0,0,0,0,0,4,0,0,0,0,0,0,0,0,0
pbt,bintrie,5,4,storage_sload_k400,13,,1465,0,0,0.0315,0.4798,0.0015,0.1172,0.7706,0,4,0,0,0,0,0,0,0,0,0,0,4,0,0,0,0,0,0,0,0,0
pbt,bintrie,5,4,storage_sload_k400,13,,1466,86852,2,0.588,0.9893,17.7638,1.9255,49.004,1.7723,11,0,0,0,3,0,0,0,1,157,4,7,36.36,0,0,0,0,0,0,0,0
pbt,bintrie,5,4,storage_sload_k400,13,,1467,15900291,1,387.2477,27.4971,126.3263,0.8441,547.5835,29.0372,407,702,401,11357,2,0,0,0,0,0,45,362,11.06,86,616,12.25,401,0,100,11357,0
pbt,bintrie,5,4,storage_sload_k400,13,,1468,21000,1,0.0671,0.5442,7.0993,0.7472,8.6188,2.4365,6,0,0,0,2,0,0,0,0,0,2,4,33.33,0,0,0,0,0,0,0,0
pbt,bintrie,5,4,storage_sload_k400,13,,1469,0,0,0.1514,2.7868,0.009,0.8449,4.9384,0,4,0,0,0,0,0,0,0,0,0,0,4,0,0,0,0,0,0,0,0,0
pbt,bintrie,5,4,storage_sload_k400,13,,1470,0,0,0.107,1.9346,0.0076,1.0634,4.9037,0,4,0,0,0,0,0,0,0,0,0,0,4,0,0,0,0,0,0,0,0,0
pbt,bintrie,5,4,storage_sload_k400,14,,1471,0,0,0.1181,1.3095,0.0067,0.4445,2.2665,0,4,0,0,0,0,0,0,0,0,0,0,4,0,0,0,0,0,0,0,0,0
pbt,bintrie,5,4,storage_sload_k400,14,,1472,0,0,0.0863,1.3066,0.007,0.2852,2.0145,0,4,0,0,0,0,0,0,0,0,0,0,4,0,0,0,0,0,0,0,0,0
pbt,bintrie,5,4,storage_sload_k400,14,,1473,0,0,0.0735,0.8201,0.0052,3.9117,12.0464,0,4,0,0,0,0,0,0,0,0,0,0,4,0,0,0,0,0,0,0,0,0
pbt,bintrie,5,4,storage_sload_k400,14,,1474,0,0,0.0863,1.1868,0.0035,0.3859,1.9783,0,4,0,0,0,0,0,0,0,0,0,0,4,0,0,0,0,0,0,0,0,0
pbt,bintrie,5,4,storage_sload_k400,14,,1475,0,0,0.1027,1.3028,0.007,0.4264,2.2901,0,4,0,0,0,0,0,0,0,0,0,0,4,0,0,0,0,0,0,0,0,0
pbt,bintrie,5,4,storage_sload_k400,14,,1476,0,0,0.0449,0.5757,0.0023,0.1423,0.9097,0,4,0,0,0,0,0,0,0,0,0,0,4,0,0,0,0,0,0,0,0,0
pbt,bintrie,5,4,storage_sload_k400,14,,1477,86852,2,0.9928,1.9667,8.5377,5.7801,25.0526,3.4668,11,0,0,0,3,0,0,0,1,157,4,7,36.36,0,0,0,0,0,0,0,0
pbt,bintrie,5,4,storage_sload_k400,14,,1478,15900291,1,413.2529,26.0183,12.8592,3.4687,456.0373,34.8662,407,702,401,11357,2,0,0,0,0,0,39,368,9.58,73,629,10.4,401,0,100,11357,0
pbt,bintrie,5,4,storage_sload_k400,14,,1479,21000,1,0.2637,2.6859,101.5187,0.7776,121.6717,0.1726,6,0,0,0,2,0,0,0,0,0,2,4,33.33,0,0,0,0,0,0,0,0
pbt,bintrie,5,4,storage_sload_k400,14,,1480,0,0,0.0548,0.5935,0.0035,0.3672,1.682,0,4,0,0,0,0,0,0,0,0,0,0,4,0,0,0,0,0,0,0,0,0
pbt,bintrie,5,4,storage_sload_k400,15,,1481,0,0,0.0437,0.4121,0.0023,0.1196,0.7125,0,4,0,0,0,0,0,0,0,0,0,0,4,0,0,0,0,0,0,0,0,0
pbt,bintrie,5,4,storage_sload_k400,15,,1482,0,0,0.0703,1.1906,0.0053,0.3564,2.0139,0,4,0,0,0,0,0,0,0,0,0,0,4,0,0,0,0,0,0,0,0,0
pbt,bintrie,5,4,storage_sload_k400,15,,1483,0,0,0.0242,0.4177,0.002,0.0831,0.6869,0,4,0,0,0,0,0,0,0,0,0,0,4,0,0,0,0,0,0,0,0,0
pbt,bintrie,5,4,storage_sload_k400,15,,1484,0,0,0.0901,2.0682,0.0058,0.5705,3.2293,0,4,0,0,0,0,0,0,0,0,0,0,4,0,0,0,0,0,0,0,0,0
pbt,bintrie,5,4,storage_sload_k400,15,,1485,0,0,0.1053,1.4283,0.0085,0.3421,2.2927,0,4,0,0,0,0,0,0,0,0,0,0,4,0,0,0,0,0,0,0,0,0
pbt,bintrie,5,4,storage_sload_k400,15,,1486,0,0,0.0263,0.4191,0.0023,0.1837,0.7464,0,4,0,0,0,0,0,0,0,0,0,0,4,0,0,0,0,0,0,0,0,0
pbt,bintrie,5,4,storage_sload_k400,15,,1487,86852,2,0.94,18.0712,20.8513,1.9177,42.3043,2.053,11,0,0,0,3,0,0,0,1,157,4,7,36.36,0,0,0,0,0,0,0,0
pbt,bintrie,5,4,storage_sload_k400,15,,1488,15900291,1,423.9075,24.0805,13.1559,3.1598,465.9724,34.1228,407,702,401,11357,2,0,0,0,0,0,211,196,51.84,384,318,54.7,401,0,100,11357,0
pbt,bintrie,5,4,storage_sload_k400,15,,1489,21000,1,0.2389,1.5548,99.1626,1.3863,117.7787,0.1783,6,0,0,0,2,0,0,0,0,0,2,4,33.33,0,0,0,0,0,0,0,0
pbt,bintrie,5,4,storage_sload_k400,15,,1490,0,0,0.089,1.4102,0.0073,0.637,3.0645,0,4,0,0,0,0,0,0,0,0,0,0,4,0,0,0,0,0,0,0,0,0
pbt,bintrie,5,4,storage_sload_k400,15,,1491,0,0,0.0843,1.3224,0.0079,0.6921,3.1616,0,4,0,0,0,0,0,0,0,0,0,0,4,0,0,0,0,0,0,0,0,0
pbt,bintrie,5,4,storage_sload_k400,16,,1492,0,0,0.0715,0.5935,0.0041,0.2736,1.2626,0,4,0,0,0,0,0,0,0,0,0,0,4,0,0,0,0,0,0,0,0,0
pbt,bintrie,5,4,storage_sload_k400,16,,1493,0,0,0.0927,1.474,0.0064,0.2972,2.5272,0,4,0,0,0,0,0,0,0,0,0,0,4,0,0,0,0,0,0,0,0,0
pbt,bintrie,5,4,storage_sload_k400,16,,1494,0,0,0.0245,0.4194,0.002,0.1149,0.7324,0,4,0,0,0,0,0,0,0,0,0,0,4,0,0,0,0,0,0,0,0,0
pbt,bintrie,5,4,storage_sload_k400,16,,1495,0,0,0.0758,0.8788,0.0041,0.2954,1.4854,0,4,0,0,0,0,0,0,0,0,0,0,4,0,0,0,0,0,0,0,0,0
pbt,bintrie,5,4,storage_sload_k400,16,,1496,0,0,0.082,1.787,0.005,0.6656,2.9933,0,4,0,0,0,0,0,0,0,0,0,0,4,0,0,0,0,0,0,0,0,0
pbt,bintrie,5,4,storage_sload_k400,16,,1497,0,0,6.7563,1.5831,0.007,0.3409,14.762,0,4,0,0,0,0,0,0,0,0,0,0,4,0,0,0,0,0,0,0,0,0
pbt,bintrie,5,4,storage_sload_k400,16,,1498,86852,2,0.1298,1.9252,1.4574,2.2816,5.9519,14.5923,11,0,0,0,3,0,0,0,1,157,6,5,54.55,0,0,0,0,0,0,0,0
pbt,bintrie,5,4,storage_sload_k400,16,,1499,15900291,1,471.4655,26.0265,6.9794,2.9528,513.2564,30.9792,407,702,401,11357,2,0,0,0,0,0,21,386,5.16,35,667,4.99,401,0,100,11357,0
pbt,bintrie,5,4,storage_sload_k400,16,,1500,21000,1,0.1966,1.7765,101.3066,0.7507,123.3216,0.1703,6,0,0,0,2,0,0,0,0,0,2,4,33.33,0,0,0,0,0,0,0,0
pbt,bintrie,5,4,storage_sload_k400,16,,1501,0,0,0.0589,0.9161,0.0061,0.5002,2.3724,0,4,0,0,0,0,0,0,0,0,0,0,4,0,0,0,0,0,0,0,0,0
pbt,bintrie,5,4,storage_sload_k400,17,,1502,0,0,0.0974,0.5142,0.0029,0.2199,1.0987,0,4,0,0,0,0,0,0,0,0,0,0,4,0,0,0,0,0,0,0,0,0
pbt,bintrie,5,4,storage_sload_k400,17,,1503,0,0,0.0986,2.09,0.0055,0.4809,3.1394,0,4,0,0,0,0,0,0,0,0,0,0,4,0,0,0,0,0,0,0,0,0
pbt,bintrie,5,4,storage_sload_k400,17,,1504,0,0,0.0327,0.5089,0.0026,0.1213,0.8502,0,4,0,0,0,0,0,0,0,0,0,0,4,0,0,0,0,0,0,0,0,0
pbt,bintrie,5,4,storage_sload_k400,17,,1505,0,0,0.0773,1.1964,0.0058,0.2587,1.8643,0,4,0,0,0,0,0,0,0,0,0,0,4,0,0,0,0,0,0,0,0,0
pbt,bintrie,5,4,storage_sload_k400,17,,1506,0,0,0.1035,1.4627,0.0093,0.4092,2.6211,0,4,0,0,0,0,0,0,0,0,0,0,4,0,0,0,0,0,0,0,0,0
pbt,bintrie,5,4,storage_sload_k400,17,,1507,86852,2,0.9806,1.9646,77.8575,5.0597,86.5023,1.004,11,0,0,0,3,0,0,0,1,157,4,7,36.36,0,0,0,0,0,0,0,0
pbt,bintrie,5,4,storage_sload_k400,17,,1508,15900291,1,395.2742,13.7981,111.6121,0.821,526.5841,30.1952,407,702,401,11357,2,0,0,0,0,0,192,215,47.17,380,322,54.13,401,0,100,11357,0
pbt,bintrie,5,4,storage_sload_k400,17,,1509,21000,1,0.0755,0.5684,21.8604,16.5064,39.157,0.5363,6,0,0,0,2,0,0,0,0,0,2,4,33.33,0,0,0,0,0,0,0,0
pbt,bintrie,5,4,storage_sload_k400,17,,1510,0,0,0.0525,0.6367,0.0044,0.3488,1.7817,0,4,0,0,0,0,0,0,0,0,0,0,4,0,0,0,0,0,0,0,0,0
pbt,bintrie,5,4,storage_sload_k400,17,,1511,0,0,0.0487,0.6195,0.0044,0.3713,1.6522,0,4,0,0,0,0,0,0,0,0,0,0,4,0,0,0,0,0,0,0,0,0
pbt,bintrie,5,4,storage_sload_k400,18,,1512,0,0,0.0443,0.385,0.0017,0.1706,0.8056,0,4,0,0,0,0,0,0,0,0,0,0,4,0,0,0,0,0,0,0,0,0
pbt,bintrie,5,4,storage_sload_k400,18,,1513,0,0,0.0843,1.7782,0.0073,0.5171,2.8997,0,4,0,0,0,0,0,0,0,0,0,0,4,0,0,0,0,0,0,0,0,0
pbt,bintrie,5,4,storage_sload_k400,18,,1514,0,0,0.1458,2.1869,0.0128,16.4327,30.859,0,4,0,0,0,0,0,0,0,0,0,0,4,0,0,0,0,0,0,0,0,0
pbt,bintrie,5,4,storage_sload_k400,18,,1515,0,0,0.0732,0.8426,0.0079,0.4241,1.8398,0,4,0,0,0,0,0,0,0,0,0,0,4,0,0,0,0,0,0,0,0,0
pbt,bintrie,5,4,storage_sload_k400,18,,1516,0,0,0.0729,1.1929,0.0038,0.3191,2.0081,0,4,0,0,0,0,0,0,0,0,0,0,4,0,0,0,0,0,0,0,0,0
pbt,bintrie,5,4,storage_sload_k400,18,,1517,0,0,0.0566,0.7396,0.0047,4.2282,13.0001,0,4,0,0,0,0,0,0,0,0,0,0,4,0,0,0,0,0,0,0,0,0
pbt,bintrie,5,4,storage_sload_k400,18,,1518,86852,2,0.1415,0.8406,9.4789,2.4307,25.9037,3.3529,11,0,0,0,3,0,0,0,1,157,5,6,45.45,0,0,0,0,0,0,0,0
pbt,bintrie,5,4,storage_sload_k400,18,,1519,15900291,1,425.3131,27.2727,6.4008,2.9458,481.3101,33.0354,407,702,401,11357,2,0,0,0,0,0,37,370,9.09,69,633,9.83,401,0,100,11357,0
pbt,bintrie,5,4,storage_sload_k400,18,,1520,21000,1,0.2065,1.7103,96.5721,0.7589,115.7324,0.1815,6,0,0,0,2,0,0,0,0,0,2,4,33.33,0,0,0,0,0,0,0,0
pbt,bintrie,5,4,storage_sload_k400,18,,1521,0,0,0.0712,1.2655,0.0041,0.3281,2.0749,0,4,0,0,0,0,0,0,0,0,0,0,4,0,0,0,0,0,0,0,0,0
pbt,bintrie,5,4,storage_sload_k400,18,,1522,0,0,0.0575,0.772,0.0055,0.4214,1.9279,0,4,0,0,0,0,0,0,0,0,0,0,4,0,0,0,0,0,0,0,0,0
pbt,bintrie,5,4,storage_sload_k400,19,,1523,0,0,0.0473,0.4072,0.0023,0.1762,0.8222,0,4,0,0,0,0,0,0,0,0,0,0,4,0,0,0,0,0,0,0,0,0
pbt,bintrie,5,4,storage_sload_k400,19,,1524,0,0,0.0933,1.3212,0.0053,0.2832,2.0431,0,4,0,0,0,0,0,0,0,0,0,0,4,0,0,0,0,0,0,0,0,0
pbt,bintrie,5,4,storage_sload_k400,19,,1525,0,0,0.0192,0.3205,0.0009,0.0881,0.5533,0,4,0,0,0,0,0,0,0,0,0,0,4,0,0,0,0,0,0,0,0,0
pbt,bintrie,5,4,storage_sload_k400,19,,1526,0,0,0.0677,1.1176,0.0035,0.2657,1.9145,0,4,0,0,0,0,0,0,0,0,0,0,4,0,0,0,0,0,0,0,0,0
pbt,bintrie,5,4,storage_sload_k400,19,,1527,0,0,0.0624,0.763,0.0064,0.4754,8.3951,0,4,0,0,0,0,0,0,0,0,0,0,4,0,0,0,0,0,0,0,0,0
pbt,bintrie,5,4,storage_sload_k400,19,,1528,86852,2,1.3343,2.2627,75.6523,1.7161,91.0883,0.9535,11,0,0,0,3,0,0,0,1,157,6,5,54.55,0,0,0,0,0,0,0,0
pbt,bintrie,5,4,storage_sload_k400,19,,1529,15900291,1,386.0158,32.4491,109.3287,0.8216,532.5718,29.8557,407,702,401,11357,2,0,0,0,0,0,55,352,13.51,97,605,13.82,401,0,100,11357,0
pbt,bintrie,5,4,storage_sload_k400,19,,1530,21000,1,0.0747,0.5399,6.8867,5.2572,12.908,1.6269,6,0,0,0,2,0,0,0,0,0,2,4,33.33,0,0,0,0,0,0,0,0
pbt,bintrie,5,4,storage_sload_k400,19,,1531,0,0,0.1592,2.1169,0.0076,1.0438,5.0387,0,4,0,0,0,0,0,0,0,0,0,0,4,0,0,0,0,0,0,0,0,0
pbt,bintrie,5,4,storage_sload_k400,19,,1532,0,0,0.0697,1.2302,0.0053,0.779,3.2118,0,4,0,0,0,0,0,0,0,0,0,0,4,0,0,0,0,0,0,0,0,0
pbt,bintrie,5,4,storage_sload_k400,1,,1332,0,0,0.0528,0.5127,0.0023,0.1829,0.9701,0,4,0,0,0,0,0,0,0,0,0,0,4,0,0,0,0,0,0,0,0,0
pbt,bintrie,5,4,storage_sload_k400,1,,1333,0,0,0.091,1.2673,0.007,0.819,3.5571,0,4,0,0,0,0,0,0,0,0,0,0,4,0,0,0,0,0,0,0,0,0
pbt,bintrie,5,4,storage_sload_k400,1,,1334,0,0,0.0222,0.3923,0.0012,0.1158,0.7175,0,4,0,0,0,0,0,0,0,0,0,0,4,0,0,0,0,0,0,0,0,0
pbt,bintrie,5,4,storage_sload_k400,1,,1335,0,0,0.0703,1.0966,0.0038,0.3961,1.9302,0,4,0,0,0,0,0,0,0,0,0,0,4,0,0,0,0,0,0,0,0,0
pbt,bintrie,5,4,storage_sload_k400,1,,1336,0,0,0.182,1.9363,0.0085,0.5413,18.7286,0,4,0,0,0,0,0,0,0,0,0,0,4,0,0,0,0,0,0,0,0,0
pbt,bintrie,5,4,storage_sload_k400,1,,1337,86852,2,1.4399,14.7165,14.5202,3.2053,34.7083,2.5023,11,0,0,0,3,0,0,0,1,157,4,7,36.36,0,0,0,0,0,0,0,0
pbt,bintrie,5,4,storage_sload_k400,1,,1338,15900291,1,410.2165,70.8026,92.9179,0.7682,594.5515,26.7433,407,702,401,11357,2,0,0,0,0,0,35,372,8.6,74,628,10.54,401,0,100,11357,0
pbt,bintrie,5,4,storage_sload_k400,1,,1339,21000,1,0.0615,0.5314,8.9321,5.2846,14.9379,1.4058,6,0,0,0,2,0,0,0,0,0,2,4,33.33,0,0,0,0,0,0,0,0
pbt,bintrie,5,4,storage_sload_k400,1,,1340,0,0,0.0974,1.7969,0.0055,0.8079,4.3635,0,4,0,0,0,0,0,0,0,0,0,0,4,0,0,0,0,0,0,0,0,0
pbt,bintrie,5,4,storage_sload_k400,20,,1533,0,0,0.072,0.6734,0.0026,0.292,1.3422,0,4,0,0,0,0,0,0,0,0,0,0,4,0,0,0,0,0,0,0,0,0
pbt,bintrie,5,4,storage_sload_k400,20,,1534,0,0,0.1161,1.8911,0.007,0.5057,3.0236,0,4,0,0,0,0,0,0,0,0,0,0,4,0,0,0,0,0,0,0,0,0
pbt,bintrie,5,4,storage_sload_k400,20,,1535,0,0,0.0995,1.4653,0.0044,0.2955,2.2353,0,4,0,0,0,0,0,0,0,0,0,0,4,0,0,0,0,0,0,0,0,0
pbt,bintrie,5,4,storage_sload_k400,20,,1536,0,0,0.261,15.742,0.0265,1.4195,18.3226,0,4,0,0,0,0,0,0,0,0,0,0,4,0,0,0,0,0,0,0,0,0
pbt,bintrie,5,4,storage_sload_k400,20,,1537,0,0,0.0385,0.4903,0.0035,0.1811,0.94,0,4,0,0,0,0,0,0,0,0,0,0,4,0,0,0,0,0,0,0,0,0
pbt,bintrie,5,4,storage_sload_k400,20,,1538,0,0,0.0475,0.6586,0.0035,0.8493,2.4564,0,4,0,0,0,0,0,0,0,0,0,0,4,0,0,0,0,0,0,0,0,0
pbt,bintrie,5,4,storage_sload_k400,20,,1539,86852,2,0.2059,2.9323,5.7089,2.3989,11.4123,7.6104,11,0,0,0,3,0,0,0,1,157,5,6,45.45,0,0,0,0,0,0,0,0
pbt,bintrie,5,4,storage_sload_k400,20,,1540,15900291,1,490.3201,7.2731,6.4783,8.8364,513.6703,30.9543,407,702,401,11357,2,0,0,0,0,0,403,4,99.02,700,2,99.72,401,0,100,11357,0
pbt,bintrie,5,4,storage_sload_k400,20,,1541,21000,1,0.2319,1.7225,105.3064,0.6883,120.0052,0.175,6,0,0,0,2,0,0,0,0,0,2,4,33.33,0,0,0,0,0,0,0,0
pbt,bintrie,5,4,storage_sload_k400,20,,1542,0,0,0.0761,1.3043,0.0044,0.5667,2.9735,0,4,0,0,0,0,0,0,0,0,0,0,4,0,0,0,0,0,0,0,0,0
pbt,bintrie,5,4,storage_sload_k400,20,,1543,0,0,0.0344,0.4139,0.0026,0.4142,1.5919,0,4,0,0,0,0,0,0,0,0,0,0,4,0,0,0,0,0,0,0,0,0
pbt,bintrie,5,4,storage_sload_k400,2,,1341,0,0,0.0773,0.5819,0.0047,0.2476,1.1585,0,4,0,0,0,0,0,0,0,0,0,0,4,0,0,0,0,0,0,0,0,0
pbt,bintrie,5,4,storage_sload_k400,2,,1342,0,0,0.0452,0.5404,0.0055,0.3882,1.5869,0,4,0,0,0,0,0,0,0,0,0,0,4,0,0,0,0,0,0,0,0,0
pbt,bintrie,5,4,storage_sload_k400,2,,1343,0,0,0.0572,0.6469,0.0032,8.4812,31.5628,0,4,0,0,0,0,0,0,0,0,0,0,4,0,0,0,0,0,0,0,0,0
pbt,bintrie,5,4,storage_sload_k400,2,,1344,0,0,0.0181,0.3083,0.0012,0.1108,0.5326,0,4,0,0,0,0,0,0,0,0,0,0,4,0,0,0,0,0,0,0,0,0
pbt,bintrie,5,4,storage_sload_k400,2,,1345,0,0,0.0344,0.3972,0.0023,0.1835,0.8053,0,4,0,0,0,0,0,0,0,0,0,0,4,0,0,0,0,0,0,0,0,0
pbt,bintrie,5,4,storage_sload_k400,2,,1346,0,0,0.0513,0.6139,0.0038,2.4351,4.8372,0,4,0,0,0,0,0,0,0,0,0,0,4,0,0,0,0,0,0,0,0,0
pbt,bintrie,5,4,storage_sload_k400,2,,1347,86852,2,0.39,2.8918,84.8839,1.5598,92.5962,0.938,11,0,0,0,3,0,0,0,1,157,4,7,36.36,0,0,0,0,0,0,0,0
pbt,bintrie,5,4,storage_sload_k400,2,,1348,15900291,1,394.8008,22.4832,4.6033,4.388,427.957,37.1539,407,702,401,11357,2,0,0,0,0,0,39,368,9.58,64,638,9.12,401,0,100,11357,0
pbt,bintrie,5,4,storage_sload_k400,2,,1349,21000,1,0.2605,7.2961,98.085,0.7,119.6276,0.1755,6,0,0,0,2,0,0,0,0,0,2,4,33.33,0,0,0,0,0,0,0,0
pbt,bintrie,5,4,storage_sload_k400,2,,1350,0,0,0.1948,1.4863,0.0041,0.42,3.4232,0,4,0,0,0,0,0,0,0,0,0,0,4,0,0,0,0,0,0,0,0,0
pbt,bintrie,5,4,storage_sload_k400,3,,1351,0,0,0.1362,1.505,0.005,0.3544,2.426,0,4,0,0,0,0,0,0,0,0,0,0,4,0,0,0,0,0,0,0,0,0
pbt,bintrie,5,4,storage_sload_k400,3,,1352,0,0,0.1199,1.6718,0.0105,0.4839,2.9484,0,4,0,0,0,0,0,0,0,0,0,0,4,0,0,0,0,0,0,0,0,0
pbt,bintrie,5,4,storage_sload_k400,3,,1353,0,0,0.0359,0.5652,0.0026,0.2701,1.4945,0,4,0,0,0,0,0,0,0,0,0,0,4,0,0,0,0,0,0,0,0,0
pbt,bintrie,5,4,storage_sload_k400,3,,1354,0,0,16.6739,2.8072,0.0137,1.1208,21.2465,0,4,0,0,0,0,0,0,0,0,0,0,4,0,0,0,0,0,0,0,0,0
pbt,bintrie,5,4,storage_sload_k400,3,,1355,0,0,0.028,0.3573,0.0015,0.1645,0.7166,0,4,0,0,0,0,0,0,0,0,0,0,4,0,0,0,0,0,0,0,0,0
pbt,bintrie,5,4,storage_sload_k400,3,,1356,0,0,0.1657,1.8999,0.0096,2.6211,26.4465,0,4,0,0,0,0,0,0,0,0,0,0,4,0,0,0,0,0,0,0,0,0
pbt,bintrie,5,4,storage_sload_k400,3,,1357,86852,2,0.5778,43.7355,27.1231,1.4297,73.6728,1.1789,11,0,0,0,3,0,0,0,1,157,4,7,36.36,0,0,0,0,0,0,0,0
pbt,bintrie,5,4,storage_sload_k400,3,,1358,0,0,0.086,1.3408,0.0038,0.688,3.0942,0,4,0,0,0,0,0,0,0,0,0,0,4,0,0,0,0,0,0,0,0,0
pbt,bintrie,5,4,storage_sload_k400,3,,1359,15900291,1,445.1083,20.1988,13.3005,3.9529,567.139,28.036,407,702,401,11357,2,0,0,0,0,0,239,168,58.72,422,280,60.11,401,0,100,11357,0
pbt,bintrie,5,4,storage_sload_k400,3,,1360,21000,1,0.3235,3.1289,80.2978,0.6997,102.9362,0.204,6,0,0,0,2,0,0,0,0,0,2,4,33.33,0,0,0,0,0,0,0,0
pbt,bintrie,5,4,storage_sload_k400,3,,1361,0,0,0.0394,0.483,0.0038,0.6656,1.9101,0,4,0,0,0,0,0,0,0,0,0,0,4,0,0,0,0,0,0,0,0,0
pbt,bintrie,5,4,storage_sload_k400,3,,1362,0,0,0.1143,1.6759,0.0114,0.7466,3.6822,0,4,0,0,0,0,0,0,0,0,0,0,4,0,0,0,0,0,0,0,0,0
pbt,bintrie,5,4,storage_sload_k400,4,,1363,0,0,0.2336,0.7691,0.0053,0.3299,1.7473,0,4,0,0,0,0,0,0,0,0,0,0,4,0,0,0,0,0,0,0,0,0
pbt,bintrie,5,4,storage_sload_k400,4,,1364,0,0,0.2677,6.5235,0.0093,0.7714,10.2903,0,4,0,0,0,0,0,0,0,0,0,0,4,0,0,0,0,0,0,0,0,0
pbt,bintrie,5,4,storage_sload_k400,4,,1365,0,0,0.0575,0.5781,0.0035,0.2383,1.1039,0,4,0,0,0,0,0,0,0,0,0,0,4,0,0,0,0,0,0,0,0,0
pbt,bintrie,5,4,storage_sload_k400,4,,1366,0,0,0.0318,0.4518,0.002,0.1018,0.7181,0,4,0,0,0,0,0,0,0,0,0,0,4,0,0,0,0,0,0,0,0,0
pbt,bintrie,5,4,storage_sload_k400,4,,1367,0,0,0.1365,1.5881,0.0102,0.3879,2.6637,0,4,0,0,0,0,0,0,0,0,0,0,4,0,0,0,0,0,0,0,0,0
pbt,bintrie,5,4,storage_sload_k400,4,,1368,0,0,0.0429,0.4961,0.0029,0.1388,0.9301,0,4,0,0,0,0,0,0,0,0,0,0,4,0,0,0,0,0,0,0,0,0
pbt,bintrie,5,4,storage_sload_k400,4,,1369,86852,2,0.1324,0.9211,2.8183,1.7123,5.795,14.9875,11,0,0,0,3,0,0,0,1,157,5,6,45.45,0,0,0,0,0,0,0,0
pbt,bintrie,5,4,storage_sload_k400,4,,1370,15900291,1,474.3809,7.6178,7.1244,4.633,509.2878,31.2206,407,702,401,11357,2,0,0,0,0,0,402,5,98.77,700,2,99.72,401,0,100,11357,0
pbt,bintrie,5,4,storage_sload_k400,4,,1371,21000,1,0.1146,0.7029,28.134,2.0305,31.4671,0.6674,6,0,0,0,2,0,0,0,0,0,0,6,0,0,0,0,0,0,0,0,0
pbt,bintrie,5,4,storage_sload_k400,4,,1372,0,0,0.0665,1.0549,0.0058,0.4684,2.7279,0,4,0,0,0,0,0,0,0,0,0,0,4,0,0,0,0,0,0,0,0,0
pbt,bintrie,5,4,storage_sload_k400,4,,1373,0,0,0.0904,1.127,0.0064,0.7315,3.3202,0,4,0,0,0,0,0,0,0,0,0,0,4,0,0,0,0,0,0,0,0,0
pbt,bintrie,5,4,storage_sload_k400,5,,1374,0,0,0.0793,0.5682,0.0038,0.4185,1.696,0,4,0,0,0,0,0,0,0,0,0,0,4,0,0,0,0,0,0,0,0,0
pbt,bintrie,5,4,storage_sload_k400,5,,1375,0,0,0.0557,0.8362,0.0055,0.1817,1.388,0,4,0,0,0,0,0,0,0,0,0,0,4,0,0,0,0,0,0,0,0,0
pbt,bintrie,5,4,storage_sload_k400,5,,1376,0,0,0.0379,0.6002,0.0117,0.2042,9.5979,0,4,0,0,0,0,0,0,0,0,0,0,4,0,0,0,0,0,0,0,0,0
pbt,bintrie,5,4,storage_sload_k400,5,,1377,0,0,0.0254,0.3684,0.0015,0.2001,0.7919,0,4,0,0,0,0,0,0,0,0,0,0,4,0,0,0,0,0,0,0,0,0
pbt,bintrie,5,4,storage_sload_k400,5,,1378,0,0,0.0265,0.3757,0.0015,0.1715,0.8409,0,4,0,0,0,0,0,0,0,0,0,0,4,0,0,0,0,0,0,0,0,0
pbt,bintrie,5,4,storage_sload_k400,5,,1379,0,0,0.0262,0.415,0.0018,0.1015,0.7143,0,4,0,0,0,0,0,0,0,0,0,0,4,0,0,0,0,0,0,0,0,0
pbt,bintrie,5,4,storage_sload_k400,5,,1380,86852,2,0.2444,2.72,57.0966,4.4962,64.9169,1.3379,11,0,0,0,3,0,0,0,1,157,5,6,45.45,0,0,0,0,0,0,0,0
pbt,bintrie,5,4,storage_sload_k400,5,,1381,15900291,1,379.9152,26.4293,6.4856,2.3082,424.3016,37.474,407,702,401,11357,2,0,0,0,0,0,16,391,3.93,33,669,4.7,401,0,100,11357,0
pbt,bintrie,5,4,storage_sload_k400,5,,1382,21000,1,0.0939,0.5804,92.4145,0.7306,108.7536,0.1931,6,0,0,0,2,0,0,0,0,0,2,4,33.33,0,0,0,0,0,0,0,0
pbt,bintrie,5,4,storage_sload_k400,5,,1383,0,0,0.063,1.1582,0.0058,0.5676,2.858,0,4,0,0,0,0,0,0,0,0,0,0,4,0,0,0,0,0,0,0,0,0
pbt,bintrie,5,4,storage_sload_k400,6,,1384,0,0,0.0411,0.4095,0.0023,0.1517,0.8196,0,4,0,0,0,0,0,0,0,0,0,0,4,0,0,0,0,0,0,0,0,0
pbt,bintrie,5,4,storage_sload_k400,6,,1385,0,0,0.1082,1.4735,0.0108,0.7977,3.413,0,4,0,0,0,0,0,0,0,0,0,0,4,0,0,0,0,0,0,0,0,0
pbt,bintrie,5,4,storage_sload_k400,6,,1386,0,0,0.0954,0.8896,0.0029,0.2018,1.5907,0,4,0,0,0,0,0,0,0,0,0,0,4,0,0,0,0,0,0,0,0,0
pbt,bintrie,5,4,storage_sload_k400,6,,1387,0,0,0.0365,0.4973,0.0047,0.1415,0.8785,0,4,0,0,0,0,0,0,0,0,0,0,4,0,0,0,0,0,0,0,0,0
pbt,bintrie,5,4,storage_sload_k400,6,,1388,0,0,0.1146,1.1375,0.0064,0.3509,2.1924,0,4,0,0,0,0,0,0,0,0,0,0,4,0,0,0,0,0,0,0,0,0
pbt,bintrie,5,4,storage_sload_k400,6,,1389,0,0,0.0219,0.3372,0.002,0.121,0.5953,0,4,0,0,0,0,0,0,0,0,0,0,4,0,0,0,0,0,0,0,0,0
pbt,bintrie,5,4,storage_sload_k400,6,,1390,86852,2,0.5927,9.2482,2.6363,4.1617,16.9358,5.1283,11,0,0,0,3,0,0,0,1,157,4,7,36.36,0,0,0,0,0,0,0,0
pbt,bintrie,5,4,storage_sload_k400,6,,1391,15900291,1,395.4854,15.7677,14.5147,2.7168,429.2741,37.04,407,702,401,11357,2,0,0,0,0,0,47,360,11.55,82,620,11.68,401,0,100,11357,0
pbt,bintrie,5,4,storage_sload_k400,6,,1392,21000,1,0.2322,2.4184,94.3051,0.6836,114.9606,0.1827,6,0,0,0,2,0,0,0,0,0,2,4,33.33,0,0,0,0,0,0,0,0
pbt,bintrie,5,4,storage_sload_k400,6,,1393,0,0,0.1339,1.3361,0.0064,0.6154,3.0318,0,4,0,0,0,0,0,0,0,0,0,0,4,0,0,0,0,0,0,0,0,0
pbt,bintrie,5,4,storage_sload_k400,6,,1394,0,0,0.0426,0.5661,0.0038,0.394,1.6905,0,4,0,0,0,0,0,0,0,0,0,0,4,0,0,0,0,0,0,0,0,0
pbt,bintrie,5,4,storage_sload_k400,7,,1395,0,0,0.135,1.0476,0.0064,0.4217,2.3429,0,4,0,0,0,0,0,0,0,0,0,0,4,0,0,0,0,0,0,0,0,0
pbt,bintrie,5,4,storage_sload_k400,7,,1396,0,0,0.0388,0.4745,0.002,0.1473,0.8878,0,4,0,0,0,0,0,0,0,0,0,0,4,0,0,0,0,0,0,0,0,0
pbt,bintrie,5,4,storage_sload_k400,7,,1397,0,0,0.0289,0.4559,0.0032,0.1639,0.8222,0,4,0,0,0,0,0,0,0,0,0,0,4,0,0,0,0,0,0,0,0,0
pbt,bintrie,5,4,storage_sload_k400,7,,1398,0,0,0.0995,1.1946,0.0125,0.3716,2.1093,0,4,0,0,0,0,0,0,0,0,0,0,4,0,0,0,0,0,0,0,0,0
pbt,bintrie,5,4,storage_sload_k400,7,,1399,0,0,0.03,0.3961,0.0012,0.17,0.7752,0,4,0,0,0,0,0,0,0,0,0,0,4,0,0,0,0,0,0,0,0,0
pbt,bintrie,5,4,storage_sload_k400,7,,1400,0,0,0.0295,0.5512,0.002,0.1441,0.8875,0,4,0,0,0,0,0,0,0,0,0,0,4,0,0,0,0,0,0,0,0,0
pbt,bintrie,5,4,storage_sload_k400,7,,1401,86852,2,1.2716,3.3806,0.833,4.1083,10.1967,8.5177,11,0,0,0,3,0,0,0,1,157,4,7,36.36,0,0,0,0,0,0,0,0
pbt,bintrie,5,4,storage_sload_k400,7,,1402,15900291,1,381.9185,15.1164,97.3823,0.8061,502.4977,31.6425,407,702,401,11357,2,0,0,0,0,0,57,350,14.0,88,614,12.54,401,0,100,11357,0
pbt,bintrie,5,4,storage_sload_k400,7,,1403,0,0,0.0805,1.176,0.0073,0.4311,2.1428,0,4,0,0,0,0,0,0,0,0,0,0,4,0,0,0,0,0,0,0,0,0
pbt,bintrie,5,4,storage_sload_k400,7,,1404,21000,1,0.4684,1.3323,90.4919,0.7519,98.5825,0.213,6,0,0,0,2,0,0,0,0,0,0,6,0,0,0,0,0,0,0,0,0
pbt,bintrie,5,4,storage_sload_k400,7,,1405,0,0,0.0735,1.2649,0.005,0.3474,2.1303,0,4,0,0,0,0,0,0,0,0,0,0,4,0,0,0,0,0,0,0,0,0
pbt,bintrie,5,4,storage_sload_k400,7,,1406,0,0,0.1237,1.4875,0.0105,0.3993,2.7223,0,4,0,0,0,0,0,0,0,0,0,0,4,0,0,0,0,0,0,0,0,0
pbt,bintrie,5,4,storage_sload_k400,8,,1407,0,0,0.1808,1.8628,0.0064,0.6562,4.0736,0,4,0,0,0,0,0,0,0,0,0,0,4,0,0,0,0,0,0,0,0,0
pbt,bintrie,5,4,storage_sload_k400,8,,1408,0,0,0.0338,0.5113,0.0029,0.1426,0.8633,0,4,0,0,0,0,0,0,0,0,0,0,4,0,0,0,0,0,0,0,0,0
pbt,bintrie,5,4,storage_sload_k400,8,,1409,0,0,0.0767,1.183,0.0044,0.7259,3.0131,0,4,0,0,0,0,0,0,0,0,0,0,4,0,0,0,0,0,0,0,0,0
pbt,bintrie,5,4,storage_sload_k400,8,,1410,0,0,0.0773,1.2013,0.0061,0.4328,2.2677,0,4,0,0,0,0,0,0,0,0,0,0,4,0,0,0,0,0,0,0,0,0
pbt,bintrie,5,4,storage_sload_k400,8,,1411,0,0,0.0761,1.6473,0.0058,0.3202,2.7565,0,4,0,0,0,0,0,0,0,0,0,0,4,0,0,0,0,0,0,0,0,0
pbt,bintrie,5,4,storage_sload_k400,8,,1412,0,0,0.0262,0.4702,0.0047,0.1668,0.9263,0,4,0,0,0,0,0,0,0,0,0,0,4,0,0,0,0,0,0,0,0,0
pbt,bintrie,5,4,storage_sload_k400,8,,1413,86852,2,0.3013,1.5513,64.5902,4.9092,72.61,1.1961,11,0,0,0,3,0,0,0,1,157,5,6,45.45,0,0,0,0,0,0,0,0
pbt,bintrie,5,4,storage_sload_k400,8,,1414,15900291,1,385.1152,18.9946,101.3276,0.7224,506.7513,31.3769,407,702,401,11357,2,0,0,0,0,0,40,367,9.83,65,637,9.26,401,0,100,11357,0
pbt,bintrie,5,4,storage_sload_k400,8,,1415,21000,1,0.0569,0.5101,3.2325,4.9643,8.9417,2.3486,6,0,0,0,2,0,0,0,0,0,2,4,33.33,0,0,0,0,0,0,0,0
pbt,bintrie,5,4,storage_sload_k400,8,,1416,0,0,0.1485,2.0588,0.0073,1.5405,4.5633,0,4,0,0,0,0,0,0,0,0,0,0,4,0,0,0,0,0,0,0,0,0
pbt,bintrie,5,4,storage_sload_k400,9,,1417,0,0,0.0607,0.5334,0.0035,0.2645,1.1736,0,4,0,0,0,0,0,0,0,0,0,0,4,0,0,0,0,0,0,0,0,0
pbt,bintrie,5,4,storage_sload_k400,9,,1418,0,0,0.1027,1.0893,0.0105,0.567,3.1248,0,4,0,0,0,0,0,0,0,0,0,0,4,0,0,0,0,0,0,0,0,0
pbt,bintrie,5,4,storage_sload_k400,9,,1419,0,0,0.051,0.6031,0.0041,0.4177,1.7523,0,4,0,0,0,0,0,0,0,0,0,0,4,0,0,0,0,0,0,0,0,0
pbt,bintrie,5,4,storage_sload_k400,9,,1420,0,0,0.0376,0.4853,0.0032,0.1633,0.8843,0,4,0,0,0,0,0,0,0,0,0,0,4,0,0,0,0,0,0,0,0,0
pbt,bintrie,5,4,storage_sload_k400,9,,1421,0,0,0.0338,0.4804,0.002,0.1385,0.8315,0,4,0,0,0,0,0,0,0,0,0,0,4,0,0,0,0,0,0,0,0,0
pbt,bintrie,5,4,storage_sload_k400,9,,1422,0,0,0.0493,0.7933,0.0029,0.1479,17.1,0,4,0,0,0,0,0,0,0,0,0,0,4,0,0,0,0,0,0,0,0,0
pbt,bintrie,5,4,storage_sload_k400,9,,1423,86852,2,0.4004,1.3116,5.4686,1.8552,11.1565,7.7848,11,0,0,0,3,0,0,0,1,157,4,7,36.36,0,0,0,0,0,0,0,0
pbt,bintrie,5,4,storage_sload_k400,9,,1424,15900291,1,440.2221,44.5553,5.7267,5.1874,496.1725,32.0459,407,702,401,11357,2,0,0,0,0,0,214,193,52.58,322,380,45.87,401,0,100,11357,0
pbt,bintrie,5,4,storage_sload_k400,9,,1425,21000,1,0.285,3.1065,101.9666,0.7493,119.6135,0.1756,6,0,0,0,2,0,0,0,0,0,2,4,33.33,0,0,0,0,0,0,0,0
pbt,bintrie,5,4,storage_sload_k400,9,,1426,0,0,0.091,1.3903,0.0099,0.6661,3.3054,0,4,0,0,0,0,0,0,0,0,0,0,4,0,0,0,0,0,0,0,0,0
pbt,bintrie,5,4,storage_sload_k700,10,,1638,0,0,0.1975,1.8646,0.0055,0.9132,4.3597,0,4,0,0,0,0,0,0,0,0,0,0,4,0,0,0,0,0,0,0,0,0
pbt,bintrie,5,4,storage_sload_k700,10,,1639,0,0,0.0306,0.4244,0.002,0.1668,0.847,0,4,0,0,0,0,0,0,0,0,0,0,4,0,0,0,0,0,0,0,0,0
pbt,bintrie,5,4,storage_sload_k700,10,,1640,0,0,0.0333,0.4804,0.0015,0.0881,0.7615,0,4,0,0,0,0,0,0,0,0,0,0,4,0,0,0,0,0,0,0,0,0
pbt,bintrie,5,4,storage_sload_k700,10,,1641,0,0,0.0691,1.1383,0.0026,0.2657,1.7441,0,4,0,0,0,0,0,0,0,0,0,0,4,0,0,0,0,0,0,0,0,0
pbt,bintrie,5,4,storage_sload_k700,10,,1642,0,0,0.0306,0.3719,0.0018,0.1823,0.765,0,4,0,0,0,0,0,0,0,0,0,0,4,0,0,0,0,0,0,0,0,0
pbt,bintrie,5,4,storage_sload_k700,10,,1643,0,0,0.0254,0.4159,0.0015,0.1423,0.7245,0,4,0,0,0,0,0,0,0,0,0,0,4,0,0,0,0,0,0,0,0,0
pbt,bintrie,5,4,storage_sload_k700,10,,1644,86864,2,1.3195,4.1203,14.6556,1.5872,23.0064,3.7757,11,0,0,0,3,0,0,0,1,157,4,7,36.36,0,0,0,0,0,0,0,0
pbt,bintrie,5,4,storage_sload_k700,10,,1645,15900304,1,415.9132,67.9198,6.0642,2.5791,520.4044,30.5537,707,703,701,19757,2,0,0,0,0,0,401,306,56.72,405,298,57.61,701,0,100,19757,0
pbt,bintrie,5,4,storage_sload_k700,10,,1646,21000,1,0.3514,4.2536,114.6914,0.7892,123.3765,0.1702,6,0,0,0,2,0,0,0,0,0,2,4,33.33,0,0,0,0,0,0,0,0
pbt,bintrie,5,4,storage_sload_k700,10,,1647,0,0,0.0989,2.0684,0.0067,1.0103,4.9993,0,4,0,0,0,0,0,0,0,0,0,0,4,0,0,0,0,0,0,0,0,0
pbt,bintrie,5,4,storage_sload_k700,11,,1648,0,0,0.236,26.9426,0.0163,1.5936,29.8367,0,4,0,0,0,0,0,0,0,0,0,0,4,0,0,0,0,0,0,0,0,0
pbt,bintrie,5,4,storage_sload_k700,11,,1649,0,0,0.0265,0.4235,0.0032,0.1622,0.8158,0,4,0,0,0,0,0,0,0,0,0,0,4,0,0,0,0,0,0,0,0,0
pbt,bintrie,5,4,storage_sload_k700,11,,1650,0,0,0.026,0.4319,0.002,0.1286,0.7507,0,4,0,0,0,0,0,0,0,0,0,0,4,0,0,0,0,0,0,0,0,0
pbt,bintrie,5,4,storage_sload_k700,11,,1651,0,0,0.0668,1.1532,0.0038,0.2922,1.9034,0,4,0,0,0,0,0,0,0,0,0,0,4,0,0,0,0,0,0,0,0,0
pbt,bintrie,5,4,storage_sload_k700,11,,1652,0,0,0.0455,0.7361,0.0032,0.2115,1.3413,0,4,0,0,0,0,0,0,0,0,0,0,4,0,0,0,0,0,0,0,0,0
pbt,bintrie,5,4,storage_sload_k700,11,,1653,0,0,0.0557,0.6055,0.0053,0.3687,13.5038,0,4,0,0,0,0,0,0,0,0,0,0,4,0,0,0,0,0,0,0,0,0
pbt,bintrie,5,4,storage_sload_k700,11,,1654,86864,2,0.2925,2.7509,0.6495,1.7222,6.4416,13.4849,11,0,0,0,3,0,0,0,1,157,5,6,45.45,0,0,0,0,0,0,0,0
pbt,bintrie,5,4,storage_sload_k700,11,,1655,15900304,1,341.926,51.9174,4.2133,5.7582,420.2901,37.8317,707,703,701,19757,2,0,0,0,0,0,403,304,57.0,404,299,57.47,701,0,100,19757,0
pbt,bintrie,5,4,storage_sload_k700,11,,1656,21000,1,0.3106,3.0779,111.9668,0.7776,121.8397,0.1724,6,0,0,0,2,0,0,0,0,0,2,4,33.33,0,0,0,0,0,0,0,0
pbt,bintrie,5,4,storage_sload_k700,11,,1657,0,0,0.0397,0.5057,0.0053,0.3794,1.579,0,4,0,0,0,0,0,0,0,0,0,0,4,0,0,0,0,0,0,0,0,0
pbt,bintrie,5,4,storage_sload_k700,12,,1659,0,0,0.0764,0.6373,0.0023,0.343,1.428,0,4,0,0,0,0,0,0,0,0,0,0,4,0,0,0,0,0,0,0,0,0
pbt,bintrie,5,4,storage_sload_k700,12,,1660,0,0,0.0315,0.4142,0.0029,0.2015,0.8508,0,4,0,0,0,0,0,0,0,0,0,0,4,0,0,0,0,0,0,0,0,0
pbt,bintrie,5,4,storage_sload_k700,12,,1661,0,0,0.1619,2.5786,0.0085,0.9292,9.2418,0,4,0,0,0,0,0,0,0,0,0,0,4,0,0,0,0,0,0,0,0,0
pbt,bintrie,5,4,storage_sload_k700,12,,1662,0,0,0.0289,0.3969,0.0015,0.1642,0.7761,0,4,0,0,0,0,0,0,0,0,0,0,4,0,0,0,0,0,0,0,0,0
pbt,bintrie,5,4,storage_sload_k700,12,,1663,0,0,0.0286,0.3436,0.002,0.1464,0.7009,0,4,0,0,0,0,0,0,0,0,0,0,4,0,0,0,0,0,0,0,0,0
pbt,bintrie,5,4,storage_sload_k700,12,,1664,0,0,0.0268,0.4699,0.0017,0.1202,0.7399,0,4,0,0,0,0,0,0,0,0,0,0,4,0,0,0,0,0,0,0,0,0
pbt,bintrie,5,4,storage_sload_k700,12,,1665,86864,2,1.3096,5.1349,1.6228,1.3626,38.8837,2.2339,11,0,0,0,3,0,0,0,1,157,4,7,36.36,0,0,0,0,0,0,0,0
pbt,bintrie,5,4,storage_sload_k700,12,,1666,15900304,1,352.7036,37.3266,8.3639,2.0658,425.3793,37.3791,707,703,701,19757,2,0,0,0,0,0,39,668,5.52,40,663,5.69,701,0,100,19757,0
pbt,bintrie,5,4,storage_sload_k700,12,,1667,21000,1,0.2482,1.8655,104.584,0.6982,114.9595,0.1827,6,0,0,0,2,0,0,0,0,0,2,4,33.33,0,0,0,0,0,0,0,0
pbt,bintrie,5,4,storage_sload_k700,12,,1668,0,0,0.1207,1.7252,0.0099,0.6761,3.6982,0,4,0,0,0,0,0,0,0,0,0,0,4,0,0,0,0,0,0,0,0,0
pbt,bintrie,5,4,storage_sload_k700,12,,1669,0,0,0.0986,1.2754,0.0038,0.555,3.0032,0,4,0,0,0,0,0,0,0,0,0,0,4,0,0,0,0,0,0,0,0,0
pbt,bintrie,5,4,storage_sload_k700,13,,1670,0,0,0.3389,2.6375,0.012,0.8219,5.2857,0,4,0,0,0,0,0,0,0,0,0,0,4,0,0,0,0,0,0,0,0,0
pbt,bintrie,5,4,storage_sload_k700,13,,1671,0,0,0.0402,0.5495,0.0038,0.2141,1.0106,0,4,0,0,0,0,0,0,0,0,0,0,4,0,0,0,0,0,0,0,0,0
pbt,bintrie,5,4,storage_sload_k700,13,,1672,0,0,0.0359,0.5827,0.0041,0.1161,0.8715,0,4,0,0,0,0,0,0,0,0,0,0,4,0,0,0,0,0,0,0,0,0
pbt,bintrie,5,4,storage_sload_k700,13,,1673,0,0,0.0347,0.4672,0.0032,0.173,0.8406,0,4,0,0,0,0,0,0,0,0,0,0,4,0,0,0,0,0,0,0,0,0
pbt,bintrie,5,4,storage_sload_k700,13,,1674,0,0,0.0254,0.3946,0.0018,0.0922,0.6586,0,4,0,0,0,0,0,0,0,0,0,0,4,0,0,0,0,0,0,0,0,0
pbt,bintrie,5,4,storage_sload_k700,13,,1675,86864,2,0.7991,27.2853,2.0384,1.7742,38.9312,2.2312,11,0,0,0,3,0,0,0,1,157,4,7,36.36,0,0,0,0,0,0,0,0
pbt,bintrie,5,4,storage_sload_k700,13,,1676,15900304,1,359.3307,74.6338,6.5498,10.8521,452.6194,35.1295,707,703,701,19757,2,0,0,0,0,0,81,626,11.46,79,624,11.24,701,0,100,19757,0
pbt,bintrie,5,4,storage_sload_k700,13,,1677,21000,1,0.3054,3.4915,105.1761,0.7256,125.4685,0.1674,6,0,0,0,2,0,0,0,0,0,2,4,33.33,0,0,0,0,0,0,0,0
pbt,bintrie,5,4,storage_sload_k700,13,,1678,0,0,0.0385,0.5734,0.0053,0.8683,2.2671,0,4,0,0,0,0,0,0,0,0,0,0,4,0,0,0,0,0,0,0,0,0
pbt,bintrie,5,4,storage_sload_k700,13,,1679,0,0,0.1479,1.8762,0.0096,0.6947,3.9062,0,4,0,0,0,0,0,0,0,0,0,0,4,0,0,0,0,0,0,0,0,0
pbt,bintrie,5,4,storage_sload_k700,14,,1680,0,0,0.1447,1.0202,0.0079,0.3829,2.5614,0,4,0,0,0,0,0,0,0,0,0,0,4,0,0,0,0,0,0,0,0,0
pbt,bintrie,5,4,storage_sload_k700,14,,1681,0,0,0.0569,0.4544,0.0026,0.2074,0.919,0,4,0,0,0,0,0,0,0,0,0,0,4,0,0,0,0,0,0,0,0,0
pbt,bintrie,5,4,storage_sload_k700,14,,1682,0,0,0.0519,0.5314,0.0023,0.1607,0.9552,0,4,0,0,0,0,0,0,0,0,0,0,4,0,0,0,0,0,0,0,0,0
pbt,bintrie,5,4,storage_sload_k700,14,,1683,0,0,0.0376,0.5699,0.0029,0.133,0.9747,0,4,0,0,0,0,0,0,0,0,0,0,4,0,0,0,0,0,0,0,0,0
pbt,bintrie,5,4,storage_sload_k700,14,,1684,0,0,0.026,0.3485,0.0018,0.1552,0.7198,0,4,0,0,0,0,0,0,0,0,0,0,4,0,0,0,0,0,0,0,0,0
pbt,bintrie,5,4,storage_sload_k700,14,,1685,0,0,0.0461,0.6702,0.0111,2.0752,19.1045,0,4,0,0,0,0,0,0,0,0,0,0,4,0,0,0,0,0,0,0,0,0
pbt,bintrie,5,4,storage_sload_k700,14,,1686,86864,2,0.1563,1.1086,7.6791,1.4688,10.6569,8.1509,11,0,0,0,3,0,0,0,1,157,5,6,45.45,0,0,0,0,0,0,0,0
pbt,bintrie,5,4,storage_sload_k700,14,,1687,15900304,1,414.5578,31.0197,7.7395,5.3231,459.1881,34.627,707,703,701,19757,2,0,0,0,0,0,288,419,40.74,278,425,39.54,701,0,100,19757,0
pbt,bintrie,5,4,storage_sload_k700,14,,1688,21000,1,0.3366,2.5374,91.3447,0.7382,117.6958,0.1784,6,0,0,0,2,0,0,0,0,0,2,4,33.33,0,0,0,0,0,0,0,0
pbt,bintrie,5,4,storage_sload_k700,14,,1689,0,0,0.0916,1.3215,0.0079,0.6277,3.0849,0,4,0,0,0,0,0,0,0,0,0,0,4,0,0,0,0,0,0,0,0,0
pbt,bintrie,5,4,storage_sload_k700,15,,1691,0,0,0.3704,1.5079,0.0041,0.5434,3.0344,0,4,0,0,0,0,0,0,0,0,0,0,4,0,0,0,0,0,0,0,0,0
pbt,bintrie,5,4,storage_sload_k700,15,,1692,0,0,0.1517,1.4014,0.0093,0.4815,5.9113,0,4,0,0,0,0,0,0,0,0,0,0,4,0,0,0,0,0,0,0,0,0
pbt,bintrie,5,4,storage_sload_k700,15,,1693,0,0,0.1727,0.6557,0.0023,0.1012,1.1987,0,4,0,0,0,0,0,0,0,0,0,0,4,0,0,0,0,0,0,0,0,0
pbt,bintrie,5,4,storage_sload_k700,15,,1694,0,0,0.0362,0.3453,0.0018,0.1969,0.7496,0,4,0,0,0,0,0,0,0,0,0,0,4,0,0,0,0,0,0,0,0,0
pbt,bintrie,5,4,storage_sload_k700,15,,1695,0,0,0.1073,1.4434,0.0093,3.5763,7.8372,0,4,0,0,0,0,0,0,0,0,0,0,4,0,0,0,0,0,0,0,0,0
pbt,bintrie,5,4,storage_sload_k700,15,,1696,0,0,0.0513,0.5836,0.0023,0.278,1.1961,0,4,0,0,0,0,0,0,0,0,0,0,4,0,0,0,0,0,0,0,0,0
pbt,bintrie,5,4,storage_sload_k700,15,,1697,86864,2,0.8429,1.6409,82.6612,3.1458,88.8411,0.9777,11,0,0,0,3,0,0,0,1,157,4,7,36.36,0,0,0,0,0,0,0,0
pbt,bintrie,5,4,storage_sload_k700,15,,1698,15900304,1,452.3157,29.4095,15.0589,3.1794,500.3637,31.7775,707,703,701,19757,2,0,0,0,0,0,154,553,21.78,202,501,28.73,701,0,100,19757,0
pbt,bintrie,5,4,storage_sload_k700,15,,1699,21000,1,0.2444,3.5448,89.4371,0.6901,108.207,0.1941,6,0,0,0,2,0,0,0,0,0,2,4,33.33,0,0,0,0,0,0,0,0
pbt,bintrie,5,4,storage_sload_k700,15,,1700,0,0,0.0782,1.2054,0.0047,0.5682,2.7862,0,4,0,0,0,0,0,0,0,0,0,0,4,0,0,0,0,0,0,0,0,0
pbt,bintrie,5,4,storage_sload_k700,16,,1701,0,0,0.0612,0.4748,0.0026,0.2144,1.0366,0,4,0,0,0,0,0,0,0,0,0,0,4,0,0,0,0,0,0,0,0,0
pbt,bintrie,5,4,storage_sload_k700,16,,1702,0,0,0.0863,1.3836,0.007,0.308,2.2216,0,4,0,0,0,0,0,0,0,0,0,0,4,0,0,0,0,0,0,0,0,0
pbt,bintrie,5,4,storage_sload_k700,16,,1703,0,0,0.0309,0.4179,0.002,0.1114,0.7023,0,4,0,0,0,0,0,0,0,0,0,0,4,0,0,0,0,0,0,0,0,0
pbt,bintrie,5,4,storage_sload_k700,16,,1704,0,0,0.0344,0.3675,0.0015,0.1878,0.7892,0,4,0,0,0,0,0,0,0,0,0,0,4,0,0,0,0,0,0,0,0,0
pbt,bintrie,5,4,storage_sload_k700,16,,1705,0,0,0.0365,0.3436,0.0015,0.1852,0.7586,0,4,0,0,0,0,0,0,0,0,0,0,4,0,0,0,0,0,0,0,0,0
pbt,bintrie,5,4,storage_sload_k700,16,,1706,0,0,0.1321,1.7724,0.0108,5.0574,24.248,0,4,0,0,0,0,0,0,0,0,0,0,4,0,0,0,0,0,0,0,0,0
pbt,bintrie,5,4,storage_sload_k700,16,,1707,86864,2,1.0966,4.7882,6.0907,5.4252,39.5046,2.1988,11,0,0,0,3,0,0,0,1,157,5,6,45.45,0,0,0,0,0,0,0,0
pbt,bintrie,5,4,storage_sload_k700,16,,1708,15900304,1,356.366,7.2524,101.8762,0.7356,473.9184,33.5507,707,703,701,19757,2,0,0,0,0,0,702,5,99.29,700,3,99.57,701,0,100,19757,0
pbt,bintrie,5,4,storage_sload_k700,16,,1709,21000,1,0.0677,0.6171,4.5928,5.9563,11.412,1.8402,6,0,0,0,2,0,0,0,0,0,2,4,33.33,0,0,0,0,0,0,0,0
pbt,bintrie,5,4,storage_sload_k700,16,,1710,0,0,0.1059,2.0352,0.0073,0.471,3.0895,0,4,0,0,0,0,0,0,0,0,0,0,4,0,0,0,0,0,0,0,0,0
pbt,bintrie,5,4,storage_sload_k700,17,,1711,0,0,0.0505,0.4579,0.0018,0.2823,1.0864,0,4,0,0,0,0,0,0,0,0,0,0,4,0,0,0,0,0,0,0,0,0
pbt,bintrie,5,4,storage_sload_k700,17,,1712,0,0,0.0869,1.232,0.0064,0.3733,2.0434,0,4,0,0,0,0,0,0,0,0,0,0,4,0,0,0,0,0,0,0,0,0
pbt,bintrie,5,4,storage_sload_k700,17,,1713,0,0,0.0997,1.4201,0.005,0.224,2.0789,0,4,0,0,0,0,0,0,0,0,0,0,4,0,0,0,0,0,0,0,0,0
pbt,bintrie,5,4,storage_sload_k700,17,,1714,0,0,0.0869,0.7878,0.0058,1.85,5.9551,0,4,0,0,0,0,0,0,0,0,0,0,4,0,0,0,0,0,0,0,0,0
pbt,bintrie,5,4,storage_sload_k700,17,,1715,0,0,0.0388,0.4947,0.0041,0.1759,0.9523,0,4,0,0,0,0,0,0,0,0,0,0,4,0,0,0,0,0,0,0,0,0
pbt,bintrie,5,4,storage_sload_k700,17,,1716,0,0,0.0481,0.6061,0.0032,1.659,4.3586,0,4,0,0,0,0,0,0,0,0,0,0,4,0,0,0,0,0,0,0,0,0
pbt,bintrie,5,4,storage_sload_k700,17,,1717,86864,2,0.1858,1.6983,6.8744,1.5595,84.5316,1.0276,11,0,0,0,3,0,0,0,1,157,6,5,54.55,0,0,0,0,0,0,0,0
pbt,bintrie,5,4,storage_sload_k700,17,,1718,15900304,1,365.0373,32.2668,5.3102,12.7578,415.6043,38.2583,707,703,701,19757,2,0,0,0,0,0,319,388,45.12,316,387,44.95,701,0,100,19757,0
pbt,bintrie,5,4,storage_sload_k700,17,,1719,21000,1,0.1896,1.2658,122.1666,0.8032,124.7828,0.1683,6,0,0,0,2,0,0,0,0,0,2,4,33.33,0,0,0,0,0,0,0,0
pbt,bintrie,5,4,storage_sload_k700,17,,1720,0,0,0.1085,1.9958,0.0073,1.1045,5.1679,0,4,0,0,0,0,0,0,0,0,0,0,4,0,0,0,0,0,0,0,0,0
pbt,bintrie,5,4,storage_sload_k700,18,,1721,0,0,0.0866,0.6609,0.0029,0.1975,1.2148,0,4,0,0,0,0,0,0,0,0,0,0,4,0,0,0,0,0,0,0,0,0
pbt,bintrie,5,4,storage_sload_k700,18,,1722,0,0,0.0265,0.359,0.0012,0.1718,0.7172,0,4,0,0,0,0,0,0,0,0,0,0,4,0,0,0,0,0,0,0,0,0
pbt,bintrie,5,4,storage_sload_k700,18,,1723,0,0,0.0332,0.5614,0.0015,0.1773,1.0622,0,4,0,0,0,0,0,0,0,0,0,0,4,0,0,0,0,0,0,0,0,0
pbt,bintrie,5,4,storage_sload_k700,18,,1724,0,0,0.0265,0.3488,0.0012,0.1207,0.6408,0,4,0,0,0,0,0,0,0,0,0,0,4,0,0,0,0,0,0,0,0,0
pbt,bintrie,5,4,storage_sload_k700,18,,1725,0,0,0.0277,0.3684,0.0009,0.1385,0.7309,0,4,0,0,0,0,0,0,0,0,0,0,4,0,0,0,0,0,0,0,0,0
pbt,bintrie,5,4,storage_sload_k700,18,,1726,0,0,0.0222,0.4121,0.002,0.1202,0.7,0,4,0,0,0,0,0,0,0,0,0,0,4,0,0,0,0,0,0,0,0,0
pbt,bintrie,5,4,storage_sload_k700,18,,1727,86864,2,14.8247,3.3319,24.1085,1.8681,44.891,1.935,11,0,0,0,3,0,0,0,1,157,7,4,63.64,0,0,0,0,0,0,0,0
pbt,bintrie,5,4,storage_sload_k700,18,,1728,15900304,1,369.1492,22.4338,96.3998,1.1156,490.3863,32.424,707,703,701,19757,2,0,0,0,0,0,334,373,47.24,343,360,48.79,701,0,100,19757,0
pbt,bintrie,5,4,storage_sload_k700,18,,1729,21000,1,0.0557,0.5393,24.2433,2.2397,27.2007,0.772,6,0,0,0,2,0,0,0,0,0,2,4,33.33,0,0,0,0,0,0,0,0
pbt,bintrie,5,4,storage_sload_k700,18,,1730,0,0,0.0907,2.0822,0.0061,0.4774,3.2409,0,4,0,0,0,0,0,0,0,0,0,0,4,0,0,0,0,0,0,0,0,0
pbt,bintrie,5,4,storage_sload_k700,18,,1731,0,0,0.0335,0.4375,0.0032,0.4474,1.6826,0,4,0,0,0,0,0,0,0,0,0,0,4,0,0,0,0,0,0,0,0,0
pbt,bintrie,5,4,storage_sload_k700,19,,1732,0,0,0.0446,0.4457,0.002,0.1884,0.8802,0,4,0,0,0,0,0,0,0,0,0,0,4,0,0,0,0,0,0,0,0,0
pbt,bintrie,5,4,storage_sload_k700,19,,1733,0,0,0.1321,1.899,0.0052,7.1734,9.7467,0,4,0,0,0,0,0,0,0,0,0,0,4,0,0,0,0,0,0,0,0,0
pbt,bintrie,5,4,storage_sload_k700,19,,1734,0,0,0.0242,0.4101,0.002,0.1132,0.6627,0,4,0,0,0,0,0,0,0,0,0,0,4,0,0,0,0,0,0,0,0,0
pbt,bintrie,5,4,storage_sload_k700,19,,1735,0,0,0.0347,0.5159,0.0023,0.1207,0.8802,0,4,0,0,0,0,0,0,0,0,0,0,4,0,0,0,0,0,0,0,0,0
pbt,bintrie,5,4,storage_sload_k700,19,,1736,0,0,0.0265,0.3864,0.0018,0.1575,0.73,0,4,0,0,0,0,0,0,0,0,0,0,4,0,0,0,0,0,0,0,0,0
pbt,bintrie,5,4,storage_sload_k700,19,,1737,0,0,0.0464,0.5197,0.0032,0.1356,0.9219,0,4,0,0,0,0,0,0,0,0,0,0,4,0,0,0,0,0,0,0,0,0
pbt,bintrie,5,4,storage_sload_k700,19,,1738,86864,2,0.2753,1.9845,2.5794,1.5006,8.5838,10.1195,11,0,0,0,3,0,0,0,1,157,6,5,54.55,0,0,0,0,0,0,0,0
pbt,bintrie,5,4,storage_sload_k700,19,,1739,15900304,1,354.6992,52.8189,1.6587,2.4488,453.1216,35.0906,707,703,701,19757,2,0,0,0,0,0,197,510,27.86,199,504,28.31,701,0,100,19757,0
pbt,bintrie,5,4,storage_sload_k700,19,,1740,21000,1,0.2205,3.348,81.2939,0.7557,103.3908,0.2031,6,0,0,0,2,0,0,0,0,0,2,4,33.33,0,0,0,0,0,0,0,0
pbt,bintrie,5,4,storage_sload_k700,19,,1741,0,0,0.1164,1.3501,0.0102,0.7338,3.173,0,4,0,0,0,0,0,0,0,0,0,0,4,0,0,0,0,0,0,0,0,0
pbt,bintrie,5,4,storage_sload_k700,19,,1742,0,0,0.1572,1.6966,0.0082,0.6282,3.7195,0,4,0,0,0,0,0,0,0,0,0,0,4,0,0,0,0,0,0,0,0,0
pbt,bintrie,5,4,storage_sload_k700,1,,1544,0,0,0.0586,0.5238,0.0029,0.2555,1.1451,0,4,0,0,0,0,0,0,0,0,0,0,4,0,0,0,0,0,0,0,0,0
pbt,bintrie,5,4,storage_sload_k700,1,,1545,0,0,0.1024,1.3845,0.0088,0.3733,2.4246,0,4,0,0,0,0,0,0,0,0,0,0,4,0,0,0,0,0,0,0,0,0
pbt,bintrie,5,4,storage_sload_k700,1,,1546,0,0,1.0885,1.9197,0.0088,4.6916,27.6887,0,4,0,0,0,0,0,0,0,0,0,0,4,0,0,0,0,0,0,0,0,0
pbt,bintrie,5,4,storage_sload_k700,1,,1547,0,0,0.0709,1.1313,0.0026,0.308,1.8923,0,4,0,0,0,0,0,0,0,0,0,0,4,0,0,0,0,0,0,0,0,0
pbt,bintrie,5,4,storage_sload_k700,1,,1548,0,0,0.0712,1.0695,0.0026,0.2607,1.7453,0,4,0,0,0,0,0,0,0,0,0,0,4,0,0,0,0,0,0,0,0,0
pbt,bintrie,5,4,storage_sload_k700,1,,1549,0,0,0.0277,0.4174,0.0018,0.1021,0.6918,0,4,0,0,0,0,0,0,0,0,0,0,4,0,0,0,0,0,0,0,0,0
pbt,bintrie,5,4,storage_sload_k700,1,,1550,86864,2,0.9701,3.226,9.3366,1.675,15.7056,5.5308,11,0,0,0,3,0,0,0,1,157,4,7,36.36,0,0,0,0,0,0,0,0
pbt,bintrie,5,4,storage_sload_k700,1,,1551,15900304,1,340.1419,29.0673,102.755,0.8044,481.8515,32.9984,707,703,701,19757,2,0,0,0,0,0,21,686,2.97,24,679,3.41,701,0,100,19757,0
pbt,bintrie,5,4,storage_sload_k700,1,,1552,21000,1,0.168,1.54,10.0643,2.6573,14.7238,1.4263,6,0,0,0,2,0,0,0,0,0,2,4,33.33,0,0,0,0,0,0,0,0
pbt,bintrie,5,4,storage_sload_k700,1,,1553,0,0,0.0239,0.3208,0.0029,0.8831,2.1419,0,4,0,0,0,0,0,0,0,0,0,0,4,0,0,0,0,0,0,0,0,0
pbt,bintrie,5,4,storage_sload_k700,20,,1743,0,0,0.1823,1.3084,0.0088,0.6688,2.9216,0,4,0,0,0,0,0,0,0,0,0,0,4,0,0,0,0,0,0,0,0,0
pbt,bintrie,5,4,storage_sload_k700,20,,1744,0,0,0.1312,1.7969,0.0064,0.3669,2.7973,0,4,0,0,0,0,0,0,0,0,0,0,4,0,0,0,0,0,0,0,0,0
pbt,bintrie,5,4,storage_sload_k700,20,,1745,0,0,0.0297,0.3727,0.0018,0.0884,0.6323,0,4,0,0,0,0,0,0,0,0,0,0,4,0,0,0,0,0,0,0,0,0
pbt,bintrie,5,4,storage_sload_k700,20,,1746,0,0,0.086,1.2702,0.0064,0.4229,2.2178,0,4,0,0,0,0,0,0,0,0,0,0,4,0,0,0,0,0,0,0,0,0
pbt,bintrie,5,4,storage_sload_k700,20,,1747,0,0,0.054,0.4964,0.0018,0.0971,0.7825,0,4,0,0,0,0,0,0,0,0,0,0,4,0,0,0,0,0,0,0,0,0
pbt,bintrie,5,4,storage_sload_k700,20,,1748,86864,2,1.4143,5.3333,56.7464,1.7129,77.5204,1.1205,11,0,0,0,3,0,0,0,1,157,4,7,36.36,0,0,0,0,0,0,0,0
pbt,bintrie,5,4,storage_sload_k700,20,,1749,15900304,1,367.7212,78.3901,49.8154,7.5079,503.9161,31.5535,707,703,701,19757,2,0,0,0,0,0,374,333,52.9,375,328,53.34,701,0,100,19757,0
pbt,bintrie,5,4,storage_sload_k700,20,,1750,21000,1,0.3246,17.0282,91.2736,0.7449,119.6275,0.1755,6,0,0,0,2,0,0,0,0,0,2,4,33.33,0,0,0,0,0,0,0,0
pbt,bintrie,5,4,storage_sload_k700,20,,1751,0,0,0.0846,1.3168,0.007,0.6154,3.0397,0,4,0,0,0,0,0,0,0,0,0,0,4,0,0,0,0,0,0,0,0,0
pbt,bintrie,5,4,storage_sload_k700,20,,1752,0,0,0.0814,1.3075,0.0076,0.6201,2.9277,0,4,0,0,0,0,0,0,0,0,0,0,4,0,0,0,0,0,0,0,0,0
pbt,bintrie,5,4,storage_sload_k700,2,,1554,0,0,0.1216,1.3492,0.0067,0.4704,2.4354,0,4,0,0,0,0,0,0,0,0,0,0,4,0,0,0,0,0,0,0,0,0
pbt,bintrie,5,4,storage_sload_k700,2,,1555,0,0,0.0933,1.633,0.0052,0.3471,2.5299,0,4,0,0,0,0,0,0,0,0,0,0,4,0,0,0,0,0,0,0,0,0
pbt,bintrie,5,4,storage_sload_k700,2,,1556,0,0,0.0659,1.0616,0.0029,0.2879,1.6966,0,4,0,0,0,0,0,0,0,0,0,0,4,0,0,0,0,0,0,0,0,0
pbt,bintrie,5,4,storage_sload_k700,2,,1557,0,0,0.1557,2.2052,0.0064,0.5084,3.5107,0,4,0,0,0,0,0,0,0,0,0,0,4,0,0,0,0,0,0,0,0,0
pbt,bintrie,5,4,storage_sload_k700,2,,1558,0,0,0.0347,0.4763,0.0032,0.1648,0.912,0,4,0,0,0,0,0,0,0,0,0,0,4,0,0,0,0,0,0,0,0,0
pbt,bintrie,5,4,storage_sload_k700,2,,1559,0,0,0.0292,0.4672,0.0023,0.0977,0.7297,0,4,0,0,0,0,0,0,0,0,0,0,4,0,0,0,0,0,0,0,0,0
pbt,bintrie,5,4,storage_sload_k700,2,,1560,86864,2,1.0829,17.541,30.08,1.8025,51.1101,1.6995,11,0,0,0,3,0,0,0,1,157,4,7,36.36,0,0,0,0,0,0,0,0
pbt,bintrie,5,4,storage_sload_k700,2,,1561,15900304,1,377.5215,66.255,101.9605,0.8429,547.9172,29.0195,707,703,701,19757,2,0,0,0,0,0,272,435,38.47,272,431,38.69,701,0,100,19757,0
pbt,bintrie,5,4,storage_sload_k700,2,,1562,21000,1,0.1006,0.7128,6.6565,0.7668,9.1514,2.2947,6,0,0,0,2,0,0,0,0,0,2,4,33.33,0,0,0,0,0,0,0,0
pbt,bintrie,5,4,storage_sload_k700,2,,1563,0,0,0.091,1.0366,0.0055,0.4993,2.1524,0,4,0,0,0,0,0,0,0,0,0,0,4,0,0,0,0,0,0,0,0,0
pbt,bintrie,5,4,storage_sload_k700,3,,1564,0,0,0.04,0.3771,0.0023,0.2403,1.0351,0,4,0,0,0,0,0,0,0,0,0,0,4,0,0,0,0,0,0,0,0,0
pbt,bintrie,5,4,storage_sload_k700,3,,1565,0,0,0.0405,0.5288,0.0035,0.1805,0.9704,0,4,0,0,0,0,0,0,0,0,0,0,4,0,0,0,0,0,0,0,0,0
pbt,bintrie,5,4,storage_sload_k700,3,,1566,0,0,0.0642,1.4306,0.0041,0.2351,2.0075,0,4,0,0,0,0,0,0,0,0,0,0,4,0,0,0,0,0,0,0,0,0
pbt,bintrie,5,4,storage_sload_k700,3,,1567,0,0,0.0764,1.1267,0.0055,0.2704,1.9425,0,4,0,0,0,0,0,0,0,0,0,0,4,0,0,0,0,0,0,0,0,0
pbt,bintrie,5,4,storage_sload_k700,3,,1568,0,0,0.072,1.1147,0.0041,0.3646,1.8459,0,4,0,0,0,0,0,0,0,0,0,0,4,0,0,0,0,0,0,0,0,0
pbt,bintrie,5,4,storage_sload_k700,3,,1569,0,0,0.0257,0.4681,0.002,0.1245,0.8035,0,4,0,0,0,0,0,0,0,0,0,0,4,0,0,0,0,0,0,0,0,0
pbt,bintrie,5,4,storage_sload_k700,3,,1570,86864,2,0.2237,3.1044,42.8479,4.3273,56.6857,1.5324,11,0,0,0,3,0,0,0,1,157,5,6,45.45,0,0,0,0,0,0,0,0
pbt,bintrie,5,4,storage_sload_k700,3,,1571,15900304,1,430.0913,31.7287,8.4018,3.4614,481.9944,32.9886,707,703,701,19757,2,0,0,0,0,0,91,616,12.87,126,577,17.92,701,0,100,19757,0
pbt,bintrie,5,4,storage_sload_k700,3,,1572,21000,1,1.8675,1.9917,104.5064,0.6886,121.5524,0.1728,6,0,0,0,2,0,0,0,0,0,2,4,33.33,0,0,0,0,0,0,0,0
pbt,bintrie,5,4,storage_sload_k700,3,,1573,0,0,0.1275,2.3484,0.0096,1.2996,5.8125,0,4,0,0,0,0,0,0,0,0,0,0,4,0,0,0,0,0,0,0,0,0
pbt,bintrie,5,4,storage_sload_k700,4,,1574,0,0,0.0397,0.3827,0.0015,0.1222,0.7344,0,4,0,0,0,0,0,0,0,0,0,0,4,0,0,0,0,0,0,0,0,0
pbt,bintrie,5,4,storage_sload_k700,4,,1575,0,0,0.0335,0.3917,0.0012,0.1388,0.8901,0,4,0,0,0,0,0,0,0,0,0,0,4,0,0,0,0,0,0,0,0,0
pbt,bintrie,5,4,storage_sload_k700,4,,1576,0,0,0.1377,1.8917,0.0082,0.504,18.1975,0,4,0,0,0,0,0,0,0,0,0,0,4,0,0,0,0,0,0,0,0,0
pbt,bintrie,5,4,storage_sload_k700,4,,1577,0,0,0.0321,0.3614,0.0012,0.1785,0.7956,0,4,0,0,0,0,0,0,0,0,0,0,4,0,0,0,0,0,0,0,0,0
pbt,bintrie,5,4,storage_sload_k700,4,,1578,0,0,0.0869,1.281,0.0061,0.3771,2.0419,0,4,0,0,0,0,0,0,0,0,0,0,4,0,0,0,0,0,0,0,0,0
pbt,bintrie,5,4,storage_sload_k700,4,,1579,0,0,0.0324,0.5224,0.0032,0.1342,0.8805,0,4,0,0,0,0,0,0,0,0,0,0,4,0,0,0,0,0,0,0,0,0
pbt,bintrie,5,4,storage_sload_k700,4,,1580,86864,2,0.4591,7.9985,91.1152,1.5694,101.4504,0.8562,11,0,0,0,3,0,0,0,1,157,6,5,54.55,0,0,0,0,0,0,0,0
pbt,bintrie,5,4,storage_sload_k700,4,,1581,15900304,1,441.4806,22.0197,9.1205,3.9771,490.4344,32.4209,707,703,701,19757,2,0,0,0,0,0,352,355,49.79,354,349,50.36,701,0,100,19757,0
pbt,bintrie,5,4,storage_sload_k700,4,,1582,21000,1,0.2123,1.6035,109.8788,0.7627,114.8373,0.1829,6,0,0,0,2,0,0,0,0,0,2,4,33.33,0,0,0,0,0,0,0,0
pbt,bintrie,5,4,storage_sload_k700,4,,1583,0,0,0.1286,1.4583,0.009,0.7834,3.3727,0,4,0,0,0,0,0,0,0,0,0,0,4,0,0,0,0,0,0,0,0,0
pbt,bintrie,5,4,storage_sload_k700,5,,1584,0,0,0.0505,0.4045,0.002,0.1327,0.7924,0,4,0,0,0,0,0,0,0,0,0,0,4,0,0,0,0,0,0,0,0,0
pbt,bintrie,5,4,storage_sload_k700,5,,1585,0,0,0.037,0.4935,0.0029,0.1385,0.9211,0,4,0,0,0,0,0,0,0,0,0,0,4,0,0,0,0,0,0,0,0,0
pbt,bintrie,5,4,storage_sload_k700,5,,1586,0,0,0.0598,0.8391,0.0061,0.4305,2.599,0,4,0,0,0,0,0,0,0,0,0,0,4,0,0,0,0,0,0,0,0,0
pbt,bintrie,5,4,storage_sload_k700,5,,1587,0,0,0.0242,0.3573,0.0018,0.1202,0.6449,0,4,0,0,0,0,0,0,0,0,0,0,4,0,0,0,0,0,0,0,0,0
pbt,bintrie,5,4,storage_sload_k700,5,,1588,0,0,0.0405,0.4847,0.0029,0.1625,0.8805,0,4,0,0,0,0,0,0,0,0,0,0,4,0,0,0,0,0,0,0,0,0
pbt,bintrie,5,4,storage_sload_k700,5,,1589,0,0,0.0575,0.6355,0.0067,4.2366,18.7006,0,4,0,0,0,0,0,0,0,0,0,0,4,0,0,0,0,0,0,0,0,0
pbt,bintrie,5,4,storage_sload_k700,5,,1590,86864,2,0.1922,2.3904,17.3423,4.514,24.8581,3.4944,11,0,0,0,3,0,0,0,1,157,5,6,45.45,0,0,0,0,0,0,0,0
pbt,bintrie,5,4,storage_sload_k700,5,,1591,15900304,1,339.3961,30.6689,21.644,3.7047,395.8062,40.1719,707,703,701,19757,2,0,0,0,0,0,87,620,12.31,118,585,16.79,701,0,100,19757,0
pbt,bintrie,5,4,storage_sload_k700,5,,1592,21000,1,0.2663,21.658,98.0351,0.7962,122.2924,0.1717,6,0,0,0,2,0,0,0,0,0,2,4,33.33,0,0,0,0,0,0,0,0
pbt,bintrie,5,4,storage_sload_k700,5,,1593,0,0,0.1205,1.5989,0.0102,0.7169,3.5183,0,4,0,0,0,0,0,0,0,0,0,0,4,0,0,0,0,0,0,0,0,0
pbt,bintrie,5,4,storage_sload_k700,6,,1595,0,0,0.0712,0.546,0.0026,0.2351,1.1165,0,4,0,0,0,0,0,0,0,0,0,0,4,0,0,0,0,0,0,0,0,0
pbt,bintrie,5,4,storage_sload_k700,6,,1596,0,0,0.0528,0.7574,0.0044,1.6645,3.3007,0,4,0,0,0,0,0,0,0,0,0,0,4,0,0,0,0,0,0,0,0,0
pbt,bintrie,5,4,storage_sload_k700,6,,1597,0,0,0.086,1.3171,0.0073,0.2354,1.96,0,4,0,0,0,0,0,0,0,0,0,0,4,0,0,0,0,0,0,0,0,0
pbt,bintrie,5,4,storage_sload_k700,6,,1598,0,0,0.0852,1.2474,0.0061,0.3984,2.1807,0,4,0,0,0,0,0,0,0,0,0,0,4,0,0,0,0,0,0,0,0,0
pbt,bintrie,5,4,storage_sload_k700,6,,1599,0,0,0.0429,0.5504,0.0029,0.1514,0.9849,0,4,0,0,0,0,0,0,0,0,0,0,4,0,0,0,0,0,0,0,0,0
pbt,bintrie,5,4,storage_sload_k700,6,,1600,0,0,0.8957,2.1694,0.0102,0.6128,36.7348,0,4,0,0,0,0,0,0,0,0,0,0,4,0,0,0,0,0,0,0,0,0
pbt,bintrie,5,4,storage_sload_k700,6,,1601,86864,2,0.1808,2.6976,68.4422,3.7787,78.127,1.1118,11,0,0,0,3,0,0,0,1,157,4,7,36.36,0,0,0,0,0,0,0,0
pbt,bintrie,5,4,storage_sload_k700,6,,1602,15900304,1,425.1503,26.6288,5.7533,17.2137,476.1892,33.3907,707,703,701,19757,2,0,0,0,0,0,292,415,41.3,295,408,41.96,701,0,100,19757,0
pbt,bintrie,5,4,storage_sload_k700,6,,1603,21000,1,0.2272,1.7721,102.0859,0.7049,120.0276,0.175,6,0,0,0,2,0,0,0,0,0,2,4,33.33,0,0,0,0,0,0,0,0
pbt,bintrie,5,4,storage_sload_k700,6,,1604,0,0,0.0925,3.0747,0.0079,0.6504,4.752,0,4,0,0,0,0,0,0,0,0,0,0,4,0,0,0,0,0,0,0,0,0
pbt,bintrie,5,4,storage_sload_k700,6,,1605,0,0,0.1237,1.6102,0.0105,0.7359,3.5813,0,4,0,0,0,0,0,0,0,0,0,0,4,0,0,0,0,0,0,0,0,0
pbt,bintrie,5,4,storage_sload_k700,7,,1606,0,0,0.0528,0.5702,0.0023,0.2167,1.0549,0,4,0,0,0,0,0,0,0,0,0,0,4,0,0,0,0,0,0,0,0,0
pbt,bintrie,5,4,storage_sload_k700,7,,1607,0,0,0.0359,0.4016,0.002,0.334,1.1066,0,4,0,0,0,0,0,0,0,0,0,0,4,0,0,0,0,0,0,0,0,0
pbt,bintrie,5,4,storage_sload_k700,7,,1608,0,0,0.0286,0.5069,0.0023,0.1531,0.847,0,4,0,0,0,0,0,0,0,0,0,0,4,0,0,0,0,0,0,0,0,0
pbt,bintrie,5,4,storage_sload_k700,7,,1609,0,0,0.084,1.722,0.005,0.3124,2.5252,0,4,0,0,0,0,0,0,0,0,0,0,4,0,0,0,0,0,0,0,0,0
pbt,bintrie,5,4,storage_sload_k700,7,,1610,0,0,0.1394,1.6788,0.0105,0.4209,2.9408,0,4,0,0,0,0,0,0,0,0,0,0,4,0,0,0,0,0,0,0,0,0
pbt,bintrie,5,4,storage_sload_k700,7,,1611,0,0,0.1797,2.067,0.0085,7.421,30.4282,0,4,0,0,0,0,0,0,0,0,0,0,4,0,0,0,0,0,0,0,0,0
pbt,bintrie,5,4,storage_sload_k700,7,,1612,86864,2,1.2667,3.3001,43.0929,4.7532,53.6463,1.6192,11,0,0,0,3,0,0,0,1,157,4,7,36.36,0,0,0,0,0,0,0,0
pbt,bintrie,5,4,storage_sload_k700,7,,1613,15900304,1,388.721,51.2731,114.408,0.7574,557.8199,28.5044,707,703,701,19757,2,0,0,0,0,0,248,459,35.08,251,452,35.7,701,0,100,19757,0
pbt,bintrie,5,4,storage_sload_k700,7,,1614,21000,1,0.2584,3.2339,100.0093,0.7939,116.5928,0.1801,6,0,0,0,2,0,0,0,0,0,2,4,33.33,0,0,0,0,0,0,0,0
pbt,bintrie,5,4,storage_sload_k700,7,,1615,0,0,0.1085,1.8532,0.005,1.0033,4.715,0,4,0,0,0,0,0,0,0,0,0,0,4,0,0,0,0,0,0,0,0,0
pbt,bintrie,5,4,storage_sload_k700,8,,1616,0,0,0.0537,0.4661,0.0023,0.2992,1.3451,0,4,0,0,0,0,0,0,0,0,0,0,4,0,0,0,0,0,0,0,0,0
pbt,bintrie,5,4,storage_sload_k700,8,,1617,0,0,0.0397,0.4179,0.0023,0.1476,0.8225,0,4,0,0,0,0,0,0,0,0,0,0,4,0,0,0,0,0,0,0,0,0
pbt,bintrie,5,4,storage_sload_k700,8,,1618,0,0,0.1324,1.9197,0.0061,3.495,6.1307,0,4,0,0,0,0,0,0,0,0,0,0,4,0,0,0,0,0,0,0,0,0
pbt,bintrie,5,4,storage_sload_k700,8,,1619,0,0,0.0502,0.5833,0.0035,0.1899,1.0625,0,4,0,0,0,0,0,0,0,0,0,0,4,0,0,0,0,0,0,0,0,0
pbt,bintrie,5,4,storage_sload_k700,8,,1620,0,0,0.0738,1.1486,0.0061,0.2689,1.8824,0,4,0,0,0,0,0,0,0,0,0,0,4,0,0,0,0,0,0,0,0,0
pbt,bintrie,5,4,storage_sload_k700,8,,1621,0,0,0.0951,1.0745,0.0023,0.1298,15.1275,0,4,0,0,0,0,0,0,0,0,0,0,4,0,0,0,0,0,0,0,0,0
pbt,bintrie,5,4,storage_sload_k700,8,,1622,86864,2,0.2307,1.5872,5.7469,1.5822,9.4159,9.2252,11,0,0,0,3,0,0,0,1,157,5,6,45.45,0,0,0,0,0,0,0,0
pbt,bintrie,5,4,storage_sload_k700,8,,1623,15900304,1,354.8794,23.2829,6.6802,9.3579,394.8814,40.266,707,703,701,19757,2,0,0,0,0,0,188,519,26.59,181,522,25.75,701,0,100,19757,0
pbt,bintrie,5,4,storage_sload_k700,8,,1624,21000,1,0.5483,1.7885,81.9297,17.3135,126.1881,0.1664,6,0,0,0,2,0,0,0,0,0,2,4,33.33,0,0,0,0,0,0,0,0
pbt,bintrie,5,4,storage_sload_k700,8,,1625,0,0,0.1925,1.3381,0.0805,0.7119,3.3243,0,4,0,0,0,0,0,0,0,0,0,0,4,0,0,0,0,0,0,0,0,0
pbt,bintrie,5,4,storage_sload_k700,9,,1626,0,0,0.0712,0.5323,0.0023,0.2424,1.0917,0,4,0,0,0,0,0,0,0,0,0,0,4,0,0,0,0,0,0,0,0,0
pbt,bintrie,5,4,storage_sload_k700,9,,1627,0,0,0.3001,2.3913,0.0128,0.8794,5.2534,0,4,0,0,0,0,0,0,0,0,0,0,4,0,0,0,0,0,0,0,0,0
pbt,bintrie,5,4,storage_sload_k700,9,,1628,0,0,0.0898,1.3755,0.0064,0.3538,2.2102,0,4,0,0,0,0,0,0,0,0,0,0,4,0,0,0,0,0,0,0,0,0
pbt,bintrie,5,4,storage_sload_k700,9,,1629,0,0,0.0659,1.1623,0.0026,0.268,1.9669,0,4,0,0,0,0,0,0,0,0,0,0,4,0,0,0,0,0,0,0,0,0
pbt,bintrie,5,4,storage_sload_k700,9,,1630,0,0,0.0738,1.0993,0.0064,0.3675,1.8727,0,4,0,0,0,0,0,0,0,0,0,0,4,0,0,0,0,0,0,0,0,0
pbt,bintrie,5,4,storage_sload_k700,9,,1631,0,0,0.0551,0.8309,0.0029,0.1304,5.7296,0,4,0,0,0,0,0,0,0,0,0,0,4,0,0,0,0,0,0,0,0,0
pbt,bintrie,5,4,storage_sload_k700,9,,1632,86864,2,0.2957,1.4962,78.8098,2.4225,92.9961,0.9341,11,0,0,0,3,0,0,0,1,157,5,6,45.45,0,0,0,0,0,0,0,0
pbt,bintrie,5,4,storage_sload_k700,9,,1633,0,0,0.0685,1.0403,0.0029,0.2689,1.7432,0,4,0,0,0,0,0,0,0,0,0,0,4,0,0,0,0,0,0,0,0,0
pbt,bintrie,5,4,storage_sload_k700,9,,1634,15900304,1,377.3483,20.1353,7.5747,6.8697,412.3687,38.5585,707,703,701,19757,2,0,0,0,0,0,81,626,11.46,92,611,13.09,701,0,100,19757,0
pbt,bintrie,5,4,storage_sload_k700,9,,1635,21000,1,0.6676,0.8143,91.5696,0.7691,96.8407,0.2169,6,0,0,0,2,0,0,0,0,0,2,4,33.33,0,0,0,0,0,0,0,0
pbt,bintrie,5,4,storage_sload_k700,9,,1636,0,0,0.0764,1.1856,0.0052,0.6349,2.9291,0,4,0,0,0,0,0,0,0,0,0,0,4,0,0,0,0,0,0,0,0,0
pbt,bintrie,5,4,storage_sload_k700,9,,1637,0,0,0.1248,1.4055,0.0076,0.6364,3.2835,0,4,0,0,0,0,0,0,0,0,0,0,4,0,0,0,0,0,0,0,0,0
pbt,bintrie,5,4,storage_sstore_k1,10,,1851,0,0,0.1175,1.3623,0.0073,0.4206,2.3531,0,4,0,0,0,0,0,0,0,0,0,0,4,0,0,0,0,0,0,0,0,0
pbt,bintrie,5,4,storage_sstore_k1,10,,1852,0,0,0.0945,1.0351,0.0058,0.7396,3.0828,0,4,0,0,0,0,0,0,0,0,0,0,4,0,0,0,0,0,0,0,0,0
pbt,bintrie,5,4,storage_sstore_k1,10,,1853,0,0,0.0341,0.4118,0.0026,0.0843,0.7175,0,4,0,0,0,0,0,0,0,0,0,0,4,0,0,0,0,0,0,0,0,0
pbt,bintrie,5,4,storage_sstore_k1,10,,1854,0,0,0.0353,0.3748,0.0018,0.1452,0.7811,0,4,0,0,0,0,0,0,0,0,0,0,4,0,0,0,0,0,0,0,0,0
pbt,bintrie,5,4,storage_sstore_k1,10,,1855,0,0,0.1161,1.505,0.0146,0.6262,2.8959,0,4,0,0,0,0,0,0,0,0,0,0,4,0,0,0,0,0,0,0,0,0
pbt,bintrie,5,4,storage_sstore_k1,10,,1856,0,0,0.0312,0.4903,0.002,0.1117,0.9289,0,4,0,0,0,0,0,0,0,0,0,0,4,0,0,0,0,0,0,0,0,0
pbt,bintrie,5,4,storage_sstore_k1,10,,1857,86918,2,0.5813,4.8631,74.1406,1.7345,91.399,0.951,11,0,0,0,3,0,0,0,1,163,5,6,45.45,0,0,0,0,0,0,0,0
pbt,bintrie,5,4,storage_sstore_k1,10,,1858,15904313,1,14.8108,39.5306,18.0945,22.4481,97.0169,163.9334,8,702,2,191,3,0,702,0,0,0,0,8,0,51,651,7.26,2,0,100,191,0
pbt,bintrie,5,4,storage_sstore_k1,10,,1859,21000,1,0.3625,5.375,104.6251,0.6869,118.2062,0.1777,6,0,0,0,2,0,0,0,0,0,0,6,0,0,0,0,0,0,0,0,0
pbt,bintrie,5,4,storage_sstore_k1,10,,1860,0,0,0.0951,1.4487,0.0096,0.6446,3.4425,0,4,0,0,0,0,0,0,0,0,0,0,4,0,0,0,0,0,0,0,0,0
pbt,bintrie,5,4,storage_sstore_k1,10,,1861,0,0,0.0971,2.0049,0.0058,0.8747,4.5802,0,4,0,0,0,0,0,0,0,0,0,0,4,0,0,0,0,0,0,0,0,0
pbt,bintrie,5,4,storage_sstore_k1,11,,1862,0,0,0.1951,2.0754,0.0082,0.8289,4.2547,0,4,0,0,0,0,0,0,0,0,0,0,4,0,0,0,0,0,0,0,0,0
pbt,bintrie,5,4,storage_sstore_k1,11,,1863,0,0,0.0429,0.756,0.0041,0.2342,1.3428,0,4,0,0,0,0,0,0,0,0,0,0,4,0,0,0,0,0,0,0,0,0
pbt,bintrie,5,4,storage_sstore_k1,11,,1864,0,0,0.0376,0.5693,0.0023,0.1339,0.9473,0,4,0,0,0,0,0,0,0,0,0,0,4,0,0,0,0,0,0,0,0,0
pbt,bintrie,5,4,storage_sstore_k1,11,,1865,0,0,0.0703,1.171,0.0038,0.3549,2.0623,0,4,0,0,0,0,0,0,0,0,0,0,4,0,0,0,0,0,0,0,0,0
pbt,bintrie,5,4,storage_sstore_k1,11,,1866,0,0,0.0659,1.1515,0.0052,0.4124,1.9576,0,4,0,0,0,0,0,0,0,0,0,0,4,0,0,0,0,0,0,0,0,0
pbt,bintrie,5,4,storage_sstore_k1,11,,1867,0,0,0.0528,0.553,0.0026,0.1161,0.9173,0,4,0,0,0,0,0,0,0,0,0,0,4,0,0,0,0,0,0,0,0,0
pbt,bintrie,5,4,storage_sstore_k1,11,,1868,86918,2,0.2161,3.7195,21.5804,1.7287,29.9304,2.904,11,0,0,0,3,0,0,0,1,163,5,6,45.45,0,0,0,0,0,0,0,0
pbt,bintrie,5,4,storage_sstore_k1,11,,1869,15904313,1,60.9824,36.724,17.6471,6.9015,133.5303,119.1064,8,702,2,191,3,0,702,0,0,0,0,8,0,578,124,82.34,2,0,100,191,0
pbt,bintrie,5,4,storage_sstore_k1,11,,1870,21000,1,0.2634,4.1025,109.812,0.7271,121.4273,0.1729,6,0,0,0,2,0,0,0,0,0,2,4,33.33,0,0,0,0,0,0,0,0
pbt,bintrie,5,4,storage_sstore_k1,11,,1871,0,0,0.1374,1.5785,0.0047,0.7825,3.4643,0,4,0,0,0,0,0,0,0,0,0,0,4,0,0,0,0,0,0,0,0,0
pbt,bintrie,5,4,storage_sstore_k1,11,,1872,0,0,0.0962,1.92,0.0067,0.8986,4.4414,0,4,0,0,0,0,0,0,0,0,0,0,4,0,0,0,0,0,0,0,0,0
pbt,bintrie,5,4,storage_sstore_k1,12,,1873,0,0,0.086,0.658,0.0047,0.3456,1.6041,0,4,0,0,0,0,0,0,0,0,0,0,4,0,0,0,0,0,0,0,0,0
pbt,bintrie,5,4,storage_sstore_k1,12,,1874,0,0,0.0849,1.2547,0.0064,0.3191,1.9655,0,4,0,0,0,0,0,0,0,0,0,0,4,0,0,0,0,0,0,0,0,0
pbt,bintrie,5,4,storage_sstore_k1,12,,1875,0,0,0.0309,0.3293,0.0009,0.1403,0.6874,0,4,0,0,0,0,0,0,0,0,0,0,4,0,0,0,0,0,0,0,0,0
pbt,bintrie,5,4,storage_sstore_k1,12,,1876,0,0,0.0227,0.3619,0.002,0.1237,0.6242,0,4,0,0,0,0,0,0,0,0,0,0,4,0,0,0,0,0,0,0,0,0
pbt,bintrie,5,4,storage_sstore_k1,12,,1877,0,0,0.0303,0.3739,0.002,0.2021,0.8021,0,4,0,0,0,0,0,0,0,0,0,0,4,0,0,0,0,0,0,0,0,0
pbt,bintrie,5,4,storage_sstore_k1,12,,1878,0,0,0.1476,3.2937,0.0038,0.1502,16.276,0,4,0,0,0,0,0,0,0,0,0,0,4,0,0,0,0,0,0,0,0,0
pbt,bintrie,5,4,storage_sstore_k1,12,,1879,86918,2,0.4748,5.578,109.1476,1.6983,117.4943,0.7398,11,0,0,0,3,0,0,0,1,163,5,6,45.45,0,0,0,0,0,0,0,0
pbt,bintrie,5,4,storage_sstore_k1,12,,1880,15904313,1,22.0818,49.6897,14.7174,4.6744,91.4407,173.9304,8,702,2,191,3,0,702,0,0,0,2,6,25,270,432,38.46,2,0,100,191,0
pbt,bintrie,5,4,storage_sstore_k1,12,,1881,21000,1,0.0799,0.4973,6.1423,0.6752,7.5796,2.7706,6,0,0,0,2,0,0,0,0,0,2,4,33.33,0,0,0,0,0,0,0,0
pbt,bintrie,5,4,storage_sstore_k1,12,,1882,0,0,0.1199,1.1404,0.0158,1.6966,15.1289,0,4,0,0,0,0,0,0,0,0,0,0,4,0,0,0,0,0,0,0,0,0
pbt,bintrie,5,4,storage_sstore_k1,13,,1883,0,0,0.0709,1.6458,0.0082,1.4338,7.4875,0,4,0,0,0,0,0,0,0,0,0,0,4,0,0,0,0,0,0,0,0,0
pbt,bintrie,5,4,storage_sstore_k1,13,,1884,0,0,0.0321,0.3975,0.0026,0.1557,0.7697,0,4,0,0,0,0,0,0,0,0,0,0,4,0,0,0,0,0,0,0,0,0
pbt,bintrie,5,4,storage_sstore_k1,13,,1885,0,0,0.0939,1.5248,0.0055,0.3517,2.3753,0,4,0,0,0,0,0,0,0,0,0,0,4,0,0,0,0,0,0,0,0,0
pbt,bintrie,5,4,storage_sstore_k1,13,,1886,0,0,0.0808,1.3145,0.0064,0.2695,2.0218,0,4,0,0,0,0,0,0,0,0,0,0,4,0,0,0,0,0,0,0,0,0
pbt,bintrie,5,4,storage_sstore_k1,13,,1887,0,0,0.0957,0.8295,0.0053,0.2712,1.6234,0,4,0,0,0,0,0,0,0,0,0,0,4,0,0,0,0,0,0,0,0,0
pbt,bintrie,5,4,storage_sstore_k1,13,,1888,0,0,0.0268,0.4118,0.0026,0.147,0.7624,0,4,0,0,0,0,0,0,0,0,0,0,4,0,0,0,0,0,0,0,0,0
pbt,bintrie,5,4,storage_sstore_k1,13,,1889,86918,2,0.2838,1.9737,0.6224,2.6865,9.7222,8.9402,11,0,0,0,3,0,0,0,1,163,5,6,45.45,0,0,0,0,0,0,0,0
pbt,bintrie,5,4,storage_sstore_k1,13,,1890,15904313,1,15.2503,67.6005,3.2415,16.1328,102.7506,154.7855,8,702,2,191,3,0,702,0,0,0,0,8,0,0,702,0,2,0,100,191,0
pbt,bintrie,5,4,storage_sstore_k1,13,,1891,21000,1,0.289,3.1805,109.497,0.8059,119.2025,0.1762,6,0,0,0,2,0,0,0,0,0,2,4,33.33,0,0,0,0,0,0,0,0
pbt,bintrie,5,4,storage_sstore_k1,13,,1892,0,0,0.1493,1.6835,0.0108,0.9179,3.8581,0,4,0,0,0,0,0,0,0,0,0,0,4,0,0,0,0,0,0,0,0,0
pbt,bintrie,5,4,storage_sstore_k1,13,,1893,0,0,0.1102,1.556,0.0102,0.793,3.5839,0,4,0,0,0,0,0,0,0,0,0,0,4,0,0,0,0,0,0,0,0,0
pbt,bintrie,5,4,storage_sstore_k1,14,,1894,0,0,0.0948,0.6145,0.005,0.2173,1.1938,0,4,0,0,0,0,0,0,0,0,0,0,4,0,0,0,0,0,0,0,0,0
pbt,bintrie,5,4,storage_sstore_k1,14,,1895,0,0,0.0767,1.2008,0.0105,42.005,44.8744,0,4,0,0,0,0,0,0,0,0,0,0,4,0,0,0,0,0,0,0,0,0
pbt,bintrie,5,4,storage_sstore_k1,14,,1896,0,0,0.0849,1.6097,0.0172,0.3617,2.4205,0,4,0,0,0,0,0,0,0,0,0,0,4,0,0,0,0,0,0,0,0,0
pbt,bintrie,5,4,storage_sstore_k1,14,,1897,0,0,0.0373,0.5151,0.0032,0.205,0.9759,0,4,0,0,0,0,0,0,0,0,0,0,4,0,0,0,0,0,0,0,0,0
pbt,bintrie,5,4,storage_sstore_k1,14,,1898,0,0,0.0268,0.4194,0.0023,0.1613,0.7959,0,4,0,0,0,0,0,0,0,0,0,0,4,0,0,0,0,0,0,0,0,0
pbt,bintrie,5,4,storage_sstore_k1,14,,1899,0,0,0.0703,0.8047,0.0026,0.1937,1.2617,0,4,0,0,0,0,0,0,0,0,0,0,4,0,0,0,0,0,0,0,0,0
pbt,bintrie,5,4,storage_sstore_k1,14,,1900,86918,2,0.1412,2.1609,5.3511,2.3236,10.3734,8.3789,11,0,0,0,3,0,0,0,1,163,5,6,45.45,0,0,0,0,0,0,0,0
pbt,bintrie,5,4,storage_sstore_k1,14,,1901,15904313,1,42.4017,74.4078,26.7195,6.0554,150.4305,105.7253,8,702,2,191,3,0,702,0,0,0,3,5,37.5,495,207,70.51,2,0,100,191,0
pbt,bintrie,5,4,storage_sstore_k1,14,,1902,21000,1,0.1283,0.8082,99.2116,0.7181,117.13,0.1793,6,0,0,0,2,0,0,0,0,0,2,4,33.33,0,0,0,0,0,0,0,0
pbt,bintrie,5,4,storage_sstore_k1,14,,1903,0,0,0.0379,0.5512,0.0032,0.3774,1.5828,0,4,0,0,0,0,0,0,0,0,0,0,4,0,0,0,0,0,0,0,0,0
pbt,bintrie,5,4,storage_sstore_k1,14,,1904,0,0,0.0443,0.6058,0.0061,0.9598,2.5217,0,4,0,0,0,0,0,0,0,0,0,0,4,0,0,0,0,0,0,0,0,0
pbt,bintrie,5,4,storage_sstore_k1,15,,1905,0,0,0.0566,0.5253,0.0026,0.2316,1.0774,0,4,0,0,0,0,0,0,0,0,0,0,4,0,0,0,0,0,0,0,0,0
pbt,bintrie,5,4,storage_sstore_k1,15,,1906,0,0,0.0843,1.3259,0.0087,0.6466,3.0493,0,4,0,0,0,0,0,0,0,0,0,0,4,0,0,0,0,0,0,0,0,0
pbt,bintrie,5,4,storage_sstore_k1,15,,1907,0,0,0.0373,0.5329,0.0035,0.1123,0.8339,0,4,0,0,0,0,0,0,0,0,0,0,4,0,0,0,0,0,0,0,0,0
pbt,bintrie,5,4,storage_sstore_k1,15,,1908,0,0,0.0688,1.1806,0.0032,0.3211,1.9057,0,4,0,0,0,0,0,0,0,0,0,0,4,0,0,0,0,0,0,0,0,0
pbt,bintrie,5,4,storage_sstore_k1,15,,1909,0,0,0.0242,0.3617,0.0012,0.1674,0.7388,0,4,0,0,0,0,0,0,0,0,0,0,4,0,0,0,0,0,0,0,0,0
pbt,bintrie,5,4,storage_sstore_k1,15,,1910,0,0,0.0277,0.4856,0.002,0.0974,0.7475,0,4,0,0,0,0,0,0,0,0,0,0,4,0,0,0,0,0,0,0,0,0
pbt,bintrie,5,4,storage_sstore_k1,15,,1911,86918,2,0.8913,1.8328,102.0428,1.7858,107.0704,0.8118,11,0,0,0,3,0,0,0,1,163,4,7,36.36,0,0,0,0,0,0,0,0
pbt,bintrie,5,4,storage_sstore_k1,15,,1912,0,0,0.0391,0.6431,0.0015,0.1715,1.0765,0,4,0,0,0,0,0,0,0,0,0,0,4,0,0,0,0,0,0,0,0,0
pbt,bintrie,5,4,storage_sstore_k1,15,,1913,15904313,1,13.7931,18.3004,20.3803,6.2581,58.9184,269.9382,8,702,2,191,3,0,702,0,0,0,0,8,0,41,661,5.84,2,0,100,191,0
pbt,bintrie,5,4,storage_sstore_k1,15,,1914,21000,1,0.2322,2.8661,101.4043,0.7662,110.1022,0.1907,6,0,0,0,2,0,0,0,0,0,2,4,33.33,0,0,0,0,0,0,0,0
pbt,bintrie,5,4,storage_sstore_k1,15,,1915,0,0,0.1158,1.6082,0.0099,0.7361,3.5676,0,4,0,0,0,0,0,0,0,0,0,0,4,0,0,0,0,0,0,0,0,0
pbt,bintrie,5,4,storage_sstore_k1,15,,1916,0,0,0.0327,0.4597,0.0018,0.3654,1.4886,0,4,0,0,0,0,0,0,0,0,0,0,4,0,0,0,0,0,0,0,0,0
pbt,bintrie,5,4,storage_sstore_k1,16,,1917,0,0,0.126,1.3839,0.0076,0.7959,3.0753,0,4,0,0,0,0,0,0,0,0,0,0,4,0,0,0,0,0,0,0,0,0
pbt,bintrie,5,4,storage_sstore_k1,16,,1918,0,0,0.0461,0.7563,0.0029,0.2683,1.3597,0,4,0,0,0,0,0,0,0,0,0,0,4,0,0,0,0,0,0,0,0,0
pbt,bintrie,5,4,storage_sstore_k1,16,,1919,0,0,0.0782,1.5817,0.0055,0.2771,2.2108,0,4,0,0,0,0,0,0,0,0,0,0,4,0,0,0,0,0,0,0,0,0
pbt,bintrie,5,4,storage_sstore_k1,16,,1920,0,0,0.0367,0.5203,0.0041,0.1779,0.9464,0,4,0,0,0,0,0,0,0,0,0,0,4,0,0,0,0,0,0,0,0,0
pbt,bintrie,5,4,storage_sstore_k1,16,,1921,0,0,0.035,0.5063,0.0017,0.1534,0.8945,0,4,0,0,0,0,0,0,0,0,0,0,4,0,0,0,0,0,0,0,0,0
pbt,bintrie,5,4,storage_sstore_k1,16,,1922,0,0,0.0286,0.3867,0.002,1.3868,2.3875,0,4,0,0,0,0,0,0,0,0,0,0,4,0,0,0,0,0,0,0,0,0
pbt,bintrie,5,4,storage_sstore_k1,16,,1923,86918,2,0.4352,6.1359,27.9885,4.213,48.9518,1.7756,11,0,0,0,3,0,0,0,1,163,5,6,45.45,0,0,0,0,0,0,0,0
pbt,bintrie,5,4,storage_sstore_k1,16,,1924,0,0,0.0796,1.4945,0.0058,0.4503,2.3438,0,4,0,0,0,0,0,0,0,0,0,0,4,0,0,0,0,0,0,0,0,0
pbt,bintrie,5,4,storage_sstore_k1,16,,1925,15904313,1,41.3083,18.8164,30.1191,7.3819,110.9285,143.3745,8,702,2,191,3,0,702,0,0,0,3,5,37.5,444,258,63.25,2,0,100,191,0
pbt,bintrie,5,4,storage_sstore_k1,16,,1926,21000,1,0.2823,4.2515,95.0196,0.7571,114.256,0.1838,6,0,0,0,2,0,0,0,0,0,2,4,33.33,0,0,0,0,0,0,0,0
pbt,bintrie,5,4,storage_sstore_k1,16,,1927,0,0,0.119,1.6321,0.0085,0.6737,3.6697,0,4,0,0,0,0,0,0,0,0,0,0,4,0,0,0,0,0,0,0,0,0
pbt,bintrie,5,4,storage_sstore_k1,16,,1928,0,0,0.0338,0.4512,0.0026,0.3383,1.4484,0,4,0,0,0,0,0,0,0,0,0,0,4,0,0,0,0,0,0,0,0,0
pbt,bintrie,5,4,storage_sstore_k1,17,,1929,0,0,0.0621,0.532,0.0073,0.9648,4.3276,0,4,0,0,0,0,0,0,0,0,0,0,4,0,0,0,0,0,0,0,0,0
pbt,bintrie,5,4,storage_sstore_k1,17,,1930,0,0,0.0408,0.7175,0.0035,0.1619,1.1871,0,4,0,0,0,0,0,0,0,0,0,0,4,0,0,0,0,0,0,0,0,0
pbt,bintrie,5,4,storage_sstore_k1,17,,1931,0,0,0.0782,1.2501,0.005,0.3786,2.1303,0,4,0,0,0,0,0,0,0,0,0,0,4,0,0,0,0,0,0,0,0,0
pbt,bintrie,5,4,storage_sstore_k1,17,,1932,0,0,0.0542,1.1844,0.0035,0.2135,1.9591,0,4,0,0,0,0,0,0,0,0,0,0,4,0,0,0,0,0,0,0,0,0
pbt,bintrie,5,4,storage_sstore_k1,17,,1933,0,0,0.0866,1.7654,0.0047,15.0239,17.4042,0,4,0,0,0,0,0,0,0,0,0,0,4,0,0,0,0,0,0,0,0,0
pbt,bintrie,5,4,storage_sstore_k1,17,,1934,0,0,0.0233,0.3838,0.0035,0.1164,0.6644,0,4,0,0,0,0,0,0,0,0,0,0,4,0,0,0,0,0,0,0,0,0
pbt,bintrie,5,4,storage_sstore_k1,17,,1935,86918,2,1.1538,34.02,32.2776,1.7902,71.1963,1.2208,11,0,0,0,3,0,0,0,1,163,4,7,36.36,0,0,0,0,0,0,0,0
pbt,bintrie,5,4,storage_sstore_k1,17,,1936,15904313,1,13.6814,16.5832,84.169,4.2845,121.7872,130.591,8,702,2,191,3,0,702,0,0,0,2,6,25,50,652,7.12,2,0,100,191,0
pbt,bintrie,5,4,storage_sstore_k1,17,,1937,21000,1,0.0653,0.5842,3.2829,0.5929,4.7115,4.4572,6,0,0,0,2,0,0,0,0,0,2,4,33.33,0,0,0,0,0,0,0,0
pbt,bintrie,5,4,storage_sstore_k1,17,,1938,0,0,0.0405,0.6481,0.0058,0.3479,1.47,0,4,0,0,0,0,0,0,0,0,0,0,4,0,0,0,0,0,0,0,0,0
pbt,bintrie,5,4,storage_sstore_k1,17,,1939,0,0,0.0755,1.7228,0.005,0.336,2.7387,0,4,0,0,0,0,0,0,0,0,0,0,4,0,0,0,0,0,0,0,0,0
pbt,bintrie,5,4,storage_sstore_k1,18,,1940,0,0,0.0432,0.455,0.0023,0.1584,0.8948,0,4,0,0,0,0,0,0,0,0,0,0,4,0,0,0,0,0,0,0,0,0
pbt,bintrie,5,4,storage_sstore_k1,18,,1941,0,0,0.1598,1.6012,0.0099,0.8123,4.2617,0,4,0,0,0,0,0,0,0,0,0,0,4,0,0,0,0,0,0,0,0,0
pbt,bintrie,5,4,storage_sstore_k1,18,,1942,0,0,0.1485,1.7395,0.0052,0.2657,5.3867,0,4,0,0,0,0,0,0,0,0,0,0,4,0,0,0,0,0,0,0,0,0
pbt,bintrie,5,4,storage_sstore_k1,18,,1943,0,0,0.0382,0.4996,0.0026,0.1709,0.8948,0,4,0,0,0,0,0,0,0,0,0,0,4,0,0,0,0,0,0,0,0,0
pbt,bintrie,5,4,storage_sstore_k1,18,,1944,0,0,0.1333,2.1352,0.0061,0.4144,3.1024,0,4,0,0,0,0,0,0,0,0,0,0,4,0,0,0,0,0,0,0,0,0
pbt,bintrie,5,4,storage_sstore_k1,18,,1945,0,0,0.1181,1.6502,0.005,0.31,2.433,0,4,0,0,0,0,0,0,0,0,0,0,4,0,0,0,0,0,0,0,0,0
pbt,bintrie,5,4,storage_sstore_k1,18,,1946,86918,2,0.6139,1.0803,0.5836,4.0234,6.8904,12.6143,11,0,0,0,3,0,0,0,1,163,4,7,36.36,0,0,0,0,0,0,0,0
pbt,bintrie,5,4,storage_sstore_k1,18,,1947,15904313,1,22.2005,84.6269,6.5938,4.1209,120.0842,132.443,8,702,2,191,3,0,702,0,0,0,1,7,12.5,164,538,23.36,2,0,100,191,0
pbt,bintrie,5,4,storage_sstore_k1,18,,1948,21000,1,0.2012,3.7119,99.5561,0.7023,108.5374,0.1935,6,0,0,0,2,0,0,0,0,0,2,4,33.33,0,0,0,0,0,0,0,0
pbt,bintrie,5,4,storage_sstore_k1,18,,1949,0,0,0.042,0.4862,0.0047,0.4074,1.6899,0,4,0,0,0,0,0,0,0,0,0,0,4,0,0,0,0,0,0,0,0,0
pbt,bintrie,5,4,storage_sstore_k1,18,,1950,0,0,0.0942,1.4886,0.0099,0.6761,3.3351,0,4,0,0,0,0,0,0,0,0,0,0,4,0,0,0,0,0,0,0,0,0
pbt,bintrie,5,4,storage_sstore_k1,19,,1951,0,0,0.0965,0.8324,0.0047,0.4839,2.2035,0,4,0,0,0,0,0,0,0,0,0,0,4,0,0,0,0,0,0,0,0,0
pbt,bintrie,5,4,storage_sstore_k1,19,,1952,0,0,0.103,1.9809,0.0058,0.5116,3.3538,0,4,0,0,0,0,0,0,0,0,0,0,4,0,0,0,0,0,0,0,0,0
pbt,bintrie,5,4,storage_sstore_k1,19,,1953,0,0,0.0522,0.6799,0.0055,3.3742,12.943,0,4,0,0,0,0,0,0,0,0,0,0,4,0,0,0,0,0,0,0,0,0
pbt,bintrie,5,4,storage_sstore_k1,19,,1954,0,0,0.0437,0.5159,0.0032,0.1525,0.9753,0,4,0,0,0,0,0,0,0,0,0,0,4,0,0,0,0,0,0,0,0,0
pbt,bintrie,5,4,storage_sstore_k1,19,,1955,0,0,0.0373,0.4961,0.0023,0.1788,0.9074,0,4,0,0,0,0,0,0,0,0,0,0,4,0,0,0,0,0,0,0,0,0
pbt,bintrie,5,4,storage_sstore_k1,19,,1956,0,0,0.061,0.7359,0.0117,4.4819,21.0409,0,4,0,0,0,0,0,0,0,0,0,0,4,0,0,0,0,0,0,0,0,0
pbt,bintrie,5,4,storage_sstore_k1,19,,1957,86918,2,1.8754,4.2124,99.687,1.6867,108.4721,0.8013,11,0,0,0,3,0,0,0,1,163,4,7,36.36,0,0,0,0,0,0,0,0
pbt,bintrie,5,4,storage_sstore_k1,19,,1958,15904313,1,19.911,86.6598,19.2028,12.6178,139.4367,114.0612,8,702,2,191,3,0,702,0,0,0,1,7,12.5,126,576,17.95,2,0,100,191,0
pbt,bintrie,5,4,storage_sstore_k1,19,,1959,0,0,0.0968,2.102,0.0064,0.4885,3.245,0,4,0,0,0,0,0,0,0,0,0,0,4,0,0,0,0,0,0,0,0,0
pbt,bintrie,5,4,storage_sstore_k1,19,,1960,21000,1,0.0612,0.5025,7.3192,2.3744,10.4306,2.0133,6,0,0,0,2,0,0,0,0,0,2,4,33.33,0,0,0,0,0,0,0,0
pbt,bintrie,5,4,storage_sstore_k1,19,,1961,0,0,0.0647,1.1331,0.0032,0.3902,1.9532,0,4,0,0,0,0,0,0,0,0,0,0,4,0,0,0,0,0,0,0,0,0
pbt,bintrie,5,4,storage_sstore_k1,19,,1962,0,0,0.1006,1.4787,0.0088,0.7636,3.2657,0,4,0,0,0,0,0,0,0,0,0,0,4,0,0,0,0,0,0,0,0,0
pbt,bintrie,5,4,storage_sstore_k1,1,,1753,0,0,0.0405,0.3789,0.0018,0.156,0.7332,0,4,0,0,0,0,0,0,0,0,0,0,4,0,0,0,0,0,0,0,0,0
pbt,bintrie,5,4,storage_sstore_k1,1,,1754,0,0,0.1091,1.4364,0.0079,0.6072,3.2013,0,4,0,0,0,0,0,0,0,0,0,0,4,0,0,0,0,0,0,0,0,0
pbt,bintrie,5,4,storage_sstore_k1,1,,1755,0,0,0.0309,0.4842,0.0018,0.0983,0.7665,0,4,0,0,0,0,0,0,0,0,0,0,4,0,0,0,0,0,0,0,0,0
pbt,bintrie,5,4,storage_sstore_k1,1,,1756,0,0,0.0426,0.4868,0.0026,0.1572,0.8951,0,4,0,0,0,0,0,0,0,0,0,0,4,0,0,0,0,0,0,0,0,0
pbt,bintrie,5,4,storage_sstore_k1,1,,1757,0,0,0.03,0.4031,0.0026,0.215,0.8735,0,4,0,0,0,0,0,0,0,0,0,0,4,0,0,0,0,0,0,0,0,0
pbt,bintrie,5,4,storage_sstore_k1,1,,1758,0,0,0.0367,0.4929,0.002,0.1636,0.8549,0,4,0,0,0,0,0,0,0,0,0,0,4,0,0,0,0,0,0,0,0,0
pbt,bintrie,5,4,storage_sstore_k1,1,,1759,86918,2,1.1185,2.3665,23.1744,16.7389,60.9947,1.425,11,0,0,0,3,0,0,0,1,163,4,7,36.36,0,0,0,0,0,0,0,0
pbt,bintrie,5,4,storage_sstore_k1,1,,1760,15904313,1,13.7447,108.7521,20.9265,6.924,151.5128,104.9701,8,702,2,191,3,0,702,0,0,0,0,8,0,109,593,15.53,2,0,100,191,0
pbt,bintrie,5,4,storage_sstore_k1,1,,1761,21000,1,0.0779,0.5775,16.2043,1.4108,120.9472,0.1736,6,0,0,0,2,0,0,0,0,0,0,6,0,0,0,0,0,0,0,0,0
pbt,bintrie,5,4,storage_sstore_k1,1,,1762,0,0,0.0662,1.2148,0.0035,0.5731,2.825,0,4,0,0,0,0,0,0,0,0,0,0,4,0,0,0,0,0,0,0,0,0
pbt,bintrie,5,4,storage_sstore_k1,1,,1763,0,0,0.0324,0.4098,0.0015,0.373,1.4749,0,4,0,0,0,0,0,0,0,0,0,0,4,0,0,0,0,0,0,0,0,0
pbt,bintrie,5,4,storage_sstore_k1,20,,1963,0,0,0.0907,0.6218,0.0038,0.2292,1.2349,0,4,0,0,0,0,0,0,0,0,0,0,4,0,0,0,0,0,0,0,0,0
pbt,bintrie,5,4,storage_sstore_k1,20,,1964,0,0,0.0507,0.569,0.0041,0.3444,1.5516,0,4,0,0,0,0,0,0,0,0,0,0,4,0,0,0,0,0,0,0,0,0
pbt,bintrie,5,4,storage_sstore_k1,20,,1965,0,0,0.0335,0.5556,0.0032,0.1111,0.9275,0,4,0,0,0,0,0,0,0,0,0,0,4,0,0,0,0,0,0,0,0,0
pbt,bintrie,5,4,storage_sstore_k1,20,,1966,0,0,0.0709,1.1623,0.0064,0.3007,1.8806,0,4,0,0,0,0,0,0,0,0,0,0,4,0,0,0,0,0,0,0,0,0
pbt,bintrie,5,4,storage_sstore_k1,20,,1967,0,0,0.0948,1.1579,0.0044,0.3794,1.9451,0,4,0,0,0,0,0,0,0,0,0,0,4,0,0,0,0,0,0,0,0,0
pbt,bintrie,5,4,storage_sstore_k1,20,,1968,0,0,0.0586,0.6857,0.0099,9.2403,21.5376,0,4,0,0,0,0,0,0,0,0,0,0,4,0,0,0,0,0,0,0,0,0
pbt,bintrie,5,4,storage_sstore_k1,20,,1969,86918,2,0.1283,2.0728,20.2449,1.9352,24.7336,3.5142,11,0,0,0,3,0,0,0,1,163,5,6,45.45,0,0,0,0,0,0,0,0
pbt,bintrie,5,4,storage_sstore_k1,20,,1970,15904313,1,13.5251,80.7467,17.6804,4.5755,200.6209,79.2754,8,702,2,191,3,0,702,0,0,0,2,6,25,104,598,14.81,2,0,100,191,0
pbt,bintrie,5,4,storage_sstore_k1,20,,1971,21000,1,0.3619,7.6934,84.5211,0.8041,115.51,0.1818,6,0,0,0,2,0,0,0,0,0,2,4,33.33,0,0,0,0,0,0,0,0
pbt,bintrie,5,4,storage_sstore_k1,20,,1972,0,0,0.0615,0.7551,0.0044,0.478,2.0439,0,4,0,0,0,0,0,0,0,0,0,0,4,0,0,0,0,0,0,0,0,0
pbt,bintrie,5,4,storage_sstore_k1,20,,1973,0,0,0.1452,1.7327,0.0093,0.6781,3.6842,0,4,0,0,0,0,0,0,0,0,0,0,4,0,0,0,0,0,0,0,0,0
pbt,bintrie,5,4,storage_sstore_k1,2,,1764,0,0,0.5399,3.702,0.014,0.9561,6.6446,0,4,0,0,0,0,0,0,0,0,0,0,4,0,0,0,0,0,0,0,0,0
pbt,bintrie,5,4,storage_sstore_k1,2,,1765,0,0,0.0927,1.3609,0.009,0.4626,2.3726,0,4,0,0,0,0,0,0,0,0,0,0,4,0,0,0,0,0,0,0,0,0
pbt,bintrie,5,4,storage_sstore_k1,2,,1766,0,0,0.1024,1.4131,0.0041,0.3363,2.2297,0,4,0,0,0,0,0,0,0,0,0,0,4,0,0,0,0,0,0,0,0,0
pbt,bintrie,5,4,storage_sstore_k1,2,,1767,0,0,0.1234,1.3166,0.0102,0.3582,2.4246,0,4,0,0,0,0,0,0,0,0,0,0,4,0,0,0,0,0,0,0,0,0
pbt,bintrie,5,4,storage_sstore_k1,2,,1768,0,0,0.0356,0.4944,0.0029,0.1368,0.8928,0,4,0,0,0,0,0,0,0,0,0,0,4,0,0,0,0,0,0,0,0,0
pbt,bintrie,5,4,storage_sstore_k1,2,,1769,0,0,0.1951,2.2169,0.0076,0.3275,16.9127,0,4,0,0,0,0,0,0,0,0,0,0,4,0,0,0,0,0,0,0,0,0
pbt,bintrie,5,4,storage_sstore_k1,2,,1770,86918,2,0.6151,18.4693,5.0708,1.801,39.5361,2.1984,11,0,0,0,3,0,0,0,1,163,6,5,54.55,0,0,0,0,0,0,0,0
pbt,bintrie,5,4,storage_sstore_k1,2,,1771,15904313,1,16.8486,53.3226,29.2508,3.7828,103.3821,153.8401,8,702,2,191,3,0,702,0,0,0,3,5,37.5,181,521,25.78,2,0,100,191,0
pbt,bintrie,5,4,storage_sstore_k1,2,,1772,21000,1,1.9007,15.3859,80.6522,0.9205,103.0761,0.2037,6,0,0,0,2,0,0,0,0,0,0,6,0,0,0,0,0,0,0,0,0
pbt,bintrie,5,4,storage_sstore_k1,2,,1773,0,0,0.1126,1.4621,0.0143,0.6915,3.2663,0,4,0,0,0,0,0,0,0,0,0,0,4,0,0,0,0,0,0,0,0,0
pbt,bintrie,5,4,storage_sstore_k1,2,,1774,0,0,0.1283,1.6887,0.0105,0.7904,3.7744,0,4,0,0,0,0,0,0,0,0,0,0,4,0,0,0,0,0,0,0,0,0
pbt,bintrie,5,4,storage_sstore_k1,3,,1775,0,0,0.035,0.3246,0.0018,0.1312,0.6332,0,4,0,0,0,0,0,0,0,0,0,0,4,0,0,0,0,0,0,0,0,0
pbt,bintrie,5,4,storage_sstore_k1,3,,1776,0,0,0.0814,1.6313,0.0082,0.357,2.6768,0,4,0,0,0,0,0,0,0,0,0,0,4,0,0,0,0,0,0,0,0,0
pbt,bintrie,5,4,storage_sstore_k1,3,,1777,0,0,0.072,0.5288,0.0018,0.119,0.8411,0,4,0,0,0,0,0,0,0,0,0,0,4,0,0,0,0,0,0,0,0,0
pbt,bintrie,5,4,storage_sstore_k1,3,,1778,0,0,0.0767,1.1876,0.0026,0.2855,1.8535,0,4,0,0,0,0,0,0,0,0,0,0,4,0,0,0,0,0,0,0,0,0
pbt,bintrie,5,4,storage_sstore_k1,3,,1779,0,0,0.0726,1.1334,0.0038,0.3322,1.8366,0,4,0,0,0,0,0,0,0,0,0,0,4,0,0,0,0,0,0,0,0,0
pbt,bintrie,5,4,storage_sstore_k1,3,,1780,0,0,0.0394,0.5393,0.0023,0.1088,1.0342,0,4,0,0,0,0,0,0,0,0,0,0,4,0,0,0,0,0,0,0,0,0
pbt,bintrie,5,4,storage_sstore_k1,3,,1781,86918,2,0.3447,4.871,10.9553,2.0402,29.8137,2.9154,11,0,0,0,3,0,0,0,1,163,5,6,45.45,0,0,0,0,0,0,0,0
pbt,bintrie,5,4,storage_sstore_k1,3,,1782,15904313,1,18.635,74.2065,21.6732,6.2482,121.1287,131.301,8,702,2,191,3,0,702,0,0,0,0,8,0,26,676,3.7,2,0,100,191,0
pbt,bintrie,5,4,storage_sstore_k1,3,,1783,21000,1,0.252,3.9482,100.8166,0.8091,112.7076,0.1863,6,0,0,0,2,0,0,0,0,0,2,4,33.33,0,0,0,0,0,0,0,0
pbt,bintrie,5,4,storage_sstore_k1,3,,1784,0,0,0.1123,1.6899,0.0085,0.7315,3.7324,0,4,0,0,0,0,0,0,0,0,0,0,4,0,0,0,0,0,0,0,0,0
pbt,bintrie,5,4,storage_sstore_k1,3,,1785,0,0,0.0452,0.576,0.0044,0.4287,1.7208,0,4,0,0,0,0,0,0,0,0,0,0,4,0,0,0,0,0,0,0,0,0
pbt,bintrie,5,4,storage_sstore_k1,4,,1786,0,0,0.0458,0.4267,0.0015,0.145,0.8137,0,4,0,0,0,0,0,0,0,0,0,0,4,0,0,0,0,0,0,0,0,0
pbt,bintrie,5,4,storage_sstore_k1,4,,1787,0,0,0.0787,1.1325,0.005,0.2739,2.0017,0,4,0,0,0,0,0,0,0,0,0,0,4,0,0,0,0,0,0,0,0,0
pbt,bintrie,5,4,storage_sstore_k1,4,,1788,0,0,0.0198,0.4241,0.0012,0.0948,0.6335,0,4,0,0,0,0,0,0,0,0,0,0,4,0,0,0,0,0,0,0,0,0
pbt,bintrie,5,4,storage_sstore_k1,4,,1789,0,0,0.0397,0.5291,0.0023,0.2039,0.9785,0,4,0,0,0,0,0,0,0,0,0,0,4,0,0,0,0,0,0,0,0,0
pbt,bintrie,5,4,storage_sstore_k1,4,,1790,0,0,0.0817,1.8141,0.0327,0.3013,2.6885,0,4,0,0,0,0,0,0,0,0,0,0,4,0,0,0,0,0,0,0,0,0
pbt,bintrie,5,4,storage_sstore_k1,4,,1791,0,0,0.0306,0.4524,0.0018,0.1105,0.7093,0,4,0,0,0,0,0,0,0,0,0,0,4,0,0,0,0,0,0,0,0,0
pbt,bintrie,5,4,storage_sstore_k1,4,,1792,86918,2,1.2413,2.8445,1.3303,1.7529,25.6701,3.386,11,0,0,0,3,0,0,0,1,163,4,7,36.36,0,0,0,0,0,0,0,0
pbt,bintrie,5,4,storage_sstore_k1,4,,1793,15904313,1,13.0325,16.8217,4.4463,4.9594,39.556,402.0711,8,702,2,191,3,0,702,0,0,0,1,7,12.5,37,665,5.27,2,0,100,191,0
pbt,bintrie,5,4,storage_sstore_k1,4,,1794,21000,1,0.0674,0.5512,18.369,1.1351,20.3359,1.0327,6,0,0,0,2,0,0,0,0,0,2,4,33.33,0,0,0,0,0,0,0,0
pbt,bintrie,5,4,storage_sstore_k1,4,,1795,0,0,0.0989,1.7928,0.0067,0.5381,3.8158,0,4,0,0,0,0,0,0,0,0,0,0,4,0,0,0,0,0,0,0,0,0
pbt,bintrie,5,4,storage_sstore_k1,5,,1796,0,0,0.0653,0.6262,0.0044,0.5049,1.8725,0,4,0,0,0,0,0,0,0,0,0,0,4,0,0,0,0,0,0,0,0,0
pbt,bintrie,5,4,storage_sstore_k1,5,,1797,0,0,0.0388,0.4346,0.0012,0.145,0.8236,0,4,0,0,0,0,0,0,0,0,0,0,4,0,0,0,0,0,0,0,0,0
pbt,bintrie,5,4,storage_sstore_k1,5,,1798,0,0,0.0204,0.3652,0.0009,0.0846,0.6189,0,4,0,0,0,0,0,0,0,0,0,0,4,0,0,0,0,0,0,0,0,0
pbt,bintrie,5,4,storage_sstore_k1,5,,1799,0,0,0.0242,0.3587,0.0012,0.1499,0.728,0,4,0,0,0,0,0,0,0,0,0,0,4,0,0,0,0,0,0,0,0,0
pbt,bintrie,5,4,storage_sstore_k1,5,,1800,0,0,0.4375,4.6692,0.016,1.2515,7.6642,0,4,0,0,0,0,0,0,0,0,0,0,4,0,0,0,0,0,0,0,0,0
pbt,bintrie,5,4,storage_sstore_k1,5,,1801,0,0,0.0607,0.6026,0.0044,26.198,35.4517,0,4,0,0,0,0,0,0,0,0,0,0,4,0,0,0,0,0,0,0,0,0
pbt,bintrie,5,4,storage_sstore_k1,5,,1802,86918,2,1.0605,19.7293,5.2913,1.6995,41.1059,2.1145,11,0,0,0,3,0,0,0,1,163,4,7,36.36,0,0,0,0,0,0,0,0
pbt,bintrie,5,4,storage_sstore_k1,5,,1803,15904313,1,54.2174,62.2669,10.1366,3.8484,131.125,121.2913,8,702,2,191,3,0,702,0,0,0,4,4,50,46,656,6.55,2,0,100,191,0
pbt,bintrie,5,4,storage_sstore_k1,5,,1804,21000,1,0.8099,2.3843,75.7958,0.7697,97.1473,0.2162,6,0,0,0,2,0,0,0,0,0,0,6,0,0,0,0,0,0,0,0,0
pbt,bintrie,5,4,storage_sstore_k1,5,,1805,0,0,0.0636,0.6174,0.0079,1.0301,2.5841,0,4,0,0,0,0,0,0,0,0,0,0,4,0,0,0,0,0,0,0,0,0
pbt,bintrie,5,4,storage_sstore_k1,5,,1806,0,0,0.0575,0.6332,0.0053,0.4258,1.7272,0,4,0,0,0,0,0,0,0,0,0,0,4,0,0,0,0,0,0,0,0,0
pbt,bintrie,5,4,storage_sstore_k1,6,,1807,0,0,0.058,0.5594,0.0023,0.2199,1.1325,0,4,0,0,0,0,0,0,0,0,0,0,4,0,0,0,0,0,0,0,0,0
pbt,bintrie,5,4,storage_sstore_k1,6,,1808,0,0,0.096,1.3807,0.0076,0.3733,2.2776,0,4,0,0,0,0,0,0,0,0,0,0,4,0,0,0,0,0,0,0,0,0
pbt,bintrie,5,4,storage_sstore_k1,6,,1809,0,0,0.0507,0.6125,0.0052,2.7582,7.946,0,4,0,0,0,0,0,0,0,0,0,0,4,0,0,0,0,0,0,0,0,0
pbt,bintrie,5,4,storage_sstore_k1,6,,1810,0,0,0.0834,1.9672,0.0052,0.5043,3.1135,0,4,0,0,0,0,0,0,0,0,0,0,4,0,0,0,0,0,0,0,0,0
pbt,bintrie,5,4,storage_sstore_k1,6,,1811,0,0,0.084,1.7036,0.0064,0.3331,2.6241,0,4,0,0,0,0,0,0,0,0,0,0,4,0,0,0,0,0,0,0,0,0
pbt,bintrie,5,4,storage_sstore_k1,6,,1812,0,0,0.2374,1.978,0.0093,8.03,22.1868,0,4,0,0,0,0,0,0,0,0,0,0,4,0,0,0,0,0,0,0,0,0
pbt,bintrie,5,4,storage_sstore_k1,6,,1813,86918,2,0.1196,2.0087,6.469,2.1898,11.3727,7.6427,11,0,0,0,3,0,0,0,1,163,5,6,45.45,0,0,0,0,0,0,0,0
pbt,bintrie,5,4,storage_sstore_k1,6,,1814,15904313,1,32.9274,26.7898,35.2444,4.143,99.512,159.823,8,702,2,191,3,0,702,0,0,0,3,5,37.5,354,348,50.43,2,0,100,191,0
pbt,bintrie,5,4,storage_sstore_k1,6,,1815,0,0,0.2465,11.0136,0.0128,1.0158,13.5073,0,4,0,0,0,0,0,0,0,0,0,0,4,0,0,0,0,0,0,0,0,0
pbt,bintrie,5,4,storage_sstore_k1,6,,1816,21000,1,0.3695,4.2958,126.1487,1.5213,133.5787,0.1572,6,0,0,0,2,0,0,0,0,0,2,4,33.33,0,0,0,0,0,0,0,0
pbt,bintrie,5,4,storage_sstore_k1,6,,1817,0,0,0.5652,11.0075,0.012,0.5186,13.2606,0,4,0,0,0,0,0,0,0,0,0,0,4,0,0,0,0,0,0,0,0,0
pbt,bintrie,5,4,storage_sstore_k1,6,,1818,0,0,0.0277,0.376,0.0032,0.1928,0.7884,0,4,0,0,0,0,0,0,0,0,0,0,4,0,0,0,0,0,0,0,0,0
pbt,bintrie,5,4,storage_sstore_k1,7,,1819,0,0,0.0542,0.6594,0.0029,0.1765,1.0748,0,4,0,0,0,0,0,0,0,0,0,0,4,0,0,0,0,0,0,0,0,0
pbt,bintrie,5,4,storage_sstore_k1,7,,1820,0,0,0.0545,0.588,0.0038,0.1584,1.0418,0,4,0,0,0,0,0,0,0,0,0,0,4,0,0,0,0,0,0,0,0,0
pbt,bintrie,5,4,storage_sstore_k1,7,,1821,0,0,0.0962,1.6327,0.0053,0.2747,2.4911,0,4,0,0,0,0,0,0,0,0,0,0,4,0,0,0,0,0,0,0,0,0
pbt,bintrie,5,4,storage_sstore_k1,7,,1822,0,0,0.0327,0.4877,0.0032,0.1345,0.8333,0,4,0,0,0,0,0,0,0,0,0,0,4,0,0,0,0,0,0,0,0,0
pbt,bintrie,5,4,storage_sstore_k1,7,,1823,0,0,0.089,1.9941,0.0061,0.3165,2.7941,0,4,0,0,0,0,0,0,0,0,0,0,4,0,0,0,0,0,0,0,0,0
pbt,bintrie,5,4,storage_sstore_k1,7,,1824,0,0,0.0341,0.464,0.002,0.0986,0.7481,0,4,0,0,0,0,0,0,0,0,0,0,4,0,0,0,0,0,0,0,0,0
pbt,bintrie,5,4,storage_sstore_k1,7,,1825,86918,2,0.5553,58.4572,24.6511,4.3168,88.2859,0.9845,11,0,0,0,3,0,0,0,1,163,4,7,36.36,0,0,0,0,0,0,0,0
pbt,bintrie,5,4,storage_sstore_k1,7,,1826,15904313,1,35.2143,74.0088,18.6306,3.8514,132.0466,120.4447,8,702,2,191,3,0,702,0,0,0,2,6,25,90,612,12.82,2,0,100,191,0
pbt,bintrie,5,4,storage_sstore_k1,7,,1827,21000,1,0.2085,1.4434,5.1895,0.7831,7.9002,2.6582,6,0,0,0,2,0,0,0,0,0,2,4,33.33,0,0,0,0,0,0,0,0
pbt,bintrie,5,4,storage_sstore_k1,7,,1828,0,0,0.0962,1.0765,0.0061,0.5273,2.2189,0,4,0,0,0,0,0,0,0,0,0,0,4,0,0,0,0,0,0,0,0,0
pbt,bintrie,5,4,storage_sstore_k1,7,,1829,0,0,0.0432,0.5766,0.0055,0.9327,2.4657,0,4,0,0,0,0,0,0,0,0,0,0,4,0,0,0,0,0,0,0,0,0
pbt,bintrie,5,4,storage_sstore_k1,8,,1830,0,0,0.0802,0.7049,0.0029,0.3561,1.6199,0,4,0,0,0,0,0,0,0,0,0,0,4,0,0,0,0,0,0,0,0,0
pbt,bintrie,5,4,storage_sstore_k1,8,,1831,0,0,0.0785,1.0905,0.0055,0.3132,1.934,0,4,0,0,0,0,0,0,0,0,0,0,4,0,0,0,0,0,0,0,0,0
pbt,bintrie,5,4,storage_sstore_k1,8,,1832,0,0,0.0277,0.5031,0.0015,0.1196,0.7539,0,4,0,0,0,0,0,0,0,0,0,0,4,0,0,0,0,0,0,0,0,0
pbt,bintrie,5,4,storage_sstore_k1,8,,1833,0,0,0.0732,1.1696,0.0053,0.3468,1.9468,0,4,0,0,0,0,0,0,0,0,0,0,4,0,0,0,0,0,0,0,0,0
pbt,bintrie,5,4,storage_sstore_k1,8,,1834,0,0,0.0653,1.1322,0.002,0.3229,1.9827,0,4,0,0,0,0,0,0,0,0,0,0,4,0,0,0,0,0,0,0,0,0
pbt,bintrie,5,4,storage_sstore_k1,8,,1835,0,0,0.0577,0.6831,0.0064,7.0657,12.8406,0,4,0,0,0,0,0,0,0,0,0,0,4,0,0,0,0,0,0,0,0,0
pbt,bintrie,5,4,storage_sstore_k1,8,,1836,86918,2,0.1528,0.9537,0.6562,1.6735,4.0809,21.2988,11,0,0,0,3,0,0,0,1,163,5,6,45.45,0,0,0,0,0,0,0,0
pbt,bintrie,5,4,storage_sstore_k1,8,,1837,15904313,1,14.3371,24.6026,2.9423,8.0769,58.5304,271.7272,8,702,2,191,3,0,702,0,0,0,0,8,0,63,639,8.97,2,0,100,191,0
pbt,bintrie,5,4,storage_sstore_k1,8,,1838,21000,1,0.0636,0.5308,7.1713,2.0509,9.9759,2.1051,6,0,0,0,2,0,0,0,0,0,2,4,33.33,0,0,0,0,0,0,0,0
pbt,bintrie,5,4,storage_sstore_k1,8,,1839,0,0,0.0741,0.8709,0.0058,0.5101,1.827,0,4,0,0,0,0,0,0,0,0,0,0,4,0,0,0,0,0,0,0,0,0
pbt,bintrie,5,4,storage_sstore_k1,9,,1840,0,0,0.0665,0.5544,0.0035,0.3832,1.5545,0,4,0,0,0,0,0,0,0,0,0,0,4,0,0,0,0,0,0,0,0,0
pbt,bintrie,5,4,storage_sstore_k1,9,,1841,0,0,13.9072,4.8109,0.0172,1.3518,22.1031,0,4,0,0,0,0,0,0,0,0,0,0,4,0,0,0,0,0,0,0,0,0
pbt,bintrie,5,4,storage_sstore_k1,9,,1842,0,0,0.0554,1.2763,0.0035,0.1312,9.2634,0,4,0,0,0,0,0,0,0,0,0,0,4,0,0,0,0,0,0,0,0,0
pbt,bintrie,5,4,storage_sstore_k1,9,,1843,0,0,0.0303,0.364,0.0009,0.1528,0.7962,0,4,0,0,0,0,0,0,0,0,0,0,4,0,0,0,0,0,0,0,0,0
pbt,bintrie,5,4,storage_sstore_k1,9,,1844,0,0,0.0353,0.3841,0.0017,0.1587,0.7895,0,4,0,0,0,0,0,0,0,0,0,0,4,0,0,0,0,0,0,0,0,0
pbt,bintrie,5,4,storage_sstore_k1,9,,1845,0,0,0.1692,1.8646,0.0085,0.4527,29.3654,0,4,0,0,0,0,0,0,0,0,0,0,4,0,0,0,0,0,0,0,0,0
pbt,bintrie,5,4,storage_sstore_k1,9,,1846,86918,2,0.1715,0.9167,0.9097,1.661,4.4697,19.4461,11,0,0,0,3,0,0,0,1,163,4,7,36.36,0,0,0,0,0,0,0,0
pbt,bintrie,5,4,storage_sstore_k1,9,,1847,15904313,1,13.1912,89.9906,24.9663,19.6138,148.3542,107.205,8,702,2,191,3,0,702,0,0,0,3,5,37.5,16,686,2.28,2,0,100,191,0
pbt,bintrie,5,4,storage_sstore_k1,9,,1848,21000,1,0.2651,1.5694,29.928,0.6212,99.0848,0.2119,6,0,0,0,2,0,0,0,0,0,2,4,33.33,0,0,0,0,0,0,0,0
pbt,bintrie,5,4,storage_sstore_k1,9,,1849,0,0,0.11,1.5621,0.0087,0.7729,3.523,0,4,0,0,0,0,0,0,0,0,0,0,4,0,0,0,0,0,0,0,0,0
pbt,bintrie,5,4,storage_sstore_k1,9,,1850,0,0,0.1018,1.4312,0.0087,0.7154,3.2984,0,4,0,0,0,0,0,0,0,0,0,0,4,0,0,0,0,0,0,0,0,0
pbt,bintrie,5,4,storage_sstore_k10,10,,2073,0,0,0.0379,0.3748,0.0017,0.1137,0.6796,0,4,0,0,0,0,0,0,0,0,0,0,4,0,0,0,0,0,0,0,0,0
pbt,bintrie,5,4,storage_sstore_k10,10,,2074,0,0,0.0922,1.9728,0.0052,0.5378,3.1178,0,4,0,0,0,0,0,0,0,0,0,0,4,0,0,0,0,0,0,0,0,0
pbt,bintrie,5,4,storage_sstore_k10,10,,2075,0,0,0.0327,0.5174,0.0023,0.1076,0.8166,0,4,0,0,0,0,0,0,0,0,0,0,4,0,0,0,0,0,0,0,0,0
pbt,bintrie,5,4,storage_sstore_k10,10,,2076,0,0,0.084,1.768,0.0061,0.3757,2.7247,0,4,0,0,0,0,0,0,0,0,0,0,4,0,0,0,0,0,0,0,0,0
pbt,bintrie,5,4,storage_sstore_k10,10,,2077,0,0,0.0729,1.1987,0.0029,0.3614,1.9833,0,4,0,0,0,0,0,0,0,0,0,0,4,0,0,0,0,0,0,0,0,0
pbt,bintrie,5,4,storage_sstore_k10,10,,2078,0,0,0.0612,0.7061,0.0041,0.8791,3.8639,0,4,0,0,0,0,0,0,0,0,0,0,4,0,0,0,0,0,0,0,0,0
pbt,bintrie,5,4,storage_sstore_k10,10,,2079,86950,2,1.0351,12.6516,1.0777,1.8115,49.0218,1.7737,11,0,0,0,3,0,0,0,1,165,4,7,36.36,0,0,0,0,0,0,0,0
pbt,bintrie,5,4,storage_sstore_k10,10,,2080,15907288,1,19.785,19.3406,88.0219,4.7654,142.2769,111.8051,17,764,11,445,12,0,692,0,0,0,4,13,23.53,149,615,19.5,11,0,100,445,0
pbt,bintrie,5,4,storage_sstore_k10,10,,2081,21000,1,0.0592,0.5168,5.7273,0.6892,7.1859,2.9224,6,0,0,0,2,0,0,0,0,0,2,4,33.33,0,0,0,0,0,0,0,0
pbt,bintrie,5,4,storage_sstore_k10,10,,2082,0,0,0.0688,1.2352,0.0061,0.5276,2.3204,0,4,0,0,0,0,0,0,0,0,0,0,4,0,0,0,0,0,0,0,0,0
pbt,bintrie,5,4,storage_sstore_k10,10,,2083,0,0,0.0508,0.6816,0.0061,1.0742,2.5806,0,4,0,0,0,0,0,0,0,0,0,0,4,0,0,0,0,0,0,0,0,0
pbt,bintrie,5,4,storage_sstore_k10,11,,2084,0,0,0.1426,1.4781,0.0096,0.7181,3.511,0,4,0,0,0,0,0,0,0,0,0,0,4,0,0,0,0,0,0,0,0,0
pbt,bintrie,5,4,storage_sstore_k10,11,,2085,0,0,0.0461,0.609,0.0058,0.2065,1.087,0,4,0,0,0,0,0,0,0,0,0,0,4,0,0,0,0,0,0,0,0,0
pbt,bintrie,5,4,storage_sstore_k10,11,,2086,0,0,0.1175,0.7531,0.0067,0.9068,24.5352,0,4,0,0,0,0,0,0,0,0,0,0,4,0,0,0,0,0,0,0,0,0
pbt,bintrie,5,4,storage_sstore_k10,11,,2087,0,0,0.0811,1.7718,0.0052,0.4352,2.8093,0,4,0,0,0,0,0,0,0,0,0,0,4,0,0,0,0,0,0,0,0,0
pbt,bintrie,5,4,storage_sstore_k10,11,,2088,0,0,0.0922,1.768,0.005,0.471,2.7541,0,4,0,0,0,0,0,0,0,0,0,0,4,0,0,0,0,0,0,0,0,0
pbt,bintrie,5,4,storage_sstore_k10,11,,2089,0,0,0.0271,0.4809,0.0015,0.1076,0.7706,0,4,0,0,0,0,0,0,0,0,0,0,4,0,0,0,0,0,0,0,0,0
pbt,bintrie,5,4,storage_sstore_k10,11,,2090,86950,2,1.0686,38.2009,9.9707,1.8509,51.7322,1.6808,11,0,0,0,3,0,0,0,1,165,4,7,36.36,0,0,0,0,0,0,0,0
pbt,bintrie,5,4,storage_sstore_k10,11,,2091,15907288,1,16.9979,35.0437,20.0871,19.5986,92.0727,172.7688,17,764,11,445,12,0,692,0,0,0,8,9,47.06,180,584,23.56,11,0,100,445,0
pbt,bintrie,5,4,storage_sstore_k10,11,,2092,21000,1,0.1269,0.7898,97.1537,0.6527,110.6721,0.1897,6,0,0,0,2,0,0,0,0,0,2,4,33.33,0,0,0,0,0,0,0,0
pbt,bintrie,5,4,storage_sstore_k10,11,,2093,0,0,0.1525,1.9422,0.0099,0.8887,4.2375,0,4,0,0,0,0,0,0,0,0,0,0,4,0,0,0,0,0,0,0,0,0
pbt,bintrie,5,4,storage_sstore_k10,11,,2094,0,0,0.1065,1.4248,0.0085,0.6332,3.17,0,4,0,0,0,0,0,0,0,0,0,0,4,0,0,0,0,0,0,0,0,0
pbt,bintrie,5,4,storage_sstore_k10,12,,2095,0,0,0.1254,1.2915,0.0055,0.448,2.3549,0,4,0,0,0,0,0,0,0,0,0,0,4,0,0,0,0,0,0,0,0,0
pbt,bintrie,5,4,storage_sstore_k10,12,,2096,0,0,0.0971,1.0791,0.0093,1.1608,3.3121,0,4,0,0,0,0,0,0,0,0,0,0,4,0,0,0,0,0,0,0,0,0
pbt,bintrie,5,4,storage_sstore_k10,12,,2097,0,0,0.0636,0.7437,0.0053,12.5472,22.5572,0,4,0,0,0,0,0,0,0,0,0,0,4,0,0,0,0,0,0,0,0,0
pbt,bintrie,5,4,storage_sstore_k10,12,,2098,0,0,0.0487,0.7242,0.0032,0.2141,1.3253,0,4,0,0,0,0,0,0,0,0,0,0,4,0,0,0,0,0,0,0,0,0
pbt,bintrie,5,4,storage_sstore_k10,12,,2099,0,0,0.1231,1.8818,0.0058,0.3803,2.8498,0,4,0,0,0,0,0,0,0,0,0,0,4,0,0,0,0,0,0,0,0,0
pbt,bintrie,5,4,storage_sstore_k10,12,,2100,0,0,0.0688,1.1162,0.0076,1.2635,27.2894,0,4,0,0,0,0,0,0,0,0,0,0,4,0,0,0,0,0,0,0,0,0
pbt,bintrie,5,4,storage_sstore_k10,12,,2101,86950,2,1.4405,25.9235,48.9681,1.4875,80.7374,1.0769,11,0,0,0,3,0,0,0,1,165,4,7,36.36,0,0,0,0,0,0,0,0
pbt,bintrie,5,4,storage_sstore_k10,12,,2102,15907288,1,24.9832,30.5216,22.1398,24.3509,102.7909,154.7539,17,764,11,445,12,0,692,0,0,0,7,10,41.18,287,477,37.57,11,0,100,445,0
pbt,bintrie,5,4,storage_sstore_k10,12,,2103,21000,1,0.2852,3.1925,97.6037,1.5688,116.7996,0.1798,6,0,0,0,2,0,0,0,0,0,2,4,33.33,0,0,0,0,0,0,0,0
pbt,bintrie,5,4,storage_sstore_k10,12,,2104,0,0,0.0435,0.5498,0.0041,0.3652,1.5852,0,4,0,0,0,0,0,0,0,0,0,0,4,0,0,0,0,0,0,0,0,0
pbt,bintrie,5,4,storage_sstore_k10,12,,2105,0,0,0.105,1.6102,0.0111,0.7601,3.4553,0,4,0,0,0,0,0,0,0,0,0,0,4,0,0,0,0,0,0,0,0,0
pbt,bintrie,5,4,storage_sstore_k10,13,,2106,0,0,0.0563,0.5206,0.002,0.2024,1.0573,0,4,0,0,0,0,0,0,0,0,0,0,4,0,0,0,0,0,0,0,0,0
pbt,bintrie,5,4,storage_sstore_k10,13,,2107,0,0,0.0423,0.4737,0.0023,0.2514,1.1859,0,4,0,0,0,0,0,0,0,0,0,0,4,0,0,0,0,0,0,0,0,0
pbt,bintrie,5,4,storage_sstore_k10,13,,2108,0,0,0.0297,0.5314,0.002,0.2085,0.9222,0,4,0,0,0,0,0,0,0,0,0,0,4,0,0,0,0,0,0,0,0,0
pbt,bintrie,5,4,storage_sstore_k10,13,,2109,0,0,0.0359,0.5369,0.0035,0.1627,0.9791,0,4,0,0,0,0,0,0,0,0,0,0,4,0,0,0,0,0,0,0,0,0
pbt,bintrie,5,4,storage_sstore_k10,13,,2110,0,0,0.0706,1.1801,0.0041,0.3194,1.8462,0,4,0,0,0,0,0,0,0,0,0,0,4,0,0,0,0,0,0,0,0,0
pbt,bintrie,5,4,storage_sstore_k10,13,,2111,0,0,0.0478,0.4669,0.002,0.1295,0.8088,0,4,0,0,0,0,0,0,0,0,0,0,4,0,0,0,0,0,0,0,0,0
pbt,bintrie,5,4,storage_sstore_k10,13,,2112,86950,2,2.3359,4.9027,105.0912,1.668,116.1365,0.7487,11,0,0,0,3,0,0,0,1,165,5,6,45.45,0,0,0,0,0,0,0,0
pbt,bintrie,5,4,storage_sstore_k10,13,,2113,15907288,1,25.1439,27.3078,14.5214,10.6561,77.8858,204.2386,17,764,11,445,12,0,692,0,0,0,4,13,23.53,174,590,22.77,11,0,100,445,0
pbt,bintrie,5,4,storage_sstore_k10,13,,2114,21000,1,0.1972,3.047,103.5241,0.6682,110.5515,0.19,6,0,0,0,2,0,0,0,0,0,2,4,33.33,0,0,0,0,0,0,0,0
pbt,bintrie,5,4,storage_sstore_k10,13,,2115,0,0,0.5317,3.7945,0.0073,0.7195,6.1741,0,4,0,0,0,0,0,0,0,0,0,0,4,0,0,0,0,0,0,0,0,0
pbt,bintrie,5,4,storage_sstore_k10,13,,2116,0,0,0.105,1.3886,0.0085,0.6052,3.1511,0,4,0,0,0,0,0,0,0,0,0,0,4,0,0,0,0,0,0,0,0,0
pbt,bintrie,5,4,storage_sstore_k10,14,,2117,0,0,0.0531,0.4836,0.0023,0.1499,0.8621,0,4,0,0,0,0,0,0,0,0,0,0,4,0,0,0,0,0,0,0,0,0
pbt,bintrie,5,4,storage_sstore_k10,14,,2118,0,0,0.0904,1.2617,0.0073,0.4337,2.5762,0,4,0,0,0,0,0,0,0,0,0,0,4,0,0,0,0,0,0,0,0,0
pbt,bintrie,5,4,storage_sstore_k10,14,,2119,0,0,0.0385,0.5795,0.0029,0.1327,0.9135,0,4,0,0,0,0,0,0,0,0,0,0,4,0,0,0,0,0,0,0,0,0
pbt,bintrie,5,4,storage_sstore_k10,14,,2120,0,0,0.0347,0.49,0.0032,0.166,0.8738,0,4,0,0,0,0,0,0,0,0,0,0,4,0,0,0,0,0,0,0,0,0
pbt,bintrie,5,4,storage_sstore_k10,14,,2121,0,0,0.0379,0.5288,0.0026,0.1444,0.9103,0,4,0,0,0,0,0,0,0,0,0,0,4,0,0,0,0,0,0,0,0,0
pbt,bintrie,5,4,storage_sstore_k10,14,,2122,0,0,0.0376,0.5999,0.0026,0.1409,0.9887,0,4,0,0,0,0,0,0,0,0,0,0,4,0,0,0,0,0,0,0,0,0
pbt,bintrie,5,4,storage_sstore_k10,14,,2123,86950,2,0.3643,0.7814,115.0091,2.2449,118.9284,0.7311,11,0,0,0,3,0,0,0,1,165,4,7,36.36,0,0,0,0,0,0,0,0
pbt,bintrie,5,4,storage_sstore_k10,14,,2124,0,0,0.0948,1.9384,0.0064,0.8966,4.656,0,4,0,0,0,0,0,0,0,0,0,0,4,0,0,0,0,0,0,0,0,0
pbt,bintrie,5,4,storage_sstore_k10,14,,2125,15907288,1,20.1239,10.4397,92.6654,4.8602,134.9052,117.9146,17,764,11,445,12,0,692,0,0,0,10,7,58.82,432,332,56.54,11,0,100,445,0
pbt,bintrie,5,4,storage_sstore_k10,14,,2126,21000,1,0.0577,0.5311,7.4131,2.2356,10.3956,2.0201,6,0,0,0,2,0,0,0,0,0,2,4,33.33,0,0,0,0,0,0,0,0
pbt,bintrie,5,4,storage_sstore_k10,14,,2127,0,0,0.1703,2.1218,0.0108,0.6288,3.4681,0,4,0,0,0,0,0,0,0,0,0,0,4,0,0,0,0,0,0,0,0,0
pbt,bintrie,5,4,storage_sstore_k10,14,,2128,0,0,0.0986,1.9069,0.0076,0.5614,4.2626,0,4,0,0,0,0,0,0,0,0,0,0,4,0,0,0,0,0,0,0,0,0
pbt,bintrie,5,4,storage_sstore_k10,15,,2129,0,0,0.0408,0.4739,0.0029,0.1385,1.1106,0,4,0,0,0,0,0,0,0,0,0,0,4,0,0,0,0,0,0,0,0,0
pbt,bintrie,5,4,storage_sstore_k10,15,,2130,0,0,0.0878,1.7473,0.0038,0.1423,2.2884,0,4,0,0,0,0,0,0,0,0,0,0,4,0,0,0,0,0,0,0,0,0
pbt,bintrie,5,4,storage_sstore_k10,15,,2131,0,0,0.0446,0.5857,0.0032,0.1067,0.9004,0,4,0,0,0,0,0,0,0,0,0,0,4,0,0,0,0,0,0,0,0,0
pbt,bintrie,5,4,storage_sstore_k10,15,,2132,0,0,0.0933,1.9261,0.0053,0.3628,3.1744,0,4,0,0,0,0,0,0,0,0,0,0,4,0,0,0,0,0,0,0,0,0
pbt,bintrie,5,4,storage_sstore_k10,15,,2133,0,0,0.0814,1.306,0.007,0.4378,2.1393,0,4,0,0,0,0,0,0,0,0,0,0,4,0,0,0,0,0,0,0,0,0
pbt,bintrie,5,4,storage_sstore_k10,15,,2134,0,0,0.2091,2.4692,0.009,0.6912,8.9184,0,4,0,0,0,0,0,0,0,0,0,0,4,0,0,0,0,0,0,0,0,0
pbt,bintrie,5,4,storage_sstore_k10,15,,2135,86950,2,0.7802,1.5989,0.6994,3.3932,26.8399,3.2396,11,0,0,0,3,0,0,0,1,165,4,7,36.36,0,0,0,0,0,0,0,0
pbt,bintrie,5,4,storage_sstore_k10,15,,2136,15907288,1,18.7391,87.8159,11.1268,15.5903,134.1979,118.536,17,764,11,445,12,0,692,0,0,0,7,10,41.18,170,594,22.25,11,0,100,445,0
pbt,bintrie,5,4,storage_sstore_k10,15,,2137,21000,1,0.0604,0.5256,7.4802,1.0955,9.336,2.2494,6,0,0,0,2,0,0,0,0,0,2,4,33.33,0,0,0,0,0,0,0,0
pbt,bintrie,5,4,storage_sstore_k10,15,,2138,0,0,0.0925,1.5668,0.009,0.334,2.6351,0,4,0,0,0,0,0,0,0,0,0,0,4,0,0,0,0,0,0,0,0,0
pbt,bintrie,5,4,storage_sstore_k10,15,,2139,0,0,0.1012,1.8978,0.0073,0.4305,3.0181,0,4,0,0,0,0,0,0,0,0,0,0,4,0,0,0,0,0,0,0,0,0
pbt,bintrie,5,4,storage_sstore_k10,16,,2140,0,0,0.0706,0.6037,0.0026,0.1998,1.1351,0,4,0,0,0,0,0,0,0,0,0,0,4,0,0,0,0,0,0,0,0,0
pbt,bintrie,5,4,storage_sstore_k10,16,,2141,0,0,0.0388,0.5938,0.0032,0.1668,1.0322,0,4,0,0,0,0,0,0,0,0,0,0,4,0,0,0,0,0,0,0,0,0
pbt,bintrie,5,4,storage_sstore_k10,16,,2142,0,0,0.0318,0.5358,0.0017,0.1012,0.9167,0,4,0,0,0,0,0,0,0,0,0,0,4,0,0,0,0,0,0,0,0,0
pbt,bintrie,5,4,storage_sstore_k10,16,,2143,0,0,0.0347,0.5565,0.0029,0.1406,0.9085,0,4,0,0,0,0,0,0,0,0,0,0,4,0,0,0,0,0,0,0,0,0
pbt,bintrie,5,4,storage_sstore_k10,16,,2144,0,0,0.0432,0.6058,0.0044,0.3462,1.6149,0,4,0,0,0,0,0,0,0,0,0,0,4,0,0,0,0,0,0,0,0,0
pbt,bintrie,5,4,storage_sstore_k10,16,,2145,0,0,0.0324,0.5264,0.0018,0.1426,0.9009,0,4,0,0,0,0,0,0,0,0,0,0,4,0,0,0,0,0,0,0,0,0
pbt,bintrie,5,4,storage_sstore_k10,16,,2146,86950,2,0.45,9.7362,64.4342,1.7036,123.2032,0.7057,11,0,0,0,3,0,0,0,1,165,6,5,54.55,0,0,0,0,0,0,0,0
pbt,bintrie,5,4,storage_sstore_k10,16,,2147,0,0,0.0866,2.1924,0.0053,0.3827,3.1359,0,4,0,0,0,0,0,0,0,0,0,0,4,0,0,0,0,0,0,0,0,0
pbt,bintrie,5,4,storage_sstore_k10,16,,2148,15907288,1,20.1638,50.1689,34.158,4.8159,109.5096,145.2594,17,764,11,445,12,0,692,0,0,0,5,12,29.41,134,630,17.54,11,0,100,445,0
pbt,bintrie,5,4,storage_sstore_k10,16,,2149,21000,1,5.3934,25.3673,71.7003,0.7449,103.6312,0.2026,6,0,0,0,2,0,0,0,0,0,2,4,33.33,0,0,0,0,0,0,0,0
pbt,bintrie,5,4,storage_sstore_k10,16,,2150,0,0,0.0335,0.4891,0.0052,0.2459,1.0211,0,4,0,0,0,0,0,0,0,0,0,0,4,0,0,0,0,0,0,0,0,0
pbt,bintrie,5,4,storage_sstore_k10,16,,2151,0,0,0.1117,1.5283,0.0073,0.6516,3.336,0,4,0,0,0,0,0,0,0,0,0,0,4,0,0,0,0,0,0,0,0,0
pbt,bintrie,5,4,storage_sstore_k10,17,,2152,0,0,0.0414,0.4025,0.0018,0.1283,0.7636,0,4,0,0,0,0,0,0,0,0,0,0,4,0,0,0,0,0,0,0,0,0
pbt,bintrie,5,4,storage_sstore_k10,17,,2153,0,0,0.0356,0.5728,0.0038,0.254,1.0494,0,4,0,0,0,0,0,0,0,0,0,0,4,0,0,0,0,0,0,0,0,0
pbt,bintrie,5,4,storage_sstore_k10,17,,2154,0,0,0.0321,0.5504,0.002,0.1522,0.8814,0,4,0,0,0,0,0,0,0,0,0,0,4,0,0,0,0,0,0,0,0,0
pbt,bintrie,5,4,storage_sstore_k10,17,,2155,0,0,0.0362,0.5227,0.0023,0.2249,0.994,0,4,0,0,0,0,0,0,0,0,0,0,4,0,0,0,0,0,0,0,0,0
pbt,bintrie,5,4,storage_sstore_k10,17,,2156,0,0,0.0557,0.6828,0.0032,0.1925,1.2375,0,4,0,0,0,0,0,0,0,0,0,0,4,0,0,0,0,0,0,0,0,0
pbt,bintrie,5,4,storage_sstore_k10,17,,2157,0,0,0.0487,1.0237,0.0026,0.119,3.1108,0,4,0,0,0,0,0,0,0,0,0,0,4,0,0,0,0,0,0,0,0,0
pbt,bintrie,5,4,storage_sstore_k10,17,,2158,86950,2,0.9683,85.8335,2.0871,5.0661,95.3189,0.9122,11,0,0,0,3,0,0,0,1,165,4,7,36.36,0,0,0,0,0,0,0,0
pbt,bintrie,5,4,storage_sstore_k10,17,,2159,15907288,1,30.2836,81.3761,6.6102,5.0291,124.2275,128.0496,17,764,11,445,12,0,692,0,0,0,2,15,11.76,104,660,13.61,11,0,100,445,0
pbt,bintrie,5,4,storage_sstore_k10,17,,2160,21000,1,0.0627,0.5454,19.1194,1.0864,20.9426,1.0027,6,0,0,0,2,0,0,0,0,0,2,4,33.33,0,0,0,0,0,0,0,0
pbt,bintrie,5,4,storage_sstore_k10,17,,2161,0,0,0.1861,2.1516,0.012,0.786,4.5268,0,4,0,0,0,0,0,0,0,0,0,0,4,0,0,0,0,0,0,0,0,0
pbt,bintrie,5,4,storage_sstore_k10,17,,2162,0,0,0.1164,1.5831,0.0085,0.7545,3.518,0,4,0,0,0,0,0,0,0,0,0,0,4,0,0,0,0,0,0,0,0,0
pbt,bintrie,5,4,storage_sstore_k10,18,,2163,0,0,0.0709,0.6323,0.0032,0.2777,1.2781,0,4,0,0,0,0,0,0,0,0,0,0,4,0,0,0,0,0,0,0,0,0
pbt,bintrie,5,4,storage_sstore_k10,18,,2164,0,0,0.0968,1.3682,0.0079,0.2879,2.3117,0,4,0,0,0,0,0,0,0,0,0,0,4,0,0,0,0,0,0,0,0,0
pbt,bintrie,5,4,storage_sstore_k10,18,,2165,0,0,0.0423,0.5874,0.002,0.1409,1.1789,0,4,0,0,0,0,0,0,0,0,0,0,4,0,0,0,0,0,0,0,0,0
pbt,bintrie,5,4,storage_sstore_k10,18,,2166,0,0,0.0388,0.5483,0.0026,0.1718,0.938,0,4,0,0,0,0,0,0,0,0,0,0,4,0,0,0,0,0,0,0,0,0
pbt,bintrie,5,4,storage_sstore_k10,18,,2167,0,0,0.0373,0.5728,0.0038,0.1569,0.9526,0,4,0,0,0,0,0,0,0,0,0,0,4,0,0,0,0,0,0,0,0,0
pbt,bintrie,5,4,storage_sstore_k10,18,,2168,0,0,0.0449,0.7347,0.0023,0.1887,1.1941,0,4,0,0,0,0,0,0,0,0,0,0,4,0,0,0,0,0,0,0,0,0
pbt,bintrie,5,4,storage_sstore_k10,18,,2169,86950,2,0.8764,3.0347,49.6521,5.1306,70.0285,1.2416,11,0,0,0,3,0,0,0,1,165,4,7,36.36,0,0,0,0,0,0,0,0
pbt,bintrie,5,4,storage_sstore_k10,18,,2170,15907288,1,22.0839,39.6277,5.706,5.0737,85.7877,185.4261,17,764,11,445,12,0,692,0,0,0,8,9,47.06,577,187,75.52,11,0,100,445,0
pbt,bintrie,5,4,storage_sstore_k10,18,,2171,21000,1,0.1715,1.1216,110.3189,0.7542,114.6782,0.1831,6,0,0,0,2,0,0,0,0,0,2,4,33.33,0,0,0,0,0,0,0,0
pbt,bintrie,5,4,storage_sstore_k10,18,,2172,0,0,0.0382,0.462,0.0035,0.3762,1.5925,0,4,0,0,0,0,0,0,0,0,0,0,4,0,0,0,0,0,0,0,0,0
pbt,bintrie,5,4,storage_sstore_k10,18,,2173,0,0,0.0808,1.3273,0.0058,0.5559,2.9178,0,4,0,0,0,0,0,0,0,0,0,0,4,0,0,0,0,0,0,0,0,0
pbt,bintrie,5,4,storage_sstore_k10,19,,2174,0,0,0.065,0.6163,0.0044,0.2164,1.2162,0,4,0,0,0,0,0,0,0,0,0,0,4,0,0,0,0,0,0,0,0,0
pbt,bintrie,5,4,storage_sstore_k10,19,,2175,0,0,0.075,1.2985,0.0067,0.7221,2.6383,0,4,0,0,0,0,0,0,0,0,0,0,4,0,0,0,0,0,0,0,0,0
pbt,bintrie,5,4,storage_sstore_k10,19,,2176,0,0,0.0315,0.5308,0.0026,0.1505,0.8899,0,4,0,0,0,0,0,0,0,0,0,0,4,0,0,0,0,0,0,0,0,0
pbt,bintrie,5,4,storage_sstore_k10,19,,2177,0,0,0.0414,0.5285,0.0038,0.1531,0.9698,0,4,0,0,0,0,0,0,0,0,0,0,4,0,0,0,0,0,0,0,0,0
pbt,bintrie,5,4,storage_sstore_k10,19,,2178,0,0,0.0569,0.9453,0.0041,0.3395,1.6295,0,4,0,0,0,0,0,0,0,0,0,0,4,0,0,0,0,0,0,0,0,0
pbt,bintrie,5,4,storage_sstore_k10,19,,2179,0,0,0.0747,0.7828,0.0038,0.2319,1.3084,0,4,0,0,0,0,0,0,0,0,0,0,4,0,0,0,0,0,0,0,0,0
pbt,bintrie,5,4,storage_sstore_k10,19,,2180,86950,2,0.2435,9.6192,104.6528,2.0057,117.4567,0.7403,11,0,0,0,3,0,0,0,1,165,5,6,45.45,0,0,0,0,0,0,0,0
pbt,bintrie,5,4,storage_sstore_k10,19,,2181,15907288,1,18.4407,23.1023,23.2239,9.8365,83.572,190.3423,17,764,11,445,12,0,692,0,0,0,4,13,23.53,103,661,13.48,11,0,100,445,0
pbt,bintrie,5,4,storage_sstore_k10,19,,2182,21000,1,0.266,5.69,106.4912,0.7329,118.007,0.178,6,0,0,0,2,0,0,0,0,0,2,4,33.33,0,0,0,0,0,0,0,0
pbt,bintrie,5,4,storage_sstore_k10,19,,2183,0,0,0.2004,2.2869,0.0108,1.0611,4.9238,0,4,0,0,0,0,0,0,0,0,0,0,4,0,0,0,0,0,0,0,0,0
pbt,bintrie,5,4,storage_sstore_k10,19,,2184,0,0,0.1009,1.5551,0.0114,0.5982,3.1668,0,4,0,0,0,0,0,0,0,0,0,0,4,0,0,0,0,0,0,0,0,0
pbt,bintrie,5,4,storage_sstore_k10,1,,1974,0,0,0.0659,0.5851,0.0026,0.2756,1.2366,0,4,0,0,0,0,0,0,0,0,0,0,4,0,0,0,0,0,0,0,0,0
pbt,bintrie,5,4,storage_sstore_k10,1,,1975,0,0,0.0779,1.4265,0.0061,0.5792,2.9571,0,4,0,0,0,0,0,0,0,0,0,0,4,0,0,0,0,0,0,0,0,0
pbt,bintrie,5,4,storage_sstore_k10,1,,1976,0,0,0.1079,0.7172,0.0029,0.1292,1.1293,0,4,0,0,0,0,0,0,0,0,0,0,4,0,0,0,0,0,0,0,0,0
pbt,bintrie,5,4,storage_sstore_k10,1,,1977,0,0,0.0405,0.5556,0.0026,0.1692,1.0395,0,4,0,0,0,0,0,0,0,0,0,0,4,0,0,0,0,0,0,0,0,0
pbt,bintrie,5,4,storage_sstore_k10,1,,1978,0,0,0.1444,1.5478,0.009,0.3832,2.5045,0,4,0,0,0,0,0,0,0,0,0,0,4,0,0,0,0,0,0,0,0,0
pbt,bintrie,5,4,storage_sstore_k10,1,,1979,0,0,0.0478,0.3946,0.0018,0.1009,0.665,0,4,0,0,0,0,0,0,0,0,0,0,4,0,0,0,0,0,0,0,0,0
pbt,bintrie,5,4,storage_sstore_k10,1,,1980,86950,2,1.0876,2.3668,17.0166,3.7805,34.6649,2.5083,11,0,0,0,3,0,0,0,1,165,4,7,36.36,0,0,0,0,0,0,0,0
pbt,bintrie,5,4,storage_sstore_k10,1,,1981,15907288,1,22.6957,52.2254,23.0699,8.5685,115.5491,137.6669,17,764,11,445,12,0,692,0,0,0,5,12,29.41,276,488,36.13,11,0,100,445,0
pbt,bintrie,5,4,storage_sstore_k10,1,,1982,0,0,0.3042,5.2406,0.0067,0.3307,7.1206,0,4,0,0,0,0,0,0,0,0,0,0,4,0,0,0,0,0,0,0,0,0
pbt,bintrie,5,4,storage_sstore_k10,1,,1983,21000,1,0.2033,65.1144,60.8001,1.1608,128.7943,0.1631,6,0,0,0,2,0,0,0,0,0,2,4,33.33,0,0,0,0,0,0,0,0
pbt,bintrie,5,4,storage_sstore_k10,1,,1984,0,0,0.0863,1.4895,0.0064,0.4809,2.7002,0,4,0,0,0,0,0,0,0,0,0,0,4,0,0,0,0,0,0,0,0,0
pbt,bintrie,5,4,storage_sstore_k10,1,,1985,0,0,0.0516,0.6291,0.0044,0.4188,1.8179,0,4,0,0,0,0,0,0,0,0,0,0,4,0,0,0,0,0,0,0,0,0
pbt,bintrie,5,4,storage_sstore_k10,20,,2185,0,0,0.2683,2.6608,0.009,1.1267,5.7504,0,4,0,0,0,0,0,0,0,0,0,0,4,0,0,0,0,0,0,0,0,0
pbt,bintrie,5,4,storage_sstore_k10,20,,2186,0,0,0.0417,0.4917,0.0041,0.1916,1.0237,0,4,0,0,0,0,0,0,0,0,0,0,4,0,0,0,0,0,0,0,0,0
pbt,bintrie,5,4,storage_sstore_k10,20,,2187,0,0,0.1444,1.9238,0.0102,5.1192,20.4917,0,4,0,0,0,0,0,0,0,0,0,0,4,0,0,0,0,0,0,0,0,0
pbt,bintrie,5,4,storage_sstore_k10,20,,2188,0,0,0.0866,1.3501,0.0061,0.3993,2.2446,0,4,0,0,0,0,0,0,0,0,0,0,4,0,0,0,0,0,0,0,0,0
pbt,bintrie,5,4,storage_sstore_k10,20,,2189,0,0,0.0822,1.5823,0.0055,0.4066,2.4065,0,4,0,0,0,0,0,0,0,0,0,0,4,0,0,0,0,0,0,0,0,0
pbt,bintrie,5,4,storage_sstore_k10,20,,2190,0,0,0.035,0.4894,0.0026,0.1161,0.8053,0,4,0,0,0,0,0,0,0,0,0,0,4,0,0,0,0,0,0,0,0,0
pbt,bintrie,5,4,storage_sstore_k10,20,,2191,86950,2,0.4319,52.1218,1.6368,1.9372,76.3278,1.1392,11,0,0,0,3,0,0,0,1,165,4,7,36.36,0,0,0,0,0,0,0,0
pbt,bintrie,5,4,storage_sstore_k10,20,,2192,0,0,0.049,0.6271,0.0076,0.364,1.7537,0,4,0,0,0,0,0,0,0,0,0,0,4,0,0,0,0,0,0,0,0,0
pbt,bintrie,5,4,storage_sstore_k10,20,,2193,15907288,1,43.2393,466.5995,28.6354,23.4129,566.2556,28.0921,17,764,11,445,12,0,692,0,0,0,7,10,41.18,303,461,39.66,11,0,100,445,0
pbt,bintrie,5,4,storage_sstore_k10,20,,2194,21000,1,0.6469,1.4452,69.3248,0.7259,123.3199,0.1703,6,0,0,0,2,0,0,0,0,0,0,6,0,0,0,0,0,0,0,0,0
pbt,bintrie,5,4,storage_sstore_k10,20,,2195,0,0,0.0531,0.7233,0.0073,0.4407,1.9949,0,4,0,0,0,0,0,0,0,0,0,0,4,0,0,0,0,0,0,0,0,0
pbt,bintrie,5,4,storage_sstore_k10,2,,1986,0,0,0.0516,0.4859,0.0023,0.2794,1.3058,0,4,0,0,0,0,0,0,0,0,0,0,4,0,0,0,0,0,0,0,0,0
pbt,bintrie,5,4,storage_sstore_k10,2,,1987,0,0,0.0884,1.3825,0.0082,0.3552,2.2741,0,4,0,0,0,0,0,0,0,0,0,0,4,0,0,0,0,0,0,0,0,0
pbt,bintrie,5,4,storage_sstore_k10,2,,1988,0,0,0.033,0.4713,0.002,0.1286,0.7542,0,4,0,0,0,0,0,0,0,0,0,0,4,0,0,0,0,0,0,0,0,0
pbt,bintrie,5,4,storage_sstore_k10,2,,1989,0,0,0.0717,1.1999,0.0035,0.4538,2.1046,0,4,0,0,0,0,0,0,0,0,0,0,4,0,0,0,0,0,0,0,0,0
pbt,bintrie,5,4,storage_sstore_k10,2,,1990,0,0,0.0744,1.1334,0.0055,0.3751,2.0197,0,4,0,0,0,0,0,0,0,0,0,0,4,0,0,0,0,0,0,0,0,0
pbt,bintrie,5,4,storage_sstore_k10,2,,1991,0,0,0.0254,0.4247,0.0023,0.1423,0.7318,0,4,0,0,0,0,0,0,0,0,0,0,4,0,0,0,0,0,0,0,0,0
pbt,bintrie,5,4,storage_sstore_k10,2,,1992,86950,2,0.1315,3.7531,6.3558,2.3531,12.8082,6.7886,11,0,0,0,3,0,0,0,1,165,6,5,54.55,0,0,0,0,0,0,0,0
pbt,bintrie,5,4,storage_sstore_k10,2,,1993,15907288,1,14.6678,93.4972,20.541,9.1741,138.4418,114.9023,17,764,11,445,12,0,692,0,0,0,2,15,11.76,64,700,8.38,11,0,100,445,0
pbt,bintrie,5,4,storage_sstore_k10,2,,1994,21000,1,0.2214,1.6065,102.3776,0.7618,117.0944,0.1793,6,0,0,0,2,0,0,0,0,0,2,4,33.33,0,0,0,0,0,0,0,0
pbt,bintrie,5,4,storage_sstore_k10,2,,1995,0,0,0.1622,1.7692,0.0099,0.8347,3.9354,0,4,0,0,0,0,0,0,0,0,0,0,4,0,0,0,0,0,0,0,0,0
pbt,bintrie,5,4,storage_sstore_k10,2,,1996,0,0,0.0306,0.3984,0.002,0.4007,1.519,0,4,0,0,0,0,0,0,0,0,0,0,4,0,0,0,0,0,0,0,0,0
pbt,bintrie,5,4,storage_sstore_k10,3,,1997,0,0,0.056,0.5063,0.0018,0.254,1.1042,0,4,0,0,0,0,0,0,0,0,0,0,4,0,0,0,0,0,0,0,0,0
pbt,bintrie,5,4,storage_sstore_k10,3,,1998,0,0,0.0551,0.6349,0.005,0.4057,1.7065,0,4,0,0,0,0,0,0,0,0,0,0,4,0,0,0,0,0,0,0,0,0
pbt,bintrie,5,4,storage_sstore_k10,3,,1999,0,0,0.1353,1.3606,0.0064,0.2336,2.0591,0,4,0,0,0,0,0,0,0,0,0,0,4,0,0,0,0,0,0,0,0,0
pbt,bintrie,5,4,storage_sstore_k10,3,,2000,0,0,0.0764,1.1296,0.0029,0.2873,1.9282,0,4,0,0,0,0,0,0,0,0,0,0,4,0,0,0,0,0,0,0,0,0
pbt,bintrie,5,4,storage_sstore_k10,3,,2001,0,0,0.1009,1.2407,0.0041,0.3955,2.1355,0,4,0,0,0,0,0,0,0,0,0,0,4,0,0,0,0,0,0,0,0,0
pbt,bintrie,5,4,storage_sstore_k10,3,,2002,0,0,0.0216,0.3488,0.0015,0.1146,0.6212,0,4,0,0,0,0,0,0,0,0,0,0,4,0,0,0,0,0,0,0,0,0
pbt,bintrie,5,4,storage_sstore_k10,3,,2003,86950,2,2.0017,12.989,4.0535,1.7759,21.0254,4.1355,11,0,0,0,3,0,0,0,1,165,5,6,45.45,0,0,0,0,0,0,0,0
pbt,bintrie,5,4,storage_sstore_k10,3,,2004,15907288,1,20.3919,75.8871,8.2767,4.5373,109.3736,145.4399,17,764,11,445,12,0,692,0,0,0,7,10,41.18,263,501,34.42,11,0,100,445,0
pbt,bintrie,5,4,storage_sstore_k10,3,,2005,21000,1,1.6318,4.1798,31.2457,0.961,39.4548,0.5323,6,0,0,0,2,0,0,0,0,0,0,6,0,0,0,0,0,0,0,0,0
pbt,bintrie,5,4,storage_sstore_k10,3,,2006,0,0,0.0341,0.3841,0.0015,0.3675,1.388,0,4,0,0,0,0,0,0,0,0,0,0,4,0,0,0,0,0,0,0,0,0
pbt,bintrie,5,4,storage_sstore_k10,3,,2007,0,0,0.0636,0.8554,0.0041,0.2882,2.3067,0,4,0,0,0,0,0,0,0,0,0,0,4,0,0,0,0,0,0,0,0,0
pbt,bintrie,5,4,storage_sstore_k10,4,,2008,0,0,0.0627,0.5565,0.0035,0.4214,1.6552,0,4,0,0,0,0,0,0,0,0,0,0,4,0,0,0,0,0,0,0,0,0
pbt,bintrie,5,4,storage_sstore_k10,4,,2009,0,0,0.0362,0.5092,0.0038,0.189,0.9365,0,4,0,0,0,0,0,0,0,0,0,0,4,0,0,0,0,0,0,0,0,0
pbt,bintrie,5,4,storage_sstore_k10,4,,2010,0,0,0.0271,0.4314,0.002,0.1275,0.7429,0,4,0,0,0,0,0,0,0,0,0,0,4,0,0,0,0,0,0,0,0,0
pbt,bintrie,5,4,storage_sstore_k10,4,,2011,0,0,0.0335,0.5953,0.002,0.1811,1.0421,0,4,0,0,0,0,0,0,0,0,0,0,4,0,0,0,0,0,0,0,0,0
pbt,bintrie,5,4,storage_sstore_k10,4,,2012,0,0,0.1003,1.3991,0.0064,0.4136,2.4097,0,4,0,0,0,0,0,0,0,0,0,0,4,0,0,0,0,0,0,0,0,0
pbt,bintrie,5,4,storage_sstore_k10,4,,2013,0,0,0.0271,0.5209,0.0029,0.1315,0.8992,0,4,0,0,0,0,0,0,0,0,0,0,4,0,0,0,0,0,0,0,0,0
pbt,bintrie,5,4,storage_sstore_k10,4,,2014,86950,2,0.1619,1.4288,26.275,1.9751,118.6044,0.7331,11,0,0,0,3,0,0,0,1,165,6,5,54.55,0,0,0,0,0,0,0,0
pbt,bintrie,5,4,storage_sstore_k10,4,,2015,15907288,1,17.5051,20.977,96.4689,4.5545,139.7776,113.8042,17,764,11,445,12,0,692,0,0,0,8,9,47.06,223,541,29.19,11,0,100,445,0
pbt,bintrie,5,4,storage_sstore_k10,4,,2016,21000,1,0.0548,0.5133,2.4415,0.7294,4.36,4.8165,6,0,0,0,2,0,0,0,0,0,2,4,33.33,0,0,0,0,0,0,0,0
pbt,bintrie,5,4,storage_sstore_k10,4,,2017,0,0,0.0312,0.4255,0.0023,0.3162,1.3702,0,4,0,0,0,0,0,0,0,0,0,0,4,0,0,0,0,0,0,0,0,0
pbt,bintrie,5,4,storage_sstore_k10,4,,2018,0,0,0.0913,1.3171,0.0044,0.8341,2.6704,0,4,0,0,0,0,0,0,0,0,0,0,4,0,0,0,0,0,0,0,0,0
pbt,bintrie,5,4,storage_sstore_k10,5,,2019,0,0,0.2362,2.9218,0.0064,0.7895,4.6079,0,4,0,0,0,0,0,0,0,0,0,0,4,0,0,0,0,0,0,0,0,0
pbt,bintrie,5,4,storage_sstore_k10,5,,2020,0,0,0.04,0.5343,0.0032,0.1942,1.0062,0,4,0,0,0,0,0,0,0,0,0,0,4,0,0,0,0,0,0,0,0,0
pbt,bintrie,5,4,storage_sstore_k10,5,,2021,0,0,0.028,0.4273,0.002,0.231,1.0888,0,4,0,0,0,0,0,0,0,0,0,0,4,0,0,0,0,0,0,0,0,0
pbt,bintrie,5,4,storage_sstore_k10,5,,2022,0,0,0.0575,0.6157,0.0035,0.1665,1.143,0,4,0,0,0,0,0,0,0,0,0,0,4,0,0,0,0,0,0,0,0,0
pbt,bintrie,5,4,storage_sstore_k10,5,,2023,0,0,0.0493,0.8648,0.0032,0.2085,1.4583,0,4,0,0,0,0,0,0,0,0,0,0,4,0,0,0,0,0,0,0,0,0
pbt,bintrie,5,4,storage_sstore_k10,5,,2024,0,0,0.1601,1.8952,0.0067,8.086,16.5549,0,4,0,0,0,0,0,0,0,0,0,0,4,0,0,0,0,0,0,0,0,0
pbt,bintrie,5,4,storage_sstore_k10,5,,2025,86950,2,0.6195,0.9566,0.6489,1.8057,31.4785,2.7622,11,0,0,0,3,0,0,0,1,165,4,7,36.36,0,0,0,0,0,0,0,0
pbt,bintrie,5,4,storage_sstore_k10,5,,2026,15907288,1,22.9898,66.5175,26.0953,4.764,120.7968,131.6864,17,764,11,445,12,0,692,0,0,0,7,10,41.18,513,251,67.15,11,0,100,445,0
pbt,bintrie,5,4,storage_sstore_k10,5,,2027,0,0,0.0866,1.5483,0.0038,0.3112,2.5104,0,4,0,0,0,0,0,0,0,0,0,0,4,0,0,0,0,0,0,0,0,0
pbt,bintrie,5,4,storage_sstore_k10,5,,2028,21000,1,0.3345,5.6955,109.7449,0.7854,124.2885,0.169,6,0,0,0,2,0,0,0,0,0,2,4,33.33,0,0,0,0,0,0,0,0
pbt,bintrie,5,4,storage_sstore_k10,5,,2029,0,0,0.0758,1.2279,0.0032,1.0147,3.4795,0,4,0,0,0,0,0,0,0,0,0,0,4,0,0,0,0,0,0,0,0,0
pbt,bintrie,5,4,storage_sstore_k10,5,,2030,0,0,0.0922,2.0938,0.0052,0.4077,4.3131,0,4,0,0,0,0,0,0,0,0,0,0,4,0,0,0,0,0,0,0,0,0
pbt,bintrie,5,4,storage_sstore_k10,6,,2031,0,0,0.0432,0.4462,0.002,0.1543,0.812,0,4,0,0,0,0,0,0,0,0,0,0,4,0,0,0,0,0,0,0,0,0
pbt,bintrie,5,4,storage_sstore_k10,6,,2032,0,0,0.3964,3.9581,0.0175,1.1841,7.9815,0,4,0,0,0,0,0,0,0,0,0,0,4,0,0,0,0,0,0,0,0,0
pbt,bintrie,5,4,storage_sstore_k10,6,,2033,0,0,0.0213,0.3243,0.0009,0.1035,0.5766,0,4,0,0,0,0,0,0,0,0,0,0,4,0,0,0,0,0,0,0,0,0
pbt,bintrie,5,4,storage_sstore_k10,6,,2034,0,0,0.0295,0.4133,0.0015,0.1724,0.8344,0,4,0,0,0,0,0,0,0,0,0,0,4,0,0,0,0,0,0,0,0,0
pbt,bintrie,5,4,storage_sstore_k10,6,,2035,0,0,0.1137,1.3034,0.0058,0.4626,2.3627,0,4,0,0,0,0,0,0,0,0,0,0,4,0,0,0,0,0,0,0,0,0
pbt,bintrie,5,4,storage_sstore_k10,6,,2036,0,0,0.1353,1.729,0.0073,10.4773,15.7831,0,4,0,0,0,0,0,0,0,0,0,0,4,0,0,0,0,0,0,0,0,0
pbt,bintrie,5,4,storage_sstore_k10,6,,2037,86950,2,2.0267,4.6015,2.4884,3.2505,14.6573,5.9322,11,0,0,0,3,0,0,0,1,165,4,7,36.36,0,0,0,0,0,0,0,0
pbt,bintrie,5,4,storage_sstore_k10,6,,2038,15907288,1,29.0478,28.0284,36.0147,5.1297,98.8424,160.9359,17,764,11,445,12,0,692,0,0,0,4,13,23.53,295,469,38.61,11,0,100,445,0
pbt,bintrie,5,4,storage_sstore_k10,6,,2039,21000,1,0.2059,1.6797,112.1082,0.8257,123.9618,0.1694,6,0,0,0,2,0,0,0,0,0,2,4,33.33,0,0,0,0,0,0,0,0
pbt,bintrie,5,4,storage_sstore_k10,6,,2040,0,0,0.037,0.462,0.0029,0.4608,1.6385,0,4,0,0,0,0,0,0,0,0,0,0,4,0,0,0,0,0,0,0,0,0
pbt,bintrie,5,4,storage_sstore_k10,7,,2041,0,0,0.0995,1.1818,0.0038,0.3039,2.0381,0,4,0,0,0,0,0,0,0,0,0,0,4,0,0,0,0,0,0,0,0,0
pbt,bintrie,5,4,storage_sstore_k10,7,,2042,0,0,0.0974,1.9888,0.0064,1.2947,5.235,0,4,0,0,0,0,0,0,0,0,0,0,4,0,0,0,0,0,0,0,0,0
pbt,bintrie,5,4,storage_sstore_k10,7,,2043,0,0,0.0341,0.8621,0.0023,0.1088,1.1984,0,4,0,0,0,0,0,0,0,0,0,0,4,0,0,0,0,0,0,0,0,0
pbt,bintrie,5,4,storage_sstore_k10,7,,2044,0,0,0.0785,1.2486,0.0067,0.282,2.06,0,4,0,0,0,0,0,0,0,0,0,0,4,0,0,0,0,0,0,0,0,0
pbt,bintrie,5,4,storage_sstore_k10,7,,2045,0,0,0.1347,1.582,0.0134,0.3704,2.7568,0,4,0,0,0,0,0,0,0,0,0,0,4,0,0,0,0,0,0,0,0,0
pbt,bintrie,5,4,storage_sstore_k10,7,,2046,0,0,0.0312,0.5699,0.0029,0.1613,0.9237,0,4,0,0,0,0,0,0,0,0,0,0,4,0,0,0,0,0,0,0,0,0
pbt,bintrie,5,4,storage_sstore_k10,7,,2047,86950,2,0.7143,28.4327,51.4367,2.585,84.5537,1.0283,11,0,0,0,3,0,0,0,1,165,4,7,36.36,0,0,0,0,0,0,0,0
pbt,bintrie,5,4,storage_sstore_k10,7,,2048,15907288,1,14.2933,15.0114,89.1517,5.2519,134.1279,118.5979,17,764,11,445,12,0,692,0,0,0,2,15,11.76,61,703,7.98,11,0,100,445,0
pbt,bintrie,5,4,storage_sstore_k10,7,,2049,21000,1,0.0764,0.5568,2.1615,0.6311,3.6134,5.8118,6,0,0,0,2,0,0,0,0,0,2,4,33.33,0,0,0,0,0,0,0,0
pbt,bintrie,5,4,storage_sstore_k10,7,,2050,0,0,0.5819,1.7126,0.0114,0.5221,3.4433,0,4,0,0,0,0,0,0,0,0,0,0,4,0,0,0,0,0,0,0,0,0
pbt,bintrie,5,4,storage_sstore_k10,8,,2052,0,0,0.072,0.6399,0.0029,0.4375,1.7613,0,4,0,0,0,0,0,0,0,0,0,0,4,0,0,0,0,0,0,0,0,0
pbt,bintrie,5,4,storage_sstore_k10,8,,2053,0,0,0.033,0.3955,0.002,0.2082,0.8464,0,4,0,0,0,0,0,0,0,0,0,0,4,0,0,0,0,0,0,0,0,0
pbt,bintrie,5,4,storage_sstore_k10,8,,2054,0,0,0.0887,1.3288,0.0073,0.3611,2.1504,0,4,0,0,0,0,0,0,0,0,0,0,4,0,0,0,0,0,0,0,0,0
pbt,bintrie,5,4,storage_sstore_k10,8,,2055,0,0,0.0222,0.3713,0.0012,0.1047,0.6157,0,4,0,0,0,0,0,0,0,0,0,0,4,0,0,0,0,0,0,0,0,0
pbt,bintrie,5,4,storage_sstore_k10,8,,2056,0,0,0.091,2.1043,0.0055,0.3307,3.4877,0,4,0,0,0,0,0,0,0,0,0,0,4,0,0,0,0,0,0,0,0,0
pbt,bintrie,5,4,storage_sstore_k10,8,,2057,0,0,0.2438,0.702,0.0041,5.6404,13.9463,0,4,0,0,0,0,0,0,0,0,0,0,4,0,0,0,0,0,0,0,0,0
pbt,bintrie,5,4,storage_sstore_k10,8,,2058,86950,2,0.7376,43.3254,35.9939,4.8873,85.2517,1.0199,11,0,0,0,3,0,0,0,1,165,4,7,36.36,0,0,0,0,0,0,0,0
pbt,bintrie,5,4,storage_sstore_k10,8,,2059,15907288,1,18.0417,43.2592,6.443,5.3167,116.4589,136.5914,17,764,11,445,12,0,692,0,0,0,0,17,0,5,759,0.65,11,0,100,445,0
pbt,bintrie,5,4,storage_sstore_k10,8,,2060,21000,1,0.2383,3.6338,103.6014,0.8161,110.1025,0.1907,6,0,0,0,2,0,0,0,0,0,2,4,33.33,0,0,0,0,0,0,0,0
pbt,bintrie,5,4,storage_sstore_k10,8,,2061,0,0,0.0572,0.7449,0.0076,0.4888,2.1886,0,4,0,0,0,0,0,0,0,0,0,0,4,0,0,0,0,0,0,0,0,0
pbt,bintrie,5,4,storage_sstore_k10,9,,2062,0,0,0.0542,0.5194,0.0023,0.1499,0.9569,0,4,0,0,0,0,0,0,0,0,0,0,4,0,0,0,0,0,0,0,0,0
pbt,bintrie,5,4,storage_sstore_k10,9,,2063,0,0,0.0391,0.5582,0.0041,0.1779,1.1392,0,4,0,0,0,0,0,0,0,0,0,0,4,0,0,0,0,0,0,0,0,0
pbt,bintrie,5,4,storage_sstore_k10,9,,2064,0,0,0.133,2.0661,0.0061,0.3847,3.163,0,4,0,0,0,0,0,0,0,0,0,0,4,0,0,0,0,0,0,0,0,0
pbt,bintrie,5,4,storage_sstore_k10,9,,2065,0,0,0.0846,1.7675,0.0041,0.343,2.8714,0,4,0,0,0,0,0,0,0,0,0,0,4,0,0,0,0,0,0,0,0,0
pbt,bintrie,5,4,storage_sstore_k10,9,,2066,0,0,0.1286,1.9614,0.0128,0.6519,3.4448,0,4,0,0,0,0,0,0,0,0,0,0,4,0,0,0,0,0,0,0,0,0
pbt,bintrie,5,4,storage_sstore_k10,9,,2067,0,0,0.0397,0.6209,0.0032,0.6629,1.6368,0,4,0,0,0,0,0,0,0,0,0,0,4,0,0,0,0,0,0,0,0,0
pbt,bintrie,5,4,storage_sstore_k10,9,,2068,86950,2,0.6839,3.1852,1.4603,1.8235,77.1115,1.1276,11,0,0,0,3,0,0,0,1,165,4,7,36.36,0,0,0,0,0,0,0,0
pbt,bintrie,5,4,storage_sstore_k10,9,,2069,15907288,1,20.6486,77.8243,5.4873,8.263,112.987,140.7887,17,764,11,445,12,0,692,0,0,0,0,17,0,0,764,0,11,0,100,445,0
pbt,bintrie,5,4,storage_sstore_k10,9,,2070,21000,1,0.273,3.7309,103.0534,0.7268,114.1816,0.1839,6,0,0,0,2,0,0,0,0,0,2,4,33.33,0,0,0,0,0,0,0,0
pbt,bintrie,5,4,storage_sstore_k10,9,,2071,0,0,0.0738,1.1558,0.0029,0.6618,2.9329,0,4,0,0,0,0,0,0,0,0,0,0,4,0,0,0,0,0,0,0,0,0
pbt,bintrie,5,4,storage_sstore_k10,9,,2072,0,0,0.1219,1.4968,0.009,0.7595,3.4486,0,4,0,0,0,0,0,0,0,0,0,0,4,0,0,0,0,0,0,0,0,0
pbt,bintrie,5,4,storage_sstore_k100,10,,2293,0,0,0.0478,0.4941,0.0015,0.1776,0.9082,0,4,0,0,0,0,0,0,0,0,0,0,4,0,0,0,0,0,0,0,0,0
pbt,bintrie,5,4,storage_sstore_k100,10,,2294,0,0,0.0779,1.3253,0.0058,0.2777,2.1142,0,4,0,0,0,0,0,0,0,0,0,0,4,0,0,0,0,0,0,0,0,0
pbt,bintrie,5,4,storage_sstore_k100,10,,2295,0,0,0.0846,0.9009,0.0032,0.1307,12.4477,0,4,0,0,0,0,0,0,0,0,0,0,4,0,0,0,0,0,0,0,0,0
pbt,bintrie,5,4,storage_sstore_k100,10,,2296,0,0,0.0723,1.1751,0.005,0.2622,1.9993,0,4,0,0,0,0,0,0,0,0,0,0,4,0,0,0,0,0,0,0,0,0
pbt,bintrie,5,4,storage_sstore_k100,10,,2297,0,0,0.0957,1.4787,0.0085,0.331,2.3018,0,4,0,0,0,0,0,0,0,0,0,0,4,0,0,0,0,0,0,0,0,0
pbt,bintrie,5,4,storage_sstore_k100,10,,2298,0,0,0.033,0.5183,0.0023,0.1292,0.8018,0,4,0,0,0,0,0,0,0,0,0,0,4,0,0,0,0,0,0,0,0,0
pbt,bintrie,5,4,storage_sstore_k100,10,,2299,86950,2,0.6478,1.4204,0.6626,12.0601,26.4593,3.2862,11,0,0,0,3,0,0,0,1,165,4,7,36.36,0,0,0,0,0,0,0,0
pbt,bintrie,5,4,storage_sstore_k100,10,,2300,15918216,1,26.042,66.5969,28.2076,16.5849,137.8606,115.466,106,687,100,2937,100,0,680,0,0,0,37,69,34.91,223,464,32.46,100,0,100,2937,0
pbt,bintrie,5,4,storage_sstore_k100,10,,2301,21000,1,0.0846,0.8589,16.1976,2.867,20.2811,1.0354,6,0,0,0,2,0,0,0,0,0,2,4,33.33,0,0,0,0,0,0,0,0
pbt,bintrie,5,4,storage_sstore_k100,10,,2302,0,0,0.434,1.3346,0.0079,0.6982,3.1132,0,4,0,0,0,0,0,0,0,0,0,0,4,0,0,0,0,0,0,0,0,0
pbt,bintrie,5,4,storage_sstore_k100,10,,2303,0,0,0.0895,1.4294,0.0061,0.3561,2.606,0,4,0,0,0,0,0,0,0,0,0,0,4,0,0,0,0,0,0,0,0,0
pbt,bintrie,5,4,storage_sstore_k100,11,,2304,0,0,0.0618,0.7749,0.0096,1.2177,4.6896,0,4,0,0,0,0,0,0,0,0,0,0,4,0,0,0,0,0,0,0,0,0
pbt,bintrie,5,4,storage_sstore_k100,11,,2305,0,0,0.0432,0.7009,0.0029,0.1718,1.1159,0,4,0,0,0,0,0,0,0,0,0,0,4,0,0,0,0,0,0,0,0,0
pbt,bintrie,5,4,storage_sstore_k100,11,,2306,0,0,0.0545,0.7324,0.0047,6.6755,9.8969,0,4,0,0,0,0,0,0,0,0,0,0,4,0,0,0,0,0,0,0,0,0
pbt,bintrie,5,4,storage_sstore_k100,11,,2307,0,0,0.0265,0.4092,0.0015,0.1937,0.7913,0,4,0,0,0,0,0,0,0,0,0,0,4,0,0,0,0,0,0,0,0,0
pbt,bintrie,5,4,storage_sstore_k100,11,,2308,0,0,0.0274,0.4214,0.0015,0.1995,0.8091,0,4,0,0,0,0,0,0,0,0,0,0,4,0,0,0,0,0,0,0,0,0
pbt,bintrie,5,4,storage_sstore_k100,11,,2309,0,0,0.0522,0.681,0.0041,0.2648,13.4779,0,4,0,0,0,0,0,0,0,0,0,0,4,0,0,0,0,0,0,0,0,0
pbt,bintrie,5,4,storage_sstore_k100,11,,2310,86950,2,0.5352,3.9336,4.6149,2.6506,12.0067,7.2418,11,0,0,0,3,0,0,0,1,165,5,6,45.45,0,0,0,0,0,0,0,0
pbt,bintrie,5,4,storage_sstore_k100,11,,2311,15918216,1,34.2504,101.598,54.2472,93.1711,283.5697,56.1351,106,687,100,2937,100,0,680,0,0,0,67,39,63.21,450,237,65.5,100,0,100,2937,0
pbt,bintrie,5,4,storage_sstore_k100,11,,2312,21000,1,0.2284,3.5477,103.4891,0.7186,115.2827,0.1822,6,0,0,0,2,0,0,0,0,0,2,4,33.33,0,0,0,0,0,0,0,0
pbt,bintrie,5,4,storage_sstore_k100,11,,2313,0,0,0.138,1.6934,0.0096,0.6594,3.6107,0,4,0,0,0,0,0,0,0,0,0,0,4,0,0,0,0,0,0,0,0,0
pbt,bintrie,5,4,storage_sstore_k100,12,,2315,0,0,0.1382,1.6082,0.007,0.5008,2.6888,0,4,0,0,0,0,0,0,0,0,0,0,4,0,0,0,0,0,0,0,0,0
pbt,bintrie,5,4,storage_sstore_k100,12,,2316,0,0,0.1102,1.5936,0.0099,0.4547,2.5334,0,4,0,0,0,0,0,0,0,0,0,0,4,0,0,0,0,0,0,0,0,0
pbt,bintrie,5,4,storage_sstore_k100,12,,2317,0,0,0.1668,1.3238,0.0023,0.1132,1.7718,0,4,0,0,0,0,0,0,0,0,0,0,4,0,0,0,0,0,0,0,0,0
pbt,bintrie,5,4,storage_sstore_k100,12,,2318,0,0,0.0362,0.6169,0.0076,1.2078,3.6282,0,4,0,0,0,0,0,0,0,0,0,0,4,0,0,0,0,0,0,0,0,0
pbt,bintrie,5,4,storage_sstore_k100,12,,2319,0,0,0.0318,0.5629,0.0029,0.2059,0.9715,0,4,0,0,0,0,0,0,0,0,0,0,4,0,0,0,0,0,0,0,0,0
pbt,bintrie,5,4,storage_sstore_k100,12,,2320,86950,2,1.3758,3.8983,49.5841,8.0994,63.5184,1.3689,11,0,0,0,3,0,0,0,1,165,4,7,36.36,0,0,0,0,0,0,0,0
pbt,bintrie,5,4,storage_sstore_k100,12,,2321,15918216,1,28.353,79.4302,59.4451,39.3014,207.0792,76.8702,106,687,100,2937,100,0,680,0,0,0,51,55,48.11,344,343,50.07,100,0,100,2937,0
pbt,bintrie,5,4,storage_sstore_k100,12,,2322,21000,1,0.0636,0.6037,20.4969,2.3248,23.655,0.8878,6,0,0,0,2,0,0,0,0,0,2,4,33.33,0,0,0,0,0,0,0,0
pbt,bintrie,5,4,storage_sstore_k100,12,,2323,0,0,0.0449,0.6775,0.0044,0.4039,1.871,0,4,0,0,0,0,0,0,0,0,0,0,4,0,0,0,0,0,0,0,0,0
pbt,bintrie,5,4,storage_sstore_k100,12,,2324,0,0,0.0919,1.2454,0.0058,0.6064,2.8758,0,4,0,0,0,0,0,0,0,0,0,0,4,0,0,0,0,0,0,0,0,0
pbt,bintrie,5,4,storage_sstore_k100,13,,2325,0,0,0.0744,0.7612,0.0023,0.2473,1.3218,0,4,0,0,0,0,0,0,0,0,0,0,4,0,0,0,0,0,0,0,0,0
pbt,bintrie,5,4,storage_sstore_k100,13,,2326,0,0,0.0347,0.4926,0.0018,0.1368,0.8694,0,4,0,0,0,0,0,0,0,0,0,0,4,0,0,0,0,0,0,0,0,0
pbt,bintrie,5,4,storage_sstore_k100,13,,2327,0,0,0.135,1.9398,0.0079,14.7714,41.1525,0,4,0,0,0,0,0,0,0,0,0,0,4,0,0,0,0,0,0,0,0,0
pbt,bintrie,5,4,storage_sstore_k100,13,,2328,0,0,0.037,0.56,0.0029,0.1928,1.0164,0,4,0,0,0,0,0,0,0,0,0,0,4,0,0,0,0,0,0,0,0,0
pbt,bintrie,5,4,storage_sstore_k100,13,,2329,0,0,0.1692,2.2499,0.0064,4.3796,19.1168,0,4,0,0,0,0,0,0,0,0,0,0,4,0,0,0,0,0,0,0,0,0
pbt,bintrie,5,4,storage_sstore_k100,13,,2330,86950,2,0.1549,1.6453,4.1089,2.8166,9.0473,9.6106,11,0,0,0,3,0,0,0,1,165,5,6,45.45,0,0,0,0,0,0,0,0
pbt,bintrie,5,4,storage_sstore_k100,13,,2331,15918216,1,14.8376,122.0836,23.5293,47.6125,208.3619,76.397,106,687,100,2937,100,0,680,0,0,0,12,94,11.32,47,640,6.84,100,0,100,2937,0
pbt,bintrie,5,4,storage_sstore_k100,13,,2332,21000,1,0.138,1.9185,97.9161,0.8231,104.6211,0.2007,6,0,0,0,2,0,0,0,0,0,2,4,33.33,0,0,0,0,0,0,0,0
pbt,bintrie,5,4,storage_sstore_k100,13,,2333,0,0,0.105,1.6056,0.0096,0.6828,3.4317,0,4,0,0,0,0,0,0,0,0,0,0,4,0,0,0,0,0,0,0,0,0
pbt,bintrie,5,4,storage_sstore_k100,14,,2334,0,0,0.0776,0.7134,0.0026,0.1785,1.2731,0,4,0,0,0,0,0,0,0,0,0,0,4,0,0,0,0,0,0,0,0,0
pbt,bintrie,5,4,storage_sstore_k100,14,,2335,0,0,0.0965,1.582,0.007,0.3911,2.4284,0,4,0,0,0,0,0,0,0,0,0,0,4,0,0,0,0,0,0,0,0,0
pbt,bintrie,5,4,storage_sstore_k100,14,,2336,0,0,0.0951,1.5977,0.0085,0.3652,2.3467,0,4,0,0,0,0,0,0,0,0,0,0,4,0,0,0,0,0,0,0,0,0
pbt,bintrie,5,4,storage_sstore_k100,14,,2337,0,0,0.0668,1.2267,0.0035,0.2704,1.9285,0,4,0,0,0,0,0,0,0,0,0,0,4,0,0,0,0,0,0,0,0,0
pbt,bintrie,5,4,storage_sstore_k100,14,,2338,0,0,0.0405,0.6484,0.0038,0.1814,1.0727,0,4,0,0,0,0,0,0,0,0,0,0,4,0,0,0,0,0,0,0,0,0
pbt,bintrie,5,4,storage_sstore_k100,14,,2339,86950,2,0.7347,85.1347,0.674,7.7934,113.9224,0.7632,11,0,0,0,3,0,0,0,1,165,4,7,36.36,0,0,0,0,0,0,0,0
pbt,bintrie,5,4,storage_sstore_k100,14,,2340,15918216,1,17.046,74.6475,25.979,28.5634,146.6005,108.5823,106,687,100,2937,100,0,680,0,0,0,25,81,23.58,132,555,19.21,100,0,100,2937,0
pbt,bintrie,5,4,storage_sstore_k100,14,,2341,21000,1,0.0621,0.6247,9.243,2.286,12.3792,1.6964,6,0,0,0,2,0,0,0,0,0,2,4,33.33,0,0,0,0,0,0,0,0
pbt,bintrie,5,4,storage_sstore_k100,14,,2342,0,0,0.0478,0.8137,0.0055,0.229,1.3941,0,4,0,0,0,0,0,0,0,0,0,0,4,0,0,0,0,0,0,0,0,0
pbt,bintrie,5,4,storage_sstore_k100,15,,2343,0,0,0.0633,0.7122,0.0032,0.2739,1.3163,0,4,0,0,0,0,0,0,0,0,0,0,4,0,0,0,0,0,0,0,0,0
pbt,bintrie,5,4,storage_sstore_k100,15,,2344,0,0,0.0437,0.6877,0.0032,0.1531,1.1322,0,4,0,0,0,0,0,0,0,0,0,0,4,0,0,0,0,0,0,0,0,0
pbt,bintrie,5,4,storage_sstore_k100,15,,2345,0,0,0.0411,0.6988,0.0035,0.2998,1.6963,0,4,0,0,0,0,0,0,0,0,0,0,4,0,0,0,0,0,0,0,0,0
pbt,bintrie,5,4,storage_sstore_k100,15,,2346,0,0,0.0341,0.5862,0.0032,0.18,1.0316,0,4,0,0,0,0,0,0,0,0,0,0,4,0,0,0,0,0,0,0,0,0
pbt,bintrie,5,4,storage_sstore_k100,15,,2347,0,0,0.0831,1.2197,0.005,0.2727,1.925,0,4,0,0,0,0,0,0,0,0,0,0,4,0,0,0,0,0,0,0,0,0
pbt,bintrie,5,4,storage_sstore_k100,15,,2348,86950,2,2.0264,6.4162,77.5606,2.363,89.2282,0.9745,11,0,0,0,3,0,0,0,1,165,4,7,36.36,0,0,0,0,0,0,0,0
pbt,bintrie,5,4,storage_sstore_k100,15,,2349,15918216,1,13.7853,32.6967,37.2705,14.5401,100.4894,158.4069,106,687,100,2937,100,0,680,0,0,0,0,106,0,0,687,0,100,0,100,2937,0
pbt,bintrie,5,4,storage_sstore_k100,15,,2350,21000,1,0.2205,1.8427,80.3501,0.8636,89.6446,0.2343,6,0,0,0,2,0,0,0,0,0,2,4,33.33,0,0,0,0,0,0,0,0
pbt,bintrie,5,4,storage_sstore_k100,15,,2351,0,0,0.0907,1.9308,0.0061,0.4133,2.9495,0,4,0,0,0,0,0,0,0,0,0,0,4,0,0,0,0,0,0,0,0,0
pbt,bintrie,5,4,storage_sstore_k100,15,,2352,0,0,0.0385,0.6154,0.0032,0.3736,1.6718,0,4,0,0,0,0,0,0,0,0,0,0,4,0,0,0,0,0,0,0,0,0
pbt,bintrie,5,4,storage_sstore_k100,16,,2353,0,0,0.1245,1.246,0.0058,1.656,4.4178,0,4,0,0,0,0,0,0,0,0,0,0,4,0,0,0,0,0,0,0,0,0
pbt,bintrie,5,4,storage_sstore_k100,16,,2354,0,0,0.1149,2.0775,0.0073,0.5673,3.3964,0,4,0,0,0,0,0,0,0,0,0,0,4,0,0,0,0,0,0,0,0,0
pbt,bintrie,5,4,storage_sstore_k100,16,,2355,0,0,0.0758,0.8108,0.0067,0.3815,19.0261,0,4,0,0,0,0,0,0,0,0,0,0,4,0,0,0,0,0,0,0,0,0
pbt,bintrie,5,4,storage_sstore_k100,16,,2356,0,0,0.089,2.0332,0.0076,0.359,3.1257,0,4,0,0,0,0,0,0,0,0,0,0,4,0,0,0,0,0,0,0,0,0
pbt,bintrie,5,4,storage_sstore_k100,16,,2357,0,0,0.0793,1.2229,0.0055,0.2984,2.2,0,4,0,0,0,0,0,0,0,0,0,0,4,0,0,0,0,0,0,0,0,0
pbt,bintrie,5,4,storage_sstore_k100,16,,2358,86950,2,0.8146,14.9429,4.7275,2.4327,23.3809,3.7189,11,0,0,0,3,0,0,0,1,165,4,7,36.36,0,0,0,0,0,0,0,0
pbt,bintrie,5,4,storage_sstore_k100,16,,2359,15918216,1,34.7952,86.3865,22.1174,21.1707,164.7387,96.6271,106,687,100,2937,100,0,680,0,0,0,42,64,39.62,249,438,36.24,100,0,100,2937,0
pbt,bintrie,5,4,storage_sstore_k100,16,,2360,21000,1,3.0289,2.8303,106.8406,0.7566,117.0481,0.1794,6,0,0,0,2,0,0,0,0,0,2,4,33.33,0,0,0,0,0,0,0,0
pbt,bintrie,5,4,storage_sstore_k100,16,,2361,0,0,0.1155,1.7502,0.0099,0.8298,3.903,0,4,0,0,0,0,0,0,0,0,0,0,4,0,0,0,0,0,0,0,0,0
pbt,bintrie,5,4,storage_sstore_k100,17,,2363,0,0,0.0659,0.7548,0.0041,0.2584,1.3615,0,4,0,0,0,0,0,0,0,0,0,0,4,0,0,0,0,0,0,0,0,0
pbt,bintrie,5,4,storage_sstore_k100,17,,2364,0,0,0.0347,0.4792,0.0029,0.1581,0.9117,0,4,0,0,0,0,0,0,0,0,0,0,4,0,0,0,0,0,0,0,0,0
pbt,bintrie,5,4,storage_sstore_k100,17,,2365,0,0,0.061,0.7073,0.0035,0.3226,1.6298,0,4,0,0,0,0,0,0,0,0,0,0,4,0,0,0,0,0,0,0,0,0
pbt,bintrie,5,4,storage_sstore_k100,17,,2366,0,0,0.0239,0.3576,0.0009,0.1423,0.6437,0,4,0,0,0,0,0,0,0,0,0,0,4,0,0,0,0,0,0,0,0,0
pbt,bintrie,5,4,storage_sstore_k100,17,,2367,0,0,0.0706,0.7134,0.0026,0.1797,1.2495,0,4,0,0,0,0,0,0,0,0,0,0,4,0,0,0,0,0,0,0,0,0
pbt,bintrie,5,4,storage_sstore_k100,17,,2368,86950,2,0.8747,3.378,1.5093,4.0348,16.2253,5.3589,11,0,0,0,3,0,0,0,1,165,4,7,36.36,0,0,0,0,0,0,0,0
pbt,bintrie,5,4,storage_sstore_k100,17,,2369,15918216,1,38.5401,31.1848,21.4139,13.6584,105.202,151.3109,106,687,100,2937,100,0,680,0,0,0,99,7,93.4,683,4,99.42,100,0,100,2937,0
pbt,bintrie,5,4,storage_sstore_k100,17,,2370,21000,1,0.2322,12.0601,116.8465,0.7391,130.5501,0.1609,6,0,0,0,2,0,0,0,0,0,2,4,33.33,0,0,0,0,0,0,0,0
pbt,bintrie,5,4,storage_sstore_k100,17,,2371,0,0,0.0356,0.4617,0.0041,0.8621,2.3712,0,4,0,0,0,0,0,0,0,0,0,0,4,0,0,0,0,0,0,0,0,0
pbt,bintrie,5,4,storage_sstore_k100,18,,2373,0,0,0.0706,0.7983,0.0041,0.2695,1.4665,0,4,0,0,0,0,0,0,0,0,0,0,4,0,0,0,0,0,0,0,0,0
pbt,bintrie,5,4,storage_sstore_k100,18,,2374,0,0,0.0289,0.443,0.002,0.1744,0.8435,0,4,0,0,0,0,0,0,0,0,0,0,4,0,0,0,0,0,0,0,0,0
pbt,bintrie,5,4,storage_sstore_k100,18,,2375,0,0,0.1695,2.1545,0.007,2.2338,8.8906,0,4,0,0,0,0,0,0,0,0,0,0,4,0,0,0,0,0,0,0,0,0
pbt,bintrie,5,4,storage_sstore_k100,18,,2376,0,0,0.1353,2.0985,0.0053,0.4795,3.4331,0,4,0,0,0,0,0,0,0,0,0,0,4,0,0,0,0,0,0,0,0,0
pbt,bintrie,5,4,storage_sstore_k100,18,,2377,0,0,0.0712,1.2288,0.0064,0.2747,1.9022,0,4,0,0,0,0,0,0,0,0,0,0,4,0,0,0,0,0,0,0,0,0
pbt,bintrie,5,4,storage_sstore_k100,18,,2378,86950,2,1.9632,5.7474,60.8786,2.5637,71.8426,1.2103,11,0,0,0,3,0,0,0,1,165,4,7,36.36,0,0,0,0,0,0,0,0
pbt,bintrie,5,4,storage_sstore_k100,18,,2379,15918216,1,40.256,17.6343,35.077,15.4092,108.8023,146.3041,106,687,100,2937,100,0,680,0,0,0,57,49,53.77,372,315,54.15,100,0,100,2937,0
pbt,bintrie,5,4,storage_sstore_k100,18,,2380,21000,1,0.054,0.6204,18.5282,0.9479,20.27,1.036,6,0,0,0,2,0,0,0,0,0,2,4,33.33,0,0,0,0,0,0,0,0
pbt,bintrie,5,4,storage_sstore_k100,18,,2381,0,0,0.0507,0.7612,0.0044,0.4182,1.9066,0,4,0,0,0,0,0,0,0,0,0,0,4,0,0,0,0,0,0,0,0,0
pbt,bintrie,5,4,storage_sstore_k100,19,,2383,0,0,0.04,0.4486,0.0012,0.1604,0.7828,0,4,0,0,0,0,0,0,0,0,0,0,4,0,0,0,0,0,0,0,0,0
pbt,bintrie,5,4,storage_sstore_k100,19,,2384,0,0,0.0971,1.5125,0.007,0.2835,2.2685,0,4,0,0,0,0,0,0,0,0,0,0,4,0,0,0,0,0,0,0,0,0
pbt,bintrie,5,4,storage_sstore_k100,19,,2385,0,0,0.0204,0.3897,0.0015,0.1097,0.6201,0,4,0,0,0,0,0,0,0,0,0,0,4,0,0,0,0,0,0,0,0,0
pbt,bintrie,5,4,storage_sstore_k100,19,,2386,0,0,0.0239,0.4127,0.0012,0.1347,0.7615,0,4,0,0,0,0,0,0,0,0,0,0,4,0,0,0,0,0,0,0,0,0
pbt,bintrie,5,4,storage_sstore_k100,19,,2387,0,0,0.0685,1.2279,0.0026,0.2774,2.0183,0,4,0,0,0,0,0,0,0,0,0,0,4,0,0,0,0,0,0,0,0,0
pbt,bintrie,5,4,storage_sstore_k100,19,,2388,0,0,0.1059,1.9247,0.0093,8.6719,21.131,0,4,0,0,0,0,0,0,0,0,0,0,4,0,0,0,0,0,0,0,0,0
pbt,bintrie,5,4,storage_sstore_k100,19,,2389,86950,2,0.3106,2.3362,40.2955,5.1247,48.667,1.7866,11,0,0,0,3,0,0,0,1,165,7,4,63.64,0,0,0,0,0,0,0,0
pbt,bintrie,5,4,storage_sstore_k100,19,,2390,15918216,1,13.3857,35.2205,34.9408,28.0911,111.8481,142.32,106,687,100,2937,100,0,680,0,0,0,62,44,58.49,446,241,64.92,100,0,100,2937,0
pbt,bintrie,5,4,storage_sstore_k100,19,,2391,21000,1,0.1485,2.7495,6.6472,0.9855,10.9037,1.926,6,0,0,0,2,0,0,0,0,0,2,4,33.33,0,0,0,0,0,0,0,0
pbt,bintrie,5,4,storage_sstore_k100,19,,2392,0,0,0.0773,1.7109,0.0055,0.4949,2.6675,0,4,0,0,0,0,0,0,0,0,0,0,4,0,0,0,0,0,0,0,0,0
pbt,bintrie,5,4,storage_sstore_k100,19,,2393,0,0,0.1032,2.109,0.0067,0.5049,3.8356,0,4,0,0,0,0,0,0,0,0,0,0,4,0,0,0,0,0,0,0,0,0
pbt,bintrie,5,4,storage_sstore_k100,1,,2197,0,0,0.1129,1.239,0.0047,0.3287,2.0256,0,4,0,0,0,0,0,0,0,0,0,0,4,0,0,0,0,0,0,0,0,0
pbt,bintrie,5,4,storage_sstore_k100,1,,2198,0,0,0.0449,0.5396,0.002,0.1444,0.966,0,4,0,0,0,0,0,0,0,0,0,0,4,0,0,0,0,0,0,0,0,0
pbt,bintrie,5,4,storage_sstore_k100,1,,2199,0,0,0.0507,0.7163,0.005,1.0663,2.1011,0,4,0,0,0,0,0,0,0,0,0,0,4,0,0,0,0,0,0,0,0,0
pbt,bintrie,5,4,storage_sstore_k100,1,,2200,0,0,0.0834,1.3285,0.0099,0.2721,2.02,0,4,0,0,0,0,0,0,0,0,0,0,4,0,0,0,0,0,0,0,0,0
pbt,bintrie,5,4,storage_sstore_k100,1,,2201,0,0,0.028,0.3719,0.0015,0.1823,0.7726,0,4,0,0,0,0,0,0,0,0,0,0,4,0,0,0,0,0,0,0,0,0
pbt,bintrie,5,4,storage_sstore_k100,1,,2202,86950,2,0.7819,79.7163,0.6291,3.6186,85.2383,1.0201,11,0,0,0,3,0,0,0,1,165,4,7,36.36,0,0,0,0,0,0,0,0
pbt,bintrie,5,4,storage_sstore_k100,1,,2203,15918216,1,16.9632,71.3253,41.1969,15.0764,145.0695,109.7282,106,687,100,2937,100,0,680,0,0,0,23,83,21.7,168,519,24.45,100,0,100,2937,0
pbt,bintrie,5,4,storage_sstore_k100,1,,2204,21000,1,0.0642,1.0438,76.7711,0.73,83.6715,0.251,6,0,0,0,2,0,0,0,0,0,2,4,33.33,0,0,0,0,0,0,0,0
pbt,bintrie,5,4,storage_sstore_k100,1,,2205,0,0,0.0857,1.7479,0.0058,0.5652,3.0239,0,4,0,0,0,0,0,0,0,0,0,0,4,0,0,0,0,0,0,0,0,0
pbt,bintrie,5,4,storage_sstore_k100,20,,2394,0,0,0.105,0.7726,0.0026,0.2339,1.3728,0,4,0,0,0,0,0,0,0,0,0,0,4,0,0,0,0,0,0,0,0,0
pbt,bintrie,5,4,storage_sstore_k100,20,,2395,0,0,0.0805,1.2728,0.0055,0.3646,2.1414,0,4,0,0,0,0,0,0,0,0,0,0,4,0,0,0,0,0,0,0,0,0
pbt,bintrie,5,4,storage_sstore_k100,20,,2396,0,0,0.0178,0.3313,0.0015,0.0925,0.5714,0,4,0,0,0,0,0,0,0,0,0,0,4,0,0,0,0,0,0,0,0,0
pbt,bintrie,5,4,storage_sstore_k100,20,,2397,0,0,0.0295,0.4107,0.0015,0.152,0.7994,0,4,0,0,0,0,0,0,0,0,0,0,4,0,0,0,0,0,0,0,0,0
pbt,bintrie,5,4,storage_sstore_k100,20,,2398,0,0,0.0306,0.4424,0.0012,0.163,0.8304,0,4,0,0,0,0,0,0,0,0,0,0,4,0,0,0,0,0,0,0,0,0
pbt,bintrie,5,4,storage_sstore_k100,20,,2399,86950,2,1.0418,38.5909,1.7911,3.0076,68.0242,1.2782,11,0,0,0,3,0,0,0,1,165,4,7,36.36,0,0,0,0,0,0,0,0
pbt,bintrie,5,4,storage_sstore_k100,20,,2400,15918216,1,12.7793,24.2439,118.1126,43.0963,206.9793,76.9073,106,687,100,2937,100,0,680,0,0,0,0,106,0,0,687,0,100,0,100,2937,0
pbt,bintrie,5,4,storage_sstore_k100,20,,2401,21000,1,0.0653,0.784,2.1837,0.7315,3.9893,5.2641,6,0,0,0,2,0,0,0,0,0,2,4,33.33,0,0,0,0,0,0,0,0
pbt,bintrie,5,4,storage_sstore_k100,20,,2402,0,0,0.1219,1.8485,0.0093,0.4506,3.0767,0,4,0,0,0,0,0,0,0,0,0,0,4,0,0,0,0,0,0,0,0,0
pbt,bintrie,5,4,storage_sstore_k100,2,,2207,0,0,0.079,0.7496,0.0038,0.217,1.3693,0,4,0,0,0,0,0,0,0,0,0,0,4,0,0,0,0,0,0,0,0,0
pbt,bintrie,5,4,storage_sstore_k100,2,,2208,0,0,0.03,0.4139,0.0023,0.2368,0.8624,0,4,0,0,0,0,0,0,0,0,0,0,4,0,0,0,0,0,0,0,0,0
pbt,bintrie,5,4,storage_sstore_k100,2,,2209,0,0,0.0642,0.7119,0.0041,0.2858,19.7235,0,4,0,0,0,0,0,0,0,0,0,0,4,0,0,0,0,0,0,0,0,0
pbt,bintrie,5,4,storage_sstore_k100,2,,2210,0,0,0.0487,0.9916,0.0044,0.2692,1.5852,0,4,0,0,0,0,0,0,0,0,0,0,4,0,0,0,0,0,0,0,0,0
pbt,bintrie,5,4,storage_sstore_k100,2,,2211,0,0,0.0423,0.7784,0.0032,0.1945,1.3402,0,4,0,0,0,0,0,0,0,0,0,0,4,0,0,0,0,0,0,0,0,0
pbt,bintrie,5,4,storage_sstore_k100,2,,2212,0,0,0.0569,0.7443,0.0038,0.2278,15.6831,0,4,0,0,0,0,0,0,0,0,0,0,4,0,0,0,0,0,0,0,0,0
pbt,bintrie,5,4,storage_sstore_k100,2,,2213,86950,2,0.2263,1.9095,63.0243,4.6365,70.0816,1.2407,11,0,0,0,3,0,0,0,1,165,5,6,45.45,0,0,0,0,0,0,0,0
pbt,bintrie,5,4,storage_sstore_k100,2,,2214,0,0,0.1269,1.3825,0.0061,0.5597,3.1199,0,4,0,0,0,0,0,0,0,0,0,0,4,0,0,0,0,0,0,0,0,0
pbt,bintrie,5,4,storage_sstore_k100,2,,2215,15918216,1,25.7561,13.1031,46.5771,41.6688,127.3078,125.0373,106,687,100,2937,100,0,680,0,0,0,85,21,80.19,551,136,80.2,100,0,100,2937,0
pbt,bintrie,5,4,storage_sstore_k100,2,,2216,21000,1,0.2491,1.8532,104.3574,0.7554,115.9543,0.1811,6,0,0,0,2,0,0,0,0,0,2,4,33.33,0,0,0,0,0,0,0,0
pbt,bintrie,5,4,storage_sstore_k100,2,,2217,0,0,0.1196,1.6633,0.0087,0.7446,3.6227,0,4,0,0,0,0,0,0,0,0,0,0,4,0,0,0,0,0,0,0,0,0
pbt,bintrie,5,4,storage_sstore_k100,2,,2218,0,0,0.1123,2.3724,0.0061,0.8187,5.1186,0,4,0,0,0,0,0,0,0,0,0,0,4,0,0,0,0,0,0,0,0,0
pbt,bintrie,5,4,storage_sstore_k100,3,,2219,0,0,0.1024,1.2684,0.0041,0.3908,2.1962,0,4,0,0,0,0,0,0,0,0,0,0,4,0,0,0,0,0,0,0,0,0
pbt,bintrie,5,4,storage_sstore_k100,3,,2220,0,0,0.203,2.2825,0.0076,0.3272,3.4982,0,4,0,0,0,0,0,0,0,0,0,0,4,0,0,0,0,0,0,0,0,0
pbt,bintrie,5,4,storage_sstore_k100,3,,2221,0,0,0.0499,0.7426,0.0023,0.1417,4.2366,0,4,0,0,0,0,0,0,0,0,0,0,4,0,0,0,0,0,0,0,0,0
pbt,bintrie,5,4,storage_sstore_k100,3,,2222,0,0,0.0335,0.5536,0.0026,0.1759,0.945,0,4,0,0,0,0,0,0,0,0,0,0,4,0,0,0,0,0,0,0,0,0
pbt,bintrie,5,4,storage_sstore_k100,3,,2223,0,0,0.0312,0.5323,0.0035,0.149,0.9561,0,4,0,0,0,0,0,0,0,0,0,0,4,0,0,0,0,0,0,0,0,0
pbt,bintrie,5,4,storage_sstore_k100,3,,2224,0,0,0.0207,0.4433,0.002,0.1205,0.7289,0,4,0,0,0,0,0,0,0,0,0,0,4,0,0,0,0,0,0,0,0,0
pbt,bintrie,5,4,storage_sstore_k100,3,,2225,86950,2,1.4341,3.8797,1.9057,4.4221,12.1844,7.1362,11,0,0,0,3,0,0,0,1,165,4,7,36.36,0,0,0,0,0,0,0,0
pbt,bintrie,5,4,storage_sstore_k100,3,,2226,15918216,1,14.7343,58.9122,21.1669,23.5681,118.7248,134.0766,106,687,100,2937,100,0,680,0,0,0,3,103,2.83,18,669,2.62,100,0,100,2937,0
pbt,bintrie,5,4,storage_sstore_k100,3,,2227,21000,1,0.0589,0.5766,9.9155,1.0963,11.7714,1.784,6,0,0,0,2,0,0,0,0,0,2,4,33.33,0,0,0,0,0,0,0,0
pbt,bintrie,5,4,storage_sstore_k100,3,,2228,0,0,0.056,0.982,0.0038,0.3162,1.6852,0,4,0,0,0,0,0,0,0,0,0,0,4,0,0,0,0,0,0,0,0,0
pbt,bintrie,5,4,storage_sstore_k100,3,,2229,0,0,0.0887,2.0145,0.0061,0.5959,3.2272,0,4,0,0,0,0,0,0,0,0,0,0,4,0,0,0,0,0,0,0,0,0
pbt,bintrie,5,4,storage_sstore_k100,4,,2230,0,0,0.0598,0.5714,0.0029,0.1887,1.0546,0,4,0,0,0,0,0,0,0,0,0,0,4,0,0,0,0,0,0,0,0,0
pbt,bintrie,5,4,storage_sstore_k100,4,,2231,0,0,0.0954,1.4985,0.0076,0.3328,2.4642,0,4,0,0,0,0,0,0,0,0,0,0,4,0,0,0,0,0,0,0,0,0
pbt,bintrie,5,4,storage_sstore_k100,4,,2232,0,0,0.0242,0.492,0.002,0.1622,0.7965,0,4,0,0,0,0,0,0,0,0,0,0,4,0,0,0,0,0,0,0,0,0
pbt,bintrie,5,4,storage_sstore_k100,4,,2233,0,0,0.0353,0.5402,0.0023,0.1412,0.9155,0,4,0,0,0,0,0,0,0,0,0,0,4,0,0,0,0,0,0,0,0,0
pbt,bintrie,5,4,storage_sstore_k100,4,,2234,0,0,0.0945,1.3638,0.0047,0.3447,2.0959,0,4,0,0,0,0,0,0,0,0,0,0,4,0,0,0,0,0,0,0,0,0
pbt,bintrie,5,4,storage_sstore_k100,4,,2235,0,0,0.0257,0.4465,0.0023,0.1076,0.7076,0,4,0,0,0,0,0,0,0,0,0,0,4,0,0,0,0,0,0,0,0,0
pbt,bintrie,5,4,storage_sstore_k100,4,,2236,86950,2,0.1345,2.3225,5.5701,3.3319,11.774,7.3849,11,0,0,0,3,0,0,0,1,165,5,6,45.45,0,0,0,0,0,0,0,0
pbt,bintrie,5,4,storage_sstore_k100,4,,2237,15918216,1,40.748,69.8503,65.4603,20.9892,203.966,78.0435,106,687,100,2937,100,0,680,0,0,0,84,22,79.25,589,98,85.74,100,0,100,2937,0
pbt,bintrie,5,4,storage_sstore_k100,4,,2238,21000,1,0.2809,3.9546,97.772,0.7571,107.999,0.1944,6,0,0,0,2,0,0,0,0,0,2,4,33.33,0,0,0,0,0,0,0,0
pbt,bintrie,5,4,storage_sstore_k100,4,,2239,0,0,0.1024,1.4918,0.0079,0.5311,3.0566,0,4,0,0,0,0,0,0,0,0,0,0,4,0,0,0,0,0,0,0,0,0
pbt,bintrie,5,4,storage_sstore_k100,4,,2240,0,0,0.0977,1.9252,0.005,0.3847,3.8219,0,4,0,0,0,0,0,0,0,0,0,0,4,0,0,0,0,0,0,0,0,0
pbt,bintrie,5,4,storage_sstore_k100,5,,2241,0,0,0.0636,0.5988,0.0032,0.2047,1.1529,0,4,0,0,0,0,0,0,0,0,0,0,4,0,0,0,0,0,0,0,0,0
pbt,bintrie,5,4,storage_sstore_k100,5,,2242,0,0,0.0796,1.7319,0.0053,0.4643,2.6856,0,4,0,0,0,0,0,0,0,0,0,0,4,0,0,0,0,0,0,0,0,0
pbt,bintrie,5,4,storage_sstore_k100,5,,2243,0,0,0.0612,0.8248,0.0038,0.2937,4.8894,0,4,0,0,0,0,0,0,0,0,0,0,4,0,0,0,0,0,0,0,0,0
pbt,bintrie,5,4,storage_sstore_k100,5,,2244,0,0,0.03,0.4121,0.0015,0.1347,0.7802,0,4,0,0,0,0,0,0,0,0,0,0,4,0,0,0,0,0,0,0,0,0
pbt,bintrie,5,4,storage_sstore_k100,5,,2245,0,0,0.0254,0.4013,0.002,0.1412,0.7913,0,4,0,0,0,0,0,0,0,0,0,0,4,0,0,0,0,0,0,0,0,0
pbt,bintrie,5,4,storage_sstore_k100,5,,2246,86950,2,1.9964,44.7198,1.0024,7.817,66.6109,1.3053,11,0,0,0,3,0,0,0,1,165,4,7,36.36,0,0,0,0,0,0,0,0
pbt,bintrie,5,4,storage_sstore_k100,5,,2247,15918216,1,25.643,42.2632,24.1208,15.5274,107.962,147.4428,106,687,100,2937,100,0,680,0,0,0,36,70,33.96,222,465,32.31,100,0,100,2937,0
pbt,bintrie,5,4,storage_sstore_k100,5,,2248,21000,1,0.0793,0.6157,52.2239,2.3394,55.4269,0.3789,6,0,0,0,2,0,0,0,0,0,0,6,0,0,0,0,0,0,0,0,0
pbt,bintrie,5,4,storage_sstore_k100,5,,2249,0,0,0.056,0.8204,0.007,0.3611,1.955,0,4,0,0,0,0,0,0,0,0,0,0,4,0,0,0,0,0,0,0,0,0
pbt,bintrie,5,4,storage_sstore_k100,6,,2251,0,0,0.166,1.7666,0.0073,0.4842,2.8726,0,4,0,0,0,0,0,0,0,0,0,0,4,0,0,0,0,0,0,0,0,0
pbt,bintrie,5,4,storage_sstore_k100,6,,2252,0,0,0.0443,0.672,0.0032,0.1905,1.1509,0,4,0,0,0,0,0,0,0,0,0,0,4,0,0,0,0,0,0,0,0,0
pbt,bintrie,5,4,storage_sstore_k100,6,,2253,0,0,0.0262,0.436,0.0015,0.1231,0.7534,0,4,0,0,0,0,0,0,0,0,0,0,4,0,0,0,0,0,0,0,0,0
pbt,bintrie,5,4,storage_sstore_k100,6,,2254,0,0,0.142,1.9206,0.0102,0.4322,3.1625,0,4,0,0,0,0,0,0,0,0,0,0,4,0,0,0,0,0,0,0,0,0
pbt,bintrie,5,4,storage_sstore_k100,6,,2255,0,0,0.0866,1.388,0.0093,0.2987,2.2309,0,4,0,0,0,0,0,0,0,0,0,0,4,0,0,0,0,0,0,0,0,0
pbt,bintrie,5,4,storage_sstore_k100,6,,2256,0,0,0.0391,0.6282,0.0026,0.1706,1.0001,0,4,0,0,0,0,0,0,0,0,0,0,4,0,0,0,0,0,0,0,0,0
pbt,bintrie,5,4,storage_sstore_k100,6,,2257,86950,2,0.1324,0.8627,42.5388,7.3367,51.0398,1.7036,11,0,0,0,3,0,0,0,1,165,6,5,54.55,0,0,0,0,0,0,0,0
pbt,bintrie,5,4,storage_sstore_k100,6,,2258,15918216,1,28.0179,73.9021,92.7975,31.258,226.5669,70.2583,106,687,100,2937,100,0,680,0,0,0,69,37,65.09,451,236,65.65,100,0,100,2937,0
pbt,bintrie,5,4,storage_sstore_k100,6,,2259,21000,1,0.6892,1.7179,6.7849,0.756,106.1496,0.1978,6,0,0,0,2,0,0,0,0,0,0,6,0,0,0,0,0,0,0,0,0
pbt,bintrie,5,4,storage_sstore_k100,6,,2260,0,0,0.0394,0.5892,0.0041,0.4002,1.5391,0,4,0,0,0,0,0,0,0,0,0,0,4,0,0,0,0,0,0,0,0,0
pbt,bintrie,5,4,storage_sstore_k100,6,,2261,0,0,0.1012,1.9573,0.0073,0.9149,4.8351,0,4,0,0,0,0,0,0,0,0,0,0,4,0,0,0,0,0,0,0,0,0
pbt,bintrie,5,4,storage_sstore_k100,7,,2262,0,0,0.0639,0.527,0.0026,0.1496,0.9482,0,4,0,0,0,0,0,0,0,0,0,0,4,0,0,0,0,0,0,0,0,0
pbt,bintrie,5,4,storage_sstore_k100,7,,2263,0,0,0.0866,1.3772,0.0067,0.2885,2.1189,0,4,0,0,0,0,0,0,0,0,0,0,4,0,0,0,0,0,0,0,0,0
pbt,bintrie,5,4,storage_sstore_k100,7,,2264,0,0,0.0277,0.5652,0.0023,0.1216,0.8805,0,4,0,0,0,0,0,0,0,0,0,0,4,0,0,0,0,0,0,0,0,0
pbt,bintrie,5,4,storage_sstore_k100,7,,2265,0,0,0.0356,0.5445,0.0038,0.1394,0.8936,0,4,0,0,0,0,0,0,0,0,0,0,4,0,0,0,0,0,0,0,0,0
pbt,bintrie,5,4,storage_sstore_k100,7,,2266,0,0,0.0461,0.6061,0.0038,0.3124,1.5642,0,4,0,0,0,0,0,0,0,0,0,0,4,0,0,0,0,0,0,0,0,0
pbt,bintrie,5,4,storage_sstore_k100,7,,2267,86950,2,0.7332,1.5718,36.0392,2.5334,72.986,1.1913,11,0,0,0,3,0,0,0,1,165,4,7,36.36,0,0,0,0,0,0,0,0
pbt,bintrie,5,4,storage_sstore_k100,7,,2268,15918216,1,18.2223,72.3405,34.6903,24.9829,150.4784,105.7841,106,687,100,2937,100,0,680,0,0,0,37,69,34.91,184,503,26.78,100,0,100,2937,0
pbt,bintrie,5,4,storage_sstore_k100,7,,2269,21000,1,0.2403,3.0099,106.9666,0.7668,117.7043,0.1784,6,0,0,0,2,0,0,0,0,0,2,4,33.33,0,0,0,0,0,0,0,0
pbt,bintrie,5,4,storage_sstore_k100,7,,2270,0,0,0.1006,1.5473,0.0105,0.6828,3.2943,0,4,0,0,0,0,0,0,0,0,0,0,4,0,0,0,0,0,0,0,0,0
pbt,bintrie,5,4,storage_sstore_k100,7,,2271,0,0,0.0694,1.2886,0.0047,0.5655,2.9507,0,4,0,0,0,0,0,0,0,0,0,0,4,0,0,0,0,0,0,0,0,0
pbt,bintrie,5,4,storage_sstore_k100,8,,2272,0,0,0.047,0.4952,0.0023,0.1438,0.8846,0,4,0,0,0,0,0,0,0,0,0,0,4,0,0,0,0,0,0,0,0,0
pbt,bintrie,5,4,storage_sstore_k100,8,,2273,0,0,0.0761,1.1456,0.0055,0.3526,1.9917,0,4,0,0,0,0,0,0,0,0,0,0,4,0,0,0,0,0,0,0,0,0
pbt,bintrie,5,4,storage_sstore_k100,8,,2274,0,0,0.1091,1.4738,0.0029,0.2535,7.5791,0,4,0,0,0,0,0,0,0,0,0,0,4,0,0,0,0,0,0,0,0,0
pbt,bintrie,5,4,storage_sstore_k100,8,,2275,0,0,0.0697,1.5831,0.0044,0.3514,2.4263,0,4,0,0,0,0,0,0,0,0,0,0,4,0,0,0,0,0,0,0,0,0
pbt,bintrie,5,4,storage_sstore_k100,8,,2276,0,0,0.0694,1.3081,0.0044,0.2669,2.0851,0,4,0,0,0,0,0,0,0,0,0,0,4,0,0,0,0,0,0,0,0,0
pbt,bintrie,5,4,storage_sstore_k100,8,,2277,0,0,0.0685,1.5709,0.0044,0.2835,2.3616,0,4,0,0,0,0,0,0,0,0,0,0,4,0,0,0,0,0,0,0,0,0
pbt,bintrie,5,4,storage_sstore_k100,8,,2278,86950,2,0.4877,32.3243,0.6688,2.8691,86.6828,1.0031,11,0,0,0,3,0,0,0,1,165,4,7,36.36,0,0,0,0,0,0,0,0
pbt,bintrie,5,4,storage_sstore_k100,8,,2279,15918216,1,18.3381,34.8334,94.8123,22.4443,171.1193,93.0241,106,687,100,2937,100,0,680,0,0,0,20,86,18.87,115,572,16.74,100,0,100,2937,0
pbt,bintrie,5,4,storage_sstore_k100,8,,2280,21000,1,0.0542,0.5498,10.7873,1.0692,12.581,1.6692,6,0,0,0,2,0,0,0,0,0,2,4,33.33,0,0,0,0,0,0,0,0
pbt,bintrie,5,4,storage_sstore_k100,8,,2281,0,0,0.1094,2.3557,0.0076,0.7496,3.9922,0,4,0,0,0,0,0,0,0,0,0,0,4,0,0,0,0,0,0,0,0,0
pbt,bintrie,5,4,storage_sstore_k100,9,,2283,0,0,0.0717,0.7805,0.0029,0.3039,1.4175,0,4,0,0,0,0,0,0,0,0,0,0,4,0,0,0,0,0,0,0,0,0
pbt,bintrie,5,4,storage_sstore_k100,9,,2284,0,0,0.1,1.5648,0.0061,0.2864,2.4319,0,4,0,0,0,0,0,0,0,0,0,0,4,0,0,0,0,0,0,0,0,0
pbt,bintrie,5,4,storage_sstore_k100,9,,2285,0,0,0.11,1.773,0.0067,0.7586,7.4446,0,4,0,0,0,0,0,0,0,0,0,0,4,0,0,0,0,0,0,0,0,0
pbt,bintrie,5,4,storage_sstore_k100,9,,2286,0,0,0.0904,2.0769,0.0055,0.6247,3.2564,0,4,0,0,0,0,0,0,0,0,0,0,4,0,0,0,0,0,0,0,0,0
pbt,bintrie,5,4,storage_sstore_k100,9,,2287,0,0,0.0796,1.348,0.0067,0.2931,2.3385,0,4,0,0,0,0,0,0,0,0,0,0,4,0,0,0,0,0,0,0,0,0
pbt,bintrie,5,4,storage_sstore_k100,9,,2288,86950,2,1.2305,52.4625,3.2202,2.5716,59.8377,1.4531,11,0,0,0,3,0,0,0,1,165,4,7,36.36,0,0,0,0,0,0,0,0
pbt,bintrie,5,4,storage_sstore_k100,9,,2289,15918216,1,30.7663,96.911,26.5147,30.1701,184.9213,86.081,106,687,100,2937,100,0,680,0,0,0,50,56,47.17,330,357,48.03,100,0,100,2937,0
pbt,bintrie,5,4,storage_sstore_k100,9,,2290,21000,1,0.2663,3.9986,85.1834,0.6804,109.0333,0.1926,6,0,0,0,2,0,0,0,0,0,2,4,33.33,0,0,0,0,0,0,0,0
pbt,bintrie,5,4,storage_sstore_k100,9,,2291,0,0,0.0315,0.4541,0.002,0.24,0.9126,0,4,0,0,0,0,0,0,0,0,0,0,4,0,0,0,0,0,0,0,0,0
pbt,bintrie,5,4,storage_sstore_k400,10,,2495,0,0,0.0446,0.583,0.0026,0.189,0.9555,0,4,0,0,0,0,0,0,0,0,0,0,4,0,0,0,0,0,0,0,0,0
pbt,bintrie,5,4,storage_sstore_k400,10,,2496,0,0,0.0817,1.1579,0.0067,0.3106,2.0332,0,4,0,0,0,0,0,0,0,0,0,0,4,0,0,0,0,0,0,0,0,0
pbt,bintrie,5,4,storage_sstore_k400,10,,2497,0,0,0.0403,0.6556,0.0035,0.1432,1.0398,0,4,0,0,0,0,0,0,0,0,0,0,4,0,0,0,0,0,0,0,0,0
pbt,bintrie,5,4,storage_sstore_k400,10,,2498,0,0,0.0933,1.9754,0.005,0.3535,2.8746,0,4,0,0,0,0,0,0,0,0,0,0,4,0,0,0,0,0,0,0,0,0
pbt,bintrie,5,4,storage_sstore_k400,10,,2499,0,0,0.1012,1.521,0.005,0.2555,2.2504,0,4,0,0,0,0,0,0,0,0,0,0,4,0,0,0,0,0,0,0,0,0
pbt,bintrie,5,4,storage_sstore_k400,10,,2500,86938,2,0.1164,0.9027,4.8363,3.0023,9.0484,9.6081,11,0,0,0,3,0,0,0,1,165,5,6,45.45,0,0,0,0,0,0,0,0
pbt,bintrie,5,4,storage_sstore_k400,10,,2501,15913178,1,23.7653,79.1496,78.4522,73.8665,255.6025,62.2575,337,630,331,9405,331,0,628,0,0,0,115,222,34.12,192,438,30.48,331,0,100,9405,0
pbt,bintrie,5,4,storage_sstore_k400,10,,2502,21000,1,0.3173,5.13,109.9339,1.6934,119.7996,0.1753,6,0,0,0,2,0,0,0,0,0,2,4,33.33,0,0,0,0,0,0,0,0
pbt,bintrie,5,4,storage_sstore_k400,10,,2503,0,0,0.1085,1.715,0.0079,0.4395,2.7783,0,4,0,0,0,0,0,0,0,0,0,0,4,0,0,0,0,0,0,0,0,0
pbt,bintrie,5,4,storage_sstore_k400,10,,2504,0,0,0.0397,0.4477,0.0029,0.2138,0.9141,0,4,0,0,0,0,0,0,0,0,0,0,4,0,0,0,0,0,0,0,0,0
pbt,bintrie,5,4,storage_sstore_k400,11,,2505,0,0,0.0589,0.6244,0.0023,0.2015,1.1917,0,4,0,0,0,0,0,0,0,0,0,0,4,0,0,0,0,0,0,0,0,0
pbt,bintrie,5,4,storage_sstore_k400,11,,2506,0,0,0.0432,0.7685,0.0029,0.1823,1.2296,0,4,0,0,0,0,0,0,0,0,0,0,4,0,0,0,0,0,0,0,0,0
pbt,bintrie,5,4,storage_sstore_k400,11,,2507,0,0,0.0271,0.497,0.0026,0.1403,0.798,0,4,0,0,0,0,0,0,0,0,0,0,4,0,0,0,0,0,0,0,0,0
pbt,bintrie,5,4,storage_sstore_k400,11,,2508,0,0,0.0274,0.4311,0.0023,0.1753,0.8029,0,4,0,0,0,0,0,0,0,0,0,0,4,0,0,0,0,0,0,0,0,0
pbt,bintrie,5,4,storage_sstore_k400,11,,2509,0,0,0.0822,1.4516,0.0047,0.345,2.2315,0,4,0,0,0,0,0,0,0,0,0,0,4,0,0,0,0,0,0,0,0,0
pbt,bintrie,5,4,storage_sstore_k400,11,,2510,86938,2,0.7414,3.7332,132.2073,4.8351,143.1166,0.6075,11,0,0,0,3,0,0,0,1,165,5,6,45.45,0,0,0,0,0,0,0,0
pbt,bintrie,5,4,storage_sstore_k400,11,,2511,15913178,1,49.6713,38.2434,161.5232,63.3057,313.3206,50.7888,337,630,331,9405,331,0,628,0,0,0,304,33,90.21,508,122,80.63,331,0,100,9405,0
pbt,bintrie,5,4,storage_sstore_k400,11,,2512,21000,1,0.6516,2.139,87.0305,0.7128,92.5365,0.2269,6,0,0,0,2,0,0,0,0,0,0,6,0,0,0,0,0,0,0,0,0
pbt,bintrie,5,4,storage_sstore_k400,11,,2513,0,0,0.0887,1.7222,0.0067,0.5454,2.9382,0,4,0,0,0,0,0,0,0,0,0,0,4,0,0,0,0,0,0,0,0,0
pbt,bintrie,5,4,storage_sstore_k400,11,,2514,0,0,0.103,1.7412,0.0085,0.3197,2.6153,0,4,0,0,0,0,0,0,0,0,0,0,4,0,0,0,0,0,0,0,0,0
pbt,bintrie,5,4,storage_sstore_k400,12,,2515,0,0,0.058,0.6939,0.0035,0.2322,1.2337,0,4,0,0,0,0,0,0,0,0,0,0,4,0,0,0,0,0,0,0,0,0
pbt,bintrie,5,4,storage_sstore_k400,12,,2516,0,0,0.0904,1.2372,0.005,0.3821,2.0614,0,4,0,0,0,0,0,0,0,0,0,0,4,0,0,0,0,0,0,0,0,0
pbt,bintrie,5,4,storage_sstore_k400,12,,2517,0,0,0.0446,1.2573,0.0064,0.7962,2.9224,0,4,0,0,0,0,0,0,0,0,0,0,4,0,0,0,0,0,0,0,0,0
pbt,bintrie,5,4,storage_sstore_k400,12,,2518,0,0,0.028,0.4185,0.0012,0.1345,0.8096,0,4,0,0,0,0,0,0,0,0,0,0,4,0,0,0,0,0,0,0,0,0
pbt,bintrie,5,4,storage_sstore_k400,12,,2519,0,0,0.0933,0.6906,0.005,2.2525,7.7914,0,4,0,0,0,0,0,0,0,0,0,0,4,0,0,0,0,0,0,0,0,0
pbt,bintrie,5,4,storage_sstore_k400,12,,2520,86938,2,0.6125,1.1465,0.6522,2.5768,37.8539,2.2967,11,0,0,0,3,0,0,0,1,165,4,7,36.36,0,0,0,0,0,0,0,0
pbt,bintrie,5,4,storage_sstore_k400,12,,2521,15913178,1,76.2534,75.7086,61.4112,42.8815,256.7257,61.9851,337,630,331,9405,331,0,628,0,0,0,212,125,62.91,420,210,66.67,331,0,100,9405,0
pbt,bintrie,5,4,storage_sstore_k400,12,,2522,21000,1,0.0566,0.6309,11.3858,2.804,15.0105,1.399,6,0,0,0,2,0,0,0,0,0,2,4,33.33,0,0,0,0,0,0,0,0
pbt,bintrie,5,4,storage_sstore_k400,12,,2523,0,0,0.0548,0.9849,0.0023,0.3176,1.7141,0,4,0,0,0,0,0,0,0,0,0,0,4,0,0,0,0,0,0,0,0,0
pbt,bintrie,5,4,storage_sstore_k400,12,,2524,0,0,0.0691,1.1462,0.0041,0.364,2.1487,0,4,0,0,0,0,0,0,0,0,0,0,4,0,0,0,0,0,0,0,0,0
pbt,bintrie,5,4,storage_sstore_k400,13,,2525,0,0,0.1447,1.3113,0.0099,2.1396,5.4339,0,4,0,0,0,0,0,0,0,0,0,0,4,0,0,0,0,0,0,0,0,0
pbt,bintrie,5,4,storage_sstore_k400,13,,2526,0,0,0.0388,0.5789,0.0026,0.2082,1.0669,0,4,0,0,0,0,0,0,0,0,0,0,4,0,0,0,0,0,0,0,0,0
pbt,bintrie,5,4,storage_sstore_k400,13,,2527,0,0,0.028,0.5819,0.002,0.1508,0.9744,0,4,0,0,0,0,0,0,0,0,0,0,4,0,0,0,0,0,0,0,0,0
pbt,bintrie,5,4,storage_sstore_k400,13,,2528,0,0,0.0717,1.7467,0.0073,1.2127,3.812,0,4,0,0,0,0,0,0,0,0,0,0,4,0,0,0,0,0,0,0,0,0
pbt,bintrie,5,4,storage_sstore_k400,13,,2529,0,0,0.0248,0.4879,0.0018,0.1065,0.7898,0,4,0,0,0,0,0,0,0,0,0,0,4,0,0,0,0,0,0,0,0,0
pbt,bintrie,5,4,storage_sstore_k400,13,,2530,86938,2,1.3807,4.0544,12.0487,2.7054,21.3812,4.0661,11,0,0,0,3,0,0,0,1,165,4,7,36.36,0,0,0,0,0,0,0,0
pbt,bintrie,5,4,storage_sstore_k400,13,,2531,15913178,1,15.9342,47.321,81.0563,88.2394,233.2227,68.2317,337,630,331,9405,331,0,628,0,0,0,49,288,14.54,46,584,7.3,331,0,100,9405,0
pbt,bintrie,5,4,storage_sstore_k400,13,,2532,21000,1,0.2584,10.6698,82.0391,2.1431,96.6424,0.2173,6,0,0,0,2,0,0,0,0,0,2,4,33.33,0,0,0,0,0,0,0,0
pbt,bintrie,5,4,storage_sstore_k400,13,,2533,0,0,0.0971,1.5522,0.0099,0.4669,2.6206,0,4,0,0,0,0,0,0,0,0,0,0,4,0,0,0,0,0,0,0,0,0
pbt,bintrie,5,4,storage_sstore_k400,13,,2534,0,0,0.0414,0.5089,0.0038,0.2109,1.0809,0,4,0,0,0,0,0,0,0,0,0,0,4,0,0,0,0,0,0,0,0,0
pbt,bintrie,5,4,storage_sstore_k400,14,,2535,0,0,0.0709,0.7665,0.0038,0.2202,1.3542,0,4,0,0,0,0,0,0,0,0,0,0,4,0,0,0,0,0,0,0,0,0
pbt,bintrie,5,4,storage_sstore_k400,14,,2536,0,0,0.0951,1.4571,0.0096,0.3024,2.305,0,4,0,0,0,0,0,0,0,0,0,0,4,0,0,0,0,0,0,0,0,0
pbt,bintrie,5,4,storage_sstore_k400,14,,2537,0,0,0.0318,0.5807,0.0023,0.1187,0.8785,0,4,0,0,0,0,0,0,0,0,0,0,4,0,0,0,0,0,0,0,0,0
pbt,bintrie,5,4,storage_sstore_k400,14,,2538,0,0,0.0367,0.5699,0.002,0.1397,0.9187,0,4,0,0,0,0,0,0,0,0,0,0,4,0,0,0,0,0,0,0,0,0
pbt,bintrie,5,4,storage_sstore_k400,14,,2539,0,0,0.0344,0.7038,0.0018,0.2555,1.3664,0,4,0,0,0,0,0,0,0,0,0,0,4,0,0,0,0,0,0,0,0,0
pbt,bintrie,5,4,storage_sstore_k400,14,,2540,86938,2,0.926,32.8429,1.2396,2.6518,41.0125,2.1198,11,0,0,0,3,0,0,0,1,165,4,7,36.36,0,0,0,0,0,0,0,0
pbt,bintrie,5,4,storage_sstore_k400,14,,2541,15913178,1,32.7314,60.6936,165.0873,49.0063,307.9325,51.6775,337,630,331,9405,331,0,628,0,0,0,260,77,77.15,336,294,53.33,331,0,100,9405,0
pbt,bintrie,5,4,storage_sstore_k400,14,,2542,21000,1,1.197,4.8876,109.7327,1.6056,120.137,0.1748,6,0,0,0,2,0,0,0,0,0,0,6,0,0,0,0,0,0,0,0,0
pbt,bintrie,5,4,storage_sstore_k400,14,,2543,0,0,0.0688,1.1451,0.0058,0.3077,2.1134,0,4,0,0,0,0,0,0,0,0,0,0,4,0,0,0,0,0,0,0,0,0
pbt,bintrie,5,4,storage_sstore_k400,14,,2544,0,0,0.103,1.551,0.0073,0.3829,2.4881,0,4,0,0,0,0,0,0,0,0,0,0,4,0,0,0,0,0,0,0,0,0
pbt,bintrie,5,4,storage_sstore_k400,15,,2545,0,0,0.1056,0.8248,0.0038,0.2704,1.4732,0,4,0,0,0,0,0,0,0,0,0,0,4,0,0,0,0,0,0,0,0,0
pbt,bintrie,5,4,storage_sstore_k400,15,,2546,0,0,0.0887,1.3935,0.0047,0.3512,2.2248,0,4,0,0,0,0,0,0,0,0,0,0,4,0,0,0,0,0,0,0,0,0
pbt,bintrie,5,4,storage_sstore_k400,15,,2547,0,0,0.0376,0.77,0.0029,0.133,1.0698,0,4,0,0,0,0,0,0,0,0,0,0,4,0,0,0,0,0,0,0,0,0
pbt,bintrie,5,4,storage_sstore_k400,15,,2548,0,0,0.0283,0.4048,0.0015,0.1584,0.8304,0,4,0,0,0,0,0,0,0,0,0,0,4,0,0,0,0,0,0,0,0,0
pbt,bintrie,5,4,storage_sstore_k400,15,,2549,0,0,0.1867,2.2277,0.0073,5.7609,9.5801,0,4,0,0,0,0,0,0,0,0,0,0,4,0,0,0,0,0,0,0,0,0
pbt,bintrie,5,4,storage_sstore_k400,15,,2550,86938,2,1.2886,3.6104,27.0351,3.1543,59.2552,1.4672,11,0,0,0,3,0,0,0,1,165,4,7,36.36,0,0,0,0,0,0,0,0
pbt,bintrie,5,4,storage_sstore_k400,15,,2551,15913178,1,30.9254,30.609,159.9028,37.3621,259.0887,61.4198,337,630,331,9405,331,0,628,0,0,0,173,164,51.34,266,364,42.22,331,0,100,9405,0
pbt,bintrie,5,4,storage_sstore_k400,15,,2552,21000,1,1.1914,3.8333,73.4325,0.8067,80.299,0.2615,6,0,0,0,2,0,0,0,0,0,0,6,0,0,0,0,0,0,0,0,0
pbt,bintrie,5,4,storage_sstore_k400,15,,2553,0,0,0.0933,2.3024,0.0073,0.4311,3.3395,0,4,0,0,0,0,0,0,0,0,0,0,4,0,0,0,0,0,0,0,0,0
pbt,bintrie,5,4,storage_sstore_k400,15,,2554,0,0,0.1257,1.6648,0.0067,0.436,2.7888,0,4,0,0,0,0,0,0,0,0,0,0,4,0,0,0,0,0,0,0,0,0
pbt,bintrie,5,4,storage_sstore_k400,16,,2555,0,0,0.0414,0.5095,0.0018,0.1254,0.8409,0,4,0,0,0,0,0,0,0,0,0,0,4,0,0,0,0,0,0,0,0,0
pbt,bintrie,5,4,storage_sstore_k400,16,,2556,0,0,0.0344,0.4279,0.0018,0.1476,0.8082,0,4,0,0,0,0,0,0,0,0,0,0,4,0,0,0,0,0,0,0,0,0
pbt,bintrie,5,4,storage_sstore_k400,16,,2557,0,0,0.0268,0.5276,0.0023,0.1123,0.7755,0,4,0,0,0,0,0,0,0,0,0,0,4,0,0,0,0,0,0,0,0,0
pbt,bintrie,5,4,storage_sstore_k400,16,,2558,0,0,0.0344,0.6355,0.0041,0.2249,1.1334,0,4,0,0,0,0,0,0,0,0,0,0,4,0,0,0,0,0,0,0,0,0
pbt,bintrie,5,4,storage_sstore_k400,16,,2559,0,0,0.0242,0.5329,0.0018,0.1024,0.7776,0,4,0,0,0,0,0,0,0,0,0,0,4,0,0,0,0,0,0,0,0,0
pbt,bintrie,5,4,storage_sstore_k400,16,,2560,86938,2,1.4175,74.3897,22.1206,5.1312,104.1909,0.8344,11,0,0,0,3,0,0,0,1,165,4,7,36.36,0,0,0,0,0,0,0,0
pbt,bintrie,5,4,storage_sstore_k400,16,,2561,15913178,1,17.4252,56.7265,67.3893,91.2368,233.2145,68.2341,337,630,331,9405,331,0,628,0,0,0,141,196,41.84,153,477,24.29,331,0,100,9405,0
pbt,bintrie,5,4,storage_sstore_k400,16,,2562,21000,1,0.219,1.7984,42.9136,3.6314,53.4468,0.3929,6,0,0,0,2,0,0,0,0,0,2,4,33.33,0,0,0,0,0,0,0,0
pbt,bintrie,5,4,storage_sstore_k400,16,,2563,0,0,0.0595,0.7391,0.0023,0.2196,1.2944,0,4,0,0,0,0,0,0,0,0,0,0,4,0,0,0,0,0,0,0,0,0
pbt,bintrie,5,4,storage_sstore_k400,16,,2564,0,0,0.0376,0.5612,0.0026,0.1802,1.0188,0,4,0,0,0,0,0,0,0,0,0,0,4,0,0,0,0,0,0,0,0,0
pbt,bintrie,5,4,storage_sstore_k400,17,,2565,0,0,0.0432,0.5192,0.0018,0.1814,0.9251,0,4,0,0,0,0,0,0,0,0,0,0,4,0,0,0,0,0,0,0,0,0
pbt,bintrie,5,4,storage_sstore_k400,17,,2566,0,0,0.0945,1.3533,0.0073,0.3792,2.3073,0,4,0,0,0,0,0,0,0,0,0,0,4,0,0,0,0,0,0,0,0,0
pbt,bintrie,5,4,storage_sstore_k400,17,,2567,0,0,0.0516,1.183,0.0035,0.2164,1.8453,0,4,0,0,0,0,0,0,0,0,0,0,4,0,0,0,0,0,0,0,0,0
pbt,bintrie,5,4,storage_sstore_k400,17,,2568,0,0,0.0315,0.6031,0.0038,0.1412,0.9709,0,4,0,0,0,0,0,0,0,0,0,0,4,0,0,0,0,0,0,0,0,0
pbt,bintrie,5,4,storage_sstore_k400,17,,2569,0,0,0.0268,0.5807,0.0026,0.1213,0.8627,0,4,0,0,0,0,0,0,0,0,0,0,4,0,0,0,0,0,0,0,0,0
pbt,bintrie,5,4,storage_sstore_k400,17,,2570,86938,2,0.989,17.4319,24.9733,2.5415,48.1812,1.8044,11,0,0,0,3,0,0,0,1,165,4,7,36.36,0,0,0,0,0,0,0,0
pbt,bintrie,5,4,storage_sstore_k400,17,,2571,15913178,1,37.2851,35.9476,143.3435,39.0071,256.0196,62.1561,337,630,331,9405,331,0,628,0,0,0,264,73,78.34,400,230,63.49,331,0,100,9405,0
pbt,bintrie,5,4,storage_sstore_k400,17,,2572,21000,1,0.2392,2.8116,108.8577,0.7338,121.0476,0.1735,6,0,0,0,2,0,0,0,0,0,2,4,33.33,0,0,0,0,0,0,0,0
pbt,bintrie,5,4,storage_sstore_k400,17,,2573,0,0,0.1251,1.521,0.0053,0.4025,3.4562,0,4,0,0,0,0,0,0,0,0,0,0,4,0,0,0,0,0,0,0,0,0
pbt,bintrie,5,4,storage_sstore_k400,17,,2574,0,0,0.0927,1.6972,0.009,0.6463,3.3512,0,4,0,0,0,0,0,0,0,0,0,0,4,0,0,0,0,0,0,0,0,0
pbt,bintrie,5,4,storage_sstore_k400,18,,2575,0,0,0.0583,0.7137,0.0032,0.1995,1.2349,0,4,0,0,0,0,0,0,0,0,0,0,4,0,0,0,0,0,0,0,0,0
pbt,bintrie,5,4,storage_sstore_k400,18,,2576,0,0,0.0557,1.0094,0.0026,0.2357,1.5744,0,4,0,0,0,0,0,0,0,0,0,0,4,0,0,0,0,0,0,0,0,0
pbt,bintrie,5,4,storage_sstore_k400,18,,2577,0,0,0.0662,1.1048,0.0213,1.0838,5.9773,0,4,0,0,0,0,0,0,0,0,0,0,4,0,0,0,0,0,0,0,0,0
pbt,bintrie,5,4,storage_sstore_k400,18,,2578,0,0,0.3917,4.2296,0.0117,1.0955,6.6889,0,4,0,0,0,0,0,0,0,0,0,0,4,0,0,0,0,0,0,0,0,0
pbt,bintrie,5,4,storage_sstore_k400,18,,2579,0,0,0.0251,0.4287,0.0015,0.187,0.8572,0,4,0,0,0,0,0,0,0,0,0,0,4,0,0,0,0,0,0,0,0,0
pbt,bintrie,5,4,storage_sstore_k400,18,,2580,0,0,0.042,0.6726,0.0026,0.1164,0.9911,0,4,0,0,0,0,0,0,0,0,0,0,4,0,0,0,0,0,0,0,0,0
pbt,bintrie,5,4,storage_sstore_k400,18,,2581,86938,2,0.4389,61.7647,8.9875,2.3939,73.7755,1.1784,11,0,0,0,3,0,0,0,1,165,4,7,36.36,0,0,0,0,0,0,0,0
pbt,bintrie,5,4,storage_sstore_k400,18,,2582,15913178,1,23.2721,72.5727,89.3276,140.5304,326.1038,48.7979,337,630,331,9405,331,0,628,0,0,0,96,241,28.49,90,540,14.29,331,0,100,9405,0
pbt,bintrie,5,4,storage_sstore_k400,18,,2583,21000,1,0.2438,1.516,37.1317,6.5346,46.7853,0.4489,6,0,0,0,2,0,0,0,0,0,2,4,33.33,0,0,0,0,0,0,0,0
pbt,bintrie,5,4,storage_sstore_k400,18,,2584,0,0,0.1091,1.5671,0.0099,0.5792,2.949,0,4,0,0,0,0,0,0,0,0,0,0,4,0,0,0,0,0,0,0,0,0
pbt,bintrie,5,4,storage_sstore_k400,18,,2585,0,0,0.0913,1.2535,0.0058,0.4611,2.4389,0,4,0,0,0,0,0,0,0,0,0,0,4,0,0,0,0,0,0,0,0,0
pbt,bintrie,5,4,storage_sstore_k400,19,,2586,0,0,0.0443,0.5194,0.0018,0.1289,0.9082,0,4,0,0,0,0,0,0,0,0,0,0,4,0,0,0,0,0,0,0,0,0
pbt,bintrie,5,4,storage_sstore_k400,19,,2587,0,0,0.04,0.6915,0.0038,0.1651,1.1138,0,4,0,0,0,0,0,0,0,0,0,0,4,0,0,0,0,0,0,0,0,0
pbt,bintrie,5,4,storage_sstore_k400,19,,2588,0,0,0.0534,0.6632,0.002,0.1132,11.4701,0,4,0,0,0,0,0,0,0,0,0,0,4,0,0,0,0,0,0,0,0,0
pbt,bintrie,5,4,storage_sstore_k400,19,,2589,0,0,0.0548,0.6524,0.0032,0.1508,1.0885,0,4,0,0,0,0,0,0,0,0,0,0,4,0,0,0,0,0,0,0,0,0
pbt,bintrie,5,4,storage_sstore_k400,19,,2590,0,0,0.0927,1.5735,0.0047,0.336,2.3207,0,4,0,0,0,0,0,0,0,0,0,0,4,0,0,0,0,0,0,0,0,0
pbt,bintrie,5,4,storage_sstore_k400,19,,2591,86938,2,0.2642,2.4566,1.9646,3.1558,8.0976,10.7362,11,0,0,0,3,0,0,0,1,165,7,4,63.64,0,0,0,0,0,0,0,0
pbt,bintrie,5,4,storage_sstore_k400,19,,2592,15913178,1,40.0305,58.8139,140.9457,50.4101,290.7498,54.7315,337,630,331,9405,331,0,628,0,0,0,241,96,71.51,324,306,51.43,331,0,100,9405,0
pbt,bintrie,5,4,storage_sstore_k400,19,,2593,21000,1,0.497,3.7003,116.0255,0.8225,123.056,0.1707,6,0,0,0,2,0,0,0,0,0,2,4,33.33,0,0,0,0,0,0,0,0
pbt,bintrie,5,4,storage_sstore_k400,19,,2594,0,0,0.0738,0.9593,0.0082,0.4617,2.2706,0,4,0,0,0,0,0,0,0,0,0,0,4,0,0,0,0,0,0,0,0,0
pbt,bintrie,5,4,storage_sstore_k400,19,,2595,0,0,0.1065,1.8713,0.0044,0.3873,3.5209,0,4,0,0,0,0,0,0,0,0,0,0,4,0,0,0,0,0,0,0,0,0
pbt,bintrie,5,4,storage_sstore_k400,1,,2404,0,0,0.0365,0.4232,0.0015,0.1178,0.7163,0,4,0,0,0,0,0,0,0,0,0,0,4,0,0,0,0,0,0,0,0,0
pbt,bintrie,5,4,storage_sstore_k400,1,,2405,0,0,0.0472,0.7927,0.0032,0.2581,1.4087,0,4,0,0,0,0,0,0,0,0,0,0,4,0,0,0,0,0,0,0,0,0
pbt,bintrie,5,4,storage_sstore_k400,1,,2406,0,0,0.0251,0.4987,0.0029,0.149,0.8009,0,4,0,0,0,0,0,0,0,0,0,0,4,0,0,0,0,0,0,0,0,0
pbt,bintrie,5,4,storage_sstore_k400,1,,2407,0,0,0.086,1.694,0.0044,0.4357,2.8285,0,4,0,0,0,0,0,0,0,0,0,0,4,0,0,0,0,0,0,0,0,0
pbt,bintrie,5,4,storage_sstore_k400,1,,2408,0,0,0.1595,3.0852,0.0035,3.8021,23.5127,0,4,0,0,0,0,0,0,0,0,0,0,4,0,0,0,0,0,0,0,0,0
pbt,bintrie,5,4,storage_sstore_k400,1,,2409,86938,2,0.1394,1.5373,1.3023,2.5354,5.8498,14.8617,11,0,0,0,3,0,0,0,1,165,5,6,45.45,0,0,0,0,0,0,0,0
pbt,bintrie,5,4,storage_sstore_k400,1,,2410,15913178,1,26.5507,154.365,153.3094,106.3296,441.6469,36.0314,337,630,331,9405,331,0,628,0,0,0,160,177,47.48,153,477,24.29,331,0,100,9405,0
pbt,bintrie,5,4,storage_sstore_k400,1,,2411,21000,1,0.2196,5.9157,112.9339,0.6889,123.8055,0.1696,6,0,0,0,2,0,0,0,0,0,2,4,33.33,0,0,0,0,0,0,0,0
pbt,bintrie,5,4,storage_sstore_k400,1,,2412,0,0,0.0863,1.4163,0.0064,0.6011,3.0928,0,4,0,0,0,0,0,0,0,0,0,0,4,0,0,0,0,0,0,0,0,0
pbt,bintrie,5,4,storage_sstore_k400,1,,2413,0,0,0.037,0.4544,0.0064,1.0319,2.5182,0,4,0,0,0,0,0,0,0,0,0,0,4,0,0,0,0,0,0,0,0,0
pbt,bintrie,5,4,storage_sstore_k400,20,,2596,0,0,0.0493,0.5827,0.0023,0.1762,1.1042,0,4,0,0,0,0,0,0,0,0,0,0,4,0,0,0,0,0,0,0,0,0
pbt,bintrie,5,4,storage_sstore_k400,20,,2597,0,0,0.0834,1.3667,0.0047,0.4331,2.2067,0,4,0,0,0,0,0,0,0,0,0,0,4,0,0,0,0,0,0,0,0,0
pbt,bintrie,5,4,storage_sstore_k400,20,,2598,0,0,0.2333,3.5734,0.0108,0.714,16.0133,0,4,0,0,0,0,0,0,0,0,0,0,4,0,0,0,0,0,0,0,0,0
pbt,bintrie,5,4,storage_sstore_k400,20,,2599,0,0,0.0729,1.3183,0.0047,0.3806,2.0725,0,4,0,0,0,0,0,0,0,0,0,0,4,0,0,0,0,0,0,0,0,0
pbt,bintrie,5,4,storage_sstore_k400,20,,2600,0,0,0.0443,0.7814,0.0073,2.0935,4.1608,0,4,0,0,0,0,0,0,0,0,0,0,4,0,0,0,0,0,0,0,0,0
pbt,bintrie,5,4,storage_sstore_k400,20,,2601,0,0,0.0884,1.5449,0.0038,0.2438,2.2198,0,4,0,0,0,0,0,0,0,0,0,0,4,0,0,0,0,0,0,0,0,0
pbt,bintrie,5,4,storage_sstore_k400,20,,2602,86938,2,0.6822,7.0339,92.0242,7.3396,107.6967,0.8072,11,0,0,0,3,0,0,0,1,165,5,6,45.45,0,0,0,0,0,0,0,0
pbt,bintrie,5,4,storage_sstore_k400,20,,2603,0,0,0.0435,1.1494,0.0032,0.2316,1.7036,0,4,0,0,0,0,0,0,0,0,0,0,4,0,0,0,0,0,0,0,0,0
pbt,bintrie,5,4,storage_sstore_k400,20,,2604,15913178,1,17.0101,56.6183,88.7087,69.9999,232.5538,68.4279,337,630,331,9405,331,0,628,0,0,0,91,246,27.0,79,551,12.54,331,0,100,9405,0
pbt,bintrie,5,4,storage_sstore_k400,20,,2605,21000,1,0.3179,2.918,3.861,8.2855,16.2819,1.2898,6,0,0,0,2,0,0,0,0,0,2,4,33.33,0,0,0,0,0,0,0,0
pbt,bintrie,5,4,storage_sstore_k400,20,,2606,0,0,0.152,1.9903,0.0122,0.8432,3.9424,0,4,0,0,0,0,0,0,0,0,0,0,4,0,0,0,0,0,0,0,0,0
pbt,bintrie,5,4,storage_sstore_k400,2,,2414,0,0,0.0799,0.8831,0.0026,0.231,1.6569,0,4,0,0,0,0,0,0,0,0,0,0,4,0,0,0,0,0,0,0,0,0
pbt,bintrie,5,4,storage_sstore_k400,2,,2415,0,0,0.0385,0.5988,0.0026,0.24,1.1978,0,4,0,0,0,0,0,0,0,0,0,0,4,0,0,0,0,0,0,0,0,0
pbt,bintrie,5,4,storage_sstore_k400,2,,2416,0,0,0.0435,0.6253,0.0035,0.1207,0.9584,0,4,0,0,0,0,0,0,0,0,0,0,4,0,0,0,0,0,0,0,0,0
pbt,bintrie,5,4,storage_sstore_k400,2,,2417,0,0,0.035,0.5938,0.0023,0.1706,1.0024,0,4,0,0,0,0,0,0,0,0,0,0,4,0,0,0,0,0,0,0,0,0
pbt,bintrie,5,4,storage_sstore_k400,2,,2418,0,0,0.0408,0.6901,0.0026,0.1791,1.1643,0,4,0,0,0,0,0,0,0,0,0,0,4,0,0,0,0,0,0,0,0,0
pbt,bintrie,5,4,storage_sstore_k400,2,,2419,86938,2,0.6265,1.3378,52.5672,5.081,59.8835,1.4518,11,0,0,0,3,0,0,0,1,165,4,7,36.36,0,0,0,0,0,0,0,0
pbt,bintrie,5,4,storage_sstore_k400,2,,2420,15913178,1,27.076,71.8027,129.9804,42.2075,271.3731,58.6395,337,630,331,9405,331,0,628,0,0,0,53,284,15.73,72,558,11.43,331,0,100,9405,0
pbt,bintrie,5,4,storage_sstore_k400,2,,2421,21000,1,0.2231,11.0804,109.796,0.7621,136.0765,0.1543,6,0,0,0,2,0,0,0,0,0,2,4,33.33,0,0,0,0,0,0,0,0
pbt,bintrie,5,4,storage_sstore_k400,2,,2422,0,0,0.0542,0.7256,0.005,0.1934,1.3023,0,4,0,0,0,0,0,0,0,0,0,0,4,0,0,0,0,0,0,0,0,0
pbt,bintrie,5,4,storage_sstore_k400,3,,2423,0,0,0.0566,0.6291,0.0029,0.2144,1.1999,0,4,0,0,0,0,0,0,0,0,0,0,4,0,0,0,0,0,0,0,0,0
pbt,bintrie,5,4,storage_sstore_k400,3,,2424,0,0,0.0452,0.7122,0.0023,0.2266,1.2713,0,4,0,0,0,0,0,0,0,0,0,0,4,0,0,0,0,0,0,0,0,0
pbt,bintrie,5,4,storage_sstore_k400,3,,2425,0,0,0.0449,0.6778,0.0029,0.138,1.2696,0,4,0,0,0,0,0,0,0,0,0,0,4,0,0,0,0,0,0,0,0,0
pbt,bintrie,5,4,storage_sstore_k400,3,,2426,0,0,0.0365,0.5784,0.0026,0.1619,0.9756,0,4,0,0,0,0,0,0,0,0,0,0,4,0,0,0,0,0,0,0,0,0
pbt,bintrie,5,4,storage_sstore_k400,3,,2427,0,0,0.0872,1.2162,0.0093,11.8977,19.36,0,4,0,0,0,0,0,0,0,0,0,0,4,0,0,0,0,0,0,0,0,0
pbt,bintrie,5,4,storage_sstore_k400,3,,2428,86938,2,0.2004,1.8587,47.6446,10.0672,69.827,1.245,11,0,0,0,3,0,0,0,1,165,6,5,54.55,0,0,0,0,0,0,0,0
pbt,bintrie,5,4,storage_sstore_k400,3,,2429,15913178,1,15.0858,44.1245,170.2724,56.6198,287.0293,55.4409,337,630,331,9405,331,0,628,0,0,0,139,198,41.25,143,487,22.7,331,0,100,9405,0
pbt,bintrie,5,4,storage_sstore_k400,3,,2430,0,0,0.0858,1.7202,0.0041,0.4378,2.7445,0,4,0,0,0,0,0,0,0,0,0,0,4,0,0,0,0,0,0,0,0,0
pbt,bintrie,5,4,storage_sstore_k400,3,,2431,21000,1,0.7105,2.4365,28.8681,0.8175,33.9506,0.6185,6,0,0,0,2,0,0,0,0,0,0,6,0,0,0,0,0,0,0,0,0
pbt,bintrie,5,4,storage_sstore_k400,3,,2432,0,0,0.0758,1.2778,0.0032,0.3748,2.174,0,4,0,0,0,0,0,0,0,0,0,0,4,0,0,0,0,0,0,0,0,0
pbt,bintrie,5,4,storage_sstore_k400,3,,2433,0,0,0.0691,1.2349,0.005,0.3517,1.9713,0,4,0,0,0,0,0,0,0,0,0,0,4,0,0,0,0,0,0,0,0,0
pbt,bintrie,5,4,storage_sstore_k400,4,,2434,0,0,0.0697,0.7096,0.0032,0.2377,1.2623,0,4,0,0,0,0,0,0,0,0,0,0,4,0,0,0,0,0,0,0,0,0
pbt,bintrie,5,4,storage_sstore_k400,4,,2435,0,0,0.0919,1.3915,0.007,0.3987,2.277,0,4,0,0,0,0,0,0,0,0,0,0,4,0,0,0,0,0,0,0,0,0
pbt,bintrie,5,4,storage_sstore_k400,4,,2436,0,0,1.2078,2.3823,0.0058,0.1476,21.0835,0,4,0,0,0,0,0,0,0,0,0,0,4,0,0,0,0,0,0,0,0,0
pbt,bintrie,5,4,storage_sstore_k400,4,,2437,0,0,0.0697,0.5842,0.0032,0.1785,1.0307,0,4,0,0,0,0,0,0,0,0,0,0,4,0,0,0,0,0,0,0,0,0
pbt,bintrie,5,4,storage_sstore_k400,4,,2438,0,0,0.0338,0.5495,0.002,0.1872,1.0508,0,4,0,0,0,0,0,0,0,0,0,0,4,0,0,0,0,0,0,0,0,0
pbt,bintrie,5,4,storage_sstore_k400,4,,2439,86938,2,0.5404,1.1182,41.0184,20.6398,76.9563,1.1297,11,0,0,0,3,0,0,0,1,165,4,7,36.36,0,0,0,0,0,0,0,0
pbt,bintrie,5,4,storage_sstore_k400,4,,2440,15913178,1,24.4798,93.0308,162.3538,71.0849,352.1379,45.1902,337,630,331,9405,331,0,628,0,0,0,88,249,26.11,100,530,15.87,331,0,100,9405,0
pbt,bintrie,5,4,storage_sstore_k400,4,,2441,21000,1,1.3568,4.1381,98.3256,1.6677,111.0128,0.1892,6,0,0,0,2,0,0,0,0,0,0,6,0,0,0,0,0,0,0,0,0
pbt,bintrie,5,4,storage_sstore_k400,4,,2442,0,0,0.1342,2.5296,0.0096,0.3967,3.4789,0,4,0,0,0,0,0,0,0,0,0,0,4,0,0,0,0,0,0,0,0,0
pbt,bintrie,5,4,storage_sstore_k400,4,,2443,0,0,0.1269,1.9789,0.0088,0.6376,3.8732,0,4,0,0,0,0,0,0,0,0,0,0,4,0,0,0,0,0,0,0,0,0
pbt,bintrie,5,4,storage_sstore_k400,5,,2444,0,0,0.0621,0.7828,0.0029,0.1864,1.2285,0,4,0,0,0,0,0,0,0,0,0,0,4,0,0,0,0,0,0,0,0,0
pbt,bintrie,5,4,storage_sstore_k400,5,,2445,0,0,0.0951,1.3798,0.0055,0.2934,2.0903,0,4,0,0,0,0,0,0,0,0,0,0,4,0,0,0,0,0,0,0,0,0
pbt,bintrie,5,4,storage_sstore_k400,5,,2446,0,0,0.0598,0.742,0.0044,4.948,14.7769,0,4,0,0,0,0,0,0,0,0,0,0,4,0,0,0,0,0,0,0,0,0
pbt,bintrie,5,4,storage_sstore_k400,5,,2447,0,0,0.0723,1.1704,0.0032,0.3328,2.2598,0,4,0,0,0,0,0,0,0,0,0,0,4,0,0,0,0,0,0,0,0,0
pbt,bintrie,5,4,storage_sstore_k400,5,,2448,0,0,0.0977,1.5111,0.0073,1.5537,5.2385,0,4,0,0,0,0,0,0,0,0,0,0,4,0,0,0,0,0,0,0,0,0
pbt,bintrie,5,4,storage_sstore_k400,5,,2449,86938,2,0.4626,42.2118,0.8251,2.6383,107.8763,0.8059,11,0,0,0,3,0,0,0,1,165,6,5,54.55,0,0,0,0,0,0,0,0
pbt,bintrie,5,4,storage_sstore_k400,5,,2450,15913178,1,15.4499,52.3019,101.5764,74.4542,244.0163,65.2136,337,630,331,9405,331,0,628,0,0,0,73,264,21.66,81,549,12.86,331,0,100,9405,0
pbt,bintrie,5,4,storage_sstore_k400,5,,2451,0,0,0.0758,1.3338,0.0038,0.2841,2.1702,0,4,0,0,0,0,0,0,0,0,0,0,4,0,0,0,0,0,0,0,0,0
pbt,bintrie,5,4,storage_sstore_k400,5,,2452,21000,1,0.5104,6.152,100.4051,0.7169,127.3419,0.1649,6,0,0,0,2,0,0,0,0,0,2,4,33.33,0,0,0,0,0,0,0,0
pbt,bintrie,5,4,storage_sstore_k400,5,,2453,0,0,0.0901,1.4557,0.0076,0.6253,3.2765,0,4,0,0,0,0,0,0,0,0,0,0,4,0,0,0,0,0,0,0,0,0
pbt,bintrie,5,4,storage_sstore_k400,5,,2454,0,0,0.1435,1.9973,0.0102,0.4777,3.2952,0,4,0,0,0,0,0,0,0,0,0,0,4,0,0,0,0,0,0,0,0,0
pbt,bintrie,5,4,storage_sstore_k400,6,,2455,0,0,0.0551,0.5361,0.0023,0.1773,1.1488,0,4,0,0,0,0,0,0,0,0,0,0,4,0,0,0,0,0,0,0,0,0
pbt,bintrie,5,4,storage_sstore_k400,6,,2456,0,0,0.1222,1.7214,0.0099,0.3459,2.6678,0,4,0,0,0,0,0,0,0,0,0,0,4,0,0,0,0,0,0,0,0,0
pbt,bintrie,5,4,storage_sstore_k400,6,,2457,0,0,0.0892,1.6674,0.0079,0.2949,2.4867,0,4,0,0,0,0,0,0,0,0,0,0,4,0,0,0,0,0,0,0,0,0
pbt,bintrie,5,4,storage_sstore_k400,6,,2458,0,0,0.0391,0.6626,0.0026,0.2036,1.1728,0,4,0,0,0,0,0,0,0,0,0,0,4,0,0,0,0,0,0,0,0,0
pbt,bintrie,5,4,storage_sstore_k400,6,,2459,0,0,0.084,1.7771,0.0053,0.3576,2.8303,0,4,0,0,0,0,0,0,0,0,0,0,4,0,0,0,0,0,0,0,0,0
pbt,bintrie,5,4,storage_sstore_k400,6,,2460,86938,2,0.6271,63.6173,5.8055,11.7159,113.6578,0.7649,11,0,0,0,3,0,0,0,1,165,4,7,36.36,0,0,0,0,0,0,0,0
pbt,bintrie,5,4,storage_sstore_k400,6,,2461,15913178,1,18.5985,55.3181,92.355,55.1921,221.9931,71.6832,337,630,331,9405,331,0,628,0,0,0,249,88,73.89,265,365,42.06,331,0,100,9405,0
pbt,bintrie,5,4,storage_sstore_k400,6,,2462,21000,1,0.2505,2.9011,121.4676,0.7169,131.3175,0.1599,6,0,0,0,2,0,0,0,0,0,2,4,33.33,0,0,0,0,0,0,0,0
pbt,bintrie,5,4,storage_sstore_k400,6,,2463,0,0,0.0799,1.2433,0.0041,0.5994,2.9895,0,4,0,0,0,0,0,0,0,0,0,0,4,0,0,0,0,0,0,0,0,0
pbt,bintrie,5,4,storage_sstore_k400,6,,2464,0,0,0.0834,1.038,0.0041,0.4941,2.3616,0,4,0,0,0,0,0,0,0,0,0,0,4,0,0,0,0,0,0,0,0,0
pbt,bintrie,5,4,storage_sstore_k400,7,,2465,0,0,0.042,0.4591,0.0017,0.2024,0.8779,0,4,0,0,0,0,0,0,0,0,0,0,4,0,0,0,0,0,0,0,0,0
pbt,bintrie,5,4,storage_sstore_k400,7,,2466,0,0,0.0863,1.2145,0.0035,0.3701,2.1084,0,4,0,0,0,0,0,0,0,0,0,0,4,0,0,0,0,0,0,0,0,0
pbt,bintrie,5,4,storage_sstore_k400,7,,2467,0,0,0.0239,0.4748,0.0026,0.1059,0.7615,0,4,0,0,0,0,0,0,0,0,0,0,4,0,0,0,0,0,0,0,0,0
pbt,bintrie,5,4,storage_sstore_k400,7,,2468,0,0,0.0356,0.6361,0.0026,0.1549,1.0998,0,4,0,0,0,0,0,0,0,0,0,0,4,0,0,0,0,0,0,0,0,0
pbt,bintrie,5,4,storage_sstore_k400,7,,2469,0,0,0.0481,0.672,0.0064,14.769,31.1746,0,4,0,0,0,0,0,0,0,0,0,0,4,0,0,0,0,0,0,0,0,0
pbt,bintrie,5,4,storage_sstore_k400,7,,2470,86938,2,1.0097,5.1542,79.9178,2.7118,90.1769,0.9641,11,0,0,0,3,0,0,0,1,165,4,7,36.36,0,0,0,0,0,0,0,0
pbt,bintrie,5,4,storage_sstore_k400,7,,2471,15913178,1,27.5393,28.5149,108.6667,48.4163,213.3805,74.5765,337,630,331,9405,331,0,628,0,0,0,188,149,55.79,323,307,51.27,331,0,100,9405,0
pbt,bintrie,5,4,storage_sstore_k400,7,,2472,21000,1,0.2602,1.81,125.2539,1.7896,135.002,0.1556,6,0,0,0,2,0,0,0,0,0,2,4,33.33,0,0,0,0,0,0,0,0
pbt,bintrie,5,4,storage_sstore_k400,7,,2473,0,0,0.1569,2.0982,0.0111,0.8172,4.2089,0,4,0,0,0,0,0,0,0,0,0,0,4,0,0,0,0,0,0,0,0,0
pbt,bintrie,5,4,storage_sstore_k400,7,,2474,0,0,0.0977,1.4382,0.0064,0.4252,3.159,0,4,0,0,0,0,0,0,0,0,0,0,4,0,0,0,0,0,0,0,0,0
pbt,bintrie,5,4,storage_sstore_k400,8,,2475,0,0,0.0446,0.5472,0.002,0.1289,0.8817,0,4,0,0,0,0,0,0,0,0,0,0,4,0,0,0,0,0,0,0,0,0
pbt,bintrie,5,4,storage_sstore_k400,8,,2476,0,0,0.0577,0.9756,0.0052,0.1954,1.593,0,4,0,0,0,0,0,0,0,0,0,0,4,0,0,0,0,0,0,0,0,0
pbt,bintrie,5,4,storage_sstore_k400,8,,2477,0,0,0.1592,2.3578,0.0067,0.5603,4.9328,0,4,0,0,0,0,0,0,0,0,0,0,4,0,0,0,0,0,0,0,0,0
pbt,bintrie,5,4,storage_sstore_k400,8,,2478,0,0,0.0312,0.4381,0.0006,0.1409,0.8444,0,4,0,0,0,0,0,0,0,0,0,0,4,0,0,0,0,0,0,0,0,0
pbt,bintrie,5,4,storage_sstore_k400,8,,2479,0,0,0.075,1.3982,0.0038,0.2747,2.0524,0,4,0,0,0,0,0,0,0,0,0,0,4,0,0,0,0,0,0,0,0,0
pbt,bintrie,5,4,storage_sstore_k400,8,,2480,86938,2,1.2156,17.4313,4.8392,2.4225,26.3079,3.3046,11,0,0,0,3,0,0,0,1,165,4,7,36.36,0,0,0,0,0,0,0,0
pbt,bintrie,5,4,storage_sstore_k400,8,,2481,15913178,1,17.1169,53.0356,159.5737,62.4668,292.6529,54.3756,337,630,331,9405,331,0,628,0,0,0,78,259,23.15,77,553,12.22,331,0,100,9405,0
pbt,bintrie,5,4,storage_sstore_k400,8,,2482,21000,1,1.1284,3.056,94.5034,0.7697,100.4777,0.209,6,0,0,0,2,0,0,0,0,0,2,4,33.33,0,0,0,0,0,0,0,0
pbt,bintrie,5,4,storage_sstore_k400,8,,2483,0,0,0.0747,1.1938,0.0032,0.4258,2.0273,0,4,0,0,0,0,0,0,0,0,0,0,4,0,0,0,0,0,0,0,0,0
pbt,bintrie,5,4,storage_sstore_k400,8,,2484,0,0,0.0545,0.9021,0.0044,0.38,2.0078,0,4,0,0,0,0,0,0,0,0,0,0,4,0,0,0,0,0,0,0,0,0
pbt,bintrie,5,4,storage_sstore_k400,9,,2485,0,0,0.0554,0.6291,0.0023,0.266,1.2238,0,4,0,0,0,0,0,0,0,0,0,0,4,0,0,0,0,0,0,0,0,0
pbt,bintrie,5,4,storage_sstore_k400,9,,2486,0,0,0.0962,1.1661,0.0053,0.31,2.0364,0,4,0,0,0,0,0,0,0,0,0,0,4,0,0,0,0,0,0,0,0,0
pbt,bintrie,5,4,storage_sstore_k400,9,,2487,0,0,0.0286,0.5229,0.002,0.1199,0.8012,0,4,0,0,0,0,0,0,0,0,0,0,4,0,0,0,0,0,0,0,0,0
pbt,bintrie,5,4,storage_sstore_k400,9,,2488,0,0,0.0834,1.8818,0.0053,0.5098,2.8702,0,4,0,0,0,0,0,0,0,0,0,0,4,0,0,0,0,0,0,0,0,0
pbt,bintrie,5,4,storage_sstore_k400,9,,2489,0,0,0.0796,0.8327,0.0058,2.1592,17.135,0,4,0,0,0,0,0,0,0,0,0,0,4,0,0,0,0,0,0,0,0,0
pbt,bintrie,5,4,storage_sstore_k400,9,,2490,86938,2,0.243,2.4278,59.88,9.2966,74.2299,1.1712,11,0,0,0,3,0,0,0,1,165,6,5,54.55,0,0,0,0,0,0,0,0
pbt,bintrie,5,4,storage_sstore_k400,9,,2491,15913178,1,19.689,53.9263,166.5312,45.5893,286.1215,55.6169,337,630,331,9405,331,0,628,0,0,0,51,286,15.13,53,577,8.41,331,0,100,9405,0
pbt,bintrie,5,4,storage_sstore_k400,9,,2492,21000,1,1.5009,2.8968,100.4002,0.8131,106.3617,0.1974,6,0,0,0,2,0,0,0,0,0,0,6,0,0,0,0,0,0,0,0,0
pbt,bintrie,5,4,storage_sstore_k400,9,,2493,0,0,0.1073,1.6587,0.0088,0.3479,2.6494,0,4,0,0,0,0,0,0,0,0,0,0,4,0,0,0,0,0,0,0,0,0
pbt,bintrie,5,4,storage_sstore_k400,9,,2494,0,0,0.0837,1.4898,0.0055,0.6142,2.9717,0,4,0,0,0,0,0,0,0,0,0,0,4,0,0,0,0,0,0,0,0,0
pbt,bintrie,5,4,storage_sstore_k700,10,,2700,0,0,0.1942,1.9757,0.0254,0.5515,3.4416,0,4,0,0,0,0,0,0,0,0,0,0,4,0,0,0,0,0,0,0,0,0
pbt,bintrie,5,4,storage_sstore_k700,10,,2701,0,0,0.033,0.52,0.0032,0.1817,0.9715,0,4,0,0,0,0,0,0,0,0,0,0,4,0,0,0,0,0,0,0,0,0
pbt,bintrie,5,4,storage_sstore_k700,10,,2702,0,0,0.0443,0.6618,0.0017,0.1126,0.9619,0,4,0,0,0,0,0,0,0,0,0,0,4,0,0,0,0,0,0,0,0,0
pbt,bintrie,5,4,storage_sstore_k700,10,,2703,0,0,0.0688,1.1868,0.0044,1.7228,3.3587,0,4,0,0,0,0,0,0,0,0,0,0,4,0,0,0,0,0,0,0,0,0
pbt,bintrie,5,4,storage_sstore_k700,10,,2704,0,0,0.0662,1.2565,0.0053,0.3071,2.0737,0,4,0,0,0,0,0,0,0,0,0,0,4,0,0,0,0,0,0,0,0,0
pbt,bintrie,5,4,storage_sstore_k700,10,,2705,86950,2,0.6484,1.2022,64.3633,4.1664,70.578,1.232,11,0,0,0,3,0,0,0,1,165,4,7,36.36,0,0,0,0,0,0,0,0
pbt,bintrie,5,4,storage_sstore_k700,10,,2706,15911534,1,31.2808,118.531,170.259,123.4582,443.85,35.8489,581,574,575,16237,575,0,573,0,0,0,271,310,46.64,103,471,17.94,575,0,100,16237,0
pbt,bintrie,5,4,storage_sstore_k700,10,,2707,21000,1,0.2117,1.9267,2.6798,3.4827,66.717,0.3148,6,0,0,0,2,0,0,0,0,0,2,4,33.33,0,0,0,0,0,0,0,0
pbt,bintrie,5,4,storage_sstore_k700,10,,2708,0,0,0.1009,1.6222,0.0096,0.4357,2.5879,0,4,0,0,0,0,0,0,0,0,0,0,4,0,0,0,0,0,0,0,0,0
pbt,bintrie,5,4,storage_sstore_k700,10,,2709,0,0,0.0709,1.1663,0.0076,0.2803,2.2647,0,4,0,0,0,0,0,0,0,0,0,0,4,0,0,0,0,0,0,0,0,0
pbt,bintrie,5,4,storage_sstore_k700,11,,2710,0,0,0.0729,0.7761,0.0035,0.2593,1.4078,0,4,0,0,0,0,0,0,0,0,0,0,4,0,0,0,0,0,0,0,0,0
pbt,bintrie,5,4,storage_sstore_k700,11,,2711,0,0,0.0367,0.7429,0.0242,1.3825,3.0519,0,4,0,0,0,0,0,0,0,0,0,0,4,0,0,0,0,0,0,0,0,0
pbt,bintrie,5,4,storage_sstore_k700,11,,2712,0,0,0.0437,0.7096,0.0035,0.1415,1.0491,0,4,0,0,0,0,0,0,0,0,0,0,4,0,0,0,0,0,0,0,0,0
pbt,bintrie,5,4,storage_sstore_k700,11,,2713,0,0,0.068,1.1445,0.0035,0.2599,1.7459,0,4,0,0,0,0,0,0,0,0,0,0,4,0,0,0,0,0,0,0,0,0
pbt,bintrie,5,4,storage_sstore_k700,11,,2714,0,0,0.0671,1.2168,0.0035,0.2733,1.8967,0,4,0,0,0,0,0,0,0,0,0,0,4,0,0,0,0,0,0,0,0,0
pbt,bintrie,5,4,storage_sstore_k700,11,,2715,86950,2,0.3765,4.0226,99.8886,5.9682,123.6687,0.7031,11,0,0,0,3,0,0,0,1,165,5,6,45.45,0,0,0,0,0,0,0,0
pbt,bintrie,5,4,storage_sstore_k700,11,,2716,15911534,1,28.2816,116.083,191.1639,78.461,414.2266,38.4126,581,574,575,16237,575,0,573,0,0,0,165,416,28.4,103,471,17.94,575,0,100,16237,0
pbt,bintrie,5,4,storage_sstore_k700,11,,2717,21000,1,0.868,3.9803,36.2938,0.7321,100.0222,0.21,6,0,0,0,2,0,0,0,0,0,0,6,0,0,0,0,0,0,0,0,0
pbt,bintrie,5,4,storage_sstore_k700,11,,2718,0,0,0.0487,0.9036,0.0058,0.2351,1.5373,0,4,0,0,0,0,0,0,0,0,0,0,4,0,0,0,0,0,0,0,0,0
pbt,bintrie,5,4,storage_sstore_k700,11,,2719,0,0,0.1044,1.6674,0.0076,0.3316,2.5549,0,4,0,0,0,0,0,0,0,0,0,0,4,0,0,0,0,0,0,0,0,0
pbt,bintrie,5,4,storage_sstore_k700,12,,2720,0,0,0.0752,0.6682,0.002,0.1546,1.0905,0,4,0,0,0,0,0,0,0,0,0,0,4,0,0,0,0,0,0,0,0,0
pbt,bintrie,5,4,storage_sstore_k700,12,,2721,0,0,0.0776,1.3139,0.005,0.4188,2.1297,0,4,0,0,0,0,0,0,0,0,0,0,4,0,0,0,0,0,0,0,0,0
pbt,bintrie,5,4,storage_sstore_k700,12,,2722,0,0,0.1307,1.8477,0.0073,1.7155,10.8897,0,4,0,0,0,0,0,0,0,0,0,0,4,0,0,0,0,0,0,0,0,0
pbt,bintrie,5,4,storage_sstore_k700,12,,2723,0,0,0.0341,0.6209,0.0018,0.2001,1.0508,0,4,0,0,0,0,0,0,0,0,0,0,4,0,0,0,0,0,0,0,0,0
pbt,bintrie,5,4,storage_sstore_k700,12,,2724,0,0,0.0327,0.4774,0.0015,0.1362,0.8796,0,4,0,0,0,0,0,0,0,0,0,0,4,0,0,0,0,0,0,0,0,0
pbt,bintrie,5,4,storage_sstore_k700,12,,2725,86950,2,0.9015,2.4068,79.639,10.556,94.0645,0.9244,11,0,0,0,3,0,0,0,1,165,4,7,36.36,0,0,0,0,0,0,0,0
pbt,bintrie,5,4,storage_sstore_k700,12,,2726,15911534,1,37.855,94.0936,223.1298,78.8894,441.9295,36.0047,581,574,575,16237,575,0,573,0,0,0,396,185,68.16,166,408,28.92,575,0,100,16237,0
pbt,bintrie,5,4,storage_sstore_k700,12,,2727,21000,1,0.6431,3.9461,75.0296,0.8394,91.2753,0.2301,6,0,0,0,2,0,0,0,0,0,0,6,0,0,0,0,0,0,0,0,0
pbt,bintrie,5,4,storage_sstore_k700,12,,2728,0,0,0.0449,0.6434,0.0041,0.2179,1.1984,0,4,0,0,0,0,0,0,0,0,0,0,4,0,0,0,0,0,0,0,0,0
pbt,bintrie,5,4,storage_sstore_k700,12,,2729,0,0,0.0834,2.0025,0.0061,0.5194,3.2155,0,4,0,0,0,0,0,0,0,0,0,0,4,0,0,0,0,0,0,0,0,0
pbt,bintrie,5,4,storage_sstore_k700,13,,2730,0,0,0.0507,0.5731,0.0023,0.1417,0.9744,0,4,0,0,0,0,0,0,0,0,0,0,4,0,0,0,0,0,0,0,0,0
pbt,bintrie,5,4,storage_sstore_k700,13,,2731,0,0,0.0787,1.094,0.0029,0.4042,1.8692,0,4,0,0,0,0,0,0,0,0,0,0,4,0,0,0,0,0,0,0,0,0
pbt,bintrie,5,4,storage_sstore_k700,13,,2732,0,0,0.0604,0.8756,0.0044,8.6524,20.9423,0,4,0,0,0,0,0,0,0,0,0,0,4,0,0,0,0,0,0,0,0,0
pbt,bintrie,5,4,storage_sstore_k700,13,,2733,0,0,0.0726,1.19,0.0053,0.2844,1.962,0,4,0,0,0,0,0,0,0,0,0,0,4,0,0,0,0,0,0,0,0,0
pbt,bintrie,5,4,storage_sstore_k700,13,,2734,0,0,0.0825,1.9075,0.0058,0.2899,2.7853,0,4,0,0,0,0,0,0,0,0,0,0,4,0,0,0,0,0,0,0,0,0
pbt,bintrie,5,4,storage_sstore_k700,13,,2735,86950,2,1.1173,2.7069,25.5785,5.2997,84.419,1.03,11,0,0,0,3,0,0,0,1,165,4,7,36.36,0,0,0,0,0,0,0,0
pbt,bintrie,5,4,storage_sstore_k700,13,,2736,15911534,1,24.1019,83.5611,165.6193,111.3705,385.4342,41.2821,581,574,575,16237,575,0,573,0,0,0,256,325,44.06,121,453,21.08,575,0,100,16237,0
pbt,bintrie,5,4,storage_sstore_k700,13,,2737,21000,1,0.2071,1.9287,94.7055,0.9202,102.6979,0.2045,6,0,0,0,2,0,0,0,0,0,2,4,33.33,0,0,0,0,0,0,0,0
pbt,bintrie,5,4,storage_sstore_k700,13,,2738,0,0,0.0834,1.4058,0.0067,0.364,2.1697,0,4,0,0,0,0,0,0,0,0,0,0,4,0,0,0,0,0,0,0,0,0
pbt,bintrie,5,4,storage_sstore_k700,13,,2739,0,0,0.1534,1.8795,0.0093,0.5635,3.168,0,4,0,0,0,0,0,0,0,0,0,0,4,0,0,0,0,0,0,0,0,0
pbt,bintrie,5,4,storage_sstore_k700,14,,2740,0,0,0.0598,0.7064,0.0032,0.2479,1.2635,0,4,0,0,0,0,0,0,0,0,0,0,4,0,0,0,0,0,0,0,0,0
pbt,bintrie,5,4,storage_sstore_k700,14,,2741,0,0,0.0752,1.3807,0.0047,0.3555,2.1784,0,4,0,0,0,0,0,0,0,0,0,0,4,0,0,0,0,0,0,0,0,0
pbt,bintrie,5,4,storage_sstore_k700,14,,2742,0,0,0.0633,1.2022,0.0064,2.3878,9.9409,0,4,0,0,0,0,0,0,0,0,0,0,4,0,0,0,0,0,0,0,0,0
pbt,bintrie,5,4,storage_sstore_k700,14,,2743,0,0,0.0359,0.6338,0.0032,0.1517,1.12,0,4,0,0,0,0,0,0,0,0,0,0,4,0,0,0,0,0,0,0,0,0
pbt,bintrie,5,4,storage_sstore_k700,14,,2744,0,0,0.161,2.0151,0.0117,0.4159,3.04,0,4,0,0,0,0,0,0,0,0,0,0,4,0,0,0,0,0,0,0,0,0
pbt,bintrie,5,4,storage_sstore_k700,14,,2745,86950,2,0.5731,1.3819,14.9184,4.1077,21.3509,4.0724,11,0,0,0,3,0,0,0,1,165,4,7,36.36,0,0,0,0,0,0,0,0
pbt,bintrie,5,4,storage_sstore_k700,14,,2746,15911534,1,24.1167,81.7987,149.6588,130.7288,387.066,41.1081,581,574,575,16237,575,0,573,0,0,0,224,357,38.55,146,428,25.44,575,0,100,16237,0
pbt,bintrie,5,4,storage_sstore_k700,14,,2747,21000,1,0.2561,2.5336,8.3665,3.7192,15.4028,1.3634,6,0,0,0,2,0,0,0,0,0,2,4,33.33,0,0,0,0,0,0,0,0
pbt,bintrie,5,4,storage_sstore_k700,14,,2748,0,0,0.0977,2.1084,0.0064,0.527,3.3045,0,4,0,0,0,0,0,0,0,0,0,0,4,0,0,0,0,0,0,0,0,0
pbt,bintrie,5,4,storage_sstore_k700,14,,2749,0,0,0.0962,1.9457,0.0082,0.364,3.0201,0,4,0,0,0,0,0,0,0,0,0,0,4,0,0,0,0,0,0,0,0,0
pbt,bintrie,5,4,storage_sstore_k700,15,,2750,0,0,0.0633,0.7831,0.0038,0.2123,1.355,0,4,0,0,0,0,0,0,0,0,0,0,4,0,0,0,0,0,0,0,0,0
pbt,bintrie,5,4,storage_sstore_k700,15,,2751,0,0,0.0376,0.6769,0.0023,0.168,1.0759,0,4,0,0,0,0,0,0,0,0,0,0,4,0,0,0,0,0,0,0,0,0
pbt,bintrie,5,4,storage_sstore_k700,15,,2752,0,0,0.0508,0.7674,0.0052,0.1916,7.0672,0,4,0,0,0,0,0,0,0,0,0,0,4,0,0,0,0,0,0,0,0,0
pbt,bintrie,5,4,storage_sstore_k700,15,,2753,0,0,0.0828,1.8652,0.0058,0.3404,2.8349,0,4,0,0,0,0,0,0,0,0,0,0,4,0,0,0,0,0,0,0,0,0
pbt,bintrie,5,4,storage_sstore_k700,15,,2754,0,0,0.0895,1.8902,0.0047,0.3646,2.9434,0,4,0,0,0,0,0,0,0,0,0,0,4,0,0,0,0,0,0,0,0,0
pbt,bintrie,5,4,storage_sstore_k700,15,,2755,86950,2,0.9569,2.4531,49.2741,5.1603,108.1528,0.804,11,0,0,0,3,0,0,0,1,165,4,7,36.36,0,0,0,0,0,0,0,0
pbt,bintrie,5,4,storage_sstore_k700,15,,2756,15911534,1,19.7254,85.7107,175.5001,79.6615,360.9074,44.0876,581,574,575,16237,575,0,573,0,0,0,256,325,44.06,138,436,24.04,575,0,100,16237,0
pbt,bintrie,5,4,storage_sstore_k700,15,,2757,0,0,0.0837,1.869,0.0058,0.4894,2.9834,0,4,0,0,0,0,0,0,0,0,0,0,4,0,0,0,0,0,0,0,0,0
pbt,bintrie,5,4,storage_sstore_k700,15,,2758,21000,1,0.2406,6.9272,103.8569,2.3869,135.6527,0.1548,6,0,0,0,2,0,0,0,0,0,2,4,33.33,0,0,0,0,0,0,0,0
pbt,bintrie,5,4,storage_sstore_k700,15,,2759,0,0,0.0834,1.33,0.0085,0.3809,2.1781,0,4,0,0,0,0,0,0,0,0,0,0,4,0,0,0,0,0,0,0,0,0
pbt,bintrie,5,4,storage_sstore_k700,15,,2760,0,0,0.1135,1.864,0.0108,0.6533,3.3882,0,4,0,0,0,0,0,0,0,0,0,0,4,0,0,0,0,0,0,0,0,0
pbt,bintrie,5,4,storage_sstore_k700,16,,2761,0,0,0.0834,0.8289,0.0044,0.2762,1.5636,0,4,0,0,0,0,0,0,0,0,0,0,4,0,0,0,0,0,0,0,0,0
pbt,bintrie,5,4,storage_sstore_k700,16,,2762,0,0,0.0919,1.5435,0.0067,0.3001,2.2892,0,4,0,0,0,0,0,0,0,0,0,0,4,0,0,0,0,0,0,0,0,0
pbt,bintrie,5,4,storage_sstore_k700,16,,2763,0,0,0.0548,0.8729,0.0041,0.5466,9.1421,0,4,0,0,0,0,0,0,0,0,0,0,4,0,0,0,0,0,0,0,0,0
pbt,bintrie,5,4,storage_sstore_k700,16,,2764,0,0,0.0391,0.6335,0.0038,0.1989,1.0742,0,4,0,0,0,0,0,0,0,0,0,0,4,0,0,0,0,0,0,0,0,0
pbt,bintrie,5,4,storage_sstore_k700,16,,2765,0,0,0.0449,0.6863,0.0029,0.1444,1.0733,0,4,0,0,0,0,0,0,0,0,0,0,4,0,0,0,0,0,0,0,0,0
pbt,bintrie,5,4,storage_sstore_k700,16,,2766,0,0,0.0239,0.4754,0.0015,0.1572,0.7799,0,4,0,0,0,0,0,0,0,0,0,0,4,0,0,0,0,0,0,0,0,0
pbt,bintrie,5,4,storage_sstore_k700,16,,2767,86950,2,2.0218,21.4807,75.1521,4.2737,103.7995,0.8377,11,0,0,0,3,0,0,0,1,165,4,7,36.36,0,0,0,0,0,0,0,0
pbt,bintrie,5,4,storage_sstore_k700,16,,2768,15911534,1,50.9909,184.7815,231.7343,101.6744,572.4552,27.7952,581,574,575,16237,575,0,573,0,0,0,214,367,36.83,38,536,6.62,575,0,100,16237,0
pbt,bintrie,5,4,storage_sstore_k700,16,,2769,21000,1,0.7793,2.6649,76.8703,0.7464,82.3045,0.2552,6,0,0,0,2,0,0,0,0,0,0,6,0,0,0,0,0,0,0,0,0
pbt,bintrie,5,4,storage_sstore_k700,16,,2770,0,0,0.1149,1.971,0.0102,0.5122,3.2027,0,4,0,0,0,0,0,0,0,0,0,0,4,0,0,0,0,0,0,0,0,0
pbt,bintrie,5,4,storage_sstore_k700,16,,2771,0,0,0.0423,0.7417,0.0032,0.2214,1.2518,0,4,0,0,0,0,0,0,0,0,0,0,4,0,0,0,0,0,0,0,0,0
pbt,bintrie,5,4,storage_sstore_k700,17,,2772,0,0,0.0636,0.6845,0.0047,0.2135,1.2894,0,4,0,0,0,0,0,0,0,0,0,0,4,0,0,0,0,0,0,0,0,0
pbt,bintrie,5,4,storage_sstore_k700,17,,2773,0,0,0.0744,1.5726,0.0044,0.3019,2.4009,0,4,0,0,0,0,0,0,0,0,0,0,4,0,0,0,0,0,0,0,0,0
pbt,bintrie,5,4,storage_sstore_k700,17,,2774,0,0,0.037,0.5854,0.0023,0.154,0.9771,0,4,0,0,0,0,0,0,0,0,0,0,4,0,0,0,0,0,0,0,0,0
pbt,bintrie,5,4,storage_sstore_k700,17,,2775,0,0,0.3459,4.2865,0.0093,0.6536,6.4533,0,4,0,0,0,0,0,0,0,0,0,0,4,0,0,0,0,0,0,0,0,0
pbt,bintrie,5,4,storage_sstore_k700,17,,2776,0,0,0.0694,1.2428,0.0026,0.3523,2.0104,0,4,0,0,0,0,0,0,0,0,0,0,4,0,0,0,0,0,0,0,0,0
pbt,bintrie,5,4,storage_sstore_k700,17,,2777,86950,2,0.7198,43.5068,0.7431,10.1185,95.3688,0.9117,11,0,0,0,3,0,0,0,1,165,4,7,36.36,0,0,0,0,0,0,0,0
pbt,bintrie,5,4,storage_sstore_k700,17,,2778,15911534,1,18.1995,86.5615,118.3579,146.3963,369.9871,43.0056,581,574,575,16237,575,0,573,0,0,0,124,457,21.34,108,466,18.82,575,0,100,16237,0
pbt,bintrie,5,4,storage_sstore_k700,17,,2779,0,0,0.0744,6.2161,0.0029,0.3926,7.8949,0,4,0,0,0,0,0,0,0,0,0,0,4,0,0,0,0,0,0,0,0,0
pbt,bintrie,5,4,storage_sstore_k700,17,,2780,21000,1,2.0148,23.3336,57.0722,2.1227,84.8833,0.2474,6,0,0,0,2,0,0,0,0,0,2,4,33.33,0,0,0,0,0,0,0,0
pbt,bintrie,5,4,storage_sstore_k700,17,,2781,0,0,0.0831,1.2804,0.0029,0.3812,2.0521,0,4,0,0,0,0,0,0,0,0,0,0,4,0,0,0,0,0,0,0,0,0
pbt,bintrie,5,4,storage_sstore_k700,17,,2782,0,0,0.1167,1.7027,0.0105,0.3722,2.7075,0,4,0,0,0,0,0,0,0,0,0,0,4,0,0,0,0,0,0,0,0,0
pbt,bintrie,5,4,storage_sstore_k700,18,,2783,0,0,0.0589,0.751,0.0035,0.2088,1.348,0,4,0,0,0,0,0,0,0,0,0,0,4,0,0,0,0,0,0,0,0,0
pbt,bintrie,5,4,storage_sstore_k700,18,,2784,0,0,0.0385,0.7189,0.0026,0.1639,1.1313,0,4,0,0,0,0,0,0,0,0,0,0,4,0,0,0,0,0,0,0,0,0
pbt,bintrie,5,4,storage_sstore_k700,18,,2785,0,0,0.0236,0.4809,0.0018,0.1417,0.7755,0,4,0,0,0,0,0,0,0,0,0,0,4,0,0,0,0,0,0,0,0,0
pbt,bintrie,5,4,storage_sstore_k700,18,,2786,0,0,0.0805,1.9766,0.0064,0.3316,2.8717,0,4,0,0,0,0,0,0,0,0,0,0,4,0,0,0,0,0,0,0,0,0
pbt,bintrie,5,4,storage_sstore_k700,18,,2787,0,0,0.1339,1.9203,0.0096,4.5429,14.0139,0,4,0,0,0,0,0,0,0,0,0,0,4,0,0,0,0,0,0,0,0,0
pbt,bintrie,5,4,storage_sstore_k700,18,,2788,86950,2,0.3109,2.3239,129.8598,4.696,138.2692,0.6288,11,0,0,0,3,0,0,0,1,165,4,7,36.36,0,0,0,0,0,0,0,0
pbt,bintrie,5,4,storage_sstore_k700,18,,2789,15911534,1,31.6895,149.7078,141.8817,151.6283,475.649,33.4523,581,574,575,16237,575,0,573,0,0,0,269,312,46.3,170,404,29.62,575,0,100,16237,0
pbt,bintrie,5,4,storage_sstore_k700,18,,2790,21000,1,0.2316,2.1638,9.1876,4.8287,17.1423,1.225,6,0,0,0,2,0,0,0,0,0,2,4,33.33,0,0,0,0,0,0,0,0
pbt,bintrie,5,4,storage_sstore_k700,18,,2791,0,0,0.1044,1.591,0.0085,0.401,2.5065,0,4,0,0,0,0,0,0,0,0,0,0,4,0,0,0,0,0,0,0,0,0
pbt,bintrie,5,4,storage_sstore_k700,19,,2792,0,0,0.063,0.7236,0.0023,0.2374,1.3122,0,4,0,0,0,0,0,0,0,0,0,0,4,0,0,0,0,0,0,0,0,0
pbt,bintrie,5,4,storage_sstore_k700,19,,2793,0,0,0.0557,0.9149,0.0038,0.1674,1.4192,0,4,0,0,0,0,0,0,0,0,0,0,4,0,0,0,0,0,0,0,0,0
pbt,bintrie,5,4,storage_sstore_k700,19,,2794,0,0,0.0254,0.5279,0.0125,0.8184,4.6817,0,4,0,0,0,0,0,0,0,0,0,0,4,0,0,0,0,0,0,0,0,0
pbt,bintrie,5,4,storage_sstore_k700,19,,2795,0,0,0.0292,0.4474,0.0015,0.175,0.8289,0,4,0,0,0,0,0,0,0,0,0,0,4,0,0,0,0,0,0,0,0,0
pbt,bintrie,5,4,storage_sstore_k700,19,,2796,0,0,0.0309,0.4419,0.0012,0.1508,0.8021,0,4,0,0,0,0,0,0,0,0,0,0,4,0,0,0,0,0,0,0,0,0
pbt,bintrie,5,4,storage_sstore_k700,19,,2797,86950,2,0.9117,33.78,79.8542,5.5882,120.9388,0.719,11,0,0,0,3,0,0,0,1,165,4,7,36.36,0,0,0,0,0,0,0,0
pbt,bintrie,5,4,storage_sstore_k700,19,,2798,15911534,1,28.4712,89.9546,118.0785,136.7485,373.5363,42.597,581,574,575,16237,575,0,573,0,0,0,239,342,41.14,142,432,24.74,575,0,100,16237,0
pbt,bintrie,5,4,storage_sstore_k700,19,,2799,21000,1,0.2715,2.7048,8.354,4.7325,16.9404,1.2396,6,0,0,0,2,0,0,0,0,0,2,4,33.33,0,0,0,0,0,0,0,0
pbt,bintrie,5,4,storage_sstore_k700,19,,2800,0,0,0.1178,1.9529,0.0093,0.3888,2.9318,0,4,0,0,0,0,0,0,0,0,0,0,4,0,0,0,0,0,0,0,0,0
pbt,bintrie,5,4,storage_sstore_k700,19,,2801,0,0,0.2018,2.4257,0.009,0.4267,3.5638,0,4,0,0,0,0,0,0,0,0,0,0,4,0,0,0,0,0,0,0,0,0
pbt,bintrie,5,4,storage_sstore_k700,1,,2608,0,0,0.0557,0.5929,0.0026,0.2085,1.1477,0,4,0,0,0,0,0,0,0,0,0,0,4,0,0,0,0,0,0,0,0,0
pbt,bintrie,5,4,storage_sstore_k700,1,,2609,0,0,0.089,1.5006,0.0067,0.3555,2.291,0,4,0,0,0,0,0,0,0,0,0,0,4,0,0,0,0,0,0,0,0,0
pbt,bintrie,5,4,storage_sstore_k700,1,,2610,0,0,0.0898,1.2547,0.0023,0.3062,2.4356,0,4,0,0,0,0,0,0,0,0,0,0,4,0,0,0,0,0,0,0,0,0
pbt,bintrie,5,4,storage_sstore_k700,1,,2611,0,0,0.0353,0.6058,0.0032,0.1321,0.9706,0,4,0,0,0,0,0,0,0,0,0,0,4,0,0,0,0,0,0,0,0,0
pbt,bintrie,5,4,storage_sstore_k700,1,,2612,0,0,0.2155,2.7425,0.0096,2.3315,9.751,0,4,0,0,0,0,0,0,0,0,0,0,4,0,0,0,0,0,0,0,0,0
pbt,bintrie,5,4,storage_sstore_k700,1,,2613,86950,2,0.3716,18.7079,0.6629,18.8485,39.2241,2.2168,11,0,0,0,3,0,0,0,1,165,6,5,54.55,0,0,0,0,0,0,0,0
pbt,bintrie,5,4,storage_sstore_k700,1,,2614,15911534,1,40.8438,295.213,275.5187,99.4534,712.9155,22.319,581,574,575,16237,575,0,573,0,0,0,301,280,51.81,153,421,26.66,575,0,100,16237,0
pbt,bintrie,5,4,storage_sstore_k700,1,,2615,21000,1,0.0936,1.2845,6.1281,0.7297,8.5039,2.4695,6,0,0,0,2,0,0,0,0,0,2,4,33.33,0,0,0,0,0,0,0,0
pbt,bintrie,5,4,storage_sstore_k700,1,,2616,0,0,0.0478,0.8239,0.0052,0.1835,1.316,0,4,0,0,0,0,0,0,0,0,0,0,4,0,0,0,0,0,0,0,0,0
pbt,bintrie,5,4,storage_sstore_k700,20,,2802,0,0,0.0554,0.6169,0.0023,0.1881,1.155,0,4,0,0,0,0,0,0,0,0,0,0,4,0,0,0,0,0,0,0,0,0
pbt,bintrie,5,4,storage_sstore_k700,20,,2803,0,0,0.0292,0.4742,0.0017,0.2103,0.8823,0,4,0,0,0,0,0,0,0,0,0,0,4,0,0,0,0,0,0,0,0,0
pbt,bintrie,5,4,storage_sstore_k700,20,,2804,0,0,0.023,0.3535,0.0012,0.1129,0.5871,0,4,0,0,0,0,0,0,0,0,0,0,4,0,0,0,0,0,0,0,0,0
pbt,bintrie,5,4,storage_sstore_k700,20,,2805,0,0,0.0262,0.4264,0.002,0.1566,0.8099,0,4,0,0,0,0,0,0,0,0,0,0,4,0,0,0,0,0,0,0,0,0
pbt,bintrie,5,4,storage_sstore_k700,20,,2806,0,0,0.0601,0.7717,0.0035,0.2599,3.525,0,4,0,0,0,0,0,0,0,0,0,0,4,0,0,0,0,0,0,0,0,0
pbt,bintrie,5,4,storage_sstore_k700,20,,2807,86950,2,1.1141,36.7184,18.5673,11.3009,78.4534,1.1083,11,0,0,0,3,0,0,0,1,165,4,7,36.36,0,0,0,0,0,0,0,0
pbt,bintrie,5,4,storage_sstore_k700,20,,2808,15911534,1,18.5565,85.8458,131.1951,163.9727,399.8668,39.7921,581,574,575,16237,575,0,573,0,0,0,209,372,35.97,157,417,27.35,575,0,100,16237,0
pbt,bintrie,5,4,storage_sstore_k700,20,,2809,21000,1,0.1995,1.9672,78.0372,2.6564,83.8211,0.2505,6,0,0,0,2,0,0,0,0,0,2,4,33.33,0,0,0,0,0,0,0,0
pbt,bintrie,5,4,storage_sstore_k700,20,,2810,0,0,0.03,0.4337,0.0023,0.1587,0.8088,0,4,0,0,0,0,0,0,0,0,0,0,4,0,0,0,0,0,0,0,0,0
pbt,bintrie,5,4,storage_sstore_k700,2,,2617,0,0,0.0642,0.791,0.0032,0.2062,1.3638,0,4,0,0,0,0,0,0,0,0,0,0,4,0,0,0,0,0,0,0,0,0
pbt,bintrie,5,4,storage_sstore_k700,2,,2618,0,0,0.0467,0.7245,0.0047,0.1957,1.2713,0,4,0,0,0,0,0,0,0,0,0,0,4,0,0,0,0,0,0,0,0,0
pbt,bintrie,5,4,storage_sstore_k700,2,,2619,0,0,0.0875,1.8593,0.012,0.4932,3.1015,0,4,0,0,0,0,0,0,0,0,0,0,4,0,0,0,0,0,0,0,0,0
pbt,bintrie,5,4,storage_sstore_k700,2,,2620,0,0,0.0758,1.2203,0.0064,0.4325,2.0953,0,4,0,0,0,0,0,0,0,0,0,0,4,0,0,0,0,0,0,0,0,0
pbt,bintrie,5,4,storage_sstore_k700,2,,2621,0,0,0.0347,0.6539,0.0029,0.1846,1.0733,0,4,0,0,0,0,0,0,0,0,0,0,4,0,0,0,0,0,0,0,0,0
pbt,bintrie,5,4,storage_sstore_k700,2,,2622,0,0,0.0464,0.6804,0.0035,0.7192,1.6966,0,4,0,0,0,0,0,0,0,0,0,0,4,0,0,0,0,0,0,0,0,0
pbt,bintrie,5,4,storage_sstore_k700,2,,2623,86950,2,0.3789,13.3242,118.5562,2.6203,144.4862,0.6018,11,0,0,0,3,0,0,0,1,165,6,5,54.55,0,0,0,0,0,0,0,0
pbt,bintrie,5,4,storage_sstore_k700,2,,2624,15911534,1,20.799,75.9767,171.6152,67.0676,335.6647,47.4031,581,574,575,16237,575,0,573,0,0,0,258,323,44.41,199,375,34.67,575,0,100,16237,0
pbt,bintrie,5,4,storage_sstore_k700,2,,2625,21000,1,0.562,3.4133,98.7088,0.735,106.3048,0.1975,6,0,0,0,2,0,0,0,0,0,2,4,33.33,0,0,0,0,0,0,0,0
pbt,bintrie,5,4,storage_sstore_k700,2,,2626,0,0,0.1076,1.806,0.012,0.3972,2.7827,0,4,0,0,0,0,0,0,0,0,0,0,4,0,0,0,0,0,0,0,0,0
pbt,bintrie,5,4,storage_sstore_k700,3,,2627,0,0,0.1304,1.4673,0.0064,0.3937,2.4677,0,4,0,0,0,0,0,0,0,0,0,0,4,0,0,0,0,0,0,0,0,0
pbt,bintrie,5,4,storage_sstore_k700,3,,2628,0,0,0.065,1.1815,0.0038,0.3491,2.0416,0,4,0,0,0,0,0,0,0,0,0,0,4,0,0,0,0,0,0,0,0,0
pbt,bintrie,5,4,storage_sstore_k700,3,,2629,0,0,0.028,0.5332,0.0035,0.1289,0.8204,0,4,0,0,0,0,0,0,0,0,0,0,4,0,0,0,0,0,0,0,0,0
pbt,bintrie,5,4,storage_sstore_k700,3,,2630,0,0,0.0855,1.8447,0.0044,0.3319,2.6614,0,4,0,0,0,0,0,0,0,0,0,0,4,0,0,0,0,0,0,0,0,0
pbt,bintrie,5,4,storage_sstore_k700,3,,2631,0,0,0.0691,1.2366,0.0032,0.3039,2.0244,0,4,0,0,0,0,0,0,0,0,0,0,4,0,0,0,0,0,0,0,0,0
pbt,bintrie,5,4,storage_sstore_k700,3,,2632,86950,2,1.0109,6.3442,41.0475,18.3967,68.3101,1.2729,11,0,0,0,3,0,0,0,1,165,4,7,36.36,0,0,0,0,0,0,0,0
pbt,bintrie,5,4,storage_sstore_k700,3,,2633,15911534,1,33.2863,96.9846,209.4851,86.5405,426.6917,37.2905,581,574,575,16237,575,0,573,0,0,0,180,401,30.98,59,515,10.28,575,0,100,16237,0
pbt,bintrie,5,4,storage_sstore_k700,3,,2634,21000,1,0.1651,1.4364,87.0139,0.7846,94.4276,0.2224,6,0,0,0,2,0,0,0,0,0,2,4,33.33,0,0,0,0,0,0,0,0
pbt,bintrie,5,4,storage_sstore_k700,3,,2635,0,0,0.119,1.8862,0.0073,0.5489,3.0408,0,4,0,0,0,0,0,0,0,0,0,0,4,0,0,0,0,0,0,0,0,0
pbt,bintrie,5,4,storage_sstore_k700,3,,2636,0,0,0.1184,1.7587,0.0102,0.3663,2.7635,0,4,0,0,0,0,0,0,0,0,0,0,4,0,0,0,0,0,0,0,0,0
pbt,bintrie,5,4,storage_sstore_k700,4,,2637,0,0,0.1651,1.3093,0.0061,0.3838,2.7139,0,4,0,0,0,0,0,0,0,0,0,0,4,0,0,0,0,0,0,0,0,0
pbt,bintrie,5,4,storage_sstore_k700,4,,2638,0,0,0.0309,0.4935,0.0015,0.1485,0.8671,0,4,0,0,0,0,0,0,0,0,0,0,4,0,0,0,0,0,0,0,0,0
pbt,bintrie,5,4,storage_sstore_k700,4,,2639,0,0,0.0604,0.7787,0.0035,2.8052,12.5323,0,4,0,0,0,0,0,0,0,0,0,0,4,0,0,0,0,0,0,0,0,0
pbt,bintrie,5,4,storage_sstore_k700,4,,2640,0,0,0.0251,0.3978,0.0015,0.2152,0.7948,0,4,0,0,0,0,0,0,0,0,0,0,4,0,0,0,0,0,0,0,0,0
pbt,bintrie,5,4,storage_sstore_k700,4,,2641,0,0,0.0254,0.4655,0.0015,0.163,0.8269,0,4,0,0,0,0,0,0,0,0,0,0,4,0,0,0,0,0,0,0,0,0
pbt,bintrie,5,4,storage_sstore_k700,4,,2642,86950,2,0.2021,5.2408,36.5825,11.1644,53.4856,1.6257,11,0,0,0,3,0,0,0,1,165,5,6,45.45,0,0,0,0,0,0,0,0
pbt,bintrie,5,4,storage_sstore_k700,4,,2643,15911534,1,32.6687,121.6595,208.7263,88.2429,451.5416,35.2382,581,574,575,16237,575,0,573,0,0,0,323,258,55.59,182,392,31.71,575,0,100,16237,0
pbt,bintrie,5,4,storage_sstore_k700,4,,2644,21000,1,0.8021,3.0064,118.803,0.7461,124.3629,0.1689,6,0,0,0,2,0,0,0,0,0,0,6,0,0,0,0,0,0,0,0,0
pbt,bintrie,5,4,storage_sstore_k700,4,,2645,0,0,0.0344,0.4031,0.0015,0.1435,0.7723,0,4,0,0,0,0,0,0,0,0,0,0,4,0,0,0,0,0,0,0,0,0
pbt,bintrie,5,4,storage_sstore_k700,4,,2646,0,0,0.0607,1.052,0.0035,0.2295,1.6216,0,4,0,0,0,0,0,0,0,0,0,0,4,0,0,0,0,0,0,0,0,0
pbt,bintrie,5,4,storage_sstore_k700,5,,2647,0,0,0.2126,1.6047,0.0073,2.1839,4.5729,0,4,0,0,0,0,0,0,0,0,0,0,4,0,0,0,0,0,0,0,0,0
pbt,bintrie,5,4,storage_sstore_k700,5,,2648,0,0,0.0295,0.4486,0.0018,0.1557,0.8508,0,4,0,0,0,0,0,0,0,0,0,0,4,0,0,0,0,0,0,0,0,0
pbt,bintrie,5,4,storage_sstore_k700,5,,2649,0,0,0.0852,1.0791,0.0026,0.3646,1.8955,0,4,0,0,0,0,0,0,0,0,0,0,4,0,0,0,0,0,0,0,0,0
pbt,bintrie,5,4,storage_sstore_k700,5,,2650,0,0,0.0569,1.1346,0.0047,0.2406,1.8237,0,4,0,0,0,0,0,0,0,0,0,0,4,0,0,0,0,0,0,0,0,0
pbt,bintrie,5,4,storage_sstore_k700,5,,2651,0,0,0.1085,1.3795,0.0061,0.3579,2.2108,0,4,0,0,0,0,0,0,0,0,0,0,4,0,0,0,0,0,0,0,0,0
pbt,bintrie,5,4,storage_sstore_k700,5,,2652,0,0,0.1032,1.656,0.005,0.2526,2.4569,0,4,0,0,0,0,0,0,0,0,0,0,4,0,0,0,0,0,0,0,0,0
pbt,bintrie,5,4,storage_sstore_k700,5,,2653,86950,2,0.5585,1.5621,6.2643,4.4784,17.6585,4.924,11,0,0,0,3,0,0,0,1,165,4,7,36.36,0,0,0,0,0,0,0,0
pbt,bintrie,5,4,storage_sstore_k700,5,,2654,0,0,0.0942,1.7141,0.0044,0.3147,2.5301,0,4,0,0,0,0,0,0,0,0,0,0,4,0,0,0,0,0,0,0,0,0
pbt,bintrie,5,4,storage_sstore_k700,5,,2655,15911534,1,30.8936,88.9656,224.8112,92.509,437.5303,36.3667,581,574,575,16237,575,0,573,0,0,0,281,300,48.36,149,425,25.96,575,0,100,16237,0
pbt,bintrie,5,4,storage_sstore_k700,5,,2656,21000,1,0.8785,3.1123,74.3145,1.3854,87.0818,0.2412,6,0,0,0,2,0,0,0,0,0,0,6,0,0,0,0,0,0,0,0,0
pbt,bintrie,5,4,storage_sstore_k700,5,,2657,0,0,0.0913,2.0482,0.0044,0.7125,3.4371,0,4,0,0,0,0,0,0,0,0,0,0,4,0,0,0,0,0,0,0,0,0
pbt,bintrie,5,4,storage_sstore_k700,5,,2658,0,0,0.0472,0.7773,0.0053,0.2225,1.2445,0,4,0,0,0,0,0,0,0,0,0,0,4,0,0,0,0,0,0,0,0,0
pbt,bintrie,5,4,storage_sstore_k700,6,,2659,0,0,0.0563,0.6661,0.0038,0.2106,1.1766,0,4,0,0,0,0,0,0,0,0,0,0,4,0,0,0,0,0,0,0,0,0
pbt,bintrie,5,4,storage_sstore_k700,6,,2660,0,0,0.0653,1.2588,0.0044,0.2955,2.0294,0,4,0,0,0,0,0,0,0,0,0,0,4,0,0,0,0,0,0,0,0,0
pbt,bintrie,5,4,storage_sstore_k700,6,,2661,0,0,0.0761,1.29,0.0038,0.3634,2.076,0,4,0,0,0,0,0,0,0,0,0,0,4,0,0,0,0,0,0,0,0,0
pbt,bintrie,5,4,storage_sstore_k700,6,,2662,0,0,0.0475,0.6667,0.0032,0.1648,1.1311,0,4,0,0,0,0,0,0,0,0,0,0,4,0,0,0,0,0,0,0,0,0
pbt,bintrie,5,4,storage_sstore_k700,6,,2663,0,0,0.0394,0.6204,0.0023,0.1695,1.0033,0,4,0,0,0,0,0,0,0,0,0,0,4,0,0,0,0,0,0,0,0,0
pbt,bintrie,5,4,storage_sstore_k700,6,,2664,0,0,0.1563,2.067,0.0044,0.6726,7.8366,0,4,0,0,0,0,0,0,0,0,0,0,4,0,0,0,0,0,0,0,0,0
pbt,bintrie,5,4,storage_sstore_k700,6,,2665,86950,2,0.1374,1.6213,28.015,11.5071,50.3573,1.7267,11,0,0,0,3,0,0,0,1,165,5,6,45.45,0,0,0,0,0,0,0,0
pbt,bintrie,5,4,storage_sstore_k700,6,,2666,0,0,0.0411,0.6457,0.0023,0.1744,1.1445,0,4,0,0,0,0,0,0,0,0,0,0,4,0,0,0,0,0,0,0,0,0
pbt,bintrie,5,4,storage_sstore_k700,6,,2667,15911534,1,24.7791,75.3089,170.6984,71.3431,342.4544,46.4632,581,574,575,16237,575,0,573,0,0,0,246,335,42.34,164,410,28.57,575,0,100,16237,0
pbt,bintrie,5,4,storage_sstore_k700,6,,2668,21000,1,0.25,3.8901,103.6793,0.8464,119.0063,0.1765,6,0,0,0,2,0,0,0,0,0,2,4,33.33,0,0,0,0,0,0,0,0
pbt,bintrie,5,4,storage_sstore_k700,6,,2669,0,0,0.0321,0.4433,0.0029,0.1435,0.896,0,4,0,0,0,0,0,0,0,0,0,0,4,0,0,0,0,0,0,0,0,0
pbt,bintrie,5,4,storage_sstore_k700,7,,2670,0,0,0.0583,0.66,0.002,0.1881,1.1943,0,4,0,0,0,0,0,0,0,0,0,0,4,0,0,0,0,0,0,0,0,0
pbt,bintrie,5,4,storage_sstore_k700,7,,2671,0,0,0.0467,0.856,0.0038,0.1622,1.367,0,4,0,0,0,0,0,0,0,0,0,0,4,0,0,0,0,0,0,0,0,0
pbt,bintrie,5,4,storage_sstore_k700,7,,2672,0,0,0.0542,0.8225,0.0055,3.3838,11.9111,0,4,0,0,0,0,0,0,0,0,0,0,4,0,0,0,0,0,0,0,0,0
pbt,bintrie,5,4,storage_sstore_k700,7,,2673,0,0,0.0717,1.2512,0.0047,0.2785,2.0419,0,4,0,0,0,0,0,0,0,0,0,0,4,0,0,0,0,0,0,0,0,0
pbt,bintrie,5,4,storage_sstore_k700,7,,2674,0,0,0.0802,1.3338,0.0058,0.2815,2.0609,0,4,0,0,0,0,0,0,0,0,0,0,4,0,0,0,0,0,0,0,0,0
pbt,bintrie,5,4,storage_sstore_k700,7,,2675,86950,2,0.8464,44.4979,36.6292,5.6039,93.6316,0.9286,11,0,0,0,3,0,0,0,1,165,4,7,36.36,0,0,0,0,0,0,0,0
pbt,bintrie,5,4,storage_sstore_k700,7,,2676,15911534,1,29.8256,85.7041,156.0977,108.1997,381.228,41.7376,581,574,575,16237,575,0,573,0,0,0,340,241,58.52,230,344,40.07,575,0,100,16237,0
pbt,bintrie,5,4,storage_sstore_k700,7,,2677,21000,1,0.6379,2.7235,117.4619,0.8187,131.4797,0.1597,6,0,0,0,2,0,0,0,0,0,2,4,33.33,0,0,0,0,0,0,0,0
pbt,bintrie,5,4,storage_sstore_k700,7,,2678,0,0,0.0852,1.2708,0.0064,0.3786,2.1364,0,4,0,0,0,0,0,0,0,0,0,0,4,0,0,0,0,0,0,0,0,0
pbt,bintrie,5,4,storage_sstore_k700,7,,2679,0,0,0.1035,1.8287,0.0061,0.6737,3.8522,0,4,0,0,0,0,0,0,0,0,0,0,4,0,0,0,0,0,0,0,0,0
pbt,bintrie,5,4,storage_sstore_k700,8,,2680,0,0,0.0738,0.5953,0.0023,0.1721,1.085,0,4,0,0,0,0,0,0,0,0,0,0,4,0,0,0,0,0,0,0,0,0
pbt,bintrie,5,4,storage_sstore_k700,8,,2681,0,0,0.0478,0.4669,0.0023,0.1528,0.8712,0,4,0,0,0,0,0,0,0,0,0,0,4,0,0,0,0,0,0,0,0,0
pbt,bintrie,5,4,storage_sstore_k700,8,,2682,0,0,0.0516,0.7621,0.005,0.1963,26.2773,0,4,0,0,0,0,0,0,0,0,0,0,4,0,0,0,0,0,0,0,0,0
pbt,bintrie,5,4,storage_sstore_k700,8,,2683,0,0,0.0875,1.2471,0.0052,0.2774,2.1049,0,4,0,0,0,0,0,0,0,0,0,0,4,0,0,0,0,0,0,0,0,0
pbt,bintrie,5,4,storage_sstore_k700,8,,2684,0,0,0.0668,1.1908,0.0038,0.2698,1.8211,0,4,0,0,0,0,0,0,0,0,0,0,4,0,0,0,0,0,0,0,0,0
pbt,bintrie,5,4,storage_sstore_k700,8,,2685,0,0,0.047,0.6772,0.0035,0.2167,1.1532,0,4,0,0,0,0,0,0,0,0,0,0,4,0,0,0,0,0,0,0,0,0
pbt,bintrie,5,4,storage_sstore_k700,8,,2686,86950,2,1.1249,53.2412,13.4598,10.5586,80.4492,1.0808,11,0,0,0,3,0,0,0,1,165,4,7,36.36,0,0,0,0,0,0,0,0
pbt,bintrie,5,4,storage_sstore_k700,8,,2687,15911534,1,37.1587,69.6844,164.4336,166.6453,439.1274,36.2344,581,574,575,16237,575,0,573,0,0,0,337,244,58.0,209,365,36.41,575,0,100,16237,0
pbt,bintrie,5,4,storage_sstore_k700,8,,2688,21000,1,0.1977,1.8783,30.6805,2.3511,45.6094,0.4604,6,0,0,0,2,0,0,0,0,0,2,4,33.33,0,0,0,0,0,0,0,0
pbt,bintrie,5,4,storage_sstore_k700,8,,2689,0,0,0.0478,0.8222,0.0044,0.2167,1.3766,0,4,0,0,0,0,0,0,0,0,0,0,4,0,0,0,0,0,0,0,0,0
pbt,bintrie,5,4,storage_sstore_k700,9,,2690,0,0,0.0761,0.8271,0.0035,0.2027,1.4475,0,4,0,0,0,0,0,0,0,0,0,0,4,0,0,0,0,0,0,0,0,0
pbt,bintrie,5,4,storage_sstore_k700,9,,2691,0,0,0.0793,1.4218,0.0058,0.2966,2.1927,0,4,0,0,0,0,0,0,0,0,0,0,4,0,0,0,0,0,0,0,0,0
pbt,bintrie,5,4,storage_sstore_k700,9,,2692,0,0,0.1546,2.7754,0.007,0.471,11.3283,0,4,0,0,0,0,0,0,0,0,0,0,4,0,0,0,0,0,0,0,0,0
pbt,bintrie,5,4,storage_sstore_k700,9,,2693,0,0,0.0694,1.1564,0.0055,0.3083,1.9468,0,4,0,0,0,0,0,0,0,0,0,0,4,0,0,0,0,0,0,0,0,0
pbt,bintrie,5,4,storage_sstore_k700,9,,2694,0,0,0.0659,1.3816,0.0041,0.3162,2.1259,0,4,0,0,0,0,0,0,0,0,0,0,4,0,0,0,0,0,0,0,0,0
pbt,bintrie,5,4,storage_sstore_k700,9,,2695,0,0,0.1304,1.4568,0.0055,0.2771,2.6235,0,4,0,0,0,0,0,0,0,0,0,0,4,0,0,0,0,0,0,0,0,0
pbt,bintrie,5,4,storage_sstore_k700,9,,2696,86950,2,0.3684,2.2519,35.8589,22.0958,88.6816,0.9805,11,0,0,0,3,0,0,0,1,165,5,6,45.45,0,0,0,0,0,0,0,0
pbt,bintrie,5,4,storage_sstore_k700,9,,2697,15911534,1,30.0081,91.2899,168.8854,86.7479,377.3337,42.1683,581,574,575,16237,575,0,573,0,0,0,250,331,43.03,135,439,23.52,575,0,100,16237,0
pbt,bintrie,5,4,storage_sstore_k700,9,,2698,21000,1,0.338,7.274,122.4091,0.8134,132.5346,0.1584,6,0,0,0,2,0,0,0,0,0,2,4,33.33,0,0,0,0,0,0,0,0
pbt,bintrie,5,4,storage_sstore_k700,9,,2699,0,0,0.0528,0.8613,0.0047,0.2304,1.5041,0,4,0,0,0,0,0,0,0,0,0,0,4,0,0,0,0,0,0,0,0,0
