config,trie_type,group_depth,pebble_block_size_kb,benchmark,run,contract,block_number,gas_used,tx_count,execution_ms,state_read_ms,state_hash_ms,commit_ms,total_ms,mgas_per_sec,accounts_read,storage_slots_read,code_read,code_bytes_read,accounts_written,accounts_deleted,storage_slots_written,storage_slots_deleted,code_written,code_bytes_written,account_cache_hits,account_cache_misses,account_cache_hit_rate,storage_cache_hits,storage_cache_misses,storage_cache_hit_rate,code_cache_hits,code_cache_misses,code_cache_hit_rate,code_cache_hit_bytes,code_cache_miss_bytes
ubt,bintrie,5,4,storage_mixed_k1,10,,1210,0,0,0.0498,6.7775,0.0018,0.2826,7.34,0,4,0,0,0,0,0,0,0,0,0,0,4,0,0,0,0,0,0,0,0,0
ubt,bintrie,5,4,storage_mixed_k1,10,,1211,0,0,0.0313,3.3811,0.0051,0.1376,3.7361,0,4,0,0,0,0,0,0,0,0,0,0,4,0,0,0,0,0,0,0,0,0
ubt,bintrie,5,4,storage_mixed_k1,10,,1212,91678,2,0.1527,19.4343,2.5766,5.1259,27.4646,3.338,11,0,0,0,3,0,0,0,1,303,5,6,45.45,0,0,0,0,0,0,0,0
ubt,bintrie,5,4,storage_mixed_k1,10,,1213,5911501,1,83.4602,8.1694,3.0134,1.0313,95.868,61.6629,8,638,2,331,3,0,96,0,0,0,4,4,50,258,380,40.44,2,0,100,331,0
ubt,bintrie,5,4,storage_mixed_k1,10,,1214,21000,1,0.0867,3.3945,2.48,0.6446,6.7783,3.0981,6,0,0,0,2,0,0,0,0,0,2,4,33.33,0,0,0,0,0,0,0,0
ubt,bintrie,5,4,storage_mixed_k1,11,,1215,0,0,0.0716,7.4867,0.0032,0.3108,10.4189,0,4,0,0,0,0,0,0,0,0,0,0,4,0,0,0,0,0,0,0,0,0
ubt,bintrie,5,4,storage_mixed_k1,11,,1216,0,0,0.0213,5.574,0.0014,0.1057,5.8708,0,4,0,0,0,0,0,0,0,0,0,0,4,0,0,0,0,0,0,0,0,0
ubt,bintrie,5,4,storage_mixed_k1,11,,1217,91678,2,0.1171,14.6987,13.2075,5.1347,33.3065,2.7526,11,0,0,0,3,0,0,0,1,303,5,6,45.45,0,0,0,0,0,0,0,0
ubt,bintrie,5,4,storage_mixed_k1,11,,1218,5911501,1,61.0165,3.4771,3.1371,1.22,69.0221,85.6465,8,638,2,331,3,0,96,0,0,0,4,4,50,482,156,75.55,2,0,100,331,0
ubt,bintrie,5,4,storage_mixed_k1,11,,1219,21000,1,0.0673,2.9374,2.5699,0.7143,6.4605,3.2505,6,0,0,0,2,0,0,0,0,0,2,4,33.33,0,0,0,0,0,0,0,0
ubt,bintrie,5,4,storage_mixed_k1,12,,1220,0,0,0.0351,10.0872,0.0023,0.2757,10.6051,0,4,0,0,0,0,0,0,0,0,0,0,4,0,0,0,0,0,0,0,0,0
ubt,bintrie,5,4,storage_mixed_k1,12,,1221,0,0,0.0304,3.0394,0.0019,0.1716,3.3989,0,4,0,0,0,0,0,0,0,0,0,0,4,0,0,0,0,0,0,0,0,0
ubt,bintrie,5,4,storage_mixed_k1,12,,1222,91678,2,0.4251,23.56,2.6659,4.4845,31.3102,2.9281,11,0,0,0,3,0,0,0,1,303,5,6,45.45,0,0,0,0,0,0,0,0
ubt,bintrie,5,4,storage_mixed_k1,12,,1223,5911501,1,70.6028,9.7967,2.9668,1.0678,84.6432,69.8403,8,638,2,331,3,0,96,0,0,0,3,5,37.5,60,578,9.4,2,0,100,331,0
ubt,bintrie,5,4,storage_mixed_k1,12,,1224,21000,1,0.0604,3.361,7.7406,0.6062,11.963,1.7554,6,0,0,0,2,0,0,0,0,0,2,4,33.33,0,0,0,0,0,0,0,0
ubt,bintrie,5,4,storage_mixed_k1,13,,1225,0,0,0.0313,8.7926,0.002,0.2042,11.9187,0,4,0,0,0,0,0,0,0,0,0,0,4,0,0,0,0,0,0,0,0,0
ubt,bintrie,5,4,storage_mixed_k1,13,,1226,0,0,0.0252,5.6469,0.0013,0.1414,5.9984,0,4,0,0,0,0,0,0,0,0,0,0,4,0,0,0,0,0,0,0,0,0
ubt,bintrie,5,4,storage_mixed_k1,13,,1227,91678,2,0.1112,11.455,13.6727,5.4472,30.8426,2.9724,11,0,0,0,3,0,0,0,1,303,6,5,54.55,0,0,0,0,0,0,0,0
ubt,bintrie,5,4,storage_mixed_k1,13,,1228,5911501,1,57.3834,8.9547,4.7678,1.165,72.4523,81.5916,8,638,2,331,3,0,96,0,0,0,3,5,37.5,168,470,26.33,2,0,100,331,0
ubt,bintrie,5,4,storage_mixed_k1,13,,1229,21000,1,0.0618,3.0595,2.392,0.6484,6.3021,3.3322,6,0,0,0,2,0,0,0,0,0,2,4,33.33,0,0,0,0,0,0,0,0
ubt,bintrie,5,4,storage_mixed_k1,14,,1230,0,0,0.043,8.1021,0.002,0.3389,8.7032,0,4,0,0,0,0,0,0,0,0,0,0,4,0,0,0,0,0,0,0,0,0
ubt,bintrie,5,4,storage_mixed_k1,14,,1231,0,0,0.0346,8.0329,0.0133,0.0956,8.2911,0,4,0,0,0,0,0,0,0,0,0,0,4,0,0,0,0,0,0,0,0,0
ubt,bintrie,5,4,storage_mixed_k1,14,,1232,91678,2,0.1848,19.4813,2.847,4.7195,27.4691,3.3375,11,0,0,0,3,0,0,0,1,303,5,6,45.45,0,0,0,0,0,0,0,0
ubt,bintrie,5,4,storage_mixed_k1,14,,1233,5911501,1,62.4786,10.4296,3.0251,1.059,77.1814,76.5923,8,638,2,331,3,0,96,0,0,0,4,4,50,76,562,11.91,2,0,100,331,0
ubt,bintrie,5,4,storage_mixed_k1,14,,1234,21000,1,0.0732,3.2775,15.4398,0.6259,19.591,1.0719,6,0,0,0,2,0,0,0,0,0,2,4,33.33,0,0,0,0,0,0,0,0
ubt,bintrie,5,4,storage_mixed_k1,15,,1236,0,0,0.3611,11.7188,0.0023,0.1949,12.4388,0,4,0,0,0,0,0,0,0,0,0,0,4,0,0,0,0,0,0,0,0,0
ubt,bintrie,5,4,storage_mixed_k1,15,,1237,0,0,0.0331,6.9921,0.005,0.1095,7.3844,0,4,0,0,0,0,0,0,0,0,0,0,4,0,0,0,0,0,0,0,0,0
ubt,bintrie,5,4,storage_mixed_k1,15,,1238,91678,2,0.1482,14.4857,17.2742,4.8424,38.2399,2.3974,11,0,0,0,3,0,0,0,1,303,5,6,45.45,0,0,0,0,0,0,0,0
ubt,bintrie,5,4,storage_mixed_k1,15,,1239,5911501,1,58.7927,14.5094,3.4604,1.2838,78.2693,75.5277,8,638,2,331,3,0,96,0,0,0,0,8,0,19,619,2.98,2,0,100,331,0
ubt,bintrie,5,4,storage_mixed_k1,15,,1240,21000,1,0.0602,4.2939,2.3824,0.748,7.6567,2.7427,6,0,0,0,2,0,0,0,0,0,2,4,33.33,0,0,0,0,0,0,0,0
ubt,bintrie,5,4,storage_mixed_k1,16,,1242,0,0,0.0444,6.3494,0.0016,0.2883,6.8656,0,4,0,0,0,0,0,0,0,0,0,0,4,0,0,0,0,0,0,0,0,0
ubt,bintrie,5,4,storage_mixed_k1,16,,1243,0,0,0.0205,22.8976,0.0014,0.1011,23.1611,0,4,0,0,0,0,0,0,0,0,0,0,4,0,0,0,0,0,0,0,0,0
ubt,bintrie,5,4,storage_mixed_k1,16,,1244,0,0,0.0429,3.7731,0.0024,0.1079,4.2338,0,4,0,0,0,0,0,0,0,0,0,0,4,0,0,0,0,0,0,0,0,0
ubt,bintrie,5,4,storage_mixed_k1,16,,1245,91678,2,0.1094,22.603,2.6927,5.1094,30.7112,2.9852,11,0,0,0,3,0,0,0,1,303,5,6,45.45,0,0,0,0,0,0,0,0
ubt,bintrie,5,4,storage_mixed_k1,16,,1246,5911501,1,69.5811,5.7843,3.8409,1.1489,80.5844,73.3579,8,638,2,331,3,0,96,0,0,0,4,4,50,292,346,45.77,2,0,100,331,0
ubt,bintrie,5,4,storage_mixed_k1,16,,1247,21000,1,0.071,4.6656,2.7749,0.5976,8.2878,2.5338,6,0,0,0,2,0,0,0,0,0,2,4,33.33,0,0,0,0,0,0,0,0
ubt,bintrie,5,4,storage_mixed_k1,16,,1248,0,0,0.0329,3.1764,0.0023,0.1958,3.5606,0,4,0,0,0,0,0,0,0,0,0,0,4,0,0,0,0,0,0,0,0,0
ubt,bintrie,5,4,storage_mixed_k1,17,,1249,0,0,0.0852,10.382,0.0021,0.1717,10.8555,0,4,0,0,0,0,0,0,0,0,0,0,4,0,0,0,0,0,0,0,0,0
ubt,bintrie,5,4,storage_mixed_k1,17,,1250,0,0,0.0275,22.0131,0.0018,0.0911,22.2734,0,4,0,0,0,0,0,0,0,0,0,0,4,0,0,0,0,0,0,0,0,0
ubt,bintrie,5,4,storage_mixed_k1,17,,1251,91678,2,0.1383,14.6507,13.1606,4.8374,32.9552,2.7819,11,0,0,0,3,0,0,0,1,303,5,6,45.45,0,0,0,0,0,0,0,0
ubt,bintrie,5,4,storage_mixed_k1,17,,1252,5911501,1,56.8493,6.9264,3.0647,0.9182,67.9825,86.9562,8,638,2,331,3,0,96,0,0,0,4,4,50,443,195,69.44,2,0,100,331,0
ubt,bintrie,5,4,storage_mixed_k1,17,,1253,21000,1,0.1027,3.3946,2.4986,0.5853,6.793,3.0914,6,0,0,0,2,0,0,0,0,0,2,4,33.33,0,0,0,0,0,0,0,0
ubt,bintrie,5,4,storage_mixed_k1,18,,1254,0,0,0.0438,7.1071,0.0027,0.152,10.9296,0,4,0,0,0,0,0,0,0,0,0,0,4,0,0,0,0,0,0,0,0,0
ubt,bintrie,5,4,storage_mixed_k1,18,,1255,0,0,0.0228,6.8243,0.0015,0.1257,7.1694,0,4,0,0,0,0,0,0,0,0,0,0,4,0,0,0,0,0,0,0,0,0
ubt,bintrie,5,4,storage_mixed_k1,18,,1256,91678,2,0.1003,17.6946,3.1562,5.8721,27.5852,3.3234,11,0,0,0,3,0,0,0,1,303,5,6,45.45,0,0,0,0,0,0,0,0
ubt,bintrie,5,4,storage_mixed_k1,18,,1257,5911501,1,63.5679,8.9391,2.8871,1.1288,76.7094,77.0636,8,638,2,331,3,0,96,0,0,0,3,5,37.5,275,363,43.1,2,0,100,331,0
ubt,bintrie,5,4,storage_mixed_k1,18,,1258,21000,1,0.0565,2.8564,13.2834,0.5871,16.9538,1.2387,6,0,0,0,2,0,0,0,0,0,2,4,33.33,0,0,0,0,0,0,0,0
ubt,bintrie,5,4,storage_mixed_k1,19,,1259,0,0,0.0468,10.3813,0.006,0.1568,10.7919,0,4,0,0,0,0,0,0,0,0,0,0,4,0,0,0,0,0,0,0,0,0
ubt,bintrie,5,4,storage_mixed_k1,19,,1260,0,0,0.0329,7.3797,0.0014,0.0861,7.6751,0,4,0,0,0,0,0,0,0,0,0,0,4,0,0,0,0,0,0,0,0,0
ubt,bintrie,5,4,storage_mixed_k1,19,,1261,0,0,0.0288,7.5754,0.0015,0.0975,7.8827,0,4,0,0,0,0,0,0,0,0,0,0,4,0,0,0,0,0,0,0,0,0
ubt,bintrie,5,4,storage_mixed_k1,19,,1262,91678,2,0.095,3.0333,2.9287,4.897,11.0878,8.2684,11,0,0,0,3,0,0,0,1,303,6,5,54.55,0,0,0,0,0,0,0,0
ubt,bintrie,5,4,storage_mixed_k1,19,,1263,5911501,1,58.6638,5.9773,5.6902,1.2487,79.8823,74.0027,8,638,2,331,3,0,96,0,0,0,3,5,37.5,394,244,61.76,2,0,100,331,0
ubt,bintrie,5,4,storage_mixed_k1,19,,1264,21000,1,0.0542,3.0826,2.4378,0.6534,6.3829,3.29,6,0,0,0,2,0,0,0,0,0,2,4,33.33,0,0,0,0,0,0,0,0
ubt,bintrie,5,4,storage_mixed_k1,1,,1161,0,0,0.0557,6.7719,0.0019,0.1587,7.2036,0,4,0,0,0,0,0,0,0,0,0,0,4,0,0,0,0,0,0,0,0,0
ubt,bintrie,5,4,storage_mixed_k1,1,,1162,0,0,0.0175,2.6362,0.0011,0.1162,2.8942,0,4,0,0,0,0,0,0,0,0,0,0,4,0,0,0,0,0,0,0,0,0
ubt,bintrie,5,4,storage_mixed_k1,1,,1163,0,0,0.0281,20.3096,0.0021,0.1096,20.5915,0,4,0,0,0,0,0,0,0,0,0,0,4,0,0,0,0,0,0,0,0,0
ubt,bintrie,5,4,storage_mixed_k1,1,,1164,91678,2,0.1139,3.403,15.4527,4.9519,24.0733,3.8083,11,0,0,0,3,0,0,0,1,303,6,5,54.55,0,0,0,0,0,0,0,0
ubt,bintrie,5,4,storage_mixed_k1,1,,1165,5911501,1,61.8409,5.5827,13.1437,1.2216,82.0355,72.0602,8,638,2,331,3,0,96,0,0,0,4,4,50,219,419,34.33,2,0,100,331,0
ubt,bintrie,5,4,storage_mixed_k1,1,,1166,21000,1,0.0639,1.6115,10.3046,2.2324,14.399,1.4584,6,0,0,0,2,0,0,0,0,0,2,4,33.33,0,0,0,0,0,0,0,0
ubt,bintrie,5,4,storage_mixed_k1,1,,1167,0,0,0.0299,2.8861,0.0016,0.1599,3.2807,0,4,0,0,0,0,0,0,0,0,0,0,4,0,0,0,0,0,0,0,0,0
ubt,bintrie,5,4,storage_mixed_k1,20,,1266,0,0,0.0629,7.4548,0.0021,0.1845,7.9059,0,4,0,0,0,0,0,0,0,0,0,0,4,0,0,0,0,0,0,0,0,0
ubt,bintrie,5,4,storage_mixed_k1,20,,1267,0,0,0.0432,27.4895,0.002,0.1148,27.8214,0,4,0,0,0,0,0,0,0,0,0,0,4,0,0,0,0,0,0,0,0,0
ubt,bintrie,5,4,storage_mixed_k1,20,,1268,91678,2,0.1291,13.9291,13.8485,4.1575,32.2262,2.8448,11,0,0,0,3,0,0,0,1,303,5,6,45.45,0,0,0,0,0,0,0,0
ubt,bintrie,5,4,storage_mixed_k1,20,,1269,5911501,1,57.4653,6.9916,3.1363,1.1939,68.9751,85.7049,8,638,2,331,3,0,96,0,0,0,3,5,37.5,335,303,52.51,2,0,100,331,0
ubt,bintrie,5,4,storage_mixed_k1,20,,1270,21000,1,0.0979,3.3294,3.0183,6.1876,12.84,1.6355,6,0,0,0,2,0,0,0,0,0,2,4,33.33,0,0,0,0,0,0,0,0
ubt,bintrie,5,4,storage_mixed_k1,2,,1168,0,0,0.0453,3.1878,0.0015,0.1887,3.6474,0,4,0,0,0,0,0,0,0,0,0,0,4,0,0,0,0,0,0,0,0,0
ubt,bintrie,5,4,storage_mixed_k1,2,,1169,0,0,0.0246,5.526,0.0046,0.2179,5.952,0,4,0,0,0,0,0,0,0,0,0,0,4,0,0,0,0,0,0,0,0,0
ubt,bintrie,5,4,storage_mixed_k1,2,,1170,91678,2,0.1789,3.2473,13.8814,4.5922,22.0472,4.1583,11,0,0,0,3,0,0,0,1,303,5,6,45.45,0,0,0,0,0,0,0,0
ubt,bintrie,5,4,storage_mixed_k1,2,,1171,5911501,1,59.439,9.4571,13.7418,1.0771,84.3636,70.0717,8,638,2,331,3,0,96,0,0,0,3,5,37.5,156,482,24.45,2,0,100,331,0
ubt,bintrie,5,4,storage_mixed_k1,2,,1172,21000,1,0.0795,1.228,12.6945,0.708,46.3737,0.4528,6,0,0,0,2,0,0,0,0,0,2,4,33.33,0,0,0,0,0,0,0,0
ubt,bintrie,5,4,storage_mixed_k1,3,,1174,0,0,0.0406,2.9285,0.0015,0.1261,3.3248,0,4,0,0,0,0,0,0,0,0,0,0,4,0,0,0,0,0,0,0,0,0
ubt,bintrie,5,4,storage_mixed_k1,3,,1175,0,0,0.0205,3.3158,0.0018,0.1436,3.6684,0,4,0,0,0,0,0,0,0,0,0,0,4,0,0,0,0,0,0,0,0,0
ubt,bintrie,5,4,storage_mixed_k1,3,,1176,91678,2,0.1789,14.5296,13.509,4.7151,33.1252,2.7676,11,0,0,0,3,0,0,0,1,303,5,6,45.45,0,0,0,0,0,0,0,0
ubt,bintrie,5,4,storage_mixed_k1,3,,1177,5911501,1,73.3825,10.9736,3.9122,1.1855,89.7444,65.8704,8,638,2,331,3,0,96,0,0,0,4,4,50,514,124,80.56,2,0,100,331,0
ubt,bintrie,5,4,storage_mixed_k1,3,,1178,21000,1,0.0551,2.9189,2.4299,0.5572,6.1307,3.4254,6,0,0,0,2,0,0,0,0,0,2,4,33.33,0,0,0,0,0,0,0,0
ubt,bintrie,5,4,storage_mixed_k1,4,,1179,0,0,0.0409,4.9809,0.0022,0.1654,9.1997,0,4,0,0,0,0,0,0,0,0,0,0,4,0,0,0,0,0,0,0,0,0
ubt,bintrie,5,4,storage_mixed_k1,4,,1180,0,0,0.0276,12.6456,0.0013,0.1429,12.9651,0,4,0,0,0,0,0,0,0,0,0,0,4,0,0,0,0,0,0,0,0,0
ubt,bintrie,5,4,storage_mixed_k1,4,,1181,0,0,0.028,19.6874,0.002,0.1052,19.9818,0,4,0,0,0,0,0,0,0,0,0,0,4,0,0,0,0,0,0,0,0,0
ubt,bintrie,5,4,storage_mixed_k1,4,,1182,91678,2,0.1082,3.2043,13.3707,5.5177,22.3615,4.0998,11,0,0,0,3,0,0,0,1,303,6,5,54.55,0,0,0,0,0,0,0,0
ubt,bintrie,5,4,storage_mixed_k1,4,,1183,5911501,1,57.4829,9.1985,3.9121,1.3741,85.5391,69.1087,8,638,2,331,3,0,96,0,0,0,3,5,37.5,24,614,3.76,2,0,100,331,0
ubt,bintrie,5,4,storage_mixed_k1,4,,1184,21000,1,0.0882,3.5007,11.0908,1.2454,16.0919,1.305,6,0,0,0,2,0,0,0,0,0,2,4,33.33,0,0,0,0,0,0,0,0
ubt,bintrie,5,4,storage_mixed_k1,5,,1185,0,0,0.0464,3.2816,0.0014,0.1805,3.7293,0,4,0,0,0,0,0,0,0,0,0,0,4,0,0,0,0,0,0,0,0,0
ubt,bintrie,5,4,storage_mixed_k1,5,,1186,0,0,0.0259,2.9449,0.0013,0.1046,3.2195,0,4,0,0,0,0,0,0,0,0,0,0,4,0,0,0,0,0,0,0,0,0
ubt,bintrie,5,4,storage_mixed_k1,5,,1187,91678,2,0.1241,14.6693,16.6763,4.7215,36.3575,2.5216,11,0,0,0,3,0,0,0,1,303,5,6,45.45,0,0,0,0,0,0,0,0
ubt,bintrie,5,4,storage_mixed_k1,5,,1188,5911501,1,66.1067,30.4198,2.9073,1.2416,104.2394,56.7108,8,638,2,331,3,0,96,0,0,0,3,5,37.5,138,500,21.63,2,0,100,331,0
ubt,bintrie,5,4,storage_mixed_k1,5,,1189,21000,1,0.0632,3.0472,2.4882,0.5907,6.3391,3.3128,6,0,0,0,2,0,0,0,0,0,2,4,33.33,0,0,0,0,0,0,0,0
ubt,bintrie,5,4,storage_mixed_k1,6,,1190,0,0,0.0798,3.5541,0.0024,0.1713,4.0053,0,4,0,0,0,0,0,0,0,0,0,0,4,0,0,0,0,0,0,0,0,0
ubt,bintrie,5,4,storage_mixed_k1,6,,1191,0,0,0.0303,4.1659,0.0018,0.1363,4.5371,0,4,0,0,0,0,0,0,0,0,0,0,4,0,0,0,0,0,0,0,0,0
ubt,bintrie,5,4,storage_mixed_k1,6,,1192,91678,2,0.2403,14.7872,21.8546,5.5402,42.6596,2.1491,11,0,0,0,3,0,0,0,1,303,5,6,45.45,0,0,0,0,0,0,0,0
ubt,bintrie,5,4,storage_mixed_k1,6,,1193,5911501,1,68.1102,5.7136,3.0436,1.0148,78.0433,75.7464,8,638,2,331,3,0,96,0,0,0,3,5,37.5,33,605,5.17,2,0,100,331,0
ubt,bintrie,5,4,storage_mixed_k1,6,,1194,21000,1,0.099,17.2406,2.4664,0.7634,20.7842,1.0104,6,0,0,0,2,0,0,0,0,0,2,4,33.33,0,0,0,0,0,0,0,0
ubt,bintrie,5,4,storage_mixed_k1,7,,1195,0,0,0.0799,2.8531,0.0025,0.1909,4.3222,0,4,0,0,0,0,0,0,0,0,0,0,4,0,0,0,0,0,0,0,0,0
ubt,bintrie,5,4,storage_mixed_k1,7,,1196,0,0,0.0207,3.2354,0.0012,0.5019,3.9067,0,4,0,0,0,0,0,0,0,0,0,0,4,0,0,0,0,0,0,0,0,0
ubt,bintrie,5,4,storage_mixed_k1,7,,1197,91678,2,0.1295,3.3083,2.7989,4.2122,10.5768,8.6678,11,0,0,0,3,0,0,0,1,303,5,6,45.45,0,0,0,0,0,0,0,0
ubt,bintrie,5,4,storage_mixed_k1,7,,1198,5911501,1,85.7026,20.4758,3.7269,1.0466,111.385,53.0727,8,638,2,331,3,0,96,0,0,0,3,5,37.5,115,523,18.03,2,0,100,331,0
ubt,bintrie,5,4,storage_mixed_k1,7,,1199,21000,1,0.0626,3.2428,8.6578,0.7688,12.8893,1.6293,6,0,0,0,2,0,0,0,0,0,2,4,33.33,0,0,0,0,0,0,0,0
ubt,bintrie,5,4,storage_mixed_k1,8,,1200,0,0,0.0553,4.0827,0.0018,0.2787,4.643,0,4,0,0,0,0,0,0,0,0,0,0,4,0,0,0,0,0,0,0,0,0
ubt,bintrie,5,4,storage_mixed_k1,8,,1201,0,0,0.0203,4.0158,0.0014,0.0972,4.3114,0,4,0,0,0,0,0,0,0,0,0,0,4,0,0,0,0,0,0,0,0,0
ubt,bintrie,5,4,storage_mixed_k1,8,,1202,91678,2,0.1347,14.149,14.8508,4.4885,33.8398,2.7092,11,0,0,0,3,0,0,0,1,303,5,6,45.45,0,0,0,0,0,0,0,0
ubt,bintrie,5,4,storage_mixed_k1,8,,1203,5911501,1,54.3572,7.6069,3.6718,1.4829,67.4562,87.6347,8,638,2,331,3,0,96,0,0,0,4,4,50,261,377,40.91,2,0,100,331,0
ubt,bintrie,5,4,storage_mixed_k1,8,,1204,21000,1,0.0779,4.4243,2.4588,0.6602,7.7994,2.6925,6,0,0,0,2,0,0,0,0,0,2,4,33.33,0,0,0,0,0,0,0,0
ubt,bintrie,5,4,storage_mixed_k1,9,,1205,0,0,0.042,6.6862,0.0025,0.2699,13.3103,0,4,0,0,0,0,0,0,0,0,0,0,4,0,0,0,0,0,0,0,0,0
ubt,bintrie,5,4,storage_mixed_k1,9,,1206,0,0,0.0237,3.3175,0.0013,0.1941,3.7316,0,4,0,0,0,0,0,0,0,0,0,0,4,0,0,0,0,0,0,0,0,0
ubt,bintrie,5,4,storage_mixed_k1,9,,1207,91678,2,0.1241,5.0754,14.8294,4.9425,25.1139,3.6505,11,0,0,0,3,0,0,0,1,303,5,6,45.45,0,0,0,0,0,0,0,0
ubt,bintrie,5,4,storage_mixed_k1,9,,1208,5911501,1,55.096,10.5755,4.0036,1.1507,71.1525,83.0821,8,638,2,331,3,0,96,0,0,0,0,8,0,87,551,13.64,2,0,100,331,0
ubt,bintrie,5,4,storage_mixed_k1,9,,1209,21000,1,0.0675,2.9985,2.6041,0.587,6.8038,3.0865,6,0,0,0,2,0,0,0,0,0,2,4,33.33,0,0,0,0,0,0,0,0
ubt,bintrie,5,4,storage_mixed_k10,10,,1322,0,0,0.3846,6.1266,0.0021,0.1845,7.6357,0,4,0,0,0,0,0,0,0,0,0,0,4,0,0,0,0,0,0,0,0,0
ubt,bintrie,5,4,storage_mixed_k10,10,,1323,0,0,0.034,2.708,0.0019,0.1108,3.0074,0,4,0,0,0,0,0,0,0,0,0,0,4,0,0,0,0,0,0,0,0,0
ubt,bintrie,5,4,storage_mixed_k10,10,,1324,91710,2,0.2023,15.8506,2.7729,5.4828,31.9257,2.8726,11,0,0,0,3,0,0,0,1,305,5,6,45.45,0,0,0,0,0,0,0,0
ubt,bintrie,5,4,storage_mixed_k10,10,,1325,5908255,1,74.2414,9.4465,2.9806,1.2528,88.1046,67.0595,17,723,11,585,3,0,85,0,0,0,7,10,41.18,221,502,30.57,11,0,100,585,0
ubt,bintrie,5,4,storage_mixed_k10,10,,1326,21000,1,0.0648,6.4698,7.5128,0.6632,14.934,1.4062,6,0,0,0,2,0,0,0,0,0,2,4,33.33,0,0,0,0,0,0,0,0
ubt,bintrie,5,4,storage_mixed_k10,11,,1327,0,0,0.0614,5.6869,0.0051,0.1897,6.2675,0,4,0,0,0,0,0,0,0,0,0,0,4,0,0,0,0,0,0,0,0,0
ubt,bintrie,5,4,storage_mixed_k10,11,,1328,0,0,0.048,3.4815,0.0017,0.2214,3.9561,0,4,0,0,0,0,0,0,0,0,0,0,4,0,0,0,0,0,0,0,0,0
ubt,bintrie,5,4,storage_mixed_k10,11,,1329,0,0,0.0359,17.5431,0.0023,0.1038,17.9079,0,4,0,0,0,0,0,0,0,0,0,0,4,0,0,0,0,0,0,0,0,0
ubt,bintrie,5,4,storage_mixed_k10,11,,1330,91710,2,0.0954,3.175,14.071,5.2677,22.7938,4.0235,11,0,0,0,3,0,0,0,1,305,6,5,54.55,0,0,0,0,0,0,0,0
ubt,bintrie,5,4,storage_mixed_k10,11,,1331,5908255,1,59.8046,20.891,3.0418,0.9818,84.8873,69.6012,17,723,11,585,3,0,85,0,0,0,5,12,29.41,231,492,31.95,11,0,100,585,0
ubt,bintrie,5,4,storage_mixed_k10,11,,1332,21000,1,0.0552,13.6529,5.8883,2.074,21.8289,0.962,6,0,0,0,2,0,0,0,0,0,2,4,33.33,0,0,0,0,0,0,0,0
ubt,bintrie,5,4,storage_mixed_k10,11,,1333,0,0,0.0249,2.6272,0.0013,0.2504,3.1195,0,4,0,0,0,0,0,0,0,0,0,0,4,0,0,0,0,0,0,0,0,0
ubt,bintrie,5,4,storage_mixed_k10,12,,1334,0,0,0.0336,2.7285,0.0011,0.1442,3.1408,0,4,0,0,0,0,0,0,0,0,0,0,4,0,0,0,0,0,0,0,0,0
ubt,bintrie,5,4,storage_mixed_k10,12,,1335,0,0,0.0292,3.005,0.0014,0.0946,3.2906,0,4,0,0,0,0,0,0,0,0,0,0,4,0,0,0,0,0,0,0,0,0
ubt,bintrie,5,4,storage_mixed_k10,12,,1336,0,0,0.0366,21.8407,0.0022,0.128,22.1743,0,4,0,0,0,0,0,0,0,0,0,0,4,0,0,0,0,0,0,0,0,0
ubt,bintrie,5,4,storage_mixed_k10,12,,1337,91710,2,0.1397,17.7917,6.7725,5.8811,30.7648,2.981,11,0,0,0,3,0,0,0,1,305,5,6,45.45,0,0,0,0,0,0,0,0
ubt,bintrie,5,4,storage_mixed_k10,12,,1338,5908255,1,64.7571,16.835,7.9589,1.0222,90.7602,65.0974,17,723,11,585,3,0,85,0,0,0,4,13,23.53,523,200,72.34,11,0,100,585,0
ubt,bintrie,5,4,storage_mixed_k10,12,,1339,21000,1,0.0751,2.3145,18.035,0.6574,22.0499,0.9524,6,0,0,0,2,0,0,0,0,0,2,4,33.33,0,0,0,0,0,0,0,0
ubt,bintrie,5,4,storage_mixed_k10,12,,1340,0,0,0.0278,9.355,0.0026,0.338,10.2399,0,4,0,0,0,0,0,0,0,0,0,0,4,0,0,0,0,0,0,0,0,0
ubt,bintrie,5,4,storage_mixed_k10,13,,1341,0,0,0.0737,7.0674,0.0023,0.2236,7.5795,0,4,0,0,0,0,0,0,0,0,0,0,4,0,0,0,0,0,0,0,0,0
ubt,bintrie,5,4,storage_mixed_k10,13,,1342,0,0,0.0284,3.4874,0.0017,0.1252,3.8666,0,4,0,0,0,0,0,0,0,0,0,0,4,0,0,0,0,0,0,0,0,0
ubt,bintrie,5,4,storage_mixed_k10,13,,1343,0,0,0.0397,2.9076,0.0019,0.1486,3.2893,0,4,0,0,0,0,0,0,0,0,0,0,4,0,0,0,0,0,0,0,0,0
ubt,bintrie,5,4,storage_mixed_k10,13,,1344,91710,2,0.1522,4.1433,22.4482,4.707,31.6156,2.9008,11,0,0,0,3,0,0,0,1,305,5,6,45.45,0,0,0,0,0,0,0,0
ubt,bintrie,5,4,storage_mixed_k10,13,,1345,5908255,1,60.7651,7.7074,3.0149,1.0425,72.6833,81.2877,17,723,11,585,3,0,85,0,0,0,4,13,23.53,241,482,33.33,11,0,100,585,0
ubt,bintrie,5,4,storage_mixed_k10,13,,1346,21000,1,0.1399,2.9014,2.476,0.5933,6.2959,3.3355,6,0,0,0,2,0,0,0,0,0,0,6,0,0,0,0,0,0,0,0,0
ubt,bintrie,5,4,storage_mixed_k10,13,,1347,0,0,0.0377,3.4737,0.0019,0.1641,3.8472,0,4,0,0,0,0,0,0,0,0,0,0,4,0,0,0,0,0,0,0,0,0
ubt,bintrie,5,4,storage_mixed_k10,14,,1348,0,0,0.0457,5.492,0.0024,0.1731,5.9653,0,4,0,0,0,0,0,0,0,0,0,0,4,0,0,0,0,0,0,0,0,0
ubt,bintrie,5,4,storage_mixed_k10,14,,1349,0,0,0.0364,3.7432,0.002,0.1631,4.1271,0,4,0,0,0,0,0,0,0,0,0,0,4,0,0,0,0,0,0,0,0,0
ubt,bintrie,5,4,storage_mixed_k10,14,,1350,0,0,0.1737,24.3419,0.0027,0.1017,24.8196,0,4,0,0,0,0,0,0,0,0,0,0,4,0,0,0,0,0,0,0,0,0
ubt,bintrie,5,4,storage_mixed_k10,14,,1351,91710,2,0.1401,3.7407,14.3694,5.5702,24.0535,3.8127,11,0,0,0,3,0,0,0,1,305,6,5,54.55,0,0,0,0,0,0,0,0
ubt,bintrie,5,4,storage_mixed_k10,14,,1352,5908255,1,59.8335,16.2892,4.2543,1.3885,82.1776,71.8962,17,723,11,585,3,0,85,0,0,0,3,14,17.65,41,682,5.67,11,0,100,585,0
ubt,bintrie,5,4,storage_mixed_k10,14,,1353,21000,1,0.0802,10.8538,12.3668,0.7138,24.1626,0.8691,6,0,0,0,2,0,0,0,0,0,2,4,33.33,0,0,0,0,0,0,0,0
ubt,bintrie,5,4,storage_mixed_k10,14,,1354,0,0,0.0328,3.0318,0.0015,0.1171,3.3596,0,4,0,0,0,0,0,0,0,0,0,0,4,0,0,0,0,0,0,0,0,0
ubt,bintrie,5,4,storage_mixed_k10,15,,1355,0,0,0.0588,3.4212,0.0019,0.251,4.006,0,4,0,0,0,0,0,0,0,0,0,0,4,0,0,0,0,0,0,0,0,0
ubt,bintrie,5,4,storage_mixed_k10,15,,1356,0,0,0.0281,3.093,0.0017,0.1002,3.4013,0,4,0,0,0,0,0,0,0,0,0,0,4,0,0,0,0,0,0,0,0,0
ubt,bintrie,5,4,storage_mixed_k10,15,,1357,0,0,0.0377,2.7458,0.0016,0.0987,3.0243,0,4,0,0,0,0,0,0,0,0,0,0,4,0,0,0,0,0,0,0,0,0
ubt,bintrie,5,4,storage_mixed_k10,15,,1358,91710,2,0.085,19.4952,3.1386,5.0515,34.8183,2.634,11,0,0,0,3,0,0,0,1,305,6,5,54.55,0,0,0,0,0,0,0,0
ubt,bintrie,5,4,storage_mixed_k10,15,,1359,5908255,1,94.4272,10.3829,4.6656,1.7654,111.5323,52.9735,17,723,11,585,3,0,85,0,0,0,4,13,23.53,62,661,8.58,11,0,100,585,0
ubt,bintrie,5,4,storage_mixed_k10,15,,1360,21000,1,0.0597,1.4989,18.4091,0.6913,22.863,0.9185,6,0,0,0,2,0,0,0,0,0,2,4,33.33,0,0,0,0,0,0,0,0
ubt,bintrie,5,4,storage_mixed_k10,15,,1361,0,0,0.0209,2.7107,0.0015,0.2149,3.3448,0,4,0,0,0,0,0,0,0,0,0,0,4,0,0,0,0,0,0,0,0,0
ubt,bintrie,5,4,storage_mixed_k10,16,,1362,0,0,0.0325,4.1749,0.0027,0.2237,4.7435,0,4,0,0,0,0,0,0,0,0,0,0,4,0,0,0,0,0,0,0,0,0
ubt,bintrie,5,4,storage_mixed_k10,16,,1363,0,0,0.0229,2.7913,0.0012,0.1255,3.0981,0,4,0,0,0,0,0,0,0,0,0,0,4,0,0,0,0,0,0,0,0,0
ubt,bintrie,5,4,storage_mixed_k10,16,,1364,0,0,0.0231,2.6625,0.0013,0.1105,2.9371,0,4,0,0,0,0,0,0,0,0,0,0,4,0,0,0,0,0,0,0,0,0
ubt,bintrie,5,4,storage_mixed_k10,16,,1365,91710,2,0.1377,15.9126,3.0447,6.4045,28.5656,3.2105,11,0,0,0,3,0,0,0,1,305,5,6,45.45,0,0,0,0,0,0,0,0
ubt,bintrie,5,4,storage_mixed_k10,16,,1366,5908255,1,59.4949,12.5521,13.8218,2.2532,88.326,66.8915,17,723,11,585,3,0,85,0,0,0,5,12,29.41,344,379,47.58,11,0,100,585,0
ubt,bintrie,5,4,storage_mixed_k10,16,,1367,21000,1,0.0658,3.1962,2.3846,0.6084,6.443,3.2594,6,0,0,0,2,0,0,0,0,0,2,4,33.33,0,0,0,0,0,0,0,0
ubt,bintrie,5,4,storage_mixed_k10,16,,1368,0,0,0.0248,2.5987,0.0015,0.093,2.8632,0,4,0,0,0,0,0,0,0,0,0,0,4,0,0,0,0,0,0,0,0,0
ubt,bintrie,5,4,storage_mixed_k10,17,,1369,0,0,0.0288,2.8002,0.0013,0.1707,3.2027,0,4,0,0,0,0,0,0,0,0,0,0,4,0,0,0,0,0,0,0,0,0
ubt,bintrie,5,4,storage_mixed_k10,17,,1370,0,0,0.0273,2.8194,0.0013,0.1092,3.099,0,4,0,0,0,0,0,0,0,0,0,0,4,0,0,0,0,0,0,0,0,0
ubt,bintrie,5,4,storage_mixed_k10,17,,1371,0,0,0.0535,3.127,0.0047,0.1042,3.4668,0,4,0,0,0,0,0,0,0,0,0,0,4,0,0,0,0,0,0,0,0,0
ubt,bintrie,5,4,storage_mixed_k10,17,,1372,91710,2,0.0889,3.7251,23.4296,5.0079,32.424,2.8285,11,0,0,0,3,0,0,0,1,305,6,5,54.55,0,0,0,0,0,0,0,0
ubt,bintrie,5,4,storage_mixed_k10,17,,1373,5908255,1,59.3946,8.5133,3.2355,1.043,72.3848,81.6229,17,723,11,585,3,0,85,0,0,0,7,10,41.18,129,594,17.84,11,0,100,585,0
ubt,bintrie,5,4,storage_mixed_k10,17,,1374,21000,1,0.0516,2.7864,2.4873,0.5505,6.0287,3.4833,6,0,0,0,2,0,0,0,0,0,2,4,33.33,0,0,0,0,0,0,0,0
ubt,bintrie,5,4,storage_mixed_k10,17,,1375,0,0,0.0254,2.7079,0.0016,0.0907,2.9925,0,4,0,0,0,0,0,0,0,0,0,0,4,0,0,0,0,0,0,0,0,0
ubt,bintrie,5,4,storage_mixed_k10,18,,1376,0,0,0.037,2.7926,0.0015,0.1442,3.8907,0,4,0,0,0,0,0,0,0,0,0,0,4,0,0,0,0,0,0,0,0,0
ubt,bintrie,5,4,storage_mixed_k10,18,,1377,0,0,0.0268,3.1025,0.0018,0.1756,3.4924,0,4,0,0,0,0,0,0,0,0,0,0,4,0,0,0,0,0,0,0,0,0
ubt,bintrie,5,4,storage_mixed_k10,18,,1378,91710,2,0.1015,23.5573,2.6273,5.5762,32.0695,2.8597,11,0,0,0,3,0,0,0,1,305,5,6,45.45,0,0,0,0,0,0,0,0
ubt,bintrie,5,4,storage_mixed_k10,18,,1379,5908255,1,58.7956,13.3385,3.9295,1.2587,77.6242,76.1135,17,723,11,585,3,0,85,0,0,0,6,11,35.29,291,432,40.25,11,0,100,585,0
ubt,bintrie,5,4,storage_mixed_k10,18,,1380,21000,1,0.0679,15.3306,13.7017,0.6358,29.8893,0.7026,6,0,0,0,2,0,0,0,0,0,2,4,33.33,0,0,0,0,0,0,0,0
ubt,bintrie,5,4,storage_mixed_k10,19,,1382,0,0,0.0391,3.1642,0.0013,0.1532,3.5356,0,4,0,0,0,0,0,0,0,0,0,0,4,0,0,0,0,0,0,0,0,0
ubt,bintrie,5,4,storage_mixed_k10,19,,1383,0,0,0.0283,2.9183,0.0015,0.1395,3.2684,0,4,0,0,0,0,0,0,0,0,0,0,4,0,0,0,0,0,0,0,0,0
ubt,bintrie,5,4,storage_mixed_k10,19,,1384,0,0,0.0237,13.5166,0.002,0.1083,13.7902,0,4,0,0,0,0,0,0,0,0,0,0,4,0,0,0,0,0,0,0,0,0
ubt,bintrie,5,4,storage_mixed_k10,19,,1385,91710,2,0.1228,4.0113,18.2696,12.2969,34.9215,2.6262,11,0,0,0,3,0,0,0,1,305,6,5,54.55,0,0,0,0,0,0,0,0
ubt,bintrie,5,4,storage_mixed_k10,19,,1386,5908255,1,64.1973,6.0687,3.027,1.1808,74.6478,79.1484,17,723,11,585,3,0,85,0,0,0,7,10,41.18,536,187,74.14,11,0,100,585,0
ubt,bintrie,5,4,storage_mixed_k10,19,,1387,21000,1,0.0677,4.4877,2.414,0.5777,7.7151,2.7219,6,0,0,0,2,0,0,0,0,0,2,4,33.33,0,0,0,0,0,0,0,0
ubt,bintrie,5,4,storage_mixed_k10,1,,1272,0,0,0.0554,4.6135,0.0018,0.1888,5.0343,0,4,0,0,0,0,0,0,0,0,0,0,4,0,0,0,0,0,0,0,0,0
ubt,bintrie,5,4,storage_mixed_k10,1,,1273,0,0,0.0264,17.1298,0.0024,0.1283,17.4627,0,4,0,0,0,0,0,0,0,0,0,0,4,0,0,0,0,0,0,0,0,0
ubt,bintrie,5,4,storage_mixed_k10,1,,1274,91710,2,0.1063,3.0526,13.3646,4.6411,21.2844,4.3088,11,0,0,0,3,0,0,0,1,305,5,6,45.45,0,0,0,0,0,0,0,0
ubt,bintrie,5,4,storage_mixed_k10,1,,1275,5908255,1,58.9241,10.8882,8.7174,1.7478,80.7007,73.212,17,723,11,585,3,0,85,0,0,0,5,12,29.41,321,402,44.4,11,0,100,585,0
ubt,bintrie,5,4,storage_mixed_k10,1,,1276,21000,1,0.0626,4.3079,21.2979,0.5975,26.6954,0.7867,6,0,0,0,2,0,0,0,0,0,2,4,33.33,0,0,0,0,0,0,0,0
ubt,bintrie,5,4,storage_mixed_k10,20,,1389,0,0,0.0508,2.8387,0.0016,0.2082,3.3322,0,4,0,0,0,0,0,0,0,0,0,0,4,0,0,0,0,0,0,0,0,0
ubt,bintrie,5,4,storage_mixed_k10,20,,1390,0,0,0.034,6.3734,0.0057,0.1886,7.9056,0,4,0,0,0,0,0,0,0,0,0,0,4,0,0,0,0,0,0,0,0,0
ubt,bintrie,5,4,storage_mixed_k10,20,,1391,0,0,0.0307,14.2947,0.0022,0.3146,15.1034,0,4,0,0,0,0,0,0,0,0,0,0,4,0,0,0,0,0,0,0,0,0
ubt,bintrie,5,4,storage_mixed_k10,20,,1392,91710,2,0.1424,14.4696,20.3848,4.8844,41.7074,2.1989,11,0,0,0,3,0,0,0,1,305,6,5,54.55,0,0,0,0,0,0,0,0
ubt,bintrie,5,4,storage_mixed_k10,20,,1393,5908255,1,77.9417,8.8041,3.1048,1.0636,91.0572,64.8851,17,723,11,585,3,0,85,0,0,0,0,17,0,266,457,36.79,11,0,100,585,0
ubt,bintrie,5,4,storage_mixed_k10,20,,1394,21000,1,0.0635,3.6065,10.3499,0.6839,14.8729,1.412,6,0,0,0,2,0,0,0,0,0,2,4,33.33,0,0,0,0,0,0,0,0
ubt,bintrie,5,4,storage_mixed_k10,20,,1395,0,0,0.0233,2.6252,0.0017,0.0927,2.8776,0,4,0,0,0,0,0,0,0,0,0,0,4,0,0,0,0,0,0,0,0,0
ubt,bintrie,5,4,storage_mixed_k10,2,,1277,0,0,0.0571,8.6347,0.0035,0.2276,11.2896,0,4,0,0,0,0,0,0,0,0,0,0,4,0,0,0,0,0,0,0,0,0
ubt,bintrie,5,4,storage_mixed_k10,2,,1278,0,0,0.0284,11.0603,0.0018,0.1622,11.4451,0,4,0,0,0,0,0,0,0,0,0,0,4,0,0,0,0,0,0,0,0,0
ubt,bintrie,5,4,storage_mixed_k10,2,,1279,0,0,0.0288,14.0027,0.0022,0.1056,14.3034,0,4,0,0,0,0,0,0,0,0,0,0,4,0,0,0,0,0,0,0,0,0
ubt,bintrie,5,4,storage_mixed_k10,2,,1280,91710,2,0.1496,3.1876,13.9488,17.1529,34.8421,2.6322,11,0,0,0,3,0,0,0,1,305,6,5,54.55,0,0,0,0,0,0,0,0
ubt,bintrie,5,4,storage_mixed_k10,2,,1281,5908255,1,56.7356,9.8137,11.4737,1.2905,80.2794,73.5961,17,723,11,585,3,0,85,0,0,0,6,11,35.29,134,589,18.53,11,0,100,585,0
ubt,bintrie,5,4,storage_mixed_k10,2,,1282,21000,1,0.0904,16.3503,2.5996,0.6209,19.9158,1.0544,6,0,0,0,2,0,0,0,0,0,2,4,33.33,0,0,0,0,0,0,0,0
ubt,bintrie,5,4,storage_mixed_k10,3,,1284,0,0,0.0568,3.4342,0.0029,0.182,3.943,0,4,0,0,0,0,0,0,0,0,0,0,4,0,0,0,0,0,0,0,0,0
ubt,bintrie,5,4,storage_mixed_k10,3,,1285,0,0,0.0284,21.9549,0.002,0.1953,22.3988,0,4,0,0,0,0,0,0,0,0,0,0,4,0,0,0,0,0,0,0,0,0
ubt,bintrie,5,4,storage_mixed_k10,3,,1286,91710,2,0.1403,3.4627,2.7843,5.2569,11.7845,7.7823,11,0,0,0,3,0,0,0,1,305,5,6,45.45,0,0,0,0,0,0,0,0
ubt,bintrie,5,4,storage_mixed_k10,3,,1287,5908255,1,60.9471,10.6239,3.0358,1.0329,75.7925,77.9531,17,723,11,585,3,0,85,0,0,0,0,17,0,395,328,54.63,11,0,100,585,0
ubt,bintrie,5,4,storage_mixed_k10,3,,1288,21000,1,0.0544,2.8434,2.419,0.5561,6.0463,3.4732,6,0,0,0,2,0,0,0,0,0,2,4,33.33,0,0,0,0,0,0,0,0
ubt,bintrie,5,4,storage_mixed_k10,4,,1289,0,0,0.0365,2.8066,0.0019,0.1644,3.2407,0,4,0,0,0,0,0,0,0,0,0,0,4,0,0,0,0,0,0,0,0,0
ubt,bintrie,5,4,storage_mixed_k10,4,,1290,0,0,0.0299,17.2007,0.0017,0.1376,17.5463,0,4,0,0,0,0,0,0,0,0,0,0,4,0,0,0,0,0,0,0,0,0
ubt,bintrie,5,4,storage_mixed_k10,4,,1291,91710,2,0.1258,15.5068,13.2398,5.1388,34.1586,2.6848,11,0,0,0,3,0,0,0,1,305,5,6,45.45,0,0,0,0,0,0,0,0
ubt,bintrie,5,4,storage_mixed_k10,4,,1292,5908255,1,59.3625,12.3874,2.9677,1.0706,75.9421,77.7994,17,723,11,585,3,0,85,0,0,0,4,13,23.53,537,186,74.27,11,0,100,585,0
ubt,bintrie,5,4,storage_mixed_k10,4,,1293,21000,1,0.058,19.9927,2.3846,0.6403,23.2554,0.903,6,0,0,0,2,0,0,0,0,0,2,4,33.33,0,0,0,0,0,0,0,0
ubt,bintrie,5,4,storage_mixed_k10,5,,1294,0,0,0.0615,10.255,0.0047,0.1506,10.6554,0,4,0,0,0,0,0,0,0,0,0,0,4,0,0,0,0,0,0,0,0,0
ubt,bintrie,5,4,storage_mixed_k10,5,,1295,0,0,0.0375,21.2615,0.0021,0.1269,21.5822,0,4,0,0,0,0,0,0,0,0,0,0,4,0,0,0,0,0,0,0,0,0
ubt,bintrie,5,4,storage_mixed_k10,5,,1296,91710,2,0.1227,3.2158,14.4988,5.7222,23.7945,3.8543,11,0,0,0,3,0,0,0,1,305,6,5,54.55,0,0,0,0,0,0,0,0
ubt,bintrie,5,4,storage_mixed_k10,5,,1297,5908255,1,58.6923,11.9355,19.8925,1.0734,92.0058,64.2161,17,723,11,585,3,0,85,0,0,0,5,12,29.41,222,501,30.71,11,0,100,585,0
ubt,bintrie,5,4,storage_mixed_k10,5,,1298,21000,1,0.0678,17.379,2.7808,0.6241,22.8914,0.9174,6,0,0,0,2,0,0,0,0,0,2,4,33.33,0,0,0,0,0,0,0,0
ubt,bintrie,5,4,storage_mixed_k10,6,,1299,0,0,0.0597,10.7994,0.0016,0.185,11.399,0,4,0,0,0,0,0,0,0,0,0,0,4,0,0,0,0,0,0,0,0,0
ubt,bintrie,5,4,storage_mixed_k10,6,,1300,0,0,0.026,11.405,0.0015,0.1584,11.7672,0,4,0,0,0,0,0,0,0,0,0,0,4,0,0,0,0,0,0,0,0,0
ubt,bintrie,5,4,storage_mixed_k10,6,,1301,91710,2,0.1405,15.2276,13.2113,5.1606,33.931,2.7028,11,0,0,0,3,0,0,0,1,305,5,6,45.45,0,0,0,0,0,0,0,0
ubt,bintrie,5,4,storage_mixed_k10,6,,1302,5908255,1,65.247,7.997,2.9658,1.2027,77.5754,76.1614,17,723,11,585,3,0,85,0,0,0,7,10,41.18,142,581,19.64,11,0,100,585,0
ubt,bintrie,5,4,storage_mixed_k10,6,,1303,21000,1,0.0629,4.5508,9.5508,0.5744,14.9104,1.4084,6,0,0,0,2,0,0,0,0,0,2,4,33.33,0,0,0,0,0,0,0,0
ubt,bintrie,5,4,storage_mixed_k10,7,,1305,0,0,0.0569,8.0349,0.0022,0.2005,8.5341,0,4,0,0,0,0,0,0,0,0,0,0,4,0,0,0,0,0,0,0,0,0
ubt,bintrie,5,4,storage_mixed_k10,7,,1306,0,0,0.0287,18.5732,0.0022,0.1436,18.9143,0,4,0,0,0,0,0,0,0,0,0,0,4,0,0,0,0,0,0,0,0,0
ubt,bintrie,5,4,storage_mixed_k10,7,,1307,91710,2,0.1092,3.2251,13.9735,5.1939,22.6518,4.0487,11,0,0,0,3,0,0,0,1,305,6,5,54.55,0,0,0,0,0,0,0,0
ubt,bintrie,5,4,storage_mixed_k10,7,,1308,5908255,1,64.9104,9.5569,2.9741,1.1486,78.8274,74.9518,17,723,11,585,3,0,85,0,0,0,10,7,58.82,203,520,28.08,11,0,100,585,0
ubt,bintrie,5,4,storage_mixed_k10,7,,1309,21000,1,0.0645,15.6246,19.44,0.5718,35.8554,0.5857,6,0,0,0,2,0,0,0,0,0,2,4,33.33,0,0,0,0,0,0,0,0
ubt,bintrie,5,4,storage_mixed_k10,8,,1310,0,0,0.1396,5.3654,0.0024,0.243,6.0856,0,4,0,0,0,0,0,0,0,0,0,0,4,0,0,0,0,0,0,0,0,0
ubt,bintrie,5,4,storage_mixed_k10,8,,1311,0,0,0.0421,6.2914,0.0021,0.1662,6.6998,0,4,0,0,0,0,0,0,0,0,0,0,4,0,0,0,0,0,0,0,0,0
ubt,bintrie,5,4,storage_mixed_k10,8,,1312,91710,2,0.161,15.22,18.1334,4.8609,38.5634,2.3782,11,0,0,0,3,0,0,0,1,305,5,6,45.45,0,0,0,0,0,0,0,0
ubt,bintrie,5,4,storage_mixed_k10,8,,1313,5908255,1,57.0952,8.0291,3.1182,1.0703,69.5002,85.0106,17,723,11,585,3,0,85,0,0,0,6,11,35.29,201,522,27.8,11,0,100,585,0
ubt,bintrie,5,4,storage_mixed_k10,8,,1314,21000,1,0.0579,3.3806,2.4661,0.5863,6.6665,3.1501,6,0,0,0,2,0,0,0,0,0,2,4,33.33,0,0,0,0,0,0,0,0
ubt,bintrie,5,4,storage_mixed_k10,9,,1316,0,0,0.3291,5.0039,0.0022,0.1589,6.6905,0,4,0,0,0,0,0,0,0,0,0,0,4,0,0,0,0,0,0,0,0,0
ubt,bintrie,5,4,storage_mixed_k10,9,,1317,0,0,0.0328,3.7126,0.0014,0.0914,3.9905,0,4,0,0,0,0,0,0,0,0,0,0,4,0,0,0,0,0,0,0,0,0
ubt,bintrie,5,4,storage_mixed_k10,9,,1318,91710,2,0.1181,15.6507,19.5597,4.8645,40.44,2.2678,11,0,0,0,3,0,0,0,1,305,5,6,45.45,0,0,0,0,0,0,0,0
ubt,bintrie,5,4,storage_mixed_k10,9,,1319,5908255,1,65.0778,5.1048,3.1338,0.9863,74.4841,79.3224,17,723,11,585,3,0,85,0,0,0,7,10,41.18,114,609,15.77,11,0,100,585,0
ubt,bintrie,5,4,storage_mixed_k10,9,,1320,21000,1,0.0552,2.965,3.2663,8.058,14.5034,1.4479,6,0,0,0,2,0,0,0,0,0,2,4,33.33,0,0,0,0,0,0,0,0
ubt,bintrie,5,4,storage_mixed_k100,10,,1457,0,0,0.0321,2.7564,0.0016,0.1306,3.108,0,4,0,0,0,0,0,0,0,0,0,0,4,0,0,0,0,0,0,0,0,0
ubt,bintrie,5,4,storage_mixed_k100,10,,1458,0,0,0.0345,2.8039,0.0013,0.0918,3.1168,0,4,0,0,0,0,0,0,0,0,0,0,4,0,0,0,0,0,0,0,0,0
ubt,bintrie,5,4,storage_mixed_k100,10,,1459,0,0,0.0366,17.8828,0.0022,0.0921,18.2478,0,4,0,0,0,0,0,0,0,0,0,0,4,0,0,0,0,0,0,0,0,0
ubt,bintrie,5,4,storage_mixed_k100,10,,1460,91710,2,0.1067,15.1432,2.6984,4.5408,22.6608,4.0471,11,0,0,0,3,0,0,0,1,305,5,6,45.45,0,0,0,0,0,0,0,0
ubt,bintrie,5,4,storage_mixed_k100,10,,1461,5920742,1,49.1223,19.1821,5.584,1.5772,75.7032,78.2099,107,785,101,3105,11,0,77,0,0,0,20,87,18.69,317,468,40.38,101,0,100,3105,0
ubt,bintrie,5,4,storage_mixed_k100,10,,1462,21000,1,0.0626,15.538,14.7673,0.6777,31.2144,0.6728,6,0,0,0,2,0,0,0,0,0,2,4,33.33,0,0,0,0,0,0,0,0
ubt,bintrie,5,4,storage_mixed_k100,10,,1463,0,0,0.0257,2.7456,0.0016,0.136,3.0549,0,4,0,0,0,0,0,0,0,0,0,0,4,0,0,0,0,0,0,0,0,0
ubt,bintrie,5,4,storage_mixed_k100,11,,1464,0,0,0.0441,3.2381,0.0016,0.1894,3.6658,0,4,0,0,0,0,0,0,0,0,0,0,4,0,0,0,0,0,0,0,0,0
ubt,bintrie,5,4,storage_mixed_k100,11,,1465,0,0,0.0284,2.8422,0.0013,0.091,3.1162,0,4,0,0,0,0,0,0,0,0,0,0,4,0,0,0,0,0,0,0,0,0
ubt,bintrie,5,4,storage_mixed_k100,11,,1466,0,0,0.0307,13.6977,0.0022,0.1389,14.0308,0,4,0,0,0,0,0,0,0,0,0,0,4,0,0,0,0,0,0,0,0,0
ubt,bintrie,5,4,storage_mixed_k100,11,,1467,91710,2,0.1138,14.9873,17.8888,4.5821,37.7508,2.4294,11,0,0,0,3,0,0,0,1,305,5,6,45.45,0,0,0,0,0,0,0,0
ubt,bintrie,5,4,storage_mixed_k100,11,,1468,5920742,1,50.2387,8.8445,5.1753,1.6709,66.1389,89.5198,107,785,101,3105,11,0,77,0,0,0,19,88,17.76,468,317,59.62,101,0,100,3105,0
ubt,bintrie,5,4,storage_mixed_k100,11,,1469,21000,1,0.0695,4.031,19.8162,0.6877,24.8304,0.8457,6,0,0,0,2,0,0,0,0,0,2,4,33.33,0,0,0,0,0,0,0,0
ubt,bintrie,5,4,storage_mixed_k100,11,,1470,0,0,0.0676,3.1623,0.0028,0.2195,4.5225,0,4,0,0,0,0,0,0,0,0,0,0,4,0,0,0,0,0,0,0,0,0
ubt,bintrie,5,4,storage_mixed_k100,12,,1471,0,0,0.0402,2.9083,0.0013,0.1685,3.3868,0,4,0,0,0,0,0,0,0,0,0,0,4,0,0,0,0,0,0,0,0,0
ubt,bintrie,5,4,storage_mixed_k100,12,,1472,0,0,0.0254,3.1855,0.0017,0.1428,3.5981,0,4,0,0,0,0,0,0,0,0,0,0,4,0,0,0,0,0,0,0,0,0
ubt,bintrie,5,4,storage_mixed_k100,12,,1473,0,0,0.0354,24.1724,0.0038,0.2039,24.6001,0,4,0,0,0,0,0,0,0,0,0,0,4,0,0,0,0,0,0,0,0,0
ubt,bintrie,5,4,storage_mixed_k100,12,,1474,91710,2,0.1363,12.5029,2.798,4.7615,20.3653,4.5032,11,0,0,0,3,0,0,0,1,305,5,6,45.45,0,0,0,0,0,0,0,0
ubt,bintrie,5,4,storage_mixed_k100,12,,1475,5920742,1,49.7676,27.0865,9.286,1.6154,90.979,65.0781,107,785,101,3105,11,0,77,0,0,0,28,79,26.17,436,349,55.54,101,0,100,3105,0
ubt,bintrie,5,4,storage_mixed_k100,12,,1476,21000,1,0.0676,3.0772,2.5535,0.6238,6.4927,3.2344,6,0,0,0,2,0,0,0,0,0,2,4,33.33,0,0,0,0,0,0,0,0
ubt,bintrie,5,4,storage_mixed_k100,12,,1477,0,0,0.0202,2.6493,0.0014,0.0925,2.9009,0,4,0,0,0,0,0,0,0,0,0,0,4,0,0,0,0,0,0,0,0,0
ubt,bintrie,5,4,storage_mixed_k100,13,,1478,0,0,0.0609,5.5128,0.0025,0.2034,6.0158,0,4,0,0,0,0,0,0,0,0,0,0,4,0,0,0,0,0,0,0,0,0
ubt,bintrie,5,4,storage_mixed_k100,13,,1479,0,0,0.0195,2.8153,0.0014,0.1189,3.105,0,4,0,0,0,0,0,0,0,0,0,0,4,0,0,0,0,0,0,0,0,0
ubt,bintrie,5,4,storage_mixed_k100,13,,1480,0,0,0.0256,2.8961,0.0013,0.1001,3.1652,0,4,0,0,0,0,0,0,0,0,0,0,4,0,0,0,0,0,0,0,0,0
ubt,bintrie,5,4,storage_mixed_k100,13,,1481,91710,2,0.1201,14.7896,14.3778,4.6221,34.1172,2.6881,11,0,0,0,3,0,0,0,1,305,5,6,45.45,0,0,0,0,0,0,0,0
ubt,bintrie,5,4,storage_mixed_k100,13,,1482,5920742,1,80.1499,13.6813,5.5251,2.0782,101.9454,58.0776,107,785,101,3105,11,0,77,0,0,0,19,88,17.76,149,636,18.98,101,0,100,3105,0
ubt,bintrie,5,4,storage_mixed_k100,13,,1483,21000,1,0.0645,4.3601,2.8189,0.5877,8.002,2.6243,6,0,0,0,2,0,0,0,0,0,2,4,33.33,0,0,0,0,0,0,0,0
ubt,bintrie,5,4,storage_mixed_k100,13,,1484,0,0,0.0208,3.2145,0.0014,0.0964,3.4753,0,4,0,0,0,0,0,0,0,0,0,0,4,0,0,0,0,0,0,0,0,0
ubt,bintrie,5,4,storage_mixed_k100,14,,1485,0,0,0.0469,9.966,0.002,0.1532,10.4085,0,4,0,0,0,0,0,0,0,0,0,0,4,0,0,0,0,0,0,0,0,0
ubt,bintrie,5,4,storage_mixed_k100,14,,1486,0,0,0.0348,3.3169,0.0022,0.1265,3.7126,0,4,0,0,0,0,0,0,0,0,0,0,4,0,0,0,0,0,0,0,0,0
ubt,bintrie,5,4,storage_mixed_k100,14,,1487,0,0,0.0389,3.2378,0.0023,0.1356,3.6324,0,4,0,0,0,0,0,0,0,0,0,0,4,0,0,0,0,0,0,0,0,0
ubt,bintrie,5,4,storage_mixed_k100,14,,1488,91710,2,0.1503,3.3789,15.5345,4.248,23.4746,3.9068,11,0,0,0,3,0,0,0,1,305,5,6,45.45,0,0,0,0,0,0,0,0
ubt,bintrie,5,4,storage_mixed_k100,14,,1489,5920742,1,54.7801,5.9599,5.2166,2.2015,68.6654,86.226,107,785,101,3105,11,0,77,0,0,0,48,59,44.86,611,174,77.83,101,0,100,3105,0
ubt,bintrie,5,4,storage_mixed_k100,14,,1490,21000,1,0.0863,13.0111,2.5503,0.5862,16.3866,1.2815,6,0,0,0,2,0,0,0,0,0,2,4,33.33,0,0,0,0,0,0,0,0
ubt,bintrie,5,4,storage_mixed_k100,14,,1491,0,0,0.0223,2.8589,0.0017,0.0945,3.1626,0,4,0,0,0,0,0,0,0,0,0,0,4,0,0,0,0,0,0,0,0,0
ubt,bintrie,5,4,storage_mixed_k100,15,,1492,0,0,0.0576,2.9239,0.0014,0.1308,3.2985,0,4,0,0,0,0,0,0,0,0,0,0,4,0,0,0,0,0,0,0,0,0
ubt,bintrie,5,4,storage_mixed_k100,15,,1493,0,0,0.0228,2.7096,0.0046,0.1422,3.0669,0,4,0,0,0,0,0,0,0,0,0,0,4,0,0,0,0,0,0,0,0,0
ubt,bintrie,5,4,storage_mixed_k100,15,,1494,0,0,0.0358,14.5687,0.0019,0.1573,14.9598,0,4,0,0,0,0,0,0,0,0,0,0,4,0,0,0,0,0,0,0,0,0
ubt,bintrie,5,4,storage_mixed_k100,15,,1495,91710,2,0.1461,21.9335,3.6835,5.0003,30.9364,2.9645,11,0,0,0,3,0,0,0,1,305,5,6,45.45,0,0,0,0,0,0,0,0
ubt,bintrie,5,4,storage_mixed_k100,15,,1496,5920742,1,48.595,19.09,9.9796,1.8539,85.7166,69.0734,107,785,101,3105,11,0,77,0,0,0,15,92,14.02,92,693,11.72,101,0,100,3105,0
ubt,bintrie,5,4,storage_mixed_k100,15,,1497,21000,1,0.0568,2.9528,2.4689,0.5763,6.1901,3.3925,6,0,0,0,2,0,0,0,0,0,2,4,33.33,0,0,0,0,0,0,0,0
ubt,bintrie,5,4,storage_mixed_k100,15,,1498,0,0,0.031,3.1303,0.0018,0.1312,3.4754,0,4,0,0,0,0,0,0,0,0,0,0,4,0,0,0,0,0,0,0,0,0
ubt,bintrie,5,4,storage_mixed_k100,16,,1499,0,0,0.0663,4.3434,0.0016,0.1843,4.8016,0,4,0,0,0,0,0,0,0,0,0,0,4,0,0,0,0,0,0,0,0,0
ubt,bintrie,5,4,storage_mixed_k100,16,,1500,0,0,0.03,2.8894,0.0018,0.0904,3.1698,0,4,0,0,0,0,0,0,0,0,0,0,4,0,0,0,0,0,0,0,0,0
ubt,bintrie,5,4,storage_mixed_k100,16,,1501,0,0,0.0354,3.5609,0.002,0.102,3.8569,0,4,0,0,0,0,0,0,0,0,0,0,4,0,0,0,0,0,0,0,0,0
ubt,bintrie,5,4,storage_mixed_k100,16,,1502,91710,2,0.1558,3.5264,18.3718,7.8941,34.6018,2.6504,11,0,0,0,3,0,0,0,1,305,5,6,45.45,0,0,0,0,0,0,0,0
ubt,bintrie,5,4,storage_mixed_k100,16,,1503,5920742,1,49.0303,9.5882,5.1778,1.6062,65.5917,90.2667,107,785,101,3105,11,0,77,0,0,0,19,88,17.76,324,461,41.27,101,0,100,3105,0
ubt,bintrie,5,4,storage_mixed_k100,16,,1504,21000,1,0.0662,5.1824,7.792,0.9197,14.1637,1.4827,6,0,0,0,2,0,0,0,0,0,2,4,33.33,0,0,0,0,0,0,0,0
ubt,bintrie,5,4,storage_mixed_k100,16,,1505,0,0,0.02,2.6508,0.0015,0.1183,2.9544,0,4,0,0,0,0,0,0,0,0,0,0,4,0,0,0,0,0,0,0,0,0
ubt,bintrie,5,4,storage_mixed_k100,17,,1506,0,0,0.0399,3.205,0.0017,0.2316,3.7207,0,4,0,0,0,0,0,0,0,0,0,0,4,0,0,0,0,0,0,0,0,0
ubt,bintrie,5,4,storage_mixed_k100,17,,1507,0,0,0.0269,2.7223,0.0012,0.102,3.0142,0,4,0,0,0,0,0,0,0,0,0,0,4,0,0,0,0,0,0,0,0,0
ubt,bintrie,5,4,storage_mixed_k100,17,,1508,91710,2,0.1557,14.7572,16.6244,5.5972,37.9809,2.4146,11,0,0,0,3,0,0,0,1,305,5,6,45.45,0,0,0,0,0,0,0,0
ubt,bintrie,5,4,storage_mixed_k100,17,,1509,5920742,1,68.6365,11.8177,5.1866,1.6358,87.4596,67.6969,107,785,101,3105,11,0,77,0,0,0,18,89,16.82,164,621,20.89,101,0,100,3105,0
ubt,bintrie,5,4,storage_mixed_k100,17,,1510,21000,1,0.053,2.9099,15.2102,0.7002,19.0194,1.1041,6,0,0,0,2,0,0,0,0,0,2,4,33.33,0,0,0,0,0,0,0,0
ubt,bintrie,5,4,storage_mixed_k100,18,,1512,0,0,0.0564,2.922,0.0013,0.1293,3.3463,0,4,0,0,0,0,0,0,0,0,0,0,4,0,0,0,0,0,0,0,0,0
ubt,bintrie,5,4,storage_mixed_k100,18,,1513,0,0,0.0265,3.2895,0.0023,0.1056,3.6099,0,4,0,0,0,0,0,0,0,0,0,0,4,0,0,0,0,0,0,0,0,0
ubt,bintrie,5,4,storage_mixed_k100,18,,1514,0,0,0.0622,15.1618,0.0027,0.2036,15.7296,0,4,0,0,0,0,0,0,0,0,0,0,4,0,0,0,0,0,0,0,0,0
ubt,bintrie,5,4,storage_mixed_k100,18,,1515,91710,2,0.0886,17.85,2.5118,4.6428,25.2809,3.6276,11,0,0,0,3,0,0,0,1,305,6,5,54.55,0,0,0,0,0,0,0,0
ubt,bintrie,5,4,storage_mixed_k100,18,,1516,5920742,1,73.3805,13.3004,6.437,1.7067,95.0451,62.294,107,785,101,3105,11,0,77,0,0,0,18,89,16.82,66,719,8.41,101,0,100,3105,0
ubt,bintrie,5,4,storage_mixed_k100,18,,1517,21000,1,0.084,14.3411,15.5841,0.6533,30.8362,0.681,6,0,0,0,2,0,0,0,0,0,2,4,33.33,0,0,0,0,0,0,0,0
ubt,bintrie,5,4,storage_mixed_k100,18,,1518,0,0,0.0217,2.5906,0.0016,0.2192,3.1016,0,4,0,0,0,0,0,0,0,0,0,0,4,0,0,0,0,0,0,0,0,0
ubt,bintrie,5,4,storage_mixed_k100,19,,1519,0,0,0.0332,2.7963,0.0014,0.172,3.2131,0,4,0,0,0,0,0,0,0,0,0,0,4,0,0,0,0,0,0,0,0,0
ubt,bintrie,5,4,storage_mixed_k100,19,,1520,0,0,0.0425,2.9279,0.0017,0.1523,3.2653,0,4,0,0,0,0,0,0,0,0,0,0,4,0,0,0,0,0,0,0,0,0
ubt,bintrie,5,4,storage_mixed_k100,19,,1521,0,0,0.0301,3.1819,0.002,0.1129,3.5105,0,4,0,0,0,0,0,0,0,0,0,0,4,0,0,0,0,0,0,0,0,0
ubt,bintrie,5,4,storage_mixed_k100,19,,1522,91710,2,0.1231,17.8602,15.3139,5.2191,38.7152,2.3688,11,0,0,0,3,0,0,0,1,305,6,5,54.55,0,0,0,0,0,0,0,0
ubt,bintrie,5,4,storage_mixed_k100,19,,1523,5920742,1,54.7575,11.8548,5.8417,1.6958,74.3045,79.6821,107,785,101,3105,11,0,77,0,0,0,41,66,38.32,156,629,19.87,101,0,100,3105,0
ubt,bintrie,5,4,storage_mixed_k100,19,,1524,21000,1,0.0803,17.8397,23.1577,0.6597,41.9217,0.5009,6,0,0,0,2,0,0,0,0,0,2,4,33.33,0,0,0,0,0,0,0,0
ubt,bintrie,5,4,storage_mixed_k100,1,,1396,0,0,0.0397,2.9724,0.0017,0.2105,3.3959,0,4,0,0,0,0,0,0,0,0,0,0,4,0,0,0,0,0,0,0,0,0
ubt,bintrie,5,4,storage_mixed_k100,1,,1397,0,0,0.1292,7.3167,0.0026,0.1194,9.2659,0,4,0,0,0,0,0,0,0,0,0,0,4,0,0,0,0,0,0,0,0,0
ubt,bintrie,5,4,storage_mixed_k100,1,,1398,91710,2,0.2244,19.1024,6.5629,4.9406,30.9767,2.9606,11,0,0,0,3,0,0,0,1,305,5,6,45.45,0,0,0,0,0,0,0,0
ubt,bintrie,5,4,storage_mixed_k100,1,,1399,5920742,1,48.7534,19.7032,9.5999,1.4876,80.9591,73.1325,107,785,101,3105,11,0,77,0,0,0,25,82,23.36,171,614,21.78,101,0,100,3105,0
ubt,bintrie,5,4,storage_mixed_k100,1,,1400,21000,1,0.0603,2.8933,2.4873,0.5692,6.1978,3.3883,6,0,0,0,2,0,0,0,0,0,2,4,33.33,0,0,0,0,0,0,0,0
ubt,bintrie,5,4,storage_mixed_k100,20,,1526,0,0,0.0281,3.1401,0.0013,0.1874,3.5055,0,4,0,0,0,0,0,0,0,0,0,0,4,0,0,0,0,0,0,0,0,0
ubt,bintrie,5,4,storage_mixed_k100,20,,1527,0,0,0.0268,2.693,0.0018,0.1386,3.078,0,4,0,0,0,0,0,0,0,0,0,0,4,0,0,0,0,0,0,0,0,0
ubt,bintrie,5,4,storage_mixed_k100,20,,1528,0,0,0.0252,4.4701,0.0023,0.1182,4.7473,0,4,0,0,0,0,0,0,0,0,0,0,4,0,0,0,0,0,0,0,0,0
ubt,bintrie,5,4,storage_mixed_k100,20,,1529,91710,2,0.137,3.5172,15.4186,4.8602,24.0828,3.8081,11,0,0,0,3,0,0,0,1,305,5,6,45.45,0,0,0,0,0,0,0,0
ubt,bintrie,5,4,storage_mixed_k100,20,,1530,5920742,1,52.9885,14.769,5.4113,1.6351,75.0257,78.9162,107,785,101,3105,11,0,77,0,0,0,51,56,47.66,148,637,18.85,101,0,100,3105,0
ubt,bintrie,5,4,storage_mixed_k100,20,,1531,21000,1,0.066,22.3611,2.3972,0.5687,25.587,0.8207,6,0,0,0,2,0,0,0,0,0,2,4,33.33,0,0,0,0,0,0,0,0
ubt,bintrie,5,4,storage_mixed_k100,20,,1532,0,0,0.0399,2.8788,0.0019,0.2681,3.5048,0,4,0,0,0,0,0,0,0,0,0,0,4,0,0,0,0,0,0,0,0,0
ubt,bintrie,5,4,storage_mixed_k100,2,,1401,0,0,0.0379,2.9448,0.0018,0.1424,3.3094,0,4,0,0,0,0,0,0,0,0,0,0,4,0,0,0,0,0,0,0,0,0
ubt,bintrie,5,4,storage_mixed_k100,2,,1402,0,0,0.0419,3.3576,0.0019,0.1674,3.7775,0,4,0,0,0,0,0,0,0,0,0,0,4,0,0,0,0,0,0,0,0,0
ubt,bintrie,5,4,storage_mixed_k100,2,,1403,0,0,0.0324,3.3696,0.0016,0.227,3.7706,0,4,0,0,0,0,0,0,0,0,0,0,4,0,0,0,0,0,0,0,0,0
ubt,bintrie,5,4,storage_mixed_k100,2,,1404,91710,2,0.1406,19.245,2.6957,5.4172,27.6667,3.3148,11,0,0,0,3,0,0,0,1,305,6,5,54.55,0,0,0,0,0,0,0,0
ubt,bintrie,5,4,storage_mixed_k100,2,,1405,5920742,1,49.1426,21.728,6.3447,1.6145,79.1122,74.8398,107,785,101,3105,11,0,77,0,0,0,21,86,19.63,196,589,24.97,101,0,100,3105,0
ubt,bintrie,5,4,storage_mixed_k100,2,,1406,21000,1,0.061,2.9909,2.4601,0.5835,6.2821,3.3428,6,0,0,0,2,0,0,0,0,0,2,4,33.33,0,0,0,0,0,0,0,0
ubt,bintrie,5,4,storage_mixed_k100,2,,1407,0,0,0.1286,7.8374,0.0029,0.1736,11.4275,0,4,0,0,0,0,0,0,0,0,0,0,4,0,0,0,0,0,0,0,0,0
ubt,bintrie,5,4,storage_mixed_k100,3,,1408,0,0,0.0379,2.8567,0.0015,0.1765,3.2351,0,4,0,0,0,0,0,0,0,0,0,0,4,0,0,0,0,0,0,0,0,0
ubt,bintrie,5,4,storage_mixed_k100,3,,1409,0,0,0.0364,6.9532,0.0014,0.0904,7.311,0,4,0,0,0,0,0,0,0,0,0,0,4,0,0,0,0,0,0,0,0,0
ubt,bintrie,5,4,storage_mixed_k100,3,,1410,0,0,0.0334,15.8882,0.0023,0.1612,16.269,0,4,0,0,0,0,0,0,0,0,0,0,4,0,0,0,0,0,0,0,0,0
ubt,bintrie,5,4,storage_mixed_k100,3,,1411,91710,2,0.1098,13.8202,16.8616,5.3643,39.0718,2.3472,11,0,0,0,3,0,0,0,1,305,6,5,54.55,0,0,0,0,0,0,0,0
ubt,bintrie,5,4,storage_mixed_k100,3,,1412,5920742,1,47.937,10.3929,5.1175,1.5056,65.083,90.9722,107,785,101,3105,11,0,77,0,0,0,36,71,33.64,199,586,25.35,101,0,100,3105,0
ubt,bintrie,5,4,storage_mixed_k100,3,,1413,21000,1,0.073,11.6302,2.4662,0.6114,14.9742,1.4024,6,0,0,0,2,0,0,0,0,0,2,4,33.33,0,0,0,0,0,0,0,0
ubt,bintrie,5,4,storage_mixed_k100,3,,1414,0,0,0.0202,2.6433,0.0017,0.1014,2.9248,0,4,0,0,0,0,0,0,0,0,0,0,4,0,0,0,0,0,0,0,0,0
ubt,bintrie,5,4,storage_mixed_k100,4,,1415,0,0,0.0601,6.7947,0.0019,0.2109,7.3066,0,4,0,0,0,0,0,0,0,0,0,0,4,0,0,0,0,0,0,0,0,0
ubt,bintrie,5,4,storage_mixed_k100,4,,1416,0,0,0.0235,2.7777,0.0015,0.1391,3.1217,0,4,0,0,0,0,0,0,0,0,0,0,4,0,0,0,0,0,0,0,0,0
ubt,bintrie,5,4,storage_mixed_k100,4,,1417,0,0,0.024,2.7988,0.0018,0.1029,3.1062,0,4,0,0,0,0,0,0,0,0,0,0,4,0,0,0,0,0,0,0,0,0
ubt,bintrie,5,4,storage_mixed_k100,4,,1418,91710,2,0.1133,3.2641,14.3472,4.3314,22.1945,4.1321,11,0,0,0,3,0,0,0,1,305,5,6,45.45,0,0,0,0,0,0,0,0
ubt,bintrie,5,4,storage_mixed_k100,4,,1419,5920742,1,50.4101,9.624,5.2515,1.7718,67.2598,88.0279,107,785,101,3105,11,0,77,0,0,0,49,58,45.79,235,550,29.94,101,0,100,3105,0
ubt,bintrie,5,4,storage_mixed_k100,4,,1420,21000,1,0.0576,3.1029,4.2967,4.9474,12.58,1.6693,6,0,0,0,2,0,0,0,0,0,2,4,33.33,0,0,0,0,0,0,0,0
ubt,bintrie,5,4,storage_mixed_k100,4,,1421,0,0,0.0384,3.476,0.0022,0.2088,4.1004,0,4,0,0,0,0,0,0,0,0,0,0,4,0,0,0,0,0,0,0,0,0
ubt,bintrie,5,4,storage_mixed_k100,5,,1422,0,0,0.0558,4.6165,0.0017,0.1951,5.0947,0,4,0,0,0,0,0,0,0,0,0,0,4,0,0,0,0,0,0,0,0,0
ubt,bintrie,5,4,storage_mixed_k100,5,,1423,0,0,0.034,3.2941,0.0016,0.1096,3.6452,0,4,0,0,0,0,0,0,0,0,0,0,4,0,0,0,0,0,0,0,0,0
ubt,bintrie,5,4,storage_mixed_k100,5,,1424,0,0,0.0214,2.9285,0.0016,0.2361,3.4851,0,4,0,0,0,0,0,0,0,0,0,0,4,0,0,0,0,0,0,0,0,0
ubt,bintrie,5,4,storage_mixed_k100,5,,1425,91710,2,0.139,15.8479,18.1361,4.4637,38.9039,2.3573,11,0,0,0,3,0,0,0,1,305,5,6,45.45,0,0,0,0,0,0,0,0
ubt,bintrie,5,4,storage_mixed_k100,5,,1426,5920742,1,65.4722,8.865,6.3508,1.6047,82.5254,71.7445,107,785,101,3105,11,0,77,0,0,0,74,33,69.16,531,254,67.64,101,0,100,3105,0
ubt,bintrie,5,4,storage_mixed_k100,5,,1427,21000,1,0.0791,10.0095,4.535,0.5262,15.3199,1.3708,6,0,0,0,2,0,0,0,0,0,2,4,33.33,0,0,0,0,0,0,0,0
ubt,bintrie,5,4,storage_mixed_k100,5,,1428,0,0,0.0312,13.6858,0.0025,0.1362,14.094,0,4,0,0,0,0,0,0,0,0,0,0,4,0,0,0,0,0,0,0,0,0
ubt,bintrie,5,4,storage_mixed_k100,6,,1429,0,0,0.0373,5.2717,0.0018,0.1255,5.6078,0,4,0,0,0,0,0,0,0,0,0,0,4,0,0,0,0,0,0,0,0,0
ubt,bintrie,5,4,storage_mixed_k100,6,,1430,0,0,0.0302,2.8259,0.0014,0.127,3.1312,0,4,0,0,0,0,0,0,0,0,0,0,4,0,0,0,0,0,0,0,0,0
ubt,bintrie,5,4,storage_mixed_k100,6,,1431,0,0,0.0215,2.9245,0.0016,0.1281,3.2306,0,4,0,0,0,0,0,0,0,0,0,0,4,0,0,0,0,0,0,0,0,0
ubt,bintrie,5,4,storage_mixed_k100,6,,1432,91710,2,0.1693,10.8988,3.0842,4.7288,29.4199,3.1173,11,0,0,0,3,0,0,0,1,305,5,6,45.45,0,0,0,0,0,0,0,0
ubt,bintrie,5,4,storage_mixed_k100,6,,1433,5920742,1,52.4341,22.4352,5.9974,1.5731,82.6679,71.6208,107,785,101,3105,11,0,77,0,0,0,13,94,12.15,325,460,41.4,101,0,100,3105,0
ubt,bintrie,5,4,storage_mixed_k100,6,,1434,21000,1,0.0611,14.3037,13.8295,0.6973,29.0398,0.7231,6,0,0,0,2,0,0,0,0,0,2,4,33.33,0,0,0,0,0,0,0,0
ubt,bintrie,5,4,storage_mixed_k100,6,,1435,0,0,0.0274,3.0755,0.0018,0.1466,3.4369,0,4,0,0,0,0,0,0,0,0,0,0,4,0,0,0,0,0,0,0,0,0
ubt,bintrie,5,4,storage_mixed_k100,7,,1436,0,0,0.4419,6.5835,0.0019,0.5112,9.4768,0,4,0,0,0,0,0,0,0,0,0,0,4,0,0,0,0,0,0,0,0,0
ubt,bintrie,5,4,storage_mixed_k100,7,,1437,0,0,0.0247,2.7402,0.0015,0.0856,3.0049,0,4,0,0,0,0,0,0,0,0,0,0,4,0,0,0,0,0,0,0,0,0
ubt,bintrie,5,4,storage_mixed_k100,7,,1438,0,0,0.0542,3.9606,0.0029,0.2266,4.5372,0,4,0,0,0,0,0,0,0,0,0,0,4,0,0,0,0,0,0,0,0,0
ubt,bintrie,5,4,storage_mixed_k100,7,,1439,91710,2,0.1517,13.5302,16.5101,4.7011,35.1792,2.6069,11,0,0,0,3,0,0,0,1,305,5,6,45.45,0,0,0,0,0,0,0,0
ubt,bintrie,5,4,storage_mixed_k100,7,,1440,5920742,1,50.1341,8.7145,5.3337,1.5671,65.94,89.7898,107,785,101,3105,11,0,77,0,0,0,42,65,39.25,183,602,23.31,101,0,100,3105,0
ubt,bintrie,5,4,storage_mixed_k100,7,,1441,21000,1,0.0692,3.1058,2.4022,0.5821,6.2998,3.3334,6,0,0,0,2,0,0,0,0,0,2,4,33.33,0,0,0,0,0,0,0,0
ubt,bintrie,5,4,storage_mixed_k100,7,,1442,0,0,0.0307,8.6487,0.0019,0.2685,9.3961,0,4,0,0,0,0,0,0,0,0,0,0,4,0,0,0,0,0,0,0,0,0
ubt,bintrie,5,4,storage_mixed_k100,8,,1443,0,0,0.0368,4.7665,0.0142,0.1583,5.1956,0,4,0,0,0,0,0,0,0,0,0,0,4,0,0,0,0,0,0,0,0,0
ubt,bintrie,5,4,storage_mixed_k100,8,,1444,0,0,0.0303,3.3585,0.0017,0.1417,3.7189,0,4,0,0,0,0,0,0,0,0,0,0,4,0,0,0,0,0,0,0,0,0
ubt,bintrie,5,4,storage_mixed_k100,8,,1445,0,0,0.0256,2.9819,0.0015,0.0872,3.2286,0,4,0,0,0,0,0,0,0,0,0,0,4,0,0,0,0,0,0,0,0,0
ubt,bintrie,5,4,storage_mixed_k100,8,,1446,91710,2,0.0766,3.0393,14.8965,5.0932,23.2528,3.944,11,0,0,0,3,0,0,0,1,305,7,4,63.64,0,0,0,0,0,0,0,0
ubt,bintrie,5,4,storage_mixed_k100,8,,1447,5920742,1,77.151,14.3327,5.9422,1.9381,100.1283,59.1316,107,785,101,3105,11,0,77,0,0,0,19,88,17.76,137,648,17.45,101,0,100,3105,0
ubt,bintrie,5,4,storage_mixed_k100,8,,1448,21000,1,0.068,3.453,11.272,0.6306,15.6198,1.3444,6,0,0,0,2,0,0,0,0,0,2,4,33.33,0,0,0,0,0,0,0,0
ubt,bintrie,5,4,storage_mixed_k100,8,,1449,0,0,0.0222,2.6849,0.0015,0.1307,3.0343,0,4,0,0,0,0,0,0,0,0,0,0,4,0,0,0,0,0,0,0,0,0
ubt,bintrie,5,4,storage_mixed_k100,9,,1450,0,0,0.0538,3.2434,0.0018,0.2679,3.85,0,4,0,0,0,0,0,0,0,0,0,0,4,0,0,0,0,0,0,0,0,0
ubt,bintrie,5,4,storage_mixed_k100,9,,1451,0,0,0.0215,2.7476,0.0069,0.102,3.0175,0,4,0,0,0,0,0,0,0,0,0,0,4,0,0,0,0,0,0,0,0,0
ubt,bintrie,5,4,storage_mixed_k100,9,,1452,0,0,0.0281,13.7033,0.0019,0.0956,13.9562,0,4,0,0,0,0,0,0,0,0,0,0,4,0,0,0,0,0,0,0,0,0
ubt,bintrie,5,4,storage_mixed_k100,9,,1453,91710,2,0.1007,21.2894,2.762,6.7276,31.0514,2.9535,11,0,0,0,3,0,0,0,1,305,6,5,54.55,0,0,0,0,0,0,0,0
ubt,bintrie,5,4,storage_mixed_k100,9,,1454,5920742,1,57.5119,8.127,5.1509,1.5878,72.5147,81.6489,107,785,101,3105,11,0,77,0,0,0,31,76,28.97,127,658,16.18,101,0,100,3105,0
ubt,bintrie,5,4,storage_mixed_k100,9,,1455,21000,1,0.0598,16.0406,22.5875,0.6005,39.4541,0.5323,6,0,0,0,2,0,0,0,0,0,2,4,33.33,0,0,0,0,0,0,0,0
ubt,bintrie,5,4,storage_mixed_k100,9,,1456,0,0,0.0291,14.1562,0.002,0.098,14.4918,0,4,0,0,0,0,0,0,0,0,0,0,4,0,0,0,0,0,0,0,0,0
ubt,bintrie,5,4,storage_mixed_k256,10,,1586,0,0,0.0485,3.3919,0.0052,0.1907,3.8321,0,4,0,0,0,0,0,0,0,0,0,0,4,0,0,0,0,0,0,0,0,0
ubt,bintrie,5,4,storage_mixed_k256,10,,1587,0,0,0.0354,10.8934,0.0024,0.1531,11.2745,0,4,0,0,0,0,0,0,0,0,0,0,4,0,0,0,0,0,0,0,0,0
ubt,bintrie,5,4,storage_mixed_k256,10,,1588,0,0,0.0212,7.1625,0.0017,0.0958,7.4223,0,4,0,0,0,0,0,0,0,0,0,0,4,0,0,0,0,0,0,0,0,0
ubt,bintrie,5,4,storage_mixed_k256,10,,1589,91698,2,0.1491,15.724,13.4697,4.6686,34.1915,2.6819,11,0,0,0,3,0,0,0,1,305,5,6,45.45,0,0,0,0,0,0,0,0
ubt,bintrie,5,4,storage_mixed_k256,10,,1590,5919240,1,34.6537,28.6005,13.8143,4.1802,81.5592,72.576,263,814,257,7473,47,0,72,0,0,0,44,219,16.73,252,562,30.96,257,0,100,7473,0
ubt,bintrie,5,4,storage_mixed_k256,10,,1591,21000,1,0.0632,3.1186,2.4271,0.5832,6.3707,3.2964,6,0,0,0,2,0,0,0,0,0,2,4,33.33,0,0,0,0,0,0,0,0
ubt,bintrie,5,4,storage_mixed_k256,11,,1592,0,0,0.0462,3.174,0.0014,0.1586,3.5768,0,4,0,0,0,0,0,0,0,0,0,0,4,0,0,0,0,0,0,0,0,0
ubt,bintrie,5,4,storage_mixed_k256,11,,1593,0,0,0.0321,2.8716,0.0015,0.1052,3.1898,0,4,0,0,0,0,0,0,0,0,0,0,4,0,0,0,0,0,0,0,0,0
ubt,bintrie,5,4,storage_mixed_k256,11,,1594,91698,2,0.1324,16.2573,17.0793,5.3701,39.0502,2.3482,11,0,0,0,3,0,0,0,1,305,5,6,45.45,0,0,0,0,0,0,0,0
ubt,bintrie,5,4,storage_mixed_k256,11,,1595,5919240,1,34.8402,14.4962,13.7561,3.2705,66.5972,88.8813,263,814,257,7473,47,0,72,0,0,0,71,192,27.0,355,459,43.61,257,0,100,7473,0
ubt,bintrie,5,4,storage_mixed_k256,11,,1596,21000,1,0.0825,3.204,2.445,0.5427,15.6043,1.3458,6,0,0,0,2,0,0,0,0,0,0,6,0,0,0,0,0,0,0,0,0
ubt,bintrie,5,4,storage_mixed_k256,12,,1597,0,0,0.0371,2.8811,0.0012,0.1395,3.2098,0,4,0,0,0,0,0,0,0,0,0,0,4,0,0,0,0,0,0,0,0,0
ubt,bintrie,5,4,storage_mixed_k256,12,,1598,0,0,0.0329,5.7857,0.0016,0.6572,6.6167,0,4,0,0,0,0,0,0,0,0,0,0,4,0,0,0,0,0,0,0,0,0
ubt,bintrie,5,4,storage_mixed_k256,12,,1599,0,0,0.0295,3.4591,0.0015,0.1541,3.8293,0,4,0,0,0,0,0,0,0,0,0,0,4,0,0,0,0,0,0,0,0,0
ubt,bintrie,5,4,storage_mixed_k256,12,,1600,91698,2,2.7955,5.97,5.0149,4.3554,18.3323,5.002,11,0,0,0,3,0,0,0,1,305,5,6,45.45,0,0,0,0,0,0,0,0
ubt,bintrie,5,4,storage_mixed_k256,12,,1601,5919240,1,40.4081,17.9833,14.7006,3.9023,77.1534,76.7204,263,814,257,7473,47,0,72,0,0,0,44,219,16.73,230,584,28.26,257,0,100,7473,0
ubt,bintrie,5,4,storage_mixed_k256,12,,1602,21000,1,0.139,4.0942,14.0687,0.5797,19.0453,1.1026,6,0,0,0,2,0,0,0,0,0,2,4,33.33,0,0,0,0,0,0,0,0
ubt,bintrie,5,4,storage_mixed_k256,13,,1603,0,0,0.0291,2.8354,0.0017,0.1906,3.205,0,4,0,0,0,0,0,0,0,0,0,0,4,0,0,0,0,0,0,0,0,0
ubt,bintrie,5,4,storage_mixed_k256,13,,1604,0,0,0.0324,3.609,0.0021,0.2128,4.0499,0,4,0,0,0,0,0,0,0,0,0,0,4,0,0,0,0,0,0,0,0,0
ubt,bintrie,5,4,storage_mixed_k256,13,,1605,0,0,0.0285,15.0706,0.0019,0.1076,15.3702,0,4,0,0,0,0,0,0,0,0,0,0,4,0,0,0,0,0,0,0,0,0
ubt,bintrie,5,4,storage_mixed_k256,13,,1606,91698,2,0.1271,4.2273,7.8543,6.0662,18.4292,4.9757,11,0,0,0,3,0,0,0,1,305,7,4,63.64,0,0,0,0,0,0,0,0
ubt,bintrie,5,4,storage_mixed_k256,13,,1607,5919240,1,41.3241,17.1959,14.1404,3.4777,76.3238,77.5543,263,814,257,7473,47,0,72,0,0,0,61,202,23.19,243,571,29.85,257,0,100,7473,0
ubt,bintrie,5,4,storage_mixed_k256,13,,1608,21000,1,0.0956,13.4511,2.5103,0.5792,16.8431,1.2468,6,0,0,0,2,0,0,0,0,0,2,4,33.33,0,0,0,0,0,0,0,0
ubt,bintrie,5,4,storage_mixed_k256,14,,1609,0,0,0.0981,9.5574,0.0019,0.2763,11.047,0,4,0,0,0,0,0,0,0,0,0,0,4,0,0,0,0,0,0,0,0,0
ubt,bintrie,5,4,storage_mixed_k256,14,,1610,0,0,0.0278,4.5497,0.0021,0.123,4.8772,0,4,0,0,0,0,0,0,0,0,0,0,4,0,0,0,0,0,0,0,0,0
ubt,bintrie,5,4,storage_mixed_k256,14,,1611,91698,2,0.1232,15.2226,15.476,5.1945,36.2045,2.5328,11,0,0,0,3,0,0,0,1,305,6,5,54.55,0,0,0,0,0,0,0,0
ubt,bintrie,5,4,storage_mixed_k256,14,,1612,5919240,1,42.8487,7.8769,12.7442,3.2758,66.994,88.3547,263,814,257,7473,47,0,72,0,0,0,52,211,19.77,368,446,45.21,257,0,100,7473,0
ubt,bintrie,5,4,storage_mixed_k256,14,,1613,21000,1,0.0595,2.9637,2.6443,0.5926,6.4176,3.2723,6,0,0,0,2,0,0,0,0,0,0,6,0,0,0,0,0,0,0,0,0
ubt,bintrie,5,4,storage_mixed_k256,15,,1614,0,0,0.0546,5.7076,0.0017,0.1458,6.5243,0,4,0,0,0,0,0,0,0,0,0,0,4,0,0,0,0,0,0,0,0,0
ubt,bintrie,5,4,storage_mixed_k256,15,,1615,0,0,0.0529,3.1242,0.002,0.118,3.5228,0,4,0,0,0,0,0,0,0,0,0,0,4,0,0,0,0,0,0,0,0,0
ubt,bintrie,5,4,storage_mixed_k256,15,,1616,0,0,0.0875,19.9217,0.003,0.1579,20.3343,0,4,0,0,0,0,0,0,0,0,0,0,4,0,0,0,0,0,0,0,0,0
ubt,bintrie,5,4,storage_mixed_k256,15,,1617,91698,2,0.1268,3.427,20.0316,4.7388,31.2352,2.9357,11,0,0,0,3,0,0,0,1,305,5,6,45.45,0,0,0,0,0,0,0,0
ubt,bintrie,5,4,storage_mixed_k256,15,,1618,5919240,1,38.3132,15.9755,14.0908,3.4244,72.0699,82.132,263,814,257,7473,47,0,72,0,0,0,80,183,30.42,124,690,15.23,257,0,100,7473,0
ubt,bintrie,5,4,storage_mixed_k256,15,,1619,21000,1,0.0608,3.9379,13.4426,0.6204,18.2659,1.1497,6,0,0,0,2,0,0,0,0,0,2,4,33.33,0,0,0,0,0,0,0,0
ubt,bintrie,5,4,storage_mixed_k256,16,,1620,0,0,0.039,3.3631,0.0016,0.162,3.7728,0,4,0,0,0,0,0,0,0,0,0,0,4,0,0,0,0,0,0,0,0,0
ubt,bintrie,5,4,storage_mixed_k256,16,,1621,0,0,0.0332,8.1158,0.0018,0.0923,8.4132,0,4,0,0,0,0,0,0,0,0,0,0,4,0,0,0,0,0,0,0,0,0
ubt,bintrie,5,4,storage_mixed_k256,16,,1622,91698,2,0.1675,16.5987,6.716,4.9196,28.5552,3.2113,11,0,0,0,3,0,0,0,1,305,5,6,45.45,0,0,0,0,0,0,0,0
ubt,bintrie,5,4,storage_mixed_k256,16,,1623,5919240,1,38.7186,23.1339,12.8907,3.4868,78.5403,75.3657,263,814,257,7473,47,0,72,0,0,0,106,157,40.3,175,639,21.5,257,0,100,7473,0
ubt,bintrie,5,4,storage_mixed_k256,16,,1624,21000,1,0.0822,23.8677,2.8387,0.7562,27.7791,0.756,6,0,0,0,2,0,0,0,0,0,2,4,33.33,0,0,0,0,0,0,0,0
ubt,bintrie,5,4,storage_mixed_k256,17,,1625,0,0,0.0531,3.6114,0.0025,0.2691,4.1384,0,4,0,0,0,0,0,0,0,0,0,0,4,0,0,0,0,0,0,0,0,0
ubt,bintrie,5,4,storage_mixed_k256,17,,1626,0,0,0.0427,21.3082,0.002,0.1355,21.6965,0,4,0,0,0,0,0,0,0,0,0,0,4,0,0,0,0,0,0,0,0,0
ubt,bintrie,5,4,storage_mixed_k256,17,,1627,0,0,0.0261,2.845,0.002,0.1802,3.2009,0,4,0,0,0,0,0,0,0,0,0,0,4,0,0,0,0,0,0,0,0,0
ubt,bintrie,5,4,storage_mixed_k256,17,,1628,91698,2,0.1029,22.4505,2.7512,4.577,30.0315,3.0534,11,0,0,0,3,0,0,0,1,305,7,4,63.64,0,0,0,0,0,0,0,0
ubt,bintrie,5,4,storage_mixed_k256,17,,1629,5919240,1,34.8347,27.7831,12.7891,3.6751,79.2685,74.6733,263,814,257,7473,47,0,72,0,0,0,79,184,30.04,274,540,33.66,257,0,100,7473,0
ubt,bintrie,5,4,storage_mixed_k256,17,,1630,21000,1,0.0575,14.1377,13.9741,0.5851,28.9289,0.7259,6,0,0,0,2,0,0,0,0,0,2,4,33.33,0,0,0,0,0,0,0,0
ubt,bintrie,5,4,storage_mixed_k256,18,,1631,0,0,0.0475,3.4203,0.0027,0.1958,3.9563,0,4,0,0,0,0,0,0,0,0,0,0,4,0,0,0,0,0,0,0,0,0
ubt,bintrie,5,4,storage_mixed_k256,18,,1632,0,0,0.0336,8.4346,0.0021,0.0915,8.7138,0,4,0,0,0,0,0,0,0,0,0,0,4,0,0,0,0,0,0,0,0,0
ubt,bintrie,5,4,storage_mixed_k256,18,,1633,91698,2,0.1481,3.2816,16.3234,5.7606,25.6629,3.5732,11,0,0,0,3,0,0,0,1,305,5,6,45.45,0,0,0,0,0,0,0,0
ubt,bintrie,5,4,storage_mixed_k256,18,,1634,5919240,1,33.6975,17.303,14.0012,5.3671,70.673,83.7554,263,814,257,7473,47,0,72,0,0,0,114,149,43.35,198,616,24.32,257,0,100,7473,0
ubt,bintrie,5,4,storage_mixed_k256,18,,1635,21000,1,0.0855,3.0055,3.2669,0.6183,7.1484,2.9377,6,0,0,0,2,0,0,0,0,0,2,4,33.33,0,0,0,0,0,0,0,0
ubt,bintrie,5,4,storage_mixed_k256,19,,1636,0,0,0.0339,2.7403,0.0015,0.1611,3.1513,0,4,0,0,0,0,0,0,0,0,0,0,4,0,0,0,0,0,0,0,0,0
ubt,bintrie,5,4,storage_mixed_k256,19,,1637,0,0,0.025,2.9736,0.0013,0.0929,3.2229,0,4,0,0,0,0,0,0,0,0,0,0,4,0,0,0,0,0,0,0,0,0
ubt,bintrie,5,4,storage_mixed_k256,19,,1638,0,0,0.025,2.6877,0.0015,0.087,2.9285,0,4,0,0,0,0,0,0,0,0,0,0,4,0,0,0,0,0,0,0,0,0
ubt,bintrie,5,4,storage_mixed_k256,19,,1639,91698,2,0.0819,3.287,4.1374,5.6622,13.3517,6.8679,11,0,0,0,3,0,0,0,1,305,6,5,54.55,0,0,0,0,0,0,0,0
ubt,bintrie,5,4,storage_mixed_k256,19,,1640,5919240,1,36.6848,16.5044,12.7368,3.2155,69.2748,85.4458,263,814,257,7473,47,0,72,0,0,0,71,192,27.0,186,628,22.85,257,0,100,7473,0
ubt,bintrie,5,4,storage_mixed_k256,19,,1641,21000,1,0.0557,8.6048,5.4877,0.7466,15.0567,1.3947,6,0,0,0,2,0,0,0,0,0,2,4,33.33,0,0,0,0,0,0,0,0
ubt,bintrie,5,4,storage_mixed_k256,1,,1533,0,0,0.0573,6.5311,0.0022,0.2151,6.9966,0,4,0,0,0,0,0,0,0,0,0,0,4,0,0,0,0,0,0,0,0,0
ubt,bintrie,5,4,storage_mixed_k256,1,,1534,0,0,0.0349,3.619,0.0018,0.1001,3.9307,0,4,0,0,0,0,0,0,0,0,0,0,4,0,0,0,0,0,0,0,0,0
ubt,bintrie,5,4,storage_mixed_k256,1,,1535,0,0,0.0325,4.6174,0.0024,0.2272,5.0417,0,4,0,0,0,0,0,0,0,0,0,0,4,0,0,0,0,0,0,0,0,0
ubt,bintrie,5,4,storage_mixed_k256,1,,1536,91698,2,0.1019,15.3344,19.1609,4.6508,39.4804,2.3226,11,0,0,0,3,0,0,0,1,305,5,6,45.45,0,0,0,0,0,0,0,0
ubt,bintrie,5,4,storage_mixed_k256,1,,1537,5919240,1,41.3624,17.1726,16.4982,3.7277,78.9606,74.9645,263,814,257,7473,47,0,72,0,0,0,118,145,44.87,231,583,28.38,257,0,100,7473,0
ubt,bintrie,5,4,storage_mixed_k256,1,,1538,21000,1,0.0637,2.9763,13.2661,0.5719,17.0246,1.2335,6,0,0,0,2,0,0,0,0,0,2,4,33.33,0,0,0,0,0,0,0,0
ubt,bintrie,5,4,storage_mixed_k256,20,,1642,0,0,0.0438,2.6871,0.0012,0.1265,3.0813,0,4,0,0,0,0,0,0,0,0,0,0,4,0,0,0,0,0,0,0,0,0
ubt,bintrie,5,4,storage_mixed_k256,20,,1643,0,0,0.0341,2.94,0.0013,0.1198,3.3175,0,4,0,0,0,0,0,0,0,0,0,0,4,0,0,0,0,0,0,0,0,0
ubt,bintrie,5,4,storage_mixed_k256,20,,1644,91698,2,0.1437,21.8698,2.6764,4.7375,29.5907,3.0989,11,0,0,0,3,0,0,0,1,305,5,6,45.45,0,0,0,0,0,0,0,0
ubt,bintrie,5,4,storage_mixed_k256,20,,1645,5919240,1,37.239,19.9269,14.0752,3.3825,74.846,79.0856,263,814,257,7473,47,0,72,0,0,0,32,231,12.17,397,417,48.77,257,0,100,7473,0
ubt,bintrie,5,4,storage_mixed_k256,20,,1646,21000,1,0.0592,14.9515,13.1073,0.5662,28.8476,0.728,6,0,0,0,2,0,0,0,0,0,2,4,33.33,0,0,0,0,0,0,0,0
ubt,bintrie,5,4,storage_mixed_k256,2,,1539,0,0,0.031,3.2464,0.0015,0.1466,3.6144,0,4,0,0,0,0,0,0,0,0,0,0,4,0,0,0,0,0,0,0,0,0
ubt,bintrie,5,4,storage_mixed_k256,2,,1540,0,0,0.023,2.6798,0.0013,0.0878,2.9424,0,4,0,0,0,0,0,0,0,0,0,0,4,0,0,0,0,0,0,0,0,0
ubt,bintrie,5,4,storage_mixed_k256,2,,1541,0,0,0.0245,2.9275,0.0015,0.1071,3.2344,0,4,0,0,0,0,0,0,0,0,0,0,4,0,0,0,0,0,0,0,0,0
ubt,bintrie,5,4,storage_mixed_k256,2,,1542,91698,2,0.1768,27.776,14.7115,4.0216,46.8705,1.9564,11,0,0,0,3,0,0,0,1,305,6,5,54.55,0,0,0,0,0,0,0,0
ubt,bintrie,5,4,storage_mixed_k256,2,,1543,5919240,1,48.6135,18.0726,13.6609,3.7015,84.2989,70.2173,263,814,257,7473,47,0,72,0,0,0,92,171,34.98,226,588,27.76,257,0,100,7473,0
ubt,bintrie,5,4,storage_mixed_k256,2,,1544,21000,1,0.0754,3.0733,2.7525,0.6845,6.7225,3.1238,6,0,0,0,2,0,0,0,0,0,2,4,33.33,0,0,0,0,0,0,0,0
ubt,bintrie,5,4,storage_mixed_k256,3,,1545,0,0,0.0735,4.272,0.0016,0.154,4.7686,0,4,0,0,0,0,0,0,0,0,0,0,4,0,0,0,0,0,0,0,0,0
ubt,bintrie,5,4,storage_mixed_k256,3,,1546,0,0,0.0351,3.4631,0.0021,0.2051,3.9041,0,4,0,0,0,0,0,0,0,0,0,0,4,0,0,0,0,0,0,0,0,0
ubt,bintrie,5,4,storage_mixed_k256,3,,1547,0,0,0.0509,2.9954,0.0021,0.12,3.3281,0,4,0,0,0,0,0,0,0,0,0,0,4,0,0,0,0,0,0,0,0,0
ubt,bintrie,5,4,storage_mixed_k256,3,,1548,91698,2,0.1233,14.4788,13.18,4.4088,32.3598,2.8337,11,0,0,0,3,0,0,0,1,305,5,6,45.45,0,0,0,0,0,0,0,0
ubt,bintrie,5,4,storage_mixed_k256,3,,1549,5919240,1,33.5614,15.5069,14.1436,5.126,68.6361,86.241,263,814,257,7473,47,0,72,0,0,0,80,183,30.42,240,574,29.48,257,0,100,7473,0
ubt,bintrie,5,4,storage_mixed_k256,3,,1550,21000,1,0.0694,12.1068,2.83,0.6542,15.8391,1.3258,6,0,0,0,2,0,0,0,0,0,2,4,33.33,0,0,0,0,0,0,0,0
ubt,bintrie,5,4,storage_mixed_k256,4,,1551,0,0,0.0312,3.3286,0.0019,0.22,3.8319,0,4,0,0,0,0,0,0,0,0,0,0,4,0,0,0,0,0,0,0,0,0
ubt,bintrie,5,4,storage_mixed_k256,4,,1552,0,0,0.0271,2.8974,0.0019,0.0968,3.1696,0,4,0,0,0,0,0,0,0,0,0,0,4,0,0,0,0,0,0,0,0,0
ubt,bintrie,5,4,storage_mixed_k256,4,,1553,0,0,0.0276,14.619,0.0017,0.1098,14.917,0,4,0,0,0,0,0,0,0,0,0,0,4,0,0,0,0,0,0,0,0,0
ubt,bintrie,5,4,storage_mixed_k256,4,,1554,91698,2,0.0945,14.6332,15.8795,5.338,36.1218,2.5386,11,0,0,0,3,0,0,0,1,305,6,5,54.55,0,0,0,0,0,0,0,0
ubt,bintrie,5,4,storage_mixed_k256,4,,1555,5919240,1,33.1066,15.1631,12.421,3.8999,64.7894,91.3613,263,814,257,7473,47,0,72,0,0,0,215,48,81.75,379,435,46.56,257,0,100,7473,0
ubt,bintrie,5,4,storage_mixed_k256,4,,1556,21000,1,0.138,4.171,17.5093,0.6149,22.6815,0.9259,6,0,0,0,2,0,0,0,0,0,2,4,33.33,0,0,0,0,0,0,0,0
ubt,bintrie,5,4,storage_mixed_k256,5,,1557,0,0,0.0392,3.0891,0.002,0.169,3.4759,0,4,0,0,0,0,0,0,0,0,0,0,4,0,0,0,0,0,0,0,0,0
ubt,bintrie,5,4,storage_mixed_k256,5,,1558,0,0,0.0302,3.3406,0.0017,0.2133,3.7452,0,4,0,0,0,0,0,0,0,0,0,0,4,0,0,0,0,0,0,0,0,0
ubt,bintrie,5,4,storage_mixed_k256,5,,1559,0,0,0.0421,20.3205,0.0021,0.222,21.0145,0,4,0,0,0,0,0,0,0,0,0,0,4,0,0,0,0,0,0,0,0,0
ubt,bintrie,5,4,storage_mixed_k256,5,,1560,91698,2,0.1217,23.0976,2.7425,4.5899,30.7793,2.9792,11,0,0,0,3,0,0,0,1,305,6,5,54.55,0,0,0,0,0,0,0,0
ubt,bintrie,5,4,storage_mixed_k256,5,,1561,5919240,1,44.4767,23.8112,14.5514,3.7082,86.7091,68.2655,263,814,257,7473,47,0,72,0,0,0,78,185,29.66,206,608,25.31,257,0,100,7473,0
ubt,bintrie,5,4,storage_mixed_k256,5,,1562,21000,1,0.0761,14.3734,13.9408,1.0105,29.5689,0.7102,6,0,0,0,2,0,0,0,0,0,2,4,33.33,0,0,0,0,0,0,0,0
ubt,bintrie,5,4,storage_mixed_k256,6,,1563,0,0,0.0476,2.9174,0.0015,0.1225,3.2901,0,4,0,0,0,0,0,0,0,0,0,0,4,0,0,0,0,0,0,0,0,0
ubt,bintrie,5,4,storage_mixed_k256,6,,1564,0,0,0.0345,3.0277,0.0017,0.1758,3.3927,0,4,0,0,0,0,0,0,0,0,0,0,4,0,0,0,0,0,0,0,0,0
ubt,bintrie,5,4,storage_mixed_k256,6,,1565,91698,2,0.1072,3.4474,13.6392,5.0765,22.3902,4.0954,11,0,0,0,3,0,0,0,1,305,6,5,54.55,0,0,0,0,0,0,0,0
ubt,bintrie,5,4,storage_mixed_k256,6,,1566,5919240,1,34.435,16.741,14.4079,3.2284,69.1812,85.5614,263,814,257,7473,47,0,72,0,0,0,37,226,14.07,259,555,31.82,257,0,100,7473,0
ubt,bintrie,5,4,storage_mixed_k256,6,,1567,21000,1,0.0747,5.1905,2.8826,0.647,8.9485,2.3468,6,0,0,0,2,0,0,0,0,0,2,4,33.33,0,0,0,0,0,0,0,0
ubt,bintrie,5,4,storage_mixed_k256,7,,1568,0,0,0.0528,2.9246,0.0081,0.1968,3.352,0,4,0,0,0,0,0,0,0,0,0,0,4,0,0,0,0,0,0,0,0,0
ubt,bintrie,5,4,storage_mixed_k256,7,,1569,0,0,0.0225,2.7018,0.0015,0.1247,3.0386,0,4,0,0,0,0,0,0,0,0,0,0,4,0,0,0,0,0,0,0,0,0
ubt,bintrie,5,4,storage_mixed_k256,7,,1570,0,0,0.0395,18.9355,0.0021,0.2634,19.4751,0,4,0,0,0,0,0,0,0,0,0,0,4,0,0,0,0,0,0,0,0,0
ubt,bintrie,5,4,storage_mixed_k256,7,,1571,91698,2,0.0841,3.3233,14.4766,4.5126,22.5562,4.0653,11,0,0,0,3,0,0,0,1,305,6,5,54.55,0,0,0,0,0,0,0,0
ubt,bintrie,5,4,storage_mixed_k256,7,,1572,5919240,1,34.255,15.5376,14.8083,4.8654,69.7403,84.8754,263,814,257,7473,47,0,72,0,0,0,89,174,33.84,195,619,23.96,257,0,100,7473,0
ubt,bintrie,5,4,storage_mixed_k256,7,,1573,21000,1,0.211,12.7375,3.2309,0.6959,17.1183,1.2268,6,0,0,0,2,0,0,0,0,0,0,6,0,0,0,0,0,0,0,0,0
ubt,bintrie,5,4,storage_mixed_k256,8,,1574,0,0,0.0498,3.5045,0.0015,0.2016,3.9337,0,4,0,0,0,0,0,0,0,0,0,0,4,0,0,0,0,0,0,0,0,0
ubt,bintrie,5,4,storage_mixed_k256,8,,1575,0,0,0.021,2.7394,0.0015,0.1178,3.0189,0,4,0,0,0,0,0,0,0,0,0,0,4,0,0,0,0,0,0,0,0,0
ubt,bintrie,5,4,storage_mixed_k256,8,,1576,0,0,0.0449,8.8317,0.0028,0.621,9.9905,0,4,0,0,0,0,0,0,0,0,0,0,4,0,0,0,0,0,0,0,0,0
ubt,bintrie,5,4,storage_mixed_k256,8,,1577,91698,2,0.0942,3.0451,13.8295,4.7558,23.5773,3.8892,11,0,0,0,3,0,0,0,1,305,6,5,54.55,0,0,0,0,0,0,0,0
ubt,bintrie,5,4,storage_mixed_k256,8,,1578,5919240,1,37.0395,14.2376,15.1286,4.3321,71.0633,83.2954,263,814,257,7473,47,0,72,0,0,0,51,212,19.39,110,704,13.51,257,0,100,7473,0
ubt,bintrie,5,4,storage_mixed_k256,8,,1579,21000,1,0.179,4.8128,4.8532,0.5841,10.7164,1.9596,6,0,0,0,2,0,0,0,0,0,0,6,0,0,0,0,0,0,0,0,0
ubt,bintrie,5,4,storage_mixed_k256,9,,1580,0,0,0.052,3.4061,0.0021,0.2594,3.9908,0,4,0,0,0,0,0,0,0,0,0,0,4,0,0,0,0,0,0,0,0,0
ubt,bintrie,5,4,storage_mixed_k256,9,,1581,0,0,0.0402,4.0107,0.0017,0.1351,4.4415,0,4,0,0,0,0,0,0,0,0,0,0,4,0,0,0,0,0,0,0,0,0
ubt,bintrie,5,4,storage_mixed_k256,9,,1582,0,0,0.0336,15.8342,0.0023,0.1193,16.1543,0,4,0,0,0,0,0,0,0,0,0,0,4,0,0,0,0,0,0,0,0,0
ubt,bintrie,5,4,storage_mixed_k256,9,,1583,91698,2,0.1445,15.0008,15.4805,4.7255,35.5224,2.5814,11,0,0,0,3,0,0,0,1,305,5,6,45.45,0,0,0,0,0,0,0,0
ubt,bintrie,5,4,storage_mixed_k256,9,,1584,5919240,1,35.3279,13.8072,14.4509,3.7992,67.5838,87.5837,263,814,257,7473,47,0,72,0,0,0,69,194,26.24,232,582,28.5,257,0,100,7473,0
ubt,bintrie,5,4,storage_mixed_k256,9,,1585,21000,1,0.1407,3.1816,13.8271,0.6145,17.919,1.1719,6,0,0,0,2,0,0,0,0,0,2,4,33.33,0,0,0,0,0,0,0,0
ubt,bintrie,5,4,storage_sload_k1,10,,182,0,0,0.0401,0.6631,0.0012,0.2599,1.1663,0,4,0,0,0,0,0,0,0,0,0,0,4,0,0,0,0,0,0,0,0,0
ubt,bintrie,5,4,storage_sload_k1,10,,183,0,0,0.0252,13.9724,0.0016,0.0935,14.2536,0,4,0,0,0,0,0,0,0,0,0,0,4,0,0,0,0,0,0,0,0,0
ubt,bintrie,5,4,storage_sload_k1,10,,184,0,0,0.0274,1.186,0.0017,0.6974,2.5107,0,4,0,0,0,0,0,0,0,0,0,0,4,0,0,0,0,0,0,0,0,0
ubt,bintrie,5,4,storage_sload_k1,10,,185,86120,2,0.088,1.3335,17.3511,5.7971,24.7282,3.4827,11,0,0,0,3,0,0,0,1,155,5,6,45.45,0,0,0,0,0,0,0,0
ubt,bintrie,5,4,storage_sload_k1,10,,186,5900406,1,108.1229,19.1434,7.4887,3.3275,138.2558,42.6774,8,258,2,183,2,0,0,0,0,0,4,4,50,155,103,60.08,2,0,100,183,0
ubt,bintrie,5,4,storage_sload_k1,10,,187,21000,1,0.0557,2.7395,2.2518,2.4243,7.64,2.7487,6,0,0,0,2,0,0,0,0,0,2,4,33.33,0,0,0,0,0,0,0,0
ubt,bintrie,5,4,storage_sload_k1,11,,189,0,0,0.0242,0.5496,0.001,0.1455,0.8894,0,4,0,0,0,0,0,0,0,0,0,0,4,0,0,0,0,0,0,0,0,0
ubt,bintrie,5,4,storage_sload_k1,11,,190,0,0,0.0269,14.2422,0.0016,0.1182,14.5165,0,4,0,0,0,0,0,0,0,0,0,0,4,0,0,0,0,0,0,0,0,0
ubt,bintrie,5,4,storage_sload_k1,11,,191,0,0,0.0271,58.2093,0.0022,0.1526,58.5314,0,4,0,0,0,0,0,0,0,0,0,0,4,0,0,0,0,0,0,0,0,0
ubt,bintrie,5,4,storage_sload_k1,11,,192,86120,2,0.1197,1.0371,1.0619,9.4461,11.8173,7.2876,11,0,0,0,3,0,0,0,1,155,5,6,45.45,0,0,0,0,0,0,0,0
ubt,bintrie,5,4,storage_sload_k1,11,,193,5900406,1,112.2663,5.9465,0.3986,2.5756,121.4159,48.5967,8,258,2,183,2,0,0,0,0,0,4,4,50,73,185,28.29,2,0,100,183,0
ubt,bintrie,5,4,storage_sload_k1,11,,194,21000,1,0.4799,3.0366,2.6034,2.5397,9.0007,2.3331,6,0,0,0,2,0,0,0,0,0,2,4,33.33,0,0,0,0,0,0,0,0
ubt,bintrie,5,4,storage_sload_k1,11,,195,0,0,0.0295,17.5029,0.002,0.1018,17.7983,0,4,0,0,0,0,0,0,0,0,0,0,4,0,0,0,0,0,0,0,0,0
ubt,bintrie,5,4,storage_sload_k1,12,,196,0,0,0.0677,10.0327,0.0013,0.2021,10.6019,0,4,0,0,0,0,0,0,0,0,0,0,4,0,0,0,0,0,0,0,0,0
ubt,bintrie,5,4,storage_sload_k1,12,,197,0,0,0.0421,16.8025,0.0021,0.1122,17.1501,0,4,0,0,0,0,0,0,0,0,0,0,4,0,0,0,0,0,0,0,0,0
ubt,bintrie,5,4,storage_sload_k1,12,,198,0,0,0.081,18.2679,0.002,0.1959,18.7817,0,4,0,0,0,0,0,0,0,0,0,0,4,0,0,0,0,0,0,0,0,0
ubt,bintrie,5,4,storage_sload_k1,12,,199,86120,2,0.1128,14.1396,0.8361,5.2487,53.2095,1.6185,11,0,0,0,3,0,0,0,1,155,6,5,54.55,0,0,0,0,0,0,0,0
ubt,bintrie,5,4,storage_sload_k1,12,,200,5900406,1,109.4679,2.3696,0.2882,2.4757,114.7684,51.4114,8,258,2,183,2,0,0,0,0,0,1,7,12.5,85,173,32.95,2,0,100,183,0
ubt,bintrie,5,4,storage_sload_k1,12,,201,21000,1,0.0516,12.5932,12.6002,2.8067,28.2062,0.7445,6,0,0,0,2,0,0,0,0,0,2,4,33.33,0,0,0,0,0,0,0,0
ubt,bintrie,5,4,storage_sload_k1,12,,202,0,0,0.0207,2.8187,0.0013,0.124,3.0934,0,4,0,0,0,0,0,0,0,0,0,0,4,0,0,0,0,0,0,0,0,0
ubt,bintrie,5,4,storage_sload_k1,13,,203,0,0,0.0317,1.4496,0.0011,0.1201,1.7537,0,4,0,0,0,0,0,0,0,0,0,0,4,0,0,0,0,0,0,0,0,0
ubt,bintrie,5,4,storage_sload_k1,13,,204,0,0,0.0395,5.9541,0.0032,0.1307,6.3231,0,4,0,0,0,0,0,0,0,0,0,0,4,0,0,0,0,0,0,0,0,0
ubt,bintrie,5,4,storage_sload_k1,13,,205,0,0,0.0266,13.4482,0.0014,0.1602,13.7841,0,4,0,0,0,0,0,0,0,0,0,0,4,0,0,0,0,0,0,0,0,0
ubt,bintrie,5,4,storage_sload_k1,13,,206,86120,2,0.1286,3.1873,0.5921,5.0293,19.4832,4.4202,11,0,0,0,3,0,0,0,1,155,5,6,45.45,0,0,0,0,0,0,0,0
ubt,bintrie,5,4,storage_sload_k1,13,,207,5900406,1,117.2475,4.2377,2.4224,2.8636,128.2002,46.0249,8,258,2,183,2,0,0,0,0,0,3,5,37.5,115,143,44.57,2,0,100,183,0
ubt,bintrie,5,4,storage_sload_k1,13,,208,21000,1,0.0678,32.6303,2.3883,2.4656,37.8498,0.5548,6,0,0,0,2,0,0,0,0,0,2,4,33.33,0,0,0,0,0,0,0,0
ubt,bintrie,5,4,storage_sload_k1,13,,209,0,0,0.0274,2.6674,0.0018,0.099,2.9699,0,4,0,0,0,0,0,0,0,0,0,0,4,0,0,0,0,0,0,0,0,0
ubt,bintrie,5,4,storage_sload_k1,14,,210,0,0,0.0262,0.6285,0.0015,0.1583,0.9672,0,4,0,0,0,0,0,0,0,0,0,0,4,0,0,0,0,0,0,0,0,0
ubt,bintrie,5,4,storage_sload_k1,14,,211,0,0,0.0424,8.3718,0.0024,1.8048,11.318,0,4,0,0,0,0,0,0,0,0,0,0,4,0,0,0,0,0,0,0,0,0
ubt,bintrie,5,4,storage_sload_k1,14,,212,0,0,0.0243,14.3292,0.0017,0.0896,14.6161,0,4,0,0,0,0,0,0,0,0,0,0,4,0,0,0,0,0,0,0,0,0
ubt,bintrie,5,4,storage_sload_k1,14,,213,86120,2,0.1277,22.5149,3.476,5.5859,31.9378,2.6965,11,0,0,0,3,0,0,0,1,155,6,5,54.55,0,0,0,0,0,0,0,0
ubt,bintrie,5,4,storage_sload_k1,14,,214,5900406,1,124.2463,4.9725,2.3086,2.5876,134.3161,43.9293,8,258,2,183,2,0,0,0,0,0,3,5,37.5,48,210,18.6,2,0,100,183,0
ubt,bintrie,5,4,storage_sload_k1,14,,215,21000,1,0.058,1.3014,18.3854,2.9783,25.4455,0.8253,6,0,0,0,2,0,0,0,0,0,2,4,33.33,0,0,0,0,0,0,0,0
ubt,bintrie,5,4,storage_sload_k1,14,,216,0,0,0.0257,2.764,0.0018,0.1046,3.0399,0,4,0,0,0,0,0,0,0,0,0,0,4,0,0,0,0,0,0,0,0,0
ubt,bintrie,5,4,storage_sload_k1,15,,217,0,0,0.0386,0.8727,0.0014,0.1459,1.2889,0,4,0,0,0,0,0,0,0,0,0,0,4,0,0,0,0,0,0,0,0,0
ubt,bintrie,5,4,storage_sload_k1,15,,218,0,0,0.049,10.3,0.0021,0.1324,13.2867,0,4,0,0,0,0,0,0,0,0,0,0,4,0,0,0,0,0,0,0,0,0
ubt,bintrie,5,4,storage_sload_k1,15,,219,0,0,0.0223,13.4461,0.0014,0.0977,13.6933,0,4,0,0,0,0,0,0,0,0,0,0,4,0,0,0,0,0,0,0,0,0
ubt,bintrie,5,4,storage_sload_k1,15,,220,86120,2,0.1256,15.4815,6.3804,11.3543,33.5296,2.5685,11,0,0,0,3,0,0,0,1,155,6,5,54.55,0,0,0,0,0,0,0,0
ubt,bintrie,5,4,storage_sload_k1,15,,221,5900406,1,108.0855,3.0091,0.6862,12.9417,125.1959,47.1294,8,258,2,183,2,0,0,0,0,0,4,4,50,57,201,22.09,2,0,100,183,0
ubt,bintrie,5,4,storage_sload_k1,15,,222,21000,1,0.0782,30.6362,21.7766,2.7305,55.4051,0.379,6,0,0,0,2,0,0,0,0,0,2,4,33.33,0,0,0,0,0,0,0,0
ubt,bintrie,5,4,storage_sload_k1,15,,223,0,0,0.1147,4.2335,0.0016,0.1795,5.5331,0,4,0,0,0,0,0,0,0,0,0,0,4,0,0,0,0,0,0,0,0,0
ubt,bintrie,5,4,storage_sload_k1,16,,224,0,0,0.0596,3.0519,0.0014,0.9575,4.4016,0,4,0,0,0,0,0,0,0,0,0,0,4,0,0,0,0,0,0,0,0,0
ubt,bintrie,5,4,storage_sload_k1,16,,225,0,0,0.039,10.6342,0.0024,0.1495,10.9597,0,4,0,0,0,0,0,0,0,0,0,0,4,0,0,0,0,0,0,0,0,0
ubt,bintrie,5,4,storage_sload_k1,16,,226,0,0,0.0328,3.5393,0.0018,0.1249,3.8943,0,4,0,0,0,0,0,0,0,0,0,0,4,0,0,0,0,0,0,0,0,0
ubt,bintrie,5,4,storage_sload_k1,16,,227,86120,2,0.1297,1.571,19.7904,5.4901,27.1671,3.17,11,0,0,0,3,0,0,0,1,155,5,6,45.45,0,0,0,0,0,0,0,0
ubt,bintrie,5,4,storage_sload_k1,16,,228,5900406,1,108.5016,5.9952,13.8386,2.7528,137.6256,42.8729,8,258,2,183,2,0,0,0,0,0,4,4,50,73,185,28.29,2,0,100,183,0
ubt,bintrie,5,4,storage_sload_k1,16,,229,21000,1,0.0575,52.2365,16.9495,3.182,72.6106,0.2892,6,0,0,0,2,0,0,0,0,0,2,4,33.33,0,0,0,0,0,0,0,0
ubt,bintrie,5,4,storage_sload_k1,17,,230,0,0,0.055,2.866,0.0013,0.1295,3.2619,0,4,0,0,0,0,0,0,0,0,0,0,4,0,0,0,0,0,0,0,0,0
ubt,bintrie,5,4,storage_sload_k1,17,,231,0,0,0.0323,2.7304,0.0017,0.1375,3.0824,0,4,0,0,0,0,0,0,0,0,0,0,4,0,0,0,0,0,0,0,0,0
ubt,bintrie,5,4,storage_sload_k1,17,,232,86120,2,0.1267,3.4645,0.7047,5.0567,21.9879,3.9167,11,0,0,0,3,0,0,0,1,155,5,6,45.45,0,0,0,0,0,0,0,0
ubt,bintrie,5,4,storage_sload_k1,17,,233,5900406,1,110.9361,6.3167,2.6004,2.7476,122.7601,48.0645,8,258,2,183,2,0,0,0,0,0,1,7,12.5,69,189,26.74,2,0,100,183,0
ubt,bintrie,5,4,storage_sload_k1,17,,234,21000,1,0.0752,3.2569,2.468,2.6373,8.6377,2.4312,6,0,0,0,2,0,0,0,0,0,2,4,33.33,0,0,0,0,0,0,0,0
ubt,bintrie,5,4,storage_sload_k1,18,,235,0,0,0.0352,7.2058,0.0026,0.2418,7.7111,0,4,0,0,0,0,0,0,0,0,0,0,4,0,0,0,0,0,0,0,0,0
ubt,bintrie,5,4,storage_sload_k1,18,,236,0,0,0.026,2.9123,0.0015,0.1153,3.1802,0,4,0,0,0,0,0,0,0,0,0,0,4,0,0,0,0,0,0,0,0,0
ubt,bintrie,5,4,storage_sload_k1,18,,237,86120,2,0.0754,11.8987,13.4269,4.9649,30.5726,2.8169,11,0,0,0,3,0,0,0,1,155,6,5,54.55,0,0,0,0,0,0,0,0
ubt,bintrie,5,4,storage_sload_k1,18,,238,5900406,1,111.7121,6.3438,10.2174,4.9967,133.5407,44.1843,8,258,2,183,2,0,0,0,0,0,4,4,50,104,154,40.31,2,0,100,183,0
ubt,bintrie,5,4,storage_sload_k1,18,,239,21000,1,0.0912,1.275,6.8011,4.825,13.157,1.5961,6,0,0,0,2,0,0,0,0,0,2,4,33.33,0,0,0,0,0,0,0,0
ubt,bintrie,5,4,storage_sload_k1,19,,240,0,0,0.0388,3.3229,0.0093,0.3051,3.9831,0,4,0,0,0,0,0,0,0,0,0,0,4,0,0,0,0,0,0,0,0,0
ubt,bintrie,5,4,storage_sload_k1,19,,241,0,0,0.0214,3.1172,0.0016,0.0801,3.3985,0,4,0,0,0,0,0,0,0,0,0,0,4,0,0,0,0,0,0,0,0,0
ubt,bintrie,5,4,storage_sload_k1,19,,242,86120,2,0.0978,3.8807,22.9521,4.9793,32.0357,2.6883,11,0,0,0,3,0,0,0,1,155,5,6,45.45,0,0,0,0,0,0,0,0
ubt,bintrie,5,4,storage_sload_k1,19,,243,5900406,1,109.7004,8.5242,2.5815,2.6146,123.5887,47.7423,8,258,2,183,2,0,0,0,0,0,3,5,37.5,202,56,78.29,2,0,100,183,0
ubt,bintrie,5,4,storage_sload_k1,19,,244,21000,1,0.1096,23.4836,2.4616,2.429,28.8214,0.7286,6,0,0,0,2,0,0,0,0,0,0,6,0,0,0,0,0,0,0,0,0
ubt,bintrie,5,4,storage_sload_k1,1,,130,0,0,0.0277,0.5207,0.0011,0.1472,0.8641,0,4,0,0,0,0,0,0,0,0,0,0,4,0,0,0,0,0,0,0,0,0
ubt,bintrie,5,4,storage_sload_k1,1,,131,0,0,0.0168,0.4296,0.0013,0.1147,0.7101,0,4,0,0,0,0,0,0,0,0,0,0,4,0,0,0,0,0,0,0,0,0
ubt,bintrie,5,4,storage_sload_k1,1,,132,0,0,0.018,0.4114,0.0011,0.1237,0.7112,0,4,0,0,0,0,0,0,0,0,0,0,4,0,0,0,0,0,0,0,0,0
ubt,bintrie,5,4,storage_sload_k1,1,,133,21000,1,0.0811,18.9884,0.7385,0.7325,20.9657,1.0016,8,0,0,0,2,0,0,0,0,0,4,4,50,0,0,0,0,0,0,0,0
ubt,bintrie,5,4,storage_sload_k1,1,,134,62737,1,0.0836,4.2358,0.5227,0.3894,5.4825,11.443,9,0,0,0,3,0,0,0,1,69,4,5,44.44,0,0,0,0,0,0,0,0
ubt,bintrie,5,4,storage_sload_k1,1,,135,86120,2,0.153,4.4905,2.7373,0.4289,7.9791,10.7932,11,0,0,0,3,0,0,0,1,155,5,6,45.45,0,0,0,0,0,0,0,0
ubt,bintrie,5,4,storage_sload_k1,1,,136,5900406,1,116.6486,4.6603,2.6403,0.3685,124.5159,47.3868,8,258,2,183,2,0,0,0,0,0,4,4,50,92,166,35.66,2,0,100,183,0
ubt,bintrie,5,4,storage_sload_k1,1,,137,21000,1,0.0626,18.7672,15.2654,0.369,34.6343,0.6063,6,0,0,0,2,0,0,0,0,0,2,4,33.33,0,0,0,0,0,0,0,0
ubt,bintrie,5,4,storage_sload_k1,20,,245,0,0,0.0393,7.6263,0.0028,0.3721,8.2736,0,4,0,0,0,0,0,0,0,0,0,0,4,0,0,0,0,0,0,0,0,0
ubt,bintrie,5,4,storage_sload_k1,20,,246,0,0,0.0254,3.7755,0.0017,0.1896,4.1125,0,4,0,0,0,0,0,0,0,0,0,0,4,0,0,0,0,0,0,0,0,0
ubt,bintrie,5,4,storage_sload_k1,20,,247,0,0,0.0292,21.5826,0.0018,0.1408,21.9151,0,4,0,0,0,0,0,0,0,0,0,0,4,0,0,0,0,0,0,0,0,0
ubt,bintrie,5,4,storage_sload_k1,20,,248,86120,2,0.1383,22.5727,3.5068,5.7344,32.3579,2.6615,11,0,0,0,3,0,0,0,1,155,4,7,36.36,0,0,0,0,0,0,0,0
ubt,bintrie,5,4,storage_sload_k1,20,,249,5900406,1,132.1737,6.8162,10.7431,2.4867,152.437,38.7072,8,258,2,183,2,0,0,0,0,0,3,5,37.5,35,223,13.57,2,0,100,183,0
ubt,bintrie,5,4,storage_sload_k1,20,,250,21000,1,0.0674,6.8847,2.5527,2.6798,12.3763,1.6968,6,0,0,0,2,0,0,0,0,0,2,4,33.33,0,0,0,0,0,0,0,0
ubt,bintrie,5,4,storage_sload_k1,2,,138,0,0,0.045,1.4102,0.0084,0.622,2.3412,0,4,0,0,0,0,0,0,0,0,0,0,4,0,0,0,0,0,0,0,0,0
ubt,bintrie,5,4,storage_sload_k1,2,,139,0,0,0.0335,1.044,0.0019,0.1149,1.4335,0,4,0,0,0,0,0,0,0,0,0,0,4,0,0,0,0,0,0,0,0,0
ubt,bintrie,5,4,storage_sload_k1,2,,140,0,0,0.0397,1.6924,0.0013,0.1471,2.0534,0,4,0,0,0,0,0,0,0,0,0,0,4,0,0,0,0,0,0,0,0,0
ubt,bintrie,5,4,storage_sload_k1,2,,141,86120,2,0.0936,3.2646,16.9386,0.4925,20.9923,4.1025,11,0,0,0,3,0,0,0,1,155,6,5,54.55,0,0,0,0,0,0,0,0
ubt,bintrie,5,4,storage_sload_k1,2,,142,5900406,1,106.8882,17.2856,2.4354,0.4824,127.4688,46.289,8,258,2,183,2,0,0,0,0,0,3,5,37.5,139,119,53.88,2,0,100,183,0
ubt,bintrie,5,4,storage_sload_k1,2,,143,21000,1,0.0574,16.9408,0.3274,0.4572,18.2123,1.1531,6,0,0,0,2,0,0,0,0,0,2,4,33.33,0,0,0,0,0,0,0,0
ubt,bintrie,5,4,storage_sload_k1,3,,144,0,0,0.0389,1.4167,0.0019,0.3072,5.1362,0,4,0,0,0,0,0,0,0,0,0,0,4,0,0,0,0,0,0,0,0,0
ubt,bintrie,5,4,storage_sload_k1,3,,145,0,0,0.0278,0.6523,0.0012,0.1166,0.9246,0,4,0,0,0,0,0,0,0,0,0,0,4,0,0,0,0,0,0,0,0,0
ubt,bintrie,5,4,storage_sload_k1,3,,146,0,0,0.0367,3.1036,0.0023,0.1267,3.4596,0,4,0,0,0,0,0,0,0,0,0,0,4,0,0,0,0,0,0,0,0,0
ubt,bintrie,5,4,storage_sload_k1,3,,147,86120,2,0.1161,3.2449,2.5948,0.4694,6.6034,13.0417,11,0,0,0,3,0,0,0,1,155,5,6,45.45,0,0,0,0,0,0,0,0
ubt,bintrie,5,4,storage_sload_k1,3,,148,5900406,1,111.7186,2.9917,0.3143,0.4051,115.6033,51.0401,8,258,2,183,2,0,0,0,0,0,4,4,50,55,203,21.32,2,0,100,183,0
ubt,bintrie,5,4,storage_sload_k1,3,,149,21000,1,0.2476,10.2328,2.4138,0.3953,13.5195,1.5533,6,0,0,0,2,0,0,0,0,0,0,6,0,0,0,0,0,0,0,0,0
ubt,bintrie,5,4,storage_sload_k1,4,,150,0,0,0.0587,14.2289,0.0021,0.2204,15.0662,0,4,0,0,0,0,0,0,0,0,0,0,4,0,0,0,0,0,0,0,0,0
ubt,bintrie,5,4,storage_sload_k1,4,,151,0,0,0.0218,0.543,0.0013,0.0819,0.7816,0,4,0,0,0,0,0,0,0,0,0,0,4,0,0,0,0,0,0,0,0,0
ubt,bintrie,5,4,storage_sload_k1,4,,152,0,0,0.027,0.5103,0.0012,0.1151,0.7747,0,4,0,0,0,0,0,0,0,0,0,0,4,0,0,0,0,0,0,0,0,0
ubt,bintrie,5,4,storage_sload_k1,4,,153,86120,2,0.1132,14.4169,13.3434,0.544,28.6048,3.0107,11,0,0,0,3,0,0,0,1,155,6,5,54.55,0,0,0,0,0,0,0,0
ubt,bintrie,5,4,storage_sload_k1,4,,154,5900406,1,106.4102,5.2209,2.2632,0.3942,114.4611,51.5495,8,258,2,183,2,0,0,0,0,0,3,5,37.5,50,208,19.38,2,0,100,183,0
ubt,bintrie,5,4,storage_sload_k1,4,,155,21000,1,0.0553,3.0287,0.3168,0.3026,3.8398,5.4691,6,0,0,0,2,0,0,0,0,0,2,4,33.33,0,0,0,0,0,0,0,0
ubt,bintrie,5,4,storage_sload_k1,5,,156,0,0,0.0236,0.6219,0.0012,0.1033,0.8647,0,4,0,0,0,0,0,0,0,0,0,0,4,0,0,0,0,0,0,0,0,0
ubt,bintrie,5,4,storage_sload_k1,5,,157,0,0,0.0263,16.6462,0.0045,0.111,16.9497,0,4,0,0,0,0,0,0,0,0,0,0,4,0,0,0,0,0,0,0,0,0
ubt,bintrie,5,4,storage_sload_k1,5,,158,86120,2,0.1221,3.6448,2.689,0.773,7.4,11.6379,11,0,0,0,3,0,0,0,1,155,6,5,54.55,0,0,0,0,0,0,0,0
ubt,bintrie,5,4,storage_sload_k1,5,,159,5900406,1,117.004,2.9971,0.2685,0.5692,121.023,48.7544,8,258,2,183,2,0,0,0,0,0,4,4,50,26,232,10.08,2,0,100,183,0
ubt,bintrie,5,4,storage_sload_k1,5,,160,21000,1,0.1063,1.2492,0.5375,1.73,3.8287,5.4849,6,0,0,0,2,0,0,0,0,0,0,6,0,0,0,0,0,0,0,0,0
ubt,bintrie,5,4,storage_sload_k1,6,,161,0,0,0.0288,0.8539,0.0012,0.1473,1.1714,0,4,0,0,0,0,0,0,0,0,0,0,4,0,0,0,0,0,0,0,0,0
ubt,bintrie,5,4,storage_sload_k1,6,,162,0,0,0.0327,13.4418,0.0016,0.106,13.7499,0,4,0,0,0,0,0,0,0,0,0,0,4,0,0,0,0,0,0,0,0,0
ubt,bintrie,5,4,storage_sload_k1,6,,163,0,0,0.0229,0.6855,0.0014,0.0972,0.9748,0,4,0,0,0,0,0,0,0,0,0,0,4,0,0,0,0,0,0,0,0,0
ubt,bintrie,5,4,storage_sload_k1,6,,164,86120,2,0.1194,3.5732,10.1551,4.3671,18.3589,4.6909,11,0,0,0,3,0,0,0,1,155,5,6,45.45,0,0,0,0,0,0,0,0
ubt,bintrie,5,4,storage_sload_k1,6,,165,5900406,1,117.4732,7.1216,2.7241,2.722,130.2246,45.3094,8,258,2,183,2,0,0,0,0,0,3,5,37.5,184,74,71.32,2,0,100,183,0
ubt,bintrie,5,4,storage_sload_k1,6,,166,21000,1,0.0501,13.1962,0.3191,2.0954,15.8015,1.329,6,0,0,0,2,0,0,0,0,0,2,4,33.33,0,0,0,0,0,0,0,0
ubt,bintrie,5,4,storage_sload_k1,7,,167,0,0,0.0271,0.6079,0.0016,0.5063,1.7795,0,4,0,0,0,0,0,0,0,0,0,0,4,0,0,0,0,0,0,0,0,0
ubt,bintrie,5,4,storage_sload_k1,7,,168,0,0,0.0411,0.8897,0.0012,0.0998,1.1966,0,4,0,0,0,0,0,0,0,0,0,0,4,0,0,0,0,0,0,0,0,0
ubt,bintrie,5,4,storage_sload_k1,7,,169,86120,2,0.1155,3.2202,2.5424,5.3515,11.4033,7.5522,11,0,0,0,3,0,0,0,1,155,5,6,45.45,0,0,0,0,0,0,0,0
ubt,bintrie,5,4,storage_sload_k1,7,,170,5900406,1,133.1186,5.173,6.3394,7.3323,152.1608,38.7774,8,258,2,183,2,0,0,0,0,0,3,5,37.5,64,194,24.81,2,0,100,183,0
ubt,bintrie,5,4,storage_sload_k1,7,,171,21000,1,0.0618,4.5316,2.5685,2.5411,9.8864,2.1241,6,0,0,0,2,0,0,0,0,0,2,4,33.33,0,0,0,0,0,0,0,0
ubt,bintrie,5,4,storage_sload_k1,8,,172,0,0,0.0287,0.5055,0.0012,0.1657,0.8956,0,4,0,0,0,0,0,0,0,0,0,0,4,0,0,0,0,0,0,0,0,0
ubt,bintrie,5,4,storage_sload_k1,8,,173,0,0,0.0354,17.1296,0.0019,0.0982,17.4551,0,4,0,0,0,0,0,0,0,0,0,0,4,0,0,0,0,0,0,0,0,0
ubt,bintrie,5,4,storage_sload_k1,8,,174,86120,2,0.1406,3.312,2.8197,4.6087,11.0515,7.7926,11,0,0,0,3,0,0,0,1,155,5,6,45.45,0,0,0,0,0,0,0,0
ubt,bintrie,5,4,storage_sload_k1,8,,175,5900406,1,122.8456,3.2659,0.7456,5.6437,132.6961,44.4656,8,258,2,183,2,0,0,0,0,0,4,4,50,60,198,23.26,2,0,100,183,0
ubt,bintrie,5,4,storage_sload_k1,8,,176,21000,1,0.0572,3.9145,22.3884,2.6188,29.1213,0.7211,6,0,0,0,2,0,0,0,0,0,2,4,33.33,0,0,0,0,0,0,0,0
ubt,bintrie,5,4,storage_sload_k1,9,,177,0,0,0.0323,0.6828,0.0011,0.2075,1.0904,0,4,0,0,0,0,0,0,0,0,0,0,4,0,0,0,0,0,0,0,0,0
ubt,bintrie,5,4,storage_sload_k1,9,,178,0,0,0.0289,14.4033,0.0018,0.1277,14.7718,0,4,0,0,0,0,0,0,0,0,0,0,4,0,0,0,0,0,0,0,0,0
ubt,bintrie,5,4,storage_sload_k1,9,,179,86120,2,0.1254,5.6173,16.5322,5.5656,28.1088,3.0638,11,0,0,0,3,0,0,0,1,155,5,6,45.45,0,0,0,0,0,0,0,0
ubt,bintrie,5,4,storage_sload_k1,9,,180,5900406,1,108.1278,3.747,18.2984,4.1565,134.501,43.8689,8,258,2,183,2,0,0,0,0,0,3,5,37.5,45,213,17.44,2,0,100,183,0
ubt,bintrie,5,4,storage_sload_k1,9,,181,21000,1,0.0824,9.6624,5.8905,2.5657,18.362,1.1437,6,0,0,0,2,0,0,0,0,0,2,4,33.33,0,0,0,0,0,0,0,0
ubt,bintrie,5,4,storage_sload_k10,10,,312,0,0,0.052,3.164,0.0016,0.1873,3.678,0,4,0,0,0,0,0,0,0,0,0,0,4,0,0,0,0,0,0,0,0,0
ubt,bintrie,5,4,storage_sload_k10,10,,313,0,0,0.0233,2.7105,0.0015,0.1074,2.9732,0,4,0,0,0,0,0,0,0,0,0,0,4,0,0,0,0,0,0,0,0,0
ubt,bintrie,5,4,storage_sload_k10,10,,314,0,0,0.0386,21.8316,0.0023,0.1513,22.1998,0,4,0,0,0,0,0,0,0,0,0,0,4,0,0,0,0,0,0,0,0,0
ubt,bintrie,5,4,storage_sload_k10,10,,315,86852,2,0.101,12.8331,18.5896,3.9939,35.7041,2.4325,11,0,0,0,3,0,0,0,1,157,6,5,54.55,0,0,0,0,0,0,0,0
ubt,bintrie,5,4,storage_sload_k10,10,,316,5900128,1,122.8769,4.4374,3.1706,0.702,131.4662,44.8794,17,258,11,437,2,0,0,0,0,0,5,12,29.41,56,202,21.71,11,0,100,437,0
ubt,bintrie,5,4,storage_sload_k10,10,,317,21000,1,0.1011,13.9271,14.0538,1.0927,29.4127,0.714,6,0,0,0,2,0,0,0,0,0,2,4,33.33,0,0,0,0,0,0,0,0
ubt,bintrie,5,4,storage_sload_k10,11,,319,0,0,0.0405,2.8454,0.0016,0.1611,3.2653,0,4,0,0,0,0,0,0,0,0,0,0,4,0,0,0,0,0,0,0,0,0
ubt,bintrie,5,4,storage_sload_k10,11,,320,0,0,0.0374,4.4602,0.0022,0.1052,4.9541,0,4,0,0,0,0,0,0,0,0,0,0,4,0,0,0,0,0,0,0,0,0
ubt,bintrie,5,4,storage_sload_k10,11,,321,0,0,0.0381,16.7902,0.0022,0.1479,17.3594,0,4,0,0,0,0,0,0,0,0,0,0,4,0,0,0,0,0,0,0,0,0
ubt,bintrie,5,4,storage_sload_k10,11,,322,86852,2,0.1219,4.263,5.09,6.5553,16.2007,5.361,11,0,0,0,3,0,0,0,1,157,5,6,45.45,0,0,0,0,0,0,0,0
ubt,bintrie,5,4,storage_sload_k10,11,,323,5900128,1,117.6844,5.5068,3.3553,0.6768,127.4282,46.3016,17,258,11,437,2,0,0,0,0,0,6,11,35.29,48,210,18.6,11,0,100,437,0
ubt,bintrie,5,4,storage_sload_k10,11,,324,21000,1,0.0649,4.721,2.433,0.6033,8.0063,2.6229,6,0,0,0,2,0,0,0,0,0,2,4,33.33,0,0,0,0,0,0,0,0
ubt,bintrie,5,4,storage_sload_k10,12,,325,0,0,0.0348,2.744,0.0015,0.124,3.1109,0,4,0,0,0,0,0,0,0,0,0,0,4,0,0,0,0,0,0,0,0,0
ubt,bintrie,5,4,storage_sload_k10,12,,326,0,0,0.0321,9.6429,0.0018,0.1232,10.062,0,4,0,0,0,0,0,0,0,0,0,0,4,0,0,0,0,0,0,0,0,0
ubt,bintrie,5,4,storage_sload_k10,12,,327,0,0,0.0479,3.8266,0.0025,0.1316,4.1663,0,4,0,0,0,0,0,0,0,0,0,0,4,0,0,0,0,0,0,0,0,0
ubt,bintrie,5,4,storage_sload_k10,12,,328,86852,2,0.12,3.1304,17.3676,4.2493,25.0305,3.4699,11,0,0,0,3,0,0,0,1,157,5,6,45.45,0,0,0,0,0,0,0,0
ubt,bintrie,5,4,storage_sload_k10,12,,329,5900128,1,128.4751,2.4682,2.4133,0.6751,134.6538,43.817,17,258,11,437,2,0,0,0,0,0,6,11,35.29,76,182,29.46,11,0,100,437,0
ubt,bintrie,5,4,storage_sload_k10,12,,330,21000,1,0.0592,3.4287,17.0623,0.6506,21.4283,0.98,6,0,0,0,2,0,0,0,0,0,2,4,33.33,0,0,0,0,0,0,0,0
ubt,bintrie,5,4,storage_sload_k10,13,,331,0,0,0.0291,2.7553,0.001,0.1399,3.0878,0,4,0,0,0,0,0,0,0,0,0,0,4,0,0,0,0,0,0,0,0,0
ubt,bintrie,5,4,storage_sload_k10,13,,332,0,0,0.0317,4.7538,0.0015,0.1679,5.1984,0,4,0,0,0,0,0,0,0,0,0,0,4,0,0,0,0,0,0,0,0,0
ubt,bintrie,5,4,storage_sload_k10,13,,333,0,0,0.0303,19.3625,0.0021,0.5645,20.1034,0,4,0,0,0,0,0,0,0,0,0,0,4,0,0,0,0,0,0,0,0,0
ubt,bintrie,5,4,storage_sload_k10,13,,334,86852,2,0.1475,16.5767,3.7411,4.3246,28.1272,3.0878,11,0,0,0,3,0,0,0,1,157,5,6,45.45,0,0,0,0,0,0,0,0
ubt,bintrie,5,4,storage_sload_k10,13,,335,5900128,1,108.756,24.5815,2.5478,0.7879,136.9566,43.0803,17,258,11,437,2,0,0,0,0,0,6,11,35.29,71,187,27.52,11,0,100,437,0
ubt,bintrie,5,4,storage_sload_k10,13,,336,21000,1,0.0554,17.7624,2.4606,0.6835,21.1369,0.9935,6,0,0,0,2,0,0,0,0,0,2,4,33.33,0,0,0,0,0,0,0,0
ubt,bintrie,5,4,storage_sload_k10,14,,338,0,0,0.0362,2.85,0.0016,0.2569,3.3825,0,4,0,0,0,0,0,0,0,0,0,0,4,0,0,0,0,0,0,0,0,0
ubt,bintrie,5,4,storage_sload_k10,14,,339,0,0,0.0523,4.1562,0.0021,0.1369,5.0998,0,4,0,0,0,0,0,0,0,0,0,0,4,0,0,0,0,0,0,0,0,0
ubt,bintrie,5,4,storage_sload_k10,14,,340,0,0,0.0347,18.3428,0.0021,0.3195,18.8697,0,4,0,0,0,0,0,0,0,0,0,0,4,0,0,0,0,0,0,0,0,0
ubt,bintrie,5,4,storage_sload_k10,14,,341,86852,2,0.1379,18.3483,3.1282,3.7676,25.5963,3.3932,11,0,0,0,3,0,0,0,1,157,5,6,45.45,0,0,0,0,0,0,0,0
ubt,bintrie,5,4,storage_sload_k10,14,,342,5900128,1,124.9819,2.9374,3.0416,0.6792,131.7977,44.7666,17,258,11,437,2,0,0,0,0,0,10,7,58.82,124,134,48.06,11,0,100,437,0
ubt,bintrie,5,4,storage_sload_k10,14,,343,21000,1,0.055,14.8241,13.6236,0.6293,29.2782,0.7173,6,0,0,0,2,0,0,0,0,0,2,4,33.33,0,0,0,0,0,0,0,0
ubt,bintrie,5,4,storage_sload_k10,15,,344,0,0,0.0359,3.1619,0.0015,0.207,3.6381,0,4,0,0,0,0,0,0,0,0,0,0,4,0,0,0,0,0,0,0,0,0
ubt,bintrie,5,4,storage_sload_k10,15,,345,0,0,0.0311,4.1457,0.0017,0.2482,4.6442,0,4,0,0,0,0,0,0,0,0,0,0,4,0,0,0,0,0,0,0,0,0
ubt,bintrie,5,4,storage_sload_k10,15,,346,0,0,0.0297,25.5165,0.0032,0.1236,26.0136,0,4,0,0,0,0,0,0,0,0,0,0,4,0,0,0,0,0,0,0,0,0
ubt,bintrie,5,4,storage_sload_k10,15,,347,86852,2,0.1907,16.8181,3.409,3.6421,24.2159,3.5866,11,0,0,0,3,0,0,0,1,157,5,6,45.45,0,0,0,0,0,0,0,0
ubt,bintrie,5,4,storage_sload_k10,15,,348,5900128,1,110.566,18.6455,2.5309,0.6308,132.5699,44.5058,17,258,11,437,2,0,0,0,0,0,5,12,29.41,70,188,27.13,11,0,100,437,0
ubt,bintrie,5,4,storage_sload_k10,15,,349,21000,1,0.0587,24.8489,2.3679,0.6331,28.0575,0.7485,6,0,0,0,2,0,0,0,0,0,2,4,33.33,0,0,0,0,0,0,0,0
ubt,bintrie,5,4,storage_sload_k10,16,,351,0,0,0.0792,3.5875,0.0015,0.3269,4.2872,0,4,0,0,0,0,0,0,0,0,0,0,4,0,0,0,0,0,0,0,0,0
ubt,bintrie,5,4,storage_sload_k10,16,,352,0,0,0.0585,3.2175,0.0029,0.1735,3.6123,0,4,0,0,0,0,0,0,0,0,0,0,4,0,0,0,0,0,0,0,0,0
ubt,bintrie,5,4,storage_sload_k10,16,,353,0,0,0.0309,3.0252,0.0032,1.3306,4.8913,0,4,0,0,0,0,0,0,0,0,0,0,4,0,0,0,0,0,0,0,0,0
ubt,bintrie,5,4,storage_sload_k10,16,,354,86852,2,0.1147,13.9501,24.4603,4.2317,43.0218,2.0188,11,0,0,0,3,0,0,0,1,157,6,5,54.55,0,0,0,0,0,0,0,0
ubt,bintrie,5,4,storage_sload_k10,16,,355,5900128,1,164.2231,5.0574,2.4093,0.7141,172.5456,34.1946,17,258,11,437,2,0,0,0,0,0,6,11,35.29,66,192,25.58,11,0,100,437,0
ubt,bintrie,5,4,storage_sload_k10,16,,356,21000,1,0.0855,4.6262,16.3282,0.6646,21.9161,0.9582,6,0,0,0,2,0,0,0,0,0,2,4,33.33,0,0,0,0,0,0,0,0
ubt,bintrie,5,4,storage_sload_k10,17,,357,0,0,0.0478,3.2302,0.0016,0.1861,3.6732,0,4,0,0,0,0,0,0,0,0,0,0,4,0,0,0,0,0,0,0,0,0
ubt,bintrie,5,4,storage_sload_k10,17,,358,0,0,0.0424,3.3983,0.0015,0.1399,3.767,0,4,0,0,0,0,0,0,0,0,0,0,4,0,0,0,0,0,0,0,0,0
ubt,bintrie,5,4,storage_sload_k10,17,,359,0,0,0.0199,13.8622,0.0026,0.1448,14.205,0,4,0,0,0,0,0,0,0,0,0,0,4,0,0,0,0,0,0,0,0,0
ubt,bintrie,5,4,storage_sload_k10,17,,360,86852,2,0.1666,18.3025,16.0735,4.8236,39.5546,2.1958,11,0,0,0,3,0,0,0,1,157,5,6,45.45,0,0,0,0,0,0,0,0
ubt,bintrie,5,4,storage_sload_k10,17,,361,5900128,1,112.6638,4.5196,2.4485,0.7033,120.5068,48.961,17,258,11,437,2,0,0,0,0,0,7,10,41.18,100,158,38.76,11,0,100,437,0
ubt,bintrie,5,4,storage_sload_k10,17,,362,21000,1,0.0557,13.7852,12.5856,0.6633,27.2437,0.7708,6,0,0,0,2,0,0,0,0,0,2,4,33.33,0,0,0,0,0,0,0,0
ubt,bintrie,5,4,storage_sload_k10,18,,363,0,0,0.0359,2.8373,0.0012,0.1471,3.1907,0,4,0,0,0,0,0,0,0,0,0,0,4,0,0,0,0,0,0,0,0,0
ubt,bintrie,5,4,storage_sload_k10,18,,364,0,0,0.0205,4.3824,0.0014,0.0869,4.6463,0,4,0,0,0,0,0,0,0,0,0,0,4,0,0,0,0,0,0,0,0,0
ubt,bintrie,5,4,storage_sload_k10,18,,365,0,0,0.0423,16.8662,0.0019,0.15,17.2061,0,4,0,0,0,0,0,0,0,0,0,0,4,0,0,0,0,0,0,0,0,0
ubt,bintrie,5,4,storage_sload_k10,18,,366,86852,2,0.1356,24.919,2.7254,3.9858,31.9573,2.7177,11,0,0,0,3,0,0,0,1,157,5,6,45.45,0,0,0,0,0,0,0,0
ubt,bintrie,5,4,storage_sload_k10,18,,367,5900128,1,120.7919,13.8079,2.5356,0.5907,137.9301,42.7762,17,258,11,437,2,0,0,0,0,0,6,11,35.29,70,188,27.13,11,0,100,437,0
ubt,bintrie,5,4,storage_sload_k10,18,,368,21000,1,0.0737,15.9605,13.8654,0.6106,30.6736,0.6846,6,0,0,0,2,0,0,0,0,0,2,4,33.33,0,0,0,0,0,0,0,0
ubt,bintrie,5,4,storage_sload_k10,19,,369,0,0,0.091,3.464,0.0022,0.2947,4.1067,0,4,0,0,0,0,0,0,0,0,0,0,4,0,0,0,0,0,0,0,0,0
ubt,bintrie,5,4,storage_sload_k10,19,,370,0,0,0.0431,5.6231,0.0018,0.1347,6.2323,0,4,0,0,0,0,0,0,0,0,0,0,4,0,0,0,0,0,0,0,0,0
ubt,bintrie,5,4,storage_sload_k10,19,,371,0,0,0.0282,14.088,0.0021,0.1107,14.397,0,4,0,0,0,0,0,0,0,0,0,0,4,0,0,0,0,0,0,0,0,0
ubt,bintrie,5,4,storage_sload_k10,19,,372,86852,2,0.1388,14.1975,2.6845,3.9371,29.1407,2.9804,11,0,0,0,3,0,0,0,1,157,5,6,45.45,0,0,0,0,0,0,0,0
ubt,bintrie,5,4,storage_sload_k10,19,,373,5900128,1,107.05,11.4378,22.1704,0.777,141.8039,41.6077,17,258,11,437,2,0,0,0,0,0,6,11,35.29,71,187,27.52,11,0,100,437,0
ubt,bintrie,5,4,storage_sload_k10,19,,374,21000,1,0.1721,15.7067,2.5289,0.6866,23.1117,0.9086,6,0,0,0,2,0,0,0,0,0,2,4,33.33,0,0,0,0,0,0,0,0
ubt,bintrie,5,4,storage_sload_k10,1,,252,0,0,1.9008,7.2144,0.0013,0.1406,9.4926,0,4,0,0,0,0,0,0,0,0,0,0,4,0,0,0,0,0,0,0,0,0
ubt,bintrie,5,4,storage_sload_k10,1,,253,0,0,0.037,11.6597,0.0023,0.1273,12.0071,0,4,0,0,0,0,0,0,0,0,0,0,4,0,0,0,0,0,0,0,0,0
ubt,bintrie,5,4,storage_sload_k10,1,,254,0,0,0.0265,3.3007,0.0017,0.1179,3.5998,0,4,0,0,0,0,0,0,0,0,0,0,4,0,0,0,0,0,0,0,0,0
ubt,bintrie,5,4,storage_sload_k10,1,,255,86852,2,0.1331,17.9506,13.1711,5.1758,36.6053,2.3727,11,0,0,0,3,0,0,0,1,157,5,6,45.45,0,0,0,0,0,0,0,0
ubt,bintrie,5,4,storage_sload_k10,1,,256,5900128,1,118.8299,6.0075,18.1303,2.5323,145.8504,40.4533,17,258,11,437,2,0,0,0,0,0,5,12,29.41,62,196,24.03,11,0,100,437,0
ubt,bintrie,5,4,storage_sload_k10,1,,257,21000,1,0.0739,17.3259,2.5874,3.0513,29.6718,0.7077,6,0,0,0,2,0,0,0,0,0,2,4,33.33,0,0,0,0,0,0,0,0
ubt,bintrie,5,4,storage_sload_k10,20,,375,0,0,0.0275,2.804,0.0014,0.1215,3.0993,0,4,0,0,0,0,0,0,0,0,0,0,4,0,0,0,0,0,0,0,0,0
ubt,bintrie,5,4,storage_sload_k10,20,,376,0,0,0.0273,3.1264,0.0021,0.1543,3.5051,0,4,0,0,0,0,0,0,0,0,0,0,4,0,0,0,0,0,0,0,0,0
ubt,bintrie,5,4,storage_sload_k10,20,,377,0,0,0.0215,13.6207,0.0018,0.1224,13.9092,0,4,0,0,0,0,0,0,0,0,0,0,4,0,0,0,0,0,0,0,0,0
ubt,bintrie,5,4,storage_sload_k10,20,,378,86852,2,0.113,19.6125,4.6903,3.7372,28.3337,3.0653,11,0,0,0,3,0,0,0,1,157,6,5,54.55,0,0,0,0,0,0,0,0
ubt,bintrie,5,4,storage_sload_k10,20,,379,5900128,1,143.2939,7.7209,2.3959,0.8945,154.462,38.1979,17,258,11,437,2,0,0,0,0,0,6,11,35.29,70,188,27.13,11,0,100,437,0
ubt,bintrie,5,4,storage_sload_k10,20,,380,21000,1,0.0574,15.583,2.6263,0.6335,19.0514,1.1023,6,0,0,0,2,0,0,0,0,0,0,6,0,0,0,0,0,0,0,0,0
ubt,bintrie,5,4,storage_sload_k10,2,,259,0,0,0.0549,4.0181,0.0021,0.1591,4.4877,0,4,0,0,0,0,0,0,0,0,0,0,4,0,0,0,0,0,0,0,0,0
ubt,bintrie,5,4,storage_sload_k10,2,,260,0,0,0.0503,5.7483,0.0017,0.166,6.2377,0,4,0,0,0,0,0,0,0,0,0,0,4,0,0,0,0,0,0,0,0,0
ubt,bintrie,5,4,storage_sload_k10,2,,261,0,0,0.0259,2.748,0.0013,0.1141,3.023,0,4,0,0,0,0,0,0,0,0,0,0,4,0,0,0,0,0,0,0,0,0
ubt,bintrie,5,4,storage_sload_k10,2,,262,86852,2,0.2767,23.639,2.6847,4.8742,31.636,2.7454,11,0,0,0,3,0,0,0,1,157,5,6,45.45,0,0,0,0,0,0,0,0
ubt,bintrie,5,4,storage_sload_k10,2,,263,5900128,1,115.5676,13.7707,2.5651,2.4571,134.5561,43.8488,17,258,11,437,2,0,0,0,0,0,3,14,17.65,16,242,6.2,11,0,100,437,0
ubt,bintrie,5,4,storage_sload_k10,2,,264,21000,1,0.0701,18.276,2.5214,2.4319,23.4734,0.8946,6,0,0,0,2,0,0,0,0,0,2,4,33.33,0,0,0,0,0,0,0,0
ubt,bintrie,5,4,storage_sload_k10,3,,266,0,0,0.0417,3.3591,0.0014,0.1509,3.7698,0,4,0,0,0,0,0,0,0,0,0,0,4,0,0,0,0,0,0,0,0,0
ubt,bintrie,5,4,storage_sload_k10,3,,267,0,0,0.0416,7.0907,0.002,0.1023,7.4896,0,4,0,0,0,0,0,0,0,0,0,0,4,0,0,0,0,0,0,0,0,0
ubt,bintrie,5,4,storage_sload_k10,3,,268,0,0,0.0393,4.1215,0.0015,0.0858,4.4275,0,4,0,0,0,0,0,0,0,0,0,0,4,0,0,0,0,0,0,0,0,0
ubt,bintrie,5,4,storage_sload_k10,3,,269,86852,2,0.0976,22.4919,2.6518,6.0692,31.5055,2.7567,11,0,0,0,3,0,0,0,1,157,6,5,54.55,0,0,0,0,0,0,0,0
ubt,bintrie,5,4,storage_sload_k10,3,,270,5900128,1,107.5503,7.3744,13.8242,0.713,129.7015,45.4901,17,258,11,437,2,0,0,0,0,0,4,13,23.53,51,207,19.77,11,0,100,437,0
ubt,bintrie,5,4,storage_sload_k10,3,,271,21000,1,0.2327,3.6644,2.9412,1.1127,11.3341,1.8528,6,0,0,0,2,0,0,0,0,0,0,6,0,0,0,0,0,0,0,0,0
ubt,bintrie,5,4,storage_sload_k10,3,,272,0,0,0.0259,12.7199,0.0023,0.1414,13.0546,0,4,0,0,0,0,0,0,0,0,0,0,4,0,0,0,0,0,0,0,0,0
ubt,bintrie,5,4,storage_sload_k10,4,,273,0,0,0.0283,2.9052,0.0019,0.1759,3.3,0,4,0,0,0,0,0,0,0,0,0,0,4,0,0,0,0,0,0,0,0,0
ubt,bintrie,5,4,storage_sload_k10,4,,274,0,0,0.0384,3.3392,0.0018,0.1165,3.7801,0,4,0,0,0,0,0,0,0,0,0,0,4,0,0,0,0,0,0,0,0,0
ubt,bintrie,5,4,storage_sload_k10,4,,275,0,0,0.027,14.1738,0.0021,0.1282,14.5003,0,4,0,0,0,0,0,0,0,0,0,0,4,0,0,0,0,0,0,0,0,0
ubt,bintrie,5,4,storage_sload_k10,4,,276,86852,2,0.1119,22.7221,2.9696,3.7856,29.8019,2.9143,11,0,0,0,3,0,0,0,1,157,5,6,45.45,0,0,0,0,0,0,0,0
ubt,bintrie,5,4,storage_sload_k10,4,,277,5900128,1,132.8221,3.2187,2.6752,0.5936,139.5276,42.2865,17,258,11,437,2,0,0,0,0,0,6,11,35.29,45,213,17.44,11,0,100,437,0
ubt,bintrie,5,4,storage_sload_k10,4,,278,21000,1,0.0561,14.2327,22.9856,0.627,38.0552,0.5518,6,0,0,0,2,0,0,0,0,0,2,4,33.33,0,0,0,0,0,0,0,0
ubt,bintrie,5,4,storage_sload_k10,4,,279,0,0,0.0225,2.657,0.0014,0.2549,3.3263,0,4,0,0,0,0,0,0,0,0,0,0,4,0,0,0,0,0,0,0,0,0
ubt,bintrie,5,4,storage_sload_k10,5,,280,0,0,0.0389,3.3031,0.0018,0.1917,3.6964,0,4,0,0,0,0,0,0,0,0,0,0,4,0,0,0,0,0,0,0,0,0
ubt,bintrie,5,4,storage_sload_k10,5,,281,0,0,0.4299,3.2945,0.0019,0.1182,4.2807,0,4,0,0,0,0,0,0,0,0,0,0,4,0,0,0,0,0,0,0,0,0
ubt,bintrie,5,4,storage_sload_k10,5,,282,86852,2,0.1297,16.6882,8.9129,4.4809,30.3869,2.8582,11,0,0,0,3,0,0,0,1,157,5,6,45.45,0,0,0,0,0,0,0,0
ubt,bintrie,5,4,storage_sload_k10,5,,283,5900128,1,113.2164,16.8359,14.4101,0.7035,145.3474,40.5933,17,258,11,437,2,0,0,0,0,0,4,13,23.53,34,224,13.18,11,0,100,437,0
ubt,bintrie,5,4,storage_sload_k10,5,,284,21000,1,0.0672,3.862,7.0921,0.9667,12.1202,1.7326,6,0,0,0,2,0,0,0,0,0,2,4,33.33,0,0,0,0,0,0,0,0
ubt,bintrie,5,4,storage_sload_k10,6,,285,0,0,0.0451,3.4874,0.0014,0.1887,3.9136,0,4,0,0,0,0,0,0,0,0,0,0,4,0,0,0,0,0,0,0,0,0
ubt,bintrie,5,4,storage_sload_k10,6,,286,0,0,0.0539,6.7783,0.0024,0.1234,7.3836,0,4,0,0,0,0,0,0,0,0,0,0,4,0,0,0,0,0,0,0,0,0
ubt,bintrie,5,4,storage_sload_k10,6,,287,0,0,0.0226,2.8386,0.0014,0.0978,3.1069,0,4,0,0,0,0,0,0,0,0,0,0,4,0,0,0,0,0,0,0,0,0
ubt,bintrie,5,4,storage_sload_k10,6,,288,86852,2,0.1721,18.93,6.0783,3.6479,29.1014,2.9845,11,0,0,0,3,0,0,0,1,157,5,6,45.45,0,0,0,0,0,0,0,0
ubt,bintrie,5,4,storage_sload_k10,6,,289,5900128,1,109.0149,16.3655,3.0048,1.0063,129.9437,45.4053,17,258,11,437,2,0,0,0,0,0,7,10,41.18,80,178,31.01,11,0,100,437,0
ubt,bintrie,5,4,storage_sload_k10,6,,290,21000,1,0.0718,22.3789,2.6759,0.6497,25.9354,0.8097,6,0,0,0,2,0,0,0,0,0,2,4,33.33,0,0,0,0,0,0,0,0
ubt,bintrie,5,4,storage_sload_k10,6,,291,0,0,0.0338,3.2343,0.0022,0.1731,3.6399,0,4,0,0,0,0,0,0,0,0,0,0,4,0,0,0,0,0,0,0,0,0
ubt,bintrie,5,4,storage_sload_k10,7,,292,0,0,0.039,3.0142,0.0016,0.1587,3.4174,0,4,0,0,0,0,0,0,0,0,0,0,4,0,0,0,0,0,0,0,0,0
ubt,bintrie,5,4,storage_sload_k10,7,,293,0,0,0.0427,6.2818,0.0021,0.1269,6.7953,0,4,0,0,0,0,0,0,0,0,0,0,4,0,0,0,0,0,0,0,0,0
ubt,bintrie,5,4,storage_sload_k10,7,,294,0,0,0.0416,14.1442,0.0024,0.1357,14.5105,0,4,0,0,0,0,0,0,0,0,0,0,4,0,0,0,0,0,0,0,0,0
ubt,bintrie,5,4,storage_sload_k10,7,,295,86852,2,1.4956,14.6989,3.1331,4.4769,23.9522,3.6261,11,0,0,0,3,0,0,0,1,157,6,5,54.55,0,0,0,0,0,0,0,0
ubt,bintrie,5,4,storage_sload_k10,7,,296,5900128,1,119.4895,6.9408,2.6808,0.6405,130.0851,45.3559,17,258,11,437,2,0,0,0,0,0,10,7,58.82,159,99,61.63,11,0,100,437,0
ubt,bintrie,5,4,storage_sload_k10,7,,297,21000,1,0.0541,20.6941,2.4869,0.6211,24.0096,0.8746,6,0,0,0,2,0,0,0,0,0,2,4,33.33,0,0,0,0,0,0,0,0
ubt,bintrie,5,4,storage_sload_k10,8,,298,0,0,0.0331,2.7747,0.0014,0.1894,3.1758,0,4,0,0,0,0,0,0,0,0,0,0,4,0,0,0,0,0,0,0,0,0
ubt,bintrie,5,4,storage_sload_k10,8,,299,0,0,0.0418,5.0111,0.0031,0.2582,6.9995,0,4,0,0,0,0,0,0,0,0,0,0,4,0,0,0,0,0,0,0,0,0
ubt,bintrie,5,4,storage_sload_k10,8,,300,0,0,0.034,20.351,0.0023,0.3031,21.1423,0,4,0,0,0,0,0,0,0,0,0,0,4,0,0,0,0,0,0,0,0,0
ubt,bintrie,5,4,storage_sload_k10,8,,301,86852,2,0.1572,26.0123,2.8908,4.1696,33.4572,2.5959,11,0,0,0,3,0,0,0,1,157,5,6,45.45,0,0,0,0,0,0,0,0
ubt,bintrie,5,4,storage_sload_k10,8,,302,5900128,1,112.9399,21.4846,3.0273,0.7683,138.4571,42.6134,17,258,11,437,2,0,0,0,0,0,6,11,35.29,79,179,30.62,11,0,100,437,0
ubt,bintrie,5,4,storage_sload_k10,8,,303,21000,1,0.1213,14.655,19.3965,0.6812,35.0255,0.5996,6,0,0,0,2,0,0,0,0,0,0,6,0,0,0,0,0,0,0,0,0
ubt,bintrie,5,4,storage_sload_k10,8,,304,0,0,0.0246,2.583,0.0013,0.2263,3.2441,0,4,0,0,0,0,0,0,0,0,0,0,4,0,0,0,0,0,0,0,0,0
ubt,bintrie,5,4,storage_sload_k10,9,,305,0,0,0.0438,3.1773,0.0015,0.2107,3.621,0,4,0,0,0,0,0,0,0,0,0,0,4,0,0,0,0,0,0,0,0,0
ubt,bintrie,5,4,storage_sload_k10,9,,306,0,0,0.0492,4.2387,0.0013,0.2141,4.8279,0,4,0,0,0,0,0,0,0,0,0,0,4,0,0,0,0,0,0,0,0,0
ubt,bintrie,5,4,storage_sload_k10,9,,307,0,0,0.0558,8.4039,0.0021,0.108,9.3121,0,4,0,0,0,0,0,0,0,0,0,0,4,0,0,0,0,0,0,0,0,0
ubt,bintrie,5,4,storage_sload_k10,9,,308,86852,2,0.1216,18.1687,2.7293,4.3791,25.5767,3.3958,11,0,0,0,3,0,0,0,1,157,6,5,54.55,0,0,0,0,0,0,0,0
ubt,bintrie,5,4,storage_sload_k10,9,,309,5900128,1,107.3653,6.21,2.4181,0.6577,116.8293,50.5021,17,258,11,437,2,0,0,0,0,0,5,12,29.41,25,233,9.69,11,0,100,437,0
ubt,bintrie,5,4,storage_sload_k10,9,,310,21000,1,0.0603,16.0209,2.5733,0.6396,19.4331,1.0806,6,0,0,0,2,0,0,0,0,0,2,4,33.33,0,0,0,0,0,0,0,0
ubt,bintrie,5,4,storage_sload_k10,9,,311,0,0,0.0461,10.2918,0.0022,0.1335,10.7623,0,4,0,0,0,0,0,0,0,0,0,0,4,0,0,0,0,0,0,0,0,0
ubt,bintrie,5,4,storage_sload_k100,10,,439,0,0,0.0344,3.1266,0.0015,0.1407,3.5159,0,4,0,0,0,0,0,0,0,0,0,0,4,0,0,0,0,0,0,0,0,0
ubt,bintrie,5,4,storage_sload_k100,10,,440,0,0,0.2849,6.0276,0.0019,0.1002,6.5749,0,4,0,0,0,0,0,0,0,0,0,0,4,0,0,0,0,0,0,0,0,0
ubt,bintrie,5,4,storage_sload_k100,10,,441,86852,2,0.119,21.5366,2.813,4.1106,28.7825,3.0175,11,0,0,0,3,0,0,0,1,157,6,5,54.55,0,0,0,0,0,0,0,0
ubt,bintrie,5,4,storage_sload_k100,10,,442,5900228,1,103.8711,10.3602,9.2373,0.6205,124.2634,47.4816,107,258,101,2957,2,0,0,0,0,0,16,91,14.95,32,226,12.4,101,0,100,2957,0
ubt,bintrie,5,4,storage_sload_k100,10,,443,21000,1,0.074,4.4602,3.7407,0.6683,9.1271,2.3009,6,0,0,0,2,0,0,0,0,0,2,4,33.33,0,0,0,0,0,0,0,0
ubt,bintrie,5,4,storage_sload_k100,11,,444,0,0,0.0358,2.8253,0.0013,0.1422,3.218,0,4,0,0,0,0,0,0,0,0,0,0,4,0,0,0,0,0,0,0,0,0
ubt,bintrie,5,4,storage_sload_k100,11,,445,0,0,0.0277,2.9986,0.0017,0.1257,3.2934,0,4,0,0,0,0,0,0,0,0,0,0,4,0,0,0,0,0,0,0,0,0
ubt,bintrie,5,4,storage_sload_k100,11,,446,0,0,0.0237,14.4288,0.0015,0.0949,14.7255,0,4,0,0,0,0,0,0,0,0,0,0,4,0,0,0,0,0,0,0,0,0
ubt,bintrie,5,4,storage_sload_k100,11,,447,86852,2,0.0976,23.927,2.7304,4.1767,31.1271,2.7902,11,0,0,0,3,0,0,0,1,157,5,6,45.45,0,0,0,0,0,0,0,0
ubt,bintrie,5,4,storage_sload_k100,11,,448,5900228,1,104.4818,7.0309,2.5904,0.7133,115.0138,51.3002,107,258,101,2957,2,0,0,0,0,0,14,93,13.08,27,231,10.47,101,0,100,2957,0
ubt,bintrie,5,4,storage_sload_k100,11,,449,21000,1,0.0647,14.448,16.5879,0.6723,31.9499,0.6573,6,0,0,0,2,0,0,0,0,0,2,4,33.33,0,0,0,0,0,0,0,0
ubt,bintrie,5,4,storage_sload_k100,12,,450,0,0,0.0317,2.7218,0.0016,0.1317,3.0791,0,4,0,0,0,0,0,0,0,0,0,0,4,0,0,0,0,0,0,0,0,0
ubt,bintrie,5,4,storage_sload_k100,12,,451,0,0,0.0317,3.9006,0.0027,0.1314,4.2196,0,4,0,0,0,0,0,0,0,0,0,0,4,0,0,0,0,0,0,0,0,0
ubt,bintrie,5,4,storage_sload_k100,12,,452,0,0,0.0614,18.8525,0.0023,0.1024,19.7757,0,4,0,0,0,0,0,0,0,0,0,0,4,0,0,0,0,0,0,0,0,0
ubt,bintrie,5,4,storage_sload_k100,12,,453,86852,2,0.0875,13.7462,14.2463,3.8434,32.0877,2.7067,11,0,0,0,3,0,0,0,1,157,6,5,54.55,0,0,0,0,0,0,0,0
ubt,bintrie,5,4,storage_sload_k100,12,,454,5900228,1,108.959,7.1996,2.4698,0.8712,119.9283,49.198,107,258,101,2957,2,0,0,0,0,0,21,86,19.63,56,202,21.71,101,0,100,2957,0
ubt,bintrie,5,4,storage_sload_k100,12,,455,21000,1,0.1293,3.8659,4.231,0.6198,9.0126,2.3301,6,0,0,0,2,0,0,0,0,0,2,4,33.33,0,0,0,0,0,0,0,0
ubt,bintrie,5,4,storage_sload_k100,13,,457,0,0,0.0394,3.4164,0.0016,0.2031,3.8756,0,4,0,0,0,0,0,0,0,0,0,0,4,0,0,0,0,0,0,0,0,0
ubt,bintrie,5,4,storage_sload_k100,13,,458,0,0,0.0346,3.3198,0.0015,0.0856,3.6047,0,4,0,0,0,0,0,0,0,0,0,0,4,0,0,0,0,0,0,0,0,0
ubt,bintrie,5,4,storage_sload_k100,13,,459,0,0,0.0319,14.8317,0.0021,0.1332,15.1784,0,4,0,0,0,0,0,0,0,0,0,0,4,0,0,0,0,0,0,0,0,0
ubt,bintrie,5,4,storage_sload_k100,13,,460,86852,2,0.119,3.1139,4.7441,3.8076,12.3963,7.0063,11,0,0,0,3,0,0,0,1,157,6,5,54.55,0,0,0,0,0,0,0,0
ubt,bintrie,5,4,storage_sload_k100,13,,461,5900228,1,108.8308,6.2164,2.5346,0.7286,130.0451,45.3706,107,258,101,2957,2,0,0,0,0,0,3,104,2.8,9,249,3.49,101,0,100,2957,0
ubt,bintrie,5,4,storage_sload_k100,13,,462,21000,1,0.054,3.0569,3.0371,3.7414,10.0374,2.0922,6,0,0,0,2,0,0,0,0,0,2,4,33.33,0,0,0,0,0,0,0,0
ubt,bintrie,5,4,storage_sload_k100,14,,464,0,0,0.0361,2.7595,0.0014,0.1369,3.1371,0,4,0,0,0,0,0,0,0,0,0,0,4,0,0,0,0,0,0,0,0,0
ubt,bintrie,5,4,storage_sload_k100,14,,465,0,0,0.0335,3.6954,0.0021,0.1019,4.0672,0,4,0,0,0,0,0,0,0,0,0,0,4,0,0,0,0,0,0,0,0,0
ubt,bintrie,5,4,storage_sload_k100,14,,466,0,0,0.0349,14.0891,0.0021,0.1149,14.3721,0,4,0,0,0,0,0,0,0,0,0,0,4,0,0,0,0,0,0,0,0,0
ubt,bintrie,5,4,storage_sload_k100,14,,467,86852,2,0.1282,3.5305,17.7061,3.9791,25.6515,3.3858,11,0,0,0,3,0,0,0,1,157,5,6,45.45,0,0,0,0,0,0,0,0
ubt,bintrie,5,4,storage_sload_k100,14,,468,5900228,1,108.5559,5.9662,2.7951,0.8786,118.5055,49.7887,107,258,101,2957,2,0,0,0,0,0,30,77,28.04,81,177,31.4,101,0,100,2957,0
ubt,bintrie,5,4,storage_sload_k100,14,,469,21000,1,0.0538,11.2665,2.5523,1.0343,17.8023,1.1796,6,0,0,0,2,0,0,0,0,0,2,4,33.33,0,0,0,0,0,0,0,0
ubt,bintrie,5,4,storage_sload_k100,14,,470,0,0,0.0402,3.2029,0.0028,0.1188,3.614,0,4,0,0,0,0,0,0,0,0,0,0,4,0,0,0,0,0,0,0,0,0
ubt,bintrie,5,4,storage_sload_k100,15,,471,0,0,0.0311,2.6333,0.0012,0.1259,2.996,0,4,0,0,0,0,0,0,0,0,0,0,4,0,0,0,0,0,0,0,0,0
ubt,bintrie,5,4,storage_sload_k100,15,,472,0,0,0.0343,2.9468,0.0017,0.0909,3.2449,0,4,0,0,0,0,0,0,0,0,0,0,4,0,0,0,0,0,0,0,0,0
ubt,bintrie,5,4,storage_sload_k100,15,,473,0,0,0.0256,2.7961,0.0014,0.1353,3.1235,0,4,0,0,0,0,0,0,0,0,0,0,4,0,0,0,0,0,0,0,0,0
ubt,bintrie,5,4,storage_sload_k100,15,,474,86852,2,0.1584,17.4299,4.4005,4.1347,26.2831,3.3045,11,0,0,0,3,0,0,0,1,157,5,6,45.45,0,0,0,0,0,0,0,0
ubt,bintrie,5,4,storage_sload_k100,15,,475,5900228,1,108.6481,17.8265,2.8042,0.8298,130.3117,45.2778,107,258,101,2957,2,0,0,0,0,0,46,61,42.99,96,162,37.21,101,0,100,2957,0
ubt,bintrie,5,4,storage_sload_k100,15,,476,21000,1,0.0655,23.4997,2.5689,0.6327,26.9218,0.78,6,0,0,0,2,0,0,0,0,0,2,4,33.33,0,0,0,0,0,0,0,0
ubt,bintrie,5,4,storage_sload_k100,15,,477,0,0,0.0332,8.3151,0.0028,0.1095,8.6385,0,4,0,0,0,0,0,0,0,0,0,0,4,0,0,0,0,0,0,0,0,0
ubt,bintrie,5,4,storage_sload_k100,16,,478,0,0,0.0294,2.6779,0.001,0.1589,3.0648,0,4,0,0,0,0,0,0,0,0,0,0,4,0,0,0,0,0,0,0,0,0
ubt,bintrie,5,4,storage_sload_k100,16,,479,0,0,0.0327,3.51,0.0018,0.1979,3.919,0,4,0,0,0,0,0,0,0,0,0,0,4,0,0,0,0,0,0,0,0,0
ubt,bintrie,5,4,storage_sload_k100,16,,480,0,0,0.0294,14.4912,0.0018,0.1285,14.8284,0,4,0,0,0,0,0,0,0,0,0,0,4,0,0,0,0,0,0,0,0,0
ubt,bintrie,5,4,storage_sload_k100,16,,481,86852,2,0.1365,3.2996,14.5763,3.8142,22.3099,3.893,11,0,0,0,3,0,0,0,1,157,6,5,54.55,0,0,0,0,0,0,0,0
ubt,bintrie,5,4,storage_sload_k100,16,,482,5900228,1,106.0926,7.3695,3.0752,0.838,117.7329,50.1154,107,258,101,2957,2,0,0,0,0,0,50,57,46.73,116,142,44.96,101,0,100,2957,0
ubt,bintrie,5,4,storage_sload_k100,16,,483,21000,1,0.0675,17.0467,2.3644,0.6425,21.6827,0.9685,6,0,0,0,2,0,0,0,0,0,2,4,33.33,0,0,0,0,0,0,0,0
ubt,bintrie,5,4,storage_sload_k100,16,,484,0,0,0.0256,13.7475,0.002,0.1033,14.0209,0,4,0,0,0,0,0,0,0,0,0,0,4,0,0,0,0,0,0,0,0,0
ubt,bintrie,5,4,storage_sload_k100,17,,485,0,0,0.0752,3.376,0.0023,0.312,3.9783,0,4,0,0,0,0,0,0,0,0,0,0,4,0,0,0,0,0,0,0,0,0
ubt,bintrie,5,4,storage_sload_k100,17,,486,0,0,0.0302,3.0933,0.0017,0.1036,3.3769,0,4,0,0,0,0,0,0,0,0,0,0,4,0,0,0,0,0,0,0,0,0
ubt,bintrie,5,4,storage_sload_k100,17,,487,0,0,0.0335,3.2666,0.0017,0.1801,3.6295,0,4,0,0,0,0,0,0,0,0,0,0,4,0,0,0,0,0,0,0,0,0
ubt,bintrie,5,4,storage_sload_k100,17,,488,86852,2,0.0969,16.4357,3.0342,4.1863,23.9332,3.6289,11,0,0,0,3,0,0,0,1,157,6,5,54.55,0,0,0,0,0,0,0,0
ubt,bintrie,5,4,storage_sload_k100,17,,489,5900228,1,102.8419,23.6128,2.566,0.8578,130.2913,45.2849,107,258,101,2957,2,0,0,0,0,0,26,81,24.3,74,184,28.68,101,0,100,2957,0
ubt,bintrie,5,4,storage_sload_k100,17,,490,21000,1,0.0647,23.0604,2.3433,0.7094,26.3563,0.7968,6,0,0,0,2,0,0,0,0,0,2,4,33.33,0,0,0,0,0,0,0,0
ubt,bintrie,5,4,storage_sload_k100,17,,491,0,0,0.0222,12.9796,0.002,0.1095,13.2817,0,4,0,0,0,0,0,0,0,0,0,0,4,0,0,0,0,0,0,0,0,0
ubt,bintrie,5,4,storage_sload_k100,18,,492,0,0,0.0405,2.8006,0.0013,0.1836,3.2425,0,4,0,0,0,0,0,0,0,0,0,0,4,0,0,0,0,0,0,0,0,0
ubt,bintrie,5,4,storage_sload_k100,18,,493,0,0,0.1282,3.5098,0.0015,0.1394,4.0097,0,4,0,0,0,0,0,0,0,0,0,0,4,0,0,0,0,0,0,0,0,0
ubt,bintrie,5,4,storage_sload_k100,18,,494,86852,2,0.1166,6.9023,14.5402,3.9228,25.6703,3.3834,11,0,0,0,3,0,0,0,1,157,5,6,45.45,0,0,0,0,0,0,0,0
ubt,bintrie,5,4,storage_sload_k100,18,,495,5900228,1,154.5887,13.1481,2.4988,0.6957,171.1013,34.4838,107,258,101,2957,2,0,0,0,0,0,17,90,15.89,40,218,15.5,101,0,100,2957,0
ubt,bintrie,5,4,storage_sload_k100,18,,496,21000,1,0.0761,15.1773,14.4307,0.618,30.489,0.6888,6,0,0,0,2,0,0,0,0,0,2,4,33.33,0,0,0,0,0,0,0,0
ubt,bintrie,5,4,storage_sload_k100,19,,497,0,0,0.0422,2.7229,0.0014,0.1352,3.0528,0,4,0,0,0,0,0,0,0,0,0,0,4,0,0,0,0,0,0,0,0,0
ubt,bintrie,5,4,storage_sload_k100,19,,498,0,0,0.1351,6.068,0.0024,0.1928,6.5773,0,4,0,0,0,0,0,0,0,0,0,0,4,0,0,0,0,0,0,0,0,0
ubt,bintrie,5,4,storage_sload_k100,19,,499,0,0,0.0265,14.0196,0.0021,0.1306,14.3162,0,4,0,0,0,0,0,0,0,0,0,0,4,0,0,0,0,0,0,0,0,0
ubt,bintrie,5,4,storage_sload_k100,19,,500,86852,2,0.1844,16.1384,2.7436,7.7815,27.0673,3.2087,11,0,0,0,3,0,0,0,1,157,5,6,45.45,0,0,0,0,0,0,0,0
ubt,bintrie,5,4,storage_sload_k100,19,,501,5900228,1,101.279,3.3228,2.574,0.7948,108.1755,54.5431,107,258,101,2957,2,0,0,0,0,0,21,86,19.63,61,197,23.64,101,0,100,2957,0
ubt,bintrie,5,4,storage_sload_k100,19,,502,21000,1,0.074,13.8416,13.8508,0.6658,28.6151,0.7339,6,0,0,0,2,0,0,0,0,0,2,4,33.33,0,0,0,0,0,0,0,0
ubt,bintrie,5,4,storage_sload_k100,1,,382,0,0,0.0457,3.1653,0.0016,0.1538,3.584,0,4,0,0,0,0,0,0,0,0,0,0,4,0,0,0,0,0,0,0,0,0
ubt,bintrie,5,4,storage_sload_k100,1,,383,0,0,0.0283,3.2116,0.0018,0.2166,3.6643,0,4,0,0,0,0,0,0,0,0,0,0,4,0,0,0,0,0,0,0,0,0
ubt,bintrie,5,4,storage_sload_k100,1,,384,0,0,0.0225,2.7032,0.0017,0.0845,2.957,0,4,0,0,0,0,0,0,0,0,0,0,4,0,0,0,0,0,0,0,0,0
ubt,bintrie,5,4,storage_sload_k100,1,,385,86852,2,0.1052,16.6875,13.7518,4.1985,35.0402,2.4786,11,0,0,0,3,0,0,0,1,157,6,5,54.55,0,0,0,0,0,0,0,0
ubt,bintrie,5,4,storage_sload_k100,1,,386,5900228,1,102.9656,11.3033,3.4143,0.7004,118.6918,49.7105,107,258,101,2957,2,0,0,0,0,0,28,79,26.17,83,175,32.17,101,0,100,2957,0
ubt,bintrie,5,4,storage_sload_k100,1,,387,21000,1,0.0586,15.3543,14.02,1.0733,30.6691,0.6847,6,0,0,0,2,0,0,0,0,0,2,4,33.33,0,0,0,0,0,0,0,0
ubt,bintrie,5,4,storage_sload_k100,20,,503,0,0,0.0543,3.2815,0.0015,0.2428,3.8084,0,4,0,0,0,0,0,0,0,0,0,0,4,0,0,0,0,0,0,0,0,0
ubt,bintrie,5,4,storage_sload_k100,20,,504,0,0,0.05,4.1643,0.0053,0.1367,4.6785,0,4,0,0,0,0,0,0,0,0,0,0,4,0,0,0,0,0,0,0,0,0
ubt,bintrie,5,4,storage_sload_k100,20,,505,0,0,0.0399,18.0409,0.0062,0.1318,18.5757,0,4,0,0,0,0,0,0,0,0,0,0,4,0,0,0,0,0,0,0,0,0
ubt,bintrie,5,4,storage_sload_k100,20,,506,86852,2,0.1772,19.2447,3.1531,3.9114,26.6439,3.2597,11,0,0,0,3,0,0,0,1,157,5,6,45.45,0,0,0,0,0,0,0,0
ubt,bintrie,5,4,storage_sload_k100,20,,507,5900228,1,101.2565,9.9224,2.4683,1.0386,114.9956,51.3083,107,258,101,2957,2,0,0,0,0,0,45,62,42.06,118,140,45.74,101,0,100,2957,0
ubt,bintrie,5,4,storage_sload_k100,20,,508,21000,1,0.0714,13.838,2.7926,0.6355,22.7634,0.9225,6,0,0,0,2,0,0,0,0,0,2,4,33.33,0,0,0,0,0,0,0,0
ubt,bintrie,5,4,storage_sload_k100,20,,509,0,0,0.027,2.7784,0.002,0.0895,3.0478,0,4,0,0,0,0,0,0,0,0,0,0,4,0,0,0,0,0,0,0,0,0
ubt,bintrie,5,4,storage_sload_k100,2,,389,0,0,0.0288,2.8458,0.0014,0.1383,3.1985,0,4,0,0,0,0,0,0,0,0,0,0,4,0,0,0,0,0,0,0,0,0
ubt,bintrie,5,4,storage_sload_k100,2,,390,0,0,0.0334,4.8242,0.0017,0.1981,5.2433,0,4,0,0,0,0,0,0,0,0,0,0,4,0,0,0,0,0,0,0,0,0
ubt,bintrie,5,4,storage_sload_k100,2,,391,0,0,0.0307,15.3235,0.0019,0.1678,15.7333,0,4,0,0,0,0,0,0,0,0,0,0,4,0,0,0,0,0,0,0,0,0
ubt,bintrie,5,4,storage_sload_k100,2,,392,86852,2,0.0946,21.21,2.6661,4.1398,28.2737,3.0718,11,0,0,0,3,0,0,0,1,157,5,6,45.45,0,0,0,0,0,0,0,0
ubt,bintrie,5,4,storage_sload_k100,2,,393,5900228,1,103.4032,6.6556,2.5053,0.7285,113.4424,52.0108,107,258,101,2957,2,0,0,0,0,0,3,104,2.8,14,244,5.43,101,0,100,2957,0
ubt,bintrie,5,4,storage_sload_k100,2,,394,21000,1,0.0603,16.1385,19.328,0.5838,36.3638,0.5775,6,0,0,0,2,0,0,0,0,0,2,4,33.33,0,0,0,0,0,0,0,0
ubt,bintrie,5,4,storage_sload_k100,3,,395,0,0,0.0377,2.7898,0.0012,0.1423,3.154,0,4,0,0,0,0,0,0,0,0,0,0,4,0,0,0,0,0,0,0,0,0
ubt,bintrie,5,4,storage_sload_k100,3,,396,0,0,0.0223,4.6614,0.0013,0.083,4.9193,0,4,0,0,0,0,0,0,0,0,0,0,4,0,0,0,0,0,0,0,0,0
ubt,bintrie,5,4,storage_sload_k100,3,,397,0,0,0.0217,2.717,0.0016,0.0897,2.9817,0,4,0,0,0,0,0,0,0,0,0,0,4,0,0,0,0,0,0,0,0,0
ubt,bintrie,5,4,storage_sload_k100,3,,398,86852,2,0.0978,14.4386,14.1408,4.626,33.5175,2.5912,11,0,0,0,3,0,0,0,1,157,5,6,45.45,0,0,0,0,0,0,0,0
ubt,bintrie,5,4,storage_sload_k100,3,,399,5900228,1,106.1312,8.5054,8.5012,1.1823,124.5002,47.3913,107,258,101,2957,2,0,0,0,0,0,35,72,32.71,78,180,30.23,101,0,100,2957,0
ubt,bintrie,5,4,storage_sload_k100,3,,400,21000,1,0.0602,21.0371,2.4685,0.5521,24.2854,0.8647,6,0,0,0,2,0,0,0,0,0,2,4,33.33,0,0,0,0,0,0,0,0
ubt,bintrie,5,4,storage_sload_k100,4,,401,0,0,0.0298,2.7329,0.0041,0.149,3.0939,0,4,0,0,0,0,0,0,0,0,0,0,4,0,0,0,0,0,0,0,0,0
ubt,bintrie,5,4,storage_sload_k100,4,,402,0,0,0.0402,6.3668,0.0023,0.1438,6.896,0,4,0,0,0,0,0,0,0,0,0,0,4,0,0,0,0,0,0,0,0,0
ubt,bintrie,5,4,storage_sload_k100,4,,403,0,0,0.0295,15.1662,0.0024,0.102,15.4406,0,4,0,0,0,0,0,0,0,0,0,0,4,0,0,0,0,0,0,0,0,0
ubt,bintrie,5,4,storage_sload_k100,4,,404,86852,2,0.1156,5.5495,4.7179,3.9093,16.3339,5.3173,11,0,0,0,3,0,0,0,1,157,6,5,54.55,0,0,0,0,0,0,0,0
ubt,bintrie,5,4,storage_sload_k100,4,,405,5900228,1,98.6401,16.6512,2.6439,0.7957,118.9053,49.6212,107,258,101,2957,2,0,0,0,0,0,26,81,24.3,72,186,27.91,101,0,100,2957,0
ubt,bintrie,5,4,storage_sload_k100,4,,406,21000,1,0.0678,20.8865,2.493,0.6282,24.3705,0.8617,6,0,0,0,2,0,0,0,0,0,2,4,33.33,0,0,0,0,0,0,0,0
ubt,bintrie,5,4,storage_sload_k100,5,,408,0,0,0.05,3.1143,0.0018,0.1597,3.551,0,4,0,0,0,0,0,0,0,0,0,0,4,0,0,0,0,0,0,0,0,0
ubt,bintrie,5,4,storage_sload_k100,5,,409,0,0,0.2528,3.4628,0.0015,0.1331,4.1829,0,4,0,0,0,0,0,0,0,0,0,0,4,0,0,0,0,0,0,0,0,0
ubt,bintrie,5,4,storage_sload_k100,5,,410,86852,2,0.1215,17.338,2.5938,4.0967,24.2977,3.5745,11,0,0,0,3,0,0,0,1,157,5,6,45.45,0,0,0,0,0,0,0,0
ubt,bintrie,5,4,storage_sload_k100,5,,411,5900228,1,109.4688,16.8036,4.8965,0.711,132.0764,44.6728,107,258,101,2957,2,0,0,0,0,0,14,93,13.08,35,223,13.57,101,0,100,2957,0
ubt,bintrie,5,4,storage_sload_k100,5,,412,21000,1,0.1297,3.5062,3.8462,0.6356,8.2868,2.5342,6,0,0,0,2,0,0,0,0,0,2,4,33.33,0,0,0,0,0,0,0,0
ubt,bintrie,5,4,storage_sload_k100,6,,413,0,0,0.0343,2.7556,0.0014,0.156,3.1065,0,4,0,0,0,0,0,0,0,0,0,0,4,0,0,0,0,0,0,0,0,0
ubt,bintrie,5,4,storage_sload_k100,6,,414,0,0,0.0478,8.5746,0.0024,0.1554,9.1841,0,4,0,0,0,0,0,0,0,0,0,0,4,0,0,0,0,0,0,0,0,0
ubt,bintrie,5,4,storage_sload_k100,6,,415,0,0,0.0243,13.7838,0.0029,0.1977,14.1696,0,4,0,0,0,0,0,0,0,0,0,0,4,0,0,0,0,0,0,0,0,0
ubt,bintrie,5,4,storage_sload_k100,6,,416,86852,2,0.1935,10.7735,2.9401,4.1012,28.6663,3.0298,11,0,0,0,3,0,0,0,1,157,5,6,45.45,0,0,0,0,0,0,0,0
ubt,bintrie,5,4,storage_sload_k100,6,,417,5900228,1,101.0153,6.6219,3.3282,0.7027,111.9145,52.7209,107,258,101,2957,2,0,0,0,0,0,23,84,21.5,71,187,27.52,101,0,100,2957,0
ubt,bintrie,5,4,storage_sload_k100,6,,418,21000,1,0.0999,16.452,16.4518,0.6075,33.8006,0.6213,6,0,0,0,2,0,0,0,0,0,2,4,33.33,0,0,0,0,0,0,0,0
ubt,bintrie,5,4,storage_sload_k100,7,,419,0,0,0.0357,3.0655,0.0013,0.1291,3.4383,0,4,0,0,0,0,0,0,0,0,0,0,4,0,0,0,0,0,0,0,0,0
ubt,bintrie,5,4,storage_sload_k100,7,,420,0,0,0.0301,4.6941,0.0015,0.1194,4.9882,0,4,0,0,0,0,0,0,0,0,0,0,4,0,0,0,0,0,0,0,0,0
ubt,bintrie,5,4,storage_sload_k100,7,,421,0,0,0.0286,14.8417,0.0024,0.1399,15.1932,0,4,0,0,0,0,0,0,0,0,0,0,4,0,0,0,0,0,0,0,0,0
ubt,bintrie,5,4,storage_sload_k100,7,,422,86852,2,0.1397,11.9239,2.6243,3.8831,18.7455,4.6332,11,0,0,0,3,0,0,0,1,157,5,6,45.45,0,0,0,0,0,0,0,0
ubt,bintrie,5,4,storage_sload_k100,7,,423,5900228,1,102.9947,12.1995,17.1033,0.8194,133.316,44.2575,107,258,101,2957,2,0,0,0,0,0,11,96,10.28,30,228,11.63,101,0,100,2957,0
ubt,bintrie,5,4,storage_sload_k100,7,,424,21000,1,0.0585,19.5475,2.8532,0.7104,23.4002,0.8974,6,0,0,0,2,0,0,0,0,0,2,4,33.33,0,0,0,0,0,0,0,0
ubt,bintrie,5,4,storage_sload_k100,8,,425,0,0,0.0424,3.1506,0.0017,0.1427,3.5196,0,4,0,0,0,0,0,0,0,0,0,0,4,0,0,0,0,0,0,0,0,0
ubt,bintrie,5,4,storage_sload_k100,8,,426,0,0,0.0349,3.5412,0.0017,0.1302,3.8968,0,4,0,0,0,0,0,0,0,0,0,0,4,0,0,0,0,0,0,0,0,0
ubt,bintrie,5,4,storage_sload_k100,8,,427,0,0,0.0328,2.8999,0.0024,0.1101,3.1744,0,4,0,0,0,0,0,0,0,0,0,0,4,0,0,0,0,0,0,0,0,0
ubt,bintrie,5,4,storage_sload_k100,8,,428,86852,2,0.1422,15.471,13.2626,3.713,32.753,2.6517,11,0,0,0,3,0,0,0,1,157,5,6,45.45,0,0,0,0,0,0,0,0
ubt,bintrie,5,4,storage_sload_k100,8,,429,5900228,1,110.9752,3.3346,2.9047,0.8788,118.5513,49.7694,107,258,101,2957,2,0,0,0,0,0,44,63,41.12,110,148,42.64,101,0,100,2957,0
ubt,bintrie,5,4,storage_sload_k100,8,,430,21000,1,0.0521,20.0074,2.3889,0.594,23.2372,0.9037,6,0,0,0,2,0,0,0,0,0,2,4,33.33,0,0,0,0,0,0,0,0
ubt,bintrie,5,4,storage_sload_k100,8,,431,0,0,0.023,2.7709,0.0015,0.2437,3.3195,0,4,0,0,0,0,0,0,0,0,0,0,4,0,0,0,0,0,0,0,0,0
ubt,bintrie,5,4,storage_sload_k100,9,,432,0,0,0.0293,2.7375,0.001,0.127,3.0853,0,4,0,0,0,0,0,0,0,0,0,0,4,0,0,0,0,0,0,0,0,0
ubt,bintrie,5,4,storage_sload_k100,9,,433,0,0,0.0255,3.9505,0.0015,0.292,4.6913,0,4,0,0,0,0,0,0,0,0,0,0,4,0,0,0,0,0,0,0,0,0
ubt,bintrie,5,4,storage_sload_k100,9,,434,0,0,0.0312,16.009,0.0022,0.2728,16.8004,0,4,0,0,0,0,0,0,0,0,0,0,4,0,0,0,0,0,0,0,0,0
ubt,bintrie,5,4,storage_sload_k100,9,,435,86852,2,0.1301,3.2284,14.7137,4.699,22.9568,3.7833,11,0,0,0,3,0,0,0,1,157,5,6,45.45,0,0,0,0,0,0,0,0
ubt,bintrie,5,4,storage_sload_k100,9,,436,5900228,1,98.6466,12.6232,3.4115,0.9572,116.2584,50.751,107,258,101,2957,2,0,0,0,0,0,18,89,16.82,44,214,17.05,101,0,100,2957,0
ubt,bintrie,5,4,storage_sload_k100,9,,437,21000,1,0.0651,2.9789,2.5361,0.5851,6.317,3.3244,6,0,0,0,2,0,0,0,0,0,2,4,33.33,0,0,0,0,0,0,0,0
ubt,bintrie,5,4,storage_sload_k100,9,,438,0,0,0.0398,2.774,0.0016,0.1299,3.1311,0,4,0,0,0,0,0,0,0,0,0,0,4,0,0,0,0,0,0,0,0,0
ubt,bintrie,5,4,storage_sload_k256,10,,574,0,0,0.0275,2.8156,0.0013,0.1484,3.1769,0,4,0,0,0,0,0,0,0,0,0,0,4,0,0,0,0,0,0,0,0,0
ubt,bintrie,5,4,storage_sload_k256,10,,575,0,0,0.0402,4.7107,0.0015,0.1271,5.3005,0,4,0,0,0,0,0,0,0,0,0,0,4,0,0,0,0,0,0,0,0,0
ubt,bintrie,5,4,storage_sload_k256,10,,576,0,0,0.0423,4.6205,0.0025,0.3222,5.2809,0,4,0,0,0,0,0,0,0,0,0,0,4,0,0,0,0,0,0,0,0,0
ubt,bintrie,5,4,storage_sload_k256,10,,577,86840,2,0.1313,14.9994,14.9478,4.3436,34.6086,2.5092,11,0,0,0,3,0,0,0,1,157,5,6,45.45,0,0,0,0,0,0,0,0
ubt,bintrie,5,4,storage_sload_k256,10,,578,5900456,1,111.5024,9.7224,4.0969,0.6846,126.2392,46.7403,263,259,257,7325,2,0,0,0,0,0,41,222,15.59,49,210,18.92,257,0,100,7325,0
ubt,bintrie,5,4,storage_sload_k256,10,,579,21000,1,0.0582,2.9628,10.0133,1.3902,14.6109,1.4373,6,0,0,0,2,0,0,0,0,0,2,4,33.33,0,0,0,0,0,0,0,0
ubt,bintrie,5,4,storage_sload_k256,10,,580,0,0,0.0221,2.596,0.0014,0.0898,2.9355,0,4,0,0,0,0,0,0,0,0,0,0,4,0,0,0,0,0,0,0,0,0
ubt,bintrie,5,4,storage_sload_k256,11,,581,0,0,0.2626,5.058,0.0016,0.3312,5.8729,0,4,0,0,0,0,0,0,0,0,0,0,4,0,0,0,0,0,0,0,0,0
ubt,bintrie,5,4,storage_sload_k256,11,,582,0,0,0.03,3.3494,0.0022,0.1375,3.7229,0,4,0,0,0,0,0,0,0,0,0,0,4,0,0,0,0,0,0,0,0,0
ubt,bintrie,5,4,storage_sload_k256,11,,583,0,0,0.0232,2.7372,0.0016,0.085,3.0377,0,4,0,0,0,0,0,0,0,0,0,0,4,0,0,0,0,0,0,0,0,0
ubt,bintrie,5,4,storage_sload_k256,11,,584,86840,2,0.102,15.2403,14.4697,4.3623,34.3338,2.5293,11,0,0,0,3,0,0,0,1,157,6,5,54.55,0,0,0,0,0,0,0,0
ubt,bintrie,5,4,storage_sload_k256,11,,585,5900456,1,87.8089,15.4308,2.9268,0.6658,107.0052,55.1418,263,259,257,7325,2,0,0,0,0,0,44,219,16.73,62,197,23.94,257,0,100,7325,0
ubt,bintrie,5,4,storage_sload_k256,11,,586,21000,1,0.0592,17.6952,2.5738,0.6217,21.1545,0.9927,6,0,0,0,2,0,0,0,0,0,2,4,33.33,0,0,0,0,0,0,0,0
ubt,bintrie,5,4,storage_sload_k256,12,,588,0,0,0.0491,2.8993,0.0018,0.186,3.3858,0,4,0,0,0,0,0,0,0,0,0,0,4,0,0,0,0,0,0,0,0,0
ubt,bintrie,5,4,storage_sload_k256,12,,589,0,0,0.0313,3.3567,0.0015,0.1531,3.6764,0,4,0,0,0,0,0,0,0,0,0,0,4,0,0,0,0,0,0,0,0,0
ubt,bintrie,5,4,storage_sload_k256,12,,590,0,0,0.03,14.6404,0.0029,0.3033,15.4615,0,4,0,0,0,0,0,0,0,0,0,0,4,0,0,0,0,0,0,0,0,0
ubt,bintrie,5,4,storage_sload_k256,12,,591,86840,2,0.1486,16.7706,2.8396,4.2806,24.2287,3.5842,11,0,0,0,3,0,0,0,1,157,5,6,45.45,0,0,0,0,0,0,0,0
ubt,bintrie,5,4,storage_sload_k256,12,,592,5900456,1,93.5638,18.0517,2.4209,0.624,114.8172,51.39,263,259,257,7325,2,0,0,0,0,0,31,232,11.79,25,234,9.65,257,0,100,7325,0
ubt,bintrie,5,4,storage_sload_k256,12,,593,21000,1,0.0766,17.8491,2.3672,0.6533,23.9425,0.8771,6,0,0,0,2,0,0,0,0,0,2,4,33.33,0,0,0,0,0,0,0,0
ubt,bintrie,5,4,storage_sload_k256,12,,594,0,0,0.0234,2.5615,0.0015,0.1242,2.8571,0,4,0,0,0,0,0,0,0,0,0,0,4,0,0,0,0,0,0,0,0,0
ubt,bintrie,5,4,storage_sload_k256,13,,595,0,0,0.0482,2.9965,0.0017,0.2162,3.4724,0,4,0,0,0,0,0,0,0,0,0,0,4,0,0,0,0,0,0,0,0,0
ubt,bintrie,5,4,storage_sload_k256,13,,596,0,0,0.0281,6.362,0.0016,0.1078,6.8178,0,4,0,0,0,0,0,0,0,0,0,0,4,0,0,0,0,0,0,0,0,0
ubt,bintrie,5,4,storage_sload_k256,13,,597,0,0,0.0248,14.14,0.0021,0.3446,15.465,0,4,0,0,0,0,0,0,0,0,0,0,4,0,0,0,0,0,0,0,0,0
ubt,bintrie,5,4,storage_sload_k256,13,,598,86840,2,0.0996,13.3387,17.1784,4.3418,35.1768,2.4687,11,0,0,0,3,0,0,0,1,157,5,6,45.45,0,0,0,0,0,0,0,0
ubt,bintrie,5,4,storage_sload_k256,13,,599,5900456,1,84.2164,7.7749,3.2362,0.6223,96.1029,61.3973,263,259,257,7325,2,0,0,0,0,0,49,214,18.63,65,194,25.1,257,0,100,7325,0
ubt,bintrie,5,4,storage_sload_k256,13,,600,21000,1,0.0568,3.4629,14.2372,0.599,18.4899,1.1358,6,0,0,0,2,0,0,0,0,0,2,4,33.33,0,0,0,0,0,0,0,0
ubt,bintrie,5,4,storage_sload_k256,13,,601,0,0,0.0236,2.5506,0.0015,0.0862,2.7954,0,4,0,0,0,0,0,0,0,0,0,0,4,0,0,0,0,0,0,0,0,0
ubt,bintrie,5,4,storage_sload_k256,14,,602,0,0,0.0485,3.5181,0.0022,0.2128,3.9752,0,4,0,0,0,0,0,0,0,0,0,0,4,0,0,0,0,0,0,0,0,0
ubt,bintrie,5,4,storage_sload_k256,14,,603,0,0,0.025,3.679,0.0019,0.2335,4.0685,0,4,0,0,0,0,0,0,0,0,0,0,4,0,0,0,0,0,0,0,0,0
ubt,bintrie,5,4,storage_sload_k256,14,,604,0,0,0.0283,18.6209,0.002,0.1044,19.0321,0,4,0,0,0,0,0,0,0,0,0,0,4,0,0,0,0,0,0,0,0,0
ubt,bintrie,5,4,storage_sload_k256,14,,605,86840,2,0.1176,3.8285,16.0025,4.1302,24.3177,3.5711,11,0,0,0,3,0,0,0,1,157,5,6,45.45,0,0,0,0,0,0,0,0
ubt,bintrie,5,4,storage_sload_k256,14,,606,5900456,1,106.719,22.7789,2.5158,0.6494,132.8921,44.4004,263,259,257,7325,2,0,0,0,0,0,118,145,44.87,130,129,50.19,257,0,100,7325,0
ubt,bintrie,5,4,storage_sload_k256,14,,607,21000,1,0.0558,21.0992,2.4847,0.6417,24.4442,0.8591,6,0,0,0,2,0,0,0,0,0,2,4,33.33,0,0,0,0,0,0,0,0
ubt,bintrie,5,4,storage_sload_k256,14,,608,0,0,0.063,5.684,0.0022,0.1486,6.0405,0,4,0,0,0,0,0,0,0,0,0,0,4,0,0,0,0,0,0,0,0,0
ubt,bintrie,5,4,storage_sload_k256,15,,609,0,0,0.0565,3.2711,0.0019,0.1842,3.7516,0,4,0,0,0,0,0,0,0,0,0,0,4,0,0,0,0,0,0,0,0,0
ubt,bintrie,5,4,storage_sload_k256,15,,610,0,0,0.0256,3.5947,0.0013,0.0875,3.8672,0,4,0,0,0,0,0,0,0,0,0,0,4,0,0,0,0,0,0,0,0,0
ubt,bintrie,5,4,storage_sload_k256,15,,611,0,0,0.0293,2.9244,0.0015,0.1428,3.2819,0,4,0,0,0,0,0,0,0,0,0,0,4,0,0,0,0,0,0,0,0,0
ubt,bintrie,5,4,storage_sload_k256,15,,612,86840,2,0.1474,14.7286,14.1379,4.2114,33.748,2.5732,11,0,0,0,3,0,0,0,1,157,5,6,45.45,0,0,0,0,0,0,0,0
ubt,bintrie,5,4,storage_sload_k256,15,,613,5900456,1,83.9264,12.5925,2.8822,0.8672,100.7058,58.591,263,259,257,7325,2,0,0,0,0,0,46,217,17.49,45,214,17.37,257,0,100,7325,0
ubt,bintrie,5,4,storage_sload_k256,15,,614,21000,1,0.0559,14.4513,13.8566,0.6735,29.2083,0.719,6,0,0,0,2,0,0,0,0,0,2,4,33.33,0,0,0,0,0,0,0,0
ubt,bintrie,5,4,storage_sload_k256,15,,615,0,0,0.0241,2.6927,0.0017,0.0935,2.9705,0,4,0,0,0,0,0,0,0,0,0,0,4,0,0,0,0,0,0,0,0,0
ubt,bintrie,5,4,storage_sload_k256,16,,616,0,0,0.0462,3.0344,0.005,0.1934,3.5003,0,4,0,0,0,0,0,0,0,0,0,0,4,0,0,0,0,0,0,0,0,0
ubt,bintrie,5,4,storage_sload_k256,16,,617,0,0,0.0366,5.7211,0.002,0.1278,6.0774,0,4,0,0,0,0,0,0,0,0,0,0,4,0,0,0,0,0,0,0,0,0
ubt,bintrie,5,4,storage_sload_k256,16,,618,0,0,0.032,18.1584,0.0019,0.1314,18.4823,0,4,0,0,0,0,0,0,0,0,0,0,4,0,0,0,0,0,0,0,0,0
ubt,bintrie,5,4,storage_sload_k256,16,,619,86840,2,0.1039,14.0474,13.4243,4.0134,31.7565,2.7346,11,0,0,0,3,0,0,0,1,157,6,5,54.55,0,0,0,0,0,0,0,0
ubt,bintrie,5,4,storage_sload_k256,16,,620,5900456,1,97.4905,13.6603,2.4606,0.6663,114.559,51.5058,263,259,257,7325,2,0,0,0,0,0,35,228,13.31,39,220,15.06,257,0,100,7325,0
ubt,bintrie,5,4,storage_sload_k256,16,,621,21000,1,0.0842,12.611,2.3454,0.5475,15.7618,1.3323,6,0,0,0,2,0,0,0,0,0,2,4,33.33,0,0,0,0,0,0,0,0
ubt,bintrie,5,4,storage_sload_k256,16,,622,0,0,0.0395,3.5221,0.0021,0.2233,4.0234,0,4,0,0,0,0,0,0,0,0,0,0,4,0,0,0,0,0,0,0,0,0
ubt,bintrie,5,4,storage_sload_k256,17,,623,0,0,0.0398,2.8901,0.0016,0.2007,3.3476,0,4,0,0,0,0,0,0,0,0,0,0,4,0,0,0,0,0,0,0,0,0
ubt,bintrie,5,4,storage_sload_k256,17,,624,0,0,0.0483,7.6253,0.0021,0.1209,8.2795,0,4,0,0,0,0,0,0,0,0,0,0,4,0,0,0,0,0,0,0,0,0
ubt,bintrie,5,4,storage_sload_k256,17,,625,0,0,0.0319,5.0695,0.0021,0.365,5.8231,0,4,0,0,0,0,0,0,0,0,0,0,4,0,0,0,0,0,0,0,0,0
ubt,bintrie,5,4,storage_sload_k256,17,,626,86840,2,0.0999,20.5725,2.6118,3.9247,27.3764,3.1721,11,0,0,0,3,0,0,0,1,157,5,6,45.45,0,0,0,0,0,0,0,0
ubt,bintrie,5,4,storage_sload_k256,17,,627,5900456,1,85.814,20.4163,2.5193,0.6077,109.5485,53.8616,263,259,257,7325,2,0,0,0,0,0,61,202,23.19,59,200,22.78,257,0,100,7325,0
ubt,bintrie,5,4,storage_sload_k256,17,,628,21000,1,0.0607,14.3621,16.3545,0.6762,31.6285,0.664,6,0,0,0,2,0,0,0,0,0,2,4,33.33,0,0,0,0,0,0,0,0
ubt,bintrie,5,4,storage_sload_k256,17,,629,0,0,0.0269,2.8052,0.0011,0.2473,3.5519,0,4,0,0,0,0,0,0,0,0,0,0,4,0,0,0,0,0,0,0,0,0
ubt,bintrie,5,4,storage_sload_k256,18,,630,0,0,0.044,3.1117,0.0016,0.2426,3.5623,0,4,0,0,0,0,0,0,0,0,0,0,4,0,0,0,0,0,0,0,0,0
ubt,bintrie,5,4,storage_sload_k256,18,,631,0,0,0.0303,10.3477,0.0022,0.1048,10.6458,0,4,0,0,0,0,0,0,0,0,0,0,4,0,0,0,0,0,0,0,0,0
ubt,bintrie,5,4,storage_sload_k256,18,,632,0,0,0.0261,3.0254,0.0022,0.1308,3.3278,0,4,0,0,0,0,0,0,0,0,0,0,4,0,0,0,0,0,0,0,0,0
ubt,bintrie,5,4,storage_sload_k256,18,,633,86840,2,0.1086,3.1218,15.2408,4.0486,22.6642,3.8316,11,0,0,0,3,0,0,0,1,157,5,6,45.45,0,0,0,0,0,0,0,0
ubt,bintrie,5,4,storage_sload_k256,18,,634,5900456,1,89.1752,10.8335,2.4753,0.8625,103.8181,56.8346,263,259,257,7325,2,0,0,0,0,0,1,262,0.38,2,257,0.77,257,0,100,7325,0
ubt,bintrie,5,4,storage_sload_k256,18,,635,21000,1,0.0618,2.9007,3.9931,4.6783,11.8306,1.7751,6,0,0,0,2,0,0,0,0,0,2,4,33.33,0,0,0,0,0,0,0,0
ubt,bintrie,5,4,storage_sload_k256,18,,636,0,0,0.0233,2.9363,0.0016,0.1179,3.2226,0,4,0,0,0,0,0,0,0,0,0,0,4,0,0,0,0,0,0,0,0,0
ubt,bintrie,5,4,storage_sload_k256,19,,637,0,0,0.0851,2.7681,0.0015,0.1453,3.1562,0,4,0,0,0,0,0,0,0,0,0,0,4,0,0,0,0,0,0,0,0,0
ubt,bintrie,5,4,storage_sload_k256,19,,638,0,0,0.0339,4.3354,0.0025,0.17,4.8138,0,4,0,0,0,0,0,0,0,0,0,0,4,0,0,0,0,0,0,0,0,0
ubt,bintrie,5,4,storage_sload_k256,19,,639,0,0,0.0325,3.3262,0.0029,1.5892,6.9135,0,4,0,0,0,0,0,0,0,0,0,0,4,0,0,0,0,0,0,0,0,0
ubt,bintrie,5,4,storage_sload_k256,19,,640,86840,2,0.1129,21.9455,11.3453,3.9708,37.5601,2.312,11,0,0,0,3,0,0,0,1,157,7,4,63.64,0,0,0,0,0,0,0,0
ubt,bintrie,5,4,storage_sload_k256,19,,641,5900456,1,94.1472,5.8258,3.1768,0.6174,104.0466,56.7097,263,259,257,7325,2,0,0,0,0,0,75,188,28.52,83,176,32.05,257,0,100,7325,0
ubt,bintrie,5,4,storage_sload_k256,19,,642,21000,1,0.0597,16.2812,2.452,0.6207,19.5604,1.0736,6,0,0,0,2,0,0,0,0,0,2,4,33.33,0,0,0,0,0,0,0,0
ubt,bintrie,5,4,storage_sload_k256,19,,643,0,0,0.0342,3.035,0.0013,0.293,3.5147,0,4,0,0,0,0,0,0,0,0,0,0,4,0,0,0,0,0,0,0,0,0
ubt,bintrie,5,4,storage_sload_k256,1,,510,0,0,0.0541,3.1221,0.0014,0.2161,3.5784,0,4,0,0,0,0,0,0,0,0,0,0,4,0,0,0,0,0,0,0,0,0
ubt,bintrie,5,4,storage_sload_k256,1,,511,0,0,0.0219,2.598,0.0014,0.1303,2.8934,0,4,0,0,0,0,0,0,0,0,0,0,4,0,0,0,0,0,0,0,0,0
ubt,bintrie,5,4,storage_sload_k256,1,,512,0,0,0.0335,18.6536,0.0039,0.1142,18.9687,0,4,0,0,0,0,0,0,0,0,0,0,4,0,0,0,0,0,0,0,0,0
ubt,bintrie,5,4,storage_sload_k256,1,,513,86840,2,0.1425,14.0121,7.1734,3.7755,25.3056,3.4317,11,0,0,0,3,0,0,0,1,157,5,6,45.45,0,0,0,0,0,0,0,0
ubt,bintrie,5,4,storage_sload_k256,1,,514,5900456,1,97.691,15.9507,2.483,0.7152,117.0151,50.4247,263,259,257,7325,2,0,0,0,0,0,70,193,26.62,75,184,28.96,257,0,100,7325,0
ubt,bintrie,5,4,storage_sload_k256,1,,515,21000,1,0.058,20.7692,2.4613,0.6029,24.0601,0.8728,6,0,0,0,2,0,0,0,0,0,2,4,33.33,0,0,0,0,0,0,0,0
ubt,bintrie,5,4,storage_sload_k256,1,,516,0,0,0.025,2.6171,0.0013,0.1602,2.9525,0,4,0,0,0,0,0,0,0,0,0,0,4,0,0,0,0,0,0,0,0,0
ubt,bintrie,5,4,storage_sload_k256,20,,644,0,0,0.0494,2.9621,0.0024,0.1674,3.3774,0,4,0,0,0,0,0,0,0,0,0,0,4,0,0,0,0,0,0,0,0,0
ubt,bintrie,5,4,storage_sload_k256,20,,645,0,0,0.027,2.7618,0.0018,0.1504,3.099,0,4,0,0,0,0,0,0,0,0,0,0,4,0,0,0,0,0,0,0,0,0
ubt,bintrie,5,4,storage_sload_k256,20,,646,0,0,0.0255,13.6308,0.0016,0.1099,13.9227,0,4,0,0,0,0,0,0,0,0,0,0,4,0,0,0,0,0,0,0,0,0
ubt,bintrie,5,4,storage_sload_k256,20,,647,86840,2,0.1314,23.5616,2.6634,4.1185,30.6401,2.8342,11,0,0,0,3,0,0,0,1,157,5,6,45.45,0,0,0,0,0,0,0,0
ubt,bintrie,5,4,storage_sload_k256,20,,648,5900456,1,98.4716,8.9451,2.6041,0.6747,110.8819,53.2139,263,259,257,7325,2,0,0,0,0,0,49,214,18.63,49,210,18.92,257,0,100,7325,0
ubt,bintrie,5,4,storage_sload_k256,20,,649,21000,1,0.0768,24.3969,2.3474,0.6728,27.6499,0.7595,6,0,0,0,2,0,0,0,0,0,2,4,33.33,0,0,0,0,0,0,0,0
ubt,bintrie,5,4,storage_sload_k256,20,,650,0,0,0.0293,12.7995,0.002,0.2196,13.4755,0,4,0,0,0,0,0,0,0,0,0,0,4,0,0,0,0,0,0,0,0,0
ubt,bintrie,5,4,storage_sload_k256,2,,517,0,0,0.038,3.2198,0.0015,0.1651,3.7293,0,4,0,0,0,0,0,0,0,0,0,0,4,0,0,0,0,0,0,0,0,0
ubt,bintrie,5,4,storage_sload_k256,2,,518,0,0,0.0384,8.2108,0.0023,0.2108,8.6749,0,4,0,0,0,0,0,0,0,0,0,0,4,0,0,0,0,0,0,0,0,0
ubt,bintrie,5,4,storage_sload_k256,2,,519,0,0,0.028,14.9602,0.0016,0.2368,15.7258,0,4,0,0,0,0,0,0,0,0,0,0,4,0,0,0,0,0,0,0,0,0
ubt,bintrie,5,4,storage_sload_k256,2,,520,86840,2,0.0763,23.6843,2.7496,3.8873,30.5783,2.8399,11,0,0,0,3,0,0,0,1,157,6,5,54.55,0,0,0,0,0,0,0,0
ubt,bintrie,5,4,storage_sload_k256,2,,521,5900456,1,89.0179,8.6986,2.563,0.6324,101.1336,58.3432,263,259,257,7325,2,0,0,0,0,0,56,207,21.29,61,198,23.55,257,0,100,7325,0
ubt,bintrie,5,4,storage_sload_k256,2,,522,21000,1,0.0625,14.0061,13.7455,0.6675,28.6459,0.7331,6,0,0,0,2,0,0,0,0,0,2,4,33.33,0,0,0,0,0,0,0,0
ubt,bintrie,5,4,storage_sload_k256,2,,523,0,0,0.0209,2.7168,0.0016,0.0956,2.9813,0,4,0,0,0,0,0,0,0,0,0,0,4,0,0,0,0,0,0,0,0,0
ubt,bintrie,5,4,storage_sload_k256,3,,524,0,0,0.0333,2.8212,0.0014,0.1404,3.1586,0,4,0,0,0,0,0,0,0,0,0,0,4,0,0,0,0,0,0,0,0,0
ubt,bintrie,5,4,storage_sload_k256,3,,525,0,0,0.1029,3.6806,0.0014,0.0847,4.03,0,4,0,0,0,0,0,0,0,0,0,0,4,0,0,0,0,0,0,0,0,0
ubt,bintrie,5,4,storage_sload_k256,3,,526,0,0,0.0247,15.4927,0.0016,0.1286,15.7804,0,4,0,0,0,0,0,0,0,0,0,0,4,0,0,0,0,0,0,0,0,0
ubt,bintrie,5,4,storage_sload_k256,3,,527,86840,2,0.0874,19.405,2.9918,4.3626,27.0451,3.2109,11,0,0,0,3,0,0,0,1,157,6,5,54.55,0,0,0,0,0,0,0,0
ubt,bintrie,5,4,storage_sload_k256,3,,528,5900456,1,90.493,9.7463,3.2866,0.7175,104.4746,56.4774,263,259,257,7325,2,0,0,0,0,0,41,222,15.59,50,209,19.31,257,0,100,7325,0
ubt,bintrie,5,4,storage_sload_k256,3,,529,21000,1,0.0663,16.2217,13.0408,0.6019,30.1103,0.6974,6,0,0,0,2,0,0,0,0,0,2,4,33.33,0,0,0,0,0,0,0,0
ubt,bintrie,5,4,storage_sload_k256,3,,530,0,0,0.0339,3.2922,0.0023,0.1649,3.6836,0,4,0,0,0,0,0,0,0,0,0,0,4,0,0,0,0,0,0,0,0,0
ubt,bintrie,5,4,storage_sload_k256,4,,531,0,0,0.0361,2.8369,0.0015,0.199,3.2392,0,4,0,0,0,0,0,0,0,0,0,0,4,0,0,0,0,0,0,0,0,0
ubt,bintrie,5,4,storage_sload_k256,4,,532,0,0,0.048,6.6151,0.0025,0.1932,7.0452,0,4,0,0,0,0,0,0,0,0,0,0,4,0,0,0,0,0,0,0,0,0
ubt,bintrie,5,4,storage_sload_k256,4,,533,0,0,0.0308,3.848,0.0018,0.1246,4.2102,0,4,0,0,0,0,0,0,0,0,0,0,4,0,0,0,0,0,0,0,0,0
ubt,bintrie,5,4,storage_sload_k256,4,,534,86840,2,0.1321,14.6298,16.1481,3.8518,34.9591,2.484,11,0,0,0,3,0,0,0,1,157,5,6,45.45,0,0,0,0,0,0,0,0
ubt,bintrie,5,4,storage_sload_k256,4,,535,5900456,1,87.8636,7.6002,2.5211,0.8572,99.232,59.4612,263,259,257,7325,2,0,0,0,0,0,87,176,33.08,87,172,33.59,257,0,100,7325,0
ubt,bintrie,5,4,storage_sload_k256,4,,536,21000,1,0.0649,2.8882,11.009,2.3231,16.4799,1.2743,6,0,0,0,2,0,0,0,0,0,2,4,33.33,0,0,0,0,0,0,0,0
ubt,bintrie,5,4,storage_sload_k256,5,,538,0,0,0.03,2.667,0.0021,0.1787,3.1323,0,4,0,0,0,0,0,0,0,0,0,0,4,0,0,0,0,0,0,0,0,0
ubt,bintrie,5,4,storage_sload_k256,5,,539,0,0,0.04,6.7716,0.0052,0.1313,7.2957,0,4,0,0,0,0,0,0,0,0,0,0,4,0,0,0,0,0,0,0,0,0
ubt,bintrie,5,4,storage_sload_k256,5,,540,0,0,0.0453,17.0483,0.0022,0.0974,17.3959,0,4,0,0,0,0,0,0,0,0,0,0,4,0,0,0,0,0,0,0,0,0
ubt,bintrie,5,4,storage_sload_k256,5,,541,86840,2,0.1361,22.1839,2.5655,4.2777,29.3849,2.9553,11,0,0,0,3,0,0,0,1,157,5,6,45.45,0,0,0,0,0,0,0,0
ubt,bintrie,5,4,storage_sload_k256,5,,542,5900456,1,103.7168,14.4702,2.8589,0.6843,121.9384,48.3888,263,259,257,7325,2,0,0,0,0,0,32,231,12.17,32,227,12.36,257,0,100,7325,0
ubt,bintrie,5,4,storage_sload_k256,5,,543,21000,1,0.0882,15.9404,19.4461,0.6349,36.2993,0.5785,6,0,0,0,2,0,0,0,0,0,2,4,33.33,0,0,0,0,0,0,0,0
ubt,bintrie,5,4,storage_sload_k256,5,,544,0,0,0.0277,2.7907,0.0018,0.2513,3.4876,0,4,0,0,0,0,0,0,0,0,0,0,4,0,0,0,0,0,0,0,0,0
ubt,bintrie,5,4,storage_sload_k256,6,,545,0,0,0.0377,3.1978,0.0019,0.1925,3.6444,0,4,0,0,0,0,0,0,0,0,0,0,4,0,0,0,0,0,0,0,0,0
ubt,bintrie,5,4,storage_sload_k256,6,,546,0,0,0.0225,2.8285,0.0015,0.0793,3.0748,0,4,0,0,0,0,0,0,0,0,0,0,4,0,0,0,0,0,0,0,0,0
ubt,bintrie,5,4,storage_sload_k256,6,,547,0,0,0.0784,4.0427,0.0029,0.1532,4.5329,0,4,0,0,0,0,0,0,0,0,0,0,4,0,0,0,0,0,0,0,0,0
ubt,bintrie,5,4,storage_sload_k256,6,,548,86840,2,0.1626,12.5687,2.595,4.204,24.5163,3.5421,11,0,0,0,3,0,0,0,1,157,5,6,45.45,0,0,0,0,0,0,0,0
ubt,bintrie,5,4,storage_sload_k256,6,,549,5900456,1,133.9429,25.8874,3.0249,0.91,164.1748,35.9401,263,259,257,7325,2,0,0,0,0,0,114,149,43.35,111,148,42.86,257,0,100,7325,0
ubt,bintrie,5,4,storage_sload_k256,6,,550,21000,1,0.0628,17.5667,2.631,0.6654,21.1532,0.9928,6,0,0,0,2,0,0,0,0,0,2,4,33.33,0,0,0,0,0,0,0,0
ubt,bintrie,5,4,storage_sload_k256,6,,551,0,0,0.0199,2.5494,0.0014,0.1645,2.9549,0,4,0,0,0,0,0,0,0,0,0,0,4,0,0,0,0,0,0,0,0,0
ubt,bintrie,5,4,storage_sload_k256,7,,552,0,0,0.0484,2.9164,0.0017,0.1607,3.3571,0,4,0,0,0,0,0,0,0,0,0,0,4,0,0,0,0,0,0,0,0,0
ubt,bintrie,5,4,storage_sload_k256,7,,553,0,0,0.0364,3.0657,0.0025,0.1334,3.4449,0,4,0,0,0,0,0,0,0,0,0,0,4,0,0,0,0,0,0,0,0,0
ubt,bintrie,5,4,storage_sload_k256,7,,554,0,0,0.042,19.4655,0.0024,0.1198,20.0368,0,4,0,0,0,0,0,0,0,0,0,0,4,0,0,0,0,0,0,0,0,0
ubt,bintrie,5,4,storage_sload_k256,7,,555,86840,2,0.1619,22.3406,2.6857,4.1267,29.4871,2.945,11,0,0,0,3,0,0,0,1,157,5,6,45.45,0,0,0,0,0,0,0,0
ubt,bintrie,5,4,storage_sload_k256,7,,556,0,0,0.036,17.4135,0.0021,0.0879,17.7422,0,4,0,0,0,0,0,0,0,0,0,0,4,0,0,0,0,0,0,0,0,0
ubt,bintrie,5,4,storage_sload_k256,7,,557,5900456,1,90.9326,6.8713,2.7046,0.7331,101.4235,58.1764,263,259,257,7325,2,0,0,0,0,0,127,136,48.29,116,143,44.79,257,0,100,7325,0
ubt,bintrie,5,4,storage_sload_k256,7,,558,21000,1,0.1886,3.4543,8.8971,0.7275,13.9695,1.5033,6,0,0,0,2,0,0,0,0,0,0,6,0,0,0,0,0,0,0,0,0
ubt,bintrie,5,4,storage_sload_k256,7,,559,0,0,0.0234,13.2346,0.0017,0.1285,13.5348,0,4,0,0,0,0,0,0,0,0,0,0,4,0,0,0,0,0,0,0,0,0
ubt,bintrie,5,4,storage_sload_k256,8,,560,0,0,0.0526,3.1031,0.0026,0.2263,3.6587,0,4,0,0,0,0,0,0,0,0,0,0,4,0,0,0,0,0,0,0,0,0
ubt,bintrie,5,4,storage_sload_k256,8,,561,0,0,0.0205,4.0529,0.0016,0.1232,4.4052,0,4,0,0,0,0,0,0,0,0,0,0,4,0,0,0,0,0,0,0,0,0
ubt,bintrie,5,4,storage_sload_k256,8,,562,0,0,0.023,14.526,0.0015,0.0952,14.8086,0,4,0,0,0,0,0,0,0,0,0,0,4,0,0,0,0,0,0,0,0,0
ubt,bintrie,5,4,storage_sload_k256,8,,563,86840,2,0.424,21.9095,2.7492,3.6929,28.9425,3.0004,11,0,0,0,3,0,0,0,1,157,5,6,45.45,0,0,0,0,0,0,0,0
ubt,bintrie,5,4,storage_sload_k256,8,,564,5900456,1,93.319,7.7065,2.6085,0.6777,104.5296,56.4477,263,259,257,7325,2,0,0,0,0,0,74,189,28.14,79,180,30.5,257,0,100,7325,0
ubt,bintrie,5,4,storage_sload_k256,8,,565,21000,1,0.0653,14.943,16.9661,0.6049,32.7085,0.642,6,0,0,0,2,0,0,0,0,0,2,4,33.33,0,0,0,0,0,0,0,0
ubt,bintrie,5,4,storage_sload_k256,8,,566,0,0,0.0229,2.74,0.0015,0.2337,3.3923,0,4,0,0,0,0,0,0,0,0,0,0,4,0,0,0,0,0,0,0,0,0
ubt,bintrie,5,4,storage_sload_k256,9,,567,0,0,0.0339,2.9382,0.0016,0.2066,3.3632,0,4,0,0,0,0,0,0,0,0,0,0,4,0,0,0,0,0,0,0,0,0
ubt,bintrie,5,4,storage_sload_k256,9,,568,0,0,0.0309,5.0225,0.0018,0.1295,5.3837,0,4,0,0,0,0,0,0,0,0,0,0,4,0,0,0,0,0,0,0,0,0
ubt,bintrie,5,4,storage_sload_k256,9,,569,0,0,0.0369,3.5621,0.0018,0.2972,4.1912,0,4,0,0,0,0,0,0,0,0,0,0,4,0,0,0,0,0,0,0,0,0
ubt,bintrie,5,4,storage_sload_k256,9,,570,86840,2,0.0924,18.2287,2.6741,4.2104,25.4121,3.4173,11,0,0,0,3,0,0,0,1,157,6,5,54.55,0,0,0,0,0,0,0,0
ubt,bintrie,5,4,storage_sload_k256,9,,571,5900456,1,98.2816,8.9391,3.2271,0.6972,111.408,52.9626,263,259,257,7325,2,0,0,0,0,0,70,193,26.62,69,190,26.64,257,0,100,7325,0
ubt,bintrie,5,4,storage_sload_k256,9,,572,21000,1,0.073,15.4654,16.9205,0.6636,33.2773,0.6311,6,0,0,0,2,0,0,0,0,0,2,4,33.33,0,0,0,0,0,0,0,0
ubt,bintrie,5,4,storage_sload_k256,9,,573,0,0,0.0213,2.9152,0.0015,0.1216,3.1734,0,4,0,0,0,0,0,0,0,0,0,0,4,0,0,0,0,0,0,0,0,0
ubt,bintrie,5,4,storage_sstore_k1,10,,714,0,0,0.0461,3.2699,0.0016,0.275,3.896,0,4,0,0,0,0,0,0,0,0,0,0,4,0,0,0,0,0,0,0,0,0
ubt,bintrie,5,4,storage_sstore_k1,10,,715,0,0,0.0335,4.7854,0.0022,0.1051,5.5386,0,4,0,0,0,0,0,0,0,0,0,0,4,0,0,0,0,0,0,0,0,0
ubt,bintrie,5,4,storage_sstore_k1,10,,716,0,0,0.0299,15.9861,0.0019,0.1334,16.5007,0,4,0,0,0,0,0,0,0,0,0,0,4,0,0,0,0,0,0,0,0,0
ubt,bintrie,5,4,storage_sstore_k1,10,,717,86906,2,0.136,3.1004,14.6668,4.3461,22.4096,3.8781,11,0,0,0,3,0,0,0,1,163,5,6,45.45,0,0,0,0,0,0,0,0
ubt,bintrie,5,4,storage_sstore_k1,10,,718,5911431,1,4.196,12.2519,3.4728,1.7321,21.8292,270.8034,8,259,2,191,3,0,259,0,0,0,0,8,0,59,200,22.78,2,0,100,191,0
ubt,bintrie,5,4,storage_sstore_k1,10,,719,21000,1,0.1749,3.2425,2.699,0.8736,9.7909,2.1448,6,0,0,0,2,0,0,0,0,0,0,6,0,0,0,0,0,0,0,0,0
ubt,bintrie,5,4,storage_sstore_k1,10,,720,0,0,0.0256,13.8483,0.0025,0.2726,14.48,0,4,0,0,0,0,0,0,0,0,0,0,4,0,0,0,0,0,0,0,0,0
ubt,bintrie,5,4,storage_sstore_k1,11,,721,0,0,0.0742,3.1652,0.0016,0.2317,3.7984,0,4,0,0,0,0,0,0,0,0,0,0,4,0,0,0,0,0,0,0,0,0
ubt,bintrie,5,4,storage_sstore_k1,11,,722,0,0,0.0436,3.3017,0.0055,0.1578,3.6569,0,4,0,0,0,0,0,0,0,0,0,0,4,0,0,0,0,0,0,0,0,0
ubt,bintrie,5,4,storage_sstore_k1,11,,723,0,0,0.0486,3.5681,0.0018,0.139,3.9439,0,4,0,0,0,0,0,0,0,0,0,0,4,0,0,0,0,0,0,0,0,0
ubt,bintrie,5,4,storage_sstore_k1,11,,724,86906,2,0.1038,16.3022,14.5592,4.35,35.5503,2.4446,11,0,0,0,3,0,0,0,1,163,5,6,45.45,0,0,0,0,0,0,0,0
ubt,bintrie,5,4,storage_sstore_k1,11,,725,5911431,1,4.1445,9.4228,4.0388,1.7842,21.7559,271.7166,8,259,2,191,3,0,259,0,0,0,3,5,37.5,60,199,23.17,2,0,100,191,0
ubt,bintrie,5,4,storage_sstore_k1,11,,726,21000,1,0.0756,4.3078,10.7131,0.6868,16.8625,1.2454,6,0,0,0,2,0,0,0,0,0,2,4,33.33,0,0,0,0,0,0,0,0
ubt,bintrie,5,4,storage_sstore_k1,11,,727,0,0,0.0308,13.043,0.0023,0.12,13.3324,0,4,0,0,0,0,0,0,0,0,0,0,4,0,0,0,0,0,0,0,0,0
ubt,bintrie,5,4,storage_sstore_k1,12,,728,0,0,0.0502,3.3517,0.0017,0.2084,3.8034,0,4,0,0,0,0,0,0,0,0,0,0,4,0,0,0,0,0,0,0,0,0
ubt,bintrie,5,4,storage_sstore_k1,12,,729,0,0,0.03,4.2736,0.0015,0.2963,4.7436,0,4,0,0,0,0,0,0,0,0,0,0,4,0,0,0,0,0,0,0,0,0
ubt,bintrie,5,4,storage_sstore_k1,12,,730,0,0,0.0228,2.7184,0.0015,0.1619,3.0901,0,4,0,0,0,0,0,0,0,0,0,0,4,0,0,0,0,0,0,0,0,0
ubt,bintrie,5,4,storage_sstore_k1,12,,731,86906,2,0.1018,15.8393,20.3584,4.0359,40.4974,2.146,11,0,0,0,3,0,0,0,1,163,6,5,54.55,0,0,0,0,0,0,0,0
ubt,bintrie,5,4,storage_sstore_k1,12,,732,5911431,1,4.2244,7.1715,3.9254,1.7938,17.2822,342.0527,8,259,2,191,3,0,259,0,0,0,4,4,50,36,223,13.9,2,0,100,191,0
ubt,bintrie,5,4,storage_sstore_k1,12,,733,21000,1,0.2224,6.6474,6.0552,0.6561,13.9296,1.5076,6,0,0,0,2,0,0,0,0,0,2,4,33.33,0,0,0,0,0,0,0,0
ubt,bintrie,5,4,storage_sstore_k1,12,,734,0,0,0.0278,2.7726,0.0012,0.0865,3.0472,0,4,0,0,0,0,0,0,0,0,0,0,4,0,0,0,0,0,0,0,0,0
ubt,bintrie,5,4,storage_sstore_k1,13,,735,0,0,0.0463,3.6133,0.0024,0.2869,4.1297,0,4,0,0,0,0,0,0,0,0,0,0,4,0,0,0,0,0,0,0,0,0
ubt,bintrie,5,4,storage_sstore_k1,13,,736,0,0,0.0464,4.7743,0.0019,0.1466,5.1697,0,4,0,0,0,0,0,0,0,0,0,0,4,0,0,0,0,0,0,0,0,0
ubt,bintrie,5,4,storage_sstore_k1,13,,737,0,0,0.027,14.145,0.0019,0.1107,14.4525,0,4,0,0,0,0,0,0,0,0,0,0,4,0,0,0,0,0,0,0,0,0
ubt,bintrie,5,4,storage_sstore_k1,13,,738,86906,2,0.1066,3.1406,7.8708,4.6988,16.0323,5.4207,11,0,0,0,3,0,0,0,1,163,5,6,45.45,0,0,0,0,0,0,0,0
ubt,bintrie,5,4,storage_sstore_k1,13,,739,5911431,1,3.0512,6.6206,4.7208,1.5989,16.2919,362.8452,8,259,2,191,3,0,259,0,0,0,3,5,37.5,49,210,18.92,2,0,100,191,0
ubt,bintrie,5,4,storage_sstore_k1,13,,740,21000,1,0.1896,3.7116,2.9217,1.3636,9.2538,2.2693,6,0,0,0,2,0,0,0,0,0,0,6,0,0,0,0,0,0,0,0,0
ubt,bintrie,5,4,storage_sstore_k1,13,,741,0,0,0.0284,13.3783,0.0023,0.2979,14.1105,0,4,0,0,0,0,0,0,0,0,0,0,4,0,0,0,0,0,0,0,0,0
ubt,bintrie,5,4,storage_sstore_k1,14,,742,0,0,0.0673,3.9323,0.0022,0.1999,4.5289,0,4,0,0,0,0,0,0,0,0,0,0,4,0,0,0,0,0,0,0,0,0
ubt,bintrie,5,4,storage_sstore_k1,14,,743,0,0,0.0474,6.9855,0.0022,0.1971,7.4728,0,4,0,0,0,0,0,0,0,0,0,0,4,0,0,0,0,0,0,0,0,0
ubt,bintrie,5,4,storage_sstore_k1,14,,744,0,0,0.0213,2.9427,0.0018,0.0997,3.2119,0,4,0,0,0,0,0,0,0,0,0,0,4,0,0,0,0,0,0,0,0,0
ubt,bintrie,5,4,storage_sstore_k1,14,,745,86906,2,0.1606,14.4875,3.568,5.5149,23.946,3.6292,11,0,0,0,3,0,0,0,1,163,5,6,45.45,0,0,0,0,0,0,0,0
ubt,bintrie,5,4,storage_sstore_k1,14,,746,5911431,1,4.5389,13.1006,8.5174,2.1726,28.5019,207.4047,8,259,2,191,3,0,259,0,0,0,3,5,37.5,58,201,22.39,2,0,100,191,0
ubt,bintrie,5,4,storage_sstore_k1,14,,747,21000,1,0.0612,3.0112,2.3712,0.7021,6.2871,3.3402,6,0,0,0,2,0,0,0,0,0,2,4,33.33,0,0,0,0,0,0,0,0
ubt,bintrie,5,4,storage_sstore_k1,14,,748,0,0,0.0319,2.787,0.002,0.1203,3.3341,0,4,0,0,0,0,0,0,0,0,0,0,4,0,0,0,0,0,0,0,0,0
ubt,bintrie,5,4,storage_sstore_k1,15,,749,0,0,0.0526,3.2326,0.0015,0.1807,3.7196,0,4,0,0,0,0,0,0,0,0,0,0,4,0,0,0,0,0,0,0,0,0
ubt,bintrie,5,4,storage_sstore_k1,15,,750,0,0,0.0355,6.3686,0.0021,0.122,7.0214,0,4,0,0,0,0,0,0,0,0,0,0,4,0,0,0,0,0,0,0,0,0
ubt,bintrie,5,4,storage_sstore_k1,15,,751,0,0,0.032,2.8805,0.0016,0.1095,3.1794,0,4,0,0,0,0,0,0,0,0,0,0,4,0,0,0,0,0,0,0,0,0
ubt,bintrie,5,4,storage_sstore_k1,15,,752,86906,2,0.1022,24.07,2.638,4.5637,31.5948,2.7506,11,0,0,0,3,0,0,0,1,163,6,5,54.55,0,0,0,0,0,0,0,0
ubt,bintrie,5,4,storage_sstore_k1,15,,753,5911431,1,4.6139,7.7678,4.4505,4.9281,21.9279,269.5854,8,259,2,191,3,0,259,0,0,0,4,4,50,70,189,27.03,2,0,100,191,0
ubt,bintrie,5,4,storage_sstore_k1,15,,754,21000,1,0.0836,15.9808,2.5738,0.6028,19.4258,1.081,6,0,0,0,2,0,0,0,0,0,0,6,0,0,0,0,0,0,0,0,0
ubt,bintrie,5,4,storage_sstore_k1,15,,755,0,0,0.0189,2.7304,0.0017,0.1052,3.0297,0,4,0,0,0,0,0,0,0,0,0,0,4,0,0,0,0,0,0,0,0,0
ubt,bintrie,5,4,storage_sstore_k1,16,,756,0,0,0.0438,2.8751,0.0016,0.2258,3.292,0,4,0,0,0,0,0,0,0,0,0,0,4,0,0,0,0,0,0,0,0,0
ubt,bintrie,5,4,storage_sstore_k1,16,,757,0,0,0.0435,8.4473,0.0021,0.12,9.0225,0,4,0,0,0,0,0,0,0,0,0,0,4,0,0,0,0,0,0,0,0,0
ubt,bintrie,5,4,storage_sstore_k1,16,,758,0,0,0.0398,15.1118,0.0021,0.0928,15.5757,0,4,0,0,0,0,0,0,0,0,0,0,4,0,0,0,0,0,0,0,0,0
ubt,bintrie,5,4,storage_sstore_k1,16,,759,86906,2,2.0974,7.8978,6.2679,4.7763,26.7871,3.2443,11,0,0,0,3,0,0,0,1,163,5,6,45.45,0,0,0,0,0,0,0,0
ubt,bintrie,5,4,storage_sstore_k1,16,,760,5911431,1,2.9342,6.7511,5.0123,3.3741,18.2586,323.7621,8,259,2,191,3,0,259,0,0,0,3,5,37.5,24,235,9.27,2,0,100,191,0
ubt,bintrie,5,4,storage_sstore_k1,16,,761,21000,1,0.0845,23.1025,2.4773,0.6282,26.483,0.793,6,0,0,0,2,0,0,0,0,0,2,4,33.33,0,0,0,0,0,0,0,0
ubt,bintrie,5,4,storage_sstore_k1,16,,762,0,0,0.0226,2.599,0.0011,0.1132,2.8667,0,4,0,0,0,0,0,0,0,0,0,0,4,0,0,0,0,0,0,0,0,0
ubt,bintrie,5,4,storage_sstore_k1,17,,763,0,0,0.0706,6.1448,0.0031,0.4471,6.9423,0,4,0,0,0,0,0,0,0,0,0,0,4,0,0,0,0,0,0,0,0,0
ubt,bintrie,5,4,storage_sstore_k1,17,,764,0,0,0.0329,3.4035,0.0023,0.2487,4.0719,0,4,0,0,0,0,0,0,0,0,0,0,4,0,0,0,0,0,0,0,0,0
ubt,bintrie,5,4,storage_sstore_k1,17,,765,0,0,0.0395,20.8361,0.0063,0.1093,21.4504,0,4,0,0,0,0,0,0,0,0,0,0,4,0,0,0,0,0,0,0,0,0
ubt,bintrie,5,4,storage_sstore_k1,17,,766,86906,2,0.1519,3.3753,14.7517,5.4663,23.9289,3.6318,11,0,0,0,3,0,0,0,1,163,5,6,45.45,0,0,0,0,0,0,0,0
ubt,bintrie,5,4,storage_sstore_k1,17,,767,5911431,1,5.2114,18.2967,4.0797,2.2018,30.4055,194.4199,8,259,2,191,3,0,259,0,0,0,1,7,12.5,19,240,7.34,2,0,100,191,0
ubt,bintrie,5,4,storage_sstore_k1,17,,768,21000,1,0.074,4.3801,2.959,3.1696,10.8382,1.9376,6,0,0,0,2,0,0,0,0,0,2,4,33.33,0,0,0,0,0,0,0,0
ubt,bintrie,5,4,storage_sstore_k1,17,,769,0,0,0.0445,3.4682,0.0019,0.3271,4.2036,0,4,0,0,0,0,0,0,0,0,0,0,4,0,0,0,0,0,0,0,0,0
ubt,bintrie,5,4,storage_sstore_k1,18,,770,0,0,0.058,5.8096,0.0022,0.1849,6.2422,0,4,0,0,0,0,0,0,0,0,0,0,4,0,0,0,0,0,0,0,0,0
ubt,bintrie,5,4,storage_sstore_k1,18,,771,0,0,0.0307,3.1779,0.0015,0.1299,3.5101,0,4,0,0,0,0,0,0,0,0,0,0,4,0,0,0,0,0,0,0,0,0
ubt,bintrie,5,4,storage_sstore_k1,18,,772,0,0,0.0287,14.2897,0.0015,0.0967,14.5995,0,4,0,0,0,0,0,0,0,0,0,0,4,0,0,0,0,0,0,0,0,0
ubt,bintrie,5,4,storage_sstore_k1,18,,773,86906,2,0.0991,14.1787,17.6452,4.6135,36.6708,2.3699,11,0,0,0,3,0,0,0,1,163,6,5,54.55,0,0,0,0,0,0,0,0
ubt,bintrie,5,4,storage_sstore_k1,18,,774,5911431,1,2.8908,6.4529,3.4019,1.6189,14.5099,407.4064,8,259,2,191,3,0,259,0,0,0,3,5,37.5,45,214,17.37,2,0,100,191,0
ubt,bintrie,5,4,storage_sstore_k1,18,,775,21000,1,0.1003,9.0031,4.7633,0.6568,14.8733,1.4119,6,0,0,0,2,0,0,0,0,0,2,4,33.33,0,0,0,0,0,0,0,0
ubt,bintrie,5,4,storage_sstore_k1,18,,776,0,0,0.015,0.4622,0.001,0.2192,1.1703,0,4,0,0,0,0,0,0,0,0,0,0,4,0,0,0,0,0,0,0,0,0
ubt,bintrie,5,4,storage_sstore_k1,19,,777,0,0,0.0515,5.0469,0.0015,0.1524,5.4235,0,4,0,0,0,0,0,0,0,0,0,0,4,0,0,0,0,0,0,0,0,0
ubt,bintrie,5,4,storage_sstore_k1,19,,778,0,0,0.0222,2.8606,0.0043,0.1142,3.1828,0,4,0,0,0,0,0,0,0,0,0,0,4,0,0,0,0,0,0,0,0,0
ubt,bintrie,5,4,storage_sstore_k1,19,,779,86906,2,0.1085,3.0559,14.5817,5.0645,22.94,3.7884,11,0,0,0,3,0,0,0,1,163,5,6,45.45,0,0,0,0,0,0,0,0
ubt,bintrie,5,4,storage_sstore_k1,19,,780,5911431,1,3.4345,7.8996,12.1225,1.8335,25.6688,230.2964,8,259,2,191,3,0,259,0,0,0,4,4,50,89,170,34.36,2,0,100,191,0
ubt,bintrie,5,4,storage_sstore_k1,19,,781,21000,1,0.0624,3.3522,2.3474,0.555,6.4814,3.24,6,0,0,0,2,0,0,0,0,0,2,4,33.33,0,0,0,0,0,0,0,0
ubt,bintrie,5,4,storage_sstore_k1,19,,782,0,0,0.0418,3.1811,0.002,0.1444,3.5333,0,4,0,0,0,0,0,0,0,0,0,0,4,0,0,0,0,0,0,0,0,0
ubt,bintrie,5,4,storage_sstore_k1,1,,651,0,0,0.0337,2.7246,0.0015,0.1295,3.0607,0,4,0,0,0,0,0,0,0,0,0,0,4,0,0,0,0,0,0,0,0,0
ubt,bintrie,5,4,storage_sstore_k1,1,,652,0,0,0.0276,3.2425,0.0021,0.2214,3.6497,0,4,0,0,0,0,0,0,0,0,0,0,4,0,0,0,0,0,0,0,0,0
ubt,bintrie,5,4,storage_sstore_k1,1,,653,0,0,0.0326,17.7431,0.0025,0.3252,18.585,0,4,0,0,0,0,0,0,0,0,0,0,4,0,0,0,0,0,0,0,0,0
ubt,bintrie,5,4,storage_sstore_k1,1,,654,86906,2,0.1289,20.9281,2.6096,4.3394,28.1613,3.086,11,0,0,0,3,0,0,0,1,163,5,6,45.45,0,0,0,0,0,0,0,0
ubt,bintrie,5,4,storage_sstore_k1,1,,655,5911431,1,3.5727,7.7687,7.1857,1.6507,22.9288,257.817,8,259,2,191,3,0,259,0,0,0,4,4,50,100,159,38.61,2,0,100,191,0
ubt,bintrie,5,4,storage_sstore_k1,1,,656,0,0,0.0323,11.7158,0.002,0.1206,12.0159,0,4,0,0,0,0,0,0,0,0,0,0,4,0,0,0,0,0,0,0,0,0
ubt,bintrie,5,4,storage_sstore_k1,1,,657,21000,1,0.0636,4.3384,15.4916,0.8891,20.9606,1.0019,6,0,0,0,2,0,0,0,0,0,2,4,33.33,0,0,0,0,0,0,0,0
ubt,bintrie,5,4,storage_sstore_k1,1,,658,0,0,0.0303,2.5908,0.0017,0.1287,2.8956,0,4,0,0,0,0,0,0,0,0,0,0,4,0,0,0,0,0,0,0,0,0
ubt,bintrie,5,4,storage_sstore_k1,20,,783,0,0,0.0524,3.1759,0.002,0.2092,3.643,0,4,0,0,0,0,0,0,0,0,0,0,4,0,0,0,0,0,0,0,0,0
ubt,bintrie,5,4,storage_sstore_k1,20,,784,0,0,0.0213,2.6743,0.0012,0.1032,2.9504,0,4,0,0,0,0,0,0,0,0,0,0,4,0,0,0,0,0,0,0,0,0
ubt,bintrie,5,4,storage_sstore_k1,20,,785,0,0,0.033,15.7924,0.0029,0.3758,16.7647,0,4,0,0,0,0,0,0,0,0,0,0,4,0,0,0,0,0,0,0,0,0
ubt,bintrie,5,4,storage_sstore_k1,20,,786,86906,2,0.1114,22.3588,3.1225,4.7885,30.551,2.8446,11,0,0,0,3,0,0,0,1,163,6,5,54.55,0,0,0,0,0,0,0,0
ubt,bintrie,5,4,storage_sstore_k1,20,,787,5911431,1,3.4949,15.1943,9.4759,3.2743,31.6038,187.0481,8,259,2,191,3,0,259,0,0,0,3,5,37.5,76,183,29.34,2,0,100,191,0
ubt,bintrie,5,4,storage_sstore_k1,20,,788,21000,1,0.0829,12.8459,2.4341,0.7157,24.8604,0.8447,6,0,0,0,2,0,0,0,0,0,2,4,33.33,0,0,0,0,0,0,0,0
ubt,bintrie,5,4,storage_sstore_k1,20,,789,0,0,0.0561,18.7314,0.0028,0.1523,19.1322,0,4,0,0,0,0,0,0,0,0,0,0,4,0,0,0,0,0,0,0,0,0
ubt,bintrie,5,4,storage_sstore_k1,2,,659,0,0,0.0359,2.8036,0.0014,0.1803,3.1978,0,4,0,0,0,0,0,0,0,0,0,0,4,0,0,0,0,0,0,0,0,0
ubt,bintrie,5,4,storage_sstore_k1,2,,660,0,0,0.0389,9.9729,0.0017,0.1396,10.5588,0,4,0,0,0,0,0,0,0,0,0,0,4,0,0,0,0,0,0,0,0,0
ubt,bintrie,5,4,storage_sstore_k1,2,,661,0,0,0.0297,14.1195,0.0024,0.131,14.4642,0,4,0,0,0,0,0,0,0,0,0,0,4,0,0,0,0,0,0,0,0,0
ubt,bintrie,5,4,storage_sstore_k1,2,,662,86906,2,0.3534,21.2021,2.6639,4.7298,29.1305,2.9833,11,0,0,0,3,0,0,0,1,163,6,5,54.55,0,0,0,0,0,0,0,0
ubt,bintrie,5,4,storage_sstore_k1,2,,663,5911431,1,3.094,6.9713,4.6794,3.8575,18.7732,314.8862,8,259,2,191,3,0,259,0,0,0,4,4,50,49,210,18.92,2,0,100,191,0
ubt,bintrie,5,4,storage_sstore_k1,2,,664,21000,1,0.0751,3.0054,2.5654,0.6439,6.4728,3.2443,6,0,0,0,2,0,0,0,0,0,2,4,33.33,0,0,0,0,0,0,0,0
ubt,bintrie,5,4,storage_sstore_k1,3,,665,0,0,0.0463,3.4859,0.0017,0.1276,3.8913,0,4,0,0,0,0,0,0,0,0,0,0,4,0,0,0,0,0,0,0,0,0
ubt,bintrie,5,4,storage_sstore_k1,3,,666,0,0,0.0313,5.9349,0.0029,0.1389,6.2621,0,4,0,0,0,0,0,0,0,0,0,0,4,0,0,0,0,0,0,0,0,0
ubt,bintrie,5,4,storage_sstore_k1,3,,667,0,0,0.0347,15.9467,0.0019,0.1442,16.3146,0,4,0,0,0,0,0,0,0,0,0,0,4,0,0,0,0,0,0,0,0,0
ubt,bintrie,5,4,storage_sstore_k1,3,,668,86906,2,0.13,24.1653,2.6473,4.0374,31.1841,2.7869,11,0,0,0,3,0,0,0,1,163,5,6,45.45,0,0,0,0,0,0,0,0
ubt,bintrie,5,4,storage_sstore_k1,3,,669,5911431,1,3.3812,7.5591,5.0939,7.7446,23.9632,246.6878,8,259,2,191,3,0,259,0,0,0,3,5,37.5,69,190,26.64,2,0,100,191,0
ubt,bintrie,5,4,storage_sstore_k1,3,,670,21000,1,0.0688,20.4037,2.4501,0.6003,23.7311,0.8849,6,0,0,0,2,0,0,0,0,0,2,4,33.33,0,0,0,0,0,0,0,0
ubt,bintrie,5,4,storage_sstore_k1,3,,671,0,0,0.0163,0.529,0.0012,0.1095,0.7934,0,4,0,0,0,0,0,0,0,0,0,0,4,0,0,0,0,0,0,0,0,0
ubt,bintrie,5,4,storage_sstore_k1,4,,672,0,0,0.0375,2.9229,0.0016,0.1647,3.3529,0,4,0,0,0,0,0,0,0,0,0,0,4,0,0,0,0,0,0,0,0,0
ubt,bintrie,5,4,storage_sstore_k1,4,,673,0,0,0.045,10.6205,0.0024,0.1962,11.2291,0,4,0,0,0,0,0,0,0,0,0,0,4,0,0,0,0,0,0,0,0,0
ubt,bintrie,5,4,storage_sstore_k1,4,,674,0,0,0.0337,14.3251,0.0022,0.1382,14.6593,0,4,0,0,0,0,0,0,0,0,0,0,4,0,0,0,0,0,0,0,0,0
ubt,bintrie,5,4,storage_sstore_k1,4,,675,86906,2,0.1136,21.2385,2.6309,4.2749,28.4568,3.054,11,0,0,0,3,0,0,0,1,163,5,6,45.45,0,0,0,0,0,0,0,0
ubt,bintrie,5,4,storage_sstore_k1,4,,676,5911431,1,3.3115,16.884,3.6729,1.631,25.6366,230.5853,8,259,2,191,3,0,259,0,0,0,3,5,37.5,52,207,20.08,2,0,100,191,0
ubt,bintrie,5,4,storage_sstore_k1,4,,677,21000,1,0.0633,14.0797,22.4333,0.6177,37.3898,0.5617,6,0,0,0,2,0,0,0,0,0,2,4,33.33,0,0,0,0,0,0,0,0
ubt,bintrie,5,4,storage_sstore_k1,4,,678,0,0,0.0319,14.6328,0.0025,0.1304,14.9657,0,4,0,0,0,0,0,0,0,0,0,0,4,0,0,0,0,0,0,0,0,0
ubt,bintrie,5,4,storage_sstore_k1,5,,679,0,0,0.0587,2.7777,0.0013,0.1404,3.1822,0,4,0,0,0,0,0,0,0,0,0,0,4,0,0,0,0,0,0,0,0,0
ubt,bintrie,5,4,storage_sstore_k1,5,,680,0,0,0.0402,2.6662,0.0011,0.1085,3.1119,0,4,0,0,0,0,0,0,0,0,0,0,4,0,0,0,0,0,0,0,0,0
ubt,bintrie,5,4,storage_sstore_k1,5,,681,0,0,0.0366,15.3723,0.0019,0.2645,16.0903,0,4,0,0,0,0,0,0,0,0,0,0,4,0,0,0,0,0,0,0,0,0
ubt,bintrie,5,4,storage_sstore_k1,5,,682,86906,2,0.1001,3.236,15.1098,4.3271,22.9214,3.7915,11,0,0,0,3,0,0,0,1,163,6,5,54.55,0,0,0,0,0,0,0,0
ubt,bintrie,5,4,storage_sstore_k1,5,,683,5911431,1,4.4336,10.2652,3.282,1.5606,28.0652,210.6323,8,259,2,191,3,0,259,0,0,0,3,5,37.5,127,132,49.03,2,0,100,191,0
ubt,bintrie,5,4,storage_sstore_k1,5,,684,21000,1,0.0722,8.4472,4.2479,0.5495,13.4933,1.5563,6,0,0,0,2,0,0,0,0,0,2,4,33.33,0,0,0,0,0,0,0,0
ubt,bintrie,5,4,storage_sstore_k1,5,,685,0,0,0.0379,3.3978,0.0016,0.1154,3.806,0,4,0,0,0,0,0,0,0,0,0,0,4,0,0,0,0,0,0,0,0,0
ubt,bintrie,5,4,storage_sstore_k1,6,,686,0,0,0.0298,2.8319,0.0016,0.1544,3.2289,0,4,0,0,0,0,0,0,0,0,0,0,4,0,0,0,0,0,0,0,0,0
ubt,bintrie,5,4,storage_sstore_k1,6,,687,0,0,0.032,3.4928,0.0018,0.1061,3.9199,0,4,0,0,0,0,0,0,0,0,0,0,4,0,0,0,0,0,0,0,0,0
ubt,bintrie,5,4,storage_sstore_k1,6,,688,0,0,0.0302,17.4183,0.0021,0.2729,17.914,0,4,0,0,0,0,0,0,0,0,0,0,4,0,0,0,0,0,0,0,0,0
ubt,bintrie,5,4,storage_sstore_k1,6,,689,86906,2,0.1094,18.8345,6.7846,4.6953,30.6151,2.8387,11,0,0,0,3,0,0,0,1,163,5,6,45.45,0,0,0,0,0,0,0,0
ubt,bintrie,5,4,storage_sstore_k1,6,,690,5911431,1,3.235,22.0345,3.4161,2.1172,30.9409,191.0553,8,259,2,191,3,0,259,0,0,0,3,5,37.5,80,179,30.89,2,0,100,191,0
ubt,bintrie,5,4,storage_sstore_k1,6,,691,21000,1,0.0765,18.0949,2.5138,0.6321,22.0519,0.9523,6,0,0,0,2,0,0,0,0,0,2,4,33.33,0,0,0,0,0,0,0,0
ubt,bintrie,5,4,storage_sstore_k1,6,,692,0,0,0.0394,3.2633,0.0025,0.1322,3.6091,0,4,0,0,0,0,0,0,0,0,0,0,4,0,0,0,0,0,0,0,0,0
ubt,bintrie,5,4,storage_sstore_k1,7,,693,0,0,0.0595,2.993,0.0015,0.2088,3.5176,0,4,0,0,0,0,0,0,0,0,0,0,4,0,0,0,0,0,0,0,0,0
ubt,bintrie,5,4,storage_sstore_k1,7,,694,0,0,0.0238,2.7801,0.0016,0.1102,3.0484,0,4,0,0,0,0,0,0,0,0,0,0,4,0,0,0,0,0,0,0,0,0
ubt,bintrie,5,4,storage_sstore_k1,7,,695,0,0,0.0267,13.8394,0.0024,0.1444,14.1776,0,4,0,0,0,0,0,0,0,0,0,0,4,0,0,0,0,0,0,0,0,0
ubt,bintrie,5,4,storage_sstore_k1,7,,696,86906,2,0.1658,20.2182,2.7953,4.3513,27.7165,3.1355,11,0,0,0,3,0,0,0,1,163,4,7,36.36,0,0,0,0,0,0,0,0
ubt,bintrie,5,4,storage_sstore_k1,7,,697,5911431,1,3.2468,17.9653,14.7323,1.8603,38.0026,155.5532,8,259,2,191,3,0,259,0,0,0,3,5,37.5,99,160,38.22,2,0,100,191,0
ubt,bintrie,5,4,storage_sstore_k1,7,,698,21000,1,0.0733,2.9803,3.8072,0.6146,7.6277,2.7531,6,0,0,0,2,0,0,0,0,0,2,4,33.33,0,0,0,0,0,0,0,0
ubt,bintrie,5,4,storage_sstore_k1,7,,699,0,0,0.021,2.8066,0.0014,0.0926,3.0501,0,4,0,0,0,0,0,0,0,0,0,0,4,0,0,0,0,0,0,0,0,0
ubt,bintrie,5,4,storage_sstore_k1,8,,700,0,0,0.0458,3.264,0.0018,0.2075,3.7164,0,4,0,0,0,0,0,0,0,0,0,0,4,0,0,0,0,0,0,0,0,0
ubt,bintrie,5,4,storage_sstore_k1,8,,701,0,0,0.1108,3.8018,0.0016,0.2135,4.2644,0,4,0,0,0,0,0,0,0,0,0,0,4,0,0,0,0,0,0,0,0,0
ubt,bintrie,5,4,storage_sstore_k1,8,,702,0,0,0.0255,16.0068,0.0022,0.0953,16.4049,0,4,0,0,0,0,0,0,0,0,0,0,4,0,0,0,0,0,0,0,0,0
ubt,bintrie,5,4,storage_sstore_k1,8,,703,86906,2,0.1466,18.0182,16.8308,6.5943,41.7824,2.08,11,0,0,0,3,0,0,0,1,163,5,6,45.45,0,0,0,0,0,0,0,0
ubt,bintrie,5,4,storage_sstore_k1,8,,704,5911431,1,4.1349,7.7153,3.9293,2.1628,18.1964,324.8678,8,259,2,191,3,0,259,0,0,0,4,4,50,70,189,27.03,2,0,100,191,0
ubt,bintrie,5,4,storage_sstore_k1,8,,705,21000,1,0.0822,12.9434,2.4429,0.5972,16.2466,1.2926,6,0,0,0,2,0,0,0,0,0,2,4,33.33,0,0,0,0,0,0,0,0
ubt,bintrie,5,4,storage_sstore_k1,8,,706,0,0,0.0319,8.8195,0.0025,0.1667,9.3051,0,4,0,0,0,0,0,0,0,0,0,0,4,0,0,0,0,0,0,0,0,0
ubt,bintrie,5,4,storage_sstore_k1,9,,707,0,0,0.0547,3.3242,0.0013,0.2588,3.8688,0,4,0,0,0,0,0,0,0,0,0,0,4,0,0,0,0,0,0,0,0,0
ubt,bintrie,5,4,storage_sstore_k1,9,,708,0,0,0.0309,5.6163,0.0019,0.1198,6.0805,0,4,0,0,0,0,0,0,0,0,0,0,4,0,0,0,0,0,0,0,0,0
ubt,bintrie,5,4,storage_sstore_k1,9,,709,0,0,0.0243,2.8175,0.0015,0.2539,3.3802,0,4,0,0,0,0,0,0,0,0,0,0,4,0,0,0,0,0,0,0,0,0
ubt,bintrie,5,4,storage_sstore_k1,9,,710,86906,2,0.1186,3.1299,13.7998,4.9097,22.1409,3.9251,11,0,0,0,3,0,0,0,1,163,5,6,45.45,0,0,0,0,0,0,0,0
ubt,bintrie,5,4,storage_sstore_k1,9,,711,5911431,1,3.0124,6.8545,3.4318,1.7513,15.1974,388.9763,8,259,2,191,3,0,259,0,0,0,3,5,37.5,56,203,21.62,2,0,100,191,0
ubt,bintrie,5,4,storage_sstore_k1,9,,712,21000,1,0.0605,4.1281,8.282,0.6029,13.2777,1.5816,6,0,0,0,2,0,0,0,0,0,2,4,33.33,0,0,0,0,0,0,0,0
ubt,bintrie,5,4,storage_sstore_k1,9,,713,0,0,0.0399,2.995,0.0015,0.1786,3.3653,0,4,0,0,0,0,0,0,0,0,0,0,4,0,0,0,0,0,0,0,0,0
ubt,bintrie,5,4,storage_sstore_k10,10,,852,0,0,0.0836,3.2127,0.0015,0.1431,3.683,0,4,0,0,0,0,0,0,0,0,0,0,4,0,0,0,0,0,0,0,0,0
ubt,bintrie,5,4,storage_sstore_k10,10,,853,0,0,0.0208,2.8863,0.0013,0.0971,3.1603,0,4,0,0,0,0,0,0,0,0,0,0,4,0,0,0,0,0,0,0,0,0
ubt,bintrie,5,4,storage_sstore_k10,10,,854,0,0,0.0452,18.9363,0.0023,0.156,19.4961,0,4,0,0,0,0,0,0,0,0,0,0,4,0,0,0,0,0,0,0,0,0
ubt,bintrie,5,4,storage_sstore_k10,10,,855,86938,2,0.1116,3.1519,3.5622,8.0884,15.0899,5.7613,11,0,0,0,3,0,0,0,1,165,5,6,45.45,0,0,0,0,0,0,0,0
ubt,bintrie,5,4,storage_sstore_k10,10,,856,5919358,1,4.3128,7.7974,5.627,2.305,20.19,293.1829,17,283,11,445,12,0,254,0,0,0,10,7,58.82,91,192,32.16,11,0,100,445,0
ubt,bintrie,5,4,storage_sstore_k10,10,,857,21000,1,0.0577,3.3173,8.0798,0.8433,12.4812,1.6825,6,0,0,0,2,0,0,0,0,0,2,4,33.33,0,0,0,0,0,0,0,0
ubt,bintrie,5,4,storage_sstore_k10,10,,858,0,0,0.0225,2.6198,0.0012,0.0874,2.8691,0,4,0,0,0,0,0,0,0,0,0,0,4,0,0,0,0,0,0,0,0,0
ubt,bintrie,5,4,storage_sstore_k10,11,,859,0,0,0.075,10.4623,0.0022,0.1684,10.9665,0,4,0,0,0,0,0,0,0,0,0,0,4,0,0,0,0,0,0,0,0,0
ubt,bintrie,5,4,storage_sstore_k10,11,,860,0,0,0.0286,2.9214,0.0024,0.1415,3.2679,0,4,0,0,0,0,0,0,0,0,0,0,4,0,0,0,0,0,0,0,0,0
ubt,bintrie,5,4,storage_sstore_k10,11,,861,0,0,0.0268,17.3126,0.0028,3.0366,20.9777,0,4,0,0,0,0,0,0,0,0,0,0,4,0,0,0,0,0,0,0,0,0
ubt,bintrie,5,4,storage_sstore_k10,11,,862,86938,2,0.1607,12.205,16.5593,4.804,33.9816,2.5584,11,0,0,0,3,0,0,0,1,165,5,6,45.45,0,0,0,0,0,0,0,0
ubt,bintrie,5,4,storage_sstore_k10,11,,863,5919358,1,4.5741,8.0804,5.306,2.1369,20.247,292.3577,17,283,11,445,12,0,254,0,0,0,7,10,41.18,63,220,22.26,11,0,100,445,0
ubt,bintrie,5,4,storage_sstore_k10,11,,864,21000,1,0.0695,10.2102,2.4889,0.6285,13.5739,1.5471,6,0,0,0,2,0,0,0,0,0,2,4,33.33,0,0,0,0,0,0,0,0
ubt,bintrie,5,4,storage_sstore_k10,11,,865,0,0,0.0268,2.6363,0.0019,0.0982,2.8968,0,4,0,0,0,0,0,0,0,0,0,0,4,0,0,0,0,0,0,0,0,0
ubt,bintrie,5,4,storage_sstore_k10,12,,866,0,0,0.0418,3.779,0.0018,0.1813,4.3093,0,4,0,0,0,0,0,0,0,0,0,0,4,0,0,0,0,0,0,0,0,0
ubt,bintrie,5,4,storage_sstore_k10,12,,867,0,0,0.037,3.2056,0.0016,0.1083,3.5761,0,4,0,0,0,0,0,0,0,0,0,0,4,0,0,0,0,0,0,0,0,0
ubt,bintrie,5,4,storage_sstore_k10,12,,868,0,0,0.0281,14.0687,0.0023,0.2813,14.6601,0,4,0,0,0,0,0,0,0,0,0,0,4,0,0,0,0,0,0,0,0,0
ubt,bintrie,5,4,storage_sstore_k10,12,,869,86938,2,0.1951,15.8541,2.4541,4.9631,23.6954,3.669,11,0,0,0,3,0,0,0,1,165,5,6,45.45,0,0,0,0,0,0,0,0
ubt,bintrie,5,4,storage_sstore_k10,12,,870,5919358,1,3.8739,7.7797,5.8773,2.0492,19.7497,299.7182,17,283,11,445,12,0,254,0,0,0,0,17,0,13,270,4.59,11,0,100,445,0
ubt,bintrie,5,4,storage_sstore_k10,12,,871,21000,1,0.1313,3.5448,2.4054,0.5583,6.8236,3.0776,6,0,0,0,2,0,0,0,0,0,2,4,33.33,0,0,0,0,0,0,0,0
ubt,bintrie,5,4,storage_sstore_k10,12,,872,0,0,0.0442,3.4463,0.0026,0.1808,3.8595,0,4,0,0,0,0,0,0,0,0,0,0,4,0,0,0,0,0,0,0,0,0
ubt,bintrie,5,4,storage_sstore_k10,13,,873,0,0,0.0489,3.9849,0.0021,0.1701,4.4216,0,4,0,0,0,0,0,0,0,0,0,0,4,0,0,0,0,0,0,0,0,0
ubt,bintrie,5,4,storage_sstore_k10,13,,874,0,0,0.0255,2.7629,0.0015,0.0949,3.0062,0,4,0,0,0,0,0,0,0,0,0,0,4,0,0,0,0,0,0,0,0,0
ubt,bintrie,5,4,storage_sstore_k10,13,,875,0,0,0.0302,18.635,0.0019,0.1017,18.8981,0,4,0,0,0,0,0,0,0,0,0,0,4,0,0,0,0,0,0,0,0,0
ubt,bintrie,5,4,storage_sstore_k10,13,,876,86938,2,0.1246,3.5607,3.0704,4.9676,11.8973,7.3074,11,0,0,0,3,0,0,0,1,165,5,6,45.45,0,0,0,0,0,0,0,0
ubt,bintrie,5,4,storage_sstore_k10,13,,877,5919358,1,3.5316,8.4071,8.3358,2.0447,22.5891,262.0448,17,283,11,445,12,0,254,0,0,0,7,10,41.18,81,202,28.62,11,0,100,445,0
ubt,bintrie,5,4,storage_sstore_k10,13,,878,21000,1,0.0717,11.3625,2.4816,0.6831,14.7597,1.4228,6,0,0,0,2,0,0,0,0,0,2,4,33.33,0,0,0,0,0,0,0,0
ubt,bintrie,5,4,storage_sstore_k10,13,,879,0,0,0.0351,3.1362,0.002,0.1285,13.2262,0,4,0,0,0,0,0,0,0,0,0,0,4,0,0,0,0,0,0,0,0,0
ubt,bintrie,5,4,storage_sstore_k10,14,,880,0,0,0.0427,3.3068,0.0019,0.2315,3.8313,0,4,0,0,0,0,0,0,0,0,0,0,4,0,0,0,0,0,0,0,0,0
ubt,bintrie,5,4,storage_sstore_k10,14,,881,0,0,0.0282,2.9496,0.0016,0.1006,3.2236,0,4,0,0,0,0,0,0,0,0,0,0,4,0,0,0,0,0,0,0,0,0
ubt,bintrie,5,4,storage_sstore_k10,14,,882,0,0,0.0438,4.5855,0.0019,0.1992,5.1154,0,4,0,0,0,0,0,0,0,0,0,0,4,0,0,0,0,0,0,0,0,0
ubt,bintrie,5,4,storage_sstore_k10,14,,883,86938,2,0.1629,15.2089,13.5406,4.7357,33.8331,2.5696,11,0,0,0,3,0,0,0,1,165,5,6,45.45,0,0,0,0,0,0,0,0
ubt,bintrie,5,4,storage_sstore_k10,14,,884,5919358,1,3.2256,7.2714,5.5492,2.242,18.4305,321.1714,17,283,11,445,12,0,254,0,0,0,4,13,23.53,42,241,14.84,11,0,100,445,0
ubt,bintrie,5,4,storage_sstore_k10,14,,885,21000,1,0.0648,4.2013,12.3194,0.6317,17.4244,1.2052,6,0,0,0,2,0,0,0,0,0,2,4,33.33,0,0,0,0,0,0,0,0
ubt,bintrie,5,4,storage_sstore_k10,14,,886,0,0,0.0301,2.6764,0.0013,0.2163,3.2799,0,4,0,0,0,0,0,0,0,0,0,0,4,0,0,0,0,0,0,0,0,0
ubt,bintrie,5,4,storage_sstore_k10,15,,887,0,0,0.0319,2.8942,0.001,0.1568,3.2724,0,4,0,0,0,0,0,0,0,0,0,0,4,0,0,0,0,0,0,0,0,0
ubt,bintrie,5,4,storage_sstore_k10,15,,888,0,0,0.0249,3.5428,0.0016,0.164,4.0247,0,4,0,0,0,0,0,0,0,0,0,0,4,0,0,0,0,0,0,0,0,0
ubt,bintrie,5,4,storage_sstore_k10,15,,889,0,0,0.0278,3.6001,0.0014,0.1802,3.9527,0,4,0,0,0,0,0,0,0,0,0,0,4,0,0,0,0,0,0,0,0,0
ubt,bintrie,5,4,storage_sstore_k10,15,,890,86938,2,0.1187,15.1037,14.1727,4.6113,34.1991,2.5421,11,0,0,0,3,0,0,0,1,165,5,6,45.45,0,0,0,0,0,0,0,0
ubt,bintrie,5,4,storage_sstore_k10,15,,891,5919358,1,3.9611,8.7813,5.4902,2.1603,20.5749,287.6987,17,283,11,445,12,0,254,0,0,0,3,14,17.65,92,191,32.51,11,0,100,445,0
ubt,bintrie,5,4,storage_sstore_k10,15,,892,21000,1,0.0725,3.7678,7.7935,2.0248,13.8726,1.5138,6,0,0,0,2,0,0,0,0,0,2,4,33.33,0,0,0,0,0,0,0,0
ubt,bintrie,5,4,storage_sstore_k10,15,,893,0,0,0.0445,3.07,0.0019,0.1265,3.4046,0,4,0,0,0,0,0,0,0,0,0,0,4,0,0,0,0,0,0,0,0,0
ubt,bintrie,5,4,storage_sstore_k10,16,,894,0,0,0.0379,3.2133,0.0014,0.1919,3.6135,0,4,0,0,0,0,0,0,0,0,0,0,4,0,0,0,0,0,0,0,0,0
ubt,bintrie,5,4,storage_sstore_k10,16,,895,0,0,0.0377,8.656,0.002,0.1097,8.9849,0,4,0,0,0,0,0,0,0,0,0,0,4,0,0,0,0,0,0,0,0,0
ubt,bintrie,5,4,storage_sstore_k10,16,,896,0,0,0.0314,3.0831,0.0021,0.1466,3.3955,0,4,0,0,0,0,0,0,0,0,0,0,4,0,0,0,0,0,0,0,0,0
ubt,bintrie,5,4,storage_sstore_k10,16,,897,86938,2,0.1096,15.0926,14.797,4.7901,34.9425,2.488,11,0,0,0,3,0,0,0,1,165,5,6,45.45,0,0,0,0,0,0,0,0
ubt,bintrie,5,4,storage_sstore_k10,16,,898,5919358,1,5.5098,10.0676,5.4138,2.2303,23.3871,253.1039,17,283,11,445,12,0,254,0,0,0,5,12,29.41,76,207,26.86,11,0,100,445,0
ubt,bintrie,5,4,storage_sstore_k10,16,,899,21000,1,0.0676,6.6465,6.4212,0.6417,14.0222,1.4976,6,0,0,0,2,0,0,0,0,0,2,4,33.33,0,0,0,0,0,0,0,0
ubt,bintrie,5,4,storage_sstore_k10,16,,900,0,0,0.0257,3.1067,0.002,0.1825,3.5448,0,4,0,0,0,0,0,0,0,0,0,0,4,0,0,0,0,0,0,0,0,0
ubt,bintrie,5,4,storage_sstore_k10,17,,901,0,0,0.0761,6.7229,0.0021,0.1558,7.2521,0,4,0,0,0,0,0,0,0,0,0,0,4,0,0,0,0,0,0,0,0,0
ubt,bintrie,5,4,storage_sstore_k10,17,,902,0,0,0.0493,2.7738,0.0018,0.1479,3.1385,0,4,0,0,0,0,0,0,0,0,0,0,4,0,0,0,0,0,0,0,0,0
ubt,bintrie,5,4,storage_sstore_k10,17,,903,0,0,0.0335,3.0028,0.0018,0.0998,3.3161,0,4,0,0,0,0,0,0,0,0,0,0,4,0,0,0,0,0,0,0,0,0
ubt,bintrie,5,4,storage_sstore_k10,17,,904,86938,2,0.1495,19.2195,2.8597,4.9632,27.3277,3.1813,11,0,0,0,3,0,0,0,1,165,6,5,54.55,0,0,0,0,0,0,0,0
ubt,bintrie,5,4,storage_sstore_k10,17,,905,5919358,1,3.3785,13.9632,23.1531,1.969,42.641,138.8183,17,283,11,445,12,0,254,0,0,0,5,12,29.41,69,214,24.38,11,0,100,445,0
ubt,bintrie,5,4,storage_sstore_k10,17,,906,21000,1,0.057,2.9924,2.5039,0.5171,6.2343,3.3684,6,0,0,0,2,0,0,0,0,0,2,4,33.33,0,0,0,0,0,0,0,0
ubt,bintrie,5,4,storage_sstore_k10,17,,907,0,0,0.0299,1.255,0.0019,0.1565,3.2383,0,4,0,0,0,0,0,0,0,0,0,0,4,0,0,0,0,0,0,0,0,0
ubt,bintrie,5,4,storage_sstore_k10,18,,908,0,0,0.2048,3.2591,0.0019,0.1521,3.8162,0,4,0,0,0,0,0,0,0,0,0,0,4,0,0,0,0,0,0,0,0,0
ubt,bintrie,5,4,storage_sstore_k10,18,,909,0,0,0.0218,2.7671,0.0013,0.0983,3.0612,0,4,0,0,0,0,0,0,0,0,0,0,4,0,0,0,0,0,0,0,0,0
ubt,bintrie,5,4,storage_sstore_k10,18,,910,0,0,0.0267,18.0685,0.002,0.1496,18.553,0,4,0,0,0,0,0,0,0,0,0,0,4,0,0,0,0,0,0,0,0,0
ubt,bintrie,5,4,storage_sstore_k10,18,,911,86938,2,0.0939,13.6594,15.5809,4.261,33.8115,2.5713,11,0,0,0,3,0,0,0,1,165,5,6,45.45,0,0,0,0,0,0,0,0
ubt,bintrie,5,4,storage_sstore_k10,18,,912,5919358,1,3.409,7.837,6.7139,2.2009,20.357,290.7769,17,283,11,445,12,0,254,0,0,0,6,11,35.29,82,201,28.98,11,0,100,445,0
ubt,bintrie,5,4,storage_sstore_k10,18,,913,21000,1,0.0541,3.6153,9.5357,0.6307,14.0629,1.4933,6,0,0,0,2,0,0,0,0,0,2,4,33.33,0,0,0,0,0,0,0,0
ubt,bintrie,5,4,storage_sstore_k10,18,,914,0,0,0.0217,2.6365,0.0014,0.107,2.9148,0,4,0,0,0,0,0,0,0,0,0,0,4,0,0,0,0,0,0,0,0,0
ubt,bintrie,5,4,storage_sstore_k10,19,,915,0,0,0.0501,3.2848,0.0018,0.1607,3.7468,0,4,0,0,0,0,0,0,0,0,0,0,4,0,0,0,0,0,0,0,0,0
ubt,bintrie,5,4,storage_sstore_k10,19,,916,0,0,0.0278,3.3715,0.0015,0.09,3.6517,0,4,0,0,0,0,0,0,0,0,0,0,4,0,0,0,0,0,0,0,0,0
ubt,bintrie,5,4,storage_sstore_k10,19,,917,0,0,0.025,14.0543,0.0027,0.1111,14.3722,0,4,0,0,0,0,0,0,0,0,0,0,4,0,0,0,0,0,0,0,0,0
ubt,bintrie,5,4,storage_sstore_k10,19,,918,86938,2,0.1223,21.6729,2.9508,5.1482,30.0552,2.8926,11,0,0,0,3,0,0,0,1,165,5,6,45.45,0,0,0,0,0,0,0,0
ubt,bintrie,5,4,storage_sstore_k10,19,,919,5919358,1,3.6716,12.642,5.4213,1.8505,23.7828,248.8922,17,283,11,445,12,0,254,0,0,0,9,8,52.94,193,90,68.2,11,0,100,445,0
ubt,bintrie,5,4,storage_sstore_k10,19,,920,21000,1,0.0787,26.8945,2.4663,0.6596,30.285,0.6934,6,0,0,0,2,0,0,0,0,0,2,4,33.33,0,0,0,0,0,0,0,0
ubt,bintrie,5,4,storage_sstore_k10,19,,921,0,0,0.0601,25.9747,0.0037,0.164,26.8374,0,4,0,0,0,0,0,0,0,0,0,0,4,0,0,0,0,0,0,0,0,0
ubt,bintrie,5,4,storage_sstore_k10,1,,790,0,0,0.0394,3.5675,0.0021,0.191,4.004,0,4,0,0,0,0,0,0,0,0,0,0,4,0,0,0,0,0,0,0,0,0
ubt,bintrie,5,4,storage_sstore_k10,1,,791,0,0,0.0244,2.923,0.0015,0.0973,3.2005,0,4,0,0,0,0,0,0,0,0,0,0,4,0,0,0,0,0,0,0,0,0
ubt,bintrie,5,4,storage_sstore_k10,1,,792,0,0,0.0227,2.8284,0.0016,0.0905,3.0687,0,4,0,0,0,0,0,0,0,0,0,0,4,0,0,0,0,0,0,0,0,0
ubt,bintrie,5,4,storage_sstore_k10,1,,793,86938,2,0.1337,23.0163,2.7582,4.79,30.8873,2.8147,11,0,0,0,3,0,0,0,1,165,6,5,54.55,0,0,0,0,0,0,0,0
ubt,bintrie,5,4,storage_sstore_k10,1,,794,5919358,1,4.3495,13.1742,6.1147,2.1323,25.9661,227.9653,17,283,11,445,12,0,254,0,0,0,3,14,17.65,76,207,26.86,11,0,100,445,0
ubt,bintrie,5,4,storage_sstore_k10,1,,795,21000,1,0.2664,15.5722,2.4403,0.6424,19.5041,1.0767,6,0,0,0,2,0,0,0,0,0,0,6,0,0,0,0,0,0,0,0,0
ubt,bintrie,5,4,storage_sstore_k10,1,,796,0,0,0.0178,0.4671,0.0009,0.2269,1.1394,0,4,0,0,0,0,0,0,0,0,0,0,4,0,0,0,0,0,0,0,0,0
ubt,bintrie,5,4,storage_sstore_k10,20,,922,0,0,0.0467,7.1866,0.002,0.1508,7.6314,0,4,0,0,0,0,0,0,0,0,0,0,4,0,0,0,0,0,0,0,0,0
ubt,bintrie,5,4,storage_sstore_k10,20,,923,0,0,0.0281,3.6291,0.0018,0.147,3.9694,0,4,0,0,0,0,0,0,0,0,0,0,4,0,0,0,0,0,0,0,0,0
ubt,bintrie,5,4,storage_sstore_k10,20,,924,0,0,0.058,15.0124,0.0019,0.1268,15.5986,0,4,0,0,0,0,0,0,0,0,0,0,4,0,0,0,0,0,0,0,0,0
ubt,bintrie,5,4,storage_sstore_k10,20,,925,86938,2,0.1197,9.0343,21.8812,4.7312,35.9262,2.4199,11,0,0,0,3,0,0,0,1,165,5,6,45.45,0,0,0,0,0,0,0,0
ubt,bintrie,5,4,storage_sstore_k10,20,,926,5919358,1,3.3318,7.4409,6.0828,1.8882,18.9205,312.855,17,283,11,445,12,0,254,0,0,0,4,13,23.53,29,254,10.25,11,0,100,445,0
ubt,bintrie,5,4,storage_sstore_k10,20,,927,21000,1,0.0613,4.8495,10.908,0.6061,16.5843,1.2663,6,0,0,0,2,0,0,0,0,0,2,4,33.33,0,0,0,0,0,0,0,0
ubt,bintrie,5,4,storage_sstore_k10,20,,928,0,0,0.0242,2.7157,0.0013,0.1084,2.9721,0,4,0,0,0,0,0,0,0,0,0,0,4,0,0,0,0,0,0,0,0,0
ubt,bintrie,5,4,storage_sstore_k10,2,,797,0,0,0.0328,2.8222,0.0015,0.1547,3.1812,0,4,0,0,0,0,0,0,0,0,0,0,4,0,0,0,0,0,0,0,0,0
ubt,bintrie,5,4,storage_sstore_k10,2,,798,0,0,0.0501,13.8897,0.0024,0.1373,14.2408,0,4,0,0,0,0,0,0,0,0,0,0,4,0,0,0,0,0,0,0,0,0
ubt,bintrie,5,4,storage_sstore_k10,2,,799,0,0,0.026,6.9141,0.0016,0.1204,7.2089,0,4,0,0,0,0,0,0,0,0,0,0,4,0,0,0,0,0,0,0,0,0
ubt,bintrie,5,4,storage_sstore_k10,2,,800,86938,2,0.0837,3.2748,15.8117,4.7598,24.0968,3.6079,11,0,0,0,3,0,0,0,1,165,6,5,54.55,0,0,0,0,0,0,0,0
ubt,bintrie,5,4,storage_sstore_k10,2,,801,5919358,1,3.4502,21.1812,5.6981,2.1838,32.6869,181.0924,17,283,11,445,12,0,254,0,0,0,4,13,23.53,57,226,20.14,11,0,100,445,0
ubt,bintrie,5,4,storage_sstore_k10,2,,802,21000,1,0.057,2.9543,8.428,0.9786,12.6088,1.6655,6,0,0,0,2,0,0,0,0,0,2,4,33.33,0,0,0,0,0,0,0,0
ubt,bintrie,5,4,storage_sstore_k10,2,,803,0,0,0.0228,2.5338,0.0015,0.243,3.0946,0,4,0,0,0,0,0,0,0,0,0,0,4,0,0,0,0,0,0,0,0,0
ubt,bintrie,5,4,storage_sstore_k10,3,,804,0,0,0.0421,3.0219,0.0017,0.1583,3.4503,0,4,0,0,0,0,0,0,0,0,0,0,4,0,0,0,0,0,0,0,0,0
ubt,bintrie,5,4,storage_sstore_k10,3,,805,0,0,0.0243,2.7659,0.0015,0.1088,3.0451,0,4,0,0,0,0,0,0,0,0,0,0,4,0,0,0,0,0,0,0,0,0
ubt,bintrie,5,4,storage_sstore_k10,3,,806,0,0,0.0299,14.5281,0.0025,0.1435,14.8506,0,4,0,0,0,0,0,0,0,0,0,0,4,0,0,0,0,0,0,0,0,0
ubt,bintrie,5,4,storage_sstore_k10,3,,807,86938,2,0.4173,21.3696,2.6706,4.8184,29.4521,2.9518,11,0,0,0,3,0,0,0,1,165,5,6,45.45,0,0,0,0,0,0,0,0
ubt,bintrie,5,4,storage_sstore_k10,3,,808,5919358,1,3.7381,11.8879,6.2142,2.1289,24.1374,245.2363,17,283,11,445,12,0,254,0,0,0,9,8,52.94,166,117,58.66,11,0,100,445,0
ubt,bintrie,5,4,storage_sstore_k10,3,,809,21000,1,0.0563,14.3663,20.7743,1.0985,36.4318,0.5764,6,0,0,0,2,0,0,0,0,0,2,4,33.33,0,0,0,0,0,0,0,0
ubt,bintrie,5,4,storage_sstore_k10,3,,810,0,0,0.0237,13.2885,0.0026,0.0868,13.5372,0,4,0,0,0,0,0,0,0,0,0,0,4,0,0,0,0,0,0,0,0,0
ubt,bintrie,5,4,storage_sstore_k10,4,,811,0,0,0.043,5.1652,0.0015,0.1868,5.5957,0,4,0,0,0,0,0,0,0,0,0,0,4,0,0,0,0,0,0,0,0,0
ubt,bintrie,5,4,storage_sstore_k10,4,,812,0,0,0.039,3.3754,0.0016,0.0945,3.6801,0,4,0,0,0,0,0,0,0,0,0,0,4,0,0,0,0,0,0,0,0,0
ubt,bintrie,5,4,storage_sstore_k10,4,,813,0,0,0.0229,2.7765,0.0018,0.1535,3.1408,0,4,0,0,0,0,0,0,0,0,0,0,4,0,0,0,0,0,0,0,0,0
ubt,bintrie,5,4,storage_sstore_k10,4,,814,86938,2,0.2276,3.8275,14.2281,4.8358,23.2833,3.7339,11,0,0,0,3,0,0,0,1,165,4,7,36.36,0,0,0,0,0,0,0,0
ubt,bintrie,5,4,storage_sstore_k10,4,,815,5919358,1,5.666,10.7321,6.4179,2.0282,25.0971,235.8581,17,283,11,445,12,0,254,0,0,0,7,10,41.18,151,132,53.36,11,0,100,445,0
ubt,bintrie,5,4,storage_sstore_k10,4,,816,21000,1,0.0792,15.5,14.7059,0.6307,31.1246,0.6747,6,0,0,0,2,0,0,0,0,0,2,4,33.33,0,0,0,0,0,0,0,0
ubt,bintrie,5,4,storage_sstore_k10,4,,817,0,0,0.0216,2.6612,0.0016,0.1307,2.9941,0,4,0,0,0,0,0,0,0,0,0,0,4,0,0,0,0,0,0,0,0,0
ubt,bintrie,5,4,storage_sstore_k10,5,,818,0,0,0.0469,3.4038,0.0021,0.1948,4.0692,0,4,0,0,0,0,0,0,0,0,0,0,4,0,0,0,0,0,0,0,0,0
ubt,bintrie,5,4,storage_sstore_k10,5,,819,0,0,0.0383,3.3723,0.002,0.126,3.7434,0,4,0,0,0,0,0,0,0,0,0,0,4,0,0,0,0,0,0,0,0,0
ubt,bintrie,5,4,storage_sstore_k10,5,,820,0,0,0.0375,4.8408,0.0022,0.2998,5.5367,0,4,0,0,0,0,0,0,0,0,0,0,4,0,0,0,0,0,0,0,0,0
ubt,bintrie,5,4,storage_sstore_k10,5,,821,86938,2,0.134,16.8558,4.0963,4.5371,25.8222,3.3668,11,0,0,0,3,0,0,0,1,165,6,5,54.55,0,0,0,0,0,0,0,0
ubt,bintrie,5,4,storage_sstore_k10,5,,822,5919358,1,3.6981,13.4682,17.3664,2.3654,37.0806,159.6351,17,283,11,445,12,0,254,0,0,0,2,15,11.76,45,238,15.9,11,0,100,445,0
ubt,bintrie,5,4,storage_sstore_k10,5,,823,21000,1,0.0731,4.013,13.2539,0.666,18.1877,1.1546,6,0,0,0,2,0,0,0,0,0,2,4,33.33,0,0,0,0,0,0,0,0
ubt,bintrie,5,4,storage_sstore_k10,5,,824,0,0,0.0308,2.9078,0.0016,0.0935,3.1942,0,4,0,0,0,0,0,0,0,0,0,0,4,0,0,0,0,0,0,0,0,0
ubt,bintrie,5,4,storage_sstore_k10,6,,825,0,0,0.0397,3.5028,0.0014,0.2286,4.0062,0,4,0,0,0,0,0,0,0,0,0,0,4,0,0,0,0,0,0,0,0,0
ubt,bintrie,5,4,storage_sstore_k10,6,,826,0,0,0.0219,2.7394,0.0014,0.1125,3.0451,0,4,0,0,0,0,0,0,0,0,0,0,4,0,0,0,0,0,0,0,0,0
ubt,bintrie,5,4,storage_sstore_k10,6,,827,86938,2,0.1508,14.7944,15.2266,4.8249,36.5979,2.3755,11,0,0,0,3,0,0,0,1,165,5,6,45.45,0,0,0,0,0,0,0,0
ubt,bintrie,5,4,storage_sstore_k10,6,,828,5919358,1,3.4243,7.4396,6.003,2.2629,19.3085,306.5668,17,283,11,445,12,0,254,0,0,0,9,8,52.94,134,149,47.35,11,0,100,445,0
ubt,bintrie,5,4,storage_sstore_k10,6,,829,21000,1,0.1708,10.633,3.4434,0.6565,15.078,1.3928,6,0,0,0,2,0,0,0,0,0,0,6,0,0,0,0,0,0,0,0,0
ubt,bintrie,5,4,storage_sstore_k10,6,,830,0,0,0.0215,0.5961,0.0016,0.0986,0.8992,0,4,0,0,0,0,0,0,0,0,0,0,4,0,0,0,0,0,0,0,0,0
ubt,bintrie,5,4,storage_sstore_k10,7,,831,0,0,0.0564,3.191,0.0023,0.2255,3.6849,0,4,0,0,0,0,0,0,0,0,0,0,4,0,0,0,0,0,0,0,0,0
ubt,bintrie,5,4,storage_sstore_k10,7,,832,0,0,0.0203,2.6579,0.0013,0.1611,3.0182,0,4,0,0,0,0,0,0,0,0,0,0,4,0,0,0,0,0,0,0,0,0
ubt,bintrie,5,4,storage_sstore_k10,7,,833,0,0,0.0319,3.7879,0.0024,0.1708,4.149,0,4,0,0,0,0,0,0,0,0,0,0,4,0,0,0,0,0,0,0,0,0
ubt,bintrie,5,4,storage_sstore_k10,7,,834,86938,2,0.1609,15.6068,18.0187,4.4656,38.4096,2.2634,11,0,0,0,3,0,0,0,1,165,5,6,45.45,0,0,0,0,0,0,0,0
ubt,bintrie,5,4,storage_sstore_k10,7,,835,5919358,1,4.2231,8.9158,6.4161,2.2024,22.0243,268.7644,17,283,11,445,12,0,254,0,0,0,5,12,29.41,110,173,38.87,11,0,100,445,0
ubt,bintrie,5,4,storage_sstore_k10,7,,836,21000,1,0.0736,8.431,2.5635,0.6382,11.8971,1.7651,6,0,0,0,2,0,0,0,0,0,2,4,33.33,0,0,0,0,0,0,0,0
ubt,bintrie,5,4,storage_sstore_k10,7,,837,0,0,0.0272,11.8459,0.0023,0.2597,12.2929,0,4,0,0,0,0,0,0,0,0,0,0,4,0,0,0,0,0,0,0,0,0
ubt,bintrie,5,4,storage_sstore_k10,8,,838,0,0,0.0455,4.8231,0.0017,0.1298,5.1766,0,4,0,0,0,0,0,0,0,0,0,0,4,0,0,0,0,0,0,0,0,0
ubt,bintrie,5,4,storage_sstore_k10,8,,839,0,0,0.0245,2.8857,0.0016,0.1371,3.2533,0,4,0,0,0,0,0,0,0,0,0,0,4,0,0,0,0,0,0,0,0,0
ubt,bintrie,5,4,storage_sstore_k10,8,,840,0,0,0.036,2.6363,0.0021,0.083,2.9367,0,4,0,0,0,0,0,0,0,0,0,0,4,0,0,0,0,0,0,0,0,0
ubt,bintrie,5,4,storage_sstore_k10,8,,841,86938,2,0.0854,3.2984,17.0417,4.5549,25.158,3.4557,11,0,0,0,3,0,0,0,1,165,6,5,54.55,0,0,0,0,0,0,0,0
ubt,bintrie,5,4,storage_sstore_k10,8,,842,5919358,1,4.5066,8.515,5.4848,2.1341,20.85,283.902,17,283,11,445,12,0,254,0,0,0,4,13,23.53,86,197,30.39,11,0,100,445,0
ubt,bintrie,5,4,storage_sstore_k10,8,,843,21000,1,0.0713,3.3694,2.5272,0.9297,7.0885,2.9625,6,0,0,0,2,0,0,0,0,0,2,4,33.33,0,0,0,0,0,0,0,0
ubt,bintrie,5,4,storage_sstore_k10,8,,844,0,0,0.0191,2.5499,0.001,0.1148,2.797,0,4,0,0,0,0,0,0,0,0,0,0,4,0,0,0,0,0,0,0,0,0
ubt,bintrie,5,4,storage_sstore_k10,9,,845,0,0,0.0454,2.8635,0.002,0.1634,3.2712,0,4,0,0,0,0,0,0,0,0,0,0,4,0,0,0,0,0,0,0,0,0
ubt,bintrie,5,4,storage_sstore_k10,9,,846,0,0,0.023,2.6738,0.0013,0.124,2.9421,0,4,0,0,0,0,0,0,0,0,0,0,4,0,0,0,0,0,0,0,0,0
ubt,bintrie,5,4,storage_sstore_k10,9,,847,0,0,0.0284,2.9518,0.002,0.0848,3.2556,0,4,0,0,0,0,0,0,0,0,0,0,4,0,0,0,0,0,0,0,0,0
ubt,bintrie,5,4,storage_sstore_k10,9,,848,86938,2,0.1009,14.4668,14.4975,5.5762,34.8489,2.4947,11,0,0,0,3,0,0,0,1,165,6,5,54.55,0,0,0,0,0,0,0,0
ubt,bintrie,5,4,storage_sstore_k10,9,,849,5919358,1,3.8264,9.0168,5.5801,2.2129,24.8517,238.1873,17,283,11,445,12,0,254,0,0,0,0,17,0,26,257,9.19,11,0,100,445,0
ubt,bintrie,5,4,storage_sstore_k10,9,,850,21000,1,0.1647,3.5409,2.9108,0.6015,7.3493,2.8574,6,0,0,0,2,0,0,0,0,0,2,4,33.33,0,0,0,0,0,0,0,0
ubt,bintrie,5,4,storage_sstore_k10,9,,851,0,0,0.0313,3.1716,0.0017,0.095,3.5802,0,4,0,0,0,0,0,0,0,0,0,0,4,0,0,0,0,0,0,0,0,0
ubt,bintrie,5,4,storage_sstore_k100,10,,983,0,0,0.0309,2.8339,0.0016,0.1609,3.1955,0,4,0,0,0,0,0,0,0,0,0,0,4,0,0,0,0,0,0,0,0,0
ubt,bintrie,5,4,storage_sstore_k100,10,,984,0,0,0.03,2.9054,0.001,0.1301,3.2365,0,4,0,0,0,0,0,0,0,0,0,0,4,0,0,0,0,0,0,0,0,0
ubt,bintrie,5,4,storage_sstore_k100,10,,985,0,0,0.0445,3.2984,0.0021,0.1964,3.7416,0,4,0,0,0,0,0,0,0,0,0,0,4,0,0,0,0,0,0,0,0,0
ubt,bintrie,5,4,storage_sstore_k100,10,,986,86938,2,0.0977,3.4418,19.6656,4.6657,30.5203,2.8485,11,0,0,0,3,0,0,0,1,165,7,4,63.64,0,0,0,0,0,0,0,0
ubt,bintrie,5,4,storage_sstore_k100,10,,987,5910164,1,3.7876,16.3558,32.8634,6.7484,59.9491,98.5864,100,241,94,2769,94,0,238,0,0,0,52,48,52,100,141,41.49,94,0,100,2769,0
ubt,bintrie,5,4,storage_sstore_k100,10,,988,21000,1,0.0769,3.0739,3.0912,0.8429,7.2299,2.9046,6,0,0,0,2,0,0,0,0,0,2,4,33.33,0,0,0,0,0,0,0,0
ubt,bintrie,5,4,storage_sstore_k100,11,,989,0,0,0.0277,2.6509,0.0012,0.154,3.0377,0,4,0,0,0,0,0,0,0,0,0,0,4,0,0,0,0,0,0,0,0,0
ubt,bintrie,5,4,storage_sstore_k100,11,,990,0,0,0.032,2.9527,0.0016,0.1229,3.2508,0,4,0,0,0,0,0,0,0,0,0,0,4,0,0,0,0,0,0,0,0,0
ubt,bintrie,5,4,storage_sstore_k100,11,,991,0,0,0.0252,13.6605,0.0015,0.1408,13.9825,0,4,0,0,0,0,0,0,0,0,0,0,4,0,0,0,0,0,0,0,0,0
ubt,bintrie,5,4,storage_sstore_k100,11,,992,86938,2,0.0882,11.904,2.8636,4.3593,23.9209,3.6344,11,0,0,0,3,0,0,0,1,165,6,5,54.55,0,0,0,0,0,0,0,0
ubt,bintrie,5,4,storage_sstore_k100,11,,993,5910164,1,4.1899,18.9264,45.3025,7.1201,76.5632,77.1932,100,241,94,2769,94,0,238,0,0,0,34,66,34,49,192,20.33,94,0,100,2769,0
ubt,bintrie,5,4,storage_sstore_k100,11,,994,21000,1,0.1488,22.7361,2.4587,0.7041,26.3401,0.7973,6,0,0,0,2,0,0,0,0,0,0,6,0,0,0,0,0,0,0,0,0
ubt,bintrie,5,4,storage_sstore_k100,12,,995,0,0,0.0472,3.0584,0.002,0.1863,3.5116,0,4,0,0,0,0,0,0,0,0,0,0,4,0,0,0,0,0,0,0,0,0
ubt,bintrie,5,4,storage_sstore_k100,12,,996,0,0,0.026,2.6168,0.0015,0.0863,2.9011,0,4,0,0,0,0,0,0,0,0,0,0,4,0,0,0,0,0,0,0,0,0
ubt,bintrie,5,4,storage_sstore_k100,12,,997,0,0,0.04,15.6864,0.0024,0.1162,16.0214,0,4,0,0,0,0,0,0,0,0,0,0,4,0,0,0,0,0,0,0,0,0
ubt,bintrie,5,4,storage_sstore_k100,12,,998,86938,2,0.1008,3.0638,13.4845,5.3975,22.274,3.9031,11,0,0,0,3,0,0,0,1,165,5,6,45.45,0,0,0,0,0,0,0,0
ubt,bintrie,5,4,storage_sstore_k100,12,,999,5910164,1,3.8359,15.7773,23.4032,8.4351,51.6297,114.4721,100,241,94,2769,94,0,238,0,0,0,32,68,32,48,193,19.92,94,0,100,2769,0
ubt,bintrie,5,4,storage_sstore_k100,12,,1000,21000,1,0.0619,9.4768,4.8794,0.5848,15.2127,1.3804,6,0,0,0,2,0,0,0,0,0,2,4,33.33,0,0,0,0,0,0,0,0
ubt,bintrie,5,4,storage_sstore_k100,13,,1001,0,0,0.0298,3.0104,0.0056,0.2023,3.4051,0,4,0,0,0,0,0,0,0,0,0,0,4,0,0,0,0,0,0,0,0,0
ubt,bintrie,5,4,storage_sstore_k100,13,,1002,0,0,0.0259,2.7188,0.0019,0.1043,3.0013,0,4,0,0,0,0,0,0,0,0,0,0,4,0,0,0,0,0,0,0,0,0
ubt,bintrie,5,4,storage_sstore_k100,13,,1003,0,0,0.0257,3.1793,0.002,0.1002,3.4628,0,4,0,0,0,0,0,0,0,0,0,0,4,0,0,0,0,0,0,0,0,0
ubt,bintrie,5,4,storage_sstore_k100,13,,1004,86938,2,0.1019,18.1857,2.6752,4.8454,25.9728,3.3473,11,0,0,0,3,0,0,0,1,165,7,4,63.64,0,0,0,0,0,0,0,0
ubt,bintrie,5,4,storage_sstore_k100,13,,1005,5910164,1,3.7618,21.0644,22.7975,8.1301,56.0063,105.5268,100,241,94,2769,94,0,238,0,0,0,54,46,54,118,123,48.96,94,0,100,2769,0
ubt,bintrie,5,4,storage_sstore_k100,13,,1006,21000,1,0.0876,18.8431,2.5023,0.6001,22.2076,0.9456,6,0,0,0,2,0,0,0,0,0,2,4,33.33,0,0,0,0,0,0,0,0
ubt,bintrie,5,4,storage_sstore_k100,14,,1007,0,0,0.0281,2.8015,0.0015,0.2142,3.2055,0,4,0,0,0,0,0,0,0,0,0,0,4,0,0,0,0,0,0,0,0,0
ubt,bintrie,5,4,storage_sstore_k100,14,,1008,0,0,0.0294,2.9611,0.0015,0.0826,3.2122,0,4,0,0,0,0,0,0,0,0,0,0,4,0,0,0,0,0,0,0,0,0
ubt,bintrie,5,4,storage_sstore_k100,14,,1009,0,0,0.0403,19.8166,0.0025,0.3614,20.5887,0,4,0,0,0,0,0,0,0,0,0,0,4,0,0,0,0,0,0,0,0,0
ubt,bintrie,5,4,storage_sstore_k100,14,,1010,86938,2,0.0858,3.2975,5.6802,6.9785,16.2141,5.3619,11,0,0,0,3,0,0,0,1,165,6,5,54.55,0,0,0,0,0,0,0,0
ubt,bintrie,5,4,storage_sstore_k100,14,,1011,5910164,1,3.7256,14.7225,22.7977,6.3042,47.6815,123.9509,100,241,94,2769,94,0,238,0,0,0,35,65,35,61,180,25.31,94,0,100,2769,0
ubt,bintrie,5,4,storage_sstore_k100,14,,1012,21000,1,0.054,11.4131,4.5331,0.607,16.793,1.2505,6,0,0,0,2,0,0,0,0,0,2,4,33.33,0,0,0,0,0,0,0,0
ubt,bintrie,5,4,storage_sstore_k100,15,,1013,0,0,0.032,2.7571,0.0039,0.1492,3.1023,0,4,0,0,0,0,0,0,0,0,0,0,4,0,0,0,0,0,0,0,0,0
ubt,bintrie,5,4,storage_sstore_k100,15,,1014,0,0,0.0347,2.8418,0.0016,0.136,3.2108,0,4,0,0,0,0,0,0,0,0,0,0,4,0,0,0,0,0,0,0,0,0
ubt,bintrie,5,4,storage_sstore_k100,15,,1015,0,0,0.0209,14.2107,0.0017,0.1306,14.4908,0,4,0,0,0,0,0,0,0,0,0,0,4,0,0,0,0,0,0,0,0,0
ubt,bintrie,5,4,storage_sstore_k100,15,,1016,86938,2,0.1063,20.8321,2.6402,4.8295,28.6315,3.0364,11,0,0,0,3,0,0,0,1,165,7,4,63.64,0,0,0,0,0,0,0,0
ubt,bintrie,5,4,storage_sstore_k100,15,,1017,5910164,1,4.0409,20.473,22.9525,6.3651,53.9864,109.4751,100,241,94,2769,94,0,238,0,0,0,11,89,11,14,227,5.81,94,0,100,2769,0
ubt,bintrie,5,4,storage_sstore_k100,15,,1018,21000,1,0.0557,16.2062,2.3285,0.5802,19.3679,1.0843,6,0,0,0,2,0,0,0,0,0,2,4,33.33,0,0,0,0,0,0,0,0
ubt,bintrie,5,4,storage_sstore_k100,16,,1019,0,0,0.033,2.9706,0.0056,0.211,3.4402,0,4,0,0,0,0,0,0,0,0,0,0,4,0,0,0,0,0,0,0,0,0
ubt,bintrie,5,4,storage_sstore_k100,16,,1020,0,0,0.0296,5.1145,0.0048,0.1617,5.4686,0,4,0,0,0,0,0,0,0,0,0,0,4,0,0,0,0,0,0,0,0,0
ubt,bintrie,5,4,storage_sstore_k100,16,,1021,0,0,0.0214,2.5918,0.0012,0.1113,2.8569,0,4,0,0,0,0,0,0,0,0,0,0,4,0,0,0,0,0,0,0,0,0
ubt,bintrie,5,4,storage_sstore_k100,16,,1022,86938,2,0.1128,18.8977,3.076,4.3547,27.0695,3.2117,11,0,0,0,3,0,0,0,1,165,5,6,45.45,0,0,0,0,0,0,0,0
ubt,bintrie,5,4,storage_sstore_k100,16,,1023,5910164,1,3.5614,31.264,22.7701,6.425,64.164,92.1103,100,241,94,2769,94,0,238,0,0,0,16,84,16,35,206,14.52,94,0,100,2769,0
ubt,bintrie,5,4,storage_sstore_k100,16,,1024,21000,1,0.0629,13.6576,16.1522,0.6659,30.7531,0.6829,6,0,0,0,2,0,0,0,0,0,2,4,33.33,0,0,0,0,0,0,0,0
ubt,bintrie,5,4,storage_sstore_k100,17,,1025,0,0,0.0353,3.152,0.0014,0.1385,3.5755,0,4,0,0,0,0,0,0,0,0,0,0,4,0,0,0,0,0,0,0,0,0
ubt,bintrie,5,4,storage_sstore_k100,17,,1026,0,0,0.0209,2.7819,0.0011,0.1302,3.076,0,4,0,0,0,0,0,0,0,0,0,0,4,0,0,0,0,0,0,0,0,0
ubt,bintrie,5,4,storage_sstore_k100,17,,1027,0,0,0.0355,2.9456,0.0016,0.1158,3.2456,0,4,0,0,0,0,0,0,0,0,0,0,4,0,0,0,0,0,0,0,0,0
ubt,bintrie,5,4,storage_sstore_k100,17,,1028,86938,2,0.0746,3.1099,20.5216,4.9498,28.8617,3.0122,11,0,0,0,3,0,0,0,1,165,7,4,63.64,0,0,0,0,0,0,0,0
ubt,bintrie,5,4,storage_sstore_k100,17,,1029,5910164,1,4.408,18.8929,24.7509,6.1052,54.4286,108.5857,100,241,94,2769,94,0,238,0,0,0,34,66,34,54,187,22.41,94,0,100,2769,0
ubt,bintrie,5,4,storage_sstore_k100,17,,1030,21000,1,0.0703,3.883,13.2271,0.5703,17.9543,1.1696,6,0,0,0,2,0,0,0,0,0,2,4,33.33,0,0,0,0,0,0,0,0
ubt,bintrie,5,4,storage_sstore_k100,18,,1031,0,0,0.056,2.8159,0.0019,0.1514,3.9324,0,4,0,0,0,0,0,0,0,0,0,0,4,0,0,0,0,0,0,0,0,0
ubt,bintrie,5,4,storage_sstore_k100,18,,1032,0,0,0.0222,2.5445,0.0014,0.0817,2.7891,0,4,0,0,0,0,0,0,0,0,0,0,4,0,0,0,0,0,0,0,0,0
ubt,bintrie,5,4,storage_sstore_k100,18,,1033,0,0,0.0292,13.9509,0.002,0.1244,14.2348,0,4,0,0,0,0,0,0,0,0,0,0,4,0,0,0,0,0,0,0,0,0
ubt,bintrie,5,4,storage_sstore_k100,18,,1034,86938,2,0.0936,3.3567,17.7995,4.5507,26.1343,3.3266,11,0,0,0,3,0,0,0,1,165,6,5,54.55,0,0,0,0,0,0,0,0
ubt,bintrie,5,4,storage_sstore_k100,18,,1035,5910164,1,3.543,17.2014,23.1803,6.6149,50.6949,116.583,100,241,94,2769,94,0,238,0,0,0,41,59,41,79,162,32.78,94,0,100,2769,0
ubt,bintrie,5,4,storage_sstore_k100,18,,1036,21000,1,0.0813,3.6959,21.2462,0.6608,25.8836,0.8113,6,0,0,0,2,0,0,0,0,0,2,4,33.33,0,0,0,0,0,0,0,0
ubt,bintrie,5,4,storage_sstore_k100,19,,1037,0,0,0.0324,2.797,0.001,0.1797,3.2152,0,4,0,0,0,0,0,0,0,0,0,0,4,0,0,0,0,0,0,0,0,0
ubt,bintrie,5,4,storage_sstore_k100,19,,1038,0,0,0.0339,2.7082,0.0015,0.0896,3.019,0,4,0,0,0,0,0,0,0,0,0,0,4,0,0,0,0,0,0,0,0,0
ubt,bintrie,5,4,storage_sstore_k100,19,,1039,0,0,0.0262,2.8113,0.0015,0.2405,3.3514,0,4,0,0,0,0,0,0,0,0,0,0,4,0,0,0,0,0,0,0,0,0
ubt,bintrie,5,4,storage_sstore_k100,19,,1040,86938,2,0.0828,14.4948,18.9002,6.062,39.7615,2.1865,11,0,0,0,3,0,0,0,1,165,7,4,63.64,0,0,0,0,0,0,0,0
ubt,bintrie,5,4,storage_sstore_k100,19,,1041,5910164,1,3.4224,15.278,23.6769,7.0822,49.6184,119.1123,100,241,94,2769,94,0,238,0,0,0,37,63,37,75,166,31.12,94,0,100,2769,0
ubt,bintrie,5,4,storage_sstore_k100,19,,1042,21000,1,0.0727,4.0953,10.2899,0.7667,15.4256,1.3614,6,0,0,0,2,0,0,0,0,0,2,4,33.33,0,0,0,0,0,0,0,0
ubt,bintrie,5,4,storage_sstore_k100,1,,929,0,0,0.054,5.3652,0.0019,0.1562,5.8305,0,4,0,0,0,0,0,0,0,0,0,0,4,0,0,0,0,0,0,0,0,0
ubt,bintrie,5,4,storage_sstore_k100,1,,930,0,0,0.0201,2.7151,0.0011,0.1417,3.0251,0,4,0,0,0,0,0,0,0,0,0,0,4,0,0,0,0,0,0,0,0,0
ubt,bintrie,5,4,storage_sstore_k100,1,,931,86938,2,0.1333,14.6697,13.6279,4.6073,33.2488,2.6148,11,0,0,0,3,0,0,0,1,165,5,6,45.45,0,0,0,0,0,0,0,0
ubt,bintrie,5,4,storage_sstore_k100,1,,932,5910164,1,4.3959,15.2816,33.8562,7.9431,61.7913,95.6472,100,241,94,2769,94,0,238,0,0,0,61,39,61,119,122,49.38,94,0,100,2769,0
ubt,bintrie,5,4,storage_sstore_k100,1,,933,21000,1,0.0719,4.3721,2.4374,0.6896,7.758,2.7069,6,0,0,0,2,0,0,0,0,0,2,4,33.33,0,0,0,0,0,0,0,0
ubt,bintrie,5,4,storage_sstore_k100,20,,1043,0,0,0.0319,2.675,0.0011,0.18,3.0469,0,4,0,0,0,0,0,0,0,0,0,0,4,0,0,0,0,0,0,0,0,0
ubt,bintrie,5,4,storage_sstore_k100,20,,1044,0,0,0.0257,2.6837,0.0012,0.0862,3.0033,0,4,0,0,0,0,0,0,0,0,0,0,4,0,0,0,0,0,0,0,0,0
ubt,bintrie,5,4,storage_sstore_k100,20,,1045,0,0,0.0484,19.2314,0.0034,0.173,19.8218,0,4,0,0,0,0,0,0,0,0,0,0,4,0,0,0,0,0,0,0,0,0
ubt,bintrie,5,4,storage_sstore_k100,20,,1046,86938,2,0.1183,19.9236,2.6159,4.4908,27.3208,3.1821,11,0,0,0,3,0,0,0,1,165,5,6,45.45,0,0,0,0,0,0,0,0
ubt,bintrie,5,4,storage_sstore_k100,20,,1047,5910164,1,12.1212,29.6466,25.672,6.9508,74.7415,79.0748,100,241,94,2769,94,0,238,0,0,0,41,59,41,59,182,24.48,94,0,100,2769,0
ubt,bintrie,5,4,storage_sstore_k100,20,,1048,21000,1,0.0731,15.3825,18.7661,0.6312,35.0307,0.5995,6,0,0,0,2,0,0,0,0,0,2,4,33.33,0,0,0,0,0,0,0,0
ubt,bintrie,5,4,storage_sstore_k100,2,,934,0,0,0.0356,3.1689,0.0019,0.156,3.5539,0,4,0,0,0,0,0,0,0,0,0,0,4,0,0,0,0,0,0,0,0,0
ubt,bintrie,5,4,storage_sstore_k100,2,,935,0,0,0.0248,2.7743,0.0042,0.1132,3.0658,0,4,0,0,0,0,0,0,0,0,0,0,4,0,0,0,0,0,0,0,0,0
ubt,bintrie,5,4,storage_sstore_k100,2,,936,0,0,0.0277,3.114,0.0018,0.1199,3.4159,0,4,0,0,0,0,0,0,0,0,0,0,4,0,0,0,0,0,0,0,0,0
ubt,bintrie,5,4,storage_sstore_k100,2,,937,86938,2,0.0944,18.9173,2.5628,4.4007,26.1774,3.3211,11,0,0,0,3,0,0,0,1,165,6,5,54.55,0,0,0,0,0,0,0,0
ubt,bintrie,5,4,storage_sstore_k100,2,,938,5910164,1,4.1725,35.6176,26.4745,6.5655,73.1994,80.7406,100,241,94,2769,94,0,238,0,0,0,62,38,62,89,152,36.93,94,0,100,2769,0
ubt,bintrie,5,4,storage_sstore_k100,2,,939,21000,1,0.08,18.1701,14.0291,0.6708,33.1198,0.6341,6,0,0,0,2,0,0,0,0,0,2,4,33.33,0,0,0,0,0,0,0,0
ubt,bintrie,5,4,storage_sstore_k100,3,,940,0,0,0.1009,7.6297,0.0029,0.2395,12.2953,0,4,0,0,0,0,0,0,0,0,0,0,4,0,0,0,0,0,0,0,0,0
ubt,bintrie,5,4,storage_sstore_k100,3,,941,0,0,0.0274,17.384,0.0018,0.1502,17.7119,0,4,0,0,0,0,0,0,0,0,0,0,4,0,0,0,0,0,0,0,0,0
ubt,bintrie,5,4,storage_sstore_k100,3,,942,0,0,0.0299,16.0918,0.0019,0.0996,16.4344,0,4,0,0,0,0,0,0,0,0,0,0,4,0,0,0,0,0,0,0,0,0
ubt,bintrie,5,4,storage_sstore_k100,3,,943,86938,2,0.1442,9.7228,5.2763,4.2525,29.3686,2.9602,11,0,0,0,3,0,0,0,1,165,6,5,54.55,0,0,0,0,0,0,0,0
ubt,bintrie,5,4,storage_sstore_k100,3,,944,5910164,1,5.0316,23.9428,25.351,6.8162,61.3422,96.3474,100,241,94,2769,94,0,238,0,0,0,15,85,15,32,209,13.28,94,0,100,2769,0
ubt,bintrie,5,4,storage_sstore_k100,3,,945,21000,1,0.0825,14.675,23.1983,0.548,38.6819,0.5429,6,0,0,0,2,0,0,0,0,0,2,4,33.33,0,0,0,0,0,0,0,0
ubt,bintrie,5,4,storage_sstore_k100,4,,946,0,0,0.0373,2.7899,0.0014,0.1457,3.151,0,4,0,0,0,0,0,0,0,0,0,0,4,0,0,0,0,0,0,0,0,0
ubt,bintrie,5,4,storage_sstore_k100,4,,947,0,0,0.0726,12.4369,0.009,0.1415,12.8647,0,4,0,0,0,0,0,0,0,0,0,0,4,0,0,0,0,0,0,0,0,0
ubt,bintrie,5,4,storage_sstore_k100,4,,948,0,0,0.0417,3.1507,0.0024,0.121,3.4751,0,4,0,0,0,0,0,0,0,0,0,0,4,0,0,0,0,0,0,0,0,0
ubt,bintrie,5,4,storage_sstore_k100,4,,949,86938,2,0.0993,3.5826,13.9927,4.8228,22.6327,3.8413,11,0,0,0,3,0,0,0,1,165,6,5,54.55,0,0,0,0,0,0,0,0
ubt,bintrie,5,4,storage_sstore_k100,4,,950,5910164,1,4.6026,19.1638,24.7532,7.7345,56.5685,104.4781,100,241,94,2769,94,0,238,0,0,0,42,58,42,89,152,36.93,94,0,100,2769,0
ubt,bintrie,5,4,storage_sstore_k100,4,,951,21000,1,0.4617,3.7181,9.0296,0.67,14.081,1.4914,6,0,0,0,2,0,0,0,0,0,2,4,33.33,0,0,0,0,0,0,0,0
ubt,bintrie,5,4,storage_sstore_k100,5,,952,0,0,0.0399,2.9595,0.0013,0.212,3.4446,0,4,0,0,0,0,0,0,0,0,0,0,4,0,0,0,0,0,0,0,0,0
ubt,bintrie,5,4,storage_sstore_k100,5,,953,0,0,0.5315,5.542,0.0024,0.1876,6.6506,0,4,0,0,0,0,0,0,0,0,0,0,4,0,0,0,0,0,0,0,0,0
ubt,bintrie,5,4,storage_sstore_k100,5,,954,0,0,0.449,19.0864,0.0024,0.134,19.984,0,4,0,0,0,0,0,0,0,0,0,0,4,0,0,0,0,0,0,0,0,0
ubt,bintrie,5,4,storage_sstore_k100,5,,955,86938,2,0.0911,16.0984,18.9942,6.2198,41.7346,2.0831,11,0,0,0,3,0,0,0,1,165,6,5,54.55,0,0,0,0,0,0,0,0
ubt,bintrie,5,4,storage_sstore_k100,5,,956,5910164,1,4.022,16.9061,23.3945,6.5679,51.0367,115.8023,100,241,94,2769,94,0,238,0,0,0,90,10,90,174,67,72.2,94,0,100,2769,0
ubt,bintrie,5,4,storage_sstore_k100,5,,957,21000,1,0.0778,4.2849,10.4237,0.6676,15.6486,1.342,6,0,0,0,2,0,0,0,0,0,2,4,33.33,0,0,0,0,0,0,0,0
ubt,bintrie,5,4,storage_sstore_k100,6,,958,0,0,0.0585,8.0872,0.002,0.1938,8.5539,0,4,0,0,0,0,0,0,0,0,0,0,4,0,0,0,0,0,0,0,0,0
ubt,bintrie,5,4,storage_sstore_k100,6,,959,0,0,0.0374,6.8654,0.0021,0.1425,7.233,0,4,0,0,0,0,0,0,0,0,0,0,4,0,0,0,0,0,0,0,0,0
ubt,bintrie,5,4,storage_sstore_k100,6,,960,0,0,0.0244,16.8428,0.0019,0.1062,17.1306,0,4,0,0,0,0,0,0,0,0,0,0,4,0,0,0,0,0,0,0,0,0
ubt,bintrie,5,4,storage_sstore_k100,6,,961,86938,2,0.1139,19.4222,2.7091,4.7441,27.1761,3.1991,11,0,0,0,3,0,0,0,1,165,6,5,54.55,0,0,0,0,0,0,0,0
ubt,bintrie,5,4,storage_sstore_k100,6,,962,5910164,1,12.5381,17.1881,23.7412,6.9,60.7233,97.3295,100,241,94,2769,94,0,238,0,0,0,52,48,52,122,119,50.62,94,0,100,2769,0
ubt,bintrie,5,4,storage_sstore_k100,6,,963,21000,1,0.0973,18.044,2.3704,0.615,21.3077,0.9856,6,0,0,0,2,0,0,0,0,0,2,4,33.33,0,0,0,0,0,0,0,0
ubt,bintrie,5,4,storage_sstore_k100,7,,964,0,0,0.0539,2.7492,0.0011,0.1262,3.15,0,4,0,0,0,0,0,0,0,0,0,0,4,0,0,0,0,0,0,0,0,0
ubt,bintrie,5,4,storage_sstore_k100,7,,965,0,0,0.0247,2.703,0.0012,0.1337,3.0046,0,4,0,0,0,0,0,0,0,0,0,0,4,0,0,0,0,0,0,0,0,0
ubt,bintrie,5,4,storage_sstore_k100,7,,966,0,0,0.0287,2.7046,0.0015,0.1507,3.0147,0,4,0,0,0,0,0,0,0,0,0,0,4,0,0,0,0,0,0,0,0,0
ubt,bintrie,5,4,storage_sstore_k100,7,,967,86938,2,0.0966,24.1314,2.7976,4.6729,31.8836,2.7267,11,0,0,0,3,0,0,0,1,165,6,5,54.55,0,0,0,0,0,0,0,0
ubt,bintrie,5,4,storage_sstore_k100,7,,968,5910164,1,3.9223,24.9314,22.7227,6.6326,58.6065,100.8449,100,241,94,2769,94,0,238,0,0,0,41,59,41,75,166,31.12,94,0,100,2769,0
ubt,bintrie,5,4,storage_sstore_k100,7,,969,21000,1,0.0552,17.1992,2.3813,0.681,20.5265,1.0231,6,0,0,0,2,0,0,0,0,0,2,4,33.33,0,0,0,0,0,0,0,0
ubt,bintrie,5,4,storage_sstore_k100,8,,970,0,0,0.0562,3.5622,0.0014,0.1685,3.9777,0,4,0,0,0,0,0,0,0,0,0,0,4,0,0,0,0,0,0,0,0,0
ubt,bintrie,5,4,storage_sstore_k100,8,,971,0,0,0.0317,3.3989,0.002,0.746,4.5572,0,4,0,0,0,0,0,0,0,0,0,0,4,0,0,0,0,0,0,0,0,0
ubt,bintrie,5,4,storage_sstore_k100,8,,972,0,0,0.0304,19.7852,0.0026,0.1082,20.088,0,4,0,0,0,0,0,0,0,0,0,0,4,0,0,0,0,0,0,0,0,0
ubt,bintrie,5,4,storage_sstore_k100,8,,973,86938,2,0.1016,22.5953,2.9474,4.494,30.3146,2.8679,11,0,0,0,3,0,0,0,1,165,5,6,45.45,0,0,0,0,0,0,0,0
ubt,bintrie,5,4,storage_sstore_k100,8,,974,5910164,1,3.6278,28.7823,23.6264,6.4914,62.7103,94.2456,100,241,94,2769,94,0,238,0,0,0,77,23,77,149,92,61.83,94,0,100,2769,0
ubt,bintrie,5,4,storage_sstore_k100,8,,975,21000,1,0.0636,2.9058,14.7071,0.6667,18.4766,1.1366,6,0,0,0,2,0,0,0,0,0,2,4,33.33,0,0,0,0,0,0,0,0
ubt,bintrie,5,4,storage_sstore_k100,9,,976,0,0,0.0281,2.6373,0.0012,0.1666,3.0137,0,4,0,0,0,0,0,0,0,0,0,0,4,0,0,0,0,0,0,0,0,0
ubt,bintrie,5,4,storage_sstore_k100,9,,977,0,0,0.0289,2.6412,0.0012,0.1338,2.9551,0,4,0,0,0,0,0,0,0,0,0,0,4,0,0,0,0,0,0,0,0,0
ubt,bintrie,5,4,storage_sstore_k100,9,,978,0,0,0.0451,5.9646,0.0031,0.4002,6.6634,0,4,0,0,0,0,0,0,0,0,0,0,4,0,0,0,0,0,0,0,0,0
ubt,bintrie,5,4,storage_sstore_k100,9,,979,86938,2,0.1087,9.7508,15.4814,5.1084,30.6475,2.8367,11,0,0,0,3,0,0,0,1,165,6,5,54.55,0,0,0,0,0,0,0,0
ubt,bintrie,5,4,storage_sstore_k100,9,,980,0,0,0.0268,3.2498,0.0017,0.1783,3.6495,0,4,0,0,0,0,0,0,0,0,0,0,4,0,0,0,0,0,0,0,0,0
ubt,bintrie,5,4,storage_sstore_k100,9,,981,5910164,1,4.5831,24.1911,23.1564,6.3303,58.4349,101.1411,100,241,94,2769,94,0,238,0,0,0,64,36,64,120,121,49.79,94,0,100,2769,0
ubt,bintrie,5,4,storage_sstore_k100,9,,982,21000,1,0.0622,21.6567,2.2693,0.5546,24.7954,0.8469,6,0,0,0,2,0,0,0,0,0,2,4,33.33,0,0,0,0,0,0,0,0
ubt,bintrie,5,4,storage_sstore_k256,10,,1100,0,0,0.0688,7.022,0.0022,0.2024,8.0349,0,4,0,0,0,0,0,0,0,0,0,0,4,0,0,0,0,0,0,0,0,0
ubt,bintrie,5,4,storage_sstore_k256,10,,1101,0,0,0.043,10.6282,0.0017,0.093,11.0512,0,4,0,0,0,0,0,0,0,0,0,0,4,0,0,0,0,0,0,0,0,0
ubt,bintrie,5,4,storage_sstore_k256,10,,1102,86926,2,0.1176,14.1238,13.997,4.5223,32.982,2.6356,11,0,0,0,3,0,0,0,1,165,6,5,54.55,0,0,0,0,0,0,0,0
ubt,bintrie,5,4,storage_sstore_k256,10,,1103,5903530,1,4.6773,27.8726,44.5748,13.6292,91.1238,64.7859,219,212,213,6101,213,0,211,0,0,0,136,83,62.1,103,109,48.58,213,0,100,6101,0
ubt,bintrie,5,4,storage_sstore_k256,10,,1104,21000,1,0.0564,14.4935,16.6821,0.7027,32.0756,0.6547,6,0,0,0,2,0,0,0,0,0,2,4,33.33,0,0,0,0,0,0,0,0
ubt,bintrie,5,4,storage_sstore_k256,11,,1105,0,0,0.0507,5.0941,0.002,0.1562,5.5508,0,4,0,0,0,0,0,0,0,0,0,0,4,0,0,0,0,0,0,0,0,0
ubt,bintrie,5,4,storage_sstore_k256,11,,1106,0,0,0.0266,20.6462,0.0024,0.1612,21.0066,0,4,0,0,0,0,0,0,0,0,0,0,4,0,0,0,0,0,0,0,0,0
ubt,bintrie,5,4,storage_sstore_k256,11,,1107,0,0,0.0346,18.2129,0.0026,0.118,18.5217,0,4,0,0,0,0,0,0,0,0,0,0,4,0,0,0,0,0,0,0,0,0
ubt,bintrie,5,4,storage_sstore_k256,11,,1108,86926,2,0.1793,5.3026,14.1769,5.1424,25.0212,3.4741,11,0,0,0,3,0,0,0,1,165,5,6,45.45,0,0,0,0,0,0,0,0
ubt,bintrie,5,4,storage_sstore_k256,11,,1109,5903530,1,5.4058,43.9978,44.6965,14.055,108.4881,54.4164,219,212,213,6101,213,0,211,0,0,0,84,135,38.36,52,160,24.53,213,0,100,6101,0
ubt,bintrie,5,4,storage_sstore_k256,11,,1110,21000,1,0.0613,13.7357,19.5892,1.0825,34.6422,0.6062,6,0,0,0,2,0,0,0,0,0,2,4,33.33,0,0,0,0,0,0,0,0
ubt,bintrie,5,4,storage_sstore_k256,12,,1111,0,0,2.7324,5.7375,0.0019,0.1608,8.8741,0,4,0,0,0,0,0,0,0,0,0,0,4,0,0,0,0,0,0,0,0,0
ubt,bintrie,5,4,storage_sstore_k256,12,,1112,0,0,0.0417,10.181,0.0018,0.2567,10.7159,0,4,0,0,0,0,0,0,0,0,0,0,4,0,0,0,0,0,0,0,0,0
ubt,bintrie,5,4,storage_sstore_k256,12,,1113,0,0,0.0367,21.8551,0.0023,0.1264,22.1999,0,4,0,0,0,0,0,0,0,0,0,0,4,0,0,0,0,0,0,0,0,0
ubt,bintrie,5,4,storage_sstore_k256,12,,1114,86926,2,0.1685,3.4664,14.1146,4.8279,22.7572,3.8197,11,0,0,0,3,0,0,0,1,165,5,6,45.45,0,0,0,0,0,0,0,0
ubt,bintrie,5,4,storage_sstore_k256,12,,1115,5903530,1,4.7917,30.6043,52.8871,15.2099,103.9351,56.8001,219,212,213,6101,213,0,211,0,0,0,72,147,32.88,43,169,20.28,213,0,100,6101,0
ubt,bintrie,5,4,storage_sstore_k256,12,,1116,21000,1,0.0676,4.2743,9.697,1.0195,15.2725,1.375,6,0,0,0,2,0,0,0,0,0,2,4,33.33,0,0,0,0,0,0,0,0
ubt,bintrie,5,4,storage_sstore_k256,13,,1117,0,0,0.0488,6.5135,0.0024,0.214,9.9023,0,4,0,0,0,0,0,0,0,0,0,0,4,0,0,0,0,0,0,0,0,0
ubt,bintrie,5,4,storage_sstore_k256,13,,1118,0,0,0.0343,5.2769,0.0018,0.0835,5.5827,0,4,0,0,0,0,0,0,0,0,0,0,4,0,0,0,0,0,0,0,0,0
ubt,bintrie,5,4,storage_sstore_k256,13,,1119,0,0,0.047,15.0992,0.0021,0.1211,15.6883,0,4,0,0,0,0,0,0,0,0,0,0,4,0,0,0,0,0,0,0,0,0
ubt,bintrie,5,4,storage_sstore_k256,13,,1120,86926,2,0.1099,19.9577,3.0414,7.9483,31.2155,2.7847,11,0,0,0,3,0,0,0,1,165,6,5,54.55,0,0,0,0,0,0,0,0
ubt,bintrie,5,4,storage_sstore_k256,13,,1121,5903530,1,5.4457,31.6337,66.7487,13.1512,117.8052,50.1126,219,212,213,6101,213,0,211,0,0,0,96,123,43.84,67,145,31.6,213,0,100,6101,0
ubt,bintrie,5,4,storage_sstore_k256,13,,1122,21000,1,0.0569,1.7462,14.3615,0.6903,17.0344,1.2328,6,0,0,0,2,0,0,0,0,0,2,4,33.33,0,0,0,0,0,0,0,0
ubt,bintrie,5,4,storage_sstore_k256,14,,1123,0,0,0.0406,7.1212,0.0015,0.1401,7.4931,0,4,0,0,0,0,0,0,0,0,0,0,4,0,0,0,0,0,0,0,0,0
ubt,bintrie,5,4,storage_sstore_k256,14,,1124,0,0,0.0336,6.9418,0.0019,0.1175,7.3006,0,4,0,0,0,0,0,0,0,0,0,0,4,0,0,0,0,0,0,0,0,0
ubt,bintrie,5,4,storage_sstore_k256,14,,1125,86926,2,0.1078,3.1141,14.0917,4.8038,22.2556,3.9058,11,0,0,0,3,0,0,0,1,165,5,6,45.45,0,0,0,0,0,0,0,0
ubt,bintrie,5,4,storage_sstore_k256,14,,1126,5903530,1,3.8794,21.522,47.6371,17.8183,91.2738,64.6794,219,212,213,6101,213,0,211,0,0,0,57,162,26.03,52,160,24.53,213,0,100,6101,0
ubt,bintrie,5,4,storage_sstore_k256,14,,1127,21000,1,0.0623,4.5593,9.9975,1.1227,15.9148,1.3195,6,0,0,0,2,0,0,0,0,0,2,4,33.33,0,0,0,0,0,0,0,0
ubt,bintrie,5,4,storage_sstore_k256,15,,1128,0,0,0.0525,4.1772,0.0027,0.2547,9.3801,0,4,0,0,0,0,0,0,0,0,0,0,4,0,0,0,0,0,0,0,0,0
ubt,bintrie,5,4,storage_sstore_k256,15,,1129,0,0,0.0195,2.7362,0.0014,0.1379,3.0172,0,4,0,0,0,0,0,0,0,0,0,0,4,0,0,0,0,0,0,0,0,0
ubt,bintrie,5,4,storage_sstore_k256,15,,1130,86926,2,0.1058,18.198,2.9301,4.2605,25.6494,3.389,11,0,0,0,3,0,0,0,1,165,6,5,54.55,0,0,0,0,0,0,0,0
ubt,bintrie,5,4,storage_sstore_k256,15,,1131,5903530,1,4.1344,25.5294,65.2937,12.4549,107.8959,54.7151,219,212,213,6101,213,0,211,0,0,0,133,86,60.73,101,111,47.64,213,0,100,6101,0
ubt,bintrie,5,4,storage_sstore_k256,15,,1132,21000,1,0.0833,20.6343,2.6766,0.6459,24.3838,0.8612,6,0,0,0,2,0,0,0,0,0,2,4,33.33,0,0,0,0,0,0,0,0
ubt,bintrie,5,4,storage_sstore_k256,16,,1133,0,0,0.0423,9.3881,0.0019,0.2855,9.9139,0,4,0,0,0,0,0,0,0,0,0,0,4,0,0,0,0,0,0,0,0,0
ubt,bintrie,5,4,storage_sstore_k256,16,,1134,0,0,0.0331,2.6878,0.0015,0.1073,2.9626,0,4,0,0,0,0,0,0,0,0,0,0,4,0,0,0,0,0,0,0,0,0
ubt,bintrie,5,4,storage_sstore_k256,16,,1135,86926,2,0.1481,21.2463,2.7068,5.2166,29.8351,2.9135,11,0,0,0,3,0,0,0,1,165,5,6,45.45,0,0,0,0,0,0,0,0
ubt,bintrie,5,4,storage_sstore_k256,16,,1136,5903530,1,4.2126,25.0183,66.8588,12.9402,109.5862,53.8711,219,212,213,6101,213,0,211,0,0,0,47,172,21.46,34,178,16.04,213,0,100,6101,0
ubt,bintrie,5,4,storage_sstore_k256,16,,1137,21000,1,0.0586,5.2382,6.292,0.9698,13.0531,1.6088,6,0,0,0,2,0,0,0,0,0,2,4,33.33,0,0,0,0,0,0,0,0
ubt,bintrie,5,4,storage_sstore_k256,17,,1138,0,0,0.0419,3.1069,0.0019,0.2004,3.5357,0,4,0,0,0,0,0,0,0,0,0,0,4,0,0,0,0,0,0,0,0,0
ubt,bintrie,5,4,storage_sstore_k256,17,,1139,0,0,0.0211,2.9738,0.0011,0.1246,3.2644,0,4,0,0,0,0,0,0,0,0,0,0,4,0,0,0,0,0,0,0,0,0
ubt,bintrie,5,4,storage_sstore_k256,17,,1140,86926,2,0.1069,15.0839,19.7577,4.8836,40.0135,2.1724,11,0,0,0,3,0,0,0,1,165,6,5,54.55,0,0,0,0,0,0,0,0
ubt,bintrie,5,4,storage_sstore_k256,17,,1141,5903530,1,4.5796,30.7675,43.8106,11.9854,91.3103,64.6535,219,212,213,6101,213,0,211,0,0,0,97,122,44.29,75,137,35.38,213,0,100,6101,0
ubt,bintrie,5,4,storage_sstore_k256,17,,1142,21000,1,0.0712,4.5018,2.613,0.6157,7.9554,2.6397,6,0,0,0,2,0,0,0,0,0,2,4,33.33,0,0,0,0,0,0,0,0
ubt,bintrie,5,4,storage_sstore_k256,18,,1143,0,0,0.0777,4.0203,0.0018,0.3031,4.6475,0,4,0,0,0,0,0,0,0,0,0,0,4,0,0,0,0,0,0,0,0,0
ubt,bintrie,5,4,storage_sstore_k256,18,,1144,0,0,0.0317,4.6632,0.0018,0.2272,5.0969,0,4,0,0,0,0,0,0,0,0,0,0,4,0,0,0,0,0,0,0,0,0
ubt,bintrie,5,4,storage_sstore_k256,18,,1145,0,0,0.0513,3.4036,0.0028,0.1796,3.8687,0,4,0,0,0,0,0,0,0,0,0,0,4,0,0,0,0,0,0,0,0,0
ubt,bintrie,5,4,storage_sstore_k256,18,,1146,86926,2,0.1003,3.3214,13.5718,5.1708,22.3394,3.8912,11,0,0,0,3,0,0,0,1,165,6,5,54.55,0,0,0,0,0,0,0,0
ubt,bintrie,5,4,storage_sstore_k256,18,,1147,5903530,1,5.0877,33.6675,44.3149,12.948,96.3382,61.2792,219,212,213,6101,213,0,211,0,0,0,148,71,67.58,114,98,53.77,213,0,100,6101,0
ubt,bintrie,5,4,storage_sstore_k256,18,,1148,21000,1,0.0744,14.6662,2.4867,0.6336,18.0595,1.1628,6,0,0,0,2,0,0,0,0,0,2,4,33.33,0,0,0,0,0,0,0,0
ubt,bintrie,5,4,storage_sstore_k256,19,,1149,0,0,0.0378,7.4607,0.0027,0.3515,8.043,0,4,0,0,0,0,0,0,0,0,0,0,4,0,0,0,0,0,0,0,0,0
ubt,bintrie,5,4,storage_sstore_k256,19,,1150,0,0,0.0274,2.8225,0.0015,0.1122,3.1348,0,4,0,0,0,0,0,0,0,0,0,0,4,0,0,0,0,0,0,0,0,0
ubt,bintrie,5,4,storage_sstore_k256,19,,1151,86926,2,0.0917,14.4373,21.3195,5.5276,41.9918,2.0701,11,0,0,0,3,0,0,0,1,165,6,5,54.55,0,0,0,0,0,0,0,0
ubt,bintrie,5,4,storage_sstore_k256,19,,1152,5903530,1,4.5252,24.9465,44.0328,12.2728,85.9504,68.6853,219,212,213,6101,213,0,211,0,0,0,133,86,60.73,101,111,47.64,213,0,100,6101,0
ubt,bintrie,5,4,storage_sstore_k256,19,,1153,21000,1,0.0576,3.9393,2.5711,0.5792,7.3286,2.8655,6,0,0,0,2,0,0,0,0,0,2,4,33.33,0,0,0,0,0,0,0,0
ubt,bintrie,5,4,storage_sstore_k256,19,,1154,0,0,0.0231,2.9336,0.002,0.3001,3.7098,0,4,0,0,0,0,0,0,0,0,0,0,4,0,0,0,0,0,0,0,0,0
ubt,bintrie,5,4,storage_sstore_k256,1,,1049,0,0,0.0447,2.7885,0.0015,0.1738,3.2314,0,4,0,0,0,0,0,0,0,0,0,0,4,0,0,0,0,0,0,0,0,0
ubt,bintrie,5,4,storage_sstore_k256,1,,1050,0,0,0.0474,3.135,0.0015,0.1295,3.5217,0,4,0,0,0,0,0,0,0,0,0,0,4,0,0,0,0,0,0,0,0,0
ubt,bintrie,5,4,storage_sstore_k256,1,,1051,0,0,0.0268,13.6939,0.0017,0.0964,13.9855,0,4,0,0,0,0,0,0,0,0,0,0,4,0,0,0,0,0,0,0,0,0
ubt,bintrie,5,4,storage_sstore_k256,1,,1052,86926,2,0.1332,19.4741,2.6402,4.4584,26.8492,3.2376,11,0,0,0,3,0,0,0,1,165,5,6,45.45,0,0,0,0,0,0,0,0
ubt,bintrie,5,4,storage_sstore_k256,1,,1053,5903530,1,5.1098,33.5467,54.519,12.6392,105.9701,55.7094,219,212,213,6101,213,0,211,0,0,0,132,87,60.27,78,134,36.79,213,0,100,6101,0
ubt,bintrie,5,4,storage_sstore_k256,1,,1054,21000,1,0.0752,12.2066,15.4518,0.6051,28.547,0.7356,6,0,0,0,2,0,0,0,0,0,2,4,33.33,0,0,0,0,0,0,0,0
ubt,bintrie,5,4,storage_sstore_k256,20,,1155,0,0,0.0558,3.4972,0.0016,0.3109,4.1217,0,4,0,0,0,0,0,0,0,0,0,0,4,0,0,0,0,0,0,0,0,0
ubt,bintrie,5,4,storage_sstore_k256,20,,1156,0,0,0.0362,3.8589,0.0019,0.1636,4.2523,0,4,0,0,0,0,0,0,0,0,0,0,4,0,0,0,0,0,0,0,0,0
ubt,bintrie,5,4,storage_sstore_k256,20,,1157,86926,2,0.1617,3.9748,15.1622,4.5814,24.1269,3.6029,11,0,0,0,3,0,0,0,1,165,5,6,45.45,0,0,0,0,0,0,0,0
ubt,bintrie,5,4,storage_sstore_k256,20,,1158,5903530,1,4.5463,25.1623,54.7757,12.4693,97.5269,60.5323,219,212,213,6101,213,0,211,0,0,0,23,196,10.5,16,196,7.55,213,0,100,6101,0
ubt,bintrie,5,4,storage_sstore_k256,20,,1159,21000,1,0.0702,1.7816,10.5361,1.4062,14.4275,1.4555,6,0,0,0,2,0,0,0,0,0,2,4,33.33,0,0,0,0,0,0,0,0
ubt,bintrie,5,4,storage_sstore_k256,20,,1160,0,0,0.0248,2.9104,0.0012,0.0883,3.1758,0,4,0,0,0,0,0,0,0,0,0,0,4,0,0,0,0,0,0,0,0,0
ubt,bintrie,5,4,storage_sstore_k256,2,,1055,0,0,0.0319,2.6505,0.0016,0.1394,2.9902,0,4,0,0,0,0,0,0,0,0,0,0,4,0,0,0,0,0,0,0,0,0
ubt,bintrie,5,4,storage_sstore_k256,2,,1056,0,0,0.0286,3.1263,0.0013,0.0832,3.4695,0,4,0,0,0,0,0,0,0,0,0,0,4,0,0,0,0,0,0,0,0,0
ubt,bintrie,5,4,storage_sstore_k256,2,,1057,0,0,0.0245,13.3325,0.0014,0.1286,13.6166,0,4,0,0,0,0,0,0,0,0,0,0,4,0,0,0,0,0,0,0,0,0
ubt,bintrie,5,4,storage_sstore_k256,2,,1058,86926,2,0.1188,3.7512,9.474,4.8721,18.9988,4.5753,11,0,0,0,3,0,0,0,1,165,5,6,45.45,0,0,0,0,0,0,0,0
ubt,bintrie,5,4,storage_sstore_k256,2,,1059,5903530,1,4.75,27.0766,46.9729,12.4458,91.4311,64.5681,219,212,213,6101,213,0,211,0,0,0,146,73,66.67,76,136,35.85,213,0,100,6101,0
ubt,bintrie,5,4,storage_sstore_k256,2,,1060,21000,1,0.0592,8.3032,2.514,0.6125,11.6864,1.797,6,0,0,0,2,0,0,0,0,0,2,4,33.33,0,0,0,0,0,0,0,0
ubt,bintrie,5,4,storage_sstore_k256,3,,1061,0,0,0.0739,3.9499,0.0026,0.2208,4.5123,0,4,0,0,0,0,0,0,0,0,0,0,4,0,0,0,0,0,0,0,0,0
ubt,bintrie,5,4,storage_sstore_k256,3,,1062,0,0,0.0742,7.1067,0.0018,0.0961,7.6317,0,4,0,0,0,0,0,0,0,0,0,0,4,0,0,0,0,0,0,0,0,0
ubt,bintrie,5,4,storage_sstore_k256,3,,1063,0,0,0.023,13.3111,0.0016,0.1222,13.6074,0,4,0,0,0,0,0,0,0,0,0,0,4,0,0,0,0,0,0,0,0,0
ubt,bintrie,5,4,storage_sstore_k256,3,,1064,86926,2,0.2059,4.0601,5.0034,5.4925,19.4556,4.4679,11,0,0,0,3,0,0,0,1,165,5,6,45.45,0,0,0,0,0,0,0,0
ubt,bintrie,5,4,storage_sstore_k256,3,,1065,5903530,1,5.2759,34.0829,43.7945,13.0154,96.371,61.2584,219,212,213,6101,213,0,211,0,0,0,130,89,59.36,86,126,40.57,213,0,100,6101,0
ubt,bintrie,5,4,storage_sstore_k256,3,,1066,21000,1,0.0683,22.2609,2.393,0.6085,25.5476,0.822,6,0,0,0,2,0,0,0,0,0,2,4,33.33,0,0,0,0,0,0,0,0
ubt,bintrie,5,4,storage_sstore_k256,4,,1067,0,0,0.0413,6.2572,0.002,0.2252,6.7411,0,4,0,0,0,0,0,0,0,0,0,0,4,0,0,0,0,0,0,0,0,0
ubt,bintrie,5,4,storage_sstore_k256,4,,1068,0,0,0.0226,2.6651,0.0023,0.1451,2.9905,0,4,0,0,0,0,0,0,0,0,0,0,4,0,0,0,0,0,0,0,0,0
ubt,bintrie,5,4,storage_sstore_k256,4,,1069,0,0,0.0258,2.9216,0.0024,0.2776,3.4717,0,4,0,0,0,0,0,0,0,0,0,0,4,0,0,0,0,0,0,0,0,0
ubt,bintrie,5,4,storage_sstore_k256,4,,1070,86926,2,0.1481,3.8518,17.6376,4.5271,26.4401,3.2877,11,0,0,0,3,0,0,0,1,165,5,6,45.45,0,0,0,0,0,0,0,0
ubt,bintrie,5,4,storage_sstore_k256,4,,1071,5903530,1,5.2492,34.8707,49.5633,12.5281,102.6719,57.499,219,212,213,6101,213,0,211,0,0,0,67,152,30.59,24,188,11.32,213,0,100,6101,0
ubt,bintrie,5,4,storage_sstore_k256,4,,1072,21000,1,0.082,8.1645,6.4445,0.9229,15.8158,1.3278,6,0,0,0,2,0,0,0,0,0,2,4,33.33,0,0,0,0,0,0,0,0
ubt,bintrie,5,4,storage_sstore_k256,5,,1073,0,0,0.0568,8.6569,0.0019,0.2814,9.2001,0,4,0,0,0,0,0,0,0,0,0,0,4,0,0,0,0,0,0,0,0,0
ubt,bintrie,5,4,storage_sstore_k256,5,,1074,0,0,0.0297,5.1495,0.0017,0.1306,5.4876,0,4,0,0,0,0,0,0,0,0,0,0,4,0,0,0,0,0,0,0,0,0
ubt,bintrie,5,4,storage_sstore_k256,5,,1075,86926,2,0.128,20.2536,2.634,4.3083,27.4992,3.161,11,0,0,0,3,0,0,0,1,165,5,6,45.45,0,0,0,0,0,0,0,0
ubt,bintrie,5,4,storage_sstore_k256,5,,1076,5903530,1,3.6859,22.3084,49.199,12.5799,87.9493,67.1243,219,212,213,6101,213,0,211,0,0,0,116,103,52.97,82,130,38.68,213,0,100,6101,0
ubt,bintrie,5,4,storage_sstore_k256,5,,1077,21000,1,0.0622,26.9422,4.3862,0.5948,32.2125,0.6519,6,0,0,0,2,0,0,0,0,0,2,4,33.33,0,0,0,0,0,0,0,0
ubt,bintrie,5,4,storage_sstore_k256,6,,1078,0,0,0.0524,11.4555,0.0021,0.1864,11.8918,0,4,0,0,0,0,0,0,0,0,0,0,4,0,0,0,0,0,0,0,0,0
ubt,bintrie,5,4,storage_sstore_k256,6,,1079,0,0,0.0368,10.7298,0.0016,0.1737,14.3322,0,4,0,0,0,0,0,0,0,0,0,0,4,0,0,0,0,0,0,0,0,0
ubt,bintrie,5,4,storage_sstore_k256,6,,1080,0,0,0.0371,17.658,0.0025,0.1416,17.9805,0,4,0,0,0,0,0,0,0,0,0,0,4,0,0,0,0,0,0,0,0,0
ubt,bintrie,5,4,storage_sstore_k256,6,,1081,86926,2,0.1142,13.9662,13.3695,4.8577,32.5015,2.6745,11,0,0,0,3,0,0,0,1,165,6,5,54.55,0,0,0,0,0,0,0,0
ubt,bintrie,5,4,storage_sstore_k256,6,,1082,5903530,1,4.2324,28.4892,71.7059,12.4747,117.4162,50.2787,219,212,213,6101,213,0,211,0,0,0,76,143,34.7,53,159,25,213,0,100,6101,0
ubt,bintrie,5,4,storage_sstore_k256,6,,1083,21000,1,0.0888,4.297,2.3593,0.629,7.5501,2.7814,6,0,0,0,2,0,0,0,0,0,2,4,33.33,0,0,0,0,0,0,0,0
ubt,bintrie,5,4,storage_sstore_k256,7,,1084,0,0,0.0564,8.6574,0.0055,0.294,10.5224,0,4,0,0,0,0,0,0,0,0,0,0,4,0,0,0,0,0,0,0,0,0
ubt,bintrie,5,4,storage_sstore_k256,7,,1085,0,0,0.0404,3.5483,0.0022,0.1322,3.9551,0,4,0,0,0,0,0,0,0,0,0,0,4,0,0,0,0,0,0,0,0,0
ubt,bintrie,5,4,storage_sstore_k256,7,,1086,86926,2,0.1238,15.9653,14.5733,4.8207,35.6094,2.4411,11,0,0,0,3,0,0,0,1,165,5,6,45.45,0,0,0,0,0,0,0,0
ubt,bintrie,5,4,storage_sstore_k256,7,,1087,5903530,1,4.4422,28.9609,47.1868,12.6779,93.5644,63.0959,219,212,213,6101,213,0,211,0,0,0,166,53,75.8,144,68,67.92,213,0,100,6101,0
ubt,bintrie,5,4,storage_sstore_k256,7,,1088,21000,1,0.0556,14.4059,18.9415,0.5965,34.1392,0.6151,6,0,0,0,2,0,0,0,0,0,2,4,33.33,0,0,0,0,0,0,0,0
ubt,bintrie,5,4,storage_sstore_k256,8,,1089,0,0,0.0517,3.4806,0.0019,0.3016,4.1096,0,4,0,0,0,0,0,0,0,0,0,0,4,0,0,0,0,0,0,0,0,0
ubt,bintrie,5,4,storage_sstore_k256,8,,1090,0,0,0.0493,3.9126,0.0019,0.1801,4.3125,0,4,0,0,0,0,0,0,0,0,0,0,4,0,0,0,0,0,0,0,0,0
ubt,bintrie,5,4,storage_sstore_k256,8,,1091,86926,2,0.0976,13.9621,14.1861,5.577,33.9662,2.5592,11,0,0,0,3,0,0,0,1,165,6,5,54.55,0,0,0,0,0,0,0,0
ubt,bintrie,5,4,storage_sstore_k256,8,,1092,5903530,1,4.8842,31.6334,43.6224,14.0569,94.4566,62.4999,219,212,213,6101,213,0,211,0,0,0,161,58,73.52,134,78,63.21,213,0,100,6101,0
ubt,bintrie,5,4,storage_sstore_k256,8,,1093,21000,1,0.0664,16.5366,19.1068,0.7917,36.7223,0.5719,6,0,0,0,2,0,0,0,0,0,2,4,33.33,0,0,0,0,0,0,0,0
ubt,bintrie,5,4,storage_sstore_k256,9,,1094,0,0,0.0496,9.3449,0.0037,3.0578,12.7079,0,4,0,0,0,0,0,0,0,0,0,0,4,0,0,0,0,0,0,0,0,0
ubt,bintrie,5,4,storage_sstore_k256,9,,1095,0,0,0.022,7.2243,0.0013,0.0859,7.4845,0,4,0,0,0,0,0,0,0,0,0,0,4,0,0,0,0,0,0,0,0,0
ubt,bintrie,5,4,storage_sstore_k256,9,,1096,0,0,0.0293,19.5502,0.003,0.1768,19.9221,0,4,0,0,0,0,0,0,0,0,0,0,4,0,0,0,0,0,0,0,0,0
ubt,bintrie,5,4,storage_sstore_k256,9,,1097,86926,2,0.092,3.2012,10.3274,4.5041,18.3084,4.7479,11,0,0,0,3,0,0,0,1,165,6,5,54.55,0,0,0,0,0,0,0,0
ubt,bintrie,5,4,storage_sstore_k256,9,,1098,5903530,1,5.2314,33.1592,50.2119,16.9294,105.862,55.7663,219,212,213,6101,213,0,211,0,0,0,154,65,70.32,121,91,57.08,213,0,100,6101,0
ubt,bintrie,5,4,storage_sstore_k256,9,,1099,21000,1,0.0609,14.4097,17.8537,1.4523,33.9528,0.6185,6,0,0,0,2,0,0,0,0,0,2,4,33.33,0,0,0,0,0,0,0,0
