time="2026-06-01T04:54:24Z" level=info msg="starting spamoor" buildtime="2026-05-15T09:05:13Z" version=git-dc60b60
time="2026-06-01T04:54:24Z" level=info msg="initialized client pool with 1 clients (chain id: 1337)" module=clientpool
time="2026-06-01T04:54:24Z" level=info msg="client check completed (1 good clients, 0 bad clients)" module=clientpool
time="2026-06-01T04:54:24Z" level=info msg="initialized block stats from latest block: gasLimit=30029295 baseFee=875000000 amsterdam=false"
time="2026-06-01T04:54:24Z" level=info msg="initialized root wallet (addr: 0xf39Fd6e51aad88F6F4ce6aB8827279cffFb92266 balance: 999999999 ETH, nonce: 0)"
time="2026-06-01T04:54:24Z" level=info msg="Init code hash: 0x566f6b9a6c5a21aa0bd672e0ba4ca91854bcb31ffc0fd9a7233f0cf33927d142" scenario=factorydeploytx
time="2026-06-01T04:54:24Z" level=info msg="funding child wallets... (0/1)" module=walletpool
time="2026-06-01T04:54:27Z" level=info msg="processed block 2:  2 total tx, 2 tx confirmed from 1 wallets (1.271697ms, 289.703µs)"
time="2026-06-01T04:54:27Z" level=debug msg="initialized child wallet    0 (addr: 0xbc7A668f0B1595d535B4a2de710461E1C6eba785, balance: 5 ETH, nonce: 0)" module=walletpool
time="2026-06-01T04:54:27Z" level=debug msg="initialized child wallet    1 (addr: 0x97D85277E62c57d15268b3E644cdbbDA3706fBEa, balance: 5 ETH, nonce: 0)" module=walletpool
time="2026-06-01T04:54:27Z" level=debug msg="initialized child wallet    2 (addr: 0x151775b94274FeE3696377A0B616a1221AC71326, balance: 5 ETH, nonce: 0)" module=walletpool
time="2026-06-01T04:54:27Z" level=debug msg="initialized child wallet    3 (addr: 0xcA56D5B749835d8Ab9cA8c1c4123e9B5002Fc0Ff, balance: 5 ETH, nonce: 0)" module=walletpool
time="2026-06-01T04:54:27Z" level=debug msg="initialized child wallet    4 (addr: 0xfB403fD865ddcc1C79F9987EDD0ADabC47C24bB9, balance: 5 ETH, nonce: 0)" module=walletpool
time="2026-06-01T04:54:27Z" level=debug msg="initialized child wallet    5 (addr: 0x9e8E8A4256457eF170586329D9a01487aA0bA29e, balance: 5 ETH, nonce: 0)" module=walletpool
time="2026-06-01T04:54:27Z" level=debug msg="initialized child wallet    6 (addr: 0x5AFc7eaFAA1e34De8e6fB9b014CFD08b18377F26, balance: 5 ETH, nonce: 0)" module=walletpool
time="2026-06-01T04:54:27Z" level=debug msg="initialized child wallet    7 (addr: 0x513978fc4d7fF9951AA177D59C7A1b9AA777119a, balance: 5 ETH, nonce: 0)" module=walletpool
time="2026-06-01T04:54:27Z" level=debug msg="initialized child wallet    8 (addr: 0x225bD09Ef41092086C35444d335Df887A0691eD0, balance: 5 ETH, nonce: 0)" module=walletpool
time="2026-06-01T04:54:27Z" level=debug msg="initialized child wallet    9 (addr: 0x0A114598D397AB388E751b917300055F2904166F, balance: 5 ETH, nonce: 0)" module=walletpool
time="2026-06-01T04:54:27Z" level=info msg="initialized 10 child wallets" module=walletpool
time="2026-06-01T04:54:27Z" level=info msg="starting scenario: factorydeploytx" scenario=factorydeploytx
time="2026-06-01T04:54:27Z" level=info msg="processed block 3:  0 total tx, 0 tx confirmed from 0 wallets (1.44761ms, 914ns)"
time="2026-06-01T04:54:27Z" level=info msg="processed block 4:  0 total tx, 0 tx confirmed from 0 wallets (1.187386ms, 4.073µs)"
time="2026-06-01T04:54:30Z" level=info msg="processed block 5:  1 total tx, 1 tx confirmed from 1 wallets (3.381017ms, 236.757µs)"
time="2026-06-01T04:54:30Z" level=info msg="deployed CREATE2 factory at: 0x7dc4d193051240848c7F4F19679e8514B148080f (confirmed in block #5)" scenario=factorydeploytx
time="2026-06-01T04:54:30Z" level=info msg="using CREATE2 factory at: 0x7dc4d193051240848c7F4F19679e8514B148080f" scenario=factorydeploytx
time="2026-06-01T04:54:30Z" level=debug msg="sent deployment tx #     1: 0x8cd274e41845052680d964336a29881bca4cd126990f5543cc105e078a57bbf1" nonce=0 rpc="localhost:8545" scenario=factorydeploytx wallet=1
time="2026-06-01T04:54:30Z" level=info msg="processed block 6:  0 total tx, 0 tx confirmed from 0 wallets (840.369µs, 1.297µs)"
time="2026-06-01T04:54:30Z" level=info msg="block 6: submitted=2, pending=1, confirmed=0, throughput: 5B=0.00 tx/B, 20B=0.00 tx/B, 60B=0.00 tx/B" scenario=factorydeploytx wallets=0
time="2026-06-01T04:54:30Z" level=debug msg="sent deployment tx #     2: 0xeed26d9e8e061b64dbd348a0a312067d90bf4991373268b5f222a5f1fde4fc7f" nonce=0 rpc="localhost:8545" scenario=factorydeploytx wallet=2
time="2026-06-01T04:54:30Z" level=debug msg="sent deployment tx #     3: 0xc9c13acbd49cdaad4d2c15113028e33960cd339bd6e183ab001386c532bdfb36" nonce=0 rpc="localhost:8545" scenario=factorydeploytx wallet=3
time="2026-06-01T04:54:31Z" level=debug msg="sent deployment tx #     4: 0x5b898f066a9aeb09b64224fdd684dd71a517dd9e53974cfeb312fc940a12c77f" nonce=0 rpc="localhost:8545" scenario=factorydeploytx wallet=4
time="2026-06-01T04:54:31Z" level=debug msg="sent deployment tx #     5: 0x52a2405ae9c886dbd913d0c4fc2b2ce28a2d51393e87bfcf57c5257d84bd8b28" nonce=0 rpc="localhost:8545" scenario=factorydeploytx wallet=5
time="2026-06-01T04:54:31Z" level=debug msg="sent deployment tx #     6: 0x0199a5d5aa2adb3a0eb88bbe244dc309b71da92ccf55c427fbcd70321c6de425" nonce=0 rpc="localhost:8545" scenario=factorydeploytx wallet=6
time="2026-06-01T04:54:31Z" level=debug msg="sent deployment tx #     7: 0x200a8d15b7950224e567d6085cd057d08b78b3f76c2d89b07ecf98ec5ed7bf43" nonce=0 rpc="localhost:8545" scenario=factorydeploytx wallet=7
time="2026-06-01T04:54:31Z" level=debug msg="sent deployment tx #     8: 0x8d248594c60a2a3c1c0cd62bdc9480b06dfdab55cebafd4a63f9c2d97b7e6ed6" nonce=0 rpc="localhost:8545" scenario=factorydeploytx wallet=8
time="2026-06-01T04:54:32Z" level=debug msg="sent deployment tx #     9: 0x08c206113a3190eb464fe99679f3d32abbf27cb8072930b76c81207cbe0ea617" nonce=0 rpc="localhost:8545" scenario=factorydeploytx wallet=9
time="2026-06-01T04:54:32Z" level=debug msg="sent deployment tx #    10: 0x0b1b4e5678921716c1f7f4ad6cdf9c541bbb0b8cacc88de5b313ed26a9599bf4" nonce=0 rpc="localhost:8545" scenario=factorydeploytx wallet=10
time="2026-06-01T04:54:32Z" level=debug msg="sent deployment tx #    11: 0x29324bab664e4ab11681081b5e22de5659fc82434d4b4c86e0c0ad279495d8d9" nonce=1 rpc="localhost:8545" scenario=factorydeploytx wallet=1
time="2026-06-01T04:54:32Z" level=debug msg="sent deployment tx #    12: 0xba5ec704f6f0ffb468059686027861967dde79819985e10ddf1ac98f2aedb29f" nonce=1 rpc="localhost:8545" scenario=factorydeploytx wallet=2
time="2026-06-01T04:54:33Z" level=debug msg="sent deployment tx #    13: 0x3acf31afb68490fccc6b76181a413bfffda3d4dabe36739e0d12a6309e0cc801" nonce=1 rpc="localhost:8545" scenario=factorydeploytx wallet=3
time="2026-06-01T04:54:33Z" level=info msg="processed block 7:  1 total tx, 1 tx confirmed from 1 wallets (901.291µs, 176.153µs)"
time="2026-06-01T04:54:33Z" level=info msg="block 7: submitted=12, pending=12, confirmed=1, throughput: 5B=0.50 tx/B, 20B=0.50 tx/B, 60B=0.50 tx/B" scenario=factorydeploytx wallets=1
time="2026-06-01T04:54:33Z" level=debug msg="deployment tx 1 confirmed in block #7. deployed at: 0x490C784DDeA79FEd58E3dBD48348be0f85C62E77, total fee: 13765802 gwei (base: 2)" rpc="localhost:8545" scenario=factorydeploytx
time="2026-06-01T04:54:33Z" level=debug msg="sent deployment tx #    14: 0x59042d0590b50959594da4405d7269015abf42a1160de9eb309d3d98206993ff" nonce=1 rpc="localhost:8545" scenario=factorydeploytx wallet=4
time="2026-06-01T04:54:33Z" level=debug msg="sent deployment tx #    15: 0x89aef7357f795ce876b63ccc385255830f9e5b24abf56f469b44129596667b24" nonce=1 rpc="localhost:8545" scenario=factorydeploytx wallet=5
time="2026-06-01T04:54:33Z" level=debug msg="sent deployment tx #    16: 0x1f0c023bc247e4829a14ed1272293c0f659612faa7d7c6039327811e0641ffe3" nonce=1 rpc="localhost:8545" scenario=factorydeploytx wallet=6
time="2026-06-01T04:54:34Z" level=debug msg="sent deployment tx #    17: 0x58fa50548126cb01fdb8f7b834b0cf080cf8644307fa878224e321bfe17a9fcd" nonce=1 rpc="localhost:8545" scenario=factorydeploytx wallet=7
time="2026-06-01T04:54:34Z" level=debug msg="sent deployment tx #    18: 0x04a53bb908b402058e0f1906fac54b730568db3060fdc692c8557c6692b9c780" nonce=1 rpc="localhost:8545" scenario=factorydeploytx wallet=8
time="2026-06-01T04:54:34Z" level=debug msg="sent deployment tx #    19: 0xd883a01cb739852d2775bb774c181531ce42a04f29369dc471675f512d364594" nonce=1 rpc="localhost:8545" scenario=factorydeploytx wallet=9
time="2026-06-01T04:54:34Z" level=debug msg="sent deployment tx #    20: 0xab59cab73dd6237d7fc912af96937a4cb7c4ca2848e53f36d56b18c92c742803" nonce=1 rpc="localhost:8545" scenario=factorydeploytx wallet=10
time="2026-06-01T04:54:35Z" level=debug msg="sent deployment tx #    21: 0x645a93157cc979702a40fff482d00c58c89399b96313b44d6fb3d6bf95924aa8" nonce=2 rpc="localhost:8545" scenario=factorydeploytx wallet=1
time="2026-06-01T04:54:35Z" level=debug msg="sent deployment tx #    22: 0x9369e948458f73a702c69c7133b2b73d854b25fe2e9d94d36d7453255ec3330e" nonce=2 rpc="localhost:8545" scenario=factorydeploytx wallet=2
time="2026-06-01T04:54:35Z" level=debug msg="sent deployment tx #    23: 0xb6eb23a2a789ff98de4d47415361f5711f12e7e9875b89ca8f9434c951f37d0d" nonce=2 rpc="localhost:8545" scenario=factorydeploytx wallet=3
time="2026-06-01T04:54:35Z" level=debug msg="sent deployment tx #    24: 0x3ea2eba447f0cd7717b72b2a4444daf9796641625b24760b2f07dc254359166c" nonce=2 rpc="localhost:8545" scenario=factorydeploytx wallet=4
time="2026-06-01T04:54:36Z" level=debug msg="sent deployment tx #    25: 0x21310b2d1bdbfbdd384de21c782ec1507e1f043c9451b0bd00df98806e4a869e" nonce=2 rpc="localhost:8545" scenario=factorydeploytx wallet=5
time="2026-06-01T04:54:36Z" level=debug msg="sent deployment tx #    26: 0xe5abc59300c666239bdfee0d973186eb81857f7a44ac3a46af8b1334481e56dd" nonce=2 rpc="localhost:8545" scenario=factorydeploytx wallet=6
time="2026-06-01T04:54:36Z" level=debug msg="deployment tx 2 confirmed in block #8. deployed at: 0x0E24c03380e5b58561D2A43559C30D910ACc8AD6, total fee: 13590190 gwei (base: 2)" rpc="localhost:8545" scenario=factorydeploytx
time="2026-06-01T04:54:36Z" level=debug msg="deployment tx 3 confirmed in block #8. deployed at: 0x1835FBef08e984dB70CD960027c02391f46aDbB5, total fee: 13590190 gwei (base: 2)" rpc="localhost:8545" scenario=factorydeploytx
time="2026-06-01T04:54:36Z" level=info msg="processed block 8:  3 total tx, 3 tx confirmed from 3 wallets (948.525µs, 321.547µs)"
time="2026-06-01T04:54:36Z" level=info msg="block 8: submitted=13, pending=22, confirmed=3, throughput: 5B=1.33 tx/B, 20B=1.33 tx/B, 60B=1.33 tx/B" scenario=factorydeploytx wallets=3
time="2026-06-01T04:54:36Z" level=debug msg="deployment tx 4 confirmed in block #8. deployed at: 0x2e26A766548F910d6aa3abED061A5AD66b22EAFF, total fee: 13590190 gwei (base: 2)" rpc="localhost:8545" scenario=factorydeploytx
time="2026-06-01T04:54:36Z" level=debug msg="sent deployment tx #    27: 0xea3f66ff2e4a987ef7f35649f50e41e1569ea1bdd759b15cdcf6608af2f29a11" nonce=2 rpc="localhost:8545" scenario=factorydeploytx wallet=7
time="2026-06-01T04:54:36Z" level=debug msg="sent deployment tx #    28: 0xc22fc2499a704ae26f868e5f3609bfb76ebb8e6a06a4f945d6d26df20652e38e" nonce=2 rpc="localhost:8545" scenario=factorydeploytx wallet=8
time="2026-06-01T04:54:37Z" level=debug msg="sent deployment tx #    29: 0xa9189e5ebb1a41bfd12b41f8b90f641e660701e2c9fc0cf551846160c86e7a81" nonce=2 rpc="localhost:8545" scenario=factorydeploytx wallet=9
time="2026-06-01T04:54:37Z" level=debug msg="sent deployment tx #    30: 0xdef5b587db4a2b5932e502325da31c82254bf6c8baaa61cb485e1cad309372c4" nonce=2 rpc="localhost:8545" scenario=factorydeploytx wallet=10
time="2026-06-01T04:54:37Z" level=debug msg="sent deployment tx #    31: 0x12d96fecd2f292ce6bdea7de423c6e863aa6afb6baae44289b37f8cd899a572d" nonce=3 rpc="localhost:8545" scenario=factorydeploytx wallet=1
time="2026-06-01T04:54:37Z" level=debug msg="sent deployment tx #    32: 0xd57b7d0263b5510c6e826fb3b3800c6f03c5873762a4db3b40166c85a4e05357" nonce=3 rpc="localhost:8545" scenario=factorydeploytx wallet=2
time="2026-06-01T04:54:37Z" level=debug msg="sent deployment tx #    33: 0x48488a78140f3dafdfd4adcf8350a1d192dcddb6b4d11e415c63f2b53cd848bd" nonce=3 rpc="localhost:8545" scenario=factorydeploytx wallet=3
time="2026-06-01T04:54:38Z" level=debug msg="sent deployment tx #    34: 0x30939e265b4376d5dcf733db79cfa17d304a056b7ca86b935d4e005f42a524af" nonce=3 rpc="localhost:8545" scenario=factorydeploytx wallet=4
time="2026-06-01T04:54:38Z" level=debug msg="sent deployment tx #    35: 0x37ec3b7e8d8c1a11259e6ad4cbe0af603be738ea774e6fe55daf8df2f78356aa" nonce=3 rpc="localhost:8545" scenario=factorydeploytx wallet=5
time="2026-06-01T04:54:38Z" level=debug msg="sent deployment tx #    36: 0x513f51b4125b495c8d30a6bb9705895f10563e950a40e179856b99bb63a7d1c9" nonce=3 rpc="localhost:8545" scenario=factorydeploytx wallet=6
time="2026-06-01T04:54:38Z" level=debug msg="sent deployment tx #    37: 0xcf06fd8a7a9eb6dbbc8fdb0f33b7f7ae185ac0c748b1ae4adfc33884e79846c9" nonce=3 rpc="localhost:8545" scenario=factorydeploytx wallet=7
time="2026-06-01T04:54:39Z" level=debug msg="sent deployment tx #    38: 0x6484a69191b0bab5610fee85d25f5dcc722ac86d64e6860afdc750c5ba89d0a4" nonce=3 rpc="localhost:8545" scenario=factorydeploytx wallet=8
time="2026-06-01T04:54:39Z" level=debug msg="deployment tx 5 confirmed in block #9. deployed at: 0xfB452437877e76B1fF2C99eB12178dedc3aCBb9c, total fee: 13627021 gwei (base: 2)" rpc="localhost:8545" scenario=factorydeploytx
time="2026-06-01T04:54:39Z" level=debug msg="deployment tx 6 confirmed in block #9. deployed at: 0x1192CEfF330228FCF535fE0cd5d28Cd368d7c507, total fee: 13627021 gwei (base: 2)" rpc="localhost:8545" scenario=factorydeploytx
time="2026-06-01T04:54:39Z" level=debug msg="deployment tx 7 confirmed in block #9. deployed at: 0x042B1ca53F892BFb187DBDa0a3d7d815019DB73f, total fee: 13627021 gwei (base: 2)" rpc="localhost:8545" scenario=factorydeploytx
time="2026-06-01T04:54:39Z" level=debug msg="deployment tx 8 confirmed in block #9. deployed at: 0xa558095bb905D9C2eA574C11225114e5333dbF58, total fee: 13627021 gwei (base: 2)" rpc="localhost:8545" scenario=factorydeploytx
time="2026-06-01T04:54:39Z" level=info msg="processed block 9:  5 total tx, 5 tx confirmed from 5 wallets (1.356903ms, 525.775µs)"
time="2026-06-01T04:54:39Z" level=info msg="block 9: submitted=12, pending=29, confirmed=5, throughput: 5B=2.25 tx/B, 20B=2.25 tx/B, 60B=2.25 tx/B" scenario=factorydeploytx wallets=5
time="2026-06-01T04:54:39Z" level=debug msg="deployment tx 9 confirmed in block #9. deployed at: 0xEaDffC6dCEa47a8601FC736Bee852D226F9aCC50, total fee: 13627021 gwei (base: 2)" rpc="localhost:8545" scenario=factorydeploytx
time="2026-06-01T04:54:39Z" level=debug msg="sent deployment tx #    39: 0x2d2dd72198a7acae503c20ed1deb4b4293e92ea500e1554ef9597a5ee81214f0" nonce=3 rpc="localhost:8545" scenario=factorydeploytx wallet=9
time="2026-06-01T04:54:39Z" level=debug msg="sent deployment tx #    40: 0x57da4957ee1ce3c563ceb06f8df56112bdab1ae2241c575cfe8da880327d79ab" nonce=3 rpc="localhost:8545" scenario=factorydeploytx wallet=10
time="2026-06-01T04:54:39Z" level=debug msg="sent deployment tx #    41: 0x8cb473b2e8ef73854fe5c196c74469412076d2e38ea54f4306d6e919e469dee4" nonce=4 rpc="localhost:8545" scenario=factorydeploytx wallet=1
time="2026-06-01T04:54:40Z" level=debug msg="sent deployment tx #    42: 0xf9b9ec1331867a45b1574d468a8b16ad20cd8c407837ce65b763a26bc6a171ad" nonce=4 rpc="localhost:8545" scenario=factorydeploytx wallet=2
time="2026-06-01T04:54:40Z" level=debug msg="sent deployment tx #    43: 0xdb9334078c4b3a956dcd621ca3eced8fa29bbc6b2df6cc9678ad551f283d050f" nonce=4 rpc="localhost:8545" scenario=factorydeploytx wallet=3
time="2026-06-01T04:54:40Z" level=debug msg="sent deployment tx #    44: 0xf6c0d11d8d2047b9fb40d2e9ba6584cdc7adef8b5ddde020defcd8d82bac1e47" nonce=4 rpc="localhost:8545" scenario=factorydeploytx wallet=4
time="2026-06-01T04:54:40Z" level=debug msg="sent deployment tx #    45: 0xbe9b1383d8f31e9fb5436ebf009a52eaf23cbe0de58940df09a689473054d610" nonce=4 rpc="localhost:8545" scenario=factorydeploytx wallet=5
time="2026-06-01T04:54:41Z" level=debug msg="sent deployment tx #    46: 0xe219ab0edc3f455f5d778efb3a0874d473f14bd983a595811c6f128c39b3f222" nonce=4 rpc="localhost:8545" scenario=factorydeploytx wallet=6
time="2026-06-01T04:54:41Z" level=debug msg="sent deployment tx #    47: 0xdd8499a9b56973a046f00af2c642cad3053682b692059997b0b2f32dc22b8f4c" nonce=4 rpc="localhost:8545" scenario=factorydeploytx wallet=7
time="2026-06-01T04:54:41Z" level=debug msg="sent deployment tx #    48: 0xa9e8d4bb3c6143dc267a1a06225125e5f0d2cc981d02dbc97527709e51157a1f" nonce=4 rpc="localhost:8545" scenario=factorydeploytx wallet=8
time="2026-06-01T04:54:41Z" level=debug msg="sent deployment tx #    49: 0x503514556ba46d1741d19720c1348484bd8a7eeb28877d587a23f5c840bffbcb" nonce=4 rpc="localhost:8545" scenario=factorydeploytx wallet=9
time="2026-06-01T04:54:42Z" level=debug msg="sent deployment tx #    50: 0x0cb92bcee3d20b922b66e7d4ed91e9505c31644d69339050adb4c8757a2d0391" nonce=4 rpc="localhost:8545" scenario=factorydeploytx wallet=10
time="2026-06-01T04:54:42Z" level=debug msg="sent deployment tx #    51: 0x5ec21c05b384a51ae83ab9fdfac66748f2fc3680efd16251619720d3327e6b44" nonce=5 rpc="localhost:8545" scenario=factorydeploytx wallet=1
time="2026-06-01T04:54:42Z" level=debug msg="sent deployment tx #    52: 0x242e6897da9c590615a806b3d7bfa011bcd50ca15a63da48a17a549a6fb8e278" nonce=5 rpc="localhost:8545" scenario=factorydeploytx wallet=2
time="2026-06-01T04:54:42Z" level=debug msg="sent deployment tx #    53: 0xdfaa001212c39d7a1089aa148c672c0c27a1ec7314c6731fd57bd2c92138a8c2" nonce=5 rpc="localhost:8545" scenario=factorydeploytx wallet=3
time="2026-06-01T04:54:43Z" level=debug msg="sent deployment tx #    54: 0x9bd1415c579ea67c8aaf245e78831a0ee7e7b6f04bbdc0d80a1730f61f8e24e6" nonce=5 rpc="localhost:8545" scenario=factorydeploytx wallet=4
time="2026-06-01T04:54:43Z" level=debug msg="sent deployment tx #    55: 0xf7db17ac6fa7d7a2ff58cc8af84f4de30d671cf3334bdce206604a9f158d0f4a" nonce=5 rpc="localhost:8545" scenario=factorydeploytx wallet=5
time="2026-06-01T04:54:43Z" level=debug msg="sent deployment tx #    56: 0xe621710e1e8f2bb7beb2512e55fdf774b9e8153a29988690535dee580f96648a" nonce=5 rpc="localhost:8545" scenario=factorydeploytx wallet=6
time="2026-06-01T04:54:43Z" level=debug msg="sent deployment tx #    57: 0x62d850a0abf913559db0cca049c247a66a88f1d2bc4a4633645a7f6f67fa0cc8" nonce=5 rpc="localhost:8545" scenario=factorydeploytx wallet=7
time="2026-06-01T04:54:43Z" level=debug msg="sent deployment tx #    58: 0xf7b7d2e918d3a546be9f34a19e839f21065507b23d223abd1e99def170642842" nonce=5 rpc="localhost:8545" scenario=factorydeploytx wallet=8
time="2026-06-01T04:54:44Z" level=debug msg="sent deployment tx #    59: 0xffafd743e252e470a28cee61939b3d64afce3a1114d0fa878adb00af87c714e3" nonce=5 rpc="localhost:8545" scenario=factorydeploytx wallet=9
time="2026-06-01T04:54:44Z" level=debug msg="sent deployment tx #    60: 0x66e517dbb3406a87710979b583ab58ee1d912b8a24a2da949ac5acd18edc1c98" nonce=5 rpc="localhost:8545" scenario=factorydeploytx wallet=10
time="2026-06-01T04:54:44Z" level=debug msg="sent deployment tx #    61: 0xe3b810ca02e8b1faa0015f88fa0b38809f35b00dd1b025507d686664a79b3b19" nonce=6 rpc="localhost:8545" scenario=factorydeploytx wallet=1
time="2026-06-01T04:54:44Z" level=debug msg="sent deployment tx #    62: 0x9aaf254d7ceb8dd773f20d381555e5c161e21be62480d4e47b25c9d20c93b276" nonce=6 rpc="localhost:8545" scenario=factorydeploytx wallet=2
time="2026-06-01T04:54:45Z" level=debug msg="sent deployment tx #    63: 0xe7c6362cba14cc8d0ce4c2e97016c41c4535db79151cf0bd3e8ae4bacd62b302" nonce=6 rpc="localhost:8545" scenario=factorydeploytx wallet=3
time="2026-06-01T04:54:45Z" level=info msg="processed block 10:  4 total tx, 4 tx confirmed from 4 wallets (1.042436ms, 381.849µs)"
time="2026-06-01T04:54:45Z" level=info msg="block 10: submitted=25, pending=50, confirmed=4, throughput: 5B=2.60 tx/B, 20B=2.60 tx/B, 60B=2.60 tx/B" scenario=factorydeploytx wallets=4
time="2026-06-01T04:54:45Z" level=debug msg="deployment tx 10 confirmed in block #10. deployed at: 0xc452Cd17bE28517b2F95a2EbDC5b7fD148aF87cE, total fee: 13866477 gwei (base: 2)" rpc="localhost:8545" scenario=factorydeploytx
time="2026-06-01T04:54:45Z" level=debug msg="deployment tx 11 confirmed in block #10. deployed at: 0x0DA4945665ca30C179c8fA9D198137FB57dD6c98, total fee: 13866477 gwei (base: 2)" rpc="localhost:8545" scenario=factorydeploytx
time="2026-06-01T04:54:45Z" level=debug msg="deployment tx 12 confirmed in block #10. deployed at: 0xDEA9F6ed1E304c08CA8401227D94f1d2f521e8fc, total fee: 13866477 gwei (base: 2)" rpc="localhost:8545" scenario=factorydeploytx
time="2026-06-01T04:54:45Z" level=debug msg="deployment tx 13 confirmed in block #10. deployed at: 0x504Ec1e9F84041D126A268544380C5852038ea79, total fee: 13866477 gwei (base: 2)" rpc="localhost:8545" scenario=factorydeploytx
time="2026-06-01T04:54:45Z" level=debug msg="sent deployment tx #    64: 0x1c98714030f5aa91db8621c7ba1633b41f014f842736d5326b8c333a29109f3b" nonce=6 rpc="localhost:8545" scenario=factorydeploytx wallet=4
time="2026-06-01T04:54:45Z" level=debug msg="sent deployment tx #    65: 0xbd6d136f630888e961f9859853e73aecf5fa5fd4b9367482534348778680d1bb" nonce=6 rpc="localhost:8545" scenario=factorydeploytx wallet=5
time="2026-06-01T04:54:45Z" level=debug msg="sent deployment tx #    66: 0x2226c3e79e1d08a000108a855723d009c8e44115c28daf315e7056a04dbc88d8" nonce=6 rpc="localhost:8545" scenario=factorydeploytx wallet=6
time="2026-06-01T04:54:46Z" level=debug msg="sent deployment tx #    67: 0x4e7750ea306d87a2d89c7a598dda21741b3c5973602298e26734c3000697c304" nonce=6 rpc="localhost:8545" scenario=factorydeploytx wallet=7
time="2026-06-01T04:54:46Z" level=debug msg="sent deployment tx #    68: 0x76025373d3be51d3da44b0d20f21dd019cd938d8feda9953b20097224c88d3e0" nonce=6 rpc="localhost:8545" scenario=factorydeploytx wallet=8
time="2026-06-01T04:54:46Z" level=debug msg="sent deployment tx #    69: 0x8e72fb8547401726c35ac957b3636e64c382dbe977533c74344d10697373d2b7" nonce=6 rpc="localhost:8545" scenario=factorydeploytx wallet=9
time="2026-06-01T04:54:46Z" level=debug msg="sent deployment tx #    70: 0xbb5fa7726f8b0d5fedef422b62da19b5e2d4beee45271548184f9deb34cdbba5" nonce=6 rpc="localhost:8545" scenario=factorydeploytx wallet=10
time="2026-06-01T04:54:47Z" level=debug msg="sent deployment tx #    71: 0xbdd3ee03c9f4ec76fd351ce5b2623e1ad63670af5a353b46295bd63775ad7d66" nonce=7 rpc="localhost:8545" scenario=factorydeploytx wallet=1
time="2026-06-01T04:54:47Z" level=debug msg="sent deployment tx #    72: 0x787380758b8712daa3992d119f8853a13feb9bb258c58e230b43b59f3efb53f6" nonce=7 rpc="localhost:8545" scenario=factorydeploytx wallet=2
time="2026-06-01T04:54:47Z" level=debug msg="sent deployment tx #    73: 0x36e2044cc5ee91870b8c3d8cf529942a4c758b1227f6e93237c6328ca003a944" nonce=7 rpc="localhost:8545" scenario=factorydeploytx wallet=3
time="2026-06-01T04:54:47Z" level=debug msg="sent deployment tx #    74: 0x6b3b50aed56fe279c6e1cc5f097ad8a867e75de8c58d2c68df09b432135f07e9" nonce=7 rpc="localhost:8545" scenario=factorydeploytx wallet=4
time="2026-06-01T04:54:48Z" level=debug msg="sent deployment tx #    75: 0xf7e312e2760da1c659ca8db4cec517726b63e760e9c67f4f703328c8f6f26f6e" nonce=7 rpc="localhost:8545" scenario=factorydeploytx wallet=5
time="2026-06-01T04:54:48Z" level=debug msg="sent deployment tx #    76: 0xcea3fddad2e86082c98da421a20011a3e8387dcf834d772ebf0ef40adb5297ea" nonce=7 rpc="localhost:8545" scenario=factorydeploytx wallet=6
time="2026-06-01T04:54:48Z" level=debug msg="deployment tx 14 confirmed in block #11. deployed at: 0xF5a01B6Ed44006a197341ee032541559161Ea33D, total fee: 14019909 gwei (base: 2)" rpc="localhost:8545" scenario=factorydeploytx
time="2026-06-01T04:54:48Z" level=debug msg="deployment tx 15 confirmed in block #11. deployed at: 0xdaCb20FEf324edd4eB05f76221fd75c6C711d878, total fee: 14019909 gwei (base: 2)" rpc="localhost:8545" scenario=factorydeploytx
time="2026-06-01T04:54:48Z" level=debug msg="deployment tx 16 confirmed in block #11. deployed at: 0x5B33F4AD13d98e9f807359Bf668e505724Ca6774, total fee: 14019909 gwei (base: 2)" rpc="localhost:8545" scenario=factorydeploytx
time="2026-06-01T04:54:48Z" level=debug msg="deployment tx 17 confirmed in block #11. deployed at: 0xA43d70ea2c20458162a4FdFADDF0cd7e27aa6534, total fee: 14019909 gwei (base: 2)" rpc="localhost:8545" scenario=factorydeploytx
time="2026-06-01T04:54:48Z" level=info msg="processed block 11:  5 total tx, 5 tx confirmed from 5 wallets (1.14984ms, 456.569µs)"
time="2026-06-01T04:54:48Z" level=info msg="block 11: submitted=13, pending=58, confirmed=5, throughput: 5B=3.60 tx/B, 20B=3.00 tx/B, 60B=3.00 tx/B" scenario=factorydeploytx wallets=5
time="2026-06-01T04:54:48Z" level=debug msg="deployment tx 18 confirmed in block #11. deployed at: 0x680f1080A0Dd98aad0109c5ffd860e72C9C2F069, total fee: 14019909 gwei (base: 2)" rpc="localhost:8545" scenario=factorydeploytx
time="2026-06-01T04:54:48Z" level=debug msg="sent deployment tx #    77: 0xe97d32608ec56e066f1b5a5ab36bcc22020c3ffe70d8debc821ffe9768501197" nonce=7 rpc="localhost:8545" scenario=factorydeploytx wallet=7
time="2026-06-01T04:54:48Z" level=debug msg="sent deployment tx #    78: 0x5cb89534bd9559768a4901d75204729f9b56048d6e3d113d684426afd11058d8" nonce=7 rpc="localhost:8545" scenario=factorydeploytx wallet=8
time="2026-06-01T04:54:49Z" level=debug msg="sent deployment tx #    79: 0xf4e5d7482a26d6299f3db4f4ac429eff33bad181fa25e0d556b63c55cb4747f1" nonce=7 rpc="localhost:8545" scenario=factorydeploytx wallet=9
time="2026-06-01T04:54:49Z" level=debug msg="sent deployment tx #    80: 0x4b9164e34fa831b0578c23f7b4ba1924aa480398880251cf3df4e95aa1a34591" nonce=7 rpc="localhost:8545" scenario=factorydeploytx wallet=10
time="2026-06-01T04:54:49Z" level=debug msg="sent deployment tx #    81: 0xf93c80f04a794c823456decd1741f2633a324eed57a9265f4a0aebe9fff1b10b" nonce=8 rpc="localhost:8545" scenario=factorydeploytx wallet=1
time="2026-06-01T04:54:49Z" level=debug msg="sent deployment tx #    82: 0xcaf3df5666676797ce4ef92ed0188a60160243e78992e447bcd198642b813ece" nonce=8 rpc="localhost:8545" scenario=factorydeploytx wallet=2
time="2026-06-01T04:54:49Z" level=debug msg="sent deployment tx #    83: 0x3ecb7a157ae6ce312019432133cc70cb0a0dd50dc51e7b81dc8ec3d774617205" nonce=8 rpc="localhost:8545" scenario=factorydeploytx wallet=3
time="2026-06-01T04:54:50Z" level=debug msg="sent deployment tx #    84: 0x1226cdff5176400484794c2aff9e2202cd6d615ec90bf4f8ccaf15031ed2b718" nonce=8 rpc="localhost:8545" scenario=factorydeploytx wallet=4
time="2026-06-01T04:54:50Z" level=debug msg="sent deployment tx #    85: 0x06e29eaa39809c646677226ab95e48149d7b9d7ba826a548e514f144034f6335" nonce=8 rpc="localhost:8545" scenario=factorydeploytx wallet=5
time="2026-06-01T04:54:50Z" level=debug msg="sent deployment tx #    86: 0xeb6238fe9ca40e6add57165d2a19324934f5563caab241618c91ecbff1654d0b" nonce=8 rpc="localhost:8545" scenario=factorydeploytx wallet=6
time="2026-06-01T04:54:50Z" level=debug msg="sent deployment tx #    87: 0x3b9d9084be5e2470880e48e3c712af9dbf6a3e1d2fda1a81efaf235db08cd657" nonce=8 rpc="localhost:8545" scenario=factorydeploytx wallet=7
time="2026-06-01T04:54:51Z" level=debug msg="sent deployment tx #    88: 0x3515992de90ef121c4e6943fafd86a9e317fbdd91afb9cbbd65a923a85971236" nonce=8 rpc="localhost:8545" scenario=factorydeploytx wallet=8
time="2026-06-01T04:54:51Z" level=debug msg="deployment tx 19 confirmed in block #12. deployed at: 0x21667304138cb3B01D449f5ca623dDD4FdB18722, total fee: 14302371 gwei (base: 2)" rpc="localhost:8545" scenario=factorydeploytx
time="2026-06-01T04:54:51Z" level=debug msg="deployment tx 21 confirmed in block #12. deployed at: 0x5747abD70b7dD9B9a8521F8a49c5eB87740dA9AC, total fee: 14302371 gwei (base: 2)" rpc="localhost:8545" scenario=factorydeploytx
time="2026-06-01T04:54:51Z" level=debug msg="deployment tx 20 confirmed in block #12. deployed at: 0x3707f0eC7f822E85C88e6e8Ae650bA6493bBA31b, total fee: 14302371 gwei (base: 2)" rpc="localhost:8545" scenario=factorydeploytx
time="2026-06-01T04:54:51Z" level=info msg="processed block 12:  4 total tx, 4 tx confirmed from 4 wallets (1.330481ms, 384.895µs)"
time="2026-06-01T04:54:51Z" level=info msg="block 12: submitted=12, pending=66, confirmed=4, throughput: 5B=4.20 tx/B, 20B=3.14 tx/B, 60B=3.14 tx/B" scenario=factorydeploytx wallets=4
time="2026-06-01T04:54:51Z" level=debug msg="deployment tx 22 confirmed in block #12. deployed at: 0xDD0045E69cbb941Bb3a251f7352589617279158F, total fee: 14302371 gwei (base: 2)" rpc="localhost:8545" scenario=factorydeploytx
time="2026-06-01T04:54:51Z" level=debug msg="sent deployment tx #    89: 0x05ba174e65815e2c71684a41b6d7b6e2e4db363b227f3beaaa11061881d5c22e" nonce=8 rpc="localhost:8545" scenario=factorydeploytx wallet=9
time="2026-06-01T04:54:51Z" level=debug msg="sent deployment tx #    90: 0x904b965e874026ae72bf043821d1d356628b56ced370221cda89a7811dd1eb80" nonce=8 rpc="localhost:8545" scenario=factorydeploytx wallet=10
time="2026-06-01T04:54:51Z" level=debug msg="sent deployment tx #    91: 0xb02233aa81cbe48152d97ad88a66522886ce9084d78819a7f8380bb5453e6a79" nonce=9 rpc="localhost:8545" scenario=factorydeploytx wallet=1
time="2026-06-01T04:54:52Z" level=debug msg="sent deployment tx #    92: 0x5a7ce04d354fd98c92671c54dcedfbcddd8dda04186dd18ad07ca5a999931232" nonce=9 rpc="localhost:8545" scenario=factorydeploytx wallet=2
time="2026-06-01T04:54:52Z" level=debug msg="sent deployment tx #    93: 0x0b8f00b166704a1f4f6086efba207bea0eeb4cdac91239c1e81e7e29b7744f51" nonce=9 rpc="localhost:8545" scenario=factorydeploytx wallet=3
time="2026-06-01T04:54:52Z" level=debug msg="sent deployment tx #    94: 0x8e48f8e7d4688ff82c4cfb6018a955593084af4f9321a74b75f85841c2475b57" nonce=9 rpc="localhost:8545" scenario=factorydeploytx wallet=4
time="2026-06-01T04:54:52Z" level=debug msg="sent deployment tx #    95: 0xfdd711d36a6abc6b994f2d020c21b507c02817a5f9b58aeeb218590d796cfdcf" nonce=9 rpc="localhost:8545" scenario=factorydeploytx wallet=5
time="2026-06-01T04:54:53Z" level=debug msg="sent deployment tx #    96: 0x21f18bcd39f7ee23e1a37db03aaaaf16a5d16ce8be9070cb46a3e549a7e24d09" nonce=9 rpc="localhost:8545" scenario=factorydeploytx wallet=6
time="2026-06-01T04:54:53Z" level=debug msg="sent deployment tx #    97: 0xf3f2c1434924942c9dfee18480a8dea8564c5b323f1e0c0537ffdd88477aa5a2" nonce=9 rpc="localhost:8545" scenario=factorydeploytx wallet=7
time="2026-06-01T04:54:53Z" level=debug msg="sent deployment tx #    98: 0xc03f16f2025d20a9fce86093a92769cc89d4f0d5758a25f2441f16fc5ba85a62" nonce=9 rpc="localhost:8545" scenario=factorydeploytx wallet=8
time="2026-06-01T04:54:53Z" level=debug msg="sent deployment tx #    99: 0xd4282c255922e821090f85981b2f0795f27e7def8a8b4c978954909f967bbd22" nonce=9 rpc="localhost:8545" scenario=factorydeploytx wallet=9
time="2026-06-01T04:54:54Z" level=debug msg="sent deployment tx #   100: 0xff51c6484ece1cb728f80089b41f72f050b1e513acdb7affa6be720693ec9410" nonce=9 rpc="localhost:8545" scenario=factorydeploytx wallet=10
time="2026-06-01T04:54:54Z" level=debug msg="sent deployment tx #   101: 0x7bb780e84913d8df3389698b1d3775d7f0d6cc13c00b6f442c68bd92e0625386" nonce=10 rpc="localhost:8545" scenario=factorydeploytx wallet=1
time="2026-06-01T04:54:54Z" level=info msg="processed block 13:  5 total tx, 5 tx confirmed from 5 wallets (1.564686ms, 624.396µs)"
time="2026-06-01T04:54:54Z" level=info msg="block 13: submitted=13, pending=74, confirmed=5, throughput: 5B=4.60 tx/B, 20B=3.38 tx/B, 60B=3.38 tx/B" scenario=factorydeploytx wallets=5
time="2026-06-01T04:54:54Z" level=debug msg="deployment tx 23 confirmed in block #13. deployed at: 0x73D419080Ac809E4B3a866D2EFef5bDFE50cc8a3, total fee: 14482992 gwei (base: 2)" rpc="localhost:8545" scenario=factorydeploytx
time="2026-06-01T04:54:54Z" level=debug msg="deployment tx 26 confirmed in block #13. deployed at: 0xEFC26d841762667Bc96E82F681894a81c660D8E6, total fee: 14482992 gwei (base: 2)" rpc="localhost:8545" scenario=factorydeploytx
time="2026-06-01T04:54:54Z" level=debug msg="deployment tx 24 confirmed in block #13. deployed at: 0xd5cCF33ad5511E23ccB1D0bDC6D606c7D8451350, total fee: 14482992 gwei (base: 2)" rpc="localhost:8545" scenario=factorydeploytx
time="2026-06-01T04:54:54Z" level=debug msg="deployment tx 27 confirmed in block #13. deployed at: 0xf19FE1A434dF882BE9267864cAeF46850af29E8F, total fee: 14482992 gwei (base: 2)" rpc="localhost:8545" scenario=factorydeploytx
time="2026-06-01T04:54:54Z" level=debug msg="deployment tx 25 confirmed in block #13. deployed at: 0x4C40bD20F850B16c84Ee146d9bC6c7ccE092e236, total fee: 14482992 gwei (base: 2)" rpc="localhost:8545" scenario=factorydeploytx
time="2026-06-01T04:54:54Z" level=debug msg="sent deployment tx #   102: 0x53624ef970afb7920232dbce1ecdd7c9ec9894e741cb12dcb845562dca42679a" nonce=10 rpc="localhost:8545" scenario=factorydeploytx wallet=2
time="2026-06-01T04:54:54Z" level=debug msg="sent deployment tx #   103: 0xf61665c590127972c34fc401f62fdc0eedd004955b8e1e9ecbcadd3dfb62e094" nonce=10 rpc="localhost:8545" scenario=factorydeploytx wallet=3
time="2026-06-01T04:54:55Z" level=debug msg="sent deployment tx #   104: 0xc3ac7539bb416c51bb41a304fe3fb57c05fd3fbffd4f26d3d25bcf021d394887" nonce=10 rpc="localhost:8545" scenario=factorydeploytx wallet=4
time="2026-06-01T04:54:55Z" level=debug msg="sent deployment tx #   105: 0x2efa636a080823bbf36c16c2f888edff2cbe0c726f6367ef2c4a602dace53656" nonce=10 rpc="localhost:8545" scenario=factorydeploytx wallet=5
time="2026-06-01T04:54:55Z" level=debug msg="sent deployment tx #   106: 0x303d1a37e8325fce19667a806994d53b3a2bcf47915b4b819a3a2e26b722210f" nonce=10 rpc="localhost:8545" scenario=factorydeploytx wallet=6
time="2026-06-01T04:54:55Z" level=debug msg="sent deployment tx #   107: 0x01194c52dcbce1e12380d63b36ca2196c4d82a47b1e10ffcbd58f79132025b5d" nonce=10 rpc="localhost:8545" scenario=factorydeploytx wallet=7
time="2026-06-01T04:54:55Z" level=debug msg="sent deployment tx #   108: 0xd4faa1edc709cd7ece11c4c172ee72d65661a4118c46ff1dd33134c811eb1e85" nonce=10 rpc="localhost:8545" scenario=factorydeploytx wallet=8
time="2026-06-01T04:54:56Z" level=debug msg="sent deployment tx #   109: 0xe97c7042843880689cb29d606a5613ba5a94cab81061e679755dc6cc9137d7fa" nonce=10 rpc="localhost:8545" scenario=factorydeploytx wallet=9
time="2026-06-01T04:54:56Z" level=debug msg="sent deployment tx #   110: 0x8883fdbca1eed8830a209a31ad5912e57869144c8c85cb21155f8967b340f23d" nonce=10 rpc="localhost:8545" scenario=factorydeploytx wallet=10
time="2026-06-01T04:54:56Z" level=debug msg="sent deployment tx #   111: 0x7bde2baa72dd25ca010236719ea92b61b72b5c38e8cf1b99bf6a0cbcb11d0551" nonce=11 rpc="localhost:8545" scenario=factorydeploytx wallet=1
time="2026-06-01T04:54:56Z" level=debug msg="sent deployment tx #   112: 0x11a88c26acedeef6952e4ff66e47b99cd420eea35bb10e0a2bd141c3961bafae" nonce=11 rpc="localhost:8545" scenario=factorydeploytx wallet=2
time="2026-06-01T04:54:57Z" level=debug msg="sent deployment tx #   113: 0x6171ee0ed9cb4bce3ebb89418b035f5c141c15d89e47e47dab080079d6556d9b" nonce=11 rpc="localhost:8545" scenario=factorydeploytx wallet=3
time="2026-06-01T04:54:57Z" level=debug msg="deployment tx 28 confirmed in block #14. deployed at: 0x2d62a5745B6AE907380F5c0Cd8a75E5e0D3c6889, total fee: 14815924 gwei (base: 2)" rpc="localhost:8545" scenario=factorydeploytx
time="2026-06-01T04:54:57Z" level=debug msg="deployment tx 29 confirmed in block #14. deployed at: 0xaC301A9e3277137398641c6a275b381D8CE3216e, total fee: 14815924 gwei (base: 2)" rpc="localhost:8545" scenario=factorydeploytx
time="2026-06-01T04:54:57Z" level=debug msg="deployment tx 30 confirmed in block #14. deployed at: 0xe8A9b52578725E41c56B6c3B5901a9AD4131Abf5, total fee: 14815924 gwei (base: 2)" rpc="localhost:8545" scenario=factorydeploytx
time="2026-06-01T04:54:57Z" level=info msg="processed block 14:  4 total tx, 4 tx confirmed from 4 wallets (1.690567ms, 483.124µs)"
time="2026-06-01T04:54:57Z" level=info msg="block 14: submitted=12, pending=82, confirmed=4, throughput: 5B=4.40 tx/B, 20B=3.44 tx/B, 60B=3.44 tx/B" scenario=factorydeploytx wallets=4
time="2026-06-01T04:54:57Z" level=debug msg="deployment tx 31 confirmed in block #14. deployed at: 0x389cA531c762A48145CF1Bc33668ad47CaF58cF9, total fee: 14815924 gwei (base: 2)" rpc="localhost:8545" scenario=factorydeploytx
time="2026-06-01T04:54:57Z" level=debug msg="sent deployment tx #   114: 0xddba33848220842e68f596dc86e7650a651ea0973fbd9a22714e51af69b17b7e" nonce=11 rpc="localhost:8545" scenario=factorydeploytx wallet=4
time="2026-06-01T04:54:57Z" level=debug msg="sent deployment tx #   115: 0xde1b7a1ed548e9c21837f0d1455aa64152bcf8a837ec6b00d23a164553a71cc7" nonce=11 rpc="localhost:8545" scenario=factorydeploytx wallet=5
time="2026-06-01T04:54:57Z" level=debug msg="sent deployment tx #   116: 0x85d30d218aa6950b67db1f2fac2cb94c7b7e3c405fd191b22b0478afaf164e56" nonce=11 rpc="localhost:8545" scenario=factorydeploytx wallet=6
time="2026-06-01T04:54:58Z" level=debug msg="sent deployment tx #   117: 0xba378f47e4b8873df3316735433683a4ce5843a4a1c0426d705f986878adcdcd" nonce=11 rpc="localhost:8545" scenario=factorydeploytx wallet=7
time="2026-06-01T04:54:58Z" level=debug msg="sent deployment tx #   118: 0xceea772b3d5c4c5466a5bde3f683e1280cad359bd0b310b99532fd49e5f12454" nonce=11 rpc="localhost:8545" scenario=factorydeploytx wallet=8
time="2026-06-01T04:54:58Z" level=debug msg="sent deployment tx #   119: 0x62c904c73f7ec4f7e8956e439378171ebc36b2e2b539ce3ef3ae7b391681052c" nonce=11 rpc="localhost:8545" scenario=factorydeploytx wallet=9
time="2026-06-01T04:54:58Z" level=debug msg="sent deployment tx #   120: 0x92249428d8f3533583e51222a13ed54f23acf05531ef379b1e16b1f91ec0e214" nonce=11 rpc="localhost:8545" scenario=factorydeploytx wallet=10
time="2026-06-01T04:54:59Z" level=debug msg="sent deployment tx #   121: 0xae2f6e8b47d4653f9375c48a3fe54d5602b6e1c623a75148c9f4089286666753" nonce=12 rpc="localhost:8545" scenario=factorydeploytx wallet=1
time="2026-06-01T04:54:59Z" level=debug msg="sent deployment tx #   122: 0x7cad832e4cd17b8d81ef9fe53c3c03a43071e92b49501f30bbc6b6b18048d9e7" nonce=12 rpc="localhost:8545" scenario=factorydeploytx wallet=2
time="2026-06-01T04:54:59Z" level=debug msg="sent deployment tx #   123: 0x5d92760e2122e88a7358878bebd04f14094d5499ff65591bf75b6672601434ea" nonce=12 rpc="localhost:8545" scenario=factorydeploytx wallet=3
time="2026-06-01T04:54:59Z" level=debug msg="sent deployment tx #   124: 0x79c68e7f6886439ec25813ac234e200112ebcd1316533a4c099cdc485e1ef5f0" nonce=12 rpc="localhost:8545" scenario=factorydeploytx wallet=4
time="2026-06-01T04:55:00Z" level=debug msg="sent deployment tx #   125: 0xe0d3519ac77fe0b32d3a176ddfcbdbd590ef753513da05511d2ce0751439eac1" nonce=12 rpc="localhost:8545" scenario=factorydeploytx wallet=5
time="2026-06-01T04:55:00Z" level=debug msg="sent deployment tx #   126: 0x586190687a69b39cc70240b09f8feb1bb003487eb8532cd9e25f1ac8b13526f1" nonce=12 rpc="localhost:8545" scenario=factorydeploytx wallet=6
time="2026-06-01T04:55:00Z" level=debug msg="sent deployment tx #   127: 0x9f6a0981c18b95dfe9bb622c982383789da36d9a4fc6a1e0aecea2ee1770e7c1" nonce=12 rpc="localhost:8545" scenario=factorydeploytx wallet=7
time="2026-06-01T04:55:00Z" level=debug msg="sent deployment tx #   128: 0x9efa3addc139691e589bce25134a75d305f2917230167508c43bc33a1c1d3ab6" nonce=12 rpc="localhost:8545" scenario=factorydeploytx wallet=8
time="2026-06-01T04:55:01Z" level=debug msg="sent deployment tx #   129: 0x166d054d75066a4594749c7c1fbaf10e89d9c3f7d54b1c6a186333253920ec29" nonce=12 rpc="localhost:8545" scenario=factorydeploytx wallet=9
time="2026-06-01T04:55:01Z" level=debug msg="sent deployment tx #   130: 0x12a2bc065d643a5647f608624fa0bbb267f7f24bfd29a4660d251ad6c7aefcf0" nonce=12 rpc="localhost:8545" scenario=factorydeploytx wallet=10
time="2026-06-01T04:55:01Z" level=debug msg="sent deployment tx #   131: 0x729d25cc06fe81963cdc0ee5289fd8d2820346095ab2deafa026665ca967f08c" nonce=13 rpc="localhost:8545" scenario=factorydeploytx wallet=1
time="2026-06-01T04:55:03Z" level=debug msg="deployment tx 32 confirmed in block #15. deployed at: 0x421790151ECE413D6Ae61919F8c856B65111346E, total fee: 15028386 gwei (base: 2)" rpc="localhost:8545" scenario=factorydeploytx
time="2026-06-01T04:55:03Z" level=debug msg="deployment tx 33 confirmed in block #15. deployed at: 0x549F98f8fFA86C17fd5Bd378A24A686Ad0270150, total fee: 15028386 gwei (base: 2)" rpc="localhost:8545" scenario=factorydeploytx
time="2026-06-01T04:55:03Z" level=debug msg="deployment tx 34 confirmed in block #15. deployed at: 0xEBaa59f05EaCf75747c29534b5CA5C9ac990a32e, total fee: 15028386 gwei (base: 2)" rpc="localhost:8545" scenario=factorydeploytx
time="2026-06-01T04:55:03Z" level=debug msg="deployment tx 35 confirmed in block #15. deployed at: 0x1280A23146016946F249e58275be392e0C041F6c, total fee: 15028386 gwei (base: 2)" rpc="localhost:8545" scenario=factorydeploytx
time="2026-06-01T04:55:03Z" level=info msg="processed block 15:  5 total tx, 5 tx confirmed from 5 wallets (1.326937ms, 641.557µs)"
time="2026-06-01T04:55:03Z" level=info msg="block 15: submitted=18, pending=97, confirmed=5, throughput: 5B=4.60 tx/B, 20B=3.60 tx/B, 60B=3.60 tx/B" scenario=factorydeploytx wallets=5
time="2026-06-01T04:55:03Z" level=debug msg="deployment tx 36 confirmed in block #15. deployed at: 0xae2272C153b7A21eF2F46400fD160e7Ed213B005, total fee: 15028386 gwei (base: 2)" rpc="localhost:8545" scenario=factorydeploytx
time="2026-06-01T04:55:03Z" level=debug msg="sent deployment tx #   132: 0x461ac4b20b5ec452894982012f1a6ce5e8bfbe54985bc1dc41c70ec57508b996" nonce=13 rpc="localhost:8545" scenario=factorydeploytx wallet=2
time="2026-06-01T04:55:03Z" level=debug msg="sent deployment tx #   133: 0x89073e6088f84a56b7d5346ba6c610ec5244b47de0a53dfec2b632090a5f9daa" nonce=13 rpc="localhost:8545" scenario=factorydeploytx wallet=3
time="2026-06-01T04:55:03Z" level=debug msg="sent deployment tx #   134: 0xbb96c4f2dde764e5d9dfb90f21a1756dc629dd7473e641eb8da730cf0573e66d" nonce=13 rpc="localhost:8545" scenario=factorydeploytx wallet=4
time="2026-06-01T04:55:03Z" level=debug msg="sent deployment tx #   135: 0xd5fb95bf6ab03b1b4d490076922a088330db3a1932130d21d2e44a1146ba4cae" nonce=13 rpc="localhost:8545" scenario=factorydeploytx wallet=5
time="2026-06-01T04:55:04Z" level=debug msg="sent deployment tx #   136: 0x3b1f984c555649e5ceb9744e223173804b47b561565323f7eb26cdc721563e74" nonce=13 rpc="localhost:8545" scenario=factorydeploytx wallet=6
time="2026-06-01T04:55:06Z" level=debug msg="deployment tx 37 confirmed in block #16. deployed at: 0x09A362A04AF028E359986710DEf5C10Bc77E202F, total fee: 15420503 gwei (base: 2)" rpc="localhost:8545" scenario=factorydeploytx
time="2026-06-01T04:55:06Z" level=debug msg="deployment tx 38 confirmed in block #16. deployed at: 0x9A93518bDC69Ec860c5d1a4A40Ae4d6D5C268F45, total fee: 15420503 gwei (base: 2)" rpc="localhost:8545" scenario=factorydeploytx
time="2026-06-01T04:55:06Z" level=debug msg="deployment tx 39 confirmed in block #16. deployed at: 0xfb4010A41Bf30739fca9377eb5991C3c505454D2, total fee: 15420503 gwei (base: 2)" rpc="localhost:8545" scenario=factorydeploytx
time="2026-06-01T04:55:06Z" level=debug msg="deployment tx 40 confirmed in block #16. deployed at: 0x4F9c9Ab2bc5EC74a0650a7F3D0a871e25e602D77, total fee: 15420503 gwei (base: 2)" rpc="localhost:8545" scenario=factorydeploytx
time="2026-06-01T04:55:06Z" level=info msg="processed block 16:  5 total tx, 5 tx confirmed from 5 wallets (1.184874ms, 575.683µs)"
time="2026-06-01T04:55:06Z" level=info msg="block 16: submitted=5, pending=97, confirmed=5, throughput: 5B=4.60 tx/B, 20B=3.73 tx/B, 60B=3.73 tx/B" scenario=factorydeploytx wallets=5
time="2026-06-01T04:55:06Z" level=debug msg="deployment tx 41 confirmed in block #16. deployed at: 0xC105eccEE82a58C89819e8bd8B747Bf8478DF87D, total fee: 15420503 gwei (base: 2)" rpc="localhost:8545" scenario=factorydeploytx
time="2026-06-01T04:55:06Z" level=debug msg="sent deployment tx #   137: 0xfc4f9617c93d17b69a627700a4f4fcb61279fef7d2248a1818dc341e5b9fa3c0" nonce=13 rpc="localhost:8545" scenario=factorydeploytx wallet=7
time="2026-06-01T04:55:06Z" level=debug msg="sent deployment tx #   138: 0xd97124866f91237375733e625b40179f1d31bdde8731ebb51cf34e15dee2137a" nonce=13 rpc="localhost:8545" scenario=factorydeploytx wallet=8
time="2026-06-01T04:55:06Z" level=debug msg="sent deployment tx #   139: 0x11f38a1021a1c286311e7f6ee1982829922fe857a9eaad34497389664393f930" nonce=13 rpc="localhost:8545" scenario=factorydeploytx wallet=9
time="2026-06-01T04:55:06Z" level=debug msg="sent deployment tx #   140: 0x6a7e0764b01f6306def541f9bd95aa16a335d324e3a91f1dfc6503030d73111b" nonce=13 rpc="localhost:8545" scenario=factorydeploytx wallet=10
time="2026-06-01T04:55:07Z" level=debug msg="sent deployment tx #   141: 0x7e4894be983ab34aa4f54749d7721338dc6297066c62c36aad300726ba679af2" nonce=14 rpc="localhost:8545" scenario=factorydeploytx wallet=1
time="2026-06-01T04:55:09Z" level=debug msg="deployment tx 42 confirmed in block #17. deployed at: 0xecc8C0972c2BDD40f7615aFBBc36319f6eca8f66, total fee: 15855258 gwei (base: 2)" rpc="localhost:8545" scenario=factorydeploytx
time="2026-06-01T04:55:09Z" level=debug msg="deployment tx 43 confirmed in block #17. deployed at: 0x6691c9C0e06Dc28ff8c03DCe22Ff66D08e95729D, total fee: 15855258 gwei (base: 2)" rpc="localhost:8545" scenario=factorydeploytx
time="2026-06-01T04:55:09Z" level=debug msg="deployment tx 44 confirmed in block #17. deployed at: 0xfDbbB6298f93Fc48097dfFb8b2f432bee830C53B, total fee: 15855258 gwei (base: 2)" rpc="localhost:8545" scenario=factorydeploytx
time="2026-06-01T04:55:09Z" level=debug msg="deployment tx 45 confirmed in block #17. deployed at: 0xc9b094112D844F2f1a54F24D9b4d22EDe3260734, total fee: 15855258 gwei (base: 2)" rpc="localhost:8545" scenario=factorydeploytx
time="2026-06-01T04:55:09Z" level=debug msg="deployment tx 46 confirmed in block #17. deployed at: 0x12778798E502fA5335d2c35cf6b575Bfe7C73952, total fee: 15855258 gwei (base: 2)" rpc="localhost:8545" scenario=factorydeploytx
time="2026-06-01T04:55:09Z" level=info msg="processed block 17:  5 total tx, 5 tx confirmed from 5 wallets (1.179859ms, 439.852µs)"
time="2026-06-01T04:55:09Z" level=info msg="block 17: submitted=5, pending=97, confirmed=5, throughput: 5B=4.80 tx/B, 20B=3.83 tx/B, 60B=3.83 tx/B" scenario=factorydeploytx wallets=5
time="2026-06-01T04:55:09Z" level=debug msg="sent deployment tx #   142: 0x7eb42737c7944756a88b5ce6ae7b652ff514bb9fc7035b7973a245407d20ca87" nonce=14 rpc="localhost:8545" scenario=factorydeploytx wallet=2
time="2026-06-01T04:55:09Z" level=debug msg="sent deployment tx #   143: 0x58fed69af2c5ffa4406352790dfd77aa2083d963c866b49578ddee2e300aa02f" nonce=14 rpc="localhost:8545" scenario=factorydeploytx wallet=3
time="2026-06-01T04:55:09Z" level=debug msg="sent deployment tx #   144: 0xe18a7488ae598ff024f79247994ac5d80228f6cbbce08a06d59f55ed59c43105" nonce=14 rpc="localhost:8545" scenario=factorydeploytx wallet=4
time="2026-06-01T04:55:09Z" level=debug msg="sent deployment tx #   145: 0xfba66e6e067323d1d8847d76a62a64885dd6e95f15f9a1b39adc8ba80ea3946e" nonce=14 rpc="localhost:8545" scenario=factorydeploytx wallet=5
time="2026-06-01T04:55:10Z" level=debug msg="sent deployment tx #   146: 0x54f02a859713e1ee6ca7ab9bacf940ce1992b83109683e894e04c479e27a78f0" nonce=14 rpc="localhost:8545" scenario=factorydeploytx wallet=6
time="2026-06-01T04:55:12Z" level=debug msg="deployment tx 47 confirmed in block #18. deployed at: 0x3c489E1b6196D830BDb65989C5FfBEE9520852e4, total fee: 16337188 gwei (base: 2)" rpc="localhost:8545" scenario=factorydeploytx
time="2026-06-01T04:55:12Z" level=debug msg="deployment tx 48 confirmed in block #18. deployed at: 0xcf30D4De846E74ECb3302Ec2eA604c0252F460dd, total fee: 16337188 gwei (base: 2)" rpc="localhost:8545" scenario=factorydeploytx
time="2026-06-01T04:55:12Z" level=debug msg="deployment tx 49 confirmed in block #18. deployed at: 0x51362731aAD7d8589A91F92347277e8d03040eb8, total fee: 16337188 gwei (base: 2)" rpc="localhost:8545" scenario=factorydeploytx
time="2026-06-01T04:55:12Z" level=debug msg="deployment tx 50 confirmed in block #18. deployed at: 0x3F0d062b0Bc399cb11cDDD474E15ee5Dd365Dfe3, total fee: 16337188 gwei (base: 2)" rpc="localhost:8545" scenario=factorydeploytx
time="2026-06-01T04:55:12Z" level=info msg="processed block 18:  5 total tx, 5 tx confirmed from 5 wallets (1.372607ms, 669.646µs)"
time="2026-06-01T04:55:12Z" level=info msg="block 18: submitted=5, pending=97, confirmed=5, throughput: 5B=4.80 tx/B, 20B=3.92 tx/B, 60B=3.92 tx/B" scenario=factorydeploytx wallets=5
time="2026-06-01T04:55:12Z" level=debug msg="deployment tx 51 confirmed in block #18. deployed at: 0xbe70BbF1eE979329aD802486BCD2D693Bec744FE, total fee: 16337188 gwei (base: 2)" rpc="localhost:8545" scenario=factorydeploytx
time="2026-06-01T04:55:12Z" level=debug msg="sent deployment tx #   147: 0xeb8e23f7a94502bc4a37c38d26cb7fe01f33cd6076b02e8defdae44e152173ba" nonce=14 rpc="localhost:8545" scenario=factorydeploytx wallet=7
time="2026-06-01T04:55:12Z" level=debug msg="sent deployment tx #   148: 0x2454c4203474c9c02f89fece9cc05b8a0b62fab79ba65ce617350a31ffcc9c5f" nonce=14 rpc="localhost:8545" scenario=factorydeploytx wallet=8
time="2026-06-01T04:55:12Z" level=debug msg="sent deployment tx #   149: 0xda9cc054d6208e80855aa6cf756c80e9e417b64d528edf6f6a3c075780624ee1" nonce=14 rpc="localhost:8545" scenario=factorydeploytx wallet=9
time="2026-06-01T04:55:12Z" level=debug msg="sent deployment tx #   150: 0x0bc20b2aa7bfecbbf8e9dc436a5c21437195d23fbb02233d4264ecf891b42a83" nonce=14 rpc="localhost:8545" scenario=factorydeploytx wallet=10
time="2026-06-01T04:55:13Z" level=debug msg="sent deployment tx #   151: 0xd12ef2c3d62a8227299dac163a77dec95cba09546425e9f64ab96d882ed7805d" nonce=15 rpc="localhost:8545" scenario=factorydeploytx wallet=1
time="2026-06-01T04:55:18Z" level=debug msg="deployment tx 53 confirmed in block #19. deployed at: 0x4bBDe9554965961AaBa8D6624feC242fAd379586, total fee: 16871298 gwei (base: 2)" rpc="localhost:8545" scenario=factorydeploytx
time="2026-06-01T04:55:18Z" level=debug msg="deployment tx 52 confirmed in block #19. deployed at: 0x5d616c3148296F0B73Fe090DD5E5eA7Cee43140F, total fee: 16871298 gwei (base: 2)" rpc="localhost:8545" scenario=factorydeploytx
time="2026-06-01T04:55:18Z" level=debug msg="deployment tx 55 confirmed in block #19. deployed at: 0x056Ac98F4E0318520fC68aB6d9918dFD1b57415d, total fee: 16871298 gwei (base: 2)" rpc="localhost:8545" scenario=factorydeploytx
time="2026-06-01T04:55:18Z" level=debug msg="deployment tx 54 confirmed in block #19. deployed at: 0xf98489210D88365A17e307a58e96aB163f5b2E99, total fee: 16871298 gwei (base: 2)" rpc="localhost:8545" scenario=factorydeploytx
time="2026-06-01T04:55:18Z" level=info msg="processed block 19:  5 total tx, 5 tx confirmed from 5 wallets (1.88503ms, 404.332µs)"
time="2026-06-01T04:55:18Z" level=info msg="block 19: submitted=5, pending=97, confirmed=5, throughput: 5B=5.00 tx/B, 20B=4.00 tx/B, 60B=4.00 tx/B" scenario=factorydeploytx wallets=5
time="2026-06-01T04:55:18Z" level=debug msg="deployment tx 56 confirmed in block #19. deployed at: 0x314400ea56EaC135772E74c8e2d1f58edE4d19F2, total fee: 16871298 gwei (base: 2)" rpc="localhost:8545" scenario=factorydeploytx
time="2026-06-01T04:55:18Z" level=debug msg="sent deployment tx #   152: 0x924cccc30e9a4ef581d8e92f7ee34d223606d2bae9c591c211328f909a687380" nonce=15 rpc="localhost:8545" scenario=factorydeploytx wallet=2
time="2026-06-01T04:55:18Z" level=debug msg="sent deployment tx #   153: 0x7f64c9f7f7fa1b1d74f8f9a8a7152393a1469cf379045bfe965268824aac9994" nonce=15 rpc="localhost:8545" scenario=factorydeploytx wallet=3
time="2026-06-01T04:55:18Z" level=debug msg="sent deployment tx #   154: 0x1ebd6158ce270dd312694b395f43cc904fcb748826a994223a72ae6d9f829f63" nonce=15 rpc="localhost:8545" scenario=factorydeploytx wallet=4
time="2026-06-01T04:55:18Z" level=debug msg="sent deployment tx #   155: 0xe84ba30f68cff82f46598e8cd1a7e83084a7e617092fe70441b183ac7b1ac5d7" nonce=15 rpc="localhost:8545" scenario=factorydeploytx wallet=5
time="2026-06-01T04:55:19Z" level=debug msg="sent deployment tx #   156: 0xd628fade34f651a317d1abc7483e3ad8f727f1bf7af4db96e7951095e5371c0b" nonce=15 rpc="localhost:8545" scenario=factorydeploytx wallet=6
time="2026-06-01T04:55:21Z" level=debug msg="deployment tx 57 confirmed in block #20. deployed at: 0x6499625978759f86a1f878372CCdbc388e917a10, total fee: 17463116 gwei (base: 3)" rpc="localhost:8545" scenario=factorydeploytx
time="2026-06-01T04:55:21Z" level=info msg="processed block 20:  5 total tx, 5 tx confirmed from 5 wallets (1.321281ms, 602.938µs)"
time="2026-06-01T04:55:21Z" level=info msg="block 20: submitted=5, pending=96, confirmed=5, throughput: 5B=5.00 tx/B, 20B=4.07 tx/B, 60B=4.07 tx/B" scenario=factorydeploytx wallets=5
time="2026-06-01T04:55:21Z" level=debug msg="deployment tx 60 confirmed in block #20. deployed at: 0x7d31FfD8715fB946b7CA13E5673aDfE9a843961D, total fee: 17463116 gwei (base: 3)" rpc="localhost:8545" scenario=factorydeploytx
time="2026-06-01T04:55:21Z" level=debug msg="deployment tx 61 confirmed in block #20. deployed at: 0x11cbc0C7E2FEF08E23C367a97Ac9f8ce5bd20cE2, total fee: 17463116 gwei (base: 3)" rpc="localhost:8545" scenario=factorydeploytx
time="2026-06-01T04:55:21Z" level=debug msg="deployment tx 58 confirmed in block #20. deployed at: 0x30Dc92089E0911436725E11A20e174F52b20C0E9, total fee: 17463116 gwei (base: 3)" rpc="localhost:8545" scenario=factorydeploytx
time="2026-06-01T04:55:21Z" level=debug msg="deployment tx 59 confirmed in block #20. deployed at: 0xE00c560CE9Bf37F12c547d03171DadE35783BF2F, total fee: 17463116 gwei (base: 3)" rpc="localhost:8545" scenario=factorydeploytx
time="2026-06-01T04:55:21Z" level=debug msg="sent deployment tx #   157: 0x7ef2f83f65fc56a73e2c13c0895ab7de69f256364a43b33a71c873c45e22a56a" nonce=15 rpc="localhost:8545" scenario=factorydeploytx wallet=7
time="2026-06-01T04:55:21Z" level=debug msg="sent deployment tx #   158: 0x7573d61f405ad0f4c80a2cf88775c5e9e292471806600bf81efd3be74af0c7a2" nonce=15 rpc="localhost:8545" scenario=factorydeploytx wallet=8
time="2026-06-01T04:55:21Z" level=debug msg="sent deployment tx #   159: 0xe88185562687b8e9d563831bcd1e81334b14eb8cdda5eed571638891c1c2c6d5" nonce=15 rpc="localhost:8545" scenario=factorydeploytx wallet=9
time="2026-06-01T04:55:21Z" level=debug msg="sent deployment tx #   160: 0x39c8abfd2b74c6e91c1ea3e98583f1726317b6132340ba656ee8a22ac33f2db7" nonce=15 rpc="localhost:8545" scenario=factorydeploytx wallet=10
time="2026-06-01T04:55:22Z" level=debug msg="sent deployment tx #   161: 0xbee043288e7688d2e2e637cc991485db66c04f2ebbc5fa30e813c3dbf05f92b9" nonce=16 rpc="localhost:8545" scenario=factorydeploytx wallet=1
time="2026-06-01T04:55:24Z" level=debug msg="deployment tx 63 confirmed in block #21. deployed at: 0x0E240C4d4731533e4BCc1c72Bb483830033b8ab2, total fee: 18118738 gwei (base: 3)" rpc="localhost:8545" scenario=factorydeploytx
time="2026-06-01T04:55:24Z" level=debug msg="deployment tx 62 confirmed in block #21. deployed at: 0x2CA72859097ce258FBB69A86bEe8A313c9F1562c, total fee: 18118738 gwei (base: 3)" rpc="localhost:8545" scenario=factorydeploytx
time="2026-06-01T04:55:24Z" level=debug msg="deployment tx 64 confirmed in block #21. deployed at: 0x59c9DCBAC00A160c82A40F4C85df2D4408241102, total fee: 18118738 gwei (base: 3)" rpc="localhost:8545" scenario=factorydeploytx
time="2026-06-01T04:55:24Z" level=debug msg="deployment tx 65 confirmed in block #21. deployed at: 0x7b52d919cF8259deD1F8Ab0Aab63A7A1614FE297, total fee: 18118738 gwei (base: 3)" rpc="localhost:8545" scenario=factorydeploytx
time="2026-06-01T04:55:24Z" level=info msg="processed block 21:  5 total tx, 5 tx confirmed from 5 wallets (1.219344ms, 455.389µs)"
time="2026-06-01T04:55:24Z" level=info msg="block 21: submitted=5, pending=97, confirmed=5, throughput: 5B=5.00 tx/B, 20B=4.12 tx/B, 60B=4.12 tx/B" scenario=factorydeploytx wallets=5
time="2026-06-01T04:55:24Z" level=debug msg="deployment tx 66 confirmed in block #21. deployed at: 0x099022560C8A73EcaF2f4805069d8eC1637e26F8, total fee: 18118738 gwei (base: 3)" rpc="localhost:8545" scenario=factorydeploytx
time="2026-06-01T04:55:24Z" level=debug msg="sent deployment tx #   163: 0xf20bd5597276df14e2362ccd548c59c34edaab86556bf607f3bd2df8920583c8" nonce=16 rpc="localhost:8545" scenario=factorydeploytx wallet=3
time="2026-06-01T04:55:24Z" level=debug msg="sent deployment tx #   162: 0x91f9314ecb3e8cc34ed8f6a87932a976a832bf375d103da0b969bca45fced870" nonce=16 rpc="localhost:8545" scenario=factorydeploytx wallet=2
time="2026-06-01T04:55:24Z" level=debug msg="sent deployment tx #   164: 0x162db86594d59b5f64d69d5563e337be68fbc513cb1f710aeae2f41a5ae6aeeb" nonce=16 rpc="localhost:8545" scenario=factorydeploytx wallet=4
time="2026-06-01T04:55:24Z" level=debug msg="sent deployment tx #   165: 0x0eacbfe24ebb4ee05c9049988278606a321a34d47d2d601c16041c6098e0b466" nonce=16 rpc="localhost:8545" scenario=factorydeploytx wallet=5
time="2026-06-01T04:55:25Z" level=debug msg="sent deployment tx #   166: 0xe0d8fd520a7d808a707d5fc19c4e2ed9ef6cb4f0833996cb5170cc11e068fd24" nonce=16 rpc="localhost:8545" scenario=factorydeploytx wallet=6
time="2026-06-01T04:55:27Z" level=debug msg="deployment tx 67 confirmed in block #22. deployed at: 0x64a8b19C43FD2e194478bE82E578C5e84641Afa5, total fee: 18844892 gwei (base: 3)" rpc="localhost:8545" scenario=factorydeploytx
time="2026-06-01T04:55:27Z" level=info msg="processed block 22:  5 total tx, 5 tx confirmed from 5 wallets (1.319023ms, 391.557µs)"
time="2026-06-01T04:55:27Z" level=info msg="block 22: submitted=5, pending=96, confirmed=5, throughput: 5B=5.00 tx/B, 20B=4.18 tx/B, 60B=4.18 tx/B" scenario=factorydeploytx wallets=5
time="2026-06-01T04:55:27Z" level=debug msg="deployment tx 69 confirmed in block #22. deployed at: 0xF4Fe2471cF7acAbd528fec2164C57CCe593CBff4, total fee: 18844892 gwei (base: 3)" rpc="localhost:8545" scenario=factorydeploytx
time="2026-06-01T04:55:27Z" level=debug msg="deployment tx 71 confirmed in block #22. deployed at: 0x587c36328B2ef36943CAA375b40916956a5945bD, total fee: 18844892 gwei (base: 3)" rpc="localhost:8545" scenario=factorydeploytx
time="2026-06-01T04:55:27Z" level=debug msg="deployment tx 68 confirmed in block #22. deployed at: 0x1b635DA9F59910D4d0B35Bef8EBc8aB2eaAcB528, total fee: 18844892 gwei (base: 3)" rpc="localhost:8545" scenario=factorydeploytx
time="2026-06-01T04:55:27Z" level=debug msg="deployment tx 70 confirmed in block #22. deployed at: 0x13D926B8d41603BE4D669493154B8eD59b0f16F8, total fee: 18844892 gwei (base: 3)" rpc="localhost:8545" scenario=factorydeploytx
time="2026-06-01T04:55:27Z" level=debug msg="sent deployment tx #   167: 0xf0a0b17cb2f45f0070951ffc4ebec0322ecda950a21ca1c1632ea948e2a7a984" nonce=16 rpc="localhost:8545" scenario=factorydeploytx wallet=7
time="2026-06-01T04:55:27Z" level=debug msg="sent deployment tx #   168: 0x10d7a5be41c68f2af96ccc65f7f39cf3ecfb3aff5738d9313b7f321aab2bb2b2" nonce=16 rpc="localhost:8545" scenario=factorydeploytx wallet=8
time="2026-06-01T04:55:27Z" level=debug msg="sent deployment tx #   169: 0x421a9346163db2b9726a9a96f71fef80f1c9b13dea8077e08fe851762889ede6" nonce=16 rpc="localhost:8545" scenario=factorydeploytx wallet=9
time="2026-06-01T04:55:27Z" level=debug msg="sent deployment tx #   170: 0x7d5fff5db1afbe296c69c4a16f2e077e131d2b16631682fe622412f0ebab64e7" nonce=16 rpc="localhost:8545" scenario=factorydeploytx wallet=10
time="2026-06-01T04:55:28Z" level=debug msg="sent deployment tx #   171: 0x2c3e78c3d22fc9684c655582d7b94de862c1954969f4009e28d10dc66fcf6b4f" nonce=17 rpc="localhost:8545" scenario=factorydeploytx wallet=1
time="2026-06-01T04:55:30Z" level=info msg="processed block 23:  5 total tx, 5 tx confirmed from 5 wallets (1.125185ms, 398.637µs)"
time="2026-06-01T04:55:30Z" level=info msg="block 23: submitted=5, pending=95, confirmed=5, throughput: 5B=5.00 tx/B, 20B=4.22 tx/B, 60B=4.22 tx/B" scenario=factorydeploytx wallets=5
time="2026-06-01T04:55:30Z" level=debug msg="deployment tx 72 confirmed in block #23. deployed at: 0xc8CAdDDfB7E50D01efebba8d1bCf2923E974484F, total fee: 19648997 gwei (base: 3)" rpc="localhost:8545" scenario=factorydeploytx
time="2026-06-01T04:55:30Z" level=debug msg="deployment tx 73 confirmed in block #23. deployed at: 0x55620Fb5D67AB3C9ACee28EFC2aa4656C6C635EF, total fee: 19648997 gwei (base: 3)" rpc="localhost:8545" scenario=factorydeploytx
time="2026-06-01T04:55:30Z" level=debug msg="deployment tx 75 confirmed in block #23. deployed at: 0xe63A5360Ba174F1f962F8dd98CcD71cC3e5A0849, total fee: 19648997 gwei (base: 3)" rpc="localhost:8545" scenario=factorydeploytx
time="2026-06-01T04:55:30Z" level=debug msg="deployment tx 74 confirmed in block #23. deployed at: 0x1e71EA02fc561aC70BcA9527D8Ee797E79E9e645, total fee: 19648997 gwei (base: 3)" rpc="localhost:8545" scenario=factorydeploytx
time="2026-06-01T04:55:30Z" level=debug msg="deployment tx 76 confirmed in block #23. deployed at: 0x0E43F03424798E066fD292A321a7807af96420bD, total fee: 19648997 gwei (base: 3)" rpc="localhost:8545" scenario=factorydeploytx
time="2026-06-01T04:55:30Z" level=debug msg="sent deployment tx #   173: 0x6e9727ac4b205326b33c307ea8c28c9a0e12fdcb469d17b407e5362715352852" nonce=17 rpc="localhost:8545" scenario=factorydeploytx wallet=3
time="2026-06-01T04:55:30Z" level=debug msg="sent deployment tx #   172: 0x382b54f730f6658b37e198c7b81d605de291bb1f62137b14eba620ed1cc49fbd" nonce=17 rpc="localhost:8545" scenario=factorydeploytx wallet=2
time="2026-06-01T04:55:30Z" level=debug msg="sent deployment tx #   174: 0x6cb79f5672ee9b228b1d427081823c404ef4b0bbd72c30dd414be996cb6bc751" nonce=17 rpc="localhost:8545" scenario=factorydeploytx wallet=4
time="2026-06-01T04:55:30Z" level=debug msg="sent deployment tx #   175: 0x20625d1b10a8f51dd35679e42565d6e3d1be37a01125c967c0fc26c7a1d9739d" nonce=17 rpc="localhost:8545" scenario=factorydeploytx wallet=5
time="2026-06-01T04:55:31Z" level=debug msg="sent deployment tx #   176: 0x60a676d14792a5bf86401c9d3324613cf1b404e708ad43e0481991832a3ba9c4" nonce=17 rpc="localhost:8545" scenario=factorydeploytx wallet=6
time="2026-06-01T04:55:36Z" level=debug msg="deployment tx 77 confirmed in block #24. deployed at: 0xe570D467dF7843AD6e774018b984e6D754409af6, total fee: 20539237 gwei (base: 3)" rpc="localhost:8545" scenario=factorydeploytx
time="2026-06-01T04:55:36Z" level=debug msg="deployment tx 79 confirmed in block #24. deployed at: 0xC8ae69a18449AD1e3b9C15b42c4d7a9e70377423, total fee: 20539237 gwei (base: 3)" rpc="localhost:8545" scenario=factorydeploytx
time="2026-06-01T04:55:36Z" level=debug msg="deployment tx 80 confirmed in block #24. deployed at: 0x4e006F125cd634C101D6953938f3209233bEA2B6, total fee: 20539237 gwei (base: 3)" rpc="localhost:8545" scenario=factorydeploytx
time="2026-06-01T04:55:36Z" level=debug msg="deployment tx 78 confirmed in block #24. deployed at: 0xA808de78FBE09fD0bD22F38D4D92B6c444F2f9c4, total fee: 20539237 gwei (base: 3)" rpc="localhost:8545" scenario=factorydeploytx
time="2026-06-01T04:55:36Z" level=info msg="processed block 24:  5 total tx, 5 tx confirmed from 5 wallets (1.317517ms, 408.421µs)"
time="2026-06-01T04:55:36Z" level=info msg="block 24: submitted=5, pending=97, confirmed=5, throughput: 5B=5.00 tx/B, 20B=4.26 tx/B, 60B=4.26 tx/B" scenario=factorydeploytx wallets=5
time="2026-06-01T04:55:36Z" level=debug msg="deployment tx 81 confirmed in block #24. deployed at: 0x518F4d0b079Fec141C03606AD970Bb0213272737, total fee: 20539237 gwei (base: 3)" rpc="localhost:8545" scenario=factorydeploytx
time="2026-06-01T04:55:36Z" level=debug msg="sent deployment tx #   178: 0xf06c356f4752debc8be245644d92091b5150ebb6252c0be394e59e0dc71fe43f" nonce=17 rpc="localhost:8545" scenario=factorydeploytx wallet=8
time="2026-06-01T04:55:36Z" level=debug msg="sent deployment tx #   177: 0xc641addd21736d3d726e54680dfcd4eaeac59757feedc56e8c5fb9883af15538" nonce=17 rpc="localhost:8545" scenario=factorydeploytx wallet=7
time="2026-06-01T04:55:36Z" level=debug msg="sent deployment tx #   179: 0x940b635039225fca6362c6dcd4f3dff12be7b3e73491e59bc43f02ca930a81d2" nonce=17 rpc="localhost:8545" scenario=factorydeploytx wallet=9
time="2026-06-01T04:55:36Z" level=debug msg="sent deployment tx #   180: 0x914af6b72975da94ca420427f6c090f9df682cb40f5f776ef5b2afbe590e1606" nonce=17 rpc="localhost:8545" scenario=factorydeploytx wallet=10
time="2026-06-01T04:55:37Z" level=debug msg="sent deployment tx #   181: 0x231e4476f03ba46d296443a21f13bd5135b5c1c13eca9ef6dd2b29208ff7229f" nonce=18 rpc="localhost:8545" scenario=factorydeploytx wallet=1
time="2026-06-01T04:55:39Z" level=debug msg="deployment tx 82 confirmed in block #25. deployed at: 0xd9e4719d516D7a5cC6A014Ea0A675172Ad4467e9, total fee: 21524632 gwei (base: 3)" rpc="localhost:8545" scenario=factorydeploytx
time="2026-06-01T04:55:39Z" level=debug msg="deployment tx 83 confirmed in block #25. deployed at: 0xF2Ec7da7673121E1e95f54F44648e226329d416E, total fee: 21524632 gwei (base: 3)" rpc="localhost:8545" scenario=factorydeploytx
time="2026-06-01T04:55:39Z" level=debug msg="deployment tx 84 confirmed in block #25. deployed at: 0x8659744f5Bb9CB2255A4F694363ebf78218a70d5, total fee: 21524632 gwei (base: 3)" rpc="localhost:8545" scenario=factorydeploytx
time="2026-06-01T04:55:39Z" level=debug msg="deployment tx 85 confirmed in block #25. deployed at: 0x01EA3af882e20403e13b0e9F803024bFfDe20605, total fee: 21524632 gwei (base: 3)" rpc="localhost:8545" scenario=factorydeploytx
time="2026-06-01T04:55:39Z" level=info msg="processed block 25:  5 total tx, 5 tx confirmed from 5 wallets (1.128999ms, 449.416µs)"
time="2026-06-01T04:55:39Z" level=info msg="block 25: submitted=5, pending=97, confirmed=5, throughput: 5B=5.00 tx/B, 20B=4.30 tx/B, 60B=4.30 tx/B" scenario=factorydeploytx wallets=5
time="2026-06-01T04:55:39Z" level=debug msg="deployment tx 86 confirmed in block #25. deployed at: 0xFB6bd80C9b903B1aF55d1521e704f36C0675008A, total fee: 21524632 gwei (base: 3)" rpc="localhost:8545" scenario=factorydeploytx
time="2026-06-01T04:55:39Z" level=debug msg="sent deployment tx #   182: 0x45a2e1833c510c3265aa808494e87c663417b50069a9bb4d17f94c076c541b1d" nonce=18 rpc="localhost:8545" scenario=factorydeploytx wallet=2
time="2026-06-01T04:55:39Z" level=debug msg="sent deployment tx #   183: 0x1b6805305c38f10cd27f830aedd67af48b49684a340df0f2f35aee3a3ecda987" nonce=18 rpc="localhost:8545" scenario=factorydeploytx wallet=3
time="2026-06-01T04:55:39Z" level=debug msg="sent deployment tx #   184: 0xc34e3aff62d80e4a6a09272ba755b221e96149cb6baedb30693fcc146d8f880a" nonce=18 rpc="localhost:8545" scenario=factorydeploytx wallet=4
time="2026-06-01T04:55:39Z" level=debug msg="sent deployment tx #   185: 0xf9b31d018c4d9714701aa848ebc746f22b4784f6f11613d741211e871ffd26f4" nonce=18 rpc="localhost:8545" scenario=factorydeploytx wallet=5
time="2026-06-01T04:55:40Z" level=debug msg="sent deployment tx #   186: 0x84819962818c2540664fea35aa317dcbdaa88cb3a012d4dc00d40f88cd2d4ca0" nonce=18 rpc="localhost:8545" scenario=factorydeploytx wallet=6
time="2026-06-01T04:55:42Z" level=debug msg="deployment tx 87 confirmed in block #26. deployed at: 0x395b346DA76c4D5F043C1FCDB9d89f959B6Bf8A7, total fee: 22615126 gwei (base: 3)" rpc="localhost:8545" scenario=factorydeploytx
time="2026-06-01T04:55:42Z" level=debug msg="deployment tx 88 confirmed in block #26. deployed at: 0x66eacF205b9183983219Fc97C5893348876F3E04, total fee: 22615126 gwei (base: 3)" rpc="localhost:8545" scenario=factorydeploytx
time="2026-06-01T04:55:42Z" level=debug msg="deployment tx 89 confirmed in block #26. deployed at: 0x97742A090Ed70d9E0e4291c2ED145d1A414fCd45, total fee: 22615126 gwei (base: 3)" rpc="localhost:8545" scenario=factorydeploytx
time="2026-06-01T04:55:42Z" level=info msg="processed block 26:  5 total tx, 5 tx confirmed from 5 wallets (1.343474ms, 474.193µs)"
time="2026-06-01T04:55:42Z" level=info msg="block 26: submitted=5, pending=97, confirmed=5, throughput: 5B=5.00 tx/B, 20B=4.55 tx/B, 60B=4.33 tx/B" scenario=factorydeploytx wallets=5
time="2026-06-01T04:55:42Z" level=debug msg="deployment tx 91 confirmed in block #26. deployed at: 0x189A8cCfA9DfBB202E7921e4e05c06a8B90C7ED9, total fee: 22615126 gwei (base: 3)" rpc="localhost:8545" scenario=factorydeploytx
time="2026-06-01T04:55:42Z" level=debug msg="deployment tx 90 confirmed in block #26. deployed at: 0x33B55C681973B1d874f6cFbcdE4F7fF6C4Cdb2C8, total fee: 22615126 gwei (base: 3)" rpc="localhost:8545" scenario=factorydeploytx
time="2026-06-01T04:55:42Z" level=debug msg="sent deployment tx #   188: 0x70c4a2e61a4709c568c7677b0d66be89745ac54ef5e2533154f5e90f99903959" nonce=18 rpc="localhost:8545" scenario=factorydeploytx wallet=8
time="2026-06-01T04:55:42Z" level=debug msg="sent deployment tx #   187: 0x7e9437747f1b7e9c4222f00b29b9fc9a4883780f6f1e858478bdd70c5d8c75ac" nonce=18 rpc="localhost:8545" scenario=factorydeploytx wallet=7
time="2026-06-01T04:55:42Z" level=debug msg="sent deployment tx #   189: 0xe87e794574a8249c610489c88dde18fd2907cfe44e0879f51e6fc8baa6ed1608" nonce=18 rpc="localhost:8545" scenario=factorydeploytx wallet=9
time="2026-06-01T04:55:42Z" level=debug msg="sent deployment tx #   190: 0x672f9f0b906790b26b187267e3472876f3c9d12f1a80aa9215a18142e0096186" nonce=18 rpc="localhost:8545" scenario=factorydeploytx wallet=10
time="2026-06-01T04:55:43Z" level=debug msg="sent deployment tx #   191: 0x0bdd1ac29b9a06fbf98f6693a150e97f875a763f3efed8176a5d923458220c00" nonce=19 rpc="localhost:8545" scenario=factorydeploytx wallet=1
time="2026-06-01T04:55:45Z" level=debug msg="deployment tx 92 confirmed in block #27. deployed at: 0x8EDaef261628AC25498adFd21cA47ec553955B31, total fee: 23821676 gwei (base: 4)" rpc="localhost:8545" scenario=factorydeploytx
time="2026-06-01T04:55:45Z" level=debug msg="deployment tx 93 confirmed in block #27. deployed at: 0x50b76a79Fc404d550cF2862a7C61Fd76eC34A540, total fee: 23821676 gwei (base: 4)" rpc="localhost:8545" scenario=factorydeploytx
time="2026-06-01T04:55:45Z" level=debug msg="deployment tx 94 confirmed in block #27. deployed at: 0xF4b50672aCd055334d759fAe83BcB90CCF7C8Cb8, total fee: 23821676 gwei (base: 4)" rpc="localhost:8545" scenario=factorydeploytx
time="2026-06-01T04:55:45Z" level=debug msg="deployment tx 95 confirmed in block #27. deployed at: 0xED30dce05a7FA4D315827A224cf29dC14E814803, total fee: 23821676 gwei (base: 4)" rpc="localhost:8545" scenario=factorydeploytx
time="2026-06-01T04:55:45Z" level=info msg="processed block 27:  5 total tx, 5 tx confirmed from 5 wallets (1.258519ms, 566.488µs)"
time="2026-06-01T04:55:45Z" level=info msg="block 27: submitted=5, pending=97, confirmed=5, throughput: 5B=5.00 tx/B, 20B=4.75 tx/B, 60B=4.36 tx/B" scenario=factorydeploytx wallets=5
time="2026-06-01T04:55:45Z" level=debug msg="deployment tx 96 confirmed in block #27. deployed at: 0x9F3915a64f0C3b0fA6f87bBb81F5240c278A241b, total fee: 23821676 gwei (base: 4)" rpc="localhost:8545" scenario=factorydeploytx
time="2026-06-01T04:55:45Z" level=debug msg="sent deployment tx #   193: 0xb1051d3d6b973b901718dcfde565a434ec51ac50c426d4224a0d65f71ea8c6da" nonce=19 rpc="localhost:8545" scenario=factorydeploytx wallet=3
time="2026-06-01T04:55:45Z" level=debug msg="sent deployment tx #   192: 0x9b6275c278ccbb1633705a20e8a00d330ddf3c976b78ea3786bc16c24034b181" nonce=19 rpc="localhost:8545" scenario=factorydeploytx wallet=2
time="2026-06-01T04:55:45Z" level=debug msg="sent deployment tx #   194: 0xd71c6bc6599097925b755416230bb5e4ab8ec6115cc48a91bda51c1a935e294d" nonce=19 rpc="localhost:8545" scenario=factorydeploytx wallet=4
time="2026-06-01T04:55:45Z" level=debug msg="sent deployment tx #   195: 0x9e55f59092334be4c00952215cfba88c210000a3ae095b7f55da437bcadec2e1" nonce=19 rpc="localhost:8545" scenario=factorydeploytx wallet=5
time="2026-06-01T04:55:46Z" level=debug msg="sent deployment tx #   196: 0xec786898d849e775e9dffb4b211fbe35b7d75a3afa7b3612c05d37002015cc7a" nonce=19 rpc="localhost:8545" scenario=factorydeploytx wallet=6
time="2026-06-01T04:55:48Z" level=debug msg="deployment tx 97 confirmed in block #28. deployed at: 0x9a85598342Bd6966bfFEC8F3757f11f6401edc8f, total fee: 25156357 gwei (base: 4)" rpc="localhost:8545" scenario=factorydeploytx
time="2026-06-01T04:55:48Z" level=debug msg="deployment tx 98 confirmed in block #28. deployed at: 0x23c7075850fe323087193Ef4bbB3A29fbd09b0e1, total fee: 25156357 gwei (base: 4)" rpc="localhost:8545" scenario=factorydeploytx
time="2026-06-01T04:55:48Z" level=debug msg="deployment tx 100 confirmed in block #28. deployed at: 0x5B200041C9F600aAC0c0d55eE2637b014E61da66, total fee: 25156357 gwei (base: 4)" rpc="localhost:8545" scenario=factorydeploytx
time="2026-06-01T04:55:48Z" level=debug msg="deployment tx 99 confirmed in block #28. deployed at: 0x8d05E654266d7436607e8F5e677fB046ea307b00, total fee: 25156357 gwei (base: 4)" rpc="localhost:8545" scenario=factorydeploytx
time="2026-06-01T04:55:48Z" level=info msg="processed block 28:  5 total tx, 5 tx confirmed from 5 wallets (1.307455ms, 424.906µs)"
time="2026-06-01T04:55:48Z" level=debug msg="deployment tx 101 confirmed in block #28. deployed at: 0x55aB285c161744d8777677Fb0C53fD29662edf34, total fee: 25156357 gwei (base: 4)" rpc="localhost:8545" scenario=factorydeploytx
time="2026-06-01T04:55:48Z" level=info msg="block 28: submitted=5, pending=97, confirmed=5, throughput: 5B=5.00 tx/B, 20B=4.85 tx/B, 60B=4.39 tx/B" scenario=factorydeploytx wallets=5
time="2026-06-01T04:55:48Z" level=debug msg="sent deployment tx #   197: 0x153a274c59492d25bee01ee6c44311ab1578fe34bc2d21a19140ac58877b2d6d" nonce=19 rpc="localhost:8545" scenario=factorydeploytx wallet=7
time="2026-06-01T04:55:48Z" level=debug msg="sent deployment tx #   198: 0x23812adfe231a9c7093fab65de66cb9ee6777063136023735f045ae6ab890589" nonce=19 rpc="localhost:8545" scenario=factorydeploytx wallet=8
time="2026-06-01T04:55:48Z" level=debug msg="sent deployment tx #   199: 0x4b008a9621081af7228097454eabfc69f0d9d97e784aa23bbfb5e713fffa67d8" nonce=19 rpc="localhost:8545" scenario=factorydeploytx wallet=9
time="2026-06-01T04:55:48Z" level=debug msg="sent deployment tx #   200: 0x7e4ed76d69858fc28aacbc7e5a78c5123790b9b551df2a7f30fa74b69f435caa" nonce=19 rpc="localhost:8545" scenario=factorydeploytx wallet=10
time="2026-06-01T04:55:49Z" level=debug msg="sent deployment tx #   201: 0xb22d02f041f9c080b5c27d81a388c348e8c33af763a904e4638a27996847de29" nonce=20 rpc="localhost:8545" scenario=factorydeploytx wallet=1
time="2026-06-01T04:55:51Z" level=debug msg="deployment tx 102 confirmed in block #29. deployed at: 0x657fD5581465dfF32B8ceD7BF35b56508ca7f0Ab, total fee: 26632468 gwei (base: 4)" rpc="localhost:8545" scenario=factorydeploytx
time="2026-06-01T04:55:51Z" level=debug msg="deployment tx 104 confirmed in block #29. deployed at: 0x875be1FD1bc4FC753fFCC27BF258527c13383f8C, total fee: 26632468 gwei (base: 4)" rpc="localhost:8545" scenario=factorydeploytx
time="2026-06-01T04:55:51Z" level=debug msg="deployment tx 103 confirmed in block #29. deployed at: 0xe98C6220C8E70861AC926fB47836BdeAfE860756, total fee: 26632468 gwei (base: 4)" rpc="localhost:8545" scenario=factorydeploytx
time="2026-06-01T04:55:51Z" level=debug msg="deployment tx 105 confirmed in block #29. deployed at: 0xF8782Ba28b76C84c948ae8ea552109448F74E1f7, total fee: 26632468 gwei (base: 4)" rpc="localhost:8545" scenario=factorydeploytx
time="2026-06-01T04:55:51Z" level=info msg="processed block 29:  5 total tx, 5 tx confirmed from 5 wallets (1.139349ms, 422.017µs)"
time="2026-06-01T04:55:51Z" level=info msg="block 29: submitted=5, pending=97, confirmed=5, throughput: 5B=5.00 tx/B, 20B=4.85 tx/B, 60B=4.42 tx/B" scenario=factorydeploytx wallets=5
time="2026-06-01T04:55:51Z" level=debug msg="deployment tx 106 confirmed in block #29. deployed at: 0xe0440FF04c9a603DDcC16Bd3dEAef71907eAf23a, total fee: 26632468 gwei (base: 4)" rpc="localhost:8545" scenario=factorydeploytx
time="2026-06-01T04:55:51Z" level=debug msg="sent deployment tx #   202: 0x14c5ad8ce6797d4217408d195c25d38f0e0222b2085c59656eea424aba833cb5" nonce=20 rpc="localhost:8545" scenario=factorydeploytx wallet=2
time="2026-06-01T04:55:51Z" level=debug msg="sent deployment tx #   203: 0x84f1f19619ac9721599ab2c3286557c66b6a3f5e131dd36f62bd214a6ab9d2da" nonce=20 rpc="localhost:8545" scenario=factorydeploytx wallet=3
time="2026-06-01T04:55:51Z" level=debug msg="sent deployment tx #   204: 0x423126fcca51fdc53c2b2b4cdaf88ef8c6512564ab9403d51ce9714d7bf1d56c" nonce=20 rpc="localhost:8545" scenario=factorydeploytx wallet=4
time="2026-06-01T04:55:51Z" level=debug msg="sent deployment tx #   205: 0xa048fb2aea0cd9586a7fae0968aed4eae96ab61746aaf7610000b3cccc2f6ae7" nonce=20 rpc="localhost:8545" scenario=factorydeploytx wallet=5
time="2026-06-01T04:55:52Z" level=debug msg="sent deployment tx #   206: 0xaace3b5a7b143e90d9f88a1f4fda306772ab8bb2f4d54ffe7819118fb68ecfb8" nonce=20 rpc="localhost:8545" scenario=factorydeploytx wallet=6
time="2026-06-01T04:55:54Z" level=debug msg="deployment tx 107 confirmed in block #30. deployed at: 0x176B4015479A1ECe7B95eAc19bef6DB43EB43B10, total fee: 28264658 gwei (base: 4)" rpc="localhost:8545" scenario=factorydeploytx
time="2026-06-01T04:55:54Z" level=debug msg="deployment tx 108 confirmed in block #30. deployed at: 0x812c69b037b9A2ff5aAd363C6cd7f49BACBE8d92, total fee: 28264658 gwei (base: 4)" rpc="localhost:8545" scenario=factorydeploytx
time="2026-06-01T04:55:54Z" level=debug msg="deployment tx 109 confirmed in block #30. deployed at: 0x241AABFa1F688eB6311c3B03Ff1212bBBF78119D, total fee: 28264658 gwei (base: 4)" rpc="localhost:8545" scenario=factorydeploytx
time="2026-06-01T04:55:54Z" level=debug msg="deployment tx 110 confirmed in block #30. deployed at: 0x05daeBCE772565Becdbe22A6074d0325Cb738b51, total fee: 28264658 gwei (base: 4)" rpc="localhost:8545" scenario=factorydeploytx
time="2026-06-01T04:55:54Z" level=info msg="processed block 30:  5 total tx, 5 tx confirmed from 5 wallets (1.132127ms, 547.545µs)"
time="2026-06-01T04:55:54Z" level=info msg="block 30: submitted=5, pending=97, confirmed=5, throughput: 5B=5.00 tx/B, 20B=4.90 tx/B, 60B=4.44 tx/B" scenario=factorydeploytx wallets=5
time="2026-06-01T04:55:54Z" level=debug msg="deployment tx 111 confirmed in block #30. deployed at: 0x9483F0c3128d0B7bCcbB0D4F45645bD029862864, total fee: 28264658 gwei (base: 4)" rpc="localhost:8545" scenario=factorydeploytx
time="2026-06-01T04:55:54Z" level=debug msg="sent deployment tx #   208: 0xdfb3083db785355e359fd56c94fb5847b3dff60c7f78f711db72ec8d300da70e" nonce=20 rpc="localhost:8545" scenario=factorydeploytx wallet=8
time="2026-06-01T04:55:54Z" level=debug msg="sent deployment tx #   207: 0xcc7a02bdeb8a1ca633b470b97e13cc64f6dbdd7a7a5d273401662273754ed237" nonce=20 rpc="localhost:8545" scenario=factorydeploytx wallet=7
time="2026-06-01T04:55:54Z" level=debug msg="sent deployment tx #   209: 0xa6e2f81ce27230e090d4759b54f27ef6d20a4ae592cc0131c9e35cd2cfb9c74d" nonce=20 rpc="localhost:8545" scenario=factorydeploytx wallet=9
time="2026-06-01T04:55:54Z" level=debug msg="sent deployment tx #   210: 0x9aec538772a51758097e43a5df15afb7dbce66fbca3158e02f1c6767be7656fa" nonce=20 rpc="localhost:8545" scenario=factorydeploytx wallet=10
time="2026-06-01T04:55:55Z" level=debug msg="sent deployment tx #   211: 0xc7e009bfa02465a2dd02b3244dbd8f9afb708732e43b3a9e05ab281708c4195e" nonce=21 rpc="localhost:8545" scenario=factorydeploytx wallet=1
time="2026-06-01T04:56:00Z" level=info msg="processed block 31:  5 total tx, 5 tx confirmed from 5 wallets (1.753763ms, 576.389µs)"
time="2026-06-01T04:56:00Z" level=info msg="block 31: submitted=5, pending=95, confirmed=5, throughput: 5B=5.00 tx/B, 20B=4.90 tx/B, 60B=4.46 tx/B" scenario=factorydeploytx wallets=5
time="2026-06-01T04:56:00Z" level=debug msg="deployment tx 112 confirmed in block #31. deployed at: 0xD63Bf9eb49824948D6CfE1C6cD942357379b6755, total fee: 30069055 gwei (base: 5)" rpc="localhost:8545" scenario=factorydeploytx
time="2026-06-01T04:56:00Z" level=debug msg="deployment tx 113 confirmed in block #31. deployed at: 0x8336a61C20b92256c6f79A1363C364C368DedB0C, total fee: 30069055 gwei (base: 5)" rpc="localhost:8545" scenario=factorydeploytx
time="2026-06-01T04:56:00Z" level=debug msg="deployment tx 114 confirmed in block #31. deployed at: 0x7847066e9995C0a9c0a2c9c1AF149b59dB7cDD52, total fee: 30069055 gwei (base: 5)" rpc="localhost:8545" scenario=factorydeploytx
time="2026-06-01T04:56:00Z" level=debug msg="deployment tx 115 confirmed in block #31. deployed at: 0x5c261B7Cf712df8267D6F76A3C95A89089061337, total fee: 30069055 gwei (base: 5)" rpc="localhost:8545" scenario=factorydeploytx
time="2026-06-01T04:56:00Z" level=debug msg="deployment tx 116 confirmed in block #31. deployed at: 0x91e324638C0b9F85cDc52cE84cd16096F2FEC2e3, total fee: 30069055 gwei (base: 5)" rpc="localhost:8545" scenario=factorydeploytx
time="2026-06-01T04:56:00Z" level=debug msg="sent deployment tx #   213: 0x68541cf8aaa6a5491db8b1f9dacb78cadba6ea6a9cdbd9963ef10d2265cd1856" nonce=21 rpc="localhost:8545" scenario=factorydeploytx wallet=3
time="2026-06-01T04:56:00Z" level=debug msg="sent deployment tx #   212: 0xb57898c9051919f1f60a93f8a26d203d20448c0c65e795ad29b38bdbe7832e02" nonce=21 rpc="localhost:8545" scenario=factorydeploytx wallet=2
time="2026-06-01T04:56:00Z" level=debug msg="sent deployment tx #   214: 0xc074cf216998245bff147f98b4bb9e973758dc55b2640ec25cec9643c95845ec" nonce=21 rpc="localhost:8545" scenario=factorydeploytx wallet=4
time="2026-06-01T04:56:00Z" level=debug msg="sent deployment tx #   215: 0x218aed1205c76ce1c968af47c9db98ca4cf1eb73713765482925bc814ccca006" nonce=21 rpc="localhost:8545" scenario=factorydeploytx wallet=5
time="2026-06-01T04:56:01Z" level=debug msg="sent deployment tx #   216: 0xcb687e85401140adeaa73ce748b1298c7bff2c8977986f74f73ef28128e7a585" nonce=21 rpc="localhost:8545" scenario=factorydeploytx wallet=6
time="2026-06-01T04:56:03Z" level=debug msg="deployment tx 117 confirmed in block #32. deployed at: 0x3A049E208191E5bDb3bd1efb1570F700619b6452, total fee: 32063413 gwei (base: 5)" rpc="localhost:8545" scenario=factorydeploytx
time="2026-06-01T04:56:03Z" level=debug msg="deployment tx 118 confirmed in block #32. deployed at: 0xF642cB561Dc0F4625A084e39E003AA541d26e7ee, total fee: 32063413 gwei (base: 5)" rpc="localhost:8545" scenario=factorydeploytx
time="2026-06-01T04:56:03Z" level=debug msg="deployment tx 119 confirmed in block #32. deployed at: 0x2ED6A7823034EcCFDC4EBD9F6c7E781B97fB169c, total fee: 32063413 gwei (base: 5)" rpc="localhost:8545" scenario=factorydeploytx
time="2026-06-01T04:56:03Z" level=debug msg="deployment tx 120 confirmed in block #32. deployed at: 0x005447141653f5B721EC03DA4Ec73d0974796E8F, total fee: 32063413 gwei (base: 5)" rpc="localhost:8545" scenario=factorydeploytx
time="2026-06-01T04:56:03Z" level=info msg="processed block 32:  5 total tx, 5 tx confirmed from 5 wallets (1.155047ms, 411.97µs)"
time="2026-06-01T04:56:03Z" level=info msg="block 32: submitted=5, pending=97, confirmed=5, throughput: 5B=5.00 tx/B, 20B=4.95 tx/B, 60B=4.48 tx/B" scenario=factorydeploytx wallets=5
time="2026-06-01T04:56:03Z" level=debug msg="deployment tx 121 confirmed in block #32. deployed at: 0x4A1D1b5ef055F1491881d2ef874CB359E275A595, total fee: 32063413 gwei (base: 5)" rpc="localhost:8545" scenario=factorydeploytx
time="2026-06-01T04:56:03Z" level=debug msg="sent deployment tx #   217: 0x5e1a2e9ca8786ed2ed4a8659b3ed11373b096e08f52c9d600c141d936efd33e9" nonce=21 rpc="localhost:8545" scenario=factorydeploytx wallet=7
time="2026-06-01T04:56:03Z" level=debug msg="sent deployment tx #   218: 0x9f5e02f979d6f41f52b9c5d4033b9f2af84ab7b89fbed5bf7f6e773a2849c67c" nonce=21 rpc="localhost:8545" scenario=factorydeploytx wallet=8
time="2026-06-01T04:56:03Z" level=debug msg="sent deployment tx #   219: 0xd390812d717612947eb1638175ae56f62944cd01622526f9744d7c7b0c1f105c" nonce=21 rpc="localhost:8545" scenario=factorydeploytx wallet=9
time="2026-06-01T04:56:03Z" level=debug msg="sent deployment tx #   220: 0xb0f157fc0cae55bc6c115d97dd683fbb8a74387d830b23709fd8295570771496" nonce=21 rpc="localhost:8545" scenario=factorydeploytx wallet=10
time="2026-06-01T04:56:04Z" level=debug msg="sent deployment tx #   221: 0x6bf0836934c61bf088838f52a0bb4e4f31b7e37eccbf361dbbd1500cea535e1f" nonce=22 rpc="localhost:8545" scenario=factorydeploytx wallet=1
time="2026-06-01T04:56:06Z" level=debug msg="deployment tx 122 confirmed in block #33. deployed at: 0xaB1F57916BD0120D858c4870E52a7a6744701eDD, total fee: 34267276 gwei (base: 5)" rpc="localhost:8545" scenario=factorydeploytx
time="2026-06-01T04:56:06Z" level=debug msg="deployment tx 123 confirmed in block #33. deployed at: 0xd0EEf947918f1aa7b98AD26B009ac7C8B63bB30F, total fee: 34267276 gwei (base: 5)" rpc="localhost:8545" scenario=factorydeploytx
time="2026-06-01T04:56:06Z" level=debug msg="deployment tx 124 confirmed in block #33. deployed at: 0xf7FCFb634a2Baff9C2c0bbEEbf9Bf4D5a19fD5fB, total fee: 34267276 gwei (base: 5)" rpc="localhost:8545" scenario=factorydeploytx
time="2026-06-01T04:56:06Z" level=debug msg="deployment tx 125 confirmed in block #33. deployed at: 0x9607883560aB8A574661D11a92e2969bd3ad8ECA, total fee: 34267276 gwei (base: 5)" rpc="localhost:8545" scenario=factorydeploytx
time="2026-06-01T04:56:06Z" level=info msg="processed block 33:  5 total tx, 5 tx confirmed from 5 wallets (1.442102ms, 593.436µs)"
time="2026-06-01T04:56:06Z" level=info msg="block 33: submitted=5, pending=97, confirmed=5, throughput: 5B=5.00 tx/B, 20B=4.95 tx/B, 60B=4.50 tx/B" scenario=factorydeploytx wallets=5
time="2026-06-01T04:56:06Z" level=debug msg="deployment tx 126 confirmed in block #33. deployed at: 0x39669426993a6E65f8a2210251F6aAEfB520EB1e, total fee: 34267276 gwei (base: 5)" rpc="localhost:8545" scenario=factorydeploytx
time="2026-06-01T04:56:06Z" level=debug msg="sent deployment tx #   223: 0xa7b113431c5f69e6c5a378099b6185d5e1c792329a966777e76d2128cb864a96" nonce=22 rpc="localhost:8545" scenario=factorydeploytx wallet=3
time="2026-06-01T04:56:06Z" level=debug msg="sent deployment tx #   222: 0xae0495126530eb1efd18c340db941cd12669a153703cb177a3c2a400412144bc" nonce=22 rpc="localhost:8545" scenario=factorydeploytx wallet=2
time="2026-06-01T04:56:06Z" level=debug msg="sent deployment tx #   224: 0x75462499bd5e1a89d7fac63d647d0acca2429bfb2590d3aed38fdf6fb6b7ffe5" nonce=22 rpc="localhost:8545" scenario=factorydeploytx wallet=4
time="2026-06-01T04:56:06Z" level=debug msg="sent deployment tx #   225: 0x89a8e98d5af63e47f6edc96fd1269cd306964619b7d4bab0cca1783c77b114e0" nonce=22 rpc="localhost:8545" scenario=factorydeploytx wallet=5
time="2026-06-01T04:56:07Z" level=debug msg="sent deployment tx #   226: 0xccb0244015a2a8d97528c5355af9eb8b76d17bb7b8c85908cfbe4da204bc078d" nonce=22 rpc="localhost:8545" scenario=factorydeploytx wallet=6
time="2026-06-01T04:56:09Z" level=debug msg="deployment tx 127 confirmed in block #34. deployed at: 0x039C63AdBdf8103C957cE2bffc323B666Cbf3c88, total fee: 36702145 gwei (base: 6)" rpc="localhost:8545" scenario=factorydeploytx
time="2026-06-01T04:56:09Z" level=debug msg="deployment tx 128 confirmed in block #34. deployed at: 0xe700fAA4f3b28cf02d04158541ac891f7950Ef8b, total fee: 36702145 gwei (base: 6)" rpc="localhost:8545" scenario=factorydeploytx
time="2026-06-01T04:56:09Z" level=debug msg="deployment tx 129 confirmed in block #34. deployed at: 0xfC621A684f3E53784Dd7280EeA9B418198fA7f0B, total fee: 36702145 gwei (base: 6)" rpc="localhost:8545" scenario=factorydeploytx
time="2026-06-01T04:56:09Z" level=debug msg="deployment tx 130 confirmed in block #34. deployed at: 0x078f22d97D3D7DC1C6Dfb228A35a519b6B7b0613, total fee: 36702145 gwei (base: 6)" rpc="localhost:8545" scenario=factorydeploytx
time="2026-06-01T04:56:09Z" level=info msg="processed block 34:  5 total tx, 5 tx confirmed from 5 wallets (1.325608ms, 644.907µs)"
time="2026-06-01T04:56:09Z" level=info msg="block 34: submitted=5, pending=97, confirmed=5, throughput: 5B=5.00 tx/B, 20B=5.00 tx/B, 60B=4.52 tx/B" scenario=factorydeploytx wallets=5
time="2026-06-01T04:56:09Z" level=debug msg="deployment tx 131 confirmed in block #34. deployed at: 0xC9e48a96D13468e27846A58c53bfe079B6880670, total fee: 36702145 gwei (base: 6)" rpc="localhost:8545" scenario=factorydeploytx
time="2026-06-01T04:56:09Z" level=debug msg="sent deployment tx #   227: 0xf30308900d01003553d667c21af4dc3a4d1e4050b86feed7fa29248b8d64e68f" nonce=22 rpc="localhost:8545" scenario=factorydeploytx wallet=7
time="2026-06-01T04:56:09Z" level=debug msg="sent deployment tx #   228: 0x8fd7cb28e042379bad01c64498c0706cd750f2cae7aa8a41ef4650b277dfcaa8" nonce=22 rpc="localhost:8545" scenario=factorydeploytx wallet=8
time="2026-06-01T04:56:09Z" level=debug msg="sent deployment tx #   229: 0xb952ca45952bffe274c0455f358628ce623bb87e8b9f7d70f7975eb5eaba1c5b" nonce=22 rpc="localhost:8545" scenario=factorydeploytx wallet=9
time="2026-06-01T04:56:09Z" level=debug msg="sent deployment tx #   230: 0x902a3c3ccd9c971e8fb70a6d22499d17f353ffa65ef26c286e1a8e4ed7889bf8" nonce=22 rpc="localhost:8545" scenario=factorydeploytx wallet=10
time="2026-06-01T04:56:10Z" level=debug msg="sent deployment tx #   231: 0x248d59005cd1c72cf2dda5e2a95d77670d895ddfa56f2fbd032c72a304818194" nonce=23 rpc="localhost:8545" scenario=factorydeploytx wallet=1
time="2026-06-01T04:56:12Z" level=info msg="processed block 35:  5 total tx, 5 tx confirmed from 5 wallets (1.944933ms, 414.713µs)"
time="2026-06-01T04:56:12Z" level=info msg="block 35: submitted=5, pending=95, confirmed=5, throughput: 5B=5.00 tx/B, 20B=5.00 tx/B, 60B=4.53 tx/B" scenario=factorydeploytx wallets=5
time="2026-06-01T04:56:12Z" level=debug msg="deployment tx 132 confirmed in block #35. deployed at: 0x4303E8e852687eD3B802C01654d7cEdcc9B1F953, total fee: 39391679 gwei (base: 6)" rpc="localhost:8545" scenario=factorydeploytx
time="2026-06-01T04:56:12Z" level=debug msg="deployment tx 134 confirmed in block #35. deployed at: 0x98bb1B889BEE8ef5f4dC1372945E1c0D73d2cdda, total fee: 39391679 gwei (base: 6)" rpc="localhost:8545" scenario=factorydeploytx
time="2026-06-01T04:56:12Z" level=debug msg="deployment tx 133 confirmed in block #35. deployed at: 0xba9ED49A7649A4624e6e676664b1500f65D136bE, total fee: 39391679 gwei (base: 6)" rpc="localhost:8545" scenario=factorydeploytx
time="2026-06-01T04:56:12Z" level=debug msg="deployment tx 135 confirmed in block #35. deployed at: 0x3d38E54a07c631d4111DE5438C7049e09fAbb4cd, total fee: 39391679 gwei (base: 6)" rpc="localhost:8545" scenario=factorydeploytx
time="2026-06-01T04:56:12Z" level=debug msg="deployment tx 136 confirmed in block #35. deployed at: 0x3c71BFd9BfC205b97A9846d75e3A23A4b1eaa0cB, total fee: 39391679 gwei (base: 6)" rpc="localhost:8545" scenario=factorydeploytx
time="2026-06-01T04:56:12Z" level=debug msg="sent deployment tx #   232: 0x81434a4bbca02c9e2278fed155ae4ae5c63922649c5a28a76caddacc6df534fb" nonce=23 rpc="localhost:8545" scenario=factorydeploytx wallet=2
time="2026-06-01T04:56:12Z" level=debug msg="sent deployment tx #   233: 0x5817577ce5a9eff8e392471b96061bf6b3d18a1ce7348e2e2d52608d33b3a378" nonce=23 rpc="localhost:8545" scenario=factorydeploytx wallet=3
time="2026-06-01T04:56:12Z" level=debug msg="sent deployment tx #   234: 0xf7403ce0bee4163bf48b68fd047b471596fbf4ed4ed4fb95067054b67da60d40" nonce=23 rpc="localhost:8545" scenario=factorydeploytx wallet=4
time="2026-06-01T04:56:12Z" level=debug msg="sent deployment tx #   235: 0xcf29a04f1905799c88d0d5f05a9828666fd6ae0dc2a349786c59dd3ccb36a03e" nonce=23 rpc="localhost:8545" scenario=factorydeploytx wallet=5
time="2026-06-01T04:56:13Z" level=debug msg="sent deployment tx #   236: 0x0e6e54dd58c2d1180f1c3596f562ad9e4ca0e69d58cc7251deabb9e22ba2d588" nonce=23 rpc="localhost:8545" scenario=factorydeploytx wallet=6
time="2026-06-01T04:56:15Z" level=debug msg="deployment tx 137 confirmed in block #36. deployed at: 0x7B56110F5a31DCC96c61FaeAA8efA1d210504BD9, total fee: 42361899 gwei (base: 7)" rpc="localhost:8545" scenario=factorydeploytx
time="2026-06-01T04:56:15Z" level=debug msg="deployment tx 138 confirmed in block #36. deployed at: 0x336B15f7993439dd10582884bC91304EdF91f0Bd, total fee: 42361899 gwei (base: 7)" rpc="localhost:8545" scenario=factorydeploytx
time="2026-06-01T04:56:15Z" level=debug msg="deployment tx 139 confirmed in block #36. deployed at: 0x55f4A2DcecB56af9EA36451c6D41a8115e2E767a, total fee: 42361899 gwei (base: 7)" rpc="localhost:8545" scenario=factorydeploytx
time="2026-06-01T04:56:15Z" level=debug msg="deployment tx 140 confirmed in block #36. deployed at: 0x90cD47960e97893F9f0f20eE56D18BaEDdb1D9D3, total fee: 42361899 gwei (base: 7)" rpc="localhost:8545" scenario=factorydeploytx
time="2026-06-01T04:56:15Z" level=debug msg="deployment tx 141 confirmed in block #36. deployed at: 0xDE380D26E46108088CceA69b29eB416a2054b6D3, total fee: 42361899 gwei (base: 7)" rpc="localhost:8545" scenario=factorydeploytx
time="2026-06-01T04:56:15Z" level=info msg="processed block 36:  5 total tx, 5 tx confirmed from 5 wallets (1.128864ms, 514.267µs)"
time="2026-06-01T04:56:15Z" level=info msg="block 36: submitted=5, pending=97, confirmed=5, throughput: 5B=5.00 tx/B, 20B=5.00 tx/B, 60B=4.55 tx/B" scenario=factorydeploytx wallets=5
time="2026-06-01T04:56:15Z" level=debug msg="sent deployment tx #   237: 0x1fdf4910c05649c796ef7f60d3555b63d5b5ca6748e2f130053456d550241034" nonce=23 rpc="localhost:8545" scenario=factorydeploytx wallet=7
time="2026-06-01T04:56:15Z" level=debug msg="sent deployment tx #   238: 0xc5ae5675d168b1c80d41f3b8c0b33bb0aa48f893f7972398403b694b2bfa7251" nonce=23 rpc="localhost:8545" scenario=factorydeploytx wallet=8
time="2026-06-01T04:56:15Z" level=debug msg="sent deployment tx #   239: 0x76be2d8495f9df79e98e7df75071725f326c0ed123701006c91ff5f9647006c5" nonce=23 rpc="localhost:8545" scenario=factorydeploytx wallet=9
time="2026-06-01T04:56:15Z" level=debug msg="sent deployment tx #   240: 0x43c24e854277e6abccac48600b21793a1eae60c29ec7b22ebd8d62aadcd17a64" nonce=23 rpc="localhost:8545" scenario=factorydeploytx wallet=10
time="2026-06-01T04:56:16Z" level=debug msg="sent deployment tx #   241: 0xd98b60a7b67396a12e08f94475b6fa16d5a8ea5c97e73e9fd1b16695d2d534a6" nonce=24 rpc="localhost:8545" scenario=factorydeploytx wallet=1
time="2026-06-01T04:56:18Z" level=debug msg="deployment tx 142 confirmed in block #37. deployed at: 0xecC51499d48D8f4Ffdbd5375604277809AF9033C, total fee: 45641419 gwei (base: 7)" rpc="localhost:8545" scenario=factorydeploytx
time="2026-06-01T04:56:18Z" level=info msg="processed block 37:  5 total tx, 5 tx confirmed from 5 wallets (1.491099ms, 396.61µs)"
time="2026-06-01T04:56:18Z" level=debug msg="deployment tx 144 confirmed in block #37. deployed at: 0x50977122311a6b12Eb537A5f623c21cc94fbeDaa, total fee: 45641419 gwei (base: 7)" rpc="localhost:8545" scenario=factorydeploytx
time="2026-06-01T04:56:18Z" level=info msg="block 37: submitted=5, pending=96, confirmed=5, throughput: 5B=5.00 tx/B, 20B=5.00 tx/B, 60B=4.56 tx/B" scenario=factorydeploytx wallets=5
time="2026-06-01T04:56:18Z" level=debug msg="deployment tx 146 confirmed in block #37. deployed at: 0x82f6BA06948c64748490912cd5740753b8e650de, total fee: 45641419 gwei (base: 7)" rpc="localhost:8545" scenario=factorydeploytx
time="2026-06-01T04:56:18Z" level=debug msg="deployment tx 145 confirmed in block #37. deployed at: 0x996299c2A63743153249847e7c923667f07871A1, total fee: 45641419 gwei (base: 7)" rpc="localhost:8545" scenario=factorydeploytx
time="2026-06-01T04:56:18Z" level=debug msg="deployment tx 143 confirmed in block #37. deployed at: 0x494CBA6Be5947f2B9CF60A9a1A48D07484bF363a, total fee: 45641419 gwei (base: 7)" rpc="localhost:8545" scenario=factorydeploytx
time="2026-06-01T04:56:18Z" level=debug msg="sent deployment tx #   242: 0x026c2e5311d248418891c8a7e01723358f0eaabeabc77910a4da8072d5ecab0d" nonce=24 rpc="localhost:8545" scenario=factorydeploytx wallet=2
time="2026-06-01T04:56:18Z" level=debug msg="sent deployment tx #   243: 0x9463251cd0734cba7762ebd99feb732ae39f41ab8cc48808b1c4cd3329ab7b65" nonce=24 rpc="localhost:8545" scenario=factorydeploytx wallet=3
time="2026-06-01T04:56:18Z" level=debug msg="sent deployment tx #   244: 0x25c7d94d708c2d423bf5ba6450ee6ff52622414d6d7918be281d29c317ee3b12" nonce=24 rpc="localhost:8545" scenario=factorydeploytx wallet=4
time="2026-06-01T04:56:18Z" level=debug msg="sent deployment tx #   245: 0x66fc9bf8914835285a45af22296377b4d3b05825ad344616fa4ecdbf66d258c4" nonce=24 rpc="localhost:8545" scenario=factorydeploytx wallet=5
time="2026-06-01T04:56:19Z" level=debug msg="sent deployment tx #   246: 0x9113f3dafe8c257a12ae974f9c7c2eec32ad84b100304734fbfeaa74e43ad29c" nonce=24 rpc="localhost:8545" scenario=factorydeploytx wallet=6
time="2026-06-01T04:56:21Z" level=debug msg="deployment tx 147 confirmed in block #38. deployed at: 0xbBBD02ce5B159d9b7619fA2f118CBAdAFfc03D26, total fee: 49261701 gwei (base: 8)" rpc="localhost:8545" scenario=factorydeploytx
time="2026-06-01T04:56:21Z" level=debug msg="deployment tx 148 confirmed in block #38. deployed at: 0xe40e237D319C2d244b9D5848d0b5F137aa91a5Bb, total fee: 49261701 gwei (base: 8)" rpc="localhost:8545" scenario=factorydeploytx
time="2026-06-01T04:56:21Z" level=debug msg="deployment tx 149 confirmed in block #38. deployed at: 0x7B83FA2cedbC853b4813499572787895C28116f6, total fee: 49261701 gwei (base: 8)" rpc="localhost:8545" scenario=factorydeploytx
time="2026-06-01T04:56:21Z" level=debug msg="deployment tx 150 confirmed in block #38. deployed at: 0x67b8F25a83A709abFf1175bc701D3A6769b27077, total fee: 49261701 gwei (base: 8)" rpc="localhost:8545" scenario=factorydeploytx
time="2026-06-01T04:56:21Z" level=info msg="processed block 38:  5 total tx, 5 tx confirmed from 5 wallets (1.163013ms, 518.945µs)"
time="2026-06-01T04:56:21Z" level=info msg="block 38: submitted=5, pending=97, confirmed=5, throughput: 5B=5.00 tx/B, 20B=5.00 tx/B, 60B=4.58 tx/B" scenario=factorydeploytx wallets=5
time="2026-06-01T04:56:21Z" level=debug msg="deployment tx 151 confirmed in block #38. deployed at: 0xedb5C9BD9e45C590b038b216df7A8c7223A4cFa6, total fee: 49261701 gwei (base: 8)" rpc="localhost:8545" scenario=factorydeploytx
time="2026-06-01T04:56:21Z" level=debug msg="sent deployment tx #   248: 0x025694370173090e873d67bf9ba7a9b4f8121a3c1c3ce3017b4877b771df6502" nonce=24 rpc="localhost:8545" scenario=factorydeploytx wallet=8
time="2026-06-01T04:56:21Z" level=debug msg="sent deployment tx #   247: 0x27eedc82f3002420de8c089f43783c58f06b122fa95cbfc8a1fe3c5d53473649" nonce=24 rpc="localhost:8545" scenario=factorydeploytx wallet=7
time="2026-06-01T04:56:21Z" level=debug msg="sent deployment tx #   249: 0x1d745693306fe8d3db16c2b9ff3be699d7793e0298b566deb4295da6e7d19f2c" nonce=24 rpc="localhost:8545" scenario=factorydeploytx wallet=9
time="2026-06-01T04:56:21Z" level=debug msg="sent deployment tx #   250: 0x168330d3c257c5fb0a4007a858afe8f5fe2f2f632dc895fab2cef70f8cc84d88" nonce=24 rpc="localhost:8545" scenario=factorydeploytx wallet=10
time="2026-06-01T04:56:22Z" level=debug msg="sent deployment tx #   251: 0xfe40634cc6cd4f5afdb1038aa6d1814d173da041a68e22fe973472f3ad29a4ca" nonce=25 rpc="localhost:8545" scenario=factorydeploytx wallet=1
time="2026-06-01T04:56:24Z" level=info msg="client check completed (1 good clients, 0 bad clients)" module=clientpool
time="2026-06-01T04:56:24Z" level=debug msg="deployment tx 152 confirmed in block #39. deployed at: 0xCD54de06E33dac607D11073ce083102447860259, total fee: 53257326 gwei (base: 9)" rpc="localhost:8545" scenario=factorydeploytx
time="2026-06-01T04:56:24Z" level=debug msg="deployment tx 153 confirmed in block #39. deployed at: 0x0f133f79727e9eE46b44EbFecDa4434310703CFF, total fee: 53257326 gwei (base: 9)" rpc="localhost:8545" scenario=factorydeploytx
time="2026-06-01T04:56:24Z" level=debug msg="deployment tx 154 confirmed in block #39. deployed at: 0xC8013fFCD2b9F9cF1203582c179c60C4b8dA4a7b, total fee: 53257326 gwei (base: 9)" rpc="localhost:8545" scenario=factorydeploytx
time="2026-06-01T04:56:24Z" level=debug msg="deployment tx 155 confirmed in block #39. deployed at: 0xfd17aC76F4fa4785bCAbC5dA85B985F3e79dF350, total fee: 53257326 gwei (base: 9)" rpc="localhost:8545" scenario=factorydeploytx
time="2026-06-01T04:56:24Z" level=info msg="processed block 39:  5 total tx, 5 tx confirmed from 5 wallets (1.440902ms, 467.319µs)"
time="2026-06-01T04:56:24Z" level=info msg="block 39: submitted=5, pending=97, confirmed=5, throughput: 5B=5.00 tx/B, 20B=5.00 tx/B, 60B=4.59 tx/B" scenario=factorydeploytx wallets=5
time="2026-06-01T04:56:24Z" level=debug msg="deployment tx 156 confirmed in block #39. deployed at: 0x072ef4eF0E1063FD1800525864B99f069B72e5dF, total fee: 53257326 gwei (base: 9)" rpc="localhost:8545" scenario=factorydeploytx
time="2026-06-01T04:56:24Z" level=debug msg="sent deployment tx #   252: 0xb861bac34207900c85c2991125e7eb40f914e494682e6f0a764e99d1d0ed280d" nonce=25 rpc="localhost:8545" scenario=factorydeploytx wallet=2
time="2026-06-01T04:56:24Z" level=debug msg="sent deployment tx #   253: 0x9fc77834e3eff472f224ff6c82f8cd45a32c774f1fdc61cf1bf0a3f0de9bc499" nonce=25 rpc="localhost:8545" scenario=factorydeploytx wallet=3
time="2026-06-01T04:56:24Z" level=debug msg="sent deployment tx #   254: 0xc0af678b7bcf3fee21ff041a19f660a73756e61a00df26b2ae07b141f73e21e5" nonce=25 rpc="localhost:8545" scenario=factorydeploytx wallet=4
time="2026-06-01T04:56:25Z" level=debug msg="sent deployment tx #   255: 0x3fe3f2c7bf6b32183cc07c9fe60a1cb9d24b4cde119d48250973a17113969f5e" nonce=25 rpc="localhost:8545" scenario=factorydeploytx wallet=5
time="2026-06-01T04:56:25Z" level=debug msg="sent deployment tx #   256: 0xd2b661bce5e495f326386248c4dd2211ab5a8346082c9479fb9f7eace4d67b91" nonce=25 rpc="localhost:8545" scenario=factorydeploytx wallet=6
time="2026-06-01T04:56:27Z" level=debug msg="deployment tx 157 confirmed in block #40. deployed at: 0xF487e4ea7C6b64C61E2a7Dd57705CD7095F1BcBc, total fee: 57666301 gwei (base: 10)" rpc="localhost:8545" scenario=factorydeploytx
time="2026-06-01T04:56:27Z" level=debug msg="deployment tx 158 confirmed in block #40. deployed at: 0x72B5a237d555d2860c74Dd555a7cB3505A18d4Bf, total fee: 57666301 gwei (base: 10)" rpc="localhost:8545" scenario=factorydeploytx
time="2026-06-01T04:56:27Z" level=debug msg="deployment tx 159 confirmed in block #40. deployed at: 0x692bfBCB0010CF71D410770202911Fa02f149a31, total fee: 57666301 gwei (base: 10)" rpc="localhost:8545" scenario=factorydeploytx
time="2026-06-01T04:56:27Z" level=debug msg="deployment tx 160 confirmed in block #40. deployed at: 0xb79e2A1F45cF69663B8300a1249cCa6E24E80869, total fee: 57666301 gwei (base: 10)" rpc="localhost:8545" scenario=factorydeploytx
time="2026-06-01T04:56:27Z" level=debug msg="deployment tx 161 confirmed in block #40. deployed at: 0xe8Fe4cB9C6066f6848445365451196660c118Bd4, total fee: 57666301 gwei (base: 10)" rpc="localhost:8545" scenario=factorydeploytx
time="2026-06-01T04:56:27Z" level=info msg="processed block 40:  5 total tx, 5 tx confirmed from 5 wallets (2.110256ms, 550.42µs)"
time="2026-06-01T04:56:27Z" level=info msg="block 40: submitted=5, pending=95, confirmed=5, throughput: 5B=5.00 tx/B, 20B=5.00 tx/B, 60B=4.60 tx/B" scenario=factorydeploytx wallets=5
time="2026-06-01T04:56:30Z" level=debug msg="deployment tx 162 confirmed in block #41. deployed at: 0xDf83308a8967827990fD203E15d93F3Bd230A98d, total fee: 62530383 gwei (base: 10)" rpc="localhost:8545" scenario=factorydeploytx
time="2026-06-01T04:56:30Z" level=debug msg="deployment tx 163 confirmed in block #41. deployed at: 0xFC3A03DeC37b7B18ecd0c9c81cd41cC0331285B1, total fee: 62530383 gwei (base: 10)" rpc="localhost:8545" scenario=factorydeploytx
time="2026-06-01T04:56:30Z" level=debug msg="deployment tx 164 confirmed in block #41. deployed at: 0x3AF49b54061306F891Ae89e3b8e07935a6d6439a, total fee: 62530383 gwei (base: 10)" rpc="localhost:8545" scenario=factorydeploytx
time="2026-06-01T04:56:30Z" level=debug msg="deployment tx 165 confirmed in block #41. deployed at: 0xc644E51F4CEda2af588dcf68Ea55068BfB77a676, total fee: 62530383 gwei (base: 10)" rpc="localhost:8545" scenario=factorydeploytx
time="2026-06-01T04:56:30Z" level=info msg="processed block 41:  5 total tx, 5 tx confirmed from 5 wallets (1.195363ms, 699.43µs)"
time="2026-06-01T04:56:30Z" level=info msg="block 41: submitted=0, pending=90, confirmed=5, throughput: 5B=5.00 tx/B, 20B=5.00 tx/B, 60B=4.61 tx/B" scenario=factorydeploytx wallets=5
time="2026-06-01T04:56:30Z" level=debug msg="deployment tx 166 confirmed in block #41. deployed at: 0x7300036bd6Ed6F61a8A1D7f47b98896748aC4Ab3, total fee: 62530383 gwei (base: 10)" rpc="localhost:8545" scenario=factorydeploytx
time="2026-06-01T04:56:36Z" level=debug msg="deployment tx 167 confirmed in block #42. deployed at: 0xc90B4ae12413fCbC44932B2c6fDBEaCA4DFdEEE9, total fee: 67895445 gwei (base: 11)" rpc="localhost:8545" scenario=factorydeploytx
time="2026-06-01T04:56:36Z" level=debug msg="deployment tx 168 confirmed in block #42. deployed at: 0x57dF5920a1aE88b2D877F707114EB535E254B10d, total fee: 67895445 gwei (base: 11)" rpc="localhost:8545" scenario=factorydeploytx
time="2026-06-01T04:56:36Z" level=debug msg="deployment tx 169 confirmed in block #42. deployed at: 0xC350fa750a113852a7bdb5C0B2D2CF322E4fBFD2, total fee: 67895445 gwei (base: 11)" rpc="localhost:8545" scenario=factorydeploytx
time="2026-06-01T04:56:36Z" level=debug msg="deployment tx 170 confirmed in block #42. deployed at: 0xD08805B98D3F845fd4178D04b2983c45E356Fe5A, total fee: 67895445 gwei (base: 11)" rpc="localhost:8545" scenario=factorydeploytx
time="2026-06-01T04:56:36Z" level=debug msg="deployment tx 171 confirmed in block #42. deployed at: 0xfd4a6105fbd5D3BcD5744C9ecC716912E93f182C, total fee: 67895445 gwei (base: 11)" rpc="localhost:8545" scenario=factorydeploytx
time="2026-06-01T04:56:36Z" level=info msg="processed block 42:  5 total tx, 5 tx confirmed from 5 wallets (1.425421ms, 592.847µs)"
time="2026-06-01T04:56:36Z" level=info msg="block 42: submitted=0, pending=85, confirmed=5, throughput: 5B=5.00 tx/B, 20B=5.00 tx/B, 60B=4.62 tx/B" scenario=factorydeploytx wallets=5
time="2026-06-01T04:56:39Z" level=debug msg="deployment tx 172 confirmed in block #43. deployed at: 0x36515500e35767D642721CD46925B49F6F52c778, total fee: 73811869 gwei (base: 12)" rpc="localhost:8545" scenario=factorydeploytx
time="2026-06-01T04:56:39Z" level=debug msg="deployment tx 174 confirmed in block #43. deployed at: 0xb5a2F27701907D2A6a8D1a08842BeBBa7dECE43f, total fee: 73811869 gwei (base: 12)" rpc="localhost:8545" scenario=factorydeploytx
time="2026-06-01T04:56:39Z" level=debug msg="deployment tx 173 confirmed in block #43. deployed at: 0x91F30FaD11316fcfeD545D2D2b3416997073aAb0, total fee: 73811869 gwei (base: 12)" rpc="localhost:8545" scenario=factorydeploytx
time="2026-06-01T04:56:39Z" level=debug msg="deployment tx 175 confirmed in block #43. deployed at: 0x825C837727BF0EBcF1f28a7b707501e3C6bA3d26, total fee: 73811869 gwei (base: 12)" rpc="localhost:8545" scenario=factorydeploytx
time="2026-06-01T04:56:39Z" level=info msg="processed block 43:  5 total tx, 5 tx confirmed from 5 wallets (1.330076ms, 746.062µs)"
time="2026-06-01T04:56:39Z" level=debug msg="deployment tx 176 confirmed in block #43. deployed at: 0x65b9D7d425Ee532eaC6FDEBd7eC9646940FC3C0C, total fee: 73811869 gwei (base: 12)" rpc="localhost:8545" scenario=factorydeploytx
time="2026-06-01T04:56:39Z" level=info msg="block 43: submitted=0, pending=80, confirmed=5, throughput: 5B=5.00 tx/B, 20B=5.00 tx/B, 60B=4.63 tx/B" scenario=factorydeploytx wallets=5
time="2026-06-01T04:56:42Z" level=debug msg="deployment tx 178 confirmed in block #44. deployed at: 0x5b7769a0300f81D1a31bcc858202f82454269789, total fee: 80334975 gwei (base: 13)" rpc="localhost:8545" scenario=factorydeploytx
time="2026-06-01T04:56:42Z" level=debug msg="deployment tx 177 confirmed in block #44. deployed at: 0x86b276D50b2C9462f86F6c0C5F09fA17CFD2dA74, total fee: 80334975 gwei (base: 13)" rpc="localhost:8545" scenario=factorydeploytx
time="2026-06-01T04:56:42Z" level=debug msg="deployment tx 179 confirmed in block #44. deployed at: 0x3bA509C80707A955CA893a883A5f9555d5343448, total fee: 80334975 gwei (base: 13)" rpc="localhost:8545" scenario=factorydeploytx
time="2026-06-01T04:56:42Z" level=debug msg="deployment tx 180 confirmed in block #44. deployed at: 0xe659E098d1457722E14469281acD8e89d315C139, total fee: 80334975 gwei (base: 13)" rpc="localhost:8545" scenario=factorydeploytx
time="2026-06-01T04:56:42Z" level=info msg="processed block 44:  5 total tx, 5 tx confirmed from 5 wallets (1.310225ms, 580.614µs)"
time="2026-06-01T04:56:42Z" level=info msg="block 44: submitted=0, pending=75, confirmed=5, throughput: 5B=5.00 tx/B, 20B=5.00 tx/B, 60B=4.64 tx/B" scenario=factorydeploytx wallets=5
time="2026-06-01T04:56:42Z" level=debug msg="deployment tx 181 confirmed in block #44. deployed at: 0x782ABd727B3f549175ccBBF2283cC673DB8aE735, total fee: 80334975 gwei (base: 13)" rpc="localhost:8545" scenario=factorydeploytx
time="2026-06-01T04:56:45Z" level=debug msg="deployment tx 182 confirmed in block #45. deployed at: 0xaD12aFBe9c09206d593a6339852e9FAFe9C7c320, total fee: 87525496 gwei (base: 15)" rpc="localhost:8545" scenario=factorydeploytx
time="2026-06-01T04:56:45Z" level=debug msg="deployment tx 183 confirmed in block #45. deployed at: 0x9C6bBBbe24ec2b852f5b8209FBf10b5a44Ec39eF, total fee: 87525496 gwei (base: 15)" rpc="localhost:8545" scenario=factorydeploytx
time="2026-06-01T04:56:45Z" level=debug msg="deployment tx 184 confirmed in block #45. deployed at: 0xAdc8dd0A17E42CE0C3c37089f30A48FD4d61A02F, total fee: 87525496 gwei (base: 15)" rpc="localhost:8545" scenario=factorydeploytx
time="2026-06-01T04:56:45Z" level=debug msg="deployment tx 185 confirmed in block #45. deployed at: 0x445Bb66c4784BAFE80A441ffD7a7D3C7Ad7a7976, total fee: 87525496 gwei (base: 15)" rpc="localhost:8545" scenario=factorydeploytx
time="2026-06-01T04:56:45Z" level=info msg="processed block 45:  5 total tx, 5 tx confirmed from 5 wallets (1.175186ms, 498.099µs)"
time="2026-06-01T04:56:45Z" level=info msg="block 45: submitted=0, pending=70, confirmed=5, throughput: 5B=5.00 tx/B, 20B=5.00 tx/B, 60B=4.65 tx/B" scenario=factorydeploytx wallets=5
time="2026-06-01T04:56:45Z" level=debug msg="deployment tx 186 confirmed in block #45. deployed at: 0x505d476679De61d0a38A2D7C4Ccf6E1e87f57391, total fee: 87525496 gwei (base: 15)" rpc="localhost:8545" scenario=factorydeploytx
time="2026-06-01T04:56:48Z" level=debug msg="deployment tx 188 confirmed in block #46. deployed at: 0x22F88F9c8D42dD7a75D3092D9Fab2fc401057848, total fee: 95450091 gwei (base: 16)" rpc="localhost:8545" scenario=factorydeploytx
time="2026-06-01T04:56:48Z" level=debug msg="deployment tx 187 confirmed in block #46. deployed at: 0xB572BbC893B65fFB5c611F9Ae2347148B246dbCA, total fee: 95450091 gwei (base: 16)" rpc="localhost:8545" scenario=factorydeploytx
time="2026-06-01T04:56:48Z" level=debug msg="deployment tx 189 confirmed in block #46. deployed at: 0xAb1DDc66CBCBccBF9b9Aaaf911F5454d4e1Be48b, total fee: 95450091 gwei (base: 16)" rpc="localhost:8545" scenario=factorydeploytx
time="2026-06-01T04:56:48Z" level=debug msg="deployment tx 190 confirmed in block #46. deployed at: 0x7641d58b21Fe7Cda0737b277BF197bD13fFEbA25, total fee: 95450091 gwei (base: 16)" rpc="localhost:8545" scenario=factorydeploytx
time="2026-06-01T04:56:48Z" level=info msg="processed block 46:  5 total tx, 5 tx confirmed from 5 wallets (2.140036ms, 686.443µs)"
time="2026-06-01T04:56:48Z" level=info msg="block 46: submitted=0, pending=65, confirmed=5, throughput: 5B=5.00 tx/B, 20B=5.00 tx/B, 60B=4.66 tx/B" scenario=factorydeploytx wallets=5
time="2026-06-01T04:56:48Z" level=debug msg="deployment tx 191 confirmed in block #46. deployed at: 0xE48f97b703b44a84a1A9aF92DD6224619eB0C62E, total fee: 95450091 gwei (base: 16)" rpc="localhost:8545" scenario=factorydeploytx
time="2026-06-01T04:56:51Z" level=info msg="processed block 47:  5 total tx, 5 tx confirmed from 5 wallets (1.289969ms, 399.56µs)"
time="2026-06-01T04:56:51Z" level=info msg="block 47: submitted=0, pending=60, confirmed=5, throughput: 5B=5.00 tx/B, 20B=5.00 tx/B, 60B=4.67 tx/B" scenario=factorydeploytx wallets=5
time="2026-06-01T04:56:51Z" level=debug msg="deployment tx 192 confirmed in block #47. deployed at: 0x705Ce6Cc97226F687e08a771240Ff94b50f1d882, total fee: 104181910 gwei (base: 18)" rpc="localhost:8545" scenario=factorydeploytx
time="2026-06-01T04:56:51Z" level=debug msg="deployment tx 193 confirmed in block #47. deployed at: 0x53EAdB7a2Bd9FB6A82a9A770807Bf1Cbd8C1317E, total fee: 104181910 gwei (base: 18)" rpc="localhost:8545" scenario=factorydeploytx
time="2026-06-01T04:56:51Z" level=debug msg="deployment tx 194 confirmed in block #47. deployed at: 0x065656D38cB14e1AbD34BdE4158fE979d8250300, total fee: 104181910 gwei (base: 18)" rpc="localhost:8545" scenario=factorydeploytx
time="2026-06-01T04:56:51Z" level=debug msg="deployment tx 195 confirmed in block #47. deployed at: 0x6653D564A2e94E8bac3356a2C9d92aE3A2431381, total fee: 104181910 gwei (base: 18)" rpc="localhost:8545" scenario=factorydeploytx
time="2026-06-01T04:56:51Z" level=debug msg="deployment tx 196 confirmed in block #47. deployed at: 0x19C2Cc55ef4d5c5C08D586e600A5642629DBAe2B, total fee: 104181910 gwei (base: 18)" rpc="localhost:8545" scenario=factorydeploytx
time="2026-06-01T04:56:54Z" level=debug msg="deployment tx 197 confirmed in block #48. deployed at: 0xa5C0E74B473fc0F22E3462A12713Dd33fB684638, total fee: 113801206 gwei (base: 19)" rpc="localhost:8545" scenario=factorydeploytx
time="2026-06-01T04:56:54Z" level=debug msg="deployment tx 198 confirmed in block #48. deployed at: 0x9A4054951D1eaA780b347745EA23A34C6737C158, total fee: 113801206 gwei (base: 19)" rpc="localhost:8545" scenario=factorydeploytx
time="2026-06-01T04:56:54Z" level=debug msg="deployment tx 200 confirmed in block #48. deployed at: 0x08FbE29497d85cda3482F3C2D04Be8Cde5c0c957, total fee: 113801206 gwei (base: 19)" rpc="localhost:8545" scenario=factorydeploytx
time="2026-06-01T04:56:54Z" level=debug msg="deployment tx 199 confirmed in block #48. deployed at: 0x84FFe05bEc1e20d18983400e8f6A480C3cb93829, total fee: 113801206 gwei (base: 19)" rpc="localhost:8545" scenario=factorydeploytx
time="2026-06-01T04:56:54Z" level=debug msg="deployment tx 201 confirmed in block #48. deployed at: 0xc7684BFFe850A1B4Ec03c89a9647a81173960A65, total fee: 113801206 gwei (base: 19)" rpc="localhost:8545" scenario=factorydeploytx
time="2026-06-01T04:56:54Z" level=info msg="processed block 48:  5 total tx, 5 tx confirmed from 5 wallets (1.284287ms, 412.8µs)"
time="2026-06-01T04:56:54Z" level=info msg="block 48: submitted=0, pending=55, confirmed=5, throughput: 5B=5.00 tx/B, 20B=5.00 tx/B, 60B=4.67 tx/B" scenario=factorydeploytx wallets=5
time="2026-06-01T04:56:57Z" level=debug msg="deployment tx 203 confirmed in block #49. deployed at: 0x8EFE9A8f9A040b5dda04628489073E6286df5abB, total fee: 114971900 gwei (base: 20)" rpc="localhost:8545" scenario=factorydeploytx
time="2026-06-01T04:56:57Z" level=debug msg="deployment tx 202 confirmed in block #49. deployed at: 0x9C5EA86d4731460B3174FFa94956Dff950CB1c79, total fee: 114971900 gwei (base: 20)" rpc="localhost:8545" scenario=factorydeploytx
time="2026-06-01T04:56:57Z" level=debug msg="deployment tx 204 confirmed in block #49. deployed at: 0x800FB465BD9E9Bd36Fb6Ccb610293F217888B853, total fee: 114971900 gwei (base: 20)" rpc="localhost:8545" scenario=factorydeploytx
time="2026-06-01T04:56:57Z" level=debug msg="deployment tx 205 confirmed in block #49. deployed at: 0x05A6BaAc5E0B323886d3065Ce658bAa1b56a0059, total fee: 114971900 gwei (base: 20)" rpc="localhost:8545" scenario=factorydeploytx
time="2026-06-01T04:56:57Z" level=info msg="processed block 49:  5 total tx, 5 tx confirmed from 5 wallets (1.248606ms, 551.569µs)"
time="2026-06-01T04:56:57Z" level=info msg="block 49: submitted=0, pending=50, confirmed=5, throughput: 5B=5.00 tx/B, 20B=5.00 tx/B, 60B=4.68 tx/B" scenario=factorydeploytx wallets=5
time="2026-06-01T04:56:57Z" level=debug msg="deployment tx 206 confirmed in block #49. deployed at: 0x7B63F1fbd81ac4494Cd01FB558dD266c0e52C793, total fee: 114971900 gwei (base: 20)" rpc="localhost:8545" scenario=factorydeploytx
time="2026-06-01T04:56:57Z" level=info msg="processed block 50:  0 total tx, 0 tx confirmed from 0 wallets (378.081µs, 1.818µs)"
time="2026-06-01T04:56:57Z" level=info msg="block 50: submitted=0, pending=50, confirmed=0, throughput: 5B=4.00 tx/B, 20B=4.75 tx/B, 60B=4.58 tx/B" scenario=factorydeploytx wallets=0
time="2026-06-01T04:57:00Z" level=debug msg="deployment tx 207 confirmed in block #51. deployed at: 0xd866D97F75d982f175d11016A1219423C1709e3b, total fee: 114971900 gwei (base: 20)" rpc="localhost:8545" scenario=factorydeploytx
time="2026-06-01T04:57:00Z" level=debug msg="deployment tx 208 confirmed in block #51. deployed at: 0x1A91Ab73882065c004DC8737d49a269bbb3b1157, total fee: 114971900 gwei (base: 20)" rpc="localhost:8545" scenario=factorydeploytx
time="2026-06-01T04:57:00Z" level=debug msg="deployment tx 209 confirmed in block #51. deployed at: 0x67eB0f8CcbF5d6361F0091dBc92244a710A6BCC1, total fee: 114971900 gwei (base: 20)" rpc="localhost:8545" scenario=factorydeploytx
time="2026-06-01T04:57:00Z" level=debug msg="deployment tx 210 confirmed in block #51. deployed at: 0xCF63D2a2AF7AA1095191e2CFf6E54a2fC2b16027, total fee: 114971900 gwei (base: 20)" rpc="localhost:8545" scenario=factorydeploytx
time="2026-06-01T04:57:00Z" level=debug msg="deployment tx 211 confirmed in block #51. deployed at: 0x6e9A877688f1c85a1c4E3ae2BD8358d771ae1959, total fee: 114971900 gwei (base: 20)" rpc="localhost:8545" scenario=factorydeploytx
time="2026-06-01T04:57:00Z" level=info msg="processed block 51:  5 total tx, 5 tx confirmed from 5 wallets (1.475194ms, 600.335µs)"
time="2026-06-01T04:57:00Z" level=info msg="block 51: submitted=0, pending=45, confirmed=5, throughput: 5B=4.00 tx/B, 20B=4.75 tx/B, 60B=4.59 tx/B" scenario=factorydeploytx wallets=5
time="2026-06-01T04:57:03Z" level=info msg="processed block 52:  0 total tx, 0 tx confirmed from 0 wallets (552.054µs, 3.038µs)"
time="2026-06-01T04:57:03Z" level=info msg="block 52: submitted=0, pending=45, confirmed=0, throughput: 5B=3.00 tx/B, 20B=4.50 tx/B, 60B=4.49 tx/B" scenario=factorydeploytx wallets=0
time="2026-06-01T04:57:06Z" level=debug msg="deployment tx 212 confirmed in block #53. deployed at: 0x9611f58A565fcf8c1eE08476F7D5ae41A5ac15B4, total fee: 114971900 gwei (base: 20)" rpc="localhost:8545" scenario=factorydeploytx
time="2026-06-01T04:57:06Z" level=debug msg="deployment tx 213 confirmed in block #53. deployed at: 0xB1d090895Dd399Fb0fd43C3c059dC1C092fE7aAd, total fee: 114971900 gwei (base: 20)" rpc="localhost:8545" scenario=factorydeploytx
time="2026-06-01T04:57:06Z" level=debug msg="deployment tx 214 confirmed in block #53. deployed at: 0xE7BdDafF4fc22382682D80Ff26066De566389cF0, total fee: 114971900 gwei (base: 20)" rpc="localhost:8545" scenario=factorydeploytx
time="2026-06-01T04:57:06Z" level=info msg="processed block 53:  5 total tx, 5 tx confirmed from 5 wallets (1.162007ms, 421.339µs)"
time="2026-06-01T04:57:06Z" level=debug msg="deployment tx 215 confirmed in block #53. deployed at: 0x28beCc4Ba3E23511094D6B7847eaB916c9a8C1f1, total fee: 114971900 gwei (base: 20)" rpc="localhost:8545" scenario=factorydeploytx
time="2026-06-01T04:57:06Z" level=info msg="block 53: submitted=0, pending=40, confirmed=5, throughput: 5B=3.00 tx/B, 20B=4.50 tx/B, 60B=4.50 tx/B" scenario=factorydeploytx wallets=5
time="2026-06-01T04:57:06Z" level=debug msg="deployment tx 216 confirmed in block #53. deployed at: 0xBE26fae359F15Cc0011Ece87dC7d480570e7caD7, total fee: 114971900 gwei (base: 20)" rpc="localhost:8545" scenario=factorydeploytx
time="2026-06-01T04:57:06Z" level=info msg="processed block 54:  0 total tx, 0 tx confirmed from 0 wallets (499.757µs, 1.797µs)"
time="2026-06-01T04:57:06Z" level=info msg="block 54: submitted=0, pending=40, confirmed=0, throughput: 5B=2.00 tx/B, 20B=4.25 tx/B, 60B=4.41 tx/B" scenario=factorydeploytx wallets=0
time="2026-06-01T04:57:09Z" level=debug msg="deployment tx 218 confirmed in block #55. deployed at: 0x658F5D4D011BceA6135277e875cBBdf59A909Dec, total fee: 112961831 gwei (base: 19)" rpc="localhost:8545" scenario=factorydeploytx
time="2026-06-01T04:57:09Z" level=debug msg="deployment tx 217 confirmed in block #55. deployed at: 0xB27989AdFb656Cd0f11aA3469c92196C615A6831, total fee: 112961831 gwei (base: 19)" rpc="localhost:8545" scenario=factorydeploytx
time="2026-06-01T04:57:09Z" level=debug msg="deployment tx 219 confirmed in block #55. deployed at: 0xF9a1536951e6F6A31FFA07fc8bAC3D238934dA87, total fee: 112961831 gwei (base: 19)" rpc="localhost:8545" scenario=factorydeploytx
time="2026-06-01T04:57:09Z" level=info msg="processed block 55:  5 total tx, 5 tx confirmed from 5 wallets (1.727291ms, 378.344µs)"
time="2026-06-01T04:57:09Z" level=info msg="block 55: submitted=0, pending=35, confirmed=5, throughput: 5B=3.00 tx/B, 20B=4.25 tx/B, 60B=4.42 tx/B" scenario=factorydeploytx wallets=5
time="2026-06-01T04:57:09Z" level=debug msg="deployment tx 220 confirmed in block #55. deployed at: 0x0f125bdE84E19A4E58D5aEc4299Fc22AdA1bcA2F, total fee: 112961831 gwei (base: 19)" rpc="localhost:8545" scenario=factorydeploytx
time="2026-06-01T04:57:09Z" level=debug msg="deployment tx 221 confirmed in block #55. deployed at: 0xd74906DedA8E05a1FF97F77E7d3C1A12f90DF889, total fee: 112961831 gwei (base: 19)" rpc="localhost:8545" scenario=factorydeploytx
time="2026-06-01T04:57:12Z" level=debug msg="deployment tx 222 confirmed in block #56. deployed at: 0x566d0a2f30E7862f4B8d6e3402281857A2B7D362, total fee: 114971900 gwei (base: 20)" rpc="localhost:8545" scenario=factorydeploytx
time="2026-06-01T04:57:12Z" level=debug msg="deployment tx 223 confirmed in block #56. deployed at: 0x0f3a5D4683Dc672F4d8c5Ebb2282E9d7c2054436, total fee: 114971900 gwei (base: 20)" rpc="localhost:8545" scenario=factorydeploytx
time="2026-06-01T04:57:12Z" level=debug msg="deployment tx 224 confirmed in block #56. deployed at: 0x71BefC45091d6D806C7630775CBeA4AdAdfE9616, total fee: 114971900 gwei (base: 20)" rpc="localhost:8545" scenario=factorydeploytx
time="2026-06-01T04:57:12Z" level=info msg="processed block 56:  5 total tx, 5 tx confirmed from 5 wallets (1.098449ms, 398.628µs)"
time="2026-06-01T04:57:12Z" level=info msg="block 56: submitted=0, pending=30, confirmed=5, throughput: 5B=3.00 tx/B, 20B=4.25 tx/B, 60B=4.43 tx/B" scenario=factorydeploytx wallets=5
time="2026-06-01T04:57:12Z" level=debug msg="deployment tx 226 confirmed in block #56. deployed at: 0x5e22Df80CBd8CBb4AFdF4C8a1b7e5DeBAE71ca18, total fee: 114971900 gwei (base: 20)" rpc="localhost:8545" scenario=factorydeploytx
time="2026-06-01T04:57:12Z" level=debug msg="deployment tx 225 confirmed in block #56. deployed at: 0xD00CF98139476f48dD259D691E8B92dBA8556b49, total fee: 114971900 gwei (base: 20)" rpc="localhost:8545" scenario=factorydeploytx
time="2026-06-01T04:57:12Z" level=info msg="processed block 57:  0 total tx, 0 tx confirmed from 0 wallets (438.604µs, 1.692µs)"
time="2026-06-01T04:57:12Z" level=info msg="block 57: submitted=0, pending=30, confirmed=0, throughput: 5B=3.00 tx/B, 20B=4.00 tx/B, 60B=4.35 tx/B" scenario=factorydeploytx wallets=0
time="2026-06-01T04:57:15Z" level=debug msg="deployment tx 227 confirmed in block #58. deployed at: 0xe46EFf0c4cdb93ba40D88B531e328Dda2A8973aE, total fee: 114971900 gwei (base: 20)" rpc="localhost:8545" scenario=factorydeploytx
time="2026-06-01T04:57:15Z" level=debug msg="deployment tx 228 confirmed in block #58. deployed at: 0x12c5eeAa49db356AcAF5e8041600CE9e258eC95d, total fee: 114971900 gwei (base: 20)" rpc="localhost:8545" scenario=factorydeploytx
time="2026-06-01T04:57:15Z" level=debug msg="deployment tx 229 confirmed in block #58. deployed at: 0xc9A72Ed73B0d6D7AA83c4B7efDf1C7c7237C3f94, total fee: 114971900 gwei (base: 20)" rpc="localhost:8545" scenario=factorydeploytx
time="2026-06-01T04:57:15Z" level=info msg="processed block 58:  5 total tx, 5 tx confirmed from 5 wallets (1.100883ms, 398.806µs)"
time="2026-06-01T04:57:15Z" level=info msg="block 58: submitted=0, pending=25, confirmed=5, throughput: 5B=3.00 tx/B, 20B=4.00 tx/B, 60B=4.36 tx/B" scenario=factorydeploytx wallets=5
time="2026-06-01T04:57:15Z" level=debug msg="deployment tx 230 confirmed in block #58. deployed at: 0x06A8D75d72Ec3023346b15a636d71BB37E31b247, total fee: 114971900 gwei (base: 20)" rpc="localhost:8545" scenario=factorydeploytx
time="2026-06-01T04:57:15Z" level=debug msg="deployment tx 231 confirmed in block #58. deployed at: 0x2C45A7322614beB837D7617235bAfCeE48a1f55B, total fee: 114971900 gwei (base: 20)" rpc="localhost:8545" scenario=factorydeploytx
time="2026-06-01T04:57:18Z" level=info msg="processed block 59:  0 total tx, 0 tx confirmed from 0 wallets (521.985µs, 2.59µs)"
time="2026-06-01T04:57:18Z" level=info msg="block 59: submitted=0, pending=25, confirmed=0, throughput: 5B=3.00 tx/B, 20B=3.75 tx/B, 60B=4.28 tx/B" scenario=factorydeploytx wallets=0
time="2026-06-01T04:57:21Z" level=debug msg="deployment tx 232 confirmed in block #60. deployed at: 0xdcbFB9ee4c2517D276941e693Ba3e4834c427957, total fee: 114971900 gwei (base: 20)" rpc="localhost:8545" scenario=factorydeploytx
time="2026-06-01T04:57:21Z" level=debug msg="deployment tx 233 confirmed in block #60. deployed at: 0xaeF665CDb6C9599482EbcD8089aAB425a2387fC6, total fee: 114971900 gwei (base: 20)" rpc="localhost:8545" scenario=factorydeploytx
time="2026-06-01T04:57:21Z" level=debug msg="deployment tx 234 confirmed in block #60. deployed at: 0x8895Aa46c1F804Fa53f602086b7FF0c3f558b4E0, total fee: 114971900 gwei (base: 20)" rpc="localhost:8545" scenario=factorydeploytx
time="2026-06-01T04:57:21Z" level=info msg="processed block 60:  5 total tx, 5 tx confirmed from 5 wallets (1.333689ms, 470.305µs)"
time="2026-06-01T04:57:21Z" level=info msg="block 60: submitted=0, pending=20, confirmed=5, throughput: 5B=3.00 tx/B, 20B=3.75 tx/B, 60B=4.29 tx/B" scenario=factorydeploytx wallets=5
time="2026-06-01T04:57:21Z" level=debug msg="deployment tx 235 confirmed in block #60. deployed at: 0x28De63CD6f0CdFd58F17Cf86c25da2E009cc1331, total fee: 114971900 gwei (base: 20)" rpc="localhost:8545" scenario=factorydeploytx
time="2026-06-01T04:57:21Z" level=debug msg="deployment tx 236 confirmed in block #60. deployed at: 0xE46140A020dA0a565342f4A087f59a8b1009c9e4, total fee: 114971900 gwei (base: 20)" rpc="localhost:8545" scenario=factorydeploytx
time="2026-06-01T04:57:24Z" level=debug msg="deployment tx 237 confirmed in block #61. deployed at: 0x6EA91312105F7EcbfDeF1FaAc964b8d8F2fe46C5, total fee: 114971900 gwei (base: 20)" rpc="localhost:8545" scenario=factorydeploytx
time="2026-06-01T04:57:24Z" level=debug msg="deployment tx 238 confirmed in block #61. deployed at: 0x1e2dc40F2f7DC942d883AcA5DFeB949e1d7ed391, total fee: 114971900 gwei (base: 20)" rpc="localhost:8545" scenario=factorydeploytx
time="2026-06-01T04:57:24Z" level=debug msg="deployment tx 239 confirmed in block #61. deployed at: 0xF4e4A01013B4f0C4Db9E2Aa72E48573F093b8332, total fee: 114971900 gwei (base: 20)" rpc="localhost:8545" scenario=factorydeploytx
time="2026-06-01T04:57:24Z" level=debug msg="deployment tx 240 confirmed in block #61. deployed at: 0x96Ce91f4a39150C38Ef3CBC2Ba8965Fffe22e361, total fee: 114971900 gwei (base: 20)" rpc="localhost:8545" scenario=factorydeploytx
time="2026-06-01T04:57:24Z" level=debug msg="deployment tx 241 confirmed in block #61. deployed at: 0xC6B4E69Bb5Af31a3e99160216e7403222E75537E, total fee: 114971900 gwei (base: 20)" rpc="localhost:8545" scenario=factorydeploytx
time="2026-06-01T04:57:24Z" level=info msg="processed block 61:  5 total tx, 5 tx confirmed from 5 wallets (1.367045ms, 415.757µs)"
time="2026-06-01T04:57:24Z" level=info msg="block 61: submitted=0, pending=15, confirmed=5, throughput: 5B=3.00 tx/B, 20B=3.75 tx/B, 60B=4.30 tx/B" scenario=factorydeploytx wallets=5
time="2026-06-01T04:57:24Z" level=info msg="processed block 62:  0 total tx, 0 tx confirmed from 0 wallets (488.66µs, 4.058µs)"
time="2026-06-01T04:57:24Z" level=info msg="block 62: submitted=0, pending=15, confirmed=0, throughput: 5B=3.00 tx/B, 20B=3.50 tx/B, 60B=4.23 tx/B" scenario=factorydeploytx wallets=0
time="2026-06-01T04:57:27Z" level=debug msg="deployment tx 243 confirmed in block #63. deployed at: 0x1F48Ebd90Bb66Fb8C531Bd2525b8468BFF78D188, total fee: 114971900 gwei (base: 20)" rpc="localhost:8545" scenario=factorydeploytx
time="2026-06-01T04:57:27Z" level=debug msg="deployment tx 242 confirmed in block #63. deployed at: 0x9D9A6521cf658165Dbe64518D9687F8C83A46063, total fee: 114971900 gwei (base: 20)" rpc="localhost:8545" scenario=factorydeploytx
time="2026-06-01T04:57:27Z" level=debug msg="deployment tx 244 confirmed in block #63. deployed at: 0xa7a980EAfF404eae09735F0000ae9B2C6986B5b2, total fee: 114971900 gwei (base: 20)" rpc="localhost:8545" scenario=factorydeploytx
time="2026-06-01T04:57:27Z" level=debug msg="deployment tx 245 confirmed in block #63. deployed at: 0x2a336ADf292b51e2746B9EE70Db52d4b9A51FEf4, total fee: 114971900 gwei (base: 20)" rpc="localhost:8545" scenario=factorydeploytx
time="2026-06-01T04:57:27Z" level=info msg="processed block 63:  5 total tx, 5 tx confirmed from 5 wallets (1.490973ms, 591.656µs)"
time="2026-06-01T04:57:27Z" level=info msg="block 63: submitted=0, pending=10, confirmed=5, throughput: 5B=3.00 tx/B, 20B=3.50 tx/B, 60B=4.24 tx/B" scenario=factorydeploytx wallets=5
time="2026-06-01T04:57:27Z" level=debug msg="deployment tx 246 confirmed in block #63. deployed at: 0xa0C6e03D098B6ea4709d09f0f8dAC36297C48f5d, total fee: 114971900 gwei (base: 20)" rpc="localhost:8545" scenario=factorydeploytx
time="2026-06-01T04:57:30Z" level=info msg="processed block 64:  0 total tx, 0 tx confirmed from 0 wallets (406.885µs, 3.027µs)"
time="2026-06-01T04:57:30Z" level=info msg="block 64: submitted=0, pending=10, confirmed=0, throughput: 5B=3.00 tx/B, 20B=3.25 tx/B, 60B=4.17 tx/B" scenario=factorydeploytx wallets=0
time="2026-06-01T04:57:33Z" level=debug msg="deployment tx 247 confirmed in block #65. deployed at: 0x7AEB217E0e7EB33FfebD7DEe5B8C7CB475d12202, total fee: 114971900 gwei (base: 20)" rpc="localhost:8545" scenario=factorydeploytx
time="2026-06-01T04:57:33Z" level=debug msg="deployment tx 248 confirmed in block #65. deployed at: 0xAe7137ED6df9116c0C9C2bfdEdeaD7E1bfB553e6, total fee: 114971900 gwei (base: 20)" rpc="localhost:8545" scenario=factorydeploytx
time="2026-06-01T04:57:33Z" level=debug msg="deployment tx 249 confirmed in block #65. deployed at: 0x7176d3D7AD609E59AEDd53fCE21A556B48967B06, total fee: 114971900 gwei (base: 20)" rpc="localhost:8545" scenario=factorydeploytx
time="2026-06-01T04:57:33Z" level=info msg="processed block 65:  5 total tx, 5 tx confirmed from 5 wallets (1.110333ms, 408.324µs)"
time="2026-06-01T04:57:33Z" level=info msg="block 65: submitted=0, pending=5, confirmed=5, throughput: 5B=3.00 tx/B, 20B=3.25 tx/B, 60B=4.18 tx/B" scenario=factorydeploytx wallets=5
time="2026-06-01T04:57:33Z" level=debug msg="deployment tx 251 confirmed in block #65. deployed at: 0xb9dc02C907F07F39301AF46A720D56b66Cd1a2A6, total fee: 114971900 gwei (base: 20)" rpc="localhost:8545" scenario=factorydeploytx
time="2026-06-01T04:57:33Z" level=debug msg="deployment tx 250 confirmed in block #65. deployed at: 0x4399E45267f02527A7d6E621715194AB47f20d03, total fee: 114971900 gwei (base: 20)" rpc="localhost:8545" scenario=factorydeploytx
time="2026-06-01T04:57:33Z" level=info msg="processed block 66:  0 total tx, 0 tx confirmed from 0 wallets (380.081µs, 1.487µs)"
time="2026-06-01T04:57:33Z" level=info msg="block 66: submitted=0, pending=5, confirmed=0, throughput: 5B=2.00 tx/B, 20B=3.00 tx/B, 60B=4.18 tx/B" scenario=factorydeploytx wallets=0
time="2026-06-01T04:57:36Z" level=debug msg="deployment tx 252 confirmed in block #67. deployed at: 0x330569972DBF5a07A82a585083AFe2b2c5a0420f, total fee: 113536651 gwei (base: 19)" rpc="localhost:8545" scenario=factorydeploytx
time="2026-06-01T04:57:36Z" level=debug msg="deployment tx 253 confirmed in block #67. deployed at: 0x1470713CBC988791362C19741349c4Ba899f3A99, total fee: 113536651 gwei (base: 19)" rpc="localhost:8545" scenario=factorydeploytx
time="2026-06-01T04:57:36Z" level=debug msg="deployment tx 254 confirmed in block #67. deployed at: 0x250f69fEb526f5ca757695465675C8EA5B081900, total fee: 113536651 gwei (base: 19)" rpc="localhost:8545" scenario=factorydeploytx
time="2026-06-01T04:57:36Z" level=debug msg="deployment tx 255 confirmed in block #67. deployed at: 0x0F552140e40917Da3a53690C436F2757b3b4bab9, total fee: 113536651 gwei (base: 19)" rpc="localhost:8545" scenario=factorydeploytx
time="2026-06-01T04:57:36Z" level=info msg="processed block 67:  5 total tx, 5 tx confirmed from 5 wallets (1.245855ms, 444.652µs)"
time="2026-06-01T04:57:36Z" level=info msg="block 67: submitted=0, pending=0, confirmed=5, throughput: 5B=3.00 tx/B, 20B=3.00 tx/B, 60B=4.25 tx/B" scenario=factorydeploytx wallets=5
time="2026-06-01T04:57:36Z" level=debug msg="deployment tx 256 confirmed in block #67. deployed at: 0x72C09a84040DD3e7eC1ffC4196E103Bdb5E909Bd, total fee: 113536651 gwei (base: 19)" rpc="localhost:8545" scenario=factorydeploytx
time="2026-06-01T04:57:36Z" level=info msg="scenario factorydeploytx finished." scenario=factorydeploytx
wrote 256 CREATE2 addresses to /mnt/state_expiry_vol_data/bintrie-benchmarks/ubt-vs-pbt/data/ubt/contracts.json (factory=0x7dc4d193051240848c7F4F19679e8514B148080f, init_code_hash=0x566f6b9a6c5a21aa0bd672e0ba4ca91854bcb31ffc0fd9a7233f0cf33927d142)
