WARN [06-01|04:54:21.145] Unknown config environment variable      envvar=GETH_PBT_BIN
WARN [06-01|04:54:21.145] Unknown config environment variable      envvar=GETH_UBT_BIN
INFO [06-01|04:54:21.155] Starting Geth on Ethereum mainnet...
INFO [06-01|04:54:21.157] Maximum peer count                       ETH=0 total=0
INFO [06-01|04:54:21.158] Smartcard socket not found, disabling    err="stat /run/pcscd/pcscd.comm: no such file or directory"
WARN [06-01|04:54:21.160] Option --miner.etherbase is deprecated as the etherbase is set by the consensus client post-merge
INFO [06-01|04:54:21.162] Set global gas cap                       cap=50,000,000
INFO [06-01|04:54:21.949] Using developer account                  address=0xf39Fd6e51aad88F6F4ce6aB8827279cffFb92266
INFO [06-01|04:54:21.965] Using pebble as the backing database
INFO [06-01|04:54:21.965] Allocated cache and file handles         database=/mnt/state_expiry_vol_data/ubt-vs-pbt-dbs/ubt/geth/chaindata cache=2.00GiB handles=262,144
INFO [06-01|04:54:22.547] Opened ancient database                  database=/mnt/state_expiry_vol_data/ubt-vs-pbt-dbs/ubt/geth/chaindata/ancient/chain readonly=true
INFO [06-01|04:54:22.547] Opened Era store                         datadir=/mnt/state_expiry_vol_data/ubt-vs-pbt-dbs/ubt/geth/chaindata/ancient/chain/era
INFO [06-01|04:54:22.549] Initializing the KZG library             backend=gokzg
INFO [06-01|04:54:22.551] Allocated trie memory caches             clean=614.00MiB dirty=1.00GiB
INFO [06-01|04:54:22.575] Using pebble as the backing database
INFO [06-01|04:54:22.575] Allocated cache and file handles         database=/mnt/state_expiry_vol_data/ubt-vs-pbt-dbs/ubt/geth/chaindata cache=2.00GiB handles=262,144
INFO [06-01|04:54:23.326] Opened ancient database                  database=/mnt/state_expiry_vol_data/ubt-vs-pbt-dbs/ubt/geth/chaindata/ancient/chain readonly=false
INFO [06-01|04:54:23.327] Opened Era store                         datadir=/mnt/state_expiry_vol_data/ubt-vs-pbt-dbs/ubt/geth/chaindata/ancient/chain/era
INFO [06-01|04:54:23.331] State scheme set to already existing     scheme=path
INFO [06-01|04:54:23.332] Initialising Ethereum protocol           network=1337 dbversion=9
WARN [06-01|04:54:23.332] Sanitizing invalid node buffer size      provided=1.00GiB updated=256.00MiB
INFO [06-01|04:54:23.332] Load database journal from disk
INFO [06-01|04:54:23.332] Failed to load journal, discard it       err="journal not found"
INFO [06-01|04:54:23.510] Opened ancient database                  database=/mnt/state_expiry_vol_data/ubt-vs-pbt-dbs/ubt/geth/chaindata/ancient/state_verkle readonly=false
INFO [06-01|04:54:23.510] State snapshot generator is not compatible
INFO [06-01|04:54:23.510] Initialized path database                triecache=614.00MiB statecache=409.00MiB buffer=256.00MiB state-history="last 90000 blocks" journal-dir=/mnt/state_expiry_vol_data/ubt-vs-pbt-dbs/ubt/geth/triedb verkle=true
INFO [06-01|04:54:23.510] 
INFO [06-01|04:54:23.510] ---------------------------------------------------------------------------------------------------------------------------------------------------------
INFO [06-01|04:54:23.510] Chain ID:  1337 (unknown)
INFO [06-01|04:54:23.510] Consensus: unknown
INFO [06-01|04:54:23.510] 
INFO [06-01|04:54:23.510] Pre-Merge hard forks (block based):
INFO [06-01|04:54:23.510]  - Homestead:                   #0       
INFO [06-01|04:54:23.510]  - Tangerine Whistle (EIP 150): #0       
INFO [06-01|04:54:23.510]  - Spurious Dragon/1 (EIP 155): #0       
INFO [06-01|04:54:23.510]  - Spurious Dragon/2 (EIP 158): #0       
INFO [06-01|04:54:23.510]  - Byzantium:                   #0       
INFO [06-01|04:54:23.510]  - Constantinople:              #0       
INFO [06-01|04:54:23.510]  - Petersburg:                  #0       
INFO [06-01|04:54:23.510]  - Istanbul:                    #0       
INFO [06-01|04:54:23.510]  - Berlin:                      #0       
INFO [06-01|04:54:23.510]  - London:                      #0       
INFO [06-01|04:54:23.510]  - Arrow Glacier:               #0       
INFO [06-01|04:54:23.510]  - Gray Glacier:                #0       
INFO [06-01|04:54:23.510] 
INFO [06-01|04:54:23.510] Merge configured:
INFO [06-01|04:54:23.510]  - Total terminal difficulty:  0
INFO [06-01|04:54:23.510]  - Merge netsplit block:       #0       
INFO [06-01|04:54:23.510] 
INFO [06-01|04:54:23.510] Post-Merge hard forks (timestamp based):
INFO [06-01|04:54:23.510]  - Shanghai:                    @0         
INFO [06-01|04:54:23.510]  - Cancun:                      @0          blob: (target: 3, max: 6, fraction: 3338477)
INFO [06-01|04:54:23.510]  - Prague:                      @0          blob: (target: 6, max: 9, fraction: 5007716)
INFO [06-01|04:54:23.510]  - Osaka:                       @0          blob: (target: 6, max: 9, fraction: 5007716)
INFO [06-01|04:54:23.510]  - UBT:                         @0          blob: (nil)
INFO [06-01|04:54:23.510] 
INFO [06-01|04:54:23.510] All fork specifications can be found at https://ethereum.github.io/execution-specs/src/ethereum/forks/
INFO [06-01|04:54:23.510] 
INFO [06-01|04:54:23.510] ---------------------------------------------------------------------------------------------------------------------------------------------------------
INFO [06-01|04:54:23.510] 
INFO [06-01|04:54:23.511] Loaded most recent local block           number=0 hash=bede89..cd2837 age=57y2mo3w
INFO [06-01|04:54:23.515] Initialized transaction indexer          range="last 2350000 blocks"
INFO [06-01|04:54:24.001] Enabled full-sync                        head=0 hash=bede89..cd2837
INFO [06-01|04:54:24.001] Unprotected transactions allowed
INFO [06-01|04:54:24.002] Gasprice oracle is ignoring threshold set threshold=2
INFO [06-01|04:54:24.002] Registered sync override service
WARN [06-01|04:54:24.002] You are running Geth in --dev mode. Please note the following:
WARN [06-01|04:54:24.002] 
WARN [06-01|04:54:24.002]   1. This mode is only intended for fast, iterative development without assumptions on
WARN [06-01|04:54:24.002]      security or persistence.
WARN [06-01|04:54:24.002]   2. The database is created in memory unless specified otherwise. Therefore, shutting down
WARN [06-01|04:54:24.002]      your computer or losing power will wipe your entire block data and chain state for
WARN [06-01|04:54:24.002]      your dev environment.
WARN [06-01|04:54:24.002]   3. A random, pre-allocated developer account will be available and unlocked as
WARN [06-01|04:54:24.002]      eth.coinbase, which can be used for testing. The random dev account is temporary,
WARN [06-01|04:54:24.002]      stored on a ramdisk, and will be lost if your machine is restarted.
WARN [06-01|04:54:24.002]   4. Mining is enabled by default. However, the client will only seal blocks if transactions
WARN [06-01|04:54:24.002]      are pending in the mempool. The miner's minimum accepted gas price is 1.
WARN [06-01|04:54:24.002]   5. Networking is disabled; there is no listen-address, the maximum number of peers is set
WARN [06-01|04:54:24.002]      to 0, and discovery is disabled.
WARN [06-01|04:54:24.002] 
INFO [06-01|04:54:24.002] Starting peer-to-peer node               instance=Geth/v1.17.3-unstable/linux-amd64/go1.24.9
WARN [06-01|04:54:24.002] P2P server will be useless, neither dialing nor listening
INFO [06-01|04:54:24.045] IPC endpoint opened                      url=/mnt/state_expiry_vol_data/ubt-vs-pbt-dbs/ubt/geth.ipc
ERROR[06-01|04:54:24.045] Unavailable modules in HTTP API list     unavailable=[personal] available="[admin debug web3 eth txpool miner net dev testing]"
INFO [06-01|04:54:24.045] New local node record                    seq=1,780,289,664,044 id=c084d8867e8cc127 ip=127.0.0.1 udp=0 tcp=0
INFO [06-01|04:54:24.045] Started P2P networking                   self=enode://ed0ccbffbfc0dc9f1b0f8e55d585ad3e61215b1974f32d9388e7ae53563e3ebe0172c21d754fa202c3a63f95bef3ff3ea24339ffdabd0115c47ec5b8d33136a9@127.0.0.1:0
INFO [06-01|04:54:24.046] HTTP server started                      endpoint=127.0.0.1:8545 auth=false prefix= cors= vhosts=localhost
INFO [06-01|04:54:24.046] WebSocket enabled                        url=ws://127.0.0.1:8546
INFO [06-01|04:54:24.046] Started log indexer
INFO [06-01|04:54:24.083] Starting work on payload                 id=0x03f2c60da990bba6
INFO [06-01|04:54:24.102] Updated payload                          id=0x03f2c60da990bba6 number=1 hash=d434e9..6f24a5 txs=0 withdrawals=0 gas=0 fees=0 root=365745..a22fa4 elapsed=19.387ms
INFO [06-01|04:54:24.103] Stopping work on payload                 id=0x03f2c60da990bba6 reason=delivery
WARN [06-01|04:54:24.108] {"level":"warn","msg":"Slow block","block":{"number":1,"hash":"0xd434e90f36969c9139ddfcdd6d794b59b7214bcec2da1c1e01660253cd6f24a5","gas_used":0,"tx_count":0},"timing":{"execution_ms":0.085625,"state_read_ms":4.620102,"state_hash_ms":0.002741,"commit_ms":0.18224,"total_ms":5.152122},"throughput":{"mgas_per_sec":0},"state_reads":{"accounts":4,"storage_slots":0,"code":0,"code_bytes":0},"state_writes":{"accounts":0,"accounts_deleted":0,"storage_slots":0,"storage_slots_deleted":0,"code":0,"code_bytes":0},"cache":{"account":{"hits":0,"misses":4,"hit_rate":0},"storage":{"hits":0,"misses":0,"hit_rate":0},"code":{"hits":0,"misses":0,"hit_rate":0,"hit_bytes":0,"miss_bytes":0}}}
INFO [06-01|04:54:24.108] Imported new potential chain segment     number=1 hash=d434e9..6f24a5 blocks=1 txs=0 mgas=0.000 elapsed=5.540ms  mgasps=0.000 triedirty=0.00B
INFO [06-01|04:54:24.108] Chain head was updated                   number=1 hash=d434e9..6f24a5 root=365745..a22fa4 elapsed="70.245µs"
INFO [06-01|04:54:24.109] Indexed transactions                     blocks=2 txs=0 tail=0 elapsed="70.863µs"
INFO [06-01|04:54:24.412] Submitted contract creation              hash=0xe45b3a0b3689db6f1e7387987b0b7d05a4fb9ffaf308ef77ccc40033ac522ad3 from=0xf39Fd6e51aad88F6F4ce6aB8827279cffFb92266 nonce=0 contract=0x5FbDB2315678afecb367f032d93F642f64180aa3 value=0
INFO [06-01|04:54:24.413] Submitted transaction                    hash=0x2cc814f148afb2a8f85e61a077371481dc46852b6ddc1fb8f288781e6f513dd0 from=0xf39Fd6e51aad88F6F4ce6aB8827279cffFb92266 nonce=1 recipient=0x5FbDB2315678afecb367f032d93F642f64180aa3 value=60,000,000,000,000,000,000
INFO [06-01|04:54:25.114] Starting work on payload                 id=0x0333045ede8c1741
INFO [06-01|04:54:25.159] Updated payload                          id=0x0333045ede8c1741 number=2 hash=456636..25187b txs=2 withdrawals=0 gas=428,963 fees=0.0123997148 root=2aada0..1970cb elapsed=45.047ms
INFO [06-01|04:54:25.159] Stopping work on payload                 id=0x0333045ede8c1741 reason=delivery
WARN [06-01|04:54:25.189] {"level":"warn","msg":"Slow block","block":{"number":2,"hash":"0x456636daf41746b09b38f580d8b02c4d8bd76a319dfea3404891f06d1325187b","gas_used":428963,"tx_count":2},"timing":{"execution_ms":1.955624,"state_read_ms":9.248851,"state_hash_ms":15.404913,"commit_ms":1.96637,"total_ms":28.902852},"throughput":{"mgas_per_sec":14.84154574088398},"state_reads":{"accounts":41,"storage_slots":0,"code":0,"code_bytes":0},"state_writes":{"accounts":13,"accounts_deleted":0,"storage_slots":0,"storage_slots_deleted":0,"code":1,"code_bytes":57},"cache":{"account":{"hits":24,"misses":17,"hit_rate":58.536585365853654},"storage":{"hits":0,"misses":0,"hit_rate":0},"code":{"hits":0,"misses":0,"hit_rate":0,"hit_bytes":0,"miss_bytes":0}}}
INFO [06-01|04:54:25.189] Imported new potential chain segment     number=2 hash=456636..25187b blocks=1 txs=2 mgas=0.429 elapsed=29.128ms   mgasps=14.727 triediffs=54.41KiB triedirty=0.00B
INFO [06-01|04:54:25.189] Chain head was updated                   number=2 hash=456636..25187b root=2aada0..1970cb elapsed="170.924µs"
INFO [06-01|04:54:26.207] Starting work on payload                 id=0x0314c2ca8681befb
INFO [06-01|04:54:26.223] Updated payload                          id=0x0314c2ca8681befb number=3 hash=e370d9..07ad3f txs=0 withdrawals=0 gas=0       fees=0            root=2aada0..1970cb elapsed=16.310ms
INFO [06-01|04:54:26.224] Stopping work on payload                 id=0x0314c2ca8681befb reason=delivery
WARN [06-01|04:54:26.232] {"level":"warn","msg":"Slow block","block":{"number":3,"hash":"0xe370d97bbffa09123b84a65c5369039d4852badcd7e1997424f655f2a807ad3f","gas_used":0,"tx_count":0},"timing":{"execution_ms":0.029251,"state_read_ms":6.400794,"state_hash_ms":0.004535,"commit_ms":0.432242,"total_ms":8.355567},"throughput":{"mgas_per_sec":0},"state_reads":{"accounts":4,"storage_slots":0,"code":0,"code_bytes":0},"state_writes":{"accounts":0,"accounts_deleted":0,"storage_slots":0,"storage_slots_deleted":0,"code":0,"code_bytes":0},"cache":{"account":{"hits":0,"misses":4,"hit_rate":0},"storage":{"hits":0,"misses":0,"hit_rate":0},"code":{"hits":0,"misses":0,"hit_rate":0,"hit_bytes":0,"miss_bytes":0}}}
INFO [06-01|04:54:26.232] Imported new potential chain segment     number=3 hash=e370d9..07ad3f blocks=1 txs=0 mgas=0.000 elapsed=8.500ms     mgasps=0.000  triediffs=54.41KiB triedirty=0.00B
INFO [06-01|04:54:26.233] Chain head was updated                   number=3 hash=e370d9..07ad3f root=2aada0..1970cb elapsed="77.542µs"
INFO [06-01|04:54:27.249] Starting work on payload                 id=0x0303e8142adbe2ef
INFO [06-01|04:54:27.266] Updated payload                          id=0x0303e8142adbe2ef number=4 hash=ee4f57..c4e6f6 txs=0 withdrawals=0 gas=0       fees=0            root=2aada0..1970cb elapsed=16.804ms
INFO [06-01|04:54:27.266] Stopping work on payload                 id=0x0303e8142adbe2ef reason=delivery
WARN [06-01|04:54:27.275] {"level":"warn","msg":"Slow block","block":{"number":4,"hash":"0xee4f57ef069120606011ba001646509891b7af95e565a3d69ff875569bc4e6f6","gas_used":0,"tx_count":0},"timing":{"execution_ms":0.049169,"state_read_ms":3.743651,"state_hash_ms":0.003235,"commit_ms":0.466706,"total_ms":8.971415},"throughput":{"mgas_per_sec":0},"state_reads":{"accounts":4,"storage_slots":0,"code":0,"code_bytes":0},"state_writes":{"accounts":0,"accounts_deleted":0,"storage_slots":0,"storage_slots_deleted":0,"code":0,"code_bytes":0},"cache":{"account":{"hits":0,"misses":4,"hit_rate":0},"storage":{"hits":0,"misses":0,"hit_rate":0},"code":{"hits":0,"misses":0,"hit_rate":0,"hit_bytes":0,"miss_bytes":0}}}
INFO [06-01|04:54:27.275] Imported new potential chain segment     number=4 hash=ee4f57..c4e6f6 blocks=1 txs=0 mgas=0.000 elapsed=9.142ms     mgasps=0.000  triediffs=54.41KiB triedirty=0.00B
INFO [06-01|04:54:27.276] Chain head was updated                   number=4 hash=ee4f57..c4e6f6 root=2aada0..1970cb elapsed="66.431µs"
INFO [06-01|04:54:27.308] Submitted contract creation              hash=0x466eeba2d3088b0d36f0dc7622e2d78a3cd721b3bcbe92153a031023a3426ef4 from=0x108846eF1C6B49b146E33AA2751A04A1b9CD2c92 nonce=0 contract=0x7dc4d193051240848c7F4F19679e8514B148080f value=0
INFO [06-01|04:54:28.297] Starting work on payload                 id=0x0398b811c2bd080c
INFO [06-01|04:54:28.334] Updated payload                          id=0x0398b811c2bd080c number=5 hash=6be252..538430 txs=1 withdrawals=0 gas=92518   fees=0.000185036  root=6f5610..1c04f3 elapsed=36.368ms
INFO [06-01|04:54:28.334] Stopping work on payload                 id=0x0398b811c2bd080c reason=delivery
WARN [06-01|04:54:28.360] {"level":"warn","msg":"Slow block","block":{"number":5,"hash":"0x6be2525f2cc1e012649b9e467525c3bac3175b5edf8dcc7596b872d0f6538430","gas_used":92518,"tx_count":1},"timing":{"execution_ms":0.240147,"state_read_ms":22.142363,"state_hash_ms":2.680506,"commit_ms":0.404623,"total_ms":25.917913},"throughput":{"mgas_per_sec":3.5696547017500984},"state_reads":{"accounts":9,"storage_slots":0,"code":0,"code_bytes":0},"state_writes":{"accounts":3,"accounts_deleted":0,"storage_slots":0,"storage_slots_deleted":0,"code":1,"code_bytes":869},"cache":{"account":{"hits":4,"misses":5,"hit_rate":44.44444444444444},"storage":{"hits":0,"misses":0,"hit_rate":0},"code":{"hits":0,"misses":0,"hit_rate":0,"hit_bytes":0,"miss_bytes":0}}}
INFO [06-01|04:54:28.360] Imported new potential chain segment     number=5 hash=6be252..538430 blocks=1 txs=1 mgas=0.093 elapsed=26.059ms    mgasps=3.550  triediffs=68.87KiB triedirty=0.00B
INFO [06-01|04:54:28.361] Chain head was updated                   number=5 hash=6be252..538430 root=6f5610..1c04f3 elapsed="143.883µs"
INFO [06-01|04:54:29.368] Starting work on payload                 id=0x035014fcf08a403a
INFO [06-01|04:54:29.373] Updated payload                          id=0x035014fcf08a403a number=6 hash=09712a..68c3a9 txs=0 withdrawals=0 gas=0       fees=0            root=6f5610..1c04f3 elapsed=5.187ms
INFO [06-01|04:54:29.373] Stopping work on payload                 id=0x035014fcf08a403a reason=delivery
WARN [06-01|04:54:29.386] {"level":"warn","msg":"Slow block","block":{"number":6,"hash":"0x09712ab945b0493e7d0f76441c34ce7ca8fc106dc2939c306fb2ed8a9d68c3a9","gas_used":0,"tx_count":0},"timing":{"execution_ms":0.031006,"state_read_ms":12.715499,"state_hash_ms":0.002115,"commit_ms":0.102341,"total_ms":13.023593},"throughput":{"mgas_per_sec":0},"state_reads":{"accounts":4,"storage_slots":0,"code":0,"code_bytes":0},"state_writes":{"accounts":0,"accounts_deleted":0,"storage_slots":0,"storage_slots_deleted":0,"code":0,"code_bytes":0},"cache":{"account":{"hits":0,"misses":4,"hit_rate":0},"storage":{"hits":0,"misses":0,"hit_rate":0},"code":{"hits":0,"misses":0,"hit_rate":0,"hit_bytes":0,"miss_bytes":0}}}
INFO [06-01|04:54:29.386] Imported new potential chain segment     number=6 hash=09712a..68c3a9 blocks=1 txs=0 mgas=0.000 elapsed=13.167ms    mgasps=0.000  triediffs=68.87KiB triedirty=0.00B
INFO [06-01|04:54:29.387] Chain head was updated                   number=6 hash=09712a..68c3a9 root=6f5610..1c04f3 elapsed="34.454µs"
INFO [06-01|04:54:30.297] Submitted transaction                    hash=0x8cd274e41845052680d964336a29881bca4cd126990f5543cc105e078a57bbf1 from=0xbc7A668f0B1595d535B4a2de710461E1C6eba785 nonce=0 recipient=0x7dc4d193051240848c7F4F19679e8514B148080f value=0
INFO [06-01|04:54:30.411] Starting work on payload                 id=0x03f3416e9bc6ed89
INFO [06-01|04:54:30.537] Submitted transaction                    hash=0xeed26d9e8e061b64dbd348a0a312067d90bf4991373268b5f222a5f1fde4fc7f from=0x97D85277E62c57d15268b3E644cdbbDA3706fBEa nonce=0 recipient=0x7dc4d193051240848c7F4F19679e8514B148080f value=0
INFO [06-01|04:54:30.777] Submitted transaction                    hash=0xc9c13acbd49cdaad4d2c15113028e33960cd339bd6e183ab001386c532bdfb36 from=0x151775b94274FeE3696377A0B616a1221AC71326 nonce=0 recipient=0x7dc4d193051240848c7F4F19679e8514B148080f value=0
INFO [06-01|04:54:31.018] Submitted transaction                    hash=0x5b898f066a9aeb09b64224fdd684dd71a517dd9e53974cfeb312fc940a12c77f from=0xcA56D5B749835d8Ab9cA8c1c4123e9B5002Fc0Ff nonce=0 recipient=0x7dc4d193051240848c7F4F19679e8514B148080f value=0
INFO [06-01|04:54:31.258] Submitted transaction                    hash=0x52a2405ae9c886dbd913d0c4fc2b2ce28a2d51393e87bfcf57c5257d84bd8b28 from=0xfB403fD865ddcc1C79F9987EDD0ADabC47C24bB9 nonce=0 recipient=0x7dc4d193051240848c7F4F19679e8514B148080f value=0
INFO [06-01|04:54:31.498] Submitted transaction                    hash=0x0199a5d5aa2adb3a0eb88bbe244dc309b71da92ccf55c427fbcd70321c6de425 from=0x9e8E8A4256457eF170586329D9a01487aA0bA29e nonce=0 recipient=0x7dc4d193051240848c7F4F19679e8514B148080f value=0
INFO [06-01|04:54:31.648] Updated payload                          id=0x03f3416e9bc6ed89 number=7 hash=57c4a5..2283f5 txs=1 withdrawals=0 gas=5,748,583 fees=0.011497166  root=13f027..6c9779 elapsed=1.237s
INFO [06-01|04:54:31.649] Stopping work on payload                 id=0x03f3416e9bc6ed89 reason=delivery
WARN [06-01|04:54:31.719] {"level":"warn","msg":"Slow block","block":{"number":7,"hash":"0x57c4a5d8fe1fe1e9106e60622a45a5a47dfff7ae194957d8d83ee9d6782283f5","gas_used":5748583,"tx_count":1},"timing":{"execution_ms":0.791472,"state_read_ms":26.902743,"state_hash_ms":27.80521,"commit_ms":9.21567,"total_ms":70.312379},"throughput":{"mgas_per_sec":81.75776558491927},"state_reads":{"accounts":10,"storage_slots":256,"code":1,"code_bytes":869},"state_writes":{"accounts":4,"accounts_deleted":0,"storage_slots":256,"storage_slots_deleted":0,"code":1,"code_bytes":28},"cache":{"account":{"hits":5,"misses":5,"hit_rate":50},"storage":{"hits":190,"misses":66,"hit_rate":74.21875},"code":{"hits":1,"misses":0,"hit_rate":100,"hit_bytes":869,"miss_bytes":0}}}
INFO [06-01|04:54:31.719] Imported new potential chain segment     number=7 hash=57c4a5..2283f5 blocks=1 txs=1 mgas=5.749 elapsed=70.491ms    mgasps=81.550 triediffs=939.36KiB triedirty=0.00B
INFO [06-01|04:54:31.720] Chain head was updated                   number=7 hash=57c4a5..2283f5 root=13f027..6c9779 elapsed="92.911µs"
INFO [06-01|04:54:31.738] Submitted transaction                    hash=0x200a8d15b7950224e567d6085cd057d08b78b3f76c2d89b07ecf98ec5ed7bf43 from=0x5AFc7eaFAA1e34De8e6fB9b014CFD08b18377F26 nonce=0 recipient=0x7dc4d193051240848c7F4F19679e8514B148080f value=0
INFO [06-01|04:54:31.977] Submitted transaction                    hash=0x8d248594c60a2a3c1c0cd62bdc9480b06dfdab55cebafd4a63f9c2d97b7e6ed6 from=0x513978fc4d7fF9951AA177D59C7A1b9AA777119a nonce=0 recipient=0x7dc4d193051240848c7F4F19679e8514B148080f value=0
INFO [06-01|04:54:32.217] Submitted transaction                    hash=0x08c206113a3190eb464fe99679f3d32abbf27cb8072930b76c81207cbe0ea617 from=0x225bD09Ef41092086C35444d335Df887A0691eD0 nonce=0 recipient=0x7dc4d193051240848c7F4F19679e8514B148080f value=0
INFO [06-01|04:54:32.459] Submitted transaction                    hash=0x0b1b4e5678921716c1f7f4ad6cdf9c541bbb0b8cacc88de5b313ed26a9599bf4 from=0x0A114598D397AB388E751b917300055F2904166F nonce=0 recipient=0x7dc4d193051240848c7F4F19679e8514B148080f value=0
INFO [06-01|04:54:32.698] Submitted transaction                    hash=0x29324bab664e4ab11681081b5e22de5659fc82434d4b4c86e0c0ad279495d8d9 from=0xbc7A668f0B1595d535B4a2de710461E1C6eba785 nonce=1 recipient=0x7dc4d193051240848c7F4F19679e8514B148080f value=0
INFO [06-01|04:54:32.726] Starting work on payload                 id=0x035932540467b5ae
INFO [06-01|04:54:32.938] Submitted transaction                    hash=0xba5ec704f6f0ffb468059686027861967dde79819985e10ddf1ac98f2aedb29f from=0x97D85277E62c57d15268b3E644cdbbDA3706fBEa nonce=1 recipient=0x7dc4d193051240848c7F4F19679e8514B148080f value=0
INFO [06-01|04:54:33.177] Submitted transaction                    hash=0x3acf31afb68490fccc6b76181a413bfffda3d4dabe36739e0d12a6309e0cc801 from=0x151775b94274FeE3696377A0B616a1221AC71326 nonce=1 recipient=0x7dc4d193051240848c7F4F19679e8514B148080f value=0
INFO [06-01|04:54:33.417] Submitted transaction                    hash=0x59042d0590b50959594da4405d7269015abf42a1160de9eb309d3d98206993ff from=0xcA56D5B749835d8Ab9cA8c1c4123e9B5002Fc0Ff nonce=1 recipient=0x7dc4d193051240848c7F4F19679e8514B148080f value=0
INFO [06-01|04:54:33.657] Submitted transaction                    hash=0x89aef7357f795ce876b63ccc385255830f9e5b24abf56f469b44129596667b24 from=0xfB403fD865ddcc1C79F9987EDD0ADabC47C24bB9 nonce=1 recipient=0x7dc4d193051240848c7F4F19679e8514B148080f value=0
INFO [06-01|04:54:33.897] Submitted transaction                    hash=0x1f0c023bc247e4829a14ed1272293c0f659612faa7d7c6039327811e0641ffe3 from=0x9e8E8A4256457eF170586329D9a01487aA0bA29e nonce=1 recipient=0x7dc4d193051240848c7F4F19679e8514B148080f value=0
INFO [06-01|04:54:34.137] Submitted transaction                    hash=0x58fa50548126cb01fdb8f7b834b0cf080cf8644307fa878224e321bfe17a9fcd from=0x5AFc7eaFAA1e34De8e6fB9b014CFD08b18377F26 nonce=1 recipient=0x7dc4d193051240848c7F4F19679e8514B148080f value=0
INFO [06-01|04:54:34.377] Submitted transaction                    hash=0x04a53bb908b402058e0f1906fac54b730568db3060fdc692c8557c6692b9c780 from=0x513978fc4d7fF9951AA177D59C7A1b9AA777119a nonce=1 recipient=0x7dc4d193051240848c7F4F19679e8514B148080f value=0
INFO [06-01|04:54:34.617] Submitted transaction                    hash=0xd883a01cb739852d2775bb774c181531ce42a04f29369dc471675f512d364594 from=0x225bD09Ef41092086C35444d335Df887A0691eD0 nonce=1 recipient=0x7dc4d193051240848c7F4F19679e8514B148080f value=0
INFO [06-01|04:54:34.858] Submitted transaction                    hash=0xab59cab73dd6237d7fc912af96937a4cb7c4ca2848e53f36d56b18c92c742803 from=0x0A114598D397AB388E751b917300055F2904166F nonce=1 recipient=0x7dc4d193051240848c7F4F19679e8514B148080f value=0
WARN [06-01|04:54:34.928] Block building is interrupted            allowance=2s
INFO [06-01|04:54:35.010] Updated payload                          id=0x035932540467b5ae number=8 hash=f55dde..83c028 txs=3 withdrawals=0 gas=17,245,785 fees=0.03449157   root=a70fd9..44b63e elapsed=2.283s
INFO [06-01|04:54:35.101] Submitted transaction                    hash=0x645a93157cc979702a40fff482d00c58c89399b96313b44d6fb3d6bf95924aa8 from=0xbc7A668f0B1595d535B4a2de710461E1C6eba785 nonce=2 recipient=0x7dc4d193051240848c7F4F19679e8514B148080f value=0
WARN [06-01|04:54:35.208] {"level":"warn","msg":"Slow block","block":{"number":8,"hash":"0xf55ddea743bd6730e510c0e4522ad298597c217b447c0f99fc127caf5383c028","gas_used":17245785,"tx_count":3},"timing":{"execution_ms":6.097528,"state_read_ms":62.31085,"state_hash_ms":91.233947,"commit_ms":28.001975,"total_ms":196.49223},"throughput":{"mgas_per_sec":87.76827969228096},"state_reads":{"accounts":18,"storage_slots":768,"code":1,"code_bytes":869},"state_writes":{"accounts":8,"accounts_deleted":0,"storage_slots":768,"storage_slots_deleted":0,"code":3,"code_bytes":84},"cache":{"account":{"hits":12,"misses":6,"hit_rate":66.66666666666666},"storage":{"hits":566,"misses":202,"hit_rate":73.69791666666666},"code":{"hits":1,"misses":0,"hit_rate":100,"hit_bytes":869,"miss_bytes":0}}}
INFO [06-01|04:54:35.208] Imported new potential chain segment     number=8 hash=f55dde..83c028 blocks=1 txs=3 mgas=17.246 elapsed=196.712ms   mgasps=87.670 triediffs=3.26MiB   triedirty=0.00B
INFO [06-01|04:54:35.208] Chain head was updated                   number=8 hash=f55dde..83c028 root=a70fd9..44b63e elapsed="93.019µs"
INFO [06-01|04:54:35.338] Submitted transaction                    hash=0x9369e948458f73a702c69c7133b2b73d854b25fe2e9d94d36d7453255ec3330e from=0x97D85277E62c57d15268b3E644cdbbDA3706fBEa nonce=2 recipient=0x7dc4d193051240848c7F4F19679e8514B148080f value=0
INFO [06-01|04:54:35.578] Submitted transaction                    hash=0xb6eb23a2a789ff98de4d47415361f5711f12e7e9875b89ca8f9434c951f37d0d from=0x151775b94274FeE3696377A0B616a1221AC71326 nonce=2 recipient=0x7dc4d193051240848c7F4F19679e8514B148080f value=0
INFO [06-01|04:54:35.817] Submitted transaction                    hash=0x3ea2eba447f0cd7717b72b2a4444daf9796641625b24760b2f07dc254359166c from=0xcA56D5B749835d8Ab9cA8c1c4123e9B5002Fc0Ff nonce=2 recipient=0x7dc4d193051240848c7F4F19679e8514B148080f value=0
INFO [06-01|04:54:36.057] Submitted transaction                    hash=0x21310b2d1bdbfbdd384de21c782ec1507e1f043c9451b0bd00df98806e4a869e from=0xfB403fD865ddcc1C79F9987EDD0ADabC47C24bB9 nonce=2 recipient=0x7dc4d193051240848c7F4F19679e8514B148080f value=0
INFO [06-01|04:54:36.234] Starting work on payload                 id=0x034850232af8baa1
INFO [06-01|04:54:36.297] Submitted transaction                    hash=0xe5abc59300c666239bdfee0d973186eb81857f7a44ac3a46af8b1334481e56dd from=0x9e8E8A4256457eF170586329D9a01487aA0bA29e nonce=2 recipient=0x7dc4d193051240848c7F4F19679e8514B148080f value=0
INFO [06-01|04:54:36.538] Submitted transaction                    hash=0xea3f66ff2e4a987ef7f35649f50e41e1569ea1bdd759b15cdcf6608af2f29a11 from=0x5AFc7eaFAA1e34De8e6fB9b014CFD08b18377F26 nonce=2 recipient=0x7dc4d193051240848c7F4F19679e8514B148080f value=0
INFO [06-01|04:54:36.663] Stopping work on payload                 id=0x035932540467b5ae reason=delivery
INFO [06-01|04:54:36.777] Submitted transaction                    hash=0xc22fc2499a704ae26f868e5f3609bfb76ebb8e6a06a4f945d6d26df20652e38e from=0x513978fc4d7fF9951AA177D59C7A1b9AA777119a nonce=2 recipient=0x7dc4d193051240848c7F4F19679e8514B148080f value=0
INFO [06-01|04:54:37.017] Submitted transaction                    hash=0xa9189e5ebb1a41bfd12b41f8b90f641e660701e2c9fc0cf551846160c86e7a81 from=0x225bD09Ef41092086C35444d335Df887A0691eD0 nonce=2 recipient=0x7dc4d193051240848c7F4F19679e8514B148080f value=0
INFO [06-01|04:54:37.257] Submitted transaction                    hash=0xdef5b587db4a2b5932e502325da31c82254bf6c8baaa61cb485e1cad309372c4 from=0x0A114598D397AB388E751b917300055F2904166F nonce=2 recipient=0x7dc4d193051240848c7F4F19679e8514B148080f value=0
INFO [06-01|04:54:37.497] Submitted transaction                    hash=0x12d96fecd2f292ce6bdea7de423c6e863aa6afb6baae44289b37f8cd899a572d from=0xbc7A668f0B1595d535B4a2de710461E1C6eba785 nonce=3 recipient=0x7dc4d193051240848c7F4F19679e8514B148080f value=0
INFO [06-01|04:54:37.738] Submitted transaction                    hash=0xd57b7d0263b5510c6e826fb3b3800c6f03c5873762a4db3b40166c85a4e05357 from=0x97D85277E62c57d15268b3E644cdbbDA3706fBEa nonce=3 recipient=0x7dc4d193051240848c7F4F19679e8514B148080f value=0
INFO [06-01|04:54:37.977] Submitted transaction                    hash=0x48488a78140f3dafdfd4adcf8350a1d192dcddb6b4d11e415c63f2b53cd848bd from=0x151775b94274FeE3696377A0B616a1221AC71326 nonce=3 recipient=0x7dc4d193051240848c7F4F19679e8514B148080f value=0
INFO [06-01|04:54:38.217] Submitted transaction                    hash=0x30939e265b4376d5dcf733db79cfa17d304a056b7ca86b935d4e005f42a524af from=0xcA56D5B749835d8Ab9cA8c1c4123e9B5002Fc0Ff nonce=3 recipient=0x7dc4d193051240848c7F4F19679e8514B148080f value=0
WARN [06-01|04:54:38.451] Block building is interrupted            allowance=2s
INFO [06-01|04:54:38.462] Submitted transaction                    hash=0x37ec3b7e8d8c1a11259e6ad4cbe0af603be738ea774e6fe55daf8df2f78356aa from=0xfB403fD865ddcc1C79F9987EDD0ADabC47C24bB9 nonce=3 recipient=0x7dc4d193051240848c7F4F19679e8514B148080f value=0
INFO [06-01|04:54:38.556] Updated payload                          id=0x034850232af8baa1 number=9 hash=c6d08f..736752 txs=5 withdrawals=0 gas=28,742,975 fees=0.05748595   root=8e2885..670b06 elapsed=2.321s
INFO [06-01|04:54:38.698] Submitted transaction                    hash=0x513f51b4125b495c8d30a6bb9705895f10563e950a40e179856b99bb63a7d1c9 from=0x9e8E8A4256457eF170586329D9a01487aA0bA29e nonce=3 recipient=0x7dc4d193051240848c7F4F19679e8514B148080f value=0
INFO [06-01|04:54:38.782] Stopping work on payload                 id=0x034850232af8baa1 reason=delivery
WARN [06-01|04:54:38.840] {"level":"warn","msg":"Slow block","block":{"number":9,"hash":"0xc6d08f3c2f5a418f2828a7c2498491788afdf1876a2b7ea07fa374c310736752","gas_used":28742975,"tx_count":5},"timing":{"execution_ms":3.775805,"state_read_ms":93.418508,"state_hash_ms":137.312943,"commit_ms":38.032559,"total_ms":283.736236},"throughput":{"mgas_per_sec":101.30174208697123},"state_reads":{"accounts":26,"storage_slots":1280,"code":1,"code_bytes":869},"state_writes":{"accounts":12,"accounts_deleted":0,"storage_slots":1280,"storage_slots_deleted":0,"code":5,"code_bytes":140},"cache":{"account":{"hits":21,"misses":5,"hit_rate":80.76923076923077},"storage":{"hits":820,"misses":460,"hit_rate":64.0625},"code":{"hits":1,"misses":0,"hit_rate":100,"hit_bytes":869,"miss_bytes":0}}}
INFO [06-01|04:54:38.840] Imported new potential chain segment     number=9 hash=c6d08f..736752 blocks=1 txs=5 mgas=28.743 elapsed=283.978ms   mgasps=101.215 triediffs=6.90MiB   triedirty=0.00B
INFO [06-01|04:54:38.841] Chain head was updated                   number=9 hash=c6d08f..736752 root=8e2885..670b06 elapsed="170.939µs"
INFO [06-01|04:54:38.937] Submitted transaction                    hash=0xcf06fd8a7a9eb6dbbc8fdb0f33b7f7ae185ac0c748b1ae4adfc33884e79846c9 from=0x5AFc7eaFAA1e34De8e6fB9b014CFD08b18377F26 nonce=3 recipient=0x7dc4d193051240848c7F4F19679e8514B148080f value=0
INFO [06-01|04:54:39.177] Submitted transaction                    hash=0x6484a69191b0bab5610fee85d25f5dcc722ac86d64e6860afdc750c5ba89d0a4 from=0x513978fc4d7fF9951AA177D59C7A1b9AA777119a nonce=3 recipient=0x7dc4d193051240848c7F4F19679e8514B148080f value=0
INFO [06-01|04:54:39.417] Submitted transaction                    hash=0x2d2dd72198a7acae503c20ed1deb4b4293e92ea500e1554ef9597a5ee81214f0 from=0x225bD09Ef41092086C35444d335Df887A0691eD0 nonce=3 recipient=0x7dc4d193051240848c7F4F19679e8514B148080f value=0
INFO [06-01|04:54:39.658] Submitted transaction                    hash=0x57da4957ee1ce3c563ceb06f8df56112bdab1ae2241c575cfe8da880327d79ab from=0x0A114598D397AB388E751b917300055F2904166F nonce=3 recipient=0x7dc4d193051240848c7F4F19679e8514B148080f value=0
INFO [06-01|04:54:39.859] Starting work on payload                 id=0x03dec07c6bbd93f3
INFO [06-01|04:54:39.897] Submitted transaction                    hash=0x8cb473b2e8ef73854fe5c196c74469412076d2e38ea54f4306d6e919e469dee4 from=0xbc7A668f0B1595d535B4a2de710461E1C6eba785 nonce=4 recipient=0x7dc4d193051240848c7F4F19679e8514B148080f value=0
INFO [06-01|04:54:40.137] Submitted transaction                    hash=0xf9b9ec1331867a45b1574d468a8b16ad20cd8c407837ce65b763a26bc6a171ad from=0x97D85277E62c57d15268b3E644cdbbDA3706fBEa nonce=4 recipient=0x7dc4d193051240848c7F4F19679e8514B148080f value=0
INFO [06-01|04:54:40.377] Submitted transaction                    hash=0xdb9334078c4b3a956dcd621ca3eced8fa29bbc6b2df6cc9678ad551f283d050f from=0x151775b94274FeE3696377A0B616a1221AC71326 nonce=4 recipient=0x7dc4d193051240848c7F4F19679e8514B148080f value=0
INFO [06-01|04:54:40.618] Submitted transaction                    hash=0xf6c0d11d8d2047b9fb40d2e9ba6584cdc7adef8b5ddde020defcd8d82bac1e47 from=0xcA56D5B749835d8Ab9cA8c1c4123e9B5002Fc0Ff nonce=4 recipient=0x7dc4d193051240848c7F4F19679e8514B148080f value=0
INFO [06-01|04:54:40.857] Submitted transaction                    hash=0xbe9b1383d8f31e9fb5436ebf009a52eaf23cbe0de58940df09a689473054d610 from=0xfB403fD865ddcc1C79F9987EDD0ADabC47C24bB9 nonce=4 recipient=0x7dc4d193051240848c7F4F19679e8514B148080f value=0
INFO [06-01|04:54:41.097] Submitted transaction                    hash=0xe219ab0edc3f455f5d778efb3a0874d473f14bd983a595811c6f128c39b3f222 from=0x9e8E8A4256457eF170586329D9a01487aA0bA29e nonce=4 recipient=0x7dc4d193051240848c7F4F19679e8514B148080f value=0
INFO [06-01|04:54:41.337] Submitted transaction                    hash=0xdd8499a9b56973a046f00af2c642cad3053682b692059997b0b2f32dc22b8f4c from=0x5AFc7eaFAA1e34De8e6fB9b014CFD08b18377F26 nonce=4 recipient=0x7dc4d193051240848c7F4F19679e8514B148080f value=0
INFO [06-01|04:54:41.577] Submitted transaction                    hash=0xa9e8d4bb3c6143dc267a1a06225125e5f0d2cc981d02dbc97527709e51157a1f from=0x513978fc4d7fF9951AA177D59C7A1b9AA777119a nonce=4 recipient=0x7dc4d193051240848c7F4F19679e8514B148080f value=0
INFO [06-01|04:54:41.817] Submitted transaction                    hash=0x503514556ba46d1741d19720c1348484bd8a7eeb28877d587a23f5c840bffbcb from=0x225bD09Ef41092086C35444d335Df887A0691eD0 nonce=4 recipient=0x7dc4d193051240848c7F4F19679e8514B148080f value=0
INFO [06-01|04:54:42.057] Submitted transaction                    hash=0x0cb92bcee3d20b922b66e7d4ed91e9505c31644d69339050adb4c8757a2d0391 from=0x0A114598D397AB388E751b917300055F2904166F nonce=4 recipient=0x7dc4d193051240848c7F4F19679e8514B148080f value=0
INFO [06-01|04:54:42.297] Submitted transaction                    hash=0x5ec21c05b384a51ae83ab9fdfac66748f2fc3680efd16251619720d3327e6b44 from=0xbc7A668f0B1595d535B4a2de710461E1C6eba785 nonce=5 recipient=0x7dc4d193051240848c7F4F19679e8514B148080f value=0
WARN [06-01|04:54:42.352] Block building is interrupted            allowance=2s
INFO [06-01|04:54:42.448] Updated payload                          id=0x03dec07c6bbd93f3 number=10 hash=d87ce9..df3ea0 txs=4 withdrawals=0 gas=22,994,380 fees=0.04598876   root=c0ca2f..b18fe2 elapsed=2.588s
INFO [06-01|04:54:42.537] Submitted transaction                    hash=0x242e6897da9c590615a806b3d7bfa011bcd50ca15a63da48a17a549a6fb8e278 from=0x97D85277E62c57d15268b3E644cdbbDA3706fBEa nonce=5 recipient=0x7dc4d193051240848c7F4F19679e8514B148080f value=0
WARN [06-01|04:54:42.674] {"level":"warn","msg":"Slow block","block":{"number":10,"hash":"0xd87ce9d9f596dfb547ae273dbf44baad9fad28d392e19ebf05482c6cabdf3ea0","gas_used":22994380,"tx_count":4},"timing":{"execution_ms":4.151812,"state_read_ms":69.181762,"state_hash_ms":100.712852,"commit_ms":39.870122,"total_ms":224.578496},"throughput":{"mgas_per_sec":102.38905509457148},"state_reads":{"accounts":22,"storage_slots":1024,"code":1,"code_bytes":869},"state_writes":{"accounts":10,"accounts_deleted":0,"storage_slots":1024,"storage_slots_deleted":0,"code":4,"code_bytes":112},"cache":{"account":{"hits":17,"misses":5,"hit_rate":77.27272727272727},"storage":{"hits":851,"misses":173,"hit_rate":83.10546875},"code":{"hits":1,"misses":0,"hit_rate":100,"hit_bytes":869,"miss_bytes":0}}}
INFO [06-01|04:54:42.674] Imported new potential chain segment     number=10 hash=d87ce9..df3ea0 blocks=1 txs=4 mgas=22.994 elapsed=224.833ms   mgasps=102.273 triediffs=9.88MiB   triedirty=0.00B
INFO [06-01|04:54:42.674] Chain head was updated                   number=10 hash=d87ce9..df3ea0 root=c0ca2f..b18fe2 elapsed="118.609µs"
INFO [06-01|04:54:42.777] Submitted transaction                    hash=0xdfaa001212c39d7a1089aa148c672c0c27a1ec7314c6731fd57bd2c92138a8c2 from=0x151775b94274FeE3696377A0B616a1221AC71326 nonce=5 recipient=0x7dc4d193051240848c7F4F19679e8514B148080f value=0
INFO [06-01|04:54:43.017] Submitted transaction                    hash=0x9bd1415c579ea67c8aaf245e78831a0ee7e7b6f04bbdc0d80a1730f61f8e24e6 from=0xcA56D5B749835d8Ab9cA8c1c4123e9B5002Fc0Ff nonce=5 recipient=0x7dc4d193051240848c7F4F19679e8514B148080f value=0
INFO [06-01|04:54:43.238] Stopping work on payload                 id=0x03dec07c6bbd93f3 reason=delivery
INFO [06-01|04:54:43.257] Submitted transaction                    hash=0xf7db17ac6fa7d7a2ff58cc8af84f4de30d671cf3334bdce206604a9f158d0f4a from=0xfB403fD865ddcc1C79F9987EDD0ADabC47C24bB9 nonce=5 recipient=0x7dc4d193051240848c7F4F19679e8514B148080f value=0
INFO [06-01|04:54:43.497] Submitted transaction                    hash=0xe621710e1e8f2bb7beb2512e55fdf774b9e8153a29988690535dee580f96648a from=0x9e8E8A4256457eF170586329D9a01487aA0bA29e nonce=5 recipient=0x7dc4d193051240848c7F4F19679e8514B148080f value=0
INFO [06-01|04:54:43.689] Starting work on payload                 id=0x038e399942e19317
INFO [06-01|04:54:43.738] Submitted transaction                    hash=0x62d850a0abf913559db0cca049c247a66a88f1d2bc4a4633645a7f6f67fa0cc8 from=0x5AFc7eaFAA1e34De8e6fB9b014CFD08b18377F26 nonce=5 recipient=0x7dc4d193051240848c7F4F19679e8514B148080f value=0
INFO [06-01|04:54:43.977] Submitted transaction                    hash=0xf7b7d2e918d3a546be9f34a19e839f21065507b23d223abd1e99def170642842 from=0x513978fc4d7fF9951AA177D59C7A1b9AA777119a nonce=5 recipient=0x7dc4d193051240848c7F4F19679e8514B148080f value=0
INFO [06-01|04:54:44.218] Submitted transaction                    hash=0xffafd743e252e470a28cee61939b3d64afce3a1114d0fa878adb00af87c714e3 from=0x225bD09Ef41092086C35444d335Df887A0691eD0 nonce=5 recipient=0x7dc4d193051240848c7F4F19679e8514B148080f value=0
INFO [06-01|04:54:44.457] Submitted transaction                    hash=0x66e517dbb3406a87710979b583ab58ee1d912b8a24a2da949ac5acd18edc1c98 from=0x0A114598D397AB388E751b917300055F2904166F nonce=5 recipient=0x7dc4d193051240848c7F4F19679e8514B148080f value=0
INFO [06-01|04:54:44.697] Submitted transaction                    hash=0xe3b810ca02e8b1faa0015f88fa0b38809f35b00dd1b025507d686664a79b3b19 from=0xbc7A668f0B1595d535B4a2de710461E1C6eba785 nonce=6 recipient=0x7dc4d193051240848c7F4F19679e8514B148080f value=0
INFO [06-01|04:54:44.937] Submitted transaction                    hash=0x9aaf254d7ceb8dd773f20d381555e5c161e21be62480d4e47b25c9d20c93b276 from=0x97D85277E62c57d15268b3E644cdbbDA3706fBEa nonce=6 recipient=0x7dc4d193051240848c7F4F19679e8514B148080f value=0
INFO [06-01|04:54:45.178] Submitted transaction                    hash=0xe7c6362cba14cc8d0ce4c2e97016c41c4535db79151cf0bd3e8ae4bacd62b302 from=0x151775b94274FeE3696377A0B616a1221AC71326 nonce=6 recipient=0x7dc4d193051240848c7F4F19679e8514B148080f value=0
INFO [06-01|04:54:45.417] Submitted transaction                    hash=0x1c98714030f5aa91db8621c7ba1633b41f014f842736d5326b8c333a29109f3b from=0xcA56D5B749835d8Ab9cA8c1c4123e9B5002Fc0Ff nonce=6 recipient=0x7dc4d193051240848c7F4F19679e8514B148080f value=0
INFO [06-01|04:54:45.658] Submitted transaction                    hash=0xbd6d136f630888e961f9859853e73aecf5fa5fd4b9367482534348778680d1bb from=0xfB403fD865ddcc1C79F9987EDD0ADabC47C24bB9 nonce=6 recipient=0x7dc4d193051240848c7F4F19679e8514B148080f value=0
INFO [06-01|04:54:45.897] Submitted transaction                    hash=0x2226c3e79e1d08a000108a855723d009c8e44115c28daf315e7056a04dbc88d8 from=0x9e8E8A4256457eF170586329D9a01487aA0bA29e nonce=6 recipient=0x7dc4d193051240848c7F4F19679e8514B148080f value=0
WARN [06-01|04:54:46.071] Block building is interrupted            allowance=2s
INFO [06-01|04:54:46.138] Submitted transaction                    hash=0x4e7750ea306d87a2d89c7a598dda21741b3c5973602298e26734c3000697c304 from=0x5AFc7eaFAA1e34De8e6fB9b014CFD08b18377F26 nonce=6 recipient=0x7dc4d193051240848c7F4F19679e8514B148080f value=0
INFO [06-01|04:54:46.179] Updated payload                          id=0x038e399942e19317 number=11 hash=9fff73..d1e479 txs=5 withdrawals=0 gas=28,742,975 fees=0.05748595   root=f6d119..b4988d elapsed=2.490s
INFO [06-01|04:54:46.377] Submitted transaction                    hash=0x76025373d3be51d3da44b0d20f21dd019cd938d8feda9953b20097224c88d3e0 from=0x513978fc4d7fF9951AA177D59C7A1b9AA777119a nonce=6 recipient=0x7dc4d193051240848c7F4F19679e8514B148080f value=0
INFO [06-01|04:54:46.415] Stopping work on payload                 id=0x038e399942e19317 reason=delivery
WARN [06-01|04:54:46.450] {"level":"warn","msg":"Slow block","block":{"number":11,"hash":"0x9fff73973e96dbb69caff2844e4d899bd108f71a64fd459b62795cb608d1e479","gas_used":28742975,"tx_count":5},"timing":{"execution_ms":14.567502,"state_read_ms":86.075748,"state_hash_ms":127.660767,"commit_ms":41.274125,"total_ms":269.809562},"throughput":{"mgas_per_sec":106.53060175828757},"state_reads":{"accounts":26,"storage_slots":1280,"code":1,"code_bytes":869},"state_writes":{"accounts":12,"accounts_deleted":0,"storage_slots":1280,"storage_slots_deleted":0,"code":5,"code_bytes":140},"cache":{"account":{"hits":19,"misses":7,"hit_rate":73.07692307692307},"storage":{"hits":923,"misses":357,"hit_rate":72.109375},"code":{"hits":1,"misses":0,"hit_rate":100,"hit_bytes":869,"miss_bytes":0}}}
INFO [06-01|04:54:46.450] Imported new potential chain segment     number=11 hash=9fff73..d1e479 blocks=1 txs=5 mgas=28.743 elapsed=270.007ms   mgasps=106.452 triediffs=13.52MiB  triedirty=0.00B
INFO [06-01|04:54:46.450] Chain head was updated                   number=11 hash=9fff73..d1e479 root=f6d119..b4988d elapsed="112.011µs"
INFO [06-01|04:54:46.618] Submitted transaction                    hash=0x8e72fb8547401726c35ac957b3636e64c382dbe977533c74344d10697373d2b7 from=0x225bD09Ef41092086C35444d335Df887A0691eD0 nonce=6 recipient=0x7dc4d193051240848c7F4F19679e8514B148080f value=0
INFO [06-01|04:54:46.858] Submitted transaction                    hash=0xbb5fa7726f8b0d5fedef422b62da19b5e2d4beee45271548184f9deb34cdbba5 from=0x0A114598D397AB388E751b917300055F2904166F nonce=6 recipient=0x7dc4d193051240848c7F4F19679e8514B148080f value=0
INFO [06-01|04:54:47.098] Submitted transaction                    hash=0xbdd3ee03c9f4ec76fd351ce5b2623e1ad63670af5a353b46295bd63775ad7d66 from=0xbc7A668f0B1595d535B4a2de710461E1C6eba785 nonce=7 recipient=0x7dc4d193051240848c7F4F19679e8514B148080f value=0
INFO [06-01|04:54:47.337] Submitted transaction                    hash=0x787380758b8712daa3992d119f8853a13feb9bb258c58e230b43b59f3efb53f6 from=0x97D85277E62c57d15268b3E644cdbbDA3706fBEa nonce=7 recipient=0x7dc4d193051240848c7F4F19679e8514B148080f value=0
INFO [06-01|04:54:47.453] Starting work on payload                 id=0x03d4180d40c698f8
INFO [06-01|04:54:47.578] Submitted transaction                    hash=0x36e2044cc5ee91870b8c3d8cf529942a4c758b1227f6e93237c6328ca003a944 from=0x151775b94274FeE3696377A0B616a1221AC71326 nonce=7 recipient=0x7dc4d193051240848c7F4F19679e8514B148080f value=0
INFO [06-01|04:54:47.817] Submitted transaction                    hash=0x6b3b50aed56fe279c6e1cc5f097ad8a867e75de8c58d2c68df09b432135f07e9 from=0xcA56D5B749835d8Ab9cA8c1c4123e9B5002Fc0Ff nonce=7 recipient=0x7dc4d193051240848c7F4F19679e8514B148080f value=0
INFO [06-01|04:54:48.059] Submitted transaction                    hash=0xf7e312e2760da1c659ca8db4cec517726b63e760e9c67f4f703328c8f6f26f6e from=0xfB403fD865ddcc1C79F9987EDD0ADabC47C24bB9 nonce=7 recipient=0x7dc4d193051240848c7F4F19679e8514B148080f value=0
INFO [06-01|04:54:48.297] Submitted transaction                    hash=0xcea3fddad2e86082c98da421a20011a3e8387dcf834d772ebf0ef40adb5297ea from=0x9e8E8A4256457eF170586329D9a01487aA0bA29e nonce=7 recipient=0x7dc4d193051240848c7F4F19679e8514B148080f value=0
INFO [06-01|04:54:48.538] Submitted transaction                    hash=0xe97d32608ec56e066f1b5a5ab36bcc22020c3ffe70d8debc821ffe9768501197 from=0x5AFc7eaFAA1e34De8e6fB9b014CFD08b18377F26 nonce=7 recipient=0x7dc4d193051240848c7F4F19679e8514B148080f value=0
INFO [06-01|04:54:48.777] Submitted transaction                    hash=0x5cb89534bd9559768a4901d75204729f9b56048d6e3d113d684426afd11058d8 from=0x513978fc4d7fF9951AA177D59C7A1b9AA777119a nonce=7 recipient=0x7dc4d193051240848c7F4F19679e8514B148080f value=0
INFO [06-01|04:54:49.017] Submitted transaction                    hash=0xf4e5d7482a26d6299f3db4f4ac429eff33bad181fa25e0d556b63c55cb4747f1 from=0x225bD09Ef41092086C35444d335Df887A0691eD0 nonce=7 recipient=0x7dc4d193051240848c7F4F19679e8514B148080f value=0
INFO [06-01|04:54:49.257] Submitted transaction                    hash=0x4b9164e34fa831b0578c23f7b4ba1924aa480398880251cf3df4e95aa1a34591 from=0x0A114598D397AB388E751b917300055F2904166F nonce=7 recipient=0x7dc4d193051240848c7F4F19679e8514B148080f value=0
INFO [06-01|04:54:49.497] Submitted transaction                    hash=0xf93c80f04a794c823456decd1741f2633a324eed57a9265f4a0aebe9fff1b10b from=0xbc7A668f0B1595d535B4a2de710461E1C6eba785 nonce=8 recipient=0x7dc4d193051240848c7F4F19679e8514B148080f value=0
INFO [06-01|04:54:49.738] Submitted transaction                    hash=0xcaf3df5666676797ce4ef92ed0188a60160243e78992e447bcd198642b813ece from=0x97D85277E62c57d15268b3E644cdbbDA3706fBEa nonce=8 recipient=0x7dc4d193051240848c7F4F19679e8514B148080f value=0
WARN [06-01|04:54:49.760] Block building is interrupted            allowance=2s
INFO [06-01|04:54:49.862] Updated payload                          id=0x03d4180d40c698f8 number=12 hash=11c767..531d1d txs=4 withdrawals=0 gas=22,994,380 fees=0.04598876   root=ccb35d..20e6c2 elapsed=2.408s
INFO [06-01|04:54:49.977] Submitted transaction                    hash=0x3ecb7a157ae6ce312019432133cc70cb0a0dd50dc51e7b81dc8ec3d774617205 from=0x151775b94274FeE3696377A0B616a1221AC71326 nonce=8 recipient=0x7dc4d193051240848c7F4F19679e8514B148080f value=0
WARN [06-01|04:54:50.080] {"level":"warn","msg":"Slow block","block":{"number":12,"hash":"0x11c767f6f6f0719ec398b895905103f51bb4d0341eb5b21fb2165b0668531d1d","gas_used":22994380,"tx_count":4},"timing":{"execution_ms":3.175271,"state_read_ms":74.015168,"state_hash_ms":101.704985,"commit_ms":37.991493,"total_ms":217.253889},"throughput":{"mgas_per_sec":105.84105125041053},"state_reads":{"accounts":22,"storage_slots":1024,"code":1,"code_bytes":869},"state_writes":{"accounts":10,"accounts_deleted":0,"storage_slots":1024,"storage_slots_deleted":0,"code":4,"code_bytes":112},"cache":{"account":{"hits":16,"misses":6,"hit_rate":72.72727272727273},"storage":{"hits":782,"misses":242,"hit_rate":76.3671875},"code":{"hits":1,"misses":0,"hit_rate":100,"hit_bytes":869,"miss_bytes":0}}}
INFO [06-01|04:54:50.080] Imported new potential chain segment     number=12 hash=11c767..531d1d blocks=1 txs=4 mgas=22.994 elapsed=217.458ms   mgasps=105.741 triediffs=16.51MiB  triedirty=0.00B
INFO [06-01|04:54:50.080] Chain head was updated                   number=12 hash=11c767..531d1d root=ccb35d..20e6c2 elapsed="114.178µs"
INFO [06-01|04:54:50.217] Submitted transaction                    hash=0x1226cdff5176400484794c2aff9e2202cd6d615ec90bf4f8ccaf15031ed2b718 from=0xcA56D5B749835d8Ab9cA8c1c4123e9B5002Fc0Ff nonce=8 recipient=0x7dc4d193051240848c7F4F19679e8514B148080f value=0
INFO [06-01|04:54:50.459] Submitted transaction                    hash=0x06e29eaa39809c646677226ab95e48149d7b9d7ba826a548e514f144034f6335 from=0xfB403fD865ddcc1C79F9987EDD0ADabC47C24bB9 nonce=8 recipient=0x7dc4d193051240848c7F4F19679e8514B148080f value=0
INFO [06-01|04:54:50.664] Stopping work on payload                 id=0x03d4180d40c698f8 reason=delivery
INFO [06-01|04:54:50.698] Submitted transaction                    hash=0xeb6238fe9ca40e6add57165d2a19324934f5563caab241618c91ecbff1654d0b from=0x9e8E8A4256457eF170586329D9a01487aA0bA29e nonce=8 recipient=0x7dc4d193051240848c7F4F19679e8514B148080f value=0
INFO [06-01|04:54:50.937] Submitted transaction                    hash=0x3b9d9084be5e2470880e48e3c712af9dbf6a3e1d2fda1a81efaf235db08cd657 from=0x5AFc7eaFAA1e34De8e6fB9b014CFD08b18377F26 nonce=8 recipient=0x7dc4d193051240848c7F4F19679e8514B148080f value=0
INFO [06-01|04:54:51.098] Starting work on payload                 id=0x03814a9cbf509184
INFO [06-01|04:54:51.178] Submitted transaction                    hash=0x3515992de90ef121c4e6943fafd86a9e317fbdd91afb9cbbd65a923a85971236 from=0x513978fc4d7fF9951AA177D59C7A1b9AA777119a nonce=8 recipient=0x7dc4d193051240848c7F4F19679e8514B148080f value=0
INFO [06-01|04:54:51.417] Submitted transaction                    hash=0x05ba174e65815e2c71684a41b6d7b6e2e4db363b227f3beaaa11061881d5c22e from=0x225bD09Ef41092086C35444d335Df887A0691eD0 nonce=8 recipient=0x7dc4d193051240848c7F4F19679e8514B148080f value=0
INFO [06-01|04:54:51.657] Submitted transaction                    hash=0x904b965e874026ae72bf043821d1d356628b56ced370221cda89a7811dd1eb80 from=0x0A114598D397AB388E751b917300055F2904166F nonce=8 recipient=0x7dc4d193051240848c7F4F19679e8514B148080f value=0
INFO [06-01|04:54:51.898] Submitted transaction                    hash=0xb02233aa81cbe48152d97ad88a66522886ce9084d78819a7f8380bb5453e6a79 from=0xbc7A668f0B1595d535B4a2de710461E1C6eba785 nonce=9 recipient=0x7dc4d193051240848c7F4F19679e8514B148080f value=0
INFO [06-01|04:54:52.137] Submitted transaction                    hash=0x5a7ce04d354fd98c92671c54dcedfbcddd8dda04186dd18ad07ca5a999931232 from=0x97D85277E62c57d15268b3E644cdbbDA3706fBEa nonce=9 recipient=0x7dc4d193051240848c7F4F19679e8514B148080f value=0
INFO [06-01|04:54:52.377] Submitted transaction                    hash=0x0b8f00b166704a1f4f6086efba207bea0eeb4cdac91239c1e81e7e29b7744f51 from=0x151775b94274FeE3696377A0B616a1221AC71326 nonce=9 recipient=0x7dc4d193051240848c7F4F19679e8514B148080f value=0
INFO [06-01|04:54:52.618] Submitted transaction                    hash=0x8e48f8e7d4688ff82c4cfb6018a955593084af4f9321a74b75f85841c2475b57 from=0xcA56D5B749835d8Ab9cA8c1c4123e9B5002Fc0Ff nonce=9 recipient=0x7dc4d193051240848c7F4F19679e8514B148080f value=0
INFO [06-01|04:54:52.857] Submitted transaction                    hash=0xfdd711d36a6abc6b994f2d020c21b507c02817a5f9b58aeeb218590d796cfdcf from=0xfB403fD865ddcc1C79F9987EDD0ADabC47C24bB9 nonce=9 recipient=0x7dc4d193051240848c7F4F19679e8514B148080f value=0
INFO [06-01|04:54:53.098] Submitted transaction                    hash=0x21f18bcd39f7ee23e1a37db03aaaaf16a5d16ce8be9070cb46a3e549a7e24d09 from=0x9e8E8A4256457eF170586329D9a01487aA0bA29e nonce=9 recipient=0x7dc4d193051240848c7F4F19679e8514B148080f value=0
WARN [06-01|04:54:53.247] Block building is interrupted            allowance=2s
INFO [06-01|04:54:53.337] Submitted transaction                    hash=0xf3f2c1434924942c9dfee18480a8dea8564c5b323f1e0c0537ffdd88477aa5a2 from=0x5AFc7eaFAA1e34De8e6fB9b014CFD08b18377F26 nonce=9 recipient=0x7dc4d193051240848c7F4F19679e8514B148080f value=0
INFO [06-01|04:54:53.356] Updated payload                          id=0x03814a9cbf509184 number=13 hash=d86140..f18dda txs=5 withdrawals=0 gas=28,742,975 fees=0.05748595   root=31321e..32bc9d elapsed=2.257s
INFO [06-01|04:54:53.578] Submitted transaction                    hash=0xc03f16f2025d20a9fce86093a92769cc89d4f0d5758a25f2441f16fc5ba85a62 from=0x513978fc4d7fF9951AA177D59C7A1b9AA777119a nonce=9 recipient=0x7dc4d193051240848c7F4F19679e8514B148080f value=0
INFO [06-01|04:54:53.581] Stopping work on payload                 id=0x03814a9cbf509184 reason=delivery
WARN [06-01|04:54:53.631] {"level":"warn","msg":"Slow block","block":{"number":13,"hash":"0xd861408b84bb793e81879bd14d21fc1393fb649b797330e597f102cfcbf18dda","gas_used":28742975,"tx_count":5},"timing":{"execution_ms":4.730967,"state_read_ms":90.555297,"state_hash_ms":123.623813,"commit_ms":43.43374,"total_ms":274.381244},"throughput":{"mgas_per_sec":104.75561150236639},"state_reads":{"accounts":26,"storage_slots":1280,"code":1,"code_bytes":869},"state_writes":{"accounts":12,"accounts_deleted":0,"storage_slots":1280,"storage_slots_deleted":0,"code":5,"code_bytes":140},"cache":{"account":{"hits":20,"misses":6,"hit_rate":76.92307692307693},"storage":{"hits":1077,"misses":203,"hit_rate":84.140625},"code":{"hits":1,"misses":0,"hit_rate":100,"hit_bytes":869,"miss_bytes":0}}}
INFO [06-01|04:54:53.631] Imported new potential chain segment     number=13 hash=d86140..f18dda blocks=1 txs=5 mgas=28.743 elapsed=274.581ms   mgasps=104.679 triediffs=20.14MiB  triedirty=0.00B
INFO [06-01|04:54:53.631] Chain head was updated                   number=13 hash=d86140..f18dda root=31321e..32bc9d elapsed="118.476µs"
INFO [06-01|04:54:53.817] Submitted transaction                    hash=0xd4282c255922e821090f85981b2f0795f27e7def8a8b4c978954909f967bbd22 from=0x225bD09Ef41092086C35444d335Df887A0691eD0 nonce=9 recipient=0x7dc4d193051240848c7F4F19679e8514B148080f value=0
INFO [06-01|04:54:54.057] Submitted transaction                    hash=0xff51c6484ece1cb728f80089b41f72f050b1e513acdb7affa6be720693ec9410 from=0x0A114598D397AB388E751b917300055F2904166F nonce=9 recipient=0x7dc4d193051240848c7F4F19679e8514B148080f value=0
INFO [06-01|04:54:54.297] Submitted transaction                    hash=0x7bb780e84913d8df3389698b1d3775d7f0d6cc13c00b6f442c68bd92e0625386 from=0xbc7A668f0B1595d535B4a2de710461E1C6eba785 nonce=10 recipient=0x7dc4d193051240848c7F4F19679e8514B148080f value=0
INFO [06-01|04:54:54.538] Submitted transaction                    hash=0x53624ef970afb7920232dbce1ecdd7c9ec9894e741cb12dcb845562dca42679a from=0x97D85277E62c57d15268b3E644cdbbDA3706fBEa nonce=10 recipient=0x7dc4d193051240848c7F4F19679e8514B148080f value=0
INFO [06-01|04:54:54.646] Starting work on payload                 id=0x0339740cb55d3ed0
INFO [06-01|04:54:54.778] Submitted transaction                    hash=0xf61665c590127972c34fc401f62fdc0eedd004955b8e1e9ecbcadd3dfb62e094 from=0x151775b94274FeE3696377A0B616a1221AC71326 nonce=10 recipient=0x7dc4d193051240848c7F4F19679e8514B148080f value=0
INFO [06-01|04:54:55.018] Submitted transaction                    hash=0xc3ac7539bb416c51bb41a304fe3fb57c05fd3fbffd4f26d3d25bcf021d394887 from=0xcA56D5B749835d8Ab9cA8c1c4123e9B5002Fc0Ff nonce=10 recipient=0x7dc4d193051240848c7F4F19679e8514B148080f value=0
INFO [06-01|04:54:55.257] Submitted transaction                    hash=0x2efa636a080823bbf36c16c2f888edff2cbe0c726f6367ef2c4a602dace53656 from=0xfB403fD865ddcc1C79F9987EDD0ADabC47C24bB9 nonce=10 recipient=0x7dc4d193051240848c7F4F19679e8514B148080f value=0
INFO [06-01|04:54:55.497] Submitted transaction                    hash=0x303d1a37e8325fce19667a806994d53b3a2bcf47915b4b819a3a2e26b722210f from=0x9e8E8A4256457eF170586329D9a01487aA0bA29e nonce=10 recipient=0x7dc4d193051240848c7F4F19679e8514B148080f value=0
INFO [06-01|04:54:55.737] Submitted transaction                    hash=0x01194c52dcbce1e12380d63b36ca2196c4d82a47b1e10ffcbd58f79132025b5d from=0x5AFc7eaFAA1e34De8e6fB9b014CFD08b18377F26 nonce=10 recipient=0x7dc4d193051240848c7F4F19679e8514B148080f value=0
INFO [06-01|04:54:55.977] Submitted transaction                    hash=0xd4faa1edc709cd7ece11c4c172ee72d65661a4118c46ff1dd33134c811eb1e85 from=0x513978fc4d7fF9951AA177D59C7A1b9AA777119a nonce=10 recipient=0x7dc4d193051240848c7F4F19679e8514B148080f value=0
INFO [06-01|04:54:56.218] Submitted transaction                    hash=0xe97c7042843880689cb29d606a5613ba5a94cab81061e679755dc6cc9137d7fa from=0x225bD09Ef41092086C35444d335Df887A0691eD0 nonce=10 recipient=0x7dc4d193051240848c7F4F19679e8514B148080f value=0
INFO [06-01|04:54:56.458] Submitted transaction                    hash=0x8883fdbca1eed8830a209a31ad5912e57869144c8c85cb21155f8967b340f23d from=0x0A114598D397AB388E751b917300055F2904166F nonce=10 recipient=0x7dc4d193051240848c7F4F19679e8514B148080f value=0
INFO [06-01|04:54:56.697] Submitted transaction                    hash=0x7bde2baa72dd25ca010236719ea92b61b72b5c38e8cf1b99bf6a0cbcb11d0551 from=0xbc7A668f0B1595d535B4a2de710461E1C6eba785 nonce=11 recipient=0x7dc4d193051240848c7F4F19679e8514B148080f value=0
WARN [06-01|04:54:56.789] Block building is interrupted            allowance=2s
INFO [06-01|04:54:56.879] Updated payload                          id=0x0339740cb55d3ed0 number=14 hash=51d46c..b9bb32 txs=4 withdrawals=0 gas=22,994,380 fees=0.04598876   root=a8c3eb..6c69ef elapsed=2.232s
INFO [06-01|04:54:56.937] Submitted transaction                    hash=0x11a88c26acedeef6952e4ff66e47b99cd420eea35bb10e0a2bd141c3961bafae from=0x97D85277E62c57d15268b3E644cdbbDA3706fBEa nonce=11 recipient=0x7dc4d193051240848c7F4F19679e8514B148080f value=0
WARN [06-01|04:54:57.107] {"level":"warn","msg":"Slow block","block":{"number":14,"hash":"0x51d46c8c784ee4b8cd7c2275153006dd4e93efa3ec81d67dce27e769a9b9bb32","gas_used":22994380,"tx_count":4},"timing":{"execution_ms":3.054043,"state_read_ms":83.32327,"state_hash_ms":98.795205,"commit_ms":36.549767,"total_ms":227.148079},"throughput":{"mgas_per_sec":101.23079227097492},"state_reads":{"accounts":22,"storage_slots":1024,"code":1,"code_bytes":869},"state_writes":{"accounts":10,"accounts_deleted":0,"storage_slots":1024,"storage_slots_deleted":0,"code":4,"code_bytes":112},"cache":{"account":{"hits":15,"misses":7,"hit_rate":68.18181818181817},"storage":{"hits":620,"misses":404,"hit_rate":60.546875},"code":{"hits":1,"misses":0,"hit_rate":100,"hit_bytes":869,"miss_bytes":0}}}
INFO [06-01|04:54:57.107] Imported new potential chain segment     number=14 hash=51d46c..b9bb32 blocks=1 txs=4 mgas=22.994 elapsed=227.326ms   mgasps=101.151 triediffs=23.15MiB  triedirty=0.00B
INFO [06-01|04:54:57.107] Chain head was updated                   number=14 hash=51d46c..b9bb32 root=a8c3eb..6c69ef elapsed="129.901µs"
INFO [06-01|04:54:57.178] Submitted transaction                    hash=0x6171ee0ed9cb4bce3ebb89418b035f5c141c15d89e47e47dab080079d6556d9b from=0x151775b94274FeE3696377A0B616a1221AC71326 nonce=11 recipient=0x7dc4d193051240848c7F4F19679e8514B148080f value=0
INFO [06-01|04:54:57.417] Submitted transaction                    hash=0xddba33848220842e68f596dc86e7650a651ea0973fbd9a22714e51af69b17b7e from=0xcA56D5B749835d8Ab9cA8c1c4123e9B5002Fc0Ff nonce=11 recipient=0x7dc4d193051240848c7F4F19679e8514B148080f value=0
INFO [06-01|04:54:57.609] Stopping work on payload                 id=0x0339740cb55d3ed0 reason=delivery
INFO [06-01|04:54:57.657] Submitted transaction                    hash=0xde1b7a1ed548e9c21837f0d1455aa64152bcf8a837ec6b00d23a164553a71cc7 from=0xfB403fD865ddcc1C79F9987EDD0ADabC47C24bB9 nonce=11 recipient=0x7dc4d193051240848c7F4F19679e8514B148080f value=0
INFO [06-01|04:54:57.898] Submitted transaction                    hash=0x85d30d218aa6950b67db1f2fac2cb94c7b7e3c405fd191b22b0478afaf164e56 from=0x9e8E8A4256457eF170586329D9a01487aA0bA29e nonce=11 recipient=0x7dc4d193051240848c7F4F19679e8514B148080f value=0
INFO [06-01|04:54:58.119] Starting work on payload                 id=0x0364fe352db74da7
INFO [06-01|04:54:58.138] Submitted transaction                    hash=0xba378f47e4b8873df3316735433683a4ce5843a4a1c0426d705f986878adcdcd from=0x5AFc7eaFAA1e34De8e6fB9b014CFD08b18377F26 nonce=11 recipient=0x7dc4d193051240848c7F4F19679e8514B148080f value=0
INFO [06-01|04:54:58.378] Submitted transaction                    hash=0xceea772b3d5c4c5466a5bde3f683e1280cad359bd0b310b99532fd49e5f12454 from=0x513978fc4d7fF9951AA177D59C7A1b9AA777119a nonce=11 recipient=0x7dc4d193051240848c7F4F19679e8514B148080f value=0
INFO [06-01|04:54:58.617] Submitted transaction                    hash=0x62c904c73f7ec4f7e8956e439378171ebc36b2e2b539ce3ef3ae7b391681052c from=0x225bD09Ef41092086C35444d335Df887A0691eD0 nonce=11 recipient=0x7dc4d193051240848c7F4F19679e8514B148080f value=0
INFO [06-01|04:54:58.857] Submitted transaction                    hash=0x92249428d8f3533583e51222a13ed54f23acf05531ef379b1e16b1f91ec0e214 from=0x0A114598D397AB388E751b917300055F2904166F nonce=11 recipient=0x7dc4d193051240848c7F4F19679e8514B148080f value=0
INFO [06-01|04:54:59.098] Submitted transaction                    hash=0xae2f6e8b47d4653f9375c48a3fe54d5602b6e1c623a75148c9f4089286666753 from=0xbc7A668f0B1595d535B4a2de710461E1C6eba785 nonce=12 recipient=0x7dc4d193051240848c7F4F19679e8514B148080f value=0
INFO [06-01|04:54:59.337] Submitted transaction                    hash=0x7cad832e4cd17b8d81ef9fe53c3c03a43071e92b49501f30bbc6b6b18048d9e7 from=0x97D85277E62c57d15268b3E644cdbbDA3706fBEa nonce=12 recipient=0x7dc4d193051240848c7F4F19679e8514B148080f value=0
INFO [06-01|04:54:59.577] Submitted transaction                    hash=0x5d92760e2122e88a7358878bebd04f14094d5499ff65591bf75b6672601434ea from=0x151775b94274FeE3696377A0B616a1221AC71326 nonce=12 recipient=0x7dc4d193051240848c7F4F19679e8514B148080f value=0
INFO [06-01|04:54:59.818] Submitted transaction                    hash=0x79c68e7f6886439ec25813ac234e200112ebcd1316533a4c099cdc485e1ef5f0 from=0xcA56D5B749835d8Ab9cA8c1c4123e9B5002Fc0Ff nonce=12 recipient=0x7dc4d193051240848c7F4F19679e8514B148080f value=0
INFO [06-01|04:55:00.057] Submitted transaction                    hash=0xe0d3519ac77fe0b32d3a176ddfcbdbd590ef753513da05511d2ce0751439eac1 from=0xfB403fD865ddcc1C79F9987EDD0ADabC47C24bB9 nonce=12 recipient=0x7dc4d193051240848c7F4F19679e8514B148080f value=0
INFO [06-01|04:55:00.189] Updated payload                          id=0x0364fe352db74da7 number=15 hash=853061..eaba60 txs=5 withdrawals=0 gas=28,742,975 fees=0.05748595   root=12c0eb..5002c9 elapsed=2.070s
INFO [06-01|04:55:00.298] Submitted transaction                    hash=0x586190687a69b39cc70240b09f8feb1bb003487eb8532cd9e25f1ac8b13526f1 from=0x9e8E8A4256457eF170586329D9a01487aA0bA29e nonce=12 recipient=0x7dc4d193051240848c7F4F19679e8514B148080f value=0
INFO [06-01|04:55:00.421] Stopping work on payload                 id=0x0364fe352db74da7 reason=delivery
WARN [06-01|04:55:00.460] {"level":"warn","msg":"Slow block","block":{"number":15,"hash":"0x85306131e7edea57aae4924df1ef53d12321f067cc50cfad5a120c6ce1eaba60","gas_used":28742975,"tx_count":5},"timing":{"execution_ms":18.181239,"state_read_ms":85.813832,"state_hash_ms":120.875714,"commit_ms":44.574589,"total_ms":269.981896},"throughput":{"mgas_per_sec":106.462601477545},"state_reads":{"accounts":26,"storage_slots":1280,"code":1,"code_bytes":869},"state_writes":{"accounts":12,"accounts_deleted":0,"storage_slots":1280,"storage_slots_deleted":0,"code":5,"code_bytes":140},"cache":{"account":{"hits":20,"misses":6,"hit_rate":76.92307692307693},"storage":{"hits":924,"misses":356,"hit_rate":72.1875},"code":{"hits":1,"misses":0,"hit_rate":100,"hit_bytes":869,"miss_bytes":0}}}
INFO [06-01|04:55:00.460] Imported new potential chain segment     number=15 hash=853061..eaba60 blocks=1 txs=5 mgas=28.743 elapsed=270.195ms   mgasps=106.379 triediffs=26.79MiB  triedirty=0.00B
INFO [06-01|04:55:00.460] Chain head was updated                   number=15 hash=853061..eaba60 root=12c0eb..5002c9 elapsed="120.386µs"
INFO [06-01|04:55:00.537] Submitted transaction                    hash=0x9f6a0981c18b95dfe9bb622c982383789da36d9a4fc6a1e0aecea2ee1770e7c1 from=0x5AFc7eaFAA1e34De8e6fB9b014CFD08b18377F26 nonce=12 recipient=0x7dc4d193051240848c7F4F19679e8514B148080f value=0
INFO [06-01|04:55:00.777] Submitted transaction                    hash=0x9efa3addc139691e589bce25134a75d305f2917230167508c43bc33a1c1d3ab6 from=0x513978fc4d7fF9951AA177D59C7A1b9AA777119a nonce=12 recipient=0x7dc4d193051240848c7F4F19679e8514B148080f value=0
INFO [06-01|04:55:01.017] Submitted transaction                    hash=0x166d054d75066a4594749c7c1fbaf10e89d9c3f7d54b1c6a186333253920ec29 from=0x225bD09Ef41092086C35444d335Df887A0691eD0 nonce=12 recipient=0x7dc4d193051240848c7F4F19679e8514B148080f value=0
INFO [06-01|04:55:01.257] Submitted transaction                    hash=0x12a2bc065d643a5647f608624fa0bbb267f7f24bfd29a4660d251ad6c7aefcf0 from=0x0A114598D397AB388E751b917300055F2904166F nonce=12 recipient=0x7dc4d193051240848c7F4F19679e8514B148080f value=0
INFO [06-01|04:55:01.480] Starting work on payload                 id=0x03c6472cac7e835f
INFO [06-01|04:55:01.497] Submitted transaction                    hash=0x729d25cc06fe81963cdc0ee5289fd8d2820346095ab2deafa026665ca967f08c from=0xbc7A668f0B1595d535B4a2de710461E1C6eba785 nonce=13 recipient=0x7dc4d193051240848c7F4F19679e8514B148080f value=0
INFO [06-01|04:55:03.349] Submitted transaction                    hash=0x461ac4b20b5ec452894982012f1a6ce5e8bfbe54985bc1dc41c70ec57508b996 from=0x97D85277E62c57d15268b3E644cdbbDA3706fBEa nonce=13 recipient=0x7dc4d193051240848c7F4F19679e8514B148080f value=0
INFO [06-01|04:55:03.349] Submitted transaction                    hash=0x89073e6088f84a56b7d5346ba6c610ec5244b47de0a53dfec2b632090a5f9daa from=0x151775b94274FeE3696377A0B616a1221AC71326 nonce=13 recipient=0x7dc4d193051240848c7F4F19679e8514B148080f value=0
INFO [06-01|04:55:03.590] Submitted transaction                    hash=0xbb96c4f2dde764e5d9dfb90f21a1756dc629dd7473e641eb8da730cf0573e66d from=0xcA56D5B749835d8Ab9cA8c1c4123e9B5002Fc0Ff nonce=13 recipient=0x7dc4d193051240848c7F4F19679e8514B148080f value=0
INFO [06-01|04:55:03.829] Submitted transaction                    hash=0xd5fb95bf6ab03b1b4d490076922a088330db3a1932130d21d2e44a1146ba4cae from=0xfB403fD865ddcc1C79F9987EDD0ADabC47C24bB9 nonce=13 recipient=0x7dc4d193051240848c7F4F19679e8514B148080f value=0
WARN [06-01|04:55:03.927] Block building is interrupted            allowance=2s
INFO [06-01|04:55:04.042] Updated payload                          id=0x03c6472cac7e835f number=16 hash=7eea4d..e395c5 txs=5 withdrawals=0 gas=28,742,975 fees=0.05748595   root=02b158..7acf3a elapsed=2.562s
INFO [06-01|04:55:04.070] Submitted transaction                    hash=0x3b1f984c555649e5ceb9744e223173804b47b561565323f7eb26cdc721563e74 from=0x9e8E8A4256457eF170586329D9a01487aA0bA29e nonce=13 recipient=0x7dc4d193051240848c7F4F19679e8514B148080f value=0
INFO [06-01|04:55:04.284] Stopping work on payload                 id=0x03c6472cac7e835f reason=delivery
WARN [06-01|04:55:04.326] {"level":"warn","msg":"Slow block","block":{"number":16,"hash":"0x7eea4de4a3dcbeedbac7ca4e50edd24379c0b54fca3493af02485e4e81e395c5","gas_used":28742975,"tx_count":5},"timing":{"execution_ms":3.407772,"state_read_ms":99.058739,"state_hash_ms":123.977168,"commit_ms":44.359953,"total_ms":283.014133},"throughput":{"mgas_per_sec":101.56021077576362},"state_reads":{"accounts":26,"storage_slots":1280,"code":1,"code_bytes":869},"state_writes":{"accounts":12,"accounts_deleted":0,"storage_slots":1280,"storage_slots_deleted":0,"code":5,"code_bytes":140},"cache":{"account":{"hits":20,"misses":6,"hit_rate":76.92307692307693},"storage":{"hits":947,"misses":333,"hit_rate":73.984375},"code":{"hits":1,"misses":0,"hit_rate":100,"hit_bytes":869,"miss_bytes":0}}}
INFO [06-01|04:55:04.326] Imported new potential chain segment     number=16 hash=7eea4d..e395c5 blocks=1 txs=5 mgas=28.743 elapsed=283.327ms   mgasps=101.448 triediffs=30.44MiB  triedirty=0.00B
INFO [06-01|04:55:04.326] Chain head was updated                   number=16 hash=7eea4d..e395c5 root=02b158..7acf3a elapsed="123.088µs"
INFO [06-01|04:55:05.341] Starting work on payload                 id=0x033a730a32974a80
INFO [06-01|04:55:06.356] Submitted transaction                    hash=0xfc4f9617c93d17b69a627700a4f4fcb61279fef7d2248a1818dc341e5b9fa3c0 from=0x5AFc7eaFAA1e34De8e6fB9b014CFD08b18377F26 nonce=13 recipient=0x7dc4d193051240848c7F4F19679e8514B148080f value=0
INFO [06-01|04:55:06.356] Submitted transaction                    hash=0xd97124866f91237375733e625b40179f1d31bdde8731ebb51cf34e15dee2137a from=0x513978fc4d7fF9951AA177D59C7A1b9AA777119a nonce=13 recipient=0x7dc4d193051240848c7F4F19679e8514B148080f value=0
INFO [06-01|04:55:06.597] Submitted transaction                    hash=0x11f38a1021a1c286311e7f6ee1982829922fe857a9eaad34497389664393f930 from=0x225bD09Ef41092086C35444d335Df887A0691eD0 nonce=13 recipient=0x7dc4d193051240848c7F4F19679e8514B148080f value=0
INFO [06-01|04:55:06.836] Submitted transaction                    hash=0x6a7e0764b01f6306def541f9bd95aa16a335d324e3a91f1dfc6503030d73111b from=0x0A114598D397AB388E751b917300055F2904166F nonce=13 recipient=0x7dc4d193051240848c7F4F19679e8514B148080f value=0
INFO [06-01|04:55:07.076] Submitted transaction                    hash=0x7e4894be983ab34aa4f54749d7721338dc6297066c62c36aad300726ba679af2 from=0xbc7A668f0B1595d535B4a2de710461E1C6eba785 nonce=14 recipient=0x7dc4d193051240848c7F4F19679e8514B148080f value=0
WARN [06-01|04:55:07.731] Block building is interrupted            allowance=2s
INFO [06-01|04:55:07.836] Updated payload                          id=0x033a730a32974a80 number=17 hash=454f8c..050d8a txs=5 withdrawals=0 gas=28,742,975 fees=0.05748595   root=d4e07d..41cc47 elapsed=2.494s
INFO [06-01|04:55:08.065] Stopping work on payload                 id=0x033a730a32974a80 reason=delivery
WARN [06-01|04:55:08.113] {"level":"warn","msg":"Slow block","block":{"number":17,"hash":"0x454f8cea9f9661cfebb51835f6d68be044684a53cbab644109efe06994050d8a","gas_used":28742975,"tx_count":5},"timing":{"execution_ms":6.537302,"state_read_ms":95.933248,"state_hash_ms":124.294438,"commit_ms":49.121743,"total_ms":276.131336},"throughput":{"mgas_per_sec":104.09168121360916},"state_reads":{"accounts":26,"storage_slots":1280,"code":1,"code_bytes":869},"state_writes":{"accounts":12,"accounts_deleted":0,"storage_slots":1280,"storage_slots_deleted":0,"code":5,"code_bytes":140},"cache":{"account":{"hits":21,"misses":5,"hit_rate":80.76923076923077},"storage":{"hits":956,"misses":324,"hit_rate":74.6875},"code":{"hits":1,"misses":0,"hit_rate":100,"hit_bytes":869,"miss_bytes":0}}}
INFO [06-01|04:55:08.113] Imported new potential chain segment     number=17 hash=454f8c..050d8a blocks=1 txs=5 mgas=28.743 elapsed=276.341ms   mgasps=104.012 triediffs=34.09MiB  triedirty=0.00B
INFO [06-01|04:55:08.114] Chain head was updated                   number=17 hash=454f8c..050d8a root=d4e07d..41cc47 elapsed="126.552µs"
INFO [06-01|04:55:09.130] Starting work on payload                 id=0x033c600bfe06aa73
INFO [06-01|04:55:09.362] Submitted transaction                    hash=0x7eb42737c7944756a88b5ce6ae7b652ff514bb9fc7035b7973a245407d20ca87 from=0x97D85277E62c57d15268b3E644cdbbDA3706fBEa nonce=14 recipient=0x7dc4d193051240848c7F4F19679e8514B148080f value=0
INFO [06-01|04:55:09.362] Submitted transaction                    hash=0x58fed69af2c5ffa4406352790dfd77aa2083d963c866b49578ddee2e300aa02f from=0x151775b94274FeE3696377A0B616a1221AC71326 nonce=14 recipient=0x7dc4d193051240848c7F4F19679e8514B148080f value=0
INFO [06-01|04:55:09.603] Submitted transaction                    hash=0xe18a7488ae598ff024f79247994ac5d80228f6cbbce08a06d59f55ed59c43105 from=0xcA56D5B749835d8Ab9cA8c1c4123e9B5002Fc0Ff nonce=14 recipient=0x7dc4d193051240848c7F4F19679e8514B148080f value=0
INFO [06-01|04:55:09.842] Submitted transaction                    hash=0xfba66e6e067323d1d8847d76a62a64885dd6e95f15f9a1b39adc8ba80ea3946e from=0xfB403fD865ddcc1C79F9987EDD0ADabC47C24bB9 nonce=14 recipient=0x7dc4d193051240848c7F4F19679e8514B148080f value=0
INFO [06-01|04:55:10.082] Submitted transaction                    hash=0x54f02a859713e1ee6ca7ab9bacf940ce1992b83109683e894e04c479e27a78f0 from=0x9e8E8A4256457eF170586329D9a01487aA0bA29e nonce=14 recipient=0x7dc4d193051240848c7F4F19679e8514B148080f value=0
WARN [06-01|04:55:11.503] Block building is interrupted            allowance=2s
INFO [06-01|04:55:11.611] Updated payload                          id=0x033c600bfe06aa73 number=18 hash=5100e1..5078d0 txs=5 withdrawals=0 gas=28,742,975 fees=0.05748595   root=c9f0da..eb5ba1 elapsed=2.481s
INFO [06-01|04:55:11.830] Stopping work on payload                 id=0x033c600bfe06aa73 reason=delivery
WARN [06-01|04:55:11.886] {"level":"warn","msg":"Slow block","block":{"number":18,"hash":"0x5100e19d17e73bc64a1aaa8b7a4730964b78787e80a69828f9bdadd9105078d0","gas_used":28742975,"tx_count":5},"timing":{"execution_ms":7.661763,"state_read_ms":94.560747,"state_hash_ms":122.528602,"commit_ms":49.246724,"total_ms":274.222826},"throughput":{"mgas_per_sec":104.8161286179729},"state_reads":{"accounts":26,"storage_slots":1280,"code":1,"code_bytes":869},"state_writes":{"accounts":12,"accounts_deleted":0,"storage_slots":1280,"storage_slots_deleted":0,"code":5,"code_bytes":140},"cache":{"account":{"hits":21,"misses":5,"hit_rate":80.76923076923077},"storage":{"hits":1015,"misses":265,"hit_rate":79.296875},"code":{"hits":1,"misses":0,"hit_rate":100,"hit_bytes":869,"miss_bytes":0}}}
INFO [06-01|04:55:11.886] Imported new potential chain segment     number=18 hash=5100e1..5078d0 blocks=1 txs=5 mgas=28.743 elapsed=274.460ms   mgasps=104.725 triediffs=37.73MiB  triedirty=0.00B
INFO [06-01|04:55:11.886] Chain head was updated                   number=18 hash=5100e1..5078d0 root=c9f0da..eb5ba1 elapsed="129.523µs"
INFO [06-01|04:55:12.367] Submitted transaction                    hash=0xeb8e23f7a94502bc4a37c38d26cb7fe01f33cd6076b02e8defdae44e152173ba from=0x5AFc7eaFAA1e34De8e6fB9b014CFD08b18377F26 nonce=14 recipient=0x7dc4d193051240848c7F4F19679e8514B148080f value=0
INFO [06-01|04:55:12.367] Submitted transaction                    hash=0x2454c4203474c9c02f89fece9cc05b8a0b62fab79ba65ce617350a31ffcc9c5f from=0x513978fc4d7fF9951AA177D59C7A1b9AA777119a nonce=14 recipient=0x7dc4d193051240848c7F4F19679e8514B148080f value=0
INFO [06-01|04:55:12.608] Submitted transaction                    hash=0xda9cc054d6208e80855aa6cf756c80e9e417b64d528edf6f6a3c075780624ee1 from=0x225bD09Ef41092086C35444d335Df887A0691eD0 nonce=14 recipient=0x7dc4d193051240848c7F4F19679e8514B148080f value=0
INFO [06-01|04:55:12.848] Submitted transaction                    hash=0x0bc20b2aa7bfecbbf8e9dc436a5c21437195d23fbb02233d4264ecf891b42a83 from=0x0A114598D397AB388E751b917300055F2904166F nonce=14 recipient=0x7dc4d193051240848c7F4F19679e8514B148080f value=0
INFO [06-01|04:55:12.891] Starting work on payload                 id=0x038d08963565153d
INFO [06-01|04:55:13.088] Submitted transaction                    hash=0xd12ef2c3d62a8227299dac163a77dec95cba09546425e9f64ab96d882ed7805d from=0xbc7A668f0B1595d535B4a2de710461E1C6eba785 nonce=15 recipient=0x7dc4d193051240848c7F4F19679e8514B148080f value=0
WARN [06-01|04:55:15.232] Block building is interrupted            allowance=2s
INFO [06-01|04:55:15.346] Updated payload                          id=0x038d08963565153d number=19 hash=db68ad..a521a3 txs=5 withdrawals=0 gas=28,742,975 fees=0.05748595   root=03ab26..f9da21 elapsed=2.455s
INFO [06-01|04:55:15.579] Stopping work on payload                 id=0x038d08963565153d reason=delivery
WARN [06-01|04:55:15.625] {"level":"warn","msg":"Slow block","block":{"number":19,"hash":"0xdb68ad78f4cea5953e9688cdb4176202fcb64d250ecef721fa1f6cb7d7a521a3","gas_used":28742975,"tx_count":5},"timing":{"execution_ms":7.701698,"state_read_ms":99.00299,"state_hash_ms":120.355224,"commit_ms":50.750862,"total_ms":278.269462},"throughput":{"mgas_per_sec":103.29187684992901},"state_reads":{"accounts":26,"storage_slots":1280,"code":1,"code_bytes":869},"state_writes":{"accounts":12,"accounts_deleted":0,"storage_slots":1280,"storage_slots_deleted":0,"code":5,"code_bytes":140},"cache":{"account":{"hits":19,"misses":7,"hit_rate":73.07692307692307},"storage":{"hits":798,"misses":482,"hit_rate":62.34375},"code":{"hits":1,"misses":0,"hit_rate":100,"hit_bytes":869,"miss_bytes":0}}}
INFO [06-01|04:55:15.625] Imported new potential chain segment     number=19 hash=db68ad..a521a3 blocks=1 txs=5 mgas=28.743 elapsed=278.476ms   mgasps=103.215 triediffs=41.34MiB  triedirty=0.00B
INFO [06-01|04:55:15.625] Chain head was updated                   number=19 hash=db68ad..a521a3 root=03ab26..f9da21 elapsed="132.697µs"
INFO [06-01|04:55:16.629] Starting work on payload                 id=0x03053814ae01b63d
INFO [06-01|04:55:18.377] Submitted transaction                    hash=0x924cccc30e9a4ef581d8e92f7ee34d223606d2bae9c591c211328f909a687380 from=0x97D85277E62c57d15268b3E644cdbbDA3706fBEa nonce=15 recipient=0x7dc4d193051240848c7F4F19679e8514B148080f value=0
INFO [06-01|04:55:18.378] Submitted transaction                    hash=0x7f64c9f7f7fa1b1d74f8f9a8a7152393a1469cf379045bfe965268824aac9994 from=0x151775b94274FeE3696377A0B616a1221AC71326 nonce=15 recipient=0x7dc4d193051240848c7F4F19679e8514B148080f value=0
INFO [06-01|04:55:18.619] Submitted transaction                    hash=0x1ebd6158ce270dd312694b395f43cc904fcb748826a994223a72ae6d9f829f63 from=0xcA56D5B749835d8Ab9cA8c1c4123e9B5002Fc0Ff nonce=15 recipient=0x7dc4d193051240848c7F4F19679e8514B148080f value=0
INFO [06-01|04:55:18.859] Submitted transaction                    hash=0xe84ba30f68cff82f46598e8cd1a7e83084a7e617092fe70441b183ac7b1ac5d7 from=0xfB403fD865ddcc1C79F9987EDD0ADabC47C24bB9 nonce=15 recipient=0x7dc4d193051240848c7F4F19679e8514B148080f value=0
WARN [06-01|04:55:18.890] Block building is interrupted            allowance=2s
INFO [06-01|04:55:19.003] Updated payload                          id=0x03053814ae01b63d number=20 hash=63f8de..f89ead txs=5 withdrawals=0 gas=28,742,975 fees=0.05748595   root=c13c45..eca2d9 elapsed=2.373s
INFO [06-01|04:55:19.101] Submitted transaction                    hash=0xd628fade34f651a317d1abc7483e3ad8f727f1bf7af4db96e7951095e5371c0b from=0x9e8E8A4256457eF170586329D9a01487aA0bA29e nonce=15 recipient=0x7dc4d193051240848c7F4F19679e8514B148080f value=0
INFO [06-01|04:55:19.219] Stopping work on payload                 id=0x03053814ae01b63d reason=delivery
WARN [06-01|04:55:19.278] {"level":"warn","msg":"Slow block","block":{"number":20,"hash":"0x63f8de39e88ca9220a0271352e1e486915499fba1716c8eaaf91958186f89ead","gas_used":28742975,"tx_count":5},"timing":{"execution_ms":3.518095,"state_read_ms":102.943875,"state_hash_ms":122.264388,"commit_ms":45.53567,"total_ms":274.642031},"throughput":{"mgas_per_sec":104.65614055992762},"state_reads":{"accounts":26,"storage_slots":1280,"code":1,"code_bytes":869},"state_writes":{"accounts":12,"accounts_deleted":0,"storage_slots":1280,"storage_slots_deleted":0,"code":5,"code_bytes":140},"cache":{"account":{"hits":19,"misses":7,"hit_rate":73.07692307692307},"storage":{"hits":721,"misses":559,"hit_rate":56.32812499999999},"code":{"hits":1,"misses":0,"hit_rate":100,"hit_bytes":869,"miss_bytes":0}}}
INFO [06-01|04:55:19.278] Imported new potential chain segment     number=20 hash=63f8de..f89ead blocks=1 txs=5 mgas=28.743 elapsed=274.905ms   mgasps=104.556 triediffs=44.99MiB  triedirty=0.00B
INFO [06-01|04:55:19.279] Chain head was updated                   number=20 hash=63f8de..f89ead root=c13c45..eca2d9 elapsed="146.752µs"
INFO [06-01|04:55:20.305] Starting work on payload                 id=0x03e4b8c8a6aa2633
INFO [06-01|04:55:21.385] Submitted transaction                    hash=0x7ef2f83f65fc56a73e2c13c0895ab7de69f256364a43b33a71c873c45e22a56a from=0x5AFc7eaFAA1e34De8e6fB9b014CFD08b18377F26 nonce=15 recipient=0x7dc4d193051240848c7F4F19679e8514B148080f value=0
INFO [06-01|04:55:21.385] Submitted transaction                    hash=0x7573d61f405ad0f4c80a2cf88775c5e9e292471806600bf81efd3be74af0c7a2 from=0x513978fc4d7fF9951AA177D59C7A1b9AA777119a nonce=15 recipient=0x7dc4d193051240848c7F4F19679e8514B148080f value=0
INFO [06-01|04:55:21.626] Submitted transaction                    hash=0xe88185562687b8e9d563831bcd1e81334b14eb8cdda5eed571638891c1c2c6d5 from=0x225bD09Ef41092086C35444d335Df887A0691eD0 nonce=15 recipient=0x7dc4d193051240848c7F4F19679e8514B148080f value=0
INFO [06-01|04:55:21.865] Submitted transaction                    hash=0x39c8abfd2b74c6e91c1ea3e98583f1726317b6132340ba656ee8a22ac33f2db7 from=0x0A114598D397AB388E751b917300055F2904166F nonce=15 recipient=0x7dc4d193051240848c7F4F19679e8514B148080f value=0
INFO [06-01|04:55:22.105] Submitted transaction                    hash=0xbee043288e7688d2e2e637cc991485db66c04f2ebbc5fa30e813c3dbf05f92b9 from=0xbc7A668f0B1595d535B4a2de710461E1C6eba785 nonce=16 recipient=0x7dc4d193051240848c7F4F19679e8514B148080f value=0
WARN [06-01|04:55:22.558] Block building is interrupted            allowance=2s
INFO [06-01|04:55:22.670] Updated payload                          id=0x03e4b8c8a6aa2633 number=21 hash=5367e9..5acd25 txs=5 withdrawals=0 gas=28,742,975 fees=0.05748595   root=8ab7c0..7bc58c elapsed=2.365s
INFO [06-01|04:55:22.887] Stopping work on payload                 id=0x03e4b8c8a6aa2633 reason=delivery
WARN [06-01|04:55:22.944] {"level":"warn","msg":"Slow block","block":{"number":21,"hash":"0x5367e9cf65e3c5c8ccd2a1177902f9bdefe0ecc33b30ffabe93d03df9b5acd25","gas_used":28742975,"tx_count":5},"timing":{"execution_ms":3.518863,"state_read_ms":87.713072,"state_hash_ms":121.86502,"commit_ms":53.636955,"total_ms":273.120213},"throughput":{"mgas_per_sec":105.239281575985},"state_reads":{"accounts":26,"storage_slots":1280,"code":1,"code_bytes":869},"state_writes":{"accounts":12,"accounts_deleted":0,"storage_slots":1280,"storage_slots_deleted":0,"code":5,"code_bytes":140},"cache":{"account":{"hits":18,"misses":8,"hit_rate":69.23076923076923},"storage":{"hits":870,"misses":410,"hit_rate":67.96875},"code":{"hits":1,"misses":0,"hit_rate":100,"hit_bytes":869,"miss_bytes":0}}}
INFO [06-01|04:55:22.944] Imported new potential chain segment     number=21 hash=5367e9..5acd25 blocks=1 txs=5 mgas=28.743 elapsed=273.314ms   mgasps=105.164 triediffs=48.61MiB  triedirty=0.00B
INFO [06-01|04:55:22.944] Chain head was updated                   number=21 hash=5367e9..5acd25 root=8ab7c0..7bc58c elapsed="126.413µs"
INFO [06-01|04:55:23.948] Starting work on payload                 id=0x03fad9ef91b5aef7
INFO [06-01|04:55:24.391] Submitted transaction                    hash=0x91f9314ecb3e8cc34ed8f6a87932a976a832bf375d103da0b969bca45fced870 from=0x97D85277E62c57d15268b3E644cdbbDA3706fBEa nonce=16 recipient=0x7dc4d193051240848c7F4F19679e8514B148080f value=0
INFO [06-01|04:55:24.391] Submitted transaction                    hash=0xf20bd5597276df14e2362ccd548c59c34edaab86556bf607f3bd2df8920583c8 from=0x151775b94274FeE3696377A0B616a1221AC71326 nonce=16 recipient=0x7dc4d193051240848c7F4F19679e8514B148080f value=0
INFO [06-01|04:55:24.632] Submitted transaction                    hash=0x162db86594d59b5f64d69d5563e337be68fbc513cb1f710aeae2f41a5ae6aeeb from=0xcA56D5B749835d8Ab9cA8c1c4123e9B5002Fc0Ff nonce=16 recipient=0x7dc4d193051240848c7F4F19679e8514B148080f value=0
INFO [06-01|04:55:24.872] Submitted transaction                    hash=0x0eacbfe24ebb4ee05c9049988278606a321a34d47d2d601c16041c6098e0b466 from=0xfB403fD865ddcc1C79F9987EDD0ADabC47C24bB9 nonce=16 recipient=0x7dc4d193051240848c7F4F19679e8514B148080f value=0
INFO [06-01|04:55:25.112] Submitted transaction                    hash=0xe0d8fd520a7d808a707d5fc19c4e2ed9ef6cb4f0833996cb5170cc11e068fd24 from=0x9e8E8A4256457eF170586329D9a01487aA0bA29e nonce=16 recipient=0x7dc4d193051240848c7F4F19679e8514B148080f value=0
WARN [06-01|04:55:26.122] Block building is interrupted            allowance=2s
INFO [06-01|04:55:26.245] Updated payload                          id=0x03fad9ef91b5aef7 number=22 hash=d28cf4..49cd08 txs=5 withdrawals=0 gas=28,742,975 fees=0.05748595   root=c1c65f..037213 elapsed=2.296s
INFO [06-01|04:55:26.482] Stopping work on payload                 id=0x03fad9ef91b5aef7 reason=delivery
WARN [06-01|04:55:26.537] {"level":"warn","msg":"Slow block","block":{"number":22,"hash":"0xd28cf4bec0276aa66e393091edc8406dd5199589e5d7697d32fefc57d149cd08","gas_used":28742975,"tx_count":5},"timing":{"execution_ms":7.760405,"state_read_ms":103.342552,"state_hash_ms":127.208744,"commit_ms":52.365363,"total_ms":291.222504},"throughput":{"mgas_per_sec":98.69764391559521},"state_reads":{"accounts":26,"storage_slots":1280,"code":1,"code_bytes":869},"state_writes":{"accounts":12,"accounts_deleted":0,"storage_slots":1280,"storage_slots_deleted":0,"code":5,"code_bytes":140},"cache":{"account":{"hits":20,"misses":6,"hit_rate":76.92307692307693},"storage":{"hits":921,"misses":359,"hit_rate":71.953125},"code":{"hits":1,"misses":0,"hit_rate":100,"hit_bytes":869,"miss_bytes":0}}}
INFO [06-01|04:55:26.537] Imported new potential chain segment     number=22 hash=d28cf4..49cd08 blocks=1 txs=5 mgas=28.743 elapsed=291.503ms   mgasps=98.602  triediffs=52.26MiB  triedirty=0.00B
INFO [06-01|04:55:26.537] Chain head was updated                   number=22 hash=d28cf4..49cd08 root=c1c65f..037213 elapsed="124.688µs"
INFO [06-01|04:55:27.397] Submitted transaction                    hash=0xf0a0b17cb2f45f0070951ffc4ebec0322ecda950a21ca1c1632ea948e2a7a984 from=0x5AFc7eaFAA1e34De8e6fB9b014CFD08b18377F26 nonce=16 recipient=0x7dc4d193051240848c7F4F19679e8514B148080f value=0
INFO [06-01|04:55:27.398] Submitted transaction                    hash=0x10d7a5be41c68f2af96ccc65f7f39cf3ecfb3aff5738d9313b7f321aab2bb2b2 from=0x513978fc4d7fF9951AA177D59C7A1b9AA777119a nonce=16 recipient=0x7dc4d193051240848c7F4F19679e8514B148080f value=0
INFO [06-01|04:55:27.542] Starting work on payload                 id=0x03aa2edd0d568fbc
INFO [06-01|04:55:27.638] Submitted transaction                    hash=0x421a9346163db2b9726a9a96f71fef80f1c9b13dea8077e08fe851762889ede6 from=0x225bD09Ef41092086C35444d335Df887A0691eD0 nonce=16 recipient=0x7dc4d193051240848c7F4F19679e8514B148080f value=0
INFO [06-01|04:55:27.878] Submitted transaction                    hash=0x7d5fff5db1afbe296c69c4a16f2e077e131d2b16631682fe622412f0ebab64e7 from=0x0A114598D397AB388E751b917300055F2904166F nonce=16 recipient=0x7dc4d193051240848c7F4F19679e8514B148080f value=0
INFO [06-01|04:55:28.118] Submitted transaction                    hash=0x2c3e78c3d22fc9684c655582d7b94de862c1954969f4009e28d10dc66fcf6b4f from=0xbc7A668f0B1595d535B4a2de710461E1C6eba785 nonce=17 recipient=0x7dc4d193051240848c7F4F19679e8514B148080f value=0
WARN [06-01|04:55:29.717] Block building is interrupted            allowance=2s
INFO [06-01|04:55:29.840] Updated payload                          id=0x03aa2edd0d568fbc number=23 hash=ec826d..80b57b txs=5 withdrawals=0 gas=28,742,975 fees=0.05748595   root=75b6e6..4c3761 elapsed=2.297s
INFO [06-01|04:55:30.052] Stopping work on payload                 id=0x03aa2edd0d568fbc reason=delivery
WARN [06-01|04:55:30.116] {"level":"warn","msg":"Slow block","block":{"number":23,"hash":"0xec826df1dfd18acea9181058b7527d06e53cc8aa51a20b06029311bef380b57b","gas_used":28742975,"tx_count":5},"timing":{"execution_ms":5.420025,"state_read_ms":108.152111,"state_hash_ms":118.724667,"commit_ms":42.897053,"total_ms":275.35459},"throughput":{"mgas_per_sec":104.38531277070776},"state_reads":{"accounts":26,"storage_slots":1280,"code":1,"code_bytes":869},"state_writes":{"accounts":12,"accounts_deleted":0,"storage_slots":1280,"storage_slots_deleted":0,"code":5,"code_bytes":140},"cache":{"account":{"hits":19,"misses":7,"hit_rate":73.07692307692307},"storage":{"hits":1110,"misses":170,"hit_rate":86.71875},"code":{"hits":1,"misses":0,"hit_rate":100,"hit_bytes":869,"miss_bytes":0}}}
INFO [06-01|04:55:30.116] Imported new potential chain segment     number=23 hash=ec826d..80b57b blocks=1 txs=5 mgas=28.743 elapsed=275.582ms   mgasps=104.299 triediffs=55.91MiB  triedirty=0.00B
INFO [06-01|04:55:30.116] Chain head was updated                   number=23 hash=ec826d..80b57b root=75b6e6..4c3761 elapsed="116.773µs"
INFO [06-01|04:55:30.405] Submitted transaction                    hash=0x382b54f730f6658b37e198c7b81d605de291bb1f62137b14eba620ed1cc49fbd from=0x97D85277E62c57d15268b3E644cdbbDA3706fBEa nonce=17 recipient=0x7dc4d193051240848c7F4F19679e8514B148080f value=0
INFO [06-01|04:55:30.405] Submitted transaction                    hash=0x6e9727ac4b205326b33c307ea8c28c9a0e12fdcb469d17b407e5362715352852 from=0x151775b94274FeE3696377A0B616a1221AC71326 nonce=17 recipient=0x7dc4d193051240848c7F4F19679e8514B148080f value=0
INFO [06-01|04:55:30.647] Submitted transaction                    hash=0x6cb79f5672ee9b228b1d427081823c404ef4b0bbd72c30dd414be996cb6bc751 from=0xcA56D5B749835d8Ab9cA8c1c4123e9B5002Fc0Ff nonce=17 recipient=0x7dc4d193051240848c7F4F19679e8514B148080f value=0
INFO [06-01|04:55:30.885] Submitted transaction                    hash=0x20625d1b10a8f51dd35679e42565d6e3d1be37a01125c967c0fc26c7a1d9739d from=0xfB403fD865ddcc1C79F9987EDD0ADabC47C24bB9 nonce=17 recipient=0x7dc4d193051240848c7F4F19679e8514B148080f value=0
INFO [06-01|04:55:31.120] Starting work on payload                 id=0x031fda4f50c04103
INFO [06-01|04:55:31.132] Submitted transaction                    hash=0x60a676d14792a5bf86401c9d3324613cf1b404e708ad43e0481991832a3ba9c4 from=0x9e8E8A4256457eF170586329D9a01487aA0bA29e nonce=17 recipient=0x7dc4d193051240848c7F4F19679e8514B148080f value=0
WARN [06-01|04:55:33.215] Block building is interrupted            allowance=2s
INFO [06-01|04:55:33.326] Updated payload                          id=0x031fda4f50c04103 number=24 hash=723a33..eb480c txs=5 withdrawals=0 gas=28,742,975 fees=0.05748595   root=b01e1a..cf4f79 elapsed=2.205s
INFO [06-01|04:55:33.598] Stopping work on payload                 id=0x031fda4f50c04103 reason=delivery
WARN [06-01|04:55:33.635] {"level":"warn","msg":"Slow block","block":{"number":24,"hash":"0x723a335ed22b052af0e750947dff36e62116fb0b46ccc7da34c8a35657eb480c","gas_used":28742975,"tx_count":5},"timing":{"execution_ms":4.087851,"state_read_ms":89.876486,"state_hash_ms":164.597766,"commit_ms":43.145225,"total_ms":308.324932},"throughput":{"mgas_per_sec":93.2229995594388},"state_reads":{"accounts":26,"storage_slots":1280,"code":1,"code_bytes":869},"state_writes":{"accounts":12,"accounts_deleted":0,"storage_slots":1280,"storage_slots_deleted":0,"code":5,"code_bytes":140},"cache":{"account":{"hits":19,"misses":7,"hit_rate":73.07692307692307},"storage":{"hits":969,"misses":311,"hit_rate":75.703125},"code":{"hits":1,"misses":0,"hit_rate":100,"hit_bytes":869,"miss_bytes":0}}}
INFO [06-01|04:55:33.635] Imported new potential chain segment     number=24 hash=723a33..eb480c blocks=1 txs=5 mgas=28.743 elapsed=308.574ms   mgasps=93.148  triediffs=59.56MiB  triedirty=0.00B
INFO [06-01|04:55:33.635] Chain head was updated                   number=24 hash=723a33..eb480c root=b01e1a..cf4f79 elapsed="119.154µs"
INFO [06-01|04:55:34.666] Starting work on payload                 id=0x039167de0c0a1daf
INFO [06-01|04:55:36.413] Submitted transaction                    hash=0xf06c356f4752debc8be245644d92091b5150ebb6252c0be394e59e0dc71fe43f from=0x513978fc4d7fF9951AA177D59C7A1b9AA777119a nonce=17 recipient=0x7dc4d193051240848c7F4F19679e8514B148080f value=0
INFO [06-01|04:55:36.413] Submitted transaction                    hash=0xc641addd21736d3d726e54680dfcd4eaeac59757feedc56e8c5fb9883af15538 from=0x5AFc7eaFAA1e34De8e6fB9b014CFD08b18377F26 nonce=17 recipient=0x7dc4d193051240848c7F4F19679e8514B148080f value=0
INFO [06-01|04:55:36.654] Submitted transaction                    hash=0x940b635039225fca6362c6dcd4f3dff12be7b3e73491e59bc43f02ca930a81d2 from=0x225bD09Ef41092086C35444d335Df887A0691eD0 nonce=17 recipient=0x7dc4d193051240848c7F4F19679e8514B148080f value=0
WARN [06-01|04:55:36.757] Block building is interrupted            allowance=2s
INFO [06-01|04:55:36.872] Updated payload                          id=0x039167de0c0a1daf number=25 hash=bc8223..d100ec txs=5 withdrawals=0 gas=28,742,975 fees=0.05748595   root=9567a3..08a96e elapsed=2.206s
INFO [06-01|04:55:36.894] Submitted transaction                    hash=0x914af6b72975da94ca420427f6c090f9df682cb40f5f776ef5b2afbe590e1606 from=0x0A114598D397AB388E751b917300055F2904166F nonce=17 recipient=0x7dc4d193051240848c7F4F19679e8514B148080f value=0
INFO [06-01|04:55:37.116] Stopping work on payload                 id=0x039167de0c0a1daf reason=delivery
INFO [06-01|04:55:37.133] Submitted transaction                    hash=0x231e4476f03ba46d296443a21f13bd5135b5c1c13eca9ef6dd2b29208ff7229f from=0xbc7A668f0B1595d535B4a2de710461E1C6eba785 nonce=18 recipient=0x7dc4d193051240848c7F4F19679e8514B148080f value=0
WARN [06-01|04:55:37.163] {"level":"warn","msg":"Slow block","block":{"number":25,"hash":"0xbc8223be95b3a83bbf4d04274d7f9198b738b35d293ea4e3b82cc4c5c8d100ec","gas_used":28742975,"tx_count":5},"timing":{"execution_ms":15.092596,"state_read_ms":97.304433,"state_hash_ms":136.168125,"commit_ms":41.429939,"total_ms":290.197654},"throughput":{"mgas_per_sec":99.04620042173049},"state_reads":{"accounts":26,"storage_slots":1280,"code":1,"code_bytes":869},"state_writes":{"accounts":12,"accounts_deleted":0,"storage_slots":1280,"storage_slots_deleted":0,"code":5,"code_bytes":140},"cache":{"account":{"hits":20,"misses":6,"hit_rate":76.92307692307693},"storage":{"hits":981,"misses":299,"hit_rate":76.640625},"code":{"hits":1,"misses":0,"hit_rate":100,"hit_bytes":869,"miss_bytes":0}}}
INFO [06-01|04:55:37.163] Imported new potential chain segment     number=25 hash=bc8223..d100ec blocks=1 txs=5 mgas=28.743 elapsed=290.406ms   mgasps=98.975  triediffs=63.19MiB  triedirty=0.00B
INFO [06-01|04:55:37.164] Chain head was updated                   number=25 hash=bc8223..d100ec root=9567a3..08a96e elapsed="122.446µs"
INFO [06-01|04:55:38.178] Starting work on payload                 id=0x039b2362413b21ce
INFO [06-01|04:55:39.418] Submitted transaction                    hash=0x45a2e1833c510c3265aa808494e87c663417b50069a9bb4d17f94c076c541b1d from=0x97D85277E62c57d15268b3E644cdbbDA3706fBEa nonce=18 recipient=0x7dc4d193051240848c7F4F19679e8514B148080f value=0
INFO [06-01|04:55:39.418] Submitted transaction                    hash=0x1b6805305c38f10cd27f830aedd67af48b49684a340df0f2f35aee3a3ecda987 from=0x151775b94274FeE3696377A0B616a1221AC71326 nonce=18 recipient=0x7dc4d193051240848c7F4F19679e8514B148080f value=0
INFO [06-01|04:55:39.659] Submitted transaction                    hash=0xc34e3aff62d80e4a6a09272ba755b221e96149cb6baedb30693fcc146d8f880a from=0xcA56D5B749835d8Ab9cA8c1c4123e9B5002Fc0Ff nonce=18 recipient=0x7dc4d193051240848c7F4F19679e8514B148080f value=0
INFO [06-01|04:55:39.898] Submitted transaction                    hash=0xf9b31d018c4d9714701aa848ebc746f22b4784f6f11613d741211e871ffd26f4 from=0xfB403fD865ddcc1C79F9987EDD0ADabC47C24bB9 nonce=18 recipient=0x7dc4d193051240848c7F4F19679e8514B148080f value=0
INFO [06-01|04:55:40.139] Submitted transaction                    hash=0x84819962818c2540664fea35aa317dcbdaa88cb3a012d4dc00d40f88cd2d4ca0 from=0x9e8E8A4256457eF170586329D9a01487aA0bA29e nonce=18 recipient=0x7dc4d193051240848c7F4F19679e8514B148080f value=0
WARN [06-01|04:55:40.206] Block building is interrupted            allowance=2s
INFO [06-01|04:55:40.321] Updated payload                          id=0x039b2362413b21ce number=26 hash=842807..e51668 txs=5 withdrawals=0 gas=28,742,975 fees=0.05748595   root=a624a1..f9c7a1 elapsed=2.143s
INFO [06-01|04:55:40.553] Stopping work on payload                 id=0x039b2362413b21ce reason=delivery
WARN [06-01|04:55:40.596] {"level":"warn","msg":"Slow block","block":{"number":26,"hash":"0x842807f512b83fcf87ec77613134c12fe0587dca1d8a7c04b4fd6958a6e51668","gas_used":28742975,"tx_count":5},"timing":{"execution_ms":10.152343,"state_read_ms":105.496835,"state_hash_ms":117.462028,"commit_ms":40.778718,"total_ms":274.055976},"throughput":{"mgas_per_sec":104.87994248299114},"state_reads":{"accounts":26,"storage_slots":1280,"code":1,"code_bytes":869},"state_writes":{"accounts":12,"accounts_deleted":0,"storage_slots":1280,"storage_slots_deleted":0,"code":5,"code_bytes":140},"cache":{"account":{"hits":19,"misses":7,"hit_rate":73.07692307692307},"storage":{"hits":957,"misses":323,"hit_rate":74.765625},"code":{"hits":1,"misses":0,"hit_rate":100,"hit_bytes":869,"miss_bytes":0}}}
INFO [06-01|04:55:40.596] Imported new potential chain segment     number=26 hash=842807..e51668 blocks=1 txs=5 mgas=28.743 elapsed=274.278ms   mgasps=104.795 triediffs=66.82MiB  triedirty=0.00B
INFO [06-01|04:55:40.596] Chain head was updated                   number=26 hash=842807..e51668 root=a624a1..f9c7a1 elapsed="118.273µs"
INFO [06-01|04:55:41.617] Starting work on payload                 id=0x03bdef83f6e2bc60
INFO [06-01|04:55:42.424] Submitted transaction                    hash=0x70c4a2e61a4709c568c7677b0d66be89745ac54ef5e2533154f5e90f99903959 from=0x513978fc4d7fF9951AA177D59C7A1b9AA777119a nonce=18 recipient=0x7dc4d193051240848c7F4F19679e8514B148080f value=0
INFO [06-01|04:55:42.424] Submitted transaction                    hash=0x7e9437747f1b7e9c4222f00b29b9fc9a4883780f6f1e858478bdd70c5d8c75ac from=0x5AFc7eaFAA1e34De8e6fB9b014CFD08b18377F26 nonce=18 recipient=0x7dc4d193051240848c7F4F19679e8514B148080f value=0
INFO [06-01|04:55:42.664] Submitted transaction                    hash=0xe87e794574a8249c610489c88dde18fd2907cfe44e0879f51e6fc8baa6ed1608 from=0x225bD09Ef41092086C35444d335Df887A0691eD0 nonce=18 recipient=0x7dc4d193051240848c7F4F19679e8514B148080f value=0
INFO [06-01|04:55:42.905] Submitted transaction                    hash=0x672f9f0b906790b26b187267e3472876f3c9d12f1a80aa9215a18142e0096186 from=0x0A114598D397AB388E751b917300055F2904166F nonce=18 recipient=0x7dc4d193051240848c7F4F19679e8514B148080f value=0
INFO [06-01|04:55:43.144] Submitted transaction                    hash=0x0bdd1ac29b9a06fbf98f6693a150e97f875a763f3efed8176a5d923458220c00 from=0xbc7A668f0B1595d535B4a2de710461E1C6eba785 nonce=19 recipient=0x7dc4d193051240848c7F4F19679e8514B148080f value=0
INFO [06-01|04:55:43.705] Updated payload                          id=0x03bdef83f6e2bc60 number=27 hash=326ebf..9a968c txs=5 withdrawals=0 gas=28,742,975 fees=0.05748595   root=6a2cbd..e8dc0c elapsed=2.087s
INFO [06-01|04:55:43.917] Stopping work on payload                 id=0x03bdef83f6e2bc60 reason=delivery
WARN [06-01|04:55:43.977] {"level":"warn","msg":"Slow block","block":{"number":27,"hash":"0x326ebf2c9631974defcbfeb282894e3d2ba9b4b72c0bfa714697ea54ac9a968c","gas_used":28742975,"tx_count":5},"timing":{"execution_ms":13.476942,"state_read_ms":95.17601,"state_hash_ms":117.280249,"commit_ms":44.666363,"total_ms":270.780213},"throughput":{"mgas_per_sec":106.14872734441641},"state_reads":{"accounts":26,"storage_slots":1280,"code":1,"code_bytes":869},"state_writes":{"accounts":12,"accounts_deleted":0,"storage_slots":1280,"storage_slots_deleted":0,"code":5,"code_bytes":140},"cache":{"account":{"hits":20,"misses":6,"hit_rate":76.92307692307693},"storage":{"hits":772,"misses":508,"hit_rate":60.3125},"code":{"hits":1,"misses":0,"hit_rate":100,"hit_bytes":869,"miss_bytes":0}}}
INFO [06-01|04:55:43.977] Imported new potential chain segment     number=27 hash=326ebf..9a968c blocks=1 txs=5 mgas=28.743 elapsed=271.026ms   mgasps=106.052 triediffs=70.45MiB  triedirty=0.00B
INFO [06-01|04:55:43.977] Chain head was updated                   number=27 hash=326ebf..9a968c root=6a2cbd..e8dc0c elapsed="139.193µs"
INFO [06-01|04:55:44.994] Starting work on payload                 id=0x03d55120a5e30d6a
INFO [06-01|04:55:45.431] Submitted transaction                    hash=0x9b6275c278ccbb1633705a20e8a00d330ddf3c976b78ea3786bc16c24034b181 from=0x97D85277E62c57d15268b3E644cdbbDA3706fBEa nonce=19 recipient=0x7dc4d193051240848c7F4F19679e8514B148080f value=0
INFO [06-01|04:55:45.431] Submitted transaction                    hash=0xb1051d3d6b973b901718dcfde565a434ec51ac50c426d4224a0d65f71ea8c6da from=0x151775b94274FeE3696377A0B616a1221AC71326 nonce=19 recipient=0x7dc4d193051240848c7F4F19679e8514B148080f value=0
INFO [06-01|04:55:45.671] Submitted transaction                    hash=0xd71c6bc6599097925b755416230bb5e4ab8ec6115cc48a91bda51c1a935e294d from=0xcA56D5B749835d8Ab9cA8c1c4123e9B5002Fc0Ff nonce=19 recipient=0x7dc4d193051240848c7F4F19679e8514B148080f value=0
INFO [06-01|04:55:45.912] Submitted transaction                    hash=0x9e55f59092334be4c00952215cfba88c210000a3ae095b7f55da437bcadec2e1 from=0xfB403fD865ddcc1C79F9987EDD0ADabC47C24bB9 nonce=19 recipient=0x7dc4d193051240848c7F4F19679e8514B148080f value=0
INFO [06-01|04:55:46.152] Submitted transaction                    hash=0xec786898d849e775e9dffb4b211fbe35b7d75a3afa7b3612c05d37002015cc7a from=0x9e8E8A4256457eF170586329D9a01487aA0bA29e nonce=19 recipient=0x7dc4d193051240848c7F4F19679e8514B148080f value=0
INFO [06-01|04:55:47.061] Updated payload                          id=0x03d55120a5e30d6a number=28 hash=d678a9..3400ea txs=5 withdrawals=0 gas=28,742,975 fees=0.05748595   root=af4832..d74a00 elapsed=2.066s
INFO [06-01|04:55:47.274] Stopping work on payload                 id=0x03d55120a5e30d6a reason=delivery
WARN [06-01|04:55:47.326] {"level":"warn","msg":"Slow block","block":{"number":28,"hash":"0xd678a915eef2226fe4a6cdc38199b53660f1ae3ada3c9505caf18b0ca03400ea","gas_used":28742975,"tx_count":5},"timing":{"execution_ms":8.970316,"state_read_ms":94.206349,"state_hash_ms":118.048007,"commit_ms":42.182872,"total_ms":263.578906},"throughput":{"mgas_per_sec":109.04884399209094},"state_reads":{"accounts":26,"storage_slots":1280,"code":1,"code_bytes":869},"state_writes":{"accounts":12,"accounts_deleted":0,"storage_slots":1280,"storage_slots_deleted":0,"code":5,"code_bytes":140},"cache":{"account":{"hits":20,"misses":6,"hit_rate":76.92307692307693},"storage":{"hits":910,"misses":370,"hit_rate":71.09375},"code":{"hits":1,"misses":0,"hit_rate":100,"hit_bytes":869,"miss_bytes":0}}}
INFO [06-01|04:55:47.326] Imported new potential chain segment     number=28 hash=d678a9..3400ea blocks=1 txs=5 mgas=28.743 elapsed=264.121ms   mgasps=108.825 triediffs=74.09MiB  triedirty=0.00B
INFO [06-01|04:55:47.326] Chain head was updated                   number=28 hash=d678a9..3400ea root=af4832..d74a00 elapsed="119.741µs"
INFO [06-01|04:55:48.344] Starting work on payload                 id=0x03f0c1008a36226c
INFO [06-01|04:55:48.436] Submitted transaction                    hash=0x153a274c59492d25bee01ee6c44311ab1578fe34bc2d21a19140ac58877b2d6d from=0x5AFc7eaFAA1e34De8e6fB9b014CFD08b18377F26 nonce=19 recipient=0x7dc4d193051240848c7F4F19679e8514B148080f value=0
INFO [06-01|04:55:48.436] Submitted transaction                    hash=0x23812adfe231a9c7093fab65de66cb9ee6777063136023735f045ae6ab890589 from=0x513978fc4d7fF9951AA177D59C7A1b9AA777119a nonce=19 recipient=0x7dc4d193051240848c7F4F19679e8514B148080f value=0
INFO [06-01|04:55:48.677] Submitted transaction                    hash=0x4b008a9621081af7228097454eabfc69f0d9d97e784aa23bbfb5e713fffa67d8 from=0x225bD09Ef41092086C35444d335Df887A0691eD0 nonce=19 recipient=0x7dc4d193051240848c7F4F19679e8514B148080f value=0
INFO [06-01|04:55:48.917] Submitted transaction                    hash=0x7e4ed76d69858fc28aacbc7e5a78c5123790b9b551df2a7f30fa74b69f435caa from=0x0A114598D397AB388E751b917300055F2904166F nonce=19 recipient=0x7dc4d193051240848c7F4F19679e8514B148080f value=0
INFO [06-01|04:55:49.157] Submitted transaction                    hash=0xb22d02f041f9c080b5c27d81a388c348e8c33af763a904e4638a27996847de29 from=0xbc7A668f0B1595d535B4a2de710461E1C6eba785 nonce=20 recipient=0x7dc4d193051240848c7F4F19679e8514B148080f value=0
INFO [06-01|04:55:50.458] Updated payload                          id=0x03f0c1008a36226c number=29 hash=c1e5d7..fd91f3 txs=5 withdrawals=0 gas=28,742,975 fees=0.05748595   root=cb56ec..c2a545 elapsed=2.113s
INFO [06-01|04:55:50.680] Stopping work on payload                 id=0x03f0c1008a36226c reason=delivery
WARN [06-01|04:55:50.735] {"level":"warn","msg":"Slow block","block":{"number":29,"hash":"0xc1e5d7c08ef61b7b6c44be0cdfd3bdd31402bf5d40c4ebc92c22f7cd5efd91f3","gas_used":28742975,"tx_count":5},"timing":{"execution_ms":21.424744,"state_read_ms":92.586331,"state_hash_ms":118.837788,"commit_ms":43.157354,"total_ms":276.233964},"throughput":{"mgas_per_sec":104.0530084852274},"state_reads":{"accounts":26,"storage_slots":1280,"code":1,"code_bytes":869},"state_writes":{"accounts":12,"accounts_deleted":0,"storage_slots":1280,"storage_slots_deleted":0,"code":5,"code_bytes":140},"cache":{"account":{"hits":19,"misses":7,"hit_rate":73.07692307692307},"storage":{"hits":1096,"misses":184,"hit_rate":85.625},"code":{"hits":1,"misses":0,"hit_rate":100,"hit_bytes":869,"miss_bytes":0}}}
INFO [06-01|04:55:50.735] Imported new potential chain segment     number=29 hash=c1e5d7..fd91f3 blocks=1 txs=5 mgas=28.743 elapsed=276.495ms   mgasps=103.955 triediffs=77.75MiB  triedirty=0.00B
INFO [06-01|04:55:50.735] Chain head was updated                   number=29 hash=c1e5d7..fd91f3 root=cb56ec..c2a545 elapsed="126.287µs"
INFO [06-01|04:55:51.445] Submitted transaction                    hash=0x84f1f19619ac9721599ab2c3286557c66b6a3f5e131dd36f62bd214a6ab9d2da from=0x151775b94274FeE3696377A0B616a1221AC71326 nonce=20 recipient=0x7dc4d193051240848c7F4F19679e8514B148080f value=0
INFO [06-01|04:55:51.445] Submitted transaction                    hash=0x14c5ad8ce6797d4217408d195c25d38f0e0222b2085c59656eea424aba833cb5 from=0x97D85277E62c57d15268b3E644cdbbDA3706fBEa nonce=20 recipient=0x7dc4d193051240848c7F4F19679e8514B148080f value=0
INFO [06-01|04:55:51.685] Submitted transaction                    hash=0x423126fcca51fdc53c2b2b4cdaf88ef8c6512564ab9403d51ce9714d7bf1d56c from=0xcA56D5B749835d8Ab9cA8c1c4123e9B5002Fc0Ff nonce=20 recipient=0x7dc4d193051240848c7F4F19679e8514B148080f value=0
INFO [06-01|04:55:51.739] Starting work on payload                 id=0x0327a2678c7527e9
INFO [06-01|04:55:51.926] Submitted transaction                    hash=0xa048fb2aea0cd9586a7fae0968aed4eae96ab61746aaf7610000b3cccc2f6ae7 from=0xfB403fD865ddcc1C79F9987EDD0ADabC47C24bB9 nonce=20 recipient=0x7dc4d193051240848c7F4F19679e8514B148080f value=0
INFO [06-01|04:55:52.165] Submitted transaction                    hash=0xaace3b5a7b143e90d9f88a1f4fda306772ab8bb2f4d54ffe7819118fb68ecfb8 from=0x9e8E8A4256457eF170586329D9a01487aA0bA29e nonce=20 recipient=0x7dc4d193051240848c7F4F19679e8514B148080f value=0
WARN [06-01|04:55:53.780] Block building is interrupted            allowance=2s
INFO [06-01|04:55:53.896] Updated payload                          id=0x0327a2678c7527e9 number=30 hash=927419..0cbd5a txs=5 withdrawals=0 gas=28,742,975 fees=0.05748595   root=641979..0b41aa elapsed=2.156s
INFO [06-01|04:55:54.171] Stopping work on payload                 id=0x0327a2678c7527e9 reason=delivery
WARN [06-01|04:55:54.230] {"level":"warn","msg":"Slow block","block":{"number":30,"hash":"0x92741954d6084533792dc9b3b8a18239bb0833f143ac883cc9f5e9a5c00cbd5a","gas_used":28742975,"tx_count":5},"timing":{"execution_ms":15.624327,"state_read_ms":97.059159,"state_hash_ms":174.801537,"commit_ms":45.737145,"total_ms":333.487965},"throughput":{"mgas_per_sec":86.18894238057436},"state_reads":{"accounts":26,"storage_slots":1280,"code":1,"code_bytes":869},"state_writes":{"accounts":12,"accounts_deleted":0,"storage_slots":1280,"storage_slots_deleted":0,"code":5,"code_bytes":140},"cache":{"account":{"hits":20,"misses":6,"hit_rate":76.92307692307693},"storage":{"hits":947,"misses":333,"hit_rate":73.984375},"code":{"hits":1,"misses":0,"hit_rate":100,"hit_bytes":869,"miss_bytes":0}}}
INFO [06-01|04:55:54.230] Imported new potential chain segment     number=30 hash=927419..0cbd5a blocks=1 txs=5 mgas=28.743 elapsed=333.746ms   mgasps=86.122  triediffs=81.36MiB  triedirty=0.00B
INFO [06-01|04:55:54.231] Chain head was updated                   number=30 hash=927419..0cbd5a root=641979..0b41aa elapsed="127.026µs"
INFO [06-01|04:55:54.453] Submitted transaction                    hash=0xcc7a02bdeb8a1ca633b470b97e13cc64f6dbdd7a7a5d273401662273754ed237 from=0x5AFc7eaFAA1e34De8e6fB9b014CFD08b18377F26 nonce=20 recipient=0x7dc4d193051240848c7F4F19679e8514B148080f value=0
INFO [06-01|04:55:54.453] Submitted transaction                    hash=0xdfb3083db785355e359fd56c94fb5847b3dff60c7f78f711db72ec8d300da70e from=0x513978fc4d7fF9951AA177D59C7A1b9AA777119a nonce=20 recipient=0x7dc4d193051240848c7F4F19679e8514B148080f value=0
INFO [06-01|04:55:54.693] Submitted transaction                    hash=0xa6e2f81ce27230e090d4759b54f27ef6d20a4ae592cc0131c9e35cd2cfb9c74d from=0x225bD09Ef41092086C35444d335Df887A0691eD0 nonce=20 recipient=0x7dc4d193051240848c7F4F19679e8514B148080f value=0
INFO [06-01|04:55:54.934] Submitted transaction                    hash=0x9aec538772a51758097e43a5df15afb7dbce66fbca3158e02f1c6767be7656fa from=0x0A114598D397AB388E751b917300055F2904166F nonce=20 recipient=0x7dc4d193051240848c7F4F19679e8514B148080f value=0
INFO [06-01|04:55:55.174] Submitted transaction                    hash=0xc7e009bfa02465a2dd02b3244dbd8f9afb708732e43b3a9e05ab281708c4195e from=0xbc7A668f0B1595d535B4a2de710461E1C6eba785 nonce=21 recipient=0x7dc4d193051240848c7F4F19679e8514B148080f value=0
INFO [06-01|04:55:55.250] Starting work on payload                 id=0x0350fe1846137794
INFO [06-01|04:55:57.247] Updated payload                          id=0x0350fe1846137794 number=31 hash=01df14..dde7c6 txs=5 withdrawals=0 gas=28,742,975 fees=0.05748595   root=1f12da..e9020d elapsed=1.996s
INFO [06-01|04:55:57.247] Stopping work on payload                 id=0x0350fe1846137794 reason=delivery
WARN [06-01|04:55:57.499] {"level":"warn","msg":"Slow block","block":{"number":31,"hash":"0x01df14d8c7e40436a96c996825bda612669f99f50dfce7a4fb990abbb9dde7c6","gas_used":28742975,"tx_count":5},"timing":{"execution_ms":5.054905,"state_read_ms":92.248778,"state_hash_ms":111.667933,"commit_ms":41.949757,"total_ms":251.169957},"throughput":{"mgas_per_sec":114.43635752981396},"state_reads":{"accounts":26,"storage_slots":1280,"code":1,"code_bytes":869},"state_writes":{"accounts":12,"accounts_deleted":0,"storage_slots":1280,"storage_slots_deleted":0,"code":5,"code_bytes":140},"cache":{"account":{"hits":20,"misses":6,"hit_rate":76.92307692307693},"storage":{"hits":957,"misses":323,"hit_rate":74.765625},"code":{"hits":1,"misses":0,"hit_rate":100,"hit_bytes":869,"miss_bytes":0}}}
INFO [06-01|04:55:57.499] Imported new potential chain segment     number=31 hash=01df14..dde7c6 blocks=1 txs=5 mgas=28.743 elapsed=251.366ms   mgasps=114.347 triediffs=85.04MiB  triedirty=0.00B
INFO [06-01|04:55:57.499] Chain head was updated                   number=31 hash=01df14..dde7c6 root=1f12da..e9020d elapsed="125.601µs"
INFO [06-01|04:55:58.503] Starting work on payload                 id=0x03df9f7948a02362
INFO [06-01|04:56:00.467] Submitted transaction                    hash=0xb57898c9051919f1f60a93f8a26d203d20448c0c65e795ad29b38bdbe7832e02 from=0x97D85277E62c57d15268b3E644cdbbDA3706fBEa nonce=21 recipient=0x7dc4d193051240848c7F4F19679e8514B148080f value=0
INFO [06-01|04:56:00.468] Submitted transaction                    hash=0x68541cf8aaa6a5491db8b1f9dacb78cadba6ea6a9cdbd9963ef10d2265cd1856 from=0x151775b94274FeE3696377A0B616a1221AC71326 nonce=21 recipient=0x7dc4d193051240848c7F4F19679e8514B148080f value=0
INFO [06-01|04:56:00.566] Updated payload                          id=0x03df9f7948a02362 number=32 hash=891f3a..ca5360 txs=5 withdrawals=0 gas=28,742,975 fees=0.05748595   root=ec177c..1e5a21 elapsed=2.063s
INFO [06-01|04:56:00.708] Submitted transaction                    hash=0xc074cf216998245bff147f98b4bb9e973758dc55b2640ec25cec9643c95845ec from=0xcA56D5B749835d8Ab9cA8c1c4123e9B5002Fc0Ff nonce=21 recipient=0x7dc4d193051240848c7F4F19679e8514B148080f value=0
INFO [06-01|04:56:00.790] Stopping work on payload                 id=0x03df9f7948a02362 reason=delivery
WARN [06-01|04:56:00.850] {"level":"warn","msg":"Slow block","block":{"number":32,"hash":"0x891f3ab9356a42291dc5a069e8a135d2832d205c0d374265b3f5d29307ca5360","gas_used":28742975,"tx_count":5},"timing":{"execution_ms":16.015231,"state_read_ms":92.399518,"state_hash_ms":126.414983,"commit_ms":47.837256,"total_ms":283.037257},"throughput":{"mgas_per_sec":101.55191335817673},"state_reads":{"accounts":26,"storage_slots":1280,"code":1,"code_bytes":869},"state_writes":{"accounts":12,"accounts_deleted":0,"storage_slots":1280,"storage_slots_deleted":0,"code":5,"code_bytes":140},"cache":{"account":{"hits":20,"misses":6,"hit_rate":76.92307692307693},"storage":{"hits":943,"misses":337,"hit_rate":73.671875},"code":{"hits":1,"misses":0,"hit_rate":100,"hit_bytes":869,"miss_bytes":0}}}
INFO [06-01|04:56:00.850] Imported new potential chain segment     number=32 hash=891f3a..ca5360 blocks=1 txs=5 mgas=28.743 elapsed=283.359ms   mgasps=101.436 triediffs=88.67MiB  triedirty=0.00B
INFO [06-01|04:56:00.850] Chain head was updated                   number=32 hash=891f3a..ca5360 root=ec177c..1e5a21 elapsed="121.527µs"
INFO [06-01|04:56:00.948] Submitted transaction                    hash=0x218aed1205c76ce1c968af47c9db98ca4cf1eb73713765482925bc814ccca006 from=0xfB403fD865ddcc1C79F9987EDD0ADabC47C24bB9 nonce=21 recipient=0x7dc4d193051240848c7F4F19679e8514B148080f value=0
INFO [06-01|04:56:01.190] Submitted transaction                    hash=0xcb687e85401140adeaa73ce748b1298c7bff2c8977986f74f73ef28128e7a585 from=0x9e8E8A4256457eF170586329D9a01487aA0bA29e nonce=21 recipient=0x7dc4d193051240848c7F4F19679e8514B148080f value=0
INFO [06-01|04:56:01.854] Starting work on payload                 id=0x0370a454e2ee9258
INFO [06-01|04:56:03.472] Submitted transaction                    hash=0x5e1a2e9ca8786ed2ed4a8659b3ed11373b096e08f52c9d600c141d936efd33e9 from=0x5AFc7eaFAA1e34De8e6fB9b014CFD08b18377F26 nonce=21 recipient=0x7dc4d193051240848c7F4F19679e8514B148080f value=0
INFO [06-01|04:56:03.472] Submitted transaction                    hash=0x9f5e02f979d6f41f52b9c5d4033b9f2af84ab7b89fbed5bf7f6e773a2849c67c from=0x513978fc4d7fF9951AA177D59C7A1b9AA777119a nonce=21 recipient=0x7dc4d193051240848c7F4F19679e8514B148080f value=0
INFO [06-01|04:56:03.713] Submitted transaction                    hash=0xd390812d717612947eb1638175ae56f62944cd01622526f9744d7c7b0c1f105c from=0x225bD09Ef41092086C35444d335Df887A0691eD0 nonce=21 recipient=0x7dc4d193051240848c7F4F19679e8514B148080f value=0
INFO [06-01|04:56:03.907] Updated payload                          id=0x0370a454e2ee9258 number=33 hash=1b2cae..caf648 txs=5 withdrawals=0 gas=28,742,975 fees=0.05748595   root=9459fa..b37df2 elapsed=2.052s
INFO [06-01|04:56:03.953] Submitted transaction                    hash=0xb0f157fc0cae55bc6c115d97dd683fbb8a74387d830b23709fd8295570771496 from=0x0A114598D397AB388E751b917300055F2904166F nonce=21 recipient=0x7dc4d193051240848c7F4F19679e8514B148080f value=0
INFO [06-01|04:56:04.146] Stopping work on payload                 id=0x0370a454e2ee9258 reason=delivery
INFO [06-01|04:56:04.193] Submitted transaction                    hash=0x6bf0836934c61bf088838f52a0bb4e4f31b7e37eccbf361dbbd1500cea535e1f from=0xbc7A668f0B1595d535B4a2de710461E1C6eba785 nonce=22 recipient=0x7dc4d193051240848c7F4F19679e8514B148080f value=0
WARN [06-01|04:56:04.205] {"level":"warn","msg":"Slow block","block":{"number":33,"hash":"0x1b2cae0656ac702702d2d8176b620c0cfff89f3f18f8eb16d876312371caf648","gas_used":28742975,"tx_count":5},"timing":{"execution_ms":2.77266,"state_read_ms":112.488756,"state_hash_ms":136.556464,"commit_ms":45.848657,"total_ms":297.843722},"throughput":{"mgas_per_sec":96.503544902652},"state_reads":{"accounts":26,"storage_slots":1280,"code":1,"code_bytes":869},"state_writes":{"accounts":12,"accounts_deleted":0,"storage_slots":1280,"storage_slots_deleted":0,"code":5,"code_bytes":140},"cache":{"account":{"hits":20,"misses":6,"hit_rate":76.92307692307693},"storage":{"hits":991,"misses":289,"hit_rate":77.421875},"code":{"hits":1,"misses":0,"hit_rate":100,"hit_bytes":869,"miss_bytes":0}}}
INFO [06-01|04:56:04.205] Imported new potential chain segment     number=33 hash=1b2cae..caf648 blocks=1 txs=5 mgas=28.743 elapsed=298.056ms   mgasps=96.435  triediffs=92.32MiB  triedirty=0.00B
INFO [06-01|04:56:04.206] Chain head was updated                   number=33 hash=1b2cae..caf648 root=9459fa..b37df2 elapsed="120.844µs"
INFO [06-01|04:56:05.223] Starting work on payload                 id=0x03075d19734e5282
INFO [06-01|04:56:06.479] Submitted transaction                    hash=0xae0495126530eb1efd18c340db941cd12669a153703cb177a3c2a400412144bc from=0x97D85277E62c57d15268b3E644cdbbDA3706fBEa nonce=22 recipient=0x7dc4d193051240848c7F4F19679e8514B148080f value=0
INFO [06-01|04:56:06.479] Submitted transaction                    hash=0xa7b113431c5f69e6c5a378099b6185d5e1c792329a966777e76d2128cb864a96 from=0x151775b94274FeE3696377A0B616a1221AC71326 nonce=22 recipient=0x7dc4d193051240848c7F4F19679e8514B148080f value=0
INFO [06-01|04:56:06.719] Submitted transaction                    hash=0x75462499bd5e1a89d7fac63d647d0acca2429bfb2590d3aed38fdf6fb6b7ffe5 from=0xcA56D5B749835d8Ab9cA8c1c4123e9B5002Fc0Ff nonce=22 recipient=0x7dc4d193051240848c7F4F19679e8514B148080f value=0
INFO [06-01|04:56:06.960] Submitted transaction                    hash=0x89a8e98d5af63e47f6edc96fd1269cd306964619b7d4bab0cca1783c77b114e0 from=0xfB403fD865ddcc1C79F9987EDD0ADabC47C24bB9 nonce=22 recipient=0x7dc4d193051240848c7F4F19679e8514B148080f value=0
INFO [06-01|04:56:07.200] Submitted transaction                    hash=0xccb0244015a2a8d97528c5355af9eb8b76d17bb7b8c85908cfbe4da204bc078d from=0x9e8E8A4256457eF170586329D9a01487aA0bA29e nonce=22 recipient=0x7dc4d193051240848c7F4F19679e8514B148080f value=0
INFO [06-01|04:56:07.308] Updated payload                          id=0x03075d19734e5282 number=34 hash=8f06d5..64b651 txs=5 withdrawals=0 gas=28,742,975 fees=0.05748595   root=e95c60..6d89dc elapsed=2.084s
INFO [06-01|04:56:07.541] Stopping work on payload                 id=0x03075d19734e5282 reason=delivery
WARN [06-01|04:56:07.603] {"level":"warn","msg":"Slow block","block":{"number":34,"hash":"0x8f06d5c8cde0d72edeb833f29c1d73c6e5614c752837e8f49d3a2bf93664b651","gas_used":28742975,"tx_count":5},"timing":{"execution_ms":3.32023,"state_read_ms":117.783679,"state_hash_ms":126.775101,"commit_ms":46.67507,"total_ms":294.76302},"throughput":{"mgas_per_sec":97.51214721575319},"state_reads":{"accounts":26,"storage_slots":1280,"code":1,"code_bytes":869},"state_writes":{"accounts":12,"accounts_deleted":0,"storage_slots":1280,"storage_slots_deleted":0,"code":5,"code_bytes":140},"cache":{"account":{"hits":21,"misses":5,"hit_rate":80.76923076923077},"storage":{"hits":956,"misses":324,"hit_rate":74.6875},"code":{"hits":1,"misses":0,"hit_rate":100,"hit_bytes":869,"miss_bytes":0}}}
INFO [06-01|04:56:07.603] Imported new potential chain segment     number=34 hash=8f06d5..64b651 blocks=1 txs=5 mgas=28.743 elapsed=294.994ms   mgasps=97.436  triediffs=95.96MiB  triedirty=0.00B
INFO [06-01|04:56:07.603] Chain head was updated                   number=34 hash=8f06d5..64b651 root=e95c60..6d89dc elapsed="124.219µs"
INFO [06-01|04:56:08.621] Starting work on payload                 id=0x032c6e241f88ebc8
INFO [06-01|04:56:09.485] Submitted transaction                    hash=0xf30308900d01003553d667c21af4dc3a4d1e4050b86feed7fa29248b8d64e68f from=0x5AFc7eaFAA1e34De8e6fB9b014CFD08b18377F26 nonce=22 recipient=0x7dc4d193051240848c7F4F19679e8514B148080f value=0
INFO [06-01|04:56:09.486] Submitted transaction                    hash=0x8fd7cb28e042379bad01c64498c0706cd750f2cae7aa8a41ef4650b277dfcaa8 from=0x513978fc4d7fF9951AA177D59C7A1b9AA777119a nonce=22 recipient=0x7dc4d193051240848c7F4F19679e8514B148080f value=0
INFO [06-01|04:56:09.726] Submitted transaction                    hash=0xb952ca45952bffe274c0455f358628ce623bb87e8b9f7d70f7975eb5eaba1c5b from=0x225bD09Ef41092086C35444d335Df887A0691eD0 nonce=22 recipient=0x7dc4d193051240848c7F4F19679e8514B148080f value=0
INFO [06-01|04:56:09.966] Submitted transaction                    hash=0x902a3c3ccd9c971e8fb70a6d22499d17f353ffa65ef26c286e1a8e4ed7889bf8 from=0x0A114598D397AB388E751b917300055F2904166F nonce=22 recipient=0x7dc4d193051240848c7F4F19679e8514B148080f value=0
INFO [06-01|04:56:10.206] Submitted transaction                    hash=0x248d59005cd1c72cf2dda5e2a95d77670d895ddfa56f2fbd032c72a304818194 from=0xbc7A668f0B1595d535B4a2de710461E1C6eba785 nonce=23 recipient=0x7dc4d193051240848c7F4F19679e8514B148080f value=0
INFO [06-01|04:56:10.688] Updated payload                          id=0x032c6e241f88ebc8 number=35 hash=fb68e1..759c2a txs=5 withdrawals=0 gas=28,742,975 fees=0.05748595   root=a2ecca..1aa4b1 elapsed=2.066s
INFO [06-01|04:56:10.995] Stopping work on payload                 id=0x032c6e241f88ebc8 reason=delivery
WARN [06-01|04:56:11.029] {"level":"warn","msg":"Slow block","block":{"number":35,"hash":"0xfb68e134434586525e930ee90b857d601ccf8b7ccaec5eb849c77e3fdc759c2a","gas_used":28742975,"tx_count":5},"timing":{"execution_ms":13.499438,"state_read_ms":104.751098,"state_hash_ms":175.866512,"commit_ms":46.362824,"total_ms":340.732724},"throughput":{"mgas_per_sec":84.35636783744904},"state_reads":{"accounts":26,"storage_slots":1280,"code":1,"code_bytes":869},"state_writes":{"accounts":12,"accounts_deleted":0,"storage_slots":1280,"storage_slots_deleted":0,"code":5,"code_bytes":140},"cache":{"account":{"hits":21,"misses":5,"hit_rate":80.76923076923077},"storage":{"hits":1025,"misses":255,"hit_rate":80.078125},"code":{"hits":1,"misses":0,"hit_rate":100,"hit_bytes":869,"miss_bytes":0}}}
INFO [06-01|04:56:11.029] Imported new potential chain segment     number=35 hash=fb68e1..759c2a blocks=1 txs=5 mgas=28.743 elapsed=340.987ms   mgasps=84.293  triediffs=99.59MiB  triedirty=0.00B
INFO [06-01|04:56:11.030] Chain head was updated                   number=35 hash=fb68e1..759c2a root=a2ecca..1aa4b1 elapsed="131.811µs"
INFO [06-01|04:56:12.049] Starting work on payload                 id=0x037100de8a48845c
INFO [06-01|04:56:12.498] Submitted transaction                    hash=0x81434a4bbca02c9e2278fed155ae4ae5c63922649c5a28a76caddacc6df534fb from=0x97D85277E62c57d15268b3E644cdbbDA3706fBEa nonce=23 recipient=0x7dc4d193051240848c7F4F19679e8514B148080f value=0
INFO [06-01|04:56:12.498] Submitted transaction                    hash=0x5817577ce5a9eff8e392471b96061bf6b3d18a1ce7348e2e2d52608d33b3a378 from=0x151775b94274FeE3696377A0B616a1221AC71326 nonce=23 recipient=0x7dc4d193051240848c7F4F19679e8514B148080f value=0
INFO [06-01|04:56:12.738] Submitted transaction                    hash=0xf7403ce0bee4163bf48b68fd047b471596fbf4ed4ed4fb95067054b67da60d40 from=0xcA56D5B749835d8Ab9cA8c1c4123e9B5002Fc0Ff nonce=23 recipient=0x7dc4d193051240848c7F4F19679e8514B148080f value=0
INFO [06-01|04:56:12.979] Submitted transaction                    hash=0xcf29a04f1905799c88d0d5f05a9828666fd6ae0dc2a349786c59dd3ccb36a03e from=0xfB403fD865ddcc1C79F9987EDD0ADabC47C24bB9 nonce=23 recipient=0x7dc4d193051240848c7F4F19679e8514B148080f value=0
INFO [06-01|04:56:13.218] Submitted transaction                    hash=0x0e6e54dd58c2d1180f1c3596f562ad9e4ca0e69d58cc7251deabb9e22ba2d588 from=0x9e8E8A4256457eF170586329D9a01487aA0bA29e nonce=23 recipient=0x7dc4d193051240848c7F4F19679e8514B148080f value=0
INFO [06-01|04:56:14.033] Updated payload                          id=0x037100de8a48845c number=36 hash=e0e363..05f83b txs=5 withdrawals=0 gas=28,742,975 fees=0.05748595   root=448d65..ffab5d elapsed=1.984s
INFO [06-01|04:56:14.034] Stopping work on payload                 id=0x037100de8a48845c reason=delivery
WARN [06-01|04:56:14.279] {"level":"warn","msg":"Slow block","block":{"number":36,"hash":"0xe0e363dee495a76b7c2de0d0cfd91bdb18b3f10812c7e540385615c20605f83b","gas_used":28742975,"tx_count":5},"timing":{"execution_ms":5.236982,"state_read_ms":80.761361,"state_hash_ms":101.715453,"commit_ms":57.337048,"total_ms":245.247723},"throughput":{"mgas_per_sec":117.19976295151984},"state_reads":{"accounts":26,"storage_slots":1280,"code":1,"code_bytes":869},"state_writes":{"accounts":12,"accounts_deleted":0,"storage_slots":1280,"storage_slots_deleted":0,"code":5,"code_bytes":140},"cache":{"account":{"hits":18,"misses":8,"hit_rate":69.23076923076923},"storage":{"hits":939,"misses":341,"hit_rate":73.359375},"code":{"hits":1,"misses":0,"hit_rate":100,"hit_bytes":869,"miss_bytes":0}}}
INFO [06-01|04:56:14.279] Imported new potential chain segment     number=36 hash=e0e363..05f83b blocks=1 txs=5 mgas=28.743 elapsed=245.469ms   mgasps=117.094 triediffs=103.23MiB triedirty=0.00B
INFO [06-01|04:56:14.280] Chain head was updated                   number=36 hash=e0e363..05f83b root=448d65..ffab5d elapsed="120.865µs"
INFO [06-01|04:56:15.284] Starting work on payload                 id=0x039e88b5a46dd6cc
INFO [06-01|04:56:15.504] Submitted transaction                    hash=0x1fdf4910c05649c796ef7f60d3555b63d5b5ca6748e2f130053456d550241034 from=0x5AFc7eaFAA1e34De8e6fB9b014CFD08b18377F26 nonce=23 recipient=0x7dc4d193051240848c7F4F19679e8514B148080f value=0
INFO [06-01|04:56:15.504] Submitted transaction                    hash=0xc5ae5675d168b1c80d41f3b8c0b33bb0aa48f893f7972398403b694b2bfa7251 from=0x513978fc4d7fF9951AA177D59C7A1b9AA777119a nonce=23 recipient=0x7dc4d193051240848c7F4F19679e8514B148080f value=0
INFO [06-01|04:56:15.744] Submitted transaction                    hash=0x76be2d8495f9df79e98e7df75071725f326c0ed123701006c91ff5f9647006c5 from=0x225bD09Ef41092086C35444d335Df887A0691eD0 nonce=23 recipient=0x7dc4d193051240848c7F4F19679e8514B148080f value=0
INFO [06-01|04:56:15.984] Submitted transaction                    hash=0x43c24e854277e6abccac48600b21793a1eae60c29ec7b22ebd8d62aadcd17a64 from=0x0A114598D397AB388E751b917300055F2904166F nonce=23 recipient=0x7dc4d193051240848c7F4F19679e8514B148080f value=0
INFO [06-01|04:56:16.224] Submitted transaction                    hash=0xd98b60a7b67396a12e08f94475b6fa16d5a8ea5c97e73e9fd1b16695d2d534a6 from=0xbc7A668f0B1595d535B4a2de710461E1C6eba785 nonce=24 recipient=0x7dc4d193051240848c7F4F19679e8514B148080f value=0
INFO [06-01|04:56:17.220] Updated payload                          id=0x039e88b5a46dd6cc number=37 hash=0514e5..404335 txs=5 withdrawals=0 gas=28,742,975 fees=0.05748595   root=dd2a94..e4fb27 elapsed=1.936s
INFO [06-01|04:56:17.220] Stopping work on payload                 id=0x039e88b5a46dd6cc reason=delivery
WARN [06-01|04:56:17.476] {"level":"warn","msg":"Slow block","block":{"number":37,"hash":"0x0514e59fdbdcdb836355b81a0bb9a71ee1abaeb1d75978903f67225a83404335","gas_used":28742975,"tx_count":5},"timing":{"execution_ms":19.576606,"state_read_ms":76.677126,"state_hash_ms":101.12887,"commit_ms":57.608288,"total_ms":255.37466},"throughput":{"mgas_per_sec":112.55218117568909},"state_reads":{"accounts":26,"storage_slots":1280,"code":1,"code_bytes":869},"state_writes":{"accounts":12,"accounts_deleted":0,"storage_slots":1280,"storage_slots_deleted":0,"code":5,"code_bytes":140},"cache":{"account":{"hits":21,"misses":5,"hit_rate":80.76923076923077},"storage":{"hits":1025,"misses":255,"hit_rate":80.078125},"code":{"hits":1,"misses":0,"hit_rate":100,"hit_bytes":869,"miss_bytes":0}}}
INFO [06-01|04:56:17.476] Imported new potential chain segment     number=37 hash=0514e5..404335 blocks=1 txs=5 mgas=28.743 elapsed=255.726ms   mgasps=112.397 triediffs=106.85MiB triedirty=0.00B
INFO [06-01|04:56:17.477] Chain head was updated                   number=37 hash=0514e5..404335 root=dd2a94..e4fb27 elapsed="124.448µs"
INFO [06-01|04:56:18.481] Starting work on payload                 id=0x032d2de14a524d4c
INFO [06-01|04:56:18.512] Submitted transaction                    hash=0x9463251cd0734cba7762ebd99feb732ae39f41ab8cc48808b1c4cd3329ab7b65 from=0x151775b94274FeE3696377A0B616a1221AC71326 nonce=24 recipient=0x7dc4d193051240848c7F4F19679e8514B148080f value=0
INFO [06-01|04:56:18.512] Submitted transaction                    hash=0x026c2e5311d248418891c8a7e01723358f0eaabeabc77910a4da8072d5ecab0d from=0x97D85277E62c57d15268b3E644cdbbDA3706fBEa nonce=24 recipient=0x7dc4d193051240848c7F4F19679e8514B148080f value=0
INFO [06-01|04:56:18.752] Submitted transaction                    hash=0x25c7d94d708c2d423bf5ba6450ee6ff52622414d6d7918be281d29c317ee3b12 from=0xcA56D5B749835d8Ab9cA8c1c4123e9B5002Fc0Ff nonce=24 recipient=0x7dc4d193051240848c7F4F19679e8514B148080f value=0
INFO [06-01|04:56:18.993] Submitted transaction                    hash=0x66fc9bf8914835285a45af22296377b4d3b05825ad344616fa4ecdbf66d258c4 from=0xfB403fD865ddcc1C79F9987EDD0ADabC47C24bB9 nonce=24 recipient=0x7dc4d193051240848c7F4F19679e8514B148080f value=0
INFO [06-01|04:56:19.233] Submitted transaction                    hash=0x9113f3dafe8c257a12ae974f9c7c2eec32ad84b100304734fbfeaa74e43ad29c from=0x9e8E8A4256457eF170586329D9a01487aA0bA29e nonce=24 recipient=0x7dc4d193051240848c7F4F19679e8514B148080f value=0
INFO [06-01|04:56:20.429] Updated payload                          id=0x032d2de14a524d4c number=38 hash=290afb..fa2b98 txs=5 withdrawals=0 gas=28,742,975 fees=0.05748595   root=63664d..419c95 elapsed=1.947s
INFO [06-01|04:56:20.429] Stopping work on payload                 id=0x032d2de14a524d4c reason=delivery
WARN [06-01|04:56:20.691] {"level":"warn","msg":"Slow block","block":{"number":38,"hash":"0x290afbac41cd2ea3357b94a9c33c2aee402011b5d4c755f93a2a21e2d0fa2b98","gas_used":28742975,"tx_count":5},"timing":{"execution_ms":21.558798,"state_read_ms":85.893687,"state_hash_ms":102.196802,"commit_ms":51.357538,"total_ms":261.319016},"throughput":{"mgas_per_sec":109.99189970928101},"state_reads":{"accounts":26,"storage_slots":1280,"code":1,"code_bytes":869},"state_writes":{"accounts":12,"accounts_deleted":0,"storage_slots":1280,"storage_slots_deleted":0,"code":5,"code_bytes":140},"cache":{"account":{"hits":20,"misses":6,"hit_rate":76.92307692307693},"storage":{"hits":1015,"misses":265,"hit_rate":79.296875},"code":{"hits":1,"misses":0,"hit_rate":100,"hit_bytes":869,"miss_bytes":0}}}
INFO [06-01|04:56:20.691] Imported new potential chain segment     number=38 hash=290afb..fa2b98 blocks=1 txs=5 mgas=28.743 elapsed=261.583ms   mgasps=109.881 triediffs=110.50MiB triedirty=0.00B
INFO [06-01|04:56:20.691] Chain head was updated                   number=38 hash=290afb..fa2b98 root=63664d..419c95 elapsed="134.851µs"
INFO [06-01|04:56:21.518] Submitted transaction                    hash=0x27eedc82f3002420de8c089f43783c58f06b122fa95cbfc8a1fe3c5d53473649 from=0x5AFc7eaFAA1e34De8e6fB9b014CFD08b18377F26 nonce=24 recipient=0x7dc4d193051240848c7F4F19679e8514B148080f value=0
INFO [06-01|04:56:21.518] Submitted transaction                    hash=0x025694370173090e873d67bf9ba7a9b4f8121a3c1c3ce3017b4877b771df6502 from=0x513978fc4d7fF9951AA177D59C7A1b9AA777119a nonce=24 recipient=0x7dc4d193051240848c7F4F19679e8514B148080f value=0
INFO [06-01|04:56:21.705] Starting work on payload                 id=0x03888efd6948600c
INFO [06-01|04:56:21.758] Submitted transaction                    hash=0x1d745693306fe8d3db16c2b9ff3be699d7793e0298b566deb4295da6e7d19f2c from=0x225bD09Ef41092086C35444d335Df887A0691eD0 nonce=24 recipient=0x7dc4d193051240848c7F4F19679e8514B148080f value=0
INFO [06-01|04:56:21.999] Submitted transaction                    hash=0x168330d3c257c5fb0a4007a858afe8f5fe2f2f632dc895fab2cef70f8cc84d88 from=0x0A114598D397AB388E751b917300055F2904166F nonce=24 recipient=0x7dc4d193051240848c7F4F19679e8514B148080f value=0
INFO [06-01|04:56:22.239] Submitted transaction                    hash=0xfe40634cc6cd4f5afdb1038aa6d1814d173da041a68e22fe973472f3ad29a4ca from=0xbc7A668f0B1595d535B4a2de710461E1C6eba785 nonce=25 recipient=0x7dc4d193051240848c7F4F19679e8514B148080f value=0
INFO [06-01|04:56:23.697] Updated payload                          id=0x03888efd6948600c number=39 hash=64e62f..ba1f4b txs=5 withdrawals=0 gas=28,742,975 fees=0.05748595   root=f840ac..252bf7 elapsed=1.992s
INFO [06-01|04:56:23.697] Stopping work on payload                 id=0x03888efd6948600c reason=delivery
WARN [06-01|04:56:23.953] {"level":"warn","msg":"Slow block","block":{"number":39,"hash":"0x64e62fb72fe9d1f53b25e0f1da70e7e52e7815391b96c1dda55fff5ccdba1f4b","gas_used":28742975,"tx_count":5},"timing":{"execution_ms":4.02717,"state_read_ms":91.334309,"state_hash_ms":116.012675,"commit_ms":43.737797,"total_ms":255.448047},"throughput":{"mgas_per_sec":112.51984635451137},"state_reads":{"accounts":26,"storage_slots":1280,"code":1,"code_bytes":869},"state_writes":{"accounts":12,"accounts_deleted":0,"storage_slots":1280,"storage_slots_deleted":0,"code":5,"code_bytes":140},"cache":{"account":{"hits":19,"misses":7,"hit_rate":73.07692307692307},"storage":{"hits":881,"misses":399,"hit_rate":68.828125},"code":{"hits":1,"misses":0,"hit_rate":100,"hit_bytes":869,"miss_bytes":0}}}
INFO [06-01|04:56:23.953] Imported new potential chain segment     number=39 hash=64e62f..ba1f4b blocks=1 txs=5 mgas=28.743 elapsed=255.695ms   mgasps=112.411 triediffs=114.14MiB triedirty=0.00B
INFO [06-01|04:56:23.953] Chain head was updated                   number=39 hash=64e62f..ba1f4b root=f840ac..252bf7 elapsed="126.616µs"
INFO [06-01|04:56:24.525] Submitted transaction                    hash=0xb861bac34207900c85c2991125e7eb40f914e494682e6f0a764e99d1d0ed280d from=0x97D85277E62c57d15268b3E644cdbbDA3706fBEa nonce=25 recipient=0x7dc4d193051240848c7F4F19679e8514B148080f value=0
INFO [06-01|04:56:24.525] Submitted transaction                    hash=0x9fc77834e3eff472f224ff6c82f8cd45a32c774f1fdc61cf1bf0a3f0de9bc499 from=0x151775b94274FeE3696377A0B616a1221AC71326 nonce=25 recipient=0x7dc4d193051240848c7F4F19679e8514B148080f value=0
INFO [06-01|04:56:24.765] Submitted transaction                    hash=0xc0af678b7bcf3fee21ff041a19f660a73756e61a00df26b2ae07b141f73e21e5 from=0xcA56D5B749835d8Ab9cA8c1c4123e9B5002Fc0Ff nonce=25 recipient=0x7dc4d193051240848c7F4F19679e8514B148080f value=0
INFO [06-01|04:56:24.965] Starting work on payload                 id=0x036b38869170d526
INFO [06-01|04:56:25.006] Submitted transaction                    hash=0x3fe3f2c7bf6b32183cc07c9fe60a1cb9d24b4cde119d48250973a17113969f5e from=0xfB403fD865ddcc1C79F9987EDD0ADabC47C24bB9 nonce=25 recipient=0x7dc4d193051240848c7F4F19679e8514B148080f value=0
INFO [06-01|04:56:25.245] Submitted transaction                    hash=0xd2b661bce5e495f326386248c4dd2211ab5a8346082c9479fb9f7eace4d67b91 from=0x9e8E8A4256457eF170586329D9a01487aA0bA29e nonce=25 recipient=0x7dc4d193051240848c7F4F19679e8514B148080f value=0
INFO [06-01|04:56:26.974] Updated payload                          id=0x036b38869170d526 number=40 hash=86721f..97d984 txs=5 withdrawals=0 gas=28,742,975 fees=0.05748595   root=0411d2..87cbec elapsed=2.009s
INFO [06-01|04:56:27.237] Stopping work on payload                 id=0x036b38869170d526 reason=delivery
WARN [06-01|04:56:27.297] {"level":"warn","msg":"Slow block","block":{"number":40,"hash":"0x86721fb3fd92949743d25451a44a6f4e57e9e06a530eadc2a11f9a787497d984","gas_used":28742975,"tx_count":5},"timing":{"execution_ms":3.502305,"state_read_ms":93.798905,"state_hash_ms":177.293123,"commit_ms":46.979305,"total_ms":322.056901},"throughput":{"mgas_per_sec":89.24812637379256},"state_reads":{"accounts":26,"storage_slots":1280,"code":1,"code_bytes":869},"state_writes":{"accounts":12,"accounts_deleted":0,"storage_slots":1280,"storage_slots_deleted":0,"code":5,"code_bytes":140},"cache":{"account":{"hits":21,"misses":5,"hit_rate":80.76923076923077},"storage":{"hits":781,"misses":499,"hit_rate":61.01562499999999},"code":{"hits":1,"misses":0,"hit_rate":100,"hit_bytes":869,"miss_bytes":0}}}
INFO [06-01|04:56:27.297] Imported new potential chain segment     number=40 hash=86721f..97d984 blocks=1 txs=5 mgas=28.743 elapsed=322.514ms   mgasps=89.121  triediffs=117.77MiB triedirty=0.00B
INFO [06-01|04:56:27.298] Chain head was updated                   number=40 hash=86721f..97d984 root=0411d2..87cbec elapsed="126.189µs"
INFO [06-01|04:56:28.300] Starting work on payload                 id=0x03cb6c3446a2fb92
INFO [06-01|04:56:30.219] Updated payload                          id=0x03cb6c3446a2fb92 number=41 hash=31e284..0aea72 txs=5 withdrawals=0 gas=28,742,975 fees=0.05748595   root=9db391..0d7711 elapsed=1.917s
INFO [06-01|04:56:30.219] Stopping work on payload                 id=0x03cb6c3446a2fb92 reason=delivery
WARN [06-01|04:56:30.466] {"level":"warn","msg":"Slow block","block":{"number":41,"hash":"0x31e2843528a69bcc046705f016c418e39f4df08b61e15bb6016961b97e0aea72","gas_used":28742975,"tx_count":5},"timing":{"execution_ms":2.771599,"state_read_ms":87.676808,"state_hash_ms":101.944819,"commit_ms":54.008734,"total_ms":246.593267},"throughput":{"mgas_per_sec":116.56025871947266},"state_reads":{"accounts":26,"storage_slots":1280,"code":1,"code_bytes":869},"state_writes":{"accounts":12,"accounts_deleted":0,"storage_slots":1280,"storage_slots_deleted":0,"code":5,"code_bytes":140},"cache":{"account":{"hits":19,"misses":7,"hit_rate":73.07692307692307},"storage":{"hits":893,"misses":387,"hit_rate":69.765625},"code":{"hits":1,"misses":0,"hit_rate":100,"hit_bytes":869,"miss_bytes":0}}}
INFO [06-01|04:56:30.466] Imported new potential chain segment     number=41 hash=31e284..0aea72 blocks=1 txs=5 mgas=28.743 elapsed=246.843ms   mgasps=116.442 triediffs=121.42MiB triedirty=0.00B
INFO [06-01|04:56:30.466] Chain head was updated                   number=41 hash=31e284..0aea72 root=9db391..0d7711 elapsed="129.209µs"
INFO [06-01|04:56:31.472] Starting work on payload                 id=0x039eec26475ce97a
INFO [06-01|04:56:33.393] Updated payload                          id=0x039eec26475ce97a number=42 hash=f49520..234ced txs=5 withdrawals=0 gas=28,742,975 fees=0.05748595   root=65cad0..3cad2c elapsed=1.920s
INFO [06-01|04:56:33.393] Stopping work on payload                 id=0x039eec26475ce97a reason=delivery
WARN [06-01|04:56:33.649] {"level":"warn","msg":"Slow block","block":{"number":42,"hash":"0xf49520da2b89a54be84455f9d1aff29c1b3efe9ac51e08a28716fc6f41234ced","gas_used":28742975,"tx_count":5},"timing":{"execution_ms":3.091779,"state_read_ms":73.740634,"state_hash_ms":118.18645,"commit_ms":58.688369,"total_ms":255.348819},"throughput":{"mgas_per_sec":112.56357132397781},"state_reads":{"accounts":26,"storage_slots":1280,"code":1,"code_bytes":869},"state_writes":{"accounts":12,"accounts_deleted":0,"storage_slots":1280,"storage_slots_deleted":0,"code":5,"code_bytes":140},"cache":{"account":{"hits":20,"misses":6,"hit_rate":76.92307692307693},"storage":{"hits":949,"misses":331,"hit_rate":74.140625},"code":{"hits":1,"misses":0,"hit_rate":100,"hit_bytes":869,"miss_bytes":0}}}
INFO [06-01|04:56:33.649] Imported new potential chain segment     number=42 hash=f49520..234ced blocks=1 txs=5 mgas=28.743 elapsed=255.777ms   mgasps=112.375 triediffs=125.06MiB triedirty=0.00B
INFO [06-01|04:56:33.650] Chain head was updated                   number=42 hash=f49520..234ced root=65cad0..3cad2c elapsed="124.703µs"
INFO [06-01|04:56:34.654] Starting work on payload                 id=0x03e7b0cc4719f8c9
INFO [06-01|04:56:36.524] Updated payload                          id=0x03e7b0cc4719f8c9 number=43 hash=200a88..484683 txs=5 withdrawals=0 gas=28,742,975 fees=0.05748595   root=c067e8..30f1cb elapsed=1.870s
INFO [06-01|04:56:36.525] Stopping work on payload                 id=0x03e7b0cc4719f8c9 reason=delivery
WARN [06-01|04:56:36.784] {"level":"warn","msg":"Slow block","block":{"number":43,"hash":"0x200a888821144acdafea51f127f082ba345f065dc3b9a931fd148f3322484683","gas_used":28742975,"tx_count":5},"timing":{"execution_ms":3.484905,"state_read_ms":86.806958,"state_hash_ms":124.575545,"commit_ms":43.852008,"total_ms":258.922089},"throughput":{"mgas_per_sec":111.01013092784062},"state_reads":{"accounts":26,"storage_slots":1280,"code":1,"code_bytes":869},"state_writes":{"accounts":12,"accounts_deleted":0,"storage_slots":1280,"storage_slots_deleted":0,"code":5,"code_bytes":140},"cache":{"account":{"hits":20,"misses":6,"hit_rate":76.92307692307693},"storage":{"hits":871,"misses":409,"hit_rate":68.046875},"code":{"hits":1,"misses":0,"hit_rate":100,"hit_bytes":869,"miss_bytes":0}}}
INFO [06-01|04:56:36.784] Imported new potential chain segment     number=43 hash=200a88..484683 blocks=1 txs=5 mgas=28.743 elapsed=259.190ms   mgasps=110.895 triediffs=128.70MiB triedirty=0.00B
INFO [06-01|04:56:36.784] Chain head was updated                   number=43 hash=200a88..484683 root=c067e8..30f1cb elapsed="137.605µs"
INFO [06-01|04:56:37.797] Starting work on payload                 id=0x03bba4fa344b43f0
INFO [06-01|04:56:39.685] Updated payload                          id=0x03bba4fa344b43f0 number=44 hash=ab48a6..49ee6f txs=5 withdrawals=0 gas=28,742,975 fees=0.05748595   root=d06711..1e8513 elapsed=1.887s
INFO [06-01|04:56:39.685] Stopping work on payload                 id=0x03bba4fa344b43f0 reason=delivery
WARN [06-01|04:56:39.929] {"level":"warn","msg":"Slow block","block":{"number":44,"hash":"0xab48a6443c5a3bb3d3e075a6d459cbd960de983ce5e1636bd0935b6b9349ee6f","gas_used":28742975,"tx_count":5},"timing":{"execution_ms":2.986244,"state_read_ms":91.390438,"state_hash_ms":106.764343,"commit_ms":42.307605,"total_ms":243.658764},"throughput":{"mgas_per_sec":117.9640515618802},"state_reads":{"accounts":26,"storage_slots":1280,"code":1,"code_bytes":869},"state_writes":{"accounts":12,"accounts_deleted":0,"storage_slots":1280,"storage_slots_deleted":0,"code":5,"code_bytes":140},"cache":{"account":{"hits":19,"misses":7,"hit_rate":73.07692307692307},"storage":{"hits":981,"misses":299,"hit_rate":76.640625},"code":{"hits":1,"misses":0,"hit_rate":100,"hit_bytes":869,"miss_bytes":0}}}
INFO [06-01|04:56:39.929] Imported new potential chain segment     number=44 hash=ab48a6..49ee6f blocks=1 txs=5 mgas=28.743 elapsed=243.881ms   mgasps=117.856 triediffs=132.36MiB triedirty=0.00B
INFO [06-01|04:56:39.929] Chain head was updated                   number=44 hash=ab48a6..49ee6f root=d06711..1e8513 elapsed="131.065µs"
INFO [06-01|04:56:40.933] Starting work on payload                 id=0x0390c5fded686950
INFO [06-01|04:56:42.847] Updated payload                          id=0x0390c5fded686950 number=45 hash=f1a6df..268e7a txs=5 withdrawals=0 gas=28,742,975 fees=0.05748595   root=8e2464..777db3 elapsed=1.913s
INFO [06-01|04:56:42.847] Stopping work on payload                 id=0x0390c5fded686950 reason=delivery
WARN [06-01|04:56:43.099] {"level":"warn","msg":"Slow block","block":{"number":45,"hash":"0xf1a6dfe54a4da699a3b572badc15db42d13b81131e5c382fb334963da1268e7a","gas_used":28742975,"tx_count":5},"timing":{"execution_ms":3.042347,"state_read_ms":88.6522,"state_hash_ms":117.958871,"commit_ms":41.935202,"total_ms":251.819915},"throughput":{"mgas_per_sec":114.14099238338636},"state_reads":{"accounts":26,"storage_slots":1280,"code":1,"code_bytes":869},"state_writes":{"accounts":12,"accounts_deleted":0,"storage_slots":1280,"storage_slots_deleted":0,"code":5,"code_bytes":140},"cache":{"account":{"hits":19,"misses":7,"hit_rate":73.07692307692307},"storage":{"hits":909,"misses":371,"hit_rate":71.015625},"code":{"hits":1,"misses":0,"hit_rate":100,"hit_bytes":869,"miss_bytes":0}}}
INFO [06-01|04:56:43.100] Imported new potential chain segment     number=45 hash=f1a6df..268e7a blocks=1 txs=5 mgas=28.743 elapsed=252.189ms   mgasps=113.974 triediffs=135.99MiB triedirty=0.00B
INFO [06-01|04:56:43.100] Chain head was updated                   number=45 hash=f1a6df..268e7a root=8e2464..777db3 elapsed="129.531µs"
INFO [06-01|04:56:44.104] Starting work on payload                 id=0x037f777a8025091a
INFO [06-01|04:56:45.962] Updated payload                          id=0x037f777a8025091a number=46 hash=db6a25..f54534 txs=5 withdrawals=0 gas=28,742,975 fees=0.05748595   root=399071..01ac68 elapsed=1.857s
INFO [06-01|04:56:45.962] Stopping work on payload                 id=0x037f777a8025091a reason=delivery
WARN [06-01|04:56:46.195] {"level":"warn","msg":"Slow block","block":{"number":46,"hash":"0xdb6a25745f64ae75f513a21fc0d4435af0bc97aa782cd7eb5bb45a0d13f54534","gas_used":28742975,"tx_count":5},"timing":{"execution_ms":4.197808,"state_read_ms":82.521822,"state_hash_ms":104.470634,"commit_ms":41.723209,"total_ms":233.104308},"throughput":{"mgas_per_sec":123.30520721221505},"state_reads":{"accounts":26,"storage_slots":1280,"code":1,"code_bytes":869},"state_writes":{"accounts":12,"accounts_deleted":0,"storage_slots":1280,"storage_slots_deleted":0,"code":5,"code_bytes":140},"cache":{"account":{"hits":21,"misses":5,"hit_rate":80.76923076923077},"storage":{"hits":995,"misses":285,"hit_rate":77.734375},"code":{"hits":1,"misses":0,"hit_rate":100,"hit_bytes":869,"miss_bytes":0}}}
INFO [06-01|04:56:46.195] Imported new potential chain segment     number=46 hash=db6a25..f54534 blocks=1 txs=5 mgas=28.743 elapsed=233.347ms   mgasps=123.176 triediffs=139.63MiB triedirty=0.00B
INFO [06-01|04:56:46.196] Chain head was updated                   number=46 hash=db6a25..f54534 root=399071..01ac68 elapsed="125.912µs"
INFO [06-01|04:56:47.200] Starting work on payload                 id=0x039e31dc67f85902
INFO [06-01|04:56:49.050] Updated payload                          id=0x039e31dc67f85902 number=47 hash=aec406..53ffdb txs=5 withdrawals=0 gas=28,742,975 fees=0.05748595   root=26f81f..9b695e elapsed=1.850s
INFO [06-01|04:56:49.050] Stopping work on payload                 id=0x039e31dc67f85902 reason=delivery
WARN [06-01|04:56:49.308] {"level":"warn","msg":"Slow block","block":{"number":47,"hash":"0xaec40603a94cdf4526f5048d6d0cc1d492fa410e6033db31d96c071e4c53ffdb","gas_used":28742975,"tx_count":5},"timing":{"execution_ms":4.306672,"state_read_ms":96.225663,"state_hash_ms":114.689317,"commit_ms":41.670971,"total_ms":257.127419},"throughput":{"mgas_per_sec":111.7849473688374},"state_reads":{"accounts":26,"storage_slots":1280,"code":1,"code_bytes":869},"state_writes":{"accounts":12,"accounts_deleted":0,"storage_slots":1280,"storage_slots_deleted":0,"code":5,"code_bytes":140},"cache":{"account":{"hits":19,"misses":7,"hit_rate":73.07692307692307},"storage":{"hits":876,"misses":404,"hit_rate":68.4375},"code":{"hits":1,"misses":0,"hit_rate":100,"hit_bytes":869,"miss_bytes":0}}}
INFO [06-01|04:56:49.308] Imported new potential chain segment     number=47 hash=aec406..53ffdb blocks=1 txs=5 mgas=28.743 elapsed=257.451ms   mgasps=111.644 triediffs=143.31MiB triedirty=0.00B
INFO [06-01|04:56:49.308] Chain head was updated                   number=47 hash=aec406..53ffdb root=26f81f..9b695e elapsed="144.907µs"
INFO [06-01|04:56:50.313] Starting work on payload                 id=0x03702de92d535376
INFO [06-01|04:56:52.165] Updated payload                          id=0x03702de92d535376 number=48 hash=56efda..5e7f6a txs=5 withdrawals=0 gas=28,742,975 fees=0.05748595   root=ec0ecf..e8abe1 elapsed=1.851s
INFO [06-01|04:56:52.165] Stopping work on payload                 id=0x03702de92d535376 reason=delivery
WARN [06-01|04:56:52.402] {"level":"warn","msg":"Slow block","block":{"number":48,"hash":"0x56efda29c52651d88eda731a1be1d2ba4031939e7a65e4ff59cf37c0cf5e7f6a","gas_used":28742975,"tx_count":5},"timing":{"execution_ms":4.44551,"state_read_ms":85.537141,"state_hash_ms":105.342133,"commit_ms":41.080993,"total_ms":236.623108},"throughput":{"mgas_per_sec":121.47154706462565},"state_reads":{"accounts":26,"storage_slots":1280,"code":1,"code_bytes":869},"state_writes":{"accounts":12,"accounts_deleted":0,"storage_slots":1280,"storage_slots_deleted":0,"code":5,"code_bytes":140},"cache":{"account":{"hits":19,"misses":7,"hit_rate":73.07692307692307},"storage":{"hits":895,"misses":385,"hit_rate":69.921875},"code":{"hits":1,"misses":0,"hit_rate":100,"hit_bytes":869,"miss_bytes":0}}}
INFO [06-01|04:56:52.402] Imported new potential chain segment     number=48 hash=56efda..5e7f6a blocks=1 txs=5 mgas=28.743 elapsed=236.869ms   mgasps=121.345 triediffs=146.92MiB triedirty=0.00B
INFO [06-01|04:56:52.403] Chain head was updated                   number=48 hash=56efda..5e7f6a root=ec0ecf..e8abe1 elapsed="125.076µs"
INFO [06-01|04:56:53.420] Starting work on payload                 id=0x033e8f1bec6be498
INFO [06-01|04:56:55.323] Updated payload                          id=0x033e8f1bec6be498 number=49 hash=e4e1c9..5931e9 txs=5 withdrawals=0 gas=28,742,975 fees=0.01036541469 root=e6ce3c..abd41b elapsed=1.902s
INFO [06-01|04:56:55.323] Stopping work on payload                 id=0x033e8f1bec6be498 reason=delivery
WARN [06-01|04:56:55.564] {"level":"warn","msg":"Slow block","block":{"number":49,"hash":"0xe4e1c9107ab93bfa3b08fd65c115a465194f86b0a267671f5000c74e3c5931e9","gas_used":28742975,"tx_count":5},"timing":{"execution_ms":3.762191,"state_read_ms":88.933499,"state_hash_ms":103.591181,"commit_ms":44.546611,"total_ms":241.051275},"throughput":{"mgas_per_sec":119.24008698979087},"state_reads":{"accounts":26,"storage_slots":1280,"code":1,"code_bytes":869},"state_writes":{"accounts":12,"accounts_deleted":0,"storage_slots":1280,"storage_slots_deleted":0,"code":5,"code_bytes":140},"cache":{"account":{"hits":20,"misses":6,"hit_rate":76.92307692307693},"storage":{"hits":920,"misses":360,"hit_rate":71.875},"code":{"hits":1,"misses":0,"hit_rate":100,"hit_bytes":869,"miss_bytes":0}}}
INFO [06-01|04:56:55.565] Imported new potential chain segment     number=49 hash=e4e1c9..5931e9 blocks=1 txs=5 mgas=28.743 elapsed=241.302ms   mgasps=119.116 triediffs=150.56MiB triedirty=0.00B
INFO [06-01|04:56:55.565] Chain head was updated                   number=49 hash=e4e1c9..5931e9 root=e6ce3c..abd41b elapsed="166.098µs"
INFO [06-01|04:56:56.570] Starting work on payload                 id=0x036da561024da0c9
INFO [06-01|04:56:56.584] Updated payload                          id=0x036da561024da0c9 number=50 hash=bf01af..d9fb41 txs=0 withdrawals=0 gas=0          fees=0             root=e6ce3c..abd41b elapsed=13.259ms
INFO [06-01|04:56:56.584] Stopping work on payload                 id=0x036da561024da0c9 reason=delivery
WARN [06-01|04:56:56.601] {"level":"warn","msg":"Slow block","block":{"number":50,"hash":"0xbf01af2ed9cfc44718f19a21f0416c5f57422b3400e807932660cfb487d9fb41","gas_used":0,"tx_count":0},"timing":{"execution_ms":0.034989,"state_read_ms":16.366142,"state_hash_ms":0.00281,"commit_ms":0.212911,"total_ms":16.896257},"throughput":{"mgas_per_sec":0},"state_reads":{"accounts":4,"storage_slots":0,"code":0,"code_bytes":0},"state_writes":{"accounts":0,"accounts_deleted":0,"storage_slots":0,"storage_slots_deleted":0,"code":0,"code_bytes":0},"cache":{"account":{"hits":0,"misses":4,"hit_rate":0},"storage":{"hits":0,"misses":0,"hit_rate":0},"code":{"hits":0,"misses":0,"hit_rate":0,"hit_bytes":0,"miss_bytes":0}}}
INFO [06-01|04:56:56.601] Imported new potential chain segment     number=50 hash=bf01af..d9fb41 blocks=1 txs=0 mgas=0.000  elapsed=17.085ms    mgasps=0.000   triediffs=150.56MiB triedirty=0.00B
INFO [06-01|04:56:56.601] Chain head was updated                   number=50 hash=bf01af..d9fb41 root=e6ce3c..abd41b elapsed="87.153µs"
INFO [06-01|04:56:57.606] Starting work on payload                 id=0x034fa2b212bd2413
INFO [06-01|04:56:59.416] Updated payload                          id=0x034fa2b212bd2413 number=51 hash=d03472..3e616f txs=5 withdrawals=0 gas=28,742,975 fees=0.02988472584 root=227343..299a25 elapsed=1.810s
INFO [06-01|04:56:59.416] Stopping work on payload                 id=0x034fa2b212bd2413 reason=delivery
WARN [06-01|04:56:59.697] {"level":"warn","msg":"Slow block","block":{"number":51,"hash":"0xd03472513cb2e11cffc80ef3552680c2cbd5a67575f4183c23469ae08d3e616f","gas_used":28742975,"tx_count":5},"timing":{"execution_ms":3.75063,"state_read_ms":108.49114,"state_hash_ms":114.090971,"commit_ms":54.149118,"total_ms":280.680633},"throughput":{"mgas_per_sec":102.40455386175505},"state_reads":{"accounts":26,"storage_slots":1280,"code":1,"code_bytes":869},"state_writes":{"accounts":12,"accounts_deleted":0,"storage_slots":1280,"storage_slots_deleted":0,"code":5,"code_bytes":140},"cache":{"account":{"hits":20,"misses":6,"hit_rate":76.92307692307693},"storage":{"hits":1030,"misses":250,"hit_rate":80.46875},"code":{"hits":1,"misses":0,"hit_rate":100,"hit_bytes":869,"miss_bytes":0}}}
INFO [06-01|04:56:59.697] Imported new potential chain segment     number=51 hash=d03472..3e616f blocks=1 txs=5 mgas=28.743 elapsed=280.963ms   mgasps=102.301 triediffs=154.20MiB triedirty=0.00B
INFO [06-01|04:56:59.697] Chain head was updated                   number=51 hash=d03472..3e616f root=227343..299a25 elapsed="126.607µs"
INFO [06-01|04:57:00.703] Starting work on payload                 id=0x032fe8b6fe4da1d8
INFO [06-01|04:57:00.716] Updated payload                          id=0x032fe8b6fe4da1d8 number=52 hash=8920a3..18ed92 txs=0 withdrawals=0 gas=0          fees=0             root=227343..299a25 elapsed=12.702ms
INFO [06-01|04:57:00.716] Stopping work on payload                 id=0x032fe8b6fe4da1d8 reason=delivery
WARN [06-01|04:57:00.733] {"level":"warn","msg":"Slow block","block":{"number":52,"hash":"0x8920a3f54c6eb368dec0a64c7d5cdb9b5a5975267cd38a11f9109f3c2318ed92","gas_used":0,"tx_count":0},"timing":{"execution_ms":0.031324,"state_read_ms":16.014168,"state_hash_ms":0.003262,"commit_ms":0.192568,"total_ms":16.453818},"throughput":{"mgas_per_sec":0},"state_reads":{"accounts":4,"storage_slots":0,"code":0,"code_bytes":0},"state_writes":{"accounts":0,"accounts_deleted":0,"storage_slots":0,"storage_slots_deleted":0,"code":0,"code_bytes":0},"cache":{"account":{"hits":0,"misses":4,"hit_rate":0},"storage":{"hits":0,"misses":0,"hit_rate":0},"code":{"hits":0,"misses":0,"hit_rate":0,"hit_bytes":0,"miss_bytes":0}}}
INFO [06-01|04:57:00.733] Imported new potential chain segment     number=52 hash=8920a3..18ed92 blocks=1 txs=0 mgas=0.000  elapsed=16.602ms    mgasps=0.000   triediffs=154.20MiB triedirty=0.00B
INFO [06-01|04:57:00.733] Chain head was updated                   number=52 hash=8920a3..18ed92 root=227343..299a25 elapsed="202.759µs"
INFO [06-01|04:57:01.738] Starting work on payload                 id=0x038de6deae600cb0
INFO [06-01|04:57:03.564] Updated payload                          id=0x038de6deae600cb0 number=53 hash=0dc580..4fedbe txs=5 withdrawals=0 gas=28,742,975 fees=0.04894143588 root=ee8e4c..d76a9b elapsed=1.826s
INFO [06-01|04:57:03.564] Stopping work on payload                 id=0x038de6deae600cb0 reason=delivery
WARN [06-01|04:57:03.839] {"level":"warn","msg":"Slow block","block":{"number":53,"hash":"0x0dc580fd6d288d70d5066847f0e976ad91dd008d23fca61cc3cdecaa134fedbe","gas_used":28742975,"tx_count":5},"timing":{"execution_ms":4.499121,"state_read_ms":106.646921,"state_hash_ms":106.89485,"commit_ms":56.141997,"total_ms":274.63472},"throughput":{"mgas_per_sec":104.658926591656},"state_reads":{"accounts":26,"storage_slots":1280,"code":1,"code_bytes":869},"state_writes":{"accounts":12,"accounts_deleted":0,"storage_slots":1280,"storage_slots_deleted":0,"code":5,"code_bytes":140},"cache":{"account":{"hits":21,"misses":5,"hit_rate":80.76923076923077},"storage":{"hits":952,"misses":328,"hit_rate":74.375},"code":{"hits":1,"misses":0,"hit_rate":100,"hit_bytes":869,"miss_bytes":0}}}
INFO [06-01|04:57:03.839] Imported new potential chain segment     number=53 hash=0dc580..4fedbe blocks=1 txs=5 mgas=28.743 elapsed=274.997ms   mgasps=104.521 triediffs=157.82MiB triedirty=0.00B
INFO [06-01|04:57:03.840] Chain head was updated                   number=53 hash=0dc580..4fedbe root=ee8e4c..d76a9b elapsed="124.072µs"
INFO [06-01|04:57:04.844] Starting work on payload                 id=0x0350808bd1ed19e6
INFO [06-01|04:57:04.857] Updated payload                          id=0x0350808bd1ed19e6 number=54 hash=ee2869..8309aa txs=0 withdrawals=0 gas=0          fees=0             root=ee8e4c..d76a9b elapsed=13.094ms
INFO [06-01|04:57:04.857] Stopping work on payload                 id=0x0350808bd1ed19e6 reason=delivery
WARN [06-01|04:57:04.880] {"level":"warn","msg":"Slow block","block":{"number":54,"hash":"0xee2869e13d1b340e650e27b526bad8471c1a95cb5a89e8a8974336b1da8309aa","gas_used":0,"tx_count":0},"timing":{"execution_ms":0.028145,"state_read_ms":22.103211,"state_hash_ms":0.00329,"commit_ms":0.130444,"total_ms":22.410429},"throughput":{"mgas_per_sec":0},"state_reads":{"accounts":4,"storage_slots":0,"code":0,"code_bytes":0},"state_writes":{"accounts":0,"accounts_deleted":0,"storage_slots":0,"storage_slots_deleted":0,"code":0,"code_bytes":0},"cache":{"account":{"hits":0,"misses":4,"hit_rate":0},"storage":{"hits":0,"misses":0,"hit_rate":0},"code":{"hits":0,"misses":0,"hit_rate":0,"hit_bytes":0,"miss_bytes":0}}}
INFO [06-01|04:57:04.880] Imported new potential chain segment     number=54 hash=ee2869..8309aa blocks=1 txs=0 mgas=0.000  elapsed=22.592ms    mgasps=0.000   triediffs=157.82MiB triedirty=0.00B
INFO [06-01|04:57:04.880] Chain head was updated                   number=54 hash=ee2869..8309aa root=ee8e4c..d76a9b elapsed="51.857µs"
INFO [06-01|04:57:05.885] Starting work on payload                 id=0x03b8b4bda1c9cc0a
INFO [06-01|04:57:07.769] Updated payload                          id=0x03b8b4bda1c9cc0a number=55 hash=e71270..680b47 txs=5 withdrawals=0 gas=28,742,975 fees=0.05748595    root=22e85a..6e775c elapsed=1.884s
INFO [06-01|04:57:07.770] Stopping work on payload                 id=0x03b8b4bda1c9cc0a reason=delivery
WARN [06-01|04:57:08.033] {"level":"warn","msg":"Slow block","block":{"number":55,"hash":"0xe71270396e63f22440e07a76fb0e317691c830ee61a60d20f264ed0d60680b47","gas_used":28742975,"tx_count":5},"timing":{"execution_ms":3.029191,"state_read_ms":94.152961,"state_hash_ms":122.223193,"commit_ms":43.237668,"total_ms":262.954507},"throughput":{"mgas_per_sec":109.30778608027434},"state_reads":{"accounts":26,"storage_slots":1280,"code":1,"code_bytes":869},"state_writes":{"accounts":12,"accounts_deleted":0,"storage_slots":1280,"storage_slots_deleted":0,"code":5,"code_bytes":140},"cache":{"account":{"hits":19,"misses":7,"hit_rate":73.07692307692307},"storage":{"hits":845,"misses":435,"hit_rate":66.015625},"code":{"hits":1,"misses":0,"hit_rate":100,"hit_bytes":869,"miss_bytes":0}}}
INFO [06-01|04:57:08.033] Imported new potential chain segment     number=55 hash=e71270..680b47 blocks=1 txs=5 mgas=28.743 elapsed=263.186ms   mgasps=109.211 triediffs=161.43MiB triedirty=0.00B
INFO [06-01|04:57:08.033] Chain head was updated                   number=55 hash=e71270..680b47 root=22e85a..6e775c elapsed="215.871µs"
INFO [06-01|04:57:09.039] Starting work on payload                 id=0x033f0ab1ee6c345d
INFO [06-01|04:57:10.915] Updated payload                          id=0x033f0ab1ee6c345d number=56 hash=53fd02..cda249 txs=5 withdrawals=0 gas=28,742,975 fees=0.01578646013 root=300056..48efd2 elapsed=1.875s
INFO [06-01|04:57:10.915] Stopping work on payload                 id=0x033f0ab1ee6c345d reason=delivery
WARN [06-01|04:57:11.176] {"level":"warn","msg":"Slow block","block":{"number":56,"hash":"0x53fd023f6fd7ed2d50f688757b2f049ab6c459c4847f52807276b75407cda249","gas_used":28742975,"tx_count":5},"timing":{"execution_ms":3.462662,"state_read_ms":84.317857,"state_hash_ms":130.197358,"commit_ms":42.88746,"total_ms":261.18126},"throughput":{"mgas_per_sec":110.04991322884345},"state_reads":{"accounts":26,"storage_slots":1280,"code":1,"code_bytes":869},"state_writes":{"accounts":12,"accounts_deleted":0,"storage_slots":1280,"storage_slots_deleted":0,"code":5,"code_bytes":140},"cache":{"account":{"hits":20,"misses":6,"hit_rate":76.92307692307693},"storage":{"hits":959,"misses":321,"hit_rate":74.921875},"code":{"hits":1,"misses":0,"hit_rate":100,"hit_bytes":869,"miss_bytes":0}}}
INFO [06-01|04:57:11.177] Imported new potential chain segment     number=56 hash=53fd02..cda249 blocks=1 txs=5 mgas=28.743 elapsed=261.452ms   mgasps=109.936 triediffs=165.07MiB triedirty=0.00B
INFO [06-01|04:57:11.177] Chain head was updated                   number=56 hash=53fd02..cda249 root=300056..48efd2 elapsed="124.558µs"
INFO [06-01|04:57:12.181] Starting work on payload                 id=0x0306cecbce2839a9
INFO [06-01|04:57:12.198] Updated payload                          id=0x0306cecbce2839a9 number=57 hash=2dedb3..e71cbc txs=0 withdrawals=0 gas=0          fees=0             root=300056..48efd2 elapsed=16.426ms
INFO [06-01|04:57:12.198] Stopping work on payload                 id=0x0306cecbce2839a9 reason=delivery
WARN [06-01|04:57:12.203] {"level":"warn","msg":"Slow block","block":{"number":57,"hash":"0x2dedb3890122380c9e286b3f9805ca347293037ef23b8e84ff4c4370dbe71cbc","gas_used":0,"tx_count":0},"timing":{"execution_ms":0.043963,"state_read_ms":4.049953,"state_hash_ms":0.002354,"commit_ms":0.127294,"total_ms":4.414343},"throughput":{"mgas_per_sec":0},"state_reads":{"accounts":4,"storage_slots":0,"code":0,"code_bytes":0},"state_writes":{"accounts":0,"accounts_deleted":0,"storage_slots":0,"storage_slots_deleted":0,"code":0,"code_bytes":0},"cache":{"account":{"hits":0,"misses":4,"hit_rate":0},"storage":{"hits":0,"misses":0,"hit_rate":0},"code":{"hits":0,"misses":0,"hit_rate":0,"hit_bytes":0,"miss_bytes":0}}}
INFO [06-01|04:57:12.203] Imported new potential chain segment     number=57 hash=2dedb3..e71cbc blocks=1 txs=0 mgas=0.000  elapsed=4.712ms     mgasps=0.000   triediffs=165.07MiB triedirty=0.00B
INFO [06-01|04:57:12.203] Chain head was updated                   number=57 hash=2dedb3..e71cbc root=300056..48efd2 elapsed="41.535µs"
INFO [06-01|04:57:13.208] Starting work on payload                 id=0x03ae2aab213160d2
INFO [06-01|04:57:15.075] Updated payload                          id=0x03ae2aab213160d2 number=58 hash=24852a..44acb4 txs=5 withdrawals=0 gas=28,742,975 fees=0.03587889927 root=4251ab..2943a2 elapsed=1.866s
INFO [06-01|04:57:15.075] Stopping work on payload                 id=0x03ae2aab213160d2 reason=delivery
WARN [06-01|04:57:15.342] {"level":"warn","msg":"Slow block","block":{"number":58,"hash":"0x24852a0951ed5bf68b934d2c6acbf3c8bf04a644c41c2b621eb4d8284d44acb4","gas_used":28742975,"tx_count":5},"timing":{"execution_ms":3.302002,"state_read_ms":78.60544,"state_hash_ms":141.927778,"commit_ms":43.043534,"total_ms":267.128406},"throughput":{"mgas_per_sec":107.59984469790906},"state_reads":{"accounts":26,"storage_slots":1280,"code":1,"code_bytes":869},"state_writes":{"accounts":12,"accounts_deleted":0,"storage_slots":1280,"storage_slots_deleted":0,"code":5,"code_bytes":140},"cache":{"account":{"hits":21,"misses":5,"hit_rate":80.76923076923077},"storage":{"hits":916,"misses":364,"hit_rate":71.5625},"code":{"hits":1,"misses":0,"hit_rate":100,"hit_bytes":869,"miss_bytes":0}}}
INFO [06-01|04:57:15.342] Imported new potential chain segment     number=58 hash=24852a..44acb4 blocks=1 txs=5 mgas=28.743 elapsed=267.417ms   mgasps=107.483 triediffs=168.69MiB triedirty=0.00B
INFO [06-01|04:57:15.343] Chain head was updated                   number=58 hash=24852a..44acb4 root=4251ab..2943a2 elapsed="132.389µs"
INFO [06-01|04:57:16.347] Starting work on payload                 id=0x03d1c12799d00bb0
INFO [06-01|04:57:16.355] Updated payload                          id=0x03d1c12799d00bb0 number=59 hash=af583c..43d278 txs=0 withdrawals=0 gas=0          fees=0             root=4251ab..2943a2 elapsed=8.159ms
INFO [06-01|04:57:16.363] Stopping work on payload                 id=0x03d1c12799d00bb0 reason=delivery
WARN [06-01|04:57:16.373] {"level":"warn","msg":"Slow block","block":{"number":59,"hash":"0xaf583c4bb9e848fd0f74bd7c7f82a37a15c4867e80bd6146de9e4a2b1a43d278","gas_used":0,"tx_count":0},"timing":{"execution_ms":1.543866,"state_read_ms":2.599558,"state_hash_ms":0.002664,"commit_ms":0.173914,"total_ms":16.350825},"throughput":{"mgas_per_sec":0},"state_reads":{"accounts":4,"storage_slots":0,"code":0,"code_bytes":0},"state_writes":{"accounts":0,"accounts_deleted":0,"storage_slots":0,"storage_slots_deleted":0,"code":0,"code_bytes":0},"cache":{"account":{"hits":0,"misses":4,"hit_rate":0},"storage":{"hits":0,"misses":0,"hit_rate":0},"code":{"hits":0,"misses":0,"hit_rate":0,"hit_bytes":0,"miss_bytes":0}}}
INFO [06-01|04:57:16.373] Imported new potential chain segment     number=59 hash=af583c..43d278 blocks=1 txs=0 mgas=0.000  elapsed=16.738ms    mgasps=0.000   triediffs=168.69MiB triedirty=0.00B
INFO [06-01|04:57:16.373] Chain head was updated                   number=59 hash=af583c..43d278 root=4251ab..2943a2 elapsed="55.742µs"
INFO [06-01|04:57:17.378] Starting work on payload                 id=0x034ce61c9cfac772
INFO [06-01|04:57:19.239] Updated payload                          id=0x034ce61c9cfac772 number=60 hash=5ed3e6..8edeac txs=5 withdrawals=0 gas=28,742,975 fees=0.05545781424 root=198ba9..37febb elapsed=1.860s
INFO [06-01|04:57:19.239] Stopping work on payload                 id=0x034ce61c9cfac772 reason=delivery
WARN [06-01|04:57:19.494] {"level":"warn","msg":"Slow block","block":{"number":60,"hash":"0x5ed3e61f92d91b211331013051fdccdae8bd8c8fe79dd468711c4bf6968edeac","gas_used":28742975,"tx_count":5},"timing":{"execution_ms":3.168982,"state_read_ms":90.423669,"state_hash_ms":117.888215,"commit_ms":42.660752,"total_ms":254.534206},"throughput":{"mgas_per_sec":112.92382054143245},"state_reads":{"accounts":26,"storage_slots":1280,"code":1,"code_bytes":869},"state_writes":{"accounts":12,"accounts_deleted":0,"storage_slots":1280,"storage_slots_deleted":0,"code":5,"code_bytes":140},"cache":{"account":{"hits":19,"misses":7,"hit_rate":73.07692307692307},"storage":{"hits":834,"misses":446,"hit_rate":65.15625},"code":{"hits":1,"misses":0,"hit_rate":100,"hit_bytes":869,"miss_bytes":0}}}
INFO [06-01|04:57:19.494] Imported new potential chain segment     number=60 hash=5ed3e6..8edeac blocks=1 txs=5 mgas=28.743 elapsed=254.831ms   mgasps=112.792 triediffs=172.33MiB triedirty=0.00B
INFO [06-01|04:57:19.495] Chain head was updated                   number=60 hash=5ed3e6..8edeac root=198ba9..37febb elapsed="134.533µs"
INFO [06-01|04:57:20.500] Starting work on payload                 id=0x03325535318e973b
INFO [06-01|04:57:22.267] Updated payload                          id=0x03325535318e973b number=61 hash=694c18..4fc35f txs=5 withdrawals=0 gas=28,742,975 fees=0.003049921216 root=7de98d..43caad elapsed=1.766s
INFO [06-01|04:57:22.267] Stopping work on payload                 id=0x03325535318e973b reason=delivery
WARN [06-01|04:57:22.529] {"level":"warn","msg":"Slow block","block":{"number":61,"hash":"0x694c18f18341912177134a71028f2ff01f6888bbed759a698aa8f6587c4fc35f","gas_used":28742975,"tx_count":5},"timing":{"execution_ms":2.613738,"state_read_ms":86.244114,"state_hash_ms":129.694641,"commit_ms":42.740776,"total_ms":261.500171},"throughput":{"mgas_per_sec":109.91570250254253},"state_reads":{"accounts":26,"storage_slots":1280,"code":1,"code_bytes":869},"state_writes":{"accounts":12,"accounts_deleted":0,"storage_slots":1280,"storage_slots_deleted":0,"code":5,"code_bytes":140},"cache":{"account":{"hits":20,"misses":6,"hit_rate":76.92307692307693},"storage":{"hits":1075,"misses":205,"hit_rate":83.984375},"code":{"hits":1,"misses":0,"hit_rate":100,"hit_bytes":869,"miss_bytes":0}}}
INFO [06-01|04:57:22.529] Imported new potential chain segment     number=61 hash=694c18..4fc35f blocks=1 txs=5 mgas=28.743 elapsed=261.728ms   mgasps=109.820 triediffs=175.99MiB triedirty=0.00B
INFO [06-01|04:57:22.529] Chain head was updated                   number=61 hash=694c18..4fc35f root=7de98d..43caad elapsed="127.89µs"
INFO [06-01|04:57:23.544] Starting work on payload                 id=0x031d8ed95f2a96c1
INFO [06-01|04:57:23.547] Updated payload                          id=0x031d8ed95f2a96c1 number=62 hash=1cb5da..18ba18 txs=0 withdrawals=0 gas=0          fees=0              root=7de98d..43caad elapsed=2.960ms
INFO [06-01|04:57:23.547] Stopping work on payload                 id=0x031d8ed95f2a96c1 reason=delivery
WARN [06-01|04:57:23.556] {"level":"warn","msg":"Slow block","block":{"number":62,"hash":"0x1cb5daa76dfd17e2158a0776d22b2117b8182c5841e33e400cf4c6635c18ba18","gas_used":0,"tx_count":0},"timing":{"execution_ms":0.023043,"state_read_ms":2.67215,"state_hash_ms":0.002841,"commit_ms":0.357044,"total_ms":8.963715},"throughput":{"mgas_per_sec":0},"state_reads":{"accounts":4,"storage_slots":0,"code":0,"code_bytes":0},"state_writes":{"accounts":0,"accounts_deleted":0,"storage_slots":0,"storage_slots_deleted":0,"code":0,"code_bytes":0},"cache":{"account":{"hits":0,"misses":4,"hit_rate":0},"storage":{"hits":0,"misses":0,"hit_rate":0},"code":{"hits":0,"misses":0,"hit_rate":0,"hit_bytes":0,"miss_bytes":0}}}
INFO [06-01|04:57:23.556] Imported new potential chain segment     number=62 hash=1cb5da..18ba18 blocks=1 txs=0 mgas=0.000  elapsed=9.147ms     mgasps=0.000   triediffs=175.99MiB triedirty=0.00B
INFO [06-01|04:57:23.557] Chain head was updated                   number=62 hash=1cb5da..18ba18 root=7de98d..43caad elapsed="77.51µs"
INFO [06-01|04:57:24.561] Starting work on payload                 id=0x037a23014fbd2f3f
INFO [06-01|04:57:26.401] Updated payload                          id=0x037a23014fbd2f3f number=63 hash=5e735d..b25b59 txs=5 withdrawals=0 gas=28,742,975 fees=0.02415248953  root=916d87..1aac23 elapsed=1.839s
INFO [06-01|04:57:26.401] Stopping work on payload                 id=0x037a23014fbd2f3f reason=delivery
WARN [06-01|04:57:26.650] {"level":"warn","msg":"Slow block","block":{"number":63,"hash":"0x5e735da2fd48c1c283277abb64b6e6e89405779f77e50d3a740d06e1a1b25b59","gas_used":28742975,"tx_count":5},"timing":{"execution_ms":3.021822,"state_read_ms":86.555427,"state_hash_ms":116.423032,"commit_ms":42.63077,"total_ms":248.966304},"throughput":{"mgas_per_sec":115.44925774373066},"state_reads":{"accounts":26,"storage_slots":1280,"code":1,"code_bytes":869},"state_writes":{"accounts":12,"accounts_deleted":0,"storage_slots":1280,"storage_slots_deleted":0,"code":5,"code_bytes":140},"cache":{"account":{"hits":21,"misses":5,"hit_rate":80.76923076923077},"storage":{"hits":989,"misses":291,"hit_rate":77.265625},"code":{"hits":1,"misses":0,"hit_rate":100,"hit_bytes":869,"miss_bytes":0}}}
INFO [06-01|04:57:26.651] Imported new potential chain segment     number=63 hash=5e735d..b25b59 blocks=1 txs=5 mgas=28.743 elapsed=249.290ms   mgasps=115.299 triediffs=179.63MiB triedirty=0.00B
INFO [06-01|04:57:26.651] Chain head was updated                   number=63 hash=5e735d..b25b59 root=916d87..1aac23 elapsed="119.85µs"
INFO [06-01|04:57:27.655] Starting work on payload                 id=0x0327beb26e363330
INFO [06-01|04:57:27.665] Updated payload                          id=0x0327beb26e363330 number=64 hash=036227..f6f59e txs=0 withdrawals=0 gas=0          fees=0              root=916d87..1aac23 elapsed=9.949ms
INFO [06-01|04:57:27.665] Stopping work on payload                 id=0x0327beb26e363330 reason=delivery
WARN [06-01|04:57:27.679] {"level":"warn","msg":"Slow block","block":{"number":64,"hash":"0x03622766b1b1fd500f8332d57ee5796b420adc047d4124df89baf6c11ef6f59e","gas_used":0,"tx_count":0},"timing":{"execution_ms":0.026085,"state_read_ms":12.91114,"state_hash_ms":0.002298,"commit_ms":0.239405,"total_ms":13.580796},"throughput":{"mgas_per_sec":0},"state_reads":{"accounts":4,"storage_slots":0,"code":0,"code_bytes":0},"state_writes":{"accounts":0,"accounts_deleted":0,"storage_slots":0,"storage_slots_deleted":0,"code":0,"code_bytes":0},"cache":{"account":{"hits":0,"misses":4,"hit_rate":0},"storage":{"hits":0,"misses":0,"hit_rate":0},"code":{"hits":0,"misses":0,"hit_rate":0,"hit_bytes":0,"miss_bytes":0}}}
INFO [06-01|04:57:27.679] Imported new potential chain segment     number=64 hash=036227..f6f59e blocks=1 txs=0 mgas=0.000  elapsed=13.692ms    mgasps=0.000   triediffs=179.63MiB triedirty=0.00B
INFO [06-01|04:57:27.679] Chain head was updated                   number=64 hash=036227..f6f59e root=916d87..1aac23 elapsed="49.248µs"
INFO [06-01|04:57:28.683] Starting work on payload                 id=0x03665e5672a39ef1
INFO [06-01|04:57:30.513] Updated payload                          id=0x03665e5672a39ef1 number=65 hash=d546ba..da36c1 txs=5 withdrawals=0 gas=28,742,975 fees=0.04468834908  root=42e88d..df7836 elapsed=1.830s
INFO [06-01|04:57:30.513] Stopping work on payload                 id=0x03665e5672a39ef1 reason=delivery
WARN [06-01|04:57:30.770] {"level":"warn","msg":"Slow block","block":{"number":65,"hash":"0xd546bacecfe724fcae4c0ac4238a2cadda1004e2480e298785ff960bf7da36c1","gas_used":28742975,"tx_count":5},"timing":{"execution_ms":2.924887,"state_read_ms":92.498822,"state_hash_ms":118.106656,"commit_ms":42.766747,"total_ms":256.500171},"throughput":{"mgas_per_sec":112.05830736073857},"state_reads":{"accounts":26,"storage_slots":1280,"code":1,"code_bytes":869},"state_writes":{"accounts":12,"accounts_deleted":0,"storage_slots":1280,"storage_slots_deleted":0,"code":5,"code_bytes":140},"cache":{"account":{"hits":20,"misses":6,"hit_rate":76.92307692307693},"storage":{"hits":1036,"misses":244,"hit_rate":80.9375},"code":{"hits":1,"misses":0,"hit_rate":100,"hit_bytes":869,"miss_bytes":0}}}
INFO [06-01|04:57:30.770] Imported new potential chain segment     number=65 hash=d546ba..da36c1 blocks=1 txs=5 mgas=28.743 elapsed=256.767ms   mgasps=111.941 triediffs=183.32MiB triedirty=0.00B
INFO [06-01|04:57:30.770] Chain head was updated                   number=65 hash=d546ba..da36c1 root=42e88d..df7836 elapsed="126.41µs"
INFO [06-01|04:57:31.774] Starting work on payload                 id=0x03799b60246b8a37
INFO [06-01|04:57:31.784] Updated payload                          id=0x03799b60246b8a37 number=66 hash=22dbd1..7c36d2 txs=0 withdrawals=0 gas=0          fees=0              root=42e88d..df7836 elapsed=9.523ms
INFO [06-01|04:57:31.784] Stopping work on payload                 id=0x03799b60246b8a37 reason=delivery
WARN [06-01|04:57:31.802] {"level":"warn","msg":"Slow block","block":{"number":66,"hash":"0x22dbd147132ef6a0686d53b18d4b9b284e42ba253fcb6a625e7401b58d7c36d2","gas_used":0,"tx_count":0},"timing":{"execution_ms":0.0439,"state_read_ms":16.355933,"state_hash_ms":0.004057,"commit_ms":0.373447,"total_ms":17.166287},"throughput":{"mgas_per_sec":0},"state_reads":{"accounts":4,"storage_slots":0,"code":0,"code_bytes":0},"state_writes":{"accounts":0,"accounts_deleted":0,"storage_slots":0,"storage_slots_deleted":0,"code":0,"code_bytes":0},"cache":{"account":{"hits":0,"misses":4,"hit_rate":0},"storage":{"hits":0,"misses":0,"hit_rate":0},"code":{"hits":0,"misses":0,"hit_rate":0,"hit_bytes":0,"miss_bytes":0}}}
INFO [06-01|04:57:31.802] Imported new potential chain segment     number=66 hash=22dbd1..7c36d2 blocks=1 txs=0 mgas=0.000  elapsed=17.347ms    mgasps=0.000   triediffs=183.32MiB triedirty=0.00B
INFO [06-01|04:57:31.802] Chain head was updated                   number=66 hash=22dbd1..7c36d2 root=42e88d..df7836 elapsed="74.105µs"
INFO [06-01|04:57:32.806] Starting work on payload                 id=0x038f54e6f8ae2233
INFO [06-01|04:57:34.631] Updated payload                          id=0x038f54e6f8ae2233 number=67 hash=2ca536..5e6091 txs=5 withdrawals=0 gas=28,742,975 fees=0.05748595     root=7154f7..026e7c elapsed=1.825s
INFO [06-01|04:57:34.631] Stopping work on payload                 id=0x038f54e6f8ae2233 reason=delivery
WARN [06-01|04:57:34.894] {"level":"warn","msg":"Slow block","block":{"number":67,"hash":"0x2ca53675bc760ecd6377034d918325a700c4cf5810ca7b6242cbd454ff5e6091","gas_used":28742975,"tx_count":5},"timing":{"execution_ms":3.401988,"state_read_ms":93.133109,"state_hash_ms":123.434972,"commit_ms":42.309452,"total_ms":262.623731},"throughput":{"mgas_per_sec":109.44545982404004},"state_reads":{"accounts":26,"storage_slots":1280,"code":1,"code_bytes":869},"state_writes":{"accounts":12,"accounts_deleted":0,"storage_slots":1280,"storage_slots_deleted":0,"code":5,"code_bytes":140},"cache":{"account":{"hits":20,"misses":6,"hit_rate":76.92307692307693},"storage":{"hits":881,"misses":399,"hit_rate":68.828125},"code":{"hits":1,"misses":0,"hit_rate":100,"hit_bytes":869,"miss_bytes":0}}}
INFO [06-01|04:57:34.894] Imported new potential chain segment     number=67 hash=2ca536..5e6091 blocks=1 txs=5 mgas=28.743 elapsed=262.876ms   mgasps=109.340 triediffs=186.96MiB triedirty=0.00B
INFO [06-01|04:57:34.894] Chain head was updated                   number=67 hash=2ca536..5e6091 root=7154f7..026e7c elapsed="127.387µs"
INFO [06-01|04:57:35.898] Starting work on payload                 id=0x03789aead6b663d8
INFO [06-01|04:57:35.906] Updated payload                          id=0x03789aead6b663d8 number=68 hash=997ab5..97d822 txs=0 withdrawals=0 gas=0          fees=0              root=7154f7..026e7c elapsed=7.909ms
INFO [06-01|04:57:35.906] Stopping work on payload                 id=0x03789aead6b663d8 reason=delivery
WARN [06-01|04:57:35.932] {"level":"warn","msg":"Slow block","block":{"number":68,"hash":"0x997ab51229e328cc61275879472e6b50cc1894ff75cc031a10fb59888597d822","gas_used":0,"tx_count":0},"timing":{"execution_ms":0.032113,"state_read_ms":25.196529,"state_hash_ms":0.002414,"commit_ms":0.160497,"total_ms":25.698152},"throughput":{"mgas_per_sec":0},"state_reads":{"accounts":4,"storage_slots":0,"code":0,"code_bytes":0},"state_writes":{"accounts":0,"accounts_deleted":0,"storage_slots":0,"storage_slots_deleted":0,"code":0,"code_bytes":0},"cache":{"account":{"hits":0,"misses":4,"hit_rate":0},"storage":{"hits":0,"misses":0,"hit_rate":0},"code":{"hits":0,"misses":0,"hit_rate":0,"hit_bytes":0,"miss_bytes":0}}}
INFO [06-01|04:57:35.932] Imported new potential chain segment     number=68 hash=997ab5..97d822 blocks=1 txs=0 mgas=0.000  elapsed=25.873ms    mgasps=0.000   triediffs=186.96MiB triedirty=0.00B
INFO [06-01|04:57:35.932] Chain head was updated                   number=68 hash=997ab5..97d822 root=7154f7..026e7c elapsed="55.739µs"
INFO [06-01|04:57:36.937] Starting work on payload                 id=0x030a677be2ef95fb
INFO [06-01|04:57:36.941] Updated payload                          id=0x030a677be2ef95fb number=69 hash=810d91..532592 txs=0 withdrawals=0 gas=0          fees=0              root=7154f7..026e7c elapsed=4.275ms
INFO [06-01|04:57:36.942] Stopping work on payload                 id=0x030a677be2ef95fb reason=delivery
WARN [06-01|04:57:36.953] {"level":"warn","msg":"Slow block","block":{"number":69,"hash":"0x810d91935751527f1c1131ef4a1f980eb781ce27b07eafcc49eaf2ce22532592","gas_used":0,"tx_count":0},"timing":{"execution_ms":0.031549,"state_read_ms":10.875016,"state_hash_ms":0.00239,"commit_ms":0.202036,"total_ms":11.264363},"throughput":{"mgas_per_sec":0},"state_reads":{"accounts":4,"storage_slots":0,"code":0,"code_bytes":0},"state_writes":{"accounts":0,"accounts_deleted":0,"storage_slots":0,"storage_slots_deleted":0,"code":0,"code_bytes":0},"cache":{"account":{"hits":0,"misses":4,"hit_rate":0},"storage":{"hits":0,"misses":0,"hit_rate":0},"code":{"hits":0,"misses":0,"hit_rate":0,"hit_bytes":0,"miss_bytes":0}}}
INFO [06-01|04:57:36.953] Imported new potential chain segment     number=69 hash=810d91..532592 blocks=1 txs=0 mgas=0.000  elapsed=11.436ms    mgasps=0.000   triediffs=186.96MiB triedirty=0.00B
INFO [06-01|04:57:36.953] Chain head was updated                   number=69 hash=810d91..532592 root=7154f7..026e7c elapsed="126.763µs"
INFO [06-01|04:57:37.145] Submitted transaction                    hash=0x8a9218526a20f31bdbec4f7273056998467b0d08b078063abfa92f003df18d56 from=0xbc7A668f0B1595d535B4a2de710461E1C6eba785 nonce=26 recipient=0x7dc4d193051240848c7F4F19679e8514B148080f value=0
INFO [06-01|04:57:37.386] Submitted transaction                    hash=0xd01a78c67c9c98dcdf2f95f0f44ea0ec4978a602bfb518589aca6effd568dc09 from=0x97D85277E62c57d15268b3E644cdbbDA3706fBEa nonce=26 recipient=0x7dc4d193051240848c7F4F19679e8514B148080f value=0
INFO [06-01|04:57:37.625] Submitted transaction                    hash=0xf3b1567a7bce45687bd0ae1ae8a56e21a5bd0f113d43f9daa8b05f866bab2b1a from=0x151775b94274FeE3696377A0B616a1221AC71326 nonce=26 recipient=0x7dc4d193051240848c7F4F19679e8514B148080f value=0
INFO [06-01|04:57:37.866] Submitted transaction                    hash=0x543fcacaba9787d0b2dc32d04f959ba7ca4301eb29b2840ba297eaae86be97d6 from=0xcA56D5B749835d8Ab9cA8c1c4123e9B5002Fc0Ff nonce=26 recipient=0x7dc4d193051240848c7F4F19679e8514B148080f value=0
INFO [06-01|04:57:37.958] Starting work on payload                 id=0x03bb5819db83d90e
INFO [06-01|04:57:37.986] Updated payload                          id=0x03bb5819db83d90e number=70 hash=c87fca..933598 txs=4 withdrawals=0 gas=267,328    fees=0.000534656    root=075889..b0b087 elapsed=27.813ms
INFO [06-01|04:57:37.987] Stopping work on payload                 id=0x03bb5819db83d90e reason=delivery
WARN [06-01|04:57:38.001] {"level":"warn","msg":"Slow block","block":{"number":70,"hash":"0xc87fca12cbfbfdebce7661d2052d314ec46084575e2521e1c55b635a10933598","gas_used":267328,"tx_count":4},"timing":{"execution_ms":0.405591,"state_read_ms":3.768691,"state_hash_ms":8.078343,"commit_ms":1.373743,"total_ms":13.800996},"throughput":{"mgas_per_sec":19.370196180043816},"state_reads":{"accounts":22,"storage_slots":0,"code":1,"code_bytes":869},"state_writes":{"accounts":10,"accounts_deleted":0,"storage_slots":0,"storage_slots_deleted":0,"code":4,"code_bytes":4},"cache":{"account":{"hits":17,"misses":5,"hit_rate":77.27272727272727},"storage":{"hits":0,"misses":0,"hit_rate":0},"code":{"hits":1,"misses":0,"hit_rate":100,"hit_bytes":869,"miss_bytes":0}}}
INFO [06-01|04:57:38.001] Imported new potential chain segment     number=70 hash=c87fca..933598 blocks=1 txs=4 mgas=0.267  elapsed=14.069ms    mgasps=19.000  triediffs=187.00MiB triedirty=0.00B
INFO [06-01|04:57:38.005] Chain head was updated                   number=70 hash=c87fca..933598 root=075889..b0b087 elapsed="151.547µs"
INFO [06-01|04:57:38.105] Submitted transaction                    hash=0xe1620d44ac21a46bdba6c4c4c5cb71a1ffd0354752e1db1be280d5841a5543d0 from=0xfB403fD865ddcc1C79F9987EDD0ADabC47C24bB9 nonce=26 recipient=0x7dc4d193051240848c7F4F19679e8514B148080f value=0
INFO [06-01|04:57:38.345] Submitted transaction                    hash=0xc2612a14870ab097fc27f74b142073616bc5cfb6525a53c0d6c2ff9ccca7d5aa from=0x9e8E8A4256457eF170586329D9a01487aA0bA29e nonce=26 recipient=0x7dc4d193051240848c7F4F19679e8514B148080f value=0
INFO [06-01|04:57:38.586] Submitted transaction                    hash=0x3c3a6e444a3a147afeed2f7cc93814d356a1fc7519ca24c101a344eb7910f585 from=0x5AFc7eaFAA1e34De8e6fB9b014CFD08b18377F26 nonce=25 recipient=0x7dc4d193051240848c7F4F19679e8514B148080f value=0
INFO [06-01|04:57:38.826] Submitted transaction                    hash=0xcdcd7b7e98af8866a2fd8b942a026646a2755cfcf1f6434169baa55f89a45b07 from=0x513978fc4d7fF9951AA177D59C7A1b9AA777119a nonce=25 recipient=0x7dc4d193051240848c7F4F19679e8514B148080f value=0
INFO [06-01|04:57:39.009] Starting work on payload                 id=0x03ffb40e19abbd8f
INFO [06-01|04:57:39.021] Updated payload                          id=0x03ffb40e19abbd8f number=71 hash=0ca35a..322137 txs=4 withdrawals=0 gas=267,340    fees=0.00053468     root=b5f87a..8b2e53 elapsed=11.446ms
INFO [06-01|04:57:39.021] Stopping work on payload                 id=0x03ffb40e19abbd8f reason=delivery
WARN [06-01|04:57:39.055] {"level":"warn","msg":"Slow block","block":{"number":71,"hash":"0x0ca35a3d3190ee6ccef1e5accb812822f6c9f464f5755c753c1fcaf256322137","gas_used":267340,"tx_count":4},"timing":{"execution_ms":0.579456,"state_read_ms":23.67884,"state_hash_ms":7.877322,"commit_ms":0.836514,"total_ms":33.971403},"throughput":{"mgas_per_sec":7.869560170947311},"state_reads":{"accounts":22,"storage_slots":0,"code":1,"code_bytes":869},"state_writes":{"accounts":10,"accounts_deleted":0,"storage_slots":0,"storage_slots_deleted":0,"code":4,"code_bytes":4},"cache":{"account":{"hits":13,"misses":9,"hit_rate":59.09090909090909},"storage":{"hits":0,"misses":0,"hit_rate":0},"code":{"hits":1,"misses":0,"hit_rate":100,"hit_bytes":869,"miss_bytes":0}}}
INFO [06-01|04:57:39.055] Imported new potential chain segment     number=71 hash=0ca35a..322137 blocks=1 txs=4 mgas=0.267  elapsed=34.289ms    mgasps=7.797   triediffs=187.04MiB triedirty=0.00B
INFO [06-01|04:57:39.056] Chain head was updated                   number=71 hash=0ca35a..322137 root=b5f87a..8b2e53 elapsed="108.487µs"
INFO [06-01|04:57:39.065] Submitted transaction                    hash=0xd184eafbd06faf3e458ae7302ea9f519b048a8c0423c14dbeb59e3b1752fa9d1 from=0x225bD09Ef41092086C35444d335Df887A0691eD0 nonce=25 recipient=0x7dc4d193051240848c7F4F19679e8514B148080f value=0
INFO [06-01|04:57:39.306] Submitted transaction                    hash=0xa9114fb0bd13f44c2ca95ef377619e4f3650145e5d30108f493ae7d96e7d0c9d from=0x0A114598D397AB388E751b917300055F2904166F nonce=25 recipient=0x7dc4d193051240848c7F4F19679e8514B148080f value=0
INFO [06-01|04:57:39.545] Submitted transaction                    hash=0x73c35b6ceae44cc3246ffb82f9faa9c604dbec5699d5110228a8e6ad3143b867 from=0xbc7A668f0B1595d535B4a2de710461E1C6eba785 nonce=27 recipient=0x7dc4d193051240848c7F4F19679e8514B148080f value=0
INFO [06-01|04:57:39.786] Submitted transaction                    hash=0xb35973620d34eacd57d0ec80c10dc1c08d3ede64b483b214e9a562137dd1cf17 from=0x97D85277E62c57d15268b3E644cdbbDA3706fBEa nonce=27 recipient=0x7dc4d193051240848c7F4F19679e8514B148080f value=0
INFO [06-01|04:57:40.025] Submitted transaction                    hash=0xcfcd34d38b218a8b18d13c9690d85063dc18db5bbe9cb79f9595dc174e4b446a from=0x151775b94274FeE3696377A0B616a1221AC71326 nonce=27 recipient=0x7dc4d193051240848c7F4F19679e8514B148080f value=0
INFO [06-01|04:57:40.080] Starting work on payload                 id=0x0310e69a1628307c
INFO [06-01|04:57:40.102] Updated payload                          id=0x0310e69a1628307c number=72 hash=0b29b1..2bb1bd txs=5 withdrawals=0 gas=334,175    fees=0.00066835     root=269fb6..f0278c elapsed=21.422ms
INFO [06-01|04:57:40.102] Stopping work on payload                 id=0x0310e69a1628307c reason=delivery
WARN [06-01|04:57:40.126] {"level":"warn","msg":"Slow block","block":{"number":72,"hash":"0x0b29b13cb7a8c51675df61b2b01f159961cac5a1a90ebb5990e70364e62bb1bd","gas_used":334175,"tx_count":5},"timing":{"execution_ms":0.636337,"state_read_ms":4.587746,"state_hash_ms":17.195573,"commit_ms":1.047448,"total_ms":23.727058},"throughput":{"mgas_per_sec":14.08413129010769},"state_reads":{"accounts":26,"storage_slots":0,"code":1,"code_bytes":869},"state_writes":{"accounts":12,"accounts_deleted":0,"storage_slots":0,"storage_slots_deleted":0,"code":5,"code_bytes":5},"cache":{"account":{"hits":15,"misses":11,"hit_rate":57.692307692307686},"storage":{"hits":0,"misses":0,"hit_rate":0},"code":{"hits":1,"misses":0,"hit_rate":100,"hit_bytes":869,"miss_bytes":0}}}
INFO [06-01|04:57:40.126] Imported new potential chain segment     number=72 hash=0b29b1..2bb1bd blocks=1 txs=5 mgas=0.334  elapsed=24.038ms    mgasps=13.902  triediffs=187.09MiB triedirty=0.00B
INFO [06-01|04:57:40.127] Chain head was updated                   number=72 hash=0b29b1..2bb1bd root=269fb6..f0278c elapsed="136.483µs"
INFO [06-01|04:57:40.266] Submitted transaction                    hash=0xa3a6801940cb9805c8997582aa61a1b133475dfa77a70688422570c63944c379 from=0xcA56D5B749835d8Ab9cA8c1c4123e9B5002Fc0Ff nonce=27 recipient=0x7dc4d193051240848c7F4F19679e8514B148080f value=0
INFO [06-01|04:57:40.505] Submitted transaction                    hash=0x04e9385fae16526e67e6d0466e3e20848584d3b83c5c6f076bd35cc20b630b94 from=0xfB403fD865ddcc1C79F9987EDD0ADabC47C24bB9 nonce=27 recipient=0x7dc4d193051240848c7F4F19679e8514B148080f value=0
INFO [06-01|04:57:40.745] Submitted transaction                    hash=0x2221e64acf5be8c11cb724e296c667296c0996d2a41e9ccf0942170be64c2d27 from=0x9e8E8A4256457eF170586329D9a01487aA0bA29e nonce=27 recipient=0x7dc4d193051240848c7F4F19679e8514B148080f value=0
INFO [06-01|04:57:40.986] Submitted transaction                    hash=0x4f4dde9b2cb410ecf1b76190ab39e3a08166712aefd936fe2e0bf72cc70ae6b8 from=0x5AFc7eaFAA1e34De8e6fB9b014CFD08b18377F26 nonce=26 recipient=0x7dc4d193051240848c7F4F19679e8514B148080f value=0
INFO [06-01|04:57:41.150] Starting work on payload                 id=0x03298090a2dbdf60
INFO [06-01|04:57:41.180] Updated payload                          id=0x03298090a2dbdf60 number=73 hash=2c87a4..1f9f27 txs=4 withdrawals=0 gas=267,340    fees=0.00053468     root=57b008..6a130e elapsed=29.685ms
INFO [06-01|04:57:41.180] Stopping work on payload                 id=0x03298090a2dbdf60 reason=delivery
WARN [06-01|04:57:41.193] {"level":"warn","msg":"Slow block","block":{"number":73,"hash":"0x2c87a46ca62c4143f166c601bd2020c328bec7a59922ee06e3acf9d3df1f9f27","gas_used":267340,"tx_count":4},"timing":{"execution_ms":0.390105,"state_read_ms":2.82239,"state_hash_ms":8.126717,"commit_ms":1.268995,"total_ms":12.985498},"throughput":{"mgas_per_sec":20.587581623746736},"state_reads":{"accounts":22,"storage_slots":0,"code":1,"code_bytes":869},"state_writes":{"accounts":10,"accounts_deleted":0,"storage_slots":0,"storage_slots_deleted":0,"code":4,"code_bytes":4},"cache":{"account":{"hits":13,"misses":9,"hit_rate":59.09090909090909},"storage":{"hits":0,"misses":0,"hit_rate":0},"code":{"hits":1,"misses":0,"hit_rate":100,"hit_bytes":869,"miss_bytes":0}}}
INFO [06-01|04:57:41.193] Imported new potential chain segment     number=73 hash=2c87a4..1f9f27 blocks=1 txs=4 mgas=0.267  elapsed=13.182ms    mgasps=20.280  triediffs=187.13MiB triedirty=0.00B
INFO [06-01|04:57:41.193] Chain head was updated                   number=73 hash=2c87a4..1f9f27 root=57b008..6a130e elapsed="167.417µs"
INFO [06-01|04:57:41.225] Submitted transaction                    hash=0x62db5bcf9dda8ce446fb35e1b3e49698fd24007d1a27ba751de717a5404ba8ba from=0x513978fc4d7fF9951AA177D59C7A1b9AA777119a nonce=26 recipient=0x7dc4d193051240848c7F4F19679e8514B148080f value=0
INFO [06-01|04:57:41.466] Submitted transaction                    hash=0x07c2f6d843c4d036b46dd681c4b2d6522e315c02d50d78d36d5777c6a08cfd58 from=0x225bD09Ef41092086C35444d335Df887A0691eD0 nonce=26 recipient=0x7dc4d193051240848c7F4F19679e8514B148080f value=0
INFO [06-01|04:57:41.706] Submitted transaction                    hash=0x77398faed57319840d21afde01df2ba7a145c0e5ce34030f07b77dc55f9d09ed from=0x0A114598D397AB388E751b917300055F2904166F nonce=26 recipient=0x7dc4d193051240848c7F4F19679e8514B148080f value=0
INFO [06-01|04:57:41.945] Submitted transaction                    hash=0xfc12ec38575e59c8a5a4292230b4dd49104bf3b5cf722a29f7d6a5d311e4b6b8 from=0xbc7A668f0B1595d535B4a2de710461E1C6eba785 nonce=28 recipient=0x7dc4d193051240848c7F4F19679e8514B148080f value=0
INFO [06-01|04:57:42.185] Submitted transaction                    hash=0x21db66beccf4072864d94008496c962916a68043ad8585ef6d7ede166d2fbd69 from=0x97D85277E62c57d15268b3E644cdbbDA3706fBEa nonce=28 recipient=0x7dc4d193051240848c7F4F19679e8514B148080f value=0
INFO [06-01|04:57:42.197] Starting work on payload                 id=0x033bd459519d1c51
INFO [06-01|04:57:42.239] Updated payload                          id=0x033bd459519d1c51 number=74 hash=66346c..865e59 txs=5 withdrawals=0 gas=334,175    fees=0.00066835     root=0b0de8..229f6f elapsed=41.651ms
INFO [06-01|04:57:42.239] Stopping work on payload                 id=0x033bd459519d1c51 reason=delivery
WARN [06-01|04:57:42.247] {"level":"warn","msg":"Slow block","block":{"number":74,"hash":"0x66346c7e1eff75f2b6539814ff7e7117d1f62b6d9b87bb46ee9bf00598865e59","gas_used":334175,"tx_count":5},"timing":{"execution_ms":0.418313,"state_read_ms":3.06018,"state_hash_ms":3.252325,"commit_ms":0.739983,"total_ms":7.652754},"throughput":{"mgas_per_sec":43.66728631287508},"state_reads":{"accounts":26,"storage_slots":0,"code":1,"code_bytes":869},"state_writes":{"accounts":12,"accounts_deleted":0,"storage_slots":0,"storage_slots_deleted":0,"code":5,"code_bytes":5},"cache":{"account":{"hits":20,"misses":6,"hit_rate":76.92307692307693},"storage":{"hits":0,"misses":0,"hit_rate":0},"code":{"hits":1,"misses":0,"hit_rate":100,"hit_bytes":869,"miss_bytes":0}}}
INFO [06-01|04:57:42.247] Imported new potential chain segment     number=74 hash=66346c..865e59 blocks=1 txs=5 mgas=0.334  elapsed=7.918ms     mgasps=42.201  triediffs=187.19MiB triedirty=0.00B
INFO [06-01|04:57:42.248] Chain head was updated                   number=74 hash=66346c..865e59 root=0b0de8..229f6f elapsed="107.051µs"
INFO [06-01|04:57:42.426] Submitted transaction                    hash=0xf0383a889e56cac9f91853d14c94abc559214f471a9b5a59ff3588283afd4294 from=0x151775b94274FeE3696377A0B616a1221AC71326 nonce=28 recipient=0x7dc4d193051240848c7F4F19679e8514B148080f value=0
INFO [06-01|04:57:42.666] Submitted transaction                    hash=0xb61a0571e868179647ec1340cda932db3292a8fe2f5b800664f5d8910fa15068 from=0xcA56D5B749835d8Ab9cA8c1c4123e9B5002Fc0Ff nonce=28 recipient=0x7dc4d193051240848c7F4F19679e8514B148080f value=0
INFO [06-01|04:57:42.907] Submitted transaction                    hash=0x5727bba3f82e841cc9354860c24ed1f8b9f35b5340c32ad4cd11b0c145c1a207 from=0xfB403fD865ddcc1C79F9987EDD0ADabC47C24bB9 nonce=28 recipient=0x7dc4d193051240848c7F4F19679e8514B148080f value=0
INFO [06-01|04:57:43.145] Submitted transaction                    hash=0x0e28b710bcd649d239ee022e8557e7859bdd3f0ec63ca4f3ceaa84a1b1c31e95 from=0x9e8E8A4256457eF170586329D9a01487aA0bA29e nonce=28 recipient=0x7dc4d193051240848c7F4F19679e8514B148080f value=0
INFO [06-01|04:57:43.252] Starting work on payload                 id=0x030f378834cda702
INFO [06-01|04:57:43.289] Updated payload                          id=0x030f378834cda702 number=75 hash=51e6dc..3b6874 txs=4 withdrawals=0 gas=267,340    fees=0.00053468     root=07078d..a9d233 elapsed=36.747ms
INFO [06-01|04:57:43.289] Stopping work on payload                 id=0x030f378834cda702 reason=delivery
WARN [06-01|04:57:43.297] {"level":"warn","msg":"Slow block","block":{"number":75,"hash":"0x51e6dc287ad4dedc6a7abe3cd20c9a8c33fb8e5fb7412af4b955daabe73b6874","gas_used":267340,"tx_count":4},"timing":{"execution_ms":0.352777,"state_read_ms":2.772704,"state_hash_ms":3.196976,"commit_ms":0.760991,"total_ms":7.55268},"throughput":{"mgas_per_sec":35.39670686431836},"state_reads":{"accounts":22,"storage_slots":0,"code":1,"code_bytes":869},"state_writes":{"accounts":10,"accounts_deleted":0,"storage_slots":0,"storage_slots_deleted":0,"code":4,"code_bytes":4},"cache":{"account":{"hits":15,"misses":7,"hit_rate":68.18181818181817},"storage":{"hits":0,"misses":0,"hit_rate":0},"code":{"hits":1,"misses":0,"hit_rate":100,"hit_bytes":869,"miss_bytes":0}}}
INFO [06-01|04:57:43.297] Imported new potential chain segment     number=75 hash=51e6dc..3b6874 blocks=1 txs=4 mgas=0.267  elapsed=7.721ms     mgasps=34.621  triediffs=187.23MiB triedirty=0.00B
INFO [06-01|04:57:43.297] Chain head was updated                   number=75 hash=51e6dc..3b6874 root=07078d..a9d233 elapsed="82.596µs"
INFO [06-01|04:57:43.386] Submitted transaction                    hash=0xf6589f15a00676e2417d7ad79a7eba71a1f57c3f7a5b24558da13496204aed00 from=0x5AFc7eaFAA1e34De8e6fB9b014CFD08b18377F26 nonce=27 recipient=0x7dc4d193051240848c7F4F19679e8514B148080f value=0
INFO [06-01|04:57:43.626] Submitted transaction                    hash=0xcb25faa08b06fb3b80463136629893d101ad404c9b3667f84621f3f839ad50d6 from=0x513978fc4d7fF9951AA177D59C7A1b9AA777119a nonce=27 recipient=0x7dc4d193051240848c7F4F19679e8514B148080f value=0
INFO [06-01|04:57:43.865] Submitted transaction                    hash=0x8674792738274597e0190c29752a067bb0a02a350251e58fc33bca5e999a4c99 from=0x225bD09Ef41092086C35444d335Df887A0691eD0 nonce=27 recipient=0x7dc4d193051240848c7F4F19679e8514B148080f value=0
INFO [06-01|04:57:44.106] Submitted transaction                    hash=0x225d77e83e3b6fe3cc6d68e666ee3ed83719bb6d479be43b83b5fafcd2d000dc from=0x0A114598D397AB388E751b917300055F2904166F nonce=27 recipient=0x7dc4d193051240848c7F4F19679e8514B148080f value=0
INFO [06-01|04:57:44.303] Starting work on payload                 id=0x036ecf070f9bbed8
INFO [06-01|04:57:44.324] Updated payload                          id=0x036ecf070f9bbed8 number=76 hash=82c389..ad80af txs=4 withdrawals=0 gas=267,340    fees=0.00053468     root=10b78a..09bf6a elapsed=20.724ms
INFO [06-01|04:57:44.325] Stopping work on payload                 id=0x036ecf070f9bbed8 reason=delivery
WARN [06-01|04:57:44.342] {"level":"warn","msg":"Slow block","block":{"number":76,"hash":"0x82c389718afc9a9e263436e2f175e05bf9f7fe27950599aab74e7f7299ad80af","gas_used":267340,"tx_count":4},"timing":{"execution_ms":0.979765,"state_read_ms":7.450738,"state_hash_ms":8.481302,"commit_ms":0.647166,"total_ms":17.873837},"throughput":{"mgas_per_sec":14.957057066146458},"state_reads":{"accounts":22,"storage_slots":0,"code":1,"code_bytes":869},"state_writes":{"accounts":10,"accounts_deleted":0,"storage_slots":0,"storage_slots_deleted":0,"code":4,"code_bytes":4},"cache":{"account":{"hits":13,"misses":9,"hit_rate":59.09090909090909},"storage":{"hits":0,"misses":0,"hit_rate":0},"code":{"hits":1,"misses":0,"hit_rate":100,"hit_bytes":869,"miss_bytes":0}}}
INFO [06-01|04:57:44.342] Imported new potential chain segment     number=76 hash=82c389..ad80af blocks=1 txs=4 mgas=0.267  elapsed=18.161ms    mgasps=14.720  triediffs=187.27MiB triedirty=0.00B
INFO [06-01|04:57:44.342] Chain head was updated                   number=76 hash=82c389..ad80af root=10b78a..09bf6a elapsed="87.785µs"
INFO [06-01|04:57:44.345] Submitted transaction                    hash=0xeb859ea1aa30c5149664fba421bfbfc8519576a7f1310a91e973eb4ba8b3d531 from=0xbc7A668f0B1595d535B4a2de710461E1C6eba785 nonce=29 recipient=0x7dc4d193051240848c7F4F19679e8514B148080f value=0
INFO [06-01|04:57:44.586] Submitted transaction                    hash=0x6deed8c30bd1a0b35616d462ea5a9c091be1050e6958a0192a99d9ddbfabc88a from=0x97D85277E62c57d15268b3E644cdbbDA3706fBEa nonce=29 recipient=0x7dc4d193051240848c7F4F19679e8514B148080f value=0
INFO [06-01|04:57:44.826] Submitted transaction                    hash=0xdf1e75415c99990e16d111ff93737425a504d5b2af0047da422e23dd7df6352e from=0x151775b94274FeE3696377A0B616a1221AC71326 nonce=29 recipient=0x7dc4d193051240848c7F4F19679e8514B148080f value=0
INFO [06-01|04:57:45.066] Submitted transaction                    hash=0xb8a9d494aa66006ba023fab0551fb19bd352214bf3a967e14a59e0e6daf8a9b6 from=0xcA56D5B749835d8Ab9cA8c1c4123e9B5002Fc0Ff nonce=29 recipient=0x7dc4d193051240848c7F4F19679e8514B148080f value=0
INFO [06-01|04:57:45.305] Submitted transaction                    hash=0x73864783b2116144d6ffe03907010d0ac97ba4e7941e0a919c5c0cac41393a59 from=0xfB403fD865ddcc1C79F9987EDD0ADabC47C24bB9 nonce=29 recipient=0x7dc4d193051240848c7F4F19679e8514B148080f value=0
INFO [06-01|04:57:45.361] Starting work on payload                 id=0x03b8f8cdcef9aceb
INFO [06-01|04:57:45.379] Updated payload                          id=0x03b8f8cdcef9aceb number=77 hash=89db5d..b92344 txs=5 withdrawals=0 gas=334,175    fees=0.00066835     root=237779..fa6345 elapsed=18.518ms
INFO [06-01|04:57:45.379] Stopping work on payload                 id=0x03b8f8cdcef9aceb reason=delivery
WARN [06-01|04:57:45.405] {"level":"warn","msg":"Slow block","block":{"number":77,"hash":"0x89db5d6b0d11b28b9d3d294f4bcbc3ef14d74080bec35d3072ca56d75fb92344","gas_used":334175,"tx_count":5},"timing":{"execution_ms":0.585552,"state_read_ms":6.047492,"state_hash_ms":13.847314,"commit_ms":0.981004,"total_ms":25.171013},"throughput":{"mgas_per_sec":13.276183997839102},"state_reads":{"accounts":26,"storage_slots":0,"code":1,"code_bytes":869},"state_writes":{"accounts":12,"accounts_deleted":0,"storage_slots":0,"storage_slots_deleted":0,"code":5,"code_bytes":5},"cache":{"account":{"hits":21,"misses":5,"hit_rate":80.76923076923077},"storage":{"hits":0,"misses":0,"hit_rate":0},"code":{"hits":1,"misses":0,"hit_rate":100,"hit_bytes":869,"miss_bytes":0}}}
INFO [06-01|04:57:45.405] Imported new potential chain segment     number=77 hash=89db5d..b92344 blocks=1 txs=5 mgas=0.334  elapsed=25.565ms    mgasps=13.071  triediffs=187.32MiB triedirty=0.00B
INFO [06-01|04:57:45.405] Chain head was updated                   number=77 hash=89db5d..b92344 root=237779..fa6345 elapsed="98.877µs"
INFO [06-01|04:57:45.545] Submitted transaction                    hash=0x6623e7c78cece4c547f5839f0da4d9fb4b8bec43772ebaf44b4e03773d17fae1 from=0x9e8E8A4256457eF170586329D9a01487aA0bA29e nonce=29 recipient=0x7dc4d193051240848c7F4F19679e8514B148080f value=0
INFO [06-01|04:57:45.786] Submitted transaction                    hash=0x766f43839ed724c38e7f369b389f27b42f21e1e66519426e3ab33b7dd0f997d5 from=0x5AFc7eaFAA1e34De8e6fB9b014CFD08b18377F26 nonce=28 recipient=0x7dc4d193051240848c7F4F19679e8514B148080f value=0
INFO [06-01|04:57:46.026] Submitted transaction                    hash=0xd87be7edd7da224547cbfbd1d6e8c0bb861582a4f7ea94b653f344b2bf2d8268 from=0x513978fc4d7fF9951AA177D59C7A1b9AA777119a nonce=28 recipient=0x7dc4d193051240848c7F4F19679e8514B148080f value=0
INFO [06-01|04:57:46.265] Submitted transaction                    hash=0x4edcb82a74ba6e68afdf66609685928806e981cbc87d524cd6c8df333ff90573 from=0x225bD09Ef41092086C35444d335Df887A0691eD0 nonce=28 recipient=0x7dc4d193051240848c7F4F19679e8514B148080f value=0
INFO [06-01|04:57:46.410] Starting work on payload                 id=0x03729bfb058e03d8
INFO [06-01|04:57:46.439] Updated payload                          id=0x03729bfb058e03d8 number=78 hash=7293a8..80e5a2 txs=4 withdrawals=0 gas=267,340    fees=0.00053468     root=512507..efaf61 elapsed=28.724ms
INFO [06-01|04:57:46.440] Stopping work on payload                 id=0x03729bfb058e03d8 reason=delivery
WARN [06-01|04:57:46.454] {"level":"warn","msg":"Slow block","block":{"number":78,"hash":"0x7293a82453090c80eecdd6073aa3a42f642e96bb2d4b4a6d82245d6a7180e5a2","gas_used":267340,"tx_count":4},"timing":{"execution_ms":0.521696,"state_read_ms":6.424849,"state_hash_ms":6.067964,"commit_ms":0.688758,"total_ms":13.878006},"throughput":{"mgas_per_sec":19.26357432040309},"state_reads":{"accounts":22,"storage_slots":0,"code":1,"code_bytes":869},"state_writes":{"accounts":10,"accounts_deleted":0,"storage_slots":0,"storage_slots_deleted":0,"code":4,"code_bytes":4},"cache":{"account":{"hits":17,"misses":5,"hit_rate":77.27272727272727},"storage":{"hits":0,"misses":0,"hit_rate":0},"code":{"hits":1,"misses":0,"hit_rate":100,"hit_bytes":869,"miss_bytes":0}}}
INFO [06-01|04:57:46.454] Imported new potential chain segment     number=78 hash=7293a8..80e5a2 blocks=1 txs=4 mgas=0.267  elapsed=14.028ms    mgasps=19.057  triediffs=187.36MiB triedirty=0.00B
INFO [06-01|04:57:46.454] Chain head was updated                   number=78 hash=7293a8..80e5a2 root=512507..efaf61 elapsed="92.244µs"
INFO [06-01|04:57:46.506] Submitted transaction                    hash=0x3bd3778a4f23c6a6cdebb63b88ab2afaea890db634e64171a29bab5d7558c1d3 from=0x0A114598D397AB388E751b917300055F2904166F nonce=28 recipient=0x7dc4d193051240848c7F4F19679e8514B148080f value=0
INFO [06-01|04:57:46.746] Submitted transaction                    hash=0x2001d6a00479dfc6d60e6c0a096fa5728d8154bf085cd211b6448057059204a5 from=0xbc7A668f0B1595d535B4a2de710461E1C6eba785 nonce=30 recipient=0x7dc4d193051240848c7F4F19679e8514B148080f value=0
INFO [06-01|04:57:46.985] Submitted transaction                    hash=0x551bfafbcfc64969483e2d09ec38e5c7528ee23027c343f298c474273f6f07cb from=0x97D85277E62c57d15268b3E644cdbbDA3706fBEa nonce=30 recipient=0x7dc4d193051240848c7F4F19679e8514B148080f value=0
INFO [06-01|04:57:47.225] Submitted transaction                    hash=0xf212e901c9f742a12a44e099d12294b13993e07c43177ef189b8bc0bcb410f21 from=0x151775b94274FeE3696377A0B616a1221AC71326 nonce=30 recipient=0x7dc4d193051240848c7F4F19679e8514B148080f value=0
INFO [06-01|04:57:47.459] Starting work on payload                 id=0x031e095db7777d58
INFO [06-01|04:57:47.466] Submitted transaction                    hash=0x762a691ecee1c989e9b52e9dc60d19454828160b686bc01622c781f3cfadaed0 from=0xcA56D5B749835d8Ab9cA8c1c4123e9B5002Fc0Ff nonce=30 recipient=0x7dc4d193051240848c7F4F19679e8514B148080f value=0
INFO [06-01|04:57:47.481] Updated payload                          id=0x031e095db7777d58 number=79 hash=814760..7091b3 txs=4 withdrawals=0 gas=267,340    fees=0.00053468     root=1d3256..07bdc5 elapsed=22.388ms
INFO [06-01|04:57:47.486] Stopping work on payload                 id=0x031e095db7777d58 reason=delivery
WARN [06-01|04:57:47.502] {"level":"warn","msg":"Slow block","block":{"number":79,"hash":"0x8147603ee86b82b8bf98dbc9d2313adea61164d24648d76fb91c14b7747091b3","gas_used":267340,"tx_count":4},"timing":{"execution_ms":0.493519,"state_read_ms":14.791477,"state_hash_ms":4.002287,"commit_ms":0.611859,"total_ms":20.274902},"throughput":{"mgas_per_sec":13.185760404661883},"state_reads":{"accounts":22,"storage_slots":0,"code":1,"code_bytes":869},"state_writes":{"accounts":10,"accounts_deleted":0,"storage_slots":0,"storage_slots_deleted":0,"code":4,"code_bytes":4},"cache":{"account":{"hits":13,"misses":9,"hit_rate":59.09090909090909},"storage":{"hits":0,"misses":0,"hit_rate":0},"code":{"hits":1,"misses":0,"hit_rate":100,"hit_bytes":869,"miss_bytes":0}}}
INFO [06-01|04:57:47.502] Imported new potential chain segment     number=79 hash=814760..7091b3 blocks=1 txs=4 mgas=0.267  elapsed=20.577ms    mgasps=12.992  triediffs=187.40MiB triedirty=0.00B
INFO [06-01|04:57:47.503] Chain head was updated                   number=79 hash=814760..7091b3 root=1d3256..07bdc5 elapsed="93.15µs"
INFO [06-01|04:57:47.705] Submitted transaction                    hash=0xc6e17f54c85d6e4e89ddd13cb58b491aa74a86d99a97c8b5f6baf1db3696f7b9 from=0xfB403fD865ddcc1C79F9987EDD0ADabC47C24bB9 nonce=30 recipient=0x7dc4d193051240848c7F4F19679e8514B148080f value=0
INFO [06-01|04:57:47.946] Submitted transaction                    hash=0xdb2827fbf43b426a0e727bdc8ca2e6b9048f11a2acc463a4f09cb91c5768ee3f from=0x9e8E8A4256457eF170586329D9a01487aA0bA29e nonce=30 recipient=0x7dc4d193051240848c7F4F19679e8514B148080f value=0
INFO [06-01|04:57:48.186] Submitted transaction                    hash=0xe272e67a9a727c6464f43fbdd24576bd6c65e4f7dead71105af41939de07436a from=0x5AFc7eaFAA1e34De8e6fB9b014CFD08b18377F26 nonce=29 recipient=0x7dc4d193051240848c7F4F19679e8514B148080f value=0
INFO [06-01|04:57:48.426] Submitted transaction                    hash=0xcd75ea8414dcc699b66b118eacd610d552864122cf0201c05f0b6bb0ff06132b from=0x513978fc4d7fF9951AA177D59C7A1b9AA777119a nonce=29 recipient=0x7dc4d193051240848c7F4F19679e8514B148080f value=0
INFO [06-01|04:57:48.509] Starting work on payload                 id=0x03af2440f5562bc2
INFO [06-01|04:57:48.555] Updated payload                          id=0x03af2440f5562bc2 number=80 hash=3f0414..2a0687 txs=5 withdrawals=0 gas=334,175    fees=0.00066835     root=12340f..5ca778 elapsed=46.000ms
INFO [06-01|04:57:48.555] Stopping work on payload                 id=0x03af2440f5562bc2 reason=delivery
WARN [06-01|04:57:48.590] {"level":"warn","msg":"Slow block","block":{"number":80,"hash":"0x3f0414e498ff9f00e0980dfe5457b104f8437f8438c5b7a9ad097020432a0687","gas_used":334175,"tx_count":5},"timing":{"execution_ms":4.674984,"state_read_ms":8.962742,"state_hash_ms":18.046768,"commit_ms":1.117309,"total_ms":34.560283},"throughput":{"mgas_per_sec":9.669336330376693},"state_reads":{"accounts":26,"storage_slots":0,"code":1,"code_bytes":869},"state_writes":{"accounts":12,"accounts_deleted":0,"storage_slots":0,"storage_slots_deleted":0,"code":5,"code_bytes":5},"cache":{"account":{"hits":17,"misses":9,"hit_rate":65.38461538461539},"storage":{"hits":0,"misses":0,"hit_rate":0},"code":{"hits":1,"misses":0,"hit_rate":100,"hit_bytes":869,"miss_bytes":0}}}
INFO [06-01|04:57:48.590] Imported new potential chain segment     number=80 hash=3f0414..2a0687 blocks=1 txs=5 mgas=0.334  elapsed=34.767ms    mgasps=9.612   triediffs=187.45MiB triedirty=0.00B
INFO [06-01|04:57:48.591] Chain head was updated                   number=80 hash=3f0414..2a0687 root=12340f..5ca778 elapsed="123.765µs"
INFO [06-01|04:57:48.665] Submitted transaction                    hash=0xb436f9429ebc9da495fd0b291074ffeff7647aa9287315600f746e4a22978a2a from=0x225bD09Ef41092086C35444d335Df887A0691eD0 nonce=29 recipient=0x7dc4d193051240848c7F4F19679e8514B148080f value=0
INFO [06-01|04:57:48.905] Submitted transaction                    hash=0x0ae2a5f4d58251589707df239b3e9055a5c068afc70284819a212cbfe05c9636 from=0x0A114598D397AB388E751b917300055F2904166F nonce=29 recipient=0x7dc4d193051240848c7F4F19679e8514B148080f value=0
INFO [06-01|04:57:49.146] Submitted transaction                    hash=0x9c4b57c60ef3d43f7f12681de540cc227af0578921fa7032a0a71be0a638e30c from=0xbc7A668f0B1595d535B4a2de710461E1C6eba785 nonce=31 recipient=0x7dc4d193051240848c7F4F19679e8514B148080f value=0
INFO [06-01|04:57:49.386] Submitted transaction                    hash=0x2ccc81080d928ebcfc4831c55cf0fdd9ea42232a15c1e4f879fd61b076fcebdb from=0x97D85277E62c57d15268b3E644cdbbDA3706fBEa nonce=31 recipient=0x7dc4d193051240848c7F4F19679e8514B148080f value=0
INFO [06-01|04:57:49.595] Starting work on payload                 id=0x03919bc51cd64d91
INFO [06-01|04:57:49.624] Updated payload                          id=0x03919bc51cd64d91 number=81 hash=c4475d..21fa4b txs=4 withdrawals=0 gas=267,340    fees=0.00053468     root=8278a5..5eb08e elapsed=28.248ms
INFO [06-01|04:57:49.624] Stopping work on payload                 id=0x03919bc51cd64d91 reason=delivery
INFO [06-01|04:57:49.626] Submitted transaction                    hash=0xae4238601cf220f19a031cf4f59f34f897841c25c51cfd84b4cfab611f4877a1 from=0x151775b94274FeE3696377A0B616a1221AC71326 nonce=31 recipient=0x7dc4d193051240848c7F4F19679e8514B148080f value=0
WARN [06-01|04:57:49.634] {"level":"warn","msg":"Slow block","block":{"number":81,"hash":"0xc4475d2d69b3fd6ba20dfa1e6c70aabeedcbf384e0d50c81c7d59db9e721fa4b","gas_used":267340,"tx_count":4},"timing":{"execution_ms":0.364997,"state_read_ms":2.879745,"state_hash_ms":5.398994,"commit_ms":0.67406,"total_ms":9.501999},"throughput":{"mgas_per_sec":28.13513240740185},"state_reads":{"accounts":22,"storage_slots":0,"code":1,"code_bytes":869},"state_writes":{"accounts":10,"accounts_deleted":0,"storage_slots":0,"storage_slots_deleted":0,"code":4,"code_bytes":4},"cache":{"account":{"hits":13,"misses":9,"hit_rate":59.09090909090909},"storage":{"hits":0,"misses":0,"hit_rate":0},"code":{"hits":1,"misses":0,"hit_rate":100,"hit_bytes":869,"miss_bytes":0}}}
INFO [06-01|04:57:49.634] Imported new potential chain segment     number=81 hash=c4475d..21fa4b blocks=1 txs=4 mgas=0.267  elapsed=9.639ms     mgasps=27.733  triediffs=187.50MiB triedirty=0.00B
INFO [06-01|04:57:49.634] Chain head was updated                   number=81 hash=c4475d..21fa4b root=8278a5..5eb08e elapsed="93.184µs"
INFO [06-01|04:57:49.865] Submitted transaction                    hash=0x9867b4ab0c0bb004f483d4ddd33ae5fe7a6a5a2e0555282bcc7b200b05021782 from=0xcA56D5B749835d8Ab9cA8c1c4123e9B5002Fc0Ff nonce=31 recipient=0x7dc4d193051240848c7F4F19679e8514B148080f value=0
INFO [06-01|04:57:50.105] Submitted transaction                    hash=0xa720d5370420b27a4e7399f174cc1d4d4371f5be170eab2e71f15a230e90bfdb from=0xfB403fD865ddcc1C79F9987EDD0ADabC47C24bB9 nonce=31 recipient=0x7dc4d193051240848c7F4F19679e8514B148080f value=0
INFO [06-01|04:57:50.346] Submitted transaction                    hash=0x21046e93c4c239d398456271bef65f1bed396e2e5b68ef2b4f3d7f628cac97cd from=0x9e8E8A4256457eF170586329D9a01487aA0bA29e nonce=31 recipient=0x7dc4d193051240848c7F4F19679e8514B148080f value=0
INFO [06-01|04:57:50.586] Submitted transaction                    hash=0xb41dcb2fbeb1f0541f1145313a7cc50c305fa82535d1b295dbbd8d9165c14f96 from=0x5AFc7eaFAA1e34De8e6fB9b014CFD08b18377F26 nonce=30 recipient=0x7dc4d193051240848c7F4F19679e8514B148080f value=0
INFO [06-01|04:57:50.639] Starting work on payload                 id=0x03846e78a1377e17
INFO [06-01|04:57:50.669] Updated payload                          id=0x03846e78a1377e17 number=82 hash=e89f71..5daf46 txs=5 withdrawals=0 gas=334,175    fees=0.00066835     root=5374fa..648ecb elapsed=29.924ms
INFO [06-01|04:57:50.669] Stopping work on payload                 id=0x03846e78a1377e17 reason=delivery
WARN [06-01|04:57:50.681] {"level":"warn","msg":"Slow block","block":{"number":82,"hash":"0xe89f71c7e7c78dcc56ae0d37d6b1cfda6226953831f20f70f9ce31c2eb5daf46","gas_used":334175,"tx_count":5},"timing":{"execution_ms":0.78874,"state_read_ms":2.774757,"state_hash_ms":7.634258,"commit_ms":0.761265,"total_ms":12.156715},"throughput":{"mgas_per_sec":27.488922788763247},"state_reads":{"accounts":26,"storage_slots":0,"code":1,"code_bytes":869},"state_writes":{"accounts":12,"accounts_deleted":0,"storage_slots":0,"storage_slots_deleted":0,"code":5,"code_bytes":5},"cache":{"account":{"hits":21,"misses":5,"hit_rate":80.76923076923077},"storage":{"hits":0,"misses":0,"hit_rate":0},"code":{"hits":1,"misses":0,"hit_rate":100,"hit_bytes":869,"miss_bytes":0}}}
INFO [06-01|04:57:50.681] Imported new potential chain segment     number=82 hash=e89f71..5daf46 blocks=1 txs=5 mgas=0.334  elapsed=12.416ms    mgasps=26.915  triediffs=187.55MiB triedirty=0.00B
INFO [06-01|04:57:50.682] Chain head was updated                   number=82 hash=e89f71..5daf46 root=5374fa..648ecb elapsed="94.777µs"
INFO [06-01|04:57:50.826] Submitted transaction                    hash=0x5aaa2c7d09c7d62de3930cea577743476a048727aec2dd3ee74648ebb6deb560 from=0x513978fc4d7fF9951AA177D59C7A1b9AA777119a nonce=30 recipient=0x7dc4d193051240848c7F4F19679e8514B148080f value=0
INFO [06-01|04:57:51.065] Submitted transaction                    hash=0x22b4bad9af28bceb064f19b5500b765d80bf9b20b228192d22782583ceec68a9 from=0x225bD09Ef41092086C35444d335Df887A0691eD0 nonce=30 recipient=0x7dc4d193051240848c7F4F19679e8514B148080f value=0
INFO [06-01|04:57:51.305] Submitted transaction                    hash=0xbf5ee3c0be897f883b169d57c00baaa2c6da8e713426ba464549938ab69cd8cf from=0x0A114598D397AB388E751b917300055F2904166F nonce=30 recipient=0x7dc4d193051240848c7F4F19679e8514B148080f value=0
INFO [06-01|04:57:51.545] Submitted transaction                    hash=0xa8dfb7f403a9676c26f7a41d095179450b377dffbbcc58d38701e23cfe5cd36c from=0xbc7A668f0B1595d535B4a2de710461E1C6eba785 nonce=32 recipient=0x7dc4d193051240848c7F4F19679e8514B148080f value=0
INFO [06-01|04:57:51.687] Starting work on payload                 id=0x032411b79a4c41c4
INFO [06-01|04:57:51.729] Updated payload                          id=0x032411b79a4c41c4 number=83 hash=cabbea..cb9e96 txs=4 withdrawals=0 gas=267,340    fees=0.00053468     root=6618c7..c479e9 elapsed=41.476ms
INFO [06-01|04:57:51.729] Stopping work on payload                 id=0x032411b79a4c41c4 reason=delivery
WARN [06-01|04:57:51.743] {"level":"warn","msg":"Slow block","block":{"number":83,"hash":"0xcabbeac185f111a8fde7ee0fa0cf2f9797f8c6524dc9b0c25344a3375fcb9e96","gas_used":267340,"tx_count":4},"timing":{"execution_ms":0.397961,"state_read_ms":2.862988,"state_hash_ms":8.279953,"commit_ms":0.674993,"total_ms":13.409707},"throughput":{"mgas_per_sec":19.93630435027402},"state_reads":{"accounts":22,"storage_slots":0,"code":1,"code_bytes":869},"state_writes":{"accounts":10,"accounts_deleted":0,"storage_slots":0,"storage_slots_deleted":0,"code":4,"code_bytes":4},"cache":{"account":{"hits":17,"misses":5,"hit_rate":77.27272727272727},"storage":{"hits":0,"misses":0,"hit_rate":0},"code":{"hits":1,"misses":0,"hit_rate":100,"hit_bytes":869,"miss_bytes":0}}}
INFO [06-01|04:57:51.743] Imported new potential chain segment     number=83 hash=cabbea..cb9e96 blocks=1 txs=4 mgas=0.267  elapsed=13.615ms    mgasps=19.635  triediffs=187.59MiB triedirty=0.00B
INFO [06-01|04:57:51.743] Chain head was updated                   number=83 hash=cabbea..cb9e96 root=6618c7..c479e9 elapsed="101.586µs"
INFO [06-01|04:57:51.786] Submitted transaction                    hash=0x12a9f26520c0685bcb5930dac201a1f4b473022a048c8a8e6b8de13f7fca2bdf from=0x97D85277E62c57d15268b3E644cdbbDA3706fBEa nonce=32 recipient=0x7dc4d193051240848c7F4F19679e8514B148080f value=0
INFO [06-01|04:57:52.026] Submitted transaction                    hash=0xaedb92fbeeb9d07bcef84ee3ef7f4dbb3a1ca9f563769b6df860304273934213 from=0x151775b94274FeE3696377A0B616a1221AC71326 nonce=32 recipient=0x7dc4d193051240848c7F4F19679e8514B148080f value=0
INFO [06-01|04:57:52.266] Submitted transaction                    hash=0xb8d93f20bfb3444093c38d46d2662ccd3b06b8ebfffae3d5d4130f2222769eb4 from=0xcA56D5B749835d8Ab9cA8c1c4123e9B5002Fc0Ff nonce=32 recipient=0x7dc4d193051240848c7F4F19679e8514B148080f value=0
INFO [06-01|04:57:52.505] Submitted transaction                    hash=0xaef98fe5d1aeffc01c3b1d34bf6129235e9d36365bfc9f086613778951e8295e from=0xfB403fD865ddcc1C79F9987EDD0ADabC47C24bB9 nonce=32 recipient=0x7dc4d193051240848c7F4F19679e8514B148080f value=0
INFO [06-01|04:57:52.745] Submitted transaction                    hash=0x5038bea4b2f47767230d1b9f2cfabb71770ce4ee5aeaa1a457eb78b7015f1ba0 from=0x9e8E8A4256457eF170586329D9a01487aA0bA29e nonce=32 recipient=0x7dc4d193051240848c7F4F19679e8514B148080f value=0
INFO [06-01|04:57:52.748] Starting work on payload                 id=0x03dbe9699cc52178
INFO [06-01|04:57:52.770] Updated payload                          id=0x03dbe9699cc52178 number=84 hash=bd228e..98dd17 txs=5 withdrawals=0 gas=334,175    fees=0.00066835     root=2b75bb..ce2acf elapsed=22.271ms
INFO [06-01|04:57:52.773] Stopping work on payload                 id=0x03dbe9699cc52178 reason=delivery
WARN [06-01|04:57:52.786] {"level":"warn","msg":"Slow block","block":{"number":84,"hash":"0xbd228ef789f4dea0e8d66022851691be54d1ba136f5e62ab19f1697e1e98dd17","gas_used":334175,"tx_count":5},"timing":{"execution_ms":0.935947,"state_read_ms":3.756875,"state_hash_ms":8.372117,"commit_ms":0.945702,"total_ms":15.655209},"throughput":{"mgas_per_sec":21.34593029067833},"state_reads":{"accounts":26,"storage_slots":0,"code":1,"code_bytes":869},"state_writes":{"accounts":12,"accounts_deleted":0,"storage_slots":0,"storage_slots_deleted":0,"code":5,"code_bytes":5},"cache":{"account":{"hits":14,"misses":12,"hit_rate":53.84615384615385},"storage":{"hits":0,"misses":0,"hit_rate":0},"code":{"hits":1,"misses":0,"hit_rate":100,"hit_bytes":869,"miss_bytes":0}}}
INFO [06-01|04:57:52.787] Imported new potential chain segment     number=84 hash=bd228e..98dd17 blocks=1 txs=5 mgas=0.334  elapsed=15.884ms    mgasps=21.038  triediffs=187.64MiB triedirty=0.00B
INFO [06-01|04:57:52.787] Chain head was updated                   number=84 hash=bd228e..98dd17 root=2b75bb..ce2acf elapsed="92.44µs"
INFO [06-01|04:57:52.986] Submitted transaction                    hash=0x6ccfc7cd90a684a233e57261faf1daf855bbbd5851139b9f42989942aefa5fd6 from=0x5AFc7eaFAA1e34De8e6fB9b014CFD08b18377F26 nonce=31 recipient=0x7dc4d193051240848c7F4F19679e8514B148080f value=0
INFO [06-01|04:57:53.225] Submitted transaction                    hash=0x77aa2ad131a157f123e8226d08a19ca256b5f5e627f195581191a3b771c88742 from=0x513978fc4d7fF9951AA177D59C7A1b9AA777119a nonce=31 recipient=0x7dc4d193051240848c7F4F19679e8514B148080f value=0
INFO [06-01|04:57:53.465] Submitted transaction                    hash=0x90d6a89f931ad460392a06844e1fc3d49b0afaa2f88be2fcaa3afaaa1bc73eb2 from=0x225bD09Ef41092086C35444d335Df887A0691eD0 nonce=31 recipient=0x7dc4d193051240848c7F4F19679e8514B148080f value=0
INFO [06-01|04:57:53.705] Submitted transaction                    hash=0x33f43ff00f488a2cfd688b07d6d53a6b40626a5ef25fa926416cc6fa8c83cedd from=0x0A114598D397AB388E751b917300055F2904166F nonce=31 recipient=0x7dc4d193051240848c7F4F19679e8514B148080f value=0
INFO [06-01|04:57:53.802] Starting work on payload                 id=0x0328ee0d99c2f2f2
INFO [06-01|04:57:53.837] Updated payload                          id=0x0328ee0d99c2f2f2 number=85 hash=99a068..5b6d8c txs=4 withdrawals=0 gas=267,340    fees=0.00053468     root=692a22..933c47 elapsed=35.553ms
INFO [06-01|04:57:53.837] Stopping work on payload                 id=0x0328ee0d99c2f2f2 reason=delivery
WARN [06-01|04:57:53.860] {"level":"warn","msg":"Slow block","block":{"number":85,"hash":"0x99a068db54417e2c3934498a1fe573a33914c0b6ab587ddc9f5afda3235b6d8c","gas_used":267340,"tx_count":4},"timing":{"execution_ms":0.494494,"state_read_ms":3.831515,"state_hash_ms":17.055211,"commit_ms":1.048387,"total_ms":22.616538},"throughput":{"mgas_per_sec":11.820553614350702},"state_reads":{"accounts":22,"storage_slots":0,"code":1,"code_bytes":869},"state_writes":{"accounts":10,"accounts_deleted":0,"storage_slots":0,"storage_slots_deleted":0,"code":4,"code_bytes":4},"cache":{"account":{"hits":15,"misses":7,"hit_rate":68.18181818181817},"storage":{"hits":0,"misses":0,"hit_rate":0},"code":{"hits":1,"misses":0,"hit_rate":100,"hit_bytes":869,"miss_bytes":0}}}
INFO [06-01|04:57:53.860] Imported new potential chain segment     number=85 hash=99a068..5b6d8c blocks=1 txs=4 mgas=0.267  elapsed=22.807ms    mgasps=11.722  triediffs=187.68MiB triedirty=0.00B
INFO [06-01|04:57:53.861] Chain head was updated                   number=85 hash=99a068..5b6d8c root=692a22..933c47 elapsed="116.628µs"
INFO [06-01|04:57:53.946] Submitted transaction                    hash=0xa6af36f7ec427e6a55d7474f0463b17811d4c195c626acc0c0ca9f2ff12ef063 from=0xbc7A668f0B1595d535B4a2de710461E1C6eba785 nonce=33 recipient=0x7dc4d193051240848c7F4F19679e8514B148080f value=0
INFO [06-01|04:57:54.186] Submitted transaction                    hash=0xfdc4066903b70c2e4982f2722dd249014788251e8853bdafeb79ca03cb8cba0d from=0x97D85277E62c57d15268b3E644cdbbDA3706fBEa nonce=33 recipient=0x7dc4d193051240848c7F4F19679e8514B148080f value=0
INFO [06-01|04:57:54.426] Submitted transaction                    hash=0x3523e2b25bc45b80158ff8d0dff9546feda077ca816d263dff87633a6067259e from=0x151775b94274FeE3696377A0B616a1221AC71326 nonce=33 recipient=0x7dc4d193051240848c7F4F19679e8514B148080f value=0
INFO [06-01|04:57:54.665] Submitted transaction                    hash=0x9992bfab3175ed364f6b8942fd55ad4c5170cc2d1912f55e2339f45d5abbdc91 from=0xcA56D5B749835d8Ab9cA8c1c4123e9B5002Fc0Ff nonce=33 recipient=0x7dc4d193051240848c7F4F19679e8514B148080f value=0
INFO [06-01|04:57:54.865] Starting work on payload                 id=0x033680daff1591f0
INFO [06-01|04:57:54.878] Updated payload                          id=0x033680daff1591f0 number=86 hash=ce7a44..ccdedd txs=4 withdrawals=0 gas=267,340    fees=0.00053468     root=a8da76..e38d17 elapsed=12.754ms
INFO [06-01|04:57:54.881] Stopping work on payload                 id=0x033680daff1591f0 reason=delivery
INFO [06-01|04:57:54.909] Submitted transaction                    hash=0xe767572bcdd6ae2fc386107df32ebb6c5242957f59f4af99ce743a6cece2e61a from=0xfB403fD865ddcc1C79F9987EDD0ADabC47C24bB9 nonce=33 recipient=0x7dc4d193051240848c7F4F19679e8514B148080f value=0
WARN [06-01|04:57:54.910] {"level":"warn","msg":"Slow block","block":{"number":86,"hash":"0xce7a44595be2d18f909166de44ab9321d0b0c30cb4a71151ef90982423ccdedd","gas_used":267340,"tx_count":4},"timing":{"execution_ms":0.47788,"state_read_ms":22.151168,"state_hash_ms":8.552848,"commit_ms":0.782741,"total_ms":32.17322},"throughput":{"mgas_per_sec":8.309395205080499},"state_reads":{"accounts":22,"storage_slots":0,"code":1,"code_bytes":869},"state_writes":{"accounts":10,"accounts_deleted":0,"storage_slots":0,"storage_slots_deleted":0,"code":4,"code_bytes":4},"cache":{"account":{"hits":13,"misses":9,"hit_rate":59.09090909090909},"storage":{"hits":0,"misses":0,"hit_rate":0},"code":{"hits":1,"misses":0,"hit_rate":100,"hit_bytes":869,"miss_bytes":0}}}
INFO [06-01|04:57:54.910] Imported new potential chain segment     number=86 hash=ce7a44..ccdedd blocks=1 txs=4 mgas=0.267  elapsed=32.368ms    mgasps=8.259   triediffs=187.72MiB triedirty=0.00B
INFO [06-01|04:57:54.910] Chain head was updated                   number=86 hash=ce7a44..ccdedd root=a8da76..e38d17 elapsed="101.976µs"
INFO [06-01|04:57:55.146] Submitted transaction                    hash=0x9e968646879af378b135ac9485d2d359f58047faf3ff3b84e9378f4ec4fa0836 from=0x9e8E8A4256457eF170586329D9a01487aA0bA29e nonce=33 recipient=0x7dc4d193051240848c7F4F19679e8514B148080f value=0
INFO [06-01|04:57:55.386] Submitted transaction                    hash=0x14a90a8cb4096191e4211f4e9be184210e66bfad073c511147758929d64e5113 from=0x5AFc7eaFAA1e34De8e6fB9b014CFD08b18377F26 nonce=32 recipient=0x7dc4d193051240848c7F4F19679e8514B148080f value=0
INFO [06-01|04:57:55.625] Submitted transaction                    hash=0xc056a6cfcf6717e3c33e52b52960134e9fa5b69cf1e12180868ab263311e3c3b from=0x513978fc4d7fF9951AA177D59C7A1b9AA777119a nonce=32 recipient=0x7dc4d193051240848c7F4F19679e8514B148080f value=0
INFO [06-01|04:57:55.866] Submitted transaction                    hash=0x3d007485ce1574e6154ccf57feff3dd29a8dfb8c54ff83879b56d773f1002cd4 from=0x225bD09Ef41092086C35444d335Df887A0691eD0 nonce=32 recipient=0x7dc4d193051240848c7F4F19679e8514B148080f value=0
INFO [06-01|04:57:55.916] Starting work on payload                 id=0x038453c2696a8be7
INFO [06-01|04:57:55.947] Updated payload                          id=0x038453c2696a8be7 number=87 hash=9c18a5..7621a7 txs=5 withdrawals=0 gas=334,175    fees=0.00066835     root=b946d8..8893fe elapsed=30.984ms
INFO [06-01|04:57:55.947] Stopping work on payload                 id=0x038453c2696a8be7 reason=delivery
WARN [06-01|04:57:55.967] {"level":"warn","msg":"Slow block","block":{"number":87,"hash":"0x9c18a5d2e077e9b3cbc107cd8529fb1e98c72de66ac948d54317e821f97621a7","gas_used":334175,"tx_count":5},"timing":{"execution_ms":0.453625,"state_read_ms":3.132678,"state_hash_ms":6.081102,"commit_ms":0.791281,"total_ms":18.97214},"throughput":{"mgas_per_sec":17.613985559878852},"state_reads":{"accounts":26,"storage_slots":0,"code":1,"code_bytes":869},"state_writes":{"accounts":12,"accounts_deleted":0,"storage_slots":0,"storage_slots_deleted":0,"code":5,"code_bytes":5},"cache":{"account":{"hits":21,"misses":5,"hit_rate":80.76923076923077},"storage":{"hits":0,"misses":0,"hit_rate":0},"code":{"hits":1,"misses":0,"hit_rate":100,"hit_bytes":869,"miss_bytes":0}}}
INFO [06-01|04:57:55.967] Imported new potential chain segment     number=87 hash=9c18a5..7621a7 blocks=1 txs=5 mgas=0.334  elapsed=19.138ms    mgasps=17.461  triediffs=187.77MiB triedirty=0.00B
INFO [06-01|04:57:55.967] Chain head was updated                   number=87 hash=9c18a5..7621a7 root=b946d8..8893fe elapsed="105.931µs"
INFO [06-01|04:57:56.106] Submitted transaction                    hash=0xe4dcc295ff89f80bc0dcd4edd8761152b4464e2e95cdb97856f7cb51d29f9daf from=0x0A114598D397AB388E751b917300055F2904166F nonce=32 recipient=0x7dc4d193051240848c7F4F19679e8514B148080f value=0
INFO [06-01|04:57:56.346] Submitted transaction                    hash=0x704103e653942666aaa4dfa1c055e9863ccbe9ba8ac35b06c60cfcb38b873e39 from=0xbc7A668f0B1595d535B4a2de710461E1C6eba785 nonce=34 recipient=0x7dc4d193051240848c7F4F19679e8514B148080f value=0
INFO [06-01|04:57:56.586] Submitted transaction                    hash=0xddb4e1bacaa835a9ac7aa14f06bb8d522c972764295bc2a83b8492e324fa6c11 from=0x97D85277E62c57d15268b3E644cdbbDA3706fBEa nonce=34 recipient=0x7dc4d193051240848c7F4F19679e8514B148080f value=0
INFO [06-01|04:57:56.826] Submitted transaction                    hash=0xaaf62bc661d937f7736d72959e52a35a5e3389d05ca9b577d0f647d5ccbedff5 from=0x151775b94274FeE3696377A0B616a1221AC71326 nonce=34 recipient=0x7dc4d193051240848c7F4F19679e8514B148080f value=0
INFO [06-01|04:57:56.972] Starting work on payload                 id=0x036df0e96f64e1d2
INFO [06-01|04:57:56.997] Updated payload                          id=0x036df0e96f64e1d2 number=88 hash=a91601..988d58 txs=4 withdrawals=0 gas=267,340    fees=0.00053468     root=293035..e2db93 elapsed=24.693ms
INFO [06-01|04:57:57.000] Stopping work on payload                 id=0x036df0e96f64e1d2 reason=delivery
WARN [06-01|04:57:57.006] {"level":"warn","msg":"Slow block","block":{"number":88,"hash":"0xa91601bcafaf10c6457cb77f0d0903d0469d5f7add0217e7b667b6288d988d58","gas_used":267340,"tx_count":4},"timing":{"execution_ms":0.665954,"state_read_ms":3.44426,"state_hash_ms":3.376153,"commit_ms":0.715953,"total_ms":8.58495},"throughput":{"mgas_per_sec":31.140542460934544},"state_reads":{"accounts":22,"storage_slots":0,"code":1,"code_bytes":869},"state_writes":{"accounts":10,"accounts_deleted":0,"storage_slots":0,"storage_slots_deleted":0,"code":4,"code_bytes":4},"cache":{"account":{"hits":10,"misses":12,"hit_rate":45.45454545454545},"storage":{"hits":0,"misses":0,"hit_rate":0},"code":{"hits":1,"misses":0,"hit_rate":100,"hit_bytes":869,"miss_bytes":0}}}
INFO [06-01|04:57:57.006] Imported new potential chain segment     number=88 hash=a91601..988d58 blocks=1 txs=4 mgas=0.267  elapsed=8.843ms     mgasps=30.231  triediffs=187.81MiB triedirty=0.00B
INFO [06-01|04:57:57.007] Chain head was updated                   number=88 hash=a91601..988d58 root=293035..e2db93 elapsed="81.157µs"
INFO [06-01|04:57:57.065] Submitted transaction                    hash=0xfa0ab86d7f10356b0a19505bcbb880a1a42db06c81df1338f2913719d2e6f687 from=0xcA56D5B749835d8Ab9cA8c1c4123e9B5002Fc0Ff nonce=34 recipient=0x7dc4d193051240848c7F4F19679e8514B148080f value=0
INFO [06-01|04:57:57.306] Submitted transaction                    hash=0xe2199a52edf196b1132d942a565595b93c26ac56b10a811e98e30f22b9ca2533 from=0xfB403fD865ddcc1C79F9987EDD0ADabC47C24bB9 nonce=34 recipient=0x7dc4d193051240848c7F4F19679e8514B148080f value=0
INFO [06-01|04:57:57.546] Submitted transaction                    hash=0xc59e38ea489143a49270987c767e3bc798d5a7922d9651205a368b70caff489d from=0x9e8E8A4256457eF170586329D9a01487aA0bA29e nonce=34 recipient=0x7dc4d193051240848c7F4F19679e8514B148080f value=0
INFO [06-01|04:57:57.786] Submitted transaction                    hash=0xad3ffc0683fc0943df23cc7e0dca6c9312a9410bcee2065897b8a30c3a6f234a from=0x5AFc7eaFAA1e34De8e6fB9b014CFD08b18377F26 nonce=33 recipient=0x7dc4d193051240848c7F4F19679e8514B148080f value=0
INFO [06-01|04:57:58.022] Starting work on payload                 id=0x0370efecda769228
INFO [06-01|04:57:58.025] Submitted transaction                    hash=0x5cf3457be6b529eb2ee0298a73f443e237517c997109aab30e54715a8444e436 from=0x513978fc4d7fF9951AA177D59C7A1b9AA777119a nonce=33 recipient=0x7dc4d193051240848c7F4F19679e8514B148080f value=0
INFO [06-01|04:57:58.066] Updated payload                          id=0x0370efecda769228 number=89 hash=e3a73c..da70f0 txs=4 withdrawals=0 gas=267,340    fees=0.00053468     root=ecf561..271444 elapsed=44.234ms
INFO [06-01|04:57:58.066] Stopping work on payload                 id=0x0370efecda769228 reason=delivery
WARN [06-01|04:57:58.080] {"level":"warn","msg":"Slow block","block":{"number":89,"hash":"0xe3a73c3762e9ce8b66f338bddc21e8a12ddb91ad23e7d4a17dffb98c77da70f0","gas_used":267340,"tx_count":4},"timing":{"execution_ms":0.342052,"state_read_ms":3.55967,"state_hash_ms":6.818364,"commit_ms":1.231233,"total_ms":13.097957},"throughput":{"mgas_per_sec":20.410816740351187},"state_reads":{"accounts":22,"storage_slots":0,"code":1,"code_bytes":869},"state_writes":{"accounts":10,"accounts_deleted":0,"storage_slots":0,"storage_slots_deleted":0,"code":4,"code_bytes":4},"cache":{"account":{"hits":15,"misses":7,"hit_rate":68.18181818181817},"storage":{"hits":0,"misses":0,"hit_rate":0},"code":{"hits":1,"misses":0,"hit_rate":100,"hit_bytes":869,"miss_bytes":0}}}
INFO [06-01|04:57:58.080] Imported new potential chain segment     number=89 hash=e3a73c..da70f0 blocks=1 txs=4 mgas=0.267  elapsed=13.336ms    mgasps=20.046  triediffs=187.86MiB triedirty=0.00B
INFO [06-01|04:57:58.080] Chain head was updated                   number=89 hash=e3a73c..da70f0 root=ecf561..271444 elapsed="149.799µs"
INFO [06-01|04:57:58.265] Submitted transaction                    hash=0xbafc82f1b3f5a18b91edb2bfb4345506ba2bad46cd12b0d728617ad63a01d053 from=0x225bD09Ef41092086C35444d335Df887A0691eD0 nonce=33 recipient=0x7dc4d193051240848c7F4F19679e8514B148080f value=0
INFO [06-01|04:57:58.506] Submitted transaction                    hash=0xe9485085c4f9258b1dae375b6f15cd5697ca7a7bd7454b1b5e006b1843cdb463 from=0x0A114598D397AB388E751b917300055F2904166F nonce=33 recipient=0x7dc4d193051240848c7F4F19679e8514B148080f value=0
INFO [06-01|04:57:58.746] Submitted transaction                    hash=0x01111f8e856616a9d1b8dc55148d95eb09ccaddfbf4c4e99da56438e7b74cd7a from=0xbc7A668f0B1595d535B4a2de710461E1C6eba785 nonce=35 recipient=0x7dc4d193051240848c7F4F19679e8514B148080f value=0
INFO [06-01|04:57:58.985] Submitted transaction                    hash=0xe5394968060b184cf73aac9ecc6d5e7e1971b541632f041f36367fed12520554 from=0x97D85277E62c57d15268b3E644cdbbDA3706fBEa nonce=35 recipient=0x7dc4d193051240848c7F4F19679e8514B148080f value=0
INFO [06-01|04:57:59.085] Starting work on payload                 id=0x03efdc7e02d91e9e
INFO [06-01|04:57:59.118] Updated payload                          id=0x03efdc7e02d91e9e number=90 hash=b0f3c3..b7eaf9 txs=5 withdrawals=0 gas=334,175    fees=0.00066835     root=28a552..6ca174 elapsed=32.566ms
INFO [06-01|04:57:59.118] Stopping work on payload                 id=0x03efdc7e02d91e9e reason=delivery
WARN [06-01|04:57:59.128] {"level":"warn","msg":"Slow block","block":{"number":90,"hash":"0xb0f3c3450c79cf227b9e39628ce3303824035f00ef393d9c06963bde8eb7eaf9","gas_used":334175,"tx_count":5},"timing":{"execution_ms":0.356551,"state_read_ms":3.169518,"state_hash_ms":5.244126,"commit_ms":0.733636,"total_ms":9.673454},"throughput":{"mgas_per_sec":34.54557182987586},"state_reads":{"accounts":26,"storage_slots":0,"code":1,"code_bytes":869},"state_writes":{"accounts":12,"accounts_deleted":0,"storage_slots":0,"storage_slots_deleted":0,"code":5,"code_bytes":5},"cache":{"account":{"hits":21,"misses":5,"hit_rate":80.76923076923077},"storage":{"hits":0,"misses":0,"hit_rate":0},"code":{"hits":1,"misses":0,"hit_rate":100,"hit_bytes":869,"miss_bytes":0}}}
INFO [06-01|04:57:59.128] Imported new potential chain segment     number=90 hash=b0f3c3..b7eaf9 blocks=1 txs=5 mgas=0.334  elapsed=9.844ms     mgasps=33.946  triediffs=187.91MiB triedirty=0.00B
INFO [06-01|04:57:59.128] Chain head was updated                   number=90 hash=b0f3c3..b7eaf9 root=28a552..6ca174 elapsed="119.766µs"
INFO [06-01|04:57:59.226] Submitted transaction                    hash=0xffe02bc96809b40c0787b6d20ab362d69133c27bb541ccb2e0db4e91918d229a from=0x151775b94274FeE3696377A0B616a1221AC71326 nonce=35 recipient=0x7dc4d193051240848c7F4F19679e8514B148080f value=0
INFO [06-01|04:57:59.466] Submitted transaction                    hash=0xc07b4ca8367cc2f505e53d3bebfe1dc0ae7fb32ab9946ef0fa570c8c68fcf5ed from=0xcA56D5B749835d8Ab9cA8c1c4123e9B5002Fc0Ff nonce=35 recipient=0x7dc4d193051240848c7F4F19679e8514B148080f value=0
INFO [06-01|04:57:59.706] Submitted transaction                    hash=0xee1d1184dc127cb701e110323414ebf9338aa8c394da71a30d38a6d88eff3b0e from=0xfB403fD865ddcc1C79F9987EDD0ADabC47C24bB9 nonce=35 recipient=0x7dc4d193051240848c7F4F19679e8514B148080f value=0
INFO [06-01|04:57:59.945] Submitted transaction                    hash=0xe8d06ff8a9263e5152ddeab9625a26251b5bf3e0053a6d8fcd08bfd62ec2f17c from=0x9e8E8A4256457eF170586329D9a01487aA0bA29e nonce=35 recipient=0x7dc4d193051240848c7F4F19679e8514B148080f value=0
INFO [06-01|04:58:00.133] Starting work on payload                 id=0x0381cb38745afc2c
INFO [06-01|04:58:00.171] Updated payload                          id=0x0381cb38745afc2c number=91 hash=0d693d..473c2b txs=4 withdrawals=0 gas=267,340    fees=0.00053468     root=4c2afc..5d7259 elapsed=38.522ms
INFO [06-01|04:58:00.172] Stopping work on payload                 id=0x0381cb38745afc2c reason=delivery
WARN [06-01|04:58:00.180] {"level":"warn","msg":"Slow block","block":{"number":91,"hash":"0x0d693de88363b5b883e5b6770d6708e1bbb1e089d6a9fd9eaa5f489d3e473c2b","gas_used":267340,"tx_count":4},"timing":{"execution_ms":0.28978,"state_read_ms":3.05863,"state_hash_ms":3.147544,"commit_ms":0.693429,"total_ms":8.003514},"throughput":{"mgas_per_sec":33.40282780788539},"state_reads":{"accounts":22,"storage_slots":0,"code":1,"code_bytes":869},"state_writes":{"accounts":10,"accounts_deleted":0,"storage_slots":0,"storage_slots_deleted":0,"code":4,"code_bytes":4},"cache":{"account":{"hits":17,"misses":5,"hit_rate":77.27272727272727},"storage":{"hits":0,"misses":0,"hit_rate":0},"code":{"hits":1,"misses":0,"hit_rate":100,"hit_bytes":869,"miss_bytes":0}}}
INFO [06-01|04:58:00.180] Imported new potential chain segment     number=91 hash=0d693d..473c2b blocks=1 txs=4 mgas=0.267  elapsed=8.222ms     mgasps=32.513  triediffs=187.95MiB triedirty=0.00B
INFO [06-01|04:58:00.180] Chain head was updated                   number=91 hash=0d693d..473c2b root=4c2afc..5d7259 elapsed="91.591µs"
INFO [06-01|04:58:00.189] Submitted transaction                    hash=0x3c8969dddf86f01ca6b034a2ec20c3b7f6ab2688fef1be975d3fbca2c1d47043 from=0x5AFc7eaFAA1e34De8e6fB9b014CFD08b18377F26 nonce=34 recipient=0x7dc4d193051240848c7F4F19679e8514B148080f value=0
INFO [06-01|04:58:00.425] Submitted transaction                    hash=0xc04ab71ec469a611180bd488c27b1d64039c745617a068506140401f1c26ed69 from=0x513978fc4d7fF9951AA177D59C7A1b9AA777119a nonce=34 recipient=0x7dc4d193051240848c7F4F19679e8514B148080f value=0
INFO [06-01|04:58:00.666] Submitted transaction                    hash=0x538be88bf8b6a224acecf54d8679a390b4d8f190408560f00e47e337bdd8e8a2 from=0x225bD09Ef41092086C35444d335Df887A0691eD0 nonce=34 recipient=0x7dc4d193051240848c7F4F19679e8514B148080f value=0
INFO [06-01|04:58:00.905] Submitted transaction                    hash=0xfba328871714daa3e9f61709d1da4cc0943031099afc2530245b201876667aa3 from=0x0A114598D397AB388E751b917300055F2904166F nonce=34 recipient=0x7dc4d193051240848c7F4F19679e8514B148080f value=0
INFO [06-01|04:58:01.146] Submitted transaction                    hash=0x7aae876c4f530b5bd8d8d3a7cccd02acc50c14cd273f153631c1217c61636939 from=0xbc7A668f0B1595d535B4a2de710461E1C6eba785 nonce=36 recipient=0x7dc4d193051240848c7F4F19679e8514B148080f value=0
INFO [06-01|04:58:01.185] Starting work on payload                 id=0x038774891cd029e7
INFO [06-01|04:58:01.211] Updated payload                          id=0x038774891cd029e7 number=92 hash=8201e4..ca7b4a txs=5 withdrawals=0 gas=334,175    fees=0.00066835     root=acccc5..62ed7c elapsed=25.387ms
INFO [06-01|04:58:01.212] Stopping work on payload                 id=0x038774891cd029e7 reason=delivery
WARN [06-01|04:58:01.225] {"level":"warn","msg":"Slow block","block":{"number":92,"hash":"0x8201e4a89655f6d761c0023cf06d63766e150b5a42441b8c451c2f1d8cca7b4a","gas_used":334175,"tx_count":5},"timing":{"execution_ms":0.84036,"state_read_ms":4.434256,"state_hash_ms":3.420506,"commit_ms":1.003805,"total_ms":13.868203},"throughput":{"mgas_per_sec":24.096488925061163},"state_reads":{"accounts":26,"storage_slots":0,"code":1,"code_bytes":869},"state_writes":{"accounts":12,"accounts_deleted":0,"storage_slots":0,"storage_slots_deleted":0,"code":5,"code_bytes":5},"cache":{"account":{"hits":14,"misses":12,"hit_rate":53.84615384615385},"storage":{"hits":0,"misses":0,"hit_rate":0},"code":{"hits":1,"misses":0,"hit_rate":100,"hit_bytes":869,"miss_bytes":0}}}
INFO [06-01|04:58:01.225] Imported new potential chain segment     number=92 hash=8201e4..ca7b4a blocks=1 txs=5 mgas=0.334  elapsed=14.128ms    mgasps=23.653  triediffs=188.00MiB triedirty=0.00B
INFO [06-01|04:58:01.226] Chain head was updated                   number=92 hash=8201e4..ca7b4a root=acccc5..62ed7c elapsed="100.298µs"
INFO [06-01|04:58:01.386] Submitted transaction                    hash=0xaa1b268fa934fbaede3e03c82a70b88836331d06fa27070d444068cd30f0c061 from=0x97D85277E62c57d15268b3E644cdbbDA3706fBEa nonce=36 recipient=0x7dc4d193051240848c7F4F19679e8514B148080f value=0
INFO [06-01|04:58:01.626] Submitted transaction                    hash=0x17b5129f1c54d7a4f6f482759c807bb4207927469a0080cf6796f6ec55397c5b from=0x151775b94274FeE3696377A0B616a1221AC71326 nonce=36 recipient=0x7dc4d193051240848c7F4F19679e8514B148080f value=0
INFO [06-01|04:58:01.865] Submitted transaction                    hash=0xbc5b449cb9a8b288344b396e2197e9cdab2ff046dbfb385a2691cffa4f1466d1 from=0xcA56D5B749835d8Ab9cA8c1c4123e9B5002Fc0Ff nonce=36 recipient=0x7dc4d193051240848c7F4F19679e8514B148080f value=0
INFO [06-01|04:58:02.105] Submitted transaction                    hash=0x6cd6465db428f837f8c1932a12fff31e7262b72756e11f380d1934ad2921e802 from=0xfB403fD865ddcc1C79F9987EDD0ADabC47C24bB9 nonce=36 recipient=0x7dc4d193051240848c7F4F19679e8514B148080f value=0
INFO [06-01|04:58:02.240] Starting work on payload                 id=0x03b0a83cf9f05ef7
INFO [06-01|04:58:02.278] Updated payload                          id=0x03b0a83cf9f05ef7 number=93 hash=187a2e..b03995 txs=4 withdrawals=0 gas=267,340    fees=0.00053468     root=7d1d3a..80e553 elapsed=37.449ms
INFO [06-01|04:58:02.278] Stopping work on payload                 id=0x03b0a83cf9f05ef7 reason=delivery
WARN [06-01|04:58:02.305] {"level":"warn","msg":"Slow block","block":{"number":93,"hash":"0x187a2e2c44fb2e0d8ec0d81fd31cdc53b6acfb890f3750f69b7699f2deb03995","gas_used":267340,"tx_count":4},"timing":{"execution_ms":0.546522,"state_read_ms":2.770973,"state_hash_ms":21.479228,"commit_ms":0.912769,"total_ms":26.738508},"throughput":{"mgas_per_sec":9.998314042055002},"state_reads":{"accounts":22,"storage_slots":0,"code":1,"code_bytes":869},"state_writes":{"accounts":10,"accounts_deleted":0,"storage_slots":0,"storage_slots_deleted":0,"code":4,"code_bytes":4},"cache":{"account":{"hits":8,"misses":14,"hit_rate":36.36363636363637},"storage":{"hits":0,"misses":0,"hit_rate":0},"code":{"hits":1,"misses":0,"hit_rate":100,"hit_bytes":869,"miss_bytes":0}}}
INFO [06-01|04:58:02.305] Imported new potential chain segment     number=93 hash=187a2e..b03995 blocks=1 txs=4 mgas=0.267  elapsed=26.926ms    mgasps=9.928   triediffs=188.04MiB triedirty=0.00B
INFO [06-01|04:58:02.305] Chain head was updated                   number=93 hash=187a2e..b03995 root=7d1d3a..80e553 elapsed="102.794µs"
INFO [06-01|04:58:02.345] Submitted transaction                    hash=0x8a7c3cb1a1c8f84c8102b89e5b8889338d32fc0b2a5aaad3dd8b407a2c039166 from=0x9e8E8A4256457eF170586329D9a01487aA0bA29e nonce=36 recipient=0x7dc4d193051240848c7F4F19679e8514B148080f value=0
INFO [06-01|04:58:02.585] Submitted transaction                    hash=0xfbb127f293552385146a7c5bed8b2b23285464edfce1fea727f8d3f238213658 from=0x5AFc7eaFAA1e34De8e6fB9b014CFD08b18377F26 nonce=35 recipient=0x7dc4d193051240848c7F4F19679e8514B148080f value=0
INFO [06-01|04:58:02.826] Submitted transaction                    hash=0x26af58487886b031c92a54ae2f7ea2918985b44919a30c5dd802dbb97aa8f189 from=0x513978fc4d7fF9951AA177D59C7A1b9AA777119a nonce=35 recipient=0x7dc4d193051240848c7F4F19679e8514B148080f value=0
INFO [06-01|04:58:03.066] Submitted transaction                    hash=0x8248bbd225fa6dd65c9beb8777c9336d8fef046ad6d413b8f06101513b4c8e18 from=0x225bD09Ef41092086C35444d335Df887A0691eD0 nonce=35 recipient=0x7dc4d193051240848c7F4F19679e8514B148080f value=0
INFO [06-01|04:58:03.305] Submitted transaction                    hash=0xf7f20eb79eb0b52d7ebcdf4e3495fc81c12fa76ddc21f1adc8e65c0f8f721e7b from=0x0A114598D397AB388E751b917300055F2904166F nonce=35 recipient=0x7dc4d193051240848c7F4F19679e8514B148080f value=0
INFO [06-01|04:58:03.309] Starting work on payload                 id=0x03346f07eb5b78b0
INFO [06-01|04:58:03.334] Updated payload                          id=0x03346f07eb5b78b0 number=94 hash=98cea8..4df488 txs=5 withdrawals=0 gas=334,175    fees=0.00066835     root=6f80b8..2d7d8f elapsed=24.861ms
INFO [06-01|04:58:03.334] Stopping work on payload                 id=0x03346f07eb5b78b0 reason=delivery
WARN [06-01|04:58:03.345] {"level":"warn","msg":"Slow block","block":{"number":94,"hash":"0x98cea8ec84b44e4826f4b7dbd6d418c4cbfaa1fa70e76ec7f6d97462204df488","gas_used":334175,"tx_count":5},"timing":{"execution_ms":0.551199,"state_read_ms":3.991618,"state_hash_ms":4.705917,"commit_ms":1.034523,"total_ms":10.639842},"throughput":{"mgas_per_sec":31.407891207407026},"state_reads":{"accounts":26,"storage_slots":0,"code":1,"code_bytes":869},"state_writes":{"accounts":12,"accounts_deleted":0,"storage_slots":0,"storage_slots_deleted":0,"code":5,"code_bytes":5},"cache":{"account":{"hits":15,"misses":11,"hit_rate":57.692307692307686},"storage":{"hits":0,"misses":0,"hit_rate":0},"code":{"hits":1,"misses":0,"hit_rate":100,"hit_bytes":869,"miss_bytes":0}}}
INFO [06-01|04:58:03.345] Imported new potential chain segment     number=94 hash=98cea8..4df488 blocks=1 txs=5 mgas=0.334  elapsed=10.906ms    mgasps=30.640  triediffs=188.09MiB triedirty=0.00B
INFO [06-01|04:58:03.345] Chain head was updated                   number=94 hash=98cea8..4df488 root=6f80b8..2d7d8f elapsed="134.268µs"
INFO [06-01|04:58:03.546] Submitted transaction                    hash=0x5ff1396e06868d5fc61f8983e8abcaa06338a0bf9de392e3e7777c2b61bb4202 from=0xbc7A668f0B1595d535B4a2de710461E1C6eba785 nonce=37 recipient=0x7dc4d193051240848c7F4F19679e8514B148080f value=0
INFO [06-01|04:58:03.785] Submitted transaction                    hash=0x5c4d47c9de619c22130d414fb3b723230acfffcac2e85e51255362c2cb5ace25 from=0x97D85277E62c57d15268b3E644cdbbDA3706fBEa nonce=37 recipient=0x7dc4d193051240848c7F4F19679e8514B148080f value=0
INFO [06-01|04:58:04.026] Submitted transaction                    hash=0xf47280d1cdd201908acf96e6c44e0cbde1ee1cd2c4a66cb49b6230424eb62a75 from=0x151775b94274FeE3696377A0B616a1221AC71326 nonce=37 recipient=0x7dc4d193051240848c7F4F19679e8514B148080f value=0
INFO [06-01|04:58:04.266] Submitted transaction                    hash=0x3c0ffde61916d8d36299366bc45960c6f7a860952cc66aef5e5b652a35c9f903 from=0xcA56D5B749835d8Ab9cA8c1c4123e9B5002Fc0Ff nonce=37 recipient=0x7dc4d193051240848c7F4F19679e8514B148080f value=0
INFO [06-01|04:58:04.349] Starting work on payload                 id=0x03f3d2c087ea1f8d
INFO [06-01|04:58:04.377] Updated payload                          id=0x03f3d2c087ea1f8d number=95 hash=e4561c..7a82cd txs=4 withdrawals=0 gas=267,340    fees=0.00053468     root=062625..4c345c elapsed=28.059ms
INFO [06-01|04:58:04.377] Stopping work on payload                 id=0x03f3d2c087ea1f8d reason=delivery
WARN [06-01|04:58:04.402] {"level":"warn","msg":"Slow block","block":{"number":95,"hash":"0xe4561c0acc95fea12931990cdba0bc2ffeddfbc896e910e97e0ff3cb6e7a82cd","gas_used":267340,"tx_count":4},"timing":{"execution_ms":0.553024,"state_read_ms":4.093387,"state_hash_ms":18.704963,"commit_ms":1.17758,"total_ms":24.739839},"throughput":{"mgas_per_sec":10.806052537366957},"state_reads":{"accounts":22,"storage_slots":0,"code":1,"code_bytes":869},"state_writes":{"accounts":10,"accounts_deleted":0,"storage_slots":0,"storage_slots_deleted":0,"code":4,"code_bytes":4},"cache":{"account":{"hits":13,"misses":9,"hit_rate":59.09090909090909},"storage":{"hits":0,"misses":0,"hit_rate":0},"code":{"hits":1,"misses":0,"hit_rate":100,"hit_bytes":869,"miss_bytes":0}}}
INFO [06-01|04:58:04.402] Imported new potential chain segment     number=95 hash=e4561c..7a82cd blocks=1 txs=4 mgas=0.267  elapsed=24.899ms    mgasps=10.737  triediffs=188.14MiB triedirty=0.00B
INFO [06-01|04:58:04.402] Chain head was updated                   number=95 hash=e4561c..7a82cd root=062625..4c345c elapsed="113.577µs"
INFO [06-01|04:58:04.505] Submitted transaction                    hash=0xc22d00abdf203cd6ab14b64903a53f85517a294669d6f849361643c90e57427f from=0xfB403fD865ddcc1C79F9987EDD0ADabC47C24bB9 nonce=37 recipient=0x7dc4d193051240848c7F4F19679e8514B148080f value=0
INFO [06-01|04:58:04.746] Submitted transaction                    hash=0xddbd41d5548175fd22fd4808918f70913c3485f96fa88d3b0f8de0fa68334b9f from=0x9e8E8A4256457eF170586329D9a01487aA0bA29e nonce=37 recipient=0x7dc4d193051240848c7F4F19679e8514B148080f value=0
INFO [06-01|04:58:04.986] Submitted transaction                    hash=0xbf98fca49408731b65ec4d2f0239a0c9e784e3745b8004a25cdaf2e0a510bb6e from=0x5AFc7eaFAA1e34De8e6fB9b014CFD08b18377F26 nonce=36 recipient=0x7dc4d193051240848c7F4F19679e8514B148080f value=0
INFO [06-01|04:58:05.225] Submitted transaction                    hash=0xef48de66ee73321ea848cc37b6d62e65017965feffbc7f509657d64a91520c50 from=0x513978fc4d7fF9951AA177D59C7A1b9AA777119a nonce=36 recipient=0x7dc4d193051240848c7F4F19679e8514B148080f value=0
INFO [06-01|04:58:05.407] Starting work on payload                 id=0x03a0076bfb42b69c
INFO [06-01|04:58:05.435] Updated payload                          id=0x03a0076bfb42b69c number=96 hash=608b3f..d0bd76 txs=4 withdrawals=0 gas=267,340    fees=0.00053468     root=365925..102fcb elapsed=27.857ms
INFO [06-01|04:58:05.435] Stopping work on payload                 id=0x03a0076bfb42b69c reason=delivery
WARN [06-01|04:58:05.449] {"level":"warn","msg":"Slow block","block":{"number":96,"hash":"0x608b3f9fcbda396b394c040b8035e99345ae8781bbf4dcf9c771e07a2ad0bd76","gas_used":267340,"tx_count":4},"timing":{"execution_ms":0.433496,"state_read_ms":6.918255,"state_hash_ms":5.733435,"commit_ms":0.687409,"total_ms":13.987603},"throughput":{"mgas_per_sec":19.11263852713006},"state_reads":{"accounts":22,"storage_slots":0,"code":1,"code_bytes":869},"state_writes":{"accounts":10,"accounts_deleted":0,"storage_slots":0,"storage_slots_deleted":0,"code":4,"code_bytes":4},"cache":{"account":{"hits":17,"misses":5,"hit_rate":77.27272727272727},"storage":{"hits":0,"misses":0,"hit_rate":0},"code":{"hits":1,"misses":0,"hit_rate":100,"hit_bytes":869,"miss_bytes":0}}}
INFO [06-01|04:58:05.449] Imported new potential chain segment     number=96 hash=608b3f..d0bd76 blocks=1 txs=4 mgas=0.267  elapsed=14.278ms    mgasps=18.723  triediffs=188.18MiB triedirty=0.00B
INFO [06-01|04:58:05.450] Chain head was updated                   number=96 hash=608b3f..d0bd76 root=365925..102fcb elapsed="121.74µs"
INFO [06-01|04:58:05.470] Submitted transaction                    hash=0x98f8d96b6908b6acf7d48750e5aea2a6bea528c78efb251ff7d1b34ad892a08c from=0x225bD09Ef41092086C35444d335Df887A0691eD0 nonce=36 recipient=0x7dc4d193051240848c7F4F19679e8514B148080f value=0
INFO [06-01|04:58:05.705] Submitted transaction                    hash=0x0080d2cea9ddd9bbe2c519d0c196b04565a8d91a4f2dd9b838a946314efa3109 from=0x0A114598D397AB388E751b917300055F2904166F nonce=36 recipient=0x7dc4d193051240848c7F4F19679e8514B148080f value=0
INFO [06-01|04:58:05.945] Submitted transaction                    hash=0x76828a5f19990ab0dbbddab5453315d9c319cc092e73e40f100cfbb775ba7fcd from=0xbc7A668f0B1595d535B4a2de710461E1C6eba785 nonce=38 recipient=0x7dc4d193051240848c7F4F19679e8514B148080f value=0
INFO [06-01|04:58:06.185] Submitted transaction                    hash=0x7bbb6cd4f5be0455c9313da7812ddffcbad4543966da9b7b2b455270af2d86ab from=0x97D85277E62c57d15268b3E644cdbbDA3706fBEa nonce=38 recipient=0x7dc4d193051240848c7F4F19679e8514B148080f value=0
INFO [06-01|04:58:06.426] Submitted transaction                    hash=0x5139818452ce39699a72074ed31a9b6020e210bf4f1a8b39801d1895d0fba777 from=0x151775b94274FeE3696377A0B616a1221AC71326 nonce=38 recipient=0x7dc4d193051240848c7F4F19679e8514B148080f value=0
INFO [06-01|04:58:06.454] Starting work on payload                 id=0x03fca7f1d21895da
INFO [06-01|04:58:06.479] Updated payload                          id=0x03fca7f1d21895da number=97 hash=bb0694..c15b21 txs=5 withdrawals=0 gas=334,175    fees=0.00066835     root=a1b84a..ce0f46 elapsed=24.530ms
INFO [06-01|04:58:06.479] Stopping work on payload                 id=0x03fca7f1d21895da reason=delivery
WARN [06-01|04:58:06.505] {"level":"warn","msg":"Slow block","block":{"number":97,"hash":"0xbb06942e32ce65c4ecd06cc3f539438216c035986198d76b6bebf85f96c15b21","gas_used":334175,"tx_count":5},"timing":{"execution_ms":0.73722,"state_read_ms":5.086898,"state_hash_ms":18.688043,"commit_ms":0.776907,"total_ms":25.686498},"throughput":{"mgas_per_sec":13.009753217429639},"state_reads":{"accounts":26,"storage_slots":0,"code":1,"code_bytes":869},"state_writes":{"accounts":12,"accounts_deleted":0,"storage_slots":0,"storage_slots_deleted":0,"code":5,"code_bytes":5},"cache":{"account":{"hits":16,"misses":10,"hit_rate":61.53846153846154},"storage":{"hits":0,"misses":0,"hit_rate":0},"code":{"hits":1,"misses":0,"hit_rate":100,"hit_bytes":869,"miss_bytes":0}}}
INFO [06-01|04:58:06.505] Imported new potential chain segment     number=97 hash=bb0694..c15b21 blocks=1 txs=5 mgas=0.334  elapsed=26.022ms    mgasps=12.842  triediffs=188.23MiB triedirty=0.00B
INFO [06-01|04:58:06.505] Chain head was updated                   number=97 hash=bb0694..c15b21 root=a1b84a..ce0f46 elapsed="95.373µs"
INFO [06-01|04:58:06.666] Submitted transaction                    hash=0x2f24a5050d2d01eea0cab44e20030dbf64fefa938281db3a68d97024ad67621a from=0xcA56D5B749835d8Ab9cA8c1c4123e9B5002Fc0Ff nonce=38 recipient=0x7dc4d193051240848c7F4F19679e8514B148080f value=0
INFO [06-01|04:58:06.906] Submitted transaction                    hash=0x1fcb4a6d6d7d1e12692e69f899e0bcac38f0f94632798947e79315cc501adc2a from=0xfB403fD865ddcc1C79F9987EDD0ADabC47C24bB9 nonce=38 recipient=0x7dc4d193051240848c7F4F19679e8514B148080f value=0
INFO [06-01|04:58:07.145] Submitted transaction                    hash=0x5c884e68b1ac2a57a9c6157e5aa7843897d3b4684c173680b22070993d7657c8 from=0x9e8E8A4256457eF170586329D9a01487aA0bA29e nonce=38 recipient=0x7dc4d193051240848c7F4F19679e8514B148080f value=0
INFO [06-01|04:58:07.385] Submitted transaction                    hash=0x621f3bc01fe08e267d13517bcbef4838e2f371ec65e4f8a4e34e6a05889fc0b2 from=0x5AFc7eaFAA1e34De8e6fB9b014CFD08b18377F26 nonce=37 recipient=0x7dc4d193051240848c7F4F19679e8514B148080f value=0
INFO [06-01|04:58:07.513] Starting work on payload                 id=0x03a8e118b0d4cd78
INFO [06-01|04:58:07.557] Updated payload                          id=0x03a8e118b0d4cd78 number=98 hash=64d99f..ea3f0b txs=4 withdrawals=0 gas=267,340    fees=0.00053468     root=847030..008d21 elapsed=43.927ms
INFO [06-01|04:58:07.557] Stopping work on payload                 id=0x03a8e118b0d4cd78 reason=delivery
WARN [06-01|04:58:07.587] {"level":"warn","msg":"Slow block","block":{"number":98,"hash":"0x64d99fb0eeae6e1382bb6fb62bb8769498d67c31cd309225be9cda9134ea3f0b","gas_used":267340,"tx_count":4},"timing":{"execution_ms":0.609074,"state_read_ms":10.135715,"state_hash_ms":18.391567,"commit_ms":0.868907,"total_ms":30.350982},"throughput":{"mgas_per_sec":8.808281722153174},"state_reads":{"accounts":22,"storage_slots":0,"code":1,"code_bytes":869},"state_writes":{"accounts":10,"accounts_deleted":0,"storage_slots":0,"storage_slots_deleted":0,"code":4,"code_bytes":4},"cache":{"account":{"hits":16,"misses":6,"hit_rate":72.72727272727273},"storage":{"hits":0,"misses":0,"hit_rate":0},"code":{"hits":1,"misses":0,"hit_rate":100,"hit_bytes":869,"miss_bytes":0}}}
INFO [06-01|04:58:07.587] Imported new potential chain segment     number=98 hash=64d99f..ea3f0b blocks=1 txs=4 mgas=0.267  elapsed=30.556ms    mgasps=8.749   triediffs=188.27MiB triedirty=0.00B
INFO [06-01|04:58:07.588] Chain head was updated                   number=98 hash=64d99f..ea3f0b root=847030..008d21 elapsed="86.621µs"
INFO [06-01|04:58:07.626] Submitted transaction                    hash=0x3ebc640980fa954fd2a88671ec1d8019bfa866e1bafd23d3a1793c70d555b5ce from=0x513978fc4d7fF9951AA177D59C7A1b9AA777119a nonce=37 recipient=0x7dc4d193051240848c7F4F19679e8514B148080f value=0
INFO [06-01|04:58:07.866] Submitted transaction                    hash=0x69de44cccd9f9b9bd3a1a7cccaaf498b0d49747c4ae495d8d8cd3cc2b47377a2 from=0x225bD09Ef41092086C35444d335Df887A0691eD0 nonce=37 recipient=0x7dc4d193051240848c7F4F19679e8514B148080f value=0
INFO [06-01|04:58:08.106] Submitted transaction                    hash=0x76b85c8568cd63d605ab206e34647a64adfbc83b597beb070790b6de38f14a71 from=0x0A114598D397AB388E751b917300055F2904166F nonce=37 recipient=0x7dc4d193051240848c7F4F19679e8514B148080f value=0
INFO [06-01|04:58:08.346] Submitted transaction                    hash=0x34f561f451eee38dd68f3f712558d96236eb4d0cd21a39530a9fc2ce9eeb583a from=0xbc7A668f0B1595d535B4a2de710461E1C6eba785 nonce=39 recipient=0x7dc4d193051240848c7F4F19679e8514B148080f value=0
INFO [06-01|04:58:08.585] Submitted transaction                    hash=0x1b12fdc345361352e43af9e4aaca8526ebccf98ae1b5fa1049642d6e55c26546 from=0x97D85277E62c57d15268b3E644cdbbDA3706fBEa nonce=39 recipient=0x7dc4d193051240848c7F4F19679e8514B148080f value=0
INFO [06-01|04:58:08.592] Starting work on payload                 id=0x03f81f0ac541007f
INFO [06-01|04:58:08.611] Updated payload                          id=0x03f81f0ac541007f number=99 hash=698f4f..e0c010 txs=5 withdrawals=0 gas=334,175    fees=0.00066835     root=3c95bd..20c717 elapsed=19.717ms
INFO [06-01|04:58:08.615] Stopping work on payload                 id=0x03f81f0ac541007f reason=delivery
WARN [06-01|04:58:08.628] {"level":"warn","msg":"Slow block","block":{"number":99,"hash":"0x698f4f43c7f7cb2cc6bde27f625591abc8bb77bf665b90b825fc2dd63be0c010","gas_used":334175,"tx_count":5},"timing":{"execution_ms":0.939643,"state_read_ms":6.879558,"state_hash_ms":3.561075,"commit_ms":0.925262,"total_ms":15.720852},"throughput":{"mgas_per_sec":21.256799567860572},"state_reads":{"accounts":26,"storage_slots":0,"code":1,"code_bytes":869},"state_writes":{"accounts":12,"accounts_deleted":0,"storage_slots":0,"storage_slots_deleted":0,"code":5,"code_bytes":5},"cache":{"account":{"hits":12,"misses":14,"hit_rate":46.15384615384615},"storage":{"hits":0,"misses":0,"hit_rate":0},"code":{"hits":1,"misses":0,"hit_rate":100,"hit_bytes":869,"miss_bytes":0}}}
INFO [06-01|04:58:08.628] Imported new potential chain segment     number=99 hash=698f4f..e0c010 blocks=1 txs=5 mgas=0.334  elapsed=16.051ms    mgasps=20.819  triediffs=188.32MiB triedirty=0.00B
INFO [06-01|04:58:08.628] Chain head was updated                   number=99 hash=698f4f..e0c010 root=3c95bd..20c717 elapsed="99.458µs"
INFO [06-01|04:58:08.826] Submitted transaction                    hash=0x3906c68bb55b3bcf6bea46080ae3da8b0f140dd0bf6b1a3e177b9625eb9ed608 from=0x151775b94274FeE3696377A0B616a1221AC71326 nonce=39 recipient=0x7dc4d193051240848c7F4F19679e8514B148080f value=0
INFO [06-01|04:58:09.065] Submitted transaction                    hash=0x7789be9680620ee3c1dbce0fa955bf735abbf239898e65614a90d57e39c70b8e from=0xcA56D5B749835d8Ab9cA8c1c4123e9B5002Fc0Ff nonce=39 recipient=0x7dc4d193051240848c7F4F19679e8514B148080f value=0
INFO [06-01|04:58:09.306] Submitted transaction                    hash=0x92bb68e257ac60b4d8d2417ab61b8d2ead571600a699c20636d64748b42da7e3 from=0xfB403fD865ddcc1C79F9987EDD0ADabC47C24bB9 nonce=39 recipient=0x7dc4d193051240848c7F4F19679e8514B148080f value=0
INFO [06-01|04:58:09.546] Submitted transaction                    hash=0x1c60c9998711e69330f507c70a827cdb66600b14edd6214bae85670faa6d1f1a from=0x9e8E8A4256457eF170586329D9a01487aA0bA29e nonce=39 recipient=0x7dc4d193051240848c7F4F19679e8514B148080f value=0
INFO [06-01|04:58:09.632] Starting work on payload                 id=0x03d03ef5c880e00e
INFO [06-01|04:58:09.665] Updated payload                          id=0x03d03ef5c880e00e number=100 hash=f7fd51..75bb63 txs=4 withdrawals=0 gas=267,340    fees=0.00053468     root=85078d..648a60 elapsed=32.897ms
INFO [06-01|04:58:09.665] Stopping work on payload                 id=0x03d03ef5c880e00e reason=delivery
WARN [06-01|04:58:09.695] {"level":"warn","msg":"Slow block","block":{"number":100,"hash":"0xf7fd51859bd0cf8165bb03c1e2391f1526abdc338fa2799080357f9d4e75bb63","gas_used":267340,"tx_count":4},"timing":{"execution_ms":0.330473,"state_read_ms":6.147349,"state_hash_ms":22.4575,"commit_ms":0.831588,"total_ms":29.934903},"throughput":{"mgas_per_sec":8.930712085487633},"state_reads":{"accounts":22,"storage_slots":0,"code":1,"code_bytes":869},"state_writes":{"accounts":10,"accounts_deleted":0,"storage_slots":0,"storage_slots_deleted":0,"code":4,"code_bytes":4},"cache":{"account":{"hits":15,"misses":7,"hit_rate":68.18181818181817},"storage":{"hits":0,"misses":0,"hit_rate":0},"code":{"hits":1,"misses":0,"hit_rate":100,"hit_bytes":869,"miss_bytes":0}}}
INFO [06-01|04:58:09.695] Imported new potential chain segment     number=100 hash=f7fd51..75bb63 blocks=1 txs=4 mgas=0.267  elapsed=30.171ms    mgasps=8.861   triediffs=188.36MiB triedirty=0.00B
INFO [06-01|04:58:09.696] Chain head was updated                   number=100 hash=f7fd51..75bb63 root=85078d..648a60 elapsed="94.479µs"
INFO [06-01|04:58:09.786] Submitted transaction                    hash=0x38f9543e7dd186875d52529f14be03823257e1f1013de48de639fcc8e68c6ba7 from=0x5AFc7eaFAA1e34De8e6fB9b014CFD08b18377F26 nonce=38 recipient=0x7dc4d193051240848c7F4F19679e8514B148080f value=0
INFO [06-01|04:58:10.025] Submitted transaction                    hash=0x331d928f273ce3320514e8d9b215f14fec4ba62b58fb75804d9416a7878d1668 from=0x513978fc4d7fF9951AA177D59C7A1b9AA777119a nonce=38 recipient=0x7dc4d193051240848c7F4F19679e8514B148080f value=0
INFO [06-01|04:58:10.265] Submitted transaction                    hash=0x98de87d473e6025af75e9fe4622252175245326a7c8288c2c6b99321af0d5b87 from=0x225bD09Ef41092086C35444d335Df887A0691eD0 nonce=38 recipient=0x7dc4d193051240848c7F4F19679e8514B148080f value=0
INFO [06-01|04:58:10.506] Submitted transaction                    hash=0xe9976826579397bb8315ababdef5e809ff06de92cd886f4bd8cc40c5937dafb8 from=0x0A114598D397AB388E751b917300055F2904166F nonce=38 recipient=0x7dc4d193051240848c7F4F19679e8514B148080f value=0
INFO [06-01|04:58:10.700] Starting work on payload                 id=0x03de23451bb72125
INFO [06-01|04:58:10.728] Updated payload                          id=0x03de23451bb72125 number=101 hash=6f8437..37977e txs=4 withdrawals=0 gas=267,340    fees=0.00053468     root=d20962..270760 elapsed=27.811ms
INFO [06-01|04:58:10.728] Stopping work on payload                 id=0x03de23451bb72125 reason=delivery
WARN [06-01|04:58:10.738] {"level":"warn","msg":"Slow block","block":{"number":101,"hash":"0x6f8437d09cff2652f2409ced676b13f4dcc45cb95e45f5a30569bc604e37977e","gas_used":267340,"tx_count":4},"timing":{"execution_ms":0.320557,"state_read_ms":2.929838,"state_hash_ms":6.18891,"commit_ms":0.620662,"total_ms":10.242633},"throughput":{"mgas_per_sec":26.10071062782392},"state_reads":{"accounts":22,"storage_slots":0,"code":1,"code_bytes":869},"state_writes":{"accounts":10,"accounts_deleted":0,"storage_slots":0,"storage_slots_deleted":0,"code":4,"code_bytes":4},"cache":{"account":{"hits":17,"misses":5,"hit_rate":77.27272727272727},"storage":{"hits":0,"misses":0,"hit_rate":0},"code":{"hits":1,"misses":0,"hit_rate":100,"hit_bytes":869,"miss_bytes":0}}}
INFO [06-01|04:58:10.738] Imported new potential chain segment     number=101 hash=6f8437..37977e blocks=1 txs=4 mgas=0.267  elapsed=10.385ms    mgasps=25.742  triediffs=188.41MiB triedirty=0.00B
INFO [06-01|04:58:10.739] Chain head was updated                   number=101 hash=6f8437..37977e root=d20962..270760 elapsed="103.105µs"
INFO [06-01|04:58:10.749] Submitted transaction                    hash=0x724f7a4936adb48ab48b4cd2d06639f73bce900496545b36f91bcf0cbb06b52c from=0xbc7A668f0B1595d535B4a2de710461E1C6eba785 nonce=40 recipient=0x7dc4d193051240848c7F4F19679e8514B148080f value=0
INFO [06-01|04:58:10.985] Submitted transaction                    hash=0xa4c42453850ccc26ffcab5aca521ecba3dcd2bac1ca5148ce1552a49cbc256e2 from=0x97D85277E62c57d15268b3E644cdbbDA3706fBEa nonce=40 recipient=0x7dc4d193051240848c7F4F19679e8514B148080f value=0
INFO [06-01|04:58:11.226] Submitted transaction                    hash=0xa089d3bb08034f4f1abc280280e751af6ac3f6bc99a5cf9f85a42959a746e8d4 from=0x151775b94274FeE3696377A0B616a1221AC71326 nonce=40 recipient=0x7dc4d193051240848c7F4F19679e8514B148080f value=0
INFO [06-01|04:58:11.466] Submitted transaction                    hash=0xb698154811cebacfb902162ffb8519a54f078040eeb758802e8a7640175b419b from=0xcA56D5B749835d8Ab9cA8c1c4123e9B5002Fc0Ff nonce=40 recipient=0x7dc4d193051240848c7F4F19679e8514B148080f value=0
INFO [06-01|04:58:11.705] Submitted transaction                    hash=0xb6d5b323351a07d48cccdb4d2fc336b3525e2c566c4224537f6383b84f6d41aa from=0xfB403fD865ddcc1C79F9987EDD0ADabC47C24bB9 nonce=40 recipient=0x7dc4d193051240848c7F4F19679e8514B148080f value=0
INFO [06-01|04:58:11.743] Starting work on payload                 id=0x03aa778649f5e29f
INFO [06-01|04:58:11.789] Updated payload                          id=0x03aa778649f5e29f number=102 hash=c3ee34..72f134 txs=5 withdrawals=0 gas=334,175    fees=0.00066835     root=d52e2c..a16b6f elapsed=45.757ms
INFO [06-01|04:58:11.790] Stopping work on payload                 id=0x03aa778649f5e29f reason=delivery
WARN [06-01|04:58:11.798] {"level":"warn","msg":"Slow block","block":{"number":102,"hash":"0xc3ee348dcc2c2dda19a1a588069cce4996b811d9f14495a6770ba9d65f72f134","gas_used":334175,"tx_count":5},"timing":{"execution_ms":0.390527,"state_read_ms":3.356325,"state_hash_ms":3.526184,"commit_ms":0.812514,"total_ms":8.370637},"throughput":{"mgas_per_sec":39.92229026297521},"state_reads":{"accounts":26,"storage_slots":0,"code":1,"code_bytes":869},"state_writes":{"accounts":12,"accounts_deleted":0,"storage_slots":0,"storage_slots_deleted":0,"code":5,"code_bytes":5},"cache":{"account":{"hits":20,"misses":6,"hit_rate":76.92307692307693},"storage":{"hits":0,"misses":0,"hit_rate":0},"code":{"hits":1,"misses":0,"hit_rate":100,"hit_bytes":869,"miss_bytes":0}}}
INFO [06-01|04:58:11.798] Imported new potential chain segment     number=102 hash=c3ee34..72f134 blocks=1 txs=5 mgas=0.334  elapsed=8.560ms     mgasps=39.037  triediffs=188.46MiB triedirty=0.00B
INFO [06-01|04:58:11.798] Chain head was updated                   number=102 hash=c3ee34..72f134 root=d52e2c..a16b6f elapsed="84.82µs"
INFO [06-01|04:58:11.946] Submitted transaction                    hash=0x5b4282a65f33ba145f7da909753e03b04ecf44633ee325f340f031fe5d438449 from=0x9e8E8A4256457eF170586329D9a01487aA0bA29e nonce=40 recipient=0x7dc4d193051240848c7F4F19679e8514B148080f value=0
INFO [06-01|04:58:12.186] Submitted transaction                    hash=0x5d9cdadc9bb56663c25b3656df8d2c814f04e67f149255589a359e46d7af1322 from=0x5AFc7eaFAA1e34De8e6fB9b014CFD08b18377F26 nonce=39 recipient=0x7dc4d193051240848c7F4F19679e8514B148080f value=0
INFO [06-01|04:58:12.425] Submitted transaction                    hash=0x91a33833dc464552415cdd05ea9f8c740aefe8d2fde779ece3dfbb72cb0a6a18 from=0x513978fc4d7fF9951AA177D59C7A1b9AA777119a nonce=39 recipient=0x7dc4d193051240848c7F4F19679e8514B148080f value=0
INFO [06-01|04:58:12.666] Submitted transaction                    hash=0x6fafacd32b0d1671ea12bd8d46a4f025ee65dc209c7aaa6e3c986ddf7fd4cc1d from=0x225bD09Ef41092086C35444d335Df887A0691eD0 nonce=39 recipient=0x7dc4d193051240848c7F4F19679e8514B148080f value=0
INFO [06-01|04:58:12.803] Starting work on payload                 id=0x038ddf7a55b652e5
INFO [06-01|04:58:12.827] Updated payload                          id=0x038ddf7a55b652e5 number=103 hash=532fa5..663c25 txs=4 withdrawals=0 gas=267,340    fees=0.00053468     root=56072f..a46a41 elapsed=24.475ms
INFO [06-01|04:58:12.830] Stopping work on payload                 id=0x038ddf7a55b652e5 reason=delivery
WARN [06-01|04:58:12.840] {"level":"warn","msg":"Slow block","block":{"number":103,"hash":"0x532fa5956128bbe9460788753cd202fe10979bbf75bc128c0e06625624663c25","gas_used":267340,"tx_count":4},"timing":{"execution_ms":0.713062,"state_read_ms":3.689646,"state_hash_ms":3.308588,"commit_ms":0.774033,"total_ms":11.5564},"throughput":{"mgas_per_sec":23.133501782562043},"state_reads":{"accounts":22,"storage_slots":0,"code":1,"code_bytes":869},"state_writes":{"accounts":10,"accounts_deleted":0,"storage_slots":0,"storage_slots_deleted":0,"code":4,"code_bytes":4},"cache":{"account":{"hits":12,"misses":10,"hit_rate":54.54545454545454},"storage":{"hits":0,"misses":0,"hit_rate":0},"code":{"hits":1,"misses":0,"hit_rate":100,"hit_bytes":869,"miss_bytes":0}}}
INFO [06-01|04:58:12.840] Imported new potential chain segment     number=103 hash=532fa5..663c25 blocks=1 txs=4 mgas=0.267  elapsed=11.856ms    mgasps=22.548  triediffs=188.50MiB triedirty=0.00B
INFO [06-01|04:58:12.840] Chain head was updated                   number=103 hash=532fa5..663c25 root=56072f..a46a41 elapsed="96.746µs"
INFO [06-01|04:58:12.906] Submitted transaction                    hash=0xa55a33b47e12ca2c7512a9acfa2a7ec5a08297e18658ada34ce836e229f57497 from=0x0A114598D397AB388E751b917300055F2904166F nonce=39 recipient=0x7dc4d193051240848c7F4F19679e8514B148080f value=0
INFO [06-01|04:58:13.145] Submitted transaction                    hash=0x2ab3abc532f67ec05d09b1663376bcbd7c6f141ed5771b804ac4da3afaab34b1 from=0xbc7A668f0B1595d535B4a2de710461E1C6eba785 nonce=41 recipient=0x7dc4d193051240848c7F4F19679e8514B148080f value=0
INFO [06-01|04:58:13.385] Submitted transaction                    hash=0x4d2f046cdaba8c35eeb96ee46052bd668567847496028735972a7acfec082fc1 from=0x97D85277E62c57d15268b3E644cdbbDA3706fBEa nonce=41 recipient=0x7dc4d193051240848c7F4F19679e8514B148080f value=0
INFO [06-01|04:58:13.626] Submitted transaction                    hash=0xe521319b75436c5496e97f9b69c27be3926811b695d239926d853a16358d6a5f from=0x151775b94274FeE3696377A0B616a1221AC71326 nonce=41 recipient=0x7dc4d193051240848c7F4F19679e8514B148080f value=0
INFO [06-01|04:58:13.855] Starting work on payload                 id=0x03d4b071051ff03c
INFO [06-01|04:58:13.865] Submitted transaction                    hash=0xc3fba4f4f66111735889ca45c4bd9ae365385291b43ff69e2db813d37e88c6f3 from=0xcA56D5B749835d8Ab9cA8c1c4123e9B5002Fc0Ff nonce=41 recipient=0x7dc4d193051240848c7F4F19679e8514B148080f value=0
INFO [06-01|04:58:13.896] Updated payload                          id=0x03d4b071051ff03c number=104 hash=9914b6..c4dc85 txs=4 withdrawals=0 gas=267,340    fees=0.00053468     root=2634ea..ea6332 elapsed=40.444ms
INFO [06-01|04:58:13.896] Stopping work on payload                 id=0x03d4b071051ff03c reason=delivery
WARN [06-01|04:58:13.910] {"level":"warn","msg":"Slow block","block":{"number":104,"hash":"0x9914b655c309f0b24f862da749da8683dc4dca41644ed39b388239d42fc4dc85","gas_used":267340,"tx_count":4},"timing":{"execution_ms":0.466306,"state_read_ms":3.510253,"state_hash_ms":8.543322,"commit_ms":0.794216,"total_ms":13.524418},"throughput":{"mgas_per_sec":19.76720920634071},"state_reads":{"accounts":22,"storage_slots":0,"code":1,"code_bytes":869},"state_writes":{"accounts":10,"accounts_deleted":0,"storage_slots":0,"storage_slots_deleted":0,"code":4,"code_bytes":4},"cache":{"account":{"hits":15,"misses":7,"hit_rate":68.18181818181817},"storage":{"hits":0,"misses":0,"hit_rate":0},"code":{"hits":1,"misses":0,"hit_rate":100,"hit_bytes":869,"miss_bytes":0}}}
INFO [06-01|04:58:13.910] Imported new potential chain segment     number=104 hash=9914b6..c4dc85 blocks=1 txs=4 mgas=0.267  elapsed=13.726ms    mgasps=19.476  triediffs=188.55MiB triedirty=0.00B
INFO [06-01|04:58:13.910] Chain head was updated                   number=104 hash=9914b6..c4dc85 root=2634ea..ea6332 elapsed="94.966µs"
INFO [06-01|04:58:14.106] Submitted transaction                    hash=0x8a217a4efebe24cb0895fecd1d2324154e52ee9c91cf0c92de4c5aa75b702124 from=0xfB403fD865ddcc1C79F9987EDD0ADabC47C24bB9 nonce=41 recipient=0x7dc4d193051240848c7F4F19679e8514B148080f value=0
INFO [06-01|04:58:14.346] Submitted transaction                    hash=0xbdfddc0b381f17b97df3053e4a0dca97a87fc38d2ee291d96f97cce7cd213c35 from=0x9e8E8A4256457eF170586329D9a01487aA0bA29e nonce=41 recipient=0x7dc4d193051240848c7F4F19679e8514B148080f value=0
INFO [06-01|04:58:14.586] Submitted transaction                    hash=0xf508fdfc3ec158178e0664f4b5aebf208687c104587bb0675e1e6e88b6141a43 from=0x5AFc7eaFAA1e34De8e6fB9b014CFD08b18377F26 nonce=40 recipient=0x7dc4d193051240848c7F4F19679e8514B148080f value=0
INFO [06-01|04:58:14.826] Submitted transaction                    hash=0x95bd16b0db1633463a1090ce113aac30f99aa3126ab5daca83ada2183912b92e from=0x513978fc4d7fF9951AA177D59C7A1b9AA777119a nonce=40 recipient=0x7dc4d193051240848c7F4F19679e8514B148080f value=0
INFO [06-01|04:58:14.915] Starting work on payload                 id=0x03c6a1724e221a7e
INFO [06-01|04:58:14.951] Updated payload                          id=0x03c6a1724e221a7e number=105 hash=be06f7..fb94c3 txs=5 withdrawals=0 gas=334,175    fees=0.00066835     root=172829..b41d78 elapsed=36.397ms
INFO [06-01|04:58:14.951] Stopping work on payload                 id=0x03c6a1724e221a7e reason=delivery
WARN [06-01|04:58:14.971] {"level":"warn","msg":"Slow block","block":{"number":105,"hash":"0xbe06f79eb0fcc055389675c2fb4d65f66051976d14a0195d71c1828401fb94c3","gas_used":334175,"tx_count":5},"timing":{"execution_ms":0.431083,"state_read_ms":3.653884,"state_hash_ms":14.503753,"commit_ms":0.816465,"total_ms":19.630663},"throughput":{"mgas_per_sec":17.023113279464887},"state_reads":{"accounts":26,"storage_slots":0,"code":1,"code_bytes":869},"state_writes":{"accounts":12,"accounts_deleted":0,"storage_slots":0,"storage_slots_deleted":0,"code":5,"code_bytes":5},"cache":{"account":{"hits":20,"misses":6,"hit_rate":76.92307692307693},"storage":{"hits":0,"misses":0,"hit_rate":0},"code":{"hits":1,"misses":0,"hit_rate":100,"hit_bytes":869,"miss_bytes":0}}}
INFO [06-01|04:58:14.972] Imported new potential chain segment     number=105 hash=be06f7..fb94c3 blocks=1 txs=5 mgas=0.334  elapsed=19.872ms    mgasps=16.816  triediffs=188.60MiB triedirty=0.00B
INFO [06-01|04:58:14.972] Chain head was updated                   number=105 hash=be06f7..fb94c3 root=172829..b41d78 elapsed="93.941µs"
INFO [06-01|04:58:15.066] Submitted transaction                    hash=0xa1bf6a5c26e1037755985db0912a6a3c46af929407107adbb6bca4fd8284db9c from=0x225bD09Ef41092086C35444d335Df887A0691eD0 nonce=40 recipient=0x7dc4d193051240848c7F4F19679e8514B148080f value=0
INFO [06-01|04:58:15.305] Submitted transaction                    hash=0xe4cde2d6c51259713d5403e04bda30f58a520ac60d21e1826d5957658012435f from=0x0A114598D397AB388E751b917300055F2904166F nonce=40 recipient=0x7dc4d193051240848c7F4F19679e8514B148080f value=0
INFO [06-01|04:58:15.546] Submitted transaction                    hash=0xd85c36049808571647e4784b5eaca6881a398cf3a1f40258daac704943aec5bf from=0xbc7A668f0B1595d535B4a2de710461E1C6eba785 nonce=42 recipient=0x7dc4d193051240848c7F4F19679e8514B148080f value=0
INFO [06-01|04:58:15.786] Submitted transaction                    hash=0x695c9df5836b8979f191a12ffa82423c76814369553ed3ff2221e2b6f0996efb from=0x97D85277E62c57d15268b3E644cdbbDA3706fBEa nonce=42 recipient=0x7dc4d193051240848c7F4F19679e8514B148080f value=0
INFO [06-01|04:58:15.977] Starting work on payload                 id=0x03ea003c868331e5
INFO [06-01|04:58:15.999] Updated payload                          id=0x03ea003c868331e5 number=106 hash=4baf98..a84dd1 txs=4 withdrawals=0 gas=267,340    fees=0.00053468     root=7f7037..084948 elapsed=22.151ms
INFO [06-01|04:58:16.006] Stopping work on payload                 id=0x03ea003c868331e5 reason=delivery
WARN [06-01|04:58:16.021] {"level":"warn","msg":"Slow block","block":{"number":106,"hash":"0x4baf98caceac1b6cf516f77f2abd3911444ed91857bc24081cafd38020a84dd1","gas_used":267340,"tx_count":4},"timing":{"execution_ms":3.170301,"state_read_ms":3.131775,"state_hash_ms":13.981031,"commit_ms":0.780943,"total_ms":21.522806},"throughput":{"mgas_per_sec":12.421242843521426},"state_reads":{"accounts":22,"storage_slots":0,"code":1,"code_bytes":869},"state_writes":{"accounts":10,"accounts_deleted":0,"storage_slots":0,"storage_slots_deleted":0,"code":4,"code_bytes":4},"cache":{"account":{"hits":8,"misses":14,"hit_rate":36.36363636363637},"storage":{"hits":0,"misses":0,"hit_rate":0},"code":{"hits":1,"misses":0,"hit_rate":100,"hit_bytes":869,"miss_bytes":0}}}
INFO [06-01|04:58:16.022] Imported new potential chain segment     number=106 hash=4baf98..a84dd1 blocks=1 txs=4 mgas=0.267  elapsed=21.726ms    mgasps=12.305  triediffs=188.64MiB triedirty=0.00B
INFO [06-01|04:58:16.022] Chain head was updated                   number=106 hash=4baf98..a84dd1 root=7f7037..084948 elapsed="90.465µs"
INFO [06-01|04:58:16.026] Submitted transaction                    hash=0xb8a280785faef64cae1257264a1a2db3759863e39928506be7d9d9b969e347b0 from=0x151775b94274FeE3696377A0B616a1221AC71326 nonce=42 recipient=0x7dc4d193051240848c7F4F19679e8514B148080f value=0
INFO [06-01|04:58:16.265] Submitted transaction                    hash=0x485f583068c5805d945cbd5fe533ec10ef436a43243427b3786be59e165221a4 from=0xcA56D5B749835d8Ab9cA8c1c4123e9B5002Fc0Ff nonce=42 recipient=0x7dc4d193051240848c7F4F19679e8514B148080f value=0
INFO [06-01|04:58:16.506] Submitted transaction                    hash=0xe7f487e8aa3c738d0b8cfe3502fc73a056777a83cfabd595e7a430046f9acb3e from=0xfB403fD865ddcc1C79F9987EDD0ADabC47C24bB9 nonce=42 recipient=0x7dc4d193051240848c7F4F19679e8514B148080f value=0
INFO [06-01|04:58:16.745] Submitted transaction                    hash=0x59304f13076deb22e8eb5b9c0b042c94a8a249d1b3d268bcc035360ee517192d from=0x9e8E8A4256457eF170586329D9a01487aA0bA29e nonce=42 recipient=0x7dc4d193051240848c7F4F19679e8514B148080f value=0
INFO [06-01|04:58:16.986] Submitted transaction                    hash=0xb4ae4be29d533fb8907e445a516f5fb5123ef72d89c6e0dab71c956a2f69786e from=0x5AFc7eaFAA1e34De8e6fB9b014CFD08b18377F26 nonce=41 recipient=0x7dc4d193051240848c7F4F19679e8514B148080f value=0
INFO [06-01|04:58:17.026] Starting work on payload                 id=0x03ab5aa83f5e1d63
INFO [06-01|04:58:17.076] Updated payload                          id=0x03ab5aa83f5e1d63 number=107 hash=44d231..41cd03 txs=5 withdrawals=0 gas=334,175    fees=0.00066835     root=059a43..31c61b elapsed=49.550ms
INFO [06-01|04:58:17.076] Stopping work on payload                 id=0x03ab5aa83f5e1d63 reason=delivery
WARN [06-01|04:58:17.087] {"level":"warn","msg":"Slow block","block":{"number":107,"hash":"0x44d23140cfc8a3cf9622ca9af784f28a7023615c50b2a10ae559dd37b441cd03","gas_used":334175,"tx_count":5},"timing":{"execution_ms":0.344772,"state_read_ms":3.125336,"state_hash_ms":6.166423,"commit_ms":0.74863,"total_ms":10.553563},"throughput":{"mgas_per_sec":31.664661498680587},"state_reads":{"accounts":26,"storage_slots":0,"code":1,"code_bytes":869},"state_writes":{"accounts":12,"accounts_deleted":0,"storage_slots":0,"storage_slots_deleted":0,"code":5,"code_bytes":5},"cache":{"account":{"hits":21,"misses":5,"hit_rate":80.76923076923077},"storage":{"hits":0,"misses":0,"hit_rate":0},"code":{"hits":1,"misses":0,"hit_rate":100,"hit_bytes":869,"miss_bytes":0}}}
INFO [06-01|04:58:17.087] Imported new potential chain segment     number=107 hash=44d231..41cd03 blocks=1 txs=5 mgas=0.334  elapsed=10.747ms    mgasps=31.093  triediffs=188.69MiB triedirty=0.00B
INFO [06-01|04:58:17.087] Chain head was updated                   number=107 hash=44d231..41cd03 root=059a43..31c61b elapsed="92.561µs"
INFO [06-01|04:58:17.226] Submitted transaction                    hash=0x0331f100995de2491e978fd59a562eceda878fed41ec0add586a6ff89cd18f07 from=0x513978fc4d7fF9951AA177D59C7A1b9AA777119a nonce=41 recipient=0x7dc4d193051240848c7F4F19679e8514B148080f value=0
INFO [06-01|04:58:17.466] Submitted transaction                    hash=0x9b981fc59601cb9b614e8761410c8a1c2c7707304182f1ac14ac942ef0d571c0 from=0x225bD09Ef41092086C35444d335Df887A0691eD0 nonce=41 recipient=0x7dc4d193051240848c7F4F19679e8514B148080f value=0
INFO [06-01|04:58:17.705] Submitted transaction                    hash=0xf1aef9f63c818afe80999bb5066d9c838c04477530713ccf8c78be900345dd95 from=0x0A114598D397AB388E751b917300055F2904166F nonce=41 recipient=0x7dc4d193051240848c7F4F19679e8514B148080f value=0
INFO [06-01|04:58:17.946] Submitted transaction                    hash=0x6f763fd9c9436531dbebff1acdf2929e73187b2ce95372c536e357962160c69d from=0xbc7A668f0B1595d535B4a2de710461E1C6eba785 nonce=43 recipient=0x7dc4d193051240848c7F4F19679e8514B148080f value=0
INFO [06-01|04:58:18.092] Starting work on payload                 id=0x03d5e494db443528
INFO [06-01|04:58:18.133] Updated payload                          id=0x03d5e494db443528 number=108 hash=764177..c7030b txs=4 withdrawals=0 gas=267,340    fees=0.00053468     root=a57c12..eaacf9 elapsed=41.035ms
INFO [06-01|04:58:18.134] Stopping work on payload                 id=0x03d5e494db443528 reason=delivery
WARN [06-01|04:58:18.153] {"level":"warn","msg":"Slow block","block":{"number":108,"hash":"0x764177b1b7bf198c5b8a7712339c1ddff8e602fe2a5593172f257322e4c7030b","gas_used":267340,"tx_count":4},"timing":{"execution_ms":0.368783,"state_read_ms":3.208213,"state_hash_ms":14.195232,"commit_ms":0.837591,"total_ms":18.804319},"throughput":{"mgas_per_sec":14.216946649330932},"state_reads":{"accounts":22,"storage_slots":0,"code":1,"code_bytes":869},"state_writes":{"accounts":10,"accounts_deleted":0,"storage_slots":0,"storage_slots_deleted":0,"code":4,"code_bytes":4},"cache":{"account":{"hits":16,"misses":6,"hit_rate":72.72727272727273},"storage":{"hits":0,"misses":0,"hit_rate":0},"code":{"hits":1,"misses":0,"hit_rate":100,"hit_bytes":869,"miss_bytes":0}}}
INFO [06-01|04:58:18.153] Imported new potential chain segment     number=108 hash=764177..c7030b blocks=1 txs=4 mgas=0.267  elapsed=19.043ms    mgasps=14.039  triediffs=188.73MiB triedirty=0.00B
INFO [06-01|04:58:18.153] Chain head was updated                   number=108 hash=764177..c7030b root=a57c12..eaacf9 elapsed="81.363µs"
INFO [06-01|04:58:18.186] Submitted transaction                    hash=0x6cc8d061333820a36b64ca6f72e3f7c13ebab96323dd5c0b21bcebdef7f100c0 from=0x97D85277E62c57d15268b3E644cdbbDA3706fBEa nonce=43 recipient=0x7dc4d193051240848c7F4F19679e8514B148080f value=0
INFO [06-01|04:58:18.425] Submitted transaction                    hash=0x650fad0697a033f8a818f2a4dccd2aa6fa699e8949665ad5c9a4970040f537e4 from=0x151775b94274FeE3696377A0B616a1221AC71326 nonce=43 recipient=0x7dc4d193051240848c7F4F19679e8514B148080f value=0
INFO [06-01|04:58:18.666] Submitted transaction                    hash=0xc069fdaba141685b2b7249e28c802971727e1dee1caacfb88b515e883c2ec44c from=0xcA56D5B749835d8Ab9cA8c1c4123e9B5002Fc0Ff nonce=43 recipient=0x7dc4d193051240848c7F4F19679e8514B148080f value=0
INFO [06-01|04:58:18.906] Submitted transaction                    hash=0xf06157eb8c97d542ea408c748f9b581140df311840d73adc85f0a8415d56b548 from=0xfB403fD865ddcc1C79F9987EDD0ADabC47C24bB9 nonce=43 recipient=0x7dc4d193051240848c7F4F19679e8514B148080f value=0
INFO [06-01|04:58:19.146] Submitted transaction                    hash=0xb45574cb16e389cb7c9ea723a06ae4f094b7199a461fff0f3e8023b6405383c7 from=0x9e8E8A4256457eF170586329D9a01487aA0bA29e nonce=43 recipient=0x7dc4d193051240848c7F4F19679e8514B148080f value=0
INFO [06-01|04:58:19.158] Starting work on payload                 id=0x03248e48cd0511f1
INFO [06-01|04:58:19.182] Updated payload                          id=0x03248e48cd0511f1 number=109 hash=aa0e32..2047f5 txs=5 withdrawals=0 gas=334,175    fees=0.00066835     root=bb54d9..db1ab0 elapsed=23.406ms
INFO [06-01|04:58:19.182] Stopping work on payload                 id=0x03248e48cd0511f1 reason=delivery
WARN [06-01|04:58:19.193] {"level":"warn","msg":"Slow block","block":{"number":109,"hash":"0xaa0e3212a105cf3475e605dbe0b03fb41854e730d334d09617374601552047f5","gas_used":334175,"tx_count":5},"timing":{"execution_ms":1.641557,"state_read_ms":3.646859,"state_hash_ms":3.568372,"commit_ms":1.188194,"total_ms":10.510714},"throughput":{"mgas_per_sec":31.793748740570813},"state_reads":{"accounts":26,"storage_slots":0,"code":1,"code_bytes":869},"state_writes":{"accounts":12,"accounts_deleted":0,"storage_slots":0,"storage_slots_deleted":0,"code":5,"code_bytes":5},"cache":{"account":{"hits":16,"misses":10,"hit_rate":61.53846153846154},"storage":{"hits":0,"misses":0,"hit_rate":0},"code":{"hits":1,"misses":0,"hit_rate":100,"hit_bytes":869,"miss_bytes":0}}}
INFO [06-01|04:58:19.193] Imported new potential chain segment     number=109 hash=aa0e32..2047f5 blocks=1 txs=5 mgas=0.334  elapsed=10.942ms    mgasps=30.539  triediffs=188.78MiB triedirty=0.00B
INFO [06-01|04:58:19.193] Chain head was updated                   number=109 hash=aa0e32..2047f5 root=bb54d9..db1ab0 elapsed="123.792µs"
INFO [06-01|04:58:19.385] Submitted transaction                    hash=0x7fb86827a775f1705dc8242dcdb7a6c850879e39d06bc02b933f8f881cdd87d6 from=0x5AFc7eaFAA1e34De8e6fB9b014CFD08b18377F26 nonce=42 recipient=0x7dc4d193051240848c7F4F19679e8514B148080f value=0
INFO [06-01|04:58:19.625] Submitted transaction                    hash=0xa867ce93da111c2e866ece79f3c6f19eecf3d05dcfff36cab68ec4a069333c40 from=0x513978fc4d7fF9951AA177D59C7A1b9AA777119a nonce=42 recipient=0x7dc4d193051240848c7F4F19679e8514B148080f value=0
INFO [06-01|04:58:19.866] Submitted transaction                    hash=0x9496900135061e55fadf765eb6cbda8eca3970dbd1bdf4b4f2c837d25ddd479a from=0x225bD09Ef41092086C35444d335Df887A0691eD0 nonce=42 recipient=0x7dc4d193051240848c7F4F19679e8514B148080f value=0
INFO [06-01|04:58:20.106] Submitted transaction                    hash=0xb94f69caa73759ac3ff231f112fdca2ff872a32e5114ecd61e5db7c0d87ac62a from=0x0A114598D397AB388E751b917300055F2904166F nonce=42 recipient=0x7dc4d193051240848c7F4F19679e8514B148080f value=0
INFO [06-01|04:58:20.208] Starting work on payload                 id=0x032222d639d3a02a
INFO [06-01|04:58:20.240] Updated payload                          id=0x032222d639d3a02a number=110 hash=f041d6..2bfa59 txs=4 withdrawals=0 gas=267,340    fees=0.00053468     root=4c9b5a..a98d25 elapsed=31.530ms
INFO [06-01|04:58:20.240] Stopping work on payload                 id=0x032222d639d3a02a reason=delivery
WARN [06-01|04:58:20.253] {"level":"warn","msg":"Slow block","block":{"number":110,"hash":"0xf041d641779d03e65a9b6a42d24c81a8d89fb04e8483a5c3842603f2b42bfa59","gas_used":267340,"tx_count":4},"timing":{"execution_ms":0.376955,"state_read_ms":3.33702,"state_hash_ms":7.482359,"commit_ms":1.38553,"total_ms":12.799296},"throughput":{"mgas_per_sec":20.887086289745938},"state_reads":{"accounts":22,"storage_slots":0,"code":1,"code_bytes":869},"state_writes":{"accounts":10,"accounts_deleted":0,"storage_slots":0,"storage_slots_deleted":0,"code":4,"code_bytes":4},"cache":{"account":{"hits":17,"misses":5,"hit_rate":77.27272727272727},"storage":{"hits":0,"misses":0,"hit_rate":0},"code":{"hits":1,"misses":0,"hit_rate":100,"hit_bytes":869,"miss_bytes":0}}}
INFO [06-01|04:58:20.253] Imported new potential chain segment     number=110 hash=f041d6..2bfa59 blocks=1 txs=4 mgas=0.267  elapsed=12.998ms    mgasps=20.567  triediffs=188.82MiB triedirty=0.00B
INFO [06-01|04:58:20.253] Chain head was updated                   number=110 hash=f041d6..2bfa59 root=4c9b5a..a98d25 elapsed="184.763µs"
INFO [06-01|04:58:20.345] Submitted transaction                    hash=0xf9f26766ccd23408bc6071cfcd590d4ac1f8c2ef5e8ef6ab25ec0270c16e32c3 from=0xbc7A668f0B1595d535B4a2de710461E1C6eba785 nonce=44 recipient=0x7dc4d193051240848c7F4F19679e8514B148080f value=0
INFO [06-01|04:58:20.586] Submitted transaction                    hash=0x4892ce56166f083a80184a5a9d5268b0b2a4584926579c337f5c087e7c7f5e76 from=0x97D85277E62c57d15268b3E644cdbbDA3706fBEa nonce=44 recipient=0x7dc4d193051240848c7F4F19679e8514B148080f value=0
INFO [06-01|04:58:20.826] Submitted transaction                    hash=0xb7439942d8f0deffc1bc06e37b1caeaea02d9078162895936dfd86db322fee11 from=0x151775b94274FeE3696377A0B616a1221AC71326 nonce=44 recipient=0x7dc4d193051240848c7F4F19679e8514B148080f value=0
INFO [06-01|04:58:21.066] Submitted transaction                    hash=0x1318d181625977414ea069e538d05a60b653b6f9dc7ad744af1ffb35d5ee2167 from=0xcA56D5B749835d8Ab9cA8c1c4123e9B5002Fc0Ff nonce=44 recipient=0x7dc4d193051240848c7F4F19679e8514B148080f value=0
INFO [06-01|04:58:21.259] Starting work on payload                 id=0x03d99b84de4d6b2d
INFO [06-01|04:58:21.276] Updated payload                          id=0x03d99b84de4d6b2d number=111 hash=8c4f9f..297496 txs=4 withdrawals=0 gas=267,340    fees=0.00053468     root=e85504..782e4b elapsed=17.302ms
INFO [06-01|04:58:21.278] Stopping work on payload                 id=0x03d99b84de4d6b2d reason=delivery
WARN [06-01|04:58:21.296] {"level":"warn","msg":"Slow block","block":{"number":111,"hash":"0x8c4f9f62ee55903099c8255bb2fe1dffb1c31e14ade945f015e5aede1f297496","gas_used":267340,"tx_count":4},"timing":{"execution_ms":1.054729,"state_read_ms":7.888043,"state_hash_ms":4.000813,"commit_ms":0.805104,"total_ms":14.234849},"throughput":{"mgas_per_sec":18.780669889789486},"state_reads":{"accounts":22,"storage_slots":0,"code":1,"code_bytes":869},"state_writes":{"accounts":10,"accounts_deleted":0,"storage_slots":0,"storage_slots_deleted":0,"code":4,"code_bytes":4},"cache":{"account":{"hits":8,"misses":14,"hit_rate":36.36363636363637},"storage":{"hits":0,"misses":0,"hit_rate":0},"code":{"hits":1,"misses":0,"hit_rate":100,"hit_bytes":869,"miss_bytes":0}}}
INFO [06-01|04:58:21.296] Imported new potential chain segment     number=111 hash=8c4f9f..297496 blocks=1 txs=4 mgas=0.267  elapsed=14.556ms    mgasps=18.366  triediffs=188.86MiB triedirty=0.00B
INFO [06-01|04:58:21.296] Chain head was updated                   number=111 hash=8c4f9f..297496 root=e85504..782e4b elapsed="89.352µs"
INFO [06-01|04:58:21.305] Submitted transaction                    hash=0x161560fb1a9cf67857c3ca17890d35035452e3e6c19cbca022b1897f960bc45b from=0xfB403fD865ddcc1C79F9987EDD0ADabC47C24bB9 nonce=44 recipient=0x7dc4d193051240848c7F4F19679e8514B148080f value=0
INFO [06-01|04:58:21.546] Submitted transaction                    hash=0x8538c8bd9bca9c7ef2459ae51116b8122a8ec241edfb018e06f940fd31ec161d from=0x9e8E8A4256457eF170586329D9a01487aA0bA29e nonce=44 recipient=0x7dc4d193051240848c7F4F19679e8514B148080f value=0
INFO [06-01|04:58:21.785] Submitted transaction                    hash=0xb8eb8a5b970899b1c5fe8a7b68731d955e8d99ecc5e96d0311ffb93116dc2776 from=0x5AFc7eaFAA1e34De8e6fB9b014CFD08b18377F26 nonce=43 recipient=0x7dc4d193051240848c7F4F19679e8514B148080f value=0
INFO [06-01|04:58:22.026] Submitted transaction                    hash=0x0859f5543d7c253ecdc7854704efe4bc2c226c0fd146e470e8c4a51981e418d8 from=0x513978fc4d7fF9951AA177D59C7A1b9AA777119a nonce=43 recipient=0x7dc4d193051240848c7F4F19679e8514B148080f value=0
INFO [06-01|04:58:22.266] Submitted transaction                    hash=0x1bd82556ed3fb95c0bc964021f41fb9a0a2c614a925edb0d8d935f03187cc55c from=0x225bD09Ef41092086C35444d335Df887A0691eD0 nonce=43 recipient=0x7dc4d193051240848c7F4F19679e8514B148080f value=0
INFO [06-01|04:58:22.300] Starting work on payload                 id=0x0382a6b59fc7f332
INFO [06-01|04:58:22.328] Updated payload                          id=0x0382a6b59fc7f332 number=112 hash=a1a8ec..af9633 txs=5 withdrawals=0 gas=334,175    fees=0.00066835     root=b5c1ef..8138e4 elapsed=28.452ms
INFO [06-01|04:58:22.329] Stopping work on payload                 id=0x0382a6b59fc7f332 reason=delivery
WARN [06-01|04:58:22.360] {"level":"warn","msg":"Slow block","block":{"number":112,"hash":"0xa1a8eca22d039f1209704eace2aa1d29b805e1c533e1ecb42a5868896faf9633","gas_used":334175,"tx_count":5},"timing":{"execution_ms":0.605078,"state_read_ms":8.653586,"state_hash_ms":20.347618,"commit_ms":0.946659,"total_ms":30.792828},"throughput":{"mgas_per_sec":10.85236471297797},"state_reads":{"accounts":26,"storage_slots":0,"code":1,"code_bytes":869},"state_writes":{"accounts":12,"accounts_deleted":0,"storage_slots":0,"storage_slots_deleted":0,"code":5,"code_bytes":5},"cache":{"account":{"hits":20,"misses":6,"hit_rate":76.92307692307693},"storage":{"hits":0,"misses":0,"hit_rate":0},"code":{"hits":1,"misses":0,"hit_rate":100,"hit_bytes":869,"miss_bytes":0}}}
INFO [06-01|04:58:22.360] Imported new potential chain segment     number=112 hash=a1a8ec..af9633 blocks=1 txs=5 mgas=0.334  elapsed=30.967ms    mgasps=10.791  triediffs=188.91MiB triedirty=0.00B
INFO [06-01|04:58:22.360] Chain head was updated                   number=112 hash=a1a8ec..af9633 root=b5c1ef..8138e4 elapsed="101.793µs"
INFO [06-01|04:58:22.505] Submitted transaction                    hash=0xce8c7b6fcfd5fac6f131d88d2fa571692990d82eaccc6d208a73109014446a64 from=0x0A114598D397AB388E751b917300055F2904166F nonce=43 recipient=0x7dc4d193051240848c7F4F19679e8514B148080f value=0
INFO [06-01|04:58:22.745] Submitted transaction                    hash=0x2eb866e389e1264a90e8132056e453146020f9dd52c3cac53800800590e8efc9 from=0xbc7A668f0B1595d535B4a2de710461E1C6eba785 nonce=45 recipient=0x7dc4d193051240848c7F4F19679e8514B148080f value=0
INFO [06-01|04:58:22.985] Submitted transaction                    hash=0xf78b04e96bb247898233d199edaee26f623ca5c68d49b03a6b1449c36e615e45 from=0x97D85277E62c57d15268b3E644cdbbDA3706fBEa nonce=45 recipient=0x7dc4d193051240848c7F4F19679e8514B148080f value=0
INFO [06-01|04:58:23.226] Submitted transaction                    hash=0xb7c09805520e9a26b6805ccf254d01857e0c6aa8f17bc7cf9e558eb445a2c9af from=0x151775b94274FeE3696377A0B616a1221AC71326 nonce=45 recipient=0x7dc4d193051240848c7F4F19679e8514B148080f value=0
INFO [06-01|04:58:23.364] Starting work on payload                 id=0x03c1c6406393c895
INFO [06-01|04:58:23.392] Updated payload                          id=0x03c1c6406393c895 number=113 hash=07c0db..85f422 txs=4 withdrawals=0 gas=267,340    fees=0.00053468     root=e3a328..55bd49 elapsed=27.522ms
INFO [06-01|04:58:23.392] Stopping work on payload                 id=0x03c1c6406393c895 reason=delivery
WARN [06-01|04:58:23.407] {"level":"warn","msg":"Slow block","block":{"number":113,"hash":"0x07c0db74cb814c49013d9d3f416888854900f1c9cff12c5e21877b074f85f422","gas_used":267340,"tx_count":4},"timing":{"execution_ms":0.613709,"state_read_ms":6.369791,"state_hash_ms":6.027509,"commit_ms":0.712573,"total_ms":13.956999},"throughput":{"mgas_per_sec":19.154547478293864},"state_reads":{"accounts":22,"storage_slots":0,"code":1,"code_bytes":869},"state_writes":{"accounts":10,"accounts_deleted":0,"storage_slots":0,"storage_slots_deleted":0,"code":4,"code_bytes":4},"cache":{"account":{"hits":16,"misses":6,"hit_rate":72.72727272727273},"storage":{"hits":0,"misses":0,"hit_rate":0},"code":{"hits":1,"misses":0,"hit_rate":100,"hit_bytes":869,"miss_bytes":0}}}
INFO [06-01|04:58:23.407] Imported new potential chain segment     number=113 hash=07c0db..85f422 blocks=1 txs=4 mgas=0.267  elapsed=14.188ms    mgasps=18.842  triediffs=188.95MiB triedirty=0.00B
INFO [06-01|04:58:23.407] Chain head was updated                   number=113 hash=07c0db..85f422 root=e3a328..55bd49 elapsed="91.837µs"
INFO [06-01|04:58:23.466] Submitted transaction                    hash=0x2d3365b0d9c94f391ed3b79935bae9c7381007138d2455f4757e3265cb985ce3 from=0xcA56D5B749835d8Ab9cA8c1c4123e9B5002Fc0Ff nonce=45 recipient=0x7dc4d193051240848c7F4F19679e8514B148080f value=0
INFO [06-01|04:58:23.705] Submitted transaction                    hash=0x358308ed367c0c8b1681ea44e6d936892de3d9fdc500b1d14e5c7c4b3c739332 from=0xfB403fD865ddcc1C79F9987EDD0ADabC47C24bB9 nonce=45 recipient=0x7dc4d193051240848c7F4F19679e8514B148080f value=0
INFO [06-01|04:58:23.945] Submitted transaction                    hash=0x06ba5b1f115dcb6207bf43f18e329397e377a2d7dd6eaaf905a6ac0310a04cf8 from=0x9e8E8A4256457eF170586329D9a01487aA0bA29e nonce=45 recipient=0x7dc4d193051240848c7F4F19679e8514B148080f value=0
INFO [06-01|04:58:24.185] Submitted transaction                    hash=0x0c21516708cf8bc2d124935482f70763774ba7db3d795e926cb217affa48af6e from=0x5AFc7eaFAA1e34De8e6fB9b014CFD08b18377F26 nonce=44 recipient=0x7dc4d193051240848c7F4F19679e8514B148080f value=0
INFO [06-01|04:58:24.411] Starting work on payload                 id=0x0332ea20136067f7
INFO [06-01|04:58:24.426] Submitted transaction                    hash=0xa99a9e124304f790102381447b60e70d46cf67055ce8571c24c17afb876c39a5 from=0x513978fc4d7fF9951AA177D59C7A1b9AA777119a nonce=44 recipient=0x7dc4d193051240848c7F4F19679e8514B148080f value=0
INFO [06-01|04:58:24.437] Updated payload                          id=0x0332ea20136067f7 number=114 hash=fb5673..718acf txs=4 withdrawals=0 gas=267,340    fees=0.00053468     root=514b11..b7e42d elapsed=25.974ms
INFO [06-01|04:58:24.441] Stopping work on payload                 id=0x0332ea20136067f7 reason=delivery
WARN [06-01|04:58:24.457] {"level":"warn","msg":"Slow block","block":{"number":114,"hash":"0xfb56736f61c1d1338a7bbfb7b090429c37725eeeec76b6bd6f67b1bb9b718acf","gas_used":267340,"tx_count":4},"timing":{"execution_ms":0.839677,"state_read_ms":4.567603,"state_hash_ms":6.409468,"commit_ms":0.727407,"total_ms":19.493838},"throughput":{"mgas_per_sec":13.714077238150846},"state_reads":{"accounts":22,"storage_slots":0,"code":1,"code_bytes":869},"state_writes":{"accounts":10,"accounts_deleted":0,"storage_slots":0,"storage_slots_deleted":0,"code":4,"code_bytes":4},"cache":{"account":{"hits":9,"misses":13,"hit_rate":40.909090909090914},"storage":{"hits":0,"misses":0,"hit_rate":0},"code":{"hits":1,"misses":0,"hit_rate":100,"hit_bytes":869,"miss_bytes":0}}}
INFO [06-01|04:58:24.457] Imported new potential chain segment     number=114 hash=fb5673..718acf blocks=1 txs=4 mgas=0.267  elapsed=19.757ms    mgasps=13.531  triediffs=189.00MiB triedirty=0.00B
INFO [06-01|04:58:24.458] Chain head was updated                   number=114 hash=fb5673..718acf root=514b11..b7e42d elapsed="83.868µs"
INFO [06-01|04:58:24.666] Submitted transaction                    hash=0x73c8f473acf5a43f13af027682b8c85a81ab940a26c98a3fcd1485a6be1f77cf from=0x225bD09Ef41092086C35444d335Df887A0691eD0 nonce=44 recipient=0x7dc4d193051240848c7F4F19679e8514B148080f value=0
INFO [06-01|04:58:24.906] Submitted transaction                    hash=0xa09b73b8f7a14b7e2da8d7b29e22c1726dddbc09c3592758dacb8a0a77b2308a from=0x0A114598D397AB388E751b917300055F2904166F nonce=44 recipient=0x7dc4d193051240848c7F4F19679e8514B148080f value=0
INFO [06-01|04:58:25.145] Submitted transaction                    hash=0x1afbc5557755b9266ececced7eda05632b4af9a844970578ec1df23b96d301c9 from=0xbc7A668f0B1595d535B4a2de710461E1C6eba785 nonce=46 recipient=0x7dc4d193051240848c7F4F19679e8514B148080f value=0
INFO [06-01|04:58:25.386] Submitted transaction                    hash=0x312049f212b9eb7c63afefb9eae96889f3ee6dd9b78621a2b59f907fbacf846e from=0x97D85277E62c57d15268b3E644cdbbDA3706fBEa nonce=46 recipient=0x7dc4d193051240848c7F4F19679e8514B148080f value=0
INFO [06-01|04:58:25.463] Starting work on payload                 id=0x0351cedf960602ee
INFO [06-01|04:58:25.505] Updated payload                          id=0x0351cedf960602ee number=115 hash=5d7f89..073215 txs=5 withdrawals=0 gas=334,175    fees=0.00066835     root=351a01..4ce21e elapsed=42.403ms
INFO [06-01|04:58:25.509] Stopping work on payload                 id=0x0351cedf960602ee reason=delivery
WARN [06-01|04:58:25.519] {"level":"warn","msg":"Slow block","block":{"number":115,"hash":"0x5d7f8969f8b824a024e288e97234394cb8fd29689ce632edd2e5e4540b073215","gas_used":334175,"tx_count":5},"timing":{"execution_ms":1.154494,"state_read_ms":1.874128,"state_hash_ms":8.278602,"commit_ms":0.96918,"total_ms":12.919093},"throughput":{"mgas_per_sec":25.866753958656385},"state_reads":{"accounts":26,"storage_slots":0,"code":1,"code_bytes":869},"state_writes":{"accounts":12,"accounts_deleted":0,"storage_slots":0,"storage_slots_deleted":0,"code":5,"code_bytes":5},"cache":{"account":{"hits":10,"misses":16,"hit_rate":38.46153846153847},"storage":{"hits":0,"misses":0,"hit_rate":0},"code":{"hits":1,"misses":0,"hit_rate":100,"hit_bytes":869,"miss_bytes":0}}}
INFO [06-01|04:58:25.519] Imported new potential chain segment     number=115 hash=5d7f89..073215 blocks=1 txs=5 mgas=0.334  elapsed=13.185ms    mgasps=25.345  triediffs=189.05MiB triedirty=0.00B
INFO [06-01|04:58:25.519] Chain head was updated                   number=115 hash=5d7f89..073215 root=351a01..4ce21e elapsed="91.579µs"
INFO [06-01|04:58:25.626] Submitted transaction                    hash=0xedcfd0de012b0d880256fd6b5c1f010faddf319c539bda68a17997affe83ac26 from=0x151775b94274FeE3696377A0B616a1221AC71326 nonce=46 recipient=0x7dc4d193051240848c7F4F19679e8514B148080f value=0
INFO [06-01|04:58:25.865] Submitted transaction                    hash=0xa698c0c20e883f1e9794ad640d38ee09e6888d6fd2814ed19a907ca2f91cf86d from=0xcA56D5B749835d8Ab9cA8c1c4123e9B5002Fc0Ff nonce=46 recipient=0x7dc4d193051240848c7F4F19679e8514B148080f value=0
INFO [06-01|04:58:26.106] Submitted transaction                    hash=0x36b5a3f8b274e7533f69e0001a09834405c39a7b82721422072a8ffd79721cae from=0xfB403fD865ddcc1C79F9987EDD0ADabC47C24bB9 nonce=46 recipient=0x7dc4d193051240848c7F4F19679e8514B148080f value=0
INFO [06-01|04:58:26.346] Submitted transaction                    hash=0x0ca98c4d5b04602a99d0adc414699178e247ea126d2c9bded484575fc4aeef54 from=0x9e8E8A4256457eF170586329D9a01487aA0bA29e nonce=46 recipient=0x7dc4d193051240848c7F4F19679e8514B148080f value=0
INFO [06-01|04:58:26.524] Starting work on payload                 id=0x03e791be9ff8b3ad
INFO [06-01|04:58:26.559] Updated payload                          id=0x03e791be9ff8b3ad number=116 hash=21236f..cd3d52 txs=4 withdrawals=0 gas=267,340    fees=0.00053468     root=b5de0a..7b663f elapsed=34.782ms
INFO [06-01|04:58:26.559] Stopping work on payload                 id=0x03e791be9ff8b3ad reason=delivery
INFO [06-01|04:58:26.590] Submitted transaction                    hash=0xe9a6d5d4b03d0da387797c8d695c5e9f10f9950d2ed38ffd473dc0a8b7131e2d from=0x5AFc7eaFAA1e34De8e6fB9b014CFD08b18377F26 nonce=45 recipient=0x7dc4d193051240848c7F4F19679e8514B148080f value=0
WARN [06-01|04:58:26.592] {"level":"warn","msg":"Slow block","block":{"number":116,"hash":"0x21236f7418d6c8dc5fa1079f0c2739ab0b491ec593ae61dea5d33497d2cd3d52","gas_used":267340,"tx_count":4},"timing":{"execution_ms":0.625354,"state_read_ms":4.537275,"state_hash_ms":26.351335,"commit_ms":0.933751,"total_ms":32.649561},"throughput":{"mgas_per_sec":8.188165225253718},"state_reads":{"accounts":22,"storage_slots":0,"code":1,"code_bytes":869},"state_writes":{"accounts":10,"accounts_deleted":0,"storage_slots":0,"storage_slots_deleted":0,"code":4,"code_bytes":4},"cache":{"account":{"hits":17,"misses":5,"hit_rate":77.27272727272727},"storage":{"hits":0,"misses":0,"hit_rate":0},"code":{"hits":1,"misses":0,"hit_rate":100,"hit_bytes":869,"miss_bytes":0}}}
INFO [06-01|04:58:26.592] Imported new potential chain segment     number=116 hash=21236f..cd3d52 blocks=1 txs=4 mgas=0.267  elapsed=32.870ms    mgasps=8.133   triediffs=189.09MiB triedirty=0.00B
INFO [06-01|04:58:26.592] Chain head was updated                   number=116 hash=21236f..cd3d52 root=b5de0a..7b663f elapsed="94.302µs"
INFO [06-01|04:58:26.826] Submitted transaction                    hash=0x95e2ff0b05a9a43c9bf0473231f96d4706b60e4a67ec150781447cf55a9d27e0 from=0x513978fc4d7fF9951AA177D59C7A1b9AA777119a nonce=45 recipient=0x7dc4d193051240848c7F4F19679e8514B148080f value=0
INFO [06-01|04:58:27.066] Submitted transaction                    hash=0x08f9271279c098363b68b31c3d841cf2143c49b2f0caa332be0ac7f747a33b96 from=0x225bD09Ef41092086C35444d335Df887A0691eD0 nonce=45 recipient=0x7dc4d193051240848c7F4F19679e8514B148080f value=0
INFO [06-01|04:58:27.305] Submitted transaction                    hash=0x21f70262de4d87d662bed0cd27882725b3d391cb35cd836485e29c57045a735b from=0x0A114598D397AB388E751b917300055F2904166F nonce=45 recipient=0x7dc4d193051240848c7F4F19679e8514B148080f value=0
INFO [06-01|04:58:27.545] Submitted transaction                    hash=0x1dd26e40e212d5a3e37a4893d3a5887aa7d7017bdd06ef0c4d7693c2d74db344 from=0xbc7A668f0B1595d535B4a2de710461E1C6eba785 nonce=47 recipient=0x7dc4d193051240848c7F4F19679e8514B148080f value=0
INFO [06-01|04:58:27.598] Starting work on payload                 id=0x036a7b0322d8f065
INFO [06-01|04:58:27.631] Updated payload                          id=0x036a7b0322d8f065 number=117 hash=6ba50f..f50d27 txs=5 withdrawals=0 gas=334,175    fees=0.00066835     root=a27439..0ffd6e elapsed=33.038ms
INFO [06-01|04:58:27.645] Stopping work on payload                 id=0x036a7b0322d8f065 reason=delivery
WARN [06-01|04:58:27.660] {"level":"warn","msg":"Slow block","block":{"number":117,"hash":"0x6ba50feac3f859830dfe08ded5ebdc0e3783b46dcdef935ef432b75625f50d27","gas_used":334175,"tx_count":5},"timing":{"execution_ms":0.715022,"state_read_ms":17.702588,"state_hash_ms":3.547356,"commit_ms":0.816301,"total_ms":28.35846},"throughput":{"mgas_per_sec":11.783961470404247},"state_reads":{"accounts":26,"storage_slots":0,"code":1,"code_bytes":869},"state_writes":{"accounts":12,"accounts_deleted":0,"storage_slots":0,"storage_slots_deleted":0,"code":5,"code_bytes":5},"cache":{"account":{"hits":17,"misses":9,"hit_rate":65.38461538461539},"storage":{"hits":0,"misses":0,"hit_rate":0},"code":{"hits":1,"misses":0,"hit_rate":100,"hit_bytes":869,"miss_bytes":0}}}
INFO [06-01|04:58:27.660] Imported new potential chain segment     number=117 hash=6ba50f..f50d27 blocks=1 txs=5 mgas=0.334  elapsed=28.622ms    mgasps=11.675  triediffs=189.14MiB triedirty=0.00B
INFO [06-01|04:58:27.660] Chain head was updated                   number=117 hash=6ba50f..f50d27 root=a27439..0ffd6e elapsed="104.014µs"
INFO [06-01|04:58:27.786] Submitted transaction                    hash=0xd66da83878e039198fde2e1191ff7d4958dc3974c269560091b6ed2d103bfb45 from=0x97D85277E62c57d15268b3E644cdbbDA3706fBEa nonce=47 recipient=0x7dc4d193051240848c7F4F19679e8514B148080f value=0
INFO [06-01|04:58:28.026] Submitted transaction                    hash=0x6e32ae9cc6ff6d0c1600fb6d1d3527f3964990d819c26999ced90e03ef47fa1e from=0x151775b94274FeE3696377A0B616a1221AC71326 nonce=47 recipient=0x7dc4d193051240848c7F4F19679e8514B148080f value=0
INFO [06-01|04:58:28.265] Submitted transaction                    hash=0x5d941b4265415808ba6e3cd2d86ef9aeb8a5caf35fc372fc40069ef9e6b90086 from=0xcA56D5B749835d8Ab9cA8c1c4123e9B5002Fc0Ff nonce=47 recipient=0x7dc4d193051240848c7F4F19679e8514B148080f value=0
INFO [06-01|04:58:28.506] Submitted transaction                    hash=0x190b4096d2a9959d37fc2e80372993d4a510dab07304153bb71f1a3ce4d67dea from=0xfB403fD865ddcc1C79F9987EDD0ADabC47C24bB9 nonce=47 recipient=0x7dc4d193051240848c7F4F19679e8514B148080f value=0
INFO [06-01|04:58:28.675] Starting work on payload                 id=0x030f3a2efbde3b6b
INFO [06-01|04:58:28.717] Updated payload                          id=0x030f3a2efbde3b6b number=118 hash=559a2c..35b584 txs=4 withdrawals=0 gas=267,340    fees=0.00053468     root=05907f..563611 elapsed=41.965ms
INFO [06-01|04:58:28.717] Stopping work on payload                 id=0x030f3a2efbde3b6b reason=delivery
WARN [06-01|04:58:28.728] {"level":"warn","msg":"Slow block","block":{"number":118,"hash":"0x559a2c24dd496254056c98dc744f537d06437b7126b0593afaa4e4935c35b584","gas_used":267340,"tx_count":4},"timing":{"execution_ms":0.384601,"state_read_ms":2.863055,"state_hash_ms":5.866328,"commit_ms":1.25233,"total_ms":10.541837},"throughput":{"mgas_per_sec":25.35990643755922},"state_reads":{"accounts":22,"storage_slots":0,"code":1,"code_bytes":869},"state_writes":{"accounts":10,"accounts_deleted":0,"storage_slots":0,"storage_slots_deleted":0,"code":4,"code_bytes":4},"cache":{"account":{"hits":15,"misses":7,"hit_rate":68.18181818181817},"storage":{"hits":0,"misses":0,"hit_rate":0},"code":{"hits":1,"misses":0,"hit_rate":100,"hit_bytes":869,"miss_bytes":0}}}
INFO [06-01|04:58:28.728] Imported new potential chain segment     number=118 hash=559a2c..35b584 blocks=1 txs=4 mgas=0.267  elapsed=10.719ms    mgasps=24.939  triediffs=189.18MiB triedirty=0.00B
INFO [06-01|04:58:28.729] Chain head was updated                   number=118 hash=559a2c..35b584 root=05907f..563611 elapsed="167.307µs"
INFO [06-01|04:58:28.746] Submitted transaction                    hash=0x02df1920c50b214228a0e4bf0533634a3cad6572040ace952c8deb29d59b252b from=0x9e8E8A4256457eF170586329D9a01487aA0bA29e nonce=47 recipient=0x7dc4d193051240848c7F4F19679e8514B148080f value=0
INFO [06-01|04:58:28.986] Submitted transaction                    hash=0xf2f7f79a7695ee4e1198636556d79e53a965a5d51abfccd1328f359e10cd24ed from=0x5AFc7eaFAA1e34De8e6fB9b014CFD08b18377F26 nonce=46 recipient=0x7dc4d193051240848c7F4F19679e8514B148080f value=0
INFO [06-01|04:58:29.226] Submitted transaction                    hash=0xa9d8f5b77382461e0278067e74f159aa72d4597d0d4ca14860e86228a80e14f1 from=0x513978fc4d7fF9951AA177D59C7A1b9AA777119a nonce=46 recipient=0x7dc4d193051240848c7F4F19679e8514B148080f value=0
INFO [06-01|04:58:29.465] Submitted transaction                    hash=0xcfcbbd3549451a2ecd044cb9bd3b0441794ff385a7d1c5277b44b5c4f9337dba from=0x225bD09Ef41092086C35444d335Df887A0691eD0 nonce=46 recipient=0x7dc4d193051240848c7F4F19679e8514B148080f value=0
INFO [06-01|04:58:29.706] Submitted transaction                    hash=0x764ef28321c43d7cb386d3e37b1aa6753b601216b8083eae433bd7d297fb5b72 from=0x0A114598D397AB388E751b917300055F2904166F nonce=46 recipient=0x7dc4d193051240848c7F4F19679e8514B148080f value=0
INFO [06-01|04:58:29.733] Starting work on payload                 id=0x03ef332338db9022
INFO [06-01|04:58:29.750] Updated payload                          id=0x03ef332338db9022 number=119 hash=4f2161..352e50 txs=5 withdrawals=0 gas=334,175    fees=0.00066835     root=6d26b8..5da981 elapsed=16.521ms
INFO [06-01|04:58:29.753] Stopping work on payload                 id=0x03ef332338db9022 reason=delivery
WARN [06-01|04:58:29.783] {"level":"warn","msg":"Slow block","block":{"number":119,"hash":"0x4f21615622bb84672b1aa2ffedb64fb64482956c02d88bbb90ccbd1d43352e50","gas_used":334175,"tx_count":5},"timing":{"execution_ms":1.1708,"state_read_ms":23.007936,"state_hash_ms":7.634367,"commit_ms":0.829505,"total_ms":32.836372},"throughput":{"mgas_per_sec":10.17697692059281},"state_reads":{"accounts":26,"storage_slots":0,"code":1,"code_bytes":869},"state_writes":{"accounts":12,"accounts_deleted":0,"storage_slots":0,"storage_slots_deleted":0,"code":5,"code_bytes":5},"cache":{"account":{"hits":11,"misses":15,"hit_rate":42.30769230769231},"storage":{"hits":0,"misses":0,"hit_rate":0},"code":{"hits":1,"misses":0,"hit_rate":100,"hit_bytes":869,"miss_bytes":0}}}
INFO [06-01|04:58:29.783] Imported new potential chain segment     number=119 hash=4f2161..352e50 blocks=1 txs=5 mgas=0.334  elapsed=33.168ms    mgasps=10.075  triediffs=189.24MiB triedirty=0.00B
INFO [06-01|04:58:29.784] Chain head was updated                   number=119 hash=4f2161..352e50 root=6d26b8..5da981 elapsed="111.296µs"
INFO [06-01|04:58:29.946] Submitted transaction                    hash=0xcdf7f7411c3703fd0ff5627ae71e7a39e9d7a56dc3feb64fec04bba4d95c3818 from=0xbc7A668f0B1595d535B4a2de710461E1C6eba785 nonce=48 recipient=0x7dc4d193051240848c7F4F19679e8514B148080f value=0
INFO [06-01|04:58:30.185] Submitted transaction                    hash=0xafa2d06b5978d99e7bfc44d1fbb3334150e3413fda3b411d8d5eeaa24a888052 from=0x97D85277E62c57d15268b3E644cdbbDA3706fBEa nonce=48 recipient=0x7dc4d193051240848c7F4F19679e8514B148080f value=0
INFO [06-01|04:58:30.426] Submitted transaction                    hash=0xb5160776cb9f012e02c0b076c77e90587154769d0ce2c0b6bd057d069983128a from=0x151775b94274FeE3696377A0B616a1221AC71326 nonce=48 recipient=0x7dc4d193051240848c7F4F19679e8514B148080f value=0
INFO [06-01|04:58:30.666] Submitted transaction                    hash=0x03f070a05d8844695fa6d3dc1f4ee9fb7f4958117564b7cf991da13d2c7f43b8 from=0xcA56D5B749835d8Ab9cA8c1c4123e9B5002Fc0Ff nonce=48 recipient=0x7dc4d193051240848c7F4F19679e8514B148080f value=0
INFO [06-01|04:58:30.789] Starting work on payload                 id=0x03c0b24af85d174e
INFO [06-01|04:58:30.830] Updated payload                          id=0x03c0b24af85d174e number=120 hash=97c781..504677 txs=4 withdrawals=0 gas=267,340    fees=0.00053468     root=bc4ce9..211088 elapsed=40.096ms
INFO [06-01|04:58:30.830] Stopping work on payload                 id=0x03c0b24af85d174e reason=delivery
WARN [06-01|04:58:30.840] {"level":"warn","msg":"Slow block","block":{"number":120,"hash":"0x97c78115383c37f934f791c68f769f62c97b06d2884c29f0d79e4a40c6504677","gas_used":267340,"tx_count":4},"timing":{"execution_ms":0.408504,"state_read_ms":5.606686,"state_hash_ms":3.2144,"commit_ms":0.748586,"total_ms":10.145176},"throughput":{"mgas_per_sec":26.35144032986712},"state_reads":{"accounts":22,"storage_slots":0,"code":1,"code_bytes":869},"state_writes":{"accounts":10,"accounts_deleted":0,"storage_slots":0,"storage_slots_deleted":0,"code":4,"code_bytes":4},"cache":{"account":{"hits":17,"misses":5,"hit_rate":77.27272727272727},"storage":{"hits":0,"misses":0,"hit_rate":0},"code":{"hits":1,"misses":0,"hit_rate":100,"hit_bytes":869,"miss_bytes":0}}}
INFO [06-01|04:58:30.840] Imported new potential chain segment     number=120 hash=97c781..504677 blocks=1 txs=4 mgas=0.267  elapsed=10.358ms    mgasps=25.809  triediffs=189.28MiB triedirty=0.00B
INFO [06-01|04:58:30.840] Chain head was updated                   number=120 hash=97c781..504677 root=bc4ce9..211088 elapsed="96.542µs"
INFO [06-01|04:58:30.906] Submitted transaction                    hash=0x6e826b68af2a116aea2460aeb12d0dcd515e1e07d48cc7b5cd57ccba448e7e67 from=0xfB403fD865ddcc1C79F9987EDD0ADabC47C24bB9 nonce=48 recipient=0x7dc4d193051240848c7F4F19679e8514B148080f value=0
INFO [06-01|04:58:31.146] Submitted transaction                    hash=0x8ffadb9c0a50874a791550e1490ae024d21736e41fc512bf6e720104b540e350 from=0x9e8E8A4256457eF170586329D9a01487aA0bA29e nonce=48 recipient=0x7dc4d193051240848c7F4F19679e8514B148080f value=0
INFO [06-01|04:58:31.385] Submitted transaction                    hash=0x1d4a0b9a5965b51707fa14db51f1ed7620d7a54c97d4d22a5ff7b45eaa8a40b7 from=0x5AFc7eaFAA1e34De8e6fB9b014CFD08b18377F26 nonce=47 recipient=0x7dc4d193051240848c7F4F19679e8514B148080f value=0
INFO [06-01|04:58:31.626] Submitted transaction                    hash=0x0b23f51077d461dc32bd2abffa0bca19dff6faeb055272ab4cc7bf482b9aef33 from=0x513978fc4d7fF9951AA177D59C7A1b9AA777119a nonce=47 recipient=0x7dc4d193051240848c7F4F19679e8514B148080f value=0
INFO [06-01|04:58:31.846] Starting work on payload                 id=0x03999d6f1619ef85
INFO [06-01|04:58:31.865] Submitted transaction                    hash=0x5559337c8c4bef20b0fa374971afa364440126febfe7bc9b50a05c45b3f49c8d from=0x225bD09Ef41092086C35444d335Df887A0691eD0 nonce=47 recipient=0x7dc4d193051240848c7F4F19679e8514B148080f value=0
INFO [06-01|04:58:31.867] Updated payload                          id=0x03999d6f1619ef85 number=121 hash=5a6d5e..915073 txs=4 withdrawals=0 gas=267,340    fees=0.00053468     root=e908a8..385d27 elapsed=21.174ms
INFO [06-01|04:58:31.869] Stopping work on payload                 id=0x03999d6f1619ef85 reason=delivery
WARN [06-01|04:58:31.884] {"level":"warn","msg":"Slow block","block":{"number":121,"hash":"0x5a6d5ecc202e1e07f4f0b0b876d2efc0af12b9774fdc3fa7e46dcc594d915073","gas_used":267340,"tx_count":4},"timing":{"execution_ms":0.748614,"state_read_ms":3.925766,"state_hash_ms":9.789332,"commit_ms":0.90884,"total_ms":16.003296},"throughput":{"mgas_per_sec":16.70530870640648},"state_reads":{"accounts":22,"storage_slots":0,"code":1,"code_bytes":869},"state_writes":{"accounts":10,"accounts_deleted":0,"storage_slots":0,"storage_slots_deleted":0,"code":4,"code_bytes":4},"cache":{"account":{"hits":10,"misses":12,"hit_rate":45.45454545454545},"storage":{"hits":0,"misses":0,"hit_rate":0},"code":{"hits":1,"misses":0,"hit_rate":100,"hit_bytes":869,"miss_bytes":0}}}
INFO [06-01|04:58:31.884] Imported new potential chain segment     number=121 hash=5a6d5e..915073 blocks=1 txs=4 mgas=0.267  elapsed=16.251ms    mgasps=16.450  triediffs=189.32MiB triedirty=0.00B
INFO [06-01|04:58:31.884] Chain head was updated                   number=121 hash=5a6d5e..915073 root=e908a8..385d27 elapsed="92.552µs"
INFO [06-01|04:58:32.105] Submitted transaction                    hash=0x34cd24f1e8d4f848641767b287d6e6326c7e6a6117e3440e2bf5ce147b680e14 from=0x0A114598D397AB388E751b917300055F2904166F nonce=47 recipient=0x7dc4d193051240848c7F4F19679e8514B148080f value=0
INFO [06-01|04:58:32.345] Submitted transaction                    hash=0x0cceb338774071282ec9261c51028d0809cb07deda4983d48b9d0d0774660608 from=0xbc7A668f0B1595d535B4a2de710461E1C6eba785 nonce=49 recipient=0x7dc4d193051240848c7F4F19679e8514B148080f value=0
INFO [06-01|04:58:32.586] Submitted transaction                    hash=0xaa52d76a09fdfb47f6b079958d7ed5783c424996c48821578511f446bdbe2219 from=0x97D85277E62c57d15268b3E644cdbbDA3706fBEa nonce=49 recipient=0x7dc4d193051240848c7F4F19679e8514B148080f value=0
INFO [06-01|04:58:32.825] Submitted transaction                    hash=0xa3e00fe47cdfaf359f03f4177442e78207e02748e346942d32e8834a9c564a20 from=0x151775b94274FeE3696377A0B616a1221AC71326 nonce=49 recipient=0x7dc4d193051240848c7F4F19679e8514B148080f value=0
INFO [06-01|04:58:32.899] Starting work on payload                 id=0x0373b314c475bdc5
INFO [06-01|04:58:32.935] Updated payload                          id=0x0373b314c475bdc5 number=122 hash=99d8ec..eef07a txs=5 withdrawals=0 gas=334,175    fees=0.00066835     root=713dbd..87e4cd elapsed=35.928ms
INFO [06-01|04:58:32.936] Stopping work on payload                 id=0x0373b314c475bdc5 reason=delivery
WARN [06-01|04:58:32.967] {"level":"warn","msg":"Slow block","block":{"number":122,"hash":"0x99d8ecab570eef02aa354c5d9847316c0ae240b3cca96691dbb49cf801eef07a","gas_used":334175,"tx_count":5},"timing":{"execution_ms":1.198314,"state_read_ms":24.03162,"state_hash_ms":4.513943,"commit_ms":1.172807,"total_ms":31.142382},"throughput":{"mgas_per_sec":10.730553623033716},"state_reads":{"accounts":26,"storage_slots":0,"code":1,"code_bytes":869},"state_writes":{"accounts":12,"accounts_deleted":0,"storage_slots":0,"storage_slots_deleted":0,"code":5,"code_bytes":5},"cache":{"account":{"hits":21,"misses":5,"hit_rate":80.76923076923077},"storage":{"hits":0,"misses":0,"hit_rate":0},"code":{"hits":1,"misses":0,"hit_rate":100,"hit_bytes":869,"miss_bytes":0}}}
INFO [06-01|04:58:32.967] Imported new potential chain segment     number=122 hash=99d8ec..eef07a blocks=1 txs=5 mgas=0.334  elapsed=31.415ms    mgasps=10.637  triediffs=189.37MiB triedirty=0.00B
INFO [06-01|04:58:32.967] Chain head was updated                   number=122 hash=99d8ec..eef07a root=713dbd..87e4cd elapsed="122.261µs"
INFO [06-01|04:58:33.066] Submitted transaction                    hash=0x2ca39678c394cec9388d8635d07ed8069b991ddf4eb0bc9b27ef4d6b71ad8910 from=0xcA56D5B749835d8Ab9cA8c1c4123e9B5002Fc0Ff nonce=49 recipient=0x7dc4d193051240848c7F4F19679e8514B148080f value=0
INFO [06-01|04:58:33.305] Submitted transaction                    hash=0xd03220a69bf3e6098ade4984b2ceda5848817f8b705eab5eb01489a1f3465c95 from=0xfB403fD865ddcc1C79F9987EDD0ADabC47C24bB9 nonce=49 recipient=0x7dc4d193051240848c7F4F19679e8514B148080f value=0
INFO [06-01|04:58:33.545] Submitted transaction                    hash=0x9c9fa36908c2ac19867753867d46b99e33226ac258124301e4c5480a4fb7df08 from=0x9e8E8A4256457eF170586329D9a01487aA0bA29e nonce=49 recipient=0x7dc4d193051240848c7F4F19679e8514B148080f value=0
INFO [06-01|04:58:33.786] Submitted transaction                    hash=0x2354373cf6626879e232b479e7609d02c68f761e7002ea42a62768ee2d4403bc from=0x5AFc7eaFAA1e34De8e6fB9b014CFD08b18377F26 nonce=48 recipient=0x7dc4d193051240848c7F4F19679e8514B148080f value=0
INFO [06-01|04:58:33.972] Starting work on payload                 id=0x0381e90f0bcc15c0
INFO [06-01|04:58:34.001] Updated payload                          id=0x0381e90f0bcc15c0 number=123 hash=da3855..eb172f txs=4 withdrawals=0 gas=267,340    fees=0.00053468     root=fdfac9..74b7b1 elapsed=29.294ms
INFO [06-01|04:58:34.001] Stopping work on payload                 id=0x0381e90f0bcc15c0 reason=delivery
WARN [06-01|04:58:34.015] {"level":"warn","msg":"Slow block","block":{"number":123,"hash":"0xda385536fe7ead959480d08b72b3174b74e1bd2fe12f01a565014e8d29eb172f","gas_used":267340,"tx_count":4},"timing":{"execution_ms":0.404467,"state_read_ms":5.377121,"state_hash_ms":6.093126,"commit_ms":0.776404,"total_ms":12.878242},"throughput":{"mgas_per_sec":20.75904459630437},"state_reads":{"accounts":22,"storage_slots":0,"code":1,"code_bytes":869},"state_writes":{"accounts":10,"accounts_deleted":0,"storage_slots":0,"storage_slots_deleted":0,"code":4,"code_bytes":4},"cache":{"account":{"hits":16,"misses":6,"hit_rate":72.72727272727273},"storage":{"hits":0,"misses":0,"hit_rate":0},"code":{"hits":1,"misses":0,"hit_rate":100,"hit_bytes":869,"miss_bytes":0}}}
INFO [06-01|04:58:34.015] Imported new potential chain segment     number=123 hash=da3855..eb172f blocks=1 txs=4 mgas=0.267  elapsed=13.131ms    mgasps=20.359  triediffs=189.41MiB triedirty=0.00B
INFO [06-01|04:58:34.015] Chain head was updated                   number=123 hash=da3855..eb172f root=fdfac9..74b7b1 elapsed="88.962µs"
INFO [06-01|04:58:34.029] Submitted transaction                    hash=0x20ea234c146e40efc2126258bd07bff169143dff78a100af22e2734792ff391c from=0x513978fc4d7fF9951AA177D59C7A1b9AA777119a nonce=48 recipient=0x7dc4d193051240848c7F4F19679e8514B148080f value=0
INFO [06-01|04:58:34.266] Submitted transaction                    hash=0xeb5419cb771b9b6b65b9cbe525ecd2fab820de45a470938c9e179ca8c50b46e0 from=0x225bD09Ef41092086C35444d335Df887A0691eD0 nonce=48 recipient=0x7dc4d193051240848c7F4F19679e8514B148080f value=0
INFO [06-01|04:58:34.506] Submitted transaction                    hash=0x286aae29b6885aa34494abbbbe02a2e9df00115b441b690d542c28304c2856b0 from=0x0A114598D397AB388E751b917300055F2904166F nonce=48 recipient=0x7dc4d193051240848c7F4F19679e8514B148080f value=0
INFO [06-01|04:58:34.745] Submitted transaction                    hash=0x8fd4190fd02d04d2d91f717c11c0d898b6edd3a230d8ebb23e59253a59ab13d0 from=0xbc7A668f0B1595d535B4a2de710461E1C6eba785 nonce=50 recipient=0x7dc4d193051240848c7F4F19679e8514B148080f value=0
INFO [06-01|04:58:34.986] Submitted transaction                    hash=0xd6eb94a92579f0dd6034004c44c45775c20950ce502e52e922e255949597a034 from=0x97D85277E62c57d15268b3E644cdbbDA3706fBEa nonce=50 recipient=0x7dc4d193051240848c7F4F19679e8514B148080f value=0
INFO [06-01|04:58:35.021] Starting work on payload                 id=0x03b978f5bfcbf886
INFO [06-01|04:58:35.054] Updated payload                          id=0x03b978f5bfcbf886 number=124 hash=502236..ba0781 txs=5 withdrawals=0 gas=334,175    fees=0.00066835     root=bee121..45e4df elapsed=33.603ms
INFO [06-01|04:58:35.055] Stopping work on payload                 id=0x03b978f5bfcbf886 reason=delivery
WARN [06-01|04:58:35.063] {"level":"warn","msg":"Slow block","block":{"number":124,"hash":"0x50223696ab2fc71dd9a092dc9dac388cd72b8dcc8a9acd51e671ccc0f6ba0781","gas_used":334175,"tx_count":5},"timing":{"execution_ms":0.373782,"state_read_ms":3.103617,"state_hash_ms":3.599973,"commit_ms":0.857145,"total_ms":8.409054},"throughput":{"mgas_per_sec":39.73990415568743},"state_reads":{"accounts":26,"storage_slots":0,"code":1,"code_bytes":869},"state_writes":{"accounts":12,"accounts_deleted":0,"storage_slots":0,"storage_slots_deleted":0,"code":5,"code_bytes":5},"cache":{"account":{"hits":20,"misses":6,"hit_rate":76.92307692307693},"storage":{"hits":0,"misses":0,"hit_rate":0},"code":{"hits":1,"misses":0,"hit_rate":100,"hit_bytes":869,"miss_bytes":0}}}
INFO [06-01|04:58:35.063] Imported new potential chain segment     number=124 hash=502236..ba0781 blocks=1 txs=5 mgas=0.334  elapsed=8.572ms     mgasps=38.982  triediffs=189.46MiB triedirty=0.00B
INFO [06-01|04:58:35.064] Chain head was updated                   number=124 hash=502236..ba0781 root=bee121..45e4df elapsed="105.367µs"
INFO [06-01|04:58:35.226] Submitted transaction                    hash=0xa5a4f0a12118e4a2daf0c4b4c28dee9928942229d1cb5c5f92118460702f28b6 from=0x151775b94274FeE3696377A0B616a1221AC71326 nonce=50 recipient=0x7dc4d193051240848c7F4F19679e8514B148080f value=0
INFO [06-01|04:58:35.466] Submitted transaction                    hash=0x6e463fca05cf13a4bbf5d494be549e849d79c544a4980a85b9c8e7b083134387 from=0xcA56D5B749835d8Ab9cA8c1c4123e9B5002Fc0Ff nonce=50 recipient=0x7dc4d193051240848c7F4F19679e8514B148080f value=0
INFO [06-01|04:58:35.706] Submitted transaction                    hash=0x6152422c808b58b04482b8dae905052e50945bae175ef67b82eef6046e5f601c from=0xfB403fD865ddcc1C79F9987EDD0ADabC47C24bB9 nonce=50 recipient=0x7dc4d193051240848c7F4F19679e8514B148080f value=0
INFO [06-01|04:58:35.946] Submitted transaction                    hash=0xea1970866cf2a46bc8a2f26b3eea344cac20b28b071143cfd2a6f401787a7626 from=0x9e8E8A4256457eF170586329D9a01487aA0bA29e nonce=50 recipient=0x7dc4d193051240848c7F4F19679e8514B148080f value=0
INFO [06-01|04:58:36.069] Starting work on payload                 id=0x0307178798356ab1
INFO [06-01|04:58:36.093] Updated payload                          id=0x0307178798356ab1 number=125 hash=68813b..a24f1c txs=4 withdrawals=0 gas=267,340    fees=0.00053468     root=e64346..05750c elapsed=24.493ms
INFO [06-01|04:58:36.095] Stopping work on payload                 id=0x0307178798356ab1 reason=delivery
WARN [06-01|04:58:36.105] {"level":"warn","msg":"Slow block","block":{"number":125,"hash":"0x68813b4e2710427a4a20fe5fd731bb756fa20629f78a1e125cbfbf7fa5a24f1c","gas_used":267340,"tx_count":4},"timing":{"execution_ms":0.564666,"state_read_ms":5.448215,"state_hash_ms":3.083524,"commit_ms":0.908482,"total_ms":10.450423},"throughput":{"mgas_per_sec":25.58173960996603},"state_reads":{"accounts":22,"storage_slots":0,"code":1,"code_bytes":869},"state_writes":{"accounts":10,"accounts_deleted":0,"storage_slots":0,"storage_slots_deleted":0,"code":4,"code_bytes":4},"cache":{"account":{"hits":12,"misses":10,"hit_rate":54.54545454545454},"storage":{"hits":0,"misses":0,"hit_rate":0},"code":{"hits":1,"misses":0,"hit_rate":100,"hit_bytes":869,"miss_bytes":0}}}
INFO [06-01|04:58:36.105] Imported new potential chain segment     number=125 hash=68813b..a24f1c blocks=1 txs=4 mgas=0.267  elapsed=10.722ms    mgasps=24.932  triediffs=189.51MiB triedirty=0.00B
INFO [06-01|04:58:36.105] Chain head was updated                   number=125 hash=68813b..a24f1c root=e64346..05750c elapsed="118.511µs"
INFO [06-01|04:58:36.186] Submitted transaction                    hash=0xb84bd996235430f5ab7ad2b3b8aa2dd4b2b02fb5314b1919eab36740e5c8a544 from=0x5AFc7eaFAA1e34De8e6fB9b014CFD08b18377F26 nonce=49 recipient=0x7dc4d193051240848c7F4F19679e8514B148080f value=0
INFO [06-01|04:58:36.425] Submitted transaction                    hash=0xce241130ff70f9c02cfa0b5b40d6a6afdf460978c963fad88f9b1aa9c27cfddf from=0x513978fc4d7fF9951AA177D59C7A1b9AA777119a nonce=49 recipient=0x7dc4d193051240848c7F4F19679e8514B148080f value=0
INFO [06-01|04:58:36.666] Submitted transaction                    hash=0x9a3a767e8c3055e487849e3823cefb45a3f4557f0cff73ba0a43b845eca8e343 from=0x225bD09Ef41092086C35444d335Df887A0691eD0 nonce=49 recipient=0x7dc4d193051240848c7F4F19679e8514B148080f value=0
INFO [06-01|04:58:36.906] Submitted transaction                    hash=0xad24fc31e2c4519c9e302239f6e1d58bbc086330ece22bd6f774f84d9d923172 from=0x0A114598D397AB388E751b917300055F2904166F nonce=49 recipient=0x7dc4d193051240848c7F4F19679e8514B148080f value=0
INFO [06-01|04:58:37.120] Starting work on payload                 id=0x033b7637c6f44d58
INFO [06-01|04:58:37.150] Submitted transaction                    hash=0x89bdc0eb23f0e042d352640134184d4ed5566f60a9a8de02a1c345ac202a6e33 from=0xbc7A668f0B1595d535B4a2de710461E1C6eba785 nonce=51 recipient=0x7dc4d193051240848c7F4F19679e8514B148080f value=0
INFO [06-01|04:58:37.161] Updated payload                          id=0x033b7637c6f44d58 number=126 hash=2b966b..ac7486 txs=4 withdrawals=0 gas=267,340    fees=0.00053468     root=6bf34c..d8f9a8 elapsed=40.971ms
INFO [06-01|04:58:37.161] Stopping work on payload                 id=0x033b7637c6f44d58 reason=delivery
WARN [06-01|04:58:37.169] {"level":"warn","msg":"Slow block","block":{"number":126,"hash":"0x2b966bf4bcb3dff4a3d31ca32dadeb49b2fdb59ad07453ca2ab634ac3fac7486","gas_used":267340,"tx_count":4},"timing":{"execution_ms":0.382008,"state_read_ms":3.085753,"state_hash_ms":3.214313,"commit_ms":0.769059,"total_ms":7.648449},"throughput":{"mgas_per_sec":34.953491877895765},"state_reads":{"accounts":22,"storage_slots":0,"code":1,"code_bytes":869},"state_writes":{"accounts":10,"accounts_deleted":0,"storage_slots":0,"storage_slots_deleted":0,"code":4,"code_bytes":4},"cache":{"account":{"hits":16,"misses":6,"hit_rate":72.72727272727273},"storage":{"hits":0,"misses":0,"hit_rate":0},"code":{"hits":1,"misses":0,"hit_rate":100,"hit_bytes":869,"miss_bytes":0}}}
INFO [06-01|04:58:37.169] Imported new potential chain segment     number=126 hash=2b966b..ac7486 blocks=1 txs=4 mgas=0.267  elapsed=7.834ms     mgasps=34.125  triediffs=189.55MiB triedirty=0.00B
INFO [06-01|04:58:37.169] Chain head was updated                   number=126 hash=2b966b..ac7486 root=6bf34c..d8f9a8 elapsed="93.404µs"
INFO [06-01|04:58:37.386] Submitted transaction                    hash=0x1422842b9f736782ae43996ff945fe0b58cda0caae70580e682a14874c572a5f from=0x97D85277E62c57d15268b3E644cdbbDA3706fBEa nonce=51 recipient=0x7dc4d193051240848c7F4F19679e8514B148080f value=0
INFO [06-01|04:58:37.626] Submitted transaction                    hash=0x5048031409d27e596205600bbf9f9f595d3cf626f74a3d48af4cbeba70fe7dc0 from=0x151775b94274FeE3696377A0B616a1221AC71326 nonce=51 recipient=0x7dc4d193051240848c7F4F19679e8514B148080f value=0
INFO [06-01|04:58:37.866] Submitted transaction                    hash=0x6207e9a16d14cb73ed8788e883ea5dd43d2e49eb840fe6cb9eb12ee07bda1ac7 from=0xcA56D5B749835d8Ab9cA8c1c4123e9B5002Fc0Ff nonce=51 recipient=0x7dc4d193051240848c7F4F19679e8514B148080f value=0
INFO [06-01|04:58:38.105] Submitted transaction                    hash=0x657ea4d6598b6e6919a446a17b1ef46bb9265d0918ff73ba40c2eab6671f1691 from=0xfB403fD865ddcc1C79F9987EDD0ADabC47C24bB9 nonce=51 recipient=0x7dc4d193051240848c7F4F19679e8514B148080f value=0
INFO [06-01|04:58:38.175] Starting work on payload                 id=0x039d570a64d32308
INFO [06-01|04:58:38.221] Updated payload                          id=0x039d570a64d32308 number=127 hash=03f30f..3fabb1 txs=5 withdrawals=0 gas=334,175    fees=0.00066835     root=c335c5..57af3b elapsed=46.828ms
INFO [06-01|04:58:38.222] Stopping work on payload                 id=0x039d570a64d32308 reason=delivery
WARN [06-01|04:58:38.241] {"level":"warn","msg":"Slow block","block":{"number":127,"hash":"0x03f30f6297250df7d8df7e847a825e9eb36d496cba3f7bc27891a78fb53fabb1","gas_used":334175,"tx_count":5},"timing":{"execution_ms":0.374648,"state_read_ms":3.278717,"state_hash_ms":14.275296,"commit_ms":0.886361,"total_ms":19.009397},"throughput":{"mgas_per_sec":17.579463462202405},"state_reads":{"accounts":26,"storage_slots":0,"code":1,"code_bytes":869},"state_writes":{"accounts":12,"accounts_deleted":0,"storage_slots":0,"storage_slots_deleted":0,"code":5,"code_bytes":5},"cache":{"account":{"hits":21,"misses":5,"hit_rate":80.76923076923077},"storage":{"hits":0,"misses":0,"hit_rate":0},"code":{"hits":1,"misses":0,"hit_rate":100,"hit_bytes":869,"miss_bytes":0}}}
INFO [06-01|04:58:38.241] Imported new potential chain segment     number=127 hash=03f30f..3fabb1 blocks=1 txs=5 mgas=0.334  elapsed=19.192ms    mgasps=17.411  triediffs=189.60MiB triedirty=0.00B
INFO [06-01|04:58:38.241] Chain head was updated                   number=127 hash=03f30f..3fabb1 root=c335c5..57af3b elapsed="100.52µs"
INFO [06-01|04:58:38.346] Submitted transaction                    hash=0xa92af2cdbe3761dda011528359b7009de5125947f32e776fa32ae2f53ea5dbc4 from=0x9e8E8A4256457eF170586329D9a01487aA0bA29e nonce=51 recipient=0x7dc4d193051240848c7F4F19679e8514B148080f value=0
INFO [06-01|04:58:39.246] Starting work on payload                 id=0x03732d959a572203
INFO [06-01|04:58:39.274] Updated payload                          id=0x03732d959a572203 number=128 hash=eca9a1..bdd4d1 txs=1 withdrawals=0 gas=66835      fees=0.00013367     root=e3e47c..f2175b elapsed=28.070ms
INFO [06-01|04:58:39.274] Stopping work on payload                 id=0x03732d959a572203 reason=delivery
WARN [06-01|04:58:39.284] {"level":"warn","msg":"Slow block","block":{"number":128,"hash":"0xeca9a13319943fb91ea94f6c31e3eab0b346e8d25fa8ff88270a56a6aabdd4d1","gas_used":66835,"tx_count":1},"timing":{"execution_ms":0.140042,"state_read_ms":2.998839,"state_hash_ms":5.906646,"commit_ms":0.505124,"total_ms":9.788255},"throughput":{"mgas_per_sec":6.828081205485554},"state_reads":{"accounts":10,"storage_slots":0,"code":1,"code_bytes":869},"state_writes":{"accounts":4,"accounts_deleted":0,"storage_slots":0,"storage_slots_deleted":0,"code":1,"code_bytes":1},"cache":{"account":{"hits":6,"misses":4,"hit_rate":60},"storage":{"hits":0,"misses":0,"hit_rate":0},"code":{"hits":1,"misses":0,"hit_rate":100,"hit_bytes":869,"miss_bytes":0}}}
INFO [06-01|04:58:39.284] Imported new potential chain segment     number=128 hash=eca9a1..bdd4d1 blocks=1 txs=1 mgas=0.067  elapsed=9.993ms     mgasps=6.688   triediffs=189.62MiB triedirty=0.00B
INFO [06-01|04:58:39.284] Chain head was updated                   number=128 hash=eca9a1..bdd4d1 root=e3e47c..f2175b elapsed="72.771µs"
INFO [06-01|04:58:40.289] Starting work on payload                 id=0x03926f4347d42ef4
INFO [06-01|04:58:40.293] Updated payload                          id=0x03926f4347d42ef4 number=129 hash=4f34e3..17538f txs=0 withdrawals=0 gas=0          fees=0              root=e3e47c..f2175b elapsed=4.377ms
INFO [06-01|04:58:40.293] Stopping work on payload                 id=0x03926f4347d42ef4 reason=delivery
WARN [06-01|04:58:40.299] {"level":"warn","msg":"Slow block","block":{"number":129,"hash":"0x4f34e3fcb33b6d9d339f9cdfb307693c0aa5c4c87b98c2eb2d943aabc017538f","gas_used":0,"tx_count":0},"timing":{"execution_ms":0.029764,"state_read_ms":4.720265,"state_hash_ms":0.001934,"commit_ms":0.346709,"total_ms":5.566853},"throughput":{"mgas_per_sec":0},"state_reads":{"accounts":4,"storage_slots":0,"code":0,"code_bytes":0},"state_writes":{"accounts":0,"accounts_deleted":0,"storage_slots":0,"storage_slots_deleted":0,"code":0,"code_bytes":0},"cache":{"account":{"hits":0,"misses":4,"hit_rate":0},"storage":{"hits":0,"misses":0,"hit_rate":0},"code":{"hits":0,"misses":0,"hit_rate":0,"hit_bytes":0,"miss_bytes":0}}}
INFO [06-01|04:58:40.299] Imported new potential chain segment     number=129 hash=4f34e3..17538f blocks=1 txs=0 mgas=0.000  elapsed=5.761ms     mgasps=0.000   triediffs=189.62MiB triedirty=0.00B
INFO [06-01|04:58:40.300] Chain head was updated                   number=129 hash=4f34e3..17538f root=e3e47c..f2175b elapsed="70.75µs"
INFO [06-01|04:58:40.585] Got interrupt, shutting down...
INFO [06-01|04:58:40.586] HTTP server stopped                      endpoint=127.0.0.1:8545
INFO [06-01|04:58:40.586] HTTP server stopped                      endpoint=127.0.0.1:8546
INFO [06-01|04:58:40.586] IPC endpoint closed                      url=/mnt/state_expiry_vol_data/ubt-vs-pbt-dbs/ubt/geth.ipc
INFO [06-01|04:58:40.586] Ethereum protocol stopped
INFO [06-01|04:58:40.586] Transaction pool stopped
INFO [06-01|04:58:40.587] Persisting dirty state                   head=128 root=e3e47c..f2175b layers=114
INFO [06-01|04:58:41.633] Persisted dirty state to file            path=/mnt/state_expiry_vol_data/ubt-vs-pbt-dbs/ubt/geth/triedb/verkle.journal size=187.69MiB elapsed=1.045s
INFO [06-01|04:58:41.643] Blockchain stopped
