config,trie_type,group_depth,pebble_block_size_kb,benchmark,run,contract,block_number,gas_used,tx_count,execution_ms,state_read_ms,state_hash_ms,commit_ms,total_ms,mgas_per_sec,accounts_read,storage_slots_read,code_read,code_bytes_read,accounts_written,accounts_deleted,storage_slots_written,storage_slots_deleted,code_written,code_bytes_written,account_cache_hits,account_cache_misses,account_cache_hit_rate,storage_cache_hits,storage_cache_misses,storage_cache_hit_rate,code_cache_hits,code_cache_misses,code_cache_hit_rate,code_cache_hit_bytes,code_cache_miss_bytes
ubt,bintrie,5,4,storage_mixed_k1,10,,5936,0,0,0.0419,17.0552,0.0034,0.2085,17.6384,0,4,0,0,0,0,0,0,0,0,0,0,4,0,0,0,0,0,0,0,0,0
ubt,bintrie,5,4,storage_mixed_k1,10,,5937,0,0,1.2384,6.4345,0.0019,0.1866,8.0561,0,4,0,0,0,0,0,0,0,0,0,0,4,0,0,0,0,0,0,0,0,0
ubt,bintrie,5,4,storage_mixed_k1,10,,5938,91678,2,0.144,3.3255,9.6633,5.2331,26.2447,3.4932,11,0,0,0,3,0,0,0,1,303,6,5,54.55,0,0,0,0,0,0,0,0
ubt,bintrie,5,4,storage_mixed_k1,10,,5939,5911513,1,56.8905,30.2394,4.9834,1.0614,98.2967,60.1395,8,638,2,331,3,0,96,0,0,0,3,5,37.5,168,470,26.33,2,0,100,331,0
ubt,bintrie,5,4,storage_mixed_k1,10,,5940,21000,1,0.0668,3.3602,10.8649,0.6128,15.0808,1.3925,6,0,0,0,2,0,0,0,0,0,1,5,16.67,0,0,0,0,0,0,0,0
ubt,bintrie,5,4,storage_mixed_k1,11,,5941,0,0,0.0534,17.5059,0.003,0.2251,18.07,0,4,0,0,0,0,0,0,0,0,0,0,4,0,0,0,0,0,0,0,0,0
ubt,bintrie,5,4,storage_mixed_k1,11,,5942,0,0,0.0665,8.9324,0.0016,0.11,9.2918,0,4,0,0,0,0,0,0,0,0,0,0,4,0,0,0,0,0,0,0,0,0
ubt,bintrie,5,4,storage_mixed_k1,11,,5943,91678,2,0.1144,11.4623,4.2568,4.7958,20.8327,4.4007,11,0,0,0,3,0,0,0,1,303,6,5,54.55,0,0,0,0,0,0,0,0
ubt,bintrie,5,4,storage_mixed_k1,11,,5944,5911513,1,68.394,9.211,8.4812,1.1921,87.4586,67.5922,8,638,2,331,3,0,96,0,0,0,4,4,50,391,247,61.29,2,0,100,331,0
ubt,bintrie,5,4,storage_mixed_k1,11,,5945,21000,1,0.0793,16.6998,2.4338,0.4726,19.8775,1.0565,6,0,0,0,2,0,0,0,0,0,2,4,33.33,0,0,0,0,0,0,0,0
ubt,bintrie,5,4,storage_mixed_k1,12,,5946,0,0,0.0536,19.4808,0.0023,0.1747,19.9681,0,4,0,0,0,0,0,0,0,0,0,0,4,0,0,0,0,0,0,0,0,0
ubt,bintrie,5,4,storage_mixed_k1,12,,5947,0,0,0.0274,9.114,0.0016,0.1765,9.4834,0,4,0,0,0,0,0,0,0,0,0,0,4,0,0,0,0,0,0,0,0,0
ubt,bintrie,5,4,storage_mixed_k1,12,,5948,91678,2,0.1541,19.3515,8.9228,5.3453,34.0247,2.6945,11,0,0,0,3,0,0,0,1,303,5,6,45.45,0,0,0,0,0,0,0,0
ubt,bintrie,5,4,storage_mixed_k1,12,,5949,5911513,1,83.7403,10.5084,16.7797,1.3417,112.5587,52.5194,8,638,2,331,3,0,96,0,0,0,3,5,37.5,85,553,13.32,2,0,100,331,0
ubt,bintrie,5,4,storage_mixed_k1,12,,5950,21000,1,0.0802,3.2134,16.4198,0.6789,21.516,0.976,6,0,0,0,2,0,0,0,0,0,2,4,33.33,0,0,0,0,0,0,0,0
ubt,bintrie,5,4,storage_mixed_k1,13,,5951,0,0,0.0489,18.3921,0.0024,0.2064,18.8606,0,4,0,0,0,0,0,0,0,0,0,0,4,0,0,0,0,0,0,0,0,0
ubt,bintrie,5,4,storage_mixed_k1,13,,5952,0,0,0.291,7.3328,0.0074,0.4794,8.2568,0,4,0,0,0,0,0,0,0,0,0,0,4,0,0,0,0,0,0,0,0,0
ubt,bintrie,5,4,storage_mixed_k1,13,,5953,91678,2,1.5103,16.4123,4.2854,6.0022,29.8208,3.0743,11,0,0,0,3,0,0,0,1,303,5,6,45.45,0,0,0,0,0,0,0,0
ubt,bintrie,5,4,storage_mixed_k1,13,,5954,5911513,1,77.2219,17.7254,16.0761,0.9873,112.7698,52.4211,8,638,2,331,3,0,96,0,0,0,2,6,25,33,605,5.17,2,0,100,331,0
ubt,bintrie,5,4,storage_mixed_k1,13,,5955,21000,1,0.0626,10.8754,30.0293,0.5624,41.7369,0.5032,6,0,0,0,2,0,0,0,0,0,2,4,33.33,0,0,0,0,0,0,0,0
ubt,bintrie,5,4,storage_mixed_k1,14,,5956,0,0,0.0625,22.552,0.0022,0.5134,23.3333,0,4,0,0,0,0,0,0,0,0,0,0,4,0,0,0,0,0,0,0,0,0
ubt,bintrie,5,4,storage_mixed_k1,14,,5957,0,0,0.0231,2.6576,0.0015,0.0946,2.9378,0,4,0,0,0,0,0,0,0,0,0,0,4,0,0,0,0,0,0,0,0,0
ubt,bintrie,5,4,storage_mixed_k1,14,,5958,91678,2,0.1274,9.4542,8.6946,5.3404,23.806,3.851,11,0,0,0,3,0,0,0,1,303,5,6,45.45,0,0,0,0,0,0,0,0
ubt,bintrie,5,4,storage_mixed_k1,14,,5959,5911513,1,58.306,19.7729,8.9918,1.0104,92.0634,64.2113,8,638,2,331,3,0,96,0,0,0,4,4,50,339,299,53.13,2,0,100,331,0
ubt,bintrie,5,4,storage_mixed_k1,14,,5960,21000,1,0.2059,12.3832,9.6396,0.6496,23.1877,0.9057,6,0,0,0,2,0,0,0,0,0,2,4,33.33,0,0,0,0,0,0,0,0
ubt,bintrie,5,4,storage_mixed_k1,15,,5961,0,0,0.0663,19.3352,0.0019,0.1735,19.8198,0,4,0,0,0,0,0,0,0,0,0,0,4,0,0,0,0,0,0,0,0,0
ubt,bintrie,5,4,storage_mixed_k1,15,,5962,0,0,0.0368,2.9736,0.0021,0.2093,3.4043,0,4,0,0,0,0,0,0,0,0,0,0,4,0,0,0,0,0,0,0,0,0
ubt,bintrie,5,4,storage_mixed_k1,15,,5963,91678,2,0.1973,19.1837,5.7495,4.7577,36.2143,2.5315,11,0,0,0,3,0,0,0,1,303,5,6,45.45,0,0,0,0,0,0,0,0
ubt,bintrie,5,4,storage_mixed_k1,15,,5964,5911513,1,68.1105,13.6043,9.9116,1.7948,93.7269,63.0717,8,638,2,331,3,0,96,0,0,0,4,4,50,416,222,65.2,2,0,100,331,0
ubt,bintrie,5,4,storage_mixed_k1,15,,5965,21000,1,0.0999,3.5284,12.0263,0.559,16.3782,1.2822,6,0,0,0,2,0,0,0,0,0,2,4,33.33,0,0,0,0,0,0,0,0
ubt,bintrie,5,4,storage_mixed_k1,16,,5966,0,0,0.0552,21.5626,0.0023,0.275,22.1327,0,4,0,0,0,0,0,0,0,0,0,0,4,0,0,0,0,0,0,0,0,0
ubt,bintrie,5,4,storage_mixed_k1,16,,5967,0,0,0.0315,9.7565,0.0015,0.1305,10.06,0,4,0,0,0,0,0,0,0,0,0,0,4,0,0,0,0,0,0,0,0,0
ubt,bintrie,5,4,storage_mixed_k1,16,,5968,91678,2,0.1591,18.1634,3.4973,8.0645,38.3503,2.3905,11,0,0,0,3,0,0,0,1,303,6,5,54.55,0,0,0,0,0,0,0,0
ubt,bintrie,5,4,storage_mixed_k1,16,,5969,5911513,1,61.3476,18.1891,13.1966,1.4762,95.0244,62.2105,8,638,2,331,3,0,96,0,0,0,3,5,37.5,144,494,22.57,2,0,100,331,0
ubt,bintrie,5,4,storage_mixed_k1,16,,5970,21000,1,0.1229,7.9923,6.7286,0.8939,15.9655,1.3153,6,0,0,0,2,0,0,0,0,0,2,4,33.33,0,0,0,0,0,0,0,0
ubt,bintrie,5,4,storage_mixed_k1,17,,5971,0,0,0.0464,18.6432,0.0033,0.1935,19.1287,0,4,0,0,0,0,0,0,0,0,0,0,4,0,0,0,0,0,0,0,0,0
ubt,bintrie,5,4,storage_mixed_k1,17,,5972,0,0,0.0329,8.7589,0.0036,0.1786,9.2911,0,4,0,0,0,0,0,0,0,0,0,0,4,0,0,0,0,0,0,0,0,0
ubt,bintrie,5,4,storage_mixed_k1,17,,5973,91678,2,0.1625,3.0299,9.0859,4.9977,19.3721,4.7325,11,0,0,0,3,0,0,0,1,303,6,5,54.55,0,0,0,0,0,0,0,0
ubt,bintrie,5,4,storage_mixed_k1,17,,5974,5911513,1,57.1201,16.7226,33.4001,1.0221,108.7288,54.3693,8,638,2,331,3,0,96,0,0,0,3,5,37.5,382,256,59.87,2,0,100,331,0
ubt,bintrie,5,4,storage_mixed_k1,17,,5975,21000,1,0.0736,18.8894,5.2926,0.8098,25.3338,0.8289,6,0,0,0,2,0,0,0,0,0,2,4,33.33,0,0,0,0,0,0,0,0
ubt,bintrie,5,4,storage_mixed_k1,18,,5976,0,0,0.0324,13.9408,0.0021,0.1931,14.3589,0,4,0,0,0,0,0,0,0,0,0,0,4,0,0,0,0,0,0,0,0,0
ubt,bintrie,5,4,storage_mixed_k1,18,,5977,0,0,0.0338,16.0773,0.0029,0.1611,16.4334,0,4,0,0,0,0,0,0,0,0,0,0,4,0,0,0,0,0,0,0,0,0
ubt,bintrie,5,4,storage_mixed_k1,18,,5978,91678,2,0.1288,16.9861,12.7654,6.306,36.4237,2.517,11,0,0,0,3,0,0,0,1,303,5,6,45.45,0,0,0,0,0,0,0,0
ubt,bintrie,5,4,storage_mixed_k1,18,,5979,5911513,1,77.8045,15.7614,9.7797,1.9435,105.6747,55.9406,8,638,2,331,3,0,96,0,0,0,2,6,25,10,628,1.57,2,0,100,331,0
ubt,bintrie,5,4,storage_mixed_k1,18,,5980,21000,1,0.0699,9.999,6.258,0.5718,17.1332,1.2257,6,0,0,0,2,0,0,0,0,0,2,4,33.33,0,0,0,0,0,0,0,0
ubt,bintrie,5,4,storage_mixed_k1,19,,5981,0,0,0.0318,14.84,0.0018,0.1311,15.1885,0,4,0,0,0,0,0,0,0,0,0,0,4,0,0,0,0,0,0,0,0,0
ubt,bintrie,5,4,storage_mixed_k1,19,,5982,0,0,0.0318,2.7556,0.0017,0.1259,3.0592,0,4,0,0,0,0,0,0,0,0,0,0,4,0,0,0,0,0,0,0,0,0
ubt,bintrie,5,4,storage_mixed_k1,19,,5983,91678,2,0.1303,14.6296,4.2291,4.4866,26.5355,3.4549,11,0,0,0,3,0,0,0,1,303,5,6,45.45,0,0,0,0,0,0,0,0
ubt,bintrie,5,4,storage_mixed_k1,19,,5984,5911513,1,54.8183,29.0644,4.1524,0.9518,91.7321,64.4432,8,638,2,331,3,0,96,0,0,0,3,5,37.5,137,501,21.47,2,0,100,331,0
ubt,bintrie,5,4,storage_mixed_k1,19,,5985,21000,1,0.0612,6.1835,11.2267,0.7979,18.4528,1.138,6,0,0,0,2,0,0,0,0,0,2,4,33.33,0,0,0,0,0,0,0,0
ubt,bintrie,5,4,storage_mixed_k1,1,,5891,0,0,0.0516,22.6934,0.0018,0.1629,23.0993,0,4,0,0,0,0,0,0,0,0,0,0,4,0,0,0,0,0,0,0,0,0
ubt,bintrie,5,4,storage_mixed_k1,1,,5892,0,0,2.284,5.6455,0.0092,0.1266,8.2342,0,4,0,0,0,0,0,0,0,0,0,0,4,0,0,0,0,0,0,0,0,0
ubt,bintrie,5,4,storage_mixed_k1,1,,5893,91678,2,0.1558,17.2184,2.6375,5.4901,25.7262,3.5636,11,0,0,0,3,0,0,0,1,303,5,6,45.45,0,0,0,0,0,0,0,0
ubt,bintrie,5,4,storage_mixed_k1,1,,5894,5911513,1,102.0801,28.3649,13.499,1.1135,145.3367,40.6746,8,638,2,331,3,0,96,0,0,0,3,5,37.5,320,318,50.16,2,0,100,331,0
ubt,bintrie,5,4,storage_mixed_k1,1,,5895,21000,1,0.0904,20.5927,2.5145,0.8007,24.1968,0.8679,6,0,0,0,2,0,0,0,0,0,2,4,33.33,0,0,0,0,0,0,0,0
ubt,bintrie,5,4,storage_mixed_k1,20,,5986,0,0,0.0377,16.9917,0.0023,0.1368,17.3443,0,4,0,0,0,0,0,0,0,0,0,0,4,0,0,0,0,0,0,0,0,0
ubt,bintrie,5,4,storage_mixed_k1,20,,5987,0,0,0.0358,3.1779,0.0018,0.1451,3.5251,0,4,0,0,0,0,0,0,0,0,0,0,4,0,0,0,0,0,0,0,0,0
ubt,bintrie,5,4,storage_mixed_k1,20,,5988,91678,2,0.1049,20.4958,8.4014,6.0651,35.2194,2.6031,11,0,0,0,3,0,0,0,1,303,6,5,54.55,0,0,0,0,0,0,0,0
ubt,bintrie,5,4,storage_mixed_k1,20,,5989,5911513,1,58.5586,33.4552,3.009,1.05,101.397,58.3007,8,638,2,331,3,0,96,0,0,0,0,8,0,27,611,4.23,2,0,100,331,0
ubt,bintrie,5,4,storage_mixed_k1,20,,5990,21000,1,0.0772,14.3251,7.2994,0.7805,22.726,0.9241,6,0,0,0,2,0,0,0,0,0,2,4,33.33,0,0,0,0,0,0,0,0
ubt,bintrie,5,4,storage_mixed_k1,2,,5896,0,0,0.0652,22.9838,0.0025,0.1694,23.4334,0,4,0,0,0,0,0,0,0,0,0,0,4,0,0,0,0,0,0,0,0,0
ubt,bintrie,5,4,storage_mixed_k1,2,,5897,0,0,5.0786,7.4499,0.0025,0.1542,12.8913,0,4,0,0,0,0,0,0,0,0,0,0,4,0,0,0,0,0,0,0,0,0
ubt,bintrie,5,4,storage_mixed_k1,2,,5898,91678,2,0.1364,18.4628,4.8401,4.5727,28.2423,3.2461,11,0,0,0,3,0,0,0,1,303,5,6,45.45,0,0,0,0,0,0,0,0
ubt,bintrie,5,4,storage_mixed_k1,2,,5899,5911513,1,65.0897,11.9163,12.0292,3.0483,92.8967,63.6353,8,638,2,331,3,0,96,0,0,0,3,5,37.5,304,334,47.65,2,0,100,331,0
ubt,bintrie,5,4,storage_mixed_k1,2,,5900,21000,1,0.0573,6.5956,16.115,0.8691,28.8292,0.7284,6,0,0,0,2,0,0,0,0,0,2,4,33.33,0,0,0,0,0,0,0,0
ubt,bintrie,5,4,storage_mixed_k1,3,,5901,0,0,0.04,16.3195,0.0028,0.2129,16.7929,0,4,0,0,0,0,0,0,0,0,0,0,4,0,0,0,0,0,0,0,0,0
ubt,bintrie,5,4,storage_mixed_k1,3,,5902,0,0,0.0264,2.5076,0.0021,0.097,2.7869,0,4,0,0,0,0,0,0,0,0,0,0,4,0,0,0,0,0,0,0,0,0
ubt,bintrie,5,4,storage_mixed_k1,3,,5903,91678,2,0.1099,16.8461,10.8107,6.0784,34.0684,2.691,11,0,0,0,3,0,0,0,1,303,6,5,54.55,0,0,0,0,0,0,0,0
ubt,bintrie,5,4,storage_mixed_k1,3,,5904,5911513,1,72.8709,14.6445,3.0072,1.3074,95.6472,61.8054,8,638,2,331,3,0,96,0,0,0,4,4,50,432,206,67.71,2,0,100,331,0
ubt,bintrie,5,4,storage_mixed_k1,3,,5905,21000,1,0.0687,12.1357,11.6532,0.733,24.7761,0.8476,6,0,0,0,2,0,0,0,0,0,2,4,33.33,0,0,0,0,0,0,0,0
ubt,bintrie,5,4,storage_mixed_k1,4,,5906,0,0,0.0503,18.9451,0.0029,0.3307,19.5935,0,4,0,0,0,0,0,0,0,0,0,0,4,0,0,0,0,0,0,0,0,0
ubt,bintrie,5,4,storage_mixed_k1,4,,5907,0,0,0.085,11.4073,0.006,0.1224,11.7892,0,4,0,0,0,0,0,0,0,0,0,0,4,0,0,0,0,0,0,0,0,0
ubt,bintrie,5,4,storage_mixed_k1,4,,5908,91678,2,0.1621,23.4133,12.6702,5.4797,41.9802,2.1838,11,0,0,0,3,0,0,0,1,303,5,6,45.45,0,0,0,0,0,0,0,0
ubt,bintrie,5,4,storage_mixed_k1,4,,5909,5911513,1,59.893,17.918,4.095,1.2398,88.2339,66.9982,8,638,2,331,3,0,96,0,0,0,4,4,50,413,225,64.73,2,0,100,331,0
ubt,bintrie,5,4,storage_mixed_k1,4,,5910,21000,1,0.1508,11.6572,7.6624,0.4915,20.1327,1.0431,6,0,0,0,2,0,0,0,0,0,2,4,33.33,0,0,0,0,0,0,0,0
ubt,bintrie,5,4,storage_mixed_k1,5,,5911,0,0,0.0393,20.6337,0.0026,0.1751,21.0401,0,4,0,0,0,0,0,0,0,0,0,0,4,0,0,0,0,0,0,0,0,0
ubt,bintrie,5,4,storage_mixed_k1,5,,5912,0,0,0.0351,3.0745,0.0021,0.1255,3.452,0,4,0,0,0,0,0,0,0,0,0,0,4,0,0,0,0,0,0,0,0,0
ubt,bintrie,5,4,storage_mixed_k1,5,,5913,91678,2,0.1053,8.8772,3.2413,5.097,17.4838,5.2436,11,0,0,0,3,0,0,0,1,303,5,6,45.45,0,0,0,0,0,0,0,0
ubt,bintrie,5,4,storage_mixed_k1,5,,5914,5911513,1,73.2686,30.96,8.7531,1.1101,115.439,51.209,8,638,2,331,3,0,96,0,0,0,1,7,12.5,116,522,18.18,2,0,100,331,0
ubt,bintrie,5,4,storage_mixed_k1,5,,5915,21000,1,0.1125,22.3255,2.436,0.603,31.0676,0.6759,6,0,0,0,2,0,0,0,0,0,0,6,0,0,0,0,0,0,0,0,0
ubt,bintrie,5,4,storage_mixed_k1,6,,5916,0,0,0.0415,17.5434,0.0019,0.1414,17.9107,0,4,0,0,0,0,0,0,0,0,0,0,4,0,0,0,0,0,0,0,0,0
ubt,bintrie,5,4,storage_mixed_k1,6,,5917,0,0,0.0337,14.096,0.002,0.2657,14.5538,0,4,0,0,0,0,0,0,0,0,0,0,4,0,0,0,0,0,0,0,0,0
ubt,bintrie,5,4,storage_mixed_k1,6,,5918,91678,2,0.1,15.5033,4.2879,7.4583,30.7074,2.9855,11,0,0,0,3,0,0,0,1,303,6,5,54.55,0,0,0,0,0,0,0,0
ubt,bintrie,5,4,storage_mixed_k1,6,,5919,5911513,1,59.3065,6.0955,10.6461,0.9075,84.6954,69.7973,8,638,2,331,3,0,96,0,0,0,4,4,50,249,389,39.03,2,0,100,331,0
ubt,bintrie,5,4,storage_mixed_k1,6,,5920,21000,1,0.2851,8.547,5.6009,0.5509,15.1916,1.3823,6,0,0,0,2,0,0,0,0,0,2,4,33.33,0,0,0,0,0,0,0,0
ubt,bintrie,5,4,storage_mixed_k1,7,,5921,0,0,0.0495,28.7426,0.0025,0.2222,29.287,0,4,0,0,0,0,0,0,0,0,0,0,4,0,0,0,0,0,0,0,0,0
ubt,bintrie,5,4,storage_mixed_k1,7,,5922,0,0,0.0266,2.9554,0.0014,0.1497,3.2892,0,4,0,0,0,0,0,0,0,0,0,0,4,0,0,0,0,0,0,0,0,0
ubt,bintrie,5,4,storage_mixed_k1,7,,5923,91678,2,0.1851,13.7284,3.8651,5.2606,29.2435,3.135,11,0,0,0,3,0,0,0,1,303,6,5,54.55,0,0,0,0,0,0,0,0
ubt,bintrie,5,4,storage_mixed_k1,7,,5924,5911513,1,55.8494,8.1451,23.11,1.6959,90.9533,64.995,8,638,2,331,3,0,96,0,0,0,3,5,37.5,117,521,18.34,2,0,100,331,0
ubt,bintrie,5,4,storage_mixed_k1,7,,5925,21000,1,0.0706,4.2331,10.2692,0.9879,15.7596,1.3325,6,0,0,0,2,0,0,0,0,0,2,4,33.33,0,0,0,0,0,0,0,0
ubt,bintrie,5,4,storage_mixed_k1,8,,5926,0,0,0.0324,14.7783,0.0035,0.2482,15.2414,0,4,0,0,0,0,0,0,0,0,0,0,4,0,0,0,0,0,0,0,0,0
ubt,bintrie,5,4,storage_mixed_k1,8,,5927,0,0,0.0449,11.595,0.0028,0.1278,11.9327,0,4,0,0,0,0,0,0,0,0,0,0,4,0,0,0,0,0,0,0,0,0
ubt,bintrie,5,4,storage_mixed_k1,8,,5928,91678,2,0.0929,20.7325,5.5502,6.869,33.4431,2.7413,11,0,0,0,3,0,0,0,1,303,6,5,54.55,0,0,0,0,0,0,0,0
ubt,bintrie,5,4,storage_mixed_k1,8,,5929,5911513,1,62.8752,13.542,2.7875,2.5012,81.9221,72.1602,8,638,2,331,3,0,96,0,0,0,3,5,37.5,383,255,60.03,2,0,100,331,0
ubt,bintrie,5,4,storage_mixed_k1,8,,5930,21000,1,0.0752,19.9584,2.3722,0.548,23.1678,0.9064,6,0,0,0,2,0,0,0,0,0,2,4,33.33,0,0,0,0,0,0,0,0
ubt,bintrie,5,4,storage_mixed_k1,9,,5931,0,0,0.0541,19.0249,0.0029,0.2098,19.5577,0,4,0,0,0,0,0,0,0,0,0,0,4,0,0,0,0,0,0,0,0,0
ubt,bintrie,5,4,storage_mixed_k1,9,,5932,0,0,0.0238,5.5561,0.0016,0.8968,6.6364,0,4,0,0,0,0,0,0,0,0,0,0,4,0,0,0,0,0,0,0,0,0
ubt,bintrie,5,4,storage_mixed_k1,9,,5933,91678,2,0.1341,9.1476,11.1061,6.6144,27.2259,3.3673,11,0,0,0,3,0,0,0,1,303,5,6,45.45,0,0,0,0,0,0,0,0
ubt,bintrie,5,4,storage_mixed_k1,9,,5934,5911513,1,59.9286,10.177,9.0517,1.5899,81.1247,72.8695,8,638,2,331,3,0,96,0,0,0,4,4,50,136,502,21.32,2,0,100,331,0
ubt,bintrie,5,4,storage_mixed_k1,9,,5935,21000,1,0.0857,3.953,14.3592,0.5846,21.9183,0.9581,6,0,0,0,2,0,0,0,0,0,2,4,33.33,0,0,0,0,0,0,0,0
ubt,bintrie,5,4,storage_mixed_k10,10,,6039,0,0,0.0547,21.1645,0.0027,0.2793,21.787,0,4,0,0,0,0,0,0,0,0,0,0,4,0,0,0,0,0,0,0,0,0
ubt,bintrie,5,4,storage_mixed_k10,10,,6040,0,0,0.0305,2.7231,0.0031,0.1481,3.1187,0,4,0,0,0,0,0,0,0,0,0,0,4,0,0,0,0,0,0,0,0,0
ubt,bintrie,5,4,storage_mixed_k10,10,,6041,0,0,0.0604,20.6574,0.003,0.1825,21.0942,0,4,0,0,0,0,0,0,0,0,0,0,4,0,0,0,0,0,0,0,0,0
ubt,bintrie,5,4,storage_mixed_k10,10,,6042,91710,2,0.1089,29.3035,4.438,5.6815,39.7894,2.3049,11,0,0,0,3,0,0,0,1,305,6,5,54.55,0,0,0,0,0,0,0,0
ubt,bintrie,5,4,storage_mixed_k10,10,,6043,5908267,1,56.6747,23.3124,21.4449,0.9615,102.5613,57.6072,17,723,11,585,3,0,85,0,0,0,7,10,41.18,221,502,30.57,11,0,100,585,0
ubt,bintrie,5,4,storage_mixed_k10,10,,6044,21000,1,0.0696,8.9592,3.814,0.8153,13.8703,1.514,6,0,0,0,2,0,0,0,0,0,2,4,33.33,0,0,0,0,0,0,0,0
ubt,bintrie,5,4,storage_mixed_k10,11,,6046,0,0,0.0478,16.0448,0.0027,0.1878,16.6056,0,4,0,0,0,0,0,0,0,0,0,0,4,0,0,0,0,0,0,0,0,0
ubt,bintrie,5,4,storage_mixed_k10,11,,6047,0,0,0.0358,7.778,0.003,0.229,11.082,0,4,0,0,0,0,0,0,0,0,0,0,4,0,0,0,0,0,0,0,0,0
ubt,bintrie,5,4,storage_mixed_k10,11,,6048,91710,2,1.2113,17.2985,11.932,8.2182,38.8837,2.3586,11,0,0,0,3,0,0,0,1,305,5,6,45.45,0,0,0,0,0,0,0,0
ubt,bintrie,5,4,storage_mixed_k10,11,,6049,5908267,1,66.7613,12.5982,5.6207,0.9568,94.0929,62.7918,17,723,11,585,3,0,85,0,0,0,5,12,29.41,450,273,62.24,11,0,100,585,0
ubt,bintrie,5,4,storage_mixed_k10,11,,6050,21000,1,0.3552,4.3723,2.6231,1.2936,8.9203,2.3542,6,0,0,0,2,0,0,0,0,0,0,6,0,0,0,0,0,0,0,0,0
ubt,bintrie,5,4,storage_mixed_k10,12,,6051,0,0,0.0748,5.5384,0.0022,0.2748,6.0944,0,4,0,0,0,0,0,0,0,0,0,0,4,0,0,0,0,0,0,0,0,0
ubt,bintrie,5,4,storage_mixed_k10,12,,6052,0,0,0.0419,22.5808,0.003,0.1451,22.9542,0,4,0,0,0,0,0,0,0,0,0,0,4,0,0,0,0,0,0,0,0,0
ubt,bintrie,5,4,storage_mixed_k10,12,,6053,91710,2,0.1505,22.0669,2.8433,5.6788,30.9227,2.9658,11,0,0,0,3,0,0,0,1,305,5,6,45.45,0,0,0,0,0,0,0,0
ubt,bintrie,5,4,storage_mixed_k10,12,,6054,5908267,1,58.2452,23.8218,7.0561,1.567,93.3321,63.3037,17,723,11,585,3,0,85,0,0,0,3,14,17.65,414,309,57.26,11,0,100,585,0
ubt,bintrie,5,4,storage_mixed_k10,12,,6055,21000,1,0.1116,16.4951,3.491,0.5143,20.7788,1.0106,6,0,0,0,2,0,0,0,0,0,2,4,33.33,0,0,0,0,0,0,0,0
ubt,bintrie,5,4,storage_mixed_k10,13,,6056,0,0,0.0461,24.6483,0.0096,0.1836,25.0822,0,4,0,0,0,0,0,0,0,0,0,0,4,0,0,0,0,0,0,0,0,0
ubt,bintrie,5,4,storage_mixed_k10,13,,6057,0,0,0.0435,6.4578,0.002,0.2024,6.8889,0,4,0,0,0,0,0,0,0,0,0,0,4,0,0,0,0,0,0,0,0,0
ubt,bintrie,5,4,storage_mixed_k10,13,,6058,91710,2,1.9504,24.5561,7.3498,4.9481,38.9747,2.3531,11,0,0,0,3,0,0,0,1,305,5,6,45.45,0,0,0,0,0,0,0,0
ubt,bintrie,5,4,storage_mixed_k10,13,,6059,5908267,1,69.6608,24.255,15.6043,0.9712,110.6925,53.3755,17,723,11,585,3,0,85,0,0,0,7,10,41.18,70,653,9.68,11,0,100,585,0
ubt,bintrie,5,4,storage_mixed_k10,13,,6060,21000,1,0.2517,16.0125,3.745,0.5368,20.7362,1.0127,6,0,0,0,2,0,0,0,0,0,2,4,33.33,0,0,0,0,0,0,0,0
ubt,bintrie,5,4,storage_mixed_k10,14,,6061,0,0,0.0517,21.4615,0.0042,0.2435,22.0505,0,4,0,0,0,0,0,0,0,0,0,0,4,0,0,0,0,0,0,0,0,0
ubt,bintrie,5,4,storage_mixed_k10,14,,6062,0,0,0.0283,9.75,0.0021,0.1495,10.1115,0,4,0,0,0,0,0,0,0,0,0,0,4,0,0,0,0,0,0,0,0,0
ubt,bintrie,5,4,storage_mixed_k10,14,,6063,91710,2,0.1392,20.1731,2.7746,5.5715,29.5502,3.1035,11,0,0,0,3,0,0,0,1,305,5,6,45.45,0,0,0,0,0,0,0,0
ubt,bintrie,5,4,storage_mixed_k10,14,,6064,5908267,1,78.1515,16.5977,12.6383,1.0975,109.0887,54.1602,17,723,11,585,3,0,85,0,0,0,3,14,17.65,147,576,20.33,11,0,100,585,0
ubt,bintrie,5,4,storage_mixed_k10,14,,6065,21000,1,0.0865,22.7767,2.4093,0.6049,26.0454,0.8063,6,0,0,0,2,0,0,0,0,0,2,4,33.33,0,0,0,0,0,0,0,0
ubt,bintrie,5,4,storage_mixed_k10,15,,6066,0,0,0.0694,21.8316,0.0159,0.2038,22.3412,0,4,0,0,0,0,0,0,0,0,0,0,4,0,0,0,0,0,0,0,0,0
ubt,bintrie,5,4,storage_mixed_k10,15,,6067,0,0,0.031,23.7464,0.0028,0.148,24.1454,0,4,0,0,0,0,0,0,0,0,0,0,4,0,0,0,0,0,0,0,0,0
ubt,bintrie,5,4,storage_mixed_k10,15,,6068,0,0,0.0402,3.4825,0.0026,0.2211,3.9985,0,4,0,0,0,0,0,0,0,0,0,0,4,0,0,0,0,0,0,0,0,0
ubt,bintrie,5,4,storage_mixed_k10,15,,6069,91710,2,0.1309,23.5445,14.2003,9.6766,49.0907,1.8682,11,0,0,0,3,0,0,0,1,305,6,5,54.55,0,0,0,0,0,0,0,0
ubt,bintrie,5,4,storage_mixed_k10,15,,6070,5908267,1,59.5784,25.8998,6.0946,1.3622,102.0526,57.8943,17,723,11,585,3,0,85,0,0,0,4,13,23.53,328,395,45.37,11,0,100,585,0
ubt,bintrie,5,4,storage_mixed_k10,15,,6071,21000,1,0.0889,3.3229,16.4022,0.6413,20.6814,1.0154,6,0,0,0,2,0,0,0,0,0,2,4,33.33,0,0,0,0,0,0,0,0
ubt,bintrie,5,4,storage_mixed_k10,16,,6073,0,0,0.0581,12.8294,0.0027,0.1656,16.2549,0,4,0,0,0,0,0,0,0,0,0,0,4,0,0,0,0,0,0,0,0,0
ubt,bintrie,5,4,storage_mixed_k10,16,,6074,0,0,0.0372,6.8099,0.0027,0.3177,7.3826,0,4,0,0,0,0,0,0,0,0,0,0,4,0,0,0,0,0,0,0,0,0
ubt,bintrie,5,4,storage_mixed_k10,16,,6075,0,0,0.0371,3.4565,0.0026,0.227,3.9251,0,4,0,0,0,0,0,0,0,0,0,0,4,0,0,0,0,0,0,0,0,0
ubt,bintrie,5,4,storage_mixed_k10,16,,6076,91710,2,0.1135,15.2207,8.1723,6.5904,30.3172,3.025,11,0,0,0,3,0,0,0,1,305,6,5,54.55,0,0,0,0,0,0,0,0
ubt,bintrie,5,4,storage_mixed_k10,16,,6077,5908267,1,63.5523,23.372,11.5813,1.6211,100.2905,58.9115,17,723,11,585,3,0,85,0,0,0,3,14,17.65,54,669,7.47,11,0,100,585,0
ubt,bintrie,5,4,storage_mixed_k10,16,,6078,21000,1,0.0881,22.1596,3.0467,0.586,26.1238,0.8039,6,0,0,0,2,0,0,0,0,0,2,4,33.33,0,0,0,0,0,0,0,0
ubt,bintrie,5,4,storage_mixed_k10,16,,6079,0,0,0.0449,4.8501,0.0024,0.1643,5.2768,0,4,0,0,0,0,0,0,0,0,0,0,4,0,0,0,0,0,0,0,0,0
ubt,bintrie,5,4,storage_mixed_k10,17,,6080,0,0,0.0321,2.7078,0.0014,0.372,3.2926,0,4,0,0,0,0,0,0,0,0,0,0,4,0,0,0,0,0,0,0,0,0
ubt,bintrie,5,4,storage_mixed_k10,17,,6081,0,0,0.0408,20.6359,0.0023,0.1945,21.0764,0,4,0,0,0,0,0,0,0,0,0,0,4,0,0,0,0,0,0,0,0,0
ubt,bintrie,5,4,storage_mixed_k10,17,,6082,0,0,0.0675,22.5739,0.0036,0.1859,25.8019,0,4,0,0,0,0,0,0,0,0,0,0,4,0,0,0,0,0,0,0,0,0
ubt,bintrie,5,4,storage_mixed_k10,17,,6083,91710,2,0.1688,7.7242,6.1986,5.7474,26.5383,3.4558,11,0,0,0,3,0,0,0,1,305,5,6,45.45,0,0,0,0,0,0,0,0
ubt,bintrie,5,4,storage_mixed_k10,17,,6084,5908267,1,69.6488,11.4107,14.2748,1.6961,97.4178,60.6488,17,723,11,585,3,0,85,0,0,0,5,12,29.41,492,231,68.05,11,0,100,585,0
ubt,bintrie,5,4,storage_mixed_k10,17,,6085,21000,1,0.079,15.8663,2.5837,0.5513,19.2479,1.091,6,0,0,0,2,0,0,0,0,0,0,6,0,0,0,0,0,0,0,0,0
ubt,bintrie,5,4,storage_mixed_k10,17,,6086,0,0,0.2093,15.4427,0.0035,0.1604,16.9765,0,4,0,0,0,0,0,0,0,0,0,0,4,0,0,0,0,0,0,0,0,0
ubt,bintrie,5,4,storage_mixed_k10,18,,6087,0,0,0.0693,14.6327,0.0024,3.5016,20.8403,0,4,0,0,0,0,0,0,0,0,0,0,4,0,0,0,0,0,0,0,0,0
ubt,bintrie,5,4,storage_mixed_k10,18,,6088,0,0,0.0451,27.2806,0.0029,0.129,27.738,0,4,0,0,0,0,0,0,0,0,0,0,4,0,0,0,0,0,0,0,0,0
ubt,bintrie,5,4,storage_mixed_k10,18,,6089,91710,2,0.1593,21.4286,5.318,5.6676,32.8151,2.7947,11,0,0,0,3,0,0,0,1,305,5,6,45.45,0,0,0,0,0,0,0,0
ubt,bintrie,5,4,storage_mixed_k10,18,,6090,5908267,1,78.0144,18.1844,14.0759,1.6111,112.5778,52.4816,17,723,11,585,3,0,85,0,0,0,3,14,17.65,381,342,52.7,11,0,100,585,0
ubt,bintrie,5,4,storage_mixed_k10,18,,6091,21000,1,0.0751,11.1832,6.017,0.9405,18.5681,1.131,6,0,0,0,2,0,0,0,0,0,2,4,33.33,0,0,0,0,0,0,0,0
ubt,bintrie,5,4,storage_mixed_k10,19,,6092,0,0,0.0827,7.9951,0.0017,0.181,8.4923,0,4,0,0,0,0,0,0,0,0,0,0,4,0,0,0,0,0,0,0,0,0
ubt,bintrie,5,4,storage_mixed_k10,19,,6093,0,0,0.0426,3.5768,0.0028,0.136,3.9638,0,4,0,0,0,0,0,0,0,0,0,0,4,0,0,0,0,0,0,0,0,0
ubt,bintrie,5,4,storage_mixed_k10,19,,6094,0,0,0.0415,10.3845,0.0023,0.2118,10.8411,0,4,0,0,0,0,0,0,0,0,0,0,4,0,0,0,0,0,0,0,0,0
ubt,bintrie,5,4,storage_mixed_k10,19,,6095,91710,2,0.1343,22.3459,4.8482,5.6172,33.1562,2.766,11,0,0,0,3,0,0,0,1,305,5,6,45.45,0,0,0,0,0,0,0,0
ubt,bintrie,5,4,storage_mixed_k10,19,,6096,5908267,1,74.3568,17.3098,15.7754,0.9526,109.2398,54.0853,17,723,11,585,3,0,85,0,0,0,3,14,17.65,251,472,34.72,11,0,100,585,0
ubt,bintrie,5,4,storage_mixed_k10,19,,6097,21000,1,0.191,7.7048,20.4066,0.6495,29.9999,0.7,6,0,0,0,2,0,0,0,0,0,0,6,0,0,0,0,0,0,0,0,0
ubt,bintrie,5,4,storage_mixed_k10,19,,6098,0,0,0.0239,2.6794,0.0014,0.1232,3.0008,0,4,0,0,0,0,0,0,0,0,0,0,4,0,0,0,0,0,0,0,0,0
ubt,bintrie,5,4,storage_mixed_k10,1,,5991,0,0,0.0485,25.4052,0.003,0.2063,25.9488,0,4,0,0,0,0,0,0,0,0,0,0,4,0,0,0,0,0,0,0,0,0
ubt,bintrie,5,4,storage_mixed_k10,1,,5992,0,0,0.0499,2.728,0.0019,0.0942,3.05,0,4,0,0,0,0,0,0,0,0,0,0,4,0,0,0,0,0,0,0,0,0
ubt,bintrie,5,4,storage_mixed_k10,1,,5993,91710,2,2.1284,7.4656,11.594,5.4084,26.782,3.4243,11,0,0,0,3,0,0,0,1,305,5,6,45.45,0,0,0,0,0,0,0,0
ubt,bintrie,5,4,storage_mixed_k10,1,,5994,5908267,1,61.2917,23.0468,13.1073,0.9728,100.998,58.4989,17,723,11,585,3,0,85,0,0,0,8,9,47.06,527,196,72.89,11,0,100,585,0
ubt,bintrie,5,4,storage_mixed_k10,1,,5995,21000,1,0.0909,14.8611,2.8229,0.6836,18.691,1.1235,6,0,0,0,2,0,0,0,0,0,2,4,33.33,0,0,0,0,0,0,0,0
ubt,bintrie,5,4,storage_mixed_k10,20,,6099,0,0,0.0478,3.7129,0.0028,5.7628,10.7472,0,4,0,0,0,0,0,0,0,0,0,0,4,0,0,0,0,0,0,0,0,0
ubt,bintrie,5,4,storage_mixed_k10,20,,6100,0,0,0.0372,22.8833,0.0023,0.1314,23.2282,0,4,0,0,0,0,0,0,0,0,0,0,4,0,0,0,0,0,0,0,0,0
ubt,bintrie,5,4,storage_mixed_k10,20,,6101,0,0,0.0481,17.1226,0.0031,0.1669,19.7515,0,4,0,0,0,0,0,0,0,0,0,0,4,0,0,0,0,0,0,0,0,0
ubt,bintrie,5,4,storage_mixed_k10,20,,6102,91710,2,0.1063,19.2043,8.2726,5.2115,32.9878,2.7801,11,0,0,0,3,0,0,0,1,305,5,6,45.45,0,0,0,0,0,0,0,0
ubt,bintrie,5,4,storage_mixed_k10,20,,6103,5908267,1,71.1463,14.5825,13.0378,1.0075,100.3202,58.8941,17,723,11,585,3,0,85,0,0,0,3,14,17.65,499,224,69.02,11,0,100,585,0
ubt,bintrie,5,4,storage_mixed_k10,20,,6104,21000,1,0.7276,3.4536,19.9826,0.5719,25.2213,0.8326,6,0,0,0,2,0,0,0,0,0,2,4,33.33,0,0,0,0,0,0,0,0
ubt,bintrie,5,4,storage_mixed_k10,20,,6105,0,0,2.9691,11.199,0.0039,0.1774,14.5743,0,4,0,0,0,0,0,0,0,0,0,0,4,0,0,0,0,0,0,0,0,0
ubt,bintrie,5,4,storage_mixed_k10,2,,5996,0,0,0.0748,21.0681,0.0031,0.172,21.5442,0,4,0,0,0,0,0,0,0,0,0,0,4,0,0,0,0,0,0,0,0,0
ubt,bintrie,5,4,storage_mixed_k10,2,,5997,0,0,0.0289,4.7484,0.0149,0.1934,5.1602,0,4,0,0,0,0,0,0,0,0,0,0,4,0,0,0,0,0,0,0,0,0
ubt,bintrie,5,4,storage_mixed_k10,2,,5998,91710,2,10.9519,3.0588,4.3724,5.7823,24.3251,3.7702,11,0,0,0,3,0,0,0,1,305,5,6,45.45,0,0,0,0,0,0,0,0
ubt,bintrie,5,4,storage_mixed_k10,2,,5999,5908267,1,60.3584,21.4644,7.885,0.8742,95.7976,61.6745,17,723,11,585,3,0,85,0,0,0,5,12,29.41,406,317,56.15,11,0,100,585,0
ubt,bintrie,5,4,storage_mixed_k10,2,,6000,21000,1,0.0658,4.4499,12.0828,0.5305,19.1139,1.0987,6,0,0,0,2,0,0,0,0,0,2,4,33.33,0,0,0,0,0,0,0,0
ubt,bintrie,5,4,storage_mixed_k10,3,,6001,0,0,0.0486,19.679,0.0026,0.1829,20.2273,0,4,0,0,0,0,0,0,0,0,0,0,4,0,0,0,0,0,0,0,0,0
ubt,bintrie,5,4,storage_mixed_k10,3,,6002,0,0,0.0261,2.6098,0.0016,0.1094,2.9087,0,4,0,0,0,0,0,0,0,0,0,0,4,0,0,0,0,0,0,0,0,0
ubt,bintrie,5,4,storage_mixed_k10,3,,6003,91710,2,0.1461,5.8203,12.9342,4.9228,23.9858,3.8235,11,0,0,0,3,0,0,0,1,305,5,6,45.45,0,0,0,0,0,0,0,0
ubt,bintrie,5,4,storage_mixed_k10,3,,6004,5908267,1,62.0237,17.3951,17.3222,0.9503,97.9908,60.2941,17,723,11,585,3,0,85,0,0,0,3,14,17.65,81,642,11.2,11,0,100,585,0
ubt,bintrie,5,4,storage_mixed_k10,3,,6005,21000,1,0.0814,16.5248,8.5243,0.5682,25.8892,0.8112,6,0,0,0,2,0,0,0,0,0,2,4,33.33,0,0,0,0,0,0,0,0
ubt,bintrie,5,4,storage_mixed_k10,4,,6006,0,0,0.0435,23.4532,0.0029,0.2127,23.9563,0,4,0,0,0,0,0,0,0,0,0,0,4,0,0,0,0,0,0,0,0,0
ubt,bintrie,5,4,storage_mixed_k10,4,,6007,0,0,0.0333,7.443,0.0035,0.2012,9.4515,0,4,0,0,0,0,0,0,0,0,0,0,4,0,0,0,0,0,0,0,0,0
ubt,bintrie,5,4,storage_mixed_k10,4,,6008,91710,2,0.1118,21.9974,3.0961,8.649,34.0424,2.694,11,0,0,0,3,0,0,0,1,305,6,5,54.55,0,0,0,0,0,0,0,0
ubt,bintrie,5,4,storage_mixed_k10,4,,6009,5908267,1,74.02,13.9526,4.6626,0.8568,93.6784,63.0697,17,723,11,585,3,0,85,0,0,0,5,12,29.41,526,197,72.75,11,0,100,585,0
ubt,bintrie,5,4,storage_mixed_k10,4,,6010,21000,1,0.0765,3.0669,14.4077,0.52,20.0895,1.0453,6,0,0,0,2,0,0,0,0,0,2,4,33.33,0,0,0,0,0,0,0,0
ubt,bintrie,5,4,storage_mixed_k10,5,,6011,0,0,0.0369,16.5035,0.0025,0.2052,16.919,0,4,0,0,0,0,0,0,0,0,0,0,4,0,0,0,0,0,0,0,0,0
ubt,bintrie,5,4,storage_mixed_k10,5,,6012,0,0,0.0231,2.5171,0.0013,0.12,2.8676,0,4,0,0,0,0,0,0,0,0,0,0,4,0,0,0,0,0,0,0,0,0
ubt,bintrie,5,4,storage_mixed_k10,5,,6013,91710,2,0.1636,16.7721,8.3333,5.931,31.3574,2.9247,11,0,0,0,3,0,0,0,1,305,6,5,54.55,0,0,0,0,0,0,0,0
ubt,bintrie,5,4,storage_mixed_k10,5,,6014,5908267,1,61.069,15.1933,7.3636,0.9132,86.0399,68.6689,17,723,11,585,3,0,85,0,0,0,6,11,35.29,99,624,13.69,11,0,100,585,0
ubt,bintrie,5,4,storage_mixed_k10,5,,6015,21000,1,0.0928,4.2245,7.793,0.5466,19.1541,1.0964,6,0,0,0,2,0,0,0,0,0,2,4,33.33,0,0,0,0,0,0,0,0
ubt,bintrie,5,4,storage_mixed_k10,6,,6016,0,0,0.045,16.9482,0.0023,0.2051,17.4649,0,4,0,0,0,0,0,0,0,0,0,0,4,0,0,0,0,0,0,0,0,0
ubt,bintrie,5,4,storage_mixed_k10,6,,6017,0,0,0.0365,10.5463,0.0031,0.1569,10.9281,0,4,0,0,0,0,0,0,0,0,0,0,4,0,0,0,0,0,0,0,0,0
ubt,bintrie,5,4,storage_mixed_k10,6,,6018,91710,2,0.1406,20.6732,6.4588,9.1472,36.615,2.5047,11,0,0,0,3,0,0,0,1,305,5,6,45.45,0,0,0,0,0,0,0,0
ubt,bintrie,5,4,storage_mixed_k10,6,,6019,5908267,1,59.6643,5.0525,22.7436,1.0643,88.7316,66.5859,17,723,11,585,3,0,85,0,0,0,6,11,35.29,503,220,69.57,11,0,100,585,0
ubt,bintrie,5,4,storage_mixed_k10,6,,6020,21000,1,0.078,15.2758,5.3281,0.5558,21.5218,0.9758,6,0,0,0,2,0,0,0,0,0,2,4,33.33,0,0,0,0,0,0,0,0
ubt,bintrie,5,4,storage_mixed_k10,7,,6021,0,0,0.0545,21.7365,0.003,0.2249,22.2256,0,4,0,0,0,0,0,0,0,0,0,0,4,0,0,0,0,0,0,0,0,0
ubt,bintrie,5,4,storage_mixed_k10,7,,6022,0,0,0.0265,2.5926,0.0023,0.1559,2.9179,0,4,0,0,0,0,0,0,0,0,0,0,4,0,0,0,0,0,0,0,0,0
ubt,bintrie,5,4,storage_mixed_k10,7,,6023,0,0,0.0243,5.6835,0.0016,0.0961,6.0096,0,4,0,0,0,0,0,0,0,0,0,0,4,0,0,0,0,0,0,0,0,0
ubt,bintrie,5,4,storage_mixed_k10,7,,6024,91710,2,3.7093,3.8027,11.9211,5.2489,27.3473,3.3535,11,0,0,0,3,0,0,0,1,305,6,5,54.55,0,0,0,0,0,0,0,0
ubt,bintrie,5,4,storage_mixed_k10,7,,6025,5908267,1,63.8649,17.4141,5.8905,0.979,96.1985,61.4174,17,723,11,585,3,0,85,0,0,0,7,10,41.18,522,201,72.2,11,0,100,585,0
ubt,bintrie,5,4,storage_mixed_k10,7,,6026,21000,1,0.1311,44.0953,2.3243,0.6136,47.3702,0.4433,6,0,0,0,2,0,0,0,0,0,0,6,0,0,0,0,0,0,0,0,0
ubt,bintrie,5,4,storage_mixed_k10,8,,6027,0,0,0.0463,17.7804,0.0021,0.4085,18.4826,0,4,0,0,0,0,0,0,0,0,0,0,4,0,0,0,0,0,0,0,0,0
ubt,bintrie,5,4,storage_mixed_k10,8,,6028,0,0,0.0219,2.5965,0.0015,0.0945,2.8642,0,4,0,0,0,0,0,0,0,0,0,0,4,0,0,0,0,0,0,0,0,0
ubt,bintrie,5,4,storage_mixed_k10,8,,6029,91710,2,0.1084,8.2278,13.6059,7.2269,29.3494,3.1248,11,0,0,0,3,0,0,0,1,305,6,5,54.55,0,0,0,0,0,0,0,0
ubt,bintrie,5,4,storage_mixed_k10,8,,6030,5908267,1,62.9862,7.1922,17.7888,1.1226,89.9033,65.718,17,723,11,585,3,0,85,0,0,0,10,7,58.82,517,206,71.51,11,0,100,585,0
ubt,bintrie,5,4,storage_mixed_k10,8,,6031,21000,1,0.0721,1.4355,4.7288,0.6121,21.0477,0.9977,6,0,0,0,2,0,0,0,0,0,2,4,33.33,0,0,0,0,0,0,0,0
ubt,bintrie,5,4,storage_mixed_k10,9,,6032,0,0,0.0573,18.4645,0.005,0.2423,19.007,0,4,0,0,0,0,0,0,0,0,0,0,4,0,0,0,0,0,0,0,0,0
ubt,bintrie,5,4,storage_mixed_k10,9,,6033,0,0,0.0295,2.9768,0.002,0.1469,3.3184,0,4,0,0,0,0,0,0,0,0,0,0,4,0,0,0,0,0,0,0,0,0
ubt,bintrie,5,4,storage_mixed_k10,9,,6034,0,0,0.0323,5.5652,0.0034,0.1666,5.9827,0,4,0,0,0,0,0,0,0,0,0,0,4,0,0,0,0,0,0,0,0,0
ubt,bintrie,5,4,storage_mixed_k10,9,,6035,91710,2,0.2066,17.3366,5.5593,6.5274,30.3099,3.0257,11,0,0,0,3,0,0,0,1,305,4,7,36.36,0,0,0,0,0,0,0,0
ubt,bintrie,5,4,storage_mixed_k10,9,,6036,5908267,1,67.8346,15.539,15.5899,1.3708,101.0896,58.4459,17,723,11,585,3,0,85,0,0,0,5,12,29.41,286,437,39.56,11,0,100,585,0
ubt,bintrie,5,4,storage_mixed_k10,9,,6037,21000,1,0.1121,24.6826,2.4529,0.5709,28.0057,0.7498,6,0,0,0,2,0,0,0,0,0,2,4,33.33,0,0,0,0,0,0,0,0
ubt,bintrie,5,4,storage_mixed_k100,10,,6164,0,0,0.0639,4.6679,0.002,0.236,5.2142,0,4,0,0,0,0,0,0,0,0,0,0,4,0,0,0,0,0,0,0,0,0
ubt,bintrie,5,4,storage_mixed_k100,10,,6165,0,0,0.0463,10.5279,0.0024,2.249,14.4172,0,4,0,0,0,0,0,0,0,0,0,0,4,0,0,0,0,0,0,0,0,0
ubt,bintrie,5,4,storage_mixed_k100,10,,6166,0,0,0.0327,6.3747,0.0065,0.1486,6.7219,0,4,0,0,0,0,0,0,0,0,0,0,4,0,0,0,0,0,0,0,0,0
ubt,bintrie,5,4,storage_mixed_k100,10,,6167,91710,2,0.4239,17.2896,0.7525,4.8485,23.5607,3.8925,11,0,0,0,3,0,0,0,1,305,4,7,36.36,0,0,0,0,0,0,0,0
ubt,bintrie,5,4,storage_mixed_k100,10,,6168,5920754,1,69.741,20.3788,13.1792,1.5049,106.266,55.7164,107,785,101,3105,11,0,77,0,0,0,10,97,9.35,331,454,42.17,101,0,100,3105,0
ubt,bintrie,5,4,storage_mixed_k100,10,,6169,21000,1,0.0736,13.8835,8.8935,0.8375,23.8861,0.8792,6,0,0,0,2,0,0,0,0,0,2,4,33.33,0,0,0,0,0,0,0,0
ubt,bintrie,5,4,storage_mixed_k100,11,,6171,0,0,0.733,6.2028,0.0023,0.2774,7.3814,0,4,0,0,0,0,0,0,0,0,0,0,4,0,0,0,0,0,0,0,0,0
ubt,bintrie,5,4,storage_mixed_k100,11,,6172,0,0,0.0327,17.1198,0.0023,0.1088,17.4476,0,4,0,0,0,0,0,0,0,0,0,0,4,0,0,0,0,0,0,0,0,0
ubt,bintrie,5,4,storage_mixed_k100,11,,6173,91710,2,0.1047,22.3252,8.4982,7.6836,41.6418,2.2024,11,0,0,0,3,0,0,0,1,305,7,4,63.64,0,0,0,0,0,0,0,0
ubt,bintrie,5,4,storage_mixed_k100,11,,6174,5920754,1,53.765,17.6597,10.3675,1.6033,89.7054,66.0022,107,785,101,3105,11,0,77,0,0,0,20,87,18.69,221,564,28.15,101,0,100,3105,0
ubt,bintrie,5,4,storage_mixed_k100,11,,6175,21000,1,0.2437,12.383,4.4599,0.7254,22.709,0.9247,6,0,0,0,2,0,0,0,0,0,2,4,33.33,0,0,0,0,0,0,0,0
ubt,bintrie,5,4,storage_mixed_k100,12,,6177,0,0,0.2086,6.0317,0.0022,0.2929,6.7561,0,4,0,0,0,0,0,0,0,0,0,0,4,0,0,0,0,0,0,0,0,0
ubt,bintrie,5,4,storage_mixed_k100,12,,6178,0,0,0.0395,21.4095,0.0025,0.1593,21.7874,0,4,0,0,0,0,0,0,0,0,0,0,4,0,0,0,0,0,0,0,0,0
ubt,bintrie,5,4,storage_mixed_k100,12,,6179,0,0,0.0324,8.7184,0.0026,0.1882,9.1132,0,4,0,0,0,0,0,0,0,0,0,0,4,0,0,0,0,0,0,0,0,0
ubt,bintrie,5,4,storage_mixed_k100,12,,6180,91710,2,0.105,11.597,7.4555,5.1614,26.3782,3.4767,11,0,0,0,3,0,0,0,1,305,7,4,63.64,0,0,0,0,0,0,0,0
ubt,bintrie,5,4,storage_mixed_k100,12,,6181,5920754,1,55.7184,22.2391,12.1627,1.5234,96.9874,61.0466,107,785,101,3105,11,0,77,0,0,0,8,99,7.48,102,683,12.99,101,0,100,3105,0
ubt,bintrie,5,4,storage_mixed_k100,12,,6182,21000,1,0.0699,9.3213,9.6775,0.9073,20.1663,1.0413,6,0,0,0,2,0,0,0,0,0,2,4,33.33,0,0,0,0,0,0,0,0
ubt,bintrie,5,4,storage_mixed_k100,13,,6183,0,0,0.5857,6.2356,0.0031,0.2978,7.5814,0,4,0,0,0,0,0,0,0,0,0,0,4,0,0,0,0,0,0,0,0,0
ubt,bintrie,5,4,storage_mixed_k100,13,,6184,0,0,0.033,21.6777,0.0022,0.1359,22.0194,0,4,0,0,0,0,0,0,0,0,0,0,4,0,0,0,0,0,0,0,0,0
ubt,bintrie,5,4,storage_mixed_k100,13,,6185,0,0,0.0312,19.061,0.0025,0.1026,19.3585,0,4,0,0,0,0,0,0,0,0,0,0,4,0,0,0,0,0,0,0,0,0
ubt,bintrie,5,4,storage_mixed_k100,13,,6186,91710,2,0.1368,23.3259,2.5629,4.4479,30.6597,2.9912,11,0,0,0,3,0,0,0,1,305,5,6,45.45,0,0,0,0,0,0,0,0
ubt,bintrie,5,4,storage_mixed_k100,13,,6187,5920754,1,57.5567,20.0082,10.0789,1.7529,97.1484,60.9454,107,785,101,3105,11,0,77,0,0,0,25,82,23.36,201,584,25.61,101,0,100,3105,0
ubt,bintrie,5,4,storage_mixed_k100,13,,6188,21000,1,0.0667,17.2392,2.9283,0.6702,21.0928,0.9956,6,0,0,0,2,0,0,0,0,0,2,4,33.33,0,0,0,0,0,0,0,0
ubt,bintrie,5,4,storage_mixed_k100,14,,6189,0,0,0.0512,5.0414,0.0022,0.2713,5.621,0,4,0,0,0,0,0,0,0,0,0,0,4,0,0,0,0,0,0,0,0,0
ubt,bintrie,5,4,storage_mixed_k100,14,,6190,0,0,0.0467,10.9113,0.0025,0.3469,11.5256,0,4,0,0,0,0,0,0,0,0,0,0,4,0,0,0,0,0,0,0,0,0
ubt,bintrie,5,4,storage_mixed_k100,14,,6191,0,0,0.0325,13.1826,0.0027,0.1369,13.5527,0,4,0,0,0,0,0,0,0,0,0,0,4,0,0,0,0,0,0,0,0,0
ubt,bintrie,5,4,storage_mixed_k100,14,,6192,91710,2,0.1984,19.5211,5.2484,5.6352,33.6472,2.7256,11,0,0,0,3,0,0,0,1,305,6,5,54.55,0,0,0,0,0,0,0,0
ubt,bintrie,5,4,storage_mixed_k100,14,,6193,5920754,1,69.4125,19.1398,5.2365,2.1216,105.4021,56.173,107,785,101,3105,11,0,77,0,0,0,38,69,35.51,229,556,29.17,101,0,100,3105,0
ubt,bintrie,5,4,storage_mixed_k100,14,,6194,21000,1,0.4972,14.6714,3.326,0.5292,24.6331,0.8525,6,0,0,0,2,0,0,0,0,0,0,6,0,0,0,0,0,0,0,0,0
ubt,bintrie,5,4,storage_mixed_k100,14,,6195,0,0,0.5165,16.1284,0.0023,0.162,17.3699,0,4,0,0,0,0,0,0,0,0,0,0,4,0,0,0,0,0,0,0,0,0
ubt,bintrie,5,4,storage_mixed_k100,15,,6196,0,0,0.0375,7.1688,0.0037,0.1939,7.6259,0,4,0,0,0,0,0,0,0,0,0,0,4,0,0,0,0,0,0,0,0,0
ubt,bintrie,5,4,storage_mixed_k100,15,,6197,0,0,0.0331,9.2352,0.0088,0.2277,9.6675,0,4,0,0,0,0,0,0,0,0,0,0,4,0,0,0,0,0,0,0,0,0
ubt,bintrie,5,4,storage_mixed_k100,15,,6198,91710,2,5.171,21.3101,5.8031,5.5635,41.5954,2.2048,11,0,0,0,3,0,0,0,1,305,5,6,45.45,0,0,0,0,0,0,0,0
ubt,bintrie,5,4,storage_mixed_k100,15,,6199,5920754,1,61.7772,17.3822,12.555,1.4935,93.6413,63.228,107,785,101,3105,11,0,77,0,0,0,80,27,74.77,291,494,37.07,101,0,100,3105,0
ubt,bintrie,5,4,storage_mixed_k100,15,,6200,21000,1,0.0877,9.4485,9.5688,0.5681,21.1815,0.9914,6,0,0,0,2,0,0,0,0,0,2,4,33.33,0,0,0,0,0,0,0,0
ubt,bintrie,5,4,storage_mixed_k100,16,,6201,0,0,0.0494,3.9515,0.0026,0.2982,4.4775,0,4,0,0,0,0,0,0,0,0,0,0,4,0,0,0,0,0,0,0,0,0
ubt,bintrie,5,4,storage_mixed_k100,16,,6202,0,0,0.0465,10.4698,0.0023,0.1676,10.9112,0,4,0,0,0,0,0,0,0,0,0,0,4,0,0,0,0,0,0,0,0,0
ubt,bintrie,5,4,storage_mixed_k100,16,,6203,0,0,0.0409,4.1852,0.0026,0.1617,4.612,0,4,0,0,0,0,0,0,0,0,0,0,4,0,0,0,0,0,0,0,0,0
ubt,bintrie,5,4,storage_mixed_k100,16,,6204,91710,2,2.7791,14.7606,12.2683,5.4875,36.1212,2.539,11,0,0,0,3,0,0,0,1,305,5,6,45.45,0,0,0,0,0,0,0,0
ubt,bintrie,5,4,storage_mixed_k100,16,,6205,5920754,1,61.4915,16.3277,13.6864,1.5861,97.8967,60.4796,107,785,101,3105,11,0,77,0,0,0,32,75,29.91,181,604,23.06,101,0,100,3105,0
ubt,bintrie,5,4,storage_mixed_k100,16,,6206,21000,1,0.1836,16.0795,3.9928,0.4955,21.8356,0.9617,6,0,0,0,2,0,0,0,0,0,2,4,33.33,0,0,0,0,0,0,0,0
ubt,bintrie,5,4,storage_mixed_k100,17,,6208,0,0,0.0892,4.165,0.0024,0.2341,4.7362,0,4,0,0,0,0,0,0,0,0,0,0,4,0,0,0,0,0,0,0,0,0
ubt,bintrie,5,4,storage_mixed_k100,17,,6209,0,0,0.0429,18.1672,0.003,0.3592,19.1234,0,4,0,0,0,0,0,0,0,0,0,0,4,0,0,0,0,0,0,0,0,0
ubt,bintrie,5,4,storage_mixed_k100,17,,6210,0,0,0.0279,3.2493,0.0104,1.1166,4.5814,0,4,0,0,0,0,0,0,0,0,0,0,4,0,0,0,0,0,0,0,0,0
ubt,bintrie,5,4,storage_mixed_k100,17,,6211,91710,2,0.1207,20.5096,3.0302,6.0972,29.983,3.0587,11,0,0,0,3,0,0,0,1,305,5,6,45.45,0,0,0,0,0,0,0,0
ubt,bintrie,5,4,storage_mixed_k100,17,,6212,5920754,1,61.602,14.3191,13.4416,1.4014,91.9648,64.3807,107,785,101,3105,11,0,77,0,0,0,64,43,59.81,649,136,82.68,101,0,100,3105,0
ubt,bintrie,5,4,storage_mixed_k100,17,,6213,21000,1,0.078,11.7162,3.9081,0.5415,17.5325,1.1978,6,0,0,0,2,0,0,0,0,0,2,4,33.33,0,0,0,0,0,0,0,0
ubt,bintrie,5,4,storage_mixed_k100,18,,6215,0,0,0.0793,4.242,0.0033,0.2402,8.5858,0,4,0,0,0,0,0,0,0,0,0,0,4,0,0,0,0,0,0,0,0,0
ubt,bintrie,5,4,storage_mixed_k100,18,,6216,0,0,0.1062,11.7764,0.0029,3.4126,16.9839,0,4,0,0,0,0,0,0,0,0,0,0,4,0,0,0,0,0,0,0,0,0
ubt,bintrie,5,4,storage_mixed_k100,18,,6217,0,0,0.0291,8.4151,0.0029,0.1815,8.7661,0,4,0,0,0,0,0,0,0,0,0,0,4,0,0,0,0,0,0,0,0,0
ubt,bintrie,5,4,storage_mixed_k100,18,,6218,91710,2,0.1397,24.0975,12.0313,5.1604,42.146,2.176,11,0,0,0,3,0,0,0,1,305,6,5,54.55,0,0,0,0,0,0,0,0
ubt,bintrie,5,4,storage_mixed_k100,18,,6219,5920754,1,61.1886,22.1213,10.6135,1.5821,101.3895,58.3961,107,785,101,3105,11,0,77,0,0,0,29,78,27.1,152,633,19.36,101,0,100,3105,0
ubt,bintrie,5,4,storage_mixed_k100,18,,6220,21000,1,0.1072,20.6333,2.3535,0.486,23.9229,0.8778,6,0,0,0,2,0,0,0,0,0,2,4,33.33,0,0,0,0,0,0,0,0
ubt,bintrie,5,4,storage_mixed_k100,18,,6221,0,0,0.0297,6.4721,0.0024,0.1414,6.8278,0,4,0,0,0,0,0,0,0,0,0,0,4,0,0,0,0,0,0,0,0,0
ubt,bintrie,5,4,storage_mixed_k100,19,,6222,0,0,0.12,5.9531,0.0024,0.4853,6.9109,0,4,0,0,0,0,0,0,0,0,0,0,4,0,0,0,0,0,0,0,0,0
ubt,bintrie,5,4,storage_mixed_k100,19,,6223,0,0,0.0435,4.8542,0.0033,0.1311,5.2699,0,4,0,0,0,0,0,0,0,0,0,0,4,0,0,0,0,0,0,0,0,0
ubt,bintrie,5,4,storage_mixed_k100,19,,6224,0,0,0.03,4.9898,0.0028,0.2027,5.435,0,4,0,0,0,0,0,0,0,0,0,0,4,0,0,0,0,0,0,0,0,0
ubt,bintrie,5,4,storage_mixed_k100,19,,6225,91710,2,0.1447,20.9493,2.993,4.809,29.08,3.1537,11,0,0,0,3,0,0,0,1,305,5,6,45.45,0,0,0,0,0,0,0,0
ubt,bintrie,5,4,storage_mixed_k100,19,,6226,5920754,1,65.9903,20.2939,16.1331,2.038,105.3833,56.1831,107,785,101,3105,11,0,77,0,0,0,55,52,51.4,333,452,42.42,101,0,100,3105,0
ubt,bintrie,5,4,storage_mixed_k100,19,,6227,21000,1,0.0799,19.1252,2.5043,0.5782,22.5326,0.932,6,0,0,0,2,0,0,0,0,0,2,4,33.33,0,0,0,0,0,0,0,0
ubt,bintrie,5,4,storage_mixed_k100,19,,6228,0,0,0.0343,13.032,0.0027,0.1525,13.3886,0,4,0,0,0,0,0,0,0,0,0,0,4,0,0,0,0,0,0,0,0,0
ubt,bintrie,5,4,storage_mixed_k100,1,,6106,0,0,0.054,3.518,0.0031,0.2284,8.5383,0,4,0,0,0,0,0,0,0,0,0,0,4,0,0,0,0,0,0,0,0,0
ubt,bintrie,5,4,storage_mixed_k100,1,,6107,0,0,0.0424,19.9273,0.0019,0.11,20.8491,0,4,0,0,0,0,0,0,0,0,0,0,4,0,0,0,0,0,0,0,0,0
ubt,bintrie,5,4,storage_mixed_k100,1,,6108,0,0,0.0358,16.4659,0.0023,0.2057,16.8783,0,4,0,0,0,0,0,0,0,0,0,0,4,0,0,0,0,0,0,0,0,0
ubt,bintrie,5,4,storage_mixed_k100,1,,6109,91710,2,0.1272,8.7392,8.6987,5.5947,25.5433,3.5904,11,0,0,0,3,0,0,0,1,305,5,6,45.45,0,0,0,0,0,0,0,0
ubt,bintrie,5,4,storage_mixed_k100,1,,6110,5920754,1,53.724,22.0205,13.5292,1.544,93.3622,63.4171,107,785,101,3105,11,0,77,0,0,0,22,85,20.56,77,708,9.81,101,0,100,3105,0
ubt,bintrie,5,4,storage_mixed_k100,1,,6111,21000,1,0.1712,6.6477,4.8608,0.4967,24.7245,0.8494,6,0,0,0,2,0,0,0,0,0,0,6,0,0,0,0,0,0,0,0,0
ubt,bintrie,5,4,storage_mixed_k100,20,,6229,0,0,0.0506,3.7384,0.0134,0.3082,4.3947,0,4,0,0,0,0,0,0,0,0,0,0,4,0,0,0,0,0,0,0,0,0
ubt,bintrie,5,4,storage_mixed_k100,20,,6230,0,0,0.0322,20.8241,0.0024,0.1669,21.2015,0,4,0,0,0,0,0,0,0,0,0,0,4,0,0,0,0,0,0,0,0,0
ubt,bintrie,5,4,storage_mixed_k100,20,,6231,0,0,0.0453,21.4915,0.0035,0.1615,21.8425,0,4,0,0,0,0,0,0,0,0,0,0,4,0,0,0,0,0,0,0,0,0
ubt,bintrie,5,4,storage_mixed_k100,20,,6232,91710,2,0.1189,21.2504,2.561,4.5134,28.607,3.2059,11,0,0,0,3,0,0,0,1,305,6,5,54.55,0,0,0,0,0,0,0,0
ubt,bintrie,5,4,storage_mixed_k100,20,,6233,5920754,1,68.704,21.7466,10.7985,1.4349,105.3876,56.1808,107,785,101,3105,11,0,77,0,0,0,10,97,9.35,551,234,70.19,101,0,100,3105,0
ubt,bintrie,5,4,storage_mixed_k100,20,,6234,21000,1,0.0658,9.4742,17.6216,0.6577,28.0057,0.7498,6,0,0,0,2,0,0,0,0,0,2,4,33.33,0,0,0,0,0,0,0,0
ubt,bintrie,5,4,storage_mixed_k100,2,,6113,0,0,0.0488,7.183,0.0037,0.2995,10.0977,0,4,0,0,0,0,0,0,0,0,0,0,4,0,0,0,0,0,0,0,0,0
ubt,bintrie,5,4,storage_mixed_k100,2,,6114,0,0,0.0408,18.9511,0.0019,0.1384,19.3349,0,4,0,0,0,0,0,0,0,0,0,0,4,0,0,0,0,0,0,0,0,0
ubt,bintrie,5,4,storage_mixed_k100,2,,6115,0,0,0.0414,12.0669,0.0024,0.2179,12.6069,0,4,0,0,0,0,0,0,0,0,0,0,4,0,0,0,0,0,0,0,0,0
ubt,bintrie,5,4,storage_mixed_k100,2,,6116,91710,2,0.0912,21.1513,3.9561,5.7407,31.0947,2.9494,11,0,0,0,3,0,0,0,1,305,7,4,63.64,0,0,0,0,0,0,0,0
ubt,bintrie,5,4,storage_mixed_k100,2,,6117,5920754,1,68.9817,11.5313,16.4734,1.4102,103.3006,57.3158,107,785,101,3105,11,0,77,0,0,0,12,95,11.21,522,263,66.5,101,0,100,3105,0
ubt,bintrie,5,4,storage_mixed_k100,2,,6118,21000,1,0.361,6.3475,19.9576,0.6729,27.5444,0.7624,6,0,0,0,2,0,0,0,0,0,0,6,0,0,0,0,0,0,0,0,0
ubt,bintrie,5,4,storage_mixed_k100,3,,6119,0,0,0.0466,3.8792,0.0027,0.2889,5.5322,0,4,0,0,0,0,0,0,0,0,0,0,4,0,0,0,0,0,0,0,0,0
ubt,bintrie,5,4,storage_mixed_k100,3,,6120,0,0,0.0411,24.5729,0.0025,0.1594,24.9744,0,4,0,0,0,0,0,0,0,0,0,0,4,0,0,0,0,0,0,0,0,0
ubt,bintrie,5,4,storage_mixed_k100,3,,6121,0,0,0.0465,4.7813,0.012,0.1776,5.2189,0,4,0,0,0,0,0,0,0,0,0,0,4,0,0,0,0,0,0,0,0,0
ubt,bintrie,5,4,storage_mixed_k100,3,,6122,91710,2,0.4028,21.9529,16.7497,6.2848,45.6778,2.0078,11,0,0,0,3,0,0,0,1,305,4,7,36.36,0,0,0,0,0,0,0,0
ubt,bintrie,5,4,storage_mixed_k100,3,,6123,5920754,1,71.8174,22.6115,7.579,1.6294,113.9276,51.9694,107,785,101,3105,11,0,77,0,0,0,18,89,16.82,107,678,13.63,101,0,100,3105,0
ubt,bintrie,5,4,storage_mixed_k100,3,,6124,21000,1,0.0716,13.2506,3.8049,0.7079,18.5973,1.1292,6,0,0,0,2,0,0,0,0,0,2,4,33.33,0,0,0,0,0,0,0,0
ubt,bintrie,5,4,storage_mixed_k100,4,,6125,0,0,0.0377,4.9032,0.0026,0.2828,5.3954,0,4,0,0,0,0,0,0,0,0,0,0,4,0,0,0,0,0,0,0,0,0
ubt,bintrie,5,4,storage_mixed_k100,4,,6126,0,0,0.0552,8.6432,0.0025,2.459,14.6205,0,4,0,0,0,0,0,0,0,0,0,0,4,0,0,0,0,0,0,0,0,0
ubt,bintrie,5,4,storage_mixed_k100,4,,6127,0,0,0.0304,14.855,0.005,0.1499,15.1879,0,4,0,0,0,0,0,0,0,0,0,0,4,0,0,0,0,0,0,0,0,0
ubt,bintrie,5,4,storage_mixed_k100,4,,6128,91710,2,0.1651,17.8826,3.7912,4.6538,30.334,3.0233,11,0,0,0,3,0,0,0,1,305,5,6,45.45,0,0,0,0,0,0,0,0
ubt,bintrie,5,4,storage_mixed_k100,4,,6129,5920754,1,67.3085,15.3758,11.9599,1.2935,99.5188,59.4938,107,785,101,3105,11,0,77,0,0,0,15,92,14.02,545,240,69.43,101,0,100,3105,0
ubt,bintrie,5,4,storage_mixed_k100,4,,6130,21000,1,0.1483,8.7381,7.3413,0.5807,24.464,0.8584,6,0,0,0,2,0,0,0,0,0,2,4,33.33,0,0,0,0,0,0,0,0
ubt,bintrie,5,4,storage_mixed_k100,4,,6131,0,0,0.0371,4.4982,0.002,0.1476,4.8349,0,4,0,0,0,0,0,0,0,0,0,0,4,0,0,0,0,0,0,0,0,0
ubt,bintrie,5,4,storage_mixed_k100,5,,6132,0,0,0.1461,6.6313,0.0024,0.3239,7.3325,0,4,0,0,0,0,0,0,0,0,0,0,4,0,0,0,0,0,0,0,0,0
ubt,bintrie,5,4,storage_mixed_k100,5,,6133,0,0,0.0553,22.4414,0.0029,0.2438,23.903,0,4,0,0,0,0,0,0,0,0,0,0,4,0,0,0,0,0,0,0,0,0
ubt,bintrie,5,4,storage_mixed_k100,5,,6134,0,0,0.0302,19.6341,0.0021,0.1253,19.9718,0,4,0,0,0,0,0,0,0,0,0,0,4,0,0,0,0,0,0,0,0,0
ubt,bintrie,5,4,storage_mixed_k100,5,,6135,91710,2,0.3393,15.4397,19.3652,5.3305,43.5616,2.1053,11,0,0,0,3,0,0,0,1,305,4,7,36.36,0,0,0,0,0,0,0,0
ubt,bintrie,5,4,storage_mixed_k100,5,,6136,5920754,1,70.9416,15.1408,12.2249,1.4088,102.6568,57.6752,107,785,101,3105,11,0,77,0,0,0,29,78,27.1,597,188,76.05,101,0,100,3105,0
ubt,bintrie,5,4,storage_mixed_k100,5,,6137,21000,1,0.09,13.4695,4.0499,0.5244,18.3584,1.1439,6,0,0,0,2,0,0,0,0,0,2,4,33.33,0,0,0,0,0,0,0,0
ubt,bintrie,5,4,storage_mixed_k100,6,,6138,0,0,0.0539,6.294,0.0023,0.2654,6.9538,0,4,0,0,0,0,0,0,0,0,0,0,4,0,0,0,0,0,0,0,0,0
ubt,bintrie,5,4,storage_mixed_k100,6,,6139,0,0,0.0492,19.4445,0.0024,0.1547,19.8356,0,4,0,0,0,0,0,0,0,0,0,0,4,0,0,0,0,0,0,0,0,0
ubt,bintrie,5,4,storage_mixed_k100,6,,6140,0,0,0.0567,23.6293,0.0093,0.9355,25.5943,0,4,0,0,0,0,0,0,0,0,0,0,4,0,0,0,0,0,0,0,0,0
ubt,bintrie,5,4,storage_mixed_k100,6,,6141,91710,2,0.2064,15.182,11.5183,5.0944,32.206,2.8476,11,0,0,0,3,0,0,0,1,305,5,6,45.45,0,0,0,0,0,0,0,0
ubt,bintrie,5,4,storage_mixed_k100,6,,6142,5920754,1,60.7954,17.1856,14.8175,1.553,97.657,60.628,107,785,101,3105,11,0,77,0,0,0,47,60,43.93,619,166,78.85,101,0,100,3105,0
ubt,bintrie,5,4,storage_mixed_k100,6,,6143,21000,1,0.0691,10.6597,10.0592,0.5782,21.5741,0.9734,6,0,0,0,2,0,0,0,0,0,2,4,33.33,0,0,0,0,0,0,0,0
ubt,bintrie,5,4,storage_mixed_k100,6,,6144,0,0,0.0377,8.6339,0.0026,0.1784,9.0849,0,4,0,0,0,0,0,0,0,0,0,0,4,0,0,0,0,0,0,0,0,0
ubt,bintrie,5,4,storage_mixed_k100,7,,6145,0,0,0.0395,4.6303,0.0026,0.2961,5.1795,0,4,0,0,0,0,0,0,0,0,0,0,4,0,0,0,0,0,0,0,0,0
ubt,bintrie,5,4,storage_mixed_k100,7,,6146,0,0,0.0287,23.8415,0.0027,0.1435,24.2004,0,4,0,0,0,0,0,0,0,0,0,0,4,0,0,0,0,0,0,0,0,0
ubt,bintrie,5,4,storage_mixed_k100,7,,6147,0,0,0.0362,6.6922,0.0017,0.1581,7.0622,0,4,0,0,0,0,0,0,0,0,0,0,4,0,0,0,0,0,0,0,0,0
ubt,bintrie,5,4,storage_mixed_k100,7,,6148,91710,2,0.1724,22.1079,8.4101,4.698,36.3625,2.5221,11,0,0,0,3,0,0,0,1,305,5,6,45.45,0,0,0,0,0,0,0,0
ubt,bintrie,5,4,storage_mixed_k100,7,,6149,5920754,1,61.427,19.3733,13.774,2.1154,101.3818,58.4006,107,785,101,3105,11,0,77,0,0,0,16,91,14.95,330,455,42.04,101,0,100,3105,0
ubt,bintrie,5,4,storage_mixed_k100,7,,6150,21000,1,0.0613,3.0065,12.0066,0.5649,17.2655,1.2163,6,0,0,0,2,0,0,0,0,0,2,4,33.33,0,0,0,0,0,0,0,0
ubt,bintrie,5,4,storage_mixed_k100,8,,6152,0,0,0.0377,9.8032,0.0022,0.1925,10.2214,0,4,0,0,0,0,0,0,0,0,0,0,4,0,0,0,0,0,0,0,0,0
ubt,bintrie,5,4,storage_mixed_k100,8,,6153,0,0,0.0343,17.3713,0.0023,0.2096,17.7597,0,4,0,0,0,0,0,0,0,0,0,0,4,0,0,0,0,0,0,0,0,0
ubt,bintrie,5,4,storage_mixed_k100,8,,6154,0,0,0.0362,3.7733,0.0107,0.233,4.2269,0,4,0,0,0,0,0,0,0,0,0,0,4,0,0,0,0,0,0,0,0,0
ubt,bintrie,5,4,storage_mixed_k100,8,,6155,91710,2,0.1652,20.4433,11.1659,4.6137,36.9499,2.482,11,0,0,0,3,0,0,0,1,305,6,5,54.55,0,0,0,0,0,0,0,0
ubt,bintrie,5,4,storage_mixed_k100,8,,6156,5920754,1,75.749,18.1414,13.2401,1.5029,110.1298,53.7616,107,785,101,3105,11,0,77,0,0,0,20,87,18.69,567,218,72.23,101,0,100,3105,0
ubt,bintrie,5,4,storage_mixed_k100,8,,6157,21000,1,0.0633,8.7408,8.4858,0.7368,18.2338,1.1517,6,0,0,0,2,0,0,0,0,0,2,4,33.33,0,0,0,0,0,0,0,0
ubt,bintrie,5,4,storage_mixed_k100,9,,6159,0,0,0.0331,8.3268,0.0073,0.3484,8.9124,0,4,0,0,0,0,0,0,0,0,0,0,4,0,0,0,0,0,0,0,0,0
ubt,bintrie,5,4,storage_mixed_k100,9,,6160,0,0,0.0332,3.0471,0.0095,1.7082,5.0095,0,4,0,0,0,0,0,0,0,0,0,0,4,0,0,0,0,0,0,0,0,0
ubt,bintrie,5,4,storage_mixed_k100,9,,6161,91710,2,0.1291,26.7667,12.9998,5.0204,50.7663,1.8065,11,0,0,0,3,0,0,0,1,305,6,5,54.55,0,0,0,0,0,0,0,0
ubt,bintrie,5,4,storage_mixed_k100,9,,6162,5920754,1,62.0667,13.745,12.4232,1.5392,92.7337,63.8469,107,785,101,3105,11,0,77,0,0,0,28,79,26.17,232,553,29.55,101,0,100,3105,0
ubt,bintrie,5,4,storage_mixed_k100,9,,6163,21000,1,0.1009,10.5889,4.2768,0.5076,20.0825,1.0457,6,0,0,0,2,0,0,0,0,0,2,4,33.33,0,0,0,0,0,0,0,0
ubt,bintrie,5,4,storage_mixed_k256,10,,6288,0,0,0.0513,8.2628,0.0026,0.3029,8.8622,0,4,0,0,0,0,0,0,0,0,0,0,4,0,0,0,0,0,0,0,0,0
ubt,bintrie,5,4,storage_mixed_k256,10,,6289,0,0,0.0356,4.7631,0.0092,0.1316,5.1195,0,4,0,0,0,0,0,0,0,0,0,0,4,0,0,0,0,0,0,0,0,0
ubt,bintrie,5,4,storage_mixed_k256,10,,6290,0,0,0.0366,7.2202,0.0103,0.1597,7.6397,0,4,0,0,0,0,0,0,0,0,0,0,4,0,0,0,0,0,0,0,0,0
ubt,bintrie,5,4,storage_mixed_k256,10,,6291,91698,2,0.1154,25.5644,4.2561,4.9381,39.7281,2.3081,11,0,0,0,3,0,0,0,1,305,6,5,54.55,0,0,0,0,0,0,0,0
ubt,bintrie,5,4,storage_mixed_k256,10,,6292,5919252,1,41.6467,20.6509,19.6518,3.3753,89.8732,65.8623,263,814,257,7473,47,0,72,0,0,0,17,246,6.46,70,744,8.6,257,0,100,7473,0
ubt,bintrie,5,4,storage_mixed_k256,10,,6293,21000,1,0.0672,16.7063,2.5491,0.5185,20.0193,1.049,6,0,0,0,2,0,0,0,0,0,2,4,33.33,0,0,0,0,0,0,0,0
ubt,bintrie,5,4,storage_mixed_k256,11,,6294,0,0,0.0623,4.154,0.0022,0.3391,4.7521,0,4,0,0,0,0,0,0,0,0,0,0,4,0,0,0,0,0,0,0,0,0
ubt,bintrie,5,4,storage_mixed_k256,11,,6295,0,0,0.0387,20.7128,0.003,0.1153,21.0468,0,4,0,0,0,0,0,0,0,0,0,0,4,0,0,0,0,0,0,0,0,0
ubt,bintrie,5,4,storage_mixed_k256,11,,6296,0,0,0.0329,6.8578,0.0026,0.3472,7.4405,0,4,0,0,0,0,0,0,0,0,0,0,4,0,0,0,0,0,0,0,0,0
ubt,bintrie,5,4,storage_mixed_k256,11,,6297,91698,2,0.1369,21.9001,9.7547,6.6175,39.5659,2.3176,11,0,0,0,3,0,0,0,1,305,5,6,45.45,0,0,0,0,0,0,0,0
ubt,bintrie,5,4,storage_mixed_k256,11,,6298,0,0,0.0427,9.4189,0.0027,0.4451,10.0967,0,4,0,0,0,0,0,0,0,0,0,0,4,0,0,0,0,0,0,0,0,0
ubt,bintrie,5,4,storage_mixed_k256,11,,6299,5919252,1,45.7645,27.6067,20.2522,3.852,99.8928,59.256,263,814,257,7473,47,0,72,0,0,0,36,227,13.69,124,690,15.23,257,0,100,7473,0
ubt,bintrie,5,4,storage_mixed_k256,11,,6300,21000,1,4.3269,10.3881,3.625,0.5079,19.0776,1.1008,6,0,0,0,2,0,0,0,0,0,2,4,33.33,0,0,0,0,0,0,0,0
ubt,bintrie,5,4,storage_mixed_k256,12,,6301,0,0,0.0448,12.0267,0.0027,0.1371,12.4273,0,4,0,0,0,0,0,0,0,0,0,0,4,0,0,0,0,0,0,0,0,0
ubt,bintrie,5,4,storage_mixed_k256,12,,6302,0,0,0.0503,25.5686,0.002,0.1182,26.5248,0,4,0,0,0,0,0,0,0,0,0,0,4,0,0,0,0,0,0,0,0,0
ubt,bintrie,5,4,storage_mixed_k256,12,,6303,0,0,0.0432,3.9589,0.0025,0.255,4.4572,0,4,0,0,0,0,0,0,0,0,0,0,4,0,0,0,0,0,0,0,0,0
ubt,bintrie,5,4,storage_mixed_k256,12,,6304,91698,2,0.6164,20.5434,16.7788,4.7791,43.241,2.1206,11,0,0,0,3,0,0,0,1,305,5,6,45.45,0,0,0,0,0,0,0,0
ubt,bintrie,5,4,storage_mixed_k256,12,,6305,5919252,1,43.6259,39.9279,25.2458,8.6511,117.8343,50.2337,263,814,257,7473,47,0,72,0,0,0,71,192,27.0,212,602,26.04,257,0,100,7473,0
ubt,bintrie,5,4,storage_mixed_k256,12,,6306,21000,1,0.0918,24.2044,4.4341,0.5693,29.4841,0.7122,6,0,0,0,2,0,0,0,0,0,2,4,33.33,0,0,0,0,0,0,0,0
ubt,bintrie,5,4,storage_mixed_k256,13,,6307,0,0,0.0431,4.4166,0.0034,0.2171,4.9589,0,4,0,0,0,0,0,0,0,0,0,0,4,0,0,0,0,0,0,0,0,0
ubt,bintrie,5,4,storage_mixed_k256,13,,6308,0,0,0.0427,19.8405,0.0029,0.1467,20.2549,0,4,0,0,0,0,0,0,0,0,0,0,4,0,0,0,0,0,0,0,0,0
ubt,bintrie,5,4,storage_mixed_k256,13,,6309,91698,2,0.554,16.6171,12.1975,5.292,40.8813,2.243,11,0,0,0,3,0,0,0,1,305,5,6,45.45,0,0,0,0,0,0,0,0
ubt,bintrie,5,4,storage_mixed_k256,13,,6310,5919252,1,35.6331,22.0371,19.188,3.4983,82.3623,71.8684,263,814,257,7473,47,0,72,0,0,0,35,228,13.31,261,553,32.06,257,0,100,7473,0
ubt,bintrie,5,4,storage_mixed_k256,13,,6311,21000,1,0.0839,21.588,4.6625,1.1725,27.75,0.7568,6,0,0,0,2,0,0,0,0,0,2,4,33.33,0,0,0,0,0,0,0,0
ubt,bintrie,5,4,storage_mixed_k256,14,,6312,0,0,0.0565,2.9481,0.0027,2.125,6.0844,0,4,0,0,0,0,0,0,0,0,0,0,4,0,0,0,0,0,0,0,0,0
ubt,bintrie,5,4,storage_mixed_k256,14,,6313,0,0,0.0495,11.0779,0.0064,0.1,11.4083,0,4,0,0,0,0,0,0,0,0,0,0,4,0,0,0,0,0,0,0,0,0
ubt,bintrie,5,4,storage_mixed_k256,14,,6314,0,0,0.0224,3.9625,0.0018,0.1685,4.3136,0,4,0,0,0,0,0,0,0,0,0,0,4,0,0,0,0,0,0,0,0,0
ubt,bintrie,5,4,storage_mixed_k256,14,,6315,91698,2,0.2283,17.4577,9.8124,5.3331,34.0239,2.6951,11,0,0,0,3,0,0,0,1,305,5,6,45.45,0,0,0,0,0,0,0,0
ubt,bintrie,5,4,storage_mixed_k256,14,,6316,5919252,1,42.2316,19.456,23.8064,3.396,90.0989,65.6973,263,814,257,7473,47,0,72,0,0,0,71,192,27.0,133,681,16.34,257,0,100,7473,0
ubt,bintrie,5,4,storage_mixed_k256,14,,6317,21000,1,1.0423,3.3335,8.0583,0.6657,13.2618,1.5835,6,0,0,0,2,0,0,0,0,0,0,6,0,0,0,0,0,0,0,0,0
ubt,bintrie,5,4,storage_mixed_k256,15,,6318,0,0,0.0331,4.0332,0.0017,0.2068,4.4512,0,4,0,0,0,0,0,0,0,0,0,0,4,0,0,0,0,0,0,0,0,0
ubt,bintrie,5,4,storage_mixed_k256,15,,6319,0,0,0.042,3.2503,0.0022,0.1669,3.6937,0,4,0,0,0,0,0,0,0,0,0,0,4,0,0,0,0,0,0,0,0,0
ubt,bintrie,5,4,storage_mixed_k256,15,,6320,91698,2,0.0872,2.7829,16.0645,8.1335,30.2739,3.0289,11,0,0,0,3,0,0,0,1,305,6,5,54.55,0,0,0,0,0,0,0,0
ubt,bintrie,5,4,storage_mixed_k256,15,,6321,5919252,1,56.7973,33.184,15.8838,3.5328,114.1658,51.8479,263,814,257,7473,47,0,72,0,0,0,4,259,1.52,153,661,18.8,257,0,100,7473,0
ubt,bintrie,5,4,storage_mixed_k256,15,,6322,21000,1,0.1457,26.4876,3.976,0.5908,31.4642,0.6674,6,0,0,0,2,0,0,0,0,0,0,6,0,0,0,0,0,0,0,0,0
ubt,bintrie,5,4,storage_mixed_k256,16,,6323,0,0,0.0349,3.1007,0.0084,1.4019,4.8069,0,4,0,0,0,0,0,0,0,0,0,0,4,0,0,0,0,0,0,0,0,0
ubt,bintrie,5,4,storage_mixed_k256,16,,6324,0,0,0.0401,23.0498,0.0021,0.1521,23.4303,0,4,0,0,0,0,0,0,0,0,0,0,4,0,0,0,0,0,0,0,0,0
ubt,bintrie,5,4,storage_mixed_k256,16,,6325,91698,2,0.1253,22.918,3.8154,5.5972,32.5946,2.8133,11,0,0,0,3,0,0,0,1,305,5,6,45.45,0,0,0,0,0,0,0,0
ubt,bintrie,5,4,storage_mixed_k256,16,,6326,5919252,1,38.5756,32.6202,21.2203,3.6977,97.3515,60.8029,263,814,257,7473,47,0,72,0,0,0,42,221,15.97,140,674,17.2,257,0,100,7473,0
ubt,bintrie,5,4,storage_mixed_k256,16,,6327,21000,1,0.0769,10.6146,8.5046,0.8152,20.2133,1.0389,6,0,0,0,2,0,0,0,0,0,2,4,33.33,0,0,0,0,0,0,0,0
ubt,bintrie,5,4,storage_mixed_k256,17,,6328,0,0,0.0412,3.0611,0.0067,0.9322,4.2468,0,4,0,0,0,0,0,0,0,0,0,0,4,0,0,0,0,0,0,0,0,0
ubt,bintrie,5,4,storage_mixed_k256,17,,6329,0,0,0.0434,20.3799,0.0023,0.155,20.7596,0,4,0,0,0,0,0,0,0,0,0,0,4,0,0,0,0,0,0,0,0,0
ubt,bintrie,5,4,storage_mixed_k256,17,,6330,91698,2,0.1769,21.9146,10.7085,5.3773,38.4923,2.3822,11,0,0,0,3,0,0,0,1,305,6,5,54.55,0,0,0,0,0,0,0,0
ubt,bintrie,5,4,storage_mixed_k256,17,,6331,5919252,1,37.641,30.5071,18.5973,5.4915,95.9977,61.6604,263,814,257,7473,47,0,72,0,0,0,34,229,12.93,92,722,11.3,257,0,100,7473,0
ubt,bintrie,5,4,storage_mixed_k256,17,,6332,21000,1,0.0624,12.9741,2.4142,0.4668,16.08,1.306,6,0,0,0,2,0,0,0,0,0,2,4,33.33,0,0,0,0,0,0,0,0
ubt,bintrie,5,4,storage_mixed_k256,18,,6333,0,0,0.0446,5.8245,0.0024,0.2633,6.4131,0,4,0,0,0,0,0,0,0,0,0,0,4,0,0,0,0,0,0,0,0,0
ubt,bintrie,5,4,storage_mixed_k256,18,,6334,0,0,0.0388,13.1538,0.0093,0.1898,15.2306,0,4,0,0,0,0,0,0,0,0,0,0,4,0,0,0,0,0,0,0,0,0
ubt,bintrie,5,4,storage_mixed_k256,18,,6335,0,0,0.0301,3.7664,0.0018,0.1421,4.0711,0,4,0,0,0,0,0,0,0,0,0,0,4,0,0,0,0,0,0,0,0,0
ubt,bintrie,5,4,storage_mixed_k256,18,,6336,91698,2,0.0862,17.4495,2.6672,4.408,24.7719,3.7017,11,0,0,0,3,0,0,0,1,305,7,4,63.64,0,0,0,0,0,0,0,0
ubt,bintrie,5,4,storage_mixed_k256,18,,6337,5919252,1,47.5775,19.0,25.1932,8.2528,101.2926,58.4372,263,814,257,7473,47,0,72,0,0,0,93,170,35.36,403,411,49.51,257,0,100,7473,0
ubt,bintrie,5,4,storage_mixed_k256,18,,6338,21000,1,0.1039,23.7633,2.9199,0.5631,27.5298,0.7628,6,0,0,0,2,0,0,0,0,0,2,4,33.33,0,0,0,0,0,0,0,0
ubt,bintrie,5,4,storage_mixed_k256,19,,6339,0,0,0.0425,3.4097,0.0024,0.2097,3.8618,0,4,0,0,0,0,0,0,0,0,0,0,4,0,0,0,0,0,0,0,0,0
ubt,bintrie,5,4,storage_mixed_k256,19,,6340,0,0,0.0349,6.3053,0.0019,0.1954,6.6689,0,4,0,0,0,0,0,0,0,0,0,0,4,0,0,0,0,0,0,0,0,0
ubt,bintrie,5,4,storage_mixed_k256,19,,6341,91698,2,0.1252,22.3753,4.4261,4.7144,31.866,2.8776,11,0,0,0,3,0,0,0,1,305,5,6,45.45,0,0,0,0,0,0,0,0
ubt,bintrie,5,4,storage_mixed_k256,19,,6342,5919252,1,36.4965,23.3185,16.0093,7.0367,91.6555,64.5815,263,814,257,7473,47,0,72,0,0,0,86,177,32.7,403,411,49.51,257,0,100,7473,0
ubt,bintrie,5,4,storage_mixed_k256,19,,6343,21000,1,0.0661,19.4921,2.6129,0.5004,22.878,0.9179,6,0,0,0,2,0,0,0,0,0,2,4,33.33,0,0,0,0,0,0,0,0
ubt,bintrie,5,4,storage_mixed_k256,1,,6236,0,0,0.0779,6.8641,0.0026,0.1797,7.3112,0,4,0,0,0,0,0,0,0,0,0,0,4,0,0,0,0,0,0,0,0,0
ubt,bintrie,5,4,storage_mixed_k256,1,,6237,0,0,0.0388,21.0975,0.0019,0.1785,21.4818,0,4,0,0,0,0,0,0,0,0,0,0,4,0,0,0,0,0,0,0,0,0
ubt,bintrie,5,4,storage_mixed_k256,1,,6238,0,0,0.0307,21.1836,0.0023,0.0901,21.9146,0,4,0,0,0,0,0,0,0,0,0,0,4,0,0,0,0,0,0,0,0,0
ubt,bintrie,5,4,storage_mixed_k256,1,,6239,91698,2,0.1832,16.4757,11.5071,5.4687,33.8691,2.7074,11,0,0,0,3,0,0,0,1,305,7,4,63.64,0,0,0,0,0,0,0,0
ubt,bintrie,5,4,storage_mixed_k256,1,,6240,5919252,1,38.7912,28.9091,16.1945,4.1606,96.9623,61.0469,263,814,257,7473,47,0,72,0,0,0,73,190,27.76,206,608,25.31,257,0,100,7473,0
ubt,bintrie,5,4,storage_mixed_k256,1,,6241,21000,1,0.0725,10.8322,6.4178,0.7289,18.4605,1.1376,6,0,0,0,2,0,0,0,0,0,2,4,33.33,0,0,0,0,0,0,0,0
ubt,bintrie,5,4,storage_mixed_k256,20,,6344,0,0,0.0622,4.14,0.0021,0.306,4.72,0,4,0,0,0,0,0,0,0,0,0,0,4,0,0,0,0,0,0,0,0,0
ubt,bintrie,5,4,storage_mixed_k256,20,,6345,0,0,0.0492,16.4283,0.0058,0.1279,17.0834,0,4,0,0,0,0,0,0,0,0,0,0,4,0,0,0,0,0,0,0,0,0
ubt,bintrie,5,4,storage_mixed_k256,20,,6346,91698,2,0.1202,14.9224,8.069,5.5365,28.8547,3.1779,11,0,0,0,3,0,0,0,1,305,5,6,45.45,0,0,0,0,0,0,0,0
ubt,bintrie,5,4,storage_mixed_k256,20,,6347,5919252,1,53.4316,25.6814,20.5356,3.6343,104.2852,56.7602,263,814,257,7473,47,0,72,0,0,0,61,202,23.19,321,493,39.43,257,0,100,7473,0
ubt,bintrie,5,4,storage_mixed_k256,20,,6348,21000,1,0.2306,11.4728,2.7177,0.5305,18.6797,1.1242,6,0,0,0,2,0,0,0,0,0,2,4,33.33,0,0,0,0,0,0,0,0
ubt,bintrie,5,4,storage_mixed_k256,2,,6242,0,0,0.0468,8.66,0.0062,0.2308,9.1732,0,4,0,0,0,0,0,0,0,0,0,0,4,0,0,0,0,0,0,0,0,0
ubt,bintrie,5,4,storage_mixed_k256,2,,6243,0,0,0.0406,23.3746,0.0024,0.1559,24.0436,0,4,0,0,0,0,0,0,0,0,0,0,4,0,0,0,0,0,0,0,0,0
ubt,bintrie,5,4,storage_mixed_k256,2,,6244,91698,2,0.1453,21.6998,3.6749,5.3227,31.0294,2.9552,11,0,0,0,3,0,0,0,1,305,6,5,54.55,0,0,0,0,0,0,0,0
ubt,bintrie,5,4,storage_mixed_k256,2,,6245,5919252,1,42.5472,23.8823,12.2731,3.5326,82.7357,71.5441,263,814,257,7473,47,0,72,0,0,0,76,187,28.9,248,566,30.47,257,0,100,7473,0
ubt,bintrie,5,4,storage_mixed_k256,2,,6246,21000,1,0.4725,3.4563,12.943,0.5366,20.5315,1.0228,6,0,0,0,2,0,0,0,0,0,2,4,33.33,0,0,0,0,0,0,0,0
ubt,bintrie,5,4,storage_mixed_k256,3,,6247,0,0,0.0545,6.9843,0.0026,0.2424,7.511,0,4,0,0,0,0,0,0,0,0,0,0,4,0,0,0,0,0,0,0,0,0
ubt,bintrie,5,4,storage_mixed_k256,3,,6248,0,0,0.0384,10.8432,0.0032,0.8604,11.9515,0,4,0,0,0,0,0,0,0,0,0,0,4,0,0,0,0,0,0,0,0,0
ubt,bintrie,5,4,storage_mixed_k256,3,,6249,0,0,0.0348,4.0881,0.0026,0.1169,4.4076,0,4,0,0,0,0,0,0,0,0,0,0,4,0,0,0,0,0,0,0,0,0
ubt,bintrie,5,4,storage_mixed_k256,3,,6250,91698,2,0.1577,20.8642,8.3033,5.2466,36.5782,2.5069,11,0,0,0,3,0,0,0,1,305,6,5,54.55,0,0,0,0,0,0,0,0
ubt,bintrie,5,4,storage_mixed_k256,3,,6251,5919252,1,45.615,16.3734,24.8653,7.3919,94.6192,62.5587,263,814,257,7473,47,0,72,0,0,0,11,252,4.18,51,763,6.27,257,0,100,7473,0
ubt,bintrie,5,4,storage_mixed_k256,3,,6252,21000,1,2.8736,5.2888,12.231,0.5636,21.1647,0.9922,6,0,0,0,2,0,0,0,0,0,2,4,33.33,0,0,0,0,0,0,0,0
ubt,bintrie,5,4,storage_mixed_k256,4,,6253,0,0,0.1184,3.2227,0.003,0.497,8.5881,0,4,0,0,0,0,0,0,0,0,0,0,4,0,0,0,0,0,0,0,0,0
ubt,bintrie,5,4,storage_mixed_k256,4,,6254,0,0,0.0335,20.7943,0.0019,0.1091,21.094,0,4,0,0,0,0,0,0,0,0,0,0,4,0,0,0,0,0,0,0,0,0
ubt,bintrie,5,4,storage_mixed_k256,4,,6255,0,0,0.0417,8.6979,0.0024,0.2356,9.1253,0,4,0,0,0,0,0,0,0,0,0,0,4,0,0,0,0,0,0,0,0,0
ubt,bintrie,5,4,storage_mixed_k256,4,,6256,91698,2,0.1023,23.2362,3.9636,5.9119,33.3882,2.7464,11,0,0,0,3,0,0,0,1,305,5,6,45.45,0,0,0,0,0,0,0,0
ubt,bintrie,5,4,storage_mixed_k256,4,,6257,5919252,1,51.2355,24.9234,14.5117,3.2211,102.8057,57.5771,263,814,257,7473,47,0,72,0,0,0,70,193,26.62,287,527,35.26,257,0,100,7473,0
ubt,bintrie,5,4,storage_mixed_k256,4,,6258,21000,1,0.1375,12.7027,9.3317,0.5303,23.1222,0.9082,6,0,0,0,2,0,0,0,0,0,0,6,0,0,0,0,0,0,0,0,0
ubt,bintrie,5,4,storage_mixed_k256,5,,6260,0,0,0.0425,3.2442,0.0026,2.0036,9.7061,0,4,0,0,0,0,0,0,0,0,0,0,4,0,0,0,0,0,0,0,0,0
ubt,bintrie,5,4,storage_mixed_k256,5,,6261,0,0,0.0639,9.4767,0.0019,0.6606,11.4237,0,4,0,0,0,0,0,0,0,0,0,0,4,0,0,0,0,0,0,0,0,0
ubt,bintrie,5,4,storage_mixed_k256,5,,6262,91698,2,0.2361,23.0882,16.8646,4.2688,44.6341,2.0544,11,0,0,0,3,0,0,0,1,305,4,7,36.36,0,0,0,0,0,0,0,0
ubt,bintrie,5,4,storage_mixed_k256,5,,6263,5919252,1,41.099,30.9631,15.9523,3.3908,96.0434,61.631,263,814,257,7473,47,0,72,0,0,0,31,232,11.79,265,549,32.56,257,0,100,7473,0
ubt,bintrie,5,4,storage_mixed_k256,5,,6264,21000,1,0.0707,10.505,7.0132,0.679,24.8445,0.8453,6,0,0,0,2,0,0,0,0,0,2,4,33.33,0,0,0,0,0,0,0,0
ubt,bintrie,5,4,storage_mixed_k256,6,,6265,0,0,0.0439,3.3948,0.0032,0.2567,7.511,0,4,0,0,0,0,0,0,0,0,0,0,4,0,0,0,0,0,0,0,0,0
ubt,bintrie,5,4,storage_mixed_k256,6,,6266,0,0,0.0437,11.2186,0.0021,0.1506,11.6429,0,4,0,0,0,0,0,0,0,0,0,0,4,0,0,0,0,0,0,0,0,0
ubt,bintrie,5,4,storage_mixed_k256,6,,6267,0,0,0.0385,3.511,0.002,0.1298,3.8279,0,4,0,0,0,0,0,0,0,0,0,0,4,0,0,0,0,0,0,0,0,0
ubt,bintrie,5,4,storage_mixed_k256,6,,6268,91698,2,0.1936,21.3579,9.179,5.1889,36.0931,2.5406,11,0,0,0,3,0,0,0,1,305,5,6,45.45,0,0,0,0,0,0,0,0
ubt,bintrie,5,4,storage_mixed_k256,6,,6269,5919252,1,40.0374,25.2913,22.5686,3.3709,91.6912,64.5564,263,814,257,7473,47,0,72,0,0,0,92,171,34.98,176,638,21.62,257,0,100,7473,0
ubt,bintrie,5,4,storage_mixed_k256,6,,6270,21000,1,0.0661,11.2926,4.2318,0.6497,16.5783,1.2667,6,0,0,0,2,0,0,0,0,0,2,4,33.33,0,0,0,0,0,0,0,0
ubt,bintrie,5,4,storage_mixed_k256,7,,6271,0,0,0.0402,4.3575,0.0034,0.2889,10.1522,0,4,0,0,0,0,0,0,0,0,0,0,4,0,0,0,0,0,0,0,0,0
ubt,bintrie,5,4,storage_mixed_k256,7,,6272,0,0,0.0394,21.1132,0.0022,0.1333,21.4449,0,4,0,0,0,0,0,0,0,0,0,0,4,0,0,0,0,0,0,0,0,0
ubt,bintrie,5,4,storage_mixed_k256,7,,6273,0,0,0.0254,11.415,0.002,0.103,11.6916,0,4,0,0,0,0,0,0,0,0,0,0,4,0,0,0,0,0,0,0,0,0
ubt,bintrie,5,4,storage_mixed_k256,7,,6274,91698,2,0.1278,17.1444,9.9484,4.4993,31.9486,2.8702,11,0,0,0,3,0,0,0,1,305,5,6,45.45,0,0,0,0,0,0,0,0
ubt,bintrie,5,4,storage_mixed_k256,7,,6275,5919252,1,46.6088,24.0839,19.2781,3.2887,93.9922,62.976,263,814,257,7473,47,0,72,0,0,0,33,230,12.55,357,457,43.86,257,0,100,7473,0
ubt,bintrie,5,4,storage_mixed_k256,7,,6276,21000,1,0.0767,21.8937,2.5672,0.5183,25.2918,0.8303,6,0,0,0,2,0,0,0,0,0,2,4,33.33,0,0,0,0,0,0,0,0
ubt,bintrie,5,4,storage_mixed_k256,8,,6277,0,0,0.049,3.2627,0.0025,3.0401,7.0463,0,4,0,0,0,0,0,0,0,0,0,0,4,0,0,0,0,0,0,0,0,0
ubt,bintrie,5,4,storage_mixed_k256,8,,6278,0,0,0.0312,16.5528,0.0023,0.117,16.8747,0,4,0,0,0,0,0,0,0,0,0,0,4,0,0,0,0,0,0,0,0,0
ubt,bintrie,5,4,storage_mixed_k256,8,,6279,91698,2,0.2511,24.7306,6.3839,5.2332,39.5249,2.32,11,0,0,0,3,0,0,0,1,305,4,7,36.36,0,0,0,0,0,0,0,0
ubt,bintrie,5,4,storage_mixed_k256,8,,6280,5919252,1,45.4932,30.4408,12.9092,4.6997,93.9146,63.028,263,814,257,7473,47,0,72,0,0,0,21,242,7.98,204,610,25.06,257,0,100,7473,0
ubt,bintrie,5,4,storage_mixed_k256,8,,6281,21000,1,0.1743,16.6328,4.4751,0.5761,22.0372,0.9529,6,0,0,0,2,0,0,0,0,0,0,6,0,0,0,0,0,0,0,0,0
ubt,bintrie,5,4,storage_mixed_k256,9,,6282,0,0,0.0525,6.2507,0.0022,3.172,9.7287,0,4,0,0,0,0,0,0,0,0,0,0,4,0,0,0,0,0,0,0,0,0
ubt,bintrie,5,4,storage_mixed_k256,9,,6283,0,0,0.0465,5.9843,0.0023,0.1509,6.3757,0,4,0,0,0,0,0,0,0,0,0,0,4,0,0,0,0,0,0,0,0,0
ubt,bintrie,5,4,storage_mixed_k256,9,,6284,0,0,0.0365,6.0251,0.0023,0.259,6.8085,0,4,0,0,0,0,0,0,0,0,0,0,4,0,0,0,0,0,0,0,0,0
ubt,bintrie,5,4,storage_mixed_k256,9,,6285,91698,2,0.157,19.8122,7.2329,5.2814,32.6652,2.8072,11,0,0,0,3,0,0,0,1,305,5,6,45.45,0,0,0,0,0,0,0,0
ubt,bintrie,5,4,storage_mixed_k256,9,,6286,5919252,1,46.252,28.2074,21.2975,3.3801,103.8182,57.0156,263,814,257,7473,47,0,72,0,0,0,200,63,76.05,273,541,33.54,257,0,100,7473,0
ubt,bintrie,5,4,storage_mixed_k256,9,,6287,21000,1,0.0792,19.6573,2.3911,0.8422,23.2237,0.9042,6,0,0,0,2,0,0,0,0,0,2,4,33.33,0,0,0,0,0,0,0,0
ubt,bintrie,5,4,storage_sload_k1,10,,4903,0,0,0.0395,8.1605,0.0022,0.1607,8.5881,0,4,0,0,0,0,0,0,0,0,0,0,4,0,0,0,0,0,0,0,0,0
ubt,bintrie,5,4,storage_sload_k1,10,,4904,0,0,0.0333,7.8737,0.002,0.1268,8.1983,0,4,0,0,0,0,0,0,0,0,0,0,4,0,0,0,0,0,0,0,0,0
ubt,bintrie,5,4,storage_sload_k1,10,,4905,0,0,0.0378,5.5715,0.0027,0.1696,5.9678,0,4,0,0,0,0,0,0,0,0,0,0,4,0,0,0,0,0,0,0,0,0
ubt,bintrie,5,4,storage_sload_k1,10,,4906,86120,2,0.3496,18.3113,19.0118,4.9115,44.3214,1.9431,11,0,0,0,3,0,0,0,1,155,4,7,36.36,0,0,0,0,0,0,0,0
ubt,bintrie,5,4,storage_sload_k1,10,,4907,5900418,1,114.1663,17.5035,10.8283,1.5469,144.594,40.8068,8,258,2,183,2,0,0,0,0,0,4,4,50,65,193,25.19,2,0,100,183,0
ubt,bintrie,5,4,storage_sload_k1,10,,4908,21000,1,0.1825,4.0499,10.2357,1.1026,15.7922,1.3298,6,0,0,0,2,0,0,0,0,0,2,4,33.33,0,0,0,0,0,0,0,0
ubt,bintrie,5,4,storage_sload_k1,11,,4910,0,0,0.0383,3.3523,0.0028,0.2165,4.0658,0,4,0,0,0,0,0,0,0,0,0,0,4,0,0,0,0,0,0,0,0,0
ubt,bintrie,5,4,storage_sload_k1,11,,4911,0,0,0.1064,12.1938,0.0034,0.1767,12.697,0,4,0,0,0,0,0,0,0,0,0,0,4,0,0,0,0,0,0,0,0,0
ubt,bintrie,5,4,storage_sload_k1,11,,4912,0,0,0.0463,8.2978,0.0097,4.1087,12.7056,0,4,0,0,0,0,0,0,0,0,0,0,4,0,0,0,0,0,0,0,0,0
ubt,bintrie,5,4,storage_sload_k1,11,,4913,86120,2,0.1409,20.2932,3.0089,4.6663,28.3945,3.033,11,0,0,0,3,0,0,0,1,155,6,5,54.55,0,0,0,0,0,0,0,0
ubt,bintrie,5,4,storage_sload_k1,11,,4914,5900418,1,115.1312,11.9113,3.0228,0.8118,131.3463,44.9226,8,258,2,183,2,0,0,0,0,0,2,6,25,52,206,20.16,2,0,100,183,0
ubt,bintrie,5,4,storage_sload_k1,11,,4915,21000,1,0.6314,12.7254,9.2529,0.6798,23.5158,0.893,6,0,0,0,2,0,0,0,0,0,2,4,33.33,0,0,0,0,0,0,0,0
ubt,bintrie,5,4,storage_sload_k1,11,,4916,0,0,0.0311,4.817,0.0019,0.1355,5.1523,0,4,0,0,0,0,0,0,0,0,0,0,4,0,0,0,0,0,0,0,0,0
ubt,bintrie,5,4,storage_sload_k1,12,,4917,0,0,2.2763,7.2285,0.0025,0.2031,10.0083,0,4,0,0,0,0,0,0,0,0,0,0,4,0,0,0,0,0,0,0,0,0
ubt,bintrie,5,4,storage_sload_k1,12,,4918,0,0,0.0278,18.2977,0.0018,0.1907,18.6617,0,4,0,0,0,0,0,0,0,0,0,0,4,0,0,0,0,0,0,0,0,0
ubt,bintrie,5,4,storage_sload_k1,12,,4919,0,0,1.4655,13.4409,0.0025,0.1269,15.1901,0,4,0,0,0,0,0,0,0,0,0,0,4,0,0,0,0,0,0,0,0,0
ubt,bintrie,5,4,storage_sload_k1,12,,4920,86120,2,0.1557,20.2026,5.0001,11.4705,37.0333,2.3255,11,0,0,0,3,0,0,0,1,155,5,6,45.45,0,0,0,0,0,0,0,0
ubt,bintrie,5,4,storage_sload_k1,12,,4921,5900418,1,119.6808,19.0377,2.9113,0.5554,145.4268,40.5731,8,258,2,183,2,0,0,0,0,0,3,5,37.5,45,213,17.44,2,0,100,183,0
ubt,bintrie,5,4,storage_sload_k1,12,,4922,21000,1,0.2805,22.8728,3.0666,0.8811,27.2965,0.7693,6,0,0,0,2,0,0,0,0,0,2,4,33.33,0,0,0,0,0,0,0,0
ubt,bintrie,5,4,storage_sload_k1,13,,4923,0,0,0.046,3.4588,0.0029,0.232,4.0195,0,4,0,0,0,0,0,0,0,0,0,0,4,0,0,0,0,0,0,0,0,0
ubt,bintrie,5,4,storage_sload_k1,13,,4924,0,0,0.0365,21.9292,0.0022,0.1337,22.2649,0,4,0,0,0,0,0,0,0,0,0,0,4,0,0,0,0,0,0,0,0,0
ubt,bintrie,5,4,storage_sload_k1,13,,4925,0,0,0.0336,3.3755,0.0031,0.1979,3.7729,0,4,0,0,0,0,0,0,0,0,0,0,4,0,0,0,0,0,0,0,0,0
ubt,bintrie,5,4,storage_sload_k1,13,,4926,86120,2,0.201,17.6638,13.0638,5.8222,44.2681,1.9454,11,0,0,0,3,0,0,0,1,155,5,6,45.45,0,0,0,0,0,0,0,0
ubt,bintrie,5,4,storage_sload_k1,13,,4927,5900418,1,116.8813,19.841,4.4186,0.5699,142.1253,41.5156,8,258,2,183,2,0,0,0,0,0,3,5,37.5,42,216,16.28,2,0,100,183,0
ubt,bintrie,5,4,storage_sload_k1,13,,4928,21000,1,0.0754,11.5427,5.2847,1.4247,20.9573,1.002,6,0,0,0,2,0,0,0,0,0,2,4,33.33,0,0,0,0,0,0,0,0
ubt,bintrie,5,4,storage_sload_k1,14,,4929,0,0,0.0395,7.4706,0.0024,0.2459,8.0121,0,4,0,0,0,0,0,0,0,0,0,0,4,0,0,0,0,0,0,0,0,0
ubt,bintrie,5,4,storage_sload_k1,14,,4930,0,0,0.029,3.1585,0.0022,0.1402,3.5207,0,4,0,0,0,0,0,0,0,0,0,0,4,0,0,0,0,0,0,0,0,0
ubt,bintrie,5,4,storage_sload_k1,14,,4931,0,0,0.0534,4.3303,0.0023,0.2633,4.901,0,4,0,0,0,0,0,0,0,0,0,0,4,0,0,0,0,0,0,0,0,0
ubt,bintrie,5,4,storage_sload_k1,14,,4932,86120,2,0.1074,21.4011,8.2926,6.4963,39.628,2.1732,11,0,0,0,3,0,0,0,1,155,6,5,54.55,0,0,0,0,0,0,0,0
ubt,bintrie,5,4,storage_sload_k1,14,,4933,5900418,1,118.6698,31.3742,5.7988,0.735,156.8864,37.6095,8,258,2,183,2,0,0,0,0,0,3,5,37.5,45,213,17.44,2,0,100,183,0
ubt,bintrie,5,4,storage_sload_k1,14,,4934,21000,1,0.112,1.0396,0.6947,0.785,16.7271,1.2554,6,0,0,0,2,0,0,0,0,0,2,4,33.33,0,0,0,0,0,0,0,0
ubt,bintrie,5,4,storage_sload_k1,15,,4935,0,0,0.0492,4.1122,0.0039,0.5331,4.9195,0,4,0,0,0,0,0,0,0,0,0,0,4,0,0,0,0,0,0,0,0,0
ubt,bintrie,5,4,storage_sload_k1,15,,4936,0,0,0.1606,3.3239,0.0032,0.556,4.2075,0,4,0,0,0,0,0,0,0,0,0,0,4,0,0,0,0,0,0,0,0,0
ubt,bintrie,5,4,storage_sload_k1,15,,4937,0,0,0.0337,18.2215,0.0025,0.388,19.2999,0,4,0,0,0,0,0,0,0,0,0,0,4,0,0,0,0,0,0,0,0,0
ubt,bintrie,5,4,storage_sload_k1,15,,4938,86120,2,0.1784,23.2525,2.627,4.615,39.7749,2.1652,11,0,0,0,3,0,0,0,1,155,5,6,45.45,0,0,0,0,0,0,0,0
ubt,bintrie,5,4,storage_sload_k1,15,,4939,5900418,1,117.3693,32.1022,2.7813,0.5734,153.2427,38.5038,8,258,2,183,2,0,0,0,0,0,3,5,37.5,38,220,14.73,2,0,100,183,0
ubt,bintrie,5,4,storage_sload_k1,15,,4940,21000,1,0.401,15.1511,4.7233,6.2104,26.6673,0.7875,6,0,0,0,2,0,0,0,0,0,2,4,33.33,0,0,0,0,0,0,0,0
ubt,bintrie,5,4,storage_sload_k1,15,,4941,0,0,0.04,2.8867,0.002,0.1224,3.2755,0,4,0,0,0,0,0,0,0,0,0,0,4,0,0,0,0,0,0,0,0,0
ubt,bintrie,5,4,storage_sload_k1,16,,4942,0,0,0.0686,5.1279,0.0026,0.2404,5.7344,0,4,0,0,0,0,0,0,0,0,0,0,4,0,0,0,0,0,0,0,0,0
ubt,bintrie,5,4,storage_sload_k1,16,,4943,0,0,0.0295,3.2061,0.0043,0.3361,8.1397,0,4,0,0,0,0,0,0,0,0,0,0,4,0,0,0,0,0,0,0,0,0
ubt,bintrie,5,4,storage_sload_k1,16,,4944,65120,1,0.0865,19.1632,2.5972,4.7651,26.7915,2.4306,8,0,0,0,2,0,0,0,1,155,3,5,37.5,0,0,0,0,0,0,0,0
ubt,bintrie,5,4,storage_sload_k1,16,,4945,21000,1,0.1431,17.3441,3.2137,1.7576,22.7918,0.9214,8,0,0,0,2,0,0,0,0,0,4,4,50,0,0,0,0,0,0,0,0
ubt,bintrie,5,4,storage_sload_k1,16,,4946,5900418,1,135.0858,14.9588,9.7542,0.7551,160.9028,36.6707,8,258,2,183,2,0,0,0,0,0,3,5,37.5,191,67,74.03,2,0,100,183,0
ubt,bintrie,5,4,storage_sload_k1,16,,4947,21000,1,0.0592,10.6031,4.0253,0.8395,15.7358,1.3345,6,0,0,0,2,0,0,0,0,0,2,4,33.33,0,0,0,0,0,0,0,0
ubt,bintrie,5,4,storage_sload_k1,17,,4948,0,0,0.0656,5.9083,0.0024,0.308,6.5312,0,4,0,0,0,0,0,0,0,0,0,0,4,0,0,0,0,0,0,0,0,0
ubt,bintrie,5,4,storage_sload_k1,17,,4949,0,0,0.0564,4.511,0.0107,0.1514,4.9274,0,4,0,0,0,0,0,0,0,0,0,0,4,0,0,0,0,0,0,0,0,0
ubt,bintrie,5,4,storage_sload_k1,17,,4950,0,0,0.0346,21.429,0.0031,0.272,21.9967,0,4,0,0,0,0,0,0,0,0,0,0,4,0,0,0,0,0,0,0,0,0
ubt,bintrie,5,4,storage_sload_k1,17,,4951,86120,2,0.1418,24.7179,8.7708,6.2374,40.0836,2.1485,11,0,0,0,3,0,0,0,1,155,6,5,54.55,0,0,0,0,0,0,0,0
ubt,bintrie,5,4,storage_sload_k1,17,,4952,5900418,1,109.9597,27.5818,3.175,0.8131,141.9518,41.5663,8,258,2,183,2,0,0,0,0,0,3,5,37.5,30,228,11.63,2,0,100,183,0
ubt,bintrie,5,4,storage_sload_k1,17,,4953,21000,1,0.096,25.3742,2.4053,5.3962,33.4439,0.6279,6,0,0,0,2,0,0,0,0,0,2,4,33.33,0,0,0,0,0,0,0,0
ubt,bintrie,5,4,storage_sload_k1,18,,4954,0,0,0.0468,5.2826,0.0026,0.4452,6.0105,0,4,0,0,0,0,0,0,0,0,0,0,4,0,0,0,0,0,0,0,0,0
ubt,bintrie,5,4,storage_sload_k1,18,,4955,0,0,0.0453,21.2312,0.0031,0.1919,21.6648,0,4,0,0,0,0,0,0,0,0,0,0,4,0,0,0,0,0,0,0,0,0
ubt,bintrie,5,4,storage_sload_k1,18,,4956,0,0,0.0364,11.4249,0.0031,0.1673,11.8106,0,4,0,0,0,0,0,0,0,0,0,0,4,0,0,0,0,0,0,0,0,0
ubt,bintrie,5,4,storage_sload_k1,18,,4957,86120,2,0.241,21.0043,8.8641,5.0066,40.6126,2.1205,11,0,0,0,3,0,0,0,1,155,5,6,45.45,0,0,0,0,0,0,0,0
ubt,bintrie,5,4,storage_sload_k1,18,,4958,5900418,1,124.5838,11.5762,14.4252,0.7229,151.7386,38.8854,8,258,2,183,2,0,0,0,0,0,4,4,50,59,199,22.87,2,0,100,183,0
ubt,bintrie,5,4,storage_sload_k1,18,,4959,21000,1,0.0699,17.7436,2.3924,0.905,21.2982,0.986,6,0,0,0,2,0,0,0,0,0,2,4,33.33,0,0,0,0,0,0,0,0
ubt,bintrie,5,4,storage_sload_k1,19,,4960,0,0,0.05,3.7723,0.0023,0.2316,4.2536,0,4,0,0,0,0,0,0,0,0,0,0,4,0,0,0,0,0,0,0,0,0
ubt,bintrie,5,4,storage_sload_k1,19,,4961,0,0,0.0595,16.6869,0.0023,0.1377,17.0299,0,4,0,0,0,0,0,0,0,0,0,0,4,0,0,0,0,0,0,0,0,0
ubt,bintrie,5,4,storage_sload_k1,19,,4962,0,0,0.0419,21.9274,0.0107,0.4852,22.6498,0,4,0,0,0,0,0,0,0,0,0,0,4,0,0,0,0,0,0,0,0,0
ubt,bintrie,5,4,storage_sload_k1,19,,4963,86120,2,0.2558,24.0129,13.5586,5.8535,43.8462,1.9641,11,0,0,0,3,0,0,0,1,155,4,7,36.36,0,0,0,0,0,0,0,0
ubt,bintrie,5,4,storage_sload_k1,19,,4964,5900418,1,115.8008,24.6374,5.8318,0.9186,147.4166,40.0255,8,258,2,183,2,0,0,0,0,0,3,5,37.5,25,233,9.69,2,0,100,183,0
ubt,bintrie,5,4,storage_sload_k1,19,,4965,21000,1,0.0918,12.5709,3.9721,0.5557,17.5159,1.1989,6,0,0,0,2,0,0,0,0,0,2,4,33.33,0,0,0,0,0,0,0,0
ubt,bintrie,5,4,storage_sload_k1,1,,4848,0,0,0.0689,6.885,0.0022,0.2307,7.5092,0,4,0,0,0,0,0,0,0,0,0,0,4,0,0,0,0,0,0,0,0,0
ubt,bintrie,5,4,storage_sload_k1,1,,4849,0,0,0.0314,18.6334,0.0023,0.0991,18.9124,0,4,0,0,0,0,0,0,0,0,0,0,4,0,0,0,0,0,0,0,0,0
ubt,bintrie,5,4,storage_sload_k1,1,,4850,0,0,0.2755,7.1223,0.006,0.1096,7.6979,0,4,0,0,0,0,0,0,0,0,0,0,4,0,0,0,0,0,0,0,0,0
ubt,bintrie,5,4,storage_sload_k1,1,,4851,86120,2,0.1184,23.5183,2.8412,5.5867,34.0594,2.5285,11,0,0,0,3,0,0,0,1,155,5,6,45.45,0,0,0,0,0,0,0,0
ubt,bintrie,5,4,storage_sload_k1,1,,4852,5900418,1,105.1136,22.1162,6.5369,0.5328,134.7205,43.7975,8,258,2,183,2,0,0,0,0,0,4,4,50,114,144,44.19,2,0,100,183,0
ubt,bintrie,5,4,storage_sload_k1,1,,4853,21000,1,0.1305,14.4995,12.8311,0.636,28.278,0.7426,6,0,0,0,2,0,0,0,0,0,2,4,33.33,0,0,0,0,0,0,0,0
ubt,bintrie,5,4,storage_sload_k1,1,,4854,0,0,0.0558,7.1434,0.0023,0.1375,7.5015,0,4,0,0,0,0,0,0,0,0,0,0,4,0,0,0,0,0,0,0,0,0
ubt,bintrie,5,4,storage_sload_k1,20,,4967,0,0,0.0509,3.9566,0.0023,0.2247,4.4379,0,4,0,0,0,0,0,0,0,0,0,0,4,0,0,0,0,0,0,0,0,0
ubt,bintrie,5,4,storage_sload_k1,20,,4968,0,0,0.0403,20.0523,0.0022,0.1276,20.3785,0,4,0,0,0,0,0,0,0,0,0,0,4,0,0,0,0,0,0,0,0,0
ubt,bintrie,5,4,storage_sload_k1,20,,4969,86120,2,0.1528,19.8579,6.7813,6.1747,36.3354,2.3701,11,0,0,0,3,0,0,0,1,155,5,6,45.45,0,0,0,0,0,0,0,0
ubt,bintrie,5,4,storage_sload_k1,20,,4970,5900418,1,121.0455,25.8847,13.8635,0.818,161.9391,36.436,8,258,2,183,2,0,0,0,0,0,4,4,50,110,148,42.64,2,0,100,183,0
ubt,bintrie,5,4,storage_sload_k1,20,,4971,21000,1,0.0586,6.3545,11.6844,0.7242,20.9994,1.0,6,0,0,0,2,0,0,0,0,0,2,4,33.33,0,0,0,0,0,0,0,0
ubt,bintrie,5,4,storage_sload_k1,2,,4855,0,0,0.0826,9.3012,0.0022,0.2329,9.8795,0,4,0,0,0,0,0,0,0,0,0,0,4,0,0,0,0,0,0,0,0,0
ubt,bintrie,5,4,storage_sload_k1,2,,4856,0,0,0.0413,18.5392,0.0023,0.1009,18.8907,0,4,0,0,0,0,0,0,0,0,0,0,4,0,0,0,0,0,0,0,0,0
ubt,bintrie,5,4,storage_sload_k1,2,,4857,0,0,0.0394,3.2611,0.0024,0.3847,4.153,0,4,0,0,0,0,0,0,0,0,0,0,4,0,0,0,0,0,0,0,0,0
ubt,bintrie,5,4,storage_sload_k1,2,,4858,86120,2,0.2019,24.0664,12.3799,5.9633,42.8754,2.0086,11,0,0,0,3,0,0,0,1,155,5,6,45.45,0,0,0,0,0,0,0,0
ubt,bintrie,5,4,storage_sload_k1,2,,4859,5900418,1,113.2654,23.1039,5.152,0.8203,142.5437,41.3937,8,258,2,183,2,0,0,0,0,0,4,4,50,27,231,10.47,2,0,100,183,0
ubt,bintrie,5,4,storage_sload_k1,2,,4860,21000,1,0.0536,16.4277,2.3854,1.8813,20.9105,1.0043,6,0,0,0,2,0,0,0,0,0,2,4,33.33,0,0,0,0,0,0,0,0
ubt,bintrie,5,4,storage_sload_k1,3,,4861,0,0,0.0508,3.5815,0.0025,0.3038,4.1872,0,4,0,0,0,0,0,0,0,0,0,0,4,0,0,0,0,0,0,0,0,0
ubt,bintrie,5,4,storage_sload_k1,3,,4862,0,0,0.0295,20.8594,0.002,0.1163,21.2014,0,4,0,0,0,0,0,0,0,0,0,0,4,0,0,0,0,0,0,0,0,0
ubt,bintrie,5,4,storage_sload_k1,3,,4863,0,0,0.0366,5.5147,0.0028,0.1499,5.8798,0,4,0,0,0,0,0,0,0,0,0,0,4,0,0,0,0,0,0,0,0,0
ubt,bintrie,5,4,storage_sload_k1,3,,4864,86120,2,0.1753,20.8524,5.5243,4.7448,34.616,2.4879,11,0,0,0,3,0,0,0,1,155,5,6,45.45,0,0,0,0,0,0,0,0
ubt,bintrie,5,4,storage_sload_k1,3,,4865,5900418,1,125.8436,28.1756,4.1918,0.566,159.1754,37.0687,8,258,2,183,2,0,0,0,0,0,4,4,50,3,255,1.16,2,0,100,183,0
ubt,bintrie,5,4,storage_sload_k1,3,,4866,21000,1,0.0638,7.6106,11.4607,1.8693,21.3524,0.9835,6,0,0,0,2,0,0,0,0,0,2,4,33.33,0,0,0,0,0,0,0,0
ubt,bintrie,5,4,storage_sload_k1,4,,4867,0,0,0.6195,3.9931,0.0019,0.293,5.1851,0,4,0,0,0,0,0,0,0,0,0,0,4,0,0,0,0,0,0,0,0,0
ubt,bintrie,5,4,storage_sload_k1,4,,4868,0,0,0.0481,16.7251,0.002,0.1393,17.0795,0,4,0,0,0,0,0,0,0,0,0,0,4,0,0,0,0,0,0,0,0,0
ubt,bintrie,5,4,storage_sload_k1,4,,4869,0,0,0.0327,3.9152,0.002,0.1176,4.2458,0,4,0,0,0,0,0,0,0,0,0,0,4,0,0,0,0,0,0,0,0,0
ubt,bintrie,5,4,storage_sload_k1,4,,4870,86120,2,0.1657,19.5593,10.3964,5.0002,37.2158,2.3141,11,0,0,0,3,0,0,0,1,155,5,6,45.45,0,0,0,0,0,0,0,0
ubt,bintrie,5,4,storage_sload_k1,4,,4871,5900418,1,108.4431,21.7282,6.4744,0.6347,137.694,42.8517,8,258,2,183,2,0,0,0,0,0,2,6,25,14,244,5.43,2,0,100,183,0
ubt,bintrie,5,4,storage_sload_k1,4,,4872,21000,1,0.1486,10.5068,3.1971,1.2398,15.2727,1.375,6,0,0,0,2,0,0,0,0,0,2,4,33.33,0,0,0,0,0,0,0,0
ubt,bintrie,5,4,storage_sload_k1,5,,4873,0,0,0.0645,5.0542,0.0027,0.3624,5.7838,0,4,0,0,0,0,0,0,0,0,0,0,4,0,0,0,0,0,0,0,0,0
ubt,bintrie,5,4,storage_sload_k1,5,,4874,0,0,0.028,21.3688,0.0024,0.4025,21.9952,0,4,0,0,0,0,0,0,0,0,0,0,4,0,0,0,0,0,0,0,0,0
ubt,bintrie,5,4,storage_sload_k1,5,,4875,0,0,0.0404,5.012,0.0029,0.1753,8.5163,0,4,0,0,0,0,0,0,0,0,0,0,4,0,0,0,0,0,0,0,0,0
ubt,bintrie,5,4,storage_sload_k1,5,,4876,86120,2,1.1896,17.9179,9.2135,4.9693,38.4055,2.2424,11,0,0,0,3,0,0,0,1,155,6,5,54.55,0,0,0,0,0,0,0,0
ubt,bintrie,5,4,storage_sload_k1,5,,4877,5900418,1,164.5752,16.3681,10.402,0.5963,196.2089,30.0721,8,258,2,183,2,0,0,0,0,0,3,5,37.5,126,132,48.84,2,0,100,183,0
ubt,bintrie,5,4,storage_sload_k1,5,,4878,21000,1,0.0948,21.2102,15.1063,0.6395,37.2517,0.5637,6,0,0,0,2,0,0,0,0,0,0,6,0,0,0,0,0,0,0,0,0
ubt,bintrie,5,4,storage_sload_k1,6,,4879,0,0,0.0438,5.9604,0.0031,0.2526,6.4953,0,4,0,0,0,0,0,0,0,0,0,0,4,0,0,0,0,0,0,0,0,0
ubt,bintrie,5,4,storage_sload_k1,6,,4880,0,0,0.0307,18.4749,0.0019,0.1193,18.7751,0,4,0,0,0,0,0,0,0,0,0,0,4,0,0,0,0,0,0,0,0,0
ubt,bintrie,5,4,storage_sload_k1,6,,4881,0,0,0.0344,6.2455,0.0083,0.3508,7.0174,0,4,0,0,0,0,0,0,0,0,0,0,4,0,0,0,0,0,0,0,0,0
ubt,bintrie,5,4,storage_sload_k1,6,,4882,86120,2,0.1353,19.0594,3.5909,5.6156,28.5964,3.0116,11,0,0,0,3,0,0,0,1,155,5,6,45.45,0,0,0,0,0,0,0,0
ubt,bintrie,5,4,storage_sload_k1,6,,4883,5900418,1,131.3955,16.3649,15.559,0.6377,164.1937,35.9357,8,258,2,183,2,0,0,0,0,0,3,5,37.5,7,251,2.71,2,0,100,183,0
ubt,bintrie,5,4,storage_sload_k1,6,,4884,21000,1,0.0922,6.4749,20.2008,0.6516,27.612,0.7605,6,0,0,0,2,0,0,0,0,0,2,4,33.33,0,0,0,0,0,0,0,0
ubt,bintrie,5,4,storage_sload_k1,7,,4885,0,0,0.1201,7.1957,0.0024,0.3822,7.9481,0,4,0,0,0,0,0,0,0,0,0,0,4,0,0,0,0,0,0,0,0,0
ubt,bintrie,5,4,storage_sload_k1,7,,4886,0,0,0.0344,17.7394,0.0025,0.1543,18.1096,0,4,0,0,0,0,0,0,0,0,0,0,4,0,0,0,0,0,0,0,0,0
ubt,bintrie,5,4,storage_sload_k1,7,,4887,0,0,0.0488,8.0799,0.0028,0.1378,8.4314,0,4,0,0,0,0,0,0,0,0,0,0,4,0,0,0,0,0,0,0,0,0
ubt,bintrie,5,4,storage_sload_k1,7,,4888,86120,2,0.1348,16.9074,3.0367,10.9829,31.2262,2.7579,11,0,0,0,3,0,0,0,1,155,5,6,45.45,0,0,0,0,0,0,0,0
ubt,bintrie,5,4,storage_sload_k1,7,,4889,5900418,1,123.0011,30.1174,5.0863,0.7895,165.1463,35.7284,8,258,2,183,2,0,0,0,0,0,3,5,37.5,182,76,70.54,2,0,100,183,0
ubt,bintrie,5,4,storage_sload_k1,7,,4890,21000,1,0.1251,23.1666,4.1974,2.7853,30.8437,0.6809,6,0,0,0,2,0,0,0,0,0,2,4,33.33,0,0,0,0,0,0,0,0
ubt,bintrie,5,4,storage_sload_k1,8,,4891,0,0,0.0384,7.0582,0.0025,0.2292,7.5331,0,4,0,0,0,0,0,0,0,0,0,0,4,0,0,0,0,0,0,0,0,0
ubt,bintrie,5,4,storage_sload_k1,8,,4892,0,0,0.0304,18.5147,0.002,0.1102,18.82,0,4,0,0,0,0,0,0,0,0,0,0,4,0,0,0,0,0,0,0,0,0
ubt,bintrie,5,4,storage_sload_k1,8,,4893,0,0,0.0503,5.4904,0.0027,0.1687,5.9162,0,4,0,0,0,0,0,0,0,0,0,0,4,0,0,0,0,0,0,0,0,0
ubt,bintrie,5,4,storage_sload_k1,8,,4894,86120,2,0.1295,20.4336,2.8056,4.0756,28.7576,2.9947,11,0,0,0,3,0,0,0,1,155,6,5,54.55,0,0,0,0,0,0,0,0
ubt,bintrie,5,4,storage_sload_k1,8,,4895,5900418,1,119.5174,16.9548,7.3828,0.9555,145.1995,40.6366,8,258,2,183,2,0,0,0,0,0,2,6,25,138,120,53.49,2,0,100,183,0
ubt,bintrie,5,4,storage_sload_k1,8,,4896,21000,1,0.1259,15.1609,10.3683,0.913,29.4316,0.7135,6,0,0,0,2,0,0,0,0,0,0,6,0,0,0,0,0,0,0,0,0
ubt,bintrie,5,4,storage_sload_k1,9,,4897,0,0,0.0516,5.5231,0.0056,0.237,6.2308,0,4,0,0,0,0,0,0,0,0,0,0,4,0,0,0,0,0,0,0,0,0
ubt,bintrie,5,4,storage_sload_k1,9,,4898,0,0,0.0391,19.1008,0.0028,0.2102,19.5346,0,4,0,0,0,0,0,0,0,0,0,0,4,0,0,0,0,0,0,0,0,0
ubt,bintrie,5,4,storage_sload_k1,9,,4899,0,0,0.0456,18.0369,0.0021,0.1478,18.5955,0,4,0,0,0,0,0,0,0,0,0,0,4,0,0,0,0,0,0,0,0,0
ubt,bintrie,5,4,storage_sload_k1,9,,4900,86120,2,0.1115,19.2806,4.0804,6.1814,29.8655,2.8836,11,0,0,0,3,0,0,0,1,155,5,6,45.45,0,0,0,0,0,0,0,0
ubt,bintrie,5,4,storage_sload_k1,9,,4901,5900418,1,144.881,26.4685,6.938,1.2205,179.8627,32.8051,8,258,2,183,2,0,0,0,0,0,4,4,50,52,206,20.16,2,0,100,183,0
ubt,bintrie,5,4,storage_sload_k1,9,,4902,21000,1,0.0641,7.9873,10.0836,1.098,24.6967,0.8503,6,0,0,0,2,0,0,0,0,0,2,4,33.33,0,0,0,0,0,0,0,0
ubt,bintrie,5,4,storage_sload_k10,10,,5034,0,0,0.0755,5.1453,0.0033,0.2898,5.9008,0,4,0,0,0,0,0,0,0,0,0,0,4,0,0,0,0,0,0,0,0,0
ubt,bintrie,5,4,storage_sload_k10,10,,5035,0,0,0.0765,19.1171,0.0024,0.2198,19.6488,0,4,0,0,0,0,0,0,0,0,0,0,4,0,0,0,0,0,0,0,0,0
ubt,bintrie,5,4,storage_sload_k10,10,,5036,0,0,0.084,11.1476,0.0028,0.1374,12.3992,0,4,0,0,0,0,0,0,0,0,0,0,4,0,0,0,0,0,0,0,0,0
ubt,bintrie,5,4,storage_sload_k10,10,,5037,86852,2,0.1149,20.8602,15.0656,5.3791,41.57,2.0893,11,0,0,0,3,0,0,0,1,157,6,5,54.55,0,0,0,0,0,0,0,0
ubt,bintrie,5,4,storage_sload_k10,10,,5038,5900140,1,139.0581,22.9697,5.9393,1.3348,181.3863,32.528,17,258,11,437,2,0,0,0,0,0,4,13,23.53,29,229,11.24,11,0,100,437,0
ubt,bintrie,5,4,storage_sload_k10,10,,5039,21000,1,0.0805,11.0555,9.5571,6.845,27.7457,0.7569,6,0,0,0,2,0,0,0,0,0,2,4,33.33,0,0,0,0,0,0,0,0
ubt,bintrie,5,4,storage_sload_k10,11,,5041,0,0,0.0715,3.7386,0.0024,0.3817,4.5673,0,4,0,0,0,0,0,0,0,0,0,0,4,0,0,0,0,0,0,0,0,0
ubt,bintrie,5,4,storage_sload_k10,11,,5042,0,0,0.0586,24.6253,0.003,0.1821,25.0664,0,4,0,0,0,0,0,0,0,0,0,0,4,0,0,0,0,0,0,0,0,0
ubt,bintrie,5,4,storage_sload_k10,11,,5043,0,0,0.0378,5.1303,0.009,0.3021,8.317,0,4,0,0,0,0,0,0,0,0,0,0,4,0,0,0,0,0,0,0,0,0
ubt,bintrie,5,4,storage_sload_k10,11,,5044,86852,2,0.521,19.656,14.3837,4.9153,39.7704,2.1838,11,0,0,0,3,0,0,0,1,157,4,7,36.36,0,0,0,0,0,0,0,0
ubt,bintrie,5,4,storage_sload_k10,11,,5045,5900140,1,113.9554,26.3265,11.9023,2.4314,155.0669,38.049,17,258,11,437,2,0,0,0,0,0,7,10,41.18,82,176,31.78,11,0,100,437,0
ubt,bintrie,5,4,storage_sload_k10,11,,5046,21000,1,1.9153,8.2901,21.0529,0.5999,32.0533,0.6552,6,0,0,0,2,0,0,0,0,0,0,6,0,0,0,0,0,0,0,0,0
ubt,bintrie,5,4,storage_sload_k10,12,,5048,0,0,0.0477,5.1739,0.0025,0.2413,5.6828,0,4,0,0,0,0,0,0,0,0,0,0,4,0,0,0,0,0,0,0,0,0
ubt,bintrie,5,4,storage_sload_k10,12,,5049,0,0,0.0504,17.5449,0.0027,0.4822,18.2843,0,4,0,0,0,0,0,0,0,0,0,0,4,0,0,0,0,0,0,0,0,0
ubt,bintrie,5,4,storage_sload_k10,12,,5050,0,0,0.0526,8.8126,0.0032,0.1678,9.238,0,4,0,0,0,0,0,0,0,0,0,0,4,0,0,0,0,0,0,0,0,0
ubt,bintrie,5,4,storage_sload_k10,12,,5051,86852,2,0.1274,16.6948,11.2313,5.0545,33.3052,2.6078,11,0,0,0,3,0,0,0,1,157,5,6,45.45,0,0,0,0,0,0,0,0
ubt,bintrie,5,4,storage_sload_k10,12,,5052,5900140,1,117.5858,27.4534,6.8483,1.1055,153.2573,38.4983,17,258,11,437,2,0,0,0,0,0,5,12,29.41,85,173,32.95,11,0,100,437,0
ubt,bintrie,5,4,storage_sload_k10,12,,5053,21000,1,0.1119,5.544,14.168,0.5728,20.6569,1.0166,6,0,0,0,2,0,0,0,0,0,2,4,33.33,0,0,0,0,0,0,0,0
ubt,bintrie,5,4,storage_sload_k10,13,,5054,0,0,0.555,6.5546,0.0019,0.2513,7.6437,0,4,0,0,0,0,0,0,0,0,0,0,4,0,0,0,0,0,0,0,0,0
ubt,bintrie,5,4,storage_sload_k10,13,,5055,0,0,0.029,20.7523,0.0024,0.1099,21.0676,0,4,0,0,0,0,0,0,0,0,0,0,4,0,0,0,0,0,0,0,0,0
ubt,bintrie,5,4,storage_sload_k10,13,,5056,0,0,0.0575,19.9689,0.0024,0.3751,21.4542,0,4,0,0,0,0,0,0,0,0,0,0,4,0,0,0,0,0,0,0,0,0
ubt,bintrie,5,4,storage_sload_k10,13,,5057,86852,2,0.1372,17.6817,4.5841,5.0462,27.698,3.1357,11,0,0,0,3,0,0,0,1,157,6,5,54.55,0,0,0,0,0,0,0,0
ubt,bintrie,5,4,storage_sload_k10,13,,5058,5900140,1,159.7724,23.6695,9.1786,0.9837,193.9912,30.4145,17,258,11,437,2,0,0,0,0,0,8,9,47.06,125,133,48.45,11,0,100,437,0
ubt,bintrie,5,4,storage_sload_k10,13,,5059,21000,1,0.0918,3.9729,10.7458,0.7642,15.7608,1.3324,6,0,0,0,2,0,0,0,0,0,2,4,33.33,0,0,0,0,0,0,0,0
ubt,bintrie,5,4,storage_sload_k10,14,,5061,0,0,0.0467,8.0097,0.0027,0.2602,8.5375,0,4,0,0,0,0,0,0,0,0,0,0,4,0,0,0,0,0,0,0,0,0
ubt,bintrie,5,4,storage_sload_k10,14,,5062,0,0,0.035,22.1451,0.0023,0.1399,22.498,0,4,0,0,0,0,0,0,0,0,0,0,4,0,0,0,0,0,0,0,0,0
ubt,bintrie,5,4,storage_sload_k10,14,,5063,0,0,0.0565,22.641,0.0031,0.1464,23.0492,0,4,0,0,0,0,0,0,0,0,0,0,4,0,0,0,0,0,0,0,0,0
ubt,bintrie,5,4,storage_sload_k10,14,,5064,86852,2,0.258,18.6812,7.9795,4.9683,32.0672,2.7084,11,0,0,0,3,0,0,0,1,157,5,6,45.45,0,0,0,0,0,0,0,0
ubt,bintrie,5,4,storage_sload_k10,14,,5065,5900140,1,115.9693,25.4241,8.0809,1.3018,150.9535,39.0858,17,258,11,437,2,0,0,0,0,0,7,10,41.18,61,197,23.64,11,0,100,437,0
ubt,bintrie,5,4,storage_sload_k10,14,,5066,21000,1,0.0854,6.997,15.5033,0.7072,23.5227,0.8928,6,0,0,0,2,0,0,0,0,0,2,4,33.33,0,0,0,0,0,0,0,0
ubt,bintrie,5,4,storage_sload_k10,15,,5067,0,0,0.9918,9.866,0.003,0.4785,11.7088,0,4,0,0,0,0,0,0,0,0,0,0,4,0,0,0,0,0,0,0,0,0
ubt,bintrie,5,4,storage_sload_k10,15,,5068,0,0,0.0257,15.2799,0.0024,0.1097,15.5464,0,4,0,0,0,0,0,0,0,0,0,0,4,0,0,0,0,0,0,0,0,0
ubt,bintrie,5,4,storage_sload_k10,15,,5069,0,0,0.0405,10.3117,0.0025,0.2241,10.7764,0,4,0,0,0,0,0,0,0,0,0,0,4,0,0,0,0,0,0,0,0,0
ubt,bintrie,5,4,storage_sload_k10,15,,5070,86852,2,0.1122,17.6179,3.761,6.1633,27.8747,3.1158,11,0,0,0,3,0,0,0,1,157,7,4,63.64,0,0,0,0,0,0,0,0
ubt,bintrie,5,4,storage_sload_k10,15,,5071,5900140,1,107.3402,29.3689,4.7019,0.8513,142.59,41.3784,17,258,11,437,2,0,0,0,0,0,5,12,29.41,78,180,30.23,11,0,100,437,0
ubt,bintrie,5,4,storage_sload_k10,15,,5072,21000,1,0.0752,11.3161,12.707,0.8812,26.5515,0.7909,6,0,0,0,2,0,0,0,0,0,2,4,33.33,0,0,0,0,0,0,0,0
ubt,bintrie,5,4,storage_sload_k10,16,,5074,0,0,0.0648,6.5557,0.0082,0.3704,7.2324,0,4,0,0,0,0,0,0,0,0,0,0,4,0,0,0,0,0,0,0,0,0
ubt,bintrie,5,4,storage_sload_k10,16,,5075,0,0,0.0418,16.7884,0.0028,0.1462,17.1679,0,4,0,0,0,0,0,0,0,0,0,0,4,0,0,0,0,0,0,0,0,0
ubt,bintrie,5,4,storage_sload_k10,16,,5076,0,0,0.2044,4.0929,0.0022,0.4304,5.3404,0,4,0,0,0,0,0,0,0,0,0,0,4,0,0,0,0,0,0,0,0,0
ubt,bintrie,5,4,storage_sload_k10,16,,5077,86852,2,0.2042,22.5635,3.5349,10.8187,37.3219,2.3271,11,0,0,0,3,0,0,0,1,157,6,5,54.55,0,0,0,0,0,0,0,0
ubt,bintrie,5,4,storage_sload_k10,16,,5078,5900140,1,109.6239,24.0584,5.3342,1.4333,146.1802,40.3621,17,258,11,437,2,0,0,0,0,0,6,11,35.29,66,192,25.58,11,0,100,437,0
ubt,bintrie,5,4,storage_sload_k10,16,,5079,21000,1,0.0919,20.1328,3.4058,0.7676,24.7605,0.8481,6,0,0,0,2,0,0,0,0,0,2,4,33.33,0,0,0,0,0,0,0,0
ubt,bintrie,5,4,storage_sload_k10,16,,5080,0,0,0.0495,17.0346,0.0066,0.1309,17.4606,0,4,0,0,0,0,0,0,0,0,0,0,4,0,0,0,0,0,0,0,0,0
ubt,bintrie,5,4,storage_sload_k10,17,,5081,0,0,0.0493,8.0339,0.0022,0.3081,8.6055,0,4,0,0,0,0,0,0,0,0,0,0,4,0,0,0,0,0,0,0,0,0
ubt,bintrie,5,4,storage_sload_k10,17,,5082,0,0,0.0408,3.6589,0.0023,0.1475,4.0208,0,4,0,0,0,0,0,0,0,0,0,0,4,0,0,0,0,0,0,0,0,0
ubt,bintrie,5,4,storage_sload_k10,17,,5083,0,0,0.0406,16.1986,0.0033,0.2107,18.3975,0,4,0,0,0,0,0,0,0,0,0,0,4,0,0,0,0,0,0,0,0,0
ubt,bintrie,5,4,storage_sload_k10,17,,5084,86852,2,0.0994,23.8767,8.5634,5.0773,37.7841,2.2986,11,0,0,0,3,0,0,0,1,157,7,4,63.64,0,0,0,0,0,0,0,0
ubt,bintrie,5,4,storage_sload_k10,17,,5085,5900140,1,118.0144,25.9935,6.3836,0.9668,151.7611,38.8778,17,258,11,437,2,0,0,0,0,0,4,13,23.53,20,238,7.75,11,0,100,437,0
ubt,bintrie,5,4,storage_sload_k10,17,,5086,21000,1,0.1567,5.1462,18.7108,0.6255,24.8006,0.8468,6,0,0,0,2,0,0,0,0,0,0,6,0,0,0,0,0,0,0,0,0
ubt,bintrie,5,4,storage_sload_k10,18,,5088,0,0,0.3356,3.2762,0.0021,0.2137,4.545,0,4,0,0,0,0,0,0,0,0,0,0,4,0,0,0,0,0,0,0,0,0
ubt,bintrie,5,4,storage_sload_k10,18,,5089,0,0,0.0426,18.4947,0.0026,0.0978,18.7762,0,4,0,0,0,0,0,0,0,0,0,0,4,0,0,0,0,0,0,0,0,0
ubt,bintrie,5,4,storage_sload_k10,18,,5090,0,0,0.0394,6.2455,0.0031,0.2444,6.7251,0,4,0,0,0,0,0,0,0,0,0,0,4,0,0,0,0,0,0,0,0,0
ubt,bintrie,5,4,storage_sload_k10,18,,5091,86852,2,0.0982,5.2075,11.4154,6.4686,29.821,2.9124,11,0,0,0,3,0,0,0,1,157,7,4,63.64,0,0,0,0,0,0,0,0
ubt,bintrie,5,4,storage_sload_k10,18,,5092,5900140,1,113.6895,26.7581,9.8566,1.1341,151.8817,38.847,17,258,11,437,2,0,0,0,0,0,5,12,29.41,49,209,18.99,11,0,100,437,0
ubt,bintrie,5,4,storage_sload_k10,18,,5093,21000,1,1.4188,2.89,21.5681,0.5329,26.617,0.789,6,0,0,0,2,0,0,0,0,0,2,4,33.33,0,0,0,0,0,0,0,0
ubt,bintrie,5,4,storage_sload_k10,19,,5094,0,0,0.0349,9.4386,0.0019,0.1977,9.8903,0,4,0,0,0,0,0,0,0,0,0,0,4,0,0,0,0,0,0,0,0,0
ubt,bintrie,5,4,storage_sload_k10,19,,5095,0,0,0.0264,15.6133,0.0016,0.0987,15.887,0,4,0,0,0,0,0,0,0,0,0,0,4,0,0,0,0,0,0,0,0,0
ubt,bintrie,5,4,storage_sload_k10,19,,5096,0,0,0.0306,13.7771,0.0018,0.096,14.0591,0,4,0,0,0,0,0,0,0,0,0,0,4,0,0,0,0,0,0,0,0,0
ubt,bintrie,5,4,storage_sload_k10,19,,5097,86852,2,0.3415,15.782,14.698,4.1377,35.1957,2.4677,11,0,0,0,3,0,0,0,1,157,4,7,36.36,0,0,0,0,0,0,0,0
ubt,bintrie,5,4,storage_sload_k10,19,,5098,5900140,1,124.7551,24.9008,11.6156,0.8603,162.5227,36.3035,17,258,11,437,2,0,0,0,0,0,4,13,23.53,18,240,6.98,11,0,100,437,0
ubt,bintrie,5,4,storage_sload_k10,19,,5099,21000,1,1.1203,13.5447,13.0852,0.8701,28.8727,0.7273,6,0,0,0,2,0,0,0,0,0,2,4,33.33,0,0,0,0,0,0,0,0
ubt,bintrie,5,4,storage_sload_k10,1,,4972,0,0,0.0539,4.1031,0.0019,0.4033,4.8289,0,4,0,0,0,0,0,0,0,0,0,0,4,0,0,0,0,0,0,0,0,0
ubt,bintrie,5,4,storage_sload_k10,1,,4973,0,0,0.0345,26.8996,0.0029,0.171,27.3124,0,4,0,0,0,0,0,0,0,0,0,0,4,0,0,0,0,0,0,0,0,0
ubt,bintrie,5,4,storage_sload_k10,1,,4974,0,0,0.3492,16.9032,0.0025,0.21,18.2525,0,4,0,0,0,0,0,0,0,0,0,0,4,0,0,0,0,0,0,0,0,0
ubt,bintrie,5,4,storage_sload_k10,1,,4975,86852,2,0.187,22.3545,5.3218,5.5423,38.0855,2.2804,11,0,0,0,3,0,0,0,1,157,5,6,45.45,0,0,0,0,0,0,0,0
ubt,bintrie,5,4,storage_sload_k10,1,,4976,5900140,1,125.2589,21.697,2.8634,0.9321,151.0929,39.0498,17,258,11,437,2,0,0,0,0,0,5,12,29.41,10,248,3.88,11,0,100,437,0
ubt,bintrie,5,4,storage_sload_k10,1,,4977,21000,1,0.0705,9.3891,8.7151,0.521,18.9298,1.1094,6,0,0,0,2,0,0,0,0,0,2,4,33.33,0,0,0,0,0,0,0,0
ubt,bintrie,5,4,storage_sload_k10,20,,5100,0,0,0.0424,6.5438,0.0022,0.2844,7.0552,0,4,0,0,0,0,0,0,0,0,0,0,4,0,0,0,0,0,0,0,0,0
ubt,bintrie,5,4,storage_sload_k10,20,,5101,0,0,0.0392,6.3258,0.0026,0.2436,6.8198,0,4,0,0,0,0,0,0,0,0,0,0,4,0,0,0,0,0,0,0,0,0
ubt,bintrie,5,4,storage_sload_k10,20,,5102,0,0,0.0332,14.4124,0.0031,0.0991,14.6827,0,4,0,0,0,0,0,0,0,0,0,0,4,0,0,0,0,0,0,0,0,0
ubt,bintrie,5,4,storage_sload_k10,20,,5103,86852,2,0.1207,16.9847,3.3696,5.7636,35.3164,2.4593,11,0,0,0,3,0,0,0,1,157,7,4,63.64,0,0,0,0,0,0,0,0
ubt,bintrie,5,4,storage_sload_k10,20,,5104,5900140,1,116.3382,18.254,12.5077,0.8104,148.4099,39.7557,17,258,11,437,2,0,0,0,0,0,3,14,17.65,78,180,30.23,11,0,100,437,0
ubt,bintrie,5,4,storage_sload_k10,20,,5105,21000,1,0.0727,16.591,14.1821,0.9167,31.9277,0.6577,6,0,0,0,2,0,0,0,0,0,2,4,33.33,0,0,0,0,0,0,0,0
ubt,bintrie,5,4,storage_sload_k10,2,,4979,0,0,0.0347,4.8371,0.002,3.0971,8.1625,0,4,0,0,0,0,0,0,0,0,0,0,4,0,0,0,0,0,0,0,0,0
ubt,bintrie,5,4,storage_sload_k10,2,,4980,0,0,0.0391,6.5136,0.0031,0.2355,6.9772,0,4,0,0,0,0,0,0,0,0,0,0,4,0,0,0,0,0,0,0,0,0
ubt,bintrie,5,4,storage_sload_k10,2,,4981,0,0,0.0414,7.16,0.0026,0.5022,7.9128,0,4,0,0,0,0,0,0,0,0,0,0,4,0,0,0,0,0,0,0,0,0
ubt,bintrie,5,4,storage_sload_k10,2,,4982,86852,2,0.1814,25.2901,4.1058,5.3074,35.5381,2.4439,11,0,0,0,3,0,0,0,1,157,5,6,45.45,0,0,0,0,0,0,0,0
ubt,bintrie,5,4,storage_sload_k10,2,,4983,5900140,1,118.999,19.727,3.1075,0.7601,143.025,41.2525,17,258,11,437,2,0,0,0,0,0,6,11,35.29,57,201,22.09,11,0,100,437,0
ubt,bintrie,5,4,storage_sload_k10,2,,4984,21000,1,0.0666,9.9202,4.8865,1.7957,29.122,0.7211,6,0,0,0,2,0,0,0,0,0,2,4,33.33,0,0,0,0,0,0,0,0
ubt,bintrie,5,4,storage_sload_k10,3,,4985,0,0,0.0535,4.1851,0.0029,0.2446,4.6703,0,4,0,0,0,0,0,0,0,0,0,0,4,0,0,0,0,0,0,0,0,0
ubt,bintrie,5,4,storage_sload_k10,3,,4986,0,0,0.0393,25.5302,0.0029,0.235,26.0402,0,4,0,0,0,0,0,0,0,0,0,0,4,0,0,0,0,0,0,0,0,0
ubt,bintrie,5,4,storage_sload_k10,3,,4987,0,0,0.0353,11.5584,0.0167,0.2241,12.0337,0,4,0,0,0,0,0,0,0,0,0,0,4,0,0,0,0,0,0,0,0,0
ubt,bintrie,5,4,storage_sload_k10,3,,4988,86852,2,0.0941,21.2168,2.7892,4.7165,29.0,2.9949,11,0,0,0,3,0,0,0,1,157,6,5,54.55,0,0,0,0,0,0,0,0
ubt,bintrie,5,4,storage_sload_k10,3,,4989,5900140,1,113.3563,21.5674,5.691,1.1168,142.1501,41.5064,17,258,11,437,2,0,0,0,0,0,4,13,23.53,32,226,12.4,11,0,100,437,0
ubt,bintrie,5,4,storage_sload_k10,3,,4990,21000,1,0.1307,3.9741,24.0247,0.5157,28.8494,0.7279,6,0,0,0,2,0,0,0,0,0,0,6,0,0,0,0,0,0,0,0,0
ubt,bintrie,5,4,storage_sload_k10,4,,4992,0,0,0.0427,3.3752,0.0022,0.2375,3.8715,0,4,0,0,0,0,0,0,0,0,0,0,4,0,0,0,0,0,0,0,0,0
ubt,bintrie,5,4,storage_sload_k10,4,,4993,0,0,0.0401,16.4835,0.0027,0.1037,16.8166,0,4,0,0,0,0,0,0,0,0,0,0,4,0,0,0,0,0,0,0,0,0
ubt,bintrie,5,4,storage_sload_k10,4,,4994,0,0,0.033,5.503,0.0024,0.1073,6.4948,0,4,0,0,0,0,0,0,0,0,0,0,4,0,0,0,0,0,0,0,0,0
ubt,bintrie,5,4,storage_sload_k10,4,,4995,86852,2,0.1507,23.2619,4.3775,5.0049,32.9979,2.632,11,0,0,0,3,0,0,0,1,157,5,6,45.45,0,0,0,0,0,0,0,0
ubt,bintrie,5,4,storage_sload_k10,4,,4996,5900140,1,113.6108,22.2819,8.4149,0.8309,145.9634,40.4221,17,258,11,437,2,0,0,0,0,0,5,12,29.41,10,248,3.88,11,0,100,437,0
ubt,bintrie,5,4,storage_sload_k10,4,,4997,21000,1,0.0853,16.8054,2.4855,1.269,26.2129,0.8011,6,0,0,0,2,0,0,0,0,0,0,6,0,0,0,0,0,0,0,0,0
ubt,bintrie,5,4,storage_sload_k10,5,,4999,0,0,0.039,3.5341,0.0021,0.3083,4.0766,0,4,0,0,0,0,0,0,0,0,0,0,4,0,0,0,0,0,0,0,0,0
ubt,bintrie,5,4,storage_sload_k10,5,,5000,0,0,1.347,7.2316,0.0022,0.1611,8.9575,0,4,0,0,0,0,0,0,0,0,0,0,4,0,0,0,0,0,0,0,0,0
ubt,bintrie,5,4,storage_sload_k10,5,,5001,0,0,0.0318,5.0437,0.0022,0.1602,5.4079,0,4,0,0,0,0,0,0,0,0,0,0,4,0,0,0,0,0,0,0,0,0
ubt,bintrie,5,4,storage_sload_k10,5,,5002,86852,2,0.1152,21.4069,4.1019,5.8067,31.7539,2.7352,11,0,0,0,3,0,0,0,1,157,5,6,45.45,0,0,0,0,0,0,0,0
ubt,bintrie,5,4,storage_sload_k10,5,,5003,5900140,1,110.1505,20.6794,7.588,0.9525,139.7556,42.2175,17,258,11,437,2,0,0,0,0,0,4,13,23.53,19,239,7.36,11,0,100,437,0
ubt,bintrie,5,4,storage_sload_k10,5,,5004,21000,1,0.0817,19.0062,3.1828,0.9911,23.4894,0.894,6,0,0,0,2,0,0,0,0,0,2,4,33.33,0,0,0,0,0,0,0,0
ubt,bintrie,5,4,storage_sload_k10,5,,5005,0,0,0.0499,6.8189,0.0095,0.1562,7.378,0,4,0,0,0,0,0,0,0,0,0,0,4,0,0,0,0,0,0,0,0,0
ubt,bintrie,5,4,storage_sload_k10,6,,5006,0,0,0.051,6.4343,0.0018,0.1974,6.882,0,4,0,0,0,0,0,0,0,0,0,0,4,0,0,0,0,0,0,0,0,0
ubt,bintrie,5,4,storage_sload_k10,6,,5007,0,0,0.0383,17.1821,0.0026,0.1365,17.547,0,4,0,0,0,0,0,0,0,0,0,0,4,0,0,0,0,0,0,0,0,0
ubt,bintrie,5,4,storage_sload_k10,6,,5008,0,0,0.1558,20.3068,0.0028,0.2143,20.9458,0,4,0,0,0,0,0,0,0,0,0,0,4,0,0,0,0,0,0,0,0,0
ubt,bintrie,5,4,storage_sload_k10,6,,5009,86852,2,0.1005,24.9791,3.3053,4.802,37.6817,2.3049,11,0,0,0,3,0,0,0,1,157,7,4,63.64,0,0,0,0,0,0,0,0
ubt,bintrie,5,4,storage_sload_k10,6,,5010,5900140,1,128.9352,18.3489,2.7826,0.9023,151.3854,38.9743,17,258,11,437,2,0,0,0,0,0,5,12,29.41,55,203,21.32,11,0,100,437,0
ubt,bintrie,5,4,storage_sload_k10,6,,5011,21000,1,0.1081,9.4288,6.0737,0.7427,21.6511,0.9699,6,0,0,0,2,0,0,0,0,0,0,6,0,0,0,0,0,0,0,0,0
ubt,bintrie,5,4,storage_sload_k10,7,,5013,0,0,0.0579,6.7487,0.0035,0.424,7.5395,0,4,0,0,0,0,0,0,0,0,0,0,4,0,0,0,0,0,0,0,0,0
ubt,bintrie,5,4,storage_sload_k10,7,,5014,0,0,0.0353,21.6419,0.0023,0.1877,22.0299,0,4,0,0,0,0,0,0,0,0,0,0,4,0,0,0,0,0,0,0,0,0
ubt,bintrie,5,4,storage_sload_k10,7,,5015,0,0,0.0443,28.4988,0.0021,0.1226,29.6053,0,4,0,0,0,0,0,0,0,0,0,0,4,0,0,0,0,0,0,0,0,0
ubt,bintrie,5,4,storage_sload_k10,7,,5016,86852,2,0.1221,18.7763,4.2851,4.7544,28.1749,3.0826,11,0,0,0,3,0,0,0,1,157,6,5,54.55,0,0,0,0,0,0,0,0
ubt,bintrie,5,4,storage_sload_k10,7,,5017,5900140,1,115.0351,19.8512,7.2385,0.8774,143.3959,41.1458,17,258,11,437,2,0,0,0,0,0,4,13,23.53,34,224,13.18,11,0,100,437,0
ubt,bintrie,5,4,storage_sload_k10,7,,5018,21000,1,0.0754,10.4695,5.1309,0.7671,16.6617,1.2604,6,0,0,0,2,0,0,0,0,0,2,4,33.33,0,0,0,0,0,0,0,0
ubt,bintrie,5,4,storage_sload_k10,7,,5019,0,0,0.0475,18.5013,0.0139,0.1806,18.9864,0,4,0,0,0,0,0,0,0,0,0,0,4,0,0,0,0,0,0,0,0,0
ubt,bintrie,5,4,storage_sload_k10,8,,5020,0,0,0.0448,4.396,0.0103,0.2955,5.0612,0,4,0,0,0,0,0,0,0,0,0,0,4,0,0,0,0,0,0,0,0,0
ubt,bintrie,5,4,storage_sload_k10,8,,5021,0,0,0.0481,22.4172,0.0029,0.1614,22.8477,0,4,0,0,0,0,0,0,0,0,0,0,4,0,0,0,0,0,0,0,0,0
ubt,bintrie,5,4,storage_sload_k10,8,,5022,0,0,0.0367,3.6316,0.0024,0.1353,3.9792,0,4,0,0,0,0,0,0,0,0,0,0,4,0,0,0,0,0,0,0,0,0
ubt,bintrie,5,4,storage_sload_k10,8,,5023,86852,2,0.1954,21.421,13.5131,5.6831,41.0744,2.1145,11,0,0,0,3,0,0,0,1,157,6,5,54.55,0,0,0,0,0,0,0,0
ubt,bintrie,5,4,storage_sload_k10,8,,5024,5900140,1,136.4841,29.0741,2.8305,0.8348,169.6071,34.7871,17,258,11,437,2,0,0,0,0,0,2,15,11.76,0,258,0,11,0,100,437,0
ubt,bintrie,5,4,storage_sload_k10,8,,5025,21000,1,0.096,13.0394,4.1142,0.5511,18.0231,1.1652,6,0,0,0,2,0,0,0,0,0,2,4,33.33,0,0,0,0,0,0,0,0
ubt,bintrie,5,4,storage_sload_k10,8,,5026,0,0,0.0451,8.7023,0.0032,0.1744,13.8869,0,4,0,0,0,0,0,0,0,0,0,0,4,0,0,0,0,0,0,0,0,0
ubt,bintrie,5,4,storage_sload_k10,9,,5027,0,0,0.062,6.1017,0.0025,0.2609,6.6732,0,4,0,0,0,0,0,0,0,0,0,0,4,0,0,0,0,0,0,0,0,0
ubt,bintrie,5,4,storage_sload_k10,9,,5028,0,0,0.0391,19.6358,0.0031,0.2575,20.1391,0,4,0,0,0,0,0,0,0,0,0,0,4,0,0,0,0,0,0,0,0,0
ubt,bintrie,5,4,storage_sload_k10,9,,5029,0,0,0.1092,12.5359,0.0022,0.1521,13.0234,0,4,0,0,0,0,0,0,0,0,0,0,4,0,0,0,0,0,0,0,0,0
ubt,bintrie,5,4,storage_sload_k10,9,,5030,86852,2,0.0996,22.5299,2.7157,6.1414,31.6853,2.7411,11,0,0,0,3,0,0,0,1,157,5,6,45.45,0,0,0,0,0,0,0,0
ubt,bintrie,5,4,storage_sload_k10,9,,5031,5900140,1,126.9417,6.2958,13.2475,1.2653,148.1074,39.8369,17,258,11,437,2,0,0,0,0,0,9,8,52.94,203,55,78.68,11,0,100,437,0
ubt,bintrie,5,4,storage_sload_k10,9,,5032,21000,1,0.0744,7.3253,8.6071,9.4267,25.6606,0.8184,6,0,0,0,2,0,0,0,0,0,2,4,33.33,0,0,0,0,0,0,0,0
ubt,bintrie,5,4,storage_sload_k10,9,,5033,0,0,0.0518,15.6513,0.0034,0.184,16.1303,0,4,0,0,0,0,0,0,0,0,0,0,4,0,0,0,0,0,0,0,0,0
ubt,bintrie,5,4,storage_sload_k100,10,,5163,0,0,0.0637,6.3592,0.0027,0.2151,7.1351,0,4,0,0,0,0,0,0,0,0,0,0,4,0,0,0,0,0,0,0,0,0
ubt,bintrie,5,4,storage_sload_k100,10,,5164,0,0,0.039,7.9884,0.0023,0.1429,8.3978,0,4,0,0,0,0,0,0,0,0,0,0,4,0,0,0,0,0,0,0,0,0
ubt,bintrie,5,4,storage_sload_k100,10,,5165,0,0,0.0327,7.2221,0.0026,0.145,7.5667,0,4,0,0,0,0,0,0,0,0,0,0,4,0,0,0,0,0,0,0,0,0
ubt,bintrie,5,4,storage_sload_k100,10,,5166,86852,2,0.0891,25.7173,5.2642,6.8214,38.0969,2.2798,11,0,0,0,3,0,0,0,1,157,6,5,54.55,0,0,0,0,0,0,0,0
ubt,bintrie,5,4,storage_sload_k100,10,,5167,5900240,1,135.5698,20.8798,3.1769,0.6788,160.6731,36.722,107,258,101,2957,2,0,0,0,0,0,30,77,28.04,55,203,21.32,101,0,100,2957,0
ubt,bintrie,5,4,storage_sload_k100,10,,5168,21000,1,0.0877,23.4365,15.9752,0.8307,40.5561,0.5178,6,0,0,0,2,0,0,0,0,0,2,4,33.33,0,0,0,0,0,0,0,0
ubt,bintrie,5,4,storage_sload_k100,11,,5169,0,0,0.0874,3.3595,0.0024,0.2145,4.0443,0,4,0,0,0,0,0,0,0,0,0,0,4,0,0,0,0,0,0,0,0,0
ubt,bintrie,5,4,storage_sload_k100,11,,5170,0,0,0.0362,17.5733,0.0062,0.1277,17.9037,0,4,0,0,0,0,0,0,0,0,0,0,4,0,0,0,0,0,0,0,0,0
ubt,bintrie,5,4,storage_sload_k100,11,,5171,0,0,0.0397,5.9409,0.0024,0.3351,6.9759,0,4,0,0,0,0,0,0,0,0,0,0,4,0,0,0,0,0,0,0,0,0
ubt,bintrie,5,4,storage_sload_k100,11,,5172,86852,2,0.107,21.437,2.656,4.5971,28.9931,2.9956,11,0,0,0,3,0,0,0,1,157,5,6,45.45,0,0,0,0,0,0,0,0
ubt,bintrie,5,4,storage_sload_k100,11,,5173,5900240,1,119.579,24.6215,6.2453,0.6392,151.5216,38.9399,107,258,101,2957,2,0,0,0,0,0,26,81,24.3,60,198,23.26,101,0,100,2957,0
ubt,bintrie,5,4,storage_sload_k100,11,,5174,21000,1,0.0923,12.0049,6.9123,0.9063,29.9061,0.7022,6,0,0,0,2,0,0,0,0,0,2,4,33.33,0,0,0,0,0,0,0,0
ubt,bintrie,5,4,storage_sload_k100,11,,5175,0,0,0.0464,9.1451,0.0196,1.6952,11.8122,0,4,0,0,0,0,0,0,0,0,0,0,4,0,0,0,0,0,0,0,0,0
ubt,bintrie,5,4,storage_sload_k100,12,,5176,0,0,0.083,8.6703,0.0034,1.607,10.7322,0,4,0,0,0,0,0,0,0,0,0,0,4,0,0,0,0,0,0,0,0,0
ubt,bintrie,5,4,storage_sload_k100,12,,5177,0,0,0.0323,4.6405,0.0023,0.142,4.9857,0,4,0,0,0,0,0,0,0,0,0,0,4,0,0,0,0,0,0,0,0,0
ubt,bintrie,5,4,storage_sload_k100,12,,5178,0,0,0.0328,10.4152,0.0031,0.1559,10.7794,0,4,0,0,0,0,0,0,0,0,0,0,4,0,0,0,0,0,0,0,0,0
ubt,bintrie,5,4,storage_sload_k100,12,,5179,86852,2,0.1697,23.7745,4.1793,4.5284,32.8811,2.6414,11,0,0,0,3,0,0,0,1,157,5,6,45.45,0,0,0,0,0,0,0,0
ubt,bintrie,5,4,storage_sload_k100,12,,5180,5900240,1,119.5448,31.0728,6.8984,0.7315,158.5592,37.2116,107,258,101,2957,2,0,0,0,0,0,36,71,33.64,75,183,29.07,101,0,100,2957,0
ubt,bintrie,5,4,storage_sload_k100,12,,5181,21000,1,0.1102,3.2856,15.1953,0.503,19.48,1.078,6,0,0,0,2,0,0,0,0,0,2,4,33.33,0,0,0,0,0,0,0,0
ubt,bintrie,5,4,storage_sload_k100,12,,5182,0,0,0.046,17.1646,0.0021,0.1355,20.1331,0,4,0,0,0,0,0,0,0,0,0,0,4,0,0,0,0,0,0,0,0,0
ubt,bintrie,5,4,storage_sload_k100,13,,5183,0,0,0.0382,6.6413,0.0029,0.3538,7.3758,0,4,0,0,0,0,0,0,0,0,0,0,4,0,0,0,0,0,0,0,0,0
ubt,bintrie,5,4,storage_sload_k100,13,,5184,0,0,0.0466,7.9652,0.0026,0.2433,8.4587,0,4,0,0,0,0,0,0,0,0,0,0,4,0,0,0,0,0,0,0,0,0
ubt,bintrie,5,4,storage_sload_k100,13,,5185,0,0,0.0426,9.9547,0.0019,0.1202,10.2918,0,4,0,0,0,0,0,0,0,0,0,0,4,0,0,0,0,0,0,0,0,0
ubt,bintrie,5,4,storage_sload_k100,13,,5186,86852,2,0.1668,24.0158,2.9601,5.1627,40.9114,2.1229,11,0,0,0,3,0,0,0,1,157,5,6,45.45,0,0,0,0,0,0,0,0
ubt,bintrie,5,4,storage_sload_k100,13,,5187,5900240,1,116.5403,31.4292,13.2348,1.6053,163.061,36.1843,107,258,101,2957,2,0,0,0,0,0,38,69,35.51,110,148,42.64,101,0,100,2957,0
ubt,bintrie,5,4,storage_sload_k100,13,,5188,21000,1,0.2895,3.3083,10.7329,0.7062,15.1987,1.3817,6,0,0,0,2,0,0,0,0,0,2,4,33.33,0,0,0,0,0,0,0,0
ubt,bintrie,5,4,storage_sload_k100,13,,5189,0,0,0.0676,12.7248,0.0033,0.1706,13.1992,0,4,0,0,0,0,0,0,0,0,0,0,4,0,0,0,0,0,0,0,0,0
ubt,bintrie,5,4,storage_sload_k100,14,,5190,0,0,0.2787,3.2767,0.0035,0.94,4.9448,0,4,0,0,0,0,0,0,0,0,0,0,4,0,0,0,0,0,0,0,0,0
ubt,bintrie,5,4,storage_sload_k100,14,,5191,0,0,0.0535,7.865,0.0025,0.1568,8.2686,0,4,0,0,0,0,0,0,0,0,0,0,4,0,0,0,0,0,0,0,0,0
ubt,bintrie,5,4,storage_sload_k100,14,,5192,0,0,0.0373,7.4989,0.0086,0.1414,7.8389,0,4,0,0,0,0,0,0,0,0,0,0,4,0,0,0,0,0,0,0,0,0
ubt,bintrie,5,4,storage_sload_k100,14,,5193,86852,2,0.1386,21.9988,2.9147,5.7595,31.0494,2.7972,11,0,0,0,3,0,0,0,1,157,5,6,45.45,0,0,0,0,0,0,0,0
ubt,bintrie,5,4,storage_sload_k100,14,,5194,5900240,1,109.0464,25.6959,6.4112,0.608,142.1387,41.5104,107,258,101,2957,2,0,0,0,0,0,7,100,6.54,15,243,5.81,101,0,100,2957,0
ubt,bintrie,5,4,storage_sload_k100,14,,5195,21000,1,0.0563,7.3923,10.0964,0.7739,25.081,0.8373,6,0,0,0,2,0,0,0,0,0,2,4,33.33,0,0,0,0,0,0,0,0
ubt,bintrie,5,4,storage_sload_k100,15,,5196,0,0,0.051,7.0238,0.003,1.3552,8.7309,0,4,0,0,0,0,0,0,0,0,0,0,4,0,0,0,0,0,0,0,0,0
ubt,bintrie,5,4,storage_sload_k100,15,,5197,0,0,0.0254,18.0775,0.0024,0.1551,18.3991,0,4,0,0,0,0,0,0,0,0,0,0,4,0,0,0,0,0,0,0,0,0
ubt,bintrie,5,4,storage_sload_k100,15,,5198,0,0,0.0403,3.8563,0.0022,0.1357,4.2121,0,4,0,0,0,0,0,0,0,0,0,0,4,0,0,0,0,0,0,0,0,0
ubt,bintrie,5,4,storage_sload_k100,15,,5199,86852,2,0.1348,20.6899,9.8908,5.2465,45.992,1.8884,11,0,0,0,3,0,0,0,1,157,5,6,45.45,0,0,0,0,0,0,0,0
ubt,bintrie,5,4,storage_sload_k100,15,,5200,5900240,1,104.0226,24.0752,8.0345,0.6166,137.1332,43.0256,107,258,101,2957,2,0,0,0,0,0,80,27,74.77,200,58,77.52,101,0,100,2957,0
ubt,bintrie,5,4,storage_sload_k100,15,,5201,21000,1,1.331,5.971,8.1937,0.7791,19.8353,1.0587,6,0,0,0,2,0,0,0,0,0,2,4,33.33,0,0,0,0,0,0,0,0
ubt,bintrie,5,4,storage_sload_k100,15,,5202,0,0,0.0452,13.8172,0.003,0.1646,14.2257,0,4,0,0,0,0,0,0,0,0,0,0,4,0,0,0,0,0,0,0,0,0
ubt,bintrie,5,4,storage_sload_k100,16,,5203,0,0,0.5709,3.408,0.0024,0.2941,4.5302,0,4,0,0,0,0,0,0,0,0,0,0,4,0,0,0,0,0,0,0,0,0
ubt,bintrie,5,4,storage_sload_k100,16,,5204,0,0,0.0335,3.2179,0.0028,0.1897,4.861,0,4,0,0,0,0,0,0,0,0,0,0,4,0,0,0,0,0,0,0,0,0
ubt,bintrie,5,4,storage_sload_k100,16,,5205,0,0,0.0479,19.349,0.0021,0.1225,19.7359,0,4,0,0,0,0,0,0,0,0,0,0,4,0,0,0,0,0,0,0,0,0
ubt,bintrie,5,4,storage_sload_k100,16,,5206,86852,2,0.1243,13.8899,30.8599,4.8351,50.1509,1.7318,11,0,0,0,3,0,0,0,1,157,6,5,54.55,0,0,0,0,0,0,0,0
ubt,bintrie,5,4,storage_sload_k100,16,,5207,5900240,1,103.8003,30.1561,4.3645,0.7733,139.4353,42.3153,107,258,101,2957,2,0,0,0,0,0,34,73,31.78,80,178,31.01,101,0,100,2957,0
ubt,bintrie,5,4,storage_sload_k100,16,,5208,21000,1,0.318,7.1163,18.3351,0.5024,26.4574,0.7937,6,0,0,0,2,0,0,0,0,0,2,4,33.33,0,0,0,0,0,0,0,0
ubt,bintrie,5,4,storage_sload_k100,17,,5210,0,0,0.0439,3.3523,0.0021,0.2512,3.8578,0,4,0,0,0,0,0,0,0,0,0,0,4,0,0,0,0,0,0,0,0,0
ubt,bintrie,5,4,storage_sload_k100,17,,5211,0,0,0.059,3.4565,0.0084,0.3147,4.065,0,4,0,0,0,0,0,0,0,0,0,0,4,0,0,0,0,0,0,0,0,0
ubt,bintrie,5,4,storage_sload_k100,17,,5212,0,0,0.0312,7.498,0.003,0.1463,7.907,0,4,0,0,0,0,0,0,0,0,0,0,4,0,0,0,0,0,0,0,0,0
ubt,bintrie,5,4,storage_sload_k100,17,,5213,86852,2,0.1266,18.6355,4.3632,5.4293,28.7502,3.0209,11,0,0,0,3,0,0,0,1,157,4,7,36.36,0,0,0,0,0,0,0,0
ubt,bintrie,5,4,storage_sload_k100,17,,5214,5900240,1,147.3969,26.1855,9.1514,0.6648,183.8041,32.1007,107,258,101,2957,2,0,0,0,0,0,33,74,30.84,85,173,32.95,101,0,100,2957,0
ubt,bintrie,5,4,storage_sload_k100,17,,5215,21000,1,0.1338,24.3914,3.8631,0.7331,29.2943,0.7169,6,0,0,0,2,0,0,0,0,0,2,4,33.33,0,0,0,0,0,0,0,0
ubt,bintrie,5,4,storage_sload_k100,17,,5216,0,0,0.1084,10.3723,0.0026,0.1472,12.1384,0,4,0,0,0,0,0,0,0,0,0,0,4,0,0,0,0,0,0,0,0,0
ubt,bintrie,5,4,storage_sload_k100,18,,5217,0,0,0.0397,6.6636,0.0039,0.3462,7.2947,0,4,0,0,0,0,0,0,0,0,0,0,4,0,0,0,0,0,0,0,0,0
ubt,bintrie,5,4,storage_sload_k100,18,,5218,0,0,0.0517,21.0269,0.0026,0.1951,21.5941,0,4,0,0,0,0,0,0,0,0,0,0,4,0,0,0,0,0,0,0,0,0
ubt,bintrie,5,4,storage_sload_k100,18,,5219,0,0,0.0338,20.395,0.003,0.1365,20.7217,0,4,0,0,0,0,0,0,0,0,0,0,4,0,0,0,0,0,0,0,0,0
ubt,bintrie,5,4,storage_sload_k100,18,,5220,86852,2,0.1681,29.8363,3.2186,4.5369,37.9171,2.2906,11,0,0,0,3,0,0,0,1,157,4,7,36.36,0,0,0,0,0,0,0,0
ubt,bintrie,5,4,storage_sload_k100,18,,5221,5900240,1,117.6588,23.661,3.1902,0.7747,145.4844,40.5558,107,258,101,2957,2,0,0,0,0,0,34,73,31.78,78,180,30.23,101,0,100,2957,0
ubt,bintrie,5,4,storage_sload_k100,18,,5222,21000,1,0.0774,11.689,4.7072,0.7596,17.5615,1.1958,6,0,0,0,2,0,0,0,0,0,2,4,33.33,0,0,0,0,0,0,0,0
ubt,bintrie,5,4,storage_sload_k100,19,,5223,0,0,0.0682,4.53,0.0028,0.3197,5.1772,0,4,0,0,0,0,0,0,0,0,0,0,4,0,0,0,0,0,0,0,0,0
ubt,bintrie,5,4,storage_sload_k100,19,,5224,0,0,0.0319,15.8947,0.0022,0.1444,16.2841,0,4,0,0,0,0,0,0,0,0,0,0,4,0,0,0,0,0,0,0,0,0
ubt,bintrie,5,4,storage_sload_k100,19,,5225,0,0,0.0326,5.3374,0.0018,0.1294,6.1682,0,4,0,0,0,0,0,0,0,0,0,0,4,0,0,0,0,0,0,0,0,0
ubt,bintrie,5,4,storage_sload_k100,19,,5226,86852,2,0.1057,14.8153,4.9473,5.8987,50.1099,1.7332,11,0,0,0,3,0,0,0,1,157,6,5,54.55,0,0,0,0,0,0,0,0
ubt,bintrie,5,4,storage_sload_k100,19,,5227,5900240,1,134.6599,27.5294,5.9917,0.6726,169.2075,34.8698,107,258,101,2957,2,0,0,0,0,0,17,90,15.89,37,221,14.34,101,0,100,2957,0
ubt,bintrie,5,4,storage_sload_k100,19,,5228,21000,1,0.0749,10.5547,5.7508,0.8056,17.3595,1.2097,6,0,0,0,2,0,0,0,0,0,2,4,33.33,0,0,0,0,0,0,0,0
ubt,bintrie,5,4,storage_sload_k100,1,,5106,0,0,0.0456,4.6048,0.0017,0.2299,5.1134,0,4,0,0,0,0,0,0,0,0,0,0,4,0,0,0,0,0,0,0,0,0
ubt,bintrie,5,4,storage_sload_k100,1,,5107,0,0,0.0347,21.552,0.0023,0.2052,21.981,0,4,0,0,0,0,0,0,0,0,0,0,4,0,0,0,0,0,0,0,0,0
ubt,bintrie,5,4,storage_sload_k100,1,,5108,0,0,0.042,8.3736,0.0096,0.16,8.9796,0,4,0,0,0,0,0,0,0,0,0,0,4,0,0,0,0,0,0,0,0,0
ubt,bintrie,5,4,storage_sload_k100,1,,5109,86852,2,0.1221,21.505,5.7237,5.0235,32.5875,2.6652,11,0,0,0,3,0,0,0,1,157,5,6,45.45,0,0,0,0,0,0,0,0
ubt,bintrie,5,4,storage_sload_k100,1,,5110,5900240,1,105.7516,25.0156,2.7642,0.6879,134.5897,43.8387,107,258,101,2957,2,0,0,0,0,0,28,79,26.17,69,189,26.74,101,0,100,2957,0
ubt,bintrie,5,4,storage_sload_k100,1,,5111,21000,1,0.1185,12.1342,13.7332,0.8354,27.1354,0.7739,6,0,0,0,2,0,0,0,0,0,2,4,33.33,0,0,0,0,0,0,0,0
ubt,bintrie,5,4,storage_sload_k100,1,,5112,0,0,0.0594,25.4611,0.003,0.1735,27.0107,0,4,0,0,0,0,0,0,0,0,0,0,4,0,0,0,0,0,0,0,0,0
ubt,bintrie,5,4,storage_sload_k100,20,,5229,0,0,0.0484,3.5879,0.0025,0.3272,4.2206,0,4,0,0,0,0,0,0,0,0,0,0,4,0,0,0,0,0,0,0,0,0
ubt,bintrie,5,4,storage_sload_k100,20,,5230,0,0,0.039,19.7497,0.002,0.1696,20.1567,0,4,0,0,0,0,0,0,0,0,0,0,4,0,0,0,0,0,0,0,0,0
ubt,bintrie,5,4,storage_sload_k100,20,,5231,0,0,0.0358,8.9038,0.0022,0.1434,9.2294,0,4,0,0,0,0,0,0,0,0,0,0,4,0,0,0,0,0,0,0,0,0
ubt,bintrie,5,4,storage_sload_k100,20,,5232,86852,2,0.1206,22.4584,8.8101,4.9812,44.1577,1.9669,11,0,0,0,3,0,0,0,1,157,5,6,45.45,0,0,0,0,0,0,0,0
ubt,bintrie,5,4,storage_sload_k100,20,,5233,5900240,1,113.7748,15.8276,10.0013,0.5944,140.6611,41.9465,107,258,101,2957,2,0,0,0,0,0,42,65,39.25,88,170,34.11,101,0,100,2957,0
ubt,bintrie,5,4,storage_sload_k100,20,,5234,21000,1,0.1167,9.8335,12.314,0.7949,26.4594,0.7937,6,0,0,0,2,0,0,0,0,0,2,4,33.33,0,0,0,0,0,0,0,0
ubt,bintrie,5,4,storage_sload_k100,2,,5113,0,0,0.0462,5.5247,0.0021,0.2522,6.0896,0,4,0,0,0,0,0,0,0,0,0,0,4,0,0,0,0,0,0,0,0,0
ubt,bintrie,5,4,storage_sload_k100,2,,5114,0,0,0.0407,22.449,0.0027,0.22,22.8969,0,4,0,0,0,0,0,0,0,0,0,0,4,0,0,0,0,0,0,0,0,0
ubt,bintrie,5,4,storage_sload_k100,2,,5115,0,0,0.0277,4.249,0.0037,0.5368,9.1982,0,4,0,0,0,0,0,0,0,0,0,0,4,0,0,0,0,0,0,0,0,0
ubt,bintrie,5,4,storage_sload_k100,2,,5116,86852,2,0.1586,18.695,8.5609,4.5615,32.2246,2.6952,11,0,0,0,3,0,0,0,1,157,5,6,45.45,0,0,0,0,0,0,0,0
ubt,bintrie,5,4,storage_sload_k100,2,,5117,5900240,1,120.5956,19.7321,8.1374,0.7582,149.6384,39.43,107,258,101,2957,2,0,0,0,0,0,35,72,32.71,79,179,30.62,101,0,100,2957,0
ubt,bintrie,5,4,storage_sload_k100,2,,5118,21000,1,0.0781,3.291,13.256,0.8871,17.7304,1.1844,6,0,0,0,2,0,0,0,0,0,0,6,0,0,0,0,0,0,0,0,0
ubt,bintrie,5,4,storage_sload_k100,3,,5119,0,0,0.0643,4.1202,0.0022,0.2762,4.7154,0,4,0,0,0,0,0,0,0,0,0,0,4,0,0,0,0,0,0,0,0,0
ubt,bintrie,5,4,storage_sload_k100,3,,5120,0,0,0.7048,11.2515,0.0026,0.1339,12.841,0,4,0,0,0,0,0,0,0,0,0,0,4,0,0,0,0,0,0,0,0,0
ubt,bintrie,5,4,storage_sload_k100,3,,5121,0,0,0.0452,4.4087,0.0092,0.2225,6.2783,0,4,0,0,0,0,0,0,0,0,0,0,4,0,0,0,0,0,0,0,0,0
ubt,bintrie,5,4,storage_sload_k100,3,,5122,86852,2,0.4743,15.9275,18.4242,5.6685,42.0365,2.0661,11,0,0,0,3,0,0,0,1,157,6,5,54.55,0,0,0,0,0,0,0,0
ubt,bintrie,5,4,storage_sload_k100,3,,5123,5900240,1,116.3235,28.7414,2.6709,0.611,148.7035,39.6779,107,258,101,2957,2,0,0,0,0,0,13,94,12.15,32,226,12.4,101,0,100,2957,0
ubt,bintrie,5,4,storage_sload_k100,3,,5124,21000,1,0.0695,9.8062,10.3287,0.6428,21.12,0.9943,6,0,0,0,2,0,0,0,0,0,2,4,33.33,0,0,0,0,0,0,0,0
ubt,bintrie,5,4,storage_sload_k100,4,,5125,0,0,0.4291,5.9234,0.0019,0.2655,6.8263,0,4,0,0,0,0,0,0,0,0,0,0,4,0,0,0,0,0,0,0,0,0
ubt,bintrie,5,4,storage_sload_k100,4,,5126,0,0,0.1224,3.0784,0.0033,0.2128,6.2666,0,4,0,0,0,0,0,0,0,0,0,0,4,0,0,0,0,0,0,0,0,0
ubt,bintrie,5,4,storage_sload_k100,4,,5127,0,0,0.0428,3.5397,0.0024,0.1462,3.9892,0,4,0,0,0,0,0,0,0,0,0,0,4,0,0,0,0,0,0,0,0,0
ubt,bintrie,5,4,storage_sload_k100,4,,5128,86852,2,0.4177,21.7702,5.8936,5.6459,38.3396,2.2653,11,0,0,0,3,0,0,0,1,157,6,5,54.55,0,0,0,0,0,0,0,0
ubt,bintrie,5,4,storage_sload_k100,4,,5129,5900240,1,104.6584,26.3761,5.5264,0.7339,137.6136,42.8754,107,258,101,2957,2,0,0,0,0,0,24,83,22.43,66,192,25.58,101,0,100,2957,0
ubt,bintrie,5,4,storage_sload_k100,4,,5130,21000,1,0.063,12.8147,4.2113,0.7412,18.0642,1.1625,6,0,0,0,2,0,0,0,0,0,2,4,33.33,0,0,0,0,0,0,0,0
ubt,bintrie,5,4,storage_sload_k100,5,,5131,0,0,0.0515,7.8225,0.0027,0.2502,8.4228,0,4,0,0,0,0,0,0,0,0,0,0,4,0,0,0,0,0,0,0,0,0
ubt,bintrie,5,4,storage_sload_k100,5,,5132,0,0,0.0308,24.3753,0.0022,0.1479,24.7338,0,4,0,0,0,0,0,0,0,0,0,0,4,0,0,0,0,0,0,0,0,0
ubt,bintrie,5,4,storage_sload_k100,5,,5133,0,0,0.0405,31.3854,0.003,0.1185,31.9015,0,4,0,0,0,0,0,0,0,0,0,0,4,0,0,0,0,0,0,0,0,0
ubt,bintrie,5,4,storage_sload_k100,5,,5134,86852,2,10.5522,14.727,2.5858,5.1275,37.5351,2.3139,11,0,0,0,3,0,0,0,1,157,5,6,45.45,0,0,0,0,0,0,0,0
ubt,bintrie,5,4,storage_sload_k100,5,,5135,5900240,1,103.2292,23.909,10.1791,0.6772,138.3368,42.6513,107,258,101,2957,2,0,0,0,0,0,43,64,40.19,107,151,41.47,101,0,100,2957,0
ubt,bintrie,5,4,storage_sload_k100,5,,5136,21000,1,0.068,13.0602,3.0464,0.7465,17.1828,1.2221,6,0,0,0,2,0,0,0,0,0,2,4,33.33,0,0,0,0,0,0,0,0
ubt,bintrie,5,4,storage_sload_k100,6,,5137,0,0,0.0561,6.3227,0.0139,0.3279,7.0824,0,4,0,0,0,0,0,0,0,0,0,0,4,0,0,0,0,0,0,0,0,0
ubt,bintrie,5,4,storage_sload_k100,6,,5138,0,0,2.3086,7.1613,0.0035,0.1801,9.8529,0,4,0,0,0,0,0,0,0,0,0,0,4,0,0,0,0,0,0,0,0,0
ubt,bintrie,5,4,storage_sload_k100,6,,5139,0,0,0.1146,7.0361,0.003,0.2833,7.9268,0,4,0,0,0,0,0,0,0,0,0,0,4,0,0,0,0,0,0,0,0,0
ubt,bintrie,5,4,storage_sload_k100,6,,5140,86852,2,0.1151,20.5683,3.4568,5.9047,30.2225,2.8738,11,0,0,0,3,0,0,0,1,157,6,5,54.55,0,0,0,0,0,0,0,0
ubt,bintrie,5,4,storage_sload_k100,6,,5141,5900240,1,104.1393,33.3475,5.05,0.6054,143.318,41.1689,107,258,101,2957,2,0,0,0,0,0,15,92,14.02,22,236,8.53,101,0,100,2957,0
ubt,bintrie,5,4,storage_sload_k100,6,,5142,21000,1,0.4104,9.5835,9.7095,0.7212,20.6884,1.0151,6,0,0,0,2,0,0,0,0,0,2,4,33.33,0,0,0,0,0,0,0,0
ubt,bintrie,5,4,storage_sload_k100,7,,5143,0,0,0.0489,6.0478,0.0018,0.1759,6.5118,0,4,0,0,0,0,0,0,0,0,0,0,4,0,0,0,0,0,0,0,0,0
ubt,bintrie,5,4,storage_sload_k100,7,,5144,0,0,0.0522,17.403,0.0028,0.1185,17.7941,0,4,0,0,0,0,0,0,0,0,0,0,4,0,0,0,0,0,0,0,0,0
ubt,bintrie,5,4,storage_sload_k100,7,,5145,0,0,0.0317,7.8722,0.0084,0.5975,8.8862,0,4,0,0,0,0,0,0,0,0,0,0,4,0,0,0,0,0,0,0,0,0
ubt,bintrie,5,4,storage_sload_k100,7,,5146,86852,2,0.1139,17.4797,8.4603,5.551,31.7808,2.7328,11,0,0,0,3,0,0,0,1,157,5,6,45.45,0,0,0,0,0,0,0,0
ubt,bintrie,5,4,storage_sload_k100,7,,5147,5900240,1,139.4369,26.0093,7.5948,0.5995,173.9663,33.916,107,258,101,2957,2,0,0,0,0,0,19,88,17.76,54,204,20.93,101,0,100,2957,0
ubt,bintrie,5,4,storage_sload_k100,7,,5148,21000,1,0.0917,7.8137,13.4671,0.5315,22.3369,0.9401,6,0,0,0,2,0,0,0,0,0,2,4,33.33,0,0,0,0,0,0,0,0
ubt,bintrie,5,4,storage_sload_k100,8,,5150,0,0,0.7235,4.8664,0.0024,0.2849,6.2402,0,4,0,0,0,0,0,0,0,0,0,0,4,0,0,0,0,0,0,0,0,0
ubt,bintrie,5,4,storage_sload_k100,8,,5151,0,0,0.0269,16.1962,0.0021,0.1024,16.4905,0,4,0,0,0,0,0,0,0,0,0,0,4,0,0,0,0,0,0,0,0,0
ubt,bintrie,5,4,storage_sload_k100,8,,5152,0,0,0.0613,4.1873,0.0058,0.1058,4.637,0,4,0,0,0,0,0,0,0,0,0,0,4,0,0,0,0,0,0,0,0,0
ubt,bintrie,5,4,storage_sload_k100,8,,5153,86852,2,0.1519,24.7259,4.7262,5.6396,38.2356,2.2715,11,0,0,0,3,0,0,0,1,157,5,6,45.45,0,0,0,0,0,0,0,0
ubt,bintrie,5,4,storage_sload_k100,8,,5154,5900240,1,105.6038,25.1435,4.3896,0.6427,136.1872,43.3245,107,258,101,2957,2,0,0,0,0,0,17,90,15.89,34,224,13.18,101,0,100,2957,0
ubt,bintrie,5,4,storage_sload_k100,8,,5155,21000,1,0.0931,8.6791,11.1879,0.8951,21.1806,0.9915,6,0,0,0,2,0,0,0,0,0,2,4,33.33,0,0,0,0,0,0,0,0
ubt,bintrie,5,4,storage_sload_k100,9,,5156,0,0,0.0971,7.377,0.0037,0.2412,7.9212,0,4,0,0,0,0,0,0,0,0,0,0,4,0,0,0,0,0,0,0,0,0
ubt,bintrie,5,4,storage_sload_k100,9,,5157,0,0,0.0316,3.2762,0.0029,0.1889,6.904,0,4,0,0,0,0,0,0,0,0,0,0,4,0,0,0,0,0,0,0,0,0
ubt,bintrie,5,4,storage_sload_k100,9,,5158,0,0,0.034,13.4858,0.0037,0.141,13.8096,0,4,0,0,0,0,0,0,0,0,0,0,4,0,0,0,0,0,0,0,0,0
ubt,bintrie,5,4,storage_sload_k100,9,,5159,86852,2,0.1851,19.6675,7.8902,7.1249,35.0207,2.48,11,0,0,0,3,0,0,0,1,157,5,6,45.45,0,0,0,0,0,0,0,0
ubt,bintrie,5,4,storage_sload_k100,9,,5160,5900240,1,121.3718,11.8386,8.6989,0.836,143.1201,41.2258,107,258,101,2957,2,0,0,0,0,0,39,68,36.45,69,189,26.74,101,0,100,2957,0
ubt,bintrie,5,4,storage_sload_k100,9,,5161,21000,1,0.0788,11.1467,8.4783,0.8416,20.7599,1.0116,6,0,0,0,2,0,0,0,0,0,2,4,33.33,0,0,0,0,0,0,0,0
ubt,bintrie,5,4,storage_sload_k100,9,,5162,0,0,0.056,9.6602,0.0019,0.1345,10.1218,0,4,0,0,0,0,0,0,0,0,0,0,4,0,0,0,0,0,0,0,0,0
ubt,bintrie,5,4,storage_sload_k256,10,,5299,0,0,0.0509,6.3231,0.0056,0.2918,6.9285,0,4,0,0,0,0,0,0,0,0,0,0,4,0,0,0,0,0,0,0,0,0
ubt,bintrie,5,4,storage_sload_k256,10,,5300,0,0,0.035,17.3773,0.0037,0.174,17.8229,0,4,0,0,0,0,0,0,0,0,0,0,4,0,0,0,0,0,0,0,0,0
ubt,bintrie,5,4,storage_sload_k256,10,,5301,0,0,0.0403,4.0955,0.0024,0.175,4.7842,0,4,0,0,0,0,0,0,0,0,0,0,4,0,0,0,0,0,0,0,0,0
ubt,bintrie,5,4,storage_sload_k256,10,,5302,86840,2,0.1276,25.086,3.7623,7.604,36.8959,2.3537,11,0,0,0,3,0,0,0,1,157,7,4,63.64,0,0,0,0,0,0,0,0
ubt,bintrie,5,4,storage_sload_k256,10,,5303,5900023,1,99.9258,14.8846,3.2111,1.176,119.6278,49.3199,263,259,257,7325,2,0,0,0,0,0,22,241,8.37,31,228,11.97,257,0,100,7325,0
ubt,bintrie,5,4,storage_sload_k256,10,,5304,21000,1,0.0709,11.7715,5.1058,0.7232,17.8545,1.1762,6,0,0,0,2,0,0,0,0,0,2,4,33.33,0,0,0,0,0,0,0,0
ubt,bintrie,5,4,storage_sload_k256,10,,5305,0,0,0.0328,4.7448,0.002,0.1359,5.0661,0,4,0,0,0,0,0,0,0,0,0,0,4,0,0,0,0,0,0,0,0,0
ubt,bintrie,5,4,storage_sload_k256,11,,5306,0,0,0.0428,4.854,0.0078,0.2844,5.3956,0,4,0,0,0,0,0,0,0,0,0,0,4,0,0,0,0,0,0,0,0,0
ubt,bintrie,5,4,storage_sload_k256,11,,5307,0,0,0.029,3.2467,0.0021,0.2169,3.691,0,4,0,0,0,0,0,0,0,0,0,0,4,0,0,0,0,0,0,0,0,0
ubt,bintrie,5,4,storage_sload_k256,11,,5308,0,0,0.037,5.638,0.0018,0.0861,6.1759,0,4,0,0,0,0,0,0,0,0,0,0,4,0,0,0,0,0,0,0,0,0
ubt,bintrie,5,4,storage_sload_k256,11,,5309,86840,2,0.115,22.0477,6.4619,6.0418,34.9081,2.4877,11,0,0,0,3,0,0,0,1,157,6,5,54.55,0,0,0,0,0,0,0,0
ubt,bintrie,5,4,storage_sload_k256,11,,5310,5900023,1,94.9601,20.7167,6.2728,0.6525,122.9198,47.999,263,259,257,7325,2,0,0,0,0,0,74,189,28.14,70,189,27.03,257,0,100,7325,0
ubt,bintrie,5,4,storage_sload_k256,11,,5311,21000,1,2.3921,6.4505,15.8386,2.59,27.4497,0.765,6,0,0,0,2,0,0,0,0,0,2,4,33.33,0,0,0,0,0,0,0,0
ubt,bintrie,5,4,storage_sload_k256,11,,5312,0,0,0.0458,19.7732,0.0028,0.2135,20.7056,0,4,0,0,0,0,0,0,0,0,0,0,4,0,0,0,0,0,0,0,0,0
ubt,bintrie,5,4,storage_sload_k256,12,,5313,0,0,0.2903,3.628,0.0024,0.2913,5.9613,0,4,0,0,0,0,0,0,0,0,0,0,4,0,0,0,0,0,0,0,0,0
ubt,bintrie,5,4,storage_sload_k256,12,,5314,0,0,0.0329,24.5997,0.002,0.1306,24.9233,0,4,0,0,0,0,0,0,0,0,0,0,4,0,0,0,0,0,0,0,0,0
ubt,bintrie,5,4,storage_sload_k256,12,,5315,0,0,0.0307,3.3812,0.0019,0.1333,3.8073,0,4,0,0,0,0,0,0,0,0,0,0,4,0,0,0,0,0,0,0,0,0
ubt,bintrie,5,4,storage_sload_k256,12,,5316,86840,2,0.1102,20.3442,3.2106,4.4489,28.3829,3.0596,11,0,0,0,3,0,0,0,1,157,6,5,54.55,0,0,0,0,0,0,0,0
ubt,bintrie,5,4,storage_sload_k256,12,,5317,5900023,1,106.1019,17.4145,5.3248,0.782,129.8265,45.4454,263,259,257,7325,2,0,0,0,0,0,121,142,46.01,120,139,46.33,257,0,100,7325,0
ubt,bintrie,5,4,storage_sload_k256,12,,5318,21000,1,0.0727,5.7621,12.7783,0.5595,26.6351,0.7884,6,0,0,0,2,0,0,0,0,0,2,4,33.33,0,0,0,0,0,0,0,0
ubt,bintrie,5,4,storage_sload_k256,12,,5319,0,0,0.0578,14.976,0.0103,0.154,15.423,0,4,0,0,0,0,0,0,0,0,0,0,4,0,0,0,0,0,0,0,0,0
ubt,bintrie,5,4,storage_sload_k256,13,,5320,0,0,0.5517,4.0315,0.0023,0.6217,5.6912,0,4,0,0,0,0,0,0,0,0,0,0,4,0,0,0,0,0,0,0,0,0
ubt,bintrie,5,4,storage_sload_k256,13,,5321,0,0,0.0437,20.8971,0.0027,0.1795,21.356,0,4,0,0,0,0,0,0,0,0,0,0,4,0,0,0,0,0,0,0,0,0
ubt,bintrie,5,4,storage_sload_k256,13,,5322,0,0,0.0426,8.2273,0.0088,0.1435,9.4795,0,4,0,0,0,0,0,0,0,0,0,0,4,0,0,0,0,0,0,0,0,0
ubt,bintrie,5,4,storage_sload_k256,13,,5323,86840,2,0.1261,25.51,6.0604,5.4196,45.7646,1.8975,11,0,0,0,3,0,0,0,1,157,6,5,54.55,0,0,0,0,0,0,0,0
ubt,bintrie,5,4,storage_sload_k256,13,,5324,5900023,1,102.5763,26.3337,4.6199,1.019,134.7894,43.7722,263,259,257,7325,2,0,0,0,0,0,105,158,39.92,125,134,48.26,257,0,100,7325,0
ubt,bintrie,5,4,storage_sload_k256,13,,5325,21000,1,0.0757,22.6304,4.1624,0.6269,27.6766,0.7588,6,0,0,0,2,0,0,0,0,0,2,4,33.33,0,0,0,0,0,0,0,0
ubt,bintrie,5,4,storage_sload_k256,13,,5326,0,0,0.0489,13.6934,0.0025,0.1797,14.132,0,4,0,0,0,0,0,0,0,0,0,0,4,0,0,0,0,0,0,0,0,0
ubt,bintrie,5,4,storage_sload_k256,14,,5327,0,0,0.051,4.1845,0.003,0.2666,4.7715,0,4,0,0,0,0,0,0,0,0,0,0,4,0,0,0,0,0,0,0,0,0
ubt,bintrie,5,4,storage_sload_k256,14,,5328,0,0,0.3772,3.4404,0.0025,1.2328,5.5198,0,4,0,0,0,0,0,0,0,0,0,0,4,0,0,0,0,0,0,0,0,0
ubt,bintrie,5,4,storage_sload_k256,14,,5329,0,0,0.0314,3.69,0.0021,0.1407,4.0741,0,4,0,0,0,0,0,0,0,0,0,0,4,0,0,0,0,0,0,0,0,0
ubt,bintrie,5,4,storage_sload_k256,14,,5330,86840,2,0.1242,19.9081,4.9401,8.2618,33.4617,2.5952,11,0,0,0,3,0,0,0,1,157,5,6,45.45,0,0,0,0,0,0,0,0
ubt,bintrie,5,4,storage_sload_k256,14,,5331,5900023,1,110.3999,21.0604,8.958,0.6884,141.444,41.7128,263,259,257,7325,2,0,0,0,0,0,34,229,12.93,39,220,15.06,257,0,100,7325,0
ubt,bintrie,5,4,storage_sload_k256,14,,5332,21000,1,0.0905,5.822,13.2655,1.1147,20.4933,1.0247,6,0,0,0,2,0,0,0,0,0,2,4,33.33,0,0,0,0,0,0,0,0
ubt,bintrie,5,4,storage_sload_k256,14,,5333,0,0,0.0664,13.1332,0.0023,0.244,16.3535,0,4,0,0,0,0,0,0,0,0,0,0,4,0,0,0,0,0,0,0,0,0
ubt,bintrie,5,4,storage_sload_k256,15,,5334,0,0,0.0418,6.4659,0.0022,0.1833,6.9156,0,4,0,0,0,0,0,0,0,0,0,0,4,0,0,0,0,0,0,0,0,0
ubt,bintrie,5,4,storage_sload_k256,15,,5335,0,0,0.0401,6.2319,0.0085,0.1838,6.7105,0,4,0,0,0,0,0,0,0,0,0,0,4,0,0,0,0,0,0,0,0,0
ubt,bintrie,5,4,storage_sload_k256,15,,5336,0,0,0.0531,3.2816,0.0024,0.1566,6.9497,0,4,0,0,0,0,0,0,0,0,0,0,4,0,0,0,0,0,0,0,0,0
ubt,bintrie,5,4,storage_sload_k256,15,,5337,86840,2,0.1276,18.5849,5.3819,6.8633,31.1032,2.792,11,0,0,0,3,0,0,0,1,157,7,4,63.64,0,0,0,0,0,0,0,0
ubt,bintrie,5,4,storage_sload_k256,15,,5338,0,0,0.0409,4.8569,0.0036,1.5578,9.6562,0,4,0,0,0,0,0,0,0,0,0,0,4,0,0,0,0,0,0,0,0,0
ubt,bintrie,5,4,storage_sload_k256,15,,5339,5900023,1,86.7086,25.9935,2.7086,0.5468,116.3365,50.7152,263,259,257,7325,2,0,0,0,0,0,23,240,8.75,27,232,10.42,257,0,100,7325,0
ubt,bintrie,5,4,storage_sload_k256,15,,5340,21000,1,0.1387,4.6322,25.9697,0.5905,31.538,0.6659,6,0,0,0,2,0,0,0,0,0,0,6,0,0,0,0,0,0,0,0,0
ubt,bintrie,5,4,storage_sload_k256,15,,5341,0,0,0.0578,19.8576,0.0027,0.1879,20.9132,0,4,0,0,0,0,0,0,0,0,0,0,4,0,0,0,0,0,0,0,0,0
ubt,bintrie,5,4,storage_sload_k256,16,,5342,0,0,0.2344,5.832,0.0099,0.2857,6.607,0,4,0,0,0,0,0,0,0,0,0,0,4,0,0,0,0,0,0,0,0,0
ubt,bintrie,5,4,storage_sload_k256,16,,5343,0,0,0.0382,17.7116,0.0022,0.1064,18.0457,0,4,0,0,0,0,0,0,0,0,0,0,4,0,0,0,0,0,0,0,0,0
ubt,bintrie,5,4,storage_sload_k256,16,,5344,0,0,0.1,17.3032,0.0022,0.1369,18.2501,0,4,0,0,0,0,0,0,0,0,0,0,4,0,0,0,0,0,0,0,0,0
ubt,bintrie,5,4,storage_sload_k256,16,,5345,86840,2,0.1304,22.3195,5.4577,4.7289,40.5752,2.1402,11,0,0,0,3,0,0,0,1,157,6,5,54.55,0,0,0,0,0,0,0,0
ubt,bintrie,5,4,storage_sload_k256,16,,5346,5900023,1,88.0628,30.6515,3.9865,0.7161,123.7912,47.6611,263,259,257,7325,2,0,0,0,0,0,81,182,30.8,97,162,37.45,257,0,100,7325,0
ubt,bintrie,5,4,storage_sload_k256,16,,5347,21000,1,0.0755,11.9872,5.9824,1.035,19.3286,1.0865,6,0,0,0,2,0,0,0,0,0,2,4,33.33,0,0,0,0,0,0,0,0
ubt,bintrie,5,4,storage_sload_k256,16,,5348,0,0,0.0491,12.8286,0.0106,4.8393,17.9749,0,4,0,0,0,0,0,0,0,0,0,0,4,0,0,0,0,0,0,0,0,0
ubt,bintrie,5,4,storage_sload_k256,17,,5349,0,0,0.0545,3.5224,0.0023,2.9958,6.7989,0,4,0,0,0,0,0,0,0,0,0,0,4,0,0,0,0,0,0,0,0,0
ubt,bintrie,5,4,storage_sload_k256,17,,5350,0,0,0.3667,3.6405,0.0022,0.229,4.3957,0,4,0,0,0,0,0,0,0,0,0,0,4,0,0,0,0,0,0,0,0,0
ubt,bintrie,5,4,storage_sload_k256,17,,5351,0,0,0.0385,4.6253,0.0089,0.1845,5.225,0,4,0,0,0,0,0,0,0,0,0,0,4,0,0,0,0,0,0,0,0,0
ubt,bintrie,5,4,storage_sload_k256,17,,5352,86840,2,0.0897,17.6044,4.4633,9.6179,31.9555,2.7175,11,0,0,0,3,0,0,0,1,157,7,4,63.64,0,0,0,0,0,0,0,0
ubt,bintrie,5,4,storage_sload_k256,17,,5353,5900023,1,88.7614,22.0887,11.2122,0.6791,123.1427,47.9121,263,259,257,7325,2,0,0,0,0,0,54,209,20.53,62,197,23.94,257,0,100,7325,0
ubt,bintrie,5,4,storage_sload_k256,17,,5354,21000,1,0.0758,7.1222,14.3259,0.5585,22.2926,0.942,6,0,0,0,2,0,0,0,0,0,2,4,33.33,0,0,0,0,0,0,0,0
ubt,bintrie,5,4,storage_sload_k256,18,,5356,0,0,0.076,5.9112,0.0022,0.2687,6.5107,0,4,0,0,0,0,0,0,0,0,0,0,4,0,0,0,0,0,0,0,0,0
ubt,bintrie,5,4,storage_sload_k256,18,,5357,0,0,0.0429,19.2466,0.002,0.1578,19.6671,0,4,0,0,0,0,0,0,0,0,0,0,4,0,0,0,0,0,0,0,0,0
ubt,bintrie,5,4,storage_sload_k256,18,,5358,0,0,0.0311,25.511,0.0021,0.1339,25.8556,0,4,0,0,0,0,0,0,0,0,0,0,4,0,0,0,0,0,0,0,0,0
ubt,bintrie,5,4,storage_sload_k256,18,,5359,86840,2,0.1405,14.5972,22.0962,5.1438,42.5336,2.0417,11,0,0,0,3,0,0,0,1,157,7,4,63.64,0,0,0,0,0,0,0,0
ubt,bintrie,5,4,storage_sload_k256,18,,5360,5900023,1,97.6707,19.7999,5.8176,0.6398,124.3419,47.45,263,259,257,7325,2,0,0,0,0,0,52,211,19.77,51,208,19.69,257,0,100,7325,0
ubt,bintrie,5,4,storage_sload_k256,18,,5361,21000,1,0.2347,13.9856,5.6889,0.7426,20.8814,1.0057,6,0,0,0,2,0,0,0,0,0,2,4,33.33,0,0,0,0,0,0,0,0
ubt,bintrie,5,4,storage_sload_k256,19,,5362,0,0,0.0425,7.4732,0.0022,0.3098,8.1019,0,4,0,0,0,0,0,0,0,0,0,0,4,0,0,0,0,0,0,0,0,0
ubt,bintrie,5,4,storage_sload_k256,19,,5363,0,0,0.0352,17.3629,0.0024,0.1423,17.7258,0,4,0,0,0,0,0,0,0,0,0,0,4,0,0,0,0,0,0,0,0,0
ubt,bintrie,5,4,storage_sload_k256,19,,5364,0,0,0.0351,10.4814,0.0034,0.1678,10.8645,0,4,0,0,0,0,0,0,0,0,0,0,4,0,0,0,0,0,0,0,0,0
ubt,bintrie,5,4,storage_sload_k256,19,,5365,86840,2,0.1653,19.6055,8.9944,4.418,37.305,2.3278,11,0,0,0,3,0,0,0,1,157,5,6,45.45,0,0,0,0,0,0,0,0
ubt,bintrie,5,4,storage_sload_k256,19,,5366,5900023,1,90.9409,28.3343,6.8602,0.7823,127.3025,46.3465,263,259,257,7325,2,0,0,0,0,0,23,240,8.75,27,232,10.42,257,0,100,7325,0
ubt,bintrie,5,4,storage_sload_k256,19,,5367,21000,1,0.0822,8.5993,9.3901,0.7049,19.0094,1.1047,6,0,0,0,2,0,0,0,0,0,2,4,33.33,0,0,0,0,0,0,0,0
ubt,bintrie,5,4,storage_sload_k256,19,,5368,0,0,0.0454,8.5747,0.0041,0.2033,12.946,0,4,0,0,0,0,0,0,0,0,0,0,4,0,0,0,0,0,0,0,0,0
ubt,bintrie,5,4,storage_sload_k256,1,,5236,0,0,0.0425,7.7221,0.0021,0.1488,8.1283,0,4,0,0,0,0,0,0,0,0,0,0,4,0,0,0,0,0,0,0,0,0
ubt,bintrie,5,4,storage_sload_k256,1,,5237,0,0,2.5397,4.503,0.0023,0.1377,7.3669,0,4,0,0,0,0,0,0,0,0,0,0,4,0,0,0,0,0,0,0,0,0
ubt,bintrie,5,4,storage_sload_k256,1,,5238,0,0,0.0396,21.2025,0.0028,0.1387,21.5944,0,4,0,0,0,0,0,0,0,0,0,0,4,0,0,0,0,0,0,0,0,0
ubt,bintrie,5,4,storage_sload_k256,1,,5239,86840,2,0.0998,17.0191,3.5283,7.8172,28.7188,3.0238,11,0,0,0,3,0,0,0,1,157,6,5,54.55,0,0,0,0,0,0,0,0
ubt,bintrie,5,4,storage_sload_k256,1,,5240,5900023,1,99.3529,34.9629,5.9886,0.726,141.2248,41.7775,263,259,257,7325,2,0,0,0,0,0,202,61,76.81,206,53,79.54,257,0,100,7325,0
ubt,bintrie,5,4,storage_sload_k256,1,,5241,21000,1,0.0766,25.2125,3.242,0.739,29.4574,0.7129,6,0,0,0,2,0,0,0,0,0,2,4,33.33,0,0,0,0,0,0,0,0
ubt,bintrie,5,4,storage_sload_k256,20,,5369,0,0,0.0546,5.3924,0.0027,0.7373,6.4895,0,4,0,0,0,0,0,0,0,0,0,0,4,0,0,0,0,0,0,0,0,0
ubt,bintrie,5,4,storage_sload_k256,20,,5370,0,0,0.0488,7.7301,0.002,0.0993,8.0311,0,4,0,0,0,0,0,0,0,0,0,0,4,0,0,0,0,0,0,0,0,0
ubt,bintrie,5,4,storage_sload_k256,20,,5371,0,0,0.0368,7.0991,0.0084,0.1277,7.4192,0,4,0,0,0,0,0,0,0,0,0,0,4,0,0,0,0,0,0,0,0,0
ubt,bintrie,5,4,storage_sload_k256,20,,5372,86840,2,0.2096,28.4583,3.1145,4.9528,39.7935,2.1823,11,0,0,0,3,0,0,0,1,157,6,5,54.55,0,0,0,0,0,0,0,0
ubt,bintrie,5,4,storage_sload_k256,20,,5373,5900023,1,102.3251,20.847,5.2434,0.8929,129.645,45.5091,263,259,257,7325,2,0,0,0,0,0,4,259,1.52,2,257,0.77,257,0,100,7325,0
ubt,bintrie,5,4,storage_sload_k256,20,,5374,21000,1,0.4836,9.6068,15.9642,0.8216,27.0649,0.7759,6,0,0,0,2,0,0,0,0,0,2,4,33.33,0,0,0,0,0,0,0,0
ubt,bintrie,5,4,storage_sload_k256,20,,5375,0,0,0.0377,5.0836,0.0059,0.1347,5.4506,0,4,0,0,0,0,0,0,0,0,0,0,4,0,0,0,0,0,0,0,0,0
ubt,bintrie,5,4,storage_sload_k256,2,,5243,0,0,0.0602,3.8156,0.0022,0.8994,5.1323,0,4,0,0,0,0,0,0,0,0,0,0,4,0,0,0,0,0,0,0,0,0
ubt,bintrie,5,4,storage_sload_k256,2,,5244,0,0,0.0395,19.8753,0.0022,0.1389,20.234,0,4,0,0,0,0,0,0,0,0,0,0,4,0,0,0,0,0,0,0,0,0
ubt,bintrie,5,4,storage_sload_k256,2,,5245,0,0,0.0434,18.3709,0.0024,0.1254,18.7452,0,4,0,0,0,0,0,0,0,0,0,0,4,0,0,0,0,0,0,0,0,0
ubt,bintrie,5,4,storage_sload_k256,2,,5246,86840,2,0.2963,16.7421,20.9657,4.7722,42.9481,2.022,11,0,0,0,3,0,0,0,1,157,4,7,36.36,0,0,0,0,0,0,0,0
ubt,bintrie,5,4,storage_sload_k256,2,,5247,5900023,1,95.6309,25.3407,6.0235,0.5648,127.7514,46.1836,263,259,257,7325,2,0,0,0,0,0,119,144,45.25,123,136,47.49,257,0,100,7325,0
ubt,bintrie,5,4,storage_sload_k256,2,,5248,21000,1,0.094,13.3513,2.7483,0.7363,17.252,1.2173,6,0,0,0,2,0,0,0,0,0,2,4,33.33,0,0,0,0,0,0,0,0
ubt,bintrie,5,4,storage_sload_k256,3,,5249,0,0,0.1607,7.6748,0.003,0.2547,8.2962,0,4,0,0,0,0,0,0,0,0,0,0,4,0,0,0,0,0,0,0,0,0
ubt,bintrie,5,4,storage_sload_k256,3,,5250,0,0,0.0404,8.966,0.0066,0.2186,9.5263,0,4,0,0,0,0,0,0,0,0,0,0,4,0,0,0,0,0,0,0,0,0
ubt,bintrie,5,4,storage_sload_k256,3,,5251,0,0,0.0448,36.2904,0.003,0.1083,36.6198,0,4,0,0,0,0,0,0,0,0,0,0,4,0,0,0,0,0,0,0,0,0
ubt,bintrie,5,4,storage_sload_k256,3,,5252,86840,2,0.1263,18.2535,5.0874,5.2799,29.2923,2.9646,11,0,0,0,3,0,0,0,1,157,6,5,54.55,0,0,0,0,0,0,0,0
ubt,bintrie,5,4,storage_sload_k256,3,,5253,5900023,1,107.2918,26.9182,6.2107,0.4984,141.2477,41.7707,263,259,257,7325,2,0,0,0,0,0,106,157,40.3,115,144,44.4,257,0,100,7325,0
ubt,bintrie,5,4,storage_sload_k256,3,,5254,21000,1,0.0792,12.0531,5.4039,0.8032,18.5324,1.1331,6,0,0,0,2,0,0,0,0,0,2,4,33.33,0,0,0,0,0,0,0,0
ubt,bintrie,5,4,storage_sload_k256,3,,5255,0,0,0.0455,14.1214,0.0032,0.251,14.6311,0,4,0,0,0,0,0,0,0,0,0,0,4,0,0,0,0,0,0,0,0,0
ubt,bintrie,5,4,storage_sload_k256,4,,5256,0,0,0.0476,5.3197,0.0027,0.3343,8.5419,0,4,0,0,0,0,0,0,0,0,0,0,4,0,0,0,0,0,0,0,0,0
ubt,bintrie,5,4,storage_sload_k256,4,,5257,0,0,0.0469,18.6172,0.0032,0.2042,19.0934,0,4,0,0,0,0,0,0,0,0,0,0,4,0,0,0,0,0,0,0,0,0
ubt,bintrie,5,4,storage_sload_k256,4,,5258,0,0,0.0355,4.5241,0.0018,0.1582,5.4953,0,4,0,0,0,0,0,0,0,0,0,0,4,0,0,0,0,0,0,0,0,0
ubt,bintrie,5,4,storage_sload_k256,4,,5259,86840,2,0.3734,15.8636,17.4252,5.0985,38.9837,2.2276,11,0,0,0,3,0,0,0,1,157,4,7,36.36,0,0,0,0,0,0,0,0
ubt,bintrie,5,4,storage_sload_k256,4,,5260,0,0,0.0492,11.0599,0.0026,4.0521,15.3952,0,4,0,0,0,0,0,0,0,0,0,0,4,0,0,0,0,0,0,0,0,0
ubt,bintrie,5,4,storage_sload_k256,4,,5261,5900023,1,107.2936,12.9539,2.894,0.5809,124.1179,47.5356,263,259,257,7325,2,0,0,0,0,0,70,193,26.62,71,188,27.41,257,0,100,7325,0
ubt,bintrie,5,4,storage_sload_k256,4,,5262,21000,1,0.1657,12.8853,3.7733,3.1887,20.252,1.0369,6,0,0,0,2,0,0,0,0,0,2,4,33.33,0,0,0,0,0,0,0,0
ubt,bintrie,5,4,storage_sload_k256,4,,5263,0,0,0.0502,23.5022,0.004,0.1809,23.9419,0,4,0,0,0,0,0,0,0,0,0,0,4,0,0,0,0,0,0,0,0,0
ubt,bintrie,5,4,storage_sload_k256,5,,5264,0,0,0.0367,6.8199,0.0021,0.1895,7.2233,0,4,0,0,0,0,0,0,0,0,0,0,4,0,0,0,0,0,0,0,0,0
ubt,bintrie,5,4,storage_sload_k256,5,,5265,0,0,0.0465,19.167,0.0032,0.1814,19.6071,0,4,0,0,0,0,0,0,0,0,0,0,4,0,0,0,0,0,0,0,0,0
ubt,bintrie,5,4,storage_sload_k256,5,,5266,0,0,0.032,7.2552,0.0023,0.1432,8.3764,0,4,0,0,0,0,0,0,0,0,0,0,4,0,0,0,0,0,0,0,0,0
ubt,bintrie,5,4,storage_sload_k256,5,,5267,86840,2,0.2224,18.8124,8.1537,5.6017,33.7328,2.5744,11,0,0,0,3,0,0,0,1,157,6,5,54.55,0,0,0,0,0,0,0,0
ubt,bintrie,5,4,storage_sload_k256,5,,5268,5900023,1,112.117,20.1607,5.131,1.4591,139.1908,42.388,263,259,257,7325,2,0,0,0,0,0,63,200,23.95,58,201,22.39,257,0,100,7325,0
ubt,bintrie,5,4,storage_sload_k256,5,,5269,21000,1,0.1127,11.7139,4.3962,0.8701,17.8421,1.177,6,0,0,0,2,0,0,0,0,0,1,5,16.67,0,0,0,0,0,0,0,0
ubt,bintrie,5,4,storage_sload_k256,5,,5270,0,0,0.0394,6.4551,0.0019,0.1338,6.8386,0,4,0,0,0,0,0,0,0,0,0,0,4,0,0,0,0,0,0,0,0,0
ubt,bintrie,5,4,storage_sload_k256,6,,5271,0,0,0.0399,4.7556,0.0032,0.2591,9.5584,0,4,0,0,0,0,0,0,0,0,0,0,4,0,0,0,0,0,0,0,0,0
ubt,bintrie,5,4,storage_sload_k256,6,,5272,0,0,0.0629,3.4934,0.0027,0.5179,4.575,0,4,0,0,0,0,0,0,0,0,0,0,4,0,0,0,0,0,0,0,0,0
ubt,bintrie,5,4,storage_sload_k256,6,,5273,0,0,0.0375,5.7877,0.002,0.1277,6.1262,0,4,0,0,0,0,0,0,0,0,0,0,4,0,0,0,0,0,0,0,0,0
ubt,bintrie,5,4,storage_sload_k256,6,,5274,86840,2,0.1562,19.1843,3.4178,6.072,29.0694,2.9873,11,0,0,0,3,0,0,0,1,157,5,6,45.45,0,0,0,0,0,0,0,0
ubt,bintrie,5,4,storage_sload_k256,6,,5275,5900023,1,86.4062,35.4609,5.6823,0.7788,128.7638,45.8205,263,259,257,7325,2,0,0,0,0,0,45,218,17.11,45,214,17.37,257,0,100,7325,0
ubt,bintrie,5,4,storage_sload_k256,6,,5276,21000,1,0.1399,24.083,13.0145,0.4913,37.9213,0.5538,6,0,0,0,2,0,0,0,0,0,0,6,0,0,0,0,0,0,0,0,0
ubt,bintrie,5,4,storage_sload_k256,6,,5277,0,0,0.0316,3.4536,0.0021,1.8635,5.5358,0,4,0,0,0,0,0,0,0,0,0,0,4,0,0,0,0,0,0,0,0,0
ubt,bintrie,5,4,storage_sload_k256,7,,5278,0,0,0.0449,7.0063,0.0025,0.3982,7.7022,0,4,0,0,0,0,0,0,0,0,0,0,4,0,0,0,0,0,0,0,0,0
ubt,bintrie,5,4,storage_sload_k256,7,,5279,0,0,0.0285,20.4098,0.0029,0.1626,20.77,0,4,0,0,0,0,0,0,0,0,0,0,4,0,0,0,0,0,0,0,0,0
ubt,bintrie,5,4,storage_sload_k256,7,,5280,0,0,0.0538,5.3833,0.0024,0.1534,5.7642,0,4,0,0,0,0,0,0,0,0,0,0,4,0,0,0,0,0,0,0,0,0
ubt,bintrie,5,4,storage_sload_k256,7,,5281,86840,2,0.1232,19.7932,2.8171,5.1038,28.0262,3.0985,11,0,0,0,3,0,0,0,1,157,6,5,54.55,0,0,0,0,0,0,0,0
ubt,bintrie,5,4,storage_sload_k256,7,,5282,5900023,1,123.2751,21.374,2.8963,1.0143,148.8825,39.6287,263,259,257,7325,2,0,0,0,0,0,164,99,62.36,156,103,60.23,257,0,100,7325,0
ubt,bintrie,5,4,storage_sload_k256,7,,5283,21000,1,0.0696,16.0658,5.3689,0.8267,22.5242,0.9323,6,0,0,0,2,0,0,0,0,0,2,4,33.33,0,0,0,0,0,0,0,0
ubt,bintrie,5,4,storage_sload_k256,7,,5284,0,0,0.0435,13.8156,0.0029,0.2491,15.05,0,4,0,0,0,0,0,0,0,0,0,0,4,0,0,0,0,0,0,0,0,0
ubt,bintrie,5,4,storage_sload_k256,8,,5285,0,0,0.0479,3.7746,0.002,0.2303,4.263,0,4,0,0,0,0,0,0,0,0,0,0,4,0,0,0,0,0,0,0,0,0
ubt,bintrie,5,4,storage_sload_k256,8,,5286,0,0,0.04,3.536,0.0018,0.1131,3.8854,0,4,0,0,0,0,0,0,0,0,0,0,4,0,0,0,0,0,0,0,0,0
ubt,bintrie,5,4,storage_sload_k256,8,,5287,0,0,0.0368,4.6484,0.0027,0.1987,5.0451,0,4,0,0,0,0,0,0,0,0,0,0,4,0,0,0,0,0,0,0,0,0
ubt,bintrie,5,4,storage_sload_k256,8,,5288,86840,2,0.117,18.6372,2.6407,6.1369,27.8613,3.1169,11,0,0,0,3,0,0,0,1,157,5,6,45.45,0,0,0,0,0,0,0,0
ubt,bintrie,5,4,storage_sload_k256,8,,5289,5900023,1,93.0552,39.022,2.7728,0.5746,135.7771,43.4537,263,259,257,7325,2,0,0,0,0,0,67,196,25.48,65,194,25.1,257,0,100,7325,0
ubt,bintrie,5,4,storage_sload_k256,8,,5290,21000,1,0.1611,13.0618,5.3527,0.6412,32.7479,0.6413,6,0,0,0,2,0,0,0,0,0,2,4,33.33,0,0,0,0,0,0,0,0
ubt,bintrie,5,4,storage_sload_k256,8,,5291,0,0,0.0434,13.1156,0.0029,0.1534,15.3171,0,4,0,0,0,0,0,0,0,0,0,0,4,0,0,0,0,0,0,0,0,0
ubt,bintrie,5,4,storage_sload_k256,9,,5292,0,0,0.6067,4.5235,0.0018,0.1522,5.4952,0,4,0,0,0,0,0,0,0,0,0,0,4,0,0,0,0,0,0,0,0,0
ubt,bintrie,5,4,storage_sload_k256,9,,5293,0,0,0.0523,4.5498,0.0024,0.197,6.3555,0,4,0,0,0,0,0,0,0,0,0,0,4,0,0,0,0,0,0,0,0,0
ubt,bintrie,5,4,storage_sload_k256,9,,5294,0,0,0.0434,4.5684,0.0022,0.0943,5.1847,0,4,0,0,0,0,0,0,0,0,0,0,4,0,0,0,0,0,0,0,0,0
ubt,bintrie,5,4,storage_sload_k256,9,,5295,86840,2,0.1499,24.2462,4.8862,4.9082,48.0521,1.8072,11,0,0,0,3,0,0,0,1,157,5,6,45.45,0,0,0,0,0,0,0,0
ubt,bintrie,5,4,storage_sload_k256,9,,5296,5900023,1,111.5861,24.9159,4.1666,0.7723,141.7788,41.6143,263,259,257,7325,2,0,0,0,0,0,53,210,20.15,58,201,22.39,257,0,100,7325,0
ubt,bintrie,5,4,storage_sload_k256,9,,5297,21000,1,0.1078,9.8619,6.4177,0.7349,17.4597,1.2028,6,0,0,0,2,0,0,0,0,0,2,4,33.33,0,0,0,0,0,0,0,0
ubt,bintrie,5,4,storage_sload_k256,9,,5298,0,0,0.0342,9.7112,0.0022,0.1155,10.034,0,4,0,0,0,0,0,0,0,0,0,0,4,0,0,0,0,0,0,0,0,0
ubt,bintrie,5,4,storage_sstore_k1,10,,5439,0,0,0.0607,6.7852,0.0034,0.2617,9.6936,0,4,0,0,0,0,0,0,0,0,0,0,4,0,0,0,0,0,0,0,0,0
ubt,bintrie,5,4,storage_sstore_k1,10,,5440,0,0,0.3317,7.4174,0.0019,0.271,8.2343,0,4,0,0,0,0,0,0,0,0,0,0,4,0,0,0,0,0,0,0,0,0
ubt,bintrie,5,4,storage_sstore_k1,10,,5441,0,0,0.0282,4.2663,0.0059,0.2001,11.4494,0,4,0,0,0,0,0,0,0,0,0,0,4,0,0,0,0,0,0,0,0,0
ubt,bintrie,5,4,storage_sstore_k1,10,,5442,86906,2,0.1124,20.2983,3.0749,5.3159,28.9686,3.0,11,0,0,0,3,0,0,0,1,163,7,4,63.64,0,0,0,0,0,0,0,0
ubt,bintrie,5,4,storage_sstore_k1,10,,5443,5911443,1,2.9714,15.4103,14.8927,1.5255,34.9939,168.9278,8,259,2,191,3,0,259,0,0,0,2,6,25,39,220,15.06,2,0,100,191,0
ubt,bintrie,5,4,storage_sstore_k1,10,,5444,21000,1,0.0666,9.4519,3.8051,1.3763,14.9158,1.4079,6,0,0,0,2,0,0,0,0,0,2,4,33.33,0,0,0,0,0,0,0,0
ubt,bintrie,5,4,storage_sstore_k1,10,,5445,0,0,0.0445,13.1917,0.0029,0.2135,13.6835,0,4,0,0,0,0,0,0,0,0,0,0,4,0,0,0,0,0,0,0,0,0
ubt,bintrie,5,4,storage_sstore_k1,11,,5446,0,0,0.042,13.7856,0.0026,0.1577,14.1908,0,4,0,0,0,0,0,0,0,0,0,0,4,0,0,0,0,0,0,0,0,0
ubt,bintrie,5,4,storage_sstore_k1,11,,5447,0,0,0.0459,4.3761,0.0022,0.1703,4.808,0,4,0,0,0,0,0,0,0,0,0,0,4,0,0,0,0,0,0,0,0,0
ubt,bintrie,5,4,storage_sstore_k1,11,,5448,0,0,0.0456,4.9914,0.0048,0.2759,12.8475,0,4,0,0,0,0,0,0,0,0,0,0,4,0,0,0,0,0,0,0,0,0
ubt,bintrie,5,4,storage_sstore_k1,11,,5449,86906,2,0.2076,17.3934,16.4963,5.2192,46.1717,1.8822,11,0,0,0,3,0,0,0,1,163,5,6,45.45,0,0,0,0,0,0,0,0
ubt,bintrie,5,4,storage_sstore_k1,11,,5450,5911443,1,3.1649,7.4781,11.4664,3.063,25.4166,232.5815,8,259,2,191,3,0,259,0,0,0,3,5,37.5,31,228,11.97,2,0,100,191,0
ubt,bintrie,5,4,storage_sstore_k1,11,,5451,21000,1,0.1108,15.7056,15.5969,0.5472,33.1036,0.6344,6,0,0,0,2,0,0,0,0,0,0,6,0,0,0,0,0,0,0,0,0
ubt,bintrie,5,4,storage_sstore_k1,11,,5452,0,0,0.0377,3.1432,0.0056,0.9046,4.2788,0,4,0,0,0,0,0,0,0,0,0,0,4,0,0,0,0,0,0,0,0,0
ubt,bintrie,5,4,storage_sstore_k1,12,,5453,0,0,0.0389,3.6392,0.0028,0.2945,4.2278,0,4,0,0,0,0,0,0,0,0,0,0,4,0,0,0,0,0,0,0,0,0
ubt,bintrie,5,4,storage_sstore_k1,12,,5454,0,0,0.0362,17.6609,0.0023,0.3481,18.347,0,4,0,0,0,0,0,0,0,0,0,0,4,0,0,0,0,0,0,0,0,0
ubt,bintrie,5,4,storage_sstore_k1,12,,5455,0,0,0.0317,9.1945,0.0026,0.4547,9.8626,0,4,0,0,0,0,0,0,0,0,0,0,4,0,0,0,0,0,0,0,0,0
ubt,bintrie,5,4,storage_sstore_k1,12,,5456,86906,2,0.2053,23.4951,5.1062,4.3965,40.4915,2.1463,11,0,0,0,3,0,0,0,1,163,5,6,45.45,0,0,0,0,0,0,0,0
ubt,bintrie,5,4,storage_sstore_k1,12,,5457,5911443,1,4.2331,8.3409,19.1919,1.7985,33.9166,174.2937,8,259,2,191,3,0,259,0,0,0,4,4,50,93,166,35.91,2,0,100,191,0
ubt,bintrie,5,4,storage_sstore_k1,12,,5458,21000,1,0.1013,5.8454,13.514,0.4836,20.1226,1.0436,6,0,0,0,2,0,0,0,0,0,0,6,0,0,0,0,0,0,0,0,0
ubt,bintrie,5,4,storage_sstore_k1,12,,5459,0,0,0.1417,12.5339,0.0033,0.2379,14.5924,0,4,0,0,0,0,0,0,0,0,0,0,4,0,0,0,0,0,0,0,0,0
ubt,bintrie,5,4,storage_sstore_k1,13,,5460,0,0,0.041,3.3032,0.0021,0.2825,3.8224,0,4,0,0,0,0,0,0,0,0,0,0,4,0,0,0,0,0,0,0,0,0
ubt,bintrie,5,4,storage_sstore_k1,13,,5461,0,0,0.2175,3.1816,0.0108,0.2306,3.9051,0,4,0,0,0,0,0,0,0,0,0,0,4,0,0,0,0,0,0,0,0,0
ubt,bintrie,5,4,storage_sstore_k1,13,,5462,0,0,0.0321,3.4906,0.002,0.1542,3.8682,0,4,0,0,0,0,0,0,0,0,0,0,4,0,0,0,0,0,0,0,0,0
ubt,bintrie,5,4,storage_sstore_k1,13,,5463,86906,2,5.6825,13.7052,12.2983,5.4544,37.3596,2.3262,11,0,0,0,3,0,0,0,1,163,5,6,45.45,0,0,0,0,0,0,0,0
ubt,bintrie,5,4,storage_sstore_k1,13,,5464,0,0,0.0576,4.8053,0.0016,1.2806,7.4981,0,4,0,0,0,0,0,0,0,0,0,0,4,0,0,0,0,0,0,0,0,0
ubt,bintrie,5,4,storage_sstore_k1,13,,5465,5911443,1,6.0889,25.4798,4.9672,6.3681,43.0743,137.2382,8,259,2,191,3,0,259,0,0,0,1,7,12.5,83,176,32.05,2,0,100,191,0
ubt,bintrie,5,4,storage_sstore_k1,13,,5466,21000,1,0.0792,3.2554,23.8674,0.5649,28.0037,0.7499,6,0,0,0,2,0,0,0,0,0,2,4,33.33,0,0,0,0,0,0,0,0
ubt,bintrie,5,4,storage_sstore_k1,13,,5467,0,0,0.0434,21.5776,0.0029,0.2029,21.9982,0,4,0,0,0,0,0,0,0,0,0,0,4,0,0,0,0,0,0,0,0,0
ubt,bintrie,5,4,storage_sstore_k1,14,,5468,0,0,0.0334,6.8148,0.0031,1.3126,9.0577,0,4,0,0,0,0,0,0,0,0,0,0,4,0,0,0,0,0,0,0,0,0
ubt,bintrie,5,4,storage_sstore_k1,14,,5469,0,0,0.0469,16.249,0.0021,0.1534,16.6128,0,4,0,0,0,0,0,0,0,0,0,0,4,0,0,0,0,0,0,0,0,0
ubt,bintrie,5,4,storage_sstore_k1,14,,5470,0,0,0.5331,3.223,0.0101,0.1541,9.9783,0,4,0,0,0,0,0,0,0,0,0,0,4,0,0,0,0,0,0,0,0,0
ubt,bintrie,5,4,storage_sstore_k1,14,,5471,86906,2,0.0858,18.0747,3.6562,5.1116,27.0747,3.2099,11,0,0,0,3,0,0,0,1,163,6,5,54.55,0,0,0,0,0,0,0,0
ubt,bintrie,5,4,storage_sstore_k1,14,,5472,5911443,1,5.0202,16.0505,5.0582,4.7135,31.0337,190.4845,8,259,2,191,3,0,259,0,0,0,1,7,12.5,3,256,1.16,2,0,100,191,0
ubt,bintrie,5,4,storage_sstore_k1,14,,5473,21000,1,0.3057,14.3734,12.7936,1.2272,28.8725,0.7273,6,0,0,0,2,0,0,0,0,0,2,4,33.33,0,0,0,0,0,0,0,0
ubt,bintrie,5,4,storage_sstore_k1,14,,5474,0,0,0.0397,5.535,0.0018,0.1201,5.867,0,4,0,0,0,0,0,0,0,0,0,0,4,0,0,0,0,0,0,0,0,0
ubt,bintrie,5,4,storage_sstore_k1,15,,5475,0,0,0.0395,4.0606,0.0029,0.3434,6.6407,0,4,0,0,0,0,0,0,0,0,0,0,4,0,0,0,0,0,0,0,0,0
ubt,bintrie,5,4,storage_sstore_k1,15,,5476,0,0,0.0529,4.0074,0.0024,0.3571,7.5234,0,4,0,0,0,0,0,0,0,0,0,0,4,0,0,0,0,0,0,0,0,0
ubt,bintrie,5,4,storage_sstore_k1,15,,5477,0,0,0.0367,6.2517,0.0034,0.2262,6.7391,0,4,0,0,0,0,0,0,0,0,0,0,4,0,0,0,0,0,0,0,0,0
ubt,bintrie,5,4,storage_sstore_k1,15,,5478,86906,2,0.1041,22.4539,4.7045,5.5899,33.0452,2.6299,11,0,0,0,3,0,0,0,1,163,6,5,54.55,0,0,0,0,0,0,0,0
ubt,bintrie,5,4,storage_sstore_k1,15,,5479,5911443,1,5.1882,19.095,14.6131,1.6027,41.5857,142.1507,8,259,2,191,3,0,259,0,0,0,3,5,37.5,142,117,54.83,2,0,100,191,0
ubt,bintrie,5,4,storage_sstore_k1,15,,5480,21000,1,0.1554,9.3186,4.5731,0.8031,15.0764,1.3929,6,0,0,0,2,0,0,0,0,0,0,6,0,0,0,0,0,0,0,0,0
ubt,bintrie,5,4,storage_sstore_k1,15,,5481,0,0,0.0402,6.2979,0.0017,0.1642,6.6781,0,4,0,0,0,0,0,0,0,0,0,0,4,0,0,0,0,0,0,0,0,0
ubt,bintrie,5,4,storage_sstore_k1,16,,5482,0,0,0.0379,4.8181,0.0026,0.2847,5.3697,0,4,0,0,0,0,0,0,0,0,0,0,4,0,0,0,0,0,0,0,0,0
ubt,bintrie,5,4,storage_sstore_k1,16,,5483,0,0,0.1337,8.1288,0.0022,0.1615,8.5653,0,4,0,0,0,0,0,0,0,0,0,0,4,0,0,0,0,0,0,0,0,0
ubt,bintrie,5,4,storage_sstore_k1,16,,5484,0,0,0.0332,10.9403,0.0021,0.1583,11.2713,0,4,0,0,0,0,0,0,0,0,0,0,4,0,0,0,0,0,0,0,0,0
ubt,bintrie,5,4,storage_sstore_k1,16,,5485,86906,2,0.1366,22.1619,8.7938,5.412,42.595,2.0403,11,0,0,0,3,0,0,0,1,163,6,5,54.55,0,0,0,0,0,0,0,0
ubt,bintrie,5,4,storage_sstore_k1,16,,5486,5911443,1,3.4475,8.9413,9.1179,1.5274,23.2173,254.614,8,259,2,191,3,0,259,0,0,0,4,4,50,68,191,26.25,2,0,100,191,0
ubt,bintrie,5,4,storage_sstore_k1,16,,5487,21000,1,0.0727,17.3899,3.0481,0.6828,21.3709,0.9826,6,0,0,0,2,0,0,0,0,0,2,4,33.33,0,0,0,0,0,0,0,0
ubt,bintrie,5,4,storage_sstore_k1,16,,5488,0,0,0.0447,12.0505,0.0102,0.1453,12.4479,0,4,0,0,0,0,0,0,0,0,0,0,4,0,0,0,0,0,0,0,0,0
ubt,bintrie,5,4,storage_sstore_k1,17,,5489,0,0,0.0321,3.7259,0.0023,0.2816,4.4705,0,4,0,0,0,0,0,0,0,0,0,0,4,0,0,0,0,0,0,0,0,0
ubt,bintrie,5,4,storage_sstore_k1,17,,5490,0,0,0.0941,7.5703,0.0029,0.165,8.0127,0,4,0,0,0,0,0,0,0,0,0,0,4,0,0,0,0,0,0,0,0,0
ubt,bintrie,5,4,storage_sstore_k1,17,,5491,0,0,0.0263,22.1548,0.0022,0.157,22.53,0,4,0,0,0,0,0,0,0,0,0,0,4,0,0,0,0,0,0,0,0,0
ubt,bintrie,5,4,storage_sstore_k1,17,,5492,86906,2,0.133,19.9636,6.0817,4.795,35.3468,2.4587,11,0,0,0,3,0,0,0,1,163,6,5,54.55,0,0,0,0,0,0,0,0
ubt,bintrie,5,4,storage_sstore_k1,17,,5493,5911443,1,3.6957,22.3723,4.1131,1.4483,36.4586,162.1412,8,259,2,191,3,0,259,0,0,0,0,8,0,49,210,18.92,2,0,100,191,0
ubt,bintrie,5,4,storage_sstore_k1,17,,5494,21000,1,1.5821,3.4309,19.0693,0.5831,24.8378,0.8455,6,0,0,0,2,0,0,0,0,0,2,4,33.33,0,0,0,0,0,0,0,0
ubt,bintrie,5,4,storage_sstore_k1,17,,5495,0,0,0.0458,12.7703,0.0025,0.1776,13.2265,0,4,0,0,0,0,0,0,0,0,0,0,4,0,0,0,0,0,0,0,0,0
ubt,bintrie,5,4,storage_sstore_k1,18,,5496,0,0,0.0464,6.8559,0.0031,0.2443,7.355,0,4,0,0,0,0,0,0,0,0,0,0,4,0,0,0,0,0,0,0,0,0
ubt,bintrie,5,4,storage_sstore_k1,18,,5497,0,0,0.0722,17.5368,0.0024,0.1241,17.9867,0,4,0,0,0,0,0,0,0,0,0,0,4,0,0,0,0,0,0,0,0,0
ubt,bintrie,5,4,storage_sstore_k1,18,,5498,0,0,0.0337,20.1951,0.0033,0.6712,21.3668,0,4,0,0,0,0,0,0,0,0,0,0,4,0,0,0,0,0,0,0,0,0
ubt,bintrie,5,4,storage_sstore_k1,18,,5499,86906,2,0.1697,23.7725,5.8089,5.1287,35.7746,2.4293,11,0,0,0,3,0,0,0,1,163,5,6,45.45,0,0,0,0,0,0,0,0
ubt,bintrie,5,4,storage_sstore_k1,18,,5500,5911443,1,3.0608,7.9783,13.2884,3.2883,27.8497,212.2624,8,259,2,191,3,0,259,0,0,0,4,4,50,52,207,20.08,2,0,100,191,0
ubt,bintrie,5,4,storage_sstore_k1,18,,5501,21000,1,0.078,12.8528,4.9204,6.426,25.6997,0.8171,6,0,0,0,2,0,0,0,0,0,2,4,33.33,0,0,0,0,0,0,0,0
ubt,bintrie,5,4,storage_sstore_k1,18,,5502,0,0,0.0579,11.2176,0.0032,0.3295,11.8065,0,4,0,0,0,0,0,0,0,0,0,0,4,0,0,0,0,0,0,0,0,0
ubt,bintrie,5,4,storage_sstore_k1,19,,5503,0,0,0.0471,3.3524,0.002,0.2196,3.8447,0,4,0,0,0,0,0,0,0,0,0,0,4,0,0,0,0,0,0,0,0,0
ubt,bintrie,5,4,storage_sstore_k1,19,,5504,0,0,0.0284,3.1831,0.0085,0.2981,3.6853,0,4,0,0,0,0,0,0,0,0,0,0,4,0,0,0,0,0,0,0,0,0
ubt,bintrie,5,4,storage_sstore_k1,19,,5505,0,0,0.0333,3.363,0.0083,0.2267,3.7765,0,4,0,0,0,0,0,0,0,0,0,0,4,0,0,0,0,0,0,0,0,0
ubt,bintrie,5,4,storage_sstore_k1,19,,5506,86906,2,0.3133,21.6715,23.4045,5.6605,51.2567,1.6955,11,0,0,0,3,0,0,0,1,163,4,7,36.36,0,0,0,0,0,0,0,0
ubt,bintrie,5,4,storage_sstore_k1,19,,5507,5911443,1,3.7336,7.6748,18.0181,2.9767,34.1216,173.2464,8,259,2,191,3,0,259,0,0,0,3,5,37.5,72,187,27.8,2,0,100,191,0
ubt,bintrie,5,4,storage_sstore_k1,19,,5508,21000,1,0.0626,10.0452,5.4135,0.6643,16.3604,1.2836,6,0,0,0,2,0,0,0,0,0,2,4,33.33,0,0,0,0,0,0,0,0
ubt,bintrie,5,4,storage_sstore_k1,19,,5509,0,0,0.1957,7.3112,0.0094,0.1444,7.8646,0,4,0,0,0,0,0,0,0,0,0,0,4,0,0,0,0,0,0,0,0,0
ubt,bintrie,5,4,storage_sstore_k1,1,,5376,0,0,0.0422,4.5729,0.0036,0.2436,5.0925,0,4,0,0,0,0,0,0,0,0,0,0,4,0,0,0,0,0,0,0,0,0
ubt,bintrie,5,4,storage_sstore_k1,1,,5377,0,0,0.0342,4.2144,0.0081,0.1672,4.5906,0,4,0,0,0,0,0,0,0,0,0,0,4,0,0,0,0,0,0,0,0,0
ubt,bintrie,5,4,storage_sstore_k1,1,,5378,0,0,0.0321,17.2692,0.0023,0.116,17.5727,0,4,0,0,0,0,0,0,0,0,0,0,4,0,0,0,0,0,0,0,0,0
ubt,bintrie,5,4,storage_sstore_k1,1,,5379,86906,2,0.131,22.6308,4.9036,5.356,33.2099,2.6169,11,0,0,0,3,0,0,0,1,163,5,6,45.45,0,0,0,0,0,0,0,0
ubt,bintrie,5,4,storage_sstore_k1,1,,5380,5911443,1,3.3801,6.8368,25.7855,4.7832,40.9558,144.337,8,259,2,191,3,0,259,0,0,0,3,5,37.5,81,178,31.27,2,0,100,191,0
ubt,bintrie,5,4,storage_sstore_k1,1,,5381,21000,1,0.1083,10.6604,26.1277,0.7147,37.8382,0.555,6,0,0,0,2,0,0,0,0,0,0,6,0,0,0,0,0,0,0,0,0
ubt,bintrie,5,4,storage_sstore_k1,1,,5382,0,0,0.0447,21.3493,0.003,0.1492,21.726,0,4,0,0,0,0,0,0,0,0,0,0,4,0,0,0,0,0,0,0,0,0
ubt,bintrie,5,4,storage_sstore_k1,20,,5510,0,0,0.1389,5.3649,0.0019,0.1475,5.8934,0,4,0,0,0,0,0,0,0,0,0,0,4,0,0,0,0,0,0,0,0,0
ubt,bintrie,5,4,storage_sstore_k1,20,,5511,0,0,0.0607,15.9812,0.0021,0.1348,16.4081,0,4,0,0,0,0,0,0,0,0,0,0,4,0,0,0,0,0,0,0,0,0
ubt,bintrie,5,4,storage_sstore_k1,20,,5512,0,0,0.0933,14.7162,0.0021,0.1203,15.5385,0,4,0,0,0,0,0,0,0,0,0,0,4,0,0,0,0,0,0,0,0,0
ubt,bintrie,5,4,storage_sstore_k1,20,,5513,86906,2,0.1324,18.603,2.8978,4.6405,27.1914,3.1961,11,0,0,0,3,0,0,0,1,163,5,6,45.45,0,0,0,0,0,0,0,0
ubt,bintrie,5,4,storage_sstore_k1,20,,5514,5911443,1,3.0455,25.6756,5.1323,1.4976,35.5586,166.2452,8,259,2,191,3,0,259,0,0,0,3,5,37.5,52,207,20.08,2,0,100,191,0
ubt,bintrie,5,4,storage_sstore_k1,20,,5515,21000,1,0.0615,13.7713,3.8803,1.0011,18.881,1.1122,6,0,0,0,2,0,0,0,0,0,2,4,33.33,0,0,0,0,0,0,0,0
ubt,bintrie,5,4,storage_sstore_k1,20,,5516,0,0,0.0675,13.3685,0.003,0.21,13.8419,0,4,0,0,0,0,0,0,0,0,0,0,4,0,0,0,0,0,0,0,0,0
ubt,bintrie,5,4,storage_sstore_k1,2,,5383,0,0,0.04,6.5639,0.0019,0.588,7.3569,0,4,0,0,0,0,0,0,0,0,0,0,4,0,0,0,0,0,0,0,0,0
ubt,bintrie,5,4,storage_sstore_k1,2,,5384,0,0,0.0298,19.9744,0.0025,0.2112,20.3768,0,4,0,0,0,0,0,0,0,0,0,0,4,0,0,0,0,0,0,0,0,0
ubt,bintrie,5,4,storage_sstore_k1,2,,5385,0,0,0.0375,3.5312,0.0102,0.2392,8.1902,0,4,0,0,0,0,0,0,0,0,0,0,4,0,0,0,0,0,0,0,0,0
ubt,bintrie,5,4,storage_sstore_k1,2,,5386,86906,2,0.0786,17.498,5.3769,4.4497,27.5781,3.1513,11,0,0,0,3,0,0,0,1,163,6,5,54.55,0,0,0,0,0,0,0,0
ubt,bintrie,5,4,storage_sstore_k1,2,,5387,5911443,1,5.4454,15.094,14.162,2.0525,36.9414,160.0221,8,259,2,191,3,0,259,0,0,0,1,7,12.5,112,147,43.24,2,0,100,191,0
ubt,bintrie,5,4,storage_sstore_k1,2,,5388,21000,1,0.0898,10.7635,5.6075,1.7615,18.4468,1.1384,6,0,0,0,2,0,0,0,0,0,2,4,33.33,0,0,0,0,0,0,0,0
ubt,bintrie,5,4,storage_sstore_k1,2,,5389,0,0,0.0452,13.6602,0.0023,0.1497,14.0332,0,4,0,0,0,0,0,0,0,0,0,0,4,0,0,0,0,0,0,0,0,0
ubt,bintrie,5,4,storage_sstore_k1,3,,5390,0,0,0.0384,3.9228,0.0024,0.2117,4.4408,0,4,0,0,0,0,0,0,0,0,0,0,4,0,0,0,0,0,0,0,0,0
ubt,bintrie,5,4,storage_sstore_k1,3,,5391,0,0,0.026,17.824,0.0023,0.2517,18.271,0,4,0,0,0,0,0,0,0,0,0,0,4,0,0,0,0,0,0,0,0,0
ubt,bintrie,5,4,storage_sstore_k1,3,,5392,0,0,0.0342,7.1126,0.003,0.2071,8.0473,0,4,0,0,0,0,0,0,0,0,0,0,4,0,0,0,0,0,0,0,0,0
ubt,bintrie,5,4,storage_sstore_k1,3,,5393,86906,2,0.4149,23.4842,17.4855,4.6286,46.2614,1.8786,11,0,0,0,3,0,0,0,1,163,4,7,36.36,0,0,0,0,0,0,0,0
ubt,bintrie,5,4,storage_sstore_k1,3,,5394,5911443,1,3.774,6.9021,14.9218,2.8189,28.5843,206.8072,8,259,2,191,3,0,259,0,0,0,3,5,37.5,41,218,15.83,2,0,100,191,0
ubt,bintrie,5,4,storage_sstore_k1,3,,5395,21000,1,0.0578,5.1189,11.8303,0.757,17.9293,1.1713,6,0,0,0,2,0,0,0,0,0,2,4,33.33,0,0,0,0,0,0,0,0
ubt,bintrie,5,4,storage_sstore_k1,3,,5396,0,0,0.032,12.1135,0.0019,0.1156,12.426,0,4,0,0,0,0,0,0,0,0,0,0,4,0,0,0,0,0,0,0,0,0
ubt,bintrie,5,4,storage_sstore_k1,4,,5397,0,0,0.0418,4.0542,0.0026,0.2675,4.605,0,4,0,0,0,0,0,0,0,0,0,0,4,0,0,0,0,0,0,0,0,0
ubt,bintrie,5,4,storage_sstore_k1,4,,5398,0,0,0.496,6.4598,0.0028,0.1466,7.2839,0,4,0,0,0,0,0,0,0,0,0,0,4,0,0,0,0,0,0,0,0,0
ubt,bintrie,5,4,storage_sstore_k1,4,,5399,0,0,0.1424,24.0528,0.0024,0.1658,24.6299,0,4,0,0,0,0,0,0,0,0,0,0,4,0,0,0,0,0,0,0,0,0
ubt,bintrie,5,4,storage_sstore_k1,4,,5400,86906,2,7.198,15.9414,8.7894,5.5766,41.1167,2.1136,11,0,0,0,3,0,0,0,1,163,5,6,45.45,0,0,0,0,0,0,0,0
ubt,bintrie,5,4,storage_sstore_k1,4,,5401,5911443,1,4.5417,21.8109,12.893,1.5087,40.957,144.333,8,259,2,191,3,0,259,0,0,0,3,5,37.5,75,184,28.96,2,0,100,191,0
ubt,bintrie,5,4,storage_sstore_k1,4,,5402,21000,1,0.0713,20.7369,7.2823,0.7401,28.996,0.7242,6,0,0,0,2,0,0,0,0,0,2,4,33.33,0,0,0,0,0,0,0,0
ubt,bintrie,5,4,storage_sstore_k1,4,,5403,0,0,0.0489,21.8868,0.0028,0.1727,22.2964,0,4,0,0,0,0,0,0,0,0,0,0,4,0,0,0,0,0,0,0,0,0
ubt,bintrie,5,4,storage_sstore_k1,5,,5404,0,0,0.0345,4.5577,0.0024,0.3507,5.5651,0,4,0,0,0,0,0,0,0,0,0,0,4,0,0,0,0,0,0,0,0,0
ubt,bintrie,5,4,storage_sstore_k1,5,,5405,0,0,0.0363,21.8632,0.0019,0.128,22.2304,0,4,0,0,0,0,0,0,0,0,0,0,4,0,0,0,0,0,0,0,0,0
ubt,bintrie,5,4,storage_sstore_k1,5,,5406,0,0,0.0473,19.3427,0.0028,0.1792,19.7213,0,4,0,0,0,0,0,0,0,0,0,0,4,0,0,0,0,0,0,0,0,0
ubt,bintrie,5,4,storage_sstore_k1,5,,5407,86906,2,0.2342,14.5044,6.9948,4.6987,28.5921,3.0395,11,0,0,0,3,0,0,0,1,163,6,5,54.55,0,0,0,0,0,0,0,0
ubt,bintrie,5,4,storage_sstore_k1,5,,5408,5911443,1,4.1453,17.3977,15.7745,1.8359,39.3243,150.3255,8,259,2,191,3,0,259,0,0,0,3,5,37.5,73,186,28.19,2,0,100,191,0
ubt,bintrie,5,4,storage_sstore_k1,5,,5409,21000,1,0.0982,10.7963,18.1098,1.0258,30.2953,0.6932,6,0,0,0,2,0,0,0,0,0,2,4,33.33,0,0,0,0,0,0,0,0
ubt,bintrie,5,4,storage_sstore_k1,5,,5410,0,0,0.037,4.7212,0.0024,0.157,5.1233,0,4,0,0,0,0,0,0,0,0,0,0,4,0,0,0,0,0,0,0,0,0
ubt,bintrie,5,4,storage_sstore_k1,6,,5411,0,0,0.0549,18.8388,0.0029,0.3393,19.4145,0,4,0,0,0,0,0,0,0,0,0,0,4,0,0,0,0,0,0,0,0,0
ubt,bintrie,5,4,storage_sstore_k1,6,,5412,0,0,0.03,5.6488,0.0029,0.1801,6.0358,0,4,0,0,0,0,0,0,0,0,0,0,4,0,0,0,0,0,0,0,0,0
ubt,bintrie,5,4,storage_sstore_k1,6,,5413,0,0,0.0357,6.8292,0.0026,0.5873,7.7792,0,4,0,0,0,0,0,0,0,0,0,0,4,0,0,0,0,0,0,0,0,0
ubt,bintrie,5,4,storage_sstore_k1,6,,5414,86906,2,0.1182,20.1885,6.6869,5.0937,38.9929,2.2288,11,0,0,0,3,0,0,0,1,163,6,5,54.55,0,0,0,0,0,0,0,0
ubt,bintrie,5,4,storage_sstore_k1,6,,5415,5911443,1,4.134,6.2497,19.2568,4.5288,34.9548,169.1166,8,259,2,191,3,0,259,0,0,0,3,5,37.5,44,215,16.99,2,0,100,191,0
ubt,bintrie,5,4,storage_sstore_k1,6,,5416,21000,1,0.0579,5.4263,21.1883,0.55,27.417,0.7659,6,0,0,0,2,0,0,0,0,0,2,4,33.33,0,0,0,0,0,0,0,0
ubt,bintrie,5,4,storage_sstore_k1,6,,5417,0,0,0.0427,15.3219,0.0116,0.1808,15.7597,0,4,0,0,0,0,0,0,0,0,0,0,4,0,0,0,0,0,0,0,0,0
ubt,bintrie,5,4,storage_sstore_k1,7,,5418,0,0,0.067,3.6488,0.0022,0.8003,6.3436,0,4,0,0,0,0,0,0,0,0,0,0,4,0,0,0,0,0,0,0,0,0
ubt,bintrie,5,4,storage_sstore_k1,7,,5419,0,0,0.0336,28.7351,0.0024,0.1659,29.1148,0,4,0,0,0,0,0,0,0,0,0,0,4,0,0,0,0,0,0,0,0,0
ubt,bintrie,5,4,storage_sstore_k1,7,,5420,0,0,0.0394,4.3939,0.0019,0.1952,4.7961,0,4,0,0,0,0,0,0,0,0,0,0,4,0,0,0,0,0,0,0,0,0
ubt,bintrie,5,4,storage_sstore_k1,7,,5421,86906,2,0.1038,20.7758,3.7557,5.4167,30.2313,2.8747,11,0,0,0,3,0,0,0,1,163,6,5,54.55,0,0,0,0,0,0,0,0
ubt,bintrie,5,4,storage_sstore_k1,7,,5422,5911443,1,3.1508,7.3986,15.3137,3.5956,29.6297,199.5108,8,259,2,191,3,0,259,0,0,0,3,5,37.5,34,225,13.13,2,0,100,191,0
ubt,bintrie,5,4,storage_sstore_k1,7,,5423,21000,1,0.0857,9.7414,5.8245,0.8688,16.7416,1.2544,6,0,0,0,2,0,0,0,0,0,2,4,33.33,0,0,0,0,0,0,0,0
ubt,bintrie,5,4,storage_sstore_k1,7,,5424,0,0,0.0454,15.0058,0.003,0.2262,15.5321,0,4,0,0,0,0,0,0,0,0,0,0,4,0,0,0,0,0,0,0,0,0
ubt,bintrie,5,4,storage_sstore_k1,8,,5425,0,0,0.0394,5.8211,0.0027,0.2874,6.3693,0,4,0,0,0,0,0,0,0,0,0,0,4,0,0,0,0,0,0,0,0,0
ubt,bintrie,5,4,storage_sstore_k1,8,,5426,0,0,0.0287,19.1361,0.0028,0.0998,19.4372,0,4,0,0,0,0,0,0,0,0,0,0,4,0,0,0,0,0,0,0,0,0
ubt,bintrie,5,4,storage_sstore_k1,8,,5427,0,0,0.0696,18.0578,0.0022,0.1241,18.7198,0,4,0,0,0,0,0,0,0,0,0,0,4,0,0,0,0,0,0,0,0,0
ubt,bintrie,5,4,storage_sstore_k1,8,,5428,86906,2,0.1283,24.5071,13.0901,4.9625,42.9025,2.0257,11,0,0,0,3,0,0,0,1,163,5,6,45.45,0,0,0,0,0,0,0,0
ubt,bintrie,5,4,storage_sstore_k1,8,,5429,5911443,1,3.829,7.2582,13.074,5.5946,29.9406,197.4393,8,259,2,191,3,0,259,0,0,0,3,5,37.5,47,212,18.15,2,0,100,191,0
ubt,bintrie,5,4,storage_sstore_k1,8,,5430,21000,1,0.1139,5.5841,13.4187,0.449,19.7526,1.0631,6,0,0,0,2,0,0,0,0,0,2,4,33.33,0,0,0,0,0,0,0,0
ubt,bintrie,5,4,storage_sstore_k1,8,,5431,0,0,0.0248,3.213,0.0027,0.138,7.4289,0,4,0,0,0,0,0,0,0,0,0,0,4,0,0,0,0,0,0,0,0,0
ubt,bintrie,5,4,storage_sstore_k1,9,,5432,0,0,0.0397,3.472,0.0028,0.2575,4.02,0,4,0,0,0,0,0,0,0,0,0,0,4,0,0,0,0,0,0,0,0,0
ubt,bintrie,5,4,storage_sstore_k1,9,,5433,0,0,0.0302,3.9627,0.0026,0.1901,4.3522,0,4,0,0,0,0,0,0,0,0,0,0,4,0,0,0,0,0,0,0,0,0
ubt,bintrie,5,4,storage_sstore_k1,9,,5434,0,0,0.042,9.4912,0.0025,0.1364,12.0542,0,4,0,0,0,0,0,0,0,0,0,0,4,0,0,0,0,0,0,0,0,0
ubt,bintrie,5,4,storage_sstore_k1,9,,5435,86906,2,0.133,25.9668,6.7838,9.3244,42.4962,2.045,11,0,0,0,3,0,0,0,1,163,7,4,63.64,0,0,0,0,0,0,0,0
ubt,bintrie,5,4,storage_sstore_k1,9,,5436,5911443,1,3.1989,18.932,15.7294,3.1255,41.1665,143.5985,8,259,2,191,3,0,259,0,0,0,3,5,37.5,18,241,6.95,2,0,100,191,0
ubt,bintrie,5,4,storage_sstore_k1,9,,5437,21000,1,0.0885,11.0297,6.0542,0.5496,17.9283,1.1713,6,0,0,0,2,0,0,0,0,0,2,4,33.33,0,0,0,0,0,0,0,0
ubt,bintrie,5,4,storage_sstore_k1,9,,5438,0,0,0.0411,3.689,0.0025,0.168,4.1962,0,4,0,0,0,0,0,0,0,0,0,0,4,0,0,0,0,0,0,0,0,0
ubt,bintrie,5,4,storage_sstore_k10,10,,5580,0,0,0.046,4.3439,0.0024,0.1707,4.7861,0,4,0,0,0,0,0,0,0,0,0,0,4,0,0,0,0,0,0,0,0,0
ubt,bintrie,5,4,storage_sstore_k10,10,,5581,0,0,0.0342,17.8865,0.0019,0.1133,18.2207,0,4,0,0,0,0,0,0,0,0,0,0,4,0,0,0,0,0,0,0,0,0
ubt,bintrie,5,4,storage_sstore_k10,10,,5582,0,0,0.0438,9.2576,0.0024,0.1945,9.76,0,4,0,0,0,0,0,0,0,0,0,0,4,0,0,0,0,0,0,0,0,0
ubt,bintrie,5,4,storage_sstore_k10,10,,5583,86938,2,0.1063,23.6735,4.0647,5.2164,33.9835,2.5582,11,0,0,0,3,0,0,0,1,165,7,4,63.64,0,0,0,0,0,0,0,0
ubt,bintrie,5,4,storage_sstore_k10,10,,5584,5919370,1,4.701,18.861,11.1097,2.1323,43.782,135.2009,17,283,11,445,12,0,254,0,0,0,6,11,35.29,83,200,29.33,11,0,100,445,0
ubt,bintrie,5,4,storage_sstore_k10,10,,5585,21000,1,0.0534,17.5376,2.4093,0.498,20.699,1.0145,6,0,0,0,2,0,0,0,0,0,2,4,33.33,0,0,0,0,0,0,0,0
ubt,bintrie,5,4,storage_sstore_k10,10,,5586,0,0,0.0362,19.6213,0.0025,0.2299,20.1218,0,4,0,0,0,0,0,0,0,0,0,0,4,0,0,0,0,0,0,0,0,0
ubt,bintrie,5,4,storage_sstore_k10,11,,5587,0,0,0.0435,3.8877,0.0043,0.2105,9.2168,0,4,0,0,0,0,0,0,0,0,0,0,4,0,0,0,0,0,0,0,0,0
ubt,bintrie,5,4,storage_sstore_k10,11,,5588,0,0,0.0276,20.0764,0.0023,0.153,20.3933,0,4,0,0,0,0,0,0,0,0,0,0,4,0,0,0,0,0,0,0,0,0
ubt,bintrie,5,4,storage_sstore_k10,11,,5589,0,0,0.0482,6.6499,0.0028,0.107,8.4524,0,4,0,0,0,0,0,0,0,0,0,0,4,0,0,0,0,0,0,0,0,0
ubt,bintrie,5,4,storage_sstore_k10,11,,5590,86938,2,0.0941,20.3902,7.7951,5.4893,33.9337,2.562,11,0,0,0,3,0,0,0,1,165,6,5,54.55,0,0,0,0,0,0,0,0
ubt,bintrie,5,4,storage_sstore_k10,11,,5591,5919370,1,4.1641,10.4227,9.108,2.1579,29.108,203.3589,17,283,11,445,12,0,254,0,0,0,4,13,23.53,29,254,10.25,11,0,100,445,0
ubt,bintrie,5,4,storage_sstore_k10,11,,5592,21000,1,0.0821,13.4496,3.7126,0.5123,17.9547,1.1696,6,0,0,0,2,0,0,0,0,0,2,4,33.33,0,0,0,0,0,0,0,0
ubt,bintrie,5,4,storage_sstore_k10,11,,5593,0,0,0.2549,3.6736,0.0028,0.1467,4.2915,0,4,0,0,0,0,0,0,0,0,0,0,4,0,0,0,0,0,0,0,0,0
ubt,bintrie,5,4,storage_sstore_k10,12,,5594,0,0,0.051,3.6154,0.0022,0.2292,4.2368,0,4,0,0,0,0,0,0,0,0,0,0,4,0,0,0,0,0,0,0,0,0
ubt,bintrie,5,4,storage_sstore_k10,12,,5595,0,0,0.051,20.4258,0.0023,0.1179,20.7599,0,4,0,0,0,0,0,0,0,0,0,0,4,0,0,0,0,0,0,0,0,0
ubt,bintrie,5,4,storage_sstore_k10,12,,5596,0,0,0.0349,9.4147,0.0028,0.2238,9.8234,0,4,0,0,0,0,0,0,0,0,0,0,4,0,0,0,0,0,0,0,0,0
ubt,bintrie,5,4,storage_sstore_k10,12,,5597,86938,2,0.0943,15.4224,22.3691,4.4271,42.4842,2.0464,11,0,0,0,3,0,0,0,1,165,6,5,54.55,0,0,0,0,0,0,0,0
ubt,bintrie,5,4,storage_sstore_k10,12,,5598,5919370,1,4.942,18.9799,13.1685,2.9185,40.1627,147.3847,17,283,11,445,12,0,254,0,0,0,5,12,29.41,33,250,11.66,11,0,100,445,0
ubt,bintrie,5,4,storage_sstore_k10,12,,5599,21000,1,0.0867,11.5455,6.1131,0.6611,18.6063,1.1287,6,0,0,0,2,0,0,0,0,0,2,4,33.33,0,0,0,0,0,0,0,0
ubt,bintrie,5,4,storage_sstore_k10,12,,5600,0,0,0.0446,24.2301,0.0027,0.1331,24.6261,0,4,0,0,0,0,0,0,0,0,0,0,4,0,0,0,0,0,0,0,0,0
ubt,bintrie,5,4,storage_sstore_k10,13,,5601,0,0,0.4913,8.8399,0.0025,0.1633,9.7162,0,4,0,0,0,0,0,0,0,0,0,0,4,0,0,0,0,0,0,0,0,0
ubt,bintrie,5,4,storage_sstore_k10,13,,5602,0,0,0.038,21.8051,0.002,0.1416,22.1981,0,4,0,0,0,0,0,0,0,0,0,0,4,0,0,0,0,0,0,0,0,0
ubt,bintrie,5,4,storage_sstore_k10,13,,5603,0,0,0.0328,3.3326,0.0035,0.3984,8.4553,0,4,0,0,0,0,0,0,0,0,0,0,4,0,0,0,0,0,0,0,0,0
ubt,bintrie,5,4,storage_sstore_k10,13,,5604,86938,2,0.1032,24.9871,2.83,5.3648,44.6773,1.9459,11,0,0,0,3,0,0,0,1,165,6,5,54.55,0,0,0,0,0,0,0,0
ubt,bintrie,5,4,storage_sstore_k10,13,,5605,5919370,1,5.2012,24.1372,7.1978,2.0482,38.8282,152.4504,17,283,11,445,12,0,254,0,0,0,5,12,29.41,89,194,31.45,11,0,100,445,0
ubt,bintrie,5,4,storage_sstore_k10,13,,5606,21000,1,0.0768,17.4455,2.5551,0.5746,20.9169,1.004,6,0,0,0,2,0,0,0,0,0,2,4,33.33,0,0,0,0,0,0,0,0
ubt,bintrie,5,4,storage_sstore_k10,13,,5607,0,0,0.0392,24.2231,0.0027,0.1917,24.675,0,4,0,0,0,0,0,0,0,0,0,0,4,0,0,0,0,0,0,0,0,0
ubt,bintrie,5,4,storage_sstore_k10,14,,5608,0,0,0.0503,4.336,0.0017,0.2927,4.863,0,4,0,0,0,0,0,0,0,0,0,0,4,0,0,0,0,0,0,0,0,0
ubt,bintrie,5,4,storage_sstore_k10,14,,5609,0,0,0.0517,21.2305,0.0026,0.1812,21.6617,0,4,0,0,0,0,0,0,0,0,0,0,4,0,0,0,0,0,0,0,0,0
ubt,bintrie,5,4,storage_sstore_k10,14,,5610,0,0,0.0728,5.1922,0.0026,0.1077,5.5337,0,4,0,0,0,0,0,0,0,0,0,0,4,0,0,0,0,0,0,0,0,0
ubt,bintrie,5,4,storage_sstore_k10,14,,5611,86938,2,0.1631,18.8466,6.5871,5.9342,31.8266,2.7316,11,0,0,0,3,0,0,0,1,165,5,6,45.45,0,0,0,0,0,0,0,0
ubt,bintrie,5,4,storage_sstore_k10,14,,5612,5919370,1,3.2573,17.6201,14.9601,2.0152,38.2211,154.8718,17,283,11,445,12,0,254,0,0,0,3,14,17.65,49,234,17.31,11,0,100,445,0
ubt,bintrie,5,4,storage_sstore_k10,14,,5613,21000,1,0.0858,10.8729,4.965,0.551,22.0551,0.9522,6,0,0,0,2,0,0,0,0,0,2,4,33.33,0,0,0,0,0,0,0,0
ubt,bintrie,5,4,storage_sstore_k10,14,,5614,0,0,0.0276,4.7777,0.0026,0.2061,5.2031,0,4,0,0,0,0,0,0,0,0,0,0,4,0,0,0,0,0,0,0,0,0
ubt,bintrie,5,4,storage_sstore_k10,15,,5615,0,0,0.056,7.1268,0.0096,0.3471,7.7669,0,4,0,0,0,0,0,0,0,0,0,0,4,0,0,0,0,0,0,0,0,0
ubt,bintrie,5,4,storage_sstore_k10,15,,5616,0,0,0.0339,17.7424,0.0022,0.2184,18.1668,0,4,0,0,0,0,0,0,0,0,0,0,4,0,0,0,0,0,0,0,0,0
ubt,bintrie,5,4,storage_sstore_k10,15,,5617,0,0,0.0773,24.1146,0.003,0.1148,25.1306,0,4,0,0,0,0,0,0,0,0,0,0,4,0,0,0,0,0,0,0,0,0
ubt,bintrie,5,4,storage_sstore_k10,15,,5618,86938,2,0.1555,19.0978,9.9945,5.0429,34.4831,2.5212,11,0,0,0,3,0,0,0,1,165,5,6,45.45,0,0,0,0,0,0,0,0
ubt,bintrie,5,4,storage_sstore_k10,15,,5619,5919370,1,5.1189,18.7306,22.3055,2.1118,48.4833,122.0908,17,283,11,445,12,0,254,0,0,0,6,11,35.29,83,200,29.33,11,0,100,445,0
ubt,bintrie,5,4,storage_sstore_k10,15,,5620,21000,1,0.073,9.1437,3.8895,0.4915,13.8053,1.5212,6,0,0,0,2,0,0,0,0,0,2,4,33.33,0,0,0,0,0,0,0,0
ubt,bintrie,5,4,storage_sstore_k10,15,,5621,0,0,0.0423,9.9074,0.0035,0.2688,10.4196,0,4,0,0,0,0,0,0,0,0,0,0,4,0,0,0,0,0,0,0,0,0
ubt,bintrie,5,4,storage_sstore_k10,16,,5622,0,0,1.5056,4.9366,0.002,0.1966,6.9462,0,4,0,0,0,0,0,0,0,0,0,0,4,0,0,0,0,0,0,0,0,0
ubt,bintrie,5,4,storage_sstore_k10,16,,5623,0,0,0.0295,18.7828,0.0022,0.1227,19.1247,0,4,0,0,0,0,0,0,0,0,0,0,4,0,0,0,0,0,0,0,0,0
ubt,bintrie,5,4,storage_sstore_k10,16,,5624,0,0,0.0339,30.1126,0.003,0.5213,30.8841,0,4,0,0,0,0,0,0,0,0,0,0,4,0,0,0,0,0,0,0,0,0
ubt,bintrie,5,4,storage_sstore_k10,16,,5625,86938,2,0.1422,14.5435,24.6774,6.2074,45.7589,1.8999,11,0,0,0,3,0,0,0,1,165,7,4,63.64,0,0,0,0,0,0,0,0
ubt,bintrie,5,4,storage_sstore_k10,16,,5626,5919370,1,4.6754,16.0019,15.6721,3.9689,40.491,146.1899,17,283,11,445,12,0,254,0,0,0,6,11,35.29,144,139,50.88,11,0,100,445,0
ubt,bintrie,5,4,storage_sstore_k10,16,,5627,21000,1,0.1093,16.5774,2.5158,0.5422,19.9084,1.0548,6,0,0,0,2,0,0,0,0,0,2,4,33.33,0,0,0,0,0,0,0,0
ubt,bintrie,5,4,storage_sstore_k10,16,,5628,0,0,0.0502,3.6664,0.0026,0.1706,4.134,0,4,0,0,0,0,0,0,0,0,0,0,4,0,0,0,0,0,0,0,0,0
ubt,bintrie,5,4,storage_sstore_k10,17,,5629,0,0,0.0523,6.5837,0.0033,0.2424,7.1018,0,4,0,0,0,0,0,0,0,0,0,0,4,0,0,0,0,0,0,0,0,0
ubt,bintrie,5,4,storage_sstore_k10,17,,5630,0,0,0.0287,3.3505,0.0035,0.3721,8.1201,0,4,0,0,0,0,0,0,0,0,0,0,4,0,0,0,0,0,0,0,0,0
ubt,bintrie,5,4,storage_sstore_k10,17,,5631,0,0,0.0364,6.3711,0.0025,0.1375,6.6778,0,4,0,0,0,0,0,0,0,0,0,0,4,0,0,0,0,0,0,0,0,0
ubt,bintrie,5,4,storage_sstore_k10,17,,5632,86938,2,0.126,22.2334,2.7223,4.8158,30.055,2.8926,11,0,0,0,3,0,0,0,1,165,5,6,45.45,0,0,0,0,0,0,0,0
ubt,bintrie,5,4,storage_sstore_k10,17,,5633,5919370,1,3.3192,25.5479,8.6227,4.361,45.0469,131.4046,17,283,11,445,12,0,254,0,0,0,6,11,35.29,50,233,17.67,11,0,100,445,0
ubt,bintrie,5,4,storage_sstore_k10,17,,5634,21000,1,0.118,10.9891,14.1899,0.6167,26.1316,0.8036,6,0,0,0,2,0,0,0,0,0,2,4,33.33,0,0,0,0,0,0,0,0
ubt,bintrie,5,4,storage_sstore_k10,17,,5635,0,0,0.0443,24.7444,0.0031,0.1151,25.2814,0,4,0,0,0,0,0,0,0,0,0,0,4,0,0,0,0,0,0,0,0,0
ubt,bintrie,5,4,storage_sstore_k10,18,,5636,0,0,0.0435,3.4786,0.0028,0.2312,4.642,0,4,0,0,0,0,0,0,0,0,0,0,4,0,0,0,0,0,0,0,0,0
ubt,bintrie,5,4,storage_sstore_k10,18,,5637,0,0,0.0465,17.1413,0.0075,0.3074,17.7652,0,4,0,0,0,0,0,0,0,0,0,0,4,0,0,0,0,0,0,0,0,0
ubt,bintrie,5,4,storage_sstore_k10,18,,5638,0,0,0.0315,3.1243,0.0131,0.2375,5.9838,0,4,0,0,0,0,0,0,0,0,0,0,4,0,0,0,0,0,0,0,0,0
ubt,bintrie,5,4,storage_sstore_k10,18,,5639,86938,2,0.1169,20.6929,10.6809,6.1684,41.3422,2.1029,11,0,0,0,3,0,0,0,1,165,6,5,54.55,0,0,0,0,0,0,0,0
ubt,bintrie,5,4,storage_sstore_k10,18,,5640,5919370,1,3.3492,18.4019,5.9593,2.2848,34.309,172.5312,17,283,11,445,12,0,254,0,0,0,4,13,23.53,62,221,21.91,11,0,100,445,0
ubt,bintrie,5,4,storage_sstore_k10,18,,5641,21000,1,0.0599,5.1705,9.6216,0.8107,21.0537,0.9974,6,0,0,0,2,0,0,0,0,0,2,4,33.33,0,0,0,0,0,0,0,0
ubt,bintrie,5,4,storage_sstore_k10,18,,5642,0,0,0.0344,14.5736,0.003,0.1418,14.9499,0,4,0,0,0,0,0,0,0,0,0,0,4,0,0,0,0,0,0,0,0,0
ubt,bintrie,5,4,storage_sstore_k10,19,,5643,0,0,1.3646,5.7089,0.0022,0.2551,7.5764,0,4,0,0,0,0,0,0,0,0,0,0,4,0,0,0,0,0,0,0,0,0
ubt,bintrie,5,4,storage_sstore_k10,19,,5644,0,0,0.0386,18.0999,0.0021,0.1407,18.5186,0,4,0,0,0,0,0,0,0,0,0,0,4,0,0,0,0,0,0,0,0,0
ubt,bintrie,5,4,storage_sstore_k10,19,,5645,86938,2,0.0984,22.5639,3.2014,7.9171,33.9681,2.5594,11,0,0,0,3,0,0,0,1,165,6,5,54.55,0,0,0,0,0,0,0,0
ubt,bintrie,5,4,storage_sstore_k10,19,,5646,5919370,1,3.7004,20.5899,9.64,1.9202,41.9401,141.1386,17,283,11,445,12,0,254,0,0,0,6,11,35.29,70,213,24.73,11,0,100,445,0
ubt,bintrie,5,4,storage_sstore_k10,19,,5647,21000,1,0.0625,16.9973,2.342,1.3253,20.9185,1.0039,6,0,0,0,2,0,0,0,0,0,2,4,33.33,0,0,0,0,0,0,0,0
ubt,bintrie,5,4,storage_sstore_k10,19,,5648,0,0,0.0508,14.3923,0.0127,0.2257,14.875,0,4,0,0,0,0,0,0,0,0,0,0,4,0,0,0,0,0,0,0,0,0
ubt,bintrie,5,4,storage_sstore_k10,1,,5517,0,0,0.0399,6.3063,0.0026,0.2481,6.8355,0,4,0,0,0,0,0,0,0,0,0,0,4,0,0,0,0,0,0,0,0,0
ubt,bintrie,5,4,storage_sstore_k10,1,,5518,0,0,0.0393,21.4817,0.0031,0.1581,21.8966,0,4,0,0,0,0,0,0,0,0,0,0,4,0,0,0,0,0,0,0,0,0
ubt,bintrie,5,4,storage_sstore_k10,1,,5519,0,0,0.0335,3.3048,0.0038,0.1794,9.7277,0,4,0,0,0,0,0,0,0,0,0,0,4,0,0,0,0,0,0,0,0,0
ubt,bintrie,5,4,storage_sstore_k10,1,,5520,86938,2,0.0957,21.7069,3.2632,9.1075,34.352,2.5308,11,0,0,0,3,0,0,0,1,165,7,4,63.64,0,0,0,0,0,0,0,0
ubt,bintrie,5,4,storage_sstore_k10,1,,5521,5919370,1,4.5116,20.7643,17.1496,1.9128,50.5396,117.1233,17,283,11,445,12,0,254,0,0,0,1,16,5.88,25,258,8.83,11,0,100,445,0
ubt,bintrie,5,4,storage_sstore_k10,1,,5522,21000,1,0.2522,21.2747,4.5487,2.1873,28.6693,0.7325,6,0,0,0,2,0,0,0,0,0,0,6,0,0,0,0,0,0,0,0,0
ubt,bintrie,5,4,storage_sstore_k10,1,,5523,0,0,0.0324,2.7668,0.0019,0.1426,3.1165,0,4,0,0,0,0,0,0,0,0,0,0,4,0,0,0,0,0,0,0,0,0
ubt,bintrie,5,4,storage_sstore_k10,20,,5649,0,0,0.0426,6.5863,0.0024,0.1819,7.0374,0,4,0,0,0,0,0,0,0,0,0,0,4,0,0,0,0,0,0,0,0,0
ubt,bintrie,5,4,storage_sstore_k10,20,,5650,0,0,0.0521,5.0825,0.0024,0.2124,5.5343,0,4,0,0,0,0,0,0,0,0,0,0,4,0,0,0,0,0,0,0,0,0
ubt,bintrie,5,4,storage_sstore_k10,20,,5651,0,0,0.0307,3.2154,0.0022,0.1883,3.5815,0,4,0,0,0,0,0,0,0,0,0,0,4,0,0,0,0,0,0,0,0,0
ubt,bintrie,5,4,storage_sstore_k10,20,,5652,86938,2,0.1477,23.3653,8.4517,4.8104,42.3885,2.051,11,0,0,0,3,0,0,0,1,165,5,6,45.45,0,0,0,0,0,0,0,0
ubt,bintrie,5,4,storage_sstore_k10,20,,5653,5919370,1,3.5403,16.5099,9.1884,3.5972,33.0301,179.2115,17,283,11,445,12,0,254,0,0,0,7,10,41.18,127,156,44.88,11,0,100,445,0
ubt,bintrie,5,4,storage_sstore_k10,20,,5654,21000,1,0.0652,5.9396,9.9717,0.4743,16.6234,1.2633,6,0,0,0,2,0,0,0,0,0,2,4,33.33,0,0,0,0,0,0,0,0
ubt,bintrie,5,4,storage_sstore_k10,20,,5655,0,0,0.0464,6.2495,0.0029,0.1424,6.6795,0,4,0,0,0,0,0,0,0,0,0,0,4,0,0,0,0,0,0,0,0,0
ubt,bintrie,5,4,storage_sstore_k10,2,,5524,0,0,0.0721,8.3725,0.0022,0.1837,8.846,0,4,0,0,0,0,0,0,0,0,0,0,4,0,0,0,0,0,0,0,0,0
ubt,bintrie,5,4,storage_sstore_k10,2,,5525,0,0,0.0286,19.2592,0.002,0.1226,19.6229,0,4,0,0,0,0,0,0,0,0,0,0,4,0,0,0,0,0,0,0,0,0
ubt,bintrie,5,4,storage_sstore_k10,2,,5526,0,0,0.03,6.5641,1.0105,0.1575,7.9523,0,4,0,0,0,0,0,0,0,0,0,0,4,0,0,0,0,0,0,0,0,0
ubt,bintrie,5,4,storage_sstore_k10,2,,5527,86938,2,0.0983,16.5957,3.6033,4.6588,25.1267,3.46,11,0,0,0,3,0,0,0,1,165,6,5,54.55,0,0,0,0,0,0,0,0
ubt,bintrie,5,4,storage_sstore_k10,2,,5528,5919370,1,3.3785,22.487,13.5352,2.4934,42.1198,140.5364,17,283,11,445,12,0,254,0,0,0,5,12,29.41,51,232,18.02,11,0,100,445,0
ubt,bintrie,5,4,storage_sstore_k10,2,,5529,21000,1,0.8282,3.5466,12.3242,0.8617,19.1748,1.0952,6,0,0,0,2,0,0,0,0,0,0,6,0,0,0,0,0,0,0,0,0
ubt,bintrie,5,4,storage_sstore_k10,2,,5530,0,0,0.0282,6.6237,0.0021,0.1186,6.9489,0,4,0,0,0,0,0,0,0,0,0,0,4,0,0,0,0,0,0,0,0,0
ubt,bintrie,5,4,storage_sstore_k10,3,,5531,0,0,0.0607,5.0869,0.0029,0.3697,6.0932,0,4,0,0,0,0,0,0,0,0,0,0,4,0,0,0,0,0,0,0,0,0
ubt,bintrie,5,4,storage_sstore_k10,3,,5532,0,0,0.0342,8.8325,0.0018,0.1258,9.148,0,4,0,0,0,0,0,0,0,0,0,0,4,0,0,0,0,0,0,0,0,0
ubt,bintrie,5,4,storage_sstore_k10,3,,5533,0,0,0.0495,6.2522,0.0028,0.1972,6.6391,0,4,0,0,0,0,0,0,0,0,0,0,4,0,0,0,0,0,0,0,0,0
ubt,bintrie,5,4,storage_sstore_k10,3,,5534,86938,2,0.1431,22.4582,3.4903,5.1051,31.4303,2.7661,11,0,0,0,3,0,0,0,1,165,5,6,45.45,0,0,0,0,0,0,0,0
ubt,bintrie,5,4,storage_sstore_k10,3,,5535,5919370,1,3.9182,21.5743,18.6975,3.7546,48.0917,123.085,17,283,11,445,12,0,254,0,0,0,5,12,29.41,95,188,33.57,11,0,100,445,0
ubt,bintrie,5,4,storage_sstore_k10,3,,5536,21000,1,0.1298,7.4563,19.6942,0.5156,28.0436,0.7488,6,0,0,0,2,0,0,0,0,0,0,6,0,0,0,0,0,0,0,0,0
ubt,bintrie,5,4,storage_sstore_k10,3,,5537,0,0,0.0504,19.987,0.0034,0.1684,20.4175,0,4,0,0,0,0,0,0,0,0,0,0,4,0,0,0,0,0,0,0,0,0
ubt,bintrie,5,4,storage_sstore_k10,4,,5538,0,0,0.0583,4.1066,0.0093,0.2435,5.1812,0,4,0,0,0,0,0,0,0,0,0,0,4,0,0,0,0,0,0,0,0,0
ubt,bintrie,5,4,storage_sstore_k10,4,,5539,0,0,0.0301,16.4079,0.0025,0.1471,16.7672,0,4,0,0,0,0,0,0,0,0,0,0,4,0,0,0,0,0,0,0,0,0
ubt,bintrie,5,4,storage_sstore_k10,4,,5540,0,0,0.1154,4.6282,0.0021,0.1283,5.0329,0,4,0,0,0,0,0,0,0,0,0,0,4,0,0,0,0,0,0,0,0,0
ubt,bintrie,5,4,storage_sstore_k10,4,,5541,86938,2,0.1339,17.8154,8.1352,5.9979,32.2767,2.6935,11,0,0,0,3,0,0,0,1,165,5,6,45.45,0,0,0,0,0,0,0,0
ubt,bintrie,5,4,storage_sstore_k10,4,,5542,0,0,0.0435,10.1893,0.009,0.2272,10.6862,0,4,0,0,0,0,0,0,0,0,0,0,4,0,0,0,0,0,0,0,0,0
ubt,bintrie,5,4,storage_sstore_k10,4,,5543,5919370,1,5.5381,23.4121,19.0588,3.3244,51.5578,114.8104,17,283,11,445,12,0,254,0,0,0,9,8,52.94,127,156,44.88,11,0,100,445,0
ubt,bintrie,5,4,storage_sstore_k10,4,,5544,21000,1,0.0948,17.4309,2.4391,0.5459,20.7659,1.0113,6,0,0,0,2,0,0,0,0,0,2,4,33.33,0,0,0,0,0,0,0,0
ubt,bintrie,5,4,storage_sstore_k10,4,,5545,0,0,0.0313,19.7729,0.003,0.1255,20.1163,0,4,0,0,0,0,0,0,0,0,0,0,4,0,0,0,0,0,0,0,0,0
ubt,bintrie,5,4,storage_sstore_k10,5,,5546,0,0,4.1189,8.7325,0.0028,0.22,13.3175,0,4,0,0,0,0,0,0,0,0,0,0,4,0,0,0,0,0,0,0,0,0
ubt,bintrie,5,4,storage_sstore_k10,5,,5547,0,0,0.0378,19.7231,0.0023,0.1831,20.1355,0,4,0,0,0,0,0,0,0,0,0,0,4,0,0,0,0,0,0,0,0,0
ubt,bintrie,5,4,storage_sstore_k10,5,,5548,0,0,0.0308,5.9441,0.0027,0.2207,6.3424,0,4,0,0,0,0,0,0,0,0,0,0,4,0,0,0,0,0,0,0,0,0
ubt,bintrie,5,4,storage_sstore_k10,5,,5549,86938,2,0.1813,18.0407,3.4165,5.8241,27.7688,3.1308,11,0,0,0,3,0,0,0,1,165,4,7,36.36,0,0,0,0,0,0,0,0
ubt,bintrie,5,4,storage_sstore_k10,5,,5550,5919370,1,4.9642,20.2876,17.2045,4.2506,46.8872,126.2471,17,283,11,445,12,0,254,0,0,0,8,9,47.06,101,182,35.69,11,0,100,445,0
ubt,bintrie,5,4,storage_sstore_k10,5,,5551,21000,1,0.0845,9.6357,5.1239,0.4966,15.5652,1.3492,6,0,0,0,2,0,0,0,0,0,2,4,33.33,0,0,0,0,0,0,0,0
ubt,bintrie,5,4,storage_sstore_k10,5,,5552,0,0,0.0296,10.8597,0.002,0.1219,11.1879,0,4,0,0,0,0,0,0,0,0,0,0,4,0,0,0,0,0,0,0,0,0
ubt,bintrie,5,4,storage_sstore_k10,6,,5553,0,0,0.0408,6.213,0.0033,0.3077,7.6719,0,4,0,0,0,0,0,0,0,0,0,0,4,0,0,0,0,0,0,0,0,0
ubt,bintrie,5,4,storage_sstore_k10,6,,5554,0,0,0.0342,17.3959,0.0023,0.106,17.7624,0,4,0,0,0,0,0,0,0,0,0,0,4,0,0,0,0,0,0,0,0,0
ubt,bintrie,5,4,storage_sstore_k10,6,,5555,0,0,0.034,11.8348,0.0023,0.126,12.2186,0,4,0,0,0,0,0,0,0,0,0,0,4,0,0,0,0,0,0,0,0,0
ubt,bintrie,5,4,storage_sstore_k10,6,,5556,86938,2,0.1664,17.2571,11.1372,4.5448,34.9265,2.4892,11,0,0,0,3,0,0,0,1,165,6,5,54.55,0,0,0,0,0,0,0,0
ubt,bintrie,5,4,storage_sstore_k10,6,,5557,5919370,1,11.4731,13.3185,6.9821,7.22,42.9613,137.7839,17,283,11,445,12,0,254,0,0,0,9,8,52.94,126,157,44.52,11,0,100,445,0
ubt,bintrie,5,4,storage_sstore_k10,6,,5558,21000,1,0.0818,13.5114,11.6468,0.5295,25.9549,0.8091,6,0,0,0,2,0,0,0,0,0,2,4,33.33,0,0,0,0,0,0,0,0
ubt,bintrie,5,4,storage_sstore_k10,6,,5559,0,0,0.0745,15.6954,0.0097,0.1459,16.1385,0,4,0,0,0,0,0,0,0,0,0,0,4,0,0,0,0,0,0,0,0,0
ubt,bintrie,5,4,storage_sstore_k10,7,,5560,0,0,0.0378,5.9745,0.0027,0.3274,6.633,0,4,0,0,0,0,0,0,0,0,0,0,4,0,0,0,0,0,0,0,0,0
ubt,bintrie,5,4,storage_sstore_k10,7,,5561,0,0,0.0333,20.3388,0.0023,0.1154,20.6372,0,4,0,0,0,0,0,0,0,0,0,0,4,0,0,0,0,0,0,0,0,0
ubt,bintrie,5,4,storage_sstore_k10,7,,5562,0,0,0.1201,5.9544,0.0021,0.1986,9.1063,0,4,0,0,0,0,0,0,0,0,0,0,4,0,0,0,0,0,0,0,0,0
ubt,bintrie,5,4,storage_sstore_k10,7,,5563,86938,2,0.1273,25.9606,7.786,4.6294,47.7451,1.8209,11,0,0,0,3,0,0,0,1,165,6,5,54.55,0,0,0,0,0,0,0,0
ubt,bintrie,5,4,storage_sstore_k10,7,,5564,5919370,1,8.5676,15.1837,8.6689,2.0829,41.6687,142.0581,17,283,11,445,12,0,254,0,0,0,5,12,29.41,71,212,25.09,11,0,100,445,0
ubt,bintrie,5,4,storage_sstore_k10,7,,5565,21000,1,0.0801,8.4663,7.4925,0.5261,18.279,1.1489,6,0,0,0,2,0,0,0,0,0,2,4,33.33,0,0,0,0,0,0,0,0
ubt,bintrie,5,4,storage_sstore_k10,7,,5566,0,0,0.0275,12.1665,0.0024,0.1374,12.5112,0,4,0,0,0,0,0,0,0,0,0,0,4,0,0,0,0,0,0,0,0,0
ubt,bintrie,5,4,storage_sstore_k10,8,,5567,0,0,0.6616,8.2749,0.0059,0.2389,9.4281,0,4,0,0,0,0,0,0,0,0,0,0,4,0,0,0,0,0,0,0,0,0
ubt,bintrie,5,4,storage_sstore_k10,8,,5568,0,0,0.042,3.8741,0.002,0.3171,4.4814,0,4,0,0,0,0,0,0,0,0,0,0,4,0,0,0,0,0,0,0,0,0
ubt,bintrie,5,4,storage_sstore_k10,8,,5569,0,0,0.0445,19.7929,0.0026,0.1124,20.1668,0,4,0,0,0,0,0,0,0,0,0,0,4,0,0,0,0,0,0,0,0,0
ubt,bintrie,5,4,storage_sstore_k10,8,,5570,86938,2,0.2696,18.5223,5.6113,4.9331,35.5784,2.4436,11,0,0,0,3,0,0,0,1,165,6,5,54.55,0,0,0,0,0,0,0,0
ubt,bintrie,5,4,storage_sstore_k10,8,,5571,5919370,1,7.2485,19.1075,15.6489,2.9403,45.2532,130.8054,17,283,11,445,12,0,254,0,0,0,10,7,58.82,133,150,47.0,11,0,100,445,0
ubt,bintrie,5,4,storage_sstore_k10,8,,5572,21000,1,0.2504,4.6192,14.0544,0.4907,19.6835,1.0669,6,0,0,0,2,0,0,0,0,0,2,4,33.33,0,0,0,0,0,0,0,0
ubt,bintrie,5,4,storage_sstore_k10,8,,5573,0,0,0.0292,4.3087,0.0023,0.0955,4.6049,0,4,0,0,0,0,0,0,0,0,0,0,4,0,0,0,0,0,0,0,0,0
ubt,bintrie,5,4,storage_sstore_k10,9,,5574,0,0,0.321,8.0861,0.0023,0.2486,8.9118,0,4,0,0,0,0,0,0,0,0,0,0,4,0,0,0,0,0,0,0,0,0
ubt,bintrie,5,4,storage_sstore_k10,9,,5575,0,0,0.0416,18.388,0.0021,0.1259,18.7305,0,4,0,0,0,0,0,0,0,0,0,0,4,0,0,0,0,0,0,0,0,0
ubt,bintrie,5,4,storage_sstore_k10,9,,5576,0,0,0.0298,3.4473,0.0036,0.1764,5.9365,0,4,0,0,0,0,0,0,0,0,0,0,4,0,0,0,0,0,0,0,0,0
ubt,bintrie,5,4,storage_sstore_k10,9,,5577,86938,2,0.0969,19.3396,3.8935,5.1646,28.6854,3.0307,11,0,0,0,3,0,0,0,1,165,6,5,54.55,0,0,0,0,0,0,0,0
ubt,bintrie,5,4,storage_sstore_k10,9,,5578,5919370,1,3.8148,27.4064,7.4199,2.2913,44.2543,133.7582,17,283,11,445,12,0,254,0,0,0,9,8,52.94,119,164,42.05,11,0,100,445,0
ubt,bintrie,5,4,storage_sstore_k10,9,,5579,21000,1,0.064,11.7095,2.7516,1.0041,17.9404,1.1705,6,0,0,0,2,0,0,0,0,0,2,4,33.33,0,0,0,0,0,0,0,0
ubt,bintrie,5,4,storage_sstore_k100,10,,5710,0,0,0.0393,3.3605,0.0026,0.2537,4.8357,0,4,0,0,0,0,0,0,0,0,0,0,4,0,0,0,0,0,0,0,0,0
ubt,bintrie,5,4,storage_sstore_k100,10,,5711,0,0,0.0363,3.6022,0.0027,4.2696,9.7381,0,4,0,0,0,0,0,0,0,0,0,0,4,0,0,0,0,0,0,0,0,0
ubt,bintrie,5,4,storage_sstore_k100,10,,5712,0,0,0.0475,19.1516,0.0021,0.1095,19.615,0,4,0,0,0,0,0,0,0,0,0,0,4,0,0,0,0,0,0,0,0,0
ubt,bintrie,5,4,storage_sstore_k100,10,,5713,86938,2,0.1515,16.4848,19.4367,4.9558,41.204,2.1099,11,0,0,0,3,0,0,0,1,165,5,6,45.45,0,0,0,0,0,0,0,0
ubt,bintrie,5,4,storage_sstore_k100,10,,5714,5910176,1,7.8008,27.2959,32.4215,8.732,79.4539,74.385,100,241,94,2769,94,0,238,0,0,0,25,75,25,56,185,23.24,94,0,100,2769,0
ubt,bintrie,5,4,storage_sstore_k100,10,,5715,21000,1,0.0883,8.9082,7.1338,0.6217,22.6467,0.9273,6,0,0,0,2,0,0,0,0,0,2,4,33.33,0,0,0,0,0,0,0,0
ubt,bintrie,5,4,storage_sstore_k100,11,,5716,0,0,0.0531,3.3266,0.003,0.2083,3.813,0,4,0,0,0,0,0,0,0,0,0,0,4,0,0,0,0,0,0,0,0,0
ubt,bintrie,5,4,storage_sstore_k100,11,,5717,0,0,0.0372,25.3707,0.0023,0.2471,25.8231,0,4,0,0,0,0,0,0,0,0,0,0,4,0,0,0,0,0,0,0,0,0
ubt,bintrie,5,4,storage_sstore_k100,11,,5718,0,0,0.0277,3.1257,0.0167,0.8018,4.1205,0,4,0,0,0,0,0,0,0,0,0,0,4,0,0,0,0,0,0,0,0,0
ubt,bintrie,5,4,storage_sstore_k100,11,,5719,86938,2,0.122,16.6508,2.6076,5.3458,24.9481,3.4848,11,0,0,0,3,0,0,0,1,165,5,6,45.45,0,0,0,0,0,0,0,0
ubt,bintrie,5,4,storage_sstore_k100,11,,5720,5910176,1,3.7611,13.5768,30.9851,9.2329,69.1121,85.5158,100,241,94,2769,94,0,238,0,0,0,64,36,64,122,119,50.62,94,0,100,2769,0
ubt,bintrie,5,4,storage_sstore_k100,11,,5721,21000,1,0.2044,12.7205,14.9076,0.5659,28.6499,0.733,6,0,0,0,2,0,0,0,0,0,2,4,33.33,0,0,0,0,0,0,0,0
ubt,bintrie,5,4,storage_sstore_k100,12,,5722,0,0,0.0487,3.572,0.0025,0.2713,4.1197,0,4,0,0,0,0,0,0,0,0,0,0,4,0,0,0,0,0,0,0,0,0
ubt,bintrie,5,4,storage_sstore_k100,12,,5723,0,0,0.033,20.2171,0.0027,0.1293,20.5819,0,4,0,0,0,0,0,0,0,0,0,0,4,0,0,0,0,0,0,0,0,0
ubt,bintrie,5,4,storage_sstore_k100,12,,5724,0,0,0.0422,8.6959,0.0029,0.1265,9.2268,0,4,0,0,0,0,0,0,0,0,0,0,4,0,0,0,0,0,0,0,0,0
ubt,bintrie,5,4,storage_sstore_k100,12,,5725,86938,2,0.1321,21.3794,2.6256,4.6277,28.9547,3.0026,11,0,0,0,3,0,0,0,1,165,5,6,45.45,0,0,0,0,0,0,0,0
ubt,bintrie,5,4,storage_sstore_k100,12,,5726,5910176,1,3.4923,30.159,24.2,6.4528,64.8291,91.1655,100,241,94,2769,94,0,238,0,0,0,46,54,46,99,142,41.08,94,0,100,2769,0
ubt,bintrie,5,4,storage_sstore_k100,12,,5727,21000,1,0.0646,13.3564,7.9633,0.5197,22.0982,0.9503,6,0,0,0,2,0,0,0,0,0,2,4,33.33,0,0,0,0,0,0,0,0
ubt,bintrie,5,4,storage_sstore_k100,13,,5728,0,0,0.0539,3.9171,0.0034,0.2595,4.4328,0,4,0,0,0,0,0,0,0,0,0,0,4,0,0,0,0,0,0,0,0,0
ubt,bintrie,5,4,storage_sstore_k100,13,,5729,0,0,0.0559,18.9071,0.0025,0.1503,19.2879,0,4,0,0,0,0,0,0,0,0,0,0,4,0,0,0,0,0,0,0,0,0
ubt,bintrie,5,4,storage_sstore_k100,13,,5730,0,0,0.0437,3.714,0.0028,0.7982,5.2494,0,4,0,0,0,0,0,0,0,0,0,0,4,0,0,0,0,0,0,0,0,0
ubt,bintrie,5,4,storage_sstore_k100,13,,5731,86938,2,0.1136,15.1965,18.4576,5.1264,40.0034,2.1733,11,0,0,0,3,0,0,0,1,165,6,5,54.55,0,0,0,0,0,0,0,0
ubt,bintrie,5,4,storage_sstore_k100,13,,5732,5910176,1,5.1165,20.7309,30.1487,6.55,64.3286,91.8748,100,241,94,2769,94,0,238,0,0,0,60,40,60,123,118,51.04,94,0,100,2769,0
ubt,bintrie,5,4,storage_sstore_k100,13,,5733,21000,1,0.0756,16.314,4.1701,0.4826,23.021,0.9122,6,0,0,0,2,0,0,0,0,0,2,4,33.33,0,0,0,0,0,0,0,0
ubt,bintrie,5,4,storage_sstore_k100,14,,5734,0,0,0.0473,3.6295,0.0027,0.1816,8.4813,0,4,0,0,0,0,0,0,0,0,0,0,4,0,0,0,0,0,0,0,0,0
ubt,bintrie,5,4,storage_sstore_k100,14,,5735,0,0,0.0345,20.453,0.0029,0.1431,20.8129,0,4,0,0,0,0,0,0,0,0,0,0,4,0,0,0,0,0,0,0,0,0
ubt,bintrie,5,4,storage_sstore_k100,14,,5736,86938,2,0.1268,17.5544,4.3401,7.1074,29.3912,2.958,11,0,0,0,3,0,0,0,1,165,5,6,45.45,0,0,0,0,0,0,0,0
ubt,bintrie,5,4,storage_sstore_k100,14,,5737,5910176,1,4.1486,27.6781,29.0505,6.3752,68.7426,85.9755,100,241,94,2769,94,0,238,0,0,0,39,61,39,90,151,37.34,94,0,100,2769,0
ubt,bintrie,5,4,storage_sstore_k100,14,,5738,21000,1,0.0782,11.3416,14.995,0.5539,27.2022,0.772,6,0,0,0,2,0,0,0,0,0,2,4,33.33,0,0,0,0,0,0,0,0
ubt,bintrie,5,4,storage_sstore_k100,15,,5739,0,0,0.0588,3.6294,0.0026,2.0993,8.5378,0,4,0,0,0,0,0,0,0,0,0,0,4,0,0,0,0,0,0,0,0,0
ubt,bintrie,5,4,storage_sstore_k100,15,,5740,0,0,0.0614,14.4298,0.0033,2.586,17.3215,0,4,0,0,0,0,0,0,0,0,0,0,4,0,0,0,0,0,0,0,0,0
ubt,bintrie,5,4,storage_sstore_k100,15,,5741,86938,2,0.1704,16.6025,2.599,9.8219,29.4049,2.9566,11,0,0,0,3,0,0,0,1,165,4,7,36.36,0,0,0,0,0,0,0,0
ubt,bintrie,5,4,storage_sstore_k100,15,,5742,5910176,1,3.5214,30.3997,29.2027,7.899,73.7406,80.1482,100,241,94,2769,94,0,238,0,0,0,47,53,47,81,160,33.61,94,0,100,2769,0
ubt,bintrie,5,4,storage_sstore_k100,15,,5743,21000,1,0.0679,12.226,5.7695,0.582,20.8302,1.0082,6,0,0,0,2,0,0,0,0,0,2,4,33.33,0,0,0,0,0,0,0,0
ubt,bintrie,5,4,storage_sstore_k100,16,,5744,0,0,0.0525,4.6105,0.002,1.2021,7.978,0,4,0,0,0,0,0,0,0,0,0,0,4,0,0,0,0,0,0,0,0,0
ubt,bintrie,5,4,storage_sstore_k100,16,,5745,0,0,0.0398,22.5389,0.0023,0.1434,22.8744,0,4,0,0,0,0,0,0,0,0,0,0,4,0,0,0,0,0,0,0,0,0
ubt,bintrie,5,4,storage_sstore_k100,16,,5746,86938,2,0.1399,26.727,4.7299,6.419,38.2302,2.2741,11,0,0,0,3,0,0,0,1,165,6,5,54.55,0,0,0,0,0,0,0,0
ubt,bintrie,5,4,storage_sstore_k100,16,,5747,5910176,1,4.1997,32.0698,39.1177,7.845,83.3983,70.8669,100,241,94,2769,94,0,238,0,0,0,31,69,31,77,164,31.95,94,0,100,2769,0
ubt,bintrie,5,4,storage_sstore_k100,16,,5748,21000,1,0.0724,15.578,4.5007,0.5985,20.9499,1.0024,6,0,0,0,2,0,0,0,0,0,2,4,33.33,0,0,0,0,0,0,0,0
ubt,bintrie,5,4,storage_sstore_k100,17,,5749,0,0,0.0515,3.9562,0.0026,3.1888,9.0543,0,4,0,0,0,0,0,0,0,0,0,0,4,0,0,0,0,0,0,0,0,0
ubt,bintrie,5,4,storage_sstore_k100,17,,5750,0,0,0.0364,16.7275,0.0021,0.1266,17.093,0,4,0,0,0,0,0,0,0,0,0,0,4,0,0,0,0,0,0,0,0,0
ubt,bintrie,5,4,storage_sstore_k100,17,,5751,0,0,0.081,6.53,0.0027,0.1721,6.9619,0,4,0,0,0,0,0,0,0,0,0,0,4,0,0,0,0,0,0,0,0,0
ubt,bintrie,5,4,storage_sstore_k100,17,,5752,86938,2,0.1599,29.2895,4.9102,4.6457,39.1764,2.2191,11,0,0,0,3,0,0,0,1,165,6,5,54.55,0,0,0,0,0,0,0,0
ubt,bintrie,5,4,storage_sstore_k100,17,,5753,0,0,0.0229,15.0349,0.0071,0.2526,23.8516,0,4,0,0,0,0,0,0,0,0,0,0,4,0,0,0,0,0,0,0,0,0
ubt,bintrie,5,4,storage_sstore_k100,17,,5754,5910176,1,4.0573,26.6005,29.7404,10.1777,70.8017,83.475,100,241,94,2769,94,0,238,0,0,0,12,88,12,19,222,7.88,94,0,100,2769,0
ubt,bintrie,5,4,storage_sstore_k100,17,,5755,21000,1,0.0894,12.4732,1.1278,0.5062,19.1034,1.0993,6,0,0,0,2,0,0,0,0,0,2,4,33.33,0,0,0,0,0,0,0,0
ubt,bintrie,5,4,storage_sstore_k100,18,,5756,0,0,0.0559,4.5503,0.0108,1.8729,8.0825,0,4,0,0,0,0,0,0,0,0,0,0,4,0,0,0,0,0,0,0,0,0
ubt,bintrie,5,4,storage_sstore_k100,18,,5757,0,0,0.0522,4.3281,0.0018,1.4079,5.9517,0,4,0,0,0,0,0,0,0,0,0,0,4,0,0,0,0,0,0,0,0,0
ubt,bintrie,5,4,storage_sstore_k100,18,,5758,0,0,0.0465,3.4571,0.0095,0.1559,3.8446,0,4,0,0,0,0,0,0,0,0,0,0,4,0,0,0,0,0,0,0,0,0
ubt,bintrie,5,4,storage_sstore_k100,18,,5759,86938,2,0.1327,14.9982,9.4826,5.651,30.5004,2.8504,11,0,0,0,3,0,0,0,1,165,5,6,45.45,0,0,0,0,0,0,0,0
ubt,bintrie,5,4,storage_sstore_k100,18,,5760,5910176,1,4.86,28.5334,28.6587,6.5017,68.9147,85.7608,100,241,94,2769,94,0,238,0,0,0,14,86,14.0,22,219,9.13,94,0,100,2769,0
ubt,bintrie,5,4,storage_sstore_k100,18,,5761,21000,1,0.0667,11.8569,4.0874,0.5253,16.7066,1.257,6,0,0,0,2,0,0,0,0,0,2,4,33.33,0,0,0,0,0,0,0,0
ubt,bintrie,5,4,storage_sstore_k100,19,,5762,0,0,0.0515,9.2852,0.0028,0.2726,9.8326,0,4,0,0,0,0,0,0,0,0,0,0,4,0,0,0,0,0,0,0,0,0
ubt,bintrie,5,4,storage_sstore_k100,19,,5763,0,0,0.0369,5.9081,0.0025,0.1335,6.2764,0,4,0,0,0,0,0,0,0,0,0,0,4,0,0,0,0,0,0,0,0,0
ubt,bintrie,5,4,storage_sstore_k100,19,,5764,86938,2,0.2324,17.4287,11.8101,4.7601,35.2948,2.4632,11,0,0,0,3,0,0,0,1,165,5,6,45.45,0,0,0,0,0,0,0,0
ubt,bintrie,5,4,storage_sstore_k100,19,,5765,5910176,1,4.314,32.4257,30.0107,7.1777,76.2196,77.5415,100,241,94,2769,94,0,238,0,0,0,28,72,28.0,57,184,23.65,94,0,100,2769,0
ubt,bintrie,5,4,storage_sstore_k100,19,,5766,21000,1,0.0878,8.6026,11.5209,0.6036,26.2075,0.8013,6,0,0,0,2,0,0,0,0,0,2,4,33.33,0,0,0,0,0,0,0,0
ubt,bintrie,5,4,storage_sstore_k100,1,,5656,0,0,0.0784,6.6763,0.0027,0.1856,7.2355,0,4,0,0,0,0,0,0,0,0,0,0,4,0,0,0,0,0,0,0,0,0
ubt,bintrie,5,4,storage_sstore_k100,1,,5657,0,0,0.0432,16.3518,0.0027,0.1919,16.7595,0,4,0,0,0,0,0,0,0,0,0,0,4,0,0,0,0,0,0,0,0,0
ubt,bintrie,5,4,storage_sstore_k100,1,,5658,0,0,1.2913,6.0889,0.0034,0.194,7.7748,0,4,0,0,0,0,0,0,0,0,0,0,4,0,0,0,0,0,0,0,0,0
ubt,bintrie,5,4,storage_sstore_k100,1,,5659,86938,2,0.0839,21.616,2.4868,4.5309,28.8918,3.0091,11,0,0,0,3,0,0,0,1,165,5,6,45.45,0,0,0,0,0,0,0,0
ubt,bintrie,5,4,storage_sstore_k100,1,,5660,5910176,1,8.2774,18.8914,26.6819,6.5614,67.0075,88.2017,100,241,94,2769,94,0,238,0,0,0,32,68,32,80,161,33.2,94,0,100,2769,0
ubt,bintrie,5,4,storage_sstore_k100,1,,5661,21000,1,0.0746,10.3266,7.4193,0.6972,18.7066,1.1226,6,0,0,0,2,0,0,0,0,0,2,4,33.33,0,0,0,0,0,0,0,0
ubt,bintrie,5,4,storage_sstore_k100,20,,5767,0,0,0.0424,3.7696,0.0022,2.8476,6.8864,0,4,0,0,0,0,0,0,0,0,0,0,4,0,0,0,0,0,0,0,0,0
ubt,bintrie,5,4,storage_sstore_k100,20,,5768,0,0,0.0388,17.6909,0.0025,0.1379,19.1515,0,4,0,0,0,0,0,0,0,0,0,0,4,0,0,0,0,0,0,0,0,0
ubt,bintrie,5,4,storage_sstore_k100,20,,5769,86938,2,0.1258,8.9691,6.3549,5.2444,25.8557,3.3624,11,0,0,0,3,0,0,0,1,165,5,6,45.45,0,0,0,0,0,0,0,0
ubt,bintrie,5,4,storage_sstore_k100,20,,5770,5910176,1,4.1391,29.6607,30.0651,6.379,72.7568,81.232,100,241,94,2769,94,0,238,0,0,0,46,54,46,88,153,36.51,94,0,100,2769,0
ubt,bintrie,5,4,storage_sstore_k100,20,,5771,21000,1,0.0695,10.5354,2.1894,0.4809,13.5008,1.5555,6,0,0,0,2,0,0,0,0,0,2,4,33.33,0,0,0,0,0,0,0,0
ubt,bintrie,5,4,storage_sstore_k100,2,,5662,0,0,0.0459,4.3602,0.0022,0.2099,4.823,0,4,0,0,0,0,0,0,0,0,0,0,4,0,0,0,0,0,0,0,0,0
ubt,bintrie,5,4,storage_sstore_k100,2,,5663,0,0,0.1872,3.0747,0.0023,0.2251,4.8594,0,4,0,0,0,0,0,0,0,0,0,0,4,0,0,0,0,0,0,0,0,0
ubt,bintrie,5,4,storage_sstore_k100,2,,5664,0,0,0.0352,20.5788,0.003,0.3217,21.1399,0,4,0,0,0,0,0,0,0,0,0,0,4,0,0,0,0,0,0,0,0,0
ubt,bintrie,5,4,storage_sstore_k100,2,,5665,86938,2,0.0969,16.8448,4.4537,5.7747,27.3721,3.1762,11,0,0,0,3,0,0,0,1,165,6,5,54.55,0,0,0,0,0,0,0,0
ubt,bintrie,5,4,storage_sstore_k100,2,,5666,5910176,1,4.3456,28.6568,24.298,6.89,72.5186,81.4988,100,241,94,2769,94,0,238,0,0,0,35,65,35,50,191,20.75,94,0,100,2769,0
ubt,bintrie,5,4,storage_sstore_k100,2,,5667,21000,1,0.2298,3.0796,23.878,0.7356,28.1942,0.7448,6,0,0,0,2,0,0,0,0,0,0,6,0,0,0,0,0,0,0,0,0
ubt,bintrie,5,4,storage_sstore_k100,3,,5668,0,0,0.0516,8.7243,0.0025,0.23,9.2549,0,4,0,0,0,0,0,0,0,0,0,0,4,0,0,0,0,0,0,0,0,0
ubt,bintrie,5,4,storage_sstore_k100,3,,5669,0,0,0.039,21.6478,0.0025,0.1162,21.9831,0,4,0,0,0,0,0,0,0,0,0,0,4,0,0,0,0,0,0,0,0,0
ubt,bintrie,5,4,storage_sstore_k100,3,,5670,0,0,0.0458,26.5295,0.0021,0.0903,27.4701,0,4,0,0,0,0,0,0,0,0,0,0,4,0,0,0,0,0,0,0,0,0
ubt,bintrie,5,4,storage_sstore_k100,3,,5671,86938,2,0.1043,24.6133,5.2374,12.2057,42.4455,2.0482,11,0,0,0,3,0,0,0,1,165,7,4,63.64,0,0,0,0,0,0,0,0
ubt,bintrie,5,4,storage_sstore_k100,3,,5672,5910176,1,3.3536,31.985,29.2056,10.8089,81.7378,72.3066,100,241,94,2769,94,0,238,0,0,0,51,49,51,114,127,47.3,94,0,100,2769,0
ubt,bintrie,5,4,storage_sstore_k100,3,,5673,21000,1,0.0766,12.0071,3.4069,0.482,17.7921,1.1803,6,0,0,0,2,0,0,0,0,0,2,4,33.33,0,0,0,0,0,0,0,0
ubt,bintrie,5,4,storage_sstore_k100,4,,5674,0,0,0.1484,4.2482,0.0021,0.3484,5.51,0,4,0,0,0,0,0,0,0,0,0,0,4,0,0,0,0,0,0,0,0,0
ubt,bintrie,5,4,storage_sstore_k100,4,,5675,0,0,0.0407,22.2195,0.0029,0.1347,22.6332,0,4,0,0,0,0,0,0,0,0,0,0,4,0,0,0,0,0,0,0,0,0
ubt,bintrie,5,4,storage_sstore_k100,4,,5676,0,0,0.0604,10.6625,0.0029,0.1594,11.0645,0,4,0,0,0,0,0,0,0,0,0,0,4,0,0,0,0,0,0,0,0,0
ubt,bintrie,5,4,storage_sstore_k100,4,,5677,86938,2,0.3007,15.2731,17.2137,5.5782,40.7197,2.135,11,0,0,0,3,0,0,0,1,165,4,7,36.36,0,0,0,0,0,0,0,0
ubt,bintrie,5,4,storage_sstore_k100,4,,5678,5910176,1,4.0013,28.2274,31.1383,7.8149,75.6176,78.1587,100,241,94,2769,94,0,238,0,0,0,54,46,54,82,159,34.02,94,0,100,2769,0
ubt,bintrie,5,4,storage_sstore_k100,4,,5679,21000,1,0.0725,12.2417,4.4265,0.4682,17.4035,1.2067,6,0,0,0,2,0,0,0,0,0,2,4,33.33,0,0,0,0,0,0,0,0
ubt,bintrie,5,4,storage_sstore_k100,5,,5680,0,0,0.0491,3.7572,0.0022,0.6336,4.7622,0,4,0,0,0,0,0,0,0,0,0,0,4,0,0,0,0,0,0,0,0,0
ubt,bintrie,5,4,storage_sstore_k100,5,,5681,0,0,0.0418,26.3183,0.003,0.1467,26.788,0,4,0,0,0,0,0,0,0,0,0,0,4,0,0,0,0,0,0,0,0,0
ubt,bintrie,5,4,storage_sstore_k100,5,,5682,0,0,0.0451,10.7264,0.0039,0.1803,11.2036,0,4,0,0,0,0,0,0,0,0,0,0,4,0,0,0,0,0,0,0,0,0
ubt,bintrie,5,4,storage_sstore_k100,5,,5683,86938,2,0.3124,23.3337,21.4276,4.9287,52.9623,1.6415,11,0,0,0,3,0,0,0,1,165,4,7,36.36,0,0,0,0,0,0,0,0
ubt,bintrie,5,4,storage_sstore_k100,5,,5684,5910176,1,3.701,26.7335,44.4965,6.8352,85.1385,69.4184,100,241,94,2769,94,0,238,0,0,0,24,76,24,45,196,18.67,94,0,100,2769,0
ubt,bintrie,5,4,storage_sstore_k100,5,,5685,21000,1,0.0829,21.3948,3.1017,0.5763,25.417,0.8262,6,0,0,0,2,0,0,0,0,0,2,4,33.33,0,0,0,0,0,0,0,0
ubt,bintrie,5,4,storage_sstore_k100,6,,5686,0,0,0.0639,5.4774,0.0026,0.2163,5.9392,0,4,0,0,0,0,0,0,0,0,0,0,4,0,0,0,0,0,0,0,0,0
ubt,bintrie,5,4,storage_sstore_k100,6,,5687,0,0,0.0448,19.3313,0.0018,0.1423,19.7242,0,4,0,0,0,0,0,0,0,0,0,0,4,0,0,0,0,0,0,0,0,0
ubt,bintrie,5,4,storage_sstore_k100,6,,5688,0,0,0.05,8.4314,0.0155,0.167,10.0496,0,4,0,0,0,0,0,0,0,0,0,0,4,0,0,0,0,0,0,0,0,0
ubt,bintrie,5,4,storage_sstore_k100,6,,5689,86938,2,0.1348,23.3414,9.4354,5.5459,38.6342,2.2503,11,0,0,0,3,0,0,0,1,165,5,6,45.45,0,0,0,0,0,0,0,0
ubt,bintrie,5,4,storage_sstore_k100,6,,5690,5910176,1,4.0366,23.7287,26.7036,16.5428,79.3608,74.4722,100,241,94,2769,94,0,238,0,0,0,62,38,62,123,118,51.04,94,0,100,2769,0
ubt,bintrie,5,4,storage_sstore_k100,6,,5691,21000,1,0.1607,8.0025,4.9854,5.4122,18.7891,1.1177,6,0,0,0,2,0,0,0,0,0,0,6,0,0,0,0,0,0,0,0,0
ubt,bintrie,5,4,storage_sstore_k100,7,,5692,0,0,0.056,6.062,0.009,0.4762,7.5929,0,4,0,0,0,0,0,0,0,0,0,0,4,0,0,0,0,0,0,0,0,0
ubt,bintrie,5,4,storage_sstore_k100,7,,5693,0,0,0.035,7.8441,0.0084,0.1444,8.183,0,4,0,0,0,0,0,0,0,0,0,0,4,0,0,0,0,0,0,0,0,0
ubt,bintrie,5,4,storage_sstore_k100,7,,5694,0,0,0.0282,17.1924,0.0018,0.1208,17.4996,0,4,0,0,0,0,0,0,0,0,0,0,4,0,0,0,0,0,0,0,0,0
ubt,bintrie,5,4,storage_sstore_k100,7,,5695,86938,2,0.1246,20.5105,3.4378,6.7837,31.0211,2.8025,11,0,0,0,3,0,0,0,1,165,5,6,45.45,0,0,0,0,0,0,0,0
ubt,bintrie,5,4,storage_sstore_k100,7,,5696,5910176,1,3.5374,23.9337,41.4763,6.7866,75.9851,77.7807,100,241,94,2769,94,0,238,0,0,0,12,88,12,21,220,8.71,94,0,100,2769,0
ubt,bintrie,5,4,storage_sstore_k100,7,,5697,21000,1,0.0853,13.8232,2.4301,0.6446,17.2194,1.2196,6,0,0,0,2,0,0,0,0,0,2,4,33.33,0,0,0,0,0,0,0,0
ubt,bintrie,5,4,storage_sstore_k100,8,,5698,0,0,0.0457,3.2646,0.0026,0.2555,4.0602,0,4,0,0,0,0,0,0,0,0,0,0,4,0,0,0,0,0,0,0,0,0
ubt,bintrie,5,4,storage_sstore_k100,8,,5699,0,0,0.0318,3.3785,0.0037,0.1858,8.4119,0,4,0,0,0,0,0,0,0,0,0,0,4,0,0,0,0,0,0,0,0,0
ubt,bintrie,5,4,storage_sstore_k100,8,,5700,0,0,0.0321,12.4958,0.0032,0.1713,12.9821,0,4,0,0,0,0,0,0,0,0,0,0,4,0,0,0,0,0,0,0,0,0
ubt,bintrie,5,4,storage_sstore_k100,8,,5701,86938,2,0.1173,21.9965,7.7527,6.3511,36.9442,2.3532,11,0,0,0,3,0,0,0,1,165,6,5,54.55,0,0,0,0,0,0,0,0
ubt,bintrie,5,4,storage_sstore_k100,8,,5702,5910176,1,4.6798,29.4521,30.0084,7.2789,72.8467,81.1317,100,241,94,2769,94,0,238,0,0,0,38,62,38,89,152,36.93,94,0,100,2769,0
ubt,bintrie,5,4,storage_sstore_k100,8,,5703,21000,1,0.076,14.2926,9.9472,0.7092,29.8505,0.7035,6,0,0,0,2,0,0,0,0,0,2,4,33.33,0,0,0,0,0,0,0,0
ubt,bintrie,5,4,storage_sstore_k100,9,,5704,0,0,0.0407,4.7123,0.0024,0.3363,5.2787,0,4,0,0,0,0,0,0,0,0,0,0,4,0,0,0,0,0,0,0,0,0
ubt,bintrie,5,4,storage_sstore_k100,9,,5705,0,0,0.0423,19.7376,0.0021,0.1228,20.1701,0,4,0,0,0,0,0,0,0,0,0,0,4,0,0,0,0,0,0,0,0,0
ubt,bintrie,5,4,storage_sstore_k100,9,,5706,0,0,0.0334,4.7773,0.0022,0.1349,5.1221,0,4,0,0,0,0,0,0,0,0,0,0,4,0,0,0,0,0,0,0,0,0
ubt,bintrie,5,4,storage_sstore_k100,9,,5707,86938,2,0.1473,28.3492,2.8105,6.2918,37.8633,2.2961,11,0,0,0,3,0,0,0,1,165,7,4,63.64,0,0,0,0,0,0,0,0
ubt,bintrie,5,4,storage_sstore_k100,9,,5708,5910176,1,5.0708,29.0723,29.3964,6.4817,71.294,82.8987,100,241,94,2769,94,0,238,0,0,0,50,50,50,79,162,32.78,94,0,100,2769,0
ubt,bintrie,5,4,storage_sstore_k100,9,,5709,21000,1,0.0605,6.5366,9.718,0.4745,16.9648,1.2379,6,0,0,0,2,0,0,0,0,0,2,4,33.33,0,0,0,0,0,0,0,0
ubt,bintrie,5,4,storage_sstore_k256,10,,5825,0,0,0.0361,22.3912,0.0024,0.1494,22.8211,0,4,0,0,0,0,0,0,0,0,0,0,4,0,0,0,0,0,0,0,0,0
ubt,bintrie,5,4,storage_sstore_k256,10,,5826,0,0,1.0894,12.0726,0.0026,0.2558,13.6035,0,4,0,0,0,0,0,0,0,0,0,0,4,0,0,0,0,0,0,0,0,0
ubt,bintrie,5,4,storage_sstore_k256,10,,5827,0,0,0.0622,9.8679,0.0119,0.7392,11.9695,0,4,0,0,0,0,0,0,0,0,0,0,4,0,0,0,0,0,0,0,0,0
ubt,bintrie,5,4,storage_sstore_k256,10,,5828,86926,2,0.1093,16.5732,2.5565,5.0502,24.4573,3.5542,11,0,0,0,3,0,0,0,1,165,6,5,54.55,0,0,0,0,0,0,0,0
ubt,bintrie,5,4,storage_sstore_k256,10,,5829,5903542,1,3.5727,33.5072,53.2033,15.0305,105.528,55.9429,219,212,213,6101,213,0,211,0,0,0,145,74,66.21,116,96,54.72,213,0,100,6101,0
ubt,bintrie,5,4,storage_sstore_k256,10,,5830,21000,1,0.0865,16.8302,5.1144,0.6445,44.3001,0.474,6,0,0,0,2,0,0,0,0,0,2,4,33.33,0,0,0,0,0,0,0,0
ubt,bintrie,5,4,storage_sstore_k256,11,,5831,0,0,0.0666,17.3242,0.0022,0.1598,17.8386,0,4,0,0,0,0,0,0,0,0,0,0,4,0,0,0,0,0,0,0,0,0
ubt,bintrie,5,4,storage_sstore_k256,11,,5832,0,0,0.0861,12.4323,0.0033,0.2126,12.9526,0,4,0,0,0,0,0,0,0,0,0,0,4,0,0,0,0,0,0,0,0,0
ubt,bintrie,5,4,storage_sstore_k256,11,,5833,0,0,0.0491,20.588,0.0028,0.157,21.0492,0,4,0,0,0,0,0,0,0,0,0,0,4,0,0,0,0,0,0,0,0,0
ubt,bintrie,5,4,storage_sstore_k256,11,,5834,86926,2,5.3347,6.1905,5.9484,5.4389,23.1274,3.7586,11,0,0,0,3,0,0,0,1,165,5,6,45.45,0,0,0,0,0,0,0,0
ubt,bintrie,5,4,storage_sstore_k256,11,,5835,5903542,1,4.3437,24.8656,43.1832,26.1946,114.0597,51.7583,219,212,213,6101,213,0,211,0,0,0,172,47,78.54,119,93,56.13,213,0,100,6101,0
ubt,bintrie,5,4,storage_sstore_k256,11,,5836,21000,1,0.0591,1.147,12.5412,0.4897,20.7988,1.0097,6,0,0,0,2,0,0,0,0,0,2,4,33.33,0,0,0,0,0,0,0,0
ubt,bintrie,5,4,storage_sstore_k256,12,,5837,0,0,0.0428,21.6168,0.0023,0.2211,22.0951,0,4,0,0,0,0,0,0,0,0,0,0,4,0,0,0,0,0,0,0,0,0
ubt,bintrie,5,4,storage_sstore_k256,12,,5838,0,0,0.0332,5.5375,0.0023,0.1548,5.9277,0,4,0,0,0,0,0,0,0,0,0,0,4,0,0,0,0,0,0,0,0,0
ubt,bintrie,5,4,storage_sstore_k256,12,,5839,0,0,0.0535,26.1357,0.0025,0.1373,26.7528,0,4,0,0,0,0,0,0,0,0,0,0,4,0,0,0,0,0,0,0,0,0
ubt,bintrie,5,4,storage_sstore_k256,12,,5840,86926,2,0.0856,17.0991,3.3057,7.1769,27.8217,3.1244,11,0,0,0,3,0,0,0,1,165,6,5,54.55,0,0,0,0,0,0,0,0
ubt,bintrie,5,4,storage_sstore_k256,12,,5841,0,0,0.0353,16.2542,0.002,0.2999,17.173,0,4,0,0,0,0,0,0,0,0,0,0,4,0,0,0,0,0,0,0,0,0
ubt,bintrie,5,4,storage_sstore_k256,12,,5842,5903542,1,6.0286,35.4841,53.1909,11.868,106.7899,55.2818,219,212,213,6101,213,0,211,0,0,0,165,54,75.34,124,88,58.49,213,0,100,6101,0
ubt,bintrie,5,4,storage_sstore_k256,12,,5843,21000,1,0.1214,7.9079,10.5835,0.652,19.484,1.0778,6,0,0,0,2,0,0,0,0,0,0,6,0,0,0,0,0,0,0,0,0
ubt,bintrie,5,4,storage_sstore_k256,13,,5844,0,0,0.0536,14.7458,0.0023,0.1995,15.2352,0,4,0,0,0,0,0,0,0,0,0,0,4,0,0,0,0,0,0,0,0,0
ubt,bintrie,5,4,storage_sstore_k256,13,,5845,0,0,0.0455,5.2107,0.0015,0.1353,5.528,0,4,0,0,0,0,0,0,0,0,0,0,4,0,0,0,0,0,0,0,0,0
ubt,bintrie,5,4,storage_sstore_k256,13,,5846,0,0,0.0525,15.5428,0.003,0.1132,15.9116,0,4,0,0,0,0,0,0,0,0,0,0,4,0,0,0,0,0,0,0,0,0
ubt,bintrie,5,4,storage_sstore_k256,13,,5847,86926,2,0.1141,16.6087,3.1156,4.8638,24.9843,3.4792,11,0,0,0,3,0,0,0,1,165,5,6,45.45,0,0,0,0,0,0,0,0
ubt,bintrie,5,4,storage_sstore_k256,13,,5848,5903542,1,8.1228,19.4222,51.4903,15.5004,94.6893,62.3465,219,212,213,6101,213,0,211,0,0,0,115,104,52.51,87,125,41.04,213,0,100,6101,0
ubt,bintrie,5,4,storage_sstore_k256,13,,5849,21000,1,0.0759,1.629,14.1703,0.7492,20.2399,1.0376,6,0,0,0,2,0,0,0,0,0,2,4,33.33,0,0,0,0,0,0,0,0
ubt,bintrie,5,4,storage_sstore_k256,14,,5850,0,0,0.0601,11.9191,0.0028,0.2464,12.4771,0,4,0,0,0,0,0,0,0,0,0,0,4,0,0,0,0,0,0,0,0,0
ubt,bintrie,5,4,storage_sstore_k256,14,,5851,0,0,0.0421,20.6914,0.0022,0.1572,21.1686,0,4,0,0,0,0,0,0,0,0,0,0,4,0,0,0,0,0,0,0,0,0
ubt,bintrie,5,4,storage_sstore_k256,14,,5852,86926,2,0.3362,11.5717,2.3976,5.2331,19.7654,4.3979,11,0,0,0,3,0,0,0,1,165,6,5,54.55,0,0,0,0,0,0,0,0
ubt,bintrie,5,4,storage_sstore_k256,14,,5853,5903542,1,9.9984,35.0269,54.3612,14.5107,114.4603,51.5772,219,212,213,6101,213,0,211,0,0,0,75,144,34.25,61,151,28.77,213,0,100,6101,0
ubt,bintrie,5,4,storage_sstore_k256,14,,5854,21000,1,0.0714,3.9808,10.2505,0.5275,24.9142,0.8429,6,0,0,0,2,0,0,0,0,0,2,4,33.33,0,0,0,0,0,0,0,0
ubt,bintrie,5,4,storage_sstore_k256,15,,5855,0,0,0.0447,17.5755,0.0022,0.1566,18.0024,0,4,0,0,0,0,0,0,0,0,0,0,4,0,0,0,0,0,0,0,0,0
ubt,bintrie,5,4,storage_sstore_k256,15,,5856,0,0,0.0381,2.9994,0.0017,0.1429,3.3816,0,4,0,0,0,0,0,0,0,0,0,0,4,0,0,0,0,0,0,0,0,0
ubt,bintrie,5,4,storage_sstore_k256,15,,5857,86926,2,0.0889,16.2828,8.2162,10.9613,35.7218,2.4334,11,0,0,0,3,0,0,0,1,165,7,4,63.64,0,0,0,0,0,0,0,0
ubt,bintrie,5,4,storage_sstore_k256,15,,5858,5903542,1,4.6197,38.0561,42.594,22.7712,108.5685,54.3762,219,212,213,6101,213,0,211,0,0,0,128,91,58.45,103,109,48.58,213,0,100,6101,0
ubt,bintrie,5,4,storage_sstore_k256,15,,5859,21000,1,0.0742,3.8698,10.7526,0.6063,21.3472,0.9837,6,0,0,0,2,0,0,0,0,0,2,4,33.33,0,0,0,0,0,0,0,0
ubt,bintrie,5,4,storage_sstore_k256,15,,5860,0,0,0.0263,13.3584,0.0018,0.1009,13.6763,0,4,0,0,0,0,0,0,0,0,0,0,4,0,0,0,0,0,0,0,0,0
ubt,bintrie,5,4,storage_sstore_k256,16,,5861,0,0,0.0542,18.0192,0.0029,0.1482,18.4925,0,4,0,0,0,0,0,0,0,0,0,0,4,0,0,0,0,0,0,0,0,0
ubt,bintrie,5,4,storage_sstore_k256,16,,5862,0,0,0.0287,2.6576,0.0011,0.1057,2.9593,0,4,0,0,0,0,0,0,0,0,0,0,4,0,0,0,0,0,0,0,0,0
ubt,bintrie,5,4,storage_sstore_k256,16,,5863,0,0,0.0326,22.9067,0.0035,0.2062,23.3339,0,4,0,0,0,0,0,0,0,0,0,0,4,0,0,0,0,0,0,0,0,0
ubt,bintrie,5,4,storage_sstore_k256,16,,5864,86926,2,0.131,12.319,7.8024,6.3639,29.4832,2.9483,11,0,0,0,3,0,0,0,1,165,4,7,36.36,0,0,0,0,0,0,0,0
ubt,bintrie,5,4,storage_sstore_k256,16,,5865,5903542,1,4.3803,32.7481,58.2336,14.1583,109.6941,53.8182,219,212,213,6101,213,0,211,0,0,0,117,102,53.42,85,127,40.09,213,0,100,6101,0
ubt,bintrie,5,4,storage_sstore_k256,16,,5866,21000,1,0.0639,2.9286,12.0633,0.5435,16.2743,1.2904,6,0,0,0,2,0,0,0,0,0,2,4,33.33,0,0,0,0,0,0,0,0
ubt,bintrie,5,4,storage_sstore_k256,17,,5867,0,0,0.0413,18.7295,0.0021,0.153,19.1215,0,4,0,0,0,0,0,0,0,0,0,0,4,0,0,0,0,0,0,0,0,0
ubt,bintrie,5,4,storage_sstore_k256,17,,5868,0,0,0.0274,2.7546,0.0016,0.1418,3.1028,0,4,0,0,0,0,0,0,0,0,0,0,4,0,0,0,0,0,0,0,0,0
ubt,bintrie,5,4,storage_sstore_k256,17,,5869,0,0,0.0223,2.5262,0.0013,0.1028,2.8108,0,4,0,0,0,0,0,0,0,0,0,0,4,0,0,0,0,0,0,0,0,0
ubt,bintrie,5,4,storage_sstore_k256,17,,5870,86926,2,0.1293,20.5602,11.9596,5.9703,38.8037,2.2401,11,0,0,0,3,0,0,0,1,165,5,6,45.45,0,0,0,0,0,0,0,0
ubt,bintrie,5,4,storage_sstore_k256,17,,5871,5903542,1,4.9696,23.9093,53.3212,13.3761,95.8276,61.6059,219,212,213,6101,213,0,211,0,0,0,136,83,62.1,130,82,61.32,213,0,100,6101,0
ubt,bintrie,5,4,storage_sstore_k256,17,,5872,21000,1,0.0723,3.2742,10.8525,0.9405,15.7933,1.3297,6,0,0,0,2,0,0,0,0,0,2,4,33.33,0,0,0,0,0,0,0,0
ubt,bintrie,5,4,storage_sstore_k256,18,,5873,0,0,0.0503,21.6213,0.0032,0.3829,22.415,0,4,0,0,0,0,0,0,0,0,0,0,4,0,0,0,0,0,0,0,0,0
ubt,bintrie,5,4,storage_sstore_k256,18,,5874,0,0,0.0374,4.998,0.0054,0.1795,5.4421,0,4,0,0,0,0,0,0,0,0,0,0,4,0,0,0,0,0,0,0,0,0
ubt,bintrie,5,4,storage_sstore_k256,18,,5875,86926,2,0.0895,10.7487,15.0975,5.2174,31.3431,2.7734,11,0,0,0,3,0,0,0,1,165,7,4,63.64,0,0,0,0,0,0,0,0
ubt,bintrie,5,4,storage_sstore_k256,18,,5876,5903542,1,4.7512,20.8006,44.8478,12.352,89.9171,65.6554,219,212,213,6101,213,0,211,0,0,0,96,123,43.84,81,131,38.21,213,0,100,6101,0
ubt,bintrie,5,4,storage_sstore_k256,18,,5877,21000,1,0.0667,3.2877,14.3988,0.5181,20.0821,1.0457,6,0,0,0,2,0,0,0,0,0,2,4,33.33,0,0,0,0,0,0,0,0
ubt,bintrie,5,4,storage_sstore_k256,18,,5878,0,0,0.0542,12.4617,0.0039,0.1787,17.7776,0,4,0,0,0,0,0,0,0,0,0,0,4,0,0,0,0,0,0,0,0,0
ubt,bintrie,5,4,storage_sstore_k256,19,,5879,0,0,0.0451,23.8155,0.0025,0.2304,24.3326,0,4,0,0,0,0,0,0,0,0,0,0,4,0,0,0,0,0,0,0,0,0
ubt,bintrie,5,4,storage_sstore_k256,19,,5880,0,0,0.0266,2.8828,0.002,0.1411,3.233,0,4,0,0,0,0,0,0,0,0,0,0,4,0,0,0,0,0,0,0,0,0
ubt,bintrie,5,4,storage_sstore_k256,19,,5881,86926,2,0.0931,2.8884,13.2951,4.5453,28.4765,3.0526,11,0,0,0,3,0,0,0,1,165,7,4,63.64,0,0,0,0,0,0,0,0
ubt,bintrie,5,4,storage_sstore_k256,19,,5882,5903542,1,5.3543,34.0073,50.8969,14.9273,105.3631,56.0305,219,212,213,6101,213,0,211,0,0,0,118,101,53.88,81,131,38.21,213,0,100,6101,0
ubt,bintrie,5,4,storage_sstore_k256,19,,5883,21000,1,0.1462,16.9937,3.2618,0.5485,21.1371,0.9935,6,0,0,0,2,0,0,0,0,0,2,4,33.33,0,0,0,0,0,0,0,0
ubt,bintrie,5,4,storage_sstore_k256,19,,5884,0,0,0.048,18.913,0.003,0.3453,19.6419,0,4,0,0,0,0,0,0,0,0,0,0,4,0,0,0,0,0,0,0,0,0
ubt,bintrie,5,4,storage_sstore_k256,1,,5772,0,0,0.0415,9.5914,0.0027,0.2662,10.1318,0,4,0,0,0,0,0,0,0,0,0,0,4,0,0,0,0,0,0,0,0,0
ubt,bintrie,5,4,storage_sstore_k256,1,,5773,0,0,0.03,19.6642,0.0019,0.1283,19.9848,0,4,0,0,0,0,0,0,0,0,0,0,4,0,0,0,0,0,0,0,0,0
ubt,bintrie,5,4,storage_sstore_k256,1,,5774,0,0,0.0564,9.4144,0.0024,0.1864,10.1503,0,4,0,0,0,0,0,0,0,0,0,0,4,0,0,0,0,0,0,0,0,0
ubt,bintrie,5,4,storage_sstore_k256,1,,5775,86926,2,0.0989,18.6255,2.5495,4.6732,26.1155,3.3285,11,0,0,0,3,0,0,0,1,165,7,4,63.64,0,0,0,0,0,0,0,0
ubt,bintrie,5,4,storage_sstore_k256,1,,5776,5903542,1,4.2912,34.9035,59.6418,14.1229,115.2879,51.207,219,212,213,6101,213,0,211,0,0,0,73,146,33.33,51,161,24.06,213,0,100,6101,0
ubt,bintrie,5,4,storage_sstore_k256,1,,5777,21000,1,0.1573,14.6914,3.7313,0.5206,19.2898,1.0887,6,0,0,0,2,0,0,0,0,0,0,6,0,0,0,0,0,0,0,0,0
ubt,bintrie,5,4,storage_sstore_k256,20,,5885,0,0,0.041,22.2308,0.0025,0.2267,22.7041,0,4,0,0,0,0,0,0,0,0,0,0,4,0,0,0,0,0,0,0,0,0
ubt,bintrie,5,4,storage_sstore_k256,20,,5886,0,0,0.0319,10.7245,0.0016,0.1482,11.0861,0,4,0,0,0,0,0,0,0,0,0,0,4,0,0,0,0,0,0,0,0,0
ubt,bintrie,5,4,storage_sstore_k256,20,,5887,86926,2,0.0859,16.1962,3.9904,4.4401,24.8983,3.4912,11,0,0,0,3,0,0,0,1,165,6,5,54.55,0,0,0,0,0,0,0,0
ubt,bintrie,5,4,storage_sstore_k256,20,,5888,5903542,1,4.4749,23.5725,48.099,11.6121,87.9424,67.1296,219,212,213,6101,213,0,211,0,0,0,200,19,91.32,152,60,71.7,213,0,100,6101,0
ubt,bintrie,5,4,storage_sstore_k256,20,,5889,21000,1,0.1402,6.6121,16.199,0.506,26.1267,0.8038,6,0,0,0,2,0,0,0,0,0,0,6,0,0,0,0,0,0,0,0,0
ubt,bintrie,5,4,storage_sstore_k256,20,,5890,0,0,0.0277,4.4137,0.0019,0.1063,4.7005,0,4,0,0,0,0,0,0,0,0,0,0,4,0,0,0,0,0,0,0,0,0
ubt,bintrie,5,4,storage_sstore_k256,2,,5778,0,0,0.0638,10.4027,0.0096,0.2151,10.9004,0,4,0,0,0,0,0,0,0,0,0,0,4,0,0,0,0,0,0,0,0,0
ubt,bintrie,5,4,storage_sstore_k256,2,,5779,0,0,0.0381,25.3314,0.0037,0.1563,25.7468,0,4,0,0,0,0,0,0,0,0,0,0,4,0,0,0,0,0,0,0,0,0
ubt,bintrie,5,4,storage_sstore_k256,2,,5780,0,0,0.0453,7.9717,0.0026,0.1502,8.3371,0,4,0,0,0,0,0,0,0,0,0,0,4,0,0,0,0,0,0,0,0,0
ubt,bintrie,5,4,storage_sstore_k256,2,,5781,86926,2,0.1423,19.5271,2.8398,5.5888,28.2975,3.0719,11,0,0,0,3,0,0,0,1,165,5,6,45.45,0,0,0,0,0,0,0,0
ubt,bintrie,5,4,storage_sstore_k256,2,,5782,5903542,1,5.1335,26.0957,50.2632,15.4803,99.3515,59.4208,219,212,213,6101,213,0,211,0,0,0,135,84,61.64,103,109,48.58,213,0,100,6101,0
ubt,bintrie,5,4,storage_sstore_k256,2,,5783,21000,1,0.079,12.3869,6.9402,0.4818,20.0997,1.0448,6,0,0,0,2,0,0,0,0,0,2,4,33.33,0,0,0,0,0,0,0,0
ubt,bintrie,5,4,storage_sstore_k256,3,,5784,0,0,0.0497,3.4404,0.0113,0.3172,4.0977,0,4,0,0,0,0,0,0,0,0,0,0,4,0,0,0,0,0,0,0,0,0
ubt,bintrie,5,4,storage_sstore_k256,3,,5785,0,0,0.037,19.7082,0.0028,0.1202,20.0337,0,4,0,0,0,0,0,0,0,0,0,0,4,0,0,0,0,0,0,0,0,0
ubt,bintrie,5,4,storage_sstore_k256,3,,5786,0,0,0.0385,6.4525,0.0019,0.1109,6.8139,0,4,0,0,0,0,0,0,0,0,0,0,4,0,0,0,0,0,0,0,0,0
ubt,bintrie,5,4,storage_sstore_k256,3,,5787,86926,2,0.2327,23.4043,12.5004,5.6395,42.2183,2.059,11,0,0,0,3,0,0,0,1,165,5,6,45.45,0,0,0,0,0,0,0,0
ubt,bintrie,5,4,storage_sstore_k256,3,,5788,5903542,1,4.9847,39.5772,53.7916,14.8262,113.633,51.9527,219,212,213,6101,213,0,211,0,0,0,79,140,36.07,54,158,25.47,213,0,100,6101,0
ubt,bintrie,5,4,storage_sstore_k256,3,,5789,21000,1,0.0728,3.2215,0.4068,1.6269,14.3589,1.4625,6,0,0,0,2,0,0,0,0,0,2,4,33.33,0,0,0,0,0,0,0,0
ubt,bintrie,5,4,storage_sstore_k256,4,,5790,0,0,0.1025,11.9643,0.009,0.2859,13.0019,0,4,0,0,0,0,0,0,0,0,0,0,4,0,0,0,0,0,0,0,0,0
ubt,bintrie,5,4,storage_sstore_k256,4,,5791,0,0,0.0653,14.8635,0.0028,0.1956,15.4128,0,4,0,0,0,0,0,0,0,0,0,0,4,0,0,0,0,0,0,0,0,0
ubt,bintrie,5,4,storage_sstore_k256,4,,5792,0,0,0.0341,10.2708,0.0022,0.1165,10.6405,0,4,0,0,0,0,0,0,0,0,0,0,4,0,0,0,0,0,0,0,0,0
ubt,bintrie,5,4,storage_sstore_k256,4,,5793,86926,2,0.1615,8.2672,13.9476,4.4162,27.0563,3.2128,11,0,0,0,3,0,0,0,1,165,5,6,45.45,0,0,0,0,0,0,0,0
ubt,bintrie,5,4,storage_sstore_k256,4,,5794,5903542,1,5.7559,35.1926,51.0089,15.6337,107.9287,54.6985,219,212,213,6101,213,0,211,0,0,0,101,118,46.12,85,127,40.09,213,0,100,6101,0
ubt,bintrie,5,4,storage_sstore_k256,4,,5795,21000,1,0.0795,13.0667,8.0135,0.5824,23.1641,0.9066,6,0,0,0,2,0,0,0,0,0,2,4,33.33,0,0,0,0,0,0,0,0
ubt,bintrie,5,4,storage_sstore_k256,5,,5796,0,0,0.0729,10.8048,0.0027,0.2154,12.2303,0,4,0,0,0,0,0,0,0,0,0,0,4,0,0,0,0,0,0,0,0,0
ubt,bintrie,5,4,storage_sstore_k256,5,,5797,0,0,0.0565,22.0576,0.0022,0.152,22.5042,0,4,0,0,0,0,0,0,0,0,0,0,4,0,0,0,0,0,0,0,0,0
ubt,bintrie,5,4,storage_sstore_k256,5,,5798,0,0,0.0373,14.7473,0.0021,0.6933,15.6591,0,4,0,0,0,0,0,0,0,0,0,0,4,0,0,0,0,0,0,0,0,0
ubt,bintrie,5,4,storage_sstore_k256,5,,5799,86926,2,0.1209,17.6135,2.7267,5.2999,25.9193,3.3537,11,0,0,0,3,0,0,0,1,165,5,6,45.45,0,0,0,0,0,0,0,0
ubt,bintrie,5,4,storage_sstore_k256,5,,5800,5903542,1,6.6847,23.8302,51.942,14.3088,106.7227,55.3166,219,212,213,6101,213,0,211,0,0,0,136,83,62.1,104,108,49.06,213,0,100,6101,0
ubt,bintrie,5,4,storage_sstore_k256,5,,5801,21000,1,0.1909,3.9838,6.1981,0.5503,24.8989,0.8434,6,0,0,0,2,0,0,0,0,0,2,4,33.33,0,0,0,0,0,0,0,0
ubt,bintrie,5,4,storage_sstore_k256,6,,5802,0,0,0.033,16.1223,0.0028,0.1398,16.4767,0,4,0,0,0,0,0,0,0,0,0,0,4,0,0,0,0,0,0,0,0,0
ubt,bintrie,5,4,storage_sstore_k256,6,,5803,0,0,0.0331,11.0997,0.0019,0.1051,11.364,0,4,0,0,0,0,0,0,0,0,0,0,4,0,0,0,0,0,0,0,0,0
ubt,bintrie,5,4,storage_sstore_k256,6,,5804,0,0,0.0487,9.9203,0.0077,0.2729,10.5509,0,4,0,0,0,0,0,0,0,0,0,0,4,0,0,0,0,0,0,0,0,0
ubt,bintrie,5,4,storage_sstore_k256,6,,5805,86926,2,0.1085,14.9875,3.7582,5.6325,33.0785,2.6279,11,0,0,0,3,0,0,0,1,165,5,6,45.45,0,0,0,0,0,0,0,0
ubt,bintrie,5,4,storage_sstore_k256,6,,5806,5903542,1,5.3471,35.5081,41.6609,21.7704,112.4737,52.4882,219,212,213,6101,213,0,211,0,0,0,166,53,75.8,142,70,66.98,213,0,100,6101,0
ubt,bintrie,5,4,storage_sstore_k256,6,,5807,21000,1,0.084,17.2847,4.1167,0.6809,22.3287,0.9405,6,0,0,0,2,0,0,0,0,0,2,4,33.33,0,0,0,0,0,0,0,0
ubt,bintrie,5,4,storage_sstore_k256,7,,5808,0,0,0.0729,18.8606,0.0027,0.2785,19.4715,0,4,0,0,0,0,0,0,0,0,0,0,4,0,0,0,0,0,0,0,0,0
ubt,bintrie,5,4,storage_sstore_k256,7,,5809,0,0,0.0309,5.8613,0.0093,0.1497,6.2434,0,4,0,0,0,0,0,0,0,0,0,0,4,0,0,0,0,0,0,0,0,0
ubt,bintrie,5,4,storage_sstore_k256,7,,5810,0,0,0.0337,19.7848,0.0024,0.1206,20.1359,0,4,0,0,0,0,0,0,0,0,0,0,4,0,0,0,0,0,0,0,0,0
ubt,bintrie,5,4,storage_sstore_k256,7,,5811,86926,2,0.2421,16.9803,12.0327,5.6831,35.3339,2.4601,11,0,0,0,3,0,0,0,1,165,5,6,45.45,0,0,0,0,0,0,0,0
ubt,bintrie,5,4,storage_sstore_k256,7,,5812,5903542,1,5.1591,44.6136,45.6646,21.5885,117.4809,50.2511,219,212,213,6101,213,0,211,0,0,0,125,94,57.08,90,122,42.45,213,0,100,6101,0
ubt,bintrie,5,4,storage_sstore_k256,7,,5813,21000,1,0.0621,3.1742,11.0226,0.6136,23.7996,0.8824,6,0,0,0,2,0,0,0,0,0,2,4,33.33,0,0,0,0,0,0,0,0
ubt,bintrie,5,4,storage_sstore_k256,8,,5814,0,0,0.0334,4.0375,0.0028,0.2114,4.5083,0,4,0,0,0,0,0,0,0,0,0,0,4,0,0,0,0,0,0,0,0,0
ubt,bintrie,5,4,storage_sstore_k256,8,,5815,0,0,0.0392,2.8936,0.0017,0.129,3.2555,0,4,0,0,0,0,0,0,0,0,0,0,4,0,0,0,0,0,0,0,0,0
ubt,bintrie,5,4,storage_sstore_k256,8,,5816,0,0,0.0317,8.248,0.0033,0.1117,8.5673,0,4,0,0,0,0,0,0,0,0,0,0,4,0,0,0,0,0,0,0,0,0
ubt,bintrie,5,4,storage_sstore_k256,8,,5817,86926,2,0.1006,20.9958,2.7229,4.875,28.9369,3.004,11,0,0,0,3,0,0,0,1,165,6,5,54.55,0,0,0,0,0,0,0,0
ubt,bintrie,5,4,storage_sstore_k256,8,,5818,5903542,1,4.4757,22.8243,52.615,13.8014,93.8834,62.8816,219,212,213,6101,213,0,211,0,0,0,132,87,60.27,120,92,56.6,213,0,100,6101,0
ubt,bintrie,5,4,storage_sstore_k256,8,,5819,21000,1,0.0613,2.9797,13.5631,0.695,20.3632,1.0313,6,0,0,0,2,0,0,0,0,0,2,4,33.33,0,0,0,0,0,0,0,0
ubt,bintrie,5,4,storage_sstore_k256,9,,5820,0,0,0.0605,15.8941,0.0027,0.2181,16.5248,0,4,0,0,0,0,0,0,0,0,0,0,4,0,0,0,0,0,0,0,0,0
ubt,bintrie,5,4,storage_sstore_k256,9,,5821,0,0,0.0346,5.3968,0.0097,0.1509,5.7666,0,4,0,0,0,0,0,0,0,0,0,0,4,0,0,0,0,0,0,0,0,0
ubt,bintrie,5,4,storage_sstore_k256,9,,5822,86926,2,4.8573,10.2411,8.4476,4.838,28.6501,3.0341,11,0,0,0,3,0,0,0,1,165,5,6,45.45,0,0,0,0,0,0,0,0
ubt,bintrie,5,4,storage_sstore_k256,9,,5823,5903542,1,3.9977,45.2885,44.4587,21.464,115.5464,51.0924,219,212,213,6101,213,0,211,0,0,0,59,160,26.94,38,174,17.92,213,0,100,6101,0
ubt,bintrie,5,4,storage_sstore_k256,9,,5824,21000,1,0.0691,3.7145,9.4716,0.7348,19.3872,1.0832,6,0,0,0,2,0,0,0,0,0,2,4,33.33,0,0,0,0,0,0,0,0
pbt,bintrie,5,4,storage_mixed_k1,10,,6157,0,0,0.0503,20.6061,0.0025,0.2078,21.0644,0,4,0,0,0,0,0,0,0,0,0,0,4,0,0,0,0,0,0,0,0,0
pbt,bintrie,5,4,storage_mixed_k1,10,,6158,0,0,1.5238,9.917,0.0027,0.1432,11.8035,0,4,0,0,0,0,0,0,0,0,0,0,4,0,0,0,0,0,0,0,0,0
pbt,bintrie,5,4,storage_mixed_k1,10,,6159,0,0,0.0381,16.7447,0.003,0.1825,17.1711,0,4,0,0,0,0,0,0,0,0,0,0,4,0,0,0,0,0,0,0,0,0
pbt,bintrie,5,4,storage_mixed_k1,10,,6160,91678,2,0.0992,2.9063,19.9761,5.2102,30.9609,2.9611,11,0,0,0,3,0,0,0,1,303,6,5,54.55,0,0,0,0,0,0,0,0
pbt,bintrie,5,4,storage_mixed_k1,10,,6161,5911513,1,55.284,26.2592,4.1786,2.0154,87.9455,67.2179,8,638,2,331,3,0,96,0,0,0,3,5,37.5,73,565,11.44,2,0,100,331,0
pbt,bintrie,5,4,storage_mixed_k1,10,,6162,21000,1,0.0724,15.9679,4.741,0.7479,21.7123,0.9672,6,0,0,0,2,0,0,0,0,0,2,4,33.33,0,0,0,0,0,0,0,0
pbt,bintrie,5,4,storage_mixed_k1,10,,6163,0,0,0.0346,3.1815,0.0018,0.1143,3.5325,0,4,0,0,0,0,0,0,0,0,0,0,4,0,0,0,0,0,0,0,0,0
pbt,bintrie,5,4,storage_mixed_k1,11,,6164,0,0,0.0475,20.9041,0.0029,0.197,21.3753,0,4,0,0,0,0,0,0,0,0,0,0,4,0,0,0,0,0,0,0,0,0
pbt,bintrie,5,4,storage_mixed_k1,11,,6165,0,0,0.0487,12.3512,0.0026,0.1531,12.7884,0,4,0,0,0,0,0,0,0,0,0,0,4,0,0,0,0,0,0,0,0,0
pbt,bintrie,5,4,storage_mixed_k1,11,,6166,0,0,0.0268,2.7545,0.0016,0.2139,3.1606,0,4,0,0,0,0,0,0,0,0,0,0,4,0,0,0,0,0,0,0,0,0
pbt,bintrie,5,4,storage_mixed_k1,11,,6167,91678,2,0.4345,4.0006,17.1925,5.4442,30.3086,3.0248,11,0,0,0,3,0,0,0,1,303,5,6,45.45,0,0,0,0,0,0,0,0
pbt,bintrie,5,4,storage_mixed_k1,11,,6168,5911513,1,68.7934,20.8651,17.408,1.1853,109.1785,54.1454,8,638,2,331,3,0,96,0,0,0,1,7,12.5,427,211,66.93,2,0,100,331,0
pbt,bintrie,5,4,storage_mixed_k1,11,,6169,21000,1,0.0746,3.1885,15.2685,0.714,19.4388,1.0803,6,0,0,0,2,0,0,0,0,0,2,4,33.33,0,0,0,0,0,0,0,0
pbt,bintrie,5,4,storage_mixed_k1,11,,6170,0,0,0.0406,19.121,0.0038,0.1645,19.5561,0,4,0,0,0,0,0,0,0,0,0,0,4,0,0,0,0,0,0,0,0,0
pbt,bintrie,5,4,storage_mixed_k1,12,,6171,0,0,0.0715,19.0283,0.0035,0.2375,19.6031,0,4,0,0,0,0,0,0,0,0,0,0,4,0,0,0,0,0,0,0,0,0
pbt,bintrie,5,4,storage_mixed_k1,12,,6172,0,0,0.0374,11.6131,0.0022,0.1232,11.9386,0,4,0,0,0,0,0,0,0,0,0,0,4,0,0,0,0,0,0,0,0,0
pbt,bintrie,5,4,storage_mixed_k1,12,,6173,0,0,0.1706,3.4114,0.0024,0.166,3.9066,0,4,0,0,0,0,0,0,0,0,0,0,4,0,0,0,0,0,0,0,0,0
pbt,bintrie,5,4,storage_mixed_k1,12,,6174,91678,2,0.1757,4.2427,1.4903,5.4035,11.534,7.9485,11,0,0,0,3,0,0,0,1,303,4,7,36.36,0,0,0,0,0,0,0,0
pbt,bintrie,5,4,storage_mixed_k1,12,,6175,5911513,1,91.8118,40.1509,5.6717,1.0165,145.2669,40.6941,8,638,2,331,3,0,96,0,0,0,3,5,37.5,78,560,12.23,2,0,100,331,0
pbt,bintrie,5,4,storage_mixed_k1,12,,6176,21000,1,0.0616,17.4614,4.8862,0.6449,23.2231,0.9043,6,0,0,0,2,0,0,0,0,0,2,4,33.33,0,0,0,0,0,0,0,0
pbt,bintrie,5,4,storage_mixed_k1,12,,6177,0,0,0.117,12.3199,0.0034,0.3183,16.2412,0,4,0,0,0,0,0,0,0,0,0,0,4,0,0,0,0,0,0,0,0,0
pbt,bintrie,5,4,storage_mixed_k1,13,,6178,0,0,0.046,4.0115,0.0027,0.3326,4.6802,0,4,0,0,0,0,0,0,0,0,0,0,4,0,0,0,0,0,0,0,0,0
pbt,bintrie,5,4,storage_mixed_k1,13,,6179,0,0,0.0449,3.0638,0.0021,0.1437,3.488,0,4,0,0,0,0,0,0,0,0,0,0,4,0,0,0,0,0,0,0,0,0
pbt,bintrie,5,4,storage_mixed_k1,13,,6180,0,0,0.0407,23.9411,0.0033,0.2427,24.3895,0,4,0,0,0,0,0,0,0,0,0,0,4,0,0,0,0,0,0,0,0,0
pbt,bintrie,5,4,storage_mixed_k1,13,,6181,91678,2,0.1069,3.5189,12.4022,5.9024,27.3169,3.3561,11,0,0,0,3,0,0,0,1,303,5,6,45.45,0,0,0,0,0,0,0,0
pbt,bintrie,5,4,storage_mixed_k1,13,,6182,5911513,1,83.1841,32.6158,13.6955,1.5111,131.4115,44.9847,8,638,2,331,3,0,96,0,0,0,3,5,37.5,63,575,9.87,2,0,100,331,0
pbt,bintrie,5,4,storage_mixed_k1,13,,6183,21000,1,0.0893,2.8486,14.4261,0.6222,20.5674,1.021,6,0,0,0,2,0,0,0,0,0,2,4,33.33,0,0,0,0,0,0,0,0
pbt,bintrie,5,4,storage_mixed_k1,13,,6184,0,0,0.0344,12.222,0.0033,0.1922,12.745,0,4,0,0,0,0,0,0,0,0,0,0,4,0,0,0,0,0,0,0,0,0
pbt,bintrie,5,4,storage_mixed_k1,14,,6185,0,0,0.0578,25.7106,0.0033,0.2533,26.2767,0,4,0,0,0,0,0,0,0,0,0,0,4,0,0,0,0,0,0,0,0,0
pbt,bintrie,5,4,storage_mixed_k1,14,,6186,0,0,6.3619,6.7477,0.0034,0.4321,13.8147,0,4,0,0,0,0,0,0,0,0,0,0,4,0,0,0,0,0,0,0,0,0
pbt,bintrie,5,4,storage_mixed_k1,14,,6187,0,0,0.0694,8.395,0.0026,0.1934,10.1611,0,4,0,0,0,0,0,0,0,0,0,0,4,0,0,0,0,0,0,0,0,0
pbt,bintrie,5,4,storage_mixed_k1,14,,6188,91678,2,0.1236,19.7965,16.1784,6.9142,43.2015,2.1221,11,0,0,0,3,0,0,0,1,303,6,5,54.55,0,0,0,0,0,0,0,0
pbt,bintrie,5,4,storage_mixed_k1,14,,6189,5911513,1,62.7125,16.068,7.8755,1.6007,89.7564,65.8617,8,638,2,331,3,0,96,0,0,0,4,4,50,443,195,69.44,2,0,100,331,0
pbt,bintrie,5,4,storage_mixed_k1,14,,6190,21000,1,0.0657,1.0853,16.9473,0.9827,19.6871,1.0667,6,0,0,0,2,0,0,0,0,0,2,4,33.33,0,0,0,0,0,0,0,0
pbt,bintrie,5,4,storage_mixed_k1,14,,6191,0,0,0.0468,11.5531,0.0044,0.2107,14.9057,0,4,0,0,0,0,0,0,0,0,0,0,4,0,0,0,0,0,0,0,0,0
pbt,bintrie,5,4,storage_mixed_k1,15,,6192,0,0,0.0438,19.6607,0.0024,0.2441,20.1651,0,4,0,0,0,0,0,0,0,0,0,0,4,0,0,0,0,0,0,0,0,0
pbt,bintrie,5,4,storage_mixed_k1,15,,6193,0,0,0.0544,5.6702,0.0022,0.1436,6.1045,0,4,0,0,0,0,0,0,0,0,0,0,4,0,0,0,0,0,0,0,0,0
pbt,bintrie,5,4,storage_mixed_k1,15,,6194,0,0,0.0625,14.7605,0.003,0.1304,15.986,0,4,0,0,0,0,0,0,0,0,0,0,4,0,0,0,0,0,0,0,0,0
pbt,bintrie,5,4,storage_mixed_k1,15,,6195,91678,2,0.2017,2.7238,11.2554,5.3074,21.7066,4.2235,11,0,0,0,3,0,0,0,1,303,5,6,45.45,0,0,0,0,0,0,0,0
pbt,bintrie,5,4,storage_mixed_k1,15,,6196,5911513,1,66.0596,20.6881,15.9718,1.6382,105.8332,55.8569,8,638,2,331,3,0,96,0,0,0,3,5,37.5,356,282,55.8,2,0,100,331,0
pbt,bintrie,5,4,storage_mixed_k1,15,,6197,21000,1,0.0765,21.7992,2.2585,0.4925,24.8218,0.846,6,0,0,0,2,0,0,0,0,0,2,4,33.33,0,0,0,0,0,0,0,0
pbt,bintrie,5,4,storage_mixed_k1,15,,6198,0,0,0.0377,17.9729,0.0023,0.3108,18.6237,0,4,0,0,0,0,0,0,0,0,0,0,4,0,0,0,0,0,0,0,0,0
pbt,bintrie,5,4,storage_mixed_k1,16,,6199,0,0,0.0616,20.0863,0.0032,0.1577,20.5619,0,4,0,0,0,0,0,0,0,0,0,0,4,0,0,0,0,0,0,0,0,0
pbt,bintrie,5,4,storage_mixed_k1,16,,6200,0,0,0.0383,5.2392,0.0021,0.2316,5.7095,0,4,0,0,0,0,0,0,0,0,0,0,4,0,0,0,0,0,0,0,0,0
pbt,bintrie,5,4,storage_mixed_k1,16,,6201,0,0,0.0373,24.6994,0.002,0.1094,25.0354,0,4,0,0,0,0,0,0,0,0,0,0,4,0,0,0,0,0,0,0,0,0
pbt,bintrie,5,4,storage_mixed_k1,16,,6202,91678,2,0.0881,14.5911,3.4804,5.9754,24.5667,3.7318,11,0,0,0,3,0,0,0,1,303,6,5,54.55,0,0,0,0,0,0,0,0
pbt,bintrie,5,4,storage_mixed_k1,16,,6203,5911513,1,54.9672,30.2403,4.2538,1.0198,90.914,65.0231,8,638,2,331,3,0,96,0,0,0,3,5,37.5,222,416,34.8,2,0,100,331,0
pbt,bintrie,5,4,storage_mixed_k1,16,,6204,21000,1,0.207,14.4006,2.2577,0.4703,17.5098,1.1993,6,0,0,0,2,0,0,0,0,0,2,4,33.33,0,0,0,0,0,0,0,0
pbt,bintrie,5,4,storage_mixed_k1,17,,6206,0,0,0.0402,17.6127,0.0045,0.1761,18.0718,0,4,0,0,0,0,0,0,0,0,0,0,4,0,0,0,0,0,0,0,0,0
pbt,bintrie,5,4,storage_mixed_k1,17,,6207,0,0,0.0348,4.9907,0.0023,0.17,5.3571,0,4,0,0,0,0,0,0,0,0,0,0,4,0,0,0,0,0,0,0,0,0
pbt,bintrie,5,4,storage_mixed_k1,17,,6208,0,0,0.0478,15.6663,0.0028,0.1292,16.3741,0,4,0,0,0,0,0,0,0,0,0,0,4,0,0,0,0,0,0,0,0,0
pbt,bintrie,5,4,storage_mixed_k1,17,,6209,91678,2,1.8414,10.6158,8.0191,8.7897,29.6876,3.0881,11,0,0,0,3,0,0,0,1,303,6,5,54.55,0,0,0,0,0,0,0,0
pbt,bintrie,5,4,storage_mixed_k1,17,,6210,5911513,1,72.5668,28.4701,13.055,1.3382,115.7322,51.0792,8,638,2,331,3,0,96,0,0,0,0,8,0,96,542,15.05,2,0,100,331,0
pbt,bintrie,5,4,storage_mixed_k1,17,,6211,21000,1,0.3725,16.3443,2.2562,0.5377,19.6956,1.0662,6,0,0,0,2,0,0,0,0,0,2,4,33.33,0,0,0,0,0,0,0,0
pbt,bintrie,5,4,storage_mixed_k1,17,,6212,0,0,0.1132,13.8369,0.0028,0.2123,14.3494,0,4,0,0,0,0,0,0,0,0,0,0,4,0,0,0,0,0,0,0,0,0
pbt,bintrie,5,4,storage_mixed_k1,18,,6213,0,0,0.0475,16.8914,0.0023,0.1715,17.3541,0,4,0,0,0,0,0,0,0,0,0,0,4,0,0,0,0,0,0,0,0,0
pbt,bintrie,5,4,storage_mixed_k1,18,,6214,0,0,0.0332,5.2118,0.0026,0.1357,5.5704,0,4,0,0,0,0,0,0,0,0,0,0,4,0,0,0,0,0,0,0,0,0
pbt,bintrie,5,4,storage_mixed_k1,18,,6215,0,0,0.0402,24.1008,0.0026,0.1075,24.4499,0,4,0,0,0,0,0,0,0,0,0,0,4,0,0,0,0,0,0,0,0,0
pbt,bintrie,5,4,storage_mixed_k1,18,,6216,91678,2,0.1243,1.5323,16.5243,5.7898,27.7598,3.3025,11,0,0,0,3,0,0,0,1,303,6,5,54.55,0,0,0,0,0,0,0,0
pbt,bintrie,5,4,storage_mixed_k1,18,,6217,5911513,1,57.4892,20.1193,4.6953,1.0521,84.4086,70.0345,8,638,2,331,3,0,96,0,0,0,4,4,50,118,520,18.5,2,0,100,331,0
pbt,bintrie,5,4,storage_mixed_k1,18,,6218,21000,1,0.0898,38.4075,2.5123,0.6895,41.9068,0.5011,6,0,0,0,2,0,0,0,0,0,2,4,33.33,0,0,0,0,0,0,0,0
pbt,bintrie,5,4,storage_mixed_k1,19,,6219,0,0,0.0505,19.0485,0.0023,0.1849,19.5122,0,4,0,0,0,0,0,0,0,0,0,0,4,0,0,0,0,0,0,0,0,0
pbt,bintrie,5,4,storage_mixed_k1,19,,6220,0,0,0.0355,4.9241,0.0021,0.1495,5.2621,0,4,0,0,0,0,0,0,0,0,0,0,4,0,0,0,0,0,0,0,0,0
pbt,bintrie,5,4,storage_mixed_k1,19,,6221,0,0,0.0499,24.1759,0.0021,0.1102,24.557,0,4,0,0,0,0,0,0,0,0,0,0,4,0,0,0,0,0,0,0,0,0
pbt,bintrie,5,4,storage_mixed_k1,19,,6222,91678,2,0.1592,22.2843,3.0789,5.1663,30.8522,2.9715,11,0,0,0,3,0,0,0,1,303,5,6,45.45,0,0,0,0,0,0,0,0
pbt,bintrie,5,4,storage_mixed_k1,19,,6223,5911513,1,60.8114,17.5404,7.2203,1.0218,86.9295,68.0035,8,638,2,331,3,0,96,0,0,0,3,5,37.5,212,426,33.23,2,0,100,331,0
pbt,bintrie,5,4,storage_mixed_k1,19,,6224,21000,1,0.0655,22.5265,2.3072,0.5519,25.6398,0.819,6,0,0,0,2,0,0,0,0,0,2,4,33.33,0,0,0,0,0,0,0,0
pbt,bintrie,5,4,storage_mixed_k1,1,,6097,0,0,0.0565,22.9937,0.0019,0.1658,23.4516,0,4,0,0,0,0,0,0,0,0,0,0,4,0,0,0,0,0,0,0,0,0
pbt,bintrie,5,4,storage_mixed_k1,1,,6098,0,0,0.0623,10.583,0.0036,0.1905,11.0293,0,4,0,0,0,0,0,0,0,0,0,0,4,0,0,0,0,0,0,0,0,0
pbt,bintrie,5,4,storage_mixed_k1,1,,6099,91678,2,0.1173,22.039,12.3235,7.5302,42.3047,2.1671,11,0,0,0,3,0,0,0,1,303,7,4,63.64,0,0,0,0,0,0,0,0
pbt,bintrie,5,4,storage_mixed_k1,1,,6100,5911513,1,75.5522,14.6469,17.8475,1.2195,110.4489,53.5226,8,638,2,331,3,0,96,0,0,0,4,4,50,301,337,47.18,2,0,100,331,0
pbt,bintrie,5,4,storage_mixed_k1,1,,6101,21000,1,0.0777,2.9902,10.8883,0.8528,14.9561,1.4041,6,0,0,0,2,0,0,0,0,0,2,4,33.33,0,0,0,0,0,0,0,0
pbt,bintrie,5,4,storage_mixed_k1,1,,6102,0,0,0.0363,4.3402,0.0018,0.103,4.6358,0,4,0,0,0,0,0,0,0,0,0,0,4,0,0,0,0,0,0,0,0,0
pbt,bintrie,5,4,storage_mixed_k1,20,,6225,0,0,0.0492,21.7326,0.003,0.2299,22.2379,0,4,0,0,0,0,0,0,0,0,0,0,4,0,0,0,0,0,0,0,0,0
pbt,bintrie,5,4,storage_mixed_k1,20,,6226,0,0,0.0704,15.3202,0.0023,0.1043,15.6867,0,4,0,0,0,0,0,0,0,0,0,0,4,0,0,0,0,0,0,0,0,0
pbt,bintrie,5,4,storage_mixed_k1,20,,6227,0,0,1.0417,26.5274,0.0086,0.2218,28.3836,0,4,0,0,0,0,0,0,0,0,0,0,4,0,0,0,0,0,0,0,0,0
pbt,bintrie,5,4,storage_mixed_k1,20,,6228,91678,2,0.1711,21.5473,10.5049,5.3651,37.7469,2.4288,11,0,0,0,3,0,0,0,1,303,5,6,45.45,0,0,0,0,0,0,0,0
pbt,bintrie,5,4,storage_mixed_k1,20,,6229,5911513,1,65.4094,20.2209,16.0758,1.1019,103.4984,57.1169,8,638,2,331,3,0,96,0,0,0,3,5,37.5,34,604,5.33,2,0,100,331,0
pbt,bintrie,5,4,storage_mixed_k1,20,,6230,21000,1,0.0751,14.1423,13.1199,0.601,28.2618,0.7431,6,0,0,0,2,0,0,0,0,0,2,4,33.33,0,0,0,0,0,0,0,0
pbt,bintrie,5,4,storage_mixed_k1,20,,6231,0,0,0.0275,3.2786,0.0017,0.1208,3.5762,0,4,0,0,0,0,0,0,0,0,0,0,4,0,0,0,0,0,0,0,0,0
pbt,bintrie,5,4,storage_mixed_k1,2,,6103,0,0,0.0365,2.8947,0.0016,0.1496,3.2902,0,4,0,0,0,0,0,0,0,0,0,0,4,0,0,0,0,0,0,0,0,0
pbt,bintrie,5,4,storage_mixed_k1,2,,6104,0,0,0.0439,23.4739,0.0026,0.2211,24.0051,0,4,0,0,0,0,0,0,0,0,0,0,4,0,0,0,0,0,0,0,0,0
pbt,bintrie,5,4,storage_mixed_k1,2,,6105,91678,2,0.1112,13.8366,4.3252,5.1657,24.6109,3.7251,11,0,0,0,3,0,0,0,1,303,7,4,63.64,0,0,0,0,0,0,0,0
pbt,bintrie,5,4,storage_mixed_k1,2,,6106,5911513,1,78.7305,17.5327,7.9757,2.1877,113.2592,52.1945,8,638,2,331,3,0,96,0,0,0,3,5,37.5,299,339,46.87,2,0,100,331,0
pbt,bintrie,5,4,storage_mixed_k1,2,,6107,21000,1,0.0643,16.3278,8.5305,0.8468,25.9838,0.8082,6,0,0,0,2,0,0,0,0,0,2,4,33.33,0,0,0,0,0,0,0,0
pbt,bintrie,5,4,storage_mixed_k1,2,,6108,0,0,0.0598,15.6808,0.0022,0.2062,16.3211,0,4,0,0,0,0,0,0,0,0,0,0,4,0,0,0,0,0,0,0,0,0
pbt,bintrie,5,4,storage_mixed_k1,3,,6109,0,0,0.0835,22.5425,0.003,0.1863,23.0576,0,4,0,0,0,0,0,0,0,0,0,0,4,0,0,0,0,0,0,0,0,0
pbt,bintrie,5,4,storage_mixed_k1,3,,6110,0,0,0.0317,3.8723,0.0021,0.1333,4.2264,0,4,0,0,0,0,0,0,0,0,0,0,4,0,0,0,0,0,0,0,0,0
pbt,bintrie,5,4,storage_mixed_k1,3,,6111,0,0,0.0506,17.881,0.0032,0.1248,18.2587,0,4,0,0,0,0,0,0,0,0,0,0,4,0,0,0,0,0,0,0,0,0
pbt,bintrie,5,4,storage_mixed_k1,3,,6112,91678,2,0.1275,1.5557,15.2459,4.5529,24.5262,3.738,11,0,0,0,3,0,0,0,1,303,5,6,45.45,0,0,0,0,0,0,0,0
pbt,bintrie,5,4,storage_mixed_k1,3,,6113,5911513,1,74.3483,5.5585,5.6505,2.0927,87.9775,67.1935,8,638,2,331,3,0,96,0,0,0,3,5,37.5,215,423,33.7,2,0,100,331,0
pbt,bintrie,5,4,storage_mixed_k1,3,,6114,21000,1,0.2649,12.0863,12.4943,0.817,26.2634,0.7996,6,0,0,0,2,0,0,0,0,0,2,4,33.33,0,0,0,0,0,0,0,0
pbt,bintrie,5,4,storage_mixed_k1,3,,6115,0,0,0.0428,10.422,0.0029,0.2153,10.886,0,4,0,0,0,0,0,0,0,0,0,0,4,0,0,0,0,0,0,0,0,0
pbt,bintrie,5,4,storage_mixed_k1,4,,6116,0,0,0.044,27.4329,0.0028,0.1769,27.9558,0,4,0,0,0,0,0,0,0,0,0,0,4,0,0,0,0,0,0,0,0,0
pbt,bintrie,5,4,storage_mixed_k1,4,,6117,0,0,0.0354,2.8446,0.0047,0.1489,3.1858,0,4,0,0,0,0,0,0,0,0,0,0,4,0,0,0,0,0,0,0,0,0
pbt,bintrie,5,4,storage_mixed_k1,4,,6118,0,0,0.0465,7.8407,0.0018,0.6519,8.7084,0,4,0,0,0,0,0,0,0,0,0,0,4,0,0,0,0,0,0,0,0,0
pbt,bintrie,5,4,storage_mixed_k1,4,,6119,91678,2,0.1575,18.0737,16.6944,5.5017,40.6448,2.2556,11,0,0,0,3,0,0,0,1,303,5,6,45.45,0,0,0,0,0,0,0,0
pbt,bintrie,5,4,storage_mixed_k1,4,,6120,5911513,1,60.0201,6.3352,5.3498,1.2605,86.3738,68.4411,8,638,2,331,3,0,96,0,0,0,3,5,37.5,89,549,13.95,2,0,100,331,0
pbt,bintrie,5,4,storage_mixed_k1,4,,6121,21000,1,0.0789,42.6985,2.2483,0.5047,45.74,0.4591,6,0,0,0,2,0,0,0,0,0,2,4,33.33,0,0,0,0,0,0,0,0
pbt,bintrie,5,4,storage_mixed_k1,4,,6122,0,0,0.0345,24.4325,0.0021,0.1342,24.7755,0,4,0,0,0,0,0,0,0,0,0,0,4,0,0,0,0,0,0,0,0,0
pbt,bintrie,5,4,storage_mixed_k1,5,,6123,0,0,0.0391,17.9362,0.0023,0.2072,18.4021,0,4,0,0,0,0,0,0,0,0,0,0,4,0,0,0,0,0,0,0,0,0
pbt,bintrie,5,4,storage_mixed_k1,5,,6124,0,0,0.1928,10.6027,0.0039,0.1903,11.253,0,4,0,0,0,0,0,0,0,0,0,0,4,0,0,0,0,0,0,0,0,0
pbt,bintrie,5,4,storage_mixed_k1,5,,6125,0,0,0.0299,3.0463,0.002,0.1452,3.3566,0,4,0,0,0,0,0,0,0,0,0,0,4,0,0,0,0,0,0,0,0,0
pbt,bintrie,5,4,storage_mixed_k1,5,,6126,91678,2,0.1686,3.6977,15.7842,5.3465,25.2696,3.628,11,0,0,0,3,0,0,0,1,303,5,6,45.45,0,0,0,0,0,0,0,0
pbt,bintrie,5,4,storage_mixed_k1,5,,6127,5911513,1,62.6542,3.2778,18.7263,1.0538,86.2117,68.5698,8,638,2,331,3,0,96,0,0,0,4,4,50,443,195,69.44,2,0,100,331,0
pbt,bintrie,5,4,storage_mixed_k1,5,,6128,21000,1,0.146,11.6208,3.7241,0.8845,16.6132,1.2641,6,0,0,0,2,0,0,0,0,0,2,4,33.33,0,0,0,0,0,0,0,0
pbt,bintrie,5,4,storage_mixed_k1,5,,6129,0,0,0.0317,4.2468,0.0022,0.1094,4.5642,0,4,0,0,0,0,0,0,0,0,0,0,4,0,0,0,0,0,0,0,0,0
pbt,bintrie,5,4,storage_mixed_k1,6,,6130,0,0,0.0636,20.4086,0.0035,0.2739,20.9458,0,4,0,0,0,0,0,0,0,0,0,0,4,0,0,0,0,0,0,0,0,0
pbt,bintrie,5,4,storage_mixed_k1,6,,6131,0,0,0.0354,2.8623,0.0024,0.1469,3.2483,0,4,0,0,0,0,0,0,0,0,0,0,4,0,0,0,0,0,0,0,0,0
pbt,bintrie,5,4,storage_mixed_k1,6,,6132,0,0,0.0301,4.3352,0.002,0.1238,4.6713,0,4,0,0,0,0,0,0,0,0,0,0,4,0,0,0,0,0,0,0,0,0
pbt,bintrie,5,4,storage_mixed_k1,6,,6133,91678,2,0.1724,16.4545,6.9473,7.057,31.2783,2.931,11,0,0,0,3,0,0,0,1,303,6,5,54.55,0,0,0,0,0,0,0,0
pbt,bintrie,5,4,storage_mixed_k1,6,,6134,5911513,1,54.6769,24.7401,3.9689,0.966,86.9557,67.9831,8,638,2,331,3,0,96,0,0,0,3,5,37.5,117,521,18.34,2,0,100,331,0
pbt,bintrie,5,4,storage_mixed_k1,6,,6135,21000,1,0.093,6.2442,16.082,0.4973,23.1328,0.9078,6,0,0,0,2,0,0,0,0,0,2,4,33.33,0,0,0,0,0,0,0,0
pbt,bintrie,5,4,storage_mixed_k1,6,,6136,0,0,0.0483,19.5065,0.0049,0.1792,20.1046,0,4,0,0,0,0,0,0,0,0,0,0,4,0,0,0,0,0,0,0,0,0
pbt,bintrie,5,4,storage_mixed_k1,7,,6137,0,0,0.0607,19.385,0.0022,0.1947,19.8683,0,4,0,0,0,0,0,0,0,0,0,0,4,0,0,0,0,0,0,0,0,0
pbt,bintrie,5,4,storage_mixed_k1,7,,6138,0,0,0.0468,6.6421,0.0037,0.2526,7.1642,0,4,0,0,0,0,0,0,0,0,0,0,4,0,0,0,0,0,0,0,0,0
pbt,bintrie,5,4,storage_mixed_k1,7,,6139,0,0,0.0305,4.9407,0.0031,0.1788,10.9815,0,4,0,0,0,0,0,0,0,0,0,0,4,0,0,0,0,0,0,0,0,0
pbt,bintrie,5,4,storage_mixed_k1,7,,6140,91678,2,0.1147,28.2446,12.6417,8.9819,50.199,1.8263,11,0,0,0,3,0,0,0,1,303,6,5,54.55,0,0,0,0,0,0,0,0
pbt,bintrie,5,4,storage_mixed_k1,7,,6141,5911513,1,54.2183,15.0145,7.3585,1.0401,77.9824,75.8058,8,638,2,331,3,0,96,0,0,0,3,5,37.5,64,574,10.03,2,0,100,331,0
pbt,bintrie,5,4,storage_mixed_k1,7,,6142,21000,1,0.0833,17.057,2.487,0.5665,20.4196,1.0284,6,0,0,0,2,0,0,0,0,0,2,4,33.33,0,0,0,0,0,0,0,0
pbt,bintrie,5,4,storage_mixed_k1,7,,6143,0,0,0.0495,23.0344,0.0028,0.2154,23.5612,0,4,0,0,0,0,0,0,0,0,0,0,4,0,0,0,0,0,0,0,0,0
pbt,bintrie,5,4,storage_mixed_k1,8,,6144,0,0,0.052,23.0009,0.0032,0.2384,23.5109,0,4,0,0,0,0,0,0,0,0,0,0,4,0,0,0,0,0,0,0,0,0
pbt,bintrie,5,4,storage_mixed_k1,8,,6145,0,0,0.0316,8.8723,0.0021,0.1427,9.2109,0,4,0,0,0,0,0,0,0,0,0,0,4,0,0,0,0,0,0,0,0,0
pbt,bintrie,5,4,storage_mixed_k1,8,,6146,91678,2,0.1284,16.2963,4.3568,5.8179,34.1236,2.6866,11,0,0,0,3,0,0,0,1,303,5,6,45.45,0,0,0,0,0,0,0,0
pbt,bintrie,5,4,storage_mixed_k1,8,,6147,5911513,1,88.9176,7.2816,12.9533,1.4703,110.9712,53.2707,8,638,2,331,3,0,96,0,0,0,4,4,50,97,541,15.2,2,0,100,331,0
pbt,bintrie,5,4,storage_mixed_k1,8,,6148,21000,1,0.2492,3.8253,0.561,0.5244,7.9647,2.6366,6,0,0,0,2,0,0,0,0,0,0,6,0,0,0,0,0,0,0,0,0
pbt,bintrie,5,4,storage_mixed_k1,8,,6149,0,0,0.0349,12.304,0.0033,0.1667,12.6788,0,4,0,0,0,0,0,0,0,0,0,0,4,0,0,0,0,0,0,0,0,0
pbt,bintrie,5,4,storage_mixed_k1,9,,6150,0,0,0.0503,28.9756,0.0032,0.2281,29.4571,0,4,0,0,0,0,0,0,0,0,0,0,4,0,0,0,0,0,0,0,0,0
pbt,bintrie,5,4,storage_mixed_k1,9,,6151,0,0,0.0244,2.6644,0.0048,0.1406,2.9875,0,4,0,0,0,0,0,0,0,0,0,0,4,0,0,0,0,0,0,0,0,0
pbt,bintrie,5,4,storage_mixed_k1,9,,6152,0,0,0.0514,4.8522,0.0026,0.1291,5.2859,0,4,0,0,0,0,0,0,0,0,0,0,4,0,0,0,0,0,0,0,0,0
pbt,bintrie,5,4,storage_mixed_k1,9,,6153,91678,2,0.1586,13.6561,15.5873,5.8587,35.4449,2.5865,11,0,0,0,3,0,0,0,1,303,6,5,54.55,0,0,0,0,0,0,0,0
pbt,bintrie,5,4,storage_mixed_k1,9,,6154,5911513,1,58.5174,25.6116,3.093,1.1392,88.6596,66.6765,8,638,2,331,3,0,96,0,0,0,4,4,50,430,208,67.4,2,0,100,331,0
pbt,bintrie,5,4,storage_mixed_k1,9,,6155,21000,1,0.0712,3.5326,21.8424,0.528,26.1767,0.8022,6,0,0,0,2,0,0,0,0,0,2,4,33.33,0,0,0,0,0,0,0,0
pbt,bintrie,5,4,storage_mixed_k1,9,,6156,0,0,0.0425,10.1473,0.004,0.2076,14.3898,0,4,0,0,0,0,0,0,0,0,0,0,4,0,0,0,0,0,0,0,0,0
pbt,bintrie,5,4,storage_mixed_k10,10,,6294,0,0,0.0411,20.1603,0.0024,0.2033,20.6103,0,4,0,0,0,0,0,0,0,0,0,0,4,0,0,0,0,0,0,0,0,0
pbt,bintrie,5,4,storage_mixed_k10,10,,6295,0,0,0.0301,6.7269,0.0023,0.1972,7.1256,0,4,0,0,0,0,0,0,0,0,0,0,4,0,0,0,0,0,0,0,0,0
pbt,bintrie,5,4,storage_mixed_k10,10,,6296,0,0,0.0286,5.2956,0.0023,0.1395,5.6008,0,4,0,0,0,0,0,0,0,0,0,0,4,0,0,0,0,0,0,0,0,0
pbt,bintrie,5,4,storage_mixed_k10,10,,6297,91710,2,0.1493,27.4955,5.1437,6.2597,39.2912,2.3341,11,0,0,0,3,0,0,0,1,305,6,5,54.55,0,0,0,0,0,0,0,0
pbt,bintrie,5,4,storage_mixed_k10,10,,6298,5908267,1,69.0529,6.7735,11.4648,4.2285,91.8314,64.3382,17,723,11,585,3,0,85,0,0,0,8,9,47.06,123,600,17.01,11,0,100,585,0
pbt,bintrie,5,4,storage_mixed_k10,10,,6299,21000,1,0.0733,13.205,2.8552,0.7823,17.1437,1.2249,6,0,0,0,2,0,0,0,0,0,2,4,33.33,0,0,0,0,0,0,0,0
pbt,bintrie,5,4,storage_mixed_k10,10,,6300,0,0,0.0363,14.8556,0.0036,0.9691,16.0691,0,4,0,0,0,0,0,0,0,0,0,0,4,0,0,0,0,0,0,0,0,0
pbt,bintrie,5,4,storage_mixed_k10,11,,6301,0,0,0.0519,19.1978,0.0028,0.2164,19.6542,0,4,0,0,0,0,0,0,0,0,0,0,4,0,0,0,0,0,0,0,0,0
pbt,bintrie,5,4,storage_mixed_k10,11,,6302,0,0,0.1345,8.3372,0.0026,0.2332,9.4183,0,4,0,0,0,0,0,0,0,0,0,0,4,0,0,0,0,0,0,0,0,0
pbt,bintrie,5,4,storage_mixed_k10,11,,6303,0,0,0.0337,20.4783,0.0034,0.1437,20.8186,0,4,0,0,0,0,0,0,0,0,0,0,4,0,0,0,0,0,0,0,0,0
pbt,bintrie,5,4,storage_mixed_k10,11,,6304,91710,2,0.2139,16.764,7.6194,10.2264,35.059,2.6159,11,0,0,0,3,0,0,0,1,305,5,6,45.45,0,0,0,0,0,0,0,0
pbt,bintrie,5,4,storage_mixed_k10,11,,6305,5908267,1,64.2542,18.7694,9.3032,1.0847,94.0492,62.821,17,723,11,585,3,0,85,0,0,0,4,13,23.53,116,607,16.04,11,0,100,585,0
pbt,bintrie,5,4,storage_mixed_k10,11,,6306,21000,1,0.073,13.3239,3.5083,0.5938,17.6579,1.1893,6,0,0,0,2,0,0,0,0,0,2,4,33.33,0,0,0,0,0,0,0,0
pbt,bintrie,5,4,storage_mixed_k10,11,,6307,0,0,0.0237,14.2658,0.0016,0.1639,14.6175,0,4,0,0,0,0,0,0,0,0,0,0,4,0,0,0,0,0,0,0,0,0
pbt,bintrie,5,4,storage_mixed_k10,12,,6308,0,0,0.1758,13.4267,0.0024,0.2432,14.0655,0,4,0,0,0,0,0,0,0,0,0,0,4,0,0,0,0,0,0,0,0,0
pbt,bintrie,5,4,storage_mixed_k10,12,,6309,0,0,0.0439,13.3701,0.0034,0.286,13.9301,0,4,0,0,0,0,0,0,0,0,0,0,4,0,0,0,0,0,0,0,0,0
pbt,bintrie,5,4,storage_mixed_k10,12,,6310,0,0,0.1121,12.9023,0.0018,0.6656,13.9129,0,4,0,0,0,0,0,0,0,0,0,0,4,0,0,0,0,0,0,0,0,0
pbt,bintrie,5,4,storage_mixed_k10,12,,6311,91710,2,0.4623,17.0393,10.7889,7.4014,36.1182,2.5392,11,0,0,0,3,0,0,0,1,305,6,5,54.55,0,0,0,0,0,0,0,0
pbt,bintrie,5,4,storage_mixed_k10,12,,6312,5908267,1,60.0776,21.1131,15.8939,1.7619,100.1191,59.0124,17,723,11,585,3,0,85,0,0,0,10,7,58.82,144,579,19.92,11,0,100,585,0
pbt,bintrie,5,4,storage_mixed_k10,12,,6313,21000,1,0.091,18.0262,2.8226,0.8799,22.0356,0.953,6,0,0,0,2,0,0,0,0,0,2,4,33.33,0,0,0,0,0,0,0,0
pbt,bintrie,5,4,storage_mixed_k10,12,,6314,0,0,0.0249,2.6062,0.0014,0.1159,2.9206,0,4,0,0,0,0,0,0,0,0,0,0,4,0,0,0,0,0,0,0,0,0
pbt,bintrie,5,4,storage_mixed_k10,13,,6315,0,0,0.0561,23.7516,0.0033,0.2029,24.9346,0,4,0,0,0,0,0,0,0,0,0,0,4,0,0,0,0,0,0,0,0,0
pbt,bintrie,5,4,storage_mixed_k10,13,,6316,0,0,0.1132,9.09,0.0057,0.2084,9.6781,0,4,0,0,0,0,0,0,0,0,0,0,4,0,0,0,0,0,0,0,0,0
pbt,bintrie,5,4,storage_mixed_k10,13,,6317,0,0,0.0369,23.0481,0.0023,0.1189,23.3644,0,4,0,0,0,0,0,0,0,0,0,0,4,0,0,0,0,0,0,0,0,0
pbt,bintrie,5,4,storage_mixed_k10,13,,6318,91710,2,0.1001,17.9046,12.0486,7.2966,37.5298,2.4437,11,0,0,0,3,0,0,0,1,305,6,5,54.55,0,0,0,0,0,0,0,0
pbt,bintrie,5,4,storage_mixed_k10,13,,6319,5908267,1,65.6848,17.8437,7.2466,1.08,100.9443,58.53,17,723,11,585,3,0,85,0,0,0,2,15,11.76,470,253,65.01,11,0,100,585,0
pbt,bintrie,5,4,storage_mixed_k10,13,,6320,21000,1,0.0736,13.0084,6.4984,0.8684,20.6384,1.0175,6,0,0,0,2,0,0,0,0,0,2,4,33.33,0,0,0,0,0,0,0,0
pbt,bintrie,5,4,storage_mixed_k10,13,,6321,0,0,0.0425,12.7421,0.0022,0.1137,13.1024,0,4,0,0,0,0,0,0,0,0,0,0,4,0,0,0,0,0,0,0,0,0
pbt,bintrie,5,4,storage_mixed_k10,14,,6322,0,0,0.0434,4.5188,0.0021,0.2814,5.1101,0,4,0,0,0,0,0,0,0,0,0,0,4,0,0,0,0,0,0,0,0,0
pbt,bintrie,5,4,storage_mixed_k10,14,,6323,0,0,0.0294,19.1264,0.0033,0.1221,19.4816,0,4,0,0,0,0,0,0,0,0,0,0,4,0,0,0,0,0,0,0,0,0
pbt,bintrie,5,4,storage_mixed_k10,14,,6324,0,0,0.0344,4.6501,0.0021,0.1307,4.978,0,4,0,0,0,0,0,0,0,0,0,0,4,0,0,0,0,0,0,0,0,0
pbt,bintrie,5,4,storage_mixed_k10,14,,6325,91710,2,8.7518,7.595,14.8312,5.1639,36.5769,2.5073,11,0,0,0,3,0,0,0,1,305,5,6,45.45,0,0,0,0,0,0,0,0
pbt,bintrie,5,4,storage_mixed_k10,14,,6326,5908267,1,63.1261,30.9247,8.4422,1.3374,110.5657,53.4367,17,723,11,585,3,0,85,0,0,0,3,14,17.65,3,720,0.41,11,0,100,585,0
pbt,bintrie,5,4,storage_mixed_k10,14,,6327,21000,1,0.0908,13.5547,3.7882,0.4614,18.1187,1.159,6,0,0,0,2,0,0,0,0,0,2,4,33.33,0,0,0,0,0,0,0,0
pbt,bintrie,5,4,storage_mixed_k10,14,,6328,0,0,0.0599,8.3195,0.0047,0.2192,12.9021,0,4,0,0,0,0,0,0,0,0,0,0,4,0,0,0,0,0,0,0,0,0
pbt,bintrie,5,4,storage_mixed_k10,15,,6329,0,0,0.0401,3.4135,0.0024,2.8273,6.535,0,4,0,0,0,0,0,0,0,0,0,0,4,0,0,0,0,0,0,0,0,0
pbt,bintrie,5,4,storage_mixed_k10,15,,6330,0,0,0.0299,3.1515,0.0022,0.1897,3.5387,0,4,0,0,0,0,0,0,0,0,0,0,4,0,0,0,0,0,0,0,0,0
pbt,bintrie,5,4,storage_mixed_k10,15,,6331,0,0,0.0489,11.7182,0.0024,0.2081,12.1918,0,4,0,0,0,0,0,0,0,0,0,0,4,0,0,0,0,0,0,0,0,0
pbt,bintrie,5,4,storage_mixed_k10,15,,6332,91710,2,0.0874,21.8852,4.6507,7.2196,34.0131,2.6963,11,0,0,0,3,0,0,0,1,305,7,4,63.64,0,0,0,0,0,0,0,0
pbt,bintrie,5,4,storage_mixed_k10,15,,6333,5908267,1,66.7007,18.7718,8.3883,1.5548,103.2444,57.226,17,723,11,585,3,0,85,0,0,0,4,13,23.53,297,426,41.08,11,0,100,585,0
pbt,bintrie,5,4,storage_mixed_k10,15,,6334,21000,1,0.0861,24.3804,2.4043,0.4796,27.5238,0.763,6,0,0,0,2,0,0,0,0,0,2,4,33.33,0,0,0,0,0,0,0,0
pbt,bintrie,5,4,storage_mixed_k10,15,,6335,0,0,0.0345,5.5229,0.0033,0.172,17.2074,0,4,0,0,0,0,0,0,0,0,0,0,4,0,0,0,0,0,0,0,0,0
pbt,bintrie,5,4,storage_mixed_k10,16,,6336,0,0,0.0513,3.82,0.0062,1.7474,7.3258,0,4,0,0,0,0,0,0,0,0,0,0,4,0,0,0,0,0,0,0,0,0
pbt,bintrie,5,4,storage_mixed_k10,16,,6337,0,0,0.0282,18.8565,0.0019,0.1447,19.1968,0,4,0,0,0,0,0,0,0,0,0,0,4,0,0,0,0,0,0,0,0,0
pbt,bintrie,5,4,storage_mixed_k10,16,,6338,0,0,0.0381,11.4389,0.0018,0.2032,11.8534,0,4,0,0,0,0,0,0,0,0,0,0,4,0,0,0,0,0,0,0,0,0
pbt,bintrie,5,4,storage_mixed_k10,16,,6339,91710,2,0.1149,26.5173,3.991,5.5043,36.3799,2.5209,11,0,0,0,3,0,0,0,1,305,6,5,54.55,0,0,0,0,0,0,0,0
pbt,bintrie,5,4,storage_mixed_k10,16,,6340,5908267,1,79.7937,14.4871,16.1207,0.9854,113.7048,51.9615,17,723,11,585,3,0,85,0,0,0,6,11,35.29,502,221,69.43,11,0,100,585,0
pbt,bintrie,5,4,storage_mixed_k10,16,,6341,21000,1,0.0732,12.752,3.8783,0.5404,21.9909,0.9549,6,0,0,0,2,0,0,0,0,0,2,4,33.33,0,0,0,0,0,0,0,0
pbt,bintrie,5,4,storage_mixed_k10,16,,6342,0,0,0.027,15.8142,0.0023,0.1157,16.1548,0,4,0,0,0,0,0,0,0,0,0,0,4,0,0,0,0,0,0,0,0,0
pbt,bintrie,5,4,storage_mixed_k10,17,,6343,0,0,0.0645,3.3485,0.0037,0.2804,10.5173,0,4,0,0,0,0,0,0,0,0,0,0,4,0,0,0,0,0,0,0,0,0
pbt,bintrie,5,4,storage_mixed_k10,17,,6344,0,0,0.0389,19.7551,0.0021,0.2031,20.2072,0,4,0,0,0,0,0,0,0,0,0,0,4,0,0,0,0,0,0,0,0,0
pbt,bintrie,5,4,storage_mixed_k10,17,,6345,0,0,0.0408,4.9797,0.002,0.1911,5.4116,0,4,0,0,0,0,0,0,0,0,0,0,4,0,0,0,0,0,0,0,0,0
pbt,bintrie,5,4,storage_mixed_k10,17,,6346,91710,2,0.107,24.9745,3.7305,6.1583,35.1872,2.6063,11,0,0,0,3,0,0,0,1,305,6,5,54.55,0,0,0,0,0,0,0,0
pbt,bintrie,5,4,storage_mixed_k10,17,,6347,5908267,1,73.8562,18.5795,10.39,1.005,106.8371,55.3017,17,723,11,585,3,0,85,0,0,0,5,12,29.41,178,545,24.62,11,0,100,585,0
pbt,bintrie,5,4,storage_mixed_k10,17,,6348,21000,1,0.0668,9.6628,6.7345,0.4757,17.2718,1.2159,6,0,0,0,2,0,0,0,0,0,2,4,33.33,0,0,0,0,0,0,0,0
pbt,bintrie,5,4,storage_mixed_k10,17,,6349,0,0,0.0247,2.5304,0.0019,0.1444,2.869,0,4,0,0,0,0,0,0,0,0,0,0,4,0,0,0,0,0,0,0,0,0
pbt,bintrie,5,4,storage_mixed_k10,18,,6350,0,0,0.0356,4.3391,0.0036,0.4727,7.8058,0,4,0,0,0,0,0,0,0,0,0,0,4,0,0,0,0,0,0,0,0,0
pbt,bintrie,5,4,storage_mixed_k10,18,,6351,0,0,0.0365,3.4922,0.0024,0.6237,4.3114,0,4,0,0,0,0,0,0,0,0,0,0,4,0,0,0,0,0,0,0,0,0
pbt,bintrie,5,4,storage_mixed_k10,18,,6352,0,0,0.0539,6.1938,0.0017,0.1506,6.5939,0,4,0,0,0,0,0,0,0,0,0,0,4,0,0,0,0,0,0,0,0,0
pbt,bintrie,5,4,storage_mixed_k10,18,,6353,91710,2,0.1008,26.0242,3.6305,5.7383,35.6744,2.5708,11,0,0,0,3,0,0,0,1,305,6,5,54.55,0,0,0,0,0,0,0,0
pbt,bintrie,5,4,storage_mixed_k10,18,,6354,5908267,1,68.1686,18.8584,11.9141,1.2888,102.3846,57.7066,17,723,11,585,3,0,85,0,0,0,2,15,11.76,139,584,19.23,11,0,100,585,0
pbt,bintrie,5,4,storage_mixed_k10,18,,6355,21000,1,0.0716,14.3415,3.8193,0.6677,19.1577,1.0962,6,0,0,0,2,0,0,0,0,0,2,4,33.33,0,0,0,0,0,0,0,0
pbt,bintrie,5,4,storage_mixed_k10,18,,6356,0,0,0.0379,5.5181,0.0025,0.1404,5.9007,0,4,0,0,0,0,0,0,0,0,0,0,4,0,0,0,0,0,0,0,0,0
pbt,bintrie,5,4,storage_mixed_k10,19,,6357,0,0,0.0416,3.0609,0.0024,0.3098,3.622,0,4,0,0,0,0,0,0,0,0,0,0,4,0,0,0,0,0,0,0,0,0
pbt,bintrie,5,4,storage_mixed_k10,19,,6358,0,0,0.0462,16.2427,0.0018,0.1221,16.5794,0,4,0,0,0,0,0,0,0,0,0,0,4,0,0,0,0,0,0,0,0,0
pbt,bintrie,5,4,storage_mixed_k10,19,,6359,0,0,0.0458,10.1575,0.003,0.1567,10.5745,0,4,0,0,0,0,0,0,0,0,0,0,4,0,0,0,0,0,0,0,0,0
pbt,bintrie,5,4,storage_mixed_k10,19,,6360,91710,2,0.1209,19.4119,2.5789,7.4459,29.7706,3.0806,11,0,0,0,3,0,0,0,1,305,5,6,45.45,0,0,0,0,0,0,0,0
pbt,bintrie,5,4,storage_mixed_k10,19,,6361,5908267,1,79.7591,17.286,7.9394,1.0058,110.3796,53.5268,17,723,11,585,3,0,85,0,0,0,5,12,29.41,518,205,71.65,11,0,100,585,0
pbt,bintrie,5,4,storage_mixed_k10,19,,6362,21000,1,0.6673,11.1188,14.232,0.5935,26.7977,0.7836,6,0,0,0,2,0,0,0,0,0,2,4,33.33,0,0,0,0,0,0,0,0
pbt,bintrie,5,4,storage_mixed_k10,19,,6363,0,0,0.047,15.9809,0.0021,0.1428,16.3971,0,4,0,0,0,0,0,0,0,0,0,0,4,0,0,0,0,0,0,0,0,0
pbt,bintrie,5,4,storage_mixed_k10,1,,6232,0,0,0.0517,23.4344,0.0027,0.1484,23.8939,0,4,0,0,0,0,0,0,0,0,0,0,4,0,0,0,0,0,0,0,0,0
pbt,bintrie,5,4,storage_mixed_k10,1,,6233,0,0,0.0522,21.3599,0.002,0.1955,21.8355,0,4,0,0,0,0,0,0,0,0,0,0,4,0,0,0,0,0,0,0,0,0
pbt,bintrie,5,4,storage_mixed_k10,1,,6234,0,0,0.0235,2.7936,0.0016,0.1074,3.1146,0,4,0,0,0,0,0,0,0,0,0,0,4,0,0,0,0,0,0,0,0,0
pbt,bintrie,5,4,storage_mixed_k10,1,,6235,91710,2,0.1307,18.9281,10.4654,7.3539,37.1596,2.468,11,0,0,0,3,0,0,0,1,305,6,5,54.55,0,0,0,0,0,0,0,0
pbt,bintrie,5,4,storage_mixed_k10,1,,6236,5908267,1,60.1506,21.9514,4.4851,1.3128,88.0934,67.0682,17,723,11,585,3,0,85,0,0,0,3,14,17.65,128,595,17.7,11,0,100,585,0
pbt,bintrie,5,4,storage_mixed_k10,1,,6237,21000,1,0.0869,15.2349,9.4707,0.8051,25.8164,0.8134,6,0,0,0,2,0,0,0,0,0,2,4,33.33,0,0,0,0,0,0,0,0
pbt,bintrie,5,4,storage_mixed_k10,1,,6238,0,0,0.0403,3.2614,0.002,0.1619,4.0061,0,4,0,0,0,0,0,0,0,0,0,0,4,0,0,0,0,0,0,0,0,0
pbt,bintrie,5,4,storage_mixed_k10,20,,6364,0,0,3.4289,7.3154,0.0027,0.2276,11.2781,0,4,0,0,0,0,0,0,0,0,0,0,4,0,0,0,0,0,0,0,0,0
pbt,bintrie,5,4,storage_mixed_k10,20,,6365,0,0,0.029,19.7068,0.0019,0.1523,20.0479,0,4,0,0,0,0,0,0,0,0,0,0,4,0,0,0,0,0,0,0,0,0
pbt,bintrie,5,4,storage_mixed_k10,20,,6366,0,0,0.0375,3.6162,0.0014,0.1146,3.9381,0,4,0,0,0,0,0,0,0,0,0,0,4,0,0,0,0,0,0,0,0,0
pbt,bintrie,5,4,storage_mixed_k10,20,,6367,91710,2,0.1355,17.5659,2.6647,8.5896,30.5525,3.0017,11,0,0,0,3,0,0,0,1,305,5,6,45.45,0,0,0,0,0,0,0,0
pbt,bintrie,5,4,storage_mixed_k10,20,,6368,5908267,1,64.9959,18.673,14.3741,1.0433,101.6915,58.0999,17,723,11,585,3,0,85,0,0,0,7,10,41.18,67,656,9.27,11,0,100,585,0
pbt,bintrie,5,4,storage_mixed_k10,20,,6369,21000,1,0.0659,22.6194,2.7149,0.6063,26.2316,0.8006,6,0,0,0,2,0,0,0,0,0,2,4,33.33,0,0,0,0,0,0,0,0
pbt,bintrie,5,4,storage_mixed_k10,20,,6370,0,0,0.0241,2.6377,0.0013,0.1449,2.9442,0,4,0,0,0,0,0,0,0,0,0,0,4,0,0,0,0,0,0,0,0,0
pbt,bintrie,5,4,storage_mixed_k10,2,,6239,0,0,0.0582,16.9925,0.0018,0.1819,17.444,0,4,0,0,0,0,0,0,0,0,0,0,4,0,0,0,0,0,0,0,0,0
pbt,bintrie,5,4,storage_mixed_k10,2,,6240,0,0,0.0482,12.9362,0.0022,0.3831,13.643,0,4,0,0,0,0,0,0,0,0,0,0,4,0,0,0,0,0,0,0,0,0
pbt,bintrie,5,4,storage_mixed_k10,2,,6241,0,0,0.0364,19.3947,0.0027,0.1637,19.824,0,4,0,0,0,0,0,0,0,0,0,0,4,0,0,0,0,0,0,0,0,0
pbt,bintrie,5,4,storage_mixed_k10,2,,6242,91710,2,0.1588,22.0284,8.7674,6.1055,37.2472,2.4622,11,0,0,0,3,0,0,0,1,305,5,6,45.45,0,0,0,0,0,0,0,0
pbt,bintrie,5,4,storage_mixed_k10,2,,6243,5908267,1,75.9886,19.8306,15.213,2.2524,113.8689,51.8866,17,723,11,585,3,0,85,0,0,0,3,14,17.65,56,667,7.75,11,0,100,585,0
pbt,bintrie,5,4,storage_mixed_k10,2,,6244,21000,1,0.0842,13.6441,4.7607,0.5958,27.7336,0.7572,6,0,0,0,2,0,0,0,0,0,2,4,33.33,0,0,0,0,0,0,0,0
pbt,bintrie,5,4,storage_mixed_k10,2,,6245,0,0,0.0449,15.4576,0.0043,0.4136,16.2969,0,4,0,0,0,0,0,0,0,0,0,0,4,0,0,0,0,0,0,0,0,0
pbt,bintrie,5,4,storage_mixed_k10,3,,6246,0,0,0.0611,18.0185,0.003,0.2686,18.5934,0,4,0,0,0,0,0,0,0,0,0,0,4,0,0,0,0,0,0,0,0,0
pbt,bintrie,5,4,storage_mixed_k10,3,,6247,0,0,0.0328,2.9678,0.0016,0.1969,3.3942,0,4,0,0,0,0,0,0,0,0,0,0,4,0,0,0,0,0,0,0,0,0
pbt,bintrie,5,4,storage_mixed_k10,3,,6248,0,0,0.1398,8.9832,0.0023,0.1385,9.4517,0,4,0,0,0,0,0,0,0,0,0,0,4,0,0,0,0,0,0,0,0,0
pbt,bintrie,5,4,storage_mixed_k10,3,,6249,91710,2,0.0862,22.0181,2.6332,6.2776,31.2288,2.9367,11,0,0,0,3,0,0,0,1,305,7,4,63.64,0,0,0,0,0,0,0,0
pbt,bintrie,5,4,storage_mixed_k10,3,,6250,5908267,1,59.7048,32.7761,6.104,1.3881,100.1967,58.9667,17,723,11,585,3,0,85,0,0,0,4,13,23.53,320,403,44.26,11,0,100,585,0
pbt,bintrie,5,4,storage_mixed_k10,3,,6251,21000,1,0.0778,16.9897,2.4797,0.9177,20.7177,1.0136,6,0,0,0,2,0,0,0,0,0,2,4,33.33,0,0,0,0,0,0,0,0
pbt,bintrie,5,4,storage_mixed_k10,3,,6252,0,0,0.0465,8.0371,0.0025,0.1933,8.4684,0,4,0,0,0,0,0,0,0,0,0,0,4,0,0,0,0,0,0,0,0,0
pbt,bintrie,5,4,storage_mixed_k10,4,,6253,0,0,0.0519,18.8213,0.0022,0.1429,19.2284,0,4,0,0,0,0,0,0,0,0,0,0,4,0,0,0,0,0,0,0,0,0
pbt,bintrie,5,4,storage_mixed_k10,4,,6254,0,0,0.037,3.2213,0.0023,0.1261,3.5689,0,4,0,0,0,0,0,0,0,0,0,0,4,0,0,0,0,0,0,0,0,0
pbt,bintrie,5,4,storage_mixed_k10,4,,6255,0,0,0.0433,24.9082,0.0024,0.1548,25.2869,0,4,0,0,0,0,0,0,0,0,0,0,4,0,0,0,0,0,0,0,0,0
pbt,bintrie,5,4,storage_mixed_k10,4,,6256,91710,2,3.2767,13.5582,4.0719,7.0731,28.2704,3.244,11,0,0,0,3,0,0,0,1,305,5,6,45.45,0,0,0,0,0,0,0,0
pbt,bintrie,5,4,storage_mixed_k10,4,,6257,5908267,1,57.3949,15.6564,6.3136,1.166,80.7714,73.148,17,723,11,585,3,0,85,0,0,0,6,11,35.29,192,531,26.56,11,0,100,585,0
pbt,bintrie,5,4,storage_mixed_k10,4,,6258,21000,1,0.077,3.3163,15.9806,0.5477,20.1222,1.0436,6,0,0,0,2,0,0,0,0,0,2,4,33.33,0,0,0,0,0,0,0,0
pbt,bintrie,5,4,storage_mixed_k10,4,,6259,0,0,0.0379,6.4008,0.0017,0.1252,6.7276,0,4,0,0,0,0,0,0,0,0,0,0,4,0,0,0,0,0,0,0,0,0
pbt,bintrie,5,4,storage_mixed_k10,5,,6260,0,0,0.0459,18.9102,0.002,0.1418,19.2767,0,4,0,0,0,0,0,0,0,0,0,0,4,0,0,0,0,0,0,0,0,0
pbt,bintrie,5,4,storage_mixed_k10,5,,6261,0,0,0.0412,11.0983,0.0029,0.2153,11.5801,0,4,0,0,0,0,0,0,0,0,0,0,4,0,0,0,0,0,0,0,0,0
pbt,bintrie,5,4,storage_mixed_k10,5,,6262,0,0,0.0532,30.4368,0.0022,0.2226,31.9369,0,4,0,0,0,0,0,0,0,0,0,0,4,0,0,0,0,0,0,0,0,0
pbt,bintrie,5,4,storage_mixed_k10,5,,6263,91710,2,0.1135,21.9675,4.6897,8.2697,35.2487,2.6018,11,0,0,0,3,0,0,0,1,305,6,5,54.55,0,0,0,0,0,0,0,0
pbt,bintrie,5,4,storage_mixed_k10,5,,6264,5908267,1,72.1346,3.4564,16.6201,1.2768,95.043,62.1641,17,723,11,585,3,0,85,0,0,0,7,10,41.18,544,179,75.24,11,0,100,585,0
pbt,bintrie,5,4,storage_mixed_k10,5,,6265,21000,1,0.0645,12.1451,5.3343,0.976,27.8112,0.7551,6,0,0,0,2,0,0,0,0,0,2,4,33.33,0,0,0,0,0,0,0,0
pbt,bintrie,5,4,storage_mixed_k10,5,,6266,0,0,0.042,3.1396,0.0023,0.2297,3.6608,0,4,0,0,0,0,0,0,0,0,0,0,4,0,0,0,0,0,0,0,0,0
pbt,bintrie,5,4,storage_mixed_k10,6,,6267,0,0,0.0598,17.3314,0.0019,0.2477,17.8776,0,4,0,0,0,0,0,0,0,0,0,0,4,0,0,0,0,0,0,0,0,0
pbt,bintrie,5,4,storage_mixed_k10,6,,6268,0,0,0.0345,2.667,0.0019,0.1089,2.9643,0,4,0,0,0,0,0,0,0,0,0,0,4,0,0,0,0,0,0,0,0,0
pbt,bintrie,5,4,storage_mixed_k10,6,,6269,0,0,0.0587,17.0987,0.0028,0.1566,17.9759,0,4,0,0,0,0,0,0,0,0,0,0,4,0,0,0,0,0,0,0,0,0
pbt,bintrie,5,4,storage_mixed_k10,6,,6270,91710,2,0.0924,18.001,3.9134,8.0974,30.3381,3.0229,11,0,0,0,3,0,0,0,1,305,7,4,63.64,0,0,0,0,0,0,0,0
pbt,bintrie,5,4,storage_mixed_k10,6,,6271,5908267,1,60.6181,7.1421,24.92,1.1129,94.0052,62.8504,17,723,11,585,3,0,85,0,0,0,5,12,29.41,483,240,66.8,11,0,100,585,0
pbt,bintrie,5,4,storage_mixed_k10,6,,6272,21000,1,0.5854,1.01,2.8005,0.4983,5.1274,4.0957,6,0,0,0,2,0,0,0,0,0,0,6,0,0,0,0,0,0,0,0,0
pbt,bintrie,5,4,storage_mixed_k10,7,,6273,0,0,0.0436,18.0472,0.002,0.148,18.4773,0,4,0,0,0,0,0,0,0,0,0,0,4,0,0,0,0,0,0,0,0,0
pbt,bintrie,5,4,storage_mixed_k10,7,,6274,0,0,0.0294,2.9019,0.002,0.1982,3.3134,0,4,0,0,0,0,0,0,0,0,0,0,4,0,0,0,0,0,0,0,0,0
pbt,bintrie,5,4,storage_mixed_k10,7,,6275,0,0,0.0445,24.2082,0.002,0.7089,26.3794,0,4,0,0,0,0,0,0,0,0,0,0,4,0,0,0,0,0,0,0,0,0
pbt,bintrie,5,4,storage_mixed_k10,7,,6276,91710,2,0.091,17.765,3.2407,8.229,29.48,3.1109,11,0,0,0,3,0,0,0,1,305,6,5,54.55,0,0,0,0,0,0,0,0
pbt,bintrie,5,4,storage_mixed_k10,7,,6277,5908267,1,56.1205,9.5597,23.5294,1.8801,92.1498,64.1159,17,723,11,585,3,0,85,0,0,0,7,10,41.18,203,520,28.08,11,0,100,585,0
pbt,bintrie,5,4,storage_mixed_k10,7,,6278,21000,1,0.0825,22.695,2.6144,0.56,26.1402,0.8034,6,0,0,0,2,0,0,0,0,0,2,4,33.33,0,0,0,0,0,0,0,0
pbt,bintrie,5,4,storage_mixed_k10,7,,6279,0,0,0.0408,13.5243,0.0033,0.1838,13.9665,0,4,0,0,0,0,0,0,0,0,0,0,4,0,0,0,0,0,0,0,0,0
pbt,bintrie,5,4,storage_mixed_k10,8,,6280,0,0,0.0416,15.7546,0.0028,0.2038,16.2629,0,4,0,0,0,0,0,0,0,0,0,0,4,0,0,0,0,0,0,0,0,0
pbt,bintrie,5,4,storage_mixed_k10,8,,6281,0,0,0.0409,3.2581,0.0024,0.3805,3.9009,0,4,0,0,0,0,0,0,0,0,0,0,4,0,0,0,0,0,0,0,0,0
pbt,bintrie,5,4,storage_mixed_k10,8,,6282,0,0,0.13,22.7239,0.0019,0.1179,23.1633,0,4,0,0,0,0,0,0,0,0,0,0,4,0,0,0,0,0,0,0,0,0
pbt,bintrie,5,4,storage_mixed_k10,8,,6283,91710,2,0.1299,17.6207,15.8788,5.9302,39.8532,2.3012,11,0,0,0,3,0,0,0,1,305,5,6,45.45,0,0,0,0,0,0,0,0
pbt,bintrie,5,4,storage_mixed_k10,8,,6284,5908267,1,70.6776,12.0228,13.5188,1.2616,97.8123,60.4042,17,723,11,585,3,0,85,0,0,0,5,12,29.41,68,655,9.41,11,0,100,585,0
pbt,bintrie,5,4,storage_mixed_k10,8,,6285,21000,1,0.0613,3.5636,11.4455,0.5315,16.3482,1.2845,6,0,0,0,2,0,0,0,0,0,2,4,33.33,0,0,0,0,0,0,0,0
pbt,bintrie,5,4,storage_mixed_k10,8,,6286,0,0,0.0262,4.3948,0.0015,0.1329,4.7203,0,4,0,0,0,0,0,0,0,0,0,0,4,0,0,0,0,0,0,0,0,0
pbt,bintrie,5,4,storage_mixed_k10,9,,6287,0,0,0.0581,19.8962,0.002,0.1756,20.328,0,4,0,0,0,0,0,0,0,0,0,0,4,0,0,0,0,0,0,0,0,0
pbt,bintrie,5,4,storage_mixed_k10,9,,6288,0,0,0.0341,20.1362,0.0015,0.1226,20.4717,0,4,0,0,0,0,0,0,0,0,0,0,4,0,0,0,0,0,0,0,0,0
pbt,bintrie,5,4,storage_mixed_k10,9,,6289,0,0,0.0737,19.9732,0.0032,0.8214,22.5535,0,4,0,0,0,0,0,0,0,0,0,0,4,0,0,0,0,0,0,0,0,0
pbt,bintrie,5,4,storage_mixed_k10,9,,6290,91710,2,0.1275,26.4979,3.0268,7.2833,40.4774,2.2657,11,0,0,0,3,0,0,0,1,305,6,5,54.55,0,0,0,0,0,0,0,0
pbt,bintrie,5,4,storage_mixed_k10,9,,6291,5908267,1,78.3086,26.8335,3.0951,1.143,109.9574,53.7323,17,723,11,585,3,0,85,0,0,0,5,12,29.41,156,567,21.58,11,0,100,585,0
pbt,bintrie,5,4,storage_mixed_k10,9,,6292,21000,1,0.0735,14.6344,2.6404,0.4712,18.0219,1.1653,6,0,0,0,2,0,0,0,0,0,2,4,33.33,0,0,0,0,0,0,0,0
pbt,bintrie,5,4,storage_mixed_k10,9,,6293,0,0,0.0387,18.2449,0.0178,0.5477,19.1228,0,4,0,0,0,0,0,0,0,0,0,0,4,0,0,0,0,0,0,0,0,0
pbt,bintrie,5,4,storage_mixed_k100,10,,6430,0,0,0.466,8.5144,0.002,0.1777,9.3352,0,4,0,0,0,0,0,0,0,0,0,0,4,0,0,0,0,0,0,0,0,0
pbt,bintrie,5,4,storage_mixed_k100,10,,6431,0,0,0.037,19.2391,0.0019,0.1391,19.6647,0,4,0,0,0,0,0,0,0,0,0,0,4,0,0,0,0,0,0,0,0,0
pbt,bintrie,5,4,storage_mixed_k100,10,,6432,0,0,0.0356,3.0157,0.0027,1.3081,5.9853,0,4,0,0,0,0,0,0,0,0,0,0,4,0,0,0,0,0,0,0,0,0
pbt,bintrie,5,4,storage_mixed_k100,10,,6433,91710,2,0.1165,23.0754,10.4728,8.693,42.5218,2.1568,11,0,0,0,3,0,0,0,1,305,5,6,45.45,0,0,0,0,0,0,0,0
pbt,bintrie,5,4,storage_mixed_k100,10,,6434,5920754,1,51.9165,15.294,12.1248,1.4999,92.1235,64.2697,107,785,101,3105,11,0,77,0,0,0,9,98,8.41,17,768,2.17,101,0,100,3105,0
pbt,bintrie,5,4,storage_mixed_k100,10,,6435,0,0,0.0327,12.3672,0.0026,0.2506,12.82,0,4,0,0,0,0,0,0,0,0,0,0,4,0,0,0,0,0,0,0,0,0
pbt,bintrie,5,4,storage_mixed_k100,10,,6436,21000,1,0.0872,9.0015,7.3291,0.4868,22.0614,0.9519,6,0,0,0,2,0,0,0,0,0,2,4,33.33,0,0,0,0,0,0,0,0
pbt,bintrie,5,4,storage_mixed_k100,10,,6437,0,0,0.05,23.1203,0.0029,0.131,25.0477,0,4,0,0,0,0,0,0,0,0,0,0,4,0,0,0,0,0,0,0,0,0
pbt,bintrie,5,4,storage_mixed_k100,11,,6438,0,0,0.6862,5.0169,0.0026,0.338,6.2684,0,4,0,0,0,0,0,0,0,0,0,0,4,0,0,0,0,0,0,0,0,0
pbt,bintrie,5,4,storage_mixed_k100,11,,6439,0,0,0.037,19.5718,0.0019,0.1072,19.9113,0,4,0,0,0,0,0,0,0,0,0,0,4,0,0,0,0,0,0,0,0,0
pbt,bintrie,5,4,storage_mixed_k100,11,,6440,0,0,0.0376,7.6533,0.0032,2.0149,9.8956,0,4,0,0,0,0,0,0,0,0,0,0,4,0,0,0,0,0,0,0,0,0
pbt,bintrie,5,4,storage_mixed_k100,11,,6441,91710,2,0.1083,18.0518,4.8215,6.1259,31.5083,2.9107,11,0,0,0,3,0,0,0,1,305,5,6,45.45,0,0,0,0,0,0,0,0
pbt,bintrie,5,4,storage_mixed_k100,11,,6442,5920754,1,53.3816,19.4044,11.064,1.4032,85.6259,69.1467,107,785,101,3105,11,0,77,0,0,0,19,88,17.76,72,713,9.17,101,0,100,3105,0
pbt,bintrie,5,4,storage_mixed_k100,11,,6443,21000,1,0.2207,9.0269,7.9597,6.3121,23.8952,0.8788,6,0,0,0,2,0,0,0,0,0,0,6,0,0,0,0,0,0,0,0,0
pbt,bintrie,5,4,storage_mixed_k100,12,,6444,0,0,0.1575,12.8052,0.0084,0.4732,13.7171,0,4,0,0,0,0,0,0,0,0,0,0,4,0,0,0,0,0,0,0,0,0
pbt,bintrie,5,4,storage_mixed_k100,12,,6445,0,0,0.0498,22.815,0.0066,0.1894,23.257,0,4,0,0,0,0,0,0,0,0,0,0,4,0,0,0,0,0,0,0,0,0
pbt,bintrie,5,4,storage_mixed_k100,12,,6446,0,0,0.0328,19.0429,0.0019,0.1148,19.4089,0,4,0,0,0,0,0,0,0,0,0,0,4,0,0,0,0,0,0,0,0,0
pbt,bintrie,5,4,storage_mixed_k100,12,,6447,91710,2,0.1004,20.0379,7.7522,7.3297,35.4462,2.5873,11,0,0,0,3,0,0,0,1,305,6,5,54.55,0,0,0,0,0,0,0,0
pbt,bintrie,5,4,storage_mixed_k100,12,,6448,5920754,1,51.7291,30.447,7.4606,1.5714,91.44,64.7501,107,785,101,3105,11,0,77,0,0,0,98,9,91.59,223,562,28.41,101,0,100,3105,0
pbt,bintrie,5,4,storage_mixed_k100,12,,6449,21000,1,0.0843,14.3271,4.3459,0.9281,19.8767,1.0565,6,0,0,0,2,0,0,0,0,0,2,4,33.33,0,0,0,0,0,0,0,0
pbt,bintrie,5,4,storage_mixed_k100,12,,6450,0,0,0.0365,6.0558,0.0017,0.1029,6.4147,0,4,0,0,0,0,0,0,0,0,0,0,4,0,0,0,0,0,0,0,0,0
pbt,bintrie,5,4,storage_mixed_k100,13,,6451,0,0,0.044,10.5587,0.0023,0.1793,11.0506,0,4,0,0,0,0,0,0,0,0,0,0,4,0,0,0,0,0,0,0,0,0
pbt,bintrie,5,4,storage_mixed_k100,13,,6452,0,0,0.0298,23.0747,0.002,0.0991,23.3729,0,4,0,0,0,0,0,0,0,0,0,0,4,0,0,0,0,0,0,0,0,0
pbt,bintrie,5,4,storage_mixed_k100,13,,6453,0,0,0.0316,2.965,0.0037,0.8042,5.3685,0,4,0,0,0,0,0,0,0,0,0,0,4,0,0,0,0,0,0,0,0,0
pbt,bintrie,5,4,storage_mixed_k100,13,,6454,91710,2,2.9772,19.7409,13.9337,5.1359,42.0387,2.1816,11,0,0,0,3,0,0,0,1,305,7,4,63.64,0,0,0,0,0,0,0,0
pbt,bintrie,5,4,storage_mixed_k100,13,,6455,5920754,1,59.8549,33.236,8.0298,2.8395,104.3724,56.7272,107,785,101,3105,11,0,77,0,0,0,42,65,39.25,92,693,11.72,101,0,100,3105,0
pbt,bintrie,5,4,storage_mixed_k100,13,,6456,21000,1,0.2726,11.6789,18.4102,0.5795,31.1372,0.6744,6,0,0,0,2,0,0,0,0,0,0,6,0,0,0,0,0,0,0,0,0
pbt,bintrie,5,4,storage_mixed_k100,13,,6457,0,0,0.0435,13.6461,0.0019,0.1288,14.0364,0,4,0,0,0,0,0,0,0,0,0,0,4,0,0,0,0,0,0,0,0,0
pbt,bintrie,5,4,storage_mixed_k100,14,,6458,0,0,0.0525,4.4923,0.0025,0.3138,5.0568,0,4,0,0,0,0,0,0,0,0,0,0,4,0,0,0,0,0,0,0,0,0
pbt,bintrie,5,4,storage_mixed_k100,14,,6459,0,0,0.0371,16.5822,0.0028,0.1434,16.9039,0,4,0,0,0,0,0,0,0,0,0,0,4,0,0,0,0,0,0,0,0,0
pbt,bintrie,5,4,storage_mixed_k100,14,,6460,0,0,0.0537,4.2077,0.0081,2.2247,6.7214,0,4,0,0,0,0,0,0,0,0,0,0,4,0,0,0,0,0,0,0,0,0
pbt,bintrie,5,4,storage_mixed_k100,14,,6461,91710,2,0.1704,21.3808,4.4951,10.7439,37.0165,2.4775,11,0,0,0,3,0,0,0,1,305,5,6,45.45,0,0,0,0,0,0,0,0
pbt,bintrie,5,4,storage_mixed_k100,14,,6462,5920754,1,54.5038,24.8521,8.5523,1.5282,89.772,65.9533,107,785,101,3105,11,0,77,0,0,0,6,101,5.61,529,256,67.39,101,0,100,3105,0
pbt,bintrie,5,4,storage_mixed_k100,14,,6463,21000,1,0.0992,11.7119,7.49,0.6164,20.2174,1.0387,6,0,0,0,2,0,0,0,0,0,2,4,33.33,0,0,0,0,0,0,0,0
pbt,bintrie,5,4,storage_mixed_k100,14,,6464,0,0,0.0461,3.1685,0.0024,0.1769,3.5636,0,4,0,0,0,0,0,0,0,0,0,0,4,0,0,0,0,0,0,0,0,0
pbt,bintrie,5,4,storage_mixed_k100,15,,6465,0,0,0.0381,3.2975,0.0026,1.2315,4.7512,0,4,0,0,0,0,0,0,0,0,0,0,4,0,0,0,0,0,0,0,0,0
pbt,bintrie,5,4,storage_mixed_k100,15,,6466,0,0,0.0535,24.0764,0.002,0.1311,24.4773,0,4,0,0,0,0,0,0,0,0,0,0,4,0,0,0,0,0,0,0,0,0
pbt,bintrie,5,4,storage_mixed_k100,15,,6467,0,0,0.0582,4.474,0.0034,1.8991,10.5478,0,4,0,0,0,0,0,0,0,0,0,0,4,0,0,0,0,0,0,0,0,0
pbt,bintrie,5,4,storage_mixed_k100,15,,6468,91710,2,0.36,17.8661,14.276,4.3018,36.9927,2.4791,11,0,0,0,3,0,0,0,1,305,4,7,36.36,0,0,0,0,0,0,0,0
pbt,bintrie,5,4,storage_mixed_k100,15,,6469,5920754,1,55.781,33.2532,6.6841,3.3562,99.2443,59.6584,107,785,101,3105,11,0,77,0,0,0,29,78,27.1,589,196,75.03,101,0,100,3105,0
pbt,bintrie,5,4,storage_mixed_k100,15,,6470,21000,1,0.0887,6.441,22.3604,0.5465,29.6889,0.7073,6,0,0,0,2,0,0,0,0,0,2,4,33.33,0,0,0,0,0,0,0,0
pbt,bintrie,5,4,storage_mixed_k100,15,,6471,0,0,0.0486,19.4939,0.0021,0.1371,19.9068,0,4,0,0,0,0,0,0,0,0,0,0,4,0,0,0,0,0,0,0,0,0
pbt,bintrie,5,4,storage_mixed_k100,16,,6472,0,0,3.067,4.1719,0.0023,0.2569,7.7842,0,4,0,0,0,0,0,0,0,0,0,0,4,0,0,0,0,0,0,0,0,0
pbt,bintrie,5,4,storage_mixed_k100,16,,6473,0,0,0.0268,7.7775,0.0023,0.2405,8.2089,0,4,0,0,0,0,0,0,0,0,0,0,4,0,0,0,0,0,0,0,0,0
pbt,bintrie,5,4,storage_mixed_k100,16,,6474,0,0,0.0377,14.0802,0.0021,0.2926,14.6975,0,4,0,0,0,0,0,0,0,0,0,0,4,0,0,0,0,0,0,0,0,0
pbt,bintrie,5,4,storage_mixed_k100,16,,6475,91710,2,0.167,23.1615,3.989,6.0838,33.5706,2.7319,11,0,0,0,3,0,0,0,1,305,5,6,45.45,0,0,0,0,0,0,0,0
pbt,bintrie,5,4,storage_mixed_k100,16,,6476,5920754,1,53.9746,24.9585,6.5272,1.6043,87.4187,67.7287,107,785,101,3105,11,0,77,0,0,0,46,61,42.99,86,699,10.96,101,0,100,3105,0
pbt,bintrie,5,4,storage_mixed_k100,16,,6477,21000,1,0.1169,18.2264,2.7534,0.6421,24.0772,0.8722,6,0,0,0,2,0,0,0,0,0,0,6,0,0,0,0,0,0,0,0,0
pbt,bintrie,5,4,storage_mixed_k100,17,,6478,0,0,0.0411,3.3738,0.0022,0.2769,3.9035,0,4,0,0,0,0,0,0,0,0,0,0,4,0,0,0,0,0,0,0,0,0
pbt,bintrie,5,4,storage_mixed_k100,17,,6479,0,0,0.0432,24.8237,0.0029,0.1605,25.2683,0,4,0,0,0,0,0,0,0,0,0,0,4,0,0,0,0,0,0,0,0,0
pbt,bintrie,5,4,storage_mixed_k100,17,,6480,0,0,0.0312,20.2201,0.0028,0.1567,20.6039,0,4,0,0,0,0,0,0,0,0,0,0,4,0,0,0,0,0,0,0,0,0
pbt,bintrie,5,4,storage_mixed_k100,17,,6481,91710,2,0.2206,25.5249,7.0814,5.4935,39.6445,2.3133,11,0,0,0,3,0,0,0,1,305,5,6,45.45,0,0,0,0,0,0,0,0
pbt,bintrie,5,4,storage_mixed_k100,17,,6482,5920754,1,58.9377,24.0229,11.3727,1.5894,97.3199,60.8381,107,785,101,3105,11,0,77,0,0,0,34,73,31.78,147,638,18.73,101,0,100,3105,0
pbt,bintrie,5,4,storage_mixed_k100,17,,6483,21000,1,0.0703,14.2901,6.3809,0.8432,21.87,0.9602,6,0,0,0,2,0,0,0,0,0,2,4,33.33,0,0,0,0,0,0,0,0
pbt,bintrie,5,4,storage_mixed_k100,17,,6484,0,0,0.0371,12.8993,0.0025,0.1421,13.2448,0,4,0,0,0,0,0,0,0,0,0,0,4,0,0,0,0,0,0,0,0,0
pbt,bintrie,5,4,storage_mixed_k100,18,,6485,0,0,2.944,3.5196,0.0027,0.1939,6.8944,0,4,0,0,0,0,0,0,0,0,0,0,4,0,0,0,0,0,0,0,0,0
pbt,bintrie,5,4,storage_mixed_k100,18,,6486,0,0,0.0496,20.6139,0.0029,0.1361,21.0368,0,4,0,0,0,0,0,0,0,0,0,0,4,0,0,0,0,0,0,0,0,0
pbt,bintrie,5,4,storage_mixed_k100,18,,6487,0,0,0.0315,5.4597,0.0014,5.6394,11.2889,0,4,0,0,0,0,0,0,0,0,0,0,4,0,0,0,0,0,0,0,0,0
pbt,bintrie,5,4,storage_mixed_k100,18,,6488,91710,2,0.1835,16.4227,14.3068,4.6542,35.8302,2.5596,11,0,0,0,3,0,0,0,1,305,6,5,54.55,0,0,0,0,0,0,0,0
pbt,bintrie,5,4,storage_mixed_k100,18,,6489,5920754,1,51.8955,30.95,9.881,1.6998,94.8528,62.4205,107,785,101,3105,11,0,77,0,0,0,29,78,27.1,413,372,52.61,101,0,100,3105,0
pbt,bintrie,5,4,storage_mixed_k100,18,,6490,21000,1,0.0794,8.6574,7.8263,0.5566,17.3658,1.2093,6,0,0,0,2,0,0,0,0,0,2,4,33.33,0,0,0,0,0,0,0,0
pbt,bintrie,5,4,storage_mixed_k100,18,,6491,0,0,0.0267,2.6163,0.0022,0.111,2.9747,0,4,0,0,0,0,0,0,0,0,0,0,4,0,0,0,0,0,0,0,0,0
pbt,bintrie,5,4,storage_mixed_k100,19,,6492,0,0,0.043,3.2242,0.0022,0.3247,3.8957,0,4,0,0,0,0,0,0,0,0,0,0,4,0,0,0,0,0,0,0,0,0
pbt,bintrie,5,4,storage_mixed_k100,19,,6493,0,0,0.0289,22.9597,0.0031,0.1771,23.3322,0,4,0,0,0,0,0,0,0,0,0,0,4,0,0,0,0,0,0,0,0,0
pbt,bintrie,5,4,storage_mixed_k100,19,,6494,0,0,0.034,3.1534,0.0022,1.5618,5.6059,0,4,0,0,0,0,0,0,0,0,0,0,4,0,0,0,0,0,0,0,0,0
pbt,bintrie,5,4,storage_mixed_k100,19,,6495,91710,2,0.1454,19.0765,11.9365,4.706,36.1731,2.5353,11,0,0,0,3,0,0,0,1,305,5,6,45.45,0,0,0,0,0,0,0,0
pbt,bintrie,5,4,storage_mixed_k100,19,,6496,5920754,1,53.8936,28.4976,8.9652,4.3914,98.4716,60.1265,107,785,101,3105,11,0,77,0,0,0,11,96,10.28,183,602,23.31,101,0,100,3105,0
pbt,bintrie,5,4,storage_mixed_k100,19,,6497,21000,1,0.0977,15.8434,3.293,0.5795,19.9626,1.052,6,0,0,0,2,0,0,0,0,0,2,4,33.33,0,0,0,0,0,0,0,0
pbt,bintrie,5,4,storage_mixed_k100,19,,6498,0,0,0.045,12.4772,0.0025,0.1966,12.974,0,4,0,0,0,0,0,0,0,0,0,0,4,0,0,0,0,0,0,0,0,0
pbt,bintrie,5,4,storage_mixed_k100,1,,6371,0,0,0.0715,6.1646,0.0025,0.2875,6.7178,0,4,0,0,0,0,0,0,0,0,0,0,4,0,0,0,0,0,0,0,0,0
pbt,bintrie,5,4,storage_mixed_k100,1,,6372,0,0,0.0331,6.0253,0.0023,0.2194,8.0038,0,4,0,0,0,0,0,0,0,0,0,0,4,0,0,0,0,0,0,0,0,0
pbt,bintrie,5,4,storage_mixed_k100,1,,6373,0,0,0.0366,3.2687,0.002,0.1582,3.637,0,4,0,0,0,0,0,0,0,0,0,0,4,0,0,0,0,0,0,0,0,0
pbt,bintrie,5,4,storage_mixed_k100,1,,6374,91710,2,0.1597,23.4976,4.4094,7.6302,35.878,2.5562,11,0,0,0,3,0,0,0,1,305,5,6,45.45,0,0,0,0,0,0,0,0
pbt,bintrie,5,4,storage_mixed_k100,1,,6375,5920754,1,67.5751,19.8424,13.1578,1.5583,102.502,57.7623,107,785,101,3105,11,0,77,0,0,0,9,98,8.41,189,596,24.08,101,0,100,3105,0
pbt,bintrie,5,4,storage_mixed_k100,1,,6376,21000,1,0.2778,18.8467,2.3421,0.4835,22.1639,0.9475,6,0,0,0,2,0,0,0,0,0,2,4,33.33,0,0,0,0,0,0,0,0
pbt,bintrie,5,4,storage_mixed_k100,1,,6377,0,0,0.0752,12.4098,0.0024,4.8912,17.6937,0,4,0,0,0,0,0,0,0,0,0,0,4,0,0,0,0,0,0,0,0,0
pbt,bintrie,5,4,storage_mixed_k100,20,,6499,0,0,0.0878,8.7934,0.0025,0.2754,9.5771,0,4,0,0,0,0,0,0,0,0,0,0,4,0,0,0,0,0,0,0,0,0
pbt,bintrie,5,4,storage_mixed_k100,20,,6500,0,0,0.0755,2.8973,0.002,0.1898,3.3611,0,4,0,0,0,0,0,0,0,0,0,0,4,0,0,0,0,0,0,0,0,0
pbt,bintrie,5,4,storage_mixed_k100,20,,6501,0,0,0.0425,7.6969,0.0027,1.3769,9.3256,0,4,0,0,0,0,0,0,0,0,0,0,4,0,0,0,0,0,0,0,0,0
pbt,bintrie,5,4,storage_mixed_k100,20,,6502,91710,2,0.211,24.5152,6.2655,5.5895,38.0452,2.4106,11,0,0,0,3,0,0,0,1,305,5,6,45.45,0,0,0,0,0,0,0,0
pbt,bintrie,5,4,storage_mixed_k100,20,,6503,5920754,1,66.8042,20.4632,10.3012,1.4723,99.3628,59.5872,107,785,101,3105,11,0,77,0,0,0,74,33,69.16,699,86,89.04,101,0,100,3105,0
pbt,bintrie,5,4,storage_mixed_k100,20,,6504,21000,1,0.1878,11.6097,6.4747,0.5571,23.9612,0.8764,6,0,0,0,2,0,0,0,0,0,0,6,0,0,0,0,0,0,0,0,0
pbt,bintrie,5,4,storage_mixed_k100,20,,6505,0,0,0.0445,2.9412,0.0022,0.1768,3.352,0,4,0,0,0,0,0,0,0,0,0,0,4,0,0,0,0,0,0,0,0,0
pbt,bintrie,5,4,storage_mixed_k100,2,,6378,0,0,0.1579,7.1556,0.002,0.1452,7.726,0,4,0,0,0,0,0,0,0,0,0,0,4,0,0,0,0,0,0,0,0,0
pbt,bintrie,5,4,storage_mixed_k100,2,,6379,0,0,0.0375,20.7037,0.0036,0.1395,21.1384,0,4,0,0,0,0,0,0,0,0,0,0,4,0,0,0,0,0,0,0,0,0
pbt,bintrie,5,4,storage_mixed_k100,2,,6380,0,0,0.0466,7.1116,0.0028,0.1483,7.4703,0,4,0,0,0,0,0,0,0,0,0,0,4,0,0,0,0,0,0,0,0,0
pbt,bintrie,5,4,storage_mixed_k100,2,,6381,91710,2,0.1776,24.5995,5.9972,5.9403,38.0476,2.4104,11,0,0,0,3,0,0,0,1,305,5,6,45.45,0,0,0,0,0,0,0,0
pbt,bintrie,5,4,storage_mixed_k100,2,,6382,5920754,1,61.0013,25.2491,6.6201,1.3319,94.5614,62.6128,107,785,101,3105,11,0,77,0,0,0,52,55,48.6,218,567,27.77,101,0,100,3105,0
pbt,bintrie,5,4,storage_mixed_k100,2,,6383,21000,1,0.0743,10.345,6.9634,0.6667,18.2376,1.1515,6,0,0,0,2,0,0,0,0,0,2,4,33.33,0,0,0,0,0,0,0,0
pbt,bintrie,5,4,storage_mixed_k100,2,,6384,0,0,0.0248,2.5689,0.0014,0.1639,2.9112,0,4,0,0,0,0,0,0,0,0,0,0,4,0,0,0,0,0,0,0,0,0
pbt,bintrie,5,4,storage_mixed_k100,3,,6385,0,0,0.0445,7.6138,0.0023,0.1762,8.0361,0,4,0,0,0,0,0,0,0,0,0,0,4,0,0,0,0,0,0,0,0,0
pbt,bintrie,5,4,storage_mixed_k100,3,,6386,0,0,0.0304,6.6443,0.0023,0.1733,7.0669,0,4,0,0,0,0,0,0,0,0,0,0,4,0,0,0,0,0,0,0,0,0
pbt,bintrie,5,4,storage_mixed_k100,3,,6387,0,0,0.0401,21.97,0.0022,0.1544,22.3302,0,4,0,0,0,0,0,0,0,0,0,0,4,0,0,0,0,0,0,0,0,0
pbt,bintrie,5,4,storage_mixed_k100,3,,6388,91710,2,0.1351,22.5053,7.5536,7.4546,39.3202,2.3324,11,0,0,0,3,0,0,0,1,305,6,5,54.55,0,0,0,0,0,0,0,0
pbt,bintrie,5,4,storage_mixed_k100,3,,6389,5920754,1,54.7767,34.325,7.0389,1.3999,97.9434,60.4508,107,785,101,3105,11,0,77,0,0,0,12,95,11.21,144,641,18.34,101,0,100,3105,0
pbt,bintrie,5,4,storage_mixed_k100,3,,6390,21000,1,0.0896,7.4056,20.9294,0.5622,29.1718,0.7199,6,0,0,0,2,0,0,0,0,0,2,4,33.33,0,0,0,0,0,0,0,0
pbt,bintrie,5,4,storage_mixed_k100,4,,6391,0,0,0.0608,3.404,0.0015,0.1564,3.8555,0,4,0,0,0,0,0,0,0,0,0,0,4,0,0,0,0,0,0,0,0,0
pbt,bintrie,5,4,storage_mixed_k100,4,,6392,0,0,0.0506,18.354,0.0028,0.1865,18.846,0,4,0,0,0,0,0,0,0,0,0,0,4,0,0,0,0,0,0,0,0,0
pbt,bintrie,5,4,storage_mixed_k100,4,,6393,0,0,0.0429,6.2449,0.0029,1.8591,9.5943,0,4,0,0,0,0,0,0,0,0,0,0,4,0,0,0,0,0,0,0,0,0
pbt,bintrie,5,4,storage_mixed_k100,4,,6394,91710,2,0.1101,24.3091,6.3716,4.3436,41.695,2.1995,11,0,0,0,3,0,0,0,1,305,7,4,63.64,0,0,0,0,0,0,0,0
pbt,bintrie,5,4,storage_mixed_k100,4,,6395,5920754,1,57.5491,32.1327,6.9864,1.5581,98.6836,59.9973,107,785,101,3105,11,0,77,0,0,0,34,73,31.78,160,625,20.38,101,0,100,3105,0
pbt,bintrie,5,4,storage_mixed_k100,4,,6396,21000,1,0.1985,11.698,14.1672,0.5046,26.7559,0.7849,6,0,0,0,2,0,0,0,0,0,0,6,0,0,0,0,0,0,0,0,0
pbt,bintrie,5,4,storage_mixed_k100,4,,6397,0,0,0.0502,10.4784,0.0033,0.1667,10.9756,0,4,0,0,0,0,0,0,0,0,0,0,4,0,0,0,0,0,0,0,0,0
pbt,bintrie,5,4,storage_mixed_k100,5,,6398,0,0,0.0716,9.1367,0.0025,0.5482,9.9956,0,4,0,0,0,0,0,0,0,0,0,0,4,0,0,0,0,0,0,0,0,0
pbt,bintrie,5,4,storage_mixed_k100,5,,6399,0,0,0.0432,4.9388,0.004,0.1905,12.2792,0,4,0,0,0,0,0,0,0,0,0,0,4,0,0,0,0,0,0,0,0,0
pbt,bintrie,5,4,storage_mixed_k100,5,,6400,0,0,0.0379,2.737,0.0028,0.5402,6.2587,0,4,0,0,0,0,0,0,0,0,0,0,4,0,0,0,0,0,0,0,0,0
pbt,bintrie,5,4,storage_mixed_k100,5,,6401,91710,2,0.1637,18.8223,3.7331,5.3714,29.586,3.0998,11,0,0,0,3,0,0,0,1,305,5,6,45.45,0,0,0,0,0,0,0,0
pbt,bintrie,5,4,storage_mixed_k100,5,,6402,5920754,1,57.3468,26.5335,10.0702,1.8482,96.2179,61.5349,107,785,101,3105,11,0,77,0,0,0,58,49,54.21,638,147,81.27,101,0,100,3105,0
pbt,bintrie,5,4,storage_mixed_k100,5,,6403,21000,1,0.0817,12.8652,3.683,0.6045,18.0495,1.1635,6,0,0,0,2,0,0,0,0,0,2,4,33.33,0,0,0,0,0,0,0,0
pbt,bintrie,5,4,storage_mixed_k100,5,,6404,0,0,0.0526,3.8626,0.0034,0.1779,4.3996,0,4,0,0,0,0,0,0,0,0,0,0,4,0,0,0,0,0,0,0,0,0
pbt,bintrie,5,4,storage_mixed_k100,6,,6405,0,0,0.0404,3.6991,0.0022,0.211,4.2019,0,4,0,0,0,0,0,0,0,0,0,0,4,0,0,0,0,0,0,0,0,0
pbt,bintrie,5,4,storage_mixed_k100,6,,6406,0,0,0.0618,9.4724,0.0027,0.1636,9.9503,0,4,0,0,0,0,0,0,0,0,0,0,4,0,0,0,0,0,0,0,0,0
pbt,bintrie,5,4,storage_mixed_k100,6,,6407,0,0,0.0288,6.141,0.0018,0.1087,6.4329,0,4,0,0,0,0,0,0,0,0,0,0,4,0,0,0,0,0,0,0,0,0
pbt,bintrie,5,4,storage_mixed_k100,6,,6408,91710,2,0.1138,22.7345,4.9675,5.2872,33.2787,2.7558,11,0,0,0,3,0,0,0,1,305,7,4,63.64,0,0,0,0,0,0,0,0
pbt,bintrie,5,4,storage_mixed_k100,6,,6409,5920754,1,50.0117,23.9873,8.4575,2.0339,84.6559,69.939,107,785,101,3105,11,0,77,0,0,0,24,83,22.43,45,740,5.73,101,0,100,3105,0
pbt,bintrie,5,4,storage_mixed_k100,6,,6410,21000,1,0.0694,17.9958,2.8196,0.7668,21.8558,0.9608,6,0,0,0,2,0,0,0,0,0,2,4,33.33,0,0,0,0,0,0,0,0
pbt,bintrie,5,4,storage_mixed_k100,7,,6411,0,0,0.1477,3.1005,0.0024,0.2594,7.7201,0,4,0,0,0,0,0,0,0,0,0,0,4,0,0,0,0,0,0,0,0,0
pbt,bintrie,5,4,storage_mixed_k100,7,,6412,0,0,0.0294,19.343,0.0026,0.115,19.645,0,4,0,0,0,0,0,0,0,0,0,0,4,0,0,0,0,0,0,0,0,0
pbt,bintrie,5,4,storage_mixed_k100,7,,6413,0,0,0.0439,3.3779,0.0029,2.0471,9.2093,0,4,0,0,0,0,0,0,0,0,0,0,4,0,0,0,0,0,0,0,0,0
pbt,bintrie,5,4,storage_mixed_k100,7,,6414,91710,2,0.1217,20.4901,3.334,5.1756,29.361,3.1235,11,0,0,0,3,0,0,0,1,305,6,5,54.55,0,0,0,0,0,0,0,0
pbt,bintrie,5,4,storage_mixed_k100,7,,6415,5920754,1,54.5117,29.8341,9.2727,1.4785,95.5489,61.9657,107,785,101,3105,11,0,77,0,0,0,10,97,9.35,327,458,41.66,101,0,100,3105,0
pbt,bintrie,5,4,storage_mixed_k100,7,,6416,21000,1,0.1304,12.1438,4.6865,0.4933,17.6885,1.1872,6,0,0,0,2,0,0,0,0,0,0,6,0,0,0,0,0,0,0,0,0
pbt,bintrie,5,4,storage_mixed_k100,8,,6417,0,0,0.0365,10.7527,0.0027,0.2409,11.2435,0,4,0,0,0,0,0,0,0,0,0,0,4,0,0,0,0,0,0,0,0,0
pbt,bintrie,5,4,storage_mixed_k100,8,,6418,0,0,0.0314,16.7623,0.0024,0.2113,17.1774,0,4,0,0,0,0,0,0,0,0,0,0,4,0,0,0,0,0,0,0,0,0
pbt,bintrie,5,4,storage_mixed_k100,8,,6419,0,0,0.0323,3.1148,0.0028,4.6903,8.0448,0,4,0,0,0,0,0,0,0,0,0,0,4,0,0,0,0,0,0,0,0,0
pbt,bintrie,5,4,storage_mixed_k100,8,,6420,91710,2,0.118,22.4729,8.9295,5.4453,46.1754,1.9861,11,0,0,0,3,0,0,0,1,305,7,4,63.64,0,0,0,0,0,0,0,0
pbt,bintrie,5,4,storage_mixed_k100,8,,6421,5920754,1,68.896,20.3161,14.1326,1.5853,105.3194,56.2171,107,785,101,3105,11,0,77,0,0,0,34,73,31.78,589,196,75.03,101,0,100,3105,0
pbt,bintrie,5,4,storage_mixed_k100,8,,6422,21000,1,5.2351,5.1778,5.6931,0.6173,16.9956,1.2356,6,0,0,0,2,0,0,0,0,0,2,4,33.33,0,0,0,0,0,0,0,0
pbt,bintrie,5,4,storage_mixed_k100,8,,6423,0,0,0.04,11.6702,0.0025,0.1349,12.0507,0,4,0,0,0,0,0,0,0,0,0,0,4,0,0,0,0,0,0,0,0,0
pbt,bintrie,5,4,storage_mixed_k100,9,,6424,0,0,0.0551,9.3029,0.0018,0.2056,9.8045,0,4,0,0,0,0,0,0,0,0,0,0,4,0,0,0,0,0,0,0,0,0
pbt,bintrie,5,4,storage_mixed_k100,9,,6425,0,0,0.0341,19.279,0.0028,0.2349,19.7131,0,4,0,0,0,0,0,0,0,0,0,0,4,0,0,0,0,0,0,0,0,0
pbt,bintrie,5,4,storage_mixed_k100,9,,6426,0,0,0.0344,5.0157,0.0031,1.7171,8.8735,0,4,0,0,0,0,0,0,0,0,0,0,4,0,0,0,0,0,0,0,0,0
pbt,bintrie,5,4,storage_mixed_k100,9,,6427,91710,2,0.1407,16.2771,9.2043,4.7717,36.6681,2.5011,11,0,0,0,3,0,0,0,1,305,6,5,54.55,0,0,0,0,0,0,0,0
pbt,bintrie,5,4,storage_mixed_k100,9,,6428,5920754,1,53.9575,28.9778,9.3552,1.5309,94.1818,62.8651,107,785,101,3105,11,0,77,0,0,0,25,82,23.36,205,580,26.11,101,0,100,3105,0
pbt,bintrie,5,4,storage_mixed_k100,9,,6429,21000,1,0.0699,10.9849,15.7403,0.5751,27.5811,0.7614,6,0,0,0,2,0,0,0,0,0,2,4,33.33,0,0,0,0,0,0,0,0
pbt,bintrie,5,4,storage_mixed_k256,10,,6569,0,0,0.0481,4.1418,0.0031,0.3361,4.7803,0,4,0,0,0,0,0,0,0,0,0,0,4,0,0,0,0,0,0,0,0,0
pbt,bintrie,5,4,storage_mixed_k256,10,,6570,0,0,0.04,17.0836,0.0021,0.1224,17.439,0,4,0,0,0,0,0,0,0,0,0,0,4,0,0,0,0,0,0,0,0,0
pbt,bintrie,5,4,storage_mixed_k256,10,,6571,0,0,0.0331,9.8559,0.0033,0.2395,10.9847,0,4,0,0,0,0,0,0,0,0,0,0,4,0,0,0,0,0,0,0,0,0
pbt,bintrie,5,4,storage_mixed_k256,10,,6572,91698,2,0.1638,19.9214,2.7827,5.4781,28.5298,3.2141,11,0,0,0,3,0,0,0,1,305,5,6,45.45,0,0,0,0,0,0,0,0
pbt,bintrie,5,4,storage_mixed_k256,10,,6573,5919252,1,36.9466,36.0088,20.3801,4.85,98.3839,60.1648,263,814,257,7473,47,0,72,0,0,0,101,162,38.4,252,562,30.96,257,0,100,7473,0
pbt,bintrie,5,4,storage_mixed_k256,10,,6574,0,0,0.0372,10.731,0.002,0.1126,11.0803,0,4,0,0,0,0,0,0,0,0,0,0,4,0,0,0,0,0,0,0,0,0
pbt,bintrie,5,4,storage_mixed_k256,10,,6575,21000,1,0.0897,15.3754,9.0305,0.7956,25.5748,0.8211,6,0,0,0,2,0,0,0,0,0,0,6,0,0,0,0,0,0,0,0,0
pbt,bintrie,5,4,storage_mixed_k256,10,,6576,0,0,0.027,2.4132,0.0018,0.1064,2.6774,0,4,0,0,0,0,0,0,0,0,0,0,4,0,0,0,0,0,0,0,0,0
pbt,bintrie,5,4,storage_mixed_k256,11,,6577,0,0,0.049,6.4121,0.0024,0.1584,6.8241,0,4,0,0,0,0,0,0,0,0,0,0,4,0,0,0,0,0,0,0,0,0
pbt,bintrie,5,4,storage_mixed_k256,11,,6578,0,0,0.0379,17.1631,0.0024,0.1396,17.5468,0,4,0,0,0,0,0,0,0,0,0,0,4,0,0,0,0,0,0,0,0,0
pbt,bintrie,5,4,storage_mixed_k256,11,,6579,0,0,0.0339,3.9042,0.0026,0.1515,4.2296,0,4,0,0,0,0,0,0,0,0,0,0,4,0,0,0,0,0,0,0,0,0
pbt,bintrie,5,4,storage_mixed_k256,11,,6580,91698,2,0.1363,13.7432,12.9565,5.179,34.9189,2.626,11,0,0,0,3,0,0,0,1,305,5,6,45.45,0,0,0,0,0,0,0,0
pbt,bintrie,5,4,storage_mixed_k256,11,,6581,5919252,1,39.8218,28.9979,23.723,3.5053,96.7527,61.1792,263,814,257,7473,47,0,72,0,0,0,122,141,46.39,250,564,30.71,257,0,100,7473,0
pbt,bintrie,5,4,storage_mixed_k256,11,,6582,21000,1,0.0694,7.8361,18.9036,0.5371,27.5255,0.7629,6,0,0,0,2,0,0,0,0,0,2,4,33.33,0,0,0,0,0,0,0,0
pbt,bintrie,5,4,storage_mixed_k256,11,,6583,0,0,0.0617,14.816,0.0038,0.2015,15.3111,0,4,0,0,0,0,0,0,0,0,0,0,4,0,0,0,0,0,0,0,0,0
pbt,bintrie,5,4,storage_mixed_k256,12,,6584,0,0,0.0394,8.9102,0.0018,0.2335,9.4421,0,4,0,0,0,0,0,0,0,0,0,0,4,0,0,0,0,0,0,0,0,0
pbt,bintrie,5,4,storage_mixed_k256,12,,6585,0,0,0.0357,3.2992,0.0027,2.2022,9.7011,0,4,0,0,0,0,0,0,0,0,0,0,4,0,0,0,0,0,0,0,0,0
pbt,bintrie,5,4,storage_mixed_k256,12,,6586,0,0,0.0421,15.1384,0.003,0.1442,15.5091,0,4,0,0,0,0,0,0,0,0,0,0,4,0,0,0,0,0,0,0,0,0
pbt,bintrie,5,4,storage_mixed_k256,12,,6587,91698,2,0.1743,12.6625,9.0274,5.2845,30.0688,3.0496,11,0,0,0,3,0,0,0,1,305,5,6,45.45,0,0,0,0,0,0,0,0
pbt,bintrie,5,4,storage_mixed_k256,12,,6588,5919252,1,47.6546,23.9801,13.7148,3.7754,89.346,66.2509,263,814,257,7473,47,0,72,0,0,0,158,105,60.08,392,422,48.16,257,0,100,7473,0
pbt,bintrie,5,4,storage_mixed_k256,12,,6589,21000,1,0.0838,17.1576,14.1132,0.4976,32.03,0.6556,6,0,0,0,2,0,0,0,0,0,2,4,33.33,0,0,0,0,0,0,0,0
pbt,bintrie,5,4,storage_mixed_k256,12,,6590,0,0,0.0388,23.6433,0.0033,0.1425,24.0157,0,4,0,0,0,0,0,0,0,0,0,0,4,0,0,0,0,0,0,0,0,0
pbt,bintrie,5,4,storage_mixed_k256,13,,6591,0,0,0.056,10.2897,0.0025,0.2798,10.8918,0,4,0,0,0,0,0,0,0,0,0,0,4,0,0,0,0,0,0,0,0,0
pbt,bintrie,5,4,storage_mixed_k256,13,,6592,0,0,0.0286,19.0272,0.0019,0.1148,19.3487,0,4,0,0,0,0,0,0,0,0,0,0,4,0,0,0,0,0,0,0,0,0
pbt,bintrie,5,4,storage_mixed_k256,13,,6593,0,0,0.04,14.735,0.002,0.1541,15.0953,0,4,0,0,0,0,0,0,0,0,0,0,4,0,0,0,0,0,0,0,0,0
pbt,bintrie,5,4,storage_mixed_k256,13,,6594,91698,2,0.2946,22.8032,4.0357,5.7505,33.833,2.7103,11,0,0,0,3,0,0,0,1,305,4,7,36.36,0,0,0,0,0,0,0,0
pbt,bintrie,5,4,storage_mixed_k256,13,,6595,5919252,1,46.8827,26.3897,15.0228,4.4182,93.0781,63.5944,263,814,257,7473,47,0,72,0,0,0,62,201,23.57,245,569,30.1,257,0,100,7473,0
pbt,bintrie,5,4,storage_mixed_k256,13,,6596,21000,1,0.0704,9.0352,21.9299,0.6041,31.8529,0.6593,6,0,0,0,2,0,0,0,0,0,2,4,33.33,0,0,0,0,0,0,0,0
pbt,bintrie,5,4,storage_mixed_k256,13,,6597,0,0,0.0457,13.7511,0.003,0.1855,14.1863,0,4,0,0,0,0,0,0,0,0,0,0,4,0,0,0,0,0,0,0,0,0
pbt,bintrie,5,4,storage_mixed_k256,14,,6598,0,0,0.0439,7.5016,0.0067,0.1843,7.9813,0,4,0,0,0,0,0,0,0,0,0,0,4,0,0,0,0,0,0,0,0,0
pbt,bintrie,5,4,storage_mixed_k256,14,,6599,0,0,0.032,16.6358,0.0026,0.1354,16.9718,0,4,0,0,0,0,0,0,0,0,0,0,4,0,0,0,0,0,0,0,0,0
pbt,bintrie,5,4,storage_mixed_k256,14,,6600,0,0,0.042,3.4211,0.0041,0.2009,3.8421,0,4,0,0,0,0,0,0,0,0,0,0,4,0,0,0,0,0,0,0,0,0
pbt,bintrie,5,4,storage_mixed_k256,14,,6601,91698,2,0.1699,22.8265,15.4553,4.2951,44.3991,2.0653,11,0,0,0,3,0,0,0,1,305,6,5,54.55,0,0,0,0,0,0,0,0
pbt,bintrie,5,4,storage_mixed_k256,14,,6602,5919252,1,36.7915,27.8039,19.8263,3.7877,88.6202,66.7935,263,814,257,7473,47,0,72,0,0,0,57,206,21.67,372,442,45.7,257,0,100,7473,0
pbt,bintrie,5,4,storage_mixed_k256,14,,6603,21000,1,0.0733,9.2495,5.6116,0.4907,15.6663,1.3405,6,0,0,0,2,0,0,0,0,0,2,4,33.33,0,0,0,0,0,0,0,0
pbt,bintrie,5,4,storage_mixed_k256,14,,6604,0,0,0.0408,3.1217,0.0026,0.2105,3.6218,0,4,0,0,0,0,0,0,0,0,0,0,4,0,0,0,0,0,0,0,0,0
pbt,bintrie,5,4,storage_mixed_k256,15,,6605,0,0,0.038,3.5853,0.0064,0.2855,4.0941,0,4,0,0,0,0,0,0,0,0,0,0,4,0,0,0,0,0,0,0,0,0
pbt,bintrie,5,4,storage_mixed_k256,15,,6606,0,0,0.0289,3.2307,0.0024,2.8321,10.1097,0,4,0,0,0,0,0,0,0,0,0,0,4,0,0,0,0,0,0,0,0,0
pbt,bintrie,5,4,storage_mixed_k256,15,,6607,0,0,0.0342,8.003,0.0031,0.1501,8.3582,0,4,0,0,0,0,0,0,0,0,0,0,4,0,0,0,0,0,0,0,0,0
pbt,bintrie,5,4,storage_mixed_k256,15,,6608,91698,2,0.1574,22.4817,2.5987,5.4084,31.181,2.9408,11,0,0,0,3,0,0,0,1,305,5,6,45.45,0,0,0,0,0,0,0,0
pbt,bintrie,5,4,storage_mixed_k256,15,,6609,5919252,1,48.661,9.6321,21.047,7.9265,95.3592,62.0732,263,814,257,7473,47,0,72,0,0,0,131,132,49.81,351,463,43.12,257,0,100,7473,0
pbt,bintrie,5,4,storage_mixed_k256,15,,6610,21000,1,0.0719,7.6143,4.9047,0.588,18.8252,1.1155,6,0,0,0,2,0,0,0,0,0,2,4,33.33,0,0,0,0,0,0,0,0
pbt,bintrie,5,4,storage_mixed_k256,15,,6611,0,0,0.0358,2.8454,0.0017,0.1382,3.2139,0,4,0,0,0,0,0,0,0,0,0,0,4,0,0,0,0,0,0,0,0,0
pbt,bintrie,5,4,storage_mixed_k256,16,,6612,0,0,0.0413,7.1824,0.0019,0.2258,7.9403,0,4,0,0,0,0,0,0,0,0,0,0,4,0,0,0,0,0,0,0,0,0
pbt,bintrie,5,4,storage_mixed_k256,16,,6613,0,0,0.0365,3.5519,0.0039,1.0851,9.0797,0,4,0,0,0,0,0,0,0,0,0,0,4,0,0,0,0,0,0,0,0,0
pbt,bintrie,5,4,storage_mixed_k256,16,,6614,0,0,0.036,23.0437,0.0027,0.1765,23.4235,0,4,0,0,0,0,0,0,0,0,0,0,4,0,0,0,0,0,0,0,0,0
pbt,bintrie,5,4,storage_mixed_k256,16,,6615,91698,2,0.1222,29.0415,4.6396,5.1892,44.2822,2.0708,11,0,0,0,3,0,0,0,1,305,6,5,54.55,0,0,0,0,0,0,0,0
pbt,bintrie,5,4,storage_mixed_k256,16,,6616,5919252,1,56.7352,28.3243,16.703,8.2321,110.3709,53.6305,263,814,257,7473,47,0,72,0,0,0,28,235,10.65,93,721,11.43,257,0,100,7473,0
pbt,bintrie,5,4,storage_mixed_k256,16,,6617,21000,1,0.078,13.2668,3.896,0.49,17.9047,1.1729,6,0,0,0,2,0,0,0,0,0,2,4,33.33,0,0,0,0,0,0,0,0
pbt,bintrie,5,4,storage_mixed_k256,16,,6618,0,0,0.1008,5.099,0.003,0.1505,5.5505,0,4,0,0,0,0,0,0,0,0,0,0,4,0,0,0,0,0,0,0,0,0
pbt,bintrie,5,4,storage_mixed_k256,17,,6619,0,0,0.044,7.7105,0.0031,0.2929,8.3114,0,4,0,0,0,0,0,0,0,0,0,0,4,0,0,0,0,0,0,0,0,0
pbt,bintrie,5,4,storage_mixed_k256,17,,6620,0,0,0.0375,19.3672,0.0027,0.1484,19.7706,0,4,0,0,0,0,0,0,0,0,0,0,4,0,0,0,0,0,0,0,0,0
pbt,bintrie,5,4,storage_mixed_k256,17,,6621,0,0,0.0416,6.8572,0.0026,0.1756,7.4294,0,4,0,0,0,0,0,0,0,0,0,0,4,0,0,0,0,0,0,0,0,0
pbt,bintrie,5,4,storage_mixed_k256,17,,6622,91698,2,0.0982,19.4842,3.4534,6.0183,29.2255,3.1376,11,0,0,0,3,0,0,0,1,305,7,4,63.64,0,0,0,0,0,0,0,0
pbt,bintrie,5,4,storage_mixed_k256,17,,6623,5919252,1,43.3297,25.7255,14.9301,3.7342,88.0501,67.2259,263,814,257,7473,47,0,72,0,0,0,31,232,11.79,173,641,21.25,257,0,100,7473,0
pbt,bintrie,5,4,storage_mixed_k256,17,,6624,21000,1,0.1163,5.1794,11.1182,1.1393,17.8182,1.1786,6,0,0,0,2,0,0,0,0,0,2,4,33.33,0,0,0,0,0,0,0,0
pbt,bintrie,5,4,storage_mixed_k256,17,,6625,0,0,0.0533,15.8574,0.0033,0.9686,18.7824,0,4,0,0,0,0,0,0,0,0,0,0,4,0,0,0,0,0,0,0,0,0
pbt,bintrie,5,4,storage_mixed_k256,18,,6626,0,0,0.0664,6.0155,0.0029,0.2208,6.607,0,4,0,0,0,0,0,0,0,0,0,0,4,0,0,0,0,0,0,0,0,0
pbt,bintrie,5,4,storage_mixed_k256,18,,6627,0,0,0.064,19.0279,0.003,0.1759,19.4811,0,4,0,0,0,0,0,0,0,0,0,0,4,0,0,0,0,0,0,0,0,0
pbt,bintrie,5,4,storage_mixed_k256,18,,6628,0,0,0.0404,3.4333,0.0029,0.5183,4.7455,0,4,0,0,0,0,0,0,0,0,0,0,4,0,0,0,0,0,0,0,0,0
pbt,bintrie,5,4,storage_mixed_k256,18,,6629,91698,2,0.1729,14.7249,13.3769,5.3623,37.2877,2.4592,11,0,0,0,3,0,0,0,1,305,6,5,54.55,0,0,0,0,0,0,0,0
pbt,bintrie,5,4,storage_mixed_k256,18,,6630,5919252,1,40.5046,12.3568,16.0146,3.9386,79.0355,74.8936,263,814,257,7473,47,0,72,0,0,0,164,99,62.36,285,529,35.01,257,0,100,7473,0
pbt,bintrie,5,4,storage_mixed_k256,18,,6631,21000,1,0.1245,2.3695,28.2914,0.6131,31.54,0.6658,6,0,0,0,2,0,0,0,0,0,0,6,0,0,0,0,0,0,0,0,0
pbt,bintrie,5,4,storage_mixed_k256,18,,6632,0,0,0.0434,10.4043,0.0032,0.2065,12.1322,0,4,0,0,0,0,0,0,0,0,0,0,4,0,0,0,0,0,0,0,0,0
pbt,bintrie,5,4,storage_mixed_k256,19,,6633,0,0,0.0593,4.8317,0.0024,0.2516,5.3851,0,4,0,0,0,0,0,0,0,0,0,0,4,0,0,0,0,0,0,0,0,0
pbt,bintrie,5,4,storage_mixed_k256,19,,6634,0,0,0.0483,27.077,0.0066,0.1657,27.5415,0,4,0,0,0,0,0,0,0,0,0,0,4,0,0,0,0,0,0,0,0,0
pbt,bintrie,5,4,storage_mixed_k256,19,,6635,0,0,0.0622,6.7773,0.0032,0.1638,7.1518,0,4,0,0,0,0,0,0,0,0,0,0,4,0,0,0,0,0,0,0,0,0
pbt,bintrie,5,4,storage_mixed_k256,19,,6636,91698,2,0.1026,19.5865,3.2117,5.24,28.3755,3.2316,11,0,0,0,3,0,0,0,1,305,6,5,54.55,0,0,0,0,0,0,0,0
pbt,bintrie,5,4,storage_mixed_k256,19,,6637,5919252,1,43.8873,22.1558,15.9052,3.6588,92.3009,64.13,263,814,257,7473,47,0,72,0,0,0,136,127,51.71,424,390,52.09,257,0,100,7473,0
pbt,bintrie,5,4,storage_mixed_k256,19,,6638,21000,1,0.0959,17.4901,2.7432,0.5196,21.0615,0.9971,6,0,0,0,2,0,0,0,0,0,2,4,33.33,0,0,0,0,0,0,0,0
pbt,bintrie,5,4,storage_mixed_k256,19,,6639,0,0,0.0378,6.4714,0.0019,0.9016,7.8538,0,4,0,0,0,0,0,0,0,0,0,0,4,0,0,0,0,0,0,0,0,0
pbt,bintrie,5,4,storage_mixed_k256,1,,6506,0,0,0.0824,3.215,0.0023,0.298,3.8323,0,4,0,0,0,0,0,0,0,0,0,0,4,0,0,0,0,0,0,0,0,0
pbt,bintrie,5,4,storage_mixed_k256,1,,6507,0,0,0.67,3.2075,0.0058,0.1673,4.2248,0,4,0,0,0,0,0,0,0,0,0,0,4,0,0,0,0,0,0,0,0,0
pbt,bintrie,5,4,storage_mixed_k256,1,,6508,0,0,0.0385,23.6198,0.0019,0.1706,23.9948,0,4,0,0,0,0,0,0,0,0,0,0,4,0,0,0,0,0,0,0,0,0
pbt,bintrie,5,4,storage_mixed_k256,1,,6509,91698,2,0.1278,23.599,5.6028,6.0621,37.7484,2.4292,11,0,0,0,3,0,0,0,1,305,6,5,54.55,0,0,0,0,0,0,0,0
pbt,bintrie,5,4,storage_mixed_k256,1,,6510,5919252,1,34.3271,45.049,24.4861,6.2731,110.5313,53.5527,263,814,257,7473,47,0,72,0,0,0,106,157,40.3,362,452,44.47,257,0,100,7473,0
pbt,bintrie,5,4,storage_mixed_k256,1,,6511,21000,1,0.0586,8.2251,7.5325,0.5555,24.0414,0.8735,6,0,0,0,2,0,0,0,0,0,2,4,33.33,0,0,0,0,0,0,0,0
pbt,bintrie,5,4,storage_mixed_k256,1,,6512,0,0,0.0324,12.4103,0.0023,0.228,12.8237,0,4,0,0,0,0,0,0,0,0,0,0,4,0,0,0,0,0,0,0,0,0
pbt,bintrie,5,4,storage_mixed_k256,20,,6640,0,0,0.0389,7.2053,0.0026,0.3462,7.7762,0,4,0,0,0,0,0,0,0,0,0,0,4,0,0,0,0,0,0,0,0,0
pbt,bintrie,5,4,storage_mixed_k256,20,,6641,0,0,0.0476,17.8889,0.0027,0.1865,18.3469,0,4,0,0,0,0,0,0,0,0,0,0,4,0,0,0,0,0,0,0,0,0
pbt,bintrie,5,4,storage_mixed_k256,20,,6642,0,0,0.0422,11.0779,0.0029,0.1646,11.6357,0,4,0,0,0,0,0,0,0,0,0,0,4,0,0,0,0,0,0,0,0,0
pbt,bintrie,5,4,storage_mixed_k256,20,,6643,91698,2,0.4005,14.9741,15.0218,4.4722,39.1964,2.3394,11,0,0,0,3,0,0,0,1,305,7,4,63.64,0,0,0,0,0,0,0,0
pbt,bintrie,5,4,storage_mixed_k256,20,,6644,5919252,1,44.0651,22.7665,15.1584,8.5705,100.6423,58.8148,263,814,257,7473,47,0,72,0,0,0,102,161,38.78,198,616,24.32,257,0,100,7473,0
pbt,bintrie,5,4,storage_mixed_k256,20,,6645,21000,1,0.0746,11.5721,0.7804,0.5525,15.5485,1.3506,6,0,0,0,2,0,0,0,0,0,2,4,33.33,0,0,0,0,0,0,0,0
pbt,bintrie,5,4,storage_mixed_k256,20,,6646,0,0,0.0576,35.0678,0.0022,0.1385,36.5982,0,4,0,0,0,0,0,0,0,0,0,0,4,0,0,0,0,0,0,0,0,0
pbt,bintrie,5,4,storage_mixed_k256,2,,6513,0,0,0.048,3.1247,0.0024,0.335,6.8589,0,4,0,0,0,0,0,0,0,0,0,0,4,0,0,0,0,0,0,0,0,0
pbt,bintrie,5,4,storage_mixed_k256,2,,6514,0,0,0.0334,17.233,0.0034,0.1749,17.6126,0,4,0,0,0,0,0,0,0,0,0,0,4,0,0,0,0,0,0,0,0,0
pbt,bintrie,5,4,storage_mixed_k256,2,,6515,0,0,0.0447,14.958,0.0021,0.1222,15.334,0,4,0,0,0,0,0,0,0,0,0,0,4,0,0,0,0,0,0,0,0,0
pbt,bintrie,5,4,storage_mixed_k256,2,,6516,91698,2,0.3801,16.3077,13.8946,5.177,35.9689,2.5494,11,0,0,0,3,0,0,0,1,305,4,7,36.36,0,0,0,0,0,0,0,0
pbt,bintrie,5,4,storage_mixed_k256,2,,6517,5919252,1,52.312,32.0395,13.4913,4.3955,102.6916,57.6411,263,814,257,7473,47,0,72,0,0,0,29,234,11.03,78,736,9.58,257,0,100,7473,0
pbt,bintrie,5,4,storage_mixed_k256,2,,6518,21000,1,0.0659,9.3723,6.2,0.9406,16.7574,1.2532,6,0,0,0,2,0,0,0,0,0,2,4,33.33,0,0,0,0,0,0,0,0
pbt,bintrie,5,4,storage_mixed_k256,2,,6519,0,0,0.051,8.2222,0.0034,0.2259,8.8066,0,4,0,0,0,0,0,0,0,0,0,0,4,0,0,0,0,0,0,0,0,0
pbt,bintrie,5,4,storage_mixed_k256,3,,6520,0,0,0.1108,10.049,0.0023,0.2452,10.8467,0,4,0,0,0,0,0,0,0,0,0,0,4,0,0,0,0,0,0,0,0,0
pbt,bintrie,5,4,storage_mixed_k256,3,,6521,0,0,0.0489,18.0901,0.0033,0.2109,18.5404,0,4,0,0,0,0,0,0,0,0,0,0,4,0,0,0,0,0,0,0,0,0
pbt,bintrie,5,4,storage_mixed_k256,3,,6522,0,0,0.0592,10.6335,0.0025,0.1607,11.2087,0,4,0,0,0,0,0,0,0,0,0,0,4,0,0,0,0,0,0,0,0,0
pbt,bintrie,5,4,storage_mixed_k256,3,,6523,91698,2,0.1058,16.7088,3.5232,5.4131,25.9321,3.5361,11,0,0,0,3,0,0,0,1,305,5,6,45.45,0,0,0,0,0,0,0,0
pbt,bintrie,5,4,storage_mixed_k256,3,,6524,5919252,1,38.1794,31.8694,24.6429,7.4454,102.5032,57.747,263,814,257,7473,47,0,72,0,0,0,3,260,1.14,66,748,8.11,257,0,100,7473,0
pbt,bintrie,5,4,storage_mixed_k256,3,,6525,21000,1,0.0637,12.5789,5.1487,0.6707,18.6266,1.1274,6,0,0,0,2,0,0,0,0,0,2,4,33.33,0,0,0,0,0,0,0,0
pbt,bintrie,5,4,storage_mixed_k256,3,,6526,0,0,0.0379,2.8244,0.0021,0.226,3.2379,0,4,0,0,0,0,0,0,0,0,0,0,4,0,0,0,0,0,0,0,0,0
pbt,bintrie,5,4,storage_mixed_k256,4,,6527,0,0,0.0386,4.1475,0.0021,0.2192,4.595,0,4,0,0,0,0,0,0,0,0,0,0,4,0,0,0,0,0,0,0,0,0
pbt,bintrie,5,4,storage_mixed_k256,4,,6528,0,0,0.045,21.8083,0.0022,0.1751,22.2091,0,4,0,0,0,0,0,0,0,0,0,0,4,0,0,0,0,0,0,0,0,0
pbt,bintrie,5,4,storage_mixed_k256,4,,6529,0,0,0.0344,7.4871,0.0025,0.2941,7.9844,0,4,0,0,0,0,0,0,0,0,0,0,4,0,0,0,0,0,0,0,0,0
pbt,bintrie,5,4,storage_mixed_k256,4,,6530,91698,2,0.1086,17.8321,4.8405,6.6946,29.6217,3.0956,11,0,0,0,3,0,0,0,1,305,6,5,54.55,0,0,0,0,0,0,0,0
pbt,bintrie,5,4,storage_mixed_k256,4,,6531,5919252,1,46.2753,24.5313,18.4935,3.9472,93.6063,63.2356,263,814,257,7473,47,0,72,0,0,0,52,211,19.77,165,649,20.27,257,0,100,7473,0
pbt,bintrie,5,4,storage_mixed_k256,4,,6532,21000,1,0.0713,12.19,3.0633,0.5963,17.0905,1.2287,6,0,0,0,2,0,0,0,0,0,2,4,33.33,0,0,0,0,0,0,0,0
pbt,bintrie,5,4,storage_mixed_k256,4,,6533,0,0,0.0334,4.8799,0.0018,0.1543,5.218,0,4,0,0,0,0,0,0,0,0,0,0,4,0,0,0,0,0,0,0,0,0
pbt,bintrie,5,4,storage_mixed_k256,5,,6534,0,0,3.0435,3.3701,0.0019,0.1563,6.7881,0,4,0,0,0,0,0,0,0,0,0,0,4,0,0,0,0,0,0,0,0,0
pbt,bintrie,5,4,storage_mixed_k256,5,,6535,0,0,0.0443,22.1653,0.0028,0.1369,22.5678,0,4,0,0,0,0,0,0,0,0,0,0,4,0,0,0,0,0,0,0,0,0
pbt,bintrie,5,4,storage_mixed_k256,5,,6536,0,0,0.0384,9.0488,0.0032,0.2539,9.5665,0,4,0,0,0,0,0,0,0,0,0,0,4,0,0,0,0,0,0,0,0,0
pbt,bintrie,5,4,storage_mixed_k256,5,,6537,91698,2,0.3702,20.8459,13.8187,5.5743,40.8294,2.2459,11,0,0,0,3,0,0,0,1,305,4,7,36.36,0,0,0,0,0,0,0,0
pbt,bintrie,5,4,storage_mixed_k256,5,,6538,5919252,1,37.4734,39.1067,23.034,8.7656,108.7876,54.4111,263,814,257,7473,47,0,72,0,0,0,99,164,37.64,171,643,21.01,257,0,100,7473,0
pbt,bintrie,5,4,storage_mixed_k256,5,,6539,21000,1,0.1942,4.1103,13.5395,0.4824,28.6577,0.7328,6,0,0,0,2,0,0,0,0,0,0,6,0,0,0,0,0,0,0,0,0
pbt,bintrie,5,4,storage_mixed_k256,5,,6540,0,0,0.0427,22.306,0.0025,0.1492,22.7127,0,4,0,0,0,0,0,0,0,0,0,0,4,0,0,0,0,0,0,0,0,0
pbt,bintrie,5,4,storage_mixed_k256,6,,6541,0,0,0.0403,5.0857,0.003,0.2138,5.5549,0,4,0,0,0,0,0,0,0,0,0,0,4,0,0,0,0,0,0,0,0,0
pbt,bintrie,5,4,storage_mixed_k256,6,,6542,0,0,0.0437,26.7637,0.0027,0.1382,27.2421,0,4,0,0,0,0,0,0,0,0,0,0,4,0,0,0,0,0,0,0,0,0
pbt,bintrie,5,4,storage_mixed_k256,6,,6543,0,0,0.0367,7.4509,0.0027,0.1467,7.8059,0,4,0,0,0,0,0,0,0,0,0,0,4,0,0,0,0,0,0,0,0,0
pbt,bintrie,5,4,storage_mixed_k256,6,,6544,91698,2,0.1341,22.2978,8.7183,9.5395,44.7612,2.0486,11,0,0,0,3,0,0,0,1,305,6,5,54.55,0,0,0,0,0,0,0,0
pbt,bintrie,5,4,storage_mixed_k256,6,,6545,5919252,1,42.084,32.2324,16.1888,4.8271,95.689,61.8593,263,814,257,7473,47,0,72,0,0,0,61,202,23.19,253,561,31.08,257,0,100,7473,0
pbt,bintrie,5,4,storage_mixed_k256,6,,6546,21000,1,0.1677,9.543,7.8452,0.5304,21.343,0.9839,6,0,0,0,2,0,0,0,0,0,0,6,0,0,0,0,0,0,0,0,0
pbt,bintrie,5,4,storage_mixed_k256,6,,6547,0,0,0.0364,4.071,0.0028,0.2394,4.5382,0,4,0,0,0,0,0,0,0,0,0,0,4,0,0,0,0,0,0,0,0,0
pbt,bintrie,5,4,storage_mixed_k256,7,,6548,0,0,0.0516,4.5193,0.0022,0.3486,5.097,0,4,0,0,0,0,0,0,0,0,0,0,4,0,0,0,0,0,0,0,0,0
pbt,bintrie,5,4,storage_mixed_k256,7,,6549,0,0,0.0471,19.7545,0.0029,0.1691,20.2637,0,4,0,0,0,0,0,0,0,0,0,0,4,0,0,0,0,0,0,0,0,0
pbt,bintrie,5,4,storage_mixed_k256,7,,6550,0,0,0.0384,6.8011,0.002,0.1332,7.1007,0,4,0,0,0,0,0,0,0,0,0,0,4,0,0,0,0,0,0,0,0,0
pbt,bintrie,5,4,storage_mixed_k256,7,,6551,91698,2,0.1828,22.4307,6.8034,6.199,39.5492,2.3186,11,0,0,0,3,0,0,0,1,305,5,6,45.45,0,0,0,0,0,0,0,0
pbt,bintrie,5,4,storage_mixed_k256,7,,6552,5919252,1,41.2464,28.9849,26.7395,3.5934,100.8833,58.6742,263,814,257,7473,47,0,72,0,0,0,70,193,26.62,303,511,37.22,257,0,100,7473,0
pbt,bintrie,5,4,storage_mixed_k256,7,,6553,21000,1,0.0655,11.0788,2.9052,0.4826,14.6792,1.4306,6,0,0,0,2,0,0,0,0,0,2,4,33.33,0,0,0,0,0,0,0,0
pbt,bintrie,5,4,storage_mixed_k256,7,,6554,0,0,0.0345,8.9005,0.0033,0.2552,14.6647,0,4,0,0,0,0,0,0,0,0,0,0,4,0,0,0,0,0,0,0,0,0
pbt,bintrie,5,4,storage_mixed_k256,8,,6555,0,0,0.052,6.1249,0.0028,0.2175,6.5843,0,4,0,0,0,0,0,0,0,0,0,0,4,0,0,0,0,0,0,0,0,0
pbt,bintrie,5,4,storage_mixed_k256,8,,6556,0,0,0.0406,17.212,0.0026,0.1194,17.5326,0,4,0,0,0,0,0,0,0,0,0,0,4,0,0,0,0,0,0,0,0,0
pbt,bintrie,5,4,storage_mixed_k256,8,,6557,0,0,0.0339,5.0968,0.0024,0.2163,5.4834,0,4,0,0,0,0,0,0,0,0,0,0,4,0,0,0,0,0,0,0,0,0
pbt,bintrie,5,4,storage_mixed_k256,8,,6558,91698,2,0.7493,24.1479,3.8456,6.1818,37.9636,2.4154,11,0,0,0,3,0,0,0,1,305,6,5,54.55,0,0,0,0,0,0,0,0
pbt,bintrie,5,4,storage_mixed_k256,8,,6559,5919252,1,43.0903,29.9269,23.9243,3.7668,103.0939,57.4161,263,814,257,7473,47,0,72,0,0,0,22,241,8.37,143,671,17.57,257,0,100,7473,0
pbt,bintrie,5,4,storage_mixed_k256,8,,6560,21000,1,0.1023,8.9657,15.857,0.5262,25.6282,0.8194,6,0,0,0,2,0,0,0,0,0,2,4,33.33,0,0,0,0,0,0,0,0
pbt,bintrie,5,4,storage_mixed_k256,8,,6561,0,0,0.0399,11.5142,0.003,0.1331,11.883,0,4,0,0,0,0,0,0,0,0,0,0,4,0,0,0,0,0,0,0,0,0
pbt,bintrie,5,4,storage_mixed_k256,9,,6562,0,0,0.0524,5.2923,0.0029,0.3512,5.9025,0,4,0,0,0,0,0,0,0,0,0,0,4,0,0,0,0,0,0,0,0,0
pbt,bintrie,5,4,storage_mixed_k256,9,,6563,0,0,0.0632,20.6018,0.002,0.1436,20.9636,0,4,0,0,0,0,0,0,0,0,0,0,4,0,0,0,0,0,0,0,0,0
pbt,bintrie,5,4,storage_mixed_k256,9,,6564,0,0,0.0426,5.4697,0.0022,0.1987,5.8811,0,4,0,0,0,0,0,0,0,0,0,0,4,0,0,0,0,0,0,0,0,0
pbt,bintrie,5,4,storage_mixed_k256,9,,6565,91698,2,0.1964,20.4304,3.2058,4.5411,28.5726,3.2093,11,0,0,0,3,0,0,0,1,305,5,6,45.45,0,0,0,0,0,0,0,0
pbt,bintrie,5,4,storage_mixed_k256,9,,6566,5919252,1,35.2169,19.8928,19.5856,3.793,78.8579,75.0622,263,814,257,7473,47,0,72,0,0,0,48,215,18.25,360,454,44.23,257,0,100,7473,0
pbt,bintrie,5,4,storage_mixed_k256,9,,6567,21000,1,0.0776,17.1733,2.5685,0.4924,20.5094,1.0239,6,0,0,0,2,0,0,0,0,0,2,4,33.33,0,0,0,0,0,0,0,0
pbt,bintrie,5,4,storage_mixed_k256,9,,6568,0,0,0.0502,9.8317,0.0033,0.1936,10.333,0,4,0,0,0,0,0,0,0,0,0,0,4,0,0,0,0,0,0,0,0,0
pbt,bintrie,5,4,storage_sload_k1,10,,5116,0,0,1.3585,5.6015,0.0026,0.2427,7.477,0,4,0,0,0,0,0,0,0,0,0,0,4,0,0,0,0,0,0,0,0,0
pbt,bintrie,5,4,storage_sload_k1,10,,5117,0,0,0.0425,17.6812,0.0019,0.1728,18.0672,0,4,0,0,0,0,0,0,0,0,0,0,4,0,0,0,0,0,0,0,0,0
pbt,bintrie,5,4,storage_sload_k1,10,,5118,0,0,0.2161,6.8286,0.005,0.2209,11.3433,0,4,0,0,0,0,0,0,0,0,0,0,4,0,0,0,0,0,0,0,0,0
pbt,bintrie,5,4,storage_sload_k1,10,,5119,86120,2,0.1153,22.1524,2.6039,5.2353,30.2932,2.8429,11,0,0,0,3,0,0,0,1,155,5,6,45.45,0,0,0,0,0,0,0,0
pbt,bintrie,5,4,storage_sload_k1,10,,5120,5900418,1,113.5196,25.767,9.4994,0.6945,149.8847,39.3664,8,258,2,183,2,0,0,0,0,0,3,5,37.5,66,192,25.58,2,0,100,183,0
pbt,bintrie,5,4,storage_sload_k1,10,,5121,21000,1,0.1328,9.2339,4.1634,0.6472,21.8661,0.9604,6,0,0,0,2,0,0,0,0,0,0,6,0,0,0,0,0,0,0,0,0
pbt,bintrie,5,4,storage_sload_k1,11,,5122,0,0,0.2688,3.9456,0.0025,0.2157,4.7158,0,4,0,0,0,0,0,0,0,0,0,0,4,0,0,0,0,0,0,0,0,0
pbt,bintrie,5,4,storage_sload_k1,11,,5123,0,0,0.031,23.798,0.0027,0.1559,24.142,0,4,0,0,0,0,0,0,0,0,0,0,4,0,0,0,0,0,0,0,0,0
pbt,bintrie,5,4,storage_sload_k1,11,,5124,0,0,0.0382,14.41,0.0027,0.1765,14.816,0,4,0,0,0,0,0,0,0,0,0,0,4,0,0,0,0,0,0,0,0,0
pbt,bintrie,5,4,storage_sload_k1,11,,5125,86120,2,0.1351,23.3784,3.6996,4.7571,32.1424,2.6793,11,0,0,0,3,0,0,0,1,155,6,5,54.55,0,0,0,0,0,0,0,0
pbt,bintrie,5,4,storage_sload_k1,11,,5126,5900418,1,131.4894,25.3649,9.4227,0.6533,167.4038,35.2466,8,258,2,183,2,0,0,0,0,0,4,4,50,90,168,34.88,2,0,100,183,0
pbt,bintrie,5,4,storage_sload_k1,11,,5127,21000,1,0.1123,15.9747,9.3296,0.7031,26.3408,0.7972,6,0,0,0,2,0,0,0,0,0,2,4,33.33,0,0,0,0,0,0,0,0
pbt,bintrie,5,4,storage_sload_k1,11,,5128,0,0,0.1537,13.112,0.0034,0.1841,13.6636,0,4,0,0,0,0,0,0,0,0,0,0,4,0,0,0,0,0,0,0,0,0
pbt,bintrie,5,4,storage_sload_k1,12,,5129,0,0,0.0604,8.7161,0.0028,0.2162,9.2359,0,4,0,0,0,0,0,0,0,0,0,0,4,0,0,0,0,0,0,0,0,0
pbt,bintrie,5,4,storage_sload_k1,12,,5130,0,0,0.044,34.3788,0.0056,0.2494,34.9356,0,4,0,0,0,0,0,0,0,0,0,0,4,0,0,0,0,0,0,0,0,0
pbt,bintrie,5,4,storage_sload_k1,12,,5131,0,0,0.0346,5.74,0.0024,0.2929,6.2933,0,4,0,0,0,0,0,0,0,0,0,0,4,0,0,0,0,0,0,0,0,0
pbt,bintrie,5,4,storage_sload_k1,12,,5132,86120,2,0.1367,19.0465,16.1828,5.7096,41.2668,2.0869,11,0,0,0,3,0,0,0,1,155,7,4,63.64,0,0,0,0,0,0,0,0
pbt,bintrie,5,4,storage_sload_k1,12,,5133,5900418,1,108.8222,27.3491,9.5937,0.8062,148.1673,39.8227,8,258,2,183,2,0,0,0,0,0,4,4,50,125,133,48.45,2,0,100,183,0
pbt,bintrie,5,4,storage_sload_k1,12,,5134,21000,1,6.8927,5.3842,4.2774,0.4943,17.233,1.2186,6,0,0,0,2,0,0,0,0,0,2,4,33.33,0,0,0,0,0,0,0,0
pbt,bintrie,5,4,storage_sload_k1,12,,5135,0,0,0.0527,9.1875,0.0022,0.1328,9.5475,0,4,0,0,0,0,0,0,0,0,0,0,4,0,0,0,0,0,0,0,0,0
pbt,bintrie,5,4,storage_sload_k1,13,,5136,0,0,0.064,8.2106,0.0027,0.2239,8.7625,0,4,0,0,0,0,0,0,0,0,0,0,4,0,0,0,0,0,0,0,0,0
pbt,bintrie,5,4,storage_sload_k1,13,,5137,0,0,0.72,3.4116,0.0028,0.2275,4.5731,0,4,0,0,0,0,0,0,0,0,0,0,4,0,0,0,0,0,0,0,0,0
pbt,bintrie,5,4,storage_sload_k1,13,,5138,0,0,0.0378,20.421,0.0029,0.149,20.7973,0,4,0,0,0,0,0,0,0,0,0,0,4,0,0,0,0,0,0,0,0,0
pbt,bintrie,5,4,storage_sload_k1,13,,5139,86120,2,0.2174,25.5037,4.9437,9.4375,43.6216,1.9743,11,0,0,0,3,0,0,0,1,155,6,5,54.55,0,0,0,0,0,0,0,0
pbt,bintrie,5,4,storage_sload_k1,13,,5140,5900418,1,115.1346,27.667,12.2969,0.7595,156.3984,37.7268,8,258,2,183,2,0,0,0,0,0,4,4,50,59,199,22.87,2,0,100,183,0
pbt,bintrie,5,4,storage_sload_k1,13,,5141,21000,1,0.2463,15.9878,2.5627,0.5784,19.5649,1.0734,6,0,0,0,2,0,0,0,0,0,0,6,0,0,0,0,0,0,0,0,0
pbt,bintrie,5,4,storage_sload_k1,13,,5142,0,0,0.0595,7.3662,0.0033,0.1592,7.7786,0,4,0,0,0,0,0,0,0,0,0,0,4,0,0,0,0,0,0,0,0,0
pbt,bintrie,5,4,storage_sload_k1,14,,5143,0,0,0.2037,9.336,0.003,0.2945,10.0788,0,4,0,0,0,0,0,0,0,0,0,0,4,0,0,0,0,0,0,0,0,0
pbt,bintrie,5,4,storage_sload_k1,14,,5144,0,0,0.1349,10.5988,0.0029,0.1657,11.1322,0,4,0,0,0,0,0,0,0,0,0,0,4,0,0,0,0,0,0,0,0,0
pbt,bintrie,5,4,storage_sload_k1,14,,5145,0,0,0.0336,17.6662,0.0021,0.1548,18.0497,0,4,0,0,0,0,0,0,0,0,0,0,4,0,0,0,0,0,0,0,0,0
pbt,bintrie,5,4,storage_sload_k1,14,,5146,86120,2,4.1746,14.4001,11.0682,4.96,43.6658,1.9723,11,0,0,0,3,0,0,0,1,155,5,6,45.45,0,0,0,0,0,0,0,0
pbt,bintrie,5,4,storage_sload_k1,14,,5147,5900418,1,125.4442,26.7904,7.9699,0.6516,161.2477,36.5923,8,258,2,183,2,0,0,0,0,0,4,4,50,79,179,30.62,2,0,100,183,0
pbt,bintrie,5,4,storage_sload_k1,14,,5148,21000,1,0.0856,8.5604,10.3315,0.9423,20.0986,1.0448,6,0,0,0,2,0,0,0,0,0,2,4,33.33,0,0,0,0,0,0,0,0
pbt,bintrie,5,4,storage_sload_k1,14,,5149,0,0,0.041,2.9525,0.0034,0.9118,4.5139,0,4,0,0,0,0,0,0,0,0,0,0,4,0,0,0,0,0,0,0,0,0
pbt,bintrie,5,4,storage_sload_k1,15,,5150,0,0,0.0576,7.5026,0.0028,0.1973,8.0005,0,4,0,0,0,0,0,0,0,0,0,0,4,0,0,0,0,0,0,0,0,0
pbt,bintrie,5,4,storage_sload_k1,15,,5151,0,0,0.0357,21.139,0.0022,0.1026,21.4859,0,4,0,0,0,0,0,0,0,0,0,0,4,0,0,0,0,0,0,0,0,0
pbt,bintrie,5,4,storage_sload_k1,15,,5152,0,0,0.0394,8.9646,0.0041,0.1878,9.7937,0,4,0,0,0,0,0,0,0,0,0,0,4,0,0,0,0,0,0,0,0,0
pbt,bintrie,5,4,storage_sload_k1,15,,5153,86120,2,0.0889,18.4536,3.4949,4.8511,27.0375,3.1852,11,0,0,0,3,0,0,0,1,155,7,4,63.64,0,0,0,0,0,0,0,0
pbt,bintrie,5,4,storage_sload_k1,15,,5154,5900418,1,152.8163,23.6407,10.1724,0.7328,188.9002,31.2356,8,258,2,183,2,0,0,0,0,0,4,4,50,86,172,33.33,2,0,100,183,0
pbt,bintrie,5,4,storage_sload_k1,15,,5155,21000,1,0.0733,11.2308,4.1638,0.4663,16.0981,1.3045,6,0,0,0,2,0,0,0,0,0,2,4,33.33,0,0,0,0,0,0,0,0
pbt,bintrie,5,4,storage_sload_k1,15,,5156,0,0,0.0379,3.191,0.0024,0.2077,3.6128,0,4,0,0,0,0,0,0,0,0,0,0,4,0,0,0,0,0,0,0,0,0
pbt,bintrie,5,4,storage_sload_k1,16,,5157,0,0,0.0403,3.7659,0.0028,0.3742,4.4229,0,4,0,0,0,0,0,0,0,0,0,0,4,0,0,0,0,0,0,0,0,0
pbt,bintrie,5,4,storage_sload_k1,16,,5158,0,0,0.0358,21.9346,0.0061,0.1849,22.3667,0,4,0,0,0,0,0,0,0,0,0,0,4,0,0,0,0,0,0,0,0,0
pbt,bintrie,5,4,storage_sload_k1,16,,5159,0,0,0.0369,11.1056,0.0019,0.1899,11.5085,0,4,0,0,0,0,0,0,0,0,0,0,4,0,0,0,0,0,0,0,0,0
pbt,bintrie,5,4,storage_sload_k1,16,,5160,86120,2,0.1521,21.4121,13.9695,5.0541,40.7897,2.1113,11,0,0,0,3,0,0,0,1,155,6,5,54.55,0,0,0,0,0,0,0,0
pbt,bintrie,5,4,storage_sload_k1,16,,5161,5900418,1,134.5608,29.4569,6.4848,0.6696,171.3741,34.43,8,258,2,183,2,0,0,0,0,0,2,6,25,18,240,6.98,2,0,100,183,0
pbt,bintrie,5,4,storage_sload_k1,16,,5162,21000,1,0.0893,21.6832,12.0577,0.5618,34.6278,0.6064,6,0,0,0,2,0,0,0,0,0,2,4,33.33,0,0,0,0,0,0,0,0
pbt,bintrie,5,4,storage_sload_k1,16,,5163,0,0,0.0512,9.7321,0.002,0.1307,10.159,0,4,0,0,0,0,0,0,0,0,0,0,4,0,0,0,0,0,0,0,0,0
pbt,bintrie,5,4,storage_sload_k1,17,,5164,0,0,0.0577,4.104,0.0034,0.329,4.7639,0,4,0,0,0,0,0,0,0,0,0,0,4,0,0,0,0,0,0,0,0,0
pbt,bintrie,5,4,storage_sload_k1,17,,5165,0,0,0.0607,29.9272,0.0025,0.1441,30.3303,0,4,0,0,0,0,0,0,0,0,0,0,4,0,0,0,0,0,0,0,0,0
pbt,bintrie,5,4,storage_sload_k1,17,,5166,0,0,0.0363,9.5377,0.0021,0.127,9.8745,0,4,0,0,0,0,0,0,0,0,0,0,4,0,0,0,0,0,0,0,0,0
pbt,bintrie,5,4,storage_sload_k1,17,,5167,86120,2,0.1322,16.4155,17.9858,4.5213,39.2778,2.1926,11,0,0,0,3,0,0,0,1,155,6,5,54.55,0,0,0,0,0,0,0,0
pbt,bintrie,5,4,storage_sload_k1,17,,5168,5900418,1,141.1573,24.5318,12.1988,0.6595,178.9569,32.9712,8,258,2,183,2,0,0,0,0,0,4,4,50,32,226,12.4,2,0,100,183,0
pbt,bintrie,5,4,storage_sload_k1,17,,5169,21000,1,1.1777,16.9618,7.9176,0.6854,27.2535,0.7705,6,0,0,0,2,0,0,0,0,0,0,6,0,0,0,0,0,0,0,0,0
pbt,bintrie,5,4,storage_sload_k1,17,,5170,0,0,0.0643,19.8457,0.0034,0.2194,20.3917,0,4,0,0,0,0,0,0,0,0,0,0,4,0,0,0,0,0,0,0,0,0
pbt,bintrie,5,4,storage_sload_k1,18,,5171,0,0,0.0502,7.9808,0.003,0.1357,8.4714,0,4,0,0,0,0,0,0,0,0,0,0,4,0,0,0,0,0,0,0,0,0
pbt,bintrie,5,4,storage_sload_k1,18,,5172,0,0,0.0366,18.8699,0.0025,0.123,19.2815,0,4,0,0,0,0,0,0,0,0,0,0,4,0,0,0,0,0,0,0,0,0
pbt,bintrie,5,4,storage_sload_k1,18,,5173,0,0,0.051,9.3785,0.004,0.2512,9.8744,0,4,0,0,0,0,0,0,0,0,0,0,4,0,0,0,0,0,0,0,0,0
pbt,bintrie,5,4,storage_sload_k1,18,,5174,86120,2,0.16,24.4348,4.2884,4.9822,39.1541,2.1995,11,0,0,0,3,0,0,0,1,155,6,5,54.55,0,0,0,0,0,0,0,0
pbt,bintrie,5,4,storage_sload_k1,18,,5175,5900418,1,104.206,30.0977,6.9629,0.6629,142.2671,41.4742,8,258,2,183,2,0,0,0,0,0,2,6,25,39,219,15.12,2,0,100,183,0
pbt,bintrie,5,4,storage_sload_k1,18,,5176,21000,1,0.2601,12.6099,4.8651,2.0472,19.9679,1.0517,6,0,0,0,2,0,0,0,0,0,2,4,33.33,0,0,0,0,0,0,0,0
pbt,bintrie,5,4,storage_sload_k1,18,,5177,0,0,0.0476,34.1433,0.0032,0.2012,34.6426,0,4,0,0,0,0,0,0,0,0,0,0,4,0,0,0,0,0,0,0,0,0
pbt,bintrie,5,4,storage_sload_k1,19,,5178,0,0,0.0649,10.0641,0.0029,0.2265,10.8377,0,4,0,0,0,0,0,0,0,0,0,0,4,0,0,0,0,0,0,0,0,0
pbt,bintrie,5,4,storage_sload_k1,19,,5179,0,0,0.0448,20.5246,0.002,0.1161,20.875,0,4,0,0,0,0,0,0,0,0,0,0,4,0,0,0,0,0,0,0,0,0
pbt,bintrie,5,4,storage_sload_k1,19,,5180,0,0,3.6103,6.2956,0.0027,0.1222,11.7743,0,4,0,0,0,0,0,0,0,0,0,0,4,0,0,0,0,0,0,0,0,0
pbt,bintrie,5,4,storage_sload_k1,19,,5181,86120,2,0.1691,20.0558,7.0831,4.8912,39.8167,2.1629,11,0,0,0,3,0,0,0,1,155,5,6,45.45,0,0,0,0,0,0,0,0
pbt,bintrie,5,4,storage_sload_k1,19,,5182,5900418,1,125.5663,29.4734,4.443,0.603,160.4453,36.7753,8,258,2,183,2,0,0,0,0,0,4,4,50,39,219,15.12,2,0,100,183,0
pbt,bintrie,5,4,storage_sload_k1,19,,5183,21000,1,0.0727,11.3271,4.8813,0.5054,16.9906,1.236,6,0,0,0,2,0,0,0,0,0,2,4,33.33,0,0,0,0,0,0,0,0
pbt,bintrie,5,4,storage_sload_k1,1,,5055,0,0,0.0435,3.4582,0.0022,0.2032,3.8747,0,4,0,0,0,0,0,0,0,0,0,0,4,0,0,0,0,0,0,0,0,0
pbt,bintrie,5,4,storage_sload_k1,1,,5056,0,0,0.0494,8.547,0.0032,0.3698,9.1601,0,4,0,0,0,0,0,0,0,0,0,0,4,0,0,0,0,0,0,0,0,0
pbt,bintrie,5,4,storage_sload_k1,1,,5057,0,0,0.0342,9.0857,0.0019,0.1075,9.4267,0,4,0,0,0,0,0,0,0,0,0,0,4,0,0,0,0,0,0,0,0,0
pbt,bintrie,5,4,storage_sload_k1,1,,5058,86120,2,0.1139,18.1017,2.8233,5.5424,26.7545,3.2189,11,0,0,0,3,0,0,0,1,155,5,6,45.45,0,0,0,0,0,0,0,0
pbt,bintrie,5,4,storage_sload_k1,1,,5059,5900418,1,106.5196,23.2123,10.4015,0.779,141.3876,41.7322,8,258,2,183,2,0,0,0,0,0,3,5,37.5,127,131,49.22,2,0,100,183,0
pbt,bintrie,5,4,storage_sload_k1,1,,5060,21000,1,0.0927,20.9912,4.0434,0.9168,26.226,0.8007,6,0,0,0,2,0,0,0,0,0,2,4,33.33,0,0,0,0,0,0,0,0
pbt,bintrie,5,4,storage_sload_k1,1,,5061,0,0,0.1125,10.9003,0.0021,0.125,11.3261,0,4,0,0,0,0,0,0,0,0,0,0,4,0,0,0,0,0,0,0,0,0
pbt,bintrie,5,4,storage_sload_k1,20,,5184,0,0,0.0585,6.7495,0.0031,0.3317,7.379,0,4,0,0,0,0,0,0,0,0,0,0,4,0,0,0,0,0,0,0,0,0
pbt,bintrie,5,4,storage_sload_k1,20,,5185,0,0,0.0364,23.1436,0.0021,0.1157,23.46,0,4,0,0,0,0,0,0,0,0,0,0,4,0,0,0,0,0,0,0,0,0
pbt,bintrie,5,4,storage_sload_k1,20,,5186,0,0,0.0418,9.4013,0.0024,0.1916,10.0124,0,4,0,0,0,0,0,0,0,0,0,0,4,0,0,0,0,0,0,0,0,0
pbt,bintrie,5,4,storage_sload_k1,20,,5187,86120,2,0.1729,19.6805,14.9453,4.8314,39.8275,2.1623,11,0,0,0,3,0,0,0,1,155,5,6,45.45,0,0,0,0,0,0,0,0
pbt,bintrie,5,4,storage_sload_k1,20,,5188,5900418,1,124.5779,11.9394,9.6554,0.5697,150.6368,39.1698,8,258,2,183,2,0,0,0,0,0,4,4,50,123,135,47.67,2,0,100,183,0
pbt,bintrie,5,4,storage_sload_k1,20,,5189,21000,1,0.0721,24.0798,2.5673,6.6959,33.6099,0.6248,6,0,0,0,2,0,0,0,0,0,2,4,33.33,0,0,0,0,0,0,0,0
pbt,bintrie,5,4,storage_sload_k1,20,,5190,0,0,0.051,14.997,0.0033,0.1679,15.4373,0,4,0,0,0,0,0,0,0,0,0,0,4,0,0,0,0,0,0,0,0,0
pbt,bintrie,5,4,storage_sload_k1,2,,5062,0,0,0.0478,8.2194,0.0032,0.3952,8.9318,0,4,0,0,0,0,0,0,0,0,0,0,4,0,0,0,0,0,0,0,0,0
pbt,bintrie,5,4,storage_sload_k1,2,,5063,0,0,0.0385,22.4904,0.0028,0.1317,22.8327,0,4,0,0,0,0,0,0,0,0,0,0,4,0,0,0,0,0,0,0,0,0
pbt,bintrie,5,4,storage_sload_k1,2,,5064,0,0,0.0491,8.4498,0.0029,0.1822,8.8436,0,4,0,0,0,0,0,0,0,0,0,0,4,0,0,0,0,0,0,0,0,0
pbt,bintrie,5,4,storage_sload_k1,2,,5065,86120,2,0.1096,20.1585,3.0123,4.3225,27.8544,3.0918,11,0,0,0,3,0,0,0,1,155,5,6,45.45,0,0,0,0,0,0,0,0
pbt,bintrie,5,4,storage_sload_k1,2,,5066,5900418,1,112.8637,22.1477,4.2609,1.4597,141.2321,41.7782,8,258,2,183,2,0,0,0,0,0,4,4,50,128,130,49.61,2,0,100,183,0
pbt,bintrie,5,4,storage_sload_k1,2,,5067,21000,1,0.0905,21.7253,2.4273,0.9216,25.412,0.8264,6,0,0,0,2,0,0,0,0,0,2,4,33.33,0,0,0,0,0,0,0,0
pbt,bintrie,5,4,storage_sload_k1,2,,5068,0,0,0.0473,3.3942,0.002,0.1555,3.8023,0,4,0,0,0,0,0,0,0,0,0,0,4,0,0,0,0,0,0,0,0,0
pbt,bintrie,5,4,storage_sload_k1,3,,5069,0,0,0.0537,5.6054,0.0023,0.4074,6.3437,0,4,0,0,0,0,0,0,0,0,0,0,4,0,0,0,0,0,0,0,0,0
pbt,bintrie,5,4,storage_sload_k1,3,,5070,0,0,0.0464,19.9359,0.0027,0.1684,20.3922,0,4,0,0,0,0,0,0,0,0,0,0,4,0,0,0,0,0,0,0,0,0
pbt,bintrie,5,4,storage_sload_k1,3,,5071,0,0,0.0319,2.944,0.0035,0.215,8.4225,0,4,0,0,0,0,0,0,0,0,0,0,4,0,0,0,0,0,0,0,0,0
pbt,bintrie,5,4,storage_sload_k1,3,,5072,86120,2,0.1349,19.1313,3.8661,6.725,33.8662,2.5429,11,0,0,0,3,0,0,0,1,155,6,5,54.55,0,0,0,0,0,0,0,0
pbt,bintrie,5,4,storage_sload_k1,3,,5073,5900418,1,112.3967,27.8118,5.6055,0.8075,150.5892,39.1822,8,258,2,183,2,0,0,0,0,0,3,5,37.5,149,109,57.75,2,0,100,183,0
pbt,bintrie,5,4,storage_sload_k1,3,,5074,21000,1,0.0616,12.7279,2.7457,0.4551,16.1879,1.2973,6,0,0,0,2,0,0,0,0,0,2,4,33.33,0,0,0,0,0,0,0,0
pbt,bintrie,5,4,storage_sload_k1,3,,5075,0,0,0.0333,6.9408,0.0031,0.1675,7.3463,0,4,0,0,0,0,0,0,0,0,0,0,4,0,0,0,0,0,0,0,0,0
pbt,bintrie,5,4,storage_sload_k1,4,,5076,0,0,0.0442,9.2005,0.0025,0.1933,9.6743,0,4,0,0,0,0,0,0,0,0,0,0,4,0,0,0,0,0,0,0,0,0
pbt,bintrie,5,4,storage_sload_k1,4,,5077,0,0,0.0312,22.9277,0.0018,0.1711,23.2954,0,4,0,0,0,0,0,0,0,0,0,0,4,0,0,0,0,0,0,0,0,0
pbt,bintrie,5,4,storage_sload_k1,4,,5078,0,0,0.0377,4.697,0.0025,0.1505,5.064,0,4,0,0,0,0,0,0,0,0,0,0,4,0,0,0,0,0,0,0,0,0
pbt,bintrie,5,4,storage_sload_k1,4,,5079,86120,2,0.1067,19.8085,12.4007,4.7783,37.2941,2.3092,11,0,0,0,3,0,0,0,1,155,5,6,45.45,0,0,0,0,0,0,0,0
pbt,bintrie,5,4,storage_sload_k1,4,,5080,5900418,1,106.9127,33.9707,6.0083,0.6228,147.7736,39.9288,8,258,2,183,2,0,0,0,0,0,3,5,37.5,164,94,63.57,2,0,100,183,0
pbt,bintrie,5,4,storage_sload_k1,4,,5081,21000,1,3.5916,8.7253,3.3325,0.882,19.8097,1.0601,6,0,0,0,2,0,0,0,0,0,2,4,33.33,0,0,0,0,0,0,0,0
pbt,bintrie,5,4,storage_sload_k1,4,,5082,0,0,0.0269,2.9949,0.0016,0.1211,3.2865,0,4,0,0,0,0,0,0,0,0,0,0,4,0,0,0,0,0,0,0,0,0
pbt,bintrie,5,4,storage_sload_k1,5,,5083,0,0,0.0436,6.6114,0.0035,0.3639,8.5712,0,4,0,0,0,0,0,0,0,0,0,0,4,0,0,0,0,0,0,0,0,0
pbt,bintrie,5,4,storage_sload_k1,5,,5084,0,0,0.043,26.0191,0.0022,0.1644,26.4591,0,4,0,0,0,0,0,0,0,0,0,0,4,0,0,0,0,0,0,0,0,0
pbt,bintrie,5,4,storage_sload_k1,5,,5085,0,0,0.0386,7.3,0.0031,0.1888,9.9546,0,4,0,0,0,0,0,0,0,0,0,0,4,0,0,0,0,0,0,0,0,0
pbt,bintrie,5,4,storage_sload_k1,5,,5086,86120,2,0.1476,21.8607,3.8407,4.5592,39.0653,2.2045,11,0,0,0,3,0,0,0,1,155,5,6,45.45,0,0,0,0,0,0,0,0
pbt,bintrie,5,4,storage_sload_k1,5,,5087,5900418,1,120.7454,23.5,3.7878,0.6086,149.0243,39.5937,8,258,2,183,2,0,0,0,0,0,3,5,37.5,79,179,30.62,2,0,100,183,0
pbt,bintrie,5,4,storage_sload_k1,5,,5088,21000,1,0.0691,20.3448,2.9099,0.5105,24.0295,0.8739,6,0,0,0,2,0,0,0,0,0,2,4,33.33,0,0,0,0,0,0,0,0
pbt,bintrie,5,4,storage_sload_k1,5,,5089,0,0,0.0388,3.0191,0.0023,0.1512,3.4095,0,4,0,0,0,0,0,0,0,0,0,0,4,0,0,0,0,0,0,0,0,0
pbt,bintrie,5,4,storage_sload_k1,6,,5090,0,0,0.0562,13.045,0.0025,0.1941,14.7183,0,4,0,0,0,0,0,0,0,0,0,0,4,0,0,0,0,0,0,0,0,0
pbt,bintrie,5,4,storage_sload_k1,6,,5091,0,0,0.0299,16.312,0.0032,0.1083,16.6382,0,4,0,0,0,0,0,0,0,0,0,0,4,0,0,0,0,0,0,0,0,0
pbt,bintrie,5,4,storage_sload_k1,6,,5092,0,0,0.0408,22.6264,0.0023,0.1672,22.9927,0,4,0,0,0,0,0,0,0,0,0,0,4,0,0,0,0,0,0,0,0,0
pbt,bintrie,5,4,storage_sload_k1,6,,5093,86120,2,0.1214,17.0128,3.838,9.7736,32.2183,2.673,11,0,0,0,3,0,0,0,1,155,6,5,54.55,0,0,0,0,0,0,0,0
pbt,bintrie,5,4,storage_sload_k1,6,,5094,5900418,1,112.5815,30.9283,7.8699,0.622,152.3789,38.722,8,258,2,183,2,0,0,0,0,0,1,7,12.5,63,195,24.42,2,0,100,183,0
pbt,bintrie,5,4,storage_sload_k1,6,,5095,21000,1,0.0693,4.046,12.1066,0.5457,17.0121,1.2344,6,0,0,0,2,0,0,0,0,0,2,4,33.33,0,0,0,0,0,0,0,0
pbt,bintrie,5,4,storage_sload_k1,7,,5096,0,0,0.0528,8.7895,0.0021,0.227,9.2492,0,4,0,0,0,0,0,0,0,0,0,0,4,0,0,0,0,0,0,0,0,0
pbt,bintrie,5,4,storage_sload_k1,7,,5097,0,0,0.0335,21.5784,0.002,0.1086,21.8668,0,4,0,0,0,0,0,0,0,0,0,0,4,0,0,0,0,0,0,0,0,0
pbt,bintrie,5,4,storage_sload_k1,7,,5098,0,0,0.0394,6.5159,0.0027,0.2226,6.9466,0,4,0,0,0,0,0,0,0,0,0,0,4,0,0,0,0,0,0,0,0,0
pbt,bintrie,5,4,storage_sload_k1,7,,5099,86120,2,0.126,24.8931,6.4731,5.4198,37.1081,2.3208,11,0,0,0,3,0,0,0,1,155,6,5,54.55,0,0,0,0,0,0,0,0
pbt,bintrie,5,4,storage_sload_k1,7,,5100,5900418,1,117.0164,34.8268,5.5859,2.7263,160.5059,36.7614,8,258,2,183,2,0,0,0,0,0,4,4,50,96,162,37.21,2,0,100,183,0
pbt,bintrie,5,4,storage_sload_k1,7,,5101,21000,1,0.0664,17.3559,4.1279,0.5385,22.2685,0.943,6,0,0,0,2,0,0,0,0,0,2,4,33.33,0,0,0,0,0,0,0,0
pbt,bintrie,5,4,storage_sload_k1,7,,5102,0,0,0.045,6.2912,0.0028,0.1836,6.7288,0,4,0,0,0,0,0,0,0,0,0,0,4,0,0,0,0,0,0,0,0,0
pbt,bintrie,5,4,storage_sload_k1,8,,5103,0,0,0.0452,3.5339,0.0023,0.2882,4.0655,0,4,0,0,0,0,0,0,0,0,0,0,4,0,0,0,0,0,0,0,0,0
pbt,bintrie,5,4,storage_sload_k1,8,,5104,0,0,0.0388,15.3954,0.0033,0.1315,15.7594,0,4,0,0,0,0,0,0,0,0,0,0,4,0,0,0,0,0,0,0,0,0
pbt,bintrie,5,4,storage_sload_k1,8,,5105,0,0,0.0384,3.7482,0.0026,0.1724,4.1147,0,4,0,0,0,0,0,0,0,0,0,0,4,0,0,0,0,0,0,0,0,0
pbt,bintrie,5,4,storage_sload_k1,8,,5106,86120,2,0.1263,19.4076,3.7185,5.2558,28.7347,2.9971,11,0,0,0,3,0,0,0,1,155,5,6,45.45,0,0,0,0,0,0,0,0
pbt,bintrie,5,4,storage_sload_k1,8,,5107,5900418,1,123.7786,4.4157,11.403,0.6251,149.3367,39.5108,8,258,2,183,2,0,0,0,0,0,4,4,50,148,110,57.36,2,0,100,183,0
pbt,bintrie,5,4,storage_sload_k1,8,,5108,21000,1,0.0927,18.3851,3.8587,0.8254,26.9822,0.7783,6,0,0,0,2,0,0,0,0,0,2,4,33.33,0,0,0,0,0,0,0,0
pbt,bintrie,5,4,storage_sload_k1,9,,5109,0,0,0.0508,4.3832,0.0027,1.0149,6.1916,0,4,0,0,0,0,0,0,0,0,0,0,4,0,0,0,0,0,0,0,0,0
pbt,bintrie,5,4,storage_sload_k1,9,,5110,0,0,0.0377,22.3193,0.0032,0.1379,22.7208,0,4,0,0,0,0,0,0,0,0,0,0,4,0,0,0,0,0,0,0,0,0
pbt,bintrie,5,4,storage_sload_k1,9,,5111,0,0,0.0374,6.1183,0.0026,0.164,6.5027,0,4,0,0,0,0,0,0,0,0,0,0,4,0,0,0,0,0,0,0,0,0
pbt,bintrie,5,4,storage_sload_k1,9,,5112,86120,2,0.0976,18.9257,3.8517,6.2441,29.3956,2.9297,11,0,0,0,3,0,0,0,1,155,6,5,54.55,0,0,0,0,0,0,0,0
pbt,bintrie,5,4,storage_sload_k1,9,,5113,5900418,1,115.4526,32.4964,5.1928,0.8445,154.2164,38.2606,8,258,2,183,2,0,0,0,0,0,3,5,37.5,43,215,16.67,2,0,100,183,0
pbt,bintrie,5,4,storage_sload_k1,9,,5114,21000,1,0.0821,18.3617,2.346,0.4564,21.4102,0.9808,6,0,0,0,2,0,0,0,0,0,2,4,33.33,0,0,0,0,0,0,0,0
pbt,bintrie,5,4,storage_sload_k1,9,,5115,0,0,0.04,8.7363,0.003,0.1582,9.1198,0,4,0,0,0,0,0,0,0,0,0,0,4,0,0,0,0,0,0,0,0,0
pbt,bintrie,5,4,storage_sload_k10,10,,5253,0,0,0.0562,5.1504,0.0024,0.2233,5.9439,0,4,0,0,0,0,0,0,0,0,0,0,4,0,0,0,0,0,0,0,0,0
pbt,bintrie,5,4,storage_sload_k10,10,,5254,0,0,0.0377,4.6995,0.0023,0.5166,5.4729,0,4,0,0,0,0,0,0,0,0,0,0,4,0,0,0,0,0,0,0,0,0
pbt,bintrie,5,4,storage_sload_k10,10,,5255,0,0,0.0427,3.4412,0.0027,0.1268,8.7297,0,4,0,0,0,0,0,0,0,0,0,0,4,0,0,0,0,0,0,0,0,0
pbt,bintrie,5,4,storage_sload_k10,10,,5256,86852,2,0.1288,23.0364,4.0599,4.4426,41.1072,2.1128,11,0,0,0,3,0,0,0,1,157,5,6,45.45,0,0,0,0,0,0,0,0
pbt,bintrie,5,4,storage_sload_k10,10,,5257,5900140,1,120.004,24.9557,2.8926,0.6638,148.8759,39.6313,17,258,11,437,2,0,0,0,0,0,7,10,41.18,67,191,25.97,11,0,100,437,0
pbt,bintrie,5,4,storage_sload_k10,10,,5258,21000,1,0.1473,12.0653,4.1782,1.3011,19.8884,1.0559,6,0,0,0,2,0,0,0,0,0,2,4,33.33,0,0,0,0,0,0,0,0
pbt,bintrie,5,4,storage_sload_k10,10,,5259,0,0,0.0447,18.7171,0.0023,0.1427,19.0838,0,4,0,0,0,0,0,0,0,0,0,0,4,0,0,0,0,0,0,0,0,0
pbt,bintrie,5,4,storage_sload_k10,11,,5260,0,0,0.1755,11.7471,0.0025,0.1451,12.7083,0,4,0,0,0,0,0,0,0,0,0,0,4,0,0,0,0,0,0,0,0,0
pbt,bintrie,5,4,storage_sload_k10,11,,5261,0,0,0.0405,8.4209,0.002,0.1023,8.7478,0,4,0,0,0,0,0,0,0,0,0,0,4,0,0,0,0,0,0,0,0,0
pbt,bintrie,5,4,storage_sload_k10,11,,5262,0,0,0.0359,7.0206,0.0018,0.1127,7.3882,0,4,0,0,0,0,0,0,0,0,0,0,4,0,0,0,0,0,0,0,0,0
pbt,bintrie,5,4,storage_sload_k10,11,,5263,86852,2,0.1085,23.0153,3.952,6.5476,33.8032,2.5693,11,0,0,0,3,0,0,0,1,157,5,6,45.45,0,0,0,0,0,0,0,0
pbt,bintrie,5,4,storage_sload_k10,11,,5264,5900140,1,159.2527,23.9499,5.3263,0.5641,189.3216,31.1646,17,258,11,437,2,0,0,0,0,0,4,13,23.53,35,223,13.57,11,0,100,437,0
pbt,bintrie,5,4,storage_sload_k10,11,,5265,21000,1,0.0948,10.5128,9.1893,1.9993,22.7938,0.9213,6,0,0,0,2,0,0,0,0,0,0,6,0,0,0,0,0,0,0,0,0
pbt,bintrie,5,4,storage_sload_k10,11,,5266,0,0,0.0532,22.7057,0.0025,0.2961,23.3917,0,4,0,0,0,0,0,0,0,0,0,0,4,0,0,0,0,0,0,0,0,0
pbt,bintrie,5,4,storage_sload_k10,12,,5267,0,0,0.0408,7.957,0.0026,4.3134,12.6122,0,4,0,0,0,0,0,0,0,0,0,0,4,0,0,0,0,0,0,0,0,0
pbt,bintrie,5,4,storage_sload_k10,12,,5268,0,0,0.7144,3.3795,0.0026,0.7079,5.2096,0,4,0,0,0,0,0,0,0,0,0,0,4,0,0,0,0,0,0,0,0,0
pbt,bintrie,5,4,storage_sload_k10,12,,5269,0,0,0.0463,6.2614,0.0024,0.216,6.6803,0,4,0,0,0,0,0,0,0,0,0,0,4,0,0,0,0,0,0,0,0,0
pbt,bintrie,5,4,storage_sload_k10,12,,5270,86852,2,0.1112,23.7133,3.4885,4.3131,31.8495,2.727,11,0,0,0,3,0,0,0,1,157,5,6,45.45,0,0,0,0,0,0,0,0
pbt,bintrie,5,4,storage_sload_k10,12,,5271,5900140,1,107.1682,23.5133,12.7755,0.9351,144.758,40.7586,17,258,11,437,2,0,0,0,0,0,6,11,35.29,59,199,22.87,11,0,100,437,0
pbt,bintrie,5,4,storage_sload_k10,12,,5272,21000,1,0.0711,19.5496,2.2538,0.8975,22.9877,0.9135,6,0,0,0,2,0,0,0,0,0,2,4,33.33,0,0,0,0,0,0,0,0
pbt,bintrie,5,4,storage_sload_k10,12,,5273,0,0,0.0319,19.2357,0.0024,0.1176,19.5494,0,4,0,0,0,0,0,0,0,0,0,0,4,0,0,0,0,0,0,0,0,0
pbt,bintrie,5,4,storage_sload_k10,13,,5274,0,0,0.1709,3.3406,0.0024,0.3427,4.8348,0,4,0,0,0,0,0,0,0,0,0,0,4,0,0,0,0,0,0,0,0,0
pbt,bintrie,5,4,storage_sload_k10,13,,5275,0,0,0.0367,21.0968,0.0024,0.1482,21.4436,0,4,0,0,0,0,0,0,0,0,0,0,4,0,0,0,0,0,0,0,0,0
pbt,bintrie,5,4,storage_sload_k10,13,,5276,0,0,0.0362,6.9881,0.0021,0.145,7.3212,0,4,0,0,0,0,0,0,0,0,0,0,4,0,0,0,0,0,0,0,0,0
pbt,bintrie,5,4,storage_sload_k10,13,,5277,86852,2,0.14,19.5183,4.0218,6.1876,32.5515,2.6681,11,0,0,0,3,0,0,0,1,157,6,5,54.55,0,0,0,0,0,0,0,0
pbt,bintrie,5,4,storage_sload_k10,13,,5278,5900140,1,133.7869,27.257,7.1465,0.759,169.3355,34.8429,17,258,11,437,2,0,0,0,0,0,6,11,35.29,37,221,14.34,11,0,100,437,0
pbt,bintrie,5,4,storage_sload_k10,13,,5279,21000,1,4.5956,6.7313,4.7647,0.7523,17.0481,1.2318,6,0,0,0,2,0,0,0,0,0,2,4,33.33,0,0,0,0,0,0,0,0
pbt,bintrie,5,4,storage_sload_k10,13,,5280,0,0,0.0908,13.5803,0.004,2.3515,16.7097,0,4,0,0,0,0,0,0,0,0,0,0,4,0,0,0,0,0,0,0,0,0
pbt,bintrie,5,4,storage_sload_k10,14,,5281,0,0,0.0428,4.3198,0.0017,0.3061,4.9012,0,4,0,0,0,0,0,0,0,0,0,0,4,0,0,0,0,0,0,0,0,0
pbt,bintrie,5,4,storage_sload_k10,14,,5282,0,0,0.0283,18.6761,0.0023,0.1214,18.9987,0,4,0,0,0,0,0,0,0,0,0,0,4,0,0,0,0,0,0,0,0,0
pbt,bintrie,5,4,storage_sload_k10,14,,5283,0,0,0.0345,5.1199,0.0014,0.1267,5.4432,0,4,0,0,0,0,0,0,0,0,0,0,4,0,0,0,0,0,0,0,0,0
pbt,bintrie,5,4,storage_sload_k10,14,,5284,86852,2,0.0967,21.1992,3.1541,4.9107,35.3861,2.4544,11,0,0,0,3,0,0,0,1,157,6,5,54.55,0,0,0,0,0,0,0,0
pbt,bintrie,5,4,storage_sload_k10,14,,5285,5900140,1,138.4555,31.6509,7.798,0.8903,179.0637,32.95,17,258,11,437,2,0,0,0,0,0,4,13,23.53,49,209,18.99,11,0,100,437,0
pbt,bintrie,5,4,storage_sload_k10,14,,5286,21000,1,0.0769,9.2686,8.1848,0.567,18.2871,1.1484,6,0,0,0,2,0,0,0,0,0,2,4,33.33,0,0,0,0,0,0,0,0
pbt,bintrie,5,4,storage_sload_k10,14,,5287,0,0,0.0532,13.9843,0.0019,0.1275,14.3703,0,4,0,0,0,0,0,0,0,0,0,0,4,0,0,0,0,0,0,0,0,0
pbt,bintrie,5,4,storage_sload_k10,15,,5288,0,0,0.0694,3.1513,0.0015,0.2856,3.7127,0,4,0,0,0,0,0,0,0,0,0,0,4,0,0,0,0,0,0,0,0,0
pbt,bintrie,5,4,storage_sload_k10,15,,5289,0,0,0.0376,7.8872,0.0017,0.0939,8.1585,0,4,0,0,0,0,0,0,0,0,0,0,4,0,0,0,0,0,0,0,0,0
pbt,bintrie,5,4,storage_sload_k10,15,,5290,0,0,0.0372,8.7143,0.0031,0.1634,9.1536,0,4,0,0,0,0,0,0,0,0,0,0,4,0,0,0,0,0,0,0,0,0
pbt,bintrie,5,4,storage_sload_k10,15,,5291,86852,2,0.1538,25.624,2.9002,4.865,36.3149,2.3916,11,0,0,0,3,0,0,0,1,157,5,6,45.45,0,0,0,0,0,0,0,0
pbt,bintrie,5,4,storage_sload_k10,15,,5292,5900140,1,129.746,4.5252,18.0673,0.5186,153.0708,38.5452,17,258,11,437,2,0,0,0,0,0,6,11,35.29,68,190,26.36,11,0,100,437,0
pbt,bintrie,5,4,storage_sload_k10,15,,5293,21000,1,0.2667,9.8672,14.5366,0.5631,26.0993,0.8046,6,0,0,0,2,0,0,0,0,0,0,6,0,0,0,0,0,0,0,0,0
pbt,bintrie,5,4,storage_sload_k10,15,,5294,0,0,0.051,11.4937,0.0037,0.1589,11.9126,0,4,0,0,0,0,0,0,0,0,0,0,4,0,0,0,0,0,0,0,0,0
pbt,bintrie,5,4,storage_sload_k10,16,,5295,0,0,2.9557,3.9338,0.0028,0.2991,7.5433,0,4,0,0,0,0,0,0,0,0,0,0,4,0,0,0,0,0,0,0,0,0
pbt,bintrie,5,4,storage_sload_k10,16,,5296,0,0,0.0348,3.7536,0.0022,0.1578,4.1172,0,4,0,0,0,0,0,0,0,0,0,0,4,0,0,0,0,0,0,0,0,0
pbt,bintrie,5,4,storage_sload_k10,16,,5297,0,0,0.048,6.8352,0.0031,0.3196,7.4057,0,4,0,0,0,0,0,0,0,0,0,0,4,0,0,0,0,0,0,0,0,0
pbt,bintrie,5,4,storage_sload_k10,16,,5298,86852,2,0.0919,18.5069,3.6994,5.6934,29.132,2.9813,11,0,0,0,3,0,0,0,1,157,6,5,54.55,0,0,0,0,0,0,0,0
pbt,bintrie,5,4,storage_sload_k10,16,,5299,5900140,1,113.7338,21.1196,12.2945,0.6576,148.1746,39.8188,17,258,11,437,2,0,0,0,0,0,5,12,29.41,42,216,16.28,11,0,100,437,0
pbt,bintrie,5,4,storage_sload_k10,16,,5300,21000,1,0.059,14.7338,11.6664,0.4774,27.1498,0.7735,6,0,0,0,2,0,0,0,0,0,2,4,33.33,0,0,0,0,0,0,0,0
pbt,bintrie,5,4,storage_sload_k10,16,,5301,0,0,0.0344,23.3416,0.0023,0.1776,23.7173,0,4,0,0,0,0,0,0,0,0,0,0,4,0,0,0,0,0,0,0,0,0
pbt,bintrie,5,4,storage_sload_k10,17,,5302,0,0,0.0403,4.265,0.0021,0.3082,4.8374,0,4,0,0,0,0,0,0,0,0,0,0,4,0,0,0,0,0,0,0,0,0
pbt,bintrie,5,4,storage_sload_k10,17,,5303,0,0,0.0414,20.0391,0.0021,0.1413,20.413,0,4,0,0,0,0,0,0,0,0,0,0,4,0,0,0,0,0,0,0,0,0
pbt,bintrie,5,4,storage_sload_k10,17,,5304,0,0,0.0459,8.7639,0.0031,0.2117,9.2448,0,4,0,0,0,0,0,0,0,0,0,0,4,0,0,0,0,0,0,0,0,0
pbt,bintrie,5,4,storage_sload_k10,17,,5305,86852,2,0.1485,23.573,2.7013,5.9704,32.6209,2.6625,11,0,0,0,3,0,0,0,1,157,6,5,54.55,0,0,0,0,0,0,0,0
pbt,bintrie,5,4,storage_sload_k10,17,,5306,5900140,1,143.0277,25.8603,10.2675,1.2106,180.7881,32.6357,17,258,11,437,2,0,0,0,0,0,4,13,23.53,88,170,34.11,11,0,100,437,0
pbt,bintrie,5,4,storage_sload_k10,17,,5307,21000,1,0.0771,11.4451,16.9604,0.6658,29.3416,0.7157,6,0,0,0,2,0,0,0,0,0,2,4,33.33,0,0,0,0,0,0,0,0
pbt,bintrie,5,4,storage_sload_k10,17,,5308,0,0,0.0462,13.6778,0.0027,0.1582,14.0735,0,4,0,0,0,0,0,0,0,0,0,0,4,0,0,0,0,0,0,0,0,0
pbt,bintrie,5,4,storage_sload_k10,18,,5309,0,0,0.0964,8.9749,0.0027,0.9545,10.4187,0,4,0,0,0,0,0,0,0,0,0,0,4,0,0,0,0,0,0,0,0,0
pbt,bintrie,5,4,storage_sload_k10,18,,5310,0,0,0.0383,19.1705,0.0035,0.1698,19.6697,0,4,0,0,0,0,0,0,0,0,0,0,4,0,0,0,0,0,0,0,0,0
pbt,bintrie,5,4,storage_sload_k10,18,,5311,0,0,0.0493,10.832,0.0025,0.2726,11.3428,0,4,0,0,0,0,0,0,0,0,0,0,4,0,0,0,0,0,0,0,0,0
pbt,bintrie,5,4,storage_sload_k10,18,,5312,86852,2,0.1437,24.3615,6.0112,5.4917,36.1902,2.3999,11,0,0,0,3,0,0,0,1,157,5,6,45.45,0,0,0,0,0,0,0,0
pbt,bintrie,5,4,storage_sload_k10,18,,5313,5900140,1,135.527,23.1087,10.6663,1.0886,170.7981,34.5445,17,258,11,437,2,0,0,0,0,0,3,14,17.65,5,253,1.94,11,0,100,437,0
pbt,bintrie,5,4,storage_sload_k10,18,,5314,21000,1,0.095,8.8141,5.2491,0.9093,18.4668,1.1372,6,0,0,0,2,0,0,0,0,0,2,4,33.33,0,0,0,0,0,0,0,0
pbt,bintrie,5,4,storage_sload_k10,18,,5315,0,0,0.0715,18.866,0.0032,0.1684,19.3775,0,4,0,0,0,0,0,0,0,0,0,0,4,0,0,0,0,0,0,0,0,0
pbt,bintrie,5,4,storage_sload_k10,19,,5316,0,0,1.212,4.5895,0.0025,0.2577,6.2383,0,4,0,0,0,0,0,0,0,0,0,0,4,0,0,0,0,0,0,0,0,0
pbt,bintrie,5,4,storage_sload_k10,19,,5317,0,0,2.2069,3.0869,0.0023,0.1778,5.6611,0,4,0,0,0,0,0,0,0,0,0,0,4,0,0,0,0,0,0,0,0,0
pbt,bintrie,5,4,storage_sload_k10,19,,5318,0,0,0.0459,14.4049,0.0029,0.175,14.829,0,4,0,0,0,0,0,0,0,0,0,0,4,0,0,0,0,0,0,0,0,0
pbt,bintrie,5,4,storage_sload_k10,19,,5319,86852,2,0.1208,19.3522,3.4257,5.8627,28.9468,3.0004,11,0,0,0,3,0,0,0,1,157,5,6,45.45,0,0,0,0,0,0,0,0
pbt,bintrie,5,4,storage_sload_k10,19,,5320,5900140,1,154.3737,24.8804,3.3588,0.9388,184.1223,32.0447,17,258,11,437,2,0,0,0,0,0,6,11,35.29,86,172,33.33,11,0,100,437,0
pbt,bintrie,5,4,storage_sload_k10,19,,5321,21000,1,0.0763,11.9609,5.3019,0.8584,24.6439,0.8521,6,0,0,0,2,0,0,0,0,0,2,4,33.33,0,0,0,0,0,0,0,0
pbt,bintrie,5,4,storage_sload_k10,19,,5322,0,0,0.0503,10.9875,0.0033,0.153,11.4063,0,4,0,0,0,0,0,0,0,0,0,0,4,0,0,0,0,0,0,0,0,0
pbt,bintrie,5,4,storage_sload_k10,1,,5191,0,0,0.1056,3.2361,0.0022,0.2802,3.8608,0,4,0,0,0,0,0,0,0,0,0,0,4,0,0,0,0,0,0,0,0,0
pbt,bintrie,5,4,storage_sload_k10,1,,5192,0,0,0.0414,18.5756,0.0021,0.1581,18.9722,0,4,0,0,0,0,0,0,0,0,0,0,4,0,0,0,0,0,0,0,0,0
pbt,bintrie,5,4,storage_sload_k10,1,,5193,0,0,0.0433,10.1889,0.0016,0.1418,10.5569,0,4,0,0,0,0,0,0,0,0,0,0,4,0,0,0,0,0,0,0,0,0
pbt,bintrie,5,4,storage_sload_k10,1,,5194,86852,2,0.2866,19.4233,3.6531,5.5129,29.1043,2.9842,11,0,0,0,3,0,0,0,1,157,4,7,36.36,0,0,0,0,0,0,0,0
pbt,bintrie,5,4,storage_sload_k10,1,,5195,5900140,1,125.4139,20.4469,4.0794,0.6016,150.9111,39.0968,17,258,11,437,2,0,0,0,0,0,7,10,41.18,17,241,6.59,11,0,100,437,0
pbt,bintrie,5,4,storage_sload_k10,1,,5196,21000,1,0.1047,18.6568,4.2307,0.6102,23.7998,0.8824,6,0,0,0,2,0,0,0,0,0,2,4,33.33,0,0,0,0,0,0,0,0
pbt,bintrie,5,4,storage_sload_k10,20,,5323,0,0,0.055,8.438,0.002,0.1901,8.9157,0,4,0,0,0,0,0,0,0,0,0,0,4,0,0,0,0,0,0,0,0,0
pbt,bintrie,5,4,storage_sload_k10,20,,5324,0,0,0.0638,5.0733,0.0027,0.149,5.4783,0,4,0,0,0,0,0,0,0,0,0,0,4,0,0,0,0,0,0,0,0,0
pbt,bintrie,5,4,storage_sload_k10,20,,5325,0,0,0.0329,3.1429,0.0021,0.2245,3.5384,0,4,0,0,0,0,0,0,0,0,0,0,4,0,0,0,0,0,0,0,0,0
pbt,bintrie,5,4,storage_sload_k10,20,,5326,86852,2,0.3131,23.5291,13.1085,5.5679,42.7919,2.0296,11,0,0,0,3,0,0,0,1,157,7,4,63.64,0,0,0,0,0,0,0,0
pbt,bintrie,5,4,storage_sload_k10,20,,5327,5900140,1,120.4278,33.5162,7.1147,0.6203,162.0401,36.4116,17,258,11,437,2,0,0,0,0,0,6,11,35.29,50,208,19.38,11,0,100,437,0
pbt,bintrie,5,4,storage_sload_k10,20,,5328,21000,1,0.072,7.9982,12.373,1.8369,23.1363,0.9077,6,0,0,0,2,0,0,0,0,0,0,6,0,0,0,0,0,0,0,0,0
pbt,bintrie,5,4,storage_sload_k10,20,,5329,0,0,0.035,4.026,0.0026,1.1427,5.3453,0,4,0,0,0,0,0,0,0,0,0,0,4,0,0,0,0,0,0,0,0,0
pbt,bintrie,5,4,storage_sload_k10,2,,5197,0,0,0.0574,4.7885,0.0031,0.3248,5.4615,0,4,0,0,0,0,0,0,0,0,0,0,4,0,0,0,0,0,0,0,0,0
pbt,bintrie,5,4,storage_sload_k10,2,,5198,0,0,0.0461,20.5119,0.0033,0.1863,20.9974,0,4,0,0,0,0,0,0,0,0,0,0,4,0,0,0,0,0,0,0,0,0
pbt,bintrie,5,4,storage_sload_k10,2,,5199,0,0,0.0455,9.9458,0.003,0.1528,10.3166,0,4,0,0,0,0,0,0,0,0,0,0,4,0,0,0,0,0,0,0,0,0
pbt,bintrie,5,4,storage_sload_k10,2,,5200,86852,2,0.0956,20.9376,3.1685,5.2837,31.916,2.7213,11,0,0,0,3,0,0,0,1,157,6,5,54.55,0,0,0,0,0,0,0,0
pbt,bintrie,5,4,storage_sload_k10,2,,5201,5900140,1,126.7197,29.4435,6.2727,0.6395,163.4736,36.0923,17,258,11,437,2,0,0,0,0,0,5,12,29.41,22,236,8.53,11,0,100,437,0
pbt,bintrie,5,4,storage_sload_k10,2,,5202,21000,1,0.0715,13.1292,5.5694,1.0088,20.0334,1.0482,6,0,0,0,2,0,0,0,0,0,2,4,33.33,0,0,0,0,0,0,0,0
pbt,bintrie,5,4,storage_sload_k10,2,,5203,0,0,0.036,3.362,0.0026,0.1635,3.7503,0,4,0,0,0,0,0,0,0,0,0,0,4,0,0,0,0,0,0,0,0,0
pbt,bintrie,5,4,storage_sload_k10,3,,5204,0,0,0.0396,8.2284,0.0029,0.2595,10.3532,0,4,0,0,0,0,0,0,0,0,0,0,4,0,0,0,0,0,0,0,0,0
pbt,bintrie,5,4,storage_sload_k10,3,,5205,0,0,0.0399,16.7124,0.0022,0.1273,17.0634,0,4,0,0,0,0,0,0,0,0,0,0,4,0,0,0,0,0,0,0,0,0
pbt,bintrie,5,4,storage_sload_k10,3,,5206,0,0,0.0292,12.3215,0.0025,0.1213,12.6185,0,4,0,0,0,0,0,0,0,0,0,0,4,0,0,0,0,0,0,0,0,0
pbt,bintrie,5,4,storage_sload_k10,3,,5207,86852,2,0.1784,28.3933,5.265,5.7178,41.484,2.0936,11,0,0,0,3,0,0,0,1,157,6,5,54.55,0,0,0,0,0,0,0,0
pbt,bintrie,5,4,storage_sload_k10,3,,5208,5900140,1,107.4737,24.2626,11.6886,0.6991,144.5374,40.8209,17,258,11,437,2,0,0,0,0,0,6,11,35.29,74,184,28.68,11,0,100,437,0
pbt,bintrie,5,4,storage_sload_k10,3,,5209,21000,1,0.0826,16.5099,12.5493,0.5663,29.9409,0.7014,6,0,0,0,2,0,0,0,0,0,2,4,33.33,0,0,0,0,0,0,0,0
pbt,bintrie,5,4,storage_sload_k10,3,,5210,0,0,0.0464,18.5478,0.0024,0.1491,18.9327,0,4,0,0,0,0,0,0,0,0,0,0,4,0,0,0,0,0,0,0,0,0
pbt,bintrie,5,4,storage_sload_k10,4,,5211,0,0,0.4386,4.9267,0.0026,0.8614,6.4027,0,4,0,0,0,0,0,0,0,0,0,0,4,0,0,0,0,0,0,0,0,0
pbt,bintrie,5,4,storage_sload_k10,4,,5212,0,0,0.0476,21.876,0.0027,0.1243,22.2057,0,4,0,0,0,0,0,0,0,0,0,0,4,0,0,0,0,0,0,0,0,0
pbt,bintrie,5,4,storage_sload_k10,4,,5213,0,0,0.0349,2.9289,0.0018,0.4164,3.5463,0,4,0,0,0,0,0,0,0,0,0,0,4,0,0,0,0,0,0,0,0,0
pbt,bintrie,5,4,storage_sload_k10,4,,5214,86852,2,0.1955,22.9155,9.1716,5.3583,42.0575,2.0651,11,0,0,0,3,0,0,0,1,157,5,6,45.45,0,0,0,0,0,0,0,0
pbt,bintrie,5,4,storage_sload_k10,4,,5215,5900140,1,114.6289,29.3707,5.8228,0.6332,150.9117,39.0966,17,258,11,437,2,0,0,0,0,0,3,14,17.65,30,228,11.63,11,0,100,437,0
pbt,bintrie,5,4,storage_sload_k10,4,,5216,21000,1,0.152,12.9844,22.0242,0.5664,35.92,0.5846,6,0,0,0,2,0,0,0,0,0,0,6,0,0,0,0,0,0,0,0,0
pbt,bintrie,5,4,storage_sload_k10,4,,5217,0,0,0.0397,3.0742,0.002,0.1161,3.4,0,4,0,0,0,0,0,0,0,0,0,0,4,0,0,0,0,0,0,0,0,0
pbt,bintrie,5,4,storage_sload_k10,5,,5218,0,0,0.0448,5.183,0.0031,0.68,7.5513,0,4,0,0,0,0,0,0,0,0,0,0,4,0,0,0,0,0,0,0,0,0
pbt,bintrie,5,4,storage_sload_k10,5,,5219,0,0,0.0455,17.9035,0.002,0.1185,18.2905,0,4,0,0,0,0,0,0,0,0,0,0,4,0,0,0,0,0,0,0,0,0
pbt,bintrie,5,4,storage_sload_k10,5,,5220,0,0,0.0306,3.5325,0.0023,0.1518,3.9178,0,4,0,0,0,0,0,0,0,0,0,0,4,0,0,0,0,0,0,0,0,0
pbt,bintrie,5,4,storage_sload_k10,5,,5221,86852,2,0.0956,17.5725,3.4818,8.8593,30.2065,2.8753,11,0,0,0,3,0,0,0,1,157,5,6,45.45,0,0,0,0,0,0,0,0
pbt,bintrie,5,4,storage_sload_k10,5,,5222,5900140,1,112.6868,26.3917,5.9228,0.5116,145.9245,40.4328,17,258,11,437,2,0,0,0,0,0,9,8,52.94,133,125,51.55,11,0,100,437,0
pbt,bintrie,5,4,storage_sload_k10,5,,5223,21000,1,0.058,13.712,4.1348,1.6931,19.8598,1.0574,6,0,0,0,2,0,0,0,0,0,2,4,33.33,0,0,0,0,0,0,0,0
pbt,bintrie,5,4,storage_sload_k10,5,,5224,0,0,0.0458,8.6423,0.0065,0.9635,10.2658,0,4,0,0,0,0,0,0,0,0,0,0,4,0,0,0,0,0,0,0,0,0
pbt,bintrie,5,4,storage_sload_k10,6,,5225,0,0,0.0376,3.7542,0.0024,0.2292,4.242,0,4,0,0,0,0,0,0,0,0,0,0,4,0,0,0,0,0,0,0,0,0
pbt,bintrie,5,4,storage_sload_k10,6,,5226,0,0,0.0394,22.5363,0.0023,0.1043,22.9385,0,4,0,0,0,0,0,0,0,0,0,0,4,0,0,0,0,0,0,0,0,0
pbt,bintrie,5,4,storage_sload_k10,6,,5227,0,0,0.0316,5.221,0.0025,0.1458,9.4882,0,4,0,0,0,0,0,0,0,0,0,0,4,0,0,0,0,0,0,0,0,0
pbt,bintrie,5,4,storage_sload_k10,6,,5228,86852,2,0.0942,14.2586,4.1991,5.4592,37.0349,2.3451,11,0,0,0,3,0,0,0,1,157,7,4,63.64,0,0,0,0,0,0,0,0
pbt,bintrie,5,4,storage_sload_k10,6,,5229,5900140,1,132.9682,28.1968,9.7946,0.5941,171.7486,34.3533,17,258,11,437,2,0,0,0,0,0,4,13,23.53,9,249,3.49,11,0,100,437,0
pbt,bintrie,5,4,storage_sload_k10,6,,5230,21000,1,0.0755,7.3751,18.528,0.5561,26.751,0.785,6,0,0,0,2,0,0,0,0,0,2,4,33.33,0,0,0,0,0,0,0,0
pbt,bintrie,5,4,storage_sload_k10,6,,5231,0,0,0.0517,20.7121,0.0028,0.1895,21.1515,0,4,0,0,0,0,0,0,0,0,0,0,4,0,0,0,0,0,0,0,0,0
pbt,bintrie,5,4,storage_sload_k10,7,,5232,0,0,0.0551,3.3832,0.0028,0.279,4.3803,0,4,0,0,0,0,0,0,0,0,0,0,4,0,0,0,0,0,0,0,0,0
pbt,bintrie,5,4,storage_sload_k10,7,,5233,0,0,0.0486,22.3576,0.0063,0.1536,22.7532,0,4,0,0,0,0,0,0,0,0,0,0,4,0,0,0,0,0,0,0,0,0
pbt,bintrie,5,4,storage_sload_k10,7,,5234,0,0,0.0365,10.898,0.0032,0.1494,11.2882,0,4,0,0,0,0,0,0,0,0,0,0,4,0,0,0,0,0,0,0,0,0
pbt,bintrie,5,4,storage_sload_k10,7,,5235,86852,2,0.0996,14.5377,7.6727,5.0833,39.0377,2.2248,11,0,0,0,3,0,0,0,1,157,6,5,54.55,0,0,0,0,0,0,0,0
pbt,bintrie,5,4,storage_sload_k10,7,,5236,5900140,1,116.4761,28.5508,2.7542,0.5893,148.6631,39.688,17,258,11,437,2,0,0,0,0,0,11,6,64.71,206,52,79.84,11,0,100,437,0
pbt,bintrie,5,4,storage_sload_k10,7,,5237,21000,1,0.1877,7.3123,9.7029,0.9351,18.3678,1.1433,6,0,0,0,2,0,0,0,0,0,2,4,33.33,0,0,0,0,0,0,0,0
pbt,bintrie,5,4,storage_sload_k10,7,,5238,0,0,0.0459,16.7719,0.002,0.1468,17.1554,0,4,0,0,0,0,0,0,0,0,0,0,4,0,0,0,0,0,0,0,0,0
pbt,bintrie,5,4,storage_sload_k10,8,,5239,0,0,0.0454,7.872,0.005,0.2818,8.4895,0,4,0,0,0,0,0,0,0,0,0,0,4,0,0,0,0,0,0,0,0,0
pbt,bintrie,5,4,storage_sload_k10,8,,5240,0,0,0.0465,26.2872,0.0031,0.1603,26.7101,0,4,0,0,0,0,0,0,0,0,0,0,4,0,0,0,0,0,0,0,0,0
pbt,bintrie,5,4,storage_sload_k10,8,,5241,0,0,0.0395,7.3254,0.0024,0.1862,7.7213,0,4,0,0,0,0,0,0,0,0,0,0,4,0,0,0,0,0,0,0,0,0
pbt,bintrie,5,4,storage_sload_k10,8,,5242,86852,2,0.3367,19.1517,14.4452,5.2021,39.4932,2.1992,11,0,0,0,3,0,0,0,1,157,4,7,36.36,0,0,0,0,0,0,0,0
pbt,bintrie,5,4,storage_sload_k10,8,,5243,5900140,1,113.8822,23.7303,6.9779,0.5629,147.8262,39.9127,17,258,11,437,2,0,0,0,0,0,9,8,52.94,123,135,47.67,11,0,100,437,0
pbt,bintrie,5,4,storage_sload_k10,8,,5244,21000,1,0.0869,11.0418,6.6403,0.9384,18.9267,1.1095,6,0,0,0,2,0,0,0,0,0,2,4,33.33,0,0,0,0,0,0,0,0
pbt,bintrie,5,4,storage_sload_k10,8,,5245,0,0,0.0424,4.4583,0.0027,0.1763,4.8863,0,4,0,0,0,0,0,0,0,0,0,0,4,0,0,0,0,0,0,0,0,0
pbt,bintrie,5,4,storage_sload_k10,9,,5246,0,0,1.1532,3.4555,0.0027,0.233,5.0637,0,4,0,0,0,0,0,0,0,0,0,0,4,0,0,0,0,0,0,0,0,0
pbt,bintrie,5,4,storage_sload_k10,9,,5247,0,0,0.0289,15.4142,0.0021,0.1797,15.8282,0,4,0,0,0,0,0,0,0,0,0,0,4,0,0,0,0,0,0,0,0,0
pbt,bintrie,5,4,storage_sload_k10,9,,5248,0,0,0.0329,8.4693,0.003,0.1572,8.8352,0,4,0,0,0,0,0,0,0,0,0,0,4,0,0,0,0,0,0,0,0,0
pbt,bintrie,5,4,storage_sload_k10,9,,5249,86852,2,0.2016,18.4429,8.1614,7.0585,34.0384,2.5516,11,0,0,0,3,0,0,0,1,157,6,5,54.55,0,0,0,0,0,0,0,0
pbt,bintrie,5,4,storage_sload_k10,9,,5250,5900140,1,117.8887,18.9504,10.8863,0.736,149.4109,39.4893,17,258,11,437,2,0,0,0,0,0,6,11,35.29,24,234,9.3,11,0,100,437,0
pbt,bintrie,5,4,storage_sload_k10,9,,5251,21000,1,0.0857,17.498,2.7533,0.6475,21.2528,0.9881,6,0,0,0,2,0,0,0,0,0,2,4,33.33,0,0,0,0,0,0,0,0
pbt,bintrie,5,4,storage_sload_k10,9,,5252,0,0,0.0449,9.2178,0.0031,0.1934,9.6534,0,4,0,0,0,0,0,0,0,0,0,0,4,0,0,0,0,0,0,0,0,0
pbt,bintrie,5,4,storage_sload_k100,10,,5392,0,0,0.0503,6.1217,0.002,0.234,6.6545,0,4,0,0,0,0,0,0,0,0,0,0,4,0,0,0,0,0,0,0,0,0
pbt,bintrie,5,4,storage_sload_k100,10,,5393,0,0,0.0603,6.8306,0.0046,0.1517,7.219,0,4,0,0,0,0,0,0,0,0,0,0,4,0,0,0,0,0,0,0,0,0
pbt,bintrie,5,4,storage_sload_k100,10,,5394,0,0,3.0264,9.7303,0.0024,0.1342,13.0633,0,4,0,0,0,0,0,0,0,0,0,0,4,0,0,0,0,0,0,0,0,0
pbt,bintrie,5,4,storage_sload_k100,10,,5395,86852,2,0.3192,15.4389,20.4734,4.897,41.3143,2.1022,11,0,0,0,3,0,0,0,1,157,4,7,36.36,0,0,0,0,0,0,0,0
pbt,bintrie,5,4,storage_sload_k100,10,,5396,5900240,1,108.3687,23.6651,5.553,0.5593,138.5505,42.5855,107,258,101,2957,2,0,0,0,0,0,26,81,24.3,52,206,20.16,101,0,100,2957,0
pbt,bintrie,5,4,storage_sload_k100,10,,5397,21000,1,0.1469,9.283,14.1271,0.5247,24.315,0.8637,6,0,0,0,2,0,0,0,0,0,0,6,0,0,0,0,0,0,0,0,0
pbt,bintrie,5,4,storage_sload_k100,10,,5398,0,0,0.0312,3.0293,0.0015,0.8601,4.071,0,4,0,0,0,0,0,0,0,0,0,0,4,0,0,0,0,0,0,0,0,0
pbt,bintrie,5,4,storage_sload_k100,11,,5399,0,0,0.0484,5.8051,0.0032,0.2987,8.0454,0,4,0,0,0,0,0,0,0,0,0,0,4,0,0,0,0,0,0,0,0,0
pbt,bintrie,5,4,storage_sload_k100,11,,5400,0,0,0.0363,17.3418,0.0024,0.1005,17.6887,0,4,0,0,0,0,0,0,0,0,0,0,4,0,0,0,0,0,0,0,0,0
pbt,bintrie,5,4,storage_sload_k100,11,,5401,0,0,1.038,9.7269,0.004,0.2126,13.8484,0,4,0,0,0,0,0,0,0,0,0,0,4,0,0,0,0,0,0,0,0,0
pbt,bintrie,5,4,storage_sload_k100,11,,5402,86852,2,0.1656,22.1073,8.78,4.5476,35.7824,2.4272,11,0,0,0,3,0,0,0,1,157,5,6,45.45,0,0,0,0,0,0,0,0
pbt,bintrie,5,4,storage_sload_k100,11,,5403,5900240,1,107.3539,28.0847,5.1404,1.2307,142.0154,41.5465,107,258,101,2957,2,0,0,0,0,0,40,67,37.38,95,163,36.82,101,0,100,2957,0
pbt,bintrie,5,4,storage_sload_k100,11,,5404,0,0,0.0379,11.695,0.0021,0.1294,12.0346,0,4,0,0,0,0,0,0,0,0,0,0,4,0,0,0,0,0,0,0,0,0
pbt,bintrie,5,4,storage_sload_k100,11,,5405,21000,1,0.0618,25.992,2.4656,0.5157,29.215,0.7188,6,0,0,0,2,0,0,0,0,0,2,4,33.33,0,0,0,0,0,0,0,0
pbt,bintrie,5,4,storage_sload_k100,11,,5406,0,0,0.0479,11.5743,0.0036,0.1631,12.011,0,4,0,0,0,0,0,0,0,0,0,0,4,0,0,0,0,0,0,0,0,0
pbt,bintrie,5,4,storage_sload_k100,12,,5407,0,0,0.0665,7.6958,0.0043,0.1951,8.7699,0,4,0,0,0,0,0,0,0,0,0,0,4,0,0,0,0,0,0,0,0,0
pbt,bintrie,5,4,storage_sload_k100,12,,5408,0,0,0.1829,6.8365,0.0033,0.3158,8.2176,0,4,0,0,0,0,0,0,0,0,0,0,4,0,0,0,0,0,0,0,0,0
pbt,bintrie,5,4,storage_sload_k100,12,,5409,0,0,0.0353,7.5605,0.0036,0.1718,8.0039,0,4,0,0,0,0,0,0,0,0,0,0,4,0,0,0,0,0,0,0,0,0
pbt,bintrie,5,4,storage_sload_k100,12,,5410,86852,2,0.245,27.6796,5.1962,4.932,38.4025,2.2616,11,0,0,0,3,0,0,0,1,157,5,6,45.45,0,0,0,0,0,0,0,0
pbt,bintrie,5,4,storage_sload_k100,12,,5411,5900240,1,105.5932,30.5485,7.4087,0.7786,144.5256,40.8249,107,258,101,2957,2,0,0,0,0,0,7,100,6.54,9,249,3.49,101,0,100,2957,0
pbt,bintrie,5,4,storage_sload_k100,12,,5412,21000,1,0.0678,12.2225,3.947,0.7171,24.6044,0.8535,6,0,0,0,2,0,0,0,0,0,2,4,33.33,0,0,0,0,0,0,0,0
pbt,bintrie,5,4,storage_sload_k100,12,,5413,0,0,0.0508,23.7723,0.0026,0.1695,24.2164,0,4,0,0,0,0,0,0,0,0,0,0,4,0,0,0,0,0,0,0,0,0
pbt,bintrie,5,4,storage_sload_k100,13,,5414,0,0,0.0516,3.8346,0.0025,0.2122,4.3403,0,4,0,0,0,0,0,0,0,0,0,0,4,0,0,0,0,0,0,0,0,0
pbt,bintrie,5,4,storage_sload_k100,13,,5415,0,0,0.1635,6.9321,0.0025,0.1571,7.4103,0,4,0,0,0,0,0,0,0,0,0,0,4,0,0,0,0,0,0,0,0,0
pbt,bintrie,5,4,storage_sload_k100,13,,5416,0,0,0.0305,3.3108,0.0029,0.1157,8.9632,0,4,0,0,0,0,0,0,0,0,0,0,4,0,0,0,0,0,0,0,0,0
pbt,bintrie,5,4,storage_sload_k100,13,,5417,86852,2,0.1183,24.114,2.992,5.0418,38.8741,2.2342,11,0,0,0,3,0,0,0,1,157,6,5,54.55,0,0,0,0,0,0,0,0
pbt,bintrie,5,4,storage_sload_k100,13,,5418,5900240,1,103.6899,25.2612,2.7398,1.2239,133.3325,44.2521,107,258,101,2957,2,0,0,0,0,0,42,65,39.25,106,152,41.09,101,0,100,2957,0
pbt,bintrie,5,4,storage_sload_k100,13,,5419,21000,1,0.0705,14.1609,4.8933,0.7257,20.0168,1.0491,6,0,0,0,2,0,0,0,0,0,2,4,33.33,0,0,0,0,0,0,0,0
pbt,bintrie,5,4,storage_sload_k100,13,,5420,0,0,0.0633,12.4965,0.0034,0.8665,19.1021,0,4,0,0,0,0,0,0,0,0,0,0,4,0,0,0,0,0,0,0,0,0
pbt,bintrie,5,4,storage_sload_k100,14,,5421,0,0,0.044,8.7528,0.0018,0.1455,9.186,0,4,0,0,0,0,0,0,0,0,0,0,4,0,0,0,0,0,0,0,0,0
pbt,bintrie,5,4,storage_sload_k100,14,,5422,0,0,0.0304,16.9917,0.0019,0.1397,17.3402,0,4,0,0,0,0,0,0,0,0,0,0,4,0,0,0,0,0,0,0,0,0
pbt,bintrie,5,4,storage_sload_k100,14,,5423,0,0,0.0308,6.3512,0.0024,0.3499,6.9497,0,4,0,0,0,0,0,0,0,0,0,0,4,0,0,0,0,0,0,0,0,0
pbt,bintrie,5,4,storage_sload_k100,14,,5424,86852,2,0.1055,22.6035,4.1075,4.8319,32.1202,2.704,11,0,0,0,3,0,0,0,1,157,6,5,54.55,0,0,0,0,0,0,0,0
pbt,bintrie,5,4,storage_sload_k100,14,,5425,5900240,1,133.3097,34.0622,6.9291,0.6089,175.0974,33.6969,107,258,101,2957,2,0,0,0,0,0,45,62,42.06,74,184,28.68,101,0,100,2957,0
pbt,bintrie,5,4,storage_sload_k100,14,,5426,21000,1,0.0774,16.2926,3.0817,0.7549,20.396,1.0296,6,0,0,0,2,0,0,0,0,0,2,4,33.33,0,0,0,0,0,0,0,0
pbt,bintrie,5,4,storage_sload_k100,14,,5427,0,0,0.0551,18.5521,0.0026,3.0337,21.8452,0,4,0,0,0,0,0,0,0,0,0,0,4,0,0,0,0,0,0,0,0,0
pbt,bintrie,5,4,storage_sload_k100,15,,5428,0,0,0.0675,7.9833,0.0024,0.1587,8.4866,0,4,0,0,0,0,0,0,0,0,0,0,4,0,0,0,0,0,0,0,0,0
pbt,bintrie,5,4,storage_sload_k100,15,,5429,0,0,0.0288,20.1296,0.0018,0.115,20.4351,0,4,0,0,0,0,0,0,0,0,0,0,4,0,0,0,0,0,0,0,0,0
pbt,bintrie,5,4,storage_sload_k100,15,,5430,0,0,0.0346,2.8292,0.0023,0.1208,3.1428,0,4,0,0,0,0,0,0,0,0,0,0,4,0,0,0,0,0,0,0,0,0
pbt,bintrie,5,4,storage_sload_k100,15,,5431,86852,2,0.0886,20.9095,4.1942,5.4554,30.82,2.818,11,0,0,0,3,0,0,0,1,157,7,4,63.64,0,0,0,0,0,0,0,0
pbt,bintrie,5,4,storage_sload_k100,15,,5432,5900240,1,162.4136,20.9394,7.7673,0.68,191.9997,30.7305,107,258,101,2957,2,0,0,0,0,0,42,65,39.25,105,153,40.7,101,0,100,2957,0
pbt,bintrie,5,4,storage_sload_k100,15,,5433,21000,1,0.0701,9.2473,7.4483,0.8485,17.8109,1.1791,6,0,0,0,2,0,0,0,0,0,2,4,33.33,0,0,0,0,0,0,0,0
pbt,bintrie,5,4,storage_sload_k100,15,,5434,0,0,0.0386,3.2521,0.0025,0.0986,3.5669,0,4,0,0,0,0,0,0,0,0,0,0,4,0,0,0,0,0,0,0,0,0
pbt,bintrie,5,4,storage_sload_k100,16,,5435,0,0,0.357,7.6423,0.0055,0.1677,8.3685,0,4,0,0,0,0,0,0,0,0,0,0,4,0,0,0,0,0,0,0,0,0
pbt,bintrie,5,4,storage_sload_k100,16,,5436,0,0,0.0335,17.7238,0.0023,0.1012,18.0152,0,4,0,0,0,0,0,0,0,0,0,0,4,0,0,0,0,0,0,0,0,0
pbt,bintrie,5,4,storage_sload_k100,16,,5437,0,0,0.0347,6.6582,0.0024,0.2233,7.0771,0,4,0,0,0,0,0,0,0,0,0,0,4,0,0,0,0,0,0,0,0,0
pbt,bintrie,5,4,storage_sload_k100,16,,5438,86852,2,0.0903,15.374,10.5647,5.6848,35.6223,2.4381,11,0,0,0,3,0,0,0,1,157,7,4,63.64,0,0,0,0,0,0,0,0
pbt,bintrie,5,4,storage_sload_k100,16,,5439,5900240,1,141.8626,20.8491,2.962,0.6906,166.675,35.3997,107,258,101,2957,2,0,0,0,0,0,52,55,48.6,90,168,34.88,101,0,100,2957,0
pbt,bintrie,5,4,storage_sload_k100,16,,5440,0,0,0.0346,3.8044,0.003,1.2015,8.7335,0,4,0,0,0,0,0,0,0,0,0,0,4,0,0,0,0,0,0,0,0,0
pbt,bintrie,5,4,storage_sload_k100,16,,5441,21000,1,0.1443,18.3632,12.8659,0.5749,32.13,0.6536,6,0,0,0,2,0,0,0,0,0,0,6,0,0,0,0,0,0,0,0,0
pbt,bintrie,5,4,storage_sload_k100,16,,5442,0,0,0.042,12.0315,0.0027,0.2156,12.4778,0,4,0,0,0,0,0,0,0,0,0,0,4,0,0,0,0,0,0,0,0,0
pbt,bintrie,5,4,storage_sload_k100,17,,5443,0,0,0.3372,6.5771,0.0022,0.1661,7.3466,0,4,0,0,0,0,0,0,0,0,0,0,4,0,0,0,0,0,0,0,0,0
pbt,bintrie,5,4,storage_sload_k100,17,,5444,0,0,0.0428,16.6309,0.0018,0.1237,17.007,0,4,0,0,0,0,0,0,0,0,0,0,4,0,0,0,0,0,0,0,0,0
pbt,bintrie,5,4,storage_sload_k100,17,,5445,0,0,0.0397,4.5654,0.0024,0.1579,4.9116,0,4,0,0,0,0,0,0,0,0,0,0,4,0,0,0,0,0,0,0,0,0
pbt,bintrie,5,4,storage_sload_k100,17,,5446,86852,2,7.2431,16.4395,9.4448,5.2129,38.5966,2.2503,11,0,0,0,3,0,0,0,1,157,5,6,45.45,0,0,0,0,0,0,0,0
pbt,bintrie,5,4,storage_sload_k100,17,,5447,5900240,1,111.483,23.8889,7.7474,0.6532,144.1881,40.9204,107,258,101,2957,2,0,0,0,0,0,28,79,26.17,42,216,16.28,101,0,100,2957,0
pbt,bintrie,5,4,storage_sload_k100,17,,5448,21000,1,0.0817,9.8137,8.1951,0.8794,21.4447,0.9793,6,0,0,0,2,0,0,0,0,0,2,4,33.33,0,0,0,0,0,0,0,0
pbt,bintrie,5,4,storage_sload_k100,18,,5449,0,0,0.0444,3.7465,0.0017,1.0524,5.0054,0,4,0,0,0,0,0,0,0,0,0,0,4,0,0,0,0,0,0,0,0,0
pbt,bintrie,5,4,storage_sload_k100,18,,5450,0,0,0.0327,6.9645,0.0025,0.3281,7.5134,0,4,0,0,0,0,0,0,0,0,0,0,4,0,0,0,0,0,0,0,0,0
pbt,bintrie,5,4,storage_sload_k100,18,,5451,0,0,0.0373,3.414,0.0024,0.2206,8.7248,0,4,0,0,0,0,0,0,0,0,0,0,4,0,0,0,0,0,0,0,0,0
pbt,bintrie,5,4,storage_sload_k100,18,,5452,86852,2,0.2656,24.4256,3.0084,4.5721,32.4446,2.6769,11,0,0,0,3,0,0,0,1,157,4,7,36.36,0,0,0,0,0,0,0,0
pbt,bintrie,5,4,storage_sload_k100,18,,5453,5900240,1,103.8826,30.2418,7.0289,0.6097,142.174,41.5001,107,258,101,2957,2,0,0,0,0,0,27,80,25.23,66,192,25.58,101,0,100,2957,0
pbt,bintrie,5,4,storage_sload_k100,18,,5454,21000,1,0.0745,20.6614,4.3169,0.6842,25.9465,0.8094,6,0,0,0,2,0,0,0,0,0,2,4,33.33,0,0,0,0,0,0,0,0
pbt,bintrie,5,4,storage_sload_k100,19,,5455,0,0,0.0379,5.2804,0.0021,0.1587,5.707,0,4,0,0,0,0,0,0,0,0,0,0,4,0,0,0,0,0,0,0,0,0
pbt,bintrie,5,4,storage_sload_k100,19,,5456,0,0,0.0365,19.2979,0.002,0.1655,19.8504,0,4,0,0,0,0,0,0,0,0,0,0,4,0,0,0,0,0,0,0,0,0
pbt,bintrie,5,4,storage_sload_k100,19,,5457,0,0,0.0322,6.0253,0.0027,0.1378,6.3354,0,4,0,0,0,0,0,0,0,0,0,0,4,0,0,0,0,0,0,0,0,0
pbt,bintrie,5,4,storage_sload_k100,19,,5458,86852,2,0.1954,24.6858,2.8843,5.0831,33.2255,2.614,11,0,0,0,3,0,0,0,1,157,6,5,54.55,0,0,0,0,0,0,0,0
pbt,bintrie,5,4,storage_sload_k100,19,,5459,5900240,1,103.2856,26.7297,10.9553,0.8707,142.1276,41.5137,107,258,101,2957,2,0,0,0,0,0,37,70,34.58,80,178,31.01,101,0,100,2957,0
pbt,bintrie,5,4,storage_sload_k100,19,,5460,21000,1,0.1526,12.4379,4.8439,0.4871,18.1613,1.1563,6,0,0,0,2,0,0,0,0,0,2,4,33.33,0,0,0,0,0,0,0,0
pbt,bintrie,5,4,storage_sload_k100,19,,5461,0,0,0.0422,3.221,0.0021,4.1721,7.6507,0,4,0,0,0,0,0,0,0,0,0,0,4,0,0,0,0,0,0,0,0,0
pbt,bintrie,5,4,storage_sload_k100,1,,5330,0,0,0.1154,7.2056,0.0029,0.2564,7.8394,0,4,0,0,0,0,0,0,0,0,0,0,4,0,0,0,0,0,0,0,0,0
pbt,bintrie,5,4,storage_sload_k100,1,,5331,0,0,0.0371,24.7481,0.0026,0.1425,25.0852,0,4,0,0,0,0,0,0,0,0,0,0,4,0,0,0,0,0,0,0,0,0
pbt,bintrie,5,4,storage_sload_k100,1,,5332,0,0,0.0566,3.3001,0.0024,1.213,5.3852,0,4,0,0,0,0,0,0,0,0,0,0,4,0,0,0,0,0,0,0,0,0
pbt,bintrie,5,4,storage_sload_k100,1,,5333,86852,2,0.1727,21.9338,3.1595,4.847,32.0306,2.7115,11,0,0,0,3,0,0,0,1,157,5,6,45.45,0,0,0,0,0,0,0,0
pbt,bintrie,5,4,storage_sload_k100,1,,5334,5900240,1,116.766,24.4563,7.6246,0.7985,150.0916,39.3109,107,258,101,2957,2,0,0,0,0,0,21,86,19.63,46,212,17.83,101,0,100,2957,0
pbt,bintrie,5,4,storage_sload_k100,1,,5335,21000,1,0.0625,14.1438,3.5873,0.9789,18.9616,1.1075,6,0,0,0,2,0,0,0,0,0,2,4,33.33,0,0,0,0,0,0,0,0
pbt,bintrie,5,4,storage_sload_k100,1,,5336,0,0,0.0599,13.2395,0.0035,0.1538,15.3219,0,4,0,0,0,0,0,0,0,0,0,0,4,0,0,0,0,0,0,0,0,0
pbt,bintrie,5,4,storage_sload_k100,20,,5462,0,0,0.1225,6.1068,0.006,0.2382,6.8519,0,4,0,0,0,0,0,0,0,0,0,0,4,0,0,0,0,0,0,0,0,0
pbt,bintrie,5,4,storage_sload_k100,20,,5463,0,0,0.0329,7.6395,0.0017,0.1196,7.9925,0,4,0,0,0,0,0,0,0,0,0,0,4,0,0,0,0,0,0,0,0,0
pbt,bintrie,5,4,storage_sload_k100,20,,5464,0,0,0.0323,9.8832,0.0027,0.1259,10.2148,0,4,0,0,0,0,0,0,0,0,0,0,4,0,0,0,0,0,0,0,0,0
pbt,bintrie,5,4,storage_sload_k100,20,,5465,86852,2,0.1137,18.5386,5.0573,4.4379,28.3392,3.0647,11,0,0,0,3,0,0,0,1,157,7,4,63.64,0,0,0,0,0,0,0,0
pbt,bintrie,5,4,storage_sload_k100,20,,5466,5900240,1,109.7361,31.4652,7.4141,0.6624,149.6054,39.4387,107,258,101,2957,2,0,0,0,0,0,17,90,15.89,21,237,8.14,101,0,100,2957,0
pbt,bintrie,5,4,storage_sload_k100,20,,5467,21000,1,0.1422,9.8306,6.2447,0.7271,17.1143,1.227,6,0,0,0,2,0,0,0,0,0,2,4,33.33,0,0,0,0,0,0,0,0
pbt,bintrie,5,4,storage_sload_k100,20,,5468,0,0,0.1018,7.6683,0.0025,0.2104,8.1897,0,4,0,0,0,0,0,0,0,0,0,0,4,0,0,0,0,0,0,0,0,0
pbt,bintrie,5,4,storage_sload_k100,2,,5337,0,0,0.0422,7.036,0.0056,0.2741,7.616,0,4,0,0,0,0,0,0,0,0,0,0,4,0,0,0,0,0,0,0,0,0
pbt,bintrie,5,4,storage_sload_k100,2,,5338,0,0,0.0376,19.194,0.002,0.1064,19.5004,0,4,0,0,0,0,0,0,0,0,0,0,4,0,0,0,0,0,0,0,0,0
pbt,bintrie,5,4,storage_sload_k100,2,,5339,0,0,0.0316,5.9873,0.0025,0.1408,6.3123,0,4,0,0,0,0,0,0,0,0,0,0,4,0,0,0,0,0,0,0,0,0
pbt,bintrie,5,4,storage_sload_k100,2,,5340,86852,2,0.1077,22.4379,2.7878,5.2686,30.7694,2.8227,11,0,0,0,3,0,0,0,1,157,5,6,45.45,0,0,0,0,0,0,0,0
pbt,bintrie,5,4,storage_sload_k100,2,,5341,5900240,1,101.6654,22.3959,8.7979,0.7421,133.9602,44.0447,107,258,101,2957,2,0,0,0,0,0,43,64,40.19,78,180,30.23,101,0,100,2957,0
pbt,bintrie,5,4,storage_sload_k100,2,,5342,21000,1,0.0792,6.7537,14.5071,0.5861,22.2209,0.9451,6,0,0,0,2,0,0,0,0,0,2,4,33.33,0,0,0,0,0,0,0,0
pbt,bintrie,5,4,storage_sload_k100,2,,5343,0,0,0.0529,12.2396,0.0038,3.4219,17.6799,0,4,0,0,0,0,0,0,0,0,0,0,4,0,0,0,0,0,0,0,0,0
pbt,bintrie,5,4,storage_sload_k100,3,,5344,0,0,0.0462,4.3893,0.0025,0.255,4.938,0,4,0,0,0,0,0,0,0,0,0,0,4,0,0,0,0,0,0,0,0,0
pbt,bintrie,5,4,storage_sload_k100,3,,5345,0,0,0.0389,21.0533,0.002,0.1608,21.4137,0,4,0,0,0,0,0,0,0,0,0,0,4,0,0,0,0,0,0,0,0,0
pbt,bintrie,5,4,storage_sload_k100,3,,5346,0,0,0.0451,5.6958,0.0036,0.25,8.0496,0,4,0,0,0,0,0,0,0,0,0,0,4,0,0,0,0,0,0,0,0,0
pbt,bintrie,5,4,storage_sload_k100,3,,5347,86852,2,0.1236,23.5571,5.7158,5.2688,34.8928,2.4891,11,0,0,0,3,0,0,0,1,157,6,5,54.55,0,0,0,0,0,0,0,0
pbt,bintrie,5,4,storage_sload_k100,3,,5348,5900240,1,106.9234,30.3029,6.6774,0.5987,144.861,40.7304,107,258,101,2957,2,0,0,0,0,0,29,78,27.1,62,196,24.03,101,0,100,2957,0
pbt,bintrie,5,4,storage_sload_k100,3,,5349,21000,1,0.0889,10.8508,5.1108,0.7193,24.0638,0.8727,6,0,0,0,2,0,0,0,0,0,2,4,33.33,0,0,0,0,0,0,0,0
pbt,bintrie,5,4,storage_sload_k100,4,,5350,0,0,0.0639,10.2572,0.0047,0.1793,10.7714,0,4,0,0,0,0,0,0,0,0,0,0,4,0,0,0,0,0,0,0,0,0
pbt,bintrie,5,4,storage_sload_k100,4,,5351,0,0,0.0267,10.3795,0.0016,0.2021,10.7513,0,4,0,0,0,0,0,0,0,0,0,0,4,0,0,0,0,0,0,0,0,0
pbt,bintrie,5,4,storage_sload_k100,4,,5352,0,0,0.0444,7.7486,0.0017,0.1266,8.1018,0,4,0,0,0,0,0,0,0,0,0,0,4,0,0,0,0,0,0,0,0,0
pbt,bintrie,5,4,storage_sload_k100,4,,5353,86852,2,0.1919,28.5492,3.4583,6.6226,39.0021,2.2269,11,0,0,0,3,0,0,0,1,157,5,6,45.45,0,0,0,0,0,0,0,0
pbt,bintrie,5,4,storage_sload_k100,4,,5354,5900240,1,117.1738,26.0875,11.7596,0.7177,156.0988,37.7981,107,258,101,2957,2,0,0,0,0,0,63,44,58.88,145,113,56.2,101,0,100,2957,0
pbt,bintrie,5,4,storage_sload_k100,4,,5355,21000,1,0.0966,5.9904,21.9554,0.7978,29.0391,0.7232,6,0,0,0,2,0,0,0,0,0,2,4,33.33,0,0,0,0,0,0,0,0
pbt,bintrie,5,4,storage_sload_k100,4,,5356,0,0,0.0507,10.6718,0.002,3.6258,14.5152,0,4,0,0,0,0,0,0,0,0,0,0,4,0,0,0,0,0,0,0,0,0
pbt,bintrie,5,4,storage_sload_k100,5,,5357,0,0,0.0477,4.6729,0.0027,0.2664,5.2077,0,4,0,0,0,0,0,0,0,0,0,0,4,0,0,0,0,0,0,0,0,0
pbt,bintrie,5,4,storage_sload_k100,5,,5358,0,0,0.0406,4.2402,0.0035,1.221,5.7025,0,4,0,0,0,0,0,0,0,0,0,0,4,0,0,0,0,0,0,0,0,0
pbt,bintrie,5,4,storage_sload_k100,5,,5359,0,0,0.0625,9.5186,0.003,0.1253,9.8868,0,4,0,0,0,0,0,0,0,0,0,0,4,0,0,0,0,0,0,0,0,0
pbt,bintrie,5,4,storage_sload_k100,5,,5360,86852,2,0.1561,20.4604,3.3675,5.456,29.6318,2.931,11,0,0,0,3,0,0,0,1,157,5,6,45.45,0,0,0,0,0,0,0,0
pbt,bintrie,5,4,storage_sload_k100,5,,5361,5900240,1,107.3461,24.98,9.5732,0.5333,142.7705,41.3268,107,258,101,2957,2,0,0,0,0,0,12,95,11.21,16,242,6.2,101,0,100,2957,0
pbt,bintrie,5,4,storage_sload_k100,5,,5362,21000,1,0.0812,22.7346,5.2033,0.9059,29.235,0.7183,6,0,0,0,2,0,0,0,0,0,2,4,33.33,0,0,0,0,0,0,0,0
pbt,bintrie,5,4,storage_sload_k100,5,,5363,0,0,0.0499,8.2508,0.0028,0.1466,8.6473,0,4,0,0,0,0,0,0,0,0,0,0,4,0,0,0,0,0,0,0,0,0
pbt,bintrie,5,4,storage_sload_k100,6,,5364,0,0,0.0637,5.8074,0.0024,0.2519,6.4416,0,4,0,0,0,0,0,0,0,0,0,0,4,0,0,0,0,0,0,0,0,0
pbt,bintrie,5,4,storage_sload_k100,6,,5365,0,0,0.0584,25.2495,0.0022,0.1125,25.6517,0,4,0,0,0,0,0,0,0,0,0,0,4,0,0,0,0,0,0,0,0,0
pbt,bintrie,5,4,storage_sload_k100,6,,5366,0,0,0.0505,17.8443,0.0028,0.1564,18.2507,0,4,0,0,0,0,0,0,0,0,0,0,4,0,0,0,0,0,0,0,0,0
pbt,bintrie,5,4,storage_sload_k100,6,,5367,86852,2,0.1944,18.8757,4.5303,4.5267,36.6161,2.372,11,0,0,0,3,0,0,0,1,157,4,7,36.36,0,0,0,0,0,0,0,0
pbt,bintrie,5,4,storage_sload_k100,6,,5368,5900240,1,105.8105,24.8157,6.2797,0.614,137.8569,42.7997,107,258,101,2957,2,0,0,0,0,0,14,93,13.08,22,236,8.53,101,0,100,2957,0
pbt,bintrie,5,4,storage_sload_k100,6,,5369,21000,1,0.0794,20.5298,2.9799,0.677,24.5405,0.8557,6,0,0,0,2,0,0,0,0,0,2,4,33.33,0,0,0,0,0,0,0,0
pbt,bintrie,5,4,storage_sload_k100,6,,5370,0,0,0.0402,4.2739,0.0026,0.153,4.6146,0,4,0,0,0,0,0,0,0,0,0,0,4,0,0,0,0,0,0,0,0,0
pbt,bintrie,5,4,storage_sload_k100,7,,5371,0,0,0.0528,4.4097,0.0064,0.3793,5.0857,0,4,0,0,0,0,0,0,0,0,0,0,4,0,0,0,0,0,0,0,0,0
pbt,bintrie,5,4,storage_sload_k100,7,,5372,0,0,0.0347,22.2735,0.0028,0.1096,22.6207,0,4,0,0,0,0,0,0,0,0,0,0,4,0,0,0,0,0,0,0,0,0
pbt,bintrie,5,4,storage_sload_k100,7,,5373,0,0,0.031,10.7341,0.002,0.158,11.0926,0,4,0,0,0,0,0,0,0,0,0,0,4,0,0,0,0,0,0,0,0,0
pbt,bintrie,5,4,storage_sload_k100,7,,5374,86852,2,0.1194,22.2762,4.0678,5.8706,32.5721,2.6665,11,0,0,0,3,0,0,0,1,157,7,4,63.64,0,0,0,0,0,0,0,0
pbt,bintrie,5,4,storage_sload_k100,7,,5375,5900240,1,108.0876,25.3427,8.4272,0.7127,142.92,41.2835,107,258,101,2957,2,0,0,0,0,0,24,83,22.43,43,215,16.67,101,0,100,2957,0
pbt,bintrie,5,4,storage_sload_k100,7,,5376,21000,1,0.073,10.1831,9.4485,0.5849,20.491,1.0248,6,0,0,0,2,0,0,0,0,0,2,4,33.33,0,0,0,0,0,0,0,0
pbt,bintrie,5,4,storage_sload_k100,7,,5377,0,0,0.0397,8.9414,0.002,0.1107,9.2574,0,4,0,0,0,0,0,0,0,0,0,0,4,0,0,0,0,0,0,0,0,0
pbt,bintrie,5,4,storage_sload_k100,8,,5378,0,0,0.1064,3.3561,0.0023,0.3503,4.7735,0,4,0,0,0,0,0,0,0,0,0,0,4,0,0,0,0,0,0,0,0,0
pbt,bintrie,5,4,storage_sload_k100,8,,5379,0,0,0.0353,17.8732,0.0018,0.1025,18.1662,0,4,0,0,0,0,0,0,0,0,0,0,4,0,0,0,0,0,0,0,0,0
pbt,bintrie,5,4,storage_sload_k100,8,,5380,0,0,0.0336,4.5268,0.002,0.1186,4.8998,0,4,0,0,0,0,0,0,0,0,0,0,4,0,0,0,0,0,0,0,0,0
pbt,bintrie,5,4,storage_sload_k100,8,,5381,86852,2,0.1389,18.2959,3.3412,4.5899,26.5456,3.2718,11,0,0,0,3,0,0,0,1,157,5,6,45.45,0,0,0,0,0,0,0,0
pbt,bintrie,5,4,storage_sload_k100,8,,5382,5900240,1,108.4044,19.2589,11.2449,0.62,140.35,42.0395,107,258,101,2957,2,0,0,0,0,0,44,63,41.12,88,170,34.11,101,0,100,2957,0
pbt,bintrie,5,4,storage_sload_k100,8,,5383,21000,1,0.2377,11.7061,17.7608,0.5637,30.5193,0.6881,6,0,0,0,2,0,0,0,0,0,0,6,0,0,0,0,0,0,0,0,0
pbt,bintrie,5,4,storage_sload_k100,8,,5384,0,0,0.0543,15.8493,0.0031,0.1792,16.4756,0,4,0,0,0,0,0,0,0,0,0,0,4,0,0,0,0,0,0,0,0,0
pbt,bintrie,5,4,storage_sload_k100,9,,5385,0,0,0.0574,9.9483,0.0031,0.2286,10.5047,0,4,0,0,0,0,0,0,0,0,0,0,4,0,0,0,0,0,0,0,0,0
pbt,bintrie,5,4,storage_sload_k100,9,,5386,0,0,0.0384,21.9256,0.0024,0.2024,22.3761,0,4,0,0,0,0,0,0,0,0,0,0,4,0,0,0,0,0,0,0,0,0
pbt,bintrie,5,4,storage_sload_k100,9,,5387,0,0,0.0493,7.4481,0.0022,0.1403,7.8365,0,4,0,0,0,0,0,0,0,0,0,0,4,0,0,0,0,0,0,0,0,0
pbt,bintrie,5,4,storage_sload_k100,9,,5388,86852,2,0.218,16.2842,21.3063,4.4386,42.4062,2.0481,11,0,0,0,3,0,0,0,1,157,4,7,36.36,0,0,0,0,0,0,0,0
pbt,bintrie,5,4,storage_sload_k100,9,,5389,5900240,1,106.4227,30.8799,6.3322,0.7268,144.7554,40.7601,107,258,101,2957,2,0,0,0,0,0,22,85,20.56,42,216,16.28,101,0,100,2957,0
pbt,bintrie,5,4,storage_sload_k100,9,,5390,21000,1,0.0739,4.4505,12.1007,0.7755,17.6138,1.1922,6,0,0,0,2,0,0,0,0,0,2,4,33.33,0,0,0,0,0,0,0,0
pbt,bintrie,5,4,storage_sload_k100,9,,5391,0,0,0.0462,18.7725,0.0023,0.1512,19.1987,0,4,0,0,0,0,0,0,0,0,0,0,4,0,0,0,0,0,0,0,0,0
pbt,bintrie,5,4,storage_sload_k256,10,,5524,0,0,0.042,9.1839,0.0022,0.1812,9.6147,0,4,0,0,0,0,0,0,0,0,0,0,4,0,0,0,0,0,0,0,0,0
pbt,bintrie,5,4,storage_sload_k256,10,,5525,0,0,0.0332,25.0395,0.0023,0.2159,25.5524,0,4,0,0,0,0,0,0,0,0,0,0,4,0,0,0,0,0,0,0,0,0
pbt,bintrie,5,4,storage_sload_k256,10,,5526,0,0,0.0366,2.7138,0.0018,0.171,3.0777,0,4,0,0,0,0,0,0,0,0,0,0,4,0,0,0,0,0,0,0,0,0
pbt,bintrie,5,4,storage_sload_k256,10,,5527,86840,2,0.622,14.1357,24.957,3.8678,44.0114,1.9731,11,0,0,0,3,0,0,0,1,157,5,6,45.45,0,0,0,0,0,0,0,0
pbt,bintrie,5,4,storage_sload_k256,10,,5528,5900023,1,120.0837,17.0698,10.684,0.701,148.8867,39.6276,263,259,257,7325,2,0,0,0,0,0,151,112,57.41,148,111,57.14,257,0,100,7325,0
pbt,bintrie,5,4,storage_sload_k256,10,,5529,21000,1,0.0968,10.2838,10.3496,0.7584,21.6769,0.9688,6,0,0,0,2,0,0,0,0,0,2,4,33.33,0,0,0,0,0,0,0,0
pbt,bintrie,5,4,storage_sload_k256,10,,5530,0,0,0.0436,24.6225,0.0022,0.1687,25.0166,0,4,0,0,0,0,0,0,0,0,0,0,4,0,0,0,0,0,0,0,0,0
pbt,bintrie,5,4,storage_sload_k256,11,,5531,0,0,0.0427,4.3371,0.0029,0.1998,4.8015,0,4,0,0,0,0,0,0,0,0,0,0,4,0,0,0,0,0,0,0,0,0
pbt,bintrie,5,4,storage_sload_k256,11,,5532,0,0,0.0294,16.7072,0.0046,0.1741,17.0896,0,4,0,0,0,0,0,0,0,0,0,0,4,0,0,0,0,0,0,0,0,0
pbt,bintrie,5,4,storage_sload_k256,11,,5533,0,0,0.1089,24.8581,0.0019,0.1426,25.2812,0,4,0,0,0,0,0,0,0,0,0,0,4,0,0,0,0,0,0,0,0,0
pbt,bintrie,5,4,storage_sload_k256,11,,5534,86840,2,0.1409,24.9679,6.9892,6.0902,38.637,2.2476,11,0,0,0,3,0,0,0,1,157,6,5,54.55,0,0,0,0,0,0,0,0
pbt,bintrie,5,4,storage_sload_k256,11,,5535,5900023,1,104.5627,26.6518,3.8984,1.0801,136.5995,43.1921,263,259,257,7325,2,0,0,0,0,0,76,187,28.9,85,174,32.82,257,0,100,7325,0
pbt,bintrie,5,4,storage_sload_k256,11,,5536,21000,1,0.2028,21.5657,14.234,0.6126,36.8292,0.5702,6,0,0,0,2,0,0,0,0,0,0,6,0,0,0,0,0,0,0,0,0
pbt,bintrie,5,4,storage_sload_k256,11,,5537,0,0,0.0502,12.9164,0.0036,2.8241,18.2785,0,4,0,0,0,0,0,0,0,0,0,0,4,0,0,0,0,0,0,0,0,0
pbt,bintrie,5,4,storage_sload_k256,12,,5538,0,0,0.0525,3.7644,0.0023,0.3078,4.3275,0,4,0,0,0,0,0,0,0,0,0,0,4,0,0,0,0,0,0,0,0,0
pbt,bintrie,5,4,storage_sload_k256,12,,5539,0,0,0.0392,26.7821,0.0023,0.1185,27.2033,0,4,0,0,0,0,0,0,0,0,0,0,4,0,0,0,0,0,0,0,0,0
pbt,bintrie,5,4,storage_sload_k256,12,,5540,0,0,0.0482,5.1727,0.0033,0.1775,8.0357,0,4,0,0,0,0,0,0,0,0,0,0,4,0,0,0,0,0,0,0,0,0
pbt,bintrie,5,4,storage_sload_k256,12,,5541,86840,2,0.6835,18.1332,8.0203,4.6465,31.6906,2.7402,11,0,0,0,3,0,0,0,1,157,6,5,54.55,0,0,0,0,0,0,0,0
pbt,bintrie,5,4,storage_sload_k256,12,,5542,5900023,1,94.1871,26.5198,5.9735,0.6498,127.6727,46.2121,263,259,257,7325,2,0,0,0,0,0,40,223,15.21,33,226,12.74,257,0,100,7325,0
pbt,bintrie,5,4,storage_sload_k256,12,,5543,21000,1,0.2152,23.7659,13.7856,0.5178,38.5153,0.5452,6,0,0,0,2,0,0,0,0,0,0,6,0,0,0,0,0,0,0,0,0
pbt,bintrie,5,4,storage_sload_k256,13,,5544,0,0,0.0429,5.6123,0.0021,0.2026,6.0725,0,4,0,0,0,0,0,0,0,0,0,0,4,0,0,0,0,0,0,0,0,0
pbt,bintrie,5,4,storage_sload_k256,13,,5545,0,0,0.906,5.3143,0.0025,0.1654,7.0826,0,4,0,0,0,0,0,0,0,0,0,0,4,0,0,0,0,0,0,0,0,0
pbt,bintrie,5,4,storage_sload_k256,13,,5546,0,0,0.0394,7.2731,0.0029,0.254,7.8862,0,4,0,0,0,0,0,0,0,0,0,0,4,0,0,0,0,0,0,0,0,0
pbt,bintrie,5,4,storage_sload_k256,13,,5547,86840,2,0.1115,16.664,2.775,4.7092,31.9526,2.7178,11,0,0,0,3,0,0,0,1,157,7,4,63.64,0,0,0,0,0,0,0,0
pbt,bintrie,5,4,storage_sload_k256,13,,5548,5900023,1,106.9543,31.7548,4.5256,0.8323,149.5524,39.4512,263,259,257,7325,2,0,0,0,0,0,42,221,15.97,47,212,18.15,257,0,100,7325,0
pbt,bintrie,5,4,storage_sload_k256,13,,5549,21000,1,0.0668,12.9423,3.7746,0.5414,17.5313,1.1979,6,0,0,0,2,0,0,0,0,0,2,4,33.33,0,0,0,0,0,0,0,0
pbt,bintrie,5,4,storage_sload_k256,13,,5550,0,0,0.0789,5.2761,0.0033,0.1959,5.7751,0,4,0,0,0,0,0,0,0,0,0,0,4,0,0,0,0,0,0,0,0,0
pbt,bintrie,5,4,storage_sload_k256,14,,5551,0,0,0.0394,6.4435,0.0021,0.1401,6.9016,0,4,0,0,0,0,0,0,0,0,0,0,4,0,0,0,0,0,0,0,0,0
pbt,bintrie,5,4,storage_sload_k256,14,,5552,0,0,0.0338,16.8151,0.0026,0.179,17.1857,0,4,0,0,0,0,0,0,0,0,0,0,4,0,0,0,0,0,0,0,0,0
pbt,bintrie,5,4,storage_sload_k256,14,,5553,0,0,0.0494,7.7709,0.0031,0.1655,8.1477,0,4,0,0,0,0,0,0,0,0,0,0,4,0,0,0,0,0,0,0,0,0
pbt,bintrie,5,4,storage_sload_k256,14,,5554,86840,2,0.1566,23.5204,4.1907,4.9922,33.2154,2.6145,11,0,0,0,3,0,0,0,1,157,5,6,45.45,0,0,0,0,0,0,0,0
pbt,bintrie,5,4,storage_sload_k256,14,,5555,5900023,1,87.0186,26.4063,8.1457,0.7221,122.7039,48.0834,263,259,257,7325,2,0,0,0,0,0,85,178,32.32,76,183,29.34,257,0,100,7325,0
pbt,bintrie,5,4,storage_sload_k256,14,,5556,21000,1,0.0777,8.807,15.6334,0.5164,25.2281,0.8324,6,0,0,0,2,0,0,0,0,0,2,4,33.33,0,0,0,0,0,0,0,0
pbt,bintrie,5,4,storage_sload_k256,15,,5557,0,0,0.0519,8.3642,0.002,0.2004,8.8453,0,4,0,0,0,0,0,0,0,0,0,0,4,0,0,0,0,0,0,0,0,0
pbt,bintrie,5,4,storage_sload_k256,15,,5558,0,0,0.0364,3.2499,0.002,0.4014,3.9754,0,4,0,0,0,0,0,0,0,0,0,0,4,0,0,0,0,0,0,0,0,0
pbt,bintrie,5,4,storage_sload_k256,15,,5559,0,0,0.1199,6.1206,0.0023,0.1837,6.873,0,4,0,0,0,0,0,0,0,0,0,0,4,0,0,0,0,0,0,0,0,0
pbt,bintrie,5,4,storage_sload_k256,15,,5560,86840,2,0.1804,25.5403,8.7205,5.1418,41.7054,2.0822,11,0,0,0,3,0,0,0,1,157,6,5,54.55,0,0,0,0,0,0,0,0
pbt,bintrie,5,4,storage_sload_k256,15,,5561,5900023,1,92.8167,19.394,3.3026,0.5356,116.3036,50.7295,263,259,257,7325,2,0,0,0,0,0,82,181,31.18,86,173,33.2,257,0,100,7325,0
pbt,bintrie,5,4,storage_sload_k256,15,,5562,21000,1,0.0711,10.2955,5.6128,0.8137,20.1331,1.0431,6,0,0,0,2,0,0,0,0,0,2,4,33.33,0,0,0,0,0,0,0,0
pbt,bintrie,5,4,storage_sload_k256,15,,5563,0,0,0.0457,11.3874,0.002,0.1087,11.7537,0,4,0,0,0,0,0,0,0,0,0,0,4,0,0,0,0,0,0,0,0,0
pbt,bintrie,5,4,storage_sload_k256,16,,5564,0,0,1.1649,4.1339,0.005,0.2276,5.7027,0,4,0,0,0,0,0,0,0,0,0,0,4,0,0,0,0,0,0,0,0,0
pbt,bintrie,5,4,storage_sload_k256,16,,5565,0,0,0.042,15.1748,0.0029,0.1736,15.5763,0,4,0,0,0,0,0,0,0,0,0,0,4,0,0,0,0,0,0,0,0,0
pbt,bintrie,5,4,storage_sload_k256,16,,5566,0,0,0.1368,10.4339,0.0018,0.1037,10.8305,0,4,0,0,0,0,0,0,0,0,0,0,4,0,0,0,0,0,0,0,0,0
pbt,bintrie,5,4,storage_sload_k256,16,,5567,86840,2,0.1209,25.5328,4.0567,7.7796,37.7104,2.3028,11,0,0,0,3,0,0,0,1,157,5,6,45.45,0,0,0,0,0,0,0,0
pbt,bintrie,5,4,storage_sload_k256,16,,5568,5900023,1,99.1651,23.307,9.6971,0.6427,133.1419,44.3138,263,259,257,7325,2,0,0,0,0,0,93,170,35.36,84,175,32.43,257,0,100,7325,0
pbt,bintrie,5,4,storage_sload_k256,16,,5569,21000,1,0.2365,16.3653,2.347,0.5589,19.7409,1.0638,6,0,0,0,2,0,0,0,0,0,0,6,0,0,0,0,0,0,0,0,0
pbt,bintrie,5,4,storage_sload_k256,16,,5570,0,0,0.0305,2.9048,0.0018,0.1356,3.2267,0,4,0,0,0,0,0,0,0,0,0,0,4,0,0,0,0,0,0,0,0,0
pbt,bintrie,5,4,storage_sload_k256,17,,5571,0,0,0.2676,9.0801,0.0027,0.5404,10.2166,0,4,0,0,0,0,0,0,0,0,0,0,4,0,0,0,0,0,0,0,0,0
pbt,bintrie,5,4,storage_sload_k256,17,,5572,0,0,0.0488,17.4309,0.0023,0.1204,17.785,0,4,0,0,0,0,0,0,0,0,0,0,4,0,0,0,0,0,0,0,0,0
pbt,bintrie,5,4,storage_sload_k256,17,,5573,0,0,0.044,10.3711,0.0018,0.1111,10.8179,0,4,0,0,0,0,0,0,0,0,0,0,4,0,0,0,0,0,0,0,0,0
pbt,bintrie,5,4,storage_sload_k256,17,,5574,86840,2,0.1152,17.7498,2.9054,5.2969,29.1746,2.9766,11,0,0,0,3,0,0,0,1,157,5,6,45.45,0,0,0,0,0,0,0,0
pbt,bintrie,5,4,storage_sload_k256,17,,5575,5900023,1,90.0685,26.0027,6.6904,0.5901,123.6585,47.7122,263,259,257,7325,2,0,0,0,0,0,94,169,35.74,92,167,35.52,257,0,100,7325,0
pbt,bintrie,5,4,storage_sload_k256,17,,5576,21000,1,0.0757,7.5508,10.7888,0.6439,19.2266,1.0922,6,0,0,0,2,0,0,0,0,0,2,4,33.33,0,0,0,0,0,0,0,0
pbt,bintrie,5,4,storage_sload_k256,18,,5577,0,0,0.0579,6.0887,0.0031,0.3186,6.7213,0,4,0,0,0,0,0,0,0,0,0,0,4,0,0,0,0,0,0,0,0,0
pbt,bintrie,5,4,storage_sload_k256,18,,5578,0,0,0.053,3.5751,0.0025,0.1989,4.0052,0,4,0,0,0,0,0,0,0,0,0,0,4,0,0,0,0,0,0,0,0,0
pbt,bintrie,5,4,storage_sload_k256,18,,5579,0,0,0.0311,6.8027,0.0064,0.3141,7.3986,0,4,0,0,0,0,0,0,0,0,0,0,4,0,0,0,0,0,0,0,0,0
pbt,bintrie,5,4,storage_sload_k256,18,,5580,86840,2,0.117,15.548,5.4054,5.1316,26.4056,3.2887,11,0,0,0,3,0,0,0,1,157,5,6,45.45,0,0,0,0,0,0,0,0
pbt,bintrie,5,4,storage_sload_k256,18,,5581,5900023,1,88.9749,24.6657,10.2082,0.5379,124.8056,47.2737,263,259,257,7325,2,0,0,0,0,0,68,195,25.86,79,180,30.5,257,0,100,7325,0
pbt,bintrie,5,4,storage_sload_k256,18,,5582,21000,1,0.5261,6.2611,13.7968,0.5756,25.0047,0.8398,6,0,0,0,2,0,0,0,0,0,0,6,0,0,0,0,0,0,0,0,0
pbt,bintrie,5,4,storage_sload_k256,19,,5583,0,0,0.0657,3.9531,0.0031,0.2876,4.7094,0,4,0,0,0,0,0,0,0,0,0,0,4,0,0,0,0,0,0,0,0,0
pbt,bintrie,5,4,storage_sload_k256,19,,5584,0,0,0.0345,17.9993,0.0036,1.3522,20.0231,0,4,0,0,0,0,0,0,0,0,0,0,4,0,0,0,0,0,0,0,0,0
pbt,bintrie,5,4,storage_sload_k256,19,,5585,0,0,0.0373,6.5994,0.0033,0.1785,6.9882,0,4,0,0,0,0,0,0,0,0,0,0,4,0,0,0,0,0,0,0,0,0
pbt,bintrie,5,4,storage_sload_k256,19,,5586,86840,2,0.1417,22.5552,6.8031,5.0151,34.7204,2.5011,11,0,0,0,3,0,0,0,1,157,5,6,45.45,0,0,0,0,0,0,0,0
pbt,bintrie,5,4,storage_sload_k256,19,,5587,5900023,1,84.5815,33.3012,2.7756,0.6183,121.7263,48.4696,263,259,257,7325,2,0,0,0,0,0,50,213,19.01,56,203,21.62,257,0,100,7325,0
pbt,bintrie,5,4,storage_sload_k256,19,,5588,21000,1,0.0685,9.6983,16.3276,0.5516,26.8906,0.7809,6,0,0,0,2,0,0,0,0,0,2,4,33.33,0,0,0,0,0,0,0,0
pbt,bintrie,5,4,storage_sload_k256,19,,5589,0,0,0.0437,10.8648,0.0027,0.1655,11.2296,0,4,0,0,0,0,0,0,0,0,0,0,4,0,0,0,0,0,0,0,0,0
pbt,bintrie,5,4,storage_sload_k256,1,,5469,0,0,0.0485,8.3096,0.0018,0.2604,8.8104,0,4,0,0,0,0,0,0,0,0,0,0,4,0,0,0,0,0,0,0,0,0
pbt,bintrie,5,4,storage_sload_k256,1,,5470,0,0,0.0357,20.9321,0.0019,0.185,21.3016,0,4,0,0,0,0,0,0,0,0,0,0,4,0,0,0,0,0,0,0,0,0
pbt,bintrie,5,4,storage_sload_k256,1,,5471,0,0,0.0312,6.1894,0.0026,0.1674,11.0855,0,4,0,0,0,0,0,0,0,0,0,0,4,0,0,0,0,0,0,0,0,0
pbt,bintrie,5,4,storage_sload_k256,1,,5472,86840,2,0.0935,16.929,3.3826,5.9837,26.5836,3.2667,11,0,0,0,3,0,0,0,1,157,7,4,63.64,0,0,0,0,0,0,0,0
pbt,bintrie,5,4,storage_sload_k256,1,,5473,5900023,1,103.0812,13.4229,12.1676,0.7395,129.8739,45.4289,263,259,257,7325,2,0,0,0,0,0,27,236,10.27,34,225,13.13,257,0,100,7325,0
pbt,bintrie,5,4,storage_sload_k256,1,,5474,21000,1,0.074,3.2447,11.9988,0.5984,27.751,0.7567,6,0,0,0,2,0,0,0,0,0,2,4,33.33,0,0,0,0,0,0,0,0
pbt,bintrie,5,4,storage_sload_k256,20,,5590,0,0,0.0386,4.9942,0.0022,0.2005,5.4343,0,4,0,0,0,0,0,0,0,0,0,0,4,0,0,0,0,0,0,0,0,0
pbt,bintrie,5,4,storage_sload_k256,20,,5591,0,0,0.0272,16.4779,0.0016,0.1244,16.7953,0,4,0,0,0,0,0,0,0,0,0,0,4,0,0,0,0,0,0,0,0,0
pbt,bintrie,5,4,storage_sload_k256,20,,5592,0,0,1.073,4.8928,0.0019,0.1698,6.3329,0,4,0,0,0,0,0,0,0,0,0,0,4,0,0,0,0,0,0,0,0,0
pbt,bintrie,5,4,storage_sload_k256,20,,5593,86840,2,0.1576,23.1864,9.5716,4.9089,38.1173,2.2782,11,0,0,0,3,0,0,0,1,157,6,5,54.55,0,0,0,0,0,0,0,0
pbt,bintrie,5,4,storage_sload_k256,20,,5594,5900023,1,87.9357,33.4296,8.8473,0.8336,131.4935,44.8693,263,259,257,7325,2,0,0,0,0,0,55,208,20.91,58,201,22.39,257,0,100,7325,0
pbt,bintrie,5,4,storage_sload_k256,20,,5595,21000,1,0.0784,3.3209,11.4089,0.7483,15.9716,1.3148,6,0,0,0,2,0,0,0,0,0,2,4,33.33,0,0,0,0,0,0,0,0
pbt,bintrie,5,4,storage_sload_k256,2,,5475,0,0,0.2335,5.3799,0.0094,0.3122,6.2243,0,4,0,0,0,0,0,0,0,0,0,0,4,0,0,0,0,0,0,0,0,0
pbt,bintrie,5,4,storage_sload_k256,2,,5476,0,0,0.0488,20.0132,0.0061,0.1286,20.3359,0,4,0,0,0,0,0,0,0,0,0,0,4,0,0,0,0,0,0,0,0,0
pbt,bintrie,5,4,storage_sload_k256,2,,5477,0,0,0.0253,8.2866,0.0024,0.1567,8.6244,0,4,0,0,0,0,0,0,0,0,0,0,4,0,0,0,0,0,0,0,0,0
pbt,bintrie,5,4,storage_sload_k256,2,,5478,86840,2,3.0635,16.6843,8.4784,4.7092,33.5288,2.59,11,0,0,0,3,0,0,0,1,157,4,7,36.36,0,0,0,0,0,0,0,0
pbt,bintrie,5,4,storage_sload_k256,2,,5479,5900023,1,85.6744,34.0032,2.9675,0.7567,123.7357,47.6825,263,259,257,7325,2,0,0,0,0,0,10,253,3.8,8,251,3.09,257,0,100,7325,0
pbt,bintrie,5,4,storage_sload_k256,2,,5480,21000,1,0.3504,7.0957,16.2313,0.547,26.6366,0.7884,6,0,0,0,2,0,0,0,0,0,0,6,0,0,0,0,0,0,0,0,0
pbt,bintrie,5,4,storage_sload_k256,3,,5481,0,0,0.0433,7.6802,0.0018,0.1777,8.0993,0,4,0,0,0,0,0,0,0,0,0,0,4,0,0,0,0,0,0,0,0,0
pbt,bintrie,5,4,storage_sload_k256,3,,5482,0,0,0.0423,17.9525,0.0024,0.1623,18.6944,0,4,0,0,0,0,0,0,0,0,0,0,4,0,0,0,0,0,0,0,0,0
pbt,bintrie,5,4,storage_sload_k256,3,,5483,0,0,0.0323,5.3413,0.0025,0.1278,5.6358,0,4,0,0,0,0,0,0,0,0,0,0,4,0,0,0,0,0,0,0,0,0
pbt,bintrie,5,4,storage_sload_k256,3,,5484,86840,2,0.1246,20.2158,8.846,5.0511,34.6196,2.5084,11,0,0,0,3,0,0,0,1,157,6,5,54.55,0,0,0,0,0,0,0,0
pbt,bintrie,5,4,storage_sload_k256,3,,5485,5900023,1,111.3451,38.1257,4.6155,0.8371,155.1405,38.0302,263,259,257,7325,2,0,0,0,0,0,123,140,46.77,128,131,49.42,257,0,100,7325,0
pbt,bintrie,5,4,storage_sload_k256,3,,5486,21000,1,0.0795,7.9591,9.7499,0.9109,18.9669,1.1072,6,0,0,0,2,0,0,0,0,0,2,4,33.33,0,0,0,0,0,0,0,0
pbt,bintrie,5,4,storage_sload_k256,4,,5487,0,0,0.0412,6.1922,0.0017,0.214,6.6898,0,4,0,0,0,0,0,0,0,0,0,0,4,0,0,0,0,0,0,0,0,0
pbt,bintrie,5,4,storage_sload_k256,4,,5488,0,0,0.0392,5.5029,0.0028,0.1998,5.9575,0,4,0,0,0,0,0,0,0,0,0,0,4,0,0,0,0,0,0,0,0,0
pbt,bintrie,5,4,storage_sload_k256,4,,5489,0,0,0.0915,5.37,0.0017,0.1318,5.7402,0,4,0,0,0,0,0,0,0,0,0,0,4,0,0,0,0,0,0,0,0,0
pbt,bintrie,5,4,storage_sload_k256,4,,5490,86840,2,0.0919,17.8489,6.1624,5.0091,29.7357,2.9204,11,0,0,0,3,0,0,0,1,157,6,5,54.55,0,0,0,0,0,0,0,0
pbt,bintrie,5,4,storage_sload_k256,4,,5491,5900023,1,96.6848,19.6818,2.704,0.6493,120.0151,49.1607,263,259,257,7325,2,0,0,0,0,0,48,215,18.25,45,214,17.37,257,0,100,7325,0
pbt,bintrie,5,4,storage_sload_k256,4,,5492,21000,1,0.0755,11.6698,14.2108,0.4729,26.6245,0.7887,6,0,0,0,2,0,0,0,0,0,2,4,33.33,0,0,0,0,0,0,0,0
pbt,bintrie,5,4,storage_sload_k256,5,,5493,0,0,0.0395,3.9361,0.0015,0.2013,4.3288,0,4,0,0,0,0,0,0,0,0,0,0,4,0,0,0,0,0,0,0,0,0
pbt,bintrie,5,4,storage_sload_k256,5,,5494,0,0,0.0248,3.7013,0.0015,0.131,3.9979,0,4,0,0,0,0,0,0,0,0,0,0,4,0,0,0,0,0,0,0,0,0
pbt,bintrie,5,4,storage_sload_k256,5,,5495,0,0,0.0288,5.8014,0.0027,0.1453,6.1531,0,4,0,0,0,0,0,0,0,0,0,0,4,0,0,0,0,0,0,0,0,0
pbt,bintrie,5,4,storage_sload_k256,5,,5496,86840,2,0.1538,22.817,3.8278,4.6204,35.8116,2.4249,11,0,0,0,3,0,0,0,1,157,6,5,54.55,0,0,0,0,0,0,0,0
pbt,bintrie,5,4,storage_sload_k256,5,,5497,5900023,1,90.6184,26.3762,5.5499,0.6548,123.5868,47.7399,263,259,257,7325,2,0,0,0,0,0,123,140,46.77,130,129,50.19,257,0,100,7325,0
pbt,bintrie,5,4,storage_sload_k256,5,,5498,21000,1,0.0971,19.5263,3.1398,0.7619,23.7094,0.8857,6,0,0,0,2,0,0,0,0,0,2,4,33.33,0,0,0,0,0,0,0,0
pbt,bintrie,5,4,storage_sload_k256,6,,5499,0,0,0.0697,4.2937,0.0023,0.4187,5.0094,0,4,0,0,0,0,0,0,0,0,0,0,4,0,0,0,0,0,0,0,0,0
pbt,bintrie,5,4,storage_sload_k256,6,,5500,0,0,0.031,18.7118,0.0023,0.1647,19.1192,0,4,0,0,0,0,0,0,0,0,0,0,4,0,0,0,0,0,0,0,0,0
pbt,bintrie,5,4,storage_sload_k256,6,,5501,0,0,0.0267,4.3743,0.0015,0.1185,4.6761,0,4,0,0,0,0,0,0,0,0,0,0,4,0,0,0,0,0,0,0,0,0
pbt,bintrie,5,4,storage_sload_k256,6,,5502,86840,2,0.2605,27.9353,6.6005,4.6033,39.5978,2.1931,11,0,0,0,3,0,0,0,1,157,6,5,54.55,0,0,0,0,0,0,0,0
pbt,bintrie,5,4,storage_sload_k256,6,,5503,5900023,1,90.6226,26.5106,3.7175,1.3805,122.5606,48.1397,263,259,257,7325,2,0,0,0,0,0,158,105,60.08,156,103,60.23,257,0,100,7325,0
pbt,bintrie,5,4,storage_sload_k256,6,,5504,21000,1,0.1572,15.1356,5.6171,0.9183,29.2145,0.7188,6,0,0,0,2,0,0,0,0,0,2,4,33.33,0,0,0,0,0,0,0,0
pbt,bintrie,5,4,storage_sload_k256,7,,5505,0,0,0.0449,5.6213,0.002,0.2277,6.1945,0,4,0,0,0,0,0,0,0,0,0,0,4,0,0,0,0,0,0,0,0,0
pbt,bintrie,5,4,storage_sload_k256,7,,5506,0,0,0.0534,4.031,0.002,0.3059,4.6214,0,4,0,0,0,0,0,0,0,0,0,0,4,0,0,0,0,0,0,0,0,0
pbt,bintrie,5,4,storage_sload_k256,7,,5507,0,0,0.0292,3.166,0.0025,0.3439,10.5509,0,4,0,0,0,0,0,0,0,0,0,0,4,0,0,0,0,0,0,0,0,0
pbt,bintrie,5,4,storage_sload_k256,7,,5508,86840,2,0.1149,16.2039,6.1591,5.2654,27.9556,3.1064,11,0,0,0,3,0,0,0,1,157,6,5,54.55,0,0,0,0,0,0,0,0
pbt,bintrie,5,4,storage_sload_k256,7,,5509,5900023,1,86.9448,29.0454,2.8064,2.0413,121.1532,48.6989,263,259,257,7325,2,0,0,0,0,0,7,256,2.66,6,253,2.32,257,0,100,7325,0
pbt,bintrie,5,4,storage_sload_k256,7,,5510,21000,1,0.1539,6.8374,13.2093,0.5556,20.9348,1.0031,6,0,0,0,2,0,0,0,0,0,0,6,0,0,0,0,0,0,0,0,0
pbt,bintrie,5,4,storage_sload_k256,8,,5511,0,0,0.0794,6.7112,0.0022,0.1612,7.3579,0,4,0,0,0,0,0,0,0,0,0,0,4,0,0,0,0,0,0,0,0,0
pbt,bintrie,5,4,storage_sload_k256,8,,5512,0,0,0.0356,22.7731,0.0019,0.1146,23.1389,0,4,0,0,0,0,0,0,0,0,0,0,4,0,0,0,0,0,0,0,0,0
pbt,bintrie,5,4,storage_sload_k256,8,,5513,0,0,0.0446,8.9777,0.0025,0.1408,9.3325,0,4,0,0,0,0,0,0,0,0,0,0,4,0,0,0,0,0,0,0,0,0
pbt,bintrie,5,4,storage_sload_k256,8,,5514,86840,2,0.1337,25.6048,4.7449,7.3,38.0959,2.2795,11,0,0,0,3,0,0,0,1,157,5,6,45.45,0,0,0,0,0,0,0,0
pbt,bintrie,5,4,storage_sload_k256,8,,5515,5900023,1,119.9351,21.4396,10.4786,0.6078,152.9411,38.5771,263,259,257,7325,2,0,0,0,0,0,17,246,6.46,17,242,6.56,257,0,100,7325,0
pbt,bintrie,5,4,storage_sload_k256,8,,5516,21000,1,0.0616,14.8871,2.8287,0.6584,18.6405,1.1266,6,0,0,0,2,0,0,0,0,0,2,4,33.33,0,0,0,0,0,0,0,0
pbt,bintrie,5,4,storage_sload_k256,8,,5517,0,0,0.0506,15.4549,0.0036,0.229,16.9397,0,4,0,0,0,0,0,0,0,0,0,0,4,0,0,0,0,0,0,0,0,0
pbt,bintrie,5,4,storage_sload_k256,9,,5518,0,0,0.4001,4.1827,0.0026,0.4912,7.4741,0,4,0,0,0,0,0,0,0,0,0,0,4,0,0,0,0,0,0,0,0,0
pbt,bintrie,5,4,storage_sload_k256,9,,5519,0,0,0.0287,21.1586,0.0024,0.1069,21.4929,0,4,0,0,0,0,0,0,0,0,0,0,4,0,0,0,0,0,0,0,0,0
pbt,bintrie,5,4,storage_sload_k256,9,,5520,0,0,0.0951,11.4188,0.002,0.1354,11.8843,0,4,0,0,0,0,0,0,0,0,0,0,4,0,0,0,0,0,0,0,0,0
pbt,bintrie,5,4,storage_sload_k256,9,,5521,86840,2,0.1363,23.0436,7.5962,5.5251,36.5674,2.3748,11,0,0,0,3,0,0,0,1,157,5,6,45.45,0,0,0,0,0,0,0,0
pbt,bintrie,5,4,storage_sload_k256,9,,5522,5900023,1,137.4733,11.4313,5.7914,0.6837,155.7376,37.8844,263,259,257,7325,2,0,0,0,0,0,108,155,41.06,112,147,43.24,257,0,100,7325,0
pbt,bintrie,5,4,storage_sload_k256,9,,5523,21000,1,0.0652,7.3364,9.8503,0.7416,21.8932,0.9592,6,0,0,0,2,0,0,0,0,0,2,4,33.33,0,0,0,0,0,0,0,0
pbt,bintrie,5,4,storage_sstore_k1,10,,5650,0,0,0.0541,7.9432,0.0033,0.2484,8.4933,0,4,0,0,0,0,0,0,0,0,0,0,4,0,0,0,0,0,0,0,0,0
pbt,bintrie,5,4,storage_sstore_k1,10,,5651,0,0,0.0473,12.3634,0.0019,0.1143,12.9554,0,4,0,0,0,0,0,0,0,0,0,0,4,0,0,0,0,0,0,0,0,0
pbt,bintrie,5,4,storage_sstore_k1,10,,5652,0,0,0.0459,6.1902,0.0025,0.2615,6.672,0,4,0,0,0,0,0,0,0,0,0,0,4,0,0,0,0,0,0,0,0,0
pbt,bintrie,5,4,storage_sstore_k1,10,,5653,86906,2,0.1074,17.9726,12.6112,4.7281,35.6399,2.4384,11,0,0,0,3,0,0,0,1,163,5,6,45.45,0,0,0,0,0,0,0,0
pbt,bintrie,5,4,storage_sstore_k1,10,,5654,5911443,1,3.8948,10.8492,9.128,1.9419,30.8092,191.8729,8,259,2,191,3,0,259,0,0,0,4,4,50,84,175,32.43,2,0,100,191,0
pbt,bintrie,5,4,storage_sstore_k1,10,,5655,21000,1,0.0936,21.7789,6.9286,0.772,29.7971,0.7048,6,0,0,0,2,0,0,0,0,0,2,4,33.33,0,0,0,0,0,0,0,0
pbt,bintrie,5,4,storage_sstore_k1,11,,5656,0,0,0.0599,5.8234,0.0025,0.2706,6.4009,0,4,0,0,0,0,0,0,0,0,0,0,4,0,0,0,0,0,0,0,0,0
pbt,bintrie,5,4,storage_sstore_k1,11,,5657,0,0,0.0432,7.4081,0.0035,0.1907,7.977,0,4,0,0,0,0,0,0,0,0,0,0,4,0,0,0,0,0,0,0,0,0
pbt,bintrie,5,4,storage_sstore_k1,11,,5658,0,0,0.0329,9.7871,0.0033,0.2401,10.2476,0,4,0,0,0,0,0,0,0,0,0,0,4,0,0,0,0,0,0,0,0,0
pbt,bintrie,5,4,storage_sstore_k1,11,,5659,86906,2,0.0836,19.3154,5.869,6.1579,31.622,2.7483,11,0,0,0,3,0,0,0,1,163,7,4,63.64,0,0,0,0,0,0,0,0
pbt,bintrie,5,4,storage_sstore_k1,11,,5660,5911443,1,5.2072,22.4867,4.4045,2.1177,42.1836,140.136,8,259,2,191,3,0,259,0,0,0,3,5,37.5,12,247,4.63,2,0,100,191,0
pbt,bintrie,5,4,storage_sstore_k1,11,,5661,21000,1,0.139,15.744,16.3577,0.6098,33.0798,0.6348,6,0,0,0,2,0,0,0,0,0,0,6,0,0,0,0,0,0,0,0,0
pbt,bintrie,5,4,storage_sstore_k1,12,,5662,0,0,0.0429,4.6464,0.0025,0.2067,5.0941,0,4,0,0,0,0,0,0,0,0,0,0,4,0,0,0,0,0,0,0,0,0
pbt,bintrie,5,4,storage_sstore_k1,12,,5663,0,0,0.0311,19.7403,0.0031,0.1595,20.0985,0,4,0,0,0,0,0,0,0,0,0,0,4,0,0,0,0,0,0,0,0,0
pbt,bintrie,5,4,storage_sstore_k1,12,,5664,0,0,0.057,9.7007,0.0033,3.7281,13.8497,0,4,0,0,0,0,0,0,0,0,0,0,4,0,0,0,0,0,0,0,0,0
pbt,bintrie,5,4,storage_sstore_k1,12,,5665,86906,2,0.7946,14.5115,5.7328,5.0277,35.2936,2.4624,11,0,0,0,3,0,0,0,1,163,6,5,54.55,0,0,0,0,0,0,0,0
pbt,bintrie,5,4,storage_sstore_k1,12,,5666,5911443,1,6.9787,16.2714,17.3293,3.4277,44.181,133.8004,8,259,2,191,3,0,259,0,0,0,1,7,12.5,82,177,31.66,2,0,100,191,0
pbt,bintrie,5,4,storage_sstore_k1,12,,5667,21000,1,0.0815,20.3255,6.0072,1.9523,28.6523,0.7329,6,0,0,0,2,0,0,0,0,0,2,4,33.33,0,0,0,0,0,0,0,0
pbt,bintrie,5,4,storage_sstore_k1,13,,5668,0,0,0.0394,7.4508,0.0026,0.3171,8.6204,0,4,0,0,0,0,0,0,0,0,0,0,4,0,0,0,0,0,0,0,0,0
pbt,bintrie,5,4,storage_sstore_k1,13,,5669,0,0,0.031,16.1636,0.0023,0.146,16.5377,0,4,0,0,0,0,0,0,0,0,0,0,4,0,0,0,0,0,0,0,0,0
pbt,bintrie,5,4,storage_sstore_k1,13,,5670,0,0,0.0415,3.9529,0.0027,0.1335,9.1781,0,4,0,0,0,0,0,0,0,0,0,0,4,0,0,0,0,0,0,0,0,0
pbt,bintrie,5,4,storage_sstore_k1,13,,5671,86906,2,0.1146,24.2239,3.5055,5.7347,33.7811,2.5726,11,0,0,0,3,0,0,0,1,163,6,5,54.55,0,0,0,0,0,0,0,0
pbt,bintrie,5,4,storage_sstore_k1,13,,5672,5911443,1,4.803,6.5293,14.0079,2.8506,28.3237,208.7101,8,259,2,191,3,0,259,0,0,0,3,5,37.5,105,154,40.54,2,0,100,191,0
pbt,bintrie,5,4,storage_sstore_k1,13,,5673,21000,1,0.1423,15.8155,2.4288,0.6357,19.2441,1.0912,6,0,0,0,2,0,0,0,0,0,0,6,0,0,0,0,0,0,0,0,0
pbt,bintrie,5,4,storage_sstore_k1,14,,5674,0,0,0.0426,4.9177,0.0027,0.3192,5.4833,0,4,0,0,0,0,0,0,0,0,0,0,4,0,0,0,0,0,0,0,0,0
pbt,bintrie,5,4,storage_sstore_k1,14,,5675,0,0,0.0297,17.7352,0.0019,0.151,18.0643,0,4,0,0,0,0,0,0,0,0,0,0,4,0,0,0,0,0,0,0,0,0
pbt,bintrie,5,4,storage_sstore_k1,14,,5676,0,0,0.0367,17.3245,0.0021,0.0918,17.6221,0,4,0,0,0,0,0,0,0,0,0,0,4,0,0,0,0,0,0,0,0,0
pbt,bintrie,5,4,storage_sstore_k1,14,,5677,86906,2,0.1315,17.8015,6.1786,6.3651,30.6485,2.8356,11,0,0,0,3,0,0,0,1,163,6,5,54.55,0,0,0,0,0,0,0,0
pbt,bintrie,5,4,storage_sstore_k1,14,,5678,5911443,1,3.4924,12.3263,15.1239,1.5727,32.7024,180.7647,8,259,2,191,3,0,259,0,0,0,3,5,37.5,44,215,16.99,2,0,100,191,0
pbt,bintrie,5,4,storage_sstore_k1,14,,5679,21000,1,0.0844,3.3086,13.4219,0.8018,17.8095,1.1791,6,0,0,0,2,0,0,0,0,0,2,4,33.33,0,0,0,0,0,0,0,0
pbt,bintrie,5,4,storage_sstore_k1,15,,5680,0,0,0.0569,5.5814,0.0019,0.1514,5.9796,0,4,0,0,0,0,0,0,0,0,0,0,4,0,0,0,0,0,0,0,0,0
pbt,bintrie,5,4,storage_sstore_k1,15,,5681,0,0,0.0289,19.4487,0.0026,0.13,19.8014,0,4,0,0,0,0,0,0,0,0,0,0,4,0,0,0,0,0,0,0,0,0
pbt,bintrie,5,4,storage_sstore_k1,15,,5682,0,0,0.0407,9.2333,0.0027,0.1438,9.6464,0,4,0,0,0,0,0,0,0,0,0,0,4,0,0,0,0,0,0,0,0,0
pbt,bintrie,5,4,storage_sstore_k1,15,,5683,86906,2,0.1234,21.4501,4.4378,9.0578,35.2656,2.4643,11,0,0,0,3,0,0,0,1,163,7,4,63.64,0,0,0,0,0,0,0,0
pbt,bintrie,5,4,storage_sstore_k1,15,,5684,5911443,1,5.0489,23.171,3.4357,2.1256,34.0168,173.78,8,259,2,191,3,0,259,0,0,0,1,7,12.5,74,185,28.57,2,0,100,191,0
pbt,bintrie,5,4,storage_sstore_k1,15,,5685,21000,1,0.0609,20.8551,2.9968,0.8222,24.9021,0.8433,6,0,0,0,2,0,0,0,0,0,2,4,33.33,0,0,0,0,0,0,0,0
pbt,bintrie,5,4,storage_sstore_k1,16,,5686,0,0,0.0386,6.2317,0.0021,0.3763,6.856,0,4,0,0,0,0,0,0,0,0,0,0,4,0,0,0,0,0,0,0,0,0
pbt,bintrie,5,4,storage_sstore_k1,16,,5687,0,0,0.0398,25.4553,0.0032,0.1522,25.8757,0,4,0,0,0,0,0,0,0,0,0,0,4,0,0,0,0,0,0,0,0,0
pbt,bintrie,5,4,storage_sstore_k1,16,,5688,0,0,0.0419,10.0181,0.0019,0.1988,10.4068,0,4,0,0,0,0,0,0,0,0,0,0,4,0,0,0,0,0,0,0,0,0
pbt,bintrie,5,4,storage_sstore_k1,16,,5689,86906,2,0.1452,17.0917,5.0056,5.0798,27.5171,3.1583,11,0,0,0,3,0,0,0,1,163,6,5,54.55,0,0,0,0,0,0,0,0
pbt,bintrie,5,4,storage_sstore_k1,16,,5690,5911443,1,3.4824,5.645,18.6865,4.3794,33.8426,174.6744,8,259,2,191,3,0,259,0,0,0,2,6,25,11,248,4.25,2,0,100,191,0
pbt,bintrie,5,4,storage_sstore_k1,16,,5691,21000,1,0.1151,12.9866,2.5046,0.4779,18.3455,1.1447,6,0,0,0,2,0,0,0,0,0,0,6,0,0,0,0,0,0,0,0,0
pbt,bintrie,5,4,storage_sstore_k1,17,,5692,0,0,0.0544,4.1772,0.0025,0.282,4.7118,0,4,0,0,0,0,0,0,0,0,0,0,4,0,0,0,0,0,0,0,0,0
pbt,bintrie,5,4,storage_sstore_k1,17,,5693,0,0,0.0466,20.0192,0.0031,0.198,20.5443,0,4,0,0,0,0,0,0,0,0,0,0,4,0,0,0,0,0,0,0,0,0
pbt,bintrie,5,4,storage_sstore_k1,17,,5694,0,0,0.0418,4.6859,0.0022,0.1466,5.047,0,4,0,0,0,0,0,0,0,0,0,0,4,0,0,0,0,0,0,0,0,0
pbt,bintrie,5,4,storage_sstore_k1,17,,5695,86906,2,0.1076,20.4072,3.205,4.6168,28.4972,3.0496,11,0,0,0,3,0,0,0,1,163,5,6,45.45,0,0,0,0,0,0,0,0
pbt,bintrie,5,4,storage_sstore_k1,17,,5696,5911443,1,4.1019,8.1316,14.7082,3.5764,32.8005,180.224,8,259,2,191,3,0,259,0,0,0,3,5,37.5,76,183,29.34,2,0,100,191,0
pbt,bintrie,5,4,storage_sstore_k1,17,,5697,21000,1,0.0604,11.6013,16.4896,0.5914,28.986,0.7245,6,0,0,0,2,0,0,0,0,0,2,4,33.33,0,0,0,0,0,0,0,0
pbt,bintrie,5,4,storage_sstore_k1,18,,5698,0,0,0.4051,6.4158,0.0029,0.2445,7.3156,0,4,0,0,0,0,0,0,0,0,0,0,4,0,0,0,0,0,0,0,0,0
pbt,bintrie,5,4,storage_sstore_k1,18,,5699,0,0,0.0261,3.2604,0.0036,0.2207,7.9568,0,4,0,0,0,0,0,0,0,0,0,0,4,0,0,0,0,0,0,0,0,0
pbt,bintrie,5,4,storage_sstore_k1,18,,5700,0,0,0.0353,6.8534,0.0023,2.7535,9.7931,0,4,0,0,0,0,0,0,0,0,0,0,4,0,0,0,0,0,0,0,0,0
pbt,bintrie,5,4,storage_sstore_k1,18,,5701,86906,2,0.0971,19.1693,4.5305,5.6036,29.6274,2.9333,11,0,0,0,3,0,0,0,1,163,6,5,54.55,0,0,0,0,0,0,0,0
pbt,bintrie,5,4,storage_sstore_k1,18,,5702,5911443,1,7.5513,22.4535,11.534,1.6299,45.6874,129.3888,8,259,2,191,3,0,259,0,0,0,2,6,25,107,152,41.31,2,0,100,191,0
pbt,bintrie,5,4,storage_sstore_k1,18,,5703,21000,1,0.0828,13.0597,4.2557,0.8133,25.2836,0.8306,6,0,0,0,2,0,0,0,0,0,2,4,33.33,0,0,0,0,0,0,0,0
pbt,bintrie,5,4,storage_sstore_k1,19,,5704,0,0,0.6179,5.0599,0.0015,0.2733,6.237,0,4,0,0,0,0,0,0,0,0,0,0,4,0,0,0,0,0,0,0,0,0
pbt,bintrie,5,4,storage_sstore_k1,19,,5705,0,0,0.0437,18.7047,0.0027,0.1884,19.1045,0,4,0,0,0,0,0,0,0,0,0,0,4,0,0,0,0,0,0,0,0,0
pbt,bintrie,5,4,storage_sstore_k1,19,,5706,0,0,0.0329,3.821,0.0042,0.2164,8.9134,0,4,0,0,0,0,0,0,0,0,0,0,4,0,0,0,0,0,0,0,0,0
pbt,bintrie,5,4,storage_sstore_k1,19,,5707,86906,2,0.0997,17.9669,3.7981,5.6338,30.5562,2.8441,11,0,0,0,3,0,0,0,1,163,6,5,54.55,0,0,0,0,0,0,0,0
pbt,bintrie,5,4,storage_sstore_k1,19,,5708,5911443,1,3.0785,11.2044,9.5095,3.3173,27.3651,216.0213,8,259,2,191,3,0,259,0,0,0,2,6,25,47,212,18.15,2,0,100,191,0
pbt,bintrie,5,4,storage_sstore_k1,19,,5709,21000,1,0.0588,12.7216,14.5488,0.7362,28.3159,0.7416,6,0,0,0,2,0,0,0,0,0,2,4,33.33,0,0,0,0,0,0,0,0
pbt,bintrie,5,4,storage_sstore_k1,1,,5596,0,0,0.0557,3.302,0.0019,0.2868,3.8064,0,4,0,0,0,0,0,0,0,0,0,0,4,0,0,0,0,0,0,0,0,0
pbt,bintrie,5,4,storage_sstore_k1,1,,5597,0,0,0.0352,9.239,0.0021,0.1647,9.6306,0,4,0,0,0,0,0,0,0,0,0,0,4,0,0,0,0,0,0,0,0,0
pbt,bintrie,5,4,storage_sstore_k1,1,,5598,0,0,0.0268,3.3092,0.9186,0.2179,7.8729,0,4,0,0,0,0,0,0,0,0,0,0,4,0,0,0,0,0,0,0,0,0
pbt,bintrie,5,4,storage_sstore_k1,1,,5599,86906,2,0.1112,21.3476,3.0656,5.1533,29.8976,2.9068,11,0,0,0,3,0,0,0,1,163,6,5,54.55,0,0,0,0,0,0,0,0
pbt,bintrie,5,4,storage_sstore_k1,1,,5600,5911443,1,4.1407,6.6889,5.4514,3.4058,32.3123,182.9471,8,259,2,191,3,0,259,0,0,0,3,5,37.5,44,215,16.99,2,0,100,191,0
pbt,bintrie,5,4,storage_sstore_k1,1,,5601,21000,1,0.0732,13.6992,3.3156,0.4535,25.631,0.8193,6,0,0,0,2,0,0,0,0,0,2,4,33.33,0,0,0,0,0,0,0,0
pbt,bintrie,5,4,storage_sstore_k1,20,,5710,0,0,0.0601,6.8365,0.0025,0.3226,7.5189,0,4,0,0,0,0,0,0,0,0,0,0,4,0,0,0,0,0,0,0,0,0
pbt,bintrie,5,4,storage_sstore_k1,20,,5711,0,0,0.0414,18.2543,0.003,0.1506,18.6368,0,4,0,0,0,0,0,0,0,0,0,0,4,0,0,0,0,0,0,0,0,0
pbt,bintrie,5,4,storage_sstore_k1,20,,5712,0,0,0.0349,11.8793,0.0024,0.1275,12.2236,0,4,0,0,0,0,0,0,0,0,0,0,4,0,0,0,0,0,0,0,0,0
pbt,bintrie,5,4,storage_sstore_k1,20,,5713,86906,2,0.1028,16.5276,6.0648,5.3435,29.5401,2.942,11,0,0,0,3,0,0,0,1,163,5,6,45.45,0,0,0,0,0,0,0,0
pbt,bintrie,5,4,storage_sstore_k1,20,,5714,5911443,1,3.49,13.6816,9.9075,2.0363,29.3055,201.7182,8,259,2,191,3,0,259,0,0,0,3,5,37.5,70,189,27.03,2,0,100,191,0
pbt,bintrie,5,4,storage_sstore_k1,20,,5715,21000,1,0.098,10.2472,8.7615,1.7838,21.1012,0.9952,6,0,0,0,2,0,0,0,0,0,2,4,33.33,0,0,0,0,0,0,0,0
pbt,bintrie,5,4,storage_sstore_k1,2,,5602,0,0,0.0503,4.8046,0.0025,0.5666,5.6268,0,4,0,0,0,0,0,0,0,0,0,0,4,0,0,0,0,0,0,0,0,0
pbt,bintrie,5,4,storage_sstore_k1,2,,5603,0,0,0.0385,3.8121,0.0025,0.2234,4.2528,0,4,0,0,0,0,0,0,0,0,0,0,4,0,0,0,0,0,0,0,0,0
pbt,bintrie,5,4,storage_sstore_k1,2,,5604,0,0,0.0445,10.3791,0.0035,0.2139,10.9611,0,4,0,0,0,0,0,0,0,0,0,0,4,0,0,0,0,0,0,0,0,0
pbt,bintrie,5,4,storage_sstore_k1,2,,5605,86906,2,0.0985,21.2496,3.618,5.1396,30.2886,2.8693,11,0,0,0,3,0,0,0,1,163,5,6,45.45,0,0,0,0,0,0,0,0
pbt,bintrie,5,4,storage_sstore_k1,2,,5606,5911443,1,3.9714,7.2608,20.0321,6.5655,38.0057,155.541,8,259,2,191,3,0,259,0,0,0,3,5,37.5,85,174,32.82,2,0,100,191,0
pbt,bintrie,5,4,storage_sstore_k1,2,,5607,21000,1,0.0704,4.718,11.4719,0.7723,17.2394,1.2181,6,0,0,0,2,0,0,0,0,0,2,4,33.33,0,0,0,0,0,0,0,0
pbt,bintrie,5,4,storage_sstore_k1,3,,5608,0,0,0.8532,5.4341,0.0023,0.3846,6.8851,0,4,0,0,0,0,0,0,0,0,0,0,4,0,0,0,0,0,0,0,0,0
pbt,bintrie,5,4,storage_sstore_k1,3,,5609,0,0,0.0337,21.2584,0.0055,0.1304,21.6061,0,4,0,0,0,0,0,0,0,0,0,0,4,0,0,0,0,0,0,0,0,0
pbt,bintrie,5,4,storage_sstore_k1,3,,5610,0,0,0.0541,3.5279,0.0018,0.4947,4.2891,0,4,0,0,0,0,0,0,0,0,0,0,4,0,0,0,0,0,0,0,0,0
pbt,bintrie,5,4,storage_sstore_k1,3,,5611,86906,2,0.1125,22.3605,3.9818,5.1064,31.801,2.7328,11,0,0,0,3,0,0,0,1,163,6,5,54.55,0,0,0,0,0,0,0,0
pbt,bintrie,5,4,storage_sstore_k1,3,,5612,5911443,1,4.5095,6.7481,13.0171,3.5874,28.028,210.9117,8,259,2,191,3,0,259,0,0,0,2,6,25,98,161,37.84,2,0,100,191,0
pbt,bintrie,5,4,storage_sstore_k1,3,,5613,21000,1,0.2188,17.4445,13.712,0.5262,32.1283,0.6536,6,0,0,0,2,0,0,0,0,0,0,6,0,0,0,0,0,0,0,0,0
pbt,bintrie,5,4,storage_sstore_k1,4,,5614,0,0,0.0613,7.9781,0.0024,0.2779,8.5732,0,4,0,0,0,0,0,0,0,0,0,0,4,0,0,0,0,0,0,0,0,0
pbt,bintrie,5,4,storage_sstore_k1,4,,5615,0,0,0.0356,19.5819,0.0027,0.1096,19.8893,0,4,0,0,0,0,0,0,0,0,0,0,4,0,0,0,0,0,0,0,0,0
pbt,bintrie,5,4,storage_sstore_k1,4,,5616,0,0,0.0329,3.5215,0.003,0.1272,8.5736,0,4,0,0,0,0,0,0,0,0,0,0,4,0,0,0,0,0,0,0,0,0
pbt,bintrie,5,4,storage_sstore_k1,4,,5617,86906,2,0.1379,21.0889,4.0881,5.5566,31.376,2.7698,11,0,0,0,3,0,0,0,1,163,5,6,45.45,0,0,0,0,0,0,0,0
pbt,bintrie,5,4,storage_sstore_k1,4,,5618,5911443,1,3.1056,6.7098,11.6175,4.7733,26.383,224.0628,8,259,2,191,3,0,259,0,0,0,3,5,37.5,30,229,11.58,2,0,100,191,0
pbt,bintrie,5,4,storage_sstore_k1,4,,5619,21000,1,0.4862,11.4742,4.9514,0.7751,17.8909,1.1738,6,0,0,0,2,0,0,0,0,0,2,4,33.33,0,0,0,0,0,0,0,0
pbt,bintrie,5,4,storage_sstore_k1,5,,5620,0,0,3.422,4.1647,0.0019,0.1524,7.9876,0,4,0,0,0,0,0,0,0,0,0,0,4,0,0,0,0,0,0,0,0,0
pbt,bintrie,5,4,storage_sstore_k1,5,,5621,0,0,0.2007,4.6224,0.0025,0.2207,5.2183,0,4,0,0,0,0,0,0,0,0,0,0,4,0,0,0,0,0,0,0,0,0
pbt,bintrie,5,4,storage_sstore_k1,5,,5622,0,0,0.0307,5.7546,0.0029,0.1972,6.1883,0,4,0,0,0,0,0,0,0,0,0,0,4,0,0,0,0,0,0,0,0,0
pbt,bintrie,5,4,storage_sstore_k1,5,,5623,86906,2,0.1375,18.1627,3.7241,5.3818,30.9502,2.8079,11,0,0,0,3,0,0,0,1,163,5,6,45.45,0,0,0,0,0,0,0,0
pbt,bintrie,5,4,storage_sstore_k1,5,,5624,5911443,1,4.4186,17.0507,9.0132,2.959,33.8709,174.5289,8,259,2,191,3,0,259,0,0,0,4,4,50,55,204,21.24,2,0,100,191,0
pbt,bintrie,5,4,storage_sstore_k1,5,,5625,21000,1,0.0866,17.2157,2.6831,0.9694,21.1768,0.9917,6,0,0,0,2,0,0,0,0,0,2,4,33.33,0,0,0,0,0,0,0,0
pbt,bintrie,5,4,storage_sstore_k1,6,,5626,0,0,2.9865,3.8825,0.003,0.2659,7.4357,0,4,0,0,0,0,0,0,0,0,0,0,4,0,0,0,0,0,0,0,0,0
pbt,bintrie,5,4,storage_sstore_k1,6,,5627,0,0,0.0307,21.9273,0.0029,0.2121,22.3232,0,4,0,0,0,0,0,0,0,0,0,0,4,0,0,0,0,0,0,0,0,0
pbt,bintrie,5,4,storage_sstore_k1,6,,5628,0,0,0.0322,9.8983,0.0022,0.1135,10.1789,0,4,0,0,0,0,0,0,0,0,0,0,4,0,0,0,0,0,0,0,0,0
pbt,bintrie,5,4,storage_sstore_k1,6,,5629,86906,2,0.1687,22.583,5.0129,5.0176,36.4943,2.3814,11,0,0,0,3,0,0,0,1,163,5,6,45.45,0,0,0,0,0,0,0,0
pbt,bintrie,5,4,storage_sstore_k1,6,,5630,5911443,1,4.2958,14.7872,9.5011,1.6986,30.5127,193.7374,8,259,2,191,3,0,259,0,0,0,4,4,50,139,120,53.67,2,0,100,191,0
pbt,bintrie,5,4,storage_sstore_k1,6,,5631,21000,1,0.1571,9.5821,18.145,0.7307,28.7843,0.7296,6,0,0,0,2,0,0,0,0,0,0,6,0,0,0,0,0,0,0,0,0
pbt,bintrie,5,4,storage_sstore_k1,7,,5632,0,0,0.0439,6.1478,0.002,0.1808,6.6114,0,4,0,0,0,0,0,0,0,0,0,0,4,0,0,0,0,0,0,0,0,0
pbt,bintrie,5,4,storage_sstore_k1,7,,5633,0,0,0.035,6.0708,0.0055,0.4147,6.712,0,4,0,0,0,0,0,0,0,0,0,0,4,0,0,0,0,0,0,0,0,0
pbt,bintrie,5,4,storage_sstore_k1,7,,5634,0,0,0.0324,12.2371,0.0033,0.5338,13.1935,0,4,0,0,0,0,0,0,0,0,0,0,4,0,0,0,0,0,0,0,0,0
pbt,bintrie,5,4,storage_sstore_k1,7,,5635,86906,2,0.1042,17.2998,5.4263,4.8916,30.8095,2.8208,11,0,0,0,3,0,0,0,1,163,6,5,54.55,0,0,0,0,0,0,0,0
pbt,bintrie,5,4,storage_sstore_k1,7,,5636,5911443,1,8.1315,9.7207,18.9573,2.2564,39.2164,150.7391,8,259,2,191,3,0,259,0,0,0,4,4,50,69,190,26.64,2,0,100,191,0
pbt,bintrie,5,4,storage_sstore_k1,7,,5637,21000,1,0.0742,10.5414,6.1691,0.5691,20.8696,1.0063,6,0,0,0,2,0,0,0,0,0,2,4,33.33,0,0,0,0,0,0,0,0
pbt,bintrie,5,4,storage_sstore_k1,8,,5638,0,0,0.0583,3.674,0.0025,0.2708,4.224,0,4,0,0,0,0,0,0,0,0,0,0,4,0,0,0,0,0,0,0,0,0
pbt,bintrie,5,4,storage_sstore_k1,8,,5639,0,0,0.0382,3.7944,0.0029,0.1426,4.1093,0,4,0,0,0,0,0,0,0,0,0,0,4,0,0,0,0,0,0,0,0,0
pbt,bintrie,5,4,storage_sstore_k1,8,,5640,0,0,0.0304,8.9118,0.002,0.2891,9.3637,0,4,0,0,0,0,0,0,0,0,0,0,4,0,0,0,0,0,0,0,0,0
pbt,bintrie,5,4,storage_sstore_k1,8,,5641,86906,2,0.1054,17.3035,3.2666,4.7517,26.8134,3.2411,11,0,0,0,3,0,0,0,1,163,7,4,63.64,0,0,0,0,0,0,0,0
pbt,bintrie,5,4,storage_sstore_k1,8,,5642,5911443,1,10.8603,7.0637,8.4902,3.0352,29.9107,197.6361,8,259,2,191,3,0,259,0,0,0,4,4,50,142,117,54.83,2,0,100,191,0
pbt,bintrie,5,4,storage_sstore_k1,8,,5643,21000,1,0.0809,7.9113,12.6406,1.0546,21.8774,0.9599,6,0,0,0,2,0,0,0,0,0,2,4,33.33,0,0,0,0,0,0,0,0
pbt,bintrie,5,4,storage_sstore_k1,9,,5644,0,0,0.5462,5.2942,0.0023,0.2858,6.4289,0,4,0,0,0,0,0,0,0,0,0,0,4,0,0,0,0,0,0,0,0,0
pbt,bintrie,5,4,storage_sstore_k1,9,,5645,0,0,0.0316,18.7412,0.0069,0.1696,19.1148,0,4,0,0,0,0,0,0,0,0,0,0,4,0,0,0,0,0,0,0,0,0
pbt,bintrie,5,4,storage_sstore_k1,9,,5646,0,0,0.0325,9.2013,0.0021,0.1061,9.4701,0,4,0,0,0,0,0,0,0,0,0,0,4,0,0,0,0,0,0,0,0,0
pbt,bintrie,5,4,storage_sstore_k1,9,,5647,86906,2,0.1473,25.5068,2.772,5.1578,38.3219,2.2678,11,0,0,0,3,0,0,0,1,163,6,5,54.55,0,0,0,0,0,0,0,0
pbt,bintrie,5,4,storage_sstore_k1,9,,5648,5911443,1,7.6197,11.733,17.3039,3.0627,39.8797,148.2317,8,259,2,191,3,0,259,0,0,0,4,4,50,169,90,65.25,2,0,100,191,0
pbt,bintrie,5,4,storage_sstore_k1,9,,5649,21000,1,0.6719,14.1092,22.78,0.515,38.2674,0.5488,6,0,0,0,2,0,0,0,0,0,0,6,0,0,0,0,0,0,0,0,0
pbt,bintrie,5,4,storage_sstore_k10,10,,5770,0,0,0.0495,19.7342,0.0041,0.2229,20.3217,0,4,0,0,0,0,0,0,0,0,0,0,4,0,0,0,0,0,0,0,0,0
pbt,bintrie,5,4,storage_sstore_k10,10,,5771,0,0,0.2247,3.0933,0.0022,0.6336,4.1869,0,4,0,0,0,0,0,0,0,0,0,0,4,0,0,0,0,0,0,0,0,0
pbt,bintrie,5,4,storage_sstore_k10,10,,5772,0,0,0.054,8.9613,0.0026,0.1842,9.5283,0,4,0,0,0,0,0,0,0,0,0,0,4,0,0,0,0,0,0,0,0,0
pbt,bintrie,5,4,storage_sstore_k10,10,,5773,86938,2,0.1444,18.5561,3.8634,5.029,27.7711,3.1305,11,0,0,0,3,0,0,0,1,165,5,6,45.45,0,0,0,0,0,0,0,0
pbt,bintrie,5,4,storage_sstore_k10,10,,5774,5919370,1,15.8119,12.9219,10.6807,2.1593,48.6901,121.5724,17,283,11,445,12,0,254,0,0,0,6,11,35.29,73,210,25.8,11,0,100,445,0
pbt,bintrie,5,4,storage_sstore_k10,10,,5775,21000,1,0.1303,11.5601,4.1885,1.7845,17.8563,1.1761,6,0,0,0,2,0,0,0,0,0,2,4,33.33,0,0,0,0,0,0,0,0
pbt,bintrie,5,4,storage_sstore_k10,11,,5776,0,0,6.6204,4.8971,0.0032,0.1599,11.9994,0,4,0,0,0,0,0,0,0,0,0,0,4,0,0,0,0,0,0,0,0,0
pbt,bintrie,5,4,storage_sstore_k10,11,,5777,0,0,0.0352,6.3591,0.0022,0.142,6.7217,0,4,0,0,0,0,0,0,0,0,0,0,4,0,0,0,0,0,0,0,0,0
pbt,bintrie,5,4,storage_sstore_k10,11,,5778,0,0,0.0251,4.2999,0.0019,0.1137,4.5797,0,4,0,0,0,0,0,0,0,0,0,0,4,0,0,0,0,0,0,0,0,0
pbt,bintrie,5,4,storage_sstore_k10,11,,5779,86938,2,0.104,17.5599,3.8469,5.3157,27.8916,3.117,11,0,0,0,3,0,0,0,1,165,6,5,54.55,0,0,0,0,0,0,0,0
pbt,bintrie,5,4,storage_sstore_k10,11,,5780,5919370,1,4.9582,20.8692,20.5965,2.2334,48.8858,121.0857,17,283,11,445,12,0,254,0,0,0,2,15,11.76,8,275,2.83,11,0,100,445,0
pbt,bintrie,5,4,storage_sstore_k10,11,,5781,21000,1,0.0928,13.0669,2.6017,1.9,17.8938,1.1736,6,0,0,0,2,0,0,0,0,0,2,4,33.33,0,0,0,0,0,0,0,0
pbt,bintrie,5,4,storage_sstore_k10,12,,5782,0,0,1.6616,6.3611,0.0019,0.1727,8.4445,0,4,0,0,0,0,0,0,0,0,0,0,4,0,0,0,0,0,0,0,0,0
pbt,bintrie,5,4,storage_sstore_k10,12,,5783,0,0,0.0362,7.2499,0.0037,0.3884,7.8597,0,4,0,0,0,0,0,0,0,0,0,0,4,0,0,0,0,0,0,0,0,0
pbt,bintrie,5,4,storage_sstore_k10,12,,5784,0,0,0.0339,10.0659,0.0025,0.1593,10.4642,0,4,0,0,0,0,0,0,0,0,0,0,4,0,0,0,0,0,0,0,0,0
pbt,bintrie,5,4,storage_sstore_k10,12,,5785,86938,2,0.1079,26.4915,3.0145,5.0602,42.233,2.0585,11,0,0,0,3,0,0,0,1,165,6,5,54.55,0,0,0,0,0,0,0,0
pbt,bintrie,5,4,storage_sstore_k10,12,,5786,5919370,1,3.9452,20.9383,8.6271,2.1516,49.7295,119.0313,17,283,11,445,12,0,254,0,0,0,6,11,35.29,122,161,43.11,11,0,100,445,0
pbt,bintrie,5,4,storage_sstore_k10,12,,5787,21000,1,0.0784,9.3325,7.674,0.7303,18.3326,1.1455,6,0,0,0,2,0,0,0,0,0,2,4,33.33,0,0,0,0,0,0,0,0
pbt,bintrie,5,4,storage_sstore_k10,13,,5788,0,0,0.0468,4.6328,0.0026,0.2925,5.2013,0,4,0,0,0,0,0,0,0,0,0,0,4,0,0,0,0,0,0,0,0,0
pbt,bintrie,5,4,storage_sstore_k10,13,,5789,0,0,0.0361,21.5024,0.0044,0.2599,21.9719,0,4,0,0,0,0,0,0,0,0,0,0,4,0,0,0,0,0,0,0,0,0
pbt,bintrie,5,4,storage_sstore_k10,13,,5790,0,0,0.0338,3.5441,0.002,0.1333,3.8938,0,4,0,0,0,0,0,0,0,0,0,0,4,0,0,0,0,0,0,0,0,0
pbt,bintrie,5,4,storage_sstore_k10,13,,5791,86938,2,0.0855,16.7079,3.4237,7.2129,27.6075,3.1491,11,0,0,0,3,0,0,0,1,165,7,4,63.64,0,0,0,0,0,0,0,0
pbt,bintrie,5,4,storage_sstore_k10,13,,5792,5919370,1,4.0018,8.932,19.0544,2.8251,35.5879,166.3307,17,283,11,445,12,0,254,0,0,0,7,10,41.18,140,143,49.47,11,0,100,445,0
pbt,bintrie,5,4,storage_sstore_k10,13,,5793,21000,1,0.0687,10.2805,7.9547,0.5929,19.7456,1.0635,6,0,0,0,2,0,0,0,0,0,2,4,33.33,0,0,0,0,0,0,0,0
pbt,bintrie,5,4,storage_sstore_k10,14,,5794,0,0,0.0733,7.9219,0.0026,0.1743,8.4858,0,4,0,0,0,0,0,0,0,0,0,0,4,0,0,0,0,0,0,0,0,0
pbt,bintrie,5,4,storage_sstore_k10,14,,5795,0,0,0.0278,20.5392,0.0019,0.1524,20.8706,0,4,0,0,0,0,0,0,0,0,0,0,4,0,0,0,0,0,0,0,0,0
pbt,bintrie,5,4,storage_sstore_k10,14,,5796,0,0,0.0391,8.1232,0.0027,0.1647,8.4793,0,4,0,0,0,0,0,0,0,0,0,0,4,0,0,0,0,0,0,0,0,0
pbt,bintrie,5,4,storage_sstore_k10,14,,5797,86938,2,0.1171,25.4107,2.697,5.2441,33.6441,2.5841,11,0,0,0,3,0,0,0,1,165,5,6,45.45,0,0,0,0,0,0,0,0
pbt,bintrie,5,4,storage_sstore_k10,14,,5798,5919370,1,6.3256,13.6633,8.2591,2.1955,38.867,152.298,17,283,11,445,12,0,254,0,0,0,8,9,47.06,144,139,50.88,11,0,100,445,0
pbt,bintrie,5,4,storage_sstore_k10,14,,5799,21000,1,0.0621,18.6955,3.7694,0.5252,23.247,0.9033,6,0,0,0,2,0,0,0,0,0,2,4,33.33,0,0,0,0,0,0,0,0
pbt,bintrie,5,4,storage_sstore_k10,15,,5800,0,0,0.0446,7.2954,0.0017,0.173,7.7609,0,4,0,0,0,0,0,0,0,0,0,0,4,0,0,0,0,0,0,0,0,0
pbt,bintrie,5,4,storage_sstore_k10,15,,5801,0,0,0.0336,6.0653,0.0025,0.1796,6.4338,0,4,0,0,0,0,0,0,0,0,0,0,4,0,0,0,0,0,0,0,0,0
pbt,bintrie,5,4,storage_sstore_k10,15,,5802,0,0,0.0379,9.1654,0.0028,0.2104,9.5672,0,4,0,0,0,0,0,0,0,0,0,0,4,0,0,0,0,0,0,0,0,0
pbt,bintrie,5,4,storage_sstore_k10,15,,5803,86938,2,0.1232,22.8589,3.3777,4.4498,30.985,2.8058,11,0,0,0,3,0,0,0,1,165,5,6,45.45,0,0,0,0,0,0,0,0
pbt,bintrie,5,4,storage_sstore_k10,15,,5804,5919370,1,4.4601,10.1225,12.8956,3.9684,31.6153,187.2311,17,283,11,445,12,0,254,0,0,0,8,9,47.06,147,136,51.94,11,0,100,445,0
pbt,bintrie,5,4,storage_sstore_k10,15,,5805,21000,1,0.0957,10.1418,4.0005,0.7252,15.1636,1.3849,6,0,0,0,2,0,0,0,0,0,2,4,33.33,0,0,0,0,0,0,0,0
pbt,bintrie,5,4,storage_sstore_k10,16,,5806,0,0,0.043,3.3449,0.0022,0.2259,3.794,0,4,0,0,0,0,0,0,0,0,0,0,4,0,0,0,0,0,0,0,0,0
pbt,bintrie,5,4,storage_sstore_k10,16,,5807,0,0,0.0294,16.0201,0.0017,0.1434,16.3728,0,4,0,0,0,0,0,0,0,0,0,0,4,0,0,0,0,0,0,0,0,0
pbt,bintrie,5,4,storage_sstore_k10,16,,5808,0,0,0.0647,10.4065,0.0027,0.1527,14.5062,0,4,0,0,0,0,0,0,0,0,0,0,4,0,0,0,0,0,0,0,0,0
pbt,bintrie,5,4,storage_sstore_k10,16,,5809,86938,2,0.1125,18.9998,3.6089,5.5476,35.1766,2.4715,11,0,0,0,3,0,0,0,1,165,6,5,54.55,0,0,0,0,0,0,0,0
pbt,bintrie,5,4,storage_sstore_k10,16,,5810,5919370,1,4.6942,9.3949,19.2798,2.5822,38.3208,154.4687,17,283,11,445,12,0,254,0,0,0,5,12,29.41,76,207,26.86,11,0,100,445,0
pbt,bintrie,5,4,storage_sstore_k10,16,,5811,21000,1,0.0662,21.3887,2.3791,0.4971,24.5096,0.8568,6,0,0,0,2,0,0,0,0,0,2,4,33.33,0,0,0,0,0,0,0,0
pbt,bintrie,5,4,storage_sstore_k10,17,,5812,0,0,0.0667,9.944,0.0017,0.2084,10.4739,0,4,0,0,0,0,0,0,0,0,0,0,4,0,0,0,0,0,0,0,0,0
pbt,bintrie,5,4,storage_sstore_k10,17,,5813,0,0,0.0295,4.3248,0.0023,0.5261,5.0747,0,4,0,0,0,0,0,0,0,0,0,0,4,0,0,0,0,0,0,0,0,0
pbt,bintrie,5,4,storage_sstore_k10,17,,5814,0,0,1.2029,3.3727,0.0025,0.2333,5.0126,0,4,0,0,0,0,0,0,0,0,0,0,4,0,0,0,0,0,0,0,0,0
pbt,bintrie,5,4,storage_sstore_k10,17,,5815,86938,2,0.1012,22.1475,6.7716,6.4168,35.7103,2.4345,11,0,0,0,3,0,0,0,1,165,6,5,54.55,0,0,0,0,0,0,0,0
pbt,bintrie,5,4,storage_sstore_k10,17,,5816,5919370,1,3.6358,12.8206,15.8234,2.1785,34.6721,170.7243,17,283,11,445,12,0,254,0,0,0,1,16,5.88,5,278,1.77,11,0,100,445,0
pbt,bintrie,5,4,storage_sstore_k10,17,,5817,21000,1,0.0761,20.2793,3.3593,0.5194,24.5269,0.8562,6,0,0,0,2,0,0,0,0,0,2,4,33.33,0,0,0,0,0,0,0,0
pbt,bintrie,5,4,storage_sstore_k10,18,,5818,0,0,0.0769,6.9618,0.0021,0.1833,7.4777,0,4,0,0,0,0,0,0,0,0,0,0,4,0,0,0,0,0,0,0,0,0
pbt,bintrie,5,4,storage_sstore_k10,18,,5819,0,0,0.0378,18.0481,0.0019,0.1569,18.4255,0,4,0,0,0,0,0,0,0,0,0,0,4,0,0,0,0,0,0,0,0,0
pbt,bintrie,5,4,storage_sstore_k10,18,,5820,0,0,0.029,14.9786,0.0023,0.1001,15.2645,0,4,0,0,0,0,0,0,0,0,0,0,4,0,0,0,0,0,0,0,0,0
pbt,bintrie,5,4,storage_sstore_k10,18,,5821,86938,2,0.1129,22.5843,3.7591,4.4243,36.7077,2.3684,11,0,0,0,3,0,0,0,1,165,6,5,54.55,0,0,0,0,0,0,0,0
pbt,bintrie,5,4,storage_sstore_k10,18,,5822,5919370,1,12.5771,14.0053,10.0337,4.943,41.8539,141.4292,17,283,11,445,12,0,254,0,0,0,7,10,41.18,113,170,39.93,11,0,100,445,0
pbt,bintrie,5,4,storage_sstore_k10,18,,5823,21000,1,0.0947,7.1971,8.8233,0.5198,16.8944,1.243,6,0,0,0,2,0,0,0,0,0,2,4,33.33,0,0,0,0,0,0,0,0
pbt,bintrie,5,4,storage_sstore_k10,19,,5824,0,0,0.073,4.4178,0.0027,0.2918,5.0467,0,4,0,0,0,0,0,0,0,0,0,0,4,0,0,0,0,0,0,0,0,0
pbt,bintrie,5,4,storage_sstore_k10,19,,5825,0,0,0.0325,17.7391,0.0023,0.1085,18.131,0,4,0,0,0,0,0,0,0,0,0,0,4,0,0,0,0,0,0,0,0,0
pbt,bintrie,5,4,storage_sstore_k10,19,,5826,0,0,0.0326,13.2344,0.0018,0.1281,13.5435,0,4,0,0,0,0,0,0,0,0,0,0,4,0,0,0,0,0,0,0,0,0
pbt,bintrie,5,4,storage_sstore_k10,19,,5827,86938,2,0.148,21.3643,2.6374,4.5193,28.9,3.0082,11,0,0,0,3,0,0,0,1,165,5,6,45.45,0,0,0,0,0,0,0,0
pbt,bintrie,5,4,storage_sstore_k10,19,,5828,5919370,1,4.3205,24.1873,10.0653,2.1381,47.5856,124.3941,17,283,11,445,12,0,254,0,0,0,4,13,23.53,75,208,26.5,11,0,100,445,0
pbt,bintrie,5,4,storage_sstore_k10,19,,5829,21000,1,0.0825,13.8132,9.3048,0.8849,24.3129,0.8637,6,0,0,0,2,0,0,0,0,0,2,4,33.33,0,0,0,0,0,0,0,0
pbt,bintrie,5,4,storage_sstore_k10,1,,5716,0,0,0.0591,4.6296,0.0021,0.2724,5.1647,0,4,0,0,0,0,0,0,0,0,0,0,4,0,0,0,0,0,0,0,0,0
pbt,bintrie,5,4,storage_sstore_k10,1,,5717,0,0,0.2278,4.692,0.0019,0.117,5.2015,0,4,0,0,0,0,0,0,0,0,0,0,4,0,0,0,0,0,0,0,0,0
pbt,bintrie,5,4,storage_sstore_k10,1,,5718,0,0,0.0342,8.3426,0.0016,0.1066,8.619,0,4,0,0,0,0,0,0,0,0,0,0,4,0,0,0,0,0,0,0,0,0
pbt,bintrie,5,4,storage_sstore_k10,1,,5719,86938,2,0.0891,14.2764,11.6273,5.1013,36.3507,2.3916,11,0,0,0,3,0,0,0,1,165,7,4,63.64,0,0,0,0,0,0,0,0
pbt,bintrie,5,4,storage_sstore_k10,1,,5720,5919370,1,4.4282,21.3466,14.3024,1.922,45.2014,130.9554,17,283,11,445,12,0,254,0,0,0,5,12,29.41,65,218,22.97,11,0,100,445,0
pbt,bintrie,5,4,storage_sstore_k10,1,,5721,21000,1,0.0693,14.231,5.3125,0.8245,21.1666,0.9921,6,0,0,0,2,0,0,0,0,0,0,6,0,0,0,0,0,0,0,0,0
pbt,bintrie,5,4,storage_sstore_k10,20,,5830,0,0,0.0518,4.5369,0.0024,0.1978,4.9946,0,4,0,0,0,0,0,0,0,0,0,0,4,0,0,0,0,0,0,0,0,0
pbt,bintrie,5,4,storage_sstore_k10,20,,5831,0,0,0.0384,21.8134,0.003,0.2135,22.2578,0,4,0,0,0,0,0,0,0,0,0,0,4,0,0,0,0,0,0,0,0,0
pbt,bintrie,5,4,storage_sstore_k10,20,,5832,0,0,0.0316,7.3759,0.0035,0.22,7.9083,0,4,0,0,0,0,0,0,0,0,0,0,4,0,0,0,0,0,0,0,0,0
pbt,bintrie,5,4,storage_sstore_k10,20,,5833,86938,2,0.1299,20.419,2.7059,4.2862,27.7186,3.1364,11,0,0,0,3,0,0,0,1,165,4,7,36.36,0,0,0,0,0,0,0,0
pbt,bintrie,5,4,storage_sstore_k10,20,,5834,5919370,1,3.9963,24.2823,9.4669,2.4344,41.6435,142.144,17,283,11,445,12,0,254,0,0,0,6,11,35.29,96,187,33.92,11,0,100,445,0
pbt,bintrie,5,4,storage_sstore_k10,20,,5835,21000,1,0.0624,5.8807,4.2631,0.4249,18.2093,1.1533,6,0,0,0,2,0,0,0,0,0,2,4,33.33,0,0,0,0,0,0,0,0
pbt,bintrie,5,4,storage_sstore_k10,2,,5722,0,0,0.3651,6.3261,0.0048,0.1401,7.112,0,4,0,0,0,0,0,0,0,0,0,0,4,0,0,0,0,0,0,0,0,0
pbt,bintrie,5,4,storage_sstore_k10,2,,5723,0,0,0.0303,20.823,0.0024,0.5752,21.6049,0,4,0,0,0,0,0,0,0,0,0,0,4,0,0,0,0,0,0,0,0,0
pbt,bintrie,5,4,storage_sstore_k10,2,,5724,0,0,0.0361,9.9263,0.002,0.1304,10.2871,0,4,0,0,0,0,0,0,0,0,0,0,4,0,0,0,0,0,0,0,0,0
pbt,bintrie,5,4,storage_sstore_k10,2,,5725,86938,2,0.1608,19.8197,7.0351,5.2315,32.4241,2.6813,11,0,0,0,3,0,0,0,1,165,4,7,36.36,0,0,0,0,0,0,0,0
pbt,bintrie,5,4,storage_sstore_k10,2,,5726,5919370,1,5.1193,10.4731,13.672,2.1155,31.872,185.7231,17,283,11,445,12,0,254,0,0,0,3,14,17.65,14,269,4.95,11,0,100,445,0
pbt,bintrie,5,4,storage_sstore_k10,2,,5727,21000,1,0.0743,11.5593,13.9979,0.562,26.4796,0.7931,6,0,0,0,2,0,0,0,0,0,2,4,33.33,0,0,0,0,0,0,0,0
pbt,bintrie,5,4,storage_sstore_k10,3,,5728,0,0,0.038,4.7429,0.0016,1.0501,6.0461,0,4,0,0,0,0,0,0,0,0,0,0,4,0,0,0,0,0,0,0,0,0
pbt,bintrie,5,4,storage_sstore_k10,3,,5729,0,0,0.0529,12.4478,0.0027,0.1752,13.0823,0,4,0,0,0,0,0,0,0,0,0,0,4,0,0,0,0,0,0,0,0,0
pbt,bintrie,5,4,storage_sstore_k10,3,,5730,0,0,0.0317,6.0518,0.0033,0.3527,6.825,0,4,0,0,0,0,0,0,0,0,0,0,4,0,0,0,0,0,0,0,0,0
pbt,bintrie,5,4,storage_sstore_k10,3,,5731,86938,2,0.1114,21.3823,11.2152,5.3423,38.3125,2.2692,11,0,0,0,3,0,0,0,1,165,5,6,45.45,0,0,0,0,0,0,0,0
pbt,bintrie,5,4,storage_sstore_k10,3,,5732,5919370,1,4.612,20.6169,6.8643,6.3832,45.5571,129.933,17,283,11,445,12,0,254,0,0,0,8,9,47.06,153,130,54.06,11,0,100,445,0
pbt,bintrie,5,4,storage_sstore_k10,3,,5733,21000,1,0.1989,14.5181,23.7505,0.5472,39.1961,0.5358,6,0,0,0,2,0,0,0,0,0,0,6,0,0,0,0,0,0,0,0,0
pbt,bintrie,5,4,storage_sstore_k10,4,,5734,0,0,0.4661,3.2467,0.0028,0.2736,4.4812,0,4,0,0,0,0,0,0,0,0,0,0,4,0,0,0,0,0,0,0,0,0
pbt,bintrie,5,4,storage_sstore_k10,4,,5735,0,0,0.0354,18.6324,0.0027,0.1134,19.0308,0,4,0,0,0,0,0,0,0,0,0,0,4,0,0,0,0,0,0,0,0,0
pbt,bintrie,5,4,storage_sstore_k10,4,,5736,0,0,0.0871,8.8011,0.0026,0.1985,9.375,0,4,0,0,0,0,0,0,0,0,0,0,4,0,0,0,0,0,0,0,0,0
pbt,bintrie,5,4,storage_sstore_k10,4,,5737,86938,2,0.1075,19.1803,3.5815,9.71,32.7455,2.655,11,0,0,0,3,0,0,0,1,165,5,6,45.45,0,0,0,0,0,0,0,0
pbt,bintrie,5,4,storage_sstore_k10,4,,5738,5919370,1,3.7235,10.1374,12.7329,3.8917,30.7022,192.7997,17,283,11,445,12,0,254,0,0,0,9,8,52.94,173,110,61.13,11,0,100,445,0
pbt,bintrie,5,4,storage_sstore_k10,4,,5739,21000,1,0.0763,17.7914,3.5544,0.7668,22.3723,0.9387,6,0,0,0,2,0,0,0,0,0,2,4,33.33,0,0,0,0,0,0,0,0
pbt,bintrie,5,4,storage_sstore_k10,5,,5740,0,0,0.5619,3.1718,0.0026,0.6566,4.5808,0,4,0,0,0,0,0,0,0,0,0,0,4,0,0,0,0,0,0,0,0,0
pbt,bintrie,5,4,storage_sstore_k10,5,,5741,0,0,0.0454,6.1579,0.0025,0.162,6.5322,0,4,0,0,0,0,0,0,0,0,0,0,4,0,0,0,0,0,0,0,0,0
pbt,bintrie,5,4,storage_sstore_k10,5,,5742,0,0,0.4986,6.9144,0.0045,0.1975,7.8489,0,4,0,0,0,0,0,0,0,0,0,0,4,0,0,0,0,0,0,0,0,0
pbt,bintrie,5,4,storage_sstore_k10,5,,5743,86938,2,0.0981,21.2748,9.2544,5.7903,36.6373,2.3729,11,0,0,0,3,0,0,0,1,165,6,5,54.55,0,0,0,0,0,0,0,0
pbt,bintrie,5,4,storage_sstore_k10,5,,5744,5919370,1,6.5763,11.7249,13.83,2.0462,38.7886,152.6058,17,283,11,445,12,0,254,0,0,0,5,12,29.41,118,165,41.7,11,0,100,445,0
pbt,bintrie,5,4,storage_sstore_k10,5,,5745,21000,1,0.0836,23.9393,3.1636,0.5493,27.9416,0.7516,6,0,0,0,2,0,0,0,0,0,2,4,33.33,0,0,0,0,0,0,0,0
pbt,bintrie,5,4,storage_sstore_k10,6,,5746,0,0,0.0399,7.3087,0.0031,0.1815,7.7824,0,4,0,0,0,0,0,0,0,0,0,0,4,0,0,0,0,0,0,0,0,0
pbt,bintrie,5,4,storage_sstore_k10,6,,5747,0,0,0.0393,17.4988,0.0027,0.1228,17.8797,0,4,0,0,0,0,0,0,0,0,0,0,4,0,0,0,0,0,0,0,0,0
pbt,bintrie,5,4,storage_sstore_k10,6,,5748,0,0,0.0529,10.9534,0.0031,0.2984,11.7728,0,4,0,0,0,0,0,0,0,0,0,0,4,0,0,0,0,0,0,0,0,0
pbt,bintrie,5,4,storage_sstore_k10,6,,5749,86938,2,0.1051,17.7784,2.9304,4.9515,26.0031,3.3434,11,0,0,0,3,0,0,0,1,165,7,4,63.64,0,0,0,0,0,0,0,0
pbt,bintrie,5,4,storage_sstore_k10,6,,5750,5919370,1,3.6426,22.6102,21.4894,2.1203,51.8619,114.1372,17,283,11,445,12,0,254,0,0,0,4,13,23.53,110,173,38.87,11,0,100,445,0
pbt,bintrie,5,4,storage_sstore_k10,6,,5751,21000,1,0.0935,29.512,3.094,0.5612,34.6051,0.6068,6,0,0,0,2,0,0,0,0,0,2,4,33.33,0,0,0,0,0,0,0,0
pbt,bintrie,5,4,storage_sstore_k10,7,,5752,0,0,0.0509,4.7157,0.0022,0.2973,5.3321,0,4,0,0,0,0,0,0,0,0,0,0,4,0,0,0,0,0,0,0,0,0
pbt,bintrie,5,4,storage_sstore_k10,7,,5753,0,0,0.0355,17.1186,0.0019,0.1168,17.5162,0,4,0,0,0,0,0,0,0,0,0,0,4,0,0,0,0,0,0,0,0,0
pbt,bintrie,5,4,storage_sstore_k10,7,,5754,0,0,0.0441,7.027,0.0022,0.2048,7.6655,0,4,0,0,0,0,0,0,0,0,0,0,4,0,0,0,0,0,0,0,0,0
pbt,bintrie,5,4,storage_sstore_k10,7,,5755,86938,2,0.1554,17.7794,2.5051,4.3806,25.1183,3.4611,11,0,0,0,3,0,0,0,1,165,5,6,45.45,0,0,0,0,0,0,0,0
pbt,bintrie,5,4,storage_sstore_k10,7,,5756,5919370,1,4.6283,17.7611,9.1606,3.6394,36.3066,163.0383,17,283,11,445,12,0,254,0,0,0,6,11,35.29,86,197,30.39,11,0,100,445,0
pbt,bintrie,5,4,storage_sstore_k10,7,,5757,21000,1,0.1116,12.4794,16.2185,0.8124,30.1908,0.6956,6,0,0,0,2,0,0,0,0,0,0,6,0,0,0,0,0,0,0,0,0
pbt,bintrie,5,4,storage_sstore_k10,8,,5758,0,0,0.0636,8.4404,0.002,0.1695,8.9205,0,4,0,0,0,0,0,0,0,0,0,0,4,0,0,0,0,0,0,0,0,0
pbt,bintrie,5,4,storage_sstore_k10,8,,5759,0,0,0.0304,19.9983,0.0018,0.1624,20.357,0,4,0,0,0,0,0,0,0,0,0,0,4,0,0,0,0,0,0,0,0,0
pbt,bintrie,5,4,storage_sstore_k10,8,,5760,0,0,2.2868,3.2284,0.0023,0.1373,5.7982,0,4,0,0,0,0,0,0,0,0,0,0,4,0,0,0,0,0,0,0,0,0
pbt,bintrie,5,4,storage_sstore_k10,8,,5761,86938,2,0.09,18.6307,3.1654,6.0383,28.1096,3.0928,11,0,0,0,3,0,0,0,1,165,6,5,54.55,0,0,0,0,0,0,0,0
pbt,bintrie,5,4,storage_sstore_k10,8,,5762,5919370,1,3.715,18.758,13.8526,2.4162,40.6209,145.7224,17,283,11,445,12,0,254,0,0,0,4,13,23.53,92,191,32.51,11,0,100,445,0
pbt,bintrie,5,4,storage_sstore_k10,8,,5763,21000,1,7.5152,14.461,3.0882,1.4625,27.1555,0.7733,6,0,0,0,2,0,0,0,0,0,2,4,33.33,0,0,0,0,0,0,0,0
pbt,bintrie,5,4,storage_sstore_k10,9,,5764,0,0,0.0487,8.8636,0.0022,0.2948,9.4344,0,4,0,0,0,0,0,0,0,0,0,0,4,0,0,0,0,0,0,0,0,0
pbt,bintrie,5,4,storage_sstore_k10,9,,5765,0,0,0.0431,6.8488,0.0031,0.2634,7.365,0,4,0,0,0,0,0,0,0,0,0,0,4,0,0,0,0,0,0,0,0,0
pbt,bintrie,5,4,storage_sstore_k10,9,,5766,0,0,0.0297,8.6684,0.0018,0.1364,8.9893,0,4,0,0,0,0,0,0,0,0,0,0,4,0,0,0,0,0,0,0,0,0
pbt,bintrie,5,4,storage_sstore_k10,9,,5767,86938,2,0.1301,14.147,5.7684,4.9725,42.8071,2.0309,11,0,0,0,3,0,0,0,1,165,6,5,54.55,0,0,0,0,0,0,0,0
pbt,bintrie,5,4,storage_sstore_k10,9,,5768,5919370,1,4.0959,12.3106,12.2771,4.0275,32.8804,180.0274,17,283,11,445,12,0,254,0,0,0,8,9,47.06,158,125,55.83,11,0,100,445,0
pbt,bintrie,5,4,storage_sstore_k10,9,,5769,21000,1,0.1284,15.9802,2.6555,1.2562,24.59,0.854,6,0,0,0,2,0,0,0,0,0,2,4,33.33,0,0,0,0,0,0,0,0
pbt,bintrie,5,4,storage_sstore_k100,10,,5892,0,0,0.0921,5.518,0.0023,0.261,6.0715,0,4,0,0,0,0,0,0,0,0,0,0,4,0,0,0,0,0,0,0,0,0
pbt,bintrie,5,4,storage_sstore_k100,10,,5893,0,0,0.0508,17.5684,0.002,0.1141,17.9259,0,4,0,0,0,0,0,0,0,0,0,0,4,0,0,0,0,0,0,0,0,0
pbt,bintrie,5,4,storage_sstore_k100,10,,5894,0,0,0.0457,11.3002,0.0026,0.1725,11.7175,0,4,0,0,0,0,0,0,0,0,0,0,4,0,0,0,0,0,0,0,0,0
pbt,bintrie,5,4,storage_sstore_k100,10,,5895,86938,2,0.2303,23.5925,9.4932,4.8475,38.4414,2.2616,11,0,0,0,3,0,0,0,1,165,4,7,36.36,0,0,0,0,0,0,0,0
pbt,bintrie,5,4,storage_sstore_k100,10,,5896,5910176,1,4.5697,24.3445,38.545,7.7988,78.3092,75.4723,100,241,94,2769,94,0,238,0,0,0,21,79,21,29,212,12.03,94,0,100,2769,0
pbt,bintrie,5,4,storage_sstore_k100,10,,5897,21000,1,0.093,14.4449,18.1375,0.579,33.4585,0.6276,6,0,0,0,2,0,0,0,0,0,2,4,33.33,0,0,0,0,0,0,0,0
pbt,bintrie,5,4,storage_sstore_k100,11,,5898,0,0,0.0454,3.1729,0.0023,0.207,3.6952,0,4,0,0,0,0,0,0,0,0,0,0,4,0,0,0,0,0,0,0,0,0
pbt,bintrie,5,4,storage_sstore_k100,11,,5899,0,0,0.0367,22.277,0.003,0.1216,22.6136,0,4,0,0,0,0,0,0,0,0,0,0,4,0,0,0,0,0,0,0,0,0
pbt,bintrie,5,4,storage_sstore_k100,11,,5900,0,0,0.0444,3.0175,0.002,0.1762,3.3925,0,4,0,0,0,0,0,0,0,0,0,0,4,0,0,0,0,0,0,0,0,0
pbt,bintrie,5,4,storage_sstore_k100,11,,5901,86938,2,0.2459,15.1819,5.8198,7.4815,32.6495,2.6628,11,0,0,0,3,0,0,0,1,165,4,7,36.36,0,0,0,0,0,0,0,0
pbt,bintrie,5,4,storage_sstore_k100,11,,5902,5910176,1,7.9106,13.6427,33.2407,7.8818,67.0751,88.1128,100,241,94,2769,94,0,238,0,0,0,56,44,56.0,144,97,59.75,94,0,100,2769,0
pbt,bintrie,5,4,storage_sstore_k100,11,,5903,21000,1,0.0823,16.1501,12.8528,0.5329,29.7747,0.7053,6,0,0,0,2,0,0,0,0,0,2,4,33.33,0,0,0,0,0,0,0,0
pbt,bintrie,5,4,storage_sstore_k100,11,,5904,0,0,0.0336,29.3141,0.0026,0.1596,29.6729,0,4,0,0,0,0,0,0,0,0,0,0,4,0,0,0,0,0,0,0,0,0
pbt,bintrie,5,4,storage_sstore_k100,12,,5905,0,0,0.0399,6.1311,0.0024,0.2906,6.6453,0,4,0,0,0,0,0,0,0,0,0,0,4,0,0,0,0,0,0,0,0,0
pbt,bintrie,5,4,storage_sstore_k100,12,,5906,0,0,0.028,9.6206,0.0018,0.1335,9.9531,0,4,0,0,0,0,0,0,0,0,0,0,4,0,0,0,0,0,0,0,0,0
pbt,bintrie,5,4,storage_sstore_k100,12,,5907,0,0,0.0445,9.9983,0.0031,0.1505,10.3722,0,4,0,0,0,0,0,0,0,0,0,0,4,0,0,0,0,0,0,0,0,0
pbt,bintrie,5,4,storage_sstore_k100,12,,5908,86938,2,3.4261,21.7532,4.0252,5.4208,40.8659,2.1274,11,0,0,0,3,0,0,0,1,165,5,6,45.45,0,0,0,0,0,0,0,0
pbt,bintrie,5,4,storage_sstore_k100,12,,5909,5910176,1,3.8843,16.4594,34.1173,7.4222,62.1713,95.0627,100,241,94,2769,94,0,238,0,0,0,21,79,21,35,206,14.52,94,0,100,2769,0
pbt,bintrie,5,4,storage_sstore_k100,12,,5910,21000,1,0.098,6.6776,7.3065,0.4652,14.7397,1.4247,6,0,0,0,2,0,0,0,0,0,2,4,33.33,0,0,0,0,0,0,0,0
pbt,bintrie,5,4,storage_sstore_k100,13,,5911,0,0,0.0396,7.3722,0.0031,0.4144,8.0726,0,4,0,0,0,0,0,0,0,0,0,0,4,0,0,0,0,0,0,0,0,0
pbt,bintrie,5,4,storage_sstore_k100,13,,5912,0,0,0.0371,6.4972,0.0023,0.1661,6.8992,0,4,0,0,0,0,0,0,0,0,0,0,4,0,0,0,0,0,0,0,0,0
pbt,bintrie,5,4,storage_sstore_k100,13,,5913,0,0,0.0406,22.1106,0.0137,0.1469,22.4759,0,4,0,0,0,0,0,0,0,0,0,0,4,0,0,0,0,0,0,0,0,0
pbt,bintrie,5,4,storage_sstore_k100,13,,5914,86938,2,0.2887,15.7149,6.4945,8.593,36.4338,2.3862,11,0,0,0,3,0,0,0,1,165,6,5,54.55,0,0,0,0,0,0,0,0
pbt,bintrie,5,4,storage_sstore_k100,13,,5915,5910176,1,3.5493,15.4243,38.7228,17.9402,76.1217,77.6412,100,241,94,2769,94,0,238,0,0,0,12,88,12,15,226,6.22,94,0,100,2769,0
pbt,bintrie,5,4,storage_sstore_k100,13,,5916,21000,1,0.0743,10.5331,4.9963,0.7018,16.4862,1.2738,6,0,0,0,2,0,0,0,0,0,2,4,33.33,0,0,0,0,0,0,0,0
pbt,bintrie,5,4,storage_sstore_k100,13,,5917,0,0,0.0441,13.6752,0.0019,0.1213,14.1052,0,4,0,0,0,0,0,0,0,0,0,0,4,0,0,0,0,0,0,0,0,0
pbt,bintrie,5,4,storage_sstore_k100,14,,5918,0,0,0.0555,3.5392,0.0024,0.2801,4.1291,0,4,0,0,0,0,0,0,0,0,0,0,4,0,0,0,0,0,0,0,0,0
pbt,bintrie,5,4,storage_sstore_k100,14,,5919,0,0,0.0331,21.6224,0.0018,0.1021,21.926,0,4,0,0,0,0,0,0,0,0,0,0,4,0,0,0,0,0,0,0,0,0
pbt,bintrie,5,4,storage_sstore_k100,14,,5920,0,0,0.0303,2.9154,0.0019,0.1854,3.2804,0,4,0,0,0,0,0,0,0,0,0,0,4,0,0,0,0,0,0,0,0,0
pbt,bintrie,5,4,storage_sstore_k100,14,,5921,86938,2,0.1744,21.6497,10.3502,4.7281,41.1996,2.1102,11,0,0,0,3,0,0,0,1,165,6,5,54.55,0,0,0,0,0,0,0,0
pbt,bintrie,5,4,storage_sstore_k100,14,,5922,5910176,1,4.2475,22.1866,34.7438,8.167,70.2908,84.0818,100,241,94,2769,94,0,238,0,0,0,66,34,66,129,112,53.53,94,0,100,2769,0
pbt,bintrie,5,4,storage_sstore_k100,14,,5923,21000,1,0.0658,17.1996,3.0054,0.508,21.013,0.9994,6,0,0,0,2,0,0,0,0,0,2,4,33.33,0,0,0,0,0,0,0,0
pbt,bintrie,5,4,storage_sstore_k100,14,,5924,0,0,0.0385,5.0135,0.0032,0.1893,9.5435,0,4,0,0,0,0,0,0,0,0,0,0,4,0,0,0,0,0,0,0,0,0
pbt,bintrie,5,4,storage_sstore_k100,15,,5925,0,0,0.0451,4.2172,0.0026,0.2314,4.7914,0,4,0,0,0,0,0,0,0,0,0,0,4,0,0,0,0,0,0,0,0,0
pbt,bintrie,5,4,storage_sstore_k100,15,,5926,0,0,0.0361,3.0932,0.0032,0.1474,3.4854,0,4,0,0,0,0,0,0,0,0,0,0,4,0,0,0,0,0,0,0,0,0
pbt,bintrie,5,4,storage_sstore_k100,15,,5927,0,0,0.0366,8.9088,0.0019,0.174,9.2599,0,4,0,0,0,0,0,0,0,0,0,0,4,0,0,0,0,0,0,0,0,0
pbt,bintrie,5,4,storage_sstore_k100,15,,5928,86938,2,0.1728,17.5387,2.9945,5.7202,27.2829,3.1865,11,0,0,0,3,0,0,0,1,165,5,6,45.45,0,0,0,0,0,0,0,0
pbt,bintrie,5,4,storage_sstore_k100,15,,5929,5910176,1,4.3578,17.1395,42.2284,10.3443,75.1771,78.6167,100,241,94,2769,94,0,238,0,0,0,41,59,41,71,170,29.46,94,0,100,2769,0
pbt,bintrie,5,4,storage_sstore_k100,15,,5930,21000,1,0.2962,3.5808,18.1342,0.6664,25.6128,0.8199,6,0,0,0,2,0,0,0,0,0,2,4,33.33,0,0,0,0,0,0,0,0
pbt,bintrie,5,4,storage_sstore_k100,15,,5931,0,0,0.082,14.4329,0.002,0.1332,15.1897,0,4,0,0,0,0,0,0,0,0,0,0,4,0,0,0,0,0,0,0,0,0
pbt,bintrie,5,4,storage_sstore_k100,16,,5932,0,0,0.0716,6.8135,0.0028,0.514,7.8028,0,4,0,0,0,0,0,0,0,0,0,0,4,0,0,0,0,0,0,0,0,0
pbt,bintrie,5,4,storage_sstore_k100,16,,5933,0,0,0.0305,26.3029,0.0033,0.1555,26.6793,0,4,0,0,0,0,0,0,0,0,0,0,4,0,0,0,0,0,0,0,0,0
pbt,bintrie,5,4,storage_sstore_k100,16,,5934,0,0,0.0381,6.6283,0.0018,0.2048,7.0253,0,4,0,0,0,0,0,0,0,0,0,0,4,0,0,0,0,0,0,0,0,0
pbt,bintrie,5,4,storage_sstore_k100,16,,5935,86938,2,0.1611,20.7251,13.1633,5.0127,39.2478,2.2151,11,0,0,0,3,0,0,0,1,165,5,6,45.45,0,0,0,0,0,0,0,0
pbt,bintrie,5,4,storage_sstore_k100,16,,5936,5910176,1,9.3074,14.0803,31.7836,7.241,63.7098,92.7671,100,241,94,2769,94,0,238,0,0,0,73,27,73,178,63,73.86,94,0,100,2769,0
pbt,bintrie,5,4,storage_sstore_k100,16,,5937,21000,1,0.079,8.6184,18.9542,2.5671,30.4067,0.6906,6,0,0,0,2,0,0,0,0,0,2,4,33.33,0,0,0,0,0,0,0,0
pbt,bintrie,5,4,storage_sstore_k100,16,,5938,0,0,0.0411,2.92,0.0022,0.1501,3.2908,0,4,0,0,0,0,0,0,0,0,0,0,4,0,0,0,0,0,0,0,0,0
pbt,bintrie,5,4,storage_sstore_k100,17,,5939,0,0,0.0466,5.5412,0.0023,0.2573,9.1695,0,4,0,0,0,0,0,0,0,0,0,0,4,0,0,0,0,0,0,0,0,0
pbt,bintrie,5,4,storage_sstore_k100,17,,5940,0,0,0.0357,18.4554,0.0029,0.1476,18.8572,0,4,0,0,0,0,0,0,0,0,0,0,4,0,0,0,0,0,0,0,0,0
pbt,bintrie,5,4,storage_sstore_k100,17,,5941,0,0,0.0348,3.3718,0.0027,0.2366,3.7875,0,4,0,0,0,0,0,0,0,0,0,0,4,0,0,0,0,0,0,0,0,0
pbt,bintrie,5,4,storage_sstore_k100,17,,5942,86938,2,0.199,23.0593,3.2655,5.3308,32.0724,2.7107,11,0,0,0,3,0,0,0,1,165,5,6,45.45,0,0,0,0,0,0,0,0
pbt,bintrie,5,4,storage_sstore_k100,17,,5943,5910176,1,5.1594,19.6637,43.3872,8.5054,78.7908,75.011,100,241,94,2769,94,0,238,0,0,0,78,22,78,167,74,69.29,94,0,100,2769,0
pbt,bintrie,5,4,storage_sstore_k100,17,,5944,21000,1,0.0755,13.3193,1.9153,0.5232,21.7959,0.9635,6,0,0,0,2,0,0,0,0,0,2,4,33.33,0,0,0,0,0,0,0,0
pbt,bintrie,5,4,storage_sstore_k100,17,,5945,0,0,0.3995,1.5147,0.0016,0.1392,2.2557,0,4,0,0,0,0,0,0,0,0,0,0,4,0,0,0,0,0,0,0,0,0
pbt,bintrie,5,4,storage_sstore_k100,18,,5946,0,0,0.0578,5.3382,0.0037,0.2975,7.8472,0,4,0,0,0,0,0,0,0,0,0,0,4,0,0,0,0,0,0,0,0,0
pbt,bintrie,5,4,storage_sstore_k100,18,,5947,0,0,0.0432,25.5447,0.0019,0.135,25.8787,0,4,0,0,0,0,0,0,0,0,0,0,4,0,0,0,0,0,0,0,0,0
pbt,bintrie,5,4,storage_sstore_k100,18,,5948,0,0,0.0408,8.6413,0.003,0.2256,9.1388,0,4,0,0,0,0,0,0,0,0,0,0,4,0,0,0,0,0,0,0,0,0
pbt,bintrie,5,4,storage_sstore_k100,18,,5949,86938,2,0.1019,17.3998,2.6557,4.9784,25.2945,3.437,11,0,0,0,3,0,0,0,1,165,5,6,45.45,0,0,0,0,0,0,0,0
pbt,bintrie,5,4,storage_sstore_k100,18,,5950,5910176,1,5.8549,16.9743,35.9542,7.3697,67.6098,87.416,100,241,94,2769,94,0,238,0,0,0,43,57,43,115,126,47.72,94,0,100,2769,0
pbt,bintrie,5,4,storage_sstore_k100,18,,5951,21000,1,0.0645,24.4777,2.628,0.5744,27.9789,0.7506,6,0,0,0,2,0,0,0,0,0,2,4,33.33,0,0,0,0,0,0,0,0
pbt,bintrie,5,4,storage_sstore_k100,19,,5952,0,0,0.0526,6.0011,0.0022,1.505,7.7722,0,4,0,0,0,0,0,0,0,0,0,0,4,0,0,0,0,0,0,0,0,0
pbt,bintrie,5,4,storage_sstore_k100,19,,5953,0,0,0.0325,15.9732,0.002,0.1398,16.3169,0,4,0,0,0,0,0,0,0,0,0,0,4,0,0,0,0,0,0,0,0,0
pbt,bintrie,5,4,storage_sstore_k100,19,,5954,0,0,0.0687,9.5936,0.0023,0.1685,10.1214,0,4,0,0,0,0,0,0,0,0,0,0,4,0,0,0,0,0,0,0,0,0
pbt,bintrie,5,4,storage_sstore_k100,19,,5955,86938,2,0.1624,22.9987,5.2338,5.0001,33.595,2.5878,11,0,0,0,3,0,0,0,1,165,5,6,45.45,0,0,0,0,0,0,0,0
pbt,bintrie,5,4,storage_sstore_k100,19,,5956,5910176,1,3.7139,31.9993,33.0213,8.0508,78.2794,75.5011,100,241,94,2769,94,0,238,0,0,0,31,69,31,72,169,29.88,94,0,100,2769,0
pbt,bintrie,5,4,storage_sstore_k100,19,,5957,21000,1,0.0651,8.1467,15.6369,1.0511,32.9966,0.6364,6,0,0,0,2,0,0,0,0,0,2,4,33.33,0,0,0,0,0,0,0,0
pbt,bintrie,5,4,storage_sstore_k100,19,,5958,0,0,0.0423,8.4802,0.0031,0.1782,8.8935,0,4,0,0,0,0,0,0,0,0,0,0,4,0,0,0,0,0,0,0,0,0
pbt,bintrie,5,4,storage_sstore_k100,1,,5836,0,0,0.0442,7.9109,0.0017,0.2105,8.4331,0,4,0,0,0,0,0,0,0,0,0,0,4,0,0,0,0,0,0,0,0,0
pbt,bintrie,5,4,storage_sstore_k100,1,,5837,0,0,0.0261,15.3729,0.0019,0.1461,15.7043,0,4,0,0,0,0,0,0,0,0,0,0,4,0,0,0,0,0,0,0,0,0
pbt,bintrie,5,4,storage_sstore_k100,1,,5838,0,0,0.0306,10.0987,0.0018,0.1907,10.5037,0,4,0,0,0,0,0,0,0,0,0,0,4,0,0,0,0,0,0,0,0,0
pbt,bintrie,5,4,storage_sstore_k100,1,,5839,86938,2,0.1527,24.5231,4.2529,5.0549,41.7055,2.0846,11,0,0,0,3,0,0,0,1,165,6,5,54.55,0,0,0,0,0,0,0,0
pbt,bintrie,5,4,storage_sstore_k100,1,,5840,5910176,1,4.6322,28.2572,64.4072,8.0181,109.138,54.1532,100,241,94,2769,94,0,238,0,0,0,43,57,43,78,163,32.37,94,0,100,2769,0
pbt,bintrie,5,4,storage_sstore_k100,1,,5841,21000,1,0.0721,6.2256,4.0341,0.4704,20.1294,1.0433,6,0,0,0,2,0,0,0,0,0,2,4,33.33,0,0,0,0,0,0,0,0
pbt,bintrie,5,4,storage_sstore_k100,1,,5842,0,0,0.0397,8.9546,0.0032,0.1425,9.3507,0,4,0,0,0,0,0,0,0,0,0,0,4,0,0,0,0,0,0,0,0,0
pbt,bintrie,5,4,storage_sstore_k100,20,,5959,0,0,0.0333,3.5011,0.0023,0.1915,6.321,0,4,0,0,0,0,0,0,0,0,0,0,4,0,0,0,0,0,0,0,0,0
pbt,bintrie,5,4,storage_sstore_k100,20,,5960,0,0,0.0429,17.154,0.0028,0.1051,17.5381,0,4,0,0,0,0,0,0,0,0,0,0,4,0,0,0,0,0,0,0,0,0
pbt,bintrie,5,4,storage_sstore_k100,20,,5961,0,0,0.0433,15.1451,0.0014,0.103,15.4788,0,4,0,0,0,0,0,0,0,0,0,0,4,0,0,0,0,0,0,0,0,0
pbt,bintrie,5,4,storage_sstore_k100,20,,5962,86938,2,0.1604,24.5245,6.0375,4.541,38.9423,2.2325,11,0,0,0,3,0,0,0,1,165,6,5,54.55,0,0,0,0,0,0,0,0
pbt,bintrie,5,4,storage_sstore_k100,20,,5963,5910176,1,4.3596,15.513,32.1876,7.8823,61.764,95.6897,100,241,94,2769,94,0,238,0,0,0,39,61,39,106,135,43.98,94,0,100,2769,0
pbt,bintrie,5,4,storage_sstore_k100,20,,5964,21000,1,0.0733,10.8926,6.0934,0.5354,17.847,1.1767,6,0,0,0,2,0,0,0,0,0,2,4,33.33,0,0,0,0,0,0,0,0
pbt,bintrie,5,4,storage_sstore_k100,20,,5965,0,0,0.0299,13.5981,0.0027,0.1686,14.0039,0,4,0,0,0,0,0,0,0,0,0,0,4,0,0,0,0,0,0,0,0,0
pbt,bintrie,5,4,storage_sstore_k100,2,,5843,0,0,0.0407,4.1199,0.0033,0.2842,10.5584,0,4,0,0,0,0,0,0,0,0,0,0,4,0,0,0,0,0,0,0,0,0
pbt,bintrie,5,4,storage_sstore_k100,2,,5844,0,0,0.0335,18.333,0.0019,0.224,18.7457,0,4,0,0,0,0,0,0,0,0,0,0,4,0,0,0,0,0,0,0,0,0
pbt,bintrie,5,4,storage_sstore_k100,2,,5845,0,0,0.0296,12.5901,0.0024,0.1848,12.9758,0,4,0,0,0,0,0,0,0,0,0,0,4,0,0,0,0,0,0,0,0,0
pbt,bintrie,5,4,storage_sstore_k100,2,,5846,86938,2,0.0958,19.554,3.5203,8.8451,32.1846,2.7012,11,0,0,0,3,0,0,0,1,165,6,5,54.55,0,0,0,0,0,0,0,0
pbt,bintrie,5,4,storage_sstore_k100,2,,5847,5910176,1,5.6413,31.0585,26.7613,8.4747,80.9258,73.032,100,241,94,2769,94,0,238,0,0,0,59,41,59,133,108,55.19,94,0,100,2769,0
pbt,bintrie,5,4,storage_sstore_k100,2,,5848,21000,1,0.0755,23.19,2.3807,0.7424,26.5836,0.79,6,0,0,0,2,0,0,0,0,0,2,4,33.33,0,0,0,0,0,0,0,0
pbt,bintrie,5,4,storage_sstore_k100,3,,5849,0,0,0.0465,8.3901,0.0026,0.1797,8.9771,0,4,0,0,0,0,0,0,0,0,0,0,4,0,0,0,0,0,0,0,0,0
pbt,bintrie,5,4,storage_sstore_k100,3,,5850,0,0,0.0371,24.8366,0.0019,0.1756,25.2587,0,4,0,0,0,0,0,0,0,0,0,0,4,0,0,0,0,0,0,0,0,0
pbt,bintrie,5,4,storage_sstore_k100,3,,5851,0,0,0.0397,4.9867,0.0027,2.3031,7.466,0,4,0,0,0,0,0,0,0,0,0,0,4,0,0,0,0,0,0,0,0,0
pbt,bintrie,5,4,storage_sstore_k100,3,,5852,86938,2,1.2338,18.7149,16.1628,4.8841,41.2,2.1101,11,0,0,0,3,0,0,0,1,165,4,7,36.36,0,0,0,0,0,0,0,0
pbt,bintrie,5,4,storage_sstore_k100,3,,5853,5910176,1,4.4674,17.755,31.7335,7.515,65.0194,90.8987,100,241,94,2769,94,0,238,0,0,0,86,14,86,211,30,87.55,94,0,100,2769,0
pbt,bintrie,5,4,storage_sstore_k100,3,,5854,21000,1,9.2315,3.4256,4.5451,0.5117,20.1345,1.043,6,0,0,0,2,0,0,0,0,0,2,4,33.33,0,0,0,0,0,0,0,0
pbt,bintrie,5,4,storage_sstore_k100,4,,5855,0,0,0.0511,7.6757,0.0027,0.488,8.431,0,4,0,0,0,0,0,0,0,0,0,0,4,0,0,0,0,0,0,0,0,0
pbt,bintrie,5,4,storage_sstore_k100,4,,5856,0,0,0.0371,18.9381,0.0028,0.2138,19.388,0,4,0,0,0,0,0,0,0,0,0,0,4,0,0,0,0,0,0,0,0,0
pbt,bintrie,5,4,storage_sstore_k100,4,,5857,0,0,0.0316,9.9915,0.0023,0.1503,10.3422,0,4,0,0,0,0,0,0,0,0,0,0,4,0,0,0,0,0,0,0,0,0
pbt,bintrie,5,4,storage_sstore_k100,4,,5858,86938,2,0.2391,18.77,14.2069,5.1392,38.5532,2.255,11,0,0,0,3,0,0,0,1,165,4,7,36.36,0,0,0,0,0,0,0,0
pbt,bintrie,5,4,storage_sstore_k100,4,,5859,5910176,1,4.2216,13.9859,27.8804,9.3358,59.294,99.6757,100,241,94,2769,94,0,238,0,0,0,27,73,27,46,195,19.09,94,0,100,2769,0
pbt,bintrie,5,4,storage_sstore_k100,4,,5860,21000,1,0.1413,23.5242,1.806,4.8861,30.5391,0.6876,6,0,0,0,2,0,0,0,0,0,0,6,0,0,0,0,0,0,0,0,0
pbt,bintrie,5,4,storage_sstore_k100,5,,5861,0,0,0.0433,7.7458,0.0019,0.1277,8.1265,0,4,0,0,0,0,0,0,0,0,0,0,4,0,0,0,0,0,0,0,0,0
pbt,bintrie,5,4,storage_sstore_k100,5,,5862,0,0,0.0255,2.893,0.0016,0.1769,3.286,0,4,0,0,0,0,0,0,0,0,0,0,4,0,0,0,0,0,0,0,0,0
pbt,bintrie,5,4,storage_sstore_k100,5,,5863,0,0,0.0348,14.3165,0.0032,0.1846,14.7339,0,4,0,0,0,0,0,0,0,0,0,0,4,0,0,0,0,0,0,0,0,0
pbt,bintrie,5,4,storage_sstore_k100,5,,5864,86938,2,0.1287,21.2809,2.8745,10.9935,35.5366,2.4464,11,0,0,0,3,0,0,0,1,165,5,6,45.45,0,0,0,0,0,0,0,0
pbt,bintrie,5,4,storage_sstore_k100,5,,5865,5910176,1,4.3887,18.7454,29.0325,7.6397,60.1434,98.268,100,241,94,2769,94,0,238,0,0,0,72,28,72,154,87,63.9,94,0,100,2769,0
pbt,bintrie,5,4,storage_sstore_k100,5,,5866,21000,1,0.0675,7.1665,10.8004,0.6245,18.8621,1.1133,6,0,0,0,2,0,0,0,0,0,2,4,33.33,0,0,0,0,0,0,0,0
pbt,bintrie,5,4,storage_sstore_k100,6,,5867,0,0,0.0715,3.4959,0.0034,0.3377,4.5186,0,4,0,0,0,0,0,0,0,0,0,0,4,0,0,0,0,0,0,0,0,0
pbt,bintrie,5,4,storage_sstore_k100,6,,5868,0,0,0.0304,16.0833,0.0018,0.1574,16.4712,0,4,0,0,0,0,0,0,0,0,0,0,4,0,0,0,0,0,0,0,0,0
pbt,bintrie,5,4,storage_sstore_k100,6,,5869,0,0,0.0363,25.9561,0.0023,0.1176,26.2988,0,4,0,0,0,0,0,0,0,0,0,0,4,0,0,0,0,0,0,0,0,0
pbt,bintrie,5,4,storage_sstore_k100,6,,5870,86938,2,0.3761,19.4661,13.5514,4.7685,38.3691,2.2658,11,0,0,0,3,0,0,0,1,165,4,7,36.36,0,0,0,0,0,0,0,0
pbt,bintrie,5,4,storage_sstore_k100,6,,5871,5910176,1,5.0245,17.43,29.0518,8.0692,65.0223,90.8947,100,241,94,2769,94,0,238,0,0,0,45,55,45,75,166,31.12,94,0,100,2769,0
pbt,bintrie,5,4,storage_sstore_k100,6,,5872,21000,1,0.2354,9.2881,9.0775,0.6588,19.4714,1.0785,6,0,0,0,2,0,0,0,0,0,2,4,33.33,0,0,0,0,0,0,0,0
pbt,bintrie,5,4,storage_sstore_k100,7,,5873,0,0,0.0496,4.1373,0.0022,0.233,4.6243,0,4,0,0,0,0,0,0,0,0,0,0,4,0,0,0,0,0,0,0,0,0
pbt,bintrie,5,4,storage_sstore_k100,7,,5874,0,0,0.0427,6.7794,0.0034,0.3207,7.4968,0,4,0,0,0,0,0,0,0,0,0,0,4,0,0,0,0,0,0,0,0,0
pbt,bintrie,5,4,storage_sstore_k100,7,,5875,0,0,0.034,3.0928,0.0014,1.5879,4.8578,0,4,0,0,0,0,0,0,0,0,0,0,4,0,0,0,0,0,0,0,0,0
pbt,bintrie,5,4,storage_sstore_k100,7,,5876,86938,2,0.282,23.7936,0.5138,4.9995,29.7793,2.9194,11,0,0,0,3,0,0,0,1,165,4,7,36.36,0,0,0,0,0,0,0,0
pbt,bintrie,5,4,storage_sstore_k100,7,,5877,5910176,1,3.8655,40.8768,25.3534,17.5343,87.9736,67.1812,100,241,94,2769,94,0,238,0,0,0,35,65,35,50,191,20.75,94,0,100,2769,0
pbt,bintrie,5,4,storage_sstore_k100,7,,5878,21000,1,0.0695,7.2548,19.734,0.521,27.7668,0.7563,6,0,0,0,2,0,0,0,0,0,2,4,33.33,0,0,0,0,0,0,0,0
pbt,bintrie,5,4,storage_sstore_k100,7,,5879,0,0,0.0474,28.0949,0.0033,0.1642,28.4896,0,4,0,0,0,0,0,0,0,0,0,0,4,0,0,0,0,0,0,0,0,0
pbt,bintrie,5,4,storage_sstore_k100,8,,5880,0,0,0.066,6.6114,0.0029,0.251,7.1856,0,4,0,0,0,0,0,0,0,0,0,0,4,0,0,0,0,0,0,0,0,0
pbt,bintrie,5,4,storage_sstore_k100,8,,5881,0,0,0.0306,21.0472,0.002,0.108,21.3745,0,4,0,0,0,0,0,0,0,0,0,0,4,0,0,0,0,0,0,0,0,0
pbt,bintrie,5,4,storage_sstore_k100,8,,5882,0,0,0.0399,10.6751,0.0028,0.1418,12.0392,0,4,0,0,0,0,0,0,0,0,0,0,4,0,0,0,0,0,0,0,0,0
pbt,bintrie,5,4,storage_sstore_k100,8,,5883,86938,2,0.1565,16.63,11.4506,7.0824,36.8471,2.3594,11,0,0,0,3,0,0,0,1,165,5,6,45.45,0,0,0,0,0,0,0,0
pbt,bintrie,5,4,storage_sstore_k100,8,,5884,5910176,1,4.4711,27.4679,40.7252,8.4447,81.5063,72.5119,100,241,94,2769,94,0,238,0,0,0,51,49,51,72,169,29.88,94,0,100,2769,0
pbt,bintrie,5,4,storage_sstore_k100,8,,5885,21000,1,0.3643,10.6815,5.713,0.6836,17.6294,1.1912,6,0,0,0,2,0,0,0,0,0,2,4,33.33,0,0,0,0,0,0,0,0
pbt,bintrie,5,4,storage_sstore_k100,9,,5886,0,0,0.0387,11.4012,0.002,0.1505,11.8396,0,4,0,0,0,0,0,0,0,0,0,0,4,0,0,0,0,0,0,0,0,0
pbt,bintrie,5,4,storage_sstore_k100,9,,5887,0,0,0.0593,8.3134,0.0022,0.1318,8.6861,0,4,0,0,0,0,0,0,0,0,0,0,4,0,0,0,0,0,0,0,0,0
pbt,bintrie,5,4,storage_sstore_k100,9,,5888,0,0,0.0377,3.3708,0.0031,0.1582,6.3155,0,4,0,0,0,0,0,0,0,0,0,0,4,0,0,0,0,0,0,0,0,0
pbt,bintrie,5,4,storage_sstore_k100,9,,5889,86938,2,0.1514,21.8016,2.6116,4.8742,30.0239,2.8956,11,0,0,0,3,0,0,0,1,165,4,7,36.36,0,0,0,0,0,0,0,0
pbt,bintrie,5,4,storage_sstore_k100,9,,5890,5910176,1,5.2176,22.3465,32.0515,8.3256,73.1382,80.8084,100,241,94,2769,94,0,238,0,0,0,57,43,57.0,121,120,50.21,94,0,100,2769,0
pbt,bintrie,5,4,storage_sstore_k100,9,,5891,21000,1,0.0849,25.3732,2.4179,0.5662,28.6043,0.7342,6,0,0,0,2,0,0,0,0,0,2,4,33.33,0,0,0,0,0,0,0,0
pbt,bintrie,5,4,storage_sstore_k256,10,,6027,0,0,0.0421,21.8183,0.0023,0.1498,22.2094,0,4,0,0,0,0,0,0,0,0,0,0,4,0,0,0,0,0,0,0,0,0
pbt,bintrie,5,4,storage_sstore_k256,10,,6028,0,0,0.0314,14.3129,0.002,0.1157,14.6217,0,4,0,0,0,0,0,0,0,0,0,0,4,0,0,0,0,0,0,0,0,0
pbt,bintrie,5,4,storage_sstore_k256,10,,6029,0,0,0.0456,22.8094,0.0022,0.1535,23.2337,0,4,0,0,0,0,0,0,0,0,0,0,4,0,0,0,0,0,0,0,0,0
pbt,bintrie,5,4,storage_sstore_k256,10,,6030,86926,2,0.092,20.9148,2.627,4.8671,28.7038,3.0284,11,0,0,0,3,0,0,0,1,165,6,5,54.55,0,0,0,0,0,0,0,0
pbt,bintrie,5,4,storage_sstore_k256,10,,6031,5903542,1,6.0248,22.9206,72.6813,14.8628,118.185,49.9517,219,212,213,6101,213,0,211,0,0,0,157,62,71.69,145,67,68.4,213,0,100,6101,0
pbt,bintrie,5,4,storage_sstore_k256,10,,6032,21000,1,0.0865,4.3824,13.0638,0.7856,22.2267,0.9448,6,0,0,0,2,0,0,0,0,0,2,4,33.33,0,0,0,0,0,0,0,0
pbt,bintrie,5,4,storage_sstore_k256,10,,6033,0,0,0.0374,4.8554,0.0025,0.2926,5.5916,0,4,0,0,0,0,0,0,0,0,0,0,4,0,0,0,0,0,0,0,0,0
pbt,bintrie,5,4,storage_sstore_k256,11,,6034,0,0,0.0487,17.176,0.0033,0.248,17.8166,0,4,0,0,0,0,0,0,0,0,0,0,4,0,0,0,0,0,0,0,0,0
pbt,bintrie,5,4,storage_sstore_k256,11,,6035,0,0,0.0338,3.7336,0.006,0.16,4.66,0,4,0,0,0,0,0,0,0,0,0,0,4,0,0,0,0,0,0,0,0,0
pbt,bintrie,5,4,storage_sstore_k256,11,,6036,0,0,0.0554,3.8617,0.0015,0.1189,4.2193,0,4,0,0,0,0,0,0,0,0,0,0,4,0,0,0,0,0,0,0,0,0
pbt,bintrie,5,4,storage_sstore_k256,11,,6037,86926,2,0.1374,5.5644,18.5965,7.4364,31.9005,2.7249,11,0,0,0,3,0,0,0,1,165,6,5,54.55,0,0,0,0,0,0,0,0
pbt,bintrie,5,4,storage_sstore_k256,11,,6038,5903542,1,5.7144,21.6675,58.8565,18.5345,105.0888,56.1767,219,212,213,6101,213,0,211,0,0,0,74,145,33.79,53,159,25,213,0,100,6101,0
pbt,bintrie,5,4,storage_sstore_k256,11,,6039,21000,1,0.1573,13.8913,3.2053,0.517,20.8784,1.0058,6,0,0,0,2,0,0,0,0,0,2,4,33.33,0,0,0,0,0,0,0,0
pbt,bintrie,5,4,storage_sstore_k256,12,,6041,0,0,0.0551,18.4457,0.002,0.1544,18.9295,0,4,0,0,0,0,0,0,0,0,0,0,4,0,0,0,0,0,0,0,0,0
pbt,bintrie,5,4,storage_sstore_k256,12,,6042,0,0,0.044,3.0305,0.0023,0.1468,3.4724,0,4,0,0,0,0,0,0,0,0,0,0,4,0,0,0,0,0,0,0,0,0
pbt,bintrie,5,4,storage_sstore_k256,12,,6043,0,0,0.2666,24.3646,0.0036,1.327,27.7054,0,4,0,0,0,0,0,0,0,0,0,0,4,0,0,0,0,0,0,0,0,0
pbt,bintrie,5,4,storage_sstore_k256,12,,6044,86926,2,0.1316,14.6025,3.8936,6.2371,25.0583,3.4689,11,0,0,0,3,0,0,0,1,165,5,6,45.45,0,0,0,0,0,0,0,0
pbt,bintrie,5,4,storage_sstore_k256,12,,6045,5903542,1,5.7224,23.6666,61.6519,16.4625,107.7813,54.7733,219,212,213,6101,213,0,211,0,0,0,53,166,24.2,47,165,22.17,213,0,100,6101,0
pbt,bintrie,5,4,storage_sstore_k256,12,,6046,21000,1,0.073,14.5362,3.0697,0.8677,18.7533,1.1198,6,0,0,0,2,0,0,0,0,0,2,4,33.33,0,0,0,0,0,0,0,0
pbt,bintrie,5,4,storage_sstore_k256,12,,6047,0,0,0.0626,4.6544,0.0023,0.2624,5.6405,0,4,0,0,0,0,0,0,0,0,0,0,4,0,0,0,0,0,0,0,0,0
pbt,bintrie,5,4,storage_sstore_k256,13,,6048,0,0,0.0404,17.3526,0.0021,0.1745,17.772,0,4,0,0,0,0,0,0,0,0,0,0,4,0,0,0,0,0,0,0,0,0
pbt,bintrie,5,4,storage_sstore_k256,13,,6049,0,0,0.0437,10.8057,0.0019,0.2025,11.2444,0,4,0,0,0,0,0,0,0,0,0,0,4,0,0,0,0,0,0,0,0,0
pbt,bintrie,5,4,storage_sstore_k256,13,,6050,0,0,0.0529,15.0873,0.0019,0.1438,15.5658,0,4,0,0,0,0,0,0,0,0,0,0,4,0,0,0,0,0,0,0,0,0
pbt,bintrie,5,4,storage_sstore_k256,13,,6051,86926,2,0.1256,22.7079,9.958,6.1383,39.1375,2.221,11,0,0,0,3,0,0,0,1,165,5,6,45.45,0,0,0,0,0,0,0,0
pbt,bintrie,5,4,storage_sstore_k256,13,,6052,5903542,1,5.3956,25.544,68.7894,15.6323,115.7378,51.0079,219,212,213,6101,213,0,211,0,0,0,109,110,49.77,85,127,40.09,213,0,100,6101,0
pbt,bintrie,5,4,storage_sstore_k256,13,,6053,21000,1,0.0659,16.0156,3.0545,0.4698,33.5028,0.6268,6,0,0,0,2,0,0,0,0,0,2,4,33.33,0,0,0,0,0,0,0,0
pbt,bintrie,5,4,storage_sstore_k256,13,,6054,0,0,0.0321,13.5832,0.0023,3.1541,16.9945,0,4,0,0,0,0,0,0,0,0,0,0,4,0,0,0,0,0,0,0,0,0
pbt,bintrie,5,4,storage_sstore_k256,14,,6055,0,0,0.0677,25.1168,0.0023,0.2813,25.7522,0,4,0,0,0,0,0,0,0,0,0,0,4,0,0,0,0,0,0,0,0,0
pbt,bintrie,5,4,storage_sstore_k256,14,,6056,0,0,0.0368,3.0442,0.0022,0.13,3.3745,0,4,0,0,0,0,0,0,0,0,0,0,4,0,0,0,0,0,0,0,0,0
pbt,bintrie,5,4,storage_sstore_k256,14,,6057,0,0,0.0304,16.6755,0.0042,0.3012,17.2759,0,4,0,0,0,0,0,0,0,0,0,0,4,0,0,0,0,0,0,0,0,0
pbt,bintrie,5,4,storage_sstore_k256,14,,6058,86926,2,0.1394,17.9374,7.4253,8.5794,34.3234,2.5326,11,0,0,0,3,0,0,0,1,165,5,6,45.45,0,0,0,0,0,0,0,0
pbt,bintrie,5,4,storage_sstore_k256,14,,6059,5903542,1,6.4397,31.4943,70.424,17.3869,126.1825,46.7857,219,212,213,6101,213,0,211,0,0,0,96,123,43.84,65,147,30.66,213,0,100,6101,0
pbt,bintrie,5,4,storage_sstore_k256,14,,6060,21000,1,0.2187,18.8385,1.3573,0.7721,21.4642,0.9784,6,0,0,0,2,0,0,0,0,0,2,4,33.33,0,0,0,0,0,0,0,0
pbt,bintrie,5,4,storage_sstore_k256,14,,6061,0,0,0.056,7.5205,0.002,0.1206,8.0146,0,4,0,0,0,0,0,0,0,0,0,0,4,0,0,0,0,0,0,0,0,0
pbt,bintrie,5,4,storage_sstore_k256,15,,6062,0,0,0.0424,17.5499,0.0028,0.2907,18.072,0,4,0,0,0,0,0,0,0,0,0,0,4,0,0,0,0,0,0,0,0,0
pbt,bintrie,5,4,storage_sstore_k256,15,,6063,0,0,0.0287,12.6983,0.0031,0.16,13.1222,0,4,0,0,0,0,0,0,0,0,0,0,4,0,0,0,0,0,0,0,0,0
pbt,bintrie,5,4,storage_sstore_k256,15,,6064,0,0,0.0347,3.3554,0.0017,0.2265,3.8897,0,4,0,0,0,0,0,0,0,0,0,0,4,0,0,0,0,0,0,0,0,0
pbt,bintrie,5,4,storage_sstore_k256,15,,6065,86926,2,0.0953,3.46,14.7875,5.759,24.2944,3.578,11,0,0,0,3,0,0,0,1,165,6,5,54.55,0,0,0,0,0,0,0,0
pbt,bintrie,5,4,storage_sstore_k256,15,,6066,5903542,1,3.5352,26.053,55.9785,28.2008,132.7725,44.4636,219,212,213,6101,213,0,211,0,0,0,158,61,72.15,92,120,43.4,213,0,100,6101,0
pbt,bintrie,5,4,storage_sstore_k256,15,,6067,21000,1,0.077,21.9461,2.2431,0.4561,24.9316,0.8423,6,0,0,0,2,0,0,0,0,0,2,4,33.33,0,0,0,0,0,0,0,0
pbt,bintrie,5,4,storage_sstore_k256,16,,6068,0,0,0.0571,18.3759,0.0027,0.2638,18.9294,0,4,0,0,0,0,0,0,0,0,0,0,4,0,0,0,0,0,0,0,0,0
pbt,bintrie,5,4,storage_sstore_k256,16,,6069,0,0,0.0325,21.6521,0.0026,0.148,22.0609,0,4,0,0,0,0,0,0,0,0,0,0,4,0,0,0,0,0,0,0,0,0
pbt,bintrie,5,4,storage_sstore_k256,16,,6070,0,0,0.0426,5.1008,0.0024,0.3138,5.6308,0,4,0,0,0,0,0,0,0,0,0,0,4,0,0,0,0,0,0,0,0,0
pbt,bintrie,5,4,storage_sstore_k256,16,,6071,86926,2,0.1265,18.9371,3.6979,5.3385,28.493,3.0508,11,0,0,0,3,0,0,0,1,165,6,5,54.55,0,0,0,0,0,0,0,0
pbt,bintrie,5,4,storage_sstore_k256,16,,6072,0,0,0.0342,3.3657,0.0017,0.1388,3.7575,0,4,0,0,0,0,0,0,0,0,0,0,4,0,0,0,0,0,0,0,0,0
pbt,bintrie,5,4,storage_sstore_k256,16,,6073,5903542,1,3.8223,22.0806,55.6178,13.5553,95.373,61.8995,219,212,213,6101,213,0,211,0,0,0,192,27,87.67,123,89,58.02,213,0,100,6101,0
pbt,bintrie,5,4,storage_sstore_k256,16,,6074,21000,1,0.0587,2.6494,1.7828,0.8927,22.6893,0.9255,6,0,0,0,2,0,0,0,0,0,2,4,33.33,0,0,0,0,0,0,0,0
pbt,bintrie,5,4,storage_sstore_k256,17,,6075,0,0,0.048,3.0,0.0055,0.1879,3.4469,0,4,0,0,0,0,0,0,0,0,0,0,4,0,0,0,0,0,0,0,0,0
pbt,bintrie,5,4,storage_sstore_k256,17,,6076,0,0,0.0361,15.5782,0.0019,0.1547,15.91,0,4,0,0,0,0,0,0,0,0,0,0,4,0,0,0,0,0,0,0,0,0
pbt,bintrie,5,4,storage_sstore_k256,17,,6077,86926,2,0.1341,18.6325,3.1813,4.6871,26.892,3.2324,11,0,0,0,3,0,0,0,1,165,6,5,54.55,0,0,0,0,0,0,0,0
pbt,bintrie,5,4,storage_sstore_k256,17,,6078,5903542,1,4.5668,28.8762,62.3321,17.8693,115.2179,51.2381,219,212,213,6101,213,0,211,0,0,0,113,106,51.6,71,141,33.49,213,0,100,6101,0
pbt,bintrie,5,4,storage_sstore_k256,17,,6079,21000,1,0.1761,10.1421,4.8839,0.8423,16.2661,1.291,6,0,0,0,2,0,0,0,0,0,2,4,33.33,0,0,0,0,0,0,0,0
pbt,bintrie,5,4,storage_sstore_k256,18,,6080,0,0,0.0907,20.7259,0.0034,0.2499,21.3539,0,4,0,0,0,0,0,0,0,0,0,0,4,0,0,0,0,0,0,0,0,0
pbt,bintrie,5,4,storage_sstore_k256,18,,6081,0,0,0.0397,16.5223,0.0023,0.1479,16.8871,0,4,0,0,0,0,0,0,0,0,0,0,4,0,0,0,0,0,0,0,0,0
pbt,bintrie,5,4,storage_sstore_k256,18,,6082,86926,2,5.2754,8.3973,8.1685,5.0742,28.5709,3.0425,11,0,0,0,3,0,0,0,1,165,5,6,45.45,0,0,0,0,0,0,0,0
pbt,bintrie,5,4,storage_sstore_k256,18,,6083,5903542,1,6.0654,24.9333,63.0929,15.3626,109.8745,53.7299,219,212,213,6101,213,0,211,0,0,0,106,113,48.4,89,123,41.98,213,0,100,6101,0
pbt,bintrie,5,4,storage_sstore_k256,18,,6084,21000,1,0.0822,24.9145,2.3929,0.4882,28.0352,0.7491,6,0,0,0,2,0,0,0,0,0,2,4,33.33,0,0,0,0,0,0,0,0
pbt,bintrie,5,4,storage_sstore_k256,19,,6085,0,0,0.0569,23.9193,0.0029,0.2641,24.4772,0,4,0,0,0,0,0,0,0,0,0,0,4,0,0,0,0,0,0,0,0,0
pbt,bintrie,5,4,storage_sstore_k256,19,,6086,0,0,0.0481,3.1455,0.0019,0.1373,3.6069,0,4,0,0,0,0,0,0,0,0,0,0,4,0,0,0,0,0,0,0,0,0
pbt,bintrie,5,4,storage_sstore_k256,19,,6087,0,0,0.0369,3.3575,0.0022,0.2027,3.8254,0,4,0,0,0,0,0,0,0,0,0,0,4,0,0,0,0,0,0,0,0,0
pbt,bintrie,5,4,storage_sstore_k256,19,,6088,86926,2,0.1738,20.6674,16.583,5.553,43.2564,2.0096,11,0,0,0,3,0,0,0,1,165,5,6,45.45,0,0,0,0,0,0,0,0
pbt,bintrie,5,4,storage_sstore_k256,19,,6089,5903542,1,16.9704,18.5079,50.1132,27.6053,113.6209,51.9582,219,212,213,6101,213,0,211,0,0,0,65,154,29.68,43,169,20.28,213,0,100,6101,0
pbt,bintrie,5,4,storage_sstore_k256,19,,6090,21000,1,0.0802,20.294,4.0083,0.8422,25.419,0.8262,6,0,0,0,2,0,0,0,0,0,2,4,33.33,0,0,0,0,0,0,0,0
pbt,bintrie,5,4,storage_sstore_k256,1,,5966,0,0,0.042,7.8451,0.0028,0.3353,8.4221,0,4,0,0,0,0,0,0,0,0,0,0,4,0,0,0,0,0,0,0,0,0
pbt,bintrie,5,4,storage_sstore_k256,1,,5967,0,0,0.0503,15.1673,0.0035,0.2685,15.6885,0,4,0,0,0,0,0,0,0,0,0,0,4,0,0,0,0,0,0,0,0,0
pbt,bintrie,5,4,storage_sstore_k256,1,,5968,0,0,0.0468,6.7715,0.0016,0.1548,7.246,0,4,0,0,0,0,0,0,0,0,0,0,4,0,0,0,0,0,0,0,0,0
pbt,bintrie,5,4,storage_sstore_k256,1,,5969,86926,2,0.1,20.7498,2.6842,4.6097,30.3529,2.8638,11,0,0,0,3,0,0,0,1,165,6,5,54.55,0,0,0,0,0,0,0,0
pbt,bintrie,5,4,storage_sstore_k256,1,,5970,5903542,1,5.4803,46.518,79.3088,14.7394,146.3489,40.3388,219,212,213,6101,213,0,211,0,0,0,21,198,9.59,12,200,5.66,213,0,100,6101,0
pbt,bintrie,5,4,storage_sstore_k256,1,,5971,21000,1,0.0561,23.3356,2.3398,0.5023,26.389,0.7958,6,0,0,0,2,0,0,0,0,0,2,4,33.33,0,0,0,0,0,0,0,0
pbt,bintrie,5,4,storage_sstore_k256,20,,6091,0,0,0.0496,19.4489,0.002,0.1549,19.8959,0,4,0,0,0,0,0,0,0,0,0,0,4,0,0,0,0,0,0,0,0,0
pbt,bintrie,5,4,storage_sstore_k256,20,,6092,0,0,0.0296,2.8524,0.0016,0.1669,3.2035,0,4,0,0,0,0,0,0,0,0,0,0,4,0,0,0,0,0,0,0,0,0
pbt,bintrie,5,4,storage_sstore_k256,20,,6093,0,0,0.039,21.2578,0.0109,0.2302,21.7598,0,4,0,0,0,0,0,0,0,0,0,0,4,0,0,0,0,0,0,0,0,0
pbt,bintrie,5,4,storage_sstore_k256,20,,6094,86926,2,0.1379,5.5096,13.3725,5.1625,28.6504,3.034,11,0,0,0,3,0,0,0,1,165,6,5,54.55,0,0,0,0,0,0,0,0
pbt,bintrie,5,4,storage_sstore_k256,20,,6095,5903542,1,5.4766,47.5906,64.0718,16.902,134.2477,43.975,219,212,213,6101,213,0,211,0,0,0,151,68,68.95,101,111,47.64,213,0,100,6101,0
pbt,bintrie,5,4,storage_sstore_k256,20,,6096,21000,1,0.0981,1.3227,17.5351,0.5297,20.1012,1.0447,6,0,0,0,2,0,0,0,0,0,2,4,33.33,0,0,0,0,0,0,0,0
pbt,bintrie,5,4,storage_sstore_k256,2,,5972,0,0,0.0405,4.3708,0.0063,0.383,5.0743,0,4,0,0,0,0,0,0,0,0,0,0,4,0,0,0,0,0,0,0,0,0
pbt,bintrie,5,4,storage_sstore_k256,2,,5973,0,0,0.0299,23.2069,0.0055,0.1549,23.5975,0,4,0,0,0,0,0,0,0,0,0,0,4,0,0,0,0,0,0,0,0,0
pbt,bintrie,5,4,storage_sstore_k256,2,,5974,0,0,0.0558,18.0266,0.0031,0.195,18.4841,0,4,0,0,0,0,0,0,0,0,0,0,4,0,0,0,0,0,0,0,0,0
pbt,bintrie,5,4,storage_sstore_k256,2,,5975,86926,2,0.1633,21.1836,16.3129,5.6259,44.1432,1.9692,11,0,0,0,3,0,0,0,1,165,6,5,54.55,0,0,0,0,0,0,0,0
pbt,bintrie,5,4,storage_sstore_k256,2,,5976,5903542,1,9.1989,31.8465,59.2339,15.4039,116.3116,50.7562,219,212,213,6101,213,0,211,0,0,0,140,79,63.93,114,98,53.77,213,0,100,6101,0
pbt,bintrie,5,4,storage_sstore_k256,2,,5977,21000,1,0.0788,17.9211,2.6119,0.5429,21.3653,0.9829,6,0,0,0,2,0,0,0,0,0,2,4,33.33,0,0,0,0,0,0,0,0
pbt,bintrie,5,4,storage_sstore_k256,2,,5978,0,0,0.0383,24.0007,0.0032,0.1754,24.4078,0,4,0,0,0,0,0,0,0,0,0,0,4,0,0,0,0,0,0,0,0,0
pbt,bintrie,5,4,storage_sstore_k256,3,,5979,0,0,0.0379,7.164,0.0024,0.2258,7.5859,0,4,0,0,0,0,0,0,0,0,0,0,4,0,0,0,0,0,0,0,0,0
pbt,bintrie,5,4,storage_sstore_k256,3,,5980,0,0,0.0297,24.34,0.0019,0.223,24.7548,0,4,0,0,0,0,0,0,0,0,0,0,4,0,0,0,0,0,0,0,0,0
pbt,bintrie,5,4,storage_sstore_k256,3,,5981,0,0,0.037,4.0364,0.0015,0.1106,4.353,0,4,0,0,0,0,0,0,0,0,0,0,4,0,0,0,0,0,0,0,0,0
pbt,bintrie,5,4,storage_sstore_k256,3,,5982,86926,2,0.1167,20.7239,22.468,4.6672,48.2267,1.8024,11,0,0,0,3,0,0,0,1,165,6,5,54.55,0,0,0,0,0,0,0,0
pbt,bintrie,5,4,storage_sstore_k256,3,,5983,5903542,1,6.8659,35.1656,64.9622,13.6857,121.0701,48.7614,219,212,213,6101,213,0,211,0,0,0,61,158,27.85,49,163,23.11,213,0,100,6101,0
pbt,bintrie,5,4,storage_sstore_k256,3,,5984,21000,1,0.0678,15.6665,2.197,0.4407,18.5582,1.1316,6,0,0,0,2,0,0,0,0,0,2,4,33.33,0,0,0,0,0,0,0,0
pbt,bintrie,5,4,storage_sstore_k256,3,,5985,0,0,0.046,16.6723,0.0022,0.1474,17.0756,0,4,0,0,0,0,0,0,0,0,0,0,4,0,0,0,0,0,0,0,0,0
pbt,bintrie,5,4,storage_sstore_k256,4,,5986,0,0,0.0631,4.9711,0.003,0.3513,5.686,0,4,0,0,0,0,0,0,0,0,0,0,4,0,0,0,0,0,0,0,0,0
pbt,bintrie,5,4,storage_sstore_k256,4,,5987,0,0,0.0597,15.8267,0.0033,0.1648,16.251,0,4,0,0,0,0,0,0,0,0,0,0,4,0,0,0,0,0,0,0,0,0
pbt,bintrie,5,4,storage_sstore_k256,4,,5988,0,0,0.0505,12.9578,0.0029,0.1563,13.3495,0,4,0,0,0,0,0,0,0,0,0,0,4,0,0,0,0,0,0,0,0,0
pbt,bintrie,5,4,storage_sstore_k256,4,,5989,86926,2,3.9757,22.849,14.9493,5.15,47.4434,1.8322,11,0,0,0,3,0,0,0,1,165,6,5,54.55,0,0,0,0,0,0,0,0
pbt,bintrie,5,4,storage_sstore_k256,4,,5990,5903542,1,3.9221,31.2923,68.9265,17.3266,123.5781,47.7717,219,212,213,6101,213,0,211,0,0,0,175,44,79.91,146,66,68.87,213,0,100,6101,0
pbt,bintrie,5,4,storage_sstore_k256,4,,5991,21000,1,0.081,29.9497,3.996,0.6587,34.8694,0.6022,6,0,0,0,2,0,0,0,0,0,2,4,33.33,0,0,0,0,0,0,0,0
pbt,bintrie,5,4,storage_sstore_k256,5,,5992,0,0,0.0511,11.8275,0.0019,0.1548,12.2937,0,4,0,0,0,0,0,0,0,0,0,0,4,0,0,0,0,0,0,0,0,0
pbt,bintrie,5,4,storage_sstore_k256,5,,5993,0,0,0.033,3.2877,0.0028,0.2224,3.7242,0,4,0,0,0,0,0,0,0,0,0,0,4,0,0,0,0,0,0,0,0,0
pbt,bintrie,5,4,storage_sstore_k256,5,,5994,0,0,0.0523,14.986,0.0023,0.1192,15.3724,0,4,0,0,0,0,0,0,0,0,0,0,4,0,0,0,0,0,0,0,0,0
pbt,bintrie,5,4,storage_sstore_k256,5,,5995,86926,2,0.1291,24.6824,3.7104,5.0976,33.8318,2.5694,11,0,0,0,3,0,0,0,1,165,5,6,45.45,0,0,0,0,0,0,0,0
pbt,bintrie,5,4,storage_sstore_k256,5,,5996,5903542,1,5.7884,22.3861,62.2661,15.763,108.1307,54.5963,219,212,213,6101,213,0,211,0,0,0,146,73,66.67,129,83,60.85,213,0,100,6101,0
pbt,bintrie,5,4,storage_sstore_k256,5,,5997,21000,1,0.1425,14.256,0.6816,0.8807,16.1819,1.2977,6,0,0,0,2,0,0,0,0,0,0,6,0,0,0,0,0,0,0,0,0
pbt,bintrie,5,4,storage_sstore_k256,5,,5998,0,0,0.0288,3.2984,0.0021,0.1162,3.5853,0,4,0,0,0,0,0,0,0,0,0,0,4,0,0,0,0,0,0,0,0,0
pbt,bintrie,5,4,storage_sstore_k256,6,,5999,0,0,0.0807,16.6654,0.0026,0.1923,17.1189,0,4,0,0,0,0,0,0,0,0,0,0,4,0,0,0,0,0,0,0,0,0
pbt,bintrie,5,4,storage_sstore_k256,6,,6000,0,0,0.0365,2.8928,0.0051,0.1563,3.3587,0,4,0,0,0,0,0,0,0,0,0,0,4,0,0,0,0,0,0,0,0,0
pbt,bintrie,5,4,storage_sstore_k256,6,,6001,0,0,0.0409,5.1334,0.0035,0.1579,5.5239,0,4,0,0,0,0,0,0,0,0,0,0,4,0,0,0,0,0,0,0,0,0
pbt,bintrie,5,4,storage_sstore_k256,6,,6002,86926,2,0.1142,18.261,3.421,8.0803,30.2123,2.8772,11,0,0,0,3,0,0,0,1,165,6,5,54.55,0,0,0,0,0,0,0,0
pbt,bintrie,5,4,storage_sstore_k256,6,,6003,5903542,1,5.0775,20.8049,67.2075,15.9477,109.4948,53.9162,219,212,213,6101,213,0,211,0,0,0,142,77,64.84,91,121,42.92,213,0,100,6101,0
pbt,bintrie,5,4,storage_sstore_k256,6,,6004,21000,1,0.0756,3.2414,6.8046,0.507,17.2069,1.2204,6,0,0,0,2,0,0,0,0,0,2,4,33.33,0,0,0,0,0,0,0,0
pbt,bintrie,5,4,storage_sstore_k256,6,,6005,0,0,0.0479,22.2892,0.0035,0.1801,22.7207,0,4,0,0,0,0,0,0,0,0,0,0,4,0,0,0,0,0,0,0,0,0
pbt,bintrie,5,4,storage_sstore_k256,7,,6006,0,0,0.0404,18.2806,0.0024,0.1909,18.6996,0,4,0,0,0,0,0,0,0,0,0,0,4,0,0,0,0,0,0,0,0,0
pbt,bintrie,5,4,storage_sstore_k256,7,,6007,0,0,0.0501,15.3701,0.0037,1.1006,17.9753,0,4,0,0,0,0,0,0,0,0,0,0,4,0,0,0,0,0,0,0,0,0
pbt,bintrie,5,4,storage_sstore_k256,7,,6008,0,0,0.2202,6.5091,0.0035,1.0612,9.6121,0,4,0,0,0,0,0,0,0,0,0,0,4,0,0,0,0,0,0,0,0,0
pbt,bintrie,5,4,storage_sstore_k256,7,,6009,86926,2,1.1299,17.3291,12.3331,6.2151,37.1864,2.3376,11,0,0,0,3,0,0,0,1,165,5,6,45.45,0,0,0,0,0,0,0,0
pbt,bintrie,5,4,storage_sstore_k256,7,,6010,5903542,1,4.4569,33.2351,57.3543,18.213,113.972,51.7982,219,212,213,6101,213,0,211,0,0,0,39,180,17.81,26,186,12.26,213,0,100,6101,0
pbt,bintrie,5,4,storage_sstore_k256,7,,6011,21000,1,0.079,20.9095,2.9948,0.6863,24.8872,0.8438,6,0,0,0,2,0,0,0,0,0,2,4,33.33,0,0,0,0,0,0,0,0
pbt,bintrie,5,4,storage_sstore_k256,7,,6012,0,0,0.0341,15.2012,0.0021,0.1261,15.6042,0,4,0,0,0,0,0,0,0,0,0,0,4,0,0,0,0,0,0,0,0,0
pbt,bintrie,5,4,storage_sstore_k256,8,,6013,0,0,0.0401,19.913,0.0023,0.147,20.3493,0,4,0,0,0,0,0,0,0,0,0,0,4,0,0,0,0,0,0,0,0,0
pbt,bintrie,5,4,storage_sstore_k256,8,,6014,0,0,0.0465,12.3541,0.0022,0.112,12.7276,0,4,0,0,0,0,0,0,0,0,0,0,4,0,0,0,0,0,0,0,0,0
pbt,bintrie,5,4,storage_sstore_k256,8,,6015,0,0,0.2915,8.2865,0.0024,0.1258,8.8469,0,4,0,0,0,0,0,0,0,0,0,0,4,0,0,0,0,0,0,0,0,0
pbt,bintrie,5,4,storage_sstore_k256,8,,6016,86926,2,0.1103,16.4952,6.2464,6.216,29.463,2.9503,11,0,0,0,3,0,0,0,1,165,5,6,45.45,0,0,0,0,0,0,0,0
pbt,bintrie,5,4,storage_sstore_k256,8,,6017,5903542,1,3.9603,31.1909,58.458,14.7486,110.02,53.6588,219,212,213,6101,213,0,211,0,0,0,124,95,56.62,77,135,36.32,213,0,100,6101,0
pbt,bintrie,5,4,storage_sstore_k256,8,,6018,21000,1,0.0658,3.086,10.9002,0.5161,21.8437,0.9614,6,0,0,0,2,0,0,0,0,0,2,4,33.33,0,0,0,0,0,0,0,0
pbt,bintrie,5,4,storage_sstore_k256,9,,6020,0,0,0.0499,23.0422,0.003,0.3103,23.6857,0,4,0,0,0,0,0,0,0,0,0,0,4,0,0,0,0,0,0,0,0,0
pbt,bintrie,5,4,storage_sstore_k256,9,,6021,0,0,0.0401,7.7918,0.0023,0.1397,8.1772,0,4,0,0,0,0,0,0,0,0,0,0,4,0,0,0,0,0,0,0,0,0
pbt,bintrie,5,4,storage_sstore_k256,9,,6022,0,0,0.0627,11.66,0.0026,1.4017,13.9605,0,4,0,0,0,0,0,0,0,0,0,0,4,0,0,0,0,0,0,0,0,0
pbt,bintrie,5,4,storage_sstore_k256,9,,6023,86926,2,0.1688,22.8265,12.005,5.5303,40.7234,2.1345,11,0,0,0,3,0,0,0,1,165,5,6,45.45,0,0,0,0,0,0,0,0
pbt,bintrie,5,4,storage_sstore_k256,9,,6024,5903542,1,9.1863,22.3069,63.349,16.7006,112.1846,52.6234,219,212,213,6101,213,0,211,0,0,0,146,73,66.67,111,101,52.36,213,0,100,6101,0
pbt,bintrie,5,4,storage_sstore_k256,9,,6025,21000,1,0.1208,8.9219,3.2497,0.4886,19.5629,1.0735,6,0,0,0,2,0,0,0,0,0,2,4,33.33,0,0,0,0,0,0,0,0
pbt,bintrie,5,4,storage_sstore_k256,9,,6026,0,0,0.0486,16.3808,0.0044,0.2972,17.084,0,4,0,0,0,0,0,0,0,0,0,0,4,0,0,0,0,0,0,0,0,0
