WARN [06-01|05:44:51.505] Unknown config environment variable      envvar=GETH_PBT_BIN
WARN [06-01|05:44:51.505] Unknown config environment variable      envvar=GETH_UBT_BIN
INFO [06-01|05:44:51.515] Starting Geth on Ethereum mainnet...
INFO [06-01|05:44:51.517] Maximum peer count                       ETH=0 total=0
INFO [06-01|05:44:51.518] Smartcard socket not found, disabling    err="stat /run/pcscd/pcscd.comm: no such file or directory"
WARN [06-01|05:44:51.520] Option --miner.etherbase is deprecated as the etherbase is set by the consensus client post-merge
INFO [06-01|05:44:51.523] Set global gas cap                       cap=50,000,000
INFO [06-01|05:44:52.318] Using developer account                  address=0xf39Fd6e51aad88F6F4ce6aB8827279cffFb92266
INFO [06-01|05:44:52.333] Using pebble as the backing database
INFO [06-01|05:44:52.333] Allocated cache and file handles         database=/mnt/state_expiry_vol_data/ubt-vs-pbt-dbs/pbt/geth/chaindata cache=2.00GiB handles=262,144
INFO [06-01|05:44:52.853] Opened ancient database                  database=/mnt/state_expiry_vol_data/ubt-vs-pbt-dbs/pbt/geth/chaindata/ancient/chain readonly=true
INFO [06-01|05:44:52.853] Opened Era store                         datadir=/mnt/state_expiry_vol_data/ubt-vs-pbt-dbs/pbt/geth/chaindata/ancient/chain/era
INFO [06-01|05:44:52.856] Initializing the KZG library             backend=gokzg
INFO [06-01|05:44:52.857] Allocated trie memory caches             clean=614.00MiB dirty=1.00GiB
INFO [06-01|05:44:52.866] Using pebble as the backing database
INFO [06-01|05:44:52.866] Allocated cache and file handles         database=/mnt/state_expiry_vol_data/ubt-vs-pbt-dbs/pbt/geth/chaindata cache=2.00GiB handles=262,144
INFO [06-01|05:44:53.636] Opened ancient database                  database=/mnt/state_expiry_vol_data/ubt-vs-pbt-dbs/pbt/geth/chaindata/ancient/chain readonly=false
INFO [06-01|05:44:53.636] Opened Era store                         datadir=/mnt/state_expiry_vol_data/ubt-vs-pbt-dbs/pbt/geth/chaindata/ancient/chain/era
INFO [06-01|05:44:53.639] State scheme set to already existing     scheme=path
INFO [06-01|05:44:53.639] Initialising Ethereum protocol           network=1337 dbversion=9
WARN [06-01|05:44:53.640] Sanitizing invalid node buffer size      provided=1.00GiB updated=256.00MiB
INFO [06-01|05:44:53.640] Load database journal from disk
INFO [06-01|05:44:53.640] Failed to load journal, discard it       err="journal not found"
INFO [06-01|05:44:53.742] Opened ancient database                  database=/mnt/state_expiry_vol_data/ubt-vs-pbt-dbs/pbt/geth/chaindata/ancient/state_verkle readonly=false
INFO [06-01|05:44:53.743] State snapshot generator is not compatible
INFO [06-01|05:44:53.743] Initialized path database                triecache=614.00MiB statecache=409.00MiB buffer=256.00MiB state-history="last 90000 blocks" journal-dir=/mnt/state_expiry_vol_data/ubt-vs-pbt-dbs/pbt/geth/triedb verkle=true
INFO [06-01|05:44:53.743] 
INFO [06-01|05:44:53.743] ---------------------------------------------------------------------------------------------------------------------------------------------------------
INFO [06-01|05:44:53.743] Chain ID:  1337 (unknown)
INFO [06-01|05:44:53.743] Consensus: unknown
INFO [06-01|05:44:53.743] 
INFO [06-01|05:44:53.743] Pre-Merge hard forks (block based):
INFO [06-01|05:44:53.743]  - Homestead:                   #0       
INFO [06-01|05:44:53.743]  - Tangerine Whistle (EIP 150): #0       
INFO [06-01|05:44:53.743]  - Spurious Dragon/1 (EIP 155): #0       
INFO [06-01|05:44:53.743]  - Spurious Dragon/2 (EIP 158): #0       
INFO [06-01|05:44:53.743]  - Byzantium:                   #0       
INFO [06-01|05:44:53.743]  - Constantinople:              #0       
INFO [06-01|05:44:53.743]  - Petersburg:                  #0       
INFO [06-01|05:44:53.743]  - Istanbul:                    #0       
INFO [06-01|05:44:53.743]  - Berlin:                      #0       
INFO [06-01|05:44:53.743]  - London:                      #0       
INFO [06-01|05:44:53.743]  - Arrow Glacier:               #0       
INFO [06-01|05:44:53.743]  - Gray Glacier:                #0       
INFO [06-01|05:44:53.743] 
INFO [06-01|05:44:53.743] Merge configured:
INFO [06-01|05:44:53.743]  - Total terminal difficulty:  0
INFO [06-01|05:44:53.743]  - Merge netsplit block:       #0       
INFO [06-01|05:44:53.743] 
INFO [06-01|05:44:53.743] Post-Merge hard forks (timestamp based):
INFO [06-01|05:44:53.743]  - Shanghai:                    @0         
INFO [06-01|05:44:53.743]  - Cancun:                      @0          blob: (target: 3, max: 6, fraction: 3338477)
INFO [06-01|05:44:53.743]  - Prague:                      @0          blob: (target: 6, max: 9, fraction: 5007716)
INFO [06-01|05:44:53.743]  - Osaka:                       @0          blob: (target: 6, max: 9, fraction: 5007716)
INFO [06-01|05:44:53.743]  - UBT:                         @0          blob: (nil)
INFO [06-01|05:44:53.743] 
INFO [06-01|05:44:53.743] All fork specifications can be found at https://ethereum.github.io/execution-specs/src/ethereum/forks/
INFO [06-01|05:44:53.743] 
INFO [06-01|05:44:53.743] ---------------------------------------------------------------------------------------------------------------------------------------------------------
INFO [06-01|05:44:53.743] 
INFO [06-01|05:44:53.743] Loaded most recent local block           number=0 hash=1b3120..cc00e0 age=57y2mo3w
INFO [06-01|05:44:53.746] Initialized transaction indexer          range="last 2350000 blocks"
INFO [06-01|05:44:54.148] Enabled full-sync                        head=0 hash=1b3120..cc00e0
INFO [06-01|05:44:54.148] Unprotected transactions allowed
INFO [06-01|05:44:54.148] Gasprice oracle is ignoring threshold set threshold=2
INFO [06-01|05:44:54.149] Registered sync override service
WARN [06-01|05:44:54.149] You are running Geth in --dev mode. Please note the following:
WARN [06-01|05:44:54.149] 
WARN [06-01|05:44:54.149]   1. This mode is only intended for fast, iterative development without assumptions on
WARN [06-01|05:44:54.149]      security or persistence.
WARN [06-01|05:44:54.149]   2. The database is created in memory unless specified otherwise. Therefore, shutting down
WARN [06-01|05:44:54.149]      your computer or losing power will wipe your entire block data and chain state for
WARN [06-01|05:44:54.149]      your dev environment.
WARN [06-01|05:44:54.149]   3. A random, pre-allocated developer account will be available and unlocked as
WARN [06-01|05:44:54.149]      eth.coinbase, which can be used for testing. The random dev account is temporary,
WARN [06-01|05:44:54.149]      stored on a ramdisk, and will be lost if your machine is restarted.
WARN [06-01|05:44:54.149]   4. Mining is enabled by default. However, the client will only seal blocks if transactions
WARN [06-01|05:44:54.149]      are pending in the mempool. The miner's minimum accepted gas price is 1.
WARN [06-01|05:44:54.149]   5. Networking is disabled; there is no listen-address, the maximum number of peers is set
WARN [06-01|05:44:54.149]      to 0, and discovery is disabled.
WARN [06-01|05:44:54.149] 
INFO [06-01|05:44:54.149] Starting peer-to-peer node               instance=Geth/v1.17.3-unstable/linux-amd64/go1.24.9
WARN [06-01|05:44:54.149] P2P server will be useless, neither dialing nor listening
INFO [06-01|05:44:54.185] IPC endpoint opened                      url=/mnt/state_expiry_vol_data/ubt-vs-pbt-dbs/pbt/geth.ipc
ERROR[06-01|05:44:54.185] Unavailable modules in HTTP API list     unavailable=[personal] available="[admin debug web3 eth txpool miner net dev testing]"
INFO [06-01|05:44:54.186] New local node record                    seq=1,780,292,694,184 id=972c5cc0b2a1895c ip=127.0.0.1 udp=0 tcp=0
INFO [06-01|05:44:54.186] HTTP server started                      endpoint=127.0.0.1:8545 auth=false prefix= cors= vhosts=localhost
INFO [06-01|05:44:54.186] Started P2P networking                   self=enode://16ec6c0bde109d66472afe00ec8fee3d30718d830d1acf0829842abca89b82afff8a454636cde3b26d700f98647938c6f23e7bee3027caca0d7f19e4b3725e13@127.0.0.1:0
INFO [06-01|05:44:54.186] WebSocket enabled                        url=ws://127.0.0.1:8546
INFO [06-01|05:44:54.186] Started log indexer
INFO [06-01|05:44:54.244] Starting work on payload                 id=0x03f941e89aeacb4a
INFO [06-01|05:44:54.260] Updated payload                          id=0x03f941e89aeacb4a number=1 hash=dc3f84..7f69a5 txs=0 withdrawals=0 gas=0 fees=0 root=7feaba..3556aa elapsed=15.887ms
INFO [06-01|05:44:54.261] Stopping work on payload                 id=0x03f941e89aeacb4a reason=delivery
WARN [06-01|05:44:54.267] {"level":"warn","msg":"Slow block","block":{"number":1,"hash":"0xdc3f843fcd5fe7087d7b11e0dd28adbf0cf6bd898989c91df317413b2e7f69a5","gas_used":0,"tx_count":0},"timing":{"execution_ms":0.035143,"state_read_ms":2.783254,"state_hash_ms":0.609582,"commit_ms":1.070011,"total_ms":5.70055},"throughput":{"mgas_per_sec":0},"state_reads":{"accounts":4,"storage_slots":0,"code":0,"code_bytes":0},"state_writes":{"accounts":0,"accounts_deleted":0,"storage_slots":0,"storage_slots_deleted":0,"code":0,"code_bytes":0},"cache":{"account":{"hits":0,"misses":4,"hit_rate":0},"storage":{"hits":0,"misses":0,"hit_rate":0},"code":{"hits":0,"misses":0,"hit_rate":0,"hit_bytes":0,"miss_bytes":0}}}
INFO [06-01|05:44:54.267] Imported new potential chain segment     number=1 hash=dc3f84..7f69a5 blocks=1 txs=0 mgas=0.000 elapsed=6.174ms  mgasps=0.000 triedirty=0.00B
INFO [06-01|05:44:54.267] Chain head was updated                   number=1 hash=dc3f84..7f69a5 root=7feaba..3556aa elapsed="85.944µs"
INFO [06-01|05:44:54.268] Indexed transactions                     blocks=2 txs=0 tail=0 elapsed="123.209µs"
INFO [06-01|05:44:54.721] Submitted contract creation              hash=0xe45b3a0b3689db6f1e7387987b0b7d05a4fb9ffaf308ef77ccc40033ac522ad3 from=0xf39Fd6e51aad88F6F4ce6aB8827279cffFb92266 nonce=0 contract=0x5FbDB2315678afecb367f032d93F642f64180aa3 value=0
INFO [06-01|05:44:54.722] Submitted transaction                    hash=0x2d0d72710aeb55e055e5fd05fca7e9063185a692eb75e7a2e59e3508e0d578f4 from=0xf39Fd6e51aad88F6F4ce6aB8827279cffFb92266 nonce=1 recipient=0x5FbDB2315678afecb367f032d93F642f64180aa3 value=60,000,000,000,000,000,000
INFO [06-01|05:44:55.288] Starting work on payload                 id=0x0365bc70c7e459ad
INFO [06-01|05:44:55.343] Updated payload                          id=0x0365bc70c7e459ad number=2 hash=8bbd2a..eca305 txs=2 withdrawals=0 gas=428,963 fees=0.0123997148 root=318b8f..bfa2d5 elapsed=54.487ms
INFO [06-01|05:44:55.343] Stopping work on payload                 id=0x0365bc70c7e459ad reason=delivery
WARN [06-01|05:44:55.391] {"level":"warn","msg":"Slow block","block":{"number":2,"hash":"0x8bbd2a2f30a6280de24d6680f8dd8987daa86a66d089ed41511b2be8caeca305","gas_used":428963,"tx_count":2},"timing":{"execution_ms":0.713709,"state_read_ms":12.27638,"state_hash_ms":12.952713,"commit_ms":21.482714,"total_ms":47.916856},"throughput":{"mgas_per_sec":8.952235931339068},"state_reads":{"accounts":41,"storage_slots":0,"code":0,"code_bytes":0},"state_writes":{"accounts":13,"accounts_deleted":0,"storage_slots":0,"storage_slots_deleted":0,"code":1,"code_bytes":57},"cache":{"account":{"hits":25,"misses":16,"hit_rate":60.97560975609756},"storage":{"hits":0,"misses":0,"hit_rate":0},"code":{"hits":0,"misses":0,"hit_rate":0,"hit_bytes":0,"miss_bytes":0}}}
INFO [06-01|05:44:55.391] Imported new potential chain segment     number=2 hash=8bbd2a..eca305 blocks=1 txs=2 mgas=0.429 elapsed=48.102ms    mgasps=8.918 triediffs=52.52KiB triedirty=0.00B
INFO [06-01|05:44:55.392] Chain head was updated                   number=2 hash=8bbd2a..eca305 root=318b8f..bfa2d5 elapsed="202.023µs"
INFO [06-01|05:44:56.410] Starting work on payload                 id=0x03de4e988883cc14
INFO [06-01|05:44:56.425] Updated payload                          id=0x03de4e988883cc14 number=3 hash=be0736..1f314c txs=0 withdrawals=0 gas=0       fees=0            root=318b8f..bfa2d5 elapsed=15.483ms
INFO [06-01|05:44:56.426] Stopping work on payload                 id=0x03de4e988883cc14 reason=delivery
WARN [06-01|05:44:56.434] {"level":"warn","msg":"Slow block","block":{"number":3,"hash":"0xbe073637bc34380302749c017cb9c58652d635313a00785411783652cf1f314c","gas_used":0,"tx_count":0},"timing":{"execution_ms":0.033605,"state_read_ms":7.394456,"state_hash_ms":0.158036,"commit_ms":0.423627,"total_ms":8.152743},"throughput":{"mgas_per_sec":0},"state_reads":{"accounts":4,"storage_slots":0,"code":0,"code_bytes":0},"state_writes":{"accounts":0,"accounts_deleted":0,"storage_slots":0,"storage_slots_deleted":0,"code":0,"code_bytes":0},"cache":{"account":{"hits":0,"misses":4,"hit_rate":0},"storage":{"hits":0,"misses":0,"hit_rate":0},"code":{"hits":0,"misses":0,"hit_rate":0,"hit_bytes":0,"miss_bytes":0}}}
INFO [06-01|05:44:56.434] Imported new potential chain segment     number=3 hash=be0736..1f314c blocks=1 txs=0 mgas=0.000 elapsed=8.283ms     mgasps=0.000 triediffs=52.52KiB triedirty=0.00B
INFO [06-01|05:44:56.434] Chain head was updated                   number=3 hash=be0736..1f314c root=318b8f..bfa2d5 elapsed="36.694µs"
INFO [06-01|05:44:57.475] Starting work on payload                 id=0x0326723c38b267c2
INFO [06-01|05:44:57.496] Updated payload                          id=0x0326723c38b267c2 number=4 hash=49fe31..20edff txs=0 withdrawals=0 gas=0       fees=0            root=318b8f..bfa2d5 elapsed=20.737ms
INFO [06-01|05:44:57.496] Stopping work on payload                 id=0x0326723c38b267c2 reason=delivery
WARN [06-01|05:44:57.503] {"level":"warn","msg":"Slow block","block":{"number":4,"hash":"0x49fe31af2974644ff4627dcc8b057904fb834a59e4a60bfae52428995020edff","gas_used":0,"tx_count":0},"timing":{"execution_ms":0.140798,"state_read_ms":5.370732,"state_hash_ms":0.538275,"commit_ms":1.049526,"total_ms":7.501185},"throughput":{"mgas_per_sec":0},"state_reads":{"accounts":4,"storage_slots":0,"code":0,"code_bytes":0},"state_writes":{"accounts":0,"accounts_deleted":0,"storage_slots":0,"storage_slots_deleted":0,"code":0,"code_bytes":0},"cache":{"account":{"hits":0,"misses":4,"hit_rate":0},"storage":{"hits":0,"misses":0,"hit_rate":0},"code":{"hits":0,"misses":0,"hit_rate":0,"hit_bytes":0,"miss_bytes":0}}}
INFO [06-01|05:44:57.504] Imported new potential chain segment     number=4 hash=49fe31..20edff blocks=1 txs=0 mgas=0.000 elapsed=7.761ms     mgasps=0.000 triediffs=52.52KiB triedirty=0.00B
INFO [06-01|05:44:57.504] Chain head was updated                   number=4 hash=49fe31..20edff root=318b8f..bfa2d5 elapsed="76.971µs"
INFO [06-01|05:44:57.644] Submitted contract creation              hash=0x466eeba2d3088b0d36f0dc7622e2d78a3cd721b3bcbe92153a031023a3426ef4 from=0x108846eF1C6B49b146E33AA2751A04A1b9CD2c92 nonce=0 contract=0x7dc4d193051240848c7F4F19679e8514B148080f value=0
INFO [06-01|05:44:58.530] Starting work on payload                 id=0x037056adf3499e91
INFO [06-01|05:44:58.602] Updated payload                          id=0x037056adf3499e91 number=5 hash=e8a59f..b6fbd6 txs=1 withdrawals=0 gas=92518   fees=0.000185036  root=3a9fd8..24c610 elapsed=71.204ms
INFO [06-01|05:44:58.611] Stopping work on payload                 id=0x037056adf3499e91 reason=delivery
WARN [06-01|05:44:58.662] {"level":"warn","msg":"Slow block","block":{"number":5,"hash":"0xe8a59f39cf96c4c3df822e7fb8e1dd5d3638264c285a2c2f4f63b39e5eb6fbd6","gas_used":92518,"tx_count":1},"timing":{"execution_ms":0.300717,"state_read_ms":21.241847,"state_hash_ms":29.543343,"commit_ms":8.553519,"total_ms":60.028081},"throughput":{"mgas_per_sec":1.541245338160985},"state_reads":{"accounts":9,"storage_slots":0,"code":0,"code_bytes":0},"state_writes":{"accounts":3,"accounts_deleted":0,"storage_slots":0,"storage_slots_deleted":0,"code":1,"code_bytes":869},"cache":{"account":{"hits":2,"misses":7,"hit_rate":22.22222222222222},"storage":{"hits":0,"misses":0,"hit_rate":0},"code":{"hits":0,"misses":0,"hit_rate":0,"hit_bytes":0,"miss_bytes":0}}}
INFO [06-01|05:44:58.662] Imported new potential chain segment     number=5 hash=e8a59f..b6fbd6 blocks=1 txs=1 mgas=0.093 elapsed=60.214ms    mgasps=1.536 triediffs=67.24KiB triedirty=0.00B
INFO [06-01|05:44:58.663] Chain head was updated                   number=5 hash=e8a59f..b6fbd6 root=3a9fd8..24c610 elapsed="193.217µs"
INFO [06-01|05:44:59.672] Starting work on payload                 id=0x0307bc35046d8445
INFO [06-01|05:44:59.676] Updated payload                          id=0x0307bc35046d8445 number=6 hash=eaa0ff..9b43c4 txs=0 withdrawals=0 gas=0       fees=0            root=3a9fd8..24c610 elapsed=3.284ms
INFO [06-01|05:44:59.677] Stopping work on payload                 id=0x0307bc35046d8445 reason=delivery
WARN [06-01|05:44:59.685] {"level":"warn","msg":"Slow block","block":{"number":6,"hash":"0xeaa0ffdd96a2eef89abf1b45451a94ae0c16f359c4a7fe3b13b3e1dac99b43c4","gas_used":0,"tx_count":0},"timing":{"execution_ms":0.155932,"state_read_ms":4.203387,"state_hash_ms":0.183923,"commit_ms":0.891771,"total_ms":9.12681},"throughput":{"mgas_per_sec":0},"state_reads":{"accounts":4,"storage_slots":0,"code":0,"code_bytes":0},"state_writes":{"accounts":0,"accounts_deleted":0,"storage_slots":0,"storage_slots_deleted":0,"code":0,"code_bytes":0},"cache":{"account":{"hits":0,"misses":4,"hit_rate":0},"storage":{"hits":0,"misses":0,"hit_rate":0},"code":{"hits":0,"misses":0,"hit_rate":0,"hit_bytes":0,"miss_bytes":0}}}
INFO [06-01|05:44:59.685] Imported new potential chain segment     number=6 hash=eaa0ff..9b43c4 blocks=1 txs=0 mgas=0.000 elapsed=9.295ms     mgasps=0.000 triediffs=67.24KiB triedirty=0.00B
INFO [06-01|05:44:59.686] Chain head was updated                   number=6 hash=eaa0ff..9b43c4 root=3a9fd8..24c610 elapsed="77.07µs"
INFO [06-01|05:45:00.649] Submitted transaction                    hash=0x8cd274e41845052680d964336a29881bca4cd126990f5543cc105e078a57bbf1 from=0xbc7A668f0B1595d535B4a2de710461E1C6eba785 nonce=0 recipient=0x7dc4d193051240848c7F4F19679e8514B148080f value=0
INFO [06-01|05:45:00.698] Starting work on payload                 id=0x033c7590c0baabc9
INFO [06-01|05:45:00.792] Updated payload                          id=0x033c7590c0baabc9 number=7 hash=67a9d7..fe453b txs=1 withdrawals=0 gas=5,748,583 fees=0.011497166  root=73d393..f986e3 elapsed=93.979ms
INFO [06-01|05:45:00.792] Stopping work on payload                 id=0x033c7590c0baabc9 reason=delivery
INFO [06-01|05:45:00.889] Submitted transaction                    hash=0xeed26d9e8e061b64dbd348a0a312067d90bf4991373268b5f222a5f1fde4fc7f from=0x97D85277E62c57d15268b3E644cdbbDA3706fBEa nonce=0 recipient=0x7dc4d193051240848c7F4F19679e8514B148080f value=0
WARN [06-01|05:45:00.890] {"level":"warn","msg":"Slow block","block":{"number":7,"hash":"0x67a9d76596dbf4ac95e4e2fd59da9856a5207123a090634587333a8dd6fe453b","gas_used":5748583,"tx_count":1},"timing":{"execution_ms":1.256837,"state_read_ms":15.605605,"state_hash_ms":38.736187,"commit_ms":41.640269,"total_ms":97.769918},"throughput":{"mgas_per_sec":58.7970524839757},"state_reads":{"accounts":10,"storage_slots":256,"code":1,"code_bytes":869},"state_writes":{"accounts":4,"accounts_deleted":0,"storage_slots":256,"storage_slots_deleted":0,"code":1,"code_bytes":28},"cache":{"account":{"hits":4,"misses":6,"hit_rate":40},"storage":{"hits":33,"misses":223,"hit_rate":12.890625},"code":{"hits":1,"misses":0,"hit_rate":100,"hit_bytes":869,"miss_bytes":0}}}
INFO [06-01|05:45:00.890] Imported new potential chain segment     number=7 hash=67a9d7..fe453b blocks=1 txs=1 mgas=5.749 elapsed=97.957ms    mgasps=58.685 triediffs=158.07KiB triedirty=0.00B
INFO [06-01|05:45:00.892] Chain head was updated                   number=7 hash=67a9d7..fe453b root=73d393..f986e3 elapsed="871.329µs"
INFO [06-01|05:45:01.129] Submitted transaction                    hash=0xc9c13acbd49cdaad4d2c15113028e33960cd339bd6e183ab001386c532bdfb36 from=0x151775b94274FeE3696377A0B616a1221AC71326 nonce=0 recipient=0x7dc4d193051240848c7F4F19679e8514B148080f value=0
INFO [06-01|05:45:01.369] Submitted transaction                    hash=0x5b898f066a9aeb09b64224fdd684dd71a517dd9e53974cfeb312fc940a12c77f from=0xcA56D5B749835d8Ab9cA8c1c4123e9B5002Fc0Ff nonce=0 recipient=0x7dc4d193051240848c7F4F19679e8514B148080f value=0
INFO [06-01|05:45:01.609] Submitted transaction                    hash=0x52a2405ae9c886dbd913d0c4fc2b2ce28a2d51393e87bfcf57c5257d84bd8b28 from=0xfB403fD865ddcc1C79F9987EDD0ADabC47C24bB9 nonce=0 recipient=0x7dc4d193051240848c7F4F19679e8514B148080f value=0
INFO [06-01|05:45:01.849] Submitted transaction                    hash=0x0199a5d5aa2adb3a0eb88bbe244dc309b71da92ccf55c427fbcd70321c6de425 from=0x9e8E8A4256457eF170586329D9a01487aA0bA29e nonce=0 recipient=0x7dc4d193051240848c7F4F19679e8514B148080f value=0
INFO [06-01|05:45:01.919] Starting work on payload                 id=0x03455050a29a1d40
INFO [06-01|05:45:02.085] Updated payload                          id=0x03455050a29a1d40 number=8 hash=648a7a..a6de61 txs=5 withdrawals=0 gas=28,742,975 fees=0.05748595   root=8deb75..ba54ac elapsed=166.185ms
INFO [06-01|05:45:02.089] Submitted transaction                    hash=0x200a8d15b7950224e567d6085cd057d08b78b3f76c2d89b07ecf98ec5ed7bf43 from=0x5AFc7eaFAA1e34De8e6fB9b014CFD08b18377F26 nonce=0 recipient=0x7dc4d193051240848c7F4F19679e8514B148080f value=0
INFO [06-01|05:45:02.091] Stopping work on payload                 id=0x03455050a29a1d40 reason=delivery
WARN [06-01|05:45:02.298] {"level":"warn","msg":"Slow block","block":{"number":8,"hash":"0x648a7a482fb4805388d6b2da549fa7d457ae4d10e77a95454c1c08535ba6de61","gas_used":28742975,"tx_count":5},"timing":{"execution_ms":9.429961,"state_read_ms":58.420503,"state_hash_ms":73.230668,"commit_ms":65.634971,"total_ms":206.913955},"throughput":{"mgas_per_sec":138.91269440961582},"state_reads":{"accounts":26,"storage_slots":1280,"code":1,"code_bytes":869},"state_writes":{"accounts":12,"accounts_deleted":0,"storage_slots":1280,"storage_slots_deleted":0,"code":5,"code_bytes":140},"cache":{"account":{"hits":19,"misses":7,"hit_rate":73.07692307692307},"storage":{"hits":991,"misses":289,"hit_rate":77.421875},"code":{"hits":1,"misses":0,"hit_rate":100,"hit_bytes":869,"miss_bytes":0}}}
INFO [06-01|05:45:02.298] Imported new potential chain segment     number=8 hash=648a7a..a6de61 blocks=1 txs=5 mgas=28.743 elapsed=207.185ms   mgasps=138.730 triediffs=572.18KiB triedirty=0.00B
INFO [06-01|05:45:02.298] Chain head was updated                   number=8 hash=648a7a..a6de61 root=8deb75..ba54ac elapsed="206.572µs"
INFO [06-01|05:45:02.330] Submitted transaction                    hash=0x8d248594c60a2a3c1c0cd62bdc9480b06dfdab55cebafd4a63f9c2d97b7e6ed6 from=0x513978fc4d7fF9951AA177D59C7A1b9AA777119a nonce=0 recipient=0x7dc4d193051240848c7F4F19679e8514B148080f value=0
INFO [06-01|05:45:02.572] Submitted transaction                    hash=0x08c206113a3190eb464fe99679f3d32abbf27cb8072930b76c81207cbe0ea617 from=0x225bD09Ef41092086C35444d335Df887A0691eD0 nonce=0 recipient=0x7dc4d193051240848c7F4F19679e8514B148080f value=0
INFO [06-01|05:45:02.812] Submitted transaction                    hash=0x0b1b4e5678921716c1f7f4ad6cdf9c541bbb0b8cacc88de5b313ed26a9599bf4 from=0x0A114598D397AB388E751b917300055F2904166F nonce=0 recipient=0x7dc4d193051240848c7F4F19679e8514B148080f value=0
INFO [06-01|05:45:03.049] Submitted transaction                    hash=0x29324bab664e4ab11681081b5e22de5659fc82434d4b4c86e0c0ad279495d8d9 from=0xbc7A668f0B1595d535B4a2de710461E1C6eba785 nonce=1 recipient=0x7dc4d193051240848c7F4F19679e8514B148080f value=0
INFO [06-01|05:45:03.289] Submitted transaction                    hash=0xba5ec704f6f0ffb468059686027861967dde79819985e10ddf1ac98f2aedb29f from=0x97D85277E62c57d15268b3E644cdbbDA3706fBEa nonce=1 recipient=0x7dc4d193051240848c7F4F19679e8514B148080f value=0
INFO [06-01|05:45:03.310] Starting work on payload                 id=0x03068cce7cc0d429
INFO [06-01|05:45:03.442] Updated payload                          id=0x03068cce7cc0d429 number=9 hash=75b210..e362ee txs=5 withdrawals=0 gas=28,742,975 fees=0.05748595   root=8782e3..d0561a elapsed=132.092ms
INFO [06-01|05:45:03.442] Stopping work on payload                 id=0x03068cce7cc0d429 reason=delivery
INFO [06-01|05:45:03.533] Submitted transaction                    hash=0x3acf31afb68490fccc6b76181a413bfffda3d4dabe36739e0d12a6309e0cc801 from=0x151775b94274FeE3696377A0B616a1221AC71326 nonce=1 recipient=0x7dc4d193051240848c7F4F19679e8514B148080f value=0
WARN [06-01|05:45:03.592] {"level":"warn","msg":"Slow block","block":{"number":9,"hash":"0x75b210a6478fc3da1acdecf6152ce88bcbf63543d2d079c334414a44fae362ee","gas_used":28742975,"tx_count":5},"timing":{"execution_ms":11.940725,"state_read_ms":45.867045,"state_hash_ms":42.578142,"commit_ms":48.446512,"total_ms":149.1324},"throughput":{"mgas_per_sec":192.73461031942085},"state_reads":{"accounts":26,"storage_slots":1280,"code":1,"code_bytes":869},"state_writes":{"accounts":12,"accounts_deleted":0,"storage_slots":1280,"storage_slots_deleted":0,"code":5,"code_bytes":140},"cache":{"account":{"hits":22,"misses":4,"hit_rate":84.61538461538461},"storage":{"hits":978,"misses":302,"hit_rate":76.40625},"code":{"hits":1,"misses":0,"hit_rate":100,"hit_bytes":869,"miss_bytes":0}}}
INFO [06-01|05:45:03.592] Imported new potential chain segment     number=9 hash=75b210..e362ee blocks=1 txs=5 mgas=28.743 elapsed=149.453ms   mgasps=192.320 triediffs=985.52KiB triedirty=0.00B
INFO [06-01|05:45:03.592] Chain head was updated                   number=9 hash=75b210..e362ee root=8782e3..d0561a elapsed="175.157µs"
INFO [06-01|05:45:03.770] Submitted transaction                    hash=0x59042d0590b50959594da4405d7269015abf42a1160de9eb309d3d98206993ff from=0xcA56D5B749835d8Ab9cA8c1c4123e9B5002Fc0Ff nonce=1 recipient=0x7dc4d193051240848c7F4F19679e8514B148080f value=0
INFO [06-01|05:45:04.009] Submitted transaction                    hash=0x89aef7357f795ce876b63ccc385255830f9e5b24abf56f469b44129596667b24 from=0xfB403fD865ddcc1C79F9987EDD0ADabC47C24bB9 nonce=1 recipient=0x7dc4d193051240848c7F4F19679e8514B148080f value=0
INFO [06-01|05:45:04.250] Submitted transaction                    hash=0x1f0c023bc247e4829a14ed1272293c0f659612faa7d7c6039327811e0641ffe3 from=0x9e8E8A4256457eF170586329D9a01487aA0bA29e nonce=1 recipient=0x7dc4d193051240848c7F4F19679e8514B148080f value=0
INFO [06-01|05:45:04.490] Submitted transaction                    hash=0x58fa50548126cb01fdb8f7b834b0cf080cf8644307fa878224e321bfe17a9fcd from=0x5AFc7eaFAA1e34De8e6fB9b014CFD08b18377F26 nonce=1 recipient=0x7dc4d193051240848c7F4F19679e8514B148080f value=0
INFO [06-01|05:45:04.625] Starting work on payload                 id=0x032c436630551daf
INFO [06-01|05:45:04.747] Submitted transaction                    hash=0x04a53bb908b402058e0f1906fac54b730568db3060fdc692c8557c6692b9c780 from=0x513978fc4d7fF9951AA177D59C7A1b9AA777119a nonce=1 recipient=0x7dc4d193051240848c7F4F19679e8514B148080f value=0
INFO [06-01|05:45:04.832] Updated payload                          id=0x032c436630551daf number=10 hash=db773e..61e197 txs=5 withdrawals=0 gas=28,742,975 fees=0.05748595   root=31a8cf..084315 elapsed=207.101ms
INFO [06-01|05:45:04.832] Stopping work on payload                 id=0x032c436630551daf reason=delivery
INFO [06-01|05:45:04.970] Submitted transaction                    hash=0xd883a01cb739852d2775bb774c181531ce42a04f29369dc471675f512d364594 from=0x225bD09Ef41092086C35444d335Df887A0691eD0 nonce=1 recipient=0x7dc4d193051240848c7F4F19679e8514B148080f value=0
WARN [06-01|05:45:04.978] {"level":"warn","msg":"Slow block","block":{"number":10,"hash":"0xdb773ed44329eee310de32f2b6e08592482db7a96ac2c6d336ebfa255b61e197","gas_used":28742975,"tx_count":5},"timing":{"execution_ms":18.790037,"state_read_ms":32.357239,"state_hash_ms":38.940568,"commit_ms":50.657209,"total_ms":144.376358},"throughput":{"mgas_per_sec":199.08366853248924},"state_reads":{"accounts":26,"storage_slots":1280,"code":1,"code_bytes":869},"state_writes":{"accounts":12,"accounts_deleted":0,"storage_slots":1280,"storage_slots_deleted":0,"code":5,"code_bytes":140},"cache":{"account":{"hits":21,"misses":5,"hit_rate":80.76923076923077},"storage":{"hits":999,"misses":281,"hit_rate":78.046875},"code":{"hits":1,"misses":0,"hit_rate":100,"hit_bytes":869,"miss_bytes":0}}}
INFO [06-01|05:45:04.978] Imported new potential chain segment     number=10 hash=db773e..61e197 blocks=1 txs=5 mgas=28.743 elapsed=144.971ms   mgasps=198.267 triediffs=1.37MiB   triedirty=0.00B
INFO [06-01|05:45:04.978] Chain head was updated                   number=10 hash=db773e..61e197 root=31a8cf..084315 elapsed="122.181µs"
INFO [06-01|05:45:05.210] Submitted transaction                    hash=0xab59cab73dd6237d7fc912af96937a4cb7c4ca2848e53f36d56b18c92c742803 from=0x0A114598D397AB388E751b917300055F2904166F nonce=1 recipient=0x7dc4d193051240848c7F4F19679e8514B148080f value=0
INFO [06-01|05:45:05.449] Submitted transaction                    hash=0x645a93157cc979702a40fff482d00c58c89399b96313b44d6fb3d6bf95924aa8 from=0xbc7A668f0B1595d535B4a2de710461E1C6eba785 nonce=2 recipient=0x7dc4d193051240848c7F4F19679e8514B148080f value=0
INFO [06-01|05:45:05.696] Submitted transaction                    hash=0x9369e948458f73a702c69c7133b2b73d854b25fe2e9d94d36d7453255ec3330e from=0x97D85277E62c57d15268b3E644cdbbDA3706fBEa nonce=2 recipient=0x7dc4d193051240848c7F4F19679e8514B148080f value=0
INFO [06-01|05:45:05.930] Submitted transaction                    hash=0xb6eb23a2a789ff98de4d47415361f5711f12e7e9875b89ca8f9434c951f37d0d from=0x151775b94274FeE3696377A0B616a1221AC71326 nonce=2 recipient=0x7dc4d193051240848c7F4F19679e8514B148080f value=0
INFO [06-01|05:45:05.998] Starting work on payload                 id=0x03a11fe249ae8e12
INFO [06-01|05:45:06.113] Updated payload                          id=0x03a11fe249ae8e12 number=11 hash=5c8716..b1e9bc txs=5 withdrawals=0 gas=28,742,975 fees=0.05748595   root=e0983f..8d93fa elapsed=115.284ms
INFO [06-01|05:45:06.113] Stopping work on payload                 id=0x03a11fe249ae8e12 reason=delivery
INFO [06-01|05:45:06.174] Submitted transaction                    hash=0x3ea2eba447f0cd7717b72b2a4444daf9796641625b24760b2f07dc254359166c from=0xcA56D5B749835d8Ab9cA8c1c4123e9B5002Fc0Ff nonce=2 recipient=0x7dc4d193051240848c7F4F19679e8514B148080f value=0
WARN [06-01|05:45:06.256] {"level":"warn","msg":"Slow block","block":{"number":11,"hash":"0x5c871605a5a4733e2d9056d34cc91b514bb2782dcd73d6e7d40c0bef25b1e9bc","gas_used":28742975,"tx_count":5},"timing":{"execution_ms":18.314753,"state_read_ms":31.821887,"state_hash_ms":33.378252,"commit_ms":58.670889,"total_ms":142.401158},"throughput":{"mgas_per_sec":201.8450931417285},"state_reads":{"accounts":26,"storage_slots":1280,"code":1,"code_bytes":869},"state_writes":{"accounts":12,"accounts_deleted":0,"storage_slots":1280,"storage_slots_deleted":0,"code":5,"code_bytes":140},"cache":{"account":{"hits":21,"misses":5,"hit_rate":80.76923076923077},"storage":{"hits":1054,"misses":226,"hit_rate":82.34375},"code":{"hits":1,"misses":0,"hit_rate":100,"hit_bytes":869,"miss_bytes":0}}}
INFO [06-01|05:45:06.256] Imported new potential chain segment     number=11 hash=5c8716..b1e9bc blocks=1 txs=5 mgas=28.743 elapsed=142.671ms   mgasps=201.463 triediffs=1.78MiB   triedirty=0.00B
INFO [06-01|05:45:06.256] Chain head was updated                   number=11 hash=5c8716..b1e9bc root=e0983f..8d93fa elapsed="133.702µs"
INFO [06-01|05:45:06.409] Submitted transaction                    hash=0x21310b2d1bdbfbdd384de21c782ec1507e1f043c9451b0bd00df98806e4a869e from=0xfB403fD865ddcc1C79F9987EDD0ADabC47C24bB9 nonce=2 recipient=0x7dc4d193051240848c7F4F19679e8514B148080f value=0
INFO [06-01|05:45:06.650] Submitted transaction                    hash=0xe5abc59300c666239bdfee0d973186eb81857f7a44ac3a46af8b1334481e56dd from=0x9e8E8A4256457eF170586329D9a01487aA0bA29e nonce=2 recipient=0x7dc4d193051240848c7F4F19679e8514B148080f value=0
INFO [06-01|05:45:06.889] Submitted transaction                    hash=0xea3f66ff2e4a987ef7f35649f50e41e1569ea1bdd759b15cdcf6608af2f29a11 from=0x5AFc7eaFAA1e34De8e6fB9b014CFD08b18377F26 nonce=2 recipient=0x7dc4d193051240848c7F4F19679e8514B148080f value=0
INFO [06-01|05:45:07.129] Submitted transaction                    hash=0xc22fc2499a704ae26f868e5f3609bfb76ebb8e6a06a4f945d6d26df20652e38e from=0x513978fc4d7fF9951AA177D59C7A1b9AA777119a nonce=2 recipient=0x7dc4d193051240848c7F4F19679e8514B148080f value=0
INFO [06-01|05:45:07.277] Starting work on payload                 id=0x03f93254cecc0dff
INFO [06-01|05:45:07.369] Submitted transaction                    hash=0xa9189e5ebb1a41bfd12b41f8b90f641e660701e2c9fc0cf551846160c86e7a81 from=0x225bD09Ef41092086C35444d335Df887A0691eD0 nonce=2 recipient=0x7dc4d193051240848c7F4F19679e8514B148080f value=0
INFO [06-01|05:45:07.384] Updated payload                          id=0x03f93254cecc0dff number=12 hash=4953e0..cdbf97 txs=5 withdrawals=0 gas=28,742,975 fees=0.05748595   root=cd6904..9271ff elapsed=106.899ms
INFO [06-01|05:45:07.385] Stopping work on payload                 id=0x03f93254cecc0dff reason=delivery
WARN [06-01|05:45:07.509] {"level":"warn","msg":"Slow block","block":{"number":12,"hash":"0x4953e05b452cdcab1a5992b8782ec750faf6d1f8bd76cbd54f6cc30fafcdbf97","gas_used":28742975,"tx_count":5},"timing":{"execution_ms":3.332758,"state_read_ms":43.465214,"state_hash_ms":37.089623,"commit_ms":40.325629,"total_ms":124.420665},"throughput":{"mgas_per_sec":231.01447818173935},"state_reads":{"accounts":26,"storage_slots":1280,"code":1,"code_bytes":869},"state_writes":{"accounts":12,"accounts_deleted":0,"storage_slots":1280,"storage_slots_deleted":0,"code":5,"code_bytes":140},"cache":{"account":{"hits":20,"misses":6,"hit_rate":76.92307692307693},"storage":{"hits":1011,"misses":269,"hit_rate":78.984375},"code":{"hits":1,"misses":0,"hit_rate":100,"hit_bytes":869,"miss_bytes":0}}}
INFO [06-01|05:45:07.509] Imported new potential chain segment     number=12 hash=4953e0..cdbf97 blocks=1 txs=5 mgas=28.743 elapsed=124.615ms   mgasps=230.653 triediffs=2.18MiB   triedirty=0.00B
INFO [06-01|05:45:07.509] Chain head was updated                   number=12 hash=4953e0..cdbf97 root=cd6904..9271ff elapsed="126.922µs"
INFO [06-01|05:45:07.610] Submitted transaction                    hash=0xdef5b587db4a2b5932e502325da31c82254bf6c8baaa61cb485e1cad309372c4 from=0x0A114598D397AB388E751b917300055F2904166F nonce=2 recipient=0x7dc4d193051240848c7F4F19679e8514B148080f value=0
INFO [06-01|05:45:07.850] Submitted transaction                    hash=0x12d96fecd2f292ce6bdea7de423c6e863aa6afb6baae44289b37f8cd899a572d from=0xbc7A668f0B1595d535B4a2de710461E1C6eba785 nonce=3 recipient=0x7dc4d193051240848c7F4F19679e8514B148080f value=0
INFO [06-01|05:45:08.089] Submitted transaction                    hash=0xd57b7d0263b5510c6e826fb3b3800c6f03c5873762a4db3b40166c85a4e05357 from=0x97D85277E62c57d15268b3E644cdbbDA3706fBEa nonce=3 recipient=0x7dc4d193051240848c7F4F19679e8514B148080f value=0
INFO [06-01|05:45:08.329] Submitted transaction                    hash=0x48488a78140f3dafdfd4adcf8350a1d192dcddb6b4d11e415c63f2b53cd848bd from=0x151775b94274FeE3696377A0B616a1221AC71326 nonce=3 recipient=0x7dc4d193051240848c7F4F19679e8514B148080f value=0
INFO [06-01|05:45:08.527] Starting work on payload                 id=0x0372f28dc8adc8c4
INFO [06-01|05:45:08.569] Submitted transaction                    hash=0x30939e265b4376d5dcf733db79cfa17d304a056b7ca86b935d4e005f42a524af from=0xcA56D5B749835d8Ab9cA8c1c4123e9B5002Fc0Ff nonce=3 recipient=0x7dc4d193051240848c7F4F19679e8514B148080f value=0
INFO [06-01|05:45:08.621] Updated payload                          id=0x0372f28dc8adc8c4 number=13 hash=eed119..d8dd8d txs=5 withdrawals=0 gas=28,742,975 fees=0.05748595   root=051c9f..1a6bac elapsed=93.811ms
INFO [06-01|05:45:08.622] Stopping work on payload                 id=0x0372f28dc8adc8c4 reason=delivery
WARN [06-01|05:45:08.758] {"level":"warn","msg":"Slow block","block":{"number":13,"hash":"0xeed1193dddcb0d5705de76f8d23b51ec977626d509fbe7e6d23907b8ead8dd8d","gas_used":28742975,"tx_count":5},"timing":{"execution_ms":4.663581,"state_read_ms":41.080416,"state_hash_ms":42.08104,"commit_ms":48.309571,"total_ms":136.345636},"throughput":{"mgas_per_sec":210.80964410184717},"state_reads":{"accounts":26,"storage_slots":1280,"code":1,"code_bytes":869},"state_writes":{"accounts":12,"accounts_deleted":0,"storage_slots":1280,"storage_slots_deleted":0,"code":5,"code_bytes":140},"cache":{"account":{"hits":19,"misses":7,"hit_rate":73.07692307692307},"storage":{"hits":1079,"misses":201,"hit_rate":84.296875},"code":{"hits":1,"misses":0,"hit_rate":100,"hit_bytes":869,"miss_bytes":0}}}
INFO [06-01|05:45:08.758] Imported new potential chain segment     number=13 hash=eed119..d8dd8d blocks=1 txs=5 mgas=28.743 elapsed=136.545ms   mgasps=210.501 triediffs=2.58MiB   triedirty=0.00B
INFO [06-01|05:45:08.759] Chain head was updated                   number=13 hash=eed119..d8dd8d root=051c9f..1a6bac elapsed="115.183µs"
INFO [06-01|05:45:08.809] Submitted transaction                    hash=0x37ec3b7e8d8c1a11259e6ad4cbe0af603be738ea774e6fe55daf8df2f78356aa from=0xfB403fD865ddcc1C79F9987EDD0ADabC47C24bB9 nonce=3 recipient=0x7dc4d193051240848c7F4F19679e8514B148080f value=0
INFO [06-01|05:45:09.049] Submitted transaction                    hash=0x513f51b4125b495c8d30a6bb9705895f10563e950a40e179856b99bb63a7d1c9 from=0x9e8E8A4256457eF170586329D9a01487aA0bA29e nonce=3 recipient=0x7dc4d193051240848c7F4F19679e8514B148080f value=0
INFO [06-01|05:45:09.289] Submitted transaction                    hash=0xcf06fd8a7a9eb6dbbc8fdb0f33b7f7ae185ac0c748b1ae4adfc33884e79846c9 from=0x5AFc7eaFAA1e34De8e6fB9b014CFD08b18377F26 nonce=3 recipient=0x7dc4d193051240848c7F4F19679e8514B148080f value=0
INFO [06-01|05:45:09.529] Submitted transaction                    hash=0x6484a69191b0bab5610fee85d25f5dcc722ac86d64e6860afdc750c5ba89d0a4 from=0x513978fc4d7fF9951AA177D59C7A1b9AA777119a nonce=3 recipient=0x7dc4d193051240848c7F4F19679e8514B148080f value=0
INFO [06-01|05:45:09.770] Starting work on payload                 id=0x039a5977a9c265bf
INFO [06-01|05:45:09.771] Submitted transaction                    hash=0x2d2dd72198a7acae503c20ed1deb4b4293e92ea500e1554ef9597a5ee81214f0 from=0x225bD09Ef41092086C35444d335Df887A0691eD0 nonce=3 recipient=0x7dc4d193051240848c7F4F19679e8514B148080f value=0
INFO [06-01|05:45:09.863] Updated payload                          id=0x039a5977a9c265bf number=14 hash=334d38..ced816 txs=5 withdrawals=0 gas=28,742,975 fees=0.05748595   root=cffc23..395954 elapsed=92.018ms
INFO [06-01|05:45:09.863] Stopping work on payload                 id=0x039a5977a9c265bf reason=delivery
WARN [06-01|05:45:09.965] {"level":"warn","msg":"Slow block","block":{"number":14,"hash":"0x334d381ef4f6aea59d45385582f48ea582383dfbbd888e59a98a8d6191ced816","gas_used":28742975,"tx_count":5},"timing":{"execution_ms":11.482012,"state_read_ms":24.222635,"state_hash_ms":29.933771,"commit_ms":36.268535,"total_ms":102.154194},"throughput":{"mgas_per_sec":281.3685260930158},"state_reads":{"accounts":26,"storage_slots":1280,"code":1,"code_bytes":869},"state_writes":{"accounts":12,"accounts_deleted":0,"storage_slots":1280,"storage_slots_deleted":0,"code":5,"code_bytes":140},"cache":{"account":{"hits":19,"misses":7,"hit_rate":73.07692307692307},"storage":{"hits":1128,"misses":152,"hit_rate":88.125},"code":{"hits":1,"misses":0,"hit_rate":100,"hit_bytes":869,"miss_bytes":0}}}
INFO [06-01|05:45:09.965] Imported new potential chain segment     number=14 hash=334d38..ced816 blocks=1 txs=5 mgas=28.743 elapsed=102.372ms   mgasps=280.769 triediffs=2.98MiB   triedirty=0.00B
INFO [06-01|05:45:09.966] Chain head was updated                   number=14 hash=334d38..ced816 root=cffc23..395954 elapsed="118.029µs"
INFO [06-01|05:45:10.009] Submitted transaction                    hash=0x57da4957ee1ce3c563ceb06f8df56112bdab1ae2241c575cfe8da880327d79ab from=0x0A114598D397AB388E751b917300055F2904166F nonce=3 recipient=0x7dc4d193051240848c7F4F19679e8514B148080f value=0
INFO [06-01|05:45:10.249] Submitted transaction                    hash=0x8cb473b2e8ef73854fe5c196c74469412076d2e38ea54f4306d6e919e469dee4 from=0xbc7A668f0B1595d535B4a2de710461E1C6eba785 nonce=4 recipient=0x7dc4d193051240848c7F4F19679e8514B148080f value=0
INFO [06-01|05:45:10.489] Submitted transaction                    hash=0xf9b9ec1331867a45b1574d468a8b16ad20cd8c407837ce65b763a26bc6a171ad from=0x97D85277E62c57d15268b3E644cdbbDA3706fBEa nonce=4 recipient=0x7dc4d193051240848c7F4F19679e8514B148080f value=0
INFO [06-01|05:45:10.729] Submitted transaction                    hash=0xdb9334078c4b3a956dcd621ca3eced8fa29bbc6b2df6cc9678ad551f283d050f from=0x151775b94274FeE3696377A0B616a1221AC71326 nonce=4 recipient=0x7dc4d193051240848c7F4F19679e8514B148080f value=0
INFO [06-01|05:45:10.974] Submitted transaction                    hash=0xf6c0d11d8d2047b9fb40d2e9ba6584cdc7adef8b5ddde020defcd8d82bac1e47 from=0xcA56D5B749835d8Ab9cA8c1c4123e9B5002Fc0Ff nonce=4 recipient=0x7dc4d193051240848c7F4F19679e8514B148080f value=0
INFO [06-01|05:45:10.976] Starting work on payload                 id=0x038b319735ada1f0
INFO [06-01|05:45:11.079] Updated payload                          id=0x038b319735ada1f0 number=15 hash=d1be55..07278d txs=5 withdrawals=0 gas=28,742,975 fees=0.05748595   root=55d72d..927837 elapsed=103.045ms
INFO [06-01|05:45:11.080] Stopping work on payload                 id=0x038b319735ada1f0 reason=delivery
WARN [06-01|05:45:11.181] {"level":"warn","msg":"Slow block","block":{"number":15,"hash":"0xd1be55fe552708d344f83c84fac48f9373ff5d41cbed788cd62022348d07278d","gas_used":28742975,"tx_count":5},"timing":{"execution_ms":14.011871,"state_read_ms":24.369419,"state_hash_ms":31.105444,"commit_ms":30.755528,"total_ms":100.445566},"throughput":{"mgas_per_sec":286.15474176331486},"state_reads":{"accounts":26,"storage_slots":1280,"code":1,"code_bytes":869},"state_writes":{"accounts":12,"accounts_deleted":0,"storage_slots":1280,"storage_slots_deleted":0,"code":5,"code_bytes":140},"cache":{"account":{"hits":21,"misses":5,"hit_rate":80.76923076923077},"storage":{"hits":982,"misses":298,"hit_rate":76.71875},"code":{"hits":1,"misses":0,"hit_rate":100,"hit_bytes":869,"miss_bytes":0}}}
INFO [06-01|05:45:11.181] Imported new potential chain segment     number=15 hash=d1be55..07278d blocks=1 txs=5 mgas=28.743 elapsed=100.751ms   mgasps=285.285 triediffs=3.39MiB   triedirty=0.00B
INFO [06-01|05:45:11.181] Chain head was updated                   number=15 hash=d1be55..07278d root=55d72d..927837 elapsed="121.746µs"
INFO [06-01|05:45:11.209] Submitted transaction                    hash=0xbe9b1383d8f31e9fb5436ebf009a52eaf23cbe0de58940df09a689473054d610 from=0xfB403fD865ddcc1C79F9987EDD0ADabC47C24bB9 nonce=4 recipient=0x7dc4d193051240848c7F4F19679e8514B148080f value=0
INFO [06-01|05:45:11.449] Submitted transaction                    hash=0xe219ab0edc3f455f5d778efb3a0874d473f14bd983a595811c6f128c39b3f222 from=0x9e8E8A4256457eF170586329D9a01487aA0bA29e nonce=4 recipient=0x7dc4d193051240848c7F4F19679e8514B148080f value=0
INFO [06-01|05:45:11.691] Submitted transaction                    hash=0xdd8499a9b56973a046f00af2c642cad3053682b692059997b0b2f32dc22b8f4c from=0x5AFc7eaFAA1e34De8e6fB9b014CFD08b18377F26 nonce=4 recipient=0x7dc4d193051240848c7F4F19679e8514B148080f value=0
INFO [06-01|05:45:11.929] Submitted transaction                    hash=0xa9e8d4bb3c6143dc267a1a06225125e5f0d2cc981d02dbc97527709e51157a1f from=0x513978fc4d7fF9951AA177D59C7A1b9AA777119a nonce=4 recipient=0x7dc4d193051240848c7F4F19679e8514B148080f value=0
INFO [06-01|05:45:12.170] Submitted transaction                    hash=0x503514556ba46d1741d19720c1348484bd8a7eeb28877d587a23f5c840bffbcb from=0x225bD09Ef41092086C35444d335Df887A0691eD0 nonce=4 recipient=0x7dc4d193051240848c7F4F19679e8514B148080f value=0
INFO [06-01|05:45:12.192] Starting work on payload                 id=0x038d9170846f7cbe
INFO [06-01|05:45:12.305] Updated payload                          id=0x038d9170846f7cbe number=16 hash=b86a2b..fd8216 txs=5 withdrawals=0 gas=28,742,975 fees=0.05748595   root=65823f..670569 elapsed=112.335ms
INFO [06-01|05:45:12.305] Stopping work on payload                 id=0x038d9170846f7cbe reason=delivery
INFO [06-01|05:45:12.410] Submitted transaction                    hash=0x0cb92bcee3d20b922b66e7d4ed91e9505c31644d69339050adb4c8757a2d0391 from=0x0A114598D397AB388E751b917300055F2904166F nonce=4 recipient=0x7dc4d193051240848c7F4F19679e8514B148080f value=0
WARN [06-01|05:45:12.419] {"level":"warn","msg":"Slow block","block":{"number":16,"hash":"0xb86a2b2de4b6060bc62a016b43f92c7fdaf6f5b05098318a7f73397fedfd8216","gas_used":28742975,"tx_count":5},"timing":{"execution_ms":12.496058,"state_read_ms":23.341935,"state_hash_ms":41.651865,"commit_ms":35.630646,"total_ms":113.309489},"throughput":{"mgas_per_sec":253.667854772516},"state_reads":{"accounts":26,"storage_slots":1280,"code":1,"code_bytes":869},"state_writes":{"accounts":12,"accounts_deleted":0,"storage_slots":1280,"storage_slots_deleted":0,"code":5,"code_bytes":140},"cache":{"account":{"hits":20,"misses":6,"hit_rate":76.92307692307693},"storage":{"hits":1117,"misses":163,"hit_rate":87.265625},"code":{"hits":1,"misses":0,"hit_rate":100,"hit_bytes":869,"miss_bytes":0}}}
INFO [06-01|05:45:12.419] Imported new potential chain segment     number=16 hash=b86a2b..fd8216 blocks=1 txs=5 mgas=28.743 elapsed=113.538ms   mgasps=253.155 triediffs=3.79MiB   triedirty=0.00B
INFO [06-01|05:45:12.419] Chain head was updated                   number=16 hash=b86a2b..fd8216 root=65823f..670569 elapsed="121.464µs"
INFO [06-01|05:45:12.650] Submitted transaction                    hash=0x5ec21c05b384a51ae83ab9fdfac66748f2fc3680efd16251619720d3327e6b44 from=0xbc7A668f0B1595d535B4a2de710461E1C6eba785 nonce=5 recipient=0x7dc4d193051240848c7F4F19679e8514B148080f value=0
INFO [06-01|05:45:12.889] Submitted transaction                    hash=0x242e6897da9c590615a806b3d7bfa011bcd50ca15a63da48a17a549a6fb8e278 from=0x97D85277E62c57d15268b3E644cdbbDA3706fBEa nonce=5 recipient=0x7dc4d193051240848c7F4F19679e8514B148080f value=0
INFO [06-01|05:45:13.130] Submitted transaction                    hash=0xdfaa001212c39d7a1089aa148c672c0c27a1ec7314c6731fd57bd2c92138a8c2 from=0x151775b94274FeE3696377A0B616a1221AC71326 nonce=5 recipient=0x7dc4d193051240848c7F4F19679e8514B148080f value=0
INFO [06-01|05:45:13.370] Submitted transaction                    hash=0x9bd1415c579ea67c8aaf245e78831a0ee7e7b6f04bbdc0d80a1730f61f8e24e6 from=0xcA56D5B749835d8Ab9cA8c1c4123e9B5002Fc0Ff nonce=5 recipient=0x7dc4d193051240848c7F4F19679e8514B148080f value=0
INFO [06-01|05:45:13.425] Starting work on payload                 id=0x039b8a5bce5f4c68
INFO [06-01|05:45:13.524] Updated payload                          id=0x039b8a5bce5f4c68 number=17 hash=2cd941..c8ad5e txs=5 withdrawals=0 gas=28,742,975 fees=0.05748595   root=14d687..803705 elapsed=99.585ms
INFO [06-01|05:45:13.525] Stopping work on payload                 id=0x039b8a5bce5f4c68 reason=delivery
INFO [06-01|05:45:13.610] Submitted transaction                    hash=0xf7db17ac6fa7d7a2ff58cc8af84f4de30d671cf3334bdce206604a9f158d0f4a from=0xfB403fD865ddcc1C79F9987EDD0ADabC47C24bB9 nonce=5 recipient=0x7dc4d193051240848c7F4F19679e8514B148080f value=0
WARN [06-01|05:45:13.638] {"level":"warn","msg":"Slow block","block":{"number":17,"hash":"0x2cd941be14498b92976315b6826de5d40b0073685ecb7c5a2674bce063c8ad5e","gas_used":28742975,"tx_count":5},"timing":{"execution_ms":16.571269,"state_read_ms":24.049498,"state_hash_ms":34.173365,"commit_ms":38.190694,"total_ms":113.18588},"throughput":{"mgas_per_sec":253.94488252421593},"state_reads":{"accounts":26,"storage_slots":1280,"code":1,"code_bytes":869},"state_writes":{"accounts":12,"accounts_deleted":0,"storage_slots":1280,"storage_slots_deleted":0,"code":5,"code_bytes":140},"cache":{"account":{"hits":21,"misses":5,"hit_rate":80.76923076923077},"storage":{"hits":1078,"misses":202,"hit_rate":84.21875},"code":{"hits":1,"misses":0,"hit_rate":100,"hit_bytes":869,"miss_bytes":0}}}
INFO [06-01|05:45:13.638] Imported new potential chain segment     number=17 hash=2cd941..c8ad5e blocks=1 txs=5 mgas=28.743 elapsed=113.468ms   mgasps=253.312 triediffs=4.19MiB   triedirty=0.00B
INFO [06-01|05:45:13.639] Chain head was updated                   number=17 hash=2cd941..c8ad5e root=14d687..803705 elapsed="122.966µs"
INFO [06-01|05:45:13.849] Submitted transaction                    hash=0xe621710e1e8f2bb7beb2512e55fdf774b9e8153a29988690535dee580f96648a from=0x9e8E8A4256457eF170586329D9a01487aA0bA29e nonce=5 recipient=0x7dc4d193051240848c7F4F19679e8514B148080f value=0
INFO [06-01|05:45:14.089] Submitted transaction                    hash=0x62d850a0abf913559db0cca049c247a66a88f1d2bc4a4633645a7f6f67fa0cc8 from=0x5AFc7eaFAA1e34De8e6fB9b014CFD08b18377F26 nonce=5 recipient=0x7dc4d193051240848c7F4F19679e8514B148080f value=0
INFO [06-01|05:45:14.329] Submitted transaction                    hash=0xf7b7d2e918d3a546be9f34a19e839f21065507b23d223abd1e99def170642842 from=0x513978fc4d7fF9951AA177D59C7A1b9AA777119a nonce=5 recipient=0x7dc4d193051240848c7F4F19679e8514B148080f value=0
INFO [06-01|05:45:14.569] Submitted transaction                    hash=0xffafd743e252e470a28cee61939b3d64afce3a1114d0fa878adb00af87c714e3 from=0x225bD09Ef41092086C35444d335Df887A0691eD0 nonce=5 recipient=0x7dc4d193051240848c7F4F19679e8514B148080f value=0
INFO [06-01|05:45:14.644] Starting work on payload                 id=0x03c563a0833df820
INFO [06-01|05:45:14.739] Updated payload                          id=0x03c563a0833df820 number=18 hash=096481..2397e1 txs=5 withdrawals=0 gas=28,742,975 fees=0.05748595   root=cb403a..782320 elapsed=94.936ms
INFO [06-01|05:45:14.739] Stopping work on payload                 id=0x03c563a0833df820 reason=delivery
INFO [06-01|05:45:14.814] Submitted transaction                    hash=0x66e517dbb3406a87710979b583ab58ee1d912b8a24a2da949ac5acd18edc1c98 from=0x0A114598D397AB388E751b917300055F2904166F nonce=5 recipient=0x7dc4d193051240848c7F4F19679e8514B148080f value=0
WARN [06-01|05:45:14.845] {"level":"warn","msg":"Slow block","block":{"number":18,"hash":"0x09648199ea3d95739c28b5fc20171d66835d84720594c25d466c87a67e2397e1","gas_used":28742975,"tx_count":5},"timing":{"execution_ms":8.317663,"state_read_ms":22.02707,"state_hash_ms":34.483289,"commit_ms":40.794226,"total_ms":105.85363},"throughput":{"mgas_per_sec":271.5350904829622},"state_reads":{"accounts":26,"storage_slots":1280,"code":1,"code_bytes":869},"state_writes":{"accounts":12,"accounts_deleted":0,"storage_slots":1280,"storage_slots_deleted":0,"code":5,"code_bytes":140},"cache":{"account":{"hits":20,"misses":6,"hit_rate":76.92307692307693},"storage":{"hits":1044,"misses":236,"hit_rate":81.5625},"code":{"hits":1,"misses":0,"hit_rate":100,"hit_bytes":869,"miss_bytes":0}}}
INFO [06-01|05:45:14.846] Imported new potential chain segment     number=18 hash=096481..2397e1 blocks=1 txs=5 mgas=28.743 elapsed=106.080ms   mgasps=270.955 triediffs=4.60MiB   triedirty=0.00B
INFO [06-01|05:45:14.846] Chain head was updated                   number=18 hash=096481..2397e1 root=cb403a..782320 elapsed="115.354µs"
INFO [06-01|05:45:15.049] Submitted transaction                    hash=0xe3b810ca02e8b1faa0015f88fa0b38809f35b00dd1b025507d686664a79b3b19 from=0xbc7A668f0B1595d535B4a2de710461E1C6eba785 nonce=6 recipient=0x7dc4d193051240848c7F4F19679e8514B148080f value=0
INFO [06-01|05:45:15.289] Submitted transaction                    hash=0x9aaf254d7ceb8dd773f20d381555e5c161e21be62480d4e47b25c9d20c93b276 from=0x97D85277E62c57d15268b3E644cdbbDA3706fBEa nonce=6 recipient=0x7dc4d193051240848c7F4F19679e8514B148080f value=0
INFO [06-01|05:45:15.530] Submitted transaction                    hash=0xe7c6362cba14cc8d0ce4c2e97016c41c4535db79151cf0bd3e8ae4bacd62b302 from=0x151775b94274FeE3696377A0B616a1221AC71326 nonce=6 recipient=0x7dc4d193051240848c7F4F19679e8514B148080f value=0
INFO [06-01|05:45:15.769] Submitted transaction                    hash=0x1c98714030f5aa91db8621c7ba1633b41f014f842736d5326b8c333a29109f3b from=0xcA56D5B749835d8Ab9cA8c1c4123e9B5002Fc0Ff nonce=6 recipient=0x7dc4d193051240848c7F4F19679e8514B148080f value=0
INFO [06-01|05:45:15.854] Starting work on payload                 id=0x03533f64e4b281eb
INFO [06-01|05:45:15.936] Updated payload                          id=0x03533f64e4b281eb number=19 hash=a7c136..59beb3 txs=5 withdrawals=0 gas=28,742,975 fees=0.05748595   root=c68478..161f33 elapsed=81.903ms
INFO [06-01|05:45:15.936] Stopping work on payload                 id=0x03533f64e4b281eb reason=delivery
INFO [06-01|05:45:16.009] Submitted transaction                    hash=0xbd6d136f630888e961f9859853e73aecf5fa5fd4b9367482534348778680d1bb from=0xfB403fD865ddcc1C79F9987EDD0ADabC47C24bB9 nonce=6 recipient=0x7dc4d193051240848c7F4F19679e8514B148080f value=0
WARN [06-01|05:45:16.053] {"level":"warn","msg":"Slow block","block":{"number":19,"hash":"0xa7c13663697e371f3afab1a5c49b0b015bfdfe7c8fe4eed4d504cb249159beb3","gas_used":28742975,"tx_count":5},"timing":{"execution_ms":12.848786,"state_read_ms":24.369023,"state_hash_ms":40.282452,"commit_ms":38.560054,"total_ms":116.308199},"throughput":{"mgas_per_sec":247.1276766997312},"state_reads":{"accounts":26,"storage_slots":1280,"code":1,"code_bytes":869},"state_writes":{"accounts":12,"accounts_deleted":0,"storage_slots":1280,"storage_slots_deleted":0,"code":5,"code_bytes":140},"cache":{"account":{"hits":20,"misses":6,"hit_rate":76.92307692307693},"storage":{"hits":1104,"misses":176,"hit_rate":86.25},"code":{"hits":1,"misses":0,"hit_rate":100,"hit_bytes":869,"miss_bytes":0}}}
INFO [06-01|05:45:16.053] Imported new potential chain segment     number=19 hash=a7c136..59beb3 blocks=1 txs=5 mgas=28.743 elapsed=116.497ms   mgasps=246.727 triediffs=5.00MiB   triedirty=0.00B
INFO [06-01|05:45:16.053] Chain head was updated                   number=19 hash=a7c136..59beb3 root=c68478..161f33 elapsed="113.224µs"
INFO [06-01|05:45:16.249] Submitted transaction                    hash=0x2226c3e79e1d08a000108a855723d009c8e44115c28daf315e7056a04dbc88d8 from=0x9e8E8A4256457eF170586329D9a01487aA0bA29e nonce=6 recipient=0x7dc4d193051240848c7F4F19679e8514B148080f value=0
INFO [06-01|05:45:16.489] Submitted transaction                    hash=0x4e7750ea306d87a2d89c7a598dda21741b3c5973602298e26734c3000697c304 from=0x5AFc7eaFAA1e34De8e6fB9b014CFD08b18377F26 nonce=6 recipient=0x7dc4d193051240848c7F4F19679e8514B148080f value=0
INFO [06-01|05:45:16.729] Submitted transaction                    hash=0x76025373d3be51d3da44b0d20f21dd019cd938d8feda9953b20097224c88d3e0 from=0x513978fc4d7fF9951AA177D59C7A1b9AA777119a nonce=6 recipient=0x7dc4d193051240848c7F4F19679e8514B148080f value=0
INFO [06-01|05:45:16.969] Submitted transaction                    hash=0x8e72fb8547401726c35ac957b3636e64c382dbe977533c74344d10697373d2b7 from=0x225bD09Ef41092086C35444d335Df887A0691eD0 nonce=6 recipient=0x7dc4d193051240848c7F4F19679e8514B148080f value=0
INFO [06-01|05:45:17.062] Starting work on payload                 id=0x0383d72b50d1b535
INFO [06-01|05:45:17.156] Updated payload                          id=0x0383d72b50d1b535 number=20 hash=0cc201..25e52f txs=5 withdrawals=0 gas=28,742,975 fees=0.05748595   root=a799cb..b8a55b elapsed=93.259ms
INFO [06-01|05:45:17.156] Stopping work on payload                 id=0x0383d72b50d1b535 reason=delivery
INFO [06-01|05:45:17.218] Submitted transaction                    hash=0xbb5fa7726f8b0d5fedef422b62da19b5e2d4beee45271548184f9deb34cdbba5 from=0x0A114598D397AB388E751b917300055F2904166F nonce=6 recipient=0x7dc4d193051240848c7F4F19679e8514B148080f value=0
WARN [06-01|05:45:17.300] {"level":"warn","msg":"Slow block","block":{"number":20,"hash":"0x0cc201cc02d49723b4d2d5c7a8cfdeaecff2993c35085717dfeb6447d925e52f","gas_used":28742975,"tx_count":5},"timing":{"execution_ms":20.170091,"state_read_ms":23.54778,"state_hash_ms":37.824012,"commit_ms":61.888919,"total_ms":143.632437},"throughput":{"mgas_per_sec":200.11479022666725},"state_reads":{"accounts":26,"storage_slots":1280,"code":1,"code_bytes":869},"state_writes":{"accounts":12,"accounts_deleted":0,"storage_slots":1280,"storage_slots_deleted":0,"code":5,"code_bytes":140},"cache":{"account":{"hits":20,"misses":6,"hit_rate":76.92307692307693},"storage":{"hits":1032,"misses":248,"hit_rate":80.625},"code":{"hits":1,"misses":0,"hit_rate":100,"hit_bytes":869,"miss_bytes":0}}}
INFO [06-01|05:45:17.300] Imported new potential chain segment     number=20 hash=0cc201..25e52f blocks=1 txs=5 mgas=28.743 elapsed=143.918ms   mgasps=199.717 triediffs=5.41MiB   triedirty=0.00B
INFO [06-01|05:45:17.301] Chain head was updated                   number=20 hash=0cc201..25e52f root=a799cb..b8a55b elapsed="127.651µs"
INFO [06-01|05:45:17.450] Submitted transaction                    hash=0xbdd3ee03c9f4ec76fd351ce5b2623e1ad63670af5a353b46295bd63775ad7d66 from=0xbc7A668f0B1595d535B4a2de710461E1C6eba785 nonce=7 recipient=0x7dc4d193051240848c7F4F19679e8514B148080f value=0
INFO [06-01|05:45:17.689] Submitted transaction                    hash=0x787380758b8712daa3992d119f8853a13feb9bb258c58e230b43b59f3efb53f6 from=0x97D85277E62c57d15268b3E644cdbbDA3706fBEa nonce=7 recipient=0x7dc4d193051240848c7F4F19679e8514B148080f value=0
INFO [06-01|05:45:17.929] Submitted transaction                    hash=0x36e2044cc5ee91870b8c3d8cf529942a4c758b1227f6e93237c6328ca003a944 from=0x151775b94274FeE3696377A0B616a1221AC71326 nonce=7 recipient=0x7dc4d193051240848c7F4F19679e8514B148080f value=0
INFO [06-01|05:45:18.170] Submitted transaction                    hash=0x6b3b50aed56fe279c6e1cc5f097ad8a867e75de8c58d2c68df09b432135f07e9 from=0xcA56D5B749835d8Ab9cA8c1c4123e9B5002Fc0Ff nonce=7 recipient=0x7dc4d193051240848c7F4F19679e8514B148080f value=0
INFO [06-01|05:45:18.315] Starting work on payload                 id=0x039d8578e9cf323a
INFO [06-01|05:45:18.410] Submitted transaction                    hash=0xf7e312e2760da1c659ca8db4cec517726b63e760e9c67f4f703328c8f6f26f6e from=0xfB403fD865ddcc1C79F9987EDD0ADabC47C24bB9 nonce=7 recipient=0x7dc4d193051240848c7F4F19679e8514B148080f value=0
INFO [06-01|05:45:18.428] Updated payload                          id=0x039d8578e9cf323a number=21 hash=60202e..08e789 txs=5 withdrawals=0 gas=28,742,975 fees=0.05748595   root=425d6e..62f520 elapsed=112.556ms
INFO [06-01|05:45:18.428] Stopping work on payload                 id=0x039d8578e9cf323a reason=delivery
WARN [06-01|05:45:18.594] {"level":"warn","msg":"Slow block","block":{"number":21,"hash":"0x60202eaabfd621d5326400ecea55ec79e2fe78f80dbc3ac134953fcc6408e789","gas_used":28742975,"tx_count":5},"timing":{"execution_ms":18.684994,"state_read_ms":29.561089,"state_hash_ms":61.314542,"commit_ms":55.270455,"total_ms":165.076234},"throughput":{"mgas_per_sec":174.11940110046368},"state_reads":{"accounts":26,"storage_slots":1280,"code":1,"code_bytes":869},"state_writes":{"accounts":12,"accounts_deleted":0,"storage_slots":1280,"storage_slots_deleted":0,"code":5,"code_bytes":140},"cache":{"account":{"hits":20,"misses":6,"hit_rate":76.92307692307693},"storage":{"hits":1090,"misses":190,"hit_rate":85.15625},"code":{"hits":1,"misses":0,"hit_rate":100,"hit_bytes":869,"miss_bytes":0}}}
INFO [06-01|05:45:18.594] Imported new potential chain segment     number=21 hash=60202e..08e789 blocks=1 txs=5 mgas=28.743 elapsed=165.385ms   mgasps=173.793 triediffs=5.82MiB   triedirty=0.00B
INFO [06-01|05:45:18.594] Chain head was updated                   number=21 hash=60202e..08e789 root=425d6e..62f520 elapsed="130.136µs"
INFO [06-01|05:45:18.650] Submitted transaction                    hash=0xcea3fddad2e86082c98da421a20011a3e8387dcf834d772ebf0ef40adb5297ea from=0x9e8E8A4256457eF170586329D9a01487aA0bA29e nonce=7 recipient=0x7dc4d193051240848c7F4F19679e8514B148080f value=0
INFO [06-01|05:45:18.890] Submitted transaction                    hash=0xe97d32608ec56e066f1b5a5ab36bcc22020c3ffe70d8debc821ffe9768501197 from=0x5AFc7eaFAA1e34De8e6fB9b014CFD08b18377F26 nonce=7 recipient=0x7dc4d193051240848c7F4F19679e8514B148080f value=0
INFO [06-01|05:45:19.130] Submitted transaction                    hash=0x5cb89534bd9559768a4901d75204729f9b56048d6e3d113d684426afd11058d8 from=0x513978fc4d7fF9951AA177D59C7A1b9AA777119a nonce=7 recipient=0x7dc4d193051240848c7F4F19679e8514B148080f value=0
INFO [06-01|05:45:19.370] Submitted transaction                    hash=0xf4e5d7482a26d6299f3db4f4ac429eff33bad181fa25e0d556b63c55cb4747f1 from=0x225bD09Ef41092086C35444d335Df887A0691eD0 nonce=7 recipient=0x7dc4d193051240848c7F4F19679e8514B148080f value=0
INFO [06-01|05:45:19.608] Starting work on payload                 id=0x03654e26659a9ae6
INFO [06-01|05:45:19.609] Submitted transaction                    hash=0x4b9164e34fa831b0578c23f7b4ba1924aa480398880251cf3df4e95aa1a34591 from=0x0A114598D397AB388E751b917300055F2904166F nonce=7 recipient=0x7dc4d193051240848c7F4F19679e8514B148080f value=0
INFO [06-01|05:45:19.714] Updated payload                          id=0x03654e26659a9ae6 number=22 hash=e156aa..86d406 txs=5 withdrawals=0 gas=28,742,975 fees=0.05748595   root=e2755e..719d12 elapsed=106.170ms
INFO [06-01|05:45:19.714] Stopping work on payload                 id=0x03654e26659a9ae6 reason=delivery
WARN [06-01|05:45:19.841] {"level":"warn","msg":"Slow block","block":{"number":22,"hash":"0xe156aa8b79196dfb1246a46c3ff3c480e1bdefd650a755c8876fa5325d86d406","gas_used":28742975,"tx_count":5},"timing":{"execution_ms":15.897829,"state_read_ms":25.773864,"state_hash_ms":49.317442,"commit_ms":35.344063,"total_ms":126.592747},"throughput":{"mgas_per_sec":227.05072510986747},"state_reads":{"accounts":26,"storage_slots":1280,"code":1,"code_bytes":869},"state_writes":{"accounts":12,"accounts_deleted":0,"storage_slots":1280,"storage_slots_deleted":0,"code":5,"code_bytes":140},"cache":{"account":{"hits":21,"misses":5,"hit_rate":80.76923076923077},"storage":{"hits":1068,"misses":212,"hit_rate":83.4375},"code":{"hits":1,"misses":0,"hit_rate":100,"hit_bytes":869,"miss_bytes":0}}}
INFO [06-01|05:45:19.842] Imported new potential chain segment     number=22 hash=e156aa..86d406 blocks=1 txs=5 mgas=28.743 elapsed=126.865ms   mgasps=226.562 triediffs=6.22MiB   triedirty=0.00B
INFO [06-01|05:45:19.842] Chain head was updated                   number=22 hash=e156aa..86d406 root=e2755e..719d12 elapsed="121.252µs"
INFO [06-01|05:45:19.849] Submitted transaction                    hash=0xf93c80f04a794c823456decd1741f2633a324eed57a9265f4a0aebe9fff1b10b from=0xbc7A668f0B1595d535B4a2de710461E1C6eba785 nonce=8 recipient=0x7dc4d193051240848c7F4F19679e8514B148080f value=0
INFO [06-01|05:45:20.090] Submitted transaction                    hash=0xcaf3df5666676797ce4ef92ed0188a60160243e78992e447bcd198642b813ece from=0x97D85277E62c57d15268b3E644cdbbDA3706fBEa nonce=8 recipient=0x7dc4d193051240848c7F4F19679e8514B148080f value=0
INFO [06-01|05:45:20.329] Submitted transaction                    hash=0x3ecb7a157ae6ce312019432133cc70cb0a0dd50dc51e7b81dc8ec3d774617205 from=0x151775b94274FeE3696377A0B616a1221AC71326 nonce=8 recipient=0x7dc4d193051240848c7F4F19679e8514B148080f value=0
INFO [06-01|05:45:20.569] Submitted transaction                    hash=0x1226cdff5176400484794c2aff9e2202cd6d615ec90bf4f8ccaf15031ed2b718 from=0xcA56D5B749835d8Ab9cA8c1c4123e9B5002Fc0Ff nonce=8 recipient=0x7dc4d193051240848c7F4F19679e8514B148080f value=0
INFO [06-01|05:45:20.809] Submitted transaction                    hash=0x06e29eaa39809c646677226ab95e48149d7b9d7ba826a548e514f144034f6335 from=0xfB403fD865ddcc1C79F9987EDD0ADabC47C24bB9 nonce=8 recipient=0x7dc4d193051240848c7F4F19679e8514B148080f value=0
INFO [06-01|05:45:20.849] Starting work on payload                 id=0x034b18f23a87d959
INFO [06-01|05:45:20.952] Updated payload                          id=0x034b18f23a87d959 number=23 hash=5d10a0..61c21c txs=5 withdrawals=0 gas=28,742,975 fees=0.05748595   root=0566cd..68e23b elapsed=102.321ms
INFO [06-01|05:45:20.952] Stopping work on payload                 id=0x034b18f23a87d959 reason=delivery
INFO [06-01|05:45:21.049] Submitted transaction                    hash=0xeb6238fe9ca40e6add57165d2a19324934f5563caab241618c91ecbff1654d0b from=0x9e8E8A4256457eF170586329D9a01487aA0bA29e nonce=8 recipient=0x7dc4d193051240848c7F4F19679e8514B148080f value=0
WARN [06-01|05:45:21.049] {"level":"warn","msg":"Slow block","block":{"number":23,"hash":"0x5d10a08c2283925a8bef67f4ec2b0e448f85addc44e3c2d16e0072843861c21c","gas_used":28742975,"tx_count":5},"timing":{"execution_ms":14.426784,"state_read_ms":25.287839,"state_hash_ms":28.719987,"commit_ms":28.309164,"total_ms":96.90965},"throughput":{"mgas_per_sec":296.5955918734615},"state_reads":{"accounts":26,"storage_slots":1280,"code":1,"code_bytes":869},"state_writes":{"accounts":12,"accounts_deleted":0,"storage_slots":1280,"storage_slots_deleted":0,"code":5,"code_bytes":140},"cache":{"account":{"hits":19,"misses":7,"hit_rate":73.07692307692307},"storage":{"hits":1017,"misses":263,"hit_rate":79.453125},"code":{"hits":1,"misses":0,"hit_rate":100,"hit_bytes":869,"miss_bytes":0}}}
INFO [06-01|05:45:21.049] Imported new potential chain segment     number=23 hash=5d10a0..61c21c blocks=1 txs=5 mgas=28.743 elapsed=97.172ms    mgasps=295.792 triediffs=6.63MiB   triedirty=0.00B
INFO [06-01|05:45:21.050] Chain head was updated                   number=23 hash=5d10a0..61c21c root=0566cd..68e23b elapsed="214.919µs"
INFO [06-01|05:45:21.289] Submitted transaction                    hash=0x3b9d9084be5e2470880e48e3c712af9dbf6a3e1d2fda1a81efaf235db08cd657 from=0x5AFc7eaFAA1e34De8e6fB9b014CFD08b18377F26 nonce=8 recipient=0x7dc4d193051240848c7F4F19679e8514B148080f value=0
INFO [06-01|05:45:21.530] Submitted transaction                    hash=0x3515992de90ef121c4e6943fafd86a9e317fbdd91afb9cbbd65a923a85971236 from=0x513978fc4d7fF9951AA177D59C7A1b9AA777119a nonce=8 recipient=0x7dc4d193051240848c7F4F19679e8514B148080f value=0
INFO [06-01|05:45:21.769] Submitted transaction                    hash=0x05ba174e65815e2c71684a41b6d7b6e2e4db363b227f3beaaa11061881d5c22e from=0x225bD09Ef41092086C35444d335Df887A0691eD0 nonce=8 recipient=0x7dc4d193051240848c7F4F19679e8514B148080f value=0
INFO [06-01|05:45:22.009] Submitted transaction                    hash=0x904b965e874026ae72bf043821d1d356628b56ced370221cda89a7811dd1eb80 from=0x0A114598D397AB388E751b917300055F2904166F nonce=8 recipient=0x7dc4d193051240848c7F4F19679e8514B148080f value=0
INFO [06-01|05:45:22.059] Starting work on payload                 id=0x039d9a70a805ab44
INFO [06-01|05:45:22.166] Updated payload                          id=0x039d9a70a805ab44 number=24 hash=14f0c5..a5b574 txs=5 withdrawals=0 gas=28,742,975 fees=0.05748595   root=b38dff..94c4fe elapsed=106.633ms
INFO [06-01|05:45:22.166] Stopping work on payload                 id=0x039d9a70a805ab44 reason=delivery
INFO [06-01|05:45:22.249] Submitted transaction                    hash=0xb02233aa81cbe48152d97ad88a66522886ce9084d78819a7f8380bb5453e6a79 from=0xbc7A668f0B1595d535B4a2de710461E1C6eba785 nonce=9 recipient=0x7dc4d193051240848c7F4F19679e8514B148080f value=0
WARN [06-01|05:45:22.267] {"level":"warn","msg":"Slow block","block":{"number":24,"hash":"0x14f0c556c541a5d739cd114317baa94b6436eba549d765f13f3514ea06a5b574","gas_used":28742975,"tx_count":5},"timing":{"execution_ms":14.409157,"state_read_ms":22.478131,"state_hash_ms":32.029119,"commit_ms":31.330822,"total_ms":100.434803},"throughput":{"mgas_per_sec":286.1854072636554},"state_reads":{"accounts":26,"storage_slots":1280,"code":1,"code_bytes":869},"state_writes":{"accounts":12,"accounts_deleted":0,"storage_slots":1280,"storage_slots_deleted":0,"code":5,"code_bytes":140},"cache":{"account":{"hits":20,"misses":6,"hit_rate":76.92307692307693},"storage":{"hits":1094,"misses":186,"hit_rate":85.46875},"code":{"hits":1,"misses":0,"hit_rate":100,"hit_bytes":869,"miss_bytes":0}}}
INFO [06-01|05:45:22.267] Imported new potential chain segment     number=24 hash=14f0c5..a5b574 blocks=1 txs=5 mgas=28.743 elapsed=100.642ms   mgasps=285.594 triediffs=7.03MiB   triedirty=0.00B
INFO [06-01|05:45:22.267] Chain head was updated                   number=24 hash=14f0c5..a5b574 root=b38dff..94c4fe elapsed="116.788µs"
INFO [06-01|05:45:22.489] Submitted transaction                    hash=0x5a7ce04d354fd98c92671c54dcedfbcddd8dda04186dd18ad07ca5a999931232 from=0x97D85277E62c57d15268b3E644cdbbDA3706fBEa nonce=9 recipient=0x7dc4d193051240848c7F4F19679e8514B148080f value=0
INFO [06-01|05:45:22.730] Submitted transaction                    hash=0x0b8f00b166704a1f4f6086efba207bea0eeb4cdac91239c1e81e7e29b7744f51 from=0x151775b94274FeE3696377A0B616a1221AC71326 nonce=9 recipient=0x7dc4d193051240848c7F4F19679e8514B148080f value=0
INFO [06-01|05:45:22.969] Submitted transaction                    hash=0x8e48f8e7d4688ff82c4cfb6018a955593084af4f9321a74b75f85841c2475b57 from=0xcA56D5B749835d8Ab9cA8c1c4123e9B5002Fc0Ff nonce=9 recipient=0x7dc4d193051240848c7F4F19679e8514B148080f value=0
INFO [06-01|05:45:23.209] Submitted transaction                    hash=0xfdd711d36a6abc6b994f2d020c21b507c02817a5f9b58aeeb218590d796cfdcf from=0xfB403fD865ddcc1C79F9987EDD0ADabC47C24bB9 nonce=9 recipient=0x7dc4d193051240848c7F4F19679e8514B148080f value=0
INFO [06-01|05:45:23.289] Starting work on payload                 id=0x0369cc9acbe3d283
INFO [06-01|05:45:23.390] Updated payload                          id=0x0369cc9acbe3d283 number=25 hash=316eeb..ca8693 txs=5 withdrawals=0 gas=28,742,975 fees=0.05748595   root=3c3278..aab639 elapsed=100.519ms
INFO [06-01|05:45:23.390] Stopping work on payload                 id=0x0369cc9acbe3d283 reason=delivery
INFO [06-01|05:45:23.450] Submitted transaction                    hash=0x21f18bcd39f7ee23e1a37db03aaaaf16a5d16ce8be9070cb46a3e549a7e24d09 from=0x9e8E8A4256457eF170586329D9a01487aA0bA29e nonce=9 recipient=0x7dc4d193051240848c7F4F19679e8514B148080f value=0
WARN [06-01|05:45:23.506] {"level":"warn","msg":"Slow block","block":{"number":25,"hash":"0x316eebbc592a7d91f1c5b79a34b5cdb02fdaa4f8f020ef4a948db2e5c0ca8693","gas_used":28742975,"tx_count":5},"timing":{"execution_ms":16.694108,"state_read_ms":24.532539,"state_hash_ms":31.533124,"commit_ms":42.223357,"total_ms":115.204535},"throughput":{"mgas_per_sec":249.49516961289763},"state_reads":{"accounts":26,"storage_slots":1280,"code":1,"code_bytes":869},"state_writes":{"accounts":12,"accounts_deleted":0,"storage_slots":1280,"storage_slots_deleted":0,"code":5,"code_bytes":140},"cache":{"account":{"hits":20,"misses":6,"hit_rate":76.92307692307693},"storage":{"hits":1075,"misses":205,"hit_rate":83.984375},"code":{"hits":1,"misses":0,"hit_rate":100,"hit_bytes":869,"miss_bytes":0}}}
INFO [06-01|05:45:23.506] Imported new potential chain segment     number=25 hash=316eeb..ca8693 blocks=1 txs=5 mgas=28.743 elapsed=115.468ms   mgasps=248.925 triediffs=7.44MiB   triedirty=0.00B
INFO [06-01|05:45:23.506] Chain head was updated                   number=25 hash=316eeb..ca8693 root=3c3278..aab639 elapsed="119.319µs"
INFO [06-01|05:45:23.689] Submitted transaction                    hash=0xf3f2c1434924942c9dfee18480a8dea8564c5b323f1e0c0537ffdd88477aa5a2 from=0x5AFc7eaFAA1e34De8e6fB9b014CFD08b18377F26 nonce=9 recipient=0x7dc4d193051240848c7F4F19679e8514B148080f value=0
INFO [06-01|05:45:23.929] Submitted transaction                    hash=0xc03f16f2025d20a9fce86093a92769cc89d4f0d5758a25f2441f16fc5ba85a62 from=0x513978fc4d7fF9951AA177D59C7A1b9AA777119a nonce=9 recipient=0x7dc4d193051240848c7F4F19679e8514B148080f value=0
INFO [06-01|05:45:24.169] Submitted transaction                    hash=0xd4282c255922e821090f85981b2f0795f27e7def8a8b4c978954909f967bbd22 from=0x225bD09Ef41092086C35444d335Df887A0691eD0 nonce=9 recipient=0x7dc4d193051240848c7F4F19679e8514B148080f value=0
INFO [06-01|05:45:24.410] Submitted transaction                    hash=0xff51c6484ece1cb728f80089b41f72f050b1e513acdb7affa6be720693ec9410 from=0x0A114598D397AB388E751b917300055F2904166F nonce=9 recipient=0x7dc4d193051240848c7F4F19679e8514B148080f value=0
INFO [06-01|05:45:24.517] Starting work on payload                 id=0x03ed29feafa9447a
INFO [06-01|05:45:24.629] Updated payload                          id=0x03ed29feafa9447a number=26 hash=572740..1881ba txs=5 withdrawals=0 gas=28,742,975 fees=0.05748595   root=ba196a..5e34c1 elapsed=112.060ms
INFO [06-01|05:45:24.629] Stopping work on payload                 id=0x03ed29feafa9447a reason=delivery
INFO [06-01|05:45:24.649] Submitted transaction                    hash=0x7bb780e84913d8df3389698b1d3775d7f0d6cc13c00b6f442c68bd92e0625386 from=0xbc7A668f0B1595d535B4a2de710461E1C6eba785 nonce=10 recipient=0x7dc4d193051240848c7F4F19679e8514B148080f value=0
WARN [06-01|05:45:24.745] {"level":"warn","msg":"Slow block","block":{"number":26,"hash":"0x5727408edb61b829adc67e163f4058a315c4f596d2d9e44542c89a6a561881ba","gas_used":28742975,"tx_count":5},"timing":{"execution_ms":12.356131,"state_read_ms":27.609271,"state_hash_ms":32.203524,"commit_ms":43.367256,"total_ms":115.723252},"throughput":{"mgas_per_sec":248.37683441526514},"state_reads":{"accounts":26,"storage_slots":1280,"code":1,"code_bytes":869},"state_writes":{"accounts":12,"accounts_deleted":0,"storage_slots":1280,"storage_slots_deleted":0,"code":5,"code_bytes":140},"cache":{"account":{"hits":20,"misses":6,"hit_rate":76.92307692307693},"storage":{"hits":1044,"misses":236,"hit_rate":81.5625},"code":{"hits":1,"misses":0,"hit_rate":100,"hit_bytes":869,"miss_bytes":0}}}
INFO [06-01|05:45:24.745] Imported new potential chain segment     number=26 hash=572740..1881ba blocks=1 txs=5 mgas=28.743 elapsed=115.931ms   mgasps=247.930 triediffs=7.84MiB   triedirty=0.00B
INFO [06-01|05:45:24.746] Chain head was updated                   number=26 hash=572740..1881ba root=ba196a..5e34c1 elapsed="127.228µs"
INFO [06-01|05:45:24.889] Submitted transaction                    hash=0x53624ef970afb7920232dbce1ecdd7c9ec9894e741cb12dcb845562dca42679a from=0x97D85277E62c57d15268b3E644cdbbDA3706fBEa nonce=10 recipient=0x7dc4d193051240848c7F4F19679e8514B148080f value=0
INFO [06-01|05:45:25.129] Submitted transaction                    hash=0xf61665c590127972c34fc401f62fdc0eedd004955b8e1e9ecbcadd3dfb62e094 from=0x151775b94274FeE3696377A0B616a1221AC71326 nonce=10 recipient=0x7dc4d193051240848c7F4F19679e8514B148080f value=0
INFO [06-01|05:45:25.369] Submitted transaction                    hash=0xc3ac7539bb416c51bb41a304fe3fb57c05fd3fbffd4f26d3d25bcf021d394887 from=0xcA56D5B749835d8Ab9cA8c1c4123e9B5002Fc0Ff nonce=10 recipient=0x7dc4d193051240848c7F4F19679e8514B148080f value=0
INFO [06-01|05:45:25.610] Submitted transaction                    hash=0x2efa636a080823bbf36c16c2f888edff2cbe0c726f6367ef2c4a602dace53656 from=0xfB403fD865ddcc1C79F9987EDD0ADabC47C24bB9 nonce=10 recipient=0x7dc4d193051240848c7F4F19679e8514B148080f value=0
INFO [06-01|05:45:25.755] Starting work on payload                 id=0x03173e03034edf62
INFO [06-01|05:45:25.850] Submitted transaction                    hash=0x303d1a37e8325fce19667a806994d53b3a2bcf47915b4b819a3a2e26b722210f from=0x9e8E8A4256457eF170586329D9a01487aA0bA29e nonce=10 recipient=0x7dc4d193051240848c7F4F19679e8514B148080f value=0
INFO [06-01|05:45:25.856] Updated payload                          id=0x03173e03034edf62 number=27 hash=f4de4b..1c017f txs=5 withdrawals=0 gas=28,742,975 fees=0.05748595   root=e109e9..3415ed elapsed=100.295ms
INFO [06-01|05:45:25.856] Stopping work on payload                 id=0x03173e03034edf62 reason=delivery
WARN [06-01|05:45:25.965] {"level":"warn","msg":"Slow block","block":{"number":27,"hash":"0xf4de4b44d3ce53ce445bf071cd78c159a6c654a47db42503ec3026cb5e1c017f","gas_used":28742975,"tx_count":5},"timing":{"execution_ms":11.616721,"state_read_ms":28.128864,"state_hash_ms":32.715704,"commit_ms":35.810975,"total_ms":108.468077},"throughput":{"mgas_per_sec":264.99017770915214},"state_reads":{"accounts":26,"storage_slots":1280,"code":1,"code_bytes":869},"state_writes":{"accounts":12,"accounts_deleted":0,"storage_slots":1280,"storage_slots_deleted":0,"code":5,"code_bytes":140},"cache":{"account":{"hits":21,"misses":5,"hit_rate":80.76923076923077},"storage":{"hits":1089,"misses":191,"hit_rate":85.078125},"code":{"hits":1,"misses":0,"hit_rate":100,"hit_bytes":869,"miss_bytes":0}}}
INFO [06-01|05:45:25.965] Imported new potential chain segment     number=27 hash=f4de4b..1c017f blocks=1 txs=5 mgas=28.743 elapsed=108.688ms   mgasps=264.452 triediffs=8.24MiB   triedirty=0.00B
INFO [06-01|05:45:25.965] Chain head was updated                   number=27 hash=f4de4b..1c017f root=e109e9..3415ed elapsed="334.644µs"
INFO [06-01|05:45:26.089] Submitted transaction                    hash=0x01194c52dcbce1e12380d63b36ca2196c4d82a47b1e10ffcbd58f79132025b5d from=0x5AFc7eaFAA1e34De8e6fB9b014CFD08b18377F26 nonce=10 recipient=0x7dc4d193051240848c7F4F19679e8514B148080f value=0
INFO [06-01|05:45:26.329] Submitted transaction                    hash=0xd4faa1edc709cd7ece11c4c172ee72d65661a4118c46ff1dd33134c811eb1e85 from=0x513978fc4d7fF9951AA177D59C7A1b9AA777119a nonce=10 recipient=0x7dc4d193051240848c7F4F19679e8514B148080f value=0
INFO [06-01|05:45:26.569] Submitted transaction                    hash=0xe97c7042843880689cb29d606a5613ba5a94cab81061e679755dc6cc9137d7fa from=0x225bD09Ef41092086C35444d335Df887A0691eD0 nonce=10 recipient=0x7dc4d193051240848c7F4F19679e8514B148080f value=0
INFO [06-01|05:45:26.810] Submitted transaction                    hash=0x8883fdbca1eed8830a209a31ad5912e57869144c8c85cb21155f8967b340f23d from=0x0A114598D397AB388E751b917300055F2904166F nonce=10 recipient=0x7dc4d193051240848c7F4F19679e8514B148080f value=0
INFO [06-01|05:45:26.973] Starting work on payload                 id=0x033f16a073fa5f7d
INFO [06-01|05:45:27.049] Submitted transaction                    hash=0x7bde2baa72dd25ca010236719ea92b61b72b5c38e8cf1b99bf6a0cbcb11d0551 from=0xbc7A668f0B1595d535B4a2de710461E1C6eba785 nonce=11 recipient=0x7dc4d193051240848c7F4F19679e8514B148080f value=0
INFO [06-01|05:45:27.090] Updated payload                          id=0x033f16a073fa5f7d number=28 hash=812b62..54b775 txs=5 withdrawals=0 gas=28,742,975 fees=0.05748595   root=950a7f..678c53 elapsed=116.501ms
INFO [06-01|05:45:27.090] Stopping work on payload                 id=0x033f16a073fa5f7d reason=delivery
WARN [06-01|05:45:27.208] {"level":"warn","msg":"Slow block","block":{"number":28,"hash":"0x812b62677f13c3c536db1a6379ecd955c9c26832edcb7ce4d4c29865f754b775","gas_used":28742975,"tx_count":5},"timing":{"execution_ms":9.8366,"state_read_ms":34.512164,"state_hash_ms":34.002468,"commit_ms":39.258651,"total_ms":117.790949},"throughput":{"mgas_per_sec":244.0168386791756},"state_reads":{"accounts":26,"storage_slots":1280,"code":1,"code_bytes":869},"state_writes":{"accounts":12,"accounts_deleted":0,"storage_slots":1280,"storage_slots_deleted":0,"code":5,"code_bytes":140},"cache":{"account":{"hits":20,"misses":6,"hit_rate":76.92307692307693},"storage":{"hits":1007,"misses":273,"hit_rate":78.671875},"code":{"hits":1,"misses":0,"hit_rate":100,"hit_bytes":869,"miss_bytes":0}}}
INFO [06-01|05:45:27.208] Imported new potential chain segment     number=28 hash=812b62..54b775 blocks=1 txs=5 mgas=28.743 elapsed=118.148ms   mgasps=243.279 triediffs=8.65MiB   triedirty=0.00B
INFO [06-01|05:45:27.209] Chain head was updated                   number=28 hash=812b62..54b775 root=950a7f..678c53 elapsed="227.387µs"
INFO [06-01|05:45:27.289] Submitted transaction                    hash=0x11a88c26acedeef6952e4ff66e47b99cd420eea35bb10e0a2bd141c3961bafae from=0x97D85277E62c57d15268b3E644cdbbDA3706fBEa nonce=11 recipient=0x7dc4d193051240848c7F4F19679e8514B148080f value=0
INFO [06-01|05:45:27.529] Submitted transaction                    hash=0x6171ee0ed9cb4bce3ebb89418b035f5c141c15d89e47e47dab080079d6556d9b from=0x151775b94274FeE3696377A0B616a1221AC71326 nonce=11 recipient=0x7dc4d193051240848c7F4F19679e8514B148080f value=0
INFO [06-01|05:45:27.769] Submitted transaction                    hash=0xddba33848220842e68f596dc86e7650a651ea0973fbd9a22714e51af69b17b7e from=0xcA56D5B749835d8Ab9cA8c1c4123e9B5002Fc0Ff nonce=11 recipient=0x7dc4d193051240848c7F4F19679e8514B148080f value=0
INFO [06-01|05:45:28.009] Submitted transaction                    hash=0xde1b7a1ed548e9c21837f0d1455aa64152bcf8a837ec6b00d23a164553a71cc7 from=0xfB403fD865ddcc1C79F9987EDD0ADabC47C24bB9 nonce=11 recipient=0x7dc4d193051240848c7F4F19679e8514B148080f value=0
INFO [06-01|05:45:28.220] Starting work on payload                 id=0x030523a02e6f3813
INFO [06-01|05:45:28.251] Submitted transaction                    hash=0x85d30d218aa6950b67db1f2fac2cb94c7b7e3c405fd191b22b0478afaf164e56 from=0x9e8E8A4256457eF170586329D9a01487aA0bA29e nonce=11 recipient=0x7dc4d193051240848c7F4F19679e8514B148080f value=0
INFO [06-01|05:45:28.310] Updated payload                          id=0x030523a02e6f3813 number=29 hash=0e6676..1af6a9 txs=5 withdrawals=0 gas=28,742,975 fees=0.05748595   root=8b63b1..ca2275 elapsed=89.519ms
INFO [06-01|05:45:28.310] Stopping work on payload                 id=0x030523a02e6f3813 reason=delivery
WARN [06-01|05:45:28.433] {"level":"warn","msg":"Slow block","block":{"number":29,"hash":"0x0e6676ffb4182ef4386f332788e8bc5addd50ba1d433595da4883161a81af6a9","gas_used":28742975,"tx_count":5},"timing":{"execution_ms":14.837136,"state_read_ms":24.159853,"state_hash_ms":43.648214,"commit_ms":39.340879,"total_ms":122.195218},"throughput":{"mgas_per_sec":235.2217662069231},"state_reads":{"accounts":26,"storage_slots":1280,"code":1,"code_bytes":869},"state_writes":{"accounts":12,"accounts_deleted":0,"storage_slots":1280,"storage_slots_deleted":0,"code":5,"code_bytes":140},"cache":{"account":{"hits":20,"misses":6,"hit_rate":76.92307692307693},"storage":{"hits":1029,"misses":251,"hit_rate":80.390625},"code":{"hits":1,"misses":0,"hit_rate":100,"hit_bytes":869,"miss_bytes":0}}}
INFO [06-01|05:45:28.433] Imported new potential chain segment     number=29 hash=0e6676..1af6a9 blocks=1 txs=5 mgas=28.743 elapsed=122.425ms   mgasps=234.779 triediffs=9.06MiB   triedirty=0.00B
INFO [06-01|05:45:28.433] Chain head was updated                   number=29 hash=0e6676..1af6a9 root=8b63b1..ca2275 elapsed="126.768µs"
INFO [06-01|05:45:28.489] Submitted transaction                    hash=0xba378f47e4b8873df3316735433683a4ce5843a4a1c0426d705f986878adcdcd from=0x5AFc7eaFAA1e34De8e6fB9b014CFD08b18377F26 nonce=11 recipient=0x7dc4d193051240848c7F4F19679e8514B148080f value=0
INFO [06-01|05:45:28.730] Submitted transaction                    hash=0xceea772b3d5c4c5466a5bde3f683e1280cad359bd0b310b99532fd49e5f12454 from=0x513978fc4d7fF9951AA177D59C7A1b9AA777119a nonce=11 recipient=0x7dc4d193051240848c7F4F19679e8514B148080f value=0
INFO [06-01|05:45:28.970] Submitted transaction                    hash=0x62c904c73f7ec4f7e8956e439378171ebc36b2e2b539ce3ef3ae7b391681052c from=0x225bD09Ef41092086C35444d335Df887A0691eD0 nonce=11 recipient=0x7dc4d193051240848c7F4F19679e8514B148080f value=0
INFO [06-01|05:45:29.210] Submitted transaction                    hash=0x92249428d8f3533583e51222a13ed54f23acf05531ef379b1e16b1f91ec0e214 from=0x0A114598D397AB388E751b917300055F2904166F nonce=11 recipient=0x7dc4d193051240848c7F4F19679e8514B148080f value=0
INFO [06-01|05:45:29.441] Starting work on payload                 id=0x0373fda852c58ddb
INFO [06-01|05:45:29.450] Submitted transaction                    hash=0xae2f6e8b47d4653f9375c48a3fe54d5602b6e1c623a75148c9f4089286666753 from=0xbc7A668f0B1595d535B4a2de710461E1C6eba785 nonce=12 recipient=0x7dc4d193051240848c7F4F19679e8514B148080f value=0
INFO [06-01|05:45:29.543] Updated payload                          id=0x0373fda852c58ddb number=30 hash=1d2135..d4e532 txs=5 withdrawals=0 gas=28,742,975 fees=0.05748595   root=8a67d5..489e21 elapsed=102.712ms
INFO [06-01|05:45:29.544] Stopping work on payload                 id=0x0373fda852c58ddb reason=delivery
WARN [06-01|05:45:29.651] {"level":"warn","msg":"Slow block","block":{"number":30,"hash":"0x1d213586fde2cf8f02bbed984fd1e9965d8ebb8729fe6548a7d836c96cd4e532","gas_used":28742975,"tx_count":5},"timing":{"execution_ms":14.491861,"state_read_ms":21.204157,"state_hash_ms":34.703408,"commit_ms":35.455704,"total_ms":106.064862},"throughput":{"mgas_per_sec":270.9943185519819},"state_reads":{"accounts":26,"storage_slots":1280,"code":1,"code_bytes":869},"state_writes":{"accounts":12,"accounts_deleted":0,"storage_slots":1280,"storage_slots_deleted":0,"code":5,"code_bytes":140},"cache":{"account":{"hits":21,"misses":5,"hit_rate":80.76923076923077},"storage":{"hits":1046,"misses":234,"hit_rate":81.71875},"code":{"hits":1,"misses":0,"hit_rate":100,"hit_bytes":869,"miss_bytes":0}}}
INFO [06-01|05:45:29.651] Imported new potential chain segment     number=30 hash=1d2135..d4e532 blocks=1 txs=5 mgas=28.743 elapsed=106.922ms   mgasps=268.822 triediffs=9.47MiB   triedirty=0.00B
INFO [06-01|05:45:29.651] Chain head was updated                   number=30 hash=1d2135..d4e532 root=8a67d5..489e21 elapsed="166.252µs"
INFO [06-01|05:45:29.689] Submitted transaction                    hash=0x7cad832e4cd17b8d81ef9fe53c3c03a43071e92b49501f30bbc6b6b18048d9e7 from=0x97D85277E62c57d15268b3E644cdbbDA3706fBEa nonce=12 recipient=0x7dc4d193051240848c7F4F19679e8514B148080f value=0
INFO [06-01|05:45:29.929] Submitted transaction                    hash=0x5d92760e2122e88a7358878bebd04f14094d5499ff65591bf75b6672601434ea from=0x151775b94274FeE3696377A0B616a1221AC71326 nonce=12 recipient=0x7dc4d193051240848c7F4F19679e8514B148080f value=0
INFO [06-01|05:45:30.170] Submitted transaction                    hash=0x79c68e7f6886439ec25813ac234e200112ebcd1316533a4c099cdc485e1ef5f0 from=0xcA56D5B749835d8Ab9cA8c1c4123e9B5002Fc0Ff nonce=12 recipient=0x7dc4d193051240848c7F4F19679e8514B148080f value=0
INFO [06-01|05:45:30.409] Submitted transaction                    hash=0xe0d3519ac77fe0b32d3a176ddfcbdbd590ef753513da05511d2ce0751439eac1 from=0xfB403fD865ddcc1C79F9987EDD0ADabC47C24bB9 nonce=12 recipient=0x7dc4d193051240848c7F4F19679e8514B148080f value=0
INFO [06-01|05:45:30.649] Submitted transaction                    hash=0x586190687a69b39cc70240b09f8feb1bb003487eb8532cd9e25f1ac8b13526f1 from=0x9e8E8A4256457eF170586329D9a01487aA0bA29e nonce=12 recipient=0x7dc4d193051240848c7F4F19679e8514B148080f value=0
INFO [06-01|05:45:30.664] Starting work on payload                 id=0x0342a818a922ba34
INFO [06-01|05:45:30.767] Updated payload                          id=0x0342a818a922ba34 number=31 hash=9c88a0..155a90 txs=5 withdrawals=0 gas=28,742,975 fees=0.05748595   root=895c8b..ba2514 elapsed=102.133ms
INFO [06-01|05:45:30.767] Stopping work on payload                 id=0x0342a818a922ba34 reason=delivery
INFO [06-01|05:45:30.890] Submitted transaction                    hash=0x9f6a0981c18b95dfe9bb622c982383789da36d9a4fc6a1e0aecea2ee1770e7c1 from=0x5AFc7eaFAA1e34De8e6fB9b014CFD08b18377F26 nonce=12 recipient=0x7dc4d193051240848c7F4F19679e8514B148080f value=0
WARN [06-01|05:45:30.890] {"level":"warn","msg":"Slow block","block":{"number":31,"hash":"0x9c88a0bac4d1cab2bf8a77798717c88502822c04fc71614d18f9002f48155a90","gas_used":28742975,"tx_count":5},"timing":{"execution_ms":3.702363,"state_read_ms":42.475266,"state_hash_ms":35.96767,"commit_ms":40.930713,"total_ms":123.393604},"throughput":{"mgas_per_sec":232.93731658895382},"state_reads":{"accounts":26,"storage_slots":1280,"code":1,"code_bytes":869},"state_writes":{"accounts":12,"accounts_deleted":0,"storage_slots":1280,"storage_slots_deleted":0,"code":5,"code_bytes":140},"cache":{"account":{"hits":20,"misses":6,"hit_rate":76.92307692307693},"storage":{"hits":1062,"misses":218,"hit_rate":82.96875},"code":{"hits":1,"misses":0,"hit_rate":100,"hit_bytes":869,"miss_bytes":0}}}
INFO [06-01|05:45:30.890] Imported new potential chain segment     number=31 hash=9c88a0..155a90 blocks=1 txs=5 mgas=28.743 elapsed=123.589ms   mgasps=232.567 triediffs=9.87MiB   triedirty=0.00B
INFO [06-01|05:45:30.891] Chain head was updated                   number=31 hash=9c88a0..155a90 root=895c8b..ba2514 elapsed="117.166µs"
INFO [06-01|05:45:31.129] Submitted transaction                    hash=0x9efa3addc139691e589bce25134a75d305f2917230167508c43bc33a1c1d3ab6 from=0x513978fc4d7fF9951AA177D59C7A1b9AA777119a nonce=12 recipient=0x7dc4d193051240848c7F4F19679e8514B148080f value=0
INFO [06-01|05:45:31.370] Submitted transaction                    hash=0x166d054d75066a4594749c7c1fbaf10e89d9c3f7d54b1c6a186333253920ec29 from=0x225bD09Ef41092086C35444d335Df887A0691eD0 nonce=12 recipient=0x7dc4d193051240848c7F4F19679e8514B148080f value=0
INFO [06-01|05:45:31.610] Submitted transaction                    hash=0x12a2bc065d643a5647f608624fa0bbb267f7f24bfd29a4660d251ad6c7aefcf0 from=0x0A114598D397AB388E751b917300055F2904166F nonce=12 recipient=0x7dc4d193051240848c7F4F19679e8514B148080f value=0
INFO [06-01|05:45:31.850] Submitted transaction                    hash=0x729d25cc06fe81963cdc0ee5289fd8d2820346095ab2deafa026665ca967f08c from=0xbc7A668f0B1595d535B4a2de710461E1C6eba785 nonce=13 recipient=0x7dc4d193051240848c7F4F19679e8514B148080f value=0
INFO [06-01|05:45:31.904] Starting work on payload                 id=0x038d96c32c004a82
INFO [06-01|05:45:32.022] Updated payload                          id=0x038d96c32c004a82 number=32 hash=e82ea5..854105 txs=5 withdrawals=0 gas=28,742,975 fees=0.05748595   root=94c383..0d7146 elapsed=117.540ms
INFO [06-01|05:45:32.022] Stopping work on payload                 id=0x038d96c32c004a82 reason=delivery
INFO [06-01|05:45:32.089] Submitted transaction                    hash=0x461ac4b20b5ec452894982012f1a6ce5e8bfbe54985bc1dc41c70ec57508b996 from=0x97D85277E62c57d15268b3E644cdbbDA3706fBEa nonce=13 recipient=0x7dc4d193051240848c7F4F19679e8514B148080f value=0
WARN [06-01|05:45:32.129] {"level":"warn","msg":"Slow block","block":{"number":32,"hash":"0xe82ea580f07206cee841d53bb25464871c194b5e47b381b9a2e346fdfd854105","gas_used":28742975,"tx_count":5},"timing":{"execution_ms":2.478859,"state_read_ms":37.7925,"state_hash_ms":34.393836,"commit_ms":32.029284,"total_ms":106.876539},"throughput":{"mgas_per_sec":268.9362442771467},"state_reads":{"accounts":26,"storage_slots":1280,"code":1,"code_bytes":869},"state_writes":{"accounts":12,"accounts_deleted":0,"storage_slots":1280,"storage_slots_deleted":0,"code":5,"code_bytes":140},"cache":{"account":{"hits":21,"misses":5,"hit_rate":80.76923076923077},"storage":{"hits":1060,"misses":220,"hit_rate":82.8125},"code":{"hits":1,"misses":0,"hit_rate":100,"hit_bytes":869,"miss_bytes":0}}}
INFO [06-01|05:45:32.129] Imported new potential chain segment     number=32 hash=e82ea5..854105 blocks=1 txs=5 mgas=28.743 elapsed=107.145ms   mgasps=268.262 triediffs=10.27MiB  triedirty=0.00B
INFO [06-01|05:45:32.130] Chain head was updated                   number=32 hash=e82ea5..854105 root=94c383..0d7146 elapsed="127.982µs"
INFO [06-01|05:45:32.329] Submitted transaction                    hash=0x89073e6088f84a56b7d5346ba6c610ec5244b47de0a53dfec2b632090a5f9daa from=0x151775b94274FeE3696377A0B616a1221AC71326 nonce=13 recipient=0x7dc4d193051240848c7F4F19679e8514B148080f value=0
INFO [06-01|05:45:32.569] Submitted transaction                    hash=0xbb96c4f2dde764e5d9dfb90f21a1756dc629dd7473e641eb8da730cf0573e66d from=0xcA56D5B749835d8Ab9cA8c1c4123e9B5002Fc0Ff nonce=13 recipient=0x7dc4d193051240848c7F4F19679e8514B148080f value=0
INFO [06-01|05:45:32.809] Submitted transaction                    hash=0xd5fb95bf6ab03b1b4d490076922a088330db3a1932130d21d2e44a1146ba4cae from=0xfB403fD865ddcc1C79F9987EDD0ADabC47C24bB9 nonce=13 recipient=0x7dc4d193051240848c7F4F19679e8514B148080f value=0
INFO [06-01|05:45:33.050] Submitted transaction                    hash=0x3b1f984c555649e5ceb9744e223173804b47b561565323f7eb26cdc721563e74 from=0x9e8E8A4256457eF170586329D9a01487aA0bA29e nonce=13 recipient=0x7dc4d193051240848c7F4F19679e8514B148080f value=0
INFO [06-01|05:45:33.143] Starting work on payload                 id=0x0341ddf9500e07eb
INFO [06-01|05:45:33.224] Updated payload                          id=0x0341ddf9500e07eb number=33 hash=241843..ac02ec txs=5 withdrawals=0 gas=28,742,975 fees=0.05748595   root=127c05..0e5da1 elapsed=81.403ms
INFO [06-01|05:45:33.225] Stopping work on payload                 id=0x0341ddf9500e07eb reason=delivery
INFO [06-01|05:45:33.289] Submitted transaction                    hash=0xfc4f9617c93d17b69a627700a4f4fcb61279fef7d2248a1818dc341e5b9fa3c0 from=0x5AFc7eaFAA1e34De8e6fB9b014CFD08b18377F26 nonce=13 recipient=0x7dc4d193051240848c7F4F19679e8514B148080f value=0
WARN [06-01|05:45:33.350] {"level":"warn","msg":"Slow block","block":{"number":33,"hash":"0x24184318772995082d56a9f56ddd3e89ae023839849af24572aff7edc1ac02ec","gas_used":28742975,"tx_count":5},"timing":{"execution_ms":11.743292,"state_read_ms":31.729619,"state_hash_ms":35.095901,"commit_ms":45.871309,"total_ms":124.59616},"throughput":{"mgas_per_sec":230.6890918628632},"state_reads":{"accounts":26,"storage_slots":1280,"code":1,"code_bytes":869},"state_writes":{"accounts":12,"accounts_deleted":0,"storage_slots":1280,"storage_slots_deleted":0,"code":5,"code_bytes":140},"cache":{"account":{"hits":18,"misses":8,"hit_rate":69.23076923076923},"storage":{"hits":1010,"misses":270,"hit_rate":78.90625},"code":{"hits":1,"misses":0,"hit_rate":100,"hit_bytes":869,"miss_bytes":0}}}
INFO [06-01|05:45:33.350] Imported new potential chain segment     number=33 hash=241843..ac02ec blocks=1 txs=5 mgas=28.743 elapsed=124.805ms   mgasps=230.303 triediffs=10.68MiB  triedirty=0.00B
INFO [06-01|05:45:33.350] Chain head was updated                   number=33 hash=241843..ac02ec root=127c05..0e5da1 elapsed="124.488µs"
INFO [06-01|05:45:33.529] Submitted transaction                    hash=0xd97124866f91237375733e625b40179f1d31bdde8731ebb51cf34e15dee2137a from=0x513978fc4d7fF9951AA177D59C7A1b9AA777119a nonce=13 recipient=0x7dc4d193051240848c7F4F19679e8514B148080f value=0
INFO [06-01|05:45:33.769] Submitted transaction                    hash=0x11f38a1021a1c286311e7f6ee1982829922fe857a9eaad34497389664393f930 from=0x225bD09Ef41092086C35444d335Df887A0691eD0 nonce=13 recipient=0x7dc4d193051240848c7F4F19679e8514B148080f value=0
INFO [06-01|05:45:34.009] Submitted transaction                    hash=0x6a7e0764b01f6306def541f9bd95aa16a335d324e3a91f1dfc6503030d73111b from=0x0A114598D397AB388E751b917300055F2904166F nonce=13 recipient=0x7dc4d193051240848c7F4F19679e8514B148080f value=0
INFO [06-01|05:45:34.250] Submitted transaction                    hash=0x7e4894be983ab34aa4f54749d7721338dc6297066c62c36aad300726ba679af2 from=0xbc7A668f0B1595d535B4a2de710461E1C6eba785 nonce=14 recipient=0x7dc4d193051240848c7F4F19679e8514B148080f value=0
INFO [06-01|05:45:34.361] Starting work on payload                 id=0x0383d496eb7861c5
INFO [06-01|05:45:34.452] Updated payload                          id=0x0383d496eb7861c5 number=34 hash=2dacc6..acbfcc txs=5 withdrawals=0 gas=28,742,975 fees=0.05748595   root=85b452..b503cf elapsed=90.490ms
INFO [06-01|05:45:34.452] Stopping work on payload                 id=0x0383d496eb7861c5 reason=delivery
INFO [06-01|05:45:34.490] Submitted transaction                    hash=0x7eb42737c7944756a88b5ce6ae7b652ff514bb9fc7035b7973a245407d20ca87 from=0x97D85277E62c57d15268b3E644cdbbDA3706fBEa nonce=14 recipient=0x7dc4d193051240848c7F4F19679e8514B148080f value=0
WARN [06-01|05:45:34.546] {"level":"warn","msg":"Slow block","block":{"number":34,"hash":"0x2dacc69faa9d62aca7968de61171a01489a4036c8e9eb915b0086ddec7acbfcc","gas_used":28742975,"tx_count":5},"timing":{"execution_ms":3.894516,"state_read_ms":30.98006,"state_hash_ms":23.566784,"commit_ms":35.123551,"total_ms":93.771958},"throughput":{"mgas_per_sec":306.5199406415295},"state_reads":{"accounts":26,"storage_slots":1280,"code":1,"code_bytes":869},"state_writes":{"accounts":12,"accounts_deleted":0,"storage_slots":1280,"storage_slots_deleted":0,"code":5,"code_bytes":140},"cache":{"account":{"hits":20,"misses":6,"hit_rate":76.92307692307693},"storage":{"hits":1147,"misses":133,"hit_rate":89.609375},"code":{"hits":1,"misses":0,"hit_rate":100,"hit_bytes":869,"miss_bytes":0}}}
INFO [06-01|05:45:34.546] Imported new potential chain segment     number=34 hash=2dacc6..acbfcc blocks=1 txs=5 mgas=28.743 elapsed=94.003ms    mgasps=305.764 triediffs=11.08MiB  triedirty=0.00B
INFO [06-01|05:45:34.546] Chain head was updated                   number=34 hash=2dacc6..acbfcc root=85b452..b503cf elapsed="121.464µs"
INFO [06-01|05:45:34.730] Submitted transaction                    hash=0x58fed69af2c5ffa4406352790dfd77aa2083d963c866b49578ddee2e300aa02f from=0x151775b94274FeE3696377A0B616a1221AC71326 nonce=14 recipient=0x7dc4d193051240848c7F4F19679e8514B148080f value=0
INFO [06-01|05:45:34.970] Submitted transaction                    hash=0xe18a7488ae598ff024f79247994ac5d80228f6cbbce08a06d59f55ed59c43105 from=0xcA56D5B749835d8Ab9cA8c1c4123e9B5002Fc0Ff nonce=14 recipient=0x7dc4d193051240848c7F4F19679e8514B148080f value=0
INFO [06-01|05:45:35.210] Submitted transaction                    hash=0xfba66e6e067323d1d8847d76a62a64885dd6e95f15f9a1b39adc8ba80ea3946e from=0xfB403fD865ddcc1C79F9987EDD0ADabC47C24bB9 nonce=14 recipient=0x7dc4d193051240848c7F4F19679e8514B148080f value=0
INFO [06-01|05:45:35.449] Submitted transaction                    hash=0x54f02a859713e1ee6ca7ab9bacf940ce1992b83109683e894e04c479e27a78f0 from=0x9e8E8A4256457eF170586329D9a01487aA0bA29e nonce=14 recipient=0x7dc4d193051240848c7F4F19679e8514B148080f value=0
INFO [06-01|05:45:35.559] Starting work on payload                 id=0x034644f05771eba9
INFO [06-01|05:45:35.659] Updated payload                          id=0x034644f05771eba9 number=35 hash=a46f20..03eaff txs=5 withdrawals=0 gas=28,742,975 fees=0.05748595   root=cb630a..b96cf9 elapsed=100.069ms
INFO [06-01|05:45:35.659] Stopping work on payload                 id=0x034644f05771eba9 reason=delivery
INFO [06-01|05:45:35.694] Submitted transaction                    hash=0xeb8e23f7a94502bc4a37c38d26cb7fe01f33cd6076b02e8defdae44e152173ba from=0x5AFc7eaFAA1e34De8e6fB9b014CFD08b18377F26 nonce=14 recipient=0x7dc4d193051240848c7F4F19679e8514B148080f value=0
WARN [06-01|05:45:35.778] {"level":"warn","msg":"Slow block","block":{"number":35,"hash":"0xa46f20d6b01321d1d9bd8f17c94bafdcaf18d9f1b06427ec3ab1a662c903eaff","gas_used":28742975,"tx_count":5},"timing":{"execution_ms":9.054159,"state_read_ms":31.602718,"state_hash_ms":31.311432,"commit_ms":45.666841,"total_ms":117.815141},"throughput":{"mgas_per_sec":243.9667325950915},"state_reads":{"accounts":26,"storage_slots":1280,"code":1,"code_bytes":869},"state_writes":{"accounts":12,"accounts_deleted":0,"storage_slots":1280,"storage_slots_deleted":0,"code":5,"code_bytes":140},"cache":{"account":{"hits":21,"misses":5,"hit_rate":80.76923076923077},"storage":{"hits":1057,"misses":223,"hit_rate":82.578125},"code":{"hits":1,"misses":0,"hit_rate":100,"hit_bytes":869,"miss_bytes":0}}}
INFO [06-01|05:45:35.778] Imported new potential chain segment     number=35 hash=a46f20..03eaff blocks=1 txs=5 mgas=28.743 elapsed=118.057ms   mgasps=243.465 triediffs=11.48MiB  triedirty=0.00B
INFO [06-01|05:45:35.778] Chain head was updated                   number=35 hash=a46f20..03eaff root=cb630a..b96cf9 elapsed="126.139µs"
INFO [06-01|05:45:35.929] Submitted transaction                    hash=0x2454c4203474c9c02f89fece9cc05b8a0b62fab79ba65ce617350a31ffcc9c5f from=0x513978fc4d7fF9951AA177D59C7A1b9AA777119a nonce=14 recipient=0x7dc4d193051240848c7F4F19679e8514B148080f value=0
INFO [06-01|05:45:36.169] Submitted transaction                    hash=0xda9cc054d6208e80855aa6cf756c80e9e417b64d528edf6f6a3c075780624ee1 from=0x225bD09Ef41092086C35444d335Df887A0691eD0 nonce=14 recipient=0x7dc4d193051240848c7F4F19679e8514B148080f value=0
INFO [06-01|05:45:36.409] Submitted transaction                    hash=0x0bc20b2aa7bfecbbf8e9dc436a5c21437195d23fbb02233d4264ecf891b42a83 from=0x0A114598D397AB388E751b917300055F2904166F nonce=14 recipient=0x7dc4d193051240848c7F4F19679e8514B148080f value=0
INFO [06-01|05:45:36.649] Submitted transaction                    hash=0xd12ef2c3d62a8227299dac163a77dec95cba09546425e9f64ab96d882ed7805d from=0xbc7A668f0B1595d535B4a2de710461E1C6eba785 nonce=15 recipient=0x7dc4d193051240848c7F4F19679e8514B148080f value=0
INFO [06-01|05:45:36.789] Starting work on payload                 id=0x03977c8edd342697
INFO [06-01|05:45:36.886] Updated payload                          id=0x03977c8edd342697 number=36 hash=186187..3bbd03 txs=5 withdrawals=0 gas=28,742,975 fees=0.05748595   root=1f600e..7ffebb elapsed=96.382ms
INFO [06-01|05:45:36.886] Stopping work on payload                 id=0x03977c8edd342697 reason=delivery
INFO [06-01|05:45:36.889] Submitted transaction                    hash=0x924cccc30e9a4ef581d8e92f7ee34d223606d2bae9c591c211328f909a687380 from=0x97D85277E62c57d15268b3E644cdbbDA3706fBEa nonce=15 recipient=0x7dc4d193051240848c7F4F19679e8514B148080f value=0
WARN [06-01|05:45:37.007] {"level":"warn","msg":"Slow block","block":{"number":36,"hash":"0x18618725cce92004ac2df3522867951353e5a5d48fd39d26f59409953f3bbd03","gas_used":28742975,"tx_count":5},"timing":{"execution_ms":14.894601,"state_read_ms":24.372924,"state_hash_ms":43.272182,"commit_ms":38.065654,"total_ms":120.815946},"throughput":{"mgas_per_sec":237.90713023924837},"state_reads":{"accounts":26,"storage_slots":1280,"code":1,"code_bytes":869},"state_writes":{"accounts":12,"accounts_deleted":0,"storage_slots":1280,"storage_slots_deleted":0,"code":5,"code_bytes":140},"cache":{"account":{"hits":21,"misses":5,"hit_rate":80.76923076923077},"storage":{"hits":1080,"misses":200,"hit_rate":84.375},"code":{"hits":1,"misses":0,"hit_rate":100,"hit_bytes":869,"miss_bytes":0}}}
INFO [06-01|05:45:37.007] Imported new potential chain segment     number=36 hash=186187..3bbd03 blocks=1 txs=5 mgas=28.743 elapsed=121.021ms   mgasps=237.503 triediffs=11.89MiB  triedirty=0.00B
INFO [06-01|05:45:37.007] Chain head was updated                   number=36 hash=186187..3bbd03 root=1f600e..7ffebb elapsed="175.12µs"
INFO [06-01|05:45:37.129] Submitted transaction                    hash=0x7f64c9f7f7fa1b1d74f8f9a8a7152393a1469cf379045bfe965268824aac9994 from=0x151775b94274FeE3696377A0B616a1221AC71326 nonce=15 recipient=0x7dc4d193051240848c7F4F19679e8514B148080f value=0
INFO [06-01|05:45:37.369] Submitted transaction                    hash=0x1ebd6158ce270dd312694b395f43cc904fcb748826a994223a72ae6d9f829f63 from=0xcA56D5B749835d8Ab9cA8c1c4123e9B5002Fc0Ff nonce=15 recipient=0x7dc4d193051240848c7F4F19679e8514B148080f value=0
INFO [06-01|05:45:37.609] Submitted transaction                    hash=0xe84ba30f68cff82f46598e8cd1a7e83084a7e617092fe70441b183ac7b1ac5d7 from=0xfB403fD865ddcc1C79F9987EDD0ADabC47C24bB9 nonce=15 recipient=0x7dc4d193051240848c7F4F19679e8514B148080f value=0
INFO [06-01|05:45:37.849] Submitted transaction                    hash=0xd628fade34f651a317d1abc7483e3ad8f727f1bf7af4db96e7951095e5371c0b from=0x9e8E8A4256457eF170586329D9a01487aA0bA29e nonce=15 recipient=0x7dc4d193051240848c7F4F19679e8514B148080f value=0
INFO [06-01|05:45:38.024] Starting work on payload                 id=0x03359bd205a5e405
INFO [06-01|05:45:38.090] Submitted transaction                    hash=0x7ef2f83f65fc56a73e2c13c0895ab7de69f256364a43b33a71c873c45e22a56a from=0x5AFc7eaFAA1e34De8e6fB9b014CFD08b18377F26 nonce=15 recipient=0x7dc4d193051240848c7F4F19679e8514B148080f value=0
INFO [06-01|05:45:38.118] Updated payload                          id=0x03359bd205a5e405 number=37 hash=af7af0..6bbf19 txs=5 withdrawals=0 gas=28,742,975 fees=0.05748595   root=327282..753514 elapsed=94.345ms
INFO [06-01|05:45:38.118] Stopping work on payload                 id=0x03359bd205a5e405 reason=delivery
WARN [06-01|05:45:38.248] {"level":"warn","msg":"Slow block","block":{"number":37,"hash":"0xaf7af0d9f2e6fb81bfdf567021bd7638dd7239936200dd09b10375dbbc6bbf19","gas_used":28742975,"tx_count":5},"timing":{"execution_ms":9.178004,"state_read_ms":38.330205,"state_hash_ms":32.852218,"commit_ms":47.903824,"total_ms":128.447755},"throughput":{"mgas_per_sec":223.77171948236852},"state_reads":{"accounts":26,"storage_slots":1280,"code":1,"code_bytes":869},"state_writes":{"accounts":12,"accounts_deleted":0,"storage_slots":1280,"storage_slots_deleted":0,"code":5,"code_bytes":140},"cache":{"account":{"hits":20,"misses":6,"hit_rate":76.92307692307693},"storage":{"hits":1000,"misses":280,"hit_rate":78.125},"code":{"hits":1,"misses":0,"hit_rate":100,"hit_bytes":869,"miss_bytes":0}}}
INFO [06-01|05:45:38.248] Imported new potential chain segment     number=37 hash=af7af0..6bbf19 blocks=1 txs=5 mgas=28.743 elapsed=128.909ms   mgasps=222.970 triediffs=12.29MiB  triedirty=0.00B
INFO [06-01|05:45:38.248] Chain head was updated                   number=37 hash=af7af0..6bbf19 root=327282..753514 elapsed="115.573µs"
INFO [06-01|05:45:38.329] Submitted transaction                    hash=0x7573d61f405ad0f4c80a2cf88775c5e9e292471806600bf81efd3be74af0c7a2 from=0x513978fc4d7fF9951AA177D59C7A1b9AA777119a nonce=15 recipient=0x7dc4d193051240848c7F4F19679e8514B148080f value=0
INFO [06-01|05:45:38.569] Submitted transaction                    hash=0xe88185562687b8e9d563831bcd1e81334b14eb8cdda5eed571638891c1c2c6d5 from=0x225bD09Ef41092086C35444d335Df887A0691eD0 nonce=15 recipient=0x7dc4d193051240848c7F4F19679e8514B148080f value=0
INFO [06-01|05:45:38.809] Submitted transaction                    hash=0x39c8abfd2b74c6e91c1ea3e98583f1726317b6132340ba656ee8a22ac33f2db7 from=0x0A114598D397AB388E751b917300055F2904166F nonce=15 recipient=0x7dc4d193051240848c7F4F19679e8514B148080f value=0
INFO [06-01|05:45:39.049] Submitted transaction                    hash=0xbee043288e7688d2e2e637cc991485db66c04f2ebbc5fa30e813c3dbf05f92b9 from=0xbc7A668f0B1595d535B4a2de710461E1C6eba785 nonce=16 recipient=0x7dc4d193051240848c7F4F19679e8514B148080f value=0
INFO [06-01|05:45:39.264] Starting work on payload                 id=0x03a87f2451c2517e
INFO [06-01|05:45:39.289] Submitted transaction                    hash=0x91f9314ecb3e8cc34ed8f6a87932a976a832bf375d103da0b969bca45fced870 from=0x97D85277E62c57d15268b3E644cdbbDA3706fBEa nonce=16 recipient=0x7dc4d193051240848c7F4F19679e8514B148080f value=0
INFO [06-01|05:45:39.353] Updated payload                          id=0x03a87f2451c2517e number=38 hash=535c74..ead52b txs=5 withdrawals=0 gas=28,742,975 fees=0.05748595   root=4c8785..257ad4 elapsed=89.316ms
INFO [06-01|05:45:39.353] Stopping work on payload                 id=0x03a87f2451c2517e reason=delivery
WARN [06-01|05:45:39.463] {"level":"warn","msg":"Slow block","block":{"number":38,"hash":"0x535c742bc62b320b464c5dc74c2f43738f38d90b434d443080c34ab315ead52b","gas_used":28742975,"tx_count":5},"timing":{"execution_ms":9.169824,"state_read_ms":31.756578,"state_hash_ms":35.99565,"commit_ms":32.251734,"total_ms":109.451675},"throughput":{"mgas_per_sec":262.60881800118636},"state_reads":{"accounts":26,"storage_slots":1280,"code":1,"code_bytes":869},"state_writes":{"accounts":12,"accounts_deleted":0,"storage_slots":1280,"storage_slots_deleted":0,"code":5,"code_bytes":140},"cache":{"account":{"hits":19,"misses":7,"hit_rate":73.07692307692307},"storage":{"hits":1043,"misses":237,"hit_rate":81.484375},"code":{"hits":1,"misses":0,"hit_rate":100,"hit_bytes":869,"miss_bytes":0}}}
INFO [06-01|05:45:39.463] Imported new potential chain segment     number=38 hash=535c74..ead52b blocks=1 txs=5 mgas=28.743 elapsed=109.661ms   mgasps=262.107 triediffs=12.70MiB  triedirty=0.00B
INFO [06-01|05:45:39.464] Chain head was updated                   number=38 hash=535c74..ead52b root=4c8785..257ad4 elapsed="204.887µs"
INFO [06-01|05:45:39.530] Submitted transaction                    hash=0xf20bd5597276df14e2362ccd548c59c34edaab86556bf607f3bd2df8920583c8 from=0x151775b94274FeE3696377A0B616a1221AC71326 nonce=16 recipient=0x7dc4d193051240848c7F4F19679e8514B148080f value=0
INFO [06-01|05:45:39.770] Submitted transaction                    hash=0x162db86594d59b5f64d69d5563e337be68fbc513cb1f710aeae2f41a5ae6aeeb from=0xcA56D5B749835d8Ab9cA8c1c4123e9B5002Fc0Ff nonce=16 recipient=0x7dc4d193051240848c7F4F19679e8514B148080f value=0
INFO [06-01|05:45:40.009] Submitted transaction                    hash=0x0eacbfe24ebb4ee05c9049988278606a321a34d47d2d601c16041c6098e0b466 from=0xfB403fD865ddcc1C79F9987EDD0ADabC47C24bB9 nonce=16 recipient=0x7dc4d193051240848c7F4F19679e8514B148080f value=0
INFO [06-01|05:45:40.249] Submitted transaction                    hash=0xe0d8fd520a7d808a707d5fc19c4e2ed9ef6cb4f0833996cb5170cc11e068fd24 from=0x9e8E8A4256457eF170586329D9a01487aA0bA29e nonce=16 recipient=0x7dc4d193051240848c7F4F19679e8514B148080f value=0
INFO [06-01|05:45:40.477] Starting work on payload                 id=0x03fb692e0193bbc9
INFO [06-01|05:45:40.492] Submitted transaction                    hash=0xf0a0b17cb2f45f0070951ffc4ebec0322ecda950a21ca1c1632ea948e2a7a984 from=0x5AFc7eaFAA1e34De8e6fB9b014CFD08b18377F26 nonce=16 recipient=0x7dc4d193051240848c7F4F19679e8514B148080f value=0
INFO [06-01|05:45:40.567] Updated payload                          id=0x03fb692e0193bbc9 number=39 hash=c474cd..323f79 txs=5 withdrawals=0 gas=28,742,975 fees=0.05748595   root=e818e3..b115b8 elapsed=89.841ms
INFO [06-01|05:45:40.567] Stopping work on payload                 id=0x03fb692e0193bbc9 reason=delivery
WARN [06-01|05:45:40.676] {"level":"warn","msg":"Slow block","block":{"number":39,"hash":"0xc474cde9dd7e110f6e2d6de1bd912069b04fc6025b83a532fead721923323f79","gas_used":28742975,"tx_count":5},"timing":{"execution_ms":15.459205,"state_read_ms":27.228686,"state_hash_ms":33.63501,"commit_ms":32.614482,"total_ms":109.155404},"throughput":{"mgas_per_sec":263.32159422908643},"state_reads":{"accounts":26,"storage_slots":1280,"code":1,"code_bytes":869},"state_writes":{"accounts":12,"accounts_deleted":0,"storage_slots":1280,"storage_slots_deleted":0,"code":5,"code_bytes":140},"cache":{"account":{"hits":21,"misses":5,"hit_rate":80.76923076923077},"storage":{"hits":1110,"misses":170,"hit_rate":86.71875},"code":{"hits":1,"misses":0,"hit_rate":100,"hit_bytes":869,"miss_bytes":0}}}
INFO [06-01|05:45:40.676] Imported new potential chain segment     number=39 hash=c474cd..323f79 blocks=1 txs=5 mgas=28.743 elapsed=109.395ms   mgasps=262.743 triediffs=13.10MiB  triedirty=0.00B
INFO [06-01|05:45:40.677] Chain head was updated                   number=39 hash=c474cd..323f79 root=e818e3..b115b8 elapsed="160.77µs"
INFO [06-01|05:45:40.729] Submitted transaction                    hash=0x10d7a5be41c68f2af96ccc65f7f39cf3ecfb3aff5738d9313b7f321aab2bb2b2 from=0x513978fc4d7fF9951AA177D59C7A1b9AA777119a nonce=16 recipient=0x7dc4d193051240848c7F4F19679e8514B148080f value=0
INFO [06-01|05:45:40.969] Submitted transaction                    hash=0x421a9346163db2b9726a9a96f71fef80f1c9b13dea8077e08fe851762889ede6 from=0x225bD09Ef41092086C35444d335Df887A0691eD0 nonce=16 recipient=0x7dc4d193051240848c7F4F19679e8514B148080f value=0
INFO [06-01|05:45:41.209] Submitted transaction                    hash=0x7d5fff5db1afbe296c69c4a16f2e077e131d2b16631682fe622412f0ebab64e7 from=0x0A114598D397AB388E751b917300055F2904166F nonce=16 recipient=0x7dc4d193051240848c7F4F19679e8514B148080f value=0
INFO [06-01|05:45:41.449] Submitted transaction                    hash=0x2c3e78c3d22fc9684c655582d7b94de862c1954969f4009e28d10dc66fcf6b4f from=0xbc7A668f0B1595d535B4a2de710461E1C6eba785 nonce=17 recipient=0x7dc4d193051240848c7F4F19679e8514B148080f value=0
INFO [06-01|05:45:41.687] Starting work on payload                 id=0x03f64819b5f56d31
INFO [06-01|05:45:41.689] Submitted transaction                    hash=0x382b54f730f6658b37e198c7b81d605de291bb1f62137b14eba620ed1cc49fbd from=0x97D85277E62c57d15268b3E644cdbbDA3706fBEa nonce=17 recipient=0x7dc4d193051240848c7F4F19679e8514B148080f value=0
INFO [06-01|05:45:41.780] Updated payload                          id=0x03f64819b5f56d31 number=40 hash=e0475a..9ee522 txs=5 withdrawals=0 gas=28,742,975 fees=0.05748595   root=5720e5..59d563 elapsed=92.571ms
INFO [06-01|05:45:41.780] Stopping work on payload                 id=0x03f64819b5f56d31 reason=delivery
WARN [06-01|05:45:41.903] {"level":"warn","msg":"Slow block","block":{"number":40,"hash":"0xe0475ab7c2070b58122e35345cc38e48ebc40a60c3c00463d6c9d394999ee522","gas_used":28742975,"tx_count":5},"timing":{"execution_ms":7.374598,"state_read_ms":33.016206,"state_hash_ms":45.790227,"commit_ms":36.048737,"total_ms":122.446138},"throughput":{"mgas_per_sec":234.7397432820625},"state_reads":{"accounts":26,"storage_slots":1280,"code":1,"code_bytes":869},"state_writes":{"accounts":12,"accounts_deleted":0,"storage_slots":1280,"storage_slots_deleted":0,"code":5,"code_bytes":140},"cache":{"account":{"hits":20,"misses":6,"hit_rate":76.92307692307693},"storage":{"hits":1011,"misses":269,"hit_rate":78.984375},"code":{"hits":1,"misses":0,"hit_rate":100,"hit_bytes":869,"miss_bytes":0}}}
INFO [06-01|05:45:41.903] Imported new potential chain segment     number=40 hash=e0475a..9ee522 blocks=1 txs=5 mgas=28.743 elapsed=122.745ms   mgasps=234.167 triediffs=13.51MiB  triedirty=0.00B
INFO [06-01|05:45:41.903] Chain head was updated                   number=40 hash=e0475a..9ee522 root=5720e5..59d563 elapsed="123.868µs"
INFO [06-01|05:45:41.929] Submitted transaction                    hash=0x6e9727ac4b205326b33c307ea8c28c9a0e12fdcb469d17b407e5362715352852 from=0x151775b94274FeE3696377A0B616a1221AC71326 nonce=17 recipient=0x7dc4d193051240848c7F4F19679e8514B148080f value=0
INFO [06-01|05:45:42.170] Submitted transaction                    hash=0x6cb79f5672ee9b228b1d427081823c404ef4b0bbd72c30dd414be996cb6bc751 from=0xcA56D5B749835d8Ab9cA8c1c4123e9B5002Fc0Ff nonce=17 recipient=0x7dc4d193051240848c7F4F19679e8514B148080f value=0
INFO [06-01|05:45:42.409] Submitted transaction                    hash=0x20625d1b10a8f51dd35679e42565d6e3d1be37a01125c967c0fc26c7a1d9739d from=0xfB403fD865ddcc1C79F9987EDD0ADabC47C24bB9 nonce=17 recipient=0x7dc4d193051240848c7F4F19679e8514B148080f value=0
INFO [06-01|05:45:42.649] Submitted transaction                    hash=0x60a676d14792a5bf86401c9d3324613cf1b404e708ad43e0481991832a3ba9c4 from=0x9e8E8A4256457eF170586329D9a01487aA0bA29e nonce=17 recipient=0x7dc4d193051240848c7F4F19679e8514B148080f value=0
INFO [06-01|05:45:42.889] Submitted transaction                    hash=0xc641addd21736d3d726e54680dfcd4eaeac59757feedc56e8c5fb9883af15538 from=0x5AFc7eaFAA1e34De8e6fB9b014CFD08b18377F26 nonce=17 recipient=0x7dc4d193051240848c7F4F19679e8514B148080f value=0
INFO [06-01|05:45:42.911] Starting work on payload                 id=0x03dea06d2b485fc9
INFO [06-01|05:45:43.005] Updated payload                          id=0x03dea06d2b485fc9 number=41 hash=0f2a2f..06b305 txs=5 withdrawals=0 gas=28,742,975 fees=0.05748595   root=bb904e..5d7b2b elapsed=93.902ms
INFO [06-01|05:45:43.005] Stopping work on payload                 id=0x03dea06d2b485fc9 reason=delivery
INFO [06-01|05:45:43.129] Submitted transaction                    hash=0xf06c356f4752debc8be245644d92091b5150ebb6252c0be394e59e0dc71fe43f from=0x513978fc4d7fF9951AA177D59C7A1b9AA777119a nonce=17 recipient=0x7dc4d193051240848c7F4F19679e8514B148080f value=0
WARN [06-01|05:45:43.135] {"level":"warn","msg":"Slow block","block":{"number":41,"hash":"0x0f2a2f055957571cd918e2494911bc38f456f37356aef9df3f6457084a06b305","gas_used":28742975,"tx_count":5},"timing":{"execution_ms":8.036297,"state_read_ms":42.494672,"state_hash_ms":36.19042,"commit_ms":42.793604,"total_ms":129.768729},"throughput":{"mgas_per_sec":221.49384694983027},"state_reads":{"accounts":26,"storage_slots":1280,"code":1,"code_bytes":869},"state_writes":{"accounts":12,"accounts_deleted":0,"storage_slots":1280,"storage_slots_deleted":0,"code":5,"code_bytes":140},"cache":{"account":{"hits":20,"misses":6,"hit_rate":76.92307692307693},"storage":{"hits":993,"misses":287,"hit_rate":77.578125},"code":{"hits":1,"misses":0,"hit_rate":100,"hit_bytes":869,"miss_bytes":0}}}
INFO [06-01|05:45:43.135] Imported new potential chain segment     number=41 hash=0f2a2f..06b305 blocks=1 txs=5 mgas=28.743 elapsed=129.942ms   mgasps=221.197 triediffs=13.91MiB  triedirty=0.00B
INFO [06-01|05:45:43.135] Chain head was updated                   number=41 hash=0f2a2f..06b305 root=bb904e..5d7b2b elapsed="119.511µs"
INFO [06-01|05:45:43.369] Submitted transaction                    hash=0x940b635039225fca6362c6dcd4f3dff12be7b3e73491e59bc43f02ca930a81d2 from=0x225bD09Ef41092086C35444d335Df887A0691eD0 nonce=17 recipient=0x7dc4d193051240848c7F4F19679e8514B148080f value=0
INFO [06-01|05:45:43.609] Submitted transaction                    hash=0x914af6b72975da94ca420427f6c090f9df682cb40f5f776ef5b2afbe590e1606 from=0x0A114598D397AB388E751b917300055F2904166F nonce=17 recipient=0x7dc4d193051240848c7F4F19679e8514B148080f value=0
INFO [06-01|05:45:43.850] Submitted transaction                    hash=0x231e4476f03ba46d296443a21f13bd5135b5c1c13eca9ef6dd2b29208ff7229f from=0xbc7A668f0B1595d535B4a2de710461E1C6eba785 nonce=18 recipient=0x7dc4d193051240848c7F4F19679e8514B148080f value=0
INFO [06-01|05:45:44.090] Submitted transaction                    hash=0x45a2e1833c510c3265aa808494e87c663417b50069a9bb4d17f94c076c541b1d from=0x97D85277E62c57d15268b3E644cdbbDA3706fBEa nonce=18 recipient=0x7dc4d193051240848c7F4F19679e8514B148080f value=0
INFO [06-01|05:45:44.142] Starting work on payload                 id=0x03d842e68db75bc9
INFO [06-01|05:45:44.244] Updated payload                          id=0x03d842e68db75bc9 number=42 hash=ae0103..2986eb txs=5 withdrawals=0 gas=28,742,975 fees=0.05748595   root=bb4843..dfdd46 elapsed=101.818ms
INFO [06-01|05:45:44.244] Stopping work on payload                 id=0x03d842e68db75bc9 reason=delivery
INFO [06-01|05:45:44.329] Submitted transaction                    hash=0x1b6805305c38f10cd27f830aedd67af48b49684a340df0f2f35aee3a3ecda987 from=0x151775b94274FeE3696377A0B616a1221AC71326 nonce=18 recipient=0x7dc4d193051240848c7F4F19679e8514B148080f value=0
WARN [06-01|05:45:44.355] {"level":"warn","msg":"Slow block","block":{"number":42,"hash":"0xae0103ccd3be793106243142398482b236fe5e48d490e8eb9bfc07e8172986eb","gas_used":28742975,"tx_count":5},"timing":{"execution_ms":4.76206,"state_read_ms":32.275518,"state_hash_ms":38.000915,"commit_ms":35.256373,"total_ms":110.552493},"throughput":{"mgas_per_sec":259.9939107659924},"state_reads":{"accounts":26,"storage_slots":1280,"code":1,"code_bytes":869},"state_writes":{"accounts":12,"accounts_deleted":0,"storage_slots":1280,"storage_slots_deleted":0,"code":5,"code_bytes":140},"cache":{"account":{"hits":20,"misses":6,"hit_rate":76.92307692307693},"storage":{"hits":1078,"misses":202,"hit_rate":84.21875},"code":{"hits":1,"misses":0,"hit_rate":100,"hit_bytes":869,"miss_bytes":0}}}
INFO [06-01|05:45:44.355] Imported new potential chain segment     number=42 hash=ae0103..2986eb blocks=1 txs=5 mgas=28.743 elapsed=110.858ms   mgasps=259.276 triediffs=14.32MiB  triedirty=0.00B
INFO [06-01|05:45:44.356] Chain head was updated                   number=42 hash=ae0103..2986eb root=bb4843..dfdd46 elapsed="241.942µs"
INFO [06-01|05:45:44.569] Submitted transaction                    hash=0xc34e3aff62d80e4a6a09272ba755b221e96149cb6baedb30693fcc146d8f880a from=0xcA56D5B749835d8Ab9cA8c1c4123e9B5002Fc0Ff nonce=18 recipient=0x7dc4d193051240848c7F4F19679e8514B148080f value=0
INFO [06-01|05:45:44.809] Submitted transaction                    hash=0xf9b31d018c4d9714701aa848ebc746f22b4784f6f11613d741211e871ffd26f4 from=0xfB403fD865ddcc1C79F9987EDD0ADabC47C24bB9 nonce=18 recipient=0x7dc4d193051240848c7F4F19679e8514B148080f value=0
INFO [06-01|05:45:45.049] Submitted transaction                    hash=0x84819962818c2540664fea35aa317dcbdaa88cb3a012d4dc00d40f88cd2d4ca0 from=0x9e8E8A4256457eF170586329D9a01487aA0bA29e nonce=18 recipient=0x7dc4d193051240848c7F4F19679e8514B148080f value=0
INFO [06-01|05:45:45.289] Submitted transaction                    hash=0x7e9437747f1b7e9c4222f00b29b9fc9a4883780f6f1e858478bdd70c5d8c75ac from=0x5AFc7eaFAA1e34De8e6fB9b014CFD08b18377F26 nonce=18 recipient=0x7dc4d193051240848c7F4F19679e8514B148080f value=0
INFO [06-01|05:45:45.368] Starting work on payload                 id=0x037802274bc4164d
INFO [06-01|05:45:45.469] Updated payload                          id=0x037802274bc4164d number=43 hash=ebbaa4..888f41 txs=5 withdrawals=0 gas=28,742,975 fees=0.05748595   root=5a860c..4bbbf8 elapsed=100.760ms
INFO [06-01|05:45:45.469] Stopping work on payload                 id=0x037802274bc4164d reason=delivery
INFO [06-01|05:45:45.530] Submitted transaction                    hash=0x70c4a2e61a4709c568c7677b0d66be89745ac54ef5e2533154f5e90f99903959 from=0x513978fc4d7fF9951AA177D59C7A1b9AA777119a nonce=18 recipient=0x7dc4d193051240848c7F4F19679e8514B148080f value=0
WARN [06-01|05:45:45.595] {"level":"warn","msg":"Slow block","block":{"number":43,"hash":"0xebbaa4d5028da5fa72ed7552104d1d6caf680936595b15292b105564a0888f41","gas_used":28742975,"tx_count":5},"timing":{"execution_ms":7.721231,"state_read_ms":33.74064,"state_hash_ms":38.026267,"commit_ms":45.441308,"total_ms":125.357264},"throughput":{"mgas_per_sec":229.28846787849486},"state_reads":{"accounts":26,"storage_slots":1280,"code":1,"code_bytes":869},"state_writes":{"accounts":12,"accounts_deleted":0,"storage_slots":1280,"storage_slots_deleted":0,"code":5,"code_bytes":140},"cache":{"account":{"hits":20,"misses":6,"hit_rate":76.92307692307693},"storage":{"hits":991,"misses":289,"hit_rate":77.421875},"code":{"hits":1,"misses":0,"hit_rate":100,"hit_bytes":869,"miss_bytes":0}}}
INFO [06-01|05:45:45.595] Imported new potential chain segment     number=43 hash=ebbaa4..888f41 blocks=1 txs=5 mgas=28.743 elapsed=125.639ms   mgasps=228.774 triediffs=14.73MiB  triedirty=0.00B
INFO [06-01|05:45:45.595] Chain head was updated                   number=43 hash=ebbaa4..888f41 root=5a860c..4bbbf8 elapsed="121.563µs"
INFO [06-01|05:45:45.770] Submitted transaction                    hash=0xe87e794574a8249c610489c88dde18fd2907cfe44e0879f51e6fc8baa6ed1608 from=0x225bD09Ef41092086C35444d335Df887A0691eD0 nonce=18 recipient=0x7dc4d193051240848c7F4F19679e8514B148080f value=0
INFO [06-01|05:45:46.009] Submitted transaction                    hash=0x672f9f0b906790b26b187267e3472876f3c9d12f1a80aa9215a18142e0096186 from=0x0A114598D397AB388E751b917300055F2904166F nonce=18 recipient=0x7dc4d193051240848c7F4F19679e8514B148080f value=0
INFO [06-01|05:45:46.249] Submitted transaction                    hash=0x0bdd1ac29b9a06fbf98f6693a150e97f875a763f3efed8176a5d923458220c00 from=0xbc7A668f0B1595d535B4a2de710461E1C6eba785 nonce=19 recipient=0x7dc4d193051240848c7F4F19679e8514B148080f value=0
INFO [06-01|05:45:46.489] Submitted transaction                    hash=0x9b6275c278ccbb1633705a20e8a00d330ddf3c976b78ea3786bc16c24034b181 from=0x97D85277E62c57d15268b3E644cdbbDA3706fBEa nonce=19 recipient=0x7dc4d193051240848c7F4F19679e8514B148080f value=0
INFO [06-01|05:45:46.605] Starting work on payload                 id=0x030f6ed8b96773d2
INFO [06-01|05:45:46.694] Updated payload                          id=0x030f6ed8b96773d2 number=44 hash=502859..92cdb5 txs=5 withdrawals=0 gas=28,742,975 fees=0.05748595   root=39cbf3..7b1a87 elapsed=89.186ms
INFO [06-01|05:45:46.695] Stopping work on payload                 id=0x030f6ed8b96773d2 reason=delivery
INFO [06-01|05:45:46.730] Submitted transaction                    hash=0xb1051d3d6b973b901718dcfde565a434ec51ac50c426d4224a0d65f71ea8c6da from=0x151775b94274FeE3696377A0B616a1221AC71326 nonce=19 recipient=0x7dc4d193051240848c7F4F19679e8514B148080f value=0
WARN [06-01|05:45:46.822] {"level":"warn","msg":"Slow block","block":{"number":44,"hash":"0x502859a9076a94b951af3053104618dd7709076c04bb4f36ea72bfdf5992cdb5","gas_used":28742975,"tx_count":5},"timing":{"execution_ms":7.247822,"state_read_ms":26.898476,"state_hash_ms":40.4347,"commit_ms":50.80204,"total_ms":127.045519},"throughput":{"mgas_per_sec":226.2415489050031},"state_reads":{"accounts":26,"storage_slots":1280,"code":1,"code_bytes":869},"state_writes":{"accounts":12,"accounts_deleted":0,"storage_slots":1280,"storage_slots_deleted":0,"code":5,"code_bytes":140},"cache":{"account":{"hits":21,"misses":5,"hit_rate":80.76923076923077},"storage":{"hits":1052,"misses":228,"hit_rate":82.1875},"code":{"hits":1,"misses":0,"hit_rate":100,"hit_bytes":869,"miss_bytes":0}}}
INFO [06-01|05:45:46.822] Imported new potential chain segment     number=44 hash=502859..92cdb5 blocks=1 txs=5 mgas=28.743 elapsed=127.274ms   mgasps=225.834 triediffs=15.13MiB  triedirty=0.00B
INFO [06-01|05:45:46.822] Chain head was updated                   number=44 hash=502859..92cdb5 root=39cbf3..7b1a87 elapsed="167.367µs"
INFO [06-01|05:45:46.969] Submitted transaction                    hash=0xd71c6bc6599097925b755416230bb5e4ab8ec6115cc48a91bda51c1a935e294d from=0xcA56D5B749835d8Ab9cA8c1c4123e9B5002Fc0Ff nonce=19 recipient=0x7dc4d193051240848c7F4F19679e8514B148080f value=0
INFO [06-01|05:45:47.209] Submitted transaction                    hash=0x9e55f59092334be4c00952215cfba88c210000a3ae095b7f55da437bcadec2e1 from=0xfB403fD865ddcc1C79F9987EDD0ADabC47C24bB9 nonce=19 recipient=0x7dc4d193051240848c7F4F19679e8514B148080f value=0
INFO [06-01|05:45:47.450] Submitted transaction                    hash=0xec786898d849e775e9dffb4b211fbe35b7d75a3afa7b3612c05d37002015cc7a from=0x9e8E8A4256457eF170586329D9a01487aA0bA29e nonce=19 recipient=0x7dc4d193051240848c7F4F19679e8514B148080f value=0
INFO [06-01|05:45:47.689] Submitted transaction                    hash=0x153a274c59492d25bee01ee6c44311ab1578fe34bc2d21a19140ac58877b2d6d from=0x5AFc7eaFAA1e34De8e6fB9b014CFD08b18377F26 nonce=19 recipient=0x7dc4d193051240848c7F4F19679e8514B148080f value=0
INFO [06-01|05:45:47.835] Starting work on payload                 id=0x0395e25eca7c1830
INFO [06-01|05:45:47.928] Updated payload                          id=0x0395e25eca7c1830 number=45 hash=d48201..a2640f txs=5 withdrawals=0 gas=28,742,975 fees=0.05748595   root=094cea..2a718c elapsed=92.524ms
INFO [06-01|05:45:47.928] Stopping work on payload                 id=0x0395e25eca7c1830 reason=delivery
INFO [06-01|05:45:47.929] Submitted transaction                    hash=0x23812adfe231a9c7093fab65de66cb9ee6777063136023735f045ae6ab890589 from=0x513978fc4d7fF9951AA177D59C7A1b9AA777119a nonce=19 recipient=0x7dc4d193051240848c7F4F19679e8514B148080f value=0
WARN [06-01|05:45:48.031] {"level":"warn","msg":"Slow block","block":{"number":45,"hash":"0xd48201144a722ec3e48ae2ee416a812c86d0e4076338bad49bc8915ebca2640f","gas_used":28742975,"tx_count":5},"timing":{"execution_ms":4.720283,"state_read_ms":33.485583,"state_hash_ms":33.810069,"commit_ms":30.275059,"total_ms":102.549582},"throughput":{"mgas_per_sec":280.2836875532072},"state_reads":{"accounts":26,"storage_slots":1280,"code":1,"code_bytes":869},"state_writes":{"accounts":12,"accounts_deleted":0,"storage_slots":1280,"storage_slots_deleted":0,"code":5,"code_bytes":140},"cache":{"account":{"hits":20,"misses":6,"hit_rate":76.92307692307693},"storage":{"hits":1076,"misses":204,"hit_rate":84.0625},"code":{"hits":1,"misses":0,"hit_rate":100,"hit_bytes":869,"miss_bytes":0}}}
INFO [06-01|05:45:48.031] Imported new potential chain segment     number=45 hash=d48201..a2640f blocks=1 txs=5 mgas=28.743 elapsed=102.786ms   mgasps=279.637 triediffs=15.54MiB  triedirty=0.00B
INFO [06-01|05:45:48.031] Chain head was updated                   number=45 hash=d48201..a2640f root=094cea..2a718c elapsed="135.67µs"
INFO [06-01|05:45:48.169] Submitted transaction                    hash=0x4b008a9621081af7228097454eabfc69f0d9d97e784aa23bbfb5e713fffa67d8 from=0x225bD09Ef41092086C35444d335Df887A0691eD0 nonce=19 recipient=0x7dc4d193051240848c7F4F19679e8514B148080f value=0
INFO [06-01|05:45:48.409] Submitted transaction                    hash=0x7e4ed76d69858fc28aacbc7e5a78c5123790b9b551df2a7f30fa74b69f435caa from=0x0A114598D397AB388E751b917300055F2904166F nonce=19 recipient=0x7dc4d193051240848c7F4F19679e8514B148080f value=0
INFO [06-01|05:45:48.650] Submitted transaction                    hash=0xb22d02f041f9c080b5c27d81a388c348e8c33af763a904e4638a27996847de29 from=0xbc7A668f0B1595d535B4a2de710461E1C6eba785 nonce=20 recipient=0x7dc4d193051240848c7F4F19679e8514B148080f value=0
INFO [06-01|05:45:48.888] Submitted transaction                    hash=0x14c5ad8ce6797d4217408d195c25d38f0e0222b2085c59656eea424aba833cb5 from=0x97D85277E62c57d15268b3E644cdbbDA3706fBEa nonce=20 recipient=0x7dc4d193051240848c7F4F19679e8514B148080f value=0
INFO [06-01|05:45:49.036] Starting work on payload                 id=0x0393aeaf56580f5f
INFO [06-01|05:45:49.124] Updated payload                          id=0x0393aeaf56580f5f number=46 hash=c0e300..d43ecc txs=5 withdrawals=0 gas=28,742,975 fees=0.05186496493 root=c749f6..8f94ef elapsed=88.498ms
INFO [06-01|05:45:49.124] Stopping work on payload                 id=0x0393aeaf56580f5f reason=delivery
INFO [06-01|05:45:49.130] Submitted transaction                    hash=0x84f1f19619ac9721599ab2c3286557c66b6a3f5e131dd36f62bd214a6ab9d2da from=0x151775b94274FeE3696377A0B616a1221AC71326 nonce=20 recipient=0x7dc4d193051240848c7F4F19679e8514B148080f value=0
WARN [06-01|05:45:49.233] {"level":"warn","msg":"Slow block","block":{"number":46,"hash":"0xc0e30087f5e5bf8c2278d3e95075cae63d2d9a39111e88e3c04274eaefd43ecc","gas_used":28742975,"tx_count":5},"timing":{"execution_ms":5.591812,"state_read_ms":34.063087,"state_hash_ms":39.129094,"commit_ms":29.495094,"total_ms":108.5479},"throughput":{"mgas_per_sec":264.7953115629137},"state_reads":{"accounts":26,"storage_slots":1280,"code":1,"code_bytes":869},"state_writes":{"accounts":12,"accounts_deleted":0,"storage_slots":1280,"storage_slots_deleted":0,"code":5,"code_bytes":140},"cache":{"account":{"hits":21,"misses":5,"hit_rate":80.76923076923077},"storage":{"hits":1045,"misses":235,"hit_rate":81.640625},"code":{"hits":1,"misses":0,"hit_rate":100,"hit_bytes":869,"miss_bytes":0}}}
INFO [06-01|05:45:49.234] Imported new potential chain segment     number=46 hash=c0e300..d43ecc blocks=1 txs=5 mgas=28.743 elapsed=108.857ms   mgasps=264.043 triediffs=15.95MiB  triedirty=0.00B
INFO [06-01|05:45:49.234] Chain head was updated                   number=46 hash=c0e300..d43ecc root=c749f6..8f94ef elapsed="138.833µs"
INFO [06-01|05:45:49.369] Submitted transaction                    hash=0x423126fcca51fdc53c2b2b4cdaf88ef8c6512564ab9403d51ce9714d7bf1d56c from=0xcA56D5B749835d8Ab9cA8c1c4123e9B5002Fc0Ff nonce=20 recipient=0x7dc4d193051240848c7F4F19679e8514B148080f value=0
INFO [06-01|05:45:49.609] Submitted transaction                    hash=0xa048fb2aea0cd9586a7fae0968aed4eae96ab61746aaf7610000b3cccc2f6ae7 from=0xfB403fD865ddcc1C79F9987EDD0ADabC47C24bB9 nonce=20 recipient=0x7dc4d193051240848c7F4F19679e8514B148080f value=0
INFO [06-01|05:45:49.849] Submitted transaction                    hash=0xaace3b5a7b143e90d9f88a1f4fda306772ab8bb2f4d54ffe7819118fb68ecfb8 from=0x9e8E8A4256457eF170586329D9a01487aA0bA29e nonce=20 recipient=0x7dc4d193051240848c7F4F19679e8514B148080f value=0
INFO [06-01|05:45:50.089] Submitted transaction                    hash=0xcc7a02bdeb8a1ca633b470b97e13cc64f6dbdd7a7a5d273401662273754ed237 from=0x5AFc7eaFAA1e34De8e6fB9b014CFD08b18377F26 nonce=20 recipient=0x7dc4d193051240848c7F4F19679e8514B148080f value=0
INFO [06-01|05:45:50.239] Starting work on payload                 id=0x033fe1e7f712c444
INFO [06-01|05:45:50.253] Updated payload                          id=0x033fe1e7f712c444 number=47 hash=b6bb92..f4beca txs=0 withdrawals=0 gas=0          fees=0             root=c749f6..8f94ef elapsed=13.196ms
INFO [06-01|05:45:50.253] Stopping work on payload                 id=0x033fe1e7f712c444 reason=delivery
WARN [06-01|05:45:50.258] {"level":"warn","msg":"Slow block","block":{"number":47,"hash":"0xb6bb929bbec0320836477a19886516b069fe303d0de35472aea0f00fe7f4beca","gas_used":0,"tx_count":0},"timing":{"execution_ms":0.023952,"state_read_ms":4.236426,"state_hash_ms":0.081247,"commit_ms":0.232794,"total_ms":4.737084},"throughput":{"mgas_per_sec":0},"state_reads":{"accounts":4,"storage_slots":0,"code":0,"code_bytes":0},"state_writes":{"accounts":0,"accounts_deleted":0,"storage_slots":0,"storage_slots_deleted":0,"code":0,"code_bytes":0},"cache":{"account":{"hits":0,"misses":4,"hit_rate":0},"storage":{"hits":0,"misses":0,"hit_rate":0},"code":{"hits":0,"misses":0,"hit_rate":0,"hit_bytes":0,"miss_bytes":0}}}
INFO [06-01|05:45:50.258] Imported new potential chain segment     number=47 hash=b6bb92..f4beca blocks=1 txs=0 mgas=0.000  elapsed=4.884ms     mgasps=0.000   triediffs=15.95MiB  triedirty=0.00B
INFO [06-01|05:45:50.258] Chain head was updated                   number=47 hash=b6bb92..f4beca root=c749f6..8f94ef elapsed="40.191µs"
INFO [06-01|05:45:50.329] Submitted transaction                    hash=0xdfb3083db785355e359fd56c94fb5847b3dff60c7f78f711db72ec8d300da70e from=0x513978fc4d7fF9951AA177D59C7A1b9AA777119a nonce=20 recipient=0x7dc4d193051240848c7F4F19679e8514B148080f value=0
INFO [06-01|05:45:50.569] Submitted transaction                    hash=0xa6e2f81ce27230e090d4759b54f27ef6d20a4ae592cc0131c9e35cd2cfb9c74d from=0x225bD09Ef41092086C35444d335Df887A0691eD0 nonce=20 recipient=0x7dc4d193051240848c7F4F19679e8514B148080f value=0
INFO [06-01|05:45:50.809] Submitted transaction                    hash=0x9aec538772a51758097e43a5df15afb7dbce66fbca3158e02f1c6767be7656fa from=0x0A114598D397AB388E751b917300055F2904166F nonce=20 recipient=0x7dc4d193051240848c7F4F19679e8514B148080f value=0
INFO [06-01|05:45:51.050] Submitted transaction                    hash=0xc7e009bfa02465a2dd02b3244dbd8f9afb708732e43b3a9e05ab281708c4195e from=0xbc7A668f0B1595d535B4a2de710461E1C6eba785 nonce=21 recipient=0x7dc4d193051240848c7F4F19679e8514B148080f value=0
INFO [06-01|05:45:51.272] Starting work on payload                 id=0x03a555e45a84e455
INFO [06-01|05:45:51.289] Submitted transaction                    hash=0xb57898c9051919f1f60a93f8a26d203d20448c0c65e795ad29b38bdbe7832e02 from=0x97D85277E62c57d15268b3E644cdbbDA3706fBEa nonce=21 recipient=0x7dc4d193051240848c7F4F19679e8514B148080f value=0
INFO [06-01|05:45:51.391] Updated payload                          id=0x03a555e45a84e455 number=48 hash=b60efa..60b898 txs=5 withdrawals=0 gas=28,742,975 fees=0.05748595    root=9394c7..b90d58 elapsed=119.416ms
INFO [06-01|05:45:51.391] Stopping work on payload                 id=0x03a555e45a84e455 reason=delivery
WARN [06-01|05:45:51.495] {"level":"warn","msg":"Slow block","block":{"number":48,"hash":"0xb60efab42114ec601094df98f6482ea0dfe2698517efaac0b599e3b7e560b898","gas_used":28742975,"tx_count":5},"timing":{"execution_ms":7.014678,"state_read_ms":31.931781,"state_hash_ms":31.736853,"commit_ms":32.494766,"total_ms":103.387118},"throughput":{"mgas_per_sec":278.01311764972496},"state_reads":{"accounts":26,"storage_slots":1280,"code":1,"code_bytes":869},"state_writes":{"accounts":12,"accounts_deleted":0,"storage_slots":1280,"storage_slots_deleted":0,"code":5,"code_bytes":140},"cache":{"account":{"hits":22,"misses":4,"hit_rate":84.61538461538461},"storage":{"hits":1044,"misses":236,"hit_rate":81.5625},"code":{"hits":1,"misses":0,"hit_rate":100,"hit_bytes":869,"miss_bytes":0}}}
INFO [06-01|05:45:51.495] Imported new potential chain segment     number=48 hash=b60efa..60b898 blocks=1 txs=5 mgas=28.743 elapsed=103.700ms   mgasps=277.172 triediffs=16.35MiB  triedirty=0.00B
INFO [06-01|05:45:51.496] Chain head was updated                   number=48 hash=b60efa..60b898 root=9394c7..b90d58 elapsed="121.577µs"
INFO [06-01|05:45:51.529] Submitted transaction                    hash=0x68541cf8aaa6a5491db8b1f9dacb78cadba6ea6a9cdbd9963ef10d2265cd1856 from=0x151775b94274FeE3696377A0B616a1221AC71326 nonce=21 recipient=0x7dc4d193051240848c7F4F19679e8514B148080f value=0
INFO [06-01|05:45:51.770] Submitted transaction                    hash=0xc074cf216998245bff147f98b4bb9e973758dc55b2640ec25cec9643c95845ec from=0xcA56D5B749835d8Ab9cA8c1c4123e9B5002Fc0Ff nonce=21 recipient=0x7dc4d193051240848c7F4F19679e8514B148080f value=0
INFO [06-01|05:45:52.009] Submitted transaction                    hash=0x218aed1205c76ce1c968af47c9db98ca4cf1eb73713765482925bc814ccca006 from=0xfB403fD865ddcc1C79F9987EDD0ADabC47C24bB9 nonce=21 recipient=0x7dc4d193051240848c7F4F19679e8514B148080f value=0
INFO [06-01|05:45:52.249] Submitted transaction                    hash=0xcb687e85401140adeaa73ce748b1298c7bff2c8977986f74f73ef28128e7a585 from=0x9e8E8A4256457eF170586329D9a01487aA0bA29e nonce=21 recipient=0x7dc4d193051240848c7F4F19679e8514B148080f value=0
INFO [06-01|05:45:52.489] Submitted transaction                    hash=0x5e1a2e9ca8786ed2ed4a8659b3ed11373b096e08f52c9d600c141d936efd33e9 from=0x5AFc7eaFAA1e34De8e6fB9b014CFD08b18377F26 nonce=21 recipient=0x7dc4d193051240848c7F4F19679e8514B148080f value=0
INFO [06-01|05:45:52.509] Starting work on payload                 id=0x037688c3c1f6098e
INFO [06-01|05:45:52.596] Updated payload                          id=0x037688c3c1f6098e number=49 hash=c1657b..5ccac0 txs=5 withdrawals=0 gas=28,742,975 fees=0.01732166594 root=7315f9..ac5aca elapsed=86.831ms
INFO [06-01|05:45:52.596] Stopping work on payload                 id=0x037688c3c1f6098e reason=delivery
WARN [06-01|05:45:52.691] {"level":"warn","msg":"Slow block","block":{"number":49,"hash":"0xc1657bd8f7408bf6425570870d7dec7b13a906813c8127fbaf07ffcfce5ccac0","gas_used":28742975,"tx_count":5},"timing":{"execution_ms":4.453747,"state_read_ms":25.910017,"state_hash_ms":28.861888,"commit_ms":34.785198,"total_ms":94.243044},"throughput":{"mgas_per_sec":304.9877612187484},"state_reads":{"accounts":26,"storage_slots":1280,"code":1,"code_bytes":869},"state_writes":{"accounts":12,"accounts_deleted":0,"storage_slots":1280,"storage_slots_deleted":0,"code":5,"code_bytes":140},"cache":{"account":{"hits":21,"misses":5,"hit_rate":80.76923076923077},"storage":{"hits":1138,"misses":142,"hit_rate":88.90625},"code":{"hits":1,"misses":0,"hit_rate":100,"hit_bytes":869,"miss_bytes":0}}}
INFO [06-01|05:45:52.691] Imported new potential chain segment     number=49 hash=c1657b..5ccac0 blocks=1 txs=5 mgas=28.743 elapsed=94.434ms    mgasps=304.371 triediffs=16.76MiB  triedirty=0.00B
INFO [06-01|05:45:52.691] Chain head was updated                   number=49 hash=c1657b..5ccac0 root=7315f9..ac5aca elapsed="119.46µs"
INFO [06-01|05:45:52.729] Submitted transaction                    hash=0x9f5e02f979d6f41f52b9c5d4033b9f2af84ab7b89fbed5bf7f6e773a2849c67c from=0x513978fc4d7fF9951AA177D59C7A1b9AA777119a nonce=21 recipient=0x7dc4d193051240848c7F4F19679e8514B148080f value=0
INFO [06-01|05:45:52.969] Submitted transaction                    hash=0xd390812d717612947eb1638175ae56f62944cd01622526f9744d7c7b0c1f105c from=0x225bD09Ef41092086C35444d335Df887A0691eD0 nonce=21 recipient=0x7dc4d193051240848c7F4F19679e8514B148080f value=0
INFO [06-01|05:45:53.209] Submitted transaction                    hash=0xb0f157fc0cae55bc6c115d97dd683fbb8a74387d830b23709fd8295570771496 from=0x0A114598D397AB388E751b917300055F2904166F nonce=21 recipient=0x7dc4d193051240848c7F4F19679e8514B148080f value=0
INFO [06-01|05:45:53.449] Submitted transaction                    hash=0x6bf0836934c61bf088838f52a0bb4e4f31b7e37eccbf361dbbd1500cea535e1f from=0xbc7A668f0B1595d535B4a2de710461E1C6eba785 nonce=22 recipient=0x7dc4d193051240848c7F4F19679e8514B148080f value=0
INFO [06-01|05:45:53.689] Submitted transaction                    hash=0xae0495126530eb1efd18c340db941cd12669a153703cb177a3c2a400412144bc from=0x97D85277E62c57d15268b3E644cdbbDA3706fBEa nonce=22 recipient=0x7dc4d193051240848c7F4F19679e8514B148080f value=0
INFO [06-01|05:45:53.698] Starting work on payload                 id=0x03e94dc9594869a3
INFO [06-01|05:45:53.720] Updated payload                          id=0x03e94dc9594869a3 number=50 hash=39d679..1b7ce0 txs=0 withdrawals=0 gas=0          fees=0             root=7315f9..ac5aca elapsed=21.210ms
INFO [06-01|05:45:53.720] Stopping work on payload                 id=0x03e94dc9594869a3 reason=delivery
WARN [06-01|05:45:53.734] {"level":"warn","msg":"Slow block","block":{"number":50,"hash":"0x39d6796af63c2c5e38276ccd8ed2c765dea4ba0f0fa9f08bd0546179831b7ce0","gas_used":0,"tx_count":0},"timing":{"execution_ms":0.029321,"state_read_ms":12.871385,"state_hash_ms":0.322819,"commit_ms":0.632753,"total_ms":14.191275},"throughput":{"mgas_per_sec":0},"state_reads":{"accounts":4,"storage_slots":0,"code":0,"code_bytes":0},"state_writes":{"accounts":0,"accounts_deleted":0,"storage_slots":0,"storage_slots_deleted":0,"code":0,"code_bytes":0},"cache":{"account":{"hits":0,"misses":4,"hit_rate":0},"storage":{"hits":0,"misses":0,"hit_rate":0},"code":{"hits":0,"misses":0,"hit_rate":0,"hit_bytes":0,"miss_bytes":0}}}
INFO [06-01|05:45:53.734] Imported new potential chain segment     number=50 hash=39d679..1b7ce0 blocks=1 txs=0 mgas=0.000  elapsed=14.341ms    mgasps=0.000   triediffs=16.76MiB  triedirty=0.00B
INFO [06-01|05:45:53.734] Chain head was updated                   number=50 hash=39d679..1b7ce0 root=7315f9..ac5aca elapsed="47.052µs"
INFO [06-01|05:45:53.930] Submitted transaction                    hash=0xa7b113431c5f69e6c5a378099b6185d5e1c792329a966777e76d2128cb864a96 from=0x151775b94274FeE3696377A0B616a1221AC71326 nonce=22 recipient=0x7dc4d193051240848c7F4F19679e8514B148080f value=0
INFO [06-01|05:45:54.174] Submitted transaction                    hash=0x75462499bd5e1a89d7fac63d647d0acca2429bfb2590d3aed38fdf6fb6b7ffe5 from=0xcA56D5B749835d8Ab9cA8c1c4123e9B5002Fc0Ff nonce=22 recipient=0x7dc4d193051240848c7F4F19679e8514B148080f value=0
INFO [06-01|05:45:54.409] Submitted transaction                    hash=0x89a8e98d5af63e47f6edc96fd1269cd306964619b7d4bab0cca1783c77b114e0 from=0xfB403fD865ddcc1C79F9987EDD0ADabC47C24bB9 nonce=22 recipient=0x7dc4d193051240848c7F4F19679e8514B148080f value=0
INFO [06-01|05:45:54.649] Submitted transaction                    hash=0xccb0244015a2a8d97528c5355af9eb8b76d17bb7b8c85908cfbe4da204bc078d from=0x9e8E8A4256457eF170586329D9a01487aA0bA29e nonce=22 recipient=0x7dc4d193051240848c7F4F19679e8514B148080f value=0
INFO [06-01|05:45:54.741] Starting work on payload                 id=0x03de4420805fe086
INFO [06-01|05:45:54.849] Updated payload                          id=0x03de4420805fe086 number=51 hash=32c99f..f5414f txs=5 withdrawals=0 gas=28,742,975 fees=0.03660044093 root=909c5f..460263 elapsed=108.144ms
INFO [06-01|05:45:54.849] Stopping work on payload                 id=0x03de4420805fe086 reason=delivery
INFO [06-01|05:45:54.894] Submitted transaction                    hash=0xf30308900d01003553d667c21af4dc3a4d1e4050b86feed7fa29248b8d64e68f from=0x5AFc7eaFAA1e34De8e6fB9b014CFD08b18377F26 nonce=22 recipient=0x7dc4d193051240848c7F4F19679e8514B148080f value=0
WARN [06-01|05:45:54.956] {"level":"warn","msg":"Slow block","block":{"number":51,"hash":"0x32c99f9a4cd817dfebd88884573ed2974237a94e8430a2a9670821e31af5414f","gas_used":28742975,"tx_count":5},"timing":{"execution_ms":4.211129,"state_read_ms":41.010266,"state_hash_ms":27.031654,"commit_ms":33.990373,"total_ms":106.567687},"throughput":{"mgas_per_sec":269.7156690658023},"state_reads":{"accounts":26,"storage_slots":1280,"code":1,"code_bytes":869},"state_writes":{"accounts":12,"accounts_deleted":0,"storage_slots":1280,"storage_slots_deleted":0,"code":5,"code_bytes":140},"cache":{"account":{"hits":19,"misses":7,"hit_rate":73.07692307692307},"storage":{"hits":1046,"misses":234,"hit_rate":81.71875},"code":{"hits":1,"misses":0,"hit_rate":100,"hit_bytes":869,"miss_bytes":0}}}
INFO [06-01|05:45:54.956] Imported new potential chain segment     number=51 hash=32c99f..f5414f blocks=1 txs=5 mgas=28.743 elapsed=106.820ms   mgasps=269.078 triediffs=17.17MiB  triedirty=0.00B
INFO [06-01|05:45:54.957] Chain head was updated                   number=51 hash=32c99f..f5414f root=909c5f..460263 elapsed="127.924µs"
INFO [06-01|05:45:55.129] Submitted transaction                    hash=0x8fd7cb28e042379bad01c64498c0706cd750f2cae7aa8a41ef4650b277dfcaa8 from=0x513978fc4d7fF9951AA177D59C7A1b9AA777119a nonce=22 recipient=0x7dc4d193051240848c7F4F19679e8514B148080f value=0
INFO [06-01|05:45:55.369] Submitted transaction                    hash=0xb952ca45952bffe274c0455f358628ce623bb87e8b9f7d70f7975eb5eaba1c5b from=0x225bD09Ef41092086C35444d335Df887A0691eD0 nonce=22 recipient=0x7dc4d193051240848c7F4F19679e8514B148080f value=0
INFO [06-01|05:45:55.609] Submitted transaction                    hash=0x902a3c3ccd9c971e8fb70a6d22499d17f353ffa65ef26c286e1a8e4ed7889bf8 from=0x0A114598D397AB388E751b917300055F2904166F nonce=22 recipient=0x7dc4d193051240848c7F4F19679e8514B148080f value=0
INFO [06-01|05:45:55.849] Submitted transaction                    hash=0x248d59005cd1c72cf2dda5e2a95d77670d895ddfa56f2fbd032c72a304818194 from=0xbc7A668f0B1595d535B4a2de710461E1C6eba785 nonce=23 recipient=0x7dc4d193051240848c7F4F19679e8514B148080f value=0
INFO [06-01|05:45:55.976] Starting work on payload                 id=0x033fade3a750a9db
INFO [06-01|05:45:55.984] Updated payload                          id=0x033fade3a750a9db number=52 hash=4ac8fc..da624f txs=0 withdrawals=0 gas=0          fees=0             root=909c5f..460263 elapsed=7.356ms
INFO [06-01|05:45:55.984] Stopping work on payload                 id=0x033fade3a750a9db reason=delivery
WARN [06-01|05:45:56.000] {"level":"warn","msg":"Slow block","block":{"number":52,"hash":"0x4ac8fc534736bb245e20ee2e73ddc228f36dd80fa827fb2d0f302e234eda624f","gas_used":0,"tx_count":0},"timing":{"execution_ms":0.033316,"state_read_ms":15.59621,"state_hash_ms":0.168773,"commit_ms":0.27841,"total_ms":16.228481},"throughput":{"mgas_per_sec":0},"state_reads":{"accounts":4,"storage_slots":0,"code":0,"code_bytes":0},"state_writes":{"accounts":0,"accounts_deleted":0,"storage_slots":0,"storage_slots_deleted":0,"code":0,"code_bytes":0},"cache":{"account":{"hits":0,"misses":4,"hit_rate":0},"storage":{"hits":0,"misses":0,"hit_rate":0},"code":{"hits":0,"misses":0,"hit_rate":0,"hit_bytes":0,"miss_bytes":0}}}
INFO [06-01|05:45:56.000] Imported new potential chain segment     number=52 hash=4ac8fc..da624f blocks=1 txs=0 mgas=0.000  elapsed=16.423ms    mgasps=0.000   triediffs=17.17MiB  triedirty=0.00B
INFO [06-01|05:45:56.001] Chain head was updated                   number=52 hash=4ac8fc..da624f root=909c5f..460263 elapsed="59.752µs"
INFO [06-01|05:45:56.089] Submitted transaction                    hash=0x81434a4bbca02c9e2278fed155ae4ae5c63922649c5a28a76caddacc6df534fb from=0x97D85277E62c57d15268b3E644cdbbDA3706fBEa nonce=23 recipient=0x7dc4d193051240848c7F4F19679e8514B148080f value=0
INFO [06-01|05:45:56.329] Submitted transaction                    hash=0x5817577ce5a9eff8e392471b96061bf6b3d18a1ce7348e2e2d52608d33b3a378 from=0x151775b94274FeE3696377A0B616a1221AC71326 nonce=23 recipient=0x7dc4d193051240848c7F4F19679e8514B148080f value=0
INFO [06-01|05:45:56.569] Submitted transaction                    hash=0xf7403ce0bee4163bf48b68fd047b471596fbf4ed4ed4fb95067054b67da60d40 from=0xcA56D5B749835d8Ab9cA8c1c4123e9B5002Fc0Ff nonce=23 recipient=0x7dc4d193051240848c7F4F19679e8514B148080f value=0
INFO [06-01|05:45:56.809] Submitted transaction                    hash=0xcf29a04f1905799c88d0d5f05a9828666fd6ae0dc2a349786c59dd3ccb36a03e from=0xfB403fD865ddcc1C79F9987EDD0ADabC47C24bB9 nonce=23 recipient=0x7dc4d193051240848c7F4F19679e8514B148080f value=0
INFO [06-01|05:45:57.008] Starting work on payload                 id=0x037e7a0bc8b35586
INFO [06-01|05:45:57.050] Submitted transaction                    hash=0x0e6e54dd58c2d1180f1c3596f562ad9e4ca0e69d58cc7251deabb9e22ba2d588 from=0x9e8E8A4256457eF170586329D9a01487aA0bA29e nonce=23 recipient=0x7dc4d193051240848c7F4F19679e8514B148080f value=0
INFO [06-01|05:45:57.115] Updated payload                          id=0x037e7a0bc8b35586 number=53 hash=c578d6..1d3e33 txs=5 withdrawals=0 gas=28,742,975 fees=0.05542231546 root=714f2a..3ad6b5 elapsed=106.978ms
INFO [06-01|05:45:57.115] Stopping work on payload                 id=0x037e7a0bc8b35586 reason=delivery
WARN [06-01|05:45:57.229] {"level":"warn","msg":"Slow block","block":{"number":53,"hash":"0xc578d68ed8a0961289318453eff60a2413207615a17e9d7947f6c94b011d3e33","gas_used":28742975,"tx_count":5},"timing":{"execution_ms":5.98986,"state_read_ms":34.517682,"state_hash_ms":28.438935,"commit_ms":44.008521,"total_ms":113.364408},"throughput":{"mgas_per_sec":253.5449662472546},"state_reads":{"accounts":26,"storage_slots":1280,"code":1,"code_bytes":869},"state_writes":{"accounts":12,"accounts_deleted":0,"storage_slots":1280,"storage_slots_deleted":0,"code":5,"code_bytes":140},"cache":{"account":{"hits":21,"misses":5,"hit_rate":80.76923076923077},"storage":{"hits":1090,"misses":190,"hit_rate":85.15625},"code":{"hits":1,"misses":0,"hit_rate":100,"hit_bytes":869,"miss_bytes":0}}}
INFO [06-01|05:45:57.229] Imported new potential chain segment     number=53 hash=c578d6..1d3e33 blocks=1 txs=5 mgas=28.743 elapsed=113.639ms   mgasps=252.930 triediffs=17.57MiB  triedirty=0.00B
INFO [06-01|05:45:57.229] Chain head was updated                   number=53 hash=c578d6..1d3e33 root=714f2a..3ad6b5 elapsed="124.144µs"
INFO [06-01|05:45:57.290] Submitted transaction                    hash=0x1fdf4910c05649c796ef7f60d3555b63d5b5ca6748e2f130053456d550241034 from=0x5AFc7eaFAA1e34De8e6fB9b014CFD08b18377F26 nonce=23 recipient=0x7dc4d193051240848c7F4F19679e8514B148080f value=0
INFO [06-01|05:45:57.530] Submitted transaction                    hash=0xc5ae5675d168b1c80d41f3b8c0b33bb0aa48f893f7972398403b694b2bfa7251 from=0x513978fc4d7fF9951AA177D59C7A1b9AA777119a nonce=23 recipient=0x7dc4d193051240848c7F4F19679e8514B148080f value=0
INFO [06-01|05:45:57.769] Submitted transaction                    hash=0x76be2d8495f9df79e98e7df75071725f326c0ed123701006c91ff5f9647006c5 from=0x225bD09Ef41092086C35444d335Df887A0691eD0 nonce=23 recipient=0x7dc4d193051240848c7F4F19679e8514B148080f value=0
INFO [06-01|05:45:58.009] Submitted transaction                    hash=0x43c24e854277e6abccac48600b21793a1eae60c29ec7b22ebd8d62aadcd17a64 from=0x0A114598D397AB388E751b917300055F2904166F nonce=23 recipient=0x7dc4d193051240848c7F4F19679e8514B148080f value=0
INFO [06-01|05:45:58.235] Starting work on payload                 id=0x03a4b753bc1218ab
INFO [06-01|05:45:58.249] Submitted transaction                    hash=0xd98b60a7b67396a12e08f94475b6fa16d5a8ea5c97e73e9fd1b16695d2d534a6 from=0xbc7A668f0B1595d535B4a2de710461E1C6eba785 nonce=24 recipient=0x7dc4d193051240848c7F4F19679e8514B148080f value=0
INFO [06-01|05:45:58.333] Updated payload                          id=0x03a4b753bc1218ab number=54 hash=4f538c..dd3a6e txs=5 withdrawals=0 gas=28,742,975 fees=0.002206386355 root=a6c479..50704c elapsed=97.615ms
INFO [06-01|05:45:58.333] Stopping work on payload                 id=0x03a4b753bc1218ab reason=delivery
WARN [06-01|05:45:58.434] {"level":"warn","msg":"Slow block","block":{"number":54,"hash":"0x4f538ca725d5bfab3301d52cf50c7b12e0bfe3723f8e1aa4fef5403316dd3a6e","gas_used":28742975,"tx_count":5},"timing":{"execution_ms":3.830672,"state_read_ms":25.389164,"state_hash_ms":35.469779,"commit_ms":35.374339,"total_ms":100.240838},"throughput":{"mgas_per_sec":286.7391731102647},"state_reads":{"accounts":26,"storage_slots":1280,"code":1,"code_bytes":869},"state_writes":{"accounts":12,"accounts_deleted":0,"storage_slots":1280,"storage_slots_deleted":0,"code":5,"code_bytes":140},"cache":{"account":{"hits":21,"misses":5,"hit_rate":80.76923076923077},"storage":{"hits":1049,"misses":231,"hit_rate":81.953125},"code":{"hits":1,"misses":0,"hit_rate":100,"hit_bytes":869,"miss_bytes":0}}}
INFO [06-01|05:45:58.434] Imported new potential chain segment     number=54 hash=4f538c..dd3a6e blocks=1 txs=5 mgas=28.743 elapsed=100.434ms   mgasps=286.187 triediffs=17.98MiB  triedirty=0.00B
INFO [06-01|05:45:58.434] Chain head was updated                   number=54 hash=4f538c..dd3a6e root=a6c479..50704c elapsed="119.482µs"
INFO [06-01|05:45:58.489] Submitted transaction                    hash=0x026c2e5311d248418891c8a7e01723358f0eaabeabc77910a4da8072d5ecab0d from=0x97D85277E62c57d15268b3E644cdbbDA3706fBEa nonce=24 recipient=0x7dc4d193051240848c7F4F19679e8514B148080f value=0
INFO [06-01|05:45:58.729] Submitted transaction                    hash=0x9463251cd0734cba7762ebd99feb732ae39f41ab8cc48808b1c4cd3329ab7b65 from=0x151775b94274FeE3696377A0B616a1221AC71326 nonce=24 recipient=0x7dc4d193051240848c7F4F19679e8514B148080f value=0
INFO [06-01|05:45:58.969] Submitted transaction                    hash=0x25c7d94d708c2d423bf5ba6450ee6ff52622414d6d7918be281d29c317ee3b12 from=0xcA56D5B749835d8Ab9cA8c1c4123e9B5002Fc0Ff nonce=24 recipient=0x7dc4d193051240848c7F4F19679e8514B148080f value=0
INFO [06-01|05:45:59.209] Submitted transaction                    hash=0x66fc9bf8914835285a45af22296377b4d3b05825ad344616fa4ecdbf66d258c4 from=0xfB403fD865ddcc1C79F9987EDD0ADabC47C24bB9 nonce=24 recipient=0x7dc4d193051240848c7F4F19679e8514B148080f value=0
INFO [06-01|05:45:59.440] Starting work on payload                 id=0x0358d06b9722bed4
INFO [06-01|05:45:59.449] Submitted transaction                    hash=0x9113f3dafe8c257a12ae974f9c7c2eec32ad84b100304734fbfeaa74e43ad29c from=0x9e8E8A4256457eF170586329D9a01487aA0bA29e nonce=24 recipient=0x7dc4d193051240848c7F4F19679e8514B148080f value=0
INFO [06-01|05:45:59.464] Updated payload                          id=0x0358d06b9722bed4 number=55 hash=17ce4c..874737 txs=0 withdrawals=0 gas=0          fees=0              root=a6c479..50704c elapsed=24.227ms
INFO [06-01|05:45:59.464] Stopping work on payload                 id=0x0358d06b9722bed4 reason=delivery
WARN [06-01|05:45:59.476] {"level":"warn","msg":"Slow block","block":{"number":55,"hash":"0x17ce4cf7d931f9f1cb9a526a09f2e3bab7d4e860df5292b49ca9585497874737","gas_used":0,"tx_count":0},"timing":{"execution_ms":0.043207,"state_read_ms":11.12428,"state_hash_ms":0.088305,"commit_ms":0.294941,"total_ms":11.951407},"throughput":{"mgas_per_sec":0},"state_reads":{"accounts":4,"storage_slots":0,"code":0,"code_bytes":0},"state_writes":{"accounts":0,"accounts_deleted":0,"storage_slots":0,"storage_slots_deleted":0,"code":0,"code_bytes":0},"cache":{"account":{"hits":0,"misses":4,"hit_rate":0},"storage":{"hits":0,"misses":0,"hit_rate":0},"code":{"hits":0,"misses":0,"hit_rate":0,"hit_bytes":0,"miss_bytes":0}}}
INFO [06-01|05:45:59.476] Imported new potential chain segment     number=55 hash=17ce4c..874737 blocks=1 txs=0 mgas=0.000  elapsed=12.125ms    mgasps=0.000   triediffs=17.98MiB  triedirty=0.00B
INFO [06-01|05:45:59.477] Chain head was updated                   number=55 hash=17ce4c..874737 root=a6c479..50704c elapsed="43.896µs"
INFO [06-01|05:45:59.690] Submitted transaction                    hash=0x27eedc82f3002420de8c089f43783c58f06b122fa95cbfc8a1fe3c5d53473649 from=0x5AFc7eaFAA1e34De8e6fB9b014CFD08b18377F26 nonce=24 recipient=0x7dc4d193051240848c7F4F19679e8514B148080f value=0
INFO [06-01|05:45:59.929] Submitted transaction                    hash=0x025694370173090e873d67bf9ba7a9b4f8121a3c1c3ce3017b4877b771df6502 from=0x513978fc4d7fF9951AA177D59C7A1b9AA777119a nonce=24 recipient=0x7dc4d193051240848c7F4F19679e8514B148080f value=0
INFO [06-01|05:46:00.170] Submitted transaction                    hash=0x1d745693306fe8d3db16c2b9ff3be699d7793e0298b566deb4295da6e7d19f2c from=0x225bD09Ef41092086C35444d335Df887A0691eD0 nonce=24 recipient=0x7dc4d193051240848c7F4F19679e8514B148080f value=0
INFO [06-01|05:46:00.409] Submitted transaction                    hash=0x168330d3c257c5fb0a4007a858afe8f5fe2f2f632dc895fab2cef70f8cc84d88 from=0x0A114598D397AB388E751b917300055F2904166F nonce=24 recipient=0x7dc4d193051240848c7F4F19679e8514B148080f value=0
INFO [06-01|05:46:00.482] Starting work on payload                 id=0x03b4a191cdce7a73
INFO [06-01|05:46:00.569] Updated payload                          id=0x03b4a191cdce7a73 number=56 hash=eb6418..ae90c1 txs=5 withdrawals=0 gas=28,742,975 fees=0.0225648365   root=f4cd04..24cae8 elapsed=86.960ms
INFO [06-01|05:46:00.569] Stopping work on payload                 id=0x03b4a191cdce7a73 reason=delivery
INFO [06-01|05:46:00.652] Submitted transaction                    hash=0xfe40634cc6cd4f5afdb1038aa6d1814d173da041a68e22fe973472f3ad29a4ca from=0xbc7A668f0B1595d535B4a2de710461E1C6eba785 nonce=25 recipient=0x7dc4d193051240848c7F4F19679e8514B148080f value=0
WARN [06-01|05:46:00.673] {"level":"warn","msg":"Slow block","block":{"number":56,"hash":"0xeb64182b6fa20e8f7a8e553bf3631528f8136e52d8522ae940b5d2536fae90c1","gas_used":28742975,"tx_count":5},"timing":{"execution_ms":5.666097,"state_read_ms":31.669093,"state_hash_ms":30.056684,"commit_ms":35.456684,"total_ms":103.06791},"throughput":{"mgas_per_sec":278.8741423009354},"state_reads":{"accounts":26,"storage_slots":1280,"code":1,"code_bytes":869},"state_writes":{"accounts":12,"accounts_deleted":0,"storage_slots":1280,"storage_slots_deleted":0,"code":5,"code_bytes":140},"cache":{"account":{"hits":21,"misses":5,"hit_rate":80.76923076923077},"storage":{"hits":1041,"misses":239,"hit_rate":81.328125},"code":{"hits":1,"misses":0,"hit_rate":100,"hit_bytes":869,"miss_bytes":0}}}
INFO [06-01|05:46:00.673] Imported new potential chain segment     number=56 hash=eb6418..ae90c1 blocks=1 txs=5 mgas=28.743 elapsed=103.322ms   mgasps=278.188 triediffs=18.38MiB  triedirty=0.00B
INFO [06-01|05:46:00.673] Chain head was updated                   number=56 hash=eb6418..ae90c1 root=f4cd04..24cae8 elapsed="127.359µs"
INFO [06-01|05:46:00.889] Submitted transaction                    hash=0xb861bac34207900c85c2991125e7eb40f914e494682e6f0a764e99d1d0ed280d from=0x97D85277E62c57d15268b3E644cdbbDA3706fBEa nonce=25 recipient=0x7dc4d193051240848c7F4F19679e8514B148080f value=0
INFO [06-01|05:46:01.129] Submitted transaction                    hash=0x9fc77834e3eff472f224ff6c82f8cd45a32c774f1fdc61cf1bf0a3f0de9bc499 from=0x151775b94274FeE3696377A0B616a1221AC71326 nonce=25 recipient=0x7dc4d193051240848c7F4F19679e8514B148080f value=0
INFO [06-01|05:46:01.369] Submitted transaction                    hash=0xc0af678b7bcf3fee21ff041a19f660a73756e61a00df26b2ae07b141f73e21e5 from=0xcA56D5B749835d8Ab9cA8c1c4123e9B5002Fc0Ff nonce=25 recipient=0x7dc4d193051240848c7F4F19679e8514B148080f value=0
INFO [06-01|05:46:01.609] Submitted transaction                    hash=0x3fe3f2c7bf6b32183cc07c9fe60a1cb9d24b4cde119d48250973a17113969f5e from=0xfB403fD865ddcc1C79F9987EDD0ADabC47C24bB9 nonce=25 recipient=0x7dc4d193051240848c7F4F19679e8514B148080f value=0
INFO [06-01|05:46:01.692] Starting work on payload                 id=0x03e4ed9f9500d7f5
INFO [06-01|05:46:01.706] Updated payload                          id=0x03e4ed9f9500d7f5 number=57 hash=22fd53..86b63e txs=0 withdrawals=0 gas=0          fees=0              root=f4cd04..24cae8 elapsed=13.722ms
INFO [06-01|05:46:01.706] Stopping work on payload                 id=0x03e4ed9f9500d7f5 reason=delivery
WARN [06-01|05:46:01.719] {"level":"warn","msg":"Slow block","block":{"number":57,"hash":"0x22fd5382f6f23244c9c7bc097124e255232975280fbf3df9d3976367d186b63e","gas_used":0,"tx_count":0},"timing":{"execution_ms":0.032273,"state_read_ms":11.695037,"state_hash_ms":0.093364,"commit_ms":0.266865,"total_ms":12.372921},"throughput":{"mgas_per_sec":0},"state_reads":{"accounts":4,"storage_slots":0,"code":0,"code_bytes":0},"state_writes":{"accounts":0,"accounts_deleted":0,"storage_slots":0,"storage_slots_deleted":0,"code":0,"code_bytes":0},"cache":{"account":{"hits":0,"misses":4,"hit_rate":0},"storage":{"hits":0,"misses":0,"hit_rate":0},"code":{"hits":0,"misses":0,"hit_rate":0,"hit_bytes":0,"miss_bytes":0}}}
INFO [06-01|05:46:01.719] Imported new potential chain segment     number=57 hash=22fd53..86b63e blocks=1 txs=0 mgas=0.000  elapsed=12.489ms    mgasps=0.000   triediffs=18.38MiB  triedirty=0.00B
INFO [06-01|05:46:01.719] Chain head was updated                   number=57 hash=22fd53..86b63e root=f4cd04..24cae8 elapsed="44.903µs"
INFO [06-01|05:46:01.849] Submitted transaction                    hash=0xd2b661bce5e495f326386248c4dd2211ab5a8346082c9479fb9f7eace4d67b91 from=0x9e8E8A4256457eF170586329D9a01487aA0bA29e nonce=25 recipient=0x7dc4d193051240848c7F4F19679e8514B148080f value=0
INFO [06-01|05:46:02.724] Starting work on payload                 id=0x03096180ca985799
INFO [06-01|05:46:02.828] Updated payload                          id=0x03096180ca985799 number=58 hash=0fadec..227b5f txs=5 withdrawals=0 gas=28,742,975 fees=0.04241366862  root=691936..4eeebb elapsed=103.291ms
INFO [06-01|05:46:02.828] Stopping work on payload                 id=0x03096180ca985799 reason=delivery
WARN [06-01|05:46:02.948] {"level":"warn","msg":"Slow block","block":{"number":58,"hash":"0x0fadec1f354c37d9a016a8b1cafd52d7f23936ed375596112a8f825e07227b5f","gas_used":28742975,"tx_count":5},"timing":{"execution_ms":4.28898,"state_read_ms":37.937991,"state_hash_ms":42.102866,"commit_ms":34.9329,"total_ms":119.638139},"throughput":{"mgas_per_sec":240.2492653283415},"state_reads":{"accounts":26,"storage_slots":1280,"code":1,"code_bytes":869},"state_writes":{"accounts":12,"accounts_deleted":0,"storage_slots":1280,"storage_slots_deleted":0,"code":5,"code_bytes":140},"cache":{"account":{"hits":19,"misses":7,"hit_rate":73.07692307692307},"storage":{"hits":1068,"misses":212,"hit_rate":83.4375},"code":{"hits":1,"misses":0,"hit_rate":100,"hit_bytes":869,"miss_bytes":0}}}
INFO [06-01|05:46:02.948] Imported new potential chain segment     number=58 hash=0fadec..227b5f blocks=1 txs=5 mgas=28.743 elapsed=119.887ms   mgasps=239.750 triediffs=18.79MiB  triedirty=0.00B
INFO [06-01|05:46:02.948] Chain head was updated                   number=58 hash=0fadec..227b5f root=691936..4eeebb elapsed="140.486µs"
INFO [06-01|05:46:03.954] Starting work on payload                 id=0x03189ff1edfac492
INFO [06-01|05:46:03.967] Updated payload                          id=0x03189ff1edfac492 number=59 hash=4f2d3b..998256 txs=0 withdrawals=0 gas=0          fees=0              root=691936..4eeebb elapsed=12.191ms
INFO [06-01|05:46:03.967] Stopping work on payload                 id=0x03189ff1edfac492 reason=delivery
WARN [06-01|05:46:03.982] {"level":"warn","msg":"Slow block","block":{"number":59,"hash":"0x4f2d3bcbd7ad8642093be82194b5d25690627a29ed5d41f4e04b06c950998256","gas_used":0,"tx_count":0},"timing":{"execution_ms":0.03506,"state_read_ms":6.940756,"state_hash_ms":0.201349,"commit_ms":0.308483,"total_ms":14.832757},"throughput":{"mgas_per_sec":0},"state_reads":{"accounts":4,"storage_slots":0,"code":0,"code_bytes":0},"state_writes":{"accounts":0,"accounts_deleted":0,"storage_slots":0,"storage_slots_deleted":0,"code":0,"code_bytes":0},"cache":{"account":{"hits":0,"misses":4,"hit_rate":0},"storage":{"hits":0,"misses":0,"hit_rate":0},"code":{"hits":0,"misses":0,"hit_rate":0,"hit_bytes":0,"miss_bytes":0}}}
INFO [06-01|05:46:03.982] Imported new potential chain segment     number=59 hash=4f2d3b..998256 blocks=1 txs=0 mgas=0.000  elapsed=14.967ms    mgasps=0.000   triediffs=18.79MiB  triedirty=0.00B
INFO [06-01|05:46:03.982] Chain head was updated                   number=59 hash=4f2d3b..998256 root=691936..4eeebb elapsed="43.439µs"
INFO [06-01|05:46:04.988] Starting work on payload                 id=0x037f1a13a697c988
INFO [06-01|05:46:05.086] Updated payload                          id=0x037f1a13a697c988 number=60 hash=38291c..5fa5ce txs=5 withdrawals=0 gas=28,742,975 fees=0.05748595     root=1dfdea..689684 elapsed=97.607ms
INFO [06-01|05:46:05.086] Stopping work on payload                 id=0x037f1a13a697c988 reason=delivery
WARN [06-01|05:46:05.196] {"level":"warn","msg":"Slow block","block":{"number":60,"hash":"0x38291c2da97afafca0f79d2f4093c295150ded33fc2cb8c196142d65995fa5ce","gas_used":28742975,"tx_count":5},"timing":{"execution_ms":7.366142,"state_read_ms":32.559747,"state_hash_ms":39.124612,"commit_ms":30.594497,"total_ms":109.869443},"throughput":{"mgas_per_sec":261.61027320398813},"state_reads":{"accounts":26,"storage_slots":1280,"code":1,"code_bytes":869},"state_writes":{"accounts":12,"accounts_deleted":0,"storage_slots":1280,"storage_slots_deleted":0,"code":5,"code_bytes":140},"cache":{"account":{"hits":20,"misses":6,"hit_rate":76.92307692307693},"storage":{"hits":845,"misses":435,"hit_rate":66.015625},"code":{"hits":1,"misses":0,"hit_rate":100,"hit_bytes":869,"miss_bytes":0}}}
INFO [06-01|05:46:05.196] Imported new potential chain segment     number=60 hash=38291c..5fa5ce blocks=1 txs=5 mgas=28.743 elapsed=110.154ms   mgasps=260.934 triediffs=19.19MiB  triedirty=0.00B
INFO [06-01|05:46:05.196] Chain head was updated                   number=60 hash=38291c..5fa5ce root=1dfdea..689684 elapsed="142.679µs"
INFO [06-01|05:46:06.200] Starting work on payload                 id=0x03a9f99c9849f710
INFO [06-01|05:46:06.295] Updated payload                          id=0x03a9f99c9849f710 number=61 hash=068afc..e7b926 txs=5 withdrawals=0 gas=28,742,975 fees=0.009982719371 root=236503..525ad8 elapsed=95.047ms
INFO [06-01|05:46:06.296] Stopping work on payload                 id=0x03a9f99c9849f710 reason=delivery
WARN [06-01|05:46:06.421] {"level":"warn","msg":"Slow block","block":{"number":61,"hash":"0x068afc8bb1d241edcbbcd99ad1f831f7e06e0ec0839b8a226642910b98e7b926","gas_used":28742975,"tx_count":5},"timing":{"execution_ms":5.267866,"state_read_ms":36.719159,"state_hash_ms":38.829508,"commit_ms":43.924997,"total_ms":124.952328},"throughput":{"mgas_per_sec":230.03152850421483},"state_reads":{"accounts":26,"storage_slots":1280,"code":1,"code_bytes":869},"state_writes":{"accounts":12,"accounts_deleted":0,"storage_slots":1280,"storage_slots_deleted":0,"code":5,"code_bytes":140},"cache":{"account":{"hits":20,"misses":6,"hit_rate":76.92307692307693},"storage":{"hits":1030,"misses":250,"hit_rate":80.46875},"code":{"hits":1,"misses":0,"hit_rate":100,"hit_bytes":869,"miss_bytes":0}}}
INFO [06-01|05:46:06.421] Imported new potential chain segment     number=61 hash=068afc..e7b926 blocks=1 txs=5 mgas=28.743 elapsed=125.194ms   mgasps=229.586 triediffs=19.59MiB  triedirty=0.00B
INFO [06-01|05:46:06.421] Chain head was updated                   number=61 hash=068afc..e7b926 root=236503..525ad8 elapsed="129.646µs"
INFO [06-01|05:46:07.425] Starting work on payload                 id=0x0363351c8ad517d7
INFO [06-01|05:46:07.442] Updated payload                          id=0x0363351c8ad517d7 number=62 hash=465a4a..7de617 txs=0 withdrawals=0 gas=0          fees=0              root=236503..525ad8 elapsed=16.549ms
INFO [06-01|05:46:07.442] Stopping work on payload                 id=0x0363351c8ad517d7 reason=delivery
WARN [06-01|05:46:07.447] {"level":"warn","msg":"Slow block","block":{"number":62,"hash":"0x465a4a6483d1038b34ab8db9c03584abab60ff6a840720ad4d0bb253997de617","gas_used":0,"tx_count":0},"timing":{"execution_ms":0.025976,"state_read_ms":3.815807,"state_hash_ms":0.148544,"commit_ms":0.459263,"total_ms":4.612241},"throughput":{"mgas_per_sec":0},"state_reads":{"accounts":4,"storage_slots":0,"code":0,"code_bytes":0},"state_writes":{"accounts":0,"accounts_deleted":0,"storage_slots":0,"storage_slots_deleted":0,"code":0,"code_bytes":0},"cache":{"account":{"hits":0,"misses":4,"hit_rate":0},"storage":{"hits":0,"misses":0,"hit_rate":0},"code":{"hits":0,"misses":0,"hit_rate":0,"hit_bytes":0,"miss_bytes":0}}}
INFO [06-01|05:46:07.447] Imported new potential chain segment     number=62 hash=465a4a..7de617 blocks=1 txs=0 mgas=0.000  elapsed=4.744ms     mgasps=0.000   triediffs=19.59MiB  triedirty=0.00B
INFO [06-01|05:46:07.447] Chain head was updated                   number=62 hash=465a4a..7de617 root=236503..525ad8 elapsed="42.519µs"
INFO [06-01|05:46:08.452] Starting work on payload                 id=0x0359efd2e4b3143f
INFO [06-01|05:46:08.572] Updated payload                          id=0x0359efd2e4b3143f number=63 hash=508347..d40883 txs=5 withdrawals=0 gas=28,742,975 fees=0.03082943356  root=ca1ca9..c641df elapsed=119.206ms
INFO [06-01|05:46:08.572] Stopping work on payload                 id=0x0359efd2e4b3143f reason=delivery
WARN [06-01|05:46:08.676] {"level":"warn","msg":"Slow block","block":{"number":63,"hash":"0x5083471f6af94c22e47dd37c177445d49ccade3c96c513e50a8ac484bbd40883","gas_used":28742975,"tx_count":5},"timing":{"execution_ms":5.135061,"state_read_ms":30.802084,"state_hash_ms":33.797083,"commit_ms":33.206779,"total_ms":103.211188},"throughput":{"mgas_per_sec":278.4870085983314},"state_reads":{"accounts":26,"storage_slots":1280,"code":1,"code_bytes":869},"state_writes":{"accounts":12,"accounts_deleted":0,"storage_slots":1280,"storage_slots_deleted":0,"code":5,"code_bytes":140},"cache":{"account":{"hits":20,"misses":6,"hit_rate":76.92307692307693},"storage":{"hits":1049,"misses":231,"hit_rate":81.953125},"code":{"hits":1,"misses":0,"hit_rate":100,"hit_bytes":869,"miss_bytes":0}}}
INFO [06-01|05:46:08.676] Imported new potential chain segment     number=63 hash=508347..d40883 blocks=1 txs=5 mgas=28.743 elapsed=103.468ms   mgasps=277.795 triediffs=20.00MiB  triedirty=0.00B
INFO [06-01|05:46:08.676] Chain head was updated                   number=63 hash=508347..d40883 root=ca1ca9..c641df elapsed="125.237µs"
INFO [06-01|05:46:09.681] Starting work on payload                 id=0x03cc308467180c52
INFO [06-01|05:46:09.694] Updated payload                          id=0x03cc308467180c52 number=64 hash=4732a0..5f143b txs=0 withdrawals=0 gas=0          fees=0              root=ca1ca9..c641df elapsed=13.319ms
INFO [06-01|05:46:09.694] Stopping work on payload                 id=0x03cc308467180c52 reason=delivery
WARN [06-01|05:46:09.698] {"level":"warn","msg":"Slow block","block":{"number":64,"hash":"0x4732a0f1f4e148abd4ca2e196f80d2c6f624a1233caba4879783e104055f143b","gas_used":0,"tx_count":0},"timing":{"execution_ms":0.026098,"state_read_ms":3.501878,"state_hash_ms":0.110898,"commit_ms":0.226082,"total_ms":4.035737},"throughput":{"mgas_per_sec":0},"state_reads":{"accounts":4,"storage_slots":0,"code":0,"code_bytes":0},"state_writes":{"accounts":0,"accounts_deleted":0,"storage_slots":0,"storage_slots_deleted":0,"code":0,"code_bytes":0},"cache":{"account":{"hits":0,"misses":4,"hit_rate":0},"storage":{"hits":0,"misses":0,"hit_rate":0},"code":{"hits":0,"misses":0,"hit_rate":0,"hit_bytes":0,"miss_bytes":0}}}
INFO [06-01|05:46:09.698] Imported new potential chain segment     number=64 hash=4732a0..5f143b blocks=1 txs=0 mgas=0.000  elapsed=4.204ms     mgasps=0.000   triediffs=20.00MiB  triedirty=0.00B
INFO [06-01|05:46:09.698] Chain head was updated                   number=64 hash=4732a0..5f143b root=ca1ca9..c641df elapsed="47.594µs"
INFO [06-01|05:46:10.712] Starting work on payload                 id=0x0366a8fd7af9c786
INFO [06-01|05:46:10.814] Updated payload                          id=0x0366a8fd7af9c786 number=65 hash=d78069..c5d3e3 txs=5 withdrawals=0 gas=28,742,975 fees=0.05111630991  root=c881d2..24ddda elapsed=102.541ms
INFO [06-01|05:46:10.815] Stopping work on payload                 id=0x0366a8fd7af9c786 reason=delivery
WARN [06-01|05:46:10.940] {"level":"warn","msg":"Slow block","block":{"number":65,"hash":"0xd78069713b5075d2ea7c5b13d68824934db719f1aaf3df4fb35d31ae57c5d3e3","gas_used":28742975,"tx_count":5},"timing":{"execution_ms":2.796029,"state_read_ms":33.834327,"state_hash_ms":51.577672,"commit_ms":36.729301,"total_ms":125.137324},"throughput":{"mgas_per_sec":229.69146279650346},"state_reads":{"accounts":26,"storage_slots":1280,"code":1,"code_bytes":869},"state_writes":{"accounts":12,"accounts_deleted":0,"storage_slots":1280,"storage_slots_deleted":0,"code":5,"code_bytes":140},"cache":{"account":{"hits":21,"misses":5,"hit_rate":80.76923076923077},"storage":{"hits":1019,"misses":261,"hit_rate":79.609375},"code":{"hits":1,"misses":0,"hit_rate":100,"hit_bytes":869,"miss_bytes":0}}}
INFO [06-01|05:46:10.940] Imported new potential chain segment     number=65 hash=d78069..c5d3e3 blocks=1 txs=5 mgas=28.743 elapsed=125.43ms    mgasps=229.156 triediffs=20.40MiB  triedirty=0.00B
INFO [06-01|05:46:10.941] Chain head was updated                   number=65 hash=d78069..c5d3e3 root=c881d2..24ddda elapsed="137.948µs"
INFO [06-01|05:46:11.956] Starting work on payload                 id=0x03379c638774c07b
INFO [06-01|05:46:11.959] Updated payload                          id=0x03379c638774c07b number=66 hash=8442e1..0d0188 txs=0 withdrawals=0 gas=0          fees=0              root=c881d2..24ddda elapsed=3.302ms
INFO [06-01|05:46:11.959] Stopping work on payload                 id=0x03379c638774c07b reason=delivery
WARN [06-01|05:46:11.972] {"level":"warn","msg":"Slow block","block":{"number":66,"hash":"0x8442e1a910c9455ead51a00ab04f3091acd2250a8e21eb60b88d7d1d300d0188","gas_used":0,"tx_count":0},"timing":{"execution_ms":0.03421,"state_read_ms":8.06057,"state_hash_ms":0.12394,"commit_ms":0.290402,"total_ms":12.633645},"throughput":{"mgas_per_sec":0},"state_reads":{"accounts":4,"storage_slots":0,"code":0,"code_bytes":0},"state_writes":{"accounts":0,"accounts_deleted":0,"storage_slots":0,"storage_slots_deleted":0,"code":0,"code_bytes":0},"cache":{"account":{"hits":0,"misses":4,"hit_rate":0},"storage":{"hits":0,"misses":0,"hit_rate":0},"code":{"hits":0,"misses":0,"hit_rate":0,"hit_bytes":0,"miss_bytes":0}}}
INFO [06-01|05:46:11.972] Imported new potential chain segment     number=66 hash=8442e1..0d0188 blocks=1 txs=0 mgas=0.000  elapsed=12.809ms    mgasps=0.000   triediffs=20.40MiB  triedirty=0.00B
INFO [06-01|05:46:11.973] Chain head was updated                   number=66 hash=8442e1..0d0188 root=c881d2..24ddda elapsed="63.519µs"
INFO [06-01|05:46:12.977] Starting work on payload                 id=0x03d3ece5fe7e2e73
INFO [06-01|05:46:13.080] Updated payload                          id=0x03d3ece5fe7e2e73 number=67 hash=b59b03..1ae3e8 txs=5 withdrawals=0 gas=28,742,975 fees=0.05748595     root=1bb6a4..830a6b elapsed=102.922ms
INFO [06-01|05:46:13.080] Stopping work on payload                 id=0x03d3ece5fe7e2e73 reason=delivery
WARN [06-01|05:46:13.188] {"level":"warn","msg":"Slow block","block":{"number":67,"hash":"0xb59b03cb9074436ec20c6e8c79f797346af983d3ec12db0289d0e136de1ae3e8","gas_used":28742975,"tx_count":5},"timing":{"execution_ms":2.822656,"state_read_ms":28.127423,"state_hash_ms":40.025821,"commit_ms":35.597755,"total_ms":106.916924},"throughput":{"mgas_per_sec":268.834660825072},"state_reads":{"accounts":26,"storage_slots":1280,"code":1,"code_bytes":869},"state_writes":{"accounts":12,"accounts_deleted":0,"storage_slots":1280,"storage_slots_deleted":0,"code":5,"code_bytes":140},"cache":{"account":{"hits":21,"misses":5,"hit_rate":80.76923076923077},"storage":{"hits":1148,"misses":132,"hit_rate":89.6875},"code":{"hits":1,"misses":0,"hit_rate":100,"hit_bytes":869,"miss_bytes":0}}}
INFO [06-01|05:46:13.188] Imported new potential chain segment     number=67 hash=b59b03..1ae3e8 blocks=1 txs=5 mgas=28.743 elapsed=107.183ms   mgasps=268.166 triediffs=20.80MiB  triedirty=0.00B
INFO [06-01|05:46:13.188] Chain head was updated                   number=67 hash=b59b03..1ae3e8 root=1bb6a4..830a6b elapsed="133.941µs"
INFO [06-01|05:46:14.202] Starting work on payload                 id=0x0322ba9da41c5f40
INFO [06-01|05:46:14.206] Updated payload                          id=0x0322ba9da41c5f40 number=68 hash=33b94f..d18539 txs=0 withdrawals=0 gas=0          fees=0              root=1bb6a4..830a6b elapsed=3.319ms
INFO [06-01|05:46:14.206] Stopping work on payload                 id=0x0322ba9da41c5f40 reason=delivery
WARN [06-01|05:46:14.218] {"level":"warn","msg":"Slow block","block":{"number":68,"hash":"0x33b94fdb9b5b73caecfdb581a4dd9425fe8b3a13e4fe5972935eef9d2fd18539","gas_used":0,"tx_count":0},"timing":{"execution_ms":0.028599,"state_read_ms":10.448988,"state_hash_ms":0.162659,"commit_ms":0.241102,"total_ms":12.238866},"throughput":{"mgas_per_sec":0},"state_reads":{"accounts":4,"storage_slots":0,"code":0,"code_bytes":0},"state_writes":{"accounts":0,"accounts_deleted":0,"storage_slots":0,"storage_slots_deleted":0,"code":0,"code_bytes":0},"cache":{"account":{"hits":0,"misses":4,"hit_rate":0},"storage":{"hits":0,"misses":0,"hit_rate":0},"code":{"hits":0,"misses":0,"hit_rate":0,"hit_bytes":0,"miss_bytes":0}}}
INFO [06-01|05:46:14.218] Imported new potential chain segment     number=68 hash=33b94f..d18539 blocks=1 txs=0 mgas=0.000  elapsed=12.412ms    mgasps=0.000   triediffs=20.80MiB  triedirty=0.00B
INFO [06-01|05:46:14.218] Chain head was updated                   number=68 hash=33b94f..d18539 root=1bb6a4..830a6b elapsed="39.616µs"
INFO [06-01|05:46:15.222] Starting work on payload                 id=0x0315248974738eaa
INFO [06-01|05:46:15.235] Updated payload                          id=0x0315248974738eaa number=69 hash=659bef..844467 txs=0 withdrawals=0 gas=0          fees=0              root=1bb6a4..830a6b elapsed=12.495ms
INFO [06-01|05:46:15.235] Stopping work on payload                 id=0x0315248974738eaa reason=delivery
WARN [06-01|05:46:15.238] {"level":"warn","msg":"Slow block","block":{"number":69,"hash":"0x659bef9f406494388d4e8f41a4ca9d48fc500a3f916cee6ef211d96df1844467","gas_used":0,"tx_count":0},"timing":{"execution_ms":0.028416,"state_read_ms":2.623986,"state_hash_ms":0.122015,"commit_ms":0.292396,"total_ms":3.221477},"throughput":{"mgas_per_sec":0},"state_reads":{"accounts":4,"storage_slots":0,"code":0,"code_bytes":0},"state_writes":{"accounts":0,"accounts_deleted":0,"storage_slots":0,"storage_slots_deleted":0,"code":0,"code_bytes":0},"cache":{"account":{"hits":0,"misses":4,"hit_rate":0},"storage":{"hits":0,"misses":0,"hit_rate":0},"code":{"hits":0,"misses":0,"hit_rate":0,"hit_bytes":0,"miss_bytes":0}}}
INFO [06-01|05:46:15.238] Imported new potential chain segment     number=69 hash=659bef..844467 blocks=1 txs=0 mgas=0.000  elapsed=3.394ms     mgasps=0.000   triediffs=20.80MiB  triedirty=0.00B
INFO [06-01|05:46:15.239] Chain head was updated                   number=69 hash=659bef..844467 root=1bb6a4..830a6b elapsed="40.954µs"
INFO [06-01|05:46:16.256] Starting work on payload                 id=0x0394b11fb92aa311
INFO [06-01|05:46:16.260] Updated payload                          id=0x0394b11fb92aa311 number=70 hash=6a2bd0..e94cf9 txs=0 withdrawals=0 gas=0          fees=0              root=1bb6a4..830a6b elapsed=3.689ms
INFO [06-01|05:46:16.260] Stopping work on payload                 id=0x0394b11fb92aa311 reason=delivery
WARN [06-01|05:46:16.277] {"level":"warn","msg":"Slow block","block":{"number":70,"hash":"0x6a2bd0dbc02537c953c6e8382ebd5519aec2e5c855a5da6d97bdf7b513e94cf9","gas_used":0,"tx_count":0},"timing":{"execution_ms":0.08012,"state_read_ms":13.393739,"state_hash_ms":0.27099,"commit_ms":2.717471,"total_ms":16.613777},"throughput":{"mgas_per_sec":0},"state_reads":{"accounts":4,"storage_slots":0,"code":0,"code_bytes":0},"state_writes":{"accounts":0,"accounts_deleted":0,"storage_slots":0,"storage_slots_deleted":0,"code":0,"code_bytes":0},"cache":{"account":{"hits":0,"misses":4,"hit_rate":0},"storage":{"hits":0,"misses":0,"hit_rate":0},"code":{"hits":0,"misses":0,"hit_rate":0,"hit_bytes":0,"miss_bytes":0}}}
INFO [06-01|05:46:16.277] Imported new potential chain segment     number=70 hash=6a2bd0..e94cf9 blocks=1 txs=0 mgas=0.000  elapsed=16.875ms    mgasps=0.000   triediffs=20.80MiB  triedirty=0.00B
INFO [06-01|05:46:16.277] Chain head was updated                   number=70 hash=6a2bd0..e94cf9 root=1bb6a4..830a6b elapsed="124.787µs"
INFO [06-01|05:46:16.282] Submitted transaction                    hash=0x8a9218526a20f31bdbec4f7273056998467b0d08b078063abfa92f003df18d56 from=0xbc7A668f0B1595d535B4a2de710461E1C6eba785 nonce=26 recipient=0x7dc4d193051240848c7F4F19679e8514B148080f value=0
INFO [06-01|05:46:16.523] Submitted transaction                    hash=0xd01a78c67c9c98dcdf2f95f0f44ea0ec4978a602bfb518589aca6effd568dc09 from=0x97D85277E62c57d15268b3E644cdbbDA3706fBEa nonce=26 recipient=0x7dc4d193051240848c7F4F19679e8514B148080f value=0
INFO [06-01|05:46:16.762] Submitted transaction                    hash=0xf3b1567a7bce45687bd0ae1ae8a56e21a5bd0f113d43f9daa8b05f866bab2b1a from=0x151775b94274FeE3696377A0B616a1221AC71326 nonce=26 recipient=0x7dc4d193051240848c7F4F19679e8514B148080f value=0
INFO [06-01|05:46:17.003] Submitted transaction                    hash=0x543fcacaba9787d0b2dc32d04f959ba7ca4301eb29b2840ba297eaae86be97d6 from=0xcA56D5B749835d8Ab9cA8c1c4123e9B5002Fc0Ff nonce=26 recipient=0x7dc4d193051240848c7F4F19679e8514B148080f value=0
INFO [06-01|05:46:17.243] Submitted transaction                    hash=0xe1620d44ac21a46bdba6c4c4c5cb71a1ffd0354752e1db1be280d5841a5543d0 from=0xfB403fD865ddcc1C79F9987EDD0ADabC47C24bB9 nonce=26 recipient=0x7dc4d193051240848c7F4F19679e8514B148080f value=0
INFO [06-01|05:46:17.294] Starting work on payload                 id=0x038f0f6e26e5228c
INFO [06-01|05:46:17.338] Updated payload                          id=0x038f0f6e26e5228c number=71 hash=97da75..a1b2fe txs=5 withdrawals=0 gas=334,163    fees=0.000668326    root=efb5d4..71b6c1 elapsed=44.286ms
INFO [06-01|05:46:17.347] Stopping work on payload                 id=0x038f0f6e26e5228c reason=delivery
WARN [06-01|05:46:17.404] {"level":"warn","msg":"Slow block","block":{"number":71,"hash":"0x97da755555296dad3709e4c5513c5add6297462e9283d1944af59edb03a1b2fe","gas_used":334163,"tx_count":5},"timing":{"execution_ms":0.735807,"state_read_ms":20.068403,"state_hash_ms":25.505137,"commit_ms":14.446439,"total_ms":62.646191},"throughput":{"mgas_per_sec":5.334131168485567},"state_reads":{"accounts":26,"storage_slots":0,"code":1,"code_bytes":869},"state_writes":{"accounts":12,"accounts_deleted":0,"storage_slots":0,"storage_slots_deleted":0,"code":5,"code_bytes":5},"cache":{"account":{"hits":11,"misses":15,"hit_rate":42.30769230769231},"storage":{"hits":0,"misses":0,"hit_rate":0},"code":{"hits":1,"misses":0,"hit_rate":100,"hit_bytes":869,"miss_bytes":0}}}
INFO [06-01|05:46:17.405] Imported new potential chain segment     number=71 hash=97da75..a1b2fe blocks=1 txs=5 mgas=0.334  elapsed=62.873ms    mgasps=5.315   triediffs=20.85MiB  triedirty=0.00B
INFO [06-01|05:46:17.405] Chain head was updated                   number=71 hash=97da75..a1b2fe root=efb5d4..71b6c1 elapsed="111.214µs"
INFO [06-01|05:46:17.482] Submitted transaction                    hash=0xc2612a14870ab097fc27f74b142073616bc5cfb6525a53c0d6c2ff9ccca7d5aa from=0x9e8E8A4256457eF170586329D9a01487aA0bA29e nonce=26 recipient=0x7dc4d193051240848c7F4F19679e8514B148080f value=0
INFO [06-01|05:46:17.723] Submitted transaction                    hash=0x3c3a6e444a3a147afeed2f7cc93814d356a1fc7519ca24c101a344eb7910f585 from=0x5AFc7eaFAA1e34De8e6fB9b014CFD08b18377F26 nonce=25 recipient=0x7dc4d193051240848c7F4F19679e8514B148080f value=0
INFO [06-01|05:46:17.962] Submitted transaction                    hash=0xcdcd7b7e98af8866a2fd8b942a026646a2755cfcf1f6434169baa55f89a45b07 from=0x513978fc4d7fF9951AA177D59C7A1b9AA777119a nonce=25 recipient=0x7dc4d193051240848c7F4F19679e8514B148080f value=0
INFO [06-01|05:46:18.202] Submitted transaction                    hash=0xd184eafbd06faf3e458ae7302ea9f519b048a8c0423c14dbeb59e3b1752fa9d1 from=0x225bD09Ef41092086C35444d335Df887A0691eD0 nonce=25 recipient=0x7dc4d193051240848c7F4F19679e8514B148080f value=0
INFO [06-01|05:46:18.411] Starting work on payload                 id=0x0353dcc97411e71c
INFO [06-01|05:46:18.443] Submitted transaction                    hash=0xa9114fb0bd13f44c2ca95ef377619e4f3650145e5d30108f493ae7d96e7d0c9d from=0x0A114598D397AB388E751b917300055F2904166F nonce=25 recipient=0x7dc4d193051240848c7F4F19679e8514B148080f value=0
INFO [06-01|05:46:18.465] Updated payload                          id=0x0353dcc97411e71c number=72 hash=f26ae8..9cc677 txs=4 withdrawals=0 gas=267,340    fees=0.00053468     root=810609..7ad351 elapsed=53.786ms
INFO [06-01|05:46:18.465] Stopping work on payload                 id=0x0353dcc97411e71c reason=delivery
WARN [06-01|05:46:18.500] {"level":"warn","msg":"Slow block","block":{"number":72,"hash":"0xf26ae8326b5ac9f32a029395947d89ff1eb9b4e67116780d2355e821049cc677","gas_used":267340,"tx_count":4},"timing":{"execution_ms":9.434588,"state_read_ms":3.614127,"state_hash_ms":12.605866,"commit_ms":8.33469,"total_ms":34.163353},"throughput":{"mgas_per_sec":7.825344309734469},"state_reads":{"accounts":22,"storage_slots":0,"code":1,"code_bytes":869},"state_writes":{"accounts":10,"accounts_deleted":0,"storage_slots":0,"storage_slots_deleted":0,"code":4,"code_bytes":4},"cache":{"account":{"hits":14,"misses":8,"hit_rate":63.63636363636363},"storage":{"hits":0,"misses":0,"hit_rate":0},"code":{"hits":1,"misses":0,"hit_rate":100,"hit_bytes":869,"miss_bytes":0}}}
INFO [06-01|05:46:18.500] Imported new potential chain segment     number=72 hash=f26ae8..9cc677 blocks=1 txs=4 mgas=0.267  elapsed=34.343ms    mgasps=7.784   triediffs=20.89MiB  triedirty=0.00B
INFO [06-01|05:46:18.500] Chain head was updated                   number=72 hash=f26ae8..9cc677 root=810609..7ad351 elapsed="85.008µs"
INFO [06-01|05:46:18.682] Submitted transaction                    hash=0x73c35b6ceae44cc3246ffb82f9faa9c604dbec5699d5110228a8e6ad3143b867 from=0xbc7A668f0B1595d535B4a2de710461E1C6eba785 nonce=27 recipient=0x7dc4d193051240848c7F4F19679e8514B148080f value=0
INFO [06-01|05:46:18.923] Submitted transaction                    hash=0xb35973620d34eacd57d0ec80c10dc1c08d3ede64b483b214e9a562137dd1cf17 from=0x97D85277E62c57d15268b3E644cdbbDA3706fBEa nonce=27 recipient=0x7dc4d193051240848c7F4F19679e8514B148080f value=0
INFO [06-01|05:46:19.163] Submitted transaction                    hash=0xcfcd34d38b218a8b18d13c9690d85063dc18db5bbe9cb79f9595dc174e4b446a from=0x151775b94274FeE3696377A0B616a1221AC71326 nonce=27 recipient=0x7dc4d193051240848c7F4F19679e8514B148080f value=0
INFO [06-01|05:46:19.403] Submitted transaction                    hash=0xa3a6801940cb9805c8997582aa61a1b133475dfa77a70688422570c63944c379 from=0xcA56D5B749835d8Ab9cA8c1c4123e9B5002Fc0Ff nonce=27 recipient=0x7dc4d193051240848c7F4F19679e8514B148080f value=0
INFO [06-01|05:46:19.516] Starting work on payload                 id=0x03404c2d79bc0663
INFO [06-01|05:46:19.553] Updated payload                          id=0x03404c2d79bc0663 number=73 hash=e828e2..812251 txs=5 withdrawals=0 gas=334,175    fees=0.00066835     root=70b5d7..1461fa elapsed=37.614ms
INFO [06-01|05:46:19.562] Stopping work on payload                 id=0x03404c2d79bc0663 reason=delivery
WARN [06-01|05:46:19.627] {"level":"warn","msg":"Slow block","block":{"number":73,"hash":"0xe828e2fdc09ccb67abc26be63d6165e43c001f1429cf494e135e6b67a7812251","gas_used":334175,"tx_count":5},"timing":{"execution_ms":1.06352,"state_read_ms":15.51847,"state_hash_ms":26.110408,"commit_ms":23.202923,"total_ms":71.590707},"throughput":{"mgas_per_sec":4.667854446527536},"state_reads":{"accounts":26,"storage_slots":0,"code":1,"code_bytes":869},"state_writes":{"accounts":12,"accounts_deleted":0,"storage_slots":0,"storage_slots_deleted":0,"code":5,"code_bytes":5},"cache":{"account":{"hits":11,"misses":15,"hit_rate":42.30769230769231},"storage":{"hits":0,"misses":0,"hit_rate":0},"code":{"hits":1,"misses":0,"hit_rate":100,"hit_bytes":869,"miss_bytes":0}}}
INFO [06-01|05:46:19.627] Imported new potential chain segment     number=73 hash=e828e2..812251 blocks=1 txs=5 mgas=0.334  elapsed=71.817ms    mgasps=4.653   triediffs=20.93MiB  triedirty=0.00B
INFO [06-01|05:46:19.627] Chain head was updated                   number=73 hash=e828e2..812251 root=70b5d7..1461fa elapsed="93.058µs"
INFO [06-01|05:46:19.642] Submitted transaction                    hash=0x04e9385fae16526e67e6d0466e3e20848584d3b83c5c6f076bd35cc20b630b94 from=0xfB403fD865ddcc1C79F9987EDD0ADabC47C24bB9 nonce=27 recipient=0x7dc4d193051240848c7F4F19679e8514B148080f value=0
INFO [06-01|05:46:19.883] Submitted transaction                    hash=0x2221e64acf5be8c11cb724e296c667296c0996d2a41e9ccf0942170be64c2d27 from=0x9e8E8A4256457eF170586329D9a01487aA0bA29e nonce=27 recipient=0x7dc4d193051240848c7F4F19679e8514B148080f value=0
INFO [06-01|05:46:20.122] Submitted transaction                    hash=0x4f4dde9b2cb410ecf1b76190ab39e3a08166712aefd936fe2e0bf72cc70ae6b8 from=0x5AFc7eaFAA1e34De8e6fB9b014CFD08b18377F26 nonce=26 recipient=0x7dc4d193051240848c7F4F19679e8514B148080f value=0
INFO [06-01|05:46:20.363] Submitted transaction                    hash=0x62db5bcf9dda8ce446fb35e1b3e49698fd24007d1a27ba751de717a5404ba8ba from=0x513978fc4d7fF9951AA177D59C7A1b9AA777119a nonce=26 recipient=0x7dc4d193051240848c7F4F19679e8514B148080f value=0
INFO [06-01|05:46:20.603] Submitted transaction                    hash=0x07c2f6d843c4d036b46dd681c4b2d6522e315c02d50d78d36d5777c6a08cfd58 from=0x225bD09Ef41092086C35444d335Df887A0691eD0 nonce=26 recipient=0x7dc4d193051240848c7F4F19679e8514B148080f value=0
INFO [06-01|05:46:20.632] Starting work on payload                 id=0x030a97c12163d1aa
INFO [06-01|05:46:20.686] Updated payload                          id=0x030a97c12163d1aa number=74 hash=c6c6f3..8ec26f txs=5 withdrawals=0 gas=334,175    fees=0.00066835     root=b3892b..a2315b elapsed=53.108ms
INFO [06-01|05:46:20.687] Stopping work on payload                 id=0x030a97c12163d1aa reason=delivery
WARN [06-01|05:46:20.726] {"level":"warn","msg":"Slow block","block":{"number":74,"hash":"0xc6c6f34f1345981e2de82766c074b488e04f47f580c79273930a5b5e818ec26f","gas_used":334175,"tx_count":5},"timing":{"execution_ms":2.127753,"state_read_ms":16.990986,"state_hash_ms":17.441031,"commit_ms":3.048438,"total_ms":39.825147},"throughput":{"mgas_per_sec":8.391055028622995},"state_reads":{"accounts":26,"storage_slots":0,"code":1,"code_bytes":869},"state_writes":{"accounts":12,"accounts_deleted":0,"storage_slots":0,"storage_slots_deleted":0,"code":5,"code_bytes":5},"cache":{"account":{"hits":10,"misses":16,"hit_rate":38.46153846153847},"storage":{"hits":0,"misses":0,"hit_rate":0},"code":{"hits":1,"misses":0,"hit_rate":100,"hit_bytes":869,"miss_bytes":0}}}
INFO [06-01|05:46:20.726] Imported new potential chain segment     number=74 hash=c6c6f3..8ec26f blocks=1 txs=5 mgas=0.334  elapsed=39.997ms    mgasps=8.355   triediffs=20.98MiB  triedirty=0.00B
INFO [06-01|05:46:20.726] Chain head was updated                   number=74 hash=c6c6f3..8ec26f root=b3892b..a2315b elapsed="90.404µs"
INFO [06-01|05:46:20.843] Submitted transaction                    hash=0x77398faed57319840d21afde01df2ba7a145c0e5ce34030f07b77dc55f9d09ed from=0x0A114598D397AB388E751b917300055F2904166F nonce=26 recipient=0x7dc4d193051240848c7F4F19679e8514B148080f value=0
INFO [06-01|05:46:21.082] Submitted transaction                    hash=0xfc12ec38575e59c8a5a4292230b4dd49104bf3b5cf722a29f7d6a5d311e4b6b8 from=0xbc7A668f0B1595d535B4a2de710461E1C6eba785 nonce=28 recipient=0x7dc4d193051240848c7F4F19679e8514B148080f value=0
INFO [06-01|05:46:21.322] Submitted transaction                    hash=0x21db66beccf4072864d94008496c962916a68043ad8585ef6d7ede166d2fbd69 from=0x97D85277E62c57d15268b3E644cdbbDA3706fBEa nonce=28 recipient=0x7dc4d193051240848c7F4F19679e8514B148080f value=0
INFO [06-01|05:46:21.562] Submitted transaction                    hash=0xf0383a889e56cac9f91853d14c94abc559214f471a9b5a59ff3588283afd4294 from=0x151775b94274FeE3696377A0B616a1221AC71326 nonce=28 recipient=0x7dc4d193051240848c7F4F19679e8514B148080f value=0
INFO [06-01|05:46:21.735] Starting work on payload                 id=0x03ae4931aeec248d
INFO [06-01|05:46:21.770] Updated payload                          id=0x03ae4931aeec248d number=75 hash=87ae89..29e181 txs=4 withdrawals=0 gas=267,340    fees=0.00053468     root=7edcec..cfd32e elapsed=34.997ms
INFO [06-01|05:46:21.770] Stopping work on payload                 id=0x03ae4931aeec248d reason=delivery
INFO [06-01|05:46:21.803] Submitted transaction                    hash=0xb61a0571e868179647ec1340cda932db3292a8fe2f5b800664f5d8910fa15068 from=0xcA56D5B749835d8Ab9cA8c1c4123e9B5002Fc0Ff nonce=28 recipient=0x7dc4d193051240848c7F4F19679e8514B148080f value=0
WARN [06-01|05:46:21.805] {"level":"warn","msg":"Slow block","block":{"number":75,"hash":"0x87ae894994894dfa941b3299c071d640c7ecfdfbd23613006ca3b9f90529e181","gas_used":267340,"tx_count":4},"timing":{"execution_ms":0.976771,"state_read_ms":15.32736,"state_hash_ms":14.312988,"commit_ms":3.275966,"total_ms":34.105423},"throughput":{"mgas_per_sec":7.838636101947776},"state_reads":{"accounts":22,"storage_slots":0,"code":1,"code_bytes":869},"state_writes":{"accounts":10,"accounts_deleted":0,"storage_slots":0,"storage_slots_deleted":0,"code":4,"code_bytes":4},"cache":{"account":{"hits":17,"misses":5,"hit_rate":77.27272727272727},"storage":{"hits":0,"misses":0,"hit_rate":0},"code":{"hits":1,"misses":0,"hit_rate":100,"hit_bytes":869,"miss_bytes":0}}}
INFO [06-01|05:46:21.805] Imported new potential chain segment     number=75 hash=87ae89..29e181 blocks=1 txs=4 mgas=0.267  elapsed=34.281ms    mgasps=7.798   triediffs=21.02MiB  triedirty=0.00B
INFO [06-01|05:46:21.805] Chain head was updated                   number=75 hash=87ae89..29e181 root=7edcec..cfd32e elapsed="107.848µs"
INFO [06-01|05:46:22.043] Submitted transaction                    hash=0x5727bba3f82e841cc9354860c24ed1f8b9f35b5340c32ad4cd11b0c145c1a207 from=0xfB403fD865ddcc1C79F9987EDD0ADabC47C24bB9 nonce=28 recipient=0x7dc4d193051240848c7F4F19679e8514B148080f value=0
INFO [06-01|05:46:22.283] Submitted transaction                    hash=0x0e28b710bcd649d239ee022e8557e7859bdd3f0ec63ca4f3ceaa84a1b1c31e95 from=0x9e8E8A4256457eF170586329D9a01487aA0bA29e nonce=28 recipient=0x7dc4d193051240848c7F4F19679e8514B148080f value=0
INFO [06-01|05:46:22.523] Submitted transaction                    hash=0xf6589f15a00676e2417d7ad79a7eba71a1f57c3f7a5b24558da13496204aed00 from=0x5AFc7eaFAA1e34De8e6fB9b014CFD08b18377F26 nonce=27 recipient=0x7dc4d193051240848c7F4F19679e8514B148080f value=0
INFO [06-01|05:46:22.763] Submitted transaction                    hash=0xcb25faa08b06fb3b80463136629893d101ad404c9b3667f84621f3f839ad50d6 from=0x513978fc4d7fF9951AA177D59C7A1b9AA777119a nonce=27 recipient=0x7dc4d193051240848c7F4F19679e8514B148080f value=0
INFO [06-01|05:46:22.819] Starting work on payload                 id=0x03a6d63752333559
INFO [06-01|05:46:22.854] Updated payload                          id=0x03a6d63752333559 number=76 hash=893f6c..a61fd4 txs=5 withdrawals=0 gas=334,175    fees=0.00066835     root=bccc37..becd83 elapsed=35.226ms
INFO [06-01|05:46:22.857] Stopping work on payload                 id=0x03a6d63752333559 reason=delivery
WARN [06-01|05:46:22.910] {"level":"warn","msg":"Slow block","block":{"number":76,"hash":"0x893f6cc3b89d3c8828987da3896fcbc21d13d04a2d29e1ea5e43d8f92ca61fd4","gas_used":334175,"tx_count":5},"timing":{"execution_ms":1.150775,"state_read_ms":18.530546,"state_hash_ms":16.959689,"commit_ms":14.50364,"total_ms":54.923342},"throughput":{"mgas_per_sec":6.084389402232661},"state_reads":{"accounts":26,"storage_slots":0,"code":1,"code_bytes":869},"state_writes":{"accounts":12,"accounts_deleted":0,"storage_slots":0,"storage_slots_deleted":0,"code":5,"code_bytes":5},"cache":{"account":{"hits":20,"misses":6,"hit_rate":76.92307692307693},"storage":{"hits":0,"misses":0,"hit_rate":0},"code":{"hits":1,"misses":0,"hit_rate":100,"hit_bytes":869,"miss_bytes":0}}}
INFO [06-01|05:46:22.910] Imported new potential chain segment     number=76 hash=893f6c..a61fd4 blocks=1 txs=5 mgas=0.334  elapsed=55.159ms    mgasps=6.058   triediffs=21.06MiB  triedirty=0.00B
INFO [06-01|05:46:22.910] Chain head was updated                   number=76 hash=893f6c..a61fd4 root=bccc37..becd83 elapsed="97.679µs"
INFO [06-01|05:46:23.002] Submitted transaction                    hash=0x8674792738274597e0190c29752a067bb0a02a350251e58fc33bca5e999a4c99 from=0x225bD09Ef41092086C35444d335Df887A0691eD0 nonce=27 recipient=0x7dc4d193051240848c7F4F19679e8514B148080f value=0
INFO [06-01|05:46:23.243] Submitted transaction                    hash=0x225d77e83e3b6fe3cc6d68e666ee3ed83719bb6d479be43b83b5fafcd2d000dc from=0x0A114598D397AB388E751b917300055F2904166F nonce=27 recipient=0x7dc4d193051240848c7F4F19679e8514B148080f value=0
INFO [06-01|05:46:23.483] Submitted transaction                    hash=0xeb859ea1aa30c5149664fba421bfbfc8519576a7f1310a91e973eb4ba8b3d531 from=0xbc7A668f0B1595d535B4a2de710461E1C6eba785 nonce=29 recipient=0x7dc4d193051240848c7F4F19679e8514B148080f value=0
INFO [06-01|05:46:23.722] Submitted transaction                    hash=0x6deed8c30bd1a0b35616d462ea5a9c091be1050e6958a0192a99d9ddbfabc88a from=0x97D85277E62c57d15268b3E644cdbbDA3706fBEa nonce=29 recipient=0x7dc4d193051240848c7F4F19679e8514B148080f value=0
INFO [06-01|05:46:23.917] Starting work on payload                 id=0x03b4ad23012c156b
INFO [06-01|05:46:23.962] Updated payload                          id=0x03b4ad23012c156b number=77 hash=f870ab..d10b1b txs=4 withdrawals=0 gas=267,340    fees=0.00053468     root=9527cb..078fff elapsed=44.275ms
INFO [06-01|05:46:23.967] Stopping work on payload                 id=0x03b4ad23012c156b reason=delivery
INFO [06-01|05:46:23.968] Submitted transaction                    hash=0xdf1e75415c99990e16d111ff93737425a504d5b2af0047da422e23dd7df6352e from=0x151775b94274FeE3696377A0B616a1221AC71326 nonce=29 recipient=0x7dc4d193051240848c7F4F19679e8514B148080f value=0
WARN [06-01|05:46:24.001] {"level":"warn","msg":"Slow block","block":{"number":77,"hash":"0xf870abffc56b5e99db9b6266a879e08efaa86103ebe5c91cd63d1687bad10b1b","gas_used":267340,"tx_count":4},"timing":{"execution_ms":0.863956,"state_read_ms":11.291121,"state_hash_ms":19.927705,"commit_ms":6.070063,"total_ms":38.38097},"throughput":{"mgas_per_sec":6.965431045645798},"state_reads":{"accounts":22,"storage_slots":0,"code":1,"code_bytes":869},"state_writes":{"accounts":10,"accounts_deleted":0,"storage_slots":0,"storage_slots_deleted":0,"code":4,"code_bytes":4},"cache":{"account":{"hits":10,"misses":12,"hit_rate":45.45454545454545},"storage":{"hits":0,"misses":0,"hit_rate":0},"code":{"hits":1,"misses":0,"hit_rate":100,"hit_bytes":869,"miss_bytes":0}}}
INFO [06-01|05:46:24.001] Imported new potential chain segment     number=77 hash=f870ab..d10b1b blocks=1 txs=4 mgas=0.267  elapsed=38.682ms    mgasps=6.911   triediffs=21.10MiB  triedirty=0.00B
INFO [06-01|05:46:24.001] Chain head was updated                   number=77 hash=f870ab..d10b1b root=9527cb..078fff elapsed="156.739µs"
INFO [06-01|05:46:24.203] Submitted transaction                    hash=0xb8a9d494aa66006ba023fab0551fb19bd352214bf3a967e14a59e0e6daf8a9b6 from=0xcA56D5B749835d8Ab9cA8c1c4123e9B5002Fc0Ff nonce=29 recipient=0x7dc4d193051240848c7F4F19679e8514B148080f value=0
INFO [06-01|05:46:24.443] Submitted transaction                    hash=0x73864783b2116144d6ffe03907010d0ac97ba4e7941e0a919c5c0cac41393a59 from=0xfB403fD865ddcc1C79F9987EDD0ADabC47C24bB9 nonce=29 recipient=0x7dc4d193051240848c7F4F19679e8514B148080f value=0
INFO [06-01|05:46:24.682] Submitted transaction                    hash=0x6623e7c78cece4c547f5839f0da4d9fb4b8bec43772ebaf44b4e03773d17fae1 from=0x9e8E8A4256457eF170586329D9a01487aA0bA29e nonce=29 recipient=0x7dc4d193051240848c7F4F19679e8514B148080f value=0
INFO [06-01|05:46:24.923] Submitted transaction                    hash=0x766f43839ed724c38e7f369b389f27b42f21e1e66519426e3ab33b7dd0f997d5 from=0x5AFc7eaFAA1e34De8e6fB9b014CFD08b18377F26 nonce=28 recipient=0x7dc4d193051240848c7F4F19679e8514B148080f value=0
INFO [06-01|05:46:25.005] Starting work on payload                 id=0x03fb0fd3cbdf9a1d
INFO [06-01|05:46:25.050] Updated payload                          id=0x03fb0fd3cbdf9a1d number=78 hash=23c3a0..ddc9fd txs=5 withdrawals=0 gas=334,175    fees=0.00066835     root=805eab..4aaf83 elapsed=44.980ms
INFO [06-01|05:46:25.050] Stopping work on payload                 id=0x03fb0fd3cbdf9a1d reason=delivery
WARN [06-01|05:46:25.087] {"level":"warn","msg":"Slow block","block":{"number":78,"hash":"0x23c3a03483a7ac8d4168e687404a8729b6d9f679cf243652ca479494a2ddc9fd","gas_used":334175,"tx_count":5},"timing":{"execution_ms":0.433717,"state_read_ms":16.957255,"state_hash_ms":15.666843,"commit_ms":3.081833,"total_ms":36.36866},"throughput":{"mgas_per_sec":9.188543102770351},"state_reads":{"accounts":26,"storage_slots":0,"code":1,"code_bytes":869},"state_writes":{"accounts":12,"accounts_deleted":0,"storage_slots":0,"storage_slots_deleted":0,"code":5,"code_bytes":5},"cache":{"account":{"hits":20,"misses":6,"hit_rate":76.92307692307693},"storage":{"hits":0,"misses":0,"hit_rate":0},"code":{"hits":1,"misses":0,"hit_rate":100,"hit_bytes":869,"miss_bytes":0}}}
INFO [06-01|05:46:25.087] Imported new potential chain segment     number=78 hash=23c3a0..ddc9fd blocks=1 txs=5 mgas=0.334  elapsed=36.546ms    mgasps=9.144   triediffs=21.14MiB  triedirty=0.00B
INFO [06-01|05:46:25.087] Chain head was updated                   number=78 hash=23c3a0..ddc9fd root=805eab..4aaf83 elapsed="101.197µs"
INFO [06-01|05:46:25.162] Submitted transaction                    hash=0xd87be7edd7da224547cbfbd1d6e8c0bb861582a4f7ea94b653f344b2bf2d8268 from=0x513978fc4d7fF9951AA177D59C7A1b9AA777119a nonce=28 recipient=0x7dc4d193051240848c7F4F19679e8514B148080f value=0
INFO [06-01|05:46:25.402] Submitted transaction                    hash=0x4edcb82a74ba6e68afdf66609685928806e981cbc87d524cd6c8df333ff90573 from=0x225bD09Ef41092086C35444d335Df887A0691eD0 nonce=28 recipient=0x7dc4d193051240848c7F4F19679e8514B148080f value=0
INFO [06-01|05:46:25.642] Submitted transaction                    hash=0x3bd3778a4f23c6a6cdebb63b88ab2afaea890db634e64171a29bab5d7558c1d3 from=0x0A114598D397AB388E751b917300055F2904166F nonce=28 recipient=0x7dc4d193051240848c7F4F19679e8514B148080f value=0
INFO [06-01|05:46:25.883] Submitted transaction                    hash=0x2001d6a00479dfc6d60e6c0a096fa5728d8154bf085cd211b6448057059204a5 from=0xbc7A668f0B1595d535B4a2de710461E1C6eba785 nonce=30 recipient=0x7dc4d193051240848c7F4F19679e8514B148080f value=0
INFO [06-01|05:46:26.099] Starting work on payload                 id=0x034d9ada6b3c1e15
INFO [06-01|05:46:26.123] Submitted transaction                    hash=0x551bfafbcfc64969483e2d09ec38e5c7528ee23027c343f298c474273f6f07cb from=0x97D85277E62c57d15268b3E644cdbbDA3706fBEa nonce=30 recipient=0x7dc4d193051240848c7F4F19679e8514B148080f value=0
INFO [06-01|05:46:26.131] Updated payload                          id=0x034d9ada6b3c1e15 number=79 hash=773002..4c4fe9 txs=4 withdrawals=0 gas=267,340    fees=0.00053468     root=68b37e..6953e5 elapsed=31.124ms
INFO [06-01|05:46:26.131] Stopping work on payload                 id=0x034d9ada6b3c1e15 reason=delivery
WARN [06-01|05:46:26.174] {"level":"warn","msg":"Slow block","block":{"number":79,"hash":"0x77300278d1635ff79df27f583b57a039c315e90594b9cc840987df06844c4fe9","gas_used":267340,"tx_count":4},"timing":{"execution_ms":1.174131,"state_read_ms":4.326771,"state_hash_ms":19.746061,"commit_ms":16.656592,"total_ms":42.613333},"throughput":{"mgas_per_sec":6.273623328172898},"state_reads":{"accounts":22,"storage_slots":0,"code":1,"code_bytes":869},"state_writes":{"accounts":10,"accounts_deleted":0,"storage_slots":0,"storage_slots_deleted":0,"code":4,"code_bytes":4},"cache":{"account":{"hits":18,"misses":4,"hit_rate":81.81818181818183},"storage":{"hits":0,"misses":0,"hit_rate":0},"code":{"hits":1,"misses":0,"hit_rate":100,"hit_bytes":869,"miss_bytes":0}}}
INFO [06-01|05:46:26.174] Imported new potential chain segment     number=79 hash=773002..4c4fe9 blocks=1 txs=4 mgas=0.267  elapsed=42.775ms    mgasps=6.250   triediffs=21.18MiB  triedirty=0.00B
INFO [06-01|05:46:26.174] Chain head was updated                   number=79 hash=773002..4c4fe9 root=68b37e..6953e5 elapsed="91.338µs"
INFO [06-01|05:46:26.362] Submitted transaction                    hash=0xf212e901c9f742a12a44e099d12294b13993e07c43177ef189b8bc0bcb410f21 from=0x151775b94274FeE3696377A0B616a1221AC71326 nonce=30 recipient=0x7dc4d193051240848c7F4F19679e8514B148080f value=0
INFO [06-01|05:46:26.603] Submitted transaction                    hash=0x762a691ecee1c989e9b52e9dc60d19454828160b686bc01622c781f3cfadaed0 from=0xcA56D5B749835d8Ab9cA8c1c4123e9B5002Fc0Ff nonce=30 recipient=0x7dc4d193051240848c7F4F19679e8514B148080f value=0
INFO [06-01|05:46:26.843] Submitted transaction                    hash=0xc6e17f54c85d6e4e89ddd13cb58b491aa74a86d99a97c8b5f6baf1db3696f7b9 from=0xfB403fD865ddcc1C79F9987EDD0ADabC47C24bB9 nonce=30 recipient=0x7dc4d193051240848c7F4F19679e8514B148080f value=0
INFO [06-01|05:46:27.083] Submitted transaction                    hash=0xdb2827fbf43b426a0e727bdc8ca2e6b9048f11a2acc463a4f09cb91c5768ee3f from=0x9e8E8A4256457eF170586329D9a01487aA0bA29e nonce=30 recipient=0x7dc4d193051240848c7F4F19679e8514B148080f value=0
INFO [06-01|05:46:27.186] Starting work on payload                 id=0x0339d52a9a2c150d
INFO [06-01|05:46:27.227] Updated payload                          id=0x0339d52a9a2c150d number=80 hash=4a6514..f246a8 txs=5 withdrawals=0 gas=334,175    fees=0.00066835     root=0cd54a..a92c3a elapsed=40.970ms
INFO [06-01|05:46:27.229] Stopping work on payload                 id=0x0339d52a9a2c150d reason=delivery
WARN [06-01|05:46:27.280] {"level":"warn","msg":"Slow block","block":{"number":80,"hash":"0x4a6514a091dfe99777dabadd5a43f0716ecd8a1aa205fb99d10661c9b9f246a8","gas_used":334175,"tx_count":5},"timing":{"execution_ms":0.842083,"state_read_ms":7.680468,"state_hash_ms":27.025125,"commit_ms":13.75352,"total_ms":52.254018},"throughput":{"mgas_per_sec":6.395201991931032},"state_reads":{"accounts":26,"storage_slots":0,"code":1,"code_bytes":869},"state_writes":{"accounts":12,"accounts_deleted":0,"storage_slots":0,"storage_slots_deleted":0,"code":5,"code_bytes":5},"cache":{"account":{"hits":14,"misses":12,"hit_rate":53.84615384615385},"storage":{"hits":0,"misses":0,"hit_rate":0},"code":{"hits":1,"misses":0,"hit_rate":100,"hit_bytes":869,"miss_bytes":0}}}
INFO [06-01|05:46:27.280] Imported new potential chain segment     number=80 hash=4a6514..f246a8 blocks=1 txs=5 mgas=0.334  elapsed=52.498ms    mgasps=6.365   triediffs=21.23MiB  triedirty=0.00B
INFO [06-01|05:46:27.280] Chain head was updated                   number=80 hash=4a6514..f246a8 root=0cd54a..a92c3a elapsed="117.819µs"
INFO [06-01|05:46:27.323] Submitted transaction                    hash=0xe272e67a9a727c6464f43fbdd24576bd6c65e4f7dead71105af41939de07436a from=0x5AFc7eaFAA1e34De8e6fB9b014CFD08b18377F26 nonce=29 recipient=0x7dc4d193051240848c7F4F19679e8514B148080f value=0
INFO [06-01|05:46:27.563] Submitted transaction                    hash=0xcd75ea8414dcc699b66b118eacd610d552864122cf0201c05f0b6bb0ff06132b from=0x513978fc4d7fF9951AA177D59C7A1b9AA777119a nonce=29 recipient=0x7dc4d193051240848c7F4F19679e8514B148080f value=0
INFO [06-01|05:46:27.802] Submitted transaction                    hash=0xb436f9429ebc9da495fd0b291074ffeff7647aa9287315600f746e4a22978a2a from=0x225bD09Ef41092086C35444d335Df887A0691eD0 nonce=29 recipient=0x7dc4d193051240848c7F4F19679e8514B148080f value=0
INFO [06-01|05:46:28.043] Submitted transaction                    hash=0x0ae2a5f4d58251589707df239b3e9055a5c068afc70284819a212cbfe05c9636 from=0x0A114598D397AB388E751b917300055F2904166F nonce=29 recipient=0x7dc4d193051240848c7F4F19679e8514B148080f value=0
INFO [06-01|05:46:28.283] Submitted transaction                    hash=0x9c4b57c60ef3d43f7f12681de540cc227af0578921fa7032a0a71be0a638e30c from=0xbc7A668f0B1595d535B4a2de710461E1C6eba785 nonce=31 recipient=0x7dc4d193051240848c7F4F19679e8514B148080f value=0
INFO [06-01|05:46:28.300] Starting work on payload                 id=0x03f8456b3736b57d
INFO [06-01|05:46:28.353] Updated payload                          id=0x03f8456b3736b57d number=81 hash=5a9f07..9cabab txs=5 withdrawals=0 gas=334,175    fees=0.00066835     root=318fa8..74dfd6 elapsed=53.399ms
INFO [06-01|05:46:28.354] Stopping work on payload                 id=0x03f8456b3736b57d reason=delivery
WARN [06-01|05:46:28.392] {"level":"warn","msg":"Slow block","block":{"number":81,"hash":"0x5a9f0727b54dc211c18c3c962aea034d320cd44a51d6b5864ca5787c1a9cabab","gas_used":334175,"tx_count":5},"timing":{"execution_ms":0.544762,"state_read_ms":9.971196,"state_hash_ms":23.906888,"commit_ms":3.056328,"total_ms":37.718822},"throughput":{"mgas_per_sec":8.85963511797903},"state_reads":{"accounts":26,"storage_slots":0,"code":1,"code_bytes":869},"state_writes":{"accounts":12,"accounts_deleted":0,"storage_slots":0,"storage_slots_deleted":0,"code":5,"code_bytes":5},"cache":{"account":{"hits":21,"misses":5,"hit_rate":80.76923076923077},"storage":{"hits":0,"misses":0,"hit_rate":0},"code":{"hits":1,"misses":0,"hit_rate":100,"hit_bytes":869,"miss_bytes":0}}}
INFO [06-01|05:46:28.392] Imported new potential chain segment     number=81 hash=5a9f07..9cabab blocks=1 txs=5 mgas=0.334  elapsed=37.886ms    mgasps=8.820   triediffs=21.28MiB  triedirty=0.00B
INFO [06-01|05:46:28.392] Chain head was updated                   number=81 hash=5a9f07..9cabab root=318fa8..74dfd6 elapsed="100.385µs"
INFO [06-01|05:46:28.523] Submitted transaction                    hash=0x2ccc81080d928ebcfc4831c55cf0fdd9ea42232a15c1e4f879fd61b076fcebdb from=0x97D85277E62c57d15268b3E644cdbbDA3706fBEa nonce=31 recipient=0x7dc4d193051240848c7F4F19679e8514B148080f value=0
INFO [06-01|05:46:28.763] Submitted transaction                    hash=0xae4238601cf220f19a031cf4f59f34f897841c25c51cfd84b4cfab611f4877a1 from=0x151775b94274FeE3696377A0B616a1221AC71326 nonce=31 recipient=0x7dc4d193051240848c7F4F19679e8514B148080f value=0
INFO [06-01|05:46:29.003] Submitted transaction                    hash=0x9867b4ab0c0bb004f483d4ddd33ae5fe7a6a5a2e0555282bcc7b200b05021782 from=0xcA56D5B749835d8Ab9cA8c1c4123e9B5002Fc0Ff nonce=31 recipient=0x7dc4d193051240848c7F4F19679e8514B148080f value=0
INFO [06-01|05:46:29.242] Submitted transaction                    hash=0xa720d5370420b27a4e7399f174cc1d4d4371f5be170eab2e71f15a230e90bfdb from=0xfB403fD865ddcc1C79F9987EDD0ADabC47C24bB9 nonce=31 recipient=0x7dc4d193051240848c7F4F19679e8514B148080f value=0
INFO [06-01|05:46:29.400] Starting work on payload                 id=0x034d6320f99a2f22
INFO [06-01|05:46:29.440] Updated payload                          id=0x034d6320f99a2f22 number=82 hash=8305a4..3844d5 txs=4 withdrawals=0 gas=267,340    fees=0.00053468     root=e92b8c..edc267 elapsed=39.824ms
INFO [06-01|05:46:29.442] Stopping work on payload                 id=0x034d6320f99a2f22 reason=delivery
WARN [06-01|05:46:29.475] {"level":"warn","msg":"Slow block","block":{"number":82,"hash":"0x8305a4c9616f77a813f42decff45e0e7d4775804bfc432e11e17d829683844d5","gas_used":267340,"tx_count":4},"timing":{"execution_ms":2.845348,"state_read_ms":3.515784,"state_hash_ms":23.453407,"commit_ms":4.360138,"total_ms":34.395909},"throughput":{"mgas_per_sec":7.772435960334701},"state_reads":{"accounts":22,"storage_slots":0,"code":1,"code_bytes":869},"state_writes":{"accounts":10,"accounts_deleted":0,"storage_slots":0,"storage_slots_deleted":0,"code":4,"code_bytes":4},"cache":{"account":{"hits":18,"misses":4,"hit_rate":81.81818181818183},"storage":{"hits":0,"misses":0,"hit_rate":0},"code":{"hits":1,"misses":0,"hit_rate":100,"hit_bytes":869,"miss_bytes":0}}}
INFO [06-01|05:46:29.475] Imported new potential chain segment     number=82 hash=8305a4..3844d5 blocks=1 txs=4 mgas=0.267  elapsed=34.666ms    mgasps=7.712   triediffs=21.32MiB  triedirty=0.00B
INFO [06-01|05:46:29.475] Chain head was updated                   number=82 hash=8305a4..3844d5 root=e92b8c..edc267 elapsed="146.545µs"
INFO [06-01|05:46:29.483] Submitted transaction                    hash=0x21046e93c4c239d398456271bef65f1bed396e2e5b68ef2b4f3d7f628cac97cd from=0x9e8E8A4256457eF170586329D9a01487aA0bA29e nonce=31 recipient=0x7dc4d193051240848c7F4F19679e8514B148080f value=0
INFO [06-01|05:46:29.723] Submitted transaction                    hash=0xb41dcb2fbeb1f0541f1145313a7cc50c305fa82535d1b295dbbd8d9165c14f96 from=0x5AFc7eaFAA1e34De8e6fB9b014CFD08b18377F26 nonce=30 recipient=0x7dc4d193051240848c7F4F19679e8514B148080f value=0
INFO [06-01|05:46:29.963] Submitted transaction                    hash=0x5aaa2c7d09c7d62de3930cea577743476a048727aec2dd3ee74648ebb6deb560 from=0x513978fc4d7fF9951AA177D59C7A1b9AA777119a nonce=30 recipient=0x7dc4d193051240848c7F4F19679e8514B148080f value=0
INFO [06-01|05:46:30.203] Submitted transaction                    hash=0x22b4bad9af28bceb064f19b5500b765d80bf9b20b228192d22782583ceec68a9 from=0x225bD09Ef41092086C35444d335Df887A0691eD0 nonce=30 recipient=0x7dc4d193051240848c7F4F19679e8514B148080f value=0
INFO [06-01|05:46:30.443] Submitted transaction                    hash=0xbf5ee3c0be897f883b169d57c00baaa2c6da8e713426ba464549938ab69cd8cf from=0x0A114598D397AB388E751b917300055F2904166F nonce=30 recipient=0x7dc4d193051240848c7F4F19679e8514B148080f value=0
INFO [06-01|05:46:30.479] Starting work on payload                 id=0x03eb3798a1bc227b
INFO [06-01|05:46:30.533] Updated payload                          id=0x03eb3798a1bc227b number=83 hash=a4f61e..af0643 txs=5 withdrawals=0 gas=334,175    fees=0.00066835     root=45e299..5963d6 elapsed=53.906ms
INFO [06-01|05:46:30.533] Stopping work on payload                 id=0x03eb3798a1bc227b reason=delivery
WARN [06-01|05:46:30.569] {"level":"warn","msg":"Slow block","block":{"number":83,"hash":"0xa4f61e7ea30195c2b9370eb30487657dd9f0855301ea1142d83bb212b1af0643","gas_used":334175,"tx_count":5},"timing":{"execution_ms":0.555574,"state_read_ms":4.395819,"state_hash_ms":27.561167,"commit_ms":3.000518,"total_ms":35.779789},"throughput":{"mgas_per_sec":9.339770002556472},"state_reads":{"accounts":26,"storage_slots":0,"code":1,"code_bytes":869},"state_writes":{"accounts":12,"accounts_deleted":0,"storage_slots":0,"storage_slots_deleted":0,"code":5,"code_bytes":5},"cache":{"account":{"hits":20,"misses":6,"hit_rate":76.92307692307693},"storage":{"hits":0,"misses":0,"hit_rate":0},"code":{"hits":1,"misses":0,"hit_rate":100,"hit_bytes":869,"miss_bytes":0}}}
INFO [06-01|05:46:30.570] Imported new potential chain segment     number=83 hash=a4f61e..af0643 blocks=1 txs=5 mgas=0.334  elapsed=35.990ms    mgasps=9.285   triediffs=21.37MiB  triedirty=0.00B
INFO [06-01|05:46:30.570] Chain head was updated                   number=83 hash=a4f61e..af0643 root=45e299..5963d6 elapsed="102.825µs"
INFO [06-01|05:46:30.683] Submitted transaction                    hash=0xa8dfb7f403a9676c26f7a41d095179450b377dffbbcc58d38701e23cfe5cd36c from=0xbc7A668f0B1595d535B4a2de710461E1C6eba785 nonce=32 recipient=0x7dc4d193051240848c7F4F19679e8514B148080f value=0
INFO [06-01|05:46:30.923] Submitted transaction                    hash=0x12a9f26520c0685bcb5930dac201a1f4b473022a048c8a8e6b8de13f7fca2bdf from=0x97D85277E62c57d15268b3E644cdbbDA3706fBEa nonce=32 recipient=0x7dc4d193051240848c7F4F19679e8514B148080f value=0
INFO [06-01|05:46:31.162] Submitted transaction                    hash=0xaedb92fbeeb9d07bcef84ee3ef7f4dbb3a1ca9f563769b6df860304273934213 from=0x151775b94274FeE3696377A0B616a1221AC71326 nonce=32 recipient=0x7dc4d193051240848c7F4F19679e8514B148080f value=0
INFO [06-01|05:46:31.403] Submitted transaction                    hash=0xb8d93f20bfb3444093c38d46d2662ccd3b06b8ebfffae3d5d4130f2222769eb4 from=0xcA56D5B749835d8Ab9cA8c1c4123e9B5002Fc0Ff nonce=32 recipient=0x7dc4d193051240848c7F4F19679e8514B148080f value=0
INFO [06-01|05:46:31.578] Starting work on payload                 id=0x03369802e363edbd
INFO [06-01|05:46:31.616] Updated payload                          id=0x03369802e363edbd number=84 hash=b5d3e2..b30ae8 txs=4 withdrawals=0 gas=267,340    fees=0.00053468     root=a16ff9..689729 elapsed=37.814ms
INFO [06-01|05:46:31.620] Stopping work on payload                 id=0x03369802e363edbd reason=delivery
INFO [06-01|05:46:31.645] Submitted transaction                    hash=0xaef98fe5d1aeffc01c3b1d34bf6129235e9d36365bfc9f086613778951e8295e from=0xfB403fD865ddcc1C79F9987EDD0ADabC47C24bB9 nonce=32 recipient=0x7dc4d193051240848c7F4F19679e8514B148080f value=0
WARN [06-01|05:46:31.662] {"level":"warn","msg":"Slow block","block":{"number":84,"hash":"0xb5d3e234dbeba7d02447fd1e1302f8a5522563a512c0f7e9b7b5d2281db30ae8","gas_used":267340,"tx_count":4},"timing":{"execution_ms":0.565554,"state_read_ms":18.693804,"state_hash_ms":22.507034,"commit_ms":4.016188,"total_ms":46.007013},"throughput":{"mgas_per_sec":5.810853227963311},"state_reads":{"accounts":22,"storage_slots":0,"code":1,"code_bytes":869},"state_writes":{"accounts":10,"accounts_deleted":0,"storage_slots":0,"storage_slots_deleted":0,"code":4,"code_bytes":4},"cache":{"account":{"hits":13,"misses":9,"hit_rate":59.09090909090909},"storage":{"hits":0,"misses":0,"hit_rate":0},"code":{"hits":1,"misses":0,"hit_rate":100,"hit_bytes":869,"miss_bytes":0}}}
INFO [06-01|05:46:31.662] Imported new potential chain segment     number=84 hash=b5d3e2..b30ae8 blocks=1 txs=4 mgas=0.267  elapsed=46.231ms    mgasps=5.783   triediffs=21.41MiB  triedirty=0.00B
INFO [06-01|05:46:31.663] Chain head was updated                   number=84 hash=b5d3e2..b30ae8 root=a16ff9..689729 elapsed="145.334µs"
INFO [06-01|05:46:31.883] Submitted transaction                    hash=0x5038bea4b2f47767230d1b9f2cfabb71770ce4ee5aeaa1a457eb78b7015f1ba0 from=0x9e8E8A4256457eF170586329D9a01487aA0bA29e nonce=32 recipient=0x7dc4d193051240848c7F4F19679e8514B148080f value=0
INFO [06-01|05:46:32.123] Submitted transaction                    hash=0x6ccfc7cd90a684a233e57261faf1daf855bbbd5851139b9f42989942aefa5fd6 from=0x5AFc7eaFAA1e34De8e6fB9b014CFD08b18377F26 nonce=31 recipient=0x7dc4d193051240848c7F4F19679e8514B148080f value=0
INFO [06-01|05:46:32.363] Submitted transaction                    hash=0x77aa2ad131a157f123e8226d08a19ca256b5f5e627f195581191a3b771c88742 from=0x513978fc4d7fF9951AA177D59C7A1b9AA777119a nonce=31 recipient=0x7dc4d193051240848c7F4F19679e8514B148080f value=0
INFO [06-01|05:46:32.603] Submitted transaction                    hash=0x90d6a89f931ad460392a06844e1fc3d49b0afaa2f88be2fcaa3afaaa1bc73eb2 from=0x225bD09Ef41092086C35444d335Df887A0691eD0 nonce=31 recipient=0x7dc4d193051240848c7F4F19679e8514B148080f value=0
INFO [06-01|05:46:32.674] Starting work on payload                 id=0x035017d66e7e000b
INFO [06-01|05:46:32.714] Updated payload                          id=0x035017d66e7e000b number=85 hash=8b24c2..065e17 txs=5 withdrawals=0 gas=334,175    fees=0.00066835     root=971104..cc54d4 elapsed=39.824ms
INFO [06-01|05:46:32.714] Stopping work on payload                 id=0x035017d66e7e000b reason=delivery
WARN [06-01|05:46:32.761] {"level":"warn","msg":"Slow block","block":{"number":85,"hash":"0x8b24c2ab005e34ca202e71d7defdbc79e33d50f720d980371a22aa8994065e17","gas_used":334175,"tx_count":5},"timing":{"execution_ms":0.934605,"state_read_ms":14.716047,"state_hash_ms":22.162596,"commit_ms":4.653312,"total_ms":42.646769},"throughput":{"mgas_per_sec":7.835880837772259},"state_reads":{"accounts":26,"storage_slots":0,"code":1,"code_bytes":869},"state_writes":{"accounts":12,"accounts_deleted":0,"storage_slots":0,"storage_slots_deleted":0,"code":5,"code_bytes":5},"cache":{"account":{"hits":21,"misses":5,"hit_rate":80.76923076923077},"storage":{"hits":0,"misses":0,"hit_rate":0},"code":{"hits":1,"misses":0,"hit_rate":100,"hit_bytes":869,"miss_bytes":0}}}
INFO [06-01|05:46:32.761] Imported new potential chain segment     number=85 hash=8b24c2..065e17 blocks=1 txs=5 mgas=0.334  elapsed=46.929ms    mgasps=7.121   triediffs=21.45MiB  triedirty=0.00B
INFO [06-01|05:46:32.761] Chain head was updated                   number=85 hash=8b24c2..065e17 root=971104..cc54d4 elapsed="170.645µs"
INFO [06-01|05:46:32.842] Submitted transaction                    hash=0x33f43ff00f488a2cfd688b07d6d53a6b40626a5ef25fa926416cc6fa8c83cedd from=0x0A114598D397AB388E751b917300055F2904166F nonce=31 recipient=0x7dc4d193051240848c7F4F19679e8514B148080f value=0
INFO [06-01|05:46:33.083] Submitted transaction                    hash=0xa6af36f7ec427e6a55d7474f0463b17811d4c195c626acc0c0ca9f2ff12ef063 from=0xbc7A668f0B1595d535B4a2de710461E1C6eba785 nonce=33 recipient=0x7dc4d193051240848c7F4F19679e8514B148080f value=0
INFO [06-01|05:46:33.323] Submitted transaction                    hash=0xfdc4066903b70c2e4982f2722dd249014788251e8853bdafeb79ca03cb8cba0d from=0x97D85277E62c57d15268b3E644cdbbDA3706fBEa nonce=33 recipient=0x7dc4d193051240848c7F4F19679e8514B148080f value=0
INFO [06-01|05:46:33.562] Submitted transaction                    hash=0x3523e2b25bc45b80158ff8d0dff9546feda077ca816d263dff87633a6067259e from=0x151775b94274FeE3696377A0B616a1221AC71326 nonce=33 recipient=0x7dc4d193051240848c7F4F19679e8514B148080f value=0
INFO [06-01|05:46:33.766] Starting work on payload                 id=0x03a825003152107d
INFO [06-01|05:46:33.807] Submitted transaction                    hash=0x9992bfab3175ed364f6b8942fd55ad4c5170cc2d1912f55e2339f45d5abbdc91 from=0xcA56D5B749835d8Ab9cA8c1c4123e9B5002Fc0Ff nonce=33 recipient=0x7dc4d193051240848c7F4F19679e8514B148080f value=0
INFO [06-01|05:46:33.809] Updated payload                          id=0x03a825003152107d number=86 hash=a7a15c..3a867f txs=4 withdrawals=0 gas=267,340    fees=0.00053468     root=ff6af6..7a8555 elapsed=42.801ms
INFO [06-01|05:46:33.809] Stopping work on payload                 id=0x03a825003152107d reason=delivery
WARN [06-01|05:46:33.848] {"level":"warn","msg":"Slow block","block":{"number":86,"hash":"0xa7a15c2a16fe3914079b7866c2799721b26e4d0546e523d0c88fd2dc363a867f","gas_used":267340,"tx_count":4},"timing":{"execution_ms":0.856746,"state_read_ms":6.379956,"state_hash_ms":18.912799,"commit_ms":12.280819,"total_ms":38.643503},"throughput":{"mgas_per_sec":6.918109882533165},"state_reads":{"accounts":22,"storage_slots":0,"code":1,"code_bytes":869},"state_writes":{"accounts":10,"accounts_deleted":0,"storage_slots":0,"storage_slots_deleted":0,"code":4,"code_bytes":4},"cache":{"account":{"hits":15,"misses":7,"hit_rate":68.18181818181817},"storage":{"hits":0,"misses":0,"hit_rate":0},"code":{"hits":1,"misses":0,"hit_rate":100,"hit_bytes":869,"miss_bytes":0}}}
INFO [06-01|05:46:33.848] Imported new potential chain segment     number=86 hash=a7a15c..3a867f blocks=1 txs=4 mgas=0.267  elapsed=38.812ms    mgasps=6.888   triediffs=21.49MiB  triedirty=0.00B
INFO [06-01|05:46:33.848] Chain head was updated                   number=86 hash=a7a15c..3a867f root=ff6af6..7a8555 elapsed="96.921µs"
INFO [06-01|05:46:34.043] Submitted transaction                    hash=0xe767572bcdd6ae2fc386107df32ebb6c5242957f59f4af99ce743a6cece2e61a from=0xfB403fD865ddcc1C79F9987EDD0ADabC47C24bB9 nonce=33 recipient=0x7dc4d193051240848c7F4F19679e8514B148080f value=0
INFO [06-01|05:46:34.282] Submitted transaction                    hash=0x9e968646879af378b135ac9485d2d359f58047faf3ff3b84e9378f4ec4fa0836 from=0x9e8E8A4256457eF170586329D9a01487aA0bA29e nonce=33 recipient=0x7dc4d193051240848c7F4F19679e8514B148080f value=0
INFO [06-01|05:46:34.522] Submitted transaction                    hash=0x14a90a8cb4096191e4211f4e9be184210e66bfad073c511147758929d64e5113 from=0x5AFc7eaFAA1e34De8e6fB9b014CFD08b18377F26 nonce=32 recipient=0x7dc4d193051240848c7F4F19679e8514B148080f value=0
INFO [06-01|05:46:34.763] Submitted transaction                    hash=0xc056a6cfcf6717e3c33e52b52960134e9fa5b69cf1e12180868ab263311e3c3b from=0x513978fc4d7fF9951AA177D59C7A1b9AA777119a nonce=32 recipient=0x7dc4d193051240848c7F4F19679e8514B148080f value=0
INFO [06-01|05:46:34.858] Starting work on payload                 id=0x03f67924944cfabc
INFO [06-01|05:46:34.898] Updated payload                          id=0x03f67924944cfabc number=87 hash=af464c..ca0fc1 txs=5 withdrawals=0 gas=334,175    fees=0.00066835     root=bb0540..b3f125 elapsed=40.147ms
INFO [06-01|05:46:34.901] Stopping work on payload                 id=0x03f67924944cfabc reason=delivery
WARN [06-01|05:46:34.967] {"level":"warn","msg":"Slow block","block":{"number":87,"hash":"0xaf464c09a6ac2c71dc49c2d918b6cdb41ca19412d57a176c236fcec56dca0fc1","gas_used":334175,"tx_count":5},"timing":{"execution_ms":0.711813,"state_read_ms":19.369313,"state_hash_ms":27.211839,"commit_ms":17.779915,"total_ms":66.078437},"throughput":{"mgas_per_sec":5.057247343789321},"state_reads":{"accounts":26,"storage_slots":0,"code":1,"code_bytes":869},"state_writes":{"accounts":12,"accounts_deleted":0,"storage_slots":0,"storage_slots_deleted":0,"code":5,"code_bytes":5},"cache":{"account":{"hits":11,"misses":15,"hit_rate":42.30769230769231},"storage":{"hits":0,"misses":0,"hit_rate":0},"code":{"hits":1,"misses":0,"hit_rate":100,"hit_bytes":869,"miss_bytes":0}}}
INFO [06-01|05:46:34.967] Imported new potential chain segment     number=87 hash=af464c..ca0fc1 blocks=1 txs=5 mgas=0.334  elapsed=66.283ms    mgasps=5.042   triediffs=21.53MiB  triedirty=0.00B
INFO [06-01|05:46:34.968] Chain head was updated                   number=87 hash=af464c..ca0fc1 root=bb0540..b3f125 elapsed="104.524µs"
INFO [06-01|05:46:35.003] Submitted transaction                    hash=0x3d007485ce1574e6154ccf57feff3dd29a8dfb8c54ff83879b56d773f1002cd4 from=0x225bD09Ef41092086C35444d335Df887A0691eD0 nonce=32 recipient=0x7dc4d193051240848c7F4F19679e8514B148080f value=0
INFO [06-01|05:46:35.243] Submitted transaction                    hash=0xe4dcc295ff89f80bc0dcd4edd8761152b4464e2e95cdb97856f7cb51d29f9daf from=0x0A114598D397AB388E751b917300055F2904166F nonce=32 recipient=0x7dc4d193051240848c7F4F19679e8514B148080f value=0
INFO [06-01|05:46:35.483] Submitted transaction                    hash=0x704103e653942666aaa4dfa1c055e9863ccbe9ba8ac35b06c60cfcb38b873e39 from=0xbc7A668f0B1595d535B4a2de710461E1C6eba785 nonce=34 recipient=0x7dc4d193051240848c7F4F19679e8514B148080f value=0
INFO [06-01|05:46:35.723] Submitted transaction                    hash=0xddb4e1bacaa835a9ac7aa14f06bb8d522c972764295bc2a83b8492e324fa6c11 from=0x97D85277E62c57d15268b3E644cdbbDA3706fBEa nonce=34 recipient=0x7dc4d193051240848c7F4F19679e8514B148080f value=0
INFO [06-01|05:46:35.962] Submitted transaction                    hash=0xaaf62bc661d937f7736d72959e52a35a5e3389d05ca9b577d0f647d5ccbedff5 from=0x151775b94274FeE3696377A0B616a1221AC71326 nonce=34 recipient=0x7dc4d193051240848c7F4F19679e8514B148080f value=0
INFO [06-01|05:46:35.972] Starting work on payload                 id=0x03f35fb02f2a75ec
INFO [06-01|05:46:36.023] Updated payload                          id=0x03f35fb02f2a75ec number=88 hash=d40bf8..ddc9e2 txs=5 withdrawals=0 gas=334,175    fees=0.00066835     root=022837..f9a127 elapsed=50.399ms
INFO [06-01|05:46:36.023] Stopping work on payload                 id=0x03f35fb02f2a75ec reason=delivery
WARN [06-01|05:46:36.061] {"level":"warn","msg":"Slow block","block":{"number":88,"hash":"0xd40bf8d55c149bf1cb40de7fe603f1ad7277bc4de156a3fcd8bb45a82fddc9e2","gas_used":334175,"tx_count":5},"timing":{"execution_ms":0.536559,"state_read_ms":5.724782,"state_hash_ms":17.518755,"commit_ms":14.053525,"total_ms":38.08696},"throughput":{"mgas_per_sec":8.774000340273941},"state_reads":{"accounts":26,"storage_slots":0,"code":1,"code_bytes":869},"state_writes":{"accounts":12,"accounts_deleted":0,"storage_slots":0,"storage_slots_deleted":0,"code":5,"code_bytes":5},"cache":{"account":{"hits":20,"misses":6,"hit_rate":76.92307692307693},"storage":{"hits":0,"misses":0,"hit_rate":0},"code":{"hits":1,"misses":0,"hit_rate":100,"hit_bytes":869,"miss_bytes":0}}}
INFO [06-01|05:46:36.061] Imported new potential chain segment     number=88 hash=d40bf8..ddc9e2 blocks=1 txs=5 mgas=0.334  elapsed=38.275ms    mgasps=8.731   triediffs=21.58MiB  triedirty=0.00B
INFO [06-01|05:46:36.061] Chain head was updated                   number=88 hash=d40bf8..ddc9e2 root=022837..f9a127 elapsed="150.506µs"
INFO [06-01|05:46:36.203] Submitted transaction                    hash=0xfa0ab86d7f10356b0a19505bcbb880a1a42db06c81df1338f2913719d2e6f687 from=0xcA56D5B749835d8Ab9cA8c1c4123e9B5002Fc0Ff nonce=34 recipient=0x7dc4d193051240848c7F4F19679e8514B148080f value=0
INFO [06-01|05:46:36.443] Submitted transaction                    hash=0xe2199a52edf196b1132d942a565595b93c26ac56b10a811e98e30f22b9ca2533 from=0xfB403fD865ddcc1C79F9987EDD0ADabC47C24bB9 nonce=34 recipient=0x7dc4d193051240848c7F4F19679e8514B148080f value=0
INFO [06-01|05:46:36.682] Submitted transaction                    hash=0xc59e38ea489143a49270987c767e3bc798d5a7922d9651205a368b70caff489d from=0x9e8E8A4256457eF170586329D9a01487aA0bA29e nonce=34 recipient=0x7dc4d193051240848c7F4F19679e8514B148080f value=0
INFO [06-01|05:46:36.923] Submitted transaction                    hash=0xad3ffc0683fc0943df23cc7e0dca6c9312a9410bcee2065897b8a30c3a6f234a from=0x5AFc7eaFAA1e34De8e6fB9b014CFD08b18377F26 nonce=33 recipient=0x7dc4d193051240848c7F4F19679e8514B148080f value=0
INFO [06-01|05:46:37.074] Starting work on payload                 id=0x031288c8dac032b6
INFO [06-01|05:46:37.108] Updated payload                          id=0x031288c8dac032b6 number=89 hash=98db7c..7d00ba txs=4 withdrawals=0 gas=267,340    fees=0.00053468     root=e4bbd4..6c2e2f elapsed=34.026ms
INFO [06-01|05:46:37.109] Stopping work on payload                 id=0x031288c8dac032b6 reason=delivery
WARN [06-01|05:46:37.154] {"level":"warn","msg":"Slow block","block":{"number":89,"hash":"0x98db7cd441243ba69445751342024e1e6275085e5d848f2838fe8636d17d00ba","gas_used":267340,"tx_count":4},"timing":{"execution_ms":1.08041,"state_read_ms":12.303381,"state_hash_ms":25.444174,"commit_ms":4.082837,"total_ms":45.441839},"throughput":{"mgas_per_sec":5.883124580411457},"state_reads":{"accounts":22,"storage_slots":0,"code":1,"code_bytes":869},"state_writes":{"accounts":10,"accounts_deleted":0,"storage_slots":0,"storage_slots_deleted":0,"code":4,"code_bytes":4},"cache":{"account":{"hits":14,"misses":8,"hit_rate":63.63636363636363},"storage":{"hits":0,"misses":0,"hit_rate":0},"code":{"hits":1,"misses":0,"hit_rate":100,"hit_bytes":869,"miss_bytes":0}}}
INFO [06-01|05:46:37.154] Imported new potential chain segment     number=89 hash=98db7c..7d00ba blocks=1 txs=4 mgas=0.267  elapsed=45.918ms    mgasps=5.822   triediffs=21.62MiB  triedirty=0.00B
INFO [06-01|05:46:37.155] Chain head was updated                   number=89 hash=98db7c..7d00ba root=e4bbd4..6c2e2f elapsed="143.189µs"
INFO [06-01|05:46:37.166] Submitted transaction                    hash=0x5cf3457be6b529eb2ee0298a73f443e237517c997109aab30e54715a8444e436 from=0x513978fc4d7fF9951AA177D59C7A1b9AA777119a nonce=33 recipient=0x7dc4d193051240848c7F4F19679e8514B148080f value=0
INFO [06-01|05:46:37.402] Submitted transaction                    hash=0xbafc82f1b3f5a18b91edb2bfb4345506ba2bad46cd12b0d728617ad63a01d053 from=0x225bD09Ef41092086C35444d335Df887A0691eD0 nonce=33 recipient=0x7dc4d193051240848c7F4F19679e8514B148080f value=0
INFO [06-01|05:46:37.642] Submitted transaction                    hash=0xe9485085c4f9258b1dae375b6f15cd5697ca7a7bd7454b1b5e006b1843cdb463 from=0x0A114598D397AB388E751b917300055F2904166F nonce=33 recipient=0x7dc4d193051240848c7F4F19679e8514B148080f value=0
INFO [06-01|05:46:37.883] Submitted transaction                    hash=0x01111f8e856616a9d1b8dc55148d95eb09ccaddfbf4c4e99da56438e7b74cd7a from=0xbc7A668f0B1595d535B4a2de710461E1C6eba785 nonce=35 recipient=0x7dc4d193051240848c7F4F19679e8514B148080f value=0
INFO [06-01|05:46:38.123] Submitted transaction                    hash=0xe5394968060b184cf73aac9ecc6d5e7e1971b541632f041f36367fed12520554 from=0x97D85277E62c57d15268b3E644cdbbDA3706fBEa nonce=35 recipient=0x7dc4d193051240848c7F4F19679e8514B148080f value=0
INFO [06-01|05:46:38.167] Starting work on payload                 id=0x0355c68ab24f301e
INFO [06-01|05:46:38.215] Updated payload                          id=0x0355c68ab24f301e number=90 hash=a68473..913d1f txs=5 withdrawals=0 gas=334,175    fees=0.00066835     root=e87e6b..45e8eb elapsed=48.777ms
INFO [06-01|05:46:38.216] Stopping work on payload                 id=0x0355c68ab24f301e reason=delivery
WARN [06-01|05:46:38.254] {"level":"warn","msg":"Slow block","block":{"number":90,"hash":"0xa684737b00f9c4c538fe120046e646a535bf22088669751a0dfef46602913d1f","gas_used":334175,"tx_count":5},"timing":{"execution_ms":0.378538,"state_read_ms":6.982098,"state_hash_ms":17.123897,"commit_ms":13.027725,"total_ms":37.769694},"throughput":{"mgas_per_sec":8.84770207563768},"state_reads":{"accounts":26,"storage_slots":0,"code":1,"code_bytes":869},"state_writes":{"accounts":12,"accounts_deleted":0,"storage_slots":0,"storage_slots_deleted":0,"code":5,"code_bytes":5},"cache":{"account":{"hits":16,"misses":10,"hit_rate":61.53846153846154},"storage":{"hits":0,"misses":0,"hit_rate":0},"code":{"hits":1,"misses":0,"hit_rate":100,"hit_bytes":869,"miss_bytes":0}}}
INFO [06-01|05:46:38.254] Imported new potential chain segment     number=90 hash=a68473..913d1f blocks=1 txs=5 mgas=0.334  elapsed=37.913ms    mgasps=8.814   triediffs=21.67MiB  triedirty=0.00B
INFO [06-01|05:46:38.254] Chain head was updated                   number=90 hash=a68473..913d1f root=e87e6b..45e8eb elapsed="103.025µs"
INFO [06-01|05:46:38.363] Submitted transaction                    hash=0xffe02bc96809b40c0787b6d20ab362d69133c27bb541ccb2e0db4e91918d229a from=0x151775b94274FeE3696377A0B616a1221AC71326 nonce=35 recipient=0x7dc4d193051240848c7F4F19679e8514B148080f value=0
INFO [06-01|05:46:38.603] Submitted transaction                    hash=0xc07b4ca8367cc2f505e53d3bebfe1dc0ae7fb32ab9946ef0fa570c8c68fcf5ed from=0xcA56D5B749835d8Ab9cA8c1c4123e9B5002Fc0Ff nonce=35 recipient=0x7dc4d193051240848c7F4F19679e8514B148080f value=0
INFO [06-01|05:46:38.842] Submitted transaction                    hash=0xee1d1184dc127cb701e110323414ebf9338aa8c394da71a30d38a6d88eff3b0e from=0xfB403fD865ddcc1C79F9987EDD0ADabC47C24bB9 nonce=35 recipient=0x7dc4d193051240848c7F4F19679e8514B148080f value=0
INFO [06-01|05:46:39.083] Submitted transaction                    hash=0xe8d06ff8a9263e5152ddeab9625a26251b5bf3e0053a6d8fcd08bfd62ec2f17c from=0x9e8E8A4256457eF170586329D9a01487aA0bA29e nonce=35 recipient=0x7dc4d193051240848c7F4F19679e8514B148080f value=0
INFO [06-01|05:46:39.265] Starting work on payload                 id=0x03591cd63ed113cd
INFO [06-01|05:46:39.302] Updated payload                          id=0x03591cd63ed113cd number=91 hash=4cf373..cc5f6a txs=4 withdrawals=0 gas=267,340    fees=0.00053468     root=990102..61d385 elapsed=37.560ms
INFO [06-01|05:46:39.303] Stopping work on payload                 id=0x03591cd63ed113cd reason=delivery
INFO [06-01|05:46:39.323] Submitted transaction                    hash=0x3c8969dddf86f01ca6b034a2ec20c3b7f6ab2688fef1be975d3fbca2c1d47043 from=0x5AFc7eaFAA1e34De8e6fB9b014CFD08b18377F26 nonce=34 recipient=0x7dc4d193051240848c7F4F19679e8514B148080f value=0
WARN [06-01|05:46:39.345] {"level":"warn","msg":"Slow block","block":{"number":91,"hash":"0x4cf373e85f836ea67afb20494203678ef64960588125f56d4cf35273b2cc5f6a","gas_used":267340,"tx_count":4},"timing":{"execution_ms":0.80701,"state_read_ms":19.666708,"state_hash_ms":16.939876,"commit_ms":4.208062,"total_ms":41.786403},"throughput":{"mgas_per_sec":6.397774893426457},"state_reads":{"accounts":22,"storage_slots":0,"code":1,"code_bytes":869},"state_writes":{"accounts":10,"accounts_deleted":0,"storage_slots":0,"storage_slots_deleted":0,"code":4,"code_bytes":4},"cache":{"account":{"hits":17,"misses":5,"hit_rate":77.27272727272727},"storage":{"hits":0,"misses":0,"hit_rate":0},"code":{"hits":1,"misses":0,"hit_rate":100,"hit_bytes":869,"miss_bytes":0}}}
INFO [06-01|05:46:39.345] Imported new potential chain segment     number=91 hash=4cf373..cc5f6a blocks=1 txs=4 mgas=0.267  elapsed=41.998ms    mgasps=6.366   triediffs=21.70MiB  triedirty=0.00B
INFO [06-01|05:46:39.345] Chain head was updated                   number=91 hash=4cf373..cc5f6a root=990102..61d385 elapsed="154.655µs"
INFO [06-01|05:46:39.563] Submitted transaction                    hash=0xc04ab71ec469a611180bd488c27b1d64039c745617a068506140401f1c26ed69 from=0x513978fc4d7fF9951AA177D59C7A1b9AA777119a nonce=34 recipient=0x7dc4d193051240848c7F4F19679e8514B148080f value=0
INFO [06-01|05:46:39.802] Submitted transaction                    hash=0x538be88bf8b6a224acecf54d8679a390b4d8f190408560f00e47e337bdd8e8a2 from=0x225bD09Ef41092086C35444d335Df887A0691eD0 nonce=34 recipient=0x7dc4d193051240848c7F4F19679e8514B148080f value=0
INFO [06-01|05:46:40.043] Submitted transaction                    hash=0xfba328871714daa3e9f61709d1da4cc0943031099afc2530245b201876667aa3 from=0x0A114598D397AB388E751b917300055F2904166F nonce=34 recipient=0x7dc4d193051240848c7F4F19679e8514B148080f value=0
INFO [06-01|05:46:40.283] Submitted transaction                    hash=0x7aae876c4f530b5bd8d8d3a7cccd02acc50c14cd273f153631c1217c61636939 from=0xbc7A668f0B1595d535B4a2de710461E1C6eba785 nonce=36 recipient=0x7dc4d193051240848c7F4F19679e8514B148080f value=0
INFO [06-01|05:46:40.349] Starting work on payload                 id=0x03f83c58abd87c97
INFO [06-01|05:46:40.398] Updated payload                          id=0x03f83c58abd87c97 number=92 hash=427c25..c577da txs=5 withdrawals=0 gas=334,175    fees=0.00066835     root=418870..71f1ba elapsed=49.043ms
INFO [06-01|05:46:40.398] Stopping work on payload                 id=0x03f83c58abd87c97 reason=delivery
WARN [06-01|05:46:40.436] {"level":"warn","msg":"Slow block","block":{"number":92,"hash":"0x427c2589b8e2b9442c2484f49dcb5406118fc7830cbb1f868c89c6bf52c577da","gas_used":334175,"tx_count":5},"timing":{"execution_ms":0.430931,"state_read_ms":4.79289,"state_hash_ms":28.384909,"commit_ms":3.185446,"total_ms":36.979246},"throughput":{"mgas_per_sec":9.036825683249464},"state_reads":{"accounts":26,"storage_slots":0,"code":1,"code_bytes":869},"state_writes":{"accounts":12,"accounts_deleted":0,"storage_slots":0,"storage_slots_deleted":0,"code":5,"code_bytes":5},"cache":{"account":{"hits":15,"misses":11,"hit_rate":57.692307692307686},"storage":{"hits":0,"misses":0,"hit_rate":0},"code":{"hits":1,"misses":0,"hit_rate":100,"hit_bytes":869,"miss_bytes":0}}}
INFO [06-01|05:46:40.436] Imported new potential chain segment     number=92 hash=427c25..c577da blocks=1 txs=5 mgas=0.334  elapsed=37.138ms    mgasps=8.998   triediffs=21.75MiB  triedirty=0.00B
INFO [06-01|05:46:40.436] Chain head was updated                   number=92 hash=427c25..c577da root=418870..71f1ba elapsed="122.366µs"
INFO [06-01|05:46:40.523] Submitted transaction                    hash=0xaa1b268fa934fbaede3e03c82a70b88836331d06fa27070d444068cd30f0c061 from=0x97D85277E62c57d15268b3E644cdbbDA3706fBEa nonce=36 recipient=0x7dc4d193051240848c7F4F19679e8514B148080f value=0
INFO [06-01|05:46:40.763] Submitted transaction                    hash=0x17b5129f1c54d7a4f6f482759c807bb4207927469a0080cf6796f6ec55397c5b from=0x151775b94274FeE3696377A0B616a1221AC71326 nonce=36 recipient=0x7dc4d193051240848c7F4F19679e8514B148080f value=0
INFO [06-01|05:46:41.003] Submitted transaction                    hash=0xbc5b449cb9a8b288344b396e2197e9cdab2ff046dbfb385a2691cffa4f1466d1 from=0xcA56D5B749835d8Ab9cA8c1c4123e9B5002Fc0Ff nonce=36 recipient=0x7dc4d193051240848c7F4F19679e8514B148080f value=0
INFO [06-01|05:46:41.242] Submitted transaction                    hash=0x6cd6465db428f837f8c1932a12fff31e7262b72756e11f380d1934ad2921e802 from=0xfB403fD865ddcc1C79F9987EDD0ADabC47C24bB9 nonce=36 recipient=0x7dc4d193051240848c7F4F19679e8514B148080f value=0
INFO [06-01|05:46:41.443] Starting work on payload                 id=0x03f26dcd29fe3bf0
INFO [06-01|05:46:41.476] Updated payload                          id=0x03f26dcd29fe3bf0 number=93 hash=a27c56..8a6abd txs=4 withdrawals=0 gas=267,340    fees=0.00053468     root=f6c233..04bcbb elapsed=32.701ms
INFO [06-01|05:46:41.476] Stopping work on payload                 id=0x03f26dcd29fe3bf0 reason=delivery
INFO [06-01|05:46:41.483] Submitted transaction                    hash=0x8a7c3cb1a1c8f84c8102b89e5b8889338d32fc0b2a5aaad3dd8b407a2c039166 from=0x9e8E8A4256457eF170586329D9a01487aA0bA29e nonce=36 recipient=0x7dc4d193051240848c7F4F19679e8514B148080f value=0
WARN [06-01|05:46:41.512] {"level":"warn","msg":"Slow block","block":{"number":93,"hash":"0xa27c56cd956ecde6fb7531dbed49b95983878128a8c99139f49feb38b58a6abd","gas_used":267340,"tx_count":4},"timing":{"execution_ms":0.498185,"state_read_ms":8.30689,"state_hash_ms":23.964406,"commit_ms":3.041982,"total_ms":36.003328},"throughput":{"mgas_per_sec":7.425424671852558},"state_reads":{"accounts":22,"storage_slots":0,"code":1,"code_bytes":869},"state_writes":{"accounts":10,"accounts_deleted":0,"storage_slots":0,"storage_slots_deleted":0,"code":4,"code_bytes":4},"cache":{"account":{"hits":16,"misses":6,"hit_rate":72.72727272727273},"storage":{"hits":0,"misses":0,"hit_rate":0},"code":{"hits":1,"misses":0,"hit_rate":100,"hit_bytes":869,"miss_bytes":0}}}
INFO [06-01|05:46:41.512] Imported new potential chain segment     number=93 hash=a27c56..8a6abd blocks=1 txs=4 mgas=0.267  elapsed=36.176ms    mgasps=7.390   triediffs=21.79MiB  triedirty=0.00B
INFO [06-01|05:46:41.513] Chain head was updated                   number=93 hash=a27c56..8a6abd root=f6c233..04bcbb elapsed="101.793µs"
INFO [06-01|05:46:41.723] Submitted transaction                    hash=0xfbb127f293552385146a7c5bed8b2b23285464edfce1fea727f8d3f238213658 from=0x5AFc7eaFAA1e34De8e6fB9b014CFD08b18377F26 nonce=35 recipient=0x7dc4d193051240848c7F4F19679e8514B148080f value=0
INFO [06-01|05:46:41.963] Submitted transaction                    hash=0x26af58487886b031c92a54ae2f7ea2918985b44919a30c5dd802dbb97aa8f189 from=0x513978fc4d7fF9951AA177D59C7A1b9AA777119a nonce=35 recipient=0x7dc4d193051240848c7F4F19679e8514B148080f value=0
INFO [06-01|05:46:42.203] Submitted transaction                    hash=0x8248bbd225fa6dd65c9beb8777c9336d8fef046ad6d413b8f06101513b4c8e18 from=0x225bD09Ef41092086C35444d335Df887A0691eD0 nonce=35 recipient=0x7dc4d193051240848c7F4F19679e8514B148080f value=0
INFO [06-01|05:46:42.443] Submitted transaction                    hash=0xf7f20eb79eb0b52d7ebcdf4e3495fc81c12fa76ddc21f1adc8e65c0f8f721e7b from=0x0A114598D397AB388E751b917300055F2904166F nonce=35 recipient=0x7dc4d193051240848c7F4F19679e8514B148080f value=0
INFO [06-01|05:46:42.522] Starting work on payload                 id=0x0368f26a411905a1
INFO [06-01|05:46:42.562] Updated payload                          id=0x0368f26a411905a1 number=94 hash=5e4daa..281206 txs=5 withdrawals=0 gas=334,175    fees=0.00066835     root=1cf146..98474b elapsed=40.014ms
INFO [06-01|05:46:42.571] Stopping work on payload                 id=0x0368f26a411905a1 reason=delivery
WARN [06-01|05:46:42.635] {"level":"warn","msg":"Slow block","block":{"number":94,"hash":"0x5e4daa96e07f7e71e6c508a152b79fcc960ea51e16add5b9a268fe15c4281206","gas_used":334175,"tx_count":5},"timing":{"execution_ms":1.136022,"state_read_ms":17.591334,"state_hash_ms":26.370992,"commit_ms":23.899007,"total_ms":72.139901},"throughput":{"mgas_per_sec":4.632318527856033},"state_reads":{"accounts":26,"storage_slots":0,"code":1,"code_bytes":869},"state_writes":{"accounts":12,"accounts_deleted":0,"storage_slots":0,"storage_slots_deleted":0,"code":5,"code_bytes":5},"cache":{"account":{"hits":10,"misses":16,"hit_rate":38.46153846153847},"storage":{"hits":0,"misses":0,"hit_rate":0},"code":{"hits":1,"misses":0,"hit_rate":100,"hit_bytes":869,"miss_bytes":0}}}
INFO [06-01|05:46:42.635] Imported new potential chain segment     number=94 hash=5e4daa..281206 blocks=1 txs=5 mgas=0.334  elapsed=72.403ms    mgasps=4.615   triediffs=21.83MiB  triedirty=0.00B
INFO [06-01|05:46:42.635] Chain head was updated                   number=94 hash=5e4daa..281206 root=1cf146..98474b elapsed="103.499µs"
INFO [06-01|05:46:42.682] Submitted transaction                    hash=0x5ff1396e06868d5fc61f8983e8abcaa06338a0bf9de392e3e7777c2b61bb4202 from=0xbc7A668f0B1595d535B4a2de710461E1C6eba785 nonce=37 recipient=0x7dc4d193051240848c7F4F19679e8514B148080f value=0
INFO [06-01|05:46:42.923] Submitted transaction                    hash=0x5c4d47c9de619c22130d414fb3b723230acfffcac2e85e51255362c2cb5ace25 from=0x97D85277E62c57d15268b3E644cdbbDA3706fBEa nonce=37 recipient=0x7dc4d193051240848c7F4F19679e8514B148080f value=0
INFO [06-01|05:46:43.163] Submitted transaction                    hash=0xf47280d1cdd201908acf96e6c44e0cbde1ee1cd2c4a66cb49b6230424eb62a75 from=0x151775b94274FeE3696377A0B616a1221AC71326 nonce=37 recipient=0x7dc4d193051240848c7F4F19679e8514B148080f value=0
INFO [06-01|05:46:43.403] Submitted transaction                    hash=0x3c0ffde61916d8d36299366bc45960c6f7a860952cc66aef5e5b652a35c9f903 from=0xcA56D5B749835d8Ab9cA8c1c4123e9B5002Fc0Ff nonce=37 recipient=0x7dc4d193051240848c7F4F19679e8514B148080f value=0
INFO [06-01|05:46:43.640] Starting work on payload                 id=0x038f7857f3298305
INFO [06-01|05:46:43.643] Submitted transaction                    hash=0xc22d00abdf203cd6ab14b64903a53f85517a294669d6f849361643c90e57427f from=0xfB403fD865ddcc1C79F9987EDD0ADabC47C24bB9 nonce=37 recipient=0x7dc4d193051240848c7F4F19679e8514B148080f value=0
INFO [06-01|05:46:43.691] Updated payload                          id=0x038f7857f3298305 number=95 hash=973832..389f88 txs=4 withdrawals=0 gas=267,340    fees=0.00053468     root=6d7bff..7b67ac elapsed=51.111ms
INFO [06-01|05:46:43.692] Stopping work on payload                 id=0x038f7857f3298305 reason=delivery
WARN [06-01|05:46:43.729] {"level":"warn","msg":"Slow block","block":{"number":95,"hash":"0x973832d183be6e30ffa893c58e404c2bf77b892fe36da5d09e60fd15cf389f88","gas_used":267340,"tx_count":4},"timing":{"execution_ms":0.374079,"state_read_ms":17.92569,"state_hash_ms":15.839084,"commit_ms":3.090278,"total_ms":37.430261},"throughput":{"mgas_per_sec":7.142349341352442},"state_reads":{"accounts":22,"storage_slots":0,"code":1,"code_bytes":869},"state_writes":{"accounts":10,"accounts_deleted":0,"storage_slots":0,"storage_slots_deleted":0,"code":4,"code_bytes":4},"cache":{"account":{"hits":16,"misses":6,"hit_rate":72.72727272727273},"storage":{"hits":0,"misses":0,"hit_rate":0},"code":{"hits":1,"misses":0,"hit_rate":100,"hit_bytes":869,"miss_bytes":0}}}
INFO [06-01|05:46:43.729] Imported new potential chain segment     number=95 hash=973832..389f88 blocks=1 txs=4 mgas=0.267  elapsed=37.585ms    mgasps=7.113   triediffs=21.87MiB  triedirty=0.00B
INFO [06-01|05:46:43.729] Chain head was updated                   number=95 hash=973832..389f88 root=6d7bff..7b67ac elapsed="84.957µs"
INFO [06-01|05:46:43.883] Submitted transaction                    hash=0xddbd41d5548175fd22fd4808918f70913c3485f96fa88d3b0f8de0fa68334b9f from=0x9e8E8A4256457eF170586329D9a01487aA0bA29e nonce=37 recipient=0x7dc4d193051240848c7F4F19679e8514B148080f value=0
INFO [06-01|05:46:44.123] Submitted transaction                    hash=0xbf98fca49408731b65ec4d2f0239a0c9e784e3745b8004a25cdaf2e0a510bb6e from=0x5AFc7eaFAA1e34De8e6fB9b014CFD08b18377F26 nonce=36 recipient=0x7dc4d193051240848c7F4F19679e8514B148080f value=0
INFO [06-01|05:46:44.363] Submitted transaction                    hash=0xef48de66ee73321ea848cc37b6d62e65017965feffbc7f509657d64a91520c50 from=0x513978fc4d7fF9951AA177D59C7A1b9AA777119a nonce=36 recipient=0x7dc4d193051240848c7F4F19679e8514B148080f value=0
INFO [06-01|05:46:44.602] Submitted transaction                    hash=0x98f8d96b6908b6acf7d48750e5aea2a6bea528c78efb251ff7d1b34ad892a08c from=0x225bD09Ef41092086C35444d335Df887A0691eD0 nonce=36 recipient=0x7dc4d193051240848c7F4F19679e8514B148080f value=0
INFO [06-01|05:46:44.735] Starting work on payload                 id=0x03d347b337d3799a
INFO [06-01|05:46:44.786] Updated payload                          id=0x03d347b337d3799a number=96 hash=986922..5c0017 txs=5 withdrawals=0 gas=334,175    fees=0.00066835     root=f4b8ed..2e2d38 elapsed=51.313ms
INFO [06-01|05:46:44.787] Stopping work on payload                 id=0x03d347b337d3799a reason=delivery
WARN [06-01|05:46:44.837] {"level":"warn","msg":"Slow block","block":{"number":96,"hash":"0x986922d01bf6263c0ab1408b1e0b408c6146085a36aa6e5a652af19ce05c0017","gas_used":334175,"tx_count":5},"timing":{"execution_ms":0.404479,"state_read_ms":26.072361,"state_hash_ms":6.866778,"commit_ms":16.160046,"total_ms":49.68676},"throughput":{"mgas_per_sec":6.725634756623293},"state_reads":{"accounts":26,"storage_slots":0,"code":1,"code_bytes":869},"state_writes":{"accounts":12,"accounts_deleted":0,"storage_slots":0,"storage_slots_deleted":0,"code":5,"code_bytes":5},"cache":{"account":{"hits":21,"misses":5,"hit_rate":80.76923076923077},"storage":{"hits":0,"misses":0,"hit_rate":0},"code":{"hits":1,"misses":0,"hit_rate":100,"hit_bytes":869,"miss_bytes":0}}}
INFO [06-01|05:46:44.837] Imported new potential chain segment     number=96 hash=986922..5c0017 blocks=1 txs=5 mgas=0.334  elapsed=49.875ms    mgasps=6.700   triediffs=21.92MiB  triedirty=0.00B
INFO [06-01|05:46:44.837] Chain head was updated                   number=96 hash=986922..5c0017 root=f4b8ed..2e2d38 elapsed="96.284µs"
INFO [06-01|05:46:44.842] Submitted transaction                    hash=0x0080d2cea9ddd9bbe2c519d0c196b04565a8d91a4f2dd9b838a946314efa3109 from=0x0A114598D397AB388E751b917300055F2904166F nonce=36 recipient=0x7dc4d193051240848c7F4F19679e8514B148080f value=0
INFO [06-01|05:46:45.083] Submitted transaction                    hash=0x76828a5f19990ab0dbbddab5453315d9c319cc092e73e40f100cfbb775ba7fcd from=0xbc7A668f0B1595d535B4a2de710461E1C6eba785 nonce=38 recipient=0x7dc4d193051240848c7F4F19679e8514B148080f value=0
INFO [06-01|05:46:45.323] Submitted transaction                    hash=0x7bbb6cd4f5be0455c9313da7812ddffcbad4543966da9b7b2b455270af2d86ab from=0x97D85277E62c57d15268b3E644cdbbDA3706fBEa nonce=38 recipient=0x7dc4d193051240848c7F4F19679e8514B148080f value=0
INFO [06-01|05:46:45.563] Submitted transaction                    hash=0x5139818452ce39699a72074ed31a9b6020e210bf4f1a8b39801d1895d0fba777 from=0x151775b94274FeE3696377A0B616a1221AC71326 nonce=38 recipient=0x7dc4d193051240848c7F4F19679e8514B148080f value=0
INFO [06-01|05:46:45.803] Submitted transaction                    hash=0x2f24a5050d2d01eea0cab44e20030dbf64fefa938281db3a68d97024ad67621a from=0xcA56D5B749835d8Ab9cA8c1c4123e9B5002Fc0Ff nonce=38 recipient=0x7dc4d193051240848c7F4F19679e8514B148080f value=0
INFO [06-01|05:46:45.843] Starting work on payload                 id=0x0356b9baa9093942
INFO [06-01|05:46:45.896] Updated payload                          id=0x0356b9baa9093942 number=97 hash=fd6e99..2a388a txs=5 withdrawals=0 gas=334,175    fees=0.00066835     root=93981b..dee34a elapsed=53.130ms
INFO [06-01|05:46:45.896] Stopping work on payload                 id=0x0356b9baa9093942 reason=delivery
WARN [06-01|05:46:45.932] {"level":"warn","msg":"Slow block","block":{"number":97,"hash":"0xfd6e99cc800272a7db224f7516cc77af97318dfbc64f41131baa13945f2a388a","gas_used":334175,"tx_count":5},"timing":{"execution_ms":0.659648,"state_read_ms":13.087682,"state_hash_ms":14.082792,"commit_ms":7.10018,"total_ms":35.405621},"throughput":{"mgas_per_sec":9.438473060534653},"state_reads":{"accounts":26,"storage_slots":0,"code":1,"code_bytes":869},"state_writes":{"accounts":12,"accounts_deleted":0,"storage_slots":0,"storage_slots_deleted":0,"code":5,"code_bytes":5},"cache":{"account":{"hits":21,"misses":5,"hit_rate":80.76923076923077},"storage":{"hits":0,"misses":0,"hit_rate":0},"code":{"hits":1,"misses":0,"hit_rate":100,"hit_bytes":869,"miss_bytes":0}}}
INFO [06-01|05:46:45.932] Imported new potential chain segment     number=97 hash=fd6e99..2a388a blocks=1 txs=5 mgas=0.334  elapsed=35.643ms    mgasps=9.376   triediffs=21.97MiB  triedirty=0.00B
INFO [06-01|05:46:45.932] Chain head was updated                   number=97 hash=fd6e99..2a388a root=93981b..dee34a elapsed="112.09µs"
INFO [06-01|05:46:46.043] Submitted transaction                    hash=0x1fcb4a6d6d7d1e12692e69f899e0bcac38f0f94632798947e79315cc501adc2a from=0xfB403fD865ddcc1C79F9987EDD0ADabC47C24bB9 nonce=38 recipient=0x7dc4d193051240848c7F4F19679e8514B148080f value=0
INFO [06-01|05:46:46.282] Submitted transaction                    hash=0x5c884e68b1ac2a57a9c6157e5aa7843897d3b4684c173680b22070993d7657c8 from=0x9e8E8A4256457eF170586329D9a01487aA0bA29e nonce=38 recipient=0x7dc4d193051240848c7F4F19679e8514B148080f value=0
INFO [06-01|05:46:46.522] Submitted transaction                    hash=0x621f3bc01fe08e267d13517bcbef4838e2f371ec65e4f8a4e34e6a05889fc0b2 from=0x5AFc7eaFAA1e34De8e6fB9b014CFD08b18377F26 nonce=37 recipient=0x7dc4d193051240848c7F4F19679e8514B148080f value=0
INFO [06-01|05:46:46.762] Submitted transaction                    hash=0x3ebc640980fa954fd2a88671ec1d8019bfa866e1bafd23d3a1793c70d555b5ce from=0x513978fc4d7fF9951AA177D59C7A1b9AA777119a nonce=37 recipient=0x7dc4d193051240848c7F4F19679e8514B148080f value=0
INFO [06-01|05:46:46.947] Starting work on payload                 id=0x03585f995be57c22
INFO [06-01|05:46:46.992] Updated payload                          id=0x03585f995be57c22 number=98 hash=e6bb41..5cf21f txs=4 withdrawals=0 gas=267,340    fees=0.00053468     root=094734..efef1e elapsed=44.380ms
INFO [06-01|05:46:46.992] Stopping work on payload                 id=0x03585f995be57c22 reason=delivery
INFO [06-01|05:46:47.002] Submitted transaction                    hash=0x69de44cccd9f9b9bd3a1a7cccaaf498b0d49747c4ae495d8d8cd3cc2b47377a2 from=0x225bD09Ef41092086C35444d335Df887A0691eD0 nonce=37 recipient=0x7dc4d193051240848c7F4F19679e8514B148080f value=0
WARN [06-01|05:46:47.033] {"level":"warn","msg":"Slow block","block":{"number":98,"hash":"0xe6bb410ec78011f2047e0fc92656c0ed5f84d6abee4d43b84c153bb6165cf21f","gas_used":267340,"tx_count":4},"timing":{"execution_ms":0.333419,"state_read_ms":3.331486,"state_hash_ms":29.195049,"commit_ms":5.754021,"total_ms":40.824515},"throughput":{"mgas_per_sec":6.548516253040606},"state_reads":{"accounts":22,"storage_slots":0,"code":1,"code_bytes":869},"state_writes":{"accounts":10,"accounts_deleted":0,"storage_slots":0,"storage_slots_deleted":0,"code":4,"code_bytes":4},"cache":{"account":{"hits":17,"misses":5,"hit_rate":77.27272727272727},"storage":{"hits":0,"misses":0,"hit_rate":0},"code":{"hits":1,"misses":0,"hit_rate":100,"hit_bytes":869,"miss_bytes":0}}}
INFO [06-01|05:46:47.033] Imported new potential chain segment     number=98 hash=e6bb41..5cf21f blocks=1 txs=4 mgas=0.267  elapsed=40.998ms    mgasps=6.521   triediffs=22.01MiB  triedirty=0.00B
INFO [06-01|05:46:47.033] Chain head was updated                   number=98 hash=e6bb41..5cf21f root=094734..efef1e elapsed="87.528µs"
INFO [06-01|05:46:47.243] Submitted transaction                    hash=0x76b85c8568cd63d605ab206e34647a64adfbc83b597beb070790b6de38f14a71 from=0x0A114598D397AB388E751b917300055F2904166F nonce=37 recipient=0x7dc4d193051240848c7F4F19679e8514B148080f value=0
INFO [06-01|05:46:47.482] Submitted transaction                    hash=0x34f561f451eee38dd68f3f712558d96236eb4d0cd21a39530a9fc2ce9eeb583a from=0xbc7A668f0B1595d535B4a2de710461E1C6eba785 nonce=39 recipient=0x7dc4d193051240848c7F4F19679e8514B148080f value=0
INFO [06-01|05:46:47.723] Submitted transaction                    hash=0x1b12fdc345361352e43af9e4aaca8526ebccf98ae1b5fa1049642d6e55c26546 from=0x97D85277E62c57d15268b3E644cdbbDA3706fBEa nonce=39 recipient=0x7dc4d193051240848c7F4F19679e8514B148080f value=0
INFO [06-01|05:46:47.962] Submitted transaction                    hash=0x3906c68bb55b3bcf6bea46080ae3da8b0f140dd0bf6b1a3e177b9625eb9ed608 from=0x151775b94274FeE3696377A0B616a1221AC71326 nonce=39 recipient=0x7dc4d193051240848c7F4F19679e8514B148080f value=0
INFO [06-01|05:46:48.055] Starting work on payload                 id=0x03c27c9be28614f7
INFO [06-01|05:46:48.093] Updated payload                          id=0x03c27c9be28614f7 number=99 hash=f9bd4e..f4b7b8 txs=5 withdrawals=0 gas=334,175    fees=0.00066835     root=f7890b..a12a32 elapsed=37.882ms
INFO [06-01|05:46:48.097] Stopping work on payload                 id=0x03c27c9be28614f7 reason=delivery
WARN [06-01|05:46:48.159] {"level":"warn","msg":"Slow block","block":{"number":99,"hash":"0xf9bd4e062c03e32b639642cbef0ed8f238f0e841be96f289925a4af167f4b7b8","gas_used":334175,"tx_count":5},"timing":{"execution_ms":0.985154,"state_read_ms":12.845284,"state_hash_ms":25.600415,"commit_ms":23.578218,"total_ms":65.154779},"throughput":{"mgas_per_sec":5.128940733572283},"state_reads":{"accounts":26,"storage_slots":0,"code":1,"code_bytes":869},"state_writes":{"accounts":12,"accounts_deleted":0,"storage_slots":0,"storage_slots_deleted":0,"code":5,"code_bytes":5},"cache":{"account":{"hits":11,"misses":15,"hit_rate":42.30769230769231},"storage":{"hits":0,"misses":0,"hit_rate":0},"code":{"hits":1,"misses":0,"hit_rate":100,"hit_bytes":869,"miss_bytes":0}}}
INFO [06-01|05:46:48.159] Imported new potential chain segment     number=99 hash=f9bd4e..f4b7b8 blocks=1 txs=5 mgas=0.334  elapsed=65.358ms    mgasps=5.113   triediffs=22.05MiB  triedirty=0.00B
INFO [06-01|05:46:48.160] Chain head was updated                   number=99 hash=f9bd4e..f4b7b8 root=f7890b..a12a32 elapsed="97.215µs"
INFO [06-01|05:46:48.203] Submitted transaction                    hash=0x7789be9680620ee3c1dbce0fa955bf735abbf239898e65614a90d57e39c70b8e from=0xcA56D5B749835d8Ab9cA8c1c4123e9B5002Fc0Ff nonce=39 recipient=0x7dc4d193051240848c7F4F19679e8514B148080f value=0
INFO [06-01|05:46:48.443] Submitted transaction                    hash=0x92bb68e257ac60b4d8d2417ab61b8d2ead571600a699c20636d64748b42da7e3 from=0xfB403fD865ddcc1C79F9987EDD0ADabC47C24bB9 nonce=39 recipient=0x7dc4d193051240848c7F4F19679e8514B148080f value=0
INFO [06-01|05:46:48.683] Submitted transaction                    hash=0x1c60c9998711e69330f507c70a827cdb66600b14edd6214bae85670faa6d1f1a from=0x9e8E8A4256457eF170586329D9a01487aA0bA29e nonce=39 recipient=0x7dc4d193051240848c7F4F19679e8514B148080f value=0
INFO [06-01|05:46:48.923] Submitted transaction                    hash=0x38f9543e7dd186875d52529f14be03823257e1f1013de48de639fcc8e68c6ba7 from=0x5AFc7eaFAA1e34De8e6fB9b014CFD08b18377F26 nonce=38 recipient=0x7dc4d193051240848c7F4F19679e8514B148080f value=0
INFO [06-01|05:46:49.163] Submitted transaction                    hash=0x331d928f273ce3320514e8d9b215f14fec4ba62b58fb75804d9416a7878d1668 from=0x513978fc4d7fF9951AA177D59C7A1b9AA777119a nonce=38 recipient=0x7dc4d193051240848c7F4F19679e8514B148080f value=0
INFO [06-01|05:46:49.165] Starting work on payload                 id=0x0383e156df629d0b
INFO [06-01|05:46:49.216] Updated payload                          id=0x0383e156df629d0b number=100 hash=0be54d..bf5704 txs=5 withdrawals=0 gas=334,175    fees=0.00066835     root=13ba06..7a2eb2 elapsed=50.979ms
INFO [06-01|05:46:49.216] Stopping work on payload                 id=0x0383e156df629d0b reason=delivery
WARN [06-01|05:46:49.255] {"level":"warn","msg":"Slow block","block":{"number":100,"hash":"0x0be54d50f3a7df3793965f2d5a0bbc37a6e225a20aaf5d2f6d9d4f91cbbf5704","gas_used":334175,"tx_count":5},"timing":{"execution_ms":0.756249,"state_read_ms":4.495095,"state_hash_ms":28.959384,"commit_ms":3.054303,"total_ms":38.614883},"throughput":{"mgas_per_sec":8.654046679359356},"state_reads":{"accounts":26,"storage_slots":0,"code":1,"code_bytes":869},"state_writes":{"accounts":12,"accounts_deleted":0,"storage_slots":0,"storage_slots_deleted":0,"code":5,"code_bytes":5},"cache":{"account":{"hits":19,"misses":7,"hit_rate":73.07692307692307},"storage":{"hits":0,"misses":0,"hit_rate":0},"code":{"hits":1,"misses":0,"hit_rate":100,"hit_bytes":869,"miss_bytes":0}}}
INFO [06-01|05:46:49.255] Imported new potential chain segment     number=100 hash=0be54d..bf5704 blocks=1 txs=5 mgas=0.334  elapsed=38.821ms    mgasps=8.608   triediffs=22.10MiB  triedirty=0.00B
INFO [06-01|05:46:49.255] Chain head was updated                   number=100 hash=0be54d..bf5704 root=13ba06..7a2eb2 elapsed="95.734µs"
INFO [06-01|05:46:49.402] Submitted transaction                    hash=0x98de87d473e6025af75e9fe4622252175245326a7c8288c2c6b99321af0d5b87 from=0x225bD09Ef41092086C35444d335Df887A0691eD0 nonce=38 recipient=0x7dc4d193051240848c7F4F19679e8514B148080f value=0
INFO [06-01|05:46:49.643] Submitted transaction                    hash=0xe9976826579397bb8315ababdef5e809ff06de92cd886f4bd8cc40c5937dafb8 from=0x0A114598D397AB388E751b917300055F2904166F nonce=38 recipient=0x7dc4d193051240848c7F4F19679e8514B148080f value=0
INFO [06-01|05:46:49.883] Submitted transaction                    hash=0x724f7a4936adb48ab48b4cd2d06639f73bce900496545b36f91bcf0cbb06b52c from=0xbc7A668f0B1595d535B4a2de710461E1C6eba785 nonce=40 recipient=0x7dc4d193051240848c7F4F19679e8514B148080f value=0
INFO [06-01|05:46:50.123] Submitted transaction                    hash=0xa4c42453850ccc26ffcab5aca521ecba3dcd2bac1ca5148ce1552a49cbc256e2 from=0x97D85277E62c57d15268b3E644cdbbDA3706fBEa nonce=40 recipient=0x7dc4d193051240848c7F4F19679e8514B148080f value=0
INFO [06-01|05:46:50.271] Starting work on payload                 id=0x039b11fee89ca968
INFO [06-01|05:46:50.307] Updated payload                          id=0x039b11fee89ca968 number=101 hash=bce0b0..f00442 txs=4 withdrawals=0 gas=267,340    fees=0.00053468     root=1ecdb8..837115 elapsed=35.516ms
INFO [06-01|05:46:50.309] Stopping work on payload                 id=0x039b11fee89ca968 reason=delivery
WARN [06-01|05:46:50.361] {"level":"warn","msg":"Slow block","block":{"number":101,"hash":"0xbce0b093bd250b465dfef6707623f4d6c253fd13d17c21d60902db45ebf00442","gas_used":267340,"tx_count":4},"timing":{"execution_ms":0.737785,"state_read_ms":13.147423,"state_hash_ms":26.335844,"commit_ms":13.363767,"total_ms":53.818664},"throughput":{"mgas_per_sec":4.96742171080278},"state_reads":{"accounts":22,"storage_slots":0,"code":1,"code_bytes":869},"state_writes":{"accounts":10,"accounts_deleted":0,"storage_slots":0,"storage_slots_deleted":0,"code":4,"code_bytes":4},"cache":{"account":{"hits":11,"misses":11,"hit_rate":50},"storage":{"hits":0,"misses":0,"hit_rate":0},"code":{"hits":1,"misses":0,"hit_rate":100,"hit_bytes":869,"miss_bytes":0}}}
INFO [06-01|05:46:50.361] Imported new potential chain segment     number=101 hash=bce0b0..f00442 blocks=1 txs=4 mgas=0.267  elapsed=54.081ms    mgasps=4.943   triediffs=22.14MiB  triedirty=0.00B
INFO [06-01|05:46:50.362] Chain head was updated                   number=101 hash=bce0b0..f00442 root=1ecdb8..837115 elapsed="197.696µs"
INFO [06-01|05:46:50.366] Submitted transaction                    hash=0xa089d3bb08034f4f1abc280280e751af6ac3f6bc99a5cf9f85a42959a746e8d4 from=0x151775b94274FeE3696377A0B616a1221AC71326 nonce=40 recipient=0x7dc4d193051240848c7F4F19679e8514B148080f value=0
INFO [06-01|05:46:50.603] Submitted transaction                    hash=0xb698154811cebacfb902162ffb8519a54f078040eeb758802e8a7640175b419b from=0xcA56D5B749835d8Ab9cA8c1c4123e9B5002Fc0Ff nonce=40 recipient=0x7dc4d193051240848c7F4F19679e8514B148080f value=0
INFO [06-01|05:46:50.843] Submitted transaction                    hash=0xb6d5b323351a07d48cccdb4d2fc336b3525e2c566c4224537f6383b84f6d41aa from=0xfB403fD865ddcc1C79F9987EDD0ADabC47C24bB9 nonce=40 recipient=0x7dc4d193051240848c7F4F19679e8514B148080f value=0
INFO [06-01|05:46:51.083] Submitted transaction                    hash=0x5b4282a65f33ba145f7da909753e03b04ecf44633ee325f340f031fe5d438449 from=0x9e8E8A4256457eF170586329D9a01487aA0bA29e nonce=40 recipient=0x7dc4d193051240848c7F4F19679e8514B148080f value=0
INFO [06-01|05:46:51.323] Submitted transaction                    hash=0x5d9cdadc9bb56663c25b3656df8d2c814f04e67f149255589a359e46d7af1322 from=0x5AFc7eaFAA1e34De8e6fB9b014CFD08b18377F26 nonce=39 recipient=0x7dc4d193051240848c7F4F19679e8514B148080f value=0
INFO [06-01|05:46:51.366] Starting work on payload                 id=0x03259b08ba325ef5
INFO [06-01|05:46:51.411] Updated payload                          id=0x03259b08ba325ef5 number=102 hash=37f2de..cae473 txs=5 withdrawals=0 gas=334,175    fees=0.00066835     root=1295d4..7300fd elapsed=45.375ms
INFO [06-01|05:46:51.412] Stopping work on payload                 id=0x03259b08ba325ef5 reason=delivery
WARN [06-01|05:46:51.452] {"level":"warn","msg":"Slow block","block":{"number":102,"hash":"0x37f2de5519db57951112f1f495e34e2e6e23c8935f0b88b1e19e6664f6cae473","gas_used":334175,"tx_count":5},"timing":{"execution_ms":1.150904,"state_read_ms":16.083399,"state_hash_ms":19.516827,"commit_ms":3.025898,"total_ms":39.983161},"throughput":{"mgas_per_sec":8.357893464201092},"state_reads":{"accounts":26,"storage_slots":0,"code":1,"code_bytes":869},"state_writes":{"accounts":12,"accounts_deleted":0,"storage_slots":0,"storage_slots_deleted":0,"code":5,"code_bytes":5},"cache":{"account":{"hits":22,"misses":4,"hit_rate":84.61538461538461},"storage":{"hits":0,"misses":0,"hit_rate":0},"code":{"hits":1,"misses":0,"hit_rate":100,"hit_bytes":869,"miss_bytes":0}}}
INFO [06-01|05:46:51.452] Imported new potential chain segment     number=102 hash=37f2de..cae473 blocks=1 txs=5 mgas=0.334  elapsed=40.163ms    mgasps=8.320   triediffs=22.18MiB  triedirty=0.00B
INFO [06-01|05:46:51.452] Chain head was updated                   number=102 hash=37f2de..cae473 root=1295d4..7300fd elapsed="106.191µs"
INFO [06-01|05:46:51.563] Submitted transaction                    hash=0x91a33833dc464552415cdd05ea9f8c740aefe8d2fde779ece3dfbb72cb0a6a18 from=0x513978fc4d7fF9951AA177D59C7A1b9AA777119a nonce=39 recipient=0x7dc4d193051240848c7F4F19679e8514B148080f value=0
INFO [06-01|05:46:51.802] Submitted transaction                    hash=0x6fafacd32b0d1671ea12bd8d46a4f025ee65dc209c7aaa6e3c986ddf7fd4cc1d from=0x225bD09Ef41092086C35444d335Df887A0691eD0 nonce=39 recipient=0x7dc4d193051240848c7F4F19679e8514B148080f value=0
INFO [06-01|05:46:52.043] Submitted transaction                    hash=0xa55a33b47e12ca2c7512a9acfa2a7ec5a08297e18658ada34ce836e229f57497 from=0x0A114598D397AB388E751b917300055F2904166F nonce=39 recipient=0x7dc4d193051240848c7F4F19679e8514B148080f value=0
INFO [06-01|05:46:52.283] Submitted transaction                    hash=0x2ab3abc532f67ec05d09b1663376bcbd7c6f141ed5771b804ac4da3afaab34b1 from=0xbc7A668f0B1595d535B4a2de710461E1C6eba785 nonce=41 recipient=0x7dc4d193051240848c7F4F19679e8514B148080f value=0
INFO [06-01|05:46:52.463] Starting work on payload                 id=0x038ef0fdcc00e608
INFO [06-01|05:46:52.494] Updated payload                          id=0x038ef0fdcc00e608 number=103 hash=fe103d..9359b9 txs=4 withdrawals=0 gas=267,340    fees=0.00053468     root=7f4fc4..32573e elapsed=31.071ms
INFO [06-01|05:46:52.495] Stopping work on payload                 id=0x038ef0fdcc00e608 reason=delivery
INFO [06-01|05:46:52.523] Submitted transaction                    hash=0x4d2f046cdaba8c35eeb96ee46052bd668567847496028735972a7acfec082fc1 from=0x97D85277E62c57d15268b3E644cdbbDA3706fBEa nonce=41 recipient=0x7dc4d193051240848c7F4F19679e8514B148080f value=0
WARN [06-01|05:46:52.529] {"level":"warn","msg":"Slow block","block":{"number":103,"hash":"0xfe103d423b3f692b07f3927d6958bd6714388b18bd20ece4050dec1f999359b9","gas_used":267340,"tx_count":4},"timing":{"execution_ms":0.431209,"state_read_ms":15.490943,"state_hash_ms":15.370376,"commit_ms":2.939426,"total_ms":34.427029},"throughput":{"mgas_per_sec":7.765410137482383},"state_reads":{"accounts":22,"storage_slots":0,"code":1,"code_bytes":869},"state_writes":{"accounts":10,"accounts_deleted":0,"storage_slots":0,"storage_slots_deleted":0,"code":4,"code_bytes":4},"cache":{"account":{"hits":15,"misses":7,"hit_rate":68.18181818181817},"storage":{"hits":0,"misses":0,"hit_rate":0},"code":{"hits":1,"misses":0,"hit_rate":100,"hit_bytes":869,"miss_bytes":0}}}
INFO [06-01|05:46:52.529] Imported new potential chain segment     number=103 hash=fe103d..9359b9 blocks=1 txs=4 mgas=0.267  elapsed=34.583ms    mgasps=7.730   triediffs=22.22MiB  triedirty=0.00B
INFO [06-01|05:46:52.530] Chain head was updated                   number=103 hash=fe103d..9359b9 root=7f4fc4..32573e elapsed="84.156µs"
INFO [06-01|05:46:52.762] Submitted transaction                    hash=0xe521319b75436c5496e97f9b69c27be3926811b695d239926d853a16358d6a5f from=0x151775b94274FeE3696377A0B616a1221AC71326 nonce=41 recipient=0x7dc4d193051240848c7F4F19679e8514B148080f value=0
INFO [06-01|05:46:53.003] Submitted transaction                    hash=0xc3fba4f4f66111735889ca45c4bd9ae365385291b43ff69e2db813d37e88c6f3 from=0xcA56D5B749835d8Ab9cA8c1c4123e9B5002Fc0Ff nonce=41 recipient=0x7dc4d193051240848c7F4F19679e8514B148080f value=0
INFO [06-01|05:46:53.242] Submitted transaction                    hash=0x8a217a4efebe24cb0895fecd1d2324154e52ee9c91cf0c92de4c5aa75b702124 from=0xfB403fD865ddcc1C79F9987EDD0ADabC47C24bB9 nonce=41 recipient=0x7dc4d193051240848c7F4F19679e8514B148080f value=0
INFO [06-01|05:46:53.483] Submitted transaction                    hash=0xbdfddc0b381f17b97df3053e4a0dca97a87fc38d2ee291d96f97cce7cd213c35 from=0x9e8E8A4256457eF170586329D9a01487aA0bA29e nonce=41 recipient=0x7dc4d193051240848c7F4F19679e8514B148080f value=0
INFO [06-01|05:46:53.536] Starting work on payload                 id=0x032753e0034f4f2b
INFO [06-01|05:46:53.575] Updated payload                          id=0x032753e0034f4f2b number=104 hash=63ec81..26606d txs=5 withdrawals=0 gas=334,175    fees=0.00066835     root=0c3d28..cce47c elapsed=38.657ms
INFO [06-01|05:46:53.575] Stopping work on payload                 id=0x032753e0034f4f2b reason=delivery
WARN [06-01|05:46:53.613] {"level":"warn","msg":"Slow block","block":{"number":104,"hash":"0x63ec81c8b36dc4897a8c02d5cf63e261a9155fdcb66ef4644b3d7f7ef226606d","gas_used":334175,"tx_count":5},"timing":{"execution_ms":0.986724,"state_read_ms":16.80826,"state_hash_ms":15.932062,"commit_ms":3.126518,"total_ms":37.055933},"throughput":{"mgas_per_sec":9.018124034280826},"state_reads":{"accounts":26,"storage_slots":0,"code":1,"code_bytes":869},"state_writes":{"accounts":12,"accounts_deleted":0,"storage_slots":0,"storage_slots_deleted":0,"code":5,"code_bytes":5},"cache":{"account":{"hits":21,"misses":5,"hit_rate":80.76923076923077},"storage":{"hits":0,"misses":0,"hit_rate":0},"code":{"hits":1,"misses":0,"hit_rate":100,"hit_bytes":869,"miss_bytes":0}}}
INFO [06-01|05:46:53.613] Imported new potential chain segment     number=104 hash=63ec81..26606d blocks=1 txs=5 mgas=0.334  elapsed=37.258ms    mgasps=8.969   triediffs=22.26MiB  triedirty=0.00B
INFO [06-01|05:46:53.613] Chain head was updated                   number=104 hash=63ec81..26606d root=0c3d28..cce47c elapsed="104.585µs"
INFO [06-01|05:46:53.723] Submitted transaction                    hash=0xf508fdfc3ec158178e0664f4b5aebf208687c104587bb0675e1e6e88b6141a43 from=0x5AFc7eaFAA1e34De8e6fB9b014CFD08b18377F26 nonce=40 recipient=0x7dc4d193051240848c7F4F19679e8514B148080f value=0
INFO [06-01|05:46:53.963] Submitted transaction                    hash=0x95bd16b0db1633463a1090ce113aac30f99aa3126ab5daca83ada2183912b92e from=0x513978fc4d7fF9951AA177D59C7A1b9AA777119a nonce=40 recipient=0x7dc4d193051240848c7F4F19679e8514B148080f value=0
INFO [06-01|05:46:54.203] Submitted transaction                    hash=0xa1bf6a5c26e1037755985db0912a6a3c46af929407107adbb6bca4fd8284db9c from=0x225bD09Ef41092086C35444d335Df887A0691eD0 nonce=40 recipient=0x7dc4d193051240848c7F4F19679e8514B148080f value=0
INFO [06-01|05:46:54.443] Submitted transaction                    hash=0xe4cde2d6c51259713d5403e04bda30f58a520ac60d21e1826d5957658012435f from=0x0A114598D397AB388E751b917300055F2904166F nonce=40 recipient=0x7dc4d193051240848c7F4F19679e8514B148080f value=0
INFO [06-01|05:46:54.621] Starting work on payload                 id=0x0362a2aa57cddbe1
INFO [06-01|05:46:54.654] Updated payload                          id=0x0362a2aa57cddbe1 number=105 hash=2ded81..346972 txs=4 withdrawals=0 gas=267,340    fees=0.00053468     root=fe1f73..1a0be8 elapsed=33.450ms
INFO [06-01|05:46:54.656] Stopping work on payload                 id=0x0362a2aa57cddbe1 reason=delivery
INFO [06-01|05:46:54.683] Submitted transaction                    hash=0xd85c36049808571647e4784b5eaca6881a398cf3a1f40258daac704943aec5bf from=0xbc7A668f0B1595d535B4a2de710461E1C6eba785 nonce=42 recipient=0x7dc4d193051240848c7F4F19679e8514B148080f value=0
WARN [06-01|05:46:54.704] {"level":"warn","msg":"Slow block","block":{"number":105,"hash":"0x2ded81c4d79314d6b91d4f481c355f9818b943def9f89118ee09c97085346972","gas_used":267340,"tx_count":4},"timing":{"execution_ms":0.834341,"state_read_ms":17.260551,"state_hash_ms":18.002029,"commit_ms":12.5081,"total_ms":48.818536},"throughput":{"mgas_per_sec":5.476198630782373},"state_reads":{"accounts":22,"storage_slots":0,"code":1,"code_bytes":869},"state_writes":{"accounts":10,"accounts_deleted":0,"storage_slots":0,"storage_slots_deleted":0,"code":4,"code_bytes":4},"cache":{"account":{"hits":9,"misses":13,"hit_rate":40.909090909090914},"storage":{"hits":0,"misses":0,"hit_rate":0},"code":{"hits":1,"misses":0,"hit_rate":100,"hit_bytes":869,"miss_bytes":0}}}
INFO [06-01|05:46:54.704] Imported new potential chain segment     number=105 hash=2ded81..346972 blocks=1 txs=4 mgas=0.267  elapsed=49.059ms    mgasps=5.449   triediffs=22.30MiB  triedirty=0.00B
INFO [06-01|05:46:54.704] Chain head was updated                   number=105 hash=2ded81..346972 root=fe1f73..1a0be8 elapsed="90.502µs"
INFO [06-01|05:46:54.923] Submitted transaction                    hash=0x695c9df5836b8979f191a12ffa82423c76814369553ed3ff2221e2b6f0996efb from=0x97D85277E62c57d15268b3E644cdbbDA3706fBEa nonce=42 recipient=0x7dc4d193051240848c7F4F19679e8514B148080f value=0
INFO [06-01|05:46:55.163] Submitted transaction                    hash=0xb8a280785faef64cae1257264a1a2db3759863e39928506be7d9d9b969e347b0 from=0x151775b94274FeE3696377A0B616a1221AC71326 nonce=42 recipient=0x7dc4d193051240848c7F4F19679e8514B148080f value=0
INFO [06-01|05:46:55.402] Submitted transaction                    hash=0x485f583068c5805d945cbd5fe533ec10ef436a43243427b3786be59e165221a4 from=0xcA56D5B749835d8Ab9cA8c1c4123e9B5002Fc0Ff nonce=42 recipient=0x7dc4d193051240848c7F4F19679e8514B148080f value=0
INFO [06-01|05:46:55.642] Submitted transaction                    hash=0xe7f487e8aa3c738d0b8cfe3502fc73a056777a83cfabd595e7a430046f9acb3e from=0xfB403fD865ddcc1C79F9987EDD0ADabC47C24bB9 nonce=42 recipient=0x7dc4d193051240848c7F4F19679e8514B148080f value=0
INFO [06-01|05:46:55.713] Starting work on payload                 id=0x03e614155afd7e9b
INFO [06-01|05:46:55.746] Updated payload                          id=0x03e614155afd7e9b number=106 hash=b39c7b..b069d5 txs=5 withdrawals=0 gas=334,175    fees=0.00066835     root=2bd4a4..ea88db elapsed=33.103ms
INFO [06-01|05:46:55.747] Stopping work on payload                 id=0x03e614155afd7e9b reason=delivery
WARN [06-01|05:46:55.784] {"level":"warn","msg":"Slow block","block":{"number":106,"hash":"0xb39c7bcabf2d999993dc1a8764f64fdf1d05ee07149e9c40ab0efd9124b069d5","gas_used":334175,"tx_count":5},"timing":{"execution_ms":0.64122,"state_read_ms":15.636584,"state_hash_ms":16.480129,"commit_ms":4.510944,"total_ms":37.489918},"throughput":{"mgas_per_sec":8.913729819307687},"state_reads":{"accounts":26,"storage_slots":0,"code":1,"code_bytes":869},"state_writes":{"accounts":12,"accounts_deleted":0,"storage_slots":0,"storage_slots_deleted":0,"code":5,"code_bytes":5},"cache":{"account":{"hits":17,"misses":9,"hit_rate":65.38461538461539},"storage":{"hits":0,"misses":0,"hit_rate":0},"code":{"hits":1,"misses":0,"hit_rate":100,"hit_bytes":869,"miss_bytes":0}}}
INFO [06-01|05:46:55.784] Imported new potential chain segment     number=106 hash=b39c7b..b069d5 blocks=1 txs=5 mgas=0.334  elapsed=37.693ms    mgasps=8.866   triediffs=22.35MiB  triedirty=0.00B
INFO [06-01|05:46:55.785] Chain head was updated                   number=106 hash=b39c7b..b069d5 root=2bd4a4..ea88db elapsed="174.14µs"
INFO [06-01|05:46:55.883] Submitted transaction                    hash=0x59304f13076deb22e8eb5b9c0b042c94a8a249d1b3d268bcc035360ee517192d from=0x9e8E8A4256457eF170586329D9a01487aA0bA29e nonce=42 recipient=0x7dc4d193051240848c7F4F19679e8514B148080f value=0
INFO [06-01|05:46:56.123] Submitted transaction                    hash=0xb4ae4be29d533fb8907e445a516f5fb5123ef72d89c6e0dab71c956a2f69786e from=0x5AFc7eaFAA1e34De8e6fB9b014CFD08b18377F26 nonce=41 recipient=0x7dc4d193051240848c7F4F19679e8514B148080f value=0
INFO [06-01|05:46:56.362] Submitted transaction                    hash=0x0331f100995de2491e978fd59a562eceda878fed41ec0add586a6ff89cd18f07 from=0x513978fc4d7fF9951AA177D59C7A1b9AA777119a nonce=41 recipient=0x7dc4d193051240848c7F4F19679e8514B148080f value=0
INFO [06-01|05:46:56.603] Submitted transaction                    hash=0x9b981fc59601cb9b614e8761410c8a1c2c7707304182f1ac14ac942ef0d571c0 from=0x225bD09Ef41092086C35444d335Df887A0691eD0 nonce=41 recipient=0x7dc4d193051240848c7F4F19679e8514B148080f value=0
INFO [06-01|05:46:56.790] Starting work on payload                 id=0x03b8f35872003c49
INFO [06-01|05:46:56.835] Updated payload                          id=0x03b8f35872003c49 number=107 hash=cbb7a0..f6296d txs=4 withdrawals=0 gas=267,340    fees=0.00053468     root=a2f8d5..542f51 elapsed=45.112ms
INFO [06-01|05:46:56.835] Stopping work on payload                 id=0x03b8f35872003c49 reason=delivery
INFO [06-01|05:46:56.846] Submitted transaction                    hash=0xf1aef9f63c818afe80999bb5066d9c838c04477530713ccf8c78be900345dd95 from=0x0A114598D397AB388E751b917300055F2904166F nonce=41 recipient=0x7dc4d193051240848c7F4F19679e8514B148080f value=0
WARN [06-01|05:46:56.886] {"level":"warn","msg":"Slow block","block":{"number":107,"hash":"0xcbb7a0e1625ccdc1fd6182ad1b10092e9408bada96dd234ffde92074f6f6296d","gas_used":267340,"tx_count":4},"timing":{"execution_ms":0.304171,"state_read_ms":15.775831,"state_hash_ms":19.191319,"commit_ms":15.391782,"total_ms":50.853333},"throughput":{"mgas_per_sec":5.257079216420289},"state_reads":{"accounts":22,"storage_slots":0,"code":1,"code_bytes":869},"state_writes":{"accounts":10,"accounts_deleted":0,"storage_slots":0,"storage_slots_deleted":0,"code":4,"code_bytes":4},"cache":{"account":{"hits":15,"misses":7,"hit_rate":68.18181818181817},"storage":{"hits":0,"misses":0,"hit_rate":0},"code":{"hits":1,"misses":0,"hit_rate":100,"hit_bytes":869,"miss_bytes":0}}}
INFO [06-01|05:46:56.886] Imported new potential chain segment     number=107 hash=cbb7a0..f6296d blocks=1 txs=4 mgas=0.267  elapsed=51.038ms    mgasps=5.238   triediffs=22.39MiB  triedirty=0.00B
INFO [06-01|05:46:56.887] Chain head was updated                   number=107 hash=cbb7a0..f6296d root=a2f8d5..542f51 elapsed="96.537µs"
INFO [06-01|05:46:57.083] Submitted transaction                    hash=0x6f763fd9c9436531dbebff1acdf2929e73187b2ce95372c536e357962160c69d from=0xbc7A668f0B1595d535B4a2de710461E1C6eba785 nonce=43 recipient=0x7dc4d193051240848c7F4F19679e8514B148080f value=0
INFO [06-01|05:46:57.323] Submitted transaction                    hash=0x6cc8d061333820a36b64ca6f72e3f7c13ebab96323dd5c0b21bcebdef7f100c0 from=0x97D85277E62c57d15268b3E644cdbbDA3706fBEa nonce=43 recipient=0x7dc4d193051240848c7F4F19679e8514B148080f value=0
INFO [06-01|05:46:57.563] Submitted transaction                    hash=0x650fad0697a033f8a818f2a4dccd2aa6fa699e8949665ad5c9a4970040f537e4 from=0x151775b94274FeE3696377A0B616a1221AC71326 nonce=43 recipient=0x7dc4d193051240848c7F4F19679e8514B148080f value=0
INFO [06-01|05:46:57.802] Submitted transaction                    hash=0xc069fdaba141685b2b7249e28c802971727e1dee1caacfb88b515e883c2ec44c from=0xcA56D5B749835d8Ab9cA8c1c4123e9B5002Fc0Ff nonce=43 recipient=0x7dc4d193051240848c7F4F19679e8514B148080f value=0
INFO [06-01|05:46:57.891] Starting work on payload                 id=0x03114de8225207a3
INFO [06-01|05:46:57.945] Updated payload                          id=0x03114de8225207a3 number=108 hash=8c71e3..b29056 txs=5 withdrawals=0 gas=334,175    fees=0.00066835     root=febd63..fadb91 elapsed=53.844ms
INFO [06-01|05:46:57.945] Stopping work on payload                 id=0x03114de8225207a3 reason=delivery
WARN [06-01|05:46:57.985] {"level":"warn","msg":"Slow block","block":{"number":108,"hash":"0x8c71e3602f3222ff3c65d323feb81ba7bf0aec8ae85b4216f7e896a5d6b29056","gas_used":334175,"tx_count":5},"timing":{"execution_ms":0.505075,"state_read_ms":7.492856,"state_hash_ms":18.227616,"commit_ms":3.862489,"total_ms":40.065172},"throughput":{"mgas_per_sec":8.340785358415534},"state_reads":{"accounts":26,"storage_slots":0,"code":1,"code_bytes":869},"state_writes":{"accounts":12,"accounts_deleted":0,"storage_slots":0,"storage_slots_deleted":0,"code":5,"code_bytes":5},"cache":{"account":{"hits":17,"misses":9,"hit_rate":65.38461538461539},"storage":{"hits":0,"misses":0,"hit_rate":0},"code":{"hits":1,"misses":0,"hit_rate":100,"hit_bytes":869,"miss_bytes":0}}}
INFO [06-01|05:46:57.985] Imported new potential chain segment     number=108 hash=8c71e3..b29056 blocks=1 txs=5 mgas=0.334  elapsed=40.272ms    mgasps=8.298   triediffs=22.43MiB  triedirty=0.00B
INFO [06-01|05:46:57.986] Chain head was updated                   number=108 hash=8c71e3..b29056 root=febd63..fadb91 elapsed="114.97µs"
INFO [06-01|05:46:58.043] Submitted transaction                    hash=0xf06157eb8c97d542ea408c748f9b581140df311840d73adc85f0a8415d56b548 from=0xfB403fD865ddcc1C79F9987EDD0ADabC47C24bB9 nonce=43 recipient=0x7dc4d193051240848c7F4F19679e8514B148080f value=0
INFO [06-01|05:46:58.283] Submitted transaction                    hash=0xb45574cb16e389cb7c9ea723a06ae4f094b7199a461fff0f3e8023b6405383c7 from=0x9e8E8A4256457eF170586329D9a01487aA0bA29e nonce=43 recipient=0x7dc4d193051240848c7F4F19679e8514B148080f value=0
INFO [06-01|05:46:58.523] Submitted transaction                    hash=0x7fb86827a775f1705dc8242dcdb7a6c850879e39d06bc02b933f8f881cdd87d6 from=0x5AFc7eaFAA1e34De8e6fB9b014CFD08b18377F26 nonce=42 recipient=0x7dc4d193051240848c7F4F19679e8514B148080f value=0
INFO [06-01|05:46:58.763] Submitted transaction                    hash=0xa867ce93da111c2e866ece79f3c6f19eecf3d05dcfff36cab68ec4a069333c40 from=0x513978fc4d7fF9951AA177D59C7A1b9AA777119a nonce=42 recipient=0x7dc4d193051240848c7F4F19679e8514B148080f value=0
INFO [06-01|05:46:58.990] Starting work on payload                 id=0x038edcf0b718e0aa
INFO [06-01|05:46:59.005] Submitted transaction                    hash=0x9496900135061e55fadf765eb6cbda8eca3970dbd1bdf4b4f2c837d25ddd479a from=0x225bD09Ef41092086C35444d335Df887A0691eD0 nonce=42 recipient=0x7dc4d193051240848c7F4F19679e8514B148080f value=0
INFO [06-01|05:46:59.039] Updated payload                          id=0x038edcf0b718e0aa number=109 hash=7f66c9..5025f9 txs=4 withdrawals=0 gas=267,340    fees=0.00053468     root=c6ec18..84fb46 elapsed=49.190ms
INFO [06-01|05:46:59.039] Stopping work on payload                 id=0x038edcf0b718e0aa reason=delivery
WARN [06-01|05:46:59.074] {"level":"warn","msg":"Slow block","block":{"number":109,"hash":"0x7f66c92b274d06715e023ef627690e62b10d98a7e7c04ab503b5af83605025f9","gas_used":267340,"tx_count":4},"timing":{"execution_ms":0.486516,"state_read_ms":4.036408,"state_hash_ms":26.891926,"commit_ms":3.082049,"total_ms":34.735848},"throughput":{"mgas_per_sec":7.696371771318207},"state_reads":{"accounts":22,"storage_slots":0,"code":1,"code_bytes":869},"state_writes":{"accounts":10,"accounts_deleted":0,"storage_slots":0,"storage_slots_deleted":0,"code":4,"code_bytes":4},"cache":{"account":{"hits":16,"misses":6,"hit_rate":72.72727272727273},"storage":{"hits":0,"misses":0,"hit_rate":0},"code":{"hits":1,"misses":0,"hit_rate":100,"hit_bytes":869,"miss_bytes":0}}}
INFO [06-01|05:46:59.074] Imported new potential chain segment     number=109 hash=7f66c9..5025f9 blocks=1 txs=4 mgas=0.267  elapsed=34.892ms    mgasps=7.662   triediffs=22.47MiB  triedirty=0.00B
INFO [06-01|05:46:59.075] Chain head was updated                   number=109 hash=7f66c9..5025f9 root=c6ec18..84fb46 elapsed="90.089µs"
INFO [06-01|05:46:59.243] Submitted transaction                    hash=0xb94f69caa73759ac3ff231f112fdca2ff872a32e5114ecd61e5db7c0d87ac62a from=0x0A114598D397AB388E751b917300055F2904166F nonce=42 recipient=0x7dc4d193051240848c7F4F19679e8514B148080f value=0
INFO [06-01|05:46:59.483] Submitted transaction                    hash=0xf9f26766ccd23408bc6071cfcd590d4ac1f8c2ef5e8ef6ab25ec0270c16e32c3 from=0xbc7A668f0B1595d535B4a2de710461E1C6eba785 nonce=44 recipient=0x7dc4d193051240848c7F4F19679e8514B148080f value=0
INFO [06-01|05:46:59.723] Submitted transaction                    hash=0x4892ce56166f083a80184a5a9d5268b0b2a4584926579c337f5c087e7c7f5e76 from=0x97D85277E62c57d15268b3E644cdbbDA3706fBEa nonce=44 recipient=0x7dc4d193051240848c7F4F19679e8514B148080f value=0
INFO [06-01|05:46:59.963] Submitted transaction                    hash=0xb7439942d8f0deffc1bc06e37b1caeaea02d9078162895936dfd86db322fee11 from=0x151775b94274FeE3696377A0B616a1221AC71326 nonce=44 recipient=0x7dc4d193051240848c7F4F19679e8514B148080f value=0
INFO [06-01|05:47:00.089] Starting work on payload                 id=0x0347828780273b95
INFO [06-01|05:47:00.120] Updated payload                          id=0x0347828780273b95 number=110 hash=3cce5f..1fd1b8 txs=5 withdrawals=0 gas=334,175    fees=0.00066835     root=f5ace2..8403d2 elapsed=30.443ms
INFO [06-01|05:47:00.120] Stopping work on payload                 id=0x0347828780273b95 reason=delivery
WARN [06-01|05:47:00.160] {"level":"warn","msg":"Slow block","block":{"number":110,"hash":"0x3cce5fc16ecc8b3e4537756bbefbd95b57d6148c1042bf3b94362b68501fd1b8","gas_used":334175,"tx_count":5},"timing":{"execution_ms":0.790149,"state_read_ms":3.341423,"state_hash_ms":18.334196,"commit_ms":16.406801,"total_ms":39.610281},"throughput":{"mgas_per_sec":8.436572313132542},"state_reads":{"accounts":26,"storage_slots":0,"code":1,"code_bytes":869},"state_writes":{"accounts":12,"accounts_deleted":0,"storage_slots":0,"storage_slots_deleted":0,"code":5,"code_bytes":5},"cache":{"account":{"hits":21,"misses":5,"hit_rate":80.76923076923077},"storage":{"hits":0,"misses":0,"hit_rate":0},"code":{"hits":1,"misses":0,"hit_rate":100,"hit_bytes":869,"miss_bytes":0}}}
INFO [06-01|05:47:00.160] Imported new potential chain segment     number=110 hash=3cce5f..1fd1b8 blocks=1 txs=5 mgas=0.334  elapsed=39.834ms    mgasps=8.389   triediffs=22.52MiB  triedirty=0.00B
INFO [06-01|05:47:00.160] Chain head was updated                   number=110 hash=3cce5f..1fd1b8 root=f5ace2..8403d2 elapsed="102.064µs"
INFO [06-01|05:47:00.203] Submitted transaction                    hash=0x1318d181625977414ea069e538d05a60b653b6f9dc7ad744af1ffb35d5ee2167 from=0xcA56D5B749835d8Ab9cA8c1c4123e9B5002Fc0Ff nonce=44 recipient=0x7dc4d193051240848c7F4F19679e8514B148080f value=0
INFO [06-01|05:47:00.443] Submitted transaction                    hash=0x161560fb1a9cf67857c3ca17890d35035452e3e6c19cbca022b1897f960bc45b from=0xfB403fD865ddcc1C79F9987EDD0ADabC47C24bB9 nonce=44 recipient=0x7dc4d193051240848c7F4F19679e8514B148080f value=0
INFO [06-01|05:47:00.683] Submitted transaction                    hash=0x8538c8bd9bca9c7ef2459ae51116b8122a8ec241edfb018e06f940fd31ec161d from=0x9e8E8A4256457eF170586329D9a01487aA0bA29e nonce=44 recipient=0x7dc4d193051240848c7F4F19679e8514B148080f value=0
INFO [06-01|05:47:00.923] Submitted transaction                    hash=0xb8eb8a5b970899b1c5fe8a7b68731d955e8d99ecc5e96d0311ffb93116dc2776 from=0x5AFc7eaFAA1e34De8e6fB9b014CFD08b18377F26 nonce=43 recipient=0x7dc4d193051240848c7F4F19679e8514B148080f value=0
INFO [06-01|05:47:01.163] Submitted transaction                    hash=0x0859f5543d7c253ecdc7854704efe4bc2c226c0fd146e470e8c4a51981e418d8 from=0x513978fc4d7fF9951AA177D59C7A1b9AA777119a nonce=43 recipient=0x7dc4d193051240848c7F4F19679e8514B148080f value=0
INFO [06-01|05:47:01.169] Starting work on payload                 id=0x03f76807a26a0e2f
INFO [06-01|05:47:01.214] Updated payload                          id=0x03f76807a26a0e2f number=111 hash=6447a0..8150bb txs=5 withdrawals=0 gas=334,175    fees=0.00066835     root=f7bc45..80301a elapsed=44.127ms
INFO [06-01|05:47:01.220] Stopping work on payload                 id=0x03f76807a26a0e2f reason=delivery
WARN [06-01|05:47:01.268] {"level":"warn","msg":"Slow block","block":{"number":111,"hash":"0x6447a0712e811f5cc4ceebb1ae5e27555c3a18777fbba6d41983421c488150bb","gas_used":334175,"tx_count":5},"timing":{"execution_ms":1.152713,"state_read_ms":22.572146,"state_hash_ms":21.530764,"commit_ms":8.454966,"total_ms":53.999854},"throughput":{"mgas_per_sec":6.18844265764126},"state_reads":{"accounts":26,"storage_slots":0,"code":1,"code_bytes":869},"state_writes":{"accounts":12,"accounts_deleted":0,"storage_slots":0,"storage_slots_deleted":0,"code":5,"code_bytes":5},"cache":{"account":{"hits":10,"misses":16,"hit_rate":38.46153846153847},"storage":{"hits":0,"misses":0,"hit_rate":0},"code":{"hits":1,"misses":0,"hit_rate":100,"hit_bytes":869,"miss_bytes":0}}}
INFO [06-01|05:47:01.268] Imported new potential chain segment     number=111 hash=6447a0..8150bb blocks=1 txs=5 mgas=0.334  elapsed=54.260ms    mgasps=6.159   triediffs=22.56MiB  triedirty=0.00B
INFO [06-01|05:47:01.269] Chain head was updated                   number=111 hash=6447a0..8150bb root=f7bc45..80301a elapsed="103.009µs"
INFO [06-01|05:47:01.402] Submitted transaction                    hash=0x1bd82556ed3fb95c0bc964021f41fb9a0a2c614a925edb0d8d935f03187cc55c from=0x225bD09Ef41092086C35444d335Df887A0691eD0 nonce=43 recipient=0x7dc4d193051240848c7F4F19679e8514B148080f value=0
INFO [06-01|05:47:01.643] Submitted transaction                    hash=0xce8c7b6fcfd5fac6f131d88d2fa571692990d82eaccc6d208a73109014446a64 from=0x0A114598D397AB388E751b917300055F2904166F nonce=43 recipient=0x7dc4d193051240848c7F4F19679e8514B148080f value=0
INFO [06-01|05:47:01.882] Submitted transaction                    hash=0x2eb866e389e1264a90e8132056e453146020f9dd52c3cac53800800590e8efc9 from=0xbc7A668f0B1595d535B4a2de710461E1C6eba785 nonce=45 recipient=0x7dc4d193051240848c7F4F19679e8514B148080f value=0
INFO [06-01|05:47:02.122] Submitted transaction                    hash=0xf78b04e96bb247898233d199edaee26f623ca5c68d49b03a6b1449c36e615e45 from=0x97D85277E62c57d15268b3E644cdbbDA3706fBEa nonce=45 recipient=0x7dc4d193051240848c7F4F19679e8514B148080f value=0
INFO [06-01|05:47:02.279] Starting work on payload                 id=0x03ceeb2ab62253e9
INFO [06-01|05:47:02.308] Updated payload                          id=0x03ceeb2ab62253e9 number=112 hash=8ea795..c30cf1 txs=4 withdrawals=0 gas=267,340    fees=0.00053468     root=5d306c..da1768 elapsed=28.638ms
INFO [06-01|05:47:02.315] Stopping work on payload                 id=0x03ceeb2ab62253e9 reason=delivery
WARN [06-01|05:47:02.356] {"level":"warn","msg":"Slow block","block":{"number":112,"hash":"0x8ea7952b0206ca56b6788c78991e7b4323aec6105a99dbe3e7abde3942c30cf1","gas_used":267340,"tx_count":4},"timing":{"execution_ms":0.626522,"state_read_ms":11.78582,"state_hash_ms":29.581145,"commit_ms":4.372543,"total_ms":47.975404},"throughput":{"mgas_per_sec":5.572438743819646},"state_reads":{"accounts":22,"storage_slots":0,"code":1,"code_bytes":869},"state_writes":{"accounts":10,"accounts_deleted":0,"storage_slots":0,"storage_slots_deleted":0,"code":4,"code_bytes":4},"cache":{"account":{"hits":12,"misses":10,"hit_rate":54.54545454545454},"storage":{"hits":0,"misses":0,"hit_rate":0},"code":{"hits":1,"misses":0,"hit_rate":100,"hit_bytes":869,"miss_bytes":0}}}
INFO [06-01|05:47:02.356] Imported new potential chain segment     number=112 hash=8ea795..c30cf1 blocks=1 txs=4 mgas=0.267  elapsed=48.230ms    mgasps=5.543   triediffs=22.60MiB  triedirty=0.00B
INFO [06-01|05:47:02.357] Chain head was updated                   number=112 hash=8ea795..c30cf1 root=5d306c..da1768 elapsed="174.213µs"
INFO [06-01|05:47:02.366] Submitted transaction                    hash=0xb7c09805520e9a26b6805ccf254d01857e0c6aa8f17bc7cf9e558eb445a2c9af from=0x151775b94274FeE3696377A0B616a1221AC71326 nonce=45 recipient=0x7dc4d193051240848c7F4F19679e8514B148080f value=0
INFO [06-01|05:47:02.603] Submitted transaction                    hash=0x2d3365b0d9c94f391ed3b79935bae9c7381007138d2455f4757e3265cb985ce3 from=0xcA56D5B749835d8Ab9cA8c1c4123e9B5002Fc0Ff nonce=45 recipient=0x7dc4d193051240848c7F4F19679e8514B148080f value=0
INFO [06-01|05:47:02.842] Submitted transaction                    hash=0x358308ed367c0c8b1681ea44e6d936892de3d9fdc500b1d14e5c7c4b3c739332 from=0xfB403fD865ddcc1C79F9987EDD0ADabC47C24bB9 nonce=45 recipient=0x7dc4d193051240848c7F4F19679e8514B148080f value=0
INFO [06-01|05:47:03.082] Submitted transaction                    hash=0x06ba5b1f115dcb6207bf43f18e329397e377a2d7dd6eaaf905a6ac0310a04cf8 from=0x9e8E8A4256457eF170586329D9a01487aA0bA29e nonce=45 recipient=0x7dc4d193051240848c7F4F19679e8514B148080f value=0
INFO [06-01|05:47:03.323] Submitted transaction                    hash=0x0c21516708cf8bc2d124935482f70763774ba7db3d795e926cb217affa48af6e from=0x5AFc7eaFAA1e34De8e6fB9b014CFD08b18377F26 nonce=44 recipient=0x7dc4d193051240848c7F4F19679e8514B148080f value=0
INFO [06-01|05:47:03.367] Starting work on payload                 id=0x03af6c0d33099cb1
INFO [06-01|05:47:03.416] Updated payload                          id=0x03af6c0d33099cb1 number=113 hash=5a756a..a45322 txs=5 withdrawals=0 gas=334,175    fees=0.00066835     root=67462f..d0db89 elapsed=48.236ms
INFO [06-01|05:47:03.416] Stopping work on payload                 id=0x03af6c0d33099cb1 reason=delivery
WARN [06-01|05:47:03.454] {"level":"warn","msg":"Slow block","block":{"number":113,"hash":"0x5a756ad82ad8a56fbd6c06c5884a92e890b2ecdc1ff3f3f333b57f5cdba45322","gas_used":334175,"tx_count":5},"timing":{"execution_ms":0.574567,"state_read_ms":16.007644,"state_hash_ms":17.544456,"commit_ms":3.311429,"total_ms":37.655181},"throughput":{"mgas_per_sec":8.874608782254958},"state_reads":{"accounts":26,"storage_slots":0,"code":1,"code_bytes":869},"state_writes":{"accounts":12,"accounts_deleted":0,"storage_slots":0,"storage_slots_deleted":0,"code":5,"code_bytes":5},"cache":{"account":{"hits":20,"misses":6,"hit_rate":76.92307692307693},"storage":{"hits":0,"misses":0,"hit_rate":0},"code":{"hits":1,"misses":0,"hit_rate":100,"hit_bytes":869,"miss_bytes":0}}}
INFO [06-01|05:47:03.454] Imported new potential chain segment     number=113 hash=5a756a..a45322 blocks=1 txs=5 mgas=0.334  elapsed=37.863ms    mgasps=8.826   triediffs=22.65MiB  triedirty=0.00B
INFO [06-01|05:47:03.454] Chain head was updated                   number=113 hash=5a756a..a45322 root=67462f..d0db89 elapsed="96.437µs"
INFO [06-01|05:47:03.563] Submitted transaction                    hash=0xa99a9e124304f790102381447b60e70d46cf67055ce8571c24c17afb876c39a5 from=0x513978fc4d7fF9951AA177D59C7A1b9AA777119a nonce=44 recipient=0x7dc4d193051240848c7F4F19679e8514B148080f value=0
INFO [06-01|05:47:03.803] Submitted transaction                    hash=0x73c8f473acf5a43f13af027682b8c85a81ab940a26c98a3fcd1485a6be1f77cf from=0x225bD09Ef41092086C35444d335Df887A0691eD0 nonce=44 recipient=0x7dc4d193051240848c7F4F19679e8514B148080f value=0
INFO [06-01|05:47:04.043] Submitted transaction                    hash=0xa09b73b8f7a14b7e2da8d7b29e22c1726dddbc09c3592758dacb8a0a77b2308a from=0x0A114598D397AB388E751b917300055F2904166F nonce=44 recipient=0x7dc4d193051240848c7F4F19679e8514B148080f value=0
INFO [06-01|05:47:04.282] Submitted transaction                    hash=0x1afbc5557755b9266ececced7eda05632b4af9a844970578ec1df23b96d301c9 from=0xbc7A668f0B1595d535B4a2de710461E1C6eba785 nonce=46 recipient=0x7dc4d193051240848c7F4F19679e8514B148080f value=0
INFO [06-01|05:47:04.463] Starting work on payload                 id=0x03cc7c0682dbe466
INFO [06-01|05:47:04.497] Updated payload                          id=0x03cc7c0682dbe466 number=114 hash=3d3f01..8bfff0 txs=4 withdrawals=0 gas=267,340    fees=0.00053468     root=b7a79d..c3b835 elapsed=34.209ms
INFO [06-01|05:47:04.498] Stopping work on payload                 id=0x03cc7c0682dbe466 reason=delivery
INFO [06-01|05:47:04.526] Submitted transaction                    hash=0x312049f212b9eb7c63afefb9eae96889f3ee6dd9b78621a2b59f907fbacf846e from=0x97D85277E62c57d15268b3E644cdbbDA3706fBEa nonce=46 recipient=0x7dc4d193051240848c7F4F19679e8514B148080f value=0
WARN [06-01|05:47:04.534] {"level":"warn","msg":"Slow block","block":{"number":114,"hash":"0x3d3f01cf66c72cf7fd39d832317ebdb789c3d4d325ce4a6a696e1c45ab8bfff0","gas_used":267340,"tx_count":4},"timing":{"execution_ms":0.459907,"state_read_ms":16.350469,"state_hash_ms":15.993751,"commit_ms":3.277755,"total_ms":36.300197},"throughput":{"mgas_per_sec":7.364698323813505},"state_reads":{"accounts":22,"storage_slots":0,"code":1,"code_bytes":869},"state_writes":{"accounts":10,"accounts_deleted":0,"storage_slots":0,"storage_slots_deleted":0,"code":4,"code_bytes":4},"cache":{"account":{"hits":15,"misses":7,"hit_rate":68.18181818181817},"storage":{"hits":0,"misses":0,"hit_rate":0},"code":{"hits":1,"misses":0,"hit_rate":100,"hit_bytes":869,"miss_bytes":0}}}
INFO [06-01|05:47:04.534] Imported new potential chain segment     number=114 hash=3d3f01..8bfff0 blocks=1 txs=4 mgas=0.267  elapsed=36.456ms    mgasps=7.333   triediffs=22.68MiB  triedirty=0.00B
INFO [06-01|05:47:04.534] Chain head was updated                   number=114 hash=3d3f01..8bfff0 root=b7a79d..c3b835 elapsed="91.923µs"
INFO [06-01|05:47:04.763] Submitted transaction                    hash=0xedcfd0de012b0d880256fd6b5c1f010faddf319c539bda68a17997affe83ac26 from=0x151775b94274FeE3696377A0B616a1221AC71326 nonce=46 recipient=0x7dc4d193051240848c7F4F19679e8514B148080f value=0
INFO [06-01|05:47:05.003] Submitted transaction                    hash=0xa698c0c20e883f1e9794ad640d38ee09e6888d6fd2814ed19a907ca2f91cf86d from=0xcA56D5B749835d8Ab9cA8c1c4123e9B5002Fc0Ff nonce=46 recipient=0x7dc4d193051240848c7F4F19679e8514B148080f value=0
INFO [06-01|05:47:05.243] Submitted transaction                    hash=0x36b5a3f8b274e7533f69e0001a09834405c39a7b82721422072a8ffd79721cae from=0xfB403fD865ddcc1C79F9987EDD0ADabC47C24bB9 nonce=46 recipient=0x7dc4d193051240848c7F4F19679e8514B148080f value=0
INFO [06-01|05:47:05.483] Submitted transaction                    hash=0x0ca98c4d5b04602a99d0adc414699178e247ea126d2c9bded484575fc4aeef54 from=0x9e8E8A4256457eF170586329D9a01487aA0bA29e nonce=46 recipient=0x7dc4d193051240848c7F4F19679e8514B148080f value=0
INFO [06-01|05:47:05.543] Starting work on payload                 id=0x03356efd63fcbfe1
INFO [06-01|05:47:05.586] Updated payload                          id=0x03356efd63fcbfe1 number=115 hash=b61f93..67b6a1 txs=5 withdrawals=0 gas=334,175    fees=0.00066835     root=22ebbd..3aa874 elapsed=43.106ms
INFO [06-01|05:47:05.586] Stopping work on payload                 id=0x03356efd63fcbfe1 reason=delivery
WARN [06-01|05:47:05.628] {"level":"warn","msg":"Slow block","block":{"number":115,"hash":"0xb61f931c2e9d29a3e875fdcddb2effb99a415329f69bc02551c8dda5de67b6a1","gas_used":334175,"tx_count":5},"timing":{"execution_ms":0.98809,"state_read_ms":16.000218,"state_hash_ms":17.941064,"commit_ms":6.147948,"total_ms":41.358923},"throughput":{"mgas_per_sec":8.079876741471242},"state_reads":{"accounts":26,"storage_slots":0,"code":1,"code_bytes":869},"state_writes":{"accounts":12,"accounts_deleted":0,"storage_slots":0,"storage_slots_deleted":0,"code":5,"code_bytes":5},"cache":{"account":{"hits":21,"misses":5,"hit_rate":80.76923076923077},"storage":{"hits":0,"misses":0,"hit_rate":0},"code":{"hits":1,"misses":0,"hit_rate":100,"hit_bytes":869,"miss_bytes":0}}}
INFO [06-01|05:47:05.628] Imported new potential chain segment     number=115 hash=b61f93..67b6a1 blocks=1 txs=5 mgas=0.334  elapsed=41.623ms    mgasps=8.029   triediffs=22.73MiB  triedirty=0.00B
INFO [06-01|05:47:05.629] Chain head was updated                   number=115 hash=b61f93..67b6a1 root=22ebbd..3aa874 elapsed="174.996µs"
INFO [06-01|05:47:05.723] Submitted transaction                    hash=0xe9a6d5d4b03d0da387797c8d695c5e9f10f9950d2ed38ffd473dc0a8b7131e2d from=0x5AFc7eaFAA1e34De8e6fB9b014CFD08b18377F26 nonce=45 recipient=0x7dc4d193051240848c7F4F19679e8514B148080f value=0
INFO [06-01|05:47:05.963] Submitted transaction                    hash=0x95e2ff0b05a9a43c9bf0473231f96d4706b60e4a67ec150781447cf55a9d27e0 from=0x513978fc4d7fF9951AA177D59C7A1b9AA777119a nonce=45 recipient=0x7dc4d193051240848c7F4F19679e8514B148080f value=0
INFO [06-01|05:47:06.203] Submitted transaction                    hash=0x08f9271279c098363b68b31c3d841cf2143c49b2f0caa332be0ac7f747a33b96 from=0x225bD09Ef41092086C35444d335Df887A0691eD0 nonce=45 recipient=0x7dc4d193051240848c7F4F19679e8514B148080f value=0
INFO [06-01|05:47:06.443] Submitted transaction                    hash=0x21f70262de4d87d662bed0cd27882725b3d391cb35cd836485e29c57045a735b from=0x0A114598D397AB388E751b917300055F2904166F nonce=45 recipient=0x7dc4d193051240848c7F4F19679e8514B148080f value=0
INFO [06-01|05:47:06.633] Starting work on payload                 id=0x03f4798240ca4a47
INFO [06-01|05:47:06.674] Updated payload                          id=0x03f4798240ca4a47 number=116 hash=5e0028..1349f4 txs=4 withdrawals=0 gas=267,340    fees=0.00053468     root=6a3710..4c36cb elapsed=40.889ms
INFO [06-01|05:47:06.674] Stopping work on payload                 id=0x03f4798240ca4a47 reason=delivery
INFO [06-01|05:47:06.686] Submitted transaction                    hash=0x1dd26e40e212d5a3e37a4893d3a5887aa7d7017bdd06ef0c4d7693c2d74db344 from=0xbc7A668f0B1595d535B4a2de710461E1C6eba785 nonce=47 recipient=0x7dc4d193051240848c7F4F19679e8514B148080f value=0
WARN [06-01|05:47:06.710] {"level":"warn","msg":"Slow block","block":{"number":116,"hash":"0x5e00284519a543f29a507f2c53ff97d1e5cc392e45ed80187cc99f171c1349f4","gas_used":267340,"tx_count":4},"timing":{"execution_ms":0.327376,"state_read_ms":13.952005,"state_hash_ms":6.494746,"commit_ms":14.59681,"total_ms":35.558041},"throughput":{"mgas_per_sec":7.518411939510391},"state_reads":{"accounts":22,"storage_slots":0,"code":1,"code_bytes":869},"state_writes":{"accounts":10,"accounts_deleted":0,"storage_slots":0,"storage_slots_deleted":0,"code":4,"code_bytes":4},"cache":{"account":{"hits":15,"misses":7,"hit_rate":68.18181818181817},"storage":{"hits":0,"misses":0,"hit_rate":0},"code":{"hits":1,"misses":0,"hit_rate":100,"hit_bytes":869,"miss_bytes":0}}}
INFO [06-01|05:47:06.710] Imported new potential chain segment     number=116 hash=5e0028..1349f4 blocks=1 txs=4 mgas=0.267  elapsed=35.751ms    mgasps=7.478   triediffs=22.76MiB  triedirty=0.00B
INFO [06-01|05:47:06.710] Chain head was updated                   number=116 hash=5e0028..1349f4 root=6a3710..4c36cb elapsed="102.929µs"
INFO [06-01|05:47:06.923] Submitted transaction                    hash=0xd66da83878e039198fde2e1191ff7d4958dc3974c269560091b6ed2d103bfb45 from=0x97D85277E62c57d15268b3E644cdbbDA3706fBEa nonce=47 recipient=0x7dc4d193051240848c7F4F19679e8514B148080f value=0
INFO [06-01|05:47:07.162] Submitted transaction                    hash=0x6e32ae9cc6ff6d0c1600fb6d1d3527f3964990d819c26999ced90e03ef47fa1e from=0x151775b94274FeE3696377A0B616a1221AC71326 nonce=47 recipient=0x7dc4d193051240848c7F4F19679e8514B148080f value=0
INFO [06-01|05:47:07.402] Submitted transaction                    hash=0x5d941b4265415808ba6e3cd2d86ef9aeb8a5caf35fc372fc40069ef9e6b90086 from=0xcA56D5B749835d8Ab9cA8c1c4123e9B5002Fc0Ff nonce=47 recipient=0x7dc4d193051240848c7F4F19679e8514B148080f value=0
INFO [06-01|05:47:07.643] Submitted transaction                    hash=0x190b4096d2a9959d37fc2e80372993d4a510dab07304153bb71f1a3ce4d67dea from=0xfB403fD865ddcc1C79F9987EDD0ADabC47C24bB9 nonce=47 recipient=0x7dc4d193051240848c7F4F19679e8514B148080f value=0
INFO [06-01|05:47:07.720] Starting work on payload                 id=0x036241e6a4a8866f
INFO [06-01|05:47:07.760] Updated payload                          id=0x036241e6a4a8866f number=117 hash=0883d1..bb25c7 txs=5 withdrawals=0 gas=334,175    fees=0.00066835     root=1a6507..2f005e elapsed=39.319ms
INFO [06-01|05:47:07.760] Stopping work on payload                 id=0x036241e6a4a8866f reason=delivery
WARN [06-01|05:47:07.798] {"level":"warn","msg":"Slow block","block":{"number":117,"hash":"0x0883d1461d68c4629a39e63d7c9ee06faf821262563150249cd1970f3cbb25c7","gas_used":334175,"tx_count":5},"timing":{"execution_ms":1.062917,"state_read_ms":15.9733,"state_hash_ms":16.383766,"commit_ms":3.948805,"total_ms":37.556015},"throughput":{"mgas_per_sec":8.898042031349705},"state_reads":{"accounts":26,"storage_slots":0,"code":1,"code_bytes":869},"state_writes":{"accounts":12,"accounts_deleted":0,"storage_slots":0,"storage_slots_deleted":0,"code":5,"code_bytes":5},"cache":{"account":{"hits":20,"misses":6,"hit_rate":76.92307692307693},"storage":{"hits":0,"misses":0,"hit_rate":0},"code":{"hits":1,"misses":0,"hit_rate":100,"hit_bytes":869,"miss_bytes":0}}}
INFO [06-01|05:47:07.798] Imported new potential chain segment     number=117 hash=0883d1..bb25c7 blocks=1 txs=5 mgas=0.334  elapsed=37.741ms    mgasps=8.854   triediffs=22.81MiB  triedirty=0.00B
INFO [06-01|05:47:07.798] Chain head was updated                   number=117 hash=0883d1..bb25c7 root=1a6507..2f005e elapsed="155.723µs"
INFO [06-01|05:47:07.882] Submitted transaction                    hash=0x02df1920c50b214228a0e4bf0533634a3cad6572040ace952c8deb29d59b252b from=0x9e8E8A4256457eF170586329D9a01487aA0bA29e nonce=47 recipient=0x7dc4d193051240848c7F4F19679e8514B148080f value=0
INFO [06-01|05:47:08.123] Submitted transaction                    hash=0xf2f7f79a7695ee4e1198636556d79e53a965a5d51abfccd1328f359e10cd24ed from=0x5AFc7eaFAA1e34De8e6fB9b014CFD08b18377F26 nonce=46 recipient=0x7dc4d193051240848c7F4F19679e8514B148080f value=0
INFO [06-01|05:47:08.362] Submitted transaction                    hash=0xa9d8f5b77382461e0278067e74f159aa72d4597d0d4ca14860e86228a80e14f1 from=0x513978fc4d7fF9951AA177D59C7A1b9AA777119a nonce=46 recipient=0x7dc4d193051240848c7F4F19679e8514B148080f value=0
INFO [06-01|05:47:08.603] Submitted transaction                    hash=0xcfcbbd3549451a2ecd044cb9bd3b0441794ff385a7d1c5277b44b5c4f9337dba from=0x225bD09Ef41092086C35444d335Df887A0691eD0 nonce=46 recipient=0x7dc4d193051240848c7F4F19679e8514B148080f value=0
INFO [06-01|05:47:08.802] Starting work on payload                 id=0x03a626d306953633
INFO [06-01|05:47:08.846] Submitted transaction                    hash=0x764ef28321c43d7cb386d3e37b1aa6753b601216b8083eae433bd7d297fb5b72 from=0x0A114598D397AB388E751b917300055F2904166F nonce=46 recipient=0x7dc4d193051240848c7F4F19679e8514B148080f value=0
INFO [06-01|05:47:08.852] Updated payload                          id=0x03a626d306953633 number=118 hash=907b29..8e7c33 txs=4 withdrawals=0 gas=267,340    fees=0.00053468     root=de7f00..741e0f elapsed=49.362ms
INFO [06-01|05:47:08.852] Stopping work on payload                 id=0x03a626d306953633 reason=delivery
WARN [06-01|05:47:08.896] {"level":"warn","msg":"Slow block","block":{"number":118,"hash":"0x907b293439e0fe28576dba85f87673abc505a1760b67fd6b3c0723ab848e7c33","gas_used":267340,"tx_count":4},"timing":{"execution_ms":0.410943,"state_read_ms":4.721925,"state_hash_ms":26.770626,"commit_ms":11.225265,"total_ms":43.322463},"throughput":{"mgas_per_sec":6.170932617566088},"state_reads":{"accounts":22,"storage_slots":0,"code":1,"code_bytes":869},"state_writes":{"accounts":10,"accounts_deleted":0,"storage_slots":0,"storage_slots_deleted":0,"code":4,"code_bytes":4},"cache":{"account":{"hits":17,"misses":5,"hit_rate":77.27272727272727},"storage":{"hits":0,"misses":0,"hit_rate":0},"code":{"hits":1,"misses":0,"hit_rate":100,"hit_bytes":869,"miss_bytes":0}}}
INFO [06-01|05:47:08.896] Imported new potential chain segment     number=118 hash=907b29..8e7c33 blocks=1 txs=4 mgas=0.267  elapsed=43.568ms    mgasps=6.136   triediffs=22.85MiB  triedirty=0.00B
INFO [06-01|05:47:08.896] Chain head was updated                   number=118 hash=907b29..8e7c33 root=de7f00..741e0f elapsed="114.856µs"
INFO [06-01|05:47:09.083] Submitted transaction                    hash=0xcdf7f7411c3703fd0ff5627ae71e7a39e9d7a56dc3feb64fec04bba4d95c3818 from=0xbc7A668f0B1595d535B4a2de710461E1C6eba785 nonce=48 recipient=0x7dc4d193051240848c7F4F19679e8514B148080f value=0
INFO [06-01|05:47:09.323] Submitted transaction                    hash=0xafa2d06b5978d99e7bfc44d1fbb3334150e3413fda3b411d8d5eeaa24a888052 from=0x97D85277E62c57d15268b3E644cdbbDA3706fBEa nonce=48 recipient=0x7dc4d193051240848c7F4F19679e8514B148080f value=0
INFO [06-01|05:47:09.562] Submitted transaction                    hash=0xb5160776cb9f012e02c0b076c77e90587154769d0ce2c0b6bd057d069983128a from=0x151775b94274FeE3696377A0B616a1221AC71326 nonce=48 recipient=0x7dc4d193051240848c7F4F19679e8514B148080f value=0
INFO [06-01|05:47:09.803] Submitted transaction                    hash=0x03f070a05d8844695fa6d3dc1f4ee9fb7f4958117564b7cf991da13d2c7f43b8 from=0xcA56D5B749835d8Ab9cA8c1c4123e9B5002Fc0Ff nonce=48 recipient=0x7dc4d193051240848c7F4F19679e8514B148080f value=0
INFO [06-01|05:47:09.909] Starting work on payload                 id=0x03b307ef666be27a
INFO [06-01|05:47:09.955] Updated payload                          id=0x03b307ef666be27a number=119 hash=5db6a5..dd78a9 txs=5 withdrawals=0 gas=334,175    fees=0.00066835     root=d40f5d..51ecf3 elapsed=46.274ms
INFO [06-01|05:47:09.956] Stopping work on payload                 id=0x03b307ef666be27a reason=delivery
WARN [06-01|05:47:09.987] {"level":"warn","msg":"Slow block","block":{"number":119,"hash":"0x5db6a5455658423ffc59398efa5152b3777bc8f9e13ae70a875eb65fd5dd78a9","gas_used":334175,"tx_count":5},"timing":{"execution_ms":0.600207,"state_read_ms":4.106313,"state_hash_ms":16.135982,"commit_ms":3.469625,"total_ms":31.208412},"throughput":{"mgas_per_sec":10.707850178342941},"state_reads":{"accounts":26,"storage_slots":0,"code":1,"code_bytes":869},"state_writes":{"accounts":12,"accounts_deleted":0,"storage_slots":0,"storage_slots_deleted":0,"code":5,"code_bytes":5},"cache":{"account":{"hits":21,"misses":5,"hit_rate":80.76923076923077},"storage":{"hits":0,"misses":0,"hit_rate":0},"code":{"hits":1,"misses":0,"hit_rate":100,"hit_bytes":869,"miss_bytes":0}}}
INFO [06-01|05:47:09.987] Imported new potential chain segment     number=119 hash=5db6a5..dd78a9 blocks=1 txs=5 mgas=0.334  elapsed=31.466ms    mgasps=10.620  triediffs=22.90MiB  triedirty=0.00B
INFO [06-01|05:47:09.988] Chain head was updated                   number=119 hash=5db6a5..dd78a9 root=d40f5d..51ecf3 elapsed="164.161µs"
INFO [06-01|05:47:10.043] Submitted transaction                    hash=0x6e826b68af2a116aea2460aeb12d0dcd515e1e07d48cc7b5cd57ccba448e7e67 from=0xfB403fD865ddcc1C79F9987EDD0ADabC47C24bB9 nonce=48 recipient=0x7dc4d193051240848c7F4F19679e8514B148080f value=0
INFO [06-01|05:47:10.283] Submitted transaction                    hash=0x8ffadb9c0a50874a791550e1490ae024d21736e41fc512bf6e720104b540e350 from=0x9e8E8A4256457eF170586329D9a01487aA0bA29e nonce=48 recipient=0x7dc4d193051240848c7F4F19679e8514B148080f value=0
INFO [06-01|05:47:10.523] Submitted transaction                    hash=0x1d4a0b9a5965b51707fa14db51f1ed7620d7a54c97d4d22a5ff7b45eaa8a40b7 from=0x5AFc7eaFAA1e34De8e6fB9b014CFD08b18377F26 nonce=47 recipient=0x7dc4d193051240848c7F4F19679e8514B148080f value=0
INFO [06-01|05:47:10.763] Submitted transaction                    hash=0x0b23f51077d461dc32bd2abffa0bca19dff6faeb055272ab4cc7bf482b9aef33 from=0x513978fc4d7fF9951AA177D59C7A1b9AA777119a nonce=47 recipient=0x7dc4d193051240848c7F4F19679e8514B148080f value=0
INFO [06-01|05:47:10.999] Starting work on payload                 id=0x038abf26ea8b92a5
INFO [06-01|05:47:11.003] Submitted transaction                    hash=0x5559337c8c4bef20b0fa374971afa364440126febfe7bc9b50a05c45b3f49c8d from=0x225bD09Ef41092086C35444d335Df887A0691eD0 nonce=47 recipient=0x7dc4d193051240848c7F4F19679e8514B148080f value=0
INFO [06-01|05:47:11.039] Updated payload                          id=0x038abf26ea8b92a5 number=120 hash=826350..e3378e txs=4 withdrawals=0 gas=267,340    fees=0.00053468     root=dd66e9..eb4b61 elapsed=39.343ms
INFO [06-01|05:47:11.039] Stopping work on payload                 id=0x038abf26ea8b92a5 reason=delivery
WARN [06-01|05:47:11.074] {"level":"warn","msg":"Slow block","block":{"number":120,"hash":"0x826350f10582c5687eaa1426cbc7f37dbe85a5033d086b8d0e9d43481ce3378e","gas_used":267340,"tx_count":4},"timing":{"execution_ms":0.350854,"state_read_ms":3.755255,"state_hash_ms":16.062605,"commit_ms":14.44943,"total_ms":34.81383},"throughput":{"mgas_per_sec":7.6791321150244025},"state_reads":{"accounts":22,"storage_slots":0,"code":1,"code_bytes":869},"state_writes":{"accounts":10,"accounts_deleted":0,"storage_slots":0,"storage_slots_deleted":0,"code":4,"code_bytes":4},"cache":{"account":{"hits":17,"misses":5,"hit_rate":77.27272727272727},"storage":{"hits":0,"misses":0,"hit_rate":0},"code":{"hits":1,"misses":0,"hit_rate":100,"hit_bytes":869,"miss_bytes":0}}}
INFO [06-01|05:47:11.074] Imported new potential chain segment     number=120 hash=826350..e3378e blocks=1 txs=4 mgas=0.267  elapsed=34.980ms    mgasps=7.643   triediffs=22.93MiB  triedirty=0.00B
INFO [06-01|05:47:11.074] Chain head was updated                   number=120 hash=826350..e3378e root=dd66e9..eb4b61 elapsed="91.862µs"
INFO [06-01|05:47:11.243] Submitted transaction                    hash=0x34cd24f1e8d4f848641767b287d6e6326c7e6a6117e3440e2bf5ce147b680e14 from=0x0A114598D397AB388E751b917300055F2904166F nonce=47 recipient=0x7dc4d193051240848c7F4F19679e8514B148080f value=0
INFO [06-01|05:47:11.483] Submitted transaction                    hash=0x0cceb338774071282ec9261c51028d0809cb07deda4983d48b9d0d0774660608 from=0xbc7A668f0B1595d535B4a2de710461E1C6eba785 nonce=49 recipient=0x7dc4d193051240848c7F4F19679e8514B148080f value=0
INFO [06-01|05:47:11.723] Submitted transaction                    hash=0xaa52d76a09fdfb47f6b079958d7ed5783c424996c48821578511f446bdbe2219 from=0x97D85277E62c57d15268b3E644cdbbDA3706fBEa nonce=49 recipient=0x7dc4d193051240848c7F4F19679e8514B148080f value=0
INFO [06-01|05:47:11.963] Submitted transaction                    hash=0xa3e00fe47cdfaf359f03f4177442e78207e02748e346942d32e8834a9c564a20 from=0x151775b94274FeE3696377A0B616a1221AC71326 nonce=49 recipient=0x7dc4d193051240848c7F4F19679e8514B148080f value=0
INFO [06-01|05:47:12.081] Starting work on payload                 id=0x034963af3165b52a
INFO [06-01|05:47:12.121] Updated payload                          id=0x034963af3165b52a number=121 hash=498927..0eba3a txs=5 withdrawals=0 gas=334,175    fees=0.00066835     root=59d845..5f1ec3 elapsed=40.057ms
INFO [06-01|05:47:12.121] Stopping work on payload                 id=0x034963af3165b52a reason=delivery
WARN [06-01|05:47:12.162] {"level":"warn","msg":"Slow block","block":{"number":121,"hash":"0x49892795b60f38325d0686cbcbba1762fd38931f097351c282d1ecd9760eba3a","gas_used":334175,"tx_count":5},"timing":{"execution_ms":0.645313,"state_read_ms":17.016209,"state_hash_ms":17.689204,"commit_ms":4.809707,"total_ms":40.351394},"throughput":{"mgas_per_sec":8.281622191292822},"state_reads":{"accounts":26,"storage_slots":0,"code":1,"code_bytes":869},"state_writes":{"accounts":12,"accounts_deleted":0,"storage_slots":0,"storage_slots_deleted":0,"code":5,"code_bytes":5},"cache":{"account":{"hits":20,"misses":6,"hit_rate":76.92307692307693},"storage":{"hits":0,"misses":0,"hit_rate":0},"code":{"hits":1,"misses":0,"hit_rate":100,"hit_bytes":869,"miss_bytes":0}}}
INFO [06-01|05:47:12.162] Imported new potential chain segment     number=121 hash=498927..0eba3a blocks=1 txs=5 mgas=0.334  elapsed=40.560ms    mgasps=8.239   triediffs=22.98MiB  triedirty=0.00B
INFO [06-01|05:47:12.162] Chain head was updated                   number=121 hash=498927..0eba3a root=59d845..5f1ec3 elapsed="165.897µs"
INFO [06-01|05:47:12.203] Submitted transaction                    hash=0x2ca39678c394cec9388d8635d07ed8069b991ddf4eb0bc9b27ef4d6b71ad8910 from=0xcA56D5B749835d8Ab9cA8c1c4123e9B5002Fc0Ff nonce=49 recipient=0x7dc4d193051240848c7F4F19679e8514B148080f value=0
INFO [06-01|05:47:12.443] Submitted transaction                    hash=0xd03220a69bf3e6098ade4984b2ceda5848817f8b705eab5eb01489a1f3465c95 from=0xfB403fD865ddcc1C79F9987EDD0ADabC47C24bB9 nonce=49 recipient=0x7dc4d193051240848c7F4F19679e8514B148080f value=0
INFO [06-01|05:47:12.682] Submitted transaction                    hash=0x9c9fa36908c2ac19867753867d46b99e33226ac258124301e4c5480a4fb7df08 from=0x9e8E8A4256457eF170586329D9a01487aA0bA29e nonce=49 recipient=0x7dc4d193051240848c7F4F19679e8514B148080f value=0
INFO [06-01|05:47:12.923] Submitted transaction                    hash=0x2354373cf6626879e232b479e7609d02c68f761e7002ea42a62768ee2d4403bc from=0x5AFc7eaFAA1e34De8e6fB9b014CFD08b18377F26 nonce=48 recipient=0x7dc4d193051240848c7F4F19679e8514B148080f value=0
INFO [06-01|05:47:13.162] Submitted transaction                    hash=0x20ea234c146e40efc2126258bd07bff169143dff78a100af22e2734792ff391c from=0x513978fc4d7fF9951AA177D59C7A1b9AA777119a nonce=48 recipient=0x7dc4d193051240848c7F4F19679e8514B148080f value=0
INFO [06-01|05:47:13.166] Starting work on payload                 id=0x0367856d73b16989
INFO [06-01|05:47:13.215] Updated payload                          id=0x0367856d73b16989 number=122 hash=c468f5..d989c0 txs=5 withdrawals=0 gas=334,175    fees=0.00066835     root=372cc8..0e2bf6 elapsed=48.534ms
INFO [06-01|05:47:13.215] Stopping work on payload                 id=0x0367856d73b16989 reason=delivery
WARN [06-01|05:47:13.257] {"level":"warn","msg":"Slow block","block":{"number":122,"hash":"0xc468f5a76e06c6bfe1fd243f50bc765c6bbc13d7df597110624a0b4ee2d989c0","gas_used":334175,"tx_count":5},"timing":{"execution_ms":0.523859,"state_read_ms":4.984323,"state_hash_ms":21.751492,"commit_ms":4.062008,"total_ms":42.119717},"throughput":{"mgas_per_sec":7.933932699500331},"state_reads":{"accounts":26,"storage_slots":0,"code":1,"code_bytes":869},"state_writes":{"accounts":12,"accounts_deleted":0,"storage_slots":0,"storage_slots_deleted":0,"code":5,"code_bytes":5},"cache":{"account":{"hits":19,"misses":7,"hit_rate":73.07692307692307},"storage":{"hits":0,"misses":0,"hit_rate":0},"code":{"hits":1,"misses":0,"hit_rate":100,"hit_bytes":869,"miss_bytes":0}}}
INFO [06-01|05:47:13.257] Imported new potential chain segment     number=122 hash=c468f5..d989c0 blocks=1 txs=5 mgas=0.334  elapsed=42.307ms    mgasps=7.899   triediffs=23.03MiB  triedirty=0.00B
INFO [06-01|05:47:13.258] Chain head was updated                   number=122 hash=c468f5..d989c0 root=372cc8..0e2bf6 elapsed="102.523µs"
INFO [06-01|05:47:13.403] Submitted transaction                    hash=0xeb5419cb771b9b6b65b9cbe525ecd2fab820de45a470938c9e179ca8c50b46e0 from=0x225bD09Ef41092086C35444d335Df887A0691eD0 nonce=48 recipient=0x7dc4d193051240848c7F4F19679e8514B148080f value=0
INFO [06-01|05:47:13.643] Submitted transaction                    hash=0x286aae29b6885aa34494abbbbe02a2e9df00115b441b690d542c28304c2856b0 from=0x0A114598D397AB388E751b917300055F2904166F nonce=48 recipient=0x7dc4d193051240848c7F4F19679e8514B148080f value=0
INFO [06-01|05:47:13.882] Submitted transaction                    hash=0x8fd4190fd02d04d2d91f717c11c0d898b6edd3a230d8ebb23e59253a59ab13d0 from=0xbc7A668f0B1595d535B4a2de710461E1C6eba785 nonce=50 recipient=0x7dc4d193051240848c7F4F19679e8514B148080f value=0
INFO [06-01|05:47:14.123] Submitted transaction                    hash=0xd6eb94a92579f0dd6034004c44c45775c20950ce502e52e922e255949597a034 from=0x97D85277E62c57d15268b3E644cdbbDA3706fBEa nonce=50 recipient=0x7dc4d193051240848c7F4F19679e8514B148080f value=0
INFO [06-01|05:47:14.264] Starting work on payload                 id=0x03372558e7da9035
INFO [06-01|05:47:14.313] Updated payload                          id=0x03372558e7da9035 number=123 hash=8f534b..87e7fc txs=4 withdrawals=0 gas=267,340    fees=0.00053468     root=8193c1..b352c4 elapsed=49.380ms
INFO [06-01|05:47:14.313] Stopping work on payload                 id=0x03372558e7da9035 reason=delivery
WARN [06-01|05:47:14.358] {"level":"warn","msg":"Slow block","block":{"number":123,"hash":"0x8f534bd5cec7e131f69b8867ac8da8dd582b6624ccdb7841551db292a987e7fc","gas_used":267340,"tx_count":4},"timing":{"execution_ms":0.431451,"state_read_ms":16.811124,"state_hash_ms":18.575928,"commit_ms":8.155839,"total_ms":44.183663},"throughput":{"mgas_per_sec":6.050652703919093},"state_reads":{"accounts":22,"storage_slots":0,"code":1,"code_bytes":869},"state_writes":{"accounts":10,"accounts_deleted":0,"storage_slots":0,"storage_slots_deleted":0,"code":4,"code_bytes":4},"cache":{"account":{"hits":16,"misses":6,"hit_rate":72.72727272727273},"storage":{"hits":0,"misses":0,"hit_rate":0},"code":{"hits":1,"misses":0,"hit_rate":100,"hit_bytes":869,"miss_bytes":0}}}
INFO [06-01|05:47:14.358] Imported new potential chain segment     number=123 hash=8f534b..87e7fc blocks=1 txs=4 mgas=0.267  elapsed=44.360ms    mgasps=6.027   triediffs=23.06MiB  triedirty=0.00B
INFO [06-01|05:47:14.358] Chain head was updated                   number=123 hash=8f534b..87e7fc root=8193c1..b352c4 elapsed="170.469µs"
INFO [06-01|05:47:14.363] Submitted transaction                    hash=0xa5a4f0a12118e4a2daf0c4b4c28dee9928942229d1cb5c5f92118460702f28b6 from=0x151775b94274FeE3696377A0B616a1221AC71326 nonce=50 recipient=0x7dc4d193051240848c7F4F19679e8514B148080f value=0
INFO [06-01|05:47:14.603] Submitted transaction                    hash=0x6e463fca05cf13a4bbf5d494be549e849d79c544a4980a85b9c8e7b083134387 from=0xcA56D5B749835d8Ab9cA8c1c4123e9B5002Fc0Ff nonce=50 recipient=0x7dc4d193051240848c7F4F19679e8514B148080f value=0
INFO [06-01|05:47:14.842] Submitted transaction                    hash=0x6152422c808b58b04482b8dae905052e50945bae175ef67b82eef6046e5f601c from=0xfB403fD865ddcc1C79F9987EDD0ADabC47C24bB9 nonce=50 recipient=0x7dc4d193051240848c7F4F19679e8514B148080f value=0
INFO [06-01|05:47:15.083] Submitted transaction                    hash=0xea1970866cf2a46bc8a2f26b3eea344cac20b28b071143cfd2a6f401787a7626 from=0x9e8E8A4256457eF170586329D9a01487aA0bA29e nonce=50 recipient=0x7dc4d193051240848c7F4F19679e8514B148080f value=0
INFO [06-01|05:47:15.322] Submitted transaction                    hash=0xb84bd996235430f5ab7ad2b3b8aa2dd4b2b02fb5314b1919eab36740e5c8a544 from=0x5AFc7eaFAA1e34De8e6fB9b014CFD08b18377F26 nonce=49 recipient=0x7dc4d193051240848c7F4F19679e8514B148080f value=0
INFO [06-01|05:47:15.363] Starting work on payload                 id=0x030f461a3bb65172
INFO [06-01|05:47:15.408] Updated payload                          id=0x030f461a3bb65172 number=124 hash=446677..65efcd txs=5 withdrawals=0 gas=334,175    fees=0.00066835     root=f2471b..8ff555 elapsed=44.272ms
INFO [06-01|05:47:15.408] Stopping work on payload                 id=0x030f461a3bb65172 reason=delivery
WARN [06-01|05:47:15.452] {"level":"warn","msg":"Slow block","block":{"number":124,"hash":"0x44667721cafaa7c47bb9092a2007574dc91829601ac68dcc7f1d17da0b65efcd","gas_used":334175,"tx_count":5},"timing":{"execution_ms":0.467113,"state_read_ms":19.08811,"state_hash_ms":12.335931,"commit_ms":11.380053,"total_ms":43.475249},"throughput":{"mgas_per_sec":7.686557470895681},"state_reads":{"accounts":26,"storage_slots":0,"code":1,"code_bytes":869},"state_writes":{"accounts":12,"accounts_deleted":0,"storage_slots":0,"storage_slots_deleted":0,"code":5,"code_bytes":5},"cache":{"account":{"hits":19,"misses":7,"hit_rate":73.07692307692307},"storage":{"hits":0,"misses":0,"hit_rate":0},"code":{"hits":1,"misses":0,"hit_rate":100,"hit_bytes":869,"miss_bytes":0}}}
INFO [06-01|05:47:15.452] Imported new potential chain segment     number=124 hash=446677..65efcd blocks=1 txs=5 mgas=0.334  elapsed=43.678ms    mgasps=7.651   triediffs=23.11MiB  triedirty=0.00B
INFO [06-01|05:47:15.452] Chain head was updated                   number=124 hash=446677..65efcd root=f2471b..8ff555 elapsed="101.418µs"
INFO [06-01|05:47:15.563] Submitted transaction                    hash=0xce241130ff70f9c02cfa0b5b40d6a6afdf460978c963fad88f9b1aa9c27cfddf from=0x513978fc4d7fF9951AA177D59C7A1b9AA777119a nonce=49 recipient=0x7dc4d193051240848c7F4F19679e8514B148080f value=0
INFO [06-01|05:47:15.802] Submitted transaction                    hash=0x9a3a767e8c3055e487849e3823cefb45a3f4557f0cff73ba0a43b845eca8e343 from=0x225bD09Ef41092086C35444d335Df887A0691eD0 nonce=49 recipient=0x7dc4d193051240848c7F4F19679e8514B148080f value=0
INFO [06-01|05:47:16.043] Submitted transaction                    hash=0xad24fc31e2c4519c9e302239f6e1d58bbc086330ece22bd6f774f84d9d923172 from=0x0A114598D397AB388E751b917300055F2904166F nonce=49 recipient=0x7dc4d193051240848c7F4F19679e8514B148080f value=0
INFO [06-01|05:47:16.283] Submitted transaction                    hash=0x89bdc0eb23f0e042d352640134184d4ed5566f60a9a8de02a1c345ac202a6e33 from=0xbc7A668f0B1595d535B4a2de710461E1C6eba785 nonce=51 recipient=0x7dc4d193051240848c7F4F19679e8514B148080f value=0
INFO [06-01|05:47:16.461] Starting work on payload                 id=0x031af9cfa595d530
INFO [06-01|05:47:16.495] Updated payload                          id=0x031af9cfa595d530 number=125 hash=5edcc9..2cca25 txs=4 withdrawals=0 gas=267,340    fees=0.00053468     root=a924e6..df650f elapsed=33.260ms
INFO [06-01|05:47:16.495] Stopping work on payload                 id=0x031af9cfa595d530 reason=delivery
INFO [06-01|05:47:16.531] Submitted transaction                    hash=0x1422842b9f736782ae43996ff945fe0b58cda0caae70580e682a14874c572a5f from=0x97D85277E62c57d15268b3E644cdbbDA3706fBEa nonce=51 recipient=0x7dc4d193051240848c7F4F19679e8514B148080f value=0
WARN [06-01|05:47:16.535] {"level":"warn","msg":"Slow block","block":{"number":125,"hash":"0x5edcc92b6b2106c986221082d4398d1a5325eebff0c40b8b51b85d6afa2cca25","gas_used":267340,"tx_count":4},"timing":{"execution_ms":0.313723,"state_read_ms":19.939538,"state_hash_ms":6.587459,"commit_ms":13.392758,"total_ms":40.413798},"throughput":{"mgas_per_sec":6.615067457901383},"state_reads":{"accounts":22,"storage_slots":0,"code":1,"code_bytes":869},"state_writes":{"accounts":10,"accounts_deleted":0,"storage_slots":0,"storage_slots_deleted":0,"code":4,"code_bytes":4},"cache":{"account":{"hits":14,"misses":8,"hit_rate":63.63636363636363},"storage":{"hits":0,"misses":0,"hit_rate":0},"code":{"hits":1,"misses":0,"hit_rate":100,"hit_bytes":869,"miss_bytes":0}}}
INFO [06-01|05:47:16.535] Imported new potential chain segment     number=125 hash=5edcc9..2cca25 blocks=1 txs=4 mgas=0.267  elapsed=40.539ms    mgasps=6.595   triediffs=23.15MiB  triedirty=0.00B
INFO [06-01|05:47:16.536] Chain head was updated                   number=125 hash=5edcc9..2cca25 root=a924e6..df650f elapsed="89.324µs"
INFO [06-01|05:47:16.762] Submitted transaction                    hash=0x5048031409d27e596205600bbf9f9f595d3cf626f74a3d48af4cbeba70fe7dc0 from=0x151775b94274FeE3696377A0B616a1221AC71326 nonce=51 recipient=0x7dc4d193051240848c7F4F19679e8514B148080f value=0
INFO [06-01|05:47:17.003] Submitted transaction                    hash=0x6207e9a16d14cb73ed8788e883ea5dd43d2e49eb840fe6cb9eb12ee07bda1ac7 from=0xcA56D5B749835d8Ab9cA8c1c4123e9B5002Fc0Ff nonce=51 recipient=0x7dc4d193051240848c7F4F19679e8514B148080f value=0
INFO [06-01|05:47:17.243] Submitted transaction                    hash=0x657ea4d6598b6e6919a446a17b1ef46bb9265d0918ff73ba40c2eab6671f1691 from=0xfB403fD865ddcc1C79F9987EDD0ADabC47C24bB9 nonce=51 recipient=0x7dc4d193051240848c7F4F19679e8514B148080f value=0
INFO [06-01|05:47:17.483] Submitted transaction                    hash=0xa92af2cdbe3761dda011528359b7009de5125947f32e776fa32ae2f53ea5dbc4 from=0x9e8E8A4256457eF170586329D9a01487aA0bA29e nonce=51 recipient=0x7dc4d193051240848c7F4F19679e8514B148080f value=0
INFO [06-01|05:47:17.540] Starting work on payload                 id=0x038ecd63f1c72782
INFO [06-01|05:47:17.591] Updated payload                          id=0x038ecd63f1c72782 number=126 hash=a6a6b4..9fa1c3 txs=5 withdrawals=0 gas=334,175    fees=0.00066835     root=bd4b41..deaf2d elapsed=50.448ms
INFO [06-01|05:47:17.591] Stopping work on payload                 id=0x038ecd63f1c72782 reason=delivery
WARN [06-01|05:47:17.635] {"level":"warn","msg":"Slow block","block":{"number":126,"hash":"0xa6a6b4ad62e09d3aa7ba3a7bdd451edd09dcc9fe14f999673fbc17e4049fa1c3","gas_used":334175,"tx_count":5},"timing":{"execution_ms":0.527233,"state_read_ms":17.110988,"state_hash_ms":17.822103,"commit_ms":8.578456,"total_ms":44.25044},"throughput":{"mgas_per_sec":7.551902308768003},"state_reads":{"accounts":26,"storage_slots":0,"code":1,"code_bytes":869},"state_writes":{"accounts":12,"accounts_deleted":0,"storage_slots":0,"storage_slots_deleted":0,"code":5,"code_bytes":5},"cache":{"account":{"hits":20,"misses":6,"hit_rate":76.92307692307693},"storage":{"hits":0,"misses":0,"hit_rate":0},"code":{"hits":1,"misses":0,"hit_rate":100,"hit_bytes":869,"miss_bytes":0}}}
INFO [06-01|05:47:17.635] Imported new potential chain segment     number=126 hash=a6a6b4..9fa1c3 blocks=1 txs=5 mgas=0.334  elapsed=44.472ms    mgasps=7.514   triediffs=23.20MiB  triedirty=0.00B
INFO [06-01|05:47:17.636] Chain head was updated                   number=126 hash=a6a6b4..9fa1c3 root=bd4b41..deaf2d elapsed="166.145µs"
INFO [06-01|05:47:18.640] Starting work on payload                 id=0x03719ebdbc141fa5
INFO [06-01|05:47:18.646] Updated payload                          id=0x03719ebdbc141fa5 number=127 hash=d67ed5..9b667f txs=0 withdrawals=0 gas=0          fees=0              root=bd4b41..deaf2d elapsed=5.806ms
INFO [06-01|05:47:18.653] Stopping work on payload                 id=0x03719ebdbc141fa5 reason=delivery
WARN [06-01|05:47:18.658] {"level":"warn","msg":"Slow block","block":{"number":127,"hash":"0xd67ed5a8565ad994e78e0b4dcd6310e0d383e422da09412b8b1efcc6af9b667f","gas_used":0,"tx_count":0},"timing":{"execution_ms":0.03374,"state_read_ms":11.182093,"state_hash_ms":0.112829,"commit_ms":0.272747,"total_ms":11.778592},"throughput":{"mgas_per_sec":0},"state_reads":{"accounts":4,"storage_slots":0,"code":0,"code_bytes":0},"state_writes":{"accounts":0,"accounts_deleted":0,"storage_slots":0,"storage_slots_deleted":0,"code":0,"code_bytes":0},"cache":{"account":{"hits":0,"misses":4,"hit_rate":0},"storage":{"hits":0,"misses":0,"hit_rate":0},"code":{"hits":0,"misses":0,"hit_rate":0,"hit_bytes":0,"miss_bytes":0}}}
INFO [06-01|05:47:18.658] Imported new potential chain segment     number=127 hash=d67ed5..9b667f blocks=1 txs=0 mgas=0.000  elapsed=11.968ms    mgasps=0.000   triediffs=23.20MiB  triedirty=0.00B
INFO [06-01|05:47:18.658] Chain head was updated                   number=127 hash=d67ed5..9b667f root=bd4b41..deaf2d elapsed="63.467µs"
INFO [06-01|05:47:19.679] Starting work on payload                 id=0x034c1cd34109813e
INFO [06-01|05:47:19.693] Updated payload                          id=0x034c1cd34109813e number=128 hash=a2e2eb..e56aa4 txs=0 withdrawals=0 gas=0          fees=0              root=bd4b41..deaf2d elapsed=14.337ms
INFO [06-01|05:47:19.693] Stopping work on payload                 id=0x034c1cd34109813e reason=delivery
INFO [06-01|05:47:19.696] Got interrupt, shutting down...
INFO [06-01|05:47:19.696] HTTP server stopped                      endpoint=127.0.0.1:8545
INFO [06-01|05:47:19.696] HTTP server stopped                      endpoint=127.0.0.1:8546
INFO [06-01|05:47:19.696] IPC endpoint closed                      url=/mnt/state_expiry_vol_data/ubt-vs-pbt-dbs/pbt/geth.ipc
INFO [06-01|05:47:19.696] Ethereum protocol stopped
INFO [06-01|05:47:19.696] Transaction pool stopped
WARN [06-01|05:47:19.697] {"level":"warn","msg":"Slow block","block":{"number":128,"hash":"0xa2e2eb6984caba94f5eda4739b3d2b3ead275597729322386e03fb5e9be56aa4","gas_used":0,"tx_count":0},"timing":{"execution_ms":0.044849,"state_read_ms":3.240488,"state_hash_ms":0.075875,"commit_ms":0.209033,"total_ms":3.772711},"throughput":{"mgas_per_sec":0},"state_reads":{"accounts":4,"storage_slots":0,"code":0,"code_bytes":0},"state_writes":{"accounts":0,"accounts_deleted":0,"storage_slots":0,"storage_slots_deleted":0,"code":0,"code_bytes":0},"cache":{"account":{"hits":0,"misses":4,"hit_rate":0},"storage":{"hits":0,"misses":0,"hit_rate":0},"code":{"hits":0,"misses":0,"hit_rate":0,"hit_bytes":0,"miss_bytes":0}}}
INFO [06-01|05:47:19.697] Imported new potential chain segment     number=128 hash=a2e2eb..e56aa4 blocks=1 txs=0 mgas=0.000  elapsed=3.952ms     mgasps=0.000   triediffs=23.20MiB  triedirty=0.00B
WARN [06-01|05:47:19.698] Error performing sealing work            err="blockchain is stopped"
INFO [06-01|05:47:19.698] Persisting dirty state                   head=126 root=bd4b41..deaf2d layers=110
INFO [06-01|05:47:19.939] Persisted dirty state to file            path=/mnt/state_expiry_vol_data/ubt-vs-pbt-dbs/pbt/geth/triedb/verkle.journal size=19.85MiB elapsed=241.548ms
INFO [06-01|05:47:19.949] Blockchain stopped
