time="2026-06-02T03:25:25Z" level=info msg="starting spamoor" buildtime="2026-05-15T09:05:13Z" version=git-dc60b60
time="2026-06-02T03:25:25Z" level=info msg="initialized client pool with 1 clients (chain id: 1337)" module=clientpool
time="2026-06-02T03:25:25Z" level=info msg="client check completed (1 good clients, 0 bad clients)" module=clientpool
time="2026-06-02T03:25:25Z" level=info msg="initialized block stats from latest block: gasLimit=40464598 baseFee=18120986994 amsterdam=false"
time="2026-06-02T03:25:25Z" level=info msg="initialized root wallet (addr: 0xf39Fd6e51aad88F6F4ce6aB8827279cffFb92266 balance: 999994967 ETH, nonce: 2485)"
time="2026-06-02T03:25:25Z" level=info msg="Init code hash: 0x5fd875ef7d60f65991512743b1cdf42b8d3116d2e91e85f05d2482819c20b4e7" scenario=factorydeploytx
time="2026-06-02T03:25:25Z" level=debug msg="initialized child wallet    0 (addr: 0xbc7A668f0B1595d535B4a2de710461E1C6eba785, balance: 52 ETH, nonce: 99)" module=walletpool
time="2026-06-02T03:25:25Z" level=debug msg="initialized child wallet    1 (addr: 0x97D85277E62c57d15268b3E644cdbbDA3706fBEa, balance: 52 ETH, nonce: 99)" module=walletpool
time="2026-06-02T03:25:25Z" level=debug msg="initialized child wallet    2 (addr: 0x151775b94274FeE3696377A0B616a1221AC71326, balance: 52 ETH, nonce: 104)" module=walletpool
time="2026-06-02T03:25:25Z" level=debug msg="initialized child wallet    3 (addr: 0xcA56D5B749835d8Ab9cA8c1c4123e9B5002Fc0Ff, balance: 52 ETH, nonce: 111)" module=walletpool
time="2026-06-02T03:25:25Z" level=debug msg="initialized child wallet    4 (addr: 0xfB403fD865ddcc1C79F9987EDD0ADabC47C24bB9, balance: 52 ETH, nonce: 111)" module=walletpool
time="2026-06-02T03:25:25Z" level=debug msg="initialized child wallet    5 (addr: 0x9e8E8A4256457eF170586329D9a01487aA0bA29e, balance: 52 ETH, nonce: 111)" module=walletpool
time="2026-06-02T03:25:25Z" level=debug msg="initialized child wallet    6 (addr: 0x5AFc7eaFAA1e34De8e6fB9b014CFD08b18377F26, balance: 52 ETH, nonce: 95)" module=walletpool
time="2026-06-02T03:25:25Z" level=debug msg="initialized child wallet    7 (addr: 0x513978fc4d7fF9951AA177D59C7A1b9AA777119a, balance: 52 ETH, nonce: 95)" module=walletpool
time="2026-06-02T03:25:25Z" level=debug msg="initialized child wallet    8 (addr: 0x225bD09Ef41092086C35444d335Df887A0691eD0, balance: 52 ETH, nonce: 95)" module=walletpool
time="2026-06-02T03:25:25Z" level=debug msg="initialized child wallet    9 (addr: 0x0A114598D397AB388E751b917300055F2904166F, balance: 52 ETH, nonce: 95)" module=walletpool
time="2026-06-02T03:25:25Z" level=debug msg="initialized child wallet   10 (addr: 0xf04e331F27668d374Cb46fb5f4265EbD1BD03107, balance: 49 ETH, nonce: 7)" module=walletpool
time="2026-06-02T03:25:25Z" level=debug msg="initialized child wallet   11 (addr: 0x624d9A84e8ADb56178877F12F0aE0954dbfd26A8, balance: 49 ETH, nonce: 7)" module=walletpool
time="2026-06-02T03:25:25Z" level=debug msg="initialized child wallet   12 (addr: 0xbc06ba9DDbDC5F13D86cB36366ad946311927714, balance: 49 ETH, nonce: 7)" module=walletpool
time="2026-06-02T03:25:25Z" level=debug msg="initialized child wallet   13 (addr: 0x1FBfA68dAAA61a44bFc607E62823Bc8faBE37f23, balance: 49 ETH, nonce: 7)" module=walletpool
time="2026-06-02T03:25:25Z" level=debug msg="initialized child wallet   14 (addr: 0xFBA625f26AB03776491B235e9Ec3d060953C8928, balance: 49 ETH, nonce: 7)" module=walletpool
time="2026-06-02T03:25:25Z" level=debug msg="initialized child wallet   15 (addr: 0xa72bd565c24414DBB57620321F83DA003947fA60, balance: 49 ETH, nonce: 7)" module=walletpool
time="2026-06-02T03:25:25Z" level=debug msg="initialized child wallet   16 (addr: 0xA3E1a4091aD6069C3604F4E9Bb23A631F33AC07E, balance: 49 ETH, nonce: 7)" module=walletpool
time="2026-06-02T03:25:25Z" level=debug msg="initialized child wallet   17 (addr: 0xAd0f4C50D24Cee739Fe16FD31cc58b65027d604a, balance: 49 ETH, nonce: 7)" module=walletpool
time="2026-06-02T03:25:25Z" level=debug msg="initialized child wallet   18 (addr: 0x62A83f1bf663DF5aE335d755d6dF6F03a6127f91, balance: 49 ETH, nonce: 7)" module=walletpool
time="2026-06-02T03:25:25Z" level=debug msg="initialized child wallet   19 (addr: 0xa317f2A737C26158f7087d9eD7e27584abbF9F71, balance: 49 ETH, nonce: 7)" module=walletpool
time="2026-06-02T03:25:25Z" level=debug msg="initialized child wallet   20 (addr: 0xec8B089336e3889D06e7b8d40F09ed9efa58A44c, balance: 49 ETH, nonce: 7)" module=walletpool
time="2026-06-02T03:25:25Z" level=debug msg="initialized child wallet   21 (addr: 0xd918950aBb2BcF4D56194a30e055F3269ABbf438, balance: 49 ETH, nonce: 7)" module=walletpool
time="2026-06-02T03:25:25Z" level=debug msg="initialized child wallet   22 (addr: 0x402a7E570209D2Dd2b2F5eCfB7703aB359656dD3, balance: 49 ETH, nonce: 7)" module=walletpool
time="2026-06-02T03:25:25Z" level=debug msg="initialized child wallet   23 (addr: 0xCa0714B594E7c2cBa2ba358B406920E1a7c823EF, balance: 49 ETH, nonce: 7)" module=walletpool
time="2026-06-02T03:25:25Z" level=debug msg="initialized child wallet   24 (addr: 0x155e8225227e098Cf9A8256FE290DA11a3C4A31b, balance: 49 ETH, nonce: 7)" module=walletpool
time="2026-06-02T03:25:25Z" level=debug msg="initialized child wallet   25 (addr: 0xFfB1FC42132babD823edB2029F19aa5744965011, balance: 49 ETH, nonce: 7)" module=walletpool
time="2026-06-02T03:25:25Z" level=debug msg="initialized child wallet   26 (addr: 0xD4e1B3953F7D4946c5710128cF8a8Ed9e90be77a, balance: 49 ETH, nonce: 7)" module=walletpool
time="2026-06-02T03:25:25Z" level=debug msg="initialized child wallet   27 (addr: 0x59AE473Fe82468EE0f8F7d5Ce6299BAD642029Be, balance: 49 ETH, nonce: 7)" module=walletpool
time="2026-06-02T03:25:25Z" level=debug msg="initialized child wallet   28 (addr: 0xbBeFfe030C2ceb2c2e17252128D271E364Ee5599, balance: 49 ETH, nonce: 7)" module=walletpool
time="2026-06-02T03:25:25Z" level=debug msg="initialized child wallet   29 (addr: 0x42C5FE94B12Eebb091EF9FE9c5C688F68F5123BB, balance: 49 ETH, nonce: 7)" module=walletpool
time="2026-06-02T03:25:25Z" level=debug msg="initialized child wallet   30 (addr: 0xfcE739Fa3638E441F1Ad39986E341D259B9e5331, balance: 49 ETH, nonce: 7)" module=walletpool
time="2026-06-02T03:25:25Z" level=debug msg="initialized child wallet   31 (addr: 0x91485c899402c6452CF3fAF2f52ef0a6E75b11fd, balance: 49 ETH, nonce: 7)" module=walletpool
time="2026-06-02T03:25:25Z" level=debug msg="initialized child wallet   32 (addr: 0xd29Dc90EF9A948A708B809ed111284Aa9e3AEd21, balance: 49 ETH, nonce: 7)" module=walletpool
time="2026-06-02T03:25:25Z" level=debug msg="initialized child wallet   33 (addr: 0x9460208faBC2a50AFEf124c1f96ECBbf106D9044, balance: 49 ETH, nonce: 7)" module=walletpool
time="2026-06-02T03:25:25Z" level=debug msg="initialized child wallet   34 (addr: 0x50fac0CaF045cf9094Ecb95FD9e7881a576EC521, balance: 49 ETH, nonce: 7)" module=walletpool
time="2026-06-02T03:25:25Z" level=debug msg="initialized child wallet   35 (addr: 0x4BCd1769460a4bc03B7a206d15635F4F7Bbf6D62, balance: 49 ETH, nonce: 7)" module=walletpool
time="2026-06-02T03:25:25Z" level=debug msg="initialized child wallet   36 (addr: 0x3929c0841772Ddaf8D8718CD6Ce7535E060648e7, balance: 49 ETH, nonce: 7)" module=walletpool
time="2026-06-02T03:25:25Z" level=debug msg="initialized child wallet   37 (addr: 0xf0aae0F82210Bf009A012CE4358bb74549f57d18, balance: 49 ETH, nonce: 7)" module=walletpool
time="2026-06-02T03:25:25Z" level=debug msg="initialized child wallet   38 (addr: 0xd74D2983862D06dBa4209bb7a6aeAbb34647A19E, balance: 49 ETH, nonce: 7)" module=walletpool
time="2026-06-02T03:25:25Z" level=debug msg="initialized child wallet   39 (addr: 0xeda76536aEF29B39D65B8cA2f6933c26DFa94B01, balance: 49 ETH, nonce: 7)" module=walletpool
time="2026-06-02T03:25:25Z" level=debug msg="initialized child wallet   40 (addr: 0x1A92B9BEdA54e871916994a364169a2cFCDe9798, balance: 49 ETH, nonce: 7)" module=walletpool
time="2026-06-02T03:25:25Z" level=debug msg="initialized child wallet   41 (addr: 0x7953B6710402a35A942FD0FC737045FCCB123218, balance: 49 ETH, nonce: 7)" module=walletpool
time="2026-06-02T03:25:25Z" level=debug msg="initialized child wallet   42 (addr: 0x3c417f02563FEFf2c3F1dC1E168c903e5Fe2F96b, balance: 49 ETH, nonce: 7)" module=walletpool
time="2026-06-02T03:25:25Z" level=debug msg="initialized child wallet   43 (addr: 0xCb931047103f09AE24C5cc31924F7381361Db227, balance: 49 ETH, nonce: 7)" module=walletpool
time="2026-06-02T03:25:25Z" level=debug msg="initialized child wallet   44 (addr: 0x93f10eb62eA5C1D1dADda2243874C14055711680, balance: 49 ETH, nonce: 7)" module=walletpool
time="2026-06-02T03:25:25Z" level=debug msg="initialized child wallet   45 (addr: 0x244Db3595f654CdAF9B944194832db50905Ee7E4, balance: 49 ETH, nonce: 7)" module=walletpool
time="2026-06-02T03:25:25Z" level=debug msg="initialized child wallet   46 (addr: 0xaebD80Bbb16F0B07E3B272c13321022E8045863a, balance: 49 ETH, nonce: 7)" module=walletpool
time="2026-06-02T03:25:25Z" level=debug msg="initialized child wallet   47 (addr: 0xDCFa76cDF7FAAa7620660249aeA52527fBB44B1c, balance: 49 ETH, nonce: 7)" module=walletpool
time="2026-06-02T03:25:25Z" level=debug msg="initialized child wallet   48 (addr: 0xc29D5121BC03D0Be72Ef40Bbc30d6f695d45D65B, balance: 49 ETH, nonce: 7)" module=walletpool
time="2026-06-02T03:25:25Z" level=debug msg="initialized child wallet   49 (addr: 0x175fB7Ac9ADc815cd27187a0155b7925CAf6ae25, balance: 49 ETH, nonce: 7)" module=walletpool
time="2026-06-02T03:25:25Z" level=debug msg="initialized child wallet   50 (addr: 0x8a4b21A0f166EA01230A5Fac39Ba2186bf49fC79, balance: 49 ETH, nonce: 7)" module=walletpool
time="2026-06-02T03:25:25Z" level=debug msg="initialized child wallet   51 (addr: 0x158006F4b8df6Cc35b17D85675999B782dA1771e, balance: 49 ETH, nonce: 7)" module=walletpool
time="2026-06-02T03:25:25Z" level=debug msg="initialized child wallet   52 (addr: 0xb05d5EE711f34122d68CdD0e7ae991200A26be38, balance: 49 ETH, nonce: 7)" module=walletpool
time="2026-06-02T03:25:25Z" level=debug msg="initialized child wallet   53 (addr: 0x82eB5376D01794e7c3A979558513A963eFF2dC73, balance: 49 ETH, nonce: 7)" module=walletpool
time="2026-06-02T03:25:25Z" level=debug msg="initialized child wallet   54 (addr: 0x2fBF0D8Ced888a2a44a2db75A4C8671032A6E76b, balance: 49 ETH, nonce: 7)" module=walletpool
time="2026-06-02T03:25:25Z" level=debug msg="initialized child wallet   55 (addr: 0x00D01a772fda0834Ab8C5F8Fb89dF0cDa3Bb2D32, balance: 49 ETH, nonce: 7)" module=walletpool
time="2026-06-02T03:25:25Z" level=debug msg="initialized child wallet   56 (addr: 0x0af3a5b6776E1e2da0D7060eBADe034c0830eF5f, balance: 49 ETH, nonce: 7)" module=walletpool
time="2026-06-02T03:25:25Z" level=debug msg="initialized child wallet   57 (addr: 0xB6579e4C9656b6ff60E79B1C6A4C175065287a58, balance: 49 ETH, nonce: 7)" module=walletpool
time="2026-06-02T03:25:25Z" level=debug msg="initialized child wallet   58 (addr: 0xa3f262872BcB983F9353251fFa5E7636DdDdc988, balance: 49 ETH, nonce: 7)" module=walletpool
time="2026-06-02T03:25:25Z" level=debug msg="initialized child wallet   59 (addr: 0x7f96D7c7b68D3692a0F5B27fC2c8FC78bDd49c05, balance: 49 ETH, nonce: 7)" module=walletpool
time="2026-06-02T03:25:25Z" level=debug msg="initialized child wallet   60 (addr: 0x462ae149a635B331CFEbE2419b9e8Ed3Cf020b43, balance: 49 ETH, nonce: 7)" module=walletpool
time="2026-06-02T03:25:25Z" level=debug msg="initialized child wallet   61 (addr: 0xb2b760543B403b2db5A01e09e7e2F4Bf1bBB44Ce, balance: 49 ETH, nonce: 7)" module=walletpool
time="2026-06-02T03:25:25Z" level=debug msg="initialized child wallet   62 (addr: 0x5B56b613b87b10887492F83E66D7823dE4d368d4, balance: 49 ETH, nonce: 7)" module=walletpool
time="2026-06-02T03:25:25Z" level=debug msg="initialized child wallet   63 (addr: 0x538A2F0567Aab687c680C12a72888899C9ECbeE6, balance: 49 ETH, nonce: 7)" module=walletpool
time="2026-06-02T03:25:25Z" level=debug msg="initialized child wallet   64 (addr: 0xBDB3DCeF1a953c86e6D0D71f52dBD05AE240dF02, balance: 49 ETH, nonce: 7)" module=walletpool
time="2026-06-02T03:25:25Z" level=debug msg="initialized child wallet   65 (addr: 0x33E4986c90da2c33C1705fd8aA2DE399AA4B4817, balance: 49 ETH, nonce: 7)" module=walletpool
time="2026-06-02T03:25:25Z" level=debug msg="initialized child wallet   66 (addr: 0x362da3aFA1a541b1122246F41DA5767394287861, balance: 49 ETH, nonce: 7)" module=walletpool
time="2026-06-02T03:25:25Z" level=debug msg="initialized child wallet   67 (addr: 0x6dfA1A0f9d0CbF2a772CcF52Ef789Ac237E223a4, balance: 49 ETH, nonce: 7)" module=walletpool
time="2026-06-02T03:25:25Z" level=debug msg="initialized child wallet   68 (addr: 0x7A41e869b88F8D146Bccb58F62A1AD7aA3f5470e, balance: 49 ETH, nonce: 7)" module=walletpool
time="2026-06-02T03:25:25Z" level=debug msg="initialized child wallet   69 (addr: 0x831d76C0127dCDb9DA135a5EECCE9344Eb23C9EA, balance: 49 ETH, nonce: 7)" module=walletpool
time="2026-06-02T03:25:25Z" level=debug msg="initialized child wallet   70 (addr: 0xc34a564286B966Ccb858b4D02a201e1a1E3a44cE, balance: 49 ETH, nonce: 7)" module=walletpool
time="2026-06-02T03:25:25Z" level=debug msg="initialized child wallet   71 (addr: 0x56a56f34191d9d8cd18C607b92349e983A9124a4, balance: 49 ETH, nonce: 7)" module=walletpool
time="2026-06-02T03:25:25Z" level=debug msg="initialized child wallet   72 (addr: 0x9bF2B6502BDB3EA68fc6F99c31f792e1A07861B9, balance: 49 ETH, nonce: 7)" module=walletpool
time="2026-06-02T03:25:25Z" level=debug msg="initialized child wallet   73 (addr: 0x8a0b9F24D7f5b9a2882875F33871E9B3b2b94763, balance: 49 ETH, nonce: 7)" module=walletpool
time="2026-06-02T03:25:25Z" level=debug msg="initialized child wallet   74 (addr: 0x607aD970Feca1B73E112b5E641A83e6C2C3878dC, balance: 49 ETH, nonce: 7)" module=walletpool
time="2026-06-02T03:25:25Z" level=debug msg="initialized child wallet   75 (addr: 0xf018FC130E70afD45715365030AFB016a0A88F00, balance: 49 ETH, nonce: 7)" module=walletpool
time="2026-06-02T03:25:25Z" level=debug msg="initialized child wallet   76 (addr: 0x2626010F087c027d91891DD05673CCfE4735d269, balance: 49 ETH, nonce: 7)" module=walletpool
time="2026-06-02T03:25:25Z" level=debug msg="initialized child wallet   77 (addr: 0xB4341455DA6B9e0fEa36414913d1CF9E9d956dAC, balance: 49 ETH, nonce: 7)" module=walletpool
time="2026-06-02T03:25:25Z" level=debug msg="initialized child wallet   78 (addr: 0xbb0A840d3e7605Fc1E717F883B5C61BA57e41d6d, balance: 49 ETH, nonce: 7)" module=walletpool
time="2026-06-02T03:25:25Z" level=debug msg="initialized child wallet   79 (addr: 0xAF81c4b10F5E482929fd978091C2BE400f54e03f, balance: 49 ETH, nonce: 7)" module=walletpool
time="2026-06-02T03:25:25Z" level=debug msg="initialized child wallet   80 (addr: 0xDFFe4e2038263fF069109e14d8325d6AcFfA4E28, balance: 49 ETH, nonce: 7)" module=walletpool
time="2026-06-02T03:25:25Z" level=debug msg="initialized child wallet   81 (addr: 0x6355943e6c521f7510cEf25EF95C010aE0c3aecf, balance: 49 ETH, nonce: 7)" module=walletpool
time="2026-06-02T03:25:25Z" level=debug msg="initialized child wallet   82 (addr: 0x485E9D84EeB74c3eBc7A566da2245fa91808AA19, balance: 49 ETH, nonce: 7)" module=walletpool
time="2026-06-02T03:25:25Z" level=debug msg="initialized child wallet   83 (addr: 0xBE3243dA285d0aa5CbC20559C6C90f8693377DfF, balance: 49 ETH, nonce: 7)" module=walletpool
time="2026-06-02T03:25:25Z" level=debug msg="initialized child wallet   84 (addr: 0xe707BdBfa2415BF096F632BAB6FB100b782435dd, balance: 49 ETH, nonce: 7)" module=walletpool
time="2026-06-02T03:25:25Z" level=debug msg="initialized child wallet   85 (addr: 0xd8F2f3a0B401d1088bBfc087929c95FFd51E017e, balance: 49 ETH, nonce: 7)" module=walletpool
time="2026-06-02T03:25:25Z" level=debug msg="initialized child wallet   86 (addr: 0xAB411B7f72aCF29743Feb508271074bEB63d1C2d, balance: 49 ETH, nonce: 7)" module=walletpool
time="2026-06-02T03:25:25Z" level=debug msg="initialized child wallet   87 (addr: 0xba3893D222d0F9cCFaB7FAA821b3a8Cd9329796c, balance: 49 ETH, nonce: 7)" module=walletpool
time="2026-06-02T03:25:25Z" level=debug msg="initialized child wallet   88 (addr: 0xF3e1ef458359759b701ED46C2d7833687cFabc1d, balance: 49 ETH, nonce: 7)" module=walletpool
time="2026-06-02T03:25:25Z" level=debug msg="initialized child wallet   89 (addr: 0xF77bb64EA03Fa50012236C8732A54FfaF359452D, balance: 49 ETH, nonce: 7)" module=walletpool
time="2026-06-02T03:25:25Z" level=debug msg="initialized child wallet   90 (addr: 0xbe72daF3d5419f753b388456e854B104EE97E411, balance: 49 ETH, nonce: 7)" module=walletpool
time="2026-06-02T03:25:25Z" level=debug msg="initialized child wallet   91 (addr: 0xbceb9B00f966752F079Cb3cc1FB4Ad8f9F4d4Dad, balance: 49 ETH, nonce: 7)" module=walletpool
time="2026-06-02T03:25:25Z" level=debug msg="initialized child wallet   92 (addr: 0xAA9F09F614B8597c0bF39A9FeBAb51fF05c68EB8, balance: 49 ETH, nonce: 7)" module=walletpool
time="2026-06-02T03:25:25Z" level=debug msg="initialized child wallet   93 (addr: 0x47C63D8154F9A117eFd1F6A144C2CC8D2Ad2C556, balance: 49 ETH, nonce: 7)" module=walletpool
time="2026-06-02T03:25:25Z" level=debug msg="initialized child wallet   94 (addr: 0x012fD70c783f862890e3E539B6e4bD1bE48eBaFA, balance: 49 ETH, nonce: 7)" module=walletpool
time="2026-06-02T03:25:25Z" level=debug msg="initialized child wallet   95 (addr: 0x63749Bd229F20e1e68B4517272a8061671eAA2a2, balance: 49 ETH, nonce: 7)" module=walletpool
time="2026-06-02T03:25:25Z" level=debug msg="initialized child wallet   96 (addr: 0xA0A863BE1B86065eB325eC3BdA588a16df5F2ae5, balance: 49 ETH, nonce: 7)" module=walletpool
time="2026-06-02T03:25:25Z" level=debug msg="initialized child wallet   97 (addr: 0x07D2b14269E907F7520862Be6E61558cBC752105, balance: 49 ETH, nonce: 7)" module=walletpool
time="2026-06-02T03:25:25Z" level=debug msg="initialized child wallet   98 (addr: 0xA2C2897b38664526b305353734c2b1Cb086aCffa, balance: 49 ETH, nonce: 7)" module=walletpool
time="2026-06-02T03:25:25Z" level=debug msg="initialized child wallet   99 (addr: 0xE14829a3a1C704D94B34Dc498876d4fd84f08CEF, balance: 49 ETH, nonce: 7)" module=walletpool
time="2026-06-02T03:25:25Z" level=info msg="initialized 100 child wallets" module=walletpool
time="2026-06-02T03:25:25Z" level=info msg="starting scenario: factorydeploytx" scenario=factorydeploytx
time="2026-06-02T03:25:25Z" level=info msg="Factory already exists at 0x7dc4d193051240848c7F4F19679e8514B148080f" scenario=factorydeploytx
time="2026-06-02T03:25:25Z" level=info msg="using CREATE2 factory at: 0x7dc4d193051240848c7F4F19679e8514B148080f" scenario=factorydeploytx
time="2026-06-02T03:25:25Z" level=debug msg="sent deployment tx #     1: 0x095f7f8d5b4892345a6519afd78153e5a2f994964373416d42119580af9f51f5" nonce=99 rpc="localhost:8545" scenario=factorydeploytx wallet=1
time="2026-06-02T03:25:25Z" level=debug msg="sent deployment tx #     2: 0xfc2edde5a9f00fd705fa2c1e15ce1f6e21b921b24c8353ae24b1b727ade1944c" nonce=99 rpc="localhost:8545" scenario=factorydeploytx wallet=2
time="2026-06-02T03:25:26Z" level=debug msg="sent deployment tx #     3: 0xc9df3ee904ca3677855d9b831b4c821914730cc9b8dfe3aec970b4dd8d50367b" nonce=104 rpc="localhost:8545" scenario=factorydeploytx wallet=3
time="2026-06-02T03:25:26Z" level=debug msg="sent deployment tx #     4: 0x128195e858a5b9d200fb9b5fbe2a61dd33333da9ea5673d7c174ef8cae005788" nonce=111 rpc="localhost:8545" scenario=factorydeploytx wallet=4
time="2026-06-02T03:25:26Z" level=debug msg="sent deployment tx #     5: 0x80ae47592038aa8ecb60895fec81a357c8919029d2938ccda3c1c71bf376dfd8" nonce=111 rpc="localhost:8545" scenario=factorydeploytx wallet=5
time="2026-06-02T03:25:26Z" level=debug msg="sent deployment tx #     6: 0x3b1fd05148b89565f8379010c0961c06a1832c0b0a05f7a5d2a3d06b055d9e03" nonce=111 rpc="localhost:8545" scenario=factorydeploytx wallet=6
time="2026-06-02T03:25:27Z" level=debug msg="sent deployment tx #     7: 0x73f2e9fddd9f96a36f783b1b06353af776658c99c884c760f21f7e7d3a3ba02d" nonce=95 rpc="localhost:8545" scenario=factorydeploytx wallet=7
time="2026-06-02T03:25:27Z" level=debug msg="sent deployment tx #     8: 0xf1cd97f97d2d3d8028e364d1f151325dbd8ccfc2f5fd10ec3441e18c41d8b249" nonce=95 rpc="localhost:8545" scenario=factorydeploytx wallet=8
time="2026-06-02T03:25:27Z" level=debug msg="sent deployment tx #     9: 0xa7a0c296943f1ec8c91841f3ec7598d3f72a7e81a595910ad2ecad90fb739da7" nonce=95 rpc="localhost:8545" scenario=factorydeploytx wallet=9
time="2026-06-02T03:25:27Z" level=debug msg="sent deployment tx #    10: 0x988a5890aa246155c1bafc5f2ec471ebb115eeb12797a5d102811fada7657d03" nonce=95 rpc="localhost:8545" scenario=factorydeploytx wallet=10
time="2026-06-02T03:25:28Z" level=debug msg="sent deployment tx #    11: 0x604cf7dc715323909deecdca17084150589ac6544e55adf67a0bfe37ab0c6d43" nonce=7 rpc="localhost:8545" scenario=factorydeploytx wallet=11
time="2026-06-02T03:25:28Z" level=debug msg="sent deployment tx #    12: 0x11449b29ff10c1af3f1f49628489814ba15f2482d6b7abf8c92779686f581e14" nonce=7 rpc="localhost:8545" scenario=factorydeploytx wallet=12
time="2026-06-02T03:25:28Z" level=debug msg="sent deployment tx #    13: 0x29d738cc59a7ff222a008cf08a51e06d6bdf543ad3c9a5326569a3864616594a" nonce=7 rpc="localhost:8545" scenario=factorydeploytx wallet=13
time="2026-06-02T03:25:28Z" level=debug msg="deployment tx 1 confirmed in block #8962. deployed at: 0x65EDBE30563e42eE29977d9AbE815a4286a13372, total fee: 1193396 gwei (base: 17)" rpc="localhost:8545" scenario=factorydeploytx
time="2026-06-02T03:25:28Z" level=info msg="processed block 8962:  2 total tx, 2 tx confirmed from 2 wallets (908.922µs, 336.571µs)"
time="2026-06-02T03:25:28Z" level=info msg="block 8962: submitted=13, pending=11, confirmed=2, throughput: 5B=2.00 tx/B, 20B=2.00 tx/B, 60B=2.00 tx/B" scenario=factorydeploytx wallets=2
time="2026-06-02T03:25:28Z" level=debug msg="deployment tx 2 confirmed in block #8962. deployed at: 0x7ef8711870b4a74Fa83fe53244Ef31c3A29cb9eF, total fee: 1193396 gwei (base: 17)" rpc="localhost:8545" scenario=factorydeploytx
time="2026-06-02T03:25:28Z" level=debug msg="deployment tx 3 confirmed in block #8963. deployed at: 0x3C44127AD68C68C8895722E60DB8e8991AfAC4DA, total fee: 1061805 gwei (base: 15)" rpc="localhost:8545" scenario=factorydeploytx
time="2026-06-02T03:25:28Z" level=debug msg="deployment tx 4 confirmed in block #8963. deployed at: 0x8eAd1922dEDb8f955FD439612214E8bF21bD660c, total fee: 1061805 gwei (base: 15)" rpc="localhost:8545" scenario=factorydeploytx
time="2026-06-02T03:25:28Z" level=debug msg="deployment tx 5 confirmed in block #8963. deployed at: 0xA3D91A4CE6b2274d8d12f27bdf2f80797F256645, total fee: 1061805 gwei (base: 15)" rpc="localhost:8545" scenario=factorydeploytx
time="2026-06-02T03:25:28Z" level=info msg="processed block 8963:  4 total tx, 4 tx confirmed from 4 wallets (1.338765ms, 427.298µs)"
time="2026-06-02T03:25:28Z" level=info msg="block 8963: submitted=0, pending=7, confirmed=4, throughput: 5B=3.00 tx/B, 20B=3.00 tx/B, 60B=3.00 tx/B" scenario=factorydeploytx wallets=4
time="2026-06-02T03:25:28Z" level=debug msg="deployment tx 6 confirmed in block #8963. deployed at: 0x535acC440314879856E1aa8590398b4DC9776ff9, total fee: 1061805 gwei (base: 15)" rpc="localhost:8545" scenario=factorydeploytx
time="2026-06-02T03:25:28Z" level=debug msg="deployment tx 7 confirmed in block #8964. deployed at: 0x6a99e236A418F596D319a89C39145d7fae67B9AF, total fee: 947318 gwei (base: 14)" rpc="localhost:8545" scenario=factorydeploytx
time="2026-06-02T03:25:28Z" level=debug msg="deployment tx 8 confirmed in block #8964. deployed at: 0x1D26cf8eF1E864ea1b172C4480D0A5012c298B54, total fee: 947318 gwei (base: 14)" rpc="localhost:8545" scenario=factorydeploytx
time="2026-06-02T03:25:28Z" level=debug msg="deployment tx 9 confirmed in block #8964. deployed at: 0x6E012d4c14145c01F9DA5BA44Dedd864c79691BC, total fee: 947318 gwei (base: 14)" rpc="localhost:8545" scenario=factorydeploytx
time="2026-06-02T03:25:28Z" level=debug msg="deployment tx 10 confirmed in block #8964. deployed at: 0x43E3d3691CbB15a6077A7625aE2470b6831bCCd1, total fee: 947318 gwei (base: 14)" rpc="localhost:8545" scenario=factorydeploytx
time="2026-06-02T03:25:28Z" level=info msg="processed block 8964:  5 total tx, 5 tx confirmed from 5 wallets (940.594µs, 433.917µs)"
time="2026-06-02T03:25:28Z" level=info msg="block 8964: submitted=0, pending=2, confirmed=5, throughput: 5B=3.67 tx/B, 20B=3.67 tx/B, 60B=3.67 tx/B" scenario=factorydeploytx wallets=5
time="2026-06-02T03:25:28Z" level=debug msg="deployment tx 11 confirmed in block #8964. deployed at: 0xeA438f72e9e5D4D50C092E33D0ecd18048d765f7, total fee: 947318 gwei (base: 14)" rpc="localhost:8545" scenario=factorydeploytx
time="2026-06-02T03:25:28Z" level=debug msg="sent deployment tx #    14: 0x5aaf7b0d55368fa2009445ae86725a1ef52d45f8feebdc34746202e24e6838ad" nonce=7 rpc="localhost:8545" scenario=factorydeploytx wallet=14
time="2026-06-02T03:25:28Z" level=debug msg="sent deployment tx #    15: 0xed50f1e5c59bc082d2fde1eab3e9f28770590f735e01aece190517bbf089b7b5" nonce=7 rpc="localhost:8545" scenario=factorydeploytx wallet=15
time="2026-06-02T03:25:29Z" level=debug msg="sent deployment tx #    16: 0x91d0f294a6c09e460f432165e6ea684911b8dabb57c0a79b6f93deeb70799d21" nonce=7 rpc="localhost:8545" scenario=factorydeploytx wallet=16
time="2026-06-02T03:25:29Z" level=debug msg="sent deployment tx #    17: 0x176af7b043a258825db478e490fcd180fc21c0cd8acaabde4b1a866baba0f2b7" nonce=7 rpc="localhost:8545" scenario=factorydeploytx wallet=17
time="2026-06-02T03:25:29Z" level=debug msg="sent deployment tx #    18: 0xbfba65357d59b9ada5043ebd30a4bccb606b2aa9cae0dee1061a976eb81e908b" nonce=7 rpc="localhost:8545" scenario=factorydeploytx wallet=18
time="2026-06-02T03:25:29Z" level=debug msg="sent deployment tx #    19: 0x66fef93b611a28079665ea170c4469be8d6dfc4e51d1a67c71fe3a9322395cf1" nonce=7 rpc="localhost:8545" scenario=factorydeploytx wallet=19
time="2026-06-02T03:25:30Z" level=debug msg="sent deployment tx #    20: 0x386b809d2438aea879310ce8970b7be6c5949efe467274f2e5c8cc4874751a3e" nonce=7 rpc="localhost:8545" scenario=factorydeploytx wallet=20
time="2026-06-02T03:25:30Z" level=debug msg="sent deployment tx #    21: 0x389f300cc671f3e2e217d103336a4ceafc61892dba8c56d2e601c78dd2f4b964" nonce=7 rpc="localhost:8545" scenario=factorydeploytx wallet=21
time="2026-06-02T03:25:30Z" level=debug msg="sent deployment tx #    22: 0x7f0f0fda003b73b161ab068b81b0294a997fd51177274e1cd7df29313cef3722" nonce=7 rpc="localhost:8545" scenario=factorydeploytx wallet=22
time="2026-06-02T03:25:30Z" level=debug msg="sent deployment tx #    23: 0x1cca65755e07d8d475e4e61ca6e1326794c17db09de695c89da619d5f7597d85" nonce=7 rpc="localhost:8545" scenario=factorydeploytx wallet=23
time="2026-06-02T03:25:31Z" level=debug msg="sent deployment tx #    24: 0x5c2cfb176f7243e450c04d8ccb4e616673f59439ea62b13fab7ecadfcde8b4ff" nonce=7 rpc="localhost:8545" scenario=factorydeploytx wallet=24
time="2026-06-02T03:25:31Z" level=debug msg="sent deployment tx #    25: 0x1b2c437a0ada04bd1d792ceb8d722a6928bc54ce04d86433123e9c09180ea47e" nonce=7 rpc="localhost:8545" scenario=factorydeploytx wallet=25
time="2026-06-02T03:25:31Z" level=debug msg="deployment tx 12 confirmed in block #8965. deployed at: 0x06df2759B2f1cb561FF6B1a95cCCd56139304E17, total fee: 847287 gwei (base: 12)" rpc="localhost:8545" scenario=factorydeploytx
time="2026-06-02T03:25:31Z" level=debug msg="deployment tx 13 confirmed in block #8965. deployed at: 0x0399941C911397aCd12A20AC752a995F1ab0F479, total fee: 847287 gwei (base: 12)" rpc="localhost:8545" scenario=factorydeploytx
time="2026-06-02T03:25:31Z" level=debug msg="deployment tx 14 confirmed in block #8965. deployed at: 0x4468ebffc39e2Ad6766973fbAdF3B437180C4273, total fee: 847287 gwei (base: 12)" rpc="localhost:8545" scenario=factorydeploytx
time="2026-06-02T03:25:31Z" level=info msg="processed block 8965:  4 total tx, 4 tx confirmed from 4 wallets (943.116µs, 343.231µs)"
time="2026-06-02T03:25:31Z" level=info msg="block 8965: submitted=12, pending=10, confirmed=4, throughput: 5B=3.75 tx/B, 20B=3.75 tx/B, 60B=3.75 tx/B" scenario=factorydeploytx wallets=4
time="2026-06-02T03:25:31Z" level=debug msg="deployment tx 15 confirmed in block #8965. deployed at: 0x1f54989809856C923182D9eA96D9189F6c7E3a48, total fee: 847287 gwei (base: 12)" rpc="localhost:8545" scenario=factorydeploytx
time="2026-06-02T03:25:31Z" level=debug msg="deployment tx 16 confirmed in block #8966. deployed at: 0x4dCFBaf0b74343030F1B65f351d0625230441dAe, total fee: 759259 gwei (base: 11)" rpc="localhost:8545" scenario=factorydeploytx
time="2026-06-02T03:25:31Z" level=debug msg="deployment tx 17 confirmed in block #8966. deployed at: 0x3Fba8AD0810657745bF5E54131aBb7c4f4DA32A2, total fee: 759259 gwei (base: 11)" rpc="localhost:8545" scenario=factorydeploytx
time="2026-06-02T03:25:31Z" level=debug msg="deployment tx 18 confirmed in block #8966. deployed at: 0x3222DB15f4d4F57dF962D98a061339E09665cE6d, total fee: 759259 gwei (base: 11)" rpc="localhost:8545" scenario=factorydeploytx
time="2026-06-02T03:25:31Z" level=debug msg="deployment tx 19 confirmed in block #8966. deployed at: 0xC49b85Eef88AF6B948037Ef941Fb2881E0Bf5f54, total fee: 759259 gwei (base: 11)" rpc="localhost:8545" scenario=factorydeploytx
time="2026-06-02T03:25:31Z" level=info msg="processed block 8966:  5 total tx, 5 tx confirmed from 5 wallets (1.087511ms, 382.904µs)"
time="2026-06-02T03:25:31Z" level=info msg="block 8966: submitted=0, pending=5, confirmed=5, throughput: 5B=4.00 tx/B, 20B=4.00 tx/B, 60B=4.00 tx/B" scenario=factorydeploytx wallets=5
time="2026-06-02T03:25:31Z" level=debug msg="deployment tx 20 confirmed in block #8966. deployed at: 0x24e2236315a963694999B77499aC4B02Eae95A68, total fee: 759259 gwei (base: 11)" rpc="localhost:8545" scenario=factorydeploytx
time="2026-06-02T03:25:31Z" level=debug msg="deployment tx 21 confirmed in block #8967. deployed at: 0x3fb290d24818A15723913f0493bB0BBEF1c6D078, total fee: 682345 gwei (base: 10)" rpc="localhost:8545" scenario=factorydeploytx
time="2026-06-02T03:25:31Z" level=debug msg="deployment tx 22 confirmed in block #8967. deployed at: 0xd7841B33ECdAb8FF5F99bb6Bcfd793bfc8d445aB, total fee: 682345 gwei (base: 10)" rpc="localhost:8545" scenario=factorydeploytx
time="2026-06-02T03:25:31Z" level=debug msg="deployment tx 23 confirmed in block #8967. deployed at: 0xAF0f581F7F7d3f861b7E22E234B7b19baF8E552e, total fee: 682345 gwei (base: 10)" rpc="localhost:8545" scenario=factorydeploytx
time="2026-06-02T03:25:31Z" level=debug msg="deployment tx 24 confirmed in block #8967. deployed at: 0x30daa803bF40E034B3CA5A2d46B0B7755734f1F6, total fee: 682345 gwei (base: 10)" rpc="localhost:8545" scenario=factorydeploytx
time="2026-06-02T03:25:31Z" level=info msg="processed block 8967:  5 total tx, 5 tx confirmed from 5 wallets (900.562µs, 344.657µs)"
time="2026-06-02T03:25:31Z" level=info msg="block 8967: submitted=0, pending=0, confirmed=5, throughput: 5B=4.60 tx/B, 20B=4.17 tx/B, 60B=4.17 tx/B" scenario=factorydeploytx wallets=5
time="2026-06-02T03:25:31Z" level=debug msg="deployment tx 25 confirmed in block #8967. deployed at: 0x96E387b8776907777Ac25364A01fD6d81a26a9a6, total fee: 682345 gwei (base: 10)" rpc="localhost:8545" scenario=factorydeploytx
time="2026-06-02T03:25:31Z" level=debug msg="sent deployment tx #    26: 0xcb6f1075d3d63320eb382b3e4bf6d60c9189e906dda36ef318becdb7496697b7" nonce=7 rpc="localhost:8545" scenario=factorydeploytx wallet=26
time="2026-06-02T03:25:31Z" level=debug msg="sent deployment tx #    27: 0xfcdb85368a5073fd72b73f01a3ea159318b38197c5044faa2484a478c6ca5c50" nonce=7 rpc="localhost:8545" scenario=factorydeploytx wallet=27
time="2026-06-02T03:25:32Z" level=debug msg="sent deployment tx #    28: 0xf66828e7e1c2d867755872c719b09b98ed0948bffee037326ebf0b2845a28d5d" nonce=7 rpc="localhost:8545" scenario=factorydeploytx wallet=28
time="2026-06-02T03:25:32Z" level=debug msg="sent deployment tx #    29: 0xe8ad8a894db49516858affdfc46a3a42e40a6b7889f23b9b76bcdd70cde766d3" nonce=7 rpc="localhost:8545" scenario=factorydeploytx wallet=29
time="2026-06-02T03:25:32Z" level=debug msg="sent deployment tx #    30: 0x6d5a5e344a72f7a1b88621ed5fe47ae868064baa958f294c16e1de89c158022e" nonce=7 rpc="localhost:8545" scenario=factorydeploytx wallet=30
time="2026-06-02T03:25:32Z" level=debug msg="sent deployment tx #    31: 0x669eadf29a0781d24eda6d55db957027deae98bd1327ee712e6dc99f0c9ee86f" nonce=7 rpc="localhost:8545" scenario=factorydeploytx wallet=31
time="2026-06-02T03:25:33Z" level=debug msg="sent deployment tx #    32: 0x7315b73b7d38a1057415b239702bdb8489f0f9230cb5fc6aa666fac58d478b33" nonce=7 rpc="localhost:8545" scenario=factorydeploytx wallet=32
time="2026-06-02T03:25:33Z" level=debug msg="sent deployment tx #    33: 0xc2b73e0dd64b84a2a78189541b7c7566a501da99f635c23161ab7ab1040e6f9f" nonce=7 rpc="localhost:8545" scenario=factorydeploytx wallet=33
time="2026-06-02T03:25:33Z" level=debug msg="sent deployment tx #    34: 0x622dc6d046aa8e96869c30e008019fcd8eef0e0eb55342a5371606d5694afd19" nonce=7 rpc="localhost:8545" scenario=factorydeploytx wallet=34
time="2026-06-02T03:25:33Z" level=debug msg="sent deployment tx #    35: 0x183895151d6a35cd87b25816151c747955fa1e686724b9f112a5e29fdc541dfd" nonce=7 rpc="localhost:8545" scenario=factorydeploytx wallet=35
time="2026-06-02T03:25:34Z" level=debug msg="sent deployment tx #    36: 0xe550a1cdaed3b5e22a0e8baea601a30a7f0e9ac9556f7e59e8cab82f76ba9745" nonce=7 rpc="localhost:8545" scenario=factorydeploytx wallet=36
time="2026-06-02T03:25:34Z" level=debug msg="sent deployment tx #    37: 0x1dabb0c8ea77bd34a6805033a46e27169a1ec004c8e654e39a99751bcd3a794b" nonce=7 rpc="localhost:8545" scenario=factorydeploytx wallet=37
time="2026-06-02T03:25:34Z" level=debug msg="sent deployment tx #    38: 0x7a8fb8a1e5c8dfcb3ce6dd63848ebad870637ac71dfd6ae2ba448dd00bfe42bd" nonce=7 rpc="localhost:8545" scenario=factorydeploytx wallet=38
time="2026-06-02T03:25:34Z" level=debug msg="deployment tx 26 confirmed in block #8968. deployed at: 0x5CF3cBE5730fF54fEa4ae8e0171c238d52eCb0EE, total fee: 614887 gwei (base: 9)" rpc="localhost:8545" scenario=factorydeploytx
time="2026-06-02T03:25:34Z" level=debug msg="deployment tx 27 confirmed in block #8968. deployed at: 0xA2121f824cdf01702BF031EB318E8f53c187F502, total fee: 614887 gwei (base: 9)" rpc="localhost:8545" scenario=factorydeploytx
time="2026-06-02T03:25:34Z" level=debug msg="deployment tx 28 confirmed in block #8968. deployed at: 0xc6D3Ad29d8FeE76D515f3Ef5A88A410CEF181B12, total fee: 614887 gwei (base: 9)" rpc="localhost:8545" scenario=factorydeploytx
time="2026-06-02T03:25:34Z" level=info msg="processed block 8968:  4 total tx, 4 tx confirmed from 4 wallets (1.028747ms, 312.03µs)"
time="2026-06-02T03:25:34Z" level=info msg="block 8968: submitted=13, pending=9, confirmed=4, throughput: 5B=4.60 tx/B, 20B=4.14 tx/B, 60B=4.14 tx/B" scenario=factorydeploytx wallets=4
time="2026-06-02T03:25:34Z" level=debug msg="deployment tx 29 confirmed in block #8968. deployed at: 0x40Bcb351688C8f79cbebD417079fe28280e7ef68, total fee: 614887 gwei (base: 9)" rpc="localhost:8545" scenario=factorydeploytx
time="2026-06-02T03:25:34Z" level=debug msg="deployment tx 30 confirmed in block #8969. deployed at: 0xd0914e8258b6bb8E75A1c37e2F189cB8136E9785, total fee: 555524 gwei (base: 8)" rpc="localhost:8545" scenario=factorydeploytx
time="2026-06-02T03:25:34Z" level=debug msg="deployment tx 31 confirmed in block #8969. deployed at: 0x71014aE8cE02eB968dcb92e8B0CA191f4Fe8B8D3, total fee: 555524 gwei (base: 8)" rpc="localhost:8545" scenario=factorydeploytx
time="2026-06-02T03:25:34Z" level=info msg="processed block 8969:  5 total tx, 5 tx confirmed from 5 wallets (1.278143ms, 352.121µs)"
time="2026-06-02T03:25:34Z" level=info msg="block 8969: submitted=0, pending=4, confirmed=5, throughput: 5B=4.60 tx/B, 20B=4.25 tx/B, 60B=4.25 tx/B" scenario=factorydeploytx wallets=5
time="2026-06-02T03:25:34Z" level=debug msg="deployment tx 32 confirmed in block #8969. deployed at: 0x0454cF6E4e05e770e40e0B220ff61749657C6b95, total fee: 555524 gwei (base: 8)" rpc="localhost:8545" scenario=factorydeploytx
time="2026-06-02T03:25:34Z" level=debug msg="deployment tx 33 confirmed in block #8969. deployed at: 0xa05cecB48c00c1F25e059723042c15A537e9a82A, total fee: 555524 gwei (base: 8)" rpc="localhost:8545" scenario=factorydeploytx
time="2026-06-02T03:25:34Z" level=debug msg="deployment tx 34 confirmed in block #8969. deployed at: 0x47b7dBebBC72C0d1DCF311Bd97b4ee19B20BD86d, total fee: 555524 gwei (base: 8)" rpc="localhost:8545" scenario=factorydeploytx
time="2026-06-02T03:25:34Z" level=debug msg="sent deployment tx #    39: 0xa8413aeb80b435d92f29d5496ac227e5d9f02118419261e500c4b2439b2d37d9" nonce=7 rpc="localhost:8545" scenario=factorydeploytx wallet=39
time="2026-06-02T03:25:34Z" level=debug msg="sent deployment tx #    40: 0xa7f7c226ced3702e9147f819427858ac449b136e168ab1b37536d465023f5292" nonce=7 rpc="localhost:8545" scenario=factorydeploytx wallet=40
time="2026-06-02T03:25:35Z" level=debug msg="sent deployment tx #    41: 0xc332dad0f7388ad163c50a0f6085a471662890ea51757231701b16cbedb8b520" nonce=7 rpc="localhost:8545" scenario=factorydeploytx wallet=41
time="2026-06-02T03:25:35Z" level=debug msg="sent deployment tx #    42: 0xf527931ad70ca353d40519a46f2526b590bc8626bf46c96b50f9010d652334d9" nonce=7 rpc="localhost:8545" scenario=factorydeploytx wallet=42
time="2026-06-02T03:25:35Z" level=debug msg="sent deployment tx #    43: 0x9cac8c98790b9c92cbf014817bcaeb788c9099df3a5eea1c7475fe3cc791dc7c" nonce=7 rpc="localhost:8545" scenario=factorydeploytx wallet=43
time="2026-06-02T03:25:35Z" level=debug msg="sent deployment tx #    44: 0x370f1541ee6cf04b7d530eed76d88daaaafa62d309b2734c808a1dbbeab91e61" nonce=7 rpc="localhost:8545" scenario=factorydeploytx wallet=44
time="2026-06-02T03:25:36Z" level=debug msg="sent deployment tx #    45: 0xfc20b0b5d17bc08b981a3d9684b550a26ac1f20abf9c46f1bb47f4ce3e14b54e" nonce=7 rpc="localhost:8545" scenario=factorydeploytx wallet=45
time="2026-06-02T03:25:36Z" level=debug msg="sent deployment tx #    46: 0xba4bcdf28b3b52369ece142f2cf77fb6789a871433c6d45023d37f8a74c4205f" nonce=7 rpc="localhost:8545" scenario=factorydeploytx wallet=46
time="2026-06-02T03:25:36Z" level=debug msg="sent deployment tx #    47: 0xf64b0831cf84f7f5275a380bbb7fc8bc21292b0e61168e916f5270a43add0cbd" nonce=7 rpc="localhost:8545" scenario=factorydeploytx wallet=47
time="2026-06-02T03:25:36Z" level=debug msg="sent deployment tx #    48: 0x171f1730c12f4a35df9d158f7abb4614cba92c9516f9c5671801c7756303b39b" nonce=7 rpc="localhost:8545" scenario=factorydeploytx wallet=48
time="2026-06-02T03:25:37Z" level=debug msg="sent deployment tx #    49: 0xfa9bcb33441d8222b44faa443226b7bbe9878ff169f5aeb16bed2dc85b77cb3c" nonce=7 rpc="localhost:8545" scenario=factorydeploytx wallet=49
time="2026-06-02T03:25:37Z" level=debug msg="sent deployment tx #    50: 0x79db99fb57744718f1eb6d0b794c2dfe812ebe005e63dd02ab78633cc605a58d" nonce=7 rpc="localhost:8545" scenario=factorydeploytx wallet=50
time="2026-06-02T03:25:37Z" level=debug msg="deployment tx 35 confirmed in block #8970. deployed at: 0x9B7B6A119BD4C9f9b094D8a4419B8FD0e5044049, total fee: 503657 gwei (base: 7)" rpc="localhost:8545" scenario=factorydeploytx
time="2026-06-02T03:25:37Z" level=debug msg="deployment tx 36 confirmed in block #8970. deployed at: 0x36C1f427928cA4baC10c99EB5C1E91D2eEb4E7A3, total fee: 503657 gwei (base: 7)" rpc="localhost:8545" scenario=factorydeploytx
time="2026-06-02T03:25:37Z" level=debug msg="deployment tx 37 confirmed in block #8970. deployed at: 0x1158161E6fa205876bf0d272e9037fEBc2151928, total fee: 503657 gwei (base: 7)" rpc="localhost:8545" scenario=factorydeploytx
time="2026-06-02T03:25:37Z" level=info msg="processed block 8970:  4 total tx, 4 tx confirmed from 4 wallets (1.078949ms, 386.963µs)"
time="2026-06-02T03:25:37Z" level=info msg="block 8970: submitted=12, pending=12, confirmed=4, throughput: 5B=4.60 tx/B, 20B=4.22 tx/B, 60B=4.22 tx/B" scenario=factorydeploytx wallets=4
time="2026-06-02T03:25:37Z" level=debug msg="deployment tx 38 confirmed in block #8970. deployed at: 0xe06B7C27488B2c8A9ABA5480cF9abAF361f1C00B, total fee: 503657 gwei (base: 7)" rpc="localhost:8545" scenario=factorydeploytx
time="2026-06-02T03:25:37Z" level=debug msg="deployment tx 39 confirmed in block #8971. deployed at: 0x37b73841C34Ff50AF2AfF4F8586A13522fFAEca9, total fee: 458014 gwei (base: 6)" rpc="localhost:8545" scenario=factorydeploytx
time="2026-06-02T03:25:37Z" level=debug msg="deployment tx 40 confirmed in block #8971. deployed at: 0x5F21dD93AdDDbF6e8525d5F033C1557B021DC216, total fee: 458014 gwei (base: 6)" rpc="localhost:8545" scenario=factorydeploytx
time="2026-06-02T03:25:37Z" level=debug msg="deployment tx 41 confirmed in block #8971. deployed at: 0x87DB4337845a0b1979bBba31dBD13F5E6F75EA02, total fee: 458014 gwei (base: 6)" rpc="localhost:8545" scenario=factorydeploytx
time="2026-06-02T03:25:37Z" level=debug msg="deployment tx 42 confirmed in block #8971. deployed at: 0x60e69f58429775255AeCE08d92145b24973FEa6C, total fee: 458014 gwei (base: 6)" rpc="localhost:8545" scenario=factorydeploytx
time="2026-06-02T03:25:37Z" level=debug msg="deployment tx 43 confirmed in block #8971. deployed at: 0x1B835b38C291D962D7Fcc04B968C926BcBBAfC37, total fee: 458014 gwei (base: 6)" rpc="localhost:8545" scenario=factorydeploytx
time="2026-06-02T03:25:37Z" level=info msg="processed block 8971:  5 total tx, 5 tx confirmed from 5 wallets (1.912615ms, 631.459µs)"
time="2026-06-02T03:25:37Z" level=info msg="block 8971: submitted=0, pending=7, confirmed=5, throughput: 5B=4.60 tx/B, 20B=4.30 tx/B, 60B=4.30 tx/B" scenario=factorydeploytx wallets=5
time="2026-06-02T03:25:37Z" level=debug msg="deployment tx 44 confirmed in block #8972. deployed at: 0xB2Dd2b4123DbE98f1A49b95341B31B4355C5cf9B, total fee: 418134 gwei (base: 6)" rpc="localhost:8545" scenario=factorydeploytx
time="2026-06-02T03:25:37Z" level=debug msg="deployment tx 45 confirmed in block #8972. deployed at: 0xB21F073f77E9ADBe19016F68A96473C0aA72902B, total fee: 418134 gwei (base: 6)" rpc="localhost:8545" scenario=factorydeploytx
time="2026-06-02T03:25:37Z" level=debug msg="deployment tx 46 confirmed in block #8972. deployed at: 0x2dA19285830963fe09ff68D897e378d456b7656E, total fee: 418134 gwei (base: 6)" rpc="localhost:8545" scenario=factorydeploytx
time="2026-06-02T03:25:37Z" level=debug msg="deployment tx 47 confirmed in block #8972. deployed at: 0xa61C2984FbEa5a90A9e581BcE6a27cd9c2405E40, total fee: 418134 gwei (base: 6)" rpc="localhost:8545" scenario=factorydeploytx
time="2026-06-02T03:25:37Z" level=info msg="processed block 8972:  5 total tx, 5 tx confirmed from 5 wallets (1.022836ms, 329.586µs)"
time="2026-06-02T03:25:37Z" level=info msg="block 8972: submitted=0, pending=2, confirmed=5, throughput: 5B=4.60 tx/B, 20B=4.36 tx/B, 60B=4.36 tx/B" scenario=factorydeploytx wallets=5
time="2026-06-02T03:25:37Z" level=debug msg="deployment tx 48 confirmed in block #8972. deployed at: 0xdbC289D9a8b2C6E345Bbe61C3376c35f823Ba4Eb, total fee: 418134 gwei (base: 6)" rpc="localhost:8545" scenario=factorydeploytx
time="2026-06-02T03:25:37Z" level=debug msg="sent deployment tx #    51: 0x1b95e9926087e76052b00b198c382222c4c153a3092f20ac5dbc4accb9ef8cec" nonce=7 rpc="localhost:8545" scenario=factorydeploytx wallet=51
time="2026-06-02T03:25:37Z" level=debug msg="sent deployment tx #    52: 0x9191b469a717fb8fc6e9e344f562a997d34e8d295a0dc6b33b25d53419f6ce03" nonce=7 rpc="localhost:8545" scenario=factorydeploytx wallet=52
time="2026-06-02T03:25:38Z" level=debug msg="sent deployment tx #    53: 0x38c0f5ef7e58f6f213da42d55a35d9cd4a5a7b57efed17bb43dce153945b0704" nonce=7 rpc="localhost:8545" scenario=factorydeploytx wallet=53
time="2026-06-02T03:25:38Z" level=debug msg="sent deployment tx #    54: 0x2a6473440a6efedd377eb777dd8e88bee0d657a7040d4f879998c3ee55782691" nonce=7 rpc="localhost:8545" scenario=factorydeploytx wallet=54
time="2026-06-02T03:25:38Z" level=debug msg="sent deployment tx #    55: 0xfe7586d3ca27f771ff8c0cccc572782c36f927e2a08a88ad7fd7948f3a03ce34" nonce=7 rpc="localhost:8545" scenario=factorydeploytx wallet=55
time="2026-06-02T03:25:38Z" level=debug msg="sent deployment tx #    56: 0xf840cddfa19c9f29f4fdf08cef7165dd761191bdfe8b970c84caa79dafa9fba3" nonce=7 rpc="localhost:8545" scenario=factorydeploytx wallet=56
time="2026-06-02T03:25:39Z" level=debug msg="sent deployment tx #    57: 0x340e0799aff907cd63e2dc9ffbc60e3728b24460065840d8b6382de399841bf7" nonce=7 rpc="localhost:8545" scenario=factorydeploytx wallet=57
time="2026-06-02T03:25:39Z" level=debug msg="sent deployment tx #    58: 0x9f3e239404f1be8dd6b4fd845ef44b67bb899d23fe8536387003958098a45700" nonce=7 rpc="localhost:8545" scenario=factorydeploytx wallet=58
time="2026-06-02T03:25:39Z" level=debug msg="sent deployment tx #    59: 0xac64df8c7e8a6c991531ce4e5d455175bf91b85df4dfba9608dbab4aee7a0a7f" nonce=7 rpc="localhost:8545" scenario=factorydeploytx wallet=59
time="2026-06-02T03:25:39Z" level=debug msg="sent deployment tx #    60: 0x4f5dac0059d7cab6a38824f47e1c1d66ecc129451780c90a5402affbe4cb5153" nonce=7 rpc="localhost:8545" scenario=factorydeploytx wallet=60
time="2026-06-02T03:25:40Z" level=debug msg="sent deployment tx #    61: 0x3f8bd60e843a068af9a2133187ee4b68c13be5a1997c2df3705b552d87319ef4" nonce=7 rpc="localhost:8545" scenario=factorydeploytx wallet=61
time="2026-06-02T03:25:40Z" level=debug msg="sent deployment tx #    62: 0xf82fb441348fc62be7329a60e11fb88aec0384070ed06714f28785c586035ca5" nonce=7 rpc="localhost:8545" scenario=factorydeploytx wallet=62
time="2026-06-02T03:25:40Z" level=debug msg="sent deployment tx #    63: 0x16a813a31f8685b3db49b2e68f9a47b6901040d5053ef406c7fd36132e5d739f" nonce=7 rpc="localhost:8545" scenario=factorydeploytx wallet=63
time="2026-06-02T03:25:40Z" level=debug msg="deployment tx 49 confirmed in block #8973. deployed at: 0xf6dAAB23527Bb96Dc6b3B413329A7C887c9ea7dB, total fee: 383157 gwei (base: 5)" rpc="localhost:8545" scenario=factorydeploytx
time="2026-06-02T03:25:40Z" level=debug msg="deployment tx 50 confirmed in block #8973. deployed at: 0x2c8E94ccB08b2b0C6120fdbd2F6Ce7a58f82480c, total fee: 383157 gwei (base: 5)" rpc="localhost:8545" scenario=factorydeploytx
time="2026-06-02T03:25:40Z" level=debug msg="deployment tx 51 confirmed in block #8973. deployed at: 0x121D8BcBC5dfc47b994694DddC8178F6914716AA, total fee: 383157 gwei (base: 5)" rpc="localhost:8545" scenario=factorydeploytx
time="2026-06-02T03:25:40Z" level=info msg="processed block 8973:  4 total tx, 4 tx confirmed from 4 wallets (969.504µs, 361.284µs)"
time="2026-06-02T03:25:40Z" level=debug msg="deployment tx 52 confirmed in block #8973. deployed at: 0x61883B0cCCDe280CA84A9F72c50C7E79EaBE400f, total fee: 383157 gwei (base: 5)" rpc="localhost:8545" scenario=factorydeploytx
time="2026-06-02T03:25:40Z" level=info msg="block 8973: submitted=13, pending=11, confirmed=4, throughput: 5B=4.60 tx/B, 20B=4.33 tx/B, 60B=4.33 tx/B" scenario=factorydeploytx wallets=4
time="2026-06-02T03:25:40Z" level=debug msg="deployment tx 53 confirmed in block #8974. deployed at: 0xcE93eD10c05AFe12Be11D7592c6588B26bE1cB20, total fee: 352378 gwei (base: 5)" rpc="localhost:8545" scenario=factorydeploytx
time="2026-06-02T03:25:40Z" level=debug msg="deployment tx 54 confirmed in block #8974. deployed at: 0x0d37cc234FDa92cc9518E53d8EB8DA5630eD6f14, total fee: 352378 gwei (base: 5)" rpc="localhost:8545" scenario=factorydeploytx
time="2026-06-02T03:25:40Z" level=debug msg="deployment tx 57 confirmed in block #8974. deployed at: 0x062CDC37D5744666E91DAa35364AD535A6800194, total fee: 352378 gwei (base: 5)" rpc="localhost:8545" scenario=factorydeploytx
time="2026-06-02T03:25:40Z" level=debug msg="deployment tx 55 confirmed in block #8974. deployed at: 0x1eF08f90FD02B503Faa74Ac961165580d204e010, total fee: 352378 gwei (base: 5)" rpc="localhost:8545" scenario=factorydeploytx
time="2026-06-02T03:25:40Z" level=debug msg="deployment tx 56 confirmed in block #8974. deployed at: 0x2081B2A1757681dFD3FD4C121D173cdBE877F108, total fee: 352378 gwei (base: 5)" rpc="localhost:8545" scenario=factorydeploytx
time="2026-06-02T03:25:40Z" level=info msg="processed block 8974:  5 total tx, 5 tx confirmed from 5 wallets (1.466618ms, 835.879µs)"
time="2026-06-02T03:25:40Z" level=info msg="block 8974: submitted=0, pending=6, confirmed=5, throughput: 5B=4.60 tx/B, 20B=4.38 tx/B, 60B=4.38 tx/B" scenario=factorydeploytx wallets=5
time="2026-06-02T03:25:40Z" level=debug msg="deployment tx 58 confirmed in block #8975. deployed at: 0xf7233bC8E6a2768C189da104A37F4E55b18073C6, total fee: 325486 gwei (base: 4)" rpc="localhost:8545" scenario=factorydeploytx
time="2026-06-02T03:25:40Z" level=debug msg="deployment tx 59 confirmed in block #8975. deployed at: 0x1F63f9D9Dcb66D4Fa38cB50A9AF42e51ff684C43, total fee: 325486 gwei (base: 4)" rpc="localhost:8545" scenario=factorydeploytx
time="2026-06-02T03:25:40Z" level=debug msg="deployment tx 60 confirmed in block #8975. deployed at: 0x41A5c0B36E5A3bF995337596A40557a59f92D671, total fee: 325486 gwei (base: 4)" rpc="localhost:8545" scenario=factorydeploytx
time="2026-06-02T03:25:40Z" level=debug msg="deployment tx 61 confirmed in block #8975. deployed at: 0xBB9EB071724c4f4745e38B1184038643e2419699, total fee: 325486 gwei (base: 4)" rpc="localhost:8545" scenario=factorydeploytx
time="2026-06-02T03:25:40Z" level=info msg="processed block 8975:  5 total tx, 5 tx confirmed from 5 wallets (989.005µs, 430.328µs)"
time="2026-06-02T03:25:40Z" level=info msg="block 8975: submitted=0, pending=1, confirmed=5, throughput: 5B=4.80 tx/B, 20B=4.43 tx/B, 60B=4.43 tx/B" scenario=factorydeploytx wallets=5
time="2026-06-02T03:25:40Z" level=debug msg="deployment tx 62 confirmed in block #8975. deployed at: 0xD719Dd47114CA0D4fF1310E276968034017cD38b, total fee: 325486 gwei (base: 4)" rpc="localhost:8545" scenario=factorydeploytx
time="2026-06-02T03:25:40Z" level=debug msg="sent deployment tx #    64: 0xfc96f9b5269a299ff632b2e88bb7f1476af4a9773b4b2c3cef4ffbf43b405ba5" nonce=7 rpc="localhost:8545" scenario=factorydeploytx wallet=64
time="2026-06-02T03:25:40Z" level=debug msg="sent deployment tx #    65: 0x780e6f2f57b9e142f174be2cf633e42ccff5b8c9fec5034ac6491017d5904629" nonce=7 rpc="localhost:8545" scenario=factorydeploytx wallet=65
time="2026-06-02T03:25:41Z" level=debug msg="sent deployment tx #    66: 0xc1ca6330e99931345875b9e756650923a2d9bfc9d4b21cec83ed98ffd1b28ab1" nonce=7 rpc="localhost:8545" scenario=factorydeploytx wallet=66
time="2026-06-02T03:25:41Z" level=debug msg="sent deployment tx #    67: 0x1a9dd90fe72c8c4a691f69c4897acd72745fcfa18e42b80ee3e4a03bccb7d729" nonce=7 rpc="localhost:8545" scenario=factorydeploytx wallet=67
time="2026-06-02T03:25:41Z" level=debug msg="sent deployment tx #    68: 0x4350ce91bfbede62fc16c9e0b89ac6c159691aadae3dc6e8743346f94ca357ba" nonce=7 rpc="localhost:8545" scenario=factorydeploytx wallet=68
time="2026-06-02T03:25:41Z" level=debug msg="sent deployment tx #    69: 0xad9ad074ab696776eaab29c4234fad724459226e38dad717d821f391ee47581e" nonce=7 rpc="localhost:8545" scenario=factorydeploytx wallet=69
time="2026-06-02T03:25:42Z" level=debug msg="sent deployment tx #    70: 0x7791f2077b3eedeaa0afadc6e1b078c4ad6ecb2d8c3ecafd9ef1941c71652238" nonce=7 rpc="localhost:8545" scenario=factorydeploytx wallet=70
time="2026-06-02T03:25:42Z" level=debug msg="sent deployment tx #    71: 0xda3647eaa74188637480e3ce325861325fe2affb2bdbf49b67d2e4d7e57fe852" nonce=7 rpc="localhost:8545" scenario=factorydeploytx wallet=71
time="2026-06-02T03:25:42Z" level=debug msg="sent deployment tx #    72: 0xf82a1a764e902d601d700f15a8825ea928e1a2c8a1f23226e0698cb4576796d4" nonce=7 rpc="localhost:8545" scenario=factorydeploytx wallet=72
time="2026-06-02T03:25:42Z" level=debug msg="sent deployment tx #    73: 0xa4dccb745945b40178970a6e540d8c6d111a990c5ce9d14b1e9fe11c3ff40f8d" nonce=7 rpc="localhost:8545" scenario=factorydeploytx wallet=73
time="2026-06-02T03:25:43Z" level=debug msg="sent deployment tx #    74: 0x85eb6a59cd8e613a2795a8ac0a4acf4ffa2ebcf3a872b1b84fead145d022a548" nonce=7 rpc="localhost:8545" scenario=factorydeploytx wallet=74
time="2026-06-02T03:25:43Z" level=debug msg="sent deployment tx #    75: 0x557ee74bf252a3adabf9703bce4c6d0ee4814fbcd843b054fd68b892e21333f0" nonce=7 rpc="localhost:8545" scenario=factorydeploytx wallet=75
time="2026-06-02T03:25:43Z" level=debug msg="deployment tx 63 confirmed in block #8976. deployed at: 0xb02Ba80443827b960b11F51F15A8D2C153AACC7c, total fee: 301899 gwei (base: 4)" rpc="localhost:8545" scenario=factorydeploytx
time="2026-06-02T03:25:43Z" level=debug msg="deployment tx 64 confirmed in block #8976. deployed at: 0xd99898ce79a6Ed7C2b83859eFF1eEd70287afCD6, total fee: 301899 gwei (base: 4)" rpc="localhost:8545" scenario=factorydeploytx
time="2026-06-02T03:25:43Z" level=info msg="processed block 8976:  4 total tx, 4 tx confirmed from 4 wallets (1.047851ms, 285.749µs)"
time="2026-06-02T03:25:43Z" level=info msg="block 8976: submitted=12, pending=9, confirmed=4, throughput: 5B=4.60 tx/B, 20B=4.40 tx/B, 60B=4.40 tx/B" scenario=factorydeploytx wallets=4
time="2026-06-02T03:25:43Z" level=debug msg="deployment tx 65 confirmed in block #8976. deployed at: 0xdC6C41585D819398ca87316B9E708EC0dFc44Ad8, total fee: 301899 gwei (base: 4)" rpc="localhost:8545" scenario=factorydeploytx
time="2026-06-02T03:25:43Z" level=debug msg="deployment tx 66 confirmed in block #8976. deployed at: 0xFF8e7C2D936a229329F94fCC71C17225C3deD6Cc, total fee: 301899 gwei (base: 4)" rpc="localhost:8545" scenario=factorydeploytx
time="2026-06-02T03:25:43Z" level=debug msg="deployment tx 67 confirmed in block #8977. deployed at: 0x7b726165C2aaf504152875ea338Fd8E23f1c2FF4, total fee: 281144 gwei (base: 4)" rpc="localhost:8545" scenario=factorydeploytx
time="2026-06-02T03:25:43Z" level=debug msg="deployment tx 68 confirmed in block #8977. deployed at: 0xc738dBb0C08d5fdD9FD5Ef71f9093804DA474b63, total fee: 281144 gwei (base: 4)" rpc="localhost:8545" scenario=factorydeploytx
time="2026-06-02T03:25:43Z" level=debug msg="deployment tx 69 confirmed in block #8977. deployed at: 0x598b89bBE07E9794519c5895aa21494b7c5dE1E1, total fee: 281094 gwei (base: 4)" rpc="localhost:8545" scenario=factorydeploytx
time="2026-06-02T03:25:43Z" level=info msg="processed block 8977:  5 total tx, 5 tx confirmed from 5 wallets (1.253328ms, 320.148µs)"
time="2026-06-02T03:25:43Z" level=debug msg="deployment tx 70 confirmed in block #8977. deployed at: 0x0eE4Eb5726A39159c48ddc0aB4CbB2380cD78190, total fee: 281144 gwei (base: 4)" rpc="localhost:8545" scenario=factorydeploytx
time="2026-06-02T03:25:43Z" level=info msg="block 8977: submitted=0, pending=4, confirmed=5, throughput: 5B=4.60 tx/B, 20B=4.44 tx/B, 60B=4.44 tx/B" scenario=factorydeploytx wallets=5
time="2026-06-02T03:25:43Z" level=debug msg="deployment tx 71 confirmed in block #8977. deployed at: 0xCF49FF8FcB590129484d52E436840bE679889C99, total fee: 281144 gwei (base: 4)" rpc="localhost:8545" scenario=factorydeploytx
time="2026-06-02T03:25:43Z" level=debug msg="sent deployment tx #    76: 0x90bf1ad4f3791114ff4108f65307df76e35fee0cdf9a2c83e702a261801e5807" nonce=7 rpc="localhost:8545" scenario=factorydeploytx wallet=76
time="2026-06-02T03:25:43Z" level=debug msg="sent deployment tx #    77: 0x4b7c583a08bc578e476348779be8b6a746e6c372fd0fb17bf58b9b9e9b401ac7" nonce=7 rpc="localhost:8545" scenario=factorydeploytx wallet=77
time="2026-06-02T03:25:44Z" level=debug msg="sent deployment tx #    78: 0xa6893d46001e5852759d0a8ba43a278fd0eb5cf9bb5066b6b32deddc221cdf22" nonce=7 rpc="localhost:8545" scenario=factorydeploytx wallet=78
time="2026-06-02T03:25:44Z" level=debug msg="sent deployment tx #    79: 0x44c71ee678fd25c6545cf011c98749ac6dbcc40a781f22b14ac4f0faf4b0f783" nonce=7 rpc="localhost:8545" scenario=factorydeploytx wallet=79
time="2026-06-02T03:25:44Z" level=debug msg="sent deployment tx #    80: 0x2bd962f78563ada3a13a97c7a065b3c941470f418459cbb66c917ddd441cb04d" nonce=7 rpc="localhost:8545" scenario=factorydeploytx wallet=80
time="2026-06-02T03:25:44Z" level=debug msg="sent deployment tx #    81: 0x103e8edac7fd9a47f197d3149e10308067554bb683cd1fd19363708504c4b99f" nonce=7 rpc="localhost:8545" scenario=factorydeploytx wallet=81
time="2026-06-02T03:25:45Z" level=debug msg="sent deployment tx #    82: 0xb9f956654a1cd952b78d9954f4cac6a6e8beec54ee254906781fed4d2890d10f" nonce=7 rpc="localhost:8545" scenario=factorydeploytx wallet=82
time="2026-06-02T03:25:45Z" level=debug msg="sent deployment tx #    83: 0x902508c7596efcc7d62201a4bec95feefd5f12c14dc7586a3ed6bc16e977d913" nonce=7 rpc="localhost:8545" scenario=factorydeploytx wallet=83
time="2026-06-02T03:25:45Z" level=debug msg="sent deployment tx #    84: 0x7c36eb89004e09e5efbf51fb0ff2691b4185d629dfbb858baea48135cf4ccf18" nonce=7 rpc="localhost:8545" scenario=factorydeploytx wallet=84
time="2026-06-02T03:25:45Z" level=debug msg="sent deployment tx #    85: 0xd23602f451a11b4d80f0e85296f7091539c2ca9efc6f814e2f1cd863d3e35806" nonce=7 rpc="localhost:8545" scenario=factorydeploytx wallet=85
time="2026-06-02T03:25:46Z" level=debug msg="sent deployment tx #    86: 0x136ce9552f4b4c677af36ba656c397ad4552792d18cca517e5e630fca6390394" nonce=7 rpc="localhost:8545" scenario=factorydeploytx wallet=86
time="2026-06-02T03:25:46Z" level=debug msg="sent deployment tx #    87: 0xa71ee79597e89bdceba919de3186c2e91a55cb78c21e049ce77203f3bf655c59" nonce=7 rpc="localhost:8545" scenario=factorydeploytx wallet=87
time="2026-06-02T03:25:46Z" level=debug msg="sent deployment tx #    88: 0xfc3c7a92a182759886a8ac303569138dd5fe8e3389edbb1600352229ff4ecaef" nonce=7 rpc="localhost:8545" scenario=factorydeploytx wallet=88
time="2026-06-02T03:25:46Z" level=debug msg="deployment tx 72 confirmed in block #8978. deployed at: 0x21B6af3A28C8F321CAB3d27552325fFeA17fcd93, total fee: 263010 gwei (base: 3)" rpc="localhost:8545" scenario=factorydeploytx
time="2026-06-02T03:25:46Z" level=debug msg="deployment tx 73 confirmed in block #8978. deployed at: 0xe6155c26214Ce47cA6b701B1542895b03a4Cff3D, total fee: 263010 gwei (base: 3)" rpc="localhost:8545" scenario=factorydeploytx
time="2026-06-02T03:25:46Z" level=debug msg="deployment tx 74 confirmed in block #8978. deployed at: 0x5C3bf51Fcf7AA232EBcAfdd93d01e9f57F81d7aB, total fee: 263010 gwei (base: 3)" rpc="localhost:8545" scenario=factorydeploytx
time="2026-06-02T03:25:46Z" level=info msg="processed block 8978:  5 total tx, 5 tx confirmed from 5 wallets (1.221124ms, 465.813µs)"
time="2026-06-02T03:25:46Z" level=info msg="block 8978: submitted=13, pending=12, confirmed=5, throughput: 5B=4.80 tx/B, 20B=4.47 tx/B, 60B=4.47 tx/B" scenario=factorydeploytx wallets=5
time="2026-06-02T03:25:46Z" level=debug msg="deployment tx 76 confirmed in block #8978. deployed at: 0x0660d6b73861ea1e2D62a67f3298F621D5D3Cced, total fee: 263010 gwei (base: 3)" rpc="localhost:8545" scenario=factorydeploytx
time="2026-06-02T03:25:46Z" level=debug msg="deployment tx 75 confirmed in block #8978. deployed at: 0x52747a88F08C7D760ca3ae518FD05874f696aa9d, total fee: 263010 gwei (base: 3)" rpc="localhost:8545" scenario=factorydeploytx
time="2026-06-02T03:25:46Z" level=info msg="processed block 8979:  4 total tx, 4 tx confirmed from 4 wallets (853.435µs, 246.103µs)"
time="2026-06-02T03:25:46Z" level=info msg="block 8979: submitted=0, pending=8, confirmed=4, throughput: 5B=4.60 tx/B, 20B=4.44 tx/B, 60B=4.44 tx/B" scenario=factorydeploytx wallets=4
time="2026-06-02T03:25:46Z" level=debug msg="deployment tx 77 confirmed in block #8979. deployed at: 0x97D96E22b6Db68874cDc41f4376D068E8b40813F, total fee: 247105 gwei (base: 3)" rpc="localhost:8545" scenario=factorydeploytx
time="2026-06-02T03:25:46Z" level=debug msg="deployment tx 78 confirmed in block #8979. deployed at: 0xAA3DC2E907cFbFeC73b69Ab07107E508b1AF64A3, total fee: 247105 gwei (base: 3)" rpc="localhost:8545" scenario=factorydeploytx
time="2026-06-02T03:25:46Z" level=debug msg="deployment tx 79 confirmed in block #8979. deployed at: 0xD1Fe6a9929D6bA0DcA72F238596334d29645E42a, total fee: 247105 gwei (base: 3)" rpc="localhost:8545" scenario=factorydeploytx
time="2026-06-02T03:25:46Z" level=debug msg="deployment tx 80 confirmed in block #8979. deployed at: 0xf9343e5ee92ABA70A8E8af01a94Ed57f25716e8c, total fee: 247105 gwei (base: 3)" rpc="localhost:8545" scenario=factorydeploytx
time="2026-06-02T03:25:46Z" level=debug msg="deployment tx 81 confirmed in block #8980. deployed at: 0xb6d85BC26a4344Baf39953D25B59D041E38b04a7, total fee: 233110 gwei (base: 3)" rpc="localhost:8545" scenario=factorydeploytx
time="2026-06-02T03:25:46Z" level=debug msg="deployment tx 82 confirmed in block #8980. deployed at: 0x8bfd6A40786BDdCbfEb0A1a988EfcdaB1fB3C20A, total fee: 233110 gwei (base: 3)" rpc="localhost:8545" scenario=factorydeploytx
time="2026-06-02T03:25:46Z" level=debug msg="deployment tx 83 confirmed in block #8980. deployed at: 0xCD36541106c070Cf60466e0b55482A0dB18b8aE1, total fee: 233110 gwei (base: 3)" rpc="localhost:8545" scenario=factorydeploytx
time="2026-06-02T03:25:46Z" level=debug msg="deployment tx 84 confirmed in block #8980. deployed at: 0x5D3F0F6aAe0ebE666bab699937089Cc309d5F278, total fee: 233110 gwei (base: 3)" rpc="localhost:8545" scenario=factorydeploytx
time="2026-06-02T03:25:46Z" level=info msg="processed block 8980:  5 total tx, 5 tx confirmed from 5 wallets (880.635µs, 312.769µs)"
time="2026-06-02T03:25:46Z" level=info msg="block 8980: submitted=0, pending=3, confirmed=5, throughput: 5B=4.60 tx/B, 20B=4.47 tx/B, 60B=4.47 tx/B" scenario=factorydeploytx wallets=5
time="2026-06-02T03:25:46Z" level=debug msg="deployment tx 85 confirmed in block #8980. deployed at: 0xeEeA9AB7e6c58C98F9ceDD84DF57AbC17305FBd8, total fee: 233110 gwei (base: 3)" rpc="localhost:8545" scenario=factorydeploytx
time="2026-06-02T03:25:46Z" level=debug msg="sent deployment tx #    89: 0x3f0472ac2139646c48a75b034d8c26d377eb311e4cc2c18a82f63d5564f373e8" nonce=7 rpc="localhost:8545" scenario=factorydeploytx wallet=89
time="2026-06-02T03:25:46Z" level=debug msg="sent deployment tx #    90: 0xe015c72064b435475e2b45d4a7a1bd32c436f91de8fd3ff61c44adba350bb337" nonce=7 rpc="localhost:8545" scenario=factorydeploytx wallet=90
time="2026-06-02T03:25:47Z" level=debug msg="sent deployment tx #    91: 0x51b59758ba0e400babe896671bcee8796dbad11bc4f6737fb60b4a4df10d5071" nonce=7 rpc="localhost:8545" scenario=factorydeploytx wallet=91
time="2026-06-02T03:25:47Z" level=debug msg="sent deployment tx #    92: 0x2f7fea4698353b5e9b2ab85adee31f85d5991030f909815e333dce3fd6fd82ad" nonce=7 rpc="localhost:8545" scenario=factorydeploytx wallet=92
time="2026-06-02T03:25:47Z" level=debug msg="sent deployment tx #    93: 0xe9fbb29bfcdd6be47a2345af50d023d5eed47ef88c1d9406fee37dfdf4f1dee4" nonce=7 rpc="localhost:8545" scenario=factorydeploytx wallet=93
time="2026-06-02T03:25:47Z" level=debug msg="sent deployment tx #    94: 0x4b92777d8f17002af2349b4b2c77df7f44f378ace44caed6b48d4e8e75919164" nonce=7 rpc="localhost:8545" scenario=factorydeploytx wallet=94
time="2026-06-02T03:25:48Z" level=debug msg="sent deployment tx #    95: 0x3e93cfe48f64a0585d6eefbd9999f0e1532695df034ed06eb77ba75376c420d3" nonce=7 rpc="localhost:8545" scenario=factorydeploytx wallet=95
time="2026-06-02T03:25:48Z" level=debug msg="sent deployment tx #    96: 0x97bb619ca1fa287b97ffac9ab0a8249899f1bec4af616610241ea6bce24e24e8" nonce=7 rpc="localhost:8545" scenario=factorydeploytx wallet=96
time="2026-06-02T03:25:48Z" level=debug msg="sent deployment tx #    97: 0x12bce1fee234fb7f979a8707d271bb9a6113c477dc6aabf104e89151e491315c" nonce=7 rpc="localhost:8545" scenario=factorydeploytx wallet=97
time="2026-06-02T03:25:48Z" level=debug msg="sent deployment tx #    98: 0xada7e4a642bccb5ba39bbc1aaf528d0139ae00f1d48b5ec8359cb8c94422a05f" nonce=7 rpc="localhost:8545" scenario=factorydeploytx wallet=98
time="2026-06-02T03:25:49Z" level=debug msg="sent deployment tx #    99: 0x3a8f896df09e4201dd810d7f133a6d177debe3d53cc20a279c7d55dda414e6e2" nonce=7 rpc="localhost:8545" scenario=factorydeploytx wallet=99
time="2026-06-02T03:25:49Z" level=debug msg="sent deployment tx #   100: 0xfd90b9de764940ad79ab722b003112c839a42262f3b70810a783a17f9060c401" nonce=7 rpc="localhost:8545" scenario=factorydeploytx wallet=100
time="2026-06-02T03:25:49Z" level=debug msg="deployment tx 86 confirmed in block #8981. deployed at: 0x96954AF92f1F192738ca289434D62e20d1bc3b48, total fee: 220881 gwei (base: 3)" rpc="localhost:8545" scenario=factorydeploytx
time="2026-06-02T03:25:49Z" level=debug msg="deployment tx 87 confirmed in block #8981. deployed at: 0x22744d63c2C60cfB36B3105d99786bA2d6C22d00, total fee: 220881 gwei (base: 3)" rpc="localhost:8545" scenario=factorydeploytx
time="2026-06-02T03:25:49Z" level=debug msg="deployment tx 88 confirmed in block #8981. deployed at: 0x5aeAD01836B965fF6E13952cDD59812b4a55C483, total fee: 220881 gwei (base: 3)" rpc="localhost:8545" scenario=factorydeploytx
time="2026-06-02T03:25:49Z" level=info msg="processed block 8981:  5 total tx, 5 tx confirmed from 5 wallets (1.359434ms, 350.611µs)"
time="2026-06-02T03:25:49Z" level=debug msg="deployment tx 89 confirmed in block #8981. deployed at: 0xF02C71427d8c322A86d8B6796C0c0Ef20153C655, total fee: 220881 gwei (base: 3)" rpc="localhost:8545" scenario=factorydeploytx
time="2026-06-02T03:25:49Z" level=debug msg="deployment tx 90 confirmed in block #8981. deployed at: 0x7fc6d686DeD50a82A597BE1790edBA35CF3E8038, total fee: 220881 gwei (base: 3)" rpc="localhost:8545" scenario=factorydeploytx
time="2026-06-02T03:25:49Z" level=info msg="block 8981: submitted=12, pending=10, confirmed=5, throughput: 5B=4.80 tx/B, 20B=4.50 tx/B, 60B=4.50 tx/B" scenario=factorydeploytx wallets=5
time="2026-06-02T03:25:49Z" level=debug msg="deployment tx 91 confirmed in block #8982. deployed at: 0x1312F3aa6dE40015d720d4754dc1CD25c2035C8e, total fee: 210156 gwei (base: 3)" rpc="localhost:8545" scenario=factorydeploytx
time="2026-06-02T03:25:49Z" level=debug msg="deployment tx 92 confirmed in block #8982. deployed at: 0xdcE60388be1c371d500387489e6C88cFC3dB2406, total fee: 210156 gwei (base: 3)" rpc="localhost:8545" scenario=factorydeploytx
time="2026-06-02T03:25:49Z" level=info msg="processed block 8982:  4 total tx, 4 tx confirmed from 4 wallets (1.016816ms, 270.306µs)"
time="2026-06-02T03:25:49Z" level=info msg="block 8982: submitted=0, pending=6, confirmed=4, throughput: 5B=4.60 tx/B, 20B=4.60 tx/B, 60B=4.48 tx/B" scenario=factorydeploytx wallets=4
time="2026-06-02T03:25:49Z" level=debug msg="deployment tx 93 confirmed in block #8982. deployed at: 0xAaf9C02DDbcc185D3B805eEA9b4DaFE358cbf44f, total fee: 210156 gwei (base: 3)" rpc="localhost:8545" scenario=factorydeploytx
time="2026-06-02T03:25:49Z" level=debug msg="deployment tx 94 confirmed in block #8982. deployed at: 0x7bF9ABB39e36C9A3907616076dFd09647C7520E8, total fee: 210156 gwei (base: 3)" rpc="localhost:8545" scenario=factorydeploytx
time="2026-06-02T03:25:49Z" level=debug msg="deployment tx 95 confirmed in block #8983. deployed at: 0x6Da4b00d52F407775E918420fb48e3F47aC3CDCe, total fee: 200719 gwei (base: 3)" rpc="localhost:8545" scenario=factorydeploytx
time="2026-06-02T03:25:49Z" level=debug msg="deployment tx 96 confirmed in block #8983. deployed at: 0xd9AaeF4e9ed84813685C2199f8c66Fb65b3ecD56, total fee: 200719 gwei (base: 3)" rpc="localhost:8545" scenario=factorydeploytx
time="2026-06-02T03:25:49Z" level=debug msg="deployment tx 97 confirmed in block #8983. deployed at: 0x765893C770496c73D925C4D84421481a23C81aA4, total fee: 200719 gwei (base: 3)" rpc="localhost:8545" scenario=factorydeploytx
time="2026-06-02T03:25:49Z" level=debug msg="deployment tx 98 confirmed in block #8983. deployed at: 0x9c2b3235e11e3a581077BE7c8525c3641e1ad4bc, total fee: 200719 gwei (base: 3)" rpc="localhost:8545" scenario=factorydeploytx
time="2026-06-02T03:25:49Z" level=info msg="processed block 8983:  5 total tx, 5 tx confirmed from 5 wallets (2.154346ms, 320.323µs)"
time="2026-06-02T03:25:49Z" level=info msg="block 8983: submitted=0, pending=1, confirmed=5, throughput: 5B=4.60 tx/B, 20B=4.65 tx/B, 60B=4.50 tx/B" scenario=factorydeploytx wallets=5
time="2026-06-02T03:25:49Z" level=debug msg="deployment tx 99 confirmed in block #8983. deployed at: 0x0017B7D69FBE2Ca74CC3fF57b91Fe353c558374d, total fee: 200719 gwei (base: 3)" rpc="localhost:8545" scenario=factorydeploytx
time="2026-06-02T03:25:49Z" level=debug msg="sent deployment tx #   101: 0x9c566c71251ec357c26d71e710a9a775dee9d2a00d9eb252c517f40004963a2c" nonce=100 rpc="localhost:8545" scenario=factorydeploytx wallet=1
time="2026-06-02T03:25:49Z" level=debug msg="sent deployment tx #   102: 0xe8c8e82f8f0846b14988f2053380e4b4ec01ea1b2776b8de01120be7446297d9" nonce=100 rpc="localhost:8545" scenario=factorydeploytx wallet=2
time="2026-06-02T03:25:50Z" level=debug msg="sent deployment tx #   103: 0x2ea58435bceedf85eebf8b50ad54a66b17a50460c0ad7213904721b6860bb0e2" nonce=105 rpc="localhost:8545" scenario=factorydeploytx wallet=3
time="2026-06-02T03:25:50Z" level=debug msg="sent deployment tx #   104: 0xb2385d12dd330a836d73b53208896292540df2b1174407d13dcfb230eb1dfb67" nonce=112 rpc="localhost:8545" scenario=factorydeploytx wallet=4
time="2026-06-02T03:25:50Z" level=debug msg="sent deployment tx #   105: 0xcd93892828a5fe5a0a38875e1833fab87803e353327392439217a45ff43c8799" nonce=112 rpc="localhost:8545" scenario=factorydeploytx wallet=5
time="2026-06-02T03:25:50Z" level=debug msg="sent deployment tx #   106: 0xd86d902ef5450ceb9dc50f86bd50480d76cfc9719f1903f8007d4130a198afe0" nonce=112 rpc="localhost:8545" scenario=factorydeploytx wallet=6
time="2026-06-02T03:25:51Z" level=debug msg="sent deployment tx #   107: 0xfcbcfa38061d95d8c56899a8ef822242d18b50b286cf7ed7e9734269dd3461cf" nonce=96 rpc="localhost:8545" scenario=factorydeploytx wallet=7
time="2026-06-02T03:25:51Z" level=debug msg="sent deployment tx #   108: 0x1c57ad97f53cdcf77bf969a05f0b3006e6c9a45fada89be3b03b90a4a0f36e24" nonce=96 rpc="localhost:8545" scenario=factorydeploytx wallet=8
time="2026-06-02T03:25:51Z" level=debug msg="sent deployment tx #   109: 0x8f92222b10d69774429174aa756c164bb6c37935053f6a5f55bd32381a0c44bf" nonce=96 rpc="localhost:8545" scenario=factorydeploytx wallet=9
time="2026-06-02T03:25:51Z" level=debug msg="sent deployment tx #   110: 0x991b0a67663a3ef4e00a8b2174a70ca1da9103e5805553396ff809ce33990b43" nonce=96 rpc="localhost:8545" scenario=factorydeploytx wallet=10
time="2026-06-02T03:25:52Z" level=debug msg="sent deployment tx #   111: 0xd4cc4455905bc46fbcf3dfb1363b9e12cd9b22acbbd088bcce79d3951e0bfddc" nonce=8 rpc="localhost:8545" scenario=factorydeploytx wallet=11
time="2026-06-02T03:25:52Z" level=debug msg="sent deployment tx #   112: 0xe893c3ab1f3340a1b0963d726abba7f59c6110a464dd96db2eefadcfe7f6be33" nonce=8 rpc="localhost:8545" scenario=factorydeploytx wallet=12
time="2026-06-02T03:25:52Z" level=debug msg="sent deployment tx #   113: 0xe2874c946c9768e880bd5d7e751434df8d86f636a237433b727b0072922534e3" nonce=8 rpc="localhost:8545" scenario=factorydeploytx wallet=13
time="2026-06-02T03:25:52Z" level=info msg="processed block 8984:  4 total tx, 4 tx confirmed from 4 wallets (1.472014ms, 520.966µs)"
time="2026-06-02T03:25:52Z" level=info msg="block 8984: submitted=13, pending=10, confirmed=4, throughput: 5B=4.60 tx/B, 20B=4.60 tx/B, 60B=4.48 tx/B" scenario=factorydeploytx wallets=4
time="2026-06-02T03:25:52Z" level=debug msg="deployment tx 100 confirmed in block #8984. deployed at: 0x21848754CB05A6D84F20C044B79E56f3AC1fdA2B, total fee: 192473 gwei (base: 2)" rpc="localhost:8545" scenario=factorydeploytx
time="2026-06-02T03:25:52Z" level=debug msg="deployment tx 101 confirmed in block #8984. deployed at: 0xDC4dA4653393Ee6516731c41E7B47Ea74e4F20AA, total fee: 192473 gwei (base: 2)" rpc="localhost:8545" scenario=factorydeploytx
time="2026-06-02T03:25:52Z" level=debug msg="deployment tx 102 confirmed in block #8984. deployed at: 0x2b6a274D6151B86658539B494c962a0BD70C6c57, total fee: 192473 gwei (base: 2)" rpc="localhost:8545" scenario=factorydeploytx
time="2026-06-02T03:25:52Z" level=debug msg="deployment tx 103 confirmed in block #8984. deployed at: 0xc7aD8a3257907cBad7E99F813EA946453347fb8F, total fee: 192473 gwei (base: 2)" rpc="localhost:8545" scenario=factorydeploytx
time="2026-06-02T03:25:52Z" level=debug msg="deployment tx 104 confirmed in block #8985. deployed at: 0xA830079091c38b6D1aF75118fE6a3adBEd7b885E, total fee: 185218 gwei (base: 2)" rpc="localhost:8545" scenario=factorydeploytx
time="2026-06-02T03:25:52Z" level=debug msg="deployment tx 105 confirmed in block #8985. deployed at: 0xcb55828a1b92eEE2baa52384BdF6Cc280aF9b030, total fee: 185218 gwei (base: 2)" rpc="localhost:8545" scenario=factorydeploytx
time="2026-06-02T03:25:52Z" level=info msg="processed block 8985:  5 total tx, 5 tx confirmed from 5 wallets (1.403346ms, 512.487µs)"
time="2026-06-02T03:25:52Z" level=info msg="block 8985: submitted=0, pending=5, confirmed=5, throughput: 5B=4.60 tx/B, 20B=4.65 tx/B, 60B=4.50 tx/B" scenario=factorydeploytx wallets=5
time="2026-06-02T03:25:52Z" level=debug msg="deployment tx 106 confirmed in block #8985. deployed at: 0x1A2fDB30388c2AfBB41D4b126aa68D4c0A58077c, total fee: 185218 gwei (base: 2)" rpc="localhost:8545" scenario=factorydeploytx
time="2026-06-02T03:25:52Z" level=debug msg="deployment tx 107 confirmed in block #8985. deployed at: 0x09D12A15165a144A26431DA1907EC14E70563783, total fee: 185218 gwei (base: 2)" rpc="localhost:8545" scenario=factorydeploytx
time="2026-06-02T03:25:52Z" level=debug msg="deployment tx 108 confirmed in block #8985. deployed at: 0x21aF1770fAA4664dea36a339Bad0a94371A3713F, total fee: 185218 gwei (base: 2)" rpc="localhost:8545" scenario=factorydeploytx
time="2026-06-02T03:25:52Z" level=debug msg="sent deployment tx #   114: 0x19ac92adf608b9d42625dc259bf15bc9de46edeca202965bd6688869e8ad00b8" nonce=8 rpc="localhost:8545" scenario=factorydeploytx wallet=14
time="2026-06-02T03:25:52Z" level=debug msg="sent deployment tx #   115: 0x82c2ab4c3ef5fc65a941a119f9ce7dfc0654901e22d5f048e0d6fe93d70a3093" nonce=8 rpc="localhost:8545" scenario=factorydeploytx wallet=15
time="2026-06-02T03:25:53Z" level=debug msg="sent deployment tx #   116: 0xfa6caf66113969978f3a5e1ea90d30e80d01bb2a5ae64c9ede6585d7a438f01b" nonce=8 rpc="localhost:8545" scenario=factorydeploytx wallet=16
time="2026-06-02T03:25:53Z" level=debug msg="sent deployment tx #   117: 0x5674c7029a5c8cbc34d37aeed869e83b011ed03e7aa401e9c6cffb3a0181c677" nonce=8 rpc="localhost:8545" scenario=factorydeploytx wallet=17
time="2026-06-02T03:25:53Z" level=debug msg="sent deployment tx #   118: 0xd671c38e6463354ef35afa308d71f5cdd47c9caceb14b87b2fafceac3fe1b1e7" nonce=8 rpc="localhost:8545" scenario=factorydeploytx wallet=18
time="2026-06-02T03:25:53Z" level=debug msg="sent deployment tx #   119: 0x241f89e95633fce81606b56e0f354ea77f22782b8624a11f3f334184f15d9100" nonce=8 rpc="localhost:8545" scenario=factorydeploytx wallet=19
time="2026-06-02T03:25:54Z" level=debug msg="sent deployment tx #   120: 0x8438ac255df3bb791eaeadac0cca44b493463a242d8c671598b7f5260ca18594" nonce=8 rpc="localhost:8545" scenario=factorydeploytx wallet=20
time="2026-06-02T03:25:54Z" level=debug msg="sent deployment tx #   121: 0x418a316f5463f2a819c0bcfce994327e3ed3405acfd59ed70e11d8c87f3a72b9" nonce=8 rpc="localhost:8545" scenario=factorydeploytx wallet=21
time="2026-06-02T03:25:54Z" level=debug msg="sent deployment tx #   122: 0xf5d66230be9ee6cfd14cc554a5adfb797863d9751223909254742bfff933c732" nonce=8 rpc="localhost:8545" scenario=factorydeploytx wallet=22
time="2026-06-02T03:25:54Z" level=debug msg="sent deployment tx #   123: 0xc6cc5d6efc09f076171a6d79aa6750221b3d7afa43b1995875c334063e626dd3" nonce=8 rpc="localhost:8545" scenario=factorydeploytx wallet=23
time="2026-06-02T03:25:55Z" level=debug msg="sent deployment tx #   124: 0xba0d252d3576f300937fa7e588b9ea017006c1ee5113a01ba34a10d6882c8063" nonce=8 rpc="localhost:8545" scenario=factorydeploytx wallet=24
time="2026-06-02T03:25:55Z" level=debug msg="sent deployment tx #   125: 0x1c01d29169f8d6cd29352b8afc215c6a1eeaaa90b47817ee6d60043d1c37b5d7" nonce=8 rpc="localhost:8545" scenario=factorydeploytx wallet=25
time="2026-06-02T03:25:55Z" level=debug msg="sent deployment tx #   126: 0xa055d41473fe14e8d811f942b8240eaba0e4cd2bab80f0e09c201014af80395d" nonce=8 rpc="localhost:8545" scenario=factorydeploytx wallet=26
time="2026-06-02T03:25:55Z" level=debug msg="deployment tx 109 confirmed in block #8986. deployed at: 0xCE9DA45387A2B2518BC923Cfd7826eD4650D8910, total fee: 178878 gwei (base: 2)" rpc="localhost:8545" scenario=factorydeploytx
time="2026-06-02T03:25:55Z" level=debug msg="deployment tx 110 confirmed in block #8986. deployed at: 0x9773511a20b32B0d15e5B2912a7333d0156eEff5, total fee: 178878 gwei (base: 2)" rpc="localhost:8545" scenario=factorydeploytx
time="2026-06-02T03:25:55Z" level=debug msg="deployment tx 111 confirmed in block #8986. deployed at: 0x3ff45D57e5d28f7Ac7bE913955836De996E9874a, total fee: 178878 gwei (base: 2)" rpc="localhost:8545" scenario=factorydeploytx
time="2026-06-02T03:25:55Z" level=debug msg="deployment tx 112 confirmed in block #8986. deployed at: 0xC6D81d83AB626CFfcc4ae6aF8053723262275388, total fee: 178878 gwei (base: 2)" rpc="localhost:8545" scenario=factorydeploytx
time="2026-06-02T03:25:55Z" level=info msg="processed block 8986:  5 total tx, 5 tx confirmed from 5 wallets (16.645578ms, 541.706µs)"
time="2026-06-02T03:25:55Z" level=info msg="block 8986: submitted=13, pending=4, confirmed=5, throughput: 5B=4.60 tx/B, 20B=4.65 tx/B, 60B=4.52 tx/B" scenario=factorydeploytx wallets=5
time="2026-06-02T03:25:55Z" level=debug msg="deployment tx 113 confirmed in block #8986. deployed at: 0x82aa12f3D9196D20dDe3FC5f888F9794A5E3C713, total fee: 178878 gwei (base: 2)" rpc="localhost:8545" scenario=factorydeploytx
time="2026-06-02T03:25:55Z" level=info msg="processed block 8987:  4 total tx, 4 tx confirmed from 4 wallets (5.441772ms, 407.742µs)"
time="2026-06-02T03:25:55Z" level=info msg="block 8987: submitted=0, pending=4, confirmed=4, throughput: 5B=4.60 tx/B, 20B=4.60 tx/B, 60B=4.50 tx/B" scenario=factorydeploytx wallets=4
time="2026-06-02T03:25:55Z" level=debug msg="deployment tx 117 confirmed in block #8987. deployed at: 0x981C6ACd6A3C6bD0755B0B725668a88cc2D2477b, total fee: 173318 gwei (base: 2)" rpc="localhost:8545" scenario=factorydeploytx
time="2026-06-02T03:25:55Z" level=debug msg="deployment tx 114 confirmed in block #8987. deployed at: 0xaB00eF7513FDD6926b9094E3878ea46B4B50AC1a, total fee: 173318 gwei (base: 2)" rpc="localhost:8545" scenario=factorydeploytx
time="2026-06-02T03:25:55Z" level=debug msg="deployment tx 115 confirmed in block #8987. deployed at: 0x34A891b308a24E602B6a2a675cafBfa82868Ea72, total fee: 173318 gwei (base: 2)" rpc="localhost:8545" scenario=factorydeploytx
time="2026-06-02T03:25:55Z" level=debug msg="deployment tx 116 confirmed in block #8987. deployed at: 0x58C080729483C3cB1caf0D505c93578A0D1a21FA, total fee: 173318 gwei (base: 2)" rpc="localhost:8545" scenario=factorydeploytx
time="2026-06-02T03:25:55Z" level=debug msg="deployment tx 119 confirmed in block #8988. deployed at: 0x925c7F9f95371C4B56e044A653AD0f807D816C99, total fee: 168426 gwei (base: 2)" rpc="localhost:8545" scenario=factorydeploytx
time="2026-06-02T03:25:55Z" level=info msg="processed block 8988:  5 total tx, 5 tx confirmed from 5 wallets (15.010063ms, 421.95µs)"
time="2026-06-02T03:25:55Z" level=debug msg="deployment tx 120 confirmed in block #8988. deployed at: 0x3D2ef9741F098EC8cd159258460276EA4585946B, total fee: 168426 gwei (base: 2)" rpc="localhost:8545" scenario=factorydeploytx
time="2026-06-02T03:25:55Z" level=info msg="block 8988: submitted=0, pending=4, confirmed=5, throughput: 5B=4.60 tx/B, 20B=4.65 tx/B, 60B=4.52 tx/B" scenario=factorydeploytx wallets=5
time="2026-06-02T03:25:55Z" level=debug msg="deployment tx 121 confirmed in block #8988. deployed at: 0x41f75FD5F17F3c70A87E0C42358019709E2734FC, total fee: 168426 gwei (base: 2)" rpc="localhost:8545" scenario=factorydeploytx
time="2026-06-02T03:25:55Z" level=debug msg="deployment tx 122 confirmed in block #8988. deployed at: 0x05F8E16d4EDC6Ac1951125eb9141786A621b0BDF, total fee: 168426 gwei (base: 2)" rpc="localhost:8545" scenario=factorydeploytx
time="2026-06-02T03:25:55Z" level=debug msg="deployment tx 118 confirmed in block #8988. deployed at: 0xCE084Ca8D4988ef4F67664bd4fe8871d5f88d943, total fee: 168426 gwei (base: 2)" rpc="localhost:8545" scenario=factorydeploytx
time="2026-06-02T03:25:55Z" level=info msg="checked child wallets (no funding needed)" module=walletpool
time="2026-06-02T03:25:55Z" level=debug msg="sent deployment tx #   127: 0x454962c02a4bdf21428bd8cc96d6366d610fd0d9464a0d0c70c4a7e607d321d9" nonce=8 rpc="localhost:8545" scenario=factorydeploytx wallet=27
time="2026-06-02T03:25:56Z" level=debug msg="sent deployment tx #   128: 0xa6a1880e76b6db4339b4b3c2439204fcc4139f5512112f5cdd6d7cfa67c3be79" nonce=8 rpc="localhost:8545" scenario=factorydeploytx wallet=28
time="2026-06-02T03:25:56Z" level=debug msg="sent deployment tx #   129: 0x164b84f2d38baca84ae90c037a5dcfcfdad78b88e6fc090084d443302f3e9a1e" nonce=8 rpc="localhost:8545" scenario=factorydeploytx wallet=29
time="2026-06-02T03:25:56Z" level=debug msg="sent deployment tx #   130: 0x974ee8e4c867eeddafa0ba9e7ffa1e7ac01de539de2bf1e99820f50e65c628ea" nonce=8 rpc="localhost:8545" scenario=factorydeploytx wallet=30
time="2026-06-02T03:25:56Z" level=debug msg="sent deployment tx #   131: 0x26f7a269c493eb807d0eb08823ae32ef4350de409e54235c88ae4ccdabc05928" nonce=8 rpc="localhost:8545" scenario=factorydeploytx wallet=31
time="2026-06-02T03:25:57Z" level=debug msg="sent deployment tx #   132: 0x8d7100bef9deff98b8756f7f63a98ddf1db4819031b768b3c7a998f2854fa06b" nonce=8 rpc="localhost:8545" scenario=factorydeploytx wallet=32
time="2026-06-02T03:25:57Z" level=debug msg="sent deployment tx #   133: 0xcf2dcbb80880635ed5f1660e4d06087fa4b1ebbf0c97406104e926ece79001da" nonce=8 rpc="localhost:8545" scenario=factorydeploytx wallet=33
time="2026-06-02T03:25:57Z" level=debug msg="sent deployment tx #   134: 0xf825d57462ddbc5de2395af8d65364b57f89714bbc8e209d92b824fabc51b134" nonce=8 rpc="localhost:8545" scenario=factorydeploytx wallet=34
time="2026-06-02T03:25:57Z" level=debug msg="sent deployment tx #   135: 0xd3e8c109e063f8d50fcb5475f532273cfd609d0aae6aa20d5ffa4cd486edc4e9" nonce=8 rpc="localhost:8545" scenario=factorydeploytx wallet=35
time="2026-06-02T03:25:58Z" level=debug msg="sent deployment tx #   136: 0xea585a7d5e251f812d4a91f5d7fdca40fc8fb7cd58c230372750f3a235205a15" nonce=8 rpc="localhost:8545" scenario=factorydeploytx wallet=36
time="2026-06-02T03:25:58Z" level=debug msg="sent deployment tx #   137: 0x348fd08eeab9eebe6e714a5fba5a33f5a819052048d4c1d4211cafaf29b017f3" nonce=8 rpc="localhost:8545" scenario=factorydeploytx wallet=37
time="2026-06-02T03:25:58Z" level=debug msg="sent deployment tx #   138: 0xa4a5807b11269996e69aac131c624e2e03fc92e3dc845c5e589455fb46240903" nonce=8 rpc="localhost:8545" scenario=factorydeploytx wallet=38
time="2026-06-02T03:25:58Z" level=debug msg="deployment tx 123 confirmed in block #8989. deployed at: 0x761679f683c40495a87De7608452c2FabC7e8038, total fee: 164151 gwei (base: 2)" rpc="localhost:8545" scenario=factorydeploytx
time="2026-06-02T03:25:58Z" level=debug msg="deployment tx 124 confirmed in block #8989. deployed at: 0xe197108D2749397e2a662F65229C5dBD51cea0cB, total fee: 164151 gwei (base: 2)" rpc="localhost:8545" scenario=factorydeploytx
time="2026-06-02T03:25:58Z" level=debug msg="deployment tx 125 confirmed in block #8989. deployed at: 0xCbe23e4e88D22038f78696c1d0ad22E4F2dDBd1C, total fee: 164151 gwei (base: 2)" rpc="localhost:8545" scenario=factorydeploytx
time="2026-06-02T03:25:58Z" level=info msg="processed block 8989:  4 total tx, 4 tx confirmed from 4 wallets (1.364379ms, 282.041µs)"
time="2026-06-02T03:25:58Z" level=info msg="block 8989: submitted=12, pending=12, confirmed=4, throughput: 5B=4.60 tx/B, 20B=4.60 tx/B, 60B=4.50 tx/B" scenario=factorydeploytx wallets=4
time="2026-06-02T03:25:58Z" level=debug msg="deployment tx 126 confirmed in block #8989. deployed at: 0x31C8194131C01CDE36A394971C4dE5e04cf20d5F, total fee: 164151 gwei (base: 2)" rpc="localhost:8545" scenario=factorydeploytx
time="2026-06-02T03:25:58Z" level=debug msg="deployment tx 127 confirmed in block #8990. deployed at: 0x482B193b0131Ed6A21a8169B438e3d0dBe5F75AC, total fee: 160390 gwei (base: 2)" rpc="localhost:8545" scenario=factorydeploytx
time="2026-06-02T03:25:58Z" level=debug msg="deployment tx 128 confirmed in block #8990. deployed at: 0x3C43d573b1e5d6cFBd43324ED8a2E603C5DE7BC3, total fee: 160390 gwei (base: 2)" rpc="localhost:8545" scenario=factorydeploytx
time="2026-06-02T03:25:58Z" level=debug msg="deployment tx 129 confirmed in block #8990. deployed at: 0x90F343a633BA75D243a16CD66Ba3A6ce39e6cc64, total fee: 160390 gwei (base: 2)" rpc="localhost:8545" scenario=factorydeploytx
time="2026-06-02T03:25:58Z" level=info msg="processed block 8990:  5 total tx, 5 tx confirmed from 5 wallets (1.008846ms, 309.577µs)"
time="2026-06-02T03:25:58Z" level=debug msg="deployment tx 130 confirmed in block #8990. deployed at: 0x18A0033D61b64Dc5752ceB93B41C760Ce2675753, total fee: 160390 gwei (base: 2)" rpc="localhost:8545" scenario=factorydeploytx
time="2026-06-02T03:25:58Z" level=info msg="block 8990: submitted=0, pending=7, confirmed=5, throughput: 5B=4.60 tx/B, 20B=4.65 tx/B, 60B=4.52 tx/B" scenario=factorydeploytx wallets=5
time="2026-06-02T03:25:58Z" level=debug msg="deployment tx 131 confirmed in block #8990. deployed at: 0x53436A05CbEaa67a46fAfaF5E6C0e996014d753a, total fee: 160390 gwei (base: 2)" rpc="localhost:8545" scenario=factorydeploytx
time="2026-06-02T03:25:58Z" level=debug msg="deployment tx 132 confirmed in block #8991. deployed at: 0x435142C3fb6fAFd4f535DED69aAEd0c729600E45, total fee: 157104 gwei (base: 2)" rpc="localhost:8545" scenario=factorydeploytx
time="2026-06-02T03:25:58Z" level=debug msg="deployment tx 133 confirmed in block #8991. deployed at: 0xe299142617730599396afcA44F2a308BA7e54853, total fee: 157104 gwei (base: 2)" rpc="localhost:8545" scenario=factorydeploytx
time="2026-06-02T03:25:58Z" level=debug msg="deployment tx 134 confirmed in block #8991. deployed at: 0x9FC6Bd99c82a0fd15aacec5A64C73181F56f241E, total fee: 157104 gwei (base: 2)" rpc="localhost:8545" scenario=factorydeploytx
time="2026-06-02T03:25:58Z" level=info msg="processed block 8991:  4 total tx, 4 tx confirmed from 4 wallets (822.174µs, 253.22µs)"
time="2026-06-02T03:25:58Z" level=info msg="block 8991: submitted=0, pending=3, confirmed=4, throughput: 5B=4.40 tx/B, 20B=4.60 tx/B, 60B=4.50 tx/B" scenario=factorydeploytx wallets=4
time="2026-06-02T03:25:58Z" level=debug msg="deployment tx 135 confirmed in block #8991. deployed at: 0x27BE3313Fb02949DF785E9677CD9F872980B3744, total fee: 157104 gwei (base: 2)" rpc="localhost:8545" scenario=factorydeploytx
time="2026-06-02T03:25:58Z" level=debug msg="sent deployment tx #   139: 0x536e601fdcdf58fca72f245478def63419fe881ecedb0a0d7e50cbd46c17a0f4" nonce=8 rpc="localhost:8545" scenario=factorydeploytx wallet=39
time="2026-06-02T03:25:58Z" level=debug msg="sent deployment tx #   140: 0x098d614561d8b895633d1fa4630dbbb3fffed59923e2e24a22974a49370c4b03" nonce=8 rpc="localhost:8545" scenario=factorydeploytx wallet=40
time="2026-06-02T03:25:59Z" level=debug msg="sent deployment tx #   141: 0xcb0f1a0541899b6127519439f433bf6b62d486aa316acc396a628a47c9087c63" nonce=8 rpc="localhost:8545" scenario=factorydeploytx wallet=41
time="2026-06-02T03:25:59Z" level=debug msg="sent deployment tx #   142: 0x5db6977658e915f82bf63ddebf21fa97da05b4e623f61d79fe5d81f3a39d8144" nonce=8 rpc="localhost:8545" scenario=factorydeploytx wallet=42
time="2026-06-02T03:25:59Z" level=debug msg="sent deployment tx #   143: 0x14e38e77da7566ca4a4b2f297fa681140733519d9cbcbc3d4f81d317cca6a4d3" nonce=8 rpc="localhost:8545" scenario=factorydeploytx wallet=43
time="2026-06-02T03:25:59Z" level=debug msg="sent deployment tx #   144: 0x694dfe201dc56ec4acdc3898694df1066ec62888504cd7516f05fd0c28d195a2" nonce=8 rpc="localhost:8545" scenario=factorydeploytx wallet=44
time="2026-06-02T03:26:00Z" level=debug msg="sent deployment tx #   145: 0xc1e96d255851e44423de1fd1d8c556e6f4071d3f6b1807ae3c70446d20368259" nonce=8 rpc="localhost:8545" scenario=factorydeploytx wallet=45
time="2026-06-02T03:26:00Z" level=debug msg="sent deployment tx #   146: 0x02fb7325251f007fc5243113d5bb9e96a8baf8e84fa25300599946ee47bbd9f0" nonce=8 rpc="localhost:8545" scenario=factorydeploytx wallet=46
time="2026-06-02T03:26:00Z" level=debug msg="sent deployment tx #   147: 0x914b30c2144e3dbaae427f4cb25b99c4cf4064a2ba5d48a37b77a06735bb80d4" nonce=8 rpc="localhost:8545" scenario=factorydeploytx wallet=47
time="2026-06-02T03:26:00Z" level=debug msg="sent deployment tx #   148: 0x1febf212bd8cb473f2c5534368463e541e2936a742b38b54560ecafe0999f200" nonce=8 rpc="localhost:8545" scenario=factorydeploytx wallet=48
time="2026-06-02T03:26:01Z" level=debug msg="sent deployment tx #   149: 0x0fca0a788941af4edc2a4b0c6c31d7c2f9c90fb17d1aa25ed67bd626ab43da41" nonce=8 rpc="localhost:8545" scenario=factorydeploytx wallet=49
time="2026-06-02T03:26:01Z" level=debug msg="sent deployment tx #   150: 0x7aebdcb5c8ac0e94e4ceaaebcc87d8184f9ebd77094d3170a2ca24c963251a39" nonce=8 rpc="localhost:8545" scenario=factorydeploytx wallet=50
time="2026-06-02T03:26:01Z" level=debug msg="sent deployment tx #   151: 0x901e2fe351e3d7e1fb19e3b5ea9d93ed4468fe9f743b8a2aa3f345fee2bd2dd1" nonce=8 rpc="localhost:8545" scenario=factorydeploytx wallet=51
time="2026-06-02T03:26:01Z" level=debug msg="deployment tx 136 confirmed in block #8992. deployed at: 0xe63567919a32D304BD7298748a84e2Bd802B1CB6, total fee: 154212 gwei (base: 2)" rpc="localhost:8545" scenario=factorydeploytx
time="2026-06-02T03:26:01Z" level=debug msg="deployment tx 137 confirmed in block #8992. deployed at: 0x4Fc551d36FC3367de91693470C0acF1fce63b65A, total fee: 154212 gwei (base: 2)" rpc="localhost:8545" scenario=factorydeploytx
time="2026-06-02T03:26:01Z" level=debug msg="deployment tx 138 confirmed in block #8992. deployed at: 0x12f07C5cC316630BaCa6ffa4897b4Bb320A5326d, total fee: 154212 gwei (base: 2)" rpc="localhost:8545" scenario=factorydeploytx
time="2026-06-02T03:26:01Z" level=debug msg="deployment tx 139 confirmed in block #8992. deployed at: 0xa3Fc9ae7305649B46D63eb0C1e310C702e9A9695, total fee: 154212 gwei (base: 2)" rpc="localhost:8545" scenario=factorydeploytx
time="2026-06-02T03:26:01Z" level=info msg="processed block 8992:  5 total tx, 5 tx confirmed from 5 wallets (2.267279ms, 397.109µs)"
time="2026-06-02T03:26:01Z" level=info msg="block 8992: submitted=13, pending=11, confirmed=5, throughput: 5B=4.60 tx/B, 20B=4.60 tx/B, 60B=4.52 tx/B" scenario=factorydeploytx wallets=5
time="2026-06-02T03:26:01Z" level=debug msg="deployment tx 140 confirmed in block #8992. deployed at: 0x5C1F532931bed1e5081B294315Bb62CBf5263C10, total fee: 154212 gwei (base: 2)" rpc="localhost:8545" scenario=factorydeploytx
time="2026-06-02T03:26:01Z" level=debug msg="deployment tx 141 confirmed in block #8993. deployed at: 0x039965786539aBF8F1dAD4085384Ac4227861128, total fee: 151685 gwei (base: 2)" rpc="localhost:8545" scenario=factorydeploytx
time="2026-06-02T03:26:01Z" level=debug msg="deployment tx 142 confirmed in block #8993. deployed at: 0x723970917E170B01741c00F3f141Cc7fb8c7F911, total fee: 151685 gwei (base: 2)" rpc="localhost:8545" scenario=factorydeploytx
time="2026-06-02T03:26:01Z" level=debug msg="deployment tx 143 confirmed in block #8993. deployed at: 0x91Cbc6B0A5702B1840f9d358830Ce4655e7e2676, total fee: 151685 gwei (base: 2)" rpc="localhost:8545" scenario=factorydeploytx
time="2026-06-02T03:26:01Z" level=info msg="processed block 8993:  5 total tx, 5 tx confirmed from 5 wallets (1.157562ms, 356.165µs)"
time="2026-06-02T03:26:01Z" level=debug msg="deployment tx 144 confirmed in block #8993. deployed at: 0x2B7078eC146c9b9348F47103857133B3c517908a, total fee: 151685 gwei (base: 2)" rpc="localhost:8545" scenario=factorydeploytx
time="2026-06-02T03:26:01Z" level=info msg="block 8993: submitted=0, pending=6, confirmed=5, throughput: 5B=4.60 tx/B, 20B=4.65 tx/B, 60B=4.53 tx/B" scenario=factorydeploytx wallets=5
time="2026-06-02T03:26:01Z" level=debug msg="deployment tx 145 confirmed in block #8993. deployed at: 0x20D44E73AbFdbd5C6410546A9Ab4dff25be3dc97, total fee: 151685 gwei (base: 2)" rpc="localhost:8545" scenario=factorydeploytx
time="2026-06-02T03:26:01Z" level=debug msg="deployment tx 146 confirmed in block #8994. deployed at: 0x0DF91E64703f1a423484a48380c4CbA2C97b58e0, total fee: 149469 gwei (base: 2)" rpc="localhost:8545" scenario=factorydeploytx
time="2026-06-02T03:26:01Z" level=debug msg="deployment tx 148 confirmed in block #8994. deployed at: 0x08F30df412BaC1c28831A3345B30762817470CC6, total fee: 149469 gwei (base: 2)" rpc="localhost:8545" scenario=factorydeploytx
time="2026-06-02T03:26:01Z" level=debug msg="deployment tx 147 confirmed in block #8994. deployed at: 0x22ae221D143dfea0794462F67817726e2B8901Ca, total fee: 149469 gwei (base: 2)" rpc="localhost:8545" scenario=factorydeploytx
time="2026-06-02T03:26:01Z" level=info msg="processed block 8994:  4 total tx, 4 tx confirmed from 4 wallets (895.036µs, 322.13µs)"
time="2026-06-02T03:26:01Z" level=info msg="block 8994: submitted=0, pending=2, confirmed=4, throughput: 5B=4.60 tx/B, 20B=4.60 tx/B, 60B=4.52 tx/B" scenario=factorydeploytx wallets=4
time="2026-06-02T03:26:01Z" level=debug msg="deployment tx 149 confirmed in block #8994. deployed at: 0x00532F730782EFB6b7A9FBfFF008c4503b5528eF, total fee: 149469 gwei (base: 2)" rpc="localhost:8545" scenario=factorydeploytx
time="2026-06-02T03:26:01Z" level=debug msg="sent deployment tx #   152: 0x99880bed8a5eeb314416bc1690627414dee9d174fe25ad99f058f637cfb84b76" nonce=8 rpc="localhost:8545" scenario=factorydeploytx wallet=52
time="2026-06-02T03:26:02Z" level=debug msg="sent deployment tx #   153: 0x391fb0c7369c46cd32f8fa47a00b276a9d00fdf9235aa78d0c2d2094c51839ba" nonce=8 rpc="localhost:8545" scenario=factorydeploytx wallet=53
time="2026-06-02T03:26:02Z" level=debug msg="sent deployment tx #   154: 0xadbb58a544923ec89c018cf62ac400802df745f1622e1456629779377b25b45e" nonce=8 rpc="localhost:8545" scenario=factorydeploytx wallet=54
time="2026-06-02T03:26:02Z" level=debug msg="sent deployment tx #   155: 0x989886cc09cfcf390ebd3bff298cc33f4e5114987d56bfb3b932a8dc3d6bb321" nonce=8 rpc="localhost:8545" scenario=factorydeploytx wallet=55
time="2026-06-02T03:26:02Z" level=debug msg="sent deployment tx #   156: 0xb5191bdd83263181a705499047b5ec56ce7232db57b0c2941f38211eef77dda9" nonce=8 rpc="localhost:8545" scenario=factorydeploytx wallet=56
time="2026-06-02T03:26:03Z" level=debug msg="sent deployment tx #   157: 0x00b6a4bd8fc460347277b950a43b1f14b7d605b0f780e2276fd91acb83d85613" nonce=8 rpc="localhost:8545" scenario=factorydeploytx wallet=57
time="2026-06-02T03:26:03Z" level=debug msg="sent deployment tx #   158: 0x25b1d5d37583fe150646a15f8895ef5b156d7c9485514e87419935be50149f1b" nonce=8 rpc="localhost:8545" scenario=factorydeploytx wallet=58
time="2026-06-02T03:26:03Z" level=debug msg="sent deployment tx #   159: 0x005d1f21eaeb81109b5dca1c88c831b9b3e3532f76d67298fdc0fc0bfa1d6f08" nonce=8 rpc="localhost:8545" scenario=factorydeploytx wallet=59
time="2026-06-02T03:26:03Z" level=debug msg="sent deployment tx #   160: 0xb89aa13b3ddb065c1c86bdc7b81f644e50ed20d7551ab93c32dc120d13b9c352" nonce=8 rpc="localhost:8545" scenario=factorydeploytx wallet=60
time="2026-06-02T03:26:04Z" level=debug msg="sent deployment tx #   161: 0x54c56eb768da3072118943f093486337bcb4d49af84ced1a370dcc2e3a175f48" nonce=8 rpc="localhost:8545" scenario=factorydeploytx wallet=61
time="2026-06-02T03:26:04Z" level=debug msg="sent deployment tx #   162: 0x48f140fb79f6b329013825f5165a00865761e5fabff48e30bbb04aaac69d283f" nonce=8 rpc="localhost:8545" scenario=factorydeploytx wallet=62
time="2026-06-02T03:26:04Z" level=debug msg="sent deployment tx #   163: 0xa51b3f3481750a328d8b8b0bfe0fdbdaa2ba6e6728f9911ed1a1bc04086434b0" nonce=8 rpc="localhost:8545" scenario=factorydeploytx wallet=63
time="2026-06-02T03:26:04Z" level=info msg="processed block 8995:  5 total tx, 5 tx confirmed from 5 wallets (2.696974ms, 341.838µs)"
time="2026-06-02T03:26:04Z" level=info msg="block 8995: submitted=12, pending=9, confirmed=5, throughput: 5B=4.60 tx/B, 20B=4.60 tx/B, 60B=4.53 tx/B" scenario=factorydeploytx wallets=5
time="2026-06-02T03:26:04Z" level=debug msg="deployment tx 151 confirmed in block #8995. deployed at: 0x52270f8613142FBC9F06DC03A64aB64Eb5221aaF, total fee: 147520 gwei (base: 2)" rpc="localhost:8545" scenario=factorydeploytx
time="2026-06-02T03:26:04Z" level=debug msg="deployment tx 150 confirmed in block #8995. deployed at: 0x818B9E895362497660894db14CC8fF5A49b7Eb93, total fee: 147520 gwei (base: 2)" rpc="localhost:8545" scenario=factorydeploytx
time="2026-06-02T03:26:04Z" level=debug msg="deployment tx 153 confirmed in block #8995. deployed at: 0x0fe03FD07bCf55417cc462cD907A136904154223, total fee: 147520 gwei (base: 2)" rpc="localhost:8545" scenario=factorydeploytx
time="2026-06-02T03:26:04Z" level=debug msg="deployment tx 152 confirmed in block #8995. deployed at: 0x3F3eEfA029eD108CEd6A498bea8C3DA6068751dE, total fee: 147520 gwei (base: 2)" rpc="localhost:8545" scenario=factorydeploytx
time="2026-06-02T03:26:04Z" level=debug msg="deployment tx 154 confirmed in block #8995. deployed at: 0xb2169D2862A89B96c20b53abCf79d38B2D72030b, total fee: 147520 gwei (base: 2)" rpc="localhost:8545" scenario=factorydeploytx
time="2026-06-02T03:26:04Z" level=debug msg="deployment tx 155 confirmed in block #8996. deployed at: 0x2A1ca83B2B081d5698b63CA1FC48a239287cf70f, total fee: 145816 gwei (base: 2)" rpc="localhost:8545" scenario=factorydeploytx
time="2026-06-02T03:26:04Z" level=debug msg="deployment tx 156 confirmed in block #8996. deployed at: 0x9a891F0C337a4562A57A7891ABeA80837B001108, total fee: 145816 gwei (base: 2)" rpc="localhost:8545" scenario=factorydeploytx
time="2026-06-02T03:26:04Z" level=debug msg="deployment tx 157 confirmed in block #8996. deployed at: 0xEA7ee57d702F356371c2410F64De3328733d04cE, total fee: 145816 gwei (base: 2)" rpc="localhost:8545" scenario=factorydeploytx
time="2026-06-02T03:26:04Z" level=debug msg="deployment tx 158 confirmed in block #8996. deployed at: 0xa94D214d5072dB1961D711B57425608e54bfa232, total fee: 145816 gwei (base: 2)" rpc="localhost:8545" scenario=factorydeploytx
time="2026-06-02T03:26:04Z" level=info msg="processed block 8996:  5 total tx, 5 tx confirmed from 5 wallets (1.009489ms, 323.784µs)"
time="2026-06-02T03:26:04Z" level=info msg="block 8996: submitted=0, pending=4, confirmed=5, throughput: 5B=4.80 tx/B, 20B=4.65 tx/B, 60B=4.54 tx/B" scenario=factorydeploytx wallets=5
time="2026-06-02T03:26:04Z" level=debug msg="deployment tx 159 confirmed in block #8996. deployed at: 0xF1f6184C7559867c4F321f9e8A460FeD1d1aB2D5, total fee: 145816 gwei (base: 2)" rpc="localhost:8545" scenario=factorydeploytx
time="2026-06-02T03:26:04Z" level=debug msg="sent deployment tx #   164: 0x39cc6e75ab85af63f723762e0dd0e6486f0b6809c8629ea4f68df1e27a28fb26" nonce=8 rpc="localhost:8545" scenario=factorydeploytx wallet=64
time="2026-06-02T03:26:04Z" level=debug msg="sent deployment tx #   165: 0x6095300beb488ebd094bee94b45f244b2ab700f93b6dd88fa8fe3cd1018cab6a" nonce=8 rpc="localhost:8545" scenario=factorydeploytx wallet=65
time="2026-06-02T03:26:05Z" level=debug msg="sent deployment tx #   166: 0x7dc8ae7cfd5c076cea542ed8f53f0414c07ffdf8c7fc032357d49ec3acd998e0" nonce=8 rpc="localhost:8545" scenario=factorydeploytx wallet=66
time="2026-06-02T03:26:05Z" level=debug msg="sent deployment tx #   167: 0xd0b8da98b942bd55de3c0a137a8ffeae1459694fd7b68692c744717fb813deaf" nonce=8 rpc="localhost:8545" scenario=factorydeploytx wallet=67
time="2026-06-02T03:26:05Z" level=debug msg="sent deployment tx #   168: 0xf838f59fd94de7d750d5c4eb07360320483d52422ddca0f9aaa543e182825c60" nonce=8 rpc="localhost:8545" scenario=factorydeploytx wallet=68
time="2026-06-02T03:26:05Z" level=debug msg="sent deployment tx #   169: 0xc504a1845aaa42510f4f3d173fa7cd0119389834c82743b2f0218338dc6348d1" nonce=8 rpc="localhost:8545" scenario=factorydeploytx wallet=69
time="2026-06-02T03:26:06Z" level=debug msg="sent deployment tx #   170: 0xadbe1337a310252e22156695e15fe1e8530098890dee6473d9edd622355f3fbe" nonce=8 rpc="localhost:8545" scenario=factorydeploytx wallet=70
time="2026-06-02T03:26:06Z" level=debug msg="sent deployment tx #   171: 0x75d16025cdf88b0defe2d8d6d3958ee571c10a77733de11039ddfbe7f5fe2ed4" nonce=8 rpc="localhost:8545" scenario=factorydeploytx wallet=71
time="2026-06-02T03:26:06Z" level=debug msg="sent deployment tx #   172: 0xefb01ea87924803ff89e5b81e3c50942cd55f9cdff02f5f882b35e760fd3a95b" nonce=8 rpc="localhost:8545" scenario=factorydeploytx wallet=72
time="2026-06-02T03:26:06Z" level=debug msg="sent deployment tx #   173: 0x9f77e4489659418b5ce83bffd0ccbb99f7b68a3780977bdbb4db128dfc9436b4" nonce=8 rpc="localhost:8545" scenario=factorydeploytx wallet=73
time="2026-06-02T03:26:07Z" level=debug msg="sent deployment tx #   174: 0xe2c4d7e6a22de2b38eeaaeaa673e1e65b90890aa5c5c69825fa90dac4809a46c" nonce=8 rpc="localhost:8545" scenario=factorydeploytx wallet=74
time="2026-06-02T03:26:07Z" level=debug msg="sent deployment tx #   175: 0x85a46c955c782015973de3d6a10c5cb62f0de2fdaa26b28a65389da9617f2e50" nonce=8 rpc="localhost:8545" scenario=factorydeploytx wallet=75
time="2026-06-02T03:26:07Z" level=debug msg="sent deployment tx #   176: 0xb0380c1342a7e1b45b938a3b19b0e50e28268e968430c102a7e76c6fac435376" nonce=8 rpc="localhost:8545" scenario=factorydeploytx wallet=76
time="2026-06-02T03:26:07Z" level=info msg="processed block 8997:  4 total tx, 4 tx confirmed from 4 wallets (1.054641ms, 262.954µs)"
time="2026-06-02T03:26:07Z" level=info msg="block 8997: submitted=13, pending=13, confirmed=4, throughput: 5B=4.60 tx/B, 20B=4.60 tx/B, 60B=4.53 tx/B" scenario=factorydeploytx wallets=4
time="2026-06-02T03:26:07Z" level=debug msg="deployment tx 160 confirmed in block #8997. deployed at: 0x59a74b05739447335672A17eEe39e9e893151dF5, total fee: 144322 gwei (base: 2)" rpc="localhost:8545" scenario=factorydeploytx
time="2026-06-02T03:26:07Z" level=debug msg="deployment tx 161 confirmed in block #8997. deployed at: 0xd38F8e809a6F019D840a8e122c84773AbFe80767, total fee: 144322 gwei (base: 2)" rpc="localhost:8545" scenario=factorydeploytx
time="2026-06-02T03:26:07Z" level=debug msg="deployment tx 162 confirmed in block #8997. deployed at: 0x7a7dA0460e2384aABaB7aE2C03c71bc4431aF1c8, total fee: 144322 gwei (base: 2)" rpc="localhost:8545" scenario=factorydeploytx
time="2026-06-02T03:26:07Z" level=debug msg="deployment tx 163 confirmed in block #8997. deployed at: 0x87fb51c06985e7592912c098A8DF90A0D81A90B4, total fee: 144322 gwei (base: 2)" rpc="localhost:8545" scenario=factorydeploytx
time="2026-06-02T03:26:07Z" level=debug msg="deployment tx 164 confirmed in block #8998. deployed at: 0xE8Cb7eb1E44A2598a6d5712Ec5257c2B47784390, total fee: 143007 gwei (base: 2)" rpc="localhost:8545" scenario=factorydeploytx
time="2026-06-02T03:26:07Z" level=debug msg="deployment tx 165 confirmed in block #8998. deployed at: 0x5F2dD18c0606Caf698CE7531f00Cbd2657920b6C, total fee: 143007 gwei (base: 2)" rpc="localhost:8545" scenario=factorydeploytx
time="2026-06-02T03:26:07Z" level=debug msg="deployment tx 166 confirmed in block #8998. deployed at: 0x26f844E9a708f769eB9a551d1Ef85a632B0Eb0bf, total fee: 143007 gwei (base: 2)" rpc="localhost:8545" scenario=factorydeploytx
time="2026-06-02T03:26:07Z" level=info msg="processed block 8998:  5 total tx, 5 tx confirmed from 5 wallets (1.273753ms, 327.232µs)"
time="2026-06-02T03:26:07Z" level=info msg="block 8998: submitted=0, pending=8, confirmed=5, throughput: 5B=4.60 tx/B, 20B=4.60 tx/B, 60B=4.54 tx/B" scenario=factorydeploytx wallets=5
time="2026-06-02T03:26:07Z" level=debug msg="deployment tx 167 confirmed in block #8998. deployed at: 0xD72cbc6c423A3c58967c70af25488cd109FeAD37, total fee: 143007 gwei (base: 2)" rpc="localhost:8545" scenario=factorydeploytx
time="2026-06-02T03:26:07Z" level=debug msg="deployment tx 168 confirmed in block #8998. deployed at: 0x51A429578E92Dc6b72dd61a432315DdD9ec6FFdf, total fee: 143007 gwei (base: 2)" rpc="localhost:8545" scenario=factorydeploytx
time="2026-06-02T03:26:07Z" level=debug msg="deployment tx 169 confirmed in block #8999. deployed at: 0x20Cc1CED6e54B45A4a79f3B960d6237dD076cc79, total fee: 141859 gwei (base: 2)" rpc="localhost:8545" scenario=factorydeploytx
time="2026-06-02T03:26:07Z" level=debug msg="deployment tx 170 confirmed in block #8999. deployed at: 0x925E22a96b6a843B49039989e287Ae724c632BC1, total fee: 141859 gwei (base: 2)" rpc="localhost:8545" scenario=factorydeploytx
time="2026-06-02T03:26:07Z" level=debug msg="deployment tx 171 confirmed in block #8999. deployed at: 0x28299b9E985aCffe012998D5F651E2E940a02f19, total fee: 141859 gwei (base: 2)" rpc="localhost:8545" scenario=factorydeploytx
time="2026-06-02T03:26:07Z" level=info msg="processed block 8999:  4 total tx, 4 tx confirmed from 4 wallets (1.681368ms, 280.449µs)"
time="2026-06-02T03:26:07Z" level=info msg="block 8999: submitted=0, pending=4, confirmed=4, throughput: 5B=4.60 tx/B, 20B=4.60 tx/B, 60B=4.53 tx/B" scenario=factorydeploytx wallets=4
time="2026-06-02T03:26:07Z" level=debug msg="deployment tx 172 confirmed in block #8999. deployed at: 0xeD94450CBbBb4900e26929FfEeB2709EA521859F, total fee: 141859 gwei (base: 2)" rpc="localhost:8545" scenario=factorydeploytx
time="2026-06-02T03:26:07Z" level=debug msg="sent deployment tx #   177: 0xe63655a1b19b086a56dc8253d0e71d3482aed4076fdf98d39e3776039ac55df4" nonce=8 rpc="localhost:8545" scenario=factorydeploytx wallet=77
time="2026-06-02T03:26:08Z" level=debug msg="sent deployment tx #   178: 0x1999e1aa8b06bece1640f80c6a8f1f4f5f245f965d478e122bac47154d65a795" nonce=8 rpc="localhost:8545" scenario=factorydeploytx wallet=78
time="2026-06-02T03:26:08Z" level=debug msg="sent deployment tx #   179: 0xb8ed81dfbbc140d4612a791edf2f8aece5712ab2ee8278f821d7b9e5b07a7ed1" nonce=8 rpc="localhost:8545" scenario=factorydeploytx wallet=79
time="2026-06-02T03:26:08Z" level=debug msg="sent deployment tx #   180: 0x29d30eeb194925cd40856450dd964561faee92fb2e8e2d32321465f1df0231ce" nonce=8 rpc="localhost:8545" scenario=factorydeploytx wallet=80
time="2026-06-02T03:26:08Z" level=debug msg="sent deployment tx #   181: 0x70737b4075e158985f7263dd7bec6e60c1e2a82f14395e12a077e14555f480d4" nonce=8 rpc="localhost:8545" scenario=factorydeploytx wallet=81
time="2026-06-02T03:26:09Z" level=debug msg="sent deployment tx #   182: 0xc98b08a27c783d26c5ddd6767a5261507f18d7a1fd5dbafc0451b08746280529" nonce=8 rpc="localhost:8545" scenario=factorydeploytx wallet=82
time="2026-06-02T03:26:09Z" level=debug msg="sent deployment tx #   183: 0xcca92ef19747788508131ad96d5a4de75c2cd97b4f7c46fd1cc41ff4f203606f" nonce=8 rpc="localhost:8545" scenario=factorydeploytx wallet=83
time="2026-06-02T03:26:09Z" level=debug msg="sent deployment tx #   184: 0x163e1807611440329aa45a636de17409ed44a62d69da456090cdd28130a3fa82" nonce=8 rpc="localhost:8545" scenario=factorydeploytx wallet=84
time="2026-06-02T03:26:09Z" level=debug msg="sent deployment tx #   185: 0xb6c5a36ed1e561ebd098d8f48152c8523e696fe81f7be2be07e74da84ff449c3" nonce=8 rpc="localhost:8545" scenario=factorydeploytx wallet=85
time="2026-06-02T03:26:10Z" level=debug msg="sent deployment tx #   186: 0xb3c31304088b69c59efe6bec69ff59f28f23f929d374ea7bd61075a944743b44" nonce=8 rpc="localhost:8545" scenario=factorydeploytx wallet=86
time="2026-06-02T03:26:10Z" level=debug msg="sent deployment tx #   187: 0xf5b8e3c3031715db71a0833089b4c7543a7c3a136a3d477bebbb526ba0a039f7" nonce=8 rpc="localhost:8545" scenario=factorydeploytx wallet=87
time="2026-06-02T03:26:10Z" level=debug msg="sent deployment tx #   188: 0xbab848076d1a43a3f5732056cd3f61dfac48e421d2220a38e46baab1721cf20c" nonce=8 rpc="localhost:8545" scenario=factorydeploytx wallet=88
time="2026-06-02T03:26:10Z" level=debug msg="sent deployment tx #   189: 0x16a334a0560f53237f9060f738352d5f975cfbdcaa3face43491d3afce4063a6" nonce=8 rpc="localhost:8545" scenario=factorydeploytx wallet=89
time="2026-06-02T03:26:10Z" level=debug msg="deployment tx 173 confirmed in block #9000. deployed at: 0xA2d3b60F75e8fD302253a750310F9753786A1554, total fee: 140848 gwei (base: 2)" rpc="localhost:8545" scenario=factorydeploytx
time="2026-06-02T03:26:10Z" level=debug msg="deployment tx 174 confirmed in block #9000. deployed at: 0x93b81b61cf6932163Ff589C118d2BA8A7DBcCfA2, total fee: 140848 gwei (base: 2)" rpc="localhost:8545" scenario=factorydeploytx
time="2026-06-02T03:26:10Z" level=debug msg="deployment tx 175 confirmed in block #9000. deployed at: 0x3f78D8D9B12473C6f6E59C2fA5D31E31caDE07fa, total fee: 140848 gwei (base: 2)" rpc="localhost:8545" scenario=factorydeploytx
time="2026-06-02T03:26:10Z" level=debug msg="deployment tx 176 confirmed in block #9000. deployed at: 0x1AA8Bd0A389a7C11076272E0743137E4248674Dd, total fee: 140848 gwei (base: 2)" rpc="localhost:8545" scenario=factorydeploytx
time="2026-06-02T03:26:10Z" level=info msg="processed block 9000:  5 total tx, 5 tx confirmed from 5 wallets (1.388839ms, 661.194µs)"
time="2026-06-02T03:26:10Z" level=info msg="block 9000: submitted=13, pending=12, confirmed=5, throughput: 5B=4.60 tx/B, 20B=4.60 tx/B, 60B=4.54 tx/B" scenario=factorydeploytx wallets=5
time="2026-06-02T03:26:10Z" level=debug msg="deployment tx 177 confirmed in block #9000. deployed at: 0x7dE67B2f364C9E8Bd4811a133b8d7082BD10Cf9a, total fee: 140848 gwei (base: 2)" rpc="localhost:8545" scenario=factorydeploytx
time="2026-06-02T03:26:10Z" level=info msg="processed block 9001:  5 total tx, 5 tx confirmed from 5 wallets (1.71022ms, 401.614µs)"
time="2026-06-02T03:26:10Z" level=info msg="block 9001: submitted=0, pending=7, confirmed=5, throughput: 5B=4.60 tx/B, 20B=4.60 tx/B, 60B=4.55 tx/B" scenario=factorydeploytx wallets=5
time="2026-06-02T03:26:10Z" level=debug msg="deployment tx 178 confirmed in block #9001. deployed at: 0xC3700413a6AC1cEd77432AfAbC525Ce357bD8480, total fee: 139965 gwei (base: 2)" rpc="localhost:8545" scenario=factorydeploytx
time="2026-06-02T03:26:10Z" level=debug msg="deployment tx 179 confirmed in block #9001. deployed at: 0xC40212461aD84B48118De7d4848E440f74B4C3B7, total fee: 139965 gwei (base: 2)" rpc="localhost:8545" scenario=factorydeploytx
time="2026-06-02T03:26:10Z" level=debug msg="deployment tx 180 confirmed in block #9001. deployed at: 0x37FeE6debABD382dEEE6E9184950524692f344bF, total fee: 139965 gwei (base: 2)" rpc="localhost:8545" scenario=factorydeploytx
time="2026-06-02T03:26:10Z" level=debug msg="deployment tx 181 confirmed in block #9001. deployed at: 0xa8677c7358C862BC816a510C54248546CEaF0f34, total fee: 139965 gwei (base: 2)" rpc="localhost:8545" scenario=factorydeploytx
time="2026-06-02T03:26:10Z" level=debug msg="deployment tx 182 confirmed in block #9001. deployed at: 0x72CEAFd8016260D5A09eaCC6FB61132F71ac2AD6, total fee: 139965 gwei (base: 2)" rpc="localhost:8545" scenario=factorydeploytx
time="2026-06-02T03:26:10Z" level=info msg="processed block 9002:  4 total tx, 4 tx confirmed from 4 wallets (871.085µs, 239.632µs)"
time="2026-06-02T03:26:10Z" level=info msg="block 9002: submitted=0, pending=3, confirmed=4, throughput: 5B=4.60 tx/B, 20B=4.60 tx/B, 60B=4.54 tx/B" scenario=factorydeploytx wallets=4
time="2026-06-02T03:26:10Z" level=debug msg="deployment tx 183 confirmed in block #9002. deployed at: 0x44562658d0f4b0d7f198E26dc684a5F6eA25D130, total fee: 139191 gwei (base: 2)" rpc="localhost:8545" scenario=factorydeploytx
time="2026-06-02T03:26:10Z" level=debug msg="deployment tx 184 confirmed in block #9002. deployed at: 0xeF00101416F375Db144D6d7cCf5227C2E08AED13, total fee: 139191 gwei (base: 2)" rpc="localhost:8545" scenario=factorydeploytx
time="2026-06-02T03:26:10Z" level=debug msg="deployment tx 185 confirmed in block #9002. deployed at: 0xBd6243e8B8B80eBe052d53fD3CBaf2787C708795, total fee: 139191 gwei (base: 2)" rpc="localhost:8545" scenario=factorydeploytx
time="2026-06-02T03:26:10Z" level=debug msg="deployment tx 186 confirmed in block #9002. deployed at: 0xe466C132199818412384870491CE21371Cb82060, total fee: 139191 gwei (base: 2)" rpc="localhost:8545" scenario=factorydeploytx
time="2026-06-02T03:26:10Z" level=debug msg="sent deployment tx #   190: 0x3da17656bb0635931223582ece11f5f31a98ab37d49c93c9b58fcc38a73306c4" nonce=8 rpc="localhost:8545" scenario=factorydeploytx wallet=90
time="2026-06-02T03:26:11Z" level=debug msg="sent deployment tx #   191: 0xa2021baa5db14a87e3c25779460948e4944105f4b181873aa2b65306213cf38f" nonce=8 rpc="localhost:8545" scenario=factorydeploytx wallet=91
time="2026-06-02T03:26:11Z" level=debug msg="sent deployment tx #   192: 0x13dc46148f9bbe975f16b5c25b8d2a79c766eebee9ea024d2aa897e1a0add2e3" nonce=8 rpc="localhost:8545" scenario=factorydeploytx wallet=92
time="2026-06-02T03:26:11Z" level=debug msg="sent deployment tx #   193: 0x8dcf1080fcc5e37486f3d0c3399e7ad0e1235b3167ec73f35889df0b85633c81" nonce=8 rpc="localhost:8545" scenario=factorydeploytx wallet=93
time="2026-06-02T03:26:11Z" level=debug msg="sent deployment tx #   194: 0x19563acedb16b265602830f9464dff2edc42a0987443048aa6de3dabf09bc9b4" nonce=8 rpc="localhost:8545" scenario=factorydeploytx wallet=94
time="2026-06-02T03:26:12Z" level=debug msg="sent deployment tx #   195: 0x4ba32389f27980b5b9b8a40000f314f0d96384ae091792a0c164e1b6351f6af1" nonce=8 rpc="localhost:8545" scenario=factorydeploytx wallet=95
time="2026-06-02T03:26:12Z" level=debug msg="sent deployment tx #   196: 0x70111a6289df84ef47b97a2de92f650492bfe3a8adf46a2e26a5e6729c35132d" nonce=8 rpc="localhost:8545" scenario=factorydeploytx wallet=96
time="2026-06-02T03:26:12Z" level=debug msg="sent deployment tx #   197: 0x40a2384bf794917981deee6f17792138f425d75803fd9f4b2492a272f7819cf9" nonce=8 rpc="localhost:8545" scenario=factorydeploytx wallet=97
time="2026-06-02T03:26:12Z" level=debug msg="sent deployment tx #   198: 0xe1e12c5482f9f2412b1a2834d3d1d52e641c39f44a86b851082ee1d34d1e0e93" nonce=8 rpc="localhost:8545" scenario=factorydeploytx wallet=98
time="2026-06-02T03:26:13Z" level=debug msg="sent deployment tx #   199: 0xfcfddfe9de7892f704e4f0cf5e540afd4ca12bf441c075ae99858a5a179f930a" nonce=8 rpc="localhost:8545" scenario=factorydeploytx wallet=99
time="2026-06-02T03:26:13Z" level=debug msg="sent deployment tx #   200: 0x8631a6dcf46f810f71d445d4938bfc1cfb9183b33c7342f12ed79b7112994077" nonce=8 rpc="localhost:8545" scenario=factorydeploytx wallet=100
time="2026-06-02T03:26:13Z" level=debug msg="sent deployment tx #   201: 0x51a6e0861938d6d3bfd089a75f6891078f8b9b7a1877f555245dc70e35fe28ea" nonce=101 rpc="localhost:8545" scenario=factorydeploytx wallet=1
time="2026-06-02T03:26:13Z" level=info msg="processed block 9003:  5 total tx, 5 tx confirmed from 5 wallets (1.733227ms, 540.423µs)"
time="2026-06-02T03:26:13Z" level=info msg="block 9003: submitted=12, pending=10, confirmed=5, throughput: 5B=4.60 tx/B, 20B=4.60 tx/B, 60B=4.55 tx/B" scenario=factorydeploytx wallets=5
time="2026-06-02T03:26:13Z" level=debug msg="deployment tx 188 confirmed in block #9003. deployed at: 0xbD21b062BD0A1fAA97A45cd4d868Dce6250B0F82, total fee: 138509 gwei (base: 2)" rpc="localhost:8545" scenario=factorydeploytx
time="2026-06-02T03:26:13Z" level=debug msg="deployment tx 191 confirmed in block #9003. deployed at: 0x62c6D1DCfed2ec5081727556FA169A6c2FDadadE, total fee: 138509 gwei (base: 2)" rpc="localhost:8545" scenario=factorydeploytx
time="2026-06-02T03:26:13Z" level=debug msg="deployment tx 187 confirmed in block #9003. deployed at: 0x53F47aA8e958D0635b08F21985138000Fec1C2ff, total fee: 138509 gwei (base: 2)" rpc="localhost:8545" scenario=factorydeploytx
time="2026-06-02T03:26:13Z" level=debug msg="deployment tx 190 confirmed in block #9003. deployed at: 0x57b80ebE9114B9c0a4D51Da035EBA4859904718B, total fee: 138509 gwei (base: 2)" rpc="localhost:8545" scenario=factorydeploytx
time="2026-06-02T03:26:13Z" level=debug msg="deployment tx 189 confirmed in block #9003. deployed at: 0xd98275edEefB6B5093a03277220d58AfaAA8BB66, total fee: 138509 gwei (base: 2)" rpc="localhost:8545" scenario=factorydeploytx
time="2026-06-02T03:26:13Z" level=debug msg="deployment tx 192 confirmed in block #9004. deployed at: 0xD81d2eB11Fa285413cC2B90afED259114B096C17, total fee: 137914 gwei (base: 2)" rpc="localhost:8545" scenario=factorydeploytx
time="2026-06-02T03:26:13Z" level=debug msg="deployment tx 193 confirmed in block #9004. deployed at: 0x6d6380819264e4fE03Df906a834ec9FC1bF6E1F5, total fee: 137914 gwei (base: 2)" rpc="localhost:8545" scenario=factorydeploytx
time="2026-06-02T03:26:13Z" level=debug msg="deployment tx 194 confirmed in block #9004. deployed at: 0x5bA424aC472f7A7D8269daaF9a4E8F501f6Fb820, total fee: 137914 gwei (base: 2)" rpc="localhost:8545" scenario=factorydeploytx
time="2026-06-02T03:26:13Z" level=debug msg="deployment tx 195 confirmed in block #9004. deployed at: 0xc6D0dB88a79b2FC20899B4075756f9E691Fa7A77, total fee: 137914 gwei (base: 2)" rpc="localhost:8545" scenario=factorydeploytx
time="2026-06-02T03:26:13Z" level=info msg="processed block 9004:  4 total tx, 4 tx confirmed from 4 wallets (1.977009ms, 365.589µs)"
time="2026-06-02T03:26:13Z" level=info msg="block 9004: submitted=0, pending=6, confirmed=4, throughput: 5B=4.60 tx/B, 20B=4.60 tx/B, 60B=4.53 tx/B" scenario=factorydeploytx wallets=4
time="2026-06-02T03:26:13Z" level=info msg="processed block 9005:  5 total tx, 5 tx confirmed from 5 wallets (1.593316ms, 427.626µs)"
time="2026-06-02T03:26:13Z" level=info msg="block 9005: submitted=0, pending=1, confirmed=5, throughput: 5B=4.60 tx/B, 20B=4.60 tx/B, 60B=4.55 tx/B" scenario=factorydeploytx wallets=5
time="2026-06-02T03:26:13Z" level=debug msg="deployment tx 196 confirmed in block #9005. deployed at: 0x27C9A28Ee096FE1717e88A835557DB6C52ee15c5, total fee: 137390 gwei (base: 2)" rpc="localhost:8545" scenario=factorydeploytx
time="2026-06-02T03:26:13Z" level=debug msg="deployment tx 197 confirmed in block #9005. deployed at: 0xcd2333F2A4E109d3eA8F79c8DBaE3E9721Bd17C8, total fee: 137390 gwei (base: 2)" rpc="localhost:8545" scenario=factorydeploytx
time="2026-06-02T03:26:13Z" level=debug msg="deployment tx 198 confirmed in block #9005. deployed at: 0x2bc3712F8e03cb1c84c2Fa5f87F7815DcEA8F77C, total fee: 137390 gwei (base: 2)" rpc="localhost:8545" scenario=factorydeploytx
time="2026-06-02T03:26:13Z" level=debug msg="deployment tx 199 confirmed in block #9005. deployed at: 0xBE896aa64D9cdF495400D5ab2F6E99A0ffd9C6b8, total fee: 137390 gwei (base: 2)" rpc="localhost:8545" scenario=factorydeploytx
time="2026-06-02T03:26:13Z" level=debug msg="deployment tx 200 confirmed in block #9005. deployed at: 0x7BA4904B82B41eB87597E1Fe99E9598D3708a16f, total fee: 137390 gwei (base: 2)" rpc="localhost:8545" scenario=factorydeploytx
time="2026-06-02T03:26:13Z" level=debug msg="sent deployment tx #   202: 0xad1c77139e034b1ba1272b5d5c8ce6907e0252cf580a9ad91c27b63942fe2523" nonce=101 rpc="localhost:8545" scenario=factorydeploytx wallet=2
time="2026-06-02T03:26:14Z" level=debug msg="sent deployment tx #   203: 0x849732df876ef1ba0fc2fed69dc629e79a68355b03e08fa8835c2112d829ac5b" nonce=106 rpc="localhost:8545" scenario=factorydeploytx wallet=3
time="2026-06-02T03:26:14Z" level=debug msg="sent deployment tx #   204: 0xfa2f519fad8a23bcf6218942ff810e53e273117152ffebfeea5ff0fda4fc1c09" nonce=113 rpc="localhost:8545" scenario=factorydeploytx wallet=4
time="2026-06-02T03:26:14Z" level=debug msg="sent deployment tx #   205: 0xe77b12b16e57850c89cfc129e76b11209102bfd726f6c28446a40509e638c423" nonce=113 rpc="localhost:8545" scenario=factorydeploytx wallet=5
time="2026-06-02T03:26:14Z" level=debug msg="sent deployment tx #   206: 0x490f598e2d7702f5310378335ea154d35e9609064bf51fc3ddd19511726e68cb" nonce=113 rpc="localhost:8545" scenario=factorydeploytx wallet=6
time="2026-06-02T03:26:15Z" level=debug msg="sent deployment tx #   207: 0x98e71b23148b44be054f6631ffa7b893d58f1ef7736e2478f5e4d16e89bf42ef" nonce=97 rpc="localhost:8545" scenario=factorydeploytx wallet=7
time="2026-06-02T03:26:15Z" level=debug msg="sent deployment tx #   208: 0xf9112d1bbe851c7631dbfbf8571c7141d14fec6c92a6a73e00e16103b3da58f3" nonce=97 rpc="localhost:8545" scenario=factorydeploytx wallet=8
time="2026-06-02T03:26:15Z" level=debug msg="sent deployment tx #   209: 0x335db1410f9c2e0aaf3b80e85cd726a32e331495dfbd177f13daacb0ff6ba701" nonce=97 rpc="localhost:8545" scenario=factorydeploytx wallet=9
time="2026-06-02T03:26:15Z" level=debug msg="sent deployment tx #   210: 0x7a94ec03d740b7e3d969c236a22f807181bb5c0d5a933486783cb280dfcfe6f2" nonce=97 rpc="localhost:8545" scenario=factorydeploytx wallet=10
time="2026-06-02T03:26:16Z" level=debug msg="sent deployment tx #   211: 0x8b855714c00f926b6a1c72ca07e36cddbd8b9236ab79f803a03fd2a4e19ba2e7" nonce=9 rpc="localhost:8545" scenario=factorydeploytx wallet=11
time="2026-06-02T03:26:16Z" level=debug msg="sent deployment tx #   212: 0x01d01c4eb12c3f80d074a58766bdfdf1d4b6b40a55fee4eaf0a86e9d506543ea" nonce=9 rpc="localhost:8545" scenario=factorydeploytx wallet=12
time="2026-06-02T03:26:16Z" level=debug msg="sent deployment tx #   213: 0xb066ba072bdb23aca3bd8134e94a5b1e4ff6319ccbf98fcd30be96d0e7873797" nonce=9 rpc="localhost:8545" scenario=factorydeploytx wallet=13
time="2026-06-02T03:26:16Z" level=debug msg="sent deployment tx #   214: 0x3fcbcee8e48f41f3d4fb078f8ad694410919b766233c372e91ff60d14118d8c2" nonce=9 rpc="localhost:8545" scenario=factorydeploytx wallet=14
time="2026-06-02T03:26:16Z" level=debug msg="deployment tx 201 confirmed in block #9006. deployed at: 0x47a859d8E604b6B73E4824AD4f61369330eB8B6A, total fee: 136932 gwei (base: 2)" rpc="localhost:8545" scenario=factorydeploytx
time="2026-06-02T03:26:16Z" level=debug msg="deployment tx 202 confirmed in block #9006. deployed at: 0xD5fB0D2145c5e3c00f9b854dfB0EF482DF57063c, total fee: 136932 gwei (base: 2)" rpc="localhost:8545" scenario=factorydeploytx
time="2026-06-02T03:26:16Z" level=debug msg="deployment tx 203 confirmed in block #9006. deployed at: 0x1BB5463e1b543C41AEa6F8ae88d273232307e2a7, total fee: 136932 gwei (base: 2)" rpc="localhost:8545" scenario=factorydeploytx
time="2026-06-02T03:26:16Z" level=debug msg="deployment tx 204 confirmed in block #9006. deployed at: 0x487bfa120F879D49946EF6389daC56D5517B074d, total fee: 136932 gwei (base: 2)" rpc="localhost:8545" scenario=factorydeploytx
time="2026-06-02T03:26:16Z" level=info msg="processed block 9006:  5 total tx, 5 tx confirmed from 5 wallets (1.058462ms, 375.097µs)"
time="2026-06-02T03:26:16Z" level=info msg="block 9006: submitted=13, pending=9, confirmed=5, throughput: 5B=4.60 tx/B, 20B=4.60 tx/B, 60B=4.56 tx/B" scenario=factorydeploytx wallets=5
time="2026-06-02T03:26:16Z" level=debug msg="deployment tx 205 confirmed in block #9006. deployed at: 0x3AcEe294b4b5CAE2E6f12D417CE8D126D204D402, total fee: 136932 gwei (base: 2)" rpc="localhost:8545" scenario=factorydeploytx
time="2026-06-02T03:26:16Z" level=debug msg="deployment tx 206 confirmed in block #9007. deployed at: 0x12AD1EEBA4834a9457957Cf760a8810B257F5de6, total fee: 136531 gwei (base: 2)" rpc="localhost:8545" scenario=factorydeploytx
time="2026-06-02T03:26:16Z" level=debug msg="deployment tx 207 confirmed in block #9007. deployed at: 0x704c5F296311FDaf61922655FbCfD5Ae9Be9A697, total fee: 136531 gwei (base: 2)" rpc="localhost:8545" scenario=factorydeploytx
time="2026-06-02T03:26:16Z" level=info msg="processed block 9007:  4 total tx, 4 tx confirmed from 4 wallets (1.021245ms, 399.471µs)"
time="2026-06-02T03:26:16Z" level=debug msg="deployment tx 209 confirmed in block #9007. deployed at: 0x9071A6E41512Abbf3991Dc6717Ea5fB803251868, total fee: 136531 gwei (base: 2)" rpc="localhost:8545" scenario=factorydeploytx
time="2026-06-02T03:26:16Z" level=info msg="block 9007: submitted=0, pending=5, confirmed=4, throughput: 5B=4.60 tx/B, 20B=4.60 tx/B, 60B=4.54 tx/B" scenario=factorydeploytx wallets=4
time="2026-06-02T03:26:16Z" level=debug msg="deployment tx 208 confirmed in block #9007. deployed at: 0x6ee6eD28b407265f7a6eb978e404153400496918, total fee: 136531 gwei (base: 2)" rpc="localhost:8545" scenario=factorydeploytx
time="2026-06-02T03:26:16Z" level=debug msg="sent deployment tx #   215: 0xd1658c2eaa22a53a8dd704833d3c59ddca0aae2fe9d0a730dc985553d36306b5" nonce=9 rpc="localhost:8545" scenario=factorydeploytx wallet=15
time="2026-06-02T03:26:17Z" level=debug msg="sent deployment tx #   216: 0xf5dd46e5e3b68f0514787693385e360709ca6811856118b5876381009998e2b5" nonce=9 rpc="localhost:8545" scenario=factorydeploytx wallet=16
time="2026-06-02T03:26:17Z" level=debug msg="sent deployment tx #   217: 0x49644a105424e0f4950173720e3192cc647c8fadccee3e468aeb01632323bf16" nonce=9 rpc="localhost:8545" scenario=factorydeploytx wallet=17
time="2026-06-02T03:26:17Z" level=debug msg="sent deployment tx #   218: 0xf824145b72487fe917b2998a4b6a074a31c6155723be7f1cc4f75e91f838a681" nonce=9 rpc="localhost:8545" scenario=factorydeploytx wallet=18
time="2026-06-02T03:26:17Z" level=debug msg="sent deployment tx #   219: 0xfa5eaa0ec3549cfe577ccb4b40dbec5873e5eb1fb99c1d0b446d9df30d101178" nonce=9 rpc="localhost:8545" scenario=factorydeploytx wallet=19
time="2026-06-02T03:26:18Z" level=debug msg="sent deployment tx #   220: 0xb60e8d2459e890fd2a722281b922a93ecad3a33bb8025c5e2bc7a2c26c91973b" nonce=9 rpc="localhost:8545" scenario=factorydeploytx wallet=20
time="2026-06-02T03:26:18Z" level=debug msg="sent deployment tx #   221: 0x907295e02824d438b8a30b3dbd13c3da704f18c46c304f874a7f1b6e87af4e00" nonce=9 rpc="localhost:8545" scenario=factorydeploytx wallet=21
time="2026-06-02T03:26:18Z" level=debug msg="sent deployment tx #   222: 0xc00be517b27e5303fb0cc46818909be97d9a46d3bb612aa2842185c695e56174" nonce=9 rpc="localhost:8545" scenario=factorydeploytx wallet=22
time="2026-06-02T03:26:18Z" level=debug msg="sent deployment tx #   223: 0xe57328eb44bf94e3065616b41b2b77031bb699d256e4d206efceddb7e5f50487" nonce=9 rpc="localhost:8545" scenario=factorydeploytx wallet=23
time="2026-06-02T03:26:19Z" level=debug msg="sent deployment tx #   224: 0x4a29773a21890500e6caf76d69f37eb6c1e76d41183e8a845735181cf7b09d2c" nonce=9 rpc="localhost:8545" scenario=factorydeploytx wallet=24
time="2026-06-02T03:26:19Z" level=debug msg="sent deployment tx #   225: 0x9c8f9b545935c22185bdb9e7bdbc7a478ab4b2216381b6cbf255ca4b50c3d071" nonce=9 rpc="localhost:8545" scenario=factorydeploytx wallet=25
time="2026-06-02T03:26:19Z" level=debug msg="sent deployment tx #   226: 0x497fef79ef409159165c67307b39a2c46826668d0508b579c8f8365bd8efb98c" nonce=9 rpc="localhost:8545" scenario=factorydeploytx wallet=26
time="2026-06-02T03:26:19Z" level=debug msg="deployment tx 210 confirmed in block #9008. deployed at: 0x2746941eE6C6EAF5F8eec9881A002fe7b385688A, total fee: 136178 gwei (base: 2)" rpc="localhost:8545" scenario=factorydeploytx
time="2026-06-02T03:26:19Z" level=debug msg="deployment tx 211 confirmed in block #9008. deployed at: 0xc8Eb4b9cf0A3D82109d00Ea15C6f9BBFf8562644, total fee: 136178 gwei (base: 2)" rpc="localhost:8545" scenario=factorydeploytx
time="2026-06-02T03:26:19Z" level=debug msg="deployment tx 212 confirmed in block #9008. deployed at: 0xC52E3B56F67fBb4aDC393CE71a4F292467B783B8, total fee: 136178 gwei (base: 2)" rpc="localhost:8545" scenario=factorydeploytx
time="2026-06-02T03:26:19Z" level=info msg="processed block 9008:  5 total tx, 5 tx confirmed from 5 wallets (1.201056ms, 406.147µs)"
time="2026-06-02T03:26:19Z" level=debug msg="deployment tx 214 confirmed in block #9008. deployed at: 0xA7594AFf5787469E4b0d771855C8D635fd479960, total fee: 136178 gwei (base: 2)" rpc="localhost:8545" scenario=factorydeploytx
time="2026-06-02T03:26:19Z" level=info msg="block 9008: submitted=12, pending=12, confirmed=5, throughput: 5B=4.60 tx/B, 20B=4.60 tx/B, 60B=4.55 tx/B" scenario=factorydeploytx wallets=5
time="2026-06-02T03:26:19Z" level=debug msg="deployment tx 213 confirmed in block #9008. deployed at: 0xC1270179Cafd07920b8cbE97AFc1E83998a8b56C, total fee: 136178 gwei (base: 2)" rpc="localhost:8545" scenario=factorydeploytx
time="2026-06-02T03:26:19Z" level=debug msg="deployment tx 215 confirmed in block #9009. deployed at: 0x7b483BcC28b9cE558D6f0760F39d14fd4F9E6688, total fee: 135869 gwei (base: 2)" rpc="localhost:8545" scenario=factorydeploytx
time="2026-06-02T03:26:19Z" level=info msg="processed block 9009:  4 total tx, 4 tx confirmed from 4 wallets (1.376552ms, 418.374µs)"
time="2026-06-02T03:26:19Z" level=debug msg="deployment tx 217 confirmed in block #9009. deployed at: 0xD3a68De2F30109C1F4Cc6cFcF9C4DF643E70595B, total fee: 135869 gwei (base: 2)" rpc="localhost:8545" scenario=factorydeploytx
time="2026-06-02T03:26:19Z" level=debug msg="deployment tx 216 confirmed in block #9009. deployed at: 0xe1B9E63DC8917d3C5efD56b538B34194479f05b7, total fee: 135869 gwei (base: 2)" rpc="localhost:8545" scenario=factorydeploytx
time="2026-06-02T03:26:19Z" level=debug msg="deployment tx 218 confirmed in block #9009. deployed at: 0xEB4fcFBD577194C3088Bca720D808aA5C04eb9C6, total fee: 135869 gwei (base: 2)" rpc="localhost:8545" scenario=factorydeploytx
time="2026-06-02T03:26:19Z" level=info msg="block 9009: submitted=0, pending=8, confirmed=4, throughput: 5B=4.60 tx/B, 20B=4.60 tx/B, 60B=4.54 tx/B" scenario=factorydeploytx wallets=4
time="2026-06-02T03:26:19Z" level=debug msg="deployment tx 219 confirmed in block #9010. deployed at: 0x8f8F64d537303De0b76346a0BEE11a7da156f3AD, total fee: 135598 gwei (base: 2)" rpc="localhost:8545" scenario=factorydeploytx
time="2026-06-02T03:26:19Z" level=debug msg="deployment tx 220 confirmed in block #9010. deployed at: 0xE49561bf0fd4c52e2f909247007c818f0785Cc94, total fee: 135598 gwei (base: 2)" rpc="localhost:8545" scenario=factorydeploytx
time="2026-06-02T03:26:19Z" level=debug msg="deployment tx 221 confirmed in block #9010. deployed at: 0x4CC74ccEa02DD2c4db8b387fb533c0fB446Cc0BD, total fee: 135598 gwei (base: 2)" rpc="localhost:8545" scenario=factorydeploytx
time="2026-06-02T03:26:19Z" level=debug msg="deployment tx 222 confirmed in block #9010. deployed at: 0x507e06777d7c93c13ce9A3a3c543adee331A2927, total fee: 135598 gwei (base: 2)" rpc="localhost:8545" scenario=factorydeploytx
time="2026-06-02T03:26:19Z" level=info msg="processed block 9010:  5 total tx, 5 tx confirmed from 5 wallets (1.053572ms, 314.835µs)"
time="2026-06-02T03:26:19Z" level=info msg="block 9010: submitted=0, pending=3, confirmed=5, throughput: 5B=4.60 tx/B, 20B=4.60 tx/B, 60B=4.55 tx/B" scenario=factorydeploytx wallets=5
time="2026-06-02T03:26:19Z" level=debug msg="deployment tx 223 confirmed in block #9010. deployed at: 0x8004F24A119e02B482b324D5890A89656fa4ca13, total fee: 135598 gwei (base: 2)" rpc="localhost:8545" scenario=factorydeploytx
time="2026-06-02T03:26:19Z" level=debug msg="sent deployment tx #   227: 0x4f7b2b0e960fa9bf2114eea0edec571b75b5e59112707a03dc71de855d1933cc" nonce=9 rpc="localhost:8545" scenario=factorydeploytx wallet=27
time="2026-06-02T03:26:20Z" level=debug msg="sent deployment tx #   228: 0x4f437e2f3845de0ed9aec6eac32b91d5650e02464aa37ec9cb4da66f172ec7c5" nonce=9 rpc="localhost:8545" scenario=factorydeploytx wallet=28
time="2026-06-02T03:26:20Z" level=debug msg="sent deployment tx #   229: 0x7283a31e174db42ed10f08496b03e4a8151fae43e50372846e44d1304d8d61c8" nonce=9 rpc="localhost:8545" scenario=factorydeploytx wallet=29
time="2026-06-02T03:26:20Z" level=debug msg="sent deployment tx #   230: 0xfcf57286acfff1f11d197241fa2cbf159816a162183430c8471c5e35e19d0b1b" nonce=9 rpc="localhost:8545" scenario=factorydeploytx wallet=30
time="2026-06-02T03:26:20Z" level=debug msg="sent deployment tx #   231: 0x279e156172c2b549ee4ad41da2f786bd95b3bf7066248270e540e806625982bf" nonce=9 rpc="localhost:8545" scenario=factorydeploytx wallet=31
time="2026-06-02T03:26:21Z" level=debug msg="sent deployment tx #   232: 0x918070048dd873360c20c66110aaedd65223f596452b70cb4dc384bf0b5b3837" nonce=9 rpc="localhost:8545" scenario=factorydeploytx wallet=32
time="2026-06-02T03:26:21Z" level=debug msg="sent deployment tx #   233: 0xe9fa53052fdf91f8f2e82f070451c754b718abad843ae36cdf0c39246fcd0efc" nonce=9 rpc="localhost:8545" scenario=factorydeploytx wallet=33
time="2026-06-02T03:26:21Z" level=debug msg="sent deployment tx #   234: 0x4b079ff1ccf431fa388a02a63eb0c86a0d4adb5065942d97f9928c287ac316b1" nonce=9 rpc="localhost:8545" scenario=factorydeploytx wallet=34
time="2026-06-02T03:26:21Z" level=debug msg="sent deployment tx #   235: 0x88ecca0b7597fad94f572639644573408db6ac8e9cd39c0176b1430545ba3475" nonce=9 rpc="localhost:8545" scenario=factorydeploytx wallet=35
time="2026-06-02T03:26:22Z" level=debug msg="sent deployment tx #   236: 0x78b2f6a77fa170391023360fa6a2074227c2ef8277ed16d01a9dec5e79cb66ce" nonce=9 rpc="localhost:8545" scenario=factorydeploytx wallet=36
time="2026-06-02T03:26:22Z" level=debug msg="sent deployment tx #   237: 0x210e5ae9869a27c6d543e20ce33ebe3b87e98f2b5bf424dd1178a7109c39e55f" nonce=9 rpc="localhost:8545" scenario=factorydeploytx wallet=37
time="2026-06-02T03:26:22Z" level=debug msg="sent deployment tx #   238: 0x1085994ee5d204f27f38b5b4c96dbb47b4a6d2284e94c08158c406dbd3903940" nonce=9 rpc="localhost:8545" scenario=factorydeploytx wallet=38
time="2026-06-02T03:26:22Z" level=debug msg="sent deployment tx #   239: 0x0f057027dc5dfd4627a4f70f8210064b90ffb991617f06d8999a355953758adf" nonce=9 rpc="localhost:8545" scenario=factorydeploytx wallet=39
time="2026-06-02T03:26:22Z" level=debug msg="deployment tx 224 confirmed in block #9011. deployed at: 0x72BcE77CEA9F1f88F7E889654b31c2Bfaf11E72E, total fee: 135360 gwei (base: 2)" rpc="localhost:8545" scenario=factorydeploytx
time="2026-06-02T03:26:22Z" level=debug msg="deployment tx 225 confirmed in block #9011. deployed at: 0xD38518e21AF1010A0D0765c42DF91C9e1191275c, total fee: 135360 gwei (base: 2)" rpc="localhost:8545" scenario=factorydeploytx
time="2026-06-02T03:26:22Z" level=debug msg="deployment tx 226 confirmed in block #9011. deployed at: 0x288F29c1D0c27f99C2FA65295E38504074682004, total fee: 135360 gwei (base: 2)" rpc="localhost:8545" scenario=factorydeploytx
time="2026-06-02T03:26:22Z" level=debug msg="deployment tx 227 confirmed in block #9011. deployed at: 0xE5a5C0db05650C4f3973c368161cfEF7214c7B1b, total fee: 135360 gwei (base: 2)" rpc="localhost:8545" scenario=factorydeploytx
time="2026-06-02T03:26:22Z" level=info msg="processed block 9011:  5 total tx, 5 tx confirmed from 5 wallets (1.146476ms, 342.702µs)"
time="2026-06-02T03:26:22Z" level=info msg="block 9011: submitted=13, pending=11, confirmed=5, throughput: 5B=4.60 tx/B, 20B=4.65 tx/B, 60B=4.56 tx/B" scenario=factorydeploytx wallets=5
time="2026-06-02T03:26:22Z" level=debug msg="deployment tx 228 confirmed in block #9011. deployed at: 0xD12Ed1172bAcA5257c22A310FE27F0aFa201e84e, total fee: 135360 gwei (base: 2)" rpc="localhost:8545" scenario=factorydeploytx
time="2026-06-02T03:26:22Z" level=debug msg="deployment tx 229 confirmed in block #9012. deployed at: 0x878F0e6D070A0bf8C34Abf49d9Db22645858fcFE, total fee: 135152 gwei (base: 2)" rpc="localhost:8545" scenario=factorydeploytx
time="2026-06-02T03:26:22Z" level=debug msg="deployment tx 230 confirmed in block #9012. deployed at: 0xb1Bf5142c7c48030d85e15972F47361f3363Cd57, total fee: 135152 gwei (base: 2)" rpc="localhost:8545" scenario=factorydeploytx
time="2026-06-02T03:26:22Z" level=debug msg="deployment tx 231 confirmed in block #9012. deployed at: 0x5f3eeC23dad242079c9a1496101C951F04f2460b, total fee: 135152 gwei (base: 2)" rpc="localhost:8545" scenario=factorydeploytx
time="2026-06-02T03:26:22Z" level=info msg="processed block 9012:  4 total tx, 4 tx confirmed from 4 wallets (890.703µs, 261.276µs)"
time="2026-06-02T03:26:22Z" level=info msg="block 9012: submitted=0, pending=7, confirmed=4, throughput: 5B=4.60 tx/B, 20B=4.60 tx/B, 60B=4.55 tx/B" scenario=factorydeploytx wallets=4
time="2026-06-02T03:26:22Z" level=debug msg="deployment tx 232 confirmed in block #9012. deployed at: 0xFB2Ec0467f99C9E1521B64f7e8555f43Cc300E48, total fee: 135152 gwei (base: 2)" rpc="localhost:8545" scenario=factorydeploytx
time="2026-06-02T03:26:22Z" level=debug msg="deployment tx 233 confirmed in block #9013. deployed at: 0xc4e76a972Eab8321b30C56d538FABbfd1999de51, total fee: 134969 gwei (base: 2)" rpc="localhost:8545" scenario=factorydeploytx
time="2026-06-02T03:26:22Z" level=debug msg="deployment tx 234 confirmed in block #9013. deployed at: 0xE3C945C78F0E8255B6C3CE8149A99983515c2D18, total fee: 134969 gwei (base: 2)" rpc="localhost:8545" scenario=factorydeploytx
time="2026-06-02T03:26:22Z" level=debug msg="deployment tx 235 confirmed in block #9013. deployed at: 0x76BBf0e0eE04313f24326c4b98688Cb6476d9Db4, total fee: 134969 gwei (base: 2)" rpc="localhost:8545" scenario=factorydeploytx
time="2026-06-02T03:26:22Z" level=debug msg="deployment tx 236 confirmed in block #9013. deployed at: 0x8969F9F6c37F3BCA8c0188CdccFbb247da8076cd, total fee: 134969 gwei (base: 2)" rpc="localhost:8545" scenario=factorydeploytx
time="2026-06-02T03:26:22Z" level=info msg="processed block 9013:  5 total tx, 5 tx confirmed from 5 wallets (1.161683ms, 483.458µs)"
time="2026-06-02T03:26:22Z" level=info msg="block 9013: submitted=0, pending=2, confirmed=5, throughput: 5B=4.60 tx/B, 20B=4.60 tx/B, 60B=4.56 tx/B" scenario=factorydeploytx wallets=5
time="2026-06-02T03:26:22Z" level=debug msg="deployment tx 237 confirmed in block #9013. deployed at: 0x8F7f9caa9d5b20F60FF0906891f804F241737039, total fee: 134969 gwei (base: 2)" rpc="localhost:8545" scenario=factorydeploytx
time="2026-06-02T03:26:22Z" level=debug msg="sent deployment tx #   240: 0x12bbf069efff3100a5f4036c4b4be1b1414713661acf672c0c36853d06280811" nonce=9 rpc="localhost:8545" scenario=factorydeploytx wallet=40
time="2026-06-02T03:26:23Z" level=debug msg="sent deployment tx #   241: 0x4899d210fa9b91deda4999329d29c59cd606cdd2829b4ba3ee93b2276ae7d588" nonce=9 rpc="localhost:8545" scenario=factorydeploytx wallet=41
time="2026-06-02T03:26:23Z" level=debug msg="sent deployment tx #   242: 0xef233e3161d91b7ff48030a379f36969038fe46d099eeb1cd8648735ea502b3a" nonce=9 rpc="localhost:8545" scenario=factorydeploytx wallet=42
time="2026-06-02T03:26:23Z" level=debug msg="sent deployment tx #   243: 0xa0774adc7835d11fdb13338e220be76ca832a79b4a314523f19509bc99c8d44f" nonce=9 rpc="localhost:8545" scenario=factorydeploytx wallet=43
time="2026-06-02T03:26:23Z" level=debug msg="sent deployment tx #   244: 0x229886642c2dc8500e6b1c5beaa26a8a8b8f2de266d7dea5028dc6c190ad5662" nonce=9 rpc="localhost:8545" scenario=factorydeploytx wallet=44
time="2026-06-02T03:26:24Z" level=debug msg="sent deployment tx #   245: 0xb555787fea297738526b68c38e1f067e1dd0366a15b46ebc55eb489c8ba95f5a" nonce=9 rpc="localhost:8545" scenario=factorydeploytx wallet=45
time="2026-06-02T03:26:24Z" level=debug msg="sent deployment tx #   246: 0xde6af47f58748dec707b07f0e27e21fda8009d33b71b08bbd827e8c8ae66e25b" nonce=9 rpc="localhost:8545" scenario=factorydeploytx wallet=46
time="2026-06-02T03:26:24Z" level=debug msg="sent deployment tx #   247: 0x2ca3b2087baf5ca5741a6272cb5c07aebae7b352f9f78cf9a78797c5dfcdb059" nonce=9 rpc="localhost:8545" scenario=factorydeploytx wallet=47
time="2026-06-02T03:26:24Z" level=debug msg="sent deployment tx #   248: 0xc76a52bcb662d1c586c537c5734ee853cb05826de9b289274e157de10f68b9d8" nonce=9 rpc="localhost:8545" scenario=factorydeploytx wallet=48
time="2026-06-02T03:26:25Z" level=debug msg="sent deployment tx #   249: 0x615c68ce1967df08fc3e24c89e9b98157ca4cd96903fa1fb73c5e1349afc7b4e" nonce=9 rpc="localhost:8545" scenario=factorydeploytx wallet=49
time="2026-06-02T03:26:25Z" level=debug msg="sent deployment tx #   250: 0x780d8d3a39fe7932be88e0ebcdce1213f63f56f1a629f3b69923b9e93e085f30" nonce=9 rpc="localhost:8545" scenario=factorydeploytx wallet=50
time="2026-06-02T03:26:25Z" level=debug msg="sent deployment tx #   251: 0x44a77fc91854807da2183d1f9313912c64ca204877fa23842918c335bee0e1c3" nonce=9 rpc="localhost:8545" scenario=factorydeploytx wallet=51
time="2026-06-02T03:26:25Z" level=info msg="checked child wallets (no funding needed)" module=walletpool
time="2026-06-02T03:26:25Z" level=debug msg="deployment tx 238 confirmed in block #9014. deployed at: 0x6754db5c7016B017A61da8cFa52A5A715eA82e96, total fee: 134809 gwei (base: 2)" rpc="localhost:8545" scenario=factorydeploytx
time="2026-06-02T03:26:25Z" level=debug msg="deployment tx 239 confirmed in block #9014. deployed at: 0x505d4DcEe5D35c712a19AD041548BaCEffbEbC11, total fee: 134809 gwei (base: 2)" rpc="localhost:8545" scenario=factorydeploytx
time="2026-06-02T03:26:25Z" level=debug msg="deployment tx 241 confirmed in block #9014. deployed at: 0xEc8caaeE9435C9F9aaf13231c016e2Aa1B4E1dEc, total fee: 134809 gwei (base: 2)" rpc="localhost:8545" scenario=factorydeploytx
time="2026-06-02T03:26:25Z" level=info msg="processed block 9014:  5 total tx, 5 tx confirmed from 5 wallets (1.686872ms, 4.487844ms)"
time="2026-06-02T03:26:25Z" level=debug msg="deployment tx 242 confirmed in block #9014. deployed at: 0xF4BA0bb8511772f281813269205b292fa494b913, total fee: 134809 gwei (base: 2)" rpc="localhost:8545" scenario=factorydeploytx
time="2026-06-02T03:26:25Z" level=info msg="block 9014: submitted=12, pending=5, confirmed=5, throughput: 5B=4.80 tx/B, 20B=4.65 tx/B, 60B=4.57 tx/B" scenario=factorydeploytx wallets=5
time="2026-06-02T03:26:25Z" level=debug msg="deployment tx 243 confirmed in block #9015. deployed at: 0x9500099C178DBb91A06Ce52ee18df5b1a07981f2, total fee: 134669 gwei (base: 2)" rpc="localhost:8545" scenario=factorydeploytx
time="2026-06-02T03:26:25Z" level=debug msg="deployment tx 244 confirmed in block #9015. deployed at: 0x0444c6F99Ca47705302c6E02c5D4B9a88567B4Cd, total fee: 134669 gwei (base: 2)" rpc="localhost:8545" scenario=factorydeploytx
time="2026-06-02T03:26:25Z" level=debug msg="deployment tx 245 confirmed in block #9015. deployed at: 0x893E1aD7A81C0cE41d21AD97Fc558286581b6E04, total fee: 134669 gwei (base: 2)" rpc="localhost:8545" scenario=factorydeploytx
time="2026-06-02T03:26:25Z" level=info msg="processed block 9015:  4 total tx, 4 tx confirmed from 4 wallets (1.360938ms, 427.075µs)"
time="2026-06-02T03:26:25Z" level=info msg="block 9015: submitted=0, pending=5, confirmed=4, throughput: 5B=4.60 tx/B, 20B=4.60 tx/B, 60B=4.56 tx/B" scenario=factorydeploytx wallets=4
time="2026-06-02T03:26:25Z" level=debug msg="deployment tx 246 confirmed in block #9015. deployed at: 0x3A8403C416625732F1C86D96FC3e5be655a54595, total fee: 134669 gwei (base: 2)" rpc="localhost:8545" scenario=factorydeploytx
time="2026-06-02T03:26:25Z" level=debug msg="deployment tx 240 confirmed in block #9014. deployed at: 0x300c3d4033c5e77346dCb73937d7BE8Ee3d1c61F, total fee: 134809 gwei (base: 2)" rpc="localhost:8545" scenario=factorydeploytx
time="2026-06-02T03:26:25Z" level=debug msg="sent deployment tx #   252: 0x3e8a617ab0d80d074a24121624949b3260e7514bc35c6f58bfc9d6c44613bd36" nonce=9 rpc="localhost:8545" scenario=factorydeploytx wallet=52
time="2026-06-02T03:26:26Z" level=debug msg="sent deployment tx #   253: 0x3430e167335d8726303d24080ef1a4ddba94ce72c5446e86939e0339c9515fc4" nonce=9 rpc="localhost:8545" scenario=factorydeploytx wallet=53
time="2026-06-02T03:26:26Z" level=debug msg="sent deployment tx #   254: 0x6c94e5cd3f42537b572c7004110e830274fbd75303b82518db0d0cb938a8d6cd" nonce=9 rpc="localhost:8545" scenario=factorydeploytx wallet=54
time="2026-06-02T03:26:26Z" level=debug msg="sent deployment tx #   255: 0x19bed6a38ca5d03af4a45ce6aafcf68e46ff7aa7c22e3869841190e2b0357fa2" nonce=9 rpc="localhost:8545" scenario=factorydeploytx wallet=55
time="2026-06-02T03:26:26Z" level=debug msg="sent deployment tx #   256: 0x7233a44afb15c386ef186d8fcc049843136c8d2f676d7c389f3263652cc933e7" nonce=9 rpc="localhost:8545" scenario=factorydeploytx wallet=56
time="2026-06-02T03:26:27Z" level=debug msg="sent deployment tx #   257: 0x5be06384044c369e101e478406d3827e0bd6bc26f5d9a2e970148584e69bc7b4" nonce=9 rpc="localhost:8545" scenario=factorydeploytx wallet=57
time="2026-06-02T03:26:27Z" level=debug msg="sent deployment tx #   258: 0x6897d3e81e42abea65058c384c9b36e5d80b1030bcc81f55e21a3c03cca460ab" nonce=9 rpc="localhost:8545" scenario=factorydeploytx wallet=58
time="2026-06-02T03:26:27Z" level=debug msg="sent deployment tx #   259: 0x7258a6cf5b2a6452d337bf228926d77c987cf5f3788dcd26d37cb9d29c09ae38" nonce=9 rpc="localhost:8545" scenario=factorydeploytx wallet=59
time="2026-06-02T03:26:27Z" level=debug msg="sent deployment tx #   260: 0xe21a1692d725937e87fa02d116ec74ce7a6b8f87aa6d5763107bf7120e6134bc" nonce=9 rpc="localhost:8545" scenario=factorydeploytx wallet=60
time="2026-06-02T03:26:28Z" level=debug msg="sent deployment tx #   261: 0x89f31c364cf77511c9abeb8b26cb5c1def593f4bea01b6e2c29f9be67004a46e" nonce=9 rpc="localhost:8545" scenario=factorydeploytx wallet=61
time="2026-06-02T03:26:28Z" level=debug msg="sent deployment tx #   262: 0x1a16f75b48ee0a6991caf6b47a53ff7894eb84ed92c6b2d0fde2c0129ad4fafd" nonce=9 rpc="localhost:8545" scenario=factorydeploytx wallet=62
time="2026-06-02T03:26:28Z" level=debug msg="sent deployment tx #   263: 0x909169369bce83fd32dbeb57b4a03fdac4be4cfe13d77f872275b1493b313908" nonce=9 rpc="localhost:8545" scenario=factorydeploytx wallet=63
time="2026-06-02T03:26:28Z" level=debug msg="sent deployment tx #   264: 0x252ad201bfa77ef866ee22aaa06c159a844952831eb14c941c69345a23fc664c" nonce=9 rpc="localhost:8545" scenario=factorydeploytx wallet=64
time="2026-06-02T03:26:28Z" level=debug msg="deployment tx 247 confirmed in block #9016. deployed at: 0xE751e2E14249f93ea2d3e45448fB2A2210BA6B3c, total fee: 134546 gwei (base: 2)" rpc="localhost:8545" scenario=factorydeploytx
time="2026-06-02T03:26:28Z" level=debug msg="deployment tx 248 confirmed in block #9016. deployed at: 0xFE67fFde842D98B91042cDcD350533c131392675, total fee: 134546 gwei (base: 2)" rpc="localhost:8545" scenario=factorydeploytx
time="2026-06-02T03:26:28Z" level=debug msg="deployment tx 249 confirmed in block #9016. deployed at: 0x21153b658017CFcc777c25574A6A61AF01a2d537, total fee: 134546 gwei (base: 2)" rpc="localhost:8545" scenario=factorydeploytx
time="2026-06-02T03:26:28Z" level=debug msg="deployment tx 250 confirmed in block #9016. deployed at: 0xe0DB7efc2dB2630940963E284aaD553d760fB888, total fee: 134546 gwei (base: 2)" rpc="localhost:8545" scenario=factorydeploytx
time="2026-06-02T03:26:28Z" level=info msg="processed block 9016:  5 total tx, 5 tx confirmed from 5 wallets (1.069172ms, 343.181µs)"
time="2026-06-02T03:26:28Z" level=info msg="block 9016: submitted=13, pending=13, confirmed=5, throughput: 5B=4.60 tx/B, 20B=4.60 tx/B, 60B=4.56 tx/B" scenario=factorydeploytx wallets=5
time="2026-06-02T03:26:28Z" level=debug msg="deployment tx 251 confirmed in block #9016. deployed at: 0xdfc9eC077259970c11617c9a5FBdF9A1bbCE6859, total fee: 134546 gwei (base: 2)" rpc="localhost:8545" scenario=factorydeploytx
time="2026-06-02T03:26:28Z" level=debug msg="deployment tx 252 confirmed in block #9017. deployed at: 0xBF7c4811058f532Caf599F253fE49a714f68Da4F, total fee: 134438 gwei (base: 2)" rpc="localhost:8545" scenario=factorydeploytx
time="2026-06-02T03:26:28Z" level=info msg="processed block 9017:  5 total tx, 5 tx confirmed from 5 wallets (1.044552ms, 352.394µs)"
time="2026-06-02T03:26:28Z" level=info msg="block 9017: submitted=0, pending=8, confirmed=5, throughput: 5B=4.80 tx/B, 20B=4.65 tx/B, 60B=4.57 tx/B" scenario=factorydeploytx wallets=5
time="2026-06-02T03:26:28Z" level=debug msg="deployment tx 253 confirmed in block #9017. deployed at: 0x8391C0c0Fce24EF7b2D1FD0b0BEab011D9B6f207, total fee: 134438 gwei (base: 2)" rpc="localhost:8545" scenario=factorydeploytx
time="2026-06-02T03:26:28Z" level=debug msg="deployment tx 254 confirmed in block #9017. deployed at: 0xCf72C4eC400000369d6Fbb9578D99f0314504714, total fee: 134438 gwei (base: 2)" rpc="localhost:8545" scenario=factorydeploytx
time="2026-06-02T03:26:28Z" level=debug msg="deployment tx 255 confirmed in block #9017. deployed at: 0xa3714eae4B1312C1216eA8a500Eb542ba46Ca44f, total fee: 134438 gwei (base: 2)" rpc="localhost:8545" scenario=factorydeploytx
time="2026-06-02T03:26:28Z" level=debug msg="deployment tx 256 confirmed in block #9017. deployed at: 0x25A9Cb2D684eA774Fdb116b6040ACB5806baC653, total fee: 134438 gwei (base: 2)" rpc="localhost:8545" scenario=factorydeploytx
time="2026-06-02T03:26:28Z" level=debug msg="deployment tx 257 confirmed in block #9018. deployed at: 0xDB95bbD5eBAb1020bC16A98d54390c029FE1Bb8D, total fee: 134343 gwei (base: 2)" rpc="localhost:8545" scenario=factorydeploytx
time="2026-06-02T03:26:28Z" level=debug msg="deployment tx 258 confirmed in block #9018. deployed at: 0x85CdA95ce7D72B94621DDb71619C5dEd4340cD75, total fee: 134343 gwei (base: 2)" rpc="localhost:8545" scenario=factorydeploytx
time="2026-06-02T03:26:28Z" level=debug msg="deployment tx 259 confirmed in block #9018. deployed at: 0xFfB75d7a8EAD40140279691CE76702C722DFb8a2, total fee: 134343 gwei (base: 2)" rpc="localhost:8545" scenario=factorydeploytx
time="2026-06-02T03:26:28Z" level=info msg="processed block 9018:  4 total tx, 4 tx confirmed from 4 wallets (902.375µs, 257.638µs)"
time="2026-06-02T03:26:28Z" level=info msg="block 9018: submitted=0, pending=4, confirmed=4, throughput: 5B=4.60 tx/B, 20B=4.60 tx/B, 60B=4.56 tx/B" scenario=factorydeploytx wallets=4
time="2026-06-02T03:26:28Z" level=debug msg="deployment tx 260 confirmed in block #9018. deployed at: 0xfd64421DF0f20b7c5F44aa41BF2Fdcc694d4c808, total fee: 134343 gwei (base: 2)" rpc="localhost:8545" scenario=factorydeploytx
time="2026-06-02T03:26:28Z" level=debug msg="sent deployment tx #   265: 0xab3ee240c9d3879caf49151a4ca68b779aef176f5f17bf1aec7ec97cc1f87517" nonce=9 rpc="localhost:8545" scenario=factorydeploytx wallet=65
time="2026-06-02T03:26:29Z" level=debug msg="sent deployment tx #   266: 0xca1accf12bad254bf9c67d4650644fe949d5e90dfac7e1a5da04e9dec0962bf7" nonce=9 rpc="localhost:8545" scenario=factorydeploytx wallet=66
time="2026-06-02T03:26:29Z" level=debug msg="sent deployment tx #   267: 0x7f74e2fed1f0d4de1267c834ed356bca54ffc89f73517628171f578831a05484" nonce=9 rpc="localhost:8545" scenario=factorydeploytx wallet=67
time="2026-06-02T03:26:29Z" level=debug msg="sent deployment tx #   268: 0x58c8025df73c4c102f696b12f947d4ff4025ea7b28419f81d030ebf8bfaac407" nonce=9 rpc="localhost:8545" scenario=factorydeploytx wallet=68
time="2026-06-02T03:26:29Z" level=debug msg="sent deployment tx #   269: 0x3cef241873889130e7e7fac7078023f60c54470479ffc3b782525921485e0b8e" nonce=9 rpc="localhost:8545" scenario=factorydeploytx wallet=69
time="2026-06-02T03:26:30Z" level=debug msg="sent deployment tx #   270: 0x8a94b1cdd86e09eb2fa404106c81f0f5dcb87690624dde7031020351cfb03a32" nonce=9 rpc="localhost:8545" scenario=factorydeploytx wallet=70
time="2026-06-02T03:26:30Z" level=debug msg="sent deployment tx #   271: 0xc1a456890a82b59d296dc5a8c6c5cac310cf88a18ba5e9f424abd9a4024f9f36" nonce=9 rpc="localhost:8545" scenario=factorydeploytx wallet=71
time="2026-06-02T03:26:30Z" level=debug msg="sent deployment tx #   272: 0x2bb42e5419904f77c8ed68a15a21b6d46e552c78555ed9c943da5a6eb79e07fe" nonce=9 rpc="localhost:8545" scenario=factorydeploytx wallet=72
time="2026-06-02T03:26:30Z" level=debug msg="sent deployment tx #   273: 0x1f53c35ac36c22359d8998c9fbd432079cdacfe875018a26724bb7441f9430a5" nonce=9 rpc="localhost:8545" scenario=factorydeploytx wallet=73
time="2026-06-02T03:26:31Z" level=debug msg="sent deployment tx #   274: 0x0fb03883767500dd65d5803d961d2e7d07d84f5e527b045180339372f39b11d6" nonce=9 rpc="localhost:8545" scenario=factorydeploytx wallet=74
time="2026-06-02T03:26:31Z" level=debug msg="sent deployment tx #   275: 0xf758e45e49d9ab4e123d6a33faa1b22e21bf75056ea39b1e979979453f043aaa" nonce=9 rpc="localhost:8545" scenario=factorydeploytx wallet=75
time="2026-06-02T03:26:31Z" level=debug msg="sent deployment tx #   276: 0x171c7bb0194d891636da74a15481fb9be32940496d640db44aa0edcda78ef09a" nonce=9 rpc="localhost:8545" scenario=factorydeploytx wallet=76
time="2026-06-02T03:26:31Z" level=debug msg="deployment tx 261 confirmed in block #9019. deployed at: 0x7a86e840C207B879377592bd91Dd36a4233CA1dD, total fee: 134260 gwei (base: 2)" rpc="localhost:8545" scenario=factorydeploytx
time="2026-06-02T03:26:31Z" level=debug msg="deployment tx 262 confirmed in block #9019. deployed at: 0xC8af5492d71994bfCE646f4446dBAA8AEac4C134, total fee: 134260 gwei (base: 2)" rpc="localhost:8545" scenario=factorydeploytx
time="2026-06-02T03:26:31Z" level=info msg="processed block 9019:  5 total tx, 5 tx confirmed from 5 wallets (1.523762ms, 339.577µs)"
time="2026-06-02T03:26:31Z" level=info msg="block 9019: submitted=12, pending=11, confirmed=5, throughput: 5B=4.60 tx/B, 20B=4.65 tx/B, 60B=4.57 tx/B" scenario=factorydeploytx wallets=5
time="2026-06-02T03:26:31Z" level=debug msg="deployment tx 263 confirmed in block #9019. deployed at: 0x2e0DF259d9BCf0c4Cb9A88250325c4fa4337d4F8, total fee: 134260 gwei (base: 2)" rpc="localhost:8545" scenario=factorydeploytx
time="2026-06-02T03:26:31Z" level=debug msg="deployment tx 264 confirmed in block #9019. deployed at: 0xee552F0f7bA1b7ab7c16A760D0648752779F0077, total fee: 134260 gwei (base: 2)" rpc="localhost:8545" scenario=factorydeploytx
time="2026-06-02T03:26:31Z" level=debug msg="deployment tx 265 confirmed in block #9019. deployed at: 0x4bE84329331F8aCbE6fb5ed76cac966E9686d26E, total fee: 134260 gwei (base: 2)" rpc="localhost:8545" scenario=factorydeploytx
time="2026-06-02T03:26:31Z" level=debug msg="deployment tx 266 confirmed in block #9020. deployed at: 0x66d093cE47d97cF620B424a1af110bc17c14812C, total fee: 134188 gwei (base: 2)" rpc="localhost:8545" scenario=factorydeploytx
time="2026-06-02T03:26:31Z" level=debug msg="deployment tx 267 confirmed in block #9020. deployed at: 0xf85dF5Df0208Ca88EF3C6E373117C0F5D46Da58c, total fee: 134188 gwei (base: 2)" rpc="localhost:8545" scenario=factorydeploytx
time="2026-06-02T03:26:31Z" level=debug msg="deployment tx 268 confirmed in block #9020. deployed at: 0xf7bEb0a7EB46Cfedd79E928b0e57Dbdc6973F94b, total fee: 134188 gwei (base: 2)" rpc="localhost:8545" scenario=factorydeploytx
time="2026-06-02T03:26:31Z" level=info msg="processed block 9020:  4 total tx, 4 tx confirmed from 4 wallets (977.133µs, 259.584µs)"
time="2026-06-02T03:26:31Z" level=info msg="block 9020: submitted=0, pending=7, confirmed=4, throughput: 5B=4.60 tx/B, 20B=4.60 tx/B, 60B=4.56 tx/B" scenario=factorydeploytx wallets=4
time="2026-06-02T03:26:31Z" level=debug msg="deployment tx 269 confirmed in block #9020. deployed at: 0xf54E398f3c5910F563cfAB8e5637Da6adAc57374, total fee: 134188 gwei (base: 2)" rpc="localhost:8545" scenario=factorydeploytx
time="2026-06-02T03:26:31Z" level=debug msg="deployment tx 270 confirmed in block #9021. deployed at: 0xBdBFdcDcF7b26F54a42408b9488BCBb4eE26103a, total fee: 134124 gwei (base: 2)" rpc="localhost:8545" scenario=factorydeploytx
time="2026-06-02T03:26:31Z" level=debug msg="deployment tx 271 confirmed in block #9021. deployed at: 0xb719215d154061628af1Cb153829Bf01292A7D63, total fee: 134124 gwei (base: 2)" rpc="localhost:8545" scenario=factorydeploytx
time="2026-06-02T03:26:31Z" level=debug msg="deployment tx 272 confirmed in block #9021. deployed at: 0xCBeEF83018Ad4874813f493C19A3026Af59C596d, total fee: 134124 gwei (base: 2)" rpc="localhost:8545" scenario=factorydeploytx
time="2026-06-02T03:26:31Z" level=debug msg="deployment tx 273 confirmed in block #9021. deployed at: 0x38facb8cFe248747a948D8b0041D321ABbD236aA, total fee: 134124 gwei (base: 2)" rpc="localhost:8545" scenario=factorydeploytx
time="2026-06-02T03:26:31Z" level=info msg="processed block 9021:  5 total tx, 5 tx confirmed from 5 wallets (967.972µs, 317.536µs)"
time="2026-06-02T03:26:31Z" level=info msg="block 9021: submitted=0, pending=2, confirmed=5, throughput: 5B=4.60 tx/B, 20B=4.60 tx/B, 60B=4.57 tx/B" scenario=factorydeploytx wallets=5
time="2026-06-02T03:26:31Z" level=debug msg="deployment tx 274 confirmed in block #9021. deployed at: 0x7e1e54433405c89f5e9aE25833d5dddA09037E5A, total fee: 134124 gwei (base: 2)" rpc="localhost:8545" scenario=factorydeploytx
time="2026-06-02T03:26:31Z" level=debug msg="sent deployment tx #   277: 0xc139bae75259bb9af2291240c4c01c336b7ae90e3fb4e0126c150a3b10778dd0" nonce=9 rpc="localhost:8545" scenario=factorydeploytx wallet=77
time="2026-06-02T03:26:32Z" level=debug msg="sent deployment tx #   278: 0xc0d76bd4b9bea72599cd4d0a742d1f1f7afc7d78a2ce3feb5e3517ea034a0d57" nonce=9 rpc="localhost:8545" scenario=factorydeploytx wallet=78
time="2026-06-02T03:26:32Z" level=debug msg="sent deployment tx #   279: 0x216d9f6f857ee2b61fd4d7ceb10dc3cbf702fc5c6d842ffdaa6307b6c90a7074" nonce=9 rpc="localhost:8545" scenario=factorydeploytx wallet=79
time="2026-06-02T03:26:32Z" level=debug msg="sent deployment tx #   280: 0xb87ba383c2c336d4da0f4fcc2d50281b5045ccb76f6e334a655898a57deb9763" nonce=9 rpc="localhost:8545" scenario=factorydeploytx wallet=80
time="2026-06-02T03:26:32Z" level=debug msg="sent deployment tx #   281: 0x825a7276456da644891072de02b7a202b1cbc391bd4b8c7b754e2d7e6dafd4d3" nonce=9 rpc="localhost:8545" scenario=factorydeploytx wallet=81
time="2026-06-02T03:26:33Z" level=debug msg="sent deployment tx #   282: 0xfc098e1b443647e440e78758d890cd3a278b044b30d8d374f39b100dfe64f454" nonce=9 rpc="localhost:8545" scenario=factorydeploytx wallet=82
time="2026-06-02T03:26:33Z" level=debug msg="sent deployment tx #   283: 0xbb32a5a9a06f490bab7f6ad8e335d010f87b10798963d4f9f0dc1cbe3486cdf7" nonce=9 rpc="localhost:8545" scenario=factorydeploytx wallet=83
time="2026-06-02T03:26:33Z" level=debug msg="sent deployment tx #   284: 0x221059f5760b4070581f419aef3317ac15269769794332e047cd8587cc127d09" nonce=9 rpc="localhost:8545" scenario=factorydeploytx wallet=84
time="2026-06-02T03:26:33Z" level=debug msg="sent deployment tx #   285: 0xf242068f4bf125b6a0680116b05e24de0182ddb5f6631e8fb6a225f6bdba6944" nonce=9 rpc="localhost:8545" scenario=factorydeploytx wallet=85
time="2026-06-02T03:26:34Z" level=debug msg="sent deployment tx #   286: 0xbec37da07b3d51ff7b0cab1c9585fff788f265a80fdc9fd78ac0e40fdc76b5b4" nonce=9 rpc="localhost:8545" scenario=factorydeploytx wallet=86
time="2026-06-02T03:26:34Z" level=debug msg="sent deployment tx #   287: 0xffe62c99a03234634fb77991e6d7c2001c587b7232b145bc74e6e2ff4e529df1" nonce=9 rpc="localhost:8545" scenario=factorydeploytx wallet=87
time="2026-06-02T03:26:34Z" level=debug msg="sent deployment tx #   288: 0x3d03adf76ac2c397e7efcbb39b49278c2c00cc6624bd0d8097d5adb5a1947710" nonce=9 rpc="localhost:8545" scenario=factorydeploytx wallet=88
time="2026-06-02T03:26:34Z" level=debug msg="sent deployment tx #   289: 0x32f108df3c74a8fe7eab14afedd12cd8917f7bedfac1b793ee75debe9f54f03c" nonce=9 rpc="localhost:8545" scenario=factorydeploytx wallet=89
time="2026-06-02T03:26:34Z" level=debug msg="deployment tx 275 confirmed in block #9022. deployed at: 0xdB96f7a921420fb39Ca6662098578d00ceA95D83, total fee: 134068 gwei (base: 2)" rpc="localhost:8545" scenario=factorydeploytx
time="2026-06-02T03:26:34Z" level=debug msg="deployment tx 276 confirmed in block #9022. deployed at: 0x1b63cA1cB73b3B75de181A0aDe8D34F7770c9d3E, total fee: 134068 gwei (base: 2)" rpc="localhost:8545" scenario=factorydeploytx
time="2026-06-02T03:26:34Z" level=debug msg="deployment tx 277 confirmed in block #9022. deployed at: 0xD4ad5fb6D79F2738Cd9518802887D40e825136e0, total fee: 134068 gwei (base: 2)" rpc="localhost:8545" scenario=factorydeploytx
time="2026-06-02T03:26:34Z" level=debug msg="deployment tx 278 confirmed in block #9022. deployed at: 0xF86b8c1bA64b5b6067C8BD31334e8dbFC0b784B4, total fee: 134068 gwei (base: 2)" rpc="localhost:8545" scenario=factorydeploytx
time="2026-06-02T03:26:34Z" level=debug msg="deployment tx 279 confirmed in block #9022. deployed at: 0x3bd989049eEe888a7486075066a51Bb11646c26C, total fee: 134068 gwei (base: 2)" rpc="localhost:8545" scenario=factorydeploytx
time="2026-06-02T03:26:34Z" level=info msg="processed block 9022:  5 total tx, 5 tx confirmed from 5 wallets (1.084492ms, 340.468µs)"
time="2026-06-02T03:26:34Z" level=info msg="block 9022: submitted=13, pending=10, confirmed=5, throughput: 5B=4.60 tx/B, 20B=4.65 tx/B, 60B=4.62 tx/B" scenario=factorydeploytx wallets=5
time="2026-06-02T03:26:34Z" level=debug msg="deployment tx 280 confirmed in block #9023. deployed at: 0x6c940D51E0A66A5FEb858654fd7B4818d8028a5F, total fee: 134019 gwei (base: 2)" rpc="localhost:8545" scenario=factorydeploytx
time="2026-06-02T03:26:34Z" level=debug msg="deployment tx 281 confirmed in block #9023. deployed at: 0x40159AFF794253f0A18dbD84F18f89F981CD1081, total fee: 134019 gwei (base: 2)" rpc="localhost:8545" scenario=factorydeploytx
time="2026-06-02T03:26:34Z" level=debug msg="deployment tx 282 confirmed in block #9023. deployed at: 0xA321ed7Cafe2357B659D2a50567AFfE068CD997b, total fee: 134019 gwei (base: 2)" rpc="localhost:8545" scenario=factorydeploytx
time="2026-06-02T03:26:34Z" level=info msg="processed block 9023:  4 total tx, 4 tx confirmed from 4 wallets (865.577µs, 285.609µs)"
time="2026-06-02T03:26:34Z" level=info msg="block 9023: submitted=0, pending=6, confirmed=4, throughput: 5B=4.60 tx/B, 20B=4.60 tx/B, 60B=4.62 tx/B" scenario=factorydeploytx wallets=4
time="2026-06-02T03:26:34Z" level=debug msg="deployment tx 283 confirmed in block #9023. deployed at: 0x20F80fb2499Bd5b5f453ba526fc9ae19676Dec70, total fee: 134019 gwei (base: 2)" rpc="localhost:8545" scenario=factorydeploytx
time="2026-06-02T03:26:34Z" level=debug msg="deployment tx 284 confirmed in block #9024. deployed at: 0xd5947aC52eDDD5ABD6bC34C28FF7774883075B3B, total fee: 133976 gwei (base: 2)" rpc="localhost:8545" scenario=factorydeploytx
time="2026-06-02T03:26:34Z" level=debug msg="deployment tx 285 confirmed in block #9024. deployed at: 0x76b95597756784896a9CEA13860918acB70bcb32, total fee: 133976 gwei (base: 2)" rpc="localhost:8545" scenario=factorydeploytx
time="2026-06-02T03:26:34Z" level=debug msg="deployment tx 286 confirmed in block #9024. deployed at: 0x1A776e1a7E0ff670d08c8B3621786b48C4a0eBb0, total fee: 133976 gwei (base: 2)" rpc="localhost:8545" scenario=factorydeploytx
time="2026-06-02T03:26:34Z" level=info msg="processed block 9024:  5 total tx, 5 tx confirmed from 5 wallets (1.419567ms, 309.831µs)"
time="2026-06-02T03:26:34Z" level=debug msg="deployment tx 288 confirmed in block #9024. deployed at: 0xe48d6E5108955aBA71e1c68a5608Ba36fB19B587, total fee: 133976 gwei (base: 2)" rpc="localhost:8545" scenario=factorydeploytx
time="2026-06-02T03:26:34Z" level=info msg="block 9024: submitted=0, pending=1, confirmed=5, throughput: 5B=4.60 tx/B, 20B=4.65 tx/B, 60B=4.62 tx/B" scenario=factorydeploytx wallets=5
time="2026-06-02T03:26:34Z" level=debug msg="deployment tx 287 confirmed in block #9024. deployed at: 0x19E57480d63B5F4fBE12ab19dC65B401211bB757, total fee: 133976 gwei (base: 2)" rpc="localhost:8545" scenario=factorydeploytx
time="2026-06-02T03:26:34Z" level=debug msg="sent deployment tx #   290: 0x1e81a893fc3758da43211f22475f99be5f820d9326169f065bc1890916e6fced" nonce=9 rpc="localhost:8545" scenario=factorydeploytx wallet=90
time="2026-06-02T03:26:35Z" level=debug msg="sent deployment tx #   291: 0xa14bd079f3b8a911f202f1d99af56175fedcb6b080d6e34c5397f80e5067f0ea" nonce=9 rpc="localhost:8545" scenario=factorydeploytx wallet=91
time="2026-06-02T03:26:35Z" level=debug msg="sent deployment tx #   292: 0x8a3d01e7650b6bdc4aaf4b080ab62fe32354d3d95720ca8dd5bdd8c0158cc193" nonce=9 rpc="localhost:8545" scenario=factorydeploytx wallet=92
time="2026-06-02T03:26:35Z" level=debug msg="sent deployment tx #   293: 0x9aa568a04ed82d2b1bb497990b72f9ea74828d6dab42e0ab41a82addf4df718b" nonce=9 rpc="localhost:8545" scenario=factorydeploytx wallet=93
time="2026-06-02T03:26:35Z" level=debug msg="sent deployment tx #   294: 0x3ee3eab60b7302f7b01badec6cb36e18b80892ba78988db8b3aee24938d73291" nonce=9 rpc="localhost:8545" scenario=factorydeploytx wallet=94
time="2026-06-02T03:26:36Z" level=debug msg="sent deployment tx #   295: 0x8ed3f4108287e66f0ed587b56a85d38bcfecb32450ccb1a3fe49f6a3103f06a9" nonce=9 rpc="localhost:8545" scenario=factorydeploytx wallet=95
time="2026-06-02T03:26:36Z" level=debug msg="sent deployment tx #   296: 0x873a07658f9cb1c8cae24a171309b3485667b70946f2647937c330fa6eb94279" nonce=9 rpc="localhost:8545" scenario=factorydeploytx wallet=96
time="2026-06-02T03:26:36Z" level=debug msg="sent deployment tx #   297: 0x46911eaec438cf53b61d4edc4a5f89f245a3f27478750964a83bf8e0845f176a" nonce=9 rpc="localhost:8545" scenario=factorydeploytx wallet=97
time="2026-06-02T03:26:36Z" level=debug msg="sent deployment tx #   298: 0x4021f68a8bef915e4a4d702528a650eb3ad6ddf3da3a7a24c1596308b65970e7" nonce=9 rpc="localhost:8545" scenario=factorydeploytx wallet=98
time="2026-06-02T03:26:37Z" level=debug msg="sent deployment tx #   299: 0x7d2f536334c0e7e085135ffa31241c0ee391cf6f0ac07ccb40dc840424082de3" nonce=9 rpc="localhost:8545" scenario=factorydeploytx wallet=99
time="2026-06-02T03:26:37Z" level=debug msg="sent deployment tx #   300: 0xc2f05ab04f64d4fb04e495eaf5411c56765c2a74083a3a122930d7609d45a8a6" nonce=9 rpc="localhost:8545" scenario=factorydeploytx wallet=100
time="2026-06-02T03:26:37Z" level=debug msg="sent deployment tx #   301: 0xf934bafa9ae4576ee3c3b3df422b48dc124787216befe5647af6ae5573c21b29" nonce=102 rpc="localhost:8545" scenario=factorydeploytx wallet=1
time="2026-06-02T03:26:37Z" level=debug msg="deployment tx 289 confirmed in block #9025. deployed at: 0xF22C05bfd7B18b520762170bD513B5EB969ebA54, total fee: 133938 gwei (base: 2)" rpc="localhost:8545" scenario=factorydeploytx
time="2026-06-02T03:26:37Z" level=debug msg="deployment tx 290 confirmed in block #9025. deployed at: 0x7b7F16F513E9a2426E34207Cd22f4e08A15c489f, total fee: 133938 gwei (base: 2)" rpc="localhost:8545" scenario=factorydeploytx
time="2026-06-02T03:26:37Z" level=debug msg="deployment tx 291 confirmed in block #9025. deployed at: 0xd93FaFB83569711A71128EEBa0a481068c86CE7B, total fee: 133938 gwei (base: 2)" rpc="localhost:8545" scenario=factorydeploytx
time="2026-06-02T03:26:37Z" level=debug msg="deployment tx 292 confirmed in block #9025. deployed at: 0x2A9b62F10E326dCf1046363C9eB65e24d37b33ca, total fee: 133938 gwei (base: 2)" rpc="localhost:8545" scenario=factorydeploytx
time="2026-06-02T03:26:37Z" level=info msg="processed block 9025:  5 total tx, 5 tx confirmed from 5 wallets (1.406727ms, 507.062µs)"
time="2026-06-02T03:26:37Z" level=info msg="block 9025: submitted=12, pending=8, confirmed=5, throughput: 5B=4.80 tx/B, 20B=4.65 tx/B, 60B=4.63 tx/B" scenario=factorydeploytx wallets=5
time="2026-06-02T03:26:37Z" level=debug msg="deployment tx 293 confirmed in block #9025. deployed at: 0xd81d84f4AF21a9140D768E87dD618446ce690fa6, total fee: 133938 gwei (base: 2)" rpc="localhost:8545" scenario=factorydeploytx
time="2026-06-02T03:26:37Z" level=debug msg="deployment tx 294 confirmed in block #9026. deployed at: 0x6c4682095567C9A15CE8d3D0E8762431611aAE96, total fee: 133905 gwei (base: 2)" rpc="localhost:8545" scenario=factorydeploytx
time="2026-06-02T03:26:37Z" level=debug msg="deployment tx 295 confirmed in block #9026. deployed at: 0x9A4c40a609cE5BbC218F8766E39b7E168b984E30, total fee: 133905 gwei (base: 2)" rpc="localhost:8545" scenario=factorydeploytx
time="2026-06-02T03:26:37Z" level=debug msg="deployment tx 296 confirmed in block #9026. deployed at: 0x652B27Cf8796963166c67B2a9584f5f540aD6EFa, total fee: 133905 gwei (base: 2)" rpc="localhost:8545" scenario=factorydeploytx
time="2026-06-02T03:26:37Z" level=info msg="processed block 9026:  4 total tx, 4 tx confirmed from 4 wallets (1.247598ms, 297.736µs)"
time="2026-06-02T03:26:37Z" level=info msg="block 9026: submitted=0, pending=4, confirmed=4, throughput: 5B=4.60 tx/B, 20B=4.60 tx/B, 60B=4.62 tx/B" scenario=factorydeploytx wallets=4
time="2026-06-02T03:26:37Z" level=debug msg="deployment tx 297 confirmed in block #9026. deployed at: 0x6200D6c9495514Df38573a7c3E136353cAbFEd3F, total fee: 133905 gwei (base: 2)" rpc="localhost:8545" scenario=factorydeploytx
time="2026-06-02T03:26:37Z" level=debug msg="sent deployment tx #   302: 0x85fa920e509b23f4c89de34269452f9fcc51b90d6ac9522ea6dd586311cf030c" nonce=102 rpc="localhost:8545" scenario=factorydeploytx wallet=2
time="2026-06-02T03:26:38Z" level=debug msg="sent deployment tx #   303: 0x331c86506c1ca2932eebdc2721ba7b8d8832a28ccb5e9df3443414150ea98192" nonce=107 rpc="localhost:8545" scenario=factorydeploytx wallet=3
time="2026-06-02T03:26:38Z" level=debug msg="sent deployment tx #   304: 0xe4c3001e8377361df1aaa81e3285ddc3a2ca023868f6a3bf3239df400c806978" nonce=114 rpc="localhost:8545" scenario=factorydeploytx wallet=4
time="2026-06-02T03:26:38Z" level=debug msg="sent deployment tx #   305: 0x0b31757cb01504f82b27ec7ed291e20e685bde1b4ac98fc85d670eb205bd7027" nonce=114 rpc="localhost:8545" scenario=factorydeploytx wallet=5
time="2026-06-02T03:26:38Z" level=debug msg="sent deployment tx #   306: 0xd879bcc7dcfd6d3a3557f2ac1e7867137727eb0d30c7fa3cd0aed092a0102a58" nonce=114 rpc="localhost:8545" scenario=factorydeploytx wallet=6
time="2026-06-02T03:26:39Z" level=debug msg="sent deployment tx #   307: 0xdb6106fd3ece3f48986642456be2e20575fd9238db869e41c8591ab1b451a768" nonce=98 rpc="localhost:8545" scenario=factorydeploytx wallet=7
time="2026-06-02T03:26:39Z" level=debug msg="sent deployment tx #   308: 0xa706a5c42458d0565f455a1816f2e21c15d5eaacd99ec6245dbf87da550316dc" nonce=98 rpc="localhost:8545" scenario=factorydeploytx wallet=8
time="2026-06-02T03:26:39Z" level=debug msg="sent deployment tx #   309: 0x242318e2be82b14cd116dd74579c9cb157d3c84fa82aec4add059e4d512b12b8" nonce=98 rpc="localhost:8545" scenario=factorydeploytx wallet=9
time="2026-06-02T03:26:39Z" level=debug msg="sent deployment tx #   310: 0xcc0aa407827f81783e05db196ff3ad43f7335247072916b8453cc5290c0d3057" nonce=98 rpc="localhost:8545" scenario=factorydeploytx wallet=10
time="2026-06-02T03:26:40Z" level=debug msg="sent deployment tx #   311: 0x37f67967b7e991d1736e1695daaa907fb0a886aa662a8506d461637d90d58885" nonce=10 rpc="localhost:8545" scenario=factorydeploytx wallet=11
time="2026-06-02T03:26:40Z" level=debug msg="sent deployment tx #   312: 0xd83b5b4fe0b60dcc686bc1a5b9c3c1d733bec0e361e64c684fb563e277e1ebbb" nonce=10 rpc="localhost:8545" scenario=factorydeploytx wallet=12
time="2026-06-02T03:26:40Z" level=debug msg="sent deployment tx #   313: 0x82c26d5d7dc0fa9a92a90f3307a4d973453dca7bdb74d376f4a96bd0458ca56d" nonce=10 rpc="localhost:8545" scenario=factorydeploytx wallet=13
time="2026-06-02T03:26:40Z" level=debug msg="sent deployment tx #   314: 0x99f916dccb25a218c59c90a4c474c7d4519c5a27a778b14d6d4ef54a81b42f88" nonce=10 rpc="localhost:8545" scenario=factorydeploytx wallet=14
time="2026-06-02T03:26:40Z" level=debug msg="deployment tx 298 confirmed in block #9027. deployed at: 0x6aE5994877B508a8a5EBb4Cf439bDb9b43294921, total fee: 133876 gwei (base: 2)" rpc="localhost:8545" scenario=factorydeploytx
time="2026-06-02T03:26:40Z" level=debug msg="deployment tx 299 confirmed in block #9027. deployed at: 0x7c40fA9b1D63526f7E96DFa7D1856C254A144A1b, total fee: 133876 gwei (base: 2)" rpc="localhost:8545" scenario=factorydeploytx
time="2026-06-02T03:26:40Z" level=info msg="processed block 9027:  5 total tx, 5 tx confirmed from 5 wallets (1.102697ms, 328.309µs)"
time="2026-06-02T03:26:40Z" level=info msg="block 9027: submitted=13, pending=12, confirmed=5, throughput: 5B=4.60 tx/B, 20B=4.65 tx/B, 60B=4.62 tx/B" scenario=factorydeploytx wallets=5
time="2026-06-02T03:26:40Z" level=debug msg="deployment tx 300 confirmed in block #9027. deployed at: 0x01276C2F81C5f1c17e0361c1a08A6191C157D139, total fee: 133876 gwei (base: 2)" rpc="localhost:8545" scenario=factorydeploytx
time="2026-06-02T03:26:40Z" level=debug msg="deployment tx 301 confirmed in block #9027. deployed at: 0x371Ecc5E177b528E172ea222fbD950B1AbB7aDfe, total fee: 133876 gwei (base: 2)" rpc="localhost:8545" scenario=factorydeploytx
time="2026-06-02T03:26:40Z" level=debug msg="deployment tx 302 confirmed in block #9027. deployed at: 0xB781BF92e8a1Acc8070FAff0ac378b6dCe98F2fc, total fee: 133876 gwei (base: 2)" rpc="localhost:8545" scenario=factorydeploytx
time="2026-06-02T03:26:40Z" level=info msg="processed block 9028:  4 total tx, 4 tx confirmed from 4 wallets (880.767µs, 292.01µs)"
time="2026-06-02T03:26:40Z" level=debug msg="deployment tx 304 confirmed in block #9028. deployed at: 0x6d3aa4a989Ab579198eE75206676Fb3B28381F61, total fee: 133850 gwei (base: 2)" rpc="localhost:8545" scenario=factorydeploytx
time="2026-06-02T03:26:40Z" level=debug msg="deployment tx 306 confirmed in block #9028. deployed at: 0x74585Ee470AEFa563bCF52fCD8912FE85098BcA3, total fee: 133850 gwei (base: 2)" rpc="localhost:8545" scenario=factorydeploytx
time="2026-06-02T03:26:40Z" level=debug msg="deployment tx 305 confirmed in block #9028. deployed at: 0x8300935128C8f2e6C5510e980F242D3EbD406afD, total fee: 133850 gwei (base: 2)" rpc="localhost:8545" scenario=factorydeploytx
time="2026-06-02T03:26:40Z" level=debug msg="deployment tx 303 confirmed in block #9028. deployed at: 0x988fAB57F7c67f7B3fA3C09eD6CD16f2C5ECB8AF, total fee: 133850 gwei (base: 2)" rpc="localhost:8545" scenario=factorydeploytx
time="2026-06-02T03:26:40Z" level=info msg="block 9028: submitted=0, pending=8, confirmed=4, throughput: 5B=4.60 tx/B, 20B=4.60 tx/B, 60B=4.62 tx/B" scenario=factorydeploytx wallets=4
time="2026-06-02T03:26:40Z" level=debug msg="deployment tx 307 confirmed in block #9029. deployed at: 0x684AD60d2f13f3F0174Ce4Df7d353D95e5635d63, total fee: 133828 gwei (base: 2)" rpc="localhost:8545" scenario=factorydeploytx
time="2026-06-02T03:26:40Z" level=debug msg="deployment tx 308 confirmed in block #9029. deployed at: 0x2Ce91a7FB895E49230A2348F13D35b54c21b562E, total fee: 133828 gwei (base: 2)" rpc="localhost:8545" scenario=factorydeploytx
time="2026-06-02T03:26:40Z" level=debug msg="deployment tx 309 confirmed in block #9029. deployed at: 0xE1b8d80b83b93Ee5D8504cFA78c2aEa3AAdc3ab5, total fee: 133828 gwei (base: 2)" rpc="localhost:8545" scenario=factorydeploytx
time="2026-06-02T03:26:40Z" level=debug msg="deployment tx 310 confirmed in block #9029. deployed at: 0xe992EE7d345F0FaaE324aA8CA2656EC07f21D45D, total fee: 133828 gwei (base: 2)" rpc="localhost:8545" scenario=factorydeploytx
time="2026-06-02T03:26:40Z" level=info msg="processed block 9029:  5 total tx, 5 tx confirmed from 5 wallets (1.016732ms, 395.109µs)"
time="2026-06-02T03:26:40Z" level=info msg="block 9029: submitted=0, pending=3, confirmed=5, throughput: 5B=4.60 tx/B, 20B=4.65 tx/B, 60B=4.62 tx/B" scenario=factorydeploytx wallets=5
time="2026-06-02T03:26:40Z" level=debug msg="deployment tx 311 confirmed in block #9029. deployed at: 0x7fbF4677955ebd70D1bA680470b3345E8E162441, total fee: 133828 gwei (base: 2)" rpc="localhost:8545" scenario=factorydeploytx
time="2026-06-02T03:26:40Z" level=debug msg="sent deployment tx #   315: 0x8e955128df543e244df409992e82f6f50f8fc489df2e1482355485ce1ca7a6eb" nonce=10 rpc="localhost:8545" scenario=factorydeploytx wallet=15
time="2026-06-02T03:26:41Z" level=debug msg="sent deployment tx #   316: 0x3f9564b32516c838869e31e7278e7c264f2ded1b4b51dc709c994ead157f9852" nonce=10 rpc="localhost:8545" scenario=factorydeploytx wallet=16
time="2026-06-02T03:26:41Z" level=debug msg="sent deployment tx #   317: 0xcc4d54d5cc687e2a8d4e3ac9b781a5f2333a41047a283da70aa9a0e098e0adf4" nonce=10 rpc="localhost:8545" scenario=factorydeploytx wallet=17
time="2026-06-02T03:26:41Z" level=debug msg="sent deployment tx #   318: 0x8ab51f8863dbf85f70bfe73ed2a87ea448cd7a0ce8ba0179bab94e3316ba84c4" nonce=10 rpc="localhost:8545" scenario=factorydeploytx wallet=18
time="2026-06-02T03:26:41Z" level=debug msg="sent deployment tx #   319: 0xf53f8605bbdd27463d17fa47a509abbf2ba3a69e1ed58900905bd658b3939bee" nonce=10 rpc="localhost:8545" scenario=factorydeploytx wallet=19
time="2026-06-02T03:26:42Z" level=debug msg="sent deployment tx #   320: 0x8cd3b4511a68b8e490aff6c5de39a6dfc1ad6e52034da5c5207d565261d9825e" nonce=10 rpc="localhost:8545" scenario=factorydeploytx wallet=20
time="2026-06-02T03:26:42Z" level=debug msg="sent deployment tx #   321: 0xf8c4561a55712576a7d834141a868b580d8ec23a5484a4984543f2fb8c2312df" nonce=10 rpc="localhost:8545" scenario=factorydeploytx wallet=21
time="2026-06-02T03:26:42Z" level=debug msg="sent deployment tx #   322: 0xb25ca912cd1e582f5edbc6cea4ec3026390b72c6ce6ff5e2b478a69468773e50" nonce=10 rpc="localhost:8545" scenario=factorydeploytx wallet=22
time="2026-06-02T03:26:42Z" level=debug msg="sent deployment tx #   323: 0x27897a50f80c2a6fc21de9930a78b9b324bcb7cf5c04de3048147e85b03ea2d3" nonce=10 rpc="localhost:8545" scenario=factorydeploytx wallet=23
time="2026-06-02T03:26:43Z" level=debug msg="sent deployment tx #   324: 0x5eb907a09aeff9e54f95919b9f2cb291de52196418e9888715a71e0729413316" nonce=10 rpc="localhost:8545" scenario=factorydeploytx wallet=24
time="2026-06-02T03:26:43Z" level=debug msg="sent deployment tx #   325: 0xe45a13e1f9a09afbbe82a0b550f764f3c85f7afbd4a451b1ed631563dc37bb7e" nonce=10 rpc="localhost:8545" scenario=factorydeploytx wallet=25
time="2026-06-02T03:26:43Z" level=debug msg="sent deployment tx #   326: 0xc01a5cf76d39807c4a37ddc0f4909204b8760a8ba5227827e2f85b1328a6db45" nonce=10 rpc="localhost:8545" scenario=factorydeploytx wallet=26
time="2026-06-02T03:26:43Z" level=debug msg="deployment tx 312 confirmed in block #9030. deployed at: 0xF0c247C93394ae22E5C1c8728B4CA3C7FbFd3010, total fee: 133809 gwei (base: 2)" rpc="localhost:8545" scenario=factorydeploytx
time="2026-06-02T03:26:43Z" level=debug msg="deployment tx 313 confirmed in block #9030. deployed at: 0x00FAad831356c8F2d92D17538D6858d5A334A9Da, total fee: 133809 gwei (base: 2)" rpc="localhost:8545" scenario=factorydeploytx
time="2026-06-02T03:26:43Z" level=debug msg="deployment tx 314 confirmed in block #9030. deployed at: 0xa49a43E937D30A0eA91041Eb86F87518D6Cb40D6, total fee: 133809 gwei (base: 2)" rpc="localhost:8545" scenario=factorydeploytx
time="2026-06-02T03:26:43Z" level=debug msg="deployment tx 315 confirmed in block #9030. deployed at: 0xba9E68f30f6f9252Ba055E5b5A4B1f3bed0C8A05, total fee: 133809 gwei (base: 2)" rpc="localhost:8545" scenario=factorydeploytx
time="2026-06-02T03:26:43Z" level=info msg="processed block 9030:  5 total tx, 5 tx confirmed from 5 wallets (1.057137ms, 354.2µs)"
time="2026-06-02T03:26:43Z" level=info msg="block 9030: submitted=12, pending=10, confirmed=5, throughput: 5B=4.60 tx/B, 20B=4.65 tx/B, 60B=4.63 tx/B" scenario=factorydeploytx wallets=5
time="2026-06-02T03:26:43Z" level=debug msg="deployment tx 316 confirmed in block #9030. deployed at: 0x18F22Dd60F121A33e861DDB6EB8F4aFCB1F5ba42, total fee: 133809 gwei (base: 2)" rpc="localhost:8545" scenario=factorydeploytx
time="2026-06-02T03:26:43Z" level=debug msg="sent deployment tx #   327: 0x5d1601103e7391132b027040fde94fd6cc3bf3091af9ee215b1e84d9a5fb9ccd" nonce=10 rpc="localhost:8545" scenario=factorydeploytx wallet=27
time="2026-06-02T03:26:43Z" level=info msg="processed block 9031:  4 total tx, 4 tx confirmed from 4 wallets (995.496µs, 240.624µs)"
time="2026-06-02T03:26:43Z" level=info msg="block 9031: submitted=1, pending=7, confirmed=4, throughput: 5B=4.60 tx/B, 20B=4.60 tx/B, 60B=4.62 tx/B" scenario=factorydeploytx wallets=4
time="2026-06-02T03:26:43Z" level=debug msg="deployment tx 317 confirmed in block #9031. deployed at: 0xFA9a3Acf1097aEa247caa7FA5762eF8E90625aFE, total fee: 133791 gwei (base: 2)" rpc="localhost:8545" scenario=factorydeploytx
time="2026-06-02T03:26:43Z" level=debug msg="deployment tx 318 confirmed in block #9031. deployed at: 0x196ab440e82028caD08D86708e04EAEf12eaE14f, total fee: 133791 gwei (base: 2)" rpc="localhost:8545" scenario=factorydeploytx
time="2026-06-02T03:26:43Z" level=debug msg="deployment tx 319 confirmed in block #9031. deployed at: 0x1f1d5D6FA73Ff2aD6B42Cd490f6A5803c388eD54, total fee: 133791 gwei (base: 2)" rpc="localhost:8545" scenario=factorydeploytx
time="2026-06-02T03:26:43Z" level=debug msg="deployment tx 320 confirmed in block #9031. deployed at: 0x22ea3284fC594cc2FA1D19188F7287b52e865f3A, total fee: 133791 gwei (base: 2)" rpc="localhost:8545" scenario=factorydeploytx
time="2026-06-02T03:26:43Z" level=debug msg="deployment tx 321 confirmed in block #9032. deployed at: 0xC25822fbD2f62B5eF18D91F29B8d9c2dA3a19DFC, total fee: 133776 gwei (base: 2)" rpc="localhost:8545" scenario=factorydeploytx
time="2026-06-02T03:26:43Z" level=debug msg="deployment tx 322 confirmed in block #9032. deployed at: 0xcff745Af776af2b46340056DC64c92624097f4Cc, total fee: 133776 gwei (base: 2)" rpc="localhost:8545" scenario=factorydeploytx
time="2026-06-02T03:26:43Z" level=debug msg="deployment tx 323 confirmed in block #9032. deployed at: 0x7D6995438fbE095985aC0c83Cc32598487f5E786, total fee: 133776 gwei (base: 2)" rpc="localhost:8545" scenario=factorydeploytx
time="2026-06-02T03:26:43Z" level=debug msg="deployment tx 324 confirmed in block #9032. deployed at: 0x5af65712c1Ad280b9402e6ea22996AdC1Cdce53b, total fee: 133776 gwei (base: 2)" rpc="localhost:8545" scenario=factorydeploytx
time="2026-06-02T03:26:43Z" level=info msg="processed block 9032:  5 total tx, 5 tx confirmed from 5 wallets (1.017513ms, 349.395µs)"
time="2026-06-02T03:26:43Z" level=info msg="block 9032: submitted=0, pending=2, confirmed=5, throughput: 5B=4.60 tx/B, 20B=4.65 tx/B, 60B=4.62 tx/B" scenario=factorydeploytx wallets=5
time="2026-06-02T03:26:43Z" level=debug msg="deployment tx 325 confirmed in block #9032. deployed at: 0x9ABAeFadC92E42978b4734f509896859905E7dEd, total fee: 133752 gwei (base: 2)" rpc="localhost:8545" scenario=factorydeploytx
time="2026-06-02T03:26:44Z" level=debug msg="sent deployment tx #   328: 0xde1e1e6c238d580814614d6009d22a0cd6826897a3fe3556f02effcc3c85b40d" nonce=10 rpc="localhost:8545" scenario=factorydeploytx wallet=28
time="2026-06-02T03:26:44Z" level=debug msg="sent deployment tx #   329: 0x81d83986a0b26edb673e113e32b470dd1a7154bc680f14be4960f7f9f84f0f9b" nonce=10 rpc="localhost:8545" scenario=factorydeploytx wallet=29
time="2026-06-02T03:26:44Z" level=debug msg="sent deployment tx #   330: 0x707c3c4e2dfbdd70a6a6093a1305e8f214971422f124e0f0d73f03e70ce217ad" nonce=10 rpc="localhost:8545" scenario=factorydeploytx wallet=30
time="2026-06-02T03:26:44Z" level=debug msg="sent deployment tx #   331: 0xe35fb853161220ba29a4f5c654c74fdf410b25e89e3db9826a88395b6483b85a" nonce=10 rpc="localhost:8545" scenario=factorydeploytx wallet=31
time="2026-06-02T03:26:45Z" level=debug msg="sent deployment tx #   332: 0x52e4ad84476cdf8b4bf9c9113d665d75e4cf77ae21da701c388f8094e88c0611" nonce=10 rpc="localhost:8545" scenario=factorydeploytx wallet=32
time="2026-06-02T03:26:45Z" level=debug msg="sent deployment tx #   333: 0x98aa02c8fd2fccccca9bd149c1999cb6bf6631e472c101198e381cff0f943c9f" nonce=10 rpc="localhost:8545" scenario=factorydeploytx wallet=33
time="2026-06-02T03:26:45Z" level=debug msg="sent deployment tx #   334: 0x5fbf9693e46b165eccdf573dd76c8ffb3e76ac9e0f5108fe12e785d5512dce30" nonce=10 rpc="localhost:8545" scenario=factorydeploytx wallet=34
time="2026-06-02T03:26:45Z" level=debug msg="sent deployment tx #   335: 0xa61f9761f3e7227fd51bbd053b834f1cfcb872342e7e76ebab97b2525b92d3d9" nonce=10 rpc="localhost:8545" scenario=factorydeploytx wallet=35
time="2026-06-02T03:26:46Z" level=debug msg="sent deployment tx #   336: 0x482a285be032b19468001855ecbfdd8b4a84eb75f7b8c8a2522f19a0d0f77eba" nonce=10 rpc="localhost:8545" scenario=factorydeploytx wallet=36
time="2026-06-02T03:26:46Z" level=debug msg="sent deployment tx #   337: 0xbd39ba036dc09e7c64e4545d1497132711e4165c7f3990309a4e9bf1e3b6ffb3" nonce=10 rpc="localhost:8545" scenario=factorydeploytx wallet=37
time="2026-06-02T03:26:46Z" level=debug msg="sent deployment tx #   338: 0x6251a8163e323b35c504a1bab165467d47f445d33197a500dc5598989a52539a" nonce=10 rpc="localhost:8545" scenario=factorydeploytx wallet=38
time="2026-06-02T03:26:46Z" level=debug msg="sent deployment tx #   339: 0xef2aa4be07141b19bd4e7d4c907541a4cf10f772bb0cf991e594e13ac245afc9" nonce=10 rpc="localhost:8545" scenario=factorydeploytx wallet=39
time="2026-06-02T03:26:46Z" level=info msg="processed block 9033:  4 total tx, 4 tx confirmed from 4 wallets (3.781412ms, 423.527µs)"
time="2026-06-02T03:26:46Z" level=info msg="block 9033: submitted=12, pending=10, confirmed=4, throughput: 5B=4.60 tx/B, 20B=4.60 tx/B, 60B=4.62 tx/B" scenario=factorydeploytx wallets=4
time="2026-06-02T03:26:46Z" level=debug msg="deployment tx 326 confirmed in block #9033. deployed at: 0x87d9dA12b82E7dF19D8956E290a835806ecf3741, total fee: 133763 gwei (base: 2)" rpc="localhost:8545" scenario=factorydeploytx
time="2026-06-02T03:26:46Z" level=debug msg="deployment tx 327 confirmed in block #9033. deployed at: 0x46E5c8b9cf7a49f8B365095B76169B6693Ed102F, total fee: 133763 gwei (base: 2)" rpc="localhost:8545" scenario=factorydeploytx
time="2026-06-02T03:26:46Z" level=debug msg="deployment tx 328 confirmed in block #9033. deployed at: 0x95a86d3d1101C7b1acC64e73d5053d69939BC3C5, total fee: 133763 gwei (base: 2)" rpc="localhost:8545" scenario=factorydeploytx
time="2026-06-02T03:26:46Z" level=debug msg="deployment tx 329 confirmed in block #9033. deployed at: 0x136BA376C81D9F64A0854fBBa6f072f33fCeF69A, total fee: 133763 gwei (base: 2)" rpc="localhost:8545" scenario=factorydeploytx
time="2026-06-02T03:26:46Z" level=info msg="processed block 9034:  5 total tx, 5 tx confirmed from 5 wallets (2.263482ms, 464.149µs)"
time="2026-06-02T03:26:46Z" level=info msg="block 9034: submitted=0, pending=5, confirmed=5, throughput: 5B=4.60 tx/B, 20B=4.60 tx/B, 60B=4.62 tx/B" scenario=factorydeploytx wallets=5
time="2026-06-02T03:26:46Z" level=debug msg="deployment tx 330 confirmed in block #9034. deployed at: 0xFD9EDa66c86E47757385928D58523c3F60e72344, total fee: 133752 gwei (base: 2)" rpc="localhost:8545" scenario=factorydeploytx
time="2026-06-02T03:26:46Z" level=debug msg="deployment tx 331 confirmed in block #9034. deployed at: 0xc6aD178AcF8C92B1018De032fc806693F5c108e1, total fee: 133752 gwei (base: 2)" rpc="localhost:8545" scenario=factorydeploytx
time="2026-06-02T03:26:46Z" level=debug msg="deployment tx 332 confirmed in block #9034. deployed at: 0x52420db94871a9cd65203CaA78B3C752E7FAb045, total fee: 133752 gwei (base: 2)" rpc="localhost:8545" scenario=factorydeploytx
time="2026-06-02T03:26:46Z" level=debug msg="deployment tx 333 confirmed in block #9034. deployed at: 0xfce449f29Be5Cf320736607cd39E5d1a2d95D51A, total fee: 133752 gwei (base: 2)" rpc="localhost:8545" scenario=factorydeploytx
time="2026-06-02T03:26:46Z" level=debug msg="deployment tx 334 confirmed in block #9034. deployed at: 0x06e821FB2D3f79C065952B8389B4C34C5AAb1aa9, total fee: 133752 gwei (base: 2)" rpc="localhost:8545" scenario=factorydeploytx
time="2026-06-02T03:26:46Z" level=debug msg="sent deployment tx #   340: 0x652d481b3750799944abe84fca2829567c9e2cd7f6440dd65c371867e3ec4f85" nonce=10 rpc="localhost:8545" scenario=factorydeploytx wallet=40
time="2026-06-02T03:26:47Z" level=debug msg="sent deployment tx #   341: 0x0ea83156e6391135fc0c57aef83c7208f6da44fc479084b528281a9c27cd6c9f" nonce=10 rpc="localhost:8545" scenario=factorydeploytx wallet=41
time="2026-06-02T03:26:47Z" level=debug msg="sent deployment tx #   342: 0xae546cf4dc91cec82794b99c7427cd8942cd178bb7b60d290fde0baf1b7afb0c" nonce=10 rpc="localhost:8545" scenario=factorydeploytx wallet=42
time="2026-06-02T03:26:47Z" level=debug msg="sent deployment tx #   343: 0x0b179b218478d47518ddba90af8db045915d42b26015471894b018a1ce5e0797" nonce=10 rpc="localhost:8545" scenario=factorydeploytx wallet=43
time="2026-06-02T03:26:47Z" level=debug msg="sent deployment tx #   344: 0x76b619669ba0004084382a63eb8c7a139db9fda1faa84426f748900b19147b24" nonce=10 rpc="localhost:8545" scenario=factorydeploytx wallet=44
time="2026-06-02T03:26:48Z" level=debug msg="sent deployment tx #   345: 0x7b1dae66a7b1db1b584d0a08e028a7976c1168985521146af3f1b7188897099d" nonce=10 rpc="localhost:8545" scenario=factorydeploytx wallet=45
time="2026-06-02T03:26:48Z" level=debug msg="sent deployment tx #   346: 0x4cf052a5d7440cde5b055e25649681da254f1dc21cf77c413f3601792b7aed18" nonce=10 rpc="localhost:8545" scenario=factorydeploytx wallet=46
time="2026-06-02T03:26:48Z" level=debug msg="sent deployment tx #   347: 0x8cd43bd687a7bfc2e182c4d4be4006c22263d713c43fef985e51415653be7f48" nonce=10 rpc="localhost:8545" scenario=factorydeploytx wallet=47
time="2026-06-02T03:26:48Z" level=debug msg="sent deployment tx #   348: 0x4a4c72f7514a7a606dd830ed6926ad353735c39d205846671a462d2056b0b47d" nonce=10 rpc="localhost:8545" scenario=factorydeploytx wallet=48
time="2026-06-02T03:26:49Z" level=debug msg="sent deployment tx #   349: 0xa610d86ee30b333cbffdef1f4deaa82e5bce0420fa61f9f3c95c12074d16ce6a" nonce=10 rpc="localhost:8545" scenario=factorydeploytx wallet=49
time="2026-06-02T03:26:49Z" level=debug msg="sent deployment tx #   350: 0xcd08ed9a927b3c27a355cd9fa18943f38c199bd5bd2c2c0a360454ac335d23cd" nonce=10 rpc="localhost:8545" scenario=factorydeploytx wallet=50
time="2026-06-02T03:26:49Z" level=debug msg="sent deployment tx #   351: 0x4203ada19f81517a2e6d89a0bae2384d591b74f7a187f3bebf1b0496e38822b8" nonce=10 rpc="localhost:8545" scenario=factorydeploytx wallet=51
time="2026-06-02T03:26:49Z" level=debug msg="sent deployment tx #   352: 0x8bd8563fceb6727587d4db895dd7d75e48c59e2158758a453f36453a6c9c8c78" nonce=10 rpc="localhost:8545" scenario=factorydeploytx wallet=52
time="2026-06-02T03:26:49Z" level=debug msg="deployment tx 335 confirmed in block #9035. deployed at: 0xD5A4F64Ad7d89028a7d4d3516298D2a9F81cd302, total fee: 133742 gwei (base: 2)" rpc="localhost:8545" scenario=factorydeploytx
time="2026-06-02T03:26:49Z" level=debug msg="deployment tx 336 confirmed in block #9035. deployed at: 0x7026BD493173C800eb04FF775ca0fE7f658d9f3f, total fee: 133742 gwei (base: 2)" rpc="localhost:8545" scenario=factorydeploytx
time="2026-06-02T03:26:49Z" level=debug msg="deployment tx 337 confirmed in block #9035. deployed at: 0x2b239e967fBB1eFA7dC0671097E3921126b5Cbb1, total fee: 133742 gwei (base: 2)" rpc="localhost:8545" scenario=factorydeploytx
time="2026-06-02T03:26:49Z" level=debug msg="deployment tx 338 confirmed in block #9035. deployed at: 0xEAbE388bcB67a5C1BFa4fdc13e2B1F0b3C5F0769, total fee: 133742 gwei (base: 2)" rpc="localhost:8545" scenario=factorydeploytx
time="2026-06-02T03:26:49Z" level=info msg="processed block 9035:  5 total tx, 5 tx confirmed from 5 wallets (1.349658ms, 327.877µs)"
time="2026-06-02T03:26:49Z" level=info msg="block 9035: submitted=13, pending=13, confirmed=5, throughput: 5B=4.60 tx/B, 20B=4.65 tx/B, 60B=4.62 tx/B" scenario=factorydeploytx wallets=5
time="2026-06-02T03:26:49Z" level=debug msg="deployment tx 339 confirmed in block #9035. deployed at: 0xCae115E8081437a847e02e81497b6825EB68b0d8, total fee: 133742 gwei (base: 2)" rpc="localhost:8545" scenario=factorydeploytx
time="2026-06-02T03:26:49Z" level=debug msg="deployment tx 340 confirmed in block #9036. deployed at: 0x12e31369F99Abbfdc711D6e5A32fEAa2e09a7F7b, total fee: 133733 gwei (base: 2)" rpc="localhost:8545" scenario=factorydeploytx
time="2026-06-02T03:26:49Z" level=debug msg="deployment tx 341 confirmed in block #9036. deployed at: 0x567f1f4ab822469150A6a183c6C5aF72caA454dE, total fee: 133733 gwei (base: 2)" rpc="localhost:8545" scenario=factorydeploytx
time="2026-06-02T03:26:49Z" level=debug msg="deployment tx 342 confirmed in block #9036. deployed at: 0x921Bc8716f9B5bdab6DcdDD47a27F90b034BD815, total fee: 133733 gwei (base: 2)" rpc="localhost:8545" scenario=factorydeploytx
time="2026-06-02T03:26:49Z" level=info msg="processed block 9036:  4 total tx, 4 tx confirmed from 4 wallets (961.747µs, 391.853µs)"
time="2026-06-02T03:26:49Z" level=info msg="block 9036: submitted=0, pending=9, confirmed=4, throughput: 5B=4.60 tx/B, 20B=4.60 tx/B, 60B=4.62 tx/B" scenario=factorydeploytx wallets=4
time="2026-06-02T03:26:49Z" level=debug msg="deployment tx 343 confirmed in block #9036. deployed at: 0x686e4c4cF9D938Ef09308B84f3eFE703A4F0f37e, total fee: 133733 gwei (base: 2)" rpc="localhost:8545" scenario=factorydeploytx
time="2026-06-02T03:26:49Z" level=debug msg="deployment tx 344 confirmed in block #9037. deployed at: 0x31622AdF2A63561e8dC1a724a432c97f05c4222e, total fee: 133725 gwei (base: 2)" rpc="localhost:8545" scenario=factorydeploytx
time="2026-06-02T03:26:49Z" level=debug msg="deployment tx 345 confirmed in block #9037. deployed at: 0x439F688291bADBeD98e98B7e5f6F9F76B9D483Ab, total fee: 133725 gwei (base: 2)" rpc="localhost:8545" scenario=factorydeploytx
time="2026-06-02T03:26:49Z" level=debug msg="deployment tx 346 confirmed in block #9037. deployed at: 0x76077F014d8D5406908FedaAac14Bf776C46Acb2, total fee: 133725 gwei (base: 2)" rpc="localhost:8545" scenario=factorydeploytx
time="2026-06-02T03:26:49Z" level=debug msg="deployment tx 347 confirmed in block #9037. deployed at: 0xD9BE80BC331bF2ab6008e8367BE7eF672a0dD7E4, total fee: 133725 gwei (base: 2)" rpc="localhost:8545" scenario=factorydeploytx
time="2026-06-02T03:26:49Z" level=info msg="processed block 9037:  5 total tx, 5 tx confirmed from 5 wallets (982.856µs, 330.705µs)"
time="2026-06-02T03:26:49Z" level=info msg="block 9037: submitted=0, pending=4, confirmed=5, throughput: 5B=4.60 tx/B, 20B=4.60 tx/B, 60B=4.62 tx/B" scenario=factorydeploytx wallets=5
time="2026-06-02T03:26:49Z" level=debug msg="deployment tx 348 confirmed in block #9037. deployed at: 0xF224c35bFaa28b98ab7b15074F7c928B11b9006A, total fee: 133725 gwei (base: 2)" rpc="localhost:8545" scenario=factorydeploytx
time="2026-06-02T03:26:50Z" level=debug msg="sent deployment tx #   353: 0x9a890cf72106c9d64fdac1896897965eb6124a0d7a195dedbb0376cbf98204e0" nonce=10 rpc="localhost:8545" scenario=factorydeploytx wallet=53
time="2026-06-02T03:26:50Z" level=debug msg="sent deployment tx #   354: 0x877c5efd700f4805b7ca6309b85644c27ce18c4a7b3f6d393a0306a418d2b9fc" nonce=10 rpc="localhost:8545" scenario=factorydeploytx wallet=54
time="2026-06-02T03:26:50Z" level=debug msg="sent deployment tx #   355: 0xcf682bb20c44b7008746b6a2d2130bcdf4e7238927b59359833aa8b026508999" nonce=10 rpc="localhost:8545" scenario=factorydeploytx wallet=55
time="2026-06-02T03:26:50Z" level=debug msg="sent deployment tx #   356: 0x136be07173b0b17c80e0f704ccebbdcdc31e2371da2fddc7ec2cd393fe4aeb1c" nonce=10 rpc="localhost:8545" scenario=factorydeploytx wallet=56
time="2026-06-02T03:26:51Z" level=debug msg="sent deployment tx #   357: 0xb088a80a6e9963b417cdeb2fd8396510114b9a34ba0417bf7dc9cc40706c20c9" nonce=10 rpc="localhost:8545" scenario=factorydeploytx wallet=57
time="2026-06-02T03:26:51Z" level=debug msg="sent deployment tx #   358: 0xddc7ec91bafbdc36172abce88876c7d3113e405cae810e27a6cd0d168a93c727" nonce=10 rpc="localhost:8545" scenario=factorydeploytx wallet=58
time="2026-06-02T03:26:51Z" level=debug msg="sent deployment tx #   359: 0xc7412fd53b132fb7a517ba5ff226c65f5a7de93f1ab37ecb58874d2c9c117ddd" nonce=10 rpc="localhost:8545" scenario=factorydeploytx wallet=59
time="2026-06-02T03:26:51Z" level=debug msg="sent deployment tx #   360: 0xf4187eb68f4e31dd95674366aebe828fd3270e58d73b2d5b8b5fb3a889194506" nonce=10 rpc="localhost:8545" scenario=factorydeploytx wallet=60
time="2026-06-02T03:26:52Z" level=debug msg="sent deployment tx #   361: 0xeb73878b51e1d09523ae9548e03acd9d32286ea941afac9b615f1cffb4e392f4" nonce=10 rpc="localhost:8545" scenario=factorydeploytx wallet=61
time="2026-06-02T03:26:52Z" level=debug msg="sent deployment tx #   362: 0xcc4ac86b5bf0575388e2c2a0710175b63ee7f565e37e006306a6a3d9c9f153ba" nonce=10 rpc="localhost:8545" scenario=factorydeploytx wallet=62
time="2026-06-02T03:26:52Z" level=debug msg="sent deployment tx #   363: 0x9298a2211ba17b0760cea55796d8a2f2eb373e969b118d563cc7ec5d235beb6d" nonce=10 rpc="localhost:8545" scenario=factorydeploytx wallet=63
time="2026-06-02T03:26:52Z" level=debug msg="sent deployment tx #   364: 0x1c16695bf40fb8b42c3bcdfe8aef0b0b69d27c0b34d22dc40fde19f75db71b13" nonce=10 rpc="localhost:8545" scenario=factorydeploytx wallet=64
time="2026-06-02T03:26:52Z" level=debug msg="deployment tx 349 confirmed in block #9038. deployed at: 0x45bFaD81386f61A987d230894B46f3B0a026725A, total fee: 133718 gwei (base: 2)" rpc="localhost:8545" scenario=factorydeploytx
time="2026-06-02T03:26:52Z" level=debug msg="deployment tx 350 confirmed in block #9038. deployed at: 0x093718865b6d8cFb56525dF406bB90e939932131, total fee: 133718 gwei (base: 2)" rpc="localhost:8545" scenario=factorydeploytx
time="2026-06-02T03:26:52Z" level=debug msg="deployment tx 351 confirmed in block #9038. deployed at: 0xa27DD9e766272e77b1C33c55C63A55f5698550E1, total fee: 133718 gwei (base: 2)" rpc="localhost:8545" scenario=factorydeploytx
time="2026-06-02T03:26:52Z" level=info msg="processed block 9038:  5 total tx, 5 tx confirmed from 5 wallets (1.137991ms, 455.548µs)"
time="2026-06-02T03:26:52Z" level=debug msg="deployment tx 352 confirmed in block #9038. deployed at: 0x0e5091eeBCbc3E358B2FcfDe8b2Bb6aBB6e1773f, total fee: 133718 gwei (base: 2)" rpc="localhost:8545" scenario=factorydeploytx
time="2026-06-02T03:26:52Z" level=info msg="block 9038: submitted=12, pending=11, confirmed=5, throughput: 5B=4.80 tx/B, 20B=4.65 tx/B, 60B=4.62 tx/B" scenario=factorydeploytx wallets=5
time="2026-06-02T03:26:52Z" level=debug msg="deployment tx 353 confirmed in block #9038. deployed at: 0xCF76414e28ad0E0c9aED87Cf7adc56FAF6A91EBd, total fee: 133718 gwei (base: 2)" rpc="localhost:8545" scenario=factorydeploytx
time="2026-06-02T03:26:52Z" level=debug msg="deployment tx 354 confirmed in block #9039. deployed at: 0xbA78b354F14bC04728253916F59Ef2A2FAcb8CB2, total fee: 133712 gwei (base: 2)" rpc="localhost:8545" scenario=factorydeploytx
time="2026-06-02T03:26:52Z" level=debug msg="deployment tx 355 confirmed in block #9039. deployed at: 0xF2bf59CbECB88CCa28eF56768839eE1ec43046bB, total fee: 133712 gwei (base: 2)" rpc="localhost:8545" scenario=factorydeploytx
time="2026-06-02T03:26:52Z" level=debug msg="deployment tx 356 confirmed in block #9039. deployed at: 0x3eA6A78409B51cBa1d5156e8B57C1CcA4474fC65, total fee: 133712 gwei (base: 2)" rpc="localhost:8545" scenario=factorydeploytx
time="2026-06-02T03:26:52Z" level=info msg="processed block 9039:  4 total tx, 4 tx confirmed from 4 wallets (903.805µs, 254.216µs)"
time="2026-06-02T03:26:52Z" level=info msg="block 9039: submitted=0, pending=7, confirmed=4, throughput: 5B=4.60 tx/B, 20B=4.60 tx/B, 60B=4.62 tx/B" scenario=factorydeploytx wallets=4
time="2026-06-02T03:26:52Z" level=debug msg="deployment tx 357 confirmed in block #9039. deployed at: 0xf17b8De731066549A6e30269b1e3D09F1a0F39bd, total fee: 133712 gwei (base: 2)" rpc="localhost:8545" scenario=factorydeploytx
time="2026-06-02T03:26:52Z" level=debug msg="deployment tx 358 confirmed in block #9040. deployed at: 0x716bf8Bb7fD5d0066a17FDc733bc6148F6460e5b, total fee: 133707 gwei (base: 2)" rpc="localhost:8545" scenario=factorydeploytx
time="2026-06-02T03:26:52Z" level=info msg="processed block 9040:  5 total tx, 5 tx confirmed from 5 wallets (1.070459ms, 324.778µs)"
time="2026-06-02T03:26:52Z" level=info msg="block 9040: submitted=0, pending=2, confirmed=5, throughput: 5B=4.60 tx/B, 20B=4.65 tx/B, 60B=4.62 tx/B" scenario=factorydeploytx wallets=5
time="2026-06-02T03:26:52Z" level=debug msg="deployment tx 359 confirmed in block #9040. deployed at: 0x555Dd81b81feA13731F8E36D1b6fFaD7e5614961, total fee: 133707 gwei (base: 2)" rpc="localhost:8545" scenario=factorydeploytx
time="2026-06-02T03:26:52Z" level=debug msg="deployment tx 360 confirmed in block #9040. deployed at: 0x824F92d17287553EF358C2673B61265d320F9a58, total fee: 133707 gwei (base: 2)" rpc="localhost:8545" scenario=factorydeploytx
time="2026-06-02T03:26:52Z" level=debug msg="deployment tx 361 confirmed in block #9040. deployed at: 0x7E50B92D7a58DfD8aE3c7D2024deD4BaB61bF3c9, total fee: 133707 gwei (base: 2)" rpc="localhost:8545" scenario=factorydeploytx
time="2026-06-02T03:26:52Z" level=debug msg="deployment tx 362 confirmed in block #9040. deployed at: 0x2B10D87B4c5b77E9DF0ACf2A7FEb2e525b069967, total fee: 133707 gwei (base: 2)" rpc="localhost:8545" scenario=factorydeploytx
time="2026-06-02T03:26:52Z" level=debug msg="sent deployment tx #   365: 0x3beccb0e55d5a642f046247570debdf86364fd6b7fe12d30beaa0f3479c17730" nonce=10 rpc="localhost:8545" scenario=factorydeploytx wallet=65
time="2026-06-02T03:26:53Z" level=debug msg="sent deployment tx #   366: 0x901076f01698413737e4e369687521097375a447f021c89f039a90f0082f6a81" nonce=10 rpc="localhost:8545" scenario=factorydeploytx wallet=66
time="2026-06-02T03:26:53Z" level=debug msg="sent deployment tx #   367: 0x9756be4d922331e7c91dfbdf40da5104ae12517637c463c32780058b56c2b12a" nonce=10 rpc="localhost:8545" scenario=factorydeploytx wallet=67
time="2026-06-02T03:26:53Z" level=debug msg="sent deployment tx #   368: 0x317194d6587fa6de48228401159208a1eebccd95dbc15e7426dc280c620e488d" nonce=10 rpc="localhost:8545" scenario=factorydeploytx wallet=68
time="2026-06-02T03:26:53Z" level=debug msg="sent deployment tx #   369: 0xb909724eb777819152db9c5bbab156680bfbc2f670ad5b2f93bca178541e36b0" nonce=10 rpc="localhost:8545" scenario=factorydeploytx wallet=69
time="2026-06-02T03:26:54Z" level=debug msg="sent deployment tx #   370: 0xe9ca2e566335a86d107100c9730ebe4ac401a0075cbc7034be63b6be9fbe0827" nonce=10 rpc="localhost:8545" scenario=factorydeploytx wallet=70
time="2026-06-02T03:26:54Z" level=debug msg="sent deployment tx #   371: 0x8ebcdea3e79c481f4a85d99de1c869c73c308ebcce5ceb0a67a4dd0701b0c4e3" nonce=10 rpc="localhost:8545" scenario=factorydeploytx wallet=71
time="2026-06-02T03:26:54Z" level=debug msg="sent deployment tx #   372: 0x0fe581e2ff4e6a629aba10ae30f18fd63c279386655f41e7c538d61c6539099a" nonce=10 rpc="localhost:8545" scenario=factorydeploytx wallet=72
time="2026-06-02T03:26:54Z" level=debug msg="sent deployment tx #   373: 0x8c14912a3422bf11b88e742741e5504fef2db8abc297c906908d11afba52f753" nonce=10 rpc="localhost:8545" scenario=factorydeploytx wallet=73
time="2026-06-02T03:26:55Z" level=debug msg="sent deployment tx #   374: 0xd8af3dfead59b676dd3b83d6ac51589094010fabd1cf843f97fd95740c4ece2b" nonce=10 rpc="localhost:8545" scenario=factorydeploytx wallet=74
time="2026-06-02T03:26:55Z" level=debug msg="sent deployment tx #   375: 0x04a8efc0a0cf010590f8472f2f005dea9e3cf116f7fccbd09bdd570700820849" nonce=10 rpc="localhost:8545" scenario=factorydeploytx wallet=75
time="2026-06-02T03:26:55Z" level=debug msg="sent deployment tx #   376: 0x200bc5cdbe40fa3e031dfce811bca0e64f5729f7104fc1ce1c1dd94d50aeeeb4" nonce=10 rpc="localhost:8545" scenario=factorydeploytx wallet=76
time="2026-06-02T03:26:55Z" level=info msg="checked child wallets (no funding needed)" module=walletpool
time="2026-06-02T03:26:55Z" level=debug msg="sent deployment tx #   377: 0x989b6cff4a5c0a15adfc20800b2376139116462ea384dfb6ce5d6534791e6ca3" nonce=10 rpc="localhost:8545" scenario=factorydeploytx wallet=77
time="2026-06-02T03:26:55Z" level=debug msg="deployment tx 363 confirmed in block #9041. deployed at: 0x154bE2503430b6BE811b5ebE3C8aA51E1ccabA47, total fee: 133702 gwei (base: 2)" rpc="localhost:8545" scenario=factorydeploytx
time="2026-06-02T03:26:55Z" level=debug msg="deployment tx 364 confirmed in block #9041. deployed at: 0x9D836A833c67C71028fcF0553F86Cd1F2cC08866, total fee: 133702 gwei (base: 2)" rpc="localhost:8545" scenario=factorydeploytx
time="2026-06-02T03:26:55Z" level=debug msg="deployment tx 365 confirmed in block #9041. deployed at: 0xa3dAf21c7bff722DD46289d1b4B48F1B2842900E, total fee: 133702 gwei (base: 2)" rpc="localhost:8545" scenario=factorydeploytx
time="2026-06-02T03:26:55Z" level=debug msg="deployment tx 366 confirmed in block #9041. deployed at: 0x982B5224B4A5C5309e35c1eC60718054AA2ea0F2, total fee: 133702 gwei (base: 2)" rpc="localhost:8545" scenario=factorydeploytx
time="2026-06-02T03:26:55Z" level=info msg="processed block 9041:  4 total tx, 4 tx confirmed from 4 wallets (1.037771ms, 322.692µs)"
time="2026-06-02T03:26:55Z" level=info msg="block 9041: submitted=13, pending=6, confirmed=4, throughput: 5B=4.60 tx/B, 20B=4.60 tx/B, 60B=4.60 tx/B" scenario=factorydeploytx wallets=4
time="2026-06-02T03:26:55Z" level=debug msg="deployment tx 367 confirmed in block #9042. deployed at: 0xE8eE96afFeba52E11440D0150E226f06694920dF, total fee: 133698 gwei (base: 2)" rpc="localhost:8545" scenario=factorydeploytx
time="2026-06-02T03:26:55Z" level=debug msg="deployment tx 368 confirmed in block #9042. deployed at: 0x16964b041b5920463192bd29917d73faaf572ec6, total fee: 133698 gwei (base: 2)" rpc="localhost:8545" scenario=factorydeploytx
time="2026-06-02T03:26:55Z" level=debug msg="deployment tx 370 confirmed in block #9042. deployed at: 0xE3616b0AebF3483B2140940A080d94265777fD5E, total fee: 133698 gwei (base: 2)" rpc="localhost:8545" scenario=factorydeploytx
time="2026-06-02T03:26:55Z" level=debug msg="deployment tx 369 confirmed in block #9042. deployed at: 0xBD793e007A99231ddeC7F12F68AbA12Fee3C0e3e, total fee: 133698 gwei (base: 2)" rpc="localhost:8545" scenario=factorydeploytx
time="2026-06-02T03:26:55Z" level=info msg="processed block 9042:  5 total tx, 5 tx confirmed from 5 wallets (962.487µs, 320.133µs)"
time="2026-06-02T03:26:55Z" level=info msg="block 9042: submitted=0, pending=6, confirmed=5, throughput: 5B=4.60 tx/B, 20B=4.60 tx/B, 60B=4.62 tx/B" scenario=factorydeploytx wallets=5
time="2026-06-02T03:26:55Z" level=debug msg="deployment tx 371 confirmed in block #9042. deployed at: 0x877528B3d4256064abB759bD1DB5c47f3eB52426, total fee: 133698 gwei (base: 2)" rpc="localhost:8545" scenario=factorydeploytx
time="2026-06-02T03:26:55Z" level=debug msg="deployment tx 372 confirmed in block #9043. deployed at: 0xd28f4b403359e9453a903B6f83A86991EEB227d7, total fee: 133695 gwei (base: 2)" rpc="localhost:8545" scenario=factorydeploytx
time="2026-06-02T03:26:55Z" level=debug msg="deployment tx 373 confirmed in block #9043. deployed at: 0xa3f6ED513F2972930571a84E6C91eFC5d854dEDD, total fee: 133695 gwei (base: 2)" rpc="localhost:8545" scenario=factorydeploytx
time="2026-06-02T03:26:55Z" level=debug msg="deployment tx 375 confirmed in block #9043. deployed at: 0x58832EBEC33f3D18631B211aCcDA98fAAA758498, total fee: 133695 gwei (base: 2)" rpc="localhost:8545" scenario=factorydeploytx
time="2026-06-02T03:26:55Z" level=debug msg="deployment tx 374 confirmed in block #9043. deployed at: 0xDbBa83376ef7c50E2CBc55287C82E6bE69ECE30C, total fee: 133695 gwei (base: 2)" rpc="localhost:8545" scenario=factorydeploytx
time="2026-06-02T03:26:55Z" level=debug msg="deployment tx 376 confirmed in block #9043. deployed at: 0xB19dFE491ab8866089D983B2E9D270FA63d32fE3, total fee: 133695 gwei (base: 2)" rpc="localhost:8545" scenario=factorydeploytx
time="2026-06-02T03:26:55Z" level=info msg="processed block 9043:  5 total tx, 5 tx confirmed from 5 wallets (1.0585ms, 307.184µs)"
time="2026-06-02T03:26:55Z" level=info msg="block 9043: submitted=0, pending=1, confirmed=5, throughput: 5B=4.60 tx/B, 20B=4.65 tx/B, 60B=4.62 tx/B" scenario=factorydeploytx wallets=5
time="2026-06-02T03:26:56Z" level=debug msg="sent deployment tx #   378: 0x1367d9fb49e9af290b36aba48ad64631f808fd877621515d3e359688dbbb6c95" nonce=10 rpc="localhost:8545" scenario=factorydeploytx wallet=78
time="2026-06-02T03:26:56Z" level=debug msg="sent deployment tx #   379: 0x33a42419b3e14c6c19277aac56f441d9fa309cfb1135cc159009637d7ab19230" nonce=10 rpc="localhost:8545" scenario=factorydeploytx wallet=79
time="2026-06-02T03:26:56Z" level=debug msg="sent deployment tx #   380: 0x5c5c0e1414146e3dc3fc80a003865d026d71a4df629a240e0323bb62144a7946" nonce=10 rpc="localhost:8545" scenario=factorydeploytx wallet=80
time="2026-06-02T03:26:56Z" level=debug msg="sent deployment tx #   381: 0x931f5a909ae079cd79e9a4f6fc282bdbfc766d1986ebc690069460de4054bd5f" nonce=10 rpc="localhost:8545" scenario=factorydeploytx wallet=81
time="2026-06-02T03:26:57Z" level=debug msg="sent deployment tx #   382: 0x6a2d0578e73e1aca1304ad003d87e6c9590a4cfefec7eaddefbcbb6a692ae270" nonce=10 rpc="localhost:8545" scenario=factorydeploytx wallet=82
time="2026-06-02T03:26:57Z" level=debug msg="sent deployment tx #   383: 0x4e9e9acdba4bded4cd871fd7162ee0d0e3e84ce2ebb6d931c8f2736d10e82c43" nonce=10 rpc="localhost:8545" scenario=factorydeploytx wallet=83
time="2026-06-02T03:26:57Z" level=debug msg="sent deployment tx #   384: 0xc50153696a539ae0a5dcea18527299d078f2a056c06d7abd8955fa5dda7e66d4" nonce=10 rpc="localhost:8545" scenario=factorydeploytx wallet=84
time="2026-06-02T03:26:57Z" level=debug msg="sent deployment tx #   385: 0xad77131a5e6018f435862e8c1eec3c7f26f4d09fab1672e33c12a53f61b87863" nonce=10 rpc="localhost:8545" scenario=factorydeploytx wallet=85
time="2026-06-02T03:26:58Z" level=debug msg="sent deployment tx #   386: 0x2f2b48d9110aff31b7d33e487931121c9b787d78fa13a886ae22ebd07dae6f5d" nonce=10 rpc="localhost:8545" scenario=factorydeploytx wallet=86
time="2026-06-02T03:26:58Z" level=debug msg="sent deployment tx #   387: 0xe7e3606e507f1cfee70775cc17cbdcc1badc00d238033f4331bf4a298cfdcb6a" nonce=10 rpc="localhost:8545" scenario=factorydeploytx wallet=87
time="2026-06-02T03:26:58Z" level=debug msg="sent deployment tx #   388: 0xf588aaad7c4f93de4bd0ccd2b74361dc4c3408c3af2f368de5a1063de930767d" nonce=10 rpc="localhost:8545" scenario=factorydeploytx wallet=88
time="2026-06-02T03:26:58Z" level=debug msg="sent deployment tx #   389: 0x0fe4f5e128cd6e54241b39aa53698f7ad5652eb7cc00df643132851e0aa5dea4" nonce=10 rpc="localhost:8545" scenario=factorydeploytx wallet=89
time="2026-06-02T03:26:58Z" level=debug msg="deployment tx 377 confirmed in block #9044. deployed at: 0x343CEbdc9b8C33287faD2d803AC02e96823E488D, total fee: 133692 gwei (base: 2)" rpc="localhost:8545" scenario=factorydeploytx
time="2026-06-02T03:26:58Z" level=debug msg="deployment tx 378 confirmed in block #9044. deployed at: 0x29F9E2557113fA008deE244386Fc177da13aE99F, total fee: 133692 gwei (base: 2)" rpc="localhost:8545" scenario=factorydeploytx
time="2026-06-02T03:26:58Z" level=debug msg="deployment tx 379 confirmed in block #9044. deployed at: 0x34423D38b31B0c69013c6c441fa28d7e2935E710, total fee: 133692 gwei (base: 2)" rpc="localhost:8545" scenario=factorydeploytx
time="2026-06-02T03:26:58Z" level=debug msg="deployment tx 380 confirmed in block #9044. deployed at: 0x6B1d985e0415525CBBEF08d4cDE8E385465653f5, total fee: 133692 gwei (base: 2)" rpc="localhost:8545" scenario=factorydeploytx
time="2026-06-02T03:26:58Z" level=info msg="processed block 9044:  5 total tx, 5 tx confirmed from 5 wallets (2.305313ms, 461.768µs)"
time="2026-06-02T03:26:58Z" level=debug msg="deployment tx 381 confirmed in block #9044. deployed at: 0xa0EA91fF3086A2244707D89eFb256F3AE61d4cA9, total fee: 133692 gwei (base: 2)" rpc="localhost:8545" scenario=factorydeploytx
time="2026-06-02T03:26:58Z" level=info msg="block 9044: submitted=12, pending=8, confirmed=5, throughput: 5B=4.80 tx/B, 20B=4.65 tx/B, 60B=4.63 tx/B" scenario=factorydeploytx wallets=5
time="2026-06-02T03:26:58Z" level=info msg="processed block 9045:  4 total tx, 4 tx confirmed from 4 wallets (971.302µs, 250.825µs)"
time="2026-06-02T03:26:58Z" level=info msg="block 9045: submitted=0, pending=4, confirmed=4, throughput: 5B=4.60 tx/B, 20B=4.60 tx/B, 60B=4.62 tx/B" scenario=factorydeploytx wallets=4
time="2026-06-02T03:26:58Z" level=debug msg="deployment tx 382 confirmed in block #9045. deployed at: 0x23C58D5f2b14d34266960B303741Bbb5EAe2BdAd, total fee: 133689 gwei (base: 2)" rpc="localhost:8545" scenario=factorydeploytx
time="2026-06-02T03:26:58Z" level=debug msg="deployment tx 383 confirmed in block #9045. deployed at: 0x8eEBe006ECaFc96AA94BC9854fc278F842B1b6D7, total fee: 133689 gwei (base: 2)" rpc="localhost:8545" scenario=factorydeploytx
time="2026-06-02T03:26:58Z" level=debug msg="deployment tx 384 confirmed in block #9045. deployed at: 0x3503BCD93c1C4aeC10554cF1BB2E25A33Ba0aF52, total fee: 133689 gwei (base: 2)" rpc="localhost:8545" scenario=factorydeploytx
time="2026-06-02T03:26:58Z" level=debug msg="deployment tx 385 confirmed in block #9045. deployed at: 0xbBa96C7BC00777D2Da42C5Ae68FB020ec68D381A, total fee: 133689 gwei (base: 2)" rpc="localhost:8545" scenario=factorydeploytx
time="2026-06-02T03:26:58Z" level=debug msg="sent deployment tx #   390: 0xf91af2f8054bced08610cb08838ddb9616ee986ebaa55b9a945dad4f8df956d1" nonce=10 rpc="localhost:8545" scenario=factorydeploytx wallet=90
time="2026-06-02T03:26:59Z" level=debug msg="sent deployment tx #   391: 0xf9c11e18f164b91bbc6a183146b8cad5b57f5ae3d164b13c93a3059f7d74ee9c" nonce=10 rpc="localhost:8545" scenario=factorydeploytx wallet=91
time="2026-06-02T03:26:59Z" level=debug msg="sent deployment tx #   392: 0xa29c57e813d8269e9f67e2d27611b829f723d49534a8494706ac8689891f198f" nonce=10 rpc="localhost:8545" scenario=factorydeploytx wallet=92
time="2026-06-02T03:26:59Z" level=debug msg="sent deployment tx #   393: 0xef297fd6c22ff40f1d2dd28283ac729b0868be7a4801051a9945236e1f4b22be" nonce=10 rpc="localhost:8545" scenario=factorydeploytx wallet=93
time="2026-06-02T03:26:59Z" level=debug msg="sent deployment tx #   394: 0x6b4a9fa956bcf479ae616eeaf7810f567297e5f79d51fef1fdc716e005ae1e76" nonce=10 rpc="localhost:8545" scenario=factorydeploytx wallet=94
time="2026-06-02T03:27:00Z" level=debug msg="sent deployment tx #   395: 0x48dc5d6c7f0b26b62d6a43159c79fa63b6890cdcbf2a61745049d3abe7d5216b" nonce=10 rpc="localhost:8545" scenario=factorydeploytx wallet=95
time="2026-06-02T03:27:00Z" level=debug msg="sent deployment tx #   396: 0x327c8d2bea665098c31aa4a3c73180e3806b95f68aaf857befc0800a25dd6a28" nonce=10 rpc="localhost:8545" scenario=factorydeploytx wallet=96
time="2026-06-02T03:27:00Z" level=debug msg="sent deployment tx #   397: 0x48b8c1c935c5af0b78fc5f296336eb11b02b2eaae48eb2532fdac353baadda6f" nonce=10 rpc="localhost:8545" scenario=factorydeploytx wallet=97
time="2026-06-02T03:27:00Z" level=debug msg="sent deployment tx #   398: 0x266da25c2481300e508a841e448b54fbba2534bcf8073cd584367b7703e7e2a7" nonce=10 rpc="localhost:8545" scenario=factorydeploytx wallet=98
time="2026-06-02T03:27:01Z" level=debug msg="sent deployment tx #   399: 0x8b499812e85a2a7ae875d2311c918e04a619955641bca2a5a2f8ea9ce3fadde2" nonce=10 rpc="localhost:8545" scenario=factorydeploytx wallet=99
time="2026-06-02T03:27:01Z" level=debug msg="sent deployment tx #   400: 0x1c6f4d8f3705a7e6570768babb25adbfad30baf1304940e4de16ef563c3f7ace" nonce=10 rpc="localhost:8545" scenario=factorydeploytx wallet=100
time="2026-06-02T03:27:01Z" level=debug msg="sent deployment tx #   401: 0xb0b48007329c6a2283ec53a137dda94fabf05b07de18f322a725bbb3ed09c9d2" nonce=103 rpc="localhost:8545" scenario=factorydeploytx wallet=1
time="2026-06-02T03:27:01Z" level=debug msg="sent deployment tx #   402: 0xec23031d4dba1bc0498e3071bcaa916651dd9c54f8d333870e26c8fa8025d820" nonce=103 rpc="localhost:8545" scenario=factorydeploytx wallet=2
time="2026-06-02T03:27:01Z" level=debug msg="deployment tx 386 confirmed in block #9046. deployed at: 0xfFf2f9b045Efb17fFC6D07E572BAd3e0a32ceEdF, total fee: 133686 gwei (base: 2)" rpc="localhost:8545" scenario=factorydeploytx
time="2026-06-02T03:27:01Z" level=debug msg="deployment tx 387 confirmed in block #9046. deployed at: 0xfaD683Aa61f24D0f95142c2B41A5EE130744f568, total fee: 133686 gwei (base: 2)" rpc="localhost:8545" scenario=factorydeploytx
time="2026-06-02T03:27:01Z" level=debug msg="deployment tx 388 confirmed in block #9046. deployed at: 0xa88c3d819770E0F55d60B5F869A68271F8807309, total fee: 133686 gwei (base: 2)" rpc="localhost:8545" scenario=factorydeploytx
time="2026-06-02T03:27:01Z" level=debug msg="deployment tx 389 confirmed in block #9046. deployed at: 0x655D620F18B63656cB6bC6f1B5e0aA8fCfCe3100, total fee: 133686 gwei (base: 2)" rpc="localhost:8545" scenario=factorydeploytx
time="2026-06-02T03:27:01Z" level=info msg="processed block 9046:  5 total tx, 5 tx confirmed from 5 wallets (1.504347ms, 713.547µs)"
time="2026-06-02T03:27:01Z" level=debug msg="deployment tx 390 confirmed in block #9046. deployed at: 0x77b363Bf4adf29eFeFaeCF5De4d9877b5fbc47ce, total fee: 133686 gwei (base: 2)" rpc="localhost:8545" scenario=factorydeploytx
time="2026-06-02T03:27:01Z" level=info msg="block 9046: submitted=13, pending=12, confirmed=5, throughput: 5B=4.80 tx/B, 20B=4.65 tx/B, 60B=4.62 tx/B" scenario=factorydeploytx wallets=5
time="2026-06-02T03:27:01Z" level=debug msg="deployment tx 391 confirmed in block #9047. deployed at: 0x774b468c90f8C3DfaA4D9Fdc6C67747F845cb7bE, total fee: 133684 gwei (base: 2)" rpc="localhost:8545" scenario=factorydeploytx
time="2026-06-02T03:27:01Z" level=debug msg="deployment tx 392 confirmed in block #9047. deployed at: 0xA775a6148BE3D5e44f25ab61adF442Ade62C2793, total fee: 133684 gwei (base: 2)" rpc="localhost:8545" scenario=factorydeploytx
time="2026-06-02T03:27:01Z" level=debug msg="deployment tx 393 confirmed in block #9047. deployed at: 0xE6E8766A5e8577e736274725f5Ea7F4Af4b9c2a2, total fee: 133684 gwei (base: 2)" rpc="localhost:8545" scenario=factorydeploytx
time="2026-06-02T03:27:01Z" level=debug msg="deployment tx 394 confirmed in block #9047. deployed at: 0x4e391DE7DD5437cFf975609b9ca5b74a1FFe1f76, total fee: 133684 gwei (base: 2)" rpc="localhost:8545" scenario=factorydeploytx
time="2026-06-02T03:27:01Z" level=info msg="processed block 9047:  5 total tx, 5 tx confirmed from 5 wallets (1.018438ms, 328.647µs)"
time="2026-06-02T03:27:01Z" level=debug msg="deployment tx 395 confirmed in block #9047. deployed at: 0x6Abd9FA7aA6f5E81A737595d95fDc8f3d7f7Dfe6, total fee: 133684 gwei (base: 2)" rpc="localhost:8545" scenario=factorydeploytx
time="2026-06-02T03:27:01Z" level=info msg="block 9047: submitted=0, pending=7, confirmed=5, throughput: 5B=4.80 tx/B, 20B=4.65 tx/B, 60B=4.63 tx/B" scenario=factorydeploytx wallets=5
time="2026-06-02T03:27:01Z" level=debug msg="deployment tx 396 confirmed in block #9048. deployed at: 0x20630f3e87A11AdB026EcBa9999718fBFf40eB5a, total fee: 133683 gwei (base: 2)" rpc="localhost:8545" scenario=factorydeploytx
time="2026-06-02T03:27:01Z" level=debug msg="deployment tx 397 confirmed in block #9048. deployed at: 0xE76Fe8C282B25ad2A8d6f1585E99863a0AE36bB8, total fee: 133683 gwei (base: 2)" rpc="localhost:8545" scenario=factorydeploytx
time="2026-06-02T03:27:01Z" level=debug msg="deployment tx 398 confirmed in block #9048. deployed at: 0x8EF7f8B6aeB9bE57c46679E1D28B78b9ec76F623, total fee: 133683 gwei (base: 2)" rpc="localhost:8545" scenario=factorydeploytx
time="2026-06-02T03:27:01Z" level=info msg="processed block 9048:  4 total tx, 4 tx confirmed from 4 wallets (859.014µs, 250.286µs)"
time="2026-06-02T03:27:01Z" level=info msg="block 9048: submitted=0, pending=3, confirmed=4, throughput: 5B=4.60 tx/B, 20B=4.65 tx/B, 60B=4.62 tx/B" scenario=factorydeploytx wallets=4
time="2026-06-02T03:27:01Z" level=debug msg="deployment tx 399 confirmed in block #9048. deployed at: 0x2510c5Ce785C1439C36ae52Fe3647eAE4fcc7F48, total fee: 133683 gwei (base: 2)" rpc="localhost:8545" scenario=factorydeploytx
time="2026-06-02T03:27:02Z" level=debug msg="sent deployment tx #   403: 0x7b4c818b81cc26af08e76d8ec1ffdd2db2797c99e46f5f282b16639fd647de91" nonce=108 rpc="localhost:8545" scenario=factorydeploytx wallet=3
time="2026-06-02T03:27:02Z" level=debug msg="sent deployment tx #   404: 0x1e33a7ac9de70bde25efa8bd88519afa72073bd0879a70d0a1c2dd33e808a02c" nonce=115 rpc="localhost:8545" scenario=factorydeploytx wallet=4
time="2026-06-02T03:27:02Z" level=debug msg="sent deployment tx #   405: 0xc11e53f808055ce25eee3fbb8bc28a52fa37aabe5ede68a26df22e68c9e7d48f" nonce=115 rpc="localhost:8545" scenario=factorydeploytx wallet=5
time="2026-06-02T03:27:02Z" level=debug msg="sent deployment tx #   406: 0xa40986a36daef867615f385e241042eb65df919dfe5fd75d329a0d78578e5095" nonce=115 rpc="localhost:8545" scenario=factorydeploytx wallet=6
time="2026-06-02T03:27:03Z" level=debug msg="sent deployment tx #   407: 0x2a3eeab39b84bde4cca7efc15648a87d9d436d266022277a3c527436a86ed673" nonce=99 rpc="localhost:8545" scenario=factorydeploytx wallet=7
time="2026-06-02T03:27:03Z" level=debug msg="sent deployment tx #   408: 0xbb533414a917317d5b20ada52e405a4037c7b47e78925f8cae9c641ac58ac3e5" nonce=99 rpc="localhost:8545" scenario=factorydeploytx wallet=8
time="2026-06-02T03:27:03Z" level=debug msg="sent deployment tx #   409: 0xd981adc2b2e215c2079d3918069a894036facdba6db03664558ddff4d7d33f77" nonce=99 rpc="localhost:8545" scenario=factorydeploytx wallet=9
time="2026-06-02T03:27:03Z" level=debug msg="sent deployment tx #   410: 0x463ef81a86538633a875427789f17120636afad23d8aa1f109ac8f7830a0fe65" nonce=99 rpc="localhost:8545" scenario=factorydeploytx wallet=10
time="2026-06-02T03:27:04Z" level=debug msg="sent deployment tx #   411: 0xfe171bb2dff04486da26e1d0a6e138d972bd73befc3da17c9ba90155a5dcc99a" nonce=11 rpc="localhost:8545" scenario=factorydeploytx wallet=11
time="2026-06-02T03:27:04Z" level=debug msg="sent deployment tx #   412: 0xee9469cf07b411a12729d663d025c7e6efaf052fc7cba8eb3c00a30d35a482a7" nonce=11 rpc="localhost:8545" scenario=factorydeploytx wallet=12
time="2026-06-02T03:27:04Z" level=debug msg="sent deployment tx #   413: 0x09735145f0b74cbc8b96e5069bf71031f11fd47b5c932ccd55679c960270ad50" nonce=11 rpc="localhost:8545" scenario=factorydeploytx wallet=13
time="2026-06-02T03:27:04Z" level=debug msg="sent deployment tx #   414: 0xf0e768f7e6750d337d8f4496ceee96b1e7babc080916422309c23b6cd331d461" nonce=11 rpc="localhost:8545" scenario=factorydeploytx wallet=14
time="2026-06-02T03:27:04Z" level=debug msg="deployment tx 400 confirmed in block #9049. deployed at: 0x023D9c7aAC7690e54eF3Bb5302beDa9C933C47ec, total fee: 133681 gwei (base: 2)" rpc="localhost:8545" scenario=factorydeploytx
time="2026-06-02T03:27:04Z" level=debug msg="deployment tx 401 confirmed in block #9049. deployed at: 0xCA78523031211E489D295138D6c74682B342aECE, total fee: 133681 gwei (base: 2)" rpc="localhost:8545" scenario=factorydeploytx
time="2026-06-02T03:27:04Z" level=debug msg="deployment tx 402 confirmed in block #9049. deployed at: 0x6F561682771E6CE352992836462C49d5Fb24b361, total fee: 133681 gwei (base: 2)" rpc="localhost:8545" scenario=factorydeploytx
time="2026-06-02T03:27:04Z" level=debug msg="deployment tx 403 confirmed in block #9049. deployed at: 0x364BD6CFB914C9e59DD2106A6DE195bc4d6F2146, total fee: 133681 gwei (base: 2)" rpc="localhost:8545" scenario=factorydeploytx
time="2026-06-02T03:27:04Z" level=info msg="processed block 9049:  5 total tx, 5 tx confirmed from 5 wallets (1.024122ms, 454.23µs)"
time="2026-06-02T03:27:04Z" level=info msg="block 9049: submitted=12, pending=10, confirmed=5, throughput: 5B=4.60 tx/B, 20B=4.65 tx/B, 60B=4.63 tx/B" scenario=factorydeploytx wallets=5
time="2026-06-02T03:27:04Z" level=debug msg="deployment tx 404 confirmed in block #9049. deployed at: 0xB6A1E7a72504EeaBA294c7789aE171Af75C95e47, total fee: 133681 gwei (base: 2)" rpc="localhost:8545" scenario=factorydeploytx
time="2026-06-02T03:27:04Z" level=debug msg="deployment tx 405 confirmed in block #9050. deployed at: 0x5d657c12D7EC3A66bFe80D433aFF843f433e63d9, total fee: 133680 gwei (base: 2)" rpc="localhost:8545" scenario=factorydeploytx
time="2026-06-02T03:27:04Z" level=debug msg="deployment tx 406 confirmed in block #9050. deployed at: 0xF7746309753d0E3E6597d2Ae7DEF38081354c20F, total fee: 133680 gwei (base: 2)" rpc="localhost:8545" scenario=factorydeploytx
time="2026-06-02T03:27:04Z" level=info msg="processed block 9050:  4 total tx, 4 tx confirmed from 4 wallets (924.906µs, 327.646µs)"
time="2026-06-02T03:27:04Z" level=debug msg="deployment tx 407 confirmed in block #9050. deployed at: 0x00C493AaD31DcF5878Ca47943f693f49866CaF57, total fee: 133680 gwei (base: 2)" rpc="localhost:8545" scenario=factorydeploytx
time="2026-06-02T03:27:04Z" level=info msg="block 9050: submitted=0, pending=6, confirmed=4, throughput: 5B=4.60 tx/B, 20B=4.60 tx/B, 60B=4.62 tx/B" scenario=factorydeploytx wallets=4
time="2026-06-02T03:27:04Z" level=debug msg="deployment tx 408 confirmed in block #9050. deployed at: 0xec054097A2713Be0bcfbdb1d73975b93A00Bb391, total fee: 133680 gwei (base: 2)" rpc="localhost:8545" scenario=factorydeploytx
time="2026-06-02T03:27:04Z" level=debug msg="deployment tx 409 confirmed in block #9051. deployed at: 0x84121F06EB674De5c7F9DAEE3aF86f993f1d8f15, total fee: 133678 gwei (base: 2)" rpc="localhost:8545" scenario=factorydeploytx
time="2026-06-02T03:27:04Z" level=debug msg="deployment tx 410 confirmed in block #9051. deployed at: 0xa451BD81883821D6CaCbd40F99c068dd18818fE7, total fee: 133678 gwei (base: 2)" rpc="localhost:8545" scenario=factorydeploytx
time="2026-06-02T03:27:04Z" level=debug msg="deployment tx 411 confirmed in block #9051. deployed at: 0x6Ae0706919520b89b9DD4e908960f40EAD505A89, total fee: 133678 gwei (base: 2)" rpc="localhost:8545" scenario=factorydeploytx
time="2026-06-02T03:27:04Z" level=debug msg="deployment tx 412 confirmed in block #9051. deployed at: 0x07E040E0b34DaE262bA91316feD2EC4ef024a9aB, total fee: 133678 gwei (base: 2)" rpc="localhost:8545" scenario=factorydeploytx
time="2026-06-02T03:27:04Z" level=info msg="processed block 9051:  5 total tx, 5 tx confirmed from 5 wallets (1.10627ms, 460.881µs)"
time="2026-06-02T03:27:04Z" level=debug msg="deployment tx 413 confirmed in block #9051. deployed at: 0xaAD890ae7f8026dE09d10F330598d9bce9778f0B, total fee: 133678 gwei (base: 2)" rpc="localhost:8545" scenario=factorydeploytx
time="2026-06-02T03:27:04Z" level=info msg="block 9051: submitted=0, pending=1, confirmed=5, throughput: 5B=4.60 tx/B, 20B=4.65 tx/B, 60B=4.63 tx/B" scenario=factorydeploytx wallets=5
time="2026-06-02T03:27:04Z" level=debug msg="sent deployment tx #   415: 0xbdccec74578a82f39d77d1cbfa7e00a7d74de620f7b5fd1c3731b16e43701225" nonce=11 rpc="localhost:8545" scenario=factorydeploytx wallet=15
time="2026-06-02T03:27:05Z" level=debug msg="sent deployment tx #   416: 0x9a47cb4b803419b8d4ad2a2ffe84b7e8c8407a96f4fe42031524736738fbf85f" nonce=11 rpc="localhost:8545" scenario=factorydeploytx wallet=16
time="2026-06-02T03:27:05Z" level=debug msg="sent deployment tx #   417: 0x55b84c019164345efa9b04b8dfc7d4cc935d9232ca2d23d60f0bd523fb74536a" nonce=11 rpc="localhost:8545" scenario=factorydeploytx wallet=17
time="2026-06-02T03:27:05Z" level=debug msg="sent deployment tx #   418: 0xf32b14c308493b88a03ca7e1e25aad48d46f8834574e5f0d621457c850f37251" nonce=11 rpc="localhost:8545" scenario=factorydeploytx wallet=18
time="2026-06-02T03:27:05Z" level=debug msg="sent deployment tx #   419: 0x9095f35147cc8b00c284898654b63ba277105019befad0a59289b2265d5b8228" nonce=11 rpc="localhost:8545" scenario=factorydeploytx wallet=19
time="2026-06-02T03:27:06Z" level=debug msg="sent deployment tx #   420: 0xdf71e465c87b63b963668e30028c97986fe9baff32e52d841ae6bed1fec5d693" nonce=11 rpc="localhost:8545" scenario=factorydeploytx wallet=20
time="2026-06-02T03:27:06Z" level=debug msg="sent deployment tx #   421: 0xdefaea602e3e15bc549c6226e5738cff07e993604cad0dd238785eda7f0a0b95" nonce=11 rpc="localhost:8545" scenario=factorydeploytx wallet=21
time="2026-06-02T03:27:06Z" level=debug msg="sent deployment tx #   422: 0x72042daed2662c86dc80f86406581ca89581a76b4119b67a3b74050f475eeba1" nonce=11 rpc="localhost:8545" scenario=factorydeploytx wallet=22
time="2026-06-02T03:27:06Z" level=debug msg="sent deployment tx #   423: 0xfcae80033f6bdf621f90a52b91c1609ec213fc0d7eb4cf1626a2ffc5adc4e3a8" nonce=11 rpc="localhost:8545" scenario=factorydeploytx wallet=23
time="2026-06-02T03:27:07Z" level=debug msg="sent deployment tx #   424: 0x1c2cad4515b704f8b29a0e71d7cdad013bda05cbc08553ed756393ccbeaa4ab1" nonce=11 rpc="localhost:8545" scenario=factorydeploytx wallet=24
time="2026-06-02T03:27:07Z" level=debug msg="sent deployment tx #   425: 0x62f8b103f1b01f242d27fb1b887824bdd1e1d08dcbd176d604d54ef0bce24d1d" nonce=11 rpc="localhost:8545" scenario=factorydeploytx wallet=25
time="2026-06-02T03:27:07Z" level=debug msg="sent deployment tx #   426: 0xabeff53ac11337b46558a318c18a0782c07a8edd3c95f8410bf63961637834d1" nonce=11 rpc="localhost:8545" scenario=factorydeploytx wallet=26
time="2026-06-02T03:27:07Z" level=debug msg="sent deployment tx #   427: 0x42cf36a5e605f16baed16749270afb9c78af798b9e313e8da2c5d24b08621814" nonce=11 rpc="localhost:8545" scenario=factorydeploytx wallet=27
time="2026-06-02T03:27:07Z" level=debug msg="deployment tx 414 confirmed in block #9052. deployed at: 0x9B094aE3f813D3370AA17e89762B58d402DF47f4, total fee: 133677 gwei (base: 2)" rpc="localhost:8545" scenario=factorydeploytx
time="2026-06-02T03:27:07Z" level=debug msg="deployment tx 415 confirmed in block #9052. deployed at: 0x4A96Ca67F0c81aD77aEbdeb5483D5f49E5342FcD, total fee: 133677 gwei (base: 2)" rpc="localhost:8545" scenario=factorydeploytx
time="2026-06-02T03:27:07Z" level=debug msg="deployment tx 416 confirmed in block #9052. deployed at: 0xedc22e5D39e6C9B290DA6244cF464B746d507e41, total fee: 133677 gwei (base: 2)" rpc="localhost:8545" scenario=factorydeploytx
time="2026-06-02T03:27:07Z" level=debug msg="deployment tx 417 confirmed in block #9052. deployed at: 0x86088F5Cf17d9D1e57918CD6ee521A3255c7eDf1, total fee: 133677 gwei (base: 2)" rpc="localhost:8545" scenario=factorydeploytx
time="2026-06-02T03:27:07Z" level=info msg="processed block 9052:  4 total tx, 4 tx confirmed from 4 wallets (1.219744ms, 283.494µs)"
time="2026-06-02T03:27:07Z" level=info msg="block 9052: submitted=13, pending=10, confirmed=4, throughput: 5B=4.40 tx/B, 20B=4.60 tx/B, 60B=4.62 tx/B" scenario=factorydeploytx wallets=4
time="2026-06-02T03:27:07Z" level=debug msg="deployment tx 418 confirmed in block #9053. deployed at: 0xDFfcCc8C0A7d73aCFA6042fF751ccAf4EA5526f6, total fee: 133676 gwei (base: 2)" rpc="localhost:8545" scenario=factorydeploytx
time="2026-06-02T03:27:07Z" level=debug msg="deployment tx 419 confirmed in block #9053. deployed at: 0xd3fe8f110873a05f12A84a3D3F07A35295dafB66, total fee: 133676 gwei (base: 2)" rpc="localhost:8545" scenario=factorydeploytx
time="2026-06-02T03:27:07Z" level=debug msg="deployment tx 420 confirmed in block #9053. deployed at: 0xF001a38787c8c200227D30d3E17bfC9E49deBB5e, total fee: 133676 gwei (base: 2)" rpc="localhost:8545" scenario=factorydeploytx
time="2026-06-02T03:27:07Z" level=info msg="processed block 9053:  5 total tx, 5 tx confirmed from 5 wallets (1.028478ms, 318.234µs)"
time="2026-06-02T03:27:07Z" level=debug msg="deployment tx 422 confirmed in block #9053. deployed at: 0x694ae945c798B62C72c7a53eECeb5C18997F6758, total fee: 133676 gwei (base: 2)" rpc="localhost:8545" scenario=factorydeploytx
time="2026-06-02T03:27:07Z" level=info msg="block 9053: submitted=0, pending=5, confirmed=5, throughput: 5B=4.60 tx/B, 20B=4.65 tx/B, 60B=4.62 tx/B" scenario=factorydeploytx wallets=5
time="2026-06-02T03:27:07Z" level=debug msg="deployment tx 421 confirmed in block #9053. deployed at: 0x79BA5B22C189c0A1E017167AdAf6Dba0B12a2d1C, total fee: 133676 gwei (base: 2)" rpc="localhost:8545" scenario=factorydeploytx
time="2026-06-02T03:27:07Z" level=debug msg="deployment tx 423 confirmed in block #9054. deployed at: 0x2e8372b7883deceF9Abf072166b3eF295E1061EF, total fee: 133675 gwei (base: 2)" rpc="localhost:8545" scenario=factorydeploytx
time="2026-06-02T03:27:07Z" level=debug msg="deployment tx 424 confirmed in block #9054. deployed at: 0x3E1FeB940ccb56cc9C0aB83bc7Cb715623168a4C, total fee: 133675 gwei (base: 2)" rpc="localhost:8545" scenario=factorydeploytx
time="2026-06-02T03:27:07Z" level=debug msg="deployment tx 425 confirmed in block #9054. deployed at: 0x28b3613a4ED96bb3bcA5B23456BDf160fE2B10BF, total fee: 133675 gwei (base: 2)" rpc="localhost:8545" scenario=factorydeploytx
time="2026-06-02T03:27:07Z" level=info msg="processed block 9054:  4 total tx, 4 tx confirmed from 4 wallets (1.249367ms, 360.327µs)"
time="2026-06-02T03:27:07Z" level=debug msg="deployment tx 426 confirmed in block #9054. deployed at: 0x6D190994b4990a2eeE9752138CB0e9f32eF245fd, total fee: 133675 gwei (base: 2)" rpc="localhost:8545" scenario=factorydeploytx
time="2026-06-02T03:27:07Z" level=info msg="block 9054: submitted=0, pending=1, confirmed=4, throughput: 5B=4.40 tx/B, 20B=4.60 tx/B, 60B=4.62 tx/B" scenario=factorydeploytx wallets=4
time="2026-06-02T03:27:08Z" level=debug msg="sent deployment tx #   428: 0xaca2354da0b6a503c3f7e3e98c8e9dd544d5676937069c092df9e0c058b28cca" nonce=11 rpc="localhost:8545" scenario=factorydeploytx wallet=28
time="2026-06-02T03:27:08Z" level=debug msg="sent deployment tx #   429: 0xae65c533d25e7228dabfd38859789c1eac3b6f6173c9afce51048e27fbb624a0" nonce=11 rpc="localhost:8545" scenario=factorydeploytx wallet=29
time="2026-06-02T03:27:08Z" level=debug msg="sent deployment tx #   430: 0xfebbbbbe0aa6f63c5d30818cd537ad9bf0c110bd3a5877ef442a4c97f4b283ef" nonce=11 rpc="localhost:8545" scenario=factorydeploytx wallet=30
time="2026-06-02T03:27:08Z" level=debug msg="sent deployment tx #   431: 0xbf8f5b8ec6d6558866a0ea9afa83c1dfb3f4613a4ef2d26a435a86ddd5fd5e83" nonce=11 rpc="localhost:8545" scenario=factorydeploytx wallet=31
time="2026-06-02T03:27:09Z" level=debug msg="sent deployment tx #   432: 0x627a4b2b913a3f096ebb0a7f6cb472d850cda865637760c3793890d4bb7a6379" nonce=11 rpc="localhost:8545" scenario=factorydeploytx wallet=32
time="2026-06-02T03:27:09Z" level=debug msg="sent deployment tx #   433: 0xc0eab274f035cfb9bba1688f7ccc730fbd6519f40d5ea615ade146b8d4f0b464" nonce=11 rpc="localhost:8545" scenario=factorydeploytx wallet=33
time="2026-06-02T03:27:09Z" level=debug msg="sent deployment tx #   434: 0x50e010887bb3479c35d73126a7945a65370c302fcdce586f34a38e07c9c083f0" nonce=11 rpc="localhost:8545" scenario=factorydeploytx wallet=34
time="2026-06-02T03:27:09Z" level=debug msg="sent deployment tx #   435: 0xe704b4a25692bb43e4916eec41dfd39f739bc06a64f8d695f492e6b4134441d9" nonce=11 rpc="localhost:8545" scenario=factorydeploytx wallet=35
time="2026-06-02T03:27:10Z" level=debug msg="sent deployment tx #   436: 0x9f7c24e77b85f239849cfc442a196a64813b7171323df323118ceba354363a43" nonce=11 rpc="localhost:8545" scenario=factorydeploytx wallet=36
time="2026-06-02T03:27:10Z" level=debug msg="sent deployment tx #   437: 0xdc61a57be35fb18508c7db491f2466cddf322f16f2eebeb2d2cdc7f22785cc7c" nonce=11 rpc="localhost:8545" scenario=factorydeploytx wallet=37
time="2026-06-02T03:27:10Z" level=debug msg="sent deployment tx #   438: 0x5b4a4bcb1d59a5400a3a5fcf86fb7c607e8e062f619b43932add3362ce5a1f77" nonce=11 rpc="localhost:8545" scenario=factorydeploytx wallet=38
time="2026-06-02T03:27:10Z" level=debug msg="sent deployment tx #   439: 0xe1f645492f207562996fb17bf902471501ef16f10a0dd61f229795db0d70ee48" nonce=11 rpc="localhost:8545" scenario=factorydeploytx wallet=39
time="2026-06-02T03:27:10Z" level=debug msg="deployment tx 427 confirmed in block #9055. deployed at: 0x781EcE1011Da5cA470aB8D324913094af683423C, total fee: 133675 gwei (base: 2)" rpc="localhost:8545" scenario=factorydeploytx
time="2026-06-02T03:27:10Z" level=debug msg="deployment tx 428 confirmed in block #9055. deployed at: 0x6a9b973C0ceb902d39196613c93045A05722db27, total fee: 133675 gwei (base: 2)" rpc="localhost:8545" scenario=factorydeploytx
time="2026-06-02T03:27:10Z" level=debug msg="deployment tx 429 confirmed in block #9055. deployed at: 0xe17450f3f5BC64df20c95f35a4baCDc176A73B72, total fee: 133675 gwei (base: 2)" rpc="localhost:8545" scenario=factorydeploytx
time="2026-06-02T03:27:10Z" level=debug msg="deployment tx 430 confirmed in block #9055. deployed at: 0xCE416C2b98151BAa1A4C28f7601DE23b1279feB8, total fee: 133675 gwei (base: 2)" rpc="localhost:8545" scenario=factorydeploytx
time="2026-06-02T03:27:10Z" level=info msg="processed block 9055:  5 total tx, 5 tx confirmed from 5 wallets (1.091365ms, 436.33µs)"
time="2026-06-02T03:27:10Z" level=info msg="block 9055: submitted=12, pending=8, confirmed=5, throughput: 5B=4.60 tx/B, 20B=4.60 tx/B, 60B=4.62 tx/B" scenario=factorydeploytx wallets=5
time="2026-06-02T03:27:10Z" level=debug msg="deployment tx 431 confirmed in block #9055. deployed at: 0xA174418A754e52C4c5cdc1B998aa9CBB89B5251A, total fee: 133675 gwei (base: 2)" rpc="localhost:8545" scenario=factorydeploytx
time="2026-06-02T03:27:10Z" level=debug msg="deployment tx 432 confirmed in block #9056. deployed at: 0x9E2f74D6eAa3A905Ce303038b17ed1A435B294c7, total fee: 133674 gwei (base: 2)" rpc="localhost:8545" scenario=factorydeploytx
time="2026-06-02T03:27:10Z" level=debug msg="deployment tx 433 confirmed in block #9056. deployed at: 0x95F0cA198B80EeCb8683e9Ed28c76075d8a5AC9A, total fee: 133674 gwei (base: 2)" rpc="localhost:8545" scenario=factorydeploytx
time="2026-06-02T03:27:10Z" level=info msg="processed block 9056:  4 total tx, 4 tx confirmed from 4 wallets (923.583µs, 343.917µs)"
time="2026-06-02T03:27:10Z" level=debug msg="deployment tx 434 confirmed in block #9056. deployed at: 0xa7A7BBF83F2a22C37979F603e5075b3423c12B20, total fee: 133674 gwei (base: 2)" rpc="localhost:8545" scenario=factorydeploytx
time="2026-06-02T03:27:10Z" level=debug msg="deployment tx 435 confirmed in block #9056. deployed at: 0x3C71Bbc8508466b6CE66CfdD18595DbF9a5A7563, total fee: 133674 gwei (base: 2)" rpc="localhost:8545" scenario=factorydeploytx
time="2026-06-02T03:27:10Z" level=info msg="block 9056: submitted=0, pending=4, confirmed=4, throughput: 5B=4.40 tx/B, 20B=4.60 tx/B, 60B=4.60 tx/B" scenario=factorydeploytx wallets=4
time="2026-06-02T03:27:10Z" level=debug msg="sent deployment tx #   440: 0x9264180af429cdcc0b390ff1a9882c5029751b535d604a6d23a8825f35170e27" nonce=11 rpc="localhost:8545" scenario=factorydeploytx wallet=40
time="2026-06-02T03:27:11Z" level=debug msg="sent deployment tx #   441: 0x2f432af48a98128c3c6a6f813a554675da05e93022cd765f37ebba88647d620e" nonce=11 rpc="localhost:8545" scenario=factorydeploytx wallet=41
time="2026-06-02T03:27:11Z" level=debug msg="sent deployment tx #   442: 0x7716ead41a05c62a39ab4a33aaaf95c52ffdcd6e88187efeaed4097894d7c89e" nonce=11 rpc="localhost:8545" scenario=factorydeploytx wallet=42
time="2026-06-02T03:27:11Z" level=debug msg="sent deployment tx #   443: 0x04e3e5706292f6f776a9c72eb4d5d30e457a18567ec8410c238daf17ce202cba" nonce=11 rpc="localhost:8545" scenario=factorydeploytx wallet=43
time="2026-06-02T03:27:11Z" level=debug msg="sent deployment tx #   444: 0xb50af5a261233b1dcee0d5e40d0280ad9e5738066d90422f06972955068ba25a" nonce=11 rpc="localhost:8545" scenario=factorydeploytx wallet=44
time="2026-06-02T03:27:12Z" level=debug msg="sent deployment tx #   445: 0xba03bc9fc8089ca3514219f9d6c7e0f216537f38d501794dff04bd951c44604c" nonce=11 rpc="localhost:8545" scenario=factorydeploytx wallet=45
time="2026-06-02T03:27:12Z" level=debug msg="sent deployment tx #   446: 0x8aa25aa159a8385da9a9fc1236369090fa702b0160ec395ff87f77d3ef9b3e4c" nonce=11 rpc="localhost:8545" scenario=factorydeploytx wallet=46
time="2026-06-02T03:27:12Z" level=debug msg="sent deployment tx #   447: 0x5d3a5c3250861c66e8a54ba83d4330acadea7fa93ec8d130552341388cbe1072" nonce=11 rpc="localhost:8545" scenario=factorydeploytx wallet=47
time="2026-06-02T03:27:12Z" level=debug msg="sent deployment tx #   448: 0x44c81d535837fc713b546e395e25e4996717f3d733f0043e2645c806b8626752" nonce=11 rpc="localhost:8545" scenario=factorydeploytx wallet=48
time="2026-06-02T03:27:13Z" level=debug msg="sent deployment tx #   449: 0x8cf5b6d2b2a622899663c3cfa55f6d1d5b1aac366818edf341c371517b095e76" nonce=11 rpc="localhost:8545" scenario=factorydeploytx wallet=49
time="2026-06-02T03:27:13Z" level=debug msg="sent deployment tx #   450: 0xe20e4e08401357cfb5e81c1a19c52cb7daca698cc1708fad4bfb5b6618659f0d" nonce=11 rpc="localhost:8545" scenario=factorydeploytx wallet=50
time="2026-06-02T03:27:13Z" level=debug msg="sent deployment tx #   451: 0x9803f613fa3357c027ee89adc152e2d7a750212b3413b57b72ee0f4cf8c8eada" nonce=11 rpc="localhost:8545" scenario=factorydeploytx wallet=51
time="2026-06-02T03:27:13Z" level=debug msg="sent deployment tx #   452: 0x161054e2924e516c8e9108ad3183e4e12003698ee27de0016f3444826e27bab6" nonce=11 rpc="localhost:8545" scenario=factorydeploytx wallet=52
time="2026-06-02T03:27:13Z" level=debug msg="deployment tx 436 confirmed in block #9057. deployed at: 0x60De35d37e6c2266d358219A9b1c84C470B5Cb42, total fee: 133673 gwei (base: 2)" rpc="localhost:8545" scenario=factorydeploytx
time="2026-06-02T03:27:13Z" level=debug msg="deployment tx 437 confirmed in block #9057. deployed at: 0x72f9F381fF9aAecA696Bd99Bbe595227dB22E088, total fee: 133673 gwei (base: 2)" rpc="localhost:8545" scenario=factorydeploytx
time="2026-06-02T03:27:13Z" level=debug msg="deployment tx 438 confirmed in block #9057. deployed at: 0x521769e571D135f76C49E42e4B53fCE3C343a0d2, total fee: 133673 gwei (base: 2)" rpc="localhost:8545" scenario=factorydeploytx
time="2026-06-02T03:27:13Z" level=info msg="processed block 9057:  5 total tx, 5 tx confirmed from 5 wallets (1.210964ms, 357.311µs)"
time="2026-06-02T03:27:13Z" level=debug msg="deployment tx 440 confirmed in block #9057. deployed at: 0xC200d69E488C09a1BAc563BFccdAC4B58737F01B, total fee: 133673 gwei (base: 2)" rpc="localhost:8545" scenario=factorydeploytx
time="2026-06-02T03:27:13Z" level=debug msg="deployment tx 439 confirmed in block #9057. deployed at: 0xde9099a222735F6deF6eD1495079Af65854Cc417, total fee: 133673 gwei (base: 2)" rpc="localhost:8545" scenario=factorydeploytx
time="2026-06-02T03:27:13Z" level=info msg="block 9057: submitted=13, pending=12, confirmed=5, throughput: 5B=4.60 tx/B, 20B=4.60 tx/B, 60B=4.62 tx/B" scenario=factorydeploytx wallets=5
time="2026-06-02T03:27:13Z" level=debug msg="deployment tx 441 confirmed in block #9058. deployed at: 0xC624EE8D0F20a134438D0c6dBB75bc8e899c4efA, total fee: 133673 gwei (base: 2)" rpc="localhost:8545" scenario=factorydeploytx
time="2026-06-02T03:27:13Z" level=debug msg="deployment tx 442 confirmed in block #9058. deployed at: 0xf81405bfbb875F1fe452D4BF44C4a99e138F4892, total fee: 133673 gwei (base: 2)" rpc="localhost:8545" scenario=factorydeploytx
time="2026-06-02T03:27:13Z" level=debug msg="deployment tx 443 confirmed in block #9058. deployed at: 0x2Bfc9C90cAC3B7693D341a55fd01477761D285bE, total fee: 133673 gwei (base: 2)" rpc="localhost:8545" scenario=factorydeploytx
time="2026-06-02T03:27:13Z" level=info msg="processed block 9058:  4 total tx, 4 tx confirmed from 4 wallets (917.667µs, 315.038µs)"
time="2026-06-02T03:27:13Z" level=info msg="block 9058: submitted=0, pending=8, confirmed=4, throughput: 5B=4.40 tx/B, 20B=4.55 tx/B, 60B=4.60 tx/B" scenario=factorydeploytx wallets=4
time="2026-06-02T03:27:13Z" level=debug msg="deployment tx 444 confirmed in block #9058. deployed at: 0x0AcA9506bd162B397d75878186d20a1109625A70, total fee: 133673 gwei (base: 2)" rpc="localhost:8545" scenario=factorydeploytx
time="2026-06-02T03:27:13Z" level=debug msg="deployment tx 445 confirmed in block #9059. deployed at: 0xDd97FD2bb942d5a93b41b5a15123451E21E3E149, total fee: 133673 gwei (base: 2)" rpc="localhost:8545" scenario=factorydeploytx
time="2026-06-02T03:27:13Z" level=debug msg="deployment tx 446 confirmed in block #9059. deployed at: 0xF583169147E381d10062Ca6EbAD68431042f9758, total fee: 133673 gwei (base: 2)" rpc="localhost:8545" scenario=factorydeploytx
time="2026-06-02T03:27:13Z" level=debug msg="deployment tx 447 confirmed in block #9059. deployed at: 0x281eC9F0a72b02DA9cd30564349b8cb67d51B2f0, total fee: 133673 gwei (base: 2)" rpc="localhost:8545" scenario=factorydeploytx
time="2026-06-02T03:27:13Z" level=debug msg="deployment tx 448 confirmed in block #9059. deployed at: 0x46D1B07Ac49F4D314FB14dE06FB8B490f6c63896, total fee: 133673 gwei (base: 2)" rpc="localhost:8545" scenario=factorydeploytx
time="2026-06-02T03:27:13Z" level=info msg="processed block 9059:  5 total tx, 5 tx confirmed from 5 wallets (1.057163ms, 422.371µs)"
time="2026-06-02T03:27:13Z" level=info msg="block 9059: submitted=0, pending=3, confirmed=5, throughput: 5B=4.60 tx/B, 20B=4.60 tx/B, 60B=4.62 tx/B" scenario=factorydeploytx wallets=5
time="2026-06-02T03:27:13Z" level=debug msg="deployment tx 449 confirmed in block #9059. deployed at: 0x83BBf3681487849feb503257c9dF15eF4D67017d, total fee: 133673 gwei (base: 2)" rpc="localhost:8545" scenario=factorydeploytx
time="2026-06-02T03:27:14Z" level=debug msg="sent deployment tx #   453: 0x6e38e69631424a36bdb87013b064205904d9b4ec1d7036572e55d32871fa0529" nonce=11 rpc="localhost:8545" scenario=factorydeploytx wallet=53
time="2026-06-02T03:27:14Z" level=debug msg="sent deployment tx #   454: 0x7bb5975f66944c49d0867e5224805e9dcc44efab3a4c3926ce40194747e60a5a" nonce=11 rpc="localhost:8545" scenario=factorydeploytx wallet=54
time="2026-06-02T03:27:14Z" level=debug msg="sent deployment tx #   455: 0xfacdecccac426739ca11dfaf1c7a26e03cd9da323480ec279a8dfebba4a13a6b" nonce=11 rpc="localhost:8545" scenario=factorydeploytx wallet=55
time="2026-06-02T03:27:14Z" level=debug msg="sent deployment tx #   456: 0xc44ce1c4fb2b2ad48f2f4ad64e3133a2bc923e49d94c2ac603d84db05c0ec8e1" nonce=11 rpc="localhost:8545" scenario=factorydeploytx wallet=56
time="2026-06-02T03:27:15Z" level=debug msg="sent deployment tx #   457: 0x7ee3242bc72b9a4ff9c496b7350175d1688103b4f1c15a16edf2bf2c187846a6" nonce=11 rpc="localhost:8545" scenario=factorydeploytx wallet=57
time="2026-06-02T03:27:15Z" level=debug msg="sent deployment tx #   458: 0x93997ce3f34426d621d67d88c7a70757c388e1601306313154bb5ba6959c3d25" nonce=11 rpc="localhost:8545" scenario=factorydeploytx wallet=58
time="2026-06-02T03:27:15Z" level=debug msg="sent deployment tx #   459: 0x8f149337bb2a3f5b437c0352d59bf7bb3136e3faea31a49dd26b44b8496a9021" nonce=11 rpc="localhost:8545" scenario=factorydeploytx wallet=59
time="2026-06-02T03:27:15Z" level=debug msg="sent deployment tx #   460: 0x1baa85f8575421e9d2d95b030b545005320f7a92f9cc42200310b935705eca9e" nonce=11 rpc="localhost:8545" scenario=factorydeploytx wallet=60
time="2026-06-02T03:27:16Z" level=debug msg="sent deployment tx #   461: 0x739ab365e671d03d8c5ce8c20efaa796876a5c01d6f347a361b6e788288e01f3" nonce=11 rpc="localhost:8545" scenario=factorydeploytx wallet=61
time="2026-06-02T03:27:16Z" level=debug msg="sent deployment tx #   462: 0x54565608f922c524ed866f24b721bb1d34bcfb1c2192ba790af2ebd182e3d32e" nonce=11 rpc="localhost:8545" scenario=factorydeploytx wallet=62
time="2026-06-02T03:27:16Z" level=debug msg="sent deployment tx #   463: 0x4b0cf63efd8d987306ed735dcd15ddd0c7d7e40e86fb06fe8d144c9f2bce01eb" nonce=11 rpc="localhost:8545" scenario=factorydeploytx wallet=63
time="2026-06-02T03:27:16Z" level=debug msg="sent deployment tx #   464: 0x31145ee987890e9fff2b65fe69b9cb968bfc4a6a44fd8af7586ee0f63638ee3f" nonce=11 rpc="localhost:8545" scenario=factorydeploytx wallet=64
time="2026-06-02T03:27:16Z" level=debug msg="deployment tx 450 confirmed in block #9060. deployed at: 0x0aAa6d7F0C54df6dadA13eF232D1e9d35fA7A4eC, total fee: 133672 gwei (base: 2)" rpc="localhost:8545" scenario=factorydeploytx
time="2026-06-02T03:27:16Z" level=debug msg="deployment tx 451 confirmed in block #9060. deployed at: 0x7f528B9e29Ff85472C38292f141a2a23Bfa88788, total fee: 133672 gwei (base: 2)" rpc="localhost:8545" scenario=factorydeploytx
time="2026-06-02T03:27:16Z" level=info msg="processed block 9060:  4 total tx, 4 tx confirmed from 4 wallets (1.196209ms, 337.075µs)"
time="2026-06-02T03:27:16Z" level=info msg="block 9060: submitted=12, pending=11, confirmed=4, throughput: 5B=4.40 tx/B, 20B=4.55 tx/B, 60B=4.60 tx/B" scenario=factorydeploytx wallets=4
time="2026-06-02T03:27:16Z" level=debug msg="deployment tx 452 confirmed in block #9060. deployed at: 0xd3A9002AC511a9C998Dc22E00FaF7b0E2d8e7910, total fee: 133672 gwei (base: 2)" rpc="localhost:8545" scenario=factorydeploytx
time="2026-06-02T03:27:16Z" level=debug msg="deployment tx 453 confirmed in block #9060. deployed at: 0x07947d24f937d4792154205a4B88D436043fF506, total fee: 133672 gwei (base: 2)" rpc="localhost:8545" scenario=factorydeploytx
time="2026-06-02T03:27:16Z" level=debug msg="deployment tx 454 confirmed in block #9061. deployed at: 0xC9ade87b26F4Be865e67d886d6b339abbd8F5B8b, total fee: 133672 gwei (base: 2)" rpc="localhost:8545" scenario=factorydeploytx
time="2026-06-02T03:27:16Z" level=debug msg="deployment tx 455 confirmed in block #9061. deployed at: 0x91B65FDC9e063f44CCa91A0b0dFcaDbf4F73e8fa, total fee: 133672 gwei (base: 2)" rpc="localhost:8545" scenario=factorydeploytx
time="2026-06-02T03:27:16Z" level=debug msg="deployment tx 456 confirmed in block #9061. deployed at: 0x7B369eB227ff14887f302aDd033951036F0662C1, total fee: 133672 gwei (base: 2)" rpc="localhost:8545" scenario=factorydeploytx
time="2026-06-02T03:27:16Z" level=debug msg="deployment tx 457 confirmed in block #9061. deployed at: 0xF2Bac3f16d55d6F4Cee0C4CbB1ae499268b43a3A, total fee: 133672 gwei (base: 2)" rpc="localhost:8545" scenario=factorydeploytx
time="2026-06-02T03:27:16Z" level=info msg="processed block 9061:  5 total tx, 5 tx confirmed from 5 wallets (1.21158ms, 328.617µs)"
time="2026-06-02T03:27:16Z" level=info msg="block 9061: submitted=0, pending=6, confirmed=5, throughput: 5B=4.60 tx/B, 20B=4.60 tx/B, 60B=4.60 tx/B" scenario=factorydeploytx wallets=5
time="2026-06-02T03:27:16Z" level=debug msg="deployment tx 458 confirmed in block #9061. deployed at: 0xFa55FB6D3BE3F85F7dbf8923f149245bF5536DCC, total fee: 133672 gwei (base: 2)" rpc="localhost:8545" scenario=factorydeploytx
time="2026-06-02T03:27:16Z" level=info msg="processed block 9062:  4 total tx, 4 tx confirmed from 4 wallets (1.021185ms, 243.707µs)"
time="2026-06-02T03:27:16Z" level=info msg="block 9062: submitted=0, pending=2, confirmed=4, throughput: 5B=4.40 tx/B, 20B=4.55 tx/B, 60B=4.60 tx/B" scenario=factorydeploytx wallets=4
time="2026-06-02T03:27:16Z" level=debug msg="deployment tx 459 confirmed in block #9062. deployed at: 0x653019F19E2eb5B531540f1b6258dd383e1Af378, total fee: 133672 gwei (base: 2)" rpc="localhost:8545" scenario=factorydeploytx
time="2026-06-02T03:27:16Z" level=debug msg="deployment tx 460 confirmed in block #9062. deployed at: 0x25ec6c4958aA7b762102216FC49bC55aa26E3b6C, total fee: 133672 gwei (base: 2)" rpc="localhost:8545" scenario=factorydeploytx
time="2026-06-02T03:27:16Z" level=debug msg="deployment tx 461 confirmed in block #9062. deployed at: 0x02Ff6Bfe085BA1635C70b65C534caecF06C375fd, total fee: 133672 gwei (base: 2)" rpc="localhost:8545" scenario=factorydeploytx
time="2026-06-02T03:27:16Z" level=debug msg="deployment tx 462 confirmed in block #9062. deployed at: 0xE96DD7fc0A78E1891c053BB602C45334e01633b6, total fee: 133672 gwei (base: 2)" rpc="localhost:8545" scenario=factorydeploytx
time="2026-06-02T03:27:16Z" level=debug msg="sent deployment tx #   465: 0xcba8f94122a2fa56e470a4c14edba25eddf9de12e585e1599eccab997445cf9b" nonce=11 rpc="localhost:8545" scenario=factorydeploytx wallet=65
time="2026-06-02T03:27:17Z" level=debug msg="sent deployment tx #   466: 0x17b1777782eacbe7890de89c5e4fd43beabeac812fff1b433c1d20d4ab3e361d" nonce=11 rpc="localhost:8545" scenario=factorydeploytx wallet=66
time="2026-06-02T03:27:17Z" level=debug msg="sent deployment tx #   467: 0x52bb6cd7fd5907c90a6b1ceab56313b3a83b8e8eba12728344e6590ea4ae8247" nonce=11 rpc="localhost:8545" scenario=factorydeploytx wallet=67
time="2026-06-02T03:27:17Z" level=debug msg="sent deployment tx #   468: 0x914c4823544d14791c5c351057ee4d0c0e786c0bf6410a07d08c026c7c186cec" nonce=11 rpc="localhost:8545" scenario=factorydeploytx wallet=68
time="2026-06-02T03:27:17Z" level=debug msg="sent deployment tx #   469: 0xde1e7abeea05c2ef1c283769a256c1e5c2a0f72744654dbf195e4a1de85cdadb" nonce=11 rpc="localhost:8545" scenario=factorydeploytx wallet=69
time="2026-06-02T03:27:18Z" level=debug msg="sent deployment tx #   470: 0x1708aa1647d419636a8a688c7268f48d5d542eff7ebfb32c3a1da5d64736b0ff" nonce=11 rpc="localhost:8545" scenario=factorydeploytx wallet=70
time="2026-06-02T03:27:18Z" level=debug msg="sent deployment tx #   471: 0xc61258ead2e1590211fd334fc143fa1254e50ddf42bd29697a9ad79df681532d" nonce=11 rpc="localhost:8545" scenario=factorydeploytx wallet=71
time="2026-06-02T03:27:18Z" level=debug msg="sent deployment tx #   472: 0xf6eee31e5d2e5620c7023105e79ab4b5daaaa41e77871cc6b5fa7a405cf75d0c" nonce=11 rpc="localhost:8545" scenario=factorydeploytx wallet=72
time="2026-06-02T03:27:18Z" level=debug msg="sent deployment tx #   473: 0x1d04318b6d55f479e6be8e7e2b6a55dec6a87faabe3a104d538d22bf9b7a4d93" nonce=11 rpc="localhost:8545" scenario=factorydeploytx wallet=73
time="2026-06-02T03:27:19Z" level=debug msg="sent deployment tx #   474: 0x6cb41262d311138ff702539d2afa488beb61a86627780eb9cd6e6005de15f6ae" nonce=11 rpc="localhost:8545" scenario=factorydeploytx wallet=74
time="2026-06-02T03:27:19Z" level=debug msg="sent deployment tx #   475: 0x0456b9cb7be3843e8b92d1b017673ed52c0cb3ed093db17ef2609e204985d20b" nonce=11 rpc="localhost:8545" scenario=factorydeploytx wallet=75
time="2026-06-02T03:27:19Z" level=debug msg="sent deployment tx #   476: 0xa374b20147acdbe662a20902cdb2739fd32d4a466be7bc0d10c29ea9cda59040" nonce=11 rpc="localhost:8545" scenario=factorydeploytx wallet=76
time="2026-06-02T03:27:19Z" level=debug msg="sent deployment tx #   477: 0x6016c533275d2af09d5f6a70c54002cc282ab3f19483c630e1c1c171c2ff7768" nonce=11 rpc="localhost:8545" scenario=factorydeploytx wallet=77
time="2026-06-02T03:27:19Z" level=debug msg="deployment tx 463 confirmed in block #9063. deployed at: 0x9cCb7d922B966d7cA31fFF26F4dCFA986988eFf8, total fee: 133671 gwei (base: 2)" rpc="localhost:8545" scenario=factorydeploytx
time="2026-06-02T03:27:19Z" level=debug msg="deployment tx 464 confirmed in block #9063. deployed at: 0xbDC4FC28B17377d4A32CEF63f88547893e2256A8, total fee: 133671 gwei (base: 2)" rpc="localhost:8545" scenario=factorydeploytx
time="2026-06-02T03:27:19Z" level=debug msg="deployment tx 465 confirmed in block #9063. deployed at: 0x8d902700e5D9Ae0d893fb66E1F142E76f7dE73ac, total fee: 133671 gwei (base: 2)" rpc="localhost:8545" scenario=factorydeploytx
time="2026-06-02T03:27:19Z" level=debug msg="deployment tx 466 confirmed in block #9063. deployed at: 0x3Ce7c101214557bEd278F75720d5b28901441219, total fee: 133671 gwei (base: 2)" rpc="localhost:8545" scenario=factorydeploytx
time="2026-06-02T03:27:19Z" level=info msg="processed block 9063:  5 total tx, 5 tx confirmed from 5 wallets (995.116µs, 421.619µs)"
time="2026-06-02T03:27:19Z" level=info msg="block 9063: submitted=13, pending=10, confirmed=5, throughput: 5B=4.60 tx/B, 20B=4.55 tx/B, 60B=4.60 tx/B" scenario=factorydeploytx wallets=5
time="2026-06-02T03:27:19Z" level=debug msg="deployment tx 467 confirmed in block #9063. deployed at: 0xFc9767a11f41daD9Ca3C9da194bfc89FcCDF4Cf3, total fee: 133671 gwei (base: 2)" rpc="localhost:8545" scenario=factorydeploytx
time="2026-06-02T03:27:19Z" level=debug msg="deployment tx 468 confirmed in block #9064. deployed at: 0x8EEF67FE7F9e10C94F4626751b338296679cA2C7, total fee: 133671 gwei (base: 2)" rpc="localhost:8545" scenario=factorydeploytx
time="2026-06-02T03:27:19Z" level=debug msg="deployment tx 469 confirmed in block #9064. deployed at: 0xcaE8B6941ce274D6F66F7C5727Cfc40e1734383e, total fee: 133671 gwei (base: 2)" rpc="localhost:8545" scenario=factorydeploytx
time="2026-06-02T03:27:19Z" level=info msg="processed block 9064:  4 total tx, 4 tx confirmed from 4 wallets (1.311889ms, 403.023µs)"
time="2026-06-02T03:27:19Z" level=debug msg="deployment tx 470 confirmed in block #9064. deployed at: 0xae12c974B2553FBf4eB47BC70E04651e9577c513, total fee: 133671 gwei (base: 2)" rpc="localhost:8545" scenario=factorydeploytx
time="2026-06-02T03:27:19Z" level=debug msg="deployment tx 471 confirmed in block #9064. deployed at: 0xe383DCEC70052828ceB9084A466Aa1e6d07AFF07, total fee: 133671 gwei (base: 2)" rpc="localhost:8545" scenario=factorydeploytx
time="2026-06-02T03:27:19Z" level=info msg="block 9064: submitted=0, pending=6, confirmed=4, throughput: 5B=4.40 tx/B, 20B=4.50 tx/B, 60B=4.60 tx/B" scenario=factorydeploytx wallets=4
time="2026-06-02T03:27:19Z" level=debug msg="deployment tx 472 confirmed in block #9065. deployed at: 0xc052ce80E168B898723A1f1997c42E29cceF1c16, total fee: 133671 gwei (base: 2)" rpc="localhost:8545" scenario=factorydeploytx
time="2026-06-02T03:27:19Z" level=debug msg="deployment tx 473 confirmed in block #9065. deployed at: 0xffc98DB9144D790e84322B5bc9FC80119D7723FA, total fee: 133671 gwei (base: 2)" rpc="localhost:8545" scenario=factorydeploytx
time="2026-06-02T03:27:19Z" level=info msg="processed block 9065:  4 total tx, 4 tx confirmed from 4 wallets (998.596µs, 327.275µs)"
time="2026-06-02T03:27:19Z" level=debug msg="deployment tx 474 confirmed in block #9065. deployed at: 0xdA8f7CC353D20EcA0c4575e0D6B1598f8612A344, total fee: 133671 gwei (base: 2)" rpc="localhost:8545" scenario=factorydeploytx
time="2026-06-02T03:27:19Z" level=info msg="block 9065: submitted=0, pending=2, confirmed=4, throughput: 5B=4.40 tx/B, 20B=4.50 tx/B, 60B=4.58 tx/B" scenario=factorydeploytx wallets=4
time="2026-06-02T03:27:19Z" level=debug msg="deployment tx 475 confirmed in block #9065. deployed at: 0x7B961c1b4e994642CF17B394a3E097a74a89941c, total fee: 133671 gwei (base: 2)" rpc="localhost:8545" scenario=factorydeploytx
time="2026-06-02T03:27:20Z" level=debug msg="sent deployment tx #   478: 0xfbae87549e92fbe2abe2734528b9c5471c1908f7020685363abaab6d30cc18b5" nonce=11 rpc="localhost:8545" scenario=factorydeploytx wallet=78
time="2026-06-02T03:27:20Z" level=debug msg="sent deployment tx #   479: 0x3c8a2288c226f8916d69f51de2c6e7f0bb1f5304655d4f1c488d2fe7a5954b0d" nonce=11 rpc="localhost:8545" scenario=factorydeploytx wallet=79
time="2026-06-02T03:27:20Z" level=debug msg="sent deployment tx #   480: 0x40b9ce6305cae9e9fba8dc71ff244ab45023dac63e27f03cbeb7b7a7ab17357a" nonce=11 rpc="localhost:8545" scenario=factorydeploytx wallet=80
time="2026-06-02T03:27:20Z" level=debug msg="sent deployment tx #   481: 0xbac9facfeb27cb1d4129e86fd93f23149613bc7ccf3ed31845cf2eaf360e02fe" nonce=11 rpc="localhost:8545" scenario=factorydeploytx wallet=81
time="2026-06-02T03:27:21Z" level=debug msg="sent deployment tx #   482: 0x7fac1ffdbe0b2766fcab0c558f50b77295efd4de3123f04b1bbd29e6f966bc94" nonce=11 rpc="localhost:8545" scenario=factorydeploytx wallet=82
time="2026-06-02T03:27:21Z" level=debug msg="sent deployment tx #   483: 0x887aae16171eec30a53ba7c1955665a96d1a7367f78766029f6840b435712b6c" nonce=11 rpc="localhost:8545" scenario=factorydeploytx wallet=83
time="2026-06-02T03:27:21Z" level=debug msg="sent deployment tx #   484: 0x0d01d13b4796d6853797c427ce52a892c11a2729d7e85554c6368c1e96188286" nonce=11 rpc="localhost:8545" scenario=factorydeploytx wallet=84
time="2026-06-02T03:27:21Z" level=debug msg="sent deployment tx #   485: 0x15bf37c57decd70d02b5ac0e6db0f3f4e07d859a8bc88cf59083479c69d0293d" nonce=11 rpc="localhost:8545" scenario=factorydeploytx wallet=85
time="2026-06-02T03:27:22Z" level=debug msg="sent deployment tx #   486: 0xb216e684c5c093e07b34c7ea5937a4deacc91c1c7db5d4b9251c83f9d0777da7" nonce=11 rpc="localhost:8545" scenario=factorydeploytx wallet=86
time="2026-06-02T03:27:22Z" level=debug msg="sent deployment tx #   487: 0xa9b19d14956aa7cb460a37a183c98ebb5491fde78478b608a3eb6c52cf7e1a1a" nonce=11 rpc="localhost:8545" scenario=factorydeploytx wallet=87
time="2026-06-02T03:27:22Z" level=debug msg="sent deployment tx #   488: 0x11b38872fbb2ba01f817e5dddaa31bf70239345a4812fbcfab99200565f875aa" nonce=11 rpc="localhost:8545" scenario=factorydeploytx wallet=88
time="2026-06-02T03:27:22Z" level=debug msg="sent deployment tx #   489: 0xccfdcb8b616fe1a20ce81f45cf792dbf1c6f6f5969d3a509e146135518bd1b2c" nonce=11 rpc="localhost:8545" scenario=factorydeploytx wallet=89
time="2026-06-02T03:27:22Z" level=debug msg="sent deployment tx #   490: 0x8ba2e19c90d5bdc21fecf7aa28e0eac2f7565021d635cb10817d835492c34b37" nonce=11 rpc="localhost:8545" scenario=factorydeploytx wallet=90
time="2026-06-02T03:27:22Z" level=debug msg="deployment tx 476 confirmed in block #9066. deployed at: 0x80418Ff65F21944A62Bda9fA1Af3A844c2b82720, total fee: 133671 gwei (base: 2)" rpc="localhost:8545" scenario=factorydeploytx
time="2026-06-02T03:27:22Z" level=debug msg="deployment tx 477 confirmed in block #9066. deployed at: 0x86D7a0A3491A0f59e4378045B035C1AEFadf824C, total fee: 133671 gwei (base: 2)" rpc="localhost:8545" scenario=factorydeploytx
time="2026-06-02T03:27:22Z" level=info msg="processed block 9066:  5 total tx, 5 tx confirmed from 5 wallets (1.135563ms, 323.845µs)"
time="2026-06-02T03:27:22Z" level=info msg="block 9066: submitted=13, pending=10, confirmed=5, throughput: 5B=4.40 tx/B, 20B=4.50 tx/B, 60B=4.58 tx/B" scenario=factorydeploytx wallets=5
time="2026-06-02T03:27:22Z" level=debug msg="deployment tx 478 confirmed in block #9066. deployed at: 0x56D5417cD775fFffDA093cD474D388Ed705Bbf7E, total fee: 133671 gwei (base: 2)" rpc="localhost:8545" scenario=factorydeploytx
time="2026-06-02T03:27:22Z" level=debug msg="deployment tx 479 confirmed in block #9066. deployed at: 0x8d68b466aBc55d5C320F2a84D54F377D3b537f42, total fee: 133671 gwei (base: 2)" rpc="localhost:8545" scenario=factorydeploytx
time="2026-06-02T03:27:22Z" level=debug msg="deployment tx 480 confirmed in block #9066. deployed at: 0x0143D6Da80Bb2b0cA4E370b6Db932b543C8B50E4, total fee: 133671 gwei (base: 2)" rpc="localhost:8545" scenario=factorydeploytx
time="2026-06-02T03:27:23Z" level=info msg="processed block 9067:  5 total tx, 5 tx confirmed from 5 wallets (2.743938ms, 297.509µs)"
time="2026-06-02T03:27:23Z" level=info msg="block 9067: submitted=0, pending=5, confirmed=5, throughput: 5B=4.60 tx/B, 20B=4.50 tx/B, 60B=4.60 tx/B" scenario=factorydeploytx wallets=5
time="2026-06-02T03:27:23Z" level=debug msg="deployment tx 481 confirmed in block #9067. deployed at: 0xe0E9DAF9EbD07415f551C824Bc01776170ddfb49, total fee: 133671 gwei (base: 2)" rpc="localhost:8545" scenario=factorydeploytx
time="2026-06-02T03:27:23Z" level=debug msg="deployment tx 482 confirmed in block #9067. deployed at: 0xe31d82dc98E5e79b40be4b88c15564c108C8E07c, total fee: 133671 gwei (base: 2)" rpc="localhost:8545" scenario=factorydeploytx
time="2026-06-02T03:27:23Z" level=debug msg="deployment tx 483 confirmed in block #9067. deployed at: 0x2c81734d4542A4709D88931A96b9486dBdDF4783, total fee: 133671 gwei (base: 2)" rpc="localhost:8545" scenario=factorydeploytx
time="2026-06-02T03:27:23Z" level=debug msg="deployment tx 484 confirmed in block #9067. deployed at: 0xcafBD9D3ca203c81313Ed7D5F6C6FB06cE1d3580, total fee: 133671 gwei (base: 2)" rpc="localhost:8545" scenario=factorydeploytx
time="2026-06-02T03:27:23Z" level=debug msg="deployment tx 485 confirmed in block #9067. deployed at: 0xffbA3c560f93A106aF6439ecA9644300F7fdd725, total fee: 133671 gwei (base: 2)" rpc="localhost:8545" scenario=factorydeploytx
time="2026-06-02T03:27:23Z" level=debug msg="deployment tx 486 confirmed in block #9068. deployed at: 0x585E6272f61deAF144274e7A340F1B91E9DB3D7C, total fee: 133670 gwei (base: 2)" rpc="localhost:8545" scenario=factorydeploytx
time="2026-06-02T03:27:23Z" level=debug msg="deployment tx 487 confirmed in block #9068. deployed at: 0x8035EbF4fdEB278CAEF9B627B180C4616C34de92, total fee: 133670 gwei (base: 2)" rpc="localhost:8545" scenario=factorydeploytx
time="2026-06-02T03:27:23Z" level=debug msg="deployment tx 488 confirmed in block #9068. deployed at: 0xAcBBaF9355CFDa999F8B7b7F3cF403Ac7D87df0e, total fee: 133670 gwei (base: 2)" rpc="localhost:8545" scenario=factorydeploytx
time="2026-06-02T03:27:23Z" level=info msg="processed block 9068:  4 total tx, 4 tx confirmed from 4 wallets (999.928µs, 255.418µs)"
time="2026-06-02T03:27:23Z" level=info msg="block 9068: submitted=0, pending=1, confirmed=4, throughput: 5B=4.40 tx/B, 20B=4.50 tx/B, 60B=4.58 tx/B" scenario=factorydeploytx wallets=4
time="2026-06-02T03:27:23Z" level=debug msg="deployment tx 489 confirmed in block #9068. deployed at: 0x1116f68A01B5509EC1A6F7007849cD21551e7ee5, total fee: 133670 gwei (base: 2)" rpc="localhost:8545" scenario=factorydeploytx
time="2026-06-02T03:27:23Z" level=debug msg="sent deployment tx #   491: 0x96520935450085cba896e3f0df7607377d070f9af4ac67e7a9a0989fb2757355" nonce=11 rpc="localhost:8545" scenario=factorydeploytx wallet=91
time="2026-06-02T03:27:23Z" level=debug msg="sent deployment tx #   492: 0xef3cf617b5dabacbdeb1c1a703e836b97b3736acfc244a4eb92043a696f083f6" nonce=11 rpc="localhost:8545" scenario=factorydeploytx wallet=92
time="2026-06-02T03:27:23Z" level=debug msg="sent deployment tx #   493: 0x176950d000d8bdd3deb9bfc63d94763d66e6cb96fef7393333c556c808f62d75" nonce=11 rpc="localhost:8545" scenario=factorydeploytx wallet=93
time="2026-06-02T03:27:23Z" level=debug msg="sent deployment tx #   494: 0x769efcb4c57139d2489a03e1f828517f1de77291d85897e62ee52c802b56f546" nonce=11 rpc="localhost:8545" scenario=factorydeploytx wallet=94
time="2026-06-02T03:27:24Z" level=debug msg="sent deployment tx #   495: 0x06c3acd8f2b5945bf0c9a7c95927cd5cf3c00de852e9913766444329146d72f6" nonce=11 rpc="localhost:8545" scenario=factorydeploytx wallet=95
time="2026-06-02T03:27:24Z" level=debug msg="sent deployment tx #   496: 0x117b2b1843b1fd41abe985a5735deca3bd01bace37b39c01521529d0c4e9af4c" nonce=11 rpc="localhost:8545" scenario=factorydeploytx wallet=96
time="2026-06-02T03:27:24Z" level=debug msg="sent deployment tx #   497: 0x491b1feba09842624821ec31bd32faa6847ba8a48d8fe8013709d7a8cd129867" nonce=11 rpc="localhost:8545" scenario=factorydeploytx wallet=97
time="2026-06-02T03:27:24Z" level=debug msg="sent deployment tx #   498: 0x7578ac60ac7264e558e3875bf5af65b6feef30858077f35946b99d870a9d3517" nonce=11 rpc="localhost:8545" scenario=factorydeploytx wallet=98
time="2026-06-02T03:27:25Z" level=debug msg="sent deployment tx #   499: 0xa5aa312c8ca183ac3bd9aed88ea699f1917f15e605f2c468ce6c185b7d72a27c" nonce=11 rpc="localhost:8545" scenario=factorydeploytx wallet=99
time="2026-06-02T03:27:25Z" level=debug msg="sent deployment tx #   500: 0xc56d126cf56b8ff6f0e045cb4b3efaa76764fb9801261807c302a84aa945adb8" nonce=11 rpc="localhost:8545" scenario=factorydeploytx wallet=100
time="2026-06-02T03:27:25Z" level=info msg="client check completed (1 good clients, 0 bad clients)" module=clientpool
time="2026-06-02T03:27:25Z" level=debug msg="sent deployment tx #   501: 0x8c2581c71361fae9a5fa734b3ad845712566441cf67cfd288a49226c33599daf" nonce=104 rpc="localhost:8545" scenario=factorydeploytx wallet=1
time="2026-06-02T03:27:25Z" level=debug msg="sent deployment tx #   502: 0x75712a4960cbe691fb3b31499895f64e90201b6a26c1601538f94c23f2c2162a" nonce=104 rpc="localhost:8545" scenario=factorydeploytx wallet=2
time="2026-06-02T03:27:25Z" level=info msg="checked child wallets (no funding needed)" module=walletpool
time="2026-06-02T03:27:26Z" level=debug msg="deployment tx 490 confirmed in block #9069. deployed at: 0x8c4f10E3349C5f1443F3b6480e4B2A0ae889a330, total fee: 133670 gwei (base: 2)" rpc="localhost:8545" scenario=factorydeploytx
time="2026-06-02T03:27:26Z" level=debug msg="deployment tx 491 confirmed in block #9069. deployed at: 0xd3b9C4f79Bef1e95FD703032E96AB23f7f947E45, total fee: 133670 gwei (base: 2)" rpc="localhost:8545" scenario=factorydeploytx
time="2026-06-02T03:27:26Z" level=debug msg="deployment tx 492 confirmed in block #9069. deployed at: 0x9caBaBedd8c95c27C2F6371E48AbbDA578BCdb95, total fee: 133670 gwei (base: 2)" rpc="localhost:8545" scenario=factorydeploytx
time="2026-06-02T03:27:26Z" level=info msg="processed block 9069:  5 total tx, 5 tx confirmed from 5 wallets (1.564831ms, 523.47µs)"
time="2026-06-02T03:27:26Z" level=info msg="block 9069: submitted=12, pending=4, confirmed=5, throughput: 5B=4.60 tx/B, 20B=4.50 tx/B, 60B=4.60 tx/B" scenario=factorydeploytx wallets=5
time="2026-06-02T03:27:26Z" level=debug msg="deployment tx 493 confirmed in block #9069. deployed at: 0xfd38CD4f2090B76EDd1a99593Bb6B5B3DCdF211c, total fee: 133670 gwei (base: 2)" rpc="localhost:8545" scenario=factorydeploytx
time="2026-06-02T03:27:26Z" level=debug msg="deployment tx 494 confirmed in block #9069. deployed at: 0xAABd2eFD074EBFb09223D13C4c4422cf5f6af9CE, total fee: 133670 gwei (base: 2)" rpc="localhost:8545" scenario=factorydeploytx
time="2026-06-02T03:27:26Z" level=debug msg="deployment tx 495 confirmed in block #9070. deployed at: 0xe405e58C78D6bd4dABA1a34E203bc1B6801dC38e, total fee: 133670 gwei (base: 2)" rpc="localhost:8545" scenario=factorydeploytx
time="2026-06-02T03:27:26Z" level=debug msg="deployment tx 496 confirmed in block #9070. deployed at: 0x5EBf31EbFD61aF3a11cD011966a0dF4C8f577EEb, total fee: 133670 gwei (base: 2)" rpc="localhost:8545" scenario=factorydeploytx
time="2026-06-02T03:27:26Z" level=info msg="processed block 9070:  4 total tx, 4 tx confirmed from 4 wallets (1.060854ms, 378.761µs)"
time="2026-06-02T03:27:26Z" level=info msg="block 9070: submitted=0, pending=4, confirmed=4, throughput: 5B=4.60 tx/B, 20B=4.50 tx/B, 60B=4.58 tx/B" scenario=factorydeploytx wallets=4
time="2026-06-02T03:27:26Z" level=debug msg="deployment tx 497 confirmed in block #9070. deployed at: 0x3949667208e3bbdFD4E9d3F39bE65a6D0fB35bDb, total fee: 133670 gwei (base: 2)" rpc="localhost:8545" scenario=factorydeploytx
time="2026-06-02T03:27:26Z" level=debug msg="deployment tx 498 confirmed in block #9070. deployed at: 0xb3909dF6A1495c91973727F21E9fAc1CE8aa3dDF, total fee: 133670 gwei (base: 2)" rpc="localhost:8545" scenario=factorydeploytx
time="2026-06-02T03:27:26Z" level=debug msg="sent deployment tx #   503: 0x431eff431633d063fc9e83031a4032909d1d384c1ec68ac0f8cf68440413601f" nonce=109 rpc="localhost:8545" scenario=factorydeploytx wallet=3
time="2026-06-02T03:27:26Z" level=debug msg="sent deployment tx #   504: 0x845217321ad74528c0e8dcf1cd10b0405e356045a3f96771d8a5b93a73c5f834" nonce=116 rpc="localhost:8545" scenario=factorydeploytx wallet=4
time="2026-06-02T03:27:26Z" level=debug msg="sent deployment tx #   505: 0xcfb7f75eaa6e1e9da94ea1fcd7fd41e19ab35d7dff6dc76bac00ab93698b0a4b" nonce=116 rpc="localhost:8545" scenario=factorydeploytx wallet=5
time="2026-06-02T03:27:26Z" level=debug msg="sent deployment tx #   506: 0xb8882e65f29781c0af92282e4d51bfbfb0f32b92bbdb688f8f4c90ca6314ae02" nonce=116 rpc="localhost:8545" scenario=factorydeploytx wallet=6
time="2026-06-02T03:27:27Z" level=debug msg="sent deployment tx #   507: 0x474108586fd87c70deb14fdb466ea20762ef1ce98c4b28fc1b3e843f53776355" nonce=100 rpc="localhost:8545" scenario=factorydeploytx wallet=7
time="2026-06-02T03:27:27Z" level=debug msg="sent deployment tx #   508: 0x842d57b1007995115e2d9222548c3ac5be20cdb3f8d4255dfcd4fe1ceb3e8335" nonce=100 rpc="localhost:8545" scenario=factorydeploytx wallet=8
time="2026-06-02T03:27:27Z" level=debug msg="sent deployment tx #   509: 0xf94ef80088cb66754476bd3ff4bba7f81ba36a1334a470888263e9eedbf1a2f4" nonce=100 rpc="localhost:8545" scenario=factorydeploytx wallet=9
time="2026-06-02T03:27:27Z" level=debug msg="sent deployment tx #   510: 0xd7fb6efd931690579c610bca29e12d27bd5b0ac9ee82c38f8ab71e2d2be75384" nonce=100 rpc="localhost:8545" scenario=factorydeploytx wallet=10
time="2026-06-02T03:27:28Z" level=debug msg="sent deployment tx #   511: 0x49243741812ee28981efd67bd1d7834487135d44f9025a446c0f1b1f889f7747" nonce=12 rpc="localhost:8545" scenario=factorydeploytx wallet=11
time="2026-06-02T03:27:28Z" level=debug msg="sent deployment tx #   512: 0x09e215dd04751b49577f15943b9d9e6adf13dfa29f904d09b6e8168f4ba1fd2d" nonce=12 rpc="localhost:8545" scenario=factorydeploytx wallet=12
time="2026-06-02T03:27:28Z" level=debug msg="sent deployment tx #   513: 0xc5325c669aa49b11d418b4274d51e635b11c78b7d566f7896b85a305c1d8f99f" nonce=12 rpc="localhost:8545" scenario=factorydeploytx wallet=13
time="2026-06-02T03:27:28Z" level=debug msg="sent deployment tx #   514: 0xe6e7ec184e03e5baeb5725c8347342757bc721c84147fcafbecdc6a9bd8b4e7e" nonce=12 rpc="localhost:8545" scenario=factorydeploytx wallet=14
time="2026-06-02T03:27:28Z" level=debug msg="sent deployment tx #   515: 0x90ed52ca686b287456a86aeb5ebc6767e0d6676988ceffef7248262a7d529613" nonce=12 rpc="localhost:8545" scenario=factorydeploytx wallet=15
time="2026-06-02T03:27:29Z" level=debug msg="deployment tx 499 confirmed in block #9071. deployed at: 0x9605d793EA74f03B38557FDC863621796Ce24774, total fee: 133670 gwei (base: 2)" rpc="localhost:8545" scenario=factorydeploytx
time="2026-06-02T03:27:29Z" level=debug msg="deployment tx 500 confirmed in block #9071. deployed at: 0x6282a275028DB80be247727eCB39FD8753ef5836, total fee: 133670 gwei (base: 2)" rpc="localhost:8545" scenario=factorydeploytx
time="2026-06-02T03:27:29Z" level=debug msg="deployment tx 501 confirmed in block #9071. deployed at: 0x71fb58678EB12154AD5DaAcc25Cb5e33fbAE641d, total fee: 133670 gwei (base: 2)" rpc="localhost:8545" scenario=factorydeploytx
time="2026-06-02T03:27:29Z" level=debug msg="deployment tx 502 confirmed in block #9071. deployed at: 0xdECF9f62DF8B9fC1769beAed915963C93cfF07e8, total fee: 133670 gwei (base: 2)" rpc="localhost:8545" scenario=factorydeploytx
time="2026-06-02T03:27:29Z" level=info msg="processed block 9071:  5 total tx, 5 tx confirmed from 5 wallets (1.437807ms, 335.358µs)"
time="2026-06-02T03:27:29Z" level=info msg="block 9071: submitted=13, pending=12, confirmed=5, throughput: 5B=4.60 tx/B, 20B=4.50 tx/B, 60B=4.58 tx/B" scenario=factorydeploytx wallets=5
time="2026-06-02T03:27:29Z" level=debug msg="deployment tx 503 confirmed in block #9071. deployed at: 0x59f09b3966497Ed05892dd3eF633E23d79E0697C, total fee: 133670 gwei (base: 2)" rpc="localhost:8545" scenario=factorydeploytx
time="2026-06-02T03:27:29Z" level=info msg="processed block 9072:  4 total tx, 4 tx confirmed from 4 wallets (1.361939ms, 413.241µs)"
time="2026-06-02T03:27:29Z" level=info msg="block 9072: submitted=0, pending=8, confirmed=4, throughput: 5B=4.40 tx/B, 20B=4.50 tx/B, 60B=4.58 tx/B" scenario=factorydeploytx wallets=4
time="2026-06-02T03:27:29Z" level=debug msg="deployment tx 504 confirmed in block #9072. deployed at: 0x31847d67129E82661C6c465d5D2A9BE4F1068a9e, total fee: 133670 gwei (base: 2)" rpc="localhost:8545" scenario=factorydeploytx
time="2026-06-02T03:27:29Z" level=debug msg="deployment tx 505 confirmed in block #9072. deployed at: 0xfb3A6Db7c69B220aC7e90c8c9b94AA61836bA0Ea, total fee: 133670 gwei (base: 2)" rpc="localhost:8545" scenario=factorydeploytx
time="2026-06-02T03:27:29Z" level=debug msg="deployment tx 506 confirmed in block #9072. deployed at: 0x5e53760A3e46d091ffa4d2F8F27725cB3b6F7986, total fee: 133670 gwei (base: 2)" rpc="localhost:8545" scenario=factorydeploytx
time="2026-06-02T03:27:29Z" level=debug msg="deployment tx 507 confirmed in block #9072. deployed at: 0x4e76592f257e2c96DC7F98D73Cb78402e1654869, total fee: 133670 gwei (base: 2)" rpc="localhost:8545" scenario=factorydeploytx
time="2026-06-02T03:27:29Z" level=debug msg="deployment tx 508 confirmed in block #9073. deployed at: 0xa8ecaC95B4Ba4C646b732878382721FbfAb02954, total fee: 133670 gwei (base: 2)" rpc="localhost:8545" scenario=factorydeploytx
time="2026-06-02T03:27:29Z" level=debug msg="deployment tx 509 confirmed in block #9073. deployed at: 0x2e72aF019b7dB8e3049F76e0138D216b616BEBE9, total fee: 133670 gwei (base: 2)" rpc="localhost:8545" scenario=factorydeploytx
time="2026-06-02T03:27:29Z" level=debug msg="deployment tx 510 confirmed in block #9073. deployed at: 0x2cfF94AAf57C4AAaf0343483C04f8D74DBc28a88, total fee: 133670 gwei (base: 2)" rpc="localhost:8545" scenario=factorydeploytx
time="2026-06-02T03:27:29Z" level=info msg="processed block 9073:  5 total tx, 5 tx confirmed from 5 wallets (1.096225ms, 552.597µs)"
time="2026-06-02T03:27:29Z" level=debug msg="deployment tx 511 confirmed in block #9073. deployed at: 0x552F7034e5f5B74032E6701CDa6737f863D106CE, total fee: 133670 gwei (base: 2)" rpc="localhost:8545" scenario=factorydeploytx
time="2026-06-02T03:27:29Z" level=info msg="block 9073: submitted=0, pending=3, confirmed=5, throughput: 5B=4.60 tx/B, 20B=4.50 tx/B, 60B=4.58 tx/B" scenario=factorydeploytx wallets=5
time="2026-06-02T03:27:29Z" level=debug msg="deployment tx 512 confirmed in block #9073. deployed at: 0x5feEEb7B0C8Abaacb320db46677682BB98C03e3F, total fee: 133670 gwei (base: 2)" rpc="localhost:8545" scenario=factorydeploytx
time="2026-06-02T03:27:29Z" level=debug msg="sent deployment tx #   516: 0xcf86b5f8ab3b89efdffb37e1fcb9e984b21ef0f16499102f01846f118c0a8d0c" nonce=12 rpc="localhost:8545" scenario=factorydeploytx wallet=16
time="2026-06-02T03:27:29Z" level=debug msg="sent deployment tx #   517: 0x860cde96f16e07e8fa9e3462c2ffe0152c44ba92a344e22cae5668931707c3ce" nonce=12 rpc="localhost:8545" scenario=factorydeploytx wallet=17
time="2026-06-02T03:27:29Z" level=debug msg="sent deployment tx #   518: 0x2f75c9f515b85086eeb99785f98b22705ae5da9e27625ab237bcbd4a7e73e977" nonce=12 rpc="localhost:8545" scenario=factorydeploytx wallet=18
time="2026-06-02T03:27:29Z" level=debug msg="sent deployment tx #   519: 0xabbbefd70d14f00caa6ce7d655c9d10ce45e43c0d48091537517681708b11a36" nonce=12 rpc="localhost:8545" scenario=factorydeploytx wallet=19
time="2026-06-02T03:27:30Z" level=debug msg="sent deployment tx #   520: 0x5184a6b2b4fdc681147fdc84bb9f17354356932235462bef924c571d1b85573b" nonce=12 rpc="localhost:8545" scenario=factorydeploytx wallet=20
time="2026-06-02T03:27:30Z" level=debug msg="sent deployment tx #   521: 0xd7d4043fe2ce349728bbb91e744f389fa98687caf61260b0ca229b0fea9b860a" nonce=12 rpc="localhost:8545" scenario=factorydeploytx wallet=21
time="2026-06-02T03:27:30Z" level=debug msg="sent deployment tx #   522: 0x17b4ec98e6ac04edf79b3aa1bae3e269f0c425e5270f92602f53bea0b6d73c3b" nonce=12 rpc="localhost:8545" scenario=factorydeploytx wallet=22
time="2026-06-02T03:27:30Z" level=debug msg="sent deployment tx #   523: 0x5dd1d2296e0735bdbe9ba2acf637bd9f58c31956d0d9d41f1da9ad1a90f20159" nonce=12 rpc="localhost:8545" scenario=factorydeploytx wallet=23
time="2026-06-02T03:27:31Z" level=debug msg="sent deployment tx #   524: 0xbc19ef11feb76c391fc8f218217ce5f925a2ce7ebb495eca29ed8d57dc31ffa9" nonce=12 rpc="localhost:8545" scenario=factorydeploytx wallet=24
time="2026-06-02T03:27:31Z" level=debug msg="sent deployment tx #   525: 0x75f8733721994456f6bfcd7bc266922b595bad0d792a1da090d8d18eeb23c167" nonce=12 rpc="localhost:8545" scenario=factorydeploytx wallet=25
time="2026-06-02T03:27:31Z" level=debug msg="sent deployment tx #   526: 0x697b46ceca8a7db6e74ceb3be455d44b185cdfbad10b7c83b7444ab2219c948f" nonce=12 rpc="localhost:8545" scenario=factorydeploytx wallet=26
time="2026-06-02T03:27:31Z" level=debug msg="sent deployment tx #   527: 0x6f6ebfc88205f3b83ae7ed6b29fcbc61bdbee50f0d922bb1553e72e5e8c803fd" nonce=12 rpc="localhost:8545" scenario=factorydeploytx wallet=27
time="2026-06-02T03:27:32Z" level=debug msg="deployment tx 513 confirmed in block #9074. deployed at: 0x1E4bc114750EBC32f1f7BEA68bdC2aE95C38EeDD, total fee: 133670 gwei (base: 2)" rpc="localhost:8545" scenario=factorydeploytx
time="2026-06-02T03:27:32Z" level=debug msg="deployment tx 514 confirmed in block #9074. deployed at: 0xF9D9070f630cd570EE4369e4c92a64b94339006a, total fee: 133670 gwei (base: 2)" rpc="localhost:8545" scenario=factorydeploytx
time="2026-06-02T03:27:32Z" level=debug msg="deployment tx 515 confirmed in block #9074. deployed at: 0x4A90AaA34a4c845AFCb1424CFe0778A17a535AB6, total fee: 133670 gwei (base: 2)" rpc="localhost:8545" scenario=factorydeploytx
time="2026-06-02T03:27:32Z" level=info msg="processed block 9074:  4 total tx, 4 tx confirmed from 4 wallets (1.292248ms, 335.736µs)"
time="2026-06-02T03:27:32Z" level=debug msg="deployment tx 516 confirmed in block #9074. deployed at: 0x7299001005A66246Ef9f437c65Ce36cCbe915a76, total fee: 133670 gwei (base: 2)" rpc="localhost:8545" scenario=factorydeploytx
time="2026-06-02T03:27:32Z" level=info msg="block 9074: submitted=12, pending=11, confirmed=4, throughput: 5B=4.40 tx/B, 20B=4.50 tx/B, 60B=4.57 tx/B" scenario=factorydeploytx wallets=4
time="2026-06-02T03:27:32Z" level=debug msg="deployment tx 517 confirmed in block #9075. deployed at: 0x558181EbAb0A89aD2ADe7526e3b3223a02B1Bbd6, total fee: 133670 gwei (base: 2)" rpc="localhost:8545" scenario=factorydeploytx
time="2026-06-02T03:27:32Z" level=debug msg="deployment tx 518 confirmed in block #9075. deployed at: 0xB309DF235A9FBd6B051d846ca8b79cd072fcF7e1, total fee: 133670 gwei (base: 2)" rpc="localhost:8545" scenario=factorydeploytx
time="2026-06-02T03:27:32Z" level=debug msg="deployment tx 519 confirmed in block #9075. deployed at: 0xC7D2c1be174c4d441A199dad02a720275D75d681, total fee: 133670 gwei (base: 2)" rpc="localhost:8545" scenario=factorydeploytx
time="2026-06-02T03:27:32Z" level=debug msg="deployment tx 520 confirmed in block #9075. deployed at: 0x29973C6A9feCfD32B249502fa3874BD125b10953, total fee: 133670 gwei (base: 2)" rpc="localhost:8545" scenario=factorydeploytx
time="2026-06-02T03:27:32Z" level=debug msg="deployment tx 521 confirmed in block #9075. deployed at: 0x61C8Ae88deeb56943dA7aA299D12B9aCB206B445, total fee: 133670 gwei (base: 2)" rpc="localhost:8545" scenario=factorydeploytx
time="2026-06-02T03:27:32Z" level=info msg="processed block 9075:  5 total tx, 5 tx confirmed from 5 wallets (1.022118ms, 477.533µs)"
time="2026-06-02T03:27:32Z" level=info msg="block 9075: submitted=0, pending=6, confirmed=5, throughput: 5B=4.60 tx/B, 20B=4.50 tx/B, 60B=4.58 tx/B" scenario=factorydeploytx wallets=5
time="2026-06-02T03:27:32Z" level=debug msg="deployment tx 522 confirmed in block #9076. deployed at: 0x8BeEE2A5d910589d4D2c5984A6c96D33a85F8F4e, total fee: 133670 gwei (base: 2)" rpc="localhost:8545" scenario=factorydeploytx
time="2026-06-02T03:27:32Z" level=debug msg="deployment tx 523 confirmed in block #9076. deployed at: 0x1733f18Bad46195a5588b5Fb9a18139F4BB2f100, total fee: 133670 gwei (base: 2)" rpc="localhost:8545" scenario=factorydeploytx
time="2026-06-02T03:27:32Z" level=debug msg="deployment tx 524 confirmed in block #9076. deployed at: 0x809760e1CD83807fE163C8A644cFcb7E7bb9231d, total fee: 133670 gwei (base: 2)" rpc="localhost:8545" scenario=factorydeploytx
time="2026-06-02T03:27:32Z" level=info msg="processed block 9076:  4 total tx, 4 tx confirmed from 4 wallets (792.542µs, 267.92µs)"
time="2026-06-02T03:27:32Z" level=info msg="block 9076: submitted=0, pending=2, confirmed=4, throughput: 5B=4.40 tx/B, 20B=4.50 tx/B, 60B=4.57 tx/B" scenario=factorydeploytx wallets=4
time="2026-06-02T03:27:32Z" level=debug msg="deployment tx 525 confirmed in block #9076. deployed at: 0xda8F94093d33296Ab9A8E58b996858D7dD8396E0, total fee: 133670 gwei (base: 2)" rpc="localhost:8545" scenario=factorydeploytx
time="2026-06-02T03:27:32Z" level=debug msg="sent deployment tx #   528: 0x3853bfa440013879c96442897be352591ca53470aecf9705a045ddbf72e08628" nonce=12 rpc="localhost:8545" scenario=factorydeploytx wallet=28
time="2026-06-02T03:27:32Z" level=debug msg="sent deployment tx #   529: 0xea59ee7a30466bedf4b4c5bed42136d295313d72e1e2ecf4e45f3edbb53f3e82" nonce=12 rpc="localhost:8545" scenario=factorydeploytx wallet=29
time="2026-06-02T03:27:32Z" level=debug msg="sent deployment tx #   530: 0x7898b3ef1616bf53708aefb20503e833fcbc97640bf6a2bf4aaf95c3ff5e17a7" nonce=12 rpc="localhost:8545" scenario=factorydeploytx wallet=30
time="2026-06-02T03:27:32Z" level=debug msg="sent deployment tx #   531: 0x3c40b935e4e0659c8027b4c51159fc493da25d50c2824bc799fae49bd60ea635" nonce=12 rpc="localhost:8545" scenario=factorydeploytx wallet=31
time="2026-06-02T03:27:33Z" level=debug msg="sent deployment tx #   532: 0x968a78dc0948c8d80f8b5c5fb1f96b348d8f5d5fae2fc36a040fbc3be2fa07bb" nonce=12 rpc="localhost:8545" scenario=factorydeploytx wallet=32
time="2026-06-02T03:27:33Z" level=debug msg="sent deployment tx #   533: 0xce815840705379203c090039784f8e0c2a85c837cb5578b5325c6524ba29af50" nonce=12 rpc="localhost:8545" scenario=factorydeploytx wallet=33
time="2026-06-02T03:27:33Z" level=debug msg="sent deployment tx #   534: 0x1f93b523e62c0d248c2bc48ff5e4fe9f2e578fb5f380f32f9fb492cdfed56934" nonce=12 rpc="localhost:8545" scenario=factorydeploytx wallet=34
time="2026-06-02T03:27:33Z" level=debug msg="sent deployment tx #   535: 0x0953c5dbe080cbc55b47b84e90731cbee5a046c2bed67bbb4a39eac85826f02c" nonce=12 rpc="localhost:8545" scenario=factorydeploytx wallet=35
time="2026-06-02T03:27:34Z" level=debug msg="sent deployment tx #   536: 0x5b4230729f3167ea1d407387a3cd9fa871ac28d093c1fd4383c274f14f2ac164" nonce=12 rpc="localhost:8545" scenario=factorydeploytx wallet=36
time="2026-06-02T03:27:34Z" level=debug msg="sent deployment tx #   537: 0xf20052ec42370cb1ed11c85eece5868e26238c6ad8438d69dbbc93d37c37b139" nonce=12 rpc="localhost:8545" scenario=factorydeploytx wallet=37
time="2026-06-02T03:27:34Z" level=debug msg="sent deployment tx #   538: 0x2bc4a0a10922ecabb2ff8adbd5a0d89eab32024ac8e0b5e82d63b5fe33bed7df" nonce=12 rpc="localhost:8545" scenario=factorydeploytx wallet=38
time="2026-06-02T03:27:34Z" level=debug msg="sent deployment tx #   539: 0x8eb73942123c81e908b511e5f4e179394081e1857d0038107eba26aadc8b76d9" nonce=12 rpc="localhost:8545" scenario=factorydeploytx wallet=39
time="2026-06-02T03:27:34Z" level=debug msg="sent deployment tx #   540: 0xab1bca7aab40fc2b56ad3516966a09db1d36095ec4019d23729430add3d93ea7" nonce=12 rpc="localhost:8545" scenario=factorydeploytx wallet=40
time="2026-06-02T03:27:35Z" level=debug msg="deployment tx 526 confirmed in block #9077. deployed at: 0x60efe73Af7EF65180af4C1aF78B4A0edcf9218dc, total fee: 133670 gwei (base: 2)" rpc="localhost:8545" scenario=factorydeploytx
time="2026-06-02T03:27:35Z" level=debug msg="deployment tx 527 confirmed in block #9077. deployed at: 0xFDBE6FaF09E3aAA26D32537c6a3753381Ba4b342, total fee: 133670 gwei (base: 2)" rpc="localhost:8545" scenario=factorydeploytx
time="2026-06-02T03:27:35Z" level=debug msg="deployment tx 528 confirmed in block #9077. deployed at: 0x14f096ab8290A67932E13e2A404396F5e321E67c, total fee: 133670 gwei (base: 2)" rpc="localhost:8545" scenario=factorydeploytx
time="2026-06-02T03:27:35Z" level=debug msg="deployment tx 529 confirmed in block #9077. deployed at: 0x22cDA4993C0F5599bb1048Cc5F91ED6F3652488b, total fee: 133670 gwei (base: 2)" rpc="localhost:8545" scenario=factorydeploytx
time="2026-06-02T03:27:35Z" level=info msg="processed block 9077:  5 total tx, 5 tx confirmed from 5 wallets (1.308727ms, 333.197µs)"
time="2026-06-02T03:27:35Z" level=info msg="block 9077: submitted=13, pending=10, confirmed=5, throughput: 5B=4.60 tx/B, 20B=4.50 tx/B, 60B=4.57 tx/B" scenario=factorydeploytx wallets=5
time="2026-06-02T03:27:35Z" level=debug msg="deployment tx 530 confirmed in block #9077. deployed at: 0x9853F5444D49198fb89679dae7709Bf549E38CF1, total fee: 133670 gwei (base: 2)" rpc="localhost:8545" scenario=factorydeploytx
time="2026-06-02T03:27:35Z" level=info msg="processed block 9078:  4 total tx, 4 tx confirmed from 4 wallets (864.415µs, 247.246µs)"
time="2026-06-02T03:27:35Z" level=info msg="block 9078: submitted=0, pending=6, confirmed=4, throughput: 5B=4.40 tx/B, 20B=4.50 tx/B, 60B=4.57 tx/B" scenario=factorydeploytx wallets=4
time="2026-06-02T03:27:35Z" level=debug msg="deployment tx 531 confirmed in block #9078. deployed at: 0x27BEB8a3815E44d83e1C390Ad3CcDCfc9D2cf422, total fee: 133670 gwei (base: 2)" rpc="localhost:8545" scenario=factorydeploytx
time="2026-06-02T03:27:35Z" level=debug msg="deployment tx 532 confirmed in block #9078. deployed at: 0x939aF5476129180D62934b14F1d9c9D316CdaB8d, total fee: 133670 gwei (base: 2)" rpc="localhost:8545" scenario=factorydeploytx
time="2026-06-02T03:27:35Z" level=debug msg="deployment tx 533 confirmed in block #9078. deployed at: 0xA3C9D822c5344e8c2e0bBCa6980CCEf4C11f28F5, total fee: 133670 gwei (base: 2)" rpc="localhost:8545" scenario=factorydeploytx
time="2026-06-02T03:27:35Z" level=debug msg="deployment tx 534 confirmed in block #9078. deployed at: 0xF19A9cC45289f557CDcF8A2067174C5c06422961, total fee: 133670 gwei (base: 2)" rpc="localhost:8545" scenario=factorydeploytx
time="2026-06-02T03:27:35Z" level=info msg="processed block 9079:  5 total tx, 5 tx confirmed from 5 wallets (918.904µs, 287.852µs)"
time="2026-06-02T03:27:35Z" level=info msg="block 9079: submitted=0, pending=1, confirmed=5, throughput: 5B=4.60 tx/B, 20B=4.50 tx/B, 60B=4.57 tx/B" scenario=factorydeploytx wallets=5
time="2026-06-02T03:27:35Z" level=debug msg="deployment tx 535 confirmed in block #9079. deployed at: 0xbc3C78BC67D9e54CFa71aB7aB2674002CA61672D, total fee: 133670 gwei (base: 2)" rpc="localhost:8545" scenario=factorydeploytx
time="2026-06-02T03:27:35Z" level=debug msg="deployment tx 536 confirmed in block #9079. deployed at: 0xCccB3378713D74e1066729906eFc15670Bb7d6Dc, total fee: 133670 gwei (base: 2)" rpc="localhost:8545" scenario=factorydeploytx
time="2026-06-02T03:27:35Z" level=debug msg="deployment tx 537 confirmed in block #9079. deployed at: 0xD104Ed2d8c9F9772f5d34c92FADCE37C221128e6, total fee: 133670 gwei (base: 2)" rpc="localhost:8545" scenario=factorydeploytx
time="2026-06-02T03:27:35Z" level=debug msg="deployment tx 538 confirmed in block #9079. deployed at: 0xF98E4F0042b6167A918F9543C8a116B4f2192491, total fee: 133670 gwei (base: 2)" rpc="localhost:8545" scenario=factorydeploytx
time="2026-06-02T03:27:35Z" level=debug msg="deployment tx 539 confirmed in block #9079. deployed at: 0xc756D27E02AB55a9C14A5356AeF2Af71ccC17559, total fee: 133670 gwei (base: 2)" rpc="localhost:8545" scenario=factorydeploytx
time="2026-06-02T03:27:35Z" level=debug msg="sent deployment tx #   541: 0x57d91e7d828a4f8832d312f635e80b02e644584fbe8166e61722985f6dba9b68" nonce=12 rpc="localhost:8545" scenario=factorydeploytx wallet=41
time="2026-06-02T03:27:35Z" level=debug msg="sent deployment tx #   542: 0xd90a6588ddd17f2123897350d15f6de4be7151fb1413b319f66d201077465c01" nonce=12 rpc="localhost:8545" scenario=factorydeploytx wallet=42
time="2026-06-02T03:27:35Z" level=debug msg="sent deployment tx #   543: 0x0a0d350922c8d58a1869bcf694b2de3a03a4f8cbab5bddc3b5df545cf722778c" nonce=12 rpc="localhost:8545" scenario=factorydeploytx wallet=43
time="2026-06-02T03:27:35Z" level=debug msg="sent deployment tx #   544: 0xc2c0aea53b4df4bc0119b33eb687ec25ed537ff1b71b79370f64c05eeade345a" nonce=12 rpc="localhost:8545" scenario=factorydeploytx wallet=44
time="2026-06-02T03:27:36Z" level=debug msg="sent deployment tx #   545: 0xff4a18bf5c19b830c4ac68965742831353db0672dd36649b6a0a919b52e6abff" nonce=12 rpc="localhost:8545" scenario=factorydeploytx wallet=45
time="2026-06-02T03:27:36Z" level=debug msg="sent deployment tx #   546: 0x7b2085e1feb5a503c0c44470326366680eb6ce6f0d6cae33bc0cc45c7bd652be" nonce=12 rpc="localhost:8545" scenario=factorydeploytx wallet=46
time="2026-06-02T03:27:36Z" level=debug msg="sent deployment tx #   547: 0x3a8b827831762f4c2dbfd0cb3d6ce9723b21eb1a843e103a319cd8559c363a15" nonce=12 rpc="localhost:8545" scenario=factorydeploytx wallet=47
time="2026-06-02T03:27:36Z" level=debug msg="sent deployment tx #   548: 0x9ab602ff4204e57295a46bdd4caf9dc3fba4fd9731dab532ad96091b5d159b3d" nonce=12 rpc="localhost:8545" scenario=factorydeploytx wallet=48
time="2026-06-02T03:27:37Z" level=debug msg="sent deployment tx #   549: 0xe2040990d2bffc8cd799038b4460027c637b258588637773a825f82986d269b9" nonce=12 rpc="localhost:8545" scenario=factorydeploytx wallet=49
time="2026-06-02T03:27:37Z" level=debug msg="sent deployment tx #   550: 0x41e1f256452518081cd2d2cbefaf197b870e70e0be286f46a8d9347ed8086398" nonce=12 rpc="localhost:8545" scenario=factorydeploytx wallet=50
time="2026-06-02T03:27:37Z" level=debug msg="sent deployment tx #   551: 0xfc79e0e2f37b8b4d40a3b1fa2497d8b8c1cf6eae3387090f5b47f6a4aa6d0efd" nonce=12 rpc="localhost:8545" scenario=factorydeploytx wallet=51
time="2026-06-02T03:27:37Z" level=debug msg="sent deployment tx #   552: 0x7f6fa0cebb081f7bb99093fe0f774522b0a566c56cde90af71287d3e8ca0ec54" nonce=12 rpc="localhost:8545" scenario=factorydeploytx wallet=52
time="2026-06-02T03:27:38Z" level=debug msg="deployment tx 540 confirmed in block #9080. deployed at: 0x7460fd1Be92E3f79B9161963872081587656F74F, total fee: 133670 gwei (base: 2)" rpc="localhost:8545" scenario=factorydeploytx
time="2026-06-02T03:27:38Z" level=debug msg="deployment tx 541 confirmed in block #9080. deployed at: 0x059962e83325F2A5a958BCD8ae3fB8ee57F8ce66, total fee: 133670 gwei (base: 2)" rpc="localhost:8545" scenario=factorydeploytx
time="2026-06-02T03:27:38Z" level=debug msg="deployment tx 542 confirmed in block #9080. deployed at: 0xbE1Fa2262ed3e28B50E13369CfDBdB3E8433cDe2, total fee: 133670 gwei (base: 2)" rpc="localhost:8545" scenario=factorydeploytx
time="2026-06-02T03:27:38Z" level=info msg="processed block 9080:  4 total tx, 4 tx confirmed from 4 wallets (1.151422ms, 364.992µs)"
time="2026-06-02T03:27:38Z" level=info msg="block 9080: submitted=12, pending=9, confirmed=4, throughput: 5B=4.40 tx/B, 20B=4.50 tx/B, 60B=4.57 tx/B" scenario=factorydeploytx wallets=4
time="2026-06-02T03:27:38Z" level=debug msg="deployment tx 543 confirmed in block #9080. deployed at: 0xaE4A6f47614eaDfE73ad1bbb964c6Cc7dBF4B0B8, total fee: 133670 gwei (base: 2)" rpc="localhost:8545" scenario=factorydeploytx
time="2026-06-02T03:27:38Z" level=debug msg="deployment tx 544 confirmed in block #9081. deployed at: 0x31645ea8A5857F74e9C7A469894DfaF52823E212, total fee: 133670 gwei (base: 2)" rpc="localhost:8545" scenario=factorydeploytx
time="2026-06-02T03:27:38Z" level=debug msg="deployment tx 545 confirmed in block #9081. deployed at: 0xDFD9a5D87348F34382467c0a31b3B6cf6DCd077B, total fee: 133670 gwei (base: 2)" rpc="localhost:8545" scenario=factorydeploytx
time="2026-06-02T03:27:38Z" level=debug msg="deployment tx 546 confirmed in block #9081. deployed at: 0x9ceffE33A8Bd245324Db494B1D2B245319454920, total fee: 133670 gwei (base: 2)" rpc="localhost:8545" scenario=factorydeploytx
time="2026-06-02T03:27:38Z" level=info msg="processed block 9081:  5 total tx, 5 tx confirmed from 5 wallets (1.155848ms, 505.956µs)"
time="2026-06-02T03:27:38Z" level=info msg="block 9081: submitted=0, pending=4, confirmed=5, throughput: 5B=4.60 tx/B, 20B=4.50 tx/B, 60B=4.57 tx/B" scenario=factorydeploytx wallets=5
time="2026-06-02T03:27:38Z" level=debug msg="deployment tx 547 confirmed in block #9081. deployed at: 0x69064Fc0be11dEb33B5b3517e02809459Cd6132E, total fee: 133670 gwei (base: 2)" rpc="localhost:8545" scenario=factorydeploytx
time="2026-06-02T03:27:38Z" level=debug msg="deployment tx 548 confirmed in block #9081. deployed at: 0x9Ff4e3247FF8bCC4228861Aa0E7c8bDbbA34e39F, total fee: 133670 gwei (base: 2)" rpc="localhost:8545" scenario=factorydeploytx
time="2026-06-02T03:27:38Z" level=debug msg="sent deployment tx #   553: 0xa9a0d38872574b7e3b8aae8d9a4086f9f59a881d0b6399f1371e19a2975b786a" nonce=12 rpc="localhost:8545" scenario=factorydeploytx wallet=53
time="2026-06-02T03:27:38Z" level=debug msg="sent deployment tx #   554: 0x6c3286fb63e7ff74e9ed48f316537f37369dd7fb61e79c38420e8326d5bb0ade" nonce=12 rpc="localhost:8545" scenario=factorydeploytx wallet=54
time="2026-06-02T03:27:38Z" level=debug msg="sent deployment tx #   555: 0x2df22c83c22b462671d450dede49504e26385db2465fade5838a87f2857e3a32" nonce=12 rpc="localhost:8545" scenario=factorydeploytx wallet=55
time="2026-06-02T03:27:38Z" level=debug msg="sent deployment tx #   556: 0x9ca25c9c143da27e8620119bfcdb932d9768811267f3b1a7b5a1cd6853001ff1" nonce=12 rpc="localhost:8545" scenario=factorydeploytx wallet=56
time="2026-06-02T03:27:39Z" level=debug msg="sent deployment tx #   557: 0x7ffd3211bdaec7e757ac4429f1dfa4cc5acb71fe1ebf251e57c55e978ee4caa9" nonce=12 rpc="localhost:8545" scenario=factorydeploytx wallet=57
time="2026-06-02T03:27:39Z" level=debug msg="sent deployment tx #   558: 0x20d3a26e23b6d4c37e573f4737da688f962276714e752843f3af6a9e39d88499" nonce=12 rpc="localhost:8545" scenario=factorydeploytx wallet=58
time="2026-06-02T03:27:39Z" level=debug msg="sent deployment tx #   559: 0xe49090412921713ba0289d833d4e844a9754105118b93012f468ffc92eaf3a64" nonce=12 rpc="localhost:8545" scenario=factorydeploytx wallet=59
time="2026-06-02T03:27:39Z" level=debug msg="sent deployment tx #   560: 0xe2d3bd3b1f4faac90d33460a6b95cdb961df2f57c579d569f46c42cac1eaec6b" nonce=12 rpc="localhost:8545" scenario=factorydeploytx wallet=60
time="2026-06-02T03:27:40Z" level=debug msg="sent deployment tx #   561: 0x8c15f18ae5363ec2c1b0d67820a8bbecae632d1ae77f8a085efae78463f6aa01" nonce=12 rpc="localhost:8545" scenario=factorydeploytx wallet=61
time="2026-06-02T03:27:40Z" level=debug msg="sent deployment tx #   562: 0x7f1ce8f47cd9ad8990f5cb435d73458008274fccc119a8488e4492aa25d4e98d" nonce=12 rpc="localhost:8545" scenario=factorydeploytx wallet=62
time="2026-06-02T03:27:40Z" level=debug msg="sent deployment tx #   563: 0x203a70fccb2ed481c93a1aab87df65ba07abecf209e594c334290337f33ae524" nonce=12 rpc="localhost:8545" scenario=factorydeploytx wallet=63
time="2026-06-02T03:27:40Z" level=debug msg="sent deployment tx #   564: 0xbac7d82e64c941d1e283ea4b76701dee34d172f265a1d05b1d5e291cb2f3e2af" nonce=12 rpc="localhost:8545" scenario=factorydeploytx wallet=64
time="2026-06-02T03:27:40Z" level=debug msg="sent deployment tx #   565: 0x4f44ccc38cdcdc72b786cc7fe1c6655440320c37f4113e3a4781e27027467bbc" nonce=12 rpc="localhost:8545" scenario=factorydeploytx wallet=65
time="2026-06-02T03:27:41Z" level=debug msg="deployment tx 549 confirmed in block #9082. deployed at: 0xEBc91613B8258F8c155691C5AF5dB23C376c8553, total fee: 133670 gwei (base: 2)" rpc="localhost:8545" scenario=factorydeploytx
time="2026-06-02T03:27:41Z" level=debug msg="deployment tx 550 confirmed in block #9082. deployed at: 0xBd9186CBDEf84e7aa565B9F46cA454e8db78e321, total fee: 133670 gwei (base: 2)" rpc="localhost:8545" scenario=factorydeploytx
time="2026-06-02T03:27:41Z" level=debug msg="deployment tx 551 confirmed in block #9082. deployed at: 0x002385CAAe3058487B3343Ab60ae2479059B10C4, total fee: 133670 gwei (base: 2)" rpc="localhost:8545" scenario=factorydeploytx
time="2026-06-02T03:27:41Z" level=info msg="processed block 9082:  4 total tx, 4 tx confirmed from 4 wallets (1.112399ms, 318.91µs)"
time="2026-06-02T03:27:41Z" level=debug msg="deployment tx 552 confirmed in block #9082. deployed at: 0xa6f1cFfE719FA0C8FfB4aF777CD111e7CDd59B85, total fee: 133670 gwei (base: 2)" rpc="localhost:8545" scenario=factorydeploytx
time="2026-06-02T03:27:41Z" level=info msg="block 9082: submitted=13, pending=13, confirmed=4, throughput: 5B=4.40 tx/B, 20B=4.50 tx/B, 60B=4.55 tx/B" scenario=factorydeploytx wallets=4
time="2026-06-02T03:27:41Z" level=debug msg="deployment tx 553 confirmed in block #9083. deployed at: 0x1A7803130953860457263f9eB3e2FA0d147685E5, total fee: 133670 gwei (base: 2)" rpc="localhost:8545" scenario=factorydeploytx
time="2026-06-02T03:27:41Z" level=debug msg="deployment tx 554 confirmed in block #9083. deployed at: 0x08Def721B31c8450Aac9DF173eFAB0F39b863057, total fee: 133670 gwei (base: 2)" rpc="localhost:8545" scenario=factorydeploytx
time="2026-06-02T03:27:41Z" level=debug msg="deployment tx 555 confirmed in block #9083. deployed at: 0x55F3937c5edE32FA31Acf1C8731447c46E0dfadb, total fee: 133670 gwei (base: 2)" rpc="localhost:8545" scenario=factorydeploytx
time="2026-06-02T03:27:41Z" level=info msg="processed block 9083:  5 total tx, 5 tx confirmed from 5 wallets (1.000011ms, 422.851µs)"
time="2026-06-02T03:27:41Z" level=debug msg="deployment tx 557 confirmed in block #9083. deployed at: 0x7747A9f9163d97D7c0cc9153e3F19587E87a31B1, total fee: 133670 gwei (base: 2)" rpc="localhost:8545" scenario=factorydeploytx
time="2026-06-02T03:27:41Z" level=info msg="block 9083: submitted=0, pending=8, confirmed=5, throughput: 5B=4.60 tx/B, 20B=4.50 tx/B, 60B=4.57 tx/B" scenario=factorydeploytx wallets=5
time="2026-06-02T03:27:41Z" level=debug msg="deployment tx 556 confirmed in block #9083. deployed at: 0xB8446818E022248Bde8134B8E5e19D45e0F6D40e, total fee: 133670 gwei (base: 2)" rpc="localhost:8545" scenario=factorydeploytx
time="2026-06-02T03:27:41Z" level=debug msg="deployment tx 558 confirmed in block #9084. deployed at: 0xe66e956201b7e35BC01A2E2e38042AAF19779132, total fee: 133670 gwei (base: 2)" rpc="localhost:8545" scenario=factorydeploytx
time="2026-06-02T03:27:41Z" level=debug msg="deployment tx 559 confirmed in block #9084. deployed at: 0xDB97933315504E7C0b402FF4Ea907a18Da0aB9E8, total fee: 133670 gwei (base: 2)" rpc="localhost:8545" scenario=factorydeploytx
time="2026-06-02T03:27:41Z" level=info msg="processed block 9084:  4 total tx, 4 tx confirmed from 4 wallets (896.707µs, 249.844µs)"
time="2026-06-02T03:27:41Z" level=info msg="block 9084: submitted=0, pending=4, confirmed=4, throughput: 5B=4.40 tx/B, 20B=4.50 tx/B, 60B=4.55 tx/B" scenario=factorydeploytx wallets=4
time="2026-06-02T03:27:41Z" level=debug msg="deployment tx 560 confirmed in block #9084. deployed at: 0x962003867960aFb1C3410009e29554aAe29609f5, total fee: 133670 gwei (base: 2)" rpc="localhost:8545" scenario=factorydeploytx
time="2026-06-02T03:27:41Z" level=debug msg="deployment tx 561 confirmed in block #9084. deployed at: 0x607D2E93968E541acf0c8fbF61CAF805c8a4040E, total fee: 133670 gwei (base: 2)" rpc="localhost:8545" scenario=factorydeploytx
time="2026-06-02T03:27:41Z" level=debug msg="sent deployment tx #   566: 0x242ea8a83d1e23a6d0e69ffada29a99c1f5cccb10cf22007de0df577d45fe45a" nonce=12 rpc="localhost:8545" scenario=factorydeploytx wallet=66
time="2026-06-02T03:27:41Z" level=debug msg="sent deployment tx #   567: 0x67b3588d4b869a24c2174dae852dfd580e833e8ed3b712df2c5de19796457677" nonce=12 rpc="localhost:8545" scenario=factorydeploytx wallet=67
time="2026-06-02T03:27:41Z" level=debug msg="sent deployment tx #   568: 0x8e1d0ffe3a6eb4f8eda09d05adc348de1c834faad73007738317d81e63246757" nonce=12 rpc="localhost:8545" scenario=factorydeploytx wallet=68
time="2026-06-02T03:27:41Z" level=debug msg="sent deployment tx #   569: 0xbf56953493670a9a592f3205ea59ec2ef19604345645e1ec8b698275b2af50fa" nonce=12 rpc="localhost:8545" scenario=factorydeploytx wallet=69
time="2026-06-02T03:27:42Z" level=debug msg="sent deployment tx #   570: 0xb30c33d2c86b764d6b431272cfebc6249ff2bf2631ad600d131b64b088bb2ee9" nonce=12 rpc="localhost:8545" scenario=factorydeploytx wallet=70
time="2026-06-02T03:27:42Z" level=debug msg="sent deployment tx #   571: 0x18339e3a8e730840a437bf9fd27c3f2b41f48417493f430d6448f82eec98f526" nonce=12 rpc="localhost:8545" scenario=factorydeploytx wallet=71
time="2026-06-02T03:27:42Z" level=debug msg="sent deployment tx #   572: 0x35c477c796753c53f390397d7f3d3b0ab13aa727d9df20e2106e67dbf4aa1d94" nonce=12 rpc="localhost:8545" scenario=factorydeploytx wallet=72
time="2026-06-02T03:27:42Z" level=debug msg="sent deployment tx #   573: 0x72d3a3109cce4d833be182c897eee54dc977e005772b82878f35b7253bbcd540" nonce=12 rpc="localhost:8545" scenario=factorydeploytx wallet=73
time="2026-06-02T03:27:43Z" level=debug msg="sent deployment tx #   574: 0x9ba58212bd32ac7f5a6e168b133afecb0c12b585c2a1e3f75fe59da6395c0130" nonce=12 rpc="localhost:8545" scenario=factorydeploytx wallet=74
time="2026-06-02T03:27:43Z" level=debug msg="sent deployment tx #   575: 0x0f2e5a6b028149a74669ad4e6cdb33051b0692a86dcd7f435c52cf547f4a22de" nonce=12 rpc="localhost:8545" scenario=factorydeploytx wallet=75
time="2026-06-02T03:27:43Z" level=debug msg="sent deployment tx #   576: 0x99040331f70837e3cb5996117097b8673bd46aaef556514c83ce55982461a3e2" nonce=12 rpc="localhost:8545" scenario=factorydeploytx wallet=76
time="2026-06-02T03:27:43Z" level=debug msg="sent deployment tx #   577: 0x121b8a88257047d8df7a8f9ac0a92818106f3b4de2e814799e49cb2af544c913" nonce=12 rpc="localhost:8545" scenario=factorydeploytx wallet=77
time="2026-06-02T03:27:44Z" level=info msg="processed block 9085:  5 total tx, 5 tx confirmed from 5 wallets (1.186766ms, 324.442µs)"
time="2026-06-02T03:27:44Z" level=info msg="block 9085: submitted=12, pending=11, confirmed=5, throughput: 5B=4.60 tx/B, 20B=4.55 tx/B, 60B=4.55 tx/B" scenario=factorydeploytx wallets=5
time="2026-06-02T03:27:44Z" level=debug msg="deployment tx 562 confirmed in block #9085. deployed at: 0xD19514500c2B4Dcff1ae0ed34Fce54A3504f227b, total fee: 133670 gwei (base: 2)" rpc="localhost:8545" scenario=factorydeploytx
time="2026-06-02T03:27:44Z" level=debug msg="deployment tx 563 confirmed in block #9085. deployed at: 0xa91f0D20ebD9861d8b58CBD088cACcC4a355a5aB, total fee: 133670 gwei (base: 2)" rpc="localhost:8545" scenario=factorydeploytx
time="2026-06-02T03:27:44Z" level=debug msg="deployment tx 564 confirmed in block #9085. deployed at: 0xbb7616cE4f5c60E2c82F138eFbbD31E83dAd4353, total fee: 133670 gwei (base: 2)" rpc="localhost:8545" scenario=factorydeploytx
time="2026-06-02T03:27:44Z" level=debug msg="deployment tx 565 confirmed in block #9085. deployed at: 0xde10ec7C4758A1eB00774A807F17FBA0B2d6c32e, total fee: 133670 gwei (base: 2)" rpc="localhost:8545" scenario=factorydeploytx
time="2026-06-02T03:27:44Z" level=debug msg="deployment tx 566 confirmed in block #9085. deployed at: 0x3CEFa3703563613D7b86309d9Ee67c052b5d1Dea, total fee: 133670 gwei (base: 2)" rpc="localhost:8545" scenario=factorydeploytx
time="2026-06-02T03:27:44Z" level=info msg="processed block 9086:  4 total tx, 4 tx confirmed from 4 wallets (895.385µs, 245.345µs)"
time="2026-06-02T03:27:44Z" level=info msg="block 9086: submitted=0, pending=7, confirmed=4, throughput: 5B=4.40 tx/B, 20B=4.50 tx/B, 60B=4.55 tx/B" scenario=factorydeploytx wallets=4
time="2026-06-02T03:27:44Z" level=debug msg="deployment tx 567 confirmed in block #9086. deployed at: 0x1Fc5A253f61Ca565Cc057c65B42524ba0e3CD9C4, total fee: 133670 gwei (base: 2)" rpc="localhost:8545" scenario=factorydeploytx
time="2026-06-02T03:27:44Z" level=debug msg="deployment tx 568 confirmed in block #9086. deployed at: 0x16386239489148dAc0F942c462B4416fB96E7E46, total fee: 133670 gwei (base: 2)" rpc="localhost:8545" scenario=factorydeploytx
time="2026-06-02T03:27:44Z" level=debug msg="deployment tx 569 confirmed in block #9086. deployed at: 0xe9967fb54A4b13d685EDdBAda3aC7a3dEdeB6B39, total fee: 133670 gwei (base: 2)" rpc="localhost:8545" scenario=factorydeploytx
time="2026-06-02T03:27:44Z" level=debug msg="deployment tx 570 confirmed in block #9086. deployed at: 0x585f730F8830De89C15c6aB4181128Fb96373169, total fee: 133670 gwei (base: 2)" rpc="localhost:8545" scenario=factorydeploytx
time="2026-06-02T03:27:44Z" level=info msg="processed block 9087:  5 total tx, 5 tx confirmed from 5 wallets (1.176882ms, 297.247µs)"
time="2026-06-02T03:27:44Z" level=info msg="block 9087: submitted=0, pending=2, confirmed=5, throughput: 5B=4.60 tx/B, 20B=4.50 tx/B, 60B=4.55 tx/B" scenario=factorydeploytx wallets=5
time="2026-06-02T03:27:44Z" level=debug msg="deployment tx 571 confirmed in block #9087. deployed at: 0x54023DaDedb5015898C8886c6AB855c2cb40Ef7a, total fee: 133670 gwei (base: 2)" rpc="localhost:8545" scenario=factorydeploytx
time="2026-06-02T03:27:44Z" level=debug msg="deployment tx 572 confirmed in block #9087. deployed at: 0xF5c5a09C8332ad5d8728A1900a492bB3B68def50, total fee: 133670 gwei (base: 2)" rpc="localhost:8545" scenario=factorydeploytx
time="2026-06-02T03:27:44Z" level=debug msg="deployment tx 573 confirmed in block #9087. deployed at: 0xfD71C32De67Fd331dcC3bA8628d9b53CB833Eb98, total fee: 133670 gwei (base: 2)" rpc="localhost:8545" scenario=factorydeploytx
time="2026-06-02T03:27:44Z" level=debug msg="deployment tx 574 confirmed in block #9087. deployed at: 0xE8F61808B5FA9A164e82b5302009c7552e70427B, total fee: 133670 gwei (base: 2)" rpc="localhost:8545" scenario=factorydeploytx
time="2026-06-02T03:27:44Z" level=debug msg="deployment tx 575 confirmed in block #9087. deployed at: 0x53221b44D8e87D02eff1f6623C6Df04037357f08, total fee: 133670 gwei (base: 2)" rpc="localhost:8545" scenario=factorydeploytx
time="2026-06-02T03:27:44Z" level=debug msg="sent deployment tx #   578: 0x0f9dbc0bebb8b6c9e944dada132a82000ecd12b5938931e039d8b41fdd1b11a8" nonce=12 rpc="localhost:8545" scenario=factorydeploytx wallet=78
time="2026-06-02T03:27:44Z" level=debug msg="sent deployment tx #   579: 0x8eeaef535d6eaebd94c2e7f5e3f665371652037a53a08d93d8c385814a03ea10" nonce=12 rpc="localhost:8545" scenario=factorydeploytx wallet=79
time="2026-06-02T03:27:44Z" level=debug msg="sent deployment tx #   580: 0x5f2409fbbfb185993970e20224c5a54a47dbd28671e1c1f9a748023549ae25cd" nonce=12 rpc="localhost:8545" scenario=factorydeploytx wallet=80
time="2026-06-02T03:27:44Z" level=debug msg="sent deployment tx #   581: 0xe0e3781950a87f9acd66f6535328f74b42e2c9f98fcae99eac9c95ead3839f3e" nonce=12 rpc="localhost:8545" scenario=factorydeploytx wallet=81
time="2026-06-02T03:27:45Z" level=debug msg="sent deployment tx #   582: 0x75efed4d147d70c6cb7ffed2e965cedef8fc1e783409c6c3a28bcb591cdd4276" nonce=12 rpc="localhost:8545" scenario=factorydeploytx wallet=82
time="2026-06-02T03:27:45Z" level=debug msg="sent deployment tx #   583: 0x22be4a66b392fd19a28af4df870b5d7ff1e8920a4c7be2570cc0b04ecd44b640" nonce=12 rpc="localhost:8545" scenario=factorydeploytx wallet=83
time="2026-06-02T03:27:45Z" level=debug msg="sent deployment tx #   584: 0x70d2d58ff8690f33ce0c425b31ee507971265629b86d3f1292ec80efd953fbc0" nonce=12 rpc="localhost:8545" scenario=factorydeploytx wallet=84
time="2026-06-02T03:27:45Z" level=debug msg="sent deployment tx #   585: 0x6759e4d6a7086ff128097c7fd0032e6bc33044f78246b7555ead79c1e9c2783c" nonce=12 rpc="localhost:8545" scenario=factorydeploytx wallet=85
time="2026-06-02T03:27:46Z" level=debug msg="sent deployment tx #   586: 0x17376a5db0378cba2789e262c4545165e5699a6479dd0eb38dcac6a4816f2f9a" nonce=12 rpc="localhost:8545" scenario=factorydeploytx wallet=86
time="2026-06-02T03:27:46Z" level=debug msg="sent deployment tx #   587: 0x62f3ddf4db43fc077e1114574cddd226750361b7c78c107de0839f99ee2bc855" nonce=12 rpc="localhost:8545" scenario=factorydeploytx wallet=87
time="2026-06-02T03:27:46Z" level=debug msg="sent deployment tx #   588: 0x6906bb0ed45cd2d901987d215dd8f9cab63c28836ac846d33a5643894dc272e6" nonce=12 rpc="localhost:8545" scenario=factorydeploytx wallet=88
time="2026-06-02T03:27:46Z" level=debug msg="sent deployment tx #   589: 0xa263d80bbbb7078fda1c0e5eb35fae7dcaabc5fb8e8918cda86fcecc0999887f" nonce=12 rpc="localhost:8545" scenario=factorydeploytx wallet=89
time="2026-06-02T03:27:46Z" level=debug msg="sent deployment tx #   590: 0xff9835d9840f381e2c61ce72f09c46aac6883c91fb5ba07f652cad1be743a2fa" nonce=12 rpc="localhost:8545" scenario=factorydeploytx wallet=90
time="2026-06-02T03:27:47Z" level=debug msg="deployment tx 576 confirmed in block #9088. deployed at: 0x0b4e5aDF4311C97a40C5bE45294149E08078DD46, total fee: 133670 gwei (base: 2)" rpc="localhost:8545" scenario=factorydeploytx
time="2026-06-02T03:27:47Z" level=debug msg="deployment tx 577 confirmed in block #9088. deployed at: 0x4C4D6648048C67B10C5c21d6e1Cfa52135545C3d, total fee: 133670 gwei (base: 2)" rpc="localhost:8545" scenario=factorydeploytx
time="2026-06-02T03:27:47Z" level=debug msg="deployment tx 578 confirmed in block #9088. deployed at: 0xCfDdF1528C78206a4F155Be117e7B254fD9619A1, total fee: 133670 gwei (base: 2)" rpc="localhost:8545" scenario=factorydeploytx
time="2026-06-02T03:27:47Z" level=info msg="processed block 9088:  4 total tx, 4 tx confirmed from 4 wallets (975.851µs, 412.642µs)"
time="2026-06-02T03:27:47Z" level=info msg="block 9088: submitted=13, pending=11, confirmed=4, throughput: 5B=4.40 tx/B, 20B=4.50 tx/B, 60B=4.55 tx/B" scenario=factorydeploytx wallets=4
time="2026-06-02T03:27:47Z" level=debug msg="deployment tx 579 confirmed in block #9088. deployed at: 0xb63C071Ab70dac6Fbc133992F60Afdf4092a2B96, total fee: 133670 gwei (base: 2)" rpc="localhost:8545" scenario=factorydeploytx
time="2026-06-02T03:27:47Z" level=debug msg="deployment tx 580 confirmed in block #9089. deployed at: 0x163657e0dc0AF85a0cb18440f138010Fd1f1f4DB, total fee: 133670 gwei (base: 2)" rpc="localhost:8545" scenario=factorydeploytx
time="2026-06-02T03:27:47Z" level=debug msg="deployment tx 581 confirmed in block #9089. deployed at: 0xDA01CF47370Eca7F6562e07D557bbc5DC11Fb21B, total fee: 133646 gwei (base: 2)" rpc="localhost:8545" scenario=factorydeploytx
time="2026-06-02T03:27:47Z" level=debug msg="deployment tx 582 confirmed in block #9089. deployed at: 0xFb27B8A86ba7aD04916d1323D43faB650859382d, total fee: 133670 gwei (base: 2)" rpc="localhost:8545" scenario=factorydeploytx
time="2026-06-02T03:27:47Z" level=debug msg="deployment tx 583 confirmed in block #9089. deployed at: 0xAf8D18eDb64fB423EE95D749c6f132702A6A8748, total fee: 133670 gwei (base: 2)" rpc="localhost:8545" scenario=factorydeploytx
time="2026-06-02T03:27:47Z" level=info msg="processed block 9089:  5 total tx, 5 tx confirmed from 5 wallets (1.052445ms, 317.419µs)"
time="2026-06-02T03:27:47Z" level=info msg="block 9089: submitted=0, pending=6, confirmed=5, throughput: 5B=4.60 tx/B, 20B=4.50 tx/B, 60B=4.55 tx/B" scenario=factorydeploytx wallets=5
time="2026-06-02T03:27:47Z" level=debug msg="deployment tx 584 confirmed in block #9089. deployed at: 0x618BF98488a0705451C5A19F9Ba3946573e0a982, total fee: 133670 gwei (base: 2)" rpc="localhost:8545" scenario=factorydeploytx
time="2026-06-02T03:27:47Z" level=debug msg="deployment tx 585 confirmed in block #9090. deployed at: 0x824EaB42b1b49cd6e83fC5a62a7aab085a034E71, total fee: 133670 gwei (base: 2)" rpc="localhost:8545" scenario=factorydeploytx
time="2026-06-02T03:27:47Z" level=debug msg="deployment tx 586 confirmed in block #9090. deployed at: 0xEe929c877998A682D29E0F8d102203B2f523B2AC, total fee: 133670 gwei (base: 2)" rpc="localhost:8545" scenario=factorydeploytx
time="2026-06-02T03:27:47Z" level=debug msg="deployment tx 587 confirmed in block #9090. deployed at: 0x5c593f14EeFA27cB625Fa68ae915046b053c8491, total fee: 133670 gwei (base: 2)" rpc="localhost:8545" scenario=factorydeploytx
time="2026-06-02T03:27:47Z" level=info msg="processed block 9090:  4 total tx, 4 tx confirmed from 4 wallets (921.615µs, 345.312µs)"
time="2026-06-02T03:27:47Z" level=info msg="block 9090: submitted=0, pending=2, confirmed=4, throughput: 5B=4.40 tx/B, 20B=4.50 tx/B, 60B=4.53 tx/B" scenario=factorydeploytx wallets=4
time="2026-06-02T03:27:47Z" level=debug msg="deployment tx 588 confirmed in block #9090. deployed at: 0x06083C2470dD5292b9F1b729680c7aAc05fF3e92, total fee: 133670 gwei (base: 2)" rpc="localhost:8545" scenario=factorydeploytx
time="2026-06-02T03:27:47Z" level=debug msg="sent deployment tx #   591: 0xec0ac53a1744497352b1f2a3324f1ad2a40ad289960a228bde700313f84e08df" nonce=12 rpc="localhost:8545" scenario=factorydeploytx wallet=91
time="2026-06-02T03:27:47Z" level=debug msg="sent deployment tx #   592: 0xe6a7eb71f7bcb1be75b1e31eeecf43521647f70b6eef1bf5d4cffd2475b56c95" nonce=12 rpc="localhost:8545" scenario=factorydeploytx wallet=92
time="2026-06-02T03:27:47Z" level=debug msg="sent deployment tx #   593: 0x193bfac21601e19dc7fa0c9d12c2892bd78740b6dd814add6bc48476315aa10f" nonce=12 rpc="localhost:8545" scenario=factorydeploytx wallet=93
time="2026-06-02T03:27:47Z" level=debug msg="sent deployment tx #   594: 0xe87c0d59414aff2c8bfb31d3c67915dcbbb9d00bbdbd602fa61a774c7dc62af0" nonce=12 rpc="localhost:8545" scenario=factorydeploytx wallet=94
time="2026-06-02T03:27:48Z" level=debug msg="sent deployment tx #   595: 0x1fac64bb48e001676a8daf76e7be80a9e9e59f853b3f220be9f0d8fa88083f06" nonce=12 rpc="localhost:8545" scenario=factorydeploytx wallet=95
time="2026-06-02T03:27:48Z" level=debug msg="sent deployment tx #   596: 0x73a34aced07ce5fdf692c4a247b187ba2e2fd49fdb26c0487a8e47c36c046a29" nonce=12 rpc="localhost:8545" scenario=factorydeploytx wallet=96
time="2026-06-02T03:27:48Z" level=debug msg="sent deployment tx #   597: 0x080fd046e189980196ab71cca4a7d835cdffdca0f4dc76ea2425ad2ceb9d2457" nonce=12 rpc="localhost:8545" scenario=factorydeploytx wallet=97
time="2026-06-02T03:27:48Z" level=debug msg="sent deployment tx #   598: 0x56e9099cf079ccc95416921dd489d62357a359dbfff28b218347b3e6ce1944ee" nonce=12 rpc="localhost:8545" scenario=factorydeploytx wallet=98
time="2026-06-02T03:27:49Z" level=debug msg="sent deployment tx #   599: 0xca5c4ac25b6a07a304a086fc77792ace9b3224b1c68f9b3b2e1fb7e306bf27a6" nonce=12 rpc="localhost:8545" scenario=factorydeploytx wallet=99
time="2026-06-02T03:27:49Z" level=debug msg="sent deployment tx #   600: 0x0bd6e9ff781ceb7672d59f3c3e62d2c57bbe6a28480eeb098b37c37e5a44246e" nonce=12 rpc="localhost:8545" scenario=factorydeploytx wallet=100
time="2026-06-02T03:27:49Z" level=debug msg="sent deployment tx #   601: 0x3141eaccdefcc07fc658c6af03c05113b71eef294222d190f849947c0cc8e852" nonce=105 rpc="localhost:8545" scenario=factorydeploytx wallet=1
time="2026-06-02T03:27:49Z" level=debug msg="sent deployment tx #   602: 0x62febb8e40861b59132459b2186eb1b592592002fbe3547e64c69b4ffd52cea3" nonce=105 rpc="localhost:8545" scenario=factorydeploytx wallet=2
time="2026-06-02T03:27:50Z" level=debug msg="deployment tx 589 confirmed in block #9091. deployed at: 0x399348FBF757738037864d4a25D4fBa71d2878AF, total fee: 133670 gwei (base: 2)" rpc="localhost:8545" scenario=factorydeploytx
time="2026-06-02T03:27:50Z" level=debug msg="deployment tx 590 confirmed in block #9091. deployed at: 0x31215ED6210eDdcE3Cb6CE0cCfA699De39fc33B2, total fee: 133670 gwei (base: 2)" rpc="localhost:8545" scenario=factorydeploytx
time="2026-06-02T03:27:50Z" level=debug msg="deployment tx 591 confirmed in block #9091. deployed at: 0xa9933e016cB2C80dE0F4F46EDB536E7401Ca1783, total fee: 133670 gwei (base: 2)" rpc="localhost:8545" scenario=factorydeploytx
time="2026-06-02T03:27:50Z" level=debug msg="deployment tx 592 confirmed in block #9091. deployed at: 0xA41B9fA863c93b4AC0B8335F371eF487E9DC9501, total fee: 133670 gwei (base: 2)" rpc="localhost:8545" scenario=factorydeploytx
time="2026-06-02T03:27:50Z" level=info msg="processed block 9091:  5 total tx, 5 tx confirmed from 5 wallets (1.021997ms, 344.223µs)"
time="2026-06-02T03:27:50Z" level=info msg="block 9091: submitted=12, pending=9, confirmed=5, throughput: 5B=4.60 tx/B, 20B=4.50 tx/B, 60B=4.55 tx/B" scenario=factorydeploytx wallets=5
time="2026-06-02T03:27:50Z" level=debug msg="deployment tx 593 confirmed in block #9091. deployed at: 0x321E6C5DB9282609CA03BcaAf33b83E7fE850Dd7, total fee: 133670 gwei (base: 2)" rpc="localhost:8545" scenario=factorydeploytx
time="2026-06-02T03:27:50Z" level=debug msg="deployment tx 594 confirmed in block #9092. deployed at: 0xD4dDe977B9Bc29620319492dE59cc2ec7aEd870D, total fee: 133670 gwei (base: 2)" rpc="localhost:8545" scenario=factorydeploytx
time="2026-06-02T03:27:50Z" level=debug msg="deployment tx 595 confirmed in block #9092. deployed at: 0x903e7b474fbF0C7C20f4Cc959Dfa5B114DdB6E65, total fee: 133670 gwei (base: 2)" rpc="localhost:8545" scenario=factorydeploytx
time="2026-06-02T03:27:50Z" level=info msg="processed block 9092:  4 total tx, 4 tx confirmed from 4 wallets (849.852µs, 260.54µs)"
time="2026-06-02T03:27:50Z" level=debug msg="deployment tx 596 confirmed in block #9092. deployed at: 0x19CfD2793Bd9519715575f22bfB65b529A4EF4A1, total fee: 133670 gwei (base: 2)" rpc="localhost:8545" scenario=factorydeploytx
time="2026-06-02T03:27:50Z" level=info msg="block 9092: submitted=0, pending=5, confirmed=4, throughput: 5B=4.40 tx/B, 20B=4.50 tx/B, 60B=4.53 tx/B" scenario=factorydeploytx wallets=4
time="2026-06-02T03:27:50Z" level=debug msg="deployment tx 597 confirmed in block #9092. deployed at: 0x3305ec4158725CA4e0188F9102199b9f19e31763, total fee: 133670 gwei (base: 2)" rpc="localhost:8545" scenario=factorydeploytx
time="2026-06-02T03:27:50Z" level=debug msg="deployment tx 598 confirmed in block #9093. deployed at: 0x1b2f2a3B03F209f87B0C45fa0f34aF98D0f3B004, total fee: 133670 gwei (base: 2)" rpc="localhost:8545" scenario=factorydeploytx
time="2026-06-02T03:27:50Z" level=debug msg="deployment tx 599 confirmed in block #9093. deployed at: 0x91a81EA7C6A641D388EdE30cB844F42FE0B79fbB, total fee: 133670 gwei (base: 2)" rpc="localhost:8545" scenario=factorydeploytx
time="2026-06-02T03:27:50Z" level=debug msg="deployment tx 600 confirmed in block #9093. deployed at: 0xBd5903ADE4cC528B9671f9582fC846B05b5C50fE, total fee: 133670 gwei (base: 2)" rpc="localhost:8545" scenario=factorydeploytx
time="2026-06-02T03:27:50Z" level=debug msg="deployment tx 601 confirmed in block #9093. deployed at: 0x1bDB346B3Ab3cae519028EE07Fd39Fa4Ff2E2aa4, total fee: 133670 gwei (base: 2)" rpc="localhost:8545" scenario=factorydeploytx
time="2026-06-02T03:27:50Z" level=info msg="processed block 9093:  5 total tx, 5 tx confirmed from 5 wallets (1.105697ms, 396.176µs)"
time="2026-06-02T03:27:50Z" level=debug msg="deployment tx 602 confirmed in block #9093. deployed at: 0x4d73703d9DcC8Ef58a28Bdd46c970Ef97Bea6aDF, total fee: 133670 gwei (base: 2)" rpc="localhost:8545" scenario=factorydeploytx
time="2026-06-02T03:27:50Z" level=info msg="block 9093: submitted=0, pending=0, confirmed=5, throughput: 5B=4.60 tx/B, 20B=4.50 tx/B, 60B=4.55 tx/B" scenario=factorydeploytx wallets=5
time="2026-06-02T03:27:50Z" level=debug msg="sent deployment tx #   603: 0x0d64a88de278f14e73128cf5f3cb4196b496b1a2247cac99e6bef58c22b5c3ab" nonce=110 rpc="localhost:8545" scenario=factorydeploytx wallet=3
time="2026-06-02T03:27:50Z" level=debug msg="sent deployment tx #   604: 0x53bd2818c09b9f70120026989883833b2c5e661293ac5fd97293d21284d86ee1" nonce=117 rpc="localhost:8545" scenario=factorydeploytx wallet=4
time="2026-06-02T03:27:50Z" level=debug msg="sent deployment tx #   605: 0x63f15028abbbdf2dc3b62a696eeff0f9a849e5964ba5fe0da82bdab1cb5e0492" nonce=117 rpc="localhost:8545" scenario=factorydeploytx wallet=5
time="2026-06-02T03:27:50Z" level=debug msg="sent deployment tx #   606: 0xafb3b5b03e9091dc27dd112b25ad9b4f29fb33f4f2ebd7465f59afdbadac79ec" nonce=117 rpc="localhost:8545" scenario=factorydeploytx wallet=6
time="2026-06-02T03:27:51Z" level=debug msg="sent deployment tx #   607: 0x3c7b18603462fe28d4ad75e88223471f8f4f3bce97fed1d3b33799c641cf2f0f" nonce=101 rpc="localhost:8545" scenario=factorydeploytx wallet=7
time="2026-06-02T03:27:51Z" level=debug msg="sent deployment tx #   608: 0xad016833be7c2626c3ab3caed54f34b7c475bf950abae5491330fb6af73cbc86" nonce=101 rpc="localhost:8545" scenario=factorydeploytx wallet=8
time="2026-06-02T03:27:51Z" level=debug msg="sent deployment tx #   609: 0xca21c09fd6c1913c9912facc4124da0686e738c95231c76b06249a95f16168e4" nonce=101 rpc="localhost:8545" scenario=factorydeploytx wallet=9
time="2026-06-02T03:27:51Z" level=debug msg="sent deployment tx #   610: 0xca2e87713d8508b9baa0735bd6bf41f152423387be34a75a1597740055bc7e6d" nonce=101 rpc="localhost:8545" scenario=factorydeploytx wallet=10
time="2026-06-02T03:27:52Z" level=debug msg="sent deployment tx #   611: 0x0ab57c8b91e331d8a7ff5271b9f159831166ebc135a15b8a8d0f8dd8f278bc6d" nonce=13 rpc="localhost:8545" scenario=factorydeploytx wallet=11
time="2026-06-02T03:27:52Z" level=debug msg="sent deployment tx #   612: 0xb9f186b4a2fedcfcb64763de60fd9729f5587dabe7ae953d708f0cd7ae4a4342" nonce=13 rpc="localhost:8545" scenario=factorydeploytx wallet=12
time="2026-06-02T03:27:52Z" level=debug msg="sent deployment tx #   613: 0x6ab4a568833184815f1976fd463ae99e34bf8c1a3cb3b6fbec30a30366d42743" nonce=13 rpc="localhost:8545" scenario=factorydeploytx wallet=13
time="2026-06-02T03:27:52Z" level=debug msg="sent deployment tx #   614: 0x791e4704ab0fbbaf20d3f5ce7486410d201835cef93fe0094ef1db3f154173e5" nonce=13 rpc="localhost:8545" scenario=factorydeploytx wallet=14
time="2026-06-02T03:27:52Z" level=debug msg="sent deployment tx #   615: 0x0ec0db5fb98232edf40460bb58825addb00ed006850ddd7a3fbb69df4071fe6c" nonce=13 rpc="localhost:8545" scenario=factorydeploytx wallet=15
time="2026-06-02T03:27:53Z" level=debug msg="deployment tx 603 confirmed in block #9094. deployed at: 0x679fCc1e37D865C81286014Bec31761E9b1bbc4e, total fee: 133670 gwei (base: 2)" rpc="localhost:8545" scenario=factorydeploytx
time="2026-06-02T03:27:53Z" level=debug msg="deployment tx 604 confirmed in block #9094. deployed at: 0x501D5F46bc8d93cA69Bb27b05E1DEDD728C363A8, total fee: 133670 gwei (base: 2)" rpc="localhost:8545" scenario=factorydeploytx
time="2026-06-02T03:27:53Z" level=debug msg="deployment tx 605 confirmed in block #9094. deployed at: 0xC52db001D412b726B48a6932fE85dB3ef80885D9, total fee: 133670 gwei (base: 2)" rpc="localhost:8545" scenario=factorydeploytx
time="2026-06-02T03:27:53Z" level=info msg="processed block 9094:  4 total tx, 4 tx confirmed from 4 wallets (1.571648ms, 429.443µs)"
time="2026-06-02T03:27:53Z" level=info msg="block 9094: submitted=13, pending=9, confirmed=4, throughput: 5B=4.40 tx/B, 20B=4.50 tx/B, 60B=4.53 tx/B" scenario=factorydeploytx wallets=4
time="2026-06-02T03:27:53Z" level=debug msg="deployment tx 606 confirmed in block #9094. deployed at: 0x79B453A3686d0AFfAA1e1187A872e342c8a5d526, total fee: 133670 gwei (base: 2)" rpc="localhost:8545" scenario=factorydeploytx
time="2026-06-02T03:27:53Z" level=debug msg="deployment tx 607 confirmed in block #9095. deployed at: 0x2e96baFA4C9551D19893Bf325265d9b6C91FbC1E, total fee: 133670 gwei (base: 2)" rpc="localhost:8545" scenario=factorydeploytx
time="2026-06-02T03:27:53Z" level=debug msg="deployment tx 608 confirmed in block #9095. deployed at: 0xAeA25aA2cdB3Ec65b8560BeEe1dEb7d0b0e62f69, total fee: 133670 gwei (base: 2)" rpc="localhost:8545" scenario=factorydeploytx
time="2026-06-02T03:27:53Z" level=debug msg="deployment tx 609 confirmed in block #9095. deployed at: 0x04cC2873Be4aa40F99b1C6A5eBB391C83C91FA6E, total fee: 133670 gwei (base: 2)" rpc="localhost:8545" scenario=factorydeploytx
time="2026-06-02T03:27:53Z" level=debug msg="deployment tx 610 confirmed in block #9095. deployed at: 0xDd913A9d28C40912fe4e31C2166502e415f098Bf, total fee: 133670 gwei (base: 2)" rpc="localhost:8545" scenario=factorydeploytx
time="2026-06-02T03:27:53Z" level=info msg="processed block 9095:  5 total tx, 5 tx confirmed from 5 wallets (1.221172ms, 491.275µs)"
time="2026-06-02T03:27:53Z" level=info msg="block 9095: submitted=0, pending=4, confirmed=5, throughput: 5B=4.60 tx/B, 20B=4.50 tx/B, 60B=4.53 tx/B" scenario=factorydeploytx wallets=5
time="2026-06-02T03:27:53Z" level=debug msg="deployment tx 611 confirmed in block #9095. deployed at: 0x0d182Ea3c81F4910cC646Fc901180813886BA4ad, total fee: 133670 gwei (base: 2)" rpc="localhost:8545" scenario=factorydeploytx
time="2026-06-02T03:27:53Z" level=debug msg="sent deployment tx #   616: 0x52f8f8c60b3670058a055d07476432b4f6d8c8b006f256d8c309ae12940b1b21" nonce=13 rpc="localhost:8545" scenario=factorydeploytx wallet=16
time="2026-06-02T03:27:53Z" level=debug msg="sent deployment tx #   617: 0x67f11896da98862b04295d387778f99954b980b698a5f19cbde07ade8841dd88" nonce=13 rpc="localhost:8545" scenario=factorydeploytx wallet=17
time="2026-06-02T03:27:53Z" level=debug msg="sent deployment tx #   618: 0x1532c5ba1d6fc5a25fb8cdf61abbd1f1c847878dcc500a62a3eb5b383bfdbbf0" nonce=13 rpc="localhost:8545" scenario=factorydeploytx wallet=18
time="2026-06-02T03:27:53Z" level=debug msg="sent deployment tx #   619: 0x625b41fe7651f7d4ccd8a621d0bf23b9f105ceac82ab5a2ddd96ca51eef2ba7e" nonce=13 rpc="localhost:8545" scenario=factorydeploytx wallet=19
time="2026-06-02T03:27:54Z" level=debug msg="sent deployment tx #   620: 0x5a1e9c1ed6fd52af4499f060eb791c7dc37f53c42f5bef12885ff795e26e0f76" nonce=13 rpc="localhost:8545" scenario=factorydeploytx wallet=20
time="2026-06-02T03:27:54Z" level=debug msg="sent deployment tx #   621: 0x8252d290882febda6ad872356778ebaeef4fc4b642b95ef31466998d50880b4a" nonce=13 rpc="localhost:8545" scenario=factorydeploytx wallet=21
time="2026-06-02T03:27:54Z" level=debug msg="sent deployment tx #   622: 0xb3b035124ee4dbef4c8070a0cb3e2b9e5589b68d728a78fda600506d4981fc60" nonce=13 rpc="localhost:8545" scenario=factorydeploytx wallet=22
time="2026-06-02T03:27:54Z" level=debug msg="sent deployment tx #   623: 0x40e176ddc2b537658a229e3aaa89713f65c1786369ad319bcf926fdf1f7a410e" nonce=13 rpc="localhost:8545" scenario=factorydeploytx wallet=23
time="2026-06-02T03:27:55Z" level=debug msg="sent deployment tx #   624: 0xfef1364f6d8f1499e14c15fde3acd01463093549744a77e740087720afe070e9" nonce=13 rpc="localhost:8545" scenario=factorydeploytx wallet=24
time="2026-06-02T03:27:55Z" level=debug msg="sent deployment tx #   625: 0x1d6ec71d0d7eceb3ce9ce51ecc07ea52fa77f930493e884a8db0b7a1813a35b8" nonce=13 rpc="localhost:8545" scenario=factorydeploytx wallet=25
time="2026-06-02T03:27:55Z" level=debug msg="sent deployment tx #   626: 0x801d6923f1cb5e749eff6da61d19d26d76b24b57b929e4d5418465ca35389aca" nonce=13 rpc="localhost:8545" scenario=factorydeploytx wallet=26
time="2026-06-02T03:27:55Z" level=debug msg="sent deployment tx #   627: 0x06aee0210d19bdc542e3b99e57d21366cc0499923f4dabcf7d82d807c2c8c6c0" nonce=13 rpc="localhost:8545" scenario=factorydeploytx wallet=27
time="2026-06-02T03:27:55Z" level=info msg="checked child wallets (no funding needed)" module=walletpool
time="2026-06-02T03:27:56Z" level=debug msg="deployment tx 612 confirmed in block #9096. deployed at: 0xFaa75B3B9fe2ec99c5E06448FeC3c89698De37D4, total fee: 133670 gwei (base: 2)" rpc="localhost:8545" scenario=factorydeploytx
time="2026-06-02T03:27:56Z" level=debug msg="deployment tx 613 confirmed in block #9096. deployed at: 0x393A78485839DAb7cf4af1ca993F07b7b90DE9Ac, total fee: 133670 gwei (base: 2)" rpc="localhost:8545" scenario=factorydeploytx
time="2026-06-02T03:27:56Z" level=debug msg="deployment tx 614 confirmed in block #9096. deployed at: 0x82aa3342687028F05a2276487C138A0dcb0410fD, total fee: 133670 gwei (base: 2)" rpc="localhost:8545" scenario=factorydeploytx
time="2026-06-02T03:27:56Z" level=info msg="processed block 9096:  4 total tx, 4 tx confirmed from 4 wallets (1.136584ms, 420.138µs)"
time="2026-06-02T03:27:56Z" level=info msg="block 9096: submitted=12, pending=3, confirmed=4, throughput: 5B=4.40 tx/B, 20B=4.50 tx/B, 60B=4.53 tx/B" scenario=factorydeploytx wallets=4
time="2026-06-02T03:27:56Z" level=debug msg="deployment tx 615 confirmed in block #9096. deployed at: 0xF2315c3Ec3629692e2EFd2b05DDfCE71001Bc446, total fee: 133670 gwei (base: 2)" rpc="localhost:8545" scenario=factorydeploytx
time="2026-06-02T03:27:56Z" level=debug msg="deployment tx 616 confirmed in block #9097. deployed at: 0x55dd0059D995641b2f840ab00fe9f20f00Da6D47, total fee: 133670 gwei (base: 2)" rpc="localhost:8545" scenario=factorydeploytx
time="2026-06-02T03:27:56Z" level=debug msg="deployment tx 617 confirmed in block #9097. deployed at: 0xDcC1d21a8d5bC972dca8c5EE7Db842564ef49E29, total fee: 133670 gwei (base: 2)" rpc="localhost:8545" scenario=factorydeploytx
time="2026-06-02T03:27:56Z" level=debug msg="deployment tx 618 confirmed in block #9097. deployed at: 0x1b9C61310FB1eab32d17Fea1bEA5e131C287ffED, total fee: 133670 gwei (base: 2)" rpc="localhost:8545" scenario=factorydeploytx
time="2026-06-02T03:27:56Z" level=debug msg="deployment tx 619 confirmed in block #9097. deployed at: 0xE9096c45Cf6fD9Ca42A448b96AC5859780617878, total fee: 133670 gwei (base: 2)" rpc="localhost:8545" scenario=factorydeploytx
time="2026-06-02T03:27:56Z" level=info msg="processed block 9097:  5 total tx, 5 tx confirmed from 5 wallets (1.118624ms, 503.381µs)"
time="2026-06-02T03:27:56Z" level=info msg="block 9097: submitted=0, pending=4, confirmed=5, throughput: 5B=4.60 tx/B, 20B=4.50 tx/B, 60B=4.53 tx/B" scenario=factorydeploytx wallets=5
time="2026-06-02T03:27:56Z" level=debug msg="deployment tx 620 confirmed in block #9097. deployed at: 0xffCA44a1e8a0e6F9993084C1c0e1F360e3936115, total fee: 133670 gwei (base: 2)" rpc="localhost:8545" scenario=factorydeploytx
time="2026-06-02T03:27:56Z" level=debug msg="sent deployment tx #   628: 0x1fb8c8662f49720147732b33bf474cf681c4dee575442e11b6cdff184f7f4471" nonce=13 rpc="localhost:8545" scenario=factorydeploytx wallet=28
time="2026-06-02T03:27:56Z" level=debug msg="deployment tx 621 confirmed in block #9098. deployed at: 0x7BfDa939f32fc158f85Be2334926848bD3a691ab, total fee: 133670 gwei (base: 2)" rpc="localhost:8545" scenario=factorydeploytx
time="2026-06-02T03:27:56Z" level=debug msg="deployment tx 622 confirmed in block #9098. deployed at: 0x5901DfB25481bC760C7c41A9C7f348aaF704d35c, total fee: 133670 gwei (base: 2)" rpc="localhost:8545" scenario=factorydeploytx
time="2026-06-02T03:27:56Z" level=debug msg="deployment tx 623 confirmed in block #9098. deployed at: 0x0A16ACfb548Bc92A4a1e601a1ed9063cD67E1E46, total fee: 133670 gwei (base: 2)" rpc="localhost:8545" scenario=factorydeploytx
time="2026-06-02T03:27:56Z" level=info msg="processed block 9098:  4 total tx, 4 tx confirmed from 4 wallets (982.391µs, 379.477µs)"
time="2026-06-02T03:27:56Z" level=info msg="block 9098: submitted=1, pending=4, confirmed=4, throughput: 5B=4.40 tx/B, 20B=4.50 tx/B, 60B=4.52 tx/B" scenario=factorydeploytx wallets=4
time="2026-06-02T03:27:56Z" level=debug msg="deployment tx 624 confirmed in block #9098. deployed at: 0x12cF869021Ba322c85c54E0C430B600Dfdfb7AbA, total fee: 133670 gwei (base: 2)" rpc="localhost:8545" scenario=factorydeploytx
time="2026-06-02T03:27:56Z" level=debug msg="sent deployment tx #   629: 0x8e24c39bafa4e224aaff09fb7199349e012bab971c81d884db64607a10dca211" nonce=13 rpc="localhost:8545" scenario=factorydeploytx wallet=29
time="2026-06-02T03:27:56Z" level=debug msg="sent deployment tx #   630: 0xcf77cec3447fe6abd69547ac3031c1541354f4c82c6f484b6888a4f97b5b8386" nonce=13 rpc="localhost:8545" scenario=factorydeploytx wallet=30
time="2026-06-02T03:27:56Z" level=debug msg="sent deployment tx #   631: 0xefccd40f2204f8c9781a51856d95574d7cf5c11e5fb75638a4d313c0aa692828" nonce=13 rpc="localhost:8545" scenario=factorydeploytx wallet=31
time="2026-06-02T03:27:57Z" level=debug msg="sent deployment tx #   632: 0xff030286e0230cb3afdf84ee01ebbdae243525f13e1f374b211f9a5dfe5ab53f" nonce=13 rpc="localhost:8545" scenario=factorydeploytx wallet=32
time="2026-06-02T03:27:57Z" level=debug msg="sent deployment tx #   633: 0x94417c0f01baea5b27390ce457e481fdb6c76f9441318a551a3d4540f22f225d" nonce=13 rpc="localhost:8545" scenario=factorydeploytx wallet=33
time="2026-06-02T03:27:57Z" level=debug msg="sent deployment tx #   634: 0x08a2f2962e34f0968a4ceabfa233161c38948f4ce014a725275bc9ec47b2e984" nonce=13 rpc="localhost:8545" scenario=factorydeploytx wallet=34
time="2026-06-02T03:27:57Z" level=debug msg="sent deployment tx #   635: 0x36807620c48a54d93d8e485158b9608376de54386d48eab56ae79067ef52b14a" nonce=13 rpc="localhost:8545" scenario=factorydeploytx wallet=35
time="2026-06-02T03:27:58Z" level=debug msg="sent deployment tx #   636: 0xf07e8f38bf1094fbf2e79127151730da43e88a2d396b45f5db470d5868bbab70" nonce=13 rpc="localhost:8545" scenario=factorydeploytx wallet=36
time="2026-06-02T03:27:58Z" level=debug msg="sent deployment tx #   637: 0x1f62a667169fe6a9aa05ebcc100d917c0cdea377f172ef634a64ad8aee47b5be" nonce=13 rpc="localhost:8545" scenario=factorydeploytx wallet=37
time="2026-06-02T03:27:58Z" level=debug msg="sent deployment tx #   638: 0xd8b88332e7e028b2cc9c890ae66159f0b8e5cb43bfd264901cafe32cbb105ffa" nonce=13 rpc="localhost:8545" scenario=factorydeploytx wallet=38
time="2026-06-02T03:27:58Z" level=debug msg="sent deployment tx #   639: 0x7eead7d260b6bbc6dcb138baea6692e80e7d91fdf7f17fa0201b81688b8f8805" nonce=13 rpc="localhost:8545" scenario=factorydeploytx wallet=39
time="2026-06-02T03:27:58Z" level=debug msg="sent deployment tx #   640: 0x2023c6ebca35f74bc3d029c3caa71882766eb8e0ff61e5df8983f9f4ea29e8e3" nonce=13 rpc="localhost:8545" scenario=factorydeploytx wallet=40
time="2026-06-02T03:27:59Z" level=debug msg="deployment tx 625 confirmed in block #9099. deployed at: 0x6D332e2FB4c4bCCd20460F56280876eD1b580FaD, total fee: 133670 gwei (base: 2)" rpc="localhost:8545" scenario=factorydeploytx
time="2026-06-02T03:27:59Z" level=debug msg="deployment tx 626 confirmed in block #9099. deployed at: 0xc665A4383e858bd574B4cf541790546eABe8702A, total fee: 133670 gwei (base: 2)" rpc="localhost:8545" scenario=factorydeploytx
time="2026-06-02T03:27:59Z" level=info msg="processed block 9099:  4 total tx, 4 tx confirmed from 4 wallets (1.489241ms, 277.852µs)"
time="2026-06-02T03:27:59Z" level=info msg="block 9099: submitted=12, pending=12, confirmed=4, throughput: 5B=4.40 tx/B, 20B=4.45 tx/B, 60B=4.52 tx/B" scenario=factorydeploytx wallets=4
time="2026-06-02T03:27:59Z" level=debug msg="deployment tx 627 confirmed in block #9099. deployed at: 0xcB15b7A20f42103E8fc2d7a82E6F1c9880e3c5c1, total fee: 133670 gwei (base: 2)" rpc="localhost:8545" scenario=factorydeploytx
time="2026-06-02T03:27:59Z" level=debug msg="deployment tx 628 confirmed in block #9099. deployed at: 0x3C99F35bd1f4C731DdF2d6Df6351e01eCE179c00, total fee: 133670 gwei (base: 2)" rpc="localhost:8545" scenario=factorydeploytx
time="2026-06-02T03:27:59Z" level=info msg="processed block 9100:  5 total tx, 5 tx confirmed from 5 wallets (959.302µs, 304.017µs)"
time="2026-06-02T03:27:59Z" level=info msg="block 9100: submitted=0, pending=7, confirmed=5, throughput: 5B=4.40 tx/B, 20B=4.50 tx/B, 60B=4.52 tx/B" scenario=factorydeploytx wallets=5
time="2026-06-02T03:27:59Z" level=debug msg="deployment tx 629 confirmed in block #9100. deployed at: 0xcD764e95cD4ad4438b7663e8D189903E743eb5fd, total fee: 133670 gwei (base: 2)" rpc="localhost:8545" scenario=factorydeploytx
time="2026-06-02T03:27:59Z" level=debug msg="deployment tx 630 confirmed in block #9100. deployed at: 0xCe83d27F8100508b99A314e6c8EEEd64c902e5C8, total fee: 133670 gwei (base: 2)" rpc="localhost:8545" scenario=factorydeploytx
time="2026-06-02T03:27:59Z" level=debug msg="deployment tx 631 confirmed in block #9100. deployed at: 0xA805272772444bc09Bf7D471b4A597356c5c2FA0, total fee: 133670 gwei (base: 2)" rpc="localhost:8545" scenario=factorydeploytx
time="2026-06-02T03:27:59Z" level=debug msg="deployment tx 632 confirmed in block #9100. deployed at: 0x8759E47aEDEB6f76AF6E70bb63107180Af0148a0, total fee: 133670 gwei (base: 2)" rpc="localhost:8545" scenario=factorydeploytx
time="2026-06-02T03:27:59Z" level=debug msg="deployment tx 633 confirmed in block #9100. deployed at: 0xf1cfCfA6eD01a3bB3C8Dca076749558d466D92eC, total fee: 133670 gwei (base: 2)" rpc="localhost:8545" scenario=factorydeploytx
time="2026-06-02T03:27:59Z" level=debug msg="deployment tx 634 confirmed in block #9101. deployed at: 0xBa0e7A1DbAcC5672b334Ea694fb455f0fDd94bC8, total fee: 133670 gwei (base: 2)" rpc="localhost:8545" scenario=factorydeploytx
time="2026-06-02T03:27:59Z" level=debug msg="deployment tx 635 confirmed in block #9101. deployed at: 0xcBa3Bc9F9feE9Ec6084C60d331d4eeC8519fc725, total fee: 133670 gwei (base: 2)" rpc="localhost:8545" scenario=factorydeploytx
time="2026-06-02T03:27:59Z" level=debug msg="deployment tx 636 confirmed in block #9101. deployed at: 0x5E904296690939E17952E10B0b8208e20c4Cd39C, total fee: 133670 gwei (base: 2)" rpc="localhost:8545" scenario=factorydeploytx
time="2026-06-02T03:27:59Z" level=debug msg="deployment tx 637 confirmed in block #9101. deployed at: 0xE7F820558D63143215164AB220F067069d446C64, total fee: 133670 gwei (base: 2)" rpc="localhost:8545" scenario=factorydeploytx
time="2026-06-02T03:27:59Z" level=info msg="processed block 9101:  5 total tx, 5 tx confirmed from 5 wallets (939.54µs, 475.964µs)"
time="2026-06-02T03:27:59Z" level=debug msg="deployment tx 638 confirmed in block #9101. deployed at: 0xec6449191bff8d6Cb9bfA66EB1EF706f1F9BaE08, total fee: 133670 gwei (base: 2)" rpc="localhost:8545" scenario=factorydeploytx
time="2026-06-02T03:27:59Z" level=info msg="block 9101: submitted=0, pending=2, confirmed=5, throughput: 5B=4.60 tx/B, 20B=4.50 tx/B, 60B=4.53 tx/B" scenario=factorydeploytx wallets=5
time="2026-06-02T03:27:59Z" level=debug msg="sent deployment tx #   641: 0xe8df4129275d7edc5e773262df6d6e566fd6374aaf4b15e2788b7a8ef55eaf63" nonce=13 rpc="localhost:8545" scenario=factorydeploytx wallet=41
time="2026-06-02T03:27:59Z" level=debug msg="sent deployment tx #   642: 0x8049ef99441231e7cfa03f2f87b003ca2e480404ef7ea31d35474573ac41e22a" nonce=13 rpc="localhost:8545" scenario=factorydeploytx wallet=42
time="2026-06-02T03:27:59Z" level=debug msg="sent deployment tx #   643: 0xea6e2382241b360b25170e88b92c57ef747dce9396a07ca0b33e55f844ef72e6" nonce=13 rpc="localhost:8545" scenario=factorydeploytx wallet=43
time="2026-06-02T03:27:59Z" level=debug msg="sent deployment tx #   644: 0x9a45d974740e71cb2aae50a5fb6abe9c6111f6ec954f8ffcaf8d9400940dae41" nonce=13 rpc="localhost:8545" scenario=factorydeploytx wallet=44
time="2026-06-02T03:28:00Z" level=debug msg="sent deployment tx #   645: 0x0473efde011932671d4ada0647d50644b633e2a1b5276c6aebe01120bcaacc66" nonce=13 rpc="localhost:8545" scenario=factorydeploytx wallet=45
time="2026-06-02T03:28:00Z" level=debug msg="sent deployment tx #   646: 0xec64c5509dea24faed38b2b7b6c9286c52afc19cf70a08172d72e6e462ce38c4" nonce=13 rpc="localhost:8545" scenario=factorydeploytx wallet=46
time="2026-06-02T03:28:00Z" level=debug msg="sent deployment tx #   647: 0x3f10cbf027b720e84652d9eeaac94aebc3abae1ff0751d09ce43cb21457975c1" nonce=13 rpc="localhost:8545" scenario=factorydeploytx wallet=47
time="2026-06-02T03:28:00Z" level=debug msg="sent deployment tx #   648: 0x5fbb3479d8076406ab4f8410cbc56941439ed13a717ebffe9eb537857dcd7e7f" nonce=13 rpc="localhost:8545" scenario=factorydeploytx wallet=48
time="2026-06-02T03:28:01Z" level=debug msg="sent deployment tx #   649: 0x6e79d8a6bd863527c64b5d7636e8bf9268701bdb1d703b7577ede56c631ee641" nonce=13 rpc="localhost:8545" scenario=factorydeploytx wallet=49
time="2026-06-02T03:28:01Z" level=debug msg="sent deployment tx #   650: 0x9853d991408b845b0c157b6ac4ad5db93742b03d56f0acab3253091aa9237930" nonce=13 rpc="localhost:8545" scenario=factorydeploytx wallet=50
time="2026-06-02T03:28:01Z" level=debug msg="sent deployment tx #   651: 0xd87c88bfd474892f31d0f5f43c526a411e752729156365e878549c834860946f" nonce=13 rpc="localhost:8545" scenario=factorydeploytx wallet=51
time="2026-06-02T03:28:01Z" level=debug msg="sent deployment tx #   652: 0x05cf6b47f212ce0d57e7d3318b64f7529b23203e16af3afa7155a62cdebebeed" nonce=13 rpc="localhost:8545" scenario=factorydeploytx wallet=52
time="2026-06-02T03:28:02Z" level=debug msg="sent deployment tx #   653: 0xe3d6f58f110710cc7278f19bf3b264a49488cc93f726b932af09d5b9736ab7f2" nonce=13 rpc="localhost:8545" scenario=factorydeploytx wallet=53
time="2026-06-02T03:28:02Z" level=debug msg="deployment tx 639 confirmed in block #9102. deployed at: 0xB3b723eF343ccA803a9F453A46D1F128712E9C36, total fee: 133670 gwei (base: 2)" rpc="localhost:8545" scenario=factorydeploytx
time="2026-06-02T03:28:02Z" level=debug msg="deployment tx 640 confirmed in block #9102. deployed at: 0xcA228aca9Ce30E051E673acAb4787E94038eb680, total fee: 133670 gwei (base: 2)" rpc="localhost:8545" scenario=factorydeploytx
time="2026-06-02T03:28:02Z" level=info msg="processed block 9102:  4 total tx, 4 tx confirmed from 4 wallets (1.343533ms, 281.779µs)"
time="2026-06-02T03:28:02Z" level=info msg="block 9102: submitted=13, pending=11, confirmed=4, throughput: 5B=4.40 tx/B, 20B=4.50 tx/B, 60B=4.52 tx/B" scenario=factorydeploytx wallets=4
time="2026-06-02T03:28:02Z" level=debug msg="deployment tx 641 confirmed in block #9102. deployed at: 0x53beB67da8057c5F83b495B02d54c83C3DdF9c23, total fee: 133670 gwei (base: 2)" rpc="localhost:8545" scenario=factorydeploytx
time="2026-06-02T03:28:02Z" level=debug msg="deployment tx 642 confirmed in block #9102. deployed at: 0x4f388dF763516d948ffC8DbD30B9761dBB493874, total fee: 133670 gwei (base: 2)" rpc="localhost:8545" scenario=factorydeploytx
time="2026-06-02T03:28:02Z" level=debug msg="deployment tx 643 confirmed in block #9103. deployed at: 0xD67c02F8c1D6c0Ceba3253F532a81D73430e11F2, total fee: 133670 gwei (base: 2)" rpc="localhost:8545" scenario=factorydeploytx
time="2026-06-02T03:28:02Z" level=debug msg="deployment tx 645 confirmed in block #9103. deployed at: 0x6a6eec9ab0d281d01a0C491C479c2eE96C2ebe0A, total fee: 133670 gwei (base: 2)" rpc="localhost:8545" scenario=factorydeploytx
time="2026-06-02T03:28:02Z" level=debug msg="deployment tx 644 confirmed in block #9103. deployed at: 0x4dA0a130cEA077fF021dDA83cbbbDBd99D584109, total fee: 133670 gwei (base: 2)" rpc="localhost:8545" scenario=factorydeploytx
time="2026-06-02T03:28:02Z" level=debug msg="deployment tx 646 confirmed in block #9103. deployed at: 0x6064b91260e40bbfe0Dbc54aE4fDde2E91f688f9, total fee: 133670 gwei (base: 2)" rpc="localhost:8545" scenario=factorydeploytx
time="2026-06-02T03:28:02Z" level=info msg="processed block 9103:  5 total tx, 5 tx confirmed from 5 wallets (971.329µs, 378.043µs)"
time="2026-06-02T03:28:02Z" level=info msg="block 9103: submitted=0, pending=6, confirmed=5, throughput: 5B=4.60 tx/B, 20B=4.50 tx/B, 60B=4.52 tx/B" scenario=factorydeploytx wallets=5
time="2026-06-02T03:28:02Z" level=debug msg="deployment tx 647 confirmed in block #9103. deployed at: 0x6037faE36686CA288569E704DF2C0604BA8cf9c2, total fee: 133670 gwei (base: 2)" rpc="localhost:8545" scenario=factorydeploytx
time="2026-06-02T03:28:02Z" level=debug msg="deployment tx 648 confirmed in block #9104. deployed at: 0x0df647e1C2b03f6C1A80c5Cc18e8e001595ebe9A, total fee: 133670 gwei (base: 2)" rpc="localhost:8545" scenario=factorydeploytx
time="2026-06-02T03:28:02Z" level=debug msg="deployment tx 649 confirmed in block #9104. deployed at: 0x0913419f4586f055efeDdBDa8A0546A07DB55A6C, total fee: 133670 gwei (base: 2)" rpc="localhost:8545" scenario=factorydeploytx
time="2026-06-02T03:28:02Z" level=debug msg="deployment tx 650 confirmed in block #9104. deployed at: 0xfbE0580EC50734AbB85764B22309205896C8F726, total fee: 133670 gwei (base: 2)" rpc="localhost:8545" scenario=factorydeploytx
time="2026-06-02T03:28:02Z" level=info msg="processed block 9104:  4 total tx, 4 tx confirmed from 4 wallets (794.703µs, 245.812µs)"
time="2026-06-02T03:28:02Z" level=info msg="block 9104: submitted=0, pending=2, confirmed=4, throughput: 5B=4.60 tx/B, 20B=4.50 tx/B, 60B=4.50 tx/B" scenario=factorydeploytx wallets=4
time="2026-06-02T03:28:02Z" level=debug msg="deployment tx 651 confirmed in block #9104. deployed at: 0x7977A8D3d087b4cA2bcf2a11b871143543aeFe08, total fee: 133670 gwei (base: 2)" rpc="localhost:8545" scenario=factorydeploytx
time="2026-06-02T03:28:02Z" level=debug msg="sent deployment tx #   654: 0x02b89e7c446b4386ac8bd349e767ee5f4a3898f240c9cd82df1a2935ae3d04cc" nonce=13 rpc="localhost:8545" scenario=factorydeploytx wallet=54
time="2026-06-02T03:28:02Z" level=debug msg="sent deployment tx #   655: 0x26a060f66e31b96289bb4fe8fc61f72d456ea9f229dc077d9820e1dd1574df90" nonce=13 rpc="localhost:8545" scenario=factorydeploytx wallet=55
time="2026-06-02T03:28:02Z" level=debug msg="sent deployment tx #   656: 0x0f61114cd084d26df15273d64567eb705b2a4d454117b4ef938f5c48597a40ee" nonce=13 rpc="localhost:8545" scenario=factorydeploytx wallet=56
time="2026-06-02T03:28:03Z" level=debug msg="sent deployment tx #   657: 0xe81dbb0792883f9971ee2da4885b78a590b8c2b395951c2cf46c564fa695977b" nonce=13 rpc="localhost:8545" scenario=factorydeploytx wallet=57
time="2026-06-02T03:28:03Z" level=debug msg="sent deployment tx #   658: 0x1efc3c45fb2efbad599b14072fe50913cecfd324bbb392f540cb009f309fb644" nonce=13 rpc="localhost:8545" scenario=factorydeploytx wallet=58
time="2026-06-02T03:28:03Z" level=debug msg="sent deployment tx #   659: 0x42dd68351703f48066f1eca7f7d85cc80a74030fb41b50e93d41f43a6b24b51f" nonce=13 rpc="localhost:8545" scenario=factorydeploytx wallet=59
time="2026-06-02T03:28:03Z" level=debug msg="sent deployment tx #   660: 0xcabfa4b98d1ee73a4d48f66be7f74e0ffd85c4aa5e465685b72f8e85a879f2fb" nonce=13 rpc="localhost:8545" scenario=factorydeploytx wallet=60
time="2026-06-02T03:28:04Z" level=debug msg="sent deployment tx #   661: 0xcc8c2b0c563043b84c5b8f8aaf75531643f5626b09ec69e796ffbca19a5900e7" nonce=13 rpc="localhost:8545" scenario=factorydeploytx wallet=61
time="2026-06-02T03:28:04Z" level=debug msg="sent deployment tx #   662: 0x9bd1450a002f3d7fc2c4a76d9d867430e30a3466896341d3e1a623afa333012c" nonce=13 rpc="localhost:8545" scenario=factorydeploytx wallet=62
time="2026-06-02T03:28:04Z" level=debug msg="sent deployment tx #   663: 0xeb037800ffb1fc760c82f19ea8f9b01162b15efc6c9447787ef5db58e22ec6af" nonce=13 rpc="localhost:8545" scenario=factorydeploytx wallet=63
time="2026-06-02T03:28:04Z" level=debug msg="sent deployment tx #   664: 0xc6eeb4ba089c71189ac616d87ce88c17e0e74466d4bbd96feb891a2b3b98807c" nonce=13 rpc="localhost:8545" scenario=factorydeploytx wallet=64
time="2026-06-02T03:28:04Z" level=debug msg="sent deployment tx #   665: 0xa38e472dfb037e768b3fd3037494ffbb99a16dd98cf07ac67147713dae420ddb" nonce=13 rpc="localhost:8545" scenario=factorydeploytx wallet=65
time="2026-06-02T03:28:05Z" level=debug msg="deployment tx 652 confirmed in block #9105. deployed at: 0x0c97377C41A9B92140e395A9B4191f75CDa934b7, total fee: 133670 gwei (base: 2)" rpc="localhost:8545" scenario=factorydeploytx
time="2026-06-02T03:28:05Z" level=debug msg="deployment tx 653 confirmed in block #9105. deployed at: 0x9bb070299a3dC4f8De5513Df405570f776e881a8, total fee: 133670 gwei (base: 2)" rpc="localhost:8545" scenario=factorydeploytx
time="2026-06-02T03:28:05Z" level=debug msg="deployment tx 654 confirmed in block #9105. deployed at: 0x1d961301132Bed265B489B695F8C546153958Fb7, total fee: 133670 gwei (base: 2)" rpc="localhost:8545" scenario=factorydeploytx
time="2026-06-02T03:28:05Z" level=debug msg="deployment tx 655 confirmed in block #9105. deployed at: 0xb815A48414B79147A9eF68B3792a85c599Ee3505, total fee: 133670 gwei (base: 2)" rpc="localhost:8545" scenario=factorydeploytx
time="2026-06-02T03:28:05Z" level=info msg="processed block 9105:  5 total tx, 5 tx confirmed from 5 wallets (1.086456ms, 331.671µs)"
time="2026-06-02T03:28:05Z" level=info msg="block 9105: submitted=12, pending=9, confirmed=5, throughput: 5B=4.60 tx/B, 20B=4.50 tx/B, 60B=4.52 tx/B" scenario=factorydeploytx wallets=5
time="2026-06-02T03:28:05Z" level=debug msg="deployment tx 656 confirmed in block #9105. deployed at: 0x3c82b233B889f5273cc4De0BD7236CF6540399fD, total fee: 133670 gwei (base: 2)" rpc="localhost:8545" scenario=factorydeploytx
time="2026-06-02T03:28:05Z" level=debug msg="deployment tx 657 confirmed in block #9106. deployed at: 0x6A2c83AAC57017bf37D157705727846F0D8746D9, total fee: 133670 gwei (base: 2)" rpc="localhost:8545" scenario=factorydeploytx
time="2026-06-02T03:28:05Z" level=info msg="processed block 9106:  4 total tx, 4 tx confirmed from 4 wallets (893.18µs, 265.121µs)"
time="2026-06-02T03:28:05Z" level=info msg="block 9106: submitted=0, pending=5, confirmed=4, throughput: 5B=4.40 tx/B, 20B=4.50 tx/B, 60B=4.50 tx/B" scenario=factorydeploytx wallets=4
time="2026-06-02T03:28:05Z" level=debug msg="deployment tx 658 confirmed in block #9106. deployed at: 0x0296B98Ea6E27f3558fe7Dc88Af85C0dEe4AfEd9, total fee: 133670 gwei (base: 2)" rpc="localhost:8545" scenario=factorydeploytx
time="2026-06-02T03:28:05Z" level=debug msg="deployment tx 659 confirmed in block #9106. deployed at: 0xAd22Ce0041F9A09C2a3B2667e3cF8a2683CA36Cf, total fee: 133670 gwei (base: 2)" rpc="localhost:8545" scenario=factorydeploytx
time="2026-06-02T03:28:05Z" level=debug msg="deployment tx 660 confirmed in block #9106. deployed at: 0xD06c72974134877103c564a84E1956Ae8D82bBe4, total fee: 133670 gwei (base: 2)" rpc="localhost:8545" scenario=factorydeploytx
time="2026-06-02T03:28:05Z" level=debug msg="deployment tx 661 confirmed in block #9107. deployed at: 0x34001AC6673F777203100733a5762249A6d32c2a, total fee: 133670 gwei (base: 2)" rpc="localhost:8545" scenario=factorydeploytx
time="2026-06-02T03:28:05Z" level=debug msg="deployment tx 662 confirmed in block #9107. deployed at: 0x9540375C4E27682962e4146b8ED8c3d900A285Cd, total fee: 133670 gwei (base: 2)" rpc="localhost:8545" scenario=factorydeploytx
time="2026-06-02T03:28:05Z" level=debug msg="deployment tx 663 confirmed in block #9107. deployed at: 0xEE8370b7f04eeaABf7847014e9DEDF1C67bf0AFD, total fee: 133670 gwei (base: 2)" rpc="localhost:8545" scenario=factorydeploytx
time="2026-06-02T03:28:05Z" level=debug msg="deployment tx 664 confirmed in block #9107. deployed at: 0x6c7718fdc7Af9Fed1EE40CCA428c3f6711dd4E4B, total fee: 133670 gwei (base: 2)" rpc="localhost:8545" scenario=factorydeploytx
time="2026-06-02T03:28:05Z" level=info msg="processed block 9107:  5 total tx, 5 tx confirmed from 5 wallets (1.971807ms, 489.703µs)"
time="2026-06-02T03:28:05Z" level=info msg="block 9107: submitted=0, pending=0, confirmed=5, throughput: 5B=4.60 tx/B, 20B=4.50 tx/B, 60B=4.50 tx/B" scenario=factorydeploytx wallets=5
time="2026-06-02T03:28:05Z" level=debug msg="deployment tx 665 confirmed in block #9107. deployed at: 0x388d107e4804F7a0478b300157577a099a522cCc, total fee: 133670 gwei (base: 2)" rpc="localhost:8545" scenario=factorydeploytx
time="2026-06-02T03:28:05Z" level=debug msg="sent deployment tx #   666: 0x76c41daafc79aef77cda939a678110a780b4da331bf246630fdf1cf5c1ecee57" nonce=13 rpc="localhost:8545" scenario=factorydeploytx wallet=66
time="2026-06-02T03:28:05Z" level=debug msg="sent deployment tx #   667: 0x17de01bfeeb650db15e25bd63dea84903a43352bb74be3cfc8d92c41f25144e0" nonce=13 rpc="localhost:8545" scenario=factorydeploytx wallet=67
time="2026-06-02T03:28:05Z" level=debug msg="sent deployment tx #   668: 0x0b2378fa88d427fb484d5da24506572255a1b6fd257b793f8f96818b021ed00b" nonce=13 rpc="localhost:8545" scenario=factorydeploytx wallet=68
time="2026-06-02T03:28:05Z" level=debug msg="sent deployment tx #   669: 0x7354c2c0779bd5ed39e2e731fb37959aff52c823d5d8459109e3d1c01b6c3203" nonce=13 rpc="localhost:8545" scenario=factorydeploytx wallet=69
time="2026-06-02T03:28:06Z" level=debug msg="sent deployment tx #   670: 0x574a42de989d48379bb5f431997ac9a823b85f88f4796b5d3992ab291b1d991d" nonce=13 rpc="localhost:8545" scenario=factorydeploytx wallet=70
time="2026-06-02T03:28:06Z" level=debug msg="sent deployment tx #   671: 0x1722a5ffed077aad6ad750937a04ee15c80ebd9402bf54f2fac36ab2d9b9cd0d" nonce=13 rpc="localhost:8545" scenario=factorydeploytx wallet=71
time="2026-06-02T03:28:06Z" level=debug msg="sent deployment tx #   672: 0xf480fade5fe478f5310ae12e9964fa524ea4fe9473b8431cae913f936e7ff757" nonce=13 rpc="localhost:8545" scenario=factorydeploytx wallet=72
time="2026-06-02T03:28:06Z" level=debug msg="sent deployment tx #   673: 0xc0a532de311d581c2fbebebb7df993ab12bb24a7ebbfc2d649d0567571c3fb2d" nonce=13 rpc="localhost:8545" scenario=factorydeploytx wallet=73
time="2026-06-02T03:28:07Z" level=debug msg="sent deployment tx #   674: 0x83f27f8e9d69bdd5df73231b7cdf531e3233dbdb67fec3d80b115f47297ba789" nonce=13 rpc="localhost:8545" scenario=factorydeploytx wallet=74
time="2026-06-02T03:28:07Z" level=debug msg="sent deployment tx #   675: 0x5b9b6340b0171a631bf1d2cfd6f0c0635b67da8af74b13f76bdb6386e69bd7cb" nonce=13 rpc="localhost:8545" scenario=factorydeploytx wallet=75
time="2026-06-02T03:28:07Z" level=debug msg="sent deployment tx #   676: 0xa317769ec9bfa7921fb1910459fafc2991a908a91f4e0421211a3c26819cfe6b" nonce=13 rpc="localhost:8545" scenario=factorydeploytx wallet=76
time="2026-06-02T03:28:07Z" level=debug msg="sent deployment tx #   677: 0x2b0fc734b8381e9ae94aedcc1d3c33275a35b1fb2b6820af7d12aa7ede099ad6" nonce=13 rpc="localhost:8545" scenario=factorydeploytx wallet=77
time="2026-06-02T03:28:08Z" level=debug msg="sent deployment tx #   678: 0xdc75e461001d4f7e8b0edfec21223b9737f7bc30147a8787acfaa06893b69e85" nonce=13 rpc="localhost:8545" scenario=factorydeploytx wallet=78
time="2026-06-02T03:28:08Z" level=debug msg="deployment tx 666 confirmed in block #9108. deployed at: 0x0b75e4c3a9F94e1d16dCB1095EE907e4FBe8E80e, total fee: 133670 gwei (base: 2)" rpc="localhost:8545" scenario=factorydeploytx
time="2026-06-02T03:28:08Z" level=debug msg="deployment tx 668 confirmed in block #9108. deployed at: 0x6FdFF55ae1D594DA78EDB0D450d1fc6647235F0c, total fee: 133670 gwei (base: 2)" rpc="localhost:8545" scenario=factorydeploytx
time="2026-06-02T03:28:08Z" level=debug msg="deployment tx 667 confirmed in block #9108. deployed at: 0xB841C731884f90739BF84A99466f9c7fd77AA501, total fee: 133670 gwei (base: 2)" rpc="localhost:8545" scenario=factorydeploytx
time="2026-06-02T03:28:08Z" level=info msg="processed block 9108:  4 total tx, 4 tx confirmed from 4 wallets (971.608µs, 281.949µs)"
time="2026-06-02T03:28:08Z" level=info msg="block 9108: submitted=13, pending=9, confirmed=4, throughput: 5B=4.40 tx/B, 20B=4.50 tx/B, 60B=4.50 tx/B" scenario=factorydeploytx wallets=4
time="2026-06-02T03:28:08Z" level=debug msg="deployment tx 669 confirmed in block #9108. deployed at: 0xc99a3Ae225f5502B7E40C0dFB9FA3c369c6563DF, total fee: 133670 gwei (base: 2)" rpc="localhost:8545" scenario=factorydeploytx
time="2026-06-02T03:28:08Z" level=debug msg="deployment tx 670 confirmed in block #9109. deployed at: 0xcb525d6dc75dfb57EE0032B6808546e84bF2f4e5, total fee: 133670 gwei (base: 2)" rpc="localhost:8545" scenario=factorydeploytx
time="2026-06-02T03:28:08Z" level=debug msg="deployment tx 671 confirmed in block #9109. deployed at: 0x6281FA1B59bbC5494fdBd2a1e92eAC2Fc6898071, total fee: 133670 gwei (base: 2)" rpc="localhost:8545" scenario=factorydeploytx
time="2026-06-02T03:28:08Z" level=debug msg="deployment tx 672 confirmed in block #9109. deployed at: 0x5Cc56FBDE835194f277133148D4807B04d797eF1, total fee: 133670 gwei (base: 2)" rpc="localhost:8545" scenario=factorydeploytx
time="2026-06-02T03:28:08Z" level=debug msg="deployment tx 673 confirmed in block #9109. deployed at: 0x7c7DA2C64A8F915ceE5AaB9411acb628d852A24F, total fee: 133670 gwei (base: 2)" rpc="localhost:8545" scenario=factorydeploytx
time="2026-06-02T03:28:08Z" level=info msg="processed block 9109:  5 total tx, 5 tx confirmed from 5 wallets (1.496291ms, 761.819µs)"
time="2026-06-02T03:28:08Z" level=debug msg="deployment tx 674 confirmed in block #9109. deployed at: 0xe54C076E339fF17560bDAA2DBE1479D06B6737D9, total fee: 133670 gwei (base: 2)" rpc="localhost:8545" scenario=factorydeploytx
time="2026-06-02T03:28:08Z" level=info msg="block 9109: submitted=0, pending=4, confirmed=5, throughput: 5B=4.60 tx/B, 20B=4.50 tx/B, 60B=4.50 tx/B" scenario=factorydeploytx wallets=5
time="2026-06-02T03:28:08Z" level=debug msg="sent deployment tx #   679: 0x3f7bbb1cc585c37c63a4fc9501f18412df4fc0983a642167241ffde3eec08836" nonce=13 rpc="localhost:8545" scenario=factorydeploytx wallet=79
time="2026-06-02T03:28:08Z" level=debug msg="sent deployment tx #   680: 0x453f8ca680fca9fcfbd6bdf87e2b49f719c261ccaaa43bc2f797d655d56b48a2" nonce=13 rpc="localhost:8545" scenario=factorydeploytx wallet=80
time="2026-06-02T03:28:08Z" level=debug msg="sent deployment tx #   681: 0xa1a5a76f7f52f199fe787f89eed85af22ec293bb2dc51116c36dea699d8dc3cc" nonce=13 rpc="localhost:8545" scenario=factorydeploytx wallet=81
time="2026-06-02T03:28:09Z" level=debug msg="sent deployment tx #   682: 0x2827fda3f377cfa2f04c9e2cabd95c8062837e4f4fbf3d433ea86c7b26c2fa80" nonce=13 rpc="localhost:8545" scenario=factorydeploytx wallet=82
time="2026-06-02T03:28:09Z" level=debug msg="sent deployment tx #   683: 0x80c1a1f42949da6815a761c27e4921f32e2209778a126a3052b2c8f24bfe0b41" nonce=13 rpc="localhost:8545" scenario=factorydeploytx wallet=83
time="2026-06-02T03:28:09Z" level=debug msg="sent deployment tx #   684: 0x2bc42209bb161d9c4d0029cea6015c9ca2ae0e13bc839d76017182b30de9b574" nonce=13 rpc="localhost:8545" scenario=factorydeploytx wallet=84
time="2026-06-02T03:28:09Z" level=debug msg="sent deployment tx #   685: 0xeca3812cc668bb77c5f16d6fc034ac2628fb3caf8121aedda06a3b27351f5b2b" nonce=13 rpc="localhost:8545" scenario=factorydeploytx wallet=85
time="2026-06-02T03:28:10Z" level=debug msg="sent deployment tx #   686: 0x1faf0b25fc2671c295407a14106f5ab6e4ba64c5a6340ebb5cfa7edaaabd55ec" nonce=13 rpc="localhost:8545" scenario=factorydeploytx wallet=86
time="2026-06-02T03:28:10Z" level=debug msg="sent deployment tx #   687: 0x99f1ea3463f6d375d73da173ad54886b21aa8aef8ae2374a0e1b44504e2071ca" nonce=13 rpc="localhost:8545" scenario=factorydeploytx wallet=87
time="2026-06-02T03:28:10Z" level=debug msg="sent deployment tx #   688: 0x0f1b9171208fd578b34480fe0c40b3fd6c452bddca6c2076260e2358c181c0f0" nonce=13 rpc="localhost:8545" scenario=factorydeploytx wallet=88
time="2026-06-02T03:28:10Z" level=debug msg="sent deployment tx #   689: 0xa8adbfdfb95db070384e9dd06eb639fe7cd5544d9c8a6d8a25de2557d0aabef0" nonce=13 rpc="localhost:8545" scenario=factorydeploytx wallet=89
time="2026-06-02T03:28:10Z" level=debug msg="sent deployment tx #   690: 0x55a7c0f392c2775263f71f4548cb17989b1cc73bc6d49fa2093130b8f80dc854" nonce=13 rpc="localhost:8545" scenario=factorydeploytx wallet=90
time="2026-06-02T03:28:11Z" level=debug msg="deployment tx 675 confirmed in block #9110. deployed at: 0x8E2aAE1F9139Dbb262d82A77878A9735E17Ad3FD, total fee: 133670 gwei (base: 2)" rpc="localhost:8545" scenario=factorydeploytx
time="2026-06-02T03:28:11Z" level=debug msg="deployment tx 676 confirmed in block #9110. deployed at: 0x4D5695db1A12b6cec77E53cE051d224ba2b25704, total fee: 133670 gwei (base: 2)" rpc="localhost:8545" scenario=factorydeploytx
time="2026-06-02T03:28:11Z" level=debug msg="deployment tx 677 confirmed in block #9110. deployed at: 0x989E2673E32701B29481edB23e583f76B36933e1, total fee: 133670 gwei (base: 2)" rpc="localhost:8545" scenario=factorydeploytx
time="2026-06-02T03:28:11Z" level=info msg="processed block 9110:  4 total tx, 4 tx confirmed from 4 wallets (1.074179ms, 296.325µs)"
time="2026-06-02T03:28:11Z" level=info msg="block 9110: submitted=12, pending=12, confirmed=4, throughput: 5B=4.40 tx/B, 20B=4.50 tx/B, 60B=4.50 tx/B" scenario=factorydeploytx wallets=4
time="2026-06-02T03:28:11Z" level=debug msg="deployment tx 678 confirmed in block #9110. deployed at: 0x6e714a3d992Fcb040bFCE303831E398a40e8FC97, total fee: 133670 gwei (base: 2)" rpc="localhost:8545" scenario=factorydeploytx
time="2026-06-02T03:28:11Z" level=debug msg="deployment tx 679 confirmed in block #9111. deployed at: 0xb050F5EB78d05Ff58306Aeee63348429C4107026, total fee: 133670 gwei (base: 2)" rpc="localhost:8545" scenario=factorydeploytx
time="2026-06-02T03:28:11Z" level=debug msg="deployment tx 680 confirmed in block #9111. deployed at: 0x87a5542a724e3fA8F4709C13baD5F233b4850816, total fee: 133670 gwei (base: 2)" rpc="localhost:8545" scenario=factorydeploytx
time="2026-06-02T03:28:11Z" level=debug msg="deployment tx 681 confirmed in block #9111. deployed at: 0xA092b9FD492FFF2Eff5c8519147cCe75b90807c9, total fee: 133670 gwei (base: 2)" rpc="localhost:8545" scenario=factorydeploytx
time="2026-06-02T03:28:11Z" level=debug msg="deployment tx 682 confirmed in block #9111. deployed at: 0x6fEAD5e4243Acb647F14ceF629dEd326e540d245, total fee: 133670 gwei (base: 2)" rpc="localhost:8545" scenario=factorydeploytx
time="2026-06-02T03:28:11Z" level=info msg="processed block 9111:  5 total tx, 5 tx confirmed from 5 wallets (1.438921ms, 492.176µs)"
time="2026-06-02T03:28:11Z" level=info msg="block 9111: submitted=0, pending=7, confirmed=5, throughput: 5B=4.60 tx/B, 20B=4.50 tx/B, 60B=4.50 tx/B" scenario=factorydeploytx wallets=5
time="2026-06-02T03:28:11Z" level=debug msg="deployment tx 683 confirmed in block #9111. deployed at: 0xA1505ADd801256632b548e91FE98253316D92eb0, total fee: 133670 gwei (base: 2)" rpc="localhost:8545" scenario=factorydeploytx
time="2026-06-02T03:28:11Z" level=info msg="processed block 9112:  4 total tx, 4 tx confirmed from 4 wallets (1.006857ms, 274.079µs)"
time="2026-06-02T03:28:11Z" level=info msg="block 9112: submitted=0, pending=3, confirmed=4, throughput: 5B=4.40 tx/B, 20B=4.50 tx/B, 60B=4.50 tx/B" scenario=factorydeploytx wallets=4
time="2026-06-02T03:28:11Z" level=debug msg="deployment tx 684 confirmed in block #9112. deployed at: 0x0F8B7A91e182FCAaA9194357D29350b9616F631B, total fee: 133670 gwei (base: 2)" rpc="localhost:8545" scenario=factorydeploytx
time="2026-06-02T03:28:11Z" level=debug msg="deployment tx 685 confirmed in block #9112. deployed at: 0x3a53Bf9e9963D64b27338B17a17bED1E5CdB91Cd, total fee: 133670 gwei (base: 2)" rpc="localhost:8545" scenario=factorydeploytx
time="2026-06-02T03:28:11Z" level=debug msg="deployment tx 686 confirmed in block #9112. deployed at: 0x90D37aba06370c1a20B79034262D6b0AD0AF0EDc, total fee: 133670 gwei (base: 2)" rpc="localhost:8545" scenario=factorydeploytx
time="2026-06-02T03:28:11Z" level=debug msg="deployment tx 687 confirmed in block #9112. deployed at: 0x69A06ac7F9B3e1B2Fe335E8cc29BbF78c85e460d, total fee: 133670 gwei (base: 2)" rpc="localhost:8545" scenario=factorydeploytx
time="2026-06-02T03:28:11Z" level=debug msg="sent deployment tx #   691: 0xe90d33b3aa77adc58780f9ba44623ae93beef62a901edfc4517657f0767bb442" nonce=13 rpc="localhost:8545" scenario=factorydeploytx wallet=91
time="2026-06-02T03:28:11Z" level=debug msg="sent deployment tx #   692: 0xa646ebae6a77a3f5550280b6418b463d3b3682fdf22ade7b0065322bd219f8a5" nonce=13 rpc="localhost:8545" scenario=factorydeploytx wallet=92
time="2026-06-02T03:28:11Z" level=debug msg="sent deployment tx #   693: 0xd34f9b6c9870b6a00eafaf13b1bc4828041871c897330163fd503c3786a72fd3" nonce=13 rpc="localhost:8545" scenario=factorydeploytx wallet=93
time="2026-06-02T03:28:11Z" level=debug msg="sent deployment tx #   694: 0x72d4fa471e0b885538c8565c9067ef3e5c4acb16c2c32b1e9e07296a7a339f1d" nonce=13 rpc="localhost:8545" scenario=factorydeploytx wallet=94
time="2026-06-02T03:28:12Z" level=debug msg="sent deployment tx #   695: 0x02d559cb88f54189625957268b21c862a06e27fe023944d6ffe03113a6996730" nonce=13 rpc="localhost:8545" scenario=factorydeploytx wallet=95
time="2026-06-02T03:28:12Z" level=debug msg="sent deployment tx #   696: 0x6795be0e570cb57e5fa3d2bac85a839fe9f290e2574d6a8bc27943a8ae192731" nonce=13 rpc="localhost:8545" scenario=factorydeploytx wallet=96
time="2026-06-02T03:28:12Z" level=debug msg="sent deployment tx #   697: 0xd8dabae4d548dff5405644762e948f3f1a61b74ac2c6bb654cdecc7be85f943e" nonce=13 rpc="localhost:8545" scenario=factorydeploytx wallet=97
time="2026-06-02T03:28:12Z" level=debug msg="sent deployment tx #   698: 0x57a4d8e663ed772367c8bbb3d4ae253cb5021027c5320a27e13e411953779101" nonce=13 rpc="localhost:8545" scenario=factorydeploytx wallet=98
time="2026-06-02T03:28:13Z" level=debug msg="sent deployment tx #   699: 0xb5d8d7e5fdbaf59e622fed4851144bb245b9db47202881f8a4a8e302be93c323" nonce=13 rpc="localhost:8545" scenario=factorydeploytx wallet=99
time="2026-06-02T03:28:13Z" level=debug msg="sent deployment tx #   700: 0xa57810474e2e49eedfbeab1bff8aec95dc5a58dc3af87600439f6d3c709f3f9a" nonce=13 rpc="localhost:8545" scenario=factorydeploytx wallet=100
time="2026-06-02T03:28:14Z" level=info msg="processed block 9113:  5 total tx, 5 tx confirmed from 5 wallets (1.13723ms, 351.133µs)"
time="2026-06-02T03:28:14Z" level=info msg="block 9113: submitted=10, pending=8, confirmed=5, throughput: 5B=4.60 tx/B, 20B=4.50 tx/B, 60B=4.50 tx/B" scenario=factorydeploytx wallets=5
time="2026-06-02T03:28:14Z" level=debug msg="deployment tx 688 confirmed in block #9113. deployed at: 0x8fD3737e7509E1553040FCF9828C02AC6F7bb16c, total fee: 133670 gwei (base: 2)" rpc="localhost:8545" scenario=factorydeploytx
time="2026-06-02T03:28:14Z" level=debug msg="deployment tx 689 confirmed in block #9113. deployed at: 0xdC791F3ECFbE3F3961F09B7b7a46b55b76f55E98, total fee: 133670 gwei (base: 2)" rpc="localhost:8545" scenario=factorydeploytx
time="2026-06-02T03:28:14Z" level=debug msg="deployment tx 690 confirmed in block #9113. deployed at: 0xE62C6B07E94e12740D754454eBA41d1958d89b9B, total fee: 133670 gwei (base: 2)" rpc="localhost:8545" scenario=factorydeploytx
time="2026-06-02T03:28:14Z" level=debug msg="deployment tx 691 confirmed in block #9113. deployed at: 0x50962f12dB9A072c790d8383183574a5221d4FC5, total fee: 133670 gwei (base: 2)" rpc="localhost:8545" scenario=factorydeploytx
time="2026-06-02T03:28:14Z" level=debug msg="deployment tx 692 confirmed in block #9113. deployed at: 0x01edB93d4DD2F8db6B302EF5ad6A8754aD446b37, total fee: 133670 gwei (base: 2)" rpc="localhost:8545" scenario=factorydeploytx
time="2026-06-02T03:28:14Z" level=debug msg="deployment tx 693 confirmed in block #9114. deployed at: 0x725F9fa8E1146e139486F8eE878131a5f982b211, total fee: 133670 gwei (base: 2)" rpc="localhost:8545" scenario=factorydeploytx
time="2026-06-02T03:28:14Z" level=debug msg="deployment tx 694 confirmed in block #9114. deployed at: 0xec232085Ae51fb61e77ae796cE9e33f3B10A7379, total fee: 133670 gwei (base: 2)" rpc="localhost:8545" scenario=factorydeploytx
time="2026-06-02T03:28:14Z" level=info msg="processed block 9114:  4 total tx, 4 tx confirmed from 4 wallets (894.135µs, 249.509µs)"
time="2026-06-02T03:28:14Z" level=debug msg="deployment tx 695 confirmed in block #9114. deployed at: 0xDC51b856A0AEBFd2030Adc63EF6d682101180795, total fee: 133670 gwei (base: 2)" rpc="localhost:8545" scenario=factorydeploytx
time="2026-06-02T03:28:14Z" level=info msg="block 9114: submitted=0, pending=4, confirmed=4, throughput: 5B=4.40 tx/B, 20B=4.50 tx/B, 60B=4.50 tx/B" scenario=factorydeploytx wallets=4
time="2026-06-02T03:28:14Z" level=debug msg="deployment tx 696 confirmed in block #9114. deployed at: 0xA192d27a0eabDDB97776bFcf0E2629334D7002E1, total fee: 133670 gwei (base: 2)" rpc="localhost:8545" scenario=factorydeploytx
time="2026-06-02T03:28:14Z" level=debug msg="deployment tx 697 confirmed in block #9115. deployed at: 0x7bBFd246bF544bD04734D1d45443b4511b26A101, total fee: 133670 gwei (base: 2)" rpc="localhost:8545" scenario=factorydeploytx
time="2026-06-02T03:28:14Z" level=debug msg="deployment tx 698 confirmed in block #9115. deployed at: 0xCE4DfEcF059ca24f73aE1a339BA64332F7BE7CA1, total fee: 133670 gwei (base: 2)" rpc="localhost:8545" scenario=factorydeploytx
time="2026-06-02T03:28:14Z" level=debug msg="deployment tx 699 confirmed in block #9115. deployed at: 0x881e690127c6790d2CA7D27d144564b0A29d2Ec1, total fee: 133670 gwei (base: 2)" rpc="localhost:8545" scenario=factorydeploytx
time="2026-06-02T03:28:14Z" level=info msg="processed block 9115:  4 total tx, 4 tx confirmed from 4 wallets (925.366µs, 269.434µs)"
time="2026-06-02T03:28:14Z" level=info msg="block 9115: submitted=0, pending=0, confirmed=4, throughput: 5B=4.40 tx/B, 20B=4.45 tx/B, 60B=4.48 tx/B" scenario=factorydeploytx wallets=4
time="2026-06-02T03:28:14Z" level=debug msg="deployment tx 700 confirmed in block #9115. deployed at: 0xF7a6253dBf9d8A52A6Cee12F1C69F94a01A51B9E, total fee: 133670 gwei (base: 2)" rpc="localhost:8545" scenario=factorydeploytx
time="2026-06-02T03:28:14Z" level=info msg="scenario factorydeploytx finished." scenario=factorydeploytx
wrote 700 CREATE2 addresses to /mnt/state_expiry_vol_data/bintrie-benchmarks/ubt-vs-pbt/data/pbt/accounts.json (factory=0x7dc4d193051240848c7F4F19679e8514B148080f, init_code_hash=0x5fd875ef7d60f65991512743b1cdf42b8d3116d2e91e85f05d2482819c20b4e7)
