[2026-06-01 12:24:49] ╔══════════════════════════════════════════════════════════════════╗
[2026-06-01 12:24:49] ║  UBT vs PBT campaign
[2026-06-01 12:24:49] ║  NUM_RUNS=20  TARGET_SIZE=500GB  GD=5  COLD_CACHE=1
[2026-06-01 12:24:49] ╚══════════════════════════════════════════════════════════════════╝
[2026-06-01 12:24:49] 
[2026-06-01 12:24:49] ── Stage 1: generate_dbs.sh ──
[2026-06-01 12:24:49] ╔══════════════════════════════════════════════════════════════╗
[2026-06-01 12:24:49] ║  generate_dbs.sh — preflight
[2026-06-01 12:24:49] ╚══════════════════════════════════════════════════════════════╝
[2026-06-01 12:24:49]   ubt: geth=/tmp/bench-bins/geth-flat-state state-actor=/tmp/bench-bins/state-actor-flat-state
[2026-06-01 12:24:49]   pbt: geth=/tmp/bench-bins/geth-pbt-noparallel state-actor=/tmp/bench-bins/state-actor-pbt-flat-state
[2026-06-01 12:24:49]   spamoor: /tmp/bench-bins/spamoor
[2026-06-01 12:24:49] 
[2026-06-01 12:24:49] ╔══════════════════════════════════════════════════════════════╗
[2026-06-01 12:24:49] ║  Config ubt — DB generation + ERC20 deployment
[2026-06-01 12:24:49] ╚══════════════════════════════════════════════════════════════╝
[2026-06-01 12:24:49]   /mnt/state_expiry_vol_data/bintrie-benchmarks/ubt-vs-pbt/data/ubt/contracts.json already exists — skipping (delete to re-run)
[2026-06-01 12:24:49] 
[2026-06-01 12:24:49] ╔══════════════════════════════════════════════════════════════╗
[2026-06-01 12:24:49] ║  Config pbt — DB generation + ERC20 deployment
[2026-06-01 12:24:49] ╚══════════════════════════════════════════════════════════════╝
[2026-06-01 12:24:49]   /mnt/state_expiry_vol_data/bintrie-benchmarks/ubt-vs-pbt/data/pbt/contracts.json already exists — skipping (delete to re-run)
[2026-06-01 12:24:49] 
[2026-06-01 12:24:49] ╔══════════════════════════════════════════════════════════════╗
[2026-06-01 12:24:49] ║  generate_dbs.sh — complete
[2026-06-01 12:24:49] ╚══════════════════════════════════════════════════════════════╝
[2026-06-01 12:24:50]   ubt: db=72G contracts=256
[2026-06-01 12:24:50]   pbt: db=70G contracts=256
[2026-06-01 12:24:50]   OK: ubt and pbt contracts.json are identical
[2026-06-01 12:24:50]   OK: ubt and pbt accounts.json are identical
[2026-06-01 12:24:50] 
[2026-06-01 12:24:50] ── Stage 2: run_benchmarks.sh ──
[2026-06-01 12:24:50] ╔══════════════════════════════════════════════════════════════════╗
[2026-06-01 12:24:50] ║  run_benchmarks.sh
[2026-06-01 12:24:50] ║  3 benchmarks × variable K-list × 20 runs × 2 configs
[2026-06-01 12:24:50] ║  COLD_CACHE=1  GROUP_DEPTH=5
[2026-06-01 12:24:50] ╚══════════════════════════════════════════════════════════════════╝
[2026-06-01 12:24:50]   ubt: ok
[2026-06-01 12:24:50]   pbt: ok
[2026-06-01 12:24:50] 
[2026-06-01 12:24:50] ╔══════════════════════════════════════════════════════════════════╗
[2026-06-01 12:24:50] ║  CONFIG: ubt
[2026-06-01 12:24:50] ╚══════════════════════════════════════════════════════════════════╝
[2026-06-01 12:24:50] 
[2026-06-01 12:24:50]   ── BENCHMARK: storage_sload_k1 (pool=256 contracts; effective K=1)
[2026-06-01 12:24:50] 
[2026-06-01 12:24:50]   --- storage_sload_k1_run1 (ubt) write-offset=20100000000 K=1 ---
[2026-06-01 12:24:50]   [cache] OS page cache dropped
Fatal: Could not create the account: account already exists
[2026-06-01 12:24:50]   [geth] Starting (ubt, gd=5, cold=1, dev.period=1, 1tx/block)
[2026-06-01 12:24:50]   [geth] Waiting for RPC...
[2026-06-01 12:24:52]   [geth] RPC ready after 3s
[2026-06-01 12:24:52]   [bench] Running execute remote...
[2026-06-01 12:25:00]   [bench] exit=0 passed=1 failed=0
0 missing_trie_node=0
0
[2026-06-01 12:25:00] 
[2026-06-01 12:25:00]   --- storage_sload_k1_run2 (ubt) write-offset=20200000000 K=1 ---
[2026-06-01 12:25:00]   [geth] Stopping (SIGTERM, waiting up to 120s for clean exit): 1124640
[2026-06-01 12:25:01]   [geth] exited cleanly after 1s
[2026-06-01 12:25:01]   [cache] OS page cache dropped
Fatal: Could not create the account: account already exists
[2026-06-01 12:25:01]   [geth] Starting (ubt, gd=5, cold=1, dev.period=1, 1tx/block)
[2026-06-01 12:25:01]   [geth] Waiting for RPC...
[2026-06-01 12:25:03]   [geth] RPC ready after 3s
[2026-06-01 12:25:03]   [bench] Running execute remote...
[2026-06-01 12:25:11]   [bench] exit=0 passed=1 failed=0
0 missing_trie_node=0
0
[2026-06-01 12:25:11] 
[2026-06-01 12:25:11]   --- storage_sload_k1_run3 (ubt) write-offset=20300000000 K=1 ---
[2026-06-01 12:25:11]   [geth] Stopping (SIGTERM, waiting up to 120s for clean exit): 1124759
[2026-06-01 12:25:12]   [geth] exited cleanly after 1s
[2026-06-01 12:25:12]   [cache] OS page cache dropped
Fatal: Could not create the account: account already exists
[2026-06-01 12:25:12]   [geth] Starting (ubt, gd=5, cold=1, dev.period=1, 1tx/block)
[2026-06-01 12:25:12]   [geth] Waiting for RPC...
[2026-06-01 12:25:14]   [geth] RPC ready after 3s
[2026-06-01 12:25:14]   [bench] Running execute remote...
[2026-06-01 12:25:21]   [bench] exit=0 passed=1 failed=0
0 missing_trie_node=0
0
[2026-06-01 12:25:21] 
[2026-06-01 12:25:21]   --- storage_sload_k1_run4 (ubt) write-offset=20400000000 K=1 ---
[2026-06-01 12:25:21]   [geth] Stopping (SIGTERM, waiting up to 120s for clean exit): 1124883
[2026-06-01 12:25:22]   [geth] exited cleanly after 1s
[2026-06-01 12:25:22]   [cache] OS page cache dropped
Fatal: Could not create the account: account already exists
[2026-06-01 12:25:23]   [geth] Starting (ubt, gd=5, cold=1, dev.period=1, 1tx/block)
[2026-06-01 12:25:23]   [geth] Waiting for RPC...
[2026-06-01 12:25:25]   [geth] RPC ready after 3s
[2026-06-01 12:25:25]   [bench] Running execute remote...
[2026-06-01 12:25:32]   [bench] exit=0 passed=1 failed=0
0 missing_trie_node=0
0
[2026-06-01 12:25:32] 
[2026-06-01 12:25:32]   --- storage_sload_k1_run5 (ubt) write-offset=20500000000 K=1 ---
[2026-06-01 12:25:32]   [geth] Stopping (SIGTERM, waiting up to 120s for clean exit): 1125058
[2026-06-01 12:25:33]   [geth] exited cleanly after 1s
[2026-06-01 12:25:33]   [cache] OS page cache dropped
Fatal: Could not create the account: account already exists
[2026-06-01 12:25:33]   [geth] Starting (ubt, gd=5, cold=1, dev.period=1, 1tx/block)
[2026-06-01 12:25:33]   [geth] Waiting for RPC...
[2026-06-01 12:25:35]   [geth] RPC ready after 3s
[2026-06-01 12:25:35]   [bench] Running execute remote...
[2026-06-01 12:25:43]   [bench] exit=0 passed=1 failed=0
0 missing_trie_node=0
0
[2026-06-01 12:25:43] 
[2026-06-01 12:25:43]   --- storage_sload_k1_run6 (ubt) write-offset=20600000000 K=1 ---
[2026-06-01 12:25:43]   [geth] Stopping (SIGTERM, waiting up to 120s for clean exit): 1125137
[2026-06-01 12:25:44]   [geth] exited cleanly after 1s
[2026-06-01 12:25:44]   [cache] OS page cache dropped
Fatal: Could not create the account: account already exists
[2026-06-01 12:25:44]   [geth] Starting (ubt, gd=5, cold=1, dev.period=1, 1tx/block)
[2026-06-01 12:25:44]   [geth] Waiting for RPC...
[2026-06-01 12:25:46]   [geth] RPC ready after 3s
[2026-06-01 12:25:46]   [bench] Running execute remote...
[2026-06-01 12:25:54]   [bench] exit=0 passed=1 failed=0
0 missing_trie_node=0
0
[2026-06-01 12:25:54] 
[2026-06-01 12:25:54]   --- storage_sload_k1_run7 (ubt) write-offset=20700000000 K=1 ---
[2026-06-01 12:25:54]   [geth] Stopping (SIGTERM, waiting up to 120s for clean exit): 1125290
[2026-06-01 12:25:55]   [geth] exited cleanly after 1s
[2026-06-01 12:25:55]   [cache] OS page cache dropped
Fatal: Could not create the account: account already exists
[2026-06-01 12:25:55]   [geth] Starting (ubt, gd=5, cold=1, dev.period=1, 1tx/block)
[2026-06-01 12:25:55]   [geth] Waiting for RPC...
[2026-06-01 12:25:57]   [geth] RPC ready after 3s
[2026-06-01 12:25:57]   [bench] Running execute remote...
[2026-06-01 12:26:04]   [bench] exit=0 passed=1 failed=0
0 missing_trie_node=0
0
[2026-06-01 12:26:04] 
[2026-06-01 12:26:04]   --- storage_sload_k1_run8 (ubt) write-offset=20800000000 K=1 ---
[2026-06-01 12:26:04]   [geth] Stopping (SIGTERM, waiting up to 120s for clean exit): 1125367
[2026-06-01 12:26:05]   [geth] exited cleanly after 1s
[2026-06-01 12:26:06]   [cache] OS page cache dropped
Fatal: Could not create the account: account already exists
[2026-06-01 12:26:06]   [geth] Starting (ubt, gd=5, cold=1, dev.period=1, 1tx/block)
[2026-06-01 12:26:06]   [geth] Waiting for RPC...
[2026-06-01 12:26:08]   [geth] RPC ready after 3s
[2026-06-01 12:26:08]   [bench] Running execute remote...
[2026-06-01 12:26:15]   [bench] exit=0 passed=1 failed=0
0 missing_trie_node=0
0
[2026-06-01 12:26:15] 
[2026-06-01 12:26:15]   --- storage_sload_k1_run9 (ubt) write-offset=20900000000 K=1 ---
[2026-06-01 12:26:15]   [geth] Stopping (SIGTERM, waiting up to 120s for clean exit): 1125446
[2026-06-01 12:26:16]   [geth] exited cleanly after 1s
[2026-06-01 12:26:16]   [cache] OS page cache dropped
Fatal: Could not create the account: account already exists
[2026-06-01 12:26:16]   [geth] Starting (ubt, gd=5, cold=1, dev.period=1, 1tx/block)
[2026-06-01 12:26:16]   [geth] Waiting for RPC...
[2026-06-01 12:26:19]   [geth] RPC ready after 3s
[2026-06-01 12:26:19]   [bench] Running execute remote...
[2026-06-01 12:26:26]   [bench] exit=0 passed=1 failed=0
0 missing_trie_node=0
0
[2026-06-01 12:26:26] 
[2026-06-01 12:26:26]   --- storage_sload_k1_run10 (ubt) write-offset=21000000000 K=1 ---
[2026-06-01 12:26:26]   [geth] Stopping (SIGTERM, waiting up to 120s for clean exit): 1125521
[2026-06-01 12:26:27]   [geth] exited cleanly after 1s
[2026-06-01 12:26:27]   [cache] OS page cache dropped
Fatal: Could not create the account: account already exists
[2026-06-01 12:26:27]   [geth] Starting (ubt, gd=5, cold=1, dev.period=1, 1tx/block)
[2026-06-01 12:26:27]   [geth] Waiting for RPC...
[2026-06-01 12:26:29]   [geth] RPC ready after 3s
[2026-06-01 12:26:29]   [bench] Running execute remote...
[2026-06-01 12:26:37]   [bench] exit=0 passed=1 failed=0
0 missing_trie_node=0
0
[2026-06-01 12:26:37] 
[2026-06-01 12:26:37]   --- storage_sload_k1_run11 (ubt) write-offset=21100000000 K=1 ---
[2026-06-01 12:26:37]   [geth] Stopping (SIGTERM, waiting up to 120s for clean exit): 1125597
[2026-06-01 12:26:38]   [geth] exited cleanly after 1s
[2026-06-01 12:26:38]   [cache] OS page cache dropped
Fatal: Could not create the account: account already exists
[2026-06-01 12:26:38]   [geth] Starting (ubt, gd=5, cold=1, dev.period=1, 1tx/block)
[2026-06-01 12:26:38]   [geth] Waiting for RPC...
[2026-06-01 12:26:40]   [geth] RPC ready after 3s
[2026-06-01 12:26:40]   [bench] Running execute remote...
[2026-06-01 12:26:48]   [bench] exit=0 passed=1 failed=0
0 missing_trie_node=0
0
[2026-06-01 12:26:48] 
[2026-06-01 12:26:48]   --- storage_sload_k1_run12 (ubt) write-offset=21200000000 K=1 ---
[2026-06-01 12:26:48]   [geth] Stopping (SIGTERM, waiting up to 120s for clean exit): 1125672
[2026-06-01 12:26:49]   [geth] exited cleanly after 1s
[2026-06-01 12:26:49]   [cache] OS page cache dropped
Fatal: Could not create the account: account already exists
[2026-06-01 12:26:49]   [geth] Starting (ubt, gd=5, cold=1, dev.period=1, 1tx/block)
[2026-06-01 12:26:49]   [geth] Waiting for RPC...
[2026-06-01 12:26:51]   [geth] RPC ready after 3s
[2026-06-01 12:26:51]   [bench] Running execute remote...
[2026-06-01 12:26:59]   [bench] exit=0 passed=1 failed=0
0 missing_trie_node=0
0
[2026-06-01 12:26:59] 
[2026-06-01 12:26:59]   --- storage_sload_k1_run13 (ubt) write-offset=21300000000 K=1 ---
[2026-06-01 12:26:59]   [geth] Stopping (SIGTERM, waiting up to 120s for clean exit): 1125749
[2026-06-01 12:27:00]   [geth] exited cleanly after 1s
[2026-06-01 12:27:00]   [cache] OS page cache dropped
Fatal: Could not create the account: account already exists
[2026-06-01 12:27:00]   [geth] Starting (ubt, gd=5, cold=1, dev.period=1, 1tx/block)
[2026-06-01 12:27:00]   [geth] Waiting for RPC...
[2026-06-01 12:27:02]   [geth] RPC ready after 3s
[2026-06-01 12:27:02]   [bench] Running execute remote...
[2026-06-01 12:27:10]   [bench] exit=0 passed=1 failed=0
0 missing_trie_node=0
0
[2026-06-01 12:27:10] 
[2026-06-01 12:27:10]   --- storage_sload_k1_run14 (ubt) write-offset=21400000000 K=1 ---
[2026-06-01 12:27:10]   [geth] Stopping (SIGTERM, waiting up to 120s for clean exit): 1125832
[2026-06-01 12:27:11]   [geth] exited cleanly after 1s
[2026-06-01 12:27:11]   [cache] OS page cache dropped
Fatal: Could not create the account: account already exists
[2026-06-01 12:27:11]   [geth] Starting (ubt, gd=5, cold=1, dev.period=1, 1tx/block)
[2026-06-01 12:27:11]   [geth] Waiting for RPC...
[2026-06-01 12:27:13]   [geth] RPC ready after 3s
[2026-06-01 12:27:13]   [bench] Running execute remote...
[2026-06-01 12:27:21]   [bench] exit=0 passed=1 failed=0
0 missing_trie_node=0
0
[2026-06-01 12:27:21] 
[2026-06-01 12:27:21]   --- storage_sload_k1_run15 (ubt) write-offset=21500000000 K=1 ---
[2026-06-01 12:27:21]   [geth] Stopping (SIGTERM, waiting up to 120s for clean exit): 1125918
[2026-06-01 12:27:22]   [geth] exited cleanly after 1s
[2026-06-01 12:27:22]   [cache] OS page cache dropped
Fatal: Could not create the account: account already exists
[2026-06-01 12:27:22]   [geth] Starting (ubt, gd=5, cold=1, dev.period=1, 1tx/block)
[2026-06-01 12:27:22]   [geth] Waiting for RPC...
[2026-06-01 12:27:24]   [geth] RPC ready after 3s
[2026-06-01 12:27:24]   [bench] Running execute remote...
[2026-06-01 12:27:31]   [bench] exit=0 passed=1 failed=0
0 missing_trie_node=0
0
[2026-06-01 12:27:31] 
[2026-06-01 12:27:31]   --- storage_sload_k1_run16 (ubt) write-offset=21600000000 K=1 ---
[2026-06-01 12:27:31]   [geth] Stopping (SIGTERM, waiting up to 120s for clean exit): 1125994
[2026-06-01 12:27:32]   [geth] exited cleanly after 1s
[2026-06-01 12:27:33]   [cache] OS page cache dropped
Fatal: Could not create the account: account already exists
[2026-06-01 12:27:33]   [geth] Starting (ubt, gd=5, cold=1, dev.period=1, 1tx/block)
[2026-06-01 12:27:33]   [geth] Waiting for RPC...
[2026-06-01 12:27:35]   [geth] RPC ready after 3s
[2026-06-01 12:27:35]   [bench] Running execute remote...
[2026-06-01 12:27:42]   [bench] exit=0 passed=1 failed=0
0 missing_trie_node=0
0
[2026-06-01 12:27:42] 
[2026-06-01 12:27:42]   --- storage_sload_k1_run17 (ubt) write-offset=21700000000 K=1 ---
[2026-06-01 12:27:42]   [geth] Stopping (SIGTERM, waiting up to 120s for clean exit): 1126068
[2026-06-01 12:27:43]   [geth] exited cleanly after 1s
[2026-06-01 12:27:43]   [cache] OS page cache dropped
Fatal: Could not create the account: account already exists
[2026-06-01 12:27:44]   [geth] Starting (ubt, gd=5, cold=1, dev.period=1, 1tx/block)
[2026-06-01 12:27:44]   [geth] Waiting for RPC...
[2026-06-01 12:27:46]   [geth] RPC ready after 3s
[2026-06-01 12:27:46]   [bench] Running execute remote...
[2026-06-01 12:27:53]   [bench] exit=0 passed=1 failed=0
0 missing_trie_node=0
0
[2026-06-01 12:27:53] 
[2026-06-01 12:27:53]   --- storage_sload_k1_run18 (ubt) write-offset=21800000000 K=1 ---
[2026-06-01 12:27:53]   [geth] Stopping (SIGTERM, waiting up to 120s for clean exit): 1126143
[2026-06-01 12:27:54]   [geth] exited cleanly after 1s
[2026-06-01 12:27:54]   [cache] OS page cache dropped
Fatal: Could not create the account: account already exists
[2026-06-01 12:27:54]   [geth] Starting (ubt, gd=5, cold=1, dev.period=1, 1tx/block)
[2026-06-01 12:27:54]   [geth] Waiting for RPC...
[2026-06-01 12:27:57]   [geth] RPC ready after 3s
[2026-06-01 12:27:57]   [bench] Running execute remote...
[2026-06-01 12:28:04]   [bench] exit=0 passed=1 failed=0
0 missing_trie_node=0
0
[2026-06-01 12:28:04] 
[2026-06-01 12:28:04]   --- storage_sload_k1_run19 (ubt) write-offset=21900000000 K=1 ---
[2026-06-01 12:28:04]   [geth] Stopping (SIGTERM, waiting up to 120s for clean exit): 1126219
[2026-06-01 12:28:05]   [geth] exited cleanly after 1s
[2026-06-01 12:28:05]   [cache] OS page cache dropped
Fatal: Could not create the account: account already exists
[2026-06-01 12:28:05]   [geth] Starting (ubt, gd=5, cold=1, dev.period=1, 1tx/block)
[2026-06-01 12:28:05]   [geth] Waiting for RPC...
[2026-06-01 12:28:07]   [geth] RPC ready after 3s
[2026-06-01 12:28:07]   [bench] Running execute remote...
[2026-06-01 12:28:15]   [bench] exit=0 passed=1 failed=0
0 missing_trie_node=0
0
[2026-06-01 12:28:15] 
[2026-06-01 12:28:15]   --- storage_sload_k1_run20 (ubt) write-offset=22000000000 K=1 ---
[2026-06-01 12:28:15]   [geth] Stopping (SIGTERM, waiting up to 120s for clean exit): 1126295
[2026-06-01 12:28:16]   [geth] exited cleanly after 1s
[2026-06-01 12:28:16]   [cache] OS page cache dropped
Fatal: Could not create the account: account already exists
[2026-06-01 12:28:16]   [geth] Starting (ubt, gd=5, cold=1, dev.period=1, 1tx/block)
[2026-06-01 12:28:16]   [geth] Waiting for RPC...
[2026-06-01 12:28:18]   [geth] RPC ready after 3s
[2026-06-01 12:28:18]   [bench] Running execute remote...
[2026-06-01 12:28:25]   [bench] exit=0 passed=1 failed=0
0 missing_trie_node=0
0
[2026-06-01 12:28:25] 
[2026-06-01 12:28:25]   ── BENCHMARK: storage_sload_k10 (pool=256 contracts; effective K=10)
[2026-06-01 12:28:25] 
[2026-06-01 12:28:25]   --- storage_sload_k10_run1 (ubt) write-offset=20100000000 K=10 ---
[2026-06-01 12:28:25]   [geth] Stopping (SIGTERM, waiting up to 120s for clean exit): 1126371
[2026-06-01 12:28:26]   [geth] exited cleanly after 1s
[2026-06-01 12:28:26]   [cache] OS page cache dropped
Fatal: Could not create the account: account already exists
[2026-06-01 12:28:26]   [geth] Starting (ubt, gd=5, cold=1, dev.period=1, 1tx/block)
[2026-06-01 12:28:26]   [geth] Waiting for RPC...
[2026-06-01 12:28:28]   [geth] RPC ready after 3s
[2026-06-01 12:28:28]   [bench] Running execute remote...
[2026-06-01 12:28:36]   [bench] exit=0 passed=1 failed=0
0 missing_trie_node=0
0
[2026-06-01 12:28:36] 
[2026-06-01 12:28:36]   --- storage_sload_k10_run2 (ubt) write-offset=20200000000 K=10 ---
[2026-06-01 12:28:36]   [geth] Stopping (SIGTERM, waiting up to 120s for clean exit): 1126470
[2026-06-01 12:28:37]   [geth] exited cleanly after 1s
[2026-06-01 12:28:37]   [cache] OS page cache dropped
Fatal: Could not create the account: account already exists
[2026-06-01 12:28:37]   [geth] Starting (ubt, gd=5, cold=1, dev.period=1, 1tx/block)
[2026-06-01 12:28:37]   [geth] Waiting for RPC...
[2026-06-01 12:28:39]   [geth] RPC ready after 3s
[2026-06-01 12:28:39]   [bench] Running execute remote...
[2026-06-01 12:28:47]   [bench] exit=0 passed=1 failed=0
0 missing_trie_node=0
0
[2026-06-01 12:28:47] 
[2026-06-01 12:28:47]   --- storage_sload_k10_run3 (ubt) write-offset=20300000000 K=10 ---
[2026-06-01 12:28:47]   [geth] Stopping (SIGTERM, waiting up to 120s for clean exit): 1126542
[2026-06-01 12:28:48]   [geth] exited cleanly after 1s
[2026-06-01 12:28:48]   [cache] OS page cache dropped
Fatal: Could not create the account: account already exists
[2026-06-01 12:28:48]   [geth] Starting (ubt, gd=5, cold=1, dev.period=1, 1tx/block)
[2026-06-01 12:28:48]   [geth] Waiting for RPC...
[2026-06-01 12:28:50]   [geth] RPC ready after 3s
[2026-06-01 12:28:50]   [bench] Running execute remote...
[2026-06-01 12:28:57]   [bench] exit=0 passed=1 failed=0
0 missing_trie_node=0
0
[2026-06-01 12:28:57] 
[2026-06-01 12:28:57]   --- storage_sload_k10_run4 (ubt) write-offset=20400000000 K=10 ---
[2026-06-01 12:28:58]   [geth] Stopping (SIGTERM, waiting up to 120s for clean exit): 1126618
[2026-06-01 12:28:59]   [geth] exited cleanly after 1s
[2026-06-01 12:28:59]   [cache] OS page cache dropped
Fatal: Could not create the account: account already exists
[2026-06-01 12:28:59]   [geth] Starting (ubt, gd=5, cold=1, dev.period=1, 1tx/block)
[2026-06-01 12:28:59]   [geth] Waiting for RPC...
[2026-06-01 12:29:01]   [geth] RPC ready after 3s
[2026-06-01 12:29:01]   [bench] Running execute remote...
[2026-06-01 12:29:08]   [bench] exit=0 passed=1 failed=0
0 missing_trie_node=0
0
[2026-06-01 12:29:08] 
[2026-06-01 12:29:08]   --- storage_sload_k10_run5 (ubt) write-offset=20500000000 K=10 ---
[2026-06-01 12:29:08]   [geth] Stopping (SIGTERM, waiting up to 120s for clean exit): 1126693
[2026-06-01 12:29:09]   [geth] exited cleanly after 1s
[2026-06-01 12:29:10]   [cache] OS page cache dropped
Fatal: Could not create the account: account already exists
[2026-06-01 12:29:10]   [geth] Starting (ubt, gd=5, cold=1, dev.period=1, 1tx/block)
[2026-06-01 12:29:10]   [geth] Waiting for RPC...
[2026-06-01 12:29:12]   [geth] RPC ready after 3s
[2026-06-01 12:29:12]   [bench] Running execute remote...
[2026-06-01 12:29:19]   [bench] exit=0 passed=1 failed=0
0 missing_trie_node=0
0
[2026-06-01 12:29:19] 
[2026-06-01 12:29:19]   --- storage_sload_k10_run6 (ubt) write-offset=20600000000 K=10 ---
[2026-06-01 12:29:19]   [geth] Stopping (SIGTERM, waiting up to 120s for clean exit): 1126769
[2026-06-01 12:29:20]   [geth] exited cleanly after 1s
[2026-06-01 12:29:21]   [cache] OS page cache dropped
Fatal: Could not create the account: account already exists
[2026-06-01 12:29:21]   [geth] Starting (ubt, gd=5, cold=1, dev.period=1, 1tx/block)
[2026-06-01 12:29:21]   [geth] Waiting for RPC...
[2026-06-01 12:29:23]   [geth] RPC ready after 3s
[2026-06-01 12:29:23]   [bench] Running execute remote...
[2026-06-01 12:29:30]   [bench] exit=0 passed=1 failed=0
0 missing_trie_node=0
0
[2026-06-01 12:29:30] 
[2026-06-01 12:29:30]   --- storage_sload_k10_run7 (ubt) write-offset=20700000000 K=10 ---
[2026-06-01 12:29:30]   [geth] Stopping (SIGTERM, waiting up to 120s for clean exit): 1126846
[2026-06-01 12:29:31]   [geth] exited cleanly after 1s
[2026-06-01 12:29:31]   [cache] OS page cache dropped
Fatal: Could not create the account: account already exists
[2026-06-01 12:29:32]   [geth] Starting (ubt, gd=5, cold=1, dev.period=1, 1tx/block)
[2026-06-01 12:29:32]   [geth] Waiting for RPC...
[2026-06-01 12:29:34]   [geth] RPC ready after 3s
[2026-06-01 12:29:34]   [bench] Running execute remote...
[2026-06-01 12:29:41]   [bench] exit=0 passed=1 failed=0
0 missing_trie_node=0
0
[2026-06-01 12:29:41] 
[2026-06-01 12:29:41]   --- storage_sload_k10_run8 (ubt) write-offset=20800000000 K=10 ---
[2026-06-01 12:29:41]   [geth] Stopping (SIGTERM, waiting up to 120s for clean exit): 1126922
[2026-06-01 12:29:42]   [geth] exited cleanly after 1s
[2026-06-01 12:29:42]   [cache] OS page cache dropped
Fatal: Could not create the account: account already exists
[2026-06-01 12:29:43]   [geth] Starting (ubt, gd=5, cold=1, dev.period=1, 1tx/block)
[2026-06-01 12:29:43]   [geth] Waiting for RPC...
[2026-06-01 12:29:45]   [geth] RPC ready after 3s
[2026-06-01 12:29:45]   [bench] Running execute remote...
[2026-06-01 12:29:52]   [bench] exit=0 passed=1 failed=0
0 missing_trie_node=0
0
[2026-06-01 12:29:52] 
[2026-06-01 12:29:52]   --- storage_sload_k10_run9 (ubt) write-offset=20900000000 K=10 ---
[2026-06-01 12:29:52]   [geth] Stopping (SIGTERM, waiting up to 120s for clean exit): 1126998
[2026-06-01 12:29:53]   [geth] exited cleanly after 1s
[2026-06-01 12:29:54]   [cache] OS page cache dropped
Fatal: Could not create the account: account already exists
[2026-06-01 12:29:54]   [geth] Starting (ubt, gd=5, cold=1, dev.period=1, 1tx/block)
[2026-06-01 12:29:54]   [geth] Waiting for RPC...
[2026-06-01 12:29:56]   [geth] RPC ready after 3s
[2026-06-01 12:29:56]   [bench] Running execute remote...
[2026-06-01 12:30:03]   [bench] exit=0 passed=1 failed=0
0 missing_trie_node=0
0
[2026-06-01 12:30:03] 
[2026-06-01 12:30:03]   --- storage_sload_k10_run10 (ubt) write-offset=21000000000 K=10 ---
[2026-06-01 12:30:03]   [geth] Stopping (SIGTERM, waiting up to 120s for clean exit): 1127075
[2026-06-01 12:30:04]   [geth] exited cleanly after 1s
[2026-06-01 12:30:05]   [cache] OS page cache dropped
Fatal: Could not create the account: account already exists
[2026-06-01 12:30:05]   [geth] Starting (ubt, gd=5, cold=1, dev.period=1, 1tx/block)
[2026-06-01 12:30:05]   [geth] Waiting for RPC...
[2026-06-01 12:30:07]   [geth] RPC ready after 3s
[2026-06-01 12:30:07]   [bench] Running execute remote...
[2026-06-01 12:30:14]   [bench] exit=0 passed=1 failed=0
0 missing_trie_node=0
0
[2026-06-01 12:30:14] 
[2026-06-01 12:30:14]   --- storage_sload_k10_run11 (ubt) write-offset=21100000000 K=10 ---
[2026-06-01 12:30:14]   [geth] Stopping (SIGTERM, waiting up to 120s for clean exit): 1127149
[2026-06-01 12:30:15]   [geth] exited cleanly after 1s
[2026-06-01 12:30:16]   [cache] OS page cache dropped
Fatal: Could not create the account: account already exists
[2026-06-01 12:30:16]   [geth] Starting (ubt, gd=5, cold=1, dev.period=1, 1tx/block)
[2026-06-01 12:30:16]   [geth] Waiting for RPC...
[2026-06-01 12:30:18]   [geth] RPC ready after 3s
[2026-06-01 12:30:18]   [bench] Running execute remote...
[2026-06-01 12:30:25]   [bench] exit=0 passed=1 failed=0
0 missing_trie_node=0
0
[2026-06-01 12:30:25] 
[2026-06-01 12:30:25]   --- storage_sload_k10_run12 (ubt) write-offset=21200000000 K=10 ---
[2026-06-01 12:30:25]   [geth] Stopping (SIGTERM, waiting up to 120s for clean exit): 1127224
[2026-06-01 12:30:26]   [geth] exited cleanly after 1s
[2026-06-01 12:30:27]   [cache] OS page cache dropped
Fatal: Could not create the account: account already exists
[2026-06-01 12:30:27]   [geth] Starting (ubt, gd=5, cold=1, dev.period=1, 1tx/block)
[2026-06-01 12:30:27]   [geth] Waiting for RPC...
[2026-06-01 12:30:29]   [geth] RPC ready after 3s
[2026-06-01 12:30:29]   [bench] Running execute remote...
[2026-06-01 12:30:36]   [bench] exit=0 passed=1 failed=0
0 missing_trie_node=0
0
[2026-06-01 12:30:36] 
[2026-06-01 12:30:36]   --- storage_sload_k10_run13 (ubt) write-offset=21300000000 K=10 ---
[2026-06-01 12:30:36]   [geth] Stopping (SIGTERM, waiting up to 120s for clean exit): 1127299
[2026-06-01 12:30:37]   [geth] exited cleanly after 1s
[2026-06-01 12:30:38]   [cache] OS page cache dropped
Fatal: Could not create the account: account already exists
[2026-06-01 12:30:38]   [geth] Starting (ubt, gd=5, cold=1, dev.period=1, 1tx/block)
[2026-06-01 12:30:38]   [geth] Waiting for RPC...
[2026-06-01 12:30:40]   [geth] RPC ready after 3s
[2026-06-01 12:30:40]   [bench] Running execute remote...
[2026-06-01 12:30:47]   [bench] exit=0 passed=1 failed=0
0 missing_trie_node=0
0
[2026-06-01 12:30:47] 
[2026-06-01 12:30:47]   --- storage_sload_k10_run14 (ubt) write-offset=21400000000 K=10 ---
[2026-06-01 12:30:47]   [geth] Stopping (SIGTERM, waiting up to 120s for clean exit): 1127375
[2026-06-01 12:30:48]   [geth] exited cleanly after 1s
[2026-06-01 12:30:48]   [cache] OS page cache dropped
Fatal: Could not create the account: account already exists
[2026-06-01 12:30:49]   [geth] Starting (ubt, gd=5, cold=1, dev.period=1, 1tx/block)
[2026-06-01 12:30:49]   [geth] Waiting for RPC...
[2026-06-01 12:30:51]   [geth] RPC ready after 3s
[2026-06-01 12:30:51]   [bench] Running execute remote...
[2026-06-01 12:30:58]   [bench] exit=0 passed=1 failed=0
0 missing_trie_node=0
0
[2026-06-01 12:30:58] 
[2026-06-01 12:30:58]   --- storage_sload_k10_run15 (ubt) write-offset=21500000000 K=10 ---
[2026-06-01 12:30:58]   [geth] Stopping (SIGTERM, waiting up to 120s for clean exit): 1127451
[2026-06-01 12:30:59]   [geth] exited cleanly after 1s
[2026-06-01 12:30:59]   [cache] OS page cache dropped
Fatal: Could not create the account: account already exists
[2026-06-01 12:30:59]   [geth] Starting (ubt, gd=5, cold=1, dev.period=1, 1tx/block)
[2026-06-01 12:30:59]   [geth] Waiting for RPC...
[2026-06-01 12:31:01]   [geth] RPC ready after 3s
[2026-06-01 12:31:01]   [bench] Running execute remote...
[2026-06-01 12:31:09]   [bench] exit=0 passed=1 failed=0
0 missing_trie_node=0
0
[2026-06-01 12:31:09] 
[2026-06-01 12:31:09]   --- storage_sload_k10_run16 (ubt) write-offset=21600000000 K=10 ---
[2026-06-01 12:31:09]   [geth] Stopping (SIGTERM, waiting up to 120s for clean exit): 1127528
[2026-06-01 12:31:10]   [geth] exited cleanly after 1s
[2026-06-01 12:31:10]   [cache] OS page cache dropped
Fatal: Could not create the account: account already exists
[2026-06-01 12:31:10]   [geth] Starting (ubt, gd=5, cold=1, dev.period=1, 1tx/block)
[2026-06-01 12:31:10]   [geth] Waiting for RPC...
[2026-06-01 12:31:12]   [geth] RPC ready after 3s
[2026-06-01 12:31:12]   [bench] Running execute remote...
[2026-06-01 12:31:20]   [bench] exit=0 passed=1 failed=0
0 missing_trie_node=0
0
[2026-06-01 12:31:20] 
[2026-06-01 12:31:20]   --- storage_sload_k10_run17 (ubt) write-offset=21700000000 K=10 ---
[2026-06-01 12:31:20]   [geth] Stopping (SIGTERM, waiting up to 120s for clean exit): 1127603
[2026-06-01 12:31:21]   [geth] exited cleanly after 1s
[2026-06-01 12:31:21]   [cache] OS page cache dropped
Fatal: Could not create the account: account already exists
[2026-06-01 12:31:21]   [geth] Starting (ubt, gd=5, cold=1, dev.period=1, 1tx/block)
[2026-06-01 12:31:21]   [geth] Waiting for RPC...
[2026-06-01 12:31:23]   [geth] RPC ready after 3s
[2026-06-01 12:31:23]   [bench] Running execute remote...
[2026-06-01 12:31:31]   [bench] exit=0 passed=1 failed=0
0 missing_trie_node=0
0
[2026-06-01 12:31:31] 
[2026-06-01 12:31:31]   --- storage_sload_k10_run18 (ubt) write-offset=21800000000 K=10 ---
[2026-06-01 12:31:31]   [geth] Stopping (SIGTERM, waiting up to 120s for clean exit): 1127678
[2026-06-01 12:31:32]   [geth] exited cleanly after 1s
[2026-06-01 12:31:32]   [cache] OS page cache dropped
Fatal: Could not create the account: account already exists
[2026-06-01 12:31:32]   [geth] Starting (ubt, gd=5, cold=1, dev.period=1, 1tx/block)
[2026-06-01 12:31:32]   [geth] Waiting for RPC...
[2026-06-01 12:31:34]   [geth] RPC ready after 3s
[2026-06-01 12:31:34]   [bench] Running execute remote...
[2026-06-01 12:31:42]   [bench] exit=0 passed=1 failed=0
0 missing_trie_node=0
0
[2026-06-01 12:31:42] 
[2026-06-01 12:31:42]   --- storage_sload_k10_run19 (ubt) write-offset=21900000000 K=10 ---
[2026-06-01 12:31:42]   [geth] Stopping (SIGTERM, waiting up to 120s for clean exit): 1127751
[2026-06-01 12:31:43]   [geth] exited cleanly after 1s
[2026-06-01 12:31:43]   [cache] OS page cache dropped
Fatal: Could not create the account: account already exists
[2026-06-01 12:31:43]   [geth] Starting (ubt, gd=5, cold=1, dev.period=1, 1tx/block)
[2026-06-01 12:31:43]   [geth] Waiting for RPC...
[2026-06-01 12:31:45]   [geth] RPC ready after 3s
[2026-06-01 12:31:45]   [bench] Running execute remote...
[2026-06-01 12:31:53]   [bench] exit=0 passed=1 failed=0
0 missing_trie_node=0
0
[2026-06-01 12:31:53] 
[2026-06-01 12:31:53]   --- storage_sload_k10_run20 (ubt) write-offset=22000000000 K=10 ---
[2026-06-01 12:31:53]   [geth] Stopping (SIGTERM, waiting up to 120s for clean exit): 1127825
[2026-06-01 12:31:54]   [geth] exited cleanly after 1s
[2026-06-01 12:31:54]   [cache] OS page cache dropped
Fatal: Could not create the account: account already exists
[2026-06-01 12:31:54]   [geth] Starting (ubt, gd=5, cold=1, dev.period=1, 1tx/block)
[2026-06-01 12:31:54]   [geth] Waiting for RPC...
[2026-06-01 12:31:56]   [geth] RPC ready after 3s
[2026-06-01 12:31:56]   [bench] Running execute remote...
[2026-06-01 12:32:03]   [bench] exit=0 passed=1 failed=0
0 missing_trie_node=0
0
[2026-06-01 12:32:03] 
[2026-06-01 12:32:03]   ── BENCHMARK: storage_sload_k100 (pool=256 contracts; effective K=100)
[2026-06-01 12:32:03] 
[2026-06-01 12:32:03]   --- storage_sload_k100_run1 (ubt) write-offset=20100000000 K=100 ---
[2026-06-01 12:32:03]   [geth] Stopping (SIGTERM, waiting up to 120s for clean exit): 1127902
[2026-06-01 12:32:04]   [geth] exited cleanly after 1s
[2026-06-01 12:32:05]   [cache] OS page cache dropped
Fatal: Could not create the account: account already exists
[2026-06-01 12:32:05]   [geth] Starting (ubt, gd=5, cold=1, dev.period=1, 1tx/block)
[2026-06-01 12:32:05]   [geth] Waiting for RPC...
[2026-06-01 12:32:07]   [geth] RPC ready after 3s
[2026-06-01 12:32:07]   [bench] Running execute remote...
[2026-06-01 12:32:14]   [bench] exit=0 passed=1 failed=0
0 missing_trie_node=0
0
[2026-06-01 12:32:14] 
[2026-06-01 12:32:14]   --- storage_sload_k100_run2 (ubt) write-offset=20200000000 K=100 ---
[2026-06-01 12:32:14]   [geth] Stopping (SIGTERM, waiting up to 120s for clean exit): 1128002
[2026-06-01 12:32:15]   [geth] exited cleanly after 1s
[2026-06-01 12:32:15]   [cache] OS page cache dropped
Fatal: Could not create the account: account already exists
[2026-06-01 12:32:16]   [geth] Starting (ubt, gd=5, cold=1, dev.period=1, 1tx/block)
[2026-06-01 12:32:16]   [geth] Waiting for RPC...
[2026-06-01 12:32:18]   [geth] RPC ready after 3s
[2026-06-01 12:32:18]   [bench] Running execute remote...
[2026-06-01 12:32:25]   [bench] exit=0 passed=1 failed=0
0 missing_trie_node=0
0
[2026-06-01 12:32:25] 
[2026-06-01 12:32:25]   --- storage_sload_k100_run3 (ubt) write-offset=20300000000 K=100 ---
[2026-06-01 12:32:25]   [geth] Stopping (SIGTERM, waiting up to 120s for clean exit): 1128092
[2026-06-01 12:32:26]   [geth] exited cleanly after 1s
[2026-06-01 12:32:26]   [cache] OS page cache dropped
Fatal: Could not create the account: account already exists
[2026-06-01 12:32:26]   [geth] Starting (ubt, gd=5, cold=1, dev.period=1, 1tx/block)
[2026-06-01 12:32:26]   [geth] Waiting for RPC...
[2026-06-01 12:32:28]   [geth] RPC ready after 3s
[2026-06-01 12:32:28]   [bench] Running execute remote...
[2026-06-01 12:32:36]   [bench] exit=0 passed=1 failed=0
0 missing_trie_node=0
0
[2026-06-01 12:32:36] 
[2026-06-01 12:32:36]   --- storage_sload_k100_run4 (ubt) write-offset=20400000000 K=100 ---
[2026-06-01 12:32:36]   [geth] Stopping (SIGTERM, waiting up to 120s for clean exit): 1128166
[2026-06-01 12:32:37]   [geth] exited cleanly after 1s
[2026-06-01 12:32:37]   [cache] OS page cache dropped
Fatal: Could not create the account: account already exists
[2026-06-01 12:32:37]   [geth] Starting (ubt, gd=5, cold=1, dev.period=1, 1tx/block)
[2026-06-01 12:32:37]   [geth] Waiting for RPC...
[2026-06-01 12:32:39]   [geth] RPC ready after 3s
[2026-06-01 12:32:39]   [bench] Running execute remote...
[2026-06-01 12:32:47]   [bench] exit=0 passed=1 failed=0
0 missing_trie_node=0
0
[2026-06-01 12:32:47] 
[2026-06-01 12:32:47]   --- storage_sload_k100_run5 (ubt) write-offset=20500000000 K=100 ---
[2026-06-01 12:32:47]   [geth] Stopping (SIGTERM, waiting up to 120s for clean exit): 1128240
[2026-06-01 12:32:48]   [geth] exited cleanly after 1s
[2026-06-01 12:32:48]   [cache] OS page cache dropped
Fatal: Could not create the account: account already exists
[2026-06-01 12:32:48]   [geth] Starting (ubt, gd=5, cold=1, dev.period=1, 1tx/block)
[2026-06-01 12:32:48]   [geth] Waiting for RPC...
[2026-06-01 12:32:50]   [geth] RPC ready after 3s
[2026-06-01 12:32:50]   [bench] Running execute remote...
[2026-06-01 12:32:57]   [bench] exit=0 passed=1 failed=0
0 missing_trie_node=0
0
[2026-06-01 12:32:57] 
[2026-06-01 12:32:57]   --- storage_sload_k100_run6 (ubt) write-offset=20600000000 K=100 ---
[2026-06-01 12:32:58]   [geth] Stopping (SIGTERM, waiting up to 120s for clean exit): 1128315
[2026-06-01 12:32:59]   [geth] exited cleanly after 1s
[2026-06-01 12:32:59]   [cache] OS page cache dropped
Fatal: Could not create the account: account already exists
[2026-06-01 12:32:59]   [geth] Starting (ubt, gd=5, cold=1, dev.period=1, 1tx/block)
[2026-06-01 12:32:59]   [geth] Waiting for RPC...
[2026-06-01 12:33:01]   [geth] RPC ready after 3s
[2026-06-01 12:33:01]   [bench] Running execute remote...
[2026-06-01 12:33:08]   [bench] exit=0 passed=1 failed=0
0 missing_trie_node=0
0
[2026-06-01 12:33:08] 
[2026-06-01 12:33:08]   --- storage_sload_k100_run7 (ubt) write-offset=20700000000 K=100 ---
[2026-06-01 12:33:08]   [geth] Stopping (SIGTERM, waiting up to 120s for clean exit): 1128391
[2026-06-01 12:33:09]   [geth] exited cleanly after 1s
[2026-06-01 12:33:09]   [cache] OS page cache dropped
Fatal: Could not create the account: account already exists
[2026-06-01 12:33:09]   [geth] Starting (ubt, gd=5, cold=1, dev.period=1, 1tx/block)
[2026-06-01 12:33:09]   [geth] Waiting for RPC...
[2026-06-01 12:33:12]   [geth] RPC ready after 3s
[2026-06-01 12:33:12]   [bench] Running execute remote...
[2026-06-01 12:33:19]   [bench] exit=0 passed=1 failed=0
0 missing_trie_node=0
0
[2026-06-01 12:33:19] 
[2026-06-01 12:33:19]   --- storage_sload_k100_run8 (ubt) write-offset=20800000000 K=100 ---
[2026-06-01 12:33:19]   [geth] Stopping (SIGTERM, waiting up to 120s for clean exit): 1128467
[2026-06-01 12:33:20]   [geth] exited cleanly after 1s
[2026-06-01 12:33:20]   [cache] OS page cache dropped
Fatal: Could not create the account: account already exists
[2026-06-01 12:33:20]   [geth] Starting (ubt, gd=5, cold=1, dev.period=1, 1tx/block)
[2026-06-01 12:33:20]   [geth] Waiting for RPC...
[2026-06-01 12:33:22]   [geth] RPC ready after 3s
[2026-06-01 12:33:22]   [bench] Running execute remote...
[2026-06-01 12:33:30]   [bench] exit=0 passed=1 failed=0
0 missing_trie_node=0
0
[2026-06-01 12:33:30] 
[2026-06-01 12:33:30]   --- storage_sload_k100_run9 (ubt) write-offset=20900000000 K=100 ---
[2026-06-01 12:33:30]   [geth] Stopping (SIGTERM, waiting up to 120s for clean exit): 1128544
[2026-06-01 12:33:31]   [geth] exited cleanly after 1s
[2026-06-01 12:33:31]   [cache] OS page cache dropped
Fatal: Could not create the account: account already exists
[2026-06-01 12:33:31]   [geth] Starting (ubt, gd=5, cold=1, dev.period=1, 1tx/block)
[2026-06-01 12:33:31]   [geth] Waiting for RPC...
[2026-06-01 12:33:33]   [geth] RPC ready after 3s
[2026-06-01 12:33:33]   [bench] Running execute remote...
[2026-06-01 12:33:41]   [bench] exit=0 passed=1 failed=0
0 missing_trie_node=0
0
[2026-06-01 12:33:41] 
[2026-06-01 12:33:41]   --- storage_sload_k100_run10 (ubt) write-offset=21000000000 K=100 ---
[2026-06-01 12:33:41]   [geth] Stopping (SIGTERM, waiting up to 120s for clean exit): 1128621
[2026-06-01 12:33:42]   [geth] exited cleanly after 1s
[2026-06-01 12:33:42]   [cache] OS page cache dropped
Fatal: Could not create the account: account already exists
[2026-06-01 12:33:42]   [geth] Starting (ubt, gd=5, cold=1, dev.period=1, 1tx/block)
[2026-06-01 12:33:42]   [geth] Waiting for RPC...
[2026-06-01 12:33:44]   [geth] RPC ready after 3s
[2026-06-01 12:33:44]   [bench] Running execute remote...
[2026-06-01 12:33:52]   [bench] exit=0 passed=1 failed=0
0 missing_trie_node=0
0
[2026-06-01 12:33:52] 
[2026-06-01 12:33:52]   --- storage_sload_k100_run11 (ubt) write-offset=21100000000 K=100 ---
[2026-06-01 12:33:52]   [geth] Stopping (SIGTERM, waiting up to 120s for clean exit): 1128696
[2026-06-01 12:33:53]   [geth] exited cleanly after 1s
[2026-06-01 12:33:53]   [cache] OS page cache dropped
Fatal: Could not create the account: account already exists
[2026-06-01 12:33:53]   [geth] Starting (ubt, gd=5, cold=1, dev.period=1, 1tx/block)
[2026-06-01 12:33:53]   [geth] Waiting for RPC...
[2026-06-01 12:33:55]   [geth] RPC ready after 3s
[2026-06-01 12:33:55]   [bench] Running execute remote...
[2026-06-01 12:34:02]   [bench] exit=0 passed=1 failed=0
0 missing_trie_node=0
0
[2026-06-01 12:34:02] 
[2026-06-01 12:34:02]   --- storage_sload_k100_run12 (ubt) write-offset=21200000000 K=100 ---
[2026-06-01 12:34:02]   [geth] Stopping (SIGTERM, waiting up to 120s for clean exit): 1128773
[2026-06-01 12:34:03]   [geth] exited cleanly after 1s
[2026-06-01 12:34:04]   [cache] OS page cache dropped
Fatal: Could not create the account: account already exists
[2026-06-01 12:34:04]   [geth] Starting (ubt, gd=5, cold=1, dev.period=1, 1tx/block)
[2026-06-01 12:34:04]   [geth] Waiting for RPC...
[2026-06-01 12:34:06]   [geth] RPC ready after 3s
[2026-06-01 12:34:06]   [bench] Running execute remote...
[2026-06-01 12:34:13]   [bench] exit=0 passed=1 failed=0
0 missing_trie_node=0
0
[2026-06-01 12:34:13] 
[2026-06-01 12:34:13]   --- storage_sload_k100_run13 (ubt) write-offset=21300000000 K=100 ---
[2026-06-01 12:34:13]   [geth] Stopping (SIGTERM, waiting up to 120s for clean exit): 1128847
[2026-06-01 12:34:14]   [geth] exited cleanly after 1s
[2026-06-01 12:34:15]   [cache] OS page cache dropped
Fatal: Could not create the account: account already exists
[2026-06-01 12:34:15]   [geth] Starting (ubt, gd=5, cold=1, dev.period=1, 1tx/block)
[2026-06-01 12:34:15]   [geth] Waiting for RPC...
[2026-06-01 12:34:17]   [geth] RPC ready after 3s
[2026-06-01 12:34:17]   [bench] Running execute remote...
[2026-06-01 12:34:24]   [bench] exit=0 passed=1 failed=0
0 missing_trie_node=0
0
[2026-06-01 12:34:24] 
[2026-06-01 12:34:24]   --- storage_sload_k100_run14 (ubt) write-offset=21400000000 K=100 ---
[2026-06-01 12:34:24]   [geth] Stopping (SIGTERM, waiting up to 120s for clean exit): 1128922
[2026-06-01 12:34:25]   [geth] exited cleanly after 1s
[2026-06-01 12:34:26]   [cache] OS page cache dropped
Fatal: Could not create the account: account already exists
[2026-06-01 12:34:26]   [geth] Starting (ubt, gd=5, cold=1, dev.period=1, 1tx/block)
[2026-06-01 12:34:26]   [geth] Waiting for RPC...
[2026-06-01 12:34:28]   [geth] RPC ready after 3s
[2026-06-01 12:34:28]   [bench] Running execute remote...
[2026-06-01 12:34:35]   [bench] exit=0 passed=1 failed=0
0 missing_trie_node=0
0
[2026-06-01 12:34:35] 
[2026-06-01 12:34:35]   --- storage_sload_k100_run15 (ubt) write-offset=21500000000 K=100 ---
[2026-06-01 12:34:35]   [geth] Stopping (SIGTERM, waiting up to 120s for clean exit): 1128997
[2026-06-01 12:34:36]   [geth] exited cleanly after 1s
[2026-06-01 12:34:36]   [cache] OS page cache dropped
Fatal: Could not create the account: account already exists
[2026-06-01 12:34:36]   [geth] Starting (ubt, gd=5, cold=1, dev.period=1, 1tx/block)
[2026-06-01 12:34:36]   [geth] Waiting for RPC...
[2026-06-01 12:34:38]   [geth] RPC ready after 3s
[2026-06-01 12:34:38]   [bench] Running execute remote...
[2026-06-01 12:34:45]   [bench] exit=0 passed=1 failed=0
0 missing_trie_node=0
0
[2026-06-01 12:34:45] 
[2026-06-01 12:34:45]   --- storage_sload_k100_run16 (ubt) write-offset=21600000000 K=100 ---
[2026-06-01 12:34:45]   [geth] Stopping (SIGTERM, waiting up to 120s for clean exit): 1129073
[2026-06-01 12:34:47]   [geth] exited cleanly after 1s
[2026-06-01 12:34:47]   [cache] OS page cache dropped
Fatal: Could not create the account: account already exists
[2026-06-01 12:34:47]   [geth] Starting (ubt, gd=5, cold=1, dev.period=1, 1tx/block)
[2026-06-01 12:34:47]   [geth] Waiting for RPC...
[2026-06-01 12:34:49]   [geth] RPC ready after 3s
[2026-06-01 12:34:49]   [bench] Running execute remote...
[2026-06-01 12:34:56]   [bench] exit=0 passed=1 failed=0
0 missing_trie_node=0
0
[2026-06-01 12:34:56] 
[2026-06-01 12:34:56]   --- storage_sload_k100_run17 (ubt) write-offset=21700000000 K=100 ---
[2026-06-01 12:34:56]   [geth] Stopping (SIGTERM, waiting up to 120s for clean exit): 1129190
[2026-06-01 12:34:57]   [geth] exited cleanly after 1s
[2026-06-01 12:34:57]   [cache] OS page cache dropped
Fatal: Could not create the account: account already exists
[2026-06-01 12:34:58]   [geth] Starting (ubt, gd=5, cold=1, dev.period=1, 1tx/block)
[2026-06-01 12:34:58]   [geth] Waiting for RPC...
[2026-06-01 12:35:00]   [geth] RPC ready after 3s
[2026-06-01 12:35:00]   [bench] Running execute remote...
[2026-06-01 12:35:07]   [bench] exit=0 passed=1 failed=0
0 missing_trie_node=0
0
[2026-06-01 12:35:07] 
[2026-06-01 12:35:07]   --- storage_sload_k100_run18 (ubt) write-offset=21800000000 K=100 ---
[2026-06-01 12:35:07]   [geth] Stopping (SIGTERM, waiting up to 120s for clean exit): 1129267
[2026-06-01 12:35:08]   [geth] exited cleanly after 1s
[2026-06-01 12:35:08]   [cache] OS page cache dropped
Fatal: Could not create the account: account already exists
[2026-06-01 12:35:08]   [geth] Starting (ubt, gd=5, cold=1, dev.period=1, 1tx/block)
[2026-06-01 12:35:08]   [geth] Waiting for RPC...
[2026-06-01 12:35:10]   [geth] RPC ready after 3s
[2026-06-01 12:35:10]   [bench] Running execute remote...
[2026-06-01 12:35:18]   [bench] exit=0 passed=1 failed=0
0 missing_trie_node=0
0
[2026-06-01 12:35:18] 
[2026-06-01 12:35:18]   --- storage_sload_k100_run19 (ubt) write-offset=21900000000 K=100 ---
[2026-06-01 12:35:18]   [geth] Stopping (SIGTERM, waiting up to 120s for clean exit): 1129342
[2026-06-01 12:35:19]   [geth] exited cleanly after 1s
[2026-06-01 12:35:19]   [cache] OS page cache dropped
Fatal: Could not create the account: account already exists
[2026-06-01 12:35:19]   [geth] Starting (ubt, gd=5, cold=1, dev.period=1, 1tx/block)
[2026-06-01 12:35:19]   [geth] Waiting for RPC...
[2026-06-01 12:35:21]   [geth] RPC ready after 3s
[2026-06-01 12:35:21]   [bench] Running execute remote...
[2026-06-01 12:35:29]   [bench] exit=0 passed=1 failed=0
0 missing_trie_node=0
0
[2026-06-01 12:35:29] 
[2026-06-01 12:35:29]   --- storage_sload_k100_run20 (ubt) write-offset=22000000000 K=100 ---
[2026-06-01 12:35:29]   [geth] Stopping (SIGTERM, waiting up to 120s for clean exit): 1129421
[2026-06-01 12:35:30]   [geth] exited cleanly after 1s
[2026-06-01 12:35:30]   [cache] OS page cache dropped
Fatal: Could not create the account: account already exists
[2026-06-01 12:35:30]   [geth] Starting (ubt, gd=5, cold=1, dev.period=1, 1tx/block)
[2026-06-01 12:35:30]   [geth] Waiting for RPC...
[2026-06-01 12:35:32]   [geth] RPC ready after 3s
[2026-06-01 12:35:32]   [bench] Running execute remote...
[2026-06-01 12:35:39]   [bench] exit=0 passed=1 failed=0
0 missing_trie_node=0
0
[2026-06-01 12:35:39] 
[2026-06-01 12:35:40]   ── BENCHMARK: storage_sload_k256 (pool=256 contracts; effective K=256)
[2026-06-01 12:35:40] 
[2026-06-01 12:35:40]   --- storage_sload_k256_run1 (ubt) write-offset=20100000000 K=256 ---
[2026-06-01 12:35:40]   [geth] Stopping (SIGTERM, waiting up to 120s for clean exit): 1129498
[2026-06-01 12:35:41]   [geth] exited cleanly after 1s
[2026-06-01 12:35:41]   [cache] OS page cache dropped
Fatal: Could not create the account: account already exists
[2026-06-01 12:35:41]   [geth] Starting (ubt, gd=5, cold=1, dev.period=1, 1tx/block)
[2026-06-01 12:35:41]   [geth] Waiting for RPC...
[2026-06-01 12:35:43]   [geth] RPC ready after 3s
[2026-06-01 12:35:43]   [bench] Running execute remote...
[2026-06-01 12:35:50]   [bench] exit=0 passed=1 failed=0
0 missing_trie_node=0
0
[2026-06-01 12:35:50] 
[2026-06-01 12:35:50]   --- storage_sload_k256_run2 (ubt) write-offset=20200000000 K=256 ---
[2026-06-01 12:35:50]   [geth] Stopping (SIGTERM, waiting up to 120s for clean exit): 1129597
[2026-06-01 12:35:51]   [geth] exited cleanly after 1s
[2026-06-01 12:35:51]   [cache] OS page cache dropped
Fatal: Could not create the account: account already exists
[2026-06-01 12:35:52]   [geth] Starting (ubt, gd=5, cold=1, dev.period=1, 1tx/block)
[2026-06-01 12:35:52]   [geth] Waiting for RPC...
[2026-06-01 12:35:54]   [geth] RPC ready after 3s
[2026-06-01 12:35:54]   [bench] Running execute remote...
[2026-06-01 12:36:01]   [bench] exit=0 passed=1 failed=0
0 missing_trie_node=0
0
[2026-06-01 12:36:01] 
[2026-06-01 12:36:01]   --- storage_sload_k256_run3 (ubt) write-offset=20300000000 K=256 ---
[2026-06-01 12:36:01]   [geth] Stopping (SIGTERM, waiting up to 120s for clean exit): 1129674
[2026-06-01 12:36:02]   [geth] exited cleanly after 1s
[2026-06-01 12:36:02]   [cache] OS page cache dropped
Fatal: Could not create the account: account already exists
[2026-06-01 12:36:02]   [geth] Starting (ubt, gd=5, cold=1, dev.period=1, 1tx/block)
[2026-06-01 12:36:02]   [geth] Waiting for RPC...
[2026-06-01 12:36:05]   [geth] RPC ready after 3s
[2026-06-01 12:36:05]   [bench] Running execute remote...
[2026-06-01 12:36:12]   [bench] exit=0 passed=1 failed=0
0 missing_trie_node=0
0
[2026-06-01 12:36:12] 
[2026-06-01 12:36:12]   --- storage_sload_k256_run4 (ubt) write-offset=20400000000 K=256 ---
[2026-06-01 12:36:12]   [geth] Stopping (SIGTERM, waiting up to 120s for clean exit): 1129749
[2026-06-01 12:36:13]   [geth] exited cleanly after 1s
[2026-06-01 12:36:13]   [cache] OS page cache dropped
Fatal: Could not create the account: account already exists
[2026-06-01 12:36:13]   [geth] Starting (ubt, gd=5, cold=1, dev.period=1, 1tx/block)
[2026-06-01 12:36:13]   [geth] Waiting for RPC...
[2026-06-01 12:36:15]   [geth] RPC ready after 3s
[2026-06-01 12:36:15]   [bench] Running execute remote...
[2026-06-01 12:36:24]   [bench] exit=0 passed=1 failed=0
0 missing_trie_node=0
0
[2026-06-01 12:36:24] 
[2026-06-01 12:36:24]   --- storage_sload_k256_run5 (ubt) write-offset=20500000000 K=256 ---
[2026-06-01 12:36:24]   [geth] Stopping (SIGTERM, waiting up to 120s for clean exit): 1129823
[2026-06-01 12:36:25]   [geth] exited cleanly after 1s
[2026-06-01 12:36:25]   [cache] OS page cache dropped
Fatal: Could not create the account: account already exists
[2026-06-01 12:36:25]   [geth] Starting (ubt, gd=5, cold=1, dev.period=1, 1tx/block)
[2026-06-01 12:36:25]   [geth] Waiting for RPC...
[2026-06-01 12:36:27]   [geth] RPC ready after 3s
[2026-06-01 12:36:27]   [bench] Running execute remote...
[2026-06-01 12:36:35]   [bench] exit=0 passed=1 failed=0
0 missing_trie_node=0
0
[2026-06-01 12:36:35] 
[2026-06-01 12:36:35]   --- storage_sload_k256_run6 (ubt) write-offset=20600000000 K=256 ---
[2026-06-01 12:36:35]   [geth] Stopping (SIGTERM, waiting up to 120s for clean exit): 1129898
[2026-06-01 12:36:36]   [geth] exited cleanly after 1s
[2026-06-01 12:36:36]   [cache] OS page cache dropped
Fatal: Could not create the account: account already exists
[2026-06-01 12:36:36]   [geth] Starting (ubt, gd=5, cold=1, dev.period=1, 1tx/block)
[2026-06-01 12:36:36]   [geth] Waiting for RPC...
[2026-06-01 12:36:38]   [geth] RPC ready after 3s
[2026-06-01 12:36:38]   [bench] Running execute remote...
[2026-06-01 12:36:46]   [bench] exit=0 passed=1 failed=0
0 missing_trie_node=0
0
[2026-06-01 12:36:46] 
[2026-06-01 12:36:46]   --- storage_sload_k256_run7 (ubt) write-offset=20700000000 K=256 ---
[2026-06-01 12:36:46]   [geth] Stopping (SIGTERM, waiting up to 120s for clean exit): 1129973
[2026-06-01 12:36:47]   [geth] exited cleanly after 1s
[2026-06-01 12:36:47]   [cache] OS page cache dropped
Fatal: Could not create the account: account already exists
[2026-06-01 12:36:47]   [geth] Starting (ubt, gd=5, cold=1, dev.period=1, 1tx/block)
[2026-06-01 12:36:47]   [geth] Waiting for RPC...
[2026-06-01 12:36:49]   [geth] RPC ready after 3s
[2026-06-01 12:36:49]   [bench] Running execute remote...
[2026-06-01 12:36:56]   [bench] exit=0 passed=1 failed=0
0 missing_trie_node=0
0
[2026-06-01 12:36:57] 
[2026-06-01 12:36:57]   --- storage_sload_k256_run8 (ubt) write-offset=20800000000 K=256 ---
[2026-06-01 12:36:57]   [geth] Stopping (SIGTERM, waiting up to 120s for clean exit): 1130049
[2026-06-01 12:36:58]   [geth] exited cleanly after 1s
[2026-06-01 12:36:58]   [cache] OS page cache dropped
Fatal: Could not create the account: account already exists
[2026-06-01 12:36:58]   [geth] Starting (ubt, gd=5, cold=1, dev.period=1, 1tx/block)
[2026-06-01 12:36:58]   [geth] Waiting for RPC...
[2026-06-01 12:37:00]   [geth] RPC ready after 3s
[2026-06-01 12:37:00]   [bench] Running execute remote...
[2026-06-01 12:37:07]   [bench] exit=0 passed=1 failed=0
0 missing_trie_node=0
0
[2026-06-01 12:37:07] 
[2026-06-01 12:37:07]   --- storage_sload_k256_run9 (ubt) write-offset=20900000000 K=256 ---
[2026-06-01 12:37:07]   [geth] Stopping (SIGTERM, waiting up to 120s for clean exit): 1130127
[2026-06-01 12:37:08]   [geth] exited cleanly after 1s
[2026-06-01 12:37:09]   [cache] OS page cache dropped
Fatal: Could not create the account: account already exists
[2026-06-01 12:37:09]   [geth] Starting (ubt, gd=5, cold=1, dev.period=1, 1tx/block)
[2026-06-01 12:37:09]   [geth] Waiting for RPC...
[2026-06-01 12:37:11]   [geth] RPC ready after 3s
[2026-06-01 12:37:11]   [bench] Running execute remote...
[2026-06-01 12:37:18]   [bench] exit=0 passed=1 failed=0
0 missing_trie_node=0
0
[2026-06-01 12:37:18] 
[2026-06-01 12:37:18]   --- storage_sload_k256_run10 (ubt) write-offset=21000000000 K=256 ---
[2026-06-01 12:37:18]   [geth] Stopping (SIGTERM, waiting up to 120s for clean exit): 1130204
[2026-06-01 12:37:19]   [geth] exited cleanly after 1s
[2026-06-01 12:37:19]   [cache] OS page cache dropped
Fatal: Could not create the account: account already exists
[2026-06-01 12:37:19]   [geth] Starting (ubt, gd=5, cold=1, dev.period=1, 1tx/block)
[2026-06-01 12:37:19]   [geth] Waiting for RPC...
[2026-06-01 12:37:22]   [geth] RPC ready after 3s
[2026-06-01 12:37:22]   [bench] Running execute remote...
[2026-06-01 12:37:29]   [bench] exit=0 passed=1 failed=0
0 missing_trie_node=0
0
[2026-06-01 12:37:29] 
[2026-06-01 12:37:29]   --- storage_sload_k256_run11 (ubt) write-offset=21100000000 K=256 ---
[2026-06-01 12:37:29]   [geth] Stopping (SIGTERM, waiting up to 120s for clean exit): 1130280
[2026-06-01 12:37:30]   [geth] exited cleanly after 1s
[2026-06-01 12:37:30]   [cache] OS page cache dropped
Fatal: Could not create the account: account already exists
[2026-06-01 12:37:30]   [geth] Starting (ubt, gd=5, cold=1, dev.period=1, 1tx/block)
[2026-06-01 12:37:30]   [geth] Waiting for RPC...
[2026-06-01 12:37:32]   [geth] RPC ready after 3s
[2026-06-01 12:37:32]   [bench] Running execute remote...
[2026-06-01 12:37:40]   [bench] exit=0 passed=1 failed=0
0 missing_trie_node=0
0
[2026-06-01 12:37:40] 
[2026-06-01 12:37:40]   --- storage_sload_k256_run12 (ubt) write-offset=21200000000 K=256 ---
[2026-06-01 12:37:40]   [geth] Stopping (SIGTERM, waiting up to 120s for clean exit): 1130355
[2026-06-01 12:37:41]   [geth] exited cleanly after 1s
[2026-06-01 12:37:41]   [cache] OS page cache dropped
Fatal: Could not create the account: account already exists
[2026-06-01 12:37:41]   [geth] Starting (ubt, gd=5, cold=1, dev.period=1, 1tx/block)
[2026-06-01 12:37:41]   [geth] Waiting for RPC...
[2026-06-01 12:37:43]   [geth] RPC ready after 3s
[2026-06-01 12:37:43]   [bench] Running execute remote...
[2026-06-01 12:37:51]   [bench] exit=0 passed=1 failed=0
0 missing_trie_node=0
0
[2026-06-01 12:37:51] 
[2026-06-01 12:37:51]   --- storage_sload_k256_run13 (ubt) write-offset=21300000000 K=256 ---
[2026-06-01 12:37:51]   [geth] Stopping (SIGTERM, waiting up to 120s for clean exit): 1130431
[2026-06-01 12:37:52]   [geth] exited cleanly after 1s
[2026-06-01 12:37:52]   [cache] OS page cache dropped
Fatal: Could not create the account: account already exists
[2026-06-01 12:37:52]   [geth] Starting (ubt, gd=5, cold=1, dev.period=1, 1tx/block)
[2026-06-01 12:37:52]   [geth] Waiting for RPC...
[2026-06-01 12:37:54]   [geth] RPC ready after 3s
[2026-06-01 12:37:54]   [bench] Running execute remote...
[2026-06-01 12:38:02]   [bench] exit=0 passed=1 failed=0
0 missing_trie_node=0
0
[2026-06-01 12:38:02] 
[2026-06-01 12:38:02]   --- storage_sload_k256_run14 (ubt) write-offset=21400000000 K=256 ---
[2026-06-01 12:38:02]   [geth] Stopping (SIGTERM, waiting up to 120s for clean exit): 1130509
[2026-06-01 12:38:03]   [geth] exited cleanly after 1s
[2026-06-01 12:38:03]   [cache] OS page cache dropped
Fatal: Could not create the account: account already exists
[2026-06-01 12:38:03]   [geth] Starting (ubt, gd=5, cold=1, dev.period=1, 1tx/block)
[2026-06-01 12:38:03]   [geth] Waiting for RPC...
[2026-06-01 12:38:05]   [geth] RPC ready after 3s
[2026-06-01 12:38:05]   [bench] Running execute remote...
[2026-06-01 12:38:12]   [bench] exit=0 passed=1 failed=0
0 missing_trie_node=0
0
[2026-06-01 12:38:12] 
[2026-06-01 12:38:12]   --- storage_sload_k256_run15 (ubt) write-offset=21500000000 K=256 ---
[2026-06-01 12:38:13]   [geth] Stopping (SIGTERM, waiting up to 120s for clean exit): 1130589
[2026-06-01 12:38:14]   [geth] exited cleanly after 1s
[2026-06-01 12:38:14]   [cache] OS page cache dropped
Fatal: Could not create the account: account already exists
[2026-06-01 12:38:14]   [geth] Starting (ubt, gd=5, cold=1, dev.period=1, 1tx/block)
[2026-06-01 12:38:14]   [geth] Waiting for RPC...
[2026-06-01 12:38:16]   [geth] RPC ready after 3s
[2026-06-01 12:38:16]   [bench] Running execute remote...
[2026-06-01 12:38:24]   [bench] exit=0 passed=1 failed=0
0 missing_trie_node=0
0
[2026-06-01 12:38:24] 
[2026-06-01 12:38:24]   --- storage_sload_k256_run16 (ubt) write-offset=21600000000 K=256 ---
[2026-06-01 12:38:24]   [geth] Stopping (SIGTERM, waiting up to 120s for clean exit): 1130677
[2026-06-01 12:38:25]   [geth] exited cleanly after 1s
[2026-06-01 12:38:25]   [cache] OS page cache dropped
Fatal: Could not create the account: account already exists
[2026-06-01 12:38:26]   [geth] Starting (ubt, gd=5, cold=1, dev.period=1, 1tx/block)
[2026-06-01 12:38:26]   [geth] Waiting for RPC...
[2026-06-01 12:38:28]   [geth] RPC ready after 3s
[2026-06-01 12:38:28]   [bench] Running execute remote...
[2026-06-01 12:38:35]   [bench] exit=0 passed=1 failed=0
0 missing_trie_node=0
0
[2026-06-01 12:38:35] 
[2026-06-01 12:38:35]   --- storage_sload_k256_run17 (ubt) write-offset=21700000000 K=256 ---
[2026-06-01 12:38:35]   [geth] Stopping (SIGTERM, waiting up to 120s for clean exit): 1130752
[2026-06-01 12:38:36]   [geth] exited cleanly after 1s
[2026-06-01 12:38:36]   [cache] OS page cache dropped
Fatal: Could not create the account: account already exists
[2026-06-01 12:38:36]   [geth] Starting (ubt, gd=5, cold=1, dev.period=1, 1tx/block)
[2026-06-01 12:38:36]   [geth] Waiting for RPC...
[2026-06-01 12:38:38]   [geth] RPC ready after 3s
[2026-06-01 12:38:38]   [bench] Running execute remote...
[2026-06-01 12:38:46]   [bench] exit=0 passed=1 failed=0
0 missing_trie_node=0
0
[2026-06-01 12:38:46] 
[2026-06-01 12:38:46]   --- storage_sload_k256_run18 (ubt) write-offset=21800000000 K=256 ---
[2026-06-01 12:38:46]   [geth] Stopping (SIGTERM, waiting up to 120s for clean exit): 1130829
[2026-06-01 12:38:47]   [geth] exited cleanly after 1s
[2026-06-01 12:38:47]   [cache] OS page cache dropped
Fatal: Could not create the account: account already exists
[2026-06-01 12:38:47]   [geth] Starting (ubt, gd=5, cold=1, dev.period=1, 1tx/block)
[2026-06-01 12:38:47]   [geth] Waiting for RPC...
[2026-06-01 12:38:49]   [geth] RPC ready after 3s
[2026-06-01 12:38:49]   [bench] Running execute remote...
[2026-06-01 12:38:57]   [bench] exit=0 passed=1 failed=0
0 missing_trie_node=0
0
[2026-06-01 12:38:57] 
[2026-06-01 12:38:57]   --- storage_sload_k256_run19 (ubt) write-offset=21900000000 K=256 ---
[2026-06-01 12:38:57]   [geth] Stopping (SIGTERM, waiting up to 120s for clean exit): 1130903
[2026-06-01 12:38:58]   [geth] exited cleanly after 1s
[2026-06-01 12:38:58]   [cache] OS page cache dropped
Fatal: Could not create the account: account already exists
[2026-06-01 12:38:58]   [geth] Starting (ubt, gd=5, cold=1, dev.period=1, 1tx/block)
[2026-06-01 12:38:58]   [geth] Waiting for RPC...
[2026-06-01 12:39:00]   [geth] RPC ready after 3s
[2026-06-01 12:39:00]   [bench] Running execute remote...
[2026-06-01 12:39:08]   [bench] exit=0 passed=1 failed=0
0 missing_trie_node=0
0
[2026-06-01 12:39:08] 
[2026-06-01 12:39:08]   --- storage_sload_k256_run20 (ubt) write-offset=22000000000 K=256 ---
[2026-06-01 12:39:08]   [geth] Stopping (SIGTERM, waiting up to 120s for clean exit): 1130984
[2026-06-01 12:39:09]   [geth] exited cleanly after 1s
[2026-06-01 12:39:09]   [cache] OS page cache dropped
Fatal: Could not create the account: account already exists
[2026-06-01 12:39:09]   [geth] Starting (ubt, gd=5, cold=1, dev.period=1, 1tx/block)
[2026-06-01 12:39:09]   [geth] Waiting for RPC...
[2026-06-01 12:39:11]   [geth] RPC ready after 3s
[2026-06-01 12:39:11]   [bench] Running execute remote...
[2026-06-01 12:39:19]   [bench] exit=0 passed=1 failed=0
0 missing_trie_node=0
0
[2026-06-01 12:39:19] 
[2026-06-01 12:39:19]   ── BENCHMARK: storage_sstore_k1 (pool=256 contracts; effective K=1)
[2026-06-01 12:39:19] 
[2026-06-01 12:39:19]   --- storage_sstore_k1_run1 (ubt) write-offset=20100000000 K=1 ---
[2026-06-01 12:39:19]   [geth] Stopping (SIGTERM, waiting up to 120s for clean exit): 1131060
[2026-06-01 12:39:20]   [geth] exited cleanly after 1s
[2026-06-01 12:39:20]   [cache] OS page cache dropped
Fatal: Could not create the account: account already exists
[2026-06-01 12:39:20]   [geth] Starting (ubt, gd=5, cold=1, dev.period=1, 1tx/block)
[2026-06-01 12:39:20]   [geth] Waiting for RPC...
[2026-06-01 12:39:22]   [geth] RPC ready after 3s
[2026-06-01 12:39:22]   [bench] Running execute remote...
[2026-06-01 12:39:29]   [bench] exit=0 passed=1 failed=0
0 missing_trie_node=0
0
[2026-06-01 12:39:29] 
[2026-06-01 12:39:29]   --- storage_sstore_k1_run2 (ubt) write-offset=20200000000 K=1 ---
[2026-06-01 12:39:30]   [geth] Stopping (SIGTERM, waiting up to 120s for clean exit): 1131161
[2026-06-01 12:39:31]   [geth] exited cleanly after 1s
[2026-06-01 12:39:31]   [cache] OS page cache dropped
Fatal: Could not create the account: account already exists
[2026-06-01 12:39:31]   [geth] Starting (ubt, gd=5, cold=1, dev.period=1, 1tx/block)
[2026-06-01 12:39:31]   [geth] Waiting for RPC...
[2026-06-01 12:39:33]   [geth] RPC ready after 3s
[2026-06-01 12:39:33]   [bench] Running execute remote...
[2026-06-01 12:39:40]   [bench] exit=0 passed=1 failed=0
0 missing_trie_node=0
0
[2026-06-01 12:39:40] 
[2026-06-01 12:39:40]   --- storage_sstore_k1_run3 (ubt) write-offset=20300000000 K=1 ---
[2026-06-01 12:39:40]   [geth] Stopping (SIGTERM, waiting up to 120s for clean exit): 1131236
[2026-06-01 12:39:41]   [geth] exited cleanly after 1s
[2026-06-01 12:39:41]   [cache] OS page cache dropped
Fatal: Could not create the account: account already exists
[2026-06-01 12:39:42]   [geth] Starting (ubt, gd=5, cold=1, dev.period=1, 1tx/block)
[2026-06-01 12:39:42]   [geth] Waiting for RPC...
[2026-06-01 12:39:44]   [geth] RPC ready after 3s
[2026-06-01 12:39:44]   [bench] Running execute remote...
[2026-06-01 12:39:51]   [bench] exit=0 passed=1 failed=0
0 missing_trie_node=0
0
[2026-06-01 12:39:51] 
[2026-06-01 12:39:51]   --- storage_sstore_k1_run4 (ubt) write-offset=20400000000 K=1 ---
[2026-06-01 12:39:51]   [geth] Stopping (SIGTERM, waiting up to 120s for clean exit): 1131311
[2026-06-01 12:39:52]   [geth] exited cleanly after 1s
[2026-06-01 12:39:52]   [cache] OS page cache dropped
Fatal: Could not create the account: account already exists
[2026-06-01 12:39:52]   [geth] Starting (ubt, gd=5, cold=1, dev.period=1, 1tx/block)
[2026-06-01 12:39:52]   [geth] Waiting for RPC...
[2026-06-01 12:39:54]   [geth] RPC ready after 3s
[2026-06-01 12:39:54]   [bench] Running execute remote...
[2026-06-01 12:40:02]   [bench] exit=0 passed=1 failed=0
0 missing_trie_node=0
0
[2026-06-01 12:40:02] 
[2026-06-01 12:40:02]   --- storage_sstore_k1_run5 (ubt) write-offset=20500000000 K=1 ---
[2026-06-01 12:40:02]   [geth] Stopping (SIGTERM, waiting up to 120s for clean exit): 1131388
[2026-06-01 12:40:03]   [geth] exited cleanly after 1s
[2026-06-01 12:40:03]   [cache] OS page cache dropped
Fatal: Could not create the account: account already exists
[2026-06-01 12:40:03]   [geth] Starting (ubt, gd=5, cold=1, dev.period=1, 1tx/block)
[2026-06-01 12:40:03]   [geth] Waiting for RPC...
[2026-06-01 12:40:05]   [geth] RPC ready after 3s
[2026-06-01 12:40:05]   [bench] Running execute remote...
[2026-06-01 12:40:13]   [bench] exit=0 passed=1 failed=0
0 missing_trie_node=0
0
[2026-06-01 12:40:13] 
[2026-06-01 12:40:13]   --- storage_sstore_k1_run6 (ubt) write-offset=20600000000 K=1 ---
[2026-06-01 12:40:13]   [geth] Stopping (SIGTERM, waiting up to 120s for clean exit): 1131462
[2026-06-01 12:40:14]   [geth] exited cleanly after 1s
[2026-06-01 12:40:14]   [cache] OS page cache dropped
Fatal: Could not create the account: account already exists
[2026-06-01 12:40:14]   [geth] Starting (ubt, gd=5, cold=1, dev.period=1, 1tx/block)
[2026-06-01 12:40:14]   [geth] Waiting for RPC...
[2026-06-01 12:40:16]   [geth] RPC ready after 3s
[2026-06-01 12:40:16]   [bench] Running execute remote...
[2026-06-01 12:40:24]   [bench] exit=0 passed=1 failed=0
0 missing_trie_node=0
0
[2026-06-01 12:40:24] 
[2026-06-01 12:40:24]   --- storage_sstore_k1_run7 (ubt) write-offset=20700000000 K=1 ---
[2026-06-01 12:40:24]   [geth] Stopping (SIGTERM, waiting up to 120s for clean exit): 1131538
[2026-06-01 12:40:25]   [geth] exited cleanly after 1s
[2026-06-01 12:40:25]   [cache] OS page cache dropped
Fatal: Could not create the account: account already exists
[2026-06-01 12:40:25]   [geth] Starting (ubt, gd=5, cold=1, dev.period=1, 1tx/block)
[2026-06-01 12:40:25]   [geth] Waiting for RPC...
[2026-06-01 12:40:27]   [geth] RPC ready after 3s
[2026-06-01 12:40:27]   [bench] Running execute remote...
[2026-06-01 12:40:35]   [bench] exit=0 passed=1 failed=0
0 missing_trie_node=0
0
[2026-06-01 12:40:35] 
[2026-06-01 12:40:35]   --- storage_sstore_k1_run8 (ubt) write-offset=20800000000 K=1 ---
[2026-06-01 12:40:35]   [geth] Stopping (SIGTERM, waiting up to 120s for clean exit): 1131614
[2026-06-01 12:40:36]   [geth] exited cleanly after 1s
[2026-06-01 12:40:36]   [cache] OS page cache dropped
Fatal: Could not create the account: account already exists
[2026-06-01 12:40:36]   [geth] Starting (ubt, gd=5, cold=1, dev.period=1, 1tx/block)
[2026-06-01 12:40:36]   [geth] Waiting for RPC...
[2026-06-01 12:40:38]   [geth] RPC ready after 3s
[2026-06-01 12:40:38]   [bench] Running execute remote...
[2026-06-01 12:40:45]   [bench] exit=0 passed=1 failed=0
0 missing_trie_node=0
0
[2026-06-01 12:40:45] 
[2026-06-01 12:40:45]   --- storage_sstore_k1_run9 (ubt) write-offset=20900000000 K=1 ---
[2026-06-01 12:40:45]   [geth] Stopping (SIGTERM, waiting up to 120s for clean exit): 1131687
[2026-06-01 12:40:47]   [geth] exited cleanly after 1s
[2026-06-01 12:40:47]   [cache] OS page cache dropped
Fatal: Could not create the account: account already exists
[2026-06-01 12:40:47]   [geth] Starting (ubt, gd=5, cold=1, dev.period=1, 1tx/block)
[2026-06-01 12:40:47]   [geth] Waiting for RPC...
[2026-06-01 12:40:49]   [geth] RPC ready after 3s
[2026-06-01 12:40:49]   [bench] Running execute remote...
[2026-06-01 12:40:56]   [bench] exit=0 passed=1 failed=0
0 missing_trie_node=0
0
[2026-06-01 12:40:56] 
[2026-06-01 12:40:56]   --- storage_sstore_k1_run10 (ubt) write-offset=21000000000 K=1 ---
[2026-06-01 12:40:56]   [geth] Stopping (SIGTERM, waiting up to 120s for clean exit): 1131763
[2026-06-01 12:40:57]   [geth] exited cleanly after 1s
[2026-06-01 12:40:58]   [cache] OS page cache dropped
Fatal: Could not create the account: account already exists
[2026-06-01 12:40:58]   [geth] Starting (ubt, gd=5, cold=1, dev.period=1, 1tx/block)
[2026-06-01 12:40:58]   [geth] Waiting for RPC...
[2026-06-01 12:41:00]   [geth] RPC ready after 3s
[2026-06-01 12:41:00]   [bench] Running execute remote...
[2026-06-01 12:41:07]   [bench] exit=0 passed=1 failed=0
0 missing_trie_node=0
0
[2026-06-01 12:41:07] 
[2026-06-01 12:41:07]   --- storage_sstore_k1_run11 (ubt) write-offset=21100000000 K=1 ---
[2026-06-01 12:41:07]   [geth] Stopping (SIGTERM, waiting up to 120s for clean exit): 1131842
[2026-06-01 12:41:08]   [geth] exited cleanly after 1s
[2026-06-01 12:41:08]   [cache] OS page cache dropped
Fatal: Could not create the account: account already exists
[2026-06-01 12:41:09]   [geth] Starting (ubt, gd=5, cold=1, dev.period=1, 1tx/block)
[2026-06-01 12:41:09]   [geth] Waiting for RPC...
[2026-06-01 12:41:11]   [geth] RPC ready after 3s
[2026-06-01 12:41:11]   [bench] Running execute remote...
[2026-06-01 12:41:18]   [bench] exit=0 passed=1 failed=0
0 missing_trie_node=0
0
[2026-06-01 12:41:18] 
[2026-06-01 12:41:18]   --- storage_sstore_k1_run12 (ubt) write-offset=21200000000 K=1 ---
[2026-06-01 12:41:18]   [geth] Stopping (SIGTERM, waiting up to 120s for clean exit): 1131920
[2026-06-01 12:41:19]   [geth] exited cleanly after 1s
[2026-06-01 12:41:19]   [cache] OS page cache dropped
Fatal: Could not create the account: account already exists
[2026-06-01 12:41:19]   [geth] Starting (ubt, gd=5, cold=1, dev.period=1, 1tx/block)
[2026-06-01 12:41:19]   [geth] Waiting for RPC...
[2026-06-01 12:41:21]   [geth] RPC ready after 3s
[2026-06-01 12:41:21]   [bench] Running execute remote...
[2026-06-01 12:41:29]   [bench] exit=0 passed=1 failed=0
0 missing_trie_node=0
0
[2026-06-01 12:41:29] 
[2026-06-01 12:41:29]   --- storage_sstore_k1_run13 (ubt) write-offset=21300000000 K=1 ---
[2026-06-01 12:41:29]   [geth] Stopping (SIGTERM, waiting up to 120s for clean exit): 1131995
[2026-06-01 12:41:30]   [geth] exited cleanly after 1s
[2026-06-01 12:41:30]   [cache] OS page cache dropped
Fatal: Could not create the account: account already exists
[2026-06-01 12:41:30]   [geth] Starting (ubt, gd=5, cold=1, dev.period=1, 1tx/block)
[2026-06-01 12:41:30]   [geth] Waiting for RPC...
[2026-06-01 12:41:32]   [geth] RPC ready after 3s
[2026-06-01 12:41:32]   [bench] Running execute remote...
[2026-06-01 12:41:41]   [bench] exit=0 passed=1 failed=0
0 missing_trie_node=0
0
[2026-06-01 12:41:41] 
[2026-06-01 12:41:41]   --- storage_sstore_k1_run14 (ubt) write-offset=21400000000 K=1 ---
[2026-06-01 12:41:41]   [geth] Stopping (SIGTERM, waiting up to 120s for clean exit): 1132070
[2026-06-01 12:41:42]   [geth] exited cleanly after 1s
[2026-06-01 12:41:42]   [cache] OS page cache dropped
Fatal: Could not create the account: account already exists
[2026-06-01 12:41:42]   [geth] Starting (ubt, gd=5, cold=1, dev.period=1, 1tx/block)
[2026-06-01 12:41:42]   [geth] Waiting for RPC...
[2026-06-01 12:41:44]   [geth] RPC ready after 3s
[2026-06-01 12:41:44]   [bench] Running execute remote...
[2026-06-01 12:41:51]   [bench] exit=0 passed=1 failed=0
0 missing_trie_node=0
0
[2026-06-01 12:41:51] 
[2026-06-01 12:41:51]   --- storage_sstore_k1_run15 (ubt) write-offset=21500000000 K=1 ---
[2026-06-01 12:41:51]   [geth] Stopping (SIGTERM, waiting up to 120s for clean exit): 1132145
[2026-06-01 12:41:53]   [geth] exited cleanly after 1s
[2026-06-01 12:41:53]   [cache] OS page cache dropped
Fatal: Could not create the account: account already exists
[2026-06-01 12:41:53]   [geth] Starting (ubt, gd=5, cold=1, dev.period=1, 1tx/block)
[2026-06-01 12:41:53]   [geth] Waiting for RPC...
[2026-06-01 12:41:55]   [geth] RPC ready after 3s
[2026-06-01 12:41:55]   [bench] Running execute remote...
[2026-06-01 12:42:02]   [bench] exit=0 passed=1 failed=0
0 missing_trie_node=0
0
[2026-06-01 12:42:02] 
[2026-06-01 12:42:02]   --- storage_sstore_k1_run16 (ubt) write-offset=21600000000 K=1 ---
[2026-06-01 12:42:02]   [geth] Stopping (SIGTERM, waiting up to 120s for clean exit): 1132222
[2026-06-01 12:42:03]   [geth] exited cleanly after 1s
[2026-06-01 12:42:03]   [cache] OS page cache dropped
Fatal: Could not create the account: account already exists
[2026-06-01 12:42:03]   [geth] Starting (ubt, gd=5, cold=1, dev.period=1, 1tx/block)
[2026-06-01 12:42:03]   [geth] Waiting for RPC...
[2026-06-01 12:42:06]   [geth] RPC ready after 3s
[2026-06-01 12:42:06]   [bench] Running execute remote...
[2026-06-01 12:42:13]   [bench] exit=0 passed=1 failed=0
0 missing_trie_node=0
0
[2026-06-01 12:42:13] 
[2026-06-01 12:42:13]   --- storage_sstore_k1_run17 (ubt) write-offset=21700000000 K=1 ---
[2026-06-01 12:42:13]   [geth] Stopping (SIGTERM, waiting up to 120s for clean exit): 1132297
[2026-06-01 12:42:14]   [geth] exited cleanly after 1s
[2026-06-01 12:42:14]   [cache] OS page cache dropped
Fatal: Could not create the account: account already exists
[2026-06-01 12:42:14]   [geth] Starting (ubt, gd=5, cold=1, dev.period=1, 1tx/block)
[2026-06-01 12:42:14]   [geth] Waiting for RPC...
[2026-06-01 12:42:16]   [geth] RPC ready after 3s
[2026-06-01 12:42:16]   [bench] Running execute remote...
[2026-06-01 12:42:24]   [bench] exit=0 passed=1 failed=0
0 missing_trie_node=0
0
[2026-06-01 12:42:24] 
[2026-06-01 12:42:24]   --- storage_sstore_k1_run18 (ubt) write-offset=21800000000 K=1 ---
[2026-06-01 12:42:24]   [geth] Stopping (SIGTERM, waiting up to 120s for clean exit): 1132374
[2026-06-01 12:42:25]   [geth] exited cleanly after 1s
[2026-06-01 12:42:25]   [cache] OS page cache dropped
Fatal: Could not create the account: account already exists
[2026-06-01 12:42:25]   [geth] Starting (ubt, gd=5, cold=1, dev.period=1, 1tx/block)
[2026-06-01 12:42:25]   [geth] Waiting for RPC...
[2026-06-01 12:42:27]   [geth] RPC ready after 3s
[2026-06-01 12:42:27]   [bench] Running execute remote...
[2026-06-01 12:42:35]   [bench] exit=0 passed=1 failed=0
0 missing_trie_node=0
0
[2026-06-01 12:42:35] 
[2026-06-01 12:42:35]   --- storage_sstore_k1_run19 (ubt) write-offset=21900000000 K=1 ---
[2026-06-01 12:42:35]   [geth] Stopping (SIGTERM, waiting up to 120s for clean exit): 1132450
[2026-06-01 12:42:36]   [geth] exited cleanly after 1s
[2026-06-01 12:42:36]   [cache] OS page cache dropped
Fatal: Could not create the account: account already exists
[2026-06-01 12:42:36]   [geth] Starting (ubt, gd=5, cold=1, dev.period=1, 1tx/block)
[2026-06-01 12:42:36]   [geth] Waiting for RPC...
[2026-06-01 12:42:38]   [geth] RPC ready after 3s
[2026-06-01 12:42:38]   [bench] Running execute remote...
[2026-06-01 12:42:45]   [bench] exit=0 passed=1 failed=0
0 missing_trie_node=0
0
[2026-06-01 12:42:45] 
[2026-06-01 12:42:45]   --- storage_sstore_k1_run20 (ubt) write-offset=22000000000 K=1 ---
[2026-06-01 12:42:45]   [geth] Stopping (SIGTERM, waiting up to 120s for clean exit): 1132525
[2026-06-01 12:42:46]   [geth] exited cleanly after 1s
[2026-06-01 12:42:47]   [cache] OS page cache dropped
Fatal: Could not create the account: account already exists
[2026-06-01 12:42:47]   [geth] Starting (ubt, gd=5, cold=1, dev.period=1, 1tx/block)
[2026-06-01 12:42:47]   [geth] Waiting for RPC...
[2026-06-01 12:42:49]   [geth] RPC ready after 3s
[2026-06-01 12:42:49]   [bench] Running execute remote...
[2026-06-01 12:42:56]   [bench] exit=0 passed=1 failed=0
0 missing_trie_node=0
0
[2026-06-01 12:42:56] 
[2026-06-01 12:42:56]   ── BENCHMARK: storage_sstore_k10 (pool=256 contracts; effective K=10)
[2026-06-01 12:42:56] 
[2026-06-01 12:42:56]   --- storage_sstore_k10_run1 (ubt) write-offset=20100000000 K=10 ---
[2026-06-01 12:42:56]   [geth] Stopping (SIGTERM, waiting up to 120s for clean exit): 1132600
[2026-06-01 12:42:57]   [geth] exited cleanly after 1s
[2026-06-01 12:42:57]   [cache] OS page cache dropped
Fatal: Could not create the account: account already exists
[2026-06-01 12:42:57]   [geth] Starting (ubt, gd=5, cold=1, dev.period=1, 1tx/block)
[2026-06-01 12:42:57]   [geth] Waiting for RPC...
[2026-06-01 12:42:59]   [geth] RPC ready after 3s
[2026-06-01 12:43:00]   [bench] Running execute remote...
[2026-06-01 12:43:07]   [bench] exit=0 passed=1 failed=0
0 missing_trie_node=0
0
[2026-06-01 12:43:07] 
[2026-06-01 12:43:07]   --- storage_sstore_k10_run2 (ubt) write-offset=20200000000 K=10 ---
[2026-06-01 12:43:07]   [geth] Stopping (SIGTERM, waiting up to 120s for clean exit): 1132701
[2026-06-01 12:43:08]   [geth] exited cleanly after 1s
[2026-06-01 12:43:08]   [cache] OS page cache dropped
Fatal: Could not create the account: account already exists
[2026-06-01 12:43:08]   [geth] Starting (ubt, gd=5, cold=1, dev.period=1, 1tx/block)
[2026-06-01 12:43:08]   [geth] Waiting for RPC...
[2026-06-01 12:43:10]   [geth] RPC ready after 3s
[2026-06-01 12:43:10]   [bench] Running execute remote...
[2026-06-01 12:43:18]   [bench] exit=0 passed=1 failed=0
0 missing_trie_node=0
0
[2026-06-01 12:43:18] 
[2026-06-01 12:43:18]   --- storage_sstore_k10_run3 (ubt) write-offset=20300000000 K=10 ---
[2026-06-01 12:43:18]   [geth] Stopping (SIGTERM, waiting up to 120s for clean exit): 1132778
[2026-06-01 12:43:19]   [geth] exited cleanly after 1s
[2026-06-01 12:43:19]   [cache] OS page cache dropped
Fatal: Could not create the account: account already exists
[2026-06-01 12:43:19]   [geth] Starting (ubt, gd=5, cold=1, dev.period=1, 1tx/block)
[2026-06-01 12:43:19]   [geth] Waiting for RPC...
[2026-06-01 12:43:21]   [geth] RPC ready after 3s
[2026-06-01 12:43:21]   [bench] Running execute remote...
[2026-06-01 12:43:29]   [bench] exit=0 passed=1 failed=0
0 missing_trie_node=0
0
[2026-06-01 12:43:29] 
[2026-06-01 12:43:29]   --- storage_sstore_k10_run4 (ubt) write-offset=20400000000 K=10 ---
[2026-06-01 12:43:29]   [geth] Stopping (SIGTERM, waiting up to 120s for clean exit): 1132859
[2026-06-01 12:43:30]   [geth] exited cleanly after 1s
[2026-06-01 12:43:30]   [cache] OS page cache dropped
Fatal: Could not create the account: account already exists
[2026-06-01 12:43:30]   [geth] Starting (ubt, gd=5, cold=1, dev.period=1, 1tx/block)
[2026-06-01 12:43:30]   [geth] Waiting for RPC...
[2026-06-01 12:43:32]   [geth] RPC ready after 3s
[2026-06-01 12:43:32]   [bench] Running execute remote...
[2026-06-01 12:43:40]   [bench] exit=0 passed=1 failed=0
0 missing_trie_node=0
0
[2026-06-01 12:43:40] 
[2026-06-01 12:43:40]   --- storage_sstore_k10_run5 (ubt) write-offset=20500000000 K=10 ---
[2026-06-01 12:43:40]   [geth] Stopping (SIGTERM, waiting up to 120s for clean exit): 1132943
[2026-06-01 12:43:41]   [geth] exited cleanly after 1s
[2026-06-01 12:43:41]   [cache] OS page cache dropped
Fatal: Could not create the account: account already exists
[2026-06-01 12:43:42]   [geth] Starting (ubt, gd=5, cold=1, dev.period=1, 1tx/block)
[2026-06-01 12:43:42]   [geth] Waiting for RPC...
[2026-06-01 12:43:44]   [geth] RPC ready after 3s
[2026-06-01 12:43:44]   [bench] Running execute remote...
[2026-06-01 12:43:51]   [bench] exit=0 passed=1 failed=0
0 missing_trie_node=0
0
[2026-06-01 12:43:51] 
[2026-06-01 12:43:51]   --- storage_sstore_k10_run6 (ubt) write-offset=20600000000 K=10 ---
[2026-06-01 12:43:51]   [geth] Stopping (SIGTERM, waiting up to 120s for clean exit): 1133024
[2026-06-01 12:43:52]   [geth] exited cleanly after 1s
[2026-06-01 12:43:52]   [cache] OS page cache dropped
Fatal: Could not create the account: account already exists
[2026-06-01 12:43:52]   [geth] Starting (ubt, gd=5, cold=1, dev.period=1, 1tx/block)
[2026-06-01 12:43:52]   [geth] Waiting for RPC...
[2026-06-01 12:43:54]   [geth] RPC ready after 3s
[2026-06-01 12:43:54]   [bench] Running execute remote...
[2026-06-01 12:44:02]   [bench] exit=0 passed=1 failed=0
0 missing_trie_node=0
0
[2026-06-01 12:44:02] 
[2026-06-01 12:44:02]   --- storage_sstore_k10_run7 (ubt) write-offset=20700000000 K=10 ---
[2026-06-01 12:44:02]   [geth] Stopping (SIGTERM, waiting up to 120s for clean exit): 1133133
[2026-06-01 12:44:03]   [geth] exited cleanly after 1s
[2026-06-01 12:44:03]   [cache] OS page cache dropped
Fatal: Could not create the account: account already exists
[2026-06-01 12:44:03]   [geth] Starting (ubt, gd=5, cold=1, dev.period=1, 1tx/block)
[2026-06-01 12:44:03]   [geth] Waiting for RPC...
[2026-06-01 12:44:05]   [geth] RPC ready after 3s
[2026-06-01 12:44:05]   [bench] Running execute remote...
[2026-06-01 12:44:13]   [bench] exit=0 passed=1 failed=0
0 missing_trie_node=0
0
[2026-06-01 12:44:13] 
[2026-06-01 12:44:13]   --- storage_sstore_k10_run8 (ubt) write-offset=20800000000 K=10 ---
[2026-06-01 12:44:13]   [geth] Stopping (SIGTERM, waiting up to 120s for clean exit): 1133207
[2026-06-01 12:44:14]   [geth] exited cleanly after 1s
[2026-06-01 12:44:14]   [cache] OS page cache dropped
Fatal: Could not create the account: account already exists
[2026-06-01 12:44:14]   [geth] Starting (ubt, gd=5, cold=1, dev.period=1, 1tx/block)
[2026-06-01 12:44:14]   [geth] Waiting for RPC...
[2026-06-01 12:44:16]   [geth] RPC ready after 3s
[2026-06-01 12:44:16]   [bench] Running execute remote...
[2026-06-01 12:44:24]   [bench] exit=0 passed=1 failed=0
0 missing_trie_node=0
0
[2026-06-01 12:44:24] 
[2026-06-01 12:44:24]   --- storage_sstore_k10_run9 (ubt) write-offset=20900000000 K=10 ---
[2026-06-01 12:44:24]   [geth] Stopping (SIGTERM, waiting up to 120s for clean exit): 1133283
[2026-06-01 12:44:25]   [geth] exited cleanly after 1s
[2026-06-01 12:44:25]   [cache] OS page cache dropped
Fatal: Could not create the account: account already exists
[2026-06-01 12:44:25]   [geth] Starting (ubt, gd=5, cold=1, dev.period=1, 1tx/block)
[2026-06-01 12:44:25]   [geth] Waiting for RPC...
[2026-06-01 12:44:27]   [geth] RPC ready after 3s
[2026-06-01 12:44:27]   [bench] Running execute remote...
[2026-06-01 12:44:34]   [bench] exit=0 passed=1 failed=0
0 missing_trie_node=0
0
[2026-06-01 12:44:34] 
[2026-06-01 12:44:34]   --- storage_sstore_k10_run10 (ubt) write-offset=21000000000 K=10 ---
[2026-06-01 12:44:34]   [geth] Stopping (SIGTERM, waiting up to 120s for clean exit): 1133358
[2026-06-01 12:44:35]   [geth] exited cleanly after 1s
[2026-06-01 12:44:35]   [cache] OS page cache dropped
Fatal: Could not create the account: account already exists
[2026-06-01 12:44:35]   [geth] Starting (ubt, gd=5, cold=1, dev.period=1, 1tx/block)
[2026-06-01 12:44:35]   [geth] Waiting for RPC...
[2026-06-01 12:44:37]   [geth] RPC ready after 3s
[2026-06-01 12:44:37]   [bench] Running execute remote...
[2026-06-01 12:44:44]   [bench] exit=0 passed=1 failed=0
0 missing_trie_node=0
0
[2026-06-01 12:44:44] 
[2026-06-01 12:44:44]   --- storage_sstore_k10_run11 (ubt) write-offset=21100000000 K=10 ---
[2026-06-01 12:44:44]   [geth] Stopping (SIGTERM, waiting up to 120s for clean exit): 1133432
[2026-06-01 12:44:45]   [geth] exited cleanly after 1s
[2026-06-01 12:44:46]   [cache] OS page cache dropped
Fatal: Could not create the account: account already exists
[2026-06-01 12:44:46]   [geth] Starting (ubt, gd=5, cold=1, dev.period=1, 1tx/block)
[2026-06-01 12:44:46]   [geth] Waiting for RPC...
[2026-06-01 12:44:48]   [geth] RPC ready after 3s
[2026-06-01 12:44:48]   [bench] Running execute remote...
[2026-06-01 12:44:55]   [bench] exit=0 passed=1 failed=0
0 missing_trie_node=0
0
[2026-06-01 12:44:55] 
[2026-06-01 12:44:55]   --- storage_sstore_k10_run12 (ubt) write-offset=21200000000 K=10 ---
[2026-06-01 12:44:55]   [geth] Stopping (SIGTERM, waiting up to 120s for clean exit): 1133507
[2026-06-01 12:44:56]   [geth] exited cleanly after 1s
[2026-06-01 12:44:56]   [cache] OS page cache dropped
Fatal: Could not create the account: account already exists
[2026-06-01 12:44:57]   [geth] Starting (ubt, gd=5, cold=1, dev.period=1, 1tx/block)
[2026-06-01 12:44:57]   [geth] Waiting for RPC...
[2026-06-01 12:44:59]   [geth] RPC ready after 3s
[2026-06-01 12:44:59]   [bench] Running execute remote...
[2026-06-01 12:45:06]   [bench] exit=0 passed=1 failed=0
0 missing_trie_node=0
0
[2026-06-01 12:45:06] 
[2026-06-01 12:45:06]   --- storage_sstore_k10_run13 (ubt) write-offset=21300000000 K=10 ---
[2026-06-01 12:45:06]   [geth] Stopping (SIGTERM, waiting up to 120s for clean exit): 1133586
[2026-06-01 12:45:07]   [geth] exited cleanly after 1s
[2026-06-01 12:45:07]   [cache] OS page cache dropped
Fatal: Could not create the account: account already exists
[2026-06-01 12:45:07]   [geth] Starting (ubt, gd=5, cold=1, dev.period=1, 1tx/block)
[2026-06-01 12:45:07]   [geth] Waiting for RPC...
[2026-06-01 12:45:09]   [geth] RPC ready after 3s
[2026-06-01 12:45:09]   [bench] Running execute remote...
[2026-06-01 12:45:17]   [bench] exit=0 passed=1 failed=0
0 missing_trie_node=0
0
[2026-06-01 12:45:17] 
[2026-06-01 12:45:17]   --- storage_sstore_k10_run14 (ubt) write-offset=21400000000 K=10 ---
[2026-06-01 12:45:17]   [geth] Stopping (SIGTERM, waiting up to 120s for clean exit): 1133662
[2026-06-01 12:45:18]   [geth] exited cleanly after 1s
[2026-06-01 12:45:18]   [cache] OS page cache dropped
Fatal: Could not create the account: account already exists
[2026-06-01 12:45:18]   [geth] Starting (ubt, gd=5, cold=1, dev.period=1, 1tx/block)
[2026-06-01 12:45:18]   [geth] Waiting for RPC...
[2026-06-01 12:45:20]   [geth] RPC ready after 3s
[2026-06-01 12:45:20]   [bench] Running execute remote...
[2026-06-01 12:45:28]   [bench] exit=0 passed=1 failed=0
0 missing_trie_node=0
0
[2026-06-01 12:45:28] 
[2026-06-01 12:45:28]   --- storage_sstore_k10_run15 (ubt) write-offset=21500000000 K=10 ---
[2026-06-01 12:45:28]   [geth] Stopping (SIGTERM, waiting up to 120s for clean exit): 1133739
[2026-06-01 12:45:29]   [geth] exited cleanly after 1s
[2026-06-01 12:45:29]   [cache] OS page cache dropped
Fatal: Could not create the account: account already exists
[2026-06-01 12:45:29]   [geth] Starting (ubt, gd=5, cold=1, dev.period=1, 1tx/block)
[2026-06-01 12:45:29]   [geth] Waiting for RPC...
[2026-06-01 12:45:31]   [geth] RPC ready after 3s
[2026-06-01 12:45:31]   [bench] Running execute remote...
[2026-06-01 12:45:38]   [bench] exit=0 passed=1 failed=0
0 missing_trie_node=0
0
[2026-06-01 12:45:38] 
[2026-06-01 12:45:38]   --- storage_sstore_k10_run16 (ubt) write-offset=21600000000 K=10 ---
[2026-06-01 12:45:38]   [geth] Stopping (SIGTERM, waiting up to 120s for clean exit): 1133813
[2026-06-01 12:45:39]   [geth] exited cleanly after 1s
[2026-06-01 12:45:40]   [cache] OS page cache dropped
Fatal: Could not create the account: account already exists
[2026-06-01 12:45:40]   [geth] Starting (ubt, gd=5, cold=1, dev.period=1, 1tx/block)
[2026-06-01 12:45:40]   [geth] Waiting for RPC...
[2026-06-01 12:45:42]   [geth] RPC ready after 3s
[2026-06-01 12:45:42]   [bench] Running execute remote...
[2026-06-01 12:45:49]   [bench] exit=0 passed=1 failed=0
0 missing_trie_node=0
0
[2026-06-01 12:45:49] 
[2026-06-01 12:45:49]   --- storage_sstore_k10_run17 (ubt) write-offset=21700000000 K=10 ---
[2026-06-01 12:45:49]   [geth] Stopping (SIGTERM, waiting up to 120s for clean exit): 1133888
[2026-06-01 12:45:50]   [geth] exited cleanly after 1s
[2026-06-01 12:45:51]   [cache] OS page cache dropped
Fatal: Could not create the account: account already exists
[2026-06-01 12:45:51]   [geth] Starting (ubt, gd=5, cold=1, dev.period=1, 1tx/block)
[2026-06-01 12:45:51]   [geth] Waiting for RPC...
[2026-06-01 12:45:53]   [geth] RPC ready after 3s
[2026-06-01 12:45:53]   [bench] Running execute remote...
[2026-06-01 12:46:00]   [bench] exit=0 passed=1 failed=0
0 missing_trie_node=0
0
[2026-06-01 12:46:00] 
[2026-06-01 12:46:00]   --- storage_sstore_k10_run18 (ubt) write-offset=21800000000 K=10 ---
[2026-06-01 12:46:00]   [geth] Stopping (SIGTERM, waiting up to 120s for clean exit): 1133964
[2026-06-01 12:46:01]   [geth] exited cleanly after 1s
[2026-06-01 12:46:01]   [cache] OS page cache dropped
Fatal: Could not create the account: account already exists
[2026-06-01 12:46:01]   [geth] Starting (ubt, gd=5, cold=1, dev.period=1, 1tx/block)
[2026-06-01 12:46:01]   [geth] Waiting for RPC...
[2026-06-01 12:46:03]   [geth] RPC ready after 3s
[2026-06-01 12:46:03]   [bench] Running execute remote...
[2026-06-01 12:46:11]   [bench] exit=0 passed=1 failed=0
0 missing_trie_node=0
0
[2026-06-01 12:46:11] 
[2026-06-01 12:46:11]   --- storage_sstore_k10_run19 (ubt) write-offset=21900000000 K=10 ---
[2026-06-01 12:46:11]   [geth] Stopping (SIGTERM, waiting up to 120s for clean exit): 1134040
[2026-06-01 12:46:12]   [geth] exited cleanly after 1s
[2026-06-01 12:46:12]   [cache] OS page cache dropped
Fatal: Could not create the account: account already exists
[2026-06-01 12:46:12]   [geth] Starting (ubt, gd=5, cold=1, dev.period=1, 1tx/block)
[2026-06-01 12:46:12]   [geth] Waiting for RPC...
[2026-06-01 12:46:14]   [geth] RPC ready after 3s
[2026-06-01 12:46:14]   [bench] Running execute remote...
[2026-06-01 12:46:21]   [bench] exit=0 passed=1 failed=0
0 missing_trie_node=0
0
[2026-06-01 12:46:21] 
[2026-06-01 12:46:21]   --- storage_sstore_k10_run20 (ubt) write-offset=22000000000 K=10 ---
[2026-06-01 12:46:21]   [geth] Stopping (SIGTERM, waiting up to 120s for clean exit): 1134116
[2026-06-01 12:46:22]   [geth] exited cleanly after 1s
[2026-06-01 12:46:22]   [cache] OS page cache dropped
Fatal: Could not create the account: account already exists
[2026-06-01 12:46:22]   [geth] Starting (ubt, gd=5, cold=1, dev.period=1, 1tx/block)
[2026-06-01 12:46:22]   [geth] Waiting for RPC...
[2026-06-01 12:46:24]   [geth] RPC ready after 3s
[2026-06-01 12:46:24]   [bench] Running execute remote...
[2026-06-01 12:46:32]   [bench] exit=0 passed=1 failed=0
0 missing_trie_node=0
0
[2026-06-01 12:46:32] 
[2026-06-01 12:46:32]   ── BENCHMARK: storage_sstore_k100 (pool=256 contracts; effective K=100)
[2026-06-01 12:46:32] 
[2026-06-01 12:46:32]   --- storage_sstore_k100_run1 (ubt) write-offset=20100000000 K=100 ---
[2026-06-01 12:46:32]   [geth] Stopping (SIGTERM, waiting up to 120s for clean exit): 1134189
[2026-06-01 12:46:33]   [geth] exited cleanly after 1s
[2026-06-01 12:46:33]   [cache] OS page cache dropped
Fatal: Could not create the account: account already exists
[2026-06-01 12:46:33]   [geth] Starting (ubt, gd=5, cold=1, dev.period=1, 1tx/block)
[2026-06-01 12:46:33]   [geth] Waiting for RPC...
[2026-06-01 12:46:35]   [geth] RPC ready after 3s
[2026-06-01 12:46:35]   [bench] Running execute remote...
[2026-06-01 12:46:42]   [bench] exit=0 passed=1 failed=0
0 missing_trie_node=0
0
[2026-06-01 12:46:42] 
[2026-06-01 12:46:42]   --- storage_sstore_k100_run2 (ubt) write-offset=20200000000 K=100 ---
[2026-06-01 12:46:42]   [geth] Stopping (SIGTERM, waiting up to 120s for clean exit): 1134288
[2026-06-01 12:46:43]   [geth] exited cleanly after 1s
[2026-06-01 12:46:44]   [cache] OS page cache dropped
Fatal: Could not create the account: account already exists
[2026-06-01 12:46:44]   [geth] Starting (ubt, gd=5, cold=1, dev.period=1, 1tx/block)
[2026-06-01 12:46:44]   [geth] Waiting for RPC...
[2026-06-01 12:46:46]   [geth] RPC ready after 3s
[2026-06-01 12:46:46]   [bench] Running execute remote...
[2026-06-01 12:46:53]   [bench] exit=0 passed=1 failed=0
0 missing_trie_node=0
0
[2026-06-01 12:46:53] 
[2026-06-01 12:46:53]   --- storage_sstore_k100_run3 (ubt) write-offset=20300000000 K=100 ---
[2026-06-01 12:46:53]   [geth] Stopping (SIGTERM, waiting up to 120s for clean exit): 1134363
[2026-06-01 12:46:54]   [geth] exited cleanly after 1s
[2026-06-01 12:46:54]   [cache] OS page cache dropped
Fatal: Could not create the account: account already exists
[2026-06-01 12:46:54]   [geth] Starting (ubt, gd=5, cold=1, dev.period=1, 1tx/block)
[2026-06-01 12:46:54]   [geth] Waiting for RPC...
[2026-06-01 12:46:56]   [geth] RPC ready after 3s
[2026-06-01 12:46:56]   [bench] Running execute remote...
[2026-06-01 12:47:04]   [bench] exit=0 passed=1 failed=0
0 missing_trie_node=0
0
[2026-06-01 12:47:04] 
[2026-06-01 12:47:04]   --- storage_sstore_k100_run4 (ubt) write-offset=20400000000 K=100 ---
[2026-06-01 12:47:04]   [geth] Stopping (SIGTERM, waiting up to 120s for clean exit): 1134442
[2026-06-01 12:47:05]   [geth] exited cleanly after 1s
[2026-06-01 12:47:05]   [cache] OS page cache dropped
Fatal: Could not create the account: account already exists
[2026-06-01 12:47:05]   [geth] Starting (ubt, gd=5, cold=1, dev.period=1, 1tx/block)
[2026-06-01 12:47:05]   [geth] Waiting for RPC...
[2026-06-01 12:47:07]   [geth] RPC ready after 3s
[2026-06-01 12:47:07]   [bench] Running execute remote...
[2026-06-01 12:47:15]   [bench] exit=0 passed=1 failed=0
0 missing_trie_node=0
0
[2026-06-01 12:47:15] 
[2026-06-01 12:47:15]   --- storage_sstore_k100_run5 (ubt) write-offset=20500000000 K=100 ---
[2026-06-01 12:47:15]   [geth] Stopping (SIGTERM, waiting up to 120s for clean exit): 1134516
[2026-06-01 12:47:16]   [geth] exited cleanly after 1s
[2026-06-01 12:47:16]   [cache] OS page cache dropped
Fatal: Could not create the account: account already exists
[2026-06-01 12:47:16]   [geth] Starting (ubt, gd=5, cold=1, dev.period=1, 1tx/block)
[2026-06-01 12:47:16]   [geth] Waiting for RPC...
[2026-06-01 12:47:18]   [geth] RPC ready after 3s
[2026-06-01 12:47:18]   [bench] Running execute remote...
[2026-06-01 12:47:25]   [bench] exit=0 passed=1 failed=0
0 missing_trie_node=0
0
[2026-06-01 12:47:25] 
[2026-06-01 12:47:25]   --- storage_sstore_k100_run6 (ubt) write-offset=20600000000 K=100 ---
[2026-06-01 12:47:25]   [geth] Stopping (SIGTERM, waiting up to 120s for clean exit): 1134593
[2026-06-01 12:47:26]   [geth] exited cleanly after 1s
[2026-06-01 12:47:27]   [cache] OS page cache dropped
Fatal: Could not create the account: account already exists
[2026-06-01 12:47:27]   [geth] Starting (ubt, gd=5, cold=1, dev.period=1, 1tx/block)
[2026-06-01 12:47:27]   [geth] Waiting for RPC...
[2026-06-01 12:47:29]   [geth] RPC ready after 3s
[2026-06-01 12:47:29]   [bench] Running execute remote...
[2026-06-01 12:47:36]   [bench] exit=0 passed=1 failed=0
0 missing_trie_node=0
0
[2026-06-01 12:47:36] 
[2026-06-01 12:47:36]   --- storage_sstore_k100_run7 (ubt) write-offset=20700000000 K=100 ---
[2026-06-01 12:47:36]   [geth] Stopping (SIGTERM, waiting up to 120s for clean exit): 1134669
[2026-06-01 12:47:37]   [geth] exited cleanly after 1s
[2026-06-01 12:47:38]   [cache] OS page cache dropped
Fatal: Could not create the account: account already exists
[2026-06-01 12:47:38]   [geth] Starting (ubt, gd=5, cold=1, dev.period=1, 1tx/block)
[2026-06-01 12:47:38]   [geth] Waiting for RPC...
[2026-06-01 12:47:40]   [geth] RPC ready after 3s
[2026-06-01 12:47:40]   [bench] Running execute remote...
[2026-06-01 12:47:47]   [bench] exit=0 passed=1 failed=0
0 missing_trie_node=0
0
[2026-06-01 12:47:47] 
[2026-06-01 12:47:47]   --- storage_sstore_k100_run8 (ubt) write-offset=20800000000 K=100 ---
[2026-06-01 12:47:47]   [geth] Stopping (SIGTERM, waiting up to 120s for clean exit): 1134746
[2026-06-01 12:47:48]   [geth] exited cleanly after 1s
[2026-06-01 12:47:48]   [cache] OS page cache dropped
Fatal: Could not create the account: account already exists
[2026-06-01 12:47:48]   [geth] Starting (ubt, gd=5, cold=1, dev.period=1, 1tx/block)
[2026-06-01 12:47:48]   [geth] Waiting for RPC...
[2026-06-01 12:47:50]   [geth] RPC ready after 3s
[2026-06-01 12:47:50]   [bench] Running execute remote...
[2026-06-01 12:47:58]   [bench] exit=0 passed=1 failed=0
0 missing_trie_node=0
0
[2026-06-01 12:47:58] 
[2026-06-01 12:47:58]   --- storage_sstore_k100_run9 (ubt) write-offset=20900000000 K=100 ---
[2026-06-01 12:47:58]   [geth] Stopping (SIGTERM, waiting up to 120s for clean exit): 1134821
[2026-06-01 12:47:59]   [geth] exited cleanly after 1s
[2026-06-01 12:47:59]   [cache] OS page cache dropped
Fatal: Could not create the account: account already exists
[2026-06-01 12:47:59]   [geth] Starting (ubt, gd=5, cold=1, dev.period=1, 1tx/block)
[2026-06-01 12:47:59]   [geth] Waiting for RPC...
[2026-06-01 12:48:01]   [geth] RPC ready after 3s
[2026-06-01 12:48:01]   [bench] Running execute remote...
[2026-06-01 12:48:09]   [bench] exit=0 passed=1 failed=0
0 missing_trie_node=0
0
[2026-06-01 12:48:09] 
[2026-06-01 12:48:09]   --- storage_sstore_k100_run10 (ubt) write-offset=21000000000 K=100 ---
[2026-06-01 12:48:09]   [geth] Stopping (SIGTERM, waiting up to 120s for clean exit): 1134899
[2026-06-01 12:48:10]   [geth] exited cleanly after 1s
[2026-06-01 12:48:10]   [cache] OS page cache dropped
Fatal: Could not create the account: account already exists
[2026-06-01 12:48:10]   [geth] Starting (ubt, gd=5, cold=1, dev.period=1, 1tx/block)
[2026-06-01 12:48:10]   [geth] Waiting for RPC...
[2026-06-01 12:48:12]   [geth] RPC ready after 3s
[2026-06-01 12:48:12]   [bench] Running execute remote...
[2026-06-01 12:48:20]   [bench] exit=0 passed=1 failed=0
0 missing_trie_node=0
0
[2026-06-01 12:48:20] 
[2026-06-01 12:48:20]   --- storage_sstore_k100_run11 (ubt) write-offset=21100000000 K=100 ---
[2026-06-01 12:48:20]   [geth] Stopping (SIGTERM, waiting up to 120s for clean exit): 1134974
[2026-06-01 12:48:21]   [geth] exited cleanly after 1s
[2026-06-01 12:48:21]   [cache] OS page cache dropped
Fatal: Could not create the account: account already exists
[2026-06-01 12:48:21]   [geth] Starting (ubt, gd=5, cold=1, dev.period=1, 1tx/block)
[2026-06-01 12:48:21]   [geth] Waiting for RPC...
[2026-06-01 12:48:23]   [geth] RPC ready after 3s
[2026-06-01 12:48:23]   [bench] Running execute remote...
[2026-06-01 12:48:30]   [bench] exit=0 passed=1 failed=0
0 missing_trie_node=0
0
[2026-06-01 12:48:30] 
[2026-06-01 12:48:30]   --- storage_sstore_k100_run12 (ubt) write-offset=21200000000 K=100 ---
[2026-06-01 12:48:30]   [geth] Stopping (SIGTERM, waiting up to 120s for clean exit): 1135050
[2026-06-01 12:48:31]   [geth] exited cleanly after 1s
[2026-06-01 12:48:32]   [cache] OS page cache dropped
Fatal: Could not create the account: account already exists
[2026-06-01 12:48:32]   [geth] Starting (ubt, gd=5, cold=1, dev.period=1, 1tx/block)
[2026-06-01 12:48:32]   [geth] Waiting for RPC...
[2026-06-01 12:48:34]   [geth] RPC ready after 3s
[2026-06-01 12:48:34]   [bench] Running execute remote...
[2026-06-01 12:48:41]   [bench] exit=0 passed=1 failed=0
0 missing_trie_node=0
0
[2026-06-01 12:48:41] 
[2026-06-01 12:48:41]   --- storage_sstore_k100_run13 (ubt) write-offset=21300000000 K=100 ---
[2026-06-01 12:48:41]   [geth] Stopping (SIGTERM, waiting up to 120s for clean exit): 1135126
[2026-06-01 12:48:42]   [geth] exited cleanly after 1s
[2026-06-01 12:48:42]   [cache] OS page cache dropped
Fatal: Could not create the account: account already exists
[2026-06-01 12:48:42]   [geth] Starting (ubt, gd=5, cold=1, dev.period=1, 1tx/block)
[2026-06-01 12:48:42]   [geth] Waiting for RPC...
[2026-06-01 12:48:44]   [geth] RPC ready after 3s
[2026-06-01 12:48:44]   [bench] Running execute remote...
[2026-06-01 12:48:52]   [bench] exit=0 passed=1 failed=0
0 missing_trie_node=0
0
[2026-06-01 12:48:52] 
[2026-06-01 12:48:52]   --- storage_sstore_k100_run14 (ubt) write-offset=21400000000 K=100 ---
[2026-06-01 12:48:52]   [geth] Stopping (SIGTERM, waiting up to 120s for clean exit): 1135203
[2026-06-01 12:48:53]   [geth] exited cleanly after 1s
[2026-06-01 12:48:53]   [cache] OS page cache dropped
Fatal: Could not create the account: account already exists
[2026-06-01 12:48:53]   [geth] Starting (ubt, gd=5, cold=1, dev.period=1, 1tx/block)
[2026-06-01 12:48:53]   [geth] Waiting for RPC...
[2026-06-01 12:48:55]   [geth] RPC ready after 3s
[2026-06-01 12:48:55]   [bench] Running execute remote...
[2026-06-01 12:49:02]   [bench] exit=0 passed=1 failed=0
0 missing_trie_node=0
0
[2026-06-01 12:49:02] 
[2026-06-01 12:49:02]   --- storage_sstore_k100_run15 (ubt) write-offset=21500000000 K=100 ---
[2026-06-01 12:49:02]   [geth] Stopping (SIGTERM, waiting up to 120s for clean exit): 1135279
[2026-06-01 12:49:03]   [geth] exited cleanly after 1s
[2026-06-01 12:49:03]   [cache] OS page cache dropped
Fatal: Could not create the account: account already exists
[2026-06-01 12:49:03]   [geth] Starting (ubt, gd=5, cold=1, dev.period=1, 1tx/block)
[2026-06-01 12:49:03]   [geth] Waiting for RPC...
[2026-06-01 12:49:05]   [geth] RPC ready after 3s
[2026-06-01 12:49:05]   [bench] Running execute remote...
[2026-06-01 12:49:11]   [bench] exit=0 passed=1 failed=0
0 missing_trie_node=0
0
[2026-06-01 12:49:11] 
[2026-06-01 12:49:11]   --- storage_sstore_k100_run16 (ubt) write-offset=21600000000 K=100 ---
[2026-06-01 12:49:11]   [geth] Stopping (SIGTERM, waiting up to 120s for clean exit): 1135355
[2026-06-01 12:49:12]   [geth] exited cleanly after 1s
[2026-06-01 12:49:13]   [cache] OS page cache dropped
Fatal: Could not create the account: account already exists
[2026-06-01 12:49:13]   [geth] Starting (ubt, gd=5, cold=1, dev.period=1, 1tx/block)
[2026-06-01 12:49:13]   [geth] Waiting for RPC...
[2026-06-01 12:49:15]   [geth] RPC ready after 3s
[2026-06-01 12:49:15]   [bench] Running execute remote...
[2026-06-01 12:49:21]   [bench] exit=0 passed=1 failed=0
0 missing_trie_node=0
0
[2026-06-01 12:49:21] 
[2026-06-01 12:49:21]   --- storage_sstore_k100_run17 (ubt) write-offset=21700000000 K=100 ---
[2026-06-01 12:49:21]   [geth] Stopping (SIGTERM, waiting up to 120s for clean exit): 1135431
[2026-06-01 12:49:22]   [geth] exited cleanly after 1s
[2026-06-01 12:49:22]   [cache] OS page cache dropped
Fatal: Could not create the account: account already exists
[2026-06-01 12:49:22]   [geth] Starting (ubt, gd=5, cold=1, dev.period=1, 1tx/block)
[2026-06-01 12:49:22]   [geth] Waiting for RPC...
[2026-06-01 12:49:24]   [geth] RPC ready after 3s
[2026-06-01 12:49:24]   [bench] Running execute remote...
[2026-06-01 12:49:33]   [bench] exit=0 passed=1 failed=0
0 missing_trie_node=0
0
[2026-06-01 12:49:33] 
[2026-06-01 12:49:33]   --- storage_sstore_k100_run18 (ubt) write-offset=21800000000 K=100 ---
[2026-06-01 12:49:33]   [geth] Stopping (SIGTERM, waiting up to 120s for clean exit): 1135520
[2026-06-01 12:49:34]   [geth] exited cleanly after 1s
[2026-06-01 12:49:34]   [cache] OS page cache dropped
Fatal: Could not create the account: account already exists
[2026-06-01 12:49:34]   [geth] Starting (ubt, gd=5, cold=1, dev.period=1, 1tx/block)
[2026-06-01 12:49:34]   [geth] Waiting for RPC...
[2026-06-01 12:49:36]   [geth] RPC ready after 3s
[2026-06-01 12:49:36]   [bench] Running execute remote...
[2026-06-01 12:49:44]   [bench] exit=0 passed=1 failed=0
0 missing_trie_node=0
0
[2026-06-01 12:49:44] 
[2026-06-01 12:49:44]   --- storage_sstore_k100_run19 (ubt) write-offset=21900000000 K=100 ---
[2026-06-01 12:49:44]   [geth] Stopping (SIGTERM, waiting up to 120s for clean exit): 1135595
[2026-06-01 12:49:45]   [geth] exited cleanly after 1s
[2026-06-01 12:49:45]   [cache] OS page cache dropped
Fatal: Could not create the account: account already exists
[2026-06-01 12:49:45]   [geth] Starting (ubt, gd=5, cold=1, dev.period=1, 1tx/block)
[2026-06-01 12:49:45]   [geth] Waiting for RPC...
[2026-06-01 12:49:47]   [geth] RPC ready after 3s
[2026-06-01 12:49:47]   [bench] Running execute remote...
[2026-06-01 12:49:54]   [bench] exit=0 passed=1 failed=0
0 missing_trie_node=0
0
[2026-06-01 12:49:54] 
[2026-06-01 12:49:54]   --- storage_sstore_k100_run20 (ubt) write-offset=22000000000 K=100 ---
[2026-06-01 12:49:54]   [geth] Stopping (SIGTERM, waiting up to 120s for clean exit): 1135672
[2026-06-01 12:49:55]   [geth] exited cleanly after 1s
[2026-06-01 12:49:55]   [cache] OS page cache dropped
Fatal: Could not create the account: account already exists
[2026-06-01 12:49:55]   [geth] Starting (ubt, gd=5, cold=1, dev.period=1, 1tx/block)
[2026-06-01 12:49:55]   [geth] Waiting for RPC...
[2026-06-01 12:49:57]   [geth] RPC ready after 3s
[2026-06-01 12:49:57]   [bench] Running execute remote...
[2026-06-01 12:50:03]   [bench] exit=0 passed=1 failed=0
0 missing_trie_node=0
0
[2026-06-01 12:50:03] 
[2026-06-01 12:50:03]   ── BENCHMARK: storage_sstore_k256 (pool=256 contracts; effective K=256)
[2026-06-01 12:50:03] 
[2026-06-01 12:50:03]   --- storage_sstore_k256_run1 (ubt) write-offset=20100000000 K=256 ---
[2026-06-01 12:50:03]   [geth] Stopping (SIGTERM, waiting up to 120s for clean exit): 1135748
[2026-06-01 12:50:04]   [geth] exited cleanly after 1s
[2026-06-01 12:50:04]   [cache] OS page cache dropped
Fatal: Could not create the account: account already exists
[2026-06-01 12:50:04]   [geth] Starting (ubt, gd=5, cold=1, dev.period=1, 1tx/block)
[2026-06-01 12:50:04]   [geth] Waiting for RPC...
[2026-06-01 12:50:07]   [geth] RPC ready after 3s
[2026-06-01 12:50:07]   [bench] Running execute remote...
[2026-06-01 12:50:14]   [bench] exit=0 passed=1 failed=0
0 missing_trie_node=0
0
[2026-06-01 12:50:14] 
[2026-06-01 12:50:14]   --- storage_sstore_k256_run2 (ubt) write-offset=20200000000 K=256 ---
[2026-06-01 12:50:14]   [geth] Stopping (SIGTERM, waiting up to 120s for clean exit): 1135847
[2026-06-01 12:50:15]   [geth] exited cleanly after 1s
[2026-06-01 12:50:15]   [cache] OS page cache dropped
Fatal: Could not create the account: account already exists
[2026-06-01 12:50:15]   [geth] Starting (ubt, gd=5, cold=1, dev.period=1, 1tx/block)
[2026-06-01 12:50:15]   [geth] Waiting for RPC...
[2026-06-01 12:50:17]   [geth] RPC ready after 3s
[2026-06-01 12:50:17]   [bench] Running execute remote...
[2026-06-01 12:50:25]   [bench] exit=0 passed=1 failed=0
0 missing_trie_node=0
0
[2026-06-01 12:50:25] 
[2026-06-01 12:50:25]   --- storage_sstore_k256_run3 (ubt) write-offset=20300000000 K=256 ---
[2026-06-01 12:50:25]   [geth] Stopping (SIGTERM, waiting up to 120s for clean exit): 1135922
[2026-06-01 12:50:26]   [geth] exited cleanly after 1s
[2026-06-01 12:50:26]   [cache] OS page cache dropped
Fatal: Could not create the account: account already exists
[2026-06-01 12:50:26]   [geth] Starting (ubt, gd=5, cold=1, dev.period=1, 1tx/block)
[2026-06-01 12:50:26]   [geth] Waiting for RPC...
[2026-06-01 12:50:28]   [geth] RPC ready after 3s
[2026-06-01 12:50:28]   [bench] Running execute remote...
[2026-06-01 12:50:36]   [bench] exit=0 passed=1 failed=0
0 missing_trie_node=0
0
[2026-06-01 12:50:36] 
[2026-06-01 12:50:36]   --- storage_sstore_k256_run4 (ubt) write-offset=20400000000 K=256 ---
[2026-06-01 12:50:36]   [geth] Stopping (SIGTERM, waiting up to 120s for clean exit): 1135997
[2026-06-01 12:50:37]   [geth] exited cleanly after 1s
[2026-06-01 12:50:37]   [cache] OS page cache dropped
Fatal: Could not create the account: account already exists
[2026-06-01 12:50:37]   [geth] Starting (ubt, gd=5, cold=1, dev.period=1, 1tx/block)
[2026-06-01 12:50:37]   [geth] Waiting for RPC...
[2026-06-01 12:50:39]   [geth] RPC ready after 3s
[2026-06-01 12:50:39]   [bench] Running execute remote...
[2026-06-01 12:50:46]   [bench] exit=0 passed=1 failed=0
0 missing_trie_node=0
0
[2026-06-01 12:50:46] 
[2026-06-01 12:50:46]   --- storage_sstore_k256_run5 (ubt) write-offset=20500000000 K=256 ---
[2026-06-01 12:50:46]   [geth] Stopping (SIGTERM, waiting up to 120s for clean exit): 1136070
[2026-06-01 12:50:47]   [geth] exited cleanly after 1s
[2026-06-01 12:50:48]   [cache] OS page cache dropped
Fatal: Could not create the account: account already exists
[2026-06-01 12:50:48]   [geth] Starting (ubt, gd=5, cold=1, dev.period=1, 1tx/block)
[2026-06-01 12:50:48]   [geth] Waiting for RPC...
[2026-06-01 12:50:50]   [geth] RPC ready after 3s
[2026-06-01 12:50:50]   [bench] Running execute remote...
[2026-06-01 12:50:57]   [bench] exit=0 passed=1 failed=0
0 missing_trie_node=0
0
[2026-06-01 12:50:57] 
[2026-06-01 12:50:57]   --- storage_sstore_k256_run6 (ubt) write-offset=20600000000 K=256 ---
[2026-06-01 12:50:57]   [geth] Stopping (SIGTERM, waiting up to 120s for clean exit): 1136145
[2026-06-01 12:50:58]   [geth] exited cleanly after 1s
[2026-06-01 12:50:58]   [cache] OS page cache dropped
Fatal: Could not create the account: account already exists
[2026-06-01 12:50:59]   [geth] Starting (ubt, gd=5, cold=1, dev.period=1, 1tx/block)
[2026-06-01 12:50:59]   [geth] Waiting for RPC...
[2026-06-01 12:51:01]   [geth] RPC ready after 3s
[2026-06-01 12:51:01]   [bench] Running execute remote...
[2026-06-01 12:51:08]   [bench] exit=0 passed=1 failed=0
0 missing_trie_node=0
0
[2026-06-01 12:51:08] 
[2026-06-01 12:51:08]   --- storage_sstore_k256_run7 (ubt) write-offset=20700000000 K=256 ---
[2026-06-01 12:51:08]   [geth] Stopping (SIGTERM, waiting up to 120s for clean exit): 1136221
[2026-06-01 12:51:09]   [geth] exited cleanly after 1s
[2026-06-01 12:51:09]   [cache] OS page cache dropped
Fatal: Could not create the account: account already exists
[2026-06-01 12:51:09]   [geth] Starting (ubt, gd=5, cold=1, dev.period=1, 1tx/block)
[2026-06-01 12:51:09]   [geth] Waiting for RPC...
[2026-06-01 12:51:11]   [geth] RPC ready after 3s
[2026-06-01 12:51:11]   [bench] Running execute remote...
[2026-06-01 12:51:19]   [bench] exit=0 passed=1 failed=0
0 missing_trie_node=0
0
[2026-06-01 12:51:19] 
[2026-06-01 12:51:19]   --- storage_sstore_k256_run8 (ubt) write-offset=20800000000 K=256 ---
[2026-06-01 12:51:19]   [geth] Stopping (SIGTERM, waiting up to 120s for clean exit): 1136297
[2026-06-01 12:51:20]   [geth] exited cleanly after 1s
[2026-06-01 12:51:20]   [cache] OS page cache dropped
Fatal: Could not create the account: account already exists
[2026-06-01 12:51:20]   [geth] Starting (ubt, gd=5, cold=1, dev.period=1, 1tx/block)
[2026-06-01 12:51:20]   [geth] Waiting for RPC...
[2026-06-01 12:51:22]   [geth] RPC ready after 3s
[2026-06-01 12:51:22]   [bench] Running execute remote...
[2026-06-01 12:51:30]   [bench] exit=0 passed=1 failed=0
0 missing_trie_node=0
0
[2026-06-01 12:51:30] 
[2026-06-01 12:51:30]   --- storage_sstore_k256_run9 (ubt) write-offset=20900000000 K=256 ---
[2026-06-01 12:51:30]   [geth] Stopping (SIGTERM, waiting up to 120s for clean exit): 1136372
[2026-06-01 12:51:31]   [geth] exited cleanly after 1s
[2026-06-01 12:51:31]   [cache] OS page cache dropped
Fatal: Could not create the account: account already exists
[2026-06-01 12:51:31]   [geth] Starting (ubt, gd=5, cold=1, dev.period=1, 1tx/block)
[2026-06-01 12:51:31]   [geth] Waiting for RPC...
[2026-06-01 12:51:33]   [geth] RPC ready after 3s
[2026-06-01 12:51:33]   [bench] Running execute remote...
[2026-06-01 12:51:40]   [bench] exit=0 passed=1 failed=0
0 missing_trie_node=0
0
[2026-06-01 12:51:40] 
[2026-06-01 12:51:40]   --- storage_sstore_k256_run10 (ubt) write-offset=21000000000 K=256 ---
[2026-06-01 12:51:40]   [geth] Stopping (SIGTERM, waiting up to 120s for clean exit): 1136447
[2026-06-01 12:51:41]   [geth] exited cleanly after 1s
[2026-06-01 12:51:41]   [cache] OS page cache dropped
Fatal: Could not create the account: account already exists
[2026-06-01 12:51:41]   [geth] Starting (ubt, gd=5, cold=1, dev.period=1, 1tx/block)
[2026-06-01 12:51:41]   [geth] Waiting for RPC...
[2026-06-01 12:51:43]   [geth] RPC ready after 3s
[2026-06-01 12:51:43]   [bench] Running execute remote...
[2026-06-01 12:51:51]   [bench] exit=0 passed=1 failed=0
0 missing_trie_node=0
0
[2026-06-01 12:51:51] 
[2026-06-01 12:51:51]   --- storage_sstore_k256_run11 (ubt) write-offset=21100000000 K=256 ---
[2026-06-01 12:51:51]   [geth] Stopping (SIGTERM, waiting up to 120s for clean exit): 1136522
[2026-06-01 12:51:52]   [geth] exited cleanly after 1s
[2026-06-01 12:51:52]   [cache] OS page cache dropped
Fatal: Could not create the account: account already exists
[2026-06-01 12:51:52]   [geth] Starting (ubt, gd=5, cold=1, dev.period=1, 1tx/block)
[2026-06-01 12:51:52]   [geth] Waiting for RPC...
[2026-06-01 12:51:54]   [geth] RPC ready after 3s
[2026-06-01 12:51:54]   [bench] Running execute remote...
[2026-06-01 12:52:01]   [bench] exit=0 passed=1 failed=0
0 missing_trie_node=0
0
[2026-06-01 12:52:01] 
[2026-06-01 12:52:01]   --- storage_sstore_k256_run12 (ubt) write-offset=21200000000 K=256 ---
[2026-06-01 12:52:01]   [geth] Stopping (SIGTERM, waiting up to 120s for clean exit): 1136598
[2026-06-01 12:52:02]   [geth] exited cleanly after 1s
[2026-06-01 12:52:03]   [cache] OS page cache dropped
Fatal: Could not create the account: account already exists
[2026-06-01 12:52:03]   [geth] Starting (ubt, gd=5, cold=1, dev.period=1, 1tx/block)
[2026-06-01 12:52:03]   [geth] Waiting for RPC...
[2026-06-01 12:52:05]   [geth] RPC ready after 3s
[2026-06-01 12:52:05]   [bench] Running execute remote...
[2026-06-01 12:52:13]   [bench] exit=0 passed=1 failed=0
0 missing_trie_node=0
0
[2026-06-01 12:52:13] 
[2026-06-01 12:52:13]   --- storage_sstore_k256_run13 (ubt) write-offset=21300000000 K=256 ---
[2026-06-01 12:52:13]   [geth] Stopping (SIGTERM, waiting up to 120s for clean exit): 1136672
[2026-06-01 12:52:14]   [geth] exited cleanly after 1s
[2026-06-01 12:52:14]   [cache] OS page cache dropped
Fatal: Could not create the account: account already exists
[2026-06-01 12:52:15]   [geth] Starting (ubt, gd=5, cold=1, dev.period=1, 1tx/block)
[2026-06-01 12:52:15]   [geth] Waiting for RPC...
[2026-06-01 12:52:17]   [geth] RPC ready after 3s
[2026-06-01 12:52:17]   [bench] Running execute remote...
[2026-06-01 12:52:24]   [bench] exit=0 passed=1 failed=0
0 missing_trie_node=0
0
[2026-06-01 12:52:24] 
[2026-06-01 12:52:24]   --- storage_sstore_k256_run14 (ubt) write-offset=21400000000 K=256 ---
[2026-06-01 12:52:24]   [geth] Stopping (SIGTERM, waiting up to 120s for clean exit): 1136750
[2026-06-01 12:52:25]   [geth] exited cleanly after 1s
[2026-06-01 12:52:25]   [cache] OS page cache dropped
Fatal: Could not create the account: account already exists
[2026-06-01 12:52:25]   [geth] Starting (ubt, gd=5, cold=1, dev.period=1, 1tx/block)
[2026-06-01 12:52:25]   [geth] Waiting for RPC...
[2026-06-01 12:52:28]   [geth] RPC ready after 3s
[2026-06-01 12:52:28]   [bench] Running execute remote...
[2026-06-01 12:52:34]   [bench] exit=0 passed=1 failed=0
0 missing_trie_node=0
0
[2026-06-01 12:52:34] 
[2026-06-01 12:52:34]   --- storage_sstore_k256_run15 (ubt) write-offset=21500000000 K=256 ---
[2026-06-01 12:52:34]   [geth] Stopping (SIGTERM, waiting up to 120s for clean exit): 1136826
[2026-06-01 12:52:35]   [geth] exited cleanly after 1s
[2026-06-01 12:52:35]   [cache] OS page cache dropped
Fatal: Could not create the account: account already exists
[2026-06-01 12:52:35]   [geth] Starting (ubt, gd=5, cold=1, dev.period=1, 1tx/block)
[2026-06-01 12:52:35]   [geth] Waiting for RPC...
[2026-06-01 12:52:37]   [geth] RPC ready after 3s
[2026-06-01 12:52:37]   [bench] Running execute remote...
[2026-06-01 12:52:45]   [bench] exit=0 passed=1 failed=0
0 missing_trie_node=0
0
[2026-06-01 12:52:45] 
[2026-06-01 12:52:45]   --- storage_sstore_k256_run16 (ubt) write-offset=21600000000 K=256 ---
[2026-06-01 12:52:45]   [geth] Stopping (SIGTERM, waiting up to 120s for clean exit): 1136901
[2026-06-01 12:52:46]   [geth] exited cleanly after 1s
[2026-06-01 12:52:46]   [cache] OS page cache dropped
Fatal: Could not create the account: account already exists
[2026-06-01 12:52:46]   [geth] Starting (ubt, gd=5, cold=1, dev.period=1, 1tx/block)
[2026-06-01 12:52:46]   [geth] Waiting for RPC...
[2026-06-01 12:52:48]   [geth] RPC ready after 3s
[2026-06-01 12:52:48]   [bench] Running execute remote...
[2026-06-01 12:52:56]   [bench] exit=0 passed=1 failed=0
0 missing_trie_node=0
0
[2026-06-01 12:52:56] 
[2026-06-01 12:52:56]   --- storage_sstore_k256_run17 (ubt) write-offset=21700000000 K=256 ---
[2026-06-01 12:52:56]   [geth] Stopping (SIGTERM, waiting up to 120s for clean exit): 1136983
[2026-06-01 12:52:57]   [geth] exited cleanly after 1s
[2026-06-01 12:52:57]   [cache] OS page cache dropped
Fatal: Could not create the account: account already exists
[2026-06-01 12:52:57]   [geth] Starting (ubt, gd=5, cold=1, dev.period=1, 1tx/block)
[2026-06-01 12:52:57]   [geth] Waiting for RPC...
[2026-06-01 12:52:59]   [geth] RPC ready after 3s
[2026-06-01 12:52:59]   [bench] Running execute remote...
[2026-06-01 12:53:06]   [bench] exit=0 passed=1 failed=0
0 missing_trie_node=0
0
[2026-06-01 12:53:06] 
[2026-06-01 12:53:06]   --- storage_sstore_k256_run18 (ubt) write-offset=21800000000 K=256 ---
[2026-06-01 12:53:06]   [geth] Stopping (SIGTERM, waiting up to 120s for clean exit): 1137095
[2026-06-01 12:53:07]   [geth] exited cleanly after 1s
[2026-06-01 12:53:08]   [cache] OS page cache dropped
Fatal: Could not create the account: account already exists
[2026-06-01 12:53:08]   [geth] Starting (ubt, gd=5, cold=1, dev.period=1, 1tx/block)
[2026-06-01 12:53:08]   [geth] Waiting for RPC...
[2026-06-01 12:53:10]   [geth] RPC ready after 3s
[2026-06-01 12:53:10]   [bench] Running execute remote...
[2026-06-01 12:53:17]   [bench] exit=0 passed=1 failed=0
0 missing_trie_node=0
0
[2026-06-01 12:53:17] 
[2026-06-01 12:53:17]   --- storage_sstore_k256_run19 (ubt) write-offset=21900000000 K=256 ---
[2026-06-01 12:53:17]   [geth] Stopping (SIGTERM, waiting up to 120s for clean exit): 1137170
[2026-06-01 12:53:18]   [geth] exited cleanly after 1s
[2026-06-01 12:53:18]   [cache] OS page cache dropped
Fatal: Could not create the account: account already exists
[2026-06-01 12:53:19]   [geth] Starting (ubt, gd=5, cold=1, dev.period=1, 1tx/block)
[2026-06-01 12:53:19]   [geth] Waiting for RPC...
[2026-06-01 12:53:21]   [geth] RPC ready after 3s
[2026-06-01 12:53:21]   [bench] Running execute remote...
[2026-06-01 12:53:28]   [bench] exit=0 passed=1 failed=0
0 missing_trie_node=0
0
[2026-06-01 12:53:28] 
[2026-06-01 12:53:28]   --- storage_sstore_k256_run20 (ubt) write-offset=22000000000 K=256 ---
[2026-06-01 12:53:28]   [geth] Stopping (SIGTERM, waiting up to 120s for clean exit): 1137244
[2026-06-01 12:53:29]   [geth] exited cleanly after 1s
[2026-06-01 12:53:29]   [cache] OS page cache dropped
Fatal: Could not create the account: account already exists
[2026-06-01 12:53:29]   [geth] Starting (ubt, gd=5, cold=1, dev.period=1, 1tx/block)
[2026-06-01 12:53:29]   [geth] Waiting for RPC...
[2026-06-01 12:53:31]   [geth] RPC ready after 3s
[2026-06-01 12:53:32]   [bench] Running execute remote...
[2026-06-01 12:53:39]   [bench] exit=0 passed=1 failed=0
0 missing_trie_node=0
0
[2026-06-01 12:53:39] 
[2026-06-01 12:53:39]   ── BENCHMARK: storage_mixed_k1 (pool=256 contracts; effective K=1)
[2026-06-01 12:53:39] 
[2026-06-01 12:53:39]   --- storage_mixed_k1_run1 (ubt) write-offset=20100000000 K=1 ---
[2026-06-01 12:53:39]   [geth] Stopping (SIGTERM, waiting up to 120s for clean exit): 1137319
[2026-06-01 12:53:40]   [geth] exited cleanly after 1s
[2026-06-01 12:53:40]   [cache] OS page cache dropped
Fatal: Could not create the account: account already exists
[2026-06-01 12:53:40]   [geth] Starting (ubt, gd=5, cold=1, dev.period=1, 1tx/block)
[2026-06-01 12:53:40]   [geth] Waiting for RPC...
[2026-06-01 12:53:42]   [geth] RPC ready after 3s
[2026-06-01 12:53:42]   [bench] Running execute remote...
[2026-06-01 12:53:49]   [bench] exit=0 passed=1 failed=0
0 missing_trie_node=0
0
[2026-06-01 12:53:49] 
[2026-06-01 12:53:49]   --- storage_mixed_k1_run2 (ubt) write-offset=20200000000 K=1 ---
[2026-06-01 12:53:49]   [geth] Stopping (SIGTERM, waiting up to 120s for clean exit): 1137421
[2026-06-01 12:53:50]   [geth] exited cleanly after 1s
[2026-06-01 12:53:50]   [cache] OS page cache dropped
Fatal: Could not create the account: account already exists
[2026-06-01 12:53:50]   [geth] Starting (ubt, gd=5, cold=1, dev.period=1, 1tx/block)
[2026-06-01 12:53:50]   [geth] Waiting for RPC...
[2026-06-01 12:53:52]   [geth] RPC ready after 3s
[2026-06-01 12:53:52]   [bench] Running execute remote...
[2026-06-01 12:53:59]   [bench] exit=0 passed=1 failed=0
0 missing_trie_node=0
0
[2026-06-01 12:53:59] 
[2026-06-01 12:53:59]   --- storage_mixed_k1_run3 (ubt) write-offset=20300000000 K=1 ---
[2026-06-01 12:53:59]   [geth] Stopping (SIGTERM, waiting up to 120s for clean exit): 1137493
[2026-06-01 12:54:00]   [geth] exited cleanly after 1s
[2026-06-01 12:54:00]   [cache] OS page cache dropped
Fatal: Could not create the account: account already exists
[2026-06-01 12:54:00]   [geth] Starting (ubt, gd=5, cold=1, dev.period=1, 1tx/block)
[2026-06-01 12:54:00]   [geth] Waiting for RPC...
[2026-06-01 12:54:02]   [geth] RPC ready after 3s
[2026-06-01 12:54:02]   [bench] Running execute remote...
[2026-06-01 12:54:09]   [bench] exit=0 passed=1 failed=0
0 missing_trie_node=0
0
[2026-06-01 12:54:09] 
[2026-06-01 12:54:09]   --- storage_mixed_k1_run4 (ubt) write-offset=20400000000 K=1 ---
[2026-06-01 12:54:09]   [geth] Stopping (SIGTERM, waiting up to 120s for clean exit): 1137572
[2026-06-01 12:54:10]   [geth] exited cleanly after 1s
[2026-06-01 12:54:10]   [cache] OS page cache dropped
Fatal: Could not create the account: account already exists
[2026-06-01 12:54:10]   [geth] Starting (ubt, gd=5, cold=1, dev.period=1, 1tx/block)
[2026-06-01 12:54:10]   [geth] Waiting for RPC...
[2026-06-01 12:54:12]   [geth] RPC ready after 3s
[2026-06-01 12:54:12]   [bench] Running execute remote...
[2026-06-01 12:54:18]   [bench] exit=0 passed=1 failed=0
0 missing_trie_node=0
0
[2026-06-01 12:54:18] 
[2026-06-01 12:54:18]   --- storage_mixed_k1_run5 (ubt) write-offset=20500000000 K=1 ---
[2026-06-01 12:54:18]   [geth] Stopping (SIGTERM, waiting up to 120s for clean exit): 1137648
[2026-06-01 12:54:19]   [geth] exited cleanly after 1s
[2026-06-01 12:54:20]   [cache] OS page cache dropped
Fatal: Could not create the account: account already exists
[2026-06-01 12:54:20]   [geth] Starting (ubt, gd=5, cold=1, dev.period=1, 1tx/block)
[2026-06-01 12:54:20]   [geth] Waiting for RPC...
[2026-06-01 12:54:22]   [geth] RPC ready after 3s
[2026-06-01 12:54:22]   [bench] Running execute remote...
[2026-06-01 12:54:28]   [bench] exit=0 passed=1 failed=0
0 missing_trie_node=0
0
[2026-06-01 12:54:28] 
[2026-06-01 12:54:28]   --- storage_mixed_k1_run6 (ubt) write-offset=20600000000 K=1 ---
[2026-06-01 12:54:28]   [geth] Stopping (SIGTERM, waiting up to 120s for clean exit): 1137722
[2026-06-01 12:54:29]   [geth] exited cleanly after 1s
[2026-06-01 12:54:30]   [cache] OS page cache dropped
Fatal: Could not create the account: account already exists
[2026-06-01 12:54:30]   [geth] Starting (ubt, gd=5, cold=1, dev.period=1, 1tx/block)
[2026-06-01 12:54:30]   [geth] Waiting for RPC...
[2026-06-01 12:54:32]   [geth] RPC ready after 3s
[2026-06-01 12:54:32]   [bench] Running execute remote...
[2026-06-01 12:54:38]   [bench] exit=0 passed=1 failed=0
0 missing_trie_node=0
0
[2026-06-01 12:54:38] 
[2026-06-01 12:54:38]   --- storage_mixed_k1_run7 (ubt) write-offset=20700000000 K=1 ---
[2026-06-01 12:54:38]   [geth] Stopping (SIGTERM, waiting up to 120s for clean exit): 1137801
[2026-06-01 12:54:39]   [geth] exited cleanly after 1s
[2026-06-01 12:54:39]   [cache] OS page cache dropped
Fatal: Could not create the account: account already exists
[2026-06-01 12:54:39]   [geth] Starting (ubt, gd=5, cold=1, dev.period=1, 1tx/block)
[2026-06-01 12:54:39]   [geth] Waiting for RPC...
[2026-06-01 12:54:41]   [geth] RPC ready after 3s
[2026-06-01 12:54:41]   [bench] Running execute remote...
[2026-06-01 12:54:48]   [bench] exit=0 passed=1 failed=0
0 missing_trie_node=0
0
[2026-06-01 12:54:48] 
[2026-06-01 12:54:48]   --- storage_mixed_k1_run8 (ubt) write-offset=20800000000 K=1 ---
[2026-06-01 12:54:48]   [geth] Stopping (SIGTERM, waiting up to 120s for clean exit): 1137887
[2026-06-01 12:54:49]   [geth] exited cleanly after 1s
[2026-06-01 12:54:49]   [cache] OS page cache dropped
Fatal: Could not create the account: account already exists
[2026-06-01 12:54:49]   [geth] Starting (ubt, gd=5, cold=1, dev.period=1, 1tx/block)
[2026-06-01 12:54:49]   [geth] Waiting for RPC...
[2026-06-01 12:54:51]   [geth] RPC ready after 3s
[2026-06-01 12:54:51]   [bench] Running execute remote...
[2026-06-01 12:54:58]   [bench] exit=0 passed=1 failed=0
0 missing_trie_node=0
0
[2026-06-01 12:54:58] 
[2026-06-01 12:54:58]   --- storage_mixed_k1_run9 (ubt) write-offset=20900000000 K=1 ---
[2026-06-01 12:54:58]   [geth] Stopping (SIGTERM, waiting up to 120s for clean exit): 1137962
[2026-06-01 12:54:59]   [geth] exited cleanly after 1s
[2026-06-01 12:54:59]   [cache] OS page cache dropped
Fatal: Could not create the account: account already exists
[2026-06-01 12:54:59]   [geth] Starting (ubt, gd=5, cold=1, dev.period=1, 1tx/block)
[2026-06-01 12:54:59]   [geth] Waiting for RPC...
[2026-06-01 12:55:01]   [geth] RPC ready after 3s
[2026-06-01 12:55:01]   [bench] Running execute remote...
[2026-06-01 12:55:07]   [bench] exit=0 passed=1 failed=0
0 missing_trie_node=0
0
[2026-06-01 12:55:07] 
[2026-06-01 12:55:07]   --- storage_mixed_k1_run10 (ubt) write-offset=21000000000 K=1 ---
[2026-06-01 12:55:07]   [geth] Stopping (SIGTERM, waiting up to 120s for clean exit): 1138039
[2026-06-01 12:55:08]   [geth] exited cleanly after 1s
[2026-06-01 12:55:08]   [cache] OS page cache dropped
Fatal: Could not create the account: account already exists
[2026-06-01 12:55:09]   [geth] Starting (ubt, gd=5, cold=1, dev.period=1, 1tx/block)
[2026-06-01 12:55:09]   [geth] Waiting for RPC...
[2026-06-01 12:55:11]   [geth] RPC ready after 3s
[2026-06-01 12:55:11]   [bench] Running execute remote...
[2026-06-01 12:55:17]   [bench] exit=0 passed=1 failed=0
0 missing_trie_node=0
0
[2026-06-01 12:55:17] 
[2026-06-01 12:55:17]   --- storage_mixed_k1_run11 (ubt) write-offset=21100000000 K=1 ---
[2026-06-01 12:55:17]   [geth] Stopping (SIGTERM, waiting up to 120s for clean exit): 1138114
[2026-06-01 12:55:18]   [geth] exited cleanly after 1s
[2026-06-01 12:55:18]   [cache] OS page cache dropped
Fatal: Could not create the account: account already exists
[2026-06-01 12:55:18]   [geth] Starting (ubt, gd=5, cold=1, dev.period=1, 1tx/block)
[2026-06-01 12:55:18]   [geth] Waiting for RPC...
[2026-06-01 12:55:20]   [geth] RPC ready after 3s
[2026-06-01 12:55:20]   [bench] Running execute remote...
[2026-06-01 12:55:27]   [bench] exit=0 passed=1 failed=0
0 missing_trie_node=0
0
[2026-06-01 12:55:27] 
[2026-06-01 12:55:27]   --- storage_mixed_k1_run12 (ubt) write-offset=21200000000 K=1 ---
[2026-06-01 12:55:27]   [geth] Stopping (SIGTERM, waiting up to 120s for clean exit): 1138189
[2026-06-01 12:55:28]   [geth] exited cleanly after 1s
[2026-06-01 12:55:28]   [cache] OS page cache dropped
Fatal: Could not create the account: account already exists
[2026-06-01 12:55:28]   [geth] Starting (ubt, gd=5, cold=1, dev.period=1, 1tx/block)
[2026-06-01 12:55:28]   [geth] Waiting for RPC...
[2026-06-01 12:55:30]   [geth] RPC ready after 3s
[2026-06-01 12:55:30]   [bench] Running execute remote...
[2026-06-01 12:55:36]   [bench] exit=0 passed=1 failed=0
0 missing_trie_node=0
0
[2026-06-01 12:55:36] 
[2026-06-01 12:55:36]   --- storage_mixed_k1_run13 (ubt) write-offset=21300000000 K=1 ---
[2026-06-01 12:55:36]   [geth] Stopping (SIGTERM, waiting up to 120s for clean exit): 1138265
[2026-06-01 12:55:37]   [geth] exited cleanly after 1s
[2026-06-01 12:55:37]   [cache] OS page cache dropped
Fatal: Could not create the account: account already exists
[2026-06-01 12:55:38]   [geth] Starting (ubt, gd=5, cold=1, dev.period=1, 1tx/block)
[2026-06-01 12:55:38]   [geth] Waiting for RPC...
[2026-06-01 12:55:40]   [geth] RPC ready after 3s
[2026-06-01 12:55:40]   [bench] Running execute remote...
[2026-06-01 12:55:46]   [bench] exit=0 passed=1 failed=0
0 missing_trie_node=0
0
[2026-06-01 12:55:46] 
[2026-06-01 12:55:46]   --- storage_mixed_k1_run14 (ubt) write-offset=21400000000 K=1 ---
[2026-06-01 12:55:46]   [geth] Stopping (SIGTERM, waiting up to 120s for clean exit): 1138339
[2026-06-01 12:55:47]   [geth] exited cleanly after 1s
[2026-06-01 12:55:47]   [cache] OS page cache dropped
Fatal: Could not create the account: account already exists
[2026-06-01 12:55:47]   [geth] Starting (ubt, gd=5, cold=1, dev.period=1, 1tx/block)
[2026-06-01 12:55:47]   [geth] Waiting for RPC...
[2026-06-01 12:55:49]   [geth] RPC ready after 3s
[2026-06-01 12:55:49]   [bench] Running execute remote...
[2026-06-01 12:55:56]   [bench] exit=0 passed=1 failed=0
0 missing_trie_node=0
0
[2026-06-01 12:55:56] 
[2026-06-01 12:55:56]   --- storage_mixed_k1_run15 (ubt) write-offset=21500000000 K=1 ---
[2026-06-01 12:55:56]   [geth] Stopping (SIGTERM, waiting up to 120s for clean exit): 1138413
[2026-06-01 12:55:57]   [geth] exited cleanly after 1s
[2026-06-01 12:55:57]   [cache] OS page cache dropped
Fatal: Could not create the account: account already exists
[2026-06-01 12:55:57]   [geth] Starting (ubt, gd=5, cold=1, dev.period=1, 1tx/block)
[2026-06-01 12:55:57]   [geth] Waiting for RPC...
[2026-06-01 12:55:59]   [geth] RPC ready after 3s
[2026-06-01 12:55:59]   [bench] Running execute remote...
[2026-06-01 12:56:06]   [bench] exit=0 passed=1 failed=0
0 missing_trie_node=0
0
[2026-06-01 12:56:06] 
[2026-06-01 12:56:06]   --- storage_mixed_k1_run16 (ubt) write-offset=21600000000 K=1 ---
[2026-06-01 12:56:06]   [geth] Stopping (SIGTERM, waiting up to 120s for clean exit): 1138492
[2026-06-01 12:56:07]   [geth] exited cleanly after 1s
[2026-06-01 12:56:07]   [cache] OS page cache dropped
Fatal: Could not create the account: account already exists
[2026-06-01 12:56:07]   [geth] Starting (ubt, gd=5, cold=1, dev.period=1, 1tx/block)
[2026-06-01 12:56:07]   [geth] Waiting for RPC...
[2026-06-01 12:56:09]   [geth] RPC ready after 3s
[2026-06-01 12:56:09]   [bench] Running execute remote...
[2026-06-01 12:56:15]   [bench] exit=0 passed=1 failed=0
0 missing_trie_node=0
0
[2026-06-01 12:56:15] 
[2026-06-01 12:56:15]   --- storage_mixed_k1_run17 (ubt) write-offset=21700000000 K=1 ---
[2026-06-01 12:56:15]   [geth] Stopping (SIGTERM, waiting up to 120s for clean exit): 1138568
[2026-06-01 12:56:16]   [geth] exited cleanly after 1s
[2026-06-01 12:56:16]   [cache] OS page cache dropped
Fatal: Could not create the account: account already exists
[2026-06-01 12:56:16]   [geth] Starting (ubt, gd=5, cold=1, dev.period=1, 1tx/block)
[2026-06-01 12:56:16]   [geth] Waiting for RPC...
[2026-06-01 12:56:18]   [geth] RPC ready after 3s
[2026-06-01 12:56:18]   [bench] Running execute remote...
[2026-06-01 12:56:25]   [bench] exit=0 passed=1 failed=0
0 missing_trie_node=0
0
[2026-06-01 12:56:25] 
[2026-06-01 12:56:25]   --- storage_mixed_k1_run18 (ubt) write-offset=21800000000 K=1 ---
[2026-06-01 12:56:25]   [geth] Stopping (SIGTERM, waiting up to 120s for clean exit): 1138643
[2026-06-01 12:56:26]   [geth] exited cleanly after 1s
[2026-06-01 12:56:26]   [cache] OS page cache dropped
Fatal: Could not create the account: account already exists
[2026-06-01 12:56:26]   [geth] Starting (ubt, gd=5, cold=1, dev.period=1, 1tx/block)
[2026-06-01 12:56:26]   [geth] Waiting for RPC...
[2026-06-01 12:56:28]   [geth] RPC ready after 3s
[2026-06-01 12:56:28]   [bench] Running execute remote...
[2026-06-01 12:56:35]   [bench] exit=0 passed=1 failed=0
0 missing_trie_node=0
0
[2026-06-01 12:56:35] 
[2026-06-01 12:56:35]   --- storage_mixed_k1_run19 (ubt) write-offset=21900000000 K=1 ---
[2026-06-01 12:56:35]   [geth] Stopping (SIGTERM, waiting up to 120s for clean exit): 1138716
[2026-06-01 12:56:36]   [geth] exited cleanly after 1s
[2026-06-01 12:56:36]   [cache] OS page cache dropped
Fatal: Could not create the account: account already exists
[2026-06-01 12:56:36]   [geth] Starting (ubt, gd=5, cold=1, dev.period=1, 1tx/block)
[2026-06-01 12:56:36]   [geth] Waiting for RPC...
[2026-06-01 12:56:38]   [geth] RPC ready after 3s
[2026-06-01 12:56:38]   [bench] Running execute remote...
[2026-06-01 12:56:44]   [bench] exit=0 passed=1 failed=0
0 missing_trie_node=0
0
[2026-06-01 12:56:44] 
[2026-06-01 12:56:44]   --- storage_mixed_k1_run20 (ubt) write-offset=22000000000 K=1 ---
[2026-06-01 12:56:44]   [geth] Stopping (SIGTERM, waiting up to 120s for clean exit): 1138793
[2026-06-01 12:56:45]   [geth] exited cleanly after 1s
[2026-06-01 12:56:45]   [cache] OS page cache dropped
Fatal: Could not create the account: account already exists
[2026-06-01 12:56:45]   [geth] Starting (ubt, gd=5, cold=1, dev.period=1, 1tx/block)
[2026-06-01 12:56:45]   [geth] Waiting for RPC...
[2026-06-01 12:56:47]   [geth] RPC ready after 3s
[2026-06-01 12:56:47]   [bench] Running execute remote...
[2026-06-01 12:56:54]   [bench] exit=0 passed=1 failed=0
0 missing_trie_node=0
0
[2026-06-01 12:56:54] 
[2026-06-01 12:56:54]   ── BENCHMARK: storage_mixed_k10 (pool=256 contracts; effective K=10)
[2026-06-01 12:56:54] 
[2026-06-01 12:56:54]   --- storage_mixed_k10_run1 (ubt) write-offset=20100000000 K=10 ---
[2026-06-01 12:56:54]   [geth] Stopping (SIGTERM, waiting up to 120s for clean exit): 1138868
[2026-06-01 12:56:55]   [geth] exited cleanly after 1s
[2026-06-01 12:56:55]   [cache] OS page cache dropped
Fatal: Could not create the account: account already exists
[2026-06-01 12:56:55]   [geth] Starting (ubt, gd=5, cold=1, dev.period=1, 1tx/block)
[2026-06-01 12:56:55]   [geth] Waiting for RPC...
[2026-06-01 12:56:57]   [geth] RPC ready after 3s
[2026-06-01 12:56:57]   [bench] Running execute remote...
[2026-06-01 12:57:04]   [bench] exit=0 passed=1 failed=0
0 missing_trie_node=0
0
[2026-06-01 12:57:04] 
[2026-06-01 12:57:04]   --- storage_mixed_k10_run2 (ubt) write-offset=20200000000 K=10 ---
[2026-06-01 12:57:04]   [geth] Stopping (SIGTERM, waiting up to 120s for clean exit): 1138970
[2026-06-01 12:57:05]   [geth] exited cleanly after 1s
[2026-06-01 12:57:05]   [cache] OS page cache dropped
Fatal: Could not create the account: account already exists
[2026-06-01 12:57:05]   [geth] Starting (ubt, gd=5, cold=1, dev.period=1, 1tx/block)
[2026-06-01 12:57:05]   [geth] Waiting for RPC...
[2026-06-01 12:57:07]   [geth] RPC ready after 3s
[2026-06-01 12:57:07]   [bench] Running execute remote...
[2026-06-01 12:57:13]   [bench] exit=0 passed=1 failed=0
0 missing_trie_node=0
0
[2026-06-01 12:57:13] 
[2026-06-01 12:57:13]   --- storage_mixed_k10_run3 (ubt) write-offset=20300000000 K=10 ---
[2026-06-01 12:57:13]   [geth] Stopping (SIGTERM, waiting up to 120s for clean exit): 1139044
[2026-06-01 12:57:14]   [geth] exited cleanly after 1s
[2026-06-01 12:57:15]   [cache] OS page cache dropped
Fatal: Could not create the account: account already exists
[2026-06-01 12:57:15]   [geth] Starting (ubt, gd=5, cold=1, dev.period=1, 1tx/block)
[2026-06-01 12:57:15]   [geth] Waiting for RPC...
[2026-06-01 12:57:17]   [geth] RPC ready after 3s
[2026-06-01 12:57:17]   [bench] Running execute remote...
[2026-06-01 12:57:23]   [bench] exit=0 passed=1 failed=0
0 missing_trie_node=0
0
[2026-06-01 12:57:23] 
[2026-06-01 12:57:23]   --- storage_mixed_k10_run4 (ubt) write-offset=20400000000 K=10 ---
[2026-06-01 12:57:23]   [geth] Stopping (SIGTERM, waiting up to 120s for clean exit): 1139121
[2026-06-01 12:57:24]   [geth] exited cleanly after 1s
[2026-06-01 12:57:24]   [cache] OS page cache dropped
Fatal: Could not create the account: account already exists
[2026-06-01 12:57:24]   [geth] Starting (ubt, gd=5, cold=1, dev.period=1, 1tx/block)
[2026-06-01 12:57:24]   [geth] Waiting for RPC...
[2026-06-01 12:57:26]   [geth] RPC ready after 3s
[2026-06-01 12:57:26]   [bench] Running execute remote...
[2026-06-01 12:57:33]   [bench] exit=0 passed=1 failed=0
0 missing_trie_node=0
0
[2026-06-01 12:57:33] 
[2026-06-01 12:57:33]   --- storage_mixed_k10_run5 (ubt) write-offset=20500000000 K=10 ---
[2026-06-01 12:57:33]   [geth] Stopping (SIGTERM, waiting up to 120s for clean exit): 1139197
[2026-06-01 12:57:34]   [geth] exited cleanly after 1s
[2026-06-01 12:57:34]   [cache] OS page cache dropped
Fatal: Could not create the account: account already exists
[2026-06-01 12:57:34]   [geth] Starting (ubt, gd=5, cold=1, dev.period=1, 1tx/block)
[2026-06-01 12:57:34]   [geth] Waiting for RPC...
[2026-06-01 12:57:36]   [geth] RPC ready after 3s
[2026-06-01 12:57:36]   [bench] Running execute remote...
[2026-06-01 12:57:43]   [bench] exit=0 passed=1 failed=0
0 missing_trie_node=0
0
[2026-06-01 12:57:43] 
[2026-06-01 12:57:43]   --- storage_mixed_k10_run6 (ubt) write-offset=20600000000 K=10 ---
[2026-06-01 12:57:43]   [geth] Stopping (SIGTERM, waiting up to 120s for clean exit): 1139274
[2026-06-01 12:57:44]   [geth] exited cleanly after 1s
[2026-06-01 12:57:44]   [cache] OS page cache dropped
Fatal: Could not create the account: account already exists
[2026-06-01 12:57:44]   [geth] Starting (ubt, gd=5, cold=1, dev.period=1, 1tx/block)
[2026-06-01 12:57:44]   [geth] Waiting for RPC...
[2026-06-01 12:57:46]   [geth] RPC ready after 3s
[2026-06-01 12:57:46]   [bench] Running execute remote...
[2026-06-01 12:57:52]   [bench] exit=0 passed=1 failed=0
0 missing_trie_node=0
0
[2026-06-01 12:57:52] 
[2026-06-01 12:57:52]   --- storage_mixed_k10_run7 (ubt) write-offset=20700000000 K=10 ---
[2026-06-01 12:57:52]   [geth] Stopping (SIGTERM, waiting up to 120s for clean exit): 1139349
[2026-06-01 12:57:53]   [geth] exited cleanly after 1s
[2026-06-01 12:57:53]   [cache] OS page cache dropped
Fatal: Could not create the account: account already exists
[2026-06-01 12:57:53]   [geth] Starting (ubt, gd=5, cold=1, dev.period=1, 1tx/block)
[2026-06-01 12:57:53]   [geth] Waiting for RPC...
[2026-06-01 12:57:56]   [geth] RPC ready after 3s
[2026-06-01 12:57:56]   [bench] Running execute remote...
[2026-06-01 12:58:03]   [bench] exit=0 passed=1 failed=0
0 missing_trie_node=0
0
[2026-06-01 12:58:03] 
[2026-06-01 12:58:03]   --- storage_mixed_k10_run8 (ubt) write-offset=20800000000 K=10 ---
[2026-06-01 12:58:03]   [geth] Stopping (SIGTERM, waiting up to 120s for clean exit): 1139424
[2026-06-01 12:58:04]   [geth] exited cleanly after 1s
[2026-06-01 12:58:04]   [cache] OS page cache dropped
Fatal: Could not create the account: account already exists
[2026-06-01 12:58:04]   [geth] Starting (ubt, gd=5, cold=1, dev.period=1, 1tx/block)
[2026-06-01 12:58:04]   [geth] Waiting for RPC...
[2026-06-01 12:58:06]   [geth] RPC ready after 3s
[2026-06-01 12:58:06]   [bench] Running execute remote...
[2026-06-01 12:58:13]   [bench] exit=0 passed=1 failed=0
0 missing_trie_node=0
0
[2026-06-01 12:58:13] 
[2026-06-01 12:58:13]   --- storage_mixed_k10_run9 (ubt) write-offset=20900000000 K=10 ---
[2026-06-01 12:58:13]   [geth] Stopping (SIGTERM, waiting up to 120s for clean exit): 1139500
[2026-06-01 12:58:14]   [geth] exited cleanly after 1s
[2026-06-01 12:58:14]   [cache] OS page cache dropped
Fatal: Could not create the account: account already exists
[2026-06-01 12:58:14]   [geth] Starting (ubt, gd=5, cold=1, dev.period=1, 1tx/block)
[2026-06-01 12:58:14]   [geth] Waiting for RPC...
[2026-06-01 12:58:16]   [geth] RPC ready after 3s
[2026-06-01 12:58:16]   [bench] Running execute remote...
[2026-06-01 12:58:24]   [bench] exit=0 passed=1 failed=0
0 missing_trie_node=0
0
[2026-06-01 12:58:24] 
[2026-06-01 12:58:24]   --- storage_mixed_k10_run10 (ubt) write-offset=21000000000 K=10 ---
[2026-06-01 12:58:24]   [geth] Stopping (SIGTERM, waiting up to 120s for clean exit): 1139576
[2026-06-01 12:58:25]   [geth] exited cleanly after 1s
[2026-06-01 12:58:25]   [cache] OS page cache dropped
Fatal: Could not create the account: account already exists
[2026-06-01 12:58:25]   [geth] Starting (ubt, gd=5, cold=1, dev.period=1, 1tx/block)
[2026-06-01 12:58:25]   [geth] Waiting for RPC...
[2026-06-01 12:58:27]   [geth] RPC ready after 3s
[2026-06-01 12:58:27]   [bench] Running execute remote...
[2026-06-01 12:58:35]   [bench] exit=0 passed=1 failed=0
0 missing_trie_node=0
0
[2026-06-01 12:58:35] 
[2026-06-01 12:58:35]   --- storage_mixed_k10_run11 (ubt) write-offset=21100000000 K=10 ---
[2026-06-01 12:58:35]   [geth] Stopping (SIGTERM, waiting up to 120s for clean exit): 1139652
[2026-06-01 12:58:36]   [geth] exited cleanly after 1s
[2026-06-01 12:58:36]   [cache] OS page cache dropped
Fatal: Could not create the account: account already exists
[2026-06-01 12:58:36]   [geth] Starting (ubt, gd=5, cold=1, dev.period=1, 1tx/block)
[2026-06-01 12:58:36]   [geth] Waiting for RPC...
[2026-06-01 12:58:38]   [geth] RPC ready after 3s
[2026-06-01 12:58:38]   [bench] Running execute remote...
[2026-06-01 12:58:44]   [bench] exit=0 passed=1 failed=0
0 missing_trie_node=0
0
[2026-06-01 12:58:44] 
[2026-06-01 12:58:44]   --- storage_mixed_k10_run12 (ubt) write-offset=21200000000 K=10 ---
[2026-06-01 12:58:44]   [geth] Stopping (SIGTERM, waiting up to 120s for clean exit): 1139726
[2026-06-01 12:58:45]   [geth] exited cleanly after 1s
[2026-06-01 12:58:45]   [cache] OS page cache dropped
Fatal: Could not create the account: account already exists
[2026-06-01 12:58:46]   [geth] Starting (ubt, gd=5, cold=1, dev.period=1, 1tx/block)
[2026-06-01 12:58:46]   [geth] Waiting for RPC...
[2026-06-01 12:58:48]   [geth] RPC ready after 3s
[2026-06-01 12:58:48]   [bench] Running execute remote...
[2026-06-01 12:58:54]   [bench] exit=0 passed=1 failed=0
0 missing_trie_node=0
0
[2026-06-01 12:58:54] 
[2026-06-01 12:58:54]   --- storage_mixed_k10_run13 (ubt) write-offset=21300000000 K=10 ---
[2026-06-01 12:58:54]   [geth] Stopping (SIGTERM, waiting up to 120s for clean exit): 1139803
[2026-06-01 12:58:55]   [geth] exited cleanly after 1s
[2026-06-01 12:58:55]   [cache] OS page cache dropped
Fatal: Could not create the account: account already exists
[2026-06-01 12:58:55]   [geth] Starting (ubt, gd=5, cold=1, dev.period=1, 1tx/block)
[2026-06-01 12:58:55]   [geth] Waiting for RPC...
[2026-06-01 12:58:57]   [geth] RPC ready after 3s
[2026-06-01 12:58:57]   [bench] Running execute remote...
[2026-06-01 12:59:04]   [bench] exit=0 passed=1 failed=0
0 missing_trie_node=0
0
[2026-06-01 12:59:04] 
[2026-06-01 12:59:04]   --- storage_mixed_k10_run14 (ubt) write-offset=21400000000 K=10 ---
[2026-06-01 12:59:04]   [geth] Stopping (SIGTERM, waiting up to 120s for clean exit): 1139880
[2026-06-01 12:59:05]   [geth] exited cleanly after 1s
[2026-06-01 12:59:05]   [cache] OS page cache dropped
Fatal: Could not create the account: account already exists
[2026-06-01 12:59:05]   [geth] Starting (ubt, gd=5, cold=1, dev.period=1, 1tx/block)
[2026-06-01 12:59:05]   [geth] Waiting for RPC...
[2026-06-01 12:59:07]   [geth] RPC ready after 3s
[2026-06-01 12:59:07]   [bench] Running execute remote...
[2026-06-01 12:59:14]   [bench] exit=0 passed=1 failed=0
0 missing_trie_node=0
0
[2026-06-01 12:59:14] 
[2026-06-01 12:59:14]   --- storage_mixed_k10_run15 (ubt) write-offset=21500000000 K=10 ---
[2026-06-01 12:59:14]   [geth] Stopping (SIGTERM, waiting up to 120s for clean exit): 1139955
[2026-06-01 12:59:15]   [geth] exited cleanly after 1s
[2026-06-01 12:59:15]   [cache] OS page cache dropped
Fatal: Could not create the account: account already exists
[2026-06-01 12:59:15]   [geth] Starting (ubt, gd=5, cold=1, dev.period=1, 1tx/block)
[2026-06-01 12:59:15]   [geth] Waiting for RPC...
[2026-06-01 12:59:17]   [geth] RPC ready after 3s
[2026-06-01 12:59:17]   [bench] Running execute remote...
[2026-06-01 12:59:24]   [bench] exit=0 passed=1 failed=0
0 missing_trie_node=0
0
[2026-06-01 12:59:24] 
[2026-06-01 12:59:24]   --- storage_mixed_k10_run16 (ubt) write-offset=21600000000 K=10 ---
[2026-06-01 12:59:24]   [geth] Stopping (SIGTERM, waiting up to 120s for clean exit): 1140029
[2026-06-01 12:59:25]   [geth] exited cleanly after 1s
[2026-06-01 12:59:26]   [cache] OS page cache dropped
Fatal: Could not create the account: account already exists
[2026-06-01 12:59:26]   [geth] Starting (ubt, gd=5, cold=1, dev.period=1, 1tx/block)
[2026-06-01 12:59:26]   [geth] Waiting for RPC...
[2026-06-01 12:59:28]   [geth] RPC ready after 3s
[2026-06-01 12:59:28]   [bench] Running execute remote...
[2026-06-01 12:59:35]   [bench] exit=0 passed=1 failed=0
0 missing_trie_node=0
0
[2026-06-01 12:59:35] 
[2026-06-01 12:59:35]   --- storage_mixed_k10_run17 (ubt) write-offset=21700000000 K=10 ---
[2026-06-01 12:59:35]   [geth] Stopping (SIGTERM, waiting up to 120s for clean exit): 1140104
[2026-06-01 12:59:36]   [geth] exited cleanly after 1s
[2026-06-01 12:59:37]   [cache] OS page cache dropped
Fatal: Could not create the account: account already exists
[2026-06-01 12:59:37]   [geth] Starting (ubt, gd=5, cold=1, dev.period=1, 1tx/block)
[2026-06-01 12:59:37]   [geth] Waiting for RPC...
[2026-06-01 12:59:39]   [geth] RPC ready after 3s
[2026-06-01 12:59:39]   [bench] Running execute remote...
[2026-06-01 12:59:46]   [bench] exit=0 passed=1 failed=0
0 missing_trie_node=0
0
[2026-06-01 12:59:46] 
[2026-06-01 12:59:46]   --- storage_mixed_k10_run18 (ubt) write-offset=21800000000 K=10 ---
[2026-06-01 12:59:47]   [geth] Stopping (SIGTERM, waiting up to 120s for clean exit): 1140181
[2026-06-01 12:59:48]   [geth] exited cleanly after 1s
[2026-06-01 12:59:48]   [cache] OS page cache dropped
Fatal: Could not create the account: account already exists
[2026-06-01 12:59:48]   [geth] Starting (ubt, gd=5, cold=1, dev.period=1, 1tx/block)
[2026-06-01 12:59:48]   [geth] Waiting for RPC...
[2026-06-01 12:59:50]   [geth] RPC ready after 3s
[2026-06-01 12:59:50]   [bench] Running execute remote...
[2026-06-01 12:59:56]   [bench] exit=0 passed=1 failed=0
0 missing_trie_node=0
0
[2026-06-01 12:59:56] 
[2026-06-01 12:59:56]   --- storage_mixed_k10_run19 (ubt) write-offset=21900000000 K=10 ---
[2026-06-01 12:59:56]   [geth] Stopping (SIGTERM, waiting up to 120s for clean exit): 1140255
[2026-06-01 12:59:57]   [geth] exited cleanly after 1s
[2026-06-01 12:59:58]   [cache] OS page cache dropped
Fatal: Could not create the account: account already exists
[2026-06-01 12:59:58]   [geth] Starting (ubt, gd=5, cold=1, dev.period=1, 1tx/block)
[2026-06-01 12:59:58]   [geth] Waiting for RPC...
[2026-06-01 13:00:00]   [geth] RPC ready after 3s
[2026-06-01 13:00:00]   [bench] Running execute remote...
[2026-06-01 13:00:07]   [bench] exit=0 passed=1 failed=0
0 missing_trie_node=0
0
[2026-06-01 13:00:07] 
[2026-06-01 13:00:07]   --- storage_mixed_k10_run20 (ubt) write-offset=22000000000 K=10 ---
[2026-06-01 13:00:07]   [geth] Stopping (SIGTERM, waiting up to 120s for clean exit): 1140331
[2026-06-01 13:00:08]   [geth] exited cleanly after 1s
[2026-06-01 13:00:08]   [cache] OS page cache dropped
Fatal: Could not create the account: account already exists
[2026-06-01 13:00:09]   [geth] Starting (ubt, gd=5, cold=1, dev.period=1, 1tx/block)
[2026-06-01 13:00:09]   [geth] Waiting for RPC...
[2026-06-01 13:00:11]   [geth] RPC ready after 3s
[2026-06-01 13:00:11]   [bench] Running execute remote...
[2026-06-01 13:00:18]   [bench] exit=0 passed=1 failed=0
0 missing_trie_node=0
0
[2026-06-01 13:00:18] 
[2026-06-01 13:00:18]   ── BENCHMARK: storage_mixed_k100 (pool=256 contracts; effective K=100)
[2026-06-01 13:00:18] 
[2026-06-01 13:00:18]   --- storage_mixed_k100_run1 (ubt) write-offset=20100000000 K=100 ---
[2026-06-01 13:00:18]   [geth] Stopping (SIGTERM, waiting up to 120s for clean exit): 1140408
[2026-06-01 13:00:19]   [geth] exited cleanly after 1s
[2026-06-01 13:00:19]   [cache] OS page cache dropped
Fatal: Could not create the account: account already exists
[2026-06-01 13:00:19]   [geth] Starting (ubt, gd=5, cold=1, dev.period=1, 1tx/block)
[2026-06-01 13:00:19]   [geth] Waiting for RPC...
[2026-06-01 13:00:22]   [geth] RPC ready after 3s
[2026-06-01 13:00:22]   [bench] Running execute remote...
[2026-06-01 13:00:29]   [bench] exit=0 passed=1 failed=0
0 missing_trie_node=0
0
[2026-06-01 13:00:29] 
[2026-06-01 13:00:29]   --- storage_mixed_k100_run2 (ubt) write-offset=20200000000 K=100 ---
[2026-06-01 13:00:29]   [geth] Stopping (SIGTERM, waiting up to 120s for clean exit): 1140505
[2026-06-01 13:00:30]   [geth] exited cleanly after 1s
[2026-06-01 13:00:30]   [cache] OS page cache dropped
Fatal: Could not create the account: account already exists
[2026-06-01 13:00:30]   [geth] Starting (ubt, gd=5, cold=1, dev.period=1, 1tx/block)
[2026-06-01 13:00:30]   [geth] Waiting for RPC...
[2026-06-01 13:00:33]   [geth] RPC ready after 3s
[2026-06-01 13:00:33]   [bench] Running execute remote...
[2026-06-01 13:00:40]   [bench] exit=0 passed=1 failed=0
0 missing_trie_node=0
0
[2026-06-01 13:00:40] 
[2026-06-01 13:00:40]   --- storage_mixed_k100_run3 (ubt) write-offset=20300000000 K=100 ---
[2026-06-01 13:00:40]   [geth] Stopping (SIGTERM, waiting up to 120s for clean exit): 1140593
[2026-06-01 13:00:41]   [geth] exited cleanly after 1s
[2026-06-01 13:00:41]   [cache] OS page cache dropped
Fatal: Could not create the account: account already exists
[2026-06-01 13:00:41]   [geth] Starting (ubt, gd=5, cold=1, dev.period=1, 1tx/block)
[2026-06-01 13:00:41]   [geth] Waiting for RPC...
[2026-06-01 13:00:43]   [geth] RPC ready after 3s
[2026-06-01 13:00:43]   [bench] Running execute remote...
[2026-06-01 13:00:51]   [bench] exit=0 passed=1 failed=0
0 missing_trie_node=0
0
[2026-06-01 13:00:51] 
[2026-06-01 13:00:51]   --- storage_mixed_k100_run4 (ubt) write-offset=20400000000 K=100 ---
[2026-06-01 13:00:51]   [geth] Stopping (SIGTERM, waiting up to 120s for clean exit): 1140666
[2026-06-01 13:00:52]   [geth] exited cleanly after 1s
[2026-06-01 13:00:52]   [cache] OS page cache dropped
Fatal: Could not create the account: account already exists
[2026-06-01 13:00:52]   [geth] Starting (ubt, gd=5, cold=1, dev.period=1, 1tx/block)
[2026-06-01 13:00:52]   [geth] Waiting for RPC...
[2026-06-01 13:00:54]   [geth] RPC ready after 3s
[2026-06-01 13:00:54]   [bench] Running execute remote...
[2026-06-01 13:01:02]   [bench] exit=0 passed=1 failed=0
0 missing_trie_node=0
0
[2026-06-01 13:01:02] 
[2026-06-01 13:01:02]   --- storage_mixed_k100_run5 (ubt) write-offset=20500000000 K=100 ---
[2026-06-01 13:01:02]   [geth] Stopping (SIGTERM, waiting up to 120s for clean exit): 1140741
[2026-06-01 13:01:03]   [geth] exited cleanly after 1s
[2026-06-01 13:01:03]   [cache] OS page cache dropped
Fatal: Could not create the account: account already exists
[2026-06-01 13:01:03]   [geth] Starting (ubt, gd=5, cold=1, dev.period=1, 1tx/block)
[2026-06-01 13:01:03]   [geth] Waiting for RPC...
[2026-06-01 13:01:05]   [geth] RPC ready after 3s
[2026-06-01 13:01:05]   [bench] Running execute remote...
[2026-06-01 13:01:13]   [bench] exit=0 passed=1 failed=0
0 missing_trie_node=0
0
[2026-06-01 13:01:13] 
[2026-06-01 13:01:13]   --- storage_mixed_k100_run6 (ubt) write-offset=20600000000 K=100 ---
[2026-06-01 13:01:13]   [geth] Stopping (SIGTERM, waiting up to 120s for clean exit): 1140818
[2026-06-01 13:01:14]   [geth] exited cleanly after 1s
[2026-06-01 13:01:14]   [cache] OS page cache dropped
Fatal: Could not create the account: account already exists
[2026-06-01 13:01:14]   [geth] Starting (ubt, gd=5, cold=1, dev.period=1, 1tx/block)
[2026-06-01 13:01:14]   [geth] Waiting for RPC...
[2026-06-01 13:01:16]   [geth] RPC ready after 3s
[2026-06-01 13:01:16]   [bench] Running execute remote...
[2026-06-01 13:01:23]   [bench] exit=0 passed=1 failed=0
0 missing_trie_node=0
0
[2026-06-01 13:01:23] 
[2026-06-01 13:01:23]   --- storage_mixed_k100_run7 (ubt) write-offset=20700000000 K=100 ---
[2026-06-01 13:01:23]   [geth] Stopping (SIGTERM, waiting up to 120s for clean exit): 1140894
[2026-06-01 13:01:24]   [geth] exited cleanly after 1s
[2026-06-01 13:01:25]   [cache] OS page cache dropped
Fatal: Could not create the account: account already exists
[2026-06-01 13:01:25]   [geth] Starting (ubt, gd=5, cold=1, dev.period=1, 1tx/block)
[2026-06-01 13:01:25]   [geth] Waiting for RPC...
[2026-06-01 13:01:27]   [geth] RPC ready after 3s
[2026-06-01 13:01:27]   [bench] Running execute remote...
[2026-06-01 13:01:34]   [bench] exit=0 passed=1 failed=0
0 missing_trie_node=0
0
[2026-06-01 13:01:34] 
[2026-06-01 13:01:34]   --- storage_mixed_k100_run8 (ubt) write-offset=20800000000 K=100 ---
[2026-06-01 13:01:34]   [geth] Stopping (SIGTERM, waiting up to 120s for clean exit): 1140971
[2026-06-01 13:01:35]   [geth] exited cleanly after 1s
[2026-06-01 13:01:35]   [cache] OS page cache dropped
Fatal: Could not create the account: account already exists
[2026-06-01 13:01:36]   [geth] Starting (ubt, gd=5, cold=1, dev.period=1, 1tx/block)
[2026-06-01 13:01:36]   [geth] Waiting for RPC...
[2026-06-01 13:01:38]   [geth] RPC ready after 3s
[2026-06-01 13:01:38]   [bench] Running execute remote...
[2026-06-01 13:01:45]   [bench] exit=0 passed=1 failed=0
0 missing_trie_node=0
0
[2026-06-01 13:01:45] 
[2026-06-01 13:01:45]   --- storage_mixed_k100_run9 (ubt) write-offset=20900000000 K=100 ---
[2026-06-01 13:01:45]   [geth] Stopping (SIGTERM, waiting up to 120s for clean exit): 1141045
[2026-06-01 13:01:46]   [geth] exited cleanly after 1s
[2026-06-01 13:01:46]   [cache] OS page cache dropped
Fatal: Could not create the account: account already exists
[2026-06-01 13:01:46]   [geth] Starting (ubt, gd=5, cold=1, dev.period=1, 1tx/block)
[2026-06-01 13:01:46]   [geth] Waiting for RPC...
[2026-06-01 13:01:48]   [geth] RPC ready after 3s
[2026-06-01 13:01:48]   [bench] Running execute remote...
[2026-06-01 13:01:55]   [bench] exit=0 passed=1 failed=0
0 missing_trie_node=0
0
[2026-06-01 13:01:55] 
[2026-06-01 13:01:55]   --- storage_mixed_k100_run10 (ubt) write-offset=21000000000 K=100 ---
[2026-06-01 13:01:55]   [geth] Stopping (SIGTERM, waiting up to 120s for clean exit): 1141120
[2026-06-01 13:01:56]   [geth] exited cleanly after 1s
[2026-06-01 13:01:56]   [cache] OS page cache dropped
Fatal: Could not create the account: account already exists
[2026-06-01 13:01:56]   [geth] Starting (ubt, gd=5, cold=1, dev.period=1, 1tx/block)
[2026-06-01 13:01:56]   [geth] Waiting for RPC...
[2026-06-01 13:01:58]   [geth] RPC ready after 3s
[2026-06-01 13:01:58]   [bench] Running execute remote...
[2026-06-01 13:02:06]   [bench] exit=0 passed=1 failed=0
0 missing_trie_node=0
0
[2026-06-01 13:02:06] 
[2026-06-01 13:02:06]   --- storage_mixed_k100_run11 (ubt) write-offset=21100000000 K=100 ---
[2026-06-01 13:02:06]   [geth] Stopping (SIGTERM, waiting up to 120s for clean exit): 1141203
[2026-06-01 13:02:07]   [geth] exited cleanly after 1s
[2026-06-01 13:02:07]   [cache] OS page cache dropped
Fatal: Could not create the account: account already exists
[2026-06-01 13:02:07]   [geth] Starting (ubt, gd=5, cold=1, dev.period=1, 1tx/block)
[2026-06-01 13:02:07]   [geth] Waiting for RPC...
[2026-06-01 13:02:09]   [geth] RPC ready after 3s
[2026-06-01 13:02:09]   [bench] Running execute remote...
[2026-06-01 13:02:16]   [bench] exit=0 passed=1 failed=0
0 missing_trie_node=0
0
[2026-06-01 13:02:16] 
[2026-06-01 13:02:16]   --- storage_mixed_k100_run12 (ubt) write-offset=21200000000 K=100 ---
[2026-06-01 13:02:16]   [geth] Stopping (SIGTERM, waiting up to 120s for clean exit): 1141313
[2026-06-01 13:02:17]   [geth] exited cleanly after 1s
[2026-06-01 13:02:17]   [cache] OS page cache dropped
Fatal: Could not create the account: account already exists
[2026-06-01 13:02:17]   [geth] Starting (ubt, gd=5, cold=1, dev.period=1, 1tx/block)
[2026-06-01 13:02:17]   [geth] Waiting for RPC...
[2026-06-01 13:02:19]   [geth] RPC ready after 3s
[2026-06-01 13:02:19]   [bench] Running execute remote...
[2026-06-01 13:02:26]   [bench] exit=0 passed=1 failed=0
0 missing_trie_node=0
0
[2026-06-01 13:02:26] 
[2026-06-01 13:02:26]   --- storage_mixed_k100_run13 (ubt) write-offset=21300000000 K=100 ---
[2026-06-01 13:02:26]   [geth] Stopping (SIGTERM, waiting up to 120s for clean exit): 1141387
[2026-06-01 13:02:27]   [geth] exited cleanly after 1s
[2026-06-01 13:02:28]   [cache] OS page cache dropped
Fatal: Could not create the account: account already exists
[2026-06-01 13:02:28]   [geth] Starting (ubt, gd=5, cold=1, dev.period=1, 1tx/block)
[2026-06-01 13:02:28]   [geth] Waiting for RPC...
[2026-06-01 13:02:30]   [geth] RPC ready after 3s
[2026-06-01 13:02:30]   [bench] Running execute remote...
[2026-06-01 13:02:37]   [bench] exit=0 passed=1 failed=0
0 missing_trie_node=0
0
[2026-06-01 13:02:37] 
[2026-06-01 13:02:37]   --- storage_mixed_k100_run14 (ubt) write-offset=21400000000 K=100 ---
[2026-06-01 13:02:37]   [geth] Stopping (SIGTERM, waiting up to 120s for clean exit): 1141462
[2026-06-01 13:02:38]   [geth] exited cleanly after 1s
[2026-06-01 13:02:38]   [cache] OS page cache dropped
Fatal: Could not create the account: account already exists
[2026-06-01 13:02:38]   [geth] Starting (ubt, gd=5, cold=1, dev.period=1, 1tx/block)
[2026-06-01 13:02:38]   [geth] Waiting for RPC...
[2026-06-01 13:02:40]   [geth] RPC ready after 3s
[2026-06-01 13:02:40]   [bench] Running execute remote...
[2026-06-01 13:02:48]   [bench] exit=0 passed=1 failed=0
0 missing_trie_node=0
0
[2026-06-01 13:02:48] 
[2026-06-01 13:02:48]   --- storage_mixed_k100_run15 (ubt) write-offset=21500000000 K=100 ---
[2026-06-01 13:02:48]   [geth] Stopping (SIGTERM, waiting up to 120s for clean exit): 1141541
[2026-06-01 13:02:49]   [geth] exited cleanly after 1s
[2026-06-01 13:02:49]   [cache] OS page cache dropped
Fatal: Could not create the account: account already exists
[2026-06-01 13:02:49]   [geth] Starting (ubt, gd=5, cold=1, dev.period=1, 1tx/block)
[2026-06-01 13:02:49]   [geth] Waiting for RPC...
[2026-06-01 13:02:52]   [geth] RPC ready after 3s
[2026-06-01 13:02:52]   [bench] Running execute remote...
[2026-06-01 13:02:58]   [bench] exit=0 passed=1 failed=0
0 missing_trie_node=0
0
[2026-06-01 13:02:58] 
[2026-06-01 13:02:58]   --- storage_mixed_k100_run16 (ubt) write-offset=21600000000 K=100 ---
[2026-06-01 13:02:58]   [geth] Stopping (SIGTERM, waiting up to 120s for clean exit): 1141616
[2026-06-01 13:02:59]   [geth] exited cleanly after 1s
[2026-06-01 13:02:59]   [cache] OS page cache dropped
Fatal: Could not create the account: account already exists
[2026-06-01 13:02:59]   [geth] Starting (ubt, gd=5, cold=1, dev.period=1, 1tx/block)
[2026-06-01 13:02:59]   [geth] Waiting for RPC...
[2026-06-01 13:03:01]   [geth] RPC ready after 3s
[2026-06-01 13:03:01]   [bench] Running execute remote...
[2026-06-01 13:03:09]   [bench] exit=0 passed=1 failed=0
0 missing_trie_node=0
0
[2026-06-01 13:03:09] 
[2026-06-01 13:03:09]   --- storage_mixed_k100_run17 (ubt) write-offset=21700000000 K=100 ---
[2026-06-01 13:03:09]   [geth] Stopping (SIGTERM, waiting up to 120s for clean exit): 1141693
[2026-06-01 13:03:10]   [geth] exited cleanly after 1s
[2026-06-01 13:03:10]   [cache] OS page cache dropped
Fatal: Could not create the account: account already exists
[2026-06-01 13:03:10]   [geth] Starting (ubt, gd=5, cold=1, dev.period=1, 1tx/block)
[2026-06-01 13:03:10]   [geth] Waiting for RPC...
[2026-06-01 13:03:12]   [geth] RPC ready after 3s
[2026-06-01 13:03:12]   [bench] Running execute remote...
[2026-06-01 13:03:20]   [bench] exit=0 passed=1 failed=0
0 missing_trie_node=0
0
[2026-06-01 13:03:20] 
[2026-06-01 13:03:20]   --- storage_mixed_k100_run18 (ubt) write-offset=21800000000 K=100 ---
[2026-06-01 13:03:20]   [geth] Stopping (SIGTERM, waiting up to 120s for clean exit): 1141769
[2026-06-01 13:03:21]   [geth] exited cleanly after 1s
[2026-06-01 13:03:21]   [cache] OS page cache dropped
Fatal: Could not create the account: account already exists
[2026-06-01 13:03:21]   [geth] Starting (ubt, gd=5, cold=1, dev.period=1, 1tx/block)
[2026-06-01 13:03:21]   [geth] Waiting for RPC...
[2026-06-01 13:03:23]   [geth] RPC ready after 3s
[2026-06-01 13:03:23]   [bench] Running execute remote...
[2026-06-01 13:03:31]   [bench] exit=0 passed=1 failed=0
0 missing_trie_node=0
0
[2026-06-01 13:03:31] 
[2026-06-01 13:03:31]   --- storage_mixed_k100_run19 (ubt) write-offset=21900000000 K=100 ---
[2026-06-01 13:03:31]   [geth] Stopping (SIGTERM, waiting up to 120s for clean exit): 1141845
[2026-06-01 13:03:32]   [geth] exited cleanly after 1s
[2026-06-01 13:03:32]   [cache] OS page cache dropped
Fatal: Could not create the account: account already exists
[2026-06-01 13:03:32]   [geth] Starting (ubt, gd=5, cold=1, dev.period=1, 1tx/block)
[2026-06-01 13:03:32]   [geth] Waiting for RPC...
[2026-06-01 13:03:34]   [geth] RPC ready after 3s
[2026-06-01 13:03:34]   [bench] Running execute remote...
[2026-06-01 13:03:42]   [bench] exit=0 passed=1 failed=0
0 missing_trie_node=0
0
[2026-06-01 13:03:42] 
[2026-06-01 13:03:42]   --- storage_mixed_k100_run20 (ubt) write-offset=22000000000 K=100 ---
[2026-06-01 13:03:42]   [geth] Stopping (SIGTERM, waiting up to 120s for clean exit): 1141920
[2026-06-01 13:03:43]   [geth] exited cleanly after 1s
[2026-06-01 13:03:43]   [cache] OS page cache dropped
Fatal: Could not create the account: account already exists
[2026-06-01 13:03:43]   [geth] Starting (ubt, gd=5, cold=1, dev.period=1, 1tx/block)
[2026-06-01 13:03:43]   [geth] Waiting for RPC...
[2026-06-01 13:03:45]   [geth] RPC ready after 3s
[2026-06-01 13:03:45]   [bench] Running execute remote...
[2026-06-01 13:03:53]   [bench] exit=0 passed=1 failed=0
0 missing_trie_node=0
0
[2026-06-01 13:03:53] 
[2026-06-01 13:03:53]   ── BENCHMARK: storage_mixed_k256 (pool=256 contracts; effective K=256)
[2026-06-01 13:03:53] 
[2026-06-01 13:03:53]   --- storage_mixed_k256_run1 (ubt) write-offset=20100000000 K=256 ---
[2026-06-01 13:03:53]   [geth] Stopping (SIGTERM, waiting up to 120s for clean exit): 1141994
[2026-06-01 13:03:54]   [geth] exited cleanly after 1s
[2026-06-01 13:03:54]   [cache] OS page cache dropped
Fatal: Could not create the account: account already exists
[2026-06-01 13:03:54]   [geth] Starting (ubt, gd=5, cold=1, dev.period=1, 1tx/block)
[2026-06-01 13:03:54]   [geth] Waiting for RPC...
[2026-06-01 13:03:56]   [geth] RPC ready after 3s
[2026-06-01 13:03:56]   [bench] Running execute remote...
[2026-06-01 13:04:03]   [bench] exit=0 passed=1 failed=0
0 missing_trie_node=0
0
[2026-06-01 13:04:03] 
[2026-06-01 13:04:03]   --- storage_mixed_k256_run2 (ubt) write-offset=20200000000 K=256 ---
[2026-06-01 13:04:04]   [geth] Stopping (SIGTERM, waiting up to 120s for clean exit): 1142094
[2026-06-01 13:04:05]   [geth] exited cleanly after 1s
[2026-06-01 13:04:05]   [cache] OS page cache dropped
Fatal: Could not create the account: account already exists
[2026-06-01 13:04:05]   [geth] Starting (ubt, gd=5, cold=1, dev.period=1, 1tx/block)
[2026-06-01 13:04:05]   [geth] Waiting for RPC...
[2026-06-01 13:04:07]   [geth] RPC ready after 3s
[2026-06-01 13:04:07]   [bench] Running execute remote...
[2026-06-01 13:04:13]   [bench] exit=0 passed=1 failed=0
0 missing_trie_node=0
0
[2026-06-01 13:04:13] 
[2026-06-01 13:04:13]   --- storage_mixed_k256_run3 (ubt) write-offset=20300000000 K=256 ---
[2026-06-01 13:04:13]   [geth] Stopping (SIGTERM, waiting up to 120s for clean exit): 1142170
[2026-06-01 13:04:14]   [geth] exited cleanly after 1s
[2026-06-01 13:04:14]   [cache] OS page cache dropped
Fatal: Could not create the account: account already exists
[2026-06-01 13:04:14]   [geth] Starting (ubt, gd=5, cold=1, dev.period=1, 1tx/block)
[2026-06-01 13:04:14]   [geth] Waiting for RPC...
[2026-06-01 13:04:16]   [geth] RPC ready after 3s
[2026-06-01 13:04:16]   [bench] Running execute remote...
[2026-06-01 13:04:24]   [bench] exit=0 passed=1 failed=0
0 missing_trie_node=0
0
[2026-06-01 13:04:24] 
[2026-06-01 13:04:24]   --- storage_mixed_k256_run4 (ubt) write-offset=20400000000 K=256 ---
[2026-06-01 13:04:24]   [geth] Stopping (SIGTERM, waiting up to 120s for clean exit): 1142246
[2026-06-01 13:04:25]   [geth] exited cleanly after 1s
[2026-06-01 13:04:25]   [cache] OS page cache dropped
Fatal: Could not create the account: account already exists
[2026-06-01 13:04:25]   [geth] Starting (ubt, gd=5, cold=1, dev.period=1, 1tx/block)
[2026-06-01 13:04:25]   [geth] Waiting for RPC...
[2026-06-01 13:04:27]   [geth] RPC ready after 3s
[2026-06-01 13:04:27]   [bench] Running execute remote...
[2026-06-01 13:04:35]   [bench] exit=0 passed=1 failed=0
0 missing_trie_node=0
0
[2026-06-01 13:04:35] 
[2026-06-01 13:04:35]   --- storage_mixed_k256_run5 (ubt) write-offset=20500000000 K=256 ---
[2026-06-01 13:04:35]   [geth] Stopping (SIGTERM, waiting up to 120s for clean exit): 1142321
[2026-06-01 13:04:36]   [geth] exited cleanly after 1s
[2026-06-01 13:04:36]   [cache] OS page cache dropped
Fatal: Could not create the account: account already exists
[2026-06-01 13:04:36]   [geth] Starting (ubt, gd=5, cold=1, dev.period=1, 1tx/block)
[2026-06-01 13:04:36]   [geth] Waiting for RPC...
[2026-06-01 13:04:38]   [geth] RPC ready after 3s
[2026-06-01 13:04:38]   [bench] Running execute remote...
[2026-06-01 13:04:45]   [bench] exit=0 passed=1 failed=0
0 missing_trie_node=0
0
[2026-06-01 13:04:45] 
[2026-06-01 13:04:45]   --- storage_mixed_k256_run6 (ubt) write-offset=20600000000 K=256 ---
[2026-06-01 13:04:45]   [geth] Stopping (SIGTERM, waiting up to 120s for clean exit): 1142396
[2026-06-01 13:04:46]   [geth] exited cleanly after 1s
[2026-06-01 13:04:46]   [cache] OS page cache dropped
Fatal: Could not create the account: account already exists
[2026-06-01 13:04:46]   [geth] Starting (ubt, gd=5, cold=1, dev.period=1, 1tx/block)
[2026-06-01 13:04:46]   [geth] Waiting for RPC...
[2026-06-01 13:04:48]   [geth] RPC ready after 3s
[2026-06-01 13:04:48]   [bench] Running execute remote...
[2026-06-01 13:04:56]   [bench] exit=0 passed=1 failed=0
0 missing_trie_node=0
0
[2026-06-01 13:04:56] 
[2026-06-01 13:04:56]   --- storage_mixed_k256_run7 (ubt) write-offset=20700000000 K=256 ---
[2026-06-01 13:04:56]   [geth] Stopping (SIGTERM, waiting up to 120s for clean exit): 1142471
[2026-06-01 13:04:57]   [geth] exited cleanly after 1s
[2026-06-01 13:04:57]   [cache] OS page cache dropped
Fatal: Could not create the account: account already exists
[2026-06-01 13:04:57]   [geth] Starting (ubt, gd=5, cold=1, dev.period=1, 1tx/block)
[2026-06-01 13:04:57]   [geth] Waiting for RPC...
[2026-06-01 13:04:59]   [geth] RPC ready after 3s
[2026-06-01 13:04:59]   [bench] Running execute remote...
[2026-06-01 13:05:06]   [bench] exit=0 passed=1 failed=0
0 missing_trie_node=0
0
[2026-06-01 13:05:06] 
[2026-06-01 13:05:06]   --- storage_mixed_k256_run8 (ubt) write-offset=20800000000 K=256 ---
[2026-06-01 13:05:06]   [geth] Stopping (SIGTERM, waiting up to 120s for clean exit): 1142550
[2026-06-01 13:05:07]   [geth] exited cleanly after 1s
[2026-06-01 13:05:08]   [cache] OS page cache dropped
Fatal: Could not create the account: account already exists
[2026-06-01 13:05:08]   [geth] Starting (ubt, gd=5, cold=1, dev.period=1, 1tx/block)
[2026-06-01 13:05:08]   [geth] Waiting for RPC...
[2026-06-01 13:05:10]   [geth] RPC ready after 3s
[2026-06-01 13:05:10]   [bench] Running execute remote...
[2026-06-01 13:05:16]   [bench] exit=0 passed=1 failed=0
0 missing_trie_node=0
0
[2026-06-01 13:05:16] 
[2026-06-01 13:05:16]   --- storage_mixed_k256_run9 (ubt) write-offset=20900000000 K=256 ---
[2026-06-01 13:05:16]   [geth] Stopping (SIGTERM, waiting up to 120s for clean exit): 1142627
[2026-06-01 13:05:17]   [geth] exited cleanly after 1s
[2026-06-01 13:05:17]   [cache] OS page cache dropped
Fatal: Could not create the account: account already exists
[2026-06-01 13:05:17]   [geth] Starting (ubt, gd=5, cold=1, dev.period=1, 1tx/block)
[2026-06-01 13:05:17]   [geth] Waiting for RPC...
[2026-06-01 13:05:19]   [geth] RPC ready after 3s
[2026-06-01 13:05:19]   [bench] Running execute remote...
[2026-06-01 13:05:27]   [bench] exit=0 passed=1 failed=0
0 missing_trie_node=0
0
[2026-06-01 13:05:27] 
[2026-06-01 13:05:27]   --- storage_mixed_k256_run10 (ubt) write-offset=21000000000 K=256 ---
[2026-06-01 13:05:27]   [geth] Stopping (SIGTERM, waiting up to 120s for clean exit): 1142702
[2026-06-01 13:05:28]   [geth] exited cleanly after 1s
[2026-06-01 13:05:28]   [cache] OS page cache dropped
Fatal: Could not create the account: account already exists
[2026-06-01 13:05:28]   [geth] Starting (ubt, gd=5, cold=1, dev.period=1, 1tx/block)
[2026-06-01 13:05:28]   [geth] Waiting for RPC...
[2026-06-01 13:05:30]   [geth] RPC ready after 3s
[2026-06-01 13:05:30]   [bench] Running execute remote...
[2026-06-01 13:05:38]   [bench] exit=0 passed=1 failed=0
0 missing_trie_node=0
0
[2026-06-01 13:05:38] 
[2026-06-01 13:05:38]   --- storage_mixed_k256_run11 (ubt) write-offset=21100000000 K=256 ---
[2026-06-01 13:05:38]   [geth] Stopping (SIGTERM, waiting up to 120s for clean exit): 1142777
[2026-06-01 13:05:39]   [geth] exited cleanly after 1s
[2026-06-01 13:05:39]   [cache] OS page cache dropped
Fatal: Could not create the account: account already exists
[2026-06-01 13:05:39]   [geth] Starting (ubt, gd=5, cold=1, dev.period=1, 1tx/block)
[2026-06-01 13:05:39]   [geth] Waiting for RPC...
[2026-06-01 13:05:41]   [geth] RPC ready after 3s
[2026-06-01 13:05:41]   [bench] Running execute remote...
[2026-06-01 13:05:50]   [bench] exit=0 passed=1 failed=0
0 missing_trie_node=0
0
[2026-06-01 13:05:50] 
[2026-06-01 13:05:50]   --- storage_mixed_k256_run12 (ubt) write-offset=21200000000 K=256 ---
[2026-06-01 13:05:50]   [geth] Stopping (SIGTERM, waiting up to 120s for clean exit): 1142850
[2026-06-01 13:05:51]   [geth] exited cleanly after 1s
[2026-06-01 13:05:51]   [cache] OS page cache dropped
Fatal: Could not create the account: account already exists
[2026-06-01 13:05:51]   [geth] Starting (ubt, gd=5, cold=1, dev.period=1, 1tx/block)
[2026-06-01 13:05:51]   [geth] Waiting for RPC...
[2026-06-01 13:05:53]   [geth] RPC ready after 3s
[2026-06-01 13:05:53]   [bench] Running execute remote...
[2026-06-01 13:06:01]   [bench] exit=0 passed=1 failed=0
0 missing_trie_node=0
0
[2026-06-01 13:06:01] 
[2026-06-01 13:06:01]   --- storage_mixed_k256_run13 (ubt) write-offset=21300000000 K=256 ---
[2026-06-01 13:06:01]   [geth] Stopping (SIGTERM, waiting up to 120s for clean exit): 1142925
[2026-06-01 13:06:02]   [geth] exited cleanly after 1s
[2026-06-01 13:06:02]   [cache] OS page cache dropped
Fatal: Could not create the account: account already exists
[2026-06-01 13:06:02]   [geth] Starting (ubt, gd=5, cold=1, dev.period=1, 1tx/block)
[2026-06-01 13:06:02]   [geth] Waiting for RPC...
[2026-06-01 13:06:04]   [geth] RPC ready after 3s
[2026-06-01 13:06:04]   [bench] Running execute remote...
[2026-06-01 13:06:10]   [bench] exit=0 passed=1 failed=0
0 missing_trie_node=0
0
[2026-06-01 13:06:10] 
[2026-06-01 13:06:10]   --- storage_mixed_k256_run14 (ubt) write-offset=21400000000 K=256 ---
[2026-06-01 13:06:10]   [geth] Stopping (SIGTERM, waiting up to 120s for clean exit): 1143013
[2026-06-01 13:06:11]   [geth] exited cleanly after 1s
[2026-06-01 13:06:12]   [cache] OS page cache dropped
Fatal: Could not create the account: account already exists
[2026-06-01 13:06:12]   [geth] Starting (ubt, gd=5, cold=1, dev.period=1, 1tx/block)
[2026-06-01 13:06:12]   [geth] Waiting for RPC...
[2026-06-01 13:06:14]   [geth] RPC ready after 3s
[2026-06-01 13:06:14]   [bench] Running execute remote...
[2026-06-01 13:06:21]   [bench] exit=0 passed=1 failed=0
0 missing_trie_node=0
0
[2026-06-01 13:06:21] 
[2026-06-01 13:06:21]   --- storage_mixed_k256_run15 (ubt) write-offset=21500000000 K=256 ---
[2026-06-01 13:06:21]   [geth] Stopping (SIGTERM, waiting up to 120s for clean exit): 1143089
[2026-06-01 13:06:22]   [geth] exited cleanly after 1s
[2026-06-01 13:06:23]   [cache] OS page cache dropped
Fatal: Could not create the account: account already exists
[2026-06-01 13:06:23]   [geth] Starting (ubt, gd=5, cold=1, dev.period=1, 1tx/block)
[2026-06-01 13:06:23]   [geth] Waiting for RPC...
[2026-06-01 13:06:25]   [geth] RPC ready after 3s
[2026-06-01 13:06:25]   [bench] Running execute remote...
[2026-06-01 13:06:31]   [bench] exit=0 passed=1 failed=0
0 missing_trie_node=0
0
[2026-06-01 13:06:31] 
[2026-06-01 13:06:31]   --- storage_mixed_k256_run16 (ubt) write-offset=21600000000 K=256 ---
[2026-06-01 13:06:31]   [geth] Stopping (SIGTERM, waiting up to 120s for clean exit): 1143164
[2026-06-01 13:06:32]   [geth] exited cleanly after 1s
[2026-06-01 13:06:32]   [cache] OS page cache dropped
Fatal: Could not create the account: account already exists
[2026-06-01 13:06:32]   [geth] Starting (ubt, gd=5, cold=1, dev.period=1, 1tx/block)
[2026-06-01 13:06:32]   [geth] Waiting for RPC...
[2026-06-01 13:06:34]   [geth] RPC ready after 3s
[2026-06-01 13:06:34]   [bench] Running execute remote...
[2026-06-01 13:06:41]   [bench] exit=0 passed=1 failed=0
0 missing_trie_node=0
0
[2026-06-01 13:06:41] 
[2026-06-01 13:06:41]   --- storage_mixed_k256_run17 (ubt) write-offset=21700000000 K=256 ---
[2026-06-01 13:06:41]   [geth] Stopping (SIGTERM, waiting up to 120s for clean exit): 1143234
[2026-06-01 13:06:42]   [geth] exited cleanly after 1s
[2026-06-01 13:06:42]   [cache] OS page cache dropped
Fatal: Could not create the account: account already exists
[2026-06-01 13:06:42]   [geth] Starting (ubt, gd=5, cold=1, dev.period=1, 1tx/block)
[2026-06-01 13:06:42]   [geth] Waiting for RPC...
[2026-06-01 13:06:44]   [geth] RPC ready after 3s
[2026-06-01 13:06:44]   [bench] Running execute remote...
[2026-06-01 13:06:51]   [bench] exit=0 passed=1 failed=0
0 missing_trie_node=0
0
[2026-06-01 13:06:51] 
[2026-06-01 13:06:51]   --- storage_mixed_k256_run18 (ubt) write-offset=21800000000 K=256 ---
[2026-06-01 13:06:51]   [geth] Stopping (SIGTERM, waiting up to 120s for clean exit): 1143310
[2026-06-01 13:06:52]   [geth] exited cleanly after 1s
[2026-06-01 13:06:52]   [cache] OS page cache dropped
Fatal: Could not create the account: account already exists
[2026-06-01 13:06:52]   [geth] Starting (ubt, gd=5, cold=1, dev.period=1, 1tx/block)
[2026-06-01 13:06:52]   [geth] Waiting for RPC...
[2026-06-01 13:06:54]   [geth] RPC ready after 3s
[2026-06-01 13:06:54]   [bench] Running execute remote...
[2026-06-01 13:07:01]   [bench] exit=0 passed=1 failed=0
0 missing_trie_node=0
0
[2026-06-01 13:07:01] 
[2026-06-01 13:07:01]   --- storage_mixed_k256_run19 (ubt) write-offset=21900000000 K=256 ---
[2026-06-01 13:07:01]   [geth] Stopping (SIGTERM, waiting up to 120s for clean exit): 1143385
[2026-06-01 13:07:02]   [geth] exited cleanly after 1s
[2026-06-01 13:07:02]   [cache] OS page cache dropped
Fatal: Could not create the account: account already exists
[2026-06-01 13:07:03]   [geth] Starting (ubt, gd=5, cold=1, dev.period=1, 1tx/block)
[2026-06-01 13:07:03]   [geth] Waiting for RPC...
[2026-06-01 13:07:05]   [geth] RPC ready after 3s
[2026-06-01 13:07:05]   [bench] Running execute remote...
[2026-06-01 13:07:11]   [bench] exit=0 passed=1 failed=0
0 missing_trie_node=0
0
[2026-06-01 13:07:11] 
[2026-06-01 13:07:11]   --- storage_mixed_k256_run20 (ubt) write-offset=22000000000 K=256 ---
[2026-06-01 13:07:11]   [geth] Stopping (SIGTERM, waiting up to 120s for clean exit): 1143461
[2026-06-01 13:07:12]   [geth] exited cleanly after 1s
[2026-06-01 13:07:12]   [cache] OS page cache dropped
Fatal: Could not create the account: account already exists
[2026-06-01 13:07:12]   [geth] Starting (ubt, gd=5, cold=1, dev.period=1, 1tx/block)
[2026-06-01 13:07:12]   [geth] Waiting for RPC...
[2026-06-01 13:07:14]   [geth] RPC ready after 3s
[2026-06-01 13:07:14]   [bench] Running execute remote...
[2026-06-01 13:07:21]   [bench] exit=0 passed=1 failed=0
0 missing_trie_node=0
0
[2026-06-01 13:07:21]   [geth] Stopping (SIGTERM, waiting up to 120s for clean exit): 1143538
[2026-06-01 13:07:22]   [geth] exited cleanly after 1s
[2026-06-01 13:07:22] 
[2026-06-01 13:07:22] ╔══════════════════════════════════════════════════════════════════╗
[2026-06-01 13:07:22] ║  CONFIG: pbt
[2026-06-01 13:07:22] ╚══════════════════════════════════════════════════════════════════╝
[2026-06-01 13:07:22] 
[2026-06-01 13:07:22]   ── BENCHMARK: storage_sload_k1 (pool=256 contracts; effective K=1)
[2026-06-01 13:07:22] 
[2026-06-01 13:07:22]   --- storage_sload_k1_run1 (pbt) write-offset=20100000000 K=1 ---
[2026-06-01 13:07:22]   [cache] OS page cache dropped
Fatal: Could not create the account: account already exists
[2026-06-01 13:07:22]   [geth] Starting (pbt, gd=5, cold=1, dev.period=1, 1tx/block)
[2026-06-01 13:07:22]   [geth] Waiting for RPC...
[2026-06-01 13:07:24]   [geth] RPC ready after 3s
[2026-06-01 13:07:24]   [bench] Running execute remote...
[2026-06-01 13:07:32]   [bench] exit=0 passed=1 failed=0
0 missing_trie_node=0
0
[2026-06-01 13:07:32] 
[2026-06-01 13:07:32]   --- storage_sload_k1_run2 (pbt) write-offset=20200000000 K=1 ---
[2026-06-01 13:07:32]   [geth] Stopping (SIGTERM, waiting up to 120s for clean exit): 1143646
[2026-06-01 13:07:33]   [geth] exited cleanly after 1s
[2026-06-01 13:07:33]   [cache] OS page cache dropped
Fatal: Could not create the account: account already exists
[2026-06-01 13:07:33]   [geth] Starting (pbt, gd=5, cold=1, dev.period=1, 1tx/block)
[2026-06-01 13:07:33]   [geth] Waiting for RPC...
[2026-06-01 13:07:35]   [geth] RPC ready after 3s
[2026-06-01 13:07:35]   [bench] Running execute remote...
[2026-06-01 13:07:42]   [bench] exit=0 passed=1 failed=0
0 missing_trie_node=0
0
[2026-06-01 13:07:42] 
[2026-06-01 13:07:42]   --- storage_sload_k1_run3 (pbt) write-offset=20300000000 K=1 ---
[2026-06-01 13:07:42]   [geth] Stopping (SIGTERM, waiting up to 120s for clean exit): 1143720
[2026-06-01 13:07:43]   [geth] exited cleanly after 1s
[2026-06-01 13:07:44]   [cache] OS page cache dropped
Fatal: Could not create the account: account already exists
[2026-06-01 13:07:44]   [geth] Starting (pbt, gd=5, cold=1, dev.period=1, 1tx/block)
[2026-06-01 13:07:44]   [geth] Waiting for RPC...
[2026-06-01 13:07:46]   [geth] RPC ready after 3s
[2026-06-01 13:07:46]   [bench] Running execute remote...
[2026-06-01 13:07:53]   [bench] exit=0 passed=1 failed=0
0 missing_trie_node=0
0
[2026-06-01 13:07:53] 
[2026-06-01 13:07:53]   --- storage_sload_k1_run4 (pbt) write-offset=20400000000 K=1 ---
[2026-06-01 13:07:53]   [geth] Stopping (SIGTERM, waiting up to 120s for clean exit): 1143796
[2026-06-01 13:07:54]   [geth] exited cleanly after 1s
[2026-06-01 13:07:54]   [cache] OS page cache dropped
Fatal: Could not create the account: account already exists
[2026-06-01 13:07:54]   [geth] Starting (pbt, gd=5, cold=1, dev.period=1, 1tx/block)
[2026-06-01 13:07:54]   [geth] Waiting for RPC...
[2026-06-01 13:07:56]   [geth] RPC ready after 3s
[2026-06-01 13:07:56]   [bench] Running execute remote...
[2026-06-01 13:08:04]   [bench] exit=0 passed=1 failed=0
0 missing_trie_node=0
0
[2026-06-01 13:08:04] 
[2026-06-01 13:08:04]   --- storage_sload_k1_run5 (pbt) write-offset=20500000000 K=1 ---
[2026-06-01 13:08:04]   [geth] Stopping (SIGTERM, waiting up to 120s for clean exit): 1143873
[2026-06-01 13:08:05]   [geth] exited cleanly after 1s
[2026-06-01 13:08:05]   [cache] OS page cache dropped
Fatal: Could not create the account: account already exists
[2026-06-01 13:08:05]   [geth] Starting (pbt, gd=5, cold=1, dev.period=1, 1tx/block)
[2026-06-01 13:08:05]   [geth] Waiting for RPC...
[2026-06-01 13:08:07]   [geth] RPC ready after 3s
[2026-06-01 13:08:07]   [bench] Running execute remote...
[2026-06-01 13:08:15]   [bench] exit=0 passed=1 failed=0
0 missing_trie_node=0
0
[2026-06-01 13:08:15] 
[2026-06-01 13:08:15]   --- storage_sload_k1_run6 (pbt) write-offset=20600000000 K=1 ---
[2026-06-01 13:08:15]   [geth] Stopping (SIGTERM, waiting up to 120s for clean exit): 1143949
[2026-06-01 13:08:16]   [geth] exited cleanly after 1s
[2026-06-01 13:08:16]   [cache] OS page cache dropped
Fatal: Could not create the account: account already exists
[2026-06-01 13:08:16]   [geth] Starting (pbt, gd=5, cold=1, dev.period=1, 1tx/block)
[2026-06-01 13:08:16]   [geth] Waiting for RPC...
[2026-06-01 13:08:18]   [geth] RPC ready after 3s
[2026-06-01 13:08:18]   [bench] Running execute remote...
[2026-06-01 13:08:25]   [bench] exit=0 passed=1 failed=0
0 missing_trie_node=0
0
[2026-06-01 13:08:25] 
[2026-06-01 13:08:25]   --- storage_sload_k1_run7 (pbt) write-offset=20700000000 K=1 ---
[2026-06-01 13:08:25]   [geth] Stopping (SIGTERM, waiting up to 120s for clean exit): 1144024
[2026-06-01 13:08:26]   [geth] exited cleanly after 1s
[2026-06-01 13:08:26]   [cache] OS page cache dropped
Fatal: Could not create the account: account already exists
[2026-06-01 13:08:26]   [geth] Starting (pbt, gd=5, cold=1, dev.period=1, 1tx/block)
[2026-06-01 13:08:26]   [geth] Waiting for RPC...
[2026-06-01 13:08:28]   [geth] RPC ready after 3s
[2026-06-01 13:08:28]   [bench] Running execute remote...
[2026-06-01 13:08:35]   [bench] exit=0 passed=1 failed=0
0 missing_trie_node=0
0
[2026-06-01 13:08:35] 
[2026-06-01 13:08:35]   --- storage_sload_k1_run8 (pbt) write-offset=20800000000 K=1 ---
[2026-06-01 13:08:35]   [geth] Stopping (SIGTERM, waiting up to 120s for clean exit): 1144098
[2026-06-01 13:08:36]   [geth] exited cleanly after 1s
[2026-06-01 13:08:36]   [cache] OS page cache dropped
Fatal: Could not create the account: account already exists
[2026-06-01 13:08:37]   [geth] Starting (pbt, gd=5, cold=1, dev.period=1, 1tx/block)
[2026-06-01 13:08:37]   [geth] Waiting for RPC...
[2026-06-01 13:08:39]   [geth] RPC ready after 3s
[2026-06-01 13:08:39]   [bench] Running execute remote...
[2026-06-01 13:08:45]   [bench] exit=0 passed=1 failed=0
0 missing_trie_node=0
0
[2026-06-01 13:08:45] 
[2026-06-01 13:08:45]   --- storage_sload_k1_run9 (pbt) write-offset=20900000000 K=1 ---
[2026-06-01 13:08:45]   [geth] Stopping (SIGTERM, waiting up to 120s for clean exit): 1144172
[2026-06-01 13:08:46]   [geth] exited cleanly after 1s
[2026-06-01 13:08:46]   [cache] OS page cache dropped
Fatal: Could not create the account: account already exists
[2026-06-01 13:08:46]   [geth] Starting (pbt, gd=5, cold=1, dev.period=1, 1tx/block)
[2026-06-01 13:08:46]   [geth] Waiting for RPC...
[2026-06-01 13:08:49]   [geth] RPC ready after 3s
[2026-06-01 13:08:49]   [bench] Running execute remote...
[2026-06-01 13:08:56]   [bench] exit=0 passed=1 failed=0
0 missing_trie_node=0
0
[2026-06-01 13:08:56] 
[2026-06-01 13:08:56]   --- storage_sload_k1_run10 (pbt) write-offset=21000000000 K=1 ---
[2026-06-01 13:08:56]   [geth] Stopping (SIGTERM, waiting up to 120s for clean exit): 1144247
[2026-06-01 13:08:57]   [geth] exited cleanly after 1s
[2026-06-01 13:08:57]   [cache] OS page cache dropped
Fatal: Could not create the account: account already exists
[2026-06-01 13:08:57]   [geth] Starting (pbt, gd=5, cold=1, dev.period=1, 1tx/block)
[2026-06-01 13:08:57]   [geth] Waiting for RPC...
[2026-06-01 13:08:59]   [geth] RPC ready after 3s
[2026-06-01 13:08:59]   [bench] Running execute remote...
[2026-06-01 13:09:06]   [bench] exit=0 passed=1 failed=0
0 missing_trie_node=0
0
[2026-06-01 13:09:06] 
[2026-06-01 13:09:06]   --- storage_sload_k1_run11 (pbt) write-offset=21100000000 K=1 ---
[2026-06-01 13:09:06]   [geth] Stopping (SIGTERM, waiting up to 120s for clean exit): 1144324
[2026-06-01 13:09:07]   [geth] exited cleanly after 1s
[2026-06-01 13:09:07]   [cache] OS page cache dropped
Fatal: Could not create the account: account already exists
[2026-06-01 13:09:07]   [geth] Starting (pbt, gd=5, cold=1, dev.period=1, 1tx/block)
[2026-06-01 13:09:07]   [geth] Waiting for RPC...
[2026-06-01 13:09:09]   [geth] RPC ready after 3s
[2026-06-01 13:09:09]   [bench] Running execute remote...
[2026-06-01 13:09:17]   [bench] exit=0 passed=1 failed=0
0 missing_trie_node=0
0
[2026-06-01 13:09:17] 
[2026-06-01 13:09:17]   --- storage_sload_k1_run12 (pbt) write-offset=21200000000 K=1 ---
[2026-06-01 13:09:17]   [geth] Stopping (SIGTERM, waiting up to 120s for clean exit): 1144403
[2026-06-01 13:09:18]   [geth] exited cleanly after 1s
[2026-06-01 13:09:18]   [cache] OS page cache dropped
Fatal: Could not create the account: account already exists
[2026-06-01 13:09:18]   [geth] Starting (pbt, gd=5, cold=1, dev.period=1, 1tx/block)
[2026-06-01 13:09:18]   [geth] Waiting for RPC...
[2026-06-01 13:09:20]   [geth] RPC ready after 3s
[2026-06-01 13:09:20]   [bench] Running execute remote...
[2026-06-01 13:09:27]   [bench] exit=0 passed=1 failed=0
0 missing_trie_node=0
0
[2026-06-01 13:09:27] 
[2026-06-01 13:09:27]   --- storage_sload_k1_run13 (pbt) write-offset=21300000000 K=1 ---
[2026-06-01 13:09:27]   [geth] Stopping (SIGTERM, waiting up to 120s for clean exit): 1144480
[2026-06-01 13:09:28]   [geth] exited cleanly after 1s
[2026-06-01 13:09:29]   [cache] OS page cache dropped
Fatal: Could not create the account: account already exists
[2026-06-01 13:09:29]   [geth] Starting (pbt, gd=5, cold=1, dev.period=1, 1tx/block)
[2026-06-01 13:09:29]   [geth] Waiting for RPC...
[2026-06-01 13:09:31]   [geth] RPC ready after 3s
[2026-06-01 13:09:31]   [bench] Running execute remote...
[2026-06-01 13:09:38]   [bench] exit=0 passed=1 failed=0
0 missing_trie_node=0
0
[2026-06-01 13:09:38] 
[2026-06-01 13:09:38]   --- storage_sload_k1_run14 (pbt) write-offset=21400000000 K=1 ---
[2026-06-01 13:09:38]   [geth] Stopping (SIGTERM, waiting up to 120s for clean exit): 1144554
[2026-06-01 13:09:39]   [geth] exited cleanly after 1s
[2026-06-01 13:09:39]   [cache] OS page cache dropped
Fatal: Could not create the account: account already exists
[2026-06-01 13:09:39]   [geth] Starting (pbt, gd=5, cold=1, dev.period=1, 1tx/block)
[2026-06-01 13:09:39]   [geth] Waiting for RPC...
[2026-06-01 13:09:42]   [geth] RPC ready after 3s
[2026-06-01 13:09:42]   [bench] Running execute remote...
[2026-06-01 13:09:49]   [bench] exit=0 passed=1 failed=0
0 missing_trie_node=0
0
[2026-06-01 13:09:49] 
[2026-06-01 13:09:49]   --- storage_sload_k1_run15 (pbt) write-offset=21500000000 K=1 ---
[2026-06-01 13:09:49]   [geth] Stopping (SIGTERM, waiting up to 120s for clean exit): 1144627
[2026-06-01 13:09:50]   [geth] exited cleanly after 1s
[2026-06-01 13:09:50]   [cache] OS page cache dropped
Fatal: Could not create the account: account already exists
[2026-06-01 13:09:50]   [geth] Starting (pbt, gd=5, cold=1, dev.period=1, 1tx/block)
[2026-06-01 13:09:50]   [geth] Waiting for RPC...
[2026-06-01 13:09:52]   [geth] RPC ready after 3s
[2026-06-01 13:09:52]   [bench] Running execute remote...
[2026-06-01 13:10:00]   [bench] exit=0 passed=1 failed=0
0 missing_trie_node=0
0
[2026-06-01 13:10:00] 
[2026-06-01 13:10:00]   --- storage_sload_k1_run16 (pbt) write-offset=21600000000 K=1 ---
[2026-06-01 13:10:00]   [geth] Stopping (SIGTERM, waiting up to 120s for clean exit): 1144701
[2026-06-01 13:10:01]   [geth] exited cleanly after 1s
[2026-06-01 13:10:01]   [cache] OS page cache dropped
Fatal: Could not create the account: account already exists
[2026-06-01 13:10:01]   [geth] Starting (pbt, gd=5, cold=1, dev.period=1, 1tx/block)
[2026-06-01 13:10:01]   [geth] Waiting for RPC...
[2026-06-01 13:10:03]   [geth] RPC ready after 3s
[2026-06-01 13:10:03]   [bench] Running execute remote...
[2026-06-01 13:10:11]   [bench] exit=0 passed=1 failed=0
0 missing_trie_node=0
0
[2026-06-01 13:10:11] 
[2026-06-01 13:10:11]   --- storage_sload_k1_run17 (pbt) write-offset=21700000000 K=1 ---
[2026-06-01 13:10:11]   [geth] Stopping (SIGTERM, waiting up to 120s for clean exit): 1144778
[2026-06-01 13:10:12]   [geth] exited cleanly after 1s
[2026-06-01 13:10:12]   [cache] OS page cache dropped
Fatal: Could not create the account: account already exists
[2026-06-01 13:10:12]   [geth] Starting (pbt, gd=5, cold=1, dev.period=1, 1tx/block)
[2026-06-01 13:10:12]   [geth] Waiting for RPC...
[2026-06-01 13:10:14]   [geth] RPC ready after 3s
[2026-06-01 13:10:14]   [bench] Running execute remote...
[2026-06-01 13:10:22]   [bench] exit=0 passed=1 failed=0
0 missing_trie_node=0
0
[2026-06-01 13:10:22] 
[2026-06-01 13:10:22]   --- storage_sload_k1_run18 (pbt) write-offset=21800000000 K=1 ---
[2026-06-01 13:10:22]   [geth] Stopping (SIGTERM, waiting up to 120s for clean exit): 1144859
[2026-06-01 13:10:23]   [geth] exited cleanly after 1s
[2026-06-01 13:10:23]   [cache] OS page cache dropped
Fatal: Could not create the account: account already exists
[2026-06-01 13:10:23]   [geth] Starting (pbt, gd=5, cold=1, dev.period=1, 1tx/block)
[2026-06-01 13:10:23]   [geth] Waiting for RPC...
[2026-06-01 13:10:25]   [geth] RPC ready after 3s
[2026-06-01 13:10:25]   [bench] Running execute remote...
[2026-06-01 13:10:33]   [bench] exit=0 passed=1 failed=0
0 missing_trie_node=0
0
[2026-06-01 13:10:33] 
[2026-06-01 13:10:33]   --- storage_sload_k1_run19 (pbt) write-offset=21900000000 K=1 ---
[2026-06-01 13:10:33]   [geth] Stopping (SIGTERM, waiting up to 120s for clean exit): 1144934
[2026-06-01 13:10:34]   [geth] exited cleanly after 1s
[2026-06-01 13:10:34]   [cache] OS page cache dropped
Fatal: Could not create the account: account already exists
[2026-06-01 13:10:34]   [geth] Starting (pbt, gd=5, cold=1, dev.period=1, 1tx/block)
[2026-06-01 13:10:34]   [geth] Waiting for RPC...
[2026-06-01 13:10:36]   [geth] RPC ready after 3s
[2026-06-01 13:10:36]   [bench] Running execute remote...
[2026-06-01 13:10:43]   [bench] exit=0 passed=1 failed=0
0 missing_trie_node=0
0
[2026-06-01 13:10:43] 
[2026-06-01 13:10:43]   --- storage_sload_k1_run20 (pbt) write-offset=22000000000 K=1 ---
[2026-06-01 13:10:43]   [geth] Stopping (SIGTERM, waiting up to 120s for clean exit): 1145009
[2026-06-01 13:10:44]   [geth] exited cleanly after 1s
[2026-06-01 13:10:44]   [cache] OS page cache dropped
Fatal: Could not create the account: account already exists
[2026-06-01 13:10:44]   [geth] Starting (pbt, gd=5, cold=1, dev.period=1, 1tx/block)
[2026-06-01 13:10:44]   [geth] Waiting for RPC...
[2026-06-01 13:10:46]   [geth] RPC ready after 3s
[2026-06-01 13:10:46]   [bench] Running execute remote...
[2026-06-01 13:10:53]   [bench] exit=0 passed=1 failed=0
0 missing_trie_node=0
0
[2026-06-01 13:10:53] 
[2026-06-01 13:10:53]   ── BENCHMARK: storage_sload_k10 (pool=256 contracts; effective K=10)
[2026-06-01 13:10:53] 
[2026-06-01 13:10:53]   --- storage_sload_k10_run1 (pbt) write-offset=20100000000 K=10 ---
[2026-06-01 13:10:53]   [geth] Stopping (SIGTERM, waiting up to 120s for clean exit): 1145083
[2026-06-01 13:10:54]   [geth] exited cleanly after 1s
[2026-06-01 13:10:55]   [cache] OS page cache dropped
Fatal: Could not create the account: account already exists
[2026-06-01 13:10:55]   [geth] Starting (pbt, gd=5, cold=1, dev.period=1, 1tx/block)
[2026-06-01 13:10:55]   [geth] Waiting for RPC...
[2026-06-01 13:10:57]   [geth] RPC ready after 3s
[2026-06-01 13:10:57]   [bench] Running execute remote...
[2026-06-01 13:11:03]   [bench] exit=0 passed=1 failed=0
0 missing_trie_node=0
0
[2026-06-01 13:11:03] 
[2026-06-01 13:11:03]   --- storage_sload_k10_run2 (pbt) write-offset=20200000000 K=10 ---
[2026-06-01 13:11:03]   [geth] Stopping (SIGTERM, waiting up to 120s for clean exit): 1145183
[2026-06-01 13:11:04]   [geth] exited cleanly after 1s
[2026-06-01 13:11:04]   [cache] OS page cache dropped
Fatal: Could not create the account: account already exists
[2026-06-01 13:11:05]   [geth] Starting (pbt, gd=5, cold=1, dev.period=1, 1tx/block)
[2026-06-01 13:11:05]   [geth] Waiting for RPC...
[2026-06-01 13:11:07]   [geth] RPC ready after 3s
[2026-06-01 13:11:07]   [bench] Running execute remote...
[2026-06-01 13:11:14]   [bench] exit=0 passed=1 failed=0
0 missing_trie_node=0
0
[2026-06-01 13:11:14] 
[2026-06-01 13:11:14]   --- storage_sload_k10_run3 (pbt) write-offset=20300000000 K=10 ---
[2026-06-01 13:11:14]   [geth] Stopping (SIGTERM, waiting up to 120s for clean exit): 1145337
[2026-06-01 13:11:15]   [geth] exited cleanly after 1s
[2026-06-01 13:11:15]   [cache] OS page cache dropped
Fatal: Could not create the account: account already exists
[2026-06-01 13:11:15]   [geth] Starting (pbt, gd=5, cold=1, dev.period=1, 1tx/block)
[2026-06-01 13:11:15]   [geth] Waiting for RPC...
[2026-06-01 13:11:17]   [geth] RPC ready after 3s
[2026-06-01 13:11:17]   [bench] Running execute remote...
[2026-06-01 13:11:25]   [bench] exit=0 passed=1 failed=0
0 missing_trie_node=0
0
[2026-06-01 13:11:25] 
[2026-06-01 13:11:25]   --- storage_sload_k10_run4 (pbt) write-offset=20400000000 K=10 ---
[2026-06-01 13:11:25]   [geth] Stopping (SIGTERM, waiting up to 120s for clean exit): 1145412
[2026-06-01 13:11:26]   [geth] exited cleanly after 1s
[2026-06-01 13:11:26]   [cache] OS page cache dropped
Fatal: Could not create the account: account already exists
[2026-06-01 13:11:26]   [geth] Starting (pbt, gd=5, cold=1, dev.period=1, 1tx/block)
[2026-06-01 13:11:26]   [geth] Waiting for RPC...
[2026-06-01 13:11:28]   [geth] RPC ready after 3s
[2026-06-01 13:11:28]   [bench] Running execute remote...
[2026-06-01 13:11:36]   [bench] exit=0 passed=1 failed=0
0 missing_trie_node=0
0
[2026-06-01 13:11:36] 
[2026-06-01 13:11:36]   --- storage_sload_k10_run5 (pbt) write-offset=20500000000 K=10 ---
[2026-06-01 13:11:36]   [geth] Stopping (SIGTERM, waiting up to 120s for clean exit): 1145487
[2026-06-01 13:11:37]   [geth] exited cleanly after 1s
[2026-06-01 13:11:37]   [cache] OS page cache dropped
Fatal: Could not create the account: account already exists
[2026-06-01 13:11:37]   [geth] Starting (pbt, gd=5, cold=1, dev.period=1, 1tx/block)
[2026-06-01 13:11:37]   [geth] Waiting for RPC...
[2026-06-01 13:11:39]   [geth] RPC ready after 3s
[2026-06-01 13:11:39]   [bench] Running execute remote...
[2026-06-01 13:11:47]   [bench] exit=0 passed=1 failed=0
0 missing_trie_node=0
0
[2026-06-01 13:11:47] 
[2026-06-01 13:11:47]   --- storage_sload_k10_run6 (pbt) write-offset=20600000000 K=10 ---
[2026-06-01 13:11:47]   [geth] Stopping (SIGTERM, waiting up to 120s for clean exit): 1145562
[2026-06-01 13:11:48]   [geth] exited cleanly after 1s
[2026-06-01 13:11:48]   [cache] OS page cache dropped
Fatal: Could not create the account: account already exists
[2026-06-01 13:11:48]   [geth] Starting (pbt, gd=5, cold=1, dev.period=1, 1tx/block)
[2026-06-01 13:11:48]   [geth] Waiting for RPC...
[2026-06-01 13:11:50]   [geth] RPC ready after 3s
[2026-06-01 13:11:50]   [bench] Running execute remote...
[2026-06-01 13:11:58]   [bench] exit=0 passed=1 failed=0
0 missing_trie_node=0
0
[2026-06-01 13:11:58] 
[2026-06-01 13:11:58]   --- storage_sload_k10_run7 (pbt) write-offset=20700000000 K=10 ---
[2026-06-01 13:11:58]   [geth] Stopping (SIGTERM, waiting up to 120s for clean exit): 1145639
[2026-06-01 13:11:59]   [geth] exited cleanly after 1s
[2026-06-01 13:11:59]   [cache] OS page cache dropped
Fatal: Could not create the account: account already exists
[2026-06-01 13:11:59]   [geth] Starting (pbt, gd=5, cold=1, dev.period=1, 1tx/block)
[2026-06-01 13:11:59]   [geth] Waiting for RPC...
[2026-06-01 13:12:01]   [geth] RPC ready after 3s
[2026-06-01 13:12:01]   [bench] Running execute remote...
[2026-06-01 13:12:09]   [bench] exit=0 passed=1 failed=0
0 missing_trie_node=0
0
[2026-06-01 13:12:09] 
[2026-06-01 13:12:09]   --- storage_sload_k10_run8 (pbt) write-offset=20800000000 K=10 ---
[2026-06-01 13:12:09]   [geth] Stopping (SIGTERM, waiting up to 120s for clean exit): 1145715
[2026-06-01 13:12:10]   [geth] exited cleanly after 1s
[2026-06-01 13:12:10]   [cache] OS page cache dropped
Fatal: Could not create the account: account already exists
[2026-06-01 13:12:10]   [geth] Starting (pbt, gd=5, cold=1, dev.period=1, 1tx/block)
[2026-06-01 13:12:10]   [geth] Waiting for RPC...
[2026-06-01 13:12:12]   [geth] RPC ready after 3s
[2026-06-01 13:12:12]   [bench] Running execute remote...
[2026-06-01 13:12:20]   [bench] exit=0 passed=1 failed=0
0 missing_trie_node=0
0
[2026-06-01 13:12:20] 
[2026-06-01 13:12:20]   --- storage_sload_k10_run9 (pbt) write-offset=20900000000 K=10 ---
[2026-06-01 13:12:20]   [geth] Stopping (SIGTERM, waiting up to 120s for clean exit): 1145792
[2026-06-01 13:12:21]   [geth] exited cleanly after 1s
[2026-06-01 13:12:21]   [cache] OS page cache dropped
Fatal: Could not create the account: account already exists
[2026-06-01 13:12:21]   [geth] Starting (pbt, gd=5, cold=1, dev.period=1, 1tx/block)
[2026-06-01 13:12:21]   [geth] Waiting for RPC...
[2026-06-01 13:12:23]   [geth] RPC ready after 3s
[2026-06-01 13:12:23]   [bench] Running execute remote...
[2026-06-01 13:12:30]   [bench] exit=0 passed=1 failed=0
0 missing_trie_node=0
0
[2026-06-01 13:12:30] 
[2026-06-01 13:12:30]   --- storage_sload_k10_run10 (pbt) write-offset=21000000000 K=10 ---
[2026-06-01 13:12:30]   [geth] Stopping (SIGTERM, waiting up to 120s for clean exit): 1145868
[2026-06-01 13:12:31]   [geth] exited cleanly after 1s
[2026-06-01 13:12:31]   [cache] OS page cache dropped
Fatal: Could not create the account: account already exists
[2026-06-01 13:12:32]   [geth] Starting (pbt, gd=5, cold=1, dev.period=1, 1tx/block)
[2026-06-01 13:12:32]   [geth] Waiting for RPC...
[2026-06-01 13:12:34]   [geth] RPC ready after 3s
[2026-06-01 13:12:34]   [bench] Running execute remote...
[2026-06-01 13:12:41]   [bench] exit=0 passed=1 failed=0
0 missing_trie_node=0
0
[2026-06-01 13:12:41] 
[2026-06-01 13:12:41]   --- storage_sload_k10_run11 (pbt) write-offset=21100000000 K=10 ---
[2026-06-01 13:12:41]   [geth] Stopping (SIGTERM, waiting up to 120s for clean exit): 1145942
[2026-06-01 13:12:42]   [geth] exited cleanly after 1s
[2026-06-01 13:12:42]   [cache] OS page cache dropped
Fatal: Could not create the account: account already exists
[2026-06-01 13:12:42]   [geth] Starting (pbt, gd=5, cold=1, dev.period=1, 1tx/block)
[2026-06-01 13:12:42]   [geth] Waiting for RPC...
[2026-06-01 13:12:44]   [geth] RPC ready after 3s
[2026-06-01 13:12:44]   [bench] Running execute remote...
[2026-06-01 13:12:52]   [bench] exit=0 passed=1 failed=0
0 missing_trie_node=0
0
[2026-06-01 13:12:52] 
[2026-06-01 13:12:52]   --- storage_sload_k10_run12 (pbt) write-offset=21200000000 K=10 ---
[2026-06-01 13:12:52]   [geth] Stopping (SIGTERM, waiting up to 120s for clean exit): 1146017
[2026-06-01 13:12:53]   [geth] exited cleanly after 1s
[2026-06-01 13:12:53]   [cache] OS page cache dropped
Fatal: Could not create the account: account already exists
[2026-06-01 13:12:53]   [geth] Starting (pbt, gd=5, cold=1, dev.period=1, 1tx/block)
[2026-06-01 13:12:53]   [geth] Waiting for RPC...
[2026-06-01 13:12:55]   [geth] RPC ready after 3s
[2026-06-01 13:12:55]   [bench] Running execute remote...
[2026-06-01 13:13:03]   [bench] exit=0 passed=1 failed=0
0 missing_trie_node=0
0
[2026-06-01 13:13:03] 
[2026-06-01 13:13:03]   --- storage_sload_k10_run13 (pbt) write-offset=21300000000 K=10 ---
[2026-06-01 13:13:03]   [geth] Stopping (SIGTERM, waiting up to 120s for clean exit): 1146093
[2026-06-01 13:13:04]   [geth] exited cleanly after 1s
[2026-06-01 13:13:04]   [cache] OS page cache dropped
Fatal: Could not create the account: account already exists
[2026-06-01 13:13:04]   [geth] Starting (pbt, gd=5, cold=1, dev.period=1, 1tx/block)
[2026-06-01 13:13:04]   [geth] Waiting for RPC...
[2026-06-01 13:13:06]   [geth] RPC ready after 3s
[2026-06-01 13:13:06]   [bench] Running execute remote...
[2026-06-01 13:13:13]   [bench] exit=0 passed=1 failed=0
0 missing_trie_node=0
0
[2026-06-01 13:13:13] 
[2026-06-01 13:13:13]   --- storage_sload_k10_run14 (pbt) write-offset=21400000000 K=10 ---
[2026-06-01 13:13:13]   [geth] Stopping (SIGTERM, waiting up to 120s for clean exit): 1146170
[2026-06-01 13:13:14]   [geth] exited cleanly after 1s
[2026-06-01 13:13:14]   [cache] OS page cache dropped
Fatal: Could not create the account: account already exists
[2026-06-01 13:13:15]   [geth] Starting (pbt, gd=5, cold=1, dev.period=1, 1tx/block)
[2026-06-01 13:13:15]   [geth] Waiting for RPC...
[2026-06-01 13:13:17]   [geth] RPC ready after 3s
[2026-06-01 13:13:17]   [bench] Running execute remote...
[2026-06-01 13:13:24]   [bench] exit=0 passed=1 failed=0
0 missing_trie_node=0
0
[2026-06-01 13:13:24] 
[2026-06-01 13:13:24]   --- storage_sload_k10_run15 (pbt) write-offset=21500000000 K=10 ---
[2026-06-01 13:13:24]   [geth] Stopping (SIGTERM, waiting up to 120s for clean exit): 1146246
[2026-06-01 13:13:25]   [geth] exited cleanly after 1s
[2026-06-01 13:13:25]   [cache] OS page cache dropped
Fatal: Could not create the account: account already exists
[2026-06-01 13:13:25]   [geth] Starting (pbt, gd=5, cold=1, dev.period=1, 1tx/block)
[2026-06-01 13:13:25]   [geth] Waiting for RPC...
[2026-06-01 13:13:27]   [geth] RPC ready after 3s
[2026-06-01 13:13:27]   [bench] Running execute remote...
[2026-06-01 13:13:35]   [bench] exit=0 passed=1 failed=0
0 missing_trie_node=0
0
[2026-06-01 13:13:35] 
[2026-06-01 13:13:35]   --- storage_sload_k10_run16 (pbt) write-offset=21600000000 K=10 ---
[2026-06-01 13:13:35]   [geth] Stopping (SIGTERM, waiting up to 120s for clean exit): 1146322
[2026-06-01 13:13:36]   [geth] exited cleanly after 1s
[2026-06-01 13:13:36]   [cache] OS page cache dropped
Fatal: Could not create the account: account already exists
[2026-06-01 13:13:36]   [geth] Starting (pbt, gd=5, cold=1, dev.period=1, 1tx/block)
[2026-06-01 13:13:36]   [geth] Waiting for RPC...
[2026-06-01 13:13:38]   [geth] RPC ready after 3s
[2026-06-01 13:13:38]   [bench] Running execute remote...
[2026-06-01 13:13:46]   [bench] exit=0 passed=1 failed=0
0 missing_trie_node=0
0
[2026-06-01 13:13:46] 
[2026-06-01 13:13:46]   --- storage_sload_k10_run17 (pbt) write-offset=21700000000 K=10 ---
[2026-06-01 13:13:46]   [geth] Stopping (SIGTERM, waiting up to 120s for clean exit): 1146397
[2026-06-01 13:13:47]   [geth] exited cleanly after 1s
[2026-06-01 13:13:47]   [cache] OS page cache dropped
Fatal: Could not create the account: account already exists
[2026-06-01 13:13:47]   [geth] Starting (pbt, gd=5, cold=1, dev.period=1, 1tx/block)
[2026-06-01 13:13:47]   [geth] Waiting for RPC...
[2026-06-01 13:13:49]   [geth] RPC ready after 3s
[2026-06-01 13:13:49]   [bench] Running execute remote...
[2026-06-01 13:13:56]   [bench] exit=0 passed=1 failed=0
0 missing_trie_node=0
0
[2026-06-01 13:13:56] 
[2026-06-01 13:13:56]   --- storage_sload_k10_run18 (pbt) write-offset=21800000000 K=10 ---
[2026-06-01 13:13:56]   [geth] Stopping (SIGTERM, waiting up to 120s for clean exit): 1146475
[2026-06-01 13:13:57]   [geth] exited cleanly after 1s
[2026-06-01 13:13:58]   [cache] OS page cache dropped
Fatal: Could not create the account: account already exists
[2026-06-01 13:13:58]   [geth] Starting (pbt, gd=5, cold=1, dev.period=1, 1tx/block)
[2026-06-01 13:13:58]   [geth] Waiting for RPC...
[2026-06-01 13:14:00]   [geth] RPC ready after 3s
[2026-06-01 13:14:00]   [bench] Running execute remote...
[2026-06-01 13:14:07]   [bench] exit=0 passed=1 failed=0
0 missing_trie_node=0
0
[2026-06-01 13:14:07] 
[2026-06-01 13:14:07]   --- storage_sload_k10_run19 (pbt) write-offset=21900000000 K=10 ---
[2026-06-01 13:14:07]   [geth] Stopping (SIGTERM, waiting up to 120s for clean exit): 1146553
[2026-06-01 13:14:08]   [geth] exited cleanly after 1s
[2026-06-01 13:14:08]   [cache] OS page cache dropped
Fatal: Could not create the account: account already exists
[2026-06-01 13:14:08]   [geth] Starting (pbt, gd=5, cold=1, dev.period=1, 1tx/block)
[2026-06-01 13:14:08]   [geth] Waiting for RPC...
[2026-06-01 13:14:11]   [geth] RPC ready after 3s
[2026-06-01 13:14:11]   [bench] Running execute remote...
[2026-06-01 13:14:18]   [bench] exit=0 passed=1 failed=0
0 missing_trie_node=0
0
[2026-06-01 13:14:18] 
[2026-06-01 13:14:18]   --- storage_sload_k10_run20 (pbt) write-offset=22000000000 K=10 ---
[2026-06-01 13:14:18]   [geth] Stopping (SIGTERM, waiting up to 120s for clean exit): 1146629
[2026-06-01 13:14:19]   [geth] exited cleanly after 1s
[2026-06-01 13:14:19]   [cache] OS page cache dropped
Fatal: Could not create the account: account already exists
[2026-06-01 13:14:19]   [geth] Starting (pbt, gd=5, cold=1, dev.period=1, 1tx/block)
[2026-06-01 13:14:19]   [geth] Waiting for RPC...
[2026-06-01 13:14:21]   [geth] RPC ready after 3s
[2026-06-01 13:14:21]   [bench] Running execute remote...
[2026-06-01 13:14:29]   [bench] exit=0 passed=1 failed=0
0 missing_trie_node=0
0
[2026-06-01 13:14:29] 
[2026-06-01 13:14:29]   ── BENCHMARK: storage_sload_k100 (pool=256 contracts; effective K=100)
[2026-06-01 13:14:29] 
[2026-06-01 13:14:29]   --- storage_sload_k100_run1 (pbt) write-offset=20100000000 K=100 ---
[2026-06-01 13:14:29]   [geth] Stopping (SIGTERM, waiting up to 120s for clean exit): 1146702
[2026-06-01 13:14:30]   [geth] exited cleanly after 1s
[2026-06-01 13:14:30]   [cache] OS page cache dropped
Fatal: Could not create the account: account already exists
[2026-06-01 13:14:30]   [geth] Starting (pbt, gd=5, cold=1, dev.period=1, 1tx/block)
[2026-06-01 13:14:30]   [geth] Waiting for RPC...
[2026-06-01 13:14:32]   [geth] RPC ready after 3s
[2026-06-01 13:14:32]   [bench] Running execute remote...
[2026-06-01 13:14:40]   [bench] exit=0 passed=1 failed=0
0 missing_trie_node=0
0
[2026-06-01 13:14:40] 
[2026-06-01 13:14:40]   --- storage_sload_k100_run2 (pbt) write-offset=20200000000 K=100 ---
[2026-06-01 13:14:40]   [geth] Stopping (SIGTERM, waiting up to 120s for clean exit): 1146801
[2026-06-01 13:14:41]   [geth] exited cleanly after 1s
[2026-06-01 13:14:41]   [cache] OS page cache dropped
Fatal: Could not create the account: account already exists
[2026-06-01 13:14:41]   [geth] Starting (pbt, gd=5, cold=1, dev.period=1, 1tx/block)
[2026-06-01 13:14:41]   [geth] Waiting for RPC...
[2026-06-01 13:14:43]   [geth] RPC ready after 3s
[2026-06-01 13:14:43]   [bench] Running execute remote...
[2026-06-01 13:14:51]   [bench] exit=0 passed=1 failed=0
0 missing_trie_node=0
0
[2026-06-01 13:14:51] 
[2026-06-01 13:14:51]   --- storage_sload_k100_run3 (pbt) write-offset=20300000000 K=100 ---
[2026-06-01 13:14:51]   [geth] Stopping (SIGTERM, waiting up to 120s for clean exit): 1146875
[2026-06-01 13:14:52]   [geth] exited cleanly after 1s
[2026-06-01 13:14:52]   [cache] OS page cache dropped
Fatal: Could not create the account: account already exists
[2026-06-01 13:14:52]   [geth] Starting (pbt, gd=5, cold=1, dev.period=1, 1tx/block)
[2026-06-01 13:14:52]   [geth] Waiting for RPC...
[2026-06-01 13:14:54]   [geth] RPC ready after 3s
[2026-06-01 13:14:54]   [bench] Running execute remote...
[2026-06-01 13:15:00]   [bench] exit=0 passed=1 failed=0
0 missing_trie_node=0
0
[2026-06-01 13:15:00] 
[2026-06-01 13:15:00]   --- storage_sload_k100_run4 (pbt) write-offset=20400000000 K=100 ---
[2026-06-01 13:15:00]   [geth] Stopping (SIGTERM, waiting up to 120s for clean exit): 1146950
[2026-06-01 13:15:01]   [geth] exited cleanly after 1s
[2026-06-01 13:15:02]   [cache] OS page cache dropped
Fatal: Could not create the account: account already exists
[2026-06-01 13:15:02]   [geth] Starting (pbt, gd=5, cold=1, dev.period=1, 1tx/block)
[2026-06-01 13:15:02]   [geth] Waiting for RPC...
[2026-06-01 13:15:04]   [geth] RPC ready after 3s
[2026-06-01 13:15:04]   [bench] Running execute remote...
[2026-06-01 13:15:11]   [bench] exit=0 passed=1 failed=0
0 missing_trie_node=0
0
[2026-06-01 13:15:11] 
[2026-06-01 13:15:11]   --- storage_sload_k100_run5 (pbt) write-offset=20500000000 K=100 ---
[2026-06-01 13:15:11]   [geth] Stopping (SIGTERM, waiting up to 120s for clean exit): 1147027
[2026-06-01 13:15:12]   [geth] exited cleanly after 1s
[2026-06-01 13:15:12]   [cache] OS page cache dropped
Fatal: Could not create the account: account already exists
[2026-06-01 13:15:12]   [geth] Starting (pbt, gd=5, cold=1, dev.period=1, 1tx/block)
[2026-06-01 13:15:12]   [geth] Waiting for RPC...
[2026-06-01 13:15:14]   [geth] RPC ready after 3s
[2026-06-01 13:15:14]   [bench] Running execute remote...
[2026-06-01 13:15:22]   [bench] exit=0 passed=1 failed=0
0 missing_trie_node=0
0
[2026-06-01 13:15:22] 
[2026-06-01 13:15:22]   --- storage_sload_k100_run6 (pbt) write-offset=20600000000 K=100 ---
[2026-06-01 13:15:22]   [geth] Stopping (SIGTERM, waiting up to 120s for clean exit): 1147103
[2026-06-01 13:15:23]   [geth] exited cleanly after 1s
[2026-06-01 13:15:23]   [cache] OS page cache dropped
Fatal: Could not create the account: account already exists
[2026-06-01 13:15:23]   [geth] Starting (pbt, gd=5, cold=1, dev.period=1, 1tx/block)
[2026-06-01 13:15:23]   [geth] Waiting for RPC...
[2026-06-01 13:15:25]   [geth] RPC ready after 3s
[2026-06-01 13:15:25]   [bench] Running execute remote...
[2026-06-01 13:15:33]   [bench] exit=0 passed=1 failed=0
0 missing_trie_node=0
0
[2026-06-01 13:15:33] 
[2026-06-01 13:15:33]   --- storage_sload_k100_run7 (pbt) write-offset=20700000000 K=100 ---
[2026-06-01 13:15:33]   [geth] Stopping (SIGTERM, waiting up to 120s for clean exit): 1147178
[2026-06-01 13:15:34]   [geth] exited cleanly after 1s
[2026-06-01 13:15:34]   [cache] OS page cache dropped
Fatal: Could not create the account: account already exists
[2026-06-01 13:15:34]   [geth] Starting (pbt, gd=5, cold=1, dev.period=1, 1tx/block)
[2026-06-01 13:15:34]   [geth] Waiting for RPC...
[2026-06-01 13:15:36]   [geth] RPC ready after 3s
[2026-06-01 13:15:36]   [bench] Running execute remote...
[2026-06-01 13:15:43]   [bench] exit=0 passed=1 failed=0
0 missing_trie_node=0
0
[2026-06-01 13:15:43] 
[2026-06-01 13:15:43]   --- storage_sload_k100_run8 (pbt) write-offset=20800000000 K=100 ---
[2026-06-01 13:15:43]   [geth] Stopping (SIGTERM, waiting up to 120s for clean exit): 1147254
[2026-06-01 13:15:44]   [geth] exited cleanly after 1s
[2026-06-01 13:15:44]   [cache] OS page cache dropped
Fatal: Could not create the account: account already exists
[2026-06-01 13:15:45]   [geth] Starting (pbt, gd=5, cold=1, dev.period=1, 1tx/block)
[2026-06-01 13:15:45]   [geth] Waiting for RPC...
[2026-06-01 13:15:47]   [geth] RPC ready after 3s
[2026-06-01 13:15:47]   [bench] Running execute remote...
[2026-06-01 13:15:54]   [bench] exit=0 passed=1 failed=0
0 missing_trie_node=0
0
[2026-06-01 13:15:54] 
[2026-06-01 13:15:54]   --- storage_sload_k100_run9 (pbt) write-offset=20900000000 K=100 ---
[2026-06-01 13:15:54]   [geth] Stopping (SIGTERM, waiting up to 120s for clean exit): 1147330
[2026-06-01 13:15:55]   [geth] exited cleanly after 1s
[2026-06-01 13:15:55]   [cache] OS page cache dropped
Fatal: Could not create the account: account already exists
[2026-06-01 13:15:55]   [geth] Starting (pbt, gd=5, cold=1, dev.period=1, 1tx/block)
[2026-06-01 13:15:55]   [geth] Waiting for RPC...
[2026-06-01 13:15:57]   [geth] RPC ready after 3s
[2026-06-01 13:15:57]   [bench] Running execute remote...
[2026-06-01 13:16:05]   [bench] exit=0 passed=1 failed=0
0 missing_trie_node=0
0
[2026-06-01 13:16:05] 
[2026-06-01 13:16:05]   --- storage_sload_k100_run10 (pbt) write-offset=21000000000 K=100 ---
[2026-06-01 13:16:05]   [geth] Stopping (SIGTERM, waiting up to 120s for clean exit): 1147408
[2026-06-01 13:16:06]   [geth] exited cleanly after 1s
[2026-06-01 13:16:06]   [cache] OS page cache dropped
Fatal: Could not create the account: account already exists
[2026-06-01 13:16:06]   [geth] Starting (pbt, gd=5, cold=1, dev.period=1, 1tx/block)
[2026-06-01 13:16:06]   [geth] Waiting for RPC...
[2026-06-01 13:16:08]   [geth] RPC ready after 3s
[2026-06-01 13:16:08]   [bench] Running execute remote...
[2026-06-01 13:16:16]   [bench] exit=0 passed=1 failed=0
0 missing_trie_node=0
0
[2026-06-01 13:16:16] 
[2026-06-01 13:16:16]   --- storage_sload_k100_run11 (pbt) write-offset=21100000000 K=100 ---
[2026-06-01 13:16:16]   [geth] Stopping (SIGTERM, waiting up to 120s for clean exit): 1147489
[2026-06-01 13:16:17]   [geth] exited cleanly after 1s
[2026-06-01 13:16:17]   [cache] OS page cache dropped
Fatal: Could not create the account: account already exists
[2026-06-01 13:16:17]   [geth] Starting (pbt, gd=5, cold=1, dev.period=1, 1tx/block)
[2026-06-01 13:16:17]   [geth] Waiting for RPC...
[2026-06-01 13:16:19]   [geth] RPC ready after 3s
[2026-06-01 13:16:19]   [bench] Running execute remote...
[2026-06-01 13:16:27]   [bench] exit=0 passed=1 failed=0
0 missing_trie_node=0
0
[2026-06-01 13:16:27] 
[2026-06-01 13:16:27]   --- storage_sload_k100_run12 (pbt) write-offset=21200000000 K=100 ---
[2026-06-01 13:16:27]   [geth] Stopping (SIGTERM, waiting up to 120s for clean exit): 1147572
[2026-06-01 13:16:28]   [geth] exited cleanly after 1s
[2026-06-01 13:16:29]   [cache] OS page cache dropped
Fatal: Could not create the account: account already exists
[2026-06-01 13:16:29]   [geth] Starting (pbt, gd=5, cold=1, dev.period=1, 1tx/block)
[2026-06-01 13:16:29]   [geth] Waiting for RPC...
[2026-06-01 13:16:31]   [geth] RPC ready after 3s
[2026-06-01 13:16:31]   [bench] Running execute remote...
[2026-06-01 13:16:38]   [bench] exit=0 passed=1 failed=0
0 missing_trie_node=0
0
[2026-06-01 13:16:38] 
[2026-06-01 13:16:38]   --- storage_sload_k100_run13 (pbt) write-offset=21300000000 K=100 ---
[2026-06-01 13:16:38]   [geth] Stopping (SIGTERM, waiting up to 120s for clean exit): 1147648
[2026-06-01 13:16:39]   [geth] exited cleanly after 1s
[2026-06-01 13:16:39]   [cache] OS page cache dropped
Fatal: Could not create the account: account already exists
[2026-06-01 13:16:39]   [geth] Starting (pbt, gd=5, cold=1, dev.period=1, 1tx/block)
[2026-06-01 13:16:39]   [geth] Waiting for RPC...
[2026-06-01 13:16:41]   [geth] RPC ready after 3s
[2026-06-01 13:16:41]   [bench] Running execute remote...
[2026-06-01 13:16:49]   [bench] exit=0 passed=1 failed=0
0 missing_trie_node=0
0
[2026-06-01 13:16:49] 
[2026-06-01 13:16:49]   --- storage_sload_k100_run14 (pbt) write-offset=21400000000 K=100 ---
[2026-06-01 13:16:49]   [geth] Stopping (SIGTERM, waiting up to 120s for clean exit): 1147724
[2026-06-01 13:16:50]   [geth] exited cleanly after 1s
[2026-06-01 13:16:50]   [cache] OS page cache dropped
Fatal: Could not create the account: account already exists
[2026-06-01 13:16:50]   [geth] Starting (pbt, gd=5, cold=1, dev.period=1, 1tx/block)
[2026-06-01 13:16:50]   [geth] Waiting for RPC...
[2026-06-01 13:16:52]   [geth] RPC ready after 3s
[2026-06-01 13:16:52]   [bench] Running execute remote...
[2026-06-01 13:17:00]   [bench] exit=0 passed=1 failed=0
0 missing_trie_node=0
0
[2026-06-01 13:17:00] 
[2026-06-01 13:17:00]   --- storage_sload_k100_run15 (pbt) write-offset=21500000000 K=100 ---
[2026-06-01 13:17:00]   [geth] Stopping (SIGTERM, waiting up to 120s for clean exit): 1147800
[2026-06-01 13:17:01]   [geth] exited cleanly after 1s
[2026-06-01 13:17:01]   [cache] OS page cache dropped
Fatal: Could not create the account: account already exists
[2026-06-01 13:17:01]   [geth] Starting (pbt, gd=5, cold=1, dev.period=1, 1tx/block)
[2026-06-01 13:17:01]   [geth] Waiting for RPC...
[2026-06-01 13:17:03]   [geth] RPC ready after 3s
[2026-06-01 13:17:03]   [bench] Running execute remote...
[2026-06-01 13:17:10]   [bench] exit=0 passed=1 failed=0
0 missing_trie_node=0
0
[2026-06-01 13:17:10] 
[2026-06-01 13:17:10]   --- storage_sload_k100_run16 (pbt) write-offset=21600000000 K=100 ---
[2026-06-01 13:17:10]   [geth] Stopping (SIGTERM, waiting up to 120s for clean exit): 1147885
[2026-06-01 13:17:11]   [geth] exited cleanly after 1s
[2026-06-01 13:17:12]   [cache] OS page cache dropped
Fatal: Could not create the account: account already exists
[2026-06-01 13:17:12]   [geth] Starting (pbt, gd=5, cold=1, dev.period=1, 1tx/block)
[2026-06-01 13:17:12]   [geth] Waiting for RPC...
[2026-06-01 13:17:14]   [geth] RPC ready after 3s
[2026-06-01 13:17:14]   [bench] Running execute remote...
[2026-06-01 13:17:22]   [bench] exit=0 passed=1 failed=0
0 missing_trie_node=0
0
[2026-06-01 13:17:22] 
[2026-06-01 13:17:22]   --- storage_sload_k100_run17 (pbt) write-offset=21700000000 K=100 ---
[2026-06-01 13:17:22]   [geth] Stopping (SIGTERM, waiting up to 120s for clean exit): 1147962
[2026-06-01 13:17:23]   [geth] exited cleanly after 1s
[2026-06-01 13:17:23]   [cache] OS page cache dropped
Fatal: Could not create the account: account already exists
[2026-06-01 13:17:24]   [geth] Starting (pbt, gd=5, cold=1, dev.period=1, 1tx/block)
[2026-06-01 13:17:24]   [geth] Waiting for RPC...
[2026-06-01 13:17:26]   [geth] RPC ready after 3s
[2026-06-01 13:17:26]   [bench] Running execute remote...
[2026-06-01 13:17:32]   [bench] exit=0 passed=1 failed=0
0 missing_trie_node=0
0
[2026-06-01 13:17:32] 
[2026-06-01 13:17:32]   --- storage_sload_k100_run18 (pbt) write-offset=21800000000 K=100 ---
[2026-06-01 13:17:32]   [geth] Stopping (SIGTERM, waiting up to 120s for clean exit): 1148034
[2026-06-01 13:17:33]   [geth] exited cleanly after 1s
[2026-06-01 13:17:33]   [cache] OS page cache dropped
Fatal: Could not create the account: account already exists
[2026-06-01 13:17:33]   [geth] Starting (pbt, gd=5, cold=1, dev.period=1, 1tx/block)
[2026-06-01 13:17:33]   [geth] Waiting for RPC...
[2026-06-01 13:17:35]   [geth] RPC ready after 3s
[2026-06-01 13:17:35]   [bench] Running execute remote...
[2026-06-01 13:17:42]   [bench] exit=0 passed=1 failed=0
0 missing_trie_node=0
0
[2026-06-01 13:17:42] 
[2026-06-01 13:17:42]   --- storage_sload_k100_run19 (pbt) write-offset=21900000000 K=100 ---
[2026-06-01 13:17:42]   [geth] Stopping (SIGTERM, waiting up to 120s for clean exit): 1148108
[2026-06-01 13:17:43]   [geth] exited cleanly after 1s
[2026-06-01 13:17:43]   [cache] OS page cache dropped
Fatal: Could not create the account: account already exists
[2026-06-01 13:17:43]   [geth] Starting (pbt, gd=5, cold=1, dev.period=1, 1tx/block)
[2026-06-01 13:17:43]   [geth] Waiting for RPC...
[2026-06-01 13:17:45]   [geth] RPC ready after 3s
[2026-06-01 13:17:45]   [bench] Running execute remote...
[2026-06-01 13:17:53]   [bench] exit=0 passed=1 failed=0
0 missing_trie_node=0
0
[2026-06-01 13:17:53] 
[2026-06-01 13:17:53]   --- storage_sload_k100_run20 (pbt) write-offset=22000000000 K=100 ---
[2026-06-01 13:17:53]   [geth] Stopping (SIGTERM, waiting up to 120s for clean exit): 1148183
[2026-06-01 13:17:54]   [geth] exited cleanly after 1s
[2026-06-01 13:17:54]   [cache] OS page cache dropped
Fatal: Could not create the account: account already exists
[2026-06-01 13:17:54]   [geth] Starting (pbt, gd=5, cold=1, dev.period=1, 1tx/block)
[2026-06-01 13:17:54]   [geth] Waiting for RPC...
[2026-06-01 13:17:56]   [geth] RPC ready after 3s
[2026-06-01 13:17:56]   [bench] Running execute remote...
[2026-06-01 13:18:04]   [bench] exit=0 passed=1 failed=0
0 missing_trie_node=0
0
[2026-06-01 13:18:04] 
[2026-06-01 13:18:04]   ── BENCHMARK: storage_sload_k256 (pool=256 contracts; effective K=256)
[2026-06-01 13:18:04] 
[2026-06-01 13:18:04]   --- storage_sload_k256_run1 (pbt) write-offset=20100000000 K=256 ---
[2026-06-01 13:18:04]   [geth] Stopping (SIGTERM, waiting up to 120s for clean exit): 1148262
[2026-06-01 13:18:05]   [geth] exited cleanly after 1s
[2026-06-01 13:18:05]   [cache] OS page cache dropped
Fatal: Could not create the account: account already exists
[2026-06-01 13:18:05]   [geth] Starting (pbt, gd=5, cold=1, dev.period=1, 1tx/block)
[2026-06-01 13:18:05]   [geth] Waiting for RPC...
[2026-06-01 13:18:07]   [geth] RPC ready after 3s
[2026-06-01 13:18:07]   [bench] Running execute remote...
[2026-06-01 13:18:13]   [bench] exit=0 passed=1 failed=0
0 missing_trie_node=0
0
[2026-06-01 13:18:13] 
[2026-06-01 13:18:13]   --- storage_sload_k256_run2 (pbt) write-offset=20200000000 K=256 ---
[2026-06-01 13:18:13]   [geth] Stopping (SIGTERM, waiting up to 120s for clean exit): 1148363
[2026-06-01 13:18:14]   [geth] exited cleanly after 1s
[2026-06-01 13:18:15]   [cache] OS page cache dropped
Fatal: Could not create the account: account already exists
[2026-06-01 13:18:15]   [geth] Starting (pbt, gd=5, cold=1, dev.period=1, 1tx/block)
[2026-06-01 13:18:15]   [geth] Waiting for RPC...
[2026-06-01 13:18:17]   [geth] RPC ready after 3s
[2026-06-01 13:18:17]   [bench] Running execute remote...
[2026-06-01 13:18:23]   [bench] exit=0 passed=1 failed=0
0 missing_trie_node=0
0
[2026-06-01 13:18:23] 
[2026-06-01 13:18:23]   --- storage_sload_k256_run3 (pbt) write-offset=20300000000 K=256 ---
[2026-06-01 13:18:23]   [geth] Stopping (SIGTERM, waiting up to 120s for clean exit): 1148438
[2026-06-01 13:18:24]   [geth] exited cleanly after 1s
[2026-06-01 13:18:24]   [cache] OS page cache dropped
Fatal: Could not create the account: account already exists
[2026-06-01 13:18:24]   [geth] Starting (pbt, gd=5, cold=1, dev.period=1, 1tx/block)
[2026-06-01 13:18:24]   [geth] Waiting for RPC...
[2026-06-01 13:18:27]   [geth] RPC ready after 3s
[2026-06-01 13:18:27]   [bench] Running execute remote...
[2026-06-01 13:18:33]   [bench] exit=0 passed=1 failed=0
0 missing_trie_node=0
0
[2026-06-01 13:18:33] 
[2026-06-01 13:18:33]   --- storage_sload_k256_run4 (pbt) write-offset=20400000000 K=256 ---
[2026-06-01 13:18:33]   [geth] Stopping (SIGTERM, waiting up to 120s for clean exit): 1148512
[2026-06-01 13:18:34]   [geth] exited cleanly after 1s
[2026-06-01 13:18:34]   [cache] OS page cache dropped
Fatal: Could not create the account: account already exists
[2026-06-01 13:18:34]   [geth] Starting (pbt, gd=5, cold=1, dev.period=1, 1tx/block)
[2026-06-01 13:18:34]   [geth] Waiting for RPC...
[2026-06-01 13:18:36]   [geth] RPC ready after 3s
[2026-06-01 13:18:36]   [bench] Running execute remote...
[2026-06-01 13:18:43]   [bench] exit=0 passed=1 failed=0
0 missing_trie_node=0
0
[2026-06-01 13:18:43] 
[2026-06-01 13:18:43]   --- storage_sload_k256_run5 (pbt) write-offset=20500000000 K=256 ---
[2026-06-01 13:18:43]   [geth] Stopping (SIGTERM, waiting up to 120s for clean exit): 1148586
[2026-06-01 13:18:44]   [geth] exited cleanly after 1s
[2026-06-01 13:18:44]   [cache] OS page cache dropped
Fatal: Could not create the account: account already exists
[2026-06-01 13:18:44]   [geth] Starting (pbt, gd=5, cold=1, dev.period=1, 1tx/block)
[2026-06-01 13:18:44]   [geth] Waiting for RPC...
[2026-06-01 13:18:46]   [geth] RPC ready after 3s
[2026-06-01 13:18:46]   [bench] Running execute remote...
[2026-06-01 13:18:53]   [bench] exit=0 passed=1 failed=0
0 missing_trie_node=0
0
[2026-06-01 13:18:53] 
[2026-06-01 13:18:53]   --- storage_sload_k256_run6 (pbt) write-offset=20600000000 K=256 ---
[2026-06-01 13:18:53]   [geth] Stopping (SIGTERM, waiting up to 120s for clean exit): 1148661
[2026-06-01 13:18:54]   [geth] exited cleanly after 1s
[2026-06-01 13:18:54]   [cache] OS page cache dropped
Fatal: Could not create the account: account already exists
[2026-06-01 13:18:54]   [geth] Starting (pbt, gd=5, cold=1, dev.period=1, 1tx/block)
[2026-06-01 13:18:54]   [geth] Waiting for RPC...
[2026-06-01 13:18:56]   [geth] RPC ready after 3s
[2026-06-01 13:18:56]   [bench] Running execute remote...
[2026-06-01 13:19:02]   [bench] exit=0 passed=1 failed=0
0 missing_trie_node=0
0
[2026-06-01 13:19:02] 
[2026-06-01 13:19:02]   --- storage_sload_k256_run7 (pbt) write-offset=20700000000 K=256 ---
[2026-06-01 13:19:02]   [geth] Stopping (SIGTERM, waiting up to 120s for clean exit): 1148736
[2026-06-01 13:19:03]   [geth] exited cleanly after 1s
[2026-06-01 13:19:04]   [cache] OS page cache dropped
Fatal: Could not create the account: account already exists
[2026-06-01 13:19:04]   [geth] Starting (pbt, gd=5, cold=1, dev.period=1, 1tx/block)
[2026-06-01 13:19:04]   [geth] Waiting for RPC...
[2026-06-01 13:19:06]   [geth] RPC ready after 3s
[2026-06-01 13:19:06]   [bench] Running execute remote...
[2026-06-01 13:19:12]   [bench] exit=0 passed=1 failed=0
0 missing_trie_node=0
0
[2026-06-01 13:19:12] 
[2026-06-01 13:19:12]   --- storage_sload_k256_run8 (pbt) write-offset=20800000000 K=256 ---
[2026-06-01 13:19:12]   [geth] Stopping (SIGTERM, waiting up to 120s for clean exit): 1148811
[2026-06-01 13:19:13]   [geth] exited cleanly after 1s
[2026-06-01 13:19:13]   [cache] OS page cache dropped
Fatal: Could not create the account: account already exists
[2026-06-01 13:19:13]   [geth] Starting (pbt, gd=5, cold=1, dev.period=1, 1tx/block)
[2026-06-01 13:19:13]   [geth] Waiting for RPC...
[2026-06-01 13:19:15]   [geth] RPC ready after 3s
[2026-06-01 13:19:15]   [bench] Running execute remote...
[2026-06-01 13:19:23]   [bench] exit=0 passed=1 failed=0
0 missing_trie_node=0
0
[2026-06-01 13:19:23] 
[2026-06-01 13:19:23]   --- storage_sload_k256_run9 (pbt) write-offset=20900000000 K=256 ---
[2026-06-01 13:19:23]   [geth] Stopping (SIGTERM, waiting up to 120s for clean exit): 1148886
[2026-06-01 13:19:24]   [geth] exited cleanly after 1s
[2026-06-01 13:19:24]   [cache] OS page cache dropped
Fatal: Could not create the account: account already exists
[2026-06-01 13:19:24]   [geth] Starting (pbt, gd=5, cold=1, dev.period=1, 1tx/block)
[2026-06-01 13:19:24]   [geth] Waiting for RPC...
[2026-06-01 13:19:26]   [geth] RPC ready after 3s
[2026-06-01 13:19:26]   [bench] Running execute remote...
[2026-06-01 13:19:33]   [bench] exit=0 passed=1 failed=0
0 missing_trie_node=0
0
[2026-06-01 13:19:33] 
[2026-06-01 13:19:33]   --- storage_sload_k256_run10 (pbt) write-offset=21000000000 K=256 ---
[2026-06-01 13:19:33]   [geth] Stopping (SIGTERM, waiting up to 120s for clean exit): 1148960
[2026-06-01 13:19:34]   [geth] exited cleanly after 1s
[2026-06-01 13:19:34]   [cache] OS page cache dropped
Fatal: Could not create the account: account already exists
[2026-06-01 13:19:34]   [geth] Starting (pbt, gd=5, cold=1, dev.period=1, 1tx/block)
[2026-06-01 13:19:34]   [geth] Waiting for RPC...
[2026-06-01 13:19:36]   [geth] RPC ready after 3s
[2026-06-01 13:19:36]   [bench] Running execute remote...
[2026-06-01 13:19:44]   [bench] exit=0 passed=1 failed=0
0 missing_trie_node=0
0
[2026-06-01 13:19:44] 
[2026-06-01 13:19:44]   --- storage_sload_k256_run11 (pbt) write-offset=21100000000 K=256 ---
[2026-06-01 13:19:44]   [geth] Stopping (SIGTERM, waiting up to 120s for clean exit): 1149037
[2026-06-01 13:19:45]   [geth] exited cleanly after 1s
[2026-06-01 13:19:45]   [cache] OS page cache dropped
Fatal: Could not create the account: account already exists
[2026-06-01 13:19:45]   [geth] Starting (pbt, gd=5, cold=1, dev.period=1, 1tx/block)
[2026-06-01 13:19:45]   [geth] Waiting for RPC...
[2026-06-01 13:19:47]   [geth] RPC ready after 3s
[2026-06-01 13:19:47]   [bench] Running execute remote...
[2026-06-01 13:19:54]   [bench] exit=0 passed=1 failed=0
0 missing_trie_node=0
0
[2026-06-01 13:19:54] 
[2026-06-01 13:19:54]   --- storage_sload_k256_run12 (pbt) write-offset=21200000000 K=256 ---
[2026-06-01 13:19:54]   [geth] Stopping (SIGTERM, waiting up to 120s for clean exit): 1149116
[2026-06-01 13:19:55]   [geth] exited cleanly after 1s
[2026-06-01 13:19:55]   [cache] OS page cache dropped
Fatal: Could not create the account: account already exists
[2026-06-01 13:19:56]   [geth] Starting (pbt, gd=5, cold=1, dev.period=1, 1tx/block)
[2026-06-01 13:19:56]   [geth] Waiting for RPC...
[2026-06-01 13:19:58]   [geth] RPC ready after 3s
[2026-06-01 13:19:58]   [bench] Running execute remote...
[2026-06-01 13:20:04]   [bench] exit=0 passed=1 failed=0
0 missing_trie_node=0
0
[2026-06-01 13:20:04] 
[2026-06-01 13:20:04]   --- storage_sload_k256_run13 (pbt) write-offset=21300000000 K=256 ---
[2026-06-01 13:20:04]   [geth] Stopping (SIGTERM, waiting up to 120s for clean exit): 1149189
[2026-06-01 13:20:05]   [geth] exited cleanly after 1s
[2026-06-01 13:20:05]   [cache] OS page cache dropped
Fatal: Could not create the account: account already exists
[2026-06-01 13:20:05]   [geth] Starting (pbt, gd=5, cold=1, dev.period=1, 1tx/block)
[2026-06-01 13:20:05]   [geth] Waiting for RPC...
[2026-06-01 13:20:07]   [geth] RPC ready after 3s
[2026-06-01 13:20:07]   [bench] Running execute remote...
[2026-06-01 13:20:15]   [bench] exit=0 passed=1 failed=0
0 missing_trie_node=0
0
[2026-06-01 13:20:15] 
[2026-06-01 13:20:15]   --- storage_sload_k256_run14 (pbt) write-offset=21400000000 K=256 ---
[2026-06-01 13:20:15]   [geth] Stopping (SIGTERM, waiting up to 120s for clean exit): 1149273
[2026-06-01 13:20:16]   [geth] exited cleanly after 1s
[2026-06-01 13:20:16]   [cache] OS page cache dropped
Fatal: Could not create the account: account already exists
[2026-06-01 13:20:16]   [geth] Starting (pbt, gd=5, cold=1, dev.period=1, 1tx/block)
[2026-06-01 13:20:16]   [geth] Waiting for RPC...
[2026-06-01 13:20:18]   [geth] RPC ready after 3s
[2026-06-01 13:20:18]   [bench] Running execute remote...
[2026-06-01 13:20:25]   [bench] exit=0 passed=1 failed=0
0 missing_trie_node=0
0
[2026-06-01 13:20:25] 
[2026-06-01 13:20:25]   --- storage_sload_k256_run15 (pbt) write-offset=21500000000 K=256 ---
[2026-06-01 13:20:25]   [geth] Stopping (SIGTERM, waiting up to 120s for clean exit): 1149380
[2026-06-01 13:20:26]   [geth] exited cleanly after 1s
[2026-06-01 13:20:26]   [cache] OS page cache dropped
Fatal: Could not create the account: account already exists
[2026-06-01 13:20:26]   [geth] Starting (pbt, gd=5, cold=1, dev.period=1, 1tx/block)
[2026-06-01 13:20:26]   [geth] Waiting for RPC...
[2026-06-01 13:20:28]   [geth] RPC ready after 3s
[2026-06-01 13:20:28]   [bench] Running execute remote...
[2026-06-01 13:20:35]   [bench] exit=0 passed=1 failed=0
0 missing_trie_node=0
0
[2026-06-01 13:20:35] 
[2026-06-01 13:20:35]   --- storage_sload_k256_run16 (pbt) write-offset=21600000000 K=256 ---
[2026-06-01 13:20:35]   [geth] Stopping (SIGTERM, waiting up to 120s for clean exit): 1149453
[2026-06-01 13:20:36]   [geth] exited cleanly after 1s
[2026-06-01 13:20:36]   [cache] OS page cache dropped
Fatal: Could not create the account: account already exists
[2026-06-01 13:20:36]   [geth] Starting (pbt, gd=5, cold=1, dev.period=1, 1tx/block)
[2026-06-01 13:20:36]   [geth] Waiting for RPC...
[2026-06-01 13:20:39]   [geth] RPC ready after 3s
[2026-06-01 13:20:39]   [bench] Running execute remote...
[2026-06-01 13:20:46]   [bench] exit=0 passed=1 failed=0
0 missing_trie_node=0
0
[2026-06-01 13:20:46] 
[2026-06-01 13:20:46]   --- storage_sload_k256_run17 (pbt) write-offset=21700000000 K=256 ---
[2026-06-01 13:20:46]   [geth] Stopping (SIGTERM, waiting up to 120s for clean exit): 1149528
[2026-06-01 13:20:47]   [geth] exited cleanly after 1s
[2026-06-01 13:20:47]   [cache] OS page cache dropped
Fatal: Could not create the account: account already exists
[2026-06-01 13:20:47]   [geth] Starting (pbt, gd=5, cold=1, dev.period=1, 1tx/block)
[2026-06-01 13:20:47]   [geth] Waiting for RPC...
[2026-06-01 13:20:49]   [geth] RPC ready after 3s
[2026-06-01 13:20:49]   [bench] Running execute remote...
[2026-06-01 13:20:56]   [bench] exit=0 passed=1 failed=0
0 missing_trie_node=0
0
[2026-06-01 13:20:56] 
[2026-06-01 13:20:56]   --- storage_sload_k256_run18 (pbt) write-offset=21800000000 K=256 ---
[2026-06-01 13:20:56]   [geth] Stopping (SIGTERM, waiting up to 120s for clean exit): 1149601
[2026-06-01 13:20:57]   [geth] exited cleanly after 1s
[2026-06-01 13:20:57]   [cache] OS page cache dropped
Fatal: Could not create the account: account already exists
[2026-06-01 13:20:57]   [geth] Starting (pbt, gd=5, cold=1, dev.period=1, 1tx/block)
[2026-06-01 13:20:57]   [geth] Waiting for RPC...
[2026-06-01 13:20:59]   [geth] RPC ready after 3s
[2026-06-01 13:20:59]   [bench] Running execute remote...
[2026-06-01 13:21:06]   [bench] exit=0 passed=1 failed=0
0 missing_trie_node=0
0
[2026-06-01 13:21:06] 
[2026-06-01 13:21:06]   --- storage_sload_k256_run19 (pbt) write-offset=21900000000 K=256 ---
[2026-06-01 13:21:06]   [geth] Stopping (SIGTERM, waiting up to 120s for clean exit): 1149678
[2026-06-01 13:21:07]   [geth] exited cleanly after 1s
[2026-06-01 13:21:07]   [cache] OS page cache dropped
Fatal: Could not create the account: account already exists
[2026-06-01 13:21:07]   [geth] Starting (pbt, gd=5, cold=1, dev.period=1, 1tx/block)
[2026-06-01 13:21:07]   [geth] Waiting for RPC...
[2026-06-01 13:21:09]   [geth] RPC ready after 3s
[2026-06-01 13:21:09]   [bench] Running execute remote...
[2026-06-01 13:21:16]   [bench] exit=0 passed=1 failed=0
0 missing_trie_node=0
0
[2026-06-01 13:21:16] 
[2026-06-01 13:21:16]   --- storage_sload_k256_run20 (pbt) write-offset=22000000000 K=256 ---
[2026-06-01 13:21:16]   [geth] Stopping (SIGTERM, waiting up to 120s for clean exit): 1149754
[2026-06-01 13:21:17]   [geth] exited cleanly after 1s
[2026-06-01 13:21:18]   [cache] OS page cache dropped
Fatal: Could not create the account: account already exists
[2026-06-01 13:21:18]   [geth] Starting (pbt, gd=5, cold=1, dev.period=1, 1tx/block)
[2026-06-01 13:21:18]   [geth] Waiting for RPC...
[2026-06-01 13:21:20]   [geth] RPC ready after 3s
[2026-06-01 13:21:20]   [bench] Running execute remote...
[2026-06-01 13:21:26]   [bench] exit=0 passed=1 failed=0
0 missing_trie_node=0
0
[2026-06-01 13:21:26] 
[2026-06-01 13:21:26]   ── BENCHMARK: storage_sstore_k1 (pool=256 contracts; effective K=1)
[2026-06-01 13:21:26] 
[2026-06-01 13:21:26]   --- storage_sstore_k1_run1 (pbt) write-offset=20100000000 K=1 ---
[2026-06-01 13:21:26]   [geth] Stopping (SIGTERM, waiting up to 120s for clean exit): 1149829
[2026-06-01 13:21:27]   [geth] exited cleanly after 1s
[2026-06-01 13:21:27]   [cache] OS page cache dropped
Fatal: Could not create the account: account already exists
[2026-06-01 13:21:27]   [geth] Starting (pbt, gd=5, cold=1, dev.period=1, 1tx/block)
[2026-06-01 13:21:27]   [geth] Waiting for RPC...
[2026-06-01 13:21:29]   [geth] RPC ready after 3s
[2026-06-01 13:21:29]   [bench] Running execute remote...
[2026-06-01 13:21:36]   [bench] exit=0 passed=1 failed=0
0 missing_trie_node=0
0
[2026-06-01 13:21:36] 
[2026-06-01 13:21:36]   --- storage_sstore_k1_run2 (pbt) write-offset=20200000000 K=1 ---
[2026-06-01 13:21:36]   [geth] Stopping (SIGTERM, waiting up to 120s for clean exit): 1149930
[2026-06-01 13:21:37]   [geth] exited cleanly after 1s
[2026-06-01 13:21:37]   [cache] OS page cache dropped
Fatal: Could not create the account: account already exists
[2026-06-01 13:21:37]   [geth] Starting (pbt, gd=5, cold=1, dev.period=1, 1tx/block)
[2026-06-01 13:21:37]   [geth] Waiting for RPC...
[2026-06-01 13:21:39]   [geth] RPC ready after 3s
[2026-06-01 13:21:39]   [bench] Running execute remote...
[2026-06-01 13:21:45]   [bench] exit=0 passed=1 failed=0
0 missing_trie_node=0
0
[2026-06-01 13:21:45] 
[2026-06-01 13:21:45]   --- storage_sstore_k1_run3 (pbt) write-offset=20300000000 K=1 ---
[2026-06-01 13:21:45]   [geth] Stopping (SIGTERM, waiting up to 120s for clean exit): 1150005
[2026-06-01 13:21:46]   [geth] exited cleanly after 1s
[2026-06-01 13:21:47]   [cache] OS page cache dropped
Fatal: Could not create the account: account already exists
[2026-06-01 13:21:47]   [geth] Starting (pbt, gd=5, cold=1, dev.period=1, 1tx/block)
[2026-06-01 13:21:47]   [geth] Waiting for RPC...
[2026-06-01 13:21:49]   [geth] RPC ready after 3s
[2026-06-01 13:21:49]   [bench] Running execute remote...
[2026-06-01 13:21:55]   [bench] exit=0 passed=1 failed=0
0 missing_trie_node=0
0
[2026-06-01 13:21:55] 
[2026-06-01 13:21:55]   --- storage_sstore_k1_run4 (pbt) write-offset=20400000000 K=1 ---
[2026-06-01 13:21:55]   [geth] Stopping (SIGTERM, waiting up to 120s for clean exit): 1150080
[2026-06-01 13:21:56]   [geth] exited cleanly after 1s
[2026-06-01 13:21:56]   [cache] OS page cache dropped
Fatal: Could not create the account: account already exists
[2026-06-01 13:21:56]   [geth] Starting (pbt, gd=5, cold=1, dev.period=1, 1tx/block)
[2026-06-01 13:21:56]   [geth] Waiting for RPC...
[2026-06-01 13:21:58]   [geth] RPC ready after 3s
[2026-06-01 13:21:58]   [bench] Running execute remote...
[2026-06-01 13:22:05]   [bench] exit=0 passed=1 failed=0
0 missing_trie_node=0
0
[2026-06-01 13:22:05] 
[2026-06-01 13:22:05]   --- storage_sstore_k1_run5 (pbt) write-offset=20500000000 K=1 ---
[2026-06-01 13:22:05]   [geth] Stopping (SIGTERM, waiting up to 120s for clean exit): 1150155
[2026-06-01 13:22:06]   [geth] exited cleanly after 1s
[2026-06-01 13:22:06]   [cache] OS page cache dropped
Fatal: Could not create the account: account already exists
[2026-06-01 13:22:06]   [geth] Starting (pbt, gd=5, cold=1, dev.period=1, 1tx/block)
[2026-06-01 13:22:06]   [geth] Waiting for RPC...
[2026-06-01 13:22:08]   [geth] RPC ready after 3s
[2026-06-01 13:22:08]   [bench] Running execute remote...
[2026-06-01 13:22:15]   [bench] exit=0 passed=1 failed=0
0 missing_trie_node=0
0
[2026-06-01 13:22:15] 
[2026-06-01 13:22:15]   --- storage_sstore_k1_run6 (pbt) write-offset=20600000000 K=1 ---
[2026-06-01 13:22:15]   [geth] Stopping (SIGTERM, waiting up to 120s for clean exit): 1150247
[2026-06-01 13:22:16]   [geth] exited cleanly after 1s
[2026-06-01 13:22:16]   [cache] OS page cache dropped
Fatal: Could not create the account: account already exists
[2026-06-01 13:22:16]   [geth] Starting (pbt, gd=5, cold=1, dev.period=1, 1tx/block)
[2026-06-01 13:22:16]   [geth] Waiting for RPC...
[2026-06-01 13:22:18]   [geth] RPC ready after 3s
[2026-06-01 13:22:18]   [bench] Running execute remote...
[2026-06-01 13:22:24]   [bench] exit=0 passed=1 failed=0
0 missing_trie_node=0
0
[2026-06-01 13:22:24] 
[2026-06-01 13:22:24]   --- storage_sstore_k1_run7 (pbt) write-offset=20700000000 K=1 ---
[2026-06-01 13:22:24]   [geth] Stopping (SIGTERM, waiting up to 120s for clean exit): 1150324
[2026-06-01 13:22:25]   [geth] exited cleanly after 1s
[2026-06-01 13:22:25]   [cache] OS page cache dropped
Fatal: Could not create the account: account already exists
[2026-06-01 13:22:26]   [geth] Starting (pbt, gd=5, cold=1, dev.period=1, 1tx/block)
[2026-06-01 13:22:26]   [geth] Waiting for RPC...
[2026-06-01 13:22:28]   [geth] RPC ready after 3s
[2026-06-01 13:22:28]   [bench] Running execute remote...
[2026-06-01 13:22:34]   [bench] exit=0 passed=1 failed=0
0 missing_trie_node=0
0
[2026-06-01 13:22:34] 
[2026-06-01 13:22:34]   --- storage_sstore_k1_run8 (pbt) write-offset=20800000000 K=1 ---
[2026-06-01 13:22:34]   [geth] Stopping (SIGTERM, waiting up to 120s for clean exit): 1150398
[2026-06-01 13:22:35]   [geth] exited cleanly after 1s
[2026-06-01 13:22:35]   [cache] OS page cache dropped
Fatal: Could not create the account: account already exists
[2026-06-01 13:22:35]   [geth] Starting (pbt, gd=5, cold=1, dev.period=1, 1tx/block)
[2026-06-01 13:22:35]   [geth] Waiting for RPC...
[2026-06-01 13:22:37]   [geth] RPC ready after 3s
[2026-06-01 13:22:37]   [bench] Running execute remote...
[2026-06-01 13:22:44]   [bench] exit=0 passed=1 failed=0
0 missing_trie_node=0
0
[2026-06-01 13:22:44] 
[2026-06-01 13:22:44]   --- storage_sstore_k1_run9 (pbt) write-offset=20900000000 K=1 ---
[2026-06-01 13:22:44]   [geth] Stopping (SIGTERM, waiting up to 120s for clean exit): 1150470
[2026-06-01 13:22:45]   [geth] exited cleanly after 1s
[2026-06-01 13:22:45]   [cache] OS page cache dropped
Fatal: Could not create the account: account already exists
[2026-06-01 13:22:45]   [geth] Starting (pbt, gd=5, cold=1, dev.period=1, 1tx/block)
[2026-06-01 13:22:45]   [geth] Waiting for RPC...
[2026-06-01 13:22:47]   [geth] RPC ready after 3s
[2026-06-01 13:22:47]   [bench] Running execute remote...
[2026-06-01 13:22:53]   [bench] exit=0 passed=1 failed=0
0 missing_trie_node=0
0
[2026-06-01 13:22:53] 
[2026-06-01 13:22:53]   --- storage_sstore_k1_run10 (pbt) write-offset=21000000000 K=1 ---
[2026-06-01 13:22:53]   [geth] Stopping (SIGTERM, waiting up to 120s for clean exit): 1150545
[2026-06-01 13:22:54]   [geth] exited cleanly after 1s
[2026-06-01 13:22:54]   [cache] OS page cache dropped
Fatal: Could not create the account: account already exists
[2026-06-01 13:22:55]   [geth] Starting (pbt, gd=5, cold=1, dev.period=1, 1tx/block)
[2026-06-01 13:22:55]   [geth] Waiting for RPC...
[2026-06-01 13:22:57]   [geth] RPC ready after 3s
[2026-06-01 13:22:57]   [bench] Running execute remote...
[2026-06-01 13:23:03]   [bench] exit=0 passed=1 failed=0
0 missing_trie_node=0
0
[2026-06-01 13:23:03] 
[2026-06-01 13:23:03]   --- storage_sstore_k1_run11 (pbt) write-offset=21100000000 K=1 ---
[2026-06-01 13:23:03]   [geth] Stopping (SIGTERM, waiting up to 120s for clean exit): 1150622
[2026-06-01 13:23:04]   [geth] exited cleanly after 1s
[2026-06-01 13:23:04]   [cache] OS page cache dropped
Fatal: Could not create the account: account already exists
[2026-06-01 13:23:04]   [geth] Starting (pbt, gd=5, cold=1, dev.period=1, 1tx/block)
[2026-06-01 13:23:04]   [geth] Waiting for RPC...
[2026-06-01 13:23:06]   [geth] RPC ready after 3s
[2026-06-01 13:23:06]   [bench] Running execute remote...
[2026-06-01 13:23:13]   [bench] exit=0 passed=1 failed=0
0 missing_trie_node=0
0
[2026-06-01 13:23:13] 
[2026-06-01 13:23:13]   --- storage_sstore_k1_run12 (pbt) write-offset=21200000000 K=1 ---
[2026-06-01 13:23:13]   [geth] Stopping (SIGTERM, waiting up to 120s for clean exit): 1150700
[2026-06-01 13:23:14]   [geth] exited cleanly after 1s
[2026-06-01 13:23:14]   [cache] OS page cache dropped
Fatal: Could not create the account: account already exists
[2026-06-01 13:23:14]   [geth] Starting (pbt, gd=5, cold=1, dev.period=1, 1tx/block)
[2026-06-01 13:23:14]   [geth] Waiting for RPC...
[2026-06-01 13:23:16]   [geth] RPC ready after 3s
[2026-06-01 13:23:16]   [bench] Running execute remote...
[2026-06-01 13:23:22]   [bench] exit=0 passed=1 failed=0
0 missing_trie_node=0
0
[2026-06-01 13:23:22] 
[2026-06-01 13:23:22]   --- storage_sstore_k1_run13 (pbt) write-offset=21300000000 K=1 ---
[2026-06-01 13:23:22]   [geth] Stopping (SIGTERM, waiting up to 120s for clean exit): 1150777
[2026-06-01 13:23:23]   [geth] exited cleanly after 1s
[2026-06-01 13:23:24]   [cache] OS page cache dropped
Fatal: Could not create the account: account already exists
[2026-06-01 13:23:24]   [geth] Starting (pbt, gd=5, cold=1, dev.period=1, 1tx/block)
[2026-06-01 13:23:24]   [geth] Waiting for RPC...
[2026-06-01 13:23:26]   [geth] RPC ready after 3s
[2026-06-01 13:23:26]   [bench] Running execute remote...
[2026-06-01 13:23:32]   [bench] exit=0 passed=1 failed=0
0 missing_trie_node=0
0
[2026-06-01 13:23:32] 
[2026-06-01 13:23:32]   --- storage_sstore_k1_run14 (pbt) write-offset=21400000000 K=1 ---
[2026-06-01 13:23:32]   [geth] Stopping (SIGTERM, waiting up to 120s for clean exit): 1150850
[2026-06-01 13:23:33]   [geth] exited cleanly after 1s
[2026-06-01 13:23:33]   [cache] OS page cache dropped
Fatal: Could not create the account: account already exists
[2026-06-01 13:23:33]   [geth] Starting (pbt, gd=5, cold=1, dev.period=1, 1tx/block)
[2026-06-01 13:23:33]   [geth] Waiting for RPC...
[2026-06-01 13:23:35]   [geth] RPC ready after 3s
[2026-06-01 13:23:35]   [bench] Running execute remote...
[2026-06-01 13:23:42]   [bench] exit=0 passed=1 failed=0
0 missing_trie_node=0
0
[2026-06-01 13:23:42] 
[2026-06-01 13:23:42]   --- storage_sstore_k1_run15 (pbt) write-offset=21500000000 K=1 ---
[2026-06-01 13:23:42]   [geth] Stopping (SIGTERM, waiting up to 120s for clean exit): 1150925
[2026-06-01 13:23:43]   [geth] exited cleanly after 1s
[2026-06-01 13:23:43]   [cache] OS page cache dropped
Fatal: Could not create the account: account already exists
[2026-06-01 13:23:43]   [geth] Starting (pbt, gd=5, cold=1, dev.period=1, 1tx/block)
[2026-06-01 13:23:43]   [geth] Waiting for RPC...
[2026-06-01 13:23:45]   [geth] RPC ready after 3s
[2026-06-01 13:23:45]   [bench] Running execute remote...
[2026-06-01 13:23:52]   [bench] exit=0 passed=1 failed=0
0 missing_trie_node=0
0
[2026-06-01 13:23:52] 
[2026-06-01 13:23:52]   --- storage_sstore_k1_run16 (pbt) write-offset=21600000000 K=1 ---
[2026-06-01 13:23:52]   [geth] Stopping (SIGTERM, waiting up to 120s for clean exit): 1150999
[2026-06-01 13:23:53]   [geth] exited cleanly after 1s
[2026-06-01 13:23:53]   [cache] OS page cache dropped
Fatal: Could not create the account: account already exists
[2026-06-01 13:23:53]   [geth] Starting (pbt, gd=5, cold=1, dev.period=1, 1tx/block)
[2026-06-01 13:23:53]   [geth] Waiting for RPC...
[2026-06-01 13:23:55]   [geth] RPC ready after 3s
[2026-06-01 13:23:55]   [bench] Running execute remote...
[2026-06-01 13:24:01]   [bench] exit=0 passed=1 failed=0
0 missing_trie_node=0
0
[2026-06-01 13:24:01] 
[2026-06-01 13:24:01]   --- storage_sstore_k1_run17 (pbt) write-offset=21700000000 K=1 ---
[2026-06-01 13:24:01]   [geth] Stopping (SIGTERM, waiting up to 120s for clean exit): 1151074
[2026-06-01 13:24:02]   [geth] exited cleanly after 1s
[2026-06-01 13:24:02]   [cache] OS page cache dropped
Fatal: Could not create the account: account already exists
[2026-06-01 13:24:03]   [geth] Starting (pbt, gd=5, cold=1, dev.period=1, 1tx/block)
[2026-06-01 13:24:03]   [geth] Waiting for RPC...
[2026-06-01 13:24:05]   [geth] RPC ready after 3s
[2026-06-01 13:24:05]   [bench] Running execute remote...
[2026-06-01 13:24:11]   [bench] exit=0 passed=1 failed=0
0 missing_trie_node=0
0
[2026-06-01 13:24:11] 
[2026-06-01 13:24:11]   --- storage_sstore_k1_run18 (pbt) write-offset=21800000000 K=1 ---
[2026-06-01 13:24:11]   [geth] Stopping (SIGTERM, waiting up to 120s for clean exit): 1151151
[2026-06-01 13:24:12]   [geth] exited cleanly after 1s
[2026-06-01 13:24:12]   [cache] OS page cache dropped
Fatal: Could not create the account: account already exists
[2026-06-01 13:24:12]   [geth] Starting (pbt, gd=5, cold=1, dev.period=1, 1tx/block)
[2026-06-01 13:24:12]   [geth] Waiting for RPC...
[2026-06-01 13:24:14]   [geth] RPC ready after 3s
[2026-06-01 13:24:14]   [bench] Running execute remote...
[2026-06-01 13:24:21]   [bench] exit=0 passed=1 failed=0
0 missing_trie_node=0
0
[2026-06-01 13:24:21] 
[2026-06-01 13:24:21]   --- storage_sstore_k1_run19 (pbt) write-offset=21900000000 K=1 ---
[2026-06-01 13:24:21]   [geth] Stopping (SIGTERM, waiting up to 120s for clean exit): 1151226
[2026-06-01 13:24:22]   [geth] exited cleanly after 1s
[2026-06-01 13:24:22]   [cache] OS page cache dropped
Fatal: Could not create the account: account already exists
[2026-06-01 13:24:22]   [geth] Starting (pbt, gd=5, cold=1, dev.period=1, 1tx/block)
[2026-06-01 13:24:22]   [geth] Waiting for RPC...
[2026-06-01 13:24:24]   [geth] RPC ready after 3s
[2026-06-01 13:24:24]   [bench] Running execute remote...
[2026-06-01 13:24:30]   [bench] exit=0 passed=1 failed=0
0 missing_trie_node=0
0
[2026-06-01 13:24:30] 
[2026-06-01 13:24:30]   --- storage_sstore_k1_run20 (pbt) write-offset=22000000000 K=1 ---
[2026-06-01 13:24:31]   [geth] Stopping (SIGTERM, waiting up to 120s for clean exit): 1151299
[2026-06-01 13:24:32]   [geth] exited cleanly after 1s
[2026-06-01 13:24:32]   [cache] OS page cache dropped
Fatal: Could not create the account: account already exists
[2026-06-01 13:24:32]   [geth] Starting (pbt, gd=5, cold=1, dev.period=1, 1tx/block)
[2026-06-01 13:24:32]   [geth] Waiting for RPC...
[2026-06-01 13:24:34]   [geth] RPC ready after 3s
[2026-06-01 13:24:34]   [bench] Running execute remote...
[2026-06-01 13:24:40]   [bench] exit=0 passed=1 failed=0
0 missing_trie_node=0
0
[2026-06-01 13:24:40] 
[2026-06-01 13:24:40]   ── BENCHMARK: storage_sstore_k10 (pool=256 contracts; effective K=10)
[2026-06-01 13:24:40] 
[2026-06-01 13:24:40]   --- storage_sstore_k10_run1 (pbt) write-offset=20100000000 K=10 ---
[2026-06-01 13:24:40]   [geth] Stopping (SIGTERM, waiting up to 120s for clean exit): 1151374
[2026-06-01 13:24:41]   [geth] exited cleanly after 1s
[2026-06-01 13:24:41]   [cache] OS page cache dropped
Fatal: Could not create the account: account already exists
[2026-06-01 13:24:41]   [geth] Starting (pbt, gd=5, cold=1, dev.period=1, 1tx/block)
[2026-06-01 13:24:41]   [geth] Waiting for RPC...
[2026-06-01 13:24:43]   [geth] RPC ready after 3s
[2026-06-01 13:24:44]   [bench] Running execute remote...
[2026-06-01 13:24:50]   [bench] exit=0 passed=1 failed=0
0 missing_trie_node=0
0
[2026-06-01 13:24:50] 
[2026-06-01 13:24:50]   --- storage_sstore_k10_run2 (pbt) write-offset=20200000000 K=10 ---
[2026-06-01 13:24:50]   [geth] Stopping (SIGTERM, waiting up to 120s for clean exit): 1151471
[2026-06-01 13:24:51]   [geth] exited cleanly after 1s
[2026-06-01 13:24:51]   [cache] OS page cache dropped
Fatal: Could not create the account: account already exists
[2026-06-01 13:24:51]   [geth] Starting (pbt, gd=5, cold=1, dev.period=1, 1tx/block)
[2026-06-01 13:24:51]   [geth] Waiting for RPC...
[2026-06-01 13:24:53]   [geth] RPC ready after 3s
[2026-06-01 13:24:53]   [bench] Running execute remote...
[2026-06-01 13:25:00]   [bench] exit=0 passed=1 failed=0
0 missing_trie_node=0
0
[2026-06-01 13:25:00] 
[2026-06-01 13:25:00]   --- storage_sstore_k10_run3 (pbt) write-offset=20300000000 K=10 ---
[2026-06-01 13:25:00]   [geth] Stopping (SIGTERM, waiting up to 120s for clean exit): 1151545
[2026-06-01 13:25:01]   [geth] exited cleanly after 1s
[2026-06-01 13:25:01]   [cache] OS page cache dropped
Fatal: Could not create the account: account already exists
[2026-06-01 13:25:01]   [geth] Starting (pbt, gd=5, cold=1, dev.period=1, 1tx/block)
[2026-06-01 13:25:01]   [geth] Waiting for RPC...
[2026-06-01 13:25:03]   [geth] RPC ready after 3s
[2026-06-01 13:25:03]   [bench] Running execute remote...
[2026-06-01 13:25:10]   [bench] exit=0 passed=1 failed=0
0 missing_trie_node=0
0
[2026-06-01 13:25:10] 
[2026-06-01 13:25:10]   --- storage_sstore_k10_run4 (pbt) write-offset=20400000000 K=10 ---
[2026-06-01 13:25:10]   [geth] Stopping (SIGTERM, waiting up to 120s for clean exit): 1151621
[2026-06-01 13:25:11]   [geth] exited cleanly after 1s
[2026-06-01 13:25:11]   [cache] OS page cache dropped
Fatal: Could not create the account: account already exists
[2026-06-01 13:25:11]   [geth] Starting (pbt, gd=5, cold=1, dev.period=1, 1tx/block)
[2026-06-01 13:25:11]   [geth] Waiting for RPC...
[2026-06-01 13:25:13]   [geth] RPC ready after 3s
[2026-06-01 13:25:13]   [bench] Running execute remote...
[2026-06-01 13:25:19]   [bench] exit=0 passed=1 failed=0
0 missing_trie_node=0
0
[2026-06-01 13:25:19] 
[2026-06-01 13:25:19]   --- storage_sstore_k10_run5 (pbt) write-offset=20500000000 K=10 ---
[2026-06-01 13:25:19]   [geth] Stopping (SIGTERM, waiting up to 120s for clean exit): 1151697
[2026-06-01 13:25:20]   [geth] exited cleanly after 1s
[2026-06-01 13:25:21]   [cache] OS page cache dropped
Fatal: Could not create the account: account already exists
[2026-06-01 13:25:21]   [geth] Starting (pbt, gd=5, cold=1, dev.period=1, 1tx/block)
[2026-06-01 13:25:21]   [geth] Waiting for RPC...
[2026-06-01 13:25:23]   [geth] RPC ready after 3s
[2026-06-01 13:25:23]   [bench] Running execute remote...
[2026-06-01 13:25:29]   [bench] exit=0 passed=1 failed=0
0 missing_trie_node=0
0
[2026-06-01 13:25:29] 
[2026-06-01 13:25:29]   --- storage_sstore_k10_run6 (pbt) write-offset=20600000000 K=10 ---
[2026-06-01 13:25:29]   [geth] Stopping (SIGTERM, waiting up to 120s for clean exit): 1151771
[2026-06-01 13:25:30]   [geth] exited cleanly after 1s
[2026-06-01 13:25:30]   [cache] OS page cache dropped
Fatal: Could not create the account: account already exists
[2026-06-01 13:25:30]   [geth] Starting (pbt, gd=5, cold=1, dev.period=1, 1tx/block)
[2026-06-01 13:25:30]   [geth] Waiting for RPC...
[2026-06-01 13:25:33]   [geth] RPC ready after 3s
[2026-06-01 13:25:33]   [bench] Running execute remote...
[2026-06-01 13:25:39]   [bench] exit=0 passed=1 failed=0
0 missing_trie_node=0
0
[2026-06-01 13:25:39] 
[2026-06-01 13:25:39]   --- storage_sstore_k10_run7 (pbt) write-offset=20700000000 K=10 ---
[2026-06-01 13:25:39]   [geth] Stopping (SIGTERM, waiting up to 120s for clean exit): 1151846
[2026-06-01 13:25:40]   [geth] exited cleanly after 1s
[2026-06-01 13:25:40]   [cache] OS page cache dropped
Fatal: Could not create the account: account already exists
[2026-06-01 13:25:40]   [geth] Starting (pbt, gd=5, cold=1, dev.period=1, 1tx/block)
[2026-06-01 13:25:40]   [geth] Waiting for RPC...
[2026-06-01 13:25:42]   [geth] RPC ready after 3s
[2026-06-01 13:25:42]   [bench] Running execute remote...
[2026-06-01 13:25:49]   [bench] exit=0 passed=1 failed=0
0 missing_trie_node=0
0
[2026-06-01 13:25:49] 
[2026-06-01 13:25:49]   --- storage_sstore_k10_run8 (pbt) write-offset=20800000000 K=10 ---
[2026-06-01 13:25:49]   [geth] Stopping (SIGTERM, waiting up to 120s for clean exit): 1151921
[2026-06-01 13:25:50]   [geth] exited cleanly after 1s
[2026-06-01 13:25:50]   [cache] OS page cache dropped
Fatal: Could not create the account: account already exists
[2026-06-01 13:25:50]   [geth] Starting (pbt, gd=5, cold=1, dev.period=1, 1tx/block)
[2026-06-01 13:25:50]   [geth] Waiting for RPC...
[2026-06-01 13:25:52]   [geth] RPC ready after 3s
[2026-06-01 13:25:52]   [bench] Running execute remote...
[2026-06-01 13:25:59]   [bench] exit=0 passed=1 failed=0
0 missing_trie_node=0
0
[2026-06-01 13:25:59] 
[2026-06-01 13:25:59]   --- storage_sstore_k10_run9 (pbt) write-offset=20900000000 K=10 ---
[2026-06-01 13:25:59]   [geth] Stopping (SIGTERM, waiting up to 120s for clean exit): 1151995
[2026-06-01 13:26:00]   [geth] exited cleanly after 1s
[2026-06-01 13:26:00]   [cache] OS page cache dropped
Fatal: Could not create the account: account already exists
[2026-06-01 13:26:00]   [geth] Starting (pbt, gd=5, cold=1, dev.period=1, 1tx/block)
[2026-06-01 13:26:00]   [geth] Waiting for RPC...
[2026-06-01 13:26:02]   [geth] RPC ready after 3s
[2026-06-01 13:26:02]   [bench] Running execute remote...
[2026-06-01 13:26:08]   [bench] exit=0 passed=1 failed=0
0 missing_trie_node=0
0
[2026-06-01 13:26:08] 
[2026-06-01 13:26:08]   --- storage_sstore_k10_run10 (pbt) write-offset=21000000000 K=10 ---
[2026-06-01 13:26:08]   [geth] Stopping (SIGTERM, waiting up to 120s for clean exit): 1152071
[2026-06-01 13:26:09]   [geth] exited cleanly after 1s
[2026-06-01 13:26:10]   [cache] OS page cache dropped
Fatal: Could not create the account: account already exists
[2026-06-01 13:26:10]   [geth] Starting (pbt, gd=5, cold=1, dev.period=1, 1tx/block)
[2026-06-01 13:26:10]   [geth] Waiting for RPC...
[2026-06-01 13:26:12]   [geth] RPC ready after 3s
[2026-06-01 13:26:12]   [bench] Running execute remote...
[2026-06-01 13:26:18]   [bench] exit=0 passed=1 failed=0
0 missing_trie_node=0
0
[2026-06-01 13:26:18] 
[2026-06-01 13:26:18]   --- storage_sstore_k10_run11 (pbt) write-offset=21100000000 K=10 ---
[2026-06-01 13:26:18]   [geth] Stopping (SIGTERM, waiting up to 120s for clean exit): 1152194
[2026-06-01 13:26:19]   [geth] exited cleanly after 1s
[2026-06-01 13:26:19]   [cache] OS page cache dropped
Fatal: Could not create the account: account already exists
[2026-06-01 13:26:19]   [geth] Starting (pbt, gd=5, cold=1, dev.period=1, 1tx/block)
[2026-06-01 13:26:19]   [geth] Waiting for RPC...
[2026-06-01 13:26:22]   [geth] RPC ready after 3s
[2026-06-01 13:26:22]   [bench] Running execute remote...
[2026-06-01 13:26:28]   [bench] exit=0 passed=1 failed=0
0 missing_trie_node=0
0
[2026-06-01 13:26:28] 
[2026-06-01 13:26:28]   --- storage_sstore_k10_run12 (pbt) write-offset=21200000000 K=10 ---
[2026-06-01 13:26:28]   [geth] Stopping (SIGTERM, waiting up to 120s for clean exit): 1152269
[2026-06-01 13:26:29]   [geth] exited cleanly after 1s
[2026-06-01 13:26:29]   [cache] OS page cache dropped
Fatal: Could not create the account: account already exists
[2026-06-01 13:26:29]   [geth] Starting (pbt, gd=5, cold=1, dev.period=1, 1tx/block)
[2026-06-01 13:26:29]   [geth] Waiting for RPC...
[2026-06-01 13:26:31]   [geth] RPC ready after 3s
[2026-06-01 13:26:31]   [bench] Running execute remote...
[2026-06-01 13:26:38]   [bench] exit=0 passed=1 failed=0
0 missing_trie_node=0
0
[2026-06-01 13:26:38] 
[2026-06-01 13:26:38]   --- storage_sstore_k10_run13 (pbt) write-offset=21300000000 K=10 ---
[2026-06-01 13:26:38]   [geth] Stopping (SIGTERM, waiting up to 120s for clean exit): 1152343
[2026-06-01 13:26:39]   [geth] exited cleanly after 1s
[2026-06-01 13:26:39]   [cache] OS page cache dropped
Fatal: Could not create the account: account already exists
[2026-06-01 13:26:39]   [geth] Starting (pbt, gd=5, cold=1, dev.period=1, 1tx/block)
[2026-06-01 13:26:39]   [geth] Waiting for RPC...
[2026-06-01 13:26:41]   [geth] RPC ready after 3s
[2026-06-01 13:26:41]   [bench] Running execute remote...
[2026-06-01 13:26:47]   [bench] exit=0 passed=1 failed=0
0 missing_trie_node=0
0
[2026-06-01 13:26:47] 
[2026-06-01 13:26:47]   --- storage_sstore_k10_run14 (pbt) write-offset=21400000000 K=10 ---
[2026-06-01 13:26:47]   [geth] Stopping (SIGTERM, waiting up to 120s for clean exit): 1152418
[2026-06-01 13:26:48]   [geth] exited cleanly after 1s
[2026-06-01 13:26:49]   [cache] OS page cache dropped
Fatal: Could not create the account: account already exists
[2026-06-01 13:26:49]   [geth] Starting (pbt, gd=5, cold=1, dev.period=1, 1tx/block)
[2026-06-01 13:26:49]   [geth] Waiting for RPC...
[2026-06-01 13:26:51]   [geth] RPC ready after 3s
[2026-06-01 13:26:51]   [bench] Running execute remote...
[2026-06-01 13:26:57]   [bench] exit=0 passed=1 failed=0
0 missing_trie_node=0
0
[2026-06-01 13:26:57] 
[2026-06-01 13:26:57]   --- storage_sstore_k10_run15 (pbt) write-offset=21500000000 K=10 ---
[2026-06-01 13:26:57]   [geth] Stopping (SIGTERM, waiting up to 120s for clean exit): 1152491
[2026-06-01 13:26:58]   [geth] exited cleanly after 1s
[2026-06-01 13:26:58]   [cache] OS page cache dropped
Fatal: Could not create the account: account already exists
[2026-06-01 13:26:58]   [geth] Starting (pbt, gd=5, cold=1, dev.period=1, 1tx/block)
[2026-06-01 13:26:58]   [geth] Waiting for RPC...
[2026-06-01 13:27:00]   [geth] RPC ready after 3s
[2026-06-01 13:27:00]   [bench] Running execute remote...
[2026-06-01 13:27:07]   [bench] exit=0 passed=1 failed=0
0 missing_trie_node=0
0
[2026-06-01 13:27:07] 
[2026-06-01 13:27:07]   --- storage_sstore_k10_run16 (pbt) write-offset=21600000000 K=10 ---
[2026-06-01 13:27:07]   [geth] Stopping (SIGTERM, waiting up to 120s for clean exit): 1152567
[2026-06-01 13:27:08]   [geth] exited cleanly after 1s
[2026-06-01 13:27:08]   [cache] OS page cache dropped
Fatal: Could not create the account: account already exists
[2026-06-01 13:27:08]   [geth] Starting (pbt, gd=5, cold=1, dev.period=1, 1tx/block)
[2026-06-01 13:27:08]   [geth] Waiting for RPC...
[2026-06-01 13:27:10]   [geth] RPC ready after 3s
[2026-06-01 13:27:10]   [bench] Running execute remote...
[2026-06-01 13:27:16]   [bench] exit=0 passed=1 failed=0
0 missing_trie_node=0
0
[2026-06-01 13:27:16] 
[2026-06-01 13:27:16]   --- storage_sstore_k10_run17 (pbt) write-offset=21700000000 K=10 ---
[2026-06-01 13:27:16]   [geth] Stopping (SIGTERM, waiting up to 120s for clean exit): 1152645
[2026-06-01 13:27:17]   [geth] exited cleanly after 1s
[2026-06-01 13:27:18]   [cache] OS page cache dropped
Fatal: Could not create the account: account already exists
[2026-06-01 13:27:18]   [geth] Starting (pbt, gd=5, cold=1, dev.period=1, 1tx/block)
[2026-06-01 13:27:18]   [geth] Waiting for RPC...
[2026-06-01 13:27:20]   [geth] RPC ready after 3s
[2026-06-01 13:27:20]   [bench] Running execute remote...
[2026-06-01 13:27:26]   [bench] exit=0 passed=1 failed=0
0 missing_trie_node=0
0
[2026-06-01 13:27:26] 
[2026-06-01 13:27:26]   --- storage_sstore_k10_run18 (pbt) write-offset=21800000000 K=10 ---
[2026-06-01 13:27:26]   [geth] Stopping (SIGTERM, waiting up to 120s for clean exit): 1152723
[2026-06-01 13:27:27]   [geth] exited cleanly after 1s
[2026-06-01 13:27:27]   [cache] OS page cache dropped
Fatal: Could not create the account: account already exists
[2026-06-01 13:27:27]   [geth] Starting (pbt, gd=5, cold=1, dev.period=1, 1tx/block)
[2026-06-01 13:27:27]   [geth] Waiting for RPC...
[2026-06-01 13:27:29]   [geth] RPC ready after 3s
[2026-06-01 13:27:29]   [bench] Running execute remote...
[2026-06-01 13:27:36]   [bench] exit=0 passed=1 failed=0
0 missing_trie_node=0
0
[2026-06-01 13:27:36] 
[2026-06-01 13:27:36]   --- storage_sstore_k10_run19 (pbt) write-offset=21900000000 K=10 ---
[2026-06-01 13:27:36]   [geth] Stopping (SIGTERM, waiting up to 120s for clean exit): 1152795
[2026-06-01 13:27:37]   [geth] exited cleanly after 1s
[2026-06-01 13:27:37]   [cache] OS page cache dropped
Fatal: Could not create the account: account already exists
[2026-06-01 13:27:37]   [geth] Starting (pbt, gd=5, cold=1, dev.period=1, 1tx/block)
[2026-06-01 13:27:37]   [geth] Waiting for RPC...
[2026-06-01 13:27:39]   [geth] RPC ready after 3s
[2026-06-01 13:27:39]   [bench] Running execute remote...
[2026-06-01 13:27:46]   [bench] exit=0 passed=1 failed=0
0 missing_trie_node=0
0
[2026-06-01 13:27:46] 
[2026-06-01 13:27:46]   --- storage_sstore_k10_run20 (pbt) write-offset=22000000000 K=10 ---
[2026-06-01 13:27:46]   [geth] Stopping (SIGTERM, waiting up to 120s for clean exit): 1152870
[2026-06-01 13:27:47]   [geth] exited cleanly after 1s
[2026-06-01 13:27:47]   [cache] OS page cache dropped
Fatal: Could not create the account: account already exists
[2026-06-01 13:27:47]   [geth] Starting (pbt, gd=5, cold=1, dev.period=1, 1tx/block)
[2026-06-01 13:27:47]   [geth] Waiting for RPC...
[2026-06-01 13:27:49]   [geth] RPC ready after 3s
[2026-06-01 13:27:49]   [bench] Running execute remote...
[2026-06-01 13:27:55]   [bench] exit=0 passed=1 failed=0
0 missing_trie_node=0
0
[2026-06-01 13:27:55] 
[2026-06-01 13:27:55]   ── BENCHMARK: storage_sstore_k100 (pool=256 contracts; effective K=100)
[2026-06-01 13:27:55] 
[2026-06-01 13:27:55]   --- storage_sstore_k100_run1 (pbt) write-offset=20100000000 K=100 ---
[2026-06-01 13:27:55]   [geth] Stopping (SIGTERM, waiting up to 120s for clean exit): 1152946
[2026-06-01 13:27:56]   [geth] exited cleanly after 1s
[2026-06-01 13:27:57]   [cache] OS page cache dropped
Fatal: Could not create the account: account already exists
[2026-06-01 13:27:57]   [geth] Starting (pbt, gd=5, cold=1, dev.period=1, 1tx/block)
[2026-06-01 13:27:57]   [geth] Waiting for RPC...
[2026-06-01 13:27:59]   [geth] RPC ready after 3s
[2026-06-01 13:27:59]   [bench] Running execute remote...
[2026-06-01 13:28:06]   [bench] exit=0 passed=1 failed=0
0 missing_trie_node=0
0
[2026-06-01 13:28:06] 
[2026-06-01 13:28:06]   --- storage_sstore_k100_run2 (pbt) write-offset=20200000000 K=100 ---
[2026-06-01 13:28:06]   [geth] Stopping (SIGTERM, waiting up to 120s for clean exit): 1153059
[2026-06-01 13:28:07]   [geth] exited cleanly after 1s
[2026-06-01 13:28:07]   [cache] OS page cache dropped
Fatal: Could not create the account: account already exists
[2026-06-01 13:28:07]   [geth] Starting (pbt, gd=5, cold=1, dev.period=1, 1tx/block)
[2026-06-01 13:28:07]   [geth] Waiting for RPC...
[2026-06-01 13:28:09]   [geth] RPC ready after 3s
[2026-06-01 13:28:09]   [bench] Running execute remote...
[2026-06-01 13:28:16]   [bench] exit=0 passed=1 failed=0
0 missing_trie_node=0
0
[2026-06-01 13:28:16] 
[2026-06-01 13:28:16]   --- storage_sstore_k100_run3 (pbt) write-offset=20300000000 K=100 ---
[2026-06-01 13:28:16]   [geth] Stopping (SIGTERM, waiting up to 120s for clean exit): 1153137
[2026-06-01 13:28:17]   [geth] exited cleanly after 1s
[2026-06-01 13:28:17]   [cache] OS page cache dropped
Fatal: Could not create the account: account already exists
[2026-06-01 13:28:17]   [geth] Starting (pbt, gd=5, cold=1, dev.period=1, 1tx/block)
[2026-06-01 13:28:17]   [geth] Waiting for RPC...
[2026-06-01 13:28:19]   [geth] RPC ready after 3s
[2026-06-01 13:28:19]   [bench] Running execute remote...
[2026-06-01 13:28:26]   [bench] exit=0 passed=1 failed=0
0 missing_trie_node=0
0
[2026-06-01 13:28:26] 
[2026-06-01 13:28:26]   --- storage_sstore_k100_run4 (pbt) write-offset=20400000000 K=100 ---
[2026-06-01 13:28:26]   [geth] Stopping (SIGTERM, waiting up to 120s for clean exit): 1153212
[2026-06-01 13:28:27]   [geth] exited cleanly after 1s
[2026-06-01 13:28:27]   [cache] OS page cache dropped
Fatal: Could not create the account: account already exists
[2026-06-01 13:28:27]   [geth] Starting (pbt, gd=5, cold=1, dev.period=1, 1tx/block)
[2026-06-01 13:28:27]   [geth] Waiting for RPC...
[2026-06-01 13:28:29]   [geth] RPC ready after 3s
[2026-06-01 13:28:29]   [bench] Running execute remote...
[2026-06-01 13:28:35]   [bench] exit=0 passed=1 failed=0
0 missing_trie_node=0
0
[2026-06-01 13:28:35] 
[2026-06-01 13:28:35]   --- storage_sstore_k100_run5 (pbt) write-offset=20500000000 K=100 ---
[2026-06-01 13:28:35]   [geth] Stopping (SIGTERM, waiting up to 120s for clean exit): 1153286
[2026-06-01 13:28:36]   [geth] exited cleanly after 1s
[2026-06-01 13:28:36]   [cache] OS page cache dropped
Fatal: Could not create the account: account already exists
[2026-06-01 13:28:37]   [geth] Starting (pbt, gd=5, cold=1, dev.period=1, 1tx/block)
[2026-06-01 13:28:37]   [geth] Waiting for RPC...
[2026-06-01 13:28:39]   [geth] RPC ready after 3s
[2026-06-01 13:28:39]   [bench] Running execute remote...
[2026-06-01 13:28:45]   [bench] exit=0 passed=1 failed=0
0 missing_trie_node=0
0
[2026-06-01 13:28:45] 
[2026-06-01 13:28:45]   --- storage_sstore_k100_run6 (pbt) write-offset=20600000000 K=100 ---
[2026-06-01 13:28:45]   [geth] Stopping (SIGTERM, waiting up to 120s for clean exit): 1153361
[2026-06-01 13:28:46]   [geth] exited cleanly after 1s
[2026-06-01 13:28:46]   [cache] OS page cache dropped
Fatal: Could not create the account: account already exists
[2026-06-01 13:28:46]   [geth] Starting (pbt, gd=5, cold=1, dev.period=1, 1tx/block)
[2026-06-01 13:28:46]   [geth] Waiting for RPC...
[2026-06-01 13:28:48]   [geth] RPC ready after 3s
[2026-06-01 13:28:48]   [bench] Running execute remote...
[2026-06-01 13:28:55]   [bench] exit=0 passed=1 failed=0
0 missing_trie_node=0
0
[2026-06-01 13:28:55] 
[2026-06-01 13:28:55]   --- storage_sstore_k100_run7 (pbt) write-offset=20700000000 K=100 ---
[2026-06-01 13:28:55]   [geth] Stopping (SIGTERM, waiting up to 120s for clean exit): 1153436
[2026-06-01 13:28:56]   [geth] exited cleanly after 1s
[2026-06-01 13:28:56]   [cache] OS page cache dropped
Fatal: Could not create the account: account already exists
[2026-06-01 13:28:56]   [geth] Starting (pbt, gd=5, cold=1, dev.period=1, 1tx/block)
[2026-06-01 13:28:56]   [geth] Waiting for RPC...
[2026-06-01 13:28:58]   [geth] RPC ready after 3s
[2026-06-01 13:28:58]   [bench] Running execute remote...
[2026-06-01 13:29:05]   [bench] exit=0 passed=1 failed=0
0 missing_trie_node=0
0
[2026-06-01 13:29:05] 
[2026-06-01 13:29:05]   --- storage_sstore_k100_run8 (pbt) write-offset=20800000000 K=100 ---
[2026-06-01 13:29:05]   [geth] Stopping (SIGTERM, waiting up to 120s for clean exit): 1153511
[2026-06-01 13:29:06]   [geth] exited cleanly after 1s
[2026-06-01 13:29:06]   [cache] OS page cache dropped
Fatal: Could not create the account: account already exists
[2026-06-01 13:29:07]   [geth] Starting (pbt, gd=5, cold=1, dev.period=1, 1tx/block)
[2026-06-01 13:29:07]   [geth] Waiting for RPC...
[2026-06-01 13:29:09]   [geth] RPC ready after 3s
[2026-06-01 13:29:09]   [bench] Running execute remote...
[2026-06-01 13:29:15]   [bench] exit=0 passed=1 failed=0
0 missing_trie_node=0
0
[2026-06-01 13:29:15] 
[2026-06-01 13:29:15]   --- storage_sstore_k100_run9 (pbt) write-offset=20900000000 K=100 ---
[2026-06-01 13:29:15]   [geth] Stopping (SIGTERM, waiting up to 120s for clean exit): 1153592
[2026-06-01 13:29:16]   [geth] exited cleanly after 1s
[2026-06-01 13:29:16]   [cache] OS page cache dropped
Fatal: Could not create the account: account already exists
[2026-06-01 13:29:16]   [geth] Starting (pbt, gd=5, cold=1, dev.period=1, 1tx/block)
[2026-06-01 13:29:16]   [geth] Waiting for RPC...
[2026-06-01 13:29:18]   [geth] RPC ready after 3s
[2026-06-01 13:29:18]   [bench] Running execute remote...
[2026-06-01 13:29:25]   [bench] exit=0 passed=1 failed=0
0 missing_trie_node=0
0
[2026-06-01 13:29:25] 
[2026-06-01 13:29:25]   --- storage_sstore_k100_run10 (pbt) write-offset=21000000000 K=100 ---
[2026-06-01 13:29:25]   [geth] Stopping (SIGTERM, waiting up to 120s for clean exit): 1153701
[2026-06-01 13:29:26]   [geth] exited cleanly after 1s
[2026-06-01 13:29:26]   [cache] OS page cache dropped
Fatal: Could not create the account: account already exists
[2026-06-01 13:29:26]   [geth] Starting (pbt, gd=5, cold=1, dev.period=1, 1tx/block)
[2026-06-01 13:29:26]   [geth] Waiting for RPC...
[2026-06-01 13:29:28]   [geth] RPC ready after 3s
[2026-06-01 13:29:28]   [bench] Running execute remote...
[2026-06-01 13:29:35]   [bench] exit=0 passed=1 failed=0
0 missing_trie_node=0
0
[2026-06-01 13:29:35] 
[2026-06-01 13:29:35]   --- storage_sstore_k100_run11 (pbt) write-offset=21100000000 K=100 ---
[2026-06-01 13:29:35]   [geth] Stopping (SIGTERM, waiting up to 120s for clean exit): 1153778
[2026-06-01 13:29:36]   [geth] exited cleanly after 1s
[2026-06-01 13:29:36]   [cache] OS page cache dropped
Fatal: Could not create the account: account already exists
[2026-06-01 13:29:36]   [geth] Starting (pbt, gd=5, cold=1, dev.period=1, 1tx/block)
[2026-06-01 13:29:36]   [geth] Waiting for RPC...
[2026-06-01 13:29:38]   [geth] RPC ready after 3s
[2026-06-01 13:29:38]   [bench] Running execute remote...
[2026-06-01 13:29:45]   [bench] exit=0 passed=1 failed=0
0 missing_trie_node=0
0
[2026-06-01 13:29:45] 
[2026-06-01 13:29:45]   --- storage_sstore_k100_run12 (pbt) write-offset=21200000000 K=100 ---
[2026-06-01 13:29:45]   [geth] Stopping (SIGTERM, waiting up to 120s for clean exit): 1153852
[2026-06-01 13:29:46]   [geth] exited cleanly after 1s
[2026-06-01 13:29:46]   [cache] OS page cache dropped
Fatal: Could not create the account: account already exists
[2026-06-01 13:29:46]   [geth] Starting (pbt, gd=5, cold=1, dev.period=1, 1tx/block)
[2026-06-01 13:29:46]   [geth] Waiting for RPC...
[2026-06-01 13:29:49]   [geth] RPC ready after 3s
[2026-06-01 13:29:49]   [bench] Running execute remote...
[2026-06-01 13:29:55]   [bench] exit=0 passed=1 failed=0
0 missing_trie_node=0
0
[2026-06-01 13:29:55] 
[2026-06-01 13:29:55]   --- storage_sstore_k100_run13 (pbt) write-offset=21300000000 K=100 ---
[2026-06-01 13:29:55]   [geth] Stopping (SIGTERM, waiting up to 120s for clean exit): 1153926
[2026-06-01 13:29:56]   [geth] exited cleanly after 1s
[2026-06-01 13:29:56]   [cache] OS page cache dropped
Fatal: Could not create the account: account already exists
[2026-06-01 13:29:56]   [geth] Starting (pbt, gd=5, cold=1, dev.period=1, 1tx/block)
[2026-06-01 13:29:56]   [geth] Waiting for RPC...
[2026-06-01 13:29:58]   [geth] RPC ready after 3s
[2026-06-01 13:29:58]   [bench] Running execute remote...
[2026-06-01 13:30:06]   [bench] exit=0 passed=1 failed=0
0 missing_trie_node=0
0
[2026-06-01 13:30:06] 
[2026-06-01 13:30:06]   --- storage_sstore_k100_run14 (pbt) write-offset=21400000000 K=100 ---
[2026-06-01 13:30:06]   [geth] Stopping (SIGTERM, waiting up to 120s for clean exit): 1154001
[2026-06-01 13:30:07]   [geth] exited cleanly after 1s
[2026-06-01 13:30:07]   [cache] OS page cache dropped
Fatal: Could not create the account: account already exists
[2026-06-01 13:30:07]   [geth] Starting (pbt, gd=5, cold=1, dev.period=1, 1tx/block)
[2026-06-01 13:30:07]   [geth] Waiting for RPC...
[2026-06-01 13:30:09]   [geth] RPC ready after 3s
[2026-06-01 13:30:09]   [bench] Running execute remote...
[2026-06-01 13:30:16]   [bench] exit=0 passed=1 failed=0
0 missing_trie_node=0
0
[2026-06-01 13:30:16] 
[2026-06-01 13:30:16]   --- storage_sstore_k100_run15 (pbt) write-offset=21500000000 K=100 ---
[2026-06-01 13:30:16]   [geth] Stopping (SIGTERM, waiting up to 120s for clean exit): 1154080
[2026-06-01 13:30:17]   [geth] exited cleanly after 1s
[2026-06-01 13:30:18]   [cache] OS page cache dropped
Fatal: Could not create the account: account already exists
[2026-06-01 13:30:18]   [geth] Starting (pbt, gd=5, cold=1, dev.period=1, 1tx/block)
[2026-06-01 13:30:18]   [geth] Waiting for RPC...
[2026-06-01 13:30:20]   [geth] RPC ready after 3s
[2026-06-01 13:30:20]   [bench] Running execute remote...
[2026-06-01 13:30:27]   [bench] exit=0 passed=1 failed=0
0 missing_trie_node=0
0
[2026-06-01 13:30:27] 
[2026-06-01 13:30:27]   --- storage_sstore_k100_run16 (pbt) write-offset=21600000000 K=100 ---
[2026-06-01 13:30:27]   [geth] Stopping (SIGTERM, waiting up to 120s for clean exit): 1154157
[2026-06-01 13:30:28]   [geth] exited cleanly after 1s
[2026-06-01 13:30:28]   [cache] OS page cache dropped
Fatal: Could not create the account: account already exists
[2026-06-01 13:30:28]   [geth] Starting (pbt, gd=5, cold=1, dev.period=1, 1tx/block)
[2026-06-01 13:30:28]   [geth] Waiting for RPC...
[2026-06-01 13:30:30]   [geth] RPC ready after 3s
[2026-06-01 13:30:30]   [bench] Running execute remote...
[2026-06-01 13:30:38]   [bench] exit=0 passed=1 failed=0
0 missing_trie_node=0
0
[2026-06-01 13:30:38] 
[2026-06-01 13:30:38]   --- storage_sstore_k100_run17 (pbt) write-offset=21700000000 K=100 ---
[2026-06-01 13:30:38]   [geth] Stopping (SIGTERM, waiting up to 120s for clean exit): 1154231
[2026-06-01 13:30:39]   [geth] exited cleanly after 1s
[2026-06-01 13:30:39]   [cache] OS page cache dropped
Fatal: Could not create the account: account already exists
[2026-06-01 13:30:39]   [geth] Starting (pbt, gd=5, cold=1, dev.period=1, 1tx/block)
[2026-06-01 13:30:39]   [geth] Waiting for RPC...
[2026-06-01 13:30:41]   [geth] RPC ready after 3s
[2026-06-01 13:30:41]   [bench] Running execute remote...
[2026-06-01 13:30:49]   [bench] exit=0 passed=1 failed=0
0 missing_trie_node=0
0
[2026-06-01 13:30:49] 
[2026-06-01 13:30:49]   --- storage_sstore_k100_run18 (pbt) write-offset=21800000000 K=100 ---
[2026-06-01 13:30:49]   [geth] Stopping (SIGTERM, waiting up to 120s for clean exit): 1154306
[2026-06-01 13:30:50]   [geth] exited cleanly after 1s
[2026-06-01 13:30:50]   [cache] OS page cache dropped
Fatal: Could not create the account: account already exists
[2026-06-01 13:30:50]   [geth] Starting (pbt, gd=5, cold=1, dev.period=1, 1tx/block)
[2026-06-01 13:30:50]   [geth] Waiting for RPC...
[2026-06-01 13:30:52]   [geth] RPC ready after 3s
[2026-06-01 13:30:52]   [bench] Running execute remote...
[2026-06-01 13:30:58]   [bench] exit=0 passed=1 failed=0
0 missing_trie_node=0
0
[2026-06-01 13:30:58] 
[2026-06-01 13:30:58]   --- storage_sstore_k100_run19 (pbt) write-offset=21900000000 K=100 ---
[2026-06-01 13:30:58]   [geth] Stopping (SIGTERM, waiting up to 120s for clean exit): 1154381
[2026-06-01 13:30:59]   [geth] exited cleanly after 1s
[2026-06-01 13:30:59]   [cache] OS page cache dropped
Fatal: Could not create the account: account already exists
[2026-06-01 13:31:00]   [geth] Starting (pbt, gd=5, cold=1, dev.period=1, 1tx/block)
[2026-06-01 13:31:00]   [geth] Waiting for RPC...
[2026-06-01 13:31:02]   [geth] RPC ready after 3s
[2026-06-01 13:31:02]   [bench] Running execute remote...
[2026-06-01 13:31:09]   [bench] exit=0 passed=1 failed=0
0 missing_trie_node=0
0
[2026-06-01 13:31:09] 
[2026-06-01 13:31:09]   --- storage_sstore_k100_run20 (pbt) write-offset=22000000000 K=100 ---
[2026-06-01 13:31:09]   [geth] Stopping (SIGTERM, waiting up to 120s for clean exit): 1154462
[2026-06-01 13:31:10]   [geth] exited cleanly after 1s
[2026-06-01 13:31:10]   [cache] OS page cache dropped
Fatal: Could not create the account: account already exists
[2026-06-01 13:31:10]   [geth] Starting (pbt, gd=5, cold=1, dev.period=1, 1tx/block)
[2026-06-01 13:31:10]   [geth] Waiting for RPC...
[2026-06-01 13:31:12]   [geth] RPC ready after 3s
[2026-06-01 13:31:12]   [bench] Running execute remote...
[2026-06-01 13:31:20]   [bench] exit=0 passed=1 failed=0
0 missing_trie_node=0
0
[2026-06-01 13:31:20] 
[2026-06-01 13:31:20]   ── BENCHMARK: storage_sstore_k256 (pool=256 contracts; effective K=256)
[2026-06-01 13:31:20] 
[2026-06-01 13:31:20]   --- storage_sstore_k256_run1 (pbt) write-offset=20100000000 K=256 ---
[2026-06-01 13:31:20]   [geth] Stopping (SIGTERM, waiting up to 120s for clean exit): 1154539
[2026-06-01 13:31:21]   [geth] exited cleanly after 1s
[2026-06-01 13:31:21]   [cache] OS page cache dropped
Fatal: Could not create the account: account already exists
[2026-06-01 13:31:21]   [geth] Starting (pbt, gd=5, cold=1, dev.period=1, 1tx/block)
[2026-06-01 13:31:21]   [geth] Waiting for RPC...
[2026-06-01 13:31:23]   [geth] RPC ready after 3s
[2026-06-01 13:31:23]   [bench] Running execute remote...
[2026-06-01 13:31:31]   [bench] exit=0 passed=1 failed=0
0 missing_trie_node=0
0
[2026-06-01 13:31:31] 
[2026-06-01 13:31:31]   --- storage_sstore_k256_run2 (pbt) write-offset=20200000000 K=256 ---
[2026-06-01 13:31:31]   [geth] Stopping (SIGTERM, waiting up to 120s for clean exit): 1154637
[2026-06-01 13:31:32]   [geth] exited cleanly after 1s
[2026-06-01 13:31:32]   [cache] OS page cache dropped
Fatal: Could not create the account: account already exists
[2026-06-01 13:31:32]   [geth] Starting (pbt, gd=5, cold=1, dev.period=1, 1tx/block)
[2026-06-01 13:31:32]   [geth] Waiting for RPC...
[2026-06-01 13:31:34]   [geth] RPC ready after 3s
[2026-06-01 13:31:34]   [bench] Running execute remote...
[2026-06-01 13:31:41]   [bench] exit=0 passed=1 failed=0
0 missing_trie_node=0
0
[2026-06-01 13:31:41] 
[2026-06-01 13:31:41]   --- storage_sstore_k256_run3 (pbt) write-offset=20300000000 K=256 ---
[2026-06-01 13:31:41]   [geth] Stopping (SIGTERM, waiting up to 120s for clean exit): 1154710
[2026-06-01 13:31:42]   [geth] exited cleanly after 1s
[2026-06-01 13:31:42]   [cache] OS page cache dropped
Fatal: Could not create the account: account already exists
[2026-06-01 13:31:42]   [geth] Starting (pbt, gd=5, cold=1, dev.period=1, 1tx/block)
[2026-06-01 13:31:42]   [geth] Waiting for RPC...
[2026-06-01 13:31:45]   [geth] RPC ready after 3s
[2026-06-01 13:31:45]   [bench] Running execute remote...
[2026-06-01 13:31:52]   [bench] exit=0 passed=1 failed=0
0 missing_trie_node=0
0
[2026-06-01 13:31:52] 
[2026-06-01 13:31:52]   --- storage_sstore_k256_run4 (pbt) write-offset=20400000000 K=256 ---
[2026-06-01 13:31:52]   [geth] Stopping (SIGTERM, waiting up to 120s for clean exit): 1154785
[2026-06-01 13:31:53]   [geth] exited cleanly after 1s
[2026-06-01 13:31:53]   [cache] OS page cache dropped
Fatal: Could not create the account: account already exists
[2026-06-01 13:31:53]   [geth] Starting (pbt, gd=5, cold=1, dev.period=1, 1tx/block)
[2026-06-01 13:31:53]   [geth] Waiting for RPC...
[2026-06-01 13:31:55]   [geth] RPC ready after 3s
[2026-06-01 13:31:55]   [bench] Running execute remote...
[2026-06-01 13:32:03]   [bench] exit=0 passed=1 failed=0
0 missing_trie_node=0
0
[2026-06-01 13:32:03] 
[2026-06-01 13:32:03]   --- storage_sstore_k256_run5 (pbt) write-offset=20500000000 K=256 ---
[2026-06-01 13:32:03]   [geth] Stopping (SIGTERM, waiting up to 120s for clean exit): 1154859
[2026-06-01 13:32:04]   [geth] exited cleanly after 1s
[2026-06-01 13:32:04]   [cache] OS page cache dropped
Fatal: Could not create the account: account already exists
[2026-06-01 13:32:04]   [geth] Starting (pbt, gd=5, cold=1, dev.period=1, 1tx/block)
[2026-06-01 13:32:04]   [geth] Waiting for RPC...
[2026-06-01 13:32:06]   [geth] RPC ready after 3s
[2026-06-01 13:32:06]   [bench] Running execute remote...
[2026-06-01 13:32:13]   [bench] exit=0 passed=1 failed=0
0 missing_trie_node=0
0
[2026-06-01 13:32:13] 
[2026-06-01 13:32:13]   --- storage_sstore_k256_run6 (pbt) write-offset=20600000000 K=256 ---
[2026-06-01 13:32:13]   [geth] Stopping (SIGTERM, waiting up to 120s for clean exit): 1154935
[2026-06-01 13:32:14]   [geth] exited cleanly after 1s
[2026-06-01 13:32:15]   [cache] OS page cache dropped
Fatal: Could not create the account: account already exists
[2026-06-01 13:32:15]   [geth] Starting (pbt, gd=5, cold=1, dev.period=1, 1tx/block)
[2026-06-01 13:32:15]   [geth] Waiting for RPC...
[2026-06-01 13:32:17]   [geth] RPC ready after 3s
[2026-06-01 13:32:17]   [bench] Running execute remote...
[2026-06-01 13:32:24]   [bench] exit=0 passed=1 failed=0
0 missing_trie_node=0
0
[2026-06-01 13:32:24] 
[2026-06-01 13:32:24]   --- storage_sstore_k256_run7 (pbt) write-offset=20700000000 K=256 ---
[2026-06-01 13:32:24]   [geth] Stopping (SIGTERM, waiting up to 120s for clean exit): 1155012
[2026-06-01 13:32:25]   [geth] exited cleanly after 1s
[2026-06-01 13:32:25]   [cache] OS page cache dropped
Fatal: Could not create the account: account already exists
[2026-06-01 13:32:25]   [geth] Starting (pbt, gd=5, cold=1, dev.period=1, 1tx/block)
[2026-06-01 13:32:25]   [geth] Waiting for RPC...
[2026-06-01 13:32:27]   [geth] RPC ready after 3s
[2026-06-01 13:32:27]   [bench] Running execute remote...
[2026-06-01 13:32:35]   [bench] exit=0 passed=1 failed=0
0 missing_trie_node=0
0
[2026-06-01 13:32:35] 
[2026-06-01 13:32:35]   --- storage_sstore_k256_run8 (pbt) write-offset=20800000000 K=256 ---
[2026-06-01 13:32:35]   [geth] Stopping (SIGTERM, waiting up to 120s for clean exit): 1155089
[2026-06-01 13:32:36]   [geth] exited cleanly after 1s
[2026-06-01 13:32:36]   [cache] OS page cache dropped
Fatal: Could not create the account: account already exists
[2026-06-01 13:32:36]   [geth] Starting (pbt, gd=5, cold=1, dev.period=1, 1tx/block)
[2026-06-01 13:32:36]   [geth] Waiting for RPC...
[2026-06-01 13:32:38]   [geth] RPC ready after 3s
[2026-06-01 13:32:38]   [bench] Running execute remote...
[2026-06-01 13:32:46]   [bench] exit=0 passed=1 failed=0
0 missing_trie_node=0
0
[2026-06-01 13:32:46] 
[2026-06-01 13:32:46]   --- storage_sstore_k256_run9 (pbt) write-offset=20900000000 K=256 ---
[2026-06-01 13:32:46]   [geth] Stopping (SIGTERM, waiting up to 120s for clean exit): 1155162
[2026-06-01 13:32:47]   [geth] exited cleanly after 1s
[2026-06-01 13:32:47]   [cache] OS page cache dropped
Fatal: Could not create the account: account already exists
[2026-06-01 13:32:47]   [geth] Starting (pbt, gd=5, cold=1, dev.period=1, 1tx/block)
[2026-06-01 13:32:47]   [geth] Waiting for RPC...
[2026-06-01 13:32:49]   [geth] RPC ready after 3s
[2026-06-01 13:32:49]   [bench] Running execute remote...
[2026-06-01 13:32:57]   [bench] exit=0 passed=1 failed=0
0 missing_trie_node=0
0
[2026-06-01 13:32:57] 
[2026-06-01 13:32:57]   --- storage_sstore_k256_run10 (pbt) write-offset=21000000000 K=256 ---
[2026-06-01 13:32:57]   [geth] Stopping (SIGTERM, waiting up to 120s for clean exit): 1155236
[2026-06-01 13:32:58]   [geth] exited cleanly after 1s
[2026-06-01 13:32:58]   [cache] OS page cache dropped
Fatal: Could not create the account: account already exists
[2026-06-01 13:32:58]   [geth] Starting (pbt, gd=5, cold=1, dev.period=1, 1tx/block)
[2026-06-01 13:32:58]   [geth] Waiting for RPC...
[2026-06-01 13:33:00]   [geth] RPC ready after 3s
[2026-06-01 13:33:00]   [bench] Running execute remote...
[2026-06-01 13:33:07]   [bench] exit=0 passed=1 failed=0
0 missing_trie_node=0
0
[2026-06-01 13:33:07] 
[2026-06-01 13:33:07]   --- storage_sstore_k256_run11 (pbt) write-offset=21100000000 K=256 ---
[2026-06-01 13:33:07]   [geth] Stopping (SIGTERM, waiting up to 120s for clean exit): 1155313
[2026-06-01 13:33:08]   [geth] exited cleanly after 1s
[2026-06-01 13:33:09]   [cache] OS page cache dropped
Fatal: Could not create the account: account already exists
[2026-06-01 13:33:09]   [geth] Starting (pbt, gd=5, cold=1, dev.period=1, 1tx/block)
[2026-06-01 13:33:09]   [geth] Waiting for RPC...
[2026-06-01 13:33:11]   [geth] RPC ready after 3s
[2026-06-01 13:33:11]   [bench] Running execute remote...
[2026-06-01 13:33:18]   [bench] exit=0 passed=1 failed=0
0 missing_trie_node=0
0
[2026-06-01 13:33:18] 
[2026-06-01 13:33:18]   --- storage_sstore_k256_run12 (pbt) write-offset=21200000000 K=256 ---
[2026-06-01 13:33:18]   [geth] Stopping (SIGTERM, waiting up to 120s for clean exit): 1155390
[2026-06-01 13:33:19]   [geth] exited cleanly after 1s
[2026-06-01 13:33:19]   [cache] OS page cache dropped
Fatal: Could not create the account: account already exists
[2026-06-01 13:33:19]   [geth] Starting (pbt, gd=5, cold=1, dev.period=1, 1tx/block)
[2026-06-01 13:33:19]   [geth] Waiting for RPC...
[2026-06-01 13:33:21]   [geth] RPC ready after 3s
[2026-06-01 13:33:21]   [bench] Running execute remote...
[2026-06-01 13:33:29]   [bench] exit=0 passed=1 failed=0
0 missing_trie_node=0
0
[2026-06-01 13:33:29] 
[2026-06-01 13:33:29]   --- storage_sstore_k256_run13 (pbt) write-offset=21300000000 K=256 ---
[2026-06-01 13:33:29]   [geth] Stopping (SIGTERM, waiting up to 120s for clean exit): 1155469
[2026-06-01 13:33:30]   [geth] exited cleanly after 1s
[2026-06-01 13:33:30]   [cache] OS page cache dropped
Fatal: Could not create the account: account already exists
[2026-06-01 13:33:30]   [geth] Starting (pbt, gd=5, cold=1, dev.period=1, 1tx/block)
[2026-06-01 13:33:30]   [geth] Waiting for RPC...
[2026-06-01 13:33:32]   [geth] RPC ready after 3s
[2026-06-01 13:33:32]   [bench] Running execute remote...
[2026-06-01 13:33:40]   [bench] exit=0 passed=1 failed=0
0 missing_trie_node=0
0
[2026-06-01 13:33:40] 
[2026-06-01 13:33:40]   --- storage_sstore_k256_run14 (pbt) write-offset=21400000000 K=256 ---
[2026-06-01 13:33:40]   [geth] Stopping (SIGTERM, waiting up to 120s for clean exit): 1155553
[2026-06-01 13:33:41]   [geth] exited cleanly after 1s
[2026-06-01 13:33:41]   [cache] OS page cache dropped
Fatal: Could not create the account: account already exists
[2026-06-01 13:33:41]   [geth] Starting (pbt, gd=5, cold=1, dev.period=1, 1tx/block)
[2026-06-01 13:33:41]   [geth] Waiting for RPC...
[2026-06-01 13:33:43]   [geth] RPC ready after 3s
[2026-06-01 13:33:43]   [bench] Running execute remote...
[2026-06-01 13:33:51]   [bench] exit=0 passed=1 failed=0
0 missing_trie_node=0
0
[2026-06-01 13:33:51] 
[2026-06-01 13:33:51]   --- storage_sstore_k256_run15 (pbt) write-offset=21500000000 K=256 ---
[2026-06-01 13:33:51]   [geth] Stopping (SIGTERM, waiting up to 120s for clean exit): 1155630
[2026-06-01 13:33:52]   [geth] exited cleanly after 1s
[2026-06-01 13:33:52]   [cache] OS page cache dropped
Fatal: Could not create the account: account already exists
[2026-06-01 13:33:52]   [geth] Starting (pbt, gd=5, cold=1, dev.period=1, 1tx/block)
[2026-06-01 13:33:52]   [geth] Waiting for RPC...
[2026-06-01 13:33:54]   [geth] RPC ready after 3s
[2026-06-01 13:33:54]   [bench] Running execute remote...
[2026-06-01 13:34:02]   [bench] exit=0 passed=1 failed=0
0 missing_trie_node=0
0
[2026-06-01 13:34:02] 
[2026-06-01 13:34:02]   --- storage_sstore_k256_run16 (pbt) write-offset=21600000000 K=256 ---
[2026-06-01 13:34:02]   [geth] Stopping (SIGTERM, waiting up to 120s for clean exit): 1155705
[2026-06-01 13:34:03]   [geth] exited cleanly after 1s
[2026-06-01 13:34:03]   [cache] OS page cache dropped
Fatal: Could not create the account: account already exists
[2026-06-01 13:34:03]   [geth] Starting (pbt, gd=5, cold=1, dev.period=1, 1tx/block)
[2026-06-01 13:34:03]   [geth] Waiting for RPC...
[2026-06-01 13:34:05]   [geth] RPC ready after 3s
[2026-06-01 13:34:05]   [bench] Running execute remote...
[2026-06-01 13:34:13]   [bench] exit=0 passed=1 failed=0
0 missing_trie_node=0
0
[2026-06-01 13:34:13] 
[2026-06-01 13:34:13]   --- storage_sstore_k256_run17 (pbt) write-offset=21700000000 K=256 ---
[2026-06-01 13:34:13]   [geth] Stopping (SIGTERM, waiting up to 120s for clean exit): 1155781
[2026-06-01 13:34:14]   [geth] exited cleanly after 1s
[2026-06-01 13:34:15]   [cache] OS page cache dropped
Fatal: Could not create the account: account already exists
[2026-06-01 13:34:15]   [geth] Starting (pbt, gd=5, cold=1, dev.period=1, 1tx/block)
[2026-06-01 13:34:15]   [geth] Waiting for RPC...
[2026-06-01 13:34:17]   [geth] RPC ready after 3s
[2026-06-01 13:34:17]   [bench] Running execute remote...
[2026-06-01 13:34:23]   [bench] exit=0 passed=1 failed=0
0 missing_trie_node=0
0
[2026-06-01 13:34:23] 
[2026-06-01 13:34:23]   --- storage_sstore_k256_run18 (pbt) write-offset=21800000000 K=256 ---
[2026-06-01 13:34:23]   [geth] Stopping (SIGTERM, waiting up to 120s for clean exit): 1155856
[2026-06-01 13:34:24]   [geth] exited cleanly after 1s
[2026-06-01 13:34:24]   [cache] OS page cache dropped
Fatal: Could not create the account: account already exists
[2026-06-01 13:34:24]   [geth] Starting (pbt, gd=5, cold=1, dev.period=1, 1tx/block)
[2026-06-01 13:34:24]   [geth] Waiting for RPC...
[2026-06-01 13:34:27]   [geth] RPC ready after 3s
[2026-06-01 13:34:27]   [bench] Running execute remote...
[2026-06-01 13:34:33]   [bench] exit=0 passed=1 failed=0
0 missing_trie_node=0
0
[2026-06-01 13:34:33] 
[2026-06-01 13:34:33]   --- storage_sstore_k256_run19 (pbt) write-offset=21900000000 K=256 ---
[2026-06-01 13:34:33]   [geth] Stopping (SIGTERM, waiting up to 120s for clean exit): 1155930
[2026-06-01 13:34:34]   [geth] exited cleanly after 1s
[2026-06-01 13:34:34]   [cache] OS page cache dropped
Fatal: Could not create the account: account already exists
[2026-06-01 13:34:34]   [geth] Starting (pbt, gd=5, cold=1, dev.period=1, 1tx/block)
[2026-06-01 13:34:34]   [geth] Waiting for RPC...
[2026-06-01 13:34:36]   [geth] RPC ready after 3s
[2026-06-01 13:34:36]   [bench] Running execute remote...
[2026-06-01 13:34:44]   [bench] exit=0 passed=1 failed=0
0 missing_trie_node=0
0
[2026-06-01 13:34:44] 
[2026-06-01 13:34:44]   --- storage_sstore_k256_run20 (pbt) write-offset=22000000000 K=256 ---
[2026-06-01 13:34:44]   [geth] Stopping (SIGTERM, waiting up to 120s for clean exit): 1156004
[2026-06-01 13:34:45]   [geth] exited cleanly after 1s
[2026-06-01 13:34:45]   [cache] OS page cache dropped
Fatal: Could not create the account: account already exists
[2026-06-01 13:34:45]   [geth] Starting (pbt, gd=5, cold=1, dev.period=1, 1tx/block)
[2026-06-01 13:34:45]   [geth] Waiting for RPC...
[2026-06-01 13:34:47]   [geth] RPC ready after 3s
[2026-06-01 13:34:47]   [bench] Running execute remote...
[2026-06-01 13:34:55]   [bench] exit=0 passed=1 failed=0
0 missing_trie_node=0
0
[2026-06-01 13:34:55] 
[2026-06-01 13:34:55]   ── BENCHMARK: storage_mixed_k1 (pool=256 contracts; effective K=1)
[2026-06-01 13:34:55] 
[2026-06-01 13:34:55]   --- storage_mixed_k1_run1 (pbt) write-offset=20100000000 K=1 ---
[2026-06-01 13:34:55]   [geth] Stopping (SIGTERM, waiting up to 120s for clean exit): 1156078
[2026-06-01 13:34:56]   [geth] exited cleanly after 1s
[2026-06-01 13:34:56]   [cache] OS page cache dropped
Fatal: Could not create the account: account already exists
[2026-06-01 13:34:56]   [geth] Starting (pbt, gd=5, cold=1, dev.period=1, 1tx/block)
[2026-06-01 13:34:56]   [geth] Waiting for RPC...
[2026-06-01 13:34:58]   [geth] RPC ready after 3s
[2026-06-01 13:34:58]   [bench] Running execute remote...
[2026-06-01 13:35:05]   [bench] exit=0 passed=1 failed=0
0 missing_trie_node=0
0
[2026-06-01 13:35:05] 
[2026-06-01 13:35:05]   --- storage_mixed_k1_run2 (pbt) write-offset=20200000000 K=1 ---
[2026-06-01 13:35:05]   [geth] Stopping (SIGTERM, waiting up to 120s for clean exit): 1156179
[2026-06-01 13:35:06]   [geth] exited cleanly after 1s
[2026-06-01 13:35:06]   [cache] OS page cache dropped
Fatal: Could not create the account: account already exists
[2026-06-01 13:35:06]   [geth] Starting (pbt, gd=5, cold=1, dev.period=1, 1tx/block)
[2026-06-01 13:35:06]   [geth] Waiting for RPC...
[2026-06-01 13:35:08]   [geth] RPC ready after 3s
[2026-06-01 13:35:08]   [bench] Running execute remote...
[2026-06-01 13:35:14]   [bench] exit=0 passed=1 failed=0
0 missing_trie_node=0
0
[2026-06-01 13:35:14] 
[2026-06-01 13:35:15]   --- storage_mixed_k1_run3 (pbt) write-offset=20300000000 K=1 ---
[2026-06-01 13:35:15]   [geth] Stopping (SIGTERM, waiting up to 120s for clean exit): 1156257
[2026-06-01 13:35:16]   [geth] exited cleanly after 1s
[2026-06-01 13:35:16]   [cache] OS page cache dropped
Fatal: Could not create the account: account already exists
[2026-06-01 13:35:16]   [geth] Starting (pbt, gd=5, cold=1, dev.period=1, 1tx/block)
[2026-06-01 13:35:16]   [geth] Waiting for RPC...
[2026-06-01 13:35:18]   [geth] RPC ready after 3s
[2026-06-01 13:35:18]   [bench] Running execute remote...
[2026-06-01 13:35:25]   [bench] exit=0 passed=1 failed=0
0 missing_trie_node=0
0
[2026-06-01 13:35:25] 
[2026-06-01 13:35:25]   --- storage_mixed_k1_run4 (pbt) write-offset=20400000000 K=1 ---
[2026-06-01 13:35:25]   [geth] Stopping (SIGTERM, waiting up to 120s for clean exit): 1156335
[2026-06-01 13:35:26]   [geth] exited cleanly after 1s
[2026-06-01 13:35:27]   [cache] OS page cache dropped
Fatal: Could not create the account: account already exists
[2026-06-01 13:35:27]   [geth] Starting (pbt, gd=5, cold=1, dev.period=1, 1tx/block)
[2026-06-01 13:35:27]   [geth] Waiting for RPC...
[2026-06-01 13:35:29]   [geth] RPC ready after 3s
[2026-06-01 13:35:29]   [bench] Running execute remote...
[2026-06-01 13:35:36]   [bench] exit=0 passed=1 failed=0
0 missing_trie_node=0
0
[2026-06-01 13:35:36] 
[2026-06-01 13:35:36]   --- storage_mixed_k1_run5 (pbt) write-offset=20500000000 K=1 ---
[2026-06-01 13:35:36]   [geth] Stopping (SIGTERM, waiting up to 120s for clean exit): 1156408
[2026-06-01 13:35:37]   [geth] exited cleanly after 1s
[2026-06-01 13:35:38]   [cache] OS page cache dropped
Fatal: Could not create the account: account already exists
[2026-06-01 13:35:38]   [geth] Starting (pbt, gd=5, cold=1, dev.period=1, 1tx/block)
[2026-06-01 13:35:38]   [geth] Waiting for RPC...
[2026-06-01 13:35:40]   [geth] RPC ready after 3s
[2026-06-01 13:35:40]   [bench] Running execute remote...
[2026-06-01 13:35:47]   [bench] exit=0 passed=1 failed=0
0 missing_trie_node=0
0
[2026-06-01 13:35:47] 
[2026-06-01 13:35:47]   --- storage_mixed_k1_run6 (pbt) write-offset=20600000000 K=1 ---
[2026-06-01 13:35:47]   [geth] Stopping (SIGTERM, waiting up to 120s for clean exit): 1156483
[2026-06-01 13:35:48]   [geth] exited cleanly after 1s
[2026-06-01 13:35:49]   [cache] OS page cache dropped
Fatal: Could not create the account: account already exists
[2026-06-01 13:35:49]   [geth] Starting (pbt, gd=5, cold=1, dev.period=1, 1tx/block)
[2026-06-01 13:35:49]   [geth] Waiting for RPC...
[2026-06-01 13:35:51]   [geth] RPC ready after 3s
[2026-06-01 13:35:51]   [bench] Running execute remote...
[2026-06-01 13:35:58]   [bench] exit=0 passed=1 failed=0
0 missing_trie_node=0
0
[2026-06-01 13:35:58] 
[2026-06-01 13:35:58]   --- storage_mixed_k1_run7 (pbt) write-offset=20700000000 K=1 ---
[2026-06-01 13:35:58]   [geth] Stopping (SIGTERM, waiting up to 120s for clean exit): 1156556
[2026-06-01 13:35:59]   [geth] exited cleanly after 1s
[2026-06-01 13:35:59]   [cache] OS page cache dropped
Fatal: Could not create the account: account already exists
[2026-06-01 13:35:59]   [geth] Starting (pbt, gd=5, cold=1, dev.period=1, 1tx/block)
[2026-06-01 13:35:59]   [geth] Waiting for RPC...
[2026-06-01 13:36:02]   [geth] RPC ready after 3s
[2026-06-01 13:36:02]   [bench] Running execute remote...
[2026-06-01 13:36:09]   [bench] exit=0 passed=1 failed=0
0 missing_trie_node=0
0
[2026-06-01 13:36:09] 
[2026-06-01 13:36:09]   --- storage_mixed_k1_run8 (pbt) write-offset=20800000000 K=1 ---
[2026-06-01 13:36:09]   [geth] Stopping (SIGTERM, waiting up to 120s for clean exit): 1156631
[2026-06-01 13:36:10]   [geth] exited cleanly after 1s
[2026-06-01 13:36:11]   [cache] OS page cache dropped
Fatal: Could not create the account: account already exists
[2026-06-01 13:36:11]   [geth] Starting (pbt, gd=5, cold=1, dev.period=1, 1tx/block)
[2026-06-01 13:36:11]   [geth] Waiting for RPC...
[2026-06-01 13:36:13]   [geth] RPC ready after 3s
[2026-06-01 13:36:13]   [bench] Running execute remote...
[2026-06-01 13:36:19]   [bench] exit=0 passed=1 failed=0
0 missing_trie_node=0
0
[2026-06-01 13:36:19] 
[2026-06-01 13:36:19]   --- storage_mixed_k1_run9 (pbt) write-offset=20900000000 K=1 ---
[2026-06-01 13:36:19]   [geth] Stopping (SIGTERM, waiting up to 120s for clean exit): 1156708
[2026-06-01 13:36:20]   [geth] exited cleanly after 1s
[2026-06-01 13:36:20]   [cache] OS page cache dropped
Fatal: Could not create the account: account already exists
[2026-06-01 13:36:20]   [geth] Starting (pbt, gd=5, cold=1, dev.period=1, 1tx/block)
[2026-06-01 13:36:20]   [geth] Waiting for RPC...
[2026-06-01 13:36:23]   [geth] RPC ready after 3s
[2026-06-01 13:36:23]   [bench] Running execute remote...
[2026-06-01 13:36:30]   [bench] exit=0 passed=1 failed=0
0 missing_trie_node=0
0
[2026-06-01 13:36:30] 
[2026-06-01 13:36:30]   --- storage_mixed_k1_run10 (pbt) write-offset=21000000000 K=1 ---
[2026-06-01 13:36:30]   [geth] Stopping (SIGTERM, waiting up to 120s for clean exit): 1156782
[2026-06-01 13:36:31]   [geth] exited cleanly after 1s
[2026-06-01 13:36:31]   [cache] OS page cache dropped
Fatal: Could not create the account: account already exists
[2026-06-01 13:36:31]   [geth] Starting (pbt, gd=5, cold=1, dev.period=1, 1tx/block)
[2026-06-01 13:36:31]   [geth] Waiting for RPC...
[2026-06-01 13:36:33]   [geth] RPC ready after 3s
[2026-06-01 13:36:33]   [bench] Running execute remote...
[2026-06-01 13:36:41]   [bench] exit=0 passed=1 failed=0
0 missing_trie_node=0
0
[2026-06-01 13:36:41] 
[2026-06-01 13:36:41]   --- storage_mixed_k1_run11 (pbt) write-offset=21100000000 K=1 ---
[2026-06-01 13:36:41]   [geth] Stopping (SIGTERM, waiting up to 120s for clean exit): 1156856
[2026-06-01 13:36:42]   [geth] exited cleanly after 1s
[2026-06-01 13:36:42]   [cache] OS page cache dropped
Fatal: Could not create the account: account already exists
[2026-06-01 13:36:42]   [geth] Starting (pbt, gd=5, cold=1, dev.period=1, 1tx/block)
[2026-06-01 13:36:42]   [geth] Waiting for RPC...
[2026-06-01 13:36:44]   [geth] RPC ready after 3s
[2026-06-01 13:36:44]   [bench] Running execute remote...
[2026-06-01 13:36:52]   [bench] exit=0 passed=1 failed=0
0 missing_trie_node=0
0
[2026-06-01 13:36:52] 
[2026-06-01 13:36:52]   --- storage_mixed_k1_run12 (pbt) write-offset=21200000000 K=1 ---
[2026-06-01 13:36:52]   [geth] Stopping (SIGTERM, waiting up to 120s for clean exit): 1156930
[2026-06-01 13:36:53]   [geth] exited cleanly after 1s
[2026-06-01 13:36:53]   [cache] OS page cache dropped
Fatal: Could not create the account: account already exists
[2026-06-01 13:36:53]   [geth] Starting (pbt, gd=5, cold=1, dev.period=1, 1tx/block)
[2026-06-01 13:36:53]   [geth] Waiting for RPC...
[2026-06-01 13:36:55]   [geth] RPC ready after 3s
[2026-06-01 13:36:55]   [bench] Running execute remote...
[2026-06-01 13:37:03]   [bench] exit=0 passed=1 failed=0
0 missing_trie_node=0
0
[2026-06-01 13:37:03] 
[2026-06-01 13:37:03]   --- storage_mixed_k1_run13 (pbt) write-offset=21300000000 K=1 ---
[2026-06-01 13:37:03]   [geth] Stopping (SIGTERM, waiting up to 120s for clean exit): 1157005
[2026-06-01 13:37:04]   [geth] exited cleanly after 1s
[2026-06-01 13:37:04]   [cache] OS page cache dropped
Fatal: Could not create the account: account already exists
[2026-06-01 13:37:04]   [geth] Starting (pbt, gd=5, cold=1, dev.period=1, 1tx/block)
[2026-06-01 13:37:04]   [geth] Waiting for RPC...
[2026-06-01 13:37:06]   [geth] RPC ready after 3s
[2026-06-01 13:37:06]   [bench] Running execute remote...
[2026-06-01 13:37:14]   [bench] exit=0 passed=1 failed=0
0 missing_trie_node=0
0
[2026-06-01 13:37:14] 
[2026-06-01 13:37:14]   --- storage_mixed_k1_run14 (pbt) write-offset=21400000000 K=1 ---
[2026-06-01 13:37:14]   [geth] Stopping (SIGTERM, waiting up to 120s for clean exit): 1157082
[2026-06-01 13:37:15]   [geth] exited cleanly after 1s
[2026-06-01 13:37:15]   [cache] OS page cache dropped
Fatal: Could not create the account: account already exists
[2026-06-01 13:37:15]   [geth] Starting (pbt, gd=5, cold=1, dev.period=1, 1tx/block)
[2026-06-01 13:37:15]   [geth] Waiting for RPC...
[2026-06-01 13:37:17]   [geth] RPC ready after 3s
[2026-06-01 13:37:17]   [bench] Running execute remote...
[2026-06-01 13:37:25]   [bench] exit=0 passed=1 failed=0
0 missing_trie_node=0
0
[2026-06-01 13:37:25] 
[2026-06-01 13:37:25]   --- storage_mixed_k1_run15 (pbt) write-offset=21500000000 K=1 ---
[2026-06-01 13:37:25]   [geth] Stopping (SIGTERM, waiting up to 120s for clean exit): 1157157
[2026-06-01 13:37:26]   [geth] exited cleanly after 1s
[2026-06-01 13:37:26]   [cache] OS page cache dropped
Fatal: Could not create the account: account already exists
[2026-06-01 13:37:26]   [geth] Starting (pbt, gd=5, cold=1, dev.period=1, 1tx/block)
[2026-06-01 13:37:26]   [geth] Waiting for RPC...
[2026-06-01 13:37:28]   [geth] RPC ready after 3s
[2026-06-01 13:37:28]   [bench] Running execute remote...
[2026-06-01 13:37:35]   [bench] exit=0 passed=1 failed=0
0 missing_trie_node=0
0
[2026-06-01 13:37:35] 
[2026-06-01 13:37:35]   --- storage_mixed_k1_run16 (pbt) write-offset=21600000000 K=1 ---
[2026-06-01 13:37:35]   [geth] Stopping (SIGTERM, waiting up to 120s for clean exit): 1157229
[2026-06-01 13:37:36]   [geth] exited cleanly after 1s
[2026-06-01 13:37:37]   [cache] OS page cache dropped
Fatal: Could not create the account: account already exists
[2026-06-01 13:37:37]   [geth] Starting (pbt, gd=5, cold=1, dev.period=1, 1tx/block)
[2026-06-01 13:37:37]   [geth] Waiting for RPC...
[2026-06-01 13:37:39]   [geth] RPC ready after 3s
[2026-06-01 13:37:39]   [bench] Running execute remote...
[2026-06-01 13:37:46]   [bench] exit=0 passed=1 failed=0
0 missing_trie_node=0
0
[2026-06-01 13:37:46] 
[2026-06-01 13:37:46]   --- storage_mixed_k1_run17 (pbt) write-offset=21700000000 K=1 ---
[2026-06-01 13:37:46]   [geth] Stopping (SIGTERM, waiting up to 120s for clean exit): 1157301
[2026-06-01 13:37:47]   [geth] exited cleanly after 1s
[2026-06-01 13:37:47]   [cache] OS page cache dropped
Fatal: Could not create the account: account already exists
[2026-06-01 13:37:47]   [geth] Starting (pbt, gd=5, cold=1, dev.period=1, 1tx/block)
[2026-06-01 13:37:47]   [geth] Waiting for RPC...
[2026-06-01 13:37:49]   [geth] RPC ready after 3s
[2026-06-01 13:37:49]   [bench] Running execute remote...
[2026-06-01 13:37:57]   [bench] exit=0 passed=1 failed=0
0 missing_trie_node=0
0
[2026-06-01 13:37:57] 
[2026-06-01 13:37:57]   --- storage_mixed_k1_run18 (pbt) write-offset=21800000000 K=1 ---
[2026-06-01 13:37:57]   [geth] Stopping (SIGTERM, waiting up to 120s for clean exit): 1157376
[2026-06-01 13:37:58]   [geth] exited cleanly after 1s
[2026-06-01 13:37:58]   [cache] OS page cache dropped
Fatal: Could not create the account: account already exists
[2026-06-01 13:37:58]   [geth] Starting (pbt, gd=5, cold=1, dev.period=1, 1tx/block)
[2026-06-01 13:37:58]   [geth] Waiting for RPC...
[2026-06-01 13:38:00]   [geth] RPC ready after 3s
[2026-06-01 13:38:00]   [bench] Running execute remote...
[2026-06-01 13:38:08]   [bench] exit=0 passed=1 failed=0
0 missing_trie_node=0
0
[2026-06-01 13:38:08] 
[2026-06-01 13:38:08]   --- storage_mixed_k1_run19 (pbt) write-offset=21900000000 K=1 ---
[2026-06-01 13:38:08]   [geth] Stopping (SIGTERM, waiting up to 120s for clean exit): 1157451
[2026-06-01 13:38:09]   [geth] exited cleanly after 1s
[2026-06-01 13:38:09]   [cache] OS page cache dropped
Fatal: Could not create the account: account already exists
[2026-06-01 13:38:09]   [geth] Starting (pbt, gd=5, cold=1, dev.period=1, 1tx/block)
[2026-06-01 13:38:09]   [geth] Waiting for RPC...
[2026-06-01 13:38:11]   [geth] RPC ready after 3s
[2026-06-01 13:38:11]   [bench] Running execute remote...
[2026-06-01 13:38:18]   [bench] exit=0 passed=1 failed=0
0 missing_trie_node=0
0
[2026-06-01 13:38:18] 
[2026-06-01 13:38:18]   --- storage_mixed_k1_run20 (pbt) write-offset=22000000000 K=1 ---
[2026-06-01 13:38:18]   [geth] Stopping (SIGTERM, waiting up to 120s for clean exit): 1157530
[2026-06-01 13:38:19]   [geth] exited cleanly after 1s
[2026-06-01 13:38:19]   [cache] OS page cache dropped
Fatal: Could not create the account: account already exists
[2026-06-01 13:38:20]   [geth] Starting (pbt, gd=5, cold=1, dev.period=1, 1tx/block)
[2026-06-01 13:38:20]   [geth] Waiting for RPC...
[2026-06-01 13:38:22]   [geth] RPC ready after 3s
[2026-06-01 13:38:22]   [bench] Running execute remote...
[2026-06-01 13:38:29]   [bench] exit=0 passed=1 failed=0
0 missing_trie_node=0
0
[2026-06-01 13:38:29] 
[2026-06-01 13:38:29]   ── BENCHMARK: storage_mixed_k10 (pool=256 contracts; effective K=10)
[2026-06-01 13:38:29] 
[2026-06-01 13:38:29]   --- storage_mixed_k10_run1 (pbt) write-offset=20100000000 K=10 ---
[2026-06-01 13:38:29]   [geth] Stopping (SIGTERM, waiting up to 120s for clean exit): 1157642
[2026-06-01 13:38:30]   [geth] exited cleanly after 1s
[2026-06-01 13:38:30]   [cache] OS page cache dropped
Fatal: Could not create the account: account already exists
[2026-06-01 13:38:30]   [geth] Starting (pbt, gd=5, cold=1, dev.period=1, 1tx/block)
[2026-06-01 13:38:30]   [geth] Waiting for RPC...
[2026-06-01 13:38:32]   [geth] RPC ready after 3s
[2026-06-01 13:38:32]   [bench] Running execute remote...
[2026-06-01 13:38:40]   [bench] exit=0 passed=1 failed=0
0 missing_trie_node=0
0
[2026-06-01 13:38:40] 
[2026-06-01 13:38:40]   --- storage_mixed_k10_run2 (pbt) write-offset=20200000000 K=10 ---
[2026-06-01 13:38:40]   [geth] Stopping (SIGTERM, waiting up to 120s for clean exit): 1157757
[2026-06-01 13:38:41]   [geth] exited cleanly after 1s
[2026-06-01 13:38:41]   [cache] OS page cache dropped
Fatal: Could not create the account: account already exists
[2026-06-01 13:38:41]   [geth] Starting (pbt, gd=5, cold=1, dev.period=1, 1tx/block)
[2026-06-01 13:38:41]   [geth] Waiting for RPC...
[2026-06-01 13:38:43]   [geth] RPC ready after 3s
[2026-06-01 13:38:43]   [bench] Running execute remote...
[2026-06-01 13:38:51]   [bench] exit=0 passed=1 failed=0
0 missing_trie_node=0
0
[2026-06-01 13:38:51] 
[2026-06-01 13:38:51]   --- storage_mixed_k10_run3 (pbt) write-offset=20300000000 K=10 ---
[2026-06-01 13:38:51]   [geth] Stopping (SIGTERM, waiting up to 120s for clean exit): 1157831
[2026-06-01 13:38:52]   [geth] exited cleanly after 1s
[2026-06-01 13:38:52]   [cache] OS page cache dropped
Fatal: Could not create the account: account already exists
[2026-06-01 13:38:52]   [geth] Starting (pbt, gd=5, cold=1, dev.period=1, 1tx/block)
[2026-06-01 13:38:52]   [geth] Waiting for RPC...
[2026-06-01 13:38:54]   [geth] RPC ready after 3s
[2026-06-01 13:38:54]   [bench] Running execute remote...
[2026-06-01 13:39:02]   [bench] exit=0 passed=1 failed=0
0 missing_trie_node=0
0
[2026-06-01 13:39:02] 
[2026-06-01 13:39:02]   --- storage_mixed_k10_run4 (pbt) write-offset=20400000000 K=10 ---
[2026-06-01 13:39:02]   [geth] Stopping (SIGTERM, waiting up to 120s for clean exit): 1157906
[2026-06-01 13:39:03]   [geth] exited cleanly after 1s
[2026-06-01 13:39:03]   [cache] OS page cache dropped
Fatal: Could not create the account: account already exists
[2026-06-01 13:39:03]   [geth] Starting (pbt, gd=5, cold=1, dev.period=1, 1tx/block)
[2026-06-01 13:39:03]   [geth] Waiting for RPC...
[2026-06-01 13:39:05]   [geth] RPC ready after 3s
[2026-06-01 13:39:05]   [bench] Running execute remote...
[2026-06-01 13:39:12]   [bench] exit=0 passed=1 failed=0
0 missing_trie_node=0
0
[2026-06-01 13:39:12] 
[2026-06-01 13:39:12]   --- storage_mixed_k10_run5 (pbt) write-offset=20500000000 K=10 ---
[2026-06-01 13:39:12]   [geth] Stopping (SIGTERM, waiting up to 120s for clean exit): 1157981
[2026-06-01 13:39:13]   [geth] exited cleanly after 1s
[2026-06-01 13:39:13]   [cache] OS page cache dropped
Fatal: Could not create the account: account already exists
[2026-06-01 13:39:14]   [geth] Starting (pbt, gd=5, cold=1, dev.period=1, 1tx/block)
[2026-06-01 13:39:14]   [geth] Waiting for RPC...
[2026-06-01 13:39:16]   [geth] RPC ready after 3s
[2026-06-01 13:39:16]   [bench] Running execute remote...
[2026-06-01 13:39:23]   [bench] exit=0 passed=1 failed=0
0 missing_trie_node=0
0
[2026-06-01 13:39:23] 
[2026-06-01 13:39:23]   --- storage_mixed_k10_run6 (pbt) write-offset=20600000000 K=10 ---
[2026-06-01 13:39:23]   [geth] Stopping (SIGTERM, waiting up to 120s for clean exit): 1158057
[2026-06-01 13:39:24]   [geth] exited cleanly after 1s
[2026-06-01 13:39:24]   [cache] OS page cache dropped
Fatal: Could not create the account: account already exists
[2026-06-01 13:39:24]   [geth] Starting (pbt, gd=5, cold=1, dev.period=1, 1tx/block)
[2026-06-01 13:39:24]   [geth] Waiting for RPC...
[2026-06-01 13:39:26]   [geth] RPC ready after 3s
[2026-06-01 13:39:26]   [bench] Running execute remote...
[2026-06-01 13:39:33]   [bench] exit=0 passed=1 failed=0
0 missing_trie_node=0
0
[2026-06-01 13:39:33] 
[2026-06-01 13:39:33]   --- storage_mixed_k10_run7 (pbt) write-offset=20700000000 K=10 ---
[2026-06-01 13:39:33]   [geth] Stopping (SIGTERM, waiting up to 120s for clean exit): 1158133
[2026-06-01 13:39:34]   [geth] exited cleanly after 1s
[2026-06-01 13:39:34]   [cache] OS page cache dropped
Fatal: Could not create the account: account already exists
[2026-06-01 13:39:34]   [geth] Starting (pbt, gd=5, cold=1, dev.period=1, 1tx/block)
[2026-06-01 13:39:34]   [geth] Waiting for RPC...
[2026-06-01 13:39:36]   [geth] RPC ready after 3s
[2026-06-01 13:39:36]   [bench] Running execute remote...
[2026-06-01 13:39:44]   [bench] exit=0 passed=1 failed=0
0 missing_trie_node=0
0
[2026-06-01 13:39:44] 
[2026-06-01 13:39:44]   --- storage_mixed_k10_run8 (pbt) write-offset=20800000000 K=10 ---
[2026-06-01 13:39:44]   [geth] Stopping (SIGTERM, waiting up to 120s for clean exit): 1158206
[2026-06-01 13:39:45]   [geth] exited cleanly after 1s
[2026-06-01 13:39:45]   [cache] OS page cache dropped
Fatal: Could not create the account: account already exists
[2026-06-01 13:39:45]   [geth] Starting (pbt, gd=5, cold=1, dev.period=1, 1tx/block)
[2026-06-01 13:39:45]   [geth] Waiting for RPC...
[2026-06-01 13:39:47]   [geth] RPC ready after 3s
[2026-06-01 13:39:47]   [bench] Running execute remote...
[2026-06-01 13:39:54]   [bench] exit=0 passed=1 failed=0
0 missing_trie_node=0
0
[2026-06-01 13:39:54] 
[2026-06-01 13:39:54]   --- storage_mixed_k10_run9 (pbt) write-offset=20900000000 K=10 ---
[2026-06-01 13:39:54]   [geth] Stopping (SIGTERM, waiting up to 120s for clean exit): 1158282
[2026-06-01 13:39:55]   [geth] exited cleanly after 1s
[2026-06-01 13:39:56]   [cache] OS page cache dropped
Fatal: Could not create the account: account already exists
[2026-06-01 13:39:56]   [geth] Starting (pbt, gd=5, cold=1, dev.period=1, 1tx/block)
[2026-06-01 13:39:56]   [geth] Waiting for RPC...
[2026-06-01 13:39:58]   [geth] RPC ready after 3s
[2026-06-01 13:39:58]   [bench] Running execute remote...
[2026-06-01 13:40:05]   [bench] exit=0 passed=1 failed=0
0 missing_trie_node=0
0
[2026-06-01 13:40:05] 
[2026-06-01 13:40:05]   --- storage_mixed_k10_run10 (pbt) write-offset=21000000000 K=10 ---
[2026-06-01 13:40:05]   [geth] Stopping (SIGTERM, waiting up to 120s for clean exit): 1158358
[2026-06-01 13:40:06]   [geth] exited cleanly after 1s
[2026-06-01 13:40:06]   [cache] OS page cache dropped
Fatal: Could not create the account: account already exists
[2026-06-01 13:40:06]   [geth] Starting (pbt, gd=5, cold=1, dev.period=1, 1tx/block)
[2026-06-01 13:40:06]   [geth] Waiting for RPC...
[2026-06-01 13:40:08]   [geth] RPC ready after 3s
[2026-06-01 13:40:08]   [bench] Running execute remote...
[2026-06-01 13:40:16]   [bench] exit=0 passed=1 failed=0
0 missing_trie_node=0
0
[2026-06-01 13:40:16] 
[2026-06-01 13:40:16]   --- storage_mixed_k10_run11 (pbt) write-offset=21100000000 K=10 ---
[2026-06-01 13:40:16]   [geth] Stopping (SIGTERM, waiting up to 120s for clean exit): 1158436
[2026-06-01 13:40:17]   [geth] exited cleanly after 1s
[2026-06-01 13:40:17]   [cache] OS page cache dropped
Fatal: Could not create the account: account already exists
[2026-06-01 13:40:17]   [geth] Starting (pbt, gd=5, cold=1, dev.period=1, 1tx/block)
[2026-06-01 13:40:17]   [geth] Waiting for RPC...
[2026-06-01 13:40:19]   [geth] RPC ready after 3s
[2026-06-01 13:40:19]   [bench] Running execute remote...
[2026-06-01 13:40:27]   [bench] exit=0 passed=1 failed=0
0 missing_trie_node=0
0
[2026-06-01 13:40:27] 
[2026-06-01 13:40:27]   --- storage_mixed_k10_run12 (pbt) write-offset=21200000000 K=10 ---
[2026-06-01 13:40:27]   [geth] Stopping (SIGTERM, waiting up to 120s for clean exit): 1158513
[2026-06-01 13:40:28]   [geth] exited cleanly after 1s
[2026-06-01 13:40:28]   [cache] OS page cache dropped
Fatal: Could not create the account: account already exists
[2026-06-01 13:40:28]   [geth] Starting (pbt, gd=5, cold=1, dev.period=1, 1tx/block)
[2026-06-01 13:40:28]   [geth] Waiting for RPC...
[2026-06-01 13:40:30]   [geth] RPC ready after 3s
[2026-06-01 13:40:30]   [bench] Running execute remote...
[2026-06-01 13:40:37]   [bench] exit=0 passed=1 failed=0
0 missing_trie_node=0
0
[2026-06-01 13:40:37] 
[2026-06-01 13:40:37]   --- storage_mixed_k10_run13 (pbt) write-offset=21300000000 K=10 ---
[2026-06-01 13:40:37]   [geth] Stopping (SIGTERM, waiting up to 120s for clean exit): 1158591
[2026-06-01 13:40:38]   [geth] exited cleanly after 1s
[2026-06-01 13:40:39]   [cache] OS page cache dropped
Fatal: Could not create the account: account already exists
[2026-06-01 13:40:39]   [geth] Starting (pbt, gd=5, cold=1, dev.period=1, 1tx/block)
[2026-06-01 13:40:39]   [geth] Waiting for RPC...
[2026-06-01 13:40:41]   [geth] RPC ready after 3s
[2026-06-01 13:40:41]   [bench] Running execute remote...
[2026-06-01 13:40:48]   [bench] exit=0 passed=1 failed=0
0 missing_trie_node=0
0
[2026-06-01 13:40:48] 
[2026-06-01 13:40:48]   --- storage_mixed_k10_run14 (pbt) write-offset=21400000000 K=10 ---
[2026-06-01 13:40:48]   [geth] Stopping (SIGTERM, waiting up to 120s for clean exit): 1158666
[2026-06-01 13:40:49]   [geth] exited cleanly after 1s
[2026-06-01 13:40:49]   [cache] OS page cache dropped
Fatal: Could not create the account: account already exists
[2026-06-01 13:40:49]   [geth] Starting (pbt, gd=5, cold=1, dev.period=1, 1tx/block)
[2026-06-01 13:40:49]   [geth] Waiting for RPC...
[2026-06-01 13:40:51]   [geth] RPC ready after 3s
[2026-06-01 13:40:51]   [bench] Running execute remote...
[2026-06-01 13:40:59]   [bench] exit=0 passed=1 failed=0
0 missing_trie_node=0
0
[2026-06-01 13:40:59] 
[2026-06-01 13:40:59]   --- storage_mixed_k10_run15 (pbt) write-offset=21500000000 K=10 ---
[2026-06-01 13:40:59]   [geth] Stopping (SIGTERM, waiting up to 120s for clean exit): 1158738
[2026-06-01 13:41:00]   [geth] exited cleanly after 1s
[2026-06-01 13:41:00]   [cache] OS page cache dropped
Fatal: Could not create the account: account already exists
[2026-06-01 13:41:00]   [geth] Starting (pbt, gd=5, cold=1, dev.period=1, 1tx/block)
[2026-06-01 13:41:00]   [geth] Waiting for RPC...
[2026-06-01 13:41:02]   [geth] RPC ready after 3s
[2026-06-01 13:41:02]   [bench] Running execute remote...
[2026-06-01 13:41:10]   [bench] exit=0 passed=1 failed=0
0 missing_trie_node=0
0
[2026-06-01 13:41:10] 
[2026-06-01 13:41:10]   --- storage_mixed_k10_run16 (pbt) write-offset=21600000000 K=10 ---
[2026-06-01 13:41:10]   [geth] Stopping (SIGTERM, waiting up to 120s for clean exit): 1158814
[2026-06-01 13:41:11]   [geth] exited cleanly after 1s
[2026-06-01 13:41:11]   [cache] OS page cache dropped
Fatal: Could not create the account: account already exists
[2026-06-01 13:41:11]   [geth] Starting (pbt, gd=5, cold=1, dev.period=1, 1tx/block)
[2026-06-01 13:41:11]   [geth] Waiting for RPC...
[2026-06-01 13:41:13]   [geth] RPC ready after 3s
[2026-06-01 13:41:13]   [bench] Running execute remote...
[2026-06-01 13:41:20]   [bench] exit=0 passed=1 failed=0
0 missing_trie_node=0
0
[2026-06-01 13:41:20] 
[2026-06-01 13:41:20]   --- storage_mixed_k10_run17 (pbt) write-offset=21700000000 K=10 ---
[2026-06-01 13:41:20]   [geth] Stopping (SIGTERM, waiting up to 120s for clean exit): 1158891
[2026-06-01 13:41:21]   [geth] exited cleanly after 1s
[2026-06-01 13:41:22]   [cache] OS page cache dropped
Fatal: Could not create the account: account already exists
[2026-06-01 13:41:22]   [geth] Starting (pbt, gd=5, cold=1, dev.period=1, 1tx/block)
[2026-06-01 13:41:22]   [geth] Waiting for RPC...
[2026-06-01 13:41:24]   [geth] RPC ready after 3s
[2026-06-01 13:41:24]   [bench] Running execute remote...
[2026-06-01 13:41:31]   [bench] exit=0 passed=1 failed=0
0 missing_trie_node=0
0
[2026-06-01 13:41:31] 
[2026-06-01 13:41:31]   --- storage_mixed_k10_run18 (pbt) write-offset=21800000000 K=10 ---
[2026-06-01 13:41:31]   [geth] Stopping (SIGTERM, waiting up to 120s for clean exit): 1158968
[2026-06-01 13:41:32]   [geth] exited cleanly after 1s
[2026-06-01 13:41:32]   [cache] OS page cache dropped
Fatal: Could not create the account: account already exists
[2026-06-01 13:41:32]   [geth] Starting (pbt, gd=5, cold=1, dev.period=1, 1tx/block)
[2026-06-01 13:41:32]   [geth] Waiting for RPC...
[2026-06-01 13:41:34]   [geth] RPC ready after 3s
[2026-06-01 13:41:34]   [bench] Running execute remote...
[2026-06-01 13:41:42]   [bench] exit=0 passed=1 failed=0
0 missing_trie_node=0
0
[2026-06-01 13:41:42] 
[2026-06-01 13:41:42]   --- storage_mixed_k10_run19 (pbt) write-offset=21900000000 K=10 ---
[2026-06-01 13:41:42]   [geth] Stopping (SIGTERM, waiting up to 120s for clean exit): 1159042
[2026-06-01 13:41:43]   [geth] exited cleanly after 1s
[2026-06-01 13:41:43]   [cache] OS page cache dropped
Fatal: Could not create the account: account already exists
[2026-06-01 13:41:43]   [geth] Starting (pbt, gd=5, cold=1, dev.period=1, 1tx/block)
[2026-06-01 13:41:43]   [geth] Waiting for RPC...
[2026-06-01 13:41:45]   [geth] RPC ready after 3s
[2026-06-01 13:41:45]   [bench] Running execute remote...
[2026-06-01 13:41:52]   [bench] exit=0 passed=1 failed=0
0 missing_trie_node=0
0
[2026-06-01 13:41:53] 
[2026-06-01 13:41:53]   --- storage_mixed_k10_run20 (pbt) write-offset=22000000000 K=10 ---
[2026-06-01 13:41:53]   [geth] Stopping (SIGTERM, waiting up to 120s for clean exit): 1159115
[2026-06-01 13:41:54]   [geth] exited cleanly after 1s
[2026-06-01 13:41:54]   [cache] OS page cache dropped
Fatal: Could not create the account: account already exists
[2026-06-01 13:41:54]   [geth] Starting (pbt, gd=5, cold=1, dev.period=1, 1tx/block)
[2026-06-01 13:41:54]   [geth] Waiting for RPC...
[2026-06-01 13:41:56]   [geth] RPC ready after 3s
[2026-06-01 13:41:56]   [bench] Running execute remote...
[2026-06-01 13:42:03]   [bench] exit=0 passed=1 failed=0
0 missing_trie_node=0
0
[2026-06-01 13:42:03] 
[2026-06-01 13:42:03]   ── BENCHMARK: storage_mixed_k100 (pool=256 contracts; effective K=100)
[2026-06-01 13:42:03] 
[2026-06-01 13:42:03]   --- storage_mixed_k100_run1 (pbt) write-offset=20100000000 K=100 ---
[2026-06-01 13:42:03]   [geth] Stopping (SIGTERM, waiting up to 120s for clean exit): 1159189
[2026-06-01 13:42:04]   [geth] exited cleanly after 1s
[2026-06-01 13:42:04]   [cache] OS page cache dropped
Fatal: Could not create the account: account already exists
[2026-06-01 13:42:04]   [geth] Starting (pbt, gd=5, cold=1, dev.period=1, 1tx/block)
[2026-06-01 13:42:04]   [geth] Waiting for RPC...
[2026-06-01 13:42:07]   [geth] RPC ready after 3s
[2026-06-01 13:42:07]   [bench] Running execute remote...
[2026-06-01 13:42:14]   [bench] exit=0 passed=1 failed=0
0 missing_trie_node=0
0
[2026-06-01 13:42:14] 
[2026-06-01 13:42:14]   --- storage_mixed_k100_run2 (pbt) write-offset=20200000000 K=100 ---
[2026-06-01 13:42:14]   [geth] Stopping (SIGTERM, waiting up to 120s for clean exit): 1159290
[2026-06-01 13:42:15]   [geth] exited cleanly after 1s
[2026-06-01 13:42:15]   [cache] OS page cache dropped
Fatal: Could not create the account: account already exists
[2026-06-01 13:42:15]   [geth] Starting (pbt, gd=5, cold=1, dev.period=1, 1tx/block)
[2026-06-01 13:42:15]   [geth] Waiting for RPC...
[2026-06-01 13:42:17]   [geth] RPC ready after 3s
[2026-06-01 13:42:17]   [bench] Running execute remote...
[2026-06-01 13:42:25]   [bench] exit=0 passed=1 failed=0
0 missing_trie_node=0
0
[2026-06-01 13:42:25] 
[2026-06-01 13:42:25]   --- storage_mixed_k100_run3 (pbt) write-offset=20300000000 K=100 ---
[2026-06-01 13:42:25]   [geth] Stopping (SIGTERM, waiting up to 120s for clean exit): 1159365
[2026-06-01 13:42:26]   [geth] exited cleanly after 1s
[2026-06-01 13:42:26]   [cache] OS page cache dropped
Fatal: Could not create the account: account already exists
[2026-06-01 13:42:26]   [geth] Starting (pbt, gd=5, cold=1, dev.period=1, 1tx/block)
[2026-06-01 13:42:26]   [geth] Waiting for RPC...
[2026-06-01 13:42:28]   [geth] RPC ready after 3s
[2026-06-01 13:42:28]   [bench] Running execute remote...
[2026-06-01 13:42:34]   [bench] exit=0 passed=1 failed=0
0 missing_trie_node=0
0
[2026-06-01 13:42:34] 
[2026-06-01 13:42:34]   --- storage_mixed_k100_run4 (pbt) write-offset=20400000000 K=100 ---
[2026-06-01 13:42:35]   [geth] Stopping (SIGTERM, waiting up to 120s for clean exit): 1159440
[2026-06-01 13:42:36]   [geth] exited cleanly after 1s
[2026-06-01 13:42:36]   [cache] OS page cache dropped
Fatal: Could not create the account: account already exists
[2026-06-01 13:42:36]   [geth] Starting (pbt, gd=5, cold=1, dev.period=1, 1tx/block)
[2026-06-01 13:42:36]   [geth] Waiting for RPC...
[2026-06-01 13:42:38]   [geth] RPC ready after 3s
[2026-06-01 13:42:38]   [bench] Running execute remote...
[2026-06-01 13:42:45]   [bench] exit=0 passed=1 failed=0
0 missing_trie_node=0
0
[2026-06-01 13:42:45] 
[2026-06-01 13:42:45]   --- storage_mixed_k100_run5 (pbt) write-offset=20500000000 K=100 ---
[2026-06-01 13:42:45]   [geth] Stopping (SIGTERM, waiting up to 120s for clean exit): 1159515
[2026-06-01 13:42:46]   [geth] exited cleanly after 1s
[2026-06-01 13:42:46]   [cache] OS page cache dropped
Fatal: Could not create the account: account already exists
[2026-06-01 13:42:46]   [geth] Starting (pbt, gd=5, cold=1, dev.period=1, 1tx/block)
[2026-06-01 13:42:46]   [geth] Waiting for RPC...
[2026-06-01 13:42:49]   [geth] RPC ready after 3s
[2026-06-01 13:42:49]   [bench] Running execute remote...
[2026-06-01 13:42:56]   [bench] exit=0 passed=1 failed=0
0 missing_trie_node=0
0
[2026-06-01 13:42:56] 
[2026-06-01 13:42:56]   --- storage_mixed_k100_run6 (pbt) write-offset=20600000000 K=100 ---
[2026-06-01 13:42:56]   [geth] Stopping (SIGTERM, waiting up to 120s for clean exit): 1159591
[2026-06-01 13:42:57]   [geth] exited cleanly after 1s
[2026-06-01 13:42:57]   [cache] OS page cache dropped
Fatal: Could not create the account: account already exists
[2026-06-01 13:42:57]   [geth] Starting (pbt, gd=5, cold=1, dev.period=1, 1tx/block)
[2026-06-01 13:42:57]   [geth] Waiting for RPC...
[2026-06-01 13:42:59]   [geth] RPC ready after 3s
[2026-06-01 13:42:59]   [bench] Running execute remote...
[2026-06-01 13:43:06]   [bench] exit=0 passed=1 failed=0
0 missing_trie_node=0
0
[2026-06-01 13:43:06] 
[2026-06-01 13:43:06]   --- storage_mixed_k100_run7 (pbt) write-offset=20700000000 K=100 ---
[2026-06-01 13:43:06]   [geth] Stopping (SIGTERM, waiting up to 120s for clean exit): 1159663
[2026-06-01 13:43:07]   [geth] exited cleanly after 1s
[2026-06-01 13:43:07]   [cache] OS page cache dropped
Fatal: Could not create the account: account already exists
[2026-06-01 13:43:07]   [geth] Starting (pbt, gd=5, cold=1, dev.period=1, 1tx/block)
[2026-06-01 13:43:07]   [geth] Waiting for RPC...
[2026-06-01 13:43:09]   [geth] RPC ready after 3s
[2026-06-01 13:43:09]   [bench] Running execute remote...
[2026-06-01 13:43:16]   [bench] exit=0 passed=1 failed=0
0 missing_trie_node=0
0
[2026-06-01 13:43:16] 
[2026-06-01 13:43:16]   --- storage_mixed_k100_run8 (pbt) write-offset=20800000000 K=100 ---
[2026-06-01 13:43:16]   [geth] Stopping (SIGTERM, waiting up to 120s for clean exit): 1159742
[2026-06-01 13:43:17]   [geth] exited cleanly after 1s
[2026-06-01 13:43:17]   [cache] OS page cache dropped
Fatal: Could not create the account: account already exists
[2026-06-01 13:43:17]   [geth] Starting (pbt, gd=5, cold=1, dev.period=1, 1tx/block)
[2026-06-01 13:43:17]   [geth] Waiting for RPC...
[2026-06-01 13:43:19]   [geth] RPC ready after 3s
[2026-06-01 13:43:19]   [bench] Running execute remote...
[2026-06-01 13:43:27]   [bench] exit=0 passed=1 failed=0
0 missing_trie_node=0
0
[2026-06-01 13:43:27] 
[2026-06-01 13:43:27]   --- storage_mixed_k100_run9 (pbt) write-offset=20900000000 K=100 ---
[2026-06-01 13:43:27]   [geth] Stopping (SIGTERM, waiting up to 120s for clean exit): 1159820
[2026-06-01 13:43:28]   [geth] exited cleanly after 1s
[2026-06-01 13:43:28]   [cache] OS page cache dropped
Fatal: Could not create the account: account already exists
[2026-06-01 13:43:28]   [geth] Starting (pbt, gd=5, cold=1, dev.period=1, 1tx/block)
[2026-06-01 13:43:28]   [geth] Waiting for RPC...
[2026-06-01 13:43:30]   [geth] RPC ready after 3s
[2026-06-01 13:43:30]   [bench] Running execute remote...
[2026-06-01 13:43:36]   [bench] exit=0 passed=1 failed=0
0 missing_trie_node=0
0
[2026-06-01 13:43:36] 
[2026-06-01 13:43:36]   --- storage_mixed_k100_run10 (pbt) write-offset=21000000000 K=100 ---
[2026-06-01 13:43:36]   [geth] Stopping (SIGTERM, waiting up to 120s for clean exit): 1159893
[2026-06-01 13:43:37]   [geth] exited cleanly after 1s
[2026-06-01 13:43:38]   [cache] OS page cache dropped
Fatal: Could not create the account: account already exists
[2026-06-01 13:43:38]   [geth] Starting (pbt, gd=5, cold=1, dev.period=1, 1tx/block)
[2026-06-01 13:43:38]   [geth] Waiting for RPC...
[2026-06-01 13:43:40]   [geth] RPC ready after 3s
[2026-06-01 13:43:40]   [bench] Running execute remote...
[2026-06-01 13:43:48]   [bench] exit=0 passed=1 failed=0
0 missing_trie_node=0
0
[2026-06-01 13:43:48] 
[2026-06-01 13:43:48]   --- storage_mixed_k100_run11 (pbt) write-offset=21100000000 K=100 ---
[2026-06-01 13:43:48]   [geth] Stopping (SIGTERM, waiting up to 120s for clean exit): 1159983
[2026-06-01 13:43:49]   [geth] exited cleanly after 1s
[2026-06-01 13:43:49]   [cache] OS page cache dropped
Fatal: Could not create the account: account already exists
[2026-06-01 13:43:49]   [geth] Starting (pbt, gd=5, cold=1, dev.period=1, 1tx/block)
[2026-06-01 13:43:49]   [geth] Waiting for RPC...
[2026-06-01 13:43:51]   [geth] RPC ready after 3s
[2026-06-01 13:43:51]   [bench] Running execute remote...
[2026-06-01 13:43:58]   [bench] exit=0 passed=1 failed=0
0 missing_trie_node=0
0
[2026-06-01 13:43:58] 
[2026-06-01 13:43:58]   --- storage_mixed_k100_run12 (pbt) write-offset=21200000000 K=100 ---
[2026-06-01 13:43:58]   [geth] Stopping (SIGTERM, waiting up to 120s for clean exit): 1160058
[2026-06-01 13:43:59]   [geth] exited cleanly after 1s
[2026-06-01 13:43:59]   [cache] OS page cache dropped
Fatal: Could not create the account: account already exists
[2026-06-01 13:43:59]   [geth] Starting (pbt, gd=5, cold=1, dev.period=1, 1tx/block)
[2026-06-01 13:43:59]   [geth] Waiting for RPC...
[2026-06-01 13:44:01]   [geth] RPC ready after 3s
[2026-06-01 13:44:01]   [bench] Running execute remote...
[2026-06-01 13:44:09]   [bench] exit=0 passed=1 failed=0
0 missing_trie_node=0
0
[2026-06-01 13:44:09] 
[2026-06-01 13:44:09]   --- storage_mixed_k100_run13 (pbt) write-offset=21300000000 K=100 ---
[2026-06-01 13:44:09]   [geth] Stopping (SIGTERM, waiting up to 120s for clean exit): 1160134
[2026-06-01 13:44:10]   [geth] exited cleanly after 1s
[2026-06-01 13:44:10]   [cache] OS page cache dropped
Fatal: Could not create the account: account already exists
[2026-06-01 13:44:10]   [geth] Starting (pbt, gd=5, cold=1, dev.period=1, 1tx/block)
[2026-06-01 13:44:10]   [geth] Waiting for RPC...
[2026-06-01 13:44:12]   [geth] RPC ready after 3s
[2026-06-01 13:44:12]   [bench] Running execute remote...
[2026-06-01 13:44:19]   [bench] exit=0 passed=1 failed=0
0 missing_trie_node=0
0
[2026-06-01 13:44:19] 
[2026-06-01 13:44:19]   --- storage_mixed_k100_run14 (pbt) write-offset=21400000000 K=100 ---
[2026-06-01 13:44:19]   [geth] Stopping (SIGTERM, waiting up to 120s for clean exit): 1160213
[2026-06-01 13:44:20]   [geth] exited cleanly after 1s
[2026-06-01 13:44:21]   [cache] OS page cache dropped
Fatal: Could not create the account: account already exists
[2026-06-01 13:44:21]   [geth] Starting (pbt, gd=5, cold=1, dev.period=1, 1tx/block)
[2026-06-01 13:44:21]   [geth] Waiting for RPC...
[2026-06-01 13:44:23]   [geth] RPC ready after 3s
[2026-06-01 13:44:23]   [bench] Running execute remote...
[2026-06-01 13:44:30]   [bench] exit=0 passed=1 failed=0
0 missing_trie_node=0
0
[2026-06-01 13:44:30] 
[2026-06-01 13:44:30]   --- storage_mixed_k100_run15 (pbt) write-offset=21500000000 K=100 ---
[2026-06-01 13:44:30]   [geth] Stopping (SIGTERM, waiting up to 120s for clean exit): 1160287
[2026-06-01 13:44:31]   [geth] exited cleanly after 1s
[2026-06-01 13:44:31]   [cache] OS page cache dropped
Fatal: Could not create the account: account already exists
[2026-06-01 13:44:32]   [geth] Starting (pbt, gd=5, cold=1, dev.period=1, 1tx/block)
[2026-06-01 13:44:32]   [geth] Waiting for RPC...
[2026-06-01 13:44:34]   [geth] RPC ready after 3s
[2026-06-01 13:44:34]   [bench] Running execute remote...
[2026-06-01 13:44:41]   [bench] exit=0 passed=1 failed=0
0 missing_trie_node=0
0
[2026-06-01 13:44:41] 
[2026-06-01 13:44:41]   --- storage_mixed_k100_run16 (pbt) write-offset=21600000000 K=100 ---
[2026-06-01 13:44:41]   [geth] Stopping (SIGTERM, waiting up to 120s for clean exit): 1160359
[2026-06-01 13:44:42]   [geth] exited cleanly after 1s
[2026-06-01 13:44:42]   [cache] OS page cache dropped
Fatal: Could not create the account: account already exists
[2026-06-01 13:44:42]   [geth] Starting (pbt, gd=5, cold=1, dev.period=1, 1tx/block)
[2026-06-01 13:44:42]   [geth] Waiting for RPC...
[2026-06-01 13:44:44]   [geth] RPC ready after 3s
[2026-06-01 13:44:44]   [bench] Running execute remote...
[2026-06-01 13:44:51]   [bench] exit=0 passed=1 failed=0
0 missing_trie_node=0
0
[2026-06-01 13:44:51] 
[2026-06-01 13:44:51]   --- storage_mixed_k100_run17 (pbt) write-offset=21700000000 K=100 ---
[2026-06-01 13:44:51]   [geth] Stopping (SIGTERM, waiting up to 120s for clean exit): 1160434
[2026-06-01 13:44:52]   [geth] exited cleanly after 1s
[2026-06-01 13:44:52]   [cache] OS page cache dropped
Fatal: Could not create the account: account already exists
[2026-06-01 13:44:52]   [geth] Starting (pbt, gd=5, cold=1, dev.period=1, 1tx/block)
[2026-06-01 13:44:52]   [geth] Waiting for RPC...
[2026-06-01 13:44:54]   [geth] RPC ready after 3s
[2026-06-01 13:44:54]   [bench] Running execute remote...
[2026-06-01 13:45:02]   [bench] exit=0 passed=1 failed=0
0 missing_trie_node=0
0
[2026-06-01 13:45:02] 
[2026-06-01 13:45:02]   --- storage_mixed_k100_run18 (pbt) write-offset=21800000000 K=100 ---
[2026-06-01 13:45:02]   [geth] Stopping (SIGTERM, waiting up to 120s for clean exit): 1160509
[2026-06-01 13:45:03]   [geth] exited cleanly after 1s
[2026-06-01 13:45:03]   [cache] OS page cache dropped
Fatal: Could not create the account: account already exists
[2026-06-01 13:45:03]   [geth] Starting (pbt, gd=5, cold=1, dev.period=1, 1tx/block)
[2026-06-01 13:45:03]   [geth] Waiting for RPC...
[2026-06-01 13:45:05]   [geth] RPC ready after 3s
[2026-06-01 13:45:05]   [bench] Running execute remote...
[2026-06-01 13:45:12]   [bench] exit=0 passed=1 failed=0
0 missing_trie_node=0
0
[2026-06-01 13:45:12] 
[2026-06-01 13:45:12]   --- storage_mixed_k100_run19 (pbt) write-offset=21900000000 K=100 ---
[2026-06-01 13:45:12]   [geth] Stopping (SIGTERM, waiting up to 120s for clean exit): 1160583
[2026-06-01 13:45:13]   [geth] exited cleanly after 1s
[2026-06-01 13:45:14]   [cache] OS page cache dropped
Fatal: Could not create the account: account already exists
[2026-06-01 13:45:14]   [geth] Starting (pbt, gd=5, cold=1, dev.period=1, 1tx/block)
[2026-06-01 13:45:14]   [geth] Waiting for RPC...
[2026-06-01 13:45:16]   [geth] RPC ready after 3s
[2026-06-01 13:45:16]   [bench] Running execute remote...
[2026-06-01 13:45:23]   [bench] exit=0 passed=1 failed=0
0 missing_trie_node=0
0
[2026-06-01 13:45:23] 
[2026-06-01 13:45:23]   --- storage_mixed_k100_run20 (pbt) write-offset=22000000000 K=100 ---
[2026-06-01 13:45:23]   [geth] Stopping (SIGTERM, waiting up to 120s for clean exit): 1160659
[2026-06-01 13:45:24]   [geth] exited cleanly after 1s
[2026-06-01 13:45:24]   [cache] OS page cache dropped
Fatal: Could not create the account: account already exists
[2026-06-01 13:45:24]   [geth] Starting (pbt, gd=5, cold=1, dev.period=1, 1tx/block)
[2026-06-01 13:45:24]   [geth] Waiting for RPC...
[2026-06-01 13:45:26]   [geth] RPC ready after 3s
[2026-06-01 13:45:26]   [bench] Running execute remote...
[2026-06-01 13:45:34]   [bench] exit=0 passed=1 failed=0
0 missing_trie_node=0
0
[2026-06-01 13:45:34] 
[2026-06-01 13:45:34]   ── BENCHMARK: storage_mixed_k256 (pool=256 contracts; effective K=256)
[2026-06-01 13:45:34] 
[2026-06-01 13:45:34]   --- storage_mixed_k256_run1 (pbt) write-offset=20100000000 K=256 ---
[2026-06-01 13:45:34]   [geth] Stopping (SIGTERM, waiting up to 120s for clean exit): 1160735
[2026-06-01 13:45:35]   [geth] exited cleanly after 1s
[2026-06-01 13:45:35]   [cache] OS page cache dropped
Fatal: Could not create the account: account already exists
[2026-06-01 13:45:35]   [geth] Starting (pbt, gd=5, cold=1, dev.period=1, 1tx/block)
[2026-06-01 13:45:35]   [geth] Waiting for RPC...
[2026-06-01 13:45:37]   [geth] RPC ready after 3s
[2026-06-01 13:45:37]   [bench] Running execute remote...
[2026-06-01 13:45:45]   [bench] exit=0 passed=1 failed=0
0 missing_trie_node=0
0
[2026-06-01 13:45:45] 
[2026-06-01 13:45:45]   --- storage_mixed_k256_run2 (pbt) write-offset=20200000000 K=256 ---
[2026-06-01 13:45:45]   [geth] Stopping (SIGTERM, waiting up to 120s for clean exit): 1160834
[2026-06-01 13:45:46]   [geth] exited cleanly after 1s
[2026-06-01 13:45:46]   [cache] OS page cache dropped
Fatal: Could not create the account: account already exists
[2026-06-01 13:45:46]   [geth] Starting (pbt, gd=5, cold=1, dev.period=1, 1tx/block)
[2026-06-01 13:45:46]   [geth] Waiting for RPC...
[2026-06-01 13:45:48]   [geth] RPC ready after 3s
[2026-06-01 13:45:48]   [bench] Running execute remote...
[2026-06-01 13:45:55]   [bench] exit=0 passed=1 failed=0
0 missing_trie_node=0
0
[2026-06-01 13:45:55] 
[2026-06-01 13:45:55]   --- storage_mixed_k256_run3 (pbt) write-offset=20300000000 K=256 ---
[2026-06-01 13:45:55]   [geth] Stopping (SIGTERM, waiting up to 120s for clean exit): 1160908
[2026-06-01 13:45:56]   [geth] exited cleanly after 1s
[2026-06-01 13:45:57]   [cache] OS page cache dropped
Fatal: Could not create the account: account already exists
[2026-06-01 13:45:57]   [geth] Starting (pbt, gd=5, cold=1, dev.period=1, 1tx/block)
[2026-06-01 13:45:57]   [geth] Waiting for RPC...
[2026-06-01 13:45:59]   [geth] RPC ready after 3s
[2026-06-01 13:45:59]   [bench] Running execute remote...
[2026-06-01 13:46:06]   [bench] exit=0 passed=1 failed=0
0 missing_trie_node=0
0
[2026-06-01 13:46:06] 
[2026-06-01 13:46:06]   --- storage_mixed_k256_run4 (pbt) write-offset=20400000000 K=256 ---
[2026-06-01 13:46:06]   [geth] Stopping (SIGTERM, waiting up to 120s for clean exit): 1160982
[2026-06-01 13:46:07]   [geth] exited cleanly after 1s
[2026-06-01 13:46:07]   [cache] OS page cache dropped
Fatal: Could not create the account: account already exists
[2026-06-01 13:46:07]   [geth] Starting (pbt, gd=5, cold=1, dev.period=1, 1tx/block)
[2026-06-01 13:46:07]   [geth] Waiting for RPC...
[2026-06-01 13:46:10]   [geth] RPC ready after 3s
[2026-06-01 13:46:10]   [bench] Running execute remote...
[2026-06-01 13:46:17]   [bench] exit=0 passed=1 failed=0
0 missing_trie_node=0
0
[2026-06-01 13:46:17] 
[2026-06-01 13:46:17]   --- storage_mixed_k256_run5 (pbt) write-offset=20500000000 K=256 ---
[2026-06-01 13:46:17]   [geth] Stopping (SIGTERM, waiting up to 120s for clean exit): 1161059
[2026-06-01 13:46:18]   [geth] exited cleanly after 1s
[2026-06-01 13:46:18]   [cache] OS page cache dropped
Fatal: Could not create the account: account already exists
[2026-06-01 13:46:18]   [geth] Starting (pbt, gd=5, cold=1, dev.period=1, 1tx/block)
[2026-06-01 13:46:18]   [geth] Waiting for RPC...
[2026-06-01 13:46:20]   [geth] RPC ready after 3s
[2026-06-01 13:46:20]   [bench] Running execute remote...
[2026-06-01 13:46:28]   [bench] exit=0 passed=1 failed=0
0 missing_trie_node=0
0
[2026-06-01 13:46:28] 
[2026-06-01 13:46:28]   --- storage_mixed_k256_run6 (pbt) write-offset=20600000000 K=256 ---
[2026-06-01 13:46:28]   [geth] Stopping (SIGTERM, waiting up to 120s for clean exit): 1161134
[2026-06-01 13:46:29]   [geth] exited cleanly after 1s
[2026-06-01 13:46:29]   [cache] OS page cache dropped
Fatal: Could not create the account: account already exists
[2026-06-01 13:46:29]   [geth] Starting (pbt, gd=5, cold=1, dev.period=1, 1tx/block)
[2026-06-01 13:46:29]   [geth] Waiting for RPC...
[2026-06-01 13:46:31]   [geth] RPC ready after 3s
[2026-06-01 13:46:31]   [bench] Running execute remote...
[2026-06-01 13:46:38]   [bench] exit=0 passed=1 failed=0
0 missing_trie_node=0
0
[2026-06-01 13:46:38] 
[2026-06-01 13:46:38]   --- storage_mixed_k256_run7 (pbt) write-offset=20700000000 K=256 ---
[2026-06-01 13:46:38]   [geth] Stopping (SIGTERM, waiting up to 120s for clean exit): 1161208
[2026-06-01 13:46:39]   [geth] exited cleanly after 1s
[2026-06-01 13:46:39]   [cache] OS page cache dropped
Fatal: Could not create the account: account already exists
[2026-06-01 13:46:40]   [geth] Starting (pbt, gd=5, cold=1, dev.period=1, 1tx/block)
[2026-06-01 13:46:40]   [geth] Waiting for RPC...
[2026-06-01 13:46:42]   [geth] RPC ready after 3s
[2026-06-01 13:46:42]   [bench] Running execute remote...
[2026-06-01 13:46:49]   [bench] exit=0 passed=1 failed=0
0 missing_trie_node=0
0
[2026-06-01 13:46:49] 
[2026-06-01 13:46:49]   --- storage_mixed_k256_run8 (pbt) write-offset=20800000000 K=256 ---
[2026-06-01 13:46:49]   [geth] Stopping (SIGTERM, waiting up to 120s for clean exit): 1161286
[2026-06-01 13:46:50]   [geth] exited cleanly after 1s
[2026-06-01 13:46:50]   [cache] OS page cache dropped
Fatal: Could not create the account: account already exists
[2026-06-01 13:46:50]   [geth] Starting (pbt, gd=5, cold=1, dev.period=1, 1tx/block)
[2026-06-01 13:46:50]   [geth] Waiting for RPC...
[2026-06-01 13:46:52]   [geth] RPC ready after 3s
[2026-06-01 13:46:52]   [bench] Running execute remote...
[2026-06-01 13:47:00]   [bench] exit=0 passed=1 failed=0
0 missing_trie_node=0
0
[2026-06-01 13:47:00] 
[2026-06-01 13:47:00]   --- storage_mixed_k256_run9 (pbt) write-offset=20900000000 K=256 ---
[2026-06-01 13:47:00]   [geth] Stopping (SIGTERM, waiting up to 120s for clean exit): 1161362
[2026-06-01 13:47:01]   [geth] exited cleanly after 1s
[2026-06-01 13:47:01]   [cache] OS page cache dropped
Fatal: Could not create the account: account already exists
[2026-06-01 13:47:01]   [geth] Starting (pbt, gd=5, cold=1, dev.period=1, 1tx/block)
[2026-06-01 13:47:01]   [geth] Waiting for RPC...
[2026-06-01 13:47:03]   [geth] RPC ready after 3s
[2026-06-01 13:47:03]   [bench] Running execute remote...
[2026-06-01 13:47:10]   [bench] exit=0 passed=1 failed=0
0 missing_trie_node=0
0
[2026-06-01 13:47:10] 
[2026-06-01 13:47:10]   --- storage_mixed_k256_run10 (pbt) write-offset=21000000000 K=256 ---
[2026-06-01 13:47:10]   [geth] Stopping (SIGTERM, waiting up to 120s for clean exit): 1161437
[2026-06-01 13:47:11]   [geth] exited cleanly after 1s
[2026-06-01 13:47:12]   [cache] OS page cache dropped
Fatal: Could not create the account: account already exists
[2026-06-01 13:47:12]   [geth] Starting (pbt, gd=5, cold=1, dev.period=1, 1tx/block)
[2026-06-01 13:47:12]   [geth] Waiting for RPC...
[2026-06-01 13:47:14]   [geth] RPC ready after 3s
[2026-06-01 13:47:14]   [bench] Running execute remote...
[2026-06-01 13:47:22]   [bench] exit=0 passed=1 failed=0
0 missing_trie_node=0
0
[2026-06-01 13:47:22] 
[2026-06-01 13:47:22]   --- storage_mixed_k256_run11 (pbt) write-offset=21100000000 K=256 ---
[2026-06-01 13:47:22]   [geth] Stopping (SIGTERM, waiting up to 120s for clean exit): 1161516
[2026-06-01 13:47:23]   [geth] exited cleanly after 1s
[2026-06-01 13:47:23]   [cache] OS page cache dropped
Fatal: Could not create the account: account already exists
[2026-06-01 13:47:23]   [geth] Starting (pbt, gd=5, cold=1, dev.period=1, 1tx/block)
[2026-06-01 13:47:23]   [geth] Waiting for RPC...
[2026-06-01 13:47:25]   [geth] RPC ready after 3s
[2026-06-01 13:47:25]   [bench] Running execute remote...
[2026-06-01 13:47:33]   [bench] exit=0 passed=1 failed=0
0 missing_trie_node=0
0
[2026-06-01 13:47:33] 
[2026-06-01 13:47:33]   --- storage_mixed_k256_run12 (pbt) write-offset=21200000000 K=256 ---
[2026-06-01 13:47:33]   [geth] Stopping (SIGTERM, waiting up to 120s for clean exit): 1161627
[2026-06-01 13:47:34]   [geth] exited cleanly after 1s
[2026-06-01 13:47:34]   [cache] OS page cache dropped
Fatal: Could not create the account: account already exists
[2026-06-01 13:47:34]   [geth] Starting (pbt, gd=5, cold=1, dev.period=1, 1tx/block)
[2026-06-01 13:47:34]   [geth] Waiting for RPC...
[2026-06-01 13:47:36]   [geth] RPC ready after 3s
[2026-06-01 13:47:36]   [bench] Running execute remote...
[2026-06-01 13:47:44]   [bench] exit=0 passed=1 failed=0
0 missing_trie_node=0
0
[2026-06-01 13:47:44] 
[2026-06-01 13:47:44]   --- storage_mixed_k256_run13 (pbt) write-offset=21300000000 K=256 ---
[2026-06-01 13:47:44]   [geth] Stopping (SIGTERM, waiting up to 120s for clean exit): 1161704
[2026-06-01 13:47:45]   [geth] exited cleanly after 1s
[2026-06-01 13:47:45]   [cache] OS page cache dropped
Fatal: Could not create the account: account already exists
[2026-06-01 13:47:45]   [geth] Starting (pbt, gd=5, cold=1, dev.period=1, 1tx/block)
[2026-06-01 13:47:45]   [geth] Waiting for RPC...
[2026-06-01 13:47:47]   [geth] RPC ready after 3s
[2026-06-01 13:47:47]   [bench] Running execute remote...
[2026-06-01 13:47:55]   [bench] exit=0 passed=1 failed=0
0 missing_trie_node=0
0
[2026-06-01 13:47:55] 
[2026-06-01 13:47:55]   --- storage_mixed_k256_run14 (pbt) write-offset=21400000000 K=256 ---
[2026-06-01 13:47:55]   [geth] Stopping (SIGTERM, waiting up to 120s for clean exit): 1161777
[2026-06-01 13:47:56]   [geth] exited cleanly after 1s
[2026-06-01 13:47:56]   [cache] OS page cache dropped
Fatal: Could not create the account: account already exists
[2026-06-01 13:47:56]   [geth] Starting (pbt, gd=5, cold=1, dev.period=1, 1tx/block)
[2026-06-01 13:47:56]   [geth] Waiting for RPC...
[2026-06-01 13:47:58]   [geth] RPC ready after 3s
[2026-06-01 13:47:58]   [bench] Running execute remote...
[2026-06-01 13:48:05]   [bench] exit=0 passed=1 failed=0
0 missing_trie_node=0
0
[2026-06-01 13:48:05] 
[2026-06-01 13:48:05]   --- storage_mixed_k256_run15 (pbt) write-offset=21500000000 K=256 ---
[2026-06-01 13:48:05]   [geth] Stopping (SIGTERM, waiting up to 120s for clean exit): 1161850
[2026-06-01 13:48:06]   [geth] exited cleanly after 1s
[2026-06-01 13:48:07]   [cache] OS page cache dropped
Fatal: Could not create the account: account already exists
[2026-06-01 13:48:07]   [geth] Starting (pbt, gd=5, cold=1, dev.period=1, 1tx/block)
[2026-06-01 13:48:07]   [geth] Waiting for RPC...
[2026-06-01 13:48:09]   [geth] RPC ready after 3s
[2026-06-01 13:48:09]   [bench] Running execute remote...
[2026-06-01 13:48:16]   [bench] exit=0 passed=1 failed=0
0 missing_trie_node=0
0
[2026-06-01 13:48:16] 
[2026-06-01 13:48:16]   --- storage_mixed_k256_run16 (pbt) write-offset=21600000000 K=256 ---
[2026-06-01 13:48:16]   [geth] Stopping (SIGTERM, waiting up to 120s for clean exit): 1161926
[2026-06-01 13:48:17]   [geth] exited cleanly after 1s
[2026-06-01 13:48:17]   [cache] OS page cache dropped
Fatal: Could not create the account: account already exists
[2026-06-01 13:48:17]   [geth] Starting (pbt, gd=5, cold=1, dev.period=1, 1tx/block)
[2026-06-01 13:48:17]   [geth] Waiting for RPC...
[2026-06-01 13:48:20]   [geth] RPC ready after 3s
[2026-06-01 13:48:20]   [bench] Running execute remote...
[2026-06-01 13:48:27]   [bench] exit=0 passed=1 failed=0
0 missing_trie_node=0
0
[2026-06-01 13:48:27] 
[2026-06-01 13:48:27]   --- storage_mixed_k256_run17 (pbt) write-offset=21700000000 K=256 ---
[2026-06-01 13:48:27]   [geth] Stopping (SIGTERM, waiting up to 120s for clean exit): 1162001
[2026-06-01 13:48:28]   [geth] exited cleanly after 1s
[2026-06-01 13:48:28]   [cache] OS page cache dropped
Fatal: Could not create the account: account already exists
[2026-06-01 13:48:28]   [geth] Starting (pbt, gd=5, cold=1, dev.period=1, 1tx/block)
[2026-06-01 13:48:28]   [geth] Waiting for RPC...
[2026-06-01 13:48:30]   [geth] RPC ready after 3s
[2026-06-01 13:48:30]   [bench] Running execute remote...
[2026-06-01 13:48:38]   [bench] exit=0 passed=1 failed=0
0 missing_trie_node=0
0
[2026-06-01 13:48:38] 
[2026-06-01 13:48:38]   --- storage_mixed_k256_run18 (pbt) write-offset=21800000000 K=256 ---
[2026-06-01 13:48:38]   [geth] Stopping (SIGTERM, waiting up to 120s for clean exit): 1162074
[2026-06-01 13:48:39]   [geth] exited cleanly after 1s
[2026-06-01 13:48:39]   [cache] OS page cache dropped
Fatal: Could not create the account: account already exists
[2026-06-01 13:48:39]   [geth] Starting (pbt, gd=5, cold=1, dev.period=1, 1tx/block)
[2026-06-01 13:48:39]   [geth] Waiting for RPC...
[2026-06-01 13:48:41]   [geth] RPC ready after 3s
[2026-06-01 13:48:41]   [bench] Running execute remote...
[2026-06-01 13:48:48]   [bench] exit=0 passed=1 failed=0
0 missing_trie_node=0
0
[2026-06-01 13:48:48] 
[2026-06-01 13:48:48]   --- storage_mixed_k256_run19 (pbt) write-offset=21900000000 K=256 ---
[2026-06-01 13:48:48]   [geth] Stopping (SIGTERM, waiting up to 120s for clean exit): 1162148
[2026-06-01 13:48:49]   [geth] exited cleanly after 1s
[2026-06-01 13:48:50]   [cache] OS page cache dropped
Fatal: Could not create the account: account already exists
[2026-06-01 13:48:50]   [geth] Starting (pbt, gd=5, cold=1, dev.period=1, 1tx/block)
[2026-06-01 13:48:50]   [geth] Waiting for RPC...
[2026-06-01 13:48:52]   [geth] RPC ready after 3s
[2026-06-01 13:48:52]   [bench] Running execute remote...
[2026-06-01 13:48:59]   [bench] exit=0 passed=1 failed=0
0 missing_trie_node=0
0
[2026-06-01 13:48:59] 
[2026-06-01 13:48:59]   --- storage_mixed_k256_run20 (pbt) write-offset=22000000000 K=256 ---
[2026-06-01 13:48:59]   [geth] Stopping (SIGTERM, waiting up to 120s for clean exit): 1162223
[2026-06-01 13:49:00]   [geth] exited cleanly after 1s
[2026-06-01 13:49:00]   [cache] OS page cache dropped
Fatal: Could not create the account: account already exists
[2026-06-01 13:49:00]   [geth] Starting (pbt, gd=5, cold=1, dev.period=1, 1tx/block)
[2026-06-01 13:49:00]   [geth] Waiting for RPC...
[2026-06-01 13:49:02]   [geth] RPC ready after 3s
[2026-06-01 13:49:02]   [bench] Running execute remote...
[2026-06-01 13:49:10]   [bench] exit=0 passed=1 failed=0
0 missing_trie_node=0
0
[2026-06-01 13:49:10]   [geth] Stopping (SIGTERM, waiting up to 120s for clean exit): 1162298
[2026-06-01 13:49:11]   [geth] exited cleanly after 1s
[2026-06-01 13:49:11] 
[2026-06-01 13:49:11] ╔══════════════════════════════════════════════════════════════════╗
[2026-06-01 13:49:11] ║  All benchmark runs complete
[2026-06-01 13:49:11] ╚══════════════════════════════════════════════════════════════════╝
[2026-06-01 13:49:11] 
[2026-06-01 13:49:11] ── Stage 3: extract_csv.py per config ──
[2026-06-01 13:49:11]   extracting ubt from /mnt/state_expiry_vol_data/bintrie-benchmarks/ubt-vs-pbt/data/ubt
Extracting CSVs for config: ubt
  Results dir: /mnt/state_expiry_vol_data/bintrie-benchmarks/ubt-vs-pbt/data/ubt
  Output dir: /mnt/state_expiry_vol_data/bintrie-benchmarks/ubt-vs-pbt/data/ubt/csv
  Discovered 12 benchmarks: ['storage_mixed_k1', 'storage_mixed_k10', 'storage_mixed_k100', 'storage_mixed_k256', 'storage_sload_k1', 'storage_sload_k10', 'storage_sload_k100', 'storage_sload_k256', 'storage_sstore_k1', 'storage_sstore_k10', 'storage_sstore_k100', 'storage_sstore_k256']

--- storage_mixed_k1 ---
  run 10: 5 total blocks, 1 benchmark blocks
  run 11: 5 total blocks, 1 benchmark blocks
  run 12: 5 total blocks, 1 benchmark blocks
  run 13: 5 total blocks, 1 benchmark blocks
  run 14: 5 total blocks, 1 benchmark blocks
  run 15: 5 total blocks, 1 benchmark blocks
  run 16: 5 total blocks, 1 benchmark blocks
  run 17: 5 total blocks, 1 benchmark blocks
  run 18: 5 total blocks, 1 benchmark blocks
  run 19: 5 total blocks, 1 benchmark blocks
  run 1: 5 total blocks, 1 benchmark blocks
  run 20: 5 total blocks, 1 benchmark blocks
  run 2: 5 total blocks, 1 benchmark blocks
  run 3: 5 total blocks, 1 benchmark blocks
  run 4: 5 total blocks, 1 benchmark blocks
  run 5: 5 total blocks, 1 benchmark blocks
  run 6: 5 total blocks, 1 benchmark blocks
  run 7: 5 total blocks, 1 benchmark blocks
  run 8: 5 total blocks, 1 benchmark blocks
  run 9: 5 total blocks, 1 benchmark blocks
  -> Written 100 rows to ubt_storage_mixed_k1.csv

--- storage_mixed_k10 ---
  run 10: 6 total blocks, 1 benchmark blocks
  run 11: 5 total blocks, 1 benchmark blocks
  run 12: 5 total blocks, 1 benchmark blocks
  run 13: 5 total blocks, 1 benchmark blocks
  run 14: 5 total blocks, 1 benchmark blocks
  run 15: 6 total blocks, 1 benchmark blocks
  run 16: 7 total blocks, 1 benchmark blocks
  run 17: 7 total blocks, 1 benchmark blocks
  run 18: 5 total blocks, 1 benchmark blocks
  run 19: 7 total blocks, 1 benchmark blocks
  run 1: 5 total blocks, 1 benchmark blocks
  run 20: 7 total blocks, 1 benchmark blocks
  run 2: 5 total blocks, 1 benchmark blocks
  run 3: 5 total blocks, 1 benchmark blocks
  run 4: 5 total blocks, 1 benchmark blocks
  run 5: 5 total blocks, 1 benchmark blocks
  run 6: 5 total blocks, 1 benchmark blocks
  run 7: 6 total blocks, 1 benchmark blocks
  run 8: 5 total blocks, 1 benchmark blocks
  run 9: 6 total blocks, 1 benchmark blocks
  -> Written 112 rows to ubt_storage_mixed_k10.csv

--- storage_mixed_k100 ---
  run 10: 6 total blocks, 1 benchmark blocks
  run 11: 5 total blocks, 1 benchmark blocks
  run 12: 6 total blocks, 1 benchmark blocks
  run 13: 6 total blocks, 1 benchmark blocks
  run 14: 7 total blocks, 1 benchmark blocks
  run 15: 5 total blocks, 1 benchmark blocks
  run 16: 6 total blocks, 1 benchmark blocks
  run 17: 6 total blocks, 1 benchmark blocks
  run 18: 7 total blocks, 1 benchmark blocks
  run 19: 7 total blocks, 1 benchmark blocks
  run 1: 6 total blocks, 1 benchmark blocks
  run 20: 6 total blocks, 1 benchmark blocks
  run 2: 6 total blocks, 1 benchmark blocks
  run 3: 6 total blocks, 1 benchmark blocks
  run 4: 7 total blocks, 1 benchmark blocks
  run 5: 6 total blocks, 1 benchmark blocks
  run 6: 7 total blocks, 1 benchmark blocks
  run 7: 6 total blocks, 1 benchmark blocks
  run 8: 6 total blocks, 1 benchmark blocks
  run 9: 5 total blocks, 1 benchmark blocks
  -> Written 122 rows to ubt_storage_mixed_k100.csv

--- storage_mixed_k256 ---
  run 10: 6 total blocks, 1 benchmark blocks
  run 11: 7 total blocks, 1 benchmark blocks
  run 12: 6 total blocks, 1 benchmark blocks
  run 13: 5 total blocks, 1 benchmark blocks
  run 14: 6 total blocks, 1 benchmark blocks
  run 15: 5 total blocks, 1 benchmark blocks
  run 16: 5 total blocks, 1 benchmark blocks
  run 17: 5 total blocks, 1 benchmark blocks
  run 18: 6 total blocks, 1 benchmark blocks
  run 19: 5 total blocks, 1 benchmark blocks
  run 1: 6 total blocks, 1 benchmark blocks
  run 20: 5 total blocks, 1 benchmark blocks
  run 2: 5 total blocks, 1 benchmark blocks
  run 3: 6 total blocks, 1 benchmark blocks
  run 4: 6 total blocks, 1 benchmark blocks
  run 5: 5 total blocks, 1 benchmark blocks
  run 6: 6 total blocks, 1 benchmark blocks
  run 7: 6 total blocks, 1 benchmark blocks
  run 8: 5 total blocks, 1 benchmark blocks
  run 9: 6 total blocks, 1 benchmark blocks
  -> Written 112 rows to ubt_storage_mixed_k256.csv

--- storage_sload_k1 ---
  run 10: 6 total blocks, 1 benchmark blocks
  run 11: 7 total blocks, 1 benchmark blocks
  run 12: 6 total blocks, 1 benchmark blocks
  run 13: 6 total blocks, 1 benchmark blocks
  run 14: 6 total blocks, 1 benchmark blocks
  run 15: 7 total blocks, 1 benchmark blocks
  run 16: 6 total blocks, 1 benchmark blocks
  run 17: 6 total blocks, 1 benchmark blocks
  run 18: 6 total blocks, 1 benchmark blocks
  run 19: 6 total blocks, 1 benchmark blocks
  run 1: 7 total blocks, 1 benchmark blocks
  run 20: 5 total blocks, 1 benchmark blocks
  run 2: 6 total blocks, 1 benchmark blocks
  run 3: 6 total blocks, 1 benchmark blocks
  run 4: 6 total blocks, 1 benchmark blocks
  run 5: 6 total blocks, 1 benchmark blocks
  run 6: 6 total blocks, 1 benchmark blocks
  run 7: 6 total blocks, 1 benchmark blocks
  run 8: 6 total blocks, 1 benchmark blocks
  run 9: 6 total blocks, 1 benchmark blocks
  -> Written 122 rows to ubt_storage_sload_k1.csv

--- storage_sload_k10 ---
  run 10: 6 total blocks, 1 benchmark blocks
  run 11: 6 total blocks, 1 benchmark blocks
  run 12: 6 total blocks, 1 benchmark blocks
  run 13: 6 total blocks, 1 benchmark blocks
  run 14: 6 total blocks, 1 benchmark blocks
  run 15: 6 total blocks, 1 benchmark blocks
  run 16: 7 total blocks, 1 benchmark blocks
  run 17: 6 total blocks, 1 benchmark blocks
  run 18: 6 total blocks, 1 benchmark blocks
  run 19: 6 total blocks, 1 benchmark blocks
  run 1: 6 total blocks, 1 benchmark blocks
  run 20: 6 total blocks, 1 benchmark blocks
  run 2: 6 total blocks, 1 benchmark blocks
  run 3: 6 total blocks, 1 benchmark blocks
  run 4: 6 total blocks, 1 benchmark blocks
  run 5: 7 total blocks, 1 benchmark blocks
  run 6: 6 total blocks, 1 benchmark blocks
  run 7: 7 total blocks, 1 benchmark blocks
  run 8: 7 total blocks, 1 benchmark blocks
  run 9: 7 total blocks, 1 benchmark blocks
  -> Written 125 rows to ubt_storage_sload_k10.csv

--- storage_sload_k100 ---
  run 10: 6 total blocks, 1 benchmark blocks
  run 11: 7 total blocks, 1 benchmark blocks
  run 12: 7 total blocks, 1 benchmark blocks
  run 13: 7 total blocks, 1 benchmark blocks
  run 14: 6 total blocks, 1 benchmark blocks
  run 15: 7 total blocks, 1 benchmark blocks
  run 16: 6 total blocks, 1 benchmark blocks
  run 17: 7 total blocks, 1 benchmark blocks
  run 18: 6 total blocks, 1 benchmark blocks
  run 19: 6 total blocks, 1 benchmark blocks
  run 1: 7 total blocks, 1 benchmark blocks
  run 20: 6 total blocks, 1 benchmark blocks
  run 2: 6 total blocks, 1 benchmark blocks
  run 3: 6 total blocks, 1 benchmark blocks
  run 4: 6 total blocks, 1 benchmark blocks
  run 5: 6 total blocks, 1 benchmark blocks
  run 6: 6 total blocks, 1 benchmark blocks
  run 7: 6 total blocks, 1 benchmark blocks
  run 8: 6 total blocks, 1 benchmark blocks
  run 9: 7 total blocks, 1 benchmark blocks
  -> Written 127 rows to ubt_storage_sload_k100.csv

--- storage_sload_k256 ---
  run 10: 7 total blocks, 1 benchmark blocks
  run 11: 7 total blocks, 1 benchmark blocks
  run 12: 7 total blocks, 1 benchmark blocks
  run 13: 7 total blocks, 1 benchmark blocks
  run 14: 7 total blocks, 1 benchmark blocks
  run 15: 8 total blocks, 1 benchmark blocks
  run 16: 7 total blocks, 1 benchmark blocks
  run 17: 6 total blocks, 1 benchmark blocks
  run 18: 6 total blocks, 1 benchmark blocks
  run 19: 7 total blocks, 1 benchmark blocks
  run 1: 6 total blocks, 1 benchmark blocks
  run 20: 7 total blocks, 1 benchmark blocks
  run 2: 6 total blocks, 1 benchmark blocks
  run 3: 7 total blocks, 1 benchmark blocks
  run 4: 8 total blocks, 1 benchmark blocks
  run 5: 7 total blocks, 1 benchmark blocks
  run 6: 7 total blocks, 1 benchmark blocks
  run 7: 7 total blocks, 1 benchmark blocks
  run 8: 7 total blocks, 1 benchmark blocks
  run 9: 7 total blocks, 1 benchmark blocks
  -> Written 138 rows to ubt_storage_sload_k256.csv

--- storage_sstore_k1 ---
  run 10: 7 total blocks, 1 benchmark blocks
  run 11: 7 total blocks, 1 benchmark blocks
  run 12: 7 total blocks, 1 benchmark blocks
  run 13: 8 total blocks, 1 benchmark blocks
  run 14: 7 total blocks, 1 benchmark blocks
  run 15: 7 total blocks, 1 benchmark blocks
  run 16: 7 total blocks, 1 benchmark blocks
  run 17: 7 total blocks, 1 benchmark blocks
  run 18: 7 total blocks, 1 benchmark blocks
  run 19: 7 total blocks, 1 benchmark blocks
  run 1: 7 total blocks, 1 benchmark blocks
  run 20: 7 total blocks, 1 benchmark blocks
  run 2: 7 total blocks, 1 benchmark blocks
  run 3: 7 total blocks, 1 benchmark blocks
  run 4: 7 total blocks, 1 benchmark blocks
  run 5: 7 total blocks, 1 benchmark blocks
  run 6: 7 total blocks, 1 benchmark blocks
  run 7: 7 total blocks, 1 benchmark blocks
  run 8: 7 total blocks, 1 benchmark blocks
  run 9: 7 total blocks, 1 benchmark blocks
  -> Written 141 rows to ubt_storage_sstore_k1.csv

--- storage_sstore_k10 ---
  run 10: 7 total blocks, 1 benchmark blocks
  run 11: 7 total blocks, 1 benchmark blocks
  run 12: 7 total blocks, 1 benchmark blocks
  run 13: 7 total blocks, 1 benchmark blocks
  run 14: 7 total blocks, 1 benchmark blocks
  run 15: 7 total blocks, 1 benchmark blocks
  run 16: 7 total blocks, 1 benchmark blocks
  run 17: 7 total blocks, 1 benchmark blocks
  run 18: 7 total blocks, 1 benchmark blocks
  run 19: 6 total blocks, 1 benchmark blocks
  run 1: 7 total blocks, 1 benchmark blocks
  run 20: 7 total blocks, 1 benchmark blocks
  run 2: 7 total blocks, 1 benchmark blocks
  run 3: 7 total blocks, 1 benchmark blocks
  run 4: 8 total blocks, 1 benchmark blocks
  run 5: 7 total blocks, 1 benchmark blocks
  run 6: 7 total blocks, 1 benchmark blocks
  run 7: 7 total blocks, 1 benchmark blocks
  run 8: 7 total blocks, 1 benchmark blocks
  run 9: 6 total blocks, 1 benchmark blocks
  -> Written 139 rows to ubt_storage_sstore_k10.csv

--- storage_sstore_k100 ---
  run 10: 6 total blocks, 1 benchmark blocks
  run 11: 6 total blocks, 1 benchmark blocks
  run 12: 6 total blocks, 1 benchmark blocks
  run 13: 6 total blocks, 1 benchmark blocks
  run 14: 5 total blocks, 1 benchmark blocks
  run 15: 5 total blocks, 1 benchmark blocks
  run 16: 5 total blocks, 1 benchmark blocks
  run 17: 7 total blocks, 1 benchmark blocks
  run 18: 6 total blocks, 1 benchmark blocks
  run 19: 5 total blocks, 1 benchmark blocks
  run 1: 6 total blocks, 1 benchmark blocks
  run 20: 5 total blocks, 1 benchmark blocks
  run 2: 6 total blocks, 1 benchmark blocks
  run 3: 6 total blocks, 1 benchmark blocks
  run 4: 6 total blocks, 1 benchmark blocks
  run 5: 6 total blocks, 1 benchmark blocks
  run 6: 6 total blocks, 1 benchmark blocks
  run 7: 6 total blocks, 1 benchmark blocks
  run 8: 6 total blocks, 1 benchmark blocks
  run 9: 6 total blocks, 1 benchmark blocks
  -> Written 116 rows to ubt_storage_sstore_k100.csv

--- storage_sstore_k256 ---
  run 10: 6 total blocks, 1 benchmark blocks
  run 11: 6 total blocks, 1 benchmark blocks
  run 12: 7 total blocks, 1 benchmark blocks
  run 13: 6 total blocks, 1 benchmark blocks
  run 14: 5 total blocks, 1 benchmark blocks
  run 15: 6 total blocks, 1 benchmark blocks
  run 16: 6 total blocks, 1 benchmark blocks
  run 17: 6 total blocks, 1 benchmark blocks
  run 18: 6 total blocks, 1 benchmark blocks
  run 19: 6 total blocks, 1 benchmark blocks
  run 1: 6 total blocks, 1 benchmark blocks
  run 20: 6 total blocks, 1 benchmark blocks
  run 2: 6 total blocks, 1 benchmark blocks
  run 3: 6 total blocks, 1 benchmark blocks
  run 4: 6 total blocks, 1 benchmark blocks
  run 5: 6 total blocks, 1 benchmark blocks
  run 6: 6 total blocks, 1 benchmark blocks
  run 7: 6 total blocks, 1 benchmark blocks
  run 8: 6 total blocks, 1 benchmark blocks
  run 9: 5 total blocks, 1 benchmark blocks
  -> Written 119 rows to ubt_storage_sstore_k256.csv

-> Cache validation: 240 rows to ubt_cache_validation.csv
-> All benchmarks: 1473 rows to ubt_all_benchmarks.csv

================================================================================
  CACHE VALIDATION SUMMARY
================================================================================

  storage_mixed_k1:
    Runs: 20
    Account cache: avg=37.5%
    Storage cache: avg=36.1%, min=1.6%, max=67.7%
    OK: Storage cache rates look reasonable for cold-start benchmarks

  storage_mixed_k10:
    Runs: 20
    Account cache: avg=29.7%
    Storage cache: avg=46.8%, min=7.5%, max=72.9%
    OK: Storage cache rates look reasonable for cold-start benchmarks

  storage_mixed_k100:
    Runs: 20
    Account cache: avg=27.0%
    Storage cache: avg=43.5%, min=9.8%, max=82.7%
    OK: Storage cache rates look reasonable for cold-start benchmarks

  storage_mixed_k256:
    Runs: 20
    Account cache: avg=22.0%
    Storage cache: avg=26.9%, min=6.3%, max=49.5%
    OK: Storage cache rates look reasonable for cold-start benchmarks

  storage_sload_k1:
    Runs: 20
    Account cache: avg=40.0%
    Storage cache: avg=26.5%, min=1.2%, max=74.0%
    OK: Storage cache rates look reasonable for cold-start benchmarks

  storage_sload_k10:
    Runs: 20
    Account cache: avg=30.0%
    Storage cache: avg=21.5%, min=0.0%, max=78.7%
    OK: Storage cache rates look reasonable for cold-start benchmarks

  storage_sload_k100:
    Runs: 20
    Account cache: avg=28.5%
    Storage cache: avg=27.4%, min=5.8%, max=77.5%
    OK: Storage cache rates look reasonable for cold-start benchmarks

  storage_sload_k256:
    Runs: 20
    Account cache: avg=28.2%
    Storage cache: avg=29.9%, min=0.8%, max=79.5%
    OK: Storage cache rates look reasonable for cold-start benchmarks

  storage_sstore_k1:
    Runs: 20
    Account cache: avg=33.1%
    Storage cache: avg=23.3%, min=1.2%, max=54.8%
    OK: Storage cache rates look reasonable for cold-start benchmarks

  storage_sstore_k10:
    Runs: 20
    Account cache: avg=35.0%
    Storage cache: avg=29.5%, min=8.8%, max=50.9%
    OK: Storage cache rates look reasonable for cold-start benchmarks

  storage_sstore_k100:
    Runs: 20
    Account cache: avg=38.5%
    Storage cache: avg=31.5%, min=7.9%, max=51.0%
    OK: Storage cache rates look reasonable for cold-start benchmarks

  storage_sstore_k256:
    Runs: 20
    Account cache: avg=56.5%
    Storage cache: avg=45.4%, min=17.9%, max=71.7%
    OK: Storage cache rates look reasonable for cold-start benchmarks
[2026-06-01 13:49:11]   extracting pbt from /mnt/state_expiry_vol_data/bintrie-benchmarks/ubt-vs-pbt/data/pbt
Extracting CSVs for config: pbt
  Results dir: /mnt/state_expiry_vol_data/bintrie-benchmarks/ubt-vs-pbt/data/pbt
  Output dir: /mnt/state_expiry_vol_data/bintrie-benchmarks/ubt-vs-pbt/data/pbt/csv
  Discovered 12 benchmarks: ['storage_mixed_k1', 'storage_mixed_k10', 'storage_mixed_k100', 'storage_mixed_k256', 'storage_sload_k1', 'storage_sload_k10', 'storage_sload_k100', 'storage_sload_k256', 'storage_sstore_k1', 'storage_sstore_k10', 'storage_sstore_k100', 'storage_sstore_k256']

--- storage_mixed_k1 ---
  run 10: 7 total blocks, 1 benchmark blocks
  run 11: 7 total blocks, 1 benchmark blocks
  run 12: 7 total blocks, 1 benchmark blocks
  run 13: 7 total blocks, 1 benchmark blocks
  run 14: 7 total blocks, 1 benchmark blocks
  run 15: 7 total blocks, 1 benchmark blocks
  run 16: 6 total blocks, 1 benchmark blocks
  run 17: 7 total blocks, 1 benchmark blocks
  run 18: 6 total blocks, 1 benchmark blocks
  run 19: 6 total blocks, 1 benchmark blocks
  run 1: 6 total blocks, 1 benchmark blocks
  run 20: 7 total blocks, 1 benchmark blocks
  run 2: 6 total blocks, 1 benchmark blocks
  run 3: 7 total blocks, 1 benchmark blocks
  run 4: 7 total blocks, 1 benchmark blocks
  run 5: 7 total blocks, 1 benchmark blocks
  run 6: 7 total blocks, 1 benchmark blocks
  run 7: 7 total blocks, 1 benchmark blocks
  run 8: 6 total blocks, 1 benchmark blocks
  run 9: 7 total blocks, 1 benchmark blocks
  -> Written 134 rows to pbt_storage_mixed_k1.csv

--- storage_mixed_k10 ---
  run 10: 7 total blocks, 1 benchmark blocks
  run 11: 7 total blocks, 1 benchmark blocks
  run 12: 7 total blocks, 1 benchmark blocks
  run 13: 7 total blocks, 1 benchmark blocks
  run 14: 7 total blocks, 1 benchmark blocks
  run 15: 7 total blocks, 1 benchmark blocks
  run 16: 7 total blocks, 1 benchmark blocks
  run 17: 7 total blocks, 1 benchmark blocks
  run 18: 7 total blocks, 1 benchmark blocks
  run 19: 7 total blocks, 1 benchmark blocks
  run 1: 7 total blocks, 1 benchmark blocks
  run 20: 7 total blocks, 1 benchmark blocks
  run 2: 7 total blocks, 1 benchmark blocks
  run 3: 7 total blocks, 1 benchmark blocks
  run 4: 7 total blocks, 1 benchmark blocks
  run 5: 7 total blocks, 1 benchmark blocks
  run 6: 6 total blocks, 1 benchmark blocks
  run 7: 7 total blocks, 1 benchmark blocks
  run 8: 7 total blocks, 1 benchmark blocks
  run 9: 7 total blocks, 1 benchmark blocks
  -> Written 139 rows to pbt_storage_mixed_k10.csv

--- storage_mixed_k100 ---
  run 10: 8 total blocks, 1 benchmark blocks
  run 11: 6 total blocks, 1 benchmark blocks
  run 12: 7 total blocks, 1 benchmark blocks
  run 13: 7 total blocks, 1 benchmark blocks
  run 14: 7 total blocks, 1 benchmark blocks
  run 15: 7 total blocks, 1 benchmark blocks
  run 16: 6 total blocks, 1 benchmark blocks
  run 17: 7 total blocks, 1 benchmark blocks
  run 18: 7 total blocks, 1 benchmark blocks
  run 19: 7 total blocks, 1 benchmark blocks
  run 1: 7 total blocks, 1 benchmark blocks
  run 20: 7 total blocks, 1 benchmark blocks
  run 2: 7 total blocks, 1 benchmark blocks
  run 3: 6 total blocks, 1 benchmark blocks
  run 4: 7 total blocks, 1 benchmark blocks
  run 5: 7 total blocks, 1 benchmark blocks
  run 6: 6 total blocks, 1 benchmark blocks
  run 7: 6 total blocks, 1 benchmark blocks
  run 8: 7 total blocks, 1 benchmark blocks
  run 9: 6 total blocks, 1 benchmark blocks
  -> Written 135 rows to pbt_storage_mixed_k100.csv

--- storage_mixed_k256 ---
  run 10: 8 total blocks, 1 benchmark blocks
  run 11: 7 total blocks, 1 benchmark blocks
  run 12: 7 total blocks, 1 benchmark blocks
  run 13: 7 total blocks, 1 benchmark blocks
  run 14: 7 total blocks, 1 benchmark blocks
  run 15: 7 total blocks, 1 benchmark blocks
  run 16: 7 total blocks, 1 benchmark blocks
  run 17: 7 total blocks, 1 benchmark blocks
  run 18: 7 total blocks, 1 benchmark blocks
  run 19: 7 total blocks, 1 benchmark blocks
  run 1: 7 total blocks, 1 benchmark blocks
  run 20: 7 total blocks, 1 benchmark blocks
  run 2: 7 total blocks, 1 benchmark blocks
  run 3: 7 total blocks, 1 benchmark blocks
  run 4: 7 total blocks, 1 benchmark blocks
  run 5: 7 total blocks, 1 benchmark blocks
  run 6: 7 total blocks, 1 benchmark blocks
  run 7: 7 total blocks, 1 benchmark blocks
  run 8: 7 total blocks, 1 benchmark blocks
  run 9: 7 total blocks, 1 benchmark blocks
  -> Written 141 rows to pbt_storage_mixed_k256.csv

--- storage_sload_k1 ---
  run 10: 6 total blocks, 1 benchmark blocks
  run 11: 7 total blocks, 1 benchmark blocks
  run 12: 7 total blocks, 1 benchmark blocks
  run 13: 7 total blocks, 1 benchmark blocks
  run 14: 7 total blocks, 1 benchmark blocks
  run 15: 7 total blocks, 1 benchmark blocks
  run 16: 7 total blocks, 1 benchmark blocks
  run 17: 7 total blocks, 1 benchmark blocks
  run 18: 7 total blocks, 1 benchmark blocks
  run 19: 6 total blocks, 1 benchmark blocks
  run 1: 7 total blocks, 1 benchmark blocks
  run 20: 7 total blocks, 1 benchmark blocks
  run 2: 7 total blocks, 1 benchmark blocks
  run 3: 7 total blocks, 1 benchmark blocks
  run 4: 7 total blocks, 1 benchmark blocks
  run 5: 7 total blocks, 1 benchmark blocks
  run 6: 6 total blocks, 1 benchmark blocks
  run 7: 7 total blocks, 1 benchmark blocks
  run 8: 6 total blocks, 1 benchmark blocks
  run 9: 7 total blocks, 1 benchmark blocks
  -> Written 136 rows to pbt_storage_sload_k1.csv

--- storage_sload_k10 ---
  run 10: 7 total blocks, 1 benchmark blocks
  run 11: 7 total blocks, 1 benchmark blocks
  run 12: 7 total blocks, 1 benchmark blocks
  run 13: 7 total blocks, 1 benchmark blocks
  run 14: 7 total blocks, 1 benchmark blocks
  run 15: 7 total blocks, 1 benchmark blocks
  run 16: 7 total blocks, 1 benchmark blocks
  run 17: 7 total blocks, 1 benchmark blocks
  run 18: 7 total blocks, 1 benchmark blocks
  run 19: 7 total blocks, 1 benchmark blocks
  run 1: 6 total blocks, 1 benchmark blocks
  run 20: 7 total blocks, 1 benchmark blocks
  run 2: 7 total blocks, 1 benchmark blocks
  run 3: 7 total blocks, 1 benchmark blocks
  run 4: 7 total blocks, 1 benchmark blocks
  run 5: 7 total blocks, 1 benchmark blocks
  run 6: 7 total blocks, 1 benchmark blocks
  run 7: 7 total blocks, 1 benchmark blocks
  run 8: 7 total blocks, 1 benchmark blocks
  run 9: 7 total blocks, 1 benchmark blocks
  -> Written 139 rows to pbt_storage_sload_k10.csv

--- storage_sload_k100 ---
  run 10: 7 total blocks, 1 benchmark blocks
  run 11: 8 total blocks, 1 benchmark blocks
  run 12: 7 total blocks, 1 benchmark blocks
  run 13: 7 total blocks, 1 benchmark blocks
  run 14: 7 total blocks, 1 benchmark blocks
  run 15: 7 total blocks, 1 benchmark blocks
  run 16: 8 total blocks, 1 benchmark blocks
  run 17: 6 total blocks, 1 benchmark blocks
  run 18: 6 total blocks, 1 benchmark blocks
  run 19: 7 total blocks, 1 benchmark blocks
  run 1: 7 total blocks, 1 benchmark blocks
  run 20: 7 total blocks, 1 benchmark blocks
  run 2: 7 total blocks, 1 benchmark blocks
  run 3: 6 total blocks, 1 benchmark blocks
  run 4: 7 total blocks, 1 benchmark blocks
  run 5: 7 total blocks, 1 benchmark blocks
  run 6: 7 total blocks, 1 benchmark blocks
  run 7: 7 total blocks, 1 benchmark blocks
  run 8: 7 total blocks, 1 benchmark blocks
  run 9: 7 total blocks, 1 benchmark blocks
  -> Written 139 rows to pbt_storage_sload_k100.csv

--- storage_sload_k256 ---
  run 10: 7 total blocks, 1 benchmark blocks
  run 11: 7 total blocks, 1 benchmark blocks
  run 12: 6 total blocks, 1 benchmark blocks
  run 13: 7 total blocks, 1 benchmark blocks
  run 14: 6 total blocks, 1 benchmark blocks
  run 15: 7 total blocks, 1 benchmark blocks
  run 16: 7 total blocks, 1 benchmark blocks
  run 17: 6 total blocks, 1 benchmark blocks
  run 18: 6 total blocks, 1 benchmark blocks
  run 19: 7 total blocks, 1 benchmark blocks
  run 1: 6 total blocks, 1 benchmark blocks
  run 20: 6 total blocks, 1 benchmark blocks
  run 2: 6 total blocks, 1 benchmark blocks
  run 3: 6 total blocks, 1 benchmark blocks
  run 4: 6 total blocks, 1 benchmark blocks
  run 5: 6 total blocks, 1 benchmark blocks
  run 6: 6 total blocks, 1 benchmark blocks
  run 7: 6 total blocks, 1 benchmark blocks
  run 8: 7 total blocks, 1 benchmark blocks
  run 9: 6 total blocks, 1 benchmark blocks
  -> Written 127 rows to pbt_storage_sload_k256.csv

--- storage_sstore_k1 ---
  run 10: 6 total blocks, 1 benchmark blocks
  run 11: 6 total blocks, 1 benchmark blocks
  run 12: 6 total blocks, 1 benchmark blocks
  run 13: 6 total blocks, 1 benchmark blocks
  run 14: 6 total blocks, 1 benchmark blocks
  run 15: 6 total blocks, 1 benchmark blocks
  run 16: 6 total blocks, 1 benchmark blocks
  run 17: 6 total blocks, 1 benchmark blocks
  run 18: 6 total blocks, 1 benchmark blocks
  run 19: 6 total blocks, 1 benchmark blocks
  run 1: 6 total blocks, 1 benchmark blocks
  run 20: 6 total blocks, 1 benchmark blocks
  run 2: 6 total blocks, 1 benchmark blocks
  run 3: 6 total blocks, 1 benchmark blocks
  run 4: 6 total blocks, 1 benchmark blocks
  run 5: 6 total blocks, 1 benchmark blocks
  run 6: 6 total blocks, 1 benchmark blocks
  run 7: 6 total blocks, 1 benchmark blocks
  run 8: 6 total blocks, 1 benchmark blocks
  run 9: 6 total blocks, 1 benchmark blocks
  -> Written 120 rows to pbt_storage_sstore_k1.csv

--- storage_sstore_k10 ---
  run 10: 6 total blocks, 1 benchmark blocks
  run 11: 6 total blocks, 1 benchmark blocks
  run 12: 6 total blocks, 1 benchmark blocks
  run 13: 6 total blocks, 1 benchmark blocks
  run 14: 6 total blocks, 1 benchmark blocks
  run 15: 6 total blocks, 1 benchmark blocks
  run 16: 6 total blocks, 1 benchmark blocks
  run 17: 6 total blocks, 1 benchmark blocks
  run 18: 6 total blocks, 1 benchmark blocks
  run 19: 6 total blocks, 1 benchmark blocks
  run 1: 6 total blocks, 1 benchmark blocks
  run 20: 6 total blocks, 1 benchmark blocks
  run 2: 6 total blocks, 1 benchmark blocks
  run 3: 6 total blocks, 1 benchmark blocks
  run 4: 6 total blocks, 1 benchmark blocks
  run 5: 6 total blocks, 1 benchmark blocks
  run 6: 6 total blocks, 1 benchmark blocks
  run 7: 6 total blocks, 1 benchmark blocks
  run 8: 6 total blocks, 1 benchmark blocks
  run 9: 6 total blocks, 1 benchmark blocks
  -> Written 120 rows to pbt_storage_sstore_k10.csv

--- storage_sstore_k100 ---
  run 10: 6 total blocks, 1 benchmark blocks
  run 11: 7 total blocks, 1 benchmark blocks
  run 12: 6 total blocks, 1 benchmark blocks
  run 13: 7 total blocks, 1 benchmark blocks
  run 14: 7 total blocks, 1 benchmark blocks
  run 15: 7 total blocks, 1 benchmark blocks
  run 16: 7 total blocks, 1 benchmark blocks
  run 17: 7 total blocks, 1 benchmark blocks
  run 18: 6 total blocks, 1 benchmark blocks
  run 19: 7 total blocks, 1 benchmark blocks
  run 1: 7 total blocks, 1 benchmark blocks
  run 20: 7 total blocks, 1 benchmark blocks
  run 2: 6 total blocks, 1 benchmark blocks
  run 3: 6 total blocks, 1 benchmark blocks
  run 4: 6 total blocks, 1 benchmark blocks
  run 5: 6 total blocks, 1 benchmark blocks
  run 6: 6 total blocks, 1 benchmark blocks
  run 7: 7 total blocks, 1 benchmark blocks
  run 8: 6 total blocks, 1 benchmark blocks
  run 9: 6 total blocks, 1 benchmark blocks
  -> Written 130 rows to pbt_storage_sstore_k100.csv

--- storage_sstore_k256 ---
  run 10: 7 total blocks, 1 benchmark blocks
  run 11: 6 total blocks, 1 benchmark blocks
  run 12: 7 total blocks, 1 benchmark blocks
  run 13: 7 total blocks, 1 benchmark blocks
  run 14: 7 total blocks, 1 benchmark blocks
  run 15: 6 total blocks, 1 benchmark blocks
  run 16: 7 total blocks, 1 benchmark blocks
  run 17: 5 total blocks, 1 benchmark blocks
  run 18: 5 total blocks, 1 benchmark blocks
  run 19: 6 total blocks, 1 benchmark blocks
  run 1: 6 total blocks, 1 benchmark blocks
  run 20: 6 total blocks, 1 benchmark blocks
  run 2: 7 total blocks, 1 benchmark blocks
  run 3: 7 total blocks, 1 benchmark blocks
  run 4: 6 total blocks, 1 benchmark blocks
  run 5: 7 total blocks, 1 benchmark blocks
  run 6: 7 total blocks, 1 benchmark blocks
  run 7: 7 total blocks, 1 benchmark blocks
  run 8: 6 total blocks, 1 benchmark blocks
  run 9: 7 total blocks, 1 benchmark blocks
  -> Written 129 rows to pbt_storage_sstore_k256.csv

-> Cache validation: 240 rows to pbt_cache_validation.csv
-> All benchmarks: 1589 rows to pbt_all_benchmarks.csv

================================================================================
  CACHE VALIDATION SUMMARY
================================================================================

  storage_mixed_k1:
    Runs: 20
    Account cache: avg=38.1%
    Storage cache: avg=32.7%, min=5.3%, max=69.4%
    OK: Storage cache rates look reasonable for cold-start benchmarks

  storage_mixed_k10:
    Runs: 20
    Account cache: avg=29.7%
    Storage cache: avg=32.6%, min=0.4%, max=75.2%
    OK: Storage cache rates look reasonable for cold-start benchmarks

  storage_mixed_k100:
    Runs: 20
    Account cache: avg=30.6%
    Storage cache: avg=35.4%, min=2.2%, max=89.0%
    OK: Storage cache rates look reasonable for cold-start benchmarks

  storage_mixed_k256:
    Runs: 20
    Account cache: avg=30.1%
    Storage cache: avg=30.3%, min=8.1%, max=52.1%
    OK: Storage cache rates look reasonable for cold-start benchmarks

  storage_sload_k1:
    Runs: 20
    Account cache: avg=41.9%
    Storage cache: avg=34.0%, min=7.0%, max=63.6%
    OK: Storage cache rates look reasonable for cold-start benchmarks

  storage_sload_k10:
    Runs: 20
    Account cache: avg=34.4%
    Storage cache: avg=23.7%, min=1.9%, max=79.8%
    OK: Storage cache rates look reasonable for cold-start benchmarks

  storage_sload_k100:
    Runs: 20
    Account cache: avg=29.7%
    Storage cache: avg=24.8%, min=3.5%, max=56.2%
    OK: Storage cache rates look reasonable for cold-start benchmarks

  storage_sload_k256:
    Runs: 20
    Account cache: avg=27.7%
    Storage cache: avg=28.6%, min=2.3%, max=60.2%
    OK: Storage cache rates look reasonable for cold-start benchmarks

  storage_sstore_k1:
    Runs: 20
    Account cache: avg=36.2%
    Storage cache: avg=29.8%, min=4.2%, max=65.2%
    OK: Storage cache rates look reasonable for cold-start benchmarks

  storage_sstore_k10:
    Runs: 20
    Account cache: avg=32.9%
    Storage cache: avg=34.8%, min=1.8%, max=61.1%
    OK: Storage cache rates look reasonable for cold-start benchmarks

  storage_sstore_k100:
    Runs: 20
    Account cache: avg=47.8%
    Storage cache: avg=41.5%, min=6.2%, max=87.5%
    OK: Storage cache rates look reasonable for cold-start benchmarks

  storage_sstore_k256:
    Runs: 20
    Account cache: avg=51.8%
    Storage cache: avg=39.4%, min=5.7%, max=68.9%
    OK: Storage cache rates look reasonable for cold-start benchmarks
[2026-06-01 13:49:12] 
[2026-06-01 13:49:12] ── Stage 4: consolidate + analyze ──
[2026-06-01 13:49:12]   consolidated: /mnt/state_expiry_vol_data/bintrie-benchmarks/ubt-vs-pbt/data/ubt_vs_pbt_consolidated.csv (3063 lines)
[2026-06-01 13:49:12]   analyzing...
====================================================================================================
  PER-BENCHMARK SUMMARY (blocks with gas > 500K, excluding run 1)
====================================================================================================

--- scattered_sload ---
    Config  Blocks             total_ms         mgas_per_sec        state_read_ms        state_hash_ms            commit_ms storage_cache_hit_rate
--------------------------------------------------------------------------------------------------------------------------------------------------
       ubt      --                   --                   --                   --                   --                   --                   --
       pbt      --                   --                   --                   --                   --                   --                   --

--- scattered_sstore ---
    Config  Blocks             total_ms         mgas_per_sec        state_read_ms        state_hash_ms            commit_ms storage_cache_hit_rate
--------------------------------------------------------------------------------------------------------------------------------------------------
       ubt      --                   --                   --                   --                   --                   --                   --
       pbt      --                   --                   --                   --                   --                   --                   --

--- scattered_mixed ---
    Config  Blocks             total_ms         mgas_per_sec        state_read_ms        state_hash_ms            commit_ms storage_cache_hit_rate
--------------------------------------------------------------------------------------------------------------------------------------------------
       ubt      --                   --                   --                   --                   --                   --                   --
       pbt      --                   --                   --                   --                   --                   --                   --

====================================================================================================
  MANN-WHITNEY U: UBT vs PBT
====================================================================================================

  scipy not available -- skipping Mann-Whitney U tests
  Install with: pip install scipy

====================================================================================================
  BOOTSTRAP RATIO CIs: median(PBT) / median(UBT), 95% CI
====================================================================================================

--- scattered_sload ---
  Insufficient data

--- scattered_sstore ---
  Insufficient data

--- scattered_mixed ---
  Insufficient data

====================================================================================================
  WELCH'S t-TEST ON PER-RUN MEDIANS
====================================================================================================

  scipy not available -- skipping Welch's t-test

====================================================================================================
  SINGLE-TX-BLOCK ANALYSIS (tx_count == 1)
====================================================================================================

--- scattered_sload ---
    Config  Blocks             total_ms         mgas_per_sec        state_read_ms        state_hash_ms            commit_ms storage_cache_hit_rate
--------------------------------------------------------------------------------------------------------------------------------------------------
       ubt      --                   --                   --                   --                   --                   --                   --
       pbt      --                   --                   --                   --                   --                   --                   --

--- scattered_sstore ---
    Config  Blocks             total_ms         mgas_per_sec        state_read_ms        state_hash_ms            commit_ms storage_cache_hit_rate
--------------------------------------------------------------------------------------------------------------------------------------------------
       ubt      --                   --                   --                   --                   --                   --                   --
       pbt      --                   --                   --                   --                   --                   --                   --

--- scattered_mixed ---
    Config  Blocks             total_ms         mgas_per_sec        state_read_ms        state_hash_ms            commit_ms storage_cache_hit_rate
--------------------------------------------------------------------------------------------------------------------------------------------------
       ubt      --                   --                   --                   --                   --                   --                   --
       pbt      --                   --                   --                   --                   --                   --                   --

====================================================================================================
  COLD TAIL ANALYSIS: PBT scattered_sstore -- ms_per_cache_miss by tx_count
====================================================================================================
  No PBT approve data

====================================================================================================
  EVM TAX CORRELATION: Pearson r (execution_ms vs state_read_ms)
====================================================================================================

  scipy not available -- skipping Pearson correlation

====================================================================================================
  COEFFICIENT OF VARIATION (CV%) -- total_ms (per-run medians)
====================================================================================================

--- scattered_sload ---

--- scattered_sstore ---

--- scattered_mixed ---


JSON summary written to /mnt/state_expiry_vol_data/bintrie-benchmarks/ubt-vs-pbt/data/analysis_results.json
[2026-06-01 13:49:12] 
[2026-06-01 13:49:12] ╔══════════════════════════════════════════════════════════════════╗
[2026-06-01 13:49:12] ║  Campaign complete
[2026-06-01 13:49:12] ╠══════════════════════════════════════════════════════════════════╣
[2026-06-01 13:49:12] ║  Consolidated CSV : /mnt/state_expiry_vol_data/bintrie-benchmarks/ubt-vs-pbt/data/ubt_vs_pbt_consolidated.csv
[2026-06-01 13:49:12] ║  Analysis JSON    : /mnt/state_expiry_vol_data/bintrie-benchmarks/ubt-vs-pbt/data/analysis_results.json
[2026-06-01 13:49:12] ║  Per-config dirs  : /mnt/state_expiry_vol_data/bintrie-benchmarks/ubt-vs-pbt/data/{ubt,pbt}/
[2026-06-01 13:49:12] ╚══════════════════════════════════════════════════════════════════╝
