[2026-06-01 10:39:06] ╔══════════════════════════════════════════════════════════════════╗
[2026-06-01 10:39:06] ║  UBT vs PBT campaign
[2026-06-01 10:39:06] ║  NUM_RUNS=20  TARGET_SIZE=500GB  GD=5  COLD_CACHE=1
[2026-06-01 10:39:06] ╚══════════════════════════════════════════════════════════════════╝
[2026-06-01 10:39:06] 
[2026-06-01 10:39:06] ── Stage 1: generate_dbs.sh ──
[2026-06-01 10:39:06] ╔══════════════════════════════════════════════════════════════╗
[2026-06-01 10:39:06] ║  generate_dbs.sh — preflight
[2026-06-01 10:39:06] ╚══════════════════════════════════════════════════════════════╝
[2026-06-01 10:39:06]   ubt: geth=/tmp/bench-bins/geth-flat-state state-actor=/tmp/bench-bins/state-actor-flat-state
[2026-06-01 10:39:06]   pbt: geth=/tmp/bench-bins/geth-pbt-noparallel state-actor=/tmp/bench-bins/state-actor-pbt-flat-state
[2026-06-01 10:39:06]   spamoor: /tmp/bench-bins/spamoor
[2026-06-01 10:39:06] 
[2026-06-01 10:39:06] ╔══════════════════════════════════════════════════════════════╗
[2026-06-01 10:39:06] ║  Config ubt — DB generation + ERC20 deployment
[2026-06-01 10:39:06] ╚══════════════════════════════════════════════════════════════╝
[2026-06-01 10:39:06]   /mnt/state_expiry_vol_data/bintrie-benchmarks/ubt-vs-pbt/data/ubt/contracts.json already exists — skipping (delete to re-run)
[2026-06-01 10:39:06] 
[2026-06-01 10:39:06] ╔══════════════════════════════════════════════════════════════╗
[2026-06-01 10:39:06] ║  Config pbt — DB generation + ERC20 deployment
[2026-06-01 10:39:06] ╚══════════════════════════════════════════════════════════════╝
[2026-06-01 10:39:06]   /mnt/state_expiry_vol_data/bintrie-benchmarks/ubt-vs-pbt/data/pbt/contracts.json already exists — skipping (delete to re-run)
[2026-06-01 10:39:06] 
[2026-06-01 10:39:06] ╔══════════════════════════════════════════════════════════════╗
[2026-06-01 10:39:06] ║  generate_dbs.sh — complete
[2026-06-01 10:39:06] ╚══════════════════════════════════════════════════════════════╝
[2026-06-01 10:39:06]   ubt: db=72G contracts=256
[2026-06-01 10:39:06]   pbt: db=70G contracts=256
[2026-06-01 10:39:06]   OK: ubt and pbt contracts.json are identical
[2026-06-01 10:39:06]   OK: ubt and pbt accounts.json are identical
[2026-06-01 10:39:06] 
[2026-06-01 10:39:06] ── Stage 2: run_benchmarks.sh ──
[2026-06-01 10:39:06] ╔══════════════════════════════════════════════════════════════════╗
[2026-06-01 10:39:06] ║  run_benchmarks.sh
[2026-06-01 10:39:06] ║  3 benchmarks × variable K-list × 20 runs × 2 configs
[2026-06-01 10:39:06] ║  COLD_CACHE=1  GROUP_DEPTH=5
[2026-06-01 10:39:06] ╚══════════════════════════════════════════════════════════════════╝
[2026-06-01 10:39:06]   ubt: ok
[2026-06-01 10:39:06]   pbt: ok
[2026-06-01 10:39:06] 
[2026-06-01 10:39:06] ╔══════════════════════════════════════════════════════════════════╗
[2026-06-01 10:39:06] ║  CONFIG: ubt
[2026-06-01 10:39:06] ╚══════════════════════════════════════════════════════════════════╝
[2026-06-01 10:39:06] 
[2026-06-01 10:39:06]   ── BENCHMARK: storage_sload_k1 (pool=256 contracts; effective K=1)
[2026-06-01 10:39:06] 
[2026-06-01 10:39:06]   --- storage_sload_k1_run1 (ubt) write-offset=10100000000 K=1 ---
[2026-06-01 10:39:06]   [cache] OS page cache dropped
Fatal: Could not create the account: account already exists
[2026-06-01 10:39:07]   [geth] Starting (ubt, gd=5, cold=1, dev.period=1, 1tx/block)
[2026-06-01 10:39:07]   [geth] Waiting for RPC...
[2026-06-01 10:39:09]   [geth] RPC ready after 3s
[2026-06-01 10:39:09]   [bench] Running execute remote...
[2026-06-01 10:39:16]   [bench] exit=0 passed=1 failed=0
0 missing_trie_node=0
0
[2026-06-01 10:39:16] 
[2026-06-01 10:39:16]   --- storage_sload_k1_run2 (ubt) write-offset=10200000000 K=1 ---
[2026-06-01 10:39:16]   [geth] Stopping (SIGTERM, waiting up to 120s for clean exit): 1086020
[2026-06-01 10:39:17]   [geth] exited cleanly after 1s
[2026-06-01 10:39:17]   [cache] OS page cache dropped
Fatal: Could not create the account: account already exists
[2026-06-01 10:39:18]   [geth] Starting (ubt, gd=5, cold=1, dev.period=1, 1tx/block)
[2026-06-01 10:39:18]   [geth] Waiting for RPC...
[2026-06-01 10:39:20]   [geth] RPC ready after 3s
[2026-06-01 10:39:20]   [bench] Running execute remote...
[2026-06-01 10:39:27]   [bench] exit=0 passed=1 failed=0
0 missing_trie_node=0
0
[2026-06-01 10:39:27] 
[2026-06-01 10:39:27]   --- storage_sload_k1_run3 (ubt) write-offset=10300000000 K=1 ---
[2026-06-01 10:39:27]   [geth] Stopping (SIGTERM, waiting up to 120s for clean exit): 1086098
[2026-06-01 10:39:28]   [geth] exited cleanly after 1s
[2026-06-01 10:39:28]   [cache] OS page cache dropped
Fatal: Could not create the account: account already exists
[2026-06-01 10:39:28]   [geth] Starting (ubt, gd=5, cold=1, dev.period=1, 1tx/block)
[2026-06-01 10:39:28]   [geth] Waiting for RPC...
[2026-06-01 10:39:30]   [geth] RPC ready after 3s
[2026-06-01 10:39:30]   [bench] Running execute remote...
[2026-06-01 10:39:38]   [bench] exit=0 passed=1 failed=0
0 missing_trie_node=0
0
[2026-06-01 10:39:38] 
[2026-06-01 10:39:38]   --- storage_sload_k1_run4 (ubt) write-offset=10400000000 K=1 ---
[2026-06-01 10:39:38]   [geth] Stopping (SIGTERM, waiting up to 120s for clean exit): 1086234
[2026-06-01 10:39:39]   [geth] exited cleanly after 1s
[2026-06-01 10:39:39]   [cache] OS page cache dropped
Fatal: Could not create the account: account already exists
[2026-06-01 10:39:39]   [geth] Starting (ubt, gd=5, cold=1, dev.period=1, 1tx/block)
[2026-06-01 10:39:39]   [geth] Waiting for RPC...
[2026-06-01 10:39:41]   [geth] RPC ready after 3s
[2026-06-01 10:39:41]   [bench] Running execute remote...
[2026-06-01 10:39:48]   [bench] exit=0 passed=1 failed=0
0 missing_trie_node=0
0
[2026-06-01 10:39:48] 
[2026-06-01 10:39:48]   --- storage_sload_k1_run5 (ubt) write-offset=10500000000 K=1 ---
[2026-06-01 10:39:48]   [geth] Stopping (SIGTERM, waiting up to 120s for clean exit): 1086307
[2026-06-01 10:39:49]   [geth] exited cleanly after 1s
[2026-06-01 10:39:50]   [cache] OS page cache dropped
Fatal: Could not create the account: account already exists
[2026-06-01 10:39:50]   [geth] Starting (ubt, gd=5, cold=1, dev.period=1, 1tx/block)
[2026-06-01 10:39:50]   [geth] Waiting for RPC...
[2026-06-01 10:39:52]   [geth] RPC ready after 3s
[2026-06-01 10:39:52]   [bench] Running execute remote...
[2026-06-01 10:39:59]   [bench] exit=0 passed=1 failed=0
0 missing_trie_node=0
0
[2026-06-01 10:39:59] 
[2026-06-01 10:39:59]   --- storage_sload_k1_run6 (ubt) write-offset=10600000000 K=1 ---
[2026-06-01 10:39:59]   [geth] Stopping (SIGTERM, waiting up to 120s for clean exit): 1086381
[2026-06-01 10:40:00]   [geth] exited cleanly after 1s
[2026-06-01 10:40:00]   [cache] OS page cache dropped
Fatal: Could not create the account: account already exists
[2026-06-01 10:40:00]   [geth] Starting (ubt, gd=5, cold=1, dev.period=1, 1tx/block)
[2026-06-01 10:40:00]   [geth] Waiting for RPC...
[2026-06-01 10:40:02]   [geth] RPC ready after 3s
[2026-06-01 10:40:02]   [bench] Running execute remote...
[2026-06-01 10:40:10]   [bench] exit=0 passed=1 failed=0
0 missing_trie_node=0
0
[2026-06-01 10:40:10] 
[2026-06-01 10:40:10]   --- storage_sload_k1_run7 (ubt) write-offset=10700000000 K=1 ---
[2026-06-01 10:40:10]   [geth] Stopping (SIGTERM, waiting up to 120s for clean exit): 1086457
[2026-06-01 10:40:11]   [geth] exited cleanly after 1s
[2026-06-01 10:40:11]   [cache] OS page cache dropped
Fatal: Could not create the account: account already exists
[2026-06-01 10:40:11]   [geth] Starting (ubt, gd=5, cold=1, dev.period=1, 1tx/block)
[2026-06-01 10:40:11]   [geth] Waiting for RPC...
[2026-06-01 10:40:13]   [geth] RPC ready after 3s
[2026-06-01 10:40:13]   [bench] Running execute remote...
[2026-06-01 10:40:21]   [bench] exit=0 passed=1 failed=0
0 missing_trie_node=0
0
[2026-06-01 10:40:21] 
[2026-06-01 10:40:21]   --- storage_sload_k1_run8 (ubt) write-offset=10800000000 K=1 ---
[2026-06-01 10:40:21]   [geth] Stopping (SIGTERM, waiting up to 120s for clean exit): 1086533
[2026-06-01 10:40:22]   [geth] exited cleanly after 1s
[2026-06-01 10:40:22]   [cache] OS page cache dropped
Fatal: Could not create the account: account already exists
[2026-06-01 10:40:22]   [geth] Starting (ubt, gd=5, cold=1, dev.period=1, 1tx/block)
[2026-06-01 10:40:22]   [geth] Waiting for RPC...
[2026-06-01 10:40:24]   [geth] RPC ready after 3s
[2026-06-01 10:40:24]   [bench] Running execute remote...
[2026-06-01 10:40:32]   [bench] exit=0 passed=1 failed=0
0 missing_trie_node=0
0
[2026-06-01 10:40:32] 
[2026-06-01 10:40:32]   --- storage_sload_k1_run9 (ubt) write-offset=10900000000 K=1 ---
[2026-06-01 10:40:32]   [geth] Stopping (SIGTERM, waiting up to 120s for clean exit): 1086612
[2026-06-01 10:40:33]   [geth] exited cleanly after 1s
[2026-06-01 10:40:33]   [cache] OS page cache dropped
Fatal: Could not create the account: account already exists
[2026-06-01 10:40:33]   [geth] Starting (ubt, gd=5, cold=1, dev.period=1, 1tx/block)
[2026-06-01 10:40:33]   [geth] Waiting for RPC...
[2026-06-01 10:40:35]   [geth] RPC ready after 3s
[2026-06-01 10:40:35]   [bench] Running execute remote...
[2026-06-01 10:40:42]   [bench] exit=0 passed=1 failed=0
0 missing_trie_node=0
0
[2026-06-01 10:40:42] 
[2026-06-01 10:40:42]   --- storage_sload_k1_run10 (ubt) write-offset=11000000000 K=1 ---
[2026-06-01 10:40:42]   [geth] Stopping (SIGTERM, waiting up to 120s for clean exit): 1086688
[2026-06-01 10:40:43]   [geth] exited cleanly after 1s
[2026-06-01 10:40:43]   [cache] OS page cache dropped
Fatal: Could not create the account: account already exists
[2026-06-01 10:40:44]   [geth] Starting (ubt, gd=5, cold=1, dev.period=1, 1tx/block)
[2026-06-01 10:40:44]   [geth] Waiting for RPC...
[2026-06-01 10:40:46]   [geth] RPC ready after 3s
[2026-06-01 10:40:46]   [bench] Running execute remote...
[2026-06-01 10:40:53]   [bench] exit=0 passed=1 failed=0
0 missing_trie_node=0
0
[2026-06-01 10:40:53] 
[2026-06-01 10:40:53]   --- storage_sload_k1_run11 (ubt) write-offset=11100000000 K=1 ---
[2026-06-01 10:40:53]   [geth] Stopping (SIGTERM, waiting up to 120s for clean exit): 1086763
[2026-06-01 10:40:54]   [geth] exited cleanly after 1s
[2026-06-01 10:40:54]   [cache] OS page cache dropped
Fatal: Could not create the account: account already exists
[2026-06-01 10:40:54]   [geth] Starting (ubt, gd=5, cold=1, dev.period=1, 1tx/block)
[2026-06-01 10:40:54]   [geth] Waiting for RPC...
[2026-06-01 10:40:56]   [geth] RPC ready after 3s
[2026-06-01 10:40:56]   [bench] Running execute remote...
[2026-06-01 10:41:04]   [bench] exit=0 passed=1 failed=0
0 missing_trie_node=0
0
[2026-06-01 10:41:04] 
[2026-06-01 10:41:04]   --- storage_sload_k1_run12 (ubt) write-offset=11200000000 K=1 ---
[2026-06-01 10:41:04]   [geth] Stopping (SIGTERM, waiting up to 120s for clean exit): 1086838
[2026-06-01 10:41:05]   [geth] exited cleanly after 1s
[2026-06-01 10:41:05]   [cache] OS page cache dropped
Fatal: Could not create the account: account already exists
[2026-06-01 10:41:05]   [geth] Starting (ubt, gd=5, cold=1, dev.period=1, 1tx/block)
[2026-06-01 10:41:05]   [geth] Waiting for RPC...
[2026-06-01 10:41:07]   [geth] RPC ready after 3s
[2026-06-01 10:41:07]   [bench] Running execute remote...
[2026-06-01 10:41:15]   [bench] exit=0 passed=1 failed=0
0 missing_trie_node=0
0
[2026-06-01 10:41:15] 
[2026-06-01 10:41:15]   --- storage_sload_k1_run13 (ubt) write-offset=11300000000 K=1 ---
[2026-06-01 10:41:15]   [geth] Stopping (SIGTERM, waiting up to 120s for clean exit): 1086912
[2026-06-01 10:41:16]   [geth] exited cleanly after 1s
[2026-06-01 10:41:16]   [cache] OS page cache dropped
Fatal: Could not create the account: account already exists
[2026-06-01 10:41:16]   [geth] Starting (ubt, gd=5, cold=1, dev.period=1, 1tx/block)
[2026-06-01 10:41:16]   [geth] Waiting for RPC...
[2026-06-01 10:41:18]   [geth] RPC ready after 3s
[2026-06-01 10:41:18]   [bench] Running execute remote...
[2026-06-01 10:41:25]   [bench] exit=0 passed=1 failed=0
0 missing_trie_node=0
0
[2026-06-01 10:41:25] 
[2026-06-01 10:41:25]   --- storage_sload_k1_run14 (ubt) write-offset=11400000000 K=1 ---
[2026-06-01 10:41:25]   [geth] Stopping (SIGTERM, waiting up to 120s for clean exit): 1086988
[2026-06-01 10:41:26]   [geth] exited cleanly after 1s
[2026-06-01 10:41:26]   [cache] OS page cache dropped
Fatal: Could not create the account: account already exists
[2026-06-01 10:41:26]   [geth] Starting (ubt, gd=5, cold=1, dev.period=1, 1tx/block)
[2026-06-01 10:41:26]   [geth] Waiting for RPC...
[2026-06-01 10:41:29]   [geth] RPC ready after 3s
[2026-06-01 10:41:29]   [bench] Running execute remote...
[2026-06-01 10:41:36]   [bench] exit=0 passed=1 failed=0
0 missing_trie_node=0
0
[2026-06-01 10:41:36] 
[2026-06-01 10:41:36]   --- storage_sload_k1_run15 (ubt) write-offset=11500000000 K=1 ---
[2026-06-01 10:41:36]   [geth] Stopping (SIGTERM, waiting up to 120s for clean exit): 1087067
[2026-06-01 10:41:37]   [geth] exited cleanly after 1s
[2026-06-01 10:41:37]   [cache] OS page cache dropped
Fatal: Could not create the account: account already exists
[2026-06-01 10:41:37]   [geth] Starting (ubt, gd=5, cold=1, dev.period=1, 1tx/block)
[2026-06-01 10:41:37]   [geth] Waiting for RPC...
[2026-06-01 10:41:39]   [geth] RPC ready after 3s
[2026-06-01 10:41:39]   [bench] Running execute remote...
[2026-06-01 10:41:47]   [bench] exit=0 passed=1 failed=0
0 missing_trie_node=0
0
[2026-06-01 10:41:47] 
[2026-06-01 10:41:47]   --- storage_sload_k1_run16 (ubt) write-offset=11600000000 K=1 ---
[2026-06-01 10:41:47]   [geth] Stopping (SIGTERM, waiting up to 120s for clean exit): 1087142
[2026-06-01 10:41:48]   [geth] exited cleanly after 1s
[2026-06-01 10:41:48]   [cache] OS page cache dropped
Fatal: Could not create the account: account already exists
[2026-06-01 10:41:48]   [geth] Starting (ubt, gd=5, cold=1, dev.period=1, 1tx/block)
[2026-06-01 10:41:48]   [geth] Waiting for RPC...
[2026-06-01 10:41:50]   [geth] RPC ready after 3s
[2026-06-01 10:41:50]   [bench] Running execute remote...
[2026-06-01 10:41:58]   [bench] exit=0 passed=1 failed=0
0 missing_trie_node=0
0
[2026-06-01 10:41:58] 
[2026-06-01 10:41:58]   --- storage_sload_k1_run17 (ubt) write-offset=11700000000 K=1 ---
[2026-06-01 10:41:58]   [geth] Stopping (SIGTERM, waiting up to 120s for clean exit): 1087216
[2026-06-01 10:41:59]   [geth] exited cleanly after 1s
[2026-06-01 10:41:59]   [cache] OS page cache dropped
Fatal: Could not create the account: account already exists
[2026-06-01 10:41:59]   [geth] Starting (ubt, gd=5, cold=1, dev.period=1, 1tx/block)
[2026-06-01 10:41:59]   [geth] Waiting for RPC...
[2026-06-01 10:42:01]   [geth] RPC ready after 3s
[2026-06-01 10:42:01]   [bench] Running execute remote...
[2026-06-01 10:42:08]   [bench] exit=0 passed=1 failed=0
0 missing_trie_node=0
0
[2026-06-01 10:42:08] 
[2026-06-01 10:42:08]   --- storage_sload_k1_run18 (ubt) write-offset=11800000000 K=1 ---
[2026-06-01 10:42:08]   [geth] Stopping (SIGTERM, waiting up to 120s for clean exit): 1087291
[2026-06-01 10:42:09]   [geth] exited cleanly after 1s
[2026-06-01 10:42:09]   [cache] OS page cache dropped
Fatal: Could not create the account: account already exists
[2026-06-01 10:42:09]   [geth] Starting (ubt, gd=5, cold=1, dev.period=1, 1tx/block)
[2026-06-01 10:42:09]   [geth] Waiting for RPC...
[2026-06-01 10:42:11]   [geth] RPC ready after 3s
[2026-06-01 10:42:12]   [bench] Running execute remote...
[2026-06-01 10:42:19]   [bench] exit=0 passed=1 failed=0
0 missing_trie_node=0
0
[2026-06-01 10:42:19] 
[2026-06-01 10:42:19]   --- storage_sload_k1_run19 (ubt) write-offset=11900000000 K=1 ---
[2026-06-01 10:42:19]   [geth] Stopping (SIGTERM, waiting up to 120s for clean exit): 1087368
[2026-06-01 10:42:20]   [geth] exited cleanly after 1s
[2026-06-01 10:42:20]   [cache] OS page cache dropped
Fatal: Could not create the account: account already exists
[2026-06-01 10:42:20]   [geth] Starting (ubt, gd=5, cold=1, dev.period=1, 1tx/block)
[2026-06-01 10:42:20]   [geth] Waiting for RPC...
[2026-06-01 10:42:22]   [geth] RPC ready after 3s
[2026-06-01 10:42:22]   [bench] Running execute remote...
[2026-06-01 10:42:30]   [bench] exit=0 passed=1 failed=0
0 missing_trie_node=0
0
[2026-06-01 10:42:30] 
[2026-06-01 10:42:30]   --- storage_sload_k1_run20 (ubt) write-offset=12000000000 K=1 ---
[2026-06-01 10:42:30]   [geth] Stopping (SIGTERM, waiting up to 120s for clean exit): 1087445
[2026-06-01 10:42:31]   [geth] exited cleanly after 1s
[2026-06-01 10:42:31]   [cache] OS page cache dropped
Fatal: Could not create the account: account already exists
[2026-06-01 10:42:31]   [geth] Starting (ubt, gd=5, cold=1, dev.period=1, 1tx/block)
[2026-06-01 10:42:31]   [geth] Waiting for RPC...
[2026-06-01 10:42:33]   [geth] RPC ready after 3s
[2026-06-01 10:42:33]   [bench] Running execute remote...
[2026-06-01 10:42:40]   [bench] exit=0 passed=1 failed=0
0 missing_trie_node=0
0
[2026-06-01 10:42:40] 
[2026-06-01 10:42:40]   ── BENCHMARK: storage_sload_k10 (pool=256 contracts; effective K=10)
[2026-06-01 10:42:40] 
[2026-06-01 10:42:40]   --- storage_sload_k10_run1 (ubt) write-offset=10100000000 K=10 ---
[2026-06-01 10:42:40]   [geth] Stopping (SIGTERM, waiting up to 120s for clean exit): 1087522
[2026-06-01 10:42:41]   [geth] exited cleanly after 1s
[2026-06-01 10:42:42]   [cache] OS page cache dropped
Fatal: Could not create the account: account already exists
[2026-06-01 10:42:42]   [geth] Starting (ubt, gd=5, cold=1, dev.period=1, 1tx/block)
[2026-06-01 10:42:42]   [geth] Waiting for RPC...
[2026-06-01 10:42:44]   [geth] RPC ready after 3s
[2026-06-01 10:42:44]   [bench] Running execute remote...
[2026-06-01 10:42:51]   [bench] exit=0 passed=1 failed=0
0 missing_trie_node=0
0
[2026-06-01 10:42:51] 
[2026-06-01 10:42:51]   --- storage_sload_k10_run2 (ubt) write-offset=10200000000 K=10 ---
[2026-06-01 10:42:51]   [geth] Stopping (SIGTERM, waiting up to 120s for clean exit): 1087621
[2026-06-01 10:42:52]   [geth] exited cleanly after 1s
[2026-06-01 10:42:52]   [cache] OS page cache dropped
Fatal: Could not create the account: account already exists
[2026-06-01 10:42:52]   [geth] Starting (ubt, gd=5, cold=1, dev.period=1, 1tx/block)
[2026-06-01 10:42:52]   [geth] Waiting for RPC...
[2026-06-01 10:42:55]   [geth] RPC ready after 3s
[2026-06-01 10:42:55]   [bench] Running execute remote...
[2026-06-01 10:43:02]   [bench] exit=0 passed=1 failed=0
0 missing_trie_node=0
0
[2026-06-01 10:43:02] 
[2026-06-01 10:43:02]   --- storage_sload_k10_run3 (ubt) write-offset=10300000000 K=10 ---
[2026-06-01 10:43:02]   [geth] Stopping (SIGTERM, waiting up to 120s for clean exit): 1087696
[2026-06-01 10:43:03]   [geth] exited cleanly after 1s
[2026-06-01 10:43:03]   [cache] OS page cache dropped
Fatal: Could not create the account: account already exists
[2026-06-01 10:43:03]   [geth] Starting (ubt, gd=5, cold=1, dev.period=1, 1tx/block)
[2026-06-01 10:43:03]   [geth] Waiting for RPC...
[2026-06-01 10:43:05]   [geth] RPC ready after 3s
[2026-06-01 10:43:05]   [bench] Running execute remote...
[2026-06-01 10:43:13]   [bench] exit=0 passed=1 failed=0
0 missing_trie_node=0
0
[2026-06-01 10:43:13] 
[2026-06-01 10:43:13]   --- storage_sload_k10_run4 (ubt) write-offset=10400000000 K=10 ---
[2026-06-01 10:43:13]   [geth] Stopping (SIGTERM, waiting up to 120s for clean exit): 1087768
[2026-06-01 10:43:14]   [geth] exited cleanly after 1s
[2026-06-01 10:43:14]   [cache] OS page cache dropped
Fatal: Could not create the account: account already exists
[2026-06-01 10:43:14]   [geth] Starting (ubt, gd=5, cold=1, dev.period=1, 1tx/block)
[2026-06-01 10:43:14]   [geth] Waiting for RPC...
[2026-06-01 10:43:16]   [geth] RPC ready after 3s
[2026-06-01 10:43:16]   [bench] Running execute remote...
[2026-06-01 10:43:23]   [bench] exit=0 passed=1 failed=0
0 missing_trie_node=0
0
[2026-06-01 10:43:23] 
[2026-06-01 10:43:23]   --- storage_sload_k10_run5 (ubt) write-offset=10500000000 K=10 ---
[2026-06-01 10:43:23]   [geth] Stopping (SIGTERM, waiting up to 120s for clean exit): 1087858
[2026-06-01 10:43:24]   [geth] exited cleanly after 1s
[2026-06-01 10:43:25]   [cache] OS page cache dropped
Fatal: Could not create the account: account already exists
[2026-06-01 10:43:25]   [geth] Starting (ubt, gd=5, cold=1, dev.period=1, 1tx/block)
[2026-06-01 10:43:25]   [geth] Waiting for RPC...
[2026-06-01 10:43:27]   [geth] RPC ready after 3s
[2026-06-01 10:43:27]   [bench] Running execute remote...
[2026-06-01 10:43:34]   [bench] exit=0 passed=1 failed=0
0 missing_trie_node=0
0
[2026-06-01 10:43:34] 
[2026-06-01 10:43:34]   --- storage_sload_k10_run6 (ubt) write-offset=10600000000 K=10 ---
[2026-06-01 10:43:34]   [geth] Stopping (SIGTERM, waiting up to 120s for clean exit): 1087933
[2026-06-01 10:43:35]   [geth] exited cleanly after 1s
[2026-06-01 10:43:35]   [cache] OS page cache dropped
Fatal: Could not create the account: account already exists
[2026-06-01 10:43:36]   [geth] Starting (ubt, gd=5, cold=1, dev.period=1, 1tx/block)
[2026-06-01 10:43:36]   [geth] Waiting for RPC...
[2026-06-01 10:43:38]   [geth] RPC ready after 3s
[2026-06-01 10:43:38]   [bench] Running execute remote...
[2026-06-01 10:43:45]   [bench] exit=0 passed=1 failed=0
0 missing_trie_node=0
0
[2026-06-01 10:43:45] 
[2026-06-01 10:43:45]   --- storage_sload_k10_run7 (ubt) write-offset=10700000000 K=10 ---
[2026-06-01 10:43:45]   [geth] Stopping (SIGTERM, waiting up to 120s for clean exit): 1088008
[2026-06-01 10:43:46]   [geth] exited cleanly after 1s
[2026-06-01 10:43:46]   [cache] OS page cache dropped
Fatal: Could not create the account: account already exists
[2026-06-01 10:43:46]   [geth] Starting (ubt, gd=5, cold=1, dev.period=1, 1tx/block)
[2026-06-01 10:43:46]   [geth] Waiting for RPC...
[2026-06-01 10:43:48]   [geth] RPC ready after 3s
[2026-06-01 10:43:48]   [bench] Running execute remote...
[2026-06-01 10:43:56]   [bench] exit=0 passed=1 failed=0
0 missing_trie_node=0
0
[2026-06-01 10:43:56] 
[2026-06-01 10:43:56]   --- storage_sload_k10_run8 (ubt) write-offset=10800000000 K=10 ---
[2026-06-01 10:43:56]   [geth] Stopping (SIGTERM, waiting up to 120s for clean exit): 1088084
[2026-06-01 10:43:57]   [geth] exited cleanly after 1s
[2026-06-01 10:43:57]   [cache] OS page cache dropped
Fatal: Could not create the account: account already exists
[2026-06-01 10:43:57]   [geth] Starting (ubt, gd=5, cold=1, dev.period=1, 1tx/block)
[2026-06-01 10:43:57]   [geth] Waiting for RPC...
[2026-06-01 10:43:59]   [geth] RPC ready after 3s
[2026-06-01 10:43:59]   [bench] Running execute remote...
[2026-06-01 10:44:07]   [bench] exit=0 passed=1 failed=0
0 missing_trie_node=0
0
[2026-06-01 10:44:07] 
[2026-06-01 10:44:07]   --- storage_sload_k10_run9 (ubt) write-offset=10900000000 K=10 ---
[2026-06-01 10:44:07]   [geth] Stopping (SIGTERM, waiting up to 120s for clean exit): 1088158
[2026-06-01 10:44:08]   [geth] exited cleanly after 1s
[2026-06-01 10:44:08]   [cache] OS page cache dropped
Fatal: Could not create the account: account already exists
[2026-06-01 10:44:08]   [geth] Starting (ubt, gd=5, cold=1, dev.period=1, 1tx/block)
[2026-06-01 10:44:08]   [geth] Waiting for RPC...
[2026-06-01 10:44:10]   [geth] RPC ready after 3s
[2026-06-01 10:44:10]   [bench] Running execute remote...
[2026-06-01 10:44:18]   [bench] exit=0 passed=1 failed=0
0 missing_trie_node=0
0
[2026-06-01 10:44:18] 
[2026-06-01 10:44:18]   --- storage_sload_k10_run10 (ubt) write-offset=11000000000 K=10 ---
[2026-06-01 10:44:18]   [geth] Stopping (SIGTERM, waiting up to 120s for clean exit): 1088234
[2026-06-01 10:44:19]   [geth] exited cleanly after 1s
[2026-06-01 10:44:19]   [cache] OS page cache dropped
Fatal: Could not create the account: account already exists
[2026-06-01 10:44:19]   [geth] Starting (ubt, gd=5, cold=1, dev.period=1, 1tx/block)
[2026-06-01 10:44:19]   [geth] Waiting for RPC...
[2026-06-01 10:44:21]   [geth] RPC ready after 3s
[2026-06-01 10:44:21]   [bench] Running execute remote...
[2026-06-01 10:44:28]   [bench] exit=0 passed=1 failed=0
0 missing_trie_node=0
0
[2026-06-01 10:44:28] 
[2026-06-01 10:44:28]   --- storage_sload_k10_run11 (ubt) write-offset=11100000000 K=10 ---
[2026-06-01 10:44:28]   [geth] Stopping (SIGTERM, waiting up to 120s for clean exit): 1088309
[2026-06-01 10:44:29]   [geth] exited cleanly after 1s
[2026-06-01 10:44:30]   [cache] OS page cache dropped
Fatal: Could not create the account: account already exists
[2026-06-01 10:44:30]   [geth] Starting (ubt, gd=5, cold=1, dev.period=1, 1tx/block)
[2026-06-01 10:44:30]   [geth] Waiting for RPC...
[2026-06-01 10:44:32]   [geth] RPC ready after 3s
[2026-06-01 10:44:32]   [bench] Running execute remote...
[2026-06-01 10:44:39]   [bench] exit=0 passed=1 failed=0
0 missing_trie_node=0
0
[2026-06-01 10:44:39] 
[2026-06-01 10:44:39]   --- storage_sload_k10_run12 (ubt) write-offset=11200000000 K=10 ---
[2026-06-01 10:44:39]   [geth] Stopping (SIGTERM, waiting up to 120s for clean exit): 1088386
[2026-06-01 10:44:40]   [geth] exited cleanly after 1s
[2026-06-01 10:44:40]   [cache] OS page cache dropped
Fatal: Could not create the account: account already exists
[2026-06-01 10:44:41]   [geth] Starting (ubt, gd=5, cold=1, dev.period=1, 1tx/block)
[2026-06-01 10:44:41]   [geth] Waiting for RPC...
[2026-06-01 10:44:43]   [geth] RPC ready after 3s
[2026-06-01 10:44:43]   [bench] Running execute remote...
[2026-06-01 10:44:50]   [bench] exit=0 passed=1 failed=0
0 missing_trie_node=0
0
[2026-06-01 10:44:50] 
[2026-06-01 10:44:50]   --- storage_sload_k10_run13 (ubt) write-offset=11300000000 K=10 ---
[2026-06-01 10:44:50]   [geth] Stopping (SIGTERM, waiting up to 120s for clean exit): 1088462
[2026-06-01 10:44:51]   [geth] exited cleanly after 1s
[2026-06-01 10:44:51]   [cache] OS page cache dropped
Fatal: Could not create the account: account already exists
[2026-06-01 10:44:51]   [geth] Starting (ubt, gd=5, cold=1, dev.period=1, 1tx/block)
[2026-06-01 10:44:51]   [geth] Waiting for RPC...
[2026-06-01 10:44:53]   [geth] RPC ready after 3s
[2026-06-01 10:44:53]   [bench] Running execute remote...
[2026-06-01 10:45:01]   [bench] exit=0 passed=1 failed=0
0 missing_trie_node=0
0
[2026-06-01 10:45:01] 
[2026-06-01 10:45:01]   --- storage_sload_k10_run14 (ubt) write-offset=11400000000 K=10 ---
[2026-06-01 10:45:01]   [geth] Stopping (SIGTERM, waiting up to 120s for clean exit): 1088537
[2026-06-01 10:45:02]   [geth] exited cleanly after 1s
[2026-06-01 10:45:02]   [cache] OS page cache dropped
Fatal: Could not create the account: account already exists
[2026-06-01 10:45:02]   [geth] Starting (ubt, gd=5, cold=1, dev.period=1, 1tx/block)
[2026-06-01 10:45:02]   [geth] Waiting for RPC...
[2026-06-01 10:45:04]   [geth] RPC ready after 3s
[2026-06-01 10:45:04]   [bench] Running execute remote...
[2026-06-01 10:45:12]   [bench] exit=0 passed=1 failed=0
0 missing_trie_node=0
0
[2026-06-01 10:45:12] 
[2026-06-01 10:45:12]   --- storage_sload_k10_run15 (ubt) write-offset=11500000000 K=10 ---
[2026-06-01 10:45:12]   [geth] Stopping (SIGTERM, waiting up to 120s for clean exit): 1088612
[2026-06-01 10:45:13]   [geth] exited cleanly after 1s
[2026-06-01 10:45:13]   [cache] OS page cache dropped
Fatal: Could not create the account: account already exists
[2026-06-01 10:45:13]   [geth] Starting (ubt, gd=5, cold=1, dev.period=1, 1tx/block)
[2026-06-01 10:45:13]   [geth] Waiting for RPC...
[2026-06-01 10:45:15]   [geth] RPC ready after 3s
[2026-06-01 10:45:15]   [bench] Running execute remote...
[2026-06-01 10:45:23]   [bench] exit=0 passed=1 failed=0
0 missing_trie_node=0
0
[2026-06-01 10:45:23] 
[2026-06-01 10:45:23]   --- storage_sload_k10_run16 (ubt) write-offset=11600000000 K=10 ---
[2026-06-01 10:45:23]   [geth] Stopping (SIGTERM, waiting up to 120s for clean exit): 1088688
[2026-06-01 10:45:24]   [geth] exited cleanly after 1s
[2026-06-01 10:45:24]   [cache] OS page cache dropped
Fatal: Could not create the account: account already exists
[2026-06-01 10:45:24]   [geth] Starting (ubt, gd=5, cold=1, dev.period=1, 1tx/block)
[2026-06-01 10:45:24]   [geth] Waiting for RPC...
[2026-06-01 10:45:26]   [geth] RPC ready after 3s
[2026-06-01 10:45:26]   [bench] Running execute remote...
[2026-06-01 10:45:34]   [bench] exit=0 passed=1 failed=0
0 missing_trie_node=0
0
[2026-06-01 10:45:34] 
[2026-06-01 10:45:34]   --- storage_sload_k10_run17 (ubt) write-offset=11700000000 K=10 ---
[2026-06-01 10:45:34]   [geth] Stopping (SIGTERM, waiting up to 120s for clean exit): 1088760
[2026-06-01 10:45:35]   [geth] exited cleanly after 1s
[2026-06-01 10:45:35]   [cache] OS page cache dropped
Fatal: Could not create the account: account already exists
[2026-06-01 10:45:35]   [geth] Starting (ubt, gd=5, cold=1, dev.period=1, 1tx/block)
[2026-06-01 10:45:35]   [geth] Waiting for RPC...
[2026-06-01 10:45:37]   [geth] RPC ready after 3s
[2026-06-01 10:45:37]   [bench] Running execute remote...
[2026-06-01 10:45:44]   [bench] exit=0 passed=1 failed=0
0 missing_trie_node=0
0
[2026-06-01 10:45:44] 
[2026-06-01 10:45:44]   --- storage_sload_k10_run18 (ubt) write-offset=11800000000 K=10 ---
[2026-06-01 10:45:44]   [geth] Stopping (SIGTERM, waiting up to 120s for clean exit): 1088838
[2026-06-01 10:45:45]   [geth] exited cleanly after 1s
[2026-06-01 10:45:46]   [cache] OS page cache dropped
Fatal: Could not create the account: account already exists
[2026-06-01 10:45:46]   [geth] Starting (ubt, gd=5, cold=1, dev.period=1, 1tx/block)
[2026-06-01 10:45:46]   [geth] Waiting for RPC...
[2026-06-01 10:45:48]   [geth] RPC ready after 3s
[2026-06-01 10:45:48]   [bench] Running execute remote...
[2026-06-01 10:45:55]   [bench] exit=0 passed=1 failed=0
0 missing_trie_node=0
0
[2026-06-01 10:45:55] 
[2026-06-01 10:45:55]   --- storage_sload_k10_run19 (ubt) write-offset=11900000000 K=10 ---
[2026-06-01 10:45:55]   [geth] Stopping (SIGTERM, waiting up to 120s for clean exit): 1088912
[2026-06-01 10:45:56]   [geth] exited cleanly after 1s
[2026-06-01 10:45:56]   [cache] OS page cache dropped
Fatal: Could not create the account: account already exists
[2026-06-01 10:45:56]   [geth] Starting (ubt, gd=5, cold=1, dev.period=1, 1tx/block)
[2026-06-01 10:45:56]   [geth] Waiting for RPC...
[2026-06-01 10:45:59]   [geth] RPC ready after 3s
[2026-06-01 10:45:59]   [bench] Running execute remote...
[2026-06-01 10:46:05]   [bench] exit=0 passed=1 failed=0
0 missing_trie_node=0
0
[2026-06-01 10:46:05] 
[2026-06-01 10:46:05]   --- storage_sload_k10_run20 (ubt) write-offset=12000000000 K=10 ---
[2026-06-01 10:46:05]   [geth] Stopping (SIGTERM, waiting up to 120s for clean exit): 1088992
[2026-06-01 10:46:06]   [geth] exited cleanly after 1s
[2026-06-01 10:46:06]   [cache] OS page cache dropped
Fatal: Could not create the account: account already exists
[2026-06-01 10:46:06]   [geth] Starting (ubt, gd=5, cold=1, dev.period=1, 1tx/block)
[2026-06-01 10:46:06]   [geth] Waiting for RPC...
[2026-06-01 10:46:08]   [geth] RPC ready after 3s
[2026-06-01 10:46:08]   [bench] Running execute remote...
[2026-06-01 10:46:16]   [bench] exit=0 passed=1 failed=0
0 missing_trie_node=0
0
[2026-06-01 10:46:16] 
[2026-06-01 10:46:16]   ── BENCHMARK: storage_sload_k100 (pool=256 contracts; effective K=100)
[2026-06-01 10:46:16] 
[2026-06-01 10:46:16]   --- storage_sload_k100_run1 (ubt) write-offset=10100000000 K=100 ---
[2026-06-01 10:46:16]   [geth] Stopping (SIGTERM, waiting up to 120s for clean exit): 1089068
[2026-06-01 10:46:17]   [geth] exited cleanly after 1s
[2026-06-01 10:46:17]   [cache] OS page cache dropped
Fatal: Could not create the account: account already exists
[2026-06-01 10:46:17]   [geth] Starting (ubt, gd=5, cold=1, dev.period=1, 1tx/block)
[2026-06-01 10:46:17]   [geth] Waiting for RPC...
[2026-06-01 10:46:19]   [geth] RPC ready after 3s
[2026-06-01 10:46:19]   [bench] Running execute remote...
[2026-06-01 10:46:27]   [bench] exit=0 passed=1 failed=0
0 missing_trie_node=0
0
[2026-06-01 10:46:27] 
[2026-06-01 10:46:27]   --- storage_sload_k100_run2 (ubt) write-offset=10200000000 K=100 ---
[2026-06-01 10:46:27]   [geth] Stopping (SIGTERM, waiting up to 120s for clean exit): 1089170
[2026-06-01 10:46:28]   [geth] exited cleanly after 1s
[2026-06-01 10:46:28]   [cache] OS page cache dropped
Fatal: Could not create the account: account already exists
[2026-06-01 10:46:28]   [geth] Starting (ubt, gd=5, cold=1, dev.period=1, 1tx/block)
[2026-06-01 10:46:28]   [geth] Waiting for RPC...
[2026-06-01 10:46:30]   [geth] RPC ready after 3s
[2026-06-01 10:46:30]   [bench] Running execute remote...
[2026-06-01 10:46:37]   [bench] exit=0 passed=1 failed=0
0 missing_trie_node=0
0
[2026-06-01 10:46:37] 
[2026-06-01 10:46:37]   --- storage_sload_k100_run3 (ubt) write-offset=10300000000 K=100 ---
[2026-06-01 10:46:37]   [geth] Stopping (SIGTERM, waiting up to 120s for clean exit): 1089245
[2026-06-01 10:46:38]   [geth] exited cleanly after 1s
[2026-06-01 10:46:38]   [cache] OS page cache dropped
Fatal: Could not create the account: account already exists
[2026-06-01 10:46:39]   [geth] Starting (ubt, gd=5, cold=1, dev.period=1, 1tx/block)
[2026-06-01 10:46:39]   [geth] Waiting for RPC...
[2026-06-01 10:46:41]   [geth] RPC ready after 3s
[2026-06-01 10:46:41]   [bench] Running execute remote...
[2026-06-01 10:46:48]   [bench] exit=0 passed=1 failed=0
0 missing_trie_node=0
0
[2026-06-01 10:46:48] 
[2026-06-01 10:46:48]   --- storage_sload_k100_run4 (ubt) write-offset=10400000000 K=100 ---
[2026-06-01 10:46:48]   [geth] Stopping (SIGTERM, waiting up to 120s for clean exit): 1089322
[2026-06-01 10:46:49]   [geth] exited cleanly after 1s
[2026-06-01 10:46:49]   [cache] OS page cache dropped
Fatal: Could not create the account: account already exists
[2026-06-01 10:46:49]   [geth] Starting (ubt, gd=5, cold=1, dev.period=1, 1tx/block)
[2026-06-01 10:46:49]   [geth] Waiting for RPC...
[2026-06-01 10:46:51]   [geth] RPC ready after 3s
[2026-06-01 10:46:51]   [bench] Running execute remote...
[2026-06-01 10:46:59]   [bench] exit=0 passed=1 failed=0
0 missing_trie_node=0
0
[2026-06-01 10:46:59] 
[2026-06-01 10:46:59]   --- storage_sload_k100_run5 (ubt) write-offset=10500000000 K=100 ---
[2026-06-01 10:46:59]   [geth] Stopping (SIGTERM, waiting up to 120s for clean exit): 1089396
[2026-06-01 10:47:00]   [geth] exited cleanly after 1s
[2026-06-01 10:47:00]   [cache] OS page cache dropped
Fatal: Could not create the account: account already exists
[2026-06-01 10:47:00]   [geth] Starting (ubt, gd=5, cold=1, dev.period=1, 1tx/block)
[2026-06-01 10:47:00]   [geth] Waiting for RPC...
[2026-06-01 10:47:02]   [geth] RPC ready after 3s
[2026-06-01 10:47:02]   [bench] Running execute remote...
[2026-06-01 10:47:10]   [bench] exit=0 passed=1 failed=0
0 missing_trie_node=0
0
[2026-06-01 10:47:10] 
[2026-06-01 10:47:10]   --- storage_sload_k100_run6 (ubt) write-offset=10600000000 K=100 ---
[2026-06-01 10:47:10]   [geth] Stopping (SIGTERM, waiting up to 120s for clean exit): 1089470
[2026-06-01 10:47:11]   [geth] exited cleanly after 1s
[2026-06-01 10:47:11]   [cache] OS page cache dropped
Fatal: Could not create the account: account already exists
[2026-06-01 10:47:11]   [geth] Starting (ubt, gd=5, cold=1, dev.period=1, 1tx/block)
[2026-06-01 10:47:11]   [geth] Waiting for RPC...
[2026-06-01 10:47:13]   [geth] RPC ready after 3s
[2026-06-01 10:47:13]   [bench] Running execute remote...
[2026-06-01 10:47:20]   [bench] exit=0 passed=1 failed=0
0 missing_trie_node=0
0
[2026-06-01 10:47:20] 
[2026-06-01 10:47:20]   --- storage_sload_k100_run7 (ubt) write-offset=10700000000 K=100 ---
[2026-06-01 10:47:20]   [geth] Stopping (SIGTERM, waiting up to 120s for clean exit): 1089548
[2026-06-01 10:47:22]   [geth] exited cleanly after 1s
[2026-06-01 10:47:22]   [cache] OS page cache dropped
Fatal: Could not create the account: account already exists
[2026-06-01 10:47:22]   [geth] Starting (ubt, gd=5, cold=1, dev.period=1, 1tx/block)
[2026-06-01 10:47:22]   [geth] Waiting for RPC...
[2026-06-01 10:47:24]   [geth] RPC ready after 3s
[2026-06-01 10:47:24]   [bench] Running execute remote...
[2026-06-01 10:47:31]   [bench] exit=0 passed=1 failed=0
0 missing_trie_node=0
0
[2026-06-01 10:47:31] 
[2026-06-01 10:47:31]   --- storage_sload_k100_run8 (ubt) write-offset=10800000000 K=100 ---
[2026-06-01 10:47:31]   [geth] Stopping (SIGTERM, waiting up to 120s for clean exit): 1089622
[2026-06-01 10:47:32]   [geth] exited cleanly after 1s
[2026-06-01 10:47:33]   [cache] OS page cache dropped
Fatal: Could not create the account: account already exists
[2026-06-01 10:47:33]   [geth] Starting (ubt, gd=5, cold=1, dev.period=1, 1tx/block)
[2026-06-01 10:47:33]   [geth] Waiting for RPC...
[2026-06-01 10:47:35]   [geth] RPC ready after 3s
[2026-06-01 10:47:35]   [bench] Running execute remote...
[2026-06-01 10:47:42]   [bench] exit=0 passed=1 failed=0
0 missing_trie_node=0
0
[2026-06-01 10:47:42] 
[2026-06-01 10:47:42]   --- storage_sload_k100_run9 (ubt) write-offset=10900000000 K=100 ---
[2026-06-01 10:47:42]   [geth] Stopping (SIGTERM, waiting up to 120s for clean exit): 1089698
[2026-06-01 10:47:43]   [geth] exited cleanly after 1s
[2026-06-01 10:47:43]   [cache] OS page cache dropped
Fatal: Could not create the account: account already exists
[2026-06-01 10:47:43]   [geth] Starting (ubt, gd=5, cold=1, dev.period=1, 1tx/block)
[2026-06-01 10:47:43]   [geth] Waiting for RPC...
[2026-06-01 10:47:45]   [geth] RPC ready after 3s
[2026-06-01 10:47:45]   [bench] Running execute remote...
[2026-06-01 10:47:53]   [bench] exit=0 passed=1 failed=0
0 missing_trie_node=0
0
[2026-06-01 10:47:53] 
[2026-06-01 10:47:53]   --- storage_sload_k100_run10 (ubt) write-offset=11000000000 K=100 ---
[2026-06-01 10:47:53]   [geth] Stopping (SIGTERM, waiting up to 120s for clean exit): 1089773
[2026-06-01 10:47:54]   [geth] exited cleanly after 1s
[2026-06-01 10:47:54]   [cache] OS page cache dropped
Fatal: Could not create the account: account already exists
[2026-06-01 10:47:54]   [geth] Starting (ubt, gd=5, cold=1, dev.period=1, 1tx/block)
[2026-06-01 10:47:54]   [geth] Waiting for RPC...
[2026-06-01 10:47:56]   [geth] RPC ready after 3s
[2026-06-01 10:47:56]   [bench] Running execute remote...
[2026-06-01 10:48:04]   [bench] exit=0 passed=1 failed=0
0 missing_trie_node=0
0
[2026-06-01 10:48:04] 
[2026-06-01 10:48:04]   --- storage_sload_k100_run11 (ubt) write-offset=11100000000 K=100 ---
[2026-06-01 10:48:04]   [geth] Stopping (SIGTERM, waiting up to 120s for clean exit): 1089848
[2026-06-01 10:48:05]   [geth] exited cleanly after 1s
[2026-06-01 10:48:05]   [cache] OS page cache dropped
Fatal: Could not create the account: account already exists
[2026-06-01 10:48:05]   [geth] Starting (ubt, gd=5, cold=1, dev.period=1, 1tx/block)
[2026-06-01 10:48:05]   [geth] Waiting for RPC...
[2026-06-01 10:48:07]   [geth] RPC ready after 3s
[2026-06-01 10:48:07]   [bench] Running execute remote...
[2026-06-01 10:48:15]   [bench] exit=0 passed=1 failed=0
0 missing_trie_node=0
0
[2026-06-01 10:48:15] 
[2026-06-01 10:48:15]   --- storage_sload_k100_run12 (ubt) write-offset=11200000000 K=100 ---
[2026-06-01 10:48:15]   [geth] Stopping (SIGTERM, waiting up to 120s for clean exit): 1089922
[2026-06-01 10:48:16]   [geth] exited cleanly after 1s
[2026-06-01 10:48:16]   [cache] OS page cache dropped
Fatal: Could not create the account: account already exists
[2026-06-01 10:48:16]   [geth] Starting (ubt, gd=5, cold=1, dev.period=1, 1tx/block)
[2026-06-01 10:48:16]   [geth] Waiting for RPC...
[2026-06-01 10:48:18]   [geth] RPC ready after 3s
[2026-06-01 10:48:18]   [bench] Running execute remote...
[2026-06-01 10:48:25]   [bench] exit=0 passed=1 failed=0
0 missing_trie_node=0
0
[2026-06-01 10:48:25] 
[2026-06-01 10:48:25]   --- storage_sload_k100_run13 (ubt) write-offset=11300000000 K=100 ---
[2026-06-01 10:48:25]   [geth] Stopping (SIGTERM, waiting up to 120s for clean exit): 1089998
[2026-06-01 10:48:26]   [geth] exited cleanly after 1s
[2026-06-01 10:48:26]   [cache] OS page cache dropped
Fatal: Could not create the account: account already exists
[2026-06-01 10:48:27]   [geth] Starting (ubt, gd=5, cold=1, dev.period=1, 1tx/block)
[2026-06-01 10:48:27]   [geth] Waiting for RPC...
[2026-06-01 10:48:29]   [geth] RPC ready after 3s
[2026-06-01 10:48:29]   [bench] Running execute remote...
[2026-06-01 10:48:36]   [bench] exit=0 passed=1 failed=0
0 missing_trie_node=0
0
[2026-06-01 10:48:36] 
[2026-06-01 10:48:36]   --- storage_sload_k100_run14 (ubt) write-offset=11400000000 K=100 ---
[2026-06-01 10:48:36]   [geth] Stopping (SIGTERM, waiting up to 120s for clean exit): 1090079
[2026-06-01 10:48:37]   [geth] exited cleanly after 1s
[2026-06-01 10:48:37]   [cache] OS page cache dropped
Fatal: Could not create the account: account already exists
[2026-06-01 10:48:37]   [geth] Starting (ubt, gd=5, cold=1, dev.period=1, 1tx/block)
[2026-06-01 10:48:37]   [geth] Waiting for RPC...
[2026-06-01 10:48:39]   [geth] RPC ready after 3s
[2026-06-01 10:48:39]   [bench] Running execute remote...
[2026-06-01 10:48:46]   [bench] exit=0 passed=1 failed=0
0 missing_trie_node=0
0
[2026-06-01 10:48:46] 
[2026-06-01 10:48:46]   --- storage_sload_k100_run15 (ubt) write-offset=11500000000 K=100 ---
[2026-06-01 10:48:46]   [geth] Stopping (SIGTERM, waiting up to 120s for clean exit): 1090205
[2026-06-01 10:48:47]   [geth] exited cleanly after 1s
[2026-06-01 10:48:47]   [cache] OS page cache dropped
Fatal: Could not create the account: account already exists
[2026-06-01 10:48:47]   [geth] Starting (ubt, gd=5, cold=1, dev.period=1, 1tx/block)
[2026-06-01 10:48:47]   [geth] Waiting for RPC...
[2026-06-01 10:48:49]   [geth] RPC ready after 3s
[2026-06-01 10:48:49]   [bench] Running execute remote...
[2026-06-01 10:48:56]   [bench] exit=0 passed=1 failed=0
0 missing_trie_node=0
0
[2026-06-01 10:48:56] 
[2026-06-01 10:48:56]   --- storage_sload_k100_run16 (ubt) write-offset=11600000000 K=100 ---
[2026-06-01 10:48:56]   [geth] Stopping (SIGTERM, waiting up to 120s for clean exit): 1090280
[2026-06-01 10:48:57]   [geth] exited cleanly after 1s
[2026-06-01 10:48:57]   [cache] OS page cache dropped
Fatal: Could not create the account: account already exists
[2026-06-01 10:48:57]   [geth] Starting (ubt, gd=5, cold=1, dev.period=1, 1tx/block)
[2026-06-01 10:48:57]   [geth] Waiting for RPC...
[2026-06-01 10:49:00]   [geth] RPC ready after 3s
[2026-06-01 10:49:00]   [bench] Running execute remote...
[2026-06-01 10:49:07]   [bench] exit=0 passed=1 failed=0
0 missing_trie_node=0
0
[2026-06-01 10:49:07] 
[2026-06-01 10:49:07]   --- storage_sload_k100_run17 (ubt) write-offset=11700000000 K=100 ---
[2026-06-01 10:49:07]   [geth] Stopping (SIGTERM, waiting up to 120s for clean exit): 1090351
[2026-06-01 10:49:08]   [geth] exited cleanly after 1s
[2026-06-01 10:49:08]   [cache] OS page cache dropped
Fatal: Could not create the account: account already exists
[2026-06-01 10:49:08]   [geth] Starting (ubt, gd=5, cold=1, dev.period=1, 1tx/block)
[2026-06-01 10:49:08]   [geth] Waiting for RPC...
[2026-06-01 10:49:10]   [geth] RPC ready after 3s
[2026-06-01 10:49:10]   [bench] Running execute remote...
[2026-06-01 10:49:18]   [bench] exit=0 passed=1 failed=0
0 missing_trie_node=0
0
[2026-06-01 10:49:18] 
[2026-06-01 10:49:18]   --- storage_sload_k100_run18 (ubt) write-offset=11800000000 K=100 ---
[2026-06-01 10:49:18]   [geth] Stopping (SIGTERM, waiting up to 120s for clean exit): 1090426
[2026-06-01 10:49:19]   [geth] exited cleanly after 1s
[2026-06-01 10:49:19]   [cache] OS page cache dropped
Fatal: Could not create the account: account already exists
[2026-06-01 10:49:19]   [geth] Starting (ubt, gd=5, cold=1, dev.period=1, 1tx/block)
[2026-06-01 10:49:19]   [geth] Waiting for RPC...
[2026-06-01 10:49:21]   [geth] RPC ready after 3s
[2026-06-01 10:49:21]   [bench] Running execute remote...
[2026-06-01 10:49:29]   [bench] exit=0 passed=1 failed=0
0 missing_trie_node=0
0
[2026-06-01 10:49:29] 
[2026-06-01 10:49:29]   --- storage_sload_k100_run19 (ubt) write-offset=11900000000 K=100 ---
[2026-06-01 10:49:29]   [geth] Stopping (SIGTERM, waiting up to 120s for clean exit): 1090499
[2026-06-01 10:49:30]   [geth] exited cleanly after 1s
[2026-06-01 10:49:30]   [cache] OS page cache dropped
Fatal: Could not create the account: account already exists
[2026-06-01 10:49:30]   [geth] Starting (ubt, gd=5, cold=1, dev.period=1, 1tx/block)
[2026-06-01 10:49:30]   [geth] Waiting for RPC...
[2026-06-01 10:49:32]   [geth] RPC ready after 3s
[2026-06-01 10:49:32]   [bench] Running execute remote...
[2026-06-01 10:49:40]   [bench] exit=0 passed=1 failed=0
0 missing_trie_node=0
0
[2026-06-01 10:49:40] 
[2026-06-01 10:49:40]   --- storage_sload_k100_run20 (ubt) write-offset=12000000000 K=100 ---
[2026-06-01 10:49:40]   [geth] Stopping (SIGTERM, waiting up to 120s for clean exit): 1090575
[2026-06-01 10:49:41]   [geth] exited cleanly after 1s
[2026-06-01 10:49:41]   [cache] OS page cache dropped
Fatal: Could not create the account: account already exists
[2026-06-01 10:49:41]   [geth] Starting (ubt, gd=5, cold=1, dev.period=1, 1tx/block)
[2026-06-01 10:49:41]   [geth] Waiting for RPC...
[2026-06-01 10:49:43]   [geth] RPC ready after 3s
[2026-06-01 10:49:43]   [bench] Running execute remote...
[2026-06-01 10:49:50]   [bench] exit=0 passed=1 failed=0
0 missing_trie_node=0
0
[2026-06-01 10:49:50] 
[2026-06-01 10:49:50]   ── BENCHMARK: storage_sload_k256 (pool=256 contracts; effective K=256)
[2026-06-01 10:49:50] 
[2026-06-01 10:49:50]   --- storage_sload_k256_run1 (ubt) write-offset=10100000000 K=256 ---
[2026-06-01 10:49:50]   [geth] Stopping (SIGTERM, waiting up to 120s for clean exit): 1090651
[2026-06-01 10:49:51]   [geth] exited cleanly after 1s
[2026-06-01 10:49:52]   [cache] OS page cache dropped
Fatal: Could not create the account: account already exists
[2026-06-01 10:49:52]   [geth] Starting (ubt, gd=5, cold=1, dev.period=1, 1tx/block)
[2026-06-01 10:49:52]   [geth] Waiting for RPC...
[2026-06-01 10:49:54]   [geth] RPC ready after 3s
[2026-06-01 10:49:54]   [bench] Running execute remote...
[2026-06-01 10:50:01]   [bench] exit=0 passed=1 failed=0
0 missing_trie_node=0
0
[2026-06-01 10:50:01] 
[2026-06-01 10:50:01]   --- storage_sload_k256_run2 (ubt) write-offset=10200000000 K=256 ---
[2026-06-01 10:50:01]   [geth] Stopping (SIGTERM, waiting up to 120s for clean exit): 1090748
[2026-06-01 10:50:02]   [geth] exited cleanly after 1s
[2026-06-01 10:50:02]   [cache] OS page cache dropped
Fatal: Could not create the account: account already exists
[2026-06-01 10:50:02]   [geth] Starting (ubt, gd=5, cold=1, dev.period=1, 1tx/block)
[2026-06-01 10:50:02]   [geth] Waiting for RPC...
[2026-06-01 10:50:04]   [geth] RPC ready after 3s
[2026-06-01 10:50:05]   [bench] Running execute remote...
[2026-06-01 10:50:12]   [bench] exit=0 passed=1 failed=0
0 missing_trie_node=0
0
[2026-06-01 10:50:12] 
[2026-06-01 10:50:12]   --- storage_sload_k256_run3 (ubt) write-offset=10300000000 K=256 ---
[2026-06-01 10:50:12]   [geth] Stopping (SIGTERM, waiting up to 120s for clean exit): 1090823
[2026-06-01 10:50:13]   [geth] exited cleanly after 1s
[2026-06-01 10:50:13]   [cache] OS page cache dropped
Fatal: Could not create the account: account already exists
[2026-06-01 10:50:13]   [geth] Starting (ubt, gd=5, cold=1, dev.period=1, 1tx/block)
[2026-06-01 10:50:13]   [geth] Waiting for RPC...
[2026-06-01 10:50:15]   [geth] RPC ready after 3s
[2026-06-01 10:50:15]   [bench] Running execute remote...
[2026-06-01 10:50:23]   [bench] exit=0 passed=1 failed=0
0 missing_trie_node=0
0
[2026-06-01 10:50:23] 
[2026-06-01 10:50:23]   --- storage_sload_k256_run4 (ubt) write-offset=10400000000 K=256 ---
[2026-06-01 10:50:23]   [geth] Stopping (SIGTERM, waiting up to 120s for clean exit): 1090899
[2026-06-01 10:50:24]   [geth] exited cleanly after 1s
[2026-06-01 10:50:24]   [cache] OS page cache dropped
Fatal: Could not create the account: account already exists
[2026-06-01 10:50:24]   [geth] Starting (ubt, gd=5, cold=1, dev.period=1, 1tx/block)
[2026-06-01 10:50:24]   [geth] Waiting for RPC...
[2026-06-01 10:50:26]   [geth] RPC ready after 3s
[2026-06-01 10:50:26]   [bench] Running execute remote...
[2026-06-01 10:50:33]   [bench] exit=0 passed=1 failed=0
0 missing_trie_node=0
0
[2026-06-01 10:50:33] 
[2026-06-01 10:50:33]   --- storage_sload_k256_run5 (ubt) write-offset=10500000000 K=256 ---
[2026-06-01 10:50:33]   [geth] Stopping (SIGTERM, waiting up to 120s for clean exit): 1090972
[2026-06-01 10:50:34]   [geth] exited cleanly after 1s
[2026-06-01 10:50:35]   [cache] OS page cache dropped
Fatal: Could not create the account: account already exists
[2026-06-01 10:50:35]   [geth] Starting (ubt, gd=5, cold=1, dev.period=1, 1tx/block)
[2026-06-01 10:50:35]   [geth] Waiting for RPC...
[2026-06-01 10:50:37]   [geth] RPC ready after 3s
[2026-06-01 10:50:37]   [bench] Running execute remote...
[2026-06-01 10:50:44]   [bench] exit=0 passed=1 failed=0
0 missing_trie_node=0
0
[2026-06-01 10:50:44] 
[2026-06-01 10:50:44]   --- storage_sload_k256_run6 (ubt) write-offset=10600000000 K=256 ---
[2026-06-01 10:50:44]   [geth] Stopping (SIGTERM, waiting up to 120s for clean exit): 1091050
[2026-06-01 10:50:45]   [geth] exited cleanly after 1s
[2026-06-01 10:50:45]   [cache] OS page cache dropped
Fatal: Could not create the account: account already exists
[2026-06-01 10:50:45]   [geth] Starting (ubt, gd=5, cold=1, dev.period=1, 1tx/block)
[2026-06-01 10:50:45]   [geth] Waiting for RPC...
[2026-06-01 10:50:47]   [geth] RPC ready after 3s
[2026-06-01 10:50:47]   [bench] Running execute remote...
[2026-06-01 10:50:55]   [bench] exit=0 passed=1 failed=0
0 missing_trie_node=0
0
[2026-06-01 10:50:55] 
[2026-06-01 10:50:55]   --- storage_sload_k256_run7 (ubt) write-offset=10700000000 K=256 ---
[2026-06-01 10:50:55]   [geth] Stopping (SIGTERM, waiting up to 120s for clean exit): 1091125
[2026-06-01 10:50:56]   [geth] exited cleanly after 1s
[2026-06-01 10:50:56]   [cache] OS page cache dropped
Fatal: Could not create the account: account already exists
[2026-06-01 10:50:56]   [geth] Starting (ubt, gd=5, cold=1, dev.period=1, 1tx/block)
[2026-06-01 10:50:56]   [geth] Waiting for RPC...
[2026-06-01 10:50:58]   [geth] RPC ready after 3s
[2026-06-01 10:50:58]   [bench] Running execute remote...
[2026-06-01 10:51:05]   [bench] exit=0 passed=1 failed=0
0 missing_trie_node=0
0
[2026-06-01 10:51:05] 
[2026-06-01 10:51:05]   --- storage_sload_k256_run8 (ubt) write-offset=10800000000 K=256 ---
[2026-06-01 10:51:05]   [geth] Stopping (SIGTERM, waiting up to 120s for clean exit): 1091200
[2026-06-01 10:51:06]   [geth] exited cleanly after 1s
[2026-06-01 10:51:07]   [cache] OS page cache dropped
Fatal: Could not create the account: account already exists
[2026-06-01 10:51:07]   [geth] Starting (ubt, gd=5, cold=1, dev.period=1, 1tx/block)
[2026-06-01 10:51:07]   [geth] Waiting for RPC...
[2026-06-01 10:51:09]   [geth] RPC ready after 3s
[2026-06-01 10:51:09]   [bench] Running execute remote...
[2026-06-01 10:51:16]   [bench] exit=0 passed=1 failed=0
0 missing_trie_node=0
0
[2026-06-01 10:51:16] 
[2026-06-01 10:51:16]   --- storage_sload_k256_run9 (ubt) write-offset=10900000000 K=256 ---
[2026-06-01 10:51:16]   [geth] Stopping (SIGTERM, waiting up to 120s for clean exit): 1091276
[2026-06-01 10:51:17]   [geth] exited cleanly after 1s
[2026-06-01 10:51:17]   [cache] OS page cache dropped
Fatal: Could not create the account: account already exists
[2026-06-01 10:51:17]   [geth] Starting (ubt, gd=5, cold=1, dev.period=1, 1tx/block)
[2026-06-01 10:51:17]   [geth] Waiting for RPC...
[2026-06-01 10:51:20]   [geth] RPC ready after 3s
[2026-06-01 10:51:20]   [bench] Running execute remote...
[2026-06-01 10:51:27]   [bench] exit=0 passed=1 failed=0
0 missing_trie_node=0
0
[2026-06-01 10:51:27] 
[2026-06-01 10:51:27]   --- storage_sload_k256_run10 (ubt) write-offset=11000000000 K=256 ---
[2026-06-01 10:51:27]   [geth] Stopping (SIGTERM, waiting up to 120s for clean exit): 1091351
[2026-06-01 10:51:28]   [geth] exited cleanly after 1s
[2026-06-01 10:51:28]   [cache] OS page cache dropped
Fatal: Could not create the account: account already exists
[2026-06-01 10:51:28]   [geth] Starting (ubt, gd=5, cold=1, dev.period=1, 1tx/block)
[2026-06-01 10:51:28]   [geth] Waiting for RPC...
[2026-06-01 10:51:30]   [geth] RPC ready after 3s
[2026-06-01 10:51:30]   [bench] Running execute remote...
[2026-06-01 10:51:38]   [bench] exit=0 passed=1 failed=0
0 missing_trie_node=0
0
[2026-06-01 10:51:38] 
[2026-06-01 10:51:38]   --- storage_sload_k256_run11 (ubt) write-offset=11100000000 K=256 ---
[2026-06-01 10:51:38]   [geth] Stopping (SIGTERM, waiting up to 120s for clean exit): 1091426
[2026-06-01 10:51:39]   [geth] exited cleanly after 1s
[2026-06-01 10:51:39]   [cache] OS page cache dropped
Fatal: Could not create the account: account already exists
[2026-06-01 10:51:39]   [geth] Starting (ubt, gd=5, cold=1, dev.period=1, 1tx/block)
[2026-06-01 10:51:39]   [geth] Waiting for RPC...
[2026-06-01 10:51:41]   [geth] RPC ready after 3s
[2026-06-01 10:51:41]   [bench] Running execute remote...
[2026-06-01 10:51:48]   [bench] exit=0 passed=1 failed=0
0 missing_trie_node=0
0
[2026-06-01 10:51:48] 
[2026-06-01 10:51:48]   --- storage_sload_k256_run12 (ubt) write-offset=11200000000 K=256 ---
[2026-06-01 10:51:48]   [geth] Stopping (SIGTERM, waiting up to 120s for clean exit): 1091505
[2026-06-01 10:51:49]   [geth] exited cleanly after 1s
[2026-06-01 10:51:50]   [cache] OS page cache dropped
Fatal: Could not create the account: account already exists
[2026-06-01 10:51:50]   [geth] Starting (ubt, gd=5, cold=1, dev.period=1, 1tx/block)
[2026-06-01 10:51:50]   [geth] Waiting for RPC...
[2026-06-01 10:51:52]   [geth] RPC ready after 3s
[2026-06-01 10:51:52]   [bench] Running execute remote...
[2026-06-01 10:51:59]   [bench] exit=0 passed=1 failed=0
0 missing_trie_node=0
0
[2026-06-01 10:51:59] 
[2026-06-01 10:51:59]   --- storage_sload_k256_run13 (ubt) write-offset=11300000000 K=256 ---
[2026-06-01 10:51:59]   [geth] Stopping (SIGTERM, waiting up to 120s for clean exit): 1091580
[2026-06-01 10:52:00]   [geth] exited cleanly after 1s
[2026-06-01 10:52:00]   [cache] OS page cache dropped
Fatal: Could not create the account: account already exists
[2026-06-01 10:52:00]   [geth] Starting (ubt, gd=5, cold=1, dev.period=1, 1tx/block)
[2026-06-01 10:52:00]   [geth] Waiting for RPC...
[2026-06-01 10:52:02]   [geth] RPC ready after 3s
[2026-06-01 10:52:02]   [bench] Running execute remote...
[2026-06-01 10:52:10]   [bench] exit=0 passed=1 failed=0
0 missing_trie_node=0
0
[2026-06-01 10:52:10] 
[2026-06-01 10:52:10]   --- storage_sload_k256_run14 (ubt) write-offset=11400000000 K=256 ---
[2026-06-01 10:52:10]   [geth] Stopping (SIGTERM, waiting up to 120s for clean exit): 1091654
[2026-06-01 10:52:11]   [geth] exited cleanly after 1s
[2026-06-01 10:52:11]   [cache] OS page cache dropped
Fatal: Could not create the account: account already exists
[2026-06-01 10:52:11]   [geth] Starting (ubt, gd=5, cold=1, dev.period=1, 1tx/block)
[2026-06-01 10:52:11]   [geth] Waiting for RPC...
[2026-06-01 10:52:13]   [geth] RPC ready after 3s
[2026-06-01 10:52:13]   [bench] Running execute remote...
[2026-06-01 10:52:20]   [bench] exit=0 passed=1 failed=0
0 missing_trie_node=0
0
[2026-06-01 10:52:20] 
[2026-06-01 10:52:20]   --- storage_sload_k256_run15 (ubt) write-offset=11500000000 K=256 ---
[2026-06-01 10:52:20]   [geth] Stopping (SIGTERM, waiting up to 120s for clean exit): 1091737
[2026-06-01 10:52:21]   [geth] exited cleanly after 1s
[2026-06-01 10:52:22]   [cache] OS page cache dropped
Fatal: Could not create the account: account already exists
[2026-06-01 10:52:22]   [geth] Starting (ubt, gd=5, cold=1, dev.period=1, 1tx/block)
[2026-06-01 10:52:22]   [geth] Waiting for RPC...
[2026-06-01 10:52:24]   [geth] RPC ready after 3s
[2026-06-01 10:52:24]   [bench] Running execute remote...
[2026-06-01 10:52:31]   [bench] exit=0 passed=1 failed=0
0 missing_trie_node=0
0
[2026-06-01 10:52:31] 
[2026-06-01 10:52:31]   --- storage_sload_k256_run16 (ubt) write-offset=11600000000 K=256 ---
[2026-06-01 10:52:31]   [geth] Stopping (SIGTERM, waiting up to 120s for clean exit): 1091814
[2026-06-01 10:52:32]   [geth] exited cleanly after 1s
[2026-06-01 10:52:32]   [cache] OS page cache dropped
Fatal: Could not create the account: account already exists
[2026-06-01 10:52:32]   [geth] Starting (ubt, gd=5, cold=1, dev.period=1, 1tx/block)
[2026-06-01 10:52:32]   [geth] Waiting for RPC...
[2026-06-01 10:52:34]   [geth] RPC ready after 3s
[2026-06-01 10:52:34]   [bench] Running execute remote...
[2026-06-01 10:52:42]   [bench] exit=0 passed=1 failed=0
0 missing_trie_node=0
0
[2026-06-01 10:52:42] 
[2026-06-01 10:52:42]   --- storage_sload_k256_run17 (ubt) write-offset=11700000000 K=256 ---
[2026-06-01 10:52:42]   [geth] Stopping (SIGTERM, waiting up to 120s for clean exit): 1091890
[2026-06-01 10:52:43]   [geth] exited cleanly after 1s
[2026-06-01 10:52:43]   [cache] OS page cache dropped
Fatal: Could not create the account: account already exists
[2026-06-01 10:52:43]   [geth] Starting (ubt, gd=5, cold=1, dev.period=1, 1tx/block)
[2026-06-01 10:52:43]   [geth] Waiting for RPC...
[2026-06-01 10:52:45]   [geth] RPC ready after 3s
[2026-06-01 10:52:45]   [bench] Running execute remote...
[2026-06-01 10:52:53]   [bench] exit=0 passed=1 failed=0
0 missing_trie_node=0
0
[2026-06-01 10:52:53] 
[2026-06-01 10:52:53]   --- storage_sload_k256_run18 (ubt) write-offset=11800000000 K=256 ---
[2026-06-01 10:52:53]   [geth] Stopping (SIGTERM, waiting up to 120s for clean exit): 1091966
[2026-06-01 10:52:54]   [geth] exited cleanly after 1s
[2026-06-01 10:52:54]   [cache] OS page cache dropped
Fatal: Could not create the account: account already exists
[2026-06-01 10:52:54]   [geth] Starting (ubt, gd=5, cold=1, dev.period=1, 1tx/block)
[2026-06-01 10:52:54]   [geth] Waiting for RPC...
[2026-06-01 10:52:56]   [geth] RPC ready after 3s
[2026-06-01 10:52:56]   [bench] Running execute remote...
[2026-06-01 10:53:03]   [bench] exit=0 passed=1 failed=0
0 missing_trie_node=0
0
[2026-06-01 10:53:03] 
[2026-06-01 10:53:03]   --- storage_sload_k256_run19 (ubt) write-offset=11900000000 K=256 ---
[2026-06-01 10:53:03]   [geth] Stopping (SIGTERM, waiting up to 120s for clean exit): 1092041
[2026-06-01 10:53:04]   [geth] exited cleanly after 1s
[2026-06-01 10:53:05]   [cache] OS page cache dropped
Fatal: Could not create the account: account already exists
[2026-06-01 10:53:05]   [geth] Starting (ubt, gd=5, cold=1, dev.period=1, 1tx/block)
[2026-06-01 10:53:05]   [geth] Waiting for RPC...
[2026-06-01 10:53:07]   [geth] RPC ready after 3s
[2026-06-01 10:53:07]   [bench] Running execute remote...
[2026-06-01 10:53:14]   [bench] exit=0 passed=1 failed=0
0 missing_trie_node=0
0
[2026-06-01 10:53:14] 
[2026-06-01 10:53:14]   --- storage_sload_k256_run20 (ubt) write-offset=12000000000 K=256 ---
[2026-06-01 10:53:14]   [geth] Stopping (SIGTERM, waiting up to 120s for clean exit): 1092114
[2026-06-01 10:53:15]   [geth] exited cleanly after 1s
[2026-06-01 10:53:15]   [cache] OS page cache dropped
Fatal: Could not create the account: account already exists
[2026-06-01 10:53:15]   [geth] Starting (ubt, gd=5, cold=1, dev.period=1, 1tx/block)
[2026-06-01 10:53:15]   [geth] Waiting for RPC...
[2026-06-01 10:53:17]   [geth] RPC ready after 3s
[2026-06-01 10:53:17]   [bench] Running execute remote...
[2026-06-01 10:53:25]   [bench] exit=0 passed=1 failed=0
0 missing_trie_node=0
0
[2026-06-01 10:53:25] 
[2026-06-01 10:53:25]   ── BENCHMARK: storage_sstore_k1 (pool=256 contracts; effective K=1)
[2026-06-01 10:53:25] 
[2026-06-01 10:53:25]   --- storage_sstore_k1_run1 (ubt) write-offset=10100000000 K=1 ---
[2026-06-01 10:53:25]   [geth] Stopping (SIGTERM, waiting up to 120s for clean exit): 1092189
[2026-06-01 10:53:26]   [geth] exited cleanly after 1s
[2026-06-01 10:53:26]   [cache] OS page cache dropped
Fatal: Could not create the account: account already exists
[2026-06-01 10:53:26]   [geth] Starting (ubt, gd=5, cold=1, dev.period=1, 1tx/block)
[2026-06-01 10:53:26]   [geth] Waiting for RPC...
[2026-06-01 10:53:28]   [geth] RPC ready after 3s
[2026-06-01 10:53:28]   [bench] Running execute remote...
[2026-06-01 10:53:36]   [bench] exit=0 passed=1 failed=0
0 missing_trie_node=0
0
[2026-06-01 10:53:36] 
[2026-06-01 10:53:36]   --- storage_sstore_k1_run2 (ubt) write-offset=10200000000 K=1 ---
[2026-06-01 10:53:36]   [geth] Stopping (SIGTERM, waiting up to 120s for clean exit): 1092291
[2026-06-01 10:53:37]   [geth] exited cleanly after 1s
[2026-06-01 10:53:37]   [cache] OS page cache dropped
Fatal: Could not create the account: account already exists
[2026-06-01 10:53:37]   [geth] Starting (ubt, gd=5, cold=1, dev.period=1, 1tx/block)
[2026-06-01 10:53:37]   [geth] Waiting for RPC...
[2026-06-01 10:53:39]   [geth] RPC ready after 3s
[2026-06-01 10:53:39]   [bench] Running execute remote...
[2026-06-01 10:53:46]   [bench] exit=0 passed=1 failed=0
0 missing_trie_node=0
0
[2026-06-01 10:53:46] 
[2026-06-01 10:53:46]   --- storage_sstore_k1_run3 (ubt) write-offset=10300000000 K=1 ---
[2026-06-01 10:53:46]   [geth] Stopping (SIGTERM, waiting up to 120s for clean exit): 1092369
[2026-06-01 10:53:47]   [geth] exited cleanly after 1s
[2026-06-01 10:53:48]   [cache] OS page cache dropped
Fatal: Could not create the account: account already exists
[2026-06-01 10:53:48]   [geth] Starting (ubt, gd=5, cold=1, dev.period=1, 1tx/block)
[2026-06-01 10:53:48]   [geth] Waiting for RPC...
[2026-06-01 10:53:50]   [geth] RPC ready after 3s
[2026-06-01 10:53:50]   [bench] Running execute remote...
[2026-06-01 10:53:56]   [bench] exit=0 passed=1 failed=0
0 missing_trie_node=0
0
[2026-06-01 10:53:56] 
[2026-06-01 10:53:56]   --- storage_sstore_k1_run4 (ubt) write-offset=10400000000 K=1 ---
[2026-06-01 10:53:56]   [geth] Stopping (SIGTERM, waiting up to 120s for clean exit): 1092443
[2026-06-01 10:53:57]   [geth] exited cleanly after 1s
[2026-06-01 10:53:57]   [cache] OS page cache dropped
Fatal: Could not create the account: account already exists
[2026-06-01 10:53:57]   [geth] Starting (ubt, gd=5, cold=1, dev.period=1, 1tx/block)
[2026-06-01 10:53:57]   [geth] Waiting for RPC...
[2026-06-01 10:53:59]   [geth] RPC ready after 3s
[2026-06-01 10:53:59]   [bench] Running execute remote...
[2026-06-01 10:54:06]   [bench] exit=0 passed=1 failed=0
0 missing_trie_node=0
0
[2026-06-01 10:54:06] 
[2026-06-01 10:54:06]   --- storage_sstore_k1_run5 (ubt) write-offset=10500000000 K=1 ---
[2026-06-01 10:54:06]   [geth] Stopping (SIGTERM, waiting up to 120s for clean exit): 1092524
[2026-06-01 10:54:07]   [geth] exited cleanly after 1s
[2026-06-01 10:54:07]   [cache] OS page cache dropped
Fatal: Could not create the account: account already exists
[2026-06-01 10:54:07]   [geth] Starting (ubt, gd=5, cold=1, dev.period=1, 1tx/block)
[2026-06-01 10:54:07]   [geth] Waiting for RPC...
[2026-06-01 10:54:09]   [geth] RPC ready after 3s
[2026-06-01 10:54:09]   [bench] Running execute remote...
[2026-06-01 10:54:16]   [bench] exit=0 passed=1 failed=0
0 missing_trie_node=0
0
[2026-06-01 10:54:16] 
[2026-06-01 10:54:16]   --- storage_sstore_k1_run6 (ubt) write-offset=10600000000 K=1 ---
[2026-06-01 10:54:16]   [geth] Stopping (SIGTERM, waiting up to 120s for clean exit): 1092607
[2026-06-01 10:54:17]   [geth] exited cleanly after 1s
[2026-06-01 10:54:17]   [cache] OS page cache dropped
Fatal: Could not create the account: account already exists
[2026-06-01 10:54:17]   [geth] Starting (ubt, gd=5, cold=1, dev.period=1, 1tx/block)
[2026-06-01 10:54:17]   [geth] Waiting for RPC...
[2026-06-01 10:54:19]   [geth] RPC ready after 3s
[2026-06-01 10:54:19]   [bench] Running execute remote...
[2026-06-01 10:54:25]   [bench] exit=0 passed=1 failed=0
0 missing_trie_node=0
0
[2026-06-01 10:54:25] 
[2026-06-01 10:54:25]   --- storage_sstore_k1_run7 (ubt) write-offset=10700000000 K=1 ---
[2026-06-01 10:54:25]   [geth] Stopping (SIGTERM, waiting up to 120s for clean exit): 1092682
[2026-06-01 10:54:26]   [geth] exited cleanly after 1s
[2026-06-01 10:54:27]   [cache] OS page cache dropped
Fatal: Could not create the account: account already exists
[2026-06-01 10:54:27]   [geth] Starting (ubt, gd=5, cold=1, dev.period=1, 1tx/block)
[2026-06-01 10:54:27]   [geth] Waiting for RPC...
[2026-06-01 10:54:29]   [geth] RPC ready after 3s
[2026-06-01 10:54:29]   [bench] Running execute remote...
[2026-06-01 10:54:35]   [bench] exit=0 passed=1 failed=0
0 missing_trie_node=0
0
[2026-06-01 10:54:35] 
[2026-06-01 10:54:35]   --- storage_sstore_k1_run8 (ubt) write-offset=10800000000 K=1 ---
[2026-06-01 10:54:35]   [geth] Stopping (SIGTERM, waiting up to 120s for clean exit): 1092759
[2026-06-01 10:54:36]   [geth] exited cleanly after 1s
[2026-06-01 10:54:36]   [cache] OS page cache dropped
Fatal: Could not create the account: account already exists
[2026-06-01 10:54:36]   [geth] Starting (ubt, gd=5, cold=1, dev.period=1, 1tx/block)
[2026-06-01 10:54:36]   [geth] Waiting for RPC...
[2026-06-01 10:54:39]   [geth] RPC ready after 3s
[2026-06-01 10:54:39]   [bench] Running execute remote...
[2026-06-01 10:54:47]   [bench] exit=0 passed=1 failed=0
0 missing_trie_node=0
0
[2026-06-01 10:54:47] 
[2026-06-01 10:54:47]   --- storage_sstore_k1_run9 (ubt) write-offset=10900000000 K=1 ---
[2026-06-01 10:54:47]   [geth] Stopping (SIGTERM, waiting up to 120s for clean exit): 1092835
[2026-06-01 10:54:48]   [geth] exited cleanly after 1s
[2026-06-01 10:54:48]   [cache] OS page cache dropped
Fatal: Could not create the account: account already exists
[2026-06-01 10:54:48]   [geth] Starting (ubt, gd=5, cold=1, dev.period=1, 1tx/block)
[2026-06-01 10:54:48]   [geth] Waiting for RPC...
[2026-06-01 10:54:50]   [geth] RPC ready after 3s
[2026-06-01 10:54:50]   [bench] Running execute remote...
[2026-06-01 10:54:58]   [bench] exit=0 passed=1 failed=0
0 missing_trie_node=0
0
[2026-06-01 10:54:58] 
[2026-06-01 10:54:58]   --- storage_sstore_k1_run10 (ubt) write-offset=11000000000 K=1 ---
[2026-06-01 10:54:58]   [geth] Stopping (SIGTERM, waiting up to 120s for clean exit): 1092911
[2026-06-01 10:54:59]   [geth] exited cleanly after 1s
[2026-06-01 10:54:59]   [cache] OS page cache dropped
Fatal: Could not create the account: account already exists
[2026-06-01 10:54:59]   [geth] Starting (ubt, gd=5, cold=1, dev.period=1, 1tx/block)
[2026-06-01 10:54:59]   [geth] Waiting for RPC...
[2026-06-01 10:55:01]   [geth] RPC ready after 3s
[2026-06-01 10:55:01]   [bench] Running execute remote...
[2026-06-01 10:55:08]   [bench] exit=0 passed=1 failed=0
0 missing_trie_node=0
0
[2026-06-01 10:55:08] 
[2026-06-01 10:55:08]   --- storage_sstore_k1_run11 (ubt) write-offset=11100000000 K=1 ---
[2026-06-01 10:55:08]   [geth] Stopping (SIGTERM, waiting up to 120s for clean exit): 1092987
[2026-06-01 10:55:09]   [geth] exited cleanly after 1s
[2026-06-01 10:55:10]   [cache] OS page cache dropped
Fatal: Could not create the account: account already exists
[2026-06-01 10:55:10]   [geth] Starting (ubt, gd=5, cold=1, dev.period=1, 1tx/block)
[2026-06-01 10:55:10]   [geth] Waiting for RPC...
[2026-06-01 10:55:12]   [geth] RPC ready after 3s
[2026-06-01 10:55:12]   [bench] Running execute remote...
[2026-06-01 10:55:19]   [bench] exit=0 passed=1 failed=0
0 missing_trie_node=0
0
[2026-06-01 10:55:19] 
[2026-06-01 10:55:19]   --- storage_sstore_k1_run12 (ubt) write-offset=11200000000 K=1 ---
[2026-06-01 10:55:19]   [geth] Stopping (SIGTERM, waiting up to 120s for clean exit): 1093062
[2026-06-01 10:55:20]   [geth] exited cleanly after 1s
[2026-06-01 10:55:20]   [cache] OS page cache dropped
Fatal: Could not create the account: account already exists
[2026-06-01 10:55:20]   [geth] Starting (ubt, gd=5, cold=1, dev.period=1, 1tx/block)
[2026-06-01 10:55:20]   [geth] Waiting for RPC...
[2026-06-01 10:55:22]   [geth] RPC ready after 3s
[2026-06-01 10:55:22]   [bench] Running execute remote...
[2026-06-01 10:55:31]   [bench] exit=0 passed=1 failed=0
0 missing_trie_node=0
0
[2026-06-01 10:55:31] 
[2026-06-01 10:55:31]   --- storage_sstore_k1_run13 (ubt) write-offset=11300000000 K=1 ---
[2026-06-01 10:55:31]   [geth] Stopping (SIGTERM, waiting up to 120s for clean exit): 1093136
[2026-06-01 10:55:32]   [geth] exited cleanly after 1s
[2026-06-01 10:55:32]   [cache] OS page cache dropped
Fatal: Could not create the account: account already exists
[2026-06-01 10:55:32]   [geth] Starting (ubt, gd=5, cold=1, dev.period=1, 1tx/block)
[2026-06-01 10:55:32]   [geth] Waiting for RPC...
[2026-06-01 10:55:34]   [geth] RPC ready after 3s
[2026-06-01 10:55:34]   [bench] Running execute remote...
[2026-06-01 10:55:41]   [bench] exit=0 passed=1 failed=0
0 missing_trie_node=0
0
[2026-06-01 10:55:41] 
[2026-06-01 10:55:41]   --- storage_sstore_k1_run14 (ubt) write-offset=11400000000 K=1 ---
[2026-06-01 10:55:41]   [geth] Stopping (SIGTERM, waiting up to 120s for clean exit): 1093212
[2026-06-01 10:55:42]   [geth] exited cleanly after 1s
[2026-06-01 10:55:42]   [cache] OS page cache dropped
Fatal: Could not create the account: account already exists
[2026-06-01 10:55:42]   [geth] Starting (ubt, gd=5, cold=1, dev.period=1, 1tx/block)
[2026-06-01 10:55:42]   [geth] Waiting for RPC...
[2026-06-01 10:55:44]   [geth] RPC ready after 3s
[2026-06-01 10:55:44]   [bench] Running execute remote...
[2026-06-01 10:55:51]   [bench] exit=0 passed=1 failed=0
0 missing_trie_node=0
0
[2026-06-01 10:55:51] 
[2026-06-01 10:55:51]   --- storage_sstore_k1_run15 (ubt) write-offset=11500000000 K=1 ---
[2026-06-01 10:55:51]   [geth] Stopping (SIGTERM, waiting up to 120s for clean exit): 1093288
[2026-06-01 10:55:52]   [geth] exited cleanly after 1s
[2026-06-01 10:55:52]   [cache] OS page cache dropped
Fatal: Could not create the account: account already exists
[2026-06-01 10:55:52]   [geth] Starting (ubt, gd=5, cold=1, dev.period=1, 1tx/block)
[2026-06-01 10:55:52]   [geth] Waiting for RPC...
[2026-06-01 10:55:54]   [geth] RPC ready after 3s
[2026-06-01 10:55:54]   [bench] Running execute remote...
[2026-06-01 10:56:02]   [bench] exit=0 passed=1 failed=0
0 missing_trie_node=0
0
[2026-06-01 10:56:02] 
[2026-06-01 10:56:02]   --- storage_sstore_k1_run16 (ubt) write-offset=11600000000 K=1 ---
[2026-06-01 10:56:02]   [geth] Stopping (SIGTERM, waiting up to 120s for clean exit): 1093363
[2026-06-01 10:56:03]   [geth] exited cleanly after 1s
[2026-06-01 10:56:03]   [cache] OS page cache dropped
Fatal: Could not create the account: account already exists
[2026-06-01 10:56:03]   [geth] Starting (ubt, gd=5, cold=1, dev.period=1, 1tx/block)
[2026-06-01 10:56:03]   [geth] Waiting for RPC...
[2026-06-01 10:56:05]   [geth] RPC ready after 3s
[2026-06-01 10:56:05]   [bench] Running execute remote...
[2026-06-01 10:56:12]   [bench] exit=0 passed=1 failed=0
0 missing_trie_node=0
0
[2026-06-01 10:56:12] 
[2026-06-01 10:56:12]   --- storage_sstore_k1_run17 (ubt) write-offset=11700000000 K=1 ---
[2026-06-01 10:56:12]   [geth] Stopping (SIGTERM, waiting up to 120s for clean exit): 1093438
[2026-06-01 10:56:13]   [geth] exited cleanly after 1s
[2026-06-01 10:56:13]   [cache] OS page cache dropped
Fatal: Could not create the account: account already exists
[2026-06-01 10:56:13]   [geth] Starting (ubt, gd=5, cold=1, dev.period=1, 1tx/block)
[2026-06-01 10:56:13]   [geth] Waiting for RPC...
[2026-06-01 10:56:15]   [geth] RPC ready after 3s
[2026-06-01 10:56:15]   [bench] Running execute remote...
[2026-06-01 10:56:23]   [bench] exit=0 passed=1 failed=0
0 missing_trie_node=0
0
[2026-06-01 10:56:23] 
[2026-06-01 10:56:23]   --- storage_sstore_k1_run18 (ubt) write-offset=11800000000 K=1 ---
[2026-06-01 10:56:23]   [geth] Stopping (SIGTERM, waiting up to 120s for clean exit): 1093514
[2026-06-01 10:56:24]   [geth] exited cleanly after 1s
[2026-06-01 10:56:24]   [cache] OS page cache dropped
Fatal: Could not create the account: account already exists
[2026-06-01 10:56:24]   [geth] Starting (ubt, gd=5, cold=1, dev.period=1, 1tx/block)
[2026-06-01 10:56:24]   [geth] Waiting for RPC...
[2026-06-01 10:56:26]   [geth] RPC ready after 3s
[2026-06-01 10:56:26]   [bench] Running execute remote...
[2026-06-01 10:56:33]   [bench] exit=0 passed=1 failed=0
0 missing_trie_node=0
0
[2026-06-01 10:56:33] 
[2026-06-01 10:56:33]   --- storage_sstore_k1_run19 (ubt) write-offset=11900000000 K=1 ---
[2026-06-01 10:56:33]   [geth] Stopping (SIGTERM, waiting up to 120s for clean exit): 1093590
[2026-06-01 10:56:34]   [geth] exited cleanly after 1s
[2026-06-01 10:56:34]   [cache] OS page cache dropped
Fatal: Could not create the account: account already exists
[2026-06-01 10:56:34]   [geth] Starting (ubt, gd=5, cold=1, dev.period=1, 1tx/block)
[2026-06-01 10:56:34]   [geth] Waiting for RPC...
[2026-06-01 10:56:36]   [geth] RPC ready after 3s
[2026-06-01 10:56:36]   [bench] Running execute remote...
[2026-06-01 10:56:43]   [bench] exit=0 passed=1 failed=0
0 missing_trie_node=0
0
[2026-06-01 10:56:43] 
[2026-06-01 10:56:43]   --- storage_sstore_k1_run20 (ubt) write-offset=12000000000 K=1 ---
[2026-06-01 10:56:43]   [geth] Stopping (SIGTERM, waiting up to 120s for clean exit): 1093669
[2026-06-01 10:56:44]   [geth] exited cleanly after 1s
[2026-06-01 10:56:44]   [cache] OS page cache dropped
Fatal: Could not create the account: account already exists
[2026-06-01 10:56:44]   [geth] Starting (ubt, gd=5, cold=1, dev.period=1, 1tx/block)
[2026-06-01 10:56:44]   [geth] Waiting for RPC...
[2026-06-01 10:56:46]   [geth] RPC ready after 3s
[2026-06-01 10:56:46]   [bench] Running execute remote...
[2026-06-01 10:56:53]   [bench] exit=0 passed=1 failed=0
0 missing_trie_node=0
0
[2026-06-01 10:56:53] 
[2026-06-01 10:56:53]   ── BENCHMARK: storage_sstore_k10 (pool=256 contracts; effective K=10)
[2026-06-01 10:56:53] 
[2026-06-01 10:56:53]   --- storage_sstore_k10_run1 (ubt) write-offset=10100000000 K=10 ---
[2026-06-01 10:56:53]   [geth] Stopping (SIGTERM, waiting up to 120s for clean exit): 1093745
[2026-06-01 10:56:54]   [geth] exited cleanly after 1s
[2026-06-01 10:56:55]   [cache] OS page cache dropped
Fatal: Could not create the account: account already exists
[2026-06-01 10:56:55]   [geth] Starting (ubt, gd=5, cold=1, dev.period=1, 1tx/block)
[2026-06-01 10:56:55]   [geth] Waiting for RPC...
[2026-06-01 10:56:57]   [geth] RPC ready after 3s
[2026-06-01 10:56:57]   [bench] Running execute remote...
[2026-06-01 10:57:04]   [bench] exit=0 passed=1 failed=0
0 missing_trie_node=0
0
[2026-06-01 10:57:04] 
[2026-06-01 10:57:04]   --- storage_sstore_k10_run2 (ubt) write-offset=10200000000 K=10 ---
[2026-06-01 10:57:04]   [geth] Stopping (SIGTERM, waiting up to 120s for clean exit): 1093845
[2026-06-01 10:57:05]   [geth] exited cleanly after 1s
[2026-06-01 10:57:05]   [cache] OS page cache dropped
Fatal: Could not create the account: account already exists
[2026-06-01 10:57:05]   [geth] Starting (ubt, gd=5, cold=1, dev.period=1, 1tx/block)
[2026-06-01 10:57:05]   [geth] Waiting for RPC...
[2026-06-01 10:57:07]   [geth] RPC ready after 3s
[2026-06-01 10:57:07]   [bench] Running execute remote...
[2026-06-01 10:57:15]   [bench] exit=0 passed=1 failed=0
0 missing_trie_node=0
0
[2026-06-01 10:57:15] 
[2026-06-01 10:57:15]   --- storage_sstore_k10_run3 (ubt) write-offset=10300000000 K=10 ---
[2026-06-01 10:57:15]   [geth] Stopping (SIGTERM, waiting up to 120s for clean exit): 1093920
[2026-06-01 10:57:16]   [geth] exited cleanly after 1s
[2026-06-01 10:57:16]   [cache] OS page cache dropped
Fatal: Could not create the account: account already exists
[2026-06-01 10:57:16]   [geth] Starting (ubt, gd=5, cold=1, dev.period=1, 1tx/block)
[2026-06-01 10:57:16]   [geth] Waiting for RPC...
[2026-06-01 10:57:18]   [geth] RPC ready after 3s
[2026-06-01 10:57:18]   [bench] Running execute remote...
[2026-06-01 10:57:26]   [bench] exit=0 passed=1 failed=0
0 missing_trie_node=0
0
[2026-06-01 10:57:26] 
[2026-06-01 10:57:26]   --- storage_sstore_k10_run4 (ubt) write-offset=10400000000 K=10 ---
[2026-06-01 10:57:26]   [geth] Stopping (SIGTERM, waiting up to 120s for clean exit): 1093999
[2026-06-01 10:57:27]   [geth] exited cleanly after 1s
[2026-06-01 10:57:27]   [cache] OS page cache dropped
Fatal: Could not create the account: account already exists
[2026-06-01 10:57:27]   [geth] Starting (ubt, gd=5, cold=1, dev.period=1, 1tx/block)
[2026-06-01 10:57:27]   [geth] Waiting for RPC...
[2026-06-01 10:57:29]   [geth] RPC ready after 3s
[2026-06-01 10:57:29]   [bench] Running execute remote...
[2026-06-01 10:57:36]   [bench] exit=0 passed=1 failed=0
0 missing_trie_node=0
0
[2026-06-01 10:57:36] 
[2026-06-01 10:57:36]   --- storage_sstore_k10_run5 (ubt) write-offset=10500000000 K=10 ---
[2026-06-01 10:57:36]   [geth] Stopping (SIGTERM, waiting up to 120s for clean exit): 1094074
[2026-06-01 10:57:37]   [geth] exited cleanly after 1s
[2026-06-01 10:57:37]   [cache] OS page cache dropped
Fatal: Could not create the account: account already exists
[2026-06-01 10:57:37]   [geth] Starting (ubt, gd=5, cold=1, dev.period=1, 1tx/block)
[2026-06-01 10:57:37]   [geth] Waiting for RPC...
[2026-06-01 10:57:39]   [geth] RPC ready after 3s
[2026-06-01 10:57:39]   [bench] Running execute remote...
[2026-06-01 10:57:47]   [bench] exit=0 passed=1 failed=0
0 missing_trie_node=0
0
[2026-06-01 10:57:47] 
[2026-06-01 10:57:47]   --- storage_sstore_k10_run6 (ubt) write-offset=10600000000 K=10 ---
[2026-06-01 10:57:47]   [geth] Stopping (SIGTERM, waiting up to 120s for clean exit): 1094196
[2026-06-01 10:57:48]   [geth] exited cleanly after 1s
[2026-06-01 10:57:48]   [cache] OS page cache dropped
Fatal: Could not create the account: account already exists
[2026-06-01 10:57:48]   [geth] Starting (ubt, gd=5, cold=1, dev.period=1, 1tx/block)
[2026-06-01 10:57:48]   [geth] Waiting for RPC...
[2026-06-01 10:57:50]   [geth] RPC ready after 3s
[2026-06-01 10:57:50]   [bench] Running execute remote...
[2026-06-01 10:57:57]   [bench] exit=0 passed=1 failed=0
0 missing_trie_node=0
0
[2026-06-01 10:57:57] 
[2026-06-01 10:57:57]   --- storage_sstore_k10_run7 (ubt) write-offset=10700000000 K=10 ---
[2026-06-01 10:57:58]   [geth] Stopping (SIGTERM, waiting up to 120s for clean exit): 1094272
[2026-06-01 10:57:59]   [geth] exited cleanly after 1s
[2026-06-01 10:57:59]   [cache] OS page cache dropped
Fatal: Could not create the account: account already exists
[2026-06-01 10:57:59]   [geth] Starting (ubt, gd=5, cold=1, dev.period=1, 1tx/block)
[2026-06-01 10:57:59]   [geth] Waiting for RPC...
[2026-06-01 10:58:01]   [geth] RPC ready after 3s
[2026-06-01 10:58:01]   [bench] Running execute remote...
[2026-06-01 10:58:08]   [bench] exit=0 passed=1 failed=0
0 missing_trie_node=0
0
[2026-06-01 10:58:08] 
[2026-06-01 10:58:08]   --- storage_sstore_k10_run8 (ubt) write-offset=10800000000 K=10 ---
[2026-06-01 10:58:08]   [geth] Stopping (SIGTERM, waiting up to 120s for clean exit): 1094347
[2026-06-01 10:58:09]   [geth] exited cleanly after 1s
[2026-06-01 10:58:09]   [cache] OS page cache dropped
Fatal: Could not create the account: account already exists
[2026-06-01 10:58:09]   [geth] Starting (ubt, gd=5, cold=1, dev.period=1, 1tx/block)
[2026-06-01 10:58:09]   [geth] Waiting for RPC...
[2026-06-01 10:58:11]   [geth] RPC ready after 3s
[2026-06-01 10:58:11]   [bench] Running execute remote...
[2026-06-01 10:58:19]   [bench] exit=0 passed=1 failed=0
0 missing_trie_node=0
0
[2026-06-01 10:58:19] 
[2026-06-01 10:58:19]   --- storage_sstore_k10_run9 (ubt) write-offset=10900000000 K=10 ---
[2026-06-01 10:58:19]   [geth] Stopping (SIGTERM, waiting up to 120s for clean exit): 1094423
[2026-06-01 10:58:20]   [geth] exited cleanly after 1s
[2026-06-01 10:58:20]   [cache] OS page cache dropped
Fatal: Could not create the account: account already exists
[2026-06-01 10:58:20]   [geth] Starting (ubt, gd=5, cold=1, dev.period=1, 1tx/block)
[2026-06-01 10:58:20]   [geth] Waiting for RPC...
[2026-06-01 10:58:22]   [geth] RPC ready after 3s
[2026-06-01 10:58:22]   [bench] Running execute remote...
[2026-06-01 10:58:30]   [bench] exit=0 passed=1 failed=0
0 missing_trie_node=0
0
[2026-06-01 10:58:30] 
[2026-06-01 10:58:30]   --- storage_sstore_k10_run10 (ubt) write-offset=11000000000 K=10 ---
[2026-06-01 10:58:30]   [geth] Stopping (SIGTERM, waiting up to 120s for clean exit): 1094498
[2026-06-01 10:58:31]   [geth] exited cleanly after 1s
[2026-06-01 10:58:31]   [cache] OS page cache dropped
Fatal: Could not create the account: account already exists
[2026-06-01 10:58:31]   [geth] Starting (ubt, gd=5, cold=1, dev.period=1, 1tx/block)
[2026-06-01 10:58:31]   [geth] Waiting for RPC...
[2026-06-01 10:58:33]   [geth] RPC ready after 3s
[2026-06-01 10:58:33]   [bench] Running execute remote...
[2026-06-01 10:58:40]   [bench] exit=0 passed=1 failed=0
0 missing_trie_node=0
0
[2026-06-01 10:58:40] 
[2026-06-01 10:58:40]   --- storage_sstore_k10_run11 (ubt) write-offset=11100000000 K=10 ---
[2026-06-01 10:58:40]   [geth] Stopping (SIGTERM, waiting up to 120s for clean exit): 1094573
[2026-06-01 10:58:41]   [geth] exited cleanly after 1s
[2026-06-01 10:58:42]   [cache] OS page cache dropped
Fatal: Could not create the account: account already exists
[2026-06-01 10:58:42]   [geth] Starting (ubt, gd=5, cold=1, dev.period=1, 1tx/block)
[2026-06-01 10:58:42]   [geth] Waiting for RPC...
[2026-06-01 10:58:44]   [geth] RPC ready after 3s
[2026-06-01 10:58:44]   [bench] Running execute remote...
[2026-06-01 10:58:51]   [bench] exit=0 passed=1 failed=0
0 missing_trie_node=0
0
[2026-06-01 10:58:51] 
[2026-06-01 10:58:51]   --- storage_sstore_k10_run12 (ubt) write-offset=11200000000 K=10 ---
[2026-06-01 10:58:51]   [geth] Stopping (SIGTERM, waiting up to 120s for clean exit): 1094651
[2026-06-01 10:58:52]   [geth] exited cleanly after 1s
[2026-06-01 10:58:52]   [cache] OS page cache dropped
Fatal: Could not create the account: account already exists
[2026-06-01 10:58:52]   [geth] Starting (ubt, gd=5, cold=1, dev.period=1, 1tx/block)
[2026-06-01 10:58:52]   [geth] Waiting for RPC...
[2026-06-01 10:58:54]   [geth] RPC ready after 3s
[2026-06-01 10:58:54]   [bench] Running execute remote...
[2026-06-01 10:59:02]   [bench] exit=0 passed=1 failed=0
0 missing_trie_node=0
0
[2026-06-01 10:59:02] 
[2026-06-01 10:59:02]   --- storage_sstore_k10_run13 (ubt) write-offset=11300000000 K=10 ---
[2026-06-01 10:59:02]   [geth] Stopping (SIGTERM, waiting up to 120s for clean exit): 1094729
[2026-06-01 10:59:03]   [geth] exited cleanly after 1s
[2026-06-01 10:59:03]   [cache] OS page cache dropped
Fatal: Could not create the account: account already exists
[2026-06-01 10:59:03]   [geth] Starting (ubt, gd=5, cold=1, dev.period=1, 1tx/block)
[2026-06-01 10:59:03]   [geth] Waiting for RPC...
[2026-06-01 10:59:05]   [geth] RPC ready after 3s
[2026-06-01 10:59:05]   [bench] Running execute remote...
[2026-06-01 10:59:13]   [bench] exit=0 passed=1 failed=0
0 missing_trie_node=0
0
[2026-06-01 10:59:13] 
[2026-06-01 10:59:13]   --- storage_sstore_k10_run14 (ubt) write-offset=11400000000 K=10 ---
[2026-06-01 10:59:13]   [geth] Stopping (SIGTERM, waiting up to 120s for clean exit): 1094809
[2026-06-01 10:59:14]   [geth] exited cleanly after 1s
[2026-06-01 10:59:14]   [cache] OS page cache dropped
Fatal: Could not create the account: account already exists
[2026-06-01 10:59:14]   [geth] Starting (ubt, gd=5, cold=1, dev.period=1, 1tx/block)
[2026-06-01 10:59:14]   [geth] Waiting for RPC...
[2026-06-01 10:59:16]   [geth] RPC ready after 3s
[2026-06-01 10:59:16]   [bench] Running execute remote...
[2026-06-01 10:59:24]   [bench] exit=0 passed=1 failed=0
0 missing_trie_node=0
0
[2026-06-01 10:59:24] 
[2026-06-01 10:59:24]   --- storage_sstore_k10_run15 (ubt) write-offset=11500000000 K=10 ---
[2026-06-01 10:59:24]   [geth] Stopping (SIGTERM, waiting up to 120s for clean exit): 1094895
[2026-06-01 10:59:25]   [geth] exited cleanly after 1s
[2026-06-01 10:59:25]   [cache] OS page cache dropped
Fatal: Could not create the account: account already exists
[2026-06-01 10:59:25]   [geth] Starting (ubt, gd=5, cold=1, dev.period=1, 1tx/block)
[2026-06-01 10:59:25]   [geth] Waiting for RPC...
[2026-06-01 10:59:27]   [geth] RPC ready after 3s
[2026-06-01 10:59:27]   [bench] Running execute remote...
[2026-06-01 10:59:33]   [bench] exit=0 passed=1 failed=0
0 missing_trie_node=0
0
[2026-06-01 10:59:33] 
[2026-06-01 10:59:33]   --- storage_sstore_k10_run16 (ubt) write-offset=11600000000 K=10 ---
[2026-06-01 10:59:33]   [geth] Stopping (SIGTERM, waiting up to 120s for clean exit): 1094970
[2026-06-01 10:59:34]   [geth] exited cleanly after 1s
[2026-06-01 10:59:35]   [cache] OS page cache dropped
Fatal: Could not create the account: account already exists
[2026-06-01 10:59:35]   [geth] Starting (ubt, gd=5, cold=1, dev.period=1, 1tx/block)
[2026-06-01 10:59:35]   [geth] Waiting for RPC...
[2026-06-01 10:59:37]   [geth] RPC ready after 3s
[2026-06-01 10:59:37]   [bench] Running execute remote...
[2026-06-01 10:59:44]   [bench] exit=0 passed=1 failed=0
0 missing_trie_node=0
0
[2026-06-01 10:59:44] 
[2026-06-01 10:59:44]   --- storage_sstore_k10_run17 (ubt) write-offset=11700000000 K=10 ---
[2026-06-01 10:59:44]   [geth] Stopping (SIGTERM, waiting up to 120s for clean exit): 1095047
[2026-06-01 10:59:45]   [geth] exited cleanly after 1s
[2026-06-01 10:59:45]   [cache] OS page cache dropped
Fatal: Could not create the account: account already exists
[2026-06-01 10:59:45]   [geth] Starting (ubt, gd=5, cold=1, dev.period=1, 1tx/block)
[2026-06-01 10:59:45]   [geth] Waiting for RPC...
[2026-06-01 10:59:47]   [geth] RPC ready after 3s
[2026-06-01 10:59:47]   [bench] Running execute remote...
[2026-06-01 10:59:55]   [bench] exit=0 passed=1 failed=0
0 missing_trie_node=0
0
[2026-06-01 10:59:55] 
[2026-06-01 10:59:55]   --- storage_sstore_k10_run18 (ubt) write-offset=11800000000 K=10 ---
[2026-06-01 10:59:55]   [geth] Stopping (SIGTERM, waiting up to 120s for clean exit): 1095121
[2026-06-01 10:59:56]   [geth] exited cleanly after 1s
[2026-06-01 10:59:56]   [cache] OS page cache dropped
Fatal: Could not create the account: account already exists
[2026-06-01 10:59:56]   [geth] Starting (ubt, gd=5, cold=1, dev.period=1, 1tx/block)
[2026-06-01 10:59:56]   [geth] Waiting for RPC...
[2026-06-01 10:59:58]   [geth] RPC ready after 3s
[2026-06-01 10:59:58]   [bench] Running execute remote...
[2026-06-01 11:00:05]   [bench] exit=0 passed=1 failed=0
0 missing_trie_node=0
0
[2026-06-01 11:00:05] 
[2026-06-01 11:00:05]   --- storage_sstore_k10_run19 (ubt) write-offset=11900000000 K=10 ---
[2026-06-01 11:00:05]   [geth] Stopping (SIGTERM, waiting up to 120s for clean exit): 1095194
[2026-06-01 11:00:06]   [geth] exited cleanly after 1s
[2026-06-01 11:00:07]   [cache] OS page cache dropped
Fatal: Could not create the account: account already exists
[2026-06-01 11:00:07]   [geth] Starting (ubt, gd=5, cold=1, dev.period=1, 1tx/block)
[2026-06-01 11:00:07]   [geth] Waiting for RPC...
[2026-06-01 11:00:09]   [geth] RPC ready after 3s
[2026-06-01 11:00:09]   [bench] Running execute remote...
[2026-06-01 11:00:16]   [bench] exit=0 passed=1 failed=0
0 missing_trie_node=0
0
[2026-06-01 11:00:16] 
[2026-06-01 11:00:16]   --- storage_sstore_k10_run20 (ubt) write-offset=12000000000 K=10 ---
[2026-06-01 11:00:16]   [geth] Stopping (SIGTERM, waiting up to 120s for clean exit): 1095270
[2026-06-01 11:00:17]   [geth] exited cleanly after 1s
[2026-06-01 11:00:18]   [cache] OS page cache dropped
Fatal: Could not create the account: account already exists
[2026-06-01 11:00:18]   [geth] Starting (ubt, gd=5, cold=1, dev.period=1, 1tx/block)
[2026-06-01 11:00:18]   [geth] Waiting for RPC...
[2026-06-01 11:00:20]   [geth] RPC ready after 3s
[2026-06-01 11:00:20]   [bench] Running execute remote...
[2026-06-01 11:00:26]   [bench] exit=0 passed=1 failed=0
0 missing_trie_node=0
0
[2026-06-01 11:00:26] 
[2026-06-01 11:00:26]   ── BENCHMARK: storage_sstore_k100 (pool=256 contracts; effective K=100)
[2026-06-01 11:00:26] 
[2026-06-01 11:00:26]   --- storage_sstore_k100_run1 (ubt) write-offset=10100000000 K=100 ---
[2026-06-01 11:00:26]   [geth] Stopping (SIGTERM, waiting up to 120s for clean exit): 1095344
[2026-06-01 11:00:27]   [geth] exited cleanly after 1s
[2026-06-01 11:00:27]   [cache] OS page cache dropped
Fatal: Could not create the account: account already exists
[2026-06-01 11:00:27]   [geth] Starting (ubt, gd=5, cold=1, dev.period=1, 1tx/block)
[2026-06-01 11:00:27]   [geth] Waiting for RPC...
[2026-06-01 11:00:29]   [geth] RPC ready after 3s
[2026-06-01 11:00:30]   [bench] Running execute remote...
[2026-06-01 11:00:37]   [bench] exit=0 passed=1 failed=0
0 missing_trie_node=0
0
[2026-06-01 11:00:37] 
[2026-06-01 11:00:37]   --- storage_sstore_k100_run2 (ubt) write-offset=10200000000 K=100 ---
[2026-06-01 11:00:37]   [geth] Stopping (SIGTERM, waiting up to 120s for clean exit): 1095442
[2026-06-01 11:00:38]   [geth] exited cleanly after 1s
[2026-06-01 11:00:38]   [cache] OS page cache dropped
Fatal: Could not create the account: account already exists
[2026-06-01 11:00:38]   [geth] Starting (ubt, gd=5, cold=1, dev.period=1, 1tx/block)
[2026-06-01 11:00:38]   [geth] Waiting for RPC...
[2026-06-01 11:00:40]   [geth] RPC ready after 3s
[2026-06-01 11:00:40]   [bench] Running execute remote...
[2026-06-01 11:00:48]   [bench] exit=0 passed=1 failed=0
0 missing_trie_node=0
0
[2026-06-01 11:00:48] 
[2026-06-01 11:00:48]   --- storage_sstore_k100_run3 (ubt) write-offset=10300000000 K=100 ---
[2026-06-01 11:00:48]   [geth] Stopping (SIGTERM, waiting up to 120s for clean exit): 1095519
[2026-06-01 11:00:49]   [geth] exited cleanly after 1s
[2026-06-01 11:00:49]   [cache] OS page cache dropped
Fatal: Could not create the account: account already exists
[2026-06-01 11:00:49]   [geth] Starting (ubt, gd=5, cold=1, dev.period=1, 1tx/block)
[2026-06-01 11:00:49]   [geth] Waiting for RPC...
[2026-06-01 11:00:51]   [geth] RPC ready after 3s
[2026-06-01 11:00:51]   [bench] Running execute remote...
[2026-06-01 11:00:59]   [bench] exit=0 passed=1 failed=0
0 missing_trie_node=0
0
[2026-06-01 11:00:59] 
[2026-06-01 11:00:59]   --- storage_sstore_k100_run4 (ubt) write-offset=10400000000 K=100 ---
[2026-06-01 11:00:59]   [geth] Stopping (SIGTERM, waiting up to 120s for clean exit): 1095592
[2026-06-01 11:01:00]   [geth] exited cleanly after 1s
[2026-06-01 11:01:00]   [cache] OS page cache dropped
Fatal: Could not create the account: account already exists
[2026-06-01 11:01:00]   [geth] Starting (ubt, gd=5, cold=1, dev.period=1, 1tx/block)
[2026-06-01 11:01:00]   [geth] Waiting for RPC...
[2026-06-01 11:01:02]   [geth] RPC ready after 3s
[2026-06-01 11:01:02]   [bench] Running execute remote...
[2026-06-01 11:01:09]   [bench] exit=0 passed=1 failed=0
0 missing_trie_node=0
0
[2026-06-01 11:01:09] 
[2026-06-01 11:01:09]   --- storage_sstore_k100_run5 (ubt) write-offset=10500000000 K=100 ---
[2026-06-01 11:01:09]   [geth] Stopping (SIGTERM, waiting up to 120s for clean exit): 1095667
[2026-06-01 11:01:10]   [geth] exited cleanly after 1s
[2026-06-01 11:01:11]   [cache] OS page cache dropped
Fatal: Could not create the account: account already exists
[2026-06-01 11:01:11]   [geth] Starting (ubt, gd=5, cold=1, dev.period=1, 1tx/block)
[2026-06-01 11:01:11]   [geth] Waiting for RPC...
[2026-06-01 11:01:13]   [geth] RPC ready after 3s
[2026-06-01 11:01:13]   [bench] Running execute remote...
[2026-06-01 11:01:20]   [bench] exit=0 passed=1 failed=0
0 missing_trie_node=0
0
[2026-06-01 11:01:20] 
[2026-06-01 11:01:20]   --- storage_sstore_k100_run6 (ubt) write-offset=10600000000 K=100 ---
[2026-06-01 11:01:20]   [geth] Stopping (SIGTERM, waiting up to 120s for clean exit): 1095743
[2026-06-01 11:01:22]   [geth] exited cleanly after 1s
[2026-06-01 11:01:22]   [cache] OS page cache dropped
Fatal: Could not create the account: account already exists
[2026-06-01 11:01:22]   [geth] Starting (ubt, gd=5, cold=1, dev.period=1, 1tx/block)
[2026-06-01 11:01:22]   [geth] Waiting for RPC...
[2026-06-01 11:01:24]   [geth] RPC ready after 3s
[2026-06-01 11:01:24]   [bench] Running execute remote...
[2026-06-01 11:01:31]   [bench] exit=0 passed=1 failed=0
0 missing_trie_node=0
0
[2026-06-01 11:01:31] 
[2026-06-01 11:01:31]   --- storage_sstore_k100_run7 (ubt) write-offset=10700000000 K=100 ---
[2026-06-01 11:01:31]   [geth] Stopping (SIGTERM, waiting up to 120s for clean exit): 1095818
[2026-06-01 11:01:32]   [geth] exited cleanly after 1s
[2026-06-01 11:01:32]   [cache] OS page cache dropped
Fatal: Could not create the account: account already exists
[2026-06-01 11:01:33]   [geth] Starting (ubt, gd=5, cold=1, dev.period=1, 1tx/block)
[2026-06-01 11:01:33]   [geth] Waiting for RPC...
[2026-06-01 11:01:35]   [geth] RPC ready after 3s
[2026-06-01 11:01:35]   [bench] Running execute remote...
[2026-06-01 11:01:43]   [bench] exit=0 passed=1 failed=0
0 missing_trie_node=0
0
[2026-06-01 11:01:43] 
[2026-06-01 11:01:43]   --- storage_sstore_k100_run8 (ubt) write-offset=10800000000 K=100 ---
[2026-06-01 11:01:43]   [geth] Stopping (SIGTERM, waiting up to 120s for clean exit): 1095895
[2026-06-01 11:01:44]   [geth] exited cleanly after 1s
[2026-06-01 11:01:44]   [cache] OS page cache dropped
Fatal: Could not create the account: account already exists
[2026-06-01 11:01:44]   [geth] Starting (ubt, gd=5, cold=1, dev.period=1, 1tx/block)
[2026-06-01 11:01:44]   [geth] Waiting for RPC...
[2026-06-01 11:01:46]   [geth] RPC ready after 3s
[2026-06-01 11:01:46]   [bench] Running execute remote...
[2026-06-01 11:01:54]   [bench] exit=0 passed=1 failed=0
0 missing_trie_node=0
0
[2026-06-01 11:01:54] 
[2026-06-01 11:01:54]   --- storage_sstore_k100_run9 (ubt) write-offset=10900000000 K=100 ---
[2026-06-01 11:01:54]   [geth] Stopping (SIGTERM, waiting up to 120s for clean exit): 1095972
[2026-06-01 11:01:55]   [geth] exited cleanly after 1s
[2026-06-01 11:01:55]   [cache] OS page cache dropped
Fatal: Could not create the account: account already exists
[2026-06-01 11:01:55]   [geth] Starting (ubt, gd=5, cold=1, dev.period=1, 1tx/block)
[2026-06-01 11:01:55]   [geth] Waiting for RPC...
[2026-06-01 11:01:57]   [geth] RPC ready after 3s
[2026-06-01 11:01:57]   [bench] Running execute remote...
[2026-06-01 11:02:05]   [bench] exit=0 passed=1 failed=0
0 missing_trie_node=0
0
[2026-06-01 11:02:05] 
[2026-06-01 11:02:05]   --- storage_sstore_k100_run10 (ubt) write-offset=11000000000 K=100 ---
[2026-06-01 11:02:05]   [geth] Stopping (SIGTERM, waiting up to 120s for clean exit): 1096045
[2026-06-01 11:02:06]   [geth] exited cleanly after 1s
[2026-06-01 11:02:06]   [cache] OS page cache dropped
Fatal: Could not create the account: account already exists
[2026-06-01 11:02:06]   [geth] Starting (ubt, gd=5, cold=1, dev.period=1, 1tx/block)
[2026-06-01 11:02:06]   [geth] Waiting for RPC...
[2026-06-01 11:02:08]   [geth] RPC ready after 3s
[2026-06-01 11:02:08]   [bench] Running execute remote...
[2026-06-01 11:02:15]   [bench] exit=0 passed=1 failed=0
0 missing_trie_node=0
0
[2026-06-01 11:02:15] 
[2026-06-01 11:02:15]   --- storage_sstore_k100_run11 (ubt) write-offset=11100000000 K=100 ---
[2026-06-01 11:02:15]   [geth] Stopping (SIGTERM, waiting up to 120s for clean exit): 1096122
[2026-06-01 11:02:16]   [geth] exited cleanly after 1s
[2026-06-01 11:02:17]   [cache] OS page cache dropped
Fatal: Could not create the account: account already exists
[2026-06-01 11:02:17]   [geth] Starting (ubt, gd=5, cold=1, dev.period=1, 1tx/block)
[2026-06-01 11:02:17]   [geth] Waiting for RPC...
[2026-06-01 11:02:19]   [geth] RPC ready after 3s
[2026-06-01 11:02:19]   [bench] Running execute remote...
[2026-06-01 11:02:25]   [bench] exit=0 passed=1 failed=0
0 missing_trie_node=0
0
[2026-06-01 11:02:25] 
[2026-06-01 11:02:25]   --- storage_sstore_k100_run12 (ubt) write-offset=11200000000 K=100 ---
[2026-06-01 11:02:25]   [geth] Stopping (SIGTERM, waiting up to 120s for clean exit): 1096200
[2026-06-01 11:02:26]   [geth] exited cleanly after 1s
[2026-06-01 11:02:26]   [cache] OS page cache dropped
Fatal: Could not create the account: account already exists
[2026-06-01 11:02:26]   [geth] Starting (ubt, gd=5, cold=1, dev.period=1, 1tx/block)
[2026-06-01 11:02:26]   [geth] Waiting for RPC...
[2026-06-01 11:02:28]   [geth] RPC ready after 3s
[2026-06-01 11:02:28]   [bench] Running execute remote...
[2026-06-01 11:02:36]   [bench] exit=0 passed=1 failed=0
0 missing_trie_node=0
0
[2026-06-01 11:02:36] 
[2026-06-01 11:02:36]   --- storage_sstore_k100_run13 (ubt) write-offset=11300000000 K=100 ---
[2026-06-01 11:02:36]   [geth] Stopping (SIGTERM, waiting up to 120s for clean exit): 1096273
[2026-06-01 11:02:37]   [geth] exited cleanly after 1s
[2026-06-01 11:02:37]   [cache] OS page cache dropped
Fatal: Could not create the account: account already exists
[2026-06-01 11:02:37]   [geth] Starting (ubt, gd=5, cold=1, dev.period=1, 1tx/block)
[2026-06-01 11:02:37]   [geth] Waiting for RPC...
[2026-06-01 11:02:39]   [geth] RPC ready after 3s
[2026-06-01 11:02:39]   [bench] Running execute remote...
[2026-06-01 11:02:46]   [bench] exit=0 passed=1 failed=0
0 missing_trie_node=0
0
[2026-06-01 11:02:46] 
[2026-06-01 11:02:46]   --- storage_sstore_k100_run14 (ubt) write-offset=11400000000 K=100 ---
[2026-06-01 11:02:46]   [geth] Stopping (SIGTERM, waiting up to 120s for clean exit): 1096352
[2026-06-01 11:02:47]   [geth] exited cleanly after 1s
[2026-06-01 11:02:47]   [cache] OS page cache dropped
Fatal: Could not create the account: account already exists
[2026-06-01 11:02:47]   [geth] Starting (ubt, gd=5, cold=1, dev.period=1, 1tx/block)
[2026-06-01 11:02:47]   [geth] Waiting for RPC...
[2026-06-01 11:02:50]   [geth] RPC ready after 3s
[2026-06-01 11:02:50]   [bench] Running execute remote...
[2026-06-01 11:02:56]   [bench] exit=0 passed=1 failed=0
0 missing_trie_node=0
0
[2026-06-01 11:02:56] 
[2026-06-01 11:02:56]   --- storage_sstore_k100_run15 (ubt) write-offset=11500000000 K=100 ---
[2026-06-01 11:02:56]   [geth] Stopping (SIGTERM, waiting up to 120s for clean exit): 1096427
[2026-06-01 11:02:57]   [geth] exited cleanly after 1s
[2026-06-01 11:02:57]   [cache] OS page cache dropped
Fatal: Could not create the account: account already exists
[2026-06-01 11:02:57]   [geth] Starting (ubt, gd=5, cold=1, dev.period=1, 1tx/block)
[2026-06-01 11:02:57]   [geth] Waiting for RPC...
[2026-06-01 11:02:59]   [geth] RPC ready after 3s
[2026-06-01 11:02:59]   [bench] Running execute remote...
[2026-06-01 11:03:06]   [bench] exit=0 passed=1 failed=0
0 missing_trie_node=0
0
[2026-06-01 11:03:06] 
[2026-06-01 11:03:06]   --- storage_sstore_k100_run16 (ubt) write-offset=11600000000 K=100 ---
[2026-06-01 11:03:06]   [geth] Stopping (SIGTERM, waiting up to 120s for clean exit): 1096501
[2026-06-01 11:03:07]   [geth] exited cleanly after 1s
[2026-06-01 11:03:08]   [cache] OS page cache dropped
Fatal: Could not create the account: account already exists
[2026-06-01 11:03:08]   [geth] Starting (ubt, gd=5, cold=1, dev.period=1, 1tx/block)
[2026-06-01 11:03:08]   [geth] Waiting for RPC...
[2026-06-01 11:03:10]   [geth] RPC ready after 3s
[2026-06-01 11:03:10]   [bench] Running execute remote...
[2026-06-01 11:03:16]   [bench] exit=0 passed=1 failed=0
0 missing_trie_node=0
0
[2026-06-01 11:03:16] 
[2026-06-01 11:03:16]   --- storage_sstore_k100_run17 (ubt) write-offset=11700000000 K=100 ---
[2026-06-01 11:03:16]   [geth] Stopping (SIGTERM, waiting up to 120s for clean exit): 1096576
[2026-06-01 11:03:17]   [geth] exited cleanly after 1s
[2026-06-01 11:03:17]   [cache] OS page cache dropped
Fatal: Could not create the account: account already exists
[2026-06-01 11:03:17]   [geth] Starting (ubt, gd=5, cold=1, dev.period=1, 1tx/block)
[2026-06-01 11:03:17]   [geth] Waiting for RPC...
[2026-06-01 11:03:19]   [geth] RPC ready after 3s
[2026-06-01 11:03:19]   [bench] Running execute remote...
[2026-06-01 11:03:27]   [bench] exit=0 passed=1 failed=0
0 missing_trie_node=0
0
[2026-06-01 11:03:27] 
[2026-06-01 11:03:27]   --- storage_sstore_k100_run18 (ubt) write-offset=11800000000 K=100 ---
[2026-06-01 11:03:27]   [geth] Stopping (SIGTERM, waiting up to 120s for clean exit): 1096651
[2026-06-01 11:03:28]   [geth] exited cleanly after 1s
[2026-06-01 11:03:28]   [cache] OS page cache dropped
Fatal: Could not create the account: account already exists
[2026-06-01 11:03:28]   [geth] Starting (ubt, gd=5, cold=1, dev.period=1, 1tx/block)
[2026-06-01 11:03:28]   [geth] Waiting for RPC...
[2026-06-01 11:03:30]   [geth] RPC ready after 3s
[2026-06-01 11:03:30]   [bench] Running execute remote...
[2026-06-01 11:03:37]   [bench] exit=0 passed=1 failed=0
0 missing_trie_node=0
0
[2026-06-01 11:03:37] 
[2026-06-01 11:03:37]   --- storage_sstore_k100_run19 (ubt) write-offset=11900000000 K=100 ---
[2026-06-01 11:03:37]   [geth] Stopping (SIGTERM, waiting up to 120s for clean exit): 1096728
[2026-06-01 11:03:38]   [geth] exited cleanly after 1s
[2026-06-01 11:03:39]   [cache] OS page cache dropped
Fatal: Could not create the account: account already exists
[2026-06-01 11:03:39]   [geth] Starting (ubt, gd=5, cold=1, dev.period=1, 1tx/block)
[2026-06-01 11:03:39]   [geth] Waiting for RPC...
[2026-06-01 11:03:41]   [geth] RPC ready after 3s
[2026-06-01 11:03:41]   [bench] Running execute remote...
[2026-06-01 11:03:48]   [bench] exit=0 passed=1 failed=0
0 missing_trie_node=0
0
[2026-06-01 11:03:48] 
[2026-06-01 11:03:48]   --- storage_sstore_k100_run20 (ubt) write-offset=12000000000 K=100 ---
[2026-06-01 11:03:48]   [geth] Stopping (SIGTERM, waiting up to 120s for clean exit): 1096805
[2026-06-01 11:03:49]   [geth] exited cleanly after 1s
[2026-06-01 11:03:49]   [cache] OS page cache dropped
Fatal: Could not create the account: account already exists
[2026-06-01 11:03:49]   [geth] Starting (ubt, gd=5, cold=1, dev.period=1, 1tx/block)
[2026-06-01 11:03:49]   [geth] Waiting for RPC...
[2026-06-01 11:03:51]   [geth] RPC ready after 3s
[2026-06-01 11:03:51]   [bench] Running execute remote...
[2026-06-01 11:03:58]   [bench] exit=0 passed=1 failed=0
0 missing_trie_node=0
0
[2026-06-01 11:03:58] 
[2026-06-01 11:03:58]   ── BENCHMARK: storage_sstore_k256 (pool=256 contracts; effective K=256)
[2026-06-01 11:03:58] 
[2026-06-01 11:03:58]   --- storage_sstore_k256_run1 (ubt) write-offset=10100000000 K=256 ---
[2026-06-01 11:03:58]   [geth] Stopping (SIGTERM, waiting up to 120s for clean exit): 1096878
[2026-06-01 11:03:59]   [geth] exited cleanly after 1s
[2026-06-01 11:03:59]   [cache] OS page cache dropped
Fatal: Could not create the account: account already exists
[2026-06-01 11:03:59]   [geth] Starting (ubt, gd=5, cold=1, dev.period=1, 1tx/block)
[2026-06-01 11:03:59]   [geth] Waiting for RPC...
[2026-06-01 11:04:01]   [geth] RPC ready after 3s
[2026-06-01 11:04:01]   [bench] Running execute remote...
[2026-06-01 11:04:08]   [bench] exit=0 passed=1 failed=0
0 missing_trie_node=0
0
[2026-06-01 11:04:08] 
[2026-06-01 11:04:08]   --- storage_sstore_k256_run2 (ubt) write-offset=10200000000 K=256 ---
[2026-06-01 11:04:08]   [geth] Stopping (SIGTERM, waiting up to 120s for clean exit): 1096975
[2026-06-01 11:04:09]   [geth] exited cleanly after 1s
[2026-06-01 11:04:09]   [cache] OS page cache dropped
Fatal: Could not create the account: account already exists
[2026-06-01 11:04:10]   [geth] Starting (ubt, gd=5, cold=1, dev.period=1, 1tx/block)
[2026-06-01 11:04:10]   [geth] Waiting for RPC...
[2026-06-01 11:04:12]   [geth] RPC ready after 3s
[2026-06-01 11:04:12]   [bench] Running execute remote...
[2026-06-01 11:04:18]   [bench] exit=0 passed=1 failed=0
0 missing_trie_node=0
0
[2026-06-01 11:04:18] 
[2026-06-01 11:04:18]   --- storage_sstore_k256_run3 (ubt) write-offset=10300000000 K=256 ---
[2026-06-01 11:04:18]   [geth] Stopping (SIGTERM, waiting up to 120s for clean exit): 1097051
[2026-06-01 11:04:19]   [geth] exited cleanly after 1s
[2026-06-01 11:04:19]   [cache] OS page cache dropped
Fatal: Could not create the account: account already exists
[2026-06-01 11:04:19]   [geth] Starting (ubt, gd=5, cold=1, dev.period=1, 1tx/block)
[2026-06-01 11:04:19]   [geth] Waiting for RPC...
[2026-06-01 11:04:21]   [geth] RPC ready after 3s
[2026-06-01 11:04:21]   [bench] Running execute remote...
[2026-06-01 11:04:27]   [bench] exit=0 passed=1 failed=0
0 missing_trie_node=0
0
[2026-06-01 11:04:27] 
[2026-06-01 11:04:27]   --- storage_sstore_k256_run4 (ubt) write-offset=10400000000 K=256 ---
[2026-06-01 11:04:27]   [geth] Stopping (SIGTERM, waiting up to 120s for clean exit): 1097128
[2026-06-01 11:04:28]   [geth] exited cleanly after 1s
[2026-06-01 11:04:29]   [cache] OS page cache dropped
Fatal: Could not create the account: account already exists
[2026-06-01 11:04:29]   [geth] Starting (ubt, gd=5, cold=1, dev.period=1, 1tx/block)
[2026-06-01 11:04:29]   [geth] Waiting for RPC...
[2026-06-01 11:04:31]   [geth] RPC ready after 3s
[2026-06-01 11:04:31]   [bench] Running execute remote...
[2026-06-01 11:04:38]   [bench] exit=0 passed=1 failed=0
0 missing_trie_node=0
0
[2026-06-01 11:04:38] 
[2026-06-01 11:04:38]   --- storage_sstore_k256_run5 (ubt) write-offset=10500000000 K=256 ---
[2026-06-01 11:04:38]   [geth] Stopping (SIGTERM, waiting up to 120s for clean exit): 1097205
[2026-06-01 11:04:39]   [geth] exited cleanly after 1s
[2026-06-01 11:04:39]   [cache] OS page cache dropped
Fatal: Could not create the account: account already exists
[2026-06-01 11:04:39]   [geth] Starting (ubt, gd=5, cold=1, dev.period=1, 1tx/block)
[2026-06-01 11:04:39]   [geth] Waiting for RPC...
[2026-06-01 11:04:41]   [geth] RPC ready after 3s
[2026-06-01 11:04:41]   [bench] Running execute remote...
[2026-06-01 11:04:49]   [bench] exit=0 passed=1 failed=0
0 missing_trie_node=0
0
[2026-06-01 11:04:49] 
[2026-06-01 11:04:49]   --- storage_sstore_k256_run6 (ubt) write-offset=10600000000 K=256 ---
[2026-06-01 11:04:49]   [geth] Stopping (SIGTERM, waiting up to 120s for clean exit): 1097283
[2026-06-01 11:04:50]   [geth] exited cleanly after 1s
[2026-06-01 11:04:50]   [cache] OS page cache dropped
Fatal: Could not create the account: account already exists
[2026-06-01 11:04:50]   [geth] Starting (ubt, gd=5, cold=1, dev.period=1, 1tx/block)
[2026-06-01 11:04:50]   [geth] Waiting for RPC...
[2026-06-01 11:04:52]   [geth] RPC ready after 3s
[2026-06-01 11:04:52]   [bench] Running execute remote...
[2026-06-01 11:05:01]   [bench] exit=0 passed=1 failed=0
0 missing_trie_node=0
0
[2026-06-01 11:05:01] 
[2026-06-01 11:05:01]   --- storage_sstore_k256_run7 (ubt) write-offset=10700000000 K=256 ---
[2026-06-01 11:05:01]   [geth] Stopping (SIGTERM, waiting up to 120s for clean exit): 1097358
[2026-06-01 11:05:02]   [geth] exited cleanly after 1s
[2026-06-01 11:05:02]   [cache] OS page cache dropped
Fatal: Could not create the account: account already exists
[2026-06-01 11:05:02]   [geth] Starting (ubt, gd=5, cold=1, dev.period=1, 1tx/block)
[2026-06-01 11:05:02]   [geth] Waiting for RPC...
[2026-06-01 11:05:04]   [geth] RPC ready after 3s
[2026-06-01 11:05:04]   [bench] Running execute remote...
[2026-06-01 11:05:11]   [bench] exit=0 passed=1 failed=0
0 missing_trie_node=0
0
[2026-06-01 11:05:11] 
[2026-06-01 11:05:11]   --- storage_sstore_k256_run8 (ubt) write-offset=10800000000 K=256 ---
[2026-06-01 11:05:11]   [geth] Stopping (SIGTERM, waiting up to 120s for clean exit): 1097436
[2026-06-01 11:05:12]   [geth] exited cleanly after 1s
[2026-06-01 11:05:13]   [cache] OS page cache dropped
Fatal: Could not create the account: account already exists
[2026-06-01 11:05:13]   [geth] Starting (ubt, gd=5, cold=1, dev.period=1, 1tx/block)
[2026-06-01 11:05:13]   [geth] Waiting for RPC...
[2026-06-01 11:05:15]   [geth] RPC ready after 3s
[2026-06-01 11:05:15]   [bench] Running execute remote...
[2026-06-01 11:05:21]   [bench] exit=0 passed=1 failed=0
0 missing_trie_node=0
0
[2026-06-01 11:05:21] 
[2026-06-01 11:05:21]   --- storage_sstore_k256_run9 (ubt) write-offset=10900000000 K=256 ---
[2026-06-01 11:05:21]   [geth] Stopping (SIGTERM, waiting up to 120s for clean exit): 1097520
[2026-06-01 11:05:22]   [geth] exited cleanly after 1s
[2026-06-01 11:05:22]   [cache] OS page cache dropped
Fatal: Could not create the account: account already exists
[2026-06-01 11:05:22]   [geth] Starting (ubt, gd=5, cold=1, dev.period=1, 1tx/block)
[2026-06-01 11:05:22]   [geth] Waiting for RPC...
[2026-06-01 11:05:24]   [geth] RPC ready after 3s
[2026-06-01 11:05:24]   [bench] Running execute remote...
[2026-06-01 11:05:32]   [bench] exit=0 passed=1 failed=0
0 missing_trie_node=0
0
[2026-06-01 11:05:32] 
[2026-06-01 11:05:32]   --- storage_sstore_k256_run10 (ubt) write-offset=11000000000 K=256 ---
[2026-06-01 11:05:32]   [geth] Stopping (SIGTERM, waiting up to 120s for clean exit): 1097595
[2026-06-01 11:05:33]   [geth] exited cleanly after 1s
[2026-06-01 11:05:33]   [cache] OS page cache dropped
Fatal: Could not create the account: account already exists
[2026-06-01 11:05:33]   [geth] Starting (ubt, gd=5, cold=1, dev.period=1, 1tx/block)
[2026-06-01 11:05:33]   [geth] Waiting for RPC...
[2026-06-01 11:05:35]   [geth] RPC ready after 3s
[2026-06-01 11:05:35]   [bench] Running execute remote...
[2026-06-01 11:05:41]   [bench] exit=0 passed=1 failed=0
0 missing_trie_node=0
0
[2026-06-01 11:05:41] 
[2026-06-01 11:05:41]   --- storage_sstore_k256_run11 (ubt) write-offset=11100000000 K=256 ---
[2026-06-01 11:05:41]   [geth] Stopping (SIGTERM, waiting up to 120s for clean exit): 1097671
[2026-06-01 11:05:42]   [geth] exited cleanly after 1s
[2026-06-01 11:05:42]   [cache] OS page cache dropped
Fatal: Could not create the account: account already exists
[2026-06-01 11:05:43]   [geth] Starting (ubt, gd=5, cold=1, dev.period=1, 1tx/block)
[2026-06-01 11:05:43]   [geth] Waiting for RPC...
[2026-06-01 11:05:45]   [geth] RPC ready after 3s
[2026-06-01 11:05:45]   [bench] Running execute remote...
[2026-06-01 11:05:51]   [bench] exit=0 passed=1 failed=0
0 missing_trie_node=0
0
[2026-06-01 11:05:51] 
[2026-06-01 11:05:51]   --- storage_sstore_k256_run12 (ubt) write-offset=11200000000 K=256 ---
[2026-06-01 11:05:51]   [geth] Stopping (SIGTERM, waiting up to 120s for clean exit): 1097747
[2026-06-01 11:05:52]   [geth] exited cleanly after 1s
[2026-06-01 11:05:52]   [cache] OS page cache dropped
Fatal: Could not create the account: account already exists
[2026-06-01 11:05:52]   [geth] Starting (ubt, gd=5, cold=1, dev.period=1, 1tx/block)
[2026-06-01 11:05:52]   [geth] Waiting for RPC...
[2026-06-01 11:05:54]   [geth] RPC ready after 3s
[2026-06-01 11:05:54]   [bench] Running execute remote...
[2026-06-01 11:06:01]   [bench] exit=0 passed=1 failed=0
0 missing_trie_node=0
0
[2026-06-01 11:06:01] 
[2026-06-01 11:06:01]   --- storage_sstore_k256_run13 (ubt) write-offset=11300000000 K=256 ---
[2026-06-01 11:06:01]   [geth] Stopping (SIGTERM, waiting up to 120s for clean exit): 1097822
[2026-06-01 11:06:02]   [geth] exited cleanly after 1s
[2026-06-01 11:06:02]   [cache] OS page cache dropped
Fatal: Could not create the account: account already exists
[2026-06-01 11:06:02]   [geth] Starting (ubt, gd=5, cold=1, dev.period=1, 1tx/block)
[2026-06-01 11:06:02]   [geth] Waiting for RPC...
[2026-06-01 11:06:04]   [geth] RPC ready after 3s
[2026-06-01 11:06:04]   [bench] Running execute remote...
[2026-06-01 11:06:10]   [bench] exit=0 passed=1 failed=0
0 missing_trie_node=0
0
[2026-06-01 11:06:10] 
[2026-06-01 11:06:10]   --- storage_sstore_k256_run14 (ubt) write-offset=11400000000 K=256 ---
[2026-06-01 11:06:10]   [geth] Stopping (SIGTERM, waiting up to 120s for clean exit): 1097899
[2026-06-01 11:06:11]   [geth] exited cleanly after 1s
[2026-06-01 11:06:11]   [cache] OS page cache dropped
Fatal: Could not create the account: account already exists
[2026-06-01 11:06:11]   [geth] Starting (ubt, gd=5, cold=1, dev.period=1, 1tx/block)
[2026-06-01 11:06:11]   [geth] Waiting for RPC...
[2026-06-01 11:06:13]   [geth] RPC ready after 3s
[2026-06-01 11:06:13]   [bench] Running execute remote...
[2026-06-01 11:06:20]   [bench] exit=0 passed=1 failed=0
0 missing_trie_node=0
0
[2026-06-01 11:06:20] 
[2026-06-01 11:06:20]   --- storage_sstore_k256_run15 (ubt) write-offset=11500000000 K=256 ---
[2026-06-01 11:06:20]   [geth] Stopping (SIGTERM, waiting up to 120s for clean exit): 1097975
[2026-06-01 11:06:21]   [geth] exited cleanly after 1s
[2026-06-01 11:06:21]   [cache] OS page cache dropped
Fatal: Could not create the account: account already exists
[2026-06-01 11:06:21]   [geth] Starting (ubt, gd=5, cold=1, dev.period=1, 1tx/block)
[2026-06-01 11:06:21]   [geth] Waiting for RPC...
[2026-06-01 11:06:23]   [geth] RPC ready after 3s
[2026-06-01 11:06:23]   [bench] Running execute remote...
[2026-06-01 11:06:29]   [bench] exit=0 passed=1 failed=0
0 missing_trie_node=0
0
[2026-06-01 11:06:29] 
[2026-06-01 11:06:29]   --- storage_sstore_k256_run16 (ubt) write-offset=11600000000 K=256 ---
[2026-06-01 11:06:30]   [geth] Stopping (SIGTERM, waiting up to 120s for clean exit): 1098050
[2026-06-01 11:06:31]   [geth] exited cleanly after 1s
[2026-06-01 11:06:31]   [cache] OS page cache dropped
Fatal: Could not create the account: account already exists
[2026-06-01 11:06:31]   [geth] Starting (ubt, gd=5, cold=1, dev.period=1, 1tx/block)
[2026-06-01 11:06:31]   [geth] Waiting for RPC...
[2026-06-01 11:06:33]   [geth] RPC ready after 3s
[2026-06-01 11:06:33]   [bench] Running execute remote...
[2026-06-01 11:06:39]   [bench] exit=0 passed=1 failed=0
0 missing_trie_node=0
0
[2026-06-01 11:06:39] 
[2026-06-01 11:06:39]   --- storage_sstore_k256_run17 (ubt) write-offset=11700000000 K=256 ---
[2026-06-01 11:06:39]   [geth] Stopping (SIGTERM, waiting up to 120s for clean exit): 1098123
[2026-06-01 11:06:40]   [geth] exited cleanly after 1s
[2026-06-01 11:06:40]   [cache] OS page cache dropped
Fatal: Could not create the account: account already exists
[2026-06-01 11:06:40]   [geth] Starting (ubt, gd=5, cold=1, dev.period=1, 1tx/block)
[2026-06-01 11:06:40]   [geth] Waiting for RPC...
[2026-06-01 11:06:42]   [geth] RPC ready after 3s
[2026-06-01 11:06:42]   [bench] Running execute remote...
[2026-06-01 11:06:49]   [bench] exit=0 passed=1 failed=0
0 missing_trie_node=0
0
[2026-06-01 11:06:49] 
[2026-06-01 11:06:49]   --- storage_sstore_k256_run18 (ubt) write-offset=11800000000 K=256 ---
[2026-06-01 11:06:49]   [geth] Stopping (SIGTERM, waiting up to 120s for clean exit): 1098230
[2026-06-01 11:06:50]   [geth] exited cleanly after 1s
[2026-06-01 11:06:50]   [cache] OS page cache dropped
Fatal: Could not create the account: account already exists
[2026-06-01 11:06:50]   [geth] Starting (ubt, gd=5, cold=1, dev.period=1, 1tx/block)
[2026-06-01 11:06:50]   [geth] Waiting for RPC...
[2026-06-01 11:06:52]   [geth] RPC ready after 3s
[2026-06-01 11:06:52]   [bench] Running execute remote...
[2026-06-01 11:06:59]   [bench] exit=0 passed=1 failed=0
0 missing_trie_node=0
0
[2026-06-01 11:06:59] 
[2026-06-01 11:06:59]   --- storage_sstore_k256_run19 (ubt) write-offset=11900000000 K=256 ---
[2026-06-01 11:06:59]   [geth] Stopping (SIGTERM, waiting up to 120s for clean exit): 1098339
[2026-06-01 11:07:00]   [geth] exited cleanly after 1s
[2026-06-01 11:07:00]   [cache] OS page cache dropped
Fatal: Could not create the account: account already exists
[2026-06-01 11:07:01]   [geth] Starting (ubt, gd=5, cold=1, dev.period=1, 1tx/block)
[2026-06-01 11:07:01]   [geth] Waiting for RPC...
[2026-06-01 11:07:03]   [geth] RPC ready after 3s
[2026-06-01 11:07:03]   [bench] Running execute remote...
[2026-06-01 11:07:09]   [bench] exit=0 passed=1 failed=0
0 missing_trie_node=0
0
[2026-06-01 11:07:09] 
[2026-06-01 11:07:09]   --- storage_sstore_k256_run20 (ubt) write-offset=12000000000 K=256 ---
[2026-06-01 11:07:09]   [geth] Stopping (SIGTERM, waiting up to 120s for clean exit): 1098414
[2026-06-01 11:07:10]   [geth] exited cleanly after 1s
[2026-06-01 11:07:10]   [cache] OS page cache dropped
Fatal: Could not create the account: account already exists
[2026-06-01 11:07:10]   [geth] Starting (ubt, gd=5, cold=1, dev.period=1, 1tx/block)
[2026-06-01 11:07:10]   [geth] Waiting for RPC...
[2026-06-01 11:07:12]   [geth] RPC ready after 3s
[2026-06-01 11:07:12]   [bench] Running execute remote...
[2026-06-01 11:07:18]   [bench] exit=0 passed=1 failed=0
0 missing_trie_node=0
0
[2026-06-01 11:07:19] 
[2026-06-01 11:07:19]   ── BENCHMARK: storage_mixed_k1 (pool=256 contracts; effective K=1)
[2026-06-01 11:07:19] 
[2026-06-01 11:07:19]   --- storage_mixed_k1_run1 (ubt) write-offset=10100000000 K=1 ---
[2026-06-01 11:07:19]   [geth] Stopping (SIGTERM, waiting up to 120s for clean exit): 1098490
[2026-06-01 11:07:20]   [geth] exited cleanly after 1s
[2026-06-01 11:07:20]   [cache] OS page cache dropped
Fatal: Could not create the account: account already exists
[2026-06-01 11:07:20]   [geth] Starting (ubt, gd=5, cold=1, dev.period=1, 1tx/block)
[2026-06-01 11:07:20]   [geth] Waiting for RPC...
[2026-06-01 11:07:22]   [geth] RPC ready after 3s
[2026-06-01 11:07:22]   [bench] Running execute remote...
[2026-06-01 11:07:28]   [bench] exit=0 passed=1 failed=0
0 missing_trie_node=0
0
[2026-06-01 11:07:28] 
[2026-06-01 11:07:28]   --- storage_mixed_k1_run2 (ubt) write-offset=10200000000 K=1 ---
[2026-06-01 11:07:28]   [geth] Stopping (SIGTERM, waiting up to 120s for clean exit): 1098593
[2026-06-01 11:07:29]   [geth] exited cleanly after 1s
[2026-06-01 11:07:29]   [cache] OS page cache dropped
Fatal: Could not create the account: account already exists
[2026-06-01 11:07:29]   [geth] Starting (ubt, gd=5, cold=1, dev.period=1, 1tx/block)
[2026-06-01 11:07:29]   [geth] Waiting for RPC...
[2026-06-01 11:07:31]   [geth] RPC ready after 3s
[2026-06-01 11:07:31]   [bench] Running execute remote...
[2026-06-01 11:07:38]   [bench] exit=0 passed=1 failed=0
0 missing_trie_node=0
0
[2026-06-01 11:07:38] 
[2026-06-01 11:07:38]   --- storage_mixed_k1_run3 (ubt) write-offset=10300000000 K=1 ---
[2026-06-01 11:07:38]   [geth] Stopping (SIGTERM, waiting up to 120s for clean exit): 1098669
[2026-06-01 11:07:39]   [geth] exited cleanly after 1s
[2026-06-01 11:07:39]   [cache] OS page cache dropped
Fatal: Could not create the account: account already exists
[2026-06-01 11:07:39]   [geth] Starting (ubt, gd=5, cold=1, dev.period=1, 1tx/block)
[2026-06-01 11:07:39]   [geth] Waiting for RPC...
[2026-06-01 11:07:41]   [geth] RPC ready after 3s
[2026-06-01 11:07:41]   [bench] Running execute remote...
[2026-06-01 11:07:47]   [bench] exit=0 passed=1 failed=0
0 missing_trie_node=0
0
[2026-06-01 11:07:47] 
[2026-06-01 11:07:47]   --- storage_mixed_k1_run4 (ubt) write-offset=10400000000 K=1 ---
[2026-06-01 11:07:47]   [geth] Stopping (SIGTERM, waiting up to 120s for clean exit): 1098746
[2026-06-01 11:07:48]   [geth] exited cleanly after 1s
[2026-06-01 11:07:49]   [cache] OS page cache dropped
Fatal: Could not create the account: account already exists
[2026-06-01 11:07:49]   [geth] Starting (ubt, gd=5, cold=1, dev.period=1, 1tx/block)
[2026-06-01 11:07:49]   [geth] Waiting for RPC...
[2026-06-01 11:07:51]   [geth] RPC ready after 3s
[2026-06-01 11:07:51]   [bench] Running execute remote...
[2026-06-01 11:07:57]   [bench] exit=0 passed=1 failed=0
0 missing_trie_node=0
0
[2026-06-01 11:07:57] 
[2026-06-01 11:07:57]   --- storage_mixed_k1_run5 (ubt) write-offset=10500000000 K=1 ---
[2026-06-01 11:07:57]   [geth] Stopping (SIGTERM, waiting up to 120s for clean exit): 1098821
[2026-06-01 11:07:58]   [geth] exited cleanly after 1s
[2026-06-01 11:07:58]   [cache] OS page cache dropped
Fatal: Could not create the account: account already exists
[2026-06-01 11:07:58]   [geth] Starting (ubt, gd=5, cold=1, dev.period=1, 1tx/block)
[2026-06-01 11:07:58]   [geth] Waiting for RPC...
[2026-06-01 11:08:00]   [geth] RPC ready after 3s
[2026-06-01 11:08:00]   [bench] Running execute remote...
[2026-06-01 11:08:07]   [bench] exit=0 passed=1 failed=0
0 missing_trie_node=0
0
[2026-06-01 11:08:07] 
[2026-06-01 11:08:07]   --- storage_mixed_k1_run6 (ubt) write-offset=10600000000 K=1 ---
[2026-06-01 11:08:07]   [geth] Stopping (SIGTERM, waiting up to 120s for clean exit): 1098896
[2026-06-01 11:08:08]   [geth] exited cleanly after 1s
[2026-06-01 11:08:08]   [cache] OS page cache dropped
Fatal: Could not create the account: account already exists
[2026-06-01 11:08:08]   [geth] Starting (ubt, gd=5, cold=1, dev.period=1, 1tx/block)
[2026-06-01 11:08:08]   [geth] Waiting for RPC...
[2026-06-01 11:08:10]   [geth] RPC ready after 3s
[2026-06-01 11:08:10]   [bench] Running execute remote...
[2026-06-01 11:08:18]   [bench] exit=0 passed=1 failed=0
0 missing_trie_node=0
0
[2026-06-01 11:08:18] 
[2026-06-01 11:08:18]   --- storage_mixed_k1_run7 (ubt) write-offset=10700000000 K=1 ---
[2026-06-01 11:08:18]   [geth] Stopping (SIGTERM, waiting up to 120s for clean exit): 1098971
[2026-06-01 11:08:19]   [geth] exited cleanly after 1s
[2026-06-01 11:08:19]   [cache] OS page cache dropped
Fatal: Could not create the account: account already exists
[2026-06-01 11:08:19]   [geth] Starting (ubt, gd=5, cold=1, dev.period=1, 1tx/block)
[2026-06-01 11:08:19]   [geth] Waiting for RPC...
[2026-06-01 11:08:21]   [geth] RPC ready after 3s
[2026-06-01 11:08:21]   [bench] Running execute remote...
[2026-06-01 11:08:27]   [bench] exit=0 passed=1 failed=0
0 missing_trie_node=0
0
[2026-06-01 11:08:27] 
[2026-06-01 11:08:27]   --- storage_mixed_k1_run8 (ubt) write-offset=10800000000 K=1 ---
[2026-06-01 11:08:27]   [geth] Stopping (SIGTERM, waiting up to 120s for clean exit): 1099047
[2026-06-01 11:08:28]   [geth] exited cleanly after 1s
[2026-06-01 11:08:28]   [cache] OS page cache dropped
Fatal: Could not create the account: account already exists
[2026-06-01 11:08:28]   [geth] Starting (ubt, gd=5, cold=1, dev.period=1, 1tx/block)
[2026-06-01 11:08:28]   [geth] Waiting for RPC...
[2026-06-01 11:08:30]   [geth] RPC ready after 3s
[2026-06-01 11:08:30]   [bench] Running execute remote...
[2026-06-01 11:08:37]   [bench] exit=0 passed=1 failed=0
0 missing_trie_node=0
0
[2026-06-01 11:08:37] 
[2026-06-01 11:08:37]   --- storage_mixed_k1_run9 (ubt) write-offset=10900000000 K=1 ---
[2026-06-01 11:08:37]   [geth] Stopping (SIGTERM, waiting up to 120s for clean exit): 1099121
[2026-06-01 11:08:38]   [geth] exited cleanly after 1s
[2026-06-01 11:08:38]   [cache] OS page cache dropped
Fatal: Could not create the account: account already exists
[2026-06-01 11:08:38]   [geth] Starting (ubt, gd=5, cold=1, dev.period=1, 1tx/block)
[2026-06-01 11:08:38]   [geth] Waiting for RPC...
[2026-06-01 11:08:40]   [geth] RPC ready after 3s
[2026-06-01 11:08:40]   [bench] Running execute remote...
[2026-06-01 11:08:46]   [bench] exit=0 passed=1 failed=0
0 missing_trie_node=0
0
[2026-06-01 11:08:46] 
[2026-06-01 11:08:46]   --- storage_mixed_k1_run10 (ubt) write-offset=11000000000 K=1 ---
[2026-06-01 11:08:46]   [geth] Stopping (SIGTERM, waiting up to 120s for clean exit): 1099198
[2026-06-01 11:08:47]   [geth] exited cleanly after 1s
[2026-06-01 11:08:47]   [cache] OS page cache dropped
Fatal: Could not create the account: account already exists
[2026-06-01 11:08:48]   [geth] Starting (ubt, gd=5, cold=1, dev.period=1, 1tx/block)
[2026-06-01 11:08:48]   [geth] Waiting for RPC...
[2026-06-01 11:08:50]   [geth] RPC ready after 3s
[2026-06-01 11:08:50]   [bench] Running execute remote...
[2026-06-01 11:08:57]   [bench] exit=0 passed=1 failed=0
0 missing_trie_node=0
0
[2026-06-01 11:08:57] 
[2026-06-01 11:08:57]   --- storage_mixed_k1_run11 (ubt) write-offset=11100000000 K=1 ---
[2026-06-01 11:08:57]   [geth] Stopping (SIGTERM, waiting up to 120s for clean exit): 1099274
[2026-06-01 11:08:58]   [geth] exited cleanly after 1s
[2026-06-01 11:08:58]   [cache] OS page cache dropped
Fatal: Could not create the account: account already exists
[2026-06-01 11:08:58]   [geth] Starting (ubt, gd=5, cold=1, dev.period=1, 1tx/block)
[2026-06-01 11:08:58]   [geth] Waiting for RPC...
[2026-06-01 11:09:00]   [geth] RPC ready after 3s
[2026-06-01 11:09:00]   [bench] Running execute remote...
[2026-06-01 11:09:07]   [bench] exit=0 passed=1 failed=0
0 missing_trie_node=0
0
[2026-06-01 11:09:07] 
[2026-06-01 11:09:07]   --- storage_mixed_k1_run12 (ubt) write-offset=11200000000 K=1 ---
[2026-06-01 11:09:07]   [geth] Stopping (SIGTERM, waiting up to 120s for clean exit): 1099348
[2026-06-01 11:09:08]   [geth] exited cleanly after 1s
[2026-06-01 11:09:08]   [cache] OS page cache dropped
Fatal: Could not create the account: account already exists
[2026-06-01 11:09:08]   [geth] Starting (ubt, gd=5, cold=1, dev.period=1, 1tx/block)
[2026-06-01 11:09:08]   [geth] Waiting for RPC...
[2026-06-01 11:09:10]   [geth] RPC ready after 3s
[2026-06-01 11:09:10]   [bench] Running execute remote...
[2026-06-01 11:09:17]   [bench] exit=0 passed=1 failed=0
0 missing_trie_node=0
0
[2026-06-01 11:09:17] 
[2026-06-01 11:09:17]   --- storage_mixed_k1_run13 (ubt) write-offset=11300000000 K=1 ---
[2026-06-01 11:09:17]   [geth] Stopping (SIGTERM, waiting up to 120s for clean exit): 1099424
[2026-06-01 11:09:18]   [geth] exited cleanly after 1s
[2026-06-01 11:09:18]   [cache] OS page cache dropped
Fatal: Could not create the account: account already exists
[2026-06-01 11:09:18]   [geth] Starting (ubt, gd=5, cold=1, dev.period=1, 1tx/block)
[2026-06-01 11:09:18]   [geth] Waiting for RPC...
[2026-06-01 11:09:21]   [geth] RPC ready after 3s
[2026-06-01 11:09:21]   [bench] Running execute remote...
[2026-06-01 11:09:27]   [bench] exit=0 passed=1 failed=0
0 missing_trie_node=0
0
[2026-06-01 11:09:27] 
[2026-06-01 11:09:27]   --- storage_mixed_k1_run14 (ubt) write-offset=11400000000 K=1 ---
[2026-06-01 11:09:27]   [geth] Stopping (SIGTERM, waiting up to 120s for clean exit): 1099500
[2026-06-01 11:09:28]   [geth] exited cleanly after 1s
[2026-06-01 11:09:28]   [cache] OS page cache dropped
Fatal: Could not create the account: account already exists
[2026-06-01 11:09:28]   [geth] Starting (ubt, gd=5, cold=1, dev.period=1, 1tx/block)
[2026-06-01 11:09:28]   [geth] Waiting for RPC...
[2026-06-01 11:09:30]   [geth] RPC ready after 3s
[2026-06-01 11:09:30]   [bench] Running execute remote...
[2026-06-01 11:09:37]   [bench] exit=0 passed=1 failed=0
0 missing_trie_node=0
0
[2026-06-01 11:09:37] 
[2026-06-01 11:09:37]   --- storage_mixed_k1_run15 (ubt) write-offset=11500000000 K=1 ---
[2026-06-01 11:09:37]   [geth] Stopping (SIGTERM, waiting up to 120s for clean exit): 1099576
[2026-06-01 11:09:38]   [geth] exited cleanly after 1s
[2026-06-01 11:09:38]   [cache] OS page cache dropped
Fatal: Could not create the account: account already exists
[2026-06-01 11:09:38]   [geth] Starting (ubt, gd=5, cold=1, dev.period=1, 1tx/block)
[2026-06-01 11:09:38]   [geth] Waiting for RPC...
[2026-06-01 11:09:40]   [geth] RPC ready after 3s
[2026-06-01 11:09:40]   [bench] Running execute remote...
[2026-06-01 11:09:46]   [bench] exit=0 passed=1 failed=0
0 missing_trie_node=0
0
[2026-06-01 11:09:46] 
[2026-06-01 11:09:46]   --- storage_mixed_k1_run16 (ubt) write-offset=11600000000 K=1 ---
[2026-06-01 11:09:46]   [geth] Stopping (SIGTERM, waiting up to 120s for clean exit): 1099653
[2026-06-01 11:09:47]   [geth] exited cleanly after 1s
[2026-06-01 11:09:47]   [cache] OS page cache dropped
Fatal: Could not create the account: account already exists
[2026-06-01 11:09:47]   [geth] Starting (ubt, gd=5, cold=1, dev.period=1, 1tx/block)
[2026-06-01 11:09:47]   [geth] Waiting for RPC...
[2026-06-01 11:09:49]   [geth] RPC ready after 3s
[2026-06-01 11:09:49]   [bench] Running execute remote...
[2026-06-01 11:09:56]   [bench] exit=0 passed=1 failed=0
0 missing_trie_node=0
0
[2026-06-01 11:09:56] 
[2026-06-01 11:09:56]   --- storage_mixed_k1_run17 (ubt) write-offset=11700000000 K=1 ---
[2026-06-01 11:09:56]   [geth] Stopping (SIGTERM, waiting up to 120s for clean exit): 1099725
[2026-06-01 11:09:57]   [geth] exited cleanly after 1s
[2026-06-01 11:09:57]   [cache] OS page cache dropped
Fatal: Could not create the account: account already exists
[2026-06-01 11:09:57]   [geth] Starting (ubt, gd=5, cold=1, dev.period=1, 1tx/block)
[2026-06-01 11:09:57]   [geth] Waiting for RPC...
[2026-06-01 11:09:59]   [geth] RPC ready after 3s
[2026-06-01 11:09:59]   [bench] Running execute remote...
[2026-06-01 11:10:07]   [bench] exit=0 passed=1 failed=0
0 missing_trie_node=0
0
[2026-06-01 11:10:07] 
[2026-06-01 11:10:07]   --- storage_mixed_k1_run18 (ubt) write-offset=11800000000 K=1 ---
[2026-06-01 11:10:07]   [geth] Stopping (SIGTERM, waiting up to 120s for clean exit): 1099798
[2026-06-01 11:10:08]   [geth] exited cleanly after 1s
[2026-06-01 11:10:08]   [cache] OS page cache dropped
Fatal: Could not create the account: account already exists
[2026-06-01 11:10:08]   [geth] Starting (ubt, gd=5, cold=1, dev.period=1, 1tx/block)
[2026-06-01 11:10:08]   [geth] Waiting for RPC...
[2026-06-01 11:10:10]   [geth] RPC ready after 3s
[2026-06-01 11:10:10]   [bench] Running execute remote...
[2026-06-01 11:10:17]   [bench] exit=0 passed=1 failed=0
0 missing_trie_node=0
0
[2026-06-01 11:10:17] 
[2026-06-01 11:10:17]   --- storage_mixed_k1_run19 (ubt) write-offset=11900000000 K=1 ---
[2026-06-01 11:10:17]   [geth] Stopping (SIGTERM, waiting up to 120s for clean exit): 1099876
[2026-06-01 11:10:18]   [geth] exited cleanly after 1s
[2026-06-01 11:10:18]   [cache] OS page cache dropped
Fatal: Could not create the account: account already exists
[2026-06-01 11:10:18]   [geth] Starting (ubt, gd=5, cold=1, dev.period=1, 1tx/block)
[2026-06-01 11:10:18]   [geth] Waiting for RPC...
[2026-06-01 11:10:21]   [geth] RPC ready after 3s
[2026-06-01 11:10:21]   [bench] Running execute remote...
[2026-06-01 11:10:27]   [bench] exit=0 passed=1 failed=0
0 missing_trie_node=0
0
[2026-06-01 11:10:27] 
[2026-06-01 11:10:27]   --- storage_mixed_k1_run20 (ubt) write-offset=12000000000 K=1 ---
[2026-06-01 11:10:27]   [geth] Stopping (SIGTERM, waiting up to 120s for clean exit): 1099951
[2026-06-01 11:10:28]   [geth] exited cleanly after 1s
[2026-06-01 11:10:28]   [cache] OS page cache dropped
Fatal: Could not create the account: account already exists
[2026-06-01 11:10:28]   [geth] Starting (ubt, gd=5, cold=1, dev.period=1, 1tx/block)
[2026-06-01 11:10:28]   [geth] Waiting for RPC...
[2026-06-01 11:10:30]   [geth] RPC ready after 3s
[2026-06-01 11:10:30]   [bench] Running execute remote...
[2026-06-01 11:10:38]   [bench] exit=0 passed=1 failed=0
0 missing_trie_node=0
0
[2026-06-01 11:10:38] 
[2026-06-01 11:10:38]   ── BENCHMARK: storage_mixed_k10 (pool=256 contracts; effective K=10)
[2026-06-01 11:10:38] 
[2026-06-01 11:10:38]   --- storage_mixed_k10_run1 (ubt) write-offset=10100000000 K=10 ---
[2026-06-01 11:10:38]   [geth] Stopping (SIGTERM, waiting up to 120s for clean exit): 1100028
[2026-06-01 11:10:39]   [geth] exited cleanly after 1s
[2026-06-01 11:10:39]   [cache] OS page cache dropped
Fatal: Could not create the account: account already exists
[2026-06-01 11:10:39]   [geth] Starting (ubt, gd=5, cold=1, dev.period=1, 1tx/block)
[2026-06-01 11:10:39]   [geth] Waiting for RPC...
[2026-06-01 11:10:41]   [geth] RPC ready after 3s
[2026-06-01 11:10:41]   [bench] Running execute remote...
[2026-06-01 11:10:47]   [bench] exit=0 passed=1 failed=0
0 missing_trie_node=0
0
[2026-06-01 11:10:47] 
[2026-06-01 11:10:47]   --- storage_mixed_k10_run2 (ubt) write-offset=10200000000 K=10 ---
[2026-06-01 11:10:47]   [geth] Stopping (SIGTERM, waiting up to 120s for clean exit): 1100129
[2026-06-01 11:10:48]   [geth] exited cleanly after 1s
[2026-06-01 11:10:49]   [cache] OS page cache dropped
Fatal: Could not create the account: account already exists
[2026-06-01 11:10:49]   [geth] Starting (ubt, gd=5, cold=1, dev.period=1, 1tx/block)
[2026-06-01 11:10:49]   [geth] Waiting for RPC...
[2026-06-01 11:10:51]   [geth] RPC ready after 3s
[2026-06-01 11:10:51]   [bench] Running execute remote...
[2026-06-01 11:10:57]   [bench] exit=0 passed=1 failed=0
0 missing_trie_node=0
0
[2026-06-01 11:10:57] 
[2026-06-01 11:10:57]   --- storage_mixed_k10_run3 (ubt) write-offset=10300000000 K=10 ---
[2026-06-01 11:10:57]   [geth] Stopping (SIGTERM, waiting up to 120s for clean exit): 1100208
[2026-06-01 11:10:58]   [geth] exited cleanly after 1s
[2026-06-01 11:10:58]   [cache] OS page cache dropped
Fatal: Could not create the account: account already exists
[2026-06-01 11:10:58]   [geth] Starting (ubt, gd=5, cold=1, dev.period=1, 1tx/block)
[2026-06-01 11:10:58]   [geth] Waiting for RPC...
[2026-06-01 11:11:00]   [geth] RPC ready after 3s
[2026-06-01 11:11:00]   [bench] Running execute remote...
[2026-06-01 11:11:07]   [bench] exit=0 passed=1 failed=0
0 missing_trie_node=0
0
[2026-06-01 11:11:07] 
[2026-06-01 11:11:07]   --- storage_mixed_k10_run4 (ubt) write-offset=10400000000 K=10 ---
[2026-06-01 11:11:07]   [geth] Stopping (SIGTERM, waiting up to 120s for clean exit): 1100291
[2026-06-01 11:11:08]   [geth] exited cleanly after 1s
[2026-06-01 11:11:08]   [cache] OS page cache dropped
Fatal: Could not create the account: account already exists
[2026-06-01 11:11:08]   [geth] Starting (ubt, gd=5, cold=1, dev.period=1, 1tx/block)
[2026-06-01 11:11:08]   [geth] Waiting for RPC...
[2026-06-01 11:11:10]   [geth] RPC ready after 3s
[2026-06-01 11:11:10]   [bench] Running execute remote...
[2026-06-01 11:11:18]   [bench] exit=0 passed=1 failed=0
0 missing_trie_node=0
0
[2026-06-01 11:11:18] 
[2026-06-01 11:11:18]   --- storage_mixed_k10_run5 (ubt) write-offset=10500000000 K=10 ---
[2026-06-01 11:11:18]   [geth] Stopping (SIGTERM, waiting up to 120s for clean exit): 1100366
[2026-06-01 11:11:19]   [geth] exited cleanly after 1s
[2026-06-01 11:11:19]   [cache] OS page cache dropped
Fatal: Could not create the account: account already exists
[2026-06-01 11:11:19]   [geth] Starting (ubt, gd=5, cold=1, dev.period=1, 1tx/block)
[2026-06-01 11:11:19]   [geth] Waiting for RPC...
[2026-06-01 11:11:21]   [geth] RPC ready after 3s
[2026-06-01 11:11:21]   [bench] Running execute remote...
[2026-06-01 11:11:28]   [bench] exit=0 passed=1 failed=0
0 missing_trie_node=0
0
[2026-06-01 11:11:28] 
[2026-06-01 11:11:28]   --- storage_mixed_k10_run6 (ubt) write-offset=10600000000 K=10 ---
[2026-06-01 11:11:28]   [geth] Stopping (SIGTERM, waiting up to 120s for clean exit): 1100441
[2026-06-01 11:11:29]   [geth] exited cleanly after 1s
[2026-06-01 11:11:30]   [cache] OS page cache dropped
Fatal: Could not create the account: account already exists
[2026-06-01 11:11:30]   [geth] Starting (ubt, gd=5, cold=1, dev.period=1, 1tx/block)
[2026-06-01 11:11:30]   [geth] Waiting for RPC...
[2026-06-01 11:11:32]   [geth] RPC ready after 3s
[2026-06-01 11:11:32]   [bench] Running execute remote...
[2026-06-01 11:11:39]   [bench] exit=0 passed=1 failed=0
0 missing_trie_node=0
0
[2026-06-01 11:11:39] 
[2026-06-01 11:11:39]   --- storage_mixed_k10_run7 (ubt) write-offset=10700000000 K=10 ---
[2026-06-01 11:11:39]   [geth] Stopping (SIGTERM, waiting up to 120s for clean exit): 1100514
[2026-06-01 11:11:40]   [geth] exited cleanly after 1s
[2026-06-01 11:11:40]   [cache] OS page cache dropped
Fatal: Could not create the account: account already exists
[2026-06-01 11:11:40]   [geth] Starting (ubt, gd=5, cold=1, dev.period=1, 1tx/block)
[2026-06-01 11:11:40]   [geth] Waiting for RPC...
[2026-06-01 11:11:42]   [geth] RPC ready after 3s
[2026-06-01 11:11:42]   [bench] Running execute remote...
[2026-06-01 11:11:50]   [bench] exit=0 passed=1 failed=0
0 missing_trie_node=0
0
[2026-06-01 11:11:50] 
[2026-06-01 11:11:50]   --- storage_mixed_k10_run8 (ubt) write-offset=10800000000 K=10 ---
[2026-06-01 11:11:50]   [geth] Stopping (SIGTERM, waiting up to 120s for clean exit): 1100590
[2026-06-01 11:11:51]   [geth] exited cleanly after 1s
[2026-06-01 11:11:51]   [cache] OS page cache dropped
Fatal: Could not create the account: account already exists
[2026-06-01 11:11:51]   [geth] Starting (ubt, gd=5, cold=1, dev.period=1, 1tx/block)
[2026-06-01 11:11:51]   [geth] Waiting for RPC...
[2026-06-01 11:11:53]   [geth] RPC ready after 3s
[2026-06-01 11:11:53]   [bench] Running execute remote...
[2026-06-01 11:12:00]   [bench] exit=0 passed=1 failed=0
0 missing_trie_node=0
0
[2026-06-01 11:12:00] 
[2026-06-01 11:12:00]   --- storage_mixed_k10_run9 (ubt) write-offset=10900000000 K=10 ---
[2026-06-01 11:12:00]   [geth] Stopping (SIGTERM, waiting up to 120s for clean exit): 1100664
[2026-06-01 11:12:01]   [geth] exited cleanly after 1s
[2026-06-01 11:12:01]   [cache] OS page cache dropped
Fatal: Could not create the account: account already exists
[2026-06-01 11:12:01]   [geth] Starting (ubt, gd=5, cold=1, dev.period=1, 1tx/block)
[2026-06-01 11:12:01]   [geth] Waiting for RPC...
[2026-06-01 11:12:03]   [geth] RPC ready after 3s
[2026-06-01 11:12:03]   [bench] Running execute remote...
[2026-06-01 11:12:09]   [bench] exit=0 passed=1 failed=0
0 missing_trie_node=0
0
[2026-06-01 11:12:09] 
[2026-06-01 11:12:09]   --- storage_mixed_k10_run10 (ubt) write-offset=11000000000 K=10 ---
[2026-06-01 11:12:09]   [geth] Stopping (SIGTERM, waiting up to 120s for clean exit): 1100737
[2026-06-01 11:12:10]   [geth] exited cleanly after 1s
[2026-06-01 11:12:10]   [cache] OS page cache dropped
Fatal: Could not create the account: account already exists
[2026-06-01 11:12:11]   [geth] Starting (ubt, gd=5, cold=1, dev.period=1, 1tx/block)
[2026-06-01 11:12:11]   [geth] Waiting for RPC...
[2026-06-01 11:12:13]   [geth] RPC ready after 3s
[2026-06-01 11:12:13]   [bench] Running execute remote...
[2026-06-01 11:12:19]   [bench] exit=0 passed=1 failed=0
0 missing_trie_node=0
0
[2026-06-01 11:12:19] 
[2026-06-01 11:12:19]   --- storage_mixed_k10_run11 (ubt) write-offset=11100000000 K=10 ---
[2026-06-01 11:12:19]   [geth] Stopping (SIGTERM, waiting up to 120s for clean exit): 1100815
[2026-06-01 11:12:20]   [geth] exited cleanly after 1s
[2026-06-01 11:12:20]   [cache] OS page cache dropped
Fatal: Could not create the account: account already exists
[2026-06-01 11:12:20]   [geth] Starting (ubt, gd=5, cold=1, dev.period=1, 1tx/block)
[2026-06-01 11:12:20]   [geth] Waiting for RPC...
[2026-06-01 11:12:22]   [geth] RPC ready after 3s
[2026-06-01 11:12:22]   [bench] Running execute remote...
[2026-06-01 11:12:28]   [bench] exit=0 passed=1 failed=0
0 missing_trie_node=0
0
[2026-06-01 11:12:28] 
[2026-06-01 11:12:28]   --- storage_mixed_k10_run12 (ubt) write-offset=11200000000 K=10 ---
[2026-06-01 11:12:28]   [geth] Stopping (SIGTERM, waiting up to 120s for clean exit): 1100892
[2026-06-01 11:12:29]   [geth] exited cleanly after 1s
[2026-06-01 11:12:30]   [cache] OS page cache dropped
Fatal: Could not create the account: account already exists
[2026-06-01 11:12:30]   [geth] Starting (ubt, gd=5, cold=1, dev.period=1, 1tx/block)
[2026-06-01 11:12:30]   [geth] Waiting for RPC...
[2026-06-01 11:12:32]   [geth] RPC ready after 3s
[2026-06-01 11:12:32]   [bench] Running execute remote...
[2026-06-01 11:12:38]   [bench] exit=0 passed=1 failed=0
0 missing_trie_node=0
0
[2026-06-01 11:12:38] 
[2026-06-01 11:12:38]   --- storage_mixed_k10_run13 (ubt) write-offset=11300000000 K=10 ---
[2026-06-01 11:12:38]   [geth] Stopping (SIGTERM, waiting up to 120s for clean exit): 1100967
[2026-06-01 11:12:39]   [geth] exited cleanly after 1s
[2026-06-01 11:12:39]   [cache] OS page cache dropped
Fatal: Could not create the account: account already exists
[2026-06-01 11:12:39]   [geth] Starting (ubt, gd=5, cold=1, dev.period=1, 1tx/block)
[2026-06-01 11:12:39]   [geth] Waiting for RPC...
[2026-06-01 11:12:41]   [geth] RPC ready after 3s
[2026-06-01 11:12:41]   [bench] Running execute remote...
[2026-06-01 11:12:49]   [bench] exit=0 passed=1 failed=0
0 missing_trie_node=0
0
[2026-06-01 11:12:49] 
[2026-06-01 11:12:49]   --- storage_mixed_k10_run14 (ubt) write-offset=11400000000 K=10 ---
[2026-06-01 11:12:49]   [geth] Stopping (SIGTERM, waiting up to 120s for clean exit): 1101046
[2026-06-01 11:12:50]   [geth] exited cleanly after 1s
[2026-06-01 11:12:50]   [cache] OS page cache dropped
Fatal: Could not create the account: account already exists
[2026-06-01 11:12:50]   [geth] Starting (ubt, gd=5, cold=1, dev.period=1, 1tx/block)
[2026-06-01 11:12:50]   [geth] Waiting for RPC...
[2026-06-01 11:12:52]   [geth] RPC ready after 3s
[2026-06-01 11:12:52]   [bench] Running execute remote...
[2026-06-01 11:12:59]   [bench] exit=0 passed=1 failed=0
0 missing_trie_node=0
0
[2026-06-01 11:12:59] 
[2026-06-01 11:12:59]   --- storage_mixed_k10_run15 (ubt) write-offset=11500000000 K=10 ---
[2026-06-01 11:12:59]   [geth] Stopping (SIGTERM, waiting up to 120s for clean exit): 1101121
[2026-06-01 11:13:00]   [geth] exited cleanly after 1s
[2026-06-01 11:13:01]   [cache] OS page cache dropped
Fatal: Could not create the account: account already exists
[2026-06-01 11:13:01]   [geth] Starting (ubt, gd=5, cold=1, dev.period=1, 1tx/block)
[2026-06-01 11:13:01]   [geth] Waiting for RPC...
[2026-06-01 11:13:03]   [geth] RPC ready after 3s
[2026-06-01 11:13:03]   [bench] Running execute remote...
[2026-06-01 11:13:10]   [bench] exit=0 passed=1 failed=0
0 missing_trie_node=0
0
[2026-06-01 11:13:10] 
[2026-06-01 11:13:10]   --- storage_mixed_k10_run16 (ubt) write-offset=11600000000 K=10 ---
[2026-06-01 11:13:10]   [geth] Stopping (SIGTERM, waiting up to 120s for clean exit): 1101195
[2026-06-01 11:13:11]   [geth] exited cleanly after 1s
[2026-06-01 11:13:11]   [cache] OS page cache dropped
Fatal: Could not create the account: account already exists
[2026-06-01 11:13:11]   [geth] Starting (ubt, gd=5, cold=1, dev.period=1, 1tx/block)
[2026-06-01 11:13:11]   [geth] Waiting for RPC...
[2026-06-01 11:13:13]   [geth] RPC ready after 3s
[2026-06-01 11:13:13]   [bench] Running execute remote...
[2026-06-01 11:13:20]   [bench] exit=0 passed=1 failed=0
0 missing_trie_node=0
0
[2026-06-01 11:13:20] 
[2026-06-01 11:13:20]   --- storage_mixed_k10_run17 (ubt) write-offset=11700000000 K=10 ---
[2026-06-01 11:13:20]   [geth] Stopping (SIGTERM, waiting up to 120s for clean exit): 1101271
[2026-06-01 11:13:21]   [geth] exited cleanly after 1s
[2026-06-01 11:13:21]   [cache] OS page cache dropped
Fatal: Could not create the account: account already exists
[2026-06-01 11:13:21]   [geth] Starting (ubt, gd=5, cold=1, dev.period=1, 1tx/block)
[2026-06-01 11:13:21]   [geth] Waiting for RPC...
[2026-06-01 11:13:23]   [geth] RPC ready after 3s
[2026-06-01 11:13:23]   [bench] Running execute remote...
[2026-06-01 11:13:29]   [bench] exit=0 passed=1 failed=0
0 missing_trie_node=0
0
[2026-06-01 11:13:29] 
[2026-06-01 11:13:29]   --- storage_mixed_k10_run18 (ubt) write-offset=11800000000 K=10 ---
[2026-06-01 11:13:29]   [geth] Stopping (SIGTERM, waiting up to 120s for clean exit): 1101346
[2026-06-01 11:13:30]   [geth] exited cleanly after 1s
[2026-06-01 11:13:31]   [cache] OS page cache dropped
Fatal: Could not create the account: account already exists
[2026-06-01 11:13:31]   [geth] Starting (ubt, gd=5, cold=1, dev.period=1, 1tx/block)
[2026-06-01 11:13:31]   [geth] Waiting for RPC...
[2026-06-01 11:13:33]   [geth] RPC ready after 3s
[2026-06-01 11:13:33]   [bench] Running execute remote...
[2026-06-01 11:13:40]   [bench] exit=0 passed=1 failed=0
0 missing_trie_node=0
0
[2026-06-01 11:13:40] 
[2026-06-01 11:13:40]   --- storage_mixed_k10_run19 (ubt) write-offset=11900000000 K=10 ---
[2026-06-01 11:13:40]   [geth] Stopping (SIGTERM, waiting up to 120s for clean exit): 1101422
[2026-06-01 11:13:41]   [geth] exited cleanly after 1s
[2026-06-01 11:13:41]   [cache] OS page cache dropped
Fatal: Could not create the account: account already exists
[2026-06-01 11:13:41]   [geth] Starting (ubt, gd=5, cold=1, dev.period=1, 1tx/block)
[2026-06-01 11:13:41]   [geth] Waiting for RPC...
[2026-06-01 11:13:43]   [geth] RPC ready after 3s
[2026-06-01 11:13:43]   [bench] Running execute remote...
[2026-06-01 11:13:51]   [bench] exit=0 passed=1 failed=0
0 missing_trie_node=0
0
[2026-06-01 11:13:51] 
[2026-06-01 11:13:51]   --- storage_mixed_k10_run20 (ubt) write-offset=12000000000 K=10 ---
[2026-06-01 11:13:51]   [geth] Stopping (SIGTERM, waiting up to 120s for clean exit): 1101498
[2026-06-01 11:13:52]   [geth] exited cleanly after 1s
[2026-06-01 11:13:52]   [cache] OS page cache dropped
Fatal: Could not create the account: account already exists
[2026-06-01 11:13:52]   [geth] Starting (ubt, gd=5, cold=1, dev.period=1, 1tx/block)
[2026-06-01 11:13:52]   [geth] Waiting for RPC...
[2026-06-01 11:13:54]   [geth] RPC ready after 3s
[2026-06-01 11:13:54]   [bench] Running execute remote...
[2026-06-01 11:14:00]   [bench] exit=0 passed=1 failed=0
0 missing_trie_node=0
0
[2026-06-01 11:14:00] 
[2026-06-01 11:14:00]   ── BENCHMARK: storage_mixed_k100 (pool=256 contracts; effective K=100)
[2026-06-01 11:14:00] 
[2026-06-01 11:14:00]   --- storage_mixed_k100_run1 (ubt) write-offset=10100000000 K=100 ---
[2026-06-01 11:14:00]   [geth] Stopping (SIGTERM, waiting up to 120s for clean exit): 1101571
[2026-06-01 11:14:01]   [geth] exited cleanly after 1s
[2026-06-01 11:14:02]   [cache] OS page cache dropped
Fatal: Could not create the account: account already exists
[2026-06-01 11:14:02]   [geth] Starting (ubt, gd=5, cold=1, dev.period=1, 1tx/block)
[2026-06-01 11:14:02]   [geth] Waiting for RPC...
[2026-06-01 11:14:04]   [geth] RPC ready after 3s
[2026-06-01 11:14:04]   [bench] Running execute remote...
[2026-06-01 11:14:11]   [bench] exit=0 passed=1 failed=0
0 missing_trie_node=0
0
[2026-06-01 11:14:11] 
[2026-06-01 11:14:11]   --- storage_mixed_k100_run2 (ubt) write-offset=10200000000 K=100 ---
[2026-06-01 11:14:11]   [geth] Stopping (SIGTERM, waiting up to 120s for clean exit): 1101671
[2026-06-01 11:14:12]   [geth] exited cleanly after 1s
[2026-06-01 11:14:12]   [cache] OS page cache dropped
Fatal: Could not create the account: account already exists
[2026-06-01 11:14:12]   [geth] Starting (ubt, gd=5, cold=1, dev.period=1, 1tx/block)
[2026-06-01 11:14:12]   [geth] Waiting for RPC...
[2026-06-01 11:14:14]   [geth] RPC ready after 3s
[2026-06-01 11:14:14]   [bench] Running execute remote...
[2026-06-01 11:14:22]   [bench] exit=0 passed=1 failed=0
0 missing_trie_node=0
0
[2026-06-01 11:14:22] 
[2026-06-01 11:14:22]   --- storage_mixed_k100_run3 (ubt) write-offset=10300000000 K=100 ---
[2026-06-01 11:14:22]   [geth] Stopping (SIGTERM, waiting up to 120s for clean exit): 1101748
[2026-06-01 11:14:23]   [geth] exited cleanly after 1s
[2026-06-01 11:14:23]   [cache] OS page cache dropped
Fatal: Could not create the account: account already exists
[2026-06-01 11:14:23]   [geth] Starting (ubt, gd=5, cold=1, dev.period=1, 1tx/block)
[2026-06-01 11:14:23]   [geth] Waiting for RPC...
[2026-06-01 11:14:25]   [geth] RPC ready after 3s
[2026-06-01 11:14:25]   [bench] Running execute remote...
[2026-06-01 11:14:32]   [bench] exit=0 passed=1 failed=0
0 missing_trie_node=0
0
[2026-06-01 11:14:32] 
[2026-06-01 11:14:32]   --- storage_mixed_k100_run4 (ubt) write-offset=10400000000 K=100 ---
[2026-06-01 11:14:32]   [geth] Stopping (SIGTERM, waiting up to 120s for clean exit): 1101823
[2026-06-01 11:14:33]   [geth] exited cleanly after 1s
[2026-06-01 11:14:34]   [cache] OS page cache dropped
Fatal: Could not create the account: account already exists
[2026-06-01 11:14:34]   [geth] Starting (ubt, gd=5, cold=1, dev.period=1, 1tx/block)
[2026-06-01 11:14:34]   [geth] Waiting for RPC...
[2026-06-01 11:14:36]   [geth] RPC ready after 3s
[2026-06-01 11:14:36]   [bench] Running execute remote...
[2026-06-01 11:14:43]   [bench] exit=0 passed=1 failed=0
0 missing_trie_node=0
0
[2026-06-01 11:14:43] 
[2026-06-01 11:14:43]   --- storage_mixed_k100_run5 (ubt) write-offset=10500000000 K=100 ---
[2026-06-01 11:14:43]   [geth] Stopping (SIGTERM, waiting up to 120s for clean exit): 1101899
[2026-06-01 11:14:44]   [geth] exited cleanly after 1s
[2026-06-01 11:14:44]   [cache] OS page cache dropped
Fatal: Could not create the account: account already exists
[2026-06-01 11:14:44]   [geth] Starting (ubt, gd=5, cold=1, dev.period=1, 1tx/block)
[2026-06-01 11:14:44]   [geth] Waiting for RPC...
[2026-06-01 11:14:46]   [geth] RPC ready after 3s
[2026-06-01 11:14:46]   [bench] Running execute remote...
[2026-06-01 11:14:53]   [bench] exit=0 passed=1 failed=0
0 missing_trie_node=0
0
[2026-06-01 11:14:53] 
[2026-06-01 11:14:53]   --- storage_mixed_k100_run6 (ubt) write-offset=10600000000 K=100 ---
[2026-06-01 11:14:53]   [geth] Stopping (SIGTERM, waiting up to 120s for clean exit): 1101973
[2026-06-01 11:14:54]   [geth] exited cleanly after 1s
[2026-06-01 11:14:54]   [cache] OS page cache dropped
Fatal: Could not create the account: account already exists
[2026-06-01 11:14:54]   [geth] Starting (ubt, gd=5, cold=1, dev.period=1, 1tx/block)
[2026-06-01 11:14:54]   [geth] Waiting for RPC...
[2026-06-01 11:14:56]   [geth] RPC ready after 3s
[2026-06-01 11:14:56]   [bench] Running execute remote...
[2026-06-01 11:15:03]   [bench] exit=0 passed=1 failed=0
0 missing_trie_node=0
0
[2026-06-01 11:15:03] 
[2026-06-01 11:15:03]   --- storage_mixed_k100_run7 (ubt) write-offset=10700000000 K=100 ---
[2026-06-01 11:15:03]   [geth] Stopping (SIGTERM, waiting up to 120s for clean exit): 1102047
[2026-06-01 11:15:04]   [geth] exited cleanly after 1s
[2026-06-01 11:15:05]   [cache] OS page cache dropped
Fatal: Could not create the account: account already exists
[2026-06-01 11:15:05]   [geth] Starting (ubt, gd=5, cold=1, dev.period=1, 1tx/block)
[2026-06-01 11:15:05]   [geth] Waiting for RPC...
[2026-06-01 11:15:07]   [geth] RPC ready after 3s
[2026-06-01 11:15:07]   [bench] Running execute remote...
[2026-06-01 11:15:14]   [bench] exit=0 passed=1 failed=0
0 missing_trie_node=0
0
[2026-06-01 11:15:14] 
[2026-06-01 11:15:14]   --- storage_mixed_k100_run8 (ubt) write-offset=10800000000 K=100 ---
[2026-06-01 11:15:14]   [geth] Stopping (SIGTERM, waiting up to 120s for clean exit): 1102124
[2026-06-01 11:15:15]   [geth] exited cleanly after 1s
[2026-06-01 11:15:15]   [cache] OS page cache dropped
Fatal: Could not create the account: account already exists
[2026-06-01 11:15:15]   [geth] Starting (ubt, gd=5, cold=1, dev.period=1, 1tx/block)
[2026-06-01 11:15:15]   [geth] Waiting for RPC...
[2026-06-01 11:15:17]   [geth] RPC ready after 3s
[2026-06-01 11:15:17]   [bench] Running execute remote...
[2026-06-01 11:15:25]   [bench] exit=0 passed=1 failed=0
0 missing_trie_node=0
0
[2026-06-01 11:15:25] 
[2026-06-01 11:15:25]   --- storage_mixed_k100_run9 (ubt) write-offset=10900000000 K=100 ---
[2026-06-01 11:15:25]   [geth] Stopping (SIGTERM, waiting up to 120s for clean exit): 1102200
[2026-06-01 11:15:26]   [geth] exited cleanly after 1s
[2026-06-01 11:15:26]   [cache] OS page cache dropped
Fatal: Could not create the account: account already exists
[2026-06-01 11:15:26]   [geth] Starting (ubt, gd=5, cold=1, dev.period=1, 1tx/block)
[2026-06-01 11:15:26]   [geth] Waiting for RPC...
[2026-06-01 11:15:28]   [geth] RPC ready after 3s
[2026-06-01 11:15:28]   [bench] Running execute remote...
[2026-06-01 11:15:35]   [bench] exit=0 passed=1 failed=0
0 missing_trie_node=0
0
[2026-06-01 11:15:35] 
[2026-06-01 11:15:35]   --- storage_mixed_k100_run10 (ubt) write-offset=11000000000 K=100 ---
[2026-06-01 11:15:35]   [geth] Stopping (SIGTERM, waiting up to 120s for clean exit): 1102272
[2026-06-01 11:15:36]   [geth] exited cleanly after 1s
[2026-06-01 11:15:37]   [cache] OS page cache dropped
Fatal: Could not create the account: account already exists
[2026-06-01 11:15:37]   [geth] Starting (ubt, gd=5, cold=1, dev.period=1, 1tx/block)
[2026-06-01 11:15:37]   [geth] Waiting for RPC...
[2026-06-01 11:15:39]   [geth] RPC ready after 3s
[2026-06-01 11:15:39]   [bench] Running execute remote...
[2026-06-01 11:15:45]   [bench] exit=0 passed=1 failed=0
0 missing_trie_node=0
0
[2026-06-01 11:15:45] 
[2026-06-01 11:15:45]   --- storage_mixed_k100_run11 (ubt) write-offset=11100000000 K=100 ---
[2026-06-01 11:15:45]   [geth] Stopping (SIGTERM, waiting up to 120s for clean exit): 1102350
[2026-06-01 11:15:46]   [geth] exited cleanly after 1s
[2026-06-01 11:15:46]   [cache] OS page cache dropped
Fatal: Could not create the account: account already exists
[2026-06-01 11:15:46]   [geth] Starting (ubt, gd=5, cold=1, dev.period=1, 1tx/block)
[2026-06-01 11:15:46]   [geth] Waiting for RPC...
[2026-06-01 11:15:48]   [geth] RPC ready after 3s
[2026-06-01 11:15:48]   [bench] Running execute remote...
[2026-06-01 11:15:56]   [bench] exit=0 passed=1 failed=0
0 missing_trie_node=0
0
[2026-06-01 11:15:56] 
[2026-06-01 11:15:56]   --- storage_mixed_k100_run12 (ubt) write-offset=11200000000 K=100 ---
[2026-06-01 11:15:56]   [geth] Stopping (SIGTERM, waiting up to 120s for clean exit): 1102465
[2026-06-01 11:15:57]   [geth] exited cleanly after 1s
[2026-06-01 11:15:57]   [cache] OS page cache dropped
Fatal: Could not create the account: account already exists
[2026-06-01 11:15:57]   [geth] Starting (ubt, gd=5, cold=1, dev.period=1, 1tx/block)
[2026-06-01 11:15:57]   [geth] Waiting for RPC...
[2026-06-01 11:15:59]   [geth] RPC ready after 3s
[2026-06-01 11:15:59]   [bench] Running execute remote...
[2026-06-01 11:16:06]   [bench] exit=0 passed=1 failed=0
0 missing_trie_node=0
0
[2026-06-01 11:16:06] 
[2026-06-01 11:16:06]   --- storage_mixed_k100_run13 (ubt) write-offset=11300000000 K=100 ---
[2026-06-01 11:16:07]   [geth] Stopping (SIGTERM, waiting up to 120s for clean exit): 1102540
[2026-06-01 11:16:08]   [geth] exited cleanly after 1s
[2026-06-01 11:16:08]   [cache] OS page cache dropped
Fatal: Could not create the account: account already exists
[2026-06-01 11:16:08]   [geth] Starting (ubt, gd=5, cold=1, dev.period=1, 1tx/block)
[2026-06-01 11:16:08]   [geth] Waiting for RPC...
[2026-06-01 11:16:10]   [geth] RPC ready after 3s
[2026-06-01 11:16:10]   [bench] Running execute remote...
[2026-06-01 11:16:16]   [bench] exit=0 passed=1 failed=0
0 missing_trie_node=0
0
[2026-06-01 11:16:16] 
[2026-06-01 11:16:16]   --- storage_mixed_k100_run14 (ubt) write-offset=11400000000 K=100 ---
[2026-06-01 11:16:16]   [geth] Stopping (SIGTERM, waiting up to 120s for clean exit): 1102630
[2026-06-01 11:16:17]   [geth] exited cleanly after 1s
[2026-06-01 11:16:17]   [cache] OS page cache dropped
Fatal: Could not create the account: account already exists
[2026-06-01 11:16:17]   [geth] Starting (ubt, gd=5, cold=1, dev.period=1, 1tx/block)
[2026-06-01 11:16:17]   [geth] Waiting for RPC...
[2026-06-01 11:16:19]   [geth] RPC ready after 3s
[2026-06-01 11:16:19]   [bench] Running execute remote...
[2026-06-01 11:16:26]   [bench] exit=0 passed=1 failed=0
0 missing_trie_node=0
0
[2026-06-01 11:16:26] 
[2026-06-01 11:16:26]   --- storage_mixed_k100_run15 (ubt) write-offset=11500000000 K=100 ---
[2026-06-01 11:16:26]   [geth] Stopping (SIGTERM, waiting up to 120s for clean exit): 1102705
[2026-06-01 11:16:27]   [geth] exited cleanly after 1s
[2026-06-01 11:16:27]   [cache] OS page cache dropped
Fatal: Could not create the account: account already exists
[2026-06-01 11:16:27]   [geth] Starting (ubt, gd=5, cold=1, dev.period=1, 1tx/block)
[2026-06-01 11:16:27]   [geth] Waiting for RPC...
[2026-06-01 11:16:29]   [geth] RPC ready after 3s
[2026-06-01 11:16:29]   [bench] Running execute remote...
[2026-06-01 11:16:36]   [bench] exit=0 passed=1 failed=0
0 missing_trie_node=0
0
[2026-06-01 11:16:36] 
[2026-06-01 11:16:36]   --- storage_mixed_k100_run16 (ubt) write-offset=11600000000 K=100 ---
[2026-06-01 11:16:36]   [geth] Stopping (SIGTERM, waiting up to 120s for clean exit): 1102780
[2026-06-01 11:16:37]   [geth] exited cleanly after 1s
[2026-06-01 11:16:38]   [cache] OS page cache dropped
Fatal: Could not create the account: account already exists
[2026-06-01 11:16:38]   [geth] Starting (ubt, gd=5, cold=1, dev.period=1, 1tx/block)
[2026-06-01 11:16:38]   [geth] Waiting for RPC...
[2026-06-01 11:16:40]   [geth] RPC ready after 3s
[2026-06-01 11:16:40]   [bench] Running execute remote...
[2026-06-01 11:16:47]   [bench] exit=0 passed=1 failed=0
0 missing_trie_node=0
0
[2026-06-01 11:16:47] 
[2026-06-01 11:16:47]   --- storage_mixed_k100_run17 (ubt) write-offset=11700000000 K=100 ---
[2026-06-01 11:16:47]   [geth] Stopping (SIGTERM, waiting up to 120s for clean exit): 1102859
[2026-06-01 11:16:48]   [geth] exited cleanly after 1s
[2026-06-01 11:16:48]   [cache] OS page cache dropped
Fatal: Could not create the account: account already exists
[2026-06-01 11:16:48]   [geth] Starting (ubt, gd=5, cold=1, dev.period=1, 1tx/block)
[2026-06-01 11:16:48]   [geth] Waiting for RPC...
[2026-06-01 11:16:51]   [geth] RPC ready after 3s
[2026-06-01 11:16:51]   [bench] Running execute remote...
[2026-06-01 11:16:58]   [bench] exit=0 passed=1 failed=0
0 missing_trie_node=0
0
[2026-06-01 11:16:58] 
[2026-06-01 11:16:58]   --- storage_mixed_k100_run18 (ubt) write-offset=11800000000 K=100 ---
[2026-06-01 11:16:58]   [geth] Stopping (SIGTERM, waiting up to 120s for clean exit): 1102932
[2026-06-01 11:16:59]   [geth] exited cleanly after 1s
[2026-06-01 11:16:59]   [cache] OS page cache dropped
Fatal: Could not create the account: account already exists
[2026-06-01 11:16:59]   [geth] Starting (ubt, gd=5, cold=1, dev.period=1, 1tx/block)
[2026-06-01 11:16:59]   [geth] Waiting for RPC...
[2026-06-01 11:17:01]   [geth] RPC ready after 3s
[2026-06-01 11:17:01]   [bench] Running execute remote...
[2026-06-01 11:17:09]   [bench] exit=0 passed=1 failed=0
0 missing_trie_node=0
0
[2026-06-01 11:17:09] 
[2026-06-01 11:17:09]   --- storage_mixed_k100_run19 (ubt) write-offset=11900000000 K=100 ---
[2026-06-01 11:17:09]   [geth] Stopping (SIGTERM, waiting up to 120s for clean exit): 1103007
[2026-06-01 11:17:10]   [geth] exited cleanly after 1s
[2026-06-01 11:17:10]   [cache] OS page cache dropped
Fatal: Could not create the account: account already exists
[2026-06-01 11:17:10]   [geth] Starting (ubt, gd=5, cold=1, dev.period=1, 1tx/block)
[2026-06-01 11:17:10]   [geth] Waiting for RPC...
[2026-06-01 11:17:12]   [geth] RPC ready after 3s
[2026-06-01 11:17:12]   [bench] Running execute remote...
[2026-06-01 11:17:20]   [bench] exit=0 passed=1 failed=0
0 missing_trie_node=0
0
[2026-06-01 11:17:20] 
[2026-06-01 11:17:20]   --- storage_mixed_k100_run20 (ubt) write-offset=12000000000 K=100 ---
[2026-06-01 11:17:20]   [geth] Stopping (SIGTERM, waiting up to 120s for clean exit): 1103090
[2026-06-01 11:17:21]   [geth] exited cleanly after 1s
[2026-06-01 11:17:21]   [cache] OS page cache dropped
Fatal: Could not create the account: account already exists
[2026-06-01 11:17:21]   [geth] Starting (ubt, gd=5, cold=1, dev.period=1, 1tx/block)
[2026-06-01 11:17:21]   [geth] Waiting for RPC...
[2026-06-01 11:17:23]   [geth] RPC ready after 3s
[2026-06-01 11:17:23]   [bench] Running execute remote...
[2026-06-01 11:17:30]   [bench] exit=0 passed=1 failed=0
0 missing_trie_node=0
0
[2026-06-01 11:17:30] 
[2026-06-01 11:17:30]   ── BENCHMARK: storage_mixed_k256 (pool=256 contracts; effective K=256)
[2026-06-01 11:17:30] 
[2026-06-01 11:17:30]   --- storage_mixed_k256_run1 (ubt) write-offset=10100000000 K=256 ---
[2026-06-01 11:17:30]   [geth] Stopping (SIGTERM, waiting up to 120s for clean exit): 1103167
[2026-06-01 11:17:31]   [geth] exited cleanly after 1s
[2026-06-01 11:17:32]   [cache] OS page cache dropped
Fatal: Could not create the account: account already exists
[2026-06-01 11:17:32]   [geth] Starting (ubt, gd=5, cold=1, dev.period=1, 1tx/block)
[2026-06-01 11:17:32]   [geth] Waiting for RPC...
[2026-06-01 11:17:34]   [geth] RPC ready after 3s
[2026-06-01 11:17:34]   [bench] Running execute remote...
[2026-06-01 11:17:41]   [bench] exit=0 passed=1 failed=0
0 missing_trie_node=0
0
[2026-06-01 11:17:41] 
[2026-06-01 11:17:41]   --- storage_mixed_k256_run2 (ubt) write-offset=10200000000 K=256 ---
[2026-06-01 11:17:41]   [geth] Stopping (SIGTERM, waiting up to 120s for clean exit): 1103266
[2026-06-01 11:17:42]   [geth] exited cleanly after 1s
[2026-06-01 11:17:42]   [cache] OS page cache dropped
Fatal: Could not create the account: account already exists
[2026-06-01 11:17:42]   [geth] Starting (ubt, gd=5, cold=1, dev.period=1, 1tx/block)
[2026-06-01 11:17:42]   [geth] Waiting for RPC...
[2026-06-01 11:17:44]   [geth] RPC ready after 3s
[2026-06-01 11:17:44]   [bench] Running execute remote...
[2026-06-01 11:17:51]   [bench] exit=0 passed=1 failed=0
0 missing_trie_node=0
0
[2026-06-01 11:17:51] 
[2026-06-01 11:17:51]   --- storage_mixed_k256_run3 (ubt) write-offset=10300000000 K=256 ---
[2026-06-01 11:17:51]   [geth] Stopping (SIGTERM, waiting up to 120s for clean exit): 1103343
[2026-06-01 11:17:52]   [geth] exited cleanly after 1s
[2026-06-01 11:17:52]   [cache] OS page cache dropped
Fatal: Could not create the account: account already exists
[2026-06-01 11:17:52]   [geth] Starting (ubt, gd=5, cold=1, dev.period=1, 1tx/block)
[2026-06-01 11:17:52]   [geth] Waiting for RPC...
[2026-06-01 11:17:54]   [geth] RPC ready after 3s
[2026-06-01 11:17:54]   [bench] Running execute remote...
[2026-06-01 11:18:00]   [bench] exit=0 passed=1 failed=0
0 missing_trie_node=0
0
[2026-06-01 11:18:00] 
[2026-06-01 11:18:00]   --- storage_mixed_k256_run4 (ubt) write-offset=10400000000 K=256 ---
[2026-06-01 11:18:00]   [geth] Stopping (SIGTERM, waiting up to 120s for clean exit): 1103416
[2026-06-01 11:18:01]   [geth] exited cleanly after 1s
[2026-06-01 11:18:01]   [cache] OS page cache dropped
Fatal: Could not create the account: account already exists
[2026-06-01 11:18:02]   [geth] Starting (ubt, gd=5, cold=1, dev.period=1, 1tx/block)
[2026-06-01 11:18:02]   [geth] Waiting for RPC...
[2026-06-01 11:18:04]   [geth] RPC ready after 3s
[2026-06-01 11:18:04]   [bench] Running execute remote...
[2026-06-01 11:18:10]   [bench] exit=0 passed=1 failed=0
0 missing_trie_node=0
0
[2026-06-01 11:18:10] 
[2026-06-01 11:18:10]   --- storage_mixed_k256_run5 (ubt) write-offset=10500000000 K=256 ---
[2026-06-01 11:18:10]   [geth] Stopping (SIGTERM, waiting up to 120s for clean exit): 1103490
[2026-06-01 11:18:11]   [geth] exited cleanly after 1s
[2026-06-01 11:18:11]   [cache] OS page cache dropped
Fatal: Could not create the account: account already exists
[2026-06-01 11:18:11]   [geth] Starting (ubt, gd=5, cold=1, dev.period=1, 1tx/block)
[2026-06-01 11:18:11]   [geth] Waiting for RPC...
[2026-06-01 11:18:13]   [geth] RPC ready after 3s
[2026-06-01 11:18:13]   [bench] Running execute remote...
[2026-06-01 11:18:21]   [bench] exit=0 passed=1 failed=0
0 missing_trie_node=0
0
[2026-06-01 11:18:21] 
[2026-06-01 11:18:21]   --- storage_mixed_k256_run6 (ubt) write-offset=10600000000 K=256 ---
[2026-06-01 11:18:21]   [geth] Stopping (SIGTERM, waiting up to 120s for clean exit): 1103564
[2026-06-01 11:18:22]   [geth] exited cleanly after 1s
[2026-06-01 11:18:22]   [cache] OS page cache dropped
Fatal: Could not create the account: account already exists
[2026-06-01 11:18:22]   [geth] Starting (ubt, gd=5, cold=1, dev.period=1, 1tx/block)
[2026-06-01 11:18:22]   [geth] Waiting for RPC...
[2026-06-01 11:18:24]   [geth] RPC ready after 3s
[2026-06-01 11:18:24]   [bench] Running execute remote...
[2026-06-01 11:18:31]   [bench] exit=0 passed=1 failed=0
0 missing_trie_node=0
0
[2026-06-01 11:18:31] 
[2026-06-01 11:18:31]   --- storage_mixed_k256_run7 (ubt) write-offset=10700000000 K=256 ---
[2026-06-01 11:18:31]   [geth] Stopping (SIGTERM, waiting up to 120s for clean exit): 1103639
[2026-06-01 11:18:32]   [geth] exited cleanly after 1s
[2026-06-01 11:18:33]   [cache] OS page cache dropped
Fatal: Could not create the account: account already exists
[2026-06-01 11:18:33]   [geth] Starting (ubt, gd=5, cold=1, dev.period=1, 1tx/block)
[2026-06-01 11:18:33]   [geth] Waiting for RPC...
[2026-06-01 11:18:35]   [geth] RPC ready after 3s
[2026-06-01 11:18:35]   [bench] Running execute remote...
[2026-06-01 11:18:42]   [bench] exit=0 passed=1 failed=0
0 missing_trie_node=0
0
[2026-06-01 11:18:42] 
[2026-06-01 11:18:42]   --- storage_mixed_k256_run8 (ubt) write-offset=10800000000 K=256 ---
[2026-06-01 11:18:42]   [geth] Stopping (SIGTERM, waiting up to 120s for clean exit): 1103714
[2026-06-01 11:18:43]   [geth] exited cleanly after 1s
[2026-06-01 11:18:43]   [cache] OS page cache dropped
Fatal: Could not create the account: account already exists
[2026-06-01 11:18:43]   [geth] Starting (ubt, gd=5, cold=1, dev.period=1, 1tx/block)
[2026-06-01 11:18:43]   [geth] Waiting for RPC...
[2026-06-01 11:18:45]   [geth] RPC ready after 3s
[2026-06-01 11:18:45]   [bench] Running execute remote...
[2026-06-01 11:18:53]   [bench] exit=0 passed=1 failed=0
0 missing_trie_node=0
0
[2026-06-01 11:18:53] 
[2026-06-01 11:18:53]   --- storage_mixed_k256_run9 (ubt) write-offset=10900000000 K=256 ---
[2026-06-01 11:18:53]   [geth] Stopping (SIGTERM, waiting up to 120s for clean exit): 1103787
[2026-06-01 11:18:54]   [geth] exited cleanly after 1s
[2026-06-01 11:18:54]   [cache] OS page cache dropped
Fatal: Could not create the account: account already exists
[2026-06-01 11:18:54]   [geth] Starting (ubt, gd=5, cold=1, dev.period=1, 1tx/block)
[2026-06-01 11:18:54]   [geth] Waiting for RPC...
[2026-06-01 11:18:56]   [geth] RPC ready after 3s
[2026-06-01 11:18:56]   [bench] Running execute remote...
[2026-06-01 11:19:02]   [bench] exit=0 passed=1 failed=0
0 missing_trie_node=0
0
[2026-06-01 11:19:02] 
[2026-06-01 11:19:02]   --- storage_mixed_k256_run10 (ubt) write-offset=11000000000 K=256 ---
[2026-06-01 11:19:02]   [geth] Stopping (SIGTERM, waiting up to 120s for clean exit): 1103864
[2026-06-01 11:19:03]   [geth] exited cleanly after 1s
[2026-06-01 11:19:04]   [cache] OS page cache dropped
Fatal: Could not create the account: account already exists
[2026-06-01 11:19:04]   [geth] Starting (ubt, gd=5, cold=1, dev.period=1, 1tx/block)
[2026-06-01 11:19:04]   [geth] Waiting for RPC...
[2026-06-01 11:19:06]   [geth] RPC ready after 3s
[2026-06-01 11:19:06]   [bench] Running execute remote...
[2026-06-01 11:19:13]   [bench] exit=0 passed=1 failed=0
0 missing_trie_node=0
0
[2026-06-01 11:19:13] 
[2026-06-01 11:19:13]   --- storage_mixed_k256_run11 (ubt) write-offset=11100000000 K=256 ---
[2026-06-01 11:19:13]   [geth] Stopping (SIGTERM, waiting up to 120s for clean exit): 1103937
[2026-06-01 11:19:14]   [geth] exited cleanly after 1s
[2026-06-01 11:19:14]   [cache] OS page cache dropped
Fatal: Could not create the account: account already exists
[2026-06-01 11:19:14]   [geth] Starting (ubt, gd=5, cold=1, dev.period=1, 1tx/block)
[2026-06-01 11:19:14]   [geth] Waiting for RPC...
[2026-06-01 11:19:16]   [geth] RPC ready after 3s
[2026-06-01 11:19:16]   [bench] Running execute remote...
[2026-06-01 11:19:24]   [bench] exit=0 passed=1 failed=0
0 missing_trie_node=0
0
[2026-06-01 11:19:24] 
[2026-06-01 11:19:24]   --- storage_mixed_k256_run12 (ubt) write-offset=11200000000 K=256 ---
[2026-06-01 11:19:24]   [geth] Stopping (SIGTERM, waiting up to 120s for clean exit): 1104011
[2026-06-01 11:19:25]   [geth] exited cleanly after 1s
[2026-06-01 11:19:25]   [cache] OS page cache dropped
Fatal: Could not create the account: account already exists
[2026-06-01 11:19:25]   [geth] Starting (ubt, gd=5, cold=1, dev.period=1, 1tx/block)
[2026-06-01 11:19:25]   [geth] Waiting for RPC...
[2026-06-01 11:19:27]   [geth] RPC ready after 3s
[2026-06-01 11:19:27]   [bench] Running execute remote...
[2026-06-01 11:19:35]   [bench] exit=0 passed=1 failed=0
0 missing_trie_node=0
0
[2026-06-01 11:19:35] 
[2026-06-01 11:19:35]   --- storage_mixed_k256_run13 (ubt) write-offset=11300000000 K=256 ---
[2026-06-01 11:19:35]   [geth] Stopping (SIGTERM, waiting up to 120s for clean exit): 1104086
[2026-06-01 11:19:36]   [geth] exited cleanly after 1s
[2026-06-01 11:19:36]   [cache] OS page cache dropped
Fatal: Could not create the account: account already exists
[2026-06-01 11:19:36]   [geth] Starting (ubt, gd=5, cold=1, dev.period=1, 1tx/block)
[2026-06-01 11:19:36]   [geth] Waiting for RPC...
[2026-06-01 11:19:38]   [geth] RPC ready after 3s
[2026-06-01 11:19:38]   [bench] Running execute remote...
[2026-06-01 11:19:46]   [bench] exit=0 passed=1 failed=0
0 missing_trie_node=0
0
[2026-06-01 11:19:46] 
[2026-06-01 11:19:46]   --- storage_mixed_k256_run14 (ubt) write-offset=11400000000 K=256 ---
[2026-06-01 11:19:46]   [geth] Stopping (SIGTERM, waiting up to 120s for clean exit): 1104162
[2026-06-01 11:19:47]   [geth] exited cleanly after 1s
[2026-06-01 11:19:48]   [cache] OS page cache dropped
Fatal: Could not create the account: account already exists
[2026-06-01 11:19:48]   [geth] Starting (ubt, gd=5, cold=1, dev.period=1, 1tx/block)
[2026-06-01 11:19:48]   [geth] Waiting for RPC...
[2026-06-01 11:19:50]   [geth] RPC ready after 3s
[2026-06-01 11:19:50]   [bench] Running execute remote...
[2026-06-01 11:19:57]   [bench] exit=0 passed=1 failed=0
0 missing_trie_node=0
0
[2026-06-01 11:19:57] 
[2026-06-01 11:19:57]   --- storage_mixed_k256_run15 (ubt) write-offset=11500000000 K=256 ---
[2026-06-01 11:19:57]   [geth] Stopping (SIGTERM, waiting up to 120s for clean exit): 1104236
[2026-06-01 11:19:58]   [geth] exited cleanly after 1s
[2026-06-01 11:19:58]   [cache] OS page cache dropped
Fatal: Could not create the account: account already exists
[2026-06-01 11:19:58]   [geth] Starting (ubt, gd=5, cold=1, dev.period=1, 1tx/block)
[2026-06-01 11:19:58]   [geth] Waiting for RPC...
[2026-06-01 11:20:00]   [geth] RPC ready after 3s
[2026-06-01 11:20:00]   [bench] Running execute remote...
[2026-06-01 11:20:08]   [bench] exit=0 passed=1 failed=0
0 missing_trie_node=0
0
[2026-06-01 11:20:08] 
[2026-06-01 11:20:08]   --- storage_mixed_k256_run16 (ubt) write-offset=11600000000 K=256 ---
[2026-06-01 11:20:08]   [geth] Stopping (SIGTERM, waiting up to 120s for clean exit): 1104312
[2026-06-01 11:20:09]   [geth] exited cleanly after 1s
[2026-06-01 11:20:09]   [cache] OS page cache dropped
Fatal: Could not create the account: account already exists
[2026-06-01 11:20:09]   [geth] Starting (ubt, gd=5, cold=1, dev.period=1, 1tx/block)
[2026-06-01 11:20:09]   [geth] Waiting for RPC...
[2026-06-01 11:20:11]   [geth] RPC ready after 3s
[2026-06-01 11:20:11]   [bench] Running execute remote...
[2026-06-01 11:20:19]   [bench] exit=0 passed=1 failed=0
0 missing_trie_node=0
0
[2026-06-01 11:20:19] 
[2026-06-01 11:20:19]   --- storage_mixed_k256_run17 (ubt) write-offset=11700000000 K=256 ---
[2026-06-01 11:20:19]   [geth] Stopping (SIGTERM, waiting up to 120s for clean exit): 1104388
[2026-06-01 11:20:20]   [geth] exited cleanly after 1s
[2026-06-01 11:20:20]   [cache] OS page cache dropped
Fatal: Could not create the account: account already exists
[2026-06-01 11:20:20]   [geth] Starting (ubt, gd=5, cold=1, dev.period=1, 1tx/block)
[2026-06-01 11:20:20]   [geth] Waiting for RPC...
[2026-06-01 11:20:22]   [geth] RPC ready after 3s
[2026-06-01 11:20:22]   [bench] Running execute remote...
[2026-06-01 11:20:29]   [bench] exit=0 passed=1 failed=0
0 missing_trie_node=0
0
[2026-06-01 11:20:29] 
[2026-06-01 11:20:29]   --- storage_mixed_k256_run18 (ubt) write-offset=11800000000 K=256 ---
[2026-06-01 11:20:30]   [geth] Stopping (SIGTERM, waiting up to 120s for clean exit): 1104464
[2026-06-01 11:20:31]   [geth] exited cleanly after 1s
[2026-06-01 11:20:31]   [cache] OS page cache dropped
Fatal: Could not create the account: account already exists
[2026-06-01 11:20:31]   [geth] Starting (ubt, gd=5, cold=1, dev.period=1, 1tx/block)
[2026-06-01 11:20:31]   [geth] Waiting for RPC...
[2026-06-01 11:20:33]   [geth] RPC ready after 3s
[2026-06-01 11:20:33]   [bench] Running execute remote...
[2026-06-01 11:20:39]   [bench] exit=0 passed=1 failed=0
0 missing_trie_node=0
0
[2026-06-01 11:20:39] 
[2026-06-01 11:20:39]   --- storage_mixed_k256_run19 (ubt) write-offset=11900000000 K=256 ---
[2026-06-01 11:20:39]   [geth] Stopping (SIGTERM, waiting up to 120s for clean exit): 1104541
[2026-06-01 11:20:40]   [geth] exited cleanly after 1s
[2026-06-01 11:20:40]   [cache] OS page cache dropped
Fatal: Could not create the account: account already exists
[2026-06-01 11:20:41]   [geth] Starting (ubt, gd=5, cold=1, dev.period=1, 1tx/block)
[2026-06-01 11:20:41]   [geth] Waiting for RPC...
[2026-06-01 11:20:43]   [geth] RPC ready after 3s
[2026-06-01 11:20:43]   [bench] Running execute remote...
[2026-06-01 11:20:50]   [bench] exit=0 passed=1 failed=0
0 missing_trie_node=0
0
[2026-06-01 11:20:50] 
[2026-06-01 11:20:50]   --- storage_mixed_k256_run20 (ubt) write-offset=12000000000 K=256 ---
[2026-06-01 11:20:50]   [geth] Stopping (SIGTERM, waiting up to 120s for clean exit): 1104620
[2026-06-01 11:20:51]   [geth] exited cleanly after 1s
[2026-06-01 11:20:51]   [cache] OS page cache dropped
Fatal: Could not create the account: account already exists
[2026-06-01 11:20:51]   [geth] Starting (ubt, gd=5, cold=1, dev.period=1, 1tx/block)
[2026-06-01 11:20:51]   [geth] Waiting for RPC...
[2026-06-01 11:20:53]   [geth] RPC ready after 3s
[2026-06-01 11:20:53]   [bench] Running execute remote...
[2026-06-01 11:21:01]   [bench] exit=0 passed=1 failed=0
0 missing_trie_node=0
0
[2026-06-01 11:21:01]   [geth] Stopping (SIGTERM, waiting up to 120s for clean exit): 1104693
[2026-06-01 11:21:02]   [geth] exited cleanly after 1s
[2026-06-01 11:21:02] 
[2026-06-01 11:21:02] ╔══════════════════════════════════════════════════════════════════╗
[2026-06-01 11:21:02] ║  CONFIG: pbt
[2026-06-01 11:21:02] ╚══════════════════════════════════════════════════════════════════╝
[2026-06-01 11:21:02] 
[2026-06-01 11:21:02]   ── BENCHMARK: storage_sload_k1 (pool=256 contracts; effective K=1)
[2026-06-01 11:21:02] 
[2026-06-01 11:21:02]   --- storage_sload_k1_run1 (pbt) write-offset=10100000000 K=1 ---
[2026-06-01 11:21:02]   [cache] OS page cache dropped
Fatal: Could not create the account: account already exists
[2026-06-01 11:21:02]   [geth] Starting (pbt, gd=5, cold=1, dev.period=1, 1tx/block)
[2026-06-01 11:21:02]   [geth] Waiting for RPC...
[2026-06-01 11:21:04]   [geth] RPC ready after 3s
[2026-06-01 11:21:04]   [bench] Running execute remote...
[2026-06-01 11:21:12]   [bench] exit=0 passed=1 failed=0
0 missing_trie_node=0
0
[2026-06-01 11:21:12] 
[2026-06-01 11:21:12]   --- storage_sload_k1_run2 (pbt) write-offset=10200000000 K=1 ---
[2026-06-01 11:21:12]   [geth] Stopping (SIGTERM, waiting up to 120s for clean exit): 1104799
[2026-06-01 11:21:13]   [geth] exited cleanly after 1s
[2026-06-01 11:21:13]   [cache] OS page cache dropped
Fatal: Could not create the account: account already exists
[2026-06-01 11:21:13]   [geth] Starting (pbt, gd=5, cold=1, dev.period=1, 1tx/block)
[2026-06-01 11:21:13]   [geth] Waiting for RPC...
[2026-06-01 11:21:15]   [geth] RPC ready after 3s
[2026-06-01 11:21:15]   [bench] Running execute remote...
[2026-06-01 11:21:22]   [bench] exit=0 passed=1 failed=0
0 missing_trie_node=0
0
[2026-06-01 11:21:22] 
[2026-06-01 11:21:22]   --- storage_sload_k1_run3 (pbt) write-offset=10300000000 K=1 ---
[2026-06-01 11:21:22]   [geth] Stopping (SIGTERM, waiting up to 120s for clean exit): 1104874
[2026-06-01 11:21:23]   [geth] exited cleanly after 1s
[2026-06-01 11:21:23]   [cache] OS page cache dropped
Fatal: Could not create the account: account already exists
[2026-06-01 11:21:23]   [geth] Starting (pbt, gd=5, cold=1, dev.period=1, 1tx/block)
[2026-06-01 11:21:23]   [geth] Waiting for RPC...
[2026-06-01 11:21:25]   [geth] RPC ready after 3s
[2026-06-01 11:21:25]   [bench] Running execute remote...
[2026-06-01 11:21:33]   [bench] exit=0 passed=1 failed=0
0 missing_trie_node=0
0
[2026-06-01 11:21:33] 
[2026-06-01 11:21:33]   --- storage_sload_k1_run4 (pbt) write-offset=10400000000 K=1 ---
[2026-06-01 11:21:33]   [geth] Stopping (SIGTERM, waiting up to 120s for clean exit): 1104951
[2026-06-01 11:21:34]   [geth] exited cleanly after 1s
[2026-06-01 11:21:34]   [cache] OS page cache dropped
Fatal: Could not create the account: account already exists
[2026-06-01 11:21:34]   [geth] Starting (pbt, gd=5, cold=1, dev.period=1, 1tx/block)
[2026-06-01 11:21:34]   [geth] Waiting for RPC...
[2026-06-01 11:21:36]   [geth] RPC ready after 3s
[2026-06-01 11:21:36]   [bench] Running execute remote...
[2026-06-01 11:21:43]   [bench] exit=0 passed=1 failed=0
0 missing_trie_node=0
0
[2026-06-01 11:21:43] 
[2026-06-01 11:21:43]   --- storage_sload_k1_run5 (pbt) write-offset=10500000000 K=1 ---
[2026-06-01 11:21:43]   [geth] Stopping (SIGTERM, waiting up to 120s for clean exit): 1105028
[2026-06-01 11:21:44]   [geth] exited cleanly after 1s
[2026-06-01 11:21:45]   [cache] OS page cache dropped
Fatal: Could not create the account: account already exists
[2026-06-01 11:21:45]   [geth] Starting (pbt, gd=5, cold=1, dev.period=1, 1tx/block)
[2026-06-01 11:21:45]   [geth] Waiting for RPC...
[2026-06-01 11:21:47]   [geth] RPC ready after 3s
[2026-06-01 11:21:47]   [bench] Running execute remote...
[2026-06-01 11:21:55]   [bench] exit=0 passed=1 failed=0
0 missing_trie_node=0
0
[2026-06-01 11:21:55] 
[2026-06-01 11:21:55]   --- storage_sload_k1_run6 (pbt) write-offset=10600000000 K=1 ---
[2026-06-01 11:21:55]   [geth] Stopping (SIGTERM, waiting up to 120s for clean exit): 1105105
[2026-06-01 11:21:56]   [geth] exited cleanly after 1s
[2026-06-01 11:21:56]   [cache] OS page cache dropped
Fatal: Could not create the account: account already exists
[2026-06-01 11:21:56]   [geth] Starting (pbt, gd=5, cold=1, dev.period=1, 1tx/block)
[2026-06-01 11:21:56]   [geth] Waiting for RPC...
[2026-06-01 11:21:58]   [geth] RPC ready after 3s
[2026-06-01 11:21:58]   [bench] Running execute remote...
[2026-06-01 11:22:06]   [bench] exit=0 passed=1 failed=0
0 missing_trie_node=0
0
[2026-06-01 11:22:06] 
[2026-06-01 11:22:06]   --- storage_sload_k1_run7 (pbt) write-offset=10700000000 K=1 ---
[2026-06-01 11:22:06]   [geth] Stopping (SIGTERM, waiting up to 120s for clean exit): 1105195
[2026-06-01 11:22:07]   [geth] exited cleanly after 1s
[2026-06-01 11:22:07]   [cache] OS page cache dropped
Fatal: Could not create the account: account already exists
[2026-06-01 11:22:07]   [geth] Starting (pbt, gd=5, cold=1, dev.period=1, 1tx/block)
[2026-06-01 11:22:07]   [geth] Waiting for RPC...
[2026-06-01 11:22:09]   [geth] RPC ready after 3s
[2026-06-01 11:22:09]   [bench] Running execute remote...
[2026-06-01 11:22:16]   [bench] exit=0 passed=1 failed=0
0 missing_trie_node=0
0
[2026-06-01 11:22:16] 
[2026-06-01 11:22:16]   --- storage_sload_k1_run8 (pbt) write-offset=10800000000 K=1 ---
[2026-06-01 11:22:16]   [geth] Stopping (SIGTERM, waiting up to 120s for clean exit): 1105273
[2026-06-01 11:22:17]   [geth] exited cleanly after 1s
[2026-06-01 11:22:17]   [cache] OS page cache dropped
Fatal: Could not create the account: account already exists
[2026-06-01 11:22:17]   [geth] Starting (pbt, gd=5, cold=1, dev.period=1, 1tx/block)
[2026-06-01 11:22:17]   [geth] Waiting for RPC...
[2026-06-01 11:22:19]   [geth] RPC ready after 3s
[2026-06-01 11:22:19]   [bench] Running execute remote...
[2026-06-01 11:22:26]   [bench] exit=0 passed=1 failed=0
0 missing_trie_node=0
0
[2026-06-01 11:22:26] 
[2026-06-01 11:22:26]   --- storage_sload_k1_run9 (pbt) write-offset=10900000000 K=1 ---
[2026-06-01 11:22:26]   [geth] Stopping (SIGTERM, waiting up to 120s for clean exit): 1105350
[2026-06-01 11:22:27]   [geth] exited cleanly after 1s
[2026-06-01 11:22:27]   [cache] OS page cache dropped
Fatal: Could not create the account: account already exists
[2026-06-01 11:22:27]   [geth] Starting (pbt, gd=5, cold=1, dev.period=1, 1tx/block)
[2026-06-01 11:22:27]   [geth] Waiting for RPC...
[2026-06-01 11:22:29]   [geth] RPC ready after 3s
[2026-06-01 11:22:29]   [bench] Running execute remote...
[2026-06-01 11:22:36]   [bench] exit=0 passed=1 failed=0
0 missing_trie_node=0
0
[2026-06-01 11:22:36] 
[2026-06-01 11:22:36]   --- storage_sload_k1_run10 (pbt) write-offset=11000000000 K=1 ---
[2026-06-01 11:22:36]   [geth] Stopping (SIGTERM, waiting up to 120s for clean exit): 1105426
[2026-06-01 11:22:37]   [geth] exited cleanly after 1s
[2026-06-01 11:22:38]   [cache] OS page cache dropped
Fatal: Could not create the account: account already exists
[2026-06-01 11:22:38]   [geth] Starting (pbt, gd=5, cold=1, dev.period=1, 1tx/block)
[2026-06-01 11:22:38]   [geth] Waiting for RPC...
[2026-06-01 11:22:40]   [geth] RPC ready after 3s
[2026-06-01 11:22:40]   [bench] Running execute remote...
[2026-06-01 11:22:47]   [bench] exit=0 passed=1 failed=0
0 missing_trie_node=0
0
[2026-06-01 11:22:47] 
[2026-06-01 11:22:47]   --- storage_sload_k1_run11 (pbt) write-offset=11100000000 K=1 ---
[2026-06-01 11:22:47]   [geth] Stopping (SIGTERM, waiting up to 120s for clean exit): 1105501
[2026-06-01 11:22:48]   [geth] exited cleanly after 1s
[2026-06-01 11:22:48]   [cache] OS page cache dropped
Fatal: Could not create the account: account already exists
[2026-06-01 11:22:48]   [geth] Starting (pbt, gd=5, cold=1, dev.period=1, 1tx/block)
[2026-06-01 11:22:48]   [geth] Waiting for RPC...
[2026-06-01 11:22:50]   [geth] RPC ready after 3s
[2026-06-01 11:22:50]   [bench] Running execute remote...
[2026-06-01 11:22:58]   [bench] exit=0 passed=1 failed=0
0 missing_trie_node=0
0
[2026-06-01 11:22:58] 
[2026-06-01 11:22:58]   --- storage_sload_k1_run12 (pbt) write-offset=11200000000 K=1 ---
[2026-06-01 11:22:58]   [geth] Stopping (SIGTERM, waiting up to 120s for clean exit): 1105576
[2026-06-01 11:22:59]   [geth] exited cleanly after 1s
[2026-06-01 11:22:59]   [cache] OS page cache dropped
Fatal: Could not create the account: account already exists
[2026-06-01 11:22:59]   [geth] Starting (pbt, gd=5, cold=1, dev.period=1, 1tx/block)
[2026-06-01 11:22:59]   [geth] Waiting for RPC...
[2026-06-01 11:23:01]   [geth] RPC ready after 3s
[2026-06-01 11:23:01]   [bench] Running execute remote...
[2026-06-01 11:23:08]   [bench] exit=0 passed=1 failed=0
0 missing_trie_node=0
0
[2026-06-01 11:23:08] 
[2026-06-01 11:23:08]   --- storage_sload_k1_run13 (pbt) write-offset=11300000000 K=1 ---
[2026-06-01 11:23:08]   [geth] Stopping (SIGTERM, waiting up to 120s for clean exit): 1105650
[2026-06-01 11:23:09]   [geth] exited cleanly after 1s
[2026-06-01 11:23:09]   [cache] OS page cache dropped
Fatal: Could not create the account: account already exists
[2026-06-01 11:23:09]   [geth] Starting (pbt, gd=5, cold=1, dev.period=1, 1tx/block)
[2026-06-01 11:23:09]   [geth] Waiting for RPC...
[2026-06-01 11:23:11]   [geth] RPC ready after 3s
[2026-06-01 11:23:11]   [bench] Running execute remote...
[2026-06-01 11:23:18]   [bench] exit=0 passed=1 failed=0
0 missing_trie_node=0
0
[2026-06-01 11:23:18] 
[2026-06-01 11:23:18]   --- storage_sload_k1_run14 (pbt) write-offset=11400000000 K=1 ---
[2026-06-01 11:23:18]   [geth] Stopping (SIGTERM, waiting up to 120s for clean exit): 1105725
[2026-06-01 11:23:19]   [geth] exited cleanly after 1s
[2026-06-01 11:23:19]   [cache] OS page cache dropped
Fatal: Could not create the account: account already exists
[2026-06-01 11:23:19]   [geth] Starting (pbt, gd=5, cold=1, dev.period=1, 1tx/block)
[2026-06-01 11:23:19]   [geth] Waiting for RPC...
[2026-06-01 11:23:21]   [geth] RPC ready after 3s
[2026-06-01 11:23:21]   [bench] Running execute remote...
[2026-06-01 11:23:28]   [bench] exit=0 passed=1 failed=0
0 missing_trie_node=0
0
[2026-06-01 11:23:28] 
[2026-06-01 11:23:28]   --- storage_sload_k1_run15 (pbt) write-offset=11500000000 K=1 ---
[2026-06-01 11:23:28]   [geth] Stopping (SIGTERM, waiting up to 120s for clean exit): 1105801
[2026-06-01 11:23:29]   [geth] exited cleanly after 1s
[2026-06-01 11:23:29]   [cache] OS page cache dropped
Fatal: Could not create the account: account already exists
[2026-06-01 11:23:30]   [geth] Starting (pbt, gd=5, cold=1, dev.period=1, 1tx/block)
[2026-06-01 11:23:30]   [geth] Waiting for RPC...
[2026-06-01 11:23:32]   [geth] RPC ready after 3s
[2026-06-01 11:23:32]   [bench] Running execute remote...
[2026-06-01 11:23:39]   [bench] exit=0 passed=1 failed=0
0 missing_trie_node=0
0
[2026-06-01 11:23:39] 
[2026-06-01 11:23:39]   --- storage_sload_k1_run16 (pbt) write-offset=11600000000 K=1 ---
[2026-06-01 11:23:39]   [geth] Stopping (SIGTERM, waiting up to 120s for clean exit): 1105875
[2026-06-01 11:23:40]   [geth] exited cleanly after 1s
[2026-06-01 11:23:40]   [cache] OS page cache dropped
Fatal: Could not create the account: account already exists
[2026-06-01 11:23:40]   [geth] Starting (pbt, gd=5, cold=1, dev.period=1, 1tx/block)
[2026-06-01 11:23:40]   [geth] Waiting for RPC...
[2026-06-01 11:23:42]   [geth] RPC ready after 3s
[2026-06-01 11:23:42]   [bench] Running execute remote...
[2026-06-01 11:23:49]   [bench] exit=0 passed=1 failed=0
0 missing_trie_node=0
0
[2026-06-01 11:23:49] 
[2026-06-01 11:23:49]   --- storage_sload_k1_run17 (pbt) write-offset=11700000000 K=1 ---
[2026-06-01 11:23:49]   [geth] Stopping (SIGTERM, waiting up to 120s for clean exit): 1105951
[2026-06-01 11:23:50]   [geth] exited cleanly after 1s
[2026-06-01 11:23:51]   [cache] OS page cache dropped
Fatal: Could not create the account: account already exists
[2026-06-01 11:23:51]   [geth] Starting (pbt, gd=5, cold=1, dev.period=1, 1tx/block)
[2026-06-01 11:23:51]   [geth] Waiting for RPC...
[2026-06-01 11:23:53]   [geth] RPC ready after 3s
[2026-06-01 11:23:53]   [bench] Running execute remote...
[2026-06-01 11:24:00]   [bench] exit=0 passed=1 failed=0
0 missing_trie_node=0
0
[2026-06-01 11:24:00] 
[2026-06-01 11:24:00]   --- storage_sload_k1_run18 (pbt) write-offset=11800000000 K=1 ---
[2026-06-01 11:24:00]   [geth] Stopping (SIGTERM, waiting up to 120s for clean exit): 1106028
[2026-06-01 11:24:01]   [geth] exited cleanly after 1s
[2026-06-01 11:24:01]   [cache] OS page cache dropped
Fatal: Could not create the account: account already exists
[2026-06-01 11:24:01]   [geth] Starting (pbt, gd=5, cold=1, dev.period=1, 1tx/block)
[2026-06-01 11:24:01]   [geth] Waiting for RPC...
[2026-06-01 11:24:03]   [geth] RPC ready after 3s
[2026-06-01 11:24:03]   [bench] Running execute remote...
[2026-06-01 11:24:11]   [bench] exit=0 passed=1 failed=0
0 missing_trie_node=0
0
[2026-06-01 11:24:11] 
[2026-06-01 11:24:11]   --- storage_sload_k1_run19 (pbt) write-offset=11900000000 K=1 ---
[2026-06-01 11:24:11]   [geth] Stopping (SIGTERM, waiting up to 120s for clean exit): 1106102
[2026-06-01 11:24:12]   [geth] exited cleanly after 1s
[2026-06-01 11:24:12]   [cache] OS page cache dropped
Fatal: Could not create the account: account already exists
[2026-06-01 11:24:12]   [geth] Starting (pbt, gd=5, cold=1, dev.period=1, 1tx/block)
[2026-06-01 11:24:12]   [geth] Waiting for RPC...
[2026-06-01 11:24:14]   [geth] RPC ready after 3s
[2026-06-01 11:24:14]   [bench] Running execute remote...
[2026-06-01 11:24:21]   [bench] exit=0 passed=1 failed=0
0 missing_trie_node=0
0
[2026-06-01 11:24:21] 
[2026-06-01 11:24:21]   --- storage_sload_k1_run20 (pbt) write-offset=12000000000 K=1 ---
[2026-06-01 11:24:21]   [geth] Stopping (SIGTERM, waiting up to 120s for clean exit): 1106178
[2026-06-01 11:24:22]   [geth] exited cleanly after 1s
[2026-06-01 11:24:22]   [cache] OS page cache dropped
Fatal: Could not create the account: account already exists
[2026-06-01 11:24:22]   [geth] Starting (pbt, gd=5, cold=1, dev.period=1, 1tx/block)
[2026-06-01 11:24:22]   [geth] Waiting for RPC...
[2026-06-01 11:24:24]   [geth] RPC ready after 3s
[2026-06-01 11:24:24]   [bench] Running execute remote...
[2026-06-01 11:24:31]   [bench] exit=0 passed=1 failed=0
0 missing_trie_node=0
0
[2026-06-01 11:24:31] 
[2026-06-01 11:24:31]   ── BENCHMARK: storage_sload_k10 (pool=256 contracts; effective K=10)
[2026-06-01 11:24:31] 
[2026-06-01 11:24:31]   --- storage_sload_k10_run1 (pbt) write-offset=10100000000 K=10 ---
[2026-06-01 11:24:31]   [geth] Stopping (SIGTERM, waiting up to 120s for clean exit): 1106253
[2026-06-01 11:24:32]   [geth] exited cleanly after 1s
[2026-06-01 11:24:32]   [cache] OS page cache dropped
Fatal: Could not create the account: account already exists
[2026-06-01 11:24:32]   [geth] Starting (pbt, gd=5, cold=1, dev.period=1, 1tx/block)
[2026-06-01 11:24:32]   [geth] Waiting for RPC...
[2026-06-01 11:24:34]   [geth] RPC ready after 3s
[2026-06-01 11:24:34]   [bench] Running execute remote...
[2026-06-01 11:24:42]   [bench] exit=0 passed=1 failed=0
0 missing_trie_node=0
0
[2026-06-01 11:24:42] 
[2026-06-01 11:24:42]   --- storage_sload_k10_run2 (pbt) write-offset=10200000000 K=10 ---
[2026-06-01 11:24:42]   [geth] Stopping (SIGTERM, waiting up to 120s for clean exit): 1106350
[2026-06-01 11:24:43]   [geth] exited cleanly after 1s
[2026-06-01 11:24:44]   [cache] OS page cache dropped
Fatal: Could not create the account: account already exists
[2026-06-01 11:24:44]   [geth] Starting (pbt, gd=5, cold=1, dev.period=1, 1tx/block)
[2026-06-01 11:24:44]   [geth] Waiting for RPC...
[2026-06-01 11:24:46]   [geth] RPC ready after 3s
[2026-06-01 11:24:46]   [bench] Running execute remote...
[2026-06-01 11:24:54]   [bench] exit=0 passed=1 failed=0
0 missing_trie_node=0
0
[2026-06-01 11:24:54] 
[2026-06-01 11:24:54]   --- storage_sload_k10_run3 (pbt) write-offset=10300000000 K=10 ---
[2026-06-01 11:24:54]   [geth] Stopping (SIGTERM, waiting up to 120s for clean exit): 1106427
[2026-06-01 11:24:55]   [geth] exited cleanly after 1s
[2026-06-01 11:24:55]   [cache] OS page cache dropped
Fatal: Could not create the account: account already exists
[2026-06-01 11:24:55]   [geth] Starting (pbt, gd=5, cold=1, dev.period=1, 1tx/block)
[2026-06-01 11:24:55]   [geth] Waiting for RPC...
[2026-06-01 11:24:57]   [geth] RPC ready after 3s
[2026-06-01 11:24:57]   [bench] Running execute remote...
[2026-06-01 11:25:04]   [bench] exit=0 passed=1 failed=0
0 missing_trie_node=0
0
[2026-06-01 11:25:04] 
[2026-06-01 11:25:04]   --- storage_sload_k10_run4 (pbt) write-offset=10400000000 K=10 ---
[2026-06-01 11:25:04]   [geth] Stopping (SIGTERM, waiting up to 120s for clean exit): 1106566
[2026-06-01 11:25:05]   [geth] exited cleanly after 1s
[2026-06-01 11:25:06]   [cache] OS page cache dropped
Fatal: Could not create the account: account already exists
[2026-06-01 11:25:06]   [geth] Starting (pbt, gd=5, cold=1, dev.period=1, 1tx/block)
[2026-06-01 11:25:06]   [geth] Waiting for RPC...
[2026-06-01 11:25:08]   [geth] RPC ready after 3s
[2026-06-01 11:25:08]   [bench] Running execute remote...
[2026-06-01 11:25:14]   [bench] exit=0 passed=1 failed=0
0 missing_trie_node=0
0
[2026-06-01 11:25:14] 
[2026-06-01 11:25:14]   --- storage_sload_k10_run5 (pbt) write-offset=10500000000 K=10 ---
[2026-06-01 11:25:14]   [geth] Stopping (SIGTERM, waiting up to 120s for clean exit): 1106644
[2026-06-01 11:25:15]   [geth] exited cleanly after 1s
[2026-06-01 11:25:15]   [cache] OS page cache dropped
Fatal: Could not create the account: account already exists
[2026-06-01 11:25:15]   [geth] Starting (pbt, gd=5, cold=1, dev.period=1, 1tx/block)
[2026-06-01 11:25:15]   [geth] Waiting for RPC...
[2026-06-01 11:25:17]   [geth] RPC ready after 3s
[2026-06-01 11:25:17]   [bench] Running execute remote...
[2026-06-01 11:25:25]   [bench] exit=0 passed=1 failed=0
0 missing_trie_node=0
0
[2026-06-01 11:25:25] 
[2026-06-01 11:25:25]   --- storage_sload_k10_run6 (pbt) write-offset=10600000000 K=10 ---
[2026-06-01 11:25:25]   [geth] Stopping (SIGTERM, waiting up to 120s for clean exit): 1106719
[2026-06-01 11:25:26]   [geth] exited cleanly after 1s
[2026-06-01 11:25:26]   [cache] OS page cache dropped
Fatal: Could not create the account: account already exists
[2026-06-01 11:25:26]   [geth] Starting (pbt, gd=5, cold=1, dev.period=1, 1tx/block)
[2026-06-01 11:25:26]   [geth] Waiting for RPC...
[2026-06-01 11:25:28]   [geth] RPC ready after 3s
[2026-06-01 11:25:28]   [bench] Running execute remote...
[2026-06-01 11:25:35]   [bench] exit=0 passed=1 failed=0
0 missing_trie_node=0
0
[2026-06-01 11:25:35] 
[2026-06-01 11:25:35]   --- storage_sload_k10_run7 (pbt) write-offset=10700000000 K=10 ---
[2026-06-01 11:25:35]   [geth] Stopping (SIGTERM, waiting up to 120s for clean exit): 1106793
[2026-06-01 11:25:36]   [geth] exited cleanly after 1s
[2026-06-01 11:25:36]   [cache] OS page cache dropped
Fatal: Could not create the account: account already exists
[2026-06-01 11:25:36]   [geth] Starting (pbt, gd=5, cold=1, dev.period=1, 1tx/block)
[2026-06-01 11:25:36]   [geth] Waiting for RPC...
[2026-06-01 11:25:38]   [geth] RPC ready after 3s
[2026-06-01 11:25:38]   [bench] Running execute remote...
[2026-06-01 11:25:46]   [bench] exit=0 passed=1 failed=0
0 missing_trie_node=0
0
[2026-06-01 11:25:46] 
[2026-06-01 11:25:46]   --- storage_sload_k10_run8 (pbt) write-offset=10800000000 K=10 ---
[2026-06-01 11:25:46]   [geth] Stopping (SIGTERM, waiting up to 120s for clean exit): 1106869
[2026-06-01 11:25:47]   [geth] exited cleanly after 1s
[2026-06-01 11:25:47]   [cache] OS page cache dropped
Fatal: Could not create the account: account already exists
[2026-06-01 11:25:47]   [geth] Starting (pbt, gd=5, cold=1, dev.period=1, 1tx/block)
[2026-06-01 11:25:47]   [geth] Waiting for RPC...
[2026-06-01 11:25:49]   [geth] RPC ready after 3s
[2026-06-01 11:25:49]   [bench] Running execute remote...
[2026-06-01 11:25:55]   [bench] exit=0 passed=1 failed=0
0 missing_trie_node=0
0
[2026-06-01 11:25:55] 
[2026-06-01 11:25:55]   --- storage_sload_k10_run9 (pbt) write-offset=10900000000 K=10 ---
[2026-06-01 11:25:55]   [geth] Stopping (SIGTERM, waiting up to 120s for clean exit): 1106943
[2026-06-01 11:25:56]   [geth] exited cleanly after 1s
[2026-06-01 11:25:56]   [cache] OS page cache dropped
Fatal: Could not create the account: account already exists
[2026-06-01 11:25:57]   [geth] Starting (pbt, gd=5, cold=1, dev.period=1, 1tx/block)
[2026-06-01 11:25:57]   [geth] Waiting for RPC...
[2026-06-01 11:25:59]   [geth] RPC ready after 3s
[2026-06-01 11:25:59]   [bench] Running execute remote...
[2026-06-01 11:26:06]   [bench] exit=0 passed=1 failed=0
0 missing_trie_node=0
0
[2026-06-01 11:26:06] 
[2026-06-01 11:26:06]   --- storage_sload_k10_run10 (pbt) write-offset=11000000000 K=10 ---
[2026-06-01 11:26:06]   [geth] Stopping (SIGTERM, waiting up to 120s for clean exit): 1107062
[2026-06-01 11:26:07]   [geth] exited cleanly after 1s
[2026-06-01 11:26:07]   [cache] OS page cache dropped
Fatal: Could not create the account: account already exists
[2026-06-01 11:26:07]   [geth] Starting (pbt, gd=5, cold=1, dev.period=1, 1tx/block)
[2026-06-01 11:26:07]   [geth] Waiting for RPC...
[2026-06-01 11:26:09]   [geth] RPC ready after 3s
[2026-06-01 11:26:09]   [bench] Running execute remote...
[2026-06-01 11:26:15]   [bench] exit=0 passed=1 failed=0
0 missing_trie_node=0
0
[2026-06-01 11:26:15] 
[2026-06-01 11:26:15]   --- storage_sload_k10_run11 (pbt) write-offset=11100000000 K=10 ---
[2026-06-01 11:26:15]   [geth] Stopping (SIGTERM, waiting up to 120s for clean exit): 1107136
[2026-06-01 11:26:16]   [geth] exited cleanly after 1s
[2026-06-01 11:26:17]   [cache] OS page cache dropped
Fatal: Could not create the account: account already exists
[2026-06-01 11:26:17]   [geth] Starting (pbt, gd=5, cold=1, dev.period=1, 1tx/block)
[2026-06-01 11:26:17]   [geth] Waiting for RPC...
[2026-06-01 11:26:19]   [geth] RPC ready after 3s
[2026-06-01 11:26:19]   [bench] Running execute remote...
[2026-06-01 11:26:26]   [bench] exit=0 passed=1 failed=0
0 missing_trie_node=0
0
[2026-06-01 11:26:26] 
[2026-06-01 11:26:26]   --- storage_sload_k10_run12 (pbt) write-offset=11200000000 K=10 ---
[2026-06-01 11:26:26]   [geth] Stopping (SIGTERM, waiting up to 120s for clean exit): 1107212
[2026-06-01 11:26:27]   [geth] exited cleanly after 1s
[2026-06-01 11:26:27]   [cache] OS page cache dropped
Fatal: Could not create the account: account already exists
[2026-06-01 11:26:27]   [geth] Starting (pbt, gd=5, cold=1, dev.period=1, 1tx/block)
[2026-06-01 11:26:27]   [geth] Waiting for RPC...
[2026-06-01 11:26:29]   [geth] RPC ready after 3s
[2026-06-01 11:26:29]   [bench] Running execute remote...
[2026-06-01 11:26:37]   [bench] exit=0 passed=1 failed=0
0 missing_trie_node=0
0
[2026-06-01 11:26:37] 
[2026-06-01 11:26:37]   --- storage_sload_k10_run13 (pbt) write-offset=11300000000 K=10 ---
[2026-06-01 11:26:37]   [geth] Stopping (SIGTERM, waiting up to 120s for clean exit): 1107287
[2026-06-01 11:26:38]   [geth] exited cleanly after 1s
[2026-06-01 11:26:38]   [cache] OS page cache dropped
Fatal: Could not create the account: account already exists
[2026-06-01 11:26:38]   [geth] Starting (pbt, gd=5, cold=1, dev.period=1, 1tx/block)
[2026-06-01 11:26:38]   [geth] Waiting for RPC...
[2026-06-01 11:26:40]   [geth] RPC ready after 3s
[2026-06-01 11:26:40]   [bench] Running execute remote...
[2026-06-01 11:26:47]   [bench] exit=0 passed=1 failed=0
0 missing_trie_node=0
0
[2026-06-01 11:26:47] 
[2026-06-01 11:26:47]   --- storage_sload_k10_run14 (pbt) write-offset=11400000000 K=10 ---
[2026-06-01 11:26:47]   [geth] Stopping (SIGTERM, waiting up to 120s for clean exit): 1107363
[2026-06-01 11:26:48]   [geth] exited cleanly after 1s
[2026-06-01 11:26:48]   [cache] OS page cache dropped
Fatal: Could not create the account: account already exists
[2026-06-01 11:26:48]   [geth] Starting (pbt, gd=5, cold=1, dev.period=1, 1tx/block)
[2026-06-01 11:26:48]   [geth] Waiting for RPC...
[2026-06-01 11:26:50]   [geth] RPC ready after 3s
[2026-06-01 11:26:50]   [bench] Running execute remote...
[2026-06-01 11:26:58]   [bench] exit=0 passed=1 failed=0
0 missing_trie_node=0
0
[2026-06-01 11:26:58] 
[2026-06-01 11:26:58]   --- storage_sload_k10_run15 (pbt) write-offset=11500000000 K=10 ---
[2026-06-01 11:26:58]   [geth] Stopping (SIGTERM, waiting up to 120s for clean exit): 1107439
[2026-06-01 11:26:59]   [geth] exited cleanly after 1s
[2026-06-01 11:26:59]   [cache] OS page cache dropped
Fatal: Could not create the account: account already exists
[2026-06-01 11:26:59]   [geth] Starting (pbt, gd=5, cold=1, dev.period=1, 1tx/block)
[2026-06-01 11:26:59]   [geth] Waiting for RPC...
[2026-06-01 11:27:01]   [geth] RPC ready after 3s
[2026-06-01 11:27:01]   [bench] Running execute remote...
[2026-06-01 11:27:08]   [bench] exit=0 passed=1 failed=0
0 missing_trie_node=0
0
[2026-06-01 11:27:08] 
[2026-06-01 11:27:08]   --- storage_sload_k10_run16 (pbt) write-offset=11600000000 K=10 ---
[2026-06-01 11:27:08]   [geth] Stopping (SIGTERM, waiting up to 120s for clean exit): 1107519
[2026-06-01 11:27:09]   [geth] exited cleanly after 1s
[2026-06-01 11:27:10]   [cache] OS page cache dropped
Fatal: Could not create the account: account already exists
[2026-06-01 11:27:10]   [geth] Starting (pbt, gd=5, cold=1, dev.period=1, 1tx/block)
[2026-06-01 11:27:10]   [geth] Waiting for RPC...
[2026-06-01 11:27:12]   [geth] RPC ready after 3s
[2026-06-01 11:27:12]   [bench] Running execute remote...
[2026-06-01 11:27:19]   [bench] exit=0 passed=1 failed=0
0 missing_trie_node=0
0
[2026-06-01 11:27:19] 
[2026-06-01 11:27:19]   --- storage_sload_k10_run17 (pbt) write-offset=11700000000 K=10 ---
[2026-06-01 11:27:19]   [geth] Stopping (SIGTERM, waiting up to 120s for clean exit): 1107606
[2026-06-01 11:27:20]   [geth] exited cleanly after 1s
[2026-06-01 11:27:20]   [cache] OS page cache dropped
Fatal: Could not create the account: account already exists
[2026-06-01 11:27:20]   [geth] Starting (pbt, gd=5, cold=1, dev.period=1, 1tx/block)
[2026-06-01 11:27:20]   [geth] Waiting for RPC...
[2026-06-01 11:27:22]   [geth] RPC ready after 3s
[2026-06-01 11:27:22]   [bench] Running execute remote...
[2026-06-01 11:27:29]   [bench] exit=0 passed=1 failed=0
0 missing_trie_node=0
0
[2026-06-01 11:27:29] 
[2026-06-01 11:27:29]   --- storage_sload_k10_run18 (pbt) write-offset=11800000000 K=10 ---
[2026-06-01 11:27:29]   [geth] Stopping (SIGTERM, waiting up to 120s for clean exit): 1107680
[2026-06-01 11:27:30]   [geth] exited cleanly after 1s
[2026-06-01 11:27:31]   [cache] OS page cache dropped
Fatal: Could not create the account: account already exists
[2026-06-01 11:27:31]   [geth] Starting (pbt, gd=5, cold=1, dev.period=1, 1tx/block)
[2026-06-01 11:27:31]   [geth] Waiting for RPC...
[2026-06-01 11:27:33]   [geth] RPC ready after 3s
[2026-06-01 11:27:33]   [bench] Running execute remote...
[2026-06-01 11:27:40]   [bench] exit=0 passed=1 failed=0
0 missing_trie_node=0
0
[2026-06-01 11:27:40] 
[2026-06-01 11:27:40]   --- storage_sload_k10_run19 (pbt) write-offset=11900000000 K=10 ---
[2026-06-01 11:27:40]   [geth] Stopping (SIGTERM, waiting up to 120s for clean exit): 1107757
[2026-06-01 11:27:41]   [geth] exited cleanly after 1s
[2026-06-01 11:27:41]   [cache] OS page cache dropped
Fatal: Could not create the account: account already exists
[2026-06-01 11:27:41]   [geth] Starting (pbt, gd=5, cold=1, dev.period=1, 1tx/block)
[2026-06-01 11:27:41]   [geth] Waiting for RPC...
[2026-06-01 11:27:43]   [geth] RPC ready after 3s
[2026-06-01 11:27:43]   [bench] Running execute remote...
[2026-06-01 11:27:51]   [bench] exit=0 passed=1 failed=0
0 missing_trie_node=0
0
[2026-06-01 11:27:51] 
[2026-06-01 11:27:51]   --- storage_sload_k10_run20 (pbt) write-offset=12000000000 K=10 ---
[2026-06-01 11:27:51]   [geth] Stopping (SIGTERM, waiting up to 120s for clean exit): 1107833
[2026-06-01 11:27:52]   [geth] exited cleanly after 1s
[2026-06-01 11:27:52]   [cache] OS page cache dropped
Fatal: Could not create the account: account already exists
[2026-06-01 11:27:52]   [geth] Starting (pbt, gd=5, cold=1, dev.period=1, 1tx/block)
[2026-06-01 11:27:52]   [geth] Waiting for RPC...
[2026-06-01 11:27:54]   [geth] RPC ready after 3s
[2026-06-01 11:27:54]   [bench] Running execute remote...
[2026-06-01 11:28:01]   [bench] exit=0 passed=1 failed=0
0 missing_trie_node=0
0
[2026-06-01 11:28:01] 
[2026-06-01 11:28:01]   ── BENCHMARK: storage_sload_k100 (pool=256 contracts; effective K=100)
[2026-06-01 11:28:01] 
[2026-06-01 11:28:01]   --- storage_sload_k100_run1 (pbt) write-offset=10100000000 K=100 ---
[2026-06-01 11:28:01]   [geth] Stopping (SIGTERM, waiting up to 120s for clean exit): 1107906
[2026-06-01 11:28:02]   [geth] exited cleanly after 1s
[2026-06-01 11:28:02]   [cache] OS page cache dropped
Fatal: Could not create the account: account already exists
[2026-06-01 11:28:02]   [geth] Starting (pbt, gd=5, cold=1, dev.period=1, 1tx/block)
[2026-06-01 11:28:02]   [geth] Waiting for RPC...
[2026-06-01 11:28:04]   [geth] RPC ready after 3s
[2026-06-01 11:28:04]   [bench] Running execute remote...
[2026-06-01 11:28:12]   [bench] exit=0 passed=1 failed=0
0 missing_trie_node=0
0
[2026-06-01 11:28:12] 
[2026-06-01 11:28:12]   --- storage_sload_k100_run2 (pbt) write-offset=10200000000 K=100 ---
[2026-06-01 11:28:12]   [geth] Stopping (SIGTERM, waiting up to 120s for clean exit): 1108005
[2026-06-01 11:28:13]   [geth] exited cleanly after 1s
[2026-06-01 11:28:13]   [cache] OS page cache dropped
Fatal: Could not create the account: account already exists
[2026-06-01 11:28:13]   [geth] Starting (pbt, gd=5, cold=1, dev.period=1, 1tx/block)
[2026-06-01 11:28:13]   [geth] Waiting for RPC...
[2026-06-01 11:28:15]   [geth] RPC ready after 3s
[2026-06-01 11:28:15]   [bench] Running execute remote...
[2026-06-01 11:28:21]   [bench] exit=0 passed=1 failed=0
0 missing_trie_node=0
0
[2026-06-01 11:28:21] 
[2026-06-01 11:28:21]   --- storage_sload_k100_run3 (pbt) write-offset=10300000000 K=100 ---
[2026-06-01 11:28:21]   [geth] Stopping (SIGTERM, waiting up to 120s for clean exit): 1108082
[2026-06-01 11:28:22]   [geth] exited cleanly after 1s
[2026-06-01 11:28:23]   [cache] OS page cache dropped
Fatal: Could not create the account: account already exists
[2026-06-01 11:28:23]   [geth] Starting (pbt, gd=5, cold=1, dev.period=1, 1tx/block)
[2026-06-01 11:28:23]   [geth] Waiting for RPC...
[2026-06-01 11:28:25]   [geth] RPC ready after 3s
[2026-06-01 11:28:25]   [bench] Running execute remote...
[2026-06-01 11:28:32]   [bench] exit=0 passed=1 failed=0
0 missing_trie_node=0
0
[2026-06-01 11:28:32] 
[2026-06-01 11:28:32]   --- storage_sload_k100_run4 (pbt) write-offset=10400000000 K=100 ---
[2026-06-01 11:28:32]   [geth] Stopping (SIGTERM, waiting up to 120s for clean exit): 1108155
[2026-06-01 11:28:33]   [geth] exited cleanly after 1s
[2026-06-01 11:28:33]   [cache] OS page cache dropped
Fatal: Could not create the account: account already exists
[2026-06-01 11:28:33]   [geth] Starting (pbt, gd=5, cold=1, dev.period=1, 1tx/block)
[2026-06-01 11:28:33]   [geth] Waiting for RPC...
[2026-06-01 11:28:35]   [geth] RPC ready after 3s
[2026-06-01 11:28:35]   [bench] Running execute remote...
[2026-06-01 11:28:42]   [bench] exit=0 passed=1 failed=0
0 missing_trie_node=0
0
[2026-06-01 11:28:42] 
[2026-06-01 11:28:42]   --- storage_sload_k100_run5 (pbt) write-offset=10500000000 K=100 ---
[2026-06-01 11:28:42]   [geth] Stopping (SIGTERM, waiting up to 120s for clean exit): 1108229
[2026-06-01 11:28:44]   [geth] exited cleanly after 1s
[2026-06-01 11:28:44]   [cache] OS page cache dropped
Fatal: Could not create the account: account already exists
[2026-06-01 11:28:44]   [geth] Starting (pbt, gd=5, cold=1, dev.period=1, 1tx/block)
[2026-06-01 11:28:44]   [geth] Waiting for RPC...
[2026-06-01 11:28:46]   [geth] RPC ready after 3s
[2026-06-01 11:28:46]   [bench] Running execute remote...
[2026-06-01 11:28:53]   [bench] exit=0 passed=1 failed=0
0 missing_trie_node=0
0
[2026-06-01 11:28:53] 
[2026-06-01 11:28:53]   --- storage_sload_k100_run6 (pbt) write-offset=10600000000 K=100 ---
[2026-06-01 11:28:53]   [geth] Stopping (SIGTERM, waiting up to 120s for clean exit): 1108307
[2026-06-01 11:28:54]   [geth] exited cleanly after 1s
[2026-06-01 11:28:54]   [cache] OS page cache dropped
Fatal: Could not create the account: account already exists
[2026-06-01 11:28:54]   [geth] Starting (pbt, gd=5, cold=1, dev.period=1, 1tx/block)
[2026-06-01 11:28:54]   [geth] Waiting for RPC...
[2026-06-01 11:28:56]   [geth] RPC ready after 3s
[2026-06-01 11:28:56]   [bench] Running execute remote...
[2026-06-01 11:29:04]   [bench] exit=0 passed=1 failed=0
0 missing_trie_node=0
0
[2026-06-01 11:29:04] 
[2026-06-01 11:29:04]   --- storage_sload_k100_run7 (pbt) write-offset=10700000000 K=100 ---
[2026-06-01 11:29:04]   [geth] Stopping (SIGTERM, waiting up to 120s for clean exit): 1108386
[2026-06-01 11:29:05]   [geth] exited cleanly after 1s
[2026-06-01 11:29:05]   [cache] OS page cache dropped
Fatal: Could not create the account: account already exists
[2026-06-01 11:29:05]   [geth] Starting (pbt, gd=5, cold=1, dev.period=1, 1tx/block)
[2026-06-01 11:29:05]   [geth] Waiting for RPC...
[2026-06-01 11:29:07]   [geth] RPC ready after 3s
[2026-06-01 11:29:07]   [bench] Running execute remote...
[2026-06-01 11:29:14]   [bench] exit=0 passed=1 failed=0
0 missing_trie_node=0
0
[2026-06-01 11:29:14] 
[2026-06-01 11:29:14]   --- storage_sload_k100_run8 (pbt) write-offset=10800000000 K=100 ---
[2026-06-01 11:29:14]   [geth] Stopping (SIGTERM, waiting up to 120s for clean exit): 1108460
[2026-06-01 11:29:15]   [geth] exited cleanly after 1s
[2026-06-01 11:29:16]   [cache] OS page cache dropped
Fatal: Could not create the account: account already exists
[2026-06-01 11:29:16]   [geth] Starting (pbt, gd=5, cold=1, dev.period=1, 1tx/block)
[2026-06-01 11:29:16]   [geth] Waiting for RPC...
[2026-06-01 11:29:18]   [geth] RPC ready after 3s
[2026-06-01 11:29:18]   [bench] Running execute remote...
[2026-06-01 11:29:25]   [bench] exit=0 passed=1 failed=0
0 missing_trie_node=0
0
[2026-06-01 11:29:25] 
[2026-06-01 11:29:25]   --- storage_sload_k100_run9 (pbt) write-offset=10900000000 K=100 ---
[2026-06-01 11:29:25]   [geth] Stopping (SIGTERM, waiting up to 120s for clean exit): 1108536
[2026-06-01 11:29:26]   [geth] exited cleanly after 1s
[2026-06-01 11:29:26]   [cache] OS page cache dropped
Fatal: Could not create the account: account already exists
[2026-06-01 11:29:26]   [geth] Starting (pbt, gd=5, cold=1, dev.period=1, 1tx/block)
[2026-06-01 11:29:26]   [geth] Waiting for RPC...
[2026-06-01 11:29:28]   [geth] RPC ready after 3s
[2026-06-01 11:29:28]   [bench] Running execute remote...
[2026-06-01 11:29:35]   [bench] exit=0 passed=1 failed=0
0 missing_trie_node=0
0
[2026-06-01 11:29:35] 
[2026-06-01 11:29:35]   --- storage_sload_k100_run10 (pbt) write-offset=11000000000 K=100 ---
[2026-06-01 11:29:35]   [geth] Stopping (SIGTERM, waiting up to 120s for clean exit): 1108615
[2026-06-01 11:29:36]   [geth] exited cleanly after 1s
[2026-06-01 11:29:36]   [cache] OS page cache dropped
Fatal: Could not create the account: account already exists
[2026-06-01 11:29:36]   [geth] Starting (pbt, gd=5, cold=1, dev.period=1, 1tx/block)
[2026-06-01 11:29:36]   [geth] Waiting for RPC...
[2026-06-01 11:29:38]   [geth] RPC ready after 3s
[2026-06-01 11:29:38]   [bench] Running execute remote...
[2026-06-01 11:29:45]   [bench] exit=0 passed=1 failed=0
0 missing_trie_node=0
0
[2026-06-01 11:29:45] 
[2026-06-01 11:29:45]   --- storage_sload_k100_run11 (pbt) write-offset=11100000000 K=100 ---
[2026-06-01 11:29:45]   [geth] Stopping (SIGTERM, waiting up to 120s for clean exit): 1108691
[2026-06-01 11:29:46]   [geth] exited cleanly after 1s
[2026-06-01 11:29:46]   [cache] OS page cache dropped
Fatal: Could not create the account: account already exists
[2026-06-01 11:29:47]   [geth] Starting (pbt, gd=5, cold=1, dev.period=1, 1tx/block)
[2026-06-01 11:29:47]   [geth] Waiting for RPC...
[2026-06-01 11:29:49]   [geth] RPC ready after 3s
[2026-06-01 11:29:49]   [bench] Running execute remote...
[2026-06-01 11:29:56]   [bench] exit=0 passed=1 failed=0
0 missing_trie_node=0
0
[2026-06-01 11:29:56] 
[2026-06-01 11:29:56]   --- storage_sload_k100_run12 (pbt) write-offset=11200000000 K=100 ---
[2026-06-01 11:29:56]   [geth] Stopping (SIGTERM, waiting up to 120s for clean exit): 1108765
[2026-06-01 11:29:57]   [geth] exited cleanly after 1s
[2026-06-01 11:29:57]   [cache] OS page cache dropped
Fatal: Could not create the account: account already exists
[2026-06-01 11:29:57]   [geth] Starting (pbt, gd=5, cold=1, dev.period=1, 1tx/block)
[2026-06-01 11:29:57]   [geth] Waiting for RPC...
[2026-06-01 11:29:59]   [geth] RPC ready after 3s
[2026-06-01 11:29:59]   [bench] Running execute remote...
[2026-06-01 11:30:07]   [bench] exit=0 passed=1 failed=0
0 missing_trie_node=0
0
[2026-06-01 11:30:07] 
[2026-06-01 11:30:07]   --- storage_sload_k100_run13 (pbt) write-offset=11300000000 K=100 ---
[2026-06-01 11:30:07]   [geth] Stopping (SIGTERM, waiting up to 120s for clean exit): 1108840
[2026-06-01 11:30:08]   [geth] exited cleanly after 1s
[2026-06-01 11:30:08]   [cache] OS page cache dropped
Fatal: Could not create the account: account already exists
[2026-06-01 11:30:08]   [geth] Starting (pbt, gd=5, cold=1, dev.period=1, 1tx/block)
[2026-06-01 11:30:08]   [geth] Waiting for RPC...
[2026-06-01 11:30:10]   [geth] RPC ready after 3s
[2026-06-01 11:30:10]   [bench] Running execute remote...
[2026-06-01 11:30:17]   [bench] exit=0 passed=1 failed=0
0 missing_trie_node=0
0
[2026-06-01 11:30:17] 
[2026-06-01 11:30:17]   --- storage_sload_k100_run14 (pbt) write-offset=11400000000 K=100 ---
[2026-06-01 11:30:17]   [geth] Stopping (SIGTERM, waiting up to 120s for clean exit): 1108915
[2026-06-01 11:30:18]   [geth] exited cleanly after 1s
[2026-06-01 11:30:18]   [cache] OS page cache dropped
Fatal: Could not create the account: account already exists
[2026-06-01 11:30:18]   [geth] Starting (pbt, gd=5, cold=1, dev.period=1, 1tx/block)
[2026-06-01 11:30:18]   [geth] Waiting for RPC...
[2026-06-01 11:30:20]   [geth] RPC ready after 3s
[2026-06-01 11:30:20]   [bench] Running execute remote...
[2026-06-01 11:30:28]   [bench] exit=0 passed=1 failed=0
0 missing_trie_node=0
0
[2026-06-01 11:30:28] 
[2026-06-01 11:30:28]   --- storage_sload_k100_run15 (pbt) write-offset=11500000000 K=100 ---
[2026-06-01 11:30:28]   [geth] Stopping (SIGTERM, waiting up to 120s for clean exit): 1108988
[2026-06-01 11:30:29]   [geth] exited cleanly after 1s
[2026-06-01 11:30:29]   [cache] OS page cache dropped
Fatal: Could not create the account: account already exists
[2026-06-01 11:30:29]   [geth] Starting (pbt, gd=5, cold=1, dev.period=1, 1tx/block)
[2026-06-01 11:30:29]   [geth] Waiting for RPC...
[2026-06-01 11:30:31]   [geth] RPC ready after 3s
[2026-06-01 11:30:31]   [bench] Running execute remote...
[2026-06-01 11:30:37]   [bench] exit=0 passed=1 failed=0
0 missing_trie_node=0
0
[2026-06-01 11:30:37] 
[2026-06-01 11:30:37]   --- storage_sload_k100_run16 (pbt) write-offset=11600000000 K=100 ---
[2026-06-01 11:30:37]   [geth] Stopping (SIGTERM, waiting up to 120s for clean exit): 1109057
[2026-06-01 11:30:38]   [geth] exited cleanly after 1s
[2026-06-01 11:30:39]   [cache] OS page cache dropped
Fatal: Could not create the account: account already exists
[2026-06-01 11:30:39]   [geth] Starting (pbt, gd=5, cold=1, dev.period=1, 1tx/block)
[2026-06-01 11:30:39]   [geth] Waiting for RPC...
[2026-06-01 11:30:41]   [geth] RPC ready after 3s
[2026-06-01 11:30:41]   [bench] Running execute remote...
[2026-06-01 11:30:48]   [bench] exit=0 passed=1 failed=0
0 missing_trie_node=0
0
[2026-06-01 11:30:48] 
[2026-06-01 11:30:48]   --- storage_sload_k100_run17 (pbt) write-offset=11700000000 K=100 ---
[2026-06-01 11:30:48]   [geth] Stopping (SIGTERM, waiting up to 120s for clean exit): 1109131
[2026-06-01 11:30:49]   [geth] exited cleanly after 1s
[2026-06-01 11:30:49]   [cache] OS page cache dropped
Fatal: Could not create the account: account already exists
[2026-06-01 11:30:49]   [geth] Starting (pbt, gd=5, cold=1, dev.period=1, 1tx/block)
[2026-06-01 11:30:49]   [geth] Waiting for RPC...
[2026-06-01 11:30:51]   [geth] RPC ready after 3s
[2026-06-01 11:30:51]   [bench] Running execute remote...
[2026-06-01 11:30:59]   [bench] exit=0 passed=1 failed=0
0 missing_trie_node=0
0
[2026-06-01 11:30:59] 
[2026-06-01 11:30:59]   --- storage_sload_k100_run18 (pbt) write-offset=11800000000 K=100 ---
[2026-06-01 11:30:59]   [geth] Stopping (SIGTERM, waiting up to 120s for clean exit): 1109207
[2026-06-01 11:31:00]   [geth] exited cleanly after 1s
[2026-06-01 11:31:00]   [cache] OS page cache dropped
Fatal: Could not create the account: account already exists
[2026-06-01 11:31:00]   [geth] Starting (pbt, gd=5, cold=1, dev.period=1, 1tx/block)
[2026-06-01 11:31:00]   [geth] Waiting for RPC...
[2026-06-01 11:31:02]   [geth] RPC ready after 3s
[2026-06-01 11:31:02]   [bench] Running execute remote...
[2026-06-01 11:31:09]   [bench] exit=0 passed=1 failed=0
0 missing_trie_node=0
0
[2026-06-01 11:31:09] 
[2026-06-01 11:31:09]   --- storage_sload_k100_run19 (pbt) write-offset=11900000000 K=100 ---
[2026-06-01 11:31:09]   [geth] Stopping (SIGTERM, waiting up to 120s for clean exit): 1109281
[2026-06-01 11:31:10]   [geth] exited cleanly after 1s
[2026-06-01 11:31:10]   [cache] OS page cache dropped
Fatal: Could not create the account: account already exists
[2026-06-01 11:31:11]   [geth] Starting (pbt, gd=5, cold=1, dev.period=1, 1tx/block)
[2026-06-01 11:31:11]   [geth] Waiting for RPC...
[2026-06-01 11:31:13]   [geth] RPC ready after 3s
[2026-06-01 11:31:13]   [bench] Running execute remote...
[2026-06-01 11:31:20]   [bench] exit=0 passed=1 failed=0
0 missing_trie_node=0
0
[2026-06-01 11:31:20] 
[2026-06-01 11:31:20]   --- storage_sload_k100_run20 (pbt) write-offset=12000000000 K=100 ---
[2026-06-01 11:31:20]   [geth] Stopping (SIGTERM, waiting up to 120s for clean exit): 1109356
[2026-06-01 11:31:21]   [geth] exited cleanly after 1s
[2026-06-01 11:31:21]   [cache] OS page cache dropped
Fatal: Could not create the account: account already exists
[2026-06-01 11:31:21]   [geth] Starting (pbt, gd=5, cold=1, dev.period=1, 1tx/block)
[2026-06-01 11:31:21]   [geth] Waiting for RPC...
[2026-06-01 11:31:23]   [geth] RPC ready after 3s
[2026-06-01 11:31:23]   [bench] Running execute remote...
[2026-06-01 11:31:30]   [bench] exit=0 passed=1 failed=0
0 missing_trie_node=0
0
[2026-06-01 11:31:30] 
[2026-06-01 11:31:30]   ── BENCHMARK: storage_sload_k256 (pool=256 contracts; effective K=256)
[2026-06-01 11:31:30] 
[2026-06-01 11:31:30]   --- storage_sload_k256_run1 (pbt) write-offset=10100000000 K=256 ---
[2026-06-01 11:31:30]   [geth] Stopping (SIGTERM, waiting up to 120s for clean exit): 1109430
[2026-06-01 11:31:31]   [geth] exited cleanly after 1s
[2026-06-01 11:31:32]   [cache] OS page cache dropped
Fatal: Could not create the account: account already exists
[2026-06-01 11:31:32]   [geth] Starting (pbt, gd=5, cold=1, dev.period=1, 1tx/block)
[2026-06-01 11:31:32]   [geth] Waiting for RPC...
[2026-06-01 11:31:34]   [geth] RPC ready after 3s
[2026-06-01 11:31:34]   [bench] Running execute remote...
[2026-06-01 11:31:40]   [bench] exit=0 passed=1 failed=0
0 missing_trie_node=0
0
[2026-06-01 11:31:40] 
[2026-06-01 11:31:40]   --- storage_sload_k256_run2 (pbt) write-offset=10200000000 K=256 ---
[2026-06-01 11:31:40]   [geth] Stopping (SIGTERM, waiting up to 120s for clean exit): 1109528
[2026-06-01 11:31:41]   [geth] exited cleanly after 1s
[2026-06-01 11:31:41]   [cache] OS page cache dropped
Fatal: Could not create the account: account already exists
[2026-06-01 11:31:41]   [geth] Starting (pbt, gd=5, cold=1, dev.period=1, 1tx/block)
[2026-06-01 11:31:41]   [geth] Waiting for RPC...
[2026-06-01 11:31:43]   [geth] RPC ready after 3s
[2026-06-01 11:31:43]   [bench] Running execute remote...
[2026-06-01 11:31:51]   [bench] exit=0 passed=1 failed=0
0 missing_trie_node=0
0
[2026-06-01 11:31:51] 
[2026-06-01 11:31:51]   --- storage_sload_k256_run3 (pbt) write-offset=10300000000 K=256 ---
[2026-06-01 11:31:51]   [geth] Stopping (SIGTERM, waiting up to 120s for clean exit): 1109604
[2026-06-01 11:31:52]   [geth] exited cleanly after 1s
[2026-06-01 11:31:52]   [cache] OS page cache dropped
Fatal: Could not create the account: account already exists
[2026-06-01 11:31:52]   [geth] Starting (pbt, gd=5, cold=1, dev.period=1, 1tx/block)
[2026-06-01 11:31:52]   [geth] Waiting for RPC...
[2026-06-01 11:31:54]   [geth] RPC ready after 3s
[2026-06-01 11:31:54]   [bench] Running execute remote...
[2026-06-01 11:32:00]   [bench] exit=0 passed=1 failed=0
0 missing_trie_node=0
0
[2026-06-01 11:32:00] 
[2026-06-01 11:32:00]   --- storage_sload_k256_run4 (pbt) write-offset=10400000000 K=256 ---
[2026-06-01 11:32:00]   [geth] Stopping (SIGTERM, waiting up to 120s for clean exit): 1109677
[2026-06-01 11:32:01]   [geth] exited cleanly after 1s
[2026-06-01 11:32:01]   [cache] OS page cache dropped
Fatal: Could not create the account: account already exists
[2026-06-01 11:32:01]   [geth] Starting (pbt, gd=5, cold=1, dev.period=1, 1tx/block)
[2026-06-01 11:32:01]   [geth] Waiting for RPC...
[2026-06-01 11:32:03]   [geth] RPC ready after 3s
[2026-06-01 11:32:04]   [bench] Running execute remote...
[2026-06-01 11:32:11]   [bench] exit=0 passed=1 failed=0
0 missing_trie_node=0
0
[2026-06-01 11:32:11] 
[2026-06-01 11:32:11]   --- storage_sload_k256_run5 (pbt) write-offset=10500000000 K=256 ---
[2026-06-01 11:32:11]   [geth] Stopping (SIGTERM, waiting up to 120s for clean exit): 1109751
[2026-06-01 11:32:12]   [geth] exited cleanly after 1s
[2026-06-01 11:32:12]   [cache] OS page cache dropped
Fatal: Could not create the account: account already exists
[2026-06-01 11:32:12]   [geth] Starting (pbt, gd=5, cold=1, dev.period=1, 1tx/block)
[2026-06-01 11:32:12]   [geth] Waiting for RPC...
[2026-06-01 11:32:14]   [geth] RPC ready after 3s
[2026-06-01 11:32:14]   [bench] Running execute remote...
[2026-06-01 11:32:21]   [bench] exit=0 passed=1 failed=0
0 missing_trie_node=0
0
[2026-06-01 11:32:21] 
[2026-06-01 11:32:21]   --- storage_sload_k256_run6 (pbt) write-offset=10600000000 K=256 ---
[2026-06-01 11:32:21]   [geth] Stopping (SIGTERM, waiting up to 120s for clean exit): 1109830
[2026-06-01 11:32:22]   [geth] exited cleanly after 1s
[2026-06-01 11:32:22]   [cache] OS page cache dropped
Fatal: Could not create the account: account already exists
[2026-06-01 11:32:23]   [geth] Starting (pbt, gd=5, cold=1, dev.period=1, 1tx/block)
[2026-06-01 11:32:23]   [geth] Waiting for RPC...
[2026-06-01 11:32:25]   [geth] RPC ready after 3s
[2026-06-01 11:32:25]   [bench] Running execute remote...
[2026-06-01 11:32:32]   [bench] exit=0 passed=1 failed=0
0 missing_trie_node=0
0
[2026-06-01 11:32:32] 
[2026-06-01 11:32:32]   --- storage_sload_k256_run7 (pbt) write-offset=10700000000 K=256 ---
[2026-06-01 11:32:32]   [geth] Stopping (SIGTERM, waiting up to 120s for clean exit): 1109903
[2026-06-01 11:32:33]   [geth] exited cleanly after 1s
[2026-06-01 11:32:33]   [cache] OS page cache dropped
Fatal: Could not create the account: account already exists
[2026-06-01 11:32:33]   [geth] Starting (pbt, gd=5, cold=1, dev.period=1, 1tx/block)
[2026-06-01 11:32:33]   [geth] Waiting for RPC...
[2026-06-01 11:32:35]   [geth] RPC ready after 3s
[2026-06-01 11:32:35]   [bench] Running execute remote...
[2026-06-01 11:32:41]   [bench] exit=0 passed=1 failed=0
0 missing_trie_node=0
0
[2026-06-01 11:32:41] 
[2026-06-01 11:32:41]   --- storage_sload_k256_run8 (pbt) write-offset=10800000000 K=256 ---
[2026-06-01 11:32:41]   [geth] Stopping (SIGTERM, waiting up to 120s for clean exit): 1109984
[2026-06-01 11:32:42]   [geth] exited cleanly after 1s
[2026-06-01 11:32:43]   [cache] OS page cache dropped
Fatal: Could not create the account: account already exists
[2026-06-01 11:32:43]   [geth] Starting (pbt, gd=5, cold=1, dev.period=1, 1tx/block)
[2026-06-01 11:32:43]   [geth] Waiting for RPC...
[2026-06-01 11:32:45]   [geth] RPC ready after 3s
[2026-06-01 11:32:45]   [bench] Running execute remote...
[2026-06-01 11:32:52]   [bench] exit=0 passed=1 failed=0
0 missing_trie_node=0
0
[2026-06-01 11:32:52] 
[2026-06-01 11:32:52]   --- storage_sload_k256_run9 (pbt) write-offset=10900000000 K=256 ---
[2026-06-01 11:32:52]   [geth] Stopping (SIGTERM, waiting up to 120s for clean exit): 1110072
[2026-06-01 11:32:53]   [geth] exited cleanly after 1s
[2026-06-01 11:32:53]   [cache] OS page cache dropped
Fatal: Could not create the account: account already exists
[2026-06-01 11:32:53]   [geth] Starting (pbt, gd=5, cold=1, dev.period=1, 1tx/block)
[2026-06-01 11:32:53]   [geth] Waiting for RPC...
[2026-06-01 11:32:55]   [geth] RPC ready after 3s
[2026-06-01 11:32:55]   [bench] Running execute remote...
[2026-06-01 11:33:02]   [bench] exit=0 passed=1 failed=0
0 missing_trie_node=0
0
[2026-06-01 11:33:02] 
[2026-06-01 11:33:02]   --- storage_sload_k256_run10 (pbt) write-offset=11000000000 K=256 ---
[2026-06-01 11:33:02]   [geth] Stopping (SIGTERM, waiting up to 120s for clean exit): 1110148
[2026-06-01 11:33:03]   [geth] exited cleanly after 1s
[2026-06-01 11:33:04]   [cache] OS page cache dropped
Fatal: Could not create the account: account already exists
[2026-06-01 11:33:04]   [geth] Starting (pbt, gd=5, cold=1, dev.period=1, 1tx/block)
[2026-06-01 11:33:04]   [geth] Waiting for RPC...
[2026-06-01 11:33:06]   [geth] RPC ready after 3s
[2026-06-01 11:33:06]   [bench] Running execute remote...
[2026-06-01 11:33:12]   [bench] exit=0 passed=1 failed=0
0 missing_trie_node=0
0
[2026-06-01 11:33:12] 
[2026-06-01 11:33:12]   --- storage_sload_k256_run11 (pbt) write-offset=11100000000 K=256 ---
[2026-06-01 11:33:12]   [geth] Stopping (SIGTERM, waiting up to 120s for clean exit): 1110222
[2026-06-01 11:33:13]   [geth] exited cleanly after 1s
[2026-06-01 11:33:13]   [cache] OS page cache dropped
Fatal: Could not create the account: account already exists
[2026-06-01 11:33:13]   [geth] Starting (pbt, gd=5, cold=1, dev.period=1, 1tx/block)
[2026-06-01 11:33:13]   [geth] Waiting for RPC...
[2026-06-01 11:33:15]   [geth] RPC ready after 3s
[2026-06-01 11:33:15]   [bench] Running execute remote...
[2026-06-01 11:33:22]   [bench] exit=0 passed=1 failed=0
0 missing_trie_node=0
0
[2026-06-01 11:33:22] 
[2026-06-01 11:33:22]   --- storage_sload_k256_run12 (pbt) write-offset=11200000000 K=256 ---
[2026-06-01 11:33:22]   [geth] Stopping (SIGTERM, waiting up to 120s for clean exit): 1110296
[2026-06-01 11:33:23]   [geth] exited cleanly after 1s
[2026-06-01 11:33:23]   [cache] OS page cache dropped
Fatal: Could not create the account: account already exists
[2026-06-01 11:33:23]   [geth] Starting (pbt, gd=5, cold=1, dev.period=1, 1tx/block)
[2026-06-01 11:33:23]   [geth] Waiting for RPC...
[2026-06-01 11:33:25]   [geth] RPC ready after 3s
[2026-06-01 11:33:25]   [bench] Running execute remote...
[2026-06-01 11:33:31]   [bench] exit=0 passed=1 failed=0
0 missing_trie_node=0
0
[2026-06-01 11:33:31] 
[2026-06-01 11:33:31]   --- storage_sload_k256_run13 (pbt) write-offset=11300000000 K=256 ---
[2026-06-01 11:33:31]   [geth] Stopping (SIGTERM, waiting up to 120s for clean exit): 1110369
[2026-06-01 11:33:32]   [geth] exited cleanly after 1s
[2026-06-01 11:33:32]   [cache] OS page cache dropped
Fatal: Could not create the account: account already exists
[2026-06-01 11:33:32]   [geth] Starting (pbt, gd=5, cold=1, dev.period=1, 1tx/block)
[2026-06-01 11:33:32]   [geth] Waiting for RPC...
[2026-06-01 11:33:35]   [geth] RPC ready after 3s
[2026-06-01 11:33:35]   [bench] Running execute remote...
[2026-06-01 11:33:42]   [bench] exit=0 passed=1 failed=0
0 missing_trie_node=0
0
[2026-06-01 11:33:42] 
[2026-06-01 11:33:42]   --- storage_sload_k256_run14 (pbt) write-offset=11400000000 K=256 ---
[2026-06-01 11:33:42]   [geth] Stopping (SIGTERM, waiting up to 120s for clean exit): 1110446
[2026-06-01 11:33:43]   [geth] exited cleanly after 1s
[2026-06-01 11:33:43]   [cache] OS page cache dropped
Fatal: Could not create the account: account already exists
[2026-06-01 11:33:43]   [geth] Starting (pbt, gd=5, cold=1, dev.period=1, 1tx/block)
[2026-06-01 11:33:43]   [geth] Waiting for RPC...
[2026-06-01 11:33:45]   [geth] RPC ready after 3s
[2026-06-01 11:33:45]   [bench] Running execute remote...
[2026-06-01 11:33:52]   [bench] exit=0 passed=1 failed=0
0 missing_trie_node=0
0
[2026-06-01 11:33:52] 
[2026-06-01 11:33:52]   --- storage_sload_k256_run15 (pbt) write-offset=11500000000 K=256 ---
[2026-06-01 11:33:52]   [geth] Stopping (SIGTERM, waiting up to 120s for clean exit): 1110524
[2026-06-01 11:33:53]   [geth] exited cleanly after 1s
[2026-06-01 11:33:54]   [cache] OS page cache dropped
Fatal: Could not create the account: account already exists
[2026-06-01 11:33:54]   [geth] Starting (pbt, gd=5, cold=1, dev.period=1, 1tx/block)
[2026-06-01 11:33:54]   [geth] Waiting for RPC...
[2026-06-01 11:33:56]   [geth] RPC ready after 3s
[2026-06-01 11:33:56]   [bench] Running execute remote...
[2026-06-01 11:34:02]   [bench] exit=0 passed=1 failed=0
0 missing_trie_node=0
0
[2026-06-01 11:34:02] 
[2026-06-01 11:34:02]   --- storage_sload_k256_run16 (pbt) write-offset=11600000000 K=256 ---
[2026-06-01 11:34:02]   [geth] Stopping (SIGTERM, waiting up to 120s for clean exit): 1110606
[2026-06-01 11:34:03]   [geth] exited cleanly after 1s
[2026-06-01 11:34:03]   [cache] OS page cache dropped
Fatal: Could not create the account: account already exists
[2026-06-01 11:34:03]   [geth] Starting (pbt, gd=5, cold=1, dev.period=1, 1tx/block)
[2026-06-01 11:34:03]   [geth] Waiting for RPC...
[2026-06-01 11:34:05]   [geth] RPC ready after 3s
[2026-06-01 11:34:05]   [bench] Running execute remote...
[2026-06-01 11:34:12]   [bench] exit=0 passed=1 failed=0
0 missing_trie_node=0
0
[2026-06-01 11:34:12] 
[2026-06-01 11:34:12]   --- storage_sload_k256_run17 (pbt) write-offset=11700000000 K=256 ---
[2026-06-01 11:34:12]   [geth] Stopping (SIGTERM, waiting up to 120s for clean exit): 1110710
[2026-06-01 11:34:13]   [geth] exited cleanly after 1s
[2026-06-01 11:34:13]   [cache] OS page cache dropped
Fatal: Could not create the account: account already exists
[2026-06-01 11:34:13]   [geth] Starting (pbt, gd=5, cold=1, dev.period=1, 1tx/block)
[2026-06-01 11:34:13]   [geth] Waiting for RPC...
[2026-06-01 11:34:15]   [geth] RPC ready after 3s
[2026-06-01 11:34:15]   [bench] Running execute remote...
[2026-06-01 11:34:22]   [bench] exit=0 passed=1 failed=0
0 missing_trie_node=0
0
[2026-06-01 11:34:22] 
[2026-06-01 11:34:22]   --- storage_sload_k256_run18 (pbt) write-offset=11800000000 K=256 ---
[2026-06-01 11:34:22]   [geth] Stopping (SIGTERM, waiting up to 120s for clean exit): 1110786
[2026-06-01 11:34:23]   [geth] exited cleanly after 1s
[2026-06-01 11:34:23]   [cache] OS page cache dropped
Fatal: Could not create the account: account already exists
[2026-06-01 11:34:23]   [geth] Starting (pbt, gd=5, cold=1, dev.period=1, 1tx/block)
[2026-06-01 11:34:23]   [geth] Waiting for RPC...
[2026-06-01 11:34:25]   [geth] RPC ready after 3s
[2026-06-01 11:34:25]   [bench] Running execute remote...
[2026-06-01 11:34:31]   [bench] exit=0 passed=1 failed=0
0 missing_trie_node=0
0
[2026-06-01 11:34:31] 
[2026-06-01 11:34:31]   --- storage_sload_k256_run19 (pbt) write-offset=11900000000 K=256 ---
[2026-06-01 11:34:31]   [geth] Stopping (SIGTERM, waiting up to 120s for clean exit): 1110861
[2026-06-01 11:34:32]   [geth] exited cleanly after 1s
[2026-06-01 11:34:32]   [cache] OS page cache dropped
Fatal: Could not create the account: account already exists
[2026-06-01 11:34:33]   [geth] Starting (pbt, gd=5, cold=1, dev.period=1, 1tx/block)
[2026-06-01 11:34:33]   [geth] Waiting for RPC...
[2026-06-01 11:34:35]   [geth] RPC ready after 3s
[2026-06-01 11:34:35]   [bench] Running execute remote...
[2026-06-01 11:34:42]   [bench] exit=0 passed=1 failed=0
0 missing_trie_node=0
0
[2026-06-01 11:34:42] 
[2026-06-01 11:34:42]   --- storage_sload_k256_run20 (pbt) write-offset=12000000000 K=256 ---
[2026-06-01 11:34:42]   [geth] Stopping (SIGTERM, waiting up to 120s for clean exit): 1110936
[2026-06-01 11:34:43]   [geth] exited cleanly after 1s
[2026-06-01 11:34:43]   [cache] OS page cache dropped
Fatal: Could not create the account: account already exists
[2026-06-01 11:34:43]   [geth] Starting (pbt, gd=5, cold=1, dev.period=1, 1tx/block)
[2026-06-01 11:34:43]   [geth] Waiting for RPC...
[2026-06-01 11:34:45]   [geth] RPC ready after 3s
[2026-06-01 11:34:45]   [bench] Running execute remote...
[2026-06-01 11:34:52]   [bench] exit=0 passed=1 failed=0
0 missing_trie_node=0
0
[2026-06-01 11:34:52] 
[2026-06-01 11:34:52]   ── BENCHMARK: storage_sstore_k1 (pool=256 contracts; effective K=1)
[2026-06-01 11:34:52] 
[2026-06-01 11:34:52]   --- storage_sstore_k1_run1 (pbt) write-offset=10100000000 K=1 ---
[2026-06-01 11:34:52]   [geth] Stopping (SIGTERM, waiting up to 120s for clean exit): 1111016
[2026-06-01 11:34:53]   [geth] exited cleanly after 1s
[2026-06-01 11:34:53]   [cache] OS page cache dropped
Fatal: Could not create the account: account already exists
[2026-06-01 11:34:53]   [geth] Starting (pbt, gd=5, cold=1, dev.period=1, 1tx/block)
[2026-06-01 11:34:53]   [geth] Waiting for RPC...
[2026-06-01 11:34:55]   [geth] RPC ready after 3s
[2026-06-01 11:34:55]   [bench] Running execute remote...
[2026-06-01 11:35:01]   [bench] exit=0 passed=1 failed=0
0 missing_trie_node=0
0
[2026-06-01 11:35:01] 
[2026-06-01 11:35:01]   --- storage_sstore_k1_run2 (pbt) write-offset=10200000000 K=1 ---
[2026-06-01 11:35:01]   [geth] Stopping (SIGTERM, waiting up to 120s for clean exit): 1111117
[2026-06-01 11:35:02]   [geth] exited cleanly after 1s
[2026-06-01 11:35:03]   [cache] OS page cache dropped
Fatal: Could not create the account: account already exists
[2026-06-01 11:35:03]   [geth] Starting (pbt, gd=5, cold=1, dev.period=1, 1tx/block)
[2026-06-01 11:35:03]   [geth] Waiting for RPC...
[2026-06-01 11:35:05]   [geth] RPC ready after 3s
[2026-06-01 11:35:05]   [bench] Running execute remote...
[2026-06-01 11:35:11]   [bench] exit=0 passed=1 failed=0
0 missing_trie_node=0
0
[2026-06-01 11:35:11] 
[2026-06-01 11:35:11]   --- storage_sstore_k1_run3 (pbt) write-offset=10300000000 K=1 ---
[2026-06-01 11:35:11]   [geth] Stopping (SIGTERM, waiting up to 120s for clean exit): 1111191
[2026-06-01 11:35:12]   [geth] exited cleanly after 1s
[2026-06-01 11:35:12]   [cache] OS page cache dropped
Fatal: Could not create the account: account already exists
[2026-06-01 11:35:12]   [geth] Starting (pbt, gd=5, cold=1, dev.period=1, 1tx/block)
[2026-06-01 11:35:12]   [geth] Waiting for RPC...
[2026-06-01 11:35:14]   [geth] RPC ready after 3s
[2026-06-01 11:35:14]   [bench] Running execute remote...
[2026-06-01 11:35:21]   [bench] exit=0 passed=1 failed=0
0 missing_trie_node=0
0
[2026-06-01 11:35:21] 
[2026-06-01 11:35:21]   --- storage_sstore_k1_run4 (pbt) write-offset=10400000000 K=1 ---
[2026-06-01 11:35:21]   [geth] Stopping (SIGTERM, waiting up to 120s for clean exit): 1111267
[2026-06-01 11:35:22]   [geth] exited cleanly after 1s
[2026-06-01 11:35:22]   [cache] OS page cache dropped
Fatal: Could not create the account: account already exists
[2026-06-01 11:35:22]   [geth] Starting (pbt, gd=5, cold=1, dev.period=1, 1tx/block)
[2026-06-01 11:35:22]   [geth] Waiting for RPC...
[2026-06-01 11:35:24]   [geth] RPC ready after 3s
[2026-06-01 11:35:24]   [bench] Running execute remote...
[2026-06-01 11:35:30]   [bench] exit=0 passed=1 failed=0
0 missing_trie_node=0
0
[2026-06-01 11:35:30] 
[2026-06-01 11:35:30]   --- storage_sstore_k1_run5 (pbt) write-offset=10500000000 K=1 ---
[2026-06-01 11:35:30]   [geth] Stopping (SIGTERM, waiting up to 120s for clean exit): 1111342
[2026-06-01 11:35:31]   [geth] exited cleanly after 1s
[2026-06-01 11:35:31]   [cache] OS page cache dropped
Fatal: Could not create the account: account already exists
[2026-06-01 11:35:31]   [geth] Starting (pbt, gd=5, cold=1, dev.period=1, 1tx/block)
[2026-06-01 11:35:31]   [geth] Waiting for RPC...
[2026-06-01 11:35:34]   [geth] RPC ready after 3s
[2026-06-01 11:35:34]   [bench] Running execute remote...
[2026-06-01 11:35:40]   [bench] exit=0 passed=1 failed=0
0 missing_trie_node=0
0
[2026-06-01 11:35:40] 
[2026-06-01 11:35:40]   --- storage_sstore_k1_run6 (pbt) write-offset=10600000000 K=1 ---
[2026-06-01 11:35:40]   [geth] Stopping (SIGTERM, waiting up to 120s for clean exit): 1111417
[2026-06-01 11:35:41]   [geth] exited cleanly after 1s
[2026-06-01 11:35:41]   [cache] OS page cache dropped
Fatal: Could not create the account: account already exists
[2026-06-01 11:35:41]   [geth] Starting (pbt, gd=5, cold=1, dev.period=1, 1tx/block)
[2026-06-01 11:35:41]   [geth] Waiting for RPC...
[2026-06-01 11:35:43]   [geth] RPC ready after 3s
[2026-06-01 11:35:43]   [bench] Running execute remote...
[2026-06-01 11:35:49]   [bench] exit=0 passed=1 failed=0
0 missing_trie_node=0
0
[2026-06-01 11:35:49] 
[2026-06-01 11:35:49]   --- storage_sstore_k1_run7 (pbt) write-offset=10700000000 K=1 ---
[2026-06-01 11:35:49]   [geth] Stopping (SIGTERM, waiting up to 120s for clean exit): 1111493
[2026-06-01 11:35:50]   [geth] exited cleanly after 1s
[2026-06-01 11:35:50]   [cache] OS page cache dropped
Fatal: Could not create the account: account already exists
[2026-06-01 11:35:51]   [geth] Starting (pbt, gd=5, cold=1, dev.period=1, 1tx/block)
[2026-06-01 11:35:51]   [geth] Waiting for RPC...
[2026-06-01 11:35:53]   [geth] RPC ready after 3s
[2026-06-01 11:35:53]   [bench] Running execute remote...
[2026-06-01 11:35:59]   [bench] exit=0 passed=1 failed=0
0 missing_trie_node=0
0
[2026-06-01 11:35:59] 
[2026-06-01 11:35:59]   --- storage_sstore_k1_run8 (pbt) write-offset=10800000000 K=1 ---
[2026-06-01 11:35:59]   [geth] Stopping (SIGTERM, waiting up to 120s for clean exit): 1111567
[2026-06-01 11:36:00]   [geth] exited cleanly after 1s
[2026-06-01 11:36:00]   [cache] OS page cache dropped
Fatal: Could not create the account: account already exists
[2026-06-01 11:36:00]   [geth] Starting (pbt, gd=5, cold=1, dev.period=1, 1tx/block)
[2026-06-01 11:36:00]   [geth] Waiting for RPC...
[2026-06-01 11:36:02]   [geth] RPC ready after 3s
[2026-06-01 11:36:02]   [bench] Running execute remote...
[2026-06-01 11:36:08]   [bench] exit=0 passed=1 failed=0
0 missing_trie_node=0
0
[2026-06-01 11:36:08] 
[2026-06-01 11:36:08]   --- storage_sstore_k1_run9 (pbt) write-offset=10900000000 K=1 ---
[2026-06-01 11:36:08]   [geth] Stopping (SIGTERM, waiting up to 120s for clean exit): 1111641
[2026-06-01 11:36:09]   [geth] exited cleanly after 1s
[2026-06-01 11:36:10]   [cache] OS page cache dropped
Fatal: Could not create the account: account already exists
[2026-06-01 11:36:10]   [geth] Starting (pbt, gd=5, cold=1, dev.period=1, 1tx/block)
[2026-06-01 11:36:10]   [geth] Waiting for RPC...
[2026-06-01 11:36:12]   [geth] RPC ready after 3s
[2026-06-01 11:36:12]   [bench] Running execute remote...
[2026-06-01 11:36:18]   [bench] exit=0 passed=1 failed=0
0 missing_trie_node=0
0
[2026-06-01 11:36:18] 
[2026-06-01 11:36:18]   --- storage_sstore_k1_run10 (pbt) write-offset=11000000000 K=1 ---
[2026-06-01 11:36:18]   [geth] Stopping (SIGTERM, waiting up to 120s for clean exit): 1111717
[2026-06-01 11:36:19]   [geth] exited cleanly after 1s
[2026-06-01 11:36:19]   [cache] OS page cache dropped
Fatal: Could not create the account: account already exists
[2026-06-01 11:36:19]   [geth] Starting (pbt, gd=5, cold=1, dev.period=1, 1tx/block)
[2026-06-01 11:36:19]   [geth] Waiting for RPC...
[2026-06-01 11:36:21]   [geth] RPC ready after 3s
[2026-06-01 11:36:21]   [bench] Running execute remote...
[2026-06-01 11:36:28]   [bench] exit=0 passed=1 failed=0
0 missing_trie_node=0
0
[2026-06-01 11:36:28] 
[2026-06-01 11:36:28]   --- storage_sstore_k1_run11 (pbt) write-offset=11100000000 K=1 ---
[2026-06-01 11:36:28]   [geth] Stopping (SIGTERM, waiting up to 120s for clean exit): 1111791
[2026-06-01 11:36:29]   [geth] exited cleanly after 1s
[2026-06-01 11:36:29]   [cache] OS page cache dropped
Fatal: Could not create the account: account already exists
[2026-06-01 11:36:29]   [geth] Starting (pbt, gd=5, cold=1, dev.period=1, 1tx/block)
[2026-06-01 11:36:29]   [geth] Waiting for RPC...
[2026-06-01 11:36:31]   [geth] RPC ready after 3s
[2026-06-01 11:36:31]   [bench] Running execute remote...
[2026-06-01 11:36:37]   [bench] exit=0 passed=1 failed=0
0 missing_trie_node=0
0
[2026-06-01 11:36:37] 
[2026-06-01 11:36:37]   --- storage_sstore_k1_run12 (pbt) write-offset=11200000000 K=1 ---
[2026-06-01 11:36:37]   [geth] Stopping (SIGTERM, waiting up to 120s for clean exit): 1111868
[2026-06-01 11:36:38]   [geth] exited cleanly after 1s
[2026-06-01 11:36:38]   [cache] OS page cache dropped
Fatal: Could not create the account: account already exists
[2026-06-01 11:36:38]   [geth] Starting (pbt, gd=5, cold=1, dev.period=1, 1tx/block)
[2026-06-01 11:36:38]   [geth] Waiting for RPC...
[2026-06-01 11:36:40]   [geth] RPC ready after 3s
[2026-06-01 11:36:40]   [bench] Running execute remote...
[2026-06-01 11:36:47]   [bench] exit=0 passed=1 failed=0
0 missing_trie_node=0
0
[2026-06-01 11:36:47] 
[2026-06-01 11:36:47]   --- storage_sstore_k1_run13 (pbt) write-offset=11300000000 K=1 ---
[2026-06-01 11:36:47]   [geth] Stopping (SIGTERM, waiting up to 120s for clean exit): 1111944
[2026-06-01 11:36:48]   [geth] exited cleanly after 1s
[2026-06-01 11:36:48]   [cache] OS page cache dropped
Fatal: Could not create the account: account already exists
[2026-06-01 11:36:48]   [geth] Starting (pbt, gd=5, cold=1, dev.period=1, 1tx/block)
[2026-06-01 11:36:48]   [geth] Waiting for RPC...
[2026-06-01 11:36:50]   [geth] RPC ready after 3s
[2026-06-01 11:36:50]   [bench] Running execute remote...
[2026-06-01 11:36:56]   [bench] exit=0 passed=1 failed=0
0 missing_trie_node=0
0
[2026-06-01 11:36:56] 
[2026-06-01 11:36:56]   --- storage_sstore_k1_run14 (pbt) write-offset=11400000000 K=1 ---
[2026-06-01 11:36:56]   [geth] Stopping (SIGTERM, waiting up to 120s for clean exit): 1112019
[2026-06-01 11:36:57]   [geth] exited cleanly after 1s
[2026-06-01 11:36:57]   [cache] OS page cache dropped
Fatal: Could not create the account: account already exists
[2026-06-01 11:36:57]   [geth] Starting (pbt, gd=5, cold=1, dev.period=1, 1tx/block)
[2026-06-01 11:36:57]   [geth] Waiting for RPC...
[2026-06-01 11:36:59]   [geth] RPC ready after 3s
[2026-06-01 11:36:59]   [bench] Running execute remote...
[2026-06-01 11:37:06]   [bench] exit=0 passed=1 failed=0
0 missing_trie_node=0
0
[2026-06-01 11:37:06] 
[2026-06-01 11:37:06]   --- storage_sstore_k1_run15 (pbt) write-offset=11500000000 K=1 ---
[2026-06-01 11:37:06]   [geth] Stopping (SIGTERM, waiting up to 120s for clean exit): 1112095
[2026-06-01 11:37:07]   [geth] exited cleanly after 1s
[2026-06-01 11:37:07]   [cache] OS page cache dropped
Fatal: Could not create the account: account already exists
[2026-06-01 11:37:07]   [geth] Starting (pbt, gd=5, cold=1, dev.period=1, 1tx/block)
[2026-06-01 11:37:07]   [geth] Waiting for RPC...
[2026-06-01 11:37:09]   [geth] RPC ready after 3s
[2026-06-01 11:37:09]   [bench] Running execute remote...
[2026-06-01 11:37:15]   [bench] exit=0 passed=1 failed=0
0 missing_trie_node=0
0
[2026-06-01 11:37:15] 
[2026-06-01 11:37:15]   --- storage_sstore_k1_run16 (pbt) write-offset=11600000000 K=1 ---
[2026-06-01 11:37:15]   [geth] Stopping (SIGTERM, waiting up to 120s for clean exit): 1112175
[2026-06-01 11:37:16]   [geth] exited cleanly after 1s
[2026-06-01 11:37:16]   [cache] OS page cache dropped
Fatal: Could not create the account: account already exists
[2026-06-01 11:37:16]   [geth] Starting (pbt, gd=5, cold=1, dev.period=1, 1tx/block)
[2026-06-01 11:37:16]   [geth] Waiting for RPC...
[2026-06-01 11:37:18]   [geth] RPC ready after 3s
[2026-06-01 11:37:18]   [bench] Running execute remote...
[2026-06-01 11:37:25]   [bench] exit=0 passed=1 failed=0
0 missing_trie_node=0
0
[2026-06-01 11:37:25] 
[2026-06-01 11:37:25]   --- storage_sstore_k1_run17 (pbt) write-offset=11700000000 K=1 ---
[2026-06-01 11:37:25]   [geth] Stopping (SIGTERM, waiting up to 120s for clean exit): 1112250
[2026-06-01 11:37:26]   [geth] exited cleanly after 1s
[2026-06-01 11:37:26]   [cache] OS page cache dropped
Fatal: Could not create the account: account already exists
[2026-06-01 11:37:26]   [geth] Starting (pbt, gd=5, cold=1, dev.period=1, 1tx/block)
[2026-06-01 11:37:26]   [geth] Waiting for RPC...
[2026-06-01 11:37:28]   [geth] RPC ready after 3s
[2026-06-01 11:37:28]   [bench] Running execute remote...
[2026-06-01 11:37:34]   [bench] exit=0 passed=1 failed=0
0 missing_trie_node=0
0
[2026-06-01 11:37:34] 
[2026-06-01 11:37:34]   --- storage_sstore_k1_run18 (pbt) write-offset=11800000000 K=1 ---
[2026-06-01 11:37:34]   [geth] Stopping (SIGTERM, waiting up to 120s for clean exit): 1112324
[2026-06-01 11:37:35]   [geth] exited cleanly after 1s
[2026-06-01 11:37:35]   [cache] OS page cache dropped
Fatal: Could not create the account: account already exists
[2026-06-01 11:37:35]   [geth] Starting (pbt, gd=5, cold=1, dev.period=1, 1tx/block)
[2026-06-01 11:37:35]   [geth] Waiting for RPC...
[2026-06-01 11:37:37]   [geth] RPC ready after 3s
[2026-06-01 11:37:38]   [bench] Running execute remote...
[2026-06-01 11:37:44]   [bench] exit=0 passed=1 failed=0
0 missing_trie_node=0
0
[2026-06-01 11:37:44] 
[2026-06-01 11:37:44]   --- storage_sstore_k1_run19 (pbt) write-offset=11900000000 K=1 ---
[2026-06-01 11:37:44]   [geth] Stopping (SIGTERM, waiting up to 120s for clean exit): 1112399
[2026-06-01 11:37:45]   [geth] exited cleanly after 1s
[2026-06-01 11:37:45]   [cache] OS page cache dropped
Fatal: Could not create the account: account already exists
[2026-06-01 11:37:45]   [geth] Starting (pbt, gd=5, cold=1, dev.period=1, 1tx/block)
[2026-06-01 11:37:45]   [geth] Waiting for RPC...
[2026-06-01 11:37:47]   [geth] RPC ready after 3s
[2026-06-01 11:37:47]   [bench] Running execute remote...
[2026-06-01 11:37:53]   [bench] exit=0 passed=1 failed=0
0 missing_trie_node=0
0
[2026-06-01 11:37:53] 
[2026-06-01 11:37:53]   --- storage_sstore_k1_run20 (pbt) write-offset=12000000000 K=1 ---
[2026-06-01 11:37:53]   [geth] Stopping (SIGTERM, waiting up to 120s for clean exit): 1112475
[2026-06-01 11:37:54]   [geth] exited cleanly after 1s
[2026-06-01 11:37:54]   [cache] OS page cache dropped
Fatal: Could not create the account: account already exists
[2026-06-01 11:37:55]   [geth] Starting (pbt, gd=5, cold=1, dev.period=1, 1tx/block)
[2026-06-01 11:37:55]   [geth] Waiting for RPC...
[2026-06-01 11:37:57]   [geth] RPC ready after 3s
[2026-06-01 11:37:57]   [bench] Running execute remote...
[2026-06-01 11:38:03]   [bench] exit=0 passed=1 failed=0
0 missing_trie_node=0
0
[2026-06-01 11:38:03] 
[2026-06-01 11:38:03]   ── BENCHMARK: storage_sstore_k10 (pool=256 contracts; effective K=10)
[2026-06-01 11:38:03] 
[2026-06-01 11:38:03]   --- storage_sstore_k10_run1 (pbt) write-offset=10100000000 K=10 ---
[2026-06-01 11:38:03]   [geth] Stopping (SIGTERM, waiting up to 120s for clean exit): 1112553
[2026-06-01 11:38:04]   [geth] exited cleanly after 1s
[2026-06-01 11:38:04]   [cache] OS page cache dropped
Fatal: Could not create the account: account already exists
[2026-06-01 11:38:04]   [geth] Starting (pbt, gd=5, cold=1, dev.period=1, 1tx/block)
[2026-06-01 11:38:04]   [geth] Waiting for RPC...
[2026-06-01 11:38:06]   [geth] RPC ready after 3s
[2026-06-01 11:38:06]   [bench] Running execute remote...
[2026-06-01 11:38:13]   [bench] exit=0 passed=1 failed=0
0 missing_trie_node=0
0
[2026-06-01 11:38:13] 
[2026-06-01 11:38:13]   --- storage_sstore_k10_run2 (pbt) write-offset=10200000000 K=10 ---
[2026-06-01 11:38:13]   [geth] Stopping (SIGTERM, waiting up to 120s for clean exit): 1112652
[2026-06-01 11:38:14]   [geth] exited cleanly after 1s
[2026-06-01 11:38:14]   [cache] OS page cache dropped
Fatal: Could not create the account: account already exists
[2026-06-01 11:38:14]   [geth] Starting (pbt, gd=5, cold=1, dev.period=1, 1tx/block)
[2026-06-01 11:38:14]   [geth] Waiting for RPC...
[2026-06-01 11:38:16]   [geth] RPC ready after 3s
[2026-06-01 11:38:16]   [bench] Running execute remote...
[2026-06-01 11:38:22]   [bench] exit=0 passed=1 failed=0
0 missing_trie_node=0
0
[2026-06-01 11:38:22] 
[2026-06-01 11:38:22]   --- storage_sstore_k10_run3 (pbt) write-offset=10300000000 K=10 ---
[2026-06-01 11:38:22]   [geth] Stopping (SIGTERM, waiting up to 120s for clean exit): 1112724
[2026-06-01 11:38:23]   [geth] exited cleanly after 1s
[2026-06-01 11:38:23]   [cache] OS page cache dropped
Fatal: Could not create the account: account already exists
[2026-06-01 11:38:23]   [geth] Starting (pbt, gd=5, cold=1, dev.period=1, 1tx/block)
[2026-06-01 11:38:23]   [geth] Waiting for RPC...
[2026-06-01 11:38:25]   [geth] RPC ready after 3s
[2026-06-01 11:38:25]   [bench] Running execute remote...
[2026-06-01 11:38:32]   [bench] exit=0 passed=1 failed=0
0 missing_trie_node=0
0
[2026-06-01 11:38:32] 
[2026-06-01 11:38:32]   --- storage_sstore_k10_run4 (pbt) write-offset=10400000000 K=10 ---
[2026-06-01 11:38:32]   [geth] Stopping (SIGTERM, waiting up to 120s for clean exit): 1112812
[2026-06-01 11:38:33]   [geth] exited cleanly after 1s
[2026-06-01 11:38:33]   [cache] OS page cache dropped
Fatal: Could not create the account: account already exists
[2026-06-01 11:38:33]   [geth] Starting (pbt, gd=5, cold=1, dev.period=1, 1tx/block)
[2026-06-01 11:38:33]   [geth] Waiting for RPC...
[2026-06-01 11:38:35]   [geth] RPC ready after 3s
[2026-06-01 11:38:35]   [bench] Running execute remote...
[2026-06-01 11:38:41]   [bench] exit=0 passed=1 failed=0
0 missing_trie_node=0
0
[2026-06-01 11:38:41] 
[2026-06-01 11:38:41]   --- storage_sstore_k10_run5 (pbt) write-offset=10500000000 K=10 ---
[2026-06-01 11:38:41]   [geth] Stopping (SIGTERM, waiting up to 120s for clean exit): 1112887
[2026-06-01 11:38:42]   [geth] exited cleanly after 1s
[2026-06-01 11:38:43]   [cache] OS page cache dropped
Fatal: Could not create the account: account already exists
[2026-06-01 11:38:43]   [geth] Starting (pbt, gd=5, cold=1, dev.period=1, 1tx/block)
[2026-06-01 11:38:43]   [geth] Waiting for RPC...
[2026-06-01 11:38:45]   [geth] RPC ready after 3s
[2026-06-01 11:38:45]   [bench] Running execute remote...
[2026-06-01 11:38:51]   [bench] exit=0 passed=1 failed=0
0 missing_trie_node=0
0
[2026-06-01 11:38:51] 
[2026-06-01 11:38:51]   --- storage_sstore_k10_run6 (pbt) write-offset=10600000000 K=10 ---
[2026-06-01 11:38:51]   [geth] Stopping (SIGTERM, waiting up to 120s for clean exit): 1112962
[2026-06-01 11:38:52]   [geth] exited cleanly after 1s
[2026-06-01 11:38:52]   [cache] OS page cache dropped
Fatal: Could not create the account: account already exists
[2026-06-01 11:38:52]   [geth] Starting (pbt, gd=5, cold=1, dev.period=1, 1tx/block)
[2026-06-01 11:38:52]   [geth] Waiting for RPC...
[2026-06-01 11:38:54]   [geth] RPC ready after 3s
[2026-06-01 11:38:54]   [bench] Running execute remote...
[2026-06-01 11:39:01]   [bench] exit=0 passed=1 failed=0
0 missing_trie_node=0
0
[2026-06-01 11:39:01] 
[2026-06-01 11:39:01]   --- storage_sstore_k10_run7 (pbt) write-offset=10700000000 K=10 ---
[2026-06-01 11:39:01]   [geth] Stopping (SIGTERM, waiting up to 120s for clean exit): 1113035
[2026-06-01 11:39:02]   [geth] exited cleanly after 1s
[2026-06-01 11:39:02]   [cache] OS page cache dropped
Fatal: Could not create the account: account already exists
[2026-06-01 11:39:02]   [geth] Starting (pbt, gd=5, cold=1, dev.period=1, 1tx/block)
[2026-06-01 11:39:02]   [geth] Waiting for RPC...
[2026-06-01 11:39:04]   [geth] RPC ready after 3s
[2026-06-01 11:39:04]   [bench] Running execute remote...
[2026-06-01 11:39:10]   [bench] exit=0 passed=1 failed=0
0 missing_trie_node=0
0
[2026-06-01 11:39:10] 
[2026-06-01 11:39:10]   --- storage_sstore_k10_run8 (pbt) write-offset=10800000000 K=10 ---
[2026-06-01 11:39:10]   [geth] Stopping (SIGTERM, waiting up to 120s for clean exit): 1113109
[2026-06-01 11:39:11]   [geth] exited cleanly after 1s
[2026-06-01 11:39:11]   [cache] OS page cache dropped
Fatal: Could not create the account: account already exists
[2026-06-01 11:39:11]   [geth] Starting (pbt, gd=5, cold=1, dev.period=1, 1tx/block)
[2026-06-01 11:39:11]   [geth] Waiting for RPC...
[2026-06-01 11:39:14]   [geth] RPC ready after 3s
[2026-06-01 11:39:14]   [bench] Running execute remote...
[2026-06-01 11:39:20]   [bench] exit=0 passed=1 failed=0
0 missing_trie_node=0
0
[2026-06-01 11:39:20] 
[2026-06-01 11:39:20]   --- storage_sstore_k10_run9 (pbt) write-offset=10900000000 K=10 ---
[2026-06-01 11:39:20]   [geth] Stopping (SIGTERM, waiting up to 120s for clean exit): 1113187
[2026-06-01 11:39:21]   [geth] exited cleanly after 1s
[2026-06-01 11:39:21]   [cache] OS page cache dropped
Fatal: Could not create the account: account already exists
[2026-06-01 11:39:21]   [geth] Starting (pbt, gd=5, cold=1, dev.period=1, 1tx/block)
[2026-06-01 11:39:21]   [geth] Waiting for RPC...
[2026-06-01 11:39:23]   [geth] RPC ready after 3s
[2026-06-01 11:39:23]   [bench] Running execute remote...
[2026-06-01 11:39:30]   [bench] exit=0 passed=1 failed=0
0 missing_trie_node=0
0
[2026-06-01 11:39:30] 
[2026-06-01 11:39:30]   --- storage_sstore_k10_run10 (pbt) write-offset=11000000000 K=10 ---
[2026-06-01 11:39:30]   [geth] Stopping (SIGTERM, waiting up to 120s for clean exit): 1113262
[2026-06-01 11:39:31]   [geth] exited cleanly after 1s
[2026-06-01 11:39:31]   [cache] OS page cache dropped
Fatal: Could not create the account: account already exists
[2026-06-01 11:39:31]   [geth] Starting (pbt, gd=5, cold=1, dev.period=1, 1tx/block)
[2026-06-01 11:39:31]   [geth] Waiting for RPC...
[2026-06-01 11:39:33]   [geth] RPC ready after 3s
[2026-06-01 11:39:33]   [bench] Running execute remote...
[2026-06-01 11:39:39]   [bench] exit=0 passed=1 failed=0
0 missing_trie_node=0
0
[2026-06-01 11:39:39] 
[2026-06-01 11:39:39]   --- storage_sstore_k10_run11 (pbt) write-offset=11100000000 K=10 ---
[2026-06-01 11:39:39]   [geth] Stopping (SIGTERM, waiting up to 120s for clean exit): 1113335
[2026-06-01 11:39:40]   [geth] exited cleanly after 1s
[2026-06-01 11:39:40]   [cache] OS page cache dropped
Fatal: Could not create the account: account already exists
[2026-06-01 11:39:40]   [geth] Starting (pbt, gd=5, cold=1, dev.period=1, 1tx/block)
[2026-06-01 11:39:40]   [geth] Waiting for RPC...
[2026-06-01 11:39:42]   [geth] RPC ready after 3s
[2026-06-01 11:39:43]   [bench] Running execute remote...
[2026-06-01 11:39:49]   [bench] exit=0 passed=1 failed=0
0 missing_trie_node=0
0
[2026-06-01 11:39:49] 
[2026-06-01 11:39:49]   --- storage_sstore_k10_run12 (pbt) write-offset=11200000000 K=10 ---
[2026-06-01 11:39:49]   [geth] Stopping (SIGTERM, waiting up to 120s for clean exit): 1113410
[2026-06-01 11:39:50]   [geth] exited cleanly after 1s
[2026-06-01 11:39:50]   [cache] OS page cache dropped
Fatal: Could not create the account: account already exists
[2026-06-01 11:39:50]   [geth] Starting (pbt, gd=5, cold=1, dev.period=1, 1tx/block)
[2026-06-01 11:39:50]   [geth] Waiting for RPC...
[2026-06-01 11:39:52]   [geth] RPC ready after 3s
[2026-06-01 11:39:52]   [bench] Running execute remote...
[2026-06-01 11:39:59]   [bench] exit=0 passed=1 failed=0
0 missing_trie_node=0
0
[2026-06-01 11:39:59] 
[2026-06-01 11:39:59]   --- storage_sstore_k10_run13 (pbt) write-offset=11300000000 K=10 ---
[2026-06-01 11:39:59]   [geth] Stopping (SIGTERM, waiting up to 120s for clean exit): 1113484
[2026-06-01 11:40:00]   [geth] exited cleanly after 1s
[2026-06-01 11:40:00]   [cache] OS page cache dropped
Fatal: Could not create the account: account already exists
[2026-06-01 11:40:00]   [geth] Starting (pbt, gd=5, cold=1, dev.period=1, 1tx/block)
[2026-06-01 11:40:00]   [geth] Waiting for RPC...
[2026-06-01 11:40:02]   [geth] RPC ready after 3s
[2026-06-01 11:40:02]   [bench] Running execute remote...
[2026-06-01 11:40:08]   [bench] exit=0 passed=1 failed=0
0 missing_trie_node=0
0
[2026-06-01 11:40:08] 
[2026-06-01 11:40:08]   --- storage_sstore_k10_run14 (pbt) write-offset=11400000000 K=10 ---
[2026-06-01 11:40:08]   [geth] Stopping (SIGTERM, waiting up to 120s for clean exit): 1113558
[2026-06-01 11:40:09]   [geth] exited cleanly after 1s
[2026-06-01 11:40:09]   [cache] OS page cache dropped
Fatal: Could not create the account: account already exists
[2026-06-01 11:40:09]   [geth] Starting (pbt, gd=5, cold=1, dev.period=1, 1tx/block)
[2026-06-01 11:40:09]   [geth] Waiting for RPC...
[2026-06-01 11:40:11]   [geth] RPC ready after 3s
[2026-06-01 11:40:11]   [bench] Running execute remote...
[2026-06-01 11:40:18]   [bench] exit=0 passed=1 failed=0
0 missing_trie_node=0
0
[2026-06-01 11:40:18] 
[2026-06-01 11:40:18]   --- storage_sstore_k10_run15 (pbt) write-offset=11500000000 K=10 ---
[2026-06-01 11:40:18]   [geth] Stopping (SIGTERM, waiting up to 120s for clean exit): 1113632
[2026-06-01 11:40:19]   [geth] exited cleanly after 1s
[2026-06-01 11:40:19]   [cache] OS page cache dropped
Fatal: Could not create the account: account already exists
[2026-06-01 11:40:19]   [geth] Starting (pbt, gd=5, cold=1, dev.period=1, 1tx/block)
[2026-06-01 11:40:19]   [geth] Waiting for RPC...
[2026-06-01 11:40:21]   [geth] RPC ready after 3s
[2026-06-01 11:40:21]   [bench] Running execute remote...
[2026-06-01 11:40:27]   [bench] exit=0 passed=1 failed=0
0 missing_trie_node=0
0
[2026-06-01 11:40:27] 
[2026-06-01 11:40:27]   --- storage_sstore_k10_run16 (pbt) write-offset=11600000000 K=10 ---
[2026-06-01 11:40:27]   [geth] Stopping (SIGTERM, waiting up to 120s for clean exit): 1113706
[2026-06-01 11:40:28]   [geth] exited cleanly after 1s
[2026-06-01 11:40:28]   [cache] OS page cache dropped
Fatal: Could not create the account: account already exists
[2026-06-01 11:40:28]   [geth] Starting (pbt, gd=5, cold=1, dev.period=1, 1tx/block)
[2026-06-01 11:40:28]   [geth] Waiting for RPC...
[2026-06-01 11:40:30]   [geth] RPC ready after 3s
[2026-06-01 11:40:30]   [bench] Running execute remote...
[2026-06-01 11:40:37]   [bench] exit=0 passed=1 failed=0
0 missing_trie_node=0
0
[2026-06-01 11:40:37] 
[2026-06-01 11:40:37]   --- storage_sstore_k10_run17 (pbt) write-offset=11700000000 K=10 ---
[2026-06-01 11:40:37]   [geth] Stopping (SIGTERM, waiting up to 120s for clean exit): 1113781
[2026-06-01 11:40:38]   [geth] exited cleanly after 1s
[2026-06-01 11:40:38]   [cache] OS page cache dropped
Fatal: Could not create the account: account already exists
[2026-06-01 11:40:38]   [geth] Starting (pbt, gd=5, cold=1, dev.period=1, 1tx/block)
[2026-06-01 11:40:38]   [geth] Waiting for RPC...
[2026-06-01 11:40:40]   [geth] RPC ready after 3s
[2026-06-01 11:40:40]   [bench] Running execute remote...
[2026-06-01 11:40:46]   [bench] exit=0 passed=1 failed=0
0 missing_trie_node=0
0
[2026-06-01 11:40:46] 
[2026-06-01 11:40:46]   --- storage_sstore_k10_run18 (pbt) write-offset=11800000000 K=10 ---
[2026-06-01 11:40:46]   [geth] Stopping (SIGTERM, waiting up to 120s for clean exit): 1113857
[2026-06-01 11:40:47]   [geth] exited cleanly after 1s
[2026-06-01 11:40:47]   [cache] OS page cache dropped
Fatal: Could not create the account: account already exists
[2026-06-01 11:40:47]   [geth] Starting (pbt, gd=5, cold=1, dev.period=1, 1tx/block)
[2026-06-01 11:40:47]   [geth] Waiting for RPC...
[2026-06-01 11:40:49]   [geth] RPC ready after 3s
[2026-06-01 11:40:49]   [bench] Running execute remote...
[2026-06-01 11:40:56]   [bench] exit=0 passed=1 failed=0
0 missing_trie_node=0
0
[2026-06-01 11:40:56] 
[2026-06-01 11:40:56]   --- storage_sstore_k10_run19 (pbt) write-offset=11900000000 K=10 ---
[2026-06-01 11:40:56]   [geth] Stopping (SIGTERM, waiting up to 120s for clean exit): 1113934
[2026-06-01 11:40:57]   [geth] exited cleanly after 1s
[2026-06-01 11:40:57]   [cache] OS page cache dropped
Fatal: Could not create the account: account already exists
[2026-06-01 11:40:57]   [geth] Starting (pbt, gd=5, cold=1, dev.period=1, 1tx/block)
[2026-06-01 11:40:57]   [geth] Waiting for RPC...
[2026-06-01 11:40:59]   [geth] RPC ready after 3s
[2026-06-01 11:40:59]   [bench] Running execute remote...
[2026-06-01 11:41:05]   [bench] exit=0 passed=1 failed=0
0 missing_trie_node=0
0
[2026-06-01 11:41:05] 
[2026-06-01 11:41:05]   --- storage_sstore_k10_run20 (pbt) write-offset=12000000000 K=10 ---
[2026-06-01 11:41:05]   [geth] Stopping (SIGTERM, waiting up to 120s for clean exit): 1114009
[2026-06-01 11:41:06]   [geth] exited cleanly after 1s
[2026-06-01 11:41:06]   [cache] OS page cache dropped
Fatal: Could not create the account: account already exists
[2026-06-01 11:41:06]   [geth] Starting (pbt, gd=5, cold=1, dev.period=1, 1tx/block)
[2026-06-01 11:41:06]   [geth] Waiting for RPC...
[2026-06-01 11:41:09]   [geth] RPC ready after 3s
[2026-06-01 11:41:09]   [bench] Running execute remote...
[2026-06-01 11:41:15]   [bench] exit=0 passed=1 failed=0
0 missing_trie_node=0
0
[2026-06-01 11:41:15] 
[2026-06-01 11:41:15]   ── BENCHMARK: storage_sstore_k100 (pool=256 contracts; effective K=100)
[2026-06-01 11:41:15] 
[2026-06-01 11:41:15]   --- storage_sstore_k100_run1 (pbt) write-offset=10100000000 K=100 ---
[2026-06-01 11:41:15]   [geth] Stopping (SIGTERM, waiting up to 120s for clean exit): 1114084
[2026-06-01 11:41:16]   [geth] exited cleanly after 1s
[2026-06-01 11:41:16]   [cache] OS page cache dropped
Fatal: Could not create the account: account already exists
[2026-06-01 11:41:16]   [geth] Starting (pbt, gd=5, cold=1, dev.period=1, 1tx/block)
[2026-06-01 11:41:16]   [geth] Waiting for RPC...
[2026-06-01 11:41:18]   [geth] RPC ready after 3s
[2026-06-01 11:41:18]   [bench] Running execute remote...
[2026-06-01 11:41:26]   [bench] exit=0 passed=1 failed=0
0 missing_trie_node=0
0
[2026-06-01 11:41:26] 
[2026-06-01 11:41:26]   --- storage_sstore_k100_run2 (pbt) write-offset=10200000000 K=100 ---
[2026-06-01 11:41:26]   [geth] Stopping (SIGTERM, waiting up to 120s for clean exit): 1114181
[2026-06-01 11:41:27]   [geth] exited cleanly after 1s
[2026-06-01 11:41:27]   [cache] OS page cache dropped
Fatal: Could not create the account: account already exists
[2026-06-01 11:41:27]   [geth] Starting (pbt, gd=5, cold=1, dev.period=1, 1tx/block)
[2026-06-01 11:41:27]   [geth] Waiting for RPC...
[2026-06-01 11:41:29]   [geth] RPC ready after 3s
[2026-06-01 11:41:29]   [bench] Running execute remote...
[2026-06-01 11:41:35]   [bench] exit=0 passed=1 failed=0
0 missing_trie_node=0
0
[2026-06-01 11:41:35] 
[2026-06-01 11:41:35]   --- storage_sstore_k100_run3 (pbt) write-offset=10300000000 K=100 ---
[2026-06-01 11:41:35]   [geth] Stopping (SIGTERM, waiting up to 120s for clean exit): 1114255
[2026-06-01 11:41:36]   [geth] exited cleanly after 1s
[2026-06-01 11:41:36]   [cache] OS page cache dropped
Fatal: Could not create the account: account already exists
[2026-06-01 11:41:36]   [geth] Starting (pbt, gd=5, cold=1, dev.period=1, 1tx/block)
[2026-06-01 11:41:36]   [geth] Waiting for RPC...
[2026-06-01 11:41:38]   [geth] RPC ready after 3s
[2026-06-01 11:41:38]   [bench] Running execute remote...
[2026-06-01 11:41:45]   [bench] exit=0 passed=1 failed=0
0 missing_trie_node=0
0
[2026-06-01 11:41:45] 
[2026-06-01 11:41:45]   --- storage_sstore_k100_run4 (pbt) write-offset=10400000000 K=100 ---
[2026-06-01 11:41:45]   [geth] Stopping (SIGTERM, waiting up to 120s for clean exit): 1114331
[2026-06-01 11:41:46]   [geth] exited cleanly after 1s
[2026-06-01 11:41:46]   [cache] OS page cache dropped
Fatal: Could not create the account: account already exists
[2026-06-01 11:41:46]   [geth] Starting (pbt, gd=5, cold=1, dev.period=1, 1tx/block)
[2026-06-01 11:41:46]   [geth] Waiting for RPC...
[2026-06-01 11:41:48]   [geth] RPC ready after 3s
[2026-06-01 11:41:48]   [bench] Running execute remote...
[2026-06-01 11:41:54]   [bench] exit=0 passed=1 failed=0
0 missing_trie_node=0
0
[2026-06-01 11:41:54] 
[2026-06-01 11:41:54]   --- storage_sstore_k100_run5 (pbt) write-offset=10500000000 K=100 ---
[2026-06-01 11:41:54]   [geth] Stopping (SIGTERM, waiting up to 120s for clean exit): 1114408
[2026-06-01 11:41:55]   [geth] exited cleanly after 1s
[2026-06-01 11:41:55]   [cache] OS page cache dropped
Fatal: Could not create the account: account already exists
[2026-06-01 11:41:55]   [geth] Starting (pbt, gd=5, cold=1, dev.period=1, 1tx/block)
[2026-06-01 11:41:55]   [geth] Waiting for RPC...
[2026-06-01 11:41:58]   [geth] RPC ready after 3s
[2026-06-01 11:41:58]   [bench] Running execute remote...
[2026-06-01 11:42:04]   [bench] exit=0 passed=1 failed=0
0 missing_trie_node=0
0
[2026-06-01 11:42:04] 
[2026-06-01 11:42:04]   --- storage_sstore_k100_run6 (pbt) write-offset=10600000000 K=100 ---
[2026-06-01 11:42:04]   [geth] Stopping (SIGTERM, waiting up to 120s for clean exit): 1114484
[2026-06-01 11:42:05]   [geth] exited cleanly after 1s
[2026-06-01 11:42:05]   [cache] OS page cache dropped
Fatal: Could not create the account: account already exists
[2026-06-01 11:42:05]   [geth] Starting (pbt, gd=5, cold=1, dev.period=1, 1tx/block)
[2026-06-01 11:42:05]   [geth] Waiting for RPC...
[2026-06-01 11:42:07]   [geth] RPC ready after 3s
[2026-06-01 11:42:07]   [bench] Running execute remote...
[2026-06-01 11:42:13]   [bench] exit=0 passed=1 failed=0
0 missing_trie_node=0
0
[2026-06-01 11:42:13] 
[2026-06-01 11:42:13]   --- storage_sstore_k100_run7 (pbt) write-offset=10700000000 K=100 ---
[2026-06-01 11:42:13]   [geth] Stopping (SIGTERM, waiting up to 120s for clean exit): 1114556
[2026-06-01 11:42:14]   [geth] exited cleanly after 1s
[2026-06-01 11:42:15]   [cache] OS page cache dropped
Fatal: Could not create the account: account already exists
[2026-06-01 11:42:15]   [geth] Starting (pbt, gd=5, cold=1, dev.period=1, 1tx/block)
[2026-06-01 11:42:15]   [geth] Waiting for RPC...
[2026-06-01 11:42:17]   [geth] RPC ready after 3s
[2026-06-01 11:42:17]   [bench] Running execute remote...
[2026-06-01 11:42:23]   [bench] exit=0 passed=1 failed=0
0 missing_trie_node=0
0
[2026-06-01 11:42:23] 
[2026-06-01 11:42:23]   --- storage_sstore_k100_run8 (pbt) write-offset=10800000000 K=100 ---
[2026-06-01 11:42:23]   [geth] Stopping (SIGTERM, waiting up to 120s for clean exit): 1114633
[2026-06-01 11:42:24]   [geth] exited cleanly after 1s
[2026-06-01 11:42:24]   [cache] OS page cache dropped
Fatal: Could not create the account: account already exists
[2026-06-01 11:42:24]   [geth] Starting (pbt, gd=5, cold=1, dev.period=1, 1tx/block)
[2026-06-01 11:42:24]   [geth] Waiting for RPC...
[2026-06-01 11:42:26]   [geth] RPC ready after 3s
[2026-06-01 11:42:26]   [bench] Running execute remote...
[2026-06-01 11:42:34]   [bench] exit=0 passed=1 failed=0
0 missing_trie_node=0
0
[2026-06-01 11:42:34] 
[2026-06-01 11:42:34]   --- storage_sstore_k100_run9 (pbt) write-offset=10900000000 K=100 ---
[2026-06-01 11:42:34]   [geth] Stopping (SIGTERM, waiting up to 120s for clean exit): 1114708
[2026-06-01 11:42:35]   [geth] exited cleanly after 1s
[2026-06-01 11:42:35]   [cache] OS page cache dropped
Fatal: Could not create the account: account already exists
[2026-06-01 11:42:35]   [geth] Starting (pbt, gd=5, cold=1, dev.period=1, 1tx/block)
[2026-06-01 11:42:35]   [geth] Waiting for RPC...
[2026-06-01 11:42:37]   [geth] RPC ready after 3s
[2026-06-01 11:42:37]   [bench] Running execute remote...
[2026-06-01 11:42:43]   [bench] exit=0 passed=1 failed=0
0 missing_trie_node=0
0
[2026-06-01 11:42:43] 
[2026-06-01 11:42:43]   --- storage_sstore_k100_run10 (pbt) write-offset=11000000000 K=100 ---
[2026-06-01 11:42:43]   [geth] Stopping (SIGTERM, waiting up to 120s for clean exit): 1114784
[2026-06-01 11:42:44]   [geth] exited cleanly after 1s
[2026-06-01 11:42:44]   [cache] OS page cache dropped
Fatal: Could not create the account: account already exists
[2026-06-01 11:42:44]   [geth] Starting (pbt, gd=5, cold=1, dev.period=1, 1tx/block)
[2026-06-01 11:42:44]   [geth] Waiting for RPC...
[2026-06-01 11:42:46]   [geth] RPC ready after 3s
[2026-06-01 11:42:46]   [bench] Running execute remote...
[2026-06-01 11:42:54]   [bench] exit=0 passed=1 failed=0
0 missing_trie_node=0
0
[2026-06-01 11:42:54] 
[2026-06-01 11:42:54]   --- storage_sstore_k100_run11 (pbt) write-offset=11100000000 K=100 ---
[2026-06-01 11:42:54]   [geth] Stopping (SIGTERM, waiting up to 120s for clean exit): 1114862
[2026-06-01 11:42:55]   [geth] exited cleanly after 1s
[2026-06-01 11:42:55]   [cache] OS page cache dropped
Fatal: Could not create the account: account already exists
[2026-06-01 11:42:55]   [geth] Starting (pbt, gd=5, cold=1, dev.period=1, 1tx/block)
[2026-06-01 11:42:55]   [geth] Waiting for RPC...
[2026-06-01 11:42:57]   [geth] RPC ready after 3s
[2026-06-01 11:42:57]   [bench] Running execute remote...
[2026-06-01 11:43:04]   [bench] exit=0 passed=1 failed=0
0 missing_trie_node=0
0
[2026-06-01 11:43:04] 
[2026-06-01 11:43:04]   --- storage_sstore_k100_run12 (pbt) write-offset=11200000000 K=100 ---
[2026-06-01 11:43:04]   [geth] Stopping (SIGTERM, waiting up to 120s for clean exit): 1114943
[2026-06-01 11:43:05]   [geth] exited cleanly after 1s
[2026-06-01 11:43:05]   [cache] OS page cache dropped
Fatal: Could not create the account: account already exists
[2026-06-01 11:43:05]   [geth] Starting (pbt, gd=5, cold=1, dev.period=1, 1tx/block)
[2026-06-01 11:43:05]   [geth] Waiting for RPC...
[2026-06-01 11:43:07]   [geth] RPC ready after 3s
[2026-06-01 11:43:07]   [bench] Running execute remote...
[2026-06-01 11:43:15]   [bench] exit=0 passed=1 failed=0
0 missing_trie_node=0
0
[2026-06-01 11:43:15] 
[2026-06-01 11:43:15]   --- storage_sstore_k100_run13 (pbt) write-offset=11300000000 K=100 ---
[2026-06-01 11:43:15]   [geth] Stopping (SIGTERM, waiting up to 120s for clean exit): 1115019
[2026-06-01 11:43:16]   [geth] exited cleanly after 1s
[2026-06-01 11:43:16]   [cache] OS page cache dropped
Fatal: Could not create the account: account already exists
[2026-06-01 11:43:16]   [geth] Starting (pbt, gd=5, cold=1, dev.period=1, 1tx/block)
[2026-06-01 11:43:16]   [geth] Waiting for RPC...
[2026-06-01 11:43:18]   [geth] RPC ready after 3s
[2026-06-01 11:43:18]   [bench] Running execute remote...
[2026-06-01 11:43:24]   [bench] exit=0 passed=1 failed=0
0 missing_trie_node=0
0
[2026-06-01 11:43:24] 
[2026-06-01 11:43:24]   --- storage_sstore_k100_run14 (pbt) write-offset=11400000000 K=100 ---
[2026-06-01 11:43:24]   [geth] Stopping (SIGTERM, waiting up to 120s for clean exit): 1115127
[2026-06-01 11:43:25]   [geth] exited cleanly after 1s
[2026-06-01 11:43:25]   [cache] OS page cache dropped
Fatal: Could not create the account: account already exists
[2026-06-01 11:43:25]   [geth] Starting (pbt, gd=5, cold=1, dev.period=1, 1tx/block)
[2026-06-01 11:43:25]   [geth] Waiting for RPC...
[2026-06-01 11:43:28]   [geth] RPC ready after 3s
[2026-06-01 11:43:28]   [bench] Running execute remote...
[2026-06-01 11:43:34]   [bench] exit=0 passed=1 failed=0
0 missing_trie_node=0
0
[2026-06-01 11:43:34] 
[2026-06-01 11:43:34]   --- storage_sstore_k100_run15 (pbt) write-offset=11500000000 K=100 ---
[2026-06-01 11:43:34]   [geth] Stopping (SIGTERM, waiting up to 120s for clean exit): 1115202
[2026-06-01 11:43:35]   [geth] exited cleanly after 1s
[2026-06-01 11:43:35]   [cache] OS page cache dropped
Fatal: Could not create the account: account already exists
[2026-06-01 11:43:35]   [geth] Starting (pbt, gd=5, cold=1, dev.period=1, 1tx/block)
[2026-06-01 11:43:35]   [geth] Waiting for RPC...
[2026-06-01 11:43:37]   [geth] RPC ready after 3s
[2026-06-01 11:43:37]   [bench] Running execute remote...
[2026-06-01 11:43:43]   [bench] exit=0 passed=1 failed=0
0 missing_trie_node=0
0
[2026-06-01 11:43:43] 
[2026-06-01 11:43:43]   --- storage_sstore_k100_run16 (pbt) write-offset=11600000000 K=100 ---
[2026-06-01 11:43:43]   [geth] Stopping (SIGTERM, waiting up to 120s for clean exit): 1115276
[2026-06-01 11:43:44]   [geth] exited cleanly after 1s
[2026-06-01 11:43:45]   [cache] OS page cache dropped
Fatal: Could not create the account: account already exists
[2026-06-01 11:43:45]   [geth] Starting (pbt, gd=5, cold=1, dev.period=1, 1tx/block)
[2026-06-01 11:43:45]   [geth] Waiting for RPC...
[2026-06-01 11:43:47]   [geth] RPC ready after 3s
[2026-06-01 11:43:47]   [bench] Running execute remote...
[2026-06-01 11:43:53]   [bench] exit=0 passed=1 failed=0
0 missing_trie_node=0
0
[2026-06-01 11:43:53] 
[2026-06-01 11:43:53]   --- storage_sstore_k100_run17 (pbt) write-offset=11700000000 K=100 ---
[2026-06-01 11:43:53]   [geth] Stopping (SIGTERM, waiting up to 120s for clean exit): 1115359
[2026-06-01 11:43:54]   [geth] exited cleanly after 1s
[2026-06-01 11:43:54]   [cache] OS page cache dropped
Fatal: Could not create the account: account already exists
[2026-06-01 11:43:54]   [geth] Starting (pbt, gd=5, cold=1, dev.period=1, 1tx/block)
[2026-06-01 11:43:54]   [geth] Waiting for RPC...
[2026-06-01 11:43:56]   [geth] RPC ready after 3s
[2026-06-01 11:43:56]   [bench] Running execute remote...
[2026-06-01 11:44:04]   [bench] exit=0 passed=1 failed=0
0 missing_trie_node=0
0
[2026-06-01 11:44:04] 
[2026-06-01 11:44:04]   --- storage_sstore_k100_run18 (pbt) write-offset=11800000000 K=100 ---
[2026-06-01 11:44:04]   [geth] Stopping (SIGTERM, waiting up to 120s for clean exit): 1115443
[2026-06-01 11:44:05]   [geth] exited cleanly after 1s
[2026-06-01 11:44:05]   [cache] OS page cache dropped
Fatal: Could not create the account: account already exists
[2026-06-01 11:44:05]   [geth] Starting (pbt, gd=5, cold=1, dev.period=1, 1tx/block)
[2026-06-01 11:44:05]   [geth] Waiting for RPC...
[2026-06-01 11:44:07]   [geth] RPC ready after 3s
[2026-06-01 11:44:07]   [bench] Running execute remote...
[2026-06-01 11:44:14]   [bench] exit=0 passed=1 failed=0
0 missing_trie_node=0
0
[2026-06-01 11:44:14] 
[2026-06-01 11:44:14]   --- storage_sstore_k100_run19 (pbt) write-offset=11900000000 K=100 ---
[2026-06-01 11:44:14]   [geth] Stopping (SIGTERM, waiting up to 120s for clean exit): 1115517
[2026-06-01 11:44:15]   [geth] exited cleanly after 1s
[2026-06-01 11:44:15]   [cache] OS page cache dropped
Fatal: Could not create the account: account already exists
[2026-06-01 11:44:15]   [geth] Starting (pbt, gd=5, cold=1, dev.period=1, 1tx/block)
[2026-06-01 11:44:15]   [geth] Waiting for RPC...
[2026-06-01 11:44:18]   [geth] RPC ready after 3s
[2026-06-01 11:44:18]   [bench] Running execute remote...
[2026-06-01 11:44:25]   [bench] exit=0 passed=1 failed=0
0 missing_trie_node=0
0
[2026-06-01 11:44:25] 
[2026-06-01 11:44:25]   --- storage_sstore_k100_run20 (pbt) write-offset=12000000000 K=100 ---
[2026-06-01 11:44:25]   [geth] Stopping (SIGTERM, waiting up to 120s for clean exit): 1115595
[2026-06-01 11:44:26]   [geth] exited cleanly after 1s
[2026-06-01 11:44:26]   [cache] OS page cache dropped
Fatal: Could not create the account: account already exists
[2026-06-01 11:44:26]   [geth] Starting (pbt, gd=5, cold=1, dev.period=1, 1tx/block)
[2026-06-01 11:44:26]   [geth] Waiting for RPC...
[2026-06-01 11:44:28]   [geth] RPC ready after 3s
[2026-06-01 11:44:28]   [bench] Running execute remote...
[2026-06-01 11:44:35]   [bench] exit=0 passed=1 failed=0
0 missing_trie_node=0
0
[2026-06-01 11:44:35] 
[2026-06-01 11:44:35]   ── BENCHMARK: storage_sstore_k256 (pool=256 contracts; effective K=256)
[2026-06-01 11:44:35] 
[2026-06-01 11:44:35]   --- storage_sstore_k256_run1 (pbt) write-offset=10100000000 K=256 ---
[2026-06-01 11:44:35]   [geth] Stopping (SIGTERM, waiting up to 120s for clean exit): 1115667
[2026-06-01 11:44:36]   [geth] exited cleanly after 1s
[2026-06-01 11:44:36]   [cache] OS page cache dropped
Fatal: Could not create the account: account already exists
[2026-06-01 11:44:36]   [geth] Starting (pbt, gd=5, cold=1, dev.period=1, 1tx/block)
[2026-06-01 11:44:36]   [geth] Waiting for RPC...
[2026-06-01 11:44:38]   [geth] RPC ready after 3s
[2026-06-01 11:44:38]   [bench] Running execute remote...
[2026-06-01 11:44:45]   [bench] exit=0 passed=1 failed=0
0 missing_trie_node=0
0
[2026-06-01 11:44:45] 
[2026-06-01 11:44:45]   --- storage_sstore_k256_run2 (pbt) write-offset=10200000000 K=256 ---
[2026-06-01 11:44:45]   [geth] Stopping (SIGTERM, waiting up to 120s for clean exit): 1115767
[2026-06-01 11:44:46]   [geth] exited cleanly after 1s
[2026-06-01 11:44:46]   [cache] OS page cache dropped
Fatal: Could not create the account: account already exists
[2026-06-01 11:44:46]   [geth] Starting (pbt, gd=5, cold=1, dev.period=1, 1tx/block)
[2026-06-01 11:44:46]   [geth] Waiting for RPC...
[2026-06-01 11:44:48]   [geth] RPC ready after 3s
[2026-06-01 11:44:49]   [bench] Running execute remote...
[2026-06-01 11:44:56]   [bench] exit=0 passed=1 failed=0
0 missing_trie_node=0
0
[2026-06-01 11:44:56] 
[2026-06-01 11:44:56]   --- storage_sstore_k256_run3 (pbt) write-offset=10300000000 K=256 ---
[2026-06-01 11:44:56]   [geth] Stopping (SIGTERM, waiting up to 120s for clean exit): 1115843
[2026-06-01 11:44:57]   [geth] exited cleanly after 1s
[2026-06-01 11:44:57]   [cache] OS page cache dropped
Fatal: Could not create the account: account already exists
[2026-06-01 11:44:57]   [geth] Starting (pbt, gd=5, cold=1, dev.period=1, 1tx/block)
[2026-06-01 11:44:57]   [geth] Waiting for RPC...
[2026-06-01 11:44:59]   [geth] RPC ready after 3s
[2026-06-01 11:44:59]   [bench] Running execute remote...
[2026-06-01 11:45:06]   [bench] exit=0 passed=1 failed=0
0 missing_trie_node=0
0
[2026-06-01 11:45:06] 
[2026-06-01 11:45:06]   --- storage_sstore_k256_run4 (pbt) write-offset=10400000000 K=256 ---
[2026-06-01 11:45:06]   [geth] Stopping (SIGTERM, waiting up to 120s for clean exit): 1115919
[2026-06-01 11:45:07]   [geth] exited cleanly after 1s
[2026-06-01 11:45:08]   [cache] OS page cache dropped
Fatal: Could not create the account: account already exists
[2026-06-01 11:45:08]   [geth] Starting (pbt, gd=5, cold=1, dev.period=1, 1tx/block)
[2026-06-01 11:45:08]   [geth] Waiting for RPC...
[2026-06-01 11:45:10]   [geth] RPC ready after 3s
[2026-06-01 11:45:10]   [bench] Running execute remote...
[2026-06-01 11:45:17]   [bench] exit=0 passed=1 failed=0
0 missing_trie_node=0
0
[2026-06-01 11:45:17] 
[2026-06-01 11:45:17]   --- storage_sstore_k256_run5 (pbt) write-offset=10500000000 K=256 ---
[2026-06-01 11:45:17]   [geth] Stopping (SIGTERM, waiting up to 120s for clean exit): 1115993
[2026-06-01 11:45:18]   [geth] exited cleanly after 1s
[2026-06-01 11:45:18]   [cache] OS page cache dropped
Fatal: Could not create the account: account already exists
[2026-06-01 11:45:18]   [geth] Starting (pbt, gd=5, cold=1, dev.period=1, 1tx/block)
[2026-06-01 11:45:18]   [geth] Waiting for RPC...
[2026-06-01 11:45:20]   [geth] RPC ready after 3s
[2026-06-01 11:45:20]   [bench] Running execute remote...
[2026-06-01 11:45:28]   [bench] exit=0 passed=1 failed=0
0 missing_trie_node=0
0
[2026-06-01 11:45:28] 
[2026-06-01 11:45:28]   --- storage_sstore_k256_run6 (pbt) write-offset=10600000000 K=256 ---
[2026-06-01 11:45:28]   [geth] Stopping (SIGTERM, waiting up to 120s for clean exit): 1116067
[2026-06-01 11:45:29]   [geth] exited cleanly after 1s
[2026-06-01 11:45:29]   [cache] OS page cache dropped
Fatal: Could not create the account: account already exists
[2026-06-01 11:45:29]   [geth] Starting (pbt, gd=5, cold=1, dev.period=1, 1tx/block)
[2026-06-01 11:45:29]   [geth] Waiting for RPC...
[2026-06-01 11:45:31]   [geth] RPC ready after 3s
[2026-06-01 11:45:31]   [bench] Running execute remote...
[2026-06-01 11:45:39]   [bench] exit=0 passed=1 failed=0
0 missing_trie_node=0
0
[2026-06-01 11:45:39] 
[2026-06-01 11:45:39]   --- storage_sstore_k256_run7 (pbt) write-offset=10700000000 K=256 ---
[2026-06-01 11:45:39]   [geth] Stopping (SIGTERM, waiting up to 120s for clean exit): 1116141
[2026-06-01 11:45:40]   [geth] exited cleanly after 1s
[2026-06-01 11:45:40]   [cache] OS page cache dropped
Fatal: Could not create the account: account already exists
[2026-06-01 11:45:40]   [geth] Starting (pbt, gd=5, cold=1, dev.period=1, 1tx/block)
[2026-06-01 11:45:40]   [geth] Waiting for RPC...
[2026-06-01 11:45:42]   [geth] RPC ready after 3s
[2026-06-01 11:45:42]   [bench] Running execute remote...
[2026-06-01 11:45:49]   [bench] exit=0 passed=1 failed=0
0 missing_trie_node=0
0
[2026-06-01 11:45:49] 
[2026-06-01 11:45:49]   --- storage_sstore_k256_run8 (pbt) write-offset=10800000000 K=256 ---
[2026-06-01 11:45:49]   [geth] Stopping (SIGTERM, waiting up to 120s for clean exit): 1116215
[2026-06-01 11:45:50]   [geth] exited cleanly after 1s
[2026-06-01 11:45:50]   [cache] OS page cache dropped
Fatal: Could not create the account: account already exists
[2026-06-01 11:45:50]   [geth] Starting (pbt, gd=5, cold=1, dev.period=1, 1tx/block)
[2026-06-01 11:45:50]   [geth] Waiting for RPC...
[2026-06-01 11:45:52]   [geth] RPC ready after 3s
[2026-06-01 11:45:52]   [bench] Running execute remote...
[2026-06-01 11:46:00]   [bench] exit=0 passed=1 failed=0
0 missing_trie_node=0
0
[2026-06-01 11:46:00] 
[2026-06-01 11:46:00]   --- storage_sstore_k256_run9 (pbt) write-offset=10900000000 K=256 ---
[2026-06-01 11:46:00]   [geth] Stopping (SIGTERM, waiting up to 120s for clean exit): 1116288
[2026-06-01 11:46:01]   [geth] exited cleanly after 1s
[2026-06-01 11:46:01]   [cache] OS page cache dropped
Fatal: Could not create the account: account already exists
[2026-06-01 11:46:01]   [geth] Starting (pbt, gd=5, cold=1, dev.period=1, 1tx/block)
[2026-06-01 11:46:01]   [geth] Waiting for RPC...
[2026-06-01 11:46:03]   [geth] RPC ready after 3s
[2026-06-01 11:46:03]   [bench] Running execute remote...
[2026-06-01 11:46:10]   [bench] exit=0 passed=1 failed=0
0 missing_trie_node=0
0
[2026-06-01 11:46:10] 
[2026-06-01 11:46:10]   --- storage_sstore_k256_run10 (pbt) write-offset=11000000000 K=256 ---
[2026-06-01 11:46:10]   [geth] Stopping (SIGTERM, waiting up to 120s for clean exit): 1116366
[2026-06-01 11:46:11]   [geth] exited cleanly after 1s
[2026-06-01 11:46:11]   [cache] OS page cache dropped
Fatal: Could not create the account: account already exists
[2026-06-01 11:46:11]   [geth] Starting (pbt, gd=5, cold=1, dev.period=1, 1tx/block)
[2026-06-01 11:46:11]   [geth] Waiting for RPC...
[2026-06-01 11:46:14]   [geth] RPC ready after 3s
[2026-06-01 11:46:14]   [bench] Running execute remote...
[2026-06-01 11:46:21]   [bench] exit=0 passed=1 failed=0
0 missing_trie_node=0
0
[2026-06-01 11:46:21] 
[2026-06-01 11:46:21]   --- storage_sstore_k256_run11 (pbt) write-offset=11100000000 K=256 ---
[2026-06-01 11:46:21]   [geth] Stopping (SIGTERM, waiting up to 120s for clean exit): 1116441
[2026-06-01 11:46:22]   [geth] exited cleanly after 1s
[2026-06-01 11:46:22]   [cache] OS page cache dropped
Fatal: Could not create the account: account already exists
[2026-06-01 11:46:22]   [geth] Starting (pbt, gd=5, cold=1, dev.period=1, 1tx/block)
[2026-06-01 11:46:22]   [geth] Waiting for RPC...
[2026-06-01 11:46:24]   [geth] RPC ready after 3s
[2026-06-01 11:46:24]   [bench] Running execute remote...
[2026-06-01 11:46:31]   [bench] exit=0 passed=1 failed=0
0 missing_trie_node=0
0
[2026-06-01 11:46:31] 
[2026-06-01 11:46:31]   --- storage_sstore_k256_run12 (pbt) write-offset=11200000000 K=256 ---
[2026-06-01 11:46:31]   [geth] Stopping (SIGTERM, waiting up to 120s for clean exit): 1116516
[2026-06-01 11:46:32]   [geth] exited cleanly after 1s
[2026-06-01 11:46:33]   [cache] OS page cache dropped
Fatal: Could not create the account: account already exists
[2026-06-01 11:46:33]   [geth] Starting (pbt, gd=5, cold=1, dev.period=1, 1tx/block)
[2026-06-01 11:46:33]   [geth] Waiting for RPC...
[2026-06-01 11:46:35]   [geth] RPC ready after 3s
[2026-06-01 11:46:35]   [bench] Running execute remote...
[2026-06-01 11:46:42]   [bench] exit=0 passed=1 failed=0
0 missing_trie_node=0
0
[2026-06-01 11:46:42] 
[2026-06-01 11:46:42]   --- storage_sstore_k256_run13 (pbt) write-offset=11300000000 K=256 ---
[2026-06-01 11:46:42]   [geth] Stopping (SIGTERM, waiting up to 120s for clean exit): 1116589
[2026-06-01 11:46:43]   [geth] exited cleanly after 1s
[2026-06-01 11:46:43]   [cache] OS page cache dropped
Fatal: Could not create the account: account already exists
[2026-06-01 11:46:43]   [geth] Starting (pbt, gd=5, cold=1, dev.period=1, 1tx/block)
[2026-06-01 11:46:43]   [geth] Waiting for RPC...
[2026-06-01 11:46:45]   [geth] RPC ready after 3s
[2026-06-01 11:46:45]   [bench] Running execute remote...
[2026-06-01 11:46:53]   [bench] exit=0 passed=1 failed=0
0 missing_trie_node=0
0
[2026-06-01 11:46:53] 
[2026-06-01 11:46:53]   --- storage_sstore_k256_run14 (pbt) write-offset=11400000000 K=256 ---
[2026-06-01 11:46:53]   [geth] Stopping (SIGTERM, waiting up to 120s for clean exit): 1116667
[2026-06-01 11:46:54]   [geth] exited cleanly after 1s
[2026-06-01 11:46:54]   [cache] OS page cache dropped
Fatal: Could not create the account: account already exists
[2026-06-01 11:46:54]   [geth] Starting (pbt, gd=5, cold=1, dev.period=1, 1tx/block)
[2026-06-01 11:46:54]   [geth] Waiting for RPC...
[2026-06-01 11:46:56]   [geth] RPC ready after 3s
[2026-06-01 11:46:56]   [bench] Running execute remote...
[2026-06-01 11:47:03]   [bench] exit=0 passed=1 failed=0
0 missing_trie_node=0
0
[2026-06-01 11:47:03] 
[2026-06-01 11:47:03]   --- storage_sstore_k256_run15 (pbt) write-offset=11500000000 K=256 ---
[2026-06-01 11:47:03]   [geth] Stopping (SIGTERM, waiting up to 120s for clean exit): 1116742
[2026-06-01 11:47:04]   [geth] exited cleanly after 1s
[2026-06-01 11:47:04]   [cache] OS page cache dropped
Fatal: Could not create the account: account already exists
[2026-06-01 11:47:04]   [geth] Starting (pbt, gd=5, cold=1, dev.period=1, 1tx/block)
[2026-06-01 11:47:04]   [geth] Waiting for RPC...
[2026-06-01 11:47:06]   [geth] RPC ready after 3s
[2026-06-01 11:47:06]   [bench] Running execute remote...
[2026-06-01 11:47:14]   [bench] exit=0 passed=1 failed=0
0 missing_trie_node=0
0
[2026-06-01 11:47:14] 
[2026-06-01 11:47:14]   --- storage_sstore_k256_run16 (pbt) write-offset=11600000000 K=256 ---
[2026-06-01 11:47:14]   [geth] Stopping (SIGTERM, waiting up to 120s for clean exit): 1116820
[2026-06-01 11:47:15]   [geth] exited cleanly after 1s
[2026-06-01 11:47:15]   [cache] OS page cache dropped
Fatal: Could not create the account: account already exists
[2026-06-01 11:47:15]   [geth] Starting (pbt, gd=5, cold=1, dev.period=1, 1tx/block)
[2026-06-01 11:47:15]   [geth] Waiting for RPC...
[2026-06-01 11:47:17]   [geth] RPC ready after 3s
[2026-06-01 11:47:17]   [bench] Running execute remote...
[2026-06-01 11:47:24]   [bench] exit=0 passed=1 failed=0
0 missing_trie_node=0
0
[2026-06-01 11:47:24] 
[2026-06-01 11:47:24]   --- storage_sstore_k256_run17 (pbt) write-offset=11700000000 K=256 ---
[2026-06-01 11:47:24]   [geth] Stopping (SIGTERM, waiting up to 120s for clean exit): 1116897
[2026-06-01 11:47:25]   [geth] exited cleanly after 1s
[2026-06-01 11:47:25]   [cache] OS page cache dropped
Fatal: Could not create the account: account already exists
[2026-06-01 11:47:25]   [geth] Starting (pbt, gd=5, cold=1, dev.period=1, 1tx/block)
[2026-06-01 11:47:25]   [geth] Waiting for RPC...
[2026-06-01 11:47:28]   [geth] RPC ready after 3s
[2026-06-01 11:47:28]   [bench] Running execute remote...
[2026-06-01 11:47:35]   [bench] exit=0 passed=1 failed=0
0 missing_trie_node=0
0
[2026-06-01 11:47:35] 
[2026-06-01 11:47:35]   --- storage_sstore_k256_run18 (pbt) write-offset=11800000000 K=256 ---
[2026-06-01 11:47:35]   [geth] Stopping (SIGTERM, waiting up to 120s for clean exit): 1116972
[2026-06-01 11:47:36]   [geth] exited cleanly after 1s
[2026-06-01 11:47:36]   [cache] OS page cache dropped
Fatal: Could not create the account: account already exists
[2026-06-01 11:47:36]   [geth] Starting (pbt, gd=5, cold=1, dev.period=1, 1tx/block)
[2026-06-01 11:47:36]   [geth] Waiting for RPC...
[2026-06-01 11:47:38]   [geth] RPC ready after 3s
[2026-06-01 11:47:38]   [bench] Running execute remote...
[2026-06-01 11:47:45]   [bench] exit=0 passed=1 failed=0
0 missing_trie_node=0
0
[2026-06-01 11:47:45] 
[2026-06-01 11:47:45]   --- storage_sstore_k256_run19 (pbt) write-offset=11900000000 K=256 ---
[2026-06-01 11:47:45]   [geth] Stopping (SIGTERM, waiting up to 120s for clean exit): 1117050
[2026-06-01 11:47:46]   [geth] exited cleanly after 1s
[2026-06-01 11:47:47]   [cache] OS page cache dropped
Fatal: Could not create the account: account already exists
[2026-06-01 11:47:47]   [geth] Starting (pbt, gd=5, cold=1, dev.period=1, 1tx/block)
[2026-06-01 11:47:47]   [geth] Waiting for RPC...
[2026-06-01 11:47:49]   [geth] RPC ready after 3s
[2026-06-01 11:47:49]   [bench] Running execute remote...
[2026-06-01 11:47:56]   [bench] exit=0 passed=1 failed=0
0 missing_trie_node=0
0
[2026-06-01 11:47:56] 
[2026-06-01 11:47:56]   --- storage_sstore_k256_run20 (pbt) write-offset=12000000000 K=256 ---
[2026-06-01 11:47:56]   [geth] Stopping (SIGTERM, waiting up to 120s for clean exit): 1117128
[2026-06-01 11:47:57]   [geth] exited cleanly after 1s
[2026-06-01 11:47:57]   [cache] OS page cache dropped
Fatal: Could not create the account: account already exists
[2026-06-01 11:47:57]   [geth] Starting (pbt, gd=5, cold=1, dev.period=1, 1tx/block)
[2026-06-01 11:47:57]   [geth] Waiting for RPC...
[2026-06-01 11:47:59]   [geth] RPC ready after 3s
[2026-06-01 11:47:59]   [bench] Running execute remote...
[2026-06-01 11:48:08]   [bench] exit=0 passed=1 failed=0
0 missing_trie_node=0
0
[2026-06-01 11:48:08] 
[2026-06-01 11:48:08]   ── BENCHMARK: storage_mixed_k1 (pool=256 contracts; effective K=1)
[2026-06-01 11:48:08] 
[2026-06-01 11:48:08]   --- storage_mixed_k1_run1 (pbt) write-offset=10100000000 K=1 ---
[2026-06-01 11:48:08]   [geth] Stopping (SIGTERM, waiting up to 120s for clean exit): 1117203
[2026-06-01 11:48:09]   [geth] exited cleanly after 1s
[2026-06-01 11:48:09]   [cache] OS page cache dropped
Fatal: Could not create the account: account already exists
[2026-06-01 11:48:09]   [geth] Starting (pbt, gd=5, cold=1, dev.period=1, 1tx/block)
[2026-06-01 11:48:09]   [geth] Waiting for RPC...
[2026-06-01 11:48:11]   [geth] RPC ready after 3s
[2026-06-01 11:48:11]   [bench] Running execute remote...
[2026-06-01 11:48:19]   [bench] exit=0 passed=1 failed=0
0 missing_trie_node=0
0
[2026-06-01 11:48:19] 
[2026-06-01 11:48:19]   --- storage_mixed_k1_run2 (pbt) write-offset=10200000000 K=1 ---
[2026-06-01 11:48:19]   [geth] Stopping (SIGTERM, waiting up to 120s for clean exit): 1117304
[2026-06-01 11:48:20]   [geth] exited cleanly after 1s
[2026-06-01 11:48:20]   [cache] OS page cache dropped
Fatal: Could not create the account: account already exists
[2026-06-01 11:48:20]   [geth] Starting (pbt, gd=5, cold=1, dev.period=1, 1tx/block)
[2026-06-01 11:48:20]   [geth] Waiting for RPC...
[2026-06-01 11:48:22]   [geth] RPC ready after 3s
[2026-06-01 11:48:22]   [bench] Running execute remote...
[2026-06-01 11:48:29]   [bench] exit=0 passed=1 failed=0
0 missing_trie_node=0
0
[2026-06-01 11:48:29] 
[2026-06-01 11:48:29]   --- storage_mixed_k1_run3 (pbt) write-offset=10300000000 K=1 ---
[2026-06-01 11:48:29]   [geth] Stopping (SIGTERM, waiting up to 120s for clean exit): 1117378
[2026-06-01 11:48:30]   [geth] exited cleanly after 1s
[2026-06-01 11:48:30]   [cache] OS page cache dropped
Fatal: Could not create the account: account already exists
[2026-06-01 11:48:30]   [geth] Starting (pbt, gd=5, cold=1, dev.period=1, 1tx/block)
[2026-06-01 11:48:30]   [geth] Waiting for RPC...
[2026-06-01 11:48:33]   [geth] RPC ready after 3s
[2026-06-01 11:48:33]   [bench] Running execute remote...
[2026-06-01 11:48:40]   [bench] exit=0 passed=1 failed=0
0 missing_trie_node=0
0
[2026-06-01 11:48:40] 
[2026-06-01 11:48:40]   --- storage_mixed_k1_run4 (pbt) write-offset=10400000000 K=1 ---
[2026-06-01 11:48:40]   [geth] Stopping (SIGTERM, waiting up to 120s for clean exit): 1117452
[2026-06-01 11:48:41]   [geth] exited cleanly after 1s
[2026-06-01 11:48:41]   [cache] OS page cache dropped
Fatal: Could not create the account: account already exists
[2026-06-01 11:48:41]   [geth] Starting (pbt, gd=5, cold=1, dev.period=1, 1tx/block)
[2026-06-01 11:48:41]   [geth] Waiting for RPC...
[2026-06-01 11:48:43]   [geth] RPC ready after 3s
[2026-06-01 11:48:43]   [bench] Running execute remote...
[2026-06-01 11:48:50]   [bench] exit=0 passed=1 failed=0
0 missing_trie_node=0
0
[2026-06-01 11:48:50] 
[2026-06-01 11:48:50]   --- storage_mixed_k1_run5 (pbt) write-offset=10500000000 K=1 ---
[2026-06-01 11:48:50]   [geth] Stopping (SIGTERM, waiting up to 120s for clean exit): 1117526
[2026-06-01 11:48:51]   [geth] exited cleanly after 1s
[2026-06-01 11:48:52]   [cache] OS page cache dropped
Fatal: Could not create the account: account already exists
[2026-06-01 11:48:52]   [geth] Starting (pbt, gd=5, cold=1, dev.period=1, 1tx/block)
[2026-06-01 11:48:52]   [geth] Waiting for RPC...
[2026-06-01 11:48:54]   [geth] RPC ready after 3s
[2026-06-01 11:48:54]   [bench] Running execute remote...
[2026-06-01 11:49:00]   [bench] exit=0 passed=1 failed=0
0 missing_trie_node=0
0
[2026-06-01 11:49:00] 
[2026-06-01 11:49:00]   --- storage_mixed_k1_run6 (pbt) write-offset=10600000000 K=1 ---
[2026-06-01 11:49:00]   [geth] Stopping (SIGTERM, waiting up to 120s for clean exit): 1117601
[2026-06-01 11:49:01]   [geth] exited cleanly after 1s
[2026-06-01 11:49:01]   [cache] OS page cache dropped
Fatal: Could not create the account: account already exists
[2026-06-01 11:49:01]   [geth] Starting (pbt, gd=5, cold=1, dev.period=1, 1tx/block)
[2026-06-01 11:49:01]   [geth] Waiting for RPC...
[2026-06-01 11:49:03]   [geth] RPC ready after 3s
[2026-06-01 11:49:03]   [bench] Running execute remote...
[2026-06-01 11:49:11]   [bench] exit=0 passed=1 failed=0
0 missing_trie_node=0
0
[2026-06-01 11:49:11] 
[2026-06-01 11:49:11]   --- storage_mixed_k1_run7 (pbt) write-offset=10700000000 K=1 ---
[2026-06-01 11:49:11]   [geth] Stopping (SIGTERM, waiting up to 120s for clean exit): 1117681
[2026-06-01 11:49:12]   [geth] exited cleanly after 1s
[2026-06-01 11:49:12]   [cache] OS page cache dropped
Fatal: Could not create the account: account already exists
[2026-06-01 11:49:12]   [geth] Starting (pbt, gd=5, cold=1, dev.period=1, 1tx/block)
[2026-06-01 11:49:12]   [geth] Waiting for RPC...
[2026-06-01 11:49:14]   [geth] RPC ready after 3s
[2026-06-01 11:49:14]   [bench] Running execute remote...
[2026-06-01 11:49:21]   [bench] exit=0 passed=1 failed=0
0 missing_trie_node=0
0
[2026-06-01 11:49:21] 
[2026-06-01 11:49:21]   --- storage_mixed_k1_run8 (pbt) write-offset=10800000000 K=1 ---
[2026-06-01 11:49:21]   [geth] Stopping (SIGTERM, waiting up to 120s for clean exit): 1117765
[2026-06-01 11:49:22]   [geth] exited cleanly after 1s
[2026-06-01 11:49:22]   [cache] OS page cache dropped
Fatal: Could not create the account: account already exists
[2026-06-01 11:49:22]   [geth] Starting (pbt, gd=5, cold=1, dev.period=1, 1tx/block)
[2026-06-01 11:49:23]   [geth] Waiting for RPC...
[2026-06-01 11:49:25]   [geth] RPC ready after 3s
[2026-06-01 11:49:25]   [bench] Running execute remote...
[2026-06-01 11:49:32]   [bench] exit=0 passed=1 failed=0
0 missing_trie_node=0
0
[2026-06-01 11:49:32] 
[2026-06-01 11:49:32]   --- storage_mixed_k1_run9 (pbt) write-offset=10900000000 K=1 ---
[2026-06-01 11:49:32]   [geth] Stopping (SIGTERM, waiting up to 120s for clean exit): 1117839
[2026-06-01 11:49:33]   [geth] exited cleanly after 1s
[2026-06-01 11:49:33]   [cache] OS page cache dropped
Fatal: Could not create the account: account already exists
[2026-06-01 11:49:33]   [geth] Starting (pbt, gd=5, cold=1, dev.period=1, 1tx/block)
[2026-06-01 11:49:33]   [geth] Waiting for RPC...
[2026-06-01 11:49:35]   [geth] RPC ready after 3s
[2026-06-01 11:49:35]   [bench] Running execute remote...
[2026-06-01 11:49:42]   [bench] exit=0 passed=1 failed=0
0 missing_trie_node=0
0
[2026-06-01 11:49:42] 
[2026-06-01 11:49:42]   --- storage_mixed_k1_run10 (pbt) write-offset=11000000000 K=1 ---
[2026-06-01 11:49:43]   [geth] Stopping (SIGTERM, waiting up to 120s for clean exit): 1117917
[2026-06-01 11:49:44]   [geth] exited cleanly after 1s
[2026-06-01 11:49:44]   [cache] OS page cache dropped
Fatal: Could not create the account: account already exists
[2026-06-01 11:49:44]   [geth] Starting (pbt, gd=5, cold=1, dev.period=1, 1tx/block)
[2026-06-01 11:49:44]   [geth] Waiting for RPC...
[2026-06-01 11:49:46]   [geth] RPC ready after 3s
[2026-06-01 11:49:46]   [bench] Running execute remote...
[2026-06-01 11:49:53]   [bench] exit=0 passed=1 failed=0
0 missing_trie_node=0
0
[2026-06-01 11:49:53] 
[2026-06-01 11:49:53]   --- storage_mixed_k1_run11 (pbt) write-offset=11100000000 K=1 ---
[2026-06-01 11:49:53]   [geth] Stopping (SIGTERM, waiting up to 120s for clean exit): 1117992
[2026-06-01 11:49:54]   [geth] exited cleanly after 1s
[2026-06-01 11:49:54]   [cache] OS page cache dropped
Fatal: Could not create the account: account already exists
[2026-06-01 11:49:54]   [geth] Starting (pbt, gd=5, cold=1, dev.period=1, 1tx/block)
[2026-06-01 11:49:54]   [geth] Waiting for RPC...
[2026-06-01 11:49:56]   [geth] RPC ready after 3s
[2026-06-01 11:49:56]   [bench] Running execute remote...
[2026-06-01 11:50:05]   [bench] exit=0 passed=1 failed=0
0 missing_trie_node=0
0
[2026-06-01 11:50:05] 
[2026-06-01 11:50:05]   --- storage_mixed_k1_run12 (pbt) write-offset=11200000000 K=1 ---
[2026-06-01 11:50:05]   [geth] Stopping (SIGTERM, waiting up to 120s for clean exit): 1118066
[2026-06-01 11:50:06]   [geth] exited cleanly after 1s
[2026-06-01 11:50:06]   [cache] OS page cache dropped
Fatal: Could not create the account: account already exists
[2026-06-01 11:50:06]   [geth] Starting (pbt, gd=5, cold=1, dev.period=1, 1tx/block)
[2026-06-01 11:50:06]   [geth] Waiting for RPC...
[2026-06-01 11:50:08]   [geth] RPC ready after 3s
[2026-06-01 11:50:08]   [bench] Running execute remote...
[2026-06-01 11:50:16]   [bench] exit=0 passed=1 failed=0
0 missing_trie_node=0
0
[2026-06-01 11:50:16] 
[2026-06-01 11:50:16]   --- storage_mixed_k1_run13 (pbt) write-offset=11300000000 K=1 ---
[2026-06-01 11:50:16]   [geth] Stopping (SIGTERM, waiting up to 120s for clean exit): 1118139
[2026-06-01 11:50:17]   [geth] exited cleanly after 1s
[2026-06-01 11:50:17]   [cache] OS page cache dropped
Fatal: Could not create the account: account already exists
[2026-06-01 11:50:17]   [geth] Starting (pbt, gd=5, cold=1, dev.period=1, 1tx/block)
[2026-06-01 11:50:17]   [geth] Waiting for RPC...
[2026-06-01 11:50:19]   [geth] RPC ready after 3s
[2026-06-01 11:50:19]   [bench] Running execute remote...
[2026-06-01 11:50:26]   [bench] exit=0 passed=1 failed=0
0 missing_trie_node=0
0
[2026-06-01 11:50:26] 
[2026-06-01 11:50:26]   --- storage_mixed_k1_run14 (pbt) write-offset=11400000000 K=1 ---
[2026-06-01 11:50:26]   [geth] Stopping (SIGTERM, waiting up to 120s for clean exit): 1118214
[2026-06-01 11:50:27]   [geth] exited cleanly after 1s
[2026-06-01 11:50:27]   [cache] OS page cache dropped
Fatal: Could not create the account: account already exists
[2026-06-01 11:50:27]   [geth] Starting (pbt, gd=5, cold=1, dev.period=1, 1tx/block)
[2026-06-01 11:50:27]   [geth] Waiting for RPC...
[2026-06-01 11:50:29]   [geth] RPC ready after 3s
[2026-06-01 11:50:29]   [bench] Running execute remote...
[2026-06-01 11:50:37]   [bench] exit=0 passed=1 failed=0
0 missing_trie_node=0
0
[2026-06-01 11:50:37] 
[2026-06-01 11:50:37]   --- storage_mixed_k1_run15 (pbt) write-offset=11500000000 K=1 ---
[2026-06-01 11:50:37]   [geth] Stopping (SIGTERM, waiting up to 120s for clean exit): 1118287
[2026-06-01 11:50:38]   [geth] exited cleanly after 1s
[2026-06-01 11:50:38]   [cache] OS page cache dropped
Fatal: Could not create the account: account already exists
[2026-06-01 11:50:38]   [geth] Starting (pbt, gd=5, cold=1, dev.period=1, 1tx/block)
[2026-06-01 11:50:38]   [geth] Waiting for RPC...
[2026-06-01 11:50:40]   [geth] RPC ready after 3s
[2026-06-01 11:50:40]   [bench] Running execute remote...
[2026-06-01 11:50:47]   [bench] exit=0 passed=1 failed=0
0 missing_trie_node=0
0
[2026-06-01 11:50:47] 
[2026-06-01 11:50:47]   --- storage_mixed_k1_run16 (pbt) write-offset=11600000000 K=1 ---
[2026-06-01 11:50:47]   [geth] Stopping (SIGTERM, waiting up to 120s for clean exit): 1118361
[2026-06-01 11:50:48]   [geth] exited cleanly after 1s
[2026-06-01 11:50:48]   [cache] OS page cache dropped
Fatal: Could not create the account: account already exists
[2026-06-01 11:50:49]   [geth] Starting (pbt, gd=5, cold=1, dev.period=1, 1tx/block)
[2026-06-01 11:50:49]   [geth] Waiting for RPC...
[2026-06-01 11:50:51]   [geth] RPC ready after 3s
[2026-06-01 11:50:51]   [bench] Running execute remote...
[2026-06-01 11:50:58]   [bench] exit=0 passed=1 failed=0
0 missing_trie_node=0
0
[2026-06-01 11:50:58] 
[2026-06-01 11:50:58]   --- storage_mixed_k1_run17 (pbt) write-offset=11700000000 K=1 ---
[2026-06-01 11:50:58]   [geth] Stopping (SIGTERM, waiting up to 120s for clean exit): 1118436
[2026-06-01 11:50:59]   [geth] exited cleanly after 1s
[2026-06-01 11:50:59]   [cache] OS page cache dropped
Fatal: Could not create the account: account already exists
[2026-06-01 11:50:59]   [geth] Starting (pbt, gd=5, cold=1, dev.period=1, 1tx/block)
[2026-06-01 11:50:59]   [geth] Waiting for RPC...
[2026-06-01 11:51:01]   [geth] RPC ready after 3s
[2026-06-01 11:51:01]   [bench] Running execute remote...
[2026-06-01 11:51:10]   [bench] exit=0 passed=1 failed=0
0 missing_trie_node=0
0
[2026-06-01 11:51:10] 
[2026-06-01 11:51:10]   --- storage_mixed_k1_run18 (pbt) write-offset=11800000000 K=1 ---
[2026-06-01 11:51:10]   [geth] Stopping (SIGTERM, waiting up to 120s for clean exit): 1118513
[2026-06-01 11:51:11]   [geth] exited cleanly after 1s
[2026-06-01 11:51:11]   [cache] OS page cache dropped
Fatal: Could not create the account: account already exists
[2026-06-01 11:51:11]   [geth] Starting (pbt, gd=5, cold=1, dev.period=1, 1tx/block)
[2026-06-01 11:51:11]   [geth] Waiting for RPC...
[2026-06-01 11:51:13]   [geth] RPC ready after 3s
[2026-06-01 11:51:13]   [bench] Running execute remote...
[2026-06-01 11:51:20]   [bench] exit=0 passed=1 failed=0
0 missing_trie_node=0
0
[2026-06-01 11:51:20] 
[2026-06-01 11:51:20]   --- storage_mixed_k1_run19 (pbt) write-offset=11900000000 K=1 ---
[2026-06-01 11:51:20]   [geth] Stopping (SIGTERM, waiting up to 120s for clean exit): 1118589
[2026-06-01 11:51:21]   [geth] exited cleanly after 1s
[2026-06-01 11:51:21]   [cache] OS page cache dropped
Fatal: Could not create the account: account already exists
[2026-06-01 11:51:21]   [geth] Starting (pbt, gd=5, cold=1, dev.period=1, 1tx/block)
[2026-06-01 11:51:21]   [geth] Waiting for RPC...
[2026-06-01 11:51:23]   [geth] RPC ready after 3s
[2026-06-01 11:51:23]   [bench] Running execute remote...
[2026-06-01 11:51:31]   [bench] exit=0 passed=1 failed=0
0 missing_trie_node=0
0
[2026-06-01 11:51:31] 
[2026-06-01 11:51:31]   --- storage_mixed_k1_run20 (pbt) write-offset=12000000000 K=1 ---
[2026-06-01 11:51:31]   [geth] Stopping (SIGTERM, waiting up to 120s for clean exit): 1118663
[2026-06-01 11:51:32]   [geth] exited cleanly after 1s
[2026-06-01 11:51:32]   [cache] OS page cache dropped
Fatal: Could not create the account: account already exists
[2026-06-01 11:51:32]   [geth] Starting (pbt, gd=5, cold=1, dev.period=1, 1tx/block)
[2026-06-01 11:51:32]   [geth] Waiting for RPC...
[2026-06-01 11:51:34]   [geth] RPC ready after 3s
[2026-06-01 11:51:34]   [bench] Running execute remote...
[2026-06-01 11:51:41]   [bench] exit=0 passed=1 failed=0
0 missing_trie_node=0
0
[2026-06-01 11:51:41] 
[2026-06-01 11:51:41]   ── BENCHMARK: storage_mixed_k10 (pool=256 contracts; effective K=10)
[2026-06-01 11:51:41] 
[2026-06-01 11:51:41]   --- storage_mixed_k10_run1 (pbt) write-offset=10100000000 K=10 ---
[2026-06-01 11:51:41]   [geth] Stopping (SIGTERM, waiting up to 120s for clean exit): 1118734
[2026-06-01 11:51:42]   [geth] exited cleanly after 1s
[2026-06-01 11:51:43]   [cache] OS page cache dropped
Fatal: Could not create the account: account already exists
[2026-06-01 11:51:43]   [geth] Starting (pbt, gd=5, cold=1, dev.period=1, 1tx/block)
[2026-06-01 11:51:43]   [geth] Waiting for RPC...
[2026-06-01 11:51:45]   [geth] RPC ready after 3s
[2026-06-01 11:51:45]   [bench] Running execute remote...
[2026-06-01 11:51:51]   [bench] exit=0 passed=1 failed=0
0 missing_trie_node=0
0
[2026-06-01 11:51:51] 
[2026-06-01 11:51:51]   --- storage_mixed_k10_run2 (pbt) write-offset=10200000000 K=10 ---
[2026-06-01 11:51:51]   [geth] Stopping (SIGTERM, waiting up to 120s for clean exit): 1118833
[2026-06-01 11:51:52]   [geth] exited cleanly after 1s
[2026-06-01 11:51:52]   [cache] OS page cache dropped
Fatal: Could not create the account: account already exists
[2026-06-01 11:51:52]   [geth] Starting (pbt, gd=5, cold=1, dev.period=1, 1tx/block)
[2026-06-01 11:51:52]   [geth] Waiting for RPC...
[2026-06-01 11:51:54]   [geth] RPC ready after 3s
[2026-06-01 11:51:54]   [bench] Running execute remote...
[2026-06-01 11:52:02]   [bench] exit=0 passed=1 failed=0
0 missing_trie_node=0
0
[2026-06-01 11:52:02] 
[2026-06-01 11:52:02]   --- storage_mixed_k10_run3 (pbt) write-offset=10300000000 K=10 ---
[2026-06-01 11:52:02]   [geth] Stopping (SIGTERM, waiting up to 120s for clean exit): 1118908
[2026-06-01 11:52:03]   [geth] exited cleanly after 1s
[2026-06-01 11:52:03]   [cache] OS page cache dropped
Fatal: Could not create the account: account already exists
[2026-06-01 11:52:03]   [geth] Starting (pbt, gd=5, cold=1, dev.period=1, 1tx/block)
[2026-06-01 11:52:03]   [geth] Waiting for RPC...
[2026-06-01 11:52:05]   [geth] RPC ready after 3s
[2026-06-01 11:52:05]   [bench] Running execute remote...
[2026-06-01 11:52:12]   [bench] exit=0 passed=1 failed=0
0 missing_trie_node=0
0
[2026-06-01 11:52:12] 
[2026-06-01 11:52:12]   --- storage_mixed_k10_run4 (pbt) write-offset=10400000000 K=10 ---
[2026-06-01 11:52:12]   [geth] Stopping (SIGTERM, waiting up to 120s for clean exit): 1118980
[2026-06-01 11:52:13]   [geth] exited cleanly after 1s
[2026-06-01 11:52:14]   [cache] OS page cache dropped
Fatal: Could not create the account: account already exists
[2026-06-01 11:52:14]   [geth] Starting (pbt, gd=5, cold=1, dev.period=1, 1tx/block)
[2026-06-01 11:52:14]   [geth] Waiting for RPC...
[2026-06-01 11:52:16]   [geth] RPC ready after 3s
[2026-06-01 11:52:16]   [bench] Running execute remote...
[2026-06-01 11:52:23]   [bench] exit=0 passed=1 failed=0
0 missing_trie_node=0
0
[2026-06-01 11:52:23] 
[2026-06-01 11:52:23]   --- storage_mixed_k10_run5 (pbt) write-offset=10500000000 K=10 ---
[2026-06-01 11:52:23]   [geth] Stopping (SIGTERM, waiting up to 120s for clean exit): 1119095
[2026-06-01 11:52:24]   [geth] exited cleanly after 1s
[2026-06-01 11:52:24]   [cache] OS page cache dropped
Fatal: Could not create the account: account already exists
[2026-06-01 11:52:24]   [geth] Starting (pbt, gd=5, cold=1, dev.period=1, 1tx/block)
[2026-06-01 11:52:24]   [geth] Waiting for RPC...
[2026-06-01 11:52:26]   [geth] RPC ready after 3s
[2026-06-01 11:52:26]   [bench] Running execute remote...
[2026-06-01 11:52:33]   [bench] exit=0 passed=1 failed=0
0 missing_trie_node=0
0
[2026-06-01 11:52:33] 
[2026-06-01 11:52:33]   --- storage_mixed_k10_run6 (pbt) write-offset=10600000000 K=10 ---
[2026-06-01 11:52:33]   [geth] Stopping (SIGTERM, waiting up to 120s for clean exit): 1119168
[2026-06-01 11:52:34]   [geth] exited cleanly after 1s
[2026-06-01 11:52:34]   [cache] OS page cache dropped
Fatal: Could not create the account: account already exists
[2026-06-01 11:52:34]   [geth] Starting (pbt, gd=5, cold=1, dev.period=1, 1tx/block)
[2026-06-01 11:52:34]   [geth] Waiting for RPC...
[2026-06-01 11:52:36]   [geth] RPC ready after 3s
[2026-06-01 11:52:36]   [bench] Running execute remote...
[2026-06-01 11:52:43]   [bench] exit=0 passed=1 failed=0
0 missing_trie_node=0
0
[2026-06-01 11:52:43] 
[2026-06-01 11:52:43]   --- storage_mixed_k10_run7 (pbt) write-offset=10700000000 K=10 ---
[2026-06-01 11:52:43]   [geth] Stopping (SIGTERM, waiting up to 120s for clean exit): 1119241
[2026-06-01 11:52:45]   [geth] exited cleanly after 1s
[2026-06-01 11:52:45]   [cache] OS page cache dropped
Fatal: Could not create the account: account already exists
[2026-06-01 11:52:45]   [geth] Starting (pbt, gd=5, cold=1, dev.period=1, 1tx/block)
[2026-06-01 11:52:45]   [geth] Waiting for RPC...
[2026-06-01 11:52:47]   [geth] RPC ready after 3s
[2026-06-01 11:52:47]   [bench] Running execute remote...
[2026-06-01 11:52:55]   [bench] exit=0 passed=1 failed=0
0 missing_trie_node=0
0
[2026-06-01 11:52:55] 
[2026-06-01 11:52:55]   --- storage_mixed_k10_run8 (pbt) write-offset=10800000000 K=10 ---
[2026-06-01 11:52:55]   [geth] Stopping (SIGTERM, waiting up to 120s for clean exit): 1119320
[2026-06-01 11:52:56]   [geth] exited cleanly after 1s
[2026-06-01 11:52:56]   [cache] OS page cache dropped
Fatal: Could not create the account: account already exists
[2026-06-01 11:52:56]   [geth] Starting (pbt, gd=5, cold=1, dev.period=1, 1tx/block)
[2026-06-01 11:52:56]   [geth] Waiting for RPC...
[2026-06-01 11:52:59]   [geth] RPC ready after 3s
[2026-06-01 11:52:59]   [bench] Running execute remote...
[2026-06-01 11:53:06]   [bench] exit=0 passed=1 failed=0
0 missing_trie_node=0
0
[2026-06-01 11:53:06] 
[2026-06-01 11:53:06]   --- storage_mixed_k10_run9 (pbt) write-offset=10900000000 K=10 ---
[2026-06-01 11:53:06]   [geth] Stopping (SIGTERM, waiting up to 120s for clean exit): 1119396
[2026-06-01 11:53:07]   [geth] exited cleanly after 1s
[2026-06-01 11:53:07]   [cache] OS page cache dropped
Fatal: Could not create the account: account already exists
[2026-06-01 11:53:07]   [geth] Starting (pbt, gd=5, cold=1, dev.period=1, 1tx/block)
[2026-06-01 11:53:07]   [geth] Waiting for RPC...
[2026-06-01 11:53:09]   [geth] RPC ready after 3s
[2026-06-01 11:53:09]   [bench] Running execute remote...
[2026-06-01 11:53:16]   [bench] exit=0 passed=1 failed=0
0 missing_trie_node=0
0
[2026-06-01 11:53:16] 
[2026-06-01 11:53:16]   --- storage_mixed_k10_run10 (pbt) write-offset=11000000000 K=10 ---
[2026-06-01 11:53:17]   [geth] Stopping (SIGTERM, waiting up to 120s for clean exit): 1119471
[2026-06-01 11:53:18]   [geth] exited cleanly after 1s
[2026-06-01 11:53:18]   [cache] OS page cache dropped
Fatal: Could not create the account: account already exists
[2026-06-01 11:53:18]   [geth] Starting (pbt, gd=5, cold=1, dev.period=1, 1tx/block)
[2026-06-01 11:53:18]   [geth] Waiting for RPC...
[2026-06-01 11:53:20]   [geth] RPC ready after 3s
[2026-06-01 11:53:20]   [bench] Running execute remote...
[2026-06-01 11:53:26]   [bench] exit=0 passed=1 failed=0
0 missing_trie_node=0
0
[2026-06-01 11:53:26] 
[2026-06-01 11:53:26]   --- storage_mixed_k10_run11 (pbt) write-offset=11100000000 K=10 ---
[2026-06-01 11:53:26]   [geth] Stopping (SIGTERM, waiting up to 120s for clean exit): 1119545
[2026-06-01 11:53:27]   [geth] exited cleanly after 1s
[2026-06-01 11:53:27]   [cache] OS page cache dropped
Fatal: Could not create the account: account already exists
[2026-06-01 11:53:27]   [geth] Starting (pbt, gd=5, cold=1, dev.period=1, 1tx/block)
[2026-06-01 11:53:27]   [geth] Waiting for RPC...
[2026-06-01 11:53:30]   [geth] RPC ready after 3s
[2026-06-01 11:53:30]   [bench] Running execute remote...
[2026-06-01 11:53:37]   [bench] exit=0 passed=1 failed=0
0 missing_trie_node=0
0
[2026-06-01 11:53:37] 
[2026-06-01 11:53:37]   --- storage_mixed_k10_run12 (pbt) write-offset=11200000000 K=10 ---
[2026-06-01 11:53:37]   [geth] Stopping (SIGTERM, waiting up to 120s for clean exit): 1119617
[2026-06-01 11:53:38]   [geth] exited cleanly after 1s
[2026-06-01 11:53:38]   [cache] OS page cache dropped
Fatal: Could not create the account: account already exists
[2026-06-01 11:53:38]   [geth] Starting (pbt, gd=5, cold=1, dev.period=1, 1tx/block)
[2026-06-01 11:53:38]   [geth] Waiting for RPC...
[2026-06-01 11:53:40]   [geth] RPC ready after 3s
[2026-06-01 11:53:40]   [bench] Running execute remote...
[2026-06-01 11:53:47]   [bench] exit=0 passed=1 failed=0
0 missing_trie_node=0
0
[2026-06-01 11:53:47] 
[2026-06-01 11:53:47]   --- storage_mixed_k10_run13 (pbt) write-offset=11300000000 K=10 ---
[2026-06-01 11:53:47]   [geth] Stopping (SIGTERM, waiting up to 120s for clean exit): 1119692
[2026-06-01 11:53:48]   [geth] exited cleanly after 1s
[2026-06-01 11:53:48]   [cache] OS page cache dropped
Fatal: Could not create the account: account already exists
[2026-06-01 11:53:48]   [geth] Starting (pbt, gd=5, cold=1, dev.period=1, 1tx/block)
[2026-06-01 11:53:48]   [geth] Waiting for RPC...
[2026-06-01 11:53:50]   [geth] RPC ready after 3s
[2026-06-01 11:53:50]   [bench] Running execute remote...
[2026-06-01 11:53:56]   [bench] exit=0 passed=1 failed=0
0 missing_trie_node=0
0
[2026-06-01 11:53:56] 
[2026-06-01 11:53:56]   --- storage_mixed_k10_run14 (pbt) write-offset=11400000000 K=10 ---
[2026-06-01 11:53:56]   [geth] Stopping (SIGTERM, waiting up to 120s for clean exit): 1119767
[2026-06-01 11:53:57]   [geth] exited cleanly after 1s
[2026-06-01 11:53:58]   [cache] OS page cache dropped
Fatal: Could not create the account: account already exists
[2026-06-01 11:53:58]   [geth] Starting (pbt, gd=5, cold=1, dev.period=1, 1tx/block)
[2026-06-01 11:53:58]   [geth] Waiting for RPC...
[2026-06-01 11:54:00]   [geth] RPC ready after 3s
[2026-06-01 11:54:00]   [bench] Running execute remote...
[2026-06-01 11:54:07]   [bench] exit=0 passed=1 failed=0
0 missing_trie_node=0
0
[2026-06-01 11:54:07] 
[2026-06-01 11:54:07]   --- storage_mixed_k10_run15 (pbt) write-offset=11500000000 K=10 ---
[2026-06-01 11:54:07]   [geth] Stopping (SIGTERM, waiting up to 120s for clean exit): 1119841
[2026-06-01 11:54:08]   [geth] exited cleanly after 1s
[2026-06-01 11:54:08]   [cache] OS page cache dropped
Fatal: Could not create the account: account already exists
[2026-06-01 11:54:08]   [geth] Starting (pbt, gd=5, cold=1, dev.period=1, 1tx/block)
[2026-06-01 11:54:08]   [geth] Waiting for RPC...
[2026-06-01 11:54:10]   [geth] RPC ready after 3s
[2026-06-01 11:54:11]   [bench] Running execute remote...
[2026-06-01 11:54:18]   [bench] exit=0 passed=1 failed=0
0 missing_trie_node=0
0
[2026-06-01 11:54:18] 
[2026-06-01 11:54:18]   --- storage_mixed_k10_run16 (pbt) write-offset=11600000000 K=10 ---
[2026-06-01 11:54:18]   [geth] Stopping (SIGTERM, waiting up to 120s for clean exit): 1119915
[2026-06-01 11:54:19]   [geth] exited cleanly after 1s
[2026-06-01 11:54:19]   [cache] OS page cache dropped
Fatal: Could not create the account: account already exists
[2026-06-01 11:54:19]   [geth] Starting (pbt, gd=5, cold=1, dev.period=1, 1tx/block)
[2026-06-01 11:54:19]   [geth] Waiting for RPC...
[2026-06-01 11:54:21]   [geth] RPC ready after 3s
[2026-06-01 11:54:21]   [bench] Running execute remote...
[2026-06-01 11:54:28]   [bench] exit=0 passed=1 failed=0
0 missing_trie_node=0
0
[2026-06-01 11:54:28] 
[2026-06-01 11:54:28]   --- storage_mixed_k10_run17 (pbt) write-offset=11700000000 K=10 ---
[2026-06-01 11:54:28]   [geth] Stopping (SIGTERM, waiting up to 120s for clean exit): 1119992
[2026-06-01 11:54:29]   [geth] exited cleanly after 1s
[2026-06-01 11:54:29]   [cache] OS page cache dropped
Fatal: Could not create the account: account already exists
[2026-06-01 11:54:29]   [geth] Starting (pbt, gd=5, cold=1, dev.period=1, 1tx/block)
[2026-06-01 11:54:29]   [geth] Waiting for RPC...
[2026-06-01 11:54:31]   [geth] RPC ready after 3s
[2026-06-01 11:54:31]   [bench] Running execute remote...
[2026-06-01 11:54:38]   [bench] exit=0 passed=1 failed=0
0 missing_trie_node=0
0
[2026-06-01 11:54:38] 
[2026-06-01 11:54:38]   --- storage_mixed_k10_run18 (pbt) write-offset=11800000000 K=10 ---
[2026-06-01 11:54:38]   [geth] Stopping (SIGTERM, waiting up to 120s for clean exit): 1120080
[2026-06-01 11:54:39]   [geth] exited cleanly after 1s
[2026-06-01 11:54:39]   [cache] OS page cache dropped
Fatal: Could not create the account: account already exists
[2026-06-01 11:54:40]   [geth] Starting (pbt, gd=5, cold=1, dev.period=1, 1tx/block)
[2026-06-01 11:54:40]   [geth] Waiting for RPC...
[2026-06-01 11:54:42]   [geth] RPC ready after 3s
[2026-06-01 11:54:42]   [bench] Running execute remote...
[2026-06-01 11:54:49]   [bench] exit=0 passed=1 failed=0
0 missing_trie_node=0
0
[2026-06-01 11:54:49] 
[2026-06-01 11:54:49]   --- storage_mixed_k10_run19 (pbt) write-offset=11900000000 K=10 ---
[2026-06-01 11:54:49]   [geth] Stopping (SIGTERM, waiting up to 120s for clean exit): 1120152
[2026-06-01 11:54:50]   [geth] exited cleanly after 1s
[2026-06-01 11:54:50]   [cache] OS page cache dropped
Fatal: Could not create the account: account already exists
[2026-06-01 11:54:50]   [geth] Starting (pbt, gd=5, cold=1, dev.period=1, 1tx/block)
[2026-06-01 11:54:50]   [geth] Waiting for RPC...
[2026-06-01 11:54:52]   [geth] RPC ready after 3s
[2026-06-01 11:54:52]   [bench] Running execute remote...
[2026-06-01 11:54:59]   [bench] exit=0 passed=1 failed=0
0 missing_trie_node=0
0
[2026-06-01 11:54:59] 
[2026-06-01 11:54:59]   --- storage_mixed_k10_run20 (pbt) write-offset=12000000000 K=10 ---
[2026-06-01 11:54:59]   [geth] Stopping (SIGTERM, waiting up to 120s for clean exit): 1120227
[2026-06-01 11:55:00]   [geth] exited cleanly after 1s
[2026-06-01 11:55:00]   [cache] OS page cache dropped
Fatal: Could not create the account: account already exists
[2026-06-01 11:55:00]   [geth] Starting (pbt, gd=5, cold=1, dev.period=1, 1tx/block)
[2026-06-01 11:55:00]   [geth] Waiting for RPC...
[2026-06-01 11:55:02]   [geth] RPC ready after 3s
[2026-06-01 11:55:02]   [bench] Running execute remote...
[2026-06-01 11:55:09]   [bench] exit=0 passed=1 failed=0
0 missing_trie_node=0
0
[2026-06-01 11:55:09] 
[2026-06-01 11:55:09]   ── BENCHMARK: storage_mixed_k100 (pool=256 contracts; effective K=100)
[2026-06-01 11:55:09] 
[2026-06-01 11:55:09]   --- storage_mixed_k100_run1 (pbt) write-offset=10100000000 K=100 ---
[2026-06-01 11:55:09]   [geth] Stopping (SIGTERM, waiting up to 120s for clean exit): 1120300
[2026-06-01 11:55:10]   [geth] exited cleanly after 1s
[2026-06-01 11:55:10]   [cache] OS page cache dropped
Fatal: Could not create the account: account already exists
[2026-06-01 11:55:10]   [geth] Starting (pbt, gd=5, cold=1, dev.period=1, 1tx/block)
[2026-06-01 11:55:10]   [geth] Waiting for RPC...
[2026-06-01 11:55:12]   [geth] RPC ready after 3s
[2026-06-01 11:55:12]   [bench] Running execute remote...
[2026-06-01 11:55:18]   [bench] exit=0 passed=1 failed=0
0 missing_trie_node=0
0
[2026-06-01 11:55:18] 
[2026-06-01 11:55:18]   --- storage_mixed_k100_run2 (pbt) write-offset=10200000000 K=100 ---
[2026-06-01 11:55:18]   [geth] Stopping (SIGTERM, waiting up to 120s for clean exit): 1120399
[2026-06-01 11:55:19]   [geth] exited cleanly after 1s
[2026-06-01 11:55:20]   [cache] OS page cache dropped
Fatal: Could not create the account: account already exists
[2026-06-01 11:55:20]   [geth] Starting (pbt, gd=5, cold=1, dev.period=1, 1tx/block)
[2026-06-01 11:55:20]   [geth] Waiting for RPC...
[2026-06-01 11:55:22]   [geth] RPC ready after 3s
[2026-06-01 11:55:22]   [bench] Running execute remote...
[2026-06-01 11:55:28]   [bench] exit=0 passed=1 failed=0
0 missing_trie_node=0
0
[2026-06-01 11:55:28] 
[2026-06-01 11:55:28]   --- storage_mixed_k100_run3 (pbt) write-offset=10300000000 K=100 ---
[2026-06-01 11:55:28]   [geth] Stopping (SIGTERM, waiting up to 120s for clean exit): 1120475
[2026-06-01 11:55:29]   [geth] exited cleanly after 1s
[2026-06-01 11:55:29]   [cache] OS page cache dropped
Fatal: Could not create the account: account already exists
[2026-06-01 11:55:29]   [geth] Starting (pbt, gd=5, cold=1, dev.period=1, 1tx/block)
[2026-06-01 11:55:29]   [geth] Waiting for RPC...
[2026-06-01 11:55:32]   [geth] RPC ready after 3s
[2026-06-01 11:55:32]   [bench] Running execute remote...
[2026-06-01 11:55:38]   [bench] exit=0 passed=1 failed=0
0 missing_trie_node=0
0
[2026-06-01 11:55:38] 
[2026-06-01 11:55:38]   --- storage_mixed_k100_run4 (pbt) write-offset=10400000000 K=100 ---
[2026-06-01 11:55:38]   [geth] Stopping (SIGTERM, waiting up to 120s for clean exit): 1120550
[2026-06-01 11:55:39]   [geth] exited cleanly after 1s
[2026-06-01 11:55:39]   [cache] OS page cache dropped
Fatal: Could not create the account: account already exists
[2026-06-01 11:55:39]   [geth] Starting (pbt, gd=5, cold=1, dev.period=1, 1tx/block)
[2026-06-01 11:55:39]   [geth] Waiting for RPC...
[2026-06-01 11:55:41]   [geth] RPC ready after 3s
[2026-06-01 11:55:41]   [bench] Running execute remote...
[2026-06-01 11:55:48]   [bench] exit=0 passed=1 failed=0
0 missing_trie_node=0
0
[2026-06-01 11:55:48] 
[2026-06-01 11:55:48]   --- storage_mixed_k100_run5 (pbt) write-offset=10500000000 K=100 ---
[2026-06-01 11:55:48]   [geth] Stopping (SIGTERM, waiting up to 120s for clean exit): 1120627
[2026-06-01 11:55:49]   [geth] exited cleanly after 1s
[2026-06-01 11:55:49]   [cache] OS page cache dropped
Fatal: Could not create the account: account already exists
[2026-06-01 11:55:49]   [geth] Starting (pbt, gd=5, cold=1, dev.period=1, 1tx/block)
[2026-06-01 11:55:49]   [geth] Waiting for RPC...
[2026-06-01 11:55:51]   [geth] RPC ready after 3s
[2026-06-01 11:55:51]   [bench] Running execute remote...
[2026-06-01 11:55:58]   [bench] exit=0 passed=1 failed=0
0 missing_trie_node=0
0
[2026-06-01 11:55:58] 
[2026-06-01 11:55:58]   --- storage_mixed_k100_run6 (pbt) write-offset=10600000000 K=100 ---
[2026-06-01 11:55:58]   [geth] Stopping (SIGTERM, waiting up to 120s for clean exit): 1120706
[2026-06-01 11:55:59]   [geth] exited cleanly after 1s
[2026-06-01 11:55:59]   [cache] OS page cache dropped
Fatal: Could not create the account: account already exists
[2026-06-01 11:55:59]   [geth] Starting (pbt, gd=5, cold=1, dev.period=1, 1tx/block)
[2026-06-01 11:55:59]   [geth] Waiting for RPC...
[2026-06-01 11:56:01]   [geth] RPC ready after 3s
[2026-06-01 11:56:01]   [bench] Running execute remote...
[2026-06-01 11:56:07]   [bench] exit=0 passed=1 failed=0
0 missing_trie_node=0
0
[2026-06-01 11:56:07] 
[2026-06-01 11:56:07]   --- storage_mixed_k100_run7 (pbt) write-offset=10700000000 K=100 ---
[2026-06-01 11:56:07]   [geth] Stopping (SIGTERM, waiting up to 120s for clean exit): 1120780
[2026-06-01 11:56:08]   [geth] exited cleanly after 1s
[2026-06-01 11:56:09]   [cache] OS page cache dropped
Fatal: Could not create the account: account already exists
[2026-06-01 11:56:09]   [geth] Starting (pbt, gd=5, cold=1, dev.period=1, 1tx/block)
[2026-06-01 11:56:09]   [geth] Waiting for RPC...
[2026-06-01 11:56:11]   [geth] RPC ready after 3s
[2026-06-01 11:56:11]   [bench] Running execute remote...
[2026-06-01 11:56:18]   [bench] exit=0 passed=1 failed=0
0 missing_trie_node=0
0
[2026-06-01 11:56:18] 
[2026-06-01 11:56:18]   --- storage_mixed_k100_run8 (pbt) write-offset=10800000000 K=100 ---
[2026-06-01 11:56:18]   [geth] Stopping (SIGTERM, waiting up to 120s for clean exit): 1120857
[2026-06-01 11:56:19]   [geth] exited cleanly after 1s
[2026-06-01 11:56:19]   [cache] OS page cache dropped
Fatal: Could not create the account: account already exists
[2026-06-01 11:56:19]   [geth] Starting (pbt, gd=5, cold=1, dev.period=1, 1tx/block)
[2026-06-01 11:56:19]   [geth] Waiting for RPC...
[2026-06-01 11:56:21]   [geth] RPC ready after 3s
[2026-06-01 11:56:21]   [bench] Running execute remote...
[2026-06-01 11:56:28]   [bench] exit=0 passed=1 failed=0
0 missing_trie_node=0
0
[2026-06-01 11:56:28] 
[2026-06-01 11:56:28]   --- storage_mixed_k100_run9 (pbt) write-offset=10900000000 K=100 ---
[2026-06-01 11:56:28]   [geth] Stopping (SIGTERM, waiting up to 120s for clean exit): 1120932
[2026-06-01 11:56:29]   [geth] exited cleanly after 1s
[2026-06-01 11:56:29]   [cache] OS page cache dropped
Fatal: Could not create the account: account already exists
[2026-06-01 11:56:29]   [geth] Starting (pbt, gd=5, cold=1, dev.period=1, 1tx/block)
[2026-06-01 11:56:29]   [geth] Waiting for RPC...
[2026-06-01 11:56:31]   [geth] RPC ready after 3s
[2026-06-01 11:56:31]   [bench] Running execute remote...
[2026-06-01 11:56:38]   [bench] exit=0 passed=1 failed=0
0 missing_trie_node=0
0
[2026-06-01 11:56:38] 
[2026-06-01 11:56:38]   --- storage_mixed_k100_run10 (pbt) write-offset=11000000000 K=100 ---
[2026-06-01 11:56:38]   [geth] Stopping (SIGTERM, waiting up to 120s for clean exit): 1121006
[2026-06-01 11:56:39]   [geth] exited cleanly after 1s
[2026-06-01 11:56:39]   [cache] OS page cache dropped
Fatal: Could not create the account: account already exists
[2026-06-01 11:56:39]   [geth] Starting (pbt, gd=5, cold=1, dev.period=1, 1tx/block)
[2026-06-01 11:56:39]   [geth] Waiting for RPC...
[2026-06-01 11:56:41]   [geth] RPC ready after 3s
[2026-06-01 11:56:41]   [bench] Running execute remote...
[2026-06-01 11:56:47]   [bench] exit=0 passed=1 failed=0
0 missing_trie_node=0
0
[2026-06-01 11:56:47] 
[2026-06-01 11:56:47]   --- storage_mixed_k100_run11 (pbt) write-offset=11100000000 K=100 ---
[2026-06-01 11:56:47]   [geth] Stopping (SIGTERM, waiting up to 120s for clean exit): 1121081
[2026-06-01 11:56:48]   [geth] exited cleanly after 1s
[2026-06-01 11:56:48]   [cache] OS page cache dropped
Fatal: Could not create the account: account already exists
[2026-06-01 11:56:49]   [geth] Starting (pbt, gd=5, cold=1, dev.period=1, 1tx/block)
[2026-06-01 11:56:49]   [geth] Waiting for RPC...
[2026-06-01 11:56:51]   [geth] RPC ready after 3s
[2026-06-01 11:56:51]   [bench] Running execute remote...
[2026-06-01 11:56:57]   [bench] exit=0 passed=1 failed=0
0 missing_trie_node=0
0
[2026-06-01 11:56:57] 
[2026-06-01 11:56:57]   --- storage_mixed_k100_run12 (pbt) write-offset=11200000000 K=100 ---
[2026-06-01 11:56:57]   [geth] Stopping (SIGTERM, waiting up to 120s for clean exit): 1121157
[2026-06-01 11:56:58]   [geth] exited cleanly after 1s
[2026-06-01 11:56:58]   [cache] OS page cache dropped
Fatal: Could not create the account: account already exists
[2026-06-01 11:56:58]   [geth] Starting (pbt, gd=5, cold=1, dev.period=1, 1tx/block)
[2026-06-01 11:56:58]   [geth] Waiting for RPC...
[2026-06-01 11:57:00]   [geth] RPC ready after 3s
[2026-06-01 11:57:00]   [bench] Running execute remote...
[2026-06-01 11:57:08]   [bench] exit=0 passed=1 failed=0
0 missing_trie_node=0
0
[2026-06-01 11:57:08] 
[2026-06-01 11:57:08]   --- storage_mixed_k100_run13 (pbt) write-offset=11300000000 K=100 ---
[2026-06-01 11:57:08]   [geth] Stopping (SIGTERM, waiting up to 120s for clean exit): 1121232
[2026-06-01 11:57:09]   [geth] exited cleanly after 1s
[2026-06-01 11:57:09]   [cache] OS page cache dropped
Fatal: Could not create the account: account already exists
[2026-06-01 11:57:09]   [geth] Starting (pbt, gd=5, cold=1, dev.period=1, 1tx/block)
[2026-06-01 11:57:09]   [geth] Waiting for RPC...
[2026-06-01 11:57:11]   [geth] RPC ready after 3s
[2026-06-01 11:57:11]   [bench] Running execute remote...
[2026-06-01 11:57:17]   [bench] exit=0 passed=1 failed=0
0 missing_trie_node=0
0
[2026-06-01 11:57:17] 
[2026-06-01 11:57:17]   --- storage_mixed_k100_run14 (pbt) write-offset=11400000000 K=100 ---
[2026-06-01 11:57:17]   [geth] Stopping (SIGTERM, waiting up to 120s for clean exit): 1121309
[2026-06-01 11:57:18]   [geth] exited cleanly after 1s
[2026-06-01 11:57:18]   [cache] OS page cache dropped
Fatal: Could not create the account: account already exists
[2026-06-01 11:57:19]   [geth] Starting (pbt, gd=5, cold=1, dev.period=1, 1tx/block)
[2026-06-01 11:57:19]   [geth] Waiting for RPC...
[2026-06-01 11:57:21]   [geth] RPC ready after 3s
[2026-06-01 11:57:21]   [bench] Running execute remote...
[2026-06-01 11:57:28]   [bench] exit=0 passed=1 failed=0
0 missing_trie_node=0
0
[2026-06-01 11:57:28] 
[2026-06-01 11:57:28]   --- storage_mixed_k100_run15 (pbt) write-offset=11500000000 K=100 ---
[2026-06-01 11:57:28]   [geth] Stopping (SIGTERM, waiting up to 120s for clean exit): 1121384
[2026-06-01 11:57:29]   [geth] exited cleanly after 1s
[2026-06-01 11:57:29]   [cache] OS page cache dropped
Fatal: Could not create the account: account already exists
[2026-06-01 11:57:29]   [geth] Starting (pbt, gd=5, cold=1, dev.period=1, 1tx/block)
[2026-06-01 11:57:29]   [geth] Waiting for RPC...
[2026-06-01 11:57:31]   [geth] RPC ready after 3s
[2026-06-01 11:57:31]   [bench] Running execute remote...
[2026-06-01 11:57:39]   [bench] exit=0 passed=1 failed=0
0 missing_trie_node=0
0
[2026-06-01 11:57:39] 
[2026-06-01 11:57:39]   --- storage_mixed_k100_run16 (pbt) write-offset=11600000000 K=100 ---
[2026-06-01 11:57:39]   [geth] Stopping (SIGTERM, waiting up to 120s for clean exit): 1121458
[2026-06-01 11:57:40]   [geth] exited cleanly after 1s
[2026-06-01 11:57:40]   [cache] OS page cache dropped
Fatal: Could not create the account: account already exists
[2026-06-01 11:57:40]   [geth] Starting (pbt, gd=5, cold=1, dev.period=1, 1tx/block)
[2026-06-01 11:57:40]   [geth] Waiting for RPC...
[2026-06-01 11:57:42]   [geth] RPC ready after 3s
[2026-06-01 11:57:42]   [bench] Running execute remote...
[2026-06-01 11:57:48]   [bench] exit=0 passed=1 failed=0
0 missing_trie_node=0
0
[2026-06-01 11:57:48] 
[2026-06-01 11:57:48]   --- storage_mixed_k100_run17 (pbt) write-offset=11700000000 K=100 ---
[2026-06-01 11:57:48]   [geth] Stopping (SIGTERM, waiting up to 120s for clean exit): 1121532
[2026-06-01 11:57:49]   [geth] exited cleanly after 1s
[2026-06-01 11:57:49]   [cache] OS page cache dropped
Fatal: Could not create the account: account already exists
[2026-06-01 11:57:49]   [geth] Starting (pbt, gd=5, cold=1, dev.period=1, 1tx/block)
[2026-06-01 11:57:49]   [geth] Waiting for RPC...
[2026-06-01 11:57:51]   [geth] RPC ready after 3s
[2026-06-01 11:57:51]   [bench] Running execute remote...
[2026-06-01 11:57:59]   [bench] exit=0 passed=1 failed=0
0 missing_trie_node=0
0
[2026-06-01 11:57:59] 
[2026-06-01 11:57:59]   --- storage_mixed_k100_run18 (pbt) write-offset=11800000000 K=100 ---
[2026-06-01 11:57:59]   [geth] Stopping (SIGTERM, waiting up to 120s for clean exit): 1121608
[2026-06-01 11:58:00]   [geth] exited cleanly after 1s
[2026-06-01 11:58:00]   [cache] OS page cache dropped
Fatal: Could not create the account: account already exists
[2026-06-01 11:58:00]   [geth] Starting (pbt, gd=5, cold=1, dev.period=1, 1tx/block)
[2026-06-01 11:58:00]   [geth] Waiting for RPC...
[2026-06-01 11:58:02]   [geth] RPC ready after 3s
[2026-06-01 11:58:02]   [bench] Running execute remote...
[2026-06-01 11:58:08]   [bench] exit=0 passed=1 failed=0
0 missing_trie_node=0
0
[2026-06-01 11:58:08] 
[2026-06-01 11:58:08]   --- storage_mixed_k100_run19 (pbt) write-offset=11900000000 K=100 ---
[2026-06-01 11:58:08]   [geth] Stopping (SIGTERM, waiting up to 120s for clean exit): 1121687
[2026-06-01 11:58:09]   [geth] exited cleanly after 1s
[2026-06-01 11:58:10]   [cache] OS page cache dropped
Fatal: Could not create the account: account already exists
[2026-06-01 11:58:10]   [geth] Starting (pbt, gd=5, cold=1, dev.period=1, 1tx/block)
[2026-06-01 11:58:10]   [geth] Waiting for RPC...
[2026-06-01 11:58:12]   [geth] RPC ready after 3s
[2026-06-01 11:58:12]   [bench] Running execute remote...
[2026-06-01 11:58:19]   [bench] exit=0 passed=1 failed=0
0 missing_trie_node=0
0
[2026-06-01 11:58:19] 
[2026-06-01 11:58:19]   --- storage_mixed_k100_run20 (pbt) write-offset=12000000000 K=100 ---
[2026-06-01 11:58:19]   [geth] Stopping (SIGTERM, waiting up to 120s for clean exit): 1121764
[2026-06-01 11:58:20]   [geth] exited cleanly after 1s
[2026-06-01 11:58:20]   [cache] OS page cache dropped
Fatal: Could not create the account: account already exists
[2026-06-01 11:58:20]   [geth] Starting (pbt, gd=5, cold=1, dev.period=1, 1tx/block)
[2026-06-01 11:58:20]   [geth] Waiting for RPC...
[2026-06-01 11:58:22]   [geth] RPC ready after 3s
[2026-06-01 11:58:22]   [bench] Running execute remote...
[2026-06-01 11:58:30]   [bench] exit=0 passed=1 failed=0
0 missing_trie_node=0
0
[2026-06-01 11:58:30] 
[2026-06-01 11:58:30]   ── BENCHMARK: storage_mixed_k256 (pool=256 contracts; effective K=256)
[2026-06-01 11:58:30] 
[2026-06-01 11:58:30]   --- storage_mixed_k256_run1 (pbt) write-offset=10100000000 K=256 ---
[2026-06-01 11:58:30]   [geth] Stopping (SIGTERM, waiting up to 120s for clean exit): 1121839
[2026-06-01 11:58:31]   [geth] exited cleanly after 1s
[2026-06-01 11:58:31]   [cache] OS page cache dropped
Fatal: Could not create the account: account already exists
[2026-06-01 11:58:31]   [geth] Starting (pbt, gd=5, cold=1, dev.period=1, 1tx/block)
[2026-06-01 11:58:31]   [geth] Waiting for RPC...
[2026-06-01 11:58:33]   [geth] RPC ready after 3s
[2026-06-01 11:58:33]   [bench] Running execute remote...
[2026-06-01 11:58:40]   [bench] exit=0 passed=1 failed=0
0 missing_trie_node=0
0
[2026-06-01 11:58:40] 
[2026-06-01 11:58:40]   --- storage_mixed_k256_run2 (pbt) write-offset=10200000000 K=256 ---
[2026-06-01 11:58:40]   [geth] Stopping (SIGTERM, waiting up to 120s for clean exit): 1121936
[2026-06-01 11:58:41]   [geth] exited cleanly after 1s
[2026-06-01 11:58:41]   [cache] OS page cache dropped
Fatal: Could not create the account: account already exists
[2026-06-01 11:58:42]   [geth] Starting (pbt, gd=5, cold=1, dev.period=1, 1tx/block)
[2026-06-01 11:58:42]   [geth] Waiting for RPC...
[2026-06-01 11:58:44]   [geth] RPC ready after 3s
[2026-06-01 11:58:44]   [bench] Running execute remote...
[2026-06-01 11:58:51]   [bench] exit=0 passed=1 failed=0
0 missing_trie_node=0
0
[2026-06-01 11:58:51] 
[2026-06-01 11:58:51]   --- storage_mixed_k256_run3 (pbt) write-offset=10300000000 K=256 ---
[2026-06-01 11:58:51]   [geth] Stopping (SIGTERM, waiting up to 120s for clean exit): 1122011
[2026-06-01 11:58:52]   [geth] exited cleanly after 1s
[2026-06-01 11:58:52]   [cache] OS page cache dropped
Fatal: Could not create the account: account already exists
[2026-06-01 11:58:52]   [geth] Starting (pbt, gd=5, cold=1, dev.period=1, 1tx/block)
[2026-06-01 11:58:52]   [geth] Waiting for RPC...
[2026-06-01 11:58:54]   [geth] RPC ready after 3s
[2026-06-01 11:58:54]   [bench] Running execute remote...
[2026-06-01 11:59:01]   [bench] exit=0 passed=1 failed=0
0 missing_trie_node=0
0
[2026-06-01 11:59:01] 
[2026-06-01 11:59:01]   --- storage_mixed_k256_run4 (pbt) write-offset=10400000000 K=256 ---
[2026-06-01 11:59:01]   [geth] Stopping (SIGTERM, waiting up to 120s for clean exit): 1122087
[2026-06-01 11:59:02]   [geth] exited cleanly after 1s
[2026-06-01 11:59:02]   [cache] OS page cache dropped
Fatal: Could not create the account: account already exists
[2026-06-01 11:59:02]   [geth] Starting (pbt, gd=5, cold=1, dev.period=1, 1tx/block)
[2026-06-01 11:59:02]   [geth] Waiting for RPC...
[2026-06-01 11:59:04]   [geth] RPC ready after 3s
[2026-06-01 11:59:04]   [bench] Running execute remote...
[2026-06-01 11:59:10]   [bench] exit=0 passed=1 failed=0
0 missing_trie_node=0
0
[2026-06-01 11:59:10] 
[2026-06-01 11:59:10]   --- storage_mixed_k256_run5 (pbt) write-offset=10500000000 K=256 ---
[2026-06-01 11:59:10]   [geth] Stopping (SIGTERM, waiting up to 120s for clean exit): 1122160
[2026-06-01 11:59:11]   [geth] exited cleanly after 1s
[2026-06-01 11:59:11]   [cache] OS page cache dropped
Fatal: Could not create the account: account already exists
[2026-06-01 11:59:11]   [geth] Starting (pbt, gd=5, cold=1, dev.period=1, 1tx/block)
[2026-06-01 11:59:11]   [geth] Waiting for RPC...
[2026-06-01 11:59:13]   [geth] RPC ready after 3s
[2026-06-01 11:59:13]   [bench] Running execute remote...
[2026-06-01 11:59:20]   [bench] exit=0 passed=1 failed=0
0 missing_trie_node=0
0
[2026-06-01 11:59:20] 
[2026-06-01 11:59:20]   --- storage_mixed_k256_run6 (pbt) write-offset=10600000000 K=256 ---
[2026-06-01 11:59:20]   [geth] Stopping (SIGTERM, waiting up to 120s for clean exit): 1122242
[2026-06-01 11:59:21]   [geth] exited cleanly after 1s
[2026-06-01 11:59:21]   [cache] OS page cache dropped
Fatal: Could not create the account: account already exists
[2026-06-01 11:59:21]   [geth] Starting (pbt, gd=5, cold=1, dev.period=1, 1tx/block)
[2026-06-01 11:59:21]   [geth] Waiting for RPC...
[2026-06-01 11:59:23]   [geth] RPC ready after 3s
[2026-06-01 11:59:23]   [bench] Running execute remote...
[2026-06-01 11:59:30]   [bench] exit=0 passed=1 failed=0
0 missing_trie_node=0
0
[2026-06-01 11:59:30] 
[2026-06-01 11:59:30]   --- storage_mixed_k256_run7 (pbt) write-offset=10700000000 K=256 ---
[2026-06-01 11:59:30]   [geth] Stopping (SIGTERM, waiting up to 120s for clean exit): 1122317
[2026-06-01 11:59:31]   [geth] exited cleanly after 1s
[2026-06-01 11:59:32]   [cache] OS page cache dropped
Fatal: Could not create the account: account already exists
[2026-06-01 11:59:32]   [geth] Starting (pbt, gd=5, cold=1, dev.period=1, 1tx/block)
[2026-06-01 11:59:32]   [geth] Waiting for RPC...
[2026-06-01 11:59:34]   [geth] RPC ready after 3s
[2026-06-01 11:59:34]   [bench] Running execute remote...
[2026-06-01 11:59:40]   [bench] exit=0 passed=1 failed=0
0 missing_trie_node=0
0
[2026-06-01 11:59:40] 
[2026-06-01 11:59:40]   --- storage_mixed_k256_run8 (pbt) write-offset=10800000000 K=256 ---
[2026-06-01 11:59:40]   [geth] Stopping (SIGTERM, waiting up to 120s for clean exit): 1122396
[2026-06-01 11:59:41]   [geth] exited cleanly after 1s
[2026-06-01 11:59:41]   [cache] OS page cache dropped
Fatal: Could not create the account: account already exists
[2026-06-01 11:59:41]   [geth] Starting (pbt, gd=5, cold=1, dev.period=1, 1tx/block)
[2026-06-01 11:59:41]   [geth] Waiting for RPC...
[2026-06-01 11:59:43]   [geth] RPC ready after 3s
[2026-06-01 11:59:43]   [bench] Running execute remote...
[2026-06-01 11:59:50]   [bench] exit=0 passed=1 failed=0
0 missing_trie_node=0
0
[2026-06-01 11:59:50] 
[2026-06-01 11:59:50]   --- storage_mixed_k256_run9 (pbt) write-offset=10900000000 K=256 ---
[2026-06-01 11:59:50]   [geth] Stopping (SIGTERM, waiting up to 120s for clean exit): 1122480
[2026-06-01 11:59:51]   [geth] exited cleanly after 1s
[2026-06-01 11:59:51]   [cache] OS page cache dropped
Fatal: Could not create the account: account already exists
[2026-06-01 11:59:51]   [geth] Starting (pbt, gd=5, cold=1, dev.period=1, 1tx/block)
[2026-06-01 11:59:51]   [geth] Waiting for RPC...
[2026-06-01 11:59:53]   [geth] RPC ready after 3s
[2026-06-01 11:59:53]   [bench] Running execute remote...
[2026-06-01 11:59:59]   [bench] exit=0 passed=1 failed=0
0 missing_trie_node=0
0
[2026-06-01 11:59:59] 
[2026-06-01 11:59:59]   --- storage_mixed_k256_run10 (pbt) write-offset=11000000000 K=256 ---
[2026-06-01 11:59:59]   [geth] Stopping (SIGTERM, waiting up to 120s for clean exit): 1122555
[2026-06-01 12:00:00]   [geth] exited cleanly after 1s
[2026-06-01 12:00:00]   [cache] OS page cache dropped
Fatal: Could not create the account: account already exists
[2026-06-01 12:00:00]   [geth] Starting (pbt, gd=5, cold=1, dev.period=1, 1tx/block)
[2026-06-01 12:00:00]   [geth] Waiting for RPC...
[2026-06-01 12:00:03]   [geth] RPC ready after 3s
[2026-06-01 12:00:03]   [bench] Running execute remote...
[2026-06-01 12:00:09]   [bench] exit=0 passed=1 failed=0
0 missing_trie_node=0
0
[2026-06-01 12:00:09] 
[2026-06-01 12:00:09]   --- storage_mixed_k256_run11 (pbt) write-offset=11100000000 K=256 ---
[2026-06-01 12:00:09]   [geth] Stopping (SIGTERM, waiting up to 120s for clean exit): 1122630
[2026-06-01 12:00:10]   [geth] exited cleanly after 1s
[2026-06-01 12:00:10]   [cache] OS page cache dropped
Fatal: Could not create the account: account already exists
[2026-06-01 12:00:10]   [geth] Starting (pbt, gd=5, cold=1, dev.period=1, 1tx/block)
[2026-06-01 12:00:10]   [geth] Waiting for RPC...
[2026-06-01 12:00:12]   [geth] RPC ready after 3s
[2026-06-01 12:00:12]   [bench] Running execute remote...
[2026-06-01 12:00:20]   [bench] exit=0 passed=1 failed=0
0 missing_trie_node=0
0
[2026-06-01 12:00:20] 
[2026-06-01 12:00:20]   --- storage_mixed_k256_run12 (pbt) write-offset=11200000000 K=256 ---
[2026-06-01 12:00:20]   [geth] Stopping (SIGTERM, waiting up to 120s for clean exit): 1122705
[2026-06-01 12:00:21]   [geth] exited cleanly after 1s
[2026-06-01 12:00:21]   [cache] OS page cache dropped
Fatal: Could not create the account: account already exists
[2026-06-01 12:00:21]   [geth] Starting (pbt, gd=5, cold=1, dev.period=1, 1tx/block)
[2026-06-01 12:00:21]   [geth] Waiting for RPC...
[2026-06-01 12:00:23]   [geth] RPC ready after 3s
[2026-06-01 12:00:23]   [bench] Running execute remote...
[2026-06-01 12:00:30]   [bench] exit=0 passed=1 failed=0
0 missing_trie_node=0
0
[2026-06-01 12:00:30] 
[2026-06-01 12:00:30]   --- storage_mixed_k256_run13 (pbt) write-offset=11300000000 K=256 ---
[2026-06-01 12:00:30]   [geth] Stopping (SIGTERM, waiting up to 120s for clean exit): 1122780
[2026-06-01 12:00:31]   [geth] exited cleanly after 1s
[2026-06-01 12:00:31]   [cache] OS page cache dropped
Fatal: Could not create the account: account already exists
[2026-06-01 12:00:31]   [geth] Starting (pbt, gd=5, cold=1, dev.period=1, 1tx/block)
[2026-06-01 12:00:31]   [geth] Waiting for RPC...
[2026-06-01 12:00:34]   [geth] RPC ready after 3s
[2026-06-01 12:00:34]   [bench] Running execute remote...
[2026-06-01 12:00:41]   [bench] exit=0 passed=1 failed=0
0 missing_trie_node=0
0
[2026-06-01 12:00:41] 
[2026-06-01 12:00:41]   --- storage_mixed_k256_run14 (pbt) write-offset=11400000000 K=256 ---
[2026-06-01 12:00:41]   [geth] Stopping (SIGTERM, waiting up to 120s for clean exit): 1122855
[2026-06-01 12:00:42]   [geth] exited cleanly after 1s
[2026-06-01 12:00:42]   [cache] OS page cache dropped
Fatal: Could not create the account: account already exists
[2026-06-01 12:00:42]   [geth] Starting (pbt, gd=5, cold=1, dev.period=1, 1tx/block)
[2026-06-01 12:00:42]   [geth] Waiting for RPC...
[2026-06-01 12:00:44]   [geth] RPC ready after 3s
[2026-06-01 12:00:44]   [bench] Running execute remote...
[2026-06-01 12:00:51]   [bench] exit=0 passed=1 failed=0
0 missing_trie_node=0
0
[2026-06-01 12:00:51] 
[2026-06-01 12:00:51]   --- storage_mixed_k256_run15 (pbt) write-offset=11500000000 K=256 ---
[2026-06-01 12:00:51]   [geth] Stopping (SIGTERM, waiting up to 120s for clean exit): 1122929
[2026-06-01 12:00:52]   [geth] exited cleanly after 1s
[2026-06-01 12:00:52]   [cache] OS page cache dropped
Fatal: Could not create the account: account already exists
[2026-06-01 12:00:52]   [geth] Starting (pbt, gd=5, cold=1, dev.period=1, 1tx/block)
[2026-06-01 12:00:52]   [geth] Waiting for RPC...
[2026-06-01 12:00:54]   [geth] RPC ready after 3s
[2026-06-01 12:00:54]   [bench] Running execute remote...
[2026-06-01 12:01:01]   [bench] exit=0 passed=1 failed=0
0 missing_trie_node=0
0
[2026-06-01 12:01:01] 
[2026-06-01 12:01:01]   --- storage_mixed_k256_run16 (pbt) write-offset=11600000000 K=256 ---
[2026-06-01 12:01:01]   [geth] Stopping (SIGTERM, waiting up to 120s for clean exit): 1123005
[2026-06-01 12:01:02]   [geth] exited cleanly after 1s
[2026-06-01 12:01:02]   [cache] OS page cache dropped
Fatal: Could not create the account: account already exists
[2026-06-01 12:01:02]   [geth] Starting (pbt, gd=5, cold=1, dev.period=1, 1tx/block)
[2026-06-01 12:01:02]   [geth] Waiting for RPC...
[2026-06-01 12:01:04]   [geth] RPC ready after 3s
[2026-06-01 12:01:04]   [bench] Running execute remote...
[2026-06-01 12:01:11]   [bench] exit=0 passed=1 failed=0
0 missing_trie_node=0
0
[2026-06-01 12:01:11] 
[2026-06-01 12:01:11]   --- storage_mixed_k256_run17 (pbt) write-offset=11700000000 K=256 ---
[2026-06-01 12:01:11]   [geth] Stopping (SIGTERM, waiting up to 120s for clean exit): 1123083
[2026-06-01 12:01:12]   [geth] exited cleanly after 1s
[2026-06-01 12:01:12]   [cache] OS page cache dropped
Fatal: Could not create the account: account already exists
[2026-06-01 12:01:12]   [geth] Starting (pbt, gd=5, cold=1, dev.period=1, 1tx/block)
[2026-06-01 12:01:12]   [geth] Waiting for RPC...
[2026-06-01 12:01:14]   [geth] RPC ready after 3s
[2026-06-01 12:01:14]   [bench] Running execute remote...
[2026-06-01 12:01:20]   [bench] exit=0 passed=1 failed=0
0 missing_trie_node=0
0
[2026-06-01 12:01:20] 
[2026-06-01 12:01:20]   --- storage_mixed_k256_run18 (pbt) write-offset=11800000000 K=256 ---
[2026-06-01 12:01:20]   [geth] Stopping (SIGTERM, waiting up to 120s for clean exit): 1123164
[2026-06-01 12:01:21]   [geth] exited cleanly after 1s
[2026-06-01 12:01:22]   [cache] OS page cache dropped
Fatal: Could not create the account: account already exists
[2026-06-01 12:01:22]   [geth] Starting (pbt, gd=5, cold=1, dev.period=1, 1tx/block)
[2026-06-01 12:01:22]   [geth] Waiting for RPC...
[2026-06-01 12:01:24]   [geth] RPC ready after 3s
[2026-06-01 12:01:24]   [bench] Running execute remote...
[2026-06-01 12:01:31]   [bench] exit=0 passed=1 failed=0
0 missing_trie_node=0
0
[2026-06-01 12:01:31] 
[2026-06-01 12:01:31]   --- storage_mixed_k256_run19 (pbt) write-offset=11900000000 K=256 ---
[2026-06-01 12:01:31]   [geth] Stopping (SIGTERM, waiting up to 120s for clean exit): 1123272
[2026-06-01 12:01:32]   [geth] exited cleanly after 1s
[2026-06-01 12:01:32]   [cache] OS page cache dropped
Fatal: Could not create the account: account already exists
[2026-06-01 12:01:32]   [geth] Starting (pbt, gd=5, cold=1, dev.period=1, 1tx/block)
[2026-06-01 12:01:32]   [geth] Waiting for RPC...
[2026-06-01 12:01:34]   [geth] RPC ready after 3s
[2026-06-01 12:01:34]   [bench] Running execute remote...
[2026-06-01 12:01:41]   [bench] exit=0 passed=1 failed=0
0 missing_trie_node=0
0
[2026-06-01 12:01:41] 
[2026-06-01 12:01:41]   --- storage_mixed_k256_run20 (pbt) write-offset=12000000000 K=256 ---
[2026-06-01 12:01:41]   [geth] Stopping (SIGTERM, waiting up to 120s for clean exit): 1123345
[2026-06-01 12:01:42]   [geth] exited cleanly after 1s
[2026-06-01 12:01:42]   [cache] OS page cache dropped
Fatal: Could not create the account: account already exists
[2026-06-01 12:01:42]   [geth] Starting (pbt, gd=5, cold=1, dev.period=1, 1tx/block)
[2026-06-01 12:01:42]   [geth] Waiting for RPC...
[2026-06-01 12:01:44]   [geth] RPC ready after 3s
[2026-06-01 12:01:44]   [bench] Running execute remote...
[2026-06-01 12:01:51]   [bench] exit=0 passed=1 failed=0
0 missing_trie_node=0
0
[2026-06-01 12:01:51]   [geth] Stopping (SIGTERM, waiting up to 120s for clean exit): 1123418
[2026-06-01 12:01:52]   [geth] exited cleanly after 1s
[2026-06-01 12:01:52] 
[2026-06-01 12:01:52] ╔══════════════════════════════════════════════════════════════════╗
[2026-06-01 12:01:52] ║  All benchmark runs complete
[2026-06-01 12:01:52] ╚══════════════════════════════════════════════════════════════════╝
[2026-06-01 12:01:52] 
[2026-06-01 12:01:52] ── Stage 3: extract_csv.py per config ──
[2026-06-01 12:01:52]   extracting ubt from /mnt/state_expiry_vol_data/bintrie-benchmarks/ubt-vs-pbt/data/ubt
Extracting CSVs for config: ubt
  Results dir: /mnt/state_expiry_vol_data/bintrie-benchmarks/ubt-vs-pbt/data/ubt
  Output dir: /mnt/state_expiry_vol_data/bintrie-benchmarks/ubt-vs-pbt/data/ubt/csv
  Discovered 12 benchmarks: ['storage_mixed_k1', 'storage_mixed_k10', 'storage_mixed_k100', 'storage_mixed_k256', 'storage_sload_k1', 'storage_sload_k10', 'storage_sload_k100', 'storage_sload_k256', 'storage_sstore_k1', 'storage_sstore_k10', 'storage_sstore_k100', 'storage_sstore_k256']

--- storage_mixed_k1 ---
  run 10: 7 total blocks, 1 benchmark blocks
  run 11: 5 total blocks, 1 benchmark blocks
  run 12: 6 total blocks, 1 benchmark blocks
  run 13: 5 total blocks, 1 benchmark blocks
  run 14: 5 total blocks, 1 benchmark blocks
  run 15: 5 total blocks, 1 benchmark blocks
  run 16: 5 total blocks, 1 benchmark blocks
  run 17: 6 total blocks, 1 benchmark blocks
  run 18: 6 total blocks, 1 benchmark blocks
  run 19: 5 total blocks, 1 benchmark blocks
  run 1: 5 total blocks, 1 benchmark blocks
  run 20: 7 total blocks, 1 benchmark blocks
  run 2: 6 total blocks, 1 benchmark blocks
  run 3: 5 total blocks, 1 benchmark blocks
  run 4: 5 total blocks, 1 benchmark blocks
  run 5: 5 total blocks, 1 benchmark blocks
  run 6: 7 total blocks, 1 benchmark blocks
  run 7: 5 total blocks, 1 benchmark blocks
  run 8: 5 total blocks, 1 benchmark blocks
  run 9: 5 total blocks, 1 benchmark blocks
  -> Written 110 rows to ubt_storage_mixed_k1.csv

--- storage_mixed_k10 ---
  run 10: 5 total blocks, 1 benchmark blocks
  run 11: 5 total blocks, 1 benchmark blocks
  run 12: 5 total blocks, 1 benchmark blocks
  run 13: 6 total blocks, 1 benchmark blocks
  run 14: 7 total blocks, 1 benchmark blocks
  run 15: 7 total blocks, 1 benchmark blocks
  run 16: 5 total blocks, 1 benchmark blocks
  run 17: 5 total blocks, 1 benchmark blocks
  run 18: 7 total blocks, 1 benchmark blocks
  run 19: 7 total blocks, 1 benchmark blocks
  run 1: 5 total blocks, 1 benchmark blocks
  run 20: 6 total blocks, 1 benchmark blocks
  run 2: 5 total blocks, 1 benchmark blocks
  run 3: 6 total blocks, 1 benchmark blocks
  run 4: 7 total blocks, 1 benchmark blocks
  run 5: 7 total blocks, 1 benchmark blocks
  run 6: 6 total blocks, 1 benchmark blocks
  run 7: 7 total blocks, 1 benchmark blocks
  run 8: 5 total blocks, 1 benchmark blocks
  run 9: 5 total blocks, 1 benchmark blocks
  -> Written 118 rows to ubt_storage_mixed_k10.csv

--- storage_mixed_k100 ---
  run 10: 5 total blocks, 1 benchmark blocks
  run 11: 7 total blocks, 1 benchmark blocks
  run 12: 7 total blocks, 1 benchmark blocks
  run 13: 5 total blocks, 1 benchmark blocks
  run 14: 5 total blocks, 1 benchmark blocks
  run 15: 7 total blocks, 1 benchmark blocks
  run 16: 7 total blocks, 1 benchmark blocks
  run 17: 7 total blocks, 1 benchmark blocks
  run 18: 7 total blocks, 1 benchmark blocks
  run 19: 7 total blocks, 1 benchmark blocks
  run 1: 7 total blocks, 1 benchmark blocks
  run 20: 7 total blocks, 1 benchmark blocks
  run 2: 7 total blocks, 1 benchmark blocks
  run 3: 7 total blocks, 1 benchmark blocks
  run 4: 7 total blocks, 1 benchmark blocks
  run 5: 5 total blocks, 1 benchmark blocks
  run 6: 7 total blocks, 1 benchmark blocks
  run 7: 7 total blocks, 1 benchmark blocks
  run 8: 7 total blocks, 1 benchmark blocks
  run 9: 7 total blocks, 1 benchmark blocks
  -> Written 132 rows to ubt_storage_mixed_k100.csv

--- storage_mixed_k256 ---
  run 10: 6 total blocks, 1 benchmark blocks
  run 11: 6 total blocks, 1 benchmark blocks
  run 12: 7 total blocks, 1 benchmark blocks
  run 13: 7 total blocks, 1 benchmark blocks
  run 14: 6 total blocks, 1 benchmark blocks
  run 15: 6 total blocks, 1 benchmark blocks
  run 16: 7 total blocks, 1 benchmark blocks
  run 17: 6 total blocks, 1 benchmark blocks
  run 18: 5 total blocks, 1 benchmark blocks
  run 19: 6 total blocks, 1 benchmark blocks
  run 1: 6 total blocks, 1 benchmark blocks
  run 20: 7 total blocks, 1 benchmark blocks
  run 2: 5 total blocks, 1 benchmark blocks
  run 3: 5 total blocks, 1 benchmark blocks
  run 4: 5 total blocks, 1 benchmark blocks
  run 5: 7 total blocks, 1 benchmark blocks
  run 6: 6 total blocks, 1 benchmark blocks
  run 7: 6 total blocks, 1 benchmark blocks
  run 8: 7 total blocks, 1 benchmark blocks
  run 9: 5 total blocks, 1 benchmark blocks
  -> Written 121 rows to ubt_storage_mixed_k256.csv

--- storage_sload_k1 ---
  run 10: 7 total blocks, 1 benchmark blocks
  run 11: 7 total blocks, 1 benchmark blocks
  run 12: 7 total blocks, 1 benchmark blocks
  run 13: 7 total blocks, 1 benchmark blocks
  run 14: 7 total blocks, 1 benchmark blocks
  run 15: 7 total blocks, 1 benchmark blocks
  run 16: 7 total blocks, 1 benchmark blocks
  run 17: 7 total blocks, 1 benchmark blocks
  run 18: 6 total blocks, 1 benchmark blocks
  run 19: 7 total blocks, 1 benchmark blocks
  run 1: 7 total blocks, 1 benchmark blocks
  run 20: 6 total blocks, 1 benchmark blocks
  run 2: 7 total blocks, 1 benchmark blocks
  run 3: 6 total blocks, 1 benchmark blocks
  run 4: 7 total blocks, 1 benchmark blocks
  run 5: 7 total blocks, 1 benchmark blocks
  run 6: 7 total blocks, 1 benchmark blocks
  run 7: 7 total blocks, 1 benchmark blocks
  run 8: 7 total blocks, 1 benchmark blocks
  run 9: 7 total blocks, 1 benchmark blocks
  -> Written 137 rows to ubt_storage_sload_k1.csv

--- storage_sload_k10 ---
  run 10: 7 total blocks, 1 benchmark blocks
  run 11: 7 total blocks, 1 benchmark blocks
  run 12: 7 total blocks, 1 benchmark blocks
  run 13: 7 total blocks, 1 benchmark blocks
  run 14: 7 total blocks, 1 benchmark blocks
  run 15: 7 total blocks, 1 benchmark blocks
  run 16: 7 total blocks, 1 benchmark blocks
  run 17: 6 total blocks, 1 benchmark blocks
  run 18: 7 total blocks, 1 benchmark blocks
  run 19: 5 total blocks, 1 benchmark blocks
  run 1: 7 total blocks, 1 benchmark blocks
  run 20: 7 total blocks, 1 benchmark blocks
  run 2: 6 total blocks, 1 benchmark blocks
  run 3: 7 total blocks, 1 benchmark blocks
  run 4: 7 total blocks, 1 benchmark blocks
  run 5: 7 total blocks, 1 benchmark blocks
  run 6: 7 total blocks, 1 benchmark blocks
  run 7: 7 total blocks, 1 benchmark blocks
  run 8: 7 total blocks, 1 benchmark blocks
  run 9: 7 total blocks, 1 benchmark blocks
  -> Written 136 rows to ubt_storage_sload_k10.csv

--- storage_sload_k100 ---
  run 10: 7 total blocks, 1 benchmark blocks
  run 11: 7 total blocks, 1 benchmark blocks
  run 12: 7 total blocks, 1 benchmark blocks
  run 13: 7 total blocks, 1 benchmark blocks
  run 14: 5 total blocks, 1 benchmark blocks
  run 15: 7 total blocks, 1 benchmark blocks
  run 16: 7 total blocks, 1 benchmark blocks
  run 17: 7 total blocks, 1 benchmark blocks
  run 18: 7 total blocks, 1 benchmark blocks
  run 19: 7 total blocks, 1 benchmark blocks
  run 1: 7 total blocks, 1 benchmark blocks
  run 20: 7 total blocks, 1 benchmark blocks
  run 2: 6 total blocks, 1 benchmark blocks
  run 3: 6 total blocks, 1 benchmark blocks
  run 4: 7 total blocks, 1 benchmark blocks
  run 5: 7 total blocks, 1 benchmark blocks
  run 6: 7 total blocks, 1 benchmark blocks
  run 7: 7 total blocks, 1 benchmark blocks
  run 8: 7 total blocks, 1 benchmark blocks
  run 9: 7 total blocks, 1 benchmark blocks
  -> Written 136 rows to ubt_storage_sload_k100.csv

--- storage_sload_k256 ---
  run 10: 7 total blocks, 1 benchmark blocks
  run 11: 7 total blocks, 1 benchmark blocks
  run 12: 7 total blocks, 1 benchmark blocks
  run 13: 7 total blocks, 1 benchmark blocks
  run 14: 7 total blocks, 1 benchmark blocks
  run 15: 7 total blocks, 1 benchmark blocks
  run 16: 7 total blocks, 1 benchmark blocks
  run 17: 7 total blocks, 1 benchmark blocks
  run 18: 7 total blocks, 1 benchmark blocks
  run 19: 7 total blocks, 1 benchmark blocks
  run 1: 7 total blocks, 1 benchmark blocks
  run 20: 7 total blocks, 1 benchmark blocks
  run 2: 7 total blocks, 1 benchmark blocks
  run 3: 7 total blocks, 1 benchmark blocks
  run 4: 7 total blocks, 1 benchmark blocks
  run 5: 7 total blocks, 1 benchmark blocks
  run 6: 7 total blocks, 1 benchmark blocks
  run 7: 7 total blocks, 1 benchmark blocks
  run 8: 7 total blocks, 1 benchmark blocks
  run 9: 7 total blocks, 1 benchmark blocks
  -> Written 140 rows to ubt_storage_sload_k256.csv

--- storage_sstore_k1 ---
  run 10: 7 total blocks, 1 benchmark blocks
  run 11: 7 total blocks, 1 benchmark blocks
  run 12: 8 total blocks, 1 benchmark blocks
  run 13: 6 total blocks, 1 benchmark blocks
  run 14: 7 total blocks, 1 benchmark blocks
  run 15: 7 total blocks, 1 benchmark blocks
  run 16: 6 total blocks, 1 benchmark blocks
  run 17: 7 total blocks, 1 benchmark blocks
  run 18: 6 total blocks, 1 benchmark blocks
  run 19: 6 total blocks, 1 benchmark blocks
  run 1: 7 total blocks, 1 benchmark blocks
  run 20: 7 total blocks, 1 benchmark blocks
  run 2: 7 total blocks, 1 benchmark blocks
  run 3: 6 total blocks, 1 benchmark blocks
  run 4: 6 total blocks, 1 benchmark blocks
  run 5: 6 total blocks, 1 benchmark blocks
  run 6: 6 total blocks, 1 benchmark blocks
  run 7: 6 total blocks, 1 benchmark blocks
  run 8: 8 total blocks, 1 benchmark blocks
  run 9: 7 total blocks, 1 benchmark blocks
  -> Written 133 rows to ubt_storage_sstore_k1.csv

--- storage_sstore_k10 ---
  run 10: 7 total blocks, 1 benchmark blocks
  run 11: 7 total blocks, 1 benchmark blocks
  run 12: 7 total blocks, 1 benchmark blocks
  run 13: 7 total blocks, 1 benchmark blocks
  run 14: 7 total blocks, 1 benchmark blocks
  run 15: 6 total blocks, 1 benchmark blocks
  run 16: 7 total blocks, 1 benchmark blocks
  run 17: 7 total blocks, 1 benchmark blocks
  run 18: 7 total blocks, 1 benchmark blocks
  run 19: 7 total blocks, 1 benchmark blocks
  run 1: 7 total blocks, 1 benchmark blocks
  run 20: 6 total blocks, 1 benchmark blocks
  run 2: 7 total blocks, 1 benchmark blocks
  run 3: 7 total blocks, 1 benchmark blocks
  run 4: 7 total blocks, 1 benchmark blocks
  run 5: 7 total blocks, 1 benchmark blocks
  run 6: 7 total blocks, 1 benchmark blocks
  run 7: 7 total blocks, 1 benchmark blocks
  run 8: 7 total blocks, 1 benchmark blocks
  run 9: 7 total blocks, 1 benchmark blocks
  -> Written 138 rows to ubt_storage_sstore_k10.csv

--- storage_sstore_k100 ---
  run 10: 6 total blocks, 1 benchmark blocks
  run 11: 5 total blocks, 1 benchmark blocks
  run 12: 6 total blocks, 1 benchmark blocks
  run 13: 6 total blocks, 1 benchmark blocks
  run 14: 5 total blocks, 1 benchmark blocks
  run 15: 6 total blocks, 1 benchmark blocks
  run 16: 5 total blocks, 1 benchmark blocks
  run 17: 6 total blocks, 1 benchmark blocks
  run 18: 6 total blocks, 1 benchmark blocks
  run 19: 6 total blocks, 1 benchmark blocks
  run 1: 6 total blocks, 1 benchmark blocks
  run 20: 5 total blocks, 1 benchmark blocks
  run 2: 6 total blocks, 1 benchmark blocks
  run 3: 6 total blocks, 1 benchmark blocks
  run 4: 6 total blocks, 1 benchmark blocks
  run 5: 6 total blocks, 1 benchmark blocks
  run 6: 6 total blocks, 1 benchmark blocks
  run 7: 7 total blocks, 1 benchmark blocks
  run 8: 6 total blocks, 1 benchmark blocks
  run 9: 6 total blocks, 1 benchmark blocks
  -> Written 117 rows to ubt_storage_sstore_k100.csv

--- storage_sstore_k256 ---
  run 10: 5 total blocks, 1 benchmark blocks
  run 11: 5 total blocks, 1 benchmark blocks
  run 12: 5 total blocks, 1 benchmark blocks
  run 13: 5 total blocks, 1 benchmark blocks
  run 14: 5 total blocks, 1 benchmark blocks
  run 15: 5 total blocks, 1 benchmark blocks
  run 16: 5 total blocks, 1 benchmark blocks
  run 17: 5 total blocks, 1 benchmark blocks
  run 18: 6 total blocks, 1 benchmark blocks
  run 19: 5 total blocks, 1 benchmark blocks
  run 1: 6 total blocks, 1 benchmark blocks
  run 20: 5 total blocks, 1 benchmark blocks
  run 2: 5 total blocks, 1 benchmark blocks
  run 3: 5 total blocks, 1 benchmark blocks
  run 4: 6 total blocks, 1 benchmark blocks
  run 5: 6 total blocks, 1 benchmark blocks
  run 6: 7 total blocks, 1 benchmark blocks
  run 7: 6 total blocks, 1 benchmark blocks
  run 8: 5 total blocks, 1 benchmark blocks
  run 9: 6 total blocks, 1 benchmark blocks
  -> Written 108 rows to ubt_storage_sstore_k256.csv

-> Cache validation: 240 rows to ubt_cache_validation.csv
-> All benchmarks: 1526 rows to ubt_all_benchmarks.csv

================================================================================
  CACHE VALIDATION SUMMARY
================================================================================

  storage_mixed_k1:
    Runs: 20
    Account cache: avg=41.9%
    Storage cache: avg=38.4%, min=7.8%, max=82.3%
    OK: Storage cache rates look reasonable for cold-start benchmarks

  storage_mixed_k10:
    Runs: 20
    Account cache: avg=36.2%
    Storage cache: avg=35.2%, min=6.4%, max=78.3%
    OK: Storage cache rates look reasonable for cold-start benchmarks

  storage_mixed_k100:
    Runs: 20
    Account cache: avg=37.2%
    Storage cache: avg=47.7%, min=11.2%, max=90.2%
    OK: Storage cache rates look reasonable for cold-start benchmarks

  storage_mixed_k256:
    Runs: 20
    Account cache: avg=22.0%
    Storage cache: avg=27.9%, min=12.5%, max=48.5%
    OK: Storage cache rates look reasonable for cold-start benchmarks

  storage_sload_k1:
    Runs: 20
    Account cache: avg=36.9%
    Storage cache: avg=26.9%, min=0.8%, max=64.3%
    OK: Storage cache rates look reasonable for cold-start benchmarks

  storage_sload_k10:
    Runs: 20
    Account cache: avg=36.2%
    Storage cache: avg=35.6%, min=0.0%, max=73.3%
    OK: Storage cache rates look reasonable for cold-start benchmarks

  storage_sload_k100:
    Runs: 20
    Account cache: avg=22.5%
    Storage cache: avg=25.4%, min=4.7%, max=48.1%
    OK: Storage cache rates look reasonable for cold-start benchmarks

  storage_sload_k256:
    Runs: 20
    Account cache: avg=27.8%
    Storage cache: avg=29.4%, min=8.5%, max=61.8%
    OK: Storage cache rates look reasonable for cold-start benchmarks

  storage_sstore_k1:
    Runs: 20
    Account cache: avg=39.4%
    Storage cache: avg=31.4%, min=11.6%, max=87.3%
    OK: Storage cache rates look reasonable for cold-start benchmarks

  storage_sstore_k10:
    Runs: 20
    Account cache: avg=33.8%
    Storage cache: avg=32.1%, min=3.9%, max=70.3%
    OK: Storage cache rates look reasonable for cold-start benchmarks

  storage_sstore_k100:
    Runs: 20
    Account cache: avg=58.4%
    Storage cache: avg=45.0%, min=22.4%, max=69.3%
    OK: Storage cache rates look reasonable for cold-start benchmarks

  storage_sstore_k256:
    Runs: 20
    Account cache: avg=53.2%
    Storage cache: avg=41.8%, min=3.8%, max=84.4%
    OK: Storage cache rates look reasonable for cold-start benchmarks
[2026-06-01 12:01:52]   extracting pbt from /mnt/state_expiry_vol_data/bintrie-benchmarks/ubt-vs-pbt/data/pbt
Extracting CSVs for config: pbt
  Results dir: /mnt/state_expiry_vol_data/bintrie-benchmarks/ubt-vs-pbt/data/pbt
  Output dir: /mnt/state_expiry_vol_data/bintrie-benchmarks/ubt-vs-pbt/data/pbt/csv
  Discovered 12 benchmarks: ['storage_mixed_k1', 'storage_mixed_k10', 'storage_mixed_k100', 'storage_mixed_k256', 'storage_sload_k1', 'storage_sload_k10', 'storage_sload_k100', 'storage_sload_k256', 'storage_sstore_k1', 'storage_sstore_k10', 'storage_sstore_k100', 'storage_sstore_k256']

--- storage_mixed_k1 ---
  run 10: 7 total blocks, 1 benchmark blocks
  run 11: 8 total blocks, 1 benchmark blocks
  run 12: 7 total blocks, 1 benchmark blocks
  run 13: 7 total blocks, 1 benchmark blocks
  run 14: 7 total blocks, 1 benchmark blocks
  run 15: 7 total blocks, 1 benchmark blocks
  run 16: 7 total blocks, 1 benchmark blocks
  run 17: 8 total blocks, 1 benchmark blocks
  run 18: 7 total blocks, 1 benchmark blocks
  run 19: 7 total blocks, 1 benchmark blocks
  run 1: 7 total blocks, 1 benchmark blocks
  run 20: 7 total blocks, 1 benchmark blocks
  run 2: 7 total blocks, 1 benchmark blocks
  run 3: 7 total blocks, 1 benchmark blocks
  run 4: 7 total blocks, 1 benchmark blocks
  run 5: 6 total blocks, 1 benchmark blocks
  run 6: 7 total blocks, 1 benchmark blocks
  run 7: 7 total blocks, 1 benchmark blocks
  run 8: 7 total blocks, 1 benchmark blocks
  run 9: 7 total blocks, 1 benchmark blocks
  -> Written 141 rows to pbt_storage_mixed_k1.csv

--- storage_mixed_k10 ---
  run 10: 6 total blocks, 1 benchmark blocks
  run 11: 7 total blocks, 1 benchmark blocks
  run 12: 6 total blocks, 1 benchmark blocks
  run 13: 6 total blocks, 1 benchmark blocks
  run 14: 7 total blocks, 1 benchmark blocks
  run 15: 7 total blocks, 1 benchmark blocks
  run 16: 6 total blocks, 1 benchmark blocks
  run 17: 7 total blocks, 1 benchmark blocks
  run 18: 7 total blocks, 1 benchmark blocks
  run 19: 6 total blocks, 1 benchmark blocks
  run 1: 6 total blocks, 1 benchmark blocks
  run 20: 6 total blocks, 1 benchmark blocks
  run 2: 7 total blocks, 1 benchmark blocks
  run 3: 7 total blocks, 1 benchmark blocks
  run 4: 7 total blocks, 1 benchmark blocks
  run 5: 6 total blocks, 1 benchmark blocks
  run 6: 7 total blocks, 1 benchmark blocks
  run 7: 8 total blocks, 1 benchmark blocks
  run 8: 7 total blocks, 1 benchmark blocks
  run 9: 7 total blocks, 1 benchmark blocks
  -> Written 133 rows to pbt_storage_mixed_k10.csv

--- storage_mixed_k100 ---
  run 10: 6 total blocks, 1 benchmark blocks
  run 11: 6 total blocks, 1 benchmark blocks
  run 12: 7 total blocks, 1 benchmark blocks
  run 13: 6 total blocks, 1 benchmark blocks
  run 14: 7 total blocks, 1 benchmark blocks
  run 15: 7 total blocks, 1 benchmark blocks
  run 16: 6 total blocks, 1 benchmark blocks
  run 17: 7 total blocks, 1 benchmark blocks
  run 18: 6 total blocks, 1 benchmark blocks
  run 19: 7 total blocks, 1 benchmark blocks
  run 1: 6 total blocks, 1 benchmark blocks
  run 20: 7 total blocks, 1 benchmark blocks
  run 2: 6 total blocks, 1 benchmark blocks
  run 3: 6 total blocks, 1 benchmark blocks
  run 4: 6 total blocks, 1 benchmark blocks
  run 5: 6 total blocks, 1 benchmark blocks
  run 6: 6 total blocks, 1 benchmark blocks
  run 7: 7 total blocks, 1 benchmark blocks
  run 8: 6 total blocks, 1 benchmark blocks
  run 9: 6 total blocks, 1 benchmark blocks
  -> Written 127 rows to pbt_storage_mixed_k100.csv

--- storage_mixed_k256 ---
  run 10: 6 total blocks, 1 benchmark blocks
  run 11: 7 total blocks, 1 benchmark blocks
  run 12: 7 total blocks, 1 benchmark blocks
  run 13: 7 total blocks, 1 benchmark blocks
  run 14: 6 total blocks, 1 benchmark blocks
  run 15: 7 total blocks, 1 benchmark blocks
  run 16: 6 total blocks, 1 benchmark blocks
  run 17: 6 total blocks, 1 benchmark blocks
  run 18: 7 total blocks, 1 benchmark blocks
  run 19: 6 total blocks, 1 benchmark blocks
  run 1: 7 total blocks, 1 benchmark blocks
  run 20: 7 total blocks, 1 benchmark blocks
  run 2: 7 total blocks, 1 benchmark blocks
  run 3: 6 total blocks, 1 benchmark blocks
  run 4: 6 total blocks, 1 benchmark blocks
  run 5: 6 total blocks, 1 benchmark blocks
  run 6: 7 total blocks, 1 benchmark blocks
  run 7: 6 total blocks, 1 benchmark blocks
  run 8: 6 total blocks, 1 benchmark blocks
  run 9: 6 total blocks, 1 benchmark blocks
  -> Written 129 rows to pbt_storage_mixed_k256.csv

--- storage_sload_k1 ---
  run 10: 7 total blocks, 1 benchmark blocks
  run 11: 7 total blocks, 1 benchmark blocks
  run 12: 7 total blocks, 1 benchmark blocks
  run 13: 6 total blocks, 1 benchmark blocks
  run 14: 7 total blocks, 1 benchmark blocks
  run 15: 7 total blocks, 1 benchmark blocks
  run 16: 7 total blocks, 1 benchmark blocks
  run 17: 7 total blocks, 1 benchmark blocks
  run 18: 7 total blocks, 1 benchmark blocks
  run 19: 7 total blocks, 1 benchmark blocks
  run 1: 7 total blocks, 1 benchmark blocks
  run 20: 6 total blocks, 1 benchmark blocks
  run 2: 7 total blocks, 1 benchmark blocks
  run 3: 7 total blocks, 1 benchmark blocks
  run 4: 7 total blocks, 1 benchmark blocks
  run 5: 8 total blocks, 1 benchmark blocks
  run 6: 7 total blocks, 1 benchmark blocks
  run 7: 7 total blocks, 1 benchmark blocks
  run 8: 6 total blocks, 1 benchmark blocks
  run 9: 7 total blocks, 1 benchmark blocks
  -> Written 138 rows to pbt_storage_sload_k1.csv

--- storage_sload_k10 ---
  run 10: 6 total blocks, 1 benchmark blocks
  run 11: 7 total blocks, 1 benchmark blocks
  run 12: 7 total blocks, 1 benchmark blocks
  run 13: 7 total blocks, 1 benchmark blocks
  run 14: 7 total blocks, 1 benchmark blocks
  run 15: 7 total blocks, 1 benchmark blocks
  run 16: 7 total blocks, 1 benchmark blocks
  run 17: 7 total blocks, 1 benchmark blocks
  run 18: 7 total blocks, 1 benchmark blocks
  run 19: 7 total blocks, 1 benchmark blocks
  run 1: 8 total blocks, 1 benchmark blocks
  run 20: 7 total blocks, 1 benchmark blocks
  run 2: 8 total blocks, 1 benchmark blocks
  run 3: 7 total blocks, 1 benchmark blocks
  run 4: 6 total blocks, 1 benchmark blocks
  run 5: 7 total blocks, 1 benchmark blocks
  run 6: 7 total blocks, 1 benchmark blocks
  run 7: 7 total blocks, 1 benchmark blocks
  run 8: 6 total blocks, 1 benchmark blocks
  run 9: 7 total blocks, 1 benchmark blocks
  -> Written 139 rows to pbt_storage_sload_k10.csv

--- storage_sload_k100 ---
  run 10: 7 total blocks, 1 benchmark blocks
  run 11: 7 total blocks, 1 benchmark blocks
  run 12: 7 total blocks, 1 benchmark blocks
  run 13: 7 total blocks, 1 benchmark blocks
  run 14: 7 total blocks, 1 benchmark blocks
  run 15: 6 total blocks, 1 benchmark blocks
  run 16: 7 total blocks, 1 benchmark blocks
  run 17: 7 total blocks, 1 benchmark blocks
  run 18: 7 total blocks, 1 benchmark blocks
  run 19: 7 total blocks, 1 benchmark blocks
  run 1: 7 total blocks, 1 benchmark blocks
  run 20: 7 total blocks, 1 benchmark blocks
  run 2: 6 total blocks, 1 benchmark blocks
  run 3: 7 total blocks, 1 benchmark blocks
  run 4: 7 total blocks, 1 benchmark blocks
  run 5: 7 total blocks, 1 benchmark blocks
  run 6: 7 total blocks, 1 benchmark blocks
  run 7: 7 total blocks, 1 benchmark blocks
  run 8: 7 total blocks, 1 benchmark blocks
  run 9: 6 total blocks, 1 benchmark blocks
  -> Written 137 rows to pbt_storage_sload_k100.csv

--- storage_sload_k256 ---
  run 10: 6 total blocks, 1 benchmark blocks
  run 11: 6 total blocks, 1 benchmark blocks
  run 12: 6 total blocks, 1 benchmark blocks
  run 13: 7 total blocks, 1 benchmark blocks
  run 14: 7 total blocks, 1 benchmark blocks
  run 15: 6 total blocks, 1 benchmark blocks
  run 16: 6 total blocks, 1 benchmark blocks
  run 17: 6 total blocks, 1 benchmark blocks
  run 18: 6 total blocks, 1 benchmark blocks
  run 19: 7 total blocks, 1 benchmark blocks
  run 1: 6 total blocks, 1 benchmark blocks
  run 20: 6 total blocks, 1 benchmark blocks
  run 2: 7 total blocks, 1 benchmark blocks
  run 3: 6 total blocks, 1 benchmark blocks
  run 4: 7 total blocks, 1 benchmark blocks
  run 5: 7 total blocks, 1 benchmark blocks
  run 6: 7 total blocks, 1 benchmark blocks
  run 7: 6 total blocks, 1 benchmark blocks
  run 8: 7 total blocks, 1 benchmark blocks
  run 9: 7 total blocks, 1 benchmark blocks
  -> Written 129 rows to pbt_storage_sload_k256.csv

--- storage_sstore_k1 ---
  run 10: 6 total blocks, 1 benchmark blocks
  run 11: 6 total blocks, 1 benchmark blocks
  run 12: 6 total blocks, 1 benchmark blocks
  run 13: 6 total blocks, 1 benchmark blocks
  run 14: 6 total blocks, 1 benchmark blocks
  run 15: 6 total blocks, 1 benchmark blocks
  run 16: 6 total blocks, 1 benchmark blocks
  run 17: 6 total blocks, 1 benchmark blocks
  run 18: 6 total blocks, 1 benchmark blocks
  run 19: 6 total blocks, 1 benchmark blocks
  run 1: 6 total blocks, 1 benchmark blocks
  run 20: 6 total blocks, 1 benchmark blocks
  run 2: 6 total blocks, 1 benchmark blocks
  run 3: 6 total blocks, 1 benchmark blocks
  run 4: 6 total blocks, 1 benchmark blocks
  run 5: 6 total blocks, 1 benchmark blocks
  run 6: 6 total blocks, 1 benchmark blocks
  run 7: 6 total blocks, 1 benchmark blocks
  run 8: 6 total blocks, 1 benchmark blocks
  run 9: 6 total blocks, 1 benchmark blocks
  -> Written 120 rows to pbt_storage_sstore_k1.csv

--- storage_sstore_k10 ---
  run 10: 6 total blocks, 1 benchmark blocks
  run 11: 6 total blocks, 1 benchmark blocks
  run 12: 6 total blocks, 1 benchmark blocks
  run 13: 6 total blocks, 1 benchmark blocks
  run 14: 6 total blocks, 1 benchmark blocks
  run 15: 6 total blocks, 1 benchmark blocks
  run 16: 6 total blocks, 1 benchmark blocks
  run 17: 6 total blocks, 1 benchmark blocks
  run 18: 6 total blocks, 1 benchmark blocks
  run 19: 6 total blocks, 1 benchmark blocks
  run 1: 6 total blocks, 1 benchmark blocks
  run 20: 6 total blocks, 1 benchmark blocks
  run 2: 6 total blocks, 1 benchmark blocks
  run 3: 6 total blocks, 1 benchmark blocks
  run 4: 6 total blocks, 1 benchmark blocks
  run 5: 6 total blocks, 1 benchmark blocks
  run 6: 6 total blocks, 1 benchmark blocks
  run 7: 6 total blocks, 1 benchmark blocks
  run 8: 6 total blocks, 1 benchmark blocks
  run 9: 6 total blocks, 1 benchmark blocks
  -> Written 120 rows to pbt_storage_sstore_k10.csv

--- storage_sstore_k100 ---
  run 10: 7 total blocks, 1 benchmark blocks
  run 11: 7 total blocks, 1 benchmark blocks
  run 12: 7 total blocks, 1 benchmark blocks
  run 13: 6 total blocks, 1 benchmark blocks
  run 14: 6 total blocks, 1 benchmark blocks
  run 15: 6 total blocks, 1 benchmark blocks
  run 16: 6 total blocks, 1 benchmark blocks
  run 17: 7 total blocks, 1 benchmark blocks
  run 18: 7 total blocks, 1 benchmark blocks
  run 19: 7 total blocks, 1 benchmark blocks
  run 1: 7 total blocks, 1 benchmark blocks
  run 20: 6 total blocks, 1 benchmark blocks
  run 2: 6 total blocks, 1 benchmark blocks
  run 3: 6 total blocks, 1 benchmark blocks
  run 4: 6 total blocks, 1 benchmark blocks
  run 5: 6 total blocks, 1 benchmark blocks
  run 6: 6 total blocks, 1 benchmark blocks
  run 7: 6 total blocks, 1 benchmark blocks
  run 8: 7 total blocks, 1 benchmark blocks
  run 9: 6 total blocks, 1 benchmark blocks
  -> Written 128 rows to pbt_storage_sstore_k100.csv

--- storage_sstore_k256 ---
  run 10: 7 total blocks, 1 benchmark blocks
  run 11: 7 total blocks, 1 benchmark blocks
  run 12: 7 total blocks, 1 benchmark blocks
  run 13: 7 total blocks, 1 benchmark blocks
  run 14: 7 total blocks, 1 benchmark blocks
  run 15: 7 total blocks, 1 benchmark blocks
  run 16: 6 total blocks, 1 benchmark blocks
  run 17: 7 total blocks, 1 benchmark blocks
  run 18: 7 total blocks, 1 benchmark blocks
  run 19: 7 total blocks, 1 benchmark blocks
  run 1: 6 total blocks, 1 benchmark blocks
  run 20: 7 total blocks, 1 benchmark blocks
  run 2: 7 total blocks, 1 benchmark blocks
  run 3: 7 total blocks, 1 benchmark blocks
  run 4: 7 total blocks, 1 benchmark blocks
  run 5: 7 total blocks, 1 benchmark blocks
  run 6: 7 total blocks, 1 benchmark blocks
  run 7: 7 total blocks, 1 benchmark blocks
  run 8: 7 total blocks, 1 benchmark blocks
  run 9: 7 total blocks, 1 benchmark blocks
  -> Written 138 rows to pbt_storage_sstore_k256.csv

-> Cache validation: 240 rows to pbt_cache_validation.csv
-> All benchmarks: 1579 rows to pbt_all_benchmarks.csv

================================================================================
  CACHE VALIDATION SUMMARY
================================================================================

  storage_mixed_k1:
    Runs: 20
    Account cache: avg=38.8%
    Storage cache: avg=46.5%, min=3.8%, max=85.1%
    OK: Storage cache rates look reasonable for cold-start benchmarks

  storage_mixed_k10:
    Runs: 20
    Account cache: avg=34.1%
    Storage cache: avg=40.5%, min=2.2%, max=86.2%
    OK: Storage cache rates look reasonable for cold-start benchmarks

  storage_mixed_k100:
    Runs: 20
    Account cache: avg=28.8%
    Storage cache: avg=25.4%, min=6.9%, max=72.1%
    OK: Storage cache rates look reasonable for cold-start benchmarks

  storage_mixed_k256:
    Runs: 20
    Account cache: avg=30.7%
    Storage cache: avg=29.3%, min=12.0%, max=73.3%
    OK: Storage cache rates look reasonable for cold-start benchmarks

  storage_sload_k1:
    Runs: 20
    Account cache: avg=33.1%
    Storage cache: avg=37.3%, min=18.2%, max=84.1%
    OK: Storage cache rates look reasonable for cold-start benchmarks

  storage_sload_k10:
    Runs: 20
    Account cache: avg=35.3%
    Storage cache: avg=34.6%, min=4.7%, max=99.2%
    OK: Storage cache rates look reasonable for cold-start benchmarks

  storage_sload_k100:
    Runs: 20
    Account cache: avg=38.4%
    Storage cache: avg=36.4%, min=15.5%, max=69.4%
    OK: Storage cache rates look reasonable for cold-start benchmarks

  storage_sload_k256:
    Runs: 20
    Account cache: avg=32.9%
    Storage cache: avg=34.6%, min=11.6%, max=62.2%
    OK: Storage cache rates look reasonable for cold-start benchmarks

  storage_sstore_k1:
    Runs: 20
    Account cache: avg=31.2%
    Storage cache: avg=25.7%, min=2.7%, max=49.8%
    OK: Storage cache rates look reasonable for cold-start benchmarks

  storage_sstore_k10:
    Runs: 20
    Account cache: avg=32.9%
    Storage cache: avg=29.9%, min=13.4%, max=59.0%
    OK: Storage cache rates look reasonable for cold-start benchmarks

  storage_sstore_k100:
    Runs: 20
    Account cache: avg=46.1%
    Storage cache: avg=36.7%, min=7.5%, max=53.5%
    OK: Storage cache rates look reasonable for cold-start benchmarks

  storage_sstore_k256:
    Runs: 20
    Account cache: avg=42.0%
    Storage cache: avg=30.6%, min=1.9%, max=54.2%
    OK: Storage cache rates look reasonable for cold-start benchmarks
[2026-06-01 12:01:53] 
[2026-06-01 12:01:53] ── Stage 4: consolidate + analyze ──
[2026-06-01 12:01:53]   consolidated: /mnt/state_expiry_vol_data/bintrie-benchmarks/ubt-vs-pbt/data/ubt_vs_pbt_consolidated.csv (3106 lines)
[2026-06-01 12:01:53]   analyzing...
====================================================================================================
  PER-BENCHMARK SUMMARY (blocks with gas > 500K, excluding run 1)
====================================================================================================

--- scattered_sload ---
    Config  Blocks             total_ms         mgas_per_sec        state_read_ms        state_hash_ms            commit_ms storage_cache_hit_rate
--------------------------------------------------------------------------------------------------------------------------------------------------
       ubt      --                   --                   --                   --                   --                   --                   --
       pbt      --                   --                   --                   --                   --                   --                   --

--- scattered_sstore ---
    Config  Blocks             total_ms         mgas_per_sec        state_read_ms        state_hash_ms            commit_ms storage_cache_hit_rate
--------------------------------------------------------------------------------------------------------------------------------------------------
       ubt      --                   --                   --                   --                   --                   --                   --
       pbt      --                   --                   --                   --                   --                   --                   --

--- scattered_mixed ---
    Config  Blocks             total_ms         mgas_per_sec        state_read_ms        state_hash_ms            commit_ms storage_cache_hit_rate
--------------------------------------------------------------------------------------------------------------------------------------------------
       ubt      --                   --                   --                   --                   --                   --                   --
       pbt      --                   --                   --                   --                   --                   --                   --

====================================================================================================
  MANN-WHITNEY U: UBT vs PBT
====================================================================================================

  scipy not available -- skipping Mann-Whitney U tests
  Install with: pip install scipy

====================================================================================================
  BOOTSTRAP RATIO CIs: median(PBT) / median(UBT), 95% CI
====================================================================================================

--- scattered_sload ---
  Insufficient data

--- scattered_sstore ---
  Insufficient data

--- scattered_mixed ---
  Insufficient data

====================================================================================================
  WELCH'S t-TEST ON PER-RUN MEDIANS
====================================================================================================

  scipy not available -- skipping Welch's t-test

====================================================================================================
  SINGLE-TX-BLOCK ANALYSIS (tx_count == 1)
====================================================================================================

--- scattered_sload ---
    Config  Blocks             total_ms         mgas_per_sec        state_read_ms        state_hash_ms            commit_ms storage_cache_hit_rate
--------------------------------------------------------------------------------------------------------------------------------------------------
       ubt      --                   --                   --                   --                   --                   --                   --
       pbt      --                   --                   --                   --                   --                   --                   --

--- scattered_sstore ---
    Config  Blocks             total_ms         mgas_per_sec        state_read_ms        state_hash_ms            commit_ms storage_cache_hit_rate
--------------------------------------------------------------------------------------------------------------------------------------------------
       ubt      --                   --                   --                   --                   --                   --                   --
       pbt      --                   --                   --                   --                   --                   --                   --

--- scattered_mixed ---
    Config  Blocks             total_ms         mgas_per_sec        state_read_ms        state_hash_ms            commit_ms storage_cache_hit_rate
--------------------------------------------------------------------------------------------------------------------------------------------------
       ubt      --                   --                   --                   --                   --                   --                   --
       pbt      --                   --                   --                   --                   --                   --                   --

====================================================================================================
  COLD TAIL ANALYSIS: PBT scattered_sstore -- ms_per_cache_miss by tx_count
====================================================================================================
  No PBT approve data

====================================================================================================
  EVM TAX CORRELATION: Pearson r (execution_ms vs state_read_ms)
====================================================================================================

  scipy not available -- skipping Pearson correlation

====================================================================================================
  COEFFICIENT OF VARIATION (CV%) -- total_ms (per-run medians)
====================================================================================================

--- scattered_sload ---

--- scattered_sstore ---

--- scattered_mixed ---


JSON summary written to /mnt/state_expiry_vol_data/bintrie-benchmarks/ubt-vs-pbt/data/analysis_results.json
[2026-06-01 12:01:53] 
[2026-06-01 12:01:53] ╔══════════════════════════════════════════════════════════════════╗
[2026-06-01 12:01:53] ║  Campaign complete
[2026-06-01 12:01:53] ╠══════════════════════════════════════════════════════════════════╣
[2026-06-01 12:01:53] ║  Consolidated CSV : /mnt/state_expiry_vol_data/bintrie-benchmarks/ubt-vs-pbt/data/ubt_vs_pbt_consolidated.csv
[2026-06-01 12:01:53] ║  Analysis JSON    : /mnt/state_expiry_vol_data/bintrie-benchmarks/ubt-vs-pbt/data/analysis_results.json
[2026-06-01 12:01:53] ║  Per-config dirs  : /mnt/state_expiry_vol_data/bintrie-benchmarks/ubt-vs-pbt/data/{ubt,pbt}/
[2026-06-01 12:01:53] ╚══════════════════════════════════════════════════════════════════╝
