[2026-06-01 04:10:51] ╔══════════════════════════════════════════════════════════════════╗
[2026-06-01 04:10:51] ║  UBT vs PBT campaign
[2026-06-01 04:10:51] ║  NUM_RUNS=20  TARGET_SIZE=500GB  GD=5  COLD_CACHE=1
[2026-06-01 04:10:51] ╚══════════════════════════════════════════════════════════════════╝
[2026-06-01 04:10:51] 
[2026-06-01 04:10:51] ── Stage 1: generate_dbs.sh ──
[2026-06-01 04:10:51] ╔══════════════════════════════════════════════════════════════╗
[2026-06-01 04:10:51] ║  generate_dbs.sh — preflight
[2026-06-01 04:10:51] ╚══════════════════════════════════════════════════════════════╝
[2026-06-01 04:10:51]   ubt: geth=/tmp/bench-bins/geth-flat-state state-actor=/tmp/bench-bins/state-actor-flat-state
[2026-06-01 04:10:51]   pbt: geth=/tmp/bench-bins/geth-pbt-flat-state state-actor=/tmp/bench-bins/state-actor-pbt-flat-state
[2026-06-01 04:10:51]   spamoor: /tmp/bench-bins/spamoor
[2026-06-01 04:10:51] 
[2026-06-01 04:10:51] ╔══════════════════════════════════════════════════════════════╗
[2026-06-01 04:10:51] ║  Config ubt — DB generation + ERC20 deployment
[2026-06-01 04:10:51] ╚══════════════════════════════════════════════════════════════╝
[2026-06-01 04:10:51]   [phase1] state-actor: target=500GB seed=25519 gd=5 accounts=125000 contracts=12800000 slots=1..100000
2026/06/01 04:10:51 Synthesized genesis: fork=osaka chainID=1337 gasLimit=30000000 timestamp=0 extraData=0B
2026/06/01 04:10:51 Configuration:
2026/06/01 04:10:51   Database:     /mnt/state_expiry_vol_data/ubt-vs-pbt-dbs/ubt/geth/chaindata
2026/06/01 04:10:51   Accounts:     125000
2026/06/01 04:10:51   Contracts:    12800000
2026/06/01 04:10:51   Max Slots:    100000
2026/06/01 04:10:51   Min Slots:    1
2026/06/01 04:10:51   Distribution: power-law
2026/06/01 04:10:51   Seed:         25519
2026/06/01 04:10:51   Batch Size:   100000
2026/06/01 04:10:51   Code Size:    1024 bytes
2026/06/01 04:10:51   Trie Mode:    binary
2026/06/01 04:10:51   Group Depth:     5
2026/06/01 04:10:51   Target Size:  500.00 GB
2026/06/01 04:10:51   Fork:         osaka
2026/06/01 04:10:51   Chain ID:     1337
2026/06/01 04:10:51   Gas Limit:    30000000
2026/06/01 04:10:51 NOTE: --commit-interval is ignored (binary stack trie computes root from sorted entries)
2026/06/01 04:10:51 Injected account 0xf39Fd6e51aad88F6F4ce6aB8827279cffFb92266 with 999999999000000000000000000 wei
2026/06/01 04:11:11 [Contract] 340799/12800000 (2.7%), 893174 storage slots, 18874406 trie entries
2026/06/01 04:11:31 [Contract] 666642/12800000 (5.2%), 1775286 storage slots, 36700174 trie entries
2026/06/01 04:11:52 [Contract] 954999/12800000 (7.5%), 2509593 storage slots, 52428848 trie entries
2026/06/01 04:12:12 [Contract] 1223617/12800000 (9.6%), 3214068 storage slots, 67108897 trie entries
2026/06/01 04:12:32 [Contract] 1476115/12800000 (11.5%), 3865738 storage slots, 80898930 trie entries
2026/06/01 04:12:52 [Contract] 1722020/12800000 (13.5%), 4544512 storage slots, 94371858 trie entries
2026/06/01 04:13:12 [Contract] 1962706/12800000 (15.3%), 5179421 storage slots, 107525581 trie entries
2026/06/01 04:13:32 [Contract] 2182678/12800000 (17.1%), 5745882 storage slots, 119537669 trie entries
2026/06/01 04:13:53 [Contract] 2412847/12800000 (18.9%), 6346058 storage slots, 132120616 trie entries
2026/06/01 04:14:13 [Contract] 2624035/12800000 (20.5%), 6889599 storage slots, 143654954 trie entries
2026/06/01 04:14:33 [Contract] 2835267/12800000 (22.2%), 7434695 storage slots, 155189279 trie entries
2026/06/01 04:14:54 [Contract] 3046292/12800000 (23.8%), 7987484 storage slots, 166723614 trie entries
2026/06/01 04:15:15 [Contract] 3315315/12800000 (25.9%), 8677898 storage slots, 181403698 trie entries
2026/06/01 04:15:36 [Contract] 3584300/12800000 (28.0%), 9370192 storage slots, 196083766 trie entries
2026/06/01 04:15:56 [Contract] 3799531/12800000 (29.7%), 9923586 storage slots, 207832420 trie entries
2026/06/01 04:16:16 [Contract] 4007113/12800000 (31.3%), 10445789 storage slots, 219152384 trie entries
2026/06/01 04:16:36 [Contract] 4225002/12800000 (33.0%), 11001512 storage slots, 231042667 trie entries
2026/06/01 04:16:56 [Contract] 4432014/12800000 (34.6%), 11538889 storage slots, 242345162 trie entries
2026/06/01 04:17:16 [Contract] 4651334/12800000 (36.3%), 12105729 storage slots, 254328445 trie entries
2026/06/01 04:17:36 [Contract] 4876936/12800000 (38.1%), 12692049 storage slots, 266654698 trie entries
2026/06/01 04:17:56 [Contract] 5101430/12800000 (39.9%), 13282319 storage slots, 278921259 trie entries
2026/06/01 04:18:17 [Contract] 5331661/12800000 (41.7%), 13878827 storage slots, 291504159 trie entries
2026/06/01 04:18:37 [Contract] 5542521/12800000 (43.3%), 14445844 storage slots, 303038472 trie entries
2026/06/01 04:18:58 [Contract] 5753670/12800000 (45.0%), 14996783 storage slots, 314572830 trie entries
2026/06/01 04:19:19 [Contract] 5964905/12800000 (46.6%), 15544863 storage slots, 326107159 trie entries
2026/06/01 04:19:39 [Contract] 6175900/12800000 (48.2%), 16095812 storage slots, 337641511 trie entries
2026/06/01 04:19:59 [Contract] 6374236/12800000 (49.8%), 16615062 storage slots, 348478157 trie entries
2026/06/01 04:20:20 [Contract] 6578968/12800000 (51.4%), 17149666 storage slots, 359661613 trie entries
2026/06/01 04:20:40 [Contract] 6790062/12800000 (53.0%), 17705688 storage slots, 371195918 trie entries
2026/06/01 04:21:01 [Contract] 6981869/12800000 (54.5%), 18213139 storage slots, 381681694 trie entries
2026/06/01 04:21:21 [Contract] 7180907/12800000 (56.1%), 18722023 storage slots, 392545356 trie entries
2026/06/01 04:21:42 [Contract] 7365932/12800000 (57.5%), 19203495 storage slots, 402653235 trie entries
2026/06/01 04:22:02 [Contract] 7538787/12800000 (58.9%), 19652619 storage slots, 412090391 trie entries
2026/06/01 04:22:23 [Contract] 7711211/12800000 (60.2%), 20122865 storage slots, 421527561 trie entries
2026/06/01 04:22:43 [Contract] 7883269/12800000 (61.6%), 20607507 storage slots, 430964785 trie entries
2026/06/01 04:23:03 [Contract] 8055885/12800000 (62.9%), 21064995 storage slots, 440401960 trie entries
2026/06/01 04:23:24 [Contract] 8228873/12800000 (64.3%), 21503340 storage slots, 449839131 trie entries
2026/06/01 04:23:45 [Contract] 8401714/12800000 (65.6%), 21956340 storage slots, 459276318 trie entries
2026/06/01 04:24:05 [Contract] 8572715/12800000 (67.0%), 22419732 storage slots, 468638081 trie entries
2026/06/01 04:24:26 [Contract] 8727710/12800000 (68.2%), 22823962 storage slots, 477102091 trie entries
2026/06/01 04:24:47 [Contract] 8900511/12800000 (69.5%), 23273263 storage slots, 486539286 trie entries
2026/06/01 04:25:08 [Contract] 9073311/12800000 (70.9%), 23726281 storage slots, 495976489 trie entries
2026/06/01 04:25:28 [Contract] 9240984/12800000 (72.2%), 24146398 storage slots, 505123606 trie entries
2026/06/01 04:25:49 [Contract] 9399994/12800000 (73.4%), 24556610 storage slots, 513802275 trie entries
2026/06/01 04:26:11 [Contract] 9572756/12800000 (74.8%), 25005331 storage slots, 523239450 trie entries
2026/06/01 04:26:32 [Contract] 9745682/12800000 (76.1%), 25446381 storage slots, 532676651 trie entries
2026/06/01 04:26:53 [Contract] 9918622/12800000 (77.5%), 25887903 storage slots, 542113827 trie entries
2026/06/01 04:27:13 [Contract] 10072162/12800000 (78.7%), 26285366 storage slots, 550502449 trie entries
2026/06/01 04:27:35 [Contract] 10245186/12800000 (80.0%), 26721381 storage slots, 559939596 trie entries
2026/06/01 04:27:57 [Contract] 10417897/12800000 (81.4%), 27169819 storage slots, 569376783 trie entries
2026/06/01 04:28:18 [Contract] 10590770/12800000 (82.7%), 27616469 storage slots, 578813971 trie entries
2026/06/01 04:28:39 [Contract] 10763555/12800000 (84.1%), 28064623 storage slots, 588251164 trie entries
2026/06/01 04:28:59 [Contract] 10917126/12800000 (85.3%), 28466230 storage slots, 596639793 trie entries
2026/06/01 04:29:19 [Contract] 11076073/12800000 (86.5%), 28896933 storage slots, 605339640 trie entries
2026/06/01 04:29:39 [Contract] 11230609/12800000 (87.7%), 29305637 storage slots, 613784955 trie entries
2026/06/01 04:29:59 [Contract] 11387694/12800000 (89.0%), 29707601 storage slots, 622358398 trie entries
2026/06/01 04:30:21 [Contract] 11550516/12800000 (90.2%), 30122313 storage slots, 631242793 trie entries
2026/06/01 04:30:41 [Contract] 11714905/12800000 (91.5%), 30563004 storage slots, 640237644 trie entries
2026/06/01 04:31:01 [Contract] 11867777/12800000 (92.7%), 30957167 storage slots, 648583383 trie entries
2026/06/01 04:31:21 [Contract] 12026724/12800000 (94.0%), 31362961 storage slots, 657254434 trie entries
2026/06/01 04:31:43 [Contract] 12183983/12800000 (95.2%), 31771629 storage slots, 665845815 trie entries
2026/06/01 04:32:03 [Contract] 12337602/12800000 (96.4%), 32175784 storage slots, 674234408 trie entries
2026/06/01 04:32:24 [Contract] 12491250/12800000 (97.6%), 32565592 storage slots, 682622983 trie entries
2026/06/01 04:32:44 [Contract] 12662029/12800000 (98.9%), 33080725 storage slots, 692025916 trie entries
2026/06/01 04:33:05 Compacting temp DB (699571272 entries)...
2026/06/01 04:35:17 Temp DB compaction complete in 2m11.967s
2026/06/01 04:35:17 Computing root from 699571272 trie entries (streaming, O(depth) memory)...
2026/06/01 04:35:17 Phase 2: using 6 parallel workers
2026/06/01 04:54:16 Wrote 79539083 trie nodes (28037 MB)
2026/06/01 04:54:16 Wrote 59173788 stem blobs (24960 MB)
2026/06/01 04:54:16 Computed binary trie root in 18m59.442s
2026/06/01 04:54:16 State root (binary stack trie): 0x36574524610acf13bfe8205811aaf72a9b15a66a59173163a0f5c64653a22fa4
2026/06/01 04:54:16 Generated 125001 accounts, 12800000 contracts with 33448787 total storage slots (699571272 trie entries)
2026/06/01 04:54:17 Writing genesis block with state root: 0x36574524610acf13bfe8205811aaf72a9b15a66a59173163a0f5c64653a22fa4
2026/06/01 04:54:18 Genesis block hash: 0xbede89c47b41f28b9c013175db7d5b3094c33cd0fb6aed074045d67087cd2837
2026/06/01 04:54:18 Genesis block number: 0

=== State Generation Complete ===
Total Time:        43m27.138s
Accounts Created:  125001
Contracts Created: 12800000
Storage Slots:     33448787
Total Bytes:       70.46 GB
Trie Node Bytes:   27.38 GB
Stem Blob Bytes:   24.38 GB
Total DB Size:     72.32 GB
Throughput:        12829.69 slots/sec
State Root:        0x36574524610acf13bfe8205811aaf72a9b15a66a59173163a0f5c64653a22fa4
Genesis:           included (ready to use without geth init)

=== Detailed Stats ===
Account Bytes:     0 B
Storage Bytes:     0 B
Code Bytes:        18.70 GB
DB Write Time:     43m25.305s
Generation Time:   43m25.305s

=== Memory Stats ===
Total Alloc:       1.62 TB
Current Alloc:     4.32 GB
Sys Memory:        7.12 GB

=== Sample Addresses (for verification) ===
  EOA #1:      0x55F52E2CFaA1FA58aEF8719BfD5fD02792042e38
  EOA #2:      0xDB4c2dbCd4184499aF84257fFdd8f4DB3af64cE2
  EOA #3:      0x81496dd413443A46c3AA92010824814014BBeaE9
  Contract #1: 0xD0AA7b0009BdCc2C76D4a251EE3e111d9F12D738
  Contract #2: 0x3d59874ACF511B7A7089bD712f56d209e43dF9F3
  Contract #3: 0xCe30a4952E5757a911A04d75bD4B721139Ce7Ad3
[2026-06-01 04:54:19]   [phase1] DB built: size=73G root=0x36574524610acf13bfe8205811aaf72a9b15a66a59173163a0f5c64653a22fa4
Address: {f39fd6e51aad88f6f4ce6ab8827279cfffb92266}
[2026-06-01 04:54:21]   [geth] Starting for deployment (cache=4096, dev.period=1)
[2026-06-01 04:54:21]   [geth] Waiting for RPC...
[2026-06-01 04:54:24]   [geth] RPC ready after 4s
[2026-06-01 04:54:24]   [phase2] Seed balance: 999999999.0 ETH
[2026-06-01 04:54:24]   [phase2] Deploying 256 getter contracts (NUM_STEMS=256 pre-populated stems, gas=6088000)
[2026-06-01 04:57:36]     factory=0x7dc4d193051240848c7F4F19679e8514B148080f — computing 256 getter CREATE2 addresses
wrote 256 CREATE2 addresses to /mnt/state_expiry_vol_data/bintrie-benchmarks/ubt-vs-pbt/data/ubt/contracts.json (factory=0x7dc4d193051240848c7F4F19679e8514B148080f, init_code_hash=0x566f6b9a6c5a21aa0bd672e0ba4ca91854bcb31ffc0fd9a7233f0cf33927d142)
[2026-06-01 04:57:37]     [getter] 256 deployed, sample 0x490c784ddea79fed58e3dbd48348be0f85c62e77 (28 bytes)
[2026-06-01 04:57:37]   [phase2] Deploying 256 empty-code accounts (start salt=256, gas=200000)
wrote 256 CREATE2 addresses to /mnt/state_expiry_vol_data/bintrie-benchmarks/ubt-vs-pbt/data/ubt/accounts.json (factory=0x7dc4d193051240848c7F4F19679e8514B148080f, init_code_hash=0x5fd875ef7d60f65991512743b1cdf42b8d3116d2e91e85f05d2482819c20b4e7)
[2026-06-01 04:58:40]   [phase2] both sets written: 256 getters + 256 empty accounts
[2026-06-01 04:58:40]   Killing geth (SIGTERM, waiting up to 120s for journal flush): 992852
[2026-06-01 04:58:42]   geth exited cleanly after 2s
[2026-06-01 04:58:42]   [done] ubt DB + getters ready
[2026-06-01 04:58:42] 
[2026-06-01 04:58:42] ╔══════════════════════════════════════════════════════════════╗
[2026-06-01 04:58:42] ║  Config pbt — DB generation + ERC20 deployment
[2026-06-01 04:58:42] ╚══════════════════════════════════════════════════════════════╝
[2026-06-01 04:58:42]   [phase1] state-actor: target=500GB seed=25519 gd=5 accounts=125000 contracts=12800000 slots=1..100000
2026/06/01 04:58:42 Synthesized genesis: fork=osaka chainID=1337 gasLimit=30000000 timestamp=0 extraData=0B
2026/06/01 04:58:42 Configuration:
2026/06/01 04:58:42   Database:     /mnt/state_expiry_vol_data/ubt-vs-pbt-dbs/pbt/geth/chaindata
2026/06/01 04:58:42   Accounts:     125000
2026/06/01 04:58:42   Contracts:    12800000
2026/06/01 04:58:42   Max Slots:    100000
2026/06/01 04:58:42   Min Slots:    1
2026/06/01 04:58:42   Distribution: power-law
2026/06/01 04:58:42   Seed:         25519
2026/06/01 04:58:42   Batch Size:   100000
2026/06/01 04:58:42   Code Size:    1024 bytes
2026/06/01 04:58:42   Trie Mode:    binary
2026/06/01 04:58:42   Group Depth:     5
2026/06/01 04:58:42   Target Size:  500.00 GB
2026/06/01 04:58:42   Fork:         osaka
2026/06/01 04:58:42   Chain ID:     1337
2026/06/01 04:58:42   Gas Limit:    30000000
2026/06/01 04:58:42 NOTE: --commit-interval is ignored (binary stack trie computes root from sorted entries)
2026/06/01 04:58:42 Injected account 0xf39Fd6e51aad88F6F4ce6aB8827279cffFb92266 with 999999999000000000000000000 wei
2026/06/01 04:59:02 [Contract] 347550/12800000 (2.7%), 911151 storage slots, 19244430 trie entries
2026/06/01 04:59:22 [Contract] 683874/12800000 (5.3%), 1817828 storage slots, 37639214 trie entries
2026/06/01 04:59:43 [Contract] 974262/12800000 (7.6%), 2558171 storage slots, 53477393 trie entries
2026/06/01 05:00:03 [Contract] 1247385/12800000 (9.7%), 3275391 storage slots, 68406623 trie entries
2026/06/01 05:00:23 [Contract] 1511623/12800000 (11.8%), 3958507 storage slots, 82837504 trie entries
2026/06/01 05:00:44 [Contract] 1760202/12800000 (13.8%), 4654664 storage slots, 96469006 trie entries
2026/06/01 05:01:04 [Contract] 2009027/12800000 (15.7%), 5295951 storage slots, 110052677 trie entries
2026/06/01 05:01:24 [Contract] 2224716/12800000 (17.4%), 5854254 storage slots, 121837390 trie entries
2026/06/01 05:01:45 [Contract] 2451291/12800000 (19.2%), 6441564 storage slots, 134217734 trie entries
2026/06/01 05:02:05 [Contract] 2662566/12800000 (20.8%), 6984460 storage slots, 145752085 trie entries
2026/06/01 05:02:25 [Contract] 2873696/12800000 (22.5%), 7533486 storage slots, 157286419 trie entries
2026/06/01 05:02:45 [Contract] 3089113/12800000 (24.1%), 8098755 storage slots, 169063016 trie entries
2026/06/01 05:03:06 [Contract] 3353684/12800000 (26.2%), 8778286 storage slots, 183500865 trie entries
2026/06/01 05:03:27 [Contract] 3622743/12800000 (28.3%), 9469063 storage slots, 198180904 trie entries
2026/06/01 05:03:47 [Contract] 3850347/12800000 (30.1%), 10046763 storage slots, 210595745 trie entries
2026/06/01 05:04:07 [Contract] 4054243/12800000 (31.7%), 10567268 storage slots, 221725782 trie entries
2026/06/01 05:04:27 [Contract] 4256976/12800000 (33.3%), 11081049 storage slots, 232783881 trie entries
2026/06/01 05:04:48 [Contract] 4487291/12800000 (35.1%), 11682097 storage slots, 245366837 trie entries
2026/06/01 05:05:08 [Contract] 4698463/12800000 (36.7%), 12226967 storage slots, 256901120 trie entries
2026/06/01 05:05:28 [Contract] 4929243/12800000 (38.5%), 12822448 storage slots, 269506611 trie entries
2026/06/01 05:05:49 [Contract] 5159091/12800000 (40.3%), 13431117 storage slots, 282066994 trie entries
2026/06/01 05:06:09 [Contract] 5381718/12800000 (42.0%), 14024335 storage slots, 294253422 trie entries
2026/06/01 05:06:29 [Contract] 5580935/12800000 (43.6%), 14544438 storage slots, 305135642 trie entries
2026/06/01 05:06:50 [Contract] 5792081/12800000 (45.3%), 15092910 storage slots, 316669954 trie entries
2026/06/01 05:07:11 [Contract] 6003237/12800000 (46.9%), 15645570 storage slots, 328204327 trie entries
2026/06/01 05:07:31 [Contract] 6214195/12800000 (48.5%), 16201690 storage slots, 339738658 trie entries
2026/06/01 05:07:51 [Contract] 6425420/12800000 (50.2%), 16748610 storage slots, 351272975 trie entries
2026/06/01 05:08:11 [Contract] 6633260/12800000 (51.8%), 17297145 storage slots, 362632436 trie entries
2026/06/01 05:08:32 [Contract] 6828475/12800000 (53.3%), 17803064 storage slots, 373293091 trie entries
2026/06/01 05:08:52 [Contract] 7032131/12800000 (54.9%), 18340033 storage slots, 384421195 trie entries
2026/06/01 05:09:12 [Contract] 7219212/12800000 (56.4%), 18820756 storage slots, 394634253 trie entries
2026/06/01 05:09:33 [Contract] 7423423/12800000 (58.0%), 19358168 storage slots, 405798957 trie entries
2026/06/01 05:09:53 [Contract] 7615303/12800000 (59.5%), 19866991 storage slots, 416284723 trie entries
2026/06/01 05:10:14 [Contract] 7807109/12800000 (61.0%), 20378362 storage slots, 426770485 trie entries
2026/06/01 05:10:34 [Contract] 7987001/12800000 (62.4%), 20885191 storage slots, 436635827 trie entries
2026/06/01 05:10:54 [Contract] 8164414/12800000 (63.8%), 21344179 storage slots, 446327260 trie entries
2026/06/01 05:11:14 [Contract] 8324949/12800000 (65.0%), 21756202 storage slots, 455082024 trie entries
2026/06/01 05:11:36 [Contract] 8497369/12800000 (66.4%), 22221581 storage slots, 464519230 trie entries
2026/06/01 05:11:56 [Contract] 8669997/12800000 (67.7%), 22677406 storage slots, 473956376 trie entries
2026/06/01 05:12:18 [Contract] 8842919/12800000 (69.1%), 23120420 storage slots, 483393589 trie entries
2026/06/01 05:12:38 [Contract] 9015662/12800000 (70.4%), 23573920 storage slots, 492830758 trie entries
2026/06/01 05:12:59 [Contract] 9188675/12800000 (71.8%), 24014465 storage slots, 502267955 trie entries
2026/06/01 05:13:21 [Contract] 9361610/12800000 (73.1%), 24456558 storage slots, 511705100 trie entries
2026/06/01 05:13:42 [Contract] 9534346/12800000 (74.5%), 24904792 storage slots, 521142321 trie entries
2026/06/01 05:14:02 [Contract] 9707262/12800000 (75.8%), 25349308 storage slots, 530579497 trie entries
2026/06/01 05:14:22 [Contract] 9863722/12800000 (77.1%), 25749197 storage slots, 539120298 trie entries
2026/06/01 05:14:43 [Contract] 10033683/12800000 (78.4%), 26185996 storage slots, 548405251 trie entries
2026/06/01 05:15:05 [Contract] 10206676/12800000 (79.7%), 26626831 storage slots, 557842454 trie entries
2026/06/01 05:15:26 [Contract] 10379493/12800000 (81.1%), 27069950 storage slots, 567279665 trie entries
2026/06/01 05:15:47 [Contract] 10552298/12800000 (82.4%), 27517651 storage slots, 576716830 trie entries
2026/06/01 05:16:08 [Contract] 10725249/12800000 (83.8%), 27960559 storage slots, 586154033 trie entries
2026/06/01 05:16:29 [Contract] 10897927/12800000 (85.1%), 28417044 storage slots, 595591207 trie entries
2026/06/01 05:16:49 [Contract] 11061647/12800000 (86.4%), 28862057 storage slots, 604554175 trie entries
2026/06/01 05:17:11 [Contract] 11223841/12800000 (87.7%), 29289319 storage slots, 613417000 trie entries
2026/06/01 05:17:32 [Contract] 11396771/12800000 (89.0%), 29731315 storage slots, 622854190 trie entries
2026/06/01 05:17:52 [Contract] 11551247/12800000 (90.2%), 30124417 storage slots, 631283188 trie entries
2026/06/01 05:18:14 [Contract] 11722961/12800000 (91.6%), 30587039 storage slots, 640679955 trie entries
2026/06/01 05:18:34 [Contract] 11895960/12800000 (92.9%), 31026614 storage slots, 650117180 trie entries
2026/06/01 05:18:54 [Contract] 12049886/12800000 (94.1%), 31423049 storage slots, 658519736 trie entries
2026/06/01 05:19:14 [Contract] 12210064/12800000 (95.4%), 31839258 storage slots, 667271516 trie entries
2026/06/01 05:19:34 [Contract] 12374833/12800000 (96.7%), 32269526 storage slots, 676265969 trie entries
2026/06/01 05:19:55 [Contract] 12529052/12800000 (97.9%), 32698373 storage slots, 684720144 trie entries
2026/06/01 05:20:16 [Contract] 12701008/12800000 (99.2%), 33184980 storage slots, 694157330 trie entries
2026/06/01 05:20:31 Compacting temp DB (699571272 entries)...
2026/06/01 05:22:41 Temp DB compaction complete in 2m10.299s
2026/06/01 05:22:41 Computing root from 699571272 trie entries (streaming, O(depth) memory)...
2026/06/01 05:22:41 Phase 2: using 6 parallel workers
2026/06/01 05:44:45 Wrote 92405337 trie nodes (28085 MB)
2026/06/01 05:44:46 Wrote 46373788 stem blobs (24179 MB)
2026/06/01 05:44:46 Computed binary trie root in 22m4.712s
2026/06/01 05:44:46 State root (binary stack trie): 0x7feabaa653f712ae342c7aed10fd1c1cf44fa90b0cc1e65dbd3430a9c43556aa
2026/06/01 05:44:46 Generated 125001 accounts, 12800000 contracts with 33448787 total storage slots (699571272 trie entries)
2026/06/01 05:44:47 Writing genesis block with state root: 0x7feabaa653f712ae342c7aed10fd1c1cf44fa90b0cc1e65dbd3430a9c43556aa
2026/06/01 05:44:47 Genesis block hash: 0x1b31202ac7b2d66df3e7405e8270a1e41591bae187fa3a1ac09398d388cc00e0
2026/06/01 05:44:47 Genesis block number: 0

=== State Generation Complete ===
Total Time:        46m5.228s
Accounts Created:  125001
Contracts Created: 12800000
Storage Slots:     33448787
Total Bytes:       69.74 GB
Trie Node Bytes:   27.43 GB
Stem Blob Bytes:   23.61 GB
Total DB Size:     69.92 GB
Throughput:        12096.21 slots/sec
State Root:        0x7feabaa653f712ae342c7aed10fd1c1cf44fa90b0cc1e65dbd3430a9c43556aa
Genesis:           included (ready to use without geth init)

=== Detailed Stats ===
Account Bytes:     0 B
Storage Bytes:     0 B
Code Bytes:        18.70 GB
DB Write Time:     46m3.719s
Generation Time:   46m3.719s

=== Memory Stats ===
Total Alloc:       1.48 TB
Current Alloc:     5.16 GB
Sys Memory:        10.36 GB

=== Sample Addresses (for verification) ===
  EOA #1:      0x55F52E2CFaA1FA58aEF8719BfD5fD02792042e38
  EOA #2:      0xDB4c2dbCd4184499aF84257fFdd8f4DB3af64cE2
  EOA #3:      0x81496dd413443A46c3AA92010824814014BBeaE9
  Contract #1: 0xD0AA7b0009BdCc2C76D4a251EE3e111d9F12D738
  Contract #2: 0x3d59874ACF511B7A7089bD712f56d209e43dF9F3
  Contract #3: 0xCe30a4952E5757a911A04d75bD4B721139Ce7Ad3
[2026-06-01 05:44:49]   [phase1] DB built: size=71G root=0x7feabaa653f712ae342c7aed10fd1c1cf44fa90b0cc1e65dbd3430a9c43556aa
Address: {f39fd6e51aad88f6f4ce6ab8827279cfffb92266}
[2026-06-01 05:44:51]   [geth] Starting for deployment (cache=4096, dev.period=1)
[2026-06-01 05:44:51]   [geth] Waiting for RPC...
[2026-06-01 05:44:54]   [geth] RPC ready after 4s
[2026-06-01 05:44:54]   [phase2] Seed balance: 999999999.0 ETH
[2026-06-01 05:44:54]   [phase2] Deploying 256 getter contracts (NUM_STEMS=256 pre-populated stems, gas=6088000)
[2026-06-01 05:46:15]     factory=0x7dc4d193051240848c7F4F19679e8514B148080f — computing 256 getter CREATE2 addresses
wrote 256 CREATE2 addresses to /mnt/state_expiry_vol_data/bintrie-benchmarks/ubt-vs-pbt/data/pbt/contracts.json (factory=0x7dc4d193051240848c7F4F19679e8514B148080f, init_code_hash=0x566f6b9a6c5a21aa0bd672e0ba4ca91854bcb31ffc0fd9a7233f0cf33927d142)
[2026-06-01 05:46:16]     [getter] 256 deployed, sample 0x490c784ddea79fed58e3dbd48348be0f85c62e77 (28 bytes)
[2026-06-01 05:46:16]   [phase2] Deploying 256 empty-code accounts (start salt=256, gas=200000)
wrote 256 CREATE2 addresses to /mnt/state_expiry_vol_data/bintrie-benchmarks/ubt-vs-pbt/data/pbt/accounts.json (factory=0x7dc4d193051240848c7F4F19679e8514B148080f, init_code_hash=0x5fd875ef7d60f65991512743b1cdf42b8d3116d2e91e85f05d2482819c20b4e7)
[2026-06-01 05:47:19]   [phase2] both sets written: 256 getters + 256 empty accounts
[2026-06-01 05:47:19]   Killing geth (SIGTERM, waiting up to 120s for journal flush): 993811
[2026-06-01 05:47:20]   geth exited cleanly after 1s
[2026-06-01 05:47:20]   [done] pbt DB + getters ready
[2026-06-01 05:47:20] 
[2026-06-01 05:47:20] ╔══════════════════════════════════════════════════════════════╗
[2026-06-01 05:47:20] ║  generate_dbs.sh — complete
[2026-06-01 05:47:20] ╚══════════════════════════════════════════════════════════════╝
[2026-06-01 05:47:20]   ubt: db=72G contracts=256
[2026-06-01 05:47:20]   pbt: db=70G contracts=256
[2026-06-01 05:47:20]   OK: ubt and pbt contracts.json are identical
[2026-06-01 05:47:20]   OK: ubt and pbt accounts.json are identical
[2026-06-01 05:47:20] 
[2026-06-01 05:47:20] ── Stage 2: run_benchmarks.sh ──
[2026-06-01 05:47:20] ╔══════════════════════════════════════════════════════════════════╗
[2026-06-01 05:47:20] ║  run_benchmarks.sh
[2026-06-01 05:47:20] ║  3 benchmarks × variable K-list × 20 runs × 2 configs
[2026-06-01 05:47:20] ║  COLD_CACHE=1  GROUP_DEPTH=5
[2026-06-01 05:47:20] ╚══════════════════════════════════════════════════════════════════╝
[2026-06-01 05:47:20]   ubt: ok
[2026-06-01 05:47:20]   pbt: ok
[2026-06-01 05:47:25] 
[2026-06-01 05:47:25] ╔══════════════════════════════════════════════════════════════════╗
[2026-06-01 05:47:25] ║  CONFIG: ubt
[2026-06-01 05:47:25] ╚══════════════════════════════════════════════════════════════════╝
[2026-06-01 05:47:25] 
[2026-06-01 05:47:25]   ── BENCHMARK: storage_sload_k1 (pool=256 contracts; effective K=1)
[2026-06-01 05:47:25] 
[2026-06-01 05:47:25]   --- storage_sload_k1_run1 (ubt) write-offset=100000000 K=1 ---
[2026-06-01 05:47:26]   [cache] OS page cache dropped
Fatal: Could not create the account: account already exists
[2026-06-01 05:47:26]   [geth] Starting (ubt, gd=5, cold=1, dev.period=1, 1tx/block)
[2026-06-01 05:47:26]   [geth] Waiting for RPC...
[2026-06-01 05:47:30]   [geth] RPC ready after 5s
[2026-06-01 05:47:30]   [bench] Running execute remote...
[2026-06-01 05:47:38]   [bench] exit=0 passed=1 failed=0
0 missing_trie_node=0
0
[2026-06-01 05:47:38] 
[2026-06-01 05:47:38]   --- storage_sload_k1_run2 (ubt) write-offset=200000000 K=1 ---
[2026-06-01 05:47:38]   [geth] Stopping (SIGTERM, waiting up to 120s for clean exit): 994082
[2026-06-01 05:47:40]   [geth] exited cleanly after 2s
[2026-06-01 05:47:40]   [cache] OS page cache dropped
Fatal: Could not create the account: account already exists
[2026-06-01 05:47:40]   [geth] Starting (ubt, gd=5, cold=1, dev.period=1, 1tx/block)
[2026-06-01 05:47:40]   [geth] Waiting for RPC...
[2026-06-01 05:47:44]   [geth] RPC ready after 5s
[2026-06-01 05:47:44]   [bench] Running execute remote...
[2026-06-01 05:47:51]   [bench] exit=0 passed=1 failed=0
0 missing_trie_node=0
0
[2026-06-01 05:47:51] 
[2026-06-01 05:47:51]   --- storage_sload_k1_run3 (ubt) write-offset=300000000 K=1 ---
[2026-06-01 05:47:51]   [geth] Stopping (SIGTERM, waiting up to 120s for clean exit): 994164
[2026-06-01 05:47:53]   [geth] exited cleanly after 2s
[2026-06-01 05:47:53]   [cache] OS page cache dropped
Fatal: Could not create the account: account already exists
[2026-06-01 05:47:53]   [geth] Starting (ubt, gd=5, cold=1, dev.period=1, 1tx/block)
[2026-06-01 05:47:53]   [geth] Waiting for RPC...
[2026-06-01 05:47:57]   [geth] RPC ready after 5s
[2026-06-01 05:47:57]   [bench] Running execute remote...
[2026-06-01 05:48:03]   [bench] exit=0 passed=1 failed=0
0 missing_trie_node=0
0
[2026-06-01 05:48:03] 
[2026-06-01 05:48:03]   --- storage_sload_k1_run4 (ubt) write-offset=400000000 K=1 ---
[2026-06-01 05:48:03]   [geth] Stopping (SIGTERM, waiting up to 120s for clean exit): 994255
[2026-06-01 05:48:05]   [geth] exited cleanly after 2s
[2026-06-01 05:48:05]   [cache] OS page cache dropped
Fatal: Could not create the account: account already exists
[2026-06-01 05:48:05]   [geth] Starting (ubt, gd=5, cold=1, dev.period=1, 1tx/block)
[2026-06-01 05:48:05]   [geth] Waiting for RPC...
[2026-06-01 05:48:09]   [geth] RPC ready after 5s
[2026-06-01 05:48:09]   [bench] Running execute remote...
[2026-06-01 05:48:16]   [bench] exit=0 passed=1 failed=0
0 missing_trie_node=0
0
[2026-06-01 05:48:16] 
[2026-06-01 05:48:16]   --- storage_sload_k1_run5 (ubt) write-offset=500000000 K=1 ---
[2026-06-01 05:48:16]   [geth] Stopping (SIGTERM, waiting up to 120s for clean exit): 994336
[2026-06-01 05:48:18]   [geth] exited cleanly after 2s
[2026-06-01 05:48:18]   [cache] OS page cache dropped
Fatal: Could not create the account: account already exists
[2026-06-01 05:48:18]   [geth] Starting (ubt, gd=5, cold=1, dev.period=1, 1tx/block)
[2026-06-01 05:48:18]   [geth] Waiting for RPC...
[2026-06-01 05:48:21]   [geth] RPC ready after 4s
[2026-06-01 05:48:21]   [bench] Running execute remote...
[2026-06-01 05:48:27]   [bench] exit=0 passed=1 failed=0
0 missing_trie_node=0
0
[2026-06-01 05:48:27] 
[2026-06-01 05:48:27]   --- storage_sload_k1_run6 (ubt) write-offset=600000000 K=1 ---
[2026-06-01 05:48:27]   [geth] Stopping (SIGTERM, waiting up to 120s for clean exit): 994425
[2026-06-01 05:48:29]   [geth] exited cleanly after 2s
[2026-06-01 05:48:29]   [cache] OS page cache dropped
Fatal: Could not create the account: account already exists
[2026-06-01 05:48:30]   [geth] Starting (ubt, gd=5, cold=1, dev.period=1, 1tx/block)
[2026-06-01 05:48:30]   [geth] Waiting for RPC...
[2026-06-01 05:48:34]   [geth] RPC ready after 5s
[2026-06-01 05:48:34]   [bench] Running execute remote...
[2026-06-01 05:48:40]   [bench] exit=0 passed=1 failed=0
0 missing_trie_node=0
0
[2026-06-01 05:48:40] 
[2026-06-01 05:48:40]   --- storage_sload_k1_run7 (ubt) write-offset=700000000 K=1 ---
[2026-06-01 05:48:40]   [geth] Stopping (SIGTERM, waiting up to 120s for clean exit): 994505
[2026-06-01 05:48:42]   [geth] exited cleanly after 2s
[2026-06-01 05:48:42]   [cache] OS page cache dropped
Fatal: Could not create the account: account already exists
[2026-06-01 05:48:42]   [geth] Starting (ubt, gd=5, cold=1, dev.period=1, 1tx/block)
[2026-06-01 05:48:42]   [geth] Waiting for RPC...
[2026-06-01 05:48:45]   [geth] RPC ready after 4s
[2026-06-01 05:48:45]   [bench] Running execute remote...
[2026-06-01 05:48:51]   [bench] exit=0 passed=1 failed=0
0 missing_trie_node=0
0
[2026-06-01 05:48:51] 
[2026-06-01 05:48:51]   --- storage_sload_k1_run8 (ubt) write-offset=800000000 K=1 ---
[2026-06-01 05:48:51]   [geth] Stopping (SIGTERM, waiting up to 120s for clean exit): 994589
[2026-06-01 05:48:53]   [geth] exited cleanly after 2s
[2026-06-01 05:48:54]   [cache] OS page cache dropped
Fatal: Could not create the account: account already exists
[2026-06-01 05:48:54]   [geth] Starting (ubt, gd=5, cold=1, dev.period=1, 1tx/block)
[2026-06-01 05:48:54]   [geth] Waiting for RPC...
[2026-06-01 05:48:57]   [geth] RPC ready after 4s
[2026-06-01 05:48:57]   [bench] Running execute remote...
[2026-06-01 05:49:03]   [bench] exit=0 passed=1 failed=0
0 missing_trie_node=0
0
[2026-06-01 05:49:03] 
[2026-06-01 05:49:03]   --- storage_sload_k1_run9 (ubt) write-offset=900000000 K=1 ---
[2026-06-01 05:49:03]   [geth] Stopping (SIGTERM, waiting up to 120s for clean exit): 994675
[2026-06-01 05:49:04]   [geth] exited cleanly after 1s
[2026-06-01 05:49:04]   [cache] OS page cache dropped
Fatal: Could not create the account: account already exists
[2026-06-01 05:49:04]   [geth] Starting (ubt, gd=5, cold=1, dev.period=1, 1tx/block)
[2026-06-01 05:49:04]   [geth] Waiting for RPC...
[2026-06-01 05:49:07]   [geth] RPC ready after 4s
[2026-06-01 05:49:07]   [bench] Running execute remote...
[2026-06-01 05:49:14]   [bench] exit=0 passed=1 failed=0
0 missing_trie_node=0
0
[2026-06-01 05:49:14] 
[2026-06-01 05:49:14]   --- storage_sload_k1_run10 (ubt) write-offset=1000000000 K=1 ---
[2026-06-01 05:49:14]   [geth] Stopping (SIGTERM, waiting up to 120s for clean exit): 994752
[2026-06-01 05:49:15]   [geth] exited cleanly after 1s
[2026-06-01 05:49:15]   [cache] OS page cache dropped
Fatal: Could not create the account: account already exists
[2026-06-01 05:49:15]   [geth] Starting (ubt, gd=5, cold=1, dev.period=1, 1tx/block)
[2026-06-01 05:49:15]   [geth] Waiting for RPC...
[2026-06-01 05:49:18]   [geth] RPC ready after 4s
[2026-06-01 05:49:18]   [bench] Running execute remote...
[2026-06-01 05:49:25]   [bench] exit=0 passed=1 failed=0
0 missing_trie_node=0
0
[2026-06-01 05:49:25] 
[2026-06-01 05:49:25]   --- storage_sload_k1_run11 (ubt) write-offset=1100000000 K=1 ---
[2026-06-01 05:49:25]   [geth] Stopping (SIGTERM, waiting up to 120s for clean exit): 994837
[2026-06-01 05:49:26]   [geth] exited cleanly after 1s
[2026-06-01 05:49:26]   [cache] OS page cache dropped
Fatal: Could not create the account: account already exists
[2026-06-01 05:49:26]   [geth] Starting (ubt, gd=5, cold=1, dev.period=1, 1tx/block)
[2026-06-01 05:49:26]   [geth] Waiting for RPC...
[2026-06-01 05:49:29]   [geth] RPC ready after 4s
[2026-06-01 05:49:29]   [bench] Running execute remote...
[2026-06-01 05:49:37]   [bench] exit=0 passed=1 failed=0
0 missing_trie_node=0
0
[2026-06-01 05:49:37] 
[2026-06-01 05:49:37]   --- storage_sload_k1_run12 (ubt) write-offset=1200000000 K=1 ---
[2026-06-01 05:49:37]   [geth] Stopping (SIGTERM, waiting up to 120s for clean exit): 994913
[2026-06-01 05:49:38]   [geth] exited cleanly after 1s
[2026-06-01 05:49:38]   [cache] OS page cache dropped
Fatal: Could not create the account: account already exists
[2026-06-01 05:49:38]   [geth] Starting (ubt, gd=5, cold=1, dev.period=1, 1tx/block)
[2026-06-01 05:49:38]   [geth] Waiting for RPC...
[2026-06-01 05:49:41]   [geth] RPC ready after 4s
[2026-06-01 05:49:41]   [bench] Running execute remote...
[2026-06-01 05:49:48]   [bench] exit=0 passed=1 failed=0
0 missing_trie_node=0
0
[2026-06-01 05:49:48] 
[2026-06-01 05:49:48]   --- storage_sload_k1_run13 (ubt) write-offset=1300000000 K=1 ---
[2026-06-01 05:49:48]   [geth] Stopping (SIGTERM, waiting up to 120s for clean exit): 994997
[2026-06-01 05:49:49]   [geth] exited cleanly after 1s
[2026-06-01 05:49:49]   [cache] OS page cache dropped
Fatal: Could not create the account: account already exists
[2026-06-01 05:49:49]   [geth] Starting (ubt, gd=5, cold=1, dev.period=1, 1tx/block)
[2026-06-01 05:49:49]   [geth] Waiting for RPC...
[2026-06-01 05:49:52]   [geth] RPC ready after 4s
[2026-06-01 05:49:52]   [bench] Running execute remote...
[2026-06-01 05:50:00]   [bench] exit=0 passed=1 failed=0
0 missing_trie_node=0
0
[2026-06-01 05:50:00] 
[2026-06-01 05:50:00]   --- storage_sload_k1_run14 (ubt) write-offset=1400000000 K=1 ---
[2026-06-01 05:50:00]   [geth] Stopping (SIGTERM, waiting up to 120s for clean exit): 995083
[2026-06-01 05:50:01]   [geth] exited cleanly after 1s
[2026-06-01 05:50:01]   [cache] OS page cache dropped
Fatal: Could not create the account: account already exists
[2026-06-01 05:50:01]   [geth] Starting (ubt, gd=5, cold=1, dev.period=1, 1tx/block)
[2026-06-01 05:50:01]   [geth] Waiting for RPC...
[2026-06-01 05:50:04]   [geth] RPC ready after 4s
[2026-06-01 05:50:04]   [bench] Running execute remote...
[2026-06-01 05:50:11]   [bench] exit=0 passed=1 failed=0
0 missing_trie_node=0
0
[2026-06-01 05:50:11] 
[2026-06-01 05:50:11]   --- storage_sload_k1_run15 (ubt) write-offset=1500000000 K=1 ---
[2026-06-01 05:50:11]   [geth] Stopping (SIGTERM, waiting up to 120s for clean exit): 995161
[2026-06-01 05:50:12]   [geth] exited cleanly after 1s
[2026-06-01 05:50:12]   [cache] OS page cache dropped
Fatal: Could not create the account: account already exists
[2026-06-01 05:50:13]   [geth] Starting (ubt, gd=5, cold=1, dev.period=1, 1tx/block)
[2026-06-01 05:50:13]   [geth] Waiting for RPC...
[2026-06-01 05:50:16]   [geth] RPC ready after 4s
[2026-06-01 05:50:16]   [bench] Running execute remote...
[2026-06-01 05:50:23]   [bench] exit=0 passed=1 failed=0
0 missing_trie_node=0
0
[2026-06-01 05:50:23] 
[2026-06-01 05:50:23]   --- storage_sload_k1_run16 (ubt) write-offset=1600000000 K=1 ---
[2026-06-01 05:50:23]   [geth] Stopping (SIGTERM, waiting up to 120s for clean exit): 995247
[2026-06-01 05:50:24]   [geth] exited cleanly after 1s
[2026-06-01 05:50:24]   [cache] OS page cache dropped
Fatal: Could not create the account: account already exists
[2026-06-01 05:50:24]   [geth] Starting (ubt, gd=5, cold=1, dev.period=1, 1tx/block)
[2026-06-01 05:50:24]   [geth] Waiting for RPC...
[2026-06-01 05:50:27]   [geth] RPC ready after 4s
[2026-06-01 05:50:27]   [bench] Running execute remote...
[2026-06-01 05:50:33]   [bench] exit=0 passed=1 failed=0
0 missing_trie_node=0
0
[2026-06-01 05:50:33] 
[2026-06-01 05:50:33]   --- storage_sload_k1_run17 (ubt) write-offset=1700000000 K=1 ---
[2026-06-01 05:50:33]   [geth] Stopping (SIGTERM, waiting up to 120s for clean exit): 995325
[2026-06-01 05:50:34]   [geth] exited cleanly after 1s
[2026-06-01 05:50:35]   [cache] OS page cache dropped
Fatal: Could not create the account: account already exists
[2026-06-01 05:50:35]   [geth] Starting (ubt, gd=5, cold=1, dev.period=1, 1tx/block)
[2026-06-01 05:50:35]   [geth] Waiting for RPC...
[2026-06-01 05:50:37]   [geth] RPC ready after 3s
[2026-06-01 05:50:37]   [bench] Running execute remote...
[2026-06-01 05:50:43]   [bench] exit=0 passed=1 failed=0
0 missing_trie_node=0
0
[2026-06-01 05:50:43] 
[2026-06-01 05:50:43]   --- storage_sload_k1_run18 (ubt) write-offset=1800000000 K=1 ---
[2026-06-01 05:50:43]   [geth] Stopping (SIGTERM, waiting up to 120s for clean exit): 995401
[2026-06-01 05:50:44]   [geth] exited cleanly after 1s
[2026-06-01 05:50:44]   [cache] OS page cache dropped
Fatal: Could not create the account: account already exists
[2026-06-01 05:50:44]   [geth] Starting (ubt, gd=5, cold=1, dev.period=1, 1tx/block)
[2026-06-01 05:50:44]   [geth] Waiting for RPC...
[2026-06-01 05:50:46]   [geth] RPC ready after 3s
[2026-06-01 05:50:46]   [bench] Running execute remote...
[2026-06-01 05:50:53]   [bench] exit=0 passed=1 failed=0
0 missing_trie_node=0
0
[2026-06-01 05:50:53] 
[2026-06-01 05:50:53]   --- storage_sload_k1_run19 (ubt) write-offset=1900000000 K=1 ---
[2026-06-01 05:50:53]   [geth] Stopping (SIGTERM, waiting up to 120s for clean exit): 995483
[2026-06-01 05:50:54]   [geth] exited cleanly after 1s
[2026-06-01 05:50:54]   [cache] OS page cache dropped
Fatal: Could not create the account: account already exists
[2026-06-01 05:50:54]   [geth] Starting (ubt, gd=5, cold=1, dev.period=1, 1tx/block)
[2026-06-01 05:50:54]   [geth] Waiting for RPC...
[2026-06-01 05:50:56]   [geth] RPC ready after 3s
[2026-06-01 05:50:56]   [bench] Running execute remote...
[2026-06-01 05:51:02]   [bench] exit=0 passed=1 failed=0
0 missing_trie_node=0
0
[2026-06-01 05:51:02] 
[2026-06-01 05:51:02]   --- storage_sload_k1_run20 (ubt) write-offset=2000000000 K=1 ---
[2026-06-01 05:51:02]   [geth] Stopping (SIGTERM, waiting up to 120s for clean exit): 995568
[2026-06-01 05:51:03]   [geth] exited cleanly after 1s
[2026-06-01 05:51:03]   [cache] OS page cache dropped
Fatal: Could not create the account: account already exists
[2026-06-01 05:51:03]   [geth] Starting (ubt, gd=5, cold=1, dev.period=1, 1tx/block)
[2026-06-01 05:51:03]   [geth] Waiting for RPC...
[2026-06-01 05:51:05]   [geth] RPC ready after 3s
[2026-06-01 05:51:06]   [bench] Running execute remote...
[2026-06-01 05:51:13]   [bench] exit=0 passed=1 failed=0
0 missing_trie_node=0
0
[2026-06-01 05:51:13] 
[2026-06-01 05:51:13]   ── BENCHMARK: storage_sload_k10 (pool=256 contracts; effective K=10)
[2026-06-01 05:51:13] 
[2026-06-01 05:51:13]   --- storage_sload_k10_run1 (ubt) write-offset=100000000 K=10 ---
[2026-06-01 05:51:13]   [geth] Stopping (SIGTERM, waiting up to 120s for clean exit): 995643
[2026-06-01 05:51:14]   [geth] exited cleanly after 1s
[2026-06-01 05:51:14]   [cache] OS page cache dropped
Fatal: Could not create the account: account already exists
[2026-06-01 05:51:14]   [geth] Starting (ubt, gd=5, cold=1, dev.period=1, 1tx/block)
[2026-06-01 05:51:14]   [geth] Waiting for RPC...
[2026-06-01 05:51:16]   [geth] RPC ready after 3s
[2026-06-01 05:51:16]   [bench] Running execute remote...
[2026-06-01 05:51:23]   [bench] exit=0 passed=1 failed=0
0 missing_trie_node=0
0
[2026-06-01 05:51:23] 
[2026-06-01 05:51:23]   --- storage_sload_k10_run2 (ubt) write-offset=200000000 K=10 ---
[2026-06-01 05:51:23]   [geth] Stopping (SIGTERM, waiting up to 120s for clean exit): 995750
[2026-06-01 05:51:24]   [geth] exited cleanly after 1s
[2026-06-01 05:51:25]   [cache] OS page cache dropped
Fatal: Could not create the account: account already exists
[2026-06-01 05:51:25]   [geth] Starting (ubt, gd=5, cold=1, dev.period=1, 1tx/block)
[2026-06-01 05:51:25]   [geth] Waiting for RPC...
[2026-06-01 05:51:27]   [geth] RPC ready after 3s
[2026-06-01 05:51:27]   [bench] Running execute remote...
[2026-06-01 05:51:34]   [bench] exit=0 passed=1 failed=0
0 missing_trie_node=0
0
[2026-06-01 05:51:34] 
[2026-06-01 05:51:34]   --- storage_sload_k10_run3 (ubt) write-offset=300000000 K=10 ---
[2026-06-01 05:51:34]   [geth] Stopping (SIGTERM, waiting up to 120s for clean exit): 995825
[2026-06-01 05:51:35]   [geth] exited cleanly after 1s
[2026-06-01 05:51:35]   [cache] OS page cache dropped
Fatal: Could not create the account: account already exists
[2026-06-01 05:51:35]   [geth] Starting (ubt, gd=5, cold=1, dev.period=1, 1tx/block)
[2026-06-01 05:51:35]   [geth] Waiting for RPC...
[2026-06-01 05:51:37]   [geth] RPC ready after 3s
[2026-06-01 05:51:37]   [bench] Running execute remote...
[2026-06-01 05:51:45]   [bench] exit=0 passed=1 failed=0
0 missing_trie_node=0
0
[2026-06-01 05:51:45] 
[2026-06-01 05:51:45]   --- storage_sload_k10_run4 (ubt) write-offset=400000000 K=10 ---
[2026-06-01 05:51:45]   [geth] Stopping (SIGTERM, waiting up to 120s for clean exit): 995903
[2026-06-01 05:51:46]   [geth] exited cleanly after 1s
[2026-06-01 05:51:46]   [cache] OS page cache dropped
Fatal: Could not create the account: account already exists
[2026-06-01 05:51:46]   [geth] Starting (ubt, gd=5, cold=1, dev.period=1, 1tx/block)
[2026-06-01 05:51:46]   [geth] Waiting for RPC...
[2026-06-01 05:51:48]   [geth] RPC ready after 3s
[2026-06-01 05:51:48]   [bench] Running execute remote...
[2026-06-01 05:51:55]   [bench] exit=0 passed=1 failed=0
0 missing_trie_node=0
0
[2026-06-01 05:51:55] 
[2026-06-01 05:51:55]   --- storage_sload_k10_run5 (ubt) write-offset=500000000 K=10 ---
[2026-06-01 05:51:55]   [geth] Stopping (SIGTERM, waiting up to 120s for clean exit): 995986
[2026-06-01 05:51:56]   [geth] exited cleanly after 1s
[2026-06-01 05:51:56]   [cache] OS page cache dropped
Fatal: Could not create the account: account already exists
[2026-06-01 05:51:56]   [geth] Starting (ubt, gd=5, cold=1, dev.period=1, 1tx/block)
[2026-06-01 05:51:56]   [geth] Waiting for RPC...
[2026-06-01 05:51:58]   [geth] RPC ready after 3s
[2026-06-01 05:51:58]   [bench] Running execute remote...
[2026-06-01 05:52:05]   [bench] exit=0 passed=1 failed=0
0 missing_trie_node=0
0
[2026-06-01 05:52:05] 
[2026-06-01 05:52:05]   --- storage_sload_k10_run6 (ubt) write-offset=600000000 K=10 ---
[2026-06-01 05:52:05]   [geth] Stopping (SIGTERM, waiting up to 120s for clean exit): 996060
[2026-06-01 05:52:06]   [geth] exited cleanly after 1s
[2026-06-01 05:52:06]   [cache] OS page cache dropped
Fatal: Could not create the account: account already exists
[2026-06-01 05:52:06]   [geth] Starting (ubt, gd=5, cold=1, dev.period=1, 1tx/block)
[2026-06-01 05:52:06]   [geth] Waiting for RPC...
[2026-06-01 05:52:08]   [geth] RPC ready after 3s
[2026-06-01 05:52:08]   [bench] Running execute remote...
[2026-06-01 05:52:15]   [bench] exit=0 passed=1 failed=0
0 missing_trie_node=0
0
[2026-06-01 05:52:15] 
[2026-06-01 05:52:15]   --- storage_sload_k10_run7 (ubt) write-offset=700000000 K=10 ---
[2026-06-01 05:52:15]   [geth] Stopping (SIGTERM, waiting up to 120s for clean exit): 996139
[2026-06-01 05:52:16]   [geth] exited cleanly after 1s
[2026-06-01 05:52:16]   [cache] OS page cache dropped
Fatal: Could not create the account: account already exists
[2026-06-01 05:52:16]   [geth] Starting (ubt, gd=5, cold=1, dev.period=1, 1tx/block)
[2026-06-01 05:52:16]   [geth] Waiting for RPC...
[2026-06-01 05:52:19]   [geth] RPC ready after 3s
[2026-06-01 05:52:19]   [bench] Running execute remote...
[2026-06-01 05:52:26]   [bench] exit=0 passed=1 failed=0
0 missing_trie_node=0
0
[2026-06-01 05:52:26] 
[2026-06-01 05:52:26]   --- storage_sload_k10_run8 (ubt) write-offset=800000000 K=10 ---
[2026-06-01 05:52:26]   [geth] Stopping (SIGTERM, waiting up to 120s for clean exit): 996223
[2026-06-01 05:52:27]   [geth] exited cleanly after 1s
[2026-06-01 05:52:27]   [cache] OS page cache dropped
Fatal: Could not create the account: account already exists
[2026-06-01 05:52:27]   [geth] Starting (ubt, gd=5, cold=1, dev.period=1, 1tx/block)
[2026-06-01 05:52:27]   [geth] Waiting for RPC...
[2026-06-01 05:52:29]   [geth] RPC ready after 3s
[2026-06-01 05:52:29]   [bench] Running execute remote...
[2026-06-01 05:52:36]   [bench] exit=0 passed=1 failed=0
0 missing_trie_node=0
0
[2026-06-01 05:52:36] 
[2026-06-01 05:52:36]   --- storage_sload_k10_run9 (ubt) write-offset=900000000 K=10 ---
[2026-06-01 05:52:36]   [geth] Stopping (SIGTERM, waiting up to 120s for clean exit): 996298
[2026-06-01 05:52:37]   [geth] exited cleanly after 1s
[2026-06-01 05:52:38]   [cache] OS page cache dropped
Fatal: Could not create the account: account already exists
[2026-06-01 05:52:38]   [geth] Starting (ubt, gd=5, cold=1, dev.period=1, 1tx/block)
[2026-06-01 05:52:38]   [geth] Waiting for RPC...
[2026-06-01 05:52:40]   [geth] RPC ready after 3s
[2026-06-01 05:52:40]   [bench] Running execute remote...
[2026-06-01 05:52:47]   [bench] exit=0 passed=1 failed=0
0 missing_trie_node=0
0
[2026-06-01 05:52:47] 
[2026-06-01 05:52:47]   --- storage_sload_k10_run10 (ubt) write-offset=1000000000 K=10 ---
[2026-06-01 05:52:47]   [geth] Stopping (SIGTERM, waiting up to 120s for clean exit): 996375
[2026-06-01 05:52:48]   [geth] exited cleanly after 1s
[2026-06-01 05:52:48]   [cache] OS page cache dropped
Fatal: Could not create the account: account already exists
[2026-06-01 05:52:48]   [geth] Starting (ubt, gd=5, cold=1, dev.period=1, 1tx/block)
[2026-06-01 05:52:48]   [geth] Waiting for RPC...
[2026-06-01 05:52:50]   [geth] RPC ready after 3s
[2026-06-01 05:52:50]   [bench] Running execute remote...
[2026-06-01 05:52:57]   [bench] exit=0 passed=1 failed=0
0 missing_trie_node=0
0
[2026-06-01 05:52:57] 
[2026-06-01 05:52:57]   --- storage_sload_k10_run11 (ubt) write-offset=1100000000 K=10 ---
[2026-06-01 05:52:57]   [geth] Stopping (SIGTERM, waiting up to 120s for clean exit): 996458
[2026-06-01 05:52:59]   [geth] exited cleanly after 1s
[2026-06-01 05:52:59]   [cache] OS page cache dropped
Fatal: Could not create the account: account already exists
[2026-06-01 05:52:59]   [geth] Starting (ubt, gd=5, cold=1, dev.period=1, 1tx/block)
[2026-06-01 05:52:59]   [geth] Waiting for RPC...
[2026-06-01 05:53:01]   [geth] RPC ready after 3s
[2026-06-01 05:53:01]   [bench] Running execute remote...
[2026-06-01 05:53:08]   [bench] exit=0 passed=1 failed=0
0 missing_trie_node=0
0
[2026-06-01 05:53:08] 
[2026-06-01 05:53:08]   --- storage_sload_k10_run12 (ubt) write-offset=1200000000 K=10 ---
[2026-06-01 05:53:08]   [geth] Stopping (SIGTERM, waiting up to 120s for clean exit): 996533
[2026-06-01 05:53:09]   [geth] exited cleanly after 1s
[2026-06-01 05:53:09]   [cache] OS page cache dropped
Fatal: Could not create the account: account already exists
[2026-06-01 05:53:09]   [geth] Starting (ubt, gd=5, cold=1, dev.period=1, 1tx/block)
[2026-06-01 05:53:09]   [geth] Waiting for RPC...
[2026-06-01 05:53:11]   [geth] RPC ready after 3s
[2026-06-01 05:53:11]   [bench] Running execute remote...
[2026-06-01 05:53:19]   [bench] exit=0 passed=1 failed=0
0 missing_trie_node=0
0
[2026-06-01 05:53:19] 
[2026-06-01 05:53:19]   --- storage_sload_k10_run13 (ubt) write-offset=1300000000 K=10 ---
[2026-06-01 05:53:19]   [geth] Stopping (SIGTERM, waiting up to 120s for clean exit): 996609
[2026-06-01 05:53:20]   [geth] exited cleanly after 1s
[2026-06-01 05:53:20]   [cache] OS page cache dropped
Fatal: Could not create the account: account already exists
[2026-06-01 05:53:20]   [geth] Starting (ubt, gd=5, cold=1, dev.period=1, 1tx/block)
[2026-06-01 05:53:20]   [geth] Waiting for RPC...
[2026-06-01 05:53:22]   [geth] RPC ready after 3s
[2026-06-01 05:53:22]   [bench] Running execute remote...
[2026-06-01 05:53:29]   [bench] exit=0 passed=1 failed=0
0 missing_trie_node=0
0
[2026-06-01 05:53:29] 
[2026-06-01 05:53:29]   --- storage_sload_k10_run14 (ubt) write-offset=1400000000 K=10 ---
[2026-06-01 05:53:29]   [geth] Stopping (SIGTERM, waiting up to 120s for clean exit): 996691
[2026-06-01 05:53:30]   [geth] exited cleanly after 1s
[2026-06-01 05:53:30]   [cache] OS page cache dropped
Fatal: Could not create the account: account already exists
[2026-06-01 05:53:30]   [geth] Starting (ubt, gd=5, cold=1, dev.period=1, 1tx/block)
[2026-06-01 05:53:30]   [geth] Waiting for RPC...
[2026-06-01 05:53:32]   [geth] RPC ready after 3s
[2026-06-01 05:53:32]   [bench] Running execute remote...
[2026-06-01 05:53:40]   [bench] exit=0 passed=1 failed=0
0 missing_trie_node=0
0
[2026-06-01 05:53:40] 
[2026-06-01 05:53:40]   --- storage_sload_k10_run15 (ubt) write-offset=1500000000 K=10 ---
[2026-06-01 05:53:40]   [geth] Stopping (SIGTERM, waiting up to 120s for clean exit): 996766
[2026-06-01 05:53:41]   [geth] exited cleanly after 1s
[2026-06-01 05:53:41]   [cache] OS page cache dropped
Fatal: Could not create the account: account already exists
[2026-06-01 05:53:41]   [geth] Starting (ubt, gd=5, cold=1, dev.period=1, 1tx/block)
[2026-06-01 05:53:41]   [geth] Waiting for RPC...
[2026-06-01 05:53:43]   [geth] RPC ready after 3s
[2026-06-01 05:53:43]   [bench] Running execute remote...
[2026-06-01 05:53:50]   [bench] exit=0 passed=1 failed=0
0 missing_trie_node=0
0
[2026-06-01 05:53:50] 
[2026-06-01 05:53:50]   --- storage_sload_k10_run16 (ubt) write-offset=1600000000 K=10 ---
[2026-06-01 05:53:50]   [geth] Stopping (SIGTERM, waiting up to 120s for clean exit): 996841
[2026-06-01 05:53:51]   [geth] exited cleanly after 1s
[2026-06-01 05:53:51]   [cache] OS page cache dropped
Fatal: Could not create the account: account already exists
[2026-06-01 05:53:51]   [geth] Starting (ubt, gd=5, cold=1, dev.period=1, 1tx/block)
[2026-06-01 05:53:51]   [geth] Waiting for RPC...
[2026-06-01 05:53:53]   [geth] RPC ready after 3s
[2026-06-01 05:53:53]   [bench] Running execute remote...
[2026-06-01 05:54:01]   [bench] exit=0 passed=1 failed=0
0 missing_trie_node=0
0
[2026-06-01 05:54:01] 
[2026-06-01 05:54:01]   --- storage_sload_k10_run17 (ubt) write-offset=1700000000 K=10 ---
[2026-06-01 05:54:01]   [geth] Stopping (SIGTERM, waiting up to 120s for clean exit): 996924
[2026-06-01 05:54:02]   [geth] exited cleanly after 1s
[2026-06-01 05:54:02]   [cache] OS page cache dropped
Fatal: Could not create the account: account already exists
[2026-06-01 05:54:02]   [geth] Starting (ubt, gd=5, cold=1, dev.period=1, 1tx/block)
[2026-06-01 05:54:02]   [geth] Waiting for RPC...
[2026-06-01 05:54:04]   [geth] RPC ready after 3s
[2026-06-01 05:54:04]   [bench] Running execute remote...
[2026-06-01 05:54:11]   [bench] exit=0 passed=1 failed=0
0 missing_trie_node=0
0
[2026-06-01 05:54:11] 
[2026-06-01 05:54:11]   --- storage_sload_k10_run18 (ubt) write-offset=1800000000 K=10 ---
[2026-06-01 05:54:11]   [geth] Stopping (SIGTERM, waiting up to 120s for clean exit): 996999
[2026-06-01 05:54:12]   [geth] exited cleanly after 1s
[2026-06-01 05:54:12]   [cache] OS page cache dropped
Fatal: Could not create the account: account already exists
[2026-06-01 05:54:13]   [geth] Starting (ubt, gd=5, cold=1, dev.period=1, 1tx/block)
[2026-06-01 05:54:13]   [geth] Waiting for RPC...
[2026-06-01 05:54:15]   [geth] RPC ready after 3s
[2026-06-01 05:54:15]   [bench] Running execute remote...
[2026-06-01 05:54:22]   [bench] exit=0 passed=1 failed=0
0 missing_trie_node=0
0
[2026-06-01 05:54:22] 
[2026-06-01 05:54:22]   --- storage_sload_k10_run19 (ubt) write-offset=1900000000 K=10 ---
[2026-06-01 05:54:22]   [geth] Stopping (SIGTERM, waiting up to 120s for clean exit): 997075
[2026-06-01 05:54:23]   [geth] exited cleanly after 1s
[2026-06-01 05:54:23]   [cache] OS page cache dropped
Fatal: Could not create the account: account already exists
[2026-06-01 05:54:23]   [geth] Starting (ubt, gd=5, cold=1, dev.period=1, 1tx/block)
[2026-06-01 05:54:23]   [geth] Waiting for RPC...
[2026-06-01 05:54:25]   [geth] RPC ready after 3s
[2026-06-01 05:54:25]   [bench] Running execute remote...
[2026-06-01 05:54:32]   [bench] exit=0 passed=1 failed=0
0 missing_trie_node=0
0
[2026-06-01 05:54:32] 
[2026-06-01 05:54:32]   --- storage_sload_k10_run20 (ubt) write-offset=2000000000 K=10 ---
[2026-06-01 05:54:32]   [geth] Stopping (SIGTERM, waiting up to 120s for clean exit): 997155
[2026-06-01 05:54:33]   [geth] exited cleanly after 1s
[2026-06-01 05:54:33]   [cache] OS page cache dropped
Fatal: Could not create the account: account already exists
[2026-06-01 05:54:33]   [geth] Starting (ubt, gd=5, cold=1, dev.period=1, 1tx/block)
[2026-06-01 05:54:33]   [geth] Waiting for RPC...
[2026-06-01 05:54:36]   [geth] RPC ready after 3s
[2026-06-01 05:54:36]   [bench] Running execute remote...
[2026-06-01 05:54:43]   [bench] exit=0 passed=1 failed=0
0 missing_trie_node=0
0
[2026-06-01 05:54:43] 
[2026-06-01 05:54:43]   ── BENCHMARK: storage_sload_k100 (pool=256 contracts; effective K=100)
[2026-06-01 05:54:43] 
[2026-06-01 05:54:43]   --- storage_sload_k100_run1 (ubt) write-offset=100000000 K=100 ---
[2026-06-01 05:54:43]   [geth] Stopping (SIGTERM, waiting up to 120s for clean exit): 997228
[2026-06-01 05:54:44]   [geth] exited cleanly after 1s
[2026-06-01 05:54:44]   [cache] OS page cache dropped
Fatal: Could not create the account: account already exists
[2026-06-01 05:54:44]   [geth] Starting (ubt, gd=5, cold=1, dev.period=1, 1tx/block)
[2026-06-01 05:54:44]   [geth] Waiting for RPC...
[2026-06-01 05:54:46]   [geth] RPC ready after 3s
[2026-06-01 05:54:46]   [bench] Running execute remote...
[2026-06-01 05:54:53]   [bench] exit=0 passed=1 failed=0
0 missing_trie_node=0
0
[2026-06-01 05:54:53] 
[2026-06-01 05:54:53]   --- storage_sload_k100_run2 (ubt) write-offset=200000000 K=100 ---
[2026-06-01 05:54:53]   [geth] Stopping (SIGTERM, waiting up to 120s for clean exit): 997339
[2026-06-01 05:54:54]   [geth] exited cleanly after 1s
[2026-06-01 05:54:54]   [cache] OS page cache dropped
Fatal: Could not create the account: account already exists
[2026-06-01 05:54:55]   [geth] Starting (ubt, gd=5, cold=1, dev.period=1, 1tx/block)
[2026-06-01 05:54:55]   [geth] Waiting for RPC...
[2026-06-01 05:54:57]   [geth] RPC ready after 3s
[2026-06-01 05:54:57]   [bench] Running execute remote...
[2026-06-01 05:55:04]   [bench] exit=0 passed=1 failed=0
0 missing_trie_node=0
0
[2026-06-01 05:55:04] 
[2026-06-01 05:55:04]   --- storage_sload_k100_run3 (ubt) write-offset=300000000 K=100 ---
[2026-06-01 05:55:04]   [geth] Stopping (SIGTERM, waiting up to 120s for clean exit): 997414
[2026-06-01 05:55:05]   [geth] exited cleanly after 1s
[2026-06-01 05:55:05]   [cache] OS page cache dropped
Fatal: Could not create the account: account already exists
[2026-06-01 05:55:05]   [geth] Starting (ubt, gd=5, cold=1, dev.period=1, 1tx/block)
[2026-06-01 05:55:05]   [geth] Waiting for RPC...
[2026-06-01 05:55:07]   [geth] RPC ready after 3s
[2026-06-01 05:55:07]   [bench] Running execute remote...
[2026-06-01 05:55:14]   [bench] exit=0 passed=1 failed=0
0 missing_trie_node=0
0
[2026-06-01 05:55:14] 
[2026-06-01 05:55:14]   --- storage_sload_k100_run4 (ubt) write-offset=400000000 K=100 ---
[2026-06-01 05:55:14]   [geth] Stopping (SIGTERM, waiting up to 120s for clean exit): 997489
[2026-06-01 05:55:15]   [geth] exited cleanly after 1s
[2026-06-01 05:55:15]   [cache] OS page cache dropped
Fatal: Could not create the account: account already exists
[2026-06-01 05:55:16]   [geth] Starting (ubt, gd=5, cold=1, dev.period=1, 1tx/block)
[2026-06-01 05:55:16]   [geth] Waiting for RPC...
[2026-06-01 05:55:18]   [geth] RPC ready after 3s
[2026-06-01 05:55:18]   [bench] Running execute remote...
[2026-06-01 05:55:25]   [bench] exit=0 passed=1 failed=0
0 missing_trie_node=0
0
[2026-06-01 05:55:25] 
[2026-06-01 05:55:25]   --- storage_sload_k100_run5 (ubt) write-offset=500000000 K=100 ---
[2026-06-01 05:55:25]   [geth] Stopping (SIGTERM, waiting up to 120s for clean exit): 997566
[2026-06-01 05:55:26]   [geth] exited cleanly after 1s
[2026-06-01 05:55:26]   [cache] OS page cache dropped
Fatal: Could not create the account: account already exists
[2026-06-01 05:55:26]   [geth] Starting (ubt, gd=5, cold=1, dev.period=1, 1tx/block)
[2026-06-01 05:55:26]   [geth] Waiting for RPC...
[2026-06-01 05:55:28]   [geth] RPC ready after 3s
[2026-06-01 05:55:28]   [bench] Running execute remote...
[2026-06-01 05:55:34]   [bench] exit=0 passed=1 failed=0
0 missing_trie_node=0
0
[2026-06-01 05:55:34] 
[2026-06-01 05:55:34]   --- storage_sload_k100_run6 (ubt) write-offset=600000000 K=100 ---
[2026-06-01 05:55:34]   [geth] Stopping (SIGTERM, waiting up to 120s for clean exit): 997639
[2026-06-01 05:55:35]   [geth] exited cleanly after 1s
[2026-06-01 05:55:36]   [cache] OS page cache dropped
Fatal: Could not create the account: account already exists
[2026-06-01 05:55:36]   [geth] Starting (ubt, gd=5, cold=1, dev.period=1, 1tx/block)
[2026-06-01 05:55:36]   [geth] Waiting for RPC...
[2026-06-01 05:55:38]   [geth] RPC ready after 3s
[2026-06-01 05:55:38]   [bench] Running execute remote...
[2026-06-01 05:55:45]   [bench] exit=0 passed=1 failed=0
0 missing_trie_node=0
0
[2026-06-01 05:55:45] 
[2026-06-01 05:55:45]   --- storage_sload_k100_run7 (ubt) write-offset=700000000 K=100 ---
[2026-06-01 05:55:45]   [geth] Stopping (SIGTERM, waiting up to 120s for clean exit): 997714
[2026-06-01 05:55:46]   [geth] exited cleanly after 1s
[2026-06-01 05:55:46]   [cache] OS page cache dropped
Fatal: Could not create the account: account already exists
[2026-06-01 05:55:46]   [geth] Starting (ubt, gd=5, cold=1, dev.period=1, 1tx/block)
[2026-06-01 05:55:46]   [geth] Waiting for RPC...
[2026-06-01 05:55:48]   [geth] RPC ready after 3s
[2026-06-01 05:55:48]   [bench] Running execute remote...
[2026-06-01 05:55:55]   [bench] exit=0 passed=1 failed=0
0 missing_trie_node=0
0
[2026-06-01 05:55:55] 
[2026-06-01 05:55:55]   --- storage_sload_k100_run8 (ubt) write-offset=800000000 K=100 ---
[2026-06-01 05:55:55]   [geth] Stopping (SIGTERM, waiting up to 120s for clean exit): 997791
[2026-06-01 05:55:56]   [geth] exited cleanly after 1s
[2026-06-01 05:55:56]   [cache] OS page cache dropped
Fatal: Could not create the account: account already exists
[2026-06-01 05:55:57]   [geth] Starting (ubt, gd=5, cold=1, dev.period=1, 1tx/block)
[2026-06-01 05:55:57]   [geth] Waiting for RPC...
[2026-06-01 05:55:59]   [geth] RPC ready after 3s
[2026-06-01 05:55:59]   [bench] Running execute remote...
[2026-06-01 05:56:06]   [bench] exit=0 passed=1 failed=0
0 missing_trie_node=0
0
[2026-06-01 05:56:06] 
[2026-06-01 05:56:06]   --- storage_sload_k100_run9 (ubt) write-offset=900000000 K=100 ---
[2026-06-01 05:56:06]   [geth] Stopping (SIGTERM, waiting up to 120s for clean exit): 997872
[2026-06-01 05:56:07]   [geth] exited cleanly after 1s
[2026-06-01 05:56:07]   [cache] OS page cache dropped
Fatal: Could not create the account: account already exists
[2026-06-01 05:56:07]   [geth] Starting (ubt, gd=5, cold=1, dev.period=1, 1tx/block)
[2026-06-01 05:56:07]   [geth] Waiting for RPC...
[2026-06-01 05:56:09]   [geth] RPC ready after 3s
[2026-06-01 05:56:09]   [bench] Running execute remote...
[2026-06-01 05:56:16]   [bench] exit=0 passed=1 failed=0
0 missing_trie_node=0
0
[2026-06-01 05:56:16] 
[2026-06-01 05:56:16]   --- storage_sload_k100_run10 (ubt) write-offset=1000000000 K=100 ---
[2026-06-01 05:56:16]   [geth] Stopping (SIGTERM, waiting up to 120s for clean exit): 997961
[2026-06-01 05:56:17]   [geth] exited cleanly after 1s
[2026-06-01 05:56:18]   [cache] OS page cache dropped
Fatal: Could not create the account: account already exists
[2026-06-01 05:56:18]   [geth] Starting (ubt, gd=5, cold=1, dev.period=1, 1tx/block)
[2026-06-01 05:56:18]   [geth] Waiting for RPC...
[2026-06-01 05:56:20]   [geth] RPC ready after 3s
[2026-06-01 05:56:20]   [bench] Running execute remote...
[2026-06-01 05:56:26]   [bench] exit=0 passed=1 failed=0
0 missing_trie_node=0
0
[2026-06-01 05:56:26] 
[2026-06-01 05:56:26]   --- storage_sload_k100_run11 (ubt) write-offset=1100000000 K=100 ---
[2026-06-01 05:56:26]   [geth] Stopping (SIGTERM, waiting up to 120s for clean exit): 998042
[2026-06-01 05:56:27]   [geth] exited cleanly after 1s
[2026-06-01 05:56:27]   [cache] OS page cache dropped
Fatal: Could not create the account: account already exists
[2026-06-01 05:56:27]   [geth] Starting (ubt, gd=5, cold=1, dev.period=1, 1tx/block)
[2026-06-01 05:56:27]   [geth] Waiting for RPC...
[2026-06-01 05:56:29]   [geth] RPC ready after 3s
[2026-06-01 05:56:29]   [bench] Running execute remote...
[2026-06-01 05:56:36]   [bench] exit=0 passed=1 failed=0
0 missing_trie_node=0
0
[2026-06-01 05:56:36] 
[2026-06-01 05:56:36]   --- storage_sload_k100_run12 (ubt) write-offset=1200000000 K=100 ---
[2026-06-01 05:56:36]   [geth] Stopping (SIGTERM, waiting up to 120s for clean exit): 998117
[2026-06-01 05:56:37]   [geth] exited cleanly after 1s
[2026-06-01 05:56:38]   [cache] OS page cache dropped
Fatal: Could not create the account: account already exists
[2026-06-01 05:56:38]   [geth] Starting (ubt, gd=5, cold=1, dev.period=1, 1tx/block)
[2026-06-01 05:56:38]   [geth] Waiting for RPC...
[2026-06-01 05:56:40]   [geth] RPC ready after 3s
[2026-06-01 05:56:40]   [bench] Running execute remote...
[2026-06-01 05:56:47]   [bench] exit=0 passed=1 failed=0
0 missing_trie_node=0
0
[2026-06-01 05:56:47] 
[2026-06-01 05:56:47]   --- storage_sload_k100_run13 (ubt) write-offset=1300000000 K=100 ---
[2026-06-01 05:56:47]   [geth] Stopping (SIGTERM, waiting up to 120s for clean exit): 998194
[2026-06-01 05:56:48]   [geth] exited cleanly after 1s
[2026-06-01 05:56:48]   [cache] OS page cache dropped
Fatal: Could not create the account: account already exists
[2026-06-01 05:56:48]   [geth] Starting (ubt, gd=5, cold=1, dev.period=1, 1tx/block)
[2026-06-01 05:56:48]   [geth] Waiting for RPC...
[2026-06-01 05:56:50]   [geth] RPC ready after 3s
[2026-06-01 05:56:50]   [bench] Running execute remote...
[2026-06-01 05:56:58]   [bench] exit=0 passed=1 failed=0
0 missing_trie_node=0
0
[2026-06-01 05:56:58] 
[2026-06-01 05:56:58]   --- storage_sload_k100_run14 (ubt) write-offset=1400000000 K=100 ---
[2026-06-01 05:56:58]   [geth] Stopping (SIGTERM, waiting up to 120s for clean exit): 998275
[2026-06-01 05:56:59]   [geth] exited cleanly after 1s
[2026-06-01 05:56:59]   [cache] OS page cache dropped
Fatal: Could not create the account: account already exists
[2026-06-01 05:56:59]   [geth] Starting (ubt, gd=5, cold=1, dev.period=1, 1tx/block)
[2026-06-01 05:56:59]   [geth] Waiting for RPC...
[2026-06-01 05:57:01]   [geth] RPC ready after 3s
[2026-06-01 05:57:01]   [bench] Running execute remote...
[2026-06-01 05:57:08]   [bench] exit=0 passed=1 failed=0
0 missing_trie_node=0
0
[2026-06-01 05:57:08] 
[2026-06-01 05:57:08]   --- storage_sload_k100_run15 (ubt) write-offset=1500000000 K=100 ---
[2026-06-01 05:57:08]   [geth] Stopping (SIGTERM, waiting up to 120s for clean exit): 998350
[2026-06-01 05:57:09]   [geth] exited cleanly after 1s
[2026-06-01 05:57:09]   [cache] OS page cache dropped
Fatal: Could not create the account: account already exists
[2026-06-01 05:57:09]   [geth] Starting (ubt, gd=5, cold=1, dev.period=1, 1tx/block)
[2026-06-01 05:57:09]   [geth] Waiting for RPC...
[2026-06-01 05:57:11]   [geth] RPC ready after 3s
[2026-06-01 05:57:11]   [bench] Running execute remote...
[2026-06-01 05:57:19]   [bench] exit=0 passed=1 failed=0
0 missing_trie_node=0
0
[2026-06-01 05:57:19] 
[2026-06-01 05:57:19]   --- storage_sload_k100_run16 (ubt) write-offset=1600000000 K=100 ---
[2026-06-01 05:57:19]   [geth] Stopping (SIGTERM, waiting up to 120s for clean exit): 998426
[2026-06-01 05:57:20]   [geth] exited cleanly after 1s
[2026-06-01 05:57:20]   [cache] OS page cache dropped
Fatal: Could not create the account: account already exists
[2026-06-01 05:57:20]   [geth] Starting (ubt, gd=5, cold=1, dev.period=1, 1tx/block)
[2026-06-01 05:57:20]   [geth] Waiting for RPC...
[2026-06-01 05:57:22]   [geth] RPC ready after 3s
[2026-06-01 05:57:22]   [bench] Running execute remote...
[2026-06-01 05:57:29]   [bench] exit=0 passed=1 failed=0
0 missing_trie_node=0
0
[2026-06-01 05:57:29] 
[2026-06-01 05:57:29]   --- storage_sload_k100_run17 (ubt) write-offset=1700000000 K=100 ---
[2026-06-01 05:57:29]   [geth] Stopping (SIGTERM, waiting up to 120s for clean exit): 998503
[2026-06-01 05:57:30]   [geth] exited cleanly after 1s
[2026-06-01 05:57:30]   [cache] OS page cache dropped
Fatal: Could not create the account: account already exists
[2026-06-01 05:57:30]   [geth] Starting (ubt, gd=5, cold=1, dev.period=1, 1tx/block)
[2026-06-01 05:57:30]   [geth] Waiting for RPC...
[2026-06-01 05:57:32]   [geth] RPC ready after 3s
[2026-06-01 05:57:32]   [bench] Running execute remote...
[2026-06-01 05:57:40]   [bench] exit=0 passed=1 failed=0
0 missing_trie_node=0
0
[2026-06-01 05:57:40] 
[2026-06-01 05:57:40]   --- storage_sload_k100_run18 (ubt) write-offset=1800000000 K=100 ---
[2026-06-01 05:57:40]   [geth] Stopping (SIGTERM, waiting up to 120s for clean exit): 998579
[2026-06-01 05:57:41]   [geth] exited cleanly after 1s
[2026-06-01 05:57:41]   [cache] OS page cache dropped
Fatal: Could not create the account: account already exists
[2026-06-01 05:57:41]   [geth] Starting (ubt, gd=5, cold=1, dev.period=1, 1tx/block)
[2026-06-01 05:57:41]   [geth] Waiting for RPC...
[2026-06-01 05:57:43]   [geth] RPC ready after 3s
[2026-06-01 05:57:43]   [bench] Running execute remote...
[2026-06-01 05:57:49]   [bench] exit=0 passed=1 failed=0
0 missing_trie_node=0
0
[2026-06-01 05:57:49] 
[2026-06-01 05:57:49]   --- storage_sload_k100_run19 (ubt) write-offset=1900000000 K=100 ---
[2026-06-01 05:57:49]   [geth] Stopping (SIGTERM, waiting up to 120s for clean exit): 998655
[2026-06-01 05:57:50]   [geth] exited cleanly after 1s
[2026-06-01 05:57:50]   [cache] OS page cache dropped
Fatal: Could not create the account: account already exists
[2026-06-01 05:57:51]   [geth] Starting (ubt, gd=5, cold=1, dev.period=1, 1tx/block)
[2026-06-01 05:57:51]   [geth] Waiting for RPC...
[2026-06-01 05:57:53]   [geth] RPC ready after 3s
[2026-06-01 05:57:53]   [bench] Running execute remote...
[2026-06-01 05:58:00]   [bench] exit=0 passed=1 failed=0
0 missing_trie_node=0
0
[2026-06-01 05:58:00] 
[2026-06-01 05:58:00]   --- storage_sload_k100_run20 (ubt) write-offset=2000000000 K=100 ---
[2026-06-01 05:58:00]   [geth] Stopping (SIGTERM, waiting up to 120s for clean exit): 998737
[2026-06-01 05:58:01]   [geth] exited cleanly after 1s
[2026-06-01 05:58:01]   [cache] OS page cache dropped
Fatal: Could not create the account: account already exists
[2026-06-01 05:58:01]   [geth] Starting (ubt, gd=5, cold=1, dev.period=1, 1tx/block)
[2026-06-01 05:58:01]   [geth] Waiting for RPC...
[2026-06-01 05:58:03]   [geth] RPC ready after 3s
[2026-06-01 05:58:03]   [bench] Running execute remote...
[2026-06-01 05:58:10]   [bench] exit=0 passed=1 failed=0
0 missing_trie_node=0
0
[2026-06-01 05:58:10] 
[2026-06-01 05:58:10]   ── BENCHMARK: storage_sload_k256 (pool=256 contracts; effective K=256)
[2026-06-01 05:58:10] 
[2026-06-01 05:58:10]   --- storage_sload_k256_run1 (ubt) write-offset=100000000 K=256 ---
[2026-06-01 05:58:10]   [geth] Stopping (SIGTERM, waiting up to 120s for clean exit): 998815
[2026-06-01 05:58:11]   [geth] exited cleanly after 1s
[2026-06-01 05:58:12]   [cache] OS page cache dropped
Fatal: Could not create the account: account already exists
[2026-06-01 05:58:12]   [geth] Starting (ubt, gd=5, cold=1, dev.period=1, 1tx/block)
[2026-06-01 05:58:12]   [geth] Waiting for RPC...
[2026-06-01 05:58:14]   [geth] RPC ready after 3s
[2026-06-01 05:58:14]   [bench] Running execute remote...
[2026-06-01 05:58:21]   [bench] exit=0 passed=1 failed=0
0 missing_trie_node=0
0
[2026-06-01 05:58:21] 
[2026-06-01 05:58:21]   --- storage_sload_k256_run2 (ubt) write-offset=200000000 K=256 ---
[2026-06-01 05:58:21]   [geth] Stopping (SIGTERM, waiting up to 120s for clean exit): 998914
[2026-06-01 05:58:22]   [geth] exited cleanly after 1s
[2026-06-01 05:58:22]   [cache] OS page cache dropped
Fatal: Could not create the account: account already exists
[2026-06-01 05:58:22]   [geth] Starting (ubt, gd=5, cold=1, dev.period=1, 1tx/block)
[2026-06-01 05:58:22]   [geth] Waiting for RPC...
[2026-06-01 05:58:24]   [geth] RPC ready after 3s
[2026-06-01 05:58:24]   [bench] Running execute remote...
[2026-06-01 05:58:32]   [bench] exit=0 passed=1 failed=0
0 missing_trie_node=0
0
[2026-06-01 05:58:32] 
[2026-06-01 05:58:32]   --- storage_sload_k256_run3 (ubt) write-offset=300000000 K=256 ---
[2026-06-01 05:58:32]   [geth] Stopping (SIGTERM, waiting up to 120s for clean exit): 998996
[2026-06-01 05:58:33]   [geth] exited cleanly after 1s
[2026-06-01 05:58:33]   [cache] OS page cache dropped
Fatal: Could not create the account: account already exists
[2026-06-01 05:58:33]   [geth] Starting (ubt, gd=5, cold=1, dev.period=1, 1tx/block)
[2026-06-01 05:58:33]   [geth] Waiting for RPC...
[2026-06-01 05:58:35]   [geth] RPC ready after 3s
[2026-06-01 05:58:35]   [bench] Running execute remote...
[2026-06-01 05:58:42]   [bench] exit=0 passed=1 failed=0
0 missing_trie_node=0
0
[2026-06-01 05:58:42] 
[2026-06-01 05:58:42]   --- storage_sload_k256_run4 (ubt) write-offset=400000000 K=256 ---
[2026-06-01 05:58:42]   [geth] Stopping (SIGTERM, waiting up to 120s for clean exit): 999073
[2026-06-01 05:58:43]   [geth] exited cleanly after 1s
[2026-06-01 05:58:44]   [cache] OS page cache dropped
Fatal: Could not create the account: account already exists
[2026-06-01 05:58:44]   [geth] Starting (ubt, gd=5, cold=1, dev.period=1, 1tx/block)
[2026-06-01 05:58:44]   [geth] Waiting for RPC...
[2026-06-01 05:58:46]   [geth] RPC ready after 3s
[2026-06-01 05:58:46]   [bench] Running execute remote...
[2026-06-01 05:58:53]   [bench] exit=0 passed=1 failed=0
0 missing_trie_node=0
0
[2026-06-01 05:58:53] 
[2026-06-01 05:58:53]   --- storage_sload_k256_run5 (ubt) write-offset=500000000 K=256 ---
[2026-06-01 05:58:53]   [geth] Stopping (SIGTERM, waiting up to 120s for clean exit): 999150
[2026-06-01 05:58:54]   [geth] exited cleanly after 1s
[2026-06-01 05:58:54]   [cache] OS page cache dropped
Fatal: Could not create the account: account already exists
[2026-06-01 05:58:54]   [geth] Starting (ubt, gd=5, cold=1, dev.period=1, 1tx/block)
[2026-06-01 05:58:54]   [geth] Waiting for RPC...
[2026-06-01 05:58:56]   [geth] RPC ready after 3s
[2026-06-01 05:58:56]   [bench] Running execute remote...
[2026-06-01 05:59:04]   [bench] exit=0 passed=1 failed=0
0 missing_trie_node=0
0
[2026-06-01 05:59:04] 
[2026-06-01 05:59:04]   --- storage_sload_k256_run6 (ubt) write-offset=600000000 K=256 ---
[2026-06-01 05:59:04]   [geth] Stopping (SIGTERM, waiting up to 120s for clean exit): 999232
[2026-06-01 05:59:05]   [geth] exited cleanly after 1s
[2026-06-01 05:59:05]   [cache] OS page cache dropped
Fatal: Could not create the account: account already exists
[2026-06-01 05:59:05]   [geth] Starting (ubt, gd=5, cold=1, dev.period=1, 1tx/block)
[2026-06-01 05:59:05]   [geth] Waiting for RPC...
[2026-06-01 05:59:07]   [geth] RPC ready after 3s
[2026-06-01 05:59:07]   [bench] Running execute remote...
[2026-06-01 05:59:14]   [bench] exit=0 passed=1 failed=0
0 missing_trie_node=0
0
[2026-06-01 05:59:14] 
[2026-06-01 05:59:14]   --- storage_sload_k256_run7 (ubt) write-offset=700000000 K=256 ---
[2026-06-01 05:59:14]   [geth] Stopping (SIGTERM, waiting up to 120s for clean exit): 999306
[2026-06-01 05:59:15]   [geth] exited cleanly after 1s
[2026-06-01 05:59:15]   [cache] OS page cache dropped
Fatal: Could not create the account: account already exists
[2026-06-01 05:59:15]   [geth] Starting (ubt, gd=5, cold=1, dev.period=1, 1tx/block)
[2026-06-01 05:59:15]   [geth] Waiting for RPC...
[2026-06-01 05:59:17]   [geth] RPC ready after 3s
[2026-06-01 05:59:17]   [bench] Running execute remote...
[2026-06-01 05:59:26]   [bench] exit=0 passed=1 failed=0
0 missing_trie_node=0
0
[2026-06-01 05:59:26] 
[2026-06-01 05:59:26]   --- storage_sload_k256_run8 (ubt) write-offset=800000000 K=256 ---
[2026-06-01 05:59:26]   [geth] Stopping (SIGTERM, waiting up to 120s for clean exit): 999383
[2026-06-01 05:59:27]   [geth] exited cleanly after 1s
[2026-06-01 05:59:27]   [cache] OS page cache dropped
Fatal: Could not create the account: account already exists
[2026-06-01 05:59:27]   [geth] Starting (ubt, gd=5, cold=1, dev.period=1, 1tx/block)
[2026-06-01 05:59:27]   [geth] Waiting for RPC...
[2026-06-01 05:59:29]   [geth] RPC ready after 3s
[2026-06-01 05:59:29]   [bench] Running execute remote...
[2026-06-01 05:59:36]   [bench] exit=0 passed=1 failed=0
0 missing_trie_node=0
0
[2026-06-01 05:59:36] 
[2026-06-01 05:59:36]   --- storage_sload_k256_run9 (ubt) write-offset=900000000 K=256 ---
[2026-06-01 05:59:36]   [geth] Stopping (SIGTERM, waiting up to 120s for clean exit): 999464
[2026-06-01 05:59:37]   [geth] exited cleanly after 1s
[2026-06-01 05:59:38]   [cache] OS page cache dropped
Fatal: Could not create the account: account already exists
[2026-06-01 05:59:38]   [geth] Starting (ubt, gd=5, cold=1, dev.period=1, 1tx/block)
[2026-06-01 05:59:38]   [geth] Waiting for RPC...
[2026-06-01 05:59:40]   [geth] RPC ready after 3s
[2026-06-01 05:59:40]   [bench] Running execute remote...
[2026-06-01 05:59:47]   [bench] exit=0 passed=1 failed=0
0 missing_trie_node=0
0
[2026-06-01 05:59:47] 
[2026-06-01 05:59:47]   --- storage_sload_k256_run10 (ubt) write-offset=1000000000 K=256 ---
[2026-06-01 05:59:47]   [geth] Stopping (SIGTERM, waiting up to 120s for clean exit): 999539
[2026-06-01 05:59:48]   [geth] exited cleanly after 1s
[2026-06-01 05:59:48]   [cache] OS page cache dropped
Fatal: Could not create the account: account already exists
[2026-06-01 05:59:48]   [geth] Starting (ubt, gd=5, cold=1, dev.period=1, 1tx/block)
[2026-06-01 05:59:48]   [geth] Waiting for RPC...
[2026-06-01 05:59:50]   [geth] RPC ready after 3s
[2026-06-01 05:59:50]   [bench] Running execute remote...
[2026-06-01 05:59:58]   [bench] exit=0 passed=1 failed=0
0 missing_trie_node=0
0
[2026-06-01 05:59:58] 
[2026-06-01 05:59:58]   --- storage_sload_k256_run11 (ubt) write-offset=1100000000 K=256 ---
[2026-06-01 05:59:58]   [geth] Stopping (SIGTERM, waiting up to 120s for clean exit): 999627
[2026-06-01 05:59:59]   [geth] exited cleanly after 1s
[2026-06-01 05:59:59]   [cache] OS page cache dropped
Fatal: Could not create the account: account already exists
[2026-06-01 05:59:59]   [geth] Starting (ubt, gd=5, cold=1, dev.period=1, 1tx/block)
[2026-06-01 05:59:59]   [geth] Waiting for RPC...
[2026-06-01 06:00:01]   [geth] RPC ready after 3s
[2026-06-01 06:00:01]   [bench] Running execute remote...
[2026-06-01 06:00:08]   [bench] exit=0 passed=1 failed=0
0 missing_trie_node=0
0
[2026-06-01 06:00:08] 
[2026-06-01 06:00:08]   --- storage_sload_k256_run12 (ubt) write-offset=1200000000 K=256 ---
[2026-06-01 06:00:08]   [geth] Stopping (SIGTERM, waiting up to 120s for clean exit): 999701
[2026-06-01 06:00:09]   [geth] exited cleanly after 1s
[2026-06-01 06:00:09]   [cache] OS page cache dropped
Fatal: Could not create the account: account already exists
[2026-06-01 06:00:09]   [geth] Starting (ubt, gd=5, cold=1, dev.period=1, 1tx/block)
[2026-06-01 06:00:09]   [geth] Waiting for RPC...
[2026-06-01 06:00:11]   [geth] RPC ready after 3s
[2026-06-01 06:00:11]   [bench] Running execute remote...
[2026-06-01 06:00:19]   [bench] exit=0 passed=1 failed=0
0 missing_trie_node=0
0
[2026-06-01 06:00:19] 
[2026-06-01 06:00:19]   --- storage_sload_k256_run13 (ubt) write-offset=1300000000 K=256 ---
[2026-06-01 06:00:19]   [geth] Stopping (SIGTERM, waiting up to 120s for clean exit): 999777
[2026-06-01 06:00:20]   [geth] exited cleanly after 1s
[2026-06-01 06:00:20]   [cache] OS page cache dropped
Fatal: Could not create the account: account already exists
[2026-06-01 06:00:20]   [geth] Starting (ubt, gd=5, cold=1, dev.period=1, 1tx/block)
[2026-06-01 06:00:20]   [geth] Waiting for RPC...
[2026-06-01 06:00:22]   [geth] RPC ready after 3s
[2026-06-01 06:00:22]   [bench] Running execute remote...
[2026-06-01 06:00:29]   [bench] exit=0 passed=1 failed=0
0 missing_trie_node=0
0
[2026-06-01 06:00:29] 
[2026-06-01 06:00:29]   --- storage_sload_k256_run14 (ubt) write-offset=1400000000 K=256 ---
[2026-06-01 06:00:29]   [geth] Stopping (SIGTERM, waiting up to 120s for clean exit): 999859
[2026-06-01 06:00:30]   [geth] exited cleanly after 1s
[2026-06-01 06:00:30]   [cache] OS page cache dropped
Fatal: Could not create the account: account already exists
[2026-06-01 06:00:31]   [geth] Starting (ubt, gd=5, cold=1, dev.period=1, 1tx/block)
[2026-06-01 06:00:31]   [geth] Waiting for RPC...
[2026-06-01 06:00:33]   [geth] RPC ready after 3s
[2026-06-01 06:00:33]   [bench] Running execute remote...
[2026-06-01 06:00:40]   [bench] exit=0 passed=1 failed=0
0 missing_trie_node=0
0
[2026-06-01 06:00:40] 
[2026-06-01 06:00:40]   --- storage_sload_k256_run15 (ubt) write-offset=1500000000 K=256 ---
[2026-06-01 06:00:40]   [geth] Stopping (SIGTERM, waiting up to 120s for clean exit): 999934
[2026-06-01 06:00:41]   [geth] exited cleanly after 1s
[2026-06-01 06:00:41]   [cache] OS page cache dropped
Fatal: Could not create the account: account already exists
[2026-06-01 06:00:41]   [geth] Starting (ubt, gd=5, cold=1, dev.period=1, 1tx/block)
[2026-06-01 06:00:41]   [geth] Waiting for RPC...
[2026-06-01 06:00:43]   [geth] RPC ready after 3s
[2026-06-01 06:00:43]   [bench] Running execute remote...
[2026-06-01 06:00:51]   [bench] exit=0 passed=1 failed=0
0 missing_trie_node=0
0
[2026-06-01 06:00:51] 
[2026-06-01 06:00:51]   --- storage_sload_k256_run16 (ubt) write-offset=1600000000 K=256 ---
[2026-06-01 06:00:51]   [geth] Stopping (SIGTERM, waiting up to 120s for clean exit): 1000011
[2026-06-01 06:00:52]   [geth] exited cleanly after 1s
[2026-06-01 06:00:52]   [cache] OS page cache dropped
Fatal: Could not create the account: account already exists
[2026-06-01 06:00:52]   [geth] Starting (ubt, gd=5, cold=1, dev.period=1, 1tx/block)
[2026-06-01 06:00:52]   [geth] Waiting for RPC...
[2026-06-01 06:00:54]   [geth] RPC ready after 3s
[2026-06-01 06:00:54]   [bench] Running execute remote...
[2026-06-01 06:01:01]   [bench] exit=0 passed=1 failed=0
0 missing_trie_node=0
0
[2026-06-01 06:01:01] 
[2026-06-01 06:01:01]   --- storage_sload_k256_run17 (ubt) write-offset=1700000000 K=256 ---
[2026-06-01 06:01:01]   [geth] Stopping (SIGTERM, waiting up to 120s for clean exit): 1000096
[2026-06-01 06:01:02]   [geth] exited cleanly after 1s
[2026-06-01 06:01:02]   [cache] OS page cache dropped
Fatal: Could not create the account: account already exists
[2026-06-01 06:01:03]   [geth] Starting (ubt, gd=5, cold=1, dev.period=1, 1tx/block)
[2026-06-01 06:01:03]   [geth] Waiting for RPC...
[2026-06-01 06:01:05]   [geth] RPC ready after 3s
[2026-06-01 06:01:05]   [bench] Running execute remote...
[2026-06-01 06:01:12]   [bench] exit=0 passed=1 failed=0
0 missing_trie_node=0
0
[2026-06-01 06:01:12] 
[2026-06-01 06:01:12]   --- storage_sload_k256_run18 (ubt) write-offset=1800000000 K=256 ---
[2026-06-01 06:01:12]   [geth] Stopping (SIGTERM, waiting up to 120s for clean exit): 1000175
[2026-06-01 06:01:13]   [geth] exited cleanly after 1s
[2026-06-01 06:01:13]   [cache] OS page cache dropped
Fatal: Could not create the account: account already exists
[2026-06-01 06:01:13]   [geth] Starting (ubt, gd=5, cold=1, dev.period=1, 1tx/block)
[2026-06-01 06:01:13]   [geth] Waiting for RPC...
[2026-06-01 06:01:15]   [geth] RPC ready after 3s
[2026-06-01 06:01:15]   [bench] Running execute remote...
[2026-06-01 06:01:23]   [bench] exit=0 passed=1 failed=0
0 missing_trie_node=0
0
[2026-06-01 06:01:23] 
[2026-06-01 06:01:23]   --- storage_sload_k256_run19 (ubt) write-offset=1900000000 K=256 ---
[2026-06-01 06:01:23]   [geth] Stopping (SIGTERM, waiting up to 120s for clean exit): 1000252
[2026-06-01 06:01:24]   [geth] exited cleanly after 1s
[2026-06-01 06:01:24]   [cache] OS page cache dropped
Fatal: Could not create the account: account already exists
[2026-06-01 06:01:24]   [geth] Starting (ubt, gd=5, cold=1, dev.period=1, 1tx/block)
[2026-06-01 06:01:24]   [geth] Waiting for RPC...
[2026-06-01 06:01:26]   [geth] RPC ready after 3s
[2026-06-01 06:01:26]   [bench] Running execute remote...
[2026-06-01 06:01:33]   [bench] exit=0 passed=1 failed=0
0 missing_trie_node=0
0
[2026-06-01 06:01:33] 
[2026-06-01 06:01:33]   --- storage_sload_k256_run20 (ubt) write-offset=2000000000 K=256 ---
[2026-06-01 06:01:33]   [geth] Stopping (SIGTERM, waiting up to 120s for clean exit): 1000348
[2026-06-01 06:01:34]   [geth] exited cleanly after 1s
[2026-06-01 06:01:34]   [cache] OS page cache dropped
Fatal: Could not create the account: account already exists
[2026-06-01 06:01:34]   [geth] Starting (ubt, gd=5, cold=1, dev.period=1, 1tx/block)
[2026-06-01 06:01:34]   [geth] Waiting for RPC...
[2026-06-01 06:01:36]   [geth] RPC ready after 3s
[2026-06-01 06:01:36]   [bench] Running execute remote...
[2026-06-01 06:01:44]   [bench] exit=0 passed=1 failed=0
0 missing_trie_node=0
0
[2026-06-01 06:01:44] 
[2026-06-01 06:01:44]   ── BENCHMARK: storage_sstore_k1 (pool=256 contracts; effective K=1)
[2026-06-01 06:01:44] 
[2026-06-01 06:01:44]   --- storage_sstore_k1_run1 (ubt) write-offset=100000000 K=1 ---
[2026-06-01 06:01:44]   [geth] Stopping (SIGTERM, waiting up to 120s for clean exit): 1000423
[2026-06-01 06:01:45]   [geth] exited cleanly after 1s
[2026-06-01 06:01:45]   [cache] OS page cache dropped
Fatal: Could not create the account: account already exists
[2026-06-01 06:01:45]   [geth] Starting (ubt, gd=5, cold=1, dev.period=1, 1tx/block)
[2026-06-01 06:01:45]   [geth] Waiting for RPC...
[2026-06-01 06:01:47]   [geth] RPC ready after 3s
[2026-06-01 06:01:47]   [bench] Running execute remote...
[2026-06-01 06:01:55]   [bench] exit=0 passed=1 failed=0
0 missing_trie_node=0
0
[2026-06-01 06:01:55] 
[2026-06-01 06:01:55]   --- storage_sstore_k1_run2 (ubt) write-offset=200000000 K=1 ---
[2026-06-01 06:01:55]   [geth] Stopping (SIGTERM, waiting up to 120s for clean exit): 1000526
[2026-06-01 06:01:56]   [geth] exited cleanly after 1s
[2026-06-01 06:01:56]   [cache] OS page cache dropped
Fatal: Could not create the account: account already exists
[2026-06-01 06:01:57]   [geth] Starting (ubt, gd=5, cold=1, dev.period=1, 1tx/block)
[2026-06-01 06:01:57]   [geth] Waiting for RPC...
[2026-06-01 06:01:59]   [geth] RPC ready after 3s
[2026-06-01 06:01:59]   [bench] Running execute remote...
[2026-06-01 06:02:05]   [bench] exit=0 passed=1 failed=0
0 missing_trie_node=0
0
[2026-06-01 06:02:05] 
[2026-06-01 06:02:05]   --- storage_sstore_k1_run3 (ubt) write-offset=300000000 K=1 ---
[2026-06-01 06:02:05]   [geth] Stopping (SIGTERM, waiting up to 120s for clean exit): 1000611
[2026-06-01 06:02:06]   [geth] exited cleanly after 1s
[2026-06-01 06:02:06]   [cache] OS page cache dropped
Fatal: Could not create the account: account already exists
[2026-06-01 06:02:06]   [geth] Starting (ubt, gd=5, cold=1, dev.period=1, 1tx/block)
[2026-06-01 06:02:06]   [geth] Waiting for RPC...
[2026-06-01 06:02:08]   [geth] RPC ready after 3s
[2026-06-01 06:02:08]   [bench] Running execute remote...
[2026-06-01 06:02:16]   [bench] exit=0 passed=1 failed=0
0 missing_trie_node=0
0
[2026-06-01 06:02:16] 
[2026-06-01 06:02:16]   --- storage_sstore_k1_run4 (ubt) write-offset=400000000 K=1 ---
[2026-06-01 06:02:16]   [geth] Stopping (SIGTERM, waiting up to 120s for clean exit): 1000688
[2026-06-01 06:02:17]   [geth] exited cleanly after 1s
[2026-06-01 06:02:17]   [cache] OS page cache dropped
Fatal: Could not create the account: account already exists
[2026-06-01 06:02:17]   [geth] Starting (ubt, gd=5, cold=1, dev.period=1, 1tx/block)
[2026-06-01 06:02:17]   [geth] Waiting for RPC...
[2026-06-01 06:02:19]   [geth] RPC ready after 3s
[2026-06-01 06:02:19]   [bench] Running execute remote...
[2026-06-01 06:02:26]   [bench] exit=0 passed=1 failed=0
0 missing_trie_node=0
0
[2026-06-01 06:02:26] 
[2026-06-01 06:02:26]   --- storage_sstore_k1_run5 (ubt) write-offset=500000000 K=1 ---
[2026-06-01 06:02:26]   [geth] Stopping (SIGTERM, waiting up to 120s for clean exit): 1000769
[2026-06-01 06:02:27]   [geth] exited cleanly after 1s
[2026-06-01 06:02:27]   [cache] OS page cache dropped
Fatal: Could not create the account: account already exists
[2026-06-01 06:02:27]   [geth] Starting (ubt, gd=5, cold=1, dev.period=1, 1tx/block)
[2026-06-01 06:02:27]   [geth] Waiting for RPC...
[2026-06-01 06:02:29]   [geth] RPC ready after 3s
[2026-06-01 06:02:29]   [bench] Running execute remote...
[2026-06-01 06:02:37]   [bench] exit=0 passed=1 failed=0
0 missing_trie_node=0
0
[2026-06-01 06:02:37] 
[2026-06-01 06:02:37]   --- storage_sstore_k1_run6 (ubt) write-offset=600000000 K=1 ---
[2026-06-01 06:02:37]   [geth] Stopping (SIGTERM, waiting up to 120s for clean exit): 1000843
[2026-06-01 06:02:38]   [geth] exited cleanly after 1s
[2026-06-01 06:02:38]   [cache] OS page cache dropped
Fatal: Could not create the account: account already exists
[2026-06-01 06:02:38]   [geth] Starting (ubt, gd=5, cold=1, dev.period=1, 1tx/block)
[2026-06-01 06:02:38]   [geth] Waiting for RPC...
[2026-06-01 06:02:40]   [geth] RPC ready after 3s
[2026-06-01 06:02:40]   [bench] Running execute remote...
[2026-06-01 06:02:47]   [bench] exit=0 passed=1 failed=0
0 missing_trie_node=0
0
[2026-06-01 06:02:47] 
[2026-06-01 06:02:47]   --- storage_sstore_k1_run7 (ubt) write-offset=700000000 K=1 ---
[2026-06-01 06:02:47]   [geth] Stopping (SIGTERM, waiting up to 120s for clean exit): 1000918
[2026-06-01 06:02:48]   [geth] exited cleanly after 1s
[2026-06-01 06:02:48]   [cache] OS page cache dropped
Fatal: Could not create the account: account already exists
[2026-06-01 06:02:48]   [geth] Starting (ubt, gd=5, cold=1, dev.period=1, 1tx/block)
[2026-06-01 06:02:48]   [geth] Waiting for RPC...
[2026-06-01 06:02:50]   [geth] RPC ready after 3s
[2026-06-01 06:02:50]   [bench] Running execute remote...
[2026-06-01 06:02:58]   [bench] exit=0 passed=1 failed=0
0 missing_trie_node=0
0
[2026-06-01 06:02:58] 
[2026-06-01 06:02:58]   --- storage_sstore_k1_run8 (ubt) write-offset=800000000 K=1 ---
[2026-06-01 06:02:58]   [geth] Stopping (SIGTERM, waiting up to 120s for clean exit): 1001001
[2026-06-01 06:02:59]   [geth] exited cleanly after 1s
[2026-06-01 06:02:59]   [cache] OS page cache dropped
Fatal: Could not create the account: account already exists
[2026-06-01 06:02:59]   [geth] Starting (ubt, gd=5, cold=1, dev.period=1, 1tx/block)
[2026-06-01 06:02:59]   [geth] Waiting for RPC...
[2026-06-01 06:03:01]   [geth] RPC ready after 3s
[2026-06-01 06:03:01]   [bench] Running execute remote...
[2026-06-01 06:03:08]   [bench] exit=0 passed=1 failed=0
0 missing_trie_node=0
0
[2026-06-01 06:03:08] 
[2026-06-01 06:03:08]   --- storage_sstore_k1_run9 (ubt) write-offset=900000000 K=1 ---
[2026-06-01 06:03:08]   [geth] Stopping (SIGTERM, waiting up to 120s for clean exit): 1001077
[2026-06-01 06:03:09]   [geth] exited cleanly after 1s
[2026-06-01 06:03:10]   [cache] OS page cache dropped
Fatal: Could not create the account: account already exists
[2026-06-01 06:03:10]   [geth] Starting (ubt, gd=5, cold=1, dev.period=1, 1tx/block)
[2026-06-01 06:03:10]   [geth] Waiting for RPC...
[2026-06-01 06:03:12]   [geth] RPC ready after 3s
[2026-06-01 06:03:12]   [bench] Running execute remote...
[2026-06-01 06:03:19]   [bench] exit=0 passed=1 failed=0
0 missing_trie_node=0
0
[2026-06-01 06:03:19] 
[2026-06-01 06:03:19]   --- storage_sstore_k1_run10 (ubt) write-offset=1000000000 K=1 ---
[2026-06-01 06:03:19]   [geth] Stopping (SIGTERM, waiting up to 120s for clean exit): 1001151
[2026-06-01 06:03:20]   [geth] exited cleanly after 1s
[2026-06-01 06:03:20]   [cache] OS page cache dropped
Fatal: Could not create the account: account already exists
[2026-06-01 06:03:20]   [geth] Starting (ubt, gd=5, cold=1, dev.period=1, 1tx/block)
[2026-06-01 06:03:20]   [geth] Waiting for RPC...
[2026-06-01 06:03:22]   [geth] RPC ready after 3s
[2026-06-01 06:03:22]   [bench] Running execute remote...
[2026-06-01 06:03:30]   [bench] exit=0 passed=1 failed=0
0 missing_trie_node=0
0
[2026-06-01 06:03:30] 
[2026-06-01 06:03:30]   --- storage_sstore_k1_run11 (ubt) write-offset=1100000000 K=1 ---
[2026-06-01 06:03:30]   [geth] Stopping (SIGTERM, waiting up to 120s for clean exit): 1001233
[2026-06-01 06:03:31]   [geth] exited cleanly after 1s
[2026-06-01 06:03:31]   [cache] OS page cache dropped
Fatal: Could not create the account: account already exists
[2026-06-01 06:03:31]   [geth] Starting (ubt, gd=5, cold=1, dev.period=1, 1tx/block)
[2026-06-01 06:03:31]   [geth] Waiting for RPC...
[2026-06-01 06:03:33]   [geth] RPC ready after 3s
[2026-06-01 06:03:33]   [bench] Running execute remote...
[2026-06-01 06:03:40]   [bench] exit=0 passed=1 failed=0
0 missing_trie_node=0
0
[2026-06-01 06:03:40] 
[2026-06-01 06:03:40]   --- storage_sstore_k1_run12 (ubt) write-offset=1200000000 K=1 ---
[2026-06-01 06:03:40]   [geth] Stopping (SIGTERM, waiting up to 120s for clean exit): 1001308
[2026-06-01 06:03:41]   [geth] exited cleanly after 1s
[2026-06-01 06:03:41]   [cache] OS page cache dropped
Fatal: Could not create the account: account already exists
[2026-06-01 06:03:42]   [geth] Starting (ubt, gd=5, cold=1, dev.period=1, 1tx/block)
[2026-06-01 06:03:42]   [geth] Waiting for RPC...
[2026-06-01 06:03:44]   [geth] RPC ready after 3s
[2026-06-01 06:03:44]   [bench] Running execute remote...
[2026-06-01 06:03:51]   [bench] exit=0 passed=1 failed=0
0 missing_trie_node=0
0
[2026-06-01 06:03:51] 
[2026-06-01 06:03:51]   --- storage_sstore_k1_run13 (ubt) write-offset=1300000000 K=1 ---
[2026-06-01 06:03:51]   [geth] Stopping (SIGTERM, waiting up to 120s for clean exit): 1001384
[2026-06-01 06:03:52]   [geth] exited cleanly after 1s
[2026-06-01 06:03:52]   [cache] OS page cache dropped
Fatal: Could not create the account: account already exists
[2026-06-01 06:03:52]   [geth] Starting (ubt, gd=5, cold=1, dev.period=1, 1tx/block)
[2026-06-01 06:03:52]   [geth] Waiting for RPC...
[2026-06-01 06:03:54]   [geth] RPC ready after 3s
[2026-06-01 06:03:54]   [bench] Running execute remote...
[2026-06-01 06:04:01]   [bench] exit=0 passed=1 failed=0
0 missing_trie_node=0
0
[2026-06-01 06:04:01] 
[2026-06-01 06:04:01]   --- storage_sstore_k1_run14 (ubt) write-offset=1400000000 K=1 ---
[2026-06-01 06:04:01]   [geth] Stopping (SIGTERM, waiting up to 120s for clean exit): 1001467
[2026-06-01 06:04:02]   [geth] exited cleanly after 1s
[2026-06-01 06:04:03]   [cache] OS page cache dropped
Fatal: Could not create the account: account already exists
[2026-06-01 06:04:03]   [geth] Starting (ubt, gd=5, cold=1, dev.period=1, 1tx/block)
[2026-06-01 06:04:03]   [geth] Waiting for RPC...
[2026-06-01 06:04:05]   [geth] RPC ready after 3s
[2026-06-01 06:04:05]   [bench] Running execute remote...
[2026-06-01 06:04:12]   [bench] exit=0 passed=1 failed=0
0 missing_trie_node=0
0
[2026-06-01 06:04:12] 
[2026-06-01 06:04:12]   --- storage_sstore_k1_run15 (ubt) write-offset=1500000000 K=1 ---
[2026-06-01 06:04:12]   [geth] Stopping (SIGTERM, waiting up to 120s for clean exit): 1001544
[2026-06-01 06:04:13]   [geth] exited cleanly after 1s
[2026-06-01 06:04:13]   [cache] OS page cache dropped
Fatal: Could not create the account: account already exists
[2026-06-01 06:04:13]   [geth] Starting (ubt, gd=5, cold=1, dev.period=1, 1tx/block)
[2026-06-01 06:04:13]   [geth] Waiting for RPC...
[2026-06-01 06:04:15]   [geth] RPC ready after 3s
[2026-06-01 06:04:15]   [bench] Running execute remote...
[2026-06-01 06:04:23]   [bench] exit=0 passed=1 failed=0
0 missing_trie_node=0
0
[2026-06-01 06:04:23] 
[2026-06-01 06:04:23]   --- storage_sstore_k1_run16 (ubt) write-offset=1600000000 K=1 ---
[2026-06-01 06:04:23]   [geth] Stopping (SIGTERM, waiting up to 120s for clean exit): 1001619
[2026-06-01 06:04:24]   [geth] exited cleanly after 1s
[2026-06-01 06:04:24]   [cache] OS page cache dropped
Fatal: Could not create the account: account already exists
[2026-06-01 06:04:24]   [geth] Starting (ubt, gd=5, cold=1, dev.period=1, 1tx/block)
[2026-06-01 06:04:24]   [geth] Waiting for RPC...
[2026-06-01 06:04:26]   [geth] RPC ready after 3s
[2026-06-01 06:04:26]   [bench] Running execute remote...
[2026-06-01 06:04:33]   [bench] exit=0 passed=1 failed=0
0 missing_trie_node=0
0
[2026-06-01 06:04:33] 
[2026-06-01 06:04:33]   --- storage_sstore_k1_run17 (ubt) write-offset=1700000000 K=1 ---
[2026-06-01 06:04:33]   [geth] Stopping (SIGTERM, waiting up to 120s for clean exit): 1001700
[2026-06-01 06:04:34]   [geth] exited cleanly after 1s
[2026-06-01 06:04:34]   [cache] OS page cache dropped
Fatal: Could not create the account: account already exists
[2026-06-01 06:04:34]   [geth] Starting (ubt, gd=5, cold=1, dev.period=1, 1tx/block)
[2026-06-01 06:04:34]   [geth] Waiting for RPC...
[2026-06-01 06:04:36]   [geth] RPC ready after 3s
[2026-06-01 06:04:36]   [bench] Running execute remote...
[2026-06-01 06:04:44]   [bench] exit=0 passed=1 failed=0
0 missing_trie_node=0
0
[2026-06-01 06:04:44] 
[2026-06-01 06:04:44]   --- storage_sstore_k1_run18 (ubt) write-offset=1800000000 K=1 ---
[2026-06-01 06:04:44]   [geth] Stopping (SIGTERM, waiting up to 120s for clean exit): 1001776
[2026-06-01 06:04:45]   [geth] exited cleanly after 1s
[2026-06-01 06:04:45]   [cache] OS page cache dropped
Fatal: Could not create the account: account already exists
[2026-06-01 06:04:45]   [geth] Starting (ubt, gd=5, cold=1, dev.period=1, 1tx/block)
[2026-06-01 06:04:45]   [geth] Waiting for RPC...
[2026-06-01 06:04:47]   [geth] RPC ready after 3s
[2026-06-01 06:04:47]   [bench] Running execute remote...
[2026-06-01 06:04:54]   [bench] exit=0 passed=1 failed=0
0 missing_trie_node=0
0
[2026-06-01 06:04:54] 
[2026-06-01 06:04:54]   --- storage_sstore_k1_run19 (ubt) write-offset=1900000000 K=1 ---
[2026-06-01 06:04:54]   [geth] Stopping (SIGTERM, waiting up to 120s for clean exit): 1001853
[2026-06-01 06:04:55]   [geth] exited cleanly after 1s
[2026-06-01 06:04:55]   [cache] OS page cache dropped
Fatal: Could not create the account: account already exists
[2026-06-01 06:04:55]   [geth] Starting (ubt, gd=5, cold=1, dev.period=1, 1tx/block)
[2026-06-01 06:04:55]   [geth] Waiting for RPC...
[2026-06-01 06:04:58]   [geth] RPC ready after 3s
[2026-06-01 06:04:58]   [bench] Running execute remote...
[2026-06-01 06:05:04]   [bench] exit=0 passed=1 failed=0
0 missing_trie_node=0
0
[2026-06-01 06:05:04] 
[2026-06-01 06:05:04]   --- storage_sstore_k1_run20 (ubt) write-offset=2000000000 K=1 ---
[2026-06-01 06:05:04]   [geth] Stopping (SIGTERM, waiting up to 120s for clean exit): 1001937
[2026-06-01 06:05:05]   [geth] exited cleanly after 1s
[2026-06-01 06:05:05]   [cache] OS page cache dropped
Fatal: Could not create the account: account already exists
[2026-06-01 06:05:05]   [geth] Starting (ubt, gd=5, cold=1, dev.period=1, 1tx/block)
[2026-06-01 06:05:05]   [geth] Waiting for RPC...
[2026-06-01 06:05:07]   [geth] RPC ready after 3s
[2026-06-01 06:05:07]   [bench] Running execute remote...
[2026-06-01 06:05:14]   [bench] exit=0 passed=1 failed=0
0 missing_trie_node=0
0
[2026-06-01 06:05:14] 
[2026-06-01 06:05:14]   ── BENCHMARK: storage_sstore_k10 (pool=256 contracts; effective K=10)
[2026-06-01 06:05:14] 
[2026-06-01 06:05:14]   --- storage_sstore_k10_run1 (ubt) write-offset=100000000 K=10 ---
[2026-06-01 06:05:14]   [geth] Stopping (SIGTERM, waiting up to 120s for clean exit): 1002012
[2026-06-01 06:05:15]   [geth] exited cleanly after 1s
[2026-06-01 06:05:16]   [cache] OS page cache dropped
Fatal: Could not create the account: account already exists
[2026-06-01 06:05:16]   [geth] Starting (ubt, gd=5, cold=1, dev.period=1, 1tx/block)
[2026-06-01 06:05:16]   [geth] Waiting for RPC...
[2026-06-01 06:05:18]   [geth] RPC ready after 3s
[2026-06-01 06:05:18]   [bench] Running execute remote...
[2026-06-01 06:05:25]   [bench] exit=0 passed=1 failed=0
0 missing_trie_node=0
0
[2026-06-01 06:05:25] 
[2026-06-01 06:05:25]   --- storage_sstore_k10_run2 (ubt) write-offset=200000000 K=10 ---
[2026-06-01 06:05:25]   [geth] Stopping (SIGTERM, waiting up to 120s for clean exit): 1002111
[2026-06-01 06:05:26]   [geth] exited cleanly after 1s
[2026-06-01 06:05:26]   [cache] OS page cache dropped
Fatal: Could not create the account: account already exists
[2026-06-01 06:05:26]   [geth] Starting (ubt, gd=5, cold=1, dev.period=1, 1tx/block)
[2026-06-01 06:05:26]   [geth] Waiting for RPC...
[2026-06-01 06:05:28]   [geth] RPC ready after 3s
[2026-06-01 06:05:28]   [bench] Running execute remote...
[2026-06-01 06:05:35]   [bench] exit=0 passed=1 failed=0
0 missing_trie_node=0
0
[2026-06-01 06:05:35] 
[2026-06-01 06:05:35]   --- storage_sstore_k10_run3 (ubt) write-offset=300000000 K=10 ---
[2026-06-01 06:05:35]   [geth] Stopping (SIGTERM, waiting up to 120s for clean exit): 1002193
[2026-06-01 06:05:36]   [geth] exited cleanly after 1s
[2026-06-01 06:05:37]   [cache] OS page cache dropped
Fatal: Could not create the account: account already exists
[2026-06-01 06:05:37]   [geth] Starting (ubt, gd=5, cold=1, dev.period=1, 1tx/block)
[2026-06-01 06:05:37]   [geth] Waiting for RPC...
[2026-06-01 06:05:39]   [geth] RPC ready after 3s
[2026-06-01 06:05:39]   [bench] Running execute remote...
[2026-06-01 06:05:46]   [bench] exit=0 passed=1 failed=0
0 missing_trie_node=0
0
[2026-06-01 06:05:46] 
[2026-06-01 06:05:46]   --- storage_sstore_k10_run4 (ubt) write-offset=400000000 K=10 ---
[2026-06-01 06:05:46]   [geth] Stopping (SIGTERM, waiting up to 120s for clean exit): 1002268
[2026-06-01 06:05:47]   [geth] exited cleanly after 1s
[2026-06-01 06:05:47]   [cache] OS page cache dropped
Fatal: Could not create the account: account already exists
[2026-06-01 06:05:47]   [geth] Starting (ubt, gd=5, cold=1, dev.period=1, 1tx/block)
[2026-06-01 06:05:47]   [geth] Waiting for RPC...
[2026-06-01 06:05:49]   [geth] RPC ready after 3s
[2026-06-01 06:05:49]   [bench] Running execute remote...
[2026-06-01 06:05:56]   [bench] exit=0 passed=1 failed=0
0 missing_trie_node=0
0
[2026-06-01 06:05:56] 
[2026-06-01 06:05:56]   --- storage_sstore_k10_run5 (ubt) write-offset=500000000 K=10 ---
[2026-06-01 06:05:56]   [geth] Stopping (SIGTERM, waiting up to 120s for clean exit): 1002351
[2026-06-01 06:05:57]   [geth] exited cleanly after 1s
[2026-06-01 06:05:58]   [cache] OS page cache dropped
Fatal: Could not create the account: account already exists
[2026-06-01 06:05:58]   [geth] Starting (ubt, gd=5, cold=1, dev.period=1, 1tx/block)
[2026-06-01 06:05:58]   [geth] Waiting for RPC...
[2026-06-01 06:06:00]   [geth] RPC ready after 3s
[2026-06-01 06:06:00]   [bench] Running execute remote...
[2026-06-01 06:06:07]   [bench] exit=0 passed=1 failed=0
0 missing_trie_node=0
0
[2026-06-01 06:06:07] 
[2026-06-01 06:06:07]   --- storage_sstore_k10_run6 (ubt) write-offset=600000000 K=10 ---
[2026-06-01 06:06:07]   [geth] Stopping (SIGTERM, waiting up to 120s for clean exit): 1002427
[2026-06-01 06:06:08]   [geth] exited cleanly after 1s
[2026-06-01 06:06:08]   [cache] OS page cache dropped
Fatal: Could not create the account: account already exists
[2026-06-01 06:06:08]   [geth] Starting (ubt, gd=5, cold=1, dev.period=1, 1tx/block)
[2026-06-01 06:06:08]   [geth] Waiting for RPC...
[2026-06-01 06:06:10]   [geth] RPC ready after 3s
[2026-06-01 06:06:10]   [bench] Running execute remote...
[2026-06-01 06:06:17]   [bench] exit=0 passed=1 failed=0
0 missing_trie_node=0
0
[2026-06-01 06:06:17] 
[2026-06-01 06:06:17]   --- storage_sstore_k10_run7 (ubt) write-offset=700000000 K=10 ---
[2026-06-01 06:06:17]   [geth] Stopping (SIGTERM, waiting up to 120s for clean exit): 1002500
[2026-06-01 06:06:18]   [geth] exited cleanly after 1s
[2026-06-01 06:06:18]   [cache] OS page cache dropped
Fatal: Could not create the account: account already exists
[2026-06-01 06:06:18]   [geth] Starting (ubt, gd=5, cold=1, dev.period=1, 1tx/block)
[2026-06-01 06:06:18]   [geth] Waiting for RPC...
[2026-06-01 06:06:20]   [geth] RPC ready after 3s
[2026-06-01 06:06:20]   [bench] Running execute remote...
[2026-06-01 06:06:27]   [bench] exit=0 passed=1 failed=0
0 missing_trie_node=0
0
[2026-06-01 06:06:27] 
[2026-06-01 06:06:27]   --- storage_sstore_k10_run8 (ubt) write-offset=800000000 K=10 ---
[2026-06-01 06:06:27]   [geth] Stopping (SIGTERM, waiting up to 120s for clean exit): 1002582
[2026-06-01 06:06:28]   [geth] exited cleanly after 1s
[2026-06-01 06:06:28]   [cache] OS page cache dropped
Fatal: Could not create the account: account already exists
[2026-06-01 06:06:28]   [geth] Starting (ubt, gd=5, cold=1, dev.period=1, 1tx/block)
[2026-06-01 06:06:28]   [geth] Waiting for RPC...
[2026-06-01 06:06:31]   [geth] RPC ready after 3s
[2026-06-01 06:06:31]   [bench] Running execute remote...
[2026-06-01 06:06:38]   [bench] exit=0 passed=1 failed=0
0 missing_trie_node=0
0
[2026-06-01 06:06:38] 
[2026-06-01 06:06:38]   --- storage_sstore_k10_run9 (ubt) write-offset=900000000 K=10 ---
[2026-06-01 06:06:38]   [geth] Stopping (SIGTERM, waiting up to 120s for clean exit): 1002657
[2026-06-01 06:06:39]   [geth] exited cleanly after 1s
[2026-06-01 06:06:39]   [cache] OS page cache dropped
Fatal: Could not create the account: account already exists
[2026-06-01 06:06:39]   [geth] Starting (ubt, gd=5, cold=1, dev.period=1, 1tx/block)
[2026-06-01 06:06:39]   [geth] Waiting for RPC...
[2026-06-01 06:06:41]   [geth] RPC ready after 3s
[2026-06-01 06:06:41]   [bench] Running execute remote...
[2026-06-01 06:06:48]   [bench] exit=0 passed=1 failed=0
0 missing_trie_node=0
0
[2026-06-01 06:06:48] 
[2026-06-01 06:06:48]   --- storage_sstore_k10_run10 (ubt) write-offset=1000000000 K=10 ---
[2026-06-01 06:06:48]   [geth] Stopping (SIGTERM, waiting up to 120s for clean exit): 1002734
[2026-06-01 06:06:49]   [geth] exited cleanly after 1s
[2026-06-01 06:06:50]   [cache] OS page cache dropped
Fatal: Could not create the account: account already exists
[2026-06-01 06:06:50]   [geth] Starting (ubt, gd=5, cold=1, dev.period=1, 1tx/block)
[2026-06-01 06:06:50]   [geth] Waiting for RPC...
[2026-06-01 06:06:52]   [geth] RPC ready after 3s
[2026-06-01 06:06:52]   [bench] Running execute remote...
[2026-06-01 06:06:59]   [bench] exit=0 passed=1 failed=0
0 missing_trie_node=0
0
[2026-06-01 06:06:59] 
[2026-06-01 06:06:59]   --- storage_sstore_k10_run11 (ubt) write-offset=1100000000 K=10 ---
[2026-06-01 06:06:59]   [geth] Stopping (SIGTERM, waiting up to 120s for clean exit): 1002818
[2026-06-01 06:07:00]   [geth] exited cleanly after 1s
[2026-06-01 06:07:00]   [cache] OS page cache dropped
Fatal: Could not create the account: account already exists
[2026-06-01 06:07:00]   [geth] Starting (ubt, gd=5, cold=1, dev.period=1, 1tx/block)
[2026-06-01 06:07:00]   [geth] Waiting for RPC...
[2026-06-01 06:07:02]   [geth] RPC ready after 3s
[2026-06-01 06:07:02]   [bench] Running execute remote...
[2026-06-01 06:07:09]   [bench] exit=0 passed=1 failed=0
0 missing_trie_node=0
0
[2026-06-01 06:07:09] 
[2026-06-01 06:07:09]   --- storage_sstore_k10_run12 (ubt) write-offset=1200000000 K=10 ---
[2026-06-01 06:07:09]   [geth] Stopping (SIGTERM, waiting up to 120s for clean exit): 1002908
[2026-06-01 06:07:10]   [geth] exited cleanly after 1s
[2026-06-01 06:07:10]   [cache] OS page cache dropped
Fatal: Could not create the account: account already exists
[2026-06-01 06:07:11]   [geth] Starting (ubt, gd=5, cold=1, dev.period=1, 1tx/block)
[2026-06-01 06:07:11]   [geth] Waiting for RPC...
[2026-06-01 06:07:13]   [geth] RPC ready after 3s
[2026-06-01 06:07:13]   [bench] Running execute remote...
[2026-06-01 06:07:20]   [bench] exit=0 passed=1 failed=0
0 missing_trie_node=0
0
[2026-06-01 06:07:20] 
[2026-06-01 06:07:20]   --- storage_sstore_k10_run13 (ubt) write-offset=1300000000 K=10 ---
[2026-06-01 06:07:20]   [geth] Stopping (SIGTERM, waiting up to 120s for clean exit): 1002984
[2026-06-01 06:07:21]   [geth] exited cleanly after 1s
[2026-06-01 06:07:21]   [cache] OS page cache dropped
Fatal: Could not create the account: account already exists
[2026-06-01 06:07:21]   [geth] Starting (ubt, gd=5, cold=1, dev.period=1, 1tx/block)
[2026-06-01 06:07:21]   [geth] Waiting for RPC...
[2026-06-01 06:07:23]   [geth] RPC ready after 3s
[2026-06-01 06:07:23]   [bench] Running execute remote...
[2026-06-01 06:07:30]   [bench] exit=0 passed=1 failed=0
0 missing_trie_node=0
0
[2026-06-01 06:07:30] 
[2026-06-01 06:07:30]   --- storage_sstore_k10_run14 (ubt) write-offset=1400000000 K=10 ---
[2026-06-01 06:07:30]   [geth] Stopping (SIGTERM, waiting up to 120s for clean exit): 1003066
[2026-06-01 06:07:31]   [geth] exited cleanly after 1s
[2026-06-01 06:07:32]   [cache] OS page cache dropped
Fatal: Could not create the account: account already exists
[2026-06-01 06:07:32]   [geth] Starting (ubt, gd=5, cold=1, dev.period=1, 1tx/block)
[2026-06-01 06:07:32]   [geth] Waiting for RPC...
[2026-06-01 06:07:34]   [geth] RPC ready after 3s
[2026-06-01 06:07:34]   [bench] Running execute remote...
[2026-06-01 06:07:41]   [bench] exit=0 passed=1 failed=0
0 missing_trie_node=0
0
[2026-06-01 06:07:41] 
[2026-06-01 06:07:41]   --- storage_sstore_k10_run15 (ubt) write-offset=1500000000 K=10 ---
[2026-06-01 06:07:41]   [geth] Stopping (SIGTERM, waiting up to 120s for clean exit): 1003141
[2026-06-01 06:07:42]   [geth] exited cleanly after 1s
[2026-06-01 06:07:42]   [cache] OS page cache dropped
Fatal: Could not create the account: account already exists
[2026-06-01 06:07:42]   [geth] Starting (ubt, gd=5, cold=1, dev.period=1, 1tx/block)
[2026-06-01 06:07:42]   [geth] Waiting for RPC...
[2026-06-01 06:07:44]   [geth] RPC ready after 3s
[2026-06-01 06:07:44]   [bench] Running execute remote...
[2026-06-01 06:07:52]   [bench] exit=0 passed=1 failed=0
0 missing_trie_node=0
0
[2026-06-01 06:07:52] 
[2026-06-01 06:07:52]   --- storage_sstore_k10_run16 (ubt) write-offset=1600000000 K=10 ---
[2026-06-01 06:07:52]   [geth] Stopping (SIGTERM, waiting up to 120s for clean exit): 1003217
[2026-06-01 06:07:53]   [geth] exited cleanly after 1s
[2026-06-01 06:07:53]   [cache] OS page cache dropped
Fatal: Could not create the account: account already exists
[2026-06-01 06:07:53]   [geth] Starting (ubt, gd=5, cold=1, dev.period=1, 1tx/block)
[2026-06-01 06:07:53]   [geth] Waiting for RPC...
[2026-06-01 06:07:55]   [geth] RPC ready after 3s
[2026-06-01 06:07:55]   [bench] Running execute remote...
[2026-06-01 06:08:02]   [bench] exit=0 passed=1 failed=0
0 missing_trie_node=0
0
[2026-06-01 06:08:02] 
[2026-06-01 06:08:02]   --- storage_sstore_k10_run17 (ubt) write-offset=1700000000 K=10 ---
[2026-06-01 06:08:02]   [geth] Stopping (SIGTERM, waiting up to 120s for clean exit): 1003301
[2026-06-01 06:08:03]   [geth] exited cleanly after 1s
[2026-06-01 06:08:03]   [cache] OS page cache dropped
Fatal: Could not create the account: account already exists
[2026-06-01 06:08:03]   [geth] Starting (ubt, gd=5, cold=1, dev.period=1, 1tx/block)
[2026-06-01 06:08:03]   [geth] Waiting for RPC...
[2026-06-01 06:08:05]   [geth] RPC ready after 3s
[2026-06-01 06:08:05]   [bench] Running execute remote...
[2026-06-01 06:08:13]   [bench] exit=0 passed=1 failed=0
0 missing_trie_node=0
0
[2026-06-01 06:08:13] 
[2026-06-01 06:08:13]   --- storage_sstore_k10_run18 (ubt) write-offset=1800000000 K=10 ---
[2026-06-01 06:08:13]   [geth] Stopping (SIGTERM, waiting up to 120s for clean exit): 1003374
[2026-06-01 06:08:14]   [geth] exited cleanly after 1s
[2026-06-01 06:08:14]   [cache] OS page cache dropped
Fatal: Could not create the account: account already exists
[2026-06-01 06:08:14]   [geth] Starting (ubt, gd=5, cold=1, dev.period=1, 1tx/block)
[2026-06-01 06:08:14]   [geth] Waiting for RPC...
[2026-06-01 06:08:16]   [geth] RPC ready after 3s
[2026-06-01 06:08:16]   [bench] Running execute remote...
[2026-06-01 06:08:23]   [bench] exit=0 passed=1 failed=0
0 missing_trie_node=0
0
[2026-06-01 06:08:23] 
[2026-06-01 06:08:23]   --- storage_sstore_k10_run19 (ubt) write-offset=1900000000 K=10 ---
[2026-06-01 06:08:23]   [geth] Stopping (SIGTERM, waiting up to 120s for clean exit): 1003449
[2026-06-01 06:08:24]   [geth] exited cleanly after 1s
[2026-06-01 06:08:24]   [cache] OS page cache dropped
Fatal: Could not create the account: account already exists
[2026-06-01 06:08:24]   [geth] Starting (ubt, gd=5, cold=1, dev.period=1, 1tx/block)
[2026-06-01 06:08:24]   [geth] Waiting for RPC...
[2026-06-01 06:08:26]   [geth] RPC ready after 3s
[2026-06-01 06:08:26]   [bench] Running execute remote...
[2026-06-01 06:08:34]   [bench] exit=0 passed=1 failed=0
0 missing_trie_node=0
0
[2026-06-01 06:08:34] 
[2026-06-01 06:08:34]   --- storage_sstore_k10_run20 (ubt) write-offset=2000000000 K=10 ---
[2026-06-01 06:08:34]   [geth] Stopping (SIGTERM, waiting up to 120s for clean exit): 1003530
[2026-06-01 06:08:35]   [geth] exited cleanly after 1s
[2026-06-01 06:08:35]   [cache] OS page cache dropped
Fatal: Could not create the account: account already exists
[2026-06-01 06:08:35]   [geth] Starting (ubt, gd=5, cold=1, dev.period=1, 1tx/block)
[2026-06-01 06:08:35]   [geth] Waiting for RPC...
[2026-06-01 06:08:37]   [geth] RPC ready after 3s
[2026-06-01 06:08:37]   [bench] Running execute remote...
[2026-06-01 06:08:44]   [bench] exit=0 passed=1 failed=0
0 missing_trie_node=0
0
[2026-06-01 06:08:44] 
[2026-06-01 06:08:44]   ── BENCHMARK: storage_sstore_k100 (pool=256 contracts; effective K=100)
[2026-06-01 06:08:44] 
[2026-06-01 06:08:44]   --- storage_sstore_k100_run1 (ubt) write-offset=100000000 K=100 ---
[2026-06-01 06:08:44]   [geth] Stopping (SIGTERM, waiting up to 120s for clean exit): 1003605
[2026-06-01 06:08:45]   [geth] exited cleanly after 1s
[2026-06-01 06:08:45]   [cache] OS page cache dropped
Fatal: Could not create the account: account already exists
[2026-06-01 06:08:45]   [geth] Starting (ubt, gd=5, cold=1, dev.period=1, 1tx/block)
[2026-06-01 06:08:45]   [geth] Waiting for RPC...
[2026-06-01 06:08:48]   [geth] RPC ready after 3s
[2026-06-01 06:08:48]   [bench] Running execute remote...
[2026-06-01 06:08:54]   [bench] exit=0 passed=1 failed=0
0 missing_trie_node=0
0
[2026-06-01 06:08:54] 
[2026-06-01 06:08:54]   --- storage_sstore_k100_run2 (ubt) write-offset=200000000 K=100 ---
[2026-06-01 06:08:54]   [geth] Stopping (SIGTERM, waiting up to 120s for clean exit): 1003705
[2026-06-01 06:08:55]   [geth] exited cleanly after 1s
[2026-06-01 06:08:55]   [cache] OS page cache dropped
Fatal: Could not create the account: account already exists
[2026-06-01 06:08:55]   [geth] Starting (ubt, gd=5, cold=1, dev.period=1, 1tx/block)
[2026-06-01 06:08:55]   [geth] Waiting for RPC...
[2026-06-01 06:08:57]   [geth] RPC ready after 3s
[2026-06-01 06:08:57]   [bench] Running execute remote...
[2026-06-01 06:09:04]   [bench] exit=0 passed=1 failed=0
0 missing_trie_node=0
0
[2026-06-01 06:09:04] 
[2026-06-01 06:09:04]   --- storage_sstore_k100_run3 (ubt) write-offset=300000000 K=100 ---
[2026-06-01 06:09:04]   [geth] Stopping (SIGTERM, waiting up to 120s for clean exit): 1003787
[2026-06-01 06:09:05]   [geth] exited cleanly after 1s
[2026-06-01 06:09:05]   [cache] OS page cache dropped
Fatal: Could not create the account: account already exists
[2026-06-01 06:09:05]   [geth] Starting (ubt, gd=5, cold=1, dev.period=1, 1tx/block)
[2026-06-01 06:09:05]   [geth] Waiting for RPC...
[2026-06-01 06:09:08]   [geth] RPC ready after 3s
[2026-06-01 06:09:08]   [bench] Running execute remote...
[2026-06-01 06:09:15]   [bench] exit=0 passed=1 failed=0
0 missing_trie_node=0
0
[2026-06-01 06:09:15] 
[2026-06-01 06:09:15]   --- storage_sstore_k100_run4 (ubt) write-offset=400000000 K=100 ---
[2026-06-01 06:09:15]   [geth] Stopping (SIGTERM, waiting up to 120s for clean exit): 1003863
[2026-06-01 06:09:16]   [geth] exited cleanly after 1s
[2026-06-01 06:09:16]   [cache] OS page cache dropped
Fatal: Could not create the account: account already exists
[2026-06-01 06:09:16]   [geth] Starting (ubt, gd=5, cold=1, dev.period=1, 1tx/block)
[2026-06-01 06:09:16]   [geth] Waiting for RPC...
[2026-06-01 06:09:18]   [geth] RPC ready after 3s
[2026-06-01 06:09:18]   [bench] Running execute remote...
[2026-06-01 06:09:25]   [bench] exit=0 passed=1 failed=0
0 missing_trie_node=0
0
[2026-06-01 06:09:25] 
[2026-06-01 06:09:25]   --- storage_sstore_k100_run5 (ubt) write-offset=500000000 K=100 ---
[2026-06-01 06:09:25]   [geth] Stopping (SIGTERM, waiting up to 120s for clean exit): 1003939
[2026-06-01 06:09:26]   [geth] exited cleanly after 1s
[2026-06-01 06:09:26]   [cache] OS page cache dropped
Fatal: Could not create the account: account already exists
[2026-06-01 06:09:26]   [geth] Starting (ubt, gd=5, cold=1, dev.period=1, 1tx/block)
[2026-06-01 06:09:26]   [geth] Waiting for RPC...
[2026-06-01 06:09:29]   [geth] RPC ready after 3s
[2026-06-01 06:09:29]   [bench] Running execute remote...
[2026-06-01 06:09:36]   [bench] exit=0 passed=1 failed=0
0 missing_trie_node=0
0
[2026-06-01 06:09:36] 
[2026-06-01 06:09:36]   --- storage_sstore_k100_run6 (ubt) write-offset=600000000 K=100 ---
[2026-06-01 06:09:36]   [geth] Stopping (SIGTERM, waiting up to 120s for clean exit): 1004019
[2026-06-01 06:09:37]   [geth] exited cleanly after 1s
[2026-06-01 06:09:37]   [cache] OS page cache dropped
Fatal: Could not create the account: account already exists
[2026-06-01 06:09:37]   [geth] Starting (ubt, gd=5, cold=1, dev.period=1, 1tx/block)
[2026-06-01 06:09:37]   [geth] Waiting for RPC...
[2026-06-01 06:09:39]   [geth] RPC ready after 3s
[2026-06-01 06:09:39]   [bench] Running execute remote...
[2026-06-01 06:09:46]   [bench] exit=0 passed=1 failed=0
0 missing_trie_node=0
0
[2026-06-01 06:09:46] 
[2026-06-01 06:09:46]   --- storage_sstore_k100_run7 (ubt) write-offset=700000000 K=100 ---
[2026-06-01 06:09:46]   [geth] Stopping (SIGTERM, waiting up to 120s for clean exit): 1004094
[2026-06-01 06:09:47]   [geth] exited cleanly after 1s
[2026-06-01 06:09:48]   [cache] OS page cache dropped
Fatal: Could not create the account: account already exists
[2026-06-01 06:09:48]   [geth] Starting (ubt, gd=5, cold=1, dev.period=1, 1tx/block)
[2026-06-01 06:09:48]   [geth] Waiting for RPC...
[2026-06-01 06:09:50]   [geth] RPC ready after 3s
[2026-06-01 06:09:50]   [bench] Running execute remote...
[2026-06-01 06:09:57]   [bench] exit=0 passed=1 failed=0
0 missing_trie_node=0
0
[2026-06-01 06:09:57] 
[2026-06-01 06:09:57]   --- storage_sstore_k100_run8 (ubt) write-offset=800000000 K=100 ---
[2026-06-01 06:09:57]   [geth] Stopping (SIGTERM, waiting up to 120s for clean exit): 1004177
[2026-06-01 06:09:58]   [geth] exited cleanly after 1s
[2026-06-01 06:09:58]   [cache] OS page cache dropped
Fatal: Could not create the account: account already exists
[2026-06-01 06:09:58]   [geth] Starting (ubt, gd=5, cold=1, dev.period=1, 1tx/block)
[2026-06-01 06:09:58]   [geth] Waiting for RPC...
[2026-06-01 06:10:00]   [geth] RPC ready after 3s
[2026-06-01 06:10:00]   [bench] Running execute remote...
[2026-06-01 06:10:08]   [bench] exit=0 passed=1 failed=0
0 missing_trie_node=0
0
[2026-06-01 06:10:08] 
[2026-06-01 06:10:08]   --- storage_sstore_k100_run9 (ubt) write-offset=900000000 K=100 ---
[2026-06-01 06:10:08]   [geth] Stopping (SIGTERM, waiting up to 120s for clean exit): 1004254
[2026-06-01 06:10:09]   [geth] exited cleanly after 1s
[2026-06-01 06:10:09]   [cache] OS page cache dropped
Fatal: Could not create the account: account already exists
[2026-06-01 06:10:09]   [geth] Starting (ubt, gd=5, cold=1, dev.period=1, 1tx/block)
[2026-06-01 06:10:09]   [geth] Waiting for RPC...
[2026-06-01 06:10:11]   [geth] RPC ready after 3s
[2026-06-01 06:10:11]   [bench] Running execute remote...
[2026-06-01 06:10:19]   [bench] exit=0 passed=1 failed=0
0 missing_trie_node=0
0
[2026-06-01 06:10:19] 
[2026-06-01 06:10:19]   --- storage_sstore_k100_run10 (ubt) write-offset=1000000000 K=100 ---
[2026-06-01 06:10:19]   [geth] Stopping (SIGTERM, waiting up to 120s for clean exit): 1004329
[2026-06-01 06:10:20]   [geth] exited cleanly after 1s
[2026-06-01 06:10:20]   [cache] OS page cache dropped
Fatal: Could not create the account: account already exists
[2026-06-01 06:10:20]   [geth] Starting (ubt, gd=5, cold=1, dev.period=1, 1tx/block)
[2026-06-01 06:10:20]   [geth] Waiting for RPC...
[2026-06-01 06:10:22]   [geth] RPC ready after 3s
[2026-06-01 06:10:22]   [bench] Running execute remote...
[2026-06-01 06:10:30]   [bench] exit=0 passed=1 failed=0
0 missing_trie_node=0
0
[2026-06-01 06:10:30] 
[2026-06-01 06:10:30]   --- storage_sstore_k100_run11 (ubt) write-offset=1100000000 K=100 ---
[2026-06-01 06:10:30]   [geth] Stopping (SIGTERM, waiting up to 120s for clean exit): 1004410
[2026-06-01 06:10:31]   [geth] exited cleanly after 1s
[2026-06-01 06:10:31]   [cache] OS page cache dropped
Fatal: Could not create the account: account already exists
[2026-06-01 06:10:31]   [geth] Starting (ubt, gd=5, cold=1, dev.period=1, 1tx/block)
[2026-06-01 06:10:31]   [geth] Waiting for RPC...
[2026-06-01 06:10:33]   [geth] RPC ready after 3s
[2026-06-01 06:10:33]   [bench] Running execute remote...
[2026-06-01 06:10:40]   [bench] exit=0 passed=1 failed=0
0 missing_trie_node=0
0
[2026-06-01 06:10:40] 
[2026-06-01 06:10:40]   --- storage_sstore_k100_run12 (ubt) write-offset=1200000000 K=100 ---
[2026-06-01 06:10:40]   [geth] Stopping (SIGTERM, waiting up to 120s for clean exit): 1004484
[2026-06-01 06:10:41]   [geth] exited cleanly after 1s
[2026-06-01 06:10:41]   [cache] OS page cache dropped
Fatal: Could not create the account: account already exists
[2026-06-01 06:10:41]   [geth] Starting (ubt, gd=5, cold=1, dev.period=1, 1tx/block)
[2026-06-01 06:10:41]   [geth] Waiting for RPC...
[2026-06-01 06:10:43]   [geth] RPC ready after 3s
[2026-06-01 06:10:43]   [bench] Running execute remote...
[2026-06-01 06:10:51]   [bench] exit=0 passed=1 failed=0
0 missing_trie_node=0
0
[2026-06-01 06:10:51] 
[2026-06-01 06:10:51]   --- storage_sstore_k100_run13 (ubt) write-offset=1300000000 K=100 ---
[2026-06-01 06:10:51]   [geth] Stopping (SIGTERM, waiting up to 120s for clean exit): 1004561
[2026-06-01 06:10:52]   [geth] exited cleanly after 1s
[2026-06-01 06:10:52]   [cache] OS page cache dropped
Fatal: Could not create the account: account already exists
[2026-06-01 06:10:52]   [geth] Starting (ubt, gd=5, cold=1, dev.period=1, 1tx/block)
[2026-06-01 06:10:52]   [geth] Waiting for RPC...
[2026-06-01 06:10:54]   [geth] RPC ready after 3s
[2026-06-01 06:10:54]   [bench] Running execute remote...
[2026-06-01 06:11:01]   [bench] exit=0 passed=1 failed=0
0 missing_trie_node=0
0
[2026-06-01 06:11:01] 
[2026-06-01 06:11:01]   --- storage_sstore_k100_run14 (ubt) write-offset=1400000000 K=100 ---
[2026-06-01 06:11:01]   [geth] Stopping (SIGTERM, waiting up to 120s for clean exit): 1004643
[2026-06-01 06:11:02]   [geth] exited cleanly after 1s
[2026-06-01 06:11:02]   [cache] OS page cache dropped
Fatal: Could not create the account: account already exists
[2026-06-01 06:11:02]   [geth] Starting (ubt, gd=5, cold=1, dev.period=1, 1tx/block)
[2026-06-01 06:11:02]   [geth] Waiting for RPC...
[2026-06-01 06:11:04]   [geth] RPC ready after 3s
[2026-06-01 06:11:04]   [bench] Running execute remote...
[2026-06-01 06:11:12]   [bench] exit=0 passed=1 failed=0
0 missing_trie_node=0
0
[2026-06-01 06:11:12] 
[2026-06-01 06:11:12]   --- storage_sstore_k100_run15 (ubt) write-offset=1500000000 K=100 ---
[2026-06-01 06:11:12]   [geth] Stopping (SIGTERM, waiting up to 120s for clean exit): 1004718
[2026-06-01 06:11:13]   [geth] exited cleanly after 1s
[2026-06-01 06:11:13]   [cache] OS page cache dropped
Fatal: Could not create the account: account already exists
[2026-06-01 06:11:13]   [geth] Starting (ubt, gd=5, cold=1, dev.period=1, 1tx/block)
[2026-06-01 06:11:13]   [geth] Waiting for RPC...
[2026-06-01 06:11:15]   [geth] RPC ready after 3s
[2026-06-01 06:11:15]   [bench] Running execute remote...
[2026-06-01 06:11:22]   [bench] exit=0 passed=1 failed=0
0 missing_trie_node=0
0
[2026-06-01 06:11:22] 
[2026-06-01 06:11:22]   --- storage_sstore_k100_run16 (ubt) write-offset=1600000000 K=100 ---
[2026-06-01 06:11:22]   [geth] Stopping (SIGTERM, waiting up to 120s for clean exit): 1004794
[2026-06-01 06:11:23]   [geth] exited cleanly after 1s
[2026-06-01 06:11:23]   [cache] OS page cache dropped
Fatal: Could not create the account: account already exists
[2026-06-01 06:11:23]   [geth] Starting (ubt, gd=5, cold=1, dev.period=1, 1tx/block)
[2026-06-01 06:11:23]   [geth] Waiting for RPC...
[2026-06-01 06:11:25]   [geth] RPC ready after 3s
[2026-06-01 06:11:25]   [bench] Running execute remote...
[2026-06-01 06:11:33]   [bench] exit=0 passed=1 failed=0
0 missing_trie_node=0
0
[2026-06-01 06:11:33] 
[2026-06-01 06:11:33]   --- storage_sstore_k100_run17 (ubt) write-offset=1700000000 K=100 ---
[2026-06-01 06:11:33]   [geth] Stopping (SIGTERM, waiting up to 120s for clean exit): 1004876
[2026-06-01 06:11:34]   [geth] exited cleanly after 1s
[2026-06-01 06:11:34]   [cache] OS page cache dropped
Fatal: Could not create the account: account already exists
[2026-06-01 06:11:34]   [geth] Starting (ubt, gd=5, cold=1, dev.period=1, 1tx/block)
[2026-06-01 06:11:34]   [geth] Waiting for RPC...
[2026-06-01 06:11:36]   [geth] RPC ready after 3s
[2026-06-01 06:11:36]   [bench] Running execute remote...
[2026-06-01 06:11:43]   [bench] exit=0 passed=1 failed=0
0 missing_trie_node=0
0
[2026-06-01 06:11:43] 
[2026-06-01 06:11:43]   --- storage_sstore_k100_run18 (ubt) write-offset=1800000000 K=100 ---
[2026-06-01 06:11:43]   [geth] Stopping (SIGTERM, waiting up to 120s for clean exit): 1004951
[2026-06-01 06:11:44]   [geth] exited cleanly after 1s
[2026-06-01 06:11:44]   [cache] OS page cache dropped
Fatal: Could not create the account: account already exists
[2026-06-01 06:11:44]   [geth] Starting (ubt, gd=5, cold=1, dev.period=1, 1tx/block)
[2026-06-01 06:11:44]   [geth] Waiting for RPC...
[2026-06-01 06:11:46]   [geth] RPC ready after 3s
[2026-06-01 06:11:46]   [bench] Running execute remote...
[2026-06-01 06:11:54]   [bench] exit=0 passed=1 failed=0
0 missing_trie_node=0
0
[2026-06-01 06:11:54] 
[2026-06-01 06:11:54]   --- storage_sstore_k100_run19 (ubt) write-offset=1900000000 K=100 ---
[2026-06-01 06:11:54]   [geth] Stopping (SIGTERM, waiting up to 120s for clean exit): 1005027
[2026-06-01 06:11:55]   [geth] exited cleanly after 1s
[2026-06-01 06:11:55]   [cache] OS page cache dropped
Fatal: Could not create the account: account already exists
[2026-06-01 06:11:55]   [geth] Starting (ubt, gd=5, cold=1, dev.period=1, 1tx/block)
[2026-06-01 06:11:55]   [geth] Waiting for RPC...
[2026-06-01 06:11:57]   [geth] RPC ready after 3s
[2026-06-01 06:11:57]   [bench] Running execute remote...
[2026-06-01 06:12:04]   [bench] exit=0 passed=1 failed=0
0 missing_trie_node=0
0
[2026-06-01 06:12:04] 
[2026-06-01 06:12:04]   --- storage_sstore_k100_run20 (ubt) write-offset=2000000000 K=100 ---
[2026-06-01 06:12:04]   [geth] Stopping (SIGTERM, waiting up to 120s for clean exit): 1005115
[2026-06-01 06:12:05]   [geth] exited cleanly after 1s
[2026-06-01 06:12:05]   [cache] OS page cache dropped
Fatal: Could not create the account: account already exists
[2026-06-01 06:12:06]   [geth] Starting (ubt, gd=5, cold=1, dev.period=1, 1tx/block)
[2026-06-01 06:12:06]   [geth] Waiting for RPC...
[2026-06-01 06:12:08]   [geth] RPC ready after 3s
[2026-06-01 06:12:08]   [bench] Running execute remote...
[2026-06-01 06:12:15]   [bench] exit=0 passed=1 failed=0
0 missing_trie_node=0
0
[2026-06-01 06:12:15] 
[2026-06-01 06:12:15]   ── BENCHMARK: storage_sstore_k256 (pool=256 contracts; effective K=256)
[2026-06-01 06:12:15] 
[2026-06-01 06:12:15]   --- storage_sstore_k256_run1 (ubt) write-offset=100000000 K=256 ---
[2026-06-01 06:12:15]   [geth] Stopping (SIGTERM, waiting up to 120s for clean exit): 1005192
[2026-06-01 06:12:16]   [geth] exited cleanly after 1s
[2026-06-01 06:12:16]   [cache] OS page cache dropped
Fatal: Could not create the account: account already exists
[2026-06-01 06:12:16]   [geth] Starting (ubt, gd=5, cold=1, dev.period=1, 1tx/block)
[2026-06-01 06:12:16]   [geth] Waiting for RPC...
[2026-06-01 06:12:18]   [geth] RPC ready after 3s
[2026-06-01 06:12:18]   [bench] Running execute remote...
[2026-06-01 06:12:25]   [bench] exit=0 passed=1 failed=0
0 missing_trie_node=0
0
[2026-06-01 06:12:25] 
[2026-06-01 06:12:25]   --- storage_sstore_k256_run2 (ubt) write-offset=200000000 K=256 ---
[2026-06-01 06:12:25]   [geth] Stopping (SIGTERM, waiting up to 120s for clean exit): 1005289
[2026-06-01 06:12:26]   [geth] exited cleanly after 1s
[2026-06-01 06:12:26]   [cache] OS page cache dropped
Fatal: Could not create the account: account already exists
[2026-06-01 06:12:27]   [geth] Starting (ubt, gd=5, cold=1, dev.period=1, 1tx/block)
[2026-06-01 06:12:27]   [geth] Waiting for RPC...
[2026-06-01 06:12:29]   [geth] RPC ready after 3s
[2026-06-01 06:12:29]   [bench] Running execute remote...
[2026-06-01 06:12:36]   [bench] exit=0 passed=1 failed=0
0 missing_trie_node=0
0
[2026-06-01 06:12:36] 
[2026-06-01 06:12:36]   --- storage_sstore_k256_run3 (ubt) write-offset=300000000 K=256 ---
[2026-06-01 06:12:36]   [geth] Stopping (SIGTERM, waiting up to 120s for clean exit): 1005370
[2026-06-01 06:12:37]   [geth] exited cleanly after 1s
[2026-06-01 06:12:37]   [cache] OS page cache dropped
Fatal: Could not create the account: account already exists
[2026-06-01 06:12:37]   [geth] Starting (ubt, gd=5, cold=1, dev.period=1, 1tx/block)
[2026-06-01 06:12:37]   [geth] Waiting for RPC...
[2026-06-01 06:12:39]   [geth] RPC ready after 3s
[2026-06-01 06:12:39]   [bench] Running execute remote...
[2026-06-01 06:12:46]   [bench] exit=0 passed=1 failed=0
0 missing_trie_node=0
0
[2026-06-01 06:12:46] 
[2026-06-01 06:12:46]   --- storage_sstore_k256_run4 (ubt) write-offset=400000000 K=256 ---
[2026-06-01 06:12:46]   [geth] Stopping (SIGTERM, waiting up to 120s for clean exit): 1005444
[2026-06-01 06:12:47]   [geth] exited cleanly after 1s
[2026-06-01 06:12:48]   [cache] OS page cache dropped
Fatal: Could not create the account: account already exists
[2026-06-01 06:12:48]   [geth] Starting (ubt, gd=5, cold=1, dev.period=1, 1tx/block)
[2026-06-01 06:12:48]   [geth] Waiting for RPC...
[2026-06-01 06:12:50]   [geth] RPC ready after 3s
[2026-06-01 06:12:50]   [bench] Running execute remote...
[2026-06-01 06:12:57]   [bench] exit=0 passed=1 failed=0
0 missing_trie_node=0
0
[2026-06-01 06:12:57] 
[2026-06-01 06:12:57]   --- storage_sstore_k256_run5 (ubt) write-offset=500000000 K=256 ---
[2026-06-01 06:12:57]   [geth] Stopping (SIGTERM, waiting up to 120s for clean exit): 1005533
[2026-06-01 06:12:58]   [geth] exited cleanly after 1s
[2026-06-01 06:12:58]   [cache] OS page cache dropped
Fatal: Could not create the account: account already exists
[2026-06-01 06:12:58]   [geth] Starting (ubt, gd=5, cold=1, dev.period=1, 1tx/block)
[2026-06-01 06:12:58]   [geth] Waiting for RPC...
[2026-06-01 06:13:00]   [geth] RPC ready after 3s
[2026-06-01 06:13:00]   [bench] Running execute remote...
[2026-06-01 06:13:06]   [bench] exit=0 passed=1 failed=0
0 missing_trie_node=0
0
[2026-06-01 06:13:06] 
[2026-06-01 06:13:06]   --- storage_sstore_k256_run6 (ubt) write-offset=600000000 K=256 ---
[2026-06-01 06:13:06]   [geth] Stopping (SIGTERM, waiting up to 120s for clean exit): 1005616
[2026-06-01 06:13:07]   [geth] exited cleanly after 1s
[2026-06-01 06:13:08]   [cache] OS page cache dropped
Fatal: Could not create the account: account already exists
[2026-06-01 06:13:08]   [geth] Starting (ubt, gd=5, cold=1, dev.period=1, 1tx/block)
[2026-06-01 06:13:08]   [geth] Waiting for RPC...
[2026-06-01 06:13:10]   [geth] RPC ready after 3s
[2026-06-01 06:13:10]   [bench] Running execute remote...
[2026-06-01 06:13:17]   [bench] exit=0 passed=1 failed=0
0 missing_trie_node=0
0
[2026-06-01 06:13:17] 
[2026-06-01 06:13:17]   --- storage_sstore_k256_run7 (ubt) write-offset=700000000 K=256 ---
[2026-06-01 06:13:17]   [geth] Stopping (SIGTERM, waiting up to 120s for clean exit): 1005693
[2026-06-01 06:13:18]   [geth] exited cleanly after 1s
[2026-06-01 06:13:18]   [cache] OS page cache dropped
Fatal: Could not create the account: account already exists
[2026-06-01 06:13:18]   [geth] Starting (ubt, gd=5, cold=1, dev.period=1, 1tx/block)
[2026-06-01 06:13:18]   [geth] Waiting for RPC...
[2026-06-01 06:13:20]   [geth] RPC ready after 3s
[2026-06-01 06:13:20]   [bench] Running execute remote...
[2026-06-01 06:13:26]   [bench] exit=0 passed=1 failed=0
0 missing_trie_node=0
0
[2026-06-01 06:13:26] 
[2026-06-01 06:13:26]   --- storage_sstore_k256_run8 (ubt) write-offset=800000000 K=256 ---
[2026-06-01 06:13:26]   [geth] Stopping (SIGTERM, waiting up to 120s for clean exit): 1005774
[2026-06-01 06:13:27]   [geth] exited cleanly after 1s
[2026-06-01 06:13:28]   [cache] OS page cache dropped
Fatal: Could not create the account: account already exists
[2026-06-01 06:13:28]   [geth] Starting (ubt, gd=5, cold=1, dev.period=1, 1tx/block)
[2026-06-01 06:13:28]   [geth] Waiting for RPC...
[2026-06-01 06:13:30]   [geth] RPC ready after 3s
[2026-06-01 06:13:30]   [bench] Running execute remote...
[2026-06-01 06:13:36]   [bench] exit=0 passed=1 failed=0
0 missing_trie_node=0
0
[2026-06-01 06:13:36] 
[2026-06-01 06:13:36]   --- storage_sstore_k256_run9 (ubt) write-offset=900000000 K=256 ---
[2026-06-01 06:13:36]   [geth] Stopping (SIGTERM, waiting up to 120s for clean exit): 1005848
[2026-06-01 06:13:37]   [geth] exited cleanly after 1s
[2026-06-01 06:13:37]   [cache] OS page cache dropped
Fatal: Could not create the account: account already exists
[2026-06-01 06:13:37]   [geth] Starting (ubt, gd=5, cold=1, dev.period=1, 1tx/block)
[2026-06-01 06:13:37]   [geth] Waiting for RPC...
[2026-06-01 06:13:39]   [geth] RPC ready after 3s
[2026-06-01 06:13:39]   [bench] Running execute remote...
[2026-06-01 06:13:47]   [bench] exit=0 passed=1 failed=0
0 missing_trie_node=0
0
[2026-06-01 06:13:47] 
[2026-06-01 06:13:47]   --- storage_sstore_k256_run10 (ubt) write-offset=1000000000 K=256 ---
[2026-06-01 06:13:47]   [geth] Stopping (SIGTERM, waiting up to 120s for clean exit): 1005923
[2026-06-01 06:13:48]   [geth] exited cleanly after 1s
[2026-06-01 06:13:48]   [cache] OS page cache dropped
Fatal: Could not create the account: account already exists
[2026-06-01 06:13:48]   [geth] Starting (ubt, gd=5, cold=1, dev.period=1, 1tx/block)
[2026-06-01 06:13:48]   [geth] Waiting for RPC...
[2026-06-01 06:13:50]   [geth] RPC ready after 3s
[2026-06-01 06:13:50]   [bench] Running execute remote...
[2026-06-01 06:13:56]   [bench] exit=0 passed=1 failed=0
0 missing_trie_node=0
0
[2026-06-01 06:13:56] 
[2026-06-01 06:13:56]   --- storage_sstore_k256_run11 (ubt) write-offset=1100000000 K=256 ---
[2026-06-01 06:13:56]   [geth] Stopping (SIGTERM, waiting up to 120s for clean exit): 1006006
[2026-06-01 06:13:57]   [geth] exited cleanly after 1s
[2026-06-01 06:13:57]   [cache] OS page cache dropped
Fatal: Could not create the account: account already exists
[2026-06-01 06:13:57]   [geth] Starting (ubt, gd=5, cold=1, dev.period=1, 1tx/block)
[2026-06-01 06:13:57]   [geth] Waiting for RPC...
[2026-06-01 06:13:59]   [geth] RPC ready after 3s
[2026-06-01 06:13:59]   [bench] Running execute remote...
[2026-06-01 06:14:07]   [bench] exit=0 passed=1 failed=0
0 missing_trie_node=0
0
[2026-06-01 06:14:07] 
[2026-06-01 06:14:07]   --- storage_sstore_k256_run12 (ubt) write-offset=1200000000 K=256 ---
[2026-06-01 06:14:07]   [geth] Stopping (SIGTERM, waiting up to 120s for clean exit): 1006079
[2026-06-01 06:14:08]   [geth] exited cleanly after 1s
[2026-06-01 06:14:08]   [cache] OS page cache dropped
Fatal: Could not create the account: account already exists
[2026-06-01 06:14:08]   [geth] Starting (ubt, gd=5, cold=1, dev.period=1, 1tx/block)
[2026-06-01 06:14:08]   [geth] Waiting for RPC...
[2026-06-01 06:14:10]   [geth] RPC ready after 3s
[2026-06-01 06:14:10]   [bench] Running execute remote...
[2026-06-01 06:14:17]   [bench] exit=0 passed=1 failed=0
0 missing_trie_node=0
0
[2026-06-01 06:14:17] 
[2026-06-01 06:14:17]   --- storage_sstore_k256_run13 (ubt) write-offset=1300000000 K=256 ---
[2026-06-01 06:14:17]   [geth] Stopping (SIGTERM, waiting up to 120s for clean exit): 1006155
[2026-06-01 06:14:18]   [geth] exited cleanly after 1s
[2026-06-01 06:14:18]   [cache] OS page cache dropped
Fatal: Could not create the account: account already exists
[2026-06-01 06:14:19]   [geth] Starting (ubt, gd=5, cold=1, dev.period=1, 1tx/block)
[2026-06-01 06:14:19]   [geth] Waiting for RPC...
[2026-06-01 06:14:21]   [geth] RPC ready after 3s
[2026-06-01 06:14:21]   [bench] Running execute remote...
[2026-06-01 06:14:28]   [bench] exit=0 passed=1 failed=0
0 missing_trie_node=0
0
[2026-06-01 06:14:28] 
[2026-06-01 06:14:28]   --- storage_sstore_k256_run14 (ubt) write-offset=1400000000 K=256 ---
[2026-06-01 06:14:28]   [geth] Stopping (SIGTERM, waiting up to 120s for clean exit): 1006239
[2026-06-01 06:14:29]   [geth] exited cleanly after 1s
[2026-06-01 06:14:29]   [cache] OS page cache dropped
Fatal: Could not create the account: account already exists
[2026-06-01 06:14:29]   [geth] Starting (ubt, gd=5, cold=1, dev.period=1, 1tx/block)
[2026-06-01 06:14:29]   [geth] Waiting for RPC...
[2026-06-01 06:14:31]   [geth] RPC ready after 3s
[2026-06-01 06:14:31]   [bench] Running execute remote...
[2026-06-01 06:14:37]   [bench] exit=0 passed=1 failed=0
0 missing_trie_node=0
0
[2026-06-01 06:14:37] 
[2026-06-01 06:14:37]   --- storage_sstore_k256_run15 (ubt) write-offset=1500000000 K=256 ---
[2026-06-01 06:14:37]   [geth] Stopping (SIGTERM, waiting up to 120s for clean exit): 1006313
[2026-06-01 06:14:38]   [geth] exited cleanly after 1s
[2026-06-01 06:14:39]   [cache] OS page cache dropped
Fatal: Could not create the account: account already exists
[2026-06-01 06:14:39]   [geth] Starting (ubt, gd=5, cold=1, dev.period=1, 1tx/block)
[2026-06-01 06:14:39]   [geth] Waiting for RPC...
[2026-06-01 06:14:41]   [geth] RPC ready after 3s
[2026-06-01 06:14:41]   [bench] Running execute remote...
[2026-06-01 06:14:47]   [bench] exit=0 passed=1 failed=0
0 missing_trie_node=0
0
[2026-06-01 06:14:47] 
[2026-06-01 06:14:47]   --- storage_sstore_k256_run16 (ubt) write-offset=1600000000 K=256 ---
[2026-06-01 06:14:47]   [geth] Stopping (SIGTERM, waiting up to 120s for clean exit): 1006388
[2026-06-01 06:14:48]   [geth] exited cleanly after 1s
[2026-06-01 06:14:48]   [cache] OS page cache dropped
Fatal: Could not create the account: account already exists
[2026-06-01 06:14:48]   [geth] Starting (ubt, gd=5, cold=1, dev.period=1, 1tx/block)
[2026-06-01 06:14:48]   [geth] Waiting for RPC...
[2026-06-01 06:14:50]   [geth] RPC ready after 3s
[2026-06-01 06:14:50]   [bench] Running execute remote...
[2026-06-01 06:14:57]   [bench] exit=0 passed=1 failed=0
0 missing_trie_node=0
0
[2026-06-01 06:14:57] 
[2026-06-01 06:14:57]   --- storage_sstore_k256_run17 (ubt) write-offset=1700000000 K=256 ---
[2026-06-01 06:14:57]   [geth] Stopping (SIGTERM, waiting up to 120s for clean exit): 1006475
[2026-06-01 06:14:58]   [geth] exited cleanly after 1s
[2026-06-01 06:14:58]   [cache] OS page cache dropped
Fatal: Could not create the account: account already exists
[2026-06-01 06:14:58]   [geth] Starting (ubt, gd=5, cold=1, dev.period=1, 1tx/block)
[2026-06-01 06:14:58]   [geth] Waiting for RPC...
[2026-06-01 06:15:00]   [geth] RPC ready after 3s
[2026-06-01 06:15:00]   [bench] Running execute remote...
[2026-06-01 06:15:06]   [bench] exit=0 passed=1 failed=0
0 missing_trie_node=0
0
[2026-06-01 06:15:06] 
[2026-06-01 06:15:06]   --- storage_sstore_k256_run18 (ubt) write-offset=1800000000 K=256 ---
[2026-06-01 06:15:06]   [geth] Stopping (SIGTERM, waiting up to 120s for clean exit): 1006548
[2026-06-01 06:15:07]   [geth] exited cleanly after 1s
[2026-06-01 06:15:07]   [cache] OS page cache dropped
Fatal: Could not create the account: account already exists
[2026-06-01 06:15:07]   [geth] Starting (ubt, gd=5, cold=1, dev.period=1, 1tx/block)
[2026-06-01 06:15:07]   [geth] Waiting for RPC...
[2026-06-01 06:15:09]   [geth] RPC ready after 3s
[2026-06-01 06:15:09]   [bench] Running execute remote...
[2026-06-01 06:15:16]   [bench] exit=0 passed=1 failed=0
0 missing_trie_node=0
0
[2026-06-01 06:15:16] 
[2026-06-01 06:15:16]   --- storage_sstore_k256_run19 (ubt) write-offset=1900000000 K=256 ---
[2026-06-01 06:15:17]   [geth] Stopping (SIGTERM, waiting up to 120s for clean exit): 1006624
[2026-06-01 06:15:18]   [geth] exited cleanly after 1s
[2026-06-01 06:15:18]   [cache] OS page cache dropped
Fatal: Could not create the account: account already exists
[2026-06-01 06:15:18]   [geth] Starting (ubt, gd=5, cold=1, dev.period=1, 1tx/block)
[2026-06-01 06:15:18]   [geth] Waiting for RPC...
[2026-06-01 06:15:20]   [geth] RPC ready after 3s
[2026-06-01 06:15:20]   [bench] Running execute remote...
[2026-06-01 06:15:27]   [bench] exit=0 passed=1 failed=0
0 missing_trie_node=0
0
[2026-06-01 06:15:27] 
[2026-06-01 06:15:27]   --- storage_sstore_k256_run20 (ubt) write-offset=2000000000 K=256 ---
[2026-06-01 06:15:27]   [geth] Stopping (SIGTERM, waiting up to 120s for clean exit): 1006709
[2026-06-01 06:15:28]   [geth] exited cleanly after 1s
[2026-06-01 06:15:28]   [cache] OS page cache dropped
Fatal: Could not create the account: account already exists
[2026-06-01 06:15:28]   [geth] Starting (ubt, gd=5, cold=1, dev.period=1, 1tx/block)
[2026-06-01 06:15:28]   [geth] Waiting for RPC...
[2026-06-01 06:15:30]   [geth] RPC ready after 3s
[2026-06-01 06:15:30]   [bench] Running execute remote...
[2026-06-01 06:15:37]   [bench] exit=0 passed=1 failed=0
0 missing_trie_node=0
0
[2026-06-01 06:15:37] 
[2026-06-01 06:15:37]   ── BENCHMARK: storage_mixed_k1 (pool=256 contracts; effective K=1)
[2026-06-01 06:15:37] 
[2026-06-01 06:15:37]   --- storage_mixed_k1_run1 (ubt) write-offset=100000000 K=1 ---
[2026-06-01 06:15:37]   [geth] Stopping (SIGTERM, waiting up to 120s for clean exit): 1006783
[2026-06-01 06:15:38]   [geth] exited cleanly after 1s
[2026-06-01 06:15:39]   [cache] OS page cache dropped
Fatal: Could not create the account: account already exists
[2026-06-01 06:15:39]   [geth] Starting (ubt, gd=5, cold=1, dev.period=1, 1tx/block)
[2026-06-01 06:15:39]   [geth] Waiting for RPC...
[2026-06-01 06:15:41]   [geth] RPC ready after 3s
[2026-06-01 06:15:41]   [bench] Running execute remote...
[2026-06-01 06:15:48]   [bench] exit=0 passed=1 failed=0
0 missing_trie_node=0
0
[2026-06-01 06:15:48] 
[2026-06-01 06:15:48]   --- storage_mixed_k1_run2 (ubt) write-offset=200000000 K=1 ---
[2026-06-01 06:15:48]   [geth] Stopping (SIGTERM, waiting up to 120s for clean exit): 1006885
[2026-06-01 06:15:49]   [geth] exited cleanly after 1s
[2026-06-01 06:15:49]   [cache] OS page cache dropped
Fatal: Could not create the account: account already exists
[2026-06-01 06:15:49]   [geth] Starting (ubt, gd=5, cold=1, dev.period=1, 1tx/block)
[2026-06-01 06:15:49]   [geth] Waiting for RPC...
[2026-06-01 06:15:51]   [geth] RPC ready after 3s
[2026-06-01 06:15:51]   [bench] Running execute remote...
[2026-06-01 06:15:58]   [bench] exit=0 passed=1 failed=0
0 missing_trie_node=0
0
[2026-06-01 06:15:58] 
[2026-06-01 06:15:58]   --- storage_mixed_k1_run3 (ubt) write-offset=300000000 K=1 ---
[2026-06-01 06:15:58]   [geth] Stopping (SIGTERM, waiting up to 120s for clean exit): 1006971
[2026-06-01 06:15:59]   [geth] exited cleanly after 1s
[2026-06-01 06:15:59]   [cache] OS page cache dropped
Fatal: Could not create the account: account already exists
[2026-06-01 06:15:59]   [geth] Starting (ubt, gd=5, cold=1, dev.period=1, 1tx/block)
[2026-06-01 06:15:59]   [geth] Waiting for RPC...
[2026-06-01 06:16:01]   [geth] RPC ready after 3s
[2026-06-01 06:16:01]   [bench] Running execute remote...
[2026-06-01 06:16:07]   [bench] exit=0 passed=1 failed=0
0 missing_trie_node=0
0
[2026-06-01 06:16:07] 
[2026-06-01 06:16:07]   --- storage_mixed_k1_run4 (ubt) write-offset=400000000 K=1 ---
[2026-06-01 06:16:07]   [geth] Stopping (SIGTERM, waiting up to 120s for clean exit): 1007047
[2026-06-01 06:16:08]   [geth] exited cleanly after 1s
[2026-06-01 06:16:08]   [cache] OS page cache dropped
Fatal: Could not create the account: account already exists
[2026-06-01 06:16:08]   [geth] Starting (ubt, gd=5, cold=1, dev.period=1, 1tx/block)
[2026-06-01 06:16:08]   [geth] Waiting for RPC...
[2026-06-01 06:16:10]   [geth] RPC ready after 3s
[2026-06-01 06:16:10]   [bench] Running execute remote...
[2026-06-01 06:16:17]   [bench] exit=0 passed=1 failed=0
0 missing_trie_node=0
0
[2026-06-01 06:16:17] 
[2026-06-01 06:16:17]   --- storage_mixed_k1_run5 (ubt) write-offset=500000000 K=1 ---
[2026-06-01 06:16:18]   [geth] Stopping (SIGTERM, waiting up to 120s for clean exit): 1007122
[2026-06-01 06:16:19]   [geth] exited cleanly after 1s
[2026-06-01 06:16:19]   [cache] OS page cache dropped
Fatal: Could not create the account: account already exists
[2026-06-01 06:16:19]   [geth] Starting (ubt, gd=5, cold=1, dev.period=1, 1tx/block)
[2026-06-01 06:16:19]   [geth] Waiting for RPC...
[2026-06-01 06:16:21]   [geth] RPC ready after 3s
[2026-06-01 06:16:21]   [bench] Running execute remote...
[2026-06-01 06:16:27]   [bench] exit=0 passed=1 failed=0
0 missing_trie_node=0
0
[2026-06-01 06:16:27] 
[2026-06-01 06:16:27]   --- storage_mixed_k1_run6 (ubt) write-offset=600000000 K=1 ---
[2026-06-01 06:16:27]   [geth] Stopping (SIGTERM, waiting up to 120s for clean exit): 1007204
[2026-06-01 06:16:28]   [geth] exited cleanly after 1s
[2026-06-01 06:16:28]   [cache] OS page cache dropped
Fatal: Could not create the account: account already exists
[2026-06-01 06:16:28]   [geth] Starting (ubt, gd=5, cold=1, dev.period=1, 1tx/block)
[2026-06-01 06:16:28]   [geth] Waiting for RPC...
[2026-06-01 06:16:30]   [geth] RPC ready after 3s
[2026-06-01 06:16:30]   [bench] Running execute remote...
[2026-06-01 06:16:36]   [bench] exit=0 passed=1 failed=0
0 missing_trie_node=0
0
[2026-06-01 06:16:36] 
[2026-06-01 06:16:36]   --- storage_mixed_k1_run7 (ubt) write-offset=700000000 K=1 ---
[2026-06-01 06:16:36]   [geth] Stopping (SIGTERM, waiting up to 120s for clean exit): 1007280
[2026-06-01 06:16:37]   [geth] exited cleanly after 1s
[2026-06-01 06:16:38]   [cache] OS page cache dropped
Fatal: Could not create the account: account already exists
[2026-06-01 06:16:38]   [geth] Starting (ubt, gd=5, cold=1, dev.period=1, 1tx/block)
[2026-06-01 06:16:38]   [geth] Waiting for RPC...
[2026-06-01 06:16:40]   [geth] RPC ready after 3s
[2026-06-01 06:16:40]   [bench] Running execute remote...
[2026-06-01 06:16:46]   [bench] exit=0 passed=1 failed=0
0 missing_trie_node=0
0
[2026-06-01 06:16:46] 
[2026-06-01 06:16:46]   --- storage_mixed_k1_run8 (ubt) write-offset=800000000 K=1 ---
[2026-06-01 06:16:46]   [geth] Stopping (SIGTERM, waiting up to 120s for clean exit): 1007356
[2026-06-01 06:16:47]   [geth] exited cleanly after 1s
[2026-06-01 06:16:47]   [cache] OS page cache dropped
Fatal: Could not create the account: account already exists
[2026-06-01 06:16:47]   [geth] Starting (ubt, gd=5, cold=1, dev.period=1, 1tx/block)
[2026-06-01 06:16:47]   [geth] Waiting for RPC...
[2026-06-01 06:16:49]   [geth] RPC ready after 3s
[2026-06-01 06:16:49]   [bench] Running execute remote...
[2026-06-01 06:16:55]   [bench] exit=0 passed=1 failed=0
0 missing_trie_node=0
0
[2026-06-01 06:16:55] 
[2026-06-01 06:16:55]   --- storage_mixed_k1_run9 (ubt) write-offset=900000000 K=1 ---
[2026-06-01 06:16:55]   [geth] Stopping (SIGTERM, waiting up to 120s for clean exit): 1007440
[2026-06-01 06:16:56]   [geth] exited cleanly after 1s
[2026-06-01 06:16:57]   [cache] OS page cache dropped
Fatal: Could not create the account: account already exists
[2026-06-01 06:16:57]   [geth] Starting (ubt, gd=5, cold=1, dev.period=1, 1tx/block)
[2026-06-01 06:16:57]   [geth] Waiting for RPC...
[2026-06-01 06:16:59]   [geth] RPC ready after 3s
[2026-06-01 06:16:59]   [bench] Running execute remote...
[2026-06-01 06:17:05]   [bench] exit=0 passed=1 failed=0
0 missing_trie_node=0
0
[2026-06-01 06:17:05] 
[2026-06-01 06:17:05]   --- storage_mixed_k1_run10 (ubt) write-offset=1000000000 K=1 ---
[2026-06-01 06:17:05]   [geth] Stopping (SIGTERM, waiting up to 120s for clean exit): 1007515
[2026-06-01 06:17:06]   [geth] exited cleanly after 1s
[2026-06-01 06:17:06]   [cache] OS page cache dropped
Fatal: Could not create the account: account already exists
[2026-06-01 06:17:06]   [geth] Starting (ubt, gd=5, cold=1, dev.period=1, 1tx/block)
[2026-06-01 06:17:06]   [geth] Waiting for RPC...
[2026-06-01 06:17:08]   [geth] RPC ready after 3s
[2026-06-01 06:17:08]   [bench] Running execute remote...
[2026-06-01 06:17:14]   [bench] exit=0 passed=1 failed=0
0 missing_trie_node=0
0
[2026-06-01 06:17:14] 
[2026-06-01 06:17:14]   --- storage_mixed_k1_run11 (ubt) write-offset=1100000000 K=1 ---
[2026-06-01 06:17:14]   [geth] Stopping (SIGTERM, waiting up to 120s for clean exit): 1007597
[2026-06-01 06:17:15]   [geth] exited cleanly after 1s
[2026-06-01 06:17:15]   [cache] OS page cache dropped
Fatal: Could not create the account: account already exists
[2026-06-01 06:17:16]   [geth] Starting (ubt, gd=5, cold=1, dev.period=1, 1tx/block)
[2026-06-01 06:17:16]   [geth] Waiting for RPC...
[2026-06-01 06:17:18]   [geth] RPC ready after 3s
[2026-06-01 06:17:18]   [bench] Running execute remote...
[2026-06-01 06:17:24]   [bench] exit=0 passed=1 failed=0
0 missing_trie_node=0
0
[2026-06-01 06:17:24] 
[2026-06-01 06:17:24]   --- storage_mixed_k1_run12 (ubt) write-offset=1200000000 K=1 ---
[2026-06-01 06:17:24]   [geth] Stopping (SIGTERM, waiting up to 120s for clean exit): 1007671
[2026-06-01 06:17:25]   [geth] exited cleanly after 1s
[2026-06-01 06:17:25]   [cache] OS page cache dropped
Fatal: Could not create the account: account already exists
[2026-06-01 06:17:25]   [geth] Starting (ubt, gd=5, cold=1, dev.period=1, 1tx/block)
[2026-06-01 06:17:25]   [geth] Waiting for RPC...
[2026-06-01 06:17:27]   [geth] RPC ready after 3s
[2026-06-01 06:17:27]   [bench] Running execute remote...
[2026-06-01 06:17:33]   [bench] exit=0 passed=1 failed=0
0 missing_trie_node=0
0
[2026-06-01 06:17:33] 
[2026-06-01 06:17:33]   --- storage_mixed_k1_run13 (ubt) write-offset=1300000000 K=1 ---
[2026-06-01 06:17:33]   [geth] Stopping (SIGTERM, waiting up to 120s for clean exit): 1007752
[2026-06-01 06:17:34]   [geth] exited cleanly after 1s
[2026-06-01 06:17:34]   [cache] OS page cache dropped
Fatal: Could not create the account: account already exists
[2026-06-01 06:17:34]   [geth] Starting (ubt, gd=5, cold=1, dev.period=1, 1tx/block)
[2026-06-01 06:17:34]   [geth] Waiting for RPC...
[2026-06-01 06:17:37]   [geth] RPC ready after 3s
[2026-06-01 06:17:37]   [bench] Running execute remote...
[2026-06-01 06:17:43]   [bench] exit=0 passed=1 failed=0
0 missing_trie_node=0
0
[2026-06-01 06:17:43] 
[2026-06-01 06:17:43]   --- storage_mixed_k1_run14 (ubt) write-offset=1400000000 K=1 ---
[2026-06-01 06:17:43]   [geth] Stopping (SIGTERM, waiting up to 120s for clean exit): 1007830
[2026-06-01 06:17:44]   [geth] exited cleanly after 1s
[2026-06-01 06:17:44]   [cache] OS page cache dropped
Fatal: Could not create the account: account already exists
[2026-06-01 06:17:44]   [geth] Starting (ubt, gd=5, cold=1, dev.period=1, 1tx/block)
[2026-06-01 06:17:44]   [geth] Waiting for RPC...
[2026-06-01 06:17:46]   [geth] RPC ready after 3s
[2026-06-01 06:17:46]   [bench] Running execute remote...
[2026-06-01 06:17:52]   [bench] exit=0 passed=1 failed=0
0 missing_trie_node=0
0
[2026-06-01 06:17:52] 
[2026-06-01 06:17:52]   --- storage_mixed_k1_run15 (ubt) write-offset=1500000000 K=1 ---
[2026-06-01 06:17:52]   [geth] Stopping (SIGTERM, waiting up to 120s for clean exit): 1007908
[2026-06-01 06:17:53]   [geth] exited cleanly after 1s
[2026-06-01 06:17:53]   [cache] OS page cache dropped
Fatal: Could not create the account: account already exists
[2026-06-01 06:17:54]   [geth] Starting (ubt, gd=5, cold=1, dev.period=1, 1tx/block)
[2026-06-01 06:17:54]   [geth] Waiting for RPC...
[2026-06-01 06:17:56]   [geth] RPC ready after 3s
[2026-06-01 06:17:56]   [bench] Running execute remote...
[2026-06-01 06:18:02]   [bench] exit=0 passed=1 failed=0
0 missing_trie_node=0
0
[2026-06-01 06:18:02] 
[2026-06-01 06:18:02]   --- storage_mixed_k1_run16 (ubt) write-offset=1600000000 K=1 ---
[2026-06-01 06:18:02]   [geth] Stopping (SIGTERM, waiting up to 120s for clean exit): 1007990
[2026-06-01 06:18:03]   [geth] exited cleanly after 1s
[2026-06-01 06:18:03]   [cache] OS page cache dropped
Fatal: Could not create the account: account already exists
[2026-06-01 06:18:03]   [geth] Starting (ubt, gd=5, cold=1, dev.period=1, 1tx/block)
[2026-06-01 06:18:03]   [geth] Waiting for RPC...
[2026-06-01 06:18:05]   [geth] RPC ready after 3s
[2026-06-01 06:18:05]   [bench] Running execute remote...
[2026-06-01 06:18:12]   [bench] exit=0 passed=1 failed=0
0 missing_trie_node=0
0
[2026-06-01 06:18:12] 
[2026-06-01 06:18:12]   --- storage_mixed_k1_run17 (ubt) write-offset=1700000000 K=1 ---
[2026-06-01 06:18:12]   [geth] Stopping (SIGTERM, waiting up to 120s for clean exit): 1008063
[2026-06-01 06:18:13]   [geth] exited cleanly after 1s
[2026-06-01 06:18:14]   [cache] OS page cache dropped
Fatal: Could not create the account: account already exists
[2026-06-01 06:18:14]   [geth] Starting (ubt, gd=5, cold=1, dev.period=1, 1tx/block)
[2026-06-01 06:18:14]   [geth] Waiting for RPC...
[2026-06-01 06:18:16]   [geth] RPC ready after 3s
[2026-06-01 06:18:16]   [bench] Running execute remote...
[2026-06-01 06:18:22]   [bench] exit=0 passed=1 failed=0
0 missing_trie_node=0
0
[2026-06-01 06:18:22] 
[2026-06-01 06:18:22]   --- storage_mixed_k1_run18 (ubt) write-offset=1800000000 K=1 ---
[2026-06-01 06:18:22]   [geth] Stopping (SIGTERM, waiting up to 120s for clean exit): 1008138
[2026-06-01 06:18:23]   [geth] exited cleanly after 1s
[2026-06-01 06:18:23]   [cache] OS page cache dropped
Fatal: Could not create the account: account already exists
[2026-06-01 06:18:23]   [geth] Starting (ubt, gd=5, cold=1, dev.period=1, 1tx/block)
[2026-06-01 06:18:23]   [geth] Waiting for RPC...
[2026-06-01 06:18:25]   [geth] RPC ready after 3s
[2026-06-01 06:18:25]   [bench] Running execute remote...
[2026-06-01 06:18:31]   [bench] exit=0 passed=1 failed=0
0 missing_trie_node=0
0
[2026-06-01 06:18:31] 
[2026-06-01 06:18:31]   --- storage_mixed_k1_run19 (ubt) write-offset=1900000000 K=1 ---
[2026-06-01 06:18:31]   [geth] Stopping (SIGTERM, waiting up to 120s for clean exit): 1008237
[2026-06-01 06:18:32]   [geth] exited cleanly after 1s
[2026-06-01 06:18:32]   [cache] OS page cache dropped
Fatal: Could not create the account: account already exists
[2026-06-01 06:18:32]   [geth] Starting (ubt, gd=5, cold=1, dev.period=1, 1tx/block)
[2026-06-01 06:18:32]   [geth] Waiting for RPC...
[2026-06-01 06:18:35]   [geth] RPC ready after 3s
[2026-06-01 06:18:35]   [bench] Running execute remote...
[2026-06-01 06:18:42]   [bench] exit=0 passed=1 failed=0
0 missing_trie_node=0
0
[2026-06-01 06:18:42] 
[2026-06-01 06:18:42]   --- storage_mixed_k1_run20 (ubt) write-offset=2000000000 K=1 ---
[2026-06-01 06:18:42]   [geth] Stopping (SIGTERM, waiting up to 120s for clean exit): 1008316
[2026-06-01 06:18:43]   [geth] exited cleanly after 1s
[2026-06-01 06:18:43]   [cache] OS page cache dropped
Fatal: Could not create the account: account already exists
[2026-06-01 06:18:43]   [geth] Starting (ubt, gd=5, cold=1, dev.period=1, 1tx/block)
[2026-06-01 06:18:43]   [geth] Waiting for RPC...
[2026-06-01 06:18:45]   [geth] RPC ready after 3s
[2026-06-01 06:18:45]   [bench] Running execute remote...
[2026-06-01 06:18:51]   [bench] exit=0 passed=1 failed=0
0 missing_trie_node=0
0
[2026-06-01 06:18:51] 
[2026-06-01 06:18:51]   ── BENCHMARK: storage_mixed_k10 (pool=256 contracts; effective K=10)
[2026-06-01 06:18:51] 
[2026-06-01 06:18:51]   --- storage_mixed_k10_run1 (ubt) write-offset=100000000 K=10 ---
[2026-06-01 06:18:51]   [geth] Stopping (SIGTERM, waiting up to 120s for clean exit): 1008390
[2026-06-01 06:18:52]   [geth] exited cleanly after 1s
[2026-06-01 06:18:52]   [cache] OS page cache dropped
Fatal: Could not create the account: account already exists
[2026-06-01 06:18:52]   [geth] Starting (ubt, gd=5, cold=1, dev.period=1, 1tx/block)
[2026-06-01 06:18:52]   [geth] Waiting for RPC...
[2026-06-01 06:18:55]   [geth] RPC ready after 3s
[2026-06-01 06:18:55]   [bench] Running execute remote...
[2026-06-01 06:19:01]   [bench] exit=0 passed=1 failed=0
0 missing_trie_node=0
0
[2026-06-01 06:19:01] 
[2026-06-01 06:19:01]   --- storage_mixed_k10_run2 (ubt) write-offset=200000000 K=10 ---
[2026-06-01 06:19:01]   [geth] Stopping (SIGTERM, waiting up to 120s for clean exit): 1008497
[2026-06-01 06:19:02]   [geth] exited cleanly after 1s
[2026-06-01 06:19:02]   [cache] OS page cache dropped
Fatal: Could not create the account: account already exists
[2026-06-01 06:19:02]   [geth] Starting (ubt, gd=5, cold=1, dev.period=1, 1tx/block)
[2026-06-01 06:19:02]   [geth] Waiting for RPC...
[2026-06-01 06:19:04]   [geth] RPC ready after 3s
[2026-06-01 06:19:04]   [bench] Running execute remote...
[2026-06-01 06:19:11]   [bench] exit=0 passed=1 failed=0
0 missing_trie_node=0
0
[2026-06-01 06:19:11] 
[2026-06-01 06:19:11]   --- storage_mixed_k10_run3 (ubt) write-offset=300000000 K=10 ---
[2026-06-01 06:19:11]   [geth] Stopping (SIGTERM, waiting up to 120s for clean exit): 1008572
[2026-06-01 06:19:12]   [geth] exited cleanly after 1s
[2026-06-01 06:19:12]   [cache] OS page cache dropped
Fatal: Could not create the account: account already exists
[2026-06-01 06:19:12]   [geth] Starting (ubt, gd=5, cold=1, dev.period=1, 1tx/block)
[2026-06-01 06:19:12]   [geth] Waiting for RPC...
[2026-06-01 06:19:14]   [geth] RPC ready after 3s
[2026-06-01 06:19:15]   [bench] Running execute remote...
[2026-06-01 06:19:21]   [bench] exit=0 passed=1 failed=0
0 missing_trie_node=0
0
[2026-06-01 06:19:21] 
[2026-06-01 06:19:21]   --- storage_mixed_k10_run4 (ubt) write-offset=400000000 K=10 ---
[2026-06-01 06:19:21]   [geth] Stopping (SIGTERM, waiting up to 120s for clean exit): 1008647
[2026-06-01 06:19:22]   [geth] exited cleanly after 1s
[2026-06-01 06:19:22]   [cache] OS page cache dropped
Fatal: Could not create the account: account already exists
[2026-06-01 06:19:22]   [geth] Starting (ubt, gd=5, cold=1, dev.period=1, 1tx/block)
[2026-06-01 06:19:22]   [geth] Waiting for RPC...
[2026-06-01 06:19:24]   [geth] RPC ready after 3s
[2026-06-01 06:19:24]   [bench] Running execute remote...
[2026-06-01 06:19:30]   [bench] exit=0 passed=1 failed=0
0 missing_trie_node=0
0
[2026-06-01 06:19:30] 
[2026-06-01 06:19:30]   --- storage_mixed_k10_run5 (ubt) write-offset=500000000 K=10 ---
[2026-06-01 06:19:30]   [geth] Stopping (SIGTERM, waiting up to 120s for clean exit): 1008728
[2026-06-01 06:19:31]   [geth] exited cleanly after 1s
[2026-06-01 06:19:31]   [cache] OS page cache dropped
Fatal: Could not create the account: account already exists
[2026-06-01 06:19:31]   [geth] Starting (ubt, gd=5, cold=1, dev.period=1, 1tx/block)
[2026-06-01 06:19:31]   [geth] Waiting for RPC...
[2026-06-01 06:19:34]   [geth] RPC ready after 3s
[2026-06-01 06:19:34]   [bench] Running execute remote...
[2026-06-01 06:19:40]   [bench] exit=0 passed=1 failed=0
0 missing_trie_node=0
0
[2026-06-01 06:19:40] 
[2026-06-01 06:19:40]   --- storage_mixed_k10_run6 (ubt) write-offset=600000000 K=10 ---
[2026-06-01 06:19:40]   [geth] Stopping (SIGTERM, waiting up to 120s for clean exit): 1008803
[2026-06-01 06:19:41]   [geth] exited cleanly after 1s
[2026-06-01 06:19:41]   [cache] OS page cache dropped
Fatal: Could not create the account: account already exists
[2026-06-01 06:19:41]   [geth] Starting (ubt, gd=5, cold=1, dev.period=1, 1tx/block)
[2026-06-01 06:19:41]   [geth] Waiting for RPC...
[2026-06-01 06:19:43]   [geth] RPC ready after 3s
[2026-06-01 06:19:43]   [bench] Running execute remote...
[2026-06-01 06:19:49]   [bench] exit=0 passed=1 failed=0
0 missing_trie_node=0
0
[2026-06-01 06:19:49] 
[2026-06-01 06:19:49]   --- storage_mixed_k10_run7 (ubt) write-offset=700000000 K=10 ---
[2026-06-01 06:19:49]   [geth] Stopping (SIGTERM, waiting up to 120s for clean exit): 1008881
[2026-06-01 06:19:50]   [geth] exited cleanly after 1s
[2026-06-01 06:19:50]   [cache] OS page cache dropped
Fatal: Could not create the account: account already exists
[2026-06-01 06:19:50]   [geth] Starting (ubt, gd=5, cold=1, dev.period=1, 1tx/block)
[2026-06-01 06:19:50]   [geth] Waiting for RPC...
[2026-06-01 06:19:52]   [geth] RPC ready after 3s
[2026-06-01 06:19:52]   [bench] Running execute remote...
[2026-06-01 06:19:59]   [bench] exit=0 passed=1 failed=0
0 missing_trie_node=0
0
[2026-06-01 06:19:59] 
[2026-06-01 06:19:59]   --- storage_mixed_k10_run8 (ubt) write-offset=800000000 K=10 ---
[2026-06-01 06:19:59]   [geth] Stopping (SIGTERM, waiting up to 120s for clean exit): 1008964
[2026-06-01 06:20:00]   [geth] exited cleanly after 1s
[2026-06-01 06:20:00]   [cache] OS page cache dropped
Fatal: Could not create the account: account already exists
[2026-06-01 06:20:00]   [geth] Starting (ubt, gd=5, cold=1, dev.period=1, 1tx/block)
[2026-06-01 06:20:00]   [geth] Waiting for RPC...
[2026-06-01 06:20:02]   [geth] RPC ready after 3s
[2026-06-01 06:20:02]   [bench] Running execute remote...
[2026-06-01 06:20:08]   [bench] exit=0 passed=1 failed=0
0 missing_trie_node=0
0
[2026-06-01 06:20:08] 
[2026-06-01 06:20:08]   --- storage_mixed_k10_run9 (ubt) write-offset=900000000 K=10 ---
[2026-06-01 06:20:08]   [geth] Stopping (SIGTERM, waiting up to 120s for clean exit): 1009038
[2026-06-01 06:20:09]   [geth] exited cleanly after 1s
[2026-06-01 06:20:09]   [cache] OS page cache dropped
Fatal: Could not create the account: account already exists
[2026-06-01 06:20:09]   [geth] Starting (ubt, gd=5, cold=1, dev.period=1, 1tx/block)
[2026-06-01 06:20:09]   [geth] Waiting for RPC...
[2026-06-01 06:20:11]   [geth] RPC ready after 3s
[2026-06-01 06:20:11]   [bench] Running execute remote...
[2026-06-01 06:20:17]   [bench] exit=0 passed=1 failed=0
0 missing_trie_node=0
0
[2026-06-01 06:20:17] 
[2026-06-01 06:20:17]   --- storage_mixed_k10_run10 (ubt) write-offset=1000000000 K=10 ---
[2026-06-01 06:20:18]   [geth] Stopping (SIGTERM, waiting up to 120s for clean exit): 1009115
[2026-06-01 06:20:19]   [geth] exited cleanly after 1s
[2026-06-01 06:20:19]   [cache] OS page cache dropped
Fatal: Could not create the account: account already exists
[2026-06-01 06:20:19]   [geth] Starting (ubt, gd=5, cold=1, dev.period=1, 1tx/block)
[2026-06-01 06:20:19]   [geth] Waiting for RPC...
[2026-06-01 06:20:21]   [geth] RPC ready after 3s
[2026-06-01 06:20:21]   [bench] Running execute remote...
[2026-06-01 06:20:27]   [bench] exit=0 passed=1 failed=0
0 missing_trie_node=0
0
[2026-06-01 06:20:27] 
[2026-06-01 06:20:27]   --- storage_mixed_k10_run11 (ubt) write-offset=1100000000 K=10 ---
[2026-06-01 06:20:27]   [geth] Stopping (SIGTERM, waiting up to 120s for clean exit): 1009197
[2026-06-01 06:20:28]   [geth] exited cleanly after 1s
[2026-06-01 06:20:28]   [cache] OS page cache dropped
Fatal: Could not create the account: account already exists
[2026-06-01 06:20:28]   [geth] Starting (ubt, gd=5, cold=1, dev.period=1, 1tx/block)
[2026-06-01 06:20:28]   [geth] Waiting for RPC...
[2026-06-01 06:20:30]   [geth] RPC ready after 3s
[2026-06-01 06:20:30]   [bench] Running execute remote...
[2026-06-01 06:20:37]   [bench] exit=0 passed=1 failed=0
0 missing_trie_node=0
0
[2026-06-01 06:20:37] 
[2026-06-01 06:20:37]   --- storage_mixed_k10_run12 (ubt) write-offset=1200000000 K=10 ---
[2026-06-01 06:20:37]   [geth] Stopping (SIGTERM, waiting up to 120s for clean exit): 1009271
[2026-06-01 06:20:38]   [geth] exited cleanly after 1s
[2026-06-01 06:20:39]   [cache] OS page cache dropped
Fatal: Could not create the account: account already exists
[2026-06-01 06:20:39]   [geth] Starting (ubt, gd=5, cold=1, dev.period=1, 1tx/block)
[2026-06-01 06:20:39]   [geth] Waiting for RPC...
[2026-06-01 06:20:41]   [geth] RPC ready after 3s
[2026-06-01 06:20:41]   [bench] Running execute remote...
[2026-06-01 06:20:48]   [bench] exit=0 passed=1 failed=0
0 missing_trie_node=0
0
[2026-06-01 06:20:48] 
[2026-06-01 06:20:48]   --- storage_mixed_k10_run13 (ubt) write-offset=1300000000 K=10 ---
[2026-06-01 06:20:48]   [geth] Stopping (SIGTERM, waiting up to 120s for clean exit): 1009347
[2026-06-01 06:20:49]   [geth] exited cleanly after 1s
[2026-06-01 06:20:49]   [cache] OS page cache dropped
Fatal: Could not create the account: account already exists
[2026-06-01 06:20:49]   [geth] Starting (ubt, gd=5, cold=1, dev.period=1, 1tx/block)
[2026-06-01 06:20:49]   [geth] Waiting for RPC...
[2026-06-01 06:20:51]   [geth] RPC ready after 3s
[2026-06-01 06:20:51]   [bench] Running execute remote...
[2026-06-01 06:20:58]   [bench] exit=0 passed=1 failed=0
0 missing_trie_node=0
0
[2026-06-01 06:20:58] 
[2026-06-01 06:20:58]   --- storage_mixed_k10_run14 (ubt) write-offset=1400000000 K=10 ---
[2026-06-01 06:20:58]   [geth] Stopping (SIGTERM, waiting up to 120s for clean exit): 1009434
[2026-06-01 06:20:59]   [geth] exited cleanly after 1s
[2026-06-01 06:21:00]   [cache] OS page cache dropped
Fatal: Could not create the account: account already exists
[2026-06-01 06:21:00]   [geth] Starting (ubt, gd=5, cold=1, dev.period=1, 1tx/block)
[2026-06-01 06:21:00]   [geth] Waiting for RPC...
[2026-06-01 06:21:02]   [geth] RPC ready after 3s
[2026-06-01 06:21:02]   [bench] Running execute remote...
[2026-06-01 06:21:09]   [bench] exit=0 passed=1 failed=0
0 missing_trie_node=0
0
[2026-06-01 06:21:09] 
[2026-06-01 06:21:09]   --- storage_mixed_k10_run15 (ubt) write-offset=1500000000 K=10 ---
[2026-06-01 06:21:09]   [geth] Stopping (SIGTERM, waiting up to 120s for clean exit): 1009505
[2026-06-01 06:21:10]   [geth] exited cleanly after 1s
[2026-06-01 06:21:10]   [cache] OS page cache dropped
Fatal: Could not create the account: account already exists
[2026-06-01 06:21:10]   [geth] Starting (ubt, gd=5, cold=1, dev.period=1, 1tx/block)
[2026-06-01 06:21:10]   [geth] Waiting for RPC...
[2026-06-01 06:21:12]   [geth] RPC ready after 3s
[2026-06-01 06:21:12]   [bench] Running execute remote...
[2026-06-01 06:21:19]   [bench] exit=0 passed=1 failed=0
0 missing_trie_node=0
0
[2026-06-01 06:21:19] 
[2026-06-01 06:21:19]   --- storage_mixed_k10_run16 (ubt) write-offset=1600000000 K=10 ---
[2026-06-01 06:21:19]   [geth] Stopping (SIGTERM, waiting up to 120s for clean exit): 1009578
[2026-06-01 06:21:20]   [geth] exited cleanly after 1s
[2026-06-01 06:21:21]   [cache] OS page cache dropped
Fatal: Could not create the account: account already exists
[2026-06-01 06:21:21]   [geth] Starting (ubt, gd=5, cold=1, dev.period=1, 1tx/block)
[2026-06-01 06:21:21]   [geth] Waiting for RPC...
[2026-06-01 06:21:23]   [geth] RPC ready after 3s
[2026-06-01 06:21:23]   [bench] Running execute remote...
[2026-06-01 06:21:30]   [bench] exit=0 passed=1 failed=0
0 missing_trie_node=0
0
[2026-06-01 06:21:30] 
[2026-06-01 06:21:30]   --- storage_mixed_k10_run17 (ubt) write-offset=1700000000 K=10 ---
[2026-06-01 06:21:30]   [geth] Stopping (SIGTERM, waiting up to 120s for clean exit): 1009660
[2026-06-01 06:21:31]   [geth] exited cleanly after 1s
[2026-06-01 06:21:31]   [cache] OS page cache dropped
Fatal: Could not create the account: account already exists
[2026-06-01 06:21:31]   [geth] Starting (ubt, gd=5, cold=1, dev.period=1, 1tx/block)
[2026-06-01 06:21:31]   [geth] Waiting for RPC...
[2026-06-01 06:21:33]   [geth] RPC ready after 3s
[2026-06-01 06:21:33]   [bench] Running execute remote...
[2026-06-01 06:21:41]   [bench] exit=0 passed=1 failed=0
0 missing_trie_node=0
0
[2026-06-01 06:21:41] 
[2026-06-01 06:21:41]   --- storage_mixed_k10_run18 (ubt) write-offset=1800000000 K=10 ---
[2026-06-01 06:21:41]   [geth] Stopping (SIGTERM, waiting up to 120s for clean exit): 1009735
[2026-06-01 06:21:42]   [geth] exited cleanly after 1s
[2026-06-01 06:21:42]   [cache] OS page cache dropped
Fatal: Could not create the account: account already exists
[2026-06-01 06:21:42]   [geth] Starting (ubt, gd=5, cold=1, dev.period=1, 1tx/block)
[2026-06-01 06:21:42]   [geth] Waiting for RPC...
[2026-06-01 06:21:44]   [geth] RPC ready after 3s
[2026-06-01 06:21:44]   [bench] Running execute remote...
[2026-06-01 06:21:50]   [bench] exit=0 passed=1 failed=0
0 missing_trie_node=0
0
[2026-06-01 06:21:50] 
[2026-06-01 06:21:50]   --- storage_mixed_k10_run19 (ubt) write-offset=1900000000 K=10 ---
[2026-06-01 06:21:50]   [geth] Stopping (SIGTERM, waiting up to 120s for clean exit): 1009811
[2026-06-01 06:21:51]   [geth] exited cleanly after 1s
[2026-06-01 06:21:51]   [cache] OS page cache dropped
Fatal: Could not create the account: account already exists
[2026-06-01 06:21:51]   [geth] Starting (ubt, gd=5, cold=1, dev.period=1, 1tx/block)
[2026-06-01 06:21:51]   [geth] Waiting for RPC...
[2026-06-01 06:21:53]   [geth] RPC ready after 3s
[2026-06-01 06:21:53]   [bench] Running execute remote...
[2026-06-01 06:22:00]   [bench] exit=0 passed=1 failed=0
0 missing_trie_node=0
0
[2026-06-01 06:22:00] 
[2026-06-01 06:22:00]   --- storage_mixed_k10_run20 (ubt) write-offset=2000000000 K=10 ---
[2026-06-01 06:22:00]   [geth] Stopping (SIGTERM, waiting up to 120s for clean exit): 1009894
[2026-06-01 06:22:01]   [geth] exited cleanly after 1s
[2026-06-01 06:22:02]   [cache] OS page cache dropped
Fatal: Could not create the account: account already exists
[2026-06-01 06:22:02]   [geth] Starting (ubt, gd=5, cold=1, dev.period=1, 1tx/block)
[2026-06-01 06:22:02]   [geth] Waiting for RPC...
[2026-06-01 06:22:04]   [geth] RPC ready after 3s
[2026-06-01 06:22:04]   [bench] Running execute remote...
[2026-06-01 06:22:11]   [bench] exit=0 passed=1 failed=0
0 missing_trie_node=0
0
[2026-06-01 06:22:11] 
[2026-06-01 06:22:11]   ── BENCHMARK: storage_mixed_k100 (pool=256 contracts; effective K=100)
[2026-06-01 06:22:11] 
[2026-06-01 06:22:11]   --- storage_mixed_k100_run1 (ubt) write-offset=100000000 K=100 ---
[2026-06-01 06:22:11]   [geth] Stopping (SIGTERM, waiting up to 120s for clean exit): 1009970
[2026-06-01 06:22:12]   [geth] exited cleanly after 1s
[2026-06-01 06:22:12]   [cache] OS page cache dropped
Fatal: Could not create the account: account already exists
[2026-06-01 06:22:12]   [geth] Starting (ubt, gd=5, cold=1, dev.period=1, 1tx/block)
[2026-06-01 06:22:12]   [geth] Waiting for RPC...
[2026-06-01 06:22:14]   [geth] RPC ready after 3s
[2026-06-01 06:22:14]   [bench] Running execute remote...
[2026-06-01 06:22:20]   [bench] exit=0 passed=1 failed=0
0 missing_trie_node=0
0
[2026-06-01 06:22:20] 
[2026-06-01 06:22:20]   --- storage_mixed_k100_run2 (ubt) write-offset=200000000 K=100 ---
[2026-06-01 06:22:20]   [geth] Stopping (SIGTERM, waiting up to 120s for clean exit): 1010072
[2026-06-01 06:22:21]   [geth] exited cleanly after 1s
[2026-06-01 06:22:22]   [cache] OS page cache dropped
Fatal: Could not create the account: account already exists
[2026-06-01 06:22:22]   [geth] Starting (ubt, gd=5, cold=1, dev.period=1, 1tx/block)
[2026-06-01 06:22:22]   [geth] Waiting for RPC...
[2026-06-01 06:22:24]   [geth] RPC ready after 3s
[2026-06-01 06:22:24]   [bench] Running execute remote...
[2026-06-01 06:22:31]   [bench] exit=0 passed=1 failed=0
0 missing_trie_node=0
0
[2026-06-01 06:22:31] 
[2026-06-01 06:22:31]   --- storage_mixed_k100_run3 (ubt) write-offset=300000000 K=100 ---
[2026-06-01 06:22:31]   [geth] Stopping (SIGTERM, waiting up to 120s for clean exit): 1010150
[2026-06-01 06:22:32]   [geth] exited cleanly after 1s
[2026-06-01 06:22:32]   [cache] OS page cache dropped
Fatal: Could not create the account: account already exists
[2026-06-01 06:22:32]   [geth] Starting (ubt, gd=5, cold=1, dev.period=1, 1tx/block)
[2026-06-01 06:22:32]   [geth] Waiting for RPC...
[2026-06-01 06:22:34]   [geth] RPC ready after 3s
[2026-06-01 06:22:34]   [bench] Running execute remote...
[2026-06-01 06:22:41]   [bench] exit=0 passed=1 failed=0
0 missing_trie_node=0
0
[2026-06-01 06:22:41] 
[2026-06-01 06:22:41]   --- storage_mixed_k100_run4 (ubt) write-offset=400000000 K=100 ---
[2026-06-01 06:22:41]   [geth] Stopping (SIGTERM, waiting up to 120s for clean exit): 1010225
[2026-06-01 06:22:42]   [geth] exited cleanly after 1s
[2026-06-01 06:22:43]   [cache] OS page cache dropped
Fatal: Could not create the account: account already exists
[2026-06-01 06:22:43]   [geth] Starting (ubt, gd=5, cold=1, dev.period=1, 1tx/block)
[2026-06-01 06:22:43]   [geth] Waiting for RPC...
[2026-06-01 06:22:45]   [geth] RPC ready after 3s
[2026-06-01 06:22:45]   [bench] Running execute remote...
[2026-06-01 06:22:52]   [bench] exit=0 passed=1 failed=0
0 missing_trie_node=0
0
[2026-06-01 06:22:52] 
[2026-06-01 06:22:52]   --- storage_mixed_k100_run5 (ubt) write-offset=500000000 K=100 ---
[2026-06-01 06:22:52]   [geth] Stopping (SIGTERM, waiting up to 120s for clean exit): 1010302
[2026-06-01 06:22:53]   [geth] exited cleanly after 1s
[2026-06-01 06:22:53]   [cache] OS page cache dropped
Fatal: Could not create the account: account already exists
[2026-06-01 06:22:53]   [geth] Starting (ubt, gd=5, cold=1, dev.period=1, 1tx/block)
[2026-06-01 06:22:53]   [geth] Waiting for RPC...
[2026-06-01 06:22:55]   [geth] RPC ready after 3s
[2026-06-01 06:22:55]   [bench] Running execute remote...
[2026-06-01 06:23:02]   [bench] exit=0 passed=1 failed=0
0 missing_trie_node=0
0
[2026-06-01 06:23:02] 
[2026-06-01 06:23:02]   --- storage_mixed_k100_run6 (ubt) write-offset=600000000 K=100 ---
[2026-06-01 06:23:02]   [geth] Stopping (SIGTERM, waiting up to 120s for clean exit): 1010382
[2026-06-01 06:23:03]   [geth] exited cleanly after 1s
[2026-06-01 06:23:03]   [cache] OS page cache dropped
Fatal: Could not create the account: account already exists
[2026-06-01 06:23:04]   [geth] Starting (ubt, gd=5, cold=1, dev.period=1, 1tx/block)
[2026-06-01 06:23:04]   [geth] Waiting for RPC...
[2026-06-01 06:23:06]   [geth] RPC ready after 3s
[2026-06-01 06:23:06]   [bench] Running execute remote...
[2026-06-01 06:23:13]   [bench] exit=0 passed=1 failed=0
0 missing_trie_node=0
0
[2026-06-01 06:23:13] 
[2026-06-01 06:23:13]   --- storage_mixed_k100_run7 (ubt) write-offset=700000000 K=100 ---
[2026-06-01 06:23:13]   [geth] Stopping (SIGTERM, waiting up to 120s for clean exit): 1010457
[2026-06-01 06:23:14]   [geth] exited cleanly after 1s
[2026-06-01 06:23:14]   [cache] OS page cache dropped
Fatal: Could not create the account: account already exists
[2026-06-01 06:23:14]   [geth] Starting (ubt, gd=5, cold=1, dev.period=1, 1tx/block)
[2026-06-01 06:23:14]   [geth] Waiting for RPC...
[2026-06-01 06:23:16]   [geth] RPC ready after 3s
[2026-06-01 06:23:16]   [bench] Running execute remote...
[2026-06-01 06:23:23]   [bench] exit=0 passed=1 failed=0
0 missing_trie_node=0
0
[2026-06-01 06:23:23] 
[2026-06-01 06:23:23]   --- storage_mixed_k100_run8 (ubt) write-offset=800000000 K=100 ---
[2026-06-01 06:23:23]   [geth] Stopping (SIGTERM, waiting up to 120s for clean exit): 1010533
[2026-06-01 06:23:24]   [geth] exited cleanly after 1s
[2026-06-01 06:23:24]   [cache] OS page cache dropped
Fatal: Could not create the account: account already exists
[2026-06-01 06:23:24]   [geth] Starting (ubt, gd=5, cold=1, dev.period=1, 1tx/block)
[2026-06-01 06:23:24]   [geth] Waiting for RPC...
[2026-06-01 06:23:27]   [geth] RPC ready after 3s
[2026-06-01 06:23:27]   [bench] Running execute remote...
[2026-06-01 06:23:34]   [bench] exit=0 passed=1 failed=0
0 missing_trie_node=0
0
[2026-06-01 06:23:34] 
[2026-06-01 06:23:34]   --- storage_mixed_k100_run9 (ubt) write-offset=900000000 K=100 ---
[2026-06-01 06:23:34]   [geth] Stopping (SIGTERM, waiting up to 120s for clean exit): 1010616
[2026-06-01 06:23:35]   [geth] exited cleanly after 1s
[2026-06-01 06:23:35]   [cache] OS page cache dropped
Fatal: Could not create the account: account already exists
[2026-06-01 06:23:35]   [geth] Starting (ubt, gd=5, cold=1, dev.period=1, 1tx/block)
[2026-06-01 06:23:35]   [geth] Waiting for RPC...
[2026-06-01 06:23:37]   [geth] RPC ready after 3s
[2026-06-01 06:23:37]   [bench] Running execute remote...
[2026-06-01 06:23:44]   [bench] exit=0 passed=1 failed=0
0 missing_trie_node=0
0
[2026-06-01 06:23:44] 
[2026-06-01 06:23:44]   --- storage_mixed_k100_run10 (ubt) write-offset=1000000000 K=100 ---
[2026-06-01 06:23:44]   [geth] Stopping (SIGTERM, waiting up to 120s for clean exit): 1010689
[2026-06-01 06:23:45]   [geth] exited cleanly after 1s
[2026-06-01 06:23:45]   [cache] OS page cache dropped
Fatal: Could not create the account: account already exists
[2026-06-01 06:23:45]   [geth] Starting (ubt, gd=5, cold=1, dev.period=1, 1tx/block)
[2026-06-01 06:23:45]   [geth] Waiting for RPC...
[2026-06-01 06:23:48]   [geth] RPC ready after 3s
[2026-06-01 06:23:48]   [bench] Running execute remote...
[2026-06-01 06:23:55]   [bench] exit=0 passed=1 failed=0
0 missing_trie_node=0
0
[2026-06-01 06:23:55] 
[2026-06-01 06:23:55]   --- storage_mixed_k100_run11 (ubt) write-offset=1100000000 K=100 ---
[2026-06-01 06:23:55]   [geth] Stopping (SIGTERM, waiting up to 120s for clean exit): 1010771
[2026-06-01 06:23:56]   [geth] exited cleanly after 1s
[2026-06-01 06:23:56]   [cache] OS page cache dropped
Fatal: Could not create the account: account already exists
[2026-06-01 06:23:56]   [geth] Starting (ubt, gd=5, cold=1, dev.period=1, 1tx/block)
[2026-06-01 06:23:56]   [geth] Waiting for RPC...
[2026-06-01 06:23:58]   [geth] RPC ready after 3s
[2026-06-01 06:23:58]   [bench] Running execute remote...
[2026-06-01 06:24:05]   [bench] exit=0 passed=1 failed=0
0 missing_trie_node=0
0
[2026-06-01 06:24:05] 
[2026-06-01 06:24:05]   --- storage_mixed_k100_run12 (ubt) write-offset=1200000000 K=100 ---
[2026-06-01 06:24:05]   [geth] Stopping (SIGTERM, waiting up to 120s for clean exit): 1010863
[2026-06-01 06:24:06]   [geth] exited cleanly after 1s
[2026-06-01 06:24:06]   [cache] OS page cache dropped
Fatal: Could not create the account: account already exists
[2026-06-01 06:24:06]   [geth] Starting (ubt, gd=5, cold=1, dev.period=1, 1tx/block)
[2026-06-01 06:24:06]   [geth] Waiting for RPC...
[2026-06-01 06:24:08]   [geth] RPC ready after 3s
[2026-06-01 06:24:08]   [bench] Running execute remote...
[2026-06-01 06:24:16]   [bench] exit=0 passed=1 failed=0
0 missing_trie_node=0
0
[2026-06-01 06:24:16] 
[2026-06-01 06:24:16]   --- storage_mixed_k100_run13 (ubt) write-offset=1300000000 K=100 ---
[2026-06-01 06:24:16]   [geth] Stopping (SIGTERM, waiting up to 120s for clean exit): 1010940
[2026-06-01 06:24:17]   [geth] exited cleanly after 1s
[2026-06-01 06:24:17]   [cache] OS page cache dropped
Fatal: Could not create the account: account already exists
[2026-06-01 06:24:17]   [geth] Starting (ubt, gd=5, cold=1, dev.period=1, 1tx/block)
[2026-06-01 06:24:17]   [geth] Waiting for RPC...
[2026-06-01 06:24:19]   [geth] RPC ready after 3s
[2026-06-01 06:24:19]   [bench] Running execute remote...
[2026-06-01 06:24:26]   [bench] exit=0 passed=1 failed=0
0 missing_trie_node=0
0
[2026-06-01 06:24:26] 
[2026-06-01 06:24:26]   --- storage_mixed_k100_run14 (ubt) write-offset=1400000000 K=100 ---
[2026-06-01 06:24:26]   [geth] Stopping (SIGTERM, waiting up to 120s for clean exit): 1011016
[2026-06-01 06:24:27]   [geth] exited cleanly after 1s
[2026-06-01 06:24:27]   [cache] OS page cache dropped
Fatal: Could not create the account: account already exists
[2026-06-01 06:24:27]   [geth] Starting (ubt, gd=5, cold=1, dev.period=1, 1tx/block)
[2026-06-01 06:24:27]   [geth] Waiting for RPC...
[2026-06-01 06:24:30]   [geth] RPC ready after 3s
[2026-06-01 06:24:30]   [bench] Running execute remote...
[2026-06-01 06:24:37]   [bench] exit=0 passed=1 failed=0
0 missing_trie_node=0
0
[2026-06-01 06:24:37] 
[2026-06-01 06:24:37]   --- storage_mixed_k100_run15 (ubt) write-offset=1500000000 K=100 ---
[2026-06-01 06:24:37]   [geth] Stopping (SIGTERM, waiting up to 120s for clean exit): 1011097
[2026-06-01 06:24:38]   [geth] exited cleanly after 1s
[2026-06-01 06:24:38]   [cache] OS page cache dropped
Fatal: Could not create the account: account already exists
[2026-06-01 06:24:38]   [geth] Starting (ubt, gd=5, cold=1, dev.period=1, 1tx/block)
[2026-06-01 06:24:38]   [geth] Waiting for RPC...
[2026-06-01 06:24:40]   [geth] RPC ready after 3s
[2026-06-01 06:24:40]   [bench] Running execute remote...
[2026-06-01 06:24:47]   [bench] exit=0 passed=1 failed=0
0 missing_trie_node=0
0
[2026-06-01 06:24:47] 
[2026-06-01 06:24:47]   --- storage_mixed_k100_run16 (ubt) write-offset=1600000000 K=100 ---
[2026-06-01 06:24:47]   [geth] Stopping (SIGTERM, waiting up to 120s for clean exit): 1011174
[2026-06-01 06:24:48]   [geth] exited cleanly after 1s
[2026-06-01 06:24:48]   [cache] OS page cache dropped
Fatal: Could not create the account: account already exists
[2026-06-01 06:24:49]   [geth] Starting (ubt, gd=5, cold=1, dev.period=1, 1tx/block)
[2026-06-01 06:24:49]   [geth] Waiting for RPC...
[2026-06-01 06:24:51]   [geth] RPC ready after 3s
[2026-06-01 06:24:51]   [bench] Running execute remote...
[2026-06-01 06:24:58]   [bench] exit=0 passed=1 failed=0
0 missing_trie_node=0
0
[2026-06-01 06:24:58] 
[2026-06-01 06:24:58]   --- storage_mixed_k100_run17 (ubt) write-offset=1700000000 K=100 ---
[2026-06-01 06:24:58]   [geth] Stopping (SIGTERM, waiting up to 120s for clean exit): 1011260
[2026-06-01 06:24:59]   [geth] exited cleanly after 1s
[2026-06-01 06:24:59]   [cache] OS page cache dropped
Fatal: Could not create the account: account already exists
[2026-06-01 06:24:59]   [geth] Starting (ubt, gd=5, cold=1, dev.period=1, 1tx/block)
[2026-06-01 06:24:59]   [geth] Waiting for RPC...
[2026-06-01 06:25:01]   [geth] RPC ready after 3s
[2026-06-01 06:25:01]   [bench] Running execute remote...
[2026-06-01 06:25:07]   [bench] exit=0 passed=1 failed=0
0 missing_trie_node=0
0
[2026-06-01 06:25:07] 
[2026-06-01 06:25:07]   --- storage_mixed_k100_run18 (ubt) write-offset=1800000000 K=100 ---
[2026-06-01 06:25:07]   [geth] Stopping (SIGTERM, waiting up to 120s for clean exit): 1011334
[2026-06-01 06:25:08]   [geth] exited cleanly after 1s
[2026-06-01 06:25:09]   [cache] OS page cache dropped
Fatal: Could not create the account: account already exists
[2026-06-01 06:25:09]   [geth] Starting (ubt, gd=5, cold=1, dev.period=1, 1tx/block)
[2026-06-01 06:25:09]   [geth] Waiting for RPC...
[2026-06-01 06:25:11]   [geth] RPC ready after 3s
[2026-06-01 06:25:11]   [bench] Running execute remote...
[2026-06-01 06:25:18]   [bench] exit=0 passed=1 failed=0
0 missing_trie_node=0
0
[2026-06-01 06:25:18] 
[2026-06-01 06:25:18]   --- storage_mixed_k100_run19 (ubt) write-offset=1900000000 K=100 ---
[2026-06-01 06:25:18]   [geth] Stopping (SIGTERM, waiting up to 120s for clean exit): 1011419
[2026-06-01 06:25:19]   [geth] exited cleanly after 1s
[2026-06-01 06:25:19]   [cache] OS page cache dropped
Fatal: Could not create the account: account already exists
[2026-06-01 06:25:19]   [geth] Starting (ubt, gd=5, cold=1, dev.period=1, 1tx/block)
[2026-06-01 06:25:19]   [geth] Waiting for RPC...
[2026-06-01 06:25:21]   [geth] RPC ready after 3s
[2026-06-01 06:25:21]   [bench] Running execute remote...
[2026-06-01 06:25:28]   [bench] exit=0 passed=1 failed=0
0 missing_trie_node=0
0
[2026-06-01 06:25:28] 
[2026-06-01 06:25:28]   --- storage_mixed_k100_run20 (ubt) write-offset=2000000000 K=100 ---
[2026-06-01 06:25:28]   [geth] Stopping (SIGTERM, waiting up to 120s for clean exit): 1011503
[2026-06-01 06:25:29]   [geth] exited cleanly after 1s
[2026-06-01 06:25:30]   [cache] OS page cache dropped
Fatal: Could not create the account: account already exists
[2026-06-01 06:25:30]   [geth] Starting (ubt, gd=5, cold=1, dev.period=1, 1tx/block)
[2026-06-01 06:25:30]   [geth] Waiting for RPC...
[2026-06-01 06:25:32]   [geth] RPC ready after 3s
[2026-06-01 06:25:32]   [bench] Running execute remote...
[2026-06-01 06:25:39]   [bench] exit=0 passed=1 failed=0
0 missing_trie_node=0
0
[2026-06-01 06:25:39] 
[2026-06-01 06:25:39]   ── BENCHMARK: storage_mixed_k256 (pool=256 contracts; effective K=256)
[2026-06-01 06:25:39] 
[2026-06-01 06:25:39]   --- storage_mixed_k256_run1 (ubt) write-offset=100000000 K=256 ---
[2026-06-01 06:25:39]   [geth] Stopping (SIGTERM, waiting up to 120s for clean exit): 1011628
[2026-06-01 06:25:40]   [geth] exited cleanly after 1s
[2026-06-01 06:25:40]   [cache] OS page cache dropped
Fatal: Could not create the account: account already exists
[2026-06-01 06:25:40]   [geth] Starting (ubt, gd=5, cold=1, dev.period=1, 1tx/block)
[2026-06-01 06:25:40]   [geth] Waiting for RPC...
[2026-06-01 06:25:42]   [geth] RPC ready after 3s
[2026-06-01 06:25:42]   [bench] Running execute remote...
[2026-06-01 06:25:49]   [bench] exit=0 passed=1 failed=0
0 missing_trie_node=0
0
[2026-06-01 06:25:49] 
[2026-06-01 06:25:49]   --- storage_mixed_k256_run2 (ubt) write-offset=200000000 K=256 ---
[2026-06-01 06:25:49]   [geth] Stopping (SIGTERM, waiting up to 120s for clean exit): 1011729
[2026-06-01 06:25:50]   [geth] exited cleanly after 1s
[2026-06-01 06:25:51]   [cache] OS page cache dropped
Fatal: Could not create the account: account already exists
[2026-06-01 06:25:51]   [geth] Starting (ubt, gd=5, cold=1, dev.period=1, 1tx/block)
[2026-06-01 06:25:51]   [geth] Waiting for RPC...
[2026-06-01 06:25:53]   [geth] RPC ready after 3s
[2026-06-01 06:25:53]   [bench] Running execute remote...
[2026-06-01 06:26:00]   [bench] exit=0 passed=1 failed=0
0 missing_trie_node=0
0
[2026-06-01 06:26:00] 
[2026-06-01 06:26:00]   --- storage_mixed_k256_run3 (ubt) write-offset=300000000 K=256 ---
[2026-06-01 06:26:00]   [geth] Stopping (SIGTERM, waiting up to 120s for clean exit): 1011814
[2026-06-01 06:26:01]   [geth] exited cleanly after 1s
[2026-06-01 06:26:01]   [cache] OS page cache dropped
Fatal: Could not create the account: account already exists
[2026-06-01 06:26:01]   [geth] Starting (ubt, gd=5, cold=1, dev.period=1, 1tx/block)
[2026-06-01 06:26:01]   [geth] Waiting for RPC...
[2026-06-01 06:26:03]   [geth] RPC ready after 3s
[2026-06-01 06:26:03]   [bench] Running execute remote...
[2026-06-01 06:26:10]   [bench] exit=0 passed=1 failed=0
0 missing_trie_node=0
0
[2026-06-01 06:26:10] 
[2026-06-01 06:26:10]   --- storage_mixed_k256_run4 (ubt) write-offset=400000000 K=256 ---
[2026-06-01 06:26:10]   [geth] Stopping (SIGTERM, waiting up to 120s for clean exit): 1011891
[2026-06-01 06:26:11]   [geth] exited cleanly after 1s
[2026-06-01 06:26:12]   [cache] OS page cache dropped
Fatal: Could not create the account: account already exists
[2026-06-01 06:26:12]   [geth] Starting (ubt, gd=5, cold=1, dev.period=1, 1tx/block)
[2026-06-01 06:26:12]   [geth] Waiting for RPC...
[2026-06-01 06:26:14]   [geth] RPC ready after 3s
[2026-06-01 06:26:14]   [bench] Running execute remote...
[2026-06-01 06:26:21]   [bench] exit=0 passed=1 failed=0
0 missing_trie_node=0
0
[2026-06-01 06:26:21] 
[2026-06-01 06:26:21]   --- storage_mixed_k256_run5 (ubt) write-offset=500000000 K=256 ---
[2026-06-01 06:26:21]   [geth] Stopping (SIGTERM, waiting up to 120s for clean exit): 1011971
[2026-06-01 06:26:22]   [geth] exited cleanly after 1s
[2026-06-01 06:26:22]   [cache] OS page cache dropped
Fatal: Could not create the account: account already exists
[2026-06-01 06:26:22]   [geth] Starting (ubt, gd=5, cold=1, dev.period=1, 1tx/block)
[2026-06-01 06:26:22]   [geth] Waiting for RPC...
[2026-06-01 06:26:24]   [geth] RPC ready after 3s
[2026-06-01 06:26:24]   [bench] Running execute remote...
[2026-06-01 06:26:31]   [bench] exit=0 passed=1 failed=0
0 missing_trie_node=0
0
[2026-06-01 06:26:31] 
[2026-06-01 06:26:31]   --- storage_mixed_k256_run6 (ubt) write-offset=600000000 K=256 ---
[2026-06-01 06:26:31]   [geth] Stopping (SIGTERM, waiting up to 120s for clean exit): 1012053
[2026-06-01 06:26:32]   [geth] exited cleanly after 1s
[2026-06-01 06:26:33]   [cache] OS page cache dropped
Fatal: Could not create the account: account already exists
[2026-06-01 06:26:33]   [geth] Starting (ubt, gd=5, cold=1, dev.period=1, 1tx/block)
[2026-06-01 06:26:33]   [geth] Waiting for RPC...
[2026-06-01 06:26:35]   [geth] RPC ready after 3s
[2026-06-01 06:26:35]   [bench] Running execute remote...
[2026-06-01 06:26:41]   [bench] exit=0 passed=1 failed=0
0 missing_trie_node=0
0
[2026-06-01 06:26:41] 
[2026-06-01 06:26:41]   --- storage_mixed_k256_run7 (ubt) write-offset=700000000 K=256 ---
[2026-06-01 06:26:41]   [geth] Stopping (SIGTERM, waiting up to 120s for clean exit): 1012130
[2026-06-01 06:26:42]   [geth] exited cleanly after 1s
[2026-06-01 06:26:42]   [cache] OS page cache dropped
Fatal: Could not create the account: account already exists
[2026-06-01 06:26:42]   [geth] Starting (ubt, gd=5, cold=1, dev.period=1, 1tx/block)
[2026-06-01 06:26:42]   [geth] Waiting for RPC...
[2026-06-01 06:26:44]   [geth] RPC ready after 3s
[2026-06-01 06:26:44]   [bench] Running execute remote...
[2026-06-01 06:26:51]   [bench] exit=0 passed=1 failed=0
0 missing_trie_node=0
0
[2026-06-01 06:26:51] 
[2026-06-01 06:26:51]   --- storage_mixed_k256_run8 (ubt) write-offset=800000000 K=256 ---
[2026-06-01 06:26:51]   [geth] Stopping (SIGTERM, waiting up to 120s for clean exit): 1012206
[2026-06-01 06:26:52]   [geth] exited cleanly after 1s
[2026-06-01 06:26:53]   [cache] OS page cache dropped
Fatal: Could not create the account: account already exists
[2026-06-01 06:26:53]   [geth] Starting (ubt, gd=5, cold=1, dev.period=1, 1tx/block)
[2026-06-01 06:26:53]   [geth] Waiting for RPC...
[2026-06-01 06:26:55]   [geth] RPC ready after 3s
[2026-06-01 06:26:55]   [bench] Running execute remote...
[2026-06-01 06:27:02]   [bench] exit=0 passed=1 failed=0
0 missing_trie_node=0
0
[2026-06-01 06:27:02] 
[2026-06-01 06:27:02]   --- storage_mixed_k256_run9 (ubt) write-offset=900000000 K=256 ---
[2026-06-01 06:27:02]   [geth] Stopping (SIGTERM, waiting up to 120s for clean exit): 1012290
[2026-06-01 06:27:03]   [geth] exited cleanly after 1s
[2026-06-01 06:27:03]   [cache] OS page cache dropped
Fatal: Could not create the account: account already exists
[2026-06-01 06:27:03]   [geth] Starting (ubt, gd=5, cold=1, dev.period=1, 1tx/block)
[2026-06-01 06:27:03]   [geth] Waiting for RPC...
[2026-06-01 06:27:05]   [geth] RPC ready after 3s
[2026-06-01 06:27:05]   [bench] Running execute remote...
[2026-06-01 06:27:12]   [bench] exit=0 passed=1 failed=0
0 missing_trie_node=0
0
[2026-06-01 06:27:12] 
[2026-06-01 06:27:12]   --- storage_mixed_k256_run10 (ubt) write-offset=1000000000 K=256 ---
[2026-06-01 06:27:12]   [geth] Stopping (SIGTERM, waiting up to 120s for clean exit): 1012363
[2026-06-01 06:27:13]   [geth] exited cleanly after 1s
[2026-06-01 06:27:14]   [cache] OS page cache dropped
Fatal: Could not create the account: account already exists
[2026-06-01 06:27:14]   [geth] Starting (ubt, gd=5, cold=1, dev.period=1, 1tx/block)
[2026-06-01 06:27:14]   [geth] Waiting for RPC...
[2026-06-01 06:27:16]   [geth] RPC ready after 3s
[2026-06-01 06:27:16]   [bench] Running execute remote...
[2026-06-01 06:27:23]   [bench] exit=0 passed=1 failed=0
0 missing_trie_node=0
0
[2026-06-01 06:27:23] 
[2026-06-01 06:27:23]   --- storage_mixed_k256_run11 (ubt) write-offset=1100000000 K=256 ---
[2026-06-01 06:27:23]   [geth] Stopping (SIGTERM, waiting up to 120s for clean exit): 1012440
[2026-06-01 06:27:24]   [geth] exited cleanly after 1s
[2026-06-01 06:27:24]   [cache] OS page cache dropped
Fatal: Could not create the account: account already exists
[2026-06-01 06:27:24]   [geth] Starting (ubt, gd=5, cold=1, dev.period=1, 1tx/block)
[2026-06-01 06:27:24]   [geth] Waiting for RPC...
[2026-06-01 06:27:26]   [geth] RPC ready after 3s
[2026-06-01 06:27:26]   [bench] Running execute remote...
[2026-06-01 06:27:32]   [bench] exit=0 passed=1 failed=0
0 missing_trie_node=0
0
[2026-06-01 06:27:32] 
[2026-06-01 06:27:32]   --- storage_mixed_k256_run12 (ubt) write-offset=1200000000 K=256 ---
[2026-06-01 06:27:32]   [geth] Stopping (SIGTERM, waiting up to 120s for clean exit): 1012521
[2026-06-01 06:27:33]   [geth] exited cleanly after 1s
[2026-06-01 06:27:33]   [cache] OS page cache dropped
Fatal: Could not create the account: account already exists
[2026-06-01 06:27:33]   [geth] Starting (ubt, gd=5, cold=1, dev.period=1, 1tx/block)
[2026-06-01 06:27:33]   [geth] Waiting for RPC...
[2026-06-01 06:27:36]   [geth] RPC ready after 3s
[2026-06-01 06:27:36]   [bench] Running execute remote...
[2026-06-01 06:27:43]   [bench] exit=0 passed=1 failed=0
0 missing_trie_node=0
0
[2026-06-01 06:27:43] 
[2026-06-01 06:27:43]   --- storage_mixed_k256_run13 (ubt) write-offset=1300000000 K=256 ---
[2026-06-01 06:27:43]   [geth] Stopping (SIGTERM, waiting up to 120s for clean exit): 1012596
[2026-06-01 06:27:44]   [geth] exited cleanly after 1s
[2026-06-01 06:27:44]   [cache] OS page cache dropped
Fatal: Could not create the account: account already exists
[2026-06-01 06:27:44]   [geth] Starting (ubt, gd=5, cold=1, dev.period=1, 1tx/block)
[2026-06-01 06:27:44]   [geth] Waiting for RPC...
[2026-06-01 06:27:46]   [geth] RPC ready after 3s
[2026-06-01 06:27:46]   [bench] Running execute remote...
[2026-06-01 06:27:53]   [bench] exit=0 passed=1 failed=0
0 missing_trie_node=0
0
[2026-06-01 06:27:53] 
[2026-06-01 06:27:53]   --- storage_mixed_k256_run14 (ubt) write-offset=1400000000 K=256 ---
[2026-06-01 06:27:53]   [geth] Stopping (SIGTERM, waiting up to 120s for clean exit): 1012671
[2026-06-01 06:27:54]   [geth] exited cleanly after 1s
[2026-06-01 06:27:54]   [cache] OS page cache dropped
Fatal: Could not create the account: account already exists
[2026-06-01 06:27:54]   [geth] Starting (ubt, gd=5, cold=1, dev.period=1, 1tx/block)
[2026-06-01 06:27:54]   [geth] Waiting for RPC...
[2026-06-01 06:27:56]   [geth] RPC ready after 3s
[2026-06-01 06:27:57]   [bench] Running execute remote...
[2026-06-01 06:28:03]   [bench] exit=0 passed=1 failed=0
0 missing_trie_node=0
0
[2026-06-01 06:28:03] 
[2026-06-01 06:28:03]   --- storage_mixed_k256_run15 (ubt) write-offset=1500000000 K=256 ---
[2026-06-01 06:28:03]   [geth] Stopping (SIGTERM, waiting up to 120s for clean exit): 1012754
[2026-06-01 06:28:04]   [geth] exited cleanly after 1s
[2026-06-01 06:28:04]   [cache] OS page cache dropped
Fatal: Could not create the account: account already exists
[2026-06-01 06:28:04]   [geth] Starting (ubt, gd=5, cold=1, dev.period=1, 1tx/block)
[2026-06-01 06:28:04]   [geth] Waiting for RPC...
[2026-06-01 06:28:06]   [geth] RPC ready after 3s
[2026-06-01 06:28:06]   [bench] Running execute remote...
[2026-06-01 06:28:13]   [bench] exit=0 passed=1 failed=0
0 missing_trie_node=0
0
[2026-06-01 06:28:13] 
[2026-06-01 06:28:13]   --- storage_mixed_k256_run16 (ubt) write-offset=1600000000 K=256 ---
[2026-06-01 06:28:13]   [geth] Stopping (SIGTERM, waiting up to 120s for clean exit): 1012832
[2026-06-01 06:28:14]   [geth] exited cleanly after 1s
[2026-06-01 06:28:14]   [cache] OS page cache dropped
Fatal: Could not create the account: account already exists
[2026-06-01 06:28:14]   [geth] Starting (ubt, gd=5, cold=1, dev.period=1, 1tx/block)
[2026-06-01 06:28:14]   [geth] Waiting for RPC...
[2026-06-01 06:28:16]   [geth] RPC ready after 3s
[2026-06-01 06:28:16]   [bench] Running execute remote...
[2026-06-01 06:28:22]   [bench] exit=0 passed=1 failed=0
0 missing_trie_node=0
0
[2026-06-01 06:28:22] 
[2026-06-01 06:28:22]   --- storage_mixed_k256_run17 (ubt) write-offset=1700000000 K=256 ---
[2026-06-01 06:28:22]   [geth] Stopping (SIGTERM, waiting up to 120s for clean exit): 1012912
[2026-06-01 06:28:23]   [geth] exited cleanly after 1s
[2026-06-01 06:28:24]   [cache] OS page cache dropped
Fatal: Could not create the account: account already exists
[2026-06-01 06:28:24]   [geth] Starting (ubt, gd=5, cold=1, dev.period=1, 1tx/block)
[2026-06-01 06:28:24]   [geth] Waiting for RPC...
[2026-06-01 06:28:26]   [geth] RPC ready after 3s
[2026-06-01 06:28:26]   [bench] Running execute remote...
[2026-06-01 06:28:33]   [bench] exit=0 passed=1 failed=0
0 missing_trie_node=0
0
[2026-06-01 06:28:33] 
[2026-06-01 06:28:33]   --- storage_mixed_k256_run18 (ubt) write-offset=1800000000 K=256 ---
[2026-06-01 06:28:33]   [geth] Stopping (SIGTERM, waiting up to 120s for clean exit): 1012997
[2026-06-01 06:28:34]   [geth] exited cleanly after 1s
[2026-06-01 06:28:34]   [cache] OS page cache dropped
Fatal: Could not create the account: account already exists
[2026-06-01 06:28:34]   [geth] Starting (ubt, gd=5, cold=1, dev.period=1, 1tx/block)
[2026-06-01 06:28:34]   [geth] Waiting for RPC...
[2026-06-01 06:28:36]   [geth] RPC ready after 3s
[2026-06-01 06:28:36]   [bench] Running execute remote...
[2026-06-01 06:28:42]   [bench] exit=0 passed=1 failed=0
0 missing_trie_node=0
0
[2026-06-01 06:28:42] 
[2026-06-01 06:28:42]   --- storage_mixed_k256_run19 (ubt) write-offset=1900000000 K=256 ---
[2026-06-01 06:28:42]   [geth] Stopping (SIGTERM, waiting up to 120s for clean exit): 1013073
[2026-06-01 06:28:43]   [geth] exited cleanly after 1s
[2026-06-01 06:28:44]   [cache] OS page cache dropped
Fatal: Could not create the account: account already exists
[2026-06-01 06:28:44]   [geth] Starting (ubt, gd=5, cold=1, dev.period=1, 1tx/block)
[2026-06-01 06:28:44]   [geth] Waiting for RPC...
[2026-06-01 06:28:46]   [geth] RPC ready after 3s
[2026-06-01 06:28:46]   [bench] Running execute remote...
[2026-06-01 06:28:53]   [bench] exit=0 passed=1 failed=0
0 missing_trie_node=0
0
[2026-06-01 06:28:53] 
[2026-06-01 06:28:53]   --- storage_mixed_k256_run20 (ubt) write-offset=2000000000 K=256 ---
[2026-06-01 06:28:53]   [geth] Stopping (SIGTERM, waiting up to 120s for clean exit): 1013153
[2026-06-01 06:28:54]   [geth] exited cleanly after 1s
[2026-06-01 06:28:54]   [cache] OS page cache dropped
Fatal: Could not create the account: account already exists
[2026-06-01 06:28:54]   [geth] Starting (ubt, gd=5, cold=1, dev.period=1, 1tx/block)
[2026-06-01 06:28:54]   [geth] Waiting for RPC...
[2026-06-01 06:28:56]   [geth] RPC ready after 3s
[2026-06-01 06:28:56]   [bench] Running execute remote...
[2026-06-01 06:29:02]   [bench] exit=0 passed=1 failed=0
0 missing_trie_node=0
0
[2026-06-01 06:29:02]   [geth] Stopping (SIGTERM, waiting up to 120s for clean exit): 1013234
[2026-06-01 06:29:03]   [geth] exited cleanly after 1s
[2026-06-01 06:29:03] 
[2026-06-01 06:29:03] ╔══════════════════════════════════════════════════════════════════╗
[2026-06-01 06:29:03] ║  CONFIG: pbt
[2026-06-01 06:29:03] ╚══════════════════════════════════════════════════════════════════╝
[2026-06-01 06:29:03] 
[2026-06-01 06:29:03]   ── BENCHMARK: storage_sload_k1 (pool=256 contracts; effective K=1)
[2026-06-01 06:29:03] 
[2026-06-01 06:29:03]   --- storage_sload_k1_run1 (pbt) write-offset=100000000 K=1 ---
[2026-06-01 06:29:03]   [cache] OS page cache dropped
Fatal: Could not create the account: account already exists
[2026-06-01 06:29:03]   [geth] Starting (pbt, gd=5, cold=1, dev.period=1, 1tx/block)
[2026-06-01 06:29:03]   [geth] Waiting for RPC...
[2026-06-01 06:29:06]   [geth] RPC ready after 3s
[2026-06-01 06:29:06]   [bench] Running execute remote...
[2026-06-01 06:29:15]   [bench] exit=0 passed=1 failed=0
0 missing_trie_node=0
0
[2026-06-01 06:29:15] 
[2026-06-01 06:29:15]   --- storage_sload_k1_run2 (pbt) write-offset=200000000 K=1 ---
[2026-06-01 06:29:15]   [geth] Stopping (SIGTERM, waiting up to 120s for clean exit): 1013347
[2026-06-01 06:29:16]   [geth] exited cleanly after 1s
[2026-06-01 06:29:16]   [cache] OS page cache dropped
Fatal: Could not create the account: account already exists
[2026-06-01 06:29:16]   [geth] Starting (pbt, gd=5, cold=1, dev.period=1, 1tx/block)
[2026-06-01 06:29:16]   [geth] Waiting for RPC...
[2026-06-01 06:29:18]   [geth] RPC ready after 3s
[2026-06-01 06:29:18]   [bench] Running execute remote...
[2026-06-01 06:29:25]   [bench] exit=0 passed=1 failed=0
0 missing_trie_node=0
0
[2026-06-01 06:29:25] 
[2026-06-01 06:29:25]   --- storage_sload_k1_run3 (pbt) write-offset=300000000 K=1 ---
[2026-06-01 06:29:25]   [geth] Stopping (SIGTERM, waiting up to 120s for clean exit): 1013436
[2026-06-01 06:29:26]   [geth] exited cleanly after 1s
[2026-06-01 06:29:26]   [cache] OS page cache dropped
Fatal: Could not create the account: account already exists
[2026-06-01 06:29:26]   [geth] Starting (pbt, gd=5, cold=1, dev.period=1, 1tx/block)
[2026-06-01 06:29:26]   [geth] Waiting for RPC...
[2026-06-01 06:29:28]   [geth] RPC ready after 3s
[2026-06-01 06:29:29]   [bench] Running execute remote...
[2026-06-01 06:29:36]   [bench] exit=0 passed=1 failed=0
0 missing_trie_node=0
0
[2026-06-01 06:29:36] 
[2026-06-01 06:29:36]   --- storage_sload_k1_run4 (pbt) write-offset=400000000 K=1 ---
[2026-06-01 06:29:36]   [geth] Stopping (SIGTERM, waiting up to 120s for clean exit): 1013521
[2026-06-01 06:29:37]   [geth] exited cleanly after 1s
[2026-06-01 06:29:37]   [cache] OS page cache dropped
Fatal: Could not create the account: account already exists
[2026-06-01 06:29:37]   [geth] Starting (pbt, gd=5, cold=1, dev.period=1, 1tx/block)
[2026-06-01 06:29:37]   [geth] Waiting for RPC...
[2026-06-01 06:29:39]   [geth] RPC ready after 3s
[2026-06-01 06:29:39]   [bench] Running execute remote...
[2026-06-01 06:29:46]   [bench] exit=0 passed=1 failed=0
0 missing_trie_node=0
0
[2026-06-01 06:29:46] 
[2026-06-01 06:29:46]   --- storage_sload_k1_run5 (pbt) write-offset=500000000 K=1 ---
[2026-06-01 06:29:46]   [geth] Stopping (SIGTERM, waiting up to 120s for clean exit): 1013599
[2026-06-01 06:29:47]   [geth] exited cleanly after 1s
[2026-06-01 06:29:47]   [cache] OS page cache dropped
Fatal: Could not create the account: account already exists
[2026-06-01 06:29:47]   [geth] Starting (pbt, gd=5, cold=1, dev.period=1, 1tx/block)
[2026-06-01 06:29:47]   [geth] Waiting for RPC...
[2026-06-01 06:29:49]   [geth] RPC ready after 3s
[2026-06-01 06:29:49]   [bench] Running execute remote...
[2026-06-01 06:29:57]   [bench] exit=0 passed=1 failed=0
0 missing_trie_node=0
0
[2026-06-01 06:29:57] 
[2026-06-01 06:29:57]   --- storage_sload_k1_run6 (pbt) write-offset=600000000 K=1 ---
[2026-06-01 06:29:57]   [geth] Stopping (SIGTERM, waiting up to 120s for clean exit): 1013680
[2026-06-01 06:29:58]   [geth] exited cleanly after 1s
[2026-06-01 06:29:58]   [cache] OS page cache dropped
Fatal: Could not create the account: account already exists
[2026-06-01 06:29:58]   [geth] Starting (pbt, gd=5, cold=1, dev.period=1, 1tx/block)
[2026-06-01 06:29:58]   [geth] Waiting for RPC...
[2026-06-01 06:30:00]   [geth] RPC ready after 3s
[2026-06-01 06:30:00]   [bench] Running execute remote...
[2026-06-01 06:30:07]   [bench] exit=0 passed=1 failed=0
0 missing_trie_node=0
0
[2026-06-01 06:30:07] 
[2026-06-01 06:30:07]   --- storage_sload_k1_run7 (pbt) write-offset=700000000 K=1 ---
[2026-06-01 06:30:07]   [geth] Stopping (SIGTERM, waiting up to 120s for clean exit): 1013762
[2026-06-01 06:30:08]   [geth] exited cleanly after 1s
[2026-06-01 06:30:08]   [cache] OS page cache dropped
Fatal: Could not create the account: account already exists
[2026-06-01 06:30:08]   [geth] Starting (pbt, gd=5, cold=1, dev.period=1, 1tx/block)
[2026-06-01 06:30:08]   [geth] Waiting for RPC...
[2026-06-01 06:30:10]   [geth] RPC ready after 3s
[2026-06-01 06:30:10]   [bench] Running execute remote...
[2026-06-01 06:30:18]   [bench] exit=0 passed=1 failed=0
0 missing_trie_node=0
0
[2026-06-01 06:30:18] 
[2026-06-01 06:30:18]   --- storage_sload_k1_run8 (pbt) write-offset=800000000 K=1 ---
[2026-06-01 06:30:18]   [geth] Stopping (SIGTERM, waiting up to 120s for clean exit): 1013835
[2026-06-01 06:30:19]   [geth] exited cleanly after 1s
[2026-06-01 06:30:19]   [cache] OS page cache dropped
Fatal: Could not create the account: account already exists
[2026-06-01 06:30:19]   [geth] Starting (pbt, gd=5, cold=1, dev.period=1, 1tx/block)
[2026-06-01 06:30:19]   [geth] Waiting for RPC...
[2026-06-01 06:30:21]   [geth] RPC ready after 3s
[2026-06-01 06:30:21]   [bench] Running execute remote...
[2026-06-01 06:30:28]   [bench] exit=0 passed=1 failed=0
0 missing_trie_node=0
0
[2026-06-01 06:30:28] 
[2026-06-01 06:30:28]   --- storage_sload_k1_run9 (pbt) write-offset=900000000 K=1 ---
[2026-06-01 06:30:28]   [geth] Stopping (SIGTERM, waiting up to 120s for clean exit): 1013918
[2026-06-01 06:30:29]   [geth] exited cleanly after 1s
[2026-06-01 06:30:29]   [cache] OS page cache dropped
Fatal: Could not create the account: account already exists
[2026-06-01 06:30:29]   [geth] Starting (pbt, gd=5, cold=1, dev.period=1, 1tx/block)
[2026-06-01 06:30:29]   [geth] Waiting for RPC...
[2026-06-01 06:30:31]   [geth] RPC ready after 3s
[2026-06-01 06:30:31]   [bench] Running execute remote...
[2026-06-01 06:30:38]   [bench] exit=0 passed=1 failed=0
0 missing_trie_node=0
0
[2026-06-01 06:30:38] 
[2026-06-01 06:30:38]   --- storage_sload_k1_run10 (pbt) write-offset=1000000000 K=1 ---
[2026-06-01 06:30:38]   [geth] Stopping (SIGTERM, waiting up to 120s for clean exit): 1013990
[2026-06-01 06:30:39]   [geth] exited cleanly after 1s
[2026-06-01 06:30:40]   [cache] OS page cache dropped
Fatal: Could not create the account: account already exists
[2026-06-01 06:30:40]   [geth] Starting (pbt, gd=5, cold=1, dev.period=1, 1tx/block)
[2026-06-01 06:30:40]   [geth] Waiting for RPC...
[2026-06-01 06:30:42]   [geth] RPC ready after 3s
[2026-06-01 06:30:42]   [bench] Running execute remote...
[2026-06-01 06:30:49]   [bench] exit=0 passed=1 failed=0
0 missing_trie_node=0
0
[2026-06-01 06:30:49] 
[2026-06-01 06:30:49]   --- storage_sload_k1_run11 (pbt) write-offset=1100000000 K=1 ---
[2026-06-01 06:30:49]   [geth] Stopping (SIGTERM, waiting up to 120s for clean exit): 1014068
[2026-06-01 06:30:50]   [geth] exited cleanly after 1s
[2026-06-01 06:30:50]   [cache] OS page cache dropped
Fatal: Could not create the account: account already exists
[2026-06-01 06:30:50]   [geth] Starting (pbt, gd=5, cold=1, dev.period=1, 1tx/block)
[2026-06-01 06:30:50]   [geth] Waiting for RPC...
[2026-06-01 06:30:52]   [geth] RPC ready after 3s
[2026-06-01 06:30:52]   [bench] Running execute remote...
[2026-06-01 06:30:59]   [bench] exit=0 passed=1 failed=0
0 missing_trie_node=0
0
[2026-06-01 06:30:59] 
[2026-06-01 06:30:59]   --- storage_sload_k1_run12 (pbt) write-offset=1200000000 K=1 ---
[2026-06-01 06:30:59]   [geth] Stopping (SIGTERM, waiting up to 120s for clean exit): 1014155
[2026-06-01 06:31:00]   [geth] exited cleanly after 1s
[2026-06-01 06:31:00]   [cache] OS page cache dropped
Fatal: Could not create the account: account already exists
[2026-06-01 06:31:00]   [geth] Starting (pbt, gd=5, cold=1, dev.period=1, 1tx/block)
[2026-06-01 06:31:00]   [geth] Waiting for RPC...
[2026-06-01 06:31:03]   [geth] RPC ready after 3s
[2026-06-01 06:31:03]   [bench] Running execute remote...
[2026-06-01 06:31:10]   [bench] exit=0 passed=1 failed=0
0 missing_trie_node=0
0
[2026-06-01 06:31:10] 
[2026-06-01 06:31:10]   --- storage_sload_k1_run13 (pbt) write-offset=1300000000 K=1 ---
[2026-06-01 06:31:10]   [geth] Stopping (SIGTERM, waiting up to 120s for clean exit): 1014236
[2026-06-01 06:31:11]   [geth] exited cleanly after 1s
[2026-06-01 06:31:11]   [cache] OS page cache dropped
Fatal: Could not create the account: account already exists
[2026-06-01 06:31:11]   [geth] Starting (pbt, gd=5, cold=1, dev.period=1, 1tx/block)
[2026-06-01 06:31:11]   [geth] Waiting for RPC...
[2026-06-01 06:31:13]   [geth] RPC ready after 3s
[2026-06-01 06:31:13]   [bench] Running execute remote...
[2026-06-01 06:31:20]   [bench] exit=0 passed=1 failed=0
0 missing_trie_node=0
0
[2026-06-01 06:31:20] 
[2026-06-01 06:31:20]   --- storage_sload_k1_run14 (pbt) write-offset=1400000000 K=1 ---
[2026-06-01 06:31:20]   [geth] Stopping (SIGTERM, waiting up to 120s for clean exit): 1014314
[2026-06-01 06:31:21]   [geth] exited cleanly after 1s
[2026-06-01 06:31:21]   [cache] OS page cache dropped
Fatal: Could not create the account: account already exists
[2026-06-01 06:31:21]   [geth] Starting (pbt, gd=5, cold=1, dev.period=1, 1tx/block)
[2026-06-01 06:31:21]   [geth] Waiting for RPC...
[2026-06-01 06:31:23]   [geth] RPC ready after 3s
[2026-06-01 06:31:23]   [bench] Running execute remote...
[2026-06-01 06:31:31]   [bench] exit=0 passed=1 failed=0
0 missing_trie_node=0
0
[2026-06-01 06:31:31] 
[2026-06-01 06:31:31]   --- storage_sload_k1_run15 (pbt) write-offset=1500000000 K=1 ---
[2026-06-01 06:31:31]   [geth] Stopping (SIGTERM, waiting up to 120s for clean exit): 1014396
[2026-06-01 06:31:32]   [geth] exited cleanly after 1s
[2026-06-01 06:31:32]   [cache] OS page cache dropped
Fatal: Could not create the account: account already exists
[2026-06-01 06:31:32]   [geth] Starting (pbt, gd=5, cold=1, dev.period=1, 1tx/block)
[2026-06-01 06:31:32]   [geth] Waiting for RPC...
[2026-06-01 06:31:34]   [geth] RPC ready after 3s
[2026-06-01 06:31:34]   [bench] Running execute remote...
[2026-06-01 06:31:40]   [bench] exit=0 passed=1 failed=0
0 missing_trie_node=0
0
[2026-06-01 06:31:40] 
[2026-06-01 06:31:40]   --- storage_sload_k1_run16 (pbt) write-offset=1600000000 K=1 ---
[2026-06-01 06:31:40]   [geth] Stopping (SIGTERM, waiting up to 120s for clean exit): 1014471
[2026-06-01 06:31:41]   [geth] exited cleanly after 1s
[2026-06-01 06:31:41]   [cache] OS page cache dropped
Fatal: Could not create the account: account already exists
[2026-06-01 06:31:41]   [geth] Starting (pbt, gd=5, cold=1, dev.period=1, 1tx/block)
[2026-06-01 06:31:41]   [geth] Waiting for RPC...
[2026-06-01 06:31:43]   [geth] RPC ready after 3s
[2026-06-01 06:31:43]   [bench] Running execute remote...
[2026-06-01 06:31:50]   [bench] exit=0 passed=1 failed=0
0 missing_trie_node=0
0
[2026-06-01 06:31:50] 
[2026-06-01 06:31:50]   --- storage_sload_k1_run17 (pbt) write-offset=1700000000 K=1 ---
[2026-06-01 06:31:50]   [geth] Stopping (SIGTERM, waiting up to 120s for clean exit): 1014546
[2026-06-01 06:31:51]   [geth] exited cleanly after 1s
[2026-06-01 06:31:52]   [cache] OS page cache dropped
Fatal: Could not create the account: account already exists
[2026-06-01 06:31:52]   [geth] Starting (pbt, gd=5, cold=1, dev.period=1, 1tx/block)
[2026-06-01 06:31:52]   [geth] Waiting for RPC...
[2026-06-01 06:31:54]   [geth] RPC ready after 3s
[2026-06-01 06:31:54]   [bench] Running execute remote...
[2026-06-01 06:32:01]   [bench] exit=0 passed=1 failed=0
0 missing_trie_node=0
0
[2026-06-01 06:32:01] 
[2026-06-01 06:32:01]   --- storage_sload_k1_run18 (pbt) write-offset=1800000000 K=1 ---
[2026-06-01 06:32:01]   [geth] Stopping (SIGTERM, waiting up to 120s for clean exit): 1014630
[2026-06-01 06:32:02]   [geth] exited cleanly after 1s
[2026-06-01 06:32:02]   [cache] OS page cache dropped
Fatal: Could not create the account: account already exists
[2026-06-01 06:32:02]   [geth] Starting (pbt, gd=5, cold=1, dev.period=1, 1tx/block)
[2026-06-01 06:32:02]   [geth] Waiting for RPC...
[2026-06-01 06:32:04]   [geth] RPC ready after 3s
[2026-06-01 06:32:04]   [bench] Running execute remote...
[2026-06-01 06:32:10]   [bench] exit=0 passed=1 failed=0
0 missing_trie_node=0
0
[2026-06-01 06:32:10] 
[2026-06-01 06:32:10]   --- storage_sload_k1_run19 (pbt) write-offset=1900000000 K=1 ---
[2026-06-01 06:32:10]   [geth] Stopping (SIGTERM, waiting up to 120s for clean exit): 1014706
[2026-06-01 06:32:11]   [geth] exited cleanly after 1s
[2026-06-01 06:32:12]   [cache] OS page cache dropped
Fatal: Could not create the account: account already exists
[2026-06-01 06:32:12]   [geth] Starting (pbt, gd=5, cold=1, dev.period=1, 1tx/block)
[2026-06-01 06:32:12]   [geth] Waiting for RPC...
[2026-06-01 06:32:14]   [geth] RPC ready after 3s
[2026-06-01 06:32:14]   [bench] Running execute remote...
[2026-06-01 06:32:20]   [bench] exit=0 passed=1 failed=0
0 missing_trie_node=0
0
[2026-06-01 06:32:20] 
[2026-06-01 06:32:20]   --- storage_sload_k1_run20 (pbt) write-offset=2000000000 K=1 ---
[2026-06-01 06:32:20]   [geth] Stopping (SIGTERM, waiting up to 120s for clean exit): 1014786
[2026-06-01 06:32:21]   [geth] exited cleanly after 1s
[2026-06-01 06:32:21]   [cache] OS page cache dropped
Fatal: Could not create the account: account already exists
[2026-06-01 06:32:21]   [geth] Starting (pbt, gd=5, cold=1, dev.period=1, 1tx/block)
[2026-06-01 06:32:21]   [geth] Waiting for RPC...
[2026-06-01 06:32:23]   [geth] RPC ready after 3s
[2026-06-01 06:32:23]   [bench] Running execute remote...
[2026-06-01 06:32:29]   [bench] exit=0 passed=1 failed=0
0 missing_trie_node=0
0
[2026-06-01 06:32:29] 
[2026-06-01 06:32:29]   ── BENCHMARK: storage_sload_k10 (pool=256 contracts; effective K=10)
[2026-06-01 06:32:29] 
[2026-06-01 06:32:29]   --- storage_sload_k10_run1 (pbt) write-offset=100000000 K=10 ---
[2026-06-01 06:32:29]   [geth] Stopping (SIGTERM, waiting up to 120s for clean exit): 1014871
[2026-06-01 06:32:30]   [geth] exited cleanly after 1s
[2026-06-01 06:32:30]   [cache] OS page cache dropped
Fatal: Could not create the account: account already exists
[2026-06-01 06:32:30]   [geth] Starting (pbt, gd=5, cold=1, dev.period=1, 1tx/block)
[2026-06-01 06:32:30]   [geth] Waiting for RPC...
[2026-06-01 06:32:33]   [geth] RPC ready after 3s
[2026-06-01 06:32:33]   [bench] Running execute remote...
[2026-06-01 06:32:40]   [bench] exit=0 passed=1 failed=0
0 missing_trie_node=0
0
[2026-06-01 06:32:40] 
[2026-06-01 06:32:40]   --- storage_sload_k10_run2 (pbt) write-offset=200000000 K=10 ---
[2026-06-01 06:32:40]   [geth] Stopping (SIGTERM, waiting up to 120s for clean exit): 1014973
[2026-06-01 06:32:41]   [geth] exited cleanly after 1s
[2026-06-01 06:32:41]   [cache] OS page cache dropped
Fatal: Could not create the account: account already exists
[2026-06-01 06:32:41]   [geth] Starting (pbt, gd=5, cold=1, dev.period=1, 1tx/block)
[2026-06-01 06:32:41]   [geth] Waiting for RPC...
[2026-06-01 06:32:43]   [geth] RPC ready after 3s
[2026-06-01 06:32:43]   [bench] Running execute remote...
[2026-06-01 06:32:49]   [bench] exit=0 passed=1 failed=0
0 missing_trie_node=0
0
[2026-06-01 06:32:49] 
[2026-06-01 06:32:49]   --- storage_sload_k10_run3 (pbt) write-offset=300000000 K=10 ---
[2026-06-01 06:32:49]   [geth] Stopping (SIGTERM, waiting up to 120s for clean exit): 1015049
[2026-06-01 06:32:50]   [geth] exited cleanly after 1s
[2026-06-01 06:32:50]   [cache] OS page cache dropped
Fatal: Could not create the account: account already exists
[2026-06-01 06:32:50]   [geth] Starting (pbt, gd=5, cold=1, dev.period=1, 1tx/block)
[2026-06-01 06:32:50]   [geth] Waiting for RPC...
[2026-06-01 06:32:52]   [geth] RPC ready after 3s
[2026-06-01 06:32:52]   [bench] Running execute remote...
[2026-06-01 06:32:59]   [bench] exit=0 passed=1 failed=0
0 missing_trie_node=0
0
[2026-06-01 06:32:59] 
[2026-06-01 06:32:59]   --- storage_sload_k10_run4 (pbt) write-offset=400000000 K=10 ---
[2026-06-01 06:32:59]   [geth] Stopping (SIGTERM, waiting up to 120s for clean exit): 1015137
[2026-06-01 06:33:00]   [geth] exited cleanly after 1s
[2026-06-01 06:33:00]   [cache] OS page cache dropped
Fatal: Could not create the account: account already exists
[2026-06-01 06:33:00]   [geth] Starting (pbt, gd=5, cold=1, dev.period=1, 1tx/block)
[2026-06-01 06:33:00]   [geth] Waiting for RPC...
[2026-06-01 06:33:02]   [geth] RPC ready after 3s
[2026-06-01 06:33:02]   [bench] Running execute remote...
[2026-06-01 06:33:09]   [bench] exit=0 passed=1 failed=0
0 missing_trie_node=0
0
[2026-06-01 06:33:09] 
[2026-06-01 06:33:09]   --- storage_sload_k10_run5 (pbt) write-offset=500000000 K=10 ---
[2026-06-01 06:33:09]   [geth] Stopping (SIGTERM, waiting up to 120s for clean exit): 1015214
[2026-06-01 06:33:10]   [geth] exited cleanly after 1s
[2026-06-01 06:33:10]   [cache] OS page cache dropped
Fatal: Could not create the account: account already exists
[2026-06-01 06:33:10]   [geth] Starting (pbt, gd=5, cold=1, dev.period=1, 1tx/block)
[2026-06-01 06:33:10]   [geth] Waiting for RPC...
[2026-06-01 06:33:12]   [geth] RPC ready after 3s
[2026-06-01 06:33:12]   [bench] Running execute remote...
[2026-06-01 06:33:20]   [bench] exit=0 passed=1 failed=0
0 missing_trie_node=0
0
[2026-06-01 06:33:20] 
[2026-06-01 06:33:20]   --- storage_sload_k10_run6 (pbt) write-offset=600000000 K=10 ---
[2026-06-01 06:33:20]   [geth] Stopping (SIGTERM, waiting up to 120s for clean exit): 1015290
[2026-06-01 06:33:21]   [geth] exited cleanly after 1s
[2026-06-01 06:33:21]   [cache] OS page cache dropped
Fatal: Could not create the account: account already exists
[2026-06-01 06:33:21]   [geth] Starting (pbt, gd=5, cold=1, dev.period=1, 1tx/block)
[2026-06-01 06:33:21]   [geth] Waiting for RPC...
[2026-06-01 06:33:23]   [geth] RPC ready after 3s
[2026-06-01 06:33:23]   [bench] Running execute remote...
[2026-06-01 06:33:29]   [bench] exit=0 passed=1 failed=0
0 missing_trie_node=0
0
[2026-06-01 06:33:29] 
[2026-06-01 06:33:29]   --- storage_sload_k10_run7 (pbt) write-offset=700000000 K=10 ---
[2026-06-01 06:33:29]   [geth] Stopping (SIGTERM, waiting up to 120s for clean exit): 1015376
[2026-06-01 06:33:30]   [geth] exited cleanly after 1s
[2026-06-01 06:33:30]   [cache] OS page cache dropped
Fatal: Could not create the account: account already exists
[2026-06-01 06:33:30]   [geth] Starting (pbt, gd=5, cold=1, dev.period=1, 1tx/block)
[2026-06-01 06:33:30]   [geth] Waiting for RPC...
[2026-06-01 06:33:32]   [geth] RPC ready after 3s
[2026-06-01 06:33:32]   [bench] Running execute remote...
[2026-06-01 06:33:39]   [bench] exit=0 passed=1 failed=0
0 missing_trie_node=0
0
[2026-06-01 06:33:39] 
[2026-06-01 06:33:39]   --- storage_sload_k10_run8 (pbt) write-offset=800000000 K=10 ---
[2026-06-01 06:33:39]   [geth] Stopping (SIGTERM, waiting up to 120s for clean exit): 1015451
[2026-06-01 06:33:40]   [geth] exited cleanly after 1s
[2026-06-01 06:33:40]   [cache] OS page cache dropped
Fatal: Could not create the account: account already exists
[2026-06-01 06:33:40]   [geth] Starting (pbt, gd=5, cold=1, dev.period=1, 1tx/block)
[2026-06-01 06:33:40]   [geth] Waiting for RPC...
[2026-06-01 06:33:42]   [geth] RPC ready after 3s
[2026-06-01 06:33:42]   [bench] Running execute remote...
[2026-06-01 06:33:49]   [bench] exit=0 passed=1 failed=0
0 missing_trie_node=0
0
[2026-06-01 06:33:49] 
[2026-06-01 06:33:49]   --- storage_sload_k10_run9 (pbt) write-offset=900000000 K=10 ---
[2026-06-01 06:33:49]   [geth] Stopping (SIGTERM, waiting up to 120s for clean exit): 1015526
[2026-06-01 06:33:50]   [geth] exited cleanly after 1s
[2026-06-01 06:33:50]   [cache] OS page cache dropped
Fatal: Could not create the account: account already exists
[2026-06-01 06:33:50]   [geth] Starting (pbt, gd=5, cold=1, dev.period=1, 1tx/block)
[2026-06-01 06:33:50]   [geth] Waiting for RPC...
[2026-06-01 06:33:52]   [geth] RPC ready after 3s
[2026-06-01 06:33:52]   [bench] Running execute remote...
[2026-06-01 06:33:59]   [bench] exit=0 passed=1 failed=0
0 missing_trie_node=0
0
[2026-06-01 06:33:59] 
[2026-06-01 06:33:59]   --- storage_sload_k10_run10 (pbt) write-offset=1000000000 K=10 ---
[2026-06-01 06:34:00]   [geth] Stopping (SIGTERM, waiting up to 120s for clean exit): 1015613
[2026-06-01 06:34:01]   [geth] exited cleanly after 1s
[2026-06-01 06:34:01]   [cache] OS page cache dropped
Fatal: Could not create the account: account already exists
[2026-06-01 06:34:01]   [geth] Starting (pbt, gd=5, cold=1, dev.period=1, 1tx/block)
[2026-06-01 06:34:01]   [geth] Waiting for RPC...
[2026-06-01 06:34:03]   [geth] RPC ready after 3s
[2026-06-01 06:34:03]   [bench] Running execute remote...
[2026-06-01 06:34:09]   [bench] exit=0 passed=1 failed=0
0 missing_trie_node=0
0
[2026-06-01 06:34:09] 
[2026-06-01 06:34:09]   --- storage_sload_k10_run11 (pbt) write-offset=1100000000 K=10 ---
[2026-06-01 06:34:09]   [geth] Stopping (SIGTERM, waiting up to 120s for clean exit): 1015691
[2026-06-01 06:34:10]   [geth] exited cleanly after 1s
[2026-06-01 06:34:10]   [cache] OS page cache dropped
Fatal: Could not create the account: account already exists
[2026-06-01 06:34:10]   [geth] Starting (pbt, gd=5, cold=1, dev.period=1, 1tx/block)
[2026-06-01 06:34:10]   [geth] Waiting for RPC...
[2026-06-01 06:34:12]   [geth] RPC ready after 3s
[2026-06-01 06:34:12]   [bench] Running execute remote...
[2026-06-01 06:34:19]   [bench] exit=0 passed=1 failed=0
0 missing_trie_node=0
0
[2026-06-01 06:34:19] 
[2026-06-01 06:34:19]   --- storage_sload_k10_run12 (pbt) write-offset=1200000000 K=10 ---
[2026-06-01 06:34:19]   [geth] Stopping (SIGTERM, waiting up to 120s for clean exit): 1015770
[2026-06-01 06:34:20]   [geth] exited cleanly after 1s
[2026-06-01 06:34:21]   [cache] OS page cache dropped
Fatal: Could not create the account: account already exists
[2026-06-01 06:34:21]   [geth] Starting (pbt, gd=5, cold=1, dev.period=1, 1tx/block)
[2026-06-01 06:34:21]   [geth] Waiting for RPC...
[2026-06-01 06:34:23]   [geth] RPC ready after 3s
[2026-06-01 06:34:23]   [bench] Running execute remote...
[2026-06-01 06:34:29]   [bench] exit=0 passed=1 failed=0
0 missing_trie_node=0
0
[2026-06-01 06:34:29] 
[2026-06-01 06:34:29]   --- storage_sload_k10_run13 (pbt) write-offset=1300000000 K=10 ---
[2026-06-01 06:34:29]   [geth] Stopping (SIGTERM, waiting up to 120s for clean exit): 1015852
[2026-06-01 06:34:30]   [geth] exited cleanly after 1s
[2026-06-01 06:34:30]   [cache] OS page cache dropped
Fatal: Could not create the account: account already exists
[2026-06-01 06:34:30]   [geth] Starting (pbt, gd=5, cold=1, dev.period=1, 1tx/block)
[2026-06-01 06:34:30]   [geth] Waiting for RPC...
[2026-06-01 06:34:32]   [geth] RPC ready after 3s
[2026-06-01 06:34:32]   [bench] Running execute remote...
[2026-06-01 06:34:38]   [bench] exit=0 passed=1 failed=0
0 missing_trie_node=0
0
[2026-06-01 06:34:38] 
[2026-06-01 06:34:38]   --- storage_sload_k10_run14 (pbt) write-offset=1400000000 K=10 ---
[2026-06-01 06:34:38]   [geth] Stopping (SIGTERM, waiting up to 120s for clean exit): 1015927
[2026-06-01 06:34:39]   [geth] exited cleanly after 1s
[2026-06-01 06:34:40]   [cache] OS page cache dropped
Fatal: Could not create the account: account already exists
[2026-06-01 06:34:40]   [geth] Starting (pbt, gd=5, cold=1, dev.period=1, 1tx/block)
[2026-06-01 06:34:40]   [geth] Waiting for RPC...
[2026-06-01 06:34:42]   [geth] RPC ready after 3s
[2026-06-01 06:34:42]   [bench] Running execute remote...
[2026-06-01 06:34:48]   [bench] exit=0 passed=1 failed=0
0 missing_trie_node=0
0
[2026-06-01 06:34:48] 
[2026-06-01 06:34:48]   --- storage_sload_k10_run15 (pbt) write-offset=1500000000 K=10 ---
[2026-06-01 06:34:48]   [geth] Stopping (SIGTERM, waiting up to 120s for clean exit): 1016005
[2026-06-01 06:34:49]   [geth] exited cleanly after 1s
[2026-06-01 06:34:49]   [cache] OS page cache dropped
Fatal: Could not create the account: account already exists
[2026-06-01 06:34:49]   [geth] Starting (pbt, gd=5, cold=1, dev.period=1, 1tx/block)
[2026-06-01 06:34:49]   [geth] Waiting for RPC...
[2026-06-01 06:34:51]   [geth] RPC ready after 3s
[2026-06-01 06:34:51]   [bench] Running execute remote...
[2026-06-01 06:34:58]   [bench] exit=0 passed=1 failed=0
0 missing_trie_node=0
0
[2026-06-01 06:34:58] 
[2026-06-01 06:34:58]   --- storage_sload_k10_run16 (pbt) write-offset=1600000000 K=10 ---
[2026-06-01 06:34:58]   [geth] Stopping (SIGTERM, waiting up to 120s for clean exit): 1016093
[2026-06-01 06:34:59]   [geth] exited cleanly after 1s
[2026-06-01 06:35:00]   [cache] OS page cache dropped
Fatal: Could not create the account: account already exists
[2026-06-01 06:35:00]   [geth] Starting (pbt, gd=5, cold=1, dev.period=1, 1tx/block)
[2026-06-01 06:35:00]   [geth] Waiting for RPC...
[2026-06-01 06:35:02]   [geth] RPC ready after 3s
[2026-06-01 06:35:02]   [bench] Running execute remote...
[2026-06-01 06:35:09]   [bench] exit=0 passed=1 failed=0
0 missing_trie_node=0
0
[2026-06-01 06:35:09] 
[2026-06-01 06:35:09]   --- storage_sload_k10_run17 (pbt) write-offset=1700000000 K=10 ---
[2026-06-01 06:35:09]   [geth] Stopping (SIGTERM, waiting up to 120s for clean exit): 1016177
[2026-06-01 06:35:10]   [geth] exited cleanly after 1s
[2026-06-01 06:35:10]   [cache] OS page cache dropped
Fatal: Could not create the account: account already exists
[2026-06-01 06:35:10]   [geth] Starting (pbt, gd=5, cold=1, dev.period=1, 1tx/block)
[2026-06-01 06:35:10]   [geth] Waiting for RPC...
[2026-06-01 06:35:12]   [geth] RPC ready after 3s
[2026-06-01 06:35:12]   [bench] Running execute remote...
[2026-06-01 06:35:18]   [bench] exit=0 passed=1 failed=0
0 missing_trie_node=0
0
[2026-06-01 06:35:18] 
[2026-06-01 06:35:18]   --- storage_sload_k10_run18 (pbt) write-offset=1800000000 K=10 ---
[2026-06-01 06:35:18]   [geth] Stopping (SIGTERM, waiting up to 120s for clean exit): 1016254
[2026-06-01 06:35:19]   [geth] exited cleanly after 1s
[2026-06-01 06:35:19]   [cache] OS page cache dropped
Fatal: Could not create the account: account already exists
[2026-06-01 06:35:19]   [geth] Starting (pbt, gd=5, cold=1, dev.period=1, 1tx/block)
[2026-06-01 06:35:19]   [geth] Waiting for RPC...
[2026-06-01 06:35:22]   [geth] RPC ready after 3s
[2026-06-01 06:35:22]   [bench] Running execute remote...
[2026-06-01 06:35:28]   [bench] exit=0 passed=1 failed=0
0 missing_trie_node=0
0
[2026-06-01 06:35:28] 
[2026-06-01 06:35:28]   --- storage_sload_k10_run19 (pbt) write-offset=1900000000 K=10 ---
[2026-06-01 06:35:28]   [geth] Stopping (SIGTERM, waiting up to 120s for clean exit): 1016336
[2026-06-01 06:35:29]   [geth] exited cleanly after 1s
[2026-06-01 06:35:29]   [cache] OS page cache dropped
Fatal: Could not create the account: account already exists
[2026-06-01 06:35:29]   [geth] Starting (pbt, gd=5, cold=1, dev.period=1, 1tx/block)
[2026-06-01 06:35:29]   [geth] Waiting for RPC...
[2026-06-01 06:35:31]   [geth] RPC ready after 3s
[2026-06-01 06:35:31]   [bench] Running execute remote...
[2026-06-01 06:35:38]   [bench] exit=0 passed=1 failed=0
0 missing_trie_node=0
0
[2026-06-01 06:35:38] 
[2026-06-01 06:35:38]   --- storage_sload_k10_run20 (pbt) write-offset=2000000000 K=10 ---
[2026-06-01 06:35:38]   [geth] Stopping (SIGTERM, waiting up to 120s for clean exit): 1016413
[2026-06-01 06:35:39]   [geth] exited cleanly after 1s
[2026-06-01 06:35:39]   [cache] OS page cache dropped
Fatal: Could not create the account: account already exists
[2026-06-01 06:35:39]   [geth] Starting (pbt, gd=5, cold=1, dev.period=1, 1tx/block)
[2026-06-01 06:35:39]   [geth] Waiting for RPC...
[2026-06-01 06:35:42]   [geth] RPC ready after 3s
[2026-06-01 06:35:42]   [bench] Running execute remote...
[2026-06-01 06:35:49]   [bench] exit=0 passed=1 failed=0
0 missing_trie_node=0
0
[2026-06-01 06:35:49] 
[2026-06-01 06:35:49]   ── BENCHMARK: storage_sload_k100 (pool=256 contracts; effective K=100)
[2026-06-01 06:35:49] 
[2026-06-01 06:35:49]   --- storage_sload_k100_run1 (pbt) write-offset=100000000 K=100 ---
[2026-06-01 06:35:49]   [geth] Stopping (SIGTERM, waiting up to 120s for clean exit): 1016490
[2026-06-01 06:35:50]   [geth] exited cleanly after 1s
[2026-06-01 06:35:50]   [cache] OS page cache dropped
Fatal: Could not create the account: account already exists
[2026-06-01 06:35:50]   [geth] Starting (pbt, gd=5, cold=1, dev.period=1, 1tx/block)
[2026-06-01 06:35:50]   [geth] Waiting for RPC...
[2026-06-01 06:35:52]   [geth] RPC ready after 3s
[2026-06-01 06:35:52]   [bench] Running execute remote...
[2026-06-01 06:35:58]   [bench] exit=0 passed=1 failed=0
0 missing_trie_node=0
0
[2026-06-01 06:35:58] 
[2026-06-01 06:35:58]   --- storage_sload_k100_run2 (pbt) write-offset=200000000 K=100 ---
[2026-06-01 06:35:58]   [geth] Stopping (SIGTERM, waiting up to 120s for clean exit): 1016598
[2026-06-01 06:35:59]   [geth] exited cleanly after 1s
[2026-06-01 06:36:00]   [cache] OS page cache dropped
Fatal: Could not create the account: account already exists
[2026-06-01 06:36:00]   [geth] Starting (pbt, gd=5, cold=1, dev.period=1, 1tx/block)
[2026-06-01 06:36:00]   [geth] Waiting for RPC...
[2026-06-01 06:36:02]   [geth] RPC ready after 3s
[2026-06-01 06:36:02]   [bench] Running execute remote...
[2026-06-01 06:36:08]   [bench] exit=0 passed=1 failed=0
0 missing_trie_node=0
0
[2026-06-01 06:36:08] 
[2026-06-01 06:36:08]   --- storage_sload_k100_run3 (pbt) write-offset=300000000 K=100 ---
[2026-06-01 06:36:08]   [geth] Stopping (SIGTERM, waiting up to 120s for clean exit): 1016675
[2026-06-01 06:36:09]   [geth] exited cleanly after 1s
[2026-06-01 06:36:09]   [cache] OS page cache dropped
Fatal: Could not create the account: account already exists
[2026-06-01 06:36:09]   [geth] Starting (pbt, gd=5, cold=1, dev.period=1, 1tx/block)
[2026-06-01 06:36:09]   [geth] Waiting for RPC...
[2026-06-01 06:36:11]   [geth] RPC ready after 3s
[2026-06-01 06:36:11]   [bench] Running execute remote...
[2026-06-01 06:36:17]   [bench] exit=0 passed=1 failed=0
0 missing_trie_node=0
0
[2026-06-01 06:36:17] 
[2026-06-01 06:36:17]   --- storage_sload_k100_run4 (pbt) write-offset=400000000 K=100 ---
[2026-06-01 06:36:17]   [geth] Stopping (SIGTERM, waiting up to 120s for clean exit): 1016753
[2026-06-01 06:36:18]   [geth] exited cleanly after 1s
[2026-06-01 06:36:19]   [cache] OS page cache dropped
Fatal: Could not create the account: account already exists
[2026-06-01 06:36:19]   [geth] Starting (pbt, gd=5, cold=1, dev.period=1, 1tx/block)
[2026-06-01 06:36:19]   [geth] Waiting for RPC...
[2026-06-01 06:36:21]   [geth] RPC ready after 3s
[2026-06-01 06:36:21]   [bench] Running execute remote...
[2026-06-01 06:36:28]   [bench] exit=0 passed=1 failed=0
0 missing_trie_node=0
0
[2026-06-01 06:36:28] 
[2026-06-01 06:36:28]   --- storage_sload_k100_run5 (pbt) write-offset=500000000 K=100 ---
[2026-06-01 06:36:28]   [geth] Stopping (SIGTERM, waiting up to 120s for clean exit): 1016834
[2026-06-01 06:36:29]   [geth] exited cleanly after 1s
[2026-06-01 06:36:29]   [cache] OS page cache dropped
Fatal: Could not create the account: account already exists
[2026-06-01 06:36:29]   [geth] Starting (pbt, gd=5, cold=1, dev.period=1, 1tx/block)
[2026-06-01 06:36:29]   [geth] Waiting for RPC...
[2026-06-01 06:36:31]   [geth] RPC ready after 3s
[2026-06-01 06:36:31]   [bench] Running execute remote...
[2026-06-01 06:36:37]   [bench] exit=0 passed=1 failed=0
0 missing_trie_node=0
0
[2026-06-01 06:36:37] 
[2026-06-01 06:36:37]   --- storage_sload_k100_run6 (pbt) write-offset=600000000 K=100 ---
[2026-06-01 06:36:37]   [geth] Stopping (SIGTERM, waiting up to 120s for clean exit): 1016913
[2026-06-01 06:36:38]   [geth] exited cleanly after 1s
[2026-06-01 06:36:38]   [cache] OS page cache dropped
Fatal: Could not create the account: account already exists
[2026-06-01 06:36:39]   [geth] Starting (pbt, gd=5, cold=1, dev.period=1, 1tx/block)
[2026-06-01 06:36:39]   [geth] Waiting for RPC...
[2026-06-01 06:36:41]   [geth] RPC ready after 3s
[2026-06-01 06:36:41]   [bench] Running execute remote...
[2026-06-01 06:36:49]   [bench] exit=0 passed=1 failed=0
0 missing_trie_node=0
0
[2026-06-01 06:36:49] 
[2026-06-01 06:36:49]   --- storage_sload_k100_run7 (pbt) write-offset=700000000 K=100 ---
[2026-06-01 06:36:49]   [geth] Stopping (SIGTERM, waiting up to 120s for clean exit): 1016987
[2026-06-01 06:36:50]   [geth] exited cleanly after 1s
[2026-06-01 06:36:50]   [cache] OS page cache dropped
Fatal: Could not create the account: account already exists
[2026-06-01 06:36:50]   [geth] Starting (pbt, gd=5, cold=1, dev.period=1, 1tx/block)
[2026-06-01 06:36:50]   [geth] Waiting for RPC...
[2026-06-01 06:36:52]   [geth] RPC ready after 3s
[2026-06-01 06:36:52]   [bench] Running execute remote...
[2026-06-01 06:36:59]   [bench] exit=0 passed=1 failed=0
0 missing_trie_node=0
0
[2026-06-01 06:36:59] 
[2026-06-01 06:36:59]   --- storage_sload_k100_run8 (pbt) write-offset=800000000 K=100 ---
[2026-06-01 06:36:59]   [geth] Stopping (SIGTERM, waiting up to 120s for clean exit): 1017074
[2026-06-01 06:37:00]   [geth] exited cleanly after 1s
[2026-06-01 06:37:00]   [cache] OS page cache dropped
Fatal: Could not create the account: account already exists
[2026-06-01 06:37:00]   [geth] Starting (pbt, gd=5, cold=1, dev.period=1, 1tx/block)
[2026-06-01 06:37:00]   [geth] Waiting for RPC...
[2026-06-01 06:37:02]   [geth] RPC ready after 3s
[2026-06-01 06:37:03]   [bench] Running execute remote...
[2026-06-01 06:37:10]   [bench] exit=0 passed=1 failed=0
0 missing_trie_node=0
0
[2026-06-01 06:37:10] 
[2026-06-01 06:37:10]   --- storage_sload_k100_run9 (pbt) write-offset=900000000 K=100 ---
[2026-06-01 06:37:10]   [geth] Stopping (SIGTERM, waiting up to 120s for clean exit): 1017151
[2026-06-01 06:37:11]   [geth] exited cleanly after 1s
[2026-06-01 06:37:11]   [cache] OS page cache dropped
Fatal: Could not create the account: account already exists
[2026-06-01 06:37:11]   [geth] Starting (pbt, gd=5, cold=1, dev.period=1, 1tx/block)
[2026-06-01 06:37:11]   [geth] Waiting for RPC...
[2026-06-01 06:37:13]   [geth] RPC ready after 3s
[2026-06-01 06:37:13]   [bench] Running execute remote...
[2026-06-01 06:37:20]   [bench] exit=0 passed=1 failed=0
0 missing_trie_node=0
0
[2026-06-01 06:37:20] 
[2026-06-01 06:37:20]   --- storage_sload_k100_run10 (pbt) write-offset=1000000000 K=100 ---
[2026-06-01 06:37:20]   [geth] Stopping (SIGTERM, waiting up to 120s for clean exit): 1017229
[2026-06-01 06:37:21]   [geth] exited cleanly after 1s
[2026-06-01 06:37:21]   [cache] OS page cache dropped
Fatal: Could not create the account: account already exists
[2026-06-01 06:37:21]   [geth] Starting (pbt, gd=5, cold=1, dev.period=1, 1tx/block)
[2026-06-01 06:37:21]   [geth] Waiting for RPC...
[2026-06-01 06:37:23]   [geth] RPC ready after 3s
[2026-06-01 06:37:23]   [bench] Running execute remote...
[2026-06-01 06:37:31]   [bench] exit=0 passed=1 failed=0
0 missing_trie_node=0
0
[2026-06-01 06:37:31] 
[2026-06-01 06:37:31]   --- storage_sload_k100_run11 (pbt) write-offset=1100000000 K=100 ---
[2026-06-01 06:37:31]   [geth] Stopping (SIGTERM, waiting up to 120s for clean exit): 1017313
[2026-06-01 06:37:32]   [geth] exited cleanly after 1s
[2026-06-01 06:37:32]   [cache] OS page cache dropped
Fatal: Could not create the account: account already exists
[2026-06-01 06:37:32]   [geth] Starting (pbt, gd=5, cold=1, dev.period=1, 1tx/block)
[2026-06-01 06:37:32]   [geth] Waiting for RPC...
[2026-06-01 06:37:34]   [geth] RPC ready after 3s
[2026-06-01 06:37:34]   [bench] Running execute remote...
[2026-06-01 06:37:41]   [bench] exit=0 passed=1 failed=0
0 missing_trie_node=0
0
[2026-06-01 06:37:41] 
[2026-06-01 06:37:41]   --- storage_sload_k100_run12 (pbt) write-offset=1200000000 K=100 ---
[2026-06-01 06:37:41]   [geth] Stopping (SIGTERM, waiting up to 120s for clean exit): 1017386
[2026-06-01 06:37:42]   [geth] exited cleanly after 1s
[2026-06-01 06:37:42]   [cache] OS page cache dropped
Fatal: Could not create the account: account already exists
[2026-06-01 06:37:42]   [geth] Starting (pbt, gd=5, cold=1, dev.period=1, 1tx/block)
[2026-06-01 06:37:42]   [geth] Waiting for RPC...
[2026-06-01 06:37:44]   [geth] RPC ready after 3s
[2026-06-01 06:37:44]   [bench] Running execute remote...
[2026-06-01 06:37:51]   [bench] exit=0 passed=1 failed=0
0 missing_trie_node=0
0
[2026-06-01 06:37:51] 
[2026-06-01 06:37:51]   --- storage_sload_k100_run13 (pbt) write-offset=1300000000 K=100 ---
[2026-06-01 06:37:51]   [geth] Stopping (SIGTERM, waiting up to 120s for clean exit): 1017465
[2026-06-01 06:37:52]   [geth] exited cleanly after 1s
[2026-06-01 06:37:53]   [cache] OS page cache dropped
Fatal: Could not create the account: account already exists
[2026-06-01 06:37:53]   [geth] Starting (pbt, gd=5, cold=1, dev.period=1, 1tx/block)
[2026-06-01 06:37:53]   [geth] Waiting for RPC...
[2026-06-01 06:37:55]   [geth] RPC ready after 3s
[2026-06-01 06:37:55]   [bench] Running execute remote...
[2026-06-01 06:38:01]   [bench] exit=0 passed=1 failed=0
0 missing_trie_node=0
0
[2026-06-01 06:38:01] 
[2026-06-01 06:38:01]   --- storage_sload_k100_run14 (pbt) write-offset=1400000000 K=100 ---
[2026-06-01 06:38:01]   [geth] Stopping (SIGTERM, waiting up to 120s for clean exit): 1017552
[2026-06-01 06:38:02]   [geth] exited cleanly after 1s
[2026-06-01 06:38:02]   [cache] OS page cache dropped
Fatal: Could not create the account: account already exists
[2026-06-01 06:38:02]   [geth] Starting (pbt, gd=5, cold=1, dev.period=1, 1tx/block)
[2026-06-01 06:38:02]   [geth] Waiting for RPC...
[2026-06-01 06:38:04]   [geth] RPC ready after 3s
[2026-06-01 06:38:04]   [bench] Running execute remote...
[2026-06-01 06:38:11]   [bench] exit=0 passed=1 failed=0
0 missing_trie_node=0
0
[2026-06-01 06:38:11] 
[2026-06-01 06:38:11]   --- storage_sload_k100_run15 (pbt) write-offset=1500000000 K=100 ---
[2026-06-01 06:38:11]   [geth] Stopping (SIGTERM, waiting up to 120s for clean exit): 1017628
[2026-06-01 06:38:12]   [geth] exited cleanly after 1s
[2026-06-01 06:38:12]   [cache] OS page cache dropped
Fatal: Could not create the account: account already exists
[2026-06-01 06:38:13]   [geth] Starting (pbt, gd=5, cold=1, dev.period=1, 1tx/block)
[2026-06-01 06:38:13]   [geth] Waiting for RPC...
[2026-06-01 06:38:15]   [geth] RPC ready after 3s
[2026-06-01 06:38:15]   [bench] Running execute remote...
[2026-06-01 06:38:22]   [bench] exit=0 passed=1 failed=0
0 missing_trie_node=0
0
[2026-06-01 06:38:22] 
[2026-06-01 06:38:22]   --- storage_sload_k100_run16 (pbt) write-offset=1600000000 K=100 ---
[2026-06-01 06:38:22]   [geth] Stopping (SIGTERM, waiting up to 120s for clean exit): 1017705
[2026-06-01 06:38:23]   [geth] exited cleanly after 1s
[2026-06-01 06:38:23]   [cache] OS page cache dropped
Fatal: Could not create the account: account already exists
[2026-06-01 06:38:23]   [geth] Starting (pbt, gd=5, cold=1, dev.period=1, 1tx/block)
[2026-06-01 06:38:23]   [geth] Waiting for RPC...
[2026-06-01 06:38:25]   [geth] RPC ready after 3s
[2026-06-01 06:38:25]   [bench] Running execute remote...
[2026-06-01 06:38:32]   [bench] exit=0 passed=1 failed=0
0 missing_trie_node=0
0
[2026-06-01 06:38:32] 
[2026-06-01 06:38:32]   --- storage_sload_k100_run17 (pbt) write-offset=1700000000 K=100 ---
[2026-06-01 06:38:32]   [geth] Stopping (SIGTERM, waiting up to 120s for clean exit): 1017789
[2026-06-01 06:38:33]   [geth] exited cleanly after 1s
[2026-06-01 06:38:33]   [cache] OS page cache dropped
Fatal: Could not create the account: account already exists
[2026-06-01 06:38:33]   [geth] Starting (pbt, gd=5, cold=1, dev.period=1, 1tx/block)
[2026-06-01 06:38:33]   [geth] Waiting for RPC...
[2026-06-01 06:38:35]   [geth] RPC ready after 3s
[2026-06-01 06:38:35]   [bench] Running execute remote...
[2026-06-01 06:38:43]   [bench] exit=0 passed=1 failed=0
0 missing_trie_node=0
0
[2026-06-01 06:38:43] 
[2026-06-01 06:38:43]   --- storage_sload_k100_run18 (pbt) write-offset=1800000000 K=100 ---
[2026-06-01 06:38:43]   [geth] Stopping (SIGTERM, waiting up to 120s for clean exit): 1017865
[2026-06-01 06:38:44]   [geth] exited cleanly after 1s
[2026-06-01 06:38:44]   [cache] OS page cache dropped
Fatal: Could not create the account: account already exists
[2026-06-01 06:38:44]   [geth] Starting (pbt, gd=5, cold=1, dev.period=1, 1tx/block)
[2026-06-01 06:38:44]   [geth] Waiting for RPC...
[2026-06-01 06:38:46]   [geth] RPC ready after 3s
[2026-06-01 06:38:46]   [bench] Running execute remote...
[2026-06-01 06:38:53]   [bench] exit=0 passed=1 failed=0
0 missing_trie_node=0
0
[2026-06-01 06:38:53] 
[2026-06-01 06:38:53]   --- storage_sload_k100_run19 (pbt) write-offset=1900000000 K=100 ---
[2026-06-01 06:38:53]   [geth] Stopping (SIGTERM, waiting up to 120s for clean exit): 1017940
[2026-06-01 06:38:54]   [geth] exited cleanly after 1s
[2026-06-01 06:38:54]   [cache] OS page cache dropped
Fatal: Could not create the account: account already exists
[2026-06-01 06:38:54]   [geth] Starting (pbt, gd=5, cold=1, dev.period=1, 1tx/block)
[2026-06-01 06:38:54]   [geth] Waiting for RPC...
[2026-06-01 06:38:56]   [geth] RPC ready after 3s
[2026-06-01 06:38:56]   [bench] Running execute remote...
[2026-06-01 06:39:04]   [bench] exit=0 passed=1 failed=0
0 missing_trie_node=0
0
[2026-06-01 06:39:04] 
[2026-06-01 06:39:04]   --- storage_sload_k100_run20 (pbt) write-offset=2000000000 K=100 ---
[2026-06-01 06:39:04]   [geth] Stopping (SIGTERM, waiting up to 120s for clean exit): 1018024
[2026-06-01 06:39:05]   [geth] exited cleanly after 1s
[2026-06-01 06:39:05]   [cache] OS page cache dropped
Fatal: Could not create the account: account already exists
[2026-06-01 06:39:05]   [geth] Starting (pbt, gd=5, cold=1, dev.period=1, 1tx/block)
[2026-06-01 06:39:05]   [geth] Waiting for RPC...
[2026-06-01 06:39:07]   [geth] RPC ready after 3s
[2026-06-01 06:39:07]   [bench] Running execute remote...
[2026-06-01 06:39:13]   [bench] exit=0 passed=1 failed=0
0 missing_trie_node=0
0
[2026-06-01 06:39:13] 
[2026-06-01 06:39:13]   ── BENCHMARK: storage_sload_k256 (pool=256 contracts; effective K=256)
[2026-06-01 06:39:13] 
[2026-06-01 06:39:13]   --- storage_sload_k256_run1 (pbt) write-offset=100000000 K=256 ---
[2026-06-01 06:39:13]   [geth] Stopping (SIGTERM, waiting up to 120s for clean exit): 1018100
[2026-06-01 06:39:14]   [geth] exited cleanly after 1s
[2026-06-01 06:39:14]   [cache] OS page cache dropped
Fatal: Could not create the account: account already exists
[2026-06-01 06:39:14]   [geth] Starting (pbt, gd=5, cold=1, dev.period=1, 1tx/block)
[2026-06-01 06:39:14]   [geth] Waiting for RPC...
[2026-06-01 06:39:16]   [geth] RPC ready after 3s
[2026-06-01 06:39:16]   [bench] Running execute remote...
[2026-06-01 06:39:22]   [bench] exit=0 passed=1 failed=0
0 missing_trie_node=0
0
[2026-06-01 06:39:22] 
[2026-06-01 06:39:22]   --- storage_sload_k256_run2 (pbt) write-offset=200000000 K=256 ---
[2026-06-01 06:39:22]   [geth] Stopping (SIGTERM, waiting up to 120s for clean exit): 1018202
[2026-06-01 06:39:23]   [geth] exited cleanly after 1s
[2026-06-01 06:39:24]   [cache] OS page cache dropped
Fatal: Could not create the account: account already exists
[2026-06-01 06:39:24]   [geth] Starting (pbt, gd=5, cold=1, dev.period=1, 1tx/block)
[2026-06-01 06:39:24]   [geth] Waiting for RPC...
[2026-06-01 06:39:26]   [geth] RPC ready after 3s
[2026-06-01 06:39:26]   [bench] Running execute remote...
[2026-06-01 06:39:33]   [bench] exit=0 passed=1 failed=0
0 missing_trie_node=0
0
[2026-06-01 06:39:33] 
[2026-06-01 06:39:33]   --- storage_sload_k256_run3 (pbt) write-offset=300000000 K=256 ---
[2026-06-01 06:39:33]   [geth] Stopping (SIGTERM, waiting up to 120s for clean exit): 1018285
[2026-06-01 06:39:34]   [geth] exited cleanly after 1s
[2026-06-01 06:39:34]   [cache] OS page cache dropped
Fatal: Could not create the account: account already exists
[2026-06-01 06:39:34]   [geth] Starting (pbt, gd=5, cold=1, dev.period=1, 1tx/block)
[2026-06-01 06:39:34]   [geth] Waiting for RPC...
[2026-06-01 06:39:36]   [geth] RPC ready after 3s
[2026-06-01 06:39:36]   [bench] Running execute remote...
[2026-06-01 06:39:42]   [bench] exit=0 passed=1 failed=0
0 missing_trie_node=0
0
[2026-06-01 06:39:42] 
[2026-06-01 06:39:42]   --- storage_sload_k256_run4 (pbt) write-offset=400000000 K=256 ---
[2026-06-01 06:39:42]   [geth] Stopping (SIGTERM, waiting up to 120s for clean exit): 1018361
[2026-06-01 06:39:43]   [geth] exited cleanly after 1s
[2026-06-01 06:39:43]   [cache] OS page cache dropped
Fatal: Could not create the account: account already exists
[2026-06-01 06:39:44]   [geth] Starting (pbt, gd=5, cold=1, dev.period=1, 1tx/block)
[2026-06-01 06:39:44]   [geth] Waiting for RPC...
[2026-06-01 06:39:46]   [geth] RPC ready after 3s
[2026-06-01 06:39:46]   [bench] Running execute remote...
[2026-06-01 06:39:53]   [bench] exit=0 passed=1 failed=0
0 missing_trie_node=0
0
[2026-06-01 06:39:53] 
[2026-06-01 06:39:53]   --- storage_sload_k256_run5 (pbt) write-offset=500000000 K=256 ---
[2026-06-01 06:39:53]   [geth] Stopping (SIGTERM, waiting up to 120s for clean exit): 1018438
[2026-06-01 06:39:54]   [geth] exited cleanly after 1s
[2026-06-01 06:39:54]   [cache] OS page cache dropped
Fatal: Could not create the account: account already exists
[2026-06-01 06:39:54]   [geth] Starting (pbt, gd=5, cold=1, dev.period=1, 1tx/block)
[2026-06-01 06:39:54]   [geth] Waiting for RPC...
[2026-06-01 06:39:56]   [geth] RPC ready after 3s
[2026-06-01 06:39:56]   [bench] Running execute remote...
[2026-06-01 06:40:02]   [bench] exit=0 passed=1 failed=0
0 missing_trie_node=0
0
[2026-06-01 06:40:02] 
[2026-06-01 06:40:02]   --- storage_sload_k256_run6 (pbt) write-offset=600000000 K=256 ---
[2026-06-01 06:40:02]   [geth] Stopping (SIGTERM, waiting up to 120s for clean exit): 1018522
[2026-06-01 06:40:03]   [geth] exited cleanly after 1s
[2026-06-01 06:40:03]   [cache] OS page cache dropped
Fatal: Could not create the account: account already exists
[2026-06-01 06:40:03]   [geth] Starting (pbt, gd=5, cold=1, dev.period=1, 1tx/block)
[2026-06-01 06:40:03]   [geth] Waiting for RPC...
[2026-06-01 06:40:06]   [geth] RPC ready after 3s
[2026-06-01 06:40:06]   [bench] Running execute remote...
[2026-06-01 06:40:12]   [bench] exit=0 passed=1 failed=0
0 missing_trie_node=0
0
[2026-06-01 06:40:12] 
[2026-06-01 06:40:12]   --- storage_sload_k256_run7 (pbt) write-offset=700000000 K=256 ---
[2026-06-01 06:40:12]   [geth] Stopping (SIGTERM, waiting up to 120s for clean exit): 1018597
[2026-06-01 06:40:13]   [geth] exited cleanly after 1s
[2026-06-01 06:40:13]   [cache] OS page cache dropped
Fatal: Could not create the account: account already exists
[2026-06-01 06:40:13]   [geth] Starting (pbt, gd=5, cold=1, dev.period=1, 1tx/block)
[2026-06-01 06:40:13]   [geth] Waiting for RPC...
[2026-06-01 06:40:15]   [geth] RPC ready after 3s
[2026-06-01 06:40:15]   [bench] Running execute remote...
[2026-06-01 06:40:23]   [bench] exit=0 passed=1 failed=0
0 missing_trie_node=0
0
[2026-06-01 06:40:23] 
[2026-06-01 06:40:23]   --- storage_sload_k256_run8 (pbt) write-offset=800000000 K=256 ---
[2026-06-01 06:40:23]   [geth] Stopping (SIGTERM, waiting up to 120s for clean exit): 1018672
[2026-06-01 06:40:24]   [geth] exited cleanly after 1s
[2026-06-01 06:40:24]   [cache] OS page cache dropped
Fatal: Could not create the account: account already exists
[2026-06-01 06:40:24]   [geth] Starting (pbt, gd=5, cold=1, dev.period=1, 1tx/block)
[2026-06-01 06:40:24]   [geth] Waiting for RPC...
[2026-06-01 06:40:26]   [geth] RPC ready after 3s
[2026-06-01 06:40:26]   [bench] Running execute remote...
[2026-06-01 06:40:34]   [bench] exit=0 passed=1 failed=0
0 missing_trie_node=0
0
[2026-06-01 06:40:34] 
[2026-06-01 06:40:34]   --- storage_sload_k256_run9 (pbt) write-offset=900000000 K=256 ---
[2026-06-01 06:40:34]   [geth] Stopping (SIGTERM, waiting up to 120s for clean exit): 1018767
[2026-06-01 06:40:35]   [geth] exited cleanly after 1s
[2026-06-01 06:40:35]   [cache] OS page cache dropped
Fatal: Could not create the account: account already exists
[2026-06-01 06:40:35]   [geth] Starting (pbt, gd=5, cold=1, dev.period=1, 1tx/block)
[2026-06-01 06:40:35]   [geth] Waiting for RPC...
[2026-06-01 06:40:37]   [geth] RPC ready after 3s
[2026-06-01 06:40:37]   [bench] Running execute remote...
[2026-06-01 06:40:44]   [bench] exit=0 passed=1 failed=0
0 missing_trie_node=0
0
[2026-06-01 06:40:44] 
[2026-06-01 06:40:44]   --- storage_sload_k256_run10 (pbt) write-offset=1000000000 K=256 ---
[2026-06-01 06:40:44]   [geth] Stopping (SIGTERM, waiting up to 120s for clean exit): 1018844
[2026-06-01 06:40:45]   [geth] exited cleanly after 1s
[2026-06-01 06:40:45]   [cache] OS page cache dropped
Fatal: Could not create the account: account already exists
[2026-06-01 06:40:45]   [geth] Starting (pbt, gd=5, cold=1, dev.period=1, 1tx/block)
[2026-06-01 06:40:45]   [geth] Waiting for RPC...
[2026-06-01 06:40:47]   [geth] RPC ready after 3s
[2026-06-01 06:40:47]   [bench] Running execute remote...
[2026-06-01 06:40:53]   [bench] exit=0 passed=1 failed=0
0 missing_trie_node=0
0
[2026-06-01 06:40:53] 
[2026-06-01 06:40:53]   --- storage_sload_k256_run11 (pbt) write-offset=1100000000 K=256 ---
[2026-06-01 06:40:53]   [geth] Stopping (SIGTERM, waiting up to 120s for clean exit): 1018924
[2026-06-01 06:40:54]   [geth] exited cleanly after 1s
[2026-06-01 06:40:55]   [cache] OS page cache dropped
Fatal: Could not create the account: account already exists
[2026-06-01 06:40:55]   [geth] Starting (pbt, gd=5, cold=1, dev.period=1, 1tx/block)
[2026-06-01 06:40:55]   [geth] Waiting for RPC...
[2026-06-01 06:40:57]   [geth] RPC ready after 3s
[2026-06-01 06:40:57]   [bench] Running execute remote...
[2026-06-01 06:41:04]   [bench] exit=0 passed=1 failed=0
0 missing_trie_node=0
0
[2026-06-01 06:41:04] 
[2026-06-01 06:41:04]   --- storage_sload_k256_run12 (pbt) write-offset=1200000000 K=256 ---
[2026-06-01 06:41:04]   [geth] Stopping (SIGTERM, waiting up to 120s for clean exit): 1019010
[2026-06-01 06:41:05]   [geth] exited cleanly after 1s
[2026-06-01 06:41:05]   [cache] OS page cache dropped
Fatal: Could not create the account: account already exists
[2026-06-01 06:41:05]   [geth] Starting (pbt, gd=5, cold=1, dev.period=1, 1tx/block)
[2026-06-01 06:41:05]   [geth] Waiting for RPC...
[2026-06-01 06:41:07]   [geth] RPC ready after 3s
[2026-06-01 06:41:07]   [bench] Running execute remote...
[2026-06-01 06:41:14]   [bench] exit=0 passed=1 failed=0
0 missing_trie_node=0
0
[2026-06-01 06:41:14] 
[2026-06-01 06:41:14]   --- storage_sload_k256_run13 (pbt) write-offset=1300000000 K=256 ---
[2026-06-01 06:41:14]   [geth] Stopping (SIGTERM, waiting up to 120s for clean exit): 1019087
[2026-06-01 06:41:15]   [geth] exited cleanly after 1s
[2026-06-01 06:41:15]   [cache] OS page cache dropped
Fatal: Could not create the account: account already exists
[2026-06-01 06:41:15]   [geth] Starting (pbt, gd=5, cold=1, dev.period=1, 1tx/block)
[2026-06-01 06:41:15]   [geth] Waiting for RPC...
[2026-06-01 06:41:17]   [geth] RPC ready after 3s
[2026-06-01 06:41:18]   [bench] Running execute remote...
[2026-06-01 06:41:24]   [bench] exit=0 passed=1 failed=0
0 missing_trie_node=0
0
[2026-06-01 06:41:24] 
[2026-06-01 06:41:24]   --- storage_sload_k256_run14 (pbt) write-offset=1400000000 K=256 ---
[2026-06-01 06:41:24]   [geth] Stopping (SIGTERM, waiting up to 120s for clean exit): 1019162
[2026-06-01 06:41:25]   [geth] exited cleanly after 1s
[2026-06-01 06:41:25]   [cache] OS page cache dropped
Fatal: Could not create the account: account already exists
[2026-06-01 06:41:25]   [geth] Starting (pbt, gd=5, cold=1, dev.period=1, 1tx/block)
[2026-06-01 06:41:25]   [geth] Waiting for RPC...
[2026-06-01 06:41:27]   [geth] RPC ready after 3s
[2026-06-01 06:41:27]   [bench] Running execute remote...
[2026-06-01 06:41:33]   [bench] exit=0 passed=1 failed=0
0 missing_trie_node=0
0
[2026-06-01 06:41:33] 
[2026-06-01 06:41:33]   --- storage_sload_k256_run15 (pbt) write-offset=1500000000 K=256 ---
[2026-06-01 06:41:33]   [geth] Stopping (SIGTERM, waiting up to 120s for clean exit): 1019243
[2026-06-01 06:41:34]   [geth] exited cleanly after 1s
[2026-06-01 06:41:34]   [cache] OS page cache dropped
Fatal: Could not create the account: account already exists
[2026-06-01 06:41:34]   [geth] Starting (pbt, gd=5, cold=1, dev.period=1, 1tx/block)
[2026-06-01 06:41:34]   [geth] Waiting for RPC...
[2026-06-01 06:41:36]   [geth] RPC ready after 3s
[2026-06-01 06:41:36]   [bench] Running execute remote...
[2026-06-01 06:41:44]   [bench] exit=0 passed=1 failed=0
0 missing_trie_node=0
0
[2026-06-01 06:41:44] 
[2026-06-01 06:41:44]   --- storage_sload_k256_run16 (pbt) write-offset=1600000000 K=256 ---
[2026-06-01 06:41:44]   [geth] Stopping (SIGTERM, waiting up to 120s for clean exit): 1019316
[2026-06-01 06:41:45]   [geth] exited cleanly after 1s
[2026-06-01 06:41:45]   [cache] OS page cache dropped
Fatal: Could not create the account: account already exists
[2026-06-01 06:41:45]   [geth] Starting (pbt, gd=5, cold=1, dev.period=1, 1tx/block)
[2026-06-01 06:41:45]   [geth] Waiting for RPC...
[2026-06-01 06:41:47]   [geth] RPC ready after 3s
[2026-06-01 06:41:47]   [bench] Running execute remote...
[2026-06-01 06:41:53]   [bench] exit=0 passed=1 failed=0
0 missing_trie_node=0
0
[2026-06-01 06:41:53] 
[2026-06-01 06:41:53]   --- storage_sload_k256_run17 (pbt) write-offset=1700000000 K=256 ---
[2026-06-01 06:41:53]   [geth] Stopping (SIGTERM, waiting up to 120s for clean exit): 1019393
[2026-06-01 06:41:54]   [geth] exited cleanly after 1s
[2026-06-01 06:41:54]   [cache] OS page cache dropped
Fatal: Could not create the account: account already exists
[2026-06-01 06:41:54]   [geth] Starting (pbt, gd=5, cold=1, dev.period=1, 1tx/block)
[2026-06-01 06:41:54]   [geth] Waiting for RPC...
[2026-06-01 06:41:56]   [geth] RPC ready after 3s
[2026-06-01 06:41:56]   [bench] Running execute remote...
[2026-06-01 06:42:03]   [bench] exit=0 passed=1 failed=0
0 missing_trie_node=0
0
[2026-06-01 06:42:03] 
[2026-06-01 06:42:03]   --- storage_sload_k256_run18 (pbt) write-offset=1800000000 K=256 ---
[2026-06-01 06:42:03]   [geth] Stopping (SIGTERM, waiting up to 120s for clean exit): 1019478
[2026-06-01 06:42:04]   [geth] exited cleanly after 1s
[2026-06-01 06:42:05]   [cache] OS page cache dropped
Fatal: Could not create the account: account already exists
[2026-06-01 06:42:05]   [geth] Starting (pbt, gd=5, cold=1, dev.period=1, 1tx/block)
[2026-06-01 06:42:05]   [geth] Waiting for RPC...
[2026-06-01 06:42:07]   [geth] RPC ready after 3s
[2026-06-01 06:42:07]   [bench] Running execute remote...
[2026-06-01 06:42:13]   [bench] exit=0 passed=1 failed=0
0 missing_trie_node=0
0
[2026-06-01 06:42:13] 
[2026-06-01 06:42:13]   --- storage_sload_k256_run19 (pbt) write-offset=1900000000 K=256 ---
[2026-06-01 06:42:13]   [geth] Stopping (SIGTERM, waiting up to 120s for clean exit): 1019658
[2026-06-01 06:42:14]   [geth] exited cleanly after 1s
[2026-06-01 06:42:14]   [cache] OS page cache dropped
Fatal: Could not create the account: account already exists
[2026-06-01 06:42:14]   [geth] Starting (pbt, gd=5, cold=1, dev.period=1, 1tx/block)
[2026-06-01 06:42:14]   [geth] Waiting for RPC...
[2026-06-01 06:42:16]   [geth] RPC ready after 3s
[2026-06-01 06:42:16]   [bench] Running execute remote...
[2026-06-01 06:42:22]   [bench] exit=0 passed=1 failed=0
0 missing_trie_node=0
0
[2026-06-01 06:42:22] 
[2026-06-01 06:42:22]   --- storage_sload_k256_run20 (pbt) write-offset=2000000000 K=256 ---
[2026-06-01 06:42:22]   [geth] Stopping (SIGTERM, waiting up to 120s for clean exit): 1019734
[2026-06-01 06:42:24]   [geth] exited cleanly after 1s
[2026-06-01 06:42:24]   [cache] OS page cache dropped
Fatal: Could not create the account: account already exists
[2026-06-01 06:42:24]   [geth] Starting (pbt, gd=5, cold=1, dev.period=1, 1tx/block)
[2026-06-01 06:42:24]   [geth] Waiting for RPC...
[2026-06-01 06:42:26]   [geth] RPC ready after 3s
[2026-06-01 06:42:26]   [bench] Running execute remote...
[2026-06-01 06:42:32]   [bench] exit=0 passed=1 failed=0
0 missing_trie_node=0
0
[2026-06-01 06:42:32] 
[2026-06-01 06:42:32]   ── BENCHMARK: storage_sstore_k1 (pool=256 contracts; effective K=1)
[2026-06-01 06:42:32] 
[2026-06-01 06:42:32]   --- storage_sstore_k1_run1 (pbt) write-offset=100000000 K=1 ---
[2026-06-01 06:42:32]   [geth] Stopping (SIGTERM, waiting up to 120s for clean exit): 1019816
[2026-06-01 06:42:33]   [geth] exited cleanly after 1s
[2026-06-01 06:42:33]   [cache] OS page cache dropped
Fatal: Could not create the account: account already exists
[2026-06-01 06:42:33]   [geth] Starting (pbt, gd=5, cold=1, dev.period=1, 1tx/block)
[2026-06-01 06:42:33]   [geth] Waiting for RPC...
[2026-06-01 06:42:35]   [geth] RPC ready after 3s
[2026-06-01 06:42:35]   [bench] Running execute remote...
[2026-06-01 06:42:41]   [bench] exit=0 passed=1 failed=0
0 missing_trie_node=0
0
[2026-06-01 06:42:41] 
[2026-06-01 06:42:41]   --- storage_sstore_k1_run2 (pbt) write-offset=200000000 K=1 ---
[2026-06-01 06:42:41]   [geth] Stopping (SIGTERM, waiting up to 120s for clean exit): 1019916
[2026-06-01 06:42:42]   [geth] exited cleanly after 1s
[2026-06-01 06:42:43]   [cache] OS page cache dropped
Fatal: Could not create the account: account already exists
[2026-06-01 06:42:43]   [geth] Starting (pbt, gd=5, cold=1, dev.period=1, 1tx/block)
[2026-06-01 06:42:43]   [geth] Waiting for RPC...
[2026-06-01 06:42:45]   [geth] RPC ready after 3s
[2026-06-01 06:42:45]   [bench] Running execute remote...
[2026-06-01 06:42:51]   [bench] exit=0 passed=1 failed=0
0 missing_trie_node=0
0
[2026-06-01 06:42:51] 
[2026-06-01 06:42:51]   --- storage_sstore_k1_run3 (pbt) write-offset=300000000 K=1 ---
[2026-06-01 06:42:51]   [geth] Stopping (SIGTERM, waiting up to 120s for clean exit): 1019991
[2026-06-01 06:42:52]   [geth] exited cleanly after 1s
[2026-06-01 06:42:52]   [cache] OS page cache dropped
Fatal: Could not create the account: account already exists
[2026-06-01 06:42:52]   [geth] Starting (pbt, gd=5, cold=1, dev.period=1, 1tx/block)
[2026-06-01 06:42:52]   [geth] Waiting for RPC...
[2026-06-01 06:42:54]   [geth] RPC ready after 3s
[2026-06-01 06:42:54]   [bench] Running execute remote...
[2026-06-01 06:43:00]   [bench] exit=0 passed=1 failed=0
0 missing_trie_node=0
0
[2026-06-01 06:43:00] 
[2026-06-01 06:43:00]   --- storage_sstore_k1_run4 (pbt) write-offset=400000000 K=1 ---
[2026-06-01 06:43:00]   [geth] Stopping (SIGTERM, waiting up to 120s for clean exit): 1020074
[2026-06-01 06:43:01]   [geth] exited cleanly after 1s
[2026-06-01 06:43:01]   [cache] OS page cache dropped
Fatal: Could not create the account: account already exists
[2026-06-01 06:43:01]   [geth] Starting (pbt, gd=5, cold=1, dev.period=1, 1tx/block)
[2026-06-01 06:43:01]   [geth] Waiting for RPC...
[2026-06-01 06:43:04]   [geth] RPC ready after 3s
[2026-06-01 06:43:04]   [bench] Running execute remote...
[2026-06-01 06:43:10]   [bench] exit=0 passed=1 failed=0
0 missing_trie_node=0
0
[2026-06-01 06:43:10] 
[2026-06-01 06:43:10]   --- storage_sstore_k1_run5 (pbt) write-offset=500000000 K=1 ---
[2026-06-01 06:43:10]   [geth] Stopping (SIGTERM, waiting up to 120s for clean exit): 1020148
[2026-06-01 06:43:11]   [geth] exited cleanly after 1s
[2026-06-01 06:43:11]   [cache] OS page cache dropped
Fatal: Could not create the account: account already exists
[2026-06-01 06:43:11]   [geth] Starting (pbt, gd=5, cold=1, dev.period=1, 1tx/block)
[2026-06-01 06:43:11]   [geth] Waiting for RPC...
[2026-06-01 06:43:13]   [geth] RPC ready after 3s
[2026-06-01 06:43:13]   [bench] Running execute remote...
[2026-06-01 06:43:19]   [bench] exit=0 passed=1 failed=0
0 missing_trie_node=0
0
[2026-06-01 06:43:19] 
[2026-06-01 06:43:19]   --- storage_sstore_k1_run6 (pbt) write-offset=600000000 K=1 ---
[2026-06-01 06:43:19]   [geth] Stopping (SIGTERM, waiting up to 120s for clean exit): 1020224
[2026-06-01 06:43:20]   [geth] exited cleanly after 1s
[2026-06-01 06:43:20]   [cache] OS page cache dropped
Fatal: Could not create the account: account already exists
[2026-06-01 06:43:20]   [geth] Starting (pbt, gd=5, cold=1, dev.period=1, 1tx/block)
[2026-06-01 06:43:20]   [geth] Waiting for RPC...
[2026-06-01 06:43:22]   [geth] RPC ready after 3s
[2026-06-01 06:43:23]   [bench] Running execute remote...
[2026-06-01 06:43:29]   [bench] exit=0 passed=1 failed=0
0 missing_trie_node=0
0
[2026-06-01 06:43:29] 
[2026-06-01 06:43:29]   --- storage_sstore_k1_run7 (pbt) write-offset=700000000 K=1 ---
[2026-06-01 06:43:29]   [geth] Stopping (SIGTERM, waiting up to 120s for clean exit): 1020306
[2026-06-01 06:43:30]   [geth] exited cleanly after 1s
[2026-06-01 06:43:30]   [cache] OS page cache dropped
Fatal: Could not create the account: account already exists
[2026-06-01 06:43:30]   [geth] Starting (pbt, gd=5, cold=1, dev.period=1, 1tx/block)
[2026-06-01 06:43:30]   [geth] Waiting for RPC...
[2026-06-01 06:43:32]   [geth] RPC ready after 3s
[2026-06-01 06:43:32]   [bench] Running execute remote...
[2026-06-01 06:43:38]   [bench] exit=0 passed=1 failed=0
0 missing_trie_node=0
0
[2026-06-01 06:43:38] 
[2026-06-01 06:43:38]   --- storage_sstore_k1_run8 (pbt) write-offset=800000000 K=1 ---
[2026-06-01 06:43:38]   [geth] Stopping (SIGTERM, waiting up to 120s for clean exit): 1020381
[2026-06-01 06:43:39]   [geth] exited cleanly after 1s
[2026-06-01 06:43:39]   [cache] OS page cache dropped
Fatal: Could not create the account: account already exists
[2026-06-01 06:43:39]   [geth] Starting (pbt, gd=5, cold=1, dev.period=1, 1tx/block)
[2026-06-01 06:43:39]   [geth] Waiting for RPC...
[2026-06-01 06:43:41]   [geth] RPC ready after 3s
[2026-06-01 06:43:41]   [bench] Running execute remote...
[2026-06-01 06:43:47]   [bench] exit=0 passed=1 failed=0
0 missing_trie_node=0
0
[2026-06-01 06:43:47] 
[2026-06-01 06:43:47]   --- storage_sstore_k1_run9 (pbt) write-offset=900000000 K=1 ---
[2026-06-01 06:43:47]   [geth] Stopping (SIGTERM, waiting up to 120s for clean exit): 1020455
[2026-06-01 06:43:48]   [geth] exited cleanly after 1s
[2026-06-01 06:43:49]   [cache] OS page cache dropped
Fatal: Could not create the account: account already exists
[2026-06-01 06:43:49]   [geth] Starting (pbt, gd=5, cold=1, dev.period=1, 1tx/block)
[2026-06-01 06:43:49]   [geth] Waiting for RPC...
[2026-06-01 06:43:51]   [geth] RPC ready after 3s
[2026-06-01 06:43:51]   [bench] Running execute remote...
[2026-06-01 06:43:57]   [bench] exit=0 passed=1 failed=0
0 missing_trie_node=0
0
[2026-06-01 06:43:57] 
[2026-06-01 06:43:57]   --- storage_sstore_k1_run10 (pbt) write-offset=1000000000 K=1 ---
[2026-06-01 06:43:57]   [geth] Stopping (SIGTERM, waiting up to 120s for clean exit): 1020541
[2026-06-01 06:43:58]   [geth] exited cleanly after 1s
[2026-06-01 06:43:58]   [cache] OS page cache dropped
Fatal: Could not create the account: account already exists
[2026-06-01 06:43:58]   [geth] Starting (pbt, gd=5, cold=1, dev.period=1, 1tx/block)
[2026-06-01 06:43:58]   [geth] Waiting for RPC...
[2026-06-01 06:44:00]   [geth] RPC ready after 3s
[2026-06-01 06:44:00]   [bench] Running execute remote...
[2026-06-01 06:44:06]   [bench] exit=0 passed=1 failed=0
0 missing_trie_node=0
0
[2026-06-01 06:44:06] 
[2026-06-01 06:44:06]   --- storage_sstore_k1_run11 (pbt) write-offset=1100000000 K=1 ---
[2026-06-01 06:44:06]   [geth] Stopping (SIGTERM, waiting up to 120s for clean exit): 1020616
[2026-06-01 06:44:07]   [geth] exited cleanly after 1s
[2026-06-01 06:44:07]   [cache] OS page cache dropped
Fatal: Could not create the account: account already exists
[2026-06-01 06:44:08]   [geth] Starting (pbt, gd=5, cold=1, dev.period=1, 1tx/block)
[2026-06-01 06:44:08]   [geth] Waiting for RPC...
[2026-06-01 06:44:10]   [geth] RPC ready after 3s
[2026-06-01 06:44:10]   [bench] Running execute remote...
[2026-06-01 06:44:16]   [bench] exit=0 passed=1 failed=0
0 missing_trie_node=0
0
[2026-06-01 06:44:16] 
[2026-06-01 06:44:16]   --- storage_sstore_k1_run12 (pbt) write-offset=1200000000 K=1 ---
[2026-06-01 06:44:16]   [geth] Stopping (SIGTERM, waiting up to 120s for clean exit): 1020693
[2026-06-01 06:44:17]   [geth] exited cleanly after 1s
[2026-06-01 06:44:17]   [cache] OS page cache dropped
Fatal: Could not create the account: account already exists
[2026-06-01 06:44:17]   [geth] Starting (pbt, gd=5, cold=1, dev.period=1, 1tx/block)
[2026-06-01 06:44:17]   [geth] Waiting for RPC...
[2026-06-01 06:44:19]   [geth] RPC ready after 3s
[2026-06-01 06:44:19]   [bench] Running execute remote...
[2026-06-01 06:44:25]   [bench] exit=0 passed=1 failed=0
0 missing_trie_node=0
0
[2026-06-01 06:44:25] 
[2026-06-01 06:44:25]   --- storage_sstore_k1_run13 (pbt) write-offset=1300000000 K=1 ---
[2026-06-01 06:44:25]   [geth] Stopping (SIGTERM, waiting up to 120s for clean exit): 1020768
[2026-06-01 06:44:26]   [geth] exited cleanly after 1s
[2026-06-01 06:44:26]   [cache] OS page cache dropped
Fatal: Could not create the account: account already exists
[2026-06-01 06:44:26]   [geth] Starting (pbt, gd=5, cold=1, dev.period=1, 1tx/block)
[2026-06-01 06:44:26]   [geth] Waiting for RPC...
[2026-06-01 06:44:28]   [geth] RPC ready after 3s
[2026-06-01 06:44:28]   [bench] Running execute remote...
[2026-06-01 06:44:35]   [bench] exit=0 passed=1 failed=0
0 missing_trie_node=0
0
[2026-06-01 06:44:35] 
[2026-06-01 06:44:35]   --- storage_sstore_k1_run14 (pbt) write-offset=1400000000 K=1 ---
[2026-06-01 06:44:35]   [geth] Stopping (SIGTERM, waiting up to 120s for clean exit): 1020851
[2026-06-01 06:44:36]   [geth] exited cleanly after 1s
[2026-06-01 06:44:36]   [cache] OS page cache dropped
Fatal: Could not create the account: account already exists
[2026-06-01 06:44:36]   [geth] Starting (pbt, gd=5, cold=1, dev.period=1, 1tx/block)
[2026-06-01 06:44:36]   [geth] Waiting for RPC...
[2026-06-01 06:44:38]   [geth] RPC ready after 3s
[2026-06-01 06:44:38]   [bench] Running execute remote...
[2026-06-01 06:44:44]   [bench] exit=0 passed=1 failed=0
0 missing_trie_node=0
0
[2026-06-01 06:44:44] 
[2026-06-01 06:44:44]   --- storage_sstore_k1_run15 (pbt) write-offset=1500000000 K=1 ---
[2026-06-01 06:44:44]   [geth] Stopping (SIGTERM, waiting up to 120s for clean exit): 1020923
[2026-06-01 06:44:45]   [geth] exited cleanly after 1s
[2026-06-01 06:44:45]   [cache] OS page cache dropped
Fatal: Could not create the account: account already exists
[2026-06-01 06:44:45]   [geth] Starting (pbt, gd=5, cold=1, dev.period=1, 1tx/block)
[2026-06-01 06:44:45]   [geth] Waiting for RPC...
[2026-06-01 06:44:47]   [geth] RPC ready after 3s
[2026-06-01 06:44:47]   [bench] Running execute remote...
[2026-06-01 06:44:54]   [bench] exit=0 passed=1 failed=0
0 missing_trie_node=0
0
[2026-06-01 06:44:54] 
[2026-06-01 06:44:54]   --- storage_sstore_k1_run16 (pbt) write-offset=1600000000 K=1 ---
[2026-06-01 06:44:54]   [geth] Stopping (SIGTERM, waiting up to 120s for clean exit): 1021001
[2026-06-01 06:44:55]   [geth] exited cleanly after 1s
[2026-06-01 06:44:55]   [cache] OS page cache dropped
Fatal: Could not create the account: account already exists
[2026-06-01 06:44:55]   [geth] Starting (pbt, gd=5, cold=1, dev.period=1, 1tx/block)
[2026-06-01 06:44:55]   [geth] Waiting for RPC...
[2026-06-01 06:44:57]   [geth] RPC ready after 3s
[2026-06-01 06:44:57]   [bench] Running execute remote...
[2026-06-01 06:45:03]   [bench] exit=0 passed=1 failed=0
0 missing_trie_node=0
0
[2026-06-01 06:45:03] 
[2026-06-01 06:45:03]   --- storage_sstore_k1_run17 (pbt) write-offset=1700000000 K=1 ---
[2026-06-01 06:45:03]   [geth] Stopping (SIGTERM, waiting up to 120s for clean exit): 1021084
[2026-06-01 06:45:04]   [geth] exited cleanly after 1s
[2026-06-01 06:45:04]   [cache] OS page cache dropped
Fatal: Could not create the account: account already exists
[2026-06-01 06:45:04]   [geth] Starting (pbt, gd=5, cold=1, dev.period=1, 1tx/block)
[2026-06-01 06:45:04]   [geth] Waiting for RPC...
[2026-06-01 06:45:06]   [geth] RPC ready after 3s
[2026-06-01 06:45:06]   [bench] Running execute remote...
[2026-06-01 06:45:13]   [bench] exit=0 passed=1 failed=0
0 missing_trie_node=0
0
[2026-06-01 06:45:13] 
[2026-06-01 06:45:13]   --- storage_sstore_k1_run18 (pbt) write-offset=1800000000 K=1 ---
[2026-06-01 06:45:13]   [geth] Stopping (SIGTERM, waiting up to 120s for clean exit): 1021158
[2026-06-01 06:45:14]   [geth] exited cleanly after 1s
[2026-06-01 06:45:14]   [cache] OS page cache dropped
Fatal: Could not create the account: account already exists
[2026-06-01 06:45:14]   [geth] Starting (pbt, gd=5, cold=1, dev.period=1, 1tx/block)
[2026-06-01 06:45:14]   [geth] Waiting for RPC...
[2026-06-01 06:45:16]   [geth] RPC ready after 3s
[2026-06-01 06:45:16]   [bench] Running execute remote...
[2026-06-01 06:45:22]   [bench] exit=0 passed=1 failed=0
0 missing_trie_node=0
0
[2026-06-01 06:45:22] 
[2026-06-01 06:45:22]   --- storage_sstore_k1_run19 (pbt) write-offset=1900000000 K=1 ---
[2026-06-01 06:45:22]   [geth] Stopping (SIGTERM, waiting up to 120s for clean exit): 1021233
[2026-06-01 06:45:23]   [geth] exited cleanly after 1s
[2026-06-01 06:45:23]   [cache] OS page cache dropped
Fatal: Could not create the account: account already exists
[2026-06-01 06:45:23]   [geth] Starting (pbt, gd=5, cold=1, dev.period=1, 1tx/block)
[2026-06-01 06:45:23]   [geth] Waiting for RPC...
[2026-06-01 06:45:25]   [geth] RPC ready after 3s
[2026-06-01 06:45:25]   [bench] Running execute remote...
[2026-06-01 06:45:31]   [bench] exit=0 passed=1 failed=0
0 missing_trie_node=0
0
[2026-06-01 06:45:31] 
[2026-06-01 06:45:31]   --- storage_sstore_k1_run20 (pbt) write-offset=2000000000 K=1 ---
[2026-06-01 06:45:31]   [geth] Stopping (SIGTERM, waiting up to 120s for clean exit): 1021317
[2026-06-01 06:45:32]   [geth] exited cleanly after 1s
[2026-06-01 06:45:33]   [cache] OS page cache dropped
Fatal: Could not create the account: account already exists
[2026-06-01 06:45:33]   [geth] Starting (pbt, gd=5, cold=1, dev.period=1, 1tx/block)
[2026-06-01 06:45:33]   [geth] Waiting for RPC...
[2026-06-01 06:45:35]   [geth] RPC ready after 3s
[2026-06-01 06:45:35]   [bench] Running execute remote...
[2026-06-01 06:45:41]   [bench] exit=0 passed=1 failed=0
0 missing_trie_node=0
0
[2026-06-01 06:45:41] 
[2026-06-01 06:45:41]   ── BENCHMARK: storage_sstore_k10 (pool=256 contracts; effective K=10)
[2026-06-01 06:45:41] 
[2026-06-01 06:45:41]   --- storage_sstore_k10_run1 (pbt) write-offset=100000000 K=10 ---
[2026-06-01 06:45:41]   [geth] Stopping (SIGTERM, waiting up to 120s for clean exit): 1021397
[2026-06-01 06:45:42]   [geth] exited cleanly after 1s
[2026-06-01 06:45:42]   [cache] OS page cache dropped
Fatal: Could not create the account: account already exists
[2026-06-01 06:45:42]   [geth] Starting (pbt, gd=5, cold=1, dev.period=1, 1tx/block)
[2026-06-01 06:45:42]   [geth] Waiting for RPC...
[2026-06-01 06:45:44]   [geth] RPC ready after 3s
[2026-06-01 06:45:44]   [bench] Running execute remote...
[2026-06-01 06:45:50]   [bench] exit=0 passed=1 failed=0
0 missing_trie_node=0
0
[2026-06-01 06:45:50] 
[2026-06-01 06:45:50]   --- storage_sstore_k10_run2 (pbt) write-offset=200000000 K=10 ---
[2026-06-01 06:45:50]   [geth] Stopping (SIGTERM, waiting up to 120s for clean exit): 1021506
[2026-06-01 06:45:51]   [geth] exited cleanly after 1s
[2026-06-01 06:45:51]   [cache] OS page cache dropped
Fatal: Could not create the account: account already exists
[2026-06-01 06:45:52]   [geth] Starting (pbt, gd=5, cold=1, dev.period=1, 1tx/block)
[2026-06-01 06:45:52]   [geth] Waiting for RPC...
[2026-06-01 06:45:54]   [geth] RPC ready after 3s
[2026-06-01 06:45:54]   [bench] Running execute remote...
[2026-06-01 06:46:00]   [bench] exit=0 passed=1 failed=0
0 missing_trie_node=0
0
[2026-06-01 06:46:00] 
[2026-06-01 06:46:00]   --- storage_sstore_k10_run3 (pbt) write-offset=300000000 K=10 ---
[2026-06-01 06:46:00]   [geth] Stopping (SIGTERM, waiting up to 120s for clean exit): 1021590
[2026-06-01 06:46:01]   [geth] exited cleanly after 1s
[2026-06-01 06:46:01]   [cache] OS page cache dropped
Fatal: Could not create the account: account already exists
[2026-06-01 06:46:01]   [geth] Starting (pbt, gd=5, cold=1, dev.period=1, 1tx/block)
[2026-06-01 06:46:01]   [geth] Waiting for RPC...
[2026-06-01 06:46:03]   [geth] RPC ready after 3s
[2026-06-01 06:46:03]   [bench] Running execute remote...
[2026-06-01 06:46:09]   [bench] exit=0 passed=1 failed=0
0 missing_trie_node=0
0
[2026-06-01 06:46:09] 
[2026-06-01 06:46:09]   --- storage_sstore_k10_run4 (pbt) write-offset=400000000 K=10 ---
[2026-06-01 06:46:09]   [geth] Stopping (SIGTERM, waiting up to 120s for clean exit): 1021664
[2026-06-01 06:46:10]   [geth] exited cleanly after 1s
[2026-06-01 06:46:10]   [cache] OS page cache dropped
Fatal: Could not create the account: account already exists
[2026-06-01 06:46:10]   [geth] Starting (pbt, gd=5, cold=1, dev.period=1, 1tx/block)
[2026-06-01 06:46:10]   [geth] Waiting for RPC...
[2026-06-01 06:46:12]   [geth] RPC ready after 3s
[2026-06-01 06:46:13]   [bench] Running execute remote...
[2026-06-01 06:46:19]   [bench] exit=0 passed=1 failed=0
0 missing_trie_node=0
0
[2026-06-01 06:46:19] 
[2026-06-01 06:46:19]   --- storage_sstore_k10_run5 (pbt) write-offset=500000000 K=10 ---
[2026-06-01 06:46:19]   [geth] Stopping (SIGTERM, waiting up to 120s for clean exit): 1021741
[2026-06-01 06:46:20]   [geth] exited cleanly after 1s
[2026-06-01 06:46:20]   [cache] OS page cache dropped
Fatal: Could not create the account: account already exists
[2026-06-01 06:46:20]   [geth] Starting (pbt, gd=5, cold=1, dev.period=1, 1tx/block)
[2026-06-01 06:46:20]   [geth] Waiting for RPC...
[2026-06-01 06:46:22]   [geth] RPC ready after 3s
[2026-06-01 06:46:22]   [bench] Running execute remote...
[2026-06-01 06:46:28]   [bench] exit=0 passed=1 failed=0
0 missing_trie_node=0
0
[2026-06-01 06:46:28] 
[2026-06-01 06:46:28]   --- storage_sstore_k10_run6 (pbt) write-offset=600000000 K=10 ---
[2026-06-01 06:46:28]   [geth] Stopping (SIGTERM, waiting up to 120s for clean exit): 1021823
[2026-06-01 06:46:29]   [geth] exited cleanly after 1s
[2026-06-01 06:46:29]   [cache] OS page cache dropped
Fatal: Could not create the account: account already exists
[2026-06-01 06:46:29]   [geth] Starting (pbt, gd=5, cold=1, dev.period=1, 1tx/block)
[2026-06-01 06:46:29]   [geth] Waiting for RPC...
[2026-06-01 06:46:31]   [geth] RPC ready after 3s
[2026-06-01 06:46:31]   [bench] Running execute remote...
[2026-06-01 06:46:38]   [bench] exit=0 passed=1 failed=0
0 missing_trie_node=0
0
[2026-06-01 06:46:38] 
[2026-06-01 06:46:38]   --- storage_sstore_k10_run7 (pbt) write-offset=700000000 K=10 ---
[2026-06-01 06:46:38]   [geth] Stopping (SIGTERM, waiting up to 120s for clean exit): 1021896
[2026-06-01 06:46:39]   [geth] exited cleanly after 1s
[2026-06-01 06:46:39]   [cache] OS page cache dropped
Fatal: Could not create the account: account already exists
[2026-06-01 06:46:39]   [geth] Starting (pbt, gd=5, cold=1, dev.period=1, 1tx/block)
[2026-06-01 06:46:39]   [geth] Waiting for RPC...
[2026-06-01 06:46:41]   [geth] RPC ready after 3s
[2026-06-01 06:46:41]   [bench] Running execute remote...
[2026-06-01 06:46:47]   [bench] exit=0 passed=1 failed=0
0 missing_trie_node=0
0
[2026-06-01 06:46:47] 
[2026-06-01 06:46:47]   --- storage_sstore_k10_run8 (pbt) write-offset=800000000 K=10 ---
[2026-06-01 06:46:47]   [geth] Stopping (SIGTERM, waiting up to 120s for clean exit): 1021971
[2026-06-01 06:46:48]   [geth] exited cleanly after 1s
[2026-06-01 06:46:48]   [cache] OS page cache dropped
Fatal: Could not create the account: account already exists
[2026-06-01 06:46:48]   [geth] Starting (pbt, gd=5, cold=1, dev.period=1, 1tx/block)
[2026-06-01 06:46:48]   [geth] Waiting for RPC...
[2026-06-01 06:46:50]   [geth] RPC ready after 3s
[2026-06-01 06:46:50]   [bench] Running execute remote...
[2026-06-01 06:46:57]   [bench] exit=0 passed=1 failed=0
0 missing_trie_node=0
0
[2026-06-01 06:46:57] 
[2026-06-01 06:46:57]   --- storage_sstore_k10_run9 (pbt) write-offset=900000000 K=10 ---
[2026-06-01 06:46:57]   [geth] Stopping (SIGTERM, waiting up to 120s for clean exit): 1022054
[2026-06-01 06:46:58]   [geth] exited cleanly after 1s
[2026-06-01 06:46:58]   [cache] OS page cache dropped
Fatal: Could not create the account: account already exists
[2026-06-01 06:46:58]   [geth] Starting (pbt, gd=5, cold=1, dev.period=1, 1tx/block)
[2026-06-01 06:46:58]   [geth] Waiting for RPC...
[2026-06-01 06:47:00]   [geth] RPC ready after 3s
[2026-06-01 06:47:00]   [bench] Running execute remote...
[2026-06-01 06:47:06]   [bench] exit=0 passed=1 failed=0
0 missing_trie_node=0
0
[2026-06-01 06:47:06] 
[2026-06-01 06:47:06]   --- storage_sstore_k10_run10 (pbt) write-offset=1000000000 K=10 ---
[2026-06-01 06:47:06]   [geth] Stopping (SIGTERM, waiting up to 120s for clean exit): 1022131
[2026-06-01 06:47:07]   [geth] exited cleanly after 1s
[2026-06-01 06:47:07]   [cache] OS page cache dropped
Fatal: Could not create the account: account already exists
[2026-06-01 06:47:07]   [geth] Starting (pbt, gd=5, cold=1, dev.period=1, 1tx/block)
[2026-06-01 06:47:07]   [geth] Waiting for RPC...
[2026-06-01 06:47:09]   [geth] RPC ready after 3s
[2026-06-01 06:47:09]   [bench] Running execute remote...
[2026-06-01 06:47:16]   [bench] exit=0 passed=1 failed=0
0 missing_trie_node=0
0
[2026-06-01 06:47:16] 
[2026-06-01 06:47:16]   --- storage_sstore_k10_run11 (pbt) write-offset=1100000000 K=10 ---
[2026-06-01 06:47:16]   [geth] Stopping (SIGTERM, waiting up to 120s for clean exit): 1022207
[2026-06-01 06:47:17]   [geth] exited cleanly after 1s
[2026-06-01 06:47:17]   [cache] OS page cache dropped
Fatal: Could not create the account: account already exists
[2026-06-01 06:47:17]   [geth] Starting (pbt, gd=5, cold=1, dev.period=1, 1tx/block)
[2026-06-01 06:47:17]   [geth] Waiting for RPC...
[2026-06-01 06:47:19]   [geth] RPC ready after 3s
[2026-06-01 06:47:19]   [bench] Running execute remote...
[2026-06-01 06:47:25]   [bench] exit=0 passed=1 failed=0
0 missing_trie_node=0
0
[2026-06-01 06:47:25] 
[2026-06-01 06:47:25]   --- storage_sstore_k10_run12 (pbt) write-offset=1200000000 K=10 ---
[2026-06-01 06:47:25]   [geth] Stopping (SIGTERM, waiting up to 120s for clean exit): 1022281
[2026-06-01 06:47:26]   [geth] exited cleanly after 1s
[2026-06-01 06:47:26]   [cache] OS page cache dropped
Fatal: Could not create the account: account already exists
[2026-06-01 06:47:26]   [geth] Starting (pbt, gd=5, cold=1, dev.period=1, 1tx/block)
[2026-06-01 06:47:26]   [geth] Waiting for RPC...
[2026-06-01 06:47:28]   [geth] RPC ready after 3s
[2026-06-01 06:47:28]   [bench] Running execute remote...
[2026-06-01 06:47:35]   [bench] exit=0 passed=1 failed=0
0 missing_trie_node=0
0
[2026-06-01 06:47:35] 
[2026-06-01 06:47:35]   --- storage_sstore_k10_run13 (pbt) write-offset=1300000000 K=10 ---
[2026-06-01 06:47:35]   [geth] Stopping (SIGTERM, waiting up to 120s for clean exit): 1022362
[2026-06-01 06:47:36]   [geth] exited cleanly after 1s
[2026-06-01 06:47:36]   [cache] OS page cache dropped
Fatal: Could not create the account: account already exists
[2026-06-01 06:47:36]   [geth] Starting (pbt, gd=5, cold=1, dev.period=1, 1tx/block)
[2026-06-01 06:47:36]   [geth] Waiting for RPC...
[2026-06-01 06:47:38]   [geth] RPC ready after 3s
[2026-06-01 06:47:38]   [bench] Running execute remote...
[2026-06-01 06:47:44]   [bench] exit=0 passed=1 failed=0
0 missing_trie_node=0
0
[2026-06-01 06:47:44] 
[2026-06-01 06:47:44]   --- storage_sstore_k10_run14 (pbt) write-offset=1400000000 K=10 ---
[2026-06-01 06:47:44]   [geth] Stopping (SIGTERM, waiting up to 120s for clean exit): 1022437
[2026-06-01 06:47:45]   [geth] exited cleanly after 1s
[2026-06-01 06:47:45]   [cache] OS page cache dropped
Fatal: Could not create the account: account already exists
[2026-06-01 06:47:45]   [geth] Starting (pbt, gd=5, cold=1, dev.period=1, 1tx/block)
[2026-06-01 06:47:45]   [geth] Waiting for RPC...
[2026-06-01 06:47:47]   [geth] RPC ready after 3s
[2026-06-01 06:47:47]   [bench] Running execute remote...
[2026-06-01 06:47:53]   [bench] exit=0 passed=1 failed=0
0 missing_trie_node=0
0
[2026-06-01 06:47:53] 
[2026-06-01 06:47:53]   --- storage_sstore_k10_run15 (pbt) write-offset=1500000000 K=10 ---
[2026-06-01 06:47:53]   [geth] Stopping (SIGTERM, waiting up to 120s for clean exit): 1022510
[2026-06-01 06:47:54]   [geth] exited cleanly after 1s
[2026-06-01 06:47:55]   [cache] OS page cache dropped
Fatal: Could not create the account: account already exists
[2026-06-01 06:47:55]   [geth] Starting (pbt, gd=5, cold=1, dev.period=1, 1tx/block)
[2026-06-01 06:47:55]   [geth] Waiting for RPC...
[2026-06-01 06:47:57]   [geth] RPC ready after 3s
[2026-06-01 06:47:57]   [bench] Running execute remote...
[2026-06-01 06:48:03]   [bench] exit=0 passed=1 failed=0
0 missing_trie_node=0
0
[2026-06-01 06:48:03] 
[2026-06-01 06:48:03]   --- storage_sstore_k10_run16 (pbt) write-offset=1600000000 K=10 ---
[2026-06-01 06:48:03]   [geth] Stopping (SIGTERM, waiting up to 120s for clean exit): 1022593
[2026-06-01 06:48:04]   [geth] exited cleanly after 1s
[2026-06-01 06:48:04]   [cache] OS page cache dropped
Fatal: Could not create the account: account already exists
[2026-06-01 06:48:04]   [geth] Starting (pbt, gd=5, cold=1, dev.period=1, 1tx/block)
[2026-06-01 06:48:04]   [geth] Waiting for RPC...
[2026-06-01 06:48:06]   [geth] RPC ready after 3s
[2026-06-01 06:48:06]   [bench] Running execute remote...
[2026-06-01 06:48:12]   [bench] exit=0 passed=1 failed=0
0 missing_trie_node=0
0
[2026-06-01 06:48:12] 
[2026-06-01 06:48:12]   --- storage_sstore_k10_run17 (pbt) write-offset=1700000000 K=10 ---
[2026-06-01 06:48:12]   [geth] Stopping (SIGTERM, waiting up to 120s for clean exit): 1022668
[2026-06-01 06:48:13]   [geth] exited cleanly after 1s
[2026-06-01 06:48:14]   [cache] OS page cache dropped
Fatal: Could not create the account: account already exists
[2026-06-01 06:48:14]   [geth] Starting (pbt, gd=5, cold=1, dev.period=1, 1tx/block)
[2026-06-01 06:48:14]   [geth] Waiting for RPC...
[2026-06-01 06:48:16]   [geth] RPC ready after 3s
[2026-06-01 06:48:16]   [bench] Running execute remote...
[2026-06-01 06:48:22]   [bench] exit=0 passed=1 failed=0
0 missing_trie_node=0
0
[2026-06-01 06:48:22] 
[2026-06-01 06:48:22]   --- storage_sstore_k10_run18 (pbt) write-offset=1800000000 K=10 ---
[2026-06-01 06:48:22]   [geth] Stopping (SIGTERM, waiting up to 120s for clean exit): 1022744
[2026-06-01 06:48:23]   [geth] exited cleanly after 1s
[2026-06-01 06:48:23]   [cache] OS page cache dropped
Fatal: Could not create the account: account already exists
[2026-06-01 06:48:23]   [geth] Starting (pbt, gd=5, cold=1, dev.period=1, 1tx/block)
[2026-06-01 06:48:23]   [geth] Waiting for RPC...
[2026-06-01 06:48:25]   [geth] RPC ready after 3s
[2026-06-01 06:48:25]   [bench] Running execute remote...
[2026-06-01 06:48:31]   [bench] exit=0 passed=1 failed=0
0 missing_trie_node=0
0
[2026-06-01 06:48:31] 
[2026-06-01 06:48:31]   --- storage_sstore_k10_run19 (pbt) write-offset=1900000000 K=10 ---
[2026-06-01 06:48:31]   [geth] Stopping (SIGTERM, waiting up to 120s for clean exit): 1022824
[2026-06-01 06:48:32]   [geth] exited cleanly after 1s
[2026-06-01 06:48:32]   [cache] OS page cache dropped
Fatal: Could not create the account: account already exists
[2026-06-01 06:48:32]   [geth] Starting (pbt, gd=5, cold=1, dev.period=1, 1tx/block)
[2026-06-01 06:48:32]   [geth] Waiting for RPC...
[2026-06-01 06:48:35]   [geth] RPC ready after 3s
[2026-06-01 06:48:35]   [bench] Running execute remote...
[2026-06-01 06:48:41]   [bench] exit=0 passed=1 failed=0
0 missing_trie_node=0
0
[2026-06-01 06:48:41] 
[2026-06-01 06:48:41]   --- storage_sstore_k10_run20 (pbt) write-offset=2000000000 K=10 ---
[2026-06-01 06:48:41]   [geth] Stopping (SIGTERM, waiting up to 120s for clean exit): 1022899
[2026-06-01 06:48:42]   [geth] exited cleanly after 1s
[2026-06-01 06:48:42]   [cache] OS page cache dropped
Fatal: Could not create the account: account already exists
[2026-06-01 06:48:42]   [geth] Starting (pbt, gd=5, cold=1, dev.period=1, 1tx/block)
[2026-06-01 06:48:42]   [geth] Waiting for RPC...
[2026-06-01 06:48:44]   [geth] RPC ready after 3s
[2026-06-01 06:48:44]   [bench] Running execute remote...
[2026-06-01 06:48:50]   [bench] exit=0 passed=1 failed=0
0 missing_trie_node=0
0
[2026-06-01 06:48:50] 
[2026-06-01 06:48:50]   ── BENCHMARK: storage_sstore_k100 (pool=256 contracts; effective K=100)
[2026-06-01 06:48:50] 
[2026-06-01 06:48:50]   --- storage_sstore_k100_run1 (pbt) write-offset=100000000 K=100 ---
[2026-06-01 06:48:50]   [geth] Stopping (SIGTERM, waiting up to 120s for clean exit): 1022974
[2026-06-01 06:48:51]   [geth] exited cleanly after 1s
[2026-06-01 06:48:51]   [cache] OS page cache dropped
Fatal: Could not create the account: account already exists
[2026-06-01 06:48:51]   [geth] Starting (pbt, gd=5, cold=1, dev.period=1, 1tx/block)
[2026-06-01 06:48:51]   [geth] Waiting for RPC...
[2026-06-01 06:48:53]   [geth] RPC ready after 3s
[2026-06-01 06:48:53]   [bench] Running execute remote...
[2026-06-01 06:49:01]   [bench] exit=0 passed=1 failed=0
0 missing_trie_node=0
0
[2026-06-01 06:49:01] 
[2026-06-01 06:49:01]   --- storage_sstore_k100_run2 (pbt) write-offset=200000000 K=100 ---
[2026-06-01 06:49:01]   [geth] Stopping (SIGTERM, waiting up to 120s for clean exit): 1023079
[2026-06-01 06:49:02]   [geth] exited cleanly after 1s
[2026-06-01 06:49:02]   [cache] OS page cache dropped
Fatal: Could not create the account: account already exists
[2026-06-01 06:49:02]   [geth] Starting (pbt, gd=5, cold=1, dev.period=1, 1tx/block)
[2026-06-01 06:49:02]   [geth] Waiting for RPC...
[2026-06-01 06:49:04]   [geth] RPC ready after 3s
[2026-06-01 06:49:04]   [bench] Running execute remote...
[2026-06-01 06:49:10]   [bench] exit=0 passed=1 failed=0
0 missing_trie_node=0
0
[2026-06-01 06:49:10] 
[2026-06-01 06:49:10]   --- storage_sstore_k100_run3 (pbt) write-offset=300000000 K=100 ---
[2026-06-01 06:49:10]   [geth] Stopping (SIGTERM, waiting up to 120s for clean exit): 1023160
[2026-06-01 06:49:11]   [geth] exited cleanly after 1s
[2026-06-01 06:49:11]   [cache] OS page cache dropped
Fatal: Could not create the account: account already exists
[2026-06-01 06:49:11]   [geth] Starting (pbt, gd=5, cold=1, dev.period=1, 1tx/block)
[2026-06-01 06:49:11]   [geth] Waiting for RPC...
[2026-06-01 06:49:13]   [geth] RPC ready after 3s
[2026-06-01 06:49:13]   [bench] Running execute remote...
[2026-06-01 06:49:20]   [bench] exit=0 passed=1 failed=0
0 missing_trie_node=0
0
[2026-06-01 06:49:20] 
[2026-06-01 06:49:20]   --- storage_sstore_k100_run4 (pbt) write-offset=400000000 K=100 ---
[2026-06-01 06:49:20]   [geth] Stopping (SIGTERM, waiting up to 120s for clean exit): 1023234
[2026-06-01 06:49:21]   [geth] exited cleanly after 1s
[2026-06-01 06:49:21]   [cache] OS page cache dropped
Fatal: Could not create the account: account already exists
[2026-06-01 06:49:21]   [geth] Starting (pbt, gd=5, cold=1, dev.period=1, 1tx/block)
[2026-06-01 06:49:21]   [geth] Waiting for RPC...
[2026-06-01 06:49:23]   [geth] RPC ready after 3s
[2026-06-01 06:49:23]   [bench] Running execute remote...
[2026-06-01 06:49:29]   [bench] exit=0 passed=1 failed=0
0 missing_trie_node=0
0
[2026-06-01 06:49:29] 
[2026-06-01 06:49:29]   --- storage_sstore_k100_run5 (pbt) write-offset=500000000 K=100 ---
[2026-06-01 06:49:29]   [geth] Stopping (SIGTERM, waiting up to 120s for clean exit): 1023308
[2026-06-01 06:49:30]   [geth] exited cleanly after 1s
[2026-06-01 06:49:30]   [cache] OS page cache dropped
Fatal: Could not create the account: account already exists
[2026-06-01 06:49:30]   [geth] Starting (pbt, gd=5, cold=1, dev.period=1, 1tx/block)
[2026-06-01 06:49:30]   [geth] Waiting for RPC...
[2026-06-01 06:49:32]   [geth] RPC ready after 3s
[2026-06-01 06:49:32]   [bench] Running execute remote...
[2026-06-01 06:49:38]   [bench] exit=0 passed=1 failed=0
0 missing_trie_node=0
0
[2026-06-01 06:49:38] 
[2026-06-01 06:49:38]   --- storage_sstore_k100_run6 (pbt) write-offset=600000000 K=100 ---
[2026-06-01 06:49:38]   [geth] Stopping (SIGTERM, waiting up to 120s for clean exit): 1023382
[2026-06-01 06:49:39]   [geth] exited cleanly after 1s
[2026-06-01 06:49:40]   [cache] OS page cache dropped
Fatal: Could not create the account: account already exists
[2026-06-01 06:49:40]   [geth] Starting (pbt, gd=5, cold=1, dev.period=1, 1tx/block)
[2026-06-01 06:49:40]   [geth] Waiting for RPC...
[2026-06-01 06:49:42]   [geth] RPC ready after 3s
[2026-06-01 06:49:42]   [bench] Running execute remote...
[2026-06-01 06:49:48]   [bench] exit=0 passed=1 failed=0
0 missing_trie_node=0
0
[2026-06-01 06:49:48] 
[2026-06-01 06:49:48]   --- storage_sstore_k100_run7 (pbt) write-offset=700000000 K=100 ---
[2026-06-01 06:49:48]   [geth] Stopping (SIGTERM, waiting up to 120s for clean exit): 1023456
[2026-06-01 06:49:49]   [geth] exited cleanly after 1s
[2026-06-01 06:49:49]   [cache] OS page cache dropped
Fatal: Could not create the account: account already exists
[2026-06-01 06:49:49]   [geth] Starting (pbt, gd=5, cold=1, dev.period=1, 1tx/block)
[2026-06-01 06:49:49]   [geth] Waiting for RPC...
[2026-06-01 06:49:51]   [geth] RPC ready after 3s
[2026-06-01 06:49:51]   [bench] Running execute remote...
[2026-06-01 06:49:57]   [bench] exit=0 passed=1 failed=0
0 missing_trie_node=0
0
[2026-06-01 06:49:57] 
[2026-06-01 06:49:57]   --- storage_sstore_k100_run8 (pbt) write-offset=800000000 K=100 ---
[2026-06-01 06:49:57]   [geth] Stopping (SIGTERM, waiting up to 120s for clean exit): 1023533
[2026-06-01 06:49:58]   [geth] exited cleanly after 1s
[2026-06-01 06:49:59]   [cache] OS page cache dropped
Fatal: Could not create the account: account already exists
[2026-06-01 06:49:59]   [geth] Starting (pbt, gd=5, cold=1, dev.period=1, 1tx/block)
[2026-06-01 06:49:59]   [geth] Waiting for RPC...
[2026-06-01 06:50:01]   [geth] RPC ready after 3s
[2026-06-01 06:50:01]   [bench] Running execute remote...
[2026-06-01 06:50:07]   [bench] exit=0 passed=1 failed=0
0 missing_trie_node=0
0
[2026-06-01 06:50:07] 
[2026-06-01 06:50:07]   --- storage_sstore_k100_run9 (pbt) write-offset=900000000 K=100 ---
[2026-06-01 06:50:07]   [geth] Stopping (SIGTERM, waiting up to 120s for clean exit): 1023616
[2026-06-01 06:50:08]   [geth] exited cleanly after 1s
[2026-06-01 06:50:08]   [cache] OS page cache dropped
Fatal: Could not create the account: account already exists
[2026-06-01 06:50:08]   [geth] Starting (pbt, gd=5, cold=1, dev.period=1, 1tx/block)
[2026-06-01 06:50:08]   [geth] Waiting for RPC...
[2026-06-01 06:50:10]   [geth] RPC ready after 3s
[2026-06-01 06:50:10]   [bench] Running execute remote...
[2026-06-01 06:50:16]   [bench] exit=0 passed=1 failed=0
0 missing_trie_node=0
0
[2026-06-01 06:50:16] 
[2026-06-01 06:50:16]   --- storage_sstore_k100_run10 (pbt) write-offset=1000000000 K=100 ---
[2026-06-01 06:50:16]   [geth] Stopping (SIGTERM, waiting up to 120s for clean exit): 1023691
[2026-06-01 06:50:17]   [geth] exited cleanly after 1s
[2026-06-01 06:50:17]   [cache] OS page cache dropped
Fatal: Could not create the account: account already exists
[2026-06-01 06:50:18]   [geth] Starting (pbt, gd=5, cold=1, dev.period=1, 1tx/block)
[2026-06-01 06:50:18]   [geth] Waiting for RPC...
[2026-06-01 06:50:20]   [geth] RPC ready after 3s
[2026-06-01 06:50:20]   [bench] Running execute remote...
[2026-06-01 06:50:27]   [bench] exit=0 passed=1 failed=0
0 missing_trie_node=0
0
[2026-06-01 06:50:27] 
[2026-06-01 06:50:27]   --- storage_sstore_k100_run11 (pbt) write-offset=1100000000 K=100 ---
[2026-06-01 06:50:27]   [geth] Stopping (SIGTERM, waiting up to 120s for clean exit): 1023766
[2026-06-01 06:50:28]   [geth] exited cleanly after 1s
[2026-06-01 06:50:28]   [cache] OS page cache dropped
Fatal: Could not create the account: account already exists
[2026-06-01 06:50:28]   [geth] Starting (pbt, gd=5, cold=1, dev.period=1, 1tx/block)
[2026-06-01 06:50:28]   [geth] Waiting for RPC...
[2026-06-01 06:50:30]   [geth] RPC ready after 3s
[2026-06-01 06:50:30]   [bench] Running execute remote...
[2026-06-01 06:50:37]   [bench] exit=0 passed=1 failed=0
0 missing_trie_node=0
0
[2026-06-01 06:50:37] 
[2026-06-01 06:50:37]   --- storage_sstore_k100_run12 (pbt) write-offset=1200000000 K=100 ---
[2026-06-01 06:50:37]   [geth] Stopping (SIGTERM, waiting up to 120s for clean exit): 1023848
[2026-06-01 06:50:38]   [geth] exited cleanly after 1s
[2026-06-01 06:50:38]   [cache] OS page cache dropped
Fatal: Could not create the account: account already exists
[2026-06-01 06:50:38]   [geth] Starting (pbt, gd=5, cold=1, dev.period=1, 1tx/block)
[2026-06-01 06:50:38]   [geth] Waiting for RPC...
[2026-06-01 06:50:40]   [geth] RPC ready after 3s
[2026-06-01 06:50:40]   [bench] Running execute remote...
[2026-06-01 06:50:47]   [bench] exit=0 passed=1 failed=0
0 missing_trie_node=0
0
[2026-06-01 06:50:47] 
[2026-06-01 06:50:47]   --- storage_sstore_k100_run13 (pbt) write-offset=1300000000 K=100 ---
[2026-06-01 06:50:47]   [geth] Stopping (SIGTERM, waiting up to 120s for clean exit): 1023922
[2026-06-01 06:50:48]   [geth] exited cleanly after 1s
[2026-06-01 06:50:48]   [cache] OS page cache dropped
Fatal: Could not create the account: account already exists
[2026-06-01 06:50:48]   [geth] Starting (pbt, gd=5, cold=1, dev.period=1, 1tx/block)
[2026-06-01 06:50:48]   [geth] Waiting for RPC...
[2026-06-01 06:50:50]   [geth] RPC ready after 3s
[2026-06-01 06:50:50]   [bench] Running execute remote...
[2026-06-01 06:50:56]   [bench] exit=0 passed=1 failed=0
0 missing_trie_node=0
0
[2026-06-01 06:50:56] 
[2026-06-01 06:50:56]   --- storage_sstore_k100_run14 (pbt) write-offset=1400000000 K=100 ---
[2026-06-01 06:50:56]   [geth] Stopping (SIGTERM, waiting up to 120s for clean exit): 1023997
[2026-06-01 06:50:57]   [geth] exited cleanly after 1s
[2026-06-01 06:50:57]   [cache] OS page cache dropped
Fatal: Could not create the account: account already exists
[2026-06-01 06:50:57]   [geth] Starting (pbt, gd=5, cold=1, dev.period=1, 1tx/block)
[2026-06-01 06:50:57]   [geth] Waiting for RPC...
[2026-06-01 06:50:59]   [geth] RPC ready after 3s
[2026-06-01 06:50:59]   [bench] Running execute remote...
[2026-06-01 06:51:06]   [bench] exit=0 passed=1 failed=0
0 missing_trie_node=0
0
[2026-06-01 06:51:06] 
[2026-06-01 06:51:06]   --- storage_sstore_k100_run15 (pbt) write-offset=1500000000 K=100 ---
[2026-06-01 06:51:06]   [geth] Stopping (SIGTERM, waiting up to 120s for clean exit): 1024084
[2026-06-01 06:51:07]   [geth] exited cleanly after 1s
[2026-06-01 06:51:07]   [cache] OS page cache dropped
Fatal: Could not create the account: account already exists
[2026-06-01 06:51:07]   [geth] Starting (pbt, gd=5, cold=1, dev.period=1, 1tx/block)
[2026-06-01 06:51:07]   [geth] Waiting for RPC...
[2026-06-01 06:51:09]   [geth] RPC ready after 3s
[2026-06-01 06:51:09]   [bench] Running execute remote...
[2026-06-01 06:51:16]   [bench] exit=0 passed=1 failed=0
0 missing_trie_node=0
0
[2026-06-01 06:51:16] 
[2026-06-01 06:51:16]   --- storage_sstore_k100_run16 (pbt) write-offset=1600000000 K=100 ---
[2026-06-01 06:51:16]   [geth] Stopping (SIGTERM, waiting up to 120s for clean exit): 1024161
[2026-06-01 06:51:17]   [geth] exited cleanly after 1s
[2026-06-01 06:51:17]   [cache] OS page cache dropped
Fatal: Could not create the account: account already exists
[2026-06-01 06:51:17]   [geth] Starting (pbt, gd=5, cold=1, dev.period=1, 1tx/block)
[2026-06-01 06:51:17]   [geth] Waiting for RPC...
[2026-06-01 06:51:19]   [geth] RPC ready after 3s
[2026-06-01 06:51:19]   [bench] Running execute remote...
[2026-06-01 06:51:26]   [bench] exit=0 passed=1 failed=0
0 missing_trie_node=0
0
[2026-06-01 06:51:26] 
[2026-06-01 06:51:26]   --- storage_sstore_k100_run17 (pbt) write-offset=1700000000 K=100 ---
[2026-06-01 06:51:26]   [geth] Stopping (SIGTERM, waiting up to 120s for clean exit): 1024235
[2026-06-01 06:51:27]   [geth] exited cleanly after 1s
[2026-06-01 06:51:28]   [cache] OS page cache dropped
Fatal: Could not create the account: account already exists
[2026-06-01 06:51:28]   [geth] Starting (pbt, gd=5, cold=1, dev.period=1, 1tx/block)
[2026-06-01 06:51:28]   [geth] Waiting for RPC...
[2026-06-01 06:51:30]   [geth] RPC ready after 3s
[2026-06-01 06:51:30]   [bench] Running execute remote...
[2026-06-01 06:51:37]   [bench] exit=0 passed=1 failed=0
0 missing_trie_node=0
0
[2026-06-01 06:51:37] 
[2026-06-01 06:51:37]   --- storage_sstore_k100_run18 (pbt) write-offset=1800000000 K=100 ---
[2026-06-01 06:51:37]   [geth] Stopping (SIGTERM, waiting up to 120s for clean exit): 1024317
[2026-06-01 06:51:38]   [geth] exited cleanly after 1s
[2026-06-01 06:51:38]   [cache] OS page cache dropped
Fatal: Could not create the account: account already exists
[2026-06-01 06:51:38]   [geth] Starting (pbt, gd=5, cold=1, dev.period=1, 1tx/block)
[2026-06-01 06:51:38]   [geth] Waiting for RPC...
[2026-06-01 06:51:40]   [geth] RPC ready after 3s
[2026-06-01 06:51:40]   [bench] Running execute remote...
[2026-06-01 06:51:47]   [bench] exit=0 passed=1 failed=0
0 missing_trie_node=0
0
[2026-06-01 06:51:47] 
[2026-06-01 06:51:47]   --- storage_sstore_k100_run19 (pbt) write-offset=1900000000 K=100 ---
[2026-06-01 06:51:47]   [geth] Stopping (SIGTERM, waiting up to 120s for clean exit): 1024406
[2026-06-01 06:51:48]   [geth] exited cleanly after 1s
[2026-06-01 06:51:48]   [cache] OS page cache dropped
Fatal: Could not create the account: account already exists
[2026-06-01 06:51:48]   [geth] Starting (pbt, gd=5, cold=1, dev.period=1, 1tx/block)
[2026-06-01 06:51:48]   [geth] Waiting for RPC...
[2026-06-01 06:51:51]   [geth] RPC ready after 3s
[2026-06-01 06:51:51]   [bench] Running execute remote...
[2026-06-01 06:51:58]   [bench] exit=0 passed=1 failed=0
0 missing_trie_node=0
0
[2026-06-01 06:51:58] 
[2026-06-01 06:51:58]   --- storage_sstore_k100_run20 (pbt) write-offset=2000000000 K=100 ---
[2026-06-01 06:51:58]   [geth] Stopping (SIGTERM, waiting up to 120s for clean exit): 1024481
[2026-06-01 06:51:59]   [geth] exited cleanly after 1s
[2026-06-01 06:51:59]   [cache] OS page cache dropped
Fatal: Could not create the account: account already exists
[2026-06-01 06:51:59]   [geth] Starting (pbt, gd=5, cold=1, dev.period=1, 1tx/block)
[2026-06-01 06:51:59]   [geth] Waiting for RPC...
[2026-06-01 06:52:01]   [geth] RPC ready after 3s
[2026-06-01 06:52:01]   [bench] Running execute remote...
[2026-06-01 06:52:09]   [bench] exit=0 passed=1 failed=0
0 missing_trie_node=0
0
[2026-06-01 06:52:09] 
[2026-06-01 06:52:09]   ── BENCHMARK: storage_sstore_k256 (pool=256 contracts; effective K=256)
[2026-06-01 06:52:09] 
[2026-06-01 06:52:09]   --- storage_sstore_k256_run1 (pbt) write-offset=100000000 K=256 ---
[2026-06-01 06:52:09]   [geth] Stopping (SIGTERM, waiting up to 120s for clean exit): 1024564
[2026-06-01 06:52:10]   [geth] exited cleanly after 1s
[2026-06-01 06:52:10]   [cache] OS page cache dropped
Fatal: Could not create the account: account already exists
[2026-06-01 06:52:10]   [geth] Starting (pbt, gd=5, cold=1, dev.period=1, 1tx/block)
[2026-06-01 06:52:10]   [geth] Waiting for RPC...
[2026-06-01 06:52:12]   [geth] RPC ready after 3s
[2026-06-01 06:52:12]   [bench] Running execute remote...
[2026-06-01 06:52:20]   [bench] exit=0 passed=1 failed=0
0 missing_trie_node=0
0
[2026-06-01 06:52:20] 
[2026-06-01 06:52:20]   --- storage_sstore_k256_run2 (pbt) write-offset=200000000 K=256 ---
[2026-06-01 06:52:20]   [geth] Stopping (SIGTERM, waiting up to 120s for clean exit): 1024672
[2026-06-01 06:52:21]   [geth] exited cleanly after 1s
[2026-06-01 06:52:21]   [cache] OS page cache dropped
Fatal: Could not create the account: account already exists
[2026-06-01 06:52:21]   [geth] Starting (pbt, gd=5, cold=1, dev.period=1, 1tx/block)
[2026-06-01 06:52:21]   [geth] Waiting for RPC...
[2026-06-01 06:52:23]   [geth] RPC ready after 3s
[2026-06-01 06:52:23]   [bench] Running execute remote...
[2026-06-01 06:52:30]   [bench] exit=0 passed=1 failed=0
0 missing_trie_node=0
0
[2026-06-01 06:52:30] 
[2026-06-01 06:52:30]   --- storage_sstore_k256_run3 (pbt) write-offset=300000000 K=256 ---
[2026-06-01 06:52:30]   [geth] Stopping (SIGTERM, waiting up to 120s for clean exit): 1024752
[2026-06-01 06:52:31]   [geth] exited cleanly after 1s
[2026-06-01 06:52:31]   [cache] OS page cache dropped
Fatal: Could not create the account: account already exists
[2026-06-01 06:52:31]   [geth] Starting (pbt, gd=5, cold=1, dev.period=1, 1tx/block)
[2026-06-01 06:52:31]   [geth] Waiting for RPC...
[2026-06-01 06:52:33]   [geth] RPC ready after 3s
[2026-06-01 06:52:33]   [bench] Running execute remote...
[2026-06-01 06:52:41]   [bench] exit=0 passed=1 failed=0
0 missing_trie_node=0
0
[2026-06-01 06:52:41] 
[2026-06-01 06:52:41]   --- storage_sstore_k256_run4 (pbt) write-offset=400000000 K=256 ---
[2026-06-01 06:52:41]   [geth] Stopping (SIGTERM, waiting up to 120s for clean exit): 1024827
[2026-06-01 06:52:42]   [geth] exited cleanly after 1s
[2026-06-01 06:52:42]   [cache] OS page cache dropped
Fatal: Could not create the account: account already exists
[2026-06-01 06:52:42]   [geth] Starting (pbt, gd=5, cold=1, dev.period=1, 1tx/block)
[2026-06-01 06:52:42]   [geth] Waiting for RPC...
[2026-06-01 06:52:44]   [geth] RPC ready after 3s
[2026-06-01 06:52:44]   [bench] Running execute remote...
[2026-06-01 06:52:51]   [bench] exit=0 passed=1 failed=0
0 missing_trie_node=0
0
[2026-06-01 06:52:51] 
[2026-06-01 06:52:51]   --- storage_sstore_k256_run5 (pbt) write-offset=500000000 K=256 ---
[2026-06-01 06:52:51]   [geth] Stopping (SIGTERM, waiting up to 120s for clean exit): 1024903
[2026-06-01 06:52:52]   [geth] exited cleanly after 1s
[2026-06-01 06:52:52]   [cache] OS page cache dropped
Fatal: Could not create the account: account already exists
[2026-06-01 06:52:52]   [geth] Starting (pbt, gd=5, cold=1, dev.period=1, 1tx/block)
[2026-06-01 06:52:52]   [geth] Waiting for RPC...
[2026-06-01 06:52:54]   [geth] RPC ready after 3s
[2026-06-01 06:52:54]   [bench] Running execute remote...
[2026-06-01 06:53:01]   [bench] exit=0 passed=1 failed=0
0 missing_trie_node=0
0
[2026-06-01 06:53:01] 
[2026-06-01 06:53:01]   --- storage_sstore_k256_run6 (pbt) write-offset=600000000 K=256 ---
[2026-06-01 06:53:01]   [geth] Stopping (SIGTERM, waiting up to 120s for clean exit): 1024985
[2026-06-01 06:53:02]   [geth] exited cleanly after 1s
[2026-06-01 06:53:02]   [cache] OS page cache dropped
Fatal: Could not create the account: account already exists
[2026-06-01 06:53:03]   [geth] Starting (pbt, gd=5, cold=1, dev.period=1, 1tx/block)
[2026-06-01 06:53:03]   [geth] Waiting for RPC...
[2026-06-01 06:53:05]   [geth] RPC ready after 3s
[2026-06-01 06:53:05]   [bench] Running execute remote...
[2026-06-01 06:53:12]   [bench] exit=0 passed=1 failed=0
0 missing_trie_node=0
0
[2026-06-01 06:53:12] 
[2026-06-01 06:53:12]   --- storage_sstore_k256_run7 (pbt) write-offset=700000000 K=256 ---
[2026-06-01 06:53:12]   [geth] Stopping (SIGTERM, waiting up to 120s for clean exit): 1025060
[2026-06-01 06:53:13]   [geth] exited cleanly after 1s
[2026-06-01 06:53:13]   [cache] OS page cache dropped
Fatal: Could not create the account: account already exists
[2026-06-01 06:53:13]   [geth] Starting (pbt, gd=5, cold=1, dev.period=1, 1tx/block)
[2026-06-01 06:53:13]   [geth] Waiting for RPC...
[2026-06-01 06:53:15]   [geth] RPC ready after 3s
[2026-06-01 06:53:15]   [bench] Running execute remote...
[2026-06-01 06:53:22]   [bench] exit=0 passed=1 failed=0
0 missing_trie_node=0
0
[2026-06-01 06:53:22] 
[2026-06-01 06:53:22]   --- storage_sstore_k256_run8 (pbt) write-offset=800000000 K=256 ---
[2026-06-01 06:53:22]   [geth] Stopping (SIGTERM, waiting up to 120s for clean exit): 1025135
[2026-06-01 06:53:23]   [geth] exited cleanly after 1s
[2026-06-01 06:53:23]   [cache] OS page cache dropped
Fatal: Could not create the account: account already exists
[2026-06-01 06:53:23]   [geth] Starting (pbt, gd=5, cold=1, dev.period=1, 1tx/block)
[2026-06-01 06:53:23]   [geth] Waiting for RPC...
[2026-06-01 06:53:26]   [geth] RPC ready after 3s
[2026-06-01 06:53:26]   [bench] Running execute remote...
[2026-06-01 06:53:33]   [bench] exit=0 passed=1 failed=0
0 missing_trie_node=0
0
[2026-06-01 06:53:33] 
[2026-06-01 06:53:33]   --- storage_sstore_k256_run9 (pbt) write-offset=900000000 K=256 ---
[2026-06-01 06:53:33]   [geth] Stopping (SIGTERM, waiting up to 120s for clean exit): 1025216
[2026-06-01 06:53:34]   [geth] exited cleanly after 1s
[2026-06-01 06:53:34]   [cache] OS page cache dropped
Fatal: Could not create the account: account already exists
[2026-06-01 06:53:34]   [geth] Starting (pbt, gd=5, cold=1, dev.period=1, 1tx/block)
[2026-06-01 06:53:34]   [geth] Waiting for RPC...
[2026-06-01 06:53:36]   [geth] RPC ready after 3s
[2026-06-01 06:53:36]   [bench] Running execute remote...
[2026-06-01 06:53:43]   [bench] exit=0 passed=1 failed=0
0 missing_trie_node=0
0
[2026-06-01 06:53:43] 
[2026-06-01 06:53:43]   --- storage_sstore_k256_run10 (pbt) write-offset=1000000000 K=256 ---
[2026-06-01 06:53:43]   [geth] Stopping (SIGTERM, waiting up to 120s for clean exit): 1025291
[2026-06-01 06:53:44]   [geth] exited cleanly after 1s
[2026-06-01 06:53:44]   [cache] OS page cache dropped
Fatal: Could not create the account: account already exists
[2026-06-01 06:53:44]   [geth] Starting (pbt, gd=5, cold=1, dev.period=1, 1tx/block)
[2026-06-01 06:53:44]   [geth] Waiting for RPC...
[2026-06-01 06:53:46]   [geth] RPC ready after 3s
[2026-06-01 06:53:46]   [bench] Running execute remote...
[2026-06-01 06:53:53]   [bench] exit=0 passed=1 failed=0
0 missing_trie_node=0
0
[2026-06-01 06:53:53] 
[2026-06-01 06:53:53]   --- storage_sstore_k256_run11 (pbt) write-offset=1100000000 K=256 ---
[2026-06-01 06:53:53]   [geth] Stopping (SIGTERM, waiting up to 120s for clean exit): 1025365
[2026-06-01 06:53:54]   [geth] exited cleanly after 1s
[2026-06-01 06:53:55]   [cache] OS page cache dropped
Fatal: Could not create the account: account already exists
[2026-06-01 06:53:55]   [geth] Starting (pbt, gd=5, cold=1, dev.period=1, 1tx/block)
[2026-06-01 06:53:55]   [geth] Waiting for RPC...
[2026-06-01 06:53:57]   [geth] RPC ready after 3s
[2026-06-01 06:53:57]   [bench] Running execute remote...
[2026-06-01 06:54:04]   [bench] exit=0 passed=1 failed=0
0 missing_trie_node=0
0
[2026-06-01 06:54:04] 
[2026-06-01 06:54:04]   --- storage_sstore_k256_run12 (pbt) write-offset=1200000000 K=256 ---
[2026-06-01 06:54:04]   [geth] Stopping (SIGTERM, waiting up to 120s for clean exit): 1025447
[2026-06-01 06:54:05]   [geth] exited cleanly after 1s
[2026-06-01 06:54:05]   [cache] OS page cache dropped
Fatal: Could not create the account: account already exists
[2026-06-01 06:54:05]   [geth] Starting (pbt, gd=5, cold=1, dev.period=1, 1tx/block)
[2026-06-01 06:54:05]   [geth] Waiting for RPC...
[2026-06-01 06:54:07]   [geth] RPC ready after 3s
[2026-06-01 06:54:07]   [bench] Running execute remote...
[2026-06-01 06:54:14]   [bench] exit=0 passed=1 failed=0
0 missing_trie_node=0
0
[2026-06-01 06:54:14] 
[2026-06-01 06:54:14]   --- storage_sstore_k256_run13 (pbt) write-offset=1300000000 K=256 ---
[2026-06-01 06:54:14]   [geth] Stopping (SIGTERM, waiting up to 120s for clean exit): 1025520
[2026-06-01 06:54:15]   [geth] exited cleanly after 1s
[2026-06-01 06:54:15]   [cache] OS page cache dropped
Fatal: Could not create the account: account already exists
[2026-06-01 06:54:15]   [geth] Starting (pbt, gd=5, cold=1, dev.period=1, 1tx/block)
[2026-06-01 06:54:15]   [geth] Waiting for RPC...
[2026-06-01 06:54:18]   [geth] RPC ready after 3s
[2026-06-01 06:54:18]   [bench] Running execute remote...
[2026-06-01 06:54:25]   [bench] exit=0 passed=1 failed=0
0 missing_trie_node=0
0
[2026-06-01 06:54:25] 
[2026-06-01 06:54:25]   --- storage_sstore_k256_run14 (pbt) write-offset=1400000000 K=256 ---
[2026-06-01 06:54:25]   [geth] Stopping (SIGTERM, waiting up to 120s for clean exit): 1025595
[2026-06-01 06:54:26]   [geth] exited cleanly after 1s
[2026-06-01 06:54:26]   [cache] OS page cache dropped
Fatal: Could not create the account: account already exists
[2026-06-01 06:54:26]   [geth] Starting (pbt, gd=5, cold=1, dev.period=1, 1tx/block)
[2026-06-01 06:54:26]   [geth] Waiting for RPC...
[2026-06-01 06:54:28]   [geth] RPC ready after 3s
[2026-06-01 06:54:28]   [bench] Running execute remote...
[2026-06-01 06:54:36]   [bench] exit=0 passed=1 failed=0
0 missing_trie_node=0
0
[2026-06-01 06:54:36] 
[2026-06-01 06:54:36]   --- storage_sstore_k256_run15 (pbt) write-offset=1500000000 K=256 ---
[2026-06-01 06:54:36]   [geth] Stopping (SIGTERM, waiting up to 120s for clean exit): 1025677
[2026-06-01 06:54:37]   [geth] exited cleanly after 1s
[2026-06-01 06:54:37]   [cache] OS page cache dropped
Fatal: Could not create the account: account already exists
[2026-06-01 06:54:38]   [geth] Starting (pbt, gd=5, cold=1, dev.period=1, 1tx/block)
[2026-06-01 06:54:38]   [geth] Waiting for RPC...
[2026-06-01 06:54:40]   [geth] RPC ready after 3s
[2026-06-01 06:54:40]   [bench] Running execute remote...
[2026-06-01 06:54:47]   [bench] exit=0 passed=1 failed=0
0 missing_trie_node=0
0
[2026-06-01 06:54:47] 
[2026-06-01 06:54:47]   --- storage_sstore_k256_run16 (pbt) write-offset=1600000000 K=256 ---
[2026-06-01 06:54:47]   [geth] Stopping (SIGTERM, waiting up to 120s for clean exit): 1025752
[2026-06-01 06:54:48]   [geth] exited cleanly after 1s
[2026-06-01 06:54:48]   [cache] OS page cache dropped
Fatal: Could not create the account: account already exists
[2026-06-01 06:54:48]   [geth] Starting (pbt, gd=5, cold=1, dev.period=1, 1tx/block)
[2026-06-01 06:54:48]   [geth] Waiting for RPC...
[2026-06-01 06:54:50]   [geth] RPC ready after 3s
[2026-06-01 06:54:50]   [bench] Running execute remote...
[2026-06-01 06:54:57]   [bench] exit=0 passed=1 failed=0
0 missing_trie_node=0
0
[2026-06-01 06:54:57] 
[2026-06-01 06:54:57]   --- storage_sstore_k256_run17 (pbt) write-offset=1700000000 K=256 ---
[2026-06-01 06:54:57]   [geth] Stopping (SIGTERM, waiting up to 120s for clean exit): 1025826
[2026-06-01 06:54:58]   [geth] exited cleanly after 1s
[2026-06-01 06:54:59]   [cache] OS page cache dropped
Fatal: Could not create the account: account already exists
[2026-06-01 06:54:59]   [geth] Starting (pbt, gd=5, cold=1, dev.period=1, 1tx/block)
[2026-06-01 06:54:59]   [geth] Waiting for RPC...
[2026-06-01 06:55:01]   [geth] RPC ready after 3s
[2026-06-01 06:55:01]   [bench] Running execute remote...
[2026-06-01 06:55:08]   [bench] exit=0 passed=1 failed=0
0 missing_trie_node=0
0
[2026-06-01 06:55:08] 
[2026-06-01 06:55:08]   --- storage_sstore_k256_run18 (pbt) write-offset=1800000000 K=256 ---
[2026-06-01 06:55:08]   [geth] Stopping (SIGTERM, waiting up to 120s for clean exit): 1025909
[2026-06-01 06:55:09]   [geth] exited cleanly after 1s
[2026-06-01 06:55:09]   [cache] OS page cache dropped
Fatal: Could not create the account: account already exists
[2026-06-01 06:55:09]   [geth] Starting (pbt, gd=5, cold=1, dev.period=1, 1tx/block)
[2026-06-01 06:55:09]   [geth] Waiting for RPC...
[2026-06-01 06:55:11]   [geth] RPC ready after 3s
[2026-06-01 06:55:11]   [bench] Running execute remote...
[2026-06-01 06:55:18]   [bench] exit=0 passed=1 failed=0
0 missing_trie_node=0
0
[2026-06-01 06:55:18] 
[2026-06-01 06:55:18]   --- storage_sstore_k256_run19 (pbt) write-offset=1900000000 K=256 ---
[2026-06-01 06:55:18]   [geth] Stopping (SIGTERM, waiting up to 120s for clean exit): 1025985
[2026-06-01 06:55:19]   [geth] exited cleanly after 1s
[2026-06-01 06:55:19]   [cache] OS page cache dropped
Fatal: Could not create the account: account already exists
[2026-06-01 06:55:20]   [geth] Starting (pbt, gd=5, cold=1, dev.period=1, 1tx/block)
[2026-06-01 06:55:20]   [geth] Waiting for RPC...
[2026-06-01 06:55:22]   [geth] RPC ready after 3s
[2026-06-01 06:55:22]   [bench] Running execute remote...
[2026-06-01 06:55:29]   [bench] exit=0 passed=1 failed=0
0 missing_trie_node=0
0
[2026-06-01 06:55:29] 
[2026-06-01 06:55:29]   --- storage_sstore_k256_run20 (pbt) write-offset=2000000000 K=256 ---
[2026-06-01 06:55:29]   [geth] Stopping (SIGTERM, waiting up to 120s for clean exit): 1026061
[2026-06-01 06:55:30]   [geth] exited cleanly after 1s
[2026-06-01 06:55:30]   [cache] OS page cache dropped
Fatal: Could not create the account: account already exists
[2026-06-01 06:55:30]   [geth] Starting (pbt, gd=5, cold=1, dev.period=1, 1tx/block)
[2026-06-01 06:55:30]   [geth] Waiting for RPC...
[2026-06-01 06:55:32]   [geth] RPC ready after 3s
[2026-06-01 06:55:32]   [bench] Running execute remote...
[2026-06-01 06:55:39]   [bench] exit=0 passed=1 failed=0
0 missing_trie_node=0
0
[2026-06-01 06:55:39] 
[2026-06-01 06:55:39]   ── BENCHMARK: storage_mixed_k1 (pool=256 contracts; effective K=1)
[2026-06-01 06:55:39] 
[2026-06-01 06:55:39]   --- storage_mixed_k1_run1 (pbt) write-offset=100000000 K=1 ---
[2026-06-01 06:55:39]   [geth] Stopping (SIGTERM, waiting up to 120s for clean exit): 1026143
[2026-06-01 06:55:40]   [geth] exited cleanly after 1s
[2026-06-01 06:55:40]   [cache] OS page cache dropped
Fatal: Could not create the account: account already exists
[2026-06-01 06:55:41]   [geth] Starting (pbt, gd=5, cold=1, dev.period=1, 1tx/block)
[2026-06-01 06:55:41]   [geth] Waiting for RPC...
[2026-06-01 06:55:43]   [geth] RPC ready after 3s
[2026-06-01 06:55:43]   [bench] Running execute remote...
[2026-06-01 06:55:50]   [bench] exit=0 passed=1 failed=0
0 missing_trie_node=0
0
[2026-06-01 06:55:50] 
[2026-06-01 06:55:50]   --- storage_mixed_k1_run2 (pbt) write-offset=200000000 K=1 ---
[2026-06-01 06:55:50]   [geth] Stopping (SIGTERM, waiting up to 120s for clean exit): 1026244
[2026-06-01 06:55:51]   [geth] exited cleanly after 1s
[2026-06-01 06:55:51]   [cache] OS page cache dropped
Fatal: Could not create the account: account already exists
[2026-06-01 06:55:51]   [geth] Starting (pbt, gd=5, cold=1, dev.period=1, 1tx/block)
[2026-06-01 06:55:51]   [geth] Waiting for RPC...
[2026-06-01 06:55:53]   [geth] RPC ready after 3s
[2026-06-01 06:55:53]   [bench] Running execute remote...
[2026-06-01 06:56:00]   [bench] exit=0 passed=1 failed=0
0 missing_trie_node=0
0
[2026-06-01 06:56:00] 
[2026-06-01 06:56:00]   --- storage_mixed_k1_run3 (pbt) write-offset=300000000 K=1 ---
[2026-06-01 06:56:00]   [geth] Stopping (SIGTERM, waiting up to 120s for clean exit): 1026329
[2026-06-01 06:56:01]   [geth] exited cleanly after 1s
[2026-06-01 06:56:01]   [cache] OS page cache dropped
Fatal: Could not create the account: account already exists
[2026-06-01 06:56:01]   [geth] Starting (pbt, gd=5, cold=1, dev.period=1, 1tx/block)
[2026-06-01 06:56:01]   [geth] Waiting for RPC...
[2026-06-01 06:56:03]   [geth] RPC ready after 3s
[2026-06-01 06:56:03]   [bench] Running execute remote...
[2026-06-01 06:56:11]   [bench] exit=0 passed=1 failed=0
0 missing_trie_node=0
0
[2026-06-01 06:56:11] 
[2026-06-01 06:56:11]   --- storage_mixed_k1_run4 (pbt) write-offset=400000000 K=1 ---
[2026-06-01 06:56:11]   [geth] Stopping (SIGTERM, waiting up to 120s for clean exit): 1026404
[2026-06-01 06:56:12]   [geth] exited cleanly after 1s
[2026-06-01 06:56:12]   [cache] OS page cache dropped
Fatal: Could not create the account: account already exists
[2026-06-01 06:56:12]   [geth] Starting (pbt, gd=5, cold=1, dev.period=1, 1tx/block)
[2026-06-01 06:56:12]   [geth] Waiting for RPC...
[2026-06-01 06:56:14]   [geth] RPC ready after 3s
[2026-06-01 06:56:14]   [bench] Running execute remote...
[2026-06-01 06:56:21]   [bench] exit=0 passed=1 failed=0
0 missing_trie_node=0
0
[2026-06-01 06:56:21] 
[2026-06-01 06:56:21]   --- storage_mixed_k1_run5 (pbt) write-offset=500000000 K=1 ---
[2026-06-01 06:56:21]   [geth] Stopping (SIGTERM, waiting up to 120s for clean exit): 1026481
[2026-06-01 06:56:22]   [geth] exited cleanly after 1s
[2026-06-01 06:56:22]   [cache] OS page cache dropped
Fatal: Could not create the account: account already exists
[2026-06-01 06:56:22]   [geth] Starting (pbt, gd=5, cold=1, dev.period=1, 1tx/block)
[2026-06-01 06:56:22]   [geth] Waiting for RPC...
[2026-06-01 06:56:24]   [geth] RPC ready after 3s
[2026-06-01 06:56:24]   [bench] Running execute remote...
[2026-06-01 06:56:32]   [bench] exit=0 passed=1 failed=0
0 missing_trie_node=0
0
[2026-06-01 06:56:32] 
[2026-06-01 06:56:32]   --- storage_mixed_k1_run6 (pbt) write-offset=600000000 K=1 ---
[2026-06-01 06:56:32]   [geth] Stopping (SIGTERM, waiting up to 120s for clean exit): 1026563
[2026-06-01 06:56:33]   [geth] exited cleanly after 1s
[2026-06-01 06:56:33]   [cache] OS page cache dropped
Fatal: Could not create the account: account already exists
[2026-06-01 06:56:33]   [geth] Starting (pbt, gd=5, cold=1, dev.period=1, 1tx/block)
[2026-06-01 06:56:33]   [geth] Waiting for RPC...
[2026-06-01 06:56:35]   [geth] RPC ready after 3s
[2026-06-01 06:56:35]   [bench] Running execute remote...
[2026-06-01 06:56:42]   [bench] exit=0 passed=1 failed=0
0 missing_trie_node=0
0
[2026-06-01 06:56:42] 
[2026-06-01 06:56:42]   --- storage_mixed_k1_run7 (pbt) write-offset=700000000 K=1 ---
[2026-06-01 06:56:42]   [geth] Stopping (SIGTERM, waiting up to 120s for clean exit): 1026637
[2026-06-01 06:56:43]   [geth] exited cleanly after 1s
[2026-06-01 06:56:43]   [cache] OS page cache dropped
Fatal: Could not create the account: account already exists
[2026-06-01 06:56:43]   [geth] Starting (pbt, gd=5, cold=1, dev.period=1, 1tx/block)
[2026-06-01 06:56:43]   [geth] Waiting for RPC...
[2026-06-01 06:56:45]   [geth] RPC ready after 3s
[2026-06-01 06:56:45]   [bench] Running execute remote...
[2026-06-01 06:56:52]   [bench] exit=0 passed=1 failed=0
0 missing_trie_node=0
0
[2026-06-01 06:56:52] 
[2026-06-01 06:56:52]   --- storage_mixed_k1_run8 (pbt) write-offset=800000000 K=1 ---
[2026-06-01 06:56:52]   [geth] Stopping (SIGTERM, waiting up to 120s for clean exit): 1026711
[2026-06-01 06:56:53]   [geth] exited cleanly after 1s
[2026-06-01 06:56:54]   [cache] OS page cache dropped
Fatal: Could not create the account: account already exists
[2026-06-01 06:56:54]   [geth] Starting (pbt, gd=5, cold=1, dev.period=1, 1tx/block)
[2026-06-01 06:56:54]   [geth] Waiting for RPC...
[2026-06-01 06:56:56]   [geth] RPC ready after 3s
[2026-06-01 06:56:56]   [bench] Running execute remote...
[2026-06-01 06:57:03]   [bench] exit=0 passed=1 failed=0
0 missing_trie_node=0
0
[2026-06-01 06:57:03] 
[2026-06-01 06:57:03]   --- storage_mixed_k1_run9 (pbt) write-offset=900000000 K=1 ---
[2026-06-01 06:57:03]   [geth] Stopping (SIGTERM, waiting up to 120s for clean exit): 1026794
[2026-06-01 06:57:04]   [geth] exited cleanly after 1s
[2026-06-01 06:57:04]   [cache] OS page cache dropped
Fatal: Could not create the account: account already exists
[2026-06-01 06:57:04]   [geth] Starting (pbt, gd=5, cold=1, dev.period=1, 1tx/block)
[2026-06-01 06:57:04]   [geth] Waiting for RPC...
[2026-06-01 06:57:06]   [geth] RPC ready after 3s
[2026-06-01 06:57:06]   [bench] Running execute remote...
[2026-06-01 06:57:13]   [bench] exit=0 passed=1 failed=0
0 missing_trie_node=0
0
[2026-06-01 06:57:13] 
[2026-06-01 06:57:13]   --- storage_mixed_k1_run10 (pbt) write-offset=1000000000 K=1 ---
[2026-06-01 06:57:13]   [geth] Stopping (SIGTERM, waiting up to 120s for clean exit): 1026873
[2026-06-01 06:57:14]   [geth] exited cleanly after 1s
[2026-06-01 06:57:15]   [cache] OS page cache dropped
Fatal: Could not create the account: account already exists
[2026-06-01 06:57:15]   [geth] Starting (pbt, gd=5, cold=1, dev.period=1, 1tx/block)
[2026-06-01 06:57:15]   [geth] Waiting for RPC...
[2026-06-01 06:57:17]   [geth] RPC ready after 3s
[2026-06-01 06:57:17]   [bench] Running execute remote...
[2026-06-01 06:57:24]   [bench] exit=0 passed=1 failed=0
0 missing_trie_node=0
0
[2026-06-01 06:57:24] 
[2026-06-01 06:57:24]   --- storage_mixed_k1_run11 (pbt) write-offset=1100000000 K=1 ---
[2026-06-01 06:57:24]   [geth] Stopping (SIGTERM, waiting up to 120s for clean exit): 1026961
[2026-06-01 06:57:25]   [geth] exited cleanly after 1s
[2026-06-01 06:57:25]   [cache] OS page cache dropped
Fatal: Could not create the account: account already exists
[2026-06-01 06:57:25]   [geth] Starting (pbt, gd=5, cold=1, dev.period=1, 1tx/block)
[2026-06-01 06:57:25]   [geth] Waiting for RPC...
[2026-06-01 06:57:27]   [geth] RPC ready after 3s
[2026-06-01 06:57:27]   [bench] Running execute remote...
[2026-06-01 06:57:34]   [bench] exit=0 passed=1 failed=0
0 missing_trie_node=0
0
[2026-06-01 06:57:34] 
[2026-06-01 06:57:34]   --- storage_mixed_k1_run12 (pbt) write-offset=1200000000 K=1 ---
[2026-06-01 06:57:34]   [geth] Stopping (SIGTERM, waiting up to 120s for clean exit): 1027043
[2026-06-01 06:57:35]   [geth] exited cleanly after 1s
[2026-06-01 06:57:36]   [cache] OS page cache dropped
Fatal: Could not create the account: account already exists
[2026-06-01 06:57:36]   [geth] Starting (pbt, gd=5, cold=1, dev.period=1, 1tx/block)
[2026-06-01 06:57:36]   [geth] Waiting for RPC...
[2026-06-01 06:57:38]   [geth] RPC ready after 3s
[2026-06-01 06:57:38]   [bench] Running execute remote...
[2026-06-01 06:57:45]   [bench] exit=0 passed=1 failed=0
0 missing_trie_node=0
0
[2026-06-01 06:57:45] 
[2026-06-01 06:57:45]   --- storage_mixed_k1_run13 (pbt) write-offset=1300000000 K=1 ---
[2026-06-01 06:57:45]   [geth] Stopping (SIGTERM, waiting up to 120s for clean exit): 1027119
[2026-06-01 06:57:46]   [geth] exited cleanly after 1s
[2026-06-01 06:57:46]   [cache] OS page cache dropped
Fatal: Could not create the account: account already exists
[2026-06-01 06:57:46]   [geth] Starting (pbt, gd=5, cold=1, dev.period=1, 1tx/block)
[2026-06-01 06:57:46]   [geth] Waiting for RPC...
[2026-06-01 06:57:48]   [geth] RPC ready after 3s
[2026-06-01 06:57:48]   [bench] Running execute remote...
[2026-06-01 06:57:55]   [bench] exit=0 passed=1 failed=0
0 missing_trie_node=0
0
[2026-06-01 06:57:55] 
[2026-06-01 06:57:55]   --- storage_mixed_k1_run14 (pbt) write-offset=1400000000 K=1 ---
[2026-06-01 06:57:55]   [geth] Stopping (SIGTERM, waiting up to 120s for clean exit): 1027193
[2026-06-01 06:57:56]   [geth] exited cleanly after 1s
[2026-06-01 06:57:57]   [cache] OS page cache dropped
Fatal: Could not create the account: account already exists
[2026-06-01 06:57:57]   [geth] Starting (pbt, gd=5, cold=1, dev.period=1, 1tx/block)
[2026-06-01 06:57:57]   [geth] Waiting for RPC...
[2026-06-01 06:57:59]   [geth] RPC ready after 3s
[2026-06-01 06:57:59]   [bench] Running execute remote...
[2026-06-01 06:58:06]   [bench] exit=0 passed=1 failed=0
0 missing_trie_node=0
0
[2026-06-01 06:58:06] 
[2026-06-01 06:58:06]   --- storage_mixed_k1_run15 (pbt) write-offset=1500000000 K=1 ---
[2026-06-01 06:58:06]   [geth] Stopping (SIGTERM, waiting up to 120s for clean exit): 1027276
[2026-06-01 06:58:07]   [geth] exited cleanly after 1s
[2026-06-01 06:58:07]   [cache] OS page cache dropped
Fatal: Could not create the account: account already exists
[2026-06-01 06:58:07]   [geth] Starting (pbt, gd=5, cold=1, dev.period=1, 1tx/block)
[2026-06-01 06:58:07]   [geth] Waiting for RPC...
[2026-06-01 06:58:09]   [geth] RPC ready after 3s
[2026-06-01 06:58:09]   [bench] Running execute remote...
[2026-06-01 06:58:16]   [bench] exit=0 passed=1 failed=0
0 missing_trie_node=0
0
[2026-06-01 06:58:16] 
[2026-06-01 06:58:16]   --- storage_mixed_k1_run16 (pbt) write-offset=1600000000 K=1 ---
[2026-06-01 06:58:16]   [geth] Stopping (SIGTERM, waiting up to 120s for clean exit): 1027349
[2026-06-01 06:58:17]   [geth] exited cleanly after 1s
[2026-06-01 06:58:17]   [cache] OS page cache dropped
Fatal: Could not create the account: account already exists
[2026-06-01 06:58:18]   [geth] Starting (pbt, gd=5, cold=1, dev.period=1, 1tx/block)
[2026-06-01 06:58:18]   [geth] Waiting for RPC...
[2026-06-01 06:58:20]   [geth] RPC ready after 3s
[2026-06-01 06:58:20]   [bench] Running execute remote...
[2026-06-01 06:58:27]   [bench] exit=0 passed=1 failed=0
0 missing_trie_node=0
0
[2026-06-01 06:58:27] 
[2026-06-01 06:58:27]   --- storage_mixed_k1_run17 (pbt) write-offset=1700000000 K=1 ---
[2026-06-01 06:58:27]   [geth] Stopping (SIGTERM, waiting up to 120s for clean exit): 1027423
[2026-06-01 06:58:28]   [geth] exited cleanly after 1s
[2026-06-01 06:58:28]   [cache] OS page cache dropped
Fatal: Could not create the account: account already exists
[2026-06-01 06:58:28]   [geth] Starting (pbt, gd=5, cold=1, dev.period=1, 1tx/block)
[2026-06-01 06:58:28]   [geth] Waiting for RPC...
[2026-06-01 06:58:30]   [geth] RPC ready after 3s
[2026-06-01 06:58:30]   [bench] Running execute remote...
[2026-06-01 06:58:37]   [bench] exit=0 passed=1 failed=0
0 missing_trie_node=0
0
[2026-06-01 06:58:37] 
[2026-06-01 06:58:37]   --- storage_mixed_k1_run18 (pbt) write-offset=1800000000 K=1 ---
[2026-06-01 06:58:37]   [geth] Stopping (SIGTERM, waiting up to 120s for clean exit): 1027503
[2026-06-01 06:58:38]   [geth] exited cleanly after 1s
[2026-06-01 06:58:39]   [cache] OS page cache dropped
Fatal: Could not create the account: account already exists
[2026-06-01 06:58:39]   [geth] Starting (pbt, gd=5, cold=1, dev.period=1, 1tx/block)
[2026-06-01 06:58:39]   [geth] Waiting for RPC...
[2026-06-01 06:58:41]   [geth] RPC ready after 3s
[2026-06-01 06:58:41]   [bench] Running execute remote...
[2026-06-01 06:58:48]   [bench] exit=0 passed=1 failed=0
0 missing_trie_node=0
0
[2026-06-01 06:58:48] 
[2026-06-01 06:58:48]   --- storage_mixed_k1_run19 (pbt) write-offset=1900000000 K=1 ---
[2026-06-01 06:58:48]   [geth] Stopping (SIGTERM, waiting up to 120s for clean exit): 1027577
[2026-06-01 06:58:49]   [geth] exited cleanly after 1s
[2026-06-01 06:58:49]   [cache] OS page cache dropped
Fatal: Could not create the account: account already exists
[2026-06-01 06:58:49]   [geth] Starting (pbt, gd=5, cold=1, dev.period=1, 1tx/block)
[2026-06-01 06:58:49]   [geth] Waiting for RPC...
[2026-06-01 06:58:51]   [geth] RPC ready after 3s
[2026-06-01 06:58:51]   [bench] Running execute remote...
[2026-06-01 06:58:58]   [bench] exit=0 passed=1 failed=0
0 missing_trie_node=0
0
[2026-06-01 06:58:58] 
[2026-06-01 06:58:58]   --- storage_mixed_k1_run20 (pbt) write-offset=2000000000 K=1 ---
[2026-06-01 06:58:58]   [geth] Stopping (SIGTERM, waiting up to 120s for clean exit): 1027653
[2026-06-01 06:58:59]   [geth] exited cleanly after 1s
[2026-06-01 06:59:00]   [cache] OS page cache dropped
Fatal: Could not create the account: account already exists
[2026-06-01 06:59:00]   [geth] Starting (pbt, gd=5, cold=1, dev.period=1, 1tx/block)
[2026-06-01 06:59:00]   [geth] Waiting for RPC...
[2026-06-01 06:59:02]   [geth] RPC ready after 3s
[2026-06-01 06:59:02]   [bench] Running execute remote...
[2026-06-01 06:59:09]   [bench] exit=0 passed=1 failed=0
0 missing_trie_node=0
0
[2026-06-01 06:59:09] 
[2026-06-01 06:59:09]   ── BENCHMARK: storage_mixed_k10 (pool=256 contracts; effective K=10)
[2026-06-01 06:59:09] 
[2026-06-01 06:59:09]   --- storage_mixed_k10_run1 (pbt) write-offset=100000000 K=10 ---
[2026-06-01 06:59:09]   [geth] Stopping (SIGTERM, waiting up to 120s for clean exit): 1027736
[2026-06-01 06:59:10]   [geth] exited cleanly after 1s
[2026-06-01 06:59:10]   [cache] OS page cache dropped
Fatal: Could not create the account: account already exists
[2026-06-01 06:59:10]   [geth] Starting (pbt, gd=5, cold=1, dev.period=1, 1tx/block)
[2026-06-01 06:59:10]   [geth] Waiting for RPC...
[2026-06-01 06:59:12]   [geth] RPC ready after 3s
[2026-06-01 06:59:12]   [bench] Running execute remote...
[2026-06-01 06:59:19]   [bench] exit=0 passed=1 failed=0
0 missing_trie_node=0
0
[2026-06-01 06:59:19] 
[2026-06-01 06:59:19]   --- storage_mixed_k10_run2 (pbt) write-offset=200000000 K=10 ---
[2026-06-01 06:59:19]   [geth] Stopping (SIGTERM, waiting up to 120s for clean exit): 1027835
[2026-06-01 06:59:20]   [geth] exited cleanly after 1s
[2026-06-01 06:59:21]   [cache] OS page cache dropped
Fatal: Could not create the account: account already exists
[2026-06-01 06:59:21]   [geth] Starting (pbt, gd=5, cold=1, dev.period=1, 1tx/block)
[2026-06-01 06:59:21]   [geth] Waiting for RPC...
[2026-06-01 06:59:23]   [geth] RPC ready after 3s
[2026-06-01 06:59:23]   [bench] Running execute remote...
[2026-06-01 06:59:30]   [bench] exit=0 passed=1 failed=0
0 missing_trie_node=0
0
[2026-06-01 06:59:30] 
[2026-06-01 06:59:30]   --- storage_mixed_k10_run3 (pbt) write-offset=300000000 K=10 ---
[2026-06-01 06:59:30]   [geth] Stopping (SIGTERM, waiting up to 120s for clean exit): 1027918
[2026-06-01 06:59:31]   [geth] exited cleanly after 1s
[2026-06-01 06:59:31]   [cache] OS page cache dropped
Fatal: Could not create the account: account already exists
[2026-06-01 06:59:31]   [geth] Starting (pbt, gd=5, cold=1, dev.period=1, 1tx/block)
[2026-06-01 06:59:31]   [geth] Waiting for RPC...
[2026-06-01 06:59:33]   [geth] RPC ready after 3s
[2026-06-01 06:59:33]   [bench] Running execute remote...
[2026-06-01 06:59:40]   [bench] exit=0 passed=1 failed=0
0 missing_trie_node=0
0
[2026-06-01 06:59:40] 
[2026-06-01 06:59:40]   --- storage_mixed_k10_run4 (pbt) write-offset=400000000 K=10 ---
[2026-06-01 06:59:40]   [geth] Stopping (SIGTERM, waiting up to 120s for clean exit): 1027996
[2026-06-01 06:59:41]   [geth] exited cleanly after 1s
[2026-06-01 06:59:41]   [cache] OS page cache dropped
Fatal: Could not create the account: account already exists
[2026-06-01 06:59:42]   [geth] Starting (pbt, gd=5, cold=1, dev.period=1, 1tx/block)
[2026-06-01 06:59:42]   [geth] Waiting for RPC...
[2026-06-01 06:59:44]   [geth] RPC ready after 3s
[2026-06-01 06:59:44]   [bench] Running execute remote...
[2026-06-01 06:59:51]   [bench] exit=0 passed=1 failed=0
0 missing_trie_node=0
0
[2026-06-01 06:59:51] 
[2026-06-01 06:59:51]   --- storage_mixed_k10_run5 (pbt) write-offset=500000000 K=10 ---
[2026-06-01 06:59:51]   [geth] Stopping (SIGTERM, waiting up to 120s for clean exit): 1028072
[2026-06-01 06:59:52]   [geth] exited cleanly after 1s
[2026-06-01 06:59:52]   [cache] OS page cache dropped
Fatal: Could not create the account: account already exists
[2026-06-01 06:59:52]   [geth] Starting (pbt, gd=5, cold=1, dev.period=1, 1tx/block)
[2026-06-01 06:59:52]   [geth] Waiting for RPC...
[2026-06-01 06:59:54]   [geth] RPC ready after 3s
[2026-06-01 06:59:54]   [bench] Running execute remote...
[2026-06-01 07:00:01]   [bench] exit=0 passed=1 failed=0
0 missing_trie_node=0
0
[2026-06-01 07:00:01] 
[2026-06-01 07:00:01]   --- storage_mixed_k10_run6 (pbt) write-offset=600000000 K=10 ---
[2026-06-01 07:00:01]   [geth] Stopping (SIGTERM, waiting up to 120s for clean exit): 1028155
[2026-06-01 07:00:02]   [geth] exited cleanly after 1s
[2026-06-01 07:00:02]   [cache] OS page cache dropped
Fatal: Could not create the account: account already exists
[2026-06-01 07:00:02]   [geth] Starting (pbt, gd=5, cold=1, dev.period=1, 1tx/block)
[2026-06-01 07:00:02]   [geth] Waiting for RPC...
[2026-06-01 07:00:05]   [geth] RPC ready after 3s
[2026-06-01 07:00:05]   [bench] Running execute remote...
[2026-06-01 07:00:11]   [bench] exit=0 passed=1 failed=0
0 missing_trie_node=0
0
[2026-06-01 07:00:11] 
[2026-06-01 07:00:11]   --- storage_mixed_k10_run7 (pbt) write-offset=700000000 K=10 ---
[2026-06-01 07:00:11]   [geth] Stopping (SIGTERM, waiting up to 120s for clean exit): 1028231
[2026-06-01 07:00:12]   [geth] exited cleanly after 1s
[2026-06-01 07:00:12]   [cache] OS page cache dropped
Fatal: Could not create the account: account already exists
[2026-06-01 07:00:12]   [geth] Starting (pbt, gd=5, cold=1, dev.period=1, 1tx/block)
[2026-06-01 07:00:12]   [geth] Waiting for RPC...
[2026-06-01 07:00:14]   [geth] RPC ready after 3s
[2026-06-01 07:00:14]   [bench] Running execute remote...
[2026-06-01 07:00:20]   [bench] exit=0 passed=1 failed=0
0 missing_trie_node=0
0
[2026-06-01 07:00:20] 
[2026-06-01 07:00:20]   --- storage_mixed_k10_run8 (pbt) write-offset=800000000 K=10 ---
[2026-06-01 07:00:20]   [geth] Stopping (SIGTERM, waiting up to 120s for clean exit): 1028307
[2026-06-01 07:00:21]   [geth] exited cleanly after 1s
[2026-06-01 07:00:22]   [cache] OS page cache dropped
Fatal: Could not create the account: account already exists
[2026-06-01 07:00:22]   [geth] Starting (pbt, gd=5, cold=1, dev.period=1, 1tx/block)
[2026-06-01 07:00:22]   [geth] Waiting for RPC...
[2026-06-01 07:00:24]   [geth] RPC ready after 3s
[2026-06-01 07:00:24]   [bench] Running execute remote...
[2026-06-01 07:00:31]   [bench] exit=0 passed=1 failed=0
0 missing_trie_node=0
0
[2026-06-01 07:00:31] 
[2026-06-01 07:00:31]   --- storage_mixed_k10_run9 (pbt) write-offset=900000000 K=10 ---
[2026-06-01 07:00:31]   [geth] Stopping (SIGTERM, waiting up to 120s for clean exit): 1028389
[2026-06-01 07:00:32]   [geth] exited cleanly after 1s
[2026-06-01 07:00:32]   [cache] OS page cache dropped
Fatal: Could not create the account: account already exists
[2026-06-01 07:00:32]   [geth] Starting (pbt, gd=5, cold=1, dev.period=1, 1tx/block)
[2026-06-01 07:00:32]   [geth] Waiting for RPC...
[2026-06-01 07:00:34]   [geth] RPC ready after 3s
[2026-06-01 07:00:34]   [bench] Running execute remote...
[2026-06-01 07:00:41]   [bench] exit=0 passed=1 failed=0
0 missing_trie_node=0
0
[2026-06-01 07:00:41] 
[2026-06-01 07:00:41]   --- storage_mixed_k10_run10 (pbt) write-offset=1000000000 K=10 ---
[2026-06-01 07:00:41]   [geth] Stopping (SIGTERM, waiting up to 120s for clean exit): 1028464
[2026-06-01 07:00:42]   [geth] exited cleanly after 1s
[2026-06-01 07:00:42]   [cache] OS page cache dropped
Fatal: Could not create the account: account already exists
[2026-06-01 07:00:42]   [geth] Starting (pbt, gd=5, cold=1, dev.period=1, 1tx/block)
[2026-06-01 07:00:42]   [geth] Waiting for RPC...
[2026-06-01 07:00:45]   [geth] RPC ready after 3s
[2026-06-01 07:00:45]   [bench] Running execute remote...
[2026-06-01 07:00:51]   [bench] exit=0 passed=1 failed=0
0 missing_trie_node=0
0
[2026-06-01 07:00:51] 
[2026-06-01 07:00:51]   --- storage_mixed_k10_run11 (pbt) write-offset=1100000000 K=10 ---
[2026-06-01 07:00:51]   [geth] Stopping (SIGTERM, waiting up to 120s for clean exit): 1028539
[2026-06-01 07:00:52]   [geth] exited cleanly after 1s
[2026-06-01 07:00:52]   [cache] OS page cache dropped
Fatal: Could not create the account: account already exists
[2026-06-01 07:00:52]   [geth] Starting (pbt, gd=5, cold=1, dev.period=1, 1tx/block)
[2026-06-01 07:00:52]   [geth] Waiting for RPC...
[2026-06-01 07:00:54]   [geth] RPC ready after 3s
[2026-06-01 07:00:54]   [bench] Running execute remote...
[2026-06-01 07:01:00]   [bench] exit=0 passed=1 failed=0
0 missing_trie_node=0
0
[2026-06-01 07:01:00] 
[2026-06-01 07:01:00]   --- storage_mixed_k10_run12 (pbt) write-offset=1200000000 K=10 ---
[2026-06-01 07:01:00]   [geth] Stopping (SIGTERM, waiting up to 120s for clean exit): 1028623
[2026-06-01 07:01:01]   [geth] exited cleanly after 1s
[2026-06-01 07:01:01]   [cache] OS page cache dropped
Fatal: Could not create the account: account already exists
[2026-06-01 07:01:01]   [geth] Starting (pbt, gd=5, cold=1, dev.period=1, 1tx/block)
[2026-06-01 07:01:01]   [geth] Waiting for RPC...
[2026-06-01 07:01:04]   [geth] RPC ready after 3s
[2026-06-01 07:01:04]   [bench] Running execute remote...
[2026-06-01 07:01:10]   [bench] exit=0 passed=1 failed=0
0 missing_trie_node=0
0
[2026-06-01 07:01:10] 
[2026-06-01 07:01:10]   --- storage_mixed_k10_run13 (pbt) write-offset=1300000000 K=10 ---
[2026-06-01 07:01:10]   [geth] Stopping (SIGTERM, waiting up to 120s for clean exit): 1028700
[2026-06-01 07:01:11]   [geth] exited cleanly after 1s
[2026-06-01 07:01:11]   [cache] OS page cache dropped
Fatal: Could not create the account: account already exists
[2026-06-01 07:01:11]   [geth] Starting (pbt, gd=5, cold=1, dev.period=1, 1tx/block)
[2026-06-01 07:01:11]   [geth] Waiting for RPC...
[2026-06-01 07:01:13]   [geth] RPC ready after 3s
[2026-06-01 07:01:13]   [bench] Running execute remote...
[2026-06-01 07:01:19]   [bench] exit=0 passed=1 failed=0
0 missing_trie_node=0
0
[2026-06-01 07:01:19] 
[2026-06-01 07:01:19]   --- storage_mixed_k10_run14 (pbt) write-offset=1400000000 K=10 ---
[2026-06-01 07:01:19]   [geth] Stopping (SIGTERM, waiting up to 120s for clean exit): 1028776
[2026-06-01 07:01:20]   [geth] exited cleanly after 1s
[2026-06-01 07:01:20]   [cache] OS page cache dropped
Fatal: Could not create the account: account already exists
[2026-06-01 07:01:20]   [geth] Starting (pbt, gd=5, cold=1, dev.period=1, 1tx/block)
[2026-06-01 07:01:21]   [geth] Waiting for RPC...
[2026-06-01 07:01:23]   [geth] RPC ready after 3s
[2026-06-01 07:01:23]   [bench] Running execute remote...
[2026-06-01 07:01:29]   [bench] exit=0 passed=1 failed=0
0 missing_trie_node=0
0
[2026-06-01 07:01:29] 
[2026-06-01 07:01:29]   --- storage_mixed_k10_run15 (pbt) write-offset=1500000000 K=10 ---
[2026-06-01 07:01:29]   [geth] Stopping (SIGTERM, waiting up to 120s for clean exit): 1028858
[2026-06-01 07:01:30]   [geth] exited cleanly after 1s
[2026-06-01 07:01:30]   [cache] OS page cache dropped
Fatal: Could not create the account: account already exists
[2026-06-01 07:01:30]   [geth] Starting (pbt, gd=5, cold=1, dev.period=1, 1tx/block)
[2026-06-01 07:01:30]   [geth] Waiting for RPC...
[2026-06-01 07:01:32]   [geth] RPC ready after 3s
[2026-06-01 07:01:32]   [bench] Running execute remote...
[2026-06-01 07:01:39]   [bench] exit=0 passed=1 failed=0
0 missing_trie_node=0
0
[2026-06-01 07:01:39] 
[2026-06-01 07:01:39]   --- storage_mixed_k10_run16 (pbt) write-offset=1600000000 K=10 ---
[2026-06-01 07:01:39]   [geth] Stopping (SIGTERM, waiting up to 120s for clean exit): 1028933
[2026-06-01 07:01:40]   [geth] exited cleanly after 1s
[2026-06-01 07:01:40]   [cache] OS page cache dropped
Fatal: Could not create the account: account already exists
[2026-06-01 07:01:40]   [geth] Starting (pbt, gd=5, cold=1, dev.period=1, 1tx/block)
[2026-06-01 07:01:40]   [geth] Waiting for RPC...
[2026-06-01 07:01:42]   [geth] RPC ready after 3s
[2026-06-01 07:01:42]   [bench] Running execute remote...
[2026-06-01 07:01:49]   [bench] exit=0 passed=1 failed=0
0 missing_trie_node=0
0
[2026-06-01 07:01:49] 
[2026-06-01 07:01:49]   --- storage_mixed_k10_run17 (pbt) write-offset=1700000000 K=10 ---
[2026-06-01 07:01:49]   [geth] Stopping (SIGTERM, waiting up to 120s for clean exit): 1029010
[2026-06-01 07:01:50]   [geth] exited cleanly after 1s
[2026-06-01 07:01:50]   [cache] OS page cache dropped
Fatal: Could not create the account: account already exists
[2026-06-01 07:01:50]   [geth] Starting (pbt, gd=5, cold=1, dev.period=1, 1tx/block)
[2026-06-01 07:01:50]   [geth] Waiting for RPC...
[2026-06-01 07:01:52]   [geth] RPC ready after 3s
[2026-06-01 07:01:52]   [bench] Running execute remote...
[2026-06-01 07:01:58]   [bench] exit=0 passed=1 failed=0
0 missing_trie_node=0
0
[2026-06-01 07:01:58] 
[2026-06-01 07:01:58]   --- storage_mixed_k10_run18 (pbt) write-offset=1800000000 K=10 ---
[2026-06-01 07:01:58]   [geth] Stopping (SIGTERM, waiting up to 120s for clean exit): 1029093
[2026-06-01 07:01:59]   [geth] exited cleanly after 1s
[2026-06-01 07:01:59]   [cache] OS page cache dropped
Fatal: Could not create the account: account already exists
[2026-06-01 07:01:59]   [geth] Starting (pbt, gd=5, cold=1, dev.period=1, 1tx/block)
[2026-06-01 07:01:59]   [geth] Waiting for RPC...
[2026-06-01 07:02:01]   [geth] RPC ready after 3s
[2026-06-01 07:02:01]   [bench] Running execute remote...
[2026-06-01 07:02:08]   [bench] exit=0 passed=1 failed=0
0 missing_trie_node=0
0
[2026-06-01 07:02:08] 
[2026-06-01 07:02:08]   --- storage_mixed_k10_run19 (pbt) write-offset=1900000000 K=10 ---
[2026-06-01 07:02:08]   [geth] Stopping (SIGTERM, waiting up to 120s for clean exit): 1029168
[2026-06-01 07:02:09]   [geth] exited cleanly after 1s
[2026-06-01 07:02:09]   [cache] OS page cache dropped
Fatal: Could not create the account: account already exists
[2026-06-01 07:02:09]   [geth] Starting (pbt, gd=5, cold=1, dev.period=1, 1tx/block)
[2026-06-01 07:02:09]   [geth] Waiting for RPC...
[2026-06-01 07:02:11]   [geth] RPC ready after 3s
[2026-06-01 07:02:11]   [bench] Running execute remote...
[2026-06-01 07:02:17]   [bench] exit=0 passed=1 failed=0
0 missing_trie_node=0
0
[2026-06-01 07:02:17] 
[2026-06-01 07:02:17]   --- storage_mixed_k10_run20 (pbt) write-offset=2000000000 K=10 ---
[2026-06-01 07:02:17]   [geth] Stopping (SIGTERM, waiting up to 120s for clean exit): 1029245
[2026-06-01 07:02:18]   [geth] exited cleanly after 1s
[2026-06-01 07:02:18]   [cache] OS page cache dropped
Fatal: Could not create the account: account already exists
[2026-06-01 07:02:18]   [geth] Starting (pbt, gd=5, cold=1, dev.period=1, 1tx/block)
[2026-06-01 07:02:18]   [geth] Waiting for RPC...
[2026-06-01 07:02:20]   [geth] RPC ready after 3s
[2026-06-01 07:02:20]   [bench] Running execute remote...
[2026-06-01 07:02:26]   [bench] exit=0 passed=1 failed=0
0 missing_trie_node=0
0
[2026-06-01 07:02:26] 
[2026-06-01 07:02:26]   ── BENCHMARK: storage_mixed_k100 (pool=256 contracts; effective K=100)
[2026-06-01 07:02:26] 
[2026-06-01 07:02:26]   --- storage_mixed_k100_run1 (pbt) write-offset=100000000 K=100 ---
[2026-06-01 07:02:26]   [geth] Stopping (SIGTERM, waiting up to 120s for clean exit): 1029319
[2026-06-01 07:02:27]   [geth] exited cleanly after 1s
[2026-06-01 07:02:28]   [cache] OS page cache dropped
Fatal: Could not create the account: account already exists
[2026-06-01 07:02:28]   [geth] Starting (pbt, gd=5, cold=1, dev.period=1, 1tx/block)
[2026-06-01 07:02:28]   [geth] Waiting for RPC...
[2026-06-01 07:02:30]   [geth] RPC ready after 3s
[2026-06-01 07:02:30]   [bench] Running execute remote...
[2026-06-01 07:02:37]   [bench] exit=0 passed=1 failed=0
0 missing_trie_node=0
0
[2026-06-01 07:02:37] 
[2026-06-01 07:02:37]   --- storage_mixed_k100_run2 (pbt) write-offset=200000000 K=100 ---
[2026-06-01 07:02:37]   [geth] Stopping (SIGTERM, waiting up to 120s for clean exit): 1029426
[2026-06-01 07:02:38]   [geth] exited cleanly after 1s
[2026-06-01 07:02:38]   [cache] OS page cache dropped
Fatal: Could not create the account: account already exists
[2026-06-01 07:02:38]   [geth] Starting (pbt, gd=5, cold=1, dev.period=1, 1tx/block)
[2026-06-01 07:02:38]   [geth] Waiting for RPC...
[2026-06-01 07:02:40]   [geth] RPC ready after 3s
[2026-06-01 07:02:40]   [bench] Running execute remote...
[2026-06-01 07:02:46]   [bench] exit=0 passed=1 failed=0
0 missing_trie_node=0
0
[2026-06-01 07:02:46] 
[2026-06-01 07:02:46]   --- storage_mixed_k100_run3 (pbt) write-offset=300000000 K=100 ---
[2026-06-01 07:02:46]   [geth] Stopping (SIGTERM, waiting up to 120s for clean exit): 1029499
[2026-06-01 07:02:47]   [geth] exited cleanly after 1s
[2026-06-01 07:02:47]   [cache] OS page cache dropped
Fatal: Could not create the account: account already exists
[2026-06-01 07:02:48]   [geth] Starting (pbt, gd=5, cold=1, dev.period=1, 1tx/block)
[2026-06-01 07:02:48]   [geth] Waiting for RPC...
[2026-06-01 07:02:50]   [geth] RPC ready after 3s
[2026-06-01 07:02:50]   [bench] Running execute remote...
[2026-06-01 07:02:56]   [bench] exit=0 passed=1 failed=0
0 missing_trie_node=0
0
[2026-06-01 07:02:56] 
[2026-06-01 07:02:56]   --- storage_mixed_k100_run4 (pbt) write-offset=400000000 K=100 ---
[2026-06-01 07:02:56]   [geth] Stopping (SIGTERM, waiting up to 120s for clean exit): 1029574
[2026-06-01 07:02:57]   [geth] exited cleanly after 1s
[2026-06-01 07:02:57]   [cache] OS page cache dropped
Fatal: Could not create the account: account already exists
[2026-06-01 07:02:57]   [geth] Starting (pbt, gd=5, cold=1, dev.period=1, 1tx/block)
[2026-06-01 07:02:57]   [geth] Waiting for RPC...
[2026-06-01 07:02:59]   [geth] RPC ready after 3s
[2026-06-01 07:02:59]   [bench] Running execute remote...
[2026-06-01 07:03:06]   [bench] exit=0 passed=1 failed=0
0 missing_trie_node=0
0
[2026-06-01 07:03:06] 
[2026-06-01 07:03:06]   --- storage_mixed_k100_run5 (pbt) write-offset=500000000 K=100 ---
[2026-06-01 07:03:06]   [geth] Stopping (SIGTERM, waiting up to 120s for clean exit): 1029658
[2026-06-01 07:03:07]   [geth] exited cleanly after 1s
[2026-06-01 07:03:07]   [cache] OS page cache dropped
Fatal: Could not create the account: account already exists
[2026-06-01 07:03:07]   [geth] Starting (pbt, gd=5, cold=1, dev.period=1, 1tx/block)
[2026-06-01 07:03:07]   [geth] Waiting for RPC...
[2026-06-01 07:03:09]   [geth] RPC ready after 3s
[2026-06-01 07:03:09]   [bench] Running execute remote...
[2026-06-01 07:03:16]   [bench] exit=0 passed=1 failed=0
0 missing_trie_node=0
0
[2026-06-01 07:03:16] 
[2026-06-01 07:03:16]   --- storage_mixed_k100_run6 (pbt) write-offset=600000000 K=100 ---
[2026-06-01 07:03:16]   [geth] Stopping (SIGTERM, waiting up to 120s for clean exit): 1029747
[2026-06-01 07:03:17]   [geth] exited cleanly after 1s
[2026-06-01 07:03:17]   [cache] OS page cache dropped
Fatal: Could not create the account: account already exists
[2026-06-01 07:03:17]   [geth] Starting (pbt, gd=5, cold=1, dev.period=1, 1tx/block)
[2026-06-01 07:03:17]   [geth] Waiting for RPC...
[2026-06-01 07:03:19]   [geth] RPC ready after 3s
[2026-06-01 07:03:19]   [bench] Running execute remote...
[2026-06-01 07:03:25]   [bench] exit=0 passed=1 failed=0
0 missing_trie_node=0
0
[2026-06-01 07:03:25] 
[2026-06-01 07:03:25]   --- storage_mixed_k100_run7 (pbt) write-offset=700000000 K=100 ---
[2026-06-01 07:03:25]   [geth] Stopping (SIGTERM, waiting up to 120s for clean exit): 1029823
[2026-06-01 07:03:26]   [geth] exited cleanly after 1s
[2026-06-01 07:03:26]   [cache] OS page cache dropped
Fatal: Could not create the account: account already exists
[2026-06-01 07:03:26]   [geth] Starting (pbt, gd=5, cold=1, dev.period=1, 1tx/block)
[2026-06-01 07:03:26]   [geth] Waiting for RPC...
[2026-06-01 07:03:28]   [geth] RPC ready after 3s
[2026-06-01 07:03:28]   [bench] Running execute remote...
[2026-06-01 07:03:35]   [bench] exit=0 passed=1 failed=0
0 missing_trie_node=0
0
[2026-06-01 07:03:35] 
[2026-06-01 07:03:35]   --- storage_mixed_k100_run8 (pbt) write-offset=800000000 K=100 ---
[2026-06-01 07:03:35]   [geth] Stopping (SIGTERM, waiting up to 120s for clean exit): 1029905
[2026-06-01 07:03:36]   [geth] exited cleanly after 1s
[2026-06-01 07:03:37]   [cache] OS page cache dropped
Fatal: Could not create the account: account already exists
[2026-06-01 07:03:37]   [geth] Starting (pbt, gd=5, cold=1, dev.period=1, 1tx/block)
[2026-06-01 07:03:37]   [geth] Waiting for RPC...
[2026-06-01 07:03:39]   [geth] RPC ready after 3s
[2026-06-01 07:03:39]   [bench] Running execute remote...
[2026-06-01 07:03:46]   [bench] exit=0 passed=1 failed=0
0 missing_trie_node=0
0
[2026-06-01 07:03:46] 
[2026-06-01 07:03:46]   --- storage_mixed_k100_run9 (pbt) write-offset=900000000 K=100 ---
[2026-06-01 07:03:46]   [geth] Stopping (SIGTERM, waiting up to 120s for clean exit): 1029980
[2026-06-01 07:03:47]   [geth] exited cleanly after 1s
[2026-06-01 07:03:47]   [cache] OS page cache dropped
Fatal: Could not create the account: account already exists
[2026-06-01 07:03:47]   [geth] Starting (pbt, gd=5, cold=1, dev.period=1, 1tx/block)
[2026-06-01 07:03:47]   [geth] Waiting for RPC...
[2026-06-01 07:03:49]   [geth] RPC ready after 3s
[2026-06-01 07:03:49]   [bench] Running execute remote...
[2026-06-01 07:03:56]   [bench] exit=0 passed=1 failed=0
0 missing_trie_node=0
0
[2026-06-01 07:03:56] 
[2026-06-01 07:03:56]   --- storage_mixed_k100_run10 (pbt) write-offset=1000000000 K=100 ---
[2026-06-01 07:03:56]   [geth] Stopping (SIGTERM, waiting up to 120s for clean exit): 1030055
[2026-06-01 07:03:57]   [geth] exited cleanly after 1s
[2026-06-01 07:03:58]   [cache] OS page cache dropped
Fatal: Could not create the account: account already exists
[2026-06-01 07:03:58]   [geth] Starting (pbt, gd=5, cold=1, dev.period=1, 1tx/block)
[2026-06-01 07:03:58]   [geth] Waiting for RPC...
[2026-06-01 07:04:00]   [geth] RPC ready after 3s
[2026-06-01 07:04:00]   [bench] Running execute remote...
[2026-06-01 07:04:06]   [bench] exit=0 passed=1 failed=0
0 missing_trie_node=0
0
[2026-06-01 07:04:06] 
[2026-06-01 07:04:06]   --- storage_mixed_k100_run11 (pbt) write-offset=1100000000 K=100 ---
[2026-06-01 07:04:06]   [geth] Stopping (SIGTERM, waiting up to 120s for clean exit): 1030140
[2026-06-01 07:04:07]   [geth] exited cleanly after 1s
[2026-06-01 07:04:07]   [cache] OS page cache dropped
Fatal: Could not create the account: account already exists
[2026-06-01 07:04:07]   [geth] Starting (pbt, gd=5, cold=1, dev.period=1, 1tx/block)
[2026-06-01 07:04:07]   [geth] Waiting for RPC...
[2026-06-01 07:04:09]   [geth] RPC ready after 3s
[2026-06-01 07:04:09]   [bench] Running execute remote...
[2026-06-01 07:04:16]   [bench] exit=0 passed=1 failed=0
0 missing_trie_node=0
0
[2026-06-01 07:04:16] 
[2026-06-01 07:04:16]   --- storage_mixed_k100_run12 (pbt) write-offset=1200000000 K=100 ---
[2026-06-01 07:04:16]   [geth] Stopping (SIGTERM, waiting up to 120s for clean exit): 1030216
[2026-06-01 07:04:17]   [geth] exited cleanly after 1s
[2026-06-01 07:04:17]   [cache] OS page cache dropped
Fatal: Could not create the account: account already exists
[2026-06-01 07:04:18]   [geth] Starting (pbt, gd=5, cold=1, dev.period=1, 1tx/block)
[2026-06-01 07:04:18]   [geth] Waiting for RPC...
[2026-06-01 07:04:20]   [geth] RPC ready after 3s
[2026-06-01 07:04:20]   [bench] Running execute remote...
[2026-06-01 07:04:26]   [bench] exit=0 passed=1 failed=0
0 missing_trie_node=0
0
[2026-06-01 07:04:26] 
[2026-06-01 07:04:26]   --- storage_mixed_k100_run13 (pbt) write-offset=1300000000 K=100 ---
[2026-06-01 07:04:26]   [geth] Stopping (SIGTERM, waiting up to 120s for clean exit): 1030291
[2026-06-01 07:04:27]   [geth] exited cleanly after 1s
[2026-06-01 07:04:27]   [cache] OS page cache dropped
Fatal: Could not create the account: account already exists
[2026-06-01 07:04:27]   [geth] Starting (pbt, gd=5, cold=1, dev.period=1, 1tx/block)
[2026-06-01 07:04:27]   [geth] Waiting for RPC...
[2026-06-01 07:04:29]   [geth] RPC ready after 3s
[2026-06-01 07:04:29]   [bench] Running execute remote...
[2026-06-01 07:04:35]   [bench] exit=0 passed=1 failed=0
0 missing_trie_node=0
0
[2026-06-01 07:04:35] 
[2026-06-01 07:04:35]   --- storage_mixed_k100_run14 (pbt) write-offset=1400000000 K=100 ---
[2026-06-01 07:04:35]   [geth] Stopping (SIGTERM, waiting up to 120s for clean exit): 1030372
[2026-06-01 07:04:36]   [geth] exited cleanly after 1s
[2026-06-01 07:04:36]   [cache] OS page cache dropped
Fatal: Could not create the account: account already exists
[2026-06-01 07:04:37]   [geth] Starting (pbt, gd=5, cold=1, dev.period=1, 1tx/block)
[2026-06-01 07:04:37]   [geth] Waiting for RPC...
[2026-06-01 07:04:39]   [geth] RPC ready after 3s
[2026-06-01 07:04:39]   [bench] Running execute remote...
[2026-06-01 07:04:45]   [bench] exit=0 passed=1 failed=0
0 missing_trie_node=0
0
[2026-06-01 07:04:45] 
[2026-06-01 07:04:45]   --- storage_mixed_k100_run15 (pbt) write-offset=1500000000 K=100 ---
[2026-06-01 07:04:45]   [geth] Stopping (SIGTERM, waiting up to 120s for clean exit): 1030449
[2026-06-01 07:04:46]   [geth] exited cleanly after 1s
[2026-06-01 07:04:46]   [cache] OS page cache dropped
Fatal: Could not create the account: account already exists
[2026-06-01 07:04:46]   [geth] Starting (pbt, gd=5, cold=1, dev.period=1, 1tx/block)
[2026-06-01 07:04:46]   [geth] Waiting for RPC...
[2026-06-01 07:04:48]   [geth] RPC ready after 3s
[2026-06-01 07:04:48]   [bench] Running execute remote...
[2026-06-01 07:04:54]   [bench] exit=0 passed=1 failed=0
0 missing_trie_node=0
0
[2026-06-01 07:04:54] 
[2026-06-01 07:04:54]   --- storage_mixed_k100_run16 (pbt) write-offset=1600000000 K=100 ---
[2026-06-01 07:04:54]   [geth] Stopping (SIGTERM, waiting up to 120s for clean exit): 1030524
[2026-06-01 07:04:55]   [geth] exited cleanly after 1s
[2026-06-01 07:04:55]   [cache] OS page cache dropped
Fatal: Could not create the account: account already exists
[2026-06-01 07:04:55]   [geth] Starting (pbt, gd=5, cold=1, dev.period=1, 1tx/block)
[2026-06-01 07:04:55]   [geth] Waiting for RPC...
[2026-06-01 07:04:58]   [geth] RPC ready after 3s
[2026-06-01 07:04:58]   [bench] Running execute remote...
[2026-06-01 07:05:04]   [bench] exit=0 passed=1 failed=0
0 missing_trie_node=0
0
[2026-06-01 07:05:04] 
[2026-06-01 07:05:04]   --- storage_mixed_k100_run17 (pbt) write-offset=1700000000 K=100 ---
[2026-06-01 07:05:04]   [geth] Stopping (SIGTERM, waiting up to 120s for clean exit): 1030607
[2026-06-01 07:05:05]   [geth] exited cleanly after 1s
[2026-06-01 07:05:05]   [cache] OS page cache dropped
Fatal: Could not create the account: account already exists
[2026-06-01 07:05:05]   [geth] Starting (pbt, gd=5, cold=1, dev.period=1, 1tx/block)
[2026-06-01 07:05:05]   [geth] Waiting for RPC...
[2026-06-01 07:05:07]   [geth] RPC ready after 3s
[2026-06-01 07:05:07]   [bench] Running execute remote...
[2026-06-01 07:05:13]   [bench] exit=0 passed=1 failed=0
0 missing_trie_node=0
0
[2026-06-01 07:05:13] 
[2026-06-01 07:05:13]   --- storage_mixed_k100_run18 (pbt) write-offset=1800000000 K=100 ---
[2026-06-01 07:05:13]   [geth] Stopping (SIGTERM, waiting up to 120s for clean exit): 1030682
[2026-06-01 07:05:14]   [geth] exited cleanly after 1s
[2026-06-01 07:05:14]   [cache] OS page cache dropped
Fatal: Could not create the account: account already exists
[2026-06-01 07:05:14]   [geth] Starting (pbt, gd=5, cold=1, dev.period=1, 1tx/block)
[2026-06-01 07:05:14]   [geth] Waiting for RPC...
[2026-06-01 07:05:16]   [geth] RPC ready after 3s
[2026-06-01 07:05:16]   [bench] Running execute remote...
[2026-06-01 07:05:23]   [bench] exit=0 passed=1 failed=0
0 missing_trie_node=0
0
[2026-06-01 07:05:23] 
[2026-06-01 07:05:23]   --- storage_mixed_k100_run19 (pbt) write-offset=1900000000 K=100 ---
[2026-06-01 07:05:23]   [geth] Stopping (SIGTERM, waiting up to 120s for clean exit): 1030757
[2026-06-01 07:05:24]   [geth] exited cleanly after 1s
[2026-06-01 07:05:24]   [cache] OS page cache dropped
Fatal: Could not create the account: account already exists
[2026-06-01 07:05:24]   [geth] Starting (pbt, gd=5, cold=1, dev.period=1, 1tx/block)
[2026-06-01 07:05:24]   [geth] Waiting for RPC...
[2026-06-01 07:05:26]   [geth] RPC ready after 3s
[2026-06-01 07:05:26]   [bench] Running execute remote...
[2026-06-01 07:05:33]   [bench] exit=0 passed=1 failed=0
0 missing_trie_node=0
0
[2026-06-01 07:05:33] 
[2026-06-01 07:05:33]   --- storage_mixed_k100_run20 (pbt) write-offset=2000000000 K=100 ---
[2026-06-01 07:05:33]   [geth] Stopping (SIGTERM, waiting up to 120s for clean exit): 1030840
[2026-06-01 07:05:34]   [geth] exited cleanly after 1s
[2026-06-01 07:05:34]   [cache] OS page cache dropped
Fatal: Could not create the account: account already exists
[2026-06-01 07:05:34]   [geth] Starting (pbt, gd=5, cold=1, dev.period=1, 1tx/block)
[2026-06-01 07:05:34]   [geth] Waiting for RPC...
[2026-06-01 07:05:36]   [geth] RPC ready after 3s
[2026-06-01 07:05:36]   [bench] Running execute remote...
[2026-06-01 07:05:43]   [bench] exit=0 passed=1 failed=0
0 missing_trie_node=0
0
[2026-06-01 07:05:43] 
[2026-06-01 07:05:43]   ── BENCHMARK: storage_mixed_k256 (pool=256 contracts; effective K=256)
[2026-06-01 07:05:43] 
[2026-06-01 07:05:43]   --- storage_mixed_k256_run1 (pbt) write-offset=100000000 K=256 ---
[2026-06-01 07:05:43]   [geth] Stopping (SIGTERM, waiting up to 120s for clean exit): 1030916
[2026-06-01 07:05:44]   [geth] exited cleanly after 1s
[2026-06-01 07:05:45]   [cache] OS page cache dropped
Fatal: Could not create the account: account already exists
[2026-06-01 07:05:45]   [geth] Starting (pbt, gd=5, cold=1, dev.period=1, 1tx/block)
[2026-06-01 07:05:45]   [geth] Waiting for RPC...
[2026-06-01 07:05:47]   [geth] RPC ready after 3s
[2026-06-01 07:05:47]   [bench] Running execute remote...
[2026-06-01 07:05:54]   [bench] exit=0 passed=1 failed=0
0 missing_trie_node=0
0
[2026-06-01 07:05:54] 
[2026-06-01 07:05:54]   --- storage_mixed_k256_run2 (pbt) write-offset=200000000 K=256 ---
[2026-06-01 07:05:54]   [geth] Stopping (SIGTERM, waiting up to 120s for clean exit): 1031017
[2026-06-01 07:05:55]   [geth] exited cleanly after 1s
[2026-06-01 07:05:55]   [cache] OS page cache dropped
Fatal: Could not create the account: account already exists
[2026-06-01 07:05:55]   [geth] Starting (pbt, gd=5, cold=1, dev.period=1, 1tx/block)
[2026-06-01 07:05:55]   [geth] Waiting for RPC...
[2026-06-01 07:05:57]   [geth] RPC ready after 3s
[2026-06-01 07:05:57]   [bench] Running execute remote...
[2026-06-01 07:06:03]   [bench] exit=0 passed=1 failed=0
0 missing_trie_node=0
0
[2026-06-01 07:06:03] 
[2026-06-01 07:06:03]   --- storage_mixed_k256_run3 (pbt) write-offset=300000000 K=256 ---
[2026-06-01 07:06:03]   [geth] Stopping (SIGTERM, waiting up to 120s for clean exit): 1031100
[2026-06-01 07:06:04]   [geth] exited cleanly after 1s
[2026-06-01 07:06:04]   [cache] OS page cache dropped
Fatal: Could not create the account: account already exists
[2026-06-01 07:06:05]   [geth] Starting (pbt, gd=5, cold=1, dev.period=1, 1tx/block)
[2026-06-01 07:06:05]   [geth] Waiting for RPC...
[2026-06-01 07:06:07]   [geth] RPC ready after 3s
[2026-06-01 07:06:07]   [bench] Running execute remote...
[2026-06-01 07:06:13]   [bench] exit=0 passed=1 failed=0
0 missing_trie_node=0
0
[2026-06-01 07:06:13] 
[2026-06-01 07:06:13]   --- storage_mixed_k256_run4 (pbt) write-offset=400000000 K=256 ---
[2026-06-01 07:06:13]   [geth] Stopping (SIGTERM, waiting up to 120s for clean exit): 1031177
[2026-06-01 07:06:14]   [geth] exited cleanly after 1s
[2026-06-01 07:06:14]   [cache] OS page cache dropped
Fatal: Could not create the account: account already exists
[2026-06-01 07:06:14]   [geth] Starting (pbt, gd=5, cold=1, dev.period=1, 1tx/block)
[2026-06-01 07:06:14]   [geth] Waiting for RPC...
[2026-06-01 07:06:16]   [geth] RPC ready after 3s
[2026-06-01 07:06:16]   [bench] Running execute remote...
[2026-06-01 07:06:23]   [bench] exit=0 passed=1 failed=0
0 missing_trie_node=0
0
[2026-06-01 07:06:23] 
[2026-06-01 07:06:23]   --- storage_mixed_k256_run5 (pbt) write-offset=500000000 K=256 ---
[2026-06-01 07:06:23]   [geth] Stopping (SIGTERM, waiting up to 120s for clean exit): 1031251
[2026-06-01 07:06:24]   [geth] exited cleanly after 1s
[2026-06-01 07:06:24]   [cache] OS page cache dropped
Fatal: Could not create the account: account already exists
[2026-06-01 07:06:24]   [geth] Starting (pbt, gd=5, cold=1, dev.period=1, 1tx/block)
[2026-06-01 07:06:24]   [geth] Waiting for RPC...
[2026-06-01 07:06:26]   [geth] RPC ready after 3s
[2026-06-01 07:06:26]   [bench] Running execute remote...
[2026-06-01 07:06:33]   [bench] exit=0 passed=1 failed=0
0 missing_trie_node=0
0
[2026-06-01 07:06:33] 
[2026-06-01 07:06:33]   --- storage_mixed_k256_run6 (pbt) write-offset=600000000 K=256 ---
[2026-06-01 07:06:33]   [geth] Stopping (SIGTERM, waiting up to 120s for clean exit): 1031332
[2026-06-01 07:06:34]   [geth] exited cleanly after 1s
[2026-06-01 07:06:34]   [cache] OS page cache dropped
Fatal: Could not create the account: account already exists
[2026-06-01 07:06:34]   [geth] Starting (pbt, gd=5, cold=1, dev.period=1, 1tx/block)
[2026-06-01 07:06:34]   [geth] Waiting for RPC...
[2026-06-01 07:06:36]   [geth] RPC ready after 3s
[2026-06-01 07:06:36]   [bench] Running execute remote...
[2026-06-01 07:06:44]   [bench] exit=0 passed=1 failed=0
0 missing_trie_node=0
0
[2026-06-01 07:06:44] 
[2026-06-01 07:06:44]   --- storage_mixed_k256_run7 (pbt) write-offset=700000000 K=256 ---
[2026-06-01 07:06:44]   [geth] Stopping (SIGTERM, waiting up to 120s for clean exit): 1031407
[2026-06-01 07:06:45]   [geth] exited cleanly after 1s
[2026-06-01 07:06:45]   [cache] OS page cache dropped
Fatal: Could not create the account: account already exists
[2026-06-01 07:06:45]   [geth] Starting (pbt, gd=5, cold=1, dev.period=1, 1tx/block)
[2026-06-01 07:06:45]   [geth] Waiting for RPC...
[2026-06-01 07:06:47]   [geth] RPC ready after 3s
[2026-06-01 07:06:47]   [bench] Running execute remote...
[2026-06-01 07:06:54]   [bench] exit=0 passed=1 failed=0
0 missing_trie_node=0
0
[2026-06-01 07:06:54] 
[2026-06-01 07:06:54]   --- storage_mixed_k256_run8 (pbt) write-offset=800000000 K=256 ---
[2026-06-01 07:06:54]   [geth] Stopping (SIGTERM, waiting up to 120s for clean exit): 1031482
[2026-06-01 07:06:55]   [geth] exited cleanly after 1s
[2026-06-01 07:06:56]   [cache] OS page cache dropped
Fatal: Could not create the account: account already exists
[2026-06-01 07:06:56]   [geth] Starting (pbt, gd=5, cold=1, dev.period=1, 1tx/block)
[2026-06-01 07:06:56]   [geth] Waiting for RPC...
[2026-06-01 07:06:58]   [geth] RPC ready after 3s
[2026-06-01 07:06:58]   [bench] Running execute remote...
[2026-06-01 07:07:04]   [bench] exit=0 passed=1 failed=0
0 missing_trie_node=0
0
[2026-06-01 07:07:04] 
[2026-06-01 07:07:04]   --- storage_mixed_k256_run9 (pbt) write-offset=900000000 K=256 ---
[2026-06-01 07:07:04]   [geth] Stopping (SIGTERM, waiting up to 120s for clean exit): 1031564
[2026-06-01 07:07:05]   [geth] exited cleanly after 1s
[2026-06-01 07:07:05]   [cache] OS page cache dropped
Fatal: Could not create the account: account already exists
[2026-06-01 07:07:05]   [geth] Starting (pbt, gd=5, cold=1, dev.period=1, 1tx/block)
[2026-06-01 07:07:05]   [geth] Waiting for RPC...
[2026-06-01 07:07:07]   [geth] RPC ready after 3s
[2026-06-01 07:07:07]   [bench] Running execute remote...
[2026-06-01 07:07:13]   [bench] exit=0 passed=1 failed=0
0 missing_trie_node=0
0
[2026-06-01 07:07:13] 
[2026-06-01 07:07:13]   --- storage_mixed_k256_run10 (pbt) write-offset=1000000000 K=256 ---
[2026-06-01 07:07:13]   [geth] Stopping (SIGTERM, waiting up to 120s for clean exit): 1031640
[2026-06-01 07:07:14]   [geth] exited cleanly after 1s
[2026-06-01 07:07:15]   [cache] OS page cache dropped
Fatal: Could not create the account: account already exists
[2026-06-01 07:07:15]   [geth] Starting (pbt, gd=5, cold=1, dev.period=1, 1tx/block)
[2026-06-01 07:07:15]   [geth] Waiting for RPC...
[2026-06-01 07:07:17]   [geth] RPC ready after 3s
[2026-06-01 07:07:17]   [bench] Running execute remote...
[2026-06-01 07:07:23]   [bench] exit=0 passed=1 failed=0
0 missing_trie_node=0
0
[2026-06-01 07:07:23] 
[2026-06-01 07:07:23]   --- storage_mixed_k256_run11 (pbt) write-offset=1100000000 K=256 ---
[2026-06-01 07:07:23]   [geth] Stopping (SIGTERM, waiting up to 120s for clean exit): 1031717
[2026-06-01 07:07:24]   [geth] exited cleanly after 1s
[2026-06-01 07:07:24]   [cache] OS page cache dropped
Fatal: Could not create the account: account already exists
[2026-06-01 07:07:24]   [geth] Starting (pbt, gd=5, cold=1, dev.period=1, 1tx/block)
[2026-06-01 07:07:24]   [geth] Waiting for RPC...
[2026-06-01 07:07:26]   [geth] RPC ready after 3s
[2026-06-01 07:07:26]   [bench] Running execute remote...
[2026-06-01 07:07:33]   [bench] exit=0 passed=1 failed=0
0 missing_trie_node=0
0
[2026-06-01 07:07:33] 
[2026-06-01 07:07:33]   --- storage_mixed_k256_run12 (pbt) write-offset=1200000000 K=256 ---
[2026-06-01 07:07:33]   [geth] Stopping (SIGTERM, waiting up to 120s for clean exit): 1031799
[2026-06-01 07:07:34]   [geth] exited cleanly after 1s
[2026-06-01 07:07:35]   [cache] OS page cache dropped
Fatal: Could not create the account: account already exists
[2026-06-01 07:07:35]   [geth] Starting (pbt, gd=5, cold=1, dev.period=1, 1tx/block)
[2026-06-01 07:07:35]   [geth] Waiting for RPC...
[2026-06-01 07:07:37]   [geth] RPC ready after 3s
[2026-06-01 07:07:37]   [bench] Running execute remote...
[2026-06-01 07:07:44]   [bench] exit=0 passed=1 failed=0
0 missing_trie_node=0
0
[2026-06-01 07:07:44] 
[2026-06-01 07:07:44]   --- storage_mixed_k256_run13 (pbt) write-offset=1300000000 K=256 ---
[2026-06-01 07:07:44]   [geth] Stopping (SIGTERM, waiting up to 120s for clean exit): 1031874
[2026-06-01 07:07:45]   [geth] exited cleanly after 1s
[2026-06-01 07:07:45]   [cache] OS page cache dropped
Fatal: Could not create the account: account already exists
[2026-06-01 07:07:45]   [geth] Starting (pbt, gd=5, cold=1, dev.period=1, 1tx/block)
[2026-06-01 07:07:45]   [geth] Waiting for RPC...
[2026-06-01 07:07:47]   [geth] RPC ready after 3s
[2026-06-01 07:07:47]   [bench] Running execute remote...
[2026-06-01 07:07:54]   [bench] exit=0 passed=1 failed=0
0 missing_trie_node=0
0
[2026-06-01 07:07:54] 
[2026-06-01 07:07:54]   --- storage_mixed_k256_run14 (pbt) write-offset=1400000000 K=256 ---
[2026-06-01 07:07:54]   [geth] Stopping (SIGTERM, waiting up to 120s for clean exit): 1031951
[2026-06-01 07:07:55]   [geth] exited cleanly after 1s
[2026-06-01 07:07:55]   [cache] OS page cache dropped
Fatal: Could not create the account: account already exists
[2026-06-01 07:07:55]   [geth] Starting (pbt, gd=5, cold=1, dev.period=1, 1tx/block)
[2026-06-01 07:07:55]   [geth] Waiting for RPC...
[2026-06-01 07:07:58]   [geth] RPC ready after 3s
[2026-06-01 07:07:58]   [bench] Running execute remote...
[2026-06-01 07:08:05]   [bench] exit=0 passed=1 failed=0
0 missing_trie_node=0
0
[2026-06-01 07:08:05] 
[2026-06-01 07:08:05]   --- storage_mixed_k256_run15 (pbt) write-offset=1500000000 K=256 ---
[2026-06-01 07:08:05]   [geth] Stopping (SIGTERM, waiting up to 120s for clean exit): 1032034
[2026-06-01 07:08:06]   [geth] exited cleanly after 1s
[2026-06-01 07:08:06]   [cache] OS page cache dropped
Fatal: Could not create the account: account already exists
[2026-06-01 07:08:06]   [geth] Starting (pbt, gd=5, cold=1, dev.period=1, 1tx/block)
[2026-06-01 07:08:06]   [geth] Waiting for RPC...
[2026-06-01 07:08:08]   [geth] RPC ready after 3s
[2026-06-01 07:08:08]   [bench] Running execute remote...
[2026-06-01 07:08:15]   [bench] exit=0 passed=1 failed=0
0 missing_trie_node=0
0
[2026-06-01 07:08:15] 
[2026-06-01 07:08:15]   --- storage_mixed_k256_run16 (pbt) write-offset=1600000000 K=256 ---
[2026-06-01 07:08:15]   [geth] Stopping (SIGTERM, waiting up to 120s for clean exit): 1032109
[2026-06-01 07:08:16]   [geth] exited cleanly after 1s
[2026-06-01 07:08:16]   [cache] OS page cache dropped
Fatal: Could not create the account: account already exists
[2026-06-01 07:08:16]   [geth] Starting (pbt, gd=5, cold=1, dev.period=1, 1tx/block)
[2026-06-01 07:08:16]   [geth] Waiting for RPC...
[2026-06-01 07:08:18]   [geth] RPC ready after 3s
[2026-06-01 07:08:18]   [bench] Running execute remote...
[2026-06-01 07:08:25]   [bench] exit=0 passed=1 failed=0
0 missing_trie_node=0
0
[2026-06-01 07:08:25] 
[2026-06-01 07:08:25]   --- storage_mixed_k256_run17 (pbt) write-offset=1700000000 K=256 ---
[2026-06-01 07:08:25]   [geth] Stopping (SIGTERM, waiting up to 120s for clean exit): 1032182
[2026-06-01 07:08:26]   [geth] exited cleanly after 1s
[2026-06-01 07:08:26]   [cache] OS page cache dropped
Fatal: Could not create the account: account already exists
[2026-06-01 07:08:26]   [geth] Starting (pbt, gd=5, cold=1, dev.period=1, 1tx/block)
[2026-06-01 07:08:26]   [geth] Waiting for RPC...
[2026-06-01 07:08:28]   [geth] RPC ready after 3s
[2026-06-01 07:08:28]   [bench] Running execute remote...
[2026-06-01 07:08:35]   [bench] exit=0 passed=1 failed=0
0 missing_trie_node=0
0
[2026-06-01 07:08:35] 
[2026-06-01 07:08:35]   --- storage_mixed_k256_run18 (pbt) write-offset=1800000000 K=256 ---
[2026-06-01 07:08:35]   [geth] Stopping (SIGTERM, waiting up to 120s for clean exit): 1032263
[2026-06-01 07:08:36]   [geth] exited cleanly after 1s
[2026-06-01 07:08:36]   [cache] OS page cache dropped
Fatal: Could not create the account: account already exists
[2026-06-01 07:08:36]   [geth] Starting (pbt, gd=5, cold=1, dev.period=1, 1tx/block)
[2026-06-01 07:08:36]   [geth] Waiting for RPC...
[2026-06-01 07:08:38]   [geth] RPC ready after 3s
[2026-06-01 07:08:38]   [bench] Running execute remote...
[2026-06-01 07:08:44]   [bench] exit=0 passed=1 failed=0
0 missing_trie_node=0
0
[2026-06-01 07:08:44] 
[2026-06-01 07:08:44]   --- storage_mixed_k256_run19 (pbt) write-offset=1900000000 K=256 ---
[2026-06-01 07:08:44]   [geth] Stopping (SIGTERM, waiting up to 120s for clean exit): 1032337
[2026-06-01 07:08:45]   [geth] exited cleanly after 1s
[2026-06-01 07:08:46]   [cache] OS page cache dropped
Fatal: Could not create the account: account already exists
[2026-06-01 07:08:46]   [geth] Starting (pbt, gd=5, cold=1, dev.period=1, 1tx/block)
[2026-06-01 07:08:46]   [geth] Waiting for RPC...
[2026-06-01 07:08:48]   [geth] RPC ready after 3s
[2026-06-01 07:08:48]   [bench] Running execute remote...
[2026-06-01 07:08:54]   [bench] exit=0 passed=1 failed=0
0 missing_trie_node=0
0
[2026-06-01 07:08:54] 
[2026-06-01 07:08:54]   --- storage_mixed_k256_run20 (pbt) write-offset=2000000000 K=256 ---
[2026-06-01 07:08:54]   [geth] Stopping (SIGTERM, waiting up to 120s for clean exit): 1032411
[2026-06-01 07:08:55]   [geth] exited cleanly after 1s
[2026-06-01 07:08:55]   [cache] OS page cache dropped
Fatal: Could not create the account: account already exists
[2026-06-01 07:08:55]   [geth] Starting (pbt, gd=5, cold=1, dev.period=1, 1tx/block)
[2026-06-01 07:08:55]   [geth] Waiting for RPC...
[2026-06-01 07:08:57]   [geth] RPC ready after 3s
[2026-06-01 07:08:57]   [bench] Running execute remote...
[2026-06-01 07:09:05]   [bench] exit=0 passed=1 failed=0
0 missing_trie_node=0
0
[2026-06-01 07:09:05]   [geth] Stopping (SIGTERM, waiting up to 120s for clean exit): 1032500
[2026-06-01 07:09:06]   [geth] exited cleanly after 1s
[2026-06-01 07:09:06] 
[2026-06-01 07:09:06] ╔══════════════════════════════════════════════════════════════════╗
[2026-06-01 07:09:06] ║  All benchmark runs complete
[2026-06-01 07:09:06] ╚══════════════════════════════════════════════════════════════════╝
[2026-06-01 07:09:06] 
[2026-06-01 07:09:06] ── Stage 3: extract_csv.py per config ──
[2026-06-01 07:09:06]   extracting ubt from /mnt/state_expiry_vol_data/bintrie-benchmarks/ubt-vs-pbt/data/ubt
Extracting CSVs for config: ubt
  Results dir: /mnt/state_expiry_vol_data/bintrie-benchmarks/ubt-vs-pbt/data/ubt
  Output dir: /mnt/state_expiry_vol_data/bintrie-benchmarks/ubt-vs-pbt/data/ubt/csv
  Discovered 12 benchmarks: ['storage_mixed_k1', 'storage_mixed_k10', 'storage_mixed_k100', 'storage_mixed_k256', 'storage_sload_k1', 'storage_sload_k10', 'storage_sload_k100', 'storage_sload_k256', 'storage_sstore_k1', 'storage_sstore_k10', 'storage_sstore_k100', 'storage_sstore_k256']

--- storage_mixed_k1 ---
  run 10: 5 total blocks, 1 benchmark blocks
  run 11: 5 total blocks, 1 benchmark blocks
  run 12: 5 total blocks, 1 benchmark blocks
  run 13: 5 total blocks, 1 benchmark blocks
  run 14: 5 total blocks, 1 benchmark blocks
  run 15: 5 total blocks, 1 benchmark blocks
  run 16: 7 total blocks, 1 benchmark blocks
  run 17: 5 total blocks, 1 benchmark blocks
  run 18: 5 total blocks, 1 benchmark blocks
  run 19: 6 total blocks, 1 benchmark blocks
  run 1: 7 total blocks, 1 benchmark blocks
  run 20: 5 total blocks, 1 benchmark blocks
  run 2: 5 total blocks, 1 benchmark blocks
  run 3: 5 total blocks, 1 benchmark blocks
  run 4: 6 total blocks, 1 benchmark blocks
  run 5: 5 total blocks, 1 benchmark blocks
  run 6: 5 total blocks, 1 benchmark blocks
  run 7: 5 total blocks, 1 benchmark blocks
  run 8: 5 total blocks, 1 benchmark blocks
  run 9: 5 total blocks, 1 benchmark blocks
  -> Written 106 rows to ubt_storage_mixed_k1.csv

--- storage_mixed_k10 ---
  run 10: 5 total blocks, 1 benchmark blocks
  run 11: 7 total blocks, 1 benchmark blocks
  run 12: 7 total blocks, 1 benchmark blocks
  run 13: 7 total blocks, 1 benchmark blocks
  run 14: 7 total blocks, 1 benchmark blocks
  run 15: 7 total blocks, 1 benchmark blocks
  run 16: 7 total blocks, 1 benchmark blocks
  run 17: 7 total blocks, 1 benchmark blocks
  run 18: 5 total blocks, 1 benchmark blocks
  run 19: 6 total blocks, 1 benchmark blocks
  run 1: 5 total blocks, 1 benchmark blocks
  run 20: 7 total blocks, 1 benchmark blocks
  run 2: 6 total blocks, 1 benchmark blocks
  run 3: 5 total blocks, 1 benchmark blocks
  run 4: 5 total blocks, 1 benchmark blocks
  run 5: 5 total blocks, 1 benchmark blocks
  run 6: 5 total blocks, 1 benchmark blocks
  run 7: 5 total blocks, 1 benchmark blocks
  run 8: 5 total blocks, 1 benchmark blocks
  run 9: 5 total blocks, 1 benchmark blocks
  -> Written 118 rows to ubt_storage_mixed_k10.csv

--- storage_mixed_k100 ---
  run 10: 7 total blocks, 1 benchmark blocks
  run 11: 7 total blocks, 1 benchmark blocks
  run 12: 7 total blocks, 1 benchmark blocks
  run 13: 7 total blocks, 1 benchmark blocks
  run 14: 7 total blocks, 1 benchmark blocks
  run 15: 7 total blocks, 1 benchmark blocks
  run 16: 7 total blocks, 1 benchmark blocks
  run 17: 5 total blocks, 1 benchmark blocks
  run 18: 7 total blocks, 1 benchmark blocks
  run 19: 6 total blocks, 1 benchmark blocks
  run 1: 5 total blocks, 1 benchmark blocks
  run 20: 7 total blocks, 1 benchmark blocks
  run 2: 7 total blocks, 1 benchmark blocks
  run 3: 7 total blocks, 1 benchmark blocks
  run 4: 7 total blocks, 1 benchmark blocks
  run 5: 7 total blocks, 1 benchmark blocks
  run 6: 7 total blocks, 1 benchmark blocks
  run 7: 7 total blocks, 1 benchmark blocks
  run 8: 7 total blocks, 1 benchmark blocks
  run 9: 7 total blocks, 1 benchmark blocks
  -> Written 135 rows to ubt_storage_mixed_k100.csv

--- storage_mixed_k256 ---
  run 10: 6 total blocks, 1 benchmark blocks
  run 11: 5 total blocks, 1 benchmark blocks
  run 12: 6 total blocks, 1 benchmark blocks
  run 13: 6 total blocks, 1 benchmark blocks
  run 14: 5 total blocks, 1 benchmark blocks
  run 15: 6 total blocks, 1 benchmark blocks
  run 16: 5 total blocks, 1 benchmark blocks
  run 17: 6 total blocks, 1 benchmark blocks
  run 18: 5 total blocks, 1 benchmark blocks
  run 19: 6 total blocks, 1 benchmark blocks
  run 1: 6 total blocks, 1 benchmark blocks
  run 20: 5 total blocks, 1 benchmark blocks
  run 2: 6 total blocks, 1 benchmark blocks
  run 3: 6 total blocks, 1 benchmark blocks
  run 4: 6 total blocks, 1 benchmark blocks
  run 5: 6 total blocks, 1 benchmark blocks
  run 6: 5 total blocks, 1 benchmark blocks
  run 7: 6 total blocks, 1 benchmark blocks
  run 8: 6 total blocks, 1 benchmark blocks
  run 9: 6 total blocks, 1 benchmark blocks
  -> Written 114 rows to ubt_storage_mixed_k256.csv

--- storage_sload_k1 ---
  run 10: 6 total blocks, 1 benchmark blocks
  run 11: 7 total blocks, 1 benchmark blocks
  run 12: 7 total blocks, 1 benchmark blocks
  run 13: 7 total blocks, 1 benchmark blocks
  run 14: 7 total blocks, 1 benchmark blocks
  run 15: 7 total blocks, 1 benchmark blocks
  run 16: 6 total blocks, 1 benchmark blocks
  run 17: 5 total blocks, 1 benchmark blocks
  run 18: 5 total blocks, 1 benchmark blocks
  run 19: 5 total blocks, 1 benchmark blocks
  run 1: 8 total blocks, 1 benchmark blocks
  run 20: 6 total blocks, 1 benchmark blocks
  run 2: 6 total blocks, 1 benchmark blocks
  run 3: 6 total blocks, 1 benchmark blocks
  run 4: 6 total blocks, 1 benchmark blocks
  run 5: 5 total blocks, 1 benchmark blocks
  run 6: 6 total blocks, 1 benchmark blocks
  run 7: 5 total blocks, 1 benchmark blocks
  run 8: 5 total blocks, 1 benchmark blocks
  run 9: 5 total blocks, 1 benchmark blocks
  -> Written 120 rows to ubt_storage_sload_k1.csv

--- storage_sload_k10 ---
  run 10: 6 total blocks, 1 benchmark blocks
  run 11: 6 total blocks, 1 benchmark blocks
  run 12: 6 total blocks, 1 benchmark blocks
  run 13: 6 total blocks, 1 benchmark blocks
  run 14: 6 total blocks, 1 benchmark blocks
  run 15: 6 total blocks, 1 benchmark blocks
  run 16: 6 total blocks, 1 benchmark blocks
  run 17: 6 total blocks, 1 benchmark blocks
  run 18: 6 total blocks, 1 benchmark blocks
  run 19: 6 total blocks, 1 benchmark blocks
  run 1: 6 total blocks, 1 benchmark blocks
  run 20: 6 total blocks, 1 benchmark blocks
  run 2: 6 total blocks, 1 benchmark blocks
  run 3: 7 total blocks, 1 benchmark blocks
  run 4: 7 total blocks, 1 benchmark blocks
  run 5: 5 total blocks, 1 benchmark blocks
  run 6: 7 total blocks, 1 benchmark blocks
  run 7: 6 total blocks, 1 benchmark blocks
  run 8: 7 total blocks, 1 benchmark blocks
  run 9: 7 total blocks, 1 benchmark blocks
  -> Written 124 rows to ubt_storage_sload_k10.csv

--- storage_sload_k100 ---
  run 10: 5 total blocks, 1 benchmark blocks
  run 11: 6 total blocks, 1 benchmark blocks
  run 12: 6 total blocks, 1 benchmark blocks
  run 13: 6 total blocks, 1 benchmark blocks
  run 14: 7 total blocks, 1 benchmark blocks
  run 15: 7 total blocks, 1 benchmark blocks
  run 16: 7 total blocks, 1 benchmark blocks
  run 17: 7 total blocks, 1 benchmark blocks
  run 18: 5 total blocks, 1 benchmark blocks
  run 19: 6 total blocks, 1 benchmark blocks
  run 1: 6 total blocks, 1 benchmark blocks
  run 20: 7 total blocks, 1 benchmark blocks
  run 2: 6 total blocks, 1 benchmark blocks
  run 3: 6 total blocks, 1 benchmark blocks
  run 4: 6 total blocks, 1 benchmark blocks
  run 5: 5 total blocks, 1 benchmark blocks
  run 6: 6 total blocks, 1 benchmark blocks
  run 7: 6 total blocks, 1 benchmark blocks
  run 8: 7 total blocks, 1 benchmark blocks
  run 9: 7 total blocks, 1 benchmark blocks
  -> Written 124 rows to ubt_storage_sload_k100.csv

--- storage_sload_k256 ---
  run 10: 7 total blocks, 1 benchmark blocks
  run 11: 6 total blocks, 1 benchmark blocks
  run 12: 7 total blocks, 1 benchmark blocks
  run 13: 7 total blocks, 1 benchmark blocks
  run 14: 7 total blocks, 1 benchmark blocks
  run 15: 7 total blocks, 1 benchmark blocks
  run 16: 7 total blocks, 1 benchmark blocks
  run 17: 7 total blocks, 1 benchmark blocks
  run 18: 7 total blocks, 1 benchmark blocks
  run 19: 7 total blocks, 1 benchmark blocks
  run 1: 7 total blocks, 1 benchmark blocks
  run 20: 7 total blocks, 1 benchmark blocks
  run 2: 7 total blocks, 1 benchmark blocks
  run 3: 7 total blocks, 1 benchmark blocks
  run 4: 6 total blocks, 1 benchmark blocks
  run 5: 7 total blocks, 1 benchmark blocks
  run 6: 7 total blocks, 1 benchmark blocks
  run 7: 8 total blocks, 1 benchmark blocks
  run 8: 7 total blocks, 1 benchmark blocks
  run 9: 7 total blocks, 1 benchmark blocks
  -> Written 139 rows to ubt_storage_sload_k256.csv

--- storage_sstore_k1 ---
  run 10: 7 total blocks, 1 benchmark blocks
  run 11: 7 total blocks, 1 benchmark blocks
  run 12: 7 total blocks, 1 benchmark blocks
  run 13: 7 total blocks, 1 benchmark blocks
  run 14: 7 total blocks, 1 benchmark blocks
  run 15: 7 total blocks, 1 benchmark blocks
  run 16: 7 total blocks, 1 benchmark blocks
  run 17: 7 total blocks, 1 benchmark blocks
  run 18: 7 total blocks, 1 benchmark blocks
  run 19: 6 total blocks, 1 benchmark blocks
  run 1: 8 total blocks, 1 benchmark blocks
  run 20: 7 total blocks, 1 benchmark blocks
  run 2: 6 total blocks, 1 benchmark blocks
  run 3: 7 total blocks, 1 benchmark blocks
  run 4: 7 total blocks, 1 benchmark blocks
  run 5: 7 total blocks, 1 benchmark blocks
  run 6: 7 total blocks, 1 benchmark blocks
  run 7: 7 total blocks, 1 benchmark blocks
  run 8: 7 total blocks, 1 benchmark blocks
  run 9: 7 total blocks, 1 benchmark blocks
  -> Written 139 rows to ubt_storage_sstore_k1.csv

--- storage_sstore_k10 ---
  run 10: 7 total blocks, 1 benchmark blocks
  run 11: 7 total blocks, 1 benchmark blocks
  run 12: 7 total blocks, 1 benchmark blocks
  run 13: 7 total blocks, 1 benchmark blocks
  run 14: 7 total blocks, 1 benchmark blocks
  run 15: 7 total blocks, 1 benchmark blocks
  run 16: 7 total blocks, 1 benchmark blocks
  run 17: 7 total blocks, 1 benchmark blocks
  run 18: 7 total blocks, 1 benchmark blocks
  run 19: 7 total blocks, 1 benchmark blocks
  run 1: 7 total blocks, 1 benchmark blocks
  run 20: 7 total blocks, 1 benchmark blocks
  run 2: 7 total blocks, 1 benchmark blocks
  run 3: 7 total blocks, 1 benchmark blocks
  run 4: 7 total blocks, 1 benchmark blocks
  run 5: 7 total blocks, 1 benchmark blocks
  run 6: 6 total blocks, 1 benchmark blocks
  run 7: 7 total blocks, 1 benchmark blocks
  run 8: 7 total blocks, 1 benchmark blocks
  run 9: 7 total blocks, 1 benchmark blocks
  -> Written 139 rows to ubt_storage_sstore_k10.csv

--- storage_sstore_k100 ---
  run 10: 6 total blocks, 1 benchmark blocks
  run 11: 6 total blocks, 1 benchmark blocks
  run 12: 6 total blocks, 1 benchmark blocks
  run 13: 6 total blocks, 1 benchmark blocks
  run 14: 6 total blocks, 1 benchmark blocks
  run 15: 6 total blocks, 1 benchmark blocks
  run 16: 6 total blocks, 1 benchmark blocks
  run 17: 6 total blocks, 1 benchmark blocks
  run 18: 6 total blocks, 1 benchmark blocks
  run 19: 6 total blocks, 1 benchmark blocks
  run 1: 5 total blocks, 1 benchmark blocks
  run 20: 6 total blocks, 1 benchmark blocks
  run 2: 6 total blocks, 1 benchmark blocks
  run 3: 6 total blocks, 1 benchmark blocks
  run 4: 6 total blocks, 1 benchmark blocks
  run 5: 6 total blocks, 1 benchmark blocks
  run 6: 6 total blocks, 1 benchmark blocks
  run 7: 6 total blocks, 1 benchmark blocks
  run 8: 6 total blocks, 1 benchmark blocks
  run 9: 7 total blocks, 1 benchmark blocks
  -> Written 120 rows to ubt_storage_sstore_k100.csv

--- storage_sstore_k256 ---
  run 10: 5 total blocks, 1 benchmark blocks
  run 11: 6 total blocks, 1 benchmark blocks
  run 12: 6 total blocks, 1 benchmark blocks
  run 13: 6 total blocks, 1 benchmark blocks
  run 14: 5 total blocks, 1 benchmark blocks
  run 15: 5 total blocks, 1 benchmark blocks
  run 16: 5 total blocks, 1 benchmark blocks
  run 17: 5 total blocks, 1 benchmark blocks
  run 18: 6 total blocks, 1 benchmark blocks
  run 19: 6 total blocks, 1 benchmark blocks
  run 1: 6 total blocks, 1 benchmark blocks
  run 20: 6 total blocks, 1 benchmark blocks
  run 2: 6 total blocks, 1 benchmark blocks
  run 3: 6 total blocks, 1 benchmark blocks
  run 4: 6 total blocks, 1 benchmark blocks
  run 5: 5 total blocks, 1 benchmark blocks
  run 6: 6 total blocks, 1 benchmark blocks
  run 7: 5 total blocks, 1 benchmark blocks
  run 8: 5 total blocks, 1 benchmark blocks
  run 9: 6 total blocks, 1 benchmark blocks
  -> Written 112 rows to ubt_storage_sstore_k256.csv

-> Cache validation: 240 rows to ubt_cache_validation.csv
-> All benchmarks: 1490 rows to ubt_all_benchmarks.csv

================================================================================
  CACHE VALIDATION SUMMARY
================================================================================

  storage_mixed_k1:
    Runs: 20
    Account cache: avg=38.8%
    Storage cache: avg=34.1%, min=3.0%, max=80.6%
    OK: Storage cache rates look reasonable for cold-start benchmarks

  storage_mixed_k10:
    Runs: 20
    Account cache: avg=30.0%
    Storage cache: avg=35.6%, min=5.7%, max=74.3%
    OK: Storage cache rates look reasonable for cold-start benchmarks

  storage_mixed_k100:
    Runs: 20
    Account cache: avg=28.3%
    Storage cache: avg=32.1%, min=8.4%, max=77.8%
    OK: Storage cache rates look reasonable for cold-start benchmarks

  storage_mixed_k256:
    Runs: 20
    Account cache: avg=30.1%
    Storage cache: avg=30.0%, min=13.5%, max=48.8%
    OK: Storage cache rates look reasonable for cold-start benchmarks

  storage_sload_k1:
    Runs: 20
    Account cache: avg=40.6%
    Storage cache: avg=33.5%, min=10.1%, max=78.3%
    OK: Storage cache rates look reasonable for cold-start benchmarks

  storage_sload_k10:
    Runs: 20
    Account cache: avg=35.0%
    Storage cache: avg=26.6%, min=6.2%, max=61.6%
    OK: Storage cache rates look reasonable for cold-start benchmarks

  storage_sload_k100:
    Runs: 20
    Account cache: avg=22.9%
    Storage cache: avg=24.2%, min=3.5%, max=45.7%
    OK: Storage cache rates look reasonable for cold-start benchmarks

  storage_sload_k256:
    Runs: 20
    Account cache: avg=23.2%
    Storage cache: avg=24.9%, min=0.8%, max=50.2%
    OK: Storage cache rates look reasonable for cold-start benchmarks

  storage_sstore_k1:
    Runs: 20
    Account cache: avg=38.1%
    Storage cache: avg=24.8%, min=7.3%, max=49.0%
    OK: Storage cache rates look reasonable for cold-start benchmarks

  storage_sstore_k10:
    Runs: 20
    Account cache: avg=30.3%
    Storage cache: avg=29.7%, min=4.6%, max=68.2%
    OK: Storage cache rates look reasonable for cold-start benchmarks

  storage_sstore_k100:
    Runs: 20
    Account cache: avg=44.5%
    Storage cache: avg=34.5%, min=5.8%, max=72.2%
    OK: Storage cache rates look reasonable for cold-start benchmarks

  storage_sstore_k256:
    Runs: 20
    Account cache: avg=49.6%
    Storage cache: avg=36.7%, min=7.5%, max=67.9%
    OK: Storage cache rates look reasonable for cold-start benchmarks
[2026-06-01 07:09:07]   extracting pbt from /mnt/state_expiry_vol_data/bintrie-benchmarks/ubt-vs-pbt/data/pbt
Extracting CSVs for config: pbt
  Results dir: /mnt/state_expiry_vol_data/bintrie-benchmarks/ubt-vs-pbt/data/pbt
  Output dir: /mnt/state_expiry_vol_data/bintrie-benchmarks/ubt-vs-pbt/data/pbt/csv
  Discovered 12 benchmarks: ['storage_mixed_k1', 'storage_mixed_k10', 'storage_mixed_k100', 'storage_mixed_k256', 'storage_sload_k1', 'storage_sload_k10', 'storage_sload_k100', 'storage_sload_k256', 'storage_sstore_k1', 'storage_sstore_k10', 'storage_sstore_k100', 'storage_sstore_k256']

--- storage_mixed_k1 ---
  run 10: 7 total blocks, 1 benchmark blocks
  run 11: 7 total blocks, 1 benchmark blocks
  run 12: 7 total blocks, 1 benchmark blocks
  run 13: 7 total blocks, 1 benchmark blocks
  run 14: 7 total blocks, 1 benchmark blocks
  run 15: 7 total blocks, 1 benchmark blocks
  run 16: 7 total blocks, 1 benchmark blocks
  run 17: 7 total blocks, 1 benchmark blocks
  run 18: 7 total blocks, 1 benchmark blocks
  run 19: 7 total blocks, 1 benchmark blocks
  run 1: 7 total blocks, 1 benchmark blocks
  run 20: 7 total blocks, 1 benchmark blocks
  run 2: 6 total blocks, 1 benchmark blocks
  run 3: 7 total blocks, 1 benchmark blocks
  run 4: 7 total blocks, 1 benchmark blocks
  run 5: 6 total blocks, 1 benchmark blocks
  run 6: 7 total blocks, 1 benchmark blocks
  run 7: 7 total blocks, 1 benchmark blocks
  run 8: 7 total blocks, 1 benchmark blocks
  run 9: 6 total blocks, 1 benchmark blocks
  -> Written 137 rows to pbt_storage_mixed_k1.csv

--- storage_mixed_k10 ---
  run 10: 6 total blocks, 1 benchmark blocks
  run 11: 6 total blocks, 1 benchmark blocks
  run 12: 6 total blocks, 1 benchmark blocks
  run 13: 6 total blocks, 1 benchmark blocks
  run 14: 6 total blocks, 1 benchmark blocks
  run 15: 7 total blocks, 1 benchmark blocks
  run 16: 6 total blocks, 1 benchmark blocks
  run 17: 6 total blocks, 1 benchmark blocks
  run 18: 6 total blocks, 1 benchmark blocks
  run 19: 6 total blocks, 1 benchmark blocks
  run 1: 7 total blocks, 1 benchmark blocks
  run 20: 6 total blocks, 1 benchmark blocks
  run 2: 7 total blocks, 1 benchmark blocks
  run 3: 7 total blocks, 1 benchmark blocks
  run 4: 7 total blocks, 1 benchmark blocks
  run 5: 7 total blocks, 1 benchmark blocks
  run 6: 6 total blocks, 1 benchmark blocks
  run 7: 6 total blocks, 1 benchmark blocks
  run 8: 7 total blocks, 1 benchmark blocks
  run 9: 7 total blocks, 1 benchmark blocks
  -> Written 128 rows to pbt_storage_mixed_k10.csv

--- storage_mixed_k100 ---
  run 10: 6 total blocks, 1 benchmark blocks
  run 11: 7 total blocks, 1 benchmark blocks
  run 12: 6 total blocks, 1 benchmark blocks
  run 13: 6 total blocks, 1 benchmark blocks
  run 14: 6 total blocks, 1 benchmark blocks
  run 15: 6 total blocks, 1 benchmark blocks
  run 16: 6 total blocks, 1 benchmark blocks
  run 17: 6 total blocks, 1 benchmark blocks
  run 18: 6 total blocks, 1 benchmark blocks
  run 19: 7 total blocks, 1 benchmark blocks
  run 1: 7 total blocks, 1 benchmark blocks
  run 20: 7 total blocks, 1 benchmark blocks
  run 2: 6 total blocks, 1 benchmark blocks
  run 3: 6 total blocks, 1 benchmark blocks
  run 4: 7 total blocks, 1 benchmark blocks
  run 5: 6 total blocks, 1 benchmark blocks
  run 6: 6 total blocks, 1 benchmark blocks
  run 7: 7 total blocks, 1 benchmark blocks
  run 8: 7 total blocks, 1 benchmark blocks
  run 9: 7 total blocks, 1 benchmark blocks
  -> Written 128 rows to pbt_storage_mixed_k100.csv

--- storage_mixed_k256 ---
  run 10: 6 total blocks, 1 benchmark blocks
  run 11: 7 total blocks, 1 benchmark blocks
  run 12: 7 total blocks, 1 benchmark blocks
  run 13: 7 total blocks, 1 benchmark blocks
  run 14: 7 total blocks, 1 benchmark blocks
  run 15: 7 total blocks, 1 benchmark blocks
  run 16: 6 total blocks, 1 benchmark blocks
  run 17: 7 total blocks, 1 benchmark blocks
  run 18: 6 total blocks, 1 benchmark blocks
  run 19: 6 total blocks, 1 benchmark blocks
  run 1: 7 total blocks, 1 benchmark blocks
  run 20: 8 total blocks, 1 benchmark blocks
  run 2: 6 total blocks, 1 benchmark blocks
  run 3: 6 total blocks, 1 benchmark blocks
  run 4: 7 total blocks, 1 benchmark blocks
  run 5: 6 total blocks, 1 benchmark blocks
  run 6: 8 total blocks, 1 benchmark blocks
  run 7: 7 total blocks, 1 benchmark blocks
  run 8: 6 total blocks, 1 benchmark blocks
  run 9: 6 total blocks, 1 benchmark blocks
  -> Written 133 rows to pbt_storage_mixed_k256.csv

--- storage_sload_k1 ---
  run 10: 7 total blocks, 1 benchmark blocks
  run 11: 7 total blocks, 1 benchmark blocks
  run 12: 7 total blocks, 1 benchmark blocks
  run 13: 7 total blocks, 1 benchmark blocks
  run 14: 7 total blocks, 1 benchmark blocks
  run 15: 6 total blocks, 1 benchmark blocks
  run 16: 7 total blocks, 1 benchmark blocks
  run 17: 7 total blocks, 1 benchmark blocks
  run 18: 6 total blocks, 1 benchmark blocks
  run 19: 6 total blocks, 1 benchmark blocks
  run 1: 9 total blocks, 1 benchmark blocks
  run 20: 6 total blocks, 1 benchmark blocks
  run 2: 7 total blocks, 1 benchmark blocks
  run 3: 7 total blocks, 1 benchmark blocks
  run 4: 7 total blocks, 1 benchmark blocks
  run 5: 7 total blocks, 1 benchmark blocks
  run 6: 7 total blocks, 1 benchmark blocks
  run 7: 7 total blocks, 1 benchmark blocks
  run 8: 7 total blocks, 1 benchmark blocks
  run 9: 7 total blocks, 1 benchmark blocks
  -> Written 138 rows to pbt_storage_sload_k1.csv

--- storage_sload_k10 ---
  run 10: 6 total blocks, 1 benchmark blocks
  run 11: 7 total blocks, 1 benchmark blocks
  run 12: 6 total blocks, 1 benchmark blocks
  run 13: 6 total blocks, 1 benchmark blocks
  run 14: 6 total blocks, 1 benchmark blocks
  run 15: 7 total blocks, 1 benchmark blocks
  run 16: 7 total blocks, 1 benchmark blocks
  run 17: 6 total blocks, 1 benchmark blocks
  run 18: 6 total blocks, 1 benchmark blocks
  run 19: 7 total blocks, 1 benchmark blocks
  run 1: 7 total blocks, 1 benchmark blocks
  run 20: 7 total blocks, 1 benchmark blocks
  run 2: 6 total blocks, 1 benchmark blocks
  run 3: 6 total blocks, 1 benchmark blocks
  run 4: 7 total blocks, 1 benchmark blocks
  run 5: 7 total blocks, 1 benchmark blocks
  run 6: 6 total blocks, 1 benchmark blocks
  run 7: 6 total blocks, 1 benchmark blocks
  run 8: 7 total blocks, 1 benchmark blocks
  run 9: 7 total blocks, 1 benchmark blocks
  -> Written 130 rows to pbt_storage_sload_k10.csv

--- storage_sload_k100 ---
  run 10: 7 total blocks, 1 benchmark blocks
  run 11: 7 total blocks, 1 benchmark blocks
  run 12: 7 total blocks, 1 benchmark blocks
  run 13: 6 total blocks, 1 benchmark blocks
  run 14: 7 total blocks, 1 benchmark blocks
  run 15: 7 total blocks, 1 benchmark blocks
  run 16: 7 total blocks, 1 benchmark blocks
  run 17: 7 total blocks, 1 benchmark blocks
  run 18: 7 total blocks, 1 benchmark blocks
  run 19: 7 total blocks, 1 benchmark blocks
  run 1: 6 total blocks, 1 benchmark blocks
  run 20: 6 total blocks, 1 benchmark blocks
  run 2: 6 total blocks, 1 benchmark blocks
  run 3: 6 total blocks, 1 benchmark blocks
  run 4: 7 total blocks, 1 benchmark blocks
  run 5: 6 total blocks, 1 benchmark blocks
  run 6: 8 total blocks, 1 benchmark blocks
  run 7: 7 total blocks, 1 benchmark blocks
  run 8: 7 total blocks, 1 benchmark blocks
  run 9: 7 total blocks, 1 benchmark blocks
  -> Written 135 rows to pbt_storage_sload_k100.csv

--- storage_sload_k256 ---
  run 10: 6 total blocks, 1 benchmark blocks
  run 11: 7 total blocks, 1 benchmark blocks
  run 12: 7 total blocks, 1 benchmark blocks
  run 13: 6 total blocks, 1 benchmark blocks
  run 14: 6 total blocks, 1 benchmark blocks
  run 15: 7 total blocks, 1 benchmark blocks
  run 16: 6 total blocks, 1 benchmark blocks
  run 17: 7 total blocks, 1 benchmark blocks
  run 18: 6 total blocks, 1 benchmark blocks
  run 19: 6 total blocks, 1 benchmark blocks
  run 1: 6 total blocks, 1 benchmark blocks
  run 20: 6 total blocks, 1 benchmark blocks
  run 2: 7 total blocks, 1 benchmark blocks
  run 3: 6 total blocks, 1 benchmark blocks
  run 4: 7 total blocks, 1 benchmark blocks
  run 5: 6 total blocks, 1 benchmark blocks
  run 6: 6 total blocks, 1 benchmark blocks
  run 7: 8 total blocks, 1 benchmark blocks
  run 8: 7 total blocks, 1 benchmark blocks
  run 9: 7 total blocks, 1 benchmark blocks
  -> Written 130 rows to pbt_storage_sload_k256.csv

--- storage_sstore_k1 ---
  run 10: 6 total blocks, 1 benchmark blocks
  run 11: 6 total blocks, 1 benchmark blocks
  run 12: 6 total blocks, 1 benchmark blocks
  run 13: 6 total blocks, 1 benchmark blocks
  run 14: 6 total blocks, 1 benchmark blocks
  run 15: 6 total blocks, 1 benchmark blocks
  run 16: 6 total blocks, 1 benchmark blocks
  run 17: 6 total blocks, 1 benchmark blocks
  run 18: 6 total blocks, 1 benchmark blocks
  run 19: 6 total blocks, 1 benchmark blocks
  run 1: 6 total blocks, 1 benchmark blocks
  run 20: 6 total blocks, 1 benchmark blocks
  run 2: 6 total blocks, 1 benchmark blocks
  run 3: 6 total blocks, 1 benchmark blocks
  run 4: 6 total blocks, 1 benchmark blocks
  run 5: 6 total blocks, 1 benchmark blocks
  run 6: 6 total blocks, 1 benchmark blocks
  run 7: 6 total blocks, 1 benchmark blocks
  run 8: 6 total blocks, 1 benchmark blocks
  run 9: 6 total blocks, 1 benchmark blocks
  -> Written 120 rows to pbt_storage_sstore_k1.csv

--- storage_sstore_k10 ---
  run 10: 6 total blocks, 1 benchmark blocks
  run 11: 6 total blocks, 1 benchmark blocks
  run 12: 6 total blocks, 1 benchmark blocks
  run 13: 6 total blocks, 1 benchmark blocks
  run 14: 6 total blocks, 1 benchmark blocks
  run 15: 6 total blocks, 1 benchmark blocks
  run 16: 6 total blocks, 1 benchmark blocks
  run 17: 6 total blocks, 1 benchmark blocks
  run 18: 6 total blocks, 1 benchmark blocks
  run 19: 6 total blocks, 1 benchmark blocks
  run 1: 6 total blocks, 1 benchmark blocks
  run 20: 6 total blocks, 1 benchmark blocks
  run 2: 6 total blocks, 1 benchmark blocks
  run 3: 6 total blocks, 1 benchmark blocks
  run 4: 6 total blocks, 1 benchmark blocks
  run 5: 6 total blocks, 1 benchmark blocks
  run 6: 6 total blocks, 1 benchmark blocks
  run 7: 6 total blocks, 1 benchmark blocks
  run 8: 6 total blocks, 1 benchmark blocks
  run 9: 6 total blocks, 1 benchmark blocks
  -> Written 120 rows to pbt_storage_sstore_k10.csv

--- storage_sstore_k100 ---
  run 10: 7 total blocks, 1 benchmark blocks
  run 11: 7 total blocks, 1 benchmark blocks
  run 12: 6 total blocks, 1 benchmark blocks
  run 13: 6 total blocks, 1 benchmark blocks
  run 14: 6 total blocks, 1 benchmark blocks
  run 15: 7 total blocks, 1 benchmark blocks
  run 16: 7 total blocks, 1 benchmark blocks
  run 17: 7 total blocks, 1 benchmark blocks
  run 18: 7 total blocks, 1 benchmark blocks
  run 19: 7 total blocks, 1 benchmark blocks
  run 1: 7 total blocks, 1 benchmark blocks
  run 20: 8 total blocks, 1 benchmark blocks
  run 2: 6 total blocks, 1 benchmark blocks
  run 3: 6 total blocks, 1 benchmark blocks
  run 4: 6 total blocks, 1 benchmark blocks
  run 5: 6 total blocks, 1 benchmark blocks
  run 6: 6 total blocks, 1 benchmark blocks
  run 7: 6 total blocks, 1 benchmark blocks
  run 8: 6 total blocks, 1 benchmark blocks
  run 9: 6 total blocks, 1 benchmark blocks
  -> Written 130 rows to pbt_storage_sstore_k100.csv

--- storage_sstore_k256 ---
  run 10: 7 total blocks, 1 benchmark blocks
  run 11: 6 total blocks, 1 benchmark blocks
  run 12: 7 total blocks, 1 benchmark blocks
  run 13: 7 total blocks, 1 benchmark blocks
  run 14: 8 total blocks, 1 benchmark blocks
  run 15: 6 total blocks, 1 benchmark blocks
  run 16: 7 total blocks, 1 benchmark blocks
  run 17: 7 total blocks, 1 benchmark blocks
  run 18: 6 total blocks, 1 benchmark blocks
  run 19: 6 total blocks, 1 benchmark blocks
  run 1: 7 total blocks, 1 benchmark blocks
  run 20: 6 total blocks, 1 benchmark blocks
  run 2: 7 total blocks, 1 benchmark blocks
  run 3: 6 total blocks, 1 benchmark blocks
  run 4: 7 total blocks, 1 benchmark blocks
  run 5: 7 total blocks, 1 benchmark blocks
  run 6: 7 total blocks, 1 benchmark blocks
  run 7: 7 total blocks, 1 benchmark blocks
  run 8: 7 total blocks, 1 benchmark blocks
  run 9: 7 total blocks, 1 benchmark blocks
  -> Written 135 rows to pbt_storage_sstore_k256.csv

-> Cache validation: 240 rows to pbt_cache_validation.csv
-> All benchmarks: 1564 rows to pbt_all_benchmarks.csv

================================================================================
  CACHE VALIDATION SUMMARY
================================================================================

  storage_mixed_k1:
    Runs: 20
    Account cache: avg=20.6%
    Storage cache: avg=32.6%, min=3.1%, max=73.8%
    OK: Storage cache rates look reasonable for cold-start benchmarks

  storage_mixed_k10:
    Runs: 20
    Account cache: avg=31.5%
    Storage cache: avg=28.4%, min=7.9%, max=90.5%
    OK: Storage cache rates look reasonable for cold-start benchmarks

  storage_mixed_k100:
    Runs: 20
    Account cache: avg=27.4%
    Storage cache: avg=28.6%, min=3.8%, max=69.2%
    OK: Storage cache rates look reasonable for cold-start benchmarks

  storage_mixed_k256:
    Runs: 20
    Account cache: avg=29.4%
    Storage cache: avg=28.2%, min=7.7%, max=46.4%
    OK: Storage cache rates look reasonable for cold-start benchmarks

  storage_sload_k1:
    Runs: 20
    Account cache: avg=40.6%
    Storage cache: avg=44.1%, min=5.0%, max=99.6%
    OK: Storage cache rates look reasonable for cold-start benchmarks

  storage_sload_k10:
    Runs: 20
    Account cache: avg=30.3%
    Storage cache: avg=26.6%, min=0.8%, max=99.2%
    OK: Storage cache rates look reasonable for cold-start benchmarks

  storage_sload_k100:
    Runs: 20
    Account cache: avg=20.3%
    Storage cache: avg=19.1%, min=5.0%, max=40.3%
    OK: Storage cache rates look reasonable for cold-start benchmarks

  storage_sload_k256:
    Runs: 20
    Account cache: avg=22.5%
    Storage cache: avg=25.4%, min=11.2%, max=58.3%
    OK: Storage cache rates look reasonable for cold-start benchmarks

  storage_sstore_k1:
    Runs: 20
    Account cache: avg=41.9%
    Storage cache: avg=22.8%, min=4.2%, max=63.3%
    OK: Storage cache rates look reasonable for cold-start benchmarks

  storage_sstore_k10:
    Runs: 20
    Account cache: avg=38.2%
    Storage cache: avg=35.2%, min=7.1%, max=58.3%
    OK: Storage cache rates look reasonable for cold-start benchmarks

  storage_sstore_k100:
    Runs: 20
    Account cache: avg=49.8%
    Storage cache: avg=40.5%, min=16.6%, max=73.4%
    OK: Storage cache rates look reasonable for cold-start benchmarks

  storage_sstore_k256:
    Runs: 20
    Account cache: avg=44.6%
    Storage cache: avg=32.2%, min=9.9%, max=51.9%
    OK: Storage cache rates look reasonable for cold-start benchmarks
[2026-06-01 07:09:07] 
[2026-06-01 07:09:07] ── Stage 4: consolidate + analyze ──
[2026-06-01 07:09:07]   consolidated: /mnt/state_expiry_vol_data/bintrie-benchmarks/ubt-vs-pbt/data/ubt_vs_pbt_consolidated.csv (3055 lines)
[2026-06-01 07:09:07]   analyzing...
====================================================================================================
  PER-BENCHMARK SUMMARY (blocks with gas > 500K, excluding run 1)
====================================================================================================

--- scattered_sload ---
    Config  Blocks             total_ms         mgas_per_sec        state_read_ms        state_hash_ms            commit_ms storage_cache_hit_rate
--------------------------------------------------------------------------------------------------------------------------------------------------
       ubt      --                   --                   --                   --                   --                   --                   --
       pbt      --                   --                   --                   --                   --                   --                   --

--- scattered_sstore ---
    Config  Blocks             total_ms         mgas_per_sec        state_read_ms        state_hash_ms            commit_ms storage_cache_hit_rate
--------------------------------------------------------------------------------------------------------------------------------------------------
       ubt      --                   --                   --                   --                   --                   --                   --
       pbt      --                   --                   --                   --                   --                   --                   --

--- scattered_mixed ---
    Config  Blocks             total_ms         mgas_per_sec        state_read_ms        state_hash_ms            commit_ms storage_cache_hit_rate
--------------------------------------------------------------------------------------------------------------------------------------------------
       ubt      --                   --                   --                   --                   --                   --                   --
       pbt      --                   --                   --                   --                   --                   --                   --

====================================================================================================
  MANN-WHITNEY U: UBT vs PBT
====================================================================================================

  scipy not available -- skipping Mann-Whitney U tests
  Install with: pip install scipy

====================================================================================================
  BOOTSTRAP RATIO CIs: median(PBT) / median(UBT), 95% CI
====================================================================================================

--- scattered_sload ---
  Insufficient data

--- scattered_sstore ---
  Insufficient data

--- scattered_mixed ---
  Insufficient data

====================================================================================================
  WELCH'S t-TEST ON PER-RUN MEDIANS
====================================================================================================

  scipy not available -- skipping Welch's t-test

====================================================================================================
  SINGLE-TX-BLOCK ANALYSIS (tx_count == 1)
====================================================================================================

--- scattered_sload ---
    Config  Blocks             total_ms         mgas_per_sec        state_read_ms        state_hash_ms            commit_ms storage_cache_hit_rate
--------------------------------------------------------------------------------------------------------------------------------------------------
       ubt      --                   --                   --                   --                   --                   --                   --
       pbt      --                   --                   --                   --                   --                   --                   --

--- scattered_sstore ---
    Config  Blocks             total_ms         mgas_per_sec        state_read_ms        state_hash_ms            commit_ms storage_cache_hit_rate
--------------------------------------------------------------------------------------------------------------------------------------------------
       ubt      --                   --                   --                   --                   --                   --                   --
       pbt      --                   --                   --                   --                   --                   --                   --

--- scattered_mixed ---
    Config  Blocks             total_ms         mgas_per_sec        state_read_ms        state_hash_ms            commit_ms storage_cache_hit_rate
--------------------------------------------------------------------------------------------------------------------------------------------------
       ubt      --                   --                   --                   --                   --                   --                   --
       pbt      --                   --                   --                   --                   --                   --                   --

====================================================================================================
  COLD TAIL ANALYSIS: PBT scattered_sstore -- ms_per_cache_miss by tx_count
====================================================================================================
  No PBT approve data

====================================================================================================
  EVM TAX CORRELATION: Pearson r (execution_ms vs state_read_ms)
====================================================================================================

  scipy not available -- skipping Pearson correlation

====================================================================================================
  COEFFICIENT OF VARIATION (CV%) -- total_ms (per-run medians)
====================================================================================================

--- scattered_sload ---

--- scattered_sstore ---

--- scattered_mixed ---


JSON summary written to /mnt/state_expiry_vol_data/bintrie-benchmarks/ubt-vs-pbt/data/analysis_results.json
[2026-06-01 07:09:07] 
[2026-06-01 07:09:07] ╔══════════════════════════════════════════════════════════════════╗
[2026-06-01 07:09:07] ║  Campaign complete
[2026-06-01 07:09:07] ╠══════════════════════════════════════════════════════════════════╣
[2026-06-01 07:09:07] ║  Consolidated CSV : /mnt/state_expiry_vol_data/bintrie-benchmarks/ubt-vs-pbt/data/ubt_vs_pbt_consolidated.csv
[2026-06-01 07:09:07] ║  Analysis JSON    : /mnt/state_expiry_vol_data/bintrie-benchmarks/ubt-vs-pbt/data/analysis_results.json
[2026-06-01 07:09:07] ║  Per-config dirs  : /mnt/state_expiry_vol_data/bintrie-benchmarks/ubt-vs-pbt/data/{ubt,pbt}/
[2026-06-01 07:09:07] ╚══════════════════════════════════════════════════════════════════╝
