[2026-06-02 02:52:21] ╔══════════════════════════════════════════════════════════════════╗
[2026-06-02 02:52:21] ║  UBT vs PBT campaign
[2026-06-02 02:52:21] ║  NUM_RUNS=20  TARGET_SIZE=500GB  GD=5  COLD_CACHE=1
[2026-06-02 02:52:21] ╚══════════════════════════════════════════════════════════════════╝
[2026-06-02 02:52:21] 
[2026-06-02 02:52:21] ── Stage 1: generate_dbs.sh ──
[2026-06-02 02:52:21] ╔══════════════════════════════════════════════════════════════╗
[2026-06-02 02:52:21] ║  generate_dbs.sh — preflight
[2026-06-02 02:52:21] ╚══════════════════════════════════════════════════════════════╝
[2026-06-02 02:52:21]   ubt: geth=/tmp/bench-bins/geth-flat-state state-actor=/tmp/bench-bins/state-actor-flat-state
[2026-06-02 02:52:21]   pbt: geth=/tmp/bench-bins/geth-pbt-noparallel state-actor=/tmp/bench-bins/state-actor-pbt-flat-state
[2026-06-02 02:52:21]   spamoor: /tmp/bench-bins/spamoor
[2026-06-02 02:52:22] 
[2026-06-02 02:52:22] ╔══════════════════════════════════════════════════════════════╗
[2026-06-02 02:52:22] ║  Config ubt — DB generation + ERC20 deployment
[2026-06-02 02:52:22] ╚══════════════════════════════════════════════════════════════╝
[2026-06-02 02:52:22]   [resume] /mnt/state_expiry_vol_data/ubt-vs-pbt-dbs/ubt/geth/chaindata exists, contracts.json missing — Phase 2 (deploy) only
[2026-06-02 02:52:22]   [phase1] skipped — reusing existing chaindata (size=72G)
Fatal: Could not create the account: account already exists
[2026-06-02 02:52:22]   [geth] Starting for deployment (cache=4096, dev.period=1)
[2026-06-02 02:52:22]   [geth] Waiting for RPC...
[2026-06-02 02:52:26]   [geth] RPC ready after 5s
[2026-06-02 02:52:26]   [phase2] Seed balance: 999999948.1324807 ETH
[2026-06-02 02:52:26]   [phase2] Deploying 700 getter contracts (NUM_STEMS=700 pre-populated stems, gas=16300000)
[2026-06-02 03:12:59]     factory=0x7dc4d193051240848c7F4F19679e8514B148080f — computing 700 getter CREATE2 addresses
wrote 700 CREATE2 addresses to /mnt/state_expiry_vol_data/bintrie-benchmarks/ubt-vs-pbt/data/ubt/contracts.json (factory=0x7dc4d193051240848c7F4F19679e8514B148080f, init_code_hash=0x43734377192114d2c1b77698fdf3c48bf3bebb42f09379d0e341afe28d89cc93)
[2026-06-02 03:12:59]     [getter] 700 verified deployed (all addresses have code on chain)
[2026-06-02 03:12:59]   [phase2] Deploying 700 empty-code accounts (start salt=700, gas=200000)
wrote 700 CREATE2 addresses to /mnt/state_expiry_vol_data/bintrie-benchmarks/ubt-vs-pbt/data/ubt/accounts.json (factory=0x7dc4d193051240848c7F4F19679e8514B148080f, init_code_hash=0x5fd875ef7d60f65991512743b1cdf42b8d3116d2e91e85f05d2482819c20b4e7)
[2026-06-02 03:15:49]   [phase2] both sets written: 700 getters + 700 empty accounts
[2026-06-02 03:15:49]   Killing geth (SIGTERM, waiting up to 120s for journal flush): 1222384
[2026-06-02 03:15:53]   geth exited cleanly after 4s
[2026-06-02 03:15:53]   [done] ubt DB + getters ready
[2026-06-02 03:15:53] 
[2026-06-02 03:15:53] ╔══════════════════════════════════════════════════════════════╗
[2026-06-02 03:15:53] ║  Config pbt — DB generation + ERC20 deployment
[2026-06-02 03:15:53] ╚══════════════════════════════════════════════════════════════╝
[2026-06-02 03:15:53]   [resume] /mnt/state_expiry_vol_data/ubt-vs-pbt-dbs/pbt/geth/chaindata exists, contracts.json missing — Phase 2 (deploy) only
[2026-06-02 03:15:53]   [phase1] skipped — reusing existing chaindata (size=71G)
Fatal: Could not create the account: account already exists
[2026-06-02 03:15:53]   [geth] Starting for deployment (cache=4096, dev.period=1)
[2026-06-02 03:15:53]   [geth] Waiting for RPC...
[2026-06-02 03:15:58]   [geth] RPC ready after 6s
[2026-06-02 03:15:58]   [phase2] Seed balance: 999999946.7846975 ETH
[2026-06-02 03:15:58]   [phase2] Deploying 700 getter contracts (NUM_STEMS=700 pre-populated stems, gas=16300000)
[2026-06-02 03:25:24]     factory=0x7dc4d193051240848c7F4F19679e8514B148080f — computing 700 getter CREATE2 addresses
wrote 700 CREATE2 addresses to /mnt/state_expiry_vol_data/bintrie-benchmarks/ubt-vs-pbt/data/pbt/contracts.json (factory=0x7dc4d193051240848c7F4F19679e8514B148080f, init_code_hash=0x43734377192114d2c1b77698fdf3c48bf3bebb42f09379d0e341afe28d89cc93)
[2026-06-02 03:25:25]     [getter] 700 verified deployed (all addresses have code on chain)
[2026-06-02 03:25:25]   [phase2] Deploying 700 empty-code accounts (start salt=700, gas=200000)
wrote 700 CREATE2 addresses to /mnt/state_expiry_vol_data/bintrie-benchmarks/ubt-vs-pbt/data/pbt/accounts.json (factory=0x7dc4d193051240848c7F4F19679e8514B148080f, init_code_hash=0x5fd875ef7d60f65991512743b1cdf42b8d3116d2e91e85f05d2482819c20b4e7)
[2026-06-02 03:28:14]   [phase2] both sets written: 700 getters + 700 empty accounts
[2026-06-02 03:28:14]   Killing geth (SIGTERM, waiting up to 120s for journal flush): 1223111
[2026-06-02 03:28:17]   geth exited cleanly after 3s
[2026-06-02 03:28:17]   [done] pbt DB + getters ready
[2026-06-02 03:28:17] 
[2026-06-02 03:28:17] ╔══════════════════════════════════════════════════════════════╗
[2026-06-02 03:28:17] ║  generate_dbs.sh — complete
[2026-06-02 03:28:17] ╚══════════════════════════════════════════════════════════════╝
[2026-06-02 03:28:18]   ubt: db=76G contracts=700
[2026-06-02 03:28:18]   pbt: db=71G contracts=700
[2026-06-02 03:28:18]   OK: ubt and pbt contracts.json are identical
[2026-06-02 03:28:18]   OK: ubt and pbt accounts.json are identical
[2026-06-02 03:28:18] 
[2026-06-02 03:28:18] ── Stage 2: run_benchmarks.sh ──
[2026-06-02 03:28:18] ╔══════════════════════════════════════════════════════════════════╗
[2026-06-02 03:28:18] ║  run_benchmarks.sh
[2026-06-02 03:28:18] ║  3 benchmarks × variable K-list × 20 runs × 2 configs
[2026-06-02 03:28:18] ║  COLD_CACHE=1  GROUP_DEPTH=5
[2026-06-02 03:28:18] ╚══════════════════════════════════════════════════════════════════╝
[2026-06-02 03:28:18]   ubt: ok
[2026-06-02 03:28:18]   pbt: ok
[2026-06-02 03:28:19] 
[2026-06-02 03:28:19] ╔══════════════════════════════════════════════════════════════════╗
[2026-06-02 03:28:19] ║  CONFIG: ubt
[2026-06-02 03:28:19] ╚══════════════════════════════════════════════════════════════════╝
[2026-06-02 03:28:19] 
[2026-06-02 03:28:19]   ── BENCHMARK: storage_sload_k1 (pool=700 contracts; effective K=1)
[2026-06-02 03:28:19] 
[2026-06-02 03:28:19]   --- storage_sload_k1_run1 (ubt) write-offset=30100000000 K=1 ---
[2026-06-02 03:28:19]   [cache] OS page cache dropped
Fatal: Could not create the account: account already exists
[2026-06-02 03:28:19]   [geth] Starting (ubt, gd=5, cold=1, dev.period=1, 1tx/block)
[2026-06-02 03:28:19]   [geth] Waiting for RPC...
[2026-06-02 03:28:24]   [geth] RPC ready after 6s
[2026-06-02 03:28:24]   [bench] Running execute remote...
[2026-06-02 03:28:33]   [bench] exit=0 passed=1 failed=0
0 missing_trie_node=0
0
[2026-06-02 03:28:33] 
[2026-06-02 03:28:33]   --- storage_sload_k1_run2 (ubt) write-offset=30200000000 K=1 ---
[2026-06-02 03:28:33]   [geth] Stopping (SIGTERM, waiting up to 120s for clean exit): 1223736
[2026-06-02 03:28:36]   [geth] exited cleanly after 3s
[2026-06-02 03:28:36]   [cache] OS page cache dropped
Fatal: Could not create the account: account already exists
[2026-06-02 03:28:36]   [geth] Starting (ubt, gd=5, cold=1, dev.period=1, 1tx/block)
[2026-06-02 03:28:36]   [geth] Waiting for RPC...
[2026-06-02 03:28:41]   [geth] RPC ready after 5s
[2026-06-02 03:28:41]   [bench] Running execute remote...
[2026-06-02 03:28:49]   [bench] exit=0 passed=1 failed=0
0 missing_trie_node=0
0
[2026-06-02 03:28:49] 
[2026-06-02 03:28:49]   --- storage_sload_k1_run3 (ubt) write-offset=30300000000 K=1 ---
[2026-06-02 03:28:49]   [geth] Stopping (SIGTERM, waiting up to 120s for clean exit): 1223825
[2026-06-02 03:28:52]   [geth] exited cleanly after 3s
[2026-06-02 03:28:52]   [cache] OS page cache dropped
Fatal: Could not create the account: account already exists
[2026-06-02 03:28:53]   [geth] Starting (ubt, gd=5, cold=1, dev.period=1, 1tx/block)
[2026-06-02 03:28:53]   [geth] Waiting for RPC...
[2026-06-02 03:28:57]   [geth] RPC ready after 5s
[2026-06-02 03:28:57]   [bench] Running execute remote...
[2026-06-02 03:29:05]   [bench] exit=0 passed=1 failed=0
0 missing_trie_node=0
0
[2026-06-02 03:29:05] 
[2026-06-02 03:29:05]   --- storage_sload_k1_run4 (ubt) write-offset=30400000000 K=1 ---
[2026-06-02 03:29:05]   [geth] Stopping (SIGTERM, waiting up to 120s for clean exit): 1223906
[2026-06-02 03:29:08]   [geth] exited cleanly after 3s
[2026-06-02 03:29:09]   [cache] OS page cache dropped
Fatal: Could not create the account: account already exists
[2026-06-02 03:29:09]   [geth] Starting (ubt, gd=5, cold=1, dev.period=1, 1tx/block)
[2026-06-02 03:29:09]   [geth] Waiting for RPC...
[2026-06-02 03:29:13]   [geth] RPC ready after 5s
[2026-06-02 03:29:13]   [bench] Running execute remote...
[2026-06-02 03:29:21]   [bench] exit=0 passed=1 failed=0
0 missing_trie_node=0
0
[2026-06-02 03:29:21] 
[2026-06-02 03:29:21]   --- storage_sload_k1_run5 (ubt) write-offset=30500000000 K=1 ---
[2026-06-02 03:29:21]   [geth] Stopping (SIGTERM, waiting up to 120s for clean exit): 1223992
[2026-06-02 03:29:24]   [geth] exited cleanly after 3s
[2026-06-02 03:29:25]   [cache] OS page cache dropped
Fatal: Could not create the account: account already exists
[2026-06-02 03:29:25]   [geth] Starting (ubt, gd=5, cold=1, dev.period=1, 1tx/block)
[2026-06-02 03:29:25]   [geth] Waiting for RPC...
[2026-06-02 03:29:29]   [geth] RPC ready after 5s
[2026-06-02 03:29:29]   [bench] Running execute remote...
[2026-06-02 03:29:38]   [bench] exit=0 passed=1 failed=0
0 missing_trie_node=0
0
[2026-06-02 03:29:38] 
[2026-06-02 03:29:38]   --- storage_sload_k1_run6 (ubt) write-offset=30600000000 K=1 ---
[2026-06-02 03:29:38]   [geth] Stopping (SIGTERM, waiting up to 120s for clean exit): 1224100
[2026-06-02 03:29:41]   [geth] exited cleanly after 3s
[2026-06-02 03:29:41]   [cache] OS page cache dropped
Fatal: Could not create the account: account already exists
[2026-06-02 03:29:41]   [geth] Starting (ubt, gd=5, cold=1, dev.period=1, 1tx/block)
[2026-06-02 03:29:41]   [geth] Waiting for RPC...
[2026-06-02 03:29:45]   [geth] RPC ready after 5s
[2026-06-02 03:29:45]   [bench] Running execute remote...
[2026-06-02 03:29:54]   [bench] exit=0 passed=1 failed=0
0 missing_trie_node=0
0
[2026-06-02 03:29:54] 
[2026-06-02 03:29:54]   --- storage_sload_k1_run7 (ubt) write-offset=30700000000 K=1 ---
[2026-06-02 03:29:54]   [geth] Stopping (SIGTERM, waiting up to 120s for clean exit): 1224185
[2026-06-02 03:29:57]   [geth] exited cleanly after 3s
[2026-06-02 03:29:57]   [cache] OS page cache dropped
Fatal: Could not create the account: account already exists
[2026-06-02 03:29:57]   [geth] Starting (ubt, gd=5, cold=1, dev.period=1, 1tx/block)
[2026-06-02 03:29:57]   [geth] Waiting for RPC...
[2026-06-02 03:30:01]   [geth] RPC ready after 5s
[2026-06-02 03:30:01]   [bench] Running execute remote...
[2026-06-02 03:30:10]   [bench] exit=0 passed=1 failed=0
0 missing_trie_node=0
0
[2026-06-02 03:30:10] 
[2026-06-02 03:30:10]   --- storage_sload_k1_run8 (ubt) write-offset=30800000000 K=1 ---
[2026-06-02 03:30:10]   [geth] Stopping (SIGTERM, waiting up to 120s for clean exit): 1224271
[2026-06-02 03:30:13]   [geth] exited cleanly after 3s
[2026-06-02 03:30:13]   [cache] OS page cache dropped
Fatal: Could not create the account: account already exists
[2026-06-02 03:30:13]   [geth] Starting (ubt, gd=5, cold=1, dev.period=1, 1tx/block)
[2026-06-02 03:30:13]   [geth] Waiting for RPC...
[2026-06-02 03:30:17]   [geth] RPC ready after 5s
[2026-06-02 03:30:17]   [bench] Running execute remote...
[2026-06-02 03:30:26]   [bench] exit=0 passed=1 failed=0
0 missing_trie_node=0
0
[2026-06-02 03:30:26] 
[2026-06-02 03:30:26]   --- storage_sload_k1_run9 (ubt) write-offset=30900000000 K=1 ---
[2026-06-02 03:30:26]   [geth] Stopping (SIGTERM, waiting up to 120s for clean exit): 1224359
[2026-06-02 03:30:29]   [geth] exited cleanly after 3s
[2026-06-02 03:30:29]   [cache] OS page cache dropped
Fatal: Could not create the account: account already exists
[2026-06-02 03:30:29]   [geth] Starting (ubt, gd=5, cold=1, dev.period=1, 1tx/block)
[2026-06-02 03:30:29]   [geth] Waiting for RPC...
[2026-06-02 03:30:33]   [geth] RPC ready after 5s
[2026-06-02 03:30:33]   [bench] Running execute remote...
[2026-06-02 03:30:42]   [bench] exit=0 passed=1 failed=0
0 missing_trie_node=0
0
[2026-06-02 03:30:42] 
[2026-06-02 03:30:42]   --- storage_sload_k1_run10 (ubt) write-offset=31000000000 K=1 ---
[2026-06-02 03:30:42]   [geth] Stopping (SIGTERM, waiting up to 120s for clean exit): 1224447
[2026-06-02 03:30:45]   [geth] exited cleanly after 3s
[2026-06-02 03:30:45]   [cache] OS page cache dropped
Fatal: Could not create the account: account already exists
[2026-06-02 03:30:45]   [geth] Starting (ubt, gd=5, cold=1, dev.period=1, 1tx/block)
[2026-06-02 03:30:45]   [geth] Waiting for RPC...
[2026-06-02 03:30:49]   [geth] RPC ready after 5s
[2026-06-02 03:30:49]   [bench] Running execute remote...
[2026-06-02 03:30:58]   [bench] exit=0 passed=1 failed=0
0 missing_trie_node=0
0
[2026-06-02 03:30:58] 
[2026-06-02 03:30:58]   --- storage_sload_k1_run11 (ubt) write-offset=31100000000 K=1 ---
[2026-06-02 03:30:58]   [geth] Stopping (SIGTERM, waiting up to 120s for clean exit): 1224530
[2026-06-02 03:31:01]   [geth] exited cleanly after 3s
[2026-06-02 03:31:01]   [cache] OS page cache dropped
Fatal: Could not create the account: account already exists
[2026-06-02 03:31:01]   [geth] Starting (ubt, gd=5, cold=1, dev.period=1, 1tx/block)
[2026-06-02 03:31:01]   [geth] Waiting for RPC...
[2026-06-02 03:31:06]   [geth] RPC ready after 5s
[2026-06-02 03:31:06]   [bench] Running execute remote...
[2026-06-02 03:31:14]   [bench] exit=0 passed=1 failed=0
0 missing_trie_node=0
0
[2026-06-02 03:31:14] 
[2026-06-02 03:31:14]   --- storage_sload_k1_run12 (ubt) write-offset=31200000000 K=1 ---
[2026-06-02 03:31:14]   [geth] Stopping (SIGTERM, waiting up to 120s for clean exit): 1224614
[2026-06-02 03:31:17]   [geth] exited cleanly after 3s
[2026-06-02 03:31:17]   [cache] OS page cache dropped
Fatal: Could not create the account: account already exists
[2026-06-02 03:31:18]   [geth] Starting (ubt, gd=5, cold=1, dev.period=1, 1tx/block)
[2026-06-02 03:31:18]   [geth] Waiting for RPC...
[2026-06-02 03:31:22]   [geth] RPC ready after 5s
[2026-06-02 03:31:22]   [bench] Running execute remote...
[2026-06-02 03:31:30]   [bench] exit=0 passed=1 failed=0
0 missing_trie_node=0
0
[2026-06-02 03:31:30] 
[2026-06-02 03:31:30]   --- storage_sload_k1_run13 (ubt) write-offset=31300000000 K=1 ---
[2026-06-02 03:31:30]   [geth] Stopping (SIGTERM, waiting up to 120s for clean exit): 1224700
[2026-06-02 03:31:33]   [geth] exited cleanly after 3s
[2026-06-02 03:31:33]   [cache] OS page cache dropped
Fatal: Could not create the account: account already exists
[2026-06-02 03:31:34]   [geth] Starting (ubt, gd=5, cold=1, dev.period=1, 1tx/block)
[2026-06-02 03:31:34]   [geth] Waiting for RPC...
[2026-06-02 03:31:38]   [geth] RPC ready after 5s
[2026-06-02 03:31:38]   [bench] Running execute remote...
[2026-06-02 03:31:46]   [bench] exit=0 passed=1 failed=0
0 missing_trie_node=0
0
[2026-06-02 03:31:46] 
[2026-06-02 03:31:46]   --- storage_sload_k1_run14 (ubt) write-offset=31400000000 K=1 ---
[2026-06-02 03:31:46]   [geth] Stopping (SIGTERM, waiting up to 120s for clean exit): 1224783
[2026-06-02 03:31:49]   [geth] exited cleanly after 3s
[2026-06-02 03:31:50]   [cache] OS page cache dropped
Fatal: Could not create the account: account already exists
[2026-06-02 03:31:50]   [geth] Starting (ubt, gd=5, cold=1, dev.period=1, 1tx/block)
[2026-06-02 03:31:50]   [geth] Waiting for RPC...
[2026-06-02 03:31:54]   [geth] RPC ready after 5s
[2026-06-02 03:31:54]   [bench] Running execute remote...
[2026-06-02 03:32:02]   [bench] exit=0 passed=1 failed=0
0 missing_trie_node=0
0
[2026-06-02 03:32:02] 
[2026-06-02 03:32:02]   --- storage_sload_k1_run15 (ubt) write-offset=31500000000 K=1 ---
[2026-06-02 03:32:02]   [geth] Stopping (SIGTERM, waiting up to 120s for clean exit): 1224870
[2026-06-02 03:32:05]   [geth] exited cleanly after 3s
[2026-06-02 03:32:06]   [cache] OS page cache dropped
Fatal: Could not create the account: account already exists
[2026-06-02 03:32:06]   [geth] Starting (ubt, gd=5, cold=1, dev.period=1, 1tx/block)
[2026-06-02 03:32:06]   [geth] Waiting for RPC...
[2026-06-02 03:32:10]   [geth] RPC ready after 5s
[2026-06-02 03:32:10]   [bench] Running execute remote...
[2026-06-02 03:32:18]   [bench] exit=0 passed=1 failed=0
0 missing_trie_node=0
0
[2026-06-02 03:32:18] 
[2026-06-02 03:32:18]   --- storage_sload_k1_run16 (ubt) write-offset=31600000000 K=1 ---
[2026-06-02 03:32:18]   [geth] Stopping (SIGTERM, waiting up to 120s for clean exit): 1224956
[2026-06-02 03:32:21]   [geth] exited cleanly after 3s
[2026-06-02 03:32:22]   [cache] OS page cache dropped
Fatal: Could not create the account: account already exists
[2026-06-02 03:32:22]   [geth] Starting (ubt, gd=5, cold=1, dev.period=1, 1tx/block)
[2026-06-02 03:32:22]   [geth] Waiting for RPC...
[2026-06-02 03:32:26]   [geth] RPC ready after 5s
[2026-06-02 03:32:26]   [bench] Running execute remote...
[2026-06-02 03:32:34]   [bench] exit=0 passed=1 failed=0
0 missing_trie_node=0
0
[2026-06-02 03:32:34] 
[2026-06-02 03:32:34]   --- storage_sload_k1_run17 (ubt) write-offset=31700000000 K=1 ---
[2026-06-02 03:32:34]   [geth] Stopping (SIGTERM, waiting up to 120s for clean exit): 1225042
[2026-06-02 03:32:37]   [geth] exited cleanly after 3s
[2026-06-02 03:32:38]   [cache] OS page cache dropped
Fatal: Could not create the account: account already exists
[2026-06-02 03:32:38]   [geth] Starting (ubt, gd=5, cold=1, dev.period=1, 1tx/block)
[2026-06-02 03:32:38]   [geth] Waiting for RPC...
[2026-06-02 03:32:42]   [geth] RPC ready after 5s
[2026-06-02 03:32:42]   [bench] Running execute remote...
[2026-06-02 03:32:50]   [bench] exit=0 passed=1 failed=0
0 missing_trie_node=0
0
[2026-06-02 03:32:50] 
[2026-06-02 03:32:50]   --- storage_sload_k1_run18 (ubt) write-offset=31800000000 K=1 ---
[2026-06-02 03:32:50]   [geth] Stopping (SIGTERM, waiting up to 120s for clean exit): 1225125
[2026-06-02 03:32:53]   [geth] exited cleanly after 3s
[2026-06-02 03:32:54]   [cache] OS page cache dropped
Fatal: Could not create the account: account already exists
[2026-06-02 03:32:54]   [geth] Starting (ubt, gd=5, cold=1, dev.period=1, 1tx/block)
[2026-06-02 03:32:54]   [geth] Waiting for RPC...
[2026-06-02 03:32:58]   [geth] RPC ready after 5s
[2026-06-02 03:32:58]   [bench] Running execute remote...
[2026-06-02 03:33:06]   [bench] exit=0 passed=1 failed=0
0 missing_trie_node=0
0
[2026-06-02 03:33:06] 
[2026-06-02 03:33:06]   --- storage_sload_k1_run19 (ubt) write-offset=31900000000 K=1 ---
[2026-06-02 03:33:06]   [geth] Stopping (SIGTERM, waiting up to 120s for clean exit): 1225209
[2026-06-02 03:33:09]   [geth] exited cleanly after 3s
[2026-06-02 03:33:10]   [cache] OS page cache dropped
Fatal: Could not create the account: account already exists
[2026-06-02 03:33:10]   [geth] Starting (ubt, gd=5, cold=1, dev.period=1, 1tx/block)
[2026-06-02 03:33:10]   [geth] Waiting for RPC...
[2026-06-02 03:33:14]   [geth] RPC ready after 5s
[2026-06-02 03:33:14]   [bench] Running execute remote...
[2026-06-02 03:33:22]   [bench] exit=0 passed=1 failed=0
0 missing_trie_node=0
0
[2026-06-02 03:33:22] 
[2026-06-02 03:33:22]   --- storage_sload_k1_run20 (ubt) write-offset=32000000000 K=1 ---
[2026-06-02 03:33:23]   [geth] Stopping (SIGTERM, waiting up to 120s for clean exit): 1225294
[2026-06-02 03:33:26]   [geth] exited cleanly after 3s
[2026-06-02 03:33:26]   [cache] OS page cache dropped
Fatal: Could not create the account: account already exists
[2026-06-02 03:33:26]   [geth] Starting (ubt, gd=5, cold=1, dev.period=1, 1tx/block)
[2026-06-02 03:33:26]   [geth] Waiting for RPC...
[2026-06-02 03:33:30]   [geth] RPC ready after 5s
[2026-06-02 03:33:30]   [bench] Running execute remote...
[2026-06-02 03:33:39]   [bench] exit=0 passed=1 failed=0
0 missing_trie_node=0
0
[2026-06-02 03:33:39] 
[2026-06-02 03:33:39]   ── BENCHMARK: storage_sload_k10 (pool=700 contracts; effective K=10)
[2026-06-02 03:33:39] 
[2026-06-02 03:33:39]   --- storage_sload_k10_run1 (ubt) write-offset=30100000000 K=10 ---
[2026-06-02 03:33:39]   [geth] Stopping (SIGTERM, waiting up to 120s for clean exit): 1225379
[2026-06-02 03:33:42]   [geth] exited cleanly after 3s
[2026-06-02 03:33:42]   [cache] OS page cache dropped
Fatal: Could not create the account: account already exists
[2026-06-02 03:33:42]   [geth] Starting (ubt, gd=5, cold=1, dev.period=1, 1tx/block)
[2026-06-02 03:33:42]   [geth] Waiting for RPC...
[2026-06-02 03:33:46]   [geth] RPC ready after 5s
[2026-06-02 03:33:46]   [bench] Running execute remote...
[2026-06-02 03:33:55]   [bench] exit=0 passed=1 failed=0
0 missing_trie_node=0
0
[2026-06-02 03:33:55] 
[2026-06-02 03:33:55]   --- storage_sload_k10_run2 (ubt) write-offset=30200000000 K=10 ---
[2026-06-02 03:33:55]   [geth] Stopping (SIGTERM, waiting up to 120s for clean exit): 1225488
[2026-06-02 03:33:58]   [geth] exited cleanly after 3s
[2026-06-02 03:33:58]   [cache] OS page cache dropped
Fatal: Could not create the account: account already exists
[2026-06-02 03:33:58]   [geth] Starting (ubt, gd=5, cold=1, dev.period=1, 1tx/block)
[2026-06-02 03:33:58]   [geth] Waiting for RPC...
[2026-06-02 03:34:02]   [geth] RPC ready after 5s
[2026-06-02 03:34:02]   [bench] Running execute remote...
[2026-06-02 03:34:11]   [bench] exit=0 passed=1 failed=0
0 missing_trie_node=0
0
[2026-06-02 03:34:11] 
[2026-06-02 03:34:11]   --- storage_sload_k10_run3 (ubt) write-offset=30300000000 K=10 ---
[2026-06-02 03:34:11]   [geth] Stopping (SIGTERM, waiting up to 120s for clean exit): 1225576
[2026-06-02 03:34:14]   [geth] exited cleanly after 3s
[2026-06-02 03:34:14]   [cache] OS page cache dropped
Fatal: Could not create the account: account already exists
[2026-06-02 03:34:14]   [geth] Starting (ubt, gd=5, cold=1, dev.period=1, 1tx/block)
[2026-06-02 03:34:14]   [geth] Waiting for RPC...
[2026-06-02 03:34:18]   [geth] RPC ready after 5s
[2026-06-02 03:34:18]   [bench] Running execute remote...
[2026-06-02 03:34:27]   [bench] exit=0 passed=1 failed=0
0 missing_trie_node=0
0
[2026-06-02 03:34:27] 
[2026-06-02 03:34:27]   --- storage_sload_k10_run4 (ubt) write-offset=30400000000 K=10 ---
[2026-06-02 03:34:27]   [geth] Stopping (SIGTERM, waiting up to 120s for clean exit): 1225662
[2026-06-02 03:34:30]   [geth] exited cleanly after 3s
[2026-06-02 03:34:30]   [cache] OS page cache dropped
Fatal: Could not create the account: account already exists
[2026-06-02 03:34:30]   [geth] Starting (ubt, gd=5, cold=1, dev.period=1, 1tx/block)
[2026-06-02 03:34:30]   [geth] Waiting for RPC...
[2026-06-02 03:34:34]   [geth] RPC ready after 5s
[2026-06-02 03:34:34]   [bench] Running execute remote...
[2026-06-02 03:34:43]   [bench] exit=0 passed=1 failed=0
0 missing_trie_node=0
0
[2026-06-02 03:34:43] 
[2026-06-02 03:34:43]   --- storage_sload_k10_run5 (ubt) write-offset=30500000000 K=10 ---
[2026-06-02 03:34:43]   [geth] Stopping (SIGTERM, waiting up to 120s for clean exit): 1225833
[2026-06-02 03:34:46]   [geth] exited cleanly after 3s
[2026-06-02 03:34:46]   [cache] OS page cache dropped
Fatal: Could not create the account: account already exists
[2026-06-02 03:34:46]   [geth] Starting (ubt, gd=5, cold=1, dev.period=1, 1tx/block)
[2026-06-02 03:34:46]   [geth] Waiting for RPC...
[2026-06-02 03:34:50]   [geth] RPC ready after 5s
[2026-06-02 03:34:50]   [bench] Running execute remote...
[2026-06-02 03:34:59]   [bench] exit=0 passed=1 failed=0
0 missing_trie_node=0
0
[2026-06-02 03:34:59] 
[2026-06-02 03:34:59]   --- storage_sload_k10_run6 (ubt) write-offset=30600000000 K=10 ---
[2026-06-02 03:34:59]   [geth] Stopping (SIGTERM, waiting up to 120s for clean exit): 1225921
[2026-06-02 03:35:02]   [geth] exited cleanly after 3s
[2026-06-02 03:35:02]   [cache] OS page cache dropped
Fatal: Could not create the account: account already exists
[2026-06-02 03:35:02]   [geth] Starting (ubt, gd=5, cold=1, dev.period=1, 1tx/block)
[2026-06-02 03:35:02]   [geth] Waiting for RPC...
[2026-06-02 03:35:06]   [geth] RPC ready after 5s
[2026-06-02 03:35:06]   [bench] Running execute remote...
[2026-06-02 03:35:15]   [bench] exit=0 passed=1 failed=0
0 missing_trie_node=0
0
[2026-06-02 03:35:15] 
[2026-06-02 03:35:15]   --- storage_sload_k10_run7 (ubt) write-offset=30700000000 K=10 ---
[2026-06-02 03:35:15]   [geth] Stopping (SIGTERM, waiting up to 120s for clean exit): 1226007
[2026-06-02 03:35:18]   [geth] exited cleanly after 3s
[2026-06-02 03:35:18]   [cache] OS page cache dropped
Fatal: Could not create the account: account already exists
[2026-06-02 03:35:18]   [geth] Starting (ubt, gd=5, cold=1, dev.period=1, 1tx/block)
[2026-06-02 03:35:18]   [geth] Waiting for RPC...
[2026-06-02 03:35:23]   [geth] RPC ready after 5s
[2026-06-02 03:35:23]   [bench] Running execute remote...
[2026-06-02 03:35:31]   [bench] exit=0 passed=1 failed=0
0 missing_trie_node=0
0
[2026-06-02 03:35:31] 
[2026-06-02 03:35:31]   --- storage_sload_k10_run8 (ubt) write-offset=30800000000 K=10 ---
[2026-06-02 03:35:31]   [geth] Stopping (SIGTERM, waiting up to 120s for clean exit): 1226094
[2026-06-02 03:35:34]   [geth] exited cleanly after 3s
[2026-06-02 03:35:35]   [cache] OS page cache dropped
Fatal: Could not create the account: account already exists
[2026-06-02 03:35:35]   [geth] Starting (ubt, gd=5, cold=1, dev.period=1, 1tx/block)
[2026-06-02 03:35:35]   [geth] Waiting for RPC...
[2026-06-02 03:35:39]   [geth] RPC ready after 5s
[2026-06-02 03:35:39]   [bench] Running execute remote...
[2026-06-02 03:35:47]   [bench] exit=0 passed=1 failed=0
0 missing_trie_node=0
0
[2026-06-02 03:35:47] 
[2026-06-02 03:35:47]   --- storage_sload_k10_run9 (ubt) write-offset=30900000000 K=10 ---
[2026-06-02 03:35:47]   [geth] Stopping (SIGTERM, waiting up to 120s for clean exit): 1226190
[2026-06-02 03:35:50]   [geth] exited cleanly after 3s
[2026-06-02 03:35:51]   [cache] OS page cache dropped
Fatal: Could not create the account: account already exists
[2026-06-02 03:35:51]   [geth] Starting (ubt, gd=5, cold=1, dev.period=1, 1tx/block)
[2026-06-02 03:35:51]   [geth] Waiting for RPC...
[2026-06-02 03:35:55]   [geth] RPC ready after 5s
[2026-06-02 03:35:55]   [bench] Running execute remote...
[2026-06-02 03:36:03]   [bench] exit=0 passed=1 failed=0
0 missing_trie_node=0
0
[2026-06-02 03:36:03] 
[2026-06-02 03:36:03]   --- storage_sload_k10_run10 (ubt) write-offset=31000000000 K=10 ---
[2026-06-02 03:36:04]   [geth] Stopping (SIGTERM, waiting up to 120s for clean exit): 1226273
[2026-06-02 03:36:07]   [geth] exited cleanly after 3s
[2026-06-02 03:36:07]   [cache] OS page cache dropped
Fatal: Could not create the account: account already exists
[2026-06-02 03:36:07]   [geth] Starting (ubt, gd=5, cold=1, dev.period=1, 1tx/block)
[2026-06-02 03:36:07]   [geth] Waiting for RPC...
[2026-06-02 03:36:11]   [geth] RPC ready after 5s
[2026-06-02 03:36:11]   [bench] Running execute remote...
[2026-06-02 03:36:20]   [bench] exit=0 passed=1 failed=0
0 missing_trie_node=0
0
[2026-06-02 03:36:20] 
[2026-06-02 03:36:20]   --- storage_sload_k10_run11 (ubt) write-offset=31100000000 K=10 ---
[2026-06-02 03:36:20]   [geth] Stopping (SIGTERM, waiting up to 120s for clean exit): 1226363
[2026-06-02 03:36:23]   [geth] exited cleanly after 3s
[2026-06-02 03:36:23]   [cache] OS page cache dropped
Fatal: Could not create the account: account already exists
[2026-06-02 03:36:23]   [geth] Starting (ubt, gd=5, cold=1, dev.period=1, 1tx/block)
[2026-06-02 03:36:23]   [geth] Waiting for RPC...
[2026-06-02 03:36:27]   [geth] RPC ready after 5s
[2026-06-02 03:36:27]   [bench] Running execute remote...
[2026-06-02 03:36:36]   [bench] exit=0 passed=1 failed=0
0 missing_trie_node=0
0
[2026-06-02 03:36:36] 
[2026-06-02 03:36:36]   --- storage_sload_k10_run12 (ubt) write-offset=31200000000 K=10 ---
[2026-06-02 03:36:36]   [geth] Stopping (SIGTERM, waiting up to 120s for clean exit): 1226448
[2026-06-02 03:36:39]   [geth] exited cleanly after 3s
[2026-06-02 03:36:39]   [cache] OS page cache dropped
Fatal: Could not create the account: account already exists
[2026-06-02 03:36:39]   [geth] Starting (ubt, gd=5, cold=1, dev.period=1, 1tx/block)
[2026-06-02 03:36:39]   [geth] Waiting for RPC...
[2026-06-02 03:36:43]   [geth] RPC ready after 5s
[2026-06-02 03:36:43]   [bench] Running execute remote...
[2026-06-02 03:36:52]   [bench] exit=0 passed=1 failed=0
0 missing_trie_node=0
0
[2026-06-02 03:36:52] 
[2026-06-02 03:36:52]   --- storage_sload_k10_run13 (ubt) write-offset=31300000000 K=10 ---
[2026-06-02 03:36:52]   [geth] Stopping (SIGTERM, waiting up to 120s for clean exit): 1226532
[2026-06-02 03:36:55]   [geth] exited cleanly after 3s
[2026-06-02 03:36:55]   [cache] OS page cache dropped
Fatal: Could not create the account: account already exists
[2026-06-02 03:36:55]   [geth] Starting (ubt, gd=5, cold=1, dev.period=1, 1tx/block)
[2026-06-02 03:36:55]   [geth] Waiting for RPC...
[2026-06-02 03:36:59]   [geth] RPC ready after 5s
[2026-06-02 03:36:59]   [bench] Running execute remote...
[2026-06-02 03:37:08]   [bench] exit=0 passed=1 failed=0
0 missing_trie_node=0
0
[2026-06-02 03:37:08] 
[2026-06-02 03:37:08]   --- storage_sload_k10_run14 (ubt) write-offset=31400000000 K=10 ---
[2026-06-02 03:37:08]   [geth] Stopping (SIGTERM, waiting up to 120s for clean exit): 1226620
[2026-06-02 03:37:11]   [geth] exited cleanly after 3s
[2026-06-02 03:37:11]   [cache] OS page cache dropped
Fatal: Could not create the account: account already exists
[2026-06-02 03:37:11]   [geth] Starting (ubt, gd=5, cold=1, dev.period=1, 1tx/block)
[2026-06-02 03:37:11]   [geth] Waiting for RPC...
[2026-06-02 03:37:15]   [geth] RPC ready after 5s
[2026-06-02 03:37:15]   [bench] Running execute remote...
[2026-06-02 03:37:24]   [bench] exit=0 passed=1 failed=0
0 missing_trie_node=0
0
[2026-06-02 03:37:24] 
[2026-06-02 03:37:24]   --- storage_sload_k10_run15 (ubt) write-offset=31500000000 K=10 ---
[2026-06-02 03:37:24]   [geth] Stopping (SIGTERM, waiting up to 120s for clean exit): 1226706
[2026-06-02 03:37:27]   [geth] exited cleanly after 3s
[2026-06-02 03:37:27]   [cache] OS page cache dropped
Fatal: Could not create the account: account already exists
[2026-06-02 03:37:27]   [geth] Starting (ubt, gd=5, cold=1, dev.period=1, 1tx/block)
[2026-06-02 03:37:27]   [geth] Waiting for RPC...
[2026-06-02 03:37:31]   [geth] RPC ready after 5s
[2026-06-02 03:37:31]   [bench] Running execute remote...
[2026-06-02 03:37:40]   [bench] exit=0 passed=1 failed=0
0 missing_trie_node=0
0
[2026-06-02 03:37:40] 
[2026-06-02 03:37:40]   --- storage_sload_k10_run16 (ubt) write-offset=31600000000 K=10 ---
[2026-06-02 03:37:40]   [geth] Stopping (SIGTERM, waiting up to 120s for clean exit): 1226794
[2026-06-02 03:37:43]   [geth] exited cleanly after 3s
[2026-06-02 03:37:43]   [cache] OS page cache dropped
Fatal: Could not create the account: account already exists
[2026-06-02 03:37:43]   [geth] Starting (ubt, gd=5, cold=1, dev.period=1, 1tx/block)
[2026-06-02 03:37:43]   [geth] Waiting for RPC...
[2026-06-02 03:37:47]   [geth] RPC ready after 5s
[2026-06-02 03:37:47]   [bench] Running execute remote...
[2026-06-02 03:37:56]   [bench] exit=0 passed=1 failed=0
0 missing_trie_node=0
0
[2026-06-02 03:37:56] 
[2026-06-02 03:37:56]   --- storage_sload_k10_run17 (ubt) write-offset=31700000000 K=10 ---
[2026-06-02 03:37:56]   [geth] Stopping (SIGTERM, waiting up to 120s for clean exit): 1226879
[2026-06-02 03:37:59]   [geth] exited cleanly after 3s
[2026-06-02 03:37:59]   [cache] OS page cache dropped
Fatal: Could not create the account: account already exists
[2026-06-02 03:37:59]   [geth] Starting (ubt, gd=5, cold=1, dev.period=1, 1tx/block)
[2026-06-02 03:37:59]   [geth] Waiting for RPC...
[2026-06-02 03:38:03]   [geth] RPC ready after 5s
[2026-06-02 03:38:03]   [bench] Running execute remote...
[2026-06-02 03:38:12]   [bench] exit=0 passed=1 failed=0
0 missing_trie_node=0
0
[2026-06-02 03:38:12] 
[2026-06-02 03:38:12]   --- storage_sload_k10_run18 (ubt) write-offset=31800000000 K=10 ---
[2026-06-02 03:38:12]   [geth] Stopping (SIGTERM, waiting up to 120s for clean exit): 1226964
[2026-06-02 03:38:15]   [geth] exited cleanly after 3s
[2026-06-02 03:38:16]   [cache] OS page cache dropped
Fatal: Could not create the account: account already exists
[2026-06-02 03:38:16]   [geth] Starting (ubt, gd=5, cold=1, dev.period=1, 1tx/block)
[2026-06-02 03:38:16]   [geth] Waiting for RPC...
[2026-06-02 03:38:20]   [geth] RPC ready after 5s
[2026-06-02 03:38:20]   [bench] Running execute remote...
[2026-06-02 03:38:28]   [bench] exit=0 passed=1 failed=0
0 missing_trie_node=0
0
[2026-06-02 03:38:28] 
[2026-06-02 03:38:28]   --- storage_sload_k10_run19 (ubt) write-offset=31900000000 K=10 ---
[2026-06-02 03:38:28]   [geth] Stopping (SIGTERM, waiting up to 120s for clean exit): 1227053
[2026-06-02 03:38:31]   [geth] exited cleanly after 3s
[2026-06-02 03:38:32]   [cache] OS page cache dropped
Fatal: Could not create the account: account already exists
[2026-06-02 03:38:32]   [geth] Starting (ubt, gd=5, cold=1, dev.period=1, 1tx/block)
[2026-06-02 03:38:32]   [geth] Waiting for RPC...
[2026-06-02 03:38:36]   [geth] RPC ready after 5s
[2026-06-02 03:38:36]   [bench] Running execute remote...
[2026-06-02 03:38:44]   [bench] exit=0 passed=1 failed=0
0 missing_trie_node=0
0
[2026-06-02 03:38:44] 
[2026-06-02 03:38:44]   --- storage_sload_k10_run20 (ubt) write-offset=32000000000 K=10 ---
[2026-06-02 03:38:45]   [geth] Stopping (SIGTERM, waiting up to 120s for clean exit): 1227137
[2026-06-02 03:38:48]   [geth] exited cleanly after 3s
[2026-06-02 03:38:48]   [cache] OS page cache dropped
Fatal: Could not create the account: account already exists
[2026-06-02 03:38:48]   [geth] Starting (ubt, gd=5, cold=1, dev.period=1, 1tx/block)
[2026-06-02 03:38:48]   [geth] Waiting for RPC...
[2026-06-02 03:38:52]   [geth] RPC ready after 5s
[2026-06-02 03:38:52]   [bench] Running execute remote...
[2026-06-02 03:39:01]   [bench] exit=0 passed=1 failed=0
0 missing_trie_node=0
0
[2026-06-02 03:39:01] 
[2026-06-02 03:39:01]   ── BENCHMARK: storage_sload_k100 (pool=700 contracts; effective K=100)
[2026-06-02 03:39:01] 
[2026-06-02 03:39:01]   --- storage_sload_k100_run1 (ubt) write-offset=30100000000 K=100 ---
[2026-06-02 03:39:01]   [geth] Stopping (SIGTERM, waiting up to 120s for clean exit): 1227219
[2026-06-02 03:39:04]   [geth] exited cleanly after 3s
[2026-06-02 03:39:04]   [cache] OS page cache dropped
Fatal: Could not create the account: account already exists
[2026-06-02 03:39:04]   [geth] Starting (ubt, gd=5, cold=1, dev.period=1, 1tx/block)
[2026-06-02 03:39:04]   [geth] Waiting for RPC...
[2026-06-02 03:39:08]   [geth] RPC ready after 5s
[2026-06-02 03:39:08]   [bench] Running execute remote...
[2026-06-02 03:39:17]   [bench] exit=0 passed=1 failed=0
0 missing_trie_node=0
0
[2026-06-02 03:39:17] 
[2026-06-02 03:39:17]   --- storage_sload_k100_run2 (ubt) write-offset=30200000000 K=100 ---
[2026-06-02 03:39:17]   [geth] Stopping (SIGTERM, waiting up to 120s for clean exit): 1227327
[2026-06-02 03:39:20]   [geth] exited cleanly after 3s
[2026-06-02 03:39:20]   [cache] OS page cache dropped
Fatal: Could not create the account: account already exists
[2026-06-02 03:39:20]   [geth] Starting (ubt, gd=5, cold=1, dev.period=1, 1tx/block)
[2026-06-02 03:39:20]   [geth] Waiting for RPC...
[2026-06-02 03:39:24]   [geth] RPC ready after 5s
[2026-06-02 03:39:24]   [bench] Running execute remote...
[2026-06-02 03:39:33]   [bench] exit=0 passed=1 failed=0
0 missing_trie_node=0
0
[2026-06-02 03:39:33] 
[2026-06-02 03:39:33]   --- storage_sload_k100_run3 (ubt) write-offset=30300000000 K=100 ---
[2026-06-02 03:39:33]   [geth] Stopping (SIGTERM, waiting up to 120s for clean exit): 1227415
[2026-06-02 03:39:36]   [geth] exited cleanly after 3s
[2026-06-02 03:39:36]   [cache] OS page cache dropped
Fatal: Could not create the account: account already exists
[2026-06-02 03:39:36]   [geth] Starting (ubt, gd=5, cold=1, dev.period=1, 1tx/block)
[2026-06-02 03:39:36]   [geth] Waiting for RPC...
[2026-06-02 03:39:40]   [geth] RPC ready after 5s
[2026-06-02 03:39:40]   [bench] Running execute remote...
[2026-06-02 03:39:49]   [bench] exit=0 passed=1 failed=0
0 missing_trie_node=0
0
[2026-06-02 03:39:49] 
[2026-06-02 03:39:49]   --- storage_sload_k100_run4 (ubt) write-offset=30400000000 K=100 ---
[2026-06-02 03:39:49]   [geth] Stopping (SIGTERM, waiting up to 120s for clean exit): 1227504
[2026-06-02 03:39:52]   [geth] exited cleanly after 3s
[2026-06-02 03:39:52]   [cache] OS page cache dropped
Fatal: Could not create the account: account already exists
[2026-06-02 03:39:52]   [geth] Starting (ubt, gd=5, cold=1, dev.period=1, 1tx/block)
[2026-06-02 03:39:52]   [geth] Waiting for RPC...
[2026-06-02 03:39:56]   [geth] RPC ready after 5s
[2026-06-02 03:39:56]   [bench] Running execute remote...
[2026-06-02 03:40:05]   [bench] exit=0 passed=1 failed=0
0 missing_trie_node=0
0
[2026-06-02 03:40:05] 
[2026-06-02 03:40:05]   --- storage_sload_k100_run5 (ubt) write-offset=30500000000 K=100 ---
[2026-06-02 03:40:05]   [geth] Stopping (SIGTERM, waiting up to 120s for clean exit): 1227587
[2026-06-02 03:40:08]   [geth] exited cleanly after 3s
[2026-06-02 03:40:08]   [cache] OS page cache dropped
Fatal: Could not create the account: account already exists
[2026-06-02 03:40:08]   [geth] Starting (ubt, gd=5, cold=1, dev.period=1, 1tx/block)
[2026-06-02 03:40:08]   [geth] Waiting for RPC...
[2026-06-02 03:40:12]   [geth] RPC ready after 5s
[2026-06-02 03:40:12]   [bench] Running execute remote...
[2026-06-02 03:40:21]   [bench] exit=0 passed=1 failed=0
0 missing_trie_node=0
0
[2026-06-02 03:40:21] 
[2026-06-02 03:40:21]   --- storage_sload_k100_run6 (ubt) write-offset=30600000000 K=100 ---
[2026-06-02 03:40:21]   [geth] Stopping (SIGTERM, waiting up to 120s for clean exit): 1227671
[2026-06-02 03:40:24]   [geth] exited cleanly after 3s
[2026-06-02 03:40:24]   [cache] OS page cache dropped
Fatal: Could not create the account: account already exists
[2026-06-02 03:40:24]   [geth] Starting (ubt, gd=5, cold=1, dev.period=1, 1tx/block)
[2026-06-02 03:40:24]   [geth] Waiting for RPC...
[2026-06-02 03:40:28]   [geth] RPC ready after 5s
[2026-06-02 03:40:28]   [bench] Running execute remote...
[2026-06-02 03:40:37]   [bench] exit=0 passed=1 failed=0
0 missing_trie_node=0
0
[2026-06-02 03:40:37] 
[2026-06-02 03:40:37]   --- storage_sload_k100_run7 (ubt) write-offset=30700000000 K=100 ---
[2026-06-02 03:40:37]   [geth] Stopping (SIGTERM, waiting up to 120s for clean exit): 1227761
[2026-06-02 03:40:40]   [geth] exited cleanly after 3s
[2026-06-02 03:40:40]   [cache] OS page cache dropped
Fatal: Could not create the account: account already exists
[2026-06-02 03:40:40]   [geth] Starting (ubt, gd=5, cold=1, dev.period=1, 1tx/block)
[2026-06-02 03:40:40]   [geth] Waiting for RPC...
[2026-06-02 03:40:44]   [geth] RPC ready after 5s
[2026-06-02 03:40:44]   [bench] Running execute remote...
[2026-06-02 03:40:53]   [bench] exit=0 passed=1 failed=0
0 missing_trie_node=0
0
[2026-06-02 03:40:53] 
[2026-06-02 03:40:53]   --- storage_sload_k100_run8 (ubt) write-offset=30800000000 K=100 ---
[2026-06-02 03:40:53]   [geth] Stopping (SIGTERM, waiting up to 120s for clean exit): 1227850
[2026-06-02 03:40:56]   [geth] exited cleanly after 3s
[2026-06-02 03:40:56]   [cache] OS page cache dropped
Fatal: Could not create the account: account already exists
[2026-06-02 03:40:56]   [geth] Starting (ubt, gd=5, cold=1, dev.period=1, 1tx/block)
[2026-06-02 03:40:56]   [geth] Waiting for RPC...
[2026-06-02 03:41:01]   [geth] RPC ready after 5s
[2026-06-02 03:41:01]   [bench] Running execute remote...
[2026-06-02 03:41:09]   [bench] exit=0 passed=1 failed=0
0 missing_trie_node=0
0
[2026-06-02 03:41:09] 
[2026-06-02 03:41:09]   --- storage_sload_k100_run9 (ubt) write-offset=30900000000 K=100 ---
[2026-06-02 03:41:09]   [geth] Stopping (SIGTERM, waiting up to 120s for clean exit): 1227943
[2026-06-02 03:41:12]   [geth] exited cleanly after 3s
[2026-06-02 03:41:13]   [cache] OS page cache dropped
Fatal: Could not create the account: account already exists
[2026-06-02 03:41:13]   [geth] Starting (ubt, gd=5, cold=1, dev.period=1, 1tx/block)
[2026-06-02 03:41:13]   [geth] Waiting for RPC...
[2026-06-02 03:41:17]   [geth] RPC ready after 5s
[2026-06-02 03:41:17]   [bench] Running execute remote...
[2026-06-02 03:41:25]   [bench] exit=0 passed=1 failed=0
0 missing_trie_node=0
0
[2026-06-02 03:41:25] 
[2026-06-02 03:41:25]   --- storage_sload_k100_run10 (ubt) write-offset=31000000000 K=100 ---
[2026-06-02 03:41:25]   [geth] Stopping (SIGTERM, waiting up to 120s for clean exit): 1228032
[2026-06-02 03:41:28]   [geth] exited cleanly after 3s
[2026-06-02 03:41:29]   [cache] OS page cache dropped
Fatal: Could not create the account: account already exists
[2026-06-02 03:41:29]   [geth] Starting (ubt, gd=5, cold=1, dev.period=1, 1tx/block)
[2026-06-02 03:41:29]   [geth] Waiting for RPC...
[2026-06-02 03:41:33]   [geth] RPC ready after 5s
[2026-06-02 03:41:33]   [bench] Running execute remote...
[2026-06-02 03:41:43]   [bench] exit=0 passed=1 failed=0
0 missing_trie_node=0
0
[2026-06-02 03:41:43] 
[2026-06-02 03:41:43]   --- storage_sload_k100_run11 (ubt) write-offset=31100000000 K=100 ---
[2026-06-02 03:41:43]   [geth] Stopping (SIGTERM, waiting up to 120s for clean exit): 1228115
[2026-06-02 03:41:46]   [geth] exited cleanly after 3s
[2026-06-02 03:41:46]   [cache] OS page cache dropped
Fatal: Could not create the account: account already exists
[2026-06-02 03:41:46]   [geth] Starting (ubt, gd=5, cold=1, dev.period=1, 1tx/block)
[2026-06-02 03:41:46]   [geth] Waiting for RPC...
[2026-06-02 03:41:50]   [geth] RPC ready after 5s
[2026-06-02 03:41:50]   [bench] Running execute remote...
[2026-06-02 03:41:59]   [bench] exit=0 passed=1 failed=0
0 missing_trie_node=0
0
[2026-06-02 03:41:59] 
[2026-06-02 03:41:59]   --- storage_sload_k100_run12 (ubt) write-offset=31200000000 K=100 ---
[2026-06-02 03:41:59]   [geth] Stopping (SIGTERM, waiting up to 120s for clean exit): 1228201
[2026-06-02 03:42:02]   [geth] exited cleanly after 3s
[2026-06-02 03:42:02]   [cache] OS page cache dropped
Fatal: Could not create the account: account already exists
[2026-06-02 03:42:02]   [geth] Starting (ubt, gd=5, cold=1, dev.period=1, 1tx/block)
[2026-06-02 03:42:02]   [geth] Waiting for RPC...
[2026-06-02 03:42:06]   [geth] RPC ready after 5s
[2026-06-02 03:42:06]   [bench] Running execute remote...
[2026-06-02 03:42:15]   [bench] exit=0 passed=1 failed=0
0 missing_trie_node=0
0
[2026-06-02 03:42:15] 
[2026-06-02 03:42:15]   --- storage_sload_k100_run13 (ubt) write-offset=31300000000 K=100 ---
[2026-06-02 03:42:15]   [geth] Stopping (SIGTERM, waiting up to 120s for clean exit): 1228286
[2026-06-02 03:42:18]   [geth] exited cleanly after 3s
[2026-06-02 03:42:18]   [cache] OS page cache dropped
Fatal: Could not create the account: account already exists
[2026-06-02 03:42:18]   [geth] Starting (ubt, gd=5, cold=1, dev.period=1, 1tx/block)
[2026-06-02 03:42:18]   [geth] Waiting for RPC...
[2026-06-02 03:42:22]   [geth] RPC ready after 5s
[2026-06-02 03:42:22]   [bench] Running execute remote...
[2026-06-02 03:42:31]   [bench] exit=0 passed=1 failed=0
0 missing_trie_node=0
0
[2026-06-02 03:42:31] 
[2026-06-02 03:42:31]   --- storage_sload_k100_run14 (ubt) write-offset=31400000000 K=100 ---
[2026-06-02 03:42:31]   [geth] Stopping (SIGTERM, waiting up to 120s for clean exit): 1228375
[2026-06-02 03:42:34]   [geth] exited cleanly after 3s
[2026-06-02 03:42:34]   [cache] OS page cache dropped
Fatal: Could not create the account: account already exists
[2026-06-02 03:42:34]   [geth] Starting (ubt, gd=5, cold=1, dev.period=1, 1tx/block)
[2026-06-02 03:42:34]   [geth] Waiting for RPC...
[2026-06-02 03:42:38]   [geth] RPC ready after 5s
[2026-06-02 03:42:38]   [bench] Running execute remote...
[2026-06-02 03:42:47]   [bench] exit=0 passed=1 failed=0
0 missing_trie_node=0
0
[2026-06-02 03:42:47] 
[2026-06-02 03:42:47]   --- storage_sload_k100_run15 (ubt) write-offset=31500000000 K=100 ---
[2026-06-02 03:42:47]   [geth] Stopping (SIGTERM, waiting up to 120s for clean exit): 1228461
[2026-06-02 03:42:50]   [geth] exited cleanly after 3s
[2026-06-02 03:42:50]   [cache] OS page cache dropped
Fatal: Could not create the account: account already exists
[2026-06-02 03:42:50]   [geth] Starting (ubt, gd=5, cold=1, dev.period=1, 1tx/block)
[2026-06-02 03:42:50]   [geth] Waiting for RPC...
[2026-06-02 03:42:55]   [geth] RPC ready after 5s
[2026-06-02 03:42:55]   [bench] Running execute remote...
[2026-06-02 03:43:03]   [bench] exit=0 passed=1 failed=0
0 missing_trie_node=0
0
[2026-06-02 03:43:03] 
[2026-06-02 03:43:03]   --- storage_sload_k100_run16 (ubt) write-offset=31600000000 K=100 ---
[2026-06-02 03:43:03]   [geth] Stopping (SIGTERM, waiting up to 120s for clean exit): 1228546
[2026-06-02 03:43:06]   [geth] exited cleanly after 3s
[2026-06-02 03:43:06]   [cache] OS page cache dropped
Fatal: Could not create the account: account already exists
[2026-06-02 03:43:06]   [geth] Starting (ubt, gd=5, cold=1, dev.period=1, 1tx/block)
[2026-06-02 03:43:06]   [geth] Waiting for RPC...
[2026-06-02 03:43:11]   [geth] RPC ready after 5s
[2026-06-02 03:43:11]   [bench] Running execute remote...
[2026-06-02 03:43:19]   [bench] exit=0 passed=1 failed=0
0 missing_trie_node=0
0
[2026-06-02 03:43:19] 
[2026-06-02 03:43:19]   --- storage_sload_k100_run17 (ubt) write-offset=31700000000 K=100 ---
[2026-06-02 03:43:19]   [geth] Stopping (SIGTERM, waiting up to 120s for clean exit): 1228629
[2026-06-02 03:43:22]   [geth] exited cleanly after 3s
[2026-06-02 03:43:23]   [cache] OS page cache dropped
Fatal: Could not create the account: account already exists
[2026-06-02 03:43:23]   [geth] Starting (ubt, gd=5, cold=1, dev.period=1, 1tx/block)
[2026-06-02 03:43:23]   [geth] Waiting for RPC...
[2026-06-02 03:43:27]   [geth] RPC ready after 5s
[2026-06-02 03:43:27]   [bench] Running execute remote...
[2026-06-02 03:43:36]   [bench] exit=0 passed=1 failed=0
0 missing_trie_node=0
0
[2026-06-02 03:43:36] 
[2026-06-02 03:43:36]   --- storage_sload_k100_run18 (ubt) write-offset=31800000000 K=100 ---
[2026-06-02 03:43:36]   [geth] Stopping (SIGTERM, waiting up to 120s for clean exit): 1228719
[2026-06-02 03:43:39]   [geth] exited cleanly after 3s
[2026-06-02 03:43:39]   [cache] OS page cache dropped
Fatal: Could not create the account: account already exists
[2026-06-02 03:43:39]   [geth] Starting (ubt, gd=5, cold=1, dev.period=1, 1tx/block)
[2026-06-02 03:43:39]   [geth] Waiting for RPC...
[2026-06-02 03:43:43]   [geth] RPC ready after 5s
[2026-06-02 03:43:43]   [bench] Running execute remote...
[2026-06-02 03:43:52]   [bench] exit=0 passed=1 failed=0
0 missing_trie_node=0
0
[2026-06-02 03:43:52] 
[2026-06-02 03:43:52]   --- storage_sload_k100_run19 (ubt) write-offset=31900000000 K=100 ---
[2026-06-02 03:43:52]   [geth] Stopping (SIGTERM, waiting up to 120s for clean exit): 1228843
[2026-06-02 03:43:55]   [geth] exited cleanly after 3s
[2026-06-02 03:43:55]   [cache] OS page cache dropped
Fatal: Could not create the account: account already exists
[2026-06-02 03:43:55]   [geth] Starting (ubt, gd=5, cold=1, dev.period=1, 1tx/block)
[2026-06-02 03:43:55]   [geth] Waiting for RPC...
[2026-06-02 03:43:59]   [geth] RPC ready after 5s
[2026-06-02 03:43:59]   [bench] Running execute remote...
[2026-06-02 03:44:08]   [bench] exit=0 passed=1 failed=0
0 missing_trie_node=0
0
[2026-06-02 03:44:08] 
[2026-06-02 03:44:08]   --- storage_sload_k100_run20 (ubt) write-offset=32000000000 K=100 ---
[2026-06-02 03:44:08]   [geth] Stopping (SIGTERM, waiting up to 120s for clean exit): 1228947
[2026-06-02 03:44:11]   [geth] exited cleanly after 3s
[2026-06-02 03:44:11]   [cache] OS page cache dropped
Fatal: Could not create the account: account already exists
[2026-06-02 03:44:11]   [geth] Starting (ubt, gd=5, cold=1, dev.period=1, 1tx/block)
[2026-06-02 03:44:11]   [geth] Waiting for RPC...
[2026-06-02 03:44:15]   [geth] RPC ready after 5s
[2026-06-02 03:44:15]   [bench] Running execute remote...
[2026-06-02 03:44:24]   [bench] exit=0 passed=1 failed=0
0 missing_trie_node=0
0
[2026-06-02 03:44:24] 
[2026-06-02 03:44:24]   ── BENCHMARK: storage_sload_k400 (pool=700 contracts; effective K=400)
[2026-06-02 03:44:24] 
[2026-06-02 03:44:24]   --- storage_sload_k400_run1 (ubt) write-offset=30100000000 K=400 ---
[2026-06-02 03:44:24]   [geth] Stopping (SIGTERM, waiting up to 120s for clean exit): 1229035
[2026-06-02 03:44:27]   [geth] exited cleanly after 3s
[2026-06-02 03:44:27]   [cache] OS page cache dropped
Fatal: Could not create the account: account already exists
[2026-06-02 03:44:27]   [geth] Starting (ubt, gd=5, cold=1, dev.period=1, 1tx/block)
[2026-06-02 03:44:27]   [geth] Waiting for RPC...
[2026-06-02 03:44:31]   [geth] RPC ready after 5s
[2026-06-02 03:44:31]   [bench] Running execute remote...
[2026-06-02 03:44:40]   [bench] exit=0 passed=1 failed=0
0 missing_trie_node=0
0
[2026-06-02 03:44:40] 
[2026-06-02 03:44:40]   --- storage_sload_k400_run2 (ubt) write-offset=30200000000 K=400 ---
[2026-06-02 03:44:40]   [geth] Stopping (SIGTERM, waiting up to 120s for clean exit): 1229146
[2026-06-02 03:44:43]   [geth] exited cleanly after 3s
[2026-06-02 03:44:43]   [cache] OS page cache dropped
Fatal: Could not create the account: account already exists
[2026-06-02 03:44:43]   [geth] Starting (ubt, gd=5, cold=1, dev.period=1, 1tx/block)
[2026-06-02 03:44:43]   [geth] Waiting for RPC...
[2026-06-02 03:44:47]   [geth] RPC ready after 5s
[2026-06-02 03:44:47]   [bench] Running execute remote...
[2026-06-02 03:44:56]   [bench] exit=0 passed=1 failed=0
0 missing_trie_node=0
0
[2026-06-02 03:44:56] 
[2026-06-02 03:44:56]   --- storage_sload_k400_run3 (ubt) write-offset=30300000000 K=400 ---
[2026-06-02 03:44:56]   [geth] Stopping (SIGTERM, waiting up to 120s for clean exit): 1229228
[2026-06-02 03:44:59]   [geth] exited cleanly after 3s
[2026-06-02 03:44:59]   [cache] OS page cache dropped
Fatal: Could not create the account: account already exists
[2026-06-02 03:44:59]   [geth] Starting (ubt, gd=5, cold=1, dev.period=1, 1tx/block)
[2026-06-02 03:44:59]   [geth] Waiting for RPC...
[2026-06-02 03:45:03]   [geth] RPC ready after 5s
[2026-06-02 03:45:03]   [bench] Running execute remote...
[2026-06-02 03:45:12]   [bench] exit=0 passed=1 failed=0
0 missing_trie_node=0
0
[2026-06-02 03:45:12] 
[2026-06-02 03:45:12]   --- storage_sload_k400_run4 (ubt) write-offset=30400000000 K=400 ---
[2026-06-02 03:45:12]   [geth] Stopping (SIGTERM, waiting up to 120s for clean exit): 1229315
[2026-06-02 03:45:15]   [geth] exited cleanly after 3s
[2026-06-02 03:45:15]   [cache] OS page cache dropped
Fatal: Could not create the account: account already exists
[2026-06-02 03:45:15]   [geth] Starting (ubt, gd=5, cold=1, dev.period=1, 1tx/block)
[2026-06-02 03:45:15]   [geth] Waiting for RPC...
[2026-06-02 03:45:19]   [geth] RPC ready after 5s
[2026-06-02 03:45:19]   [bench] Running execute remote...
[2026-06-02 03:45:28]   [bench] exit=0 passed=1 failed=0
0 missing_trie_node=0
0
[2026-06-02 03:45:28] 
[2026-06-02 03:45:28]   --- storage_sload_k400_run5 (ubt) write-offset=30500000000 K=400 ---
[2026-06-02 03:45:28]   [geth] Stopping (SIGTERM, waiting up to 120s for clean exit): 1229401
[2026-06-02 03:45:31]   [geth] exited cleanly after 3s
[2026-06-02 03:45:31]   [cache] OS page cache dropped
Fatal: Could not create the account: account already exists
[2026-06-02 03:45:31]   [geth] Starting (ubt, gd=5, cold=1, dev.period=1, 1tx/block)
[2026-06-02 03:45:31]   [geth] Waiting for RPC...
[2026-06-02 03:45:35]   [geth] RPC ready after 5s
[2026-06-02 03:45:35]   [bench] Running execute remote...
[2026-06-02 03:45:44]   [bench] exit=0 passed=1 failed=0
0 missing_trie_node=0
0
[2026-06-02 03:45:44] 
[2026-06-02 03:45:44]   --- storage_sload_k400_run6 (ubt) write-offset=30600000000 K=400 ---
[2026-06-02 03:45:44]   [geth] Stopping (SIGTERM, waiting up to 120s for clean exit): 1229486
[2026-06-02 03:45:47]   [geth] exited cleanly after 3s
[2026-06-02 03:45:47]   [cache] OS page cache dropped
Fatal: Could not create the account: account already exists
[2026-06-02 03:45:47]   [geth] Starting (ubt, gd=5, cold=1, dev.period=1, 1tx/block)
[2026-06-02 03:45:47]   [geth] Waiting for RPC...
[2026-06-02 03:45:52]   [geth] RPC ready after 5s
[2026-06-02 03:45:52]   [bench] Running execute remote...
[2026-06-02 03:46:00]   [bench] exit=0 passed=1 failed=0
0 missing_trie_node=0
0
[2026-06-02 03:46:00] 
[2026-06-02 03:46:00]   --- storage_sload_k400_run7 (ubt) write-offset=30700000000 K=400 ---
[2026-06-02 03:46:00]   [geth] Stopping (SIGTERM, waiting up to 120s for clean exit): 1229571
[2026-06-02 03:46:03]   [geth] exited cleanly after 3s
[2026-06-02 03:46:04]   [cache] OS page cache dropped
Fatal: Could not create the account: account already exists
[2026-06-02 03:46:04]   [geth] Starting (ubt, gd=5, cold=1, dev.period=1, 1tx/block)
[2026-06-02 03:46:04]   [geth] Waiting for RPC...
[2026-06-02 03:46:08]   [geth] RPC ready after 5s
[2026-06-02 03:46:08]   [bench] Running execute remote...
[2026-06-02 03:46:16]   [bench] exit=0 passed=1 failed=0
0 missing_trie_node=0
0
[2026-06-02 03:46:16] 
[2026-06-02 03:46:16]   --- storage_sload_k400_run8 (ubt) write-offset=30800000000 K=400 ---
[2026-06-02 03:46:16]   [geth] Stopping (SIGTERM, waiting up to 120s for clean exit): 1229671
[2026-06-02 03:46:20]   [geth] exited cleanly after 3s
[2026-06-02 03:46:20]   [cache] OS page cache dropped
Fatal: Could not create the account: account already exists
[2026-06-02 03:46:20]   [geth] Starting (ubt, gd=5, cold=1, dev.period=1, 1tx/block)
[2026-06-02 03:46:20]   [geth] Waiting for RPC...
[2026-06-02 03:46:24]   [geth] RPC ready after 5s
[2026-06-02 03:46:24]   [bench] Running execute remote...
[2026-06-02 03:46:33]   [bench] exit=0 passed=1 failed=0
0 missing_trie_node=0
0
[2026-06-02 03:46:33] 
[2026-06-02 03:46:33]   --- storage_sload_k400_run9 (ubt) write-offset=30900000000 K=400 ---
[2026-06-02 03:46:33]   [geth] Stopping (SIGTERM, waiting up to 120s for clean exit): 1229757
[2026-06-02 03:46:36]   [geth] exited cleanly after 3s
[2026-06-02 03:46:36]   [cache] OS page cache dropped
Fatal: Could not create the account: account already exists
[2026-06-02 03:46:36]   [geth] Starting (ubt, gd=5, cold=1, dev.period=1, 1tx/block)
[2026-06-02 03:46:36]   [geth] Waiting for RPC...
[2026-06-02 03:46:40]   [geth] RPC ready after 5s
[2026-06-02 03:46:40]   [bench] Running execute remote...
[2026-06-02 03:46:49]   [bench] exit=0 passed=1 failed=0
0 missing_trie_node=0
0
[2026-06-02 03:46:49] 
[2026-06-02 03:46:49]   --- storage_sload_k400_run10 (ubt) write-offset=31000000000 K=400 ---
[2026-06-02 03:46:49]   [geth] Stopping (SIGTERM, waiting up to 120s for clean exit): 1229841
[2026-06-02 03:46:52]   [geth] exited cleanly after 3s
[2026-06-02 03:46:52]   [cache] OS page cache dropped
Fatal: Could not create the account: account already exists
[2026-06-02 03:46:52]   [geth] Starting (ubt, gd=5, cold=1, dev.period=1, 1tx/block)
[2026-06-02 03:46:52]   [geth] Waiting for RPC...
[2026-06-02 03:46:56]   [geth] RPC ready after 5s
[2026-06-02 03:46:56]   [bench] Running execute remote...
[2026-06-02 03:47:05]   [bench] exit=0 passed=1 failed=0
0 missing_trie_node=0
0
[2026-06-02 03:47:05] 
[2026-06-02 03:47:05]   --- storage_sload_k400_run11 (ubt) write-offset=31100000000 K=400 ---
[2026-06-02 03:47:05]   [geth] Stopping (SIGTERM, waiting up to 120s for clean exit): 1229929
[2026-06-02 03:47:08]   [geth] exited cleanly after 3s
[2026-06-02 03:47:08]   [cache] OS page cache dropped
Fatal: Could not create the account: account already exists
[2026-06-02 03:47:08]   [geth] Starting (ubt, gd=5, cold=1, dev.period=1, 1tx/block)
[2026-06-02 03:47:08]   [geth] Waiting for RPC...
[2026-06-02 03:47:12]   [geth] RPC ready after 5s
[2026-06-02 03:47:12]   [bench] Running execute remote...
[2026-06-02 03:47:21]   [bench] exit=0 passed=1 failed=0
0 missing_trie_node=0
0
[2026-06-02 03:47:21] 
[2026-06-02 03:47:21]   --- storage_sload_k400_run12 (ubt) write-offset=31200000000 K=400 ---
[2026-06-02 03:47:21]   [geth] Stopping (SIGTERM, waiting up to 120s for clean exit): 1230015
[2026-06-02 03:47:24]   [geth] exited cleanly after 3s
[2026-06-02 03:47:24]   [cache] OS page cache dropped
Fatal: Could not create the account: account already exists
[2026-06-02 03:47:24]   [geth] Starting (ubt, gd=5, cold=1, dev.period=1, 1tx/block)
[2026-06-02 03:47:24]   [geth] Waiting for RPC...
[2026-06-02 03:47:29]   [geth] RPC ready after 5s
[2026-06-02 03:47:29]   [bench] Running execute remote...
[2026-06-02 03:47:37]   [bench] exit=0 passed=1 failed=0
0 missing_trie_node=0
0
[2026-06-02 03:47:37] 
[2026-06-02 03:47:37]   --- storage_sload_k400_run13 (ubt) write-offset=31300000000 K=400 ---
[2026-06-02 03:47:37]   [geth] Stopping (SIGTERM, waiting up to 120s for clean exit): 1230100
[2026-06-02 03:47:40]   [geth] exited cleanly after 3s
[2026-06-02 03:47:41]   [cache] OS page cache dropped
Fatal: Could not create the account: account already exists
[2026-06-02 03:47:41]   [geth] Starting (ubt, gd=5, cold=1, dev.period=1, 1tx/block)
[2026-06-02 03:47:41]   [geth] Waiting for RPC...
[2026-06-02 03:47:45]   [geth] RPC ready after 5s
[2026-06-02 03:47:45]   [bench] Running execute remote...
[2026-06-02 03:47:53]   [bench] exit=0 passed=1 failed=0
0 missing_trie_node=0
0
[2026-06-02 03:47:53] 
[2026-06-02 03:47:53]   --- storage_sload_k400_run14 (ubt) write-offset=31400000000 K=400 ---
[2026-06-02 03:47:53]   [geth] Stopping (SIGTERM, waiting up to 120s for clean exit): 1230184
[2026-06-02 03:47:56]   [geth] exited cleanly after 3s
[2026-06-02 03:47:57]   [cache] OS page cache dropped
Fatal: Could not create the account: account already exists
[2026-06-02 03:47:57]   [geth] Starting (ubt, gd=5, cold=1, dev.period=1, 1tx/block)
[2026-06-02 03:47:57]   [geth] Waiting for RPC...
[2026-06-02 03:48:01]   [geth] RPC ready after 5s
[2026-06-02 03:48:01]   [bench] Running execute remote...
[2026-06-02 03:48:09]   [bench] exit=0 passed=1 failed=0
0 missing_trie_node=0
0
[2026-06-02 03:48:09] 
[2026-06-02 03:48:09]   --- storage_sload_k400_run15 (ubt) write-offset=31500000000 K=400 ---
[2026-06-02 03:48:09]   [geth] Stopping (SIGTERM, waiting up to 120s for clean exit): 1230269
[2026-06-02 03:48:12]   [geth] exited cleanly after 3s
[2026-06-02 03:48:13]   [cache] OS page cache dropped
Fatal: Could not create the account: account already exists
[2026-06-02 03:48:13]   [geth] Starting (ubt, gd=5, cold=1, dev.period=1, 1tx/block)
[2026-06-02 03:48:13]   [geth] Waiting for RPC...
[2026-06-02 03:48:17]   [geth] RPC ready after 5s
[2026-06-02 03:48:17]   [bench] Running execute remote...
[2026-06-02 03:48:26]   [bench] exit=0 passed=1 failed=0
0 missing_trie_node=0
0
[2026-06-02 03:48:26] 
[2026-06-02 03:48:26]   --- storage_sload_k400_run16 (ubt) write-offset=31600000000 K=400 ---
[2026-06-02 03:48:26]   [geth] Stopping (SIGTERM, waiting up to 120s for clean exit): 1230352
[2026-06-02 03:48:29]   [geth] exited cleanly after 3s
[2026-06-02 03:48:29]   [cache] OS page cache dropped
Fatal: Could not create the account: account already exists
[2026-06-02 03:48:29]   [geth] Starting (ubt, gd=5, cold=1, dev.period=1, 1tx/block)
[2026-06-02 03:48:29]   [geth] Waiting for RPC...
[2026-06-02 03:48:33]   [geth] RPC ready after 5s
[2026-06-02 03:48:33]   [bench] Running execute remote...
[2026-06-02 03:48:42]   [bench] exit=0 passed=1 failed=0
0 missing_trie_node=0
0
[2026-06-02 03:48:42] 
[2026-06-02 03:48:42]   --- storage_sload_k400_run17 (ubt) write-offset=31700000000 K=400 ---
[2026-06-02 03:48:42]   [geth] Stopping (SIGTERM, waiting up to 120s for clean exit): 1230442
[2026-06-02 03:48:45]   [geth] exited cleanly after 3s
[2026-06-02 03:48:45]   [cache] OS page cache dropped
Fatal: Could not create the account: account already exists
[2026-06-02 03:48:45]   [geth] Starting (ubt, gd=5, cold=1, dev.period=1, 1tx/block)
[2026-06-02 03:48:45]   [geth] Waiting for RPC...
[2026-06-02 03:48:49]   [geth] RPC ready after 5s
[2026-06-02 03:48:49]   [bench] Running execute remote...
[2026-06-02 03:48:58]   [bench] exit=0 passed=1 failed=0
0 missing_trie_node=0
0
[2026-06-02 03:48:58] 
[2026-06-02 03:48:58]   --- storage_sload_k400_run18 (ubt) write-offset=31800000000 K=400 ---
[2026-06-02 03:48:58]   [geth] Stopping (SIGTERM, waiting up to 120s for clean exit): 1230529
[2026-06-02 03:49:01]   [geth] exited cleanly after 3s
[2026-06-02 03:49:01]   [cache] OS page cache dropped
Fatal: Could not create the account: account already exists
[2026-06-02 03:49:01]   [geth] Starting (ubt, gd=5, cold=1, dev.period=1, 1tx/block)
[2026-06-02 03:49:01]   [geth] Waiting for RPC...
[2026-06-02 03:49:05]   [geth] RPC ready after 5s
[2026-06-02 03:49:05]   [bench] Running execute remote...
[2026-06-02 03:49:14]   [bench] exit=0 passed=1 failed=0
0 missing_trie_node=0
0
[2026-06-02 03:49:14] 
[2026-06-02 03:49:14]   --- storage_sload_k400_run19 (ubt) write-offset=31900000000 K=400 ---
[2026-06-02 03:49:14]   [geth] Stopping (SIGTERM, waiting up to 120s for clean exit): 1230614
[2026-06-02 03:49:17]   [geth] exited cleanly after 3s
[2026-06-02 03:49:17]   [cache] OS page cache dropped
Fatal: Could not create the account: account already exists
[2026-06-02 03:49:17]   [geth] Starting (ubt, gd=5, cold=1, dev.period=1, 1tx/block)
[2026-06-02 03:49:17]   [geth] Waiting for RPC...
[2026-06-02 03:49:21]   [geth] RPC ready after 5s
[2026-06-02 03:49:21]   [bench] Running execute remote...
[2026-06-02 03:49:30]   [bench] exit=0 passed=1 failed=0
0 missing_trie_node=0
0
[2026-06-02 03:49:30] 
[2026-06-02 03:49:30]   --- storage_sload_k400_run20 (ubt) write-offset=32000000000 K=400 ---
[2026-06-02 03:49:30]   [geth] Stopping (SIGTERM, waiting up to 120s for clean exit): 1230702
[2026-06-02 03:49:33]   [geth] exited cleanly after 3s
[2026-06-02 03:49:33]   [cache] OS page cache dropped
Fatal: Could not create the account: account already exists
[2026-06-02 03:49:33]   [geth] Starting (ubt, gd=5, cold=1, dev.period=1, 1tx/block)
[2026-06-02 03:49:33]   [geth] Waiting for RPC...
[2026-06-02 03:49:38]   [geth] RPC ready after 5s
[2026-06-02 03:49:38]   [bench] Running execute remote...
[2026-06-02 03:49:46]   [bench] exit=0 passed=1 failed=0
0 missing_trie_node=0
0
[2026-06-02 03:49:46] 
[2026-06-02 03:49:46]   ── BENCHMARK: storage_sload_k700 (pool=700 contracts; effective K=700)
[2026-06-02 03:49:46] 
[2026-06-02 03:49:46]   --- storage_sload_k700_run1 (ubt) write-offset=30100000000 K=700 ---
[2026-06-02 03:49:46]   [geth] Stopping (SIGTERM, waiting up to 120s for clean exit): 1230788
[2026-06-02 03:49:49]   [geth] exited cleanly after 3s
[2026-06-02 03:49:50]   [cache] OS page cache dropped
Fatal: Could not create the account: account already exists
[2026-06-02 03:49:50]   [geth] Starting (ubt, gd=5, cold=1, dev.period=1, 1tx/block)
[2026-06-02 03:49:50]   [geth] Waiting for RPC...
[2026-06-02 03:49:54]   [geth] RPC ready after 5s
[2026-06-02 03:49:54]   [bench] Running execute remote...
[2026-06-02 03:50:02]   [bench] exit=0 passed=1 failed=0
0 missing_trie_node=0
0
[2026-06-02 03:50:02] 
[2026-06-02 03:50:02]   --- storage_sload_k700_run2 (ubt) write-offset=30200000000 K=700 ---
[2026-06-02 03:50:02]   [geth] Stopping (SIGTERM, waiting up to 120s for clean exit): 1230894
[2026-06-02 03:50:05]   [geth] exited cleanly after 3s
[2026-06-02 03:50:06]   [cache] OS page cache dropped
Fatal: Could not create the account: account already exists
[2026-06-02 03:50:06]   [geth] Starting (ubt, gd=5, cold=1, dev.period=1, 1tx/block)
[2026-06-02 03:50:06]   [geth] Waiting for RPC...
[2026-06-02 03:50:10]   [geth] RPC ready after 5s
[2026-06-02 03:50:10]   [bench] Running execute remote...
[2026-06-02 03:50:19]   [bench] exit=0 passed=1 failed=0
0 missing_trie_node=0
0
[2026-06-02 03:50:19] 
[2026-06-02 03:50:19]   --- storage_sload_k700_run3 (ubt) write-offset=30300000000 K=700 ---
[2026-06-02 03:50:19]   [geth] Stopping (SIGTERM, waiting up to 120s for clean exit): 1230981
[2026-06-02 03:50:22]   [geth] exited cleanly after 3s
[2026-06-02 03:50:22]   [cache] OS page cache dropped
Fatal: Could not create the account: account already exists
[2026-06-02 03:50:22]   [geth] Starting (ubt, gd=5, cold=1, dev.period=1, 1tx/block)
[2026-06-02 03:50:22]   [geth] Waiting for RPC...
[2026-06-02 03:50:26]   [geth] RPC ready after 5s
[2026-06-02 03:50:26]   [bench] Running execute remote...
[2026-06-02 03:50:35]   [bench] exit=0 passed=1 failed=0
0 missing_trie_node=0
0
[2026-06-02 03:50:35] 
[2026-06-02 03:50:35]   --- storage_sload_k700_run4 (ubt) write-offset=30400000000 K=700 ---
[2026-06-02 03:50:35]   [geth] Stopping (SIGTERM, waiting up to 120s for clean exit): 1231064
[2026-06-02 03:50:38]   [geth] exited cleanly after 3s
[2026-06-02 03:50:38]   [cache] OS page cache dropped
Fatal: Could not create the account: account already exists
[2026-06-02 03:50:38]   [geth] Starting (ubt, gd=5, cold=1, dev.period=1, 1tx/block)
[2026-06-02 03:50:38]   [geth] Waiting for RPC...
[2026-06-02 03:50:42]   [geth] RPC ready after 5s
[2026-06-02 03:50:42]   [bench] Running execute remote...
[2026-06-02 03:50:51]   [bench] exit=0 passed=1 failed=0
0 missing_trie_node=0
0
[2026-06-02 03:50:51] 
[2026-06-02 03:50:51]   --- storage_sload_k700_run5 (ubt) write-offset=30500000000 K=700 ---
[2026-06-02 03:50:51]   [geth] Stopping (SIGTERM, waiting up to 120s for clean exit): 1231148
[2026-06-02 03:50:54]   [geth] exited cleanly after 3s
[2026-06-02 03:50:54]   [cache] OS page cache dropped
Fatal: Could not create the account: account already exists
[2026-06-02 03:50:54]   [geth] Starting (ubt, gd=5, cold=1, dev.period=1, 1tx/block)
[2026-06-02 03:50:54]   [geth] Waiting for RPC...
[2026-06-02 03:50:58]   [geth] RPC ready after 5s
[2026-06-02 03:50:58]   [bench] Running execute remote...
[2026-06-02 03:51:07]   [bench] exit=0 passed=1 failed=0
0 missing_trie_node=0
0
[2026-06-02 03:51:07] 
[2026-06-02 03:51:07]   --- storage_sload_k700_run6 (ubt) write-offset=30600000000 K=700 ---
[2026-06-02 03:51:07]   [geth] Stopping (SIGTERM, waiting up to 120s for clean exit): 1231230
[2026-06-02 03:51:10]   [geth] exited cleanly after 3s
[2026-06-02 03:51:10]   [cache] OS page cache dropped
Fatal: Could not create the account: account already exists
[2026-06-02 03:51:10]   [geth] Starting (ubt, gd=5, cold=1, dev.period=1, 1tx/block)
[2026-06-02 03:51:10]   [geth] Waiting for RPC...
[2026-06-02 03:51:14]   [geth] RPC ready after 5s
[2026-06-02 03:51:14]   [bench] Running execute remote...
[2026-06-02 03:51:23]   [bench] exit=0 passed=1 failed=0
0 missing_trie_node=0
0
[2026-06-02 03:51:23] 
[2026-06-02 03:51:23]   --- storage_sload_k700_run7 (ubt) write-offset=30700000000 K=700 ---
[2026-06-02 03:51:23]   [geth] Stopping (SIGTERM, waiting up to 120s for clean exit): 1231330
[2026-06-02 03:51:26]   [geth] exited cleanly after 3s
[2026-06-02 03:51:26]   [cache] OS page cache dropped
Fatal: Could not create the account: account already exists
[2026-06-02 03:51:26]   [geth] Starting (ubt, gd=5, cold=1, dev.period=1, 1tx/block)
[2026-06-02 03:51:26]   [geth] Waiting for RPC...
[2026-06-02 03:51:30]   [geth] RPC ready after 5s
[2026-06-02 03:51:30]   [bench] Running execute remote...
[2026-06-02 03:51:39]   [bench] exit=0 passed=1 failed=0
0 missing_trie_node=0
0
[2026-06-02 03:51:39] 
[2026-06-02 03:51:39]   --- storage_sload_k700_run8 (ubt) write-offset=30800000000 K=700 ---
[2026-06-02 03:51:39]   [geth] Stopping (SIGTERM, waiting up to 120s for clean exit): 1231417
[2026-06-02 03:51:42]   [geth] exited cleanly after 3s
[2026-06-02 03:51:42]   [cache] OS page cache dropped
Fatal: Could not create the account: account already exists
[2026-06-02 03:51:42]   [geth] Starting (ubt, gd=5, cold=1, dev.period=1, 1tx/block)
[2026-06-02 03:51:42]   [geth] Waiting for RPC...
[2026-06-02 03:51:46]   [geth] RPC ready after 5s
[2026-06-02 03:51:46]   [bench] Running execute remote...
[2026-06-02 03:51:55]   [bench] exit=0 passed=1 failed=0
0 missing_trie_node=0
0
[2026-06-02 03:51:55] 
[2026-06-02 03:51:55]   --- storage_sload_k700_run9 (ubt) write-offset=30900000000 K=700 ---
[2026-06-02 03:51:55]   [geth] Stopping (SIGTERM, waiting up to 120s for clean exit): 1231500
[2026-06-02 03:51:58]   [geth] exited cleanly after 3s
[2026-06-02 03:51:58]   [cache] OS page cache dropped
Fatal: Could not create the account: account already exists
[2026-06-02 03:51:58]   [geth] Starting (ubt, gd=5, cold=1, dev.period=1, 1tx/block)
[2026-06-02 03:51:58]   [geth] Waiting for RPC...
[2026-06-02 03:52:02]   [geth] RPC ready after 5s
[2026-06-02 03:52:02]   [bench] Running execute remote...
[2026-06-02 03:52:11]   [bench] exit=0 passed=1 failed=0
0 missing_trie_node=0
0
[2026-06-02 03:52:11] 
[2026-06-02 03:52:11]   --- storage_sload_k700_run10 (ubt) write-offset=31000000000 K=700 ---
[2026-06-02 03:52:11]   [geth] Stopping (SIGTERM, waiting up to 120s for clean exit): 1231582
[2026-06-02 03:52:14]   [geth] exited cleanly after 3s
[2026-06-02 03:52:14]   [cache] OS page cache dropped
Fatal: Could not create the account: account already exists
[2026-06-02 03:52:14]   [geth] Starting (ubt, gd=5, cold=1, dev.period=1, 1tx/block)
[2026-06-02 03:52:14]   [geth] Waiting for RPC...
[2026-06-02 03:52:18]   [geth] RPC ready after 5s
[2026-06-02 03:52:19]   [bench] Running execute remote...
[2026-06-02 03:52:26]   [bench] exit=0 passed=1 failed=0
0 missing_trie_node=0
0
[2026-06-02 03:52:26] 
[2026-06-02 03:52:26]   --- storage_sload_k700_run11 (ubt) write-offset=31100000000 K=700 ---
[2026-06-02 03:52:26]   [geth] Stopping (SIGTERM, waiting up to 120s for clean exit): 1231669
[2026-06-02 03:52:29]   [geth] exited cleanly after 3s
[2026-06-02 03:52:29]   [cache] OS page cache dropped
Fatal: Could not create the account: account already exists
[2026-06-02 03:52:29]   [geth] Starting (ubt, gd=5, cold=1, dev.period=1, 1tx/block)
[2026-06-02 03:52:29]   [geth] Waiting for RPC...
[2026-06-02 03:52:33]   [geth] RPC ready after 5s
[2026-06-02 03:52:33]   [bench] Running execute remote...
[2026-06-02 03:52:41]   [bench] exit=0 passed=1 failed=0
0 missing_trie_node=0
0
[2026-06-02 03:52:41] 
[2026-06-02 03:52:41]   --- storage_sload_k700_run12 (ubt) write-offset=31200000000 K=700 ---
[2026-06-02 03:52:41]   [geth] Stopping (SIGTERM, waiting up to 120s for clean exit): 1231754
[2026-06-02 03:52:44]   [geth] exited cleanly after 3s
[2026-06-02 03:52:44]   [cache] OS page cache dropped
Fatal: Could not create the account: account already exists
[2026-06-02 03:52:44]   [geth] Starting (ubt, gd=5, cold=1, dev.period=1, 1tx/block)
[2026-06-02 03:52:44]   [geth] Waiting for RPC...
[2026-06-02 03:52:49]   [geth] RPC ready after 5s
[2026-06-02 03:52:49]   [bench] Running execute remote...
[2026-06-02 03:52:57]   [bench] exit=0 passed=1 failed=0
0 missing_trie_node=0
0
[2026-06-02 03:52:57] 
[2026-06-02 03:52:57]   --- storage_sload_k700_run13 (ubt) write-offset=31300000000 K=700 ---
[2026-06-02 03:52:57]   [geth] Stopping (SIGTERM, waiting up to 120s for clean exit): 1231878
[2026-06-02 03:53:00]   [geth] exited cleanly after 3s
[2026-06-02 03:53:01]   [cache] OS page cache dropped
Fatal: Could not create the account: account already exists
[2026-06-02 03:53:01]   [geth] Starting (ubt, gd=5, cold=1, dev.period=1, 1tx/block)
[2026-06-02 03:53:01]   [geth] Waiting for RPC...
[2026-06-02 03:53:05]   [geth] RPC ready after 5s
[2026-06-02 03:53:05]   [bench] Running execute remote...
[2026-06-02 03:53:14]   [bench] exit=0 passed=1 failed=0
0 missing_trie_node=0
0
[2026-06-02 03:53:14] 
[2026-06-02 03:53:14]   --- storage_sload_k700_run14 (ubt) write-offset=31400000000 K=700 ---
[2026-06-02 03:53:14]   [geth] Stopping (SIGTERM, waiting up to 120s for clean exit): 1231962
[2026-06-02 03:53:17]   [geth] exited cleanly after 3s
[2026-06-02 03:53:17]   [cache] OS page cache dropped
Fatal: Could not create the account: account already exists
[2026-06-02 03:53:17]   [geth] Starting (ubt, gd=5, cold=1, dev.period=1, 1tx/block)
[2026-06-02 03:53:17]   [geth] Waiting for RPC...
[2026-06-02 03:53:21]   [geth] RPC ready after 5s
[2026-06-02 03:53:21]   [bench] Running execute remote...
[2026-06-02 03:53:30]   [bench] exit=0 passed=1 failed=0
0 missing_trie_node=0
0
[2026-06-02 03:53:30] 
[2026-06-02 03:53:30]   --- storage_sload_k700_run15 (ubt) write-offset=31500000000 K=700 ---
[2026-06-02 03:53:30]   [geth] Stopping (SIGTERM, waiting up to 120s for clean exit): 1232047
[2026-06-02 03:53:33]   [geth] exited cleanly after 3s
[2026-06-02 03:53:33]   [cache] OS page cache dropped
Fatal: Could not create the account: account already exists
[2026-06-02 03:53:33]   [geth] Starting (ubt, gd=5, cold=1, dev.period=1, 1tx/block)
[2026-06-02 03:53:33]   [geth] Waiting for RPC...
[2026-06-02 03:53:37]   [geth] RPC ready after 5s
[2026-06-02 03:53:37]   [bench] Running execute remote...
[2026-06-02 03:53:46]   [bench] exit=0 passed=1 failed=0
0 missing_trie_node=0
0
[2026-06-02 03:53:46] 
[2026-06-02 03:53:46]   --- storage_sload_k700_run16 (ubt) write-offset=31600000000 K=700 ---
[2026-06-02 03:53:46]   [geth] Stopping (SIGTERM, waiting up to 120s for clean exit): 1232134
[2026-06-02 03:53:48]   [geth] exited cleanly after 2s
[2026-06-02 03:53:48]   [cache] OS page cache dropped
Fatal: Could not create the account: account already exists
[2026-06-02 03:53:48]   [geth] Starting (ubt, gd=5, cold=1, dev.period=1, 1tx/block)
[2026-06-02 03:53:48]   [geth] Waiting for RPC...
[2026-06-02 03:53:52]   [geth] RPC ready after 5s
[2026-06-02 03:53:52]   [bench] Running execute remote...
[2026-06-02 03:54:01]   [bench] exit=0 passed=1 failed=0
0 missing_trie_node=0
0
[2026-06-02 03:54:01] 
[2026-06-02 03:54:01]   --- storage_sload_k700_run17 (ubt) write-offset=31700000000 K=700 ---
[2026-06-02 03:54:01]   [geth] Stopping (SIGTERM, waiting up to 120s for clean exit): 1232217
[2026-06-02 03:54:04]   [geth] exited cleanly after 3s
[2026-06-02 03:54:04]   [cache] OS page cache dropped
Fatal: Could not create the account: account already exists
[2026-06-02 03:54:04]   [geth] Starting (ubt, gd=5, cold=1, dev.period=1, 1tx/block)
[2026-06-02 03:54:04]   [geth] Waiting for RPC...
[2026-06-02 03:54:08]   [geth] RPC ready after 5s
[2026-06-02 03:54:08]   [bench] Running execute remote...
[2026-06-02 03:54:17]   [bench] exit=0 passed=1 failed=0
0 missing_trie_node=0
0
[2026-06-02 03:54:17] 
[2026-06-02 03:54:17]   --- storage_sload_k700_run18 (ubt) write-offset=31800000000 K=700 ---
[2026-06-02 03:54:17]   [geth] Stopping (SIGTERM, waiting up to 120s for clean exit): 1232300
[2026-06-02 03:54:20]   [geth] exited cleanly after 3s
[2026-06-02 03:54:20]   [cache] OS page cache dropped
Fatal: Could not create the account: account already exists
[2026-06-02 03:54:20]   [geth] Starting (ubt, gd=5, cold=1, dev.period=1, 1tx/block)
[2026-06-02 03:54:20]   [geth] Waiting for RPC...
[2026-06-02 03:54:24]   [geth] RPC ready after 5s
[2026-06-02 03:54:24]   [bench] Running execute remote...
[2026-06-02 03:54:33]   [bench] exit=0 passed=1 failed=0
0 missing_trie_node=0
0
[2026-06-02 03:54:33] 
[2026-06-02 03:54:33]   --- storage_sload_k700_run19 (ubt) write-offset=31900000000 K=700 ---
[2026-06-02 03:54:33]   [geth] Stopping (SIGTERM, waiting up to 120s for clean exit): 1232385
[2026-06-02 03:54:36]   [geth] exited cleanly after 3s
[2026-06-02 03:54:36]   [cache] OS page cache dropped
Fatal: Could not create the account: account already exists
[2026-06-02 03:54:36]   [geth] Starting (ubt, gd=5, cold=1, dev.period=1, 1tx/block)
[2026-06-02 03:54:36]   [geth] Waiting for RPC...
[2026-06-02 03:54:40]   [geth] RPC ready after 5s
[2026-06-02 03:54:40]   [bench] Running execute remote...
[2026-06-02 03:54:48]   [bench] exit=0 passed=1 failed=0
0 missing_trie_node=0
0
[2026-06-02 03:54:48] 
[2026-06-02 03:54:48]   --- storage_sload_k700_run20 (ubt) write-offset=32000000000 K=700 ---
[2026-06-02 03:54:48]   [geth] Stopping (SIGTERM, waiting up to 120s for clean exit): 1232475
[2026-06-02 03:54:51]   [geth] exited cleanly after 3s
[2026-06-02 03:54:51]   [cache] OS page cache dropped
Fatal: Could not create the account: account already exists
[2026-06-02 03:54:51]   [geth] Starting (ubt, gd=5, cold=1, dev.period=1, 1tx/block)
[2026-06-02 03:54:51]   [geth] Waiting for RPC...
[2026-06-02 03:54:55]   [geth] RPC ready after 5s
[2026-06-02 03:54:55]   [bench] Running execute remote...
[2026-06-02 03:55:04]   [bench] exit=0 passed=1 failed=0
0 missing_trie_node=0
0
[2026-06-02 03:55:04] 
[2026-06-02 03:55:04]   ── BENCHMARK: storage_sstore_k1 (pool=700 contracts; effective K=1)
[2026-06-02 03:55:04] 
[2026-06-02 03:55:04]   --- storage_sstore_k1_run1 (ubt) write-offset=30100000000 K=1 ---
[2026-06-02 03:55:04]   [geth] Stopping (SIGTERM, waiting up to 120s for clean exit): 1232560
[2026-06-02 03:55:07]   [geth] exited cleanly after 3s
[2026-06-02 03:55:07]   [cache] OS page cache dropped
Fatal: Could not create the account: account already exists
[2026-06-02 03:55:07]   [geth] Starting (ubt, gd=5, cold=1, dev.period=1, 1tx/block)
[2026-06-02 03:55:07]   [geth] Waiting for RPC...
[2026-06-02 03:55:11]   [geth] RPC ready after 5s
[2026-06-02 03:55:11]   [bench] Running execute remote...
[2026-06-02 03:55:19]   [bench] exit=0 passed=1 failed=0
0 missing_trie_node=0
0
[2026-06-02 03:55:19] 
[2026-06-02 03:55:19]   --- storage_sstore_k1_run2 (ubt) write-offset=30200000000 K=1 ---
[2026-06-02 03:55:19]   [geth] Stopping (SIGTERM, waiting up to 120s for clean exit): 1232676
[2026-06-02 03:55:22]   [geth] exited cleanly after 3s
[2026-06-02 03:55:22]   [cache] OS page cache dropped
Fatal: Could not create the account: account already exists
[2026-06-02 03:55:22]   [geth] Starting (ubt, gd=5, cold=1, dev.period=1, 1tx/block)
[2026-06-02 03:55:22]   [geth] Waiting for RPC...
[2026-06-02 03:55:26]   [geth] RPC ready after 5s
[2026-06-02 03:55:26]   [bench] Running execute remote...
[2026-06-02 03:55:34]   [bench] exit=0 passed=1 failed=0
0 missing_trie_node=0
0
[2026-06-02 03:55:34] 
[2026-06-02 03:55:34]   --- storage_sstore_k1_run3 (ubt) write-offset=30300000000 K=1 ---
[2026-06-02 03:55:34]   [geth] Stopping (SIGTERM, waiting up to 120s for clean exit): 1232760
[2026-06-02 03:55:37]   [geth] exited cleanly after 3s
[2026-06-02 03:55:37]   [cache] OS page cache dropped
Fatal: Could not create the account: account already exists
[2026-06-02 03:55:37]   [geth] Starting (ubt, gd=5, cold=1, dev.period=1, 1tx/block)
[2026-06-02 03:55:37]   [geth] Waiting for RPC...
[2026-06-02 03:55:41]   [geth] RPC ready after 5s
[2026-06-02 03:55:41]   [bench] Running execute remote...
[2026-06-02 03:55:49]   [bench] exit=0 passed=1 failed=0
0 missing_trie_node=0
0
[2026-06-02 03:55:49] 
[2026-06-02 03:55:49]   --- storage_sstore_k1_run4 (ubt) write-offset=30400000000 K=1 ---
[2026-06-02 03:55:49]   [geth] Stopping (SIGTERM, waiting up to 120s for clean exit): 1232844
[2026-06-02 03:55:52]   [geth] exited cleanly after 3s
[2026-06-02 03:55:52]   [cache] OS page cache dropped
Fatal: Could not create the account: account already exists
[2026-06-02 03:55:52]   [geth] Starting (ubt, gd=5, cold=1, dev.period=1, 1tx/block)
[2026-06-02 03:55:52]   [geth] Waiting for RPC...
[2026-06-02 03:55:56]   [geth] RPC ready after 5s
[2026-06-02 03:55:56]   [bench] Running execute remote...
[2026-06-02 03:56:04]   [bench] exit=0 passed=1 failed=0
0 missing_trie_node=0
0
[2026-06-02 03:56:04] 
[2026-06-02 03:56:04]   --- storage_sstore_k1_run5 (ubt) write-offset=30500000000 K=1 ---
[2026-06-02 03:56:04]   [geth] Stopping (SIGTERM, waiting up to 120s for clean exit): 1232929
[2026-06-02 03:56:07]   [geth] exited cleanly after 3s
[2026-06-02 03:56:07]   [cache] OS page cache dropped
Fatal: Could not create the account: account already exists
[2026-06-02 03:56:07]   [geth] Starting (ubt, gd=5, cold=1, dev.period=1, 1tx/block)
[2026-06-02 03:56:07]   [geth] Waiting for RPC...
[2026-06-02 03:56:11]   [geth] RPC ready after 5s
[2026-06-02 03:56:11]   [bench] Running execute remote...
[2026-06-02 03:56:19]   [bench] exit=0 passed=1 failed=0
0 missing_trie_node=0
0
[2026-06-02 03:56:19] 
[2026-06-02 03:56:19]   --- storage_sstore_k1_run6 (ubt) write-offset=30600000000 K=1 ---
[2026-06-02 03:56:19]   [geth] Stopping (SIGTERM, waiting up to 120s for clean exit): 1233015
[2026-06-02 03:56:22]   [geth] exited cleanly after 3s
[2026-06-02 03:56:22]   [cache] OS page cache dropped
Fatal: Could not create the account: account already exists
[2026-06-02 03:56:22]   [geth] Starting (ubt, gd=5, cold=1, dev.period=1, 1tx/block)
[2026-06-02 03:56:22]   [geth] Waiting for RPC...
[2026-06-02 03:56:26]   [geth] RPC ready after 5s
[2026-06-02 03:56:26]   [bench] Running execute remote...
[2026-06-02 03:56:34]   [bench] exit=0 passed=1 failed=0
0 missing_trie_node=0
0
[2026-06-02 03:56:34] 
[2026-06-02 03:56:34]   --- storage_sstore_k1_run7 (ubt) write-offset=30700000000 K=1 ---
[2026-06-02 03:56:34]   [geth] Stopping (SIGTERM, waiting up to 120s for clean exit): 1233102
[2026-06-02 03:56:37]   [geth] exited cleanly after 3s
[2026-06-02 03:56:37]   [cache] OS page cache dropped
Fatal: Could not create the account: account already exists
[2026-06-02 03:56:37]   [geth] Starting (ubt, gd=5, cold=1, dev.period=1, 1tx/block)
[2026-06-02 03:56:37]   [geth] Waiting for RPC...
[2026-06-02 03:56:42]   [geth] RPC ready after 5s
[2026-06-02 03:56:42]   [bench] Running execute remote...
[2026-06-02 03:56:49]   [bench] exit=0 passed=1 failed=0
0 missing_trie_node=0
0
[2026-06-02 03:56:49] 
[2026-06-02 03:56:49]   --- storage_sstore_k1_run8 (ubt) write-offset=30800000000 K=1 ---
[2026-06-02 03:56:49]   [geth] Stopping (SIGTERM, waiting up to 120s for clean exit): 1233186
[2026-06-02 03:56:52]   [geth] exited cleanly after 3s
[2026-06-02 03:56:52]   [cache] OS page cache dropped
Fatal: Could not create the account: account already exists
[2026-06-02 03:56:52]   [geth] Starting (ubt, gd=5, cold=1, dev.period=1, 1tx/block)
[2026-06-02 03:56:52]   [geth] Waiting for RPC...
[2026-06-02 03:56:56]   [geth] RPC ready after 5s
[2026-06-02 03:56:57]   [bench] Running execute remote...
[2026-06-02 03:57:04]   [bench] exit=0 passed=1 failed=0
0 missing_trie_node=0
0
[2026-06-02 03:57:04] 
[2026-06-02 03:57:04]   --- storage_sstore_k1_run9 (ubt) write-offset=30900000000 K=1 ---
[2026-06-02 03:57:04]   [geth] Stopping (SIGTERM, waiting up to 120s for clean exit): 1233269
[2026-06-02 03:57:07]   [geth] exited cleanly after 3s
[2026-06-02 03:57:07]   [cache] OS page cache dropped
Fatal: Could not create the account: account already exists
[2026-06-02 03:57:07]   [geth] Starting (ubt, gd=5, cold=1, dev.period=1, 1tx/block)
[2026-06-02 03:57:07]   [geth] Waiting for RPC...
[2026-06-02 03:57:12]   [geth] RPC ready after 5s
[2026-06-02 03:57:12]   [bench] Running execute remote...
[2026-06-02 03:57:19]   [bench] exit=0 passed=1 failed=0
0 missing_trie_node=0
0
[2026-06-02 03:57:19] 
[2026-06-02 03:57:19]   --- storage_sstore_k1_run10 (ubt) write-offset=31000000000 K=1 ---
[2026-06-02 03:57:19]   [geth] Stopping (SIGTERM, waiting up to 120s for clean exit): 1233372
[2026-06-02 03:57:22]   [geth] exited cleanly after 3s
[2026-06-02 03:57:22]   [cache] OS page cache dropped
Fatal: Could not create the account: account already exists
[2026-06-02 03:57:22]   [geth] Starting (ubt, gd=5, cold=1, dev.period=1, 1tx/block)
[2026-06-02 03:57:22]   [geth] Waiting for RPC...
[2026-06-02 03:57:26]   [geth] RPC ready after 5s
[2026-06-02 03:57:26]   [bench] Running execute remote...
[2026-06-02 03:57:34]   [bench] exit=0 passed=1 failed=0
0 missing_trie_node=0
0
[2026-06-02 03:57:34] 
[2026-06-02 03:57:34]   --- storage_sstore_k1_run11 (ubt) write-offset=31100000000 K=1 ---
[2026-06-02 03:57:34]   [geth] Stopping (SIGTERM, waiting up to 120s for clean exit): 1233459
[2026-06-02 03:57:37]   [geth] exited cleanly after 3s
[2026-06-02 03:57:37]   [cache] OS page cache dropped
Fatal: Could not create the account: account already exists
[2026-06-02 03:57:37]   [geth] Starting (ubt, gd=5, cold=1, dev.period=1, 1tx/block)
[2026-06-02 03:57:37]   [geth] Waiting for RPC...
[2026-06-02 03:57:41]   [geth] RPC ready after 5s
[2026-06-02 03:57:41]   [bench] Running execute remote...
[2026-06-02 03:57:49]   [bench] exit=0 passed=1 failed=0
0 missing_trie_node=0
0
[2026-06-02 03:57:49] 
[2026-06-02 03:57:49]   --- storage_sstore_k1_run12 (ubt) write-offset=31200000000 K=1 ---
[2026-06-02 03:57:49]   [geth] Stopping (SIGTERM, waiting up to 120s for clean exit): 1233550
[2026-06-02 03:57:52]   [geth] exited cleanly after 3s
[2026-06-02 03:57:52]   [cache] OS page cache dropped
Fatal: Could not create the account: account already exists
[2026-06-02 03:57:52]   [geth] Starting (ubt, gd=5, cold=1, dev.period=1, 1tx/block)
[2026-06-02 03:57:53]   [geth] Waiting for RPC...
[2026-06-02 03:57:57]   [geth] RPC ready after 5s
[2026-06-02 03:57:57]   [bench] Running execute remote...
[2026-06-02 03:58:04]   [bench] exit=0 passed=1 failed=0
0 missing_trie_node=0
0
[2026-06-02 03:58:04] 
[2026-06-02 03:58:04]   --- storage_sstore_k1_run13 (ubt) write-offset=31300000000 K=1 ---
[2026-06-02 03:58:04]   [geth] Stopping (SIGTERM, waiting up to 120s for clean exit): 1233661
[2026-06-02 03:58:07]   [geth] exited cleanly after 3s
[2026-06-02 03:58:08]   [cache] OS page cache dropped
Fatal: Could not create the account: account already exists
[2026-06-02 03:58:08]   [geth] Starting (ubt, gd=5, cold=1, dev.period=1, 1tx/block)
[2026-06-02 03:58:08]   [geth] Waiting for RPC...
[2026-06-02 03:58:12]   [geth] RPC ready after 5s
[2026-06-02 03:58:12]   [bench] Running execute remote...
[2026-06-02 03:58:19]   [bench] exit=0 passed=1 failed=0
0 missing_trie_node=0
0
[2026-06-02 03:58:19] 
[2026-06-02 03:58:19]   --- storage_sstore_k1_run14 (ubt) write-offset=31400000000 K=1 ---
[2026-06-02 03:58:19]   [geth] Stopping (SIGTERM, waiting up to 120s for clean exit): 1233761
[2026-06-02 03:58:22]   [geth] exited cleanly after 3s
[2026-06-02 03:58:23]   [cache] OS page cache dropped
Fatal: Could not create the account: account already exists
[2026-06-02 03:58:23]   [geth] Starting (ubt, gd=5, cold=1, dev.period=1, 1tx/block)
[2026-06-02 03:58:23]   [geth] Waiting for RPC...
[2026-06-02 03:58:27]   [geth] RPC ready after 5s
[2026-06-02 03:58:27]   [bench] Running execute remote...
[2026-06-02 03:58:34]   [bench] exit=0 passed=1 failed=0
0 missing_trie_node=0
0
[2026-06-02 03:58:34] 
[2026-06-02 03:58:34]   --- storage_sstore_k1_run15 (ubt) write-offset=31500000000 K=1 ---
[2026-06-02 03:58:34]   [geth] Stopping (SIGTERM, waiting up to 120s for clean exit): 1233863
[2026-06-02 03:58:36]   [geth] exited cleanly after 2s
[2026-06-02 03:58:37]   [cache] OS page cache dropped
Fatal: Could not create the account: account already exists
[2026-06-02 03:58:37]   [geth] Starting (ubt, gd=5, cold=1, dev.period=1, 1tx/block)
[2026-06-02 03:58:37]   [geth] Waiting for RPC...
[2026-06-02 03:58:41]   [geth] RPC ready after 5s
[2026-06-02 03:58:41]   [bench] Running execute remote...
[2026-06-02 03:58:48]   [bench] exit=0 passed=1 failed=0
0 missing_trie_node=0
0
[2026-06-02 03:58:48] 
[2026-06-02 03:58:48]   --- storage_sstore_k1_run16 (ubt) write-offset=31600000000 K=1 ---
[2026-06-02 03:58:48]   [geth] Stopping (SIGTERM, waiting up to 120s for clean exit): 1233966
[2026-06-02 03:58:51]   [geth] exited cleanly after 3s
[2026-06-02 03:58:52]   [cache] OS page cache dropped
Fatal: Could not create the account: account already exists
[2026-06-02 03:58:52]   [geth] Starting (ubt, gd=5, cold=1, dev.period=1, 1tx/block)
[2026-06-02 03:58:52]   [geth] Waiting for RPC...
[2026-06-02 03:58:56]   [geth] RPC ready after 5s
[2026-06-02 03:58:56]   [bench] Running execute remote...
[2026-06-02 03:59:04]   [bench] exit=0 passed=1 failed=0
0 missing_trie_node=0
0
[2026-06-02 03:59:04] 
[2026-06-02 03:59:04]   --- storage_sstore_k1_run17 (ubt) write-offset=31700000000 K=1 ---
[2026-06-02 03:59:04]   [geth] Stopping (SIGTERM, waiting up to 120s for clean exit): 1234071
[2026-06-02 03:59:07]   [geth] exited cleanly after 3s
[2026-06-02 03:59:07]   [cache] OS page cache dropped
Fatal: Could not create the account: account already exists
[2026-06-02 03:59:07]   [geth] Starting (ubt, gd=5, cold=1, dev.period=1, 1tx/block)
[2026-06-02 03:59:07]   [geth] Waiting for RPC...
[2026-06-02 03:59:11]   [geth] RPC ready after 5s
[2026-06-02 03:59:11]   [bench] Running execute remote...
[2026-06-02 03:59:19]   [bench] exit=0 passed=1 failed=0
0 missing_trie_node=0
0
[2026-06-02 03:59:19] 
[2026-06-02 03:59:19]   --- storage_sstore_k1_run18 (ubt) write-offset=31800000000 K=1 ---
[2026-06-02 03:59:19]   [geth] Stopping (SIGTERM, waiting up to 120s for clean exit): 1234180
[2026-06-02 03:59:22]   [geth] exited cleanly after 3s
[2026-06-02 03:59:22]   [cache] OS page cache dropped
Fatal: Could not create the account: account already exists
[2026-06-02 03:59:22]   [geth] Starting (ubt, gd=5, cold=1, dev.period=1, 1tx/block)
[2026-06-02 03:59:22]   [geth] Waiting for RPC...
[2026-06-02 03:59:26]   [geth] RPC ready after 5s
[2026-06-02 03:59:26]   [bench] Running execute remote...
[2026-06-02 03:59:34]   [bench] exit=0 passed=1 failed=0
0 missing_trie_node=0
0
[2026-06-02 03:59:34] 
[2026-06-02 03:59:34]   --- storage_sstore_k1_run19 (ubt) write-offset=31900000000 K=1 ---
[2026-06-02 03:59:34]   [geth] Stopping (SIGTERM, waiting up to 120s for clean exit): 1234289
[2026-06-02 03:59:37]   [geth] exited cleanly after 3s
[2026-06-02 03:59:37]   [cache] OS page cache dropped
Fatal: Could not create the account: account already exists
[2026-06-02 03:59:37]   [geth] Starting (ubt, gd=5, cold=1, dev.period=1, 1tx/block)
[2026-06-02 03:59:37]   [geth] Waiting for RPC...
[2026-06-02 03:59:41]   [geth] RPC ready after 5s
[2026-06-02 03:59:41]   [bench] Running execute remote...
[2026-06-02 03:59:49]   [bench] exit=0 passed=1 failed=0
0 missing_trie_node=0
0
[2026-06-02 03:59:49] 
[2026-06-02 03:59:49]   --- storage_sstore_k1_run20 (ubt) write-offset=32000000000 K=1 ---
[2026-06-02 03:59:49]   [geth] Stopping (SIGTERM, waiting up to 120s for clean exit): 1234396
[2026-06-02 03:59:52]   [geth] exited cleanly after 3s
[2026-06-02 03:59:52]   [cache] OS page cache dropped
Fatal: Could not create the account: account already exists
[2026-06-02 03:59:52]   [geth] Starting (ubt, gd=5, cold=1, dev.period=1, 1tx/block)
[2026-06-02 03:59:52]   [geth] Waiting for RPC...
[2026-06-02 03:59:56]   [geth] RPC ready after 5s
[2026-06-02 03:59:56]   [bench] Running execute remote...
[2026-06-02 04:00:04]   [bench] exit=0 passed=1 failed=0
0 missing_trie_node=0
0
[2026-06-02 04:00:04] 
[2026-06-02 04:00:04]   ── BENCHMARK: storage_sstore_k10 (pool=700 contracts; effective K=10)
[2026-06-02 04:00:04] 
[2026-06-02 04:00:04]   --- storage_sstore_k10_run1 (ubt) write-offset=30100000000 K=10 ---
[2026-06-02 04:00:04]   [geth] Stopping (SIGTERM, waiting up to 120s for clean exit): 1234496
[2026-06-02 04:00:07]   [geth] exited cleanly after 3s
[2026-06-02 04:00:07]   [cache] OS page cache dropped
Fatal: Could not create the account: account already exists
[2026-06-02 04:00:07]   [geth] Starting (ubt, gd=5, cold=1, dev.period=1, 1tx/block)
[2026-06-02 04:00:07]   [geth] Waiting for RPC...
[2026-06-02 04:00:12]   [geth] RPC ready after 5s
[2026-06-02 04:00:12]   [bench] Running execute remote...
[2026-06-02 04:00:19]   [bench] exit=0 passed=1 failed=0
0 missing_trie_node=0
0
[2026-06-02 04:00:19] 
[2026-06-02 04:00:19]   --- storage_sstore_k10_run2 (ubt) write-offset=30200000000 K=10 ---
[2026-06-02 04:00:19]   [geth] Stopping (SIGTERM, waiting up to 120s for clean exit): 1234627
[2026-06-02 04:00:22]   [geth] exited cleanly after 3s
[2026-06-02 04:00:23]   [cache] OS page cache dropped
Fatal: Could not create the account: account already exists
[2026-06-02 04:00:23]   [geth] Starting (ubt, gd=5, cold=1, dev.period=1, 1tx/block)
[2026-06-02 04:00:23]   [geth] Waiting for RPC...
[2026-06-02 04:00:27]   [geth] RPC ready after 5s
[2026-06-02 04:00:27]   [bench] Running execute remote...
[2026-06-02 04:00:35]   [bench] exit=0 passed=1 failed=0
0 missing_trie_node=0
0
[2026-06-02 04:00:35] 
[2026-06-02 04:00:35]   --- storage_sstore_k10_run3 (ubt) write-offset=30300000000 K=10 ---
[2026-06-02 04:00:35]   [geth] Stopping (SIGTERM, waiting up to 120s for clean exit): 1234718
[2026-06-02 04:00:38]   [geth] exited cleanly after 3s
[2026-06-02 04:00:38]   [cache] OS page cache dropped
Fatal: Could not create the account: account already exists
[2026-06-02 04:00:38]   [geth] Starting (ubt, gd=5, cold=1, dev.period=1, 1tx/block)
[2026-06-02 04:00:38]   [geth] Waiting for RPC...
[2026-06-02 04:00:42]   [geth] RPC ready after 5s
[2026-06-02 04:00:42]   [bench] Running execute remote...
[2026-06-02 04:00:50]   [bench] exit=0 passed=1 failed=0
0 missing_trie_node=0
0
[2026-06-02 04:00:50] 
[2026-06-02 04:00:50]   --- storage_sstore_k10_run4 (ubt) write-offset=30400000000 K=10 ---
[2026-06-02 04:00:50]   [geth] Stopping (SIGTERM, waiting up to 120s for clean exit): 1234803
[2026-06-02 04:00:53]   [geth] exited cleanly after 3s
[2026-06-02 04:00:53]   [cache] OS page cache dropped
Fatal: Could not create the account: account already exists
[2026-06-02 04:00:53]   [geth] Starting (ubt, gd=5, cold=1, dev.period=1, 1tx/block)
[2026-06-02 04:00:53]   [geth] Waiting for RPC...
[2026-06-02 04:00:57]   [geth] RPC ready after 5s
[2026-06-02 04:00:57]   [bench] Running execute remote...
[2026-06-02 04:01:05]   [bench] exit=0 passed=1 failed=0
0 missing_trie_node=0
0
[2026-06-02 04:01:05] 
[2026-06-02 04:01:05]   --- storage_sstore_k10_run5 (ubt) write-offset=30500000000 K=10 ---
[2026-06-02 04:01:05]   [geth] Stopping (SIGTERM, waiting up to 120s for clean exit): 1234888
[2026-06-02 04:01:08]   [geth] exited cleanly after 3s
[2026-06-02 04:01:08]   [cache] OS page cache dropped
Fatal: Could not create the account: account already exists
[2026-06-02 04:01:08]   [geth] Starting (ubt, gd=5, cold=1, dev.period=1, 1tx/block)
[2026-06-02 04:01:08]   [geth] Waiting for RPC...
[2026-06-02 04:01:12]   [geth] RPC ready after 5s
[2026-06-02 04:01:12]   [bench] Running execute remote...
[2026-06-02 04:01:20]   [bench] exit=0 passed=1 failed=0
0 missing_trie_node=0
0
[2026-06-02 04:01:20] 
[2026-06-02 04:01:20]   --- storage_sstore_k10_run6 (ubt) write-offset=30600000000 K=10 ---
[2026-06-02 04:01:20]   [geth] Stopping (SIGTERM, waiting up to 120s for clean exit): 1234976
[2026-06-02 04:01:23]   [geth] exited cleanly after 3s
[2026-06-02 04:01:23]   [cache] OS page cache dropped
Fatal: Could not create the account: account already exists
[2026-06-02 04:01:23]   [geth] Starting (ubt, gd=5, cold=1, dev.period=1, 1tx/block)
[2026-06-02 04:01:23]   [geth] Waiting for RPC...
[2026-06-02 04:01:27]   [geth] RPC ready after 5s
[2026-06-02 04:01:27]   [bench] Running execute remote...
[2026-06-02 04:01:35]   [bench] exit=0 passed=1 failed=0
0 missing_trie_node=0
0
[2026-06-02 04:01:35] 
[2026-06-02 04:01:35]   --- storage_sstore_k10_run7 (ubt) write-offset=30700000000 K=10 ---
[2026-06-02 04:01:35]   [geth] Stopping (SIGTERM, waiting up to 120s for clean exit): 1235063
[2026-06-02 04:01:38]   [geth] exited cleanly after 3s
[2026-06-02 04:01:39]   [cache] OS page cache dropped
Fatal: Could not create the account: account already exists
[2026-06-02 04:01:39]   [geth] Starting (ubt, gd=5, cold=1, dev.period=1, 1tx/block)
[2026-06-02 04:01:39]   [geth] Waiting for RPC...
[2026-06-02 04:01:43]   [geth] RPC ready after 5s
[2026-06-02 04:01:43]   [bench] Running execute remote...
[2026-06-02 04:01:50]   [bench] exit=0 passed=1 failed=0
0 missing_trie_node=0
0
[2026-06-02 04:01:50] 
[2026-06-02 04:01:50]   --- storage_sstore_k10_run8 (ubt) write-offset=30800000000 K=10 ---
[2026-06-02 04:01:50]   [geth] Stopping (SIGTERM, waiting up to 120s for clean exit): 1235146
[2026-06-02 04:01:53]   [geth] exited cleanly after 3s
[2026-06-02 04:01:54]   [cache] OS page cache dropped
Fatal: Could not create the account: account already exists
[2026-06-02 04:01:54]   [geth] Starting (ubt, gd=5, cold=1, dev.period=1, 1tx/block)
[2026-06-02 04:01:54]   [geth] Waiting for RPC...
[2026-06-02 04:01:58]   [geth] RPC ready after 5s
[2026-06-02 04:01:58]   [bench] Running execute remote...
[2026-06-02 04:02:05]   [bench] exit=0 passed=1 failed=0
0 missing_trie_node=0
0
[2026-06-02 04:02:05] 
[2026-06-02 04:02:05]   --- storage_sstore_k10_run9 (ubt) write-offset=30900000000 K=10 ---
[2026-06-02 04:02:05]   [geth] Stopping (SIGTERM, waiting up to 120s for clean exit): 1235272
[2026-06-02 04:02:08]   [geth] exited cleanly after 3s
[2026-06-02 04:02:09]   [cache] OS page cache dropped
Fatal: Could not create the account: account already exists
[2026-06-02 04:02:09]   [geth] Starting (ubt, gd=5, cold=1, dev.period=1, 1tx/block)
[2026-06-02 04:02:09]   [geth] Waiting for RPC...
[2026-06-02 04:02:13]   [geth] RPC ready after 5s
[2026-06-02 04:02:13]   [bench] Running execute remote...
[2026-06-02 04:02:21]   [bench] exit=0 passed=1 failed=0
0 missing_trie_node=0
0
[2026-06-02 04:02:21] 
[2026-06-02 04:02:21]   --- storage_sstore_k10_run10 (ubt) write-offset=31000000000 K=10 ---
[2026-06-02 04:02:21]   [geth] Stopping (SIGTERM, waiting up to 120s for clean exit): 1235358
[2026-06-02 04:02:24]   [geth] exited cleanly after 3s
[2026-06-02 04:02:24]   [cache] OS page cache dropped
Fatal: Could not create the account: account already exists
[2026-06-02 04:02:24]   [geth] Starting (ubt, gd=5, cold=1, dev.period=1, 1tx/block)
[2026-06-02 04:02:24]   [geth] Waiting for RPC...
[2026-06-02 04:02:28]   [geth] RPC ready after 5s
[2026-06-02 04:02:28]   [bench] Running execute remote...
[2026-06-02 04:02:35]   [bench] exit=0 passed=1 failed=0
0 missing_trie_node=0
0
[2026-06-02 04:02:35] 
[2026-06-02 04:02:35]   --- storage_sstore_k10_run11 (ubt) write-offset=31100000000 K=10 ---
[2026-06-02 04:02:36]   [geth] Stopping (SIGTERM, waiting up to 120s for clean exit): 1235446
[2026-06-02 04:02:39]   [geth] exited cleanly after 3s
[2026-06-02 04:02:39]   [cache] OS page cache dropped
Fatal: Could not create the account: account already exists
[2026-06-02 04:02:39]   [geth] Starting (ubt, gd=5, cold=1, dev.period=1, 1tx/block)
[2026-06-02 04:02:39]   [geth] Waiting for RPC...
[2026-06-02 04:02:43]   [geth] RPC ready after 5s
[2026-06-02 04:02:43]   [bench] Running execute remote...
[2026-06-02 04:02:51]   [bench] exit=0 passed=1 failed=0
0 missing_trie_node=0
0
[2026-06-02 04:02:51] 
[2026-06-02 04:02:51]   --- storage_sstore_k10_run12 (ubt) write-offset=31200000000 K=10 ---
[2026-06-02 04:02:51]   [geth] Stopping (SIGTERM, waiting up to 120s for clean exit): 1235546
[2026-06-02 04:02:54]   [geth] exited cleanly after 3s
[2026-06-02 04:02:54]   [cache] OS page cache dropped
Fatal: Could not create the account: account already exists
[2026-06-02 04:02:54]   [geth] Starting (ubt, gd=5, cold=1, dev.period=1, 1tx/block)
[2026-06-02 04:02:54]   [geth] Waiting for RPC...
[2026-06-02 04:02:58]   [geth] RPC ready after 5s
[2026-06-02 04:02:58]   [bench] Running execute remote...
[2026-06-02 04:03:06]   [bench] exit=0 passed=1 failed=0
0 missing_trie_node=0
0
[2026-06-02 04:03:06] 
[2026-06-02 04:03:06]   --- storage_sstore_k10_run13 (ubt) write-offset=31300000000 K=10 ---
[2026-06-02 04:03:06]   [geth] Stopping (SIGTERM, waiting up to 120s for clean exit): 1235633
[2026-06-02 04:03:09]   [geth] exited cleanly after 3s
[2026-06-02 04:03:09]   [cache] OS page cache dropped
Fatal: Could not create the account: account already exists
[2026-06-02 04:03:09]   [geth] Starting (ubt, gd=5, cold=1, dev.period=1, 1tx/block)
[2026-06-02 04:03:09]   [geth] Waiting for RPC...
[2026-06-02 04:03:13]   [geth] RPC ready after 5s
[2026-06-02 04:03:13]   [bench] Running execute remote...
[2026-06-02 04:03:21]   [bench] exit=0 passed=1 failed=0
0 missing_trie_node=0
0
[2026-06-02 04:03:21] 
[2026-06-02 04:03:21]   --- storage_sstore_k10_run14 (ubt) write-offset=31400000000 K=10 ---
[2026-06-02 04:03:21]   [geth] Stopping (SIGTERM, waiting up to 120s for clean exit): 1235724
[2026-06-02 04:03:24]   [geth] exited cleanly after 3s
[2026-06-02 04:03:24]   [cache] OS page cache dropped
Fatal: Could not create the account: account already exists
[2026-06-02 04:03:24]   [geth] Starting (ubt, gd=5, cold=1, dev.period=1, 1tx/block)
[2026-06-02 04:03:24]   [geth] Waiting for RPC...
[2026-06-02 04:03:28]   [geth] RPC ready after 5s
[2026-06-02 04:03:28]   [bench] Running execute remote...
[2026-06-02 04:03:36]   [bench] exit=0 passed=1 failed=0
0 missing_trie_node=0
0
[2026-06-02 04:03:36] 
[2026-06-02 04:03:36]   --- storage_sstore_k10_run15 (ubt) write-offset=31500000000 K=10 ---
[2026-06-02 04:03:36]   [geth] Stopping (SIGTERM, waiting up to 120s for clean exit): 1235811
[2026-06-02 04:03:39]   [geth] exited cleanly after 3s
[2026-06-02 04:03:39]   [cache] OS page cache dropped
Fatal: Could not create the account: account already exists
[2026-06-02 04:03:39]   [geth] Starting (ubt, gd=5, cold=1, dev.period=1, 1tx/block)
[2026-06-02 04:03:39]   [geth] Waiting for RPC...
[2026-06-02 04:03:43]   [geth] RPC ready after 5s
[2026-06-02 04:03:43]   [bench] Running execute remote...
[2026-06-02 04:03:51]   [bench] exit=0 passed=1 failed=0
0 missing_trie_node=0
0
[2026-06-02 04:03:51] 
[2026-06-02 04:03:51]   --- storage_sstore_k10_run16 (ubt) write-offset=31600000000 K=10 ---
[2026-06-02 04:03:51]   [geth] Stopping (SIGTERM, waiting up to 120s for clean exit): 1235897
[2026-06-02 04:03:54]   [geth] exited cleanly after 3s
[2026-06-02 04:03:54]   [cache] OS page cache dropped
Fatal: Could not create the account: account already exists
[2026-06-02 04:03:54]   [geth] Starting (ubt, gd=5, cold=1, dev.period=1, 1tx/block)
[2026-06-02 04:03:54]   [geth] Waiting for RPC...
[2026-06-02 04:03:58]   [geth] RPC ready after 5s
[2026-06-02 04:03:58]   [bench] Running execute remote...
[2026-06-02 04:04:06]   [bench] exit=0 passed=1 failed=0
0 missing_trie_node=0
0
[2026-06-02 04:04:06] 
[2026-06-02 04:04:06]   --- storage_sstore_k10_run17 (ubt) write-offset=31700000000 K=10 ---
[2026-06-02 04:04:06]   [geth] Stopping (SIGTERM, waiting up to 120s for clean exit): 1235980
[2026-06-02 04:04:09]   [geth] exited cleanly after 3s
[2026-06-02 04:04:09]   [cache] OS page cache dropped
Fatal: Could not create the account: account already exists
[2026-06-02 04:04:09]   [geth] Starting (ubt, gd=5, cold=1, dev.period=1, 1tx/block)
[2026-06-02 04:04:09]   [geth] Waiting for RPC...
[2026-06-02 04:04:13]   [geth] RPC ready after 5s
[2026-06-02 04:04:13]   [bench] Running execute remote...
[2026-06-02 04:04:21]   [bench] exit=0 passed=1 failed=0
0 missing_trie_node=0
0
[2026-06-02 04:04:21] 
[2026-06-02 04:04:21]   --- storage_sstore_k10_run18 (ubt) write-offset=31800000000 K=10 ---
[2026-06-02 04:04:21]   [geth] Stopping (SIGTERM, waiting up to 120s for clean exit): 1236070
[2026-06-02 04:04:24]   [geth] exited cleanly after 3s
[2026-06-02 04:04:24]   [cache] OS page cache dropped
Fatal: Could not create the account: account already exists
[2026-06-02 04:04:24]   [geth] Starting (ubt, gd=5, cold=1, dev.period=1, 1tx/block)
[2026-06-02 04:04:24]   [geth] Waiting for RPC...
[2026-06-02 04:04:28]   [geth] RPC ready after 5s
[2026-06-02 04:04:28]   [bench] Running execute remote...
[2026-06-02 04:04:36]   [bench] exit=0 passed=1 failed=0
0 missing_trie_node=0
0
[2026-06-02 04:04:36] 
[2026-06-02 04:04:36]   --- storage_sstore_k10_run19 (ubt) write-offset=31900000000 K=10 ---
[2026-06-02 04:04:36]   [geth] Stopping (SIGTERM, waiting up to 120s for clean exit): 1236159
[2026-06-02 04:04:39]   [geth] exited cleanly after 3s
[2026-06-02 04:04:39]   [cache] OS page cache dropped
Fatal: Could not create the account: account already exists
[2026-06-02 04:04:39]   [geth] Starting (ubt, gd=5, cold=1, dev.period=1, 1tx/block)
[2026-06-02 04:04:39]   [geth] Waiting for RPC...
[2026-06-02 04:04:44]   [geth] RPC ready after 5s
[2026-06-02 04:04:44]   [bench] Running execute remote...
[2026-06-02 04:04:51]   [bench] exit=0 passed=1 failed=0
0 missing_trie_node=0
0
[2026-06-02 04:04:51] 
[2026-06-02 04:04:51]   --- storage_sstore_k10_run20 (ubt) write-offset=32000000000 K=10 ---
[2026-06-02 04:04:51]   [geth] Stopping (SIGTERM, waiting up to 120s for clean exit): 1236244
[2026-06-02 04:04:54]   [geth] exited cleanly after 3s
[2026-06-02 04:04:54]   [cache] OS page cache dropped
Fatal: Could not create the account: account already exists
[2026-06-02 04:04:55]   [geth] Starting (ubt, gd=5, cold=1, dev.period=1, 1tx/block)
[2026-06-02 04:04:55]   [geth] Waiting for RPC...
[2026-06-02 04:04:59]   [geth] RPC ready after 5s
[2026-06-02 04:04:59]   [bench] Running execute remote...
[2026-06-02 04:05:06]   [bench] exit=0 passed=1 failed=0
0 missing_trie_node=0
0
[2026-06-02 04:05:06] 
[2026-06-02 04:05:06]   ── BENCHMARK: storage_sstore_k100 (pool=700 contracts; effective K=100)
[2026-06-02 04:05:06] 
[2026-06-02 04:05:06]   --- storage_sstore_k100_run1 (ubt) write-offset=30100000000 K=100 ---
[2026-06-02 04:05:06]   [geth] Stopping (SIGTERM, waiting up to 120s for clean exit): 1236334
[2026-06-02 04:05:10]   [geth] exited cleanly after 3s
[2026-06-02 04:05:10]   [cache] OS page cache dropped
Fatal: Could not create the account: account already exists
[2026-06-02 04:05:10]   [geth] Starting (ubt, gd=5, cold=1, dev.period=1, 1tx/block)
[2026-06-02 04:05:10]   [geth] Waiting for RPC...
[2026-06-02 04:05:14]   [geth] RPC ready after 5s
[2026-06-02 04:05:14]   [bench] Running execute remote...
[2026-06-02 04:05:22]   [bench] exit=0 passed=1 failed=0
0 missing_trie_node=0
0
[2026-06-02 04:05:22] 
[2026-06-02 04:05:22]   --- storage_sstore_k100_run2 (ubt) write-offset=30200000000 K=100 ---
[2026-06-02 04:05:23]   [geth] Stopping (SIGTERM, waiting up to 120s for clean exit): 1236456
[2026-06-02 04:05:26]   [geth] exited cleanly after 3s
[2026-06-02 04:05:26]   [cache] OS page cache dropped
Fatal: Could not create the account: account already exists
[2026-06-02 04:05:26]   [geth] Starting (ubt, gd=5, cold=1, dev.period=1, 1tx/block)
[2026-06-02 04:05:26]   [geth] Waiting for RPC...
[2026-06-02 04:05:30]   [geth] RPC ready after 5s
[2026-06-02 04:05:30]   [bench] Running execute remote...
[2026-06-02 04:05:39]   [bench] exit=0 passed=1 failed=0
0 missing_trie_node=0
0
[2026-06-02 04:05:39] 
[2026-06-02 04:05:39]   --- storage_sstore_k100_run3 (ubt) write-offset=30300000000 K=100 ---
[2026-06-02 04:05:39]   [geth] Stopping (SIGTERM, waiting up to 120s for clean exit): 1236559
[2026-06-02 04:05:42]   [geth] exited cleanly after 3s
[2026-06-02 04:05:42]   [cache] OS page cache dropped
Fatal: Could not create the account: account already exists
[2026-06-02 04:05:42]   [geth] Starting (ubt, gd=5, cold=1, dev.period=1, 1tx/block)
[2026-06-02 04:05:42]   [geth] Waiting for RPC...
[2026-06-02 04:05:46]   [geth] RPC ready after 5s
[2026-06-02 04:05:46]   [bench] Running execute remote...
[2026-06-02 04:05:55]   [bench] exit=0 passed=1 failed=0
0 missing_trie_node=0
0
[2026-06-02 04:05:55] 
[2026-06-02 04:05:55]   --- storage_sstore_k100_run4 (ubt) write-offset=30400000000 K=100 ---
[2026-06-02 04:05:55]   [geth] Stopping (SIGTERM, waiting up to 120s for clean exit): 1236650
[2026-06-02 04:05:58]   [geth] exited cleanly after 3s
[2026-06-02 04:05:58]   [cache] OS page cache dropped
Fatal: Could not create the account: account already exists
[2026-06-02 04:05:58]   [geth] Starting (ubt, gd=5, cold=1, dev.period=1, 1tx/block)
[2026-06-02 04:05:58]   [geth] Waiting for RPC...
[2026-06-02 04:06:02]   [geth] RPC ready after 5s
[2026-06-02 04:06:02]   [bench] Running execute remote...
[2026-06-02 04:06:11]   [bench] exit=0 passed=1 failed=0
0 missing_trie_node=0
0
[2026-06-02 04:06:11] 
[2026-06-02 04:06:11]   --- storage_sstore_k100_run5 (ubt) write-offset=30500000000 K=100 ---
[2026-06-02 04:06:11]   [geth] Stopping (SIGTERM, waiting up to 120s for clean exit): 1236749
[2026-06-02 04:06:14]   [geth] exited cleanly after 3s
[2026-06-02 04:06:14]   [cache] OS page cache dropped
Fatal: Could not create the account: account already exists
[2026-06-02 04:06:14]   [geth] Starting (ubt, gd=5, cold=1, dev.period=1, 1tx/block)
[2026-06-02 04:06:14]   [geth] Waiting for RPC...
[2026-06-02 04:06:18]   [geth] RPC ready after 5s
[2026-06-02 04:06:18]   [bench] Running execute remote...
[2026-06-02 04:06:27]   [bench] exit=0 passed=1 failed=0
0 missing_trie_node=0
0
[2026-06-02 04:06:27] 
[2026-06-02 04:06:27]   --- storage_sstore_k100_run6 (ubt) write-offset=30600000000 K=100 ---
[2026-06-02 04:06:27]   [geth] Stopping (SIGTERM, waiting up to 120s for clean exit): 1236847
[2026-06-02 04:06:30]   [geth] exited cleanly after 3s
[2026-06-02 04:06:30]   [cache] OS page cache dropped
Fatal: Could not create the account: account already exists
[2026-06-02 04:06:30]   [geth] Starting (ubt, gd=5, cold=1, dev.period=1, 1tx/block)
[2026-06-02 04:06:30]   [geth] Waiting for RPC...
[2026-06-02 04:06:34]   [geth] RPC ready after 5s
[2026-06-02 04:06:34]   [bench] Running execute remote...
[2026-06-02 04:06:43]   [bench] exit=0 passed=1 failed=0
0 missing_trie_node=0
0
[2026-06-02 04:06:43] 
[2026-06-02 04:06:43]   --- storage_sstore_k100_run7 (ubt) write-offset=30700000000 K=100 ---
[2026-06-02 04:06:43]   [geth] Stopping (SIGTERM, waiting up to 120s for clean exit): 1236943
[2026-06-02 04:06:46]   [geth] exited cleanly after 3s
[2026-06-02 04:06:46]   [cache] OS page cache dropped
Fatal: Could not create the account: account already exists
[2026-06-02 04:06:46]   [geth] Starting (ubt, gd=5, cold=1, dev.period=1, 1tx/block)
[2026-06-02 04:06:46]   [geth] Waiting for RPC...
[2026-06-02 04:06:50]   [geth] RPC ready after 5s
[2026-06-02 04:06:50]   [bench] Running execute remote...
[2026-06-02 04:06:59]   [bench] exit=0 passed=1 failed=0
0 missing_trie_node=0
0
[2026-06-02 04:06:59] 
[2026-06-02 04:06:59]   --- storage_sstore_k100_run8 (ubt) write-offset=30800000000 K=100 ---
[2026-06-02 04:06:59]   [geth] Stopping (SIGTERM, waiting up to 120s for clean exit): 1237030
[2026-06-02 04:07:02]   [geth] exited cleanly after 3s
[2026-06-02 04:07:02]   [cache] OS page cache dropped
Fatal: Could not create the account: account already exists
[2026-06-02 04:07:02]   [geth] Starting (ubt, gd=5, cold=1, dev.period=1, 1tx/block)
[2026-06-02 04:07:02]   [geth] Waiting for RPC...
[2026-06-02 04:07:06]   [geth] RPC ready after 5s
[2026-06-02 04:07:06]   [bench] Running execute remote...
[2026-06-02 04:07:15]   [bench] exit=0 passed=1 failed=0
0 missing_trie_node=0
0
[2026-06-02 04:07:15] 
[2026-06-02 04:07:15]   --- storage_sstore_k100_run9 (ubt) write-offset=30900000000 K=100 ---
[2026-06-02 04:07:15]   [geth] Stopping (SIGTERM, waiting up to 120s for clean exit): 1237116
[2026-06-02 04:07:18]   [geth] exited cleanly after 3s
[2026-06-02 04:07:18]   [cache] OS page cache dropped
Fatal: Could not create the account: account already exists
[2026-06-02 04:07:18]   [geth] Starting (ubt, gd=5, cold=1, dev.period=1, 1tx/block)
[2026-06-02 04:07:18]   [geth] Waiting for RPC...
[2026-06-02 04:07:22]   [geth] RPC ready after 5s
[2026-06-02 04:07:22]   [bench] Running execute remote...
[2026-06-02 04:07:31]   [bench] exit=0 passed=1 failed=0
0 missing_trie_node=0
0
[2026-06-02 04:07:31] 
[2026-06-02 04:07:31]   --- storage_sstore_k100_run10 (ubt) write-offset=31000000000 K=100 ---
[2026-06-02 04:07:31]   [geth] Stopping (SIGTERM, waiting up to 120s for clean exit): 1237218
[2026-06-02 04:07:34]   [geth] exited cleanly after 3s
[2026-06-02 04:07:34]   [cache] OS page cache dropped
Fatal: Could not create the account: account already exists
[2026-06-02 04:07:34]   [geth] Starting (ubt, gd=5, cold=1, dev.period=1, 1tx/block)
[2026-06-02 04:07:34]   [geth] Waiting for RPC...
[2026-06-02 04:07:38]   [geth] RPC ready after 5s
[2026-06-02 04:07:38]   [bench] Running execute remote...
[2026-06-02 04:07:47]   [bench] exit=0 passed=1 failed=0
0 missing_trie_node=0
0
[2026-06-02 04:07:47] 
[2026-06-02 04:07:47]   --- storage_sstore_k100_run11 (ubt) write-offset=31100000000 K=100 ---
[2026-06-02 04:07:47]   [geth] Stopping (SIGTERM, waiting up to 120s for clean exit): 1237312
[2026-06-02 04:07:50]   [geth] exited cleanly after 3s
[2026-06-02 04:07:50]   [cache] OS page cache dropped
Fatal: Could not create the account: account already exists
[2026-06-02 04:07:50]   [geth] Starting (ubt, gd=5, cold=1, dev.period=1, 1tx/block)
[2026-06-02 04:07:50]   [geth] Waiting for RPC...
[2026-06-02 04:07:54]   [geth] RPC ready after 5s
[2026-06-02 04:07:54]   [bench] Running execute remote...
[2026-06-02 04:08:03]   [bench] exit=0 passed=1 failed=0
0 missing_trie_node=0
0
[2026-06-02 04:08:03] 
[2026-06-02 04:08:03]   --- storage_sstore_k100_run12 (ubt) write-offset=31200000000 K=100 ---
[2026-06-02 04:08:03]   [geth] Stopping (SIGTERM, waiting up to 120s for clean exit): 1237411
[2026-06-02 04:08:06]   [geth] exited cleanly after 3s
[2026-06-02 04:08:06]   [cache] OS page cache dropped
Fatal: Could not create the account: account already exists
[2026-06-02 04:08:06]   [geth] Starting (ubt, gd=5, cold=1, dev.period=1, 1tx/block)
[2026-06-02 04:08:06]   [geth] Waiting for RPC...
[2026-06-02 04:08:10]   [geth] RPC ready after 5s
[2026-06-02 04:08:10]   [bench] Running execute remote...
[2026-06-02 04:08:19]   [bench] exit=0 passed=1 failed=0
0 missing_trie_node=0
0
[2026-06-02 04:08:19] 
[2026-06-02 04:08:19]   --- storage_sstore_k100_run13 (ubt) write-offset=31300000000 K=100 ---
[2026-06-02 04:08:19]   [geth] Stopping (SIGTERM, waiting up to 120s for clean exit): 1237514
[2026-06-02 04:08:22]   [geth] exited cleanly after 3s
[2026-06-02 04:08:22]   [cache] OS page cache dropped
Fatal: Could not create the account: account already exists
[2026-06-02 04:08:22]   [geth] Starting (ubt, gd=5, cold=1, dev.period=1, 1tx/block)
[2026-06-02 04:08:22]   [geth] Waiting for RPC...
[2026-06-02 04:08:26]   [geth] RPC ready after 5s
[2026-06-02 04:08:26]   [bench] Running execute remote...
[2026-06-02 04:08:35]   [bench] exit=0 passed=1 failed=0
0 missing_trie_node=0
0
[2026-06-02 04:08:35] 
[2026-06-02 04:08:35]   --- storage_sstore_k100_run14 (ubt) write-offset=31400000000 K=100 ---
[2026-06-02 04:08:35]   [geth] Stopping (SIGTERM, waiting up to 120s for clean exit): 1237629
[2026-06-02 04:08:38]   [geth] exited cleanly after 3s
[2026-06-02 04:08:38]   [cache] OS page cache dropped
Fatal: Could not create the account: account already exists
[2026-06-02 04:08:38]   [geth] Starting (ubt, gd=5, cold=1, dev.period=1, 1tx/block)
[2026-06-02 04:08:38]   [geth] Waiting for RPC...
[2026-06-02 04:08:42]   [geth] RPC ready after 5s
[2026-06-02 04:08:42]   [bench] Running execute remote...
[2026-06-02 04:08:51]   [bench] exit=0 passed=1 failed=0
0 missing_trie_node=0
0
[2026-06-02 04:08:51] 
[2026-06-02 04:08:51]   --- storage_sstore_k100_run15 (ubt) write-offset=31500000000 K=100 ---
[2026-06-02 04:08:51]   [geth] Stopping (SIGTERM, waiting up to 120s for clean exit): 1237717
[2026-06-02 04:08:54]   [geth] exited cleanly after 3s
[2026-06-02 04:08:54]   [cache] OS page cache dropped
Fatal: Could not create the account: account already exists
[2026-06-02 04:08:54]   [geth] Starting (ubt, gd=5, cold=1, dev.period=1, 1tx/block)
[2026-06-02 04:08:54]   [geth] Waiting for RPC...
[2026-06-02 04:08:58]   [geth] RPC ready after 5s
[2026-06-02 04:08:58]   [bench] Running execute remote...
[2026-06-02 04:09:07]   [bench] exit=0 passed=1 failed=0
0 missing_trie_node=0
0
[2026-06-02 04:09:07] 
[2026-06-02 04:09:07]   --- storage_sstore_k100_run16 (ubt) write-offset=31600000000 K=100 ---
[2026-06-02 04:09:07]   [geth] Stopping (SIGTERM, waiting up to 120s for clean exit): 1237799
[2026-06-02 04:09:10]   [geth] exited cleanly after 3s
[2026-06-02 04:09:10]   [cache] OS page cache dropped
Fatal: Could not create the account: account already exists
[2026-06-02 04:09:10]   [geth] Starting (ubt, gd=5, cold=1, dev.period=1, 1tx/block)
[2026-06-02 04:09:10]   [geth] Waiting for RPC...
[2026-06-02 04:09:14]   [geth] RPC ready after 5s
[2026-06-02 04:09:14]   [bench] Running execute remote...
[2026-06-02 04:09:23]   [bench] exit=0 passed=1 failed=0
0 missing_trie_node=0
0
[2026-06-02 04:09:23] 
[2026-06-02 04:09:23]   --- storage_sstore_k100_run17 (ubt) write-offset=31700000000 K=100 ---
[2026-06-02 04:09:23]   [geth] Stopping (SIGTERM, waiting up to 120s for clean exit): 1237892
[2026-06-02 04:09:26]   [geth] exited cleanly after 3s
[2026-06-02 04:09:26]   [cache] OS page cache dropped
Fatal: Could not create the account: account already exists
[2026-06-02 04:09:26]   [geth] Starting (ubt, gd=5, cold=1, dev.period=1, 1tx/block)
[2026-06-02 04:09:26]   [geth] Waiting for RPC...
[2026-06-02 04:09:30]   [geth] RPC ready after 5s
[2026-06-02 04:09:30]   [bench] Running execute remote...
[2026-06-02 04:09:39]   [bench] exit=0 passed=1 failed=0
0 missing_trie_node=0
0
[2026-06-02 04:09:39] 
[2026-06-02 04:09:39]   --- storage_sstore_k100_run18 (ubt) write-offset=31800000000 K=100 ---
[2026-06-02 04:09:39]   [geth] Stopping (SIGTERM, waiting up to 120s for clean exit): 1237980
[2026-06-02 04:09:42]   [geth] exited cleanly after 3s
[2026-06-02 04:09:42]   [cache] OS page cache dropped
Fatal: Could not create the account: account already exists
[2026-06-02 04:09:42]   [geth] Starting (ubt, gd=5, cold=1, dev.period=1, 1tx/block)
[2026-06-02 04:09:42]   [geth] Waiting for RPC...
[2026-06-02 04:09:46]   [geth] RPC ready after 5s
[2026-06-02 04:09:46]   [bench] Running execute remote...
[2026-06-02 04:09:55]   [bench] exit=0 passed=1 failed=0
0 missing_trie_node=0
0
[2026-06-02 04:09:55] 
[2026-06-02 04:09:55]   --- storage_sstore_k100_run19 (ubt) write-offset=31900000000 K=100 ---
[2026-06-02 04:09:55]   [geth] Stopping (SIGTERM, waiting up to 120s for clean exit): 1238065
[2026-06-02 04:09:58]   [geth] exited cleanly after 3s
[2026-06-02 04:09:58]   [cache] OS page cache dropped
Fatal: Could not create the account: account already exists
[2026-06-02 04:09:58]   [geth] Starting (ubt, gd=5, cold=1, dev.period=1, 1tx/block)
[2026-06-02 04:09:58]   [geth] Waiting for RPC...
[2026-06-02 04:10:02]   [geth] RPC ready after 5s
[2026-06-02 04:10:02]   [bench] Running execute remote...
[2026-06-02 04:10:11]   [bench] exit=0 passed=1 failed=0
0 missing_trie_node=0
0
[2026-06-02 04:10:11] 
[2026-06-02 04:10:11]   --- storage_sstore_k100_run20 (ubt) write-offset=32000000000 K=100 ---
[2026-06-02 04:10:11]   [geth] Stopping (SIGTERM, waiting up to 120s for clean exit): 1238150
[2026-06-02 04:10:14]   [geth] exited cleanly after 3s
[2026-06-02 04:10:14]   [cache] OS page cache dropped
Fatal: Could not create the account: account already exists
[2026-06-02 04:10:14]   [geth] Starting (ubt, gd=5, cold=1, dev.period=1, 1tx/block)
[2026-06-02 04:10:14]   [geth] Waiting for RPC...
[2026-06-02 04:10:18]   [geth] RPC ready after 5s
[2026-06-02 04:10:18]   [bench] Running execute remote...
[2026-06-02 04:10:27]   [bench] exit=0 passed=1 failed=0
0 missing_trie_node=0
0
[2026-06-02 04:10:27] 
[2026-06-02 04:10:27]   ── BENCHMARK: storage_sstore_k400 (pool=700 contracts; effective K=400)
[2026-06-02 04:10:27] 
[2026-06-02 04:10:27]   --- storage_sstore_k400_run1 (ubt) write-offset=30100000000 K=400 ---
[2026-06-02 04:10:27]   [geth] Stopping (SIGTERM, waiting up to 120s for clean exit): 1238239
[2026-06-02 04:10:30]   [geth] exited cleanly after 3s
[2026-06-02 04:10:30]   [cache] OS page cache dropped
Fatal: Could not create the account: account already exists
[2026-06-02 04:10:30]   [geth] Starting (ubt, gd=5, cold=1, dev.period=1, 1tx/block)
[2026-06-02 04:10:30]   [geth] Waiting for RPC...
[2026-06-02 04:10:35]   [geth] RPC ready after 5s
[2026-06-02 04:10:35]   [bench] Running execute remote...
[2026-06-02 04:10:44]   [bench] exit=0 passed=1 failed=0
0 missing_trie_node=0
0
[2026-06-02 04:10:44] 
[2026-06-02 04:10:44]   --- storage_sstore_k400_run2 (ubt) write-offset=30200000000 K=400 ---
[2026-06-02 04:10:44]   [geth] Stopping (SIGTERM, waiting up to 120s for clean exit): 1238348
[2026-06-02 04:10:47]   [geth] exited cleanly after 3s
[2026-06-02 04:10:47]   [cache] OS page cache dropped
Fatal: Could not create the account: account already exists
[2026-06-02 04:10:47]   [geth] Starting (ubt, gd=5, cold=1, dev.period=1, 1tx/block)
[2026-06-02 04:10:47]   [geth] Waiting for RPC...
[2026-06-02 04:10:52]   [geth] RPC ready after 5s
[2026-06-02 04:10:52]   [bench] Running execute remote...
[2026-06-02 04:11:01]   [bench] exit=0 passed=1 failed=0
0 missing_trie_node=0
0
[2026-06-02 04:11:01] 
[2026-06-02 04:11:01]   --- storage_sstore_k400_run3 (ubt) write-offset=30300000000 K=400 ---
[2026-06-02 04:11:01]   [geth] Stopping (SIGTERM, waiting up to 120s for clean exit): 1238433
[2026-06-02 04:11:04]   [geth] exited cleanly after 3s
[2026-06-02 04:11:05]   [cache] OS page cache dropped
Fatal: Could not create the account: account already exists
[2026-06-02 04:11:05]   [geth] Starting (ubt, gd=5, cold=1, dev.period=1, 1tx/block)
[2026-06-02 04:11:05]   [geth] Waiting for RPC...
[2026-06-02 04:11:09]   [geth] RPC ready after 5s
[2026-06-02 04:11:09]   [bench] Running execute remote...
[2026-06-02 04:11:18]   [bench] exit=0 passed=1 failed=0
0 missing_trie_node=0
0
[2026-06-02 04:11:18] 
[2026-06-02 04:11:18]   --- storage_sstore_k400_run4 (ubt) write-offset=30400000000 K=400 ---
[2026-06-02 04:11:18]   [geth] Stopping (SIGTERM, waiting up to 120s for clean exit): 1238559
[2026-06-02 04:11:21]   [geth] exited cleanly after 3s
[2026-06-02 04:11:22]   [cache] OS page cache dropped
Fatal: Could not create the account: account already exists
[2026-06-02 04:11:22]   [geth] Starting (ubt, gd=5, cold=1, dev.period=1, 1tx/block)
[2026-06-02 04:11:22]   [geth] Waiting for RPC...
[2026-06-02 04:11:26]   [geth] RPC ready after 5s
[2026-06-02 04:11:26]   [bench] Running execute remote...
[2026-06-02 04:11:35]   [bench] exit=0 passed=1 failed=0
0 missing_trie_node=0
0
[2026-06-02 04:11:35] 
[2026-06-02 04:11:35]   --- storage_sstore_k400_run5 (ubt) write-offset=30500000000 K=400 ---
[2026-06-02 04:11:36]   [geth] Stopping (SIGTERM, waiting up to 120s for clean exit): 1238645
[2026-06-02 04:11:39]   [geth] exited cleanly after 3s
[2026-06-02 04:11:39]   [cache] OS page cache dropped
Fatal: Could not create the account: account already exists
[2026-06-02 04:11:39]   [geth] Starting (ubt, gd=5, cold=1, dev.period=1, 1tx/block)
[2026-06-02 04:11:39]   [geth] Waiting for RPC...
[2026-06-02 04:11:43]   [geth] RPC ready after 5s
[2026-06-02 04:11:43]   [bench] Running execute remote...
[2026-06-02 04:11:52]   [bench] exit=0 passed=1 failed=0
0 missing_trie_node=0
0
[2026-06-02 04:11:52] 
[2026-06-02 04:11:52]   --- storage_sstore_k400_run6 (ubt) write-offset=30600000000 K=400 ---
[2026-06-02 04:11:53]   [geth] Stopping (SIGTERM, waiting up to 120s for clean exit): 1238735
[2026-06-02 04:11:56]   [geth] exited cleanly after 3s
[2026-06-02 04:11:56]   [cache] OS page cache dropped
Fatal: Could not create the account: account already exists
[2026-06-02 04:11:56]   [geth] Starting (ubt, gd=5, cold=1, dev.period=1, 1tx/block)
[2026-06-02 04:11:56]   [geth] Waiting for RPC...
[2026-06-02 04:12:00]   [geth] RPC ready after 5s
[2026-06-02 04:12:00]   [bench] Running execute remote...
[2026-06-02 04:12:10]   [bench] exit=0 passed=1 failed=0
0 missing_trie_node=0
0
[2026-06-02 04:12:10] 
[2026-06-02 04:12:10]   --- storage_sstore_k400_run7 (ubt) write-offset=30700000000 K=400 ---
[2026-06-02 04:12:10]   [geth] Stopping (SIGTERM, waiting up to 120s for clean exit): 1238823
[2026-06-02 04:12:13]   [geth] exited cleanly after 3s
[2026-06-02 04:12:13]   [cache] OS page cache dropped
Fatal: Could not create the account: account already exists
[2026-06-02 04:12:13]   [geth] Starting (ubt, gd=5, cold=1, dev.period=1, 1tx/block)
[2026-06-02 04:12:13]   [geth] Waiting for RPC...
[2026-06-02 04:12:18]   [geth] RPC ready after 6s
[2026-06-02 04:12:18]   [bench] Running execute remote...
[2026-06-02 04:12:28]   [bench] exit=0 passed=1 failed=0
0 missing_trie_node=0
0
[2026-06-02 04:12:28] 
[2026-06-02 04:12:28]   --- storage_sstore_k400_run8 (ubt) write-offset=30800000000 K=400 ---
[2026-06-02 04:12:28]   [geth] Stopping (SIGTERM, waiting up to 120s for clean exit): 1238913
[2026-06-02 04:12:31]   [geth] exited cleanly after 3s
[2026-06-02 04:12:31]   [cache] OS page cache dropped
Fatal: Could not create the account: account already exists
[2026-06-02 04:12:31]   [geth] Starting (ubt, gd=5, cold=1, dev.period=1, 1tx/block)
[2026-06-02 04:12:31]   [geth] Waiting for RPC...
[2026-06-02 04:12:36]   [geth] RPC ready after 5s
[2026-06-02 04:12:36]   [bench] Running execute remote...
[2026-06-02 04:12:45]   [bench] exit=0 passed=1 failed=0
0 missing_trie_node=0
0
[2026-06-02 04:12:45] 
[2026-06-02 04:12:45]   --- storage_sstore_k400_run9 (ubt) write-offset=30900000000 K=400 ---
[2026-06-02 04:12:45]   [geth] Stopping (SIGTERM, waiting up to 120s for clean exit): 1239005
[2026-06-02 04:12:48]   [geth] exited cleanly after 3s
[2026-06-02 04:12:48]   [cache] OS page cache dropped
Fatal: Could not create the account: account already exists
[2026-06-02 04:12:48]   [geth] Starting (ubt, gd=5, cold=1, dev.period=1, 1tx/block)
[2026-06-02 04:12:48]   [geth] Waiting for RPC...
[2026-06-02 04:12:53]   [geth] RPC ready after 5s
[2026-06-02 04:12:53]   [bench] Running execute remote...
[2026-06-02 04:13:02]   [bench] exit=0 passed=1 failed=0
0 missing_trie_node=0
0
[2026-06-02 04:13:02] 
[2026-06-02 04:13:02]   --- storage_sstore_k400_run10 (ubt) write-offset=31000000000 K=400 ---
[2026-06-02 04:13:02]   [geth] Stopping (SIGTERM, waiting up to 120s for clean exit): 1239090
[2026-06-02 04:13:05]   [geth] exited cleanly after 3s
[2026-06-02 04:13:05]   [cache] OS page cache dropped
Fatal: Could not create the account: account already exists
[2026-06-02 04:13:06]   [geth] Starting (ubt, gd=5, cold=1, dev.period=1, 1tx/block)
[2026-06-02 04:13:06]   [geth] Waiting for RPC...
[2026-06-02 04:13:10]   [geth] RPC ready after 5s
[2026-06-02 04:13:10]   [bench] Running execute remote...
[2026-06-02 04:13:19]   [bench] exit=0 passed=1 failed=0
0 missing_trie_node=0
0
[2026-06-02 04:13:19] 
[2026-06-02 04:13:19]   --- storage_sstore_k400_run11 (ubt) write-offset=31100000000 K=400 ---
[2026-06-02 04:13:19]   [geth] Stopping (SIGTERM, waiting up to 120s for clean exit): 1239173
[2026-06-02 04:13:22]   [geth] exited cleanly after 3s
[2026-06-02 04:13:22]   [cache] OS page cache dropped
Fatal: Could not create the account: account already exists
[2026-06-02 04:13:22]   [geth] Starting (ubt, gd=5, cold=1, dev.period=1, 1tx/block)
[2026-06-02 04:13:22]   [geth] Waiting for RPC...
[2026-06-02 04:13:27]   [geth] RPC ready after 5s
[2026-06-02 04:13:27]   [bench] Running execute remote...
[2026-06-02 04:13:35]   [bench] exit=0 passed=1 failed=0
0 missing_trie_node=0
0
[2026-06-02 04:13:35] 
[2026-06-02 04:13:35]   --- storage_sstore_k400_run12 (ubt) write-offset=31200000000 K=400 ---
[2026-06-02 04:13:35]   [geth] Stopping (SIGTERM, waiting up to 120s for clean exit): 1239258
[2026-06-02 04:13:38]   [geth] exited cleanly after 3s
[2026-06-02 04:13:38]   [cache] OS page cache dropped
Fatal: Could not create the account: account already exists
[2026-06-02 04:13:38]   [geth] Starting (ubt, gd=5, cold=1, dev.period=1, 1tx/block)
[2026-06-02 04:13:38]   [geth] Waiting for RPC...
[2026-06-02 04:13:42]   [geth] RPC ready after 5s
[2026-06-02 04:13:42]   [bench] Running execute remote...
[2026-06-02 04:13:52]   [bench] exit=0 passed=1 failed=0
0 missing_trie_node=0
0
[2026-06-02 04:13:52] 
[2026-06-02 04:13:52]   --- storage_sstore_k400_run13 (ubt) write-offset=31300000000 K=400 ---
[2026-06-02 04:13:52]   [geth] Stopping (SIGTERM, waiting up to 120s for clean exit): 1239345
[2026-06-02 04:13:55]   [geth] exited cleanly after 3s
[2026-06-02 04:13:55]   [cache] OS page cache dropped
Fatal: Could not create the account: account already exists
[2026-06-02 04:13:55]   [geth] Starting (ubt, gd=5, cold=1, dev.period=1, 1tx/block)
[2026-06-02 04:13:55]   [geth] Waiting for RPC...
[2026-06-02 04:13:59]   [geth] RPC ready after 5s
[2026-06-02 04:13:59]   [bench] Running execute remote...
[2026-06-02 04:14:09]   [bench] exit=0 passed=1 failed=0
0 missing_trie_node=0
0
[2026-06-02 04:14:09] 
[2026-06-02 04:14:09]   --- storage_sstore_k400_run14 (ubt) write-offset=31400000000 K=400 ---
[2026-06-02 04:14:09]   [geth] Stopping (SIGTERM, waiting up to 120s for clean exit): 1239447
[2026-06-02 04:14:12]   [geth] exited cleanly after 3s
[2026-06-02 04:14:12]   [cache] OS page cache dropped
Fatal: Could not create the account: account already exists
[2026-06-02 04:14:12]   [geth] Starting (ubt, gd=5, cold=1, dev.period=1, 1tx/block)
[2026-06-02 04:14:12]   [geth] Waiting for RPC...
[2026-06-02 04:14:16]   [geth] RPC ready after 5s
[2026-06-02 04:14:16]   [bench] Running execute remote...
[2026-06-02 04:14:26]   [bench] exit=0 passed=1 failed=0
0 missing_trie_node=0
0
[2026-06-02 04:14:26] 
[2026-06-02 04:14:26]   --- storage_sstore_k400_run15 (ubt) write-offset=31500000000 K=400 ---
[2026-06-02 04:14:26]   [geth] Stopping (SIGTERM, waiting up to 120s for clean exit): 1239535
[2026-06-02 04:14:29]   [geth] exited cleanly after 3s
[2026-06-02 04:14:29]   [cache] OS page cache dropped
Fatal: Could not create the account: account already exists
[2026-06-02 04:14:29]   [geth] Starting (ubt, gd=5, cold=1, dev.period=1, 1tx/block)
[2026-06-02 04:14:29]   [geth] Waiting for RPC...
[2026-06-02 04:14:33]   [geth] RPC ready after 5s
[2026-06-02 04:14:33]   [bench] Running execute remote...
[2026-06-02 04:14:42]   [bench] exit=0 passed=1 failed=0
0 missing_trie_node=0
0
[2026-06-02 04:14:42] 
[2026-06-02 04:14:42]   --- storage_sstore_k400_run16 (ubt) write-offset=31600000000 K=400 ---
[2026-06-02 04:14:42]   [geth] Stopping (SIGTERM, waiting up to 120s for clean exit): 1239622
[2026-06-02 04:14:45]   [geth] exited cleanly after 3s
[2026-06-02 04:14:45]   [cache] OS page cache dropped
Fatal: Could not create the account: account already exists
[2026-06-02 04:14:45]   [geth] Starting (ubt, gd=5, cold=1, dev.period=1, 1tx/block)
[2026-06-02 04:14:45]   [geth] Waiting for RPC...
[2026-06-02 04:14:49]   [geth] RPC ready after 5s
[2026-06-02 04:14:49]   [bench] Running execute remote...
[2026-06-02 04:14:59]   [bench] exit=0 passed=1 failed=0
0 missing_trie_node=0
0
[2026-06-02 04:14:59] 
[2026-06-02 04:14:59]   --- storage_sstore_k400_run17 (ubt) write-offset=31700000000 K=400 ---
[2026-06-02 04:14:59]   [geth] Stopping (SIGTERM, waiting up to 120s for clean exit): 1239709
[2026-06-02 04:15:02]   [geth] exited cleanly after 3s
[2026-06-02 04:15:02]   [cache] OS page cache dropped
Fatal: Could not create the account: account already exists
[2026-06-02 04:15:02]   [geth] Starting (ubt, gd=5, cold=1, dev.period=1, 1tx/block)
[2026-06-02 04:15:02]   [geth] Waiting for RPC...
[2026-06-02 04:15:07]   [geth] RPC ready after 5s
[2026-06-02 04:15:07]   [bench] Running execute remote...
[2026-06-02 04:15:16]   [bench] exit=0 passed=1 failed=0
0 missing_trie_node=0
0
[2026-06-02 04:15:16] 
[2026-06-02 04:15:16]   --- storage_sstore_k400_run18 (ubt) write-offset=31800000000 K=400 ---
[2026-06-02 04:15:16]   [geth] Stopping (SIGTERM, waiting up to 120s for clean exit): 1239796
[2026-06-02 04:15:19]   [geth] exited cleanly after 3s
[2026-06-02 04:15:19]   [cache] OS page cache dropped
Fatal: Could not create the account: account already exists
[2026-06-02 04:15:20]   [geth] Starting (ubt, gd=5, cold=1, dev.period=1, 1tx/block)
[2026-06-02 04:15:20]   [geth] Waiting for RPC...
[2026-06-02 04:15:25]   [geth] RPC ready after 6s
[2026-06-02 04:15:25]   [bench] Running execute remote...
[2026-06-02 04:15:33]   [bench] exit=0 passed=1 failed=0
0 missing_trie_node=0
0
[2026-06-02 04:15:33] 
[2026-06-02 04:15:33]   --- storage_sstore_k400_run19 (ubt) write-offset=31900000000 K=400 ---
[2026-06-02 04:15:33]   [geth] Stopping (SIGTERM, waiting up to 120s for clean exit): 1239880
[2026-06-02 04:15:36]   [geth] exited cleanly after 3s
[2026-06-02 04:15:36]   [cache] OS page cache dropped
Fatal: Could not create the account: account already exists
[2026-06-02 04:15:36]   [geth] Starting (ubt, gd=5, cold=1, dev.period=1, 1tx/block)
[2026-06-02 04:15:36]   [geth] Waiting for RPC...
[2026-06-02 04:15:40]   [geth] RPC ready after 5s
[2026-06-02 04:15:40]   [bench] Running execute remote...
[2026-06-02 04:15:50]   [bench] exit=0 passed=1 failed=0
0 missing_trie_node=0
0
[2026-06-02 04:15:50] 
[2026-06-02 04:15:50]   --- storage_sstore_k400_run20 (ubt) write-offset=32000000000 K=400 ---
[2026-06-02 04:15:50]   [geth] Stopping (SIGTERM, waiting up to 120s for clean exit): 1239968
[2026-06-02 04:15:53]   [geth] exited cleanly after 3s
[2026-06-02 04:15:53]   [cache] OS page cache dropped
Fatal: Could not create the account: account already exists
[2026-06-02 04:15:53]   [geth] Starting (ubt, gd=5, cold=1, dev.period=1, 1tx/block)
[2026-06-02 04:15:53]   [geth] Waiting for RPC...
[2026-06-02 04:15:58]   [geth] RPC ready after 5s
[2026-06-02 04:15:58]   [bench] Running execute remote...
[2026-06-02 04:16:06]   [bench] exit=0 passed=1 failed=0
0 missing_trie_node=0
0
[2026-06-02 04:16:06] 
[2026-06-02 04:16:06]   ── BENCHMARK: storage_sstore_k700 (pool=700 contracts; effective K=700)
[2026-06-02 04:16:06] 
[2026-06-02 04:16:06]   --- storage_sstore_k700_run1 (ubt) write-offset=30100000000 K=700 ---
[2026-06-02 04:16:06]   [geth] Stopping (SIGTERM, waiting up to 120s for clean exit): 1240052
[2026-06-02 04:16:09]   [geth] exited cleanly after 3s
[2026-06-02 04:16:09]   [cache] OS page cache dropped
Fatal: Could not create the account: account already exists
[2026-06-02 04:16:09]   [geth] Starting (ubt, gd=5, cold=1, dev.period=1, 1tx/block)
[2026-06-02 04:16:09]   [geth] Waiting for RPC...
[2026-06-02 04:16:13]   [geth] RPC ready after 5s
[2026-06-02 04:16:13]   [bench] Running execute remote...
[2026-06-02 04:16:23]   [bench] exit=0 passed=1 failed=0
0 missing_trie_node=0
0
[2026-06-02 04:16:23] 
[2026-06-02 04:16:23]   --- storage_sstore_k700_run2 (ubt) write-offset=30200000000 K=700 ---
[2026-06-02 04:16:23]   [geth] Stopping (SIGTERM, waiting up to 120s for clean exit): 1240159
[2026-06-02 04:16:26]   [geth] exited cleanly after 3s
[2026-06-02 04:16:26]   [cache] OS page cache dropped
Fatal: Could not create the account: account already exists
[2026-06-02 04:16:26]   [geth] Starting (ubt, gd=5, cold=1, dev.period=1, 1tx/block)
[2026-06-02 04:16:26]   [geth] Waiting for RPC...
[2026-06-02 04:16:31]   [geth] RPC ready after 6s
[2026-06-02 04:16:31]   [bench] Running execute remote...
[2026-06-02 04:16:41]   [bench] exit=0 passed=1 failed=0
0 missing_trie_node=0
0
[2026-06-02 04:16:41] 
[2026-06-02 04:16:41]   --- storage_sstore_k700_run3 (ubt) write-offset=30300000000 K=700 ---
[2026-06-02 04:16:41]   [geth] Stopping (SIGTERM, waiting up to 120s for clean exit): 1240246
[2026-06-02 04:16:44]   [geth] exited cleanly after 3s
[2026-06-02 04:16:44]   [cache] OS page cache dropped
Fatal: Could not create the account: account already exists
[2026-06-02 04:16:44]   [geth] Starting (ubt, gd=5, cold=1, dev.period=1, 1tx/block)
[2026-06-02 04:16:44]   [geth] Waiting for RPC...
[2026-06-02 04:16:48]   [geth] RPC ready after 5s
[2026-06-02 04:16:48]   [bench] Running execute remote...
[2026-06-02 04:16:58]   [bench] exit=0 passed=1 failed=0
0 missing_trie_node=0
0
[2026-06-02 04:16:58] 
[2026-06-02 04:16:58]   --- storage_sstore_k700_run4 (ubt) write-offset=30400000000 K=700 ---
[2026-06-02 04:16:58]   [geth] Stopping (SIGTERM, waiting up to 120s for clean exit): 1240334
[2026-06-02 04:17:01]   [geth] exited cleanly after 3s
[2026-06-02 04:17:01]   [cache] OS page cache dropped
Fatal: Could not create the account: account already exists
[2026-06-02 04:17:01]   [geth] Starting (ubt, gd=5, cold=1, dev.period=1, 1tx/block)
[2026-06-02 04:17:01]   [geth] Waiting for RPC...
[2026-06-02 04:17:05]   [geth] RPC ready after 5s
[2026-06-02 04:17:05]   [bench] Running execute remote...
[2026-06-02 04:17:15]   [bench] exit=0 passed=1 failed=0
0 missing_trie_node=0
0
[2026-06-02 04:17:15] 
[2026-06-02 04:17:15]   --- storage_sstore_k700_run5 (ubt) write-offset=30500000000 K=700 ---
[2026-06-02 04:17:15]   [geth] Stopping (SIGTERM, waiting up to 120s for clean exit): 1240426
[2026-06-02 04:17:18]   [geth] exited cleanly after 3s
[2026-06-02 04:17:18]   [cache] OS page cache dropped
Fatal: Could not create the account: account already exists
[2026-06-02 04:17:18]   [geth] Starting (ubt, gd=5, cold=1, dev.period=1, 1tx/block)
[2026-06-02 04:17:18]   [geth] Waiting for RPC...
[2026-06-02 04:17:23]   [geth] RPC ready after 6s
[2026-06-02 04:17:23]   [bench] Running execute remote...
[2026-06-02 04:17:32]   [bench] exit=0 passed=1 failed=0
0 missing_trie_node=0
0
[2026-06-02 04:17:32] 
[2026-06-02 04:17:32]   --- storage_sstore_k700_run6 (ubt) write-offset=30600000000 K=700 ---
[2026-06-02 04:17:32]   [geth] Stopping (SIGTERM, waiting up to 120s for clean exit): 1240514
[2026-06-02 04:17:35]   [geth] exited cleanly after 3s
[2026-06-02 04:17:36]   [cache] OS page cache dropped
Fatal: Could not create the account: account already exists
[2026-06-02 04:17:36]   [geth] Starting (ubt, gd=5, cold=1, dev.period=1, 1tx/block)
[2026-06-02 04:17:36]   [geth] Waiting for RPC...
[2026-06-02 04:17:41]   [geth] RPC ready after 6s
[2026-06-02 04:17:41]   [bench] Running execute remote...
[2026-06-02 04:17:50]   [bench] exit=0 passed=1 failed=0
0 missing_trie_node=0
0
[2026-06-02 04:17:50] 
[2026-06-02 04:17:50]   --- storage_sstore_k700_run7 (ubt) write-offset=30700000000 K=700 ---
[2026-06-02 04:17:50]   [geth] Stopping (SIGTERM, waiting up to 120s for clean exit): 1240604
[2026-06-02 04:17:53]   [geth] exited cleanly after 3s
[2026-06-02 04:17:53]   [cache] OS page cache dropped
Fatal: Could not create the account: account already exists
[2026-06-02 04:17:53]   [geth] Starting (ubt, gd=5, cold=1, dev.period=1, 1tx/block)
[2026-06-02 04:17:53]   [geth] Waiting for RPC...
[2026-06-02 04:17:59]   [geth] RPC ready after 6s
[2026-06-02 04:17:59]   [bench] Running execute remote...
[2026-06-02 04:18:08]   [bench] exit=0 passed=1 failed=0
0 missing_trie_node=0
0
[2026-06-02 04:18:08] 
[2026-06-02 04:18:08]   --- storage_sstore_k700_run8 (ubt) write-offset=30800000000 K=700 ---
[2026-06-02 04:18:08]   [geth] Stopping (SIGTERM, waiting up to 120s for clean exit): 1240689
[2026-06-02 04:18:11]   [geth] exited cleanly after 3s
[2026-06-02 04:18:11]   [cache] OS page cache dropped
Fatal: Could not create the account: account already exists
[2026-06-02 04:18:11]   [geth] Starting (ubt, gd=5, cold=1, dev.period=1, 1tx/block)
[2026-06-02 04:18:11]   [geth] Waiting for RPC...
[2026-06-02 04:18:17]   [geth] RPC ready after 6s
[2026-06-02 04:18:17]   [bench] Running execute remote...
[2026-06-02 04:18:26]   [bench] exit=0 passed=1 failed=0
0 missing_trie_node=0
0
[2026-06-02 04:18:26] 
[2026-06-02 04:18:26]   --- storage_sstore_k700_run9 (ubt) write-offset=30900000000 K=700 ---
[2026-06-02 04:18:26]   [geth] Stopping (SIGTERM, waiting up to 120s for clean exit): 1240776
[2026-06-02 04:18:29]   [geth] exited cleanly after 3s
[2026-06-02 04:18:29]   [cache] OS page cache dropped
Fatal: Could not create the account: account already exists
[2026-06-02 04:18:29]   [geth] Starting (ubt, gd=5, cold=1, dev.period=1, 1tx/block)
[2026-06-02 04:18:29]   [geth] Waiting for RPC...
[2026-06-02 04:18:34]   [geth] RPC ready after 6s
[2026-06-02 04:18:34]   [bench] Running execute remote...
[2026-06-02 04:18:44]   [bench] exit=0 passed=1 failed=0
0 missing_trie_node=0
0
[2026-06-02 04:18:44] 
[2026-06-02 04:18:44]   --- storage_sstore_k700_run10 (ubt) write-offset=31000000000 K=700 ---
[2026-06-02 04:18:44]   [geth] Stopping (SIGTERM, waiting up to 120s for clean exit): 1240867
[2026-06-02 04:18:47]   [geth] exited cleanly after 3s
[2026-06-02 04:18:47]   [cache] OS page cache dropped
Fatal: Could not create the account: account already exists
[2026-06-02 04:18:47]   [geth] Starting (ubt, gd=5, cold=1, dev.period=1, 1tx/block)
[2026-06-02 04:18:47]   [geth] Waiting for RPC...
[2026-06-02 04:18:52]   [geth] RPC ready after 6s
[2026-06-02 04:18:52]   [bench] Running execute remote...
[2026-06-02 04:19:02]   [bench] exit=0 passed=1 failed=0
0 missing_trie_node=0
0
[2026-06-02 04:19:02] 
[2026-06-02 04:19:02]   --- storage_sstore_k700_run11 (ubt) write-offset=31100000000 K=700 ---
[2026-06-02 04:19:02]   [geth] Stopping (SIGTERM, waiting up to 120s for clean exit): 1240957
[2026-06-02 04:19:05]   [geth] exited cleanly after 3s
[2026-06-02 04:19:05]   [cache] OS page cache dropped
Fatal: Could not create the account: account already exists
[2026-06-02 04:19:05]   [geth] Starting (ubt, gd=5, cold=1, dev.period=1, 1tx/block)
[2026-06-02 04:19:05]   [geth] Waiting for RPC...
[2026-06-02 04:19:10]   [geth] RPC ready after 6s
[2026-06-02 04:19:10]   [bench] Running execute remote...
[2026-06-02 04:19:19]   [bench] exit=0 passed=1 failed=0
0 missing_trie_node=0
0
[2026-06-02 04:19:19] 
[2026-06-02 04:19:19]   --- storage_sstore_k700_run12 (ubt) write-offset=31200000000 K=700 ---
[2026-06-02 04:19:20]   [geth] Stopping (SIGTERM, waiting up to 120s for clean exit): 1241051
[2026-06-02 04:19:23]   [geth] exited cleanly after 3s
[2026-06-02 04:19:23]   [cache] OS page cache dropped
Fatal: Could not create the account: account already exists
[2026-06-02 04:19:23]   [geth] Starting (ubt, gd=5, cold=1, dev.period=1, 1tx/block)
[2026-06-02 04:19:23]   [geth] Waiting for RPC...
[2026-06-02 04:19:28]   [geth] RPC ready after 6s
[2026-06-02 04:19:28]   [bench] Running execute remote...
[2026-06-02 04:19:37]   [bench] exit=0 passed=1 failed=0
0 missing_trie_node=0
0
[2026-06-02 04:19:37] 
[2026-06-02 04:19:37]   --- storage_sstore_k700_run13 (ubt) write-offset=31300000000 K=700 ---
[2026-06-02 04:19:37]   [geth] Stopping (SIGTERM, waiting up to 120s for clean exit): 1241151
[2026-06-02 04:19:40]   [geth] exited cleanly after 3s
[2026-06-02 04:19:41]   [cache] OS page cache dropped
Fatal: Could not create the account: account already exists
[2026-06-02 04:19:41]   [geth] Starting (ubt, gd=5, cold=1, dev.period=1, 1tx/block)
[2026-06-02 04:19:41]   [geth] Waiting for RPC...
[2026-06-02 04:19:46]   [geth] RPC ready after 6s
[2026-06-02 04:19:46]   [bench] Running execute remote...
[2026-06-02 04:19:55]   [bench] exit=0 passed=1 failed=0
0 missing_trie_node=0
0
[2026-06-02 04:19:55] 
[2026-06-02 04:19:55]   --- storage_sstore_k700_run14 (ubt) write-offset=31400000000 K=700 ---
[2026-06-02 04:19:55]   [geth] Stopping (SIGTERM, waiting up to 120s for clean exit): 1241245
[2026-06-02 04:19:58]   [geth] exited cleanly after 3s
[2026-06-02 04:19:59]   [cache] OS page cache dropped
Fatal: Could not create the account: account already exists
[2026-06-02 04:19:59]   [geth] Starting (ubt, gd=5, cold=1, dev.period=1, 1tx/block)
[2026-06-02 04:19:59]   [geth] Waiting for RPC...
[2026-06-02 04:20:04]   [geth] RPC ready after 6s
[2026-06-02 04:20:04]   [bench] Running execute remote...
[2026-06-02 04:20:13]   [bench] exit=0 passed=1 failed=0
0 missing_trie_node=0
0
[2026-06-02 04:20:13] 
[2026-06-02 04:20:13]   --- storage_sstore_k700_run15 (ubt) write-offset=31500000000 K=700 ---
[2026-06-02 04:20:13]   [geth] Stopping (SIGTERM, waiting up to 120s for clean exit): 1241340
[2026-06-02 04:20:16]   [geth] exited cleanly after 3s
[2026-06-02 04:20:16]   [cache] OS page cache dropped
Fatal: Could not create the account: account already exists
[2026-06-02 04:20:17]   [geth] Starting (ubt, gd=5, cold=1, dev.period=1, 1tx/block)
[2026-06-02 04:20:17]   [geth] Waiting for RPC...
[2026-06-02 04:20:22]   [geth] RPC ready after 6s
[2026-06-02 04:20:22]   [bench] Running execute remote...
[2026-06-02 04:20:31]   [bench] exit=0 passed=1 failed=0
0 missing_trie_node=0
0
[2026-06-02 04:20:31] 
[2026-06-02 04:20:31]   --- storage_sstore_k700_run16 (ubt) write-offset=31600000000 K=700 ---
[2026-06-02 04:20:31]   [geth] Stopping (SIGTERM, waiting up to 120s for clean exit): 1241483
[2026-06-02 04:20:34]   [geth] exited cleanly after 3s
[2026-06-02 04:20:34]   [cache] OS page cache dropped
Fatal: Could not create the account: account already exists
[2026-06-02 04:20:34]   [geth] Starting (ubt, gd=5, cold=1, dev.period=1, 1tx/block)
[2026-06-02 04:20:34]   [geth] Waiting for RPC...
[2026-06-02 04:20:39]   [geth] RPC ready after 6s
[2026-06-02 04:20:39]   [bench] Running execute remote...
[2026-06-02 04:20:49]   [bench] exit=0 passed=1 failed=0
0 missing_trie_node=0
0
[2026-06-02 04:20:49] 
[2026-06-02 04:20:49]   --- storage_sstore_k700_run17 (ubt) write-offset=31700000000 K=700 ---
[2026-06-02 04:20:49]   [geth] Stopping (SIGTERM, waiting up to 120s for clean exit): 1241573
[2026-06-02 04:20:52]   [geth] exited cleanly after 3s
[2026-06-02 04:20:52]   [cache] OS page cache dropped
Fatal: Could not create the account: account already exists
[2026-06-02 04:20:52]   [geth] Starting (ubt, gd=5, cold=1, dev.period=1, 1tx/block)
[2026-06-02 04:20:52]   [geth] Waiting for RPC...
[2026-06-02 04:20:57]   [geth] RPC ready after 6s
[2026-06-02 04:20:57]   [bench] Running execute remote...
[2026-06-02 04:21:07]   [bench] exit=0 passed=1 failed=0
0 missing_trie_node=0
0
[2026-06-02 04:21:07] 
[2026-06-02 04:21:07]   --- storage_sstore_k700_run18 (ubt) write-offset=31800000000 K=700 ---
[2026-06-02 04:21:07]   [geth] Stopping (SIGTERM, waiting up to 120s for clean exit): 1241662
[2026-06-02 04:21:10]   [geth] exited cleanly after 3s
[2026-06-02 04:21:10]   [cache] OS page cache dropped
Fatal: Could not create the account: account already exists
[2026-06-02 04:21:10]   [geth] Starting (ubt, gd=5, cold=1, dev.period=1, 1tx/block)
[2026-06-02 04:21:10]   [geth] Waiting for RPC...
[2026-06-02 04:21:15]   [geth] RPC ready after 6s
[2026-06-02 04:21:15]   [bench] Running execute remote...
[2026-06-02 04:21:25]   [bench] exit=0 passed=1 failed=0
0 missing_trie_node=0
0
[2026-06-02 04:21:25] 
[2026-06-02 04:21:25]   --- storage_sstore_k700_run19 (ubt) write-offset=31900000000 K=700 ---
[2026-06-02 04:21:25]   [geth] Stopping (SIGTERM, waiting up to 120s for clean exit): 1241803
[2026-06-02 04:21:29]   [geth] exited cleanly after 4s
[2026-06-02 04:21:29]   [cache] OS page cache dropped
Fatal: Could not create the account: account already exists
[2026-06-02 04:21:29]   [geth] Starting (ubt, gd=5, cold=1, dev.period=1, 1tx/block)
[2026-06-02 04:21:29]   [geth] Waiting for RPC...
[2026-06-02 04:21:34]   [geth] RPC ready after 6s
[2026-06-02 04:21:34]   [bench] Running execute remote...
[2026-06-02 04:21:43]   [bench] exit=0 passed=1 failed=0
0 missing_trie_node=0
0
[2026-06-02 04:21:43] 
[2026-06-02 04:21:43]   --- storage_sstore_k700_run20 (ubt) write-offset=32000000000 K=700 ---
[2026-06-02 04:21:43]   [geth] Stopping (SIGTERM, waiting up to 120s for clean exit): 1241893
[2026-06-02 04:21:46]   [geth] exited cleanly after 3s
[2026-06-02 04:21:47]   [cache] OS page cache dropped
Fatal: Could not create the account: account already exists
[2026-06-02 04:21:47]   [geth] Starting (ubt, gd=5, cold=1, dev.period=1, 1tx/block)
[2026-06-02 04:21:47]   [geth] Waiting for RPC...
[2026-06-02 04:21:52]   [geth] RPC ready after 6s
[2026-06-02 04:21:52]   [bench] Running execute remote...
[2026-06-02 04:22:01]   [bench] exit=0 passed=1 failed=0
0 missing_trie_node=0
0
[2026-06-02 04:22:01] 
[2026-06-02 04:22:01]   ── BENCHMARK: storage_mixed_k1 (pool=700 contracts; effective K=1)
[2026-06-02 04:22:01] 
[2026-06-02 04:22:01]   --- storage_mixed_k1_run1 (ubt) write-offset=30100000000 K=1 ---
[2026-06-02 04:22:01]   [geth] Stopping (SIGTERM, waiting up to 120s for clean exit): 1241979
[2026-06-02 04:22:04]   [geth] exited cleanly after 3s
[2026-06-02 04:22:05]   [cache] OS page cache dropped
Fatal: Could not create the account: account already exists
[2026-06-02 04:22:05]   [geth] Starting (ubt, gd=5, cold=1, dev.period=1, 1tx/block)
[2026-06-02 04:22:05]   [geth] Waiting for RPC...
[2026-06-02 04:22:10]   [geth] RPC ready after 6s
[2026-06-02 04:22:10]   [bench] Running execute remote...
[2026-06-02 04:22:18]   [bench] exit=0 passed=1 failed=0
0 missing_trie_node=0
0
[2026-06-02 04:22:18] 
[2026-06-02 04:22:18]   --- storage_mixed_k1_run2 (ubt) write-offset=30200000000 K=1 ---
[2026-06-02 04:22:18]   [geth] Stopping (SIGTERM, waiting up to 120s for clean exit): 1242091
[2026-06-02 04:22:22]   [geth] exited cleanly after 4s
[2026-06-02 04:22:22]   [cache] OS page cache dropped
Fatal: Could not create the account: account already exists
[2026-06-02 04:22:22]   [geth] Starting (ubt, gd=5, cold=1, dev.period=1, 1tx/block)
[2026-06-02 04:22:22]   [geth] Waiting for RPC...
[2026-06-02 04:22:28]   [geth] RPC ready after 6s
[2026-06-02 04:22:28]   [bench] Running execute remote...
[2026-06-02 04:22:36]   [bench] exit=0 passed=1 failed=0
0 missing_trie_node=0
0
[2026-06-02 04:22:36] 
[2026-06-02 04:22:36]   --- storage_mixed_k1_run3 (ubt) write-offset=30300000000 K=1 ---
[2026-06-02 04:22:36]   [geth] Stopping (SIGTERM, waiting up to 120s for clean exit): 1242182
[2026-06-02 04:22:39]   [geth] exited cleanly after 3s
[2026-06-02 04:22:39]   [cache] OS page cache dropped
Fatal: Could not create the account: account already exists
[2026-06-02 04:22:39]   [geth] Starting (ubt, gd=5, cold=1, dev.period=1, 1tx/block)
[2026-06-02 04:22:39]   [geth] Waiting for RPC...
[2026-06-02 04:22:44]   [geth] RPC ready after 6s
[2026-06-02 04:22:44]   [bench] Running execute remote...
[2026-06-02 04:22:53]   [bench] exit=0 passed=1 failed=0
0 missing_trie_node=0
0
[2026-06-02 04:22:53] 
[2026-06-02 04:22:53]   --- storage_mixed_k1_run4 (ubt) write-offset=30400000000 K=1 ---
[2026-06-02 04:22:53]   [geth] Stopping (SIGTERM, waiting up to 120s for clean exit): 1242276
[2026-06-02 04:22:57]   [geth] exited cleanly after 4s
[2026-06-02 04:22:57]   [cache] OS page cache dropped
Fatal: Could not create the account: account already exists
[2026-06-02 04:22:57]   [geth] Starting (ubt, gd=5, cold=1, dev.period=1, 1tx/block)
[2026-06-02 04:22:57]   [geth] Waiting for RPC...
[2026-06-02 04:23:02]   [geth] RPC ready after 6s
[2026-06-02 04:23:02]   [bench] Running execute remote...
[2026-06-02 04:23:11]   [bench] exit=0 passed=1 failed=0
0 missing_trie_node=0
0
[2026-06-02 04:23:11] 
[2026-06-02 04:23:11]   --- storage_mixed_k1_run5 (ubt) write-offset=30500000000 K=1 ---
[2026-06-02 04:23:11]   [geth] Stopping (SIGTERM, waiting up to 120s for clean exit): 1242364
[2026-06-02 04:23:14]   [geth] exited cleanly after 3s
[2026-06-02 04:23:14]   [cache] OS page cache dropped
Fatal: Could not create the account: account already exists
[2026-06-02 04:23:14]   [geth] Starting (ubt, gd=5, cold=1, dev.period=1, 1tx/block)
[2026-06-02 04:23:14]   [geth] Waiting for RPC...
[2026-06-02 04:23:19]   [geth] RPC ready after 6s
[2026-06-02 04:23:19]   [bench] Running execute remote...
[2026-06-02 04:23:28]   [bench] exit=0 passed=1 failed=0
0 missing_trie_node=0
0
[2026-06-02 04:23:28] 
[2026-06-02 04:23:28]   --- storage_mixed_k1_run6 (ubt) write-offset=30600000000 K=1 ---
[2026-06-02 04:23:28]   [geth] Stopping (SIGTERM, waiting up to 120s for clean exit): 1242449
[2026-06-02 04:23:31]   [geth] exited cleanly after 3s
[2026-06-02 04:23:31]   [cache] OS page cache dropped
Fatal: Could not create the account: account already exists
[2026-06-02 04:23:31]   [geth] Starting (ubt, gd=5, cold=1, dev.period=1, 1tx/block)
[2026-06-02 04:23:31]   [geth] Waiting for RPC...
[2026-06-02 04:23:36]   [geth] RPC ready after 6s
[2026-06-02 04:23:36]   [bench] Running execute remote...
[2026-06-02 04:23:45]   [bench] exit=0 passed=1 failed=0
0 missing_trie_node=0
0
[2026-06-02 04:23:45] 
[2026-06-02 04:23:45]   --- storage_mixed_k1_run7 (ubt) write-offset=30700000000 K=1 ---
[2026-06-02 04:23:45]   [geth] Stopping (SIGTERM, waiting up to 120s for clean exit): 1242539
[2026-06-02 04:23:48]   [geth] exited cleanly after 3s
[2026-06-02 04:23:48]   [cache] OS page cache dropped
Fatal: Could not create the account: account already exists
[2026-06-02 04:23:48]   [geth] Starting (ubt, gd=5, cold=1, dev.period=1, 1tx/block)
[2026-06-02 04:23:48]   [geth] Waiting for RPC...
[2026-06-02 04:23:53]   [geth] RPC ready after 6s
[2026-06-02 04:23:53]   [bench] Running execute remote...
[2026-06-02 04:24:01]   [bench] exit=0 passed=1 failed=0
0 missing_trie_node=0
0
[2026-06-02 04:24:01] 
[2026-06-02 04:24:01]   --- storage_mixed_k1_run8 (ubt) write-offset=30800000000 K=1 ---
[2026-06-02 04:24:01]   [geth] Stopping (SIGTERM, waiting up to 120s for clean exit): 1242628
[2026-06-02 04:24:04]   [geth] exited cleanly after 3s
[2026-06-02 04:24:05]   [cache] OS page cache dropped
Fatal: Could not create the account: account already exists
[2026-06-02 04:24:05]   [geth] Starting (ubt, gd=5, cold=1, dev.period=1, 1tx/block)
[2026-06-02 04:24:05]   [geth] Waiting for RPC...
[2026-06-02 04:24:10]   [geth] RPC ready after 6s
[2026-06-02 04:24:10]   [bench] Running execute remote...
[2026-06-02 04:24:18]   [bench] exit=0 passed=1 failed=0
0 missing_trie_node=0
0
[2026-06-02 04:24:18] 
[2026-06-02 04:24:18]   --- storage_mixed_k1_run9 (ubt) write-offset=30900000000 K=1 ---
[2026-06-02 04:24:18]   [geth] Stopping (SIGTERM, waiting up to 120s for clean exit): 1242716
[2026-06-02 04:24:21]   [geth] exited cleanly after 3s
[2026-06-02 04:24:22]   [cache] OS page cache dropped
Fatal: Could not create the account: account already exists
[2026-06-02 04:24:22]   [geth] Starting (ubt, gd=5, cold=1, dev.period=1, 1tx/block)
[2026-06-02 04:24:22]   [geth] Waiting for RPC...
[2026-06-02 04:24:27]   [geth] RPC ready after 6s
[2026-06-02 04:24:27]   [bench] Running execute remote...
[2026-06-02 04:24:35]   [bench] exit=0 passed=1 failed=0
0 missing_trie_node=0
0
[2026-06-02 04:24:35] 
[2026-06-02 04:24:35]   --- storage_mixed_k1_run10 (ubt) write-offset=31000000000 K=1 ---
[2026-06-02 04:24:35]   [geth] Stopping (SIGTERM, waiting up to 120s for clean exit): 1242802
[2026-06-02 04:24:38]   [geth] exited cleanly after 3s
[2026-06-02 04:24:39]   [cache] OS page cache dropped
Fatal: Could not create the account: account already exists
[2026-06-02 04:24:39]   [geth] Starting (ubt, gd=5, cold=1, dev.period=1, 1tx/block)
[2026-06-02 04:24:39]   [geth] Waiting for RPC...
[2026-06-02 04:24:44]   [geth] RPC ready after 6s
[2026-06-02 04:24:44]   [bench] Running execute remote...
[2026-06-02 04:24:52]   [bench] exit=0 passed=1 failed=0
0 missing_trie_node=0
0
[2026-06-02 04:24:52] 
[2026-06-02 04:24:52]   --- storage_mixed_k1_run11 (ubt) write-offset=31100000000 K=1 ---
[2026-06-02 04:24:52]   [geth] Stopping (SIGTERM, waiting up to 120s for clean exit): 1242891
[2026-06-02 04:24:55]   [geth] exited cleanly after 3s
[2026-06-02 04:24:55]   [cache] OS page cache dropped
Fatal: Could not create the account: account already exists
[2026-06-02 04:24:55]   [geth] Starting (ubt, gd=5, cold=1, dev.period=1, 1tx/block)
[2026-06-02 04:24:55]   [geth] Waiting for RPC...
[2026-06-02 04:25:01]   [geth] RPC ready after 6s
[2026-06-02 04:25:01]   [bench] Running execute remote...
[2026-06-02 04:25:09]   [bench] exit=0 passed=1 failed=0
0 missing_trie_node=0
0
[2026-06-02 04:25:09] 
[2026-06-02 04:25:09]   --- storage_mixed_k1_run12 (ubt) write-offset=31200000000 K=1 ---
[2026-06-02 04:25:09]   [geth] Stopping (SIGTERM, waiting up to 120s for clean exit): 1242996
[2026-06-02 04:25:12]   [geth] exited cleanly after 3s
[2026-06-02 04:25:12]   [cache] OS page cache dropped
Fatal: Could not create the account: account already exists
[2026-06-02 04:25:12]   [geth] Starting (ubt, gd=5, cold=1, dev.period=1, 1tx/block)
[2026-06-02 04:25:12]   [geth] Waiting for RPC...
[2026-06-02 04:25:17]   [geth] RPC ready after 6s
[2026-06-02 04:25:17]   [bench] Running execute remote...
[2026-06-02 04:25:26]   [bench] exit=0 passed=1 failed=0
0 missing_trie_node=0
0
[2026-06-02 04:25:26] 
[2026-06-02 04:25:26]   --- storage_mixed_k1_run13 (ubt) write-offset=31300000000 K=1 ---
[2026-06-02 04:25:26]   [geth] Stopping (SIGTERM, waiting up to 120s for clean exit): 1243083
[2026-06-02 04:25:29]   [geth] exited cleanly after 3s
[2026-06-02 04:25:29]   [cache] OS page cache dropped
Fatal: Could not create the account: account already exists
[2026-06-02 04:25:29]   [geth] Starting (ubt, gd=5, cold=1, dev.period=1, 1tx/block)
[2026-06-02 04:25:29]   [geth] Waiting for RPC...
[2026-06-02 04:25:34]   [geth] RPC ready after 6s
[2026-06-02 04:25:34]   [bench] Running execute remote...
[2026-06-02 04:25:43]   [bench] exit=0 passed=1 failed=0
0 missing_trie_node=0
0
[2026-06-02 04:25:43] 
[2026-06-02 04:25:43]   --- storage_mixed_k1_run14 (ubt) write-offset=31400000000 K=1 ---
[2026-06-02 04:25:43]   [geth] Stopping (SIGTERM, waiting up to 120s for clean exit): 1243175
[2026-06-02 04:25:46]   [geth] exited cleanly after 3s
[2026-06-02 04:25:46]   [cache] OS page cache dropped
Fatal: Could not create the account: account already exists
[2026-06-02 04:25:46]   [geth] Starting (ubt, gd=5, cold=1, dev.period=1, 1tx/block)
[2026-06-02 04:25:46]   [geth] Waiting for RPC...
[2026-06-02 04:25:51]   [geth] RPC ready after 6s
[2026-06-02 04:25:51]   [bench] Running execute remote...
[2026-06-02 04:26:00]   [bench] exit=0 passed=1 failed=0
0 missing_trie_node=0
0
[2026-06-02 04:26:00] 
[2026-06-02 04:26:00]   --- storage_mixed_k1_run15 (ubt) write-offset=31500000000 K=1 ---
[2026-06-02 04:26:00]   [geth] Stopping (SIGTERM, waiting up to 120s for clean exit): 1243262
[2026-06-02 04:26:03]   [geth] exited cleanly after 3s
[2026-06-02 04:26:03]   [cache] OS page cache dropped
Fatal: Could not create the account: account already exists
[2026-06-02 04:26:03]   [geth] Starting (ubt, gd=5, cold=1, dev.period=1, 1tx/block)
[2026-06-02 04:26:03]   [geth] Waiting for RPC...
[2026-06-02 04:26:08]   [geth] RPC ready after 6s
[2026-06-02 04:26:08]   [bench] Running execute remote...
[2026-06-02 04:26:16]   [bench] exit=0 passed=1 failed=0
0 missing_trie_node=0
0
[2026-06-02 04:26:16] 
[2026-06-02 04:26:16]   --- storage_mixed_k1_run16 (ubt) write-offset=31600000000 K=1 ---
[2026-06-02 04:26:17]   [geth] Stopping (SIGTERM, waiting up to 120s for clean exit): 1243347
[2026-06-02 04:26:20]   [geth] exited cleanly after 3s
[2026-06-02 04:26:20]   [cache] OS page cache dropped
Fatal: Could not create the account: account already exists
[2026-06-02 04:26:20]   [geth] Starting (ubt, gd=5, cold=1, dev.period=1, 1tx/block)
[2026-06-02 04:26:20]   [geth] Waiting for RPC...
[2026-06-02 04:26:25]   [geth] RPC ready after 6s
[2026-06-02 04:26:25]   [bench] Running execute remote...
[2026-06-02 04:26:33]   [bench] exit=0 passed=1 failed=0
0 missing_trie_node=0
0
[2026-06-02 04:26:33] 
[2026-06-02 04:26:33]   --- storage_mixed_k1_run17 (ubt) write-offset=31700000000 K=1 ---
[2026-06-02 04:26:33]   [geth] Stopping (SIGTERM, waiting up to 120s for clean exit): 1243433
[2026-06-02 04:26:36]   [geth] exited cleanly after 3s
[2026-06-02 04:26:36]   [cache] OS page cache dropped
Fatal: Could not create the account: account already exists
[2026-06-02 04:26:37]   [geth] Starting (ubt, gd=5, cold=1, dev.period=1, 1tx/block)
[2026-06-02 04:26:37]   [geth] Waiting for RPC...
[2026-06-02 04:26:42]   [geth] RPC ready after 6s
[2026-06-02 04:26:42]   [bench] Running execute remote...
[2026-06-02 04:26:50]   [bench] exit=0 passed=1 failed=0
0 missing_trie_node=0
0
[2026-06-02 04:26:50] 
[2026-06-02 04:26:50]   --- storage_mixed_k1_run18 (ubt) write-offset=31800000000 K=1 ---
[2026-06-02 04:26:50]   [geth] Stopping (SIGTERM, waiting up to 120s for clean exit): 1243520
[2026-06-02 04:26:53]   [geth] exited cleanly after 3s
[2026-06-02 04:26:53]   [cache] OS page cache dropped
Fatal: Could not create the account: account already exists
[2026-06-02 04:26:54]   [geth] Starting (ubt, gd=5, cold=1, dev.period=1, 1tx/block)
[2026-06-02 04:26:54]   [geth] Waiting for RPC...
[2026-06-02 04:26:59]   [geth] RPC ready after 6s
[2026-06-02 04:26:59]   [bench] Running execute remote...
[2026-06-02 04:27:07]   [bench] exit=0 passed=1 failed=0
0 missing_trie_node=0
0
[2026-06-02 04:27:07] 
[2026-06-02 04:27:07]   --- storage_mixed_k1_run19 (ubt) write-offset=31900000000 K=1 ---
[2026-06-02 04:27:07]   [geth] Stopping (SIGTERM, waiting up to 120s for clean exit): 1243606
[2026-06-02 04:27:10]   [geth] exited cleanly after 3s
[2026-06-02 04:27:10]   [cache] OS page cache dropped
Fatal: Could not create the account: account already exists
[2026-06-02 04:27:10]   [geth] Starting (ubt, gd=5, cold=1, dev.period=1, 1tx/block)
[2026-06-02 04:27:10]   [geth] Waiting for RPC...
[2026-06-02 04:27:16]   [geth] RPC ready after 6s
[2026-06-02 04:27:16]   [bench] Running execute remote...
[2026-06-02 04:27:24]   [bench] exit=0 passed=1 failed=0
0 missing_trie_node=0
0
[2026-06-02 04:27:24] 
[2026-06-02 04:27:24]   --- storage_mixed_k1_run20 (ubt) write-offset=32000000000 K=1 ---
[2026-06-02 04:27:24]   [geth] Stopping (SIGTERM, waiting up to 120s for clean exit): 1243694
[2026-06-02 04:27:27]   [geth] exited cleanly after 3s
[2026-06-02 04:27:27]   [cache] OS page cache dropped
Fatal: Could not create the account: account already exists
[2026-06-02 04:27:27]   [geth] Starting (ubt, gd=5, cold=1, dev.period=1, 1tx/block)
[2026-06-02 04:27:27]   [geth] Waiting for RPC...
[2026-06-02 04:27:32]   [geth] RPC ready after 6s
[2026-06-02 04:27:32]   [bench] Running execute remote...
[2026-06-02 04:27:41]   [bench] exit=0 passed=1 failed=0
0 missing_trie_node=0
0
[2026-06-02 04:27:41] 
[2026-06-02 04:27:41]   ── BENCHMARK: storage_mixed_k10 (pool=700 contracts; effective K=10)
[2026-06-02 04:27:41] 
[2026-06-02 04:27:41]   --- storage_mixed_k10_run1 (ubt) write-offset=30100000000 K=10 ---
[2026-06-02 04:27:41]   [geth] Stopping (SIGTERM, waiting up to 120s for clean exit): 1243785
[2026-06-02 04:27:44]   [geth] exited cleanly after 3s
[2026-06-02 04:27:44]   [cache] OS page cache dropped
Fatal: Could not create the account: account already exists
[2026-06-02 04:27:44]   [geth] Starting (ubt, gd=5, cold=1, dev.period=1, 1tx/block)
[2026-06-02 04:27:44]   [geth] Waiting for RPC...
[2026-06-02 04:27:49]   [geth] RPC ready after 6s
[2026-06-02 04:27:49]   [bench] Running execute remote...
[2026-06-02 04:27:58]   [bench] exit=0 passed=1 failed=0
0 missing_trie_node=0
0
[2026-06-02 04:27:58] 
[2026-06-02 04:27:58]   --- storage_mixed_k10_run2 (ubt) write-offset=30200000000 K=10 ---
[2026-06-02 04:27:58]   [geth] Stopping (SIGTERM, waiting up to 120s for clean exit): 1243895
[2026-06-02 04:28:01]   [geth] exited cleanly after 3s
[2026-06-02 04:28:01]   [cache] OS page cache dropped
Fatal: Could not create the account: account already exists
[2026-06-02 04:28:01]   [geth] Starting (ubt, gd=5, cold=1, dev.period=1, 1tx/block)
[2026-06-02 04:28:01]   [geth] Waiting for RPC...
[2026-06-02 04:28:06]   [geth] RPC ready after 6s
[2026-06-02 04:28:06]   [bench] Running execute remote...
[2026-06-02 04:28:15]   [bench] exit=0 passed=1 failed=0
0 missing_trie_node=0
0
[2026-06-02 04:28:15] 
[2026-06-02 04:28:15]   --- storage_mixed_k10_run3 (ubt) write-offset=30300000000 K=10 ---
[2026-06-02 04:28:15]   [geth] Stopping (SIGTERM, waiting up to 120s for clean exit): 1243986
[2026-06-02 04:28:18]   [geth] exited cleanly after 3s
[2026-06-02 04:28:18]   [cache] OS page cache dropped
Fatal: Could not create the account: account already exists
[2026-06-02 04:28:18]   [geth] Starting (ubt, gd=5, cold=1, dev.period=1, 1tx/block)
[2026-06-02 04:28:18]   [geth] Waiting for RPC...
[2026-06-02 04:28:23]   [geth] RPC ready after 6s
[2026-06-02 04:28:23]   [bench] Running execute remote...
[2026-06-02 04:28:31]   [bench] exit=0 passed=1 failed=0
0 missing_trie_node=0
0
[2026-06-02 04:28:31] 
[2026-06-02 04:28:31]   --- storage_mixed_k10_run4 (ubt) write-offset=30400000000 K=10 ---
[2026-06-02 04:28:31]   [geth] Stopping (SIGTERM, waiting up to 120s for clean exit): 1244075
[2026-06-02 04:28:34]   [geth] exited cleanly after 3s
[2026-06-02 04:28:35]   [cache] OS page cache dropped
Fatal: Could not create the account: account already exists
[2026-06-02 04:28:35]   [geth] Starting (ubt, gd=5, cold=1, dev.period=1, 1tx/block)
[2026-06-02 04:28:35]   [geth] Waiting for RPC...
[2026-06-02 04:28:40]   [geth] RPC ready after 6s
[2026-06-02 04:28:40]   [bench] Running execute remote...
[2026-06-02 04:28:48]   [bench] exit=0 passed=1 failed=0
0 missing_trie_node=0
0
[2026-06-02 04:28:48] 
[2026-06-02 04:28:48]   --- storage_mixed_k10_run5 (ubt) write-offset=30500000000 K=10 ---
[2026-06-02 04:28:48]   [geth] Stopping (SIGTERM, waiting up to 120s for clean exit): 1244164
[2026-06-02 04:28:51]   [geth] exited cleanly after 3s
[2026-06-02 04:28:52]   [cache] OS page cache dropped
Fatal: Could not create the account: account already exists
[2026-06-02 04:28:52]   [geth] Starting (ubt, gd=5, cold=1, dev.period=1, 1tx/block)
[2026-06-02 04:28:52]   [geth] Waiting for RPC...
[2026-06-02 04:28:57]   [geth] RPC ready after 6s
[2026-06-02 04:28:57]   [bench] Running execute remote...
[2026-06-02 04:29:05]   [bench] exit=0 passed=1 failed=0
0 missing_trie_node=0
0
[2026-06-02 04:29:05] 
[2026-06-02 04:29:05]   --- storage_mixed_k10_run6 (ubt) write-offset=30600000000 K=10 ---
[2026-06-02 04:29:05]   [geth] Stopping (SIGTERM, waiting up to 120s for clean exit): 1244250
[2026-06-02 04:29:08]   [geth] exited cleanly after 3s
[2026-06-02 04:29:08]   [cache] OS page cache dropped
Fatal: Could not create the account: account already exists
[2026-06-02 04:29:08]   [geth] Starting (ubt, gd=5, cold=1, dev.period=1, 1tx/block)
[2026-06-02 04:29:08]   [geth] Waiting for RPC...
[2026-06-02 04:29:14]   [geth] RPC ready after 6s
[2026-06-02 04:29:14]   [bench] Running execute remote...
[2026-06-02 04:29:22]   [bench] exit=0 passed=1 failed=0
0 missing_trie_node=0
0
[2026-06-02 04:29:22] 
[2026-06-02 04:29:22]   --- storage_mixed_k10_run7 (ubt) write-offset=30700000000 K=10 ---
[2026-06-02 04:29:22]   [geth] Stopping (SIGTERM, waiting up to 120s for clean exit): 1244378
[2026-06-02 04:29:25]   [geth] exited cleanly after 3s
[2026-06-02 04:29:25]   [cache] OS page cache dropped
Fatal: Could not create the account: account already exists
[2026-06-02 04:29:25]   [geth] Starting (ubt, gd=5, cold=1, dev.period=1, 1tx/block)
[2026-06-02 04:29:25]   [geth] Waiting for RPC...
[2026-06-02 04:29:30]   [geth] RPC ready after 6s
[2026-06-02 04:29:30]   [bench] Running execute remote...
[2026-06-02 04:29:39]   [bench] exit=0 passed=1 failed=0
0 missing_trie_node=0
0
[2026-06-02 04:29:39] 
[2026-06-02 04:29:39]   --- storage_mixed_k10_run8 (ubt) write-offset=30800000000 K=10 ---
[2026-06-02 04:29:39]   [geth] Stopping (SIGTERM, waiting up to 120s for clean exit): 1244465
[2026-06-02 04:29:42]   [geth] exited cleanly after 3s
[2026-06-02 04:29:42]   [cache] OS page cache dropped
Fatal: Could not create the account: account already exists
[2026-06-02 04:29:42]   [geth] Starting (ubt, gd=5, cold=1, dev.period=1, 1tx/block)
[2026-06-02 04:29:42]   [geth] Waiting for RPC...
[2026-06-02 04:29:47]   [geth] RPC ready after 6s
[2026-06-02 04:29:47]   [bench] Running execute remote...
[2026-06-02 04:29:56]   [bench] exit=0 passed=1 failed=0
0 missing_trie_node=0
0
[2026-06-02 04:29:56] 
[2026-06-02 04:29:56]   --- storage_mixed_k10_run9 (ubt) write-offset=30900000000 K=10 ---
[2026-06-02 04:29:56]   [geth] Stopping (SIGTERM, waiting up to 120s for clean exit): 1244554
[2026-06-02 04:29:59]   [geth] exited cleanly after 3s
[2026-06-02 04:29:59]   [cache] OS page cache dropped
Fatal: Could not create the account: account already exists
[2026-06-02 04:29:59]   [geth] Starting (ubt, gd=5, cold=1, dev.period=1, 1tx/block)
[2026-06-02 04:29:59]   [geth] Waiting for RPC...
[2026-06-02 04:30:03]   [geth] RPC ready after 5s
[2026-06-02 04:30:03]   [bench] Running execute remote...
[2026-06-02 04:30:12]   [bench] exit=0 passed=1 failed=0
0 missing_trie_node=0
0
[2026-06-02 04:30:12] 
[2026-06-02 04:30:12]   --- storage_mixed_k10_run10 (ubt) write-offset=31000000000 K=10 ---
[2026-06-02 04:30:12]   [geth] Stopping (SIGTERM, waiting up to 120s for clean exit): 1244641
[2026-06-02 04:30:15]   [geth] exited cleanly after 3s
[2026-06-02 04:30:15]   [cache] OS page cache dropped
Fatal: Could not create the account: account already exists
[2026-06-02 04:30:15]   [geth] Starting (ubt, gd=5, cold=1, dev.period=1, 1tx/block)
[2026-06-02 04:30:15]   [geth] Waiting for RPC...
[2026-06-02 04:30:19]   [geth] RPC ready after 5s
[2026-06-02 04:30:19]   [bench] Running execute remote...
[2026-06-02 04:30:28]   [bench] exit=0 passed=1 failed=0
0 missing_trie_node=0
0
[2026-06-02 04:30:28] 
[2026-06-02 04:30:28]   --- storage_mixed_k10_run11 (ubt) write-offset=31100000000 K=10 ---
[2026-06-02 04:30:28]   [geth] Stopping (SIGTERM, waiting up to 120s for clean exit): 1244727
[2026-06-02 04:30:31]   [geth] exited cleanly after 3s
[2026-06-02 04:30:31]   [cache] OS page cache dropped
Fatal: Could not create the account: account already exists
[2026-06-02 04:30:31]   [geth] Starting (ubt, gd=5, cold=1, dev.period=1, 1tx/block)
[2026-06-02 04:30:31]   [geth] Waiting for RPC...
[2026-06-02 04:30:36]   [geth] RPC ready after 6s
[2026-06-02 04:30:36]   [bench] Running execute remote...
[2026-06-02 04:30:44]   [bench] exit=0 passed=1 failed=0
0 missing_trie_node=0
0
[2026-06-02 04:30:44] 
[2026-06-02 04:30:44]   --- storage_mixed_k10_run12 (ubt) write-offset=31200000000 K=10 ---
[2026-06-02 04:30:44]   [geth] Stopping (SIGTERM, waiting up to 120s for clean exit): 1244820
[2026-06-02 04:30:47]   [geth] exited cleanly after 3s
[2026-06-02 04:30:47]   [cache] OS page cache dropped
Fatal: Could not create the account: account already exists
[2026-06-02 04:30:47]   [geth] Starting (ubt, gd=5, cold=1, dev.period=1, 1tx/block)
[2026-06-02 04:30:47]   [geth] Waiting for RPC...
[2026-06-02 04:30:52]   [geth] RPC ready after 6s
[2026-06-02 04:30:52]   [bench] Running execute remote...
[2026-06-02 04:31:01]   [bench] exit=0 passed=1 failed=0
0 missing_trie_node=0
0
[2026-06-02 04:31:01] 
[2026-06-02 04:31:01]   --- storage_mixed_k10_run13 (ubt) write-offset=31300000000 K=10 ---
[2026-06-02 04:31:01]   [geth] Stopping (SIGTERM, waiting up to 120s for clean exit): 1244919
[2026-06-02 04:31:04]   [geth] exited cleanly after 3s
[2026-06-02 04:31:04]   [cache] OS page cache dropped
Fatal: Could not create the account: account already exists
[2026-06-02 04:31:04]   [geth] Starting (ubt, gd=5, cold=1, dev.period=1, 1tx/block)
[2026-06-02 04:31:04]   [geth] Waiting for RPC...
[2026-06-02 04:31:08]   [geth] RPC ready after 5s
[2026-06-02 04:31:08]   [bench] Running execute remote...
[2026-06-02 04:31:16]   [bench] exit=0 passed=1 failed=0
0 missing_trie_node=0
0
[2026-06-02 04:31:16] 
[2026-06-02 04:31:16]   --- storage_mixed_k10_run14 (ubt) write-offset=31400000000 K=10 ---
[2026-06-02 04:31:16]   [geth] Stopping (SIGTERM, waiting up to 120s for clean exit): 1245004
[2026-06-02 04:31:19]   [geth] exited cleanly after 3s
[2026-06-02 04:31:19]   [cache] OS page cache dropped
Fatal: Could not create the account: account already exists
[2026-06-02 04:31:19]   [geth] Starting (ubt, gd=5, cold=1, dev.period=1, 1tx/block)
[2026-06-02 04:31:19]   [geth] Waiting for RPC...
[2026-06-02 04:31:23]   [geth] RPC ready after 5s
[2026-06-02 04:31:23]   [bench] Running execute remote...
[2026-06-02 04:31:30]   [bench] exit=0 passed=1 failed=0
0 missing_trie_node=0
0
[2026-06-02 04:31:30] 
[2026-06-02 04:31:31]   --- storage_mixed_k10_run15 (ubt) write-offset=31500000000 K=10 ---
[2026-06-02 04:31:31]   [geth] Stopping (SIGTERM, waiting up to 120s for clean exit): 1245089
[2026-06-02 04:31:34]   [geth] exited cleanly after 3s
[2026-06-02 04:31:34]   [cache] OS page cache dropped
Fatal: Could not create the account: account already exists
[2026-06-02 04:31:34]   [geth] Starting (ubt, gd=5, cold=1, dev.period=1, 1tx/block)
[2026-06-02 04:31:34]   [geth] Waiting for RPC...
[2026-06-02 04:31:38]   [geth] RPC ready after 5s
[2026-06-02 04:31:38]   [bench] Running execute remote...
[2026-06-02 04:31:45]   [bench] exit=0 passed=1 failed=0
0 missing_trie_node=0
0
[2026-06-02 04:31:45] 
[2026-06-02 04:31:45]   --- storage_mixed_k10_run16 (ubt) write-offset=31600000000 K=10 ---
[2026-06-02 04:31:45]   [geth] Stopping (SIGTERM, waiting up to 120s for clean exit): 1245177
[2026-06-02 04:31:48]   [geth] exited cleanly after 3s
[2026-06-02 04:31:49]   [cache] OS page cache dropped
Fatal: Could not create the account: account already exists
[2026-06-02 04:31:49]   [geth] Starting (ubt, gd=5, cold=1, dev.period=1, 1tx/block)
[2026-06-02 04:31:49]   [geth] Waiting for RPC...
[2026-06-02 04:31:53]   [geth] RPC ready after 5s
[2026-06-02 04:31:53]   [bench] Running execute remote...
[2026-06-02 04:32:00]   [bench] exit=0 passed=1 failed=0
0 missing_trie_node=0
0
[2026-06-02 04:32:00] 
[2026-06-02 04:32:00]   --- storage_mixed_k10_run17 (ubt) write-offset=31700000000 K=10 ---
[2026-06-02 04:32:00]   [geth] Stopping (SIGTERM, waiting up to 120s for clean exit): 1245258
[2026-06-02 04:32:03]   [geth] exited cleanly after 3s
[2026-06-02 04:32:04]   [cache] OS page cache dropped
Fatal: Could not create the account: account already exists
[2026-06-02 04:32:04]   [geth] Starting (ubt, gd=5, cold=1, dev.period=1, 1tx/block)
[2026-06-02 04:32:04]   [geth] Waiting for RPC...
[2026-06-02 04:32:08]   [geth] RPC ready after 5s
[2026-06-02 04:32:08]   [bench] Running execute remote...
[2026-06-02 04:32:16]   [bench] exit=0 passed=1 failed=0
0 missing_trie_node=0
0
[2026-06-02 04:32:16] 
[2026-06-02 04:32:16]   --- storage_mixed_k10_run18 (ubt) write-offset=31800000000 K=10 ---
[2026-06-02 04:32:16]   [geth] Stopping (SIGTERM, waiting up to 120s for clean exit): 1245342
[2026-06-02 04:32:19]   [geth] exited cleanly after 3s
[2026-06-02 04:32:19]   [cache] OS page cache dropped
Fatal: Could not create the account: account already exists
[2026-06-02 04:32:19]   [geth] Starting (ubt, gd=5, cold=1, dev.period=1, 1tx/block)
[2026-06-02 04:32:19]   [geth] Waiting for RPC...
[2026-06-02 04:32:24]   [geth] RPC ready after 5s
[2026-06-02 04:32:24]   [bench] Running execute remote...
[2026-06-02 04:32:31]   [bench] exit=0 passed=1 failed=0
0 missing_trie_node=0
0
[2026-06-02 04:32:31] 
[2026-06-02 04:32:31]   --- storage_mixed_k10_run19 (ubt) write-offset=31900000000 K=10 ---
[2026-06-02 04:32:31]   [geth] Stopping (SIGTERM, waiting up to 120s for clean exit): 1245429
[2026-06-02 04:32:34]   [geth] exited cleanly after 3s
[2026-06-02 04:32:34]   [cache] OS page cache dropped
Fatal: Could not create the account: account already exists
[2026-06-02 04:32:34]   [geth] Starting (ubt, gd=5, cold=1, dev.period=1, 1tx/block)
[2026-06-02 04:32:34]   [geth] Waiting for RPC...
[2026-06-02 04:32:38]   [geth] RPC ready after 5s
[2026-06-02 04:32:38]   [bench] Running execute remote...
[2026-06-02 04:32:46]   [bench] exit=0 passed=1 failed=0
0 missing_trie_node=0
0
[2026-06-02 04:32:46] 
[2026-06-02 04:32:46]   --- storage_mixed_k10_run20 (ubt) write-offset=32000000000 K=10 ---
[2026-06-02 04:32:46]   [geth] Stopping (SIGTERM, waiting up to 120s for clean exit): 1245514
[2026-06-02 04:32:49]   [geth] exited cleanly after 3s
[2026-06-02 04:32:49]   [cache] OS page cache dropped
Fatal: Could not create the account: account already exists
[2026-06-02 04:32:49]   [geth] Starting (ubt, gd=5, cold=1, dev.period=1, 1tx/block)
[2026-06-02 04:32:49]   [geth] Waiting for RPC...
[2026-06-02 04:32:53]   [geth] RPC ready after 5s
[2026-06-02 04:32:53]   [bench] Running execute remote...
[2026-06-02 04:33:02]   [bench] exit=0 passed=1 failed=0
0 missing_trie_node=0
0
[2026-06-02 04:33:02] 
[2026-06-02 04:33:02]   ── BENCHMARK: storage_mixed_k100 (pool=700 contracts; effective K=100)
[2026-06-02 04:33:02] 
[2026-06-02 04:33:02]   --- storage_mixed_k100_run1 (ubt) write-offset=30100000000 K=100 ---
[2026-06-02 04:33:02]   [geth] Stopping (SIGTERM, waiting up to 120s for clean exit): 1245597
[2026-06-02 04:33:05]   [geth] exited cleanly after 3s
[2026-06-02 04:33:05]   [cache] OS page cache dropped
Fatal: Could not create the account: account already exists
[2026-06-02 04:33:05]   [geth] Starting (ubt, gd=5, cold=1, dev.period=1, 1tx/block)
[2026-06-02 04:33:05]   [geth] Waiting for RPC...
[2026-06-02 04:33:09]   [geth] RPC ready after 5s
[2026-06-02 04:33:09]   [bench] Running execute remote...
[2026-06-02 04:33:18]   [bench] exit=0 passed=1 failed=0
0 missing_trie_node=0
0
[2026-06-02 04:33:18] 
[2026-06-02 04:33:18]   --- storage_mixed_k100_run2 (ubt) write-offset=30200000000 K=100 ---
[2026-06-02 04:33:18]   [geth] Stopping (SIGTERM, waiting up to 120s for clean exit): 1245704
[2026-06-02 04:33:21]   [geth] exited cleanly after 3s
[2026-06-02 04:33:21]   [cache] OS page cache dropped
Fatal: Could not create the account: account already exists
[2026-06-02 04:33:21]   [geth] Starting (ubt, gd=5, cold=1, dev.period=1, 1tx/block)
[2026-06-02 04:33:21]   [geth] Waiting for RPC...
[2026-06-02 04:33:25]   [geth] RPC ready after 5s
[2026-06-02 04:33:25]   [bench] Running execute remote...
[2026-06-02 04:33:34]   [bench] exit=0 passed=1 failed=0
0 missing_trie_node=0
0
[2026-06-02 04:33:34] 
[2026-06-02 04:33:34]   --- storage_mixed_k100_run3 (ubt) write-offset=30300000000 K=100 ---
[2026-06-02 04:33:34]   [geth] Stopping (SIGTERM, waiting up to 120s for clean exit): 1245791
[2026-06-02 04:33:37]   [geth] exited cleanly after 3s
[2026-06-02 04:33:37]   [cache] OS page cache dropped
Fatal: Could not create the account: account already exists
[2026-06-02 04:33:37]   [geth] Starting (ubt, gd=5, cold=1, dev.period=1, 1tx/block)
[2026-06-02 04:33:37]   [geth] Waiting for RPC...
[2026-06-02 04:33:41]   [geth] RPC ready after 5s
[2026-06-02 04:33:41]   [bench] Running execute remote...
[2026-06-02 04:33:50]   [bench] exit=0 passed=1 failed=0
0 missing_trie_node=0
0
[2026-06-02 04:33:50] 
[2026-06-02 04:33:50]   --- storage_mixed_k100_run4 (ubt) write-offset=30400000000 K=100 ---
[2026-06-02 04:33:50]   [geth] Stopping (SIGTERM, waiting up to 120s for clean exit): 1245877
[2026-06-02 04:33:53]   [geth] exited cleanly after 3s
[2026-06-02 04:33:53]   [cache] OS page cache dropped
Fatal: Could not create the account: account already exists
[2026-06-02 04:33:53]   [geth] Starting (ubt, gd=5, cold=1, dev.period=1, 1tx/block)
[2026-06-02 04:33:53]   [geth] Waiting for RPC...
[2026-06-02 04:33:57]   [geth] RPC ready after 5s
[2026-06-02 04:33:57]   [bench] Running execute remote...
[2026-06-02 04:34:06]   [bench] exit=0 passed=1 failed=0
0 missing_trie_node=0
0
[2026-06-02 04:34:06] 
[2026-06-02 04:34:06]   --- storage_mixed_k100_run5 (ubt) write-offset=30500000000 K=100 ---
[2026-06-02 04:34:06]   [geth] Stopping (SIGTERM, waiting up to 120s for clean exit): 1245962
[2026-06-02 04:34:09]   [geth] exited cleanly after 3s
[2026-06-02 04:34:09]   [cache] OS page cache dropped
Fatal: Could not create the account: account already exists
[2026-06-02 04:34:09]   [geth] Starting (ubt, gd=5, cold=1, dev.period=1, 1tx/block)
[2026-06-02 04:34:09]   [geth] Waiting for RPC...
[2026-06-02 04:34:13]   [geth] RPC ready after 5s
[2026-06-02 04:34:13]   [bench] Running execute remote...
[2026-06-02 04:34:22]   [bench] exit=0 passed=1 failed=0
0 missing_trie_node=0
0
[2026-06-02 04:34:22] 
[2026-06-02 04:34:22]   --- storage_mixed_k100_run6 (ubt) write-offset=30600000000 K=100 ---
[2026-06-02 04:34:22]   [geth] Stopping (SIGTERM, waiting up to 120s for clean exit): 1246045
[2026-06-02 04:34:25]   [geth] exited cleanly after 3s
[2026-06-02 04:34:25]   [cache] OS page cache dropped
Fatal: Could not create the account: account already exists
[2026-06-02 04:34:25]   [geth] Starting (ubt, gd=5, cold=1, dev.period=1, 1tx/block)
[2026-06-02 04:34:25]   [geth] Waiting for RPC...
[2026-06-02 04:34:29]   [geth] RPC ready after 5s
[2026-06-02 04:34:29]   [bench] Running execute remote...
[2026-06-02 04:34:38]   [bench] exit=0 passed=1 failed=0
0 missing_trie_node=0
0
[2026-06-02 04:34:38] 
[2026-06-02 04:34:38]   --- storage_mixed_k100_run7 (ubt) write-offset=30700000000 K=100 ---
[2026-06-02 04:34:38]   [geth] Stopping (SIGTERM, waiting up to 120s for clean exit): 1246129
[2026-06-02 04:34:41]   [geth] exited cleanly after 3s
[2026-06-02 04:34:41]   [cache] OS page cache dropped
Fatal: Could not create the account: account already exists
[2026-06-02 04:34:41]   [geth] Starting (ubt, gd=5, cold=1, dev.period=1, 1tx/block)
[2026-06-02 04:34:41]   [geth] Waiting for RPC...
[2026-06-02 04:34:45]   [geth] RPC ready after 5s
[2026-06-02 04:34:45]   [bench] Running execute remote...
[2026-06-02 04:34:54]   [bench] exit=0 passed=1 failed=0
0 missing_trie_node=0
0
[2026-06-02 04:34:54] 
[2026-06-02 04:34:54]   --- storage_mixed_k100_run8 (ubt) write-offset=30800000000 K=100 ---
[2026-06-02 04:34:54]   [geth] Stopping (SIGTERM, waiting up to 120s for clean exit): 1246216
[2026-06-02 04:34:57]   [geth] exited cleanly after 3s
[2026-06-02 04:34:57]   [cache] OS page cache dropped
Fatal: Could not create the account: account already exists
[2026-06-02 04:34:57]   [geth] Starting (ubt, gd=5, cold=1, dev.period=1, 1tx/block)
[2026-06-02 04:34:57]   [geth] Waiting for RPC...
[2026-06-02 04:35:01]   [geth] RPC ready after 5s
[2026-06-02 04:35:01]   [bench] Running execute remote...
[2026-06-02 04:35:10]   [bench] exit=0 passed=1 failed=0
0 missing_trie_node=0
0
[2026-06-02 04:35:10] 
[2026-06-02 04:35:10]   --- storage_mixed_k100_run9 (ubt) write-offset=30900000000 K=100 ---
[2026-06-02 04:35:10]   [geth] Stopping (SIGTERM, waiting up to 120s for clean exit): 1246301
[2026-06-02 04:35:13]   [geth] exited cleanly after 3s
[2026-06-02 04:35:13]   [cache] OS page cache dropped
Fatal: Could not create the account: account already exists
[2026-06-02 04:35:13]   [geth] Starting (ubt, gd=5, cold=1, dev.period=1, 1tx/block)
[2026-06-02 04:35:13]   [geth] Waiting for RPC...
[2026-06-02 04:35:17]   [geth] RPC ready after 5s
[2026-06-02 04:35:17]   [bench] Running execute remote...
[2026-06-02 04:35:26]   [bench] exit=0 passed=1 failed=0
0 missing_trie_node=0
0
[2026-06-02 04:35:26] 
[2026-06-02 04:35:26]   --- storage_mixed_k100_run10 (ubt) write-offset=31000000000 K=100 ---
[2026-06-02 04:35:26]   [geth] Stopping (SIGTERM, waiting up to 120s for clean exit): 1246385
[2026-06-02 04:35:29]   [geth] exited cleanly after 3s
[2026-06-02 04:35:29]   [cache] OS page cache dropped
Fatal: Could not create the account: account already exists
[2026-06-02 04:35:29]   [geth] Starting (ubt, gd=5, cold=1, dev.period=1, 1tx/block)
[2026-06-02 04:35:29]   [geth] Waiting for RPC...
[2026-06-02 04:35:33]   [geth] RPC ready after 5s
[2026-06-02 04:35:33]   [bench] Running execute remote...
[2026-06-02 04:35:42]   [bench] exit=0 passed=1 failed=0
0 missing_trie_node=0
0
[2026-06-02 04:35:42] 
[2026-06-02 04:35:42]   --- storage_mixed_k100_run11 (ubt) write-offset=31100000000 K=100 ---
[2026-06-02 04:35:42]   [geth] Stopping (SIGTERM, waiting up to 120s for clean exit): 1246475
[2026-06-02 04:35:45]   [geth] exited cleanly after 3s
[2026-06-02 04:35:46]   [cache] OS page cache dropped
Fatal: Could not create the account: account already exists
[2026-06-02 04:35:46]   [geth] Starting (ubt, gd=5, cold=1, dev.period=1, 1tx/block)
[2026-06-02 04:35:46]   [geth] Waiting for RPC...
[2026-06-02 04:35:50]   [geth] RPC ready after 5s
[2026-06-02 04:35:50]   [bench] Running execute remote...
[2026-06-02 04:35:58]   [bench] exit=0 passed=1 failed=0
0 missing_trie_node=0
0
[2026-06-02 04:35:58] 
[2026-06-02 04:35:58]   --- storage_mixed_k100_run12 (ubt) write-offset=31200000000 K=100 ---
[2026-06-02 04:35:58]   [geth] Stopping (SIGTERM, waiting up to 120s for clean exit): 1246557
[2026-06-02 04:36:01]   [geth] exited cleanly after 3s
[2026-06-02 04:36:02]   [cache] OS page cache dropped
Fatal: Could not create the account: account already exists
[2026-06-02 04:36:02]   [geth] Starting (ubt, gd=5, cold=1, dev.period=1, 1tx/block)
[2026-06-02 04:36:02]   [geth] Waiting for RPC...
[2026-06-02 04:36:06]   [geth] RPC ready after 5s
[2026-06-02 04:36:06]   [bench] Running execute remote...
[2026-06-02 04:36:14]   [bench] exit=0 passed=1 failed=0
0 missing_trie_node=0
0
[2026-06-02 04:36:14] 
[2026-06-02 04:36:14]   --- storage_mixed_k100_run13 (ubt) write-offset=31300000000 K=100 ---
[2026-06-02 04:36:14]   [geth] Stopping (SIGTERM, waiting up to 120s for clean exit): 1246644
[2026-06-02 04:36:17]   [geth] exited cleanly after 3s
[2026-06-02 04:36:18]   [cache] OS page cache dropped
Fatal: Could not create the account: account already exists
[2026-06-02 04:36:18]   [geth] Starting (ubt, gd=5, cold=1, dev.period=1, 1tx/block)
[2026-06-02 04:36:18]   [geth] Waiting for RPC...
[2026-06-02 04:36:22]   [geth] RPC ready after 5s
[2026-06-02 04:36:22]   [bench] Running execute remote...
[2026-06-02 04:36:31]   [bench] exit=0 passed=1 failed=0
0 missing_trie_node=0
0
[2026-06-02 04:36:31] 
[2026-06-02 04:36:31]   --- storage_mixed_k100_run14 (ubt) write-offset=31400000000 K=100 ---
[2026-06-02 04:36:31]   [geth] Stopping (SIGTERM, waiting up to 120s for clean exit): 1246729
[2026-06-02 04:36:34]   [geth] exited cleanly after 3s
[2026-06-02 04:36:34]   [cache] OS page cache dropped
Fatal: Could not create the account: account already exists
[2026-06-02 04:36:34]   [geth] Starting (ubt, gd=5, cold=1, dev.period=1, 1tx/block)
[2026-06-02 04:36:34]   [geth] Waiting for RPC...
[2026-06-02 04:36:38]   [geth] RPC ready after 5s
[2026-06-02 04:36:38]   [bench] Running execute remote...
[2026-06-02 04:36:47]   [bench] exit=0 passed=1 failed=0
0 missing_trie_node=0
0
[2026-06-02 04:36:47] 
[2026-06-02 04:36:47]   --- storage_mixed_k100_run15 (ubt) write-offset=31500000000 K=100 ---
[2026-06-02 04:36:47]   [geth] Stopping (SIGTERM, waiting up to 120s for clean exit): 1246828
[2026-06-02 04:36:50]   [geth] exited cleanly after 3s
[2026-06-02 04:36:50]   [cache] OS page cache dropped
Fatal: Could not create the account: account already exists
[2026-06-02 04:36:50]   [geth] Starting (ubt, gd=5, cold=1, dev.period=1, 1tx/block)
[2026-06-02 04:36:50]   [geth] Waiting for RPC...
[2026-06-02 04:36:54]   [geth] RPC ready after 5s
[2026-06-02 04:36:54]   [bench] Running execute remote...
[2026-06-02 04:37:03]   [bench] exit=0 passed=1 failed=0
0 missing_trie_node=0
0
[2026-06-02 04:37:03] 
[2026-06-02 04:37:03]   --- storage_mixed_k100_run16 (ubt) write-offset=31600000000 K=100 ---
[2026-06-02 04:37:03]   [geth] Stopping (SIGTERM, waiting up to 120s for clean exit): 1246916
[2026-06-02 04:37:06]   [geth] exited cleanly after 3s
[2026-06-02 04:37:06]   [cache] OS page cache dropped
Fatal: Could not create the account: account already exists
[2026-06-02 04:37:06]   [geth] Starting (ubt, gd=5, cold=1, dev.period=1, 1tx/block)
[2026-06-02 04:37:06]   [geth] Waiting for RPC...
[2026-06-02 04:37:10]   [geth] RPC ready after 5s
[2026-06-02 04:37:10]   [bench] Running execute remote...
[2026-06-02 04:37:19]   [bench] exit=0 passed=1 failed=0
0 missing_trie_node=0
0
[2026-06-02 04:37:19] 
[2026-06-02 04:37:19]   --- storage_mixed_k100_run17 (ubt) write-offset=31700000000 K=100 ---
[2026-06-02 04:37:19]   [geth] Stopping (SIGTERM, waiting up to 120s for clean exit): 1247000
[2026-06-02 04:37:22]   [geth] exited cleanly after 3s
[2026-06-02 04:37:22]   [cache] OS page cache dropped
Fatal: Could not create the account: account already exists
[2026-06-02 04:37:22]   [geth] Starting (ubt, gd=5, cold=1, dev.period=1, 1tx/block)
[2026-06-02 04:37:22]   [geth] Waiting for RPC...
[2026-06-02 04:37:26]   [geth] RPC ready after 5s
[2026-06-02 04:37:26]   [bench] Running execute remote...
[2026-06-02 04:37:35]   [bench] exit=0 passed=1 failed=0
0 missing_trie_node=0
0
[2026-06-02 04:37:35] 
[2026-06-02 04:37:35]   --- storage_mixed_k100_run18 (ubt) write-offset=31800000000 K=100 ---
[2026-06-02 04:37:35]   [geth] Stopping (SIGTERM, waiting up to 120s for clean exit): 1247084
[2026-06-02 04:37:38]   [geth] exited cleanly after 3s
[2026-06-02 04:37:38]   [cache] OS page cache dropped
Fatal: Could not create the account: account already exists
[2026-06-02 04:37:38]   [geth] Starting (ubt, gd=5, cold=1, dev.period=1, 1tx/block)
[2026-06-02 04:37:38]   [geth] Waiting for RPC...
[2026-06-02 04:37:42]   [geth] RPC ready after 5s
[2026-06-02 04:37:42]   [bench] Running execute remote...
[2026-06-02 04:37:51]   [bench] exit=0 passed=1 failed=0
0 missing_trie_node=0
0
[2026-06-02 04:37:51] 
[2026-06-02 04:37:51]   --- storage_mixed_k100_run19 (ubt) write-offset=31900000000 K=100 ---
[2026-06-02 04:37:51]   [geth] Stopping (SIGTERM, waiting up to 120s for clean exit): 1247171
[2026-06-02 04:37:54]   [geth] exited cleanly after 3s
[2026-06-02 04:37:54]   [cache] OS page cache dropped
Fatal: Could not create the account: account already exists
[2026-06-02 04:37:54]   [geth] Starting (ubt, gd=5, cold=1, dev.period=1, 1tx/block)
[2026-06-02 04:37:54]   [geth] Waiting for RPC...
[2026-06-02 04:37:58]   [geth] RPC ready after 5s
[2026-06-02 04:37:58]   [bench] Running execute remote...
[2026-06-02 04:38:07]   [bench] exit=0 passed=1 failed=0
0 missing_trie_node=0
0
[2026-06-02 04:38:07] 
[2026-06-02 04:38:07]   --- storage_mixed_k100_run20 (ubt) write-offset=32000000000 K=100 ---
[2026-06-02 04:38:07]   [geth] Stopping (SIGTERM, waiting up to 120s for clean exit): 1247257
[2026-06-02 04:38:10]   [geth] exited cleanly after 3s
[2026-06-02 04:38:10]   [cache] OS page cache dropped
Fatal: Could not create the account: account already exists
[2026-06-02 04:38:10]   [geth] Starting (ubt, gd=5, cold=1, dev.period=1, 1tx/block)
[2026-06-02 04:38:10]   [geth] Waiting for RPC...
[2026-06-02 04:38:14]   [geth] RPC ready after 5s
[2026-06-02 04:38:14]   [bench] Running execute remote...
[2026-06-02 04:38:23]   [bench] exit=0 passed=1 failed=0
0 missing_trie_node=0
0
[2026-06-02 04:38:23] 
[2026-06-02 04:38:23]   ── BENCHMARK: storage_mixed_k400 (pool=700 contracts; effective K=400)
[2026-06-02 04:38:23] 
[2026-06-02 04:38:23]   --- storage_mixed_k400_run1 (ubt) write-offset=30100000000 K=400 ---
[2026-06-02 04:38:23]   [geth] Stopping (SIGTERM, waiting up to 120s for clean exit): 1247349
[2026-06-02 04:38:26]   [geth] exited cleanly after 3s
[2026-06-02 04:38:26]   [cache] OS page cache dropped
Fatal: Could not create the account: account already exists
[2026-06-02 04:38:26]   [geth] Starting (ubt, gd=5, cold=1, dev.period=1, 1tx/block)
[2026-06-02 04:38:26]   [geth] Waiting for RPC...
[2026-06-02 04:38:30]   [geth] RPC ready after 5s
[2026-06-02 04:38:30]   [bench] Running execute remote...
[2026-06-02 04:38:39]   [bench] exit=0 passed=1 failed=0
0 missing_trie_node=0
0
[2026-06-02 04:38:39] 
[2026-06-02 04:38:39]   --- storage_mixed_k400_run2 (ubt) write-offset=30200000000 K=400 ---
[2026-06-02 04:38:39]   [geth] Stopping (SIGTERM, waiting up to 120s for clean exit): 1247493
[2026-06-02 04:38:42]   [geth] exited cleanly after 3s
[2026-06-02 04:38:42]   [cache] OS page cache dropped
Fatal: Could not create the account: account already exists
[2026-06-02 04:38:42]   [geth] Starting (ubt, gd=5, cold=1, dev.period=1, 1tx/block)
[2026-06-02 04:38:42]   [geth] Waiting for RPC...
[2026-06-02 04:38:46]   [geth] RPC ready after 5s
[2026-06-02 04:38:46]   [bench] Running execute remote...
[2026-06-02 04:38:55]   [bench] exit=0 passed=1 failed=0
0 missing_trie_node=0
0
[2026-06-02 04:38:55] 
[2026-06-02 04:38:55]   --- storage_mixed_k400_run3 (ubt) write-offset=30300000000 K=400 ---
[2026-06-02 04:38:55]   [geth] Stopping (SIGTERM, waiting up to 120s for clean exit): 1247579
[2026-06-02 04:38:58]   [geth] exited cleanly after 3s
[2026-06-02 04:38:58]   [cache] OS page cache dropped
Fatal: Could not create the account: account already exists
[2026-06-02 04:38:58]   [geth] Starting (ubt, gd=5, cold=1, dev.period=1, 1tx/block)
[2026-06-02 04:38:58]   [geth] Waiting for RPC...
[2026-06-02 04:39:02]   [geth] RPC ready after 5s
[2026-06-02 04:39:02]   [bench] Running execute remote...
[2026-06-02 04:39:11]   [bench] exit=0 passed=1 failed=0
0 missing_trie_node=0
0
[2026-06-02 04:39:11] 
[2026-06-02 04:39:11]   --- storage_mixed_k400_run4 (ubt) write-offset=30400000000 K=400 ---
[2026-06-02 04:39:11]   [geth] Stopping (SIGTERM, waiting up to 120s for clean exit): 1247664
[2026-06-02 04:39:14]   [geth] exited cleanly after 3s
[2026-06-02 04:39:14]   [cache] OS page cache dropped
Fatal: Could not create the account: account already exists
[2026-06-02 04:39:14]   [geth] Starting (ubt, gd=5, cold=1, dev.period=1, 1tx/block)
[2026-06-02 04:39:14]   [geth] Waiting for RPC...
[2026-06-02 04:39:18]   [geth] RPC ready after 5s
[2026-06-02 04:39:18]   [bench] Running execute remote...
[2026-06-02 04:39:27]   [bench] exit=0 passed=1 failed=0
0 missing_trie_node=0
0
[2026-06-02 04:39:27] 
[2026-06-02 04:39:27]   --- storage_mixed_k400_run5 (ubt) write-offset=30500000000 K=400 ---
[2026-06-02 04:39:27]   [geth] Stopping (SIGTERM, waiting up to 120s for clean exit): 1247749
[2026-06-02 04:39:30]   [geth] exited cleanly after 3s
[2026-06-02 04:39:30]   [cache] OS page cache dropped
Fatal: Could not create the account: account already exists
[2026-06-02 04:39:30]   [geth] Starting (ubt, gd=5, cold=1, dev.period=1, 1tx/block)
[2026-06-02 04:39:30]   [geth] Waiting for RPC...
[2026-06-02 04:39:34]   [geth] RPC ready after 5s
[2026-06-02 04:39:34]   [bench] Running execute remote...
[2026-06-02 04:39:43]   [bench] exit=0 passed=1 failed=0
0 missing_trie_node=0
0
[2026-06-02 04:39:43] 
[2026-06-02 04:39:43]   --- storage_mixed_k400_run6 (ubt) write-offset=30600000000 K=400 ---
[2026-06-02 04:39:43]   [geth] Stopping (SIGTERM, waiting up to 120s for clean exit): 1247833
[2026-06-02 04:39:46]   [geth] exited cleanly after 3s
[2026-06-02 04:39:46]   [cache] OS page cache dropped
Fatal: Could not create the account: account already exists
[2026-06-02 04:39:46]   [geth] Starting (ubt, gd=5, cold=1, dev.period=1, 1tx/block)
[2026-06-02 04:39:46]   [geth] Waiting for RPC...
[2026-06-02 04:39:50]   [geth] RPC ready after 5s
[2026-06-02 04:39:50]   [bench] Running execute remote...
[2026-06-02 04:39:59]   [bench] exit=0 passed=1 failed=0
0 missing_trie_node=0
0
[2026-06-02 04:39:59] 
[2026-06-02 04:39:59]   --- storage_mixed_k400_run7 (ubt) write-offset=30700000000 K=400 ---
[2026-06-02 04:39:59]   [geth] Stopping (SIGTERM, waiting up to 120s for clean exit): 1247918
[2026-06-02 04:40:02]   [geth] exited cleanly after 3s
[2026-06-02 04:40:02]   [cache] OS page cache dropped
Fatal: Could not create the account: account already exists
[2026-06-02 04:40:02]   [geth] Starting (ubt, gd=5, cold=1, dev.period=1, 1tx/block)
[2026-06-02 04:40:02]   [geth] Waiting for RPC...
[2026-06-02 04:40:06]   [geth] RPC ready after 5s
[2026-06-02 04:40:06]   [bench] Running execute remote...
[2026-06-02 04:40:15]   [bench] exit=0 passed=1 failed=0
0 missing_trie_node=0
0
[2026-06-02 04:40:15] 
[2026-06-02 04:40:15]   --- storage_mixed_k400_run8 (ubt) write-offset=30800000000 K=400 ---
[2026-06-02 04:40:15]   [geth] Stopping (SIGTERM, waiting up to 120s for clean exit): 1248003
[2026-06-02 04:40:18]   [geth] exited cleanly after 3s
[2026-06-02 04:40:18]   [cache] OS page cache dropped
Fatal: Could not create the account: account already exists
[2026-06-02 04:40:18]   [geth] Starting (ubt, gd=5, cold=1, dev.period=1, 1tx/block)
[2026-06-02 04:40:18]   [geth] Waiting for RPC...
[2026-06-02 04:40:22]   [geth] RPC ready after 5s
[2026-06-02 04:40:22]   [bench] Running execute remote...
[2026-06-02 04:40:31]   [bench] exit=0 passed=1 failed=0
0 missing_trie_node=0
0
[2026-06-02 04:40:31] 
[2026-06-02 04:40:31]   --- storage_mixed_k400_run9 (ubt) write-offset=30900000000 K=400 ---
[2026-06-02 04:40:31]   [geth] Stopping (SIGTERM, waiting up to 120s for clean exit): 1248087
[2026-06-02 04:40:34]   [geth] exited cleanly after 3s
[2026-06-02 04:40:34]   [cache] OS page cache dropped
Fatal: Could not create the account: account already exists
[2026-06-02 04:40:34]   [geth] Starting (ubt, gd=5, cold=1, dev.period=1, 1tx/block)
[2026-06-02 04:40:34]   [geth] Waiting for RPC...
[2026-06-02 04:40:38]   [geth] RPC ready after 5s
[2026-06-02 04:40:38]   [bench] Running execute remote...
[2026-06-02 04:40:47]   [bench] exit=0 passed=1 failed=0
0 missing_trie_node=0
0
[2026-06-02 04:40:47] 
[2026-06-02 04:40:47]   --- storage_mixed_k400_run10 (ubt) write-offset=31000000000 K=400 ---
[2026-06-02 04:40:47]   [geth] Stopping (SIGTERM, waiting up to 120s for clean exit): 1248179
[2026-06-02 04:40:50]   [geth] exited cleanly after 3s
[2026-06-02 04:40:50]   [cache] OS page cache dropped
Fatal: Could not create the account: account already exists
[2026-06-02 04:40:50]   [geth] Starting (ubt, gd=5, cold=1, dev.period=1, 1tx/block)
[2026-06-02 04:40:50]   [geth] Waiting for RPC...
[2026-06-02 04:40:54]   [geth] RPC ready after 5s
[2026-06-02 04:40:54]   [bench] Running execute remote...
[2026-06-02 04:41:03]   [bench] exit=0 passed=1 failed=0
0 missing_trie_node=0
0
[2026-06-02 04:41:03] 
[2026-06-02 04:41:03]   --- storage_mixed_k400_run11 (ubt) write-offset=31100000000 K=400 ---
[2026-06-02 04:41:03]   [geth] Stopping (SIGTERM, waiting up to 120s for clean exit): 1248259
[2026-06-02 04:41:06]   [geth] exited cleanly after 3s
[2026-06-02 04:41:06]   [cache] OS page cache dropped
Fatal: Could not create the account: account already exists
[2026-06-02 04:41:06]   [geth] Starting (ubt, gd=5, cold=1, dev.period=1, 1tx/block)
[2026-06-02 04:41:06]   [geth] Waiting for RPC...
[2026-06-02 04:41:10]   [geth] RPC ready after 5s
[2026-06-02 04:41:10]   [bench] Running execute remote...
[2026-06-02 04:41:19]   [bench] exit=0 passed=1 failed=0
0 missing_trie_node=0
0
[2026-06-02 04:41:19] 
[2026-06-02 04:41:19]   --- storage_mixed_k400_run12 (ubt) write-offset=31200000000 K=400 ---
[2026-06-02 04:41:19]   [geth] Stopping (SIGTERM, waiting up to 120s for clean exit): 1248346
[2026-06-02 04:41:22]   [geth] exited cleanly after 3s
[2026-06-02 04:41:22]   [cache] OS page cache dropped
Fatal: Could not create the account: account already exists
[2026-06-02 04:41:22]   [geth] Starting (ubt, gd=5, cold=1, dev.period=1, 1tx/block)
[2026-06-02 04:41:22]   [geth] Waiting for RPC...
[2026-06-02 04:41:26]   [geth] RPC ready after 5s
[2026-06-02 04:41:26]   [bench] Running execute remote...
[2026-06-02 04:41:35]   [bench] exit=0 passed=1 failed=0
0 missing_trie_node=0
0
[2026-06-02 04:41:35] 
[2026-06-02 04:41:35]   --- storage_mixed_k400_run13 (ubt) write-offset=31300000000 K=400 ---
[2026-06-02 04:41:35]   [geth] Stopping (SIGTERM, waiting up to 120s for clean exit): 1248430
[2026-06-02 04:41:38]   [geth] exited cleanly after 3s
[2026-06-02 04:41:38]   [cache] OS page cache dropped
Fatal: Could not create the account: account already exists
[2026-06-02 04:41:38]   [geth] Starting (ubt, gd=5, cold=1, dev.period=1, 1tx/block)
[2026-06-02 04:41:38]   [geth] Waiting for RPC...
[2026-06-02 04:41:42]   [geth] RPC ready after 5s
[2026-06-02 04:41:42]   [bench] Running execute remote...
[2026-06-02 04:41:50]   [bench] exit=0 passed=1 failed=0
0 missing_trie_node=0
0
[2026-06-02 04:41:50] 
[2026-06-02 04:41:50]   --- storage_mixed_k400_run14 (ubt) write-offset=31400000000 K=400 ---
[2026-06-02 04:41:50]   [geth] Stopping (SIGTERM, waiting up to 120s for clean exit): 1248516
[2026-06-02 04:41:53]   [geth] exited cleanly after 3s
[2026-06-02 04:41:53]   [cache] OS page cache dropped
Fatal: Could not create the account: account already exists
[2026-06-02 04:41:53]   [geth] Starting (ubt, gd=5, cold=1, dev.period=1, 1tx/block)
[2026-06-02 04:41:53]   [geth] Waiting for RPC...
[2026-06-02 04:41:57]   [geth] RPC ready after 5s
[2026-06-02 04:41:57]   [bench] Running execute remote...
[2026-06-02 04:42:06]   [bench] exit=0 passed=1 failed=0
0 missing_trie_node=0
0
[2026-06-02 04:42:06] 
[2026-06-02 04:42:06]   --- storage_mixed_k400_run15 (ubt) write-offset=31500000000 K=400 ---
[2026-06-02 04:42:06]   [geth] Stopping (SIGTERM, waiting up to 120s for clean exit): 1248597
[2026-06-02 04:42:09]   [geth] exited cleanly after 3s
[2026-06-02 04:42:09]   [cache] OS page cache dropped
Fatal: Could not create the account: account already exists
[2026-06-02 04:42:09]   [geth] Starting (ubt, gd=5, cold=1, dev.period=1, 1tx/block)
[2026-06-02 04:42:09]   [geth] Waiting for RPC...
[2026-06-02 04:42:13]   [geth] RPC ready after 5s
[2026-06-02 04:42:13]   [bench] Running execute remote...
[2026-06-02 04:42:22]   [bench] exit=0 passed=1 failed=0
0 missing_trie_node=0
0
[2026-06-02 04:42:22] 
[2026-06-02 04:42:22]   --- storage_mixed_k400_run16 (ubt) write-offset=31600000000 K=400 ---
[2026-06-02 04:42:22]   [geth] Stopping (SIGTERM, waiting up to 120s for clean exit): 1248698
[2026-06-02 04:42:25]   [geth] exited cleanly after 3s
[2026-06-02 04:42:25]   [cache] OS page cache dropped
Fatal: Could not create the account: account already exists
[2026-06-02 04:42:25]   [geth] Starting (ubt, gd=5, cold=1, dev.period=1, 1tx/block)
[2026-06-02 04:42:25]   [geth] Waiting for RPC...
[2026-06-02 04:42:29]   [geth] RPC ready after 5s
[2026-06-02 04:42:29]   [bench] Running execute remote...
[2026-06-02 04:42:38]   [bench] exit=0 passed=1 failed=0
0 missing_trie_node=0
0
[2026-06-02 04:42:38] 
[2026-06-02 04:42:38]   --- storage_mixed_k400_run17 (ubt) write-offset=31700000000 K=400 ---
[2026-06-02 04:42:38]   [geth] Stopping (SIGTERM, waiting up to 120s for clean exit): 1248783
[2026-06-02 04:42:41]   [geth] exited cleanly after 3s
[2026-06-02 04:42:41]   [cache] OS page cache dropped
Fatal: Could not create the account: account already exists
[2026-06-02 04:42:41]   [geth] Starting (ubt, gd=5, cold=1, dev.period=1, 1tx/block)
[2026-06-02 04:42:41]   [geth] Waiting for RPC...
[2026-06-02 04:42:45]   [geth] RPC ready after 5s
[2026-06-02 04:42:45]   [bench] Running execute remote...
[2026-06-02 04:42:54]   [bench] exit=0 passed=1 failed=0
0 missing_trie_node=0
0
[2026-06-02 04:42:54] 
[2026-06-02 04:42:54]   --- storage_mixed_k400_run18 (ubt) write-offset=31800000000 K=400 ---
[2026-06-02 04:42:54]   [geth] Stopping (SIGTERM, waiting up to 120s for clean exit): 1248868
[2026-06-02 04:42:57]   [geth] exited cleanly after 3s
[2026-06-02 04:42:57]   [cache] OS page cache dropped
Fatal: Could not create the account: account already exists
[2026-06-02 04:42:57]   [geth] Starting (ubt, gd=5, cold=1, dev.period=1, 1tx/block)
[2026-06-02 04:42:57]   [geth] Waiting for RPC...
[2026-06-02 04:43:01]   [geth] RPC ready after 5s
[2026-06-02 04:43:01]   [bench] Running execute remote...
[2026-06-02 04:43:10]   [bench] exit=0 passed=1 failed=0
0 missing_trie_node=0
0
[2026-06-02 04:43:10] 
[2026-06-02 04:43:10]   --- storage_mixed_k400_run19 (ubt) write-offset=31900000000 K=400 ---
[2026-06-02 04:43:10]   [geth] Stopping (SIGTERM, waiting up to 120s for clean exit): 1248950
[2026-06-02 04:43:13]   [geth] exited cleanly after 3s
[2026-06-02 04:43:13]   [cache] OS page cache dropped
Fatal: Could not create the account: account already exists
[2026-06-02 04:43:13]   [geth] Starting (ubt, gd=5, cold=1, dev.period=1, 1tx/block)
[2026-06-02 04:43:13]   [geth] Waiting for RPC...
[2026-06-02 04:43:17]   [geth] RPC ready after 5s
[2026-06-02 04:43:17]   [bench] Running execute remote...
[2026-06-02 04:43:26]   [bench] exit=0 passed=1 failed=0
0 missing_trie_node=0
0
[2026-06-02 04:43:26] 
[2026-06-02 04:43:26]   --- storage_mixed_k400_run20 (ubt) write-offset=32000000000 K=400 ---
[2026-06-02 04:43:26]   [geth] Stopping (SIGTERM, waiting up to 120s for clean exit): 1249036
[2026-06-02 04:43:29]   [geth] exited cleanly after 3s
[2026-06-02 04:43:29]   [cache] OS page cache dropped
Fatal: Could not create the account: account already exists
[2026-06-02 04:43:29]   [geth] Starting (ubt, gd=5, cold=1, dev.period=1, 1tx/block)
[2026-06-02 04:43:29]   [geth] Waiting for RPC...
[2026-06-02 04:43:33]   [geth] RPC ready after 5s
[2026-06-02 04:43:33]   [bench] Running execute remote...
[2026-06-02 04:43:42]   [bench] exit=0 passed=1 failed=0
0 missing_trie_node=0
0
[2026-06-02 04:43:42] 
[2026-06-02 04:43:42]   ── BENCHMARK: storage_mixed_k700 (pool=700 contracts; effective K=700)
[2026-06-02 04:43:42] 
[2026-06-02 04:43:42]   --- storage_mixed_k700_run1 (ubt) write-offset=30100000000 K=700 ---
[2026-06-02 04:43:42]   [geth] Stopping (SIGTERM, waiting up to 120s for clean exit): 1249124
[2026-06-02 04:43:45]   [geth] exited cleanly after 3s
[2026-06-02 04:43:45]   [cache] OS page cache dropped
Fatal: Could not create the account: account already exists
[2026-06-02 04:43:45]   [geth] Starting (ubt, gd=5, cold=1, dev.period=1, 1tx/block)
[2026-06-02 04:43:45]   [geth] Waiting for RPC...
[2026-06-02 04:43:49]   [geth] RPC ready after 5s
[2026-06-02 04:43:49]   [bench] Running execute remote...
[2026-06-02 04:43:58]   [bench] exit=0 passed=1 failed=0
0 missing_trie_node=0
0
[2026-06-02 04:43:58] 
[2026-06-02 04:43:58]   --- storage_mixed_k700_run2 (ubt) write-offset=30200000000 K=700 ---
[2026-06-02 04:43:58]   [geth] Stopping (SIGTERM, waiting up to 120s for clean exit): 1249233
[2026-06-02 04:44:01]   [geth] exited cleanly after 3s
[2026-06-02 04:44:01]   [cache] OS page cache dropped
Fatal: Could not create the account: account already exists
[2026-06-02 04:44:01]   [geth] Starting (ubt, gd=5, cold=1, dev.period=1, 1tx/block)
[2026-06-02 04:44:01]   [geth] Waiting for RPC...
[2026-06-02 04:44:05]   [geth] RPC ready after 5s
[2026-06-02 04:44:06]   [bench] Running execute remote...
[2026-06-02 04:44:14]   [bench] exit=0 passed=1 failed=0
0 missing_trie_node=0
0
[2026-06-02 04:44:14] 
[2026-06-02 04:44:14]   --- storage_mixed_k700_run3 (ubt) write-offset=30300000000 K=700 ---
[2026-06-02 04:44:14]   [geth] Stopping (SIGTERM, waiting up to 120s for clean exit): 1249318
[2026-06-02 04:44:17]   [geth] exited cleanly after 3s
[2026-06-02 04:44:17]   [cache] OS page cache dropped
Fatal: Could not create the account: account already exists
[2026-06-02 04:44:17]   [geth] Starting (ubt, gd=5, cold=1, dev.period=1, 1tx/block)
[2026-06-02 04:44:17]   [geth] Waiting for RPC...
[2026-06-02 04:44:21]   [geth] RPC ready after 5s
[2026-06-02 04:44:22]   [bench] Running execute remote...
[2026-06-02 04:44:30]   [bench] exit=0 passed=1 failed=0
0 missing_trie_node=0
0
[2026-06-02 04:44:30] 
[2026-06-02 04:44:30]   --- storage_mixed_k700_run4 (ubt) write-offset=30400000000 K=700 ---
[2026-06-02 04:44:30]   [geth] Stopping (SIGTERM, waiting up to 120s for clean exit): 1249402
[2026-06-02 04:44:33]   [geth] exited cleanly after 3s
[2026-06-02 04:44:33]   [cache] OS page cache dropped
Fatal: Could not create the account: account already exists
[2026-06-02 04:44:33]   [geth] Starting (ubt, gd=5, cold=1, dev.period=1, 1tx/block)
[2026-06-02 04:44:33]   [geth] Waiting for RPC...
[2026-06-02 04:44:37]   [geth] RPC ready after 5s
[2026-06-02 04:44:37]   [bench] Running execute remote...
[2026-06-02 04:44:46]   [bench] exit=0 passed=1 failed=0
0 missing_trie_node=0
0
[2026-06-02 04:44:46] 
[2026-06-02 04:44:46]   --- storage_mixed_k700_run5 (ubt) write-offset=30500000000 K=700 ---
[2026-06-02 04:44:46]   [geth] Stopping (SIGTERM, waiting up to 120s for clean exit): 1249486
[2026-06-02 04:44:49]   [geth] exited cleanly after 3s
[2026-06-02 04:44:49]   [cache] OS page cache dropped
Fatal: Could not create the account: account already exists
[2026-06-02 04:44:49]   [geth] Starting (ubt, gd=5, cold=1, dev.period=1, 1tx/block)
[2026-06-02 04:44:49]   [geth] Waiting for RPC...
[2026-06-02 04:44:54]   [geth] RPC ready after 5s
[2026-06-02 04:44:54]   [bench] Running execute remote...
[2026-06-02 04:45:02]   [bench] exit=0 passed=1 failed=0
0 missing_trie_node=0
0
[2026-06-02 04:45:02] 
[2026-06-02 04:45:02]   --- storage_mixed_k700_run6 (ubt) write-offset=30600000000 K=700 ---
[2026-06-02 04:45:02]   [geth] Stopping (SIGTERM, waiting up to 120s for clean exit): 1249571
[2026-06-02 04:45:05]   [geth] exited cleanly after 3s
[2026-06-02 04:45:05]   [cache] OS page cache dropped
Fatal: Could not create the account: account already exists
[2026-06-02 04:45:05]   [geth] Starting (ubt, gd=5, cold=1, dev.period=1, 1tx/block)
[2026-06-02 04:45:05]   [geth] Waiting for RPC...
[2026-06-02 04:45:10]   [geth] RPC ready after 5s
[2026-06-02 04:45:10]   [bench] Running execute remote...
[2026-06-02 04:45:18]   [bench] exit=0 passed=1 failed=0
0 missing_trie_node=0
0
[2026-06-02 04:45:18] 
[2026-06-02 04:45:18]   --- storage_mixed_k700_run7 (ubt) write-offset=30700000000 K=700 ---
[2026-06-02 04:45:18]   [geth] Stopping (SIGTERM, waiting up to 120s for clean exit): 1249658
[2026-06-02 04:45:21]   [geth] exited cleanly after 3s
[2026-06-02 04:45:21]   [cache] OS page cache dropped
Fatal: Could not create the account: account already exists
[2026-06-02 04:45:21]   [geth] Starting (ubt, gd=5, cold=1, dev.period=1, 1tx/block)
[2026-06-02 04:45:21]   [geth] Waiting for RPC...
[2026-06-02 04:45:25]   [geth] RPC ready after 5s
[2026-06-02 04:45:25]   [bench] Running execute remote...
[2026-06-02 04:45:34]   [bench] exit=0 passed=1 failed=0
0 missing_trie_node=0
0
[2026-06-02 04:45:34] 
[2026-06-02 04:45:34]   --- storage_mixed_k700_run8 (ubt) write-offset=30800000000 K=700 ---
[2026-06-02 04:45:34]   [geth] Stopping (SIGTERM, waiting up to 120s for clean exit): 1249741
[2026-06-02 04:45:37]   [geth] exited cleanly after 3s
[2026-06-02 04:45:37]   [cache] OS page cache dropped
Fatal: Could not create the account: account already exists
[2026-06-02 04:45:37]   [geth] Starting (ubt, gd=5, cold=1, dev.period=1, 1tx/block)
[2026-06-02 04:45:37]   [geth] Waiting for RPC...
[2026-06-02 04:45:41]   [geth] RPC ready after 5s
[2026-06-02 04:45:41]   [bench] Running execute remote...
[2026-06-02 04:45:50]   [bench] exit=0 passed=1 failed=0
0 missing_trie_node=0
0
[2026-06-02 04:45:50] 
[2026-06-02 04:45:50]   --- storage_mixed_k700_run9 (ubt) write-offset=30900000000 K=700 ---
[2026-06-02 04:45:50]   [geth] Stopping (SIGTERM, waiting up to 120s for clean exit): 1249831
[2026-06-02 04:45:53]   [geth] exited cleanly after 3s
[2026-06-02 04:45:53]   [cache] OS page cache dropped
Fatal: Could not create the account: account already exists
[2026-06-02 04:45:53]   [geth] Starting (ubt, gd=5, cold=1, dev.period=1, 1tx/block)
[2026-06-02 04:45:53]   [geth] Waiting for RPC...
[2026-06-02 04:45:57]   [geth] RPC ready after 5s
[2026-06-02 04:45:57]   [bench] Running execute remote...
[2026-06-02 04:46:06]   [bench] exit=0 passed=1 failed=0
0 missing_trie_node=0
0
[2026-06-02 04:46:06] 
[2026-06-02 04:46:06]   --- storage_mixed_k700_run10 (ubt) write-offset=31000000000 K=700 ---
[2026-06-02 04:46:06]   [geth] Stopping (SIGTERM, waiting up to 120s for clean exit): 1249915
[2026-06-02 04:46:09]   [geth] exited cleanly after 3s
[2026-06-02 04:46:09]   [cache] OS page cache dropped
Fatal: Could not create the account: account already exists
[2026-06-02 04:46:09]   [geth] Starting (ubt, gd=5, cold=1, dev.period=1, 1tx/block)
[2026-06-02 04:46:09]   [geth] Waiting for RPC...
[2026-06-02 04:46:13]   [geth] RPC ready after 5s
[2026-06-02 04:46:13]   [bench] Running execute remote...
[2026-06-02 04:46:22]   [bench] exit=0 passed=1 failed=0
0 missing_trie_node=0
0
[2026-06-02 04:46:22] 
[2026-06-02 04:46:22]   --- storage_mixed_k700_run11 (ubt) write-offset=31100000000 K=700 ---
[2026-06-02 04:46:22]   [geth] Stopping (SIGTERM, waiting up to 120s for clean exit): 1250001
[2026-06-02 04:46:25]   [geth] exited cleanly after 3s
[2026-06-02 04:46:25]   [cache] OS page cache dropped
Fatal: Could not create the account: account already exists
[2026-06-02 04:46:25]   [geth] Starting (ubt, gd=5, cold=1, dev.period=1, 1tx/block)
[2026-06-02 04:46:25]   [geth] Waiting for RPC...
[2026-06-02 04:46:29]   [geth] RPC ready after 5s
[2026-06-02 04:46:29]   [bench] Running execute remote...
[2026-06-02 04:46:37]   [bench] exit=0 passed=1 failed=0
0 missing_trie_node=0
0
[2026-06-02 04:46:37] 
[2026-06-02 04:46:37]   --- storage_mixed_k700_run12 (ubt) write-offset=31200000000 K=700 ---
[2026-06-02 04:46:37]   [geth] Stopping (SIGTERM, waiting up to 120s for clean exit): 1250084
[2026-06-02 04:46:40]   [geth] exited cleanly after 3s
[2026-06-02 04:46:40]   [cache] OS page cache dropped
Fatal: Could not create the account: account already exists
[2026-06-02 04:46:40]   [geth] Starting (ubt, gd=5, cold=1, dev.period=1, 1tx/block)
[2026-06-02 04:46:40]   [geth] Waiting for RPC...
[2026-06-02 04:46:44]   [geth] RPC ready after 5s
[2026-06-02 04:46:44]   [bench] Running execute remote...
[2026-06-02 04:46:53]   [bench] exit=0 passed=1 failed=0
0 missing_trie_node=0
0
[2026-06-02 04:46:53] 
[2026-06-02 04:46:53]   --- storage_mixed_k700_run13 (ubt) write-offset=31300000000 K=700 ---
[2026-06-02 04:46:53]   [geth] Stopping (SIGTERM, waiting up to 120s for clean exit): 1250169
[2026-06-02 04:46:56]   [geth] exited cleanly after 3s
[2026-06-02 04:46:56]   [cache] OS page cache dropped
Fatal: Could not create the account: account already exists
[2026-06-02 04:46:56]   [geth] Starting (ubt, gd=5, cold=1, dev.period=1, 1tx/block)
[2026-06-02 04:46:56]   [geth] Waiting for RPC...
[2026-06-02 04:47:00]   [geth] RPC ready after 5s
[2026-06-02 04:47:00]   [bench] Running execute remote...
[2026-06-02 04:47:09]   [bench] exit=0 passed=1 failed=0
0 missing_trie_node=0
0
[2026-06-02 04:47:09] 
[2026-06-02 04:47:09]   --- storage_mixed_k700_run14 (ubt) write-offset=31400000000 K=700 ---
[2026-06-02 04:47:09]   [geth] Stopping (SIGTERM, waiting up to 120s for clean exit): 1250253
[2026-06-02 04:47:12]   [geth] exited cleanly after 3s
[2026-06-02 04:47:12]   [cache] OS page cache dropped
Fatal: Could not create the account: account already exists
[2026-06-02 04:47:12]   [geth] Starting (ubt, gd=5, cold=1, dev.period=1, 1tx/block)
[2026-06-02 04:47:12]   [geth] Waiting for RPC...
[2026-06-02 04:47:16]   [geth] RPC ready after 5s
[2026-06-02 04:47:16]   [bench] Running execute remote...
[2026-06-02 04:47:25]   [bench] exit=0 passed=1 failed=0
0 missing_trie_node=0
0
[2026-06-02 04:47:25] 
[2026-06-02 04:47:25]   --- storage_mixed_k700_run15 (ubt) write-offset=31500000000 K=700 ---
[2026-06-02 04:47:25]   [geth] Stopping (SIGTERM, waiting up to 120s for clean exit): 1250344
[2026-06-02 04:47:28]   [geth] exited cleanly after 3s
[2026-06-02 04:47:28]   [cache] OS page cache dropped
Fatal: Could not create the account: account already exists
[2026-06-02 04:47:28]   [geth] Starting (ubt, gd=5, cold=1, dev.period=1, 1tx/block)
[2026-06-02 04:47:28]   [geth] Waiting for RPC...
[2026-06-02 04:47:33]   [geth] RPC ready after 5s
[2026-06-02 04:47:33]   [bench] Running execute remote...
[2026-06-02 04:47:41]   [bench] exit=0 passed=1 failed=0
0 missing_trie_node=0
0
[2026-06-02 04:47:41] 
[2026-06-02 04:47:41]   --- storage_mixed_k700_run16 (ubt) write-offset=31600000000 K=700 ---
[2026-06-02 04:47:41]   [geth] Stopping (SIGTERM, waiting up to 120s for clean exit): 1250467
[2026-06-02 04:47:44]   [geth] exited cleanly after 3s
[2026-06-02 04:47:44]   [cache] OS page cache dropped
Fatal: Could not create the account: account already exists
[2026-06-02 04:47:45]   [geth] Starting (ubt, gd=5, cold=1, dev.period=1, 1tx/block)
[2026-06-02 04:47:45]   [geth] Waiting for RPC...
[2026-06-02 04:47:49]   [geth] RPC ready after 5s
[2026-06-02 04:47:49]   [bench] Running execute remote...
[2026-06-02 04:47:57]   [bench] exit=0 passed=1 failed=0
0 missing_trie_node=0
0
[2026-06-02 04:47:57] 
[2026-06-02 04:47:57]   --- storage_mixed_k700_run17 (ubt) write-offset=31700000000 K=700 ---
[2026-06-02 04:47:57]   [geth] Stopping (SIGTERM, waiting up to 120s for clean exit): 1250552
[2026-06-02 04:48:00]   [geth] exited cleanly after 3s
[2026-06-02 04:48:01]   [cache] OS page cache dropped
Fatal: Could not create the account: account already exists
[2026-06-02 04:48:01]   [geth] Starting (ubt, gd=5, cold=1, dev.period=1, 1tx/block)
[2026-06-02 04:48:01]   [geth] Waiting for RPC...
[2026-06-02 04:48:05]   [geth] RPC ready after 5s
[2026-06-02 04:48:05]   [bench] Running execute remote...
[2026-06-02 04:48:13]   [bench] exit=0 passed=1 failed=0
0 missing_trie_node=0
0
[2026-06-02 04:48:13] 
[2026-06-02 04:48:13]   --- storage_mixed_k700_run18 (ubt) write-offset=31800000000 K=700 ---
[2026-06-02 04:48:14]   [geth] Stopping (SIGTERM, waiting up to 120s for clean exit): 1250647
[2026-06-02 04:48:17]   [geth] exited cleanly after 3s
[2026-06-02 04:48:17]   [cache] OS page cache dropped
Fatal: Could not create the account: account already exists
[2026-06-02 04:48:17]   [geth] Starting (ubt, gd=5, cold=1, dev.period=1, 1tx/block)
[2026-06-02 04:48:17]   [geth] Waiting for RPC...
[2026-06-02 04:48:21]   [geth] RPC ready after 5s
[2026-06-02 04:48:21]   [bench] Running execute remote...
[2026-06-02 04:48:30]   [bench] exit=0 passed=1 failed=0
0 missing_trie_node=0
0
[2026-06-02 04:48:30] 
[2026-06-02 04:48:30]   --- storage_mixed_k700_run19 (ubt) write-offset=31900000000 K=700 ---
[2026-06-02 04:48:30]   [geth] Stopping (SIGTERM, waiting up to 120s for clean exit): 1250732
[2026-06-02 04:48:33]   [geth] exited cleanly after 3s
[2026-06-02 04:48:33]   [cache] OS page cache dropped
Fatal: Could not create the account: account already exists
[2026-06-02 04:48:33]   [geth] Starting (ubt, gd=5, cold=1, dev.period=1, 1tx/block)
[2026-06-02 04:48:33]   [geth] Waiting for RPC...
[2026-06-02 04:48:37]   [geth] RPC ready after 5s
[2026-06-02 04:48:37]   [bench] Running execute remote...
[2026-06-02 04:48:46]   [bench] exit=0 passed=1 failed=0
0 missing_trie_node=0
0
[2026-06-02 04:48:46] 
[2026-06-02 04:48:46]   --- storage_mixed_k700_run20 (ubt) write-offset=32000000000 K=700 ---
[2026-06-02 04:48:46]   [geth] Stopping (SIGTERM, waiting up to 120s for clean exit): 1250816
[2026-06-02 04:48:49]   [geth] exited cleanly after 3s
[2026-06-02 04:48:49]   [cache] OS page cache dropped
Fatal: Could not create the account: account already exists
[2026-06-02 04:48:49]   [geth] Starting (ubt, gd=5, cold=1, dev.period=1, 1tx/block)
[2026-06-02 04:48:49]   [geth] Waiting for RPC...
[2026-06-02 04:48:53]   [geth] RPC ready after 5s
[2026-06-02 04:48:53]   [bench] Running execute remote...
[2026-06-02 04:49:02]   [bench] exit=0 passed=1 failed=0
0 missing_trie_node=0
0
[2026-06-02 04:49:02]   [geth] Stopping (SIGTERM, waiting up to 120s for clean exit): 1250899
[2026-06-02 04:49:05]   [geth] exited cleanly after 3s
[2026-06-02 04:49:05] 
[2026-06-02 04:49:05] ╔══════════════════════════════════════════════════════════════════╗
[2026-06-02 04:49:05] ║  CONFIG: pbt
[2026-06-02 04:49:05] ╚══════════════════════════════════════════════════════════════════╝
[2026-06-02 04:49:05] 
[2026-06-02 04:49:05]   ── BENCHMARK: storage_sload_k1 (pool=700 contracts; effective K=1)
[2026-06-02 04:49:05] 
[2026-06-02 04:49:05]   --- storage_sload_k1_run1 (pbt) write-offset=30100000000 K=1 ---
[2026-06-02 04:49:05]   [cache] OS page cache dropped
Fatal: Could not create the account: account already exists
[2026-06-02 04:49:05]   [geth] Starting (pbt, gd=5, cold=1, dev.period=1, 1tx/block)
[2026-06-02 04:49:05]   [geth] Waiting for RPC...
[2026-06-02 04:49:12]   [geth] RPC ready after 8s
[2026-06-02 04:49:12]   [bench] Running execute remote...
[2026-06-02 04:49:21]   [bench] exit=0 passed=1 failed=0
0 missing_trie_node=0
0
[2026-06-02 04:49:21] 
[2026-06-02 04:49:21]   --- storage_sload_k1_run2 (pbt) write-offset=30200000000 K=1 ---
[2026-06-02 04:49:21]   [geth] Stopping (SIGTERM, waiting up to 120s for clean exit): 1251018
[2026-06-02 04:49:24]   [geth] exited cleanly after 3s
[2026-06-02 04:49:24]   [cache] OS page cache dropped
Fatal: Could not create the account: account already exists
[2026-06-02 04:49:24]   [geth] Starting (pbt, gd=5, cold=1, dev.period=1, 1tx/block)
[2026-06-02 04:49:24]   [geth] Waiting for RPC...
[2026-06-02 04:49:28]   [geth] RPC ready after 5s
[2026-06-02 04:49:28]   [bench] Running execute remote...
[2026-06-02 04:49:36]   [bench] exit=0 passed=1 failed=0
0 missing_trie_node=0
0
[2026-06-02 04:49:36] 
[2026-06-02 04:49:36]   --- storage_sload_k1_run3 (pbt) write-offset=30300000000 K=1 ---
[2026-06-02 04:49:36]   [geth] Stopping (SIGTERM, waiting up to 120s for clean exit): 1251115
[2026-06-02 04:49:39]   [geth] exited cleanly after 3s
[2026-06-02 04:49:40]   [cache] OS page cache dropped
Fatal: Could not create the account: account already exists
[2026-06-02 04:49:40]   [geth] Starting (pbt, gd=5, cold=1, dev.period=1, 1tx/block)
[2026-06-02 04:49:40]   [geth] Waiting for RPC...
[2026-06-02 04:49:44]   [geth] RPC ready after 5s
[2026-06-02 04:49:44]   [bench] Running execute remote...
[2026-06-02 04:49:51]   [bench] exit=0 passed=1 failed=0
0 missing_trie_node=0
0
[2026-06-02 04:49:51] 
[2026-06-02 04:49:51]   --- storage_sload_k1_run4 (pbt) write-offset=30400000000 K=1 ---
[2026-06-02 04:49:52]   [geth] Stopping (SIGTERM, waiting up to 120s for clean exit): 1251202
[2026-06-02 04:49:55]   [geth] exited cleanly after 3s
[2026-06-02 04:49:55]   [cache] OS page cache dropped
Fatal: Could not create the account: account already exists
[2026-06-02 04:49:55]   [geth] Starting (pbt, gd=5, cold=1, dev.period=1, 1tx/block)
[2026-06-02 04:49:55]   [geth] Waiting for RPC...
[2026-06-02 04:49:59]   [geth] RPC ready after 5s
[2026-06-02 04:49:59]   [bench] Running execute remote...
[2026-06-02 04:50:07]   [bench] exit=0 passed=1 failed=0
0 missing_trie_node=0
0
[2026-06-02 04:50:07] 
[2026-06-02 04:50:07]   --- storage_sload_k1_run5 (pbt) write-offset=30500000000 K=1 ---
[2026-06-02 04:50:07]   [geth] Stopping (SIGTERM, waiting up to 120s for clean exit): 1251285
[2026-06-02 04:50:10]   [geth] exited cleanly after 3s
[2026-06-02 04:50:10]   [cache] OS page cache dropped
Fatal: Could not create the account: account already exists
[2026-06-02 04:50:10]   [geth] Starting (pbt, gd=5, cold=1, dev.period=1, 1tx/block)
[2026-06-02 04:50:10]   [geth] Waiting for RPC...
[2026-06-02 04:50:14]   [geth] RPC ready after 5s
[2026-06-02 04:50:14]   [bench] Running execute remote...
[2026-06-02 04:50:23]   [bench] exit=0 passed=1 failed=0
0 missing_trie_node=0
0
[2026-06-02 04:50:23] 
[2026-06-02 04:50:23]   --- storage_sload_k1_run6 (pbt) write-offset=30600000000 K=1 ---
[2026-06-02 04:50:23]   [geth] Stopping (SIGTERM, waiting up to 120s for clean exit): 1251368
[2026-06-02 04:50:26]   [geth] exited cleanly after 3s
[2026-06-02 04:50:26]   [cache] OS page cache dropped
Fatal: Could not create the account: account already exists
[2026-06-02 04:50:26]   [geth] Starting (pbt, gd=5, cold=1, dev.period=1, 1tx/block)
[2026-06-02 04:50:26]   [geth] Waiting for RPC...
[2026-06-02 04:50:30]   [geth] RPC ready after 5s
[2026-06-02 04:50:30]   [bench] Running execute remote...
[2026-06-02 04:50:39]   [bench] exit=0 passed=1 failed=0
0 missing_trie_node=0
0
[2026-06-02 04:50:39] 
[2026-06-02 04:50:39]   --- storage_sload_k1_run7 (pbt) write-offset=30700000000 K=1 ---
[2026-06-02 04:50:39]   [geth] Stopping (SIGTERM, waiting up to 120s for clean exit): 1251451
[2026-06-02 04:50:42]   [geth] exited cleanly after 3s
[2026-06-02 04:50:42]   [cache] OS page cache dropped
Fatal: Could not create the account: account already exists
[2026-06-02 04:50:42]   [geth] Starting (pbt, gd=5, cold=1, dev.period=1, 1tx/block)
[2026-06-02 04:50:42]   [geth] Waiting for RPC...
[2026-06-02 04:50:47]   [geth] RPC ready after 5s
[2026-06-02 04:50:47]   [bench] Running execute remote...
[2026-06-02 04:50:56]   [bench] exit=0 passed=1 failed=0
0 missing_trie_node=0
0
[2026-06-02 04:50:56] 
[2026-06-02 04:50:56]   --- storage_sload_k1_run8 (pbt) write-offset=30800000000 K=1 ---
[2026-06-02 04:50:56]   [geth] Stopping (SIGTERM, waiting up to 120s for clean exit): 1251538
[2026-06-02 04:50:59]   [geth] exited cleanly after 3s
[2026-06-02 04:50:59]   [cache] OS page cache dropped
Fatal: Could not create the account: account already exists
[2026-06-02 04:50:59]   [geth] Starting (pbt, gd=5, cold=1, dev.period=1, 1tx/block)
[2026-06-02 04:50:59]   [geth] Waiting for RPC...
[2026-06-02 04:51:03]   [geth] RPC ready after 5s
[2026-06-02 04:51:03]   [bench] Running execute remote...
[2026-06-02 04:51:11]   [bench] exit=0 passed=1 failed=0
0 missing_trie_node=0
0
[2026-06-02 04:51:11] 
[2026-06-02 04:51:11]   --- storage_sload_k1_run9 (pbt) write-offset=30900000000 K=1 ---
[2026-06-02 04:51:11]   [geth] Stopping (SIGTERM, waiting up to 120s for clean exit): 1251623
[2026-06-02 04:51:14]   [geth] exited cleanly after 3s
[2026-06-02 04:51:14]   [cache] OS page cache dropped
Fatal: Could not create the account: account already exists
[2026-06-02 04:51:14]   [geth] Starting (pbt, gd=5, cold=1, dev.period=1, 1tx/block)
[2026-06-02 04:51:14]   [geth] Waiting for RPC...
[2026-06-02 04:51:18]   [geth] RPC ready after 5s
[2026-06-02 04:51:18]   [bench] Running execute remote...
[2026-06-02 04:51:26]   [bench] exit=0 passed=1 failed=0
0 missing_trie_node=0
0
[2026-06-02 04:51:26] 
[2026-06-02 04:51:26]   --- storage_sload_k1_run10 (pbt) write-offset=31000000000 K=1 ---
[2026-06-02 04:51:26]   [geth] Stopping (SIGTERM, waiting up to 120s for clean exit): 1251710
[2026-06-02 04:51:29]   [geth] exited cleanly after 3s
[2026-06-02 04:51:29]   [cache] OS page cache dropped
Fatal: Could not create the account: account already exists
[2026-06-02 04:51:29]   [geth] Starting (pbt, gd=5, cold=1, dev.period=1, 1tx/block)
[2026-06-02 04:51:29]   [geth] Waiting for RPC...
[2026-06-02 04:51:33]   [geth] RPC ready after 5s
[2026-06-02 04:51:33]   [bench] Running execute remote...
[2026-06-02 04:51:41]   [bench] exit=0 passed=1 failed=0
0 missing_trie_node=0
0
[2026-06-02 04:51:41] 
[2026-06-02 04:51:41]   --- storage_sload_k1_run11 (pbt) write-offset=31100000000 K=1 ---
[2026-06-02 04:51:41]   [geth] Stopping (SIGTERM, waiting up to 120s for clean exit): 1251802
[2026-06-02 04:51:44]   [geth] exited cleanly after 3s
[2026-06-02 04:51:44]   [cache] OS page cache dropped
Fatal: Could not create the account: account already exists
[2026-06-02 04:51:45]   [geth] Starting (pbt, gd=5, cold=1, dev.period=1, 1tx/block)
[2026-06-02 04:51:45]   [geth] Waiting for RPC...
[2026-06-02 04:51:49]   [geth] RPC ready after 5s
[2026-06-02 04:51:49]   [bench] Running execute remote...
[2026-06-02 04:51:58]   [bench] exit=0 passed=1 failed=0
0 missing_trie_node=0
0
[2026-06-02 04:51:58] 
[2026-06-02 04:51:58]   --- storage_sload_k1_run12 (pbt) write-offset=31200000000 K=1 ---
[2026-06-02 04:51:58]   [geth] Stopping (SIGTERM, waiting up to 120s for clean exit): 1251944
[2026-06-02 04:52:01]   [geth] exited cleanly after 3s
[2026-06-02 04:52:01]   [cache] OS page cache dropped
Fatal: Could not create the account: account already exists
[2026-06-02 04:52:01]   [geth] Starting (pbt, gd=5, cold=1, dev.period=1, 1tx/block)
[2026-06-02 04:52:01]   [geth] Waiting for RPC...
[2026-06-02 04:52:05]   [geth] RPC ready after 5s
[2026-06-02 04:52:05]   [bench] Running execute remote...
[2026-06-02 04:52:14]   [bench] exit=0 passed=1 failed=0
0 missing_trie_node=0
0
[2026-06-02 04:52:14] 
[2026-06-02 04:52:14]   --- storage_sload_k1_run13 (pbt) write-offset=31300000000 K=1 ---
[2026-06-02 04:52:14]   [geth] Stopping (SIGTERM, waiting up to 120s for clean exit): 1252026
[2026-06-02 04:52:17]   [geth] exited cleanly after 3s
[2026-06-02 04:52:17]   [cache] OS page cache dropped
Fatal: Could not create the account: account already exists
[2026-06-02 04:52:17]   [geth] Starting (pbt, gd=5, cold=1, dev.period=1, 1tx/block)
[2026-06-02 04:52:17]   [geth] Waiting for RPC...
[2026-06-02 04:52:21]   [geth] RPC ready after 5s
[2026-06-02 04:52:21]   [bench] Running execute remote...
[2026-06-02 04:52:29]   [bench] exit=0 passed=1 failed=0
0 missing_trie_node=0
0
[2026-06-02 04:52:29] 
[2026-06-02 04:52:29]   --- storage_sload_k1_run14 (pbt) write-offset=31400000000 K=1 ---
[2026-06-02 04:52:29]   [geth] Stopping (SIGTERM, waiting up to 120s for clean exit): 1252117
[2026-06-02 04:52:32]   [geth] exited cleanly after 3s
[2026-06-02 04:52:32]   [cache] OS page cache dropped
Fatal: Could not create the account: account already exists
[2026-06-02 04:52:33]   [geth] Starting (pbt, gd=5, cold=1, dev.period=1, 1tx/block)
[2026-06-02 04:52:33]   [geth] Waiting for RPC...
[2026-06-02 04:52:37]   [geth] RPC ready after 5s
[2026-06-02 04:52:37]   [bench] Running execute remote...
[2026-06-02 04:52:44]   [bench] exit=0 passed=1 failed=0
0 missing_trie_node=0
0
[2026-06-02 04:52:44] 
[2026-06-02 04:52:44]   --- storage_sload_k1_run15 (pbt) write-offset=31500000000 K=1 ---
[2026-06-02 04:52:44]   [geth] Stopping (SIGTERM, waiting up to 120s for clean exit): 1252204
[2026-06-02 04:52:48]   [geth] exited cleanly after 3s
[2026-06-02 04:52:48]   [cache] OS page cache dropped
Fatal: Could not create the account: account already exists
[2026-06-02 04:52:48]   [geth] Starting (pbt, gd=5, cold=1, dev.period=1, 1tx/block)
[2026-06-02 04:52:48]   [geth] Waiting for RPC...
[2026-06-02 04:52:52]   [geth] RPC ready after 5s
[2026-06-02 04:52:52]   [bench] Running execute remote...
[2026-06-02 04:53:00]   [bench] exit=0 passed=1 failed=0
0 missing_trie_node=0
0
[2026-06-02 04:53:00] 
[2026-06-02 04:53:00]   --- storage_sload_k1_run16 (pbt) write-offset=31600000000 K=1 ---
[2026-06-02 04:53:00]   [geth] Stopping (SIGTERM, waiting up to 120s for clean exit): 1252289
[2026-06-02 04:53:03]   [geth] exited cleanly after 3s
[2026-06-02 04:53:03]   [cache] OS page cache dropped
Fatal: Could not create the account: account already exists
[2026-06-02 04:53:03]   [geth] Starting (pbt, gd=5, cold=1, dev.period=1, 1tx/block)
[2026-06-02 04:53:03]   [geth] Waiting for RPC...
[2026-06-02 04:53:07]   [geth] RPC ready after 5s
[2026-06-02 04:53:07]   [bench] Running execute remote...
[2026-06-02 04:53:15]   [bench] exit=0 passed=1 failed=0
0 missing_trie_node=0
0
[2026-06-02 04:53:15] 
[2026-06-02 04:53:15]   --- storage_sload_k1_run17 (pbt) write-offset=31700000000 K=1 ---
[2026-06-02 04:53:15]   [geth] Stopping (SIGTERM, waiting up to 120s for clean exit): 1252386
[2026-06-02 04:53:18]   [geth] exited cleanly after 3s
[2026-06-02 04:53:18]   [cache] OS page cache dropped
Fatal: Could not create the account: account already exists
[2026-06-02 04:53:18]   [geth] Starting (pbt, gd=5, cold=1, dev.period=1, 1tx/block)
[2026-06-02 04:53:18]   [geth] Waiting for RPC...
[2026-06-02 04:53:22]   [geth] RPC ready after 5s
[2026-06-02 04:53:22]   [bench] Running execute remote...
[2026-06-02 04:53:30]   [bench] exit=0 passed=1 failed=0
0 missing_trie_node=0
0
[2026-06-02 04:53:30] 
[2026-06-02 04:53:30]   --- storage_sload_k1_run18 (pbt) write-offset=31800000000 K=1 ---
[2026-06-02 04:53:30]   [geth] Stopping (SIGTERM, waiting up to 120s for clean exit): 1252472
[2026-06-02 04:53:33]   [geth] exited cleanly after 3s
[2026-06-02 04:53:33]   [cache] OS page cache dropped
Fatal: Could not create the account: account already exists
[2026-06-02 04:53:34]   [geth] Starting (pbt, gd=5, cold=1, dev.period=1, 1tx/block)
[2026-06-02 04:53:34]   [geth] Waiting for RPC...
[2026-06-02 04:53:38]   [geth] RPC ready after 5s
[2026-06-02 04:53:38]   [bench] Running execute remote...
[2026-06-02 04:53:46]   [bench] exit=0 passed=1 failed=0
0 missing_trie_node=0
0
[2026-06-02 04:53:46] 
[2026-06-02 04:53:46]   --- storage_sload_k1_run19 (pbt) write-offset=31900000000 K=1 ---
[2026-06-02 04:53:46]   [geth] Stopping (SIGTERM, waiting up to 120s for clean exit): 1252559
[2026-06-02 04:53:49]   [geth] exited cleanly after 3s
[2026-06-02 04:53:50]   [cache] OS page cache dropped
Fatal: Could not create the account: account already exists
[2026-06-02 04:53:50]   [geth] Starting (pbt, gd=5, cold=1, dev.period=1, 1tx/block)
[2026-06-02 04:53:50]   [geth] Waiting for RPC...
[2026-06-02 04:53:54]   [geth] RPC ready after 5s
[2026-06-02 04:53:54]   [bench] Running execute remote...
[2026-06-02 04:54:02]   [bench] exit=0 passed=1 failed=0
0 missing_trie_node=0
0
[2026-06-02 04:54:02] 
[2026-06-02 04:54:02]   --- storage_sload_k1_run20 (pbt) write-offset=32000000000 K=1 ---
[2026-06-02 04:54:02]   [geth] Stopping (SIGTERM, waiting up to 120s for clean exit): 1252641
[2026-06-02 04:54:05]   [geth] exited cleanly after 3s
[2026-06-02 04:54:05]   [cache] OS page cache dropped
Fatal: Could not create the account: account already exists
[2026-06-02 04:54:05]   [geth] Starting (pbt, gd=5, cold=1, dev.period=1, 1tx/block)
[2026-06-02 04:54:05]   [geth] Waiting for RPC...
[2026-06-02 04:54:09]   [geth] RPC ready after 5s
[2026-06-02 04:54:09]   [bench] Running execute remote...
[2026-06-02 04:54:17]   [bench] exit=0 passed=1 failed=0
0 missing_trie_node=0
0
[2026-06-02 04:54:17] 
[2026-06-02 04:54:17]   ── BENCHMARK: storage_sload_k10 (pool=700 contracts; effective K=10)
[2026-06-02 04:54:17] 
[2026-06-02 04:54:17]   --- storage_sload_k10_run1 (pbt) write-offset=30100000000 K=10 ---
[2026-06-02 04:54:17]   [geth] Stopping (SIGTERM, waiting up to 120s for clean exit): 1252722
[2026-06-02 04:54:20]   [geth] exited cleanly after 3s
[2026-06-02 04:54:20]   [cache] OS page cache dropped
Fatal: Could not create the account: account already exists
[2026-06-02 04:54:20]   [geth] Starting (pbt, gd=5, cold=1, dev.period=1, 1tx/block)
[2026-06-02 04:54:20]   [geth] Waiting for RPC...
[2026-06-02 04:54:24]   [geth] RPC ready after 5s
[2026-06-02 04:54:24]   [bench] Running execute remote...
[2026-06-02 04:54:32]   [bench] exit=0 passed=1 failed=0
0 missing_trie_node=0
0
[2026-06-02 04:54:32] 
[2026-06-02 04:54:32]   --- storage_sload_k10_run2 (pbt) write-offset=30200000000 K=10 ---
[2026-06-02 04:54:32]   [geth] Stopping (SIGTERM, waiting up to 120s for clean exit): 1252829
[2026-06-02 04:54:35]   [geth] exited cleanly after 3s
[2026-06-02 04:54:36]   [cache] OS page cache dropped
Fatal: Could not create the account: account already exists
[2026-06-02 04:54:36]   [geth] Starting (pbt, gd=5, cold=1, dev.period=1, 1tx/block)
[2026-06-02 04:54:36]   [geth] Waiting for RPC...
[2026-06-02 04:54:40]   [geth] RPC ready after 5s
[2026-06-02 04:54:40]   [bench] Running execute remote...
[2026-06-02 04:54:49]   [bench] exit=0 passed=1 failed=0
0 missing_trie_node=0
0
[2026-06-02 04:54:49] 
[2026-06-02 04:54:49]   --- storage_sload_k10_run3 (pbt) write-offset=30300000000 K=10 ---
[2026-06-02 04:54:49]   [geth] Stopping (SIGTERM, waiting up to 120s for clean exit): 1252916
[2026-06-02 04:54:52]   [geth] exited cleanly after 3s
[2026-06-02 04:54:52]   [cache] OS page cache dropped
Fatal: Could not create the account: account already exists
[2026-06-02 04:54:52]   [geth] Starting (pbt, gd=5, cold=1, dev.period=1, 1tx/block)
[2026-06-02 04:54:52]   [geth] Waiting for RPC...
[2026-06-02 04:54:56]   [geth] RPC ready after 5s
[2026-06-02 04:54:56]   [bench] Running execute remote...
[2026-06-02 04:55:05]   [bench] exit=0 passed=1 failed=0
0 missing_trie_node=0
0
[2026-06-02 04:55:05] 
[2026-06-02 04:55:05]   --- storage_sload_k10_run4 (pbt) write-offset=30400000000 K=10 ---
[2026-06-02 04:55:05]   [geth] Stopping (SIGTERM, waiting up to 120s for clean exit): 1252997
[2026-06-02 04:55:08]   [geth] exited cleanly after 3s
[2026-06-02 04:55:08]   [cache] OS page cache dropped
Fatal: Could not create the account: account already exists
[2026-06-02 04:55:08]   [geth] Starting (pbt, gd=5, cold=1, dev.period=1, 1tx/block)
[2026-06-02 04:55:08]   [geth] Waiting for RPC...
[2026-06-02 04:55:12]   [geth] RPC ready after 5s
[2026-06-02 04:55:12]   [bench] Running execute remote...
[2026-06-02 04:55:20]   [bench] exit=0 passed=1 failed=0
0 missing_trie_node=0
0
[2026-06-02 04:55:20] 
[2026-06-02 04:55:20]   --- storage_sload_k10_run5 (pbt) write-offset=30500000000 K=10 ---
[2026-06-02 04:55:20]   [geth] Stopping (SIGTERM, waiting up to 120s for clean exit): 1253081
[2026-06-02 04:55:23]   [geth] exited cleanly after 3s
[2026-06-02 04:55:23]   [cache] OS page cache dropped
Fatal: Could not create the account: account already exists
[2026-06-02 04:55:23]   [geth] Starting (pbt, gd=5, cold=1, dev.period=1, 1tx/block)
[2026-06-02 04:55:23]   [geth] Waiting for RPC...
[2026-06-02 04:55:27]   [geth] RPC ready after 5s
[2026-06-02 04:55:27]   [bench] Running execute remote...
[2026-06-02 04:55:36]   [bench] exit=0 passed=1 failed=0
0 missing_trie_node=0
0
[2026-06-02 04:55:36] 
[2026-06-02 04:55:36]   --- storage_sload_k10_run6 (pbt) write-offset=30600000000 K=10 ---
[2026-06-02 04:55:36]   [geth] Stopping (SIGTERM, waiting up to 120s for clean exit): 1253166
[2026-06-02 04:55:39]   [geth] exited cleanly after 3s
[2026-06-02 04:55:40]   [cache] OS page cache dropped
Fatal: Could not create the account: account already exists
[2026-06-02 04:55:40]   [geth] Starting (pbt, gd=5, cold=1, dev.period=1, 1tx/block)
[2026-06-02 04:55:40]   [geth] Waiting for RPC...
[2026-06-02 04:55:44]   [geth] RPC ready after 5s
[2026-06-02 04:55:44]   [bench] Running execute remote...
[2026-06-02 04:55:52]   [bench] exit=0 passed=1 failed=0
0 missing_trie_node=0
0
[2026-06-02 04:55:52] 
[2026-06-02 04:55:52]   --- storage_sload_k10_run7 (pbt) write-offset=30700000000 K=10 ---
[2026-06-02 04:55:52]   [geth] Stopping (SIGTERM, waiting up to 120s for clean exit): 1253252
[2026-06-02 04:55:55]   [geth] exited cleanly after 3s
[2026-06-02 04:55:55]   [cache] OS page cache dropped
Fatal: Could not create the account: account already exists
[2026-06-02 04:55:55]   [geth] Starting (pbt, gd=5, cold=1, dev.period=1, 1tx/block)
[2026-06-02 04:55:55]   [geth] Waiting for RPC...
[2026-06-02 04:55:59]   [geth] RPC ready after 5s
[2026-06-02 04:55:59]   [bench] Running execute remote...
[2026-06-02 04:56:08]   [bench] exit=0 passed=1 failed=0
0 missing_trie_node=0
0
[2026-06-02 04:56:08] 
[2026-06-02 04:56:08]   --- storage_sload_k10_run8 (pbt) write-offset=30800000000 K=10 ---
[2026-06-02 04:56:08]   [geth] Stopping (SIGTERM, waiting up to 120s for clean exit): 1253339
[2026-06-02 04:56:11]   [geth] exited cleanly after 3s
[2026-06-02 04:56:11]   [cache] OS page cache dropped
Fatal: Could not create the account: account already exists
[2026-06-02 04:56:11]   [geth] Starting (pbt, gd=5, cold=1, dev.period=1, 1tx/block)
[2026-06-02 04:56:11]   [geth] Waiting for RPC...
[2026-06-02 04:56:15]   [geth] RPC ready after 5s
[2026-06-02 04:56:15]   [bench] Running execute remote...
[2026-06-02 04:56:24]   [bench] exit=0 passed=1 failed=0
0 missing_trie_node=0
0
[2026-06-02 04:56:24] 
[2026-06-02 04:56:24]   --- storage_sload_k10_run9 (pbt) write-offset=30900000000 K=10 ---
[2026-06-02 04:56:24]   [geth] Stopping (SIGTERM, waiting up to 120s for clean exit): 1253430
[2026-06-02 04:56:27]   [geth] exited cleanly after 3s
[2026-06-02 04:56:28]   [cache] OS page cache dropped
Fatal: Could not create the account: account already exists
[2026-06-02 04:56:28]   [geth] Starting (pbt, gd=5, cold=1, dev.period=1, 1tx/block)
[2026-06-02 04:56:28]   [geth] Waiting for RPC...
[2026-06-02 04:56:32]   [geth] RPC ready after 5s
[2026-06-02 04:56:32]   [bench] Running execute remote...
[2026-06-02 04:56:39]   [bench] exit=0 passed=1 failed=0
0 missing_trie_node=0
0
[2026-06-02 04:56:39] 
[2026-06-02 04:56:39]   --- storage_sload_k10_run10 (pbt) write-offset=31000000000 K=10 ---
[2026-06-02 04:56:40]   [geth] Stopping (SIGTERM, waiting up to 120s for clean exit): 1253512
[2026-06-02 04:56:43]   [geth] exited cleanly after 3s
[2026-06-02 04:56:43]   [cache] OS page cache dropped
Fatal: Could not create the account: account already exists
[2026-06-02 04:56:43]   [geth] Starting (pbt, gd=5, cold=1, dev.period=1, 1tx/block)
[2026-06-02 04:56:43]   [geth] Waiting for RPC...
[2026-06-02 04:56:47]   [geth] RPC ready after 5s
[2026-06-02 04:56:47]   [bench] Running execute remote...
[2026-06-02 04:56:56]   [bench] exit=0 passed=1 failed=0
0 missing_trie_node=0
0
[2026-06-02 04:56:56] 
[2026-06-02 04:56:56]   --- storage_sload_k10_run11 (pbt) write-offset=31100000000 K=10 ---
[2026-06-02 04:56:56]   [geth] Stopping (SIGTERM, waiting up to 120s for clean exit): 1253597
[2026-06-02 04:56:59]   [geth] exited cleanly after 3s
[2026-06-02 04:56:59]   [cache] OS page cache dropped
Fatal: Could not create the account: account already exists
[2026-06-02 04:56:59]   [geth] Starting (pbt, gd=5, cold=1, dev.period=1, 1tx/block)
[2026-06-02 04:56:59]   [geth] Waiting for RPC...
[2026-06-02 04:57:03]   [geth] RPC ready after 5s
[2026-06-02 04:57:03]   [bench] Running execute remote...
[2026-06-02 04:57:11]   [bench] exit=0 passed=1 failed=0
0 missing_trie_node=0
0
[2026-06-02 04:57:11] 
[2026-06-02 04:57:11]   --- storage_sload_k10_run12 (pbt) write-offset=31200000000 K=10 ---
[2026-06-02 04:57:11]   [geth] Stopping (SIGTERM, waiting up to 120s for clean exit): 1253682
[2026-06-02 04:57:14]   [geth] exited cleanly after 3s
[2026-06-02 04:57:14]   [cache] OS page cache dropped
Fatal: Could not create the account: account already exists
[2026-06-02 04:57:14]   [geth] Starting (pbt, gd=5, cold=1, dev.period=1, 1tx/block)
[2026-06-02 04:57:14]   [geth] Waiting for RPC...
[2026-06-02 04:57:18]   [geth] RPC ready after 5s
[2026-06-02 04:57:18]   [bench] Running execute remote...
[2026-06-02 04:57:27]   [bench] exit=0 passed=1 failed=0
0 missing_trie_node=0
0
[2026-06-02 04:57:27] 
[2026-06-02 04:57:27]   --- storage_sload_k10_run13 (pbt) write-offset=31300000000 K=10 ---
[2026-06-02 04:57:27]   [geth] Stopping (SIGTERM, waiting up to 120s for clean exit): 1253773
[2026-06-02 04:57:30]   [geth] exited cleanly after 3s
[2026-06-02 04:57:31]   [cache] OS page cache dropped
Fatal: Could not create the account: account already exists
[2026-06-02 04:57:31]   [geth] Starting (pbt, gd=5, cold=1, dev.period=1, 1tx/block)
[2026-06-02 04:57:31]   [geth] Waiting for RPC...
[2026-06-02 04:57:35]   [geth] RPC ready after 5s
[2026-06-02 04:57:35]   [bench] Running execute remote...
[2026-06-02 04:57:43]   [bench] exit=0 passed=1 failed=0
0 missing_trie_node=0
0
[2026-06-02 04:57:43] 
[2026-06-02 04:57:43]   --- storage_sload_k10_run14 (pbt) write-offset=31400000000 K=10 ---
[2026-06-02 04:57:43]   [geth] Stopping (SIGTERM, waiting up to 120s for clean exit): 1253859
[2026-06-02 04:57:46]   [geth] exited cleanly after 3s
[2026-06-02 04:57:46]   [cache] OS page cache dropped
Fatal: Could not create the account: account already exists
[2026-06-02 04:57:46]   [geth] Starting (pbt, gd=5, cold=1, dev.period=1, 1tx/block)
[2026-06-02 04:57:46]   [geth] Waiting for RPC...
[2026-06-02 04:57:50]   [geth] RPC ready after 5s
[2026-06-02 04:57:50]   [bench] Running execute remote...
[2026-06-02 04:57:59]   [bench] exit=0 passed=1 failed=0
0 missing_trie_node=0
0
[2026-06-02 04:57:59] 
[2026-06-02 04:57:59]   --- storage_sload_k10_run15 (pbt) write-offset=31500000000 K=10 ---
[2026-06-02 04:57:59]   [geth] Stopping (SIGTERM, waiting up to 120s for clean exit): 1253943
[2026-06-02 04:58:02]   [geth] exited cleanly after 3s
[2026-06-02 04:58:02]   [cache] OS page cache dropped
Fatal: Could not create the account: account already exists
[2026-06-02 04:58:02]   [geth] Starting (pbt, gd=5, cold=1, dev.period=1, 1tx/block)
[2026-06-02 04:58:02]   [geth] Waiting for RPC...
[2026-06-02 04:58:06]   [geth] RPC ready after 5s
[2026-06-02 04:58:06]   [bench] Running execute remote...
[2026-06-02 04:58:14]   [bench] exit=0 passed=1 failed=0
0 missing_trie_node=0
0
[2026-06-02 04:58:14] 
[2026-06-02 04:58:14]   --- storage_sload_k10_run16 (pbt) write-offset=31600000000 K=10 ---
[2026-06-02 04:58:14]   [geth] Stopping (SIGTERM, waiting up to 120s for clean exit): 1254027
[2026-06-02 04:58:17]   [geth] exited cleanly after 3s
[2026-06-02 04:58:18]   [cache] OS page cache dropped
Fatal: Could not create the account: account already exists
[2026-06-02 04:58:18]   [geth] Starting (pbt, gd=5, cold=1, dev.period=1, 1tx/block)
[2026-06-02 04:58:18]   [geth] Waiting for RPC...
[2026-06-02 04:58:22]   [geth] RPC ready after 5s
[2026-06-02 04:58:22]   [bench] Running execute remote...
[2026-06-02 04:58:30]   [bench] exit=0 passed=1 failed=0
0 missing_trie_node=0
0
[2026-06-02 04:58:30] 
[2026-06-02 04:58:30]   --- storage_sload_k10_run17 (pbt) write-offset=31700000000 K=10 ---
[2026-06-02 04:58:30]   [geth] Stopping (SIGTERM, waiting up to 120s for clean exit): 1254111
[2026-06-02 04:58:33]   [geth] exited cleanly after 3s
[2026-06-02 04:58:33]   [cache] OS page cache dropped
Fatal: Could not create the account: account already exists
[2026-06-02 04:58:33]   [geth] Starting (pbt, gd=5, cold=1, dev.period=1, 1tx/block)
[2026-06-02 04:58:33]   [geth] Waiting for RPC...
[2026-06-02 04:58:37]   [geth] RPC ready after 5s
[2026-06-02 04:58:37]   [bench] Running execute remote...
[2026-06-02 04:58:45]   [bench] exit=0 passed=1 failed=0
0 missing_trie_node=0
0
[2026-06-02 04:58:45] 
[2026-06-02 04:58:45]   --- storage_sload_k10_run18 (pbt) write-offset=31800000000 K=10 ---
[2026-06-02 04:58:45]   [geth] Stopping (SIGTERM, waiting up to 120s for clean exit): 1254212
[2026-06-02 04:58:48]   [geth] exited cleanly after 3s
[2026-06-02 04:58:48]   [cache] OS page cache dropped
Fatal: Could not create the account: account already exists
[2026-06-02 04:58:48]   [geth] Starting (pbt, gd=5, cold=1, dev.period=1, 1tx/block)
[2026-06-02 04:58:48]   [geth] Waiting for RPC...
[2026-06-02 04:58:53]   [geth] RPC ready after 5s
[2026-06-02 04:58:53]   [bench] Running execute remote...
[2026-06-02 04:59:02]   [bench] exit=0 passed=1 failed=0
0 missing_trie_node=0
0
[2026-06-02 04:59:02] 
[2026-06-02 04:59:02]   --- storage_sload_k10_run19 (pbt) write-offset=31900000000 K=10 ---
[2026-06-02 04:59:02]   [geth] Stopping (SIGTERM, waiting up to 120s for clean exit): 1254297
[2026-06-02 04:59:05]   [geth] exited cleanly after 3s
[2026-06-02 04:59:05]   [cache] OS page cache dropped
Fatal: Could not create the account: account already exists
[2026-06-02 04:59:05]   [geth] Starting (pbt, gd=5, cold=1, dev.period=1, 1tx/block)
[2026-06-02 04:59:05]   [geth] Waiting for RPC...
[2026-06-02 04:59:09]   [geth] RPC ready after 5s
[2026-06-02 04:59:09]   [bench] Running execute remote...
[2026-06-02 04:59:18]   [bench] exit=0 passed=1 failed=0
0 missing_trie_node=0
0
[2026-06-02 04:59:18] 
[2026-06-02 04:59:18]   --- storage_sload_k10_run20 (pbt) write-offset=32000000000 K=10 ---
[2026-06-02 04:59:18]   [geth] Stopping (SIGTERM, waiting up to 120s for clean exit): 1254383
[2026-06-02 04:59:21]   [geth] exited cleanly after 3s
[2026-06-02 04:59:21]   [cache] OS page cache dropped
Fatal: Could not create the account: account already exists
[2026-06-02 04:59:21]   [geth] Starting (pbt, gd=5, cold=1, dev.period=1, 1tx/block)
[2026-06-02 04:59:21]   [geth] Waiting for RPC...
[2026-06-02 04:59:25]   [geth] RPC ready after 5s
[2026-06-02 04:59:25]   [bench] Running execute remote...
[2026-06-02 04:59:33]   [bench] exit=0 passed=1 failed=0
0 missing_trie_node=0
0
[2026-06-02 04:59:33] 
[2026-06-02 04:59:33]   ── BENCHMARK: storage_sload_k100 (pool=700 contracts; effective K=100)
[2026-06-02 04:59:33] 
[2026-06-02 04:59:33]   --- storage_sload_k100_run1 (pbt) write-offset=30100000000 K=100 ---
[2026-06-02 04:59:33]   [geth] Stopping (SIGTERM, waiting up to 120s for clean exit): 1254466
[2026-06-02 04:59:36]   [geth] exited cleanly after 3s
[2026-06-02 04:59:37]   [cache] OS page cache dropped
Fatal: Could not create the account: account already exists
[2026-06-02 04:59:37]   [geth] Starting (pbt, gd=5, cold=1, dev.period=1, 1tx/block)
[2026-06-02 04:59:37]   [geth] Waiting for RPC...
[2026-06-02 04:59:41]   [geth] RPC ready after 5s
[2026-06-02 04:59:41]   [bench] Running execute remote...
[2026-06-02 04:59:50]   [bench] exit=0 passed=1 failed=0
0 missing_trie_node=0
0
[2026-06-02 04:59:50] 
[2026-06-02 04:59:50]   --- storage_sload_k100_run2 (pbt) write-offset=30200000000 K=100 ---
[2026-06-02 04:59:50]   [geth] Stopping (SIGTERM, waiting up to 120s for clean exit): 1254575
[2026-06-02 04:59:53]   [geth] exited cleanly after 3s
[2026-06-02 04:59:53]   [cache] OS page cache dropped
Fatal: Could not create the account: account already exists
[2026-06-02 04:59:53]   [geth] Starting (pbt, gd=5, cold=1, dev.period=1, 1tx/block)
[2026-06-02 04:59:53]   [geth] Waiting for RPC...
[2026-06-02 04:59:57]   [geth] RPC ready after 5s
[2026-06-02 04:59:57]   [bench] Running execute remote...
[2026-06-02 05:00:06]   [bench] exit=0 passed=1 failed=0
0 missing_trie_node=0
0
[2026-06-02 05:00:06] 
[2026-06-02 05:00:06]   --- storage_sload_k100_run3 (pbt) write-offset=30300000000 K=100 ---
[2026-06-02 05:00:06]   [geth] Stopping (SIGTERM, waiting up to 120s for clean exit): 1254657
[2026-06-02 05:00:09]   [geth] exited cleanly after 3s
[2026-06-02 05:00:09]   [cache] OS page cache dropped
Fatal: Could not create the account: account already exists
[2026-06-02 05:00:09]   [geth] Starting (pbt, gd=5, cold=1, dev.period=1, 1tx/block)
[2026-06-02 05:00:09]   [geth] Waiting for RPC...
[2026-06-02 05:00:13]   [geth] RPC ready after 5s
[2026-06-02 05:00:13]   [bench] Running execute remote...
[2026-06-02 05:00:21]   [bench] exit=0 passed=1 failed=0
0 missing_trie_node=0
0
[2026-06-02 05:00:21] 
[2026-06-02 05:00:21]   --- storage_sload_k100_run4 (pbt) write-offset=30400000000 K=100 ---
[2026-06-02 05:00:21]   [geth] Stopping (SIGTERM, waiting up to 120s for clean exit): 1254740
[2026-06-02 05:00:24]   [geth] exited cleanly after 3s
[2026-06-02 05:00:25]   [cache] OS page cache dropped
Fatal: Could not create the account: account already exists
[2026-06-02 05:00:25]   [geth] Starting (pbt, gd=5, cold=1, dev.period=1, 1tx/block)
[2026-06-02 05:00:25]   [geth] Waiting for RPC...
[2026-06-02 05:00:29]   [geth] RPC ready after 5s
[2026-06-02 05:00:29]   [bench] Running execute remote...
[2026-06-02 05:00:37]   [bench] exit=0 passed=1 failed=0
0 missing_trie_node=0
0
[2026-06-02 05:00:37] 
[2026-06-02 05:00:37]   --- storage_sload_k100_run5 (pbt) write-offset=30500000000 K=100 ---
[2026-06-02 05:00:37]   [geth] Stopping (SIGTERM, waiting up to 120s for clean exit): 1254822
[2026-06-02 05:00:40]   [geth] exited cleanly after 3s
[2026-06-02 05:00:40]   [cache] OS page cache dropped
Fatal: Could not create the account: account already exists
[2026-06-02 05:00:40]   [geth] Starting (pbt, gd=5, cold=1, dev.period=1, 1tx/block)
[2026-06-02 05:00:40]   [geth] Waiting for RPC...
[2026-06-02 05:00:44]   [geth] RPC ready after 5s
[2026-06-02 05:00:44]   [bench] Running execute remote...
[2026-06-02 05:00:53]   [bench] exit=0 passed=1 failed=0
0 missing_trie_node=0
0
[2026-06-02 05:00:53] 
[2026-06-02 05:00:53]   --- storage_sload_k100_run6 (pbt) write-offset=30600000000 K=100 ---
[2026-06-02 05:00:53]   [geth] Stopping (SIGTERM, waiting up to 120s for clean exit): 1254946
[2026-06-02 05:00:56]   [geth] exited cleanly after 3s
[2026-06-02 05:00:56]   [cache] OS page cache dropped
Fatal: Could not create the account: account already exists
[2026-06-02 05:00:56]   [geth] Starting (pbt, gd=5, cold=1, dev.period=1, 1tx/block)
[2026-06-02 05:00:56]   [geth] Waiting for RPC...
[2026-06-02 05:01:00]   [geth] RPC ready after 5s
[2026-06-02 05:01:00]   [bench] Running execute remote...
[2026-06-02 05:01:08]   [bench] exit=0 passed=1 failed=0
0 missing_trie_node=0
0
[2026-06-02 05:01:08] 
[2026-06-02 05:01:09]   --- storage_sload_k100_run7 (pbt) write-offset=30700000000 K=100 ---
[2026-06-02 05:01:09]   [geth] Stopping (SIGTERM, waiting up to 120s for clean exit): 1255034
[2026-06-02 05:01:12]   [geth] exited cleanly after 3s
[2026-06-02 05:01:12]   [cache] OS page cache dropped
Fatal: Could not create the account: account already exists
[2026-06-02 05:01:12]   [geth] Starting (pbt, gd=5, cold=1, dev.period=1, 1tx/block)
[2026-06-02 05:01:12]   [geth] Waiting for RPC...
[2026-06-02 05:01:16]   [geth] RPC ready after 5s
[2026-06-02 05:01:16]   [bench] Running execute remote...
[2026-06-02 05:01:25]   [bench] exit=0 passed=1 failed=0
0 missing_trie_node=0
0
[2026-06-02 05:01:25] 
[2026-06-02 05:01:25]   --- storage_sload_k100_run8 (pbt) write-offset=30800000000 K=100 ---
[2026-06-02 05:01:25]   [geth] Stopping (SIGTERM, waiting up to 120s for clean exit): 1255119
[2026-06-02 05:01:28]   [geth] exited cleanly after 3s
[2026-06-02 05:01:28]   [cache] OS page cache dropped
Fatal: Could not create the account: account already exists
[2026-06-02 05:01:28]   [geth] Starting (pbt, gd=5, cold=1, dev.period=1, 1tx/block)
[2026-06-02 05:01:28]   [geth] Waiting for RPC...
[2026-06-02 05:01:32]   [geth] RPC ready after 5s
[2026-06-02 05:01:32]   [bench] Running execute remote...
[2026-06-02 05:01:40]   [bench] exit=0 passed=1 failed=0
0 missing_trie_node=0
0
[2026-06-02 05:01:40] 
[2026-06-02 05:01:40]   --- storage_sload_k100_run9 (pbt) write-offset=30900000000 K=100 ---
[2026-06-02 05:01:40]   [geth] Stopping (SIGTERM, waiting up to 120s for clean exit): 1255201
[2026-06-02 05:01:43]   [geth] exited cleanly after 3s
[2026-06-02 05:01:43]   [cache] OS page cache dropped
Fatal: Could not create the account: account already exists
[2026-06-02 05:01:43]   [geth] Starting (pbt, gd=5, cold=1, dev.period=1, 1tx/block)
[2026-06-02 05:01:43]   [geth] Waiting for RPC...
[2026-06-02 05:01:48]   [geth] RPC ready after 5s
[2026-06-02 05:01:48]   [bench] Running execute remote...
[2026-06-02 05:01:55]   [bench] exit=0 passed=1 failed=0
0 missing_trie_node=0
0
[2026-06-02 05:01:55] 
[2026-06-02 05:01:55]   --- storage_sload_k100_run10 (pbt) write-offset=31000000000 K=100 ---
[2026-06-02 05:01:55]   [geth] Stopping (SIGTERM, waiting up to 120s for clean exit): 1255290
[2026-06-02 05:01:58]   [geth] exited cleanly after 3s
[2026-06-02 05:01:59]   [cache] OS page cache dropped
Fatal: Could not create the account: account already exists
[2026-06-02 05:01:59]   [geth] Starting (pbt, gd=5, cold=1, dev.period=1, 1tx/block)
[2026-06-02 05:01:59]   [geth] Waiting for RPC...
[2026-06-02 05:02:03]   [geth] RPC ready after 5s
[2026-06-02 05:02:03]   [bench] Running execute remote...
[2026-06-02 05:02:11]   [bench] exit=0 passed=1 failed=0
0 missing_trie_node=0
0
[2026-06-02 05:02:11] 
[2026-06-02 05:02:11]   --- storage_sload_k100_run11 (pbt) write-offset=31100000000 K=100 ---
[2026-06-02 05:02:11]   [geth] Stopping (SIGTERM, waiting up to 120s for clean exit): 1255377
[2026-06-02 05:02:14]   [geth] exited cleanly after 3s
[2026-06-02 05:02:14]   [cache] OS page cache dropped
Fatal: Could not create the account: account already exists
[2026-06-02 05:02:14]   [geth] Starting (pbt, gd=5, cold=1, dev.period=1, 1tx/block)
[2026-06-02 05:02:14]   [geth] Waiting for RPC...
[2026-06-02 05:02:18]   [geth] RPC ready after 5s
[2026-06-02 05:02:18]   [bench] Running execute remote...
[2026-06-02 05:02:26]   [bench] exit=0 passed=1 failed=0
0 missing_trie_node=0
0
[2026-06-02 05:02:26] 
[2026-06-02 05:02:26]   --- storage_sload_k100_run12 (pbt) write-offset=31200000000 K=100 ---
[2026-06-02 05:02:26]   [geth] Stopping (SIGTERM, waiting up to 120s for clean exit): 1255462
[2026-06-02 05:02:29]   [geth] exited cleanly after 3s
[2026-06-02 05:02:29]   [cache] OS page cache dropped
Fatal: Could not create the account: account already exists
[2026-06-02 05:02:29]   [geth] Starting (pbt, gd=5, cold=1, dev.period=1, 1tx/block)
[2026-06-02 05:02:29]   [geth] Waiting for RPC...
[2026-06-02 05:02:33]   [geth] RPC ready after 5s
[2026-06-02 05:02:33]   [bench] Running execute remote...
[2026-06-02 05:02:41]   [bench] exit=0 passed=1 failed=0
0 missing_trie_node=0
0
[2026-06-02 05:02:41] 
[2026-06-02 05:02:41]   --- storage_sload_k100_run13 (pbt) write-offset=31300000000 K=100 ---
[2026-06-02 05:02:41]   [geth] Stopping (SIGTERM, waiting up to 120s for clean exit): 1255545
[2026-06-02 05:02:44]   [geth] exited cleanly after 3s
[2026-06-02 05:02:44]   [cache] OS page cache dropped
Fatal: Could not create the account: account already exists
[2026-06-02 05:02:44]   [geth] Starting (pbt, gd=5, cold=1, dev.period=1, 1tx/block)
[2026-06-02 05:02:44]   [geth] Waiting for RPC...
[2026-06-02 05:02:48]   [geth] RPC ready after 5s
[2026-06-02 05:02:49]   [bench] Running execute remote...
[2026-06-02 05:02:58]   [bench] exit=0 passed=1 failed=0
0 missing_trie_node=0
0
[2026-06-02 05:02:58] 
[2026-06-02 05:02:58]   --- storage_sload_k100_run14 (pbt) write-offset=31400000000 K=100 ---
[2026-06-02 05:02:58]   [geth] Stopping (SIGTERM, waiting up to 120s for clean exit): 1255631
[2026-06-02 05:03:01]   [geth] exited cleanly after 3s
[2026-06-02 05:03:01]   [cache] OS page cache dropped
Fatal: Could not create the account: account already exists
[2026-06-02 05:03:01]   [geth] Starting (pbt, gd=5, cold=1, dev.period=1, 1tx/block)
[2026-06-02 05:03:01]   [geth] Waiting for RPC...
[2026-06-02 05:03:05]   [geth] RPC ready after 5s
[2026-06-02 05:03:05]   [bench] Running execute remote...
[2026-06-02 05:03:13]   [bench] exit=0 passed=1 failed=0
0 missing_trie_node=0
0
[2026-06-02 05:03:13] 
[2026-06-02 05:03:13]   --- storage_sload_k100_run15 (pbt) write-offset=31500000000 K=100 ---
[2026-06-02 05:03:13]   [geth] Stopping (SIGTERM, waiting up to 120s for clean exit): 1255713
[2026-06-02 05:03:16]   [geth] exited cleanly after 3s
[2026-06-02 05:03:16]   [cache] OS page cache dropped
Fatal: Could not create the account: account already exists
[2026-06-02 05:03:16]   [geth] Starting (pbt, gd=5, cold=1, dev.period=1, 1tx/block)
[2026-06-02 05:03:16]   [geth] Waiting for RPC...
[2026-06-02 05:03:20]   [geth] RPC ready after 5s
[2026-06-02 05:03:20]   [bench] Running execute remote...
[2026-06-02 05:03:28]   [bench] exit=0 passed=1 failed=0
0 missing_trie_node=0
0
[2026-06-02 05:03:28] 
[2026-06-02 05:03:28]   --- storage_sload_k100_run16 (pbt) write-offset=31600000000 K=100 ---
[2026-06-02 05:03:28]   [geth] Stopping (SIGTERM, waiting up to 120s for clean exit): 1255796
[2026-06-02 05:03:31]   [geth] exited cleanly after 3s
[2026-06-02 05:03:31]   [cache] OS page cache dropped
Fatal: Could not create the account: account already exists
[2026-06-02 05:03:31]   [geth] Starting (pbt, gd=5, cold=1, dev.period=1, 1tx/block)
[2026-06-02 05:03:31]   [geth] Waiting for RPC...
[2026-06-02 05:03:35]   [geth] RPC ready after 5s
[2026-06-02 05:03:35]   [bench] Running execute remote...
[2026-06-02 05:03:43]   [bench] exit=0 passed=1 failed=0
0 missing_trie_node=0
0
[2026-06-02 05:03:43] 
[2026-06-02 05:03:43]   --- storage_sload_k100_run17 (pbt) write-offset=31700000000 K=100 ---
[2026-06-02 05:03:43]   [geth] Stopping (SIGTERM, waiting up to 120s for clean exit): 1255881
[2026-06-02 05:03:46]   [geth] exited cleanly after 3s
[2026-06-02 05:03:47]   [cache] OS page cache dropped
Fatal: Could not create the account: account already exists
[2026-06-02 05:03:47]   [geth] Starting (pbt, gd=5, cold=1, dev.period=1, 1tx/block)
[2026-06-02 05:03:47]   [geth] Waiting for RPC...
[2026-06-02 05:03:51]   [geth] RPC ready after 5s
[2026-06-02 05:03:51]   [bench] Running execute remote...
[2026-06-02 05:04:00]   [bench] exit=0 passed=1 failed=0
0 missing_trie_node=0
0
[2026-06-02 05:04:00] 
[2026-06-02 05:04:00]   --- storage_sload_k100_run18 (pbt) write-offset=31800000000 K=100 ---
[2026-06-02 05:04:00]   [geth] Stopping (SIGTERM, waiting up to 120s for clean exit): 1255965
[2026-06-02 05:04:03]   [geth] exited cleanly after 3s
[2026-06-02 05:04:03]   [cache] OS page cache dropped
Fatal: Could not create the account: account already exists
[2026-06-02 05:04:03]   [geth] Starting (pbt, gd=5, cold=1, dev.period=1, 1tx/block)
[2026-06-02 05:04:03]   [geth] Waiting for RPC...
[2026-06-02 05:04:07]   [geth] RPC ready after 5s
[2026-06-02 05:04:07]   [bench] Running execute remote...
[2026-06-02 05:04:15]   [bench] exit=0 passed=1 failed=0
0 missing_trie_node=0
0
[2026-06-02 05:04:15] 
[2026-06-02 05:04:15]   --- storage_sload_k100_run19 (pbt) write-offset=31900000000 K=100 ---
[2026-06-02 05:04:15]   [geth] Stopping (SIGTERM, waiting up to 120s for clean exit): 1256052
[2026-06-02 05:04:18]   [geth] exited cleanly after 3s
[2026-06-02 05:04:18]   [cache] OS page cache dropped
Fatal: Could not create the account: account already exists
[2026-06-02 05:04:18]   [geth] Starting (pbt, gd=5, cold=1, dev.period=1, 1tx/block)
[2026-06-02 05:04:18]   [geth] Waiting for RPC...
[2026-06-02 05:04:22]   [geth] RPC ready after 5s
[2026-06-02 05:04:22]   [bench] Running execute remote...
[2026-06-02 05:04:30]   [bench] exit=0 passed=1 failed=0
0 missing_trie_node=0
0
[2026-06-02 05:04:30] 
[2026-06-02 05:04:30]   --- storage_sload_k100_run20 (pbt) write-offset=32000000000 K=100 ---
[2026-06-02 05:04:30]   [geth] Stopping (SIGTERM, waiting up to 120s for clean exit): 1256150
[2026-06-02 05:04:33]   [geth] exited cleanly after 3s
[2026-06-02 05:04:34]   [cache] OS page cache dropped
Fatal: Could not create the account: account already exists
[2026-06-02 05:04:34]   [geth] Starting (pbt, gd=5, cold=1, dev.period=1, 1tx/block)
[2026-06-02 05:04:34]   [geth] Waiting for RPC...
[2026-06-02 05:04:38]   [geth] RPC ready after 5s
[2026-06-02 05:04:38]   [bench] Running execute remote...
[2026-06-02 05:04:47]   [bench] exit=0 passed=1 failed=0
0 missing_trie_node=0
0
[2026-06-02 05:04:47] 
[2026-06-02 05:04:47]   ── BENCHMARK: storage_sload_k400 (pool=700 contracts; effective K=400)
[2026-06-02 05:04:47] 
[2026-06-02 05:04:47]   --- storage_sload_k400_run1 (pbt) write-offset=30100000000 K=400 ---
[2026-06-02 05:04:47]   [geth] Stopping (SIGTERM, waiting up to 120s for clean exit): 1256234
[2026-06-02 05:04:50]   [geth] exited cleanly after 3s
[2026-06-02 05:04:50]   [cache] OS page cache dropped
Fatal: Could not create the account: account already exists
[2026-06-02 05:04:50]   [geth] Starting (pbt, gd=5, cold=1, dev.period=1, 1tx/block)
[2026-06-02 05:04:50]   [geth] Waiting for RPC...
[2026-06-02 05:04:54]   [geth] RPC ready after 5s
[2026-06-02 05:04:54]   [bench] Running execute remote...
[2026-06-02 05:05:02]   [bench] exit=0 passed=1 failed=0
0 missing_trie_node=0
0
[2026-06-02 05:05:02] 
[2026-06-02 05:05:02]   --- storage_sload_k400_run2 (pbt) write-offset=30200000000 K=400 ---
[2026-06-02 05:05:02]   [geth] Stopping (SIGTERM, waiting up to 120s for clean exit): 1256344
[2026-06-02 05:05:05]   [geth] exited cleanly after 3s
[2026-06-02 05:05:05]   [cache] OS page cache dropped
Fatal: Could not create the account: account already exists
[2026-06-02 05:05:05]   [geth] Starting (pbt, gd=5, cold=1, dev.period=1, 1tx/block)
[2026-06-02 05:05:05]   [geth] Waiting for RPC...
[2026-06-02 05:05:09]   [geth] RPC ready after 5s
[2026-06-02 05:05:09]   [bench] Running execute remote...
[2026-06-02 05:05:17]   [bench] exit=0 passed=1 failed=0
0 missing_trie_node=0
0
[2026-06-02 05:05:17] 
[2026-06-02 05:05:17]   --- storage_sload_k400_run3 (pbt) write-offset=30300000000 K=400 ---
[2026-06-02 05:05:17]   [geth] Stopping (SIGTERM, waiting up to 120s for clean exit): 1256429
[2026-06-02 05:05:20]   [geth] exited cleanly after 3s
[2026-06-02 05:05:20]   [cache] OS page cache dropped
Fatal: Could not create the account: account already exists
[2026-06-02 05:05:21]   [geth] Starting (pbt, gd=5, cold=1, dev.period=1, 1tx/block)
[2026-06-02 05:05:21]   [geth] Waiting for RPC...
[2026-06-02 05:05:25]   [geth] RPC ready after 5s
[2026-06-02 05:05:25]   [bench] Running execute remote...
[2026-06-02 05:05:33]   [bench] exit=0 passed=1 failed=0
0 missing_trie_node=0
0
[2026-06-02 05:05:33] 
[2026-06-02 05:05:33]   --- storage_sload_k400_run4 (pbt) write-offset=30400000000 K=400 ---
[2026-06-02 05:05:33]   [geth] Stopping (SIGTERM, waiting up to 120s for clean exit): 1256512
[2026-06-02 05:05:36]   [geth] exited cleanly after 3s
[2026-06-02 05:05:36]   [cache] OS page cache dropped
Fatal: Could not create the account: account already exists
[2026-06-02 05:05:36]   [geth] Starting (pbt, gd=5, cold=1, dev.period=1, 1tx/block)
[2026-06-02 05:05:36]   [geth] Waiting for RPC...
[2026-06-02 05:05:40]   [geth] RPC ready after 5s
[2026-06-02 05:05:40]   [bench] Running execute remote...
[2026-06-02 05:05:48]   [bench] exit=0 passed=1 failed=0
0 missing_trie_node=0
0
[2026-06-02 05:05:48] 
[2026-06-02 05:05:48]   --- storage_sload_k400_run5 (pbt) write-offset=30500000000 K=400 ---
[2026-06-02 05:05:48]   [geth] Stopping (SIGTERM, waiting up to 120s for clean exit): 1256599
[2026-06-02 05:05:51]   [geth] exited cleanly after 3s
[2026-06-02 05:05:51]   [cache] OS page cache dropped
Fatal: Could not create the account: account already exists
[2026-06-02 05:05:51]   [geth] Starting (pbt, gd=5, cold=1, dev.period=1, 1tx/block)
[2026-06-02 05:05:51]   [geth] Waiting for RPC...
[2026-06-02 05:05:55]   [geth] RPC ready after 5s
[2026-06-02 05:05:55]   [bench] Running execute remote...
[2026-06-02 05:06:03]   [bench] exit=0 passed=1 failed=0
0 missing_trie_node=0
0
[2026-06-02 05:06:03] 
[2026-06-02 05:06:03]   --- storage_sload_k400_run6 (pbt) write-offset=30600000000 K=400 ---
[2026-06-02 05:06:03]   [geth] Stopping (SIGTERM, waiting up to 120s for clean exit): 1256683
[2026-06-02 05:06:06]   [geth] exited cleanly after 3s
[2026-06-02 05:06:06]   [cache] OS page cache dropped
Fatal: Could not create the account: account already exists
[2026-06-02 05:06:06]   [geth] Starting (pbt, gd=5, cold=1, dev.period=1, 1tx/block)
[2026-06-02 05:06:06]   [geth] Waiting for RPC...
[2026-06-02 05:06:10]   [geth] RPC ready after 5s
[2026-06-02 05:06:10]   [bench] Running execute remote...
[2026-06-02 05:06:19]   [bench] exit=0 passed=1 failed=0
0 missing_trie_node=0
0
[2026-06-02 05:06:19] 
[2026-06-02 05:06:19]   --- storage_sload_k400_run7 (pbt) write-offset=30700000000 K=400 ---
[2026-06-02 05:06:19]   [geth] Stopping (SIGTERM, waiting up to 120s for clean exit): 1256769
[2026-06-02 05:06:22]   [geth] exited cleanly after 3s
[2026-06-02 05:06:23]   [cache] OS page cache dropped
Fatal: Could not create the account: account already exists
[2026-06-02 05:06:23]   [geth] Starting (pbt, gd=5, cold=1, dev.period=1, 1tx/block)
[2026-06-02 05:06:23]   [geth] Waiting for RPC...
[2026-06-02 05:06:27]   [geth] RPC ready after 5s
[2026-06-02 05:06:27]   [bench] Running execute remote...
[2026-06-02 05:06:35]   [bench] exit=0 passed=1 failed=0
0 missing_trie_node=0
0
[2026-06-02 05:06:35] 
[2026-06-02 05:06:35]   --- storage_sload_k400_run8 (pbt) write-offset=30800000000 K=400 ---
[2026-06-02 05:06:35]   [geth] Stopping (SIGTERM, waiting up to 120s for clean exit): 1256851
[2026-06-02 05:06:38]   [geth] exited cleanly after 3s
[2026-06-02 05:06:38]   [cache] OS page cache dropped
Fatal: Could not create the account: account already exists
[2026-06-02 05:06:38]   [geth] Starting (pbt, gd=5, cold=1, dev.period=1, 1tx/block)
[2026-06-02 05:06:38]   [geth] Waiting for RPC...
[2026-06-02 05:06:42]   [geth] RPC ready after 5s
[2026-06-02 05:06:42]   [bench] Running execute remote...
[2026-06-02 05:06:50]   [bench] exit=0 passed=1 failed=0
0 missing_trie_node=0
0
[2026-06-02 05:06:50] 
[2026-06-02 05:06:50]   --- storage_sload_k400_run9 (pbt) write-offset=30900000000 K=400 ---
[2026-06-02 05:06:50]   [geth] Stopping (SIGTERM, waiting up to 120s for clean exit): 1256934
[2026-06-02 05:06:53]   [geth] exited cleanly after 3s
[2026-06-02 05:06:53]   [cache] OS page cache dropped
Fatal: Could not create the account: account already exists
[2026-06-02 05:06:53]   [geth] Starting (pbt, gd=5, cold=1, dev.period=1, 1tx/block)
[2026-06-02 05:06:53]   [geth] Waiting for RPC...
[2026-06-02 05:06:57]   [geth] RPC ready after 5s
[2026-06-02 05:06:57]   [bench] Running execute remote...
[2026-06-02 05:07:05]   [bench] exit=0 passed=1 failed=0
0 missing_trie_node=0
0
[2026-06-02 05:07:05] 
[2026-06-02 05:07:05]   --- storage_sload_k400_run10 (pbt) write-offset=31000000000 K=400 ---
[2026-06-02 05:07:05]   [geth] Stopping (SIGTERM, waiting up to 120s for clean exit): 1257019
[2026-06-02 05:07:08]   [geth] exited cleanly after 3s
[2026-06-02 05:07:08]   [cache] OS page cache dropped
Fatal: Could not create the account: account already exists
[2026-06-02 05:07:08]   [geth] Starting (pbt, gd=5, cold=1, dev.period=1, 1tx/block)
[2026-06-02 05:07:08]   [geth] Waiting for RPC...
[2026-06-02 05:07:13]   [geth] RPC ready after 5s
[2026-06-02 05:07:13]   [bench] Running execute remote...
[2026-06-02 05:07:21]   [bench] exit=0 passed=1 failed=0
0 missing_trie_node=0
0
[2026-06-02 05:07:21] 
[2026-06-02 05:07:21]   --- storage_sload_k400_run11 (pbt) write-offset=31100000000 K=400 ---
[2026-06-02 05:07:21]   [geth] Stopping (SIGTERM, waiting up to 120s for clean exit): 1257105
[2026-06-02 05:07:24]   [geth] exited cleanly after 3s
[2026-06-02 05:07:25]   [cache] OS page cache dropped
Fatal: Could not create the account: account already exists
[2026-06-02 05:07:25]   [geth] Starting (pbt, gd=5, cold=1, dev.period=1, 1tx/block)
[2026-06-02 05:07:25]   [geth] Waiting for RPC...
[2026-06-02 05:07:29]   [geth] RPC ready after 5s
[2026-06-02 05:07:29]   [bench] Running execute remote...
[2026-06-02 05:07:37]   [bench] exit=0 passed=1 failed=0
0 missing_trie_node=0
0
[2026-06-02 05:07:37] 
[2026-06-02 05:07:37]   --- storage_sload_k400_run12 (pbt) write-offset=31200000000 K=400 ---
[2026-06-02 05:07:37]   [geth] Stopping (SIGTERM, waiting up to 120s for clean exit): 1257184
[2026-06-02 05:07:40]   [geth] exited cleanly after 3s
[2026-06-02 05:07:40]   [cache] OS page cache dropped
Fatal: Could not create the account: account already exists
[2026-06-02 05:07:40]   [geth] Starting (pbt, gd=5, cold=1, dev.period=1, 1tx/block)
[2026-06-02 05:07:40]   [geth] Waiting for RPC...
[2026-06-02 05:07:44]   [geth] RPC ready after 5s
[2026-06-02 05:07:44]   [bench] Running execute remote...
[2026-06-02 05:07:52]   [bench] exit=0 passed=1 failed=0
0 missing_trie_node=0
0
[2026-06-02 05:07:52] 
[2026-06-02 05:07:52]   --- storage_sload_k400_run13 (pbt) write-offset=31300000000 K=400 ---
[2026-06-02 05:07:52]   [geth] Stopping (SIGTERM, waiting up to 120s for clean exit): 1257267
[2026-06-02 05:07:55]   [geth] exited cleanly after 3s
[2026-06-02 05:07:55]   [cache] OS page cache dropped
Fatal: Could not create the account: account already exists
[2026-06-02 05:07:55]   [geth] Starting (pbt, gd=5, cold=1, dev.period=1, 1tx/block)
[2026-06-02 05:07:55]   [geth] Waiting for RPC...
[2026-06-02 05:07:59]   [geth] RPC ready after 5s
[2026-06-02 05:07:59]   [bench] Running execute remote...
[2026-06-02 05:08:07]   [bench] exit=0 passed=1 failed=0
0 missing_trie_node=0
0
[2026-06-02 05:08:07] 
[2026-06-02 05:08:07]   --- storage_sload_k400_run14 (pbt) write-offset=31400000000 K=400 ---
[2026-06-02 05:08:07]   [geth] Stopping (SIGTERM, waiting up to 120s for clean exit): 1257354
[2026-06-02 05:08:10]   [geth] exited cleanly after 3s
[2026-06-02 05:08:10]   [cache] OS page cache dropped
Fatal: Could not create the account: account already exists
[2026-06-02 05:08:10]   [geth] Starting (pbt, gd=5, cold=1, dev.period=1, 1tx/block)
[2026-06-02 05:08:10]   [geth] Waiting for RPC...
[2026-06-02 05:08:15]   [geth] RPC ready after 5s
[2026-06-02 05:08:15]   [bench] Running execute remote...
[2026-06-02 05:08:23]   [bench] exit=0 passed=1 failed=0
0 missing_trie_node=0
0
[2026-06-02 05:08:23] 
[2026-06-02 05:08:23]   --- storage_sload_k400_run15 (pbt) write-offset=31500000000 K=400 ---
[2026-06-02 05:08:23]   [geth] Stopping (SIGTERM, waiting up to 120s for clean exit): 1257437
[2026-06-02 05:08:26]   [geth] exited cleanly after 3s
[2026-06-02 05:08:26]   [cache] OS page cache dropped
Fatal: Could not create the account: account already exists
[2026-06-02 05:08:26]   [geth] Starting (pbt, gd=5, cold=1, dev.period=1, 1tx/block)
[2026-06-02 05:08:26]   [geth] Waiting for RPC...
[2026-06-02 05:08:30]   [geth] RPC ready after 5s
[2026-06-02 05:08:30]   [bench] Running execute remote...
[2026-06-02 05:08:38]   [bench] exit=0 passed=1 failed=0
0 missing_trie_node=0
0
[2026-06-02 05:08:38] 
[2026-06-02 05:08:38]   --- storage_sload_k400_run16 (pbt) write-offset=31600000000 K=400 ---
[2026-06-02 05:08:38]   [geth] Stopping (SIGTERM, waiting up to 120s for clean exit): 1257523
[2026-06-02 05:08:41]   [geth] exited cleanly after 3s
[2026-06-02 05:08:41]   [cache] OS page cache dropped
Fatal: Could not create the account: account already exists
[2026-06-02 05:08:41]   [geth] Starting (pbt, gd=5, cold=1, dev.period=1, 1tx/block)
[2026-06-02 05:08:41]   [geth] Waiting for RPC...
[2026-06-02 05:08:45]   [geth] RPC ready after 5s
[2026-06-02 05:08:45]   [bench] Running execute remote...
[2026-06-02 05:08:54]   [bench] exit=0 passed=1 failed=0
0 missing_trie_node=0
0
[2026-06-02 05:08:54] 
[2026-06-02 05:08:54]   --- storage_sload_k400_run17 (pbt) write-offset=31700000000 K=400 ---
[2026-06-02 05:08:54]   [geth] Stopping (SIGTERM, waiting up to 120s for clean exit): 1257609
[2026-06-02 05:08:57]   [geth] exited cleanly after 3s
[2026-06-02 05:08:57]   [cache] OS page cache dropped
Fatal: Could not create the account: account already exists
[2026-06-02 05:08:57]   [geth] Starting (pbt, gd=5, cold=1, dev.period=1, 1tx/block)
[2026-06-02 05:08:57]   [geth] Waiting for RPC...
[2026-06-02 05:09:01]   [geth] RPC ready after 5s
[2026-06-02 05:09:01]   [bench] Running execute remote...
[2026-06-02 05:09:09]   [bench] exit=0 passed=1 failed=0
0 missing_trie_node=0
0
[2026-06-02 05:09:09] 
[2026-06-02 05:09:09]   --- storage_sload_k400_run18 (pbt) write-offset=31800000000 K=400 ---
[2026-06-02 05:09:09]   [geth] Stopping (SIGTERM, waiting up to 120s for clean exit): 1257693
[2026-06-02 05:09:12]   [geth] exited cleanly after 3s
[2026-06-02 05:09:12]   [cache] OS page cache dropped
Fatal: Could not create the account: account already exists
[2026-06-02 05:09:13]   [geth] Starting (pbt, gd=5, cold=1, dev.period=1, 1tx/block)
[2026-06-02 05:09:13]   [geth] Waiting for RPC...
[2026-06-02 05:09:17]   [geth] RPC ready after 5s
[2026-06-02 05:09:17]   [bench] Running execute remote...
[2026-06-02 05:09:25]   [bench] exit=0 passed=1 failed=0
0 missing_trie_node=0
0
[2026-06-02 05:09:25] 
[2026-06-02 05:09:25]   --- storage_sload_k400_run19 (pbt) write-offset=31900000000 K=400 ---
[2026-06-02 05:09:25]   [geth] Stopping (SIGTERM, waiting up to 120s for clean exit): 1257782
[2026-06-02 05:09:28]   [geth] exited cleanly after 3s
[2026-06-02 05:09:28]   [cache] OS page cache dropped
Fatal: Could not create the account: account already exists
[2026-06-02 05:09:28]   [geth] Starting (pbt, gd=5, cold=1, dev.period=1, 1tx/block)
[2026-06-02 05:09:28]   [geth] Waiting for RPC...
[2026-06-02 05:09:32]   [geth] RPC ready after 5s
[2026-06-02 05:09:32]   [bench] Running execute remote...
[2026-06-02 05:09:40]   [bench] exit=0 passed=1 failed=0
0 missing_trie_node=0
0
[2026-06-02 05:09:40] 
[2026-06-02 05:09:40]   --- storage_sload_k400_run20 (pbt) write-offset=32000000000 K=400 ---
[2026-06-02 05:09:40]   [geth] Stopping (SIGTERM, waiting up to 120s for clean exit): 1257863
[2026-06-02 05:09:43]   [geth] exited cleanly after 3s
[2026-06-02 05:09:43]   [cache] OS page cache dropped
Fatal: Could not create the account: account already exists
[2026-06-02 05:09:43]   [geth] Starting (pbt, gd=5, cold=1, dev.period=1, 1tx/block)
[2026-06-02 05:09:43]   [geth] Waiting for RPC...
[2026-06-02 05:09:47]   [geth] RPC ready after 5s
[2026-06-02 05:09:47]   [bench] Running execute remote...
[2026-06-02 05:09:55]   [bench] exit=0 passed=1 failed=0
0 missing_trie_node=0
0
[2026-06-02 05:09:55] 
[2026-06-02 05:09:55]   ── BENCHMARK: storage_sload_k700 (pool=700 contracts; effective K=700)
[2026-06-02 05:09:55] 
[2026-06-02 05:09:55]   --- storage_sload_k700_run1 (pbt) write-offset=30100000000 K=700 ---
[2026-06-02 05:09:55]   [geth] Stopping (SIGTERM, waiting up to 120s for clean exit): 1257991
[2026-06-02 05:09:58]   [geth] exited cleanly after 3s
[2026-06-02 05:09:59]   [cache] OS page cache dropped
Fatal: Could not create the account: account already exists
[2026-06-02 05:09:59]   [geth] Starting (pbt, gd=5, cold=1, dev.period=1, 1tx/block)
[2026-06-02 05:09:59]   [geth] Waiting for RPC...
[2026-06-02 05:10:03]   [geth] RPC ready after 5s
[2026-06-02 05:10:03]   [bench] Running execute remote...
[2026-06-02 05:10:11]   [bench] exit=0 passed=1 failed=0
0 missing_trie_node=0
0
[2026-06-02 05:10:11] 
[2026-06-02 05:10:11]   --- storage_sload_k700_run2 (pbt) write-offset=30200000000 K=700 ---
[2026-06-02 05:10:11]   [geth] Stopping (SIGTERM, waiting up to 120s for clean exit): 1258110
[2026-06-02 05:10:14]   [geth] exited cleanly after 3s
[2026-06-02 05:10:14]   [cache] OS page cache dropped
Fatal: Could not create the account: account already exists
[2026-06-02 05:10:14]   [geth] Starting (pbt, gd=5, cold=1, dev.period=1, 1tx/block)
[2026-06-02 05:10:14]   [geth] Waiting for RPC...
[2026-06-02 05:10:18]   [geth] RPC ready after 5s
[2026-06-02 05:10:18]   [bench] Running execute remote...
[2026-06-02 05:10:26]   [bench] exit=0 passed=1 failed=0
0 missing_trie_node=0
0
[2026-06-02 05:10:26] 
[2026-06-02 05:10:26]   --- storage_sload_k700_run3 (pbt) write-offset=30300000000 K=700 ---
[2026-06-02 05:10:26]   [geth] Stopping (SIGTERM, waiting up to 120s for clean exit): 1258193
[2026-06-02 05:10:29]   [geth] exited cleanly after 3s
[2026-06-02 05:10:29]   [cache] OS page cache dropped
Fatal: Could not create the account: account already exists
[2026-06-02 05:10:29]   [geth] Starting (pbt, gd=5, cold=1, dev.period=1, 1tx/block)
[2026-06-02 05:10:29]   [geth] Waiting for RPC...
[2026-06-02 05:10:33]   [geth] RPC ready after 5s
[2026-06-02 05:10:33]   [bench] Running execute remote...
[2026-06-02 05:10:41]   [bench] exit=0 passed=1 failed=0
0 missing_trie_node=0
0
[2026-06-02 05:10:41] 
[2026-06-02 05:10:41]   --- storage_sload_k700_run4 (pbt) write-offset=30400000000 K=700 ---
[2026-06-02 05:10:41]   [geth] Stopping (SIGTERM, waiting up to 120s for clean exit): 1258280
[2026-06-02 05:10:44]   [geth] exited cleanly after 3s
[2026-06-02 05:10:45]   [cache] OS page cache dropped
Fatal: Could not create the account: account already exists
[2026-06-02 05:10:45]   [geth] Starting (pbt, gd=5, cold=1, dev.period=1, 1tx/block)
[2026-06-02 05:10:45]   [geth] Waiting for RPC...
[2026-06-02 05:10:49]   [geth] RPC ready after 5s
[2026-06-02 05:10:49]   [bench] Running execute remote...
[2026-06-02 05:10:57]   [bench] exit=0 passed=1 failed=0
0 missing_trie_node=0
0
[2026-06-02 05:10:57] 
[2026-06-02 05:10:57]   --- storage_sload_k700_run5 (pbt) write-offset=30500000000 K=700 ---
[2026-06-02 05:10:57]   [geth] Stopping (SIGTERM, waiting up to 120s for clean exit): 1258366
[2026-06-02 05:11:00]   [geth] exited cleanly after 3s
[2026-06-02 05:11:00]   [cache] OS page cache dropped
Fatal: Could not create the account: account already exists
[2026-06-02 05:11:00]   [geth] Starting (pbt, gd=5, cold=1, dev.period=1, 1tx/block)
[2026-06-02 05:11:00]   [geth] Waiting for RPC...
[2026-06-02 05:11:04]   [geth] RPC ready after 5s
[2026-06-02 05:11:04]   [bench] Running execute remote...
[2026-06-02 05:11:12]   [bench] exit=0 passed=1 failed=0
0 missing_trie_node=0
0
[2026-06-02 05:11:12] 
[2026-06-02 05:11:12]   --- storage_sload_k700_run6 (pbt) write-offset=30600000000 K=700 ---
[2026-06-02 05:11:12]   [geth] Stopping (SIGTERM, waiting up to 120s for clean exit): 1258448
[2026-06-02 05:11:15]   [geth] exited cleanly after 3s
[2026-06-02 05:11:15]   [cache] OS page cache dropped
Fatal: Could not create the account: account already exists
[2026-06-02 05:11:15]   [geth] Starting (pbt, gd=5, cold=1, dev.period=1, 1tx/block)
[2026-06-02 05:11:15]   [geth] Waiting for RPC...
[2026-06-02 05:11:19]   [geth] RPC ready after 5s
[2026-06-02 05:11:19]   [bench] Running execute remote...
[2026-06-02 05:11:27]   [bench] exit=0 passed=1 failed=0
0 missing_trie_node=0
0
[2026-06-02 05:11:27] 
[2026-06-02 05:11:27]   --- storage_sload_k700_run7 (pbt) write-offset=30700000000 K=700 ---
[2026-06-02 05:11:27]   [geth] Stopping (SIGTERM, waiting up to 120s for clean exit): 1258534
[2026-06-02 05:11:30]   [geth] exited cleanly after 3s
[2026-06-02 05:11:31]   [cache] OS page cache dropped
Fatal: Could not create the account: account already exists
[2026-06-02 05:11:31]   [geth] Starting (pbt, gd=5, cold=1, dev.period=1, 1tx/block)
[2026-06-02 05:11:31]   [geth] Waiting for RPC...
[2026-06-02 05:11:35]   [geth] RPC ready after 5s
[2026-06-02 05:11:35]   [bench] Running execute remote...
[2026-06-02 05:11:43]   [bench] exit=0 passed=1 failed=0
0 missing_trie_node=0
0
[2026-06-02 05:11:43] 
[2026-06-02 05:11:43]   --- storage_sload_k700_run8 (pbt) write-offset=30800000000 K=700 ---
[2026-06-02 05:11:43]   [geth] Stopping (SIGTERM, waiting up to 120s for clean exit): 1258616
[2026-06-02 05:11:46]   [geth] exited cleanly after 3s
[2026-06-02 05:11:46]   [cache] OS page cache dropped
Fatal: Could not create the account: account already exists
[2026-06-02 05:11:46]   [geth] Starting (pbt, gd=5, cold=1, dev.period=1, 1tx/block)
[2026-06-02 05:11:46]   [geth] Waiting for RPC...
[2026-06-02 05:11:50]   [geth] RPC ready after 5s
[2026-06-02 05:11:50]   [bench] Running execute remote...
[2026-06-02 05:11:59]   [bench] exit=0 passed=1 failed=0
0 missing_trie_node=0
0
[2026-06-02 05:11:59] 
[2026-06-02 05:11:59]   --- storage_sload_k700_run9 (pbt) write-offset=30900000000 K=700 ---
[2026-06-02 05:11:59]   [geth] Stopping (SIGTERM, waiting up to 120s for clean exit): 1258701
[2026-06-02 05:12:02]   [geth] exited cleanly after 3s
[2026-06-02 05:12:02]   [cache] OS page cache dropped
Fatal: Could not create the account: account already exists
[2026-06-02 05:12:02]   [geth] Starting (pbt, gd=5, cold=1, dev.period=1, 1tx/block)
[2026-06-02 05:12:02]   [geth] Waiting for RPC...
[2026-06-02 05:12:06]   [geth] RPC ready after 5s
[2026-06-02 05:12:06]   [bench] Running execute remote...
[2026-06-02 05:12:14]   [bench] exit=0 passed=1 failed=0
0 missing_trie_node=0
0
[2026-06-02 05:12:14] 
[2026-06-02 05:12:14]   --- storage_sload_k700_run10 (pbt) write-offset=31000000000 K=700 ---
[2026-06-02 05:12:14]   [geth] Stopping (SIGTERM, waiting up to 120s for clean exit): 1258786
[2026-06-02 05:12:17]   [geth] exited cleanly after 3s
[2026-06-02 05:12:17]   [cache] OS page cache dropped
Fatal: Could not create the account: account already exists
[2026-06-02 05:12:18]   [geth] Starting (pbt, gd=5, cold=1, dev.period=1, 1tx/block)
[2026-06-02 05:12:18]   [geth] Waiting for RPC...
[2026-06-02 05:12:22]   [geth] RPC ready after 5s
[2026-06-02 05:12:22]   [bench] Running execute remote...
[2026-06-02 05:12:30]   [bench] exit=0 passed=1 failed=0
0 missing_trie_node=0
0
[2026-06-02 05:12:30] 
[2026-06-02 05:12:30]   --- storage_sload_k700_run11 (pbt) write-offset=31100000000 K=700 ---
[2026-06-02 05:12:30]   [geth] Stopping (SIGTERM, waiting up to 120s for clean exit): 1258869
[2026-06-02 05:12:33]   [geth] exited cleanly after 3s
[2026-06-02 05:12:33]   [cache] OS page cache dropped
Fatal: Could not create the account: account already exists
[2026-06-02 05:12:33]   [geth] Starting (pbt, gd=5, cold=1, dev.period=1, 1tx/block)
[2026-06-02 05:12:33]   [geth] Waiting for RPC...
[2026-06-02 05:12:37]   [geth] RPC ready after 5s
[2026-06-02 05:12:37]   [bench] Running execute remote...
[2026-06-02 05:12:45]   [bench] exit=0 passed=1 failed=0
0 missing_trie_node=0
0
[2026-06-02 05:12:45] 
[2026-06-02 05:12:45]   --- storage_sload_k700_run12 (pbt) write-offset=31200000000 K=700 ---
[2026-06-02 05:12:45]   [geth] Stopping (SIGTERM, waiting up to 120s for clean exit): 1258955
[2026-06-02 05:12:48]   [geth] exited cleanly after 3s
[2026-06-02 05:12:48]   [cache] OS page cache dropped
Fatal: Could not create the account: account already exists
[2026-06-02 05:12:48]   [geth] Starting (pbt, gd=5, cold=1, dev.period=1, 1tx/block)
[2026-06-02 05:12:48]   [geth] Waiting for RPC...
[2026-06-02 05:12:52]   [geth] RPC ready after 5s
[2026-06-02 05:12:52]   [bench] Running execute remote...
[2026-06-02 05:13:00]   [bench] exit=0 passed=1 failed=0
0 missing_trie_node=0
0
[2026-06-02 05:13:00] 
[2026-06-02 05:13:00]   --- storage_sload_k700_run13 (pbt) write-offset=31300000000 K=700 ---
[2026-06-02 05:13:00]   [geth] Stopping (SIGTERM, waiting up to 120s for clean exit): 1259041
[2026-06-02 05:13:03]   [geth] exited cleanly after 3s
[2026-06-02 05:13:03]   [cache] OS page cache dropped
Fatal: Could not create the account: account already exists
[2026-06-02 05:13:03]   [geth] Starting (pbt, gd=5, cold=1, dev.period=1, 1tx/block)
[2026-06-02 05:13:03]   [geth] Waiting for RPC...
[2026-06-02 05:13:08]   [geth] RPC ready after 5s
[2026-06-02 05:13:08]   [bench] Running execute remote...
[2026-06-02 05:13:16]   [bench] exit=0 passed=1 failed=0
0 missing_trie_node=0
0
[2026-06-02 05:13:16] 
[2026-06-02 05:13:16]   --- storage_sload_k700_run14 (pbt) write-offset=31400000000 K=700 ---
[2026-06-02 05:13:16]   [geth] Stopping (SIGTERM, waiting up to 120s for clean exit): 1259122
[2026-06-02 05:13:19]   [geth] exited cleanly after 3s
[2026-06-02 05:13:19]   [cache] OS page cache dropped
Fatal: Could not create the account: account already exists
[2026-06-02 05:13:19]   [geth] Starting (pbt, gd=5, cold=1, dev.period=1, 1tx/block)
[2026-06-02 05:13:19]   [geth] Waiting for RPC...
[2026-06-02 05:13:23]   [geth] RPC ready after 5s
[2026-06-02 05:13:23]   [bench] Running execute remote...
[2026-06-02 05:13:31]   [bench] exit=0 passed=1 failed=0
0 missing_trie_node=0
0
[2026-06-02 05:13:31] 
[2026-06-02 05:13:31]   --- storage_sload_k700_run15 (pbt) write-offset=31500000000 K=700 ---
[2026-06-02 05:13:31]   [geth] Stopping (SIGTERM, waiting up to 120s for clean exit): 1259205
[2026-06-02 05:13:34]   [geth] exited cleanly after 3s
[2026-06-02 05:13:34]   [cache] OS page cache dropped
Fatal: Could not create the account: account already exists
[2026-06-02 05:13:34]   [geth] Starting (pbt, gd=5, cold=1, dev.period=1, 1tx/block)
[2026-06-02 05:13:34]   [geth] Waiting for RPC...
[2026-06-02 05:13:38]   [geth] RPC ready after 5s
[2026-06-02 05:13:38]   [bench] Running execute remote...
[2026-06-02 05:13:46]   [bench] exit=0 passed=1 failed=0
0 missing_trie_node=0
0
[2026-06-02 05:13:46] 
[2026-06-02 05:13:46]   --- storage_sload_k700_run16 (pbt) write-offset=31600000000 K=700 ---
[2026-06-02 05:13:46]   [geth] Stopping (SIGTERM, waiting up to 120s for clean exit): 1259288
[2026-06-02 05:13:49]   [geth] exited cleanly after 3s
[2026-06-02 05:13:49]   [cache] OS page cache dropped
Fatal: Could not create the account: account already exists
[2026-06-02 05:13:49]   [geth] Starting (pbt, gd=5, cold=1, dev.period=1, 1tx/block)
[2026-06-02 05:13:49]   [geth] Waiting for RPC...
[2026-06-02 05:13:53]   [geth] RPC ready after 5s
[2026-06-02 05:13:53]   [bench] Running execute remote...
[2026-06-02 05:14:01]   [bench] exit=0 passed=1 failed=0
0 missing_trie_node=0
0
[2026-06-02 05:14:01] 
[2026-06-02 05:14:01]   --- storage_sload_k700_run17 (pbt) write-offset=31700000000 K=700 ---
[2026-06-02 05:14:01]   [geth] Stopping (SIGTERM, waiting up to 120s for clean exit): 1259374
[2026-06-02 05:14:04]   [geth] exited cleanly after 3s
[2026-06-02 05:14:04]   [cache] OS page cache dropped
Fatal: Could not create the account: account already exists
[2026-06-02 05:14:05]   [geth] Starting (pbt, gd=5, cold=1, dev.period=1, 1tx/block)
[2026-06-02 05:14:05]   [geth] Waiting for RPC...
[2026-06-02 05:14:09]   [geth] RPC ready after 5s
[2026-06-02 05:14:09]   [bench] Running execute remote...
[2026-06-02 05:14:17]   [bench] exit=0 passed=1 failed=0
0 missing_trie_node=0
0
[2026-06-02 05:14:17] 
[2026-06-02 05:14:17]   --- storage_sload_k700_run18 (pbt) write-offset=31800000000 K=700 ---
[2026-06-02 05:14:17]   [geth] Stopping (SIGTERM, waiting up to 120s for clean exit): 1259458
[2026-06-02 05:14:20]   [geth] exited cleanly after 3s
[2026-06-02 05:14:20]   [cache] OS page cache dropped
Fatal: Could not create the account: account already exists
[2026-06-02 05:14:20]   [geth] Starting (pbt, gd=5, cold=1, dev.period=1, 1tx/block)
[2026-06-02 05:14:20]   [geth] Waiting for RPC...
[2026-06-02 05:14:24]   [geth] RPC ready after 5s
[2026-06-02 05:14:24]   [bench] Running execute remote...
[2026-06-02 05:14:32]   [bench] exit=0 passed=1 failed=0
0 missing_trie_node=0
0
[2026-06-02 05:14:32] 
[2026-06-02 05:14:32]   --- storage_sload_k700_run19 (pbt) write-offset=31900000000 K=700 ---
[2026-06-02 05:14:32]   [geth] Stopping (SIGTERM, waiting up to 120s for clean exit): 1259543
[2026-06-02 05:14:35]   [geth] exited cleanly after 3s
[2026-06-02 05:14:35]   [cache] OS page cache dropped
Fatal: Could not create the account: account already exists
[2026-06-02 05:14:35]   [geth] Starting (pbt, gd=5, cold=1, dev.period=1, 1tx/block)
[2026-06-02 05:14:35]   [geth] Waiting for RPC...
[2026-06-02 05:14:39]   [geth] RPC ready after 5s
[2026-06-02 05:14:39]   [bench] Running execute remote...
[2026-06-02 05:14:47]   [bench] exit=0 passed=1 failed=0
0 missing_trie_node=0
0
[2026-06-02 05:14:47] 
[2026-06-02 05:14:47]   --- storage_sload_k700_run20 (pbt) write-offset=32000000000 K=700 ---
[2026-06-02 05:14:47]   [geth] Stopping (SIGTERM, waiting up to 120s for clean exit): 1259628
[2026-06-02 05:14:50]   [geth] exited cleanly after 3s
[2026-06-02 05:14:50]   [cache] OS page cache dropped
Fatal: Could not create the account: account already exists
[2026-06-02 05:14:50]   [geth] Starting (pbt, gd=5, cold=1, dev.period=1, 1tx/block)
[2026-06-02 05:14:50]   [geth] Waiting for RPC...
[2026-06-02 05:14:54]   [geth] RPC ready after 5s
[2026-06-02 05:14:54]   [bench] Running execute remote...
[2026-06-02 05:15:02]   [bench] exit=0 passed=1 failed=0
0 missing_trie_node=0
0
[2026-06-02 05:15:02] 
[2026-06-02 05:15:02]   ── BENCHMARK: storage_sstore_k1 (pool=700 contracts; effective K=1)
[2026-06-02 05:15:02] 
[2026-06-02 05:15:02]   --- storage_sstore_k1_run1 (pbt) write-offset=30100000000 K=1 ---
[2026-06-02 05:15:02]   [geth] Stopping (SIGTERM, waiting up to 120s for clean exit): 1259711
[2026-06-02 05:15:05]   [geth] exited cleanly after 3s
[2026-06-02 05:15:06]   [cache] OS page cache dropped
Fatal: Could not create the account: account already exists
[2026-06-02 05:15:06]   [geth] Starting (pbt, gd=5, cold=1, dev.period=1, 1tx/block)
[2026-06-02 05:15:06]   [geth] Waiting for RPC...
[2026-06-02 05:15:10]   [geth] RPC ready after 5s
[2026-06-02 05:15:10]   [bench] Running execute remote...
[2026-06-02 05:15:18]   [bench] exit=0 passed=1 failed=0
0 missing_trie_node=0
0
[2026-06-02 05:15:18] 
[2026-06-02 05:15:18]   --- storage_sstore_k1_run2 (pbt) write-offset=30200000000 K=1 ---
[2026-06-02 05:15:18]   [geth] Stopping (SIGTERM, waiting up to 120s for clean exit): 1259819
[2026-06-02 05:15:21]   [geth] exited cleanly after 3s
[2026-06-02 05:15:21]   [cache] OS page cache dropped
Fatal: Could not create the account: account already exists
[2026-06-02 05:15:21]   [geth] Starting (pbt, gd=5, cold=1, dev.period=1, 1tx/block)
[2026-06-02 05:15:21]   [geth] Waiting for RPC...
[2026-06-02 05:15:25]   [geth] RPC ready after 5s
[2026-06-02 05:15:25]   [bench] Running execute remote...
[2026-06-02 05:15:33]   [bench] exit=0 passed=1 failed=0
0 missing_trie_node=0
0
[2026-06-02 05:15:33] 
[2026-06-02 05:15:33]   --- storage_sstore_k1_run3 (pbt) write-offset=30300000000 K=1 ---
[2026-06-02 05:15:33]   [geth] Stopping (SIGTERM, waiting up to 120s for clean exit): 1259902
[2026-06-02 05:15:36]   [geth] exited cleanly after 3s
[2026-06-02 05:15:36]   [cache] OS page cache dropped
Fatal: Could not create the account: account already exists
[2026-06-02 05:15:36]   [geth] Starting (pbt, gd=5, cold=1, dev.period=1, 1tx/block)
[2026-06-02 05:15:36]   [geth] Waiting for RPC...
[2026-06-02 05:15:40]   [geth] RPC ready after 5s
[2026-06-02 05:15:40]   [bench] Running execute remote...
[2026-06-02 05:15:48]   [bench] exit=0 passed=1 failed=0
0 missing_trie_node=0
0
[2026-06-02 05:15:48] 
[2026-06-02 05:15:48]   --- storage_sstore_k1_run4 (pbt) write-offset=30400000000 K=1 ---
[2026-06-02 05:15:48]   [geth] Stopping (SIGTERM, waiting up to 120s for clean exit): 1260000
[2026-06-02 05:15:51]   [geth] exited cleanly after 3s
[2026-06-02 05:15:52]   [cache] OS page cache dropped
Fatal: Could not create the account: account already exists
[2026-06-02 05:15:52]   [geth] Starting (pbt, gd=5, cold=1, dev.period=1, 1tx/block)
[2026-06-02 05:15:52]   [geth] Waiting for RPC...
[2026-06-02 05:15:56]   [geth] RPC ready after 5s
[2026-06-02 05:15:56]   [bench] Running execute remote...
[2026-06-02 05:16:04]   [bench] exit=0 passed=1 failed=0
0 missing_trie_node=0
0
[2026-06-02 05:16:04] 
[2026-06-02 05:16:04]   --- storage_sstore_k1_run5 (pbt) write-offset=30500000000 K=1 ---
[2026-06-02 05:16:04]   [geth] Stopping (SIGTERM, waiting up to 120s for clean exit): 1260083
[2026-06-02 05:16:07]   [geth] exited cleanly after 3s
[2026-06-02 05:16:07]   [cache] OS page cache dropped
Fatal: Could not create the account: account already exists
[2026-06-02 05:16:07]   [geth] Starting (pbt, gd=5, cold=1, dev.period=1, 1tx/block)
[2026-06-02 05:16:07]   [geth] Waiting for RPC...
[2026-06-02 05:16:11]   [geth] RPC ready after 5s
[2026-06-02 05:16:11]   [bench] Running execute remote...
[2026-06-02 05:16:19]   [bench] exit=0 passed=1 failed=0
0 missing_trie_node=0
0
[2026-06-02 05:16:19] 
[2026-06-02 05:16:19]   --- storage_sstore_k1_run6 (pbt) write-offset=30600000000 K=1 ---
[2026-06-02 05:16:19]   [geth] Stopping (SIGTERM, waiting up to 120s for clean exit): 1260170
[2026-06-02 05:16:22]   [geth] exited cleanly after 3s
[2026-06-02 05:16:22]   [cache] OS page cache dropped
Fatal: Could not create the account: account already exists
[2026-06-02 05:16:22]   [geth] Starting (pbt, gd=5, cold=1, dev.period=1, 1tx/block)
[2026-06-02 05:16:22]   [geth] Waiting for RPC...
[2026-06-02 05:16:26]   [geth] RPC ready after 5s
[2026-06-02 05:16:26]   [bench] Running execute remote...
[2026-06-02 05:16:34]   [bench] exit=0 passed=1 failed=0
0 missing_trie_node=0
0
[2026-06-02 05:16:34] 
[2026-06-02 05:16:34]   --- storage_sstore_k1_run7 (pbt) write-offset=30700000000 K=1 ---
[2026-06-02 05:16:34]   [geth] Stopping (SIGTERM, waiting up to 120s for clean exit): 1260257
[2026-06-02 05:16:37]   [geth] exited cleanly after 3s
[2026-06-02 05:16:37]   [cache] OS page cache dropped
Fatal: Could not create the account: account already exists
[2026-06-02 05:16:37]   [geth] Starting (pbt, gd=5, cold=1, dev.period=1, 1tx/block)
[2026-06-02 05:16:37]   [geth] Waiting for RPC...
[2026-06-02 05:16:41]   [geth] RPC ready after 5s
[2026-06-02 05:16:42]   [bench] Running execute remote...
[2026-06-02 05:16:50]   [bench] exit=0 passed=1 failed=0
0 missing_trie_node=0
0
[2026-06-02 05:16:50] 
[2026-06-02 05:16:50]   --- storage_sstore_k1_run8 (pbt) write-offset=30800000000 K=1 ---
[2026-06-02 05:16:51]   [geth] Stopping (SIGTERM, waiting up to 120s for clean exit): 1260340
[2026-06-02 05:16:54]   [geth] exited cleanly after 3s
[2026-06-02 05:16:54]   [cache] OS page cache dropped
Fatal: Could not create the account: account already exists
[2026-06-02 05:16:54]   [geth] Starting (pbt, gd=5, cold=1, dev.period=1, 1tx/block)
[2026-06-02 05:16:54]   [geth] Waiting for RPC...
[2026-06-02 05:16:58]   [geth] RPC ready after 5s
[2026-06-02 05:16:58]   [bench] Running execute remote...
[2026-06-02 05:17:06]   [bench] exit=0 passed=1 failed=0
0 missing_trie_node=0
0
[2026-06-02 05:17:06] 
[2026-06-02 05:17:06]   --- storage_sstore_k1_run9 (pbt) write-offset=30900000000 K=1 ---
[2026-06-02 05:17:06]   [geth] Stopping (SIGTERM, waiting up to 120s for clean exit): 1260423
[2026-06-02 05:17:09]   [geth] exited cleanly after 3s
[2026-06-02 05:17:09]   [cache] OS page cache dropped
Fatal: Could not create the account: account already exists
[2026-06-02 05:17:09]   [geth] Starting (pbt, gd=5, cold=1, dev.period=1, 1tx/block)
[2026-06-02 05:17:09]   [geth] Waiting for RPC...
[2026-06-02 05:17:13]   [geth] RPC ready after 5s
[2026-06-02 05:17:13]   [bench] Running execute remote...
[2026-06-02 05:17:21]   [bench] exit=0 passed=1 failed=0
0 missing_trie_node=0
0
[2026-06-02 05:17:21] 
[2026-06-02 05:17:21]   --- storage_sstore_k1_run10 (pbt) write-offset=31000000000 K=1 ---
[2026-06-02 05:17:21]   [geth] Stopping (SIGTERM, waiting up to 120s for clean exit): 1260519
[2026-06-02 05:17:24]   [geth] exited cleanly after 3s
[2026-06-02 05:17:24]   [cache] OS page cache dropped
Fatal: Could not create the account: account already exists
[2026-06-02 05:17:25]   [geth] Starting (pbt, gd=5, cold=1, dev.period=1, 1tx/block)
[2026-06-02 05:17:25]   [geth] Waiting for RPC...
[2026-06-02 05:17:29]   [geth] RPC ready after 5s
[2026-06-02 05:17:29]   [bench] Running execute remote...
[2026-06-02 05:17:37]   [bench] exit=0 passed=1 failed=0
0 missing_trie_node=0
0
[2026-06-02 05:17:37] 
[2026-06-02 05:17:37]   --- storage_sstore_k1_run11 (pbt) write-offset=31100000000 K=1 ---
[2026-06-02 05:17:37]   [geth] Stopping (SIGTERM, waiting up to 120s for clean exit): 1260604
[2026-06-02 05:17:40]   [geth] exited cleanly after 3s
[2026-06-02 05:17:40]   [cache] OS page cache dropped
Fatal: Could not create the account: account already exists
[2026-06-02 05:17:40]   [geth] Starting (pbt, gd=5, cold=1, dev.period=1, 1tx/block)
[2026-06-02 05:17:40]   [geth] Waiting for RPC...
[2026-06-02 05:17:44]   [geth] RPC ready after 5s
[2026-06-02 05:17:44]   [bench] Running execute remote...
[2026-06-02 05:17:52]   [bench] exit=0 passed=1 failed=0
0 missing_trie_node=0
0
[2026-06-02 05:17:52] 
[2026-06-02 05:17:52]   --- storage_sstore_k1_run12 (pbt) write-offset=31200000000 K=1 ---
[2026-06-02 05:17:52]   [geth] Stopping (SIGTERM, waiting up to 120s for clean exit): 1260690
[2026-06-02 05:17:55]   [geth] exited cleanly after 3s
[2026-06-02 05:17:55]   [cache] OS page cache dropped
Fatal: Could not create the account: account already exists
[2026-06-02 05:17:55]   [geth] Starting (pbt, gd=5, cold=1, dev.period=1, 1tx/block)
[2026-06-02 05:17:55]   [geth] Waiting for RPC...
[2026-06-02 05:17:59]   [geth] RPC ready after 5s
[2026-06-02 05:17:59]   [bench] Running execute remote...
[2026-06-02 05:18:07]   [bench] exit=0 passed=1 failed=0
0 missing_trie_node=0
0
[2026-06-02 05:18:07] 
[2026-06-02 05:18:07]   --- storage_sstore_k1_run13 (pbt) write-offset=31300000000 K=1 ---
[2026-06-02 05:18:07]   [geth] Stopping (SIGTERM, waiting up to 120s for clean exit): 1260774
[2026-06-02 05:18:10]   [geth] exited cleanly after 3s
[2026-06-02 05:18:10]   [cache] OS page cache dropped
Fatal: Could not create the account: account already exists
[2026-06-02 05:18:10]   [geth] Starting (pbt, gd=5, cold=1, dev.period=1, 1tx/block)
[2026-06-02 05:18:10]   [geth] Waiting for RPC...
[2026-06-02 05:18:14]   [geth] RPC ready after 5s
[2026-06-02 05:18:14]   [bench] Running execute remote...
[2026-06-02 05:18:23]   [bench] exit=0 passed=1 failed=0
0 missing_trie_node=0
0
[2026-06-02 05:18:23] 
[2026-06-02 05:18:23]   --- storage_sstore_k1_run14 (pbt) write-offset=31400000000 K=1 ---
[2026-06-02 05:18:23]   [geth] Stopping (SIGTERM, waiting up to 120s for clean exit): 1260858
[2026-06-02 05:18:27]   [geth] exited cleanly after 3s
[2026-06-02 05:18:27]   [cache] OS page cache dropped
Fatal: Could not create the account: account already exists
[2026-06-02 05:18:27]   [geth] Starting (pbt, gd=5, cold=1, dev.period=1, 1tx/block)
[2026-06-02 05:18:27]   [geth] Waiting for RPC...
[2026-06-02 05:18:31]   [geth] RPC ready after 5s
[2026-06-02 05:18:31]   [bench] Running execute remote...
[2026-06-02 05:18:39]   [bench] exit=0 passed=1 failed=0
0 missing_trie_node=0
0
[2026-06-02 05:18:39] 
[2026-06-02 05:18:39]   --- storage_sstore_k1_run15 (pbt) write-offset=31500000000 K=1 ---
[2026-06-02 05:18:39]   [geth] Stopping (SIGTERM, waiting up to 120s for clean exit): 1260943
[2026-06-02 05:18:42]   [geth] exited cleanly after 3s
[2026-06-02 05:18:42]   [cache] OS page cache dropped
Fatal: Could not create the account: account already exists
[2026-06-02 05:18:42]   [geth] Starting (pbt, gd=5, cold=1, dev.period=1, 1tx/block)
[2026-06-02 05:18:42]   [geth] Waiting for RPC...
[2026-06-02 05:18:46]   [geth] RPC ready after 5s
[2026-06-02 05:18:46]   [bench] Running execute remote...
[2026-06-02 05:18:54]   [bench] exit=0 passed=1 failed=0
0 missing_trie_node=0
0
[2026-06-02 05:18:54] 
[2026-06-02 05:18:54]   --- storage_sstore_k1_run16 (pbt) write-offset=31600000000 K=1 ---
[2026-06-02 05:18:54]   [geth] Stopping (SIGTERM, waiting up to 120s for clean exit): 1261034
[2026-06-02 05:18:57]   [geth] exited cleanly after 3s
[2026-06-02 05:18:57]   [cache] OS page cache dropped
Fatal: Could not create the account: account already exists
[2026-06-02 05:18:57]   [geth] Starting (pbt, gd=5, cold=1, dev.period=1, 1tx/block)
[2026-06-02 05:18:57]   [geth] Waiting for RPC...
[2026-06-02 05:19:01]   [geth] RPC ready after 5s
[2026-06-02 05:19:01]   [bench] Running execute remote...
[2026-06-02 05:19:09]   [bench] exit=0 passed=1 failed=0
0 missing_trie_node=0
0
[2026-06-02 05:19:09] 
[2026-06-02 05:19:09]   --- storage_sstore_k1_run17 (pbt) write-offset=31700000000 K=1 ---
[2026-06-02 05:19:09]   [geth] Stopping (SIGTERM, waiting up to 120s for clean exit): 1261151
[2026-06-02 05:19:12]   [geth] exited cleanly after 3s
[2026-06-02 05:19:12]   [cache] OS page cache dropped
Fatal: Could not create the account: account already exists
[2026-06-02 05:19:12]   [geth] Starting (pbt, gd=5, cold=1, dev.period=1, 1tx/block)
[2026-06-02 05:19:12]   [geth] Waiting for RPC...
[2026-06-02 05:19:17]   [geth] RPC ready after 5s
[2026-06-02 05:19:17]   [bench] Running execute remote...
[2026-06-02 05:19:24]   [bench] exit=0 passed=1 failed=0
0 missing_trie_node=0
0
[2026-06-02 05:19:24] 
[2026-06-02 05:19:24]   --- storage_sstore_k1_run18 (pbt) write-offset=31800000000 K=1 ---
[2026-06-02 05:19:24]   [geth] Stopping (SIGTERM, waiting up to 120s for clean exit): 1261237
[2026-06-02 05:19:27]   [geth] exited cleanly after 3s
[2026-06-02 05:19:28]   [cache] OS page cache dropped
Fatal: Could not create the account: account already exists
[2026-06-02 05:19:28]   [geth] Starting (pbt, gd=5, cold=1, dev.period=1, 1tx/block)
[2026-06-02 05:19:28]   [geth] Waiting for RPC...
[2026-06-02 05:19:32]   [geth] RPC ready after 5s
[2026-06-02 05:19:32]   [bench] Running execute remote...
[2026-06-02 05:19:40]   [bench] exit=0 passed=1 failed=0
0 missing_trie_node=0
0
[2026-06-02 05:19:40] 
[2026-06-02 05:19:40]   --- storage_sstore_k1_run19 (pbt) write-offset=31900000000 K=1 ---
[2026-06-02 05:19:40]   [geth] Stopping (SIGTERM, waiting up to 120s for clean exit): 1261323
[2026-06-02 05:19:43]   [geth] exited cleanly after 3s
[2026-06-02 05:19:43]   [cache] OS page cache dropped
Fatal: Could not create the account: account already exists
[2026-06-02 05:19:43]   [geth] Starting (pbt, gd=5, cold=1, dev.period=1, 1tx/block)
[2026-06-02 05:19:43]   [geth] Waiting for RPC...
[2026-06-02 05:19:47]   [geth] RPC ready after 5s
[2026-06-02 05:19:47]   [bench] Running execute remote...
[2026-06-02 05:19:55]   [bench] exit=0 passed=1 failed=0
0 missing_trie_node=0
0
[2026-06-02 05:19:55] 
[2026-06-02 05:19:55]   --- storage_sstore_k1_run20 (pbt) write-offset=32000000000 K=1 ---
[2026-06-02 05:19:55]   [geth] Stopping (SIGTERM, waiting up to 120s for clean exit): 1261410
[2026-06-02 05:19:58]   [geth] exited cleanly after 3s
[2026-06-02 05:19:58]   [cache] OS page cache dropped
Fatal: Could not create the account: account already exists
[2026-06-02 05:19:58]   [geth] Starting (pbt, gd=5, cold=1, dev.period=1, 1tx/block)
[2026-06-02 05:19:58]   [geth] Waiting for RPC...
[2026-06-02 05:20:02]   [geth] RPC ready after 5s
[2026-06-02 05:20:02]   [bench] Running execute remote...
[2026-06-02 05:20:10]   [bench] exit=0 passed=1 failed=0
0 missing_trie_node=0
0
[2026-06-02 05:20:10] 
[2026-06-02 05:20:10]   ── BENCHMARK: storage_sstore_k10 (pool=700 contracts; effective K=10)
[2026-06-02 05:20:10] 
[2026-06-02 05:20:10]   --- storage_sstore_k10_run1 (pbt) write-offset=30100000000 K=10 ---
[2026-06-02 05:20:10]   [geth] Stopping (SIGTERM, waiting up to 120s for clean exit): 1261493
[2026-06-02 05:20:13]   [geth] exited cleanly after 3s
[2026-06-02 05:20:14]   [cache] OS page cache dropped
Fatal: Could not create the account: account already exists
[2026-06-02 05:20:14]   [geth] Starting (pbt, gd=5, cold=1, dev.period=1, 1tx/block)
[2026-06-02 05:20:14]   [geth] Waiting for RPC...
[2026-06-02 05:20:18]   [geth] RPC ready after 5s
[2026-06-02 05:20:18]   [bench] Running execute remote...
[2026-06-02 05:20:26]   [bench] exit=0 passed=1 failed=0
0 missing_trie_node=0
0
[2026-06-02 05:20:26] 
[2026-06-02 05:20:26]   --- storage_sstore_k10_run2 (pbt) write-offset=30200000000 K=10 ---
[2026-06-02 05:20:26]   [geth] Stopping (SIGTERM, waiting up to 120s for clean exit): 1261605
[2026-06-02 05:20:29]   [geth] exited cleanly after 3s
[2026-06-02 05:20:29]   [cache] OS page cache dropped
Fatal: Could not create the account: account already exists
[2026-06-02 05:20:29]   [geth] Starting (pbt, gd=5, cold=1, dev.period=1, 1tx/block)
[2026-06-02 05:20:29]   [geth] Waiting for RPC...
[2026-06-02 05:20:33]   [geth] RPC ready after 5s
[2026-06-02 05:20:33]   [bench] Running execute remote...
[2026-06-02 05:20:41]   [bench] exit=0 passed=1 failed=0
0 missing_trie_node=0
0
[2026-06-02 05:20:41] 
[2026-06-02 05:20:41]   --- storage_sstore_k10_run3 (pbt) write-offset=30300000000 K=10 ---
[2026-06-02 05:20:41]   [geth] Stopping (SIGTERM, waiting up to 120s for clean exit): 1261687
[2026-06-02 05:20:44]   [geth] exited cleanly after 3s
[2026-06-02 05:20:44]   [cache] OS page cache dropped
Fatal: Could not create the account: account already exists
[2026-06-02 05:20:44]   [geth] Starting (pbt, gd=5, cold=1, dev.period=1, 1tx/block)
[2026-06-02 05:20:44]   [geth] Waiting for RPC...
[2026-06-02 05:20:48]   [geth] RPC ready after 5s
[2026-06-02 05:20:48]   [bench] Running execute remote...
[2026-06-02 05:20:56]   [bench] exit=0 passed=1 failed=0
0 missing_trie_node=0
0
[2026-06-02 05:20:56] 
[2026-06-02 05:20:56]   --- storage_sstore_k10_run4 (pbt) write-offset=30400000000 K=10 ---
[2026-06-02 05:20:56]   [geth] Stopping (SIGTERM, waiting up to 120s for clean exit): 1261779
[2026-06-02 05:20:59]   [geth] exited cleanly after 3s
[2026-06-02 05:20:59]   [cache] OS page cache dropped
Fatal: Could not create the account: account already exists
[2026-06-02 05:20:59]   [geth] Starting (pbt, gd=5, cold=1, dev.period=1, 1tx/block)
[2026-06-02 05:20:59]   [geth] Waiting for RPC...
[2026-06-02 05:21:04]   [geth] RPC ready after 5s
[2026-06-02 05:21:04]   [bench] Running execute remote...
[2026-06-02 05:21:11]   [bench] exit=0 passed=1 failed=0
0 missing_trie_node=0
0
[2026-06-02 05:21:11] 
[2026-06-02 05:21:11]   --- storage_sstore_k10_run5 (pbt) write-offset=30500000000 K=10 ---
[2026-06-02 05:21:11]   [geth] Stopping (SIGTERM, waiting up to 120s for clean exit): 1261873
[2026-06-02 05:21:14]   [geth] exited cleanly after 3s
[2026-06-02 05:21:15]   [cache] OS page cache dropped
Fatal: Could not create the account: account already exists
[2026-06-02 05:21:15]   [geth] Starting (pbt, gd=5, cold=1, dev.period=1, 1tx/block)
[2026-06-02 05:21:15]   [geth] Waiting for RPC...
[2026-06-02 05:21:19]   [geth] RPC ready after 5s
[2026-06-02 05:21:19]   [bench] Running execute remote...
[2026-06-02 05:21:27]   [bench] exit=0 passed=1 failed=0
0 missing_trie_node=0
0
[2026-06-02 05:21:27] 
[2026-06-02 05:21:27]   --- storage_sstore_k10_run6 (pbt) write-offset=30600000000 K=10 ---
[2026-06-02 05:21:27]   [geth] Stopping (SIGTERM, waiting up to 120s for clean exit): 1261959
[2026-06-02 05:21:30]   [geth] exited cleanly after 3s
[2026-06-02 05:21:30]   [cache] OS page cache dropped
Fatal: Could not create the account: account already exists
[2026-06-02 05:21:30]   [geth] Starting (pbt, gd=5, cold=1, dev.period=1, 1tx/block)
[2026-06-02 05:21:30]   [geth] Waiting for RPC...
[2026-06-02 05:21:34]   [geth] RPC ready after 5s
[2026-06-02 05:21:34]   [bench] Running execute remote...
[2026-06-02 05:21:42]   [bench] exit=0 passed=1 failed=0
0 missing_trie_node=0
0
[2026-06-02 05:21:42] 
[2026-06-02 05:21:42]   --- storage_sstore_k10_run7 (pbt) write-offset=30700000000 K=10 ---
[2026-06-02 05:21:42]   [geth] Stopping (SIGTERM, waiting up to 120s for clean exit): 1262045
[2026-06-02 05:21:45]   [geth] exited cleanly after 3s
[2026-06-02 05:21:45]   [cache] OS page cache dropped
Fatal: Could not create the account: account already exists
[2026-06-02 05:21:45]   [geth] Starting (pbt, gd=5, cold=1, dev.period=1, 1tx/block)
[2026-06-02 05:21:45]   [geth] Waiting for RPC...
[2026-06-02 05:21:49]   [geth] RPC ready after 5s
[2026-06-02 05:21:49]   [bench] Running execute remote...
[2026-06-02 05:21:57]   [bench] exit=0 passed=1 failed=0
0 missing_trie_node=0
0
[2026-06-02 05:21:57] 
[2026-06-02 05:21:57]   --- storage_sstore_k10_run8 (pbt) write-offset=30800000000 K=10 ---
[2026-06-02 05:21:58]   [geth] Stopping (SIGTERM, waiting up to 120s for clean exit): 1262130
[2026-06-02 05:22:01]   [geth] exited cleanly after 3s
[2026-06-02 05:22:01]   [cache] OS page cache dropped
Fatal: Could not create the account: account already exists
[2026-06-02 05:22:01]   [geth] Starting (pbt, gd=5, cold=1, dev.period=1, 1tx/block)
[2026-06-02 05:22:01]   [geth] Waiting for RPC...
[2026-06-02 05:22:05]   [geth] RPC ready after 5s
[2026-06-02 05:22:05]   [bench] Running execute remote...
[2026-06-02 05:22:13]   [bench] exit=0 passed=1 failed=0
0 missing_trie_node=0
0
[2026-06-02 05:22:13] 
[2026-06-02 05:22:13]   --- storage_sstore_k10_run9 (pbt) write-offset=30900000000 K=10 ---
[2026-06-02 05:22:13]   [geth] Stopping (SIGTERM, waiting up to 120s for clean exit): 1262260
[2026-06-02 05:22:16]   [geth] exited cleanly after 3s
[2026-06-02 05:22:16]   [cache] OS page cache dropped
Fatal: Could not create the account: account already exists
[2026-06-02 05:22:16]   [geth] Starting (pbt, gd=5, cold=1, dev.period=1, 1tx/block)
[2026-06-02 05:22:16]   [geth] Waiting for RPC...
[2026-06-02 05:22:20]   [geth] RPC ready after 5s
[2026-06-02 05:22:20]   [bench] Running execute remote...
[2026-06-02 05:22:28]   [bench] exit=0 passed=1 failed=0
0 missing_trie_node=0
0
[2026-06-02 05:22:28] 
[2026-06-02 05:22:28]   --- storage_sstore_k10_run10 (pbt) write-offset=31000000000 K=10 ---
[2026-06-02 05:22:28]   [geth] Stopping (SIGTERM, waiting up to 120s for clean exit): 1262345
[2026-06-02 05:22:31]   [geth] exited cleanly after 3s
[2026-06-02 05:22:31]   [cache] OS page cache dropped
Fatal: Could not create the account: account already exists
[2026-06-02 05:22:32]   [geth] Starting (pbt, gd=5, cold=1, dev.period=1, 1tx/block)
[2026-06-02 05:22:32]   [geth] Waiting for RPC...
[2026-06-02 05:22:36]   [geth] RPC ready after 5s
[2026-06-02 05:22:36]   [bench] Running execute remote...
[2026-06-02 05:22:44]   [bench] exit=0 passed=1 failed=0
0 missing_trie_node=0
0
[2026-06-02 05:22:44] 
[2026-06-02 05:22:44]   --- storage_sstore_k10_run11 (pbt) write-offset=31100000000 K=10 ---
[2026-06-02 05:22:44]   [geth] Stopping (SIGTERM, waiting up to 120s for clean exit): 1262431
[2026-06-02 05:22:47]   [geth] exited cleanly after 3s
[2026-06-02 05:22:47]   [cache] OS page cache dropped
Fatal: Could not create the account: account already exists
[2026-06-02 05:22:47]   [geth] Starting (pbt, gd=5, cold=1, dev.period=1, 1tx/block)
[2026-06-02 05:22:47]   [geth] Waiting for RPC...
[2026-06-02 05:22:51]   [geth] RPC ready after 5s
[2026-06-02 05:22:51]   [bench] Running execute remote...
[2026-06-02 05:22:59]   [bench] exit=0 passed=1 failed=0
0 missing_trie_node=0
0
[2026-06-02 05:22:59] 
[2026-06-02 05:22:59]   --- storage_sstore_k10_run12 (pbt) write-offset=31200000000 K=10 ---
[2026-06-02 05:22:59]   [geth] Stopping (SIGTERM, waiting up to 120s for clean exit): 1262516
[2026-06-02 05:23:02]   [geth] exited cleanly after 3s
[2026-06-02 05:23:02]   [cache] OS page cache dropped
Fatal: Could not create the account: account already exists
[2026-06-02 05:23:02]   [geth] Starting (pbt, gd=5, cold=1, dev.period=1, 1tx/block)
[2026-06-02 05:23:02]   [geth] Waiting for RPC...
[2026-06-02 05:23:06]   [geth] RPC ready after 5s
[2026-06-02 05:23:06]   [bench] Running execute remote...
[2026-06-02 05:23:14]   [bench] exit=0 passed=1 failed=0
0 missing_trie_node=0
0
[2026-06-02 05:23:14] 
[2026-06-02 05:23:14]   --- storage_sstore_k10_run13 (pbt) write-offset=31300000000 K=10 ---
[2026-06-02 05:23:14]   [geth] Stopping (SIGTERM, waiting up to 120s for clean exit): 1262602
[2026-06-02 05:23:17]   [geth] exited cleanly after 3s
[2026-06-02 05:23:17]   [cache] OS page cache dropped
Fatal: Could not create the account: account already exists
[2026-06-02 05:23:17]   [geth] Starting (pbt, gd=5, cold=1, dev.period=1, 1tx/block)
[2026-06-02 05:23:17]   [geth] Waiting for RPC...
[2026-06-02 05:23:21]   [geth] RPC ready after 5s
[2026-06-02 05:23:21]   [bench] Running execute remote...
[2026-06-02 05:23:29]   [bench] exit=0 passed=1 failed=0
0 missing_trie_node=0
0
[2026-06-02 05:23:29] 
[2026-06-02 05:23:29]   --- storage_sstore_k10_run14 (pbt) write-offset=31400000000 K=10 ---
[2026-06-02 05:23:29]   [geth] Stopping (SIGTERM, waiting up to 120s for clean exit): 1262688
[2026-06-02 05:23:32]   [geth] exited cleanly after 3s
[2026-06-02 05:23:33]   [cache] OS page cache dropped
Fatal: Could not create the account: account already exists
[2026-06-02 05:23:33]   [geth] Starting (pbt, gd=5, cold=1, dev.period=1, 1tx/block)
[2026-06-02 05:23:33]   [geth] Waiting for RPC...
[2026-06-02 05:23:37]   [geth] RPC ready after 5s
[2026-06-02 05:23:37]   [bench] Running execute remote...
[2026-06-02 05:23:44]   [bench] exit=0 passed=1 failed=0
0 missing_trie_node=0
0
[2026-06-02 05:23:44] 
[2026-06-02 05:23:44]   --- storage_sstore_k10_run15 (pbt) write-offset=31500000000 K=10 ---
[2026-06-02 05:23:44]   [geth] Stopping (SIGTERM, waiting up to 120s for clean exit): 1262772
[2026-06-02 05:23:48]   [geth] exited cleanly after 3s
[2026-06-02 05:23:48]   [cache] OS page cache dropped
Fatal: Could not create the account: account already exists
[2026-06-02 05:23:48]   [geth] Starting (pbt, gd=5, cold=1, dev.period=1, 1tx/block)
[2026-06-02 05:23:48]   [geth] Waiting for RPC...
[2026-06-02 05:23:52]   [geth] RPC ready after 5s
[2026-06-02 05:23:52]   [bench] Running execute remote...
[2026-06-02 05:24:00]   [bench] exit=0 passed=1 failed=0
0 missing_trie_node=0
0
[2026-06-02 05:24:00] 
[2026-06-02 05:24:00]   --- storage_sstore_k10_run16 (pbt) write-offset=31600000000 K=10 ---
[2026-06-02 05:24:00]   [geth] Stopping (SIGTERM, waiting up to 120s for clean exit): 1262859
[2026-06-02 05:24:03]   [geth] exited cleanly after 3s
[2026-06-02 05:24:03]   [cache] OS page cache dropped
Fatal: Could not create the account: account already exists
[2026-06-02 05:24:03]   [geth] Starting (pbt, gd=5, cold=1, dev.period=1, 1tx/block)
[2026-06-02 05:24:03]   [geth] Waiting for RPC...
[2026-06-02 05:24:07]   [geth] RPC ready after 5s
[2026-06-02 05:24:07]   [bench] Running execute remote...
[2026-06-02 05:24:15]   [bench] exit=0 passed=1 failed=0
0 missing_trie_node=0
0
[2026-06-02 05:24:15] 
[2026-06-02 05:24:15]   --- storage_sstore_k10_run17 (pbt) write-offset=31700000000 K=10 ---
[2026-06-02 05:24:15]   [geth] Stopping (SIGTERM, waiting up to 120s for clean exit): 1262942
[2026-06-02 05:24:18]   [geth] exited cleanly after 3s
[2026-06-02 05:24:18]   [cache] OS page cache dropped
Fatal: Could not create the account: account already exists
[2026-06-02 05:24:18]   [geth] Starting (pbt, gd=5, cold=1, dev.period=1, 1tx/block)
[2026-06-02 05:24:18]   [geth] Waiting for RPC...
[2026-06-02 05:24:22]   [geth] RPC ready after 5s
[2026-06-02 05:24:22]   [bench] Running execute remote...
[2026-06-02 05:24:30]   [bench] exit=0 passed=1 failed=0
0 missing_trie_node=0
0
[2026-06-02 05:24:30] 
[2026-06-02 05:24:30]   --- storage_sstore_k10_run18 (pbt) write-offset=31800000000 K=10 ---
[2026-06-02 05:24:30]   [geth] Stopping (SIGTERM, waiting up to 120s for clean exit): 1263025
[2026-06-02 05:24:33]   [geth] exited cleanly after 3s
[2026-06-02 05:24:34]   [cache] OS page cache dropped
Fatal: Could not create the account: account already exists
[2026-06-02 05:24:34]   [geth] Starting (pbt, gd=5, cold=1, dev.period=1, 1tx/block)
[2026-06-02 05:24:34]   [geth] Waiting for RPC...
[2026-06-02 05:24:38]   [geth] RPC ready after 5s
[2026-06-02 05:24:38]   [bench] Running execute remote...
[2026-06-02 05:24:46]   [bench] exit=0 passed=1 failed=0
0 missing_trie_node=0
0
[2026-06-02 05:24:46] 
[2026-06-02 05:24:46]   --- storage_sstore_k10_run19 (pbt) write-offset=31900000000 K=10 ---
[2026-06-02 05:24:46]   [geth] Stopping (SIGTERM, waiting up to 120s for clean exit): 1263107
[2026-06-02 05:24:49]   [geth] exited cleanly after 3s
[2026-06-02 05:24:49]   [cache] OS page cache dropped
Fatal: Could not create the account: account already exists
[2026-06-02 05:24:49]   [geth] Starting (pbt, gd=5, cold=1, dev.period=1, 1tx/block)
[2026-06-02 05:24:49]   [geth] Waiting for RPC...
[2026-06-02 05:24:53]   [geth] RPC ready after 5s
[2026-06-02 05:24:53]   [bench] Running execute remote...
[2026-06-02 05:25:01]   [bench] exit=0 passed=1 failed=0
0 missing_trie_node=0
0
[2026-06-02 05:25:01] 
[2026-06-02 05:25:01]   --- storage_sstore_k10_run20 (pbt) write-offset=32000000000 K=10 ---
[2026-06-02 05:25:01]   [geth] Stopping (SIGTERM, waiting up to 120s for clean exit): 1263189
[2026-06-02 05:25:04]   [geth] exited cleanly after 3s
[2026-06-02 05:25:04]   [cache] OS page cache dropped
Fatal: Could not create the account: account already exists
[2026-06-02 05:25:04]   [geth] Starting (pbt, gd=5, cold=1, dev.period=1, 1tx/block)
[2026-06-02 05:25:04]   [geth] Waiting for RPC...
[2026-06-02 05:25:08]   [geth] RPC ready after 5s
[2026-06-02 05:25:08]   [bench] Running execute remote...
[2026-06-02 05:25:16]   [bench] exit=0 passed=1 failed=0
0 missing_trie_node=0
0
[2026-06-02 05:25:16] 
[2026-06-02 05:25:16]   ── BENCHMARK: storage_sstore_k100 (pool=700 contracts; effective K=100)
[2026-06-02 05:25:16] 
[2026-06-02 05:25:16]   --- storage_sstore_k100_run1 (pbt) write-offset=30100000000 K=100 ---
[2026-06-02 05:25:16]   [geth] Stopping (SIGTERM, waiting up to 120s for clean exit): 1263271
[2026-06-02 05:25:19]   [geth] exited cleanly after 3s
[2026-06-02 05:25:20]   [cache] OS page cache dropped
Fatal: Could not create the account: account already exists
[2026-06-02 05:25:20]   [geth] Starting (pbt, gd=5, cold=1, dev.period=1, 1tx/block)
[2026-06-02 05:25:20]   [geth] Waiting for RPC...
[2026-06-02 05:25:24]   [geth] RPC ready after 5s
[2026-06-02 05:25:24]   [bench] Running execute remote...
[2026-06-02 05:25:32]   [bench] exit=0 passed=1 failed=0
0 missing_trie_node=0
0
[2026-06-02 05:25:32] 
[2026-06-02 05:25:32]   --- storage_sstore_k100_run2 (pbt) write-offset=30200000000 K=100 ---
[2026-06-02 05:25:32]   [geth] Stopping (SIGTERM, waiting up to 120s for clean exit): 1263379
[2026-06-02 05:25:35]   [geth] exited cleanly after 3s
[2026-06-02 05:25:35]   [cache] OS page cache dropped
Fatal: Could not create the account: account already exists
[2026-06-02 05:25:35]   [geth] Starting (pbt, gd=5, cold=1, dev.period=1, 1tx/block)
[2026-06-02 05:25:35]   [geth] Waiting for RPC...
[2026-06-02 05:25:39]   [geth] RPC ready after 5s
[2026-06-02 05:25:39]   [bench] Running execute remote...
[2026-06-02 05:25:47]   [bench] exit=0 passed=1 failed=0
0 missing_trie_node=0
0
[2026-06-02 05:25:47] 
[2026-06-02 05:25:47]   --- storage_sstore_k100_run3 (pbt) write-offset=30300000000 K=100 ---
[2026-06-02 05:25:47]   [geth] Stopping (SIGTERM, waiting up to 120s for clean exit): 1263465
[2026-06-02 05:25:50]   [geth] exited cleanly after 3s
[2026-06-02 05:25:50]   [cache] OS page cache dropped
Fatal: Could not create the account: account already exists
[2026-06-02 05:25:50]   [geth] Starting (pbt, gd=5, cold=1, dev.period=1, 1tx/block)
[2026-06-02 05:25:50]   [geth] Waiting for RPC...
[2026-06-02 05:25:55]   [geth] RPC ready after 5s
[2026-06-02 05:25:55]   [bench] Running execute remote...
[2026-06-02 05:26:02]   [bench] exit=0 passed=1 failed=0
0 missing_trie_node=0
0
[2026-06-02 05:26:02] 
[2026-06-02 05:26:02]   --- storage_sstore_k100_run4 (pbt) write-offset=30400000000 K=100 ---
[2026-06-02 05:26:02]   [geth] Stopping (SIGTERM, waiting up to 120s for clean exit): 1263553
[2026-06-02 05:26:05]   [geth] exited cleanly after 3s
[2026-06-02 05:26:06]   [cache] OS page cache dropped
Fatal: Could not create the account: account already exists
[2026-06-02 05:26:06]   [geth] Starting (pbt, gd=5, cold=1, dev.period=1, 1tx/block)
[2026-06-02 05:26:06]   [geth] Waiting for RPC...
[2026-06-02 05:26:10]   [geth] RPC ready after 5s
[2026-06-02 05:26:10]   [bench] Running execute remote...
[2026-06-02 05:26:18]   [bench] exit=0 passed=1 failed=0
0 missing_trie_node=0
0
[2026-06-02 05:26:18] 
[2026-06-02 05:26:18]   --- storage_sstore_k100_run5 (pbt) write-offset=30500000000 K=100 ---
[2026-06-02 05:26:18]   [geth] Stopping (SIGTERM, waiting up to 120s for clean exit): 1263638
[2026-06-02 05:26:21]   [geth] exited cleanly after 3s
[2026-06-02 05:26:21]   [cache] OS page cache dropped
Fatal: Could not create the account: account already exists
[2026-06-02 05:26:21]   [geth] Starting (pbt, gd=5, cold=1, dev.period=1, 1tx/block)
[2026-06-02 05:26:21]   [geth] Waiting for RPC...
[2026-06-02 05:26:25]   [geth] RPC ready after 5s
[2026-06-02 05:26:25]   [bench] Running execute remote...
[2026-06-02 05:26:33]   [bench] exit=0 passed=1 failed=0
0 missing_trie_node=0
0
[2026-06-02 05:26:33] 
[2026-06-02 05:26:33]   --- storage_sstore_k100_run6 (pbt) write-offset=30600000000 K=100 ---
[2026-06-02 05:26:33]   [geth] Stopping (SIGTERM, waiting up to 120s for clean exit): 1263728
[2026-06-02 05:26:36]   [geth] exited cleanly after 3s
[2026-06-02 05:26:36]   [cache] OS page cache dropped
Fatal: Could not create the account: account already exists
[2026-06-02 05:26:36]   [geth] Starting (pbt, gd=5, cold=1, dev.period=1, 1tx/block)
[2026-06-02 05:26:36]   [geth] Waiting for RPC...
[2026-06-02 05:26:40]   [geth] RPC ready after 5s
[2026-06-02 05:26:40]   [bench] Running execute remote...
[2026-06-02 05:26:48]   [bench] exit=0 passed=1 failed=0
0 missing_trie_node=0
0
[2026-06-02 05:26:48] 
[2026-06-02 05:26:48]   --- storage_sstore_k100_run7 (pbt) write-offset=30700000000 K=100 ---
[2026-06-02 05:26:48]   [geth] Stopping (SIGTERM, waiting up to 120s for clean exit): 1263823
[2026-06-02 05:26:51]   [geth] exited cleanly after 3s
[2026-06-02 05:26:51]   [cache] OS page cache dropped
Fatal: Could not create the account: account already exists
[2026-06-02 05:26:51]   [geth] Starting (pbt, gd=5, cold=1, dev.period=1, 1tx/block)
[2026-06-02 05:26:51]   [geth] Waiting for RPC...
[2026-06-02 05:26:55]   [geth] RPC ready after 5s
[2026-06-02 05:26:55]   [bench] Running execute remote...
[2026-06-02 05:27:03]   [bench] exit=0 passed=1 failed=0
0 missing_trie_node=0
0
[2026-06-02 05:27:03] 
[2026-06-02 05:27:03]   --- storage_sstore_k100_run8 (pbt) write-offset=30800000000 K=100 ---
[2026-06-02 05:27:03]   [geth] Stopping (SIGTERM, waiting up to 120s for clean exit): 1263906
[2026-06-02 05:27:06]   [geth] exited cleanly after 3s
[2026-06-02 05:27:06]   [cache] OS page cache dropped
Fatal: Could not create the account: account already exists
[2026-06-02 05:27:06]   [geth] Starting (pbt, gd=5, cold=1, dev.period=1, 1tx/block)
[2026-06-02 05:27:06]   [geth] Waiting for RPC...
[2026-06-02 05:27:11]   [geth] RPC ready after 5s
[2026-06-02 05:27:11]   [bench] Running execute remote...
[2026-06-02 05:27:18]   [bench] exit=0 passed=1 failed=0
0 missing_trie_node=0
0
[2026-06-02 05:27:18] 
[2026-06-02 05:27:18]   --- storage_sstore_k100_run9 (pbt) write-offset=30900000000 K=100 ---
[2026-06-02 05:27:18]   [geth] Stopping (SIGTERM, waiting up to 120s for clean exit): 1263990
[2026-06-02 05:27:21]   [geth] exited cleanly after 3s
[2026-06-02 05:27:22]   [cache] OS page cache dropped
Fatal: Could not create the account: account already exists
[2026-06-02 05:27:22]   [geth] Starting (pbt, gd=5, cold=1, dev.period=1, 1tx/block)
[2026-06-02 05:27:22]   [geth] Waiting for RPC...
[2026-06-02 05:27:26]   [geth] RPC ready after 5s
[2026-06-02 05:27:26]   [bench] Running execute remote...
[2026-06-02 05:27:34]   [bench] exit=0 passed=1 failed=0
0 missing_trie_node=0
0
[2026-06-02 05:27:34] 
[2026-06-02 05:27:34]   --- storage_sstore_k100_run10 (pbt) write-offset=31000000000 K=100 ---
[2026-06-02 05:27:34]   [geth] Stopping (SIGTERM, waiting up to 120s for clean exit): 1264073
[2026-06-02 05:27:37]   [geth] exited cleanly after 3s
[2026-06-02 05:27:37]   [cache] OS page cache dropped
Fatal: Could not create the account: account already exists
[2026-06-02 05:27:37]   [geth] Starting (pbt, gd=5, cold=1, dev.period=1, 1tx/block)
[2026-06-02 05:27:37]   [geth] Waiting for RPC...
[2026-06-02 05:27:41]   [geth] RPC ready after 5s
[2026-06-02 05:27:41]   [bench] Running execute remote...
[2026-06-02 05:27:49]   [bench] exit=0 passed=1 failed=0
0 missing_trie_node=0
0
[2026-06-02 05:27:49] 
[2026-06-02 05:27:49]   --- storage_sstore_k100_run11 (pbt) write-offset=31100000000 K=100 ---
[2026-06-02 05:27:49]   [geth] Stopping (SIGTERM, waiting up to 120s for clean exit): 1264161
[2026-06-02 05:27:52]   [geth] exited cleanly after 3s
[2026-06-02 05:27:52]   [cache] OS page cache dropped
Fatal: Could not create the account: account already exists
[2026-06-02 05:27:52]   [geth] Starting (pbt, gd=5, cold=1, dev.period=1, 1tx/block)
[2026-06-02 05:27:52]   [geth] Waiting for RPC...
[2026-06-02 05:27:56]   [geth] RPC ready after 5s
[2026-06-02 05:27:56]   [bench] Running execute remote...
[2026-06-02 05:28:04]   [bench] exit=0 passed=1 failed=0
0 missing_trie_node=0
0
[2026-06-02 05:28:04] 
[2026-06-02 05:28:04]   --- storage_sstore_k100_run12 (pbt) write-offset=31200000000 K=100 ---
[2026-06-02 05:28:04]   [geth] Stopping (SIGTERM, waiting up to 120s for clean exit): 1264284
[2026-06-02 05:28:07]   [geth] exited cleanly after 3s
[2026-06-02 05:28:07]   [cache] OS page cache dropped
Fatal: Could not create the account: account already exists
[2026-06-02 05:28:07]   [geth] Starting (pbt, gd=5, cold=1, dev.period=1, 1tx/block)
[2026-06-02 05:28:07]   [geth] Waiting for RPC...
[2026-06-02 05:28:11]   [geth] RPC ready after 5s
[2026-06-02 05:28:11]   [bench] Running execute remote...
[2026-06-02 05:28:19]   [bench] exit=0 passed=1 failed=0
0 missing_trie_node=0
0
[2026-06-02 05:28:19] 
[2026-06-02 05:28:19]   --- storage_sstore_k100_run13 (pbt) write-offset=31300000000 K=100 ---
[2026-06-02 05:28:19]   [geth] Stopping (SIGTERM, waiting up to 120s for clean exit): 1264371
[2026-06-02 05:28:22]   [geth] exited cleanly after 3s
[2026-06-02 05:28:22]   [cache] OS page cache dropped
Fatal: Could not create the account: account already exists
[2026-06-02 05:28:22]   [geth] Starting (pbt, gd=5, cold=1, dev.period=1, 1tx/block)
[2026-06-02 05:28:22]   [geth] Waiting for RPC...
[2026-06-02 05:28:26]   [geth] RPC ready after 5s
[2026-06-02 05:28:26]   [bench] Running execute remote...
[2026-06-02 05:28:34]   [bench] exit=0 passed=1 failed=0
0 missing_trie_node=0
0
[2026-06-02 05:28:34] 
[2026-06-02 05:28:34]   --- storage_sstore_k100_run14 (pbt) write-offset=31400000000 K=100 ---
[2026-06-02 05:28:34]   [geth] Stopping (SIGTERM, waiting up to 120s for clean exit): 1264458
[2026-06-02 05:28:37]   [geth] exited cleanly after 3s
[2026-06-02 05:28:38]   [cache] OS page cache dropped
Fatal: Could not create the account: account already exists
[2026-06-02 05:28:38]   [geth] Starting (pbt, gd=5, cold=1, dev.period=1, 1tx/block)
[2026-06-02 05:28:38]   [geth] Waiting for RPC...
[2026-06-02 05:28:42]   [geth] RPC ready after 5s
[2026-06-02 05:28:42]   [bench] Running execute remote...
[2026-06-02 05:28:50]   [bench] exit=0 passed=1 failed=0
0 missing_trie_node=0
0
[2026-06-02 05:28:50] 
[2026-06-02 05:28:50]   --- storage_sstore_k100_run15 (pbt) write-offset=31500000000 K=100 ---
[2026-06-02 05:28:50]   [geth] Stopping (SIGTERM, waiting up to 120s for clean exit): 1264542
[2026-06-02 05:28:53]   [geth] exited cleanly after 3s
[2026-06-02 05:28:53]   [cache] OS page cache dropped
Fatal: Could not create the account: account already exists
[2026-06-02 05:28:53]   [geth] Starting (pbt, gd=5, cold=1, dev.period=1, 1tx/block)
[2026-06-02 05:28:53]   [geth] Waiting for RPC...
[2026-06-02 05:28:57]   [geth] RPC ready after 5s
[2026-06-02 05:28:57]   [bench] Running execute remote...
[2026-06-02 05:29:05]   [bench] exit=0 passed=1 failed=0
0 missing_trie_node=0
0
[2026-06-02 05:29:05] 
[2026-06-02 05:29:05]   --- storage_sstore_k100_run16 (pbt) write-offset=31600000000 K=100 ---
[2026-06-02 05:29:05]   [geth] Stopping (SIGTERM, waiting up to 120s for clean exit): 1264627
[2026-06-02 05:29:08]   [geth] exited cleanly after 3s
[2026-06-02 05:29:08]   [cache] OS page cache dropped
Fatal: Could not create the account: account already exists
[2026-06-02 05:29:08]   [geth] Starting (pbt, gd=5, cold=1, dev.period=1, 1tx/block)
[2026-06-02 05:29:08]   [geth] Waiting for RPC...
[2026-06-02 05:29:12]   [geth] RPC ready after 5s
[2026-06-02 05:29:12]   [bench] Running execute remote...
[2026-06-02 05:29:20]   [bench] exit=0 passed=1 failed=0
0 missing_trie_node=0
0
[2026-06-02 05:29:20] 
[2026-06-02 05:29:20]   --- storage_sstore_k100_run17 (pbt) write-offset=31700000000 K=100 ---
[2026-06-02 05:29:20]   [geth] Stopping (SIGTERM, waiting up to 120s for clean exit): 1264713
[2026-06-02 05:29:23]   [geth] exited cleanly after 3s
[2026-06-02 05:29:23]   [cache] OS page cache dropped
Fatal: Could not create the account: account already exists
[2026-06-02 05:29:23]   [geth] Starting (pbt, gd=5, cold=1, dev.period=1, 1tx/block)
[2026-06-02 05:29:23]   [geth] Waiting for RPC...
[2026-06-02 05:29:28]   [geth] RPC ready after 5s
[2026-06-02 05:29:28]   [bench] Running execute remote...
[2026-06-02 05:29:36]   [bench] exit=0 passed=1 failed=0
0 missing_trie_node=0
0
[2026-06-02 05:29:36] 
[2026-06-02 05:29:36]   --- storage_sstore_k100_run18 (pbt) write-offset=31800000000 K=100 ---
[2026-06-02 05:29:36]   [geth] Stopping (SIGTERM, waiting up to 120s for clean exit): 1264798
[2026-06-02 05:29:39]   [geth] exited cleanly after 3s
[2026-06-02 05:29:39]   [cache] OS page cache dropped
Fatal: Could not create the account: account already exists
[2026-06-02 05:29:39]   [geth] Starting (pbt, gd=5, cold=1, dev.period=1, 1tx/block)
[2026-06-02 05:29:39]   [geth] Waiting for RPC...
[2026-06-02 05:29:43]   [geth] RPC ready after 5s
[2026-06-02 05:29:43]   [bench] Running execute remote...
[2026-06-02 05:29:51]   [bench] exit=0 passed=1 failed=0
0 missing_trie_node=0
0
[2026-06-02 05:29:51] 
[2026-06-02 05:29:51]   --- storage_sstore_k100_run19 (pbt) write-offset=31900000000 K=100 ---
[2026-06-02 05:29:51]   [geth] Stopping (SIGTERM, waiting up to 120s for clean exit): 1264881
[2026-06-02 05:29:54]   [geth] exited cleanly after 3s
[2026-06-02 05:29:54]   [cache] OS page cache dropped
Fatal: Could not create the account: account already exists
[2026-06-02 05:29:54]   [geth] Starting (pbt, gd=5, cold=1, dev.period=1, 1tx/block)
[2026-06-02 05:29:54]   [geth] Waiting for RPC...
[2026-06-02 05:29:58]   [geth] RPC ready after 5s
[2026-06-02 05:29:58]   [bench] Running execute remote...
[2026-06-02 05:30:06]   [bench] exit=0 passed=1 failed=0
0 missing_trie_node=0
0
[2026-06-02 05:30:06] 
[2026-06-02 05:30:06]   --- storage_sstore_k100_run20 (pbt) write-offset=32000000000 K=100 ---
[2026-06-02 05:30:06]   [geth] Stopping (SIGTERM, waiting up to 120s for clean exit): 1264965
[2026-06-02 05:30:09]   [geth] exited cleanly after 3s
[2026-06-02 05:30:09]   [cache] OS page cache dropped
Fatal: Could not create the account: account already exists
[2026-06-02 05:30:09]   [geth] Starting (pbt, gd=5, cold=1, dev.period=1, 1tx/block)
[2026-06-02 05:30:09]   [geth] Waiting for RPC...
[2026-06-02 05:30:13]   [geth] RPC ready after 5s
[2026-06-02 05:30:13]   [bench] Running execute remote...
[2026-06-02 05:30:21]   [bench] exit=0 passed=1 failed=0
0 missing_trie_node=0
0
[2026-06-02 05:30:21] 
[2026-06-02 05:30:21]   ── BENCHMARK: storage_sstore_k400 (pool=700 contracts; effective K=400)
[2026-06-02 05:30:21] 
[2026-06-02 05:30:21]   --- storage_sstore_k400_run1 (pbt) write-offset=30100000000 K=400 ---
[2026-06-02 05:30:21]   [geth] Stopping (SIGTERM, waiting up to 120s for clean exit): 1265049
[2026-06-02 05:30:24]   [geth] exited cleanly after 3s
[2026-06-02 05:30:24]   [cache] OS page cache dropped
Fatal: Could not create the account: account already exists
[2026-06-02 05:30:24]   [geth] Starting (pbt, gd=5, cold=1, dev.period=1, 1tx/block)
[2026-06-02 05:30:24]   [geth] Waiting for RPC...
[2026-06-02 05:30:29]   [geth] RPC ready after 5s
[2026-06-02 05:30:29]   [bench] Running execute remote...
[2026-06-02 05:30:38]   [bench] exit=0 passed=1 failed=0
0 missing_trie_node=0
0
[2026-06-02 05:30:38] 
[2026-06-02 05:30:38]   --- storage_sstore_k400_run2 (pbt) write-offset=30200000000 K=400 ---
[2026-06-02 05:30:38]   [geth] Stopping (SIGTERM, waiting up to 120s for clean exit): 1265160
[2026-06-02 05:30:41]   [geth] exited cleanly after 3s
[2026-06-02 05:30:41]   [cache] OS page cache dropped
Fatal: Could not create the account: account already exists
[2026-06-02 05:30:41]   [geth] Starting (pbt, gd=5, cold=1, dev.period=1, 1tx/block)
[2026-06-02 05:30:41]   [geth] Waiting for RPC...
[2026-06-02 05:30:45]   [geth] RPC ready after 5s
[2026-06-02 05:30:45]   [bench] Running execute remote...
[2026-06-02 05:30:54]   [bench] exit=0 passed=1 failed=0
0 missing_trie_node=0
0
[2026-06-02 05:30:54] 
[2026-06-02 05:30:54]   --- storage_sstore_k400_run3 (pbt) write-offset=30300000000 K=400 ---
[2026-06-02 05:30:54]   [geth] Stopping (SIGTERM, waiting up to 120s for clean exit): 1265248
[2026-06-02 05:30:57]   [geth] exited cleanly after 3s
[2026-06-02 05:30:57]   [cache] OS page cache dropped
Fatal: Could not create the account: account already exists
[2026-06-02 05:30:57]   [geth] Starting (pbt, gd=5, cold=1, dev.period=1, 1tx/block)
[2026-06-02 05:30:57]   [geth] Waiting for RPC...
[2026-06-02 05:31:01]   [geth] RPC ready after 5s
[2026-06-02 05:31:01]   [bench] Running execute remote...
[2026-06-02 05:31:10]   [bench] exit=0 passed=1 failed=0
0 missing_trie_node=0
0
[2026-06-02 05:31:10] 
[2026-06-02 05:31:10]   --- storage_sstore_k400_run4 (pbt) write-offset=30400000000 K=400 ---
[2026-06-02 05:31:10]   [geth] Stopping (SIGTERM, waiting up to 120s for clean exit): 1265329
[2026-06-02 05:31:13]   [geth] exited cleanly after 3s
[2026-06-02 05:31:13]   [cache] OS page cache dropped
Fatal: Could not create the account: account already exists
[2026-06-02 05:31:13]   [geth] Starting (pbt, gd=5, cold=1, dev.period=1, 1tx/block)
[2026-06-02 05:31:13]   [geth] Waiting for RPC...
[2026-06-02 05:31:17]   [geth] RPC ready after 5s
[2026-06-02 05:31:17]   [bench] Running execute remote...
[2026-06-02 05:31:26]   [bench] exit=0 passed=1 failed=0
0 missing_trie_node=0
0
[2026-06-02 05:31:26] 
[2026-06-02 05:31:26]   --- storage_sstore_k400_run5 (pbt) write-offset=30500000000 K=400 ---
[2026-06-02 05:31:26]   [geth] Stopping (SIGTERM, waiting up to 120s for clean exit): 1265412
[2026-06-02 05:31:29]   [geth] exited cleanly after 3s
[2026-06-02 05:31:29]   [cache] OS page cache dropped
Fatal: Could not create the account: account already exists
[2026-06-02 05:31:29]   [geth] Starting (pbt, gd=5, cold=1, dev.period=1, 1tx/block)
[2026-06-02 05:31:29]   [geth] Waiting for RPC...
[2026-06-02 05:31:34]   [geth] RPC ready after 5s
[2026-06-02 05:31:34]   [bench] Running execute remote...
[2026-06-02 05:31:42]   [bench] exit=0 passed=1 failed=0
0 missing_trie_node=0
0
[2026-06-02 05:31:42] 
[2026-06-02 05:31:42]   --- storage_sstore_k400_run6 (pbt) write-offset=30600000000 K=400 ---
[2026-06-02 05:31:42]   [geth] Stopping (SIGTERM, waiting up to 120s for clean exit): 1265508
[2026-06-02 05:31:45]   [geth] exited cleanly after 3s
[2026-06-02 05:31:46]   [cache] OS page cache dropped
Fatal: Could not create the account: account already exists
[2026-06-02 05:31:46]   [geth] Starting (pbt, gd=5, cold=1, dev.period=1, 1tx/block)
[2026-06-02 05:31:46]   [geth] Waiting for RPC...
[2026-06-02 05:31:50]   [geth] RPC ready after 5s
[2026-06-02 05:31:50]   [bench] Running execute remote...
[2026-06-02 05:31:59]   [bench] exit=0 passed=1 failed=0
0 missing_trie_node=0
0
[2026-06-02 05:31:59] 
[2026-06-02 05:31:59]   --- storage_sstore_k400_run7 (pbt) write-offset=30700000000 K=400 ---
[2026-06-02 05:31:59]   [geth] Stopping (SIGTERM, waiting up to 120s for clean exit): 1265596
[2026-06-02 05:32:02]   [geth] exited cleanly after 3s
[2026-06-02 05:32:02]   [cache] OS page cache dropped
Fatal: Could not create the account: account already exists
[2026-06-02 05:32:02]   [geth] Starting (pbt, gd=5, cold=1, dev.period=1, 1tx/block)
[2026-06-02 05:32:02]   [geth] Waiting for RPC...
[2026-06-02 05:32:06]   [geth] RPC ready after 5s
[2026-06-02 05:32:06]   [bench] Running execute remote...
[2026-06-02 05:32:15]   [bench] exit=0 passed=1 failed=0
0 missing_trie_node=0
0
[2026-06-02 05:32:15] 
[2026-06-02 05:32:15]   --- storage_sstore_k400_run8 (pbt) write-offset=30800000000 K=400 ---
[2026-06-02 05:32:15]   [geth] Stopping (SIGTERM, waiting up to 120s for clean exit): 1265679
[2026-06-02 05:32:18]   [geth] exited cleanly after 3s
[2026-06-02 05:32:18]   [cache] OS page cache dropped
Fatal: Could not create the account: account already exists
[2026-06-02 05:32:18]   [geth] Starting (pbt, gd=5, cold=1, dev.period=1, 1tx/block)
[2026-06-02 05:32:18]   [geth] Waiting for RPC...
[2026-06-02 05:32:22]   [geth] RPC ready after 5s
[2026-06-02 05:32:22]   [bench] Running execute remote...
[2026-06-02 05:32:31]   [bench] exit=0 passed=1 failed=0
0 missing_trie_node=0
0
[2026-06-02 05:32:31] 
[2026-06-02 05:32:31]   --- storage_sstore_k400_run9 (pbt) write-offset=30900000000 K=400 ---
[2026-06-02 05:32:31]   [geth] Stopping (SIGTERM, waiting up to 120s for clean exit): 1265762
[2026-06-02 05:32:34]   [geth] exited cleanly after 3s
[2026-06-02 05:32:35]   [cache] OS page cache dropped
Fatal: Could not create the account: account already exists
[2026-06-02 05:32:35]   [geth] Starting (pbt, gd=5, cold=1, dev.period=1, 1tx/block)
[2026-06-02 05:32:35]   [geth] Waiting for RPC...
[2026-06-02 05:32:39]   [geth] RPC ready after 5s
[2026-06-02 05:32:39]   [bench] Running execute remote...
[2026-06-02 05:32:48]   [bench] exit=0 passed=1 failed=0
0 missing_trie_node=0
0
[2026-06-02 05:32:48] 
[2026-06-02 05:32:48]   --- storage_sstore_k400_run10 (pbt) write-offset=31000000000 K=400 ---
[2026-06-02 05:32:48]   [geth] Stopping (SIGTERM, waiting up to 120s for clean exit): 1265848
[2026-06-02 05:32:51]   [geth] exited cleanly after 3s
[2026-06-02 05:32:51]   [cache] OS page cache dropped
Fatal: Could not create the account: account already exists
[2026-06-02 05:32:51]   [geth] Starting (pbt, gd=5, cold=1, dev.period=1, 1tx/block)
[2026-06-02 05:32:51]   [geth] Waiting for RPC...
[2026-06-02 05:32:55]   [geth] RPC ready after 5s
[2026-06-02 05:32:55]   [bench] Running execute remote...
[2026-06-02 05:33:04]   [bench] exit=0 passed=1 failed=0
0 missing_trie_node=0
0
[2026-06-02 05:33:04] 
[2026-06-02 05:33:04]   --- storage_sstore_k400_run11 (pbt) write-offset=31100000000 K=400 ---
[2026-06-02 05:33:04]   [geth] Stopping (SIGTERM, waiting up to 120s for clean exit): 1265937
[2026-06-02 05:33:07]   [geth] exited cleanly after 3s
[2026-06-02 05:33:07]   [cache] OS page cache dropped
Fatal: Could not create the account: account already exists
[2026-06-02 05:33:07]   [geth] Starting (pbt, gd=5, cold=1, dev.period=1, 1tx/block)
[2026-06-02 05:33:07]   [geth] Waiting for RPC...
[2026-06-02 05:33:11]   [geth] RPC ready after 5s
[2026-06-02 05:33:11]   [bench] Running execute remote...
[2026-06-02 05:33:20]   [bench] exit=0 passed=1 failed=0
0 missing_trie_node=0
0
[2026-06-02 05:33:20] 
[2026-06-02 05:33:20]   --- storage_sstore_k400_run12 (pbt) write-offset=31200000000 K=400 ---
[2026-06-02 05:33:20]   [geth] Stopping (SIGTERM, waiting up to 120s for clean exit): 1266024
[2026-06-02 05:33:23]   [geth] exited cleanly after 3s
[2026-06-02 05:33:23]   [cache] OS page cache dropped
Fatal: Could not create the account: account already exists
[2026-06-02 05:33:24]   [geth] Starting (pbt, gd=5, cold=1, dev.period=1, 1tx/block)
[2026-06-02 05:33:24]   [geth] Waiting for RPC...
[2026-06-02 05:33:28]   [geth] RPC ready after 5s
[2026-06-02 05:33:28]   [bench] Running execute remote...
[2026-06-02 05:33:37]   [bench] exit=0 passed=1 failed=0
0 missing_trie_node=0
0
[2026-06-02 05:33:37] 
[2026-06-02 05:33:37]   --- storage_sstore_k400_run13 (pbt) write-offset=31300000000 K=400 ---
[2026-06-02 05:33:37]   [geth] Stopping (SIGTERM, waiting up to 120s for clean exit): 1266105
[2026-06-02 05:33:40]   [geth] exited cleanly after 3s
[2026-06-02 05:33:40]   [cache] OS page cache dropped
Fatal: Could not create the account: account already exists
[2026-06-02 05:33:40]   [geth] Starting (pbt, gd=5, cold=1, dev.period=1, 1tx/block)
[2026-06-02 05:33:40]   [geth] Waiting for RPC...
[2026-06-02 05:33:44]   [geth] RPC ready after 5s
[2026-06-02 05:33:44]   [bench] Running execute remote...
[2026-06-02 05:33:53]   [bench] exit=0 passed=1 failed=0
0 missing_trie_node=0
0
[2026-06-02 05:33:53] 
[2026-06-02 05:33:53]   --- storage_sstore_k400_run14 (pbt) write-offset=31400000000 K=400 ---
[2026-06-02 05:33:53]   [geth] Stopping (SIGTERM, waiting up to 120s for clean exit): 1266192
[2026-06-02 05:33:56]   [geth] exited cleanly after 3s
[2026-06-02 05:33:56]   [cache] OS page cache dropped
Fatal: Could not create the account: account already exists
[2026-06-02 05:33:56]   [geth] Starting (pbt, gd=5, cold=1, dev.period=1, 1tx/block)
[2026-06-02 05:33:56]   [geth] Waiting for RPC...
[2026-06-02 05:34:01]   [geth] RPC ready after 6s
[2026-06-02 05:34:01]   [bench] Running execute remote...
[2026-06-02 05:34:09]   [bench] exit=0 passed=1 failed=0
0 missing_trie_node=0
0
[2026-06-02 05:34:09] 
[2026-06-02 05:34:09]   --- storage_sstore_k400_run15 (pbt) write-offset=31500000000 K=400 ---
[2026-06-02 05:34:09]   [geth] Stopping (SIGTERM, waiting up to 120s for clean exit): 1266278
[2026-06-02 05:34:12]   [geth] exited cleanly after 3s
[2026-06-02 05:34:12]   [cache] OS page cache dropped
Fatal: Could not create the account: account already exists
[2026-06-02 05:34:12]   [geth] Starting (pbt, gd=5, cold=1, dev.period=1, 1tx/block)
[2026-06-02 05:34:12]   [geth] Waiting for RPC...
[2026-06-02 05:34:17]   [geth] RPC ready after 6s
[2026-06-02 05:34:17]   [bench] Running execute remote...
[2026-06-02 05:34:26]   [bench] exit=0 passed=1 failed=0
0 missing_trie_node=0
0
[2026-06-02 05:34:26] 
[2026-06-02 05:34:26]   --- storage_sstore_k400_run16 (pbt) write-offset=31600000000 K=400 ---
[2026-06-02 05:34:26]   [geth] Stopping (SIGTERM, waiting up to 120s for clean exit): 1266365
[2026-06-02 05:34:29]   [geth] exited cleanly after 3s
[2026-06-02 05:34:29]   [cache] OS page cache dropped
Fatal: Could not create the account: account already exists
[2026-06-02 05:34:29]   [geth] Starting (pbt, gd=5, cold=1, dev.period=1, 1tx/block)
[2026-06-02 05:34:29]   [geth] Waiting for RPC...
[2026-06-02 05:34:34]   [geth] RPC ready after 6s
[2026-06-02 05:34:34]   [bench] Running execute remote...
[2026-06-02 05:34:42]   [bench] exit=0 passed=1 failed=0
0 missing_trie_node=0
0
[2026-06-02 05:34:42] 
[2026-06-02 05:34:42]   --- storage_sstore_k400_run17 (pbt) write-offset=31700000000 K=400 ---
[2026-06-02 05:34:42]   [geth] Stopping (SIGTERM, waiting up to 120s for clean exit): 1266450
[2026-06-02 05:34:45]   [geth] exited cleanly after 3s
[2026-06-02 05:34:45]   [cache] OS page cache dropped
Fatal: Could not create the account: account already exists
[2026-06-02 05:34:45]   [geth] Starting (pbt, gd=5, cold=1, dev.period=1, 1tx/block)
[2026-06-02 05:34:45]   [geth] Waiting for RPC...
[2026-06-02 05:34:50]   [geth] RPC ready after 5s
[2026-06-02 05:34:50]   [bench] Running execute remote...
[2026-06-02 05:34:58]   [bench] exit=0 passed=1 failed=0
0 missing_trie_node=0
0
[2026-06-02 05:34:58] 
[2026-06-02 05:34:58]   --- storage_sstore_k400_run18 (pbt) write-offset=31800000000 K=400 ---
[2026-06-02 05:34:58]   [geth] Stopping (SIGTERM, waiting up to 120s for clean exit): 1266540
[2026-06-02 05:35:01]   [geth] exited cleanly after 3s
[2026-06-02 05:35:02]   [cache] OS page cache dropped
Fatal: Could not create the account: account already exists
[2026-06-02 05:35:02]   [geth] Starting (pbt, gd=5, cold=1, dev.period=1, 1tx/block)
[2026-06-02 05:35:02]   [geth] Waiting for RPC...
[2026-06-02 05:35:07]   [geth] RPC ready after 6s
[2026-06-02 05:35:07]   [bench] Running execute remote...
[2026-06-02 05:35:15]   [bench] exit=0 passed=1 failed=0
0 missing_trie_node=0
0
[2026-06-02 05:35:15] 
[2026-06-02 05:35:15]   --- storage_sstore_k400_run19 (pbt) write-offset=31900000000 K=400 ---
[2026-06-02 05:35:15]   [geth] Stopping (SIGTERM, waiting up to 120s for clean exit): 1266626
[2026-06-02 05:35:18]   [geth] exited cleanly after 3s
[2026-06-02 05:35:19]   [cache] OS page cache dropped
Fatal: Could not create the account: account already exists
[2026-06-02 05:35:19]   [geth] Starting (pbt, gd=5, cold=1, dev.period=1, 1tx/block)
[2026-06-02 05:35:19]   [geth] Waiting for RPC...
[2026-06-02 05:35:24]   [geth] RPC ready after 6s
[2026-06-02 05:35:24]   [bench] Running execute remote...
[2026-06-02 05:35:31]   [bench] exit=0 passed=1 failed=0
0 missing_trie_node=0
0
[2026-06-02 05:35:31] 
[2026-06-02 05:35:31]   --- storage_sstore_k400_run20 (pbt) write-offset=32000000000 K=400 ---
[2026-06-02 05:35:31]   [geth] Stopping (SIGTERM, waiting up to 120s for clean exit): 1266718
[2026-06-02 05:35:34]   [geth] exited cleanly after 3s
[2026-06-02 05:35:35]   [cache] OS page cache dropped
Fatal: Could not create the account: account already exists
[2026-06-02 05:35:35]   [geth] Starting (pbt, gd=5, cold=1, dev.period=1, 1tx/block)
[2026-06-02 05:35:35]   [geth] Waiting for RPC...
[2026-06-02 05:35:39]   [geth] RPC ready after 5s
[2026-06-02 05:35:39]   [bench] Running execute remote...
[2026-06-02 05:35:48]   [bench] exit=0 passed=1 failed=0
0 missing_trie_node=0
0
[2026-06-02 05:35:48] 
[2026-06-02 05:35:48]   ── BENCHMARK: storage_sstore_k700 (pool=700 contracts; effective K=700)
[2026-06-02 05:35:48] 
[2026-06-02 05:35:48]   --- storage_sstore_k700_run1 (pbt) write-offset=30100000000 K=700 ---
[2026-06-02 05:35:48]   [geth] Stopping (SIGTERM, waiting up to 120s for clean exit): 1266808
[2026-06-02 05:35:51]   [geth] exited cleanly after 3s
[2026-06-02 05:35:51]   [cache] OS page cache dropped
Fatal: Could not create the account: account already exists
[2026-06-02 05:35:51]   [geth] Starting (pbt, gd=5, cold=1, dev.period=1, 1tx/block)
[2026-06-02 05:35:51]   [geth] Waiting for RPC...
[2026-06-02 05:35:56]   [geth] RPC ready after 6s
[2026-06-02 05:35:56]   [bench] Running execute remote...
[2026-06-02 05:36:04]   [bench] exit=0 passed=1 failed=0
0 missing_trie_node=0
0
[2026-06-02 05:36:04] 
[2026-06-02 05:36:04]   --- storage_sstore_k700_run2 (pbt) write-offset=30200000000 K=700 ---
[2026-06-02 05:36:05]   [geth] Stopping (SIGTERM, waiting up to 120s for clean exit): 1266917
[2026-06-02 05:36:08]   [geth] exited cleanly after 3s
[2026-06-02 05:36:08]   [cache] OS page cache dropped
Fatal: Could not create the account: account already exists
[2026-06-02 05:36:08]   [geth] Starting (pbt, gd=5, cold=1, dev.period=1, 1tx/block)
[2026-06-02 05:36:08]   [geth] Waiting for RPC...
[2026-06-02 05:36:13]   [geth] RPC ready after 6s
[2026-06-02 05:36:13]   [bench] Running execute remote...
[2026-06-02 05:36:21]   [bench] exit=0 passed=1 failed=0
0 missing_trie_node=0
0
[2026-06-02 05:36:21] 
[2026-06-02 05:36:21]   --- storage_sstore_k700_run3 (pbt) write-offset=30300000000 K=700 ---
[2026-06-02 05:36:21]   [geth] Stopping (SIGTERM, waiting up to 120s for clean exit): 1267004
[2026-06-02 05:36:25]   [geth] exited cleanly after 4s
[2026-06-02 05:36:26]   [cache] OS page cache dropped
Fatal: Could not create the account: account already exists
[2026-06-02 05:36:26]   [geth] Starting (pbt, gd=5, cold=1, dev.period=1, 1tx/block)
[2026-06-02 05:36:26]   [geth] Waiting for RPC...
[2026-06-02 05:36:31]   [geth] RPC ready after 6s
[2026-06-02 05:36:31]   [bench] Running execute remote...
[2026-06-02 05:36:39]   [bench] exit=0 passed=1 failed=0
0 missing_trie_node=0
0
[2026-06-02 05:36:39] 
[2026-06-02 05:36:39]   --- storage_sstore_k700_run4 (pbt) write-offset=30400000000 K=700 ---
[2026-06-02 05:36:39]   [geth] Stopping (SIGTERM, waiting up to 120s for clean exit): 1267091
[2026-06-02 05:36:43]   [geth] exited cleanly after 4s
[2026-06-02 05:36:44]   [cache] OS page cache dropped
Fatal: Could not create the account: account already exists
[2026-06-02 05:36:44]   [geth] Starting (pbt, gd=5, cold=1, dev.period=1, 1tx/block)
[2026-06-02 05:36:44]   [geth] Waiting for RPC...
[2026-06-02 05:36:49]   [geth] RPC ready after 6s
[2026-06-02 05:36:49]   [bench] Running execute remote...
[2026-06-02 05:36:57]   [bench] exit=0 passed=1 failed=0
0 missing_trie_node=0
0
[2026-06-02 05:36:57] 
[2026-06-02 05:36:57]   --- storage_sstore_k700_run5 (pbt) write-offset=30500000000 K=700 ---
[2026-06-02 05:36:57]   [geth] Stopping (SIGTERM, waiting up to 120s for clean exit): 1267183
[2026-06-02 05:37:00]   [geth] exited cleanly after 3s
[2026-06-02 05:37:01]   [cache] OS page cache dropped
Fatal: Could not create the account: account already exists
[2026-06-02 05:37:01]   [geth] Starting (pbt, gd=5, cold=1, dev.period=1, 1tx/block)
[2026-06-02 05:37:01]   [geth] Waiting for RPC...
[2026-06-02 05:37:06]   [geth] RPC ready after 6s
[2026-06-02 05:37:06]   [bench] Running execute remote...
[2026-06-02 05:37:14]   [bench] exit=0 passed=1 failed=0
0 missing_trie_node=0
0
[2026-06-02 05:37:14] 
[2026-06-02 05:37:14]   --- storage_sstore_k700_run6 (pbt) write-offset=30600000000 K=700 ---
[2026-06-02 05:37:14]   [geth] Stopping (SIGTERM, waiting up to 120s for clean exit): 1267311
[2026-06-02 05:37:18]   [geth] exited cleanly after 4s
[2026-06-02 05:37:19]   [cache] OS page cache dropped
Fatal: Could not create the account: account already exists
[2026-06-02 05:37:19]   [geth] Starting (pbt, gd=5, cold=1, dev.period=1, 1tx/block)
[2026-06-02 05:37:19]   [geth] Waiting for RPC...
[2026-06-02 05:37:24]   [geth] RPC ready after 6s
[2026-06-02 05:37:24]   [bench] Running execute remote...
[2026-06-02 05:37:32]   [bench] exit=0 passed=1 failed=0
0 missing_trie_node=0
0
[2026-06-02 05:37:32] 
[2026-06-02 05:37:32]   --- storage_sstore_k700_run7 (pbt) write-offset=30700000000 K=700 ---
[2026-06-02 05:37:32]   [geth] Stopping (SIGTERM, waiting up to 120s for clean exit): 1267413
[2026-06-02 05:37:36]   [geth] exited cleanly after 4s
[2026-06-02 05:37:37]   [cache] OS page cache dropped
Fatal: Could not create the account: account already exists
[2026-06-02 05:37:37]   [geth] Starting (pbt, gd=5, cold=1, dev.period=1, 1tx/block)
[2026-06-02 05:37:37]   [geth] Waiting for RPC...
[2026-06-02 05:37:42]   [geth] RPC ready after 6s
[2026-06-02 05:37:42]   [bench] Running execute remote...
[2026-06-02 05:37:50]   [bench] exit=0 passed=1 failed=0
0 missing_trie_node=0
0
[2026-06-02 05:37:50] 
[2026-06-02 05:37:50]   --- storage_sstore_k700_run8 (pbt) write-offset=30800000000 K=700 ---
[2026-06-02 05:37:50]   [geth] Stopping (SIGTERM, waiting up to 120s for clean exit): 1267500
[2026-06-02 05:37:54]   [geth] exited cleanly after 4s
[2026-06-02 05:37:55]   [cache] OS page cache dropped
Fatal: Could not create the account: account already exists
[2026-06-02 05:37:55]   [geth] Starting (pbt, gd=5, cold=1, dev.period=1, 1tx/block)
[2026-06-02 05:37:55]   [geth] Waiting for RPC...
[2026-06-02 05:38:00]   [geth] RPC ready after 6s
[2026-06-02 05:38:00]   [bench] Running execute remote...
[2026-06-02 05:38:08]   [bench] exit=0 passed=1 failed=0
0 missing_trie_node=0
0
[2026-06-02 05:38:08] 
[2026-06-02 05:38:08]   --- storage_sstore_k700_run9 (pbt) write-offset=30900000000 K=700 ---
[2026-06-02 05:38:08]   [geth] Stopping (SIGTERM, waiting up to 120s for clean exit): 1267588
[2026-06-02 05:38:12]   [geth] exited cleanly after 4s
[2026-06-02 05:38:13]   [cache] OS page cache dropped
Fatal: Could not create the account: account already exists
[2026-06-02 05:38:13]   [geth] Starting (pbt, gd=5, cold=1, dev.period=1, 1tx/block)
[2026-06-02 05:38:13]   [geth] Waiting for RPC...
[2026-06-02 05:38:18]   [geth] RPC ready after 6s
[2026-06-02 05:38:18]   [bench] Running execute remote...
[2026-06-02 05:38:26]   [bench] exit=0 passed=1 failed=0
0 missing_trie_node=0
0
[2026-06-02 05:38:26] 
[2026-06-02 05:38:26]   --- storage_sstore_k700_run10 (pbt) write-offset=31000000000 K=700 ---
[2026-06-02 05:38:27]   [geth] Stopping (SIGTERM, waiting up to 120s for clean exit): 1267677
[2026-06-02 05:38:31]   [geth] exited cleanly after 4s
[2026-06-02 05:38:31]   [cache] OS page cache dropped
Fatal: Could not create the account: account already exists
[2026-06-02 05:38:31]   [geth] Starting (pbt, gd=5, cold=1, dev.period=1, 1tx/block)
[2026-06-02 05:38:31]   [geth] Waiting for RPC...
[2026-06-02 05:38:36]   [geth] RPC ready after 6s
[2026-06-02 05:38:36]   [bench] Running execute remote...
[2026-06-02 05:38:45]   [bench] exit=0 passed=1 failed=0
0 missing_trie_node=0
0
[2026-06-02 05:38:45] 
[2026-06-02 05:38:45]   --- storage_sstore_k700_run11 (pbt) write-offset=31100000000 K=700 ---
[2026-06-02 05:38:45]   [geth] Stopping (SIGTERM, waiting up to 120s for clean exit): 1267768
[2026-06-02 05:38:49]   [geth] exited cleanly after 4s
[2026-06-02 05:38:49]   [cache] OS page cache dropped
Fatal: Could not create the account: account already exists
[2026-06-02 05:38:49]   [geth] Starting (pbt, gd=5, cold=1, dev.period=1, 1tx/block)
[2026-06-02 05:38:49]   [geth] Waiting for RPC...
[2026-06-02 05:38:54]   [geth] RPC ready after 6s
[2026-06-02 05:38:54]   [bench] Running execute remote...
[2026-06-02 05:39:03]   [bench] exit=0 passed=1 failed=0
0 missing_trie_node=0
0
[2026-06-02 05:39:03] 
[2026-06-02 05:39:03]   --- storage_sstore_k700_run12 (pbt) write-offset=31200000000 K=700 ---
[2026-06-02 05:39:03]   [geth] Stopping (SIGTERM, waiting up to 120s for clean exit): 1267859
[2026-06-02 05:39:07]   [geth] exited cleanly after 4s
[2026-06-02 05:39:07]   [cache] OS page cache dropped
Fatal: Could not create the account: account already exists
[2026-06-02 05:39:07]   [geth] Starting (pbt, gd=5, cold=1, dev.period=1, 1tx/block)
[2026-06-02 05:39:07]   [geth] Waiting for RPC...
[2026-06-02 05:39:12]   [geth] RPC ready after 6s
[2026-06-02 05:39:12]   [bench] Running execute remote...
[2026-06-02 05:39:21]   [bench] exit=0 passed=1 failed=0
0 missing_trie_node=0
0
[2026-06-02 05:39:21] 
[2026-06-02 05:39:21]   --- storage_sstore_k700_run13 (pbt) write-offset=31300000000 K=700 ---
[2026-06-02 05:39:21]   [geth] Stopping (SIGTERM, waiting up to 120s for clean exit): 1267949
[2026-06-02 05:39:25]   [geth] exited cleanly after 4s
[2026-06-02 05:39:25]   [cache] OS page cache dropped
Fatal: Could not create the account: account already exists
[2026-06-02 05:39:25]   [geth] Starting (pbt, gd=5, cold=1, dev.period=1, 1tx/block)
[2026-06-02 05:39:25]   [geth] Waiting for RPC...
[2026-06-02 05:39:30]   [geth] RPC ready after 6s
[2026-06-02 05:39:30]   [bench] Running execute remote...
[2026-06-02 05:39:39]   [bench] exit=0 passed=1 failed=0
0 missing_trie_node=0
0
[2026-06-02 05:39:39] 
[2026-06-02 05:39:39]   --- storage_sstore_k700_run14 (pbt) write-offset=31400000000 K=700 ---
[2026-06-02 05:39:39]   [geth] Stopping (SIGTERM, waiting up to 120s for clean exit): 1268038
[2026-06-02 05:39:43]   [geth] exited cleanly after 4s
[2026-06-02 05:39:43]   [cache] OS page cache dropped
Fatal: Could not create the account: account already exists
[2026-06-02 05:39:43]   [geth] Starting (pbt, gd=5, cold=1, dev.period=1, 1tx/block)
[2026-06-02 05:39:43]   [geth] Waiting for RPC...
[2026-06-02 05:39:48]   [geth] RPC ready after 6s
[2026-06-02 05:39:48]   [bench] Running execute remote...
[2026-06-02 05:39:57]   [bench] exit=0 passed=1 failed=0
0 missing_trie_node=0
0
[2026-06-02 05:39:57] 
[2026-06-02 05:39:57]   --- storage_sstore_k700_run15 (pbt) write-offset=31500000000 K=700 ---
[2026-06-02 05:39:57]   [geth] Stopping (SIGTERM, waiting up to 120s for clean exit): 1268128
[2026-06-02 05:40:01]   [geth] exited cleanly after 4s
[2026-06-02 05:40:01]   [cache] OS page cache dropped
Fatal: Could not create the account: account already exists
[2026-06-02 05:40:01]   [geth] Starting (pbt, gd=5, cold=1, dev.period=1, 1tx/block)
[2026-06-02 05:40:01]   [geth] Waiting for RPC...
[2026-06-02 05:40:06]   [geth] RPC ready after 6s
[2026-06-02 05:40:06]   [bench] Running execute remote...
[2026-06-02 05:40:15]   [bench] exit=0 passed=1 failed=0
0 missing_trie_node=0
0
[2026-06-02 05:40:15] 
[2026-06-02 05:40:15]   --- storage_sstore_k700_run16 (pbt) write-offset=31600000000 K=700 ---
[2026-06-02 05:40:15]   [geth] Stopping (SIGTERM, waiting up to 120s for clean exit): 1268216
[2026-06-02 05:40:19]   [geth] exited cleanly after 4s
[2026-06-02 05:40:19]   [cache] OS page cache dropped
Fatal: Could not create the account: account already exists
[2026-06-02 05:40:19]   [geth] Starting (pbt, gd=5, cold=1, dev.period=1, 1tx/block)
[2026-06-02 05:40:19]   [geth] Waiting for RPC...
[2026-06-02 05:40:24]   [geth] RPC ready after 6s
[2026-06-02 05:40:24]   [bench] Running execute remote...
[2026-06-02 05:40:33]   [bench] exit=0 passed=1 failed=0
0 missing_trie_node=0
0
[2026-06-02 05:40:33] 
[2026-06-02 05:40:33]   --- storage_sstore_k700_run17 (pbt) write-offset=31700000000 K=700 ---
[2026-06-02 05:40:33]   [geth] Stopping (SIGTERM, waiting up to 120s for clean exit): 1268310
[2026-06-02 05:40:37]   [geth] exited cleanly after 4s
[2026-06-02 05:40:37]   [cache] OS page cache dropped
Fatal: Could not create the account: account already exists
[2026-06-02 05:40:37]   [geth] Starting (pbt, gd=5, cold=1, dev.period=1, 1tx/block)
[2026-06-02 05:40:37]   [geth] Waiting for RPC...
[2026-06-02 05:40:42]   [geth] RPC ready after 6s
[2026-06-02 05:40:42]   [bench] Running execute remote...
[2026-06-02 05:40:51]   [bench] exit=0 passed=1 failed=0
0 missing_trie_node=0
0
[2026-06-02 05:40:51] 
[2026-06-02 05:40:51]   --- storage_sstore_k700_run18 (pbt) write-offset=31800000000 K=700 ---
[2026-06-02 05:40:51]   [geth] Stopping (SIGTERM, waiting up to 120s for clean exit): 1268396
[2026-06-02 05:40:55]   [geth] exited cleanly after 4s
[2026-06-02 05:40:55]   [cache] OS page cache dropped
Fatal: Could not create the account: account already exists
[2026-06-02 05:40:55]   [geth] Starting (pbt, gd=5, cold=1, dev.period=1, 1tx/block)
[2026-06-02 05:40:55]   [geth] Waiting for RPC...
[2026-06-02 05:41:00]   [geth] RPC ready after 6s
[2026-06-02 05:41:00]   [bench] Running execute remote...
[2026-06-02 05:41:09]   [bench] exit=0 passed=1 failed=0
0 missing_trie_node=0
0
[2026-06-02 05:41:09] 
[2026-06-02 05:41:09]   --- storage_sstore_k700_run19 (pbt) write-offset=31900000000 K=700 ---
[2026-06-02 05:41:09]   [geth] Stopping (SIGTERM, waiting up to 120s for clean exit): 1268487
[2026-06-02 05:41:13]   [geth] exited cleanly after 4s
[2026-06-02 05:41:13]   [cache] OS page cache dropped
Fatal: Could not create the account: account already exists
[2026-06-02 05:41:13]   [geth] Starting (pbt, gd=5, cold=1, dev.period=1, 1tx/block)
[2026-06-02 05:41:13]   [geth] Waiting for RPC...
[2026-06-02 05:41:18]   [geth] RPC ready after 6s
[2026-06-02 05:41:18]   [bench] Running execute remote...
[2026-06-02 05:41:27]   [bench] exit=0 passed=1 failed=0
0 missing_trie_node=0
0
[2026-06-02 05:41:27] 
[2026-06-02 05:41:27]   --- storage_sstore_k700_run20 (pbt) write-offset=32000000000 K=700 ---
[2026-06-02 05:41:27]   [geth] Stopping (SIGTERM, waiting up to 120s for clean exit): 1268577
[2026-06-02 05:41:31]   [geth] exited cleanly after 4s
[2026-06-02 05:41:31]   [cache] OS page cache dropped
Fatal: Could not create the account: account already exists
[2026-06-02 05:41:32]   [geth] Starting (pbt, gd=5, cold=1, dev.period=1, 1tx/block)
[2026-06-02 05:41:32]   [geth] Waiting for RPC...
[2026-06-02 05:41:37]   [geth] RPC ready after 6s
[2026-06-02 05:41:37]   [bench] Running execute remote...
[2026-06-02 05:41:45]   [bench] exit=0 passed=1 failed=0
0 missing_trie_node=0
0
[2026-06-02 05:41:45] 
[2026-06-02 05:41:45]   ── BENCHMARK: storage_mixed_k1 (pool=700 contracts; effective K=1)
[2026-06-02 05:41:45] 
[2026-06-02 05:41:45]   --- storage_mixed_k1_run1 (pbt) write-offset=30100000000 K=1 ---
[2026-06-02 05:41:45]   [geth] Stopping (SIGTERM, waiting up to 120s for clean exit): 1268665
[2026-06-02 05:41:49]   [geth] exited cleanly after 4s
[2026-06-02 05:41:50]   [cache] OS page cache dropped
Fatal: Could not create the account: account already exists
[2026-06-02 05:41:50]   [geth] Starting (pbt, gd=5, cold=1, dev.period=1, 1tx/block)
[2026-06-02 05:41:50]   [geth] Waiting for RPC...
[2026-06-02 05:41:55]   [geth] RPC ready after 6s
[2026-06-02 05:41:55]   [bench] Running execute remote...
[2026-06-02 05:42:03]   [bench] exit=0 passed=1 failed=0
0 missing_trie_node=0
0
[2026-06-02 05:42:03] 
[2026-06-02 05:42:03]   --- storage_mixed_k1_run2 (pbt) write-offset=30200000000 K=1 ---
[2026-06-02 05:42:03]   [geth] Stopping (SIGTERM, waiting up to 120s for clean exit): 1268782
[2026-06-02 05:42:08]   [geth] exited cleanly after 4s
[2026-06-02 05:42:08]   [cache] OS page cache dropped
Fatal: Could not create the account: account already exists
[2026-06-02 05:42:08]   [geth] Starting (pbt, gd=5, cold=1, dev.period=1, 1tx/block)
[2026-06-02 05:42:08]   [geth] Waiting for RPC...
[2026-06-02 05:42:13]   [geth] RPC ready after 6s
[2026-06-02 05:42:13]   [bench] Running execute remote...
[2026-06-02 05:42:22]   [bench] exit=0 passed=1 failed=0
0 missing_trie_node=0
0
[2026-06-02 05:42:22] 
[2026-06-02 05:42:22]   --- storage_mixed_k1_run3 (pbt) write-offset=30300000000 K=1 ---
[2026-06-02 05:42:22]   [geth] Stopping (SIGTERM, waiting up to 120s for clean exit): 1268872
[2026-06-02 05:42:26]   [geth] exited cleanly after 4s
[2026-06-02 05:42:26]   [cache] OS page cache dropped
Fatal: Could not create the account: account already exists
[2026-06-02 05:42:26]   [geth] Starting (pbt, gd=5, cold=1, dev.period=1, 1tx/block)
[2026-06-02 05:42:26]   [geth] Waiting for RPC...
[2026-06-02 05:42:31]   [geth] RPC ready after 6s
[2026-06-02 05:42:31]   [bench] Running execute remote...
[2026-06-02 05:42:40]   [bench] exit=0 passed=1 failed=0
0 missing_trie_node=0
0
[2026-06-02 05:42:40] 
[2026-06-02 05:42:40]   --- storage_mixed_k1_run4 (pbt) write-offset=30400000000 K=1 ---
[2026-06-02 05:42:40]   [geth] Stopping (SIGTERM, waiting up to 120s for clean exit): 1268963
[2026-06-02 05:42:44]   [geth] exited cleanly after 4s
[2026-06-02 05:42:44]   [cache] OS page cache dropped
Fatal: Could not create the account: account already exists
[2026-06-02 05:42:44]   [geth] Starting (pbt, gd=5, cold=1, dev.period=1, 1tx/block)
[2026-06-02 05:42:44]   [geth] Waiting for RPC...
[2026-06-02 05:42:49]   [geth] RPC ready after 6s
[2026-06-02 05:42:49]   [bench] Running execute remote...
[2026-06-02 05:42:58]   [bench] exit=0 passed=1 failed=0
0 missing_trie_node=0
0
[2026-06-02 05:42:58] 
[2026-06-02 05:42:58]   --- storage_mixed_k1_run5 (pbt) write-offset=30500000000 K=1 ---
[2026-06-02 05:42:58]   [geth] Stopping (SIGTERM, waiting up to 120s for clean exit): 1269052
[2026-06-02 05:43:02]   [geth] exited cleanly after 4s
[2026-06-02 05:43:02]   [cache] OS page cache dropped
Fatal: Could not create the account: account already exists
[2026-06-02 05:43:02]   [geth] Starting (pbt, gd=5, cold=1, dev.period=1, 1tx/block)
[2026-06-02 05:43:02]   [geth] Waiting for RPC...
[2026-06-02 05:43:07]   [geth] RPC ready after 6s
[2026-06-02 05:43:07]   [bench] Running execute remote...
[2026-06-02 05:43:16]   [bench] exit=0 passed=1 failed=0
0 missing_trie_node=0
0
[2026-06-02 05:43:16] 
[2026-06-02 05:43:16]   --- storage_mixed_k1_run6 (pbt) write-offset=30600000000 K=1 ---
[2026-06-02 05:43:16]   [geth] Stopping (SIGTERM, waiting up to 120s for clean exit): 1269138
[2026-06-02 05:43:20]   [geth] exited cleanly after 4s
[2026-06-02 05:43:20]   [cache] OS page cache dropped
Fatal: Could not create the account: account already exists
[2026-06-02 05:43:20]   [geth] Starting (pbt, gd=5, cold=1, dev.period=1, 1tx/block)
[2026-06-02 05:43:20]   [geth] Waiting for RPC...
[2026-06-02 05:43:25]   [geth] RPC ready after 6s
[2026-06-02 05:43:25]   [bench] Running execute remote...
[2026-06-02 05:43:34]   [bench] exit=0 passed=1 failed=0
0 missing_trie_node=0
0
[2026-06-02 05:43:34] 
[2026-06-02 05:43:34]   --- storage_mixed_k1_run7 (pbt) write-offset=30700000000 K=1 ---
[2026-06-02 05:43:34]   [geth] Stopping (SIGTERM, waiting up to 120s for clean exit): 1269246
[2026-06-02 05:43:38]   [geth] exited cleanly after 4s
[2026-06-02 05:43:38]   [cache] OS page cache dropped
Fatal: Could not create the account: account already exists
[2026-06-02 05:43:38]   [geth] Starting (pbt, gd=5, cold=1, dev.period=1, 1tx/block)
[2026-06-02 05:43:38]   [geth] Waiting for RPC...
[2026-06-02 05:43:43]   [geth] RPC ready after 6s
[2026-06-02 05:43:43]   [bench] Running execute remote...
[2026-06-02 05:43:52]   [bench] exit=0 passed=1 failed=0
0 missing_trie_node=0
0
[2026-06-02 05:43:52] 
[2026-06-02 05:43:52]   --- storage_mixed_k1_run8 (pbt) write-offset=30800000000 K=1 ---
[2026-06-02 05:43:52]   [geth] Stopping (SIGTERM, waiting up to 120s for clean exit): 1269331
[2026-06-02 05:43:56]   [geth] exited cleanly after 4s
[2026-06-02 05:43:56]   [cache] OS page cache dropped
Fatal: Could not create the account: account already exists
[2026-06-02 05:43:56]   [geth] Starting (pbt, gd=5, cold=1, dev.period=1, 1tx/block)
[2026-06-02 05:43:56]   [geth] Waiting for RPC...
[2026-06-02 05:44:01]   [geth] RPC ready after 6s
[2026-06-02 05:44:02]   [bench] Running execute remote...
[2026-06-02 05:44:10]   [bench] exit=0 passed=1 failed=0
0 missing_trie_node=0
0
[2026-06-02 05:44:10] 
[2026-06-02 05:44:10]   --- storage_mixed_k1_run9 (pbt) write-offset=30900000000 K=1 ---
[2026-06-02 05:44:10]   [geth] Stopping (SIGTERM, waiting up to 120s for clean exit): 1269421
[2026-06-02 05:44:14]   [geth] exited cleanly after 4s
[2026-06-02 05:44:14]   [cache] OS page cache dropped
Fatal: Could not create the account: account already exists
[2026-06-02 05:44:14]   [geth] Starting (pbt, gd=5, cold=1, dev.period=1, 1tx/block)
[2026-06-02 05:44:14]   [geth] Waiting for RPC...
[2026-06-02 05:44:20]   [geth] RPC ready after 6s
[2026-06-02 05:44:20]   [bench] Running execute remote...
[2026-06-02 05:44:27]   [bench] exit=0 passed=1 failed=0
0 missing_trie_node=0
0
[2026-06-02 05:44:27] 
[2026-06-02 05:44:27]   --- storage_mixed_k1_run10 (pbt) write-offset=31000000000 K=1 ---
[2026-06-02 05:44:27]   [geth] Stopping (SIGTERM, waiting up to 120s for clean exit): 1269506
[2026-06-02 05:44:31]   [geth] exited cleanly after 4s
[2026-06-02 05:44:31]   [cache] OS page cache dropped
Fatal: Could not create the account: account already exists
[2026-06-02 05:44:31]   [geth] Starting (pbt, gd=5, cold=1, dev.period=1, 1tx/block)
[2026-06-02 05:44:31]   [geth] Waiting for RPC...
[2026-06-02 05:44:37]   [geth] RPC ready after 6s
[2026-06-02 05:44:37]   [bench] Running execute remote...
[2026-06-02 05:44:44]   [bench] exit=0 passed=1 failed=0
0 missing_trie_node=0
0
[2026-06-02 05:44:44] 
[2026-06-02 05:44:44]   --- storage_mixed_k1_run11 (pbt) write-offset=31100000000 K=1 ---
[2026-06-02 05:44:44]   [geth] Stopping (SIGTERM, waiting up to 120s for clean exit): 1269595
[2026-06-02 05:44:48]   [geth] exited cleanly after 4s
[2026-06-02 05:44:49]   [cache] OS page cache dropped
Fatal: Could not create the account: account already exists
[2026-06-02 05:44:49]   [geth] Starting (pbt, gd=5, cold=1, dev.period=1, 1tx/block)
[2026-06-02 05:44:49]   [geth] Waiting for RPC...
[2026-06-02 05:44:54]   [geth] RPC ready after 6s
[2026-06-02 05:44:54]   [bench] Running execute remote...
[2026-06-02 05:45:02]   [bench] exit=0 passed=1 failed=0
0 missing_trie_node=0
0
[2026-06-02 05:45:02] 
[2026-06-02 05:45:02]   --- storage_mixed_k1_run12 (pbt) write-offset=31200000000 K=1 ---
[2026-06-02 05:45:02]   [geth] Stopping (SIGTERM, waiting up to 120s for clean exit): 1269685
[2026-06-02 05:45:06]   [geth] exited cleanly after 4s
[2026-06-02 05:45:07]   [cache] OS page cache dropped
Fatal: Could not create the account: account already exists
[2026-06-02 05:45:07]   [geth] Starting (pbt, gd=5, cold=1, dev.period=1, 1tx/block)
[2026-06-02 05:45:07]   [geth] Waiting for RPC...
[2026-06-02 05:45:12]   [geth] RPC ready after 6s
[2026-06-02 05:45:12]   [bench] Running execute remote...
[2026-06-02 05:45:19]   [bench] exit=0 passed=1 failed=0
0 missing_trie_node=0
0
[2026-06-02 05:45:19] 
[2026-06-02 05:45:19]   --- storage_mixed_k1_run13 (pbt) write-offset=31300000000 K=1 ---
[2026-06-02 05:45:19]   [geth] Stopping (SIGTERM, waiting up to 120s for clean exit): 1269779
[2026-06-02 05:45:23]   [geth] exited cleanly after 4s
[2026-06-02 05:45:24]   [cache] OS page cache dropped
Fatal: Could not create the account: account already exists
[2026-06-02 05:45:24]   [geth] Starting (pbt, gd=5, cold=1, dev.period=1, 1tx/block)
[2026-06-02 05:45:24]   [geth] Waiting for RPC...
[2026-06-02 05:45:29]   [geth] RPC ready after 6s
[2026-06-02 05:45:29]   [bench] Running execute remote...
[2026-06-02 05:45:37]   [bench] exit=0 passed=1 failed=0
0 missing_trie_node=0
0
[2026-06-02 05:45:37] 
[2026-06-02 05:45:37]   --- storage_mixed_k1_run14 (pbt) write-offset=31400000000 K=1 ---
[2026-06-02 05:45:37]   [geth] Stopping (SIGTERM, waiting up to 120s for clean exit): 1269872
[2026-06-02 05:45:41]   [geth] exited cleanly after 4s
[2026-06-02 05:45:41]   [cache] OS page cache dropped
Fatal: Could not create the account: account already exists
[2026-06-02 05:45:41]   [geth] Starting (pbt, gd=5, cold=1, dev.period=1, 1tx/block)
[2026-06-02 05:45:41]   [geth] Waiting for RPC...
[2026-06-02 05:45:46]   [geth] RPC ready after 6s
[2026-06-02 05:45:46]   [bench] Running execute remote...
[2026-06-02 05:45:54]   [bench] exit=0 passed=1 failed=0
0 missing_trie_node=0
0
[2026-06-02 05:45:54] 
[2026-06-02 05:45:54]   --- storage_mixed_k1_run15 (pbt) write-offset=31500000000 K=1 ---
[2026-06-02 05:45:54]   [geth] Stopping (SIGTERM, waiting up to 120s for clean exit): 1269960
[2026-06-02 05:45:58]   [geth] exited cleanly after 4s
[2026-06-02 05:45:58]   [cache] OS page cache dropped
Fatal: Could not create the account: account already exists
[2026-06-02 05:45:58]   [geth] Starting (pbt, gd=5, cold=1, dev.period=1, 1tx/block)
[2026-06-02 05:45:58]   [geth] Waiting for RPC...
[2026-06-02 05:46:03]   [geth] RPC ready after 6s
[2026-06-02 05:46:03]   [bench] Running execute remote...
[2026-06-02 05:46:11]   [bench] exit=0 passed=1 failed=0
0 missing_trie_node=0
0
[2026-06-02 05:46:11] 
[2026-06-02 05:46:11]   --- storage_mixed_k1_run16 (pbt) write-offset=31600000000 K=1 ---
[2026-06-02 05:46:11]   [geth] Stopping (SIGTERM, waiting up to 120s for clean exit): 1270052
[2026-06-02 05:46:15]   [geth] exited cleanly after 4s
[2026-06-02 05:46:15]   [cache] OS page cache dropped
Fatal: Could not create the account: account already exists
[2026-06-02 05:46:15]   [geth] Starting (pbt, gd=5, cold=1, dev.period=1, 1tx/block)
[2026-06-02 05:46:15]   [geth] Waiting for RPC...
[2026-06-02 05:46:20]   [geth] RPC ready after 6s
[2026-06-02 05:46:20]   [bench] Running execute remote...
[2026-06-02 05:46:28]   [bench] exit=0 passed=1 failed=0
0 missing_trie_node=0
0
[2026-06-02 05:46:28] 
[2026-06-02 05:46:28]   --- storage_mixed_k1_run17 (pbt) write-offset=31700000000 K=1 ---
[2026-06-02 05:46:28]   [geth] Stopping (SIGTERM, waiting up to 120s for clean exit): 1270212
[2026-06-02 05:46:32]   [geth] exited cleanly after 4s
[2026-06-02 05:46:32]   [cache] OS page cache dropped
Fatal: Could not create the account: account already exists
[2026-06-02 05:46:32]   [geth] Starting (pbt, gd=5, cold=1, dev.period=1, 1tx/block)
[2026-06-02 05:46:32]   [geth] Waiting for RPC...
[2026-06-02 05:46:38]   [geth] RPC ready after 6s
[2026-06-02 05:46:38]   [bench] Running execute remote...
[2026-06-02 05:46:45]   [bench] exit=0 passed=1 failed=0
0 missing_trie_node=0
0
[2026-06-02 05:46:45] 
[2026-06-02 05:46:45]   --- storage_mixed_k1_run18 (pbt) write-offset=31800000000 K=1 ---
[2026-06-02 05:46:45]   [geth] Stopping (SIGTERM, waiting up to 120s for clean exit): 1270300
[2026-06-02 05:46:49]   [geth] exited cleanly after 4s
[2026-06-02 05:46:49]   [cache] OS page cache dropped
Fatal: Could not create the account: account already exists
[2026-06-02 05:46:50]   [geth] Starting (pbt, gd=5, cold=1, dev.period=1, 1tx/block)
[2026-06-02 05:46:50]   [geth] Waiting for RPC...
[2026-06-02 05:46:55]   [geth] RPC ready after 6s
[2026-06-02 05:46:55]   [bench] Running execute remote...
[2026-06-02 05:47:03]   [bench] exit=0 passed=1 failed=0
0 missing_trie_node=0
0
[2026-06-02 05:47:03] 
[2026-06-02 05:47:03]   --- storage_mixed_k1_run19 (pbt) write-offset=31900000000 K=1 ---
[2026-06-02 05:47:03]   [geth] Stopping (SIGTERM, waiting up to 120s for clean exit): 1270390
[2026-06-02 05:47:07]   [geth] exited cleanly after 4s
[2026-06-02 05:47:08]   [cache] OS page cache dropped
Fatal: Could not create the account: account already exists
[2026-06-02 05:47:08]   [geth] Starting (pbt, gd=5, cold=1, dev.period=1, 1tx/block)
[2026-06-02 05:47:08]   [geth] Waiting for RPC...
[2026-06-02 05:47:13]   [geth] RPC ready after 6s
[2026-06-02 05:47:13]   [bench] Running execute remote...
[2026-06-02 05:47:20]   [bench] exit=0 passed=1 failed=0
0 missing_trie_node=0
0
[2026-06-02 05:47:20] 
[2026-06-02 05:47:20]   --- storage_mixed_k1_run20 (pbt) write-offset=32000000000 K=1 ---
[2026-06-02 05:47:20]   [geth] Stopping (SIGTERM, waiting up to 120s for clean exit): 1270481
[2026-06-02 05:47:24]   [geth] exited cleanly after 4s
[2026-06-02 05:47:25]   [cache] OS page cache dropped
Fatal: Could not create the account: account already exists
[2026-06-02 05:47:25]   [geth] Starting (pbt, gd=5, cold=1, dev.period=1, 1tx/block)
[2026-06-02 05:47:25]   [geth] Waiting for RPC...
[2026-06-02 05:47:30]   [geth] RPC ready after 6s
[2026-06-02 05:47:30]   [bench] Running execute remote...
[2026-06-02 05:47:37]   [bench] exit=0 passed=1 failed=0
0 missing_trie_node=0
0
[2026-06-02 05:47:37] 
[2026-06-02 05:47:37]   ── BENCHMARK: storage_mixed_k10 (pool=700 contracts; effective K=10)
[2026-06-02 05:47:37] 
[2026-06-02 05:47:37]   --- storage_mixed_k10_run1 (pbt) write-offset=30100000000 K=10 ---
[2026-06-02 05:47:37]   [geth] Stopping (SIGTERM, waiting up to 120s for clean exit): 1270568
[2026-06-02 05:47:41]   [geth] exited cleanly after 4s
[2026-06-02 05:47:42]   [cache] OS page cache dropped
Fatal: Could not create the account: account already exists
[2026-06-02 05:47:42]   [geth] Starting (pbt, gd=5, cold=1, dev.period=1, 1tx/block)
[2026-06-02 05:47:42]   [geth] Waiting for RPC...
[2026-06-02 05:47:47]   [geth] RPC ready after 6s
[2026-06-02 05:47:47]   [bench] Running execute remote...
[2026-06-02 05:47:54]   [bench] exit=0 passed=1 failed=0
0 missing_trie_node=0
0
[2026-06-02 05:47:54] 
[2026-06-02 05:47:54]   --- storage_mixed_k10_run2 (pbt) write-offset=30200000000 K=10 ---
[2026-06-02 05:47:55]   [geth] Stopping (SIGTERM, waiting up to 120s for clean exit): 1270678
[2026-06-02 05:47:59]   [geth] exited cleanly after 4s
[2026-06-02 05:47:59]   [cache] OS page cache dropped
Fatal: Could not create the account: account already exists
[2026-06-02 05:47:59]   [geth] Starting (pbt, gd=5, cold=1, dev.period=1, 1tx/block)
[2026-06-02 05:47:59]   [geth] Waiting for RPC...
[2026-06-02 05:48:04]   [geth] RPC ready after 6s
[2026-06-02 05:48:04]   [bench] Running execute remote...
[2026-06-02 05:48:11]   [bench] exit=0 passed=1 failed=0
0 missing_trie_node=0
0
[2026-06-02 05:48:11] 
[2026-06-02 05:48:11]   --- storage_mixed_k10_run3 (pbt) write-offset=30300000000 K=10 ---
[2026-06-02 05:48:12]   [geth] Stopping (SIGTERM, waiting up to 120s for clean exit): 1270767
[2026-06-02 05:48:16]   [geth] exited cleanly after 4s
[2026-06-02 05:48:16]   [cache] OS page cache dropped
Fatal: Could not create the account: account already exists
[2026-06-02 05:48:16]   [geth] Starting (pbt, gd=5, cold=1, dev.period=1, 1tx/block)
[2026-06-02 05:48:16]   [geth] Waiting for RPC...
[2026-06-02 05:48:21]   [geth] RPC ready after 6s
[2026-06-02 05:48:21]   [bench] Running execute remote...
[2026-06-02 05:48:29]   [bench] exit=0 passed=1 failed=0
0 missing_trie_node=0
0
[2026-06-02 05:48:29] 
[2026-06-02 05:48:29]   --- storage_mixed_k10_run4 (pbt) write-offset=30400000000 K=10 ---
[2026-06-02 05:48:29]   [geth] Stopping (SIGTERM, waiting up to 120s for clean exit): 1270857
[2026-06-02 05:48:33]   [geth] exited cleanly after 4s
[2026-06-02 05:48:33]   [cache] OS page cache dropped
Fatal: Could not create the account: account already exists
[2026-06-02 05:48:33]   [geth] Starting (pbt, gd=5, cold=1, dev.period=1, 1tx/block)
[2026-06-02 05:48:33]   [geth] Waiting for RPC...
[2026-06-02 05:48:38]   [geth] RPC ready after 6s
[2026-06-02 05:48:38]   [bench] Running execute remote...
[2026-06-02 05:48:46]   [bench] exit=0 passed=1 failed=0
0 missing_trie_node=0
0
[2026-06-02 05:48:46] 
[2026-06-02 05:48:46]   --- storage_mixed_k10_run5 (pbt) write-offset=30500000000 K=10 ---
[2026-06-02 05:48:46]   [geth] Stopping (SIGTERM, waiting up to 120s for clean exit): 1270946
[2026-06-02 05:48:49]   [geth] exited cleanly after 3s
[2026-06-02 05:48:49]   [cache] OS page cache dropped
Fatal: Could not create the account: account already exists
[2026-06-02 05:48:49]   [geth] Starting (pbt, gd=5, cold=1, dev.period=1, 1tx/block)
[2026-06-02 05:48:49]   [geth] Waiting for RPC...
[2026-06-02 05:48:54]   [geth] RPC ready after 6s
[2026-06-02 05:48:54]   [bench] Running execute remote...
[2026-06-02 05:49:02]   [bench] exit=0 passed=1 failed=0
0 missing_trie_node=0
0
[2026-06-02 05:49:02] 
[2026-06-02 05:49:02]   --- storage_mixed_k10_run6 (pbt) write-offset=30600000000 K=10 ---
[2026-06-02 05:49:02]   [geth] Stopping (SIGTERM, waiting up to 120s for clean exit): 1271036
[2026-06-02 05:49:05]   [geth] exited cleanly after 3s
[2026-06-02 05:49:05]   [cache] OS page cache dropped
Fatal: Could not create the account: account already exists
[2026-06-02 05:49:05]   [geth] Starting (pbt, gd=5, cold=1, dev.period=1, 1tx/block)
[2026-06-02 05:49:05]   [geth] Waiting for RPC...
[2026-06-02 05:49:10]   [geth] RPC ready after 6s
[2026-06-02 05:49:10]   [bench] Running execute remote...
[2026-06-02 05:49:18]   [bench] exit=0 passed=1 failed=0
0 missing_trie_node=0
0
[2026-06-02 05:49:18] 
[2026-06-02 05:49:18]   --- storage_mixed_k10_run7 (pbt) write-offset=30700000000 K=10 ---
[2026-06-02 05:49:18]   [geth] Stopping (SIGTERM, waiting up to 120s for clean exit): 1271133
[2026-06-02 05:49:22]   [geth] exited cleanly after 4s
[2026-06-02 05:49:22]   [cache] OS page cache dropped
Fatal: Could not create the account: account already exists
[2026-06-02 05:49:22]   [geth] Starting (pbt, gd=5, cold=1, dev.period=1, 1tx/block)
[2026-06-02 05:49:22]   [geth] Waiting for RPC...
[2026-06-02 05:49:27]   [geth] RPC ready after 6s
[2026-06-02 05:49:27]   [bench] Running execute remote...
[2026-06-02 05:49:35]   [bench] exit=0 passed=1 failed=0
0 missing_trie_node=0
0
[2026-06-02 05:49:35] 
[2026-06-02 05:49:35]   --- storage_mixed_k10_run8 (pbt) write-offset=30800000000 K=10 ---
[2026-06-02 05:49:35]   [geth] Stopping (SIGTERM, waiting up to 120s for clean exit): 1271233
[2026-06-02 05:49:38]   [geth] exited cleanly after 3s
[2026-06-02 05:49:38]   [cache] OS page cache dropped
Fatal: Could not create the account: account already exists
[2026-06-02 05:49:38]   [geth] Starting (pbt, gd=5, cold=1, dev.period=1, 1tx/block)
[2026-06-02 05:49:38]   [geth] Waiting for RPC...
[2026-06-02 05:49:43]   [geth] RPC ready after 6s
[2026-06-02 05:49:43]   [bench] Running execute remote...
[2026-06-02 05:49:51]   [bench] exit=0 passed=1 failed=0
0 missing_trie_node=0
0
[2026-06-02 05:49:51] 
[2026-06-02 05:49:51]   --- storage_mixed_k10_run9 (pbt) write-offset=30900000000 K=10 ---
[2026-06-02 05:49:51]   [geth] Stopping (SIGTERM, waiting up to 120s for clean exit): 1271320
[2026-06-02 05:49:54]   [geth] exited cleanly after 3s
[2026-06-02 05:49:54]   [cache] OS page cache dropped
Fatal: Could not create the account: account already exists
[2026-06-02 05:49:54]   [geth] Starting (pbt, gd=5, cold=1, dev.period=1, 1tx/block)
[2026-06-02 05:49:54]   [geth] Waiting for RPC...
[2026-06-02 05:49:58]   [geth] RPC ready after 5s
[2026-06-02 05:49:58]   [bench] Running execute remote...
[2026-06-02 05:50:07]   [bench] exit=0 passed=1 failed=0
0 missing_trie_node=0
0
[2026-06-02 05:50:07] 
[2026-06-02 05:50:07]   --- storage_mixed_k10_run10 (pbt) write-offset=31000000000 K=10 ---
[2026-06-02 05:50:07]   [geth] Stopping (SIGTERM, waiting up to 120s for clean exit): 1271412
[2026-06-02 05:50:10]   [geth] exited cleanly after 3s
[2026-06-02 05:50:10]   [cache] OS page cache dropped
Fatal: Could not create the account: account already exists
[2026-06-02 05:50:10]   [geth] Starting (pbt, gd=5, cold=1, dev.period=1, 1tx/block)
[2026-06-02 05:50:10]   [geth] Waiting for RPC...
[2026-06-02 05:50:15]   [geth] RPC ready after 6s
[2026-06-02 05:50:16]   [bench] Running execute remote...
[2026-06-02 05:50:23]   [bench] exit=0 passed=1 failed=0
0 missing_trie_node=0
0
[2026-06-02 05:50:23] 
[2026-06-02 05:50:23]   --- storage_mixed_k10_run11 (pbt) write-offset=31100000000 K=10 ---
[2026-06-02 05:50:23]   [geth] Stopping (SIGTERM, waiting up to 120s for clean exit): 1271497
[2026-06-02 05:50:26]   [geth] exited cleanly after 3s
[2026-06-02 05:50:27]   [cache] OS page cache dropped
Fatal: Could not create the account: account already exists
[2026-06-02 05:50:27]   [geth] Starting (pbt, gd=5, cold=1, dev.period=1, 1tx/block)
[2026-06-02 05:50:27]   [geth] Waiting for RPC...
[2026-06-02 05:50:32]   [geth] RPC ready after 6s
[2026-06-02 05:50:32]   [bench] Running execute remote...
[2026-06-02 05:50:40]   [bench] exit=0 passed=1 failed=0
0 missing_trie_node=0
0
[2026-06-02 05:50:40] 
[2026-06-02 05:50:40]   --- storage_mixed_k10_run12 (pbt) write-offset=31200000000 K=10 ---
[2026-06-02 05:50:40]   [geth] Stopping (SIGTERM, waiting up to 120s for clean exit): 1271627
[2026-06-02 05:50:43]   [geth] exited cleanly after 3s
[2026-06-02 05:50:44]   [cache] OS page cache dropped
Fatal: Could not create the account: account already exists
[2026-06-02 05:50:44]   [geth] Starting (pbt, gd=5, cold=1, dev.period=1, 1tx/block)
[2026-06-02 05:50:44]   [geth] Waiting for RPC...
[2026-06-02 05:50:48]   [geth] RPC ready after 5s
[2026-06-02 05:50:48]   [bench] Running execute remote...
[2026-06-02 05:50:57]   [bench] exit=0 passed=1 failed=0
0 missing_trie_node=0
0
[2026-06-02 05:50:57] 
[2026-06-02 05:50:57]   --- storage_mixed_k10_run13 (pbt) write-offset=31300000000 K=10 ---
[2026-06-02 05:50:57]   [geth] Stopping (SIGTERM, waiting up to 120s for clean exit): 1271717
[2026-06-02 05:51:00]   [geth] exited cleanly after 3s
[2026-06-02 05:51:00]   [cache] OS page cache dropped
Fatal: Could not create the account: account already exists
[2026-06-02 05:51:00]   [geth] Starting (pbt, gd=5, cold=1, dev.period=1, 1tx/block)
[2026-06-02 05:51:00]   [geth] Waiting for RPC...
[2026-06-02 05:51:04]   [geth] RPC ready after 5s
[2026-06-02 05:51:04]   [bench] Running execute remote...
[2026-06-02 05:51:13]   [bench] exit=0 passed=1 failed=0
0 missing_trie_node=0
0
[2026-06-02 05:51:13] 
[2026-06-02 05:51:13]   --- storage_mixed_k10_run14 (pbt) write-offset=31400000000 K=10 ---
[2026-06-02 05:51:13]   [geth] Stopping (SIGTERM, waiting up to 120s for clean exit): 1271800
[2026-06-02 05:51:16]   [geth] exited cleanly after 3s
[2026-06-02 05:51:16]   [cache] OS page cache dropped
Fatal: Could not create the account: account already exists
[2026-06-02 05:51:16]   [geth] Starting (pbt, gd=5, cold=1, dev.period=1, 1tx/block)
[2026-06-02 05:51:16]   [geth] Waiting for RPC...
[2026-06-02 05:51:20]   [geth] RPC ready after 5s
[2026-06-02 05:51:20]   [bench] Running execute remote...
[2026-06-02 05:51:29]   [bench] exit=0 passed=1 failed=0
0 missing_trie_node=0
0
[2026-06-02 05:51:29] 
[2026-06-02 05:51:29]   --- storage_mixed_k10_run15 (pbt) write-offset=31500000000 K=10 ---
[2026-06-02 05:51:29]   [geth] Stopping (SIGTERM, waiting up to 120s for clean exit): 1271884
[2026-06-02 05:51:32]   [geth] exited cleanly after 3s
[2026-06-02 05:51:32]   [cache] OS page cache dropped
Fatal: Could not create the account: account already exists
[2026-06-02 05:51:33]   [geth] Starting (pbt, gd=5, cold=1, dev.period=1, 1tx/block)
[2026-06-02 05:51:33]   [geth] Waiting for RPC...
[2026-06-02 05:51:37]   [geth] RPC ready after 5s
[2026-06-02 05:51:37]   [bench] Running execute remote...
[2026-06-02 05:51:46]   [bench] exit=0 passed=1 failed=0
0 missing_trie_node=0
0
[2026-06-02 05:51:46] 
[2026-06-02 05:51:46]   --- storage_mixed_k10_run16 (pbt) write-offset=31600000000 K=10 ---
[2026-06-02 05:51:46]   [geth] Stopping (SIGTERM, waiting up to 120s for clean exit): 1271968
[2026-06-02 05:51:49]   [geth] exited cleanly after 3s
[2026-06-02 05:51:49]   [cache] OS page cache dropped
Fatal: Could not create the account: account already exists
[2026-06-02 05:51:49]   [geth] Starting (pbt, gd=5, cold=1, dev.period=1, 1tx/block)
[2026-06-02 05:51:49]   [geth] Waiting for RPC...
[2026-06-02 05:51:53]   [geth] RPC ready after 5s
[2026-06-02 05:51:53]   [bench] Running execute remote...
[2026-06-02 05:52:02]   [bench] exit=0 passed=1 failed=0
0 missing_trie_node=0
0
[2026-06-02 05:52:02] 
[2026-06-02 05:52:02]   --- storage_mixed_k10_run17 (pbt) write-offset=31700000000 K=10 ---
[2026-06-02 05:52:02]   [geth] Stopping (SIGTERM, waiting up to 120s for clean exit): 1272054
[2026-06-02 05:52:05]   [geth] exited cleanly after 3s
[2026-06-02 05:52:05]   [cache] OS page cache dropped
Fatal: Could not create the account: account already exists
[2026-06-02 05:52:05]   [geth] Starting (pbt, gd=5, cold=1, dev.period=1, 1tx/block)
[2026-06-02 05:52:05]   [geth] Waiting for RPC...
[2026-06-02 05:52:10]   [geth] RPC ready after 5s
[2026-06-02 05:52:10]   [bench] Running execute remote...
[2026-06-02 05:52:19]   [bench] exit=0 passed=1 failed=0
0 missing_trie_node=0
0
[2026-06-02 05:52:19] 
[2026-06-02 05:52:19]   --- storage_mixed_k10_run18 (pbt) write-offset=31800000000 K=10 ---
[2026-06-02 05:52:19]   [geth] Stopping (SIGTERM, waiting up to 120s for clean exit): 1272145
[2026-06-02 05:52:22]   [geth] exited cleanly after 3s
[2026-06-02 05:52:22]   [cache] OS page cache dropped
Fatal: Could not create the account: account already exists
[2026-06-02 05:52:22]   [geth] Starting (pbt, gd=5, cold=1, dev.period=1, 1tx/block)
[2026-06-02 05:52:22]   [geth] Waiting for RPC...
[2026-06-02 05:52:26]   [geth] RPC ready after 5s
[2026-06-02 05:52:26]   [bench] Running execute remote...
[2026-06-02 05:52:34]   [bench] exit=0 passed=1 failed=0
0 missing_trie_node=0
0
[2026-06-02 05:52:34] 
[2026-06-02 05:52:34]   --- storage_mixed_k10_run19 (pbt) write-offset=31900000000 K=10 ---
[2026-06-02 05:52:34]   [geth] Stopping (SIGTERM, waiting up to 120s for clean exit): 1272234
[2026-06-02 05:52:37]   [geth] exited cleanly after 3s
[2026-06-02 05:52:37]   [cache] OS page cache dropped
Fatal: Could not create the account: account already exists
[2026-06-02 05:52:37]   [geth] Starting (pbt, gd=5, cold=1, dev.period=1, 1tx/block)
[2026-06-02 05:52:37]   [geth] Waiting for RPC...
[2026-06-02 05:52:41]   [geth] RPC ready after 5s
[2026-06-02 05:52:41]   [bench] Running execute remote...
[2026-06-02 05:52:50]   [bench] exit=0 passed=1 failed=0
0 missing_trie_node=0
0
[2026-06-02 05:52:50] 
[2026-06-02 05:52:50]   --- storage_mixed_k10_run20 (pbt) write-offset=32000000000 K=10 ---
[2026-06-02 05:52:50]   [geth] Stopping (SIGTERM, waiting up to 120s for clean exit): 1272319
[2026-06-02 05:52:53]   [geth] exited cleanly after 3s
[2026-06-02 05:52:53]   [cache] OS page cache dropped
Fatal: Could not create the account: account already exists
[2026-06-02 05:52:53]   [geth] Starting (pbt, gd=5, cold=1, dev.period=1, 1tx/block)
[2026-06-02 05:52:53]   [geth] Waiting for RPC...
[2026-06-02 05:52:57]   [geth] RPC ready after 5s
[2026-06-02 05:52:57]   [bench] Running execute remote...
[2026-06-02 05:53:05]   [bench] exit=0 passed=1 failed=0
0 missing_trie_node=0
0
[2026-06-02 05:53:05] 
[2026-06-02 05:53:05]   ── BENCHMARK: storage_mixed_k100 (pool=700 contracts; effective K=100)
[2026-06-02 05:53:05] 
[2026-06-02 05:53:05]   --- storage_mixed_k100_run1 (pbt) write-offset=30100000000 K=100 ---
[2026-06-02 05:53:05]   [geth] Stopping (SIGTERM, waiting up to 120s for clean exit): 1272405
[2026-06-02 05:53:08]   [geth] exited cleanly after 3s
[2026-06-02 05:53:08]   [cache] OS page cache dropped
Fatal: Could not create the account: account already exists
[2026-06-02 05:53:09]   [geth] Starting (pbt, gd=5, cold=1, dev.period=1, 1tx/block)
[2026-06-02 05:53:09]   [geth] Waiting for RPC...
[2026-06-02 05:53:13]   [geth] RPC ready after 5s
[2026-06-02 05:53:13]   [bench] Running execute remote...
[2026-06-02 05:53:22]   [bench] exit=0 passed=1 failed=0
0 missing_trie_node=0
0
[2026-06-02 05:53:22] 
[2026-06-02 05:53:22]   --- storage_mixed_k100_run2 (pbt) write-offset=30200000000 K=100 ---
[2026-06-02 05:53:22]   [geth] Stopping (SIGTERM, waiting up to 120s for clean exit): 1272513
[2026-06-02 05:53:25]   [geth] exited cleanly after 3s
[2026-06-02 05:53:25]   [cache] OS page cache dropped
Fatal: Could not create the account: account already exists
[2026-06-02 05:53:25]   [geth] Starting (pbt, gd=5, cold=1, dev.period=1, 1tx/block)
[2026-06-02 05:53:25]   [geth] Waiting for RPC...
[2026-06-02 05:53:29]   [geth] RPC ready after 5s
[2026-06-02 05:53:29]   [bench] Running execute remote...
[2026-06-02 05:53:37]   [bench] exit=0 passed=1 failed=0
0 missing_trie_node=0
0
[2026-06-02 05:53:37] 
[2026-06-02 05:53:37]   --- storage_mixed_k100_run3 (pbt) write-offset=30300000000 K=100 ---
[2026-06-02 05:53:37]   [geth] Stopping (SIGTERM, waiting up to 120s for clean exit): 1272598
[2026-06-02 05:53:40]   [geth] exited cleanly after 3s
[2026-06-02 05:53:40]   [cache] OS page cache dropped
Fatal: Could not create the account: account already exists
[2026-06-02 05:53:40]   [geth] Starting (pbt, gd=5, cold=1, dev.period=1, 1tx/block)
[2026-06-02 05:53:40]   [geth] Waiting for RPC...
[2026-06-02 05:53:44]   [geth] RPC ready after 5s
[2026-06-02 05:53:44]   [bench] Running execute remote...
[2026-06-02 05:53:52]   [bench] exit=0 passed=1 failed=0
0 missing_trie_node=0
0
[2026-06-02 05:53:52] 
[2026-06-02 05:53:52]   --- storage_mixed_k100_run4 (pbt) write-offset=30400000000 K=100 ---
[2026-06-02 05:53:52]   [geth] Stopping (SIGTERM, waiting up to 120s for clean exit): 1272683
[2026-06-02 05:53:55]   [geth] exited cleanly after 3s
[2026-06-02 05:53:55]   [cache] OS page cache dropped
Fatal: Could not create the account: account already exists
[2026-06-02 05:53:55]   [geth] Starting (pbt, gd=5, cold=1, dev.period=1, 1tx/block)
[2026-06-02 05:53:55]   [geth] Waiting for RPC...
[2026-06-02 05:53:59]   [geth] RPC ready after 5s
[2026-06-02 05:53:59]   [bench] Running execute remote...
[2026-06-02 05:54:07]   [bench] exit=0 passed=1 failed=0
0 missing_trie_node=0
0
[2026-06-02 05:54:07] 
[2026-06-02 05:54:07]   --- storage_mixed_k100_run5 (pbt) write-offset=30500000000 K=100 ---
[2026-06-02 05:54:07]   [geth] Stopping (SIGTERM, waiting up to 120s for clean exit): 1272770
[2026-06-02 05:54:10]   [geth] exited cleanly after 3s
[2026-06-02 05:54:10]   [cache] OS page cache dropped
Fatal: Could not create the account: account already exists
[2026-06-02 05:54:10]   [geth] Starting (pbt, gd=5, cold=1, dev.period=1, 1tx/block)
[2026-06-02 05:54:10]   [geth] Waiting for RPC...
[2026-06-02 05:54:15]   [geth] RPC ready after 5s
[2026-06-02 05:54:15]   [bench] Running execute remote...
[2026-06-02 05:54:22]   [bench] exit=0 passed=1 failed=0
0 missing_trie_node=0
0
[2026-06-02 05:54:22] 
[2026-06-02 05:54:22]   --- storage_mixed_k100_run6 (pbt) write-offset=30600000000 K=100 ---
[2026-06-02 05:54:22]   [geth] Stopping (SIGTERM, waiting up to 120s for clean exit): 1272853
[2026-06-02 05:54:25]   [geth] exited cleanly after 3s
[2026-06-02 05:54:26]   [cache] OS page cache dropped
Fatal: Could not create the account: account already exists
[2026-06-02 05:54:26]   [geth] Starting (pbt, gd=5, cold=1, dev.period=1, 1tx/block)
[2026-06-02 05:54:26]   [geth] Waiting for RPC...
[2026-06-02 05:54:30]   [geth] RPC ready after 5s
[2026-06-02 05:54:30]   [bench] Running execute remote...
[2026-06-02 05:54:39]   [bench] exit=0 passed=1 failed=0
0 missing_trie_node=0
0
[2026-06-02 05:54:39] 
[2026-06-02 05:54:39]   --- storage_mixed_k100_run7 (pbt) write-offset=30700000000 K=100 ---
[2026-06-02 05:54:39]   [geth] Stopping (SIGTERM, waiting up to 120s for clean exit): 1272938
[2026-06-02 05:54:42]   [geth] exited cleanly after 3s
[2026-06-02 05:54:42]   [cache] OS page cache dropped
Fatal: Could not create the account: account already exists
[2026-06-02 05:54:42]   [geth] Starting (pbt, gd=5, cold=1, dev.period=1, 1tx/block)
[2026-06-02 05:54:42]   [geth] Waiting for RPC...
[2026-06-02 05:54:46]   [geth] RPC ready after 5s
[2026-06-02 05:54:46]   [bench] Running execute remote...
[2026-06-02 05:54:54]   [bench] exit=0 passed=1 failed=0
0 missing_trie_node=0
0
[2026-06-02 05:54:54] 
[2026-06-02 05:54:54]   --- storage_mixed_k100_run8 (pbt) write-offset=30800000000 K=100 ---
[2026-06-02 05:54:54]   [geth] Stopping (SIGTERM, waiting up to 120s for clean exit): 1273037
[2026-06-02 05:54:57]   [geth] exited cleanly after 3s
[2026-06-02 05:54:57]   [cache] OS page cache dropped
Fatal: Could not create the account: account already exists
[2026-06-02 05:54:57]   [geth] Starting (pbt, gd=5, cold=1, dev.period=1, 1tx/block)
[2026-06-02 05:54:57]   [geth] Waiting for RPC...
[2026-06-02 05:55:01]   [geth] RPC ready after 5s
[2026-06-02 05:55:01]   [bench] Running execute remote...
[2026-06-02 05:55:09]   [bench] exit=0 passed=1 failed=0
0 missing_trie_node=0
0
[2026-06-02 05:55:09] 
[2026-06-02 05:55:09]   --- storage_mixed_k100_run9 (pbt) write-offset=30900000000 K=100 ---
[2026-06-02 05:55:09]   [geth] Stopping (SIGTERM, waiting up to 120s for clean exit): 1273123
[2026-06-02 05:55:12]   [geth] exited cleanly after 3s
[2026-06-02 05:55:13]   [cache] OS page cache dropped
Fatal: Could not create the account: account already exists
[2026-06-02 05:55:13]   [geth] Starting (pbt, gd=5, cold=1, dev.period=1, 1tx/block)
[2026-06-02 05:55:13]   [geth] Waiting for RPC...
[2026-06-02 05:55:17]   [geth] RPC ready after 5s
[2026-06-02 05:55:17]   [bench] Running execute remote...
[2026-06-02 05:55:25]   [bench] exit=0 passed=1 failed=0
0 missing_trie_node=0
0
[2026-06-02 05:55:25] 
[2026-06-02 05:55:25]   --- storage_mixed_k100_run10 (pbt) write-offset=31000000000 K=100 ---
[2026-06-02 05:55:25]   [geth] Stopping (SIGTERM, waiting up to 120s for clean exit): 1273246
[2026-06-02 05:55:28]   [geth] exited cleanly after 3s
[2026-06-02 05:55:28]   [cache] OS page cache dropped
Fatal: Could not create the account: account already exists
[2026-06-02 05:55:28]   [geth] Starting (pbt, gd=5, cold=1, dev.period=1, 1tx/block)
[2026-06-02 05:55:28]   [geth] Waiting for RPC...
[2026-06-02 05:55:32]   [geth] RPC ready after 5s
[2026-06-02 05:55:32]   [bench] Running execute remote...
[2026-06-02 05:55:41]   [bench] exit=0 passed=1 failed=0
0 missing_trie_node=0
0
[2026-06-02 05:55:41] 
[2026-06-02 05:55:41]   --- storage_mixed_k100_run11 (pbt) write-offset=31100000000 K=100 ---
[2026-06-02 05:55:41]   [geth] Stopping (SIGTERM, waiting up to 120s for clean exit): 1273334
[2026-06-02 05:55:44]   [geth] exited cleanly after 3s
[2026-06-02 05:55:44]   [cache] OS page cache dropped
Fatal: Could not create the account: account already exists
[2026-06-02 05:55:44]   [geth] Starting (pbt, gd=5, cold=1, dev.period=1, 1tx/block)
[2026-06-02 05:55:44]   [geth] Waiting for RPC...
[2026-06-02 05:55:48]   [geth] RPC ready after 5s
[2026-06-02 05:55:48]   [bench] Running execute remote...
[2026-06-02 05:55:57]   [bench] exit=0 passed=1 failed=0
0 missing_trie_node=0
0
[2026-06-02 05:55:57] 
[2026-06-02 05:55:57]   --- storage_mixed_k100_run12 (pbt) write-offset=31200000000 K=100 ---
[2026-06-02 05:55:57]   [geth] Stopping (SIGTERM, waiting up to 120s for clean exit): 1273418
[2026-06-02 05:56:00]   [geth] exited cleanly after 3s
[2026-06-02 05:56:00]   [cache] OS page cache dropped
Fatal: Could not create the account: account already exists
[2026-06-02 05:56:00]   [geth] Starting (pbt, gd=5, cold=1, dev.period=1, 1tx/block)
[2026-06-02 05:56:00]   [geth] Waiting for RPC...
[2026-06-02 05:56:05]   [geth] RPC ready after 5s
[2026-06-02 05:56:05]   [bench] Running execute remote...
[2026-06-02 05:56:12]   [bench] exit=0 passed=1 failed=0
0 missing_trie_node=0
0
[2026-06-02 05:56:12] 
[2026-06-02 05:56:12]   --- storage_mixed_k100_run13 (pbt) write-offset=31300000000 K=100 ---
[2026-06-02 05:56:12]   [geth] Stopping (SIGTERM, waiting up to 120s for clean exit): 1273503
[2026-06-02 05:56:15]   [geth] exited cleanly after 3s
[2026-06-02 05:56:16]   [cache] OS page cache dropped
Fatal: Could not create the account: account already exists
[2026-06-02 05:56:16]   [geth] Starting (pbt, gd=5, cold=1, dev.period=1, 1tx/block)
[2026-06-02 05:56:16]   [geth] Waiting for RPC...
[2026-06-02 05:56:20]   [geth] RPC ready after 5s
[2026-06-02 05:56:20]   [bench] Running execute remote...
[2026-06-02 05:56:28]   [bench] exit=0 passed=1 failed=0
0 missing_trie_node=0
0
[2026-06-02 05:56:28] 
[2026-06-02 05:56:28]   --- storage_mixed_k100_run14 (pbt) write-offset=31400000000 K=100 ---
[2026-06-02 05:56:28]   [geth] Stopping (SIGTERM, waiting up to 120s for clean exit): 1273588
[2026-06-02 05:56:31]   [geth] exited cleanly after 3s
[2026-06-02 05:56:31]   [cache] OS page cache dropped
Fatal: Could not create the account: account already exists
[2026-06-02 05:56:31]   [geth] Starting (pbt, gd=5, cold=1, dev.period=1, 1tx/block)
[2026-06-02 05:56:31]   [geth] Waiting for RPC...
[2026-06-02 05:56:35]   [geth] RPC ready after 5s
[2026-06-02 05:56:35]   [bench] Running execute remote...
[2026-06-02 05:56:44]   [bench] exit=0 passed=1 failed=0
0 missing_trie_node=0
0
[2026-06-02 05:56:44] 
[2026-06-02 05:56:44]   --- storage_mixed_k100_run15 (pbt) write-offset=31500000000 K=100 ---
[2026-06-02 05:56:44]   [geth] Stopping (SIGTERM, waiting up to 120s for clean exit): 1273673
[2026-06-02 05:56:47]   [geth] exited cleanly after 3s
[2026-06-02 05:56:47]   [cache] OS page cache dropped
Fatal: Could not create the account: account already exists
[2026-06-02 05:56:47]   [geth] Starting (pbt, gd=5, cold=1, dev.period=1, 1tx/block)
[2026-06-02 05:56:47]   [geth] Waiting for RPC...
[2026-06-02 05:56:52]   [geth] RPC ready after 5s
[2026-06-02 05:56:52]   [bench] Running execute remote...
[2026-06-02 05:57:00]   [bench] exit=0 passed=1 failed=0
0 missing_trie_node=0
0
[2026-06-02 05:57:00] 
[2026-06-02 05:57:00]   --- storage_mixed_k100_run16 (pbt) write-offset=31600000000 K=100 ---
[2026-06-02 05:57:00]   [geth] Stopping (SIGTERM, waiting up to 120s for clean exit): 1273758
[2026-06-02 05:57:04]   [geth] exited cleanly after 3s
[2026-06-02 05:57:04]   [cache] OS page cache dropped
Fatal: Could not create the account: account already exists
[2026-06-02 05:57:04]   [geth] Starting (pbt, gd=5, cold=1, dev.period=1, 1tx/block)
[2026-06-02 05:57:04]   [geth] Waiting for RPC...
[2026-06-02 05:57:08]   [geth] RPC ready after 5s
[2026-06-02 05:57:08]   [bench] Running execute remote...
[2026-06-02 05:57:16]   [bench] exit=0 passed=1 failed=0
0 missing_trie_node=0
0
[2026-06-02 05:57:16] 
[2026-06-02 05:57:16]   --- storage_mixed_k100_run17 (pbt) write-offset=31700000000 K=100 ---
[2026-06-02 05:57:16]   [geth] Stopping (SIGTERM, waiting up to 120s for clean exit): 1273843
[2026-06-02 05:57:19]   [geth] exited cleanly after 3s
[2026-06-02 05:57:19]   [cache] OS page cache dropped
Fatal: Could not create the account: account already exists
[2026-06-02 05:57:19]   [geth] Starting (pbt, gd=5, cold=1, dev.period=1, 1tx/block)
[2026-06-02 05:57:19]   [geth] Waiting for RPC...
[2026-06-02 05:57:23]   [geth] RPC ready after 5s
[2026-06-02 05:57:23]   [bench] Running execute remote...
[2026-06-02 05:57:31]   [bench] exit=0 passed=1 failed=0
0 missing_trie_node=0
0
[2026-06-02 05:57:31] 
[2026-06-02 05:57:31]   --- storage_mixed_k100_run18 (pbt) write-offset=31800000000 K=100 ---
[2026-06-02 05:57:31]   [geth] Stopping (SIGTERM, waiting up to 120s for clean exit): 1273928
[2026-06-02 05:57:34]   [geth] exited cleanly after 3s
[2026-06-02 05:57:34]   [cache] OS page cache dropped
Fatal: Could not create the account: account already exists
[2026-06-02 05:57:34]   [geth] Starting (pbt, gd=5, cold=1, dev.period=1, 1tx/block)
[2026-06-02 05:57:34]   [geth] Waiting for RPC...
[2026-06-02 05:57:39]   [geth] RPC ready after 5s
[2026-06-02 05:57:39]   [bench] Running execute remote...
[2026-06-02 05:57:47]   [bench] exit=0 passed=1 failed=0
0 missing_trie_node=0
0
[2026-06-02 05:57:47] 
[2026-06-02 05:57:47]   --- storage_mixed_k100_run19 (pbt) write-offset=31900000000 K=100 ---
[2026-06-02 05:57:47]   [geth] Stopping (SIGTERM, waiting up to 120s for clean exit): 1274011
[2026-06-02 05:57:50]   [geth] exited cleanly after 3s
[2026-06-02 05:57:50]   [cache] OS page cache dropped
Fatal: Could not create the account: account already exists
[2026-06-02 05:57:50]   [geth] Starting (pbt, gd=5, cold=1, dev.period=1, 1tx/block)
[2026-06-02 05:57:50]   [geth] Waiting for RPC...
[2026-06-02 05:57:54]   [geth] RPC ready after 5s
[2026-06-02 05:57:54]   [bench] Running execute remote...
[2026-06-02 05:58:03]   [bench] exit=0 passed=1 failed=0
0 missing_trie_node=0
0
[2026-06-02 05:58:03] 
[2026-06-02 05:58:03]   --- storage_mixed_k100_run20 (pbt) write-offset=32000000000 K=100 ---
[2026-06-02 05:58:03]   [geth] Stopping (SIGTERM, waiting up to 120s for clean exit): 1274095
[2026-06-02 05:58:06]   [geth] exited cleanly after 3s
[2026-06-02 05:58:06]   [cache] OS page cache dropped
Fatal: Could not create the account: account already exists
[2026-06-02 05:58:06]   [geth] Starting (pbt, gd=5, cold=1, dev.period=1, 1tx/block)
[2026-06-02 05:58:06]   [geth] Waiting for RPC...
[2026-06-02 05:58:10]   [geth] RPC ready after 5s
[2026-06-02 05:58:10]   [bench] Running execute remote...
[2026-06-02 05:58:18]   [bench] exit=0 passed=1 failed=0
0 missing_trie_node=0
0
[2026-06-02 05:58:18] 
[2026-06-02 05:58:18]   ── BENCHMARK: storage_mixed_k400 (pool=700 contracts; effective K=400)
[2026-06-02 05:58:18] 
[2026-06-02 05:58:18]   --- storage_mixed_k400_run1 (pbt) write-offset=30100000000 K=400 ---
[2026-06-02 05:58:18]   [geth] Stopping (SIGTERM, waiting up to 120s for clean exit): 1274178
[2026-06-02 05:58:21]   [geth] exited cleanly after 3s
[2026-06-02 05:58:21]   [cache] OS page cache dropped
Fatal: Could not create the account: account already exists
[2026-06-02 05:58:21]   [geth] Starting (pbt, gd=5, cold=1, dev.period=1, 1tx/block)
[2026-06-02 05:58:21]   [geth] Waiting for RPC...
[2026-06-02 05:58:26]   [geth] RPC ready after 5s
[2026-06-02 05:58:26]   [bench] Running execute remote...
[2026-06-02 05:58:34]   [bench] exit=0 passed=1 failed=0
0 missing_trie_node=0
0
[2026-06-02 05:58:34] 
[2026-06-02 05:58:34]   --- storage_mixed_k400_run2 (pbt) write-offset=30200000000 K=400 ---
[2026-06-02 05:58:35]   [geth] Stopping (SIGTERM, waiting up to 120s for clean exit): 1274285
[2026-06-02 05:58:38]   [geth] exited cleanly after 3s
[2026-06-02 05:58:38]   [cache] OS page cache dropped
Fatal: Could not create the account: account already exists
[2026-06-02 05:58:38]   [geth] Starting (pbt, gd=5, cold=1, dev.period=1, 1tx/block)
[2026-06-02 05:58:38]   [geth] Waiting for RPC...
[2026-06-02 05:58:42]   [geth] RPC ready after 5s
[2026-06-02 05:58:42]   [bench] Running execute remote...
[2026-06-02 05:58:50]   [bench] exit=0 passed=1 failed=0
0 missing_trie_node=0
0
[2026-06-02 05:58:50] 
[2026-06-02 05:58:50]   --- storage_mixed_k400_run3 (pbt) write-offset=30300000000 K=400 ---
[2026-06-02 05:58:50]   [geth] Stopping (SIGTERM, waiting up to 120s for clean exit): 1274368
[2026-06-02 05:58:53]   [geth] exited cleanly after 3s
[2026-06-02 05:58:53]   [cache] OS page cache dropped
Fatal: Could not create the account: account already exists
[2026-06-02 05:58:53]   [geth] Starting (pbt, gd=5, cold=1, dev.period=1, 1tx/block)
[2026-06-02 05:58:53]   [geth] Waiting for RPC...
[2026-06-02 05:58:57]   [geth] RPC ready after 5s
[2026-06-02 05:58:57]   [bench] Running execute remote...
[2026-06-02 05:59:07]   [bench] exit=0 passed=1 failed=0
0 missing_trie_node=0
0
[2026-06-02 05:59:07] 
[2026-06-02 05:59:07]   --- storage_mixed_k400_run4 (pbt) write-offset=30400000000 K=400 ---
[2026-06-02 05:59:07]   [geth] Stopping (SIGTERM, waiting up to 120s for clean exit): 1274452
[2026-06-02 05:59:10]   [geth] exited cleanly after 3s
[2026-06-02 05:59:10]   [cache] OS page cache dropped
Fatal: Could not create the account: account already exists
[2026-06-02 05:59:10]   [geth] Starting (pbt, gd=5, cold=1, dev.period=1, 1tx/block)
[2026-06-02 05:59:10]   [geth] Waiting for RPC...
[2026-06-02 05:59:15]   [geth] RPC ready after 5s
[2026-06-02 05:59:15]   [bench] Running execute remote...
[2026-06-02 05:59:24]   [bench] exit=0 passed=1 failed=0
0 missing_trie_node=0
0
[2026-06-02 05:59:24] 
[2026-06-02 05:59:24]   --- storage_mixed_k400_run5 (pbt) write-offset=30500000000 K=400 ---
[2026-06-02 05:59:24]   [geth] Stopping (SIGTERM, waiting up to 120s for clean exit): 1274536
[2026-06-02 05:59:27]   [geth] exited cleanly after 3s
[2026-06-02 05:59:27]   [cache] OS page cache dropped
Fatal: Could not create the account: account already exists
[2026-06-02 05:59:27]   [geth] Starting (pbt, gd=5, cold=1, dev.period=1, 1tx/block)
[2026-06-02 05:59:27]   [geth] Waiting for RPC...
[2026-06-02 05:59:31]   [geth] RPC ready after 5s
[2026-06-02 05:59:31]   [bench] Running execute remote...
[2026-06-02 05:59:40]   [bench] exit=0 passed=1 failed=0
0 missing_trie_node=0
0
[2026-06-02 05:59:40] 
[2026-06-02 05:59:40]   --- storage_mixed_k400_run6 (pbt) write-offset=30600000000 K=400 ---
[2026-06-02 05:59:40]   [geth] Stopping (SIGTERM, waiting up to 120s for clean exit): 1274620
[2026-06-02 05:59:43]   [geth] exited cleanly after 3s
[2026-06-02 05:59:43]   [cache] OS page cache dropped
Fatal: Could not create the account: account already exists
[2026-06-02 05:59:43]   [geth] Starting (pbt, gd=5, cold=1, dev.period=1, 1tx/block)
[2026-06-02 05:59:43]   [geth] Waiting for RPC...
[2026-06-02 05:59:47]   [geth] RPC ready after 5s
[2026-06-02 05:59:47]   [bench] Running execute remote...
[2026-06-02 05:59:56]   [bench] exit=0 passed=1 failed=0
0 missing_trie_node=0
0
[2026-06-02 05:59:56] 
[2026-06-02 05:59:56]   --- storage_mixed_k400_run7 (pbt) write-offset=30700000000 K=400 ---
[2026-06-02 05:59:56]   [geth] Stopping (SIGTERM, waiting up to 120s for clean exit): 1274706
[2026-06-02 05:59:59]   [geth] exited cleanly after 3s
[2026-06-02 05:59:59]   [cache] OS page cache dropped
Fatal: Could not create the account: account already exists
[2026-06-02 05:59:59]   [geth] Starting (pbt, gd=5, cold=1, dev.period=1, 1tx/block)
[2026-06-02 05:59:59]   [geth] Waiting for RPC...
[2026-06-02 06:00:04]   [geth] RPC ready after 5s
[2026-06-02 06:00:04]   [bench] Running execute remote...
[2026-06-02 06:00:11]   [bench] exit=0 passed=1 failed=0
0 missing_trie_node=0
0
[2026-06-02 06:00:11] 
[2026-06-02 06:00:11]   --- storage_mixed_k400_run8 (pbt) write-offset=30800000000 K=400 ---
[2026-06-02 06:00:12]   [geth] Stopping (SIGTERM, waiting up to 120s for clean exit): 1274806
[2026-06-02 06:00:15]   [geth] exited cleanly after 3s
[2026-06-02 06:00:15]   [cache] OS page cache dropped
Fatal: Could not create the account: account already exists
[2026-06-02 06:00:15]   [geth] Starting (pbt, gd=5, cold=1, dev.period=1, 1tx/block)
[2026-06-02 06:00:15]   [geth] Waiting for RPC...
[2026-06-02 06:00:19]   [geth] RPC ready after 5s
[2026-06-02 06:00:19]   [bench] Running execute remote...
[2026-06-02 06:00:27]   [bench] exit=0 passed=1 failed=0
0 missing_trie_node=0
0
[2026-06-02 06:00:27] 
[2026-06-02 06:00:27]   --- storage_mixed_k400_run9 (pbt) write-offset=30900000000 K=400 ---
[2026-06-02 06:00:27]   [geth] Stopping (SIGTERM, waiting up to 120s for clean exit): 1274892
[2026-06-02 06:00:30]   [geth] exited cleanly after 3s
[2026-06-02 06:00:30]   [cache] OS page cache dropped
Fatal: Could not create the account: account already exists
[2026-06-02 06:00:30]   [geth] Starting (pbt, gd=5, cold=1, dev.period=1, 1tx/block)
[2026-06-02 06:00:30]   [geth] Waiting for RPC...
[2026-06-02 06:00:34]   [geth] RPC ready after 5s
[2026-06-02 06:00:34]   [bench] Running execute remote...
[2026-06-02 06:00:43]   [bench] exit=0 passed=1 failed=0
0 missing_trie_node=0
0
[2026-06-02 06:00:43] 
[2026-06-02 06:00:43]   --- storage_mixed_k400_run10 (pbt) write-offset=31000000000 K=400 ---
[2026-06-02 06:00:43]   [geth] Stopping (SIGTERM, waiting up to 120s for clean exit): 1274974
[2026-06-02 06:00:46]   [geth] exited cleanly after 3s
[2026-06-02 06:00:46]   [cache] OS page cache dropped
Fatal: Could not create the account: account already exists
[2026-06-02 06:00:46]   [geth] Starting (pbt, gd=5, cold=1, dev.period=1, 1tx/block)
[2026-06-02 06:00:46]   [geth] Waiting for RPC...
[2026-06-02 06:00:51]   [geth] RPC ready after 5s
[2026-06-02 06:00:51]   [bench] Running execute remote...
[2026-06-02 06:00:58]   [bench] exit=0 passed=1 failed=0
0 missing_trie_node=0
0
[2026-06-02 06:00:58] 
[2026-06-02 06:00:58]   --- storage_mixed_k400_run11 (pbt) write-offset=31100000000 K=400 ---
[2026-06-02 06:00:58]   [geth] Stopping (SIGTERM, waiting up to 120s for clean exit): 1275067
[2026-06-02 06:01:01]   [geth] exited cleanly after 3s
[2026-06-02 06:01:02]   [cache] OS page cache dropped
Fatal: Could not create the account: account already exists
[2026-06-02 06:01:02]   [geth] Starting (pbt, gd=5, cold=1, dev.period=1, 1tx/block)
[2026-06-02 06:01:02]   [geth] Waiting for RPC...
[2026-06-02 06:01:06]   [geth] RPC ready after 5s
[2026-06-02 06:01:06]   [bench] Running execute remote...
[2026-06-02 06:01:15]   [bench] exit=0 passed=1 failed=0
0 missing_trie_node=0
0
[2026-06-02 06:01:15] 
[2026-06-02 06:01:15]   --- storage_mixed_k400_run12 (pbt) write-offset=31200000000 K=400 ---
[2026-06-02 06:01:15]   [geth] Stopping (SIGTERM, waiting up to 120s for clean exit): 1275152
[2026-06-02 06:01:18]   [geth] exited cleanly after 3s
[2026-06-02 06:01:18]   [cache] OS page cache dropped
Fatal: Could not create the account: account already exists
[2026-06-02 06:01:18]   [geth] Starting (pbt, gd=5, cold=1, dev.period=1, 1tx/block)
[2026-06-02 06:01:18]   [geth] Waiting for RPC...
[2026-06-02 06:01:22]   [geth] RPC ready after 5s
[2026-06-02 06:01:22]   [bench] Running execute remote...
[2026-06-02 06:01:31]   [bench] exit=0 passed=1 failed=0
0 missing_trie_node=0
0
[2026-06-02 06:01:31] 
[2026-06-02 06:01:31]   --- storage_mixed_k400_run13 (pbt) write-offset=31300000000 K=400 ---
[2026-06-02 06:01:31]   [geth] Stopping (SIGTERM, waiting up to 120s for clean exit): 1275238
[2026-06-02 06:01:34]   [geth] exited cleanly after 3s
[2026-06-02 06:01:34]   [cache] OS page cache dropped
Fatal: Could not create the account: account already exists
[2026-06-02 06:01:34]   [geth] Starting (pbt, gd=5, cold=1, dev.period=1, 1tx/block)
[2026-06-02 06:01:34]   [geth] Waiting for RPC...
[2026-06-02 06:01:39]   [geth] RPC ready after 5s
[2026-06-02 06:01:39]   [bench] Running execute remote...
[2026-06-02 06:01:48]   [bench] exit=0 passed=1 failed=0
0 missing_trie_node=0
0
[2026-06-02 06:01:48] 
[2026-06-02 06:01:48]   --- storage_mixed_k400_run14 (pbt) write-offset=31400000000 K=400 ---
[2026-06-02 06:01:48]   [geth] Stopping (SIGTERM, waiting up to 120s for clean exit): 1275320
[2026-06-02 06:01:51]   [geth] exited cleanly after 3s
[2026-06-02 06:01:51]   [cache] OS page cache dropped
Fatal: Could not create the account: account already exists
[2026-06-02 06:01:51]   [geth] Starting (pbt, gd=5, cold=1, dev.period=1, 1tx/block)
[2026-06-02 06:01:51]   [geth] Waiting for RPC...
[2026-06-02 06:01:55]   [geth] RPC ready after 5s
[2026-06-02 06:01:55]   [bench] Running execute remote...
[2026-06-02 06:02:04]   [bench] exit=0 passed=1 failed=0
0 missing_trie_node=0
0
[2026-06-02 06:02:04] 
[2026-06-02 06:02:04]   --- storage_mixed_k400_run15 (pbt) write-offset=31500000000 K=400 ---
[2026-06-02 06:02:04]   [geth] Stopping (SIGTERM, waiting up to 120s for clean exit): 1275406
[2026-06-02 06:02:07]   [geth] exited cleanly after 3s
[2026-06-02 06:02:07]   [cache] OS page cache dropped
Fatal: Could not create the account: account already exists
[2026-06-02 06:02:07]   [geth] Starting (pbt, gd=5, cold=1, dev.period=1, 1tx/block)
[2026-06-02 06:02:07]   [geth] Waiting for RPC...
[2026-06-02 06:02:11]   [geth] RPC ready after 5s
[2026-06-02 06:02:11]   [bench] Running execute remote...
[2026-06-02 06:02:20]   [bench] exit=0 passed=1 failed=0
0 missing_trie_node=0
0
[2026-06-02 06:02:20] 
[2026-06-02 06:02:20]   --- storage_mixed_k400_run16 (pbt) write-offset=31600000000 K=400 ---
[2026-06-02 06:02:20]   [geth] Stopping (SIGTERM, waiting up to 120s for clean exit): 1275492
[2026-06-02 06:02:23]   [geth] exited cleanly after 3s
[2026-06-02 06:02:23]   [cache] OS page cache dropped
Fatal: Could not create the account: account already exists
[2026-06-02 06:02:23]   [geth] Starting (pbt, gd=5, cold=1, dev.period=1, 1tx/block)
[2026-06-02 06:02:23]   [geth] Waiting for RPC...
[2026-06-02 06:02:28]   [geth] RPC ready after 5s
[2026-06-02 06:02:28]   [bench] Running execute remote...
[2026-06-02 06:02:36]   [bench] exit=0 passed=1 failed=0
0 missing_trie_node=0
0
[2026-06-02 06:02:36] 
[2026-06-02 06:02:36]   --- storage_mixed_k400_run17 (pbt) write-offset=31700000000 K=400 ---
[2026-06-02 06:02:36]   [geth] Stopping (SIGTERM, waiting up to 120s for clean exit): 1275583
[2026-06-02 06:02:39]   [geth] exited cleanly after 3s
[2026-06-02 06:02:40]   [cache] OS page cache dropped
Fatal: Could not create the account: account already exists
[2026-06-02 06:02:40]   [geth] Starting (pbt, gd=5, cold=1, dev.period=1, 1tx/block)
[2026-06-02 06:02:40]   [geth] Waiting for RPC...
[2026-06-02 06:02:44]   [geth] RPC ready after 5s
[2026-06-02 06:02:44]   [bench] Running execute remote...
[2026-06-02 06:02:53]   [bench] exit=0 passed=1 failed=0
0 missing_trie_node=0
0
[2026-06-02 06:02:53] 
[2026-06-02 06:02:53]   --- storage_mixed_k400_run18 (pbt) write-offset=31800000000 K=400 ---
[2026-06-02 06:02:53]   [geth] Stopping (SIGTERM, waiting up to 120s for clean exit): 1275666
[2026-06-02 06:02:56]   [geth] exited cleanly after 3s
[2026-06-02 06:02:56]   [cache] OS page cache dropped
Fatal: Could not create the account: account already exists
[2026-06-02 06:02:56]   [geth] Starting (pbt, gd=5, cold=1, dev.period=1, 1tx/block)
[2026-06-02 06:02:56]   [geth] Waiting for RPC...
[2026-06-02 06:03:00]   [geth] RPC ready after 5s
[2026-06-02 06:03:00]   [bench] Running execute remote...
[2026-06-02 06:03:08]   [bench] exit=0 passed=1 failed=0
0 missing_trie_node=0
0
[2026-06-02 06:03:08] 
[2026-06-02 06:03:08]   --- storage_mixed_k400_run19 (pbt) write-offset=31900000000 K=400 ---
[2026-06-02 06:03:08]   [geth] Stopping (SIGTERM, waiting up to 120s for clean exit): 1275751
[2026-06-02 06:03:11]   [geth] exited cleanly after 3s
[2026-06-02 06:03:11]   [cache] OS page cache dropped
Fatal: Could not create the account: account already exists
[2026-06-02 06:03:12]   [geth] Starting (pbt, gd=5, cold=1, dev.period=1, 1tx/block)
[2026-06-02 06:03:12]   [geth] Waiting for RPC...
[2026-06-02 06:03:16]   [geth] RPC ready after 5s
[2026-06-02 06:03:16]   [bench] Running execute remote...
[2026-06-02 06:03:24]   [bench] exit=0 passed=1 failed=0
0 missing_trie_node=0
0
[2026-06-02 06:03:24] 
[2026-06-02 06:03:24]   --- storage_mixed_k400_run20 (pbt) write-offset=32000000000 K=400 ---
[2026-06-02 06:03:24]   [geth] Stopping (SIGTERM, waiting up to 120s for clean exit): 1275838
[2026-06-02 06:03:27]   [geth] exited cleanly after 3s
[2026-06-02 06:03:27]   [cache] OS page cache dropped
Fatal: Could not create the account: account already exists
[2026-06-02 06:03:27]   [geth] Starting (pbt, gd=5, cold=1, dev.period=1, 1tx/block)
[2026-06-02 06:03:27]   [geth] Waiting for RPC...
[2026-06-02 06:03:31]   [geth] RPC ready after 5s
[2026-06-02 06:03:31]   [bench] Running execute remote...
[2026-06-02 06:03:39]   [bench] exit=0 passed=1 failed=0
0 missing_trie_node=0
0
[2026-06-02 06:03:39] 
[2026-06-02 06:03:39]   ── BENCHMARK: storage_mixed_k700 (pool=700 contracts; effective K=700)
[2026-06-02 06:03:39] 
[2026-06-02 06:03:39]   --- storage_mixed_k700_run1 (pbt) write-offset=30100000000 K=700 ---
[2026-06-02 06:03:39]   [geth] Stopping (SIGTERM, waiting up to 120s for clean exit): 1275921
[2026-06-02 06:03:42]   [geth] exited cleanly after 3s
[2026-06-02 06:03:42]   [cache] OS page cache dropped
Fatal: Could not create the account: account already exists
[2026-06-02 06:03:42]   [geth] Starting (pbt, gd=5, cold=1, dev.period=1, 1tx/block)
[2026-06-02 06:03:42]   [geth] Waiting for RPC...
[2026-06-02 06:03:46]   [geth] RPC ready after 5s
[2026-06-02 06:03:46]   [bench] Running execute remote...
[2026-06-02 06:03:55]   [bench] exit=0 passed=1 failed=0
0 missing_trie_node=0
0
[2026-06-02 06:03:55] 
[2026-06-02 06:03:55]   --- storage_mixed_k700_run2 (pbt) write-offset=30200000000 K=700 ---
[2026-06-02 06:03:55]   [geth] Stopping (SIGTERM, waiting up to 120s for clean exit): 1276028
[2026-06-02 06:03:58]   [geth] exited cleanly after 3s
[2026-06-02 06:03:59]   [cache] OS page cache dropped
Fatal: Could not create the account: account already exists
[2026-06-02 06:03:59]   [geth] Starting (pbt, gd=5, cold=1, dev.period=1, 1tx/block)
[2026-06-02 06:03:59]   [geth] Waiting for RPC...
[2026-06-02 06:04:03]   [geth] RPC ready after 5s
[2026-06-02 06:04:03]   [bench] Running execute remote...
[2026-06-02 06:04:12]   [bench] exit=0 passed=1 failed=0
0 missing_trie_node=0
0
[2026-06-02 06:04:12] 
[2026-06-02 06:04:12]   --- storage_mixed_k700_run3 (pbt) write-offset=30300000000 K=700 ---
[2026-06-02 06:04:12]   [geth] Stopping (SIGTERM, waiting up to 120s for clean exit): 1276117
[2026-06-02 06:04:15]   [geth] exited cleanly after 3s
[2026-06-02 06:04:15]   [cache] OS page cache dropped
Fatal: Could not create the account: account already exists
[2026-06-02 06:04:15]   [geth] Starting (pbt, gd=5, cold=1, dev.period=1, 1tx/block)
[2026-06-02 06:04:15]   [geth] Waiting for RPC...
[2026-06-02 06:04:19]   [geth] RPC ready after 5s
[2026-06-02 06:04:19]   [bench] Running execute remote...
[2026-06-02 06:04:28]   [bench] exit=0 passed=1 failed=0
0 missing_trie_node=0
0
[2026-06-02 06:04:28] 
[2026-06-02 06:04:28]   --- storage_mixed_k700_run4 (pbt) write-offset=30400000000 K=700 ---
[2026-06-02 06:04:28]   [geth] Stopping (SIGTERM, waiting up to 120s for clean exit): 1276208
[2026-06-02 06:04:31]   [geth] exited cleanly after 3s
[2026-06-02 06:04:31]   [cache] OS page cache dropped
Fatal: Could not create the account: account already exists
[2026-06-02 06:04:31]   [geth] Starting (pbt, gd=5, cold=1, dev.period=1, 1tx/block)
[2026-06-02 06:04:31]   [geth] Waiting for RPC...
[2026-06-02 06:04:35]   [geth] RPC ready after 5s
[2026-06-02 06:04:35]   [bench] Running execute remote...
[2026-06-02 06:04:44]   [bench] exit=0 passed=1 failed=0
0 missing_trie_node=0
0
[2026-06-02 06:04:44] 
[2026-06-02 06:04:44]   --- storage_mixed_k700_run5 (pbt) write-offset=30500000000 K=700 ---
[2026-06-02 06:04:44]   [geth] Stopping (SIGTERM, waiting up to 120s for clean exit): 1276290
[2026-06-02 06:04:47]   [geth] exited cleanly after 3s
[2026-06-02 06:04:48]   [cache] OS page cache dropped
Fatal: Could not create the account: account already exists
[2026-06-02 06:04:48]   [geth] Starting (pbt, gd=5, cold=1, dev.period=1, 1tx/block)
[2026-06-02 06:04:48]   [geth] Waiting for RPC...
[2026-06-02 06:04:52]   [geth] RPC ready after 5s
[2026-06-02 06:04:52]   [bench] Running execute remote...
[2026-06-02 06:05:01]   [bench] exit=0 passed=1 failed=0
0 missing_trie_node=0
0
[2026-06-02 06:05:01] 
[2026-06-02 06:05:01]   --- storage_mixed_k700_run6 (pbt) write-offset=30600000000 K=700 ---
[2026-06-02 06:05:01]   [geth] Stopping (SIGTERM, waiting up to 120s for clean exit): 1276375
[2026-06-02 06:05:04]   [geth] exited cleanly after 3s
[2026-06-02 06:05:04]   [cache] OS page cache dropped
Fatal: Could not create the account: account already exists
[2026-06-02 06:05:04]   [geth] Starting (pbt, gd=5, cold=1, dev.period=1, 1tx/block)
[2026-06-02 06:05:04]   [geth] Waiting for RPC...
[2026-06-02 06:05:08]   [geth] RPC ready after 5s
[2026-06-02 06:05:08]   [bench] Running execute remote...
[2026-06-02 06:05:17]   [bench] exit=0 passed=1 failed=0
0 missing_trie_node=0
0
[2026-06-02 06:05:17] 
[2026-06-02 06:05:17]   --- storage_mixed_k700_run7 (pbt) write-offset=30700000000 K=700 ---
[2026-06-02 06:05:17]   [geth] Stopping (SIGTERM, waiting up to 120s for clean exit): 1276459
[2026-06-02 06:05:20]   [geth] exited cleanly after 3s
[2026-06-02 06:05:20]   [cache] OS page cache dropped
Fatal: Could not create the account: account already exists
[2026-06-02 06:05:20]   [geth] Starting (pbt, gd=5, cold=1, dev.period=1, 1tx/block)
[2026-06-02 06:05:20]   [geth] Waiting for RPC...
[2026-06-02 06:05:24]   [geth] RPC ready after 5s
[2026-06-02 06:05:24]   [bench] Running execute remote...
[2026-06-02 06:05:33]   [bench] exit=0 passed=1 failed=0
0 missing_trie_node=0
0
[2026-06-02 06:05:33] 
[2026-06-02 06:05:33]   --- storage_mixed_k700_run8 (pbt) write-offset=30800000000 K=700 ---
[2026-06-02 06:05:33]   [geth] Stopping (SIGTERM, waiting up to 120s for clean exit): 1276546
[2026-06-02 06:05:36]   [geth] exited cleanly after 3s
[2026-06-02 06:05:36]   [cache] OS page cache dropped
Fatal: Could not create the account: account already exists
[2026-06-02 06:05:36]   [geth] Starting (pbt, gd=5, cold=1, dev.period=1, 1tx/block)
[2026-06-02 06:05:36]   [geth] Waiting for RPC...
[2026-06-02 06:05:41]   [geth] RPC ready after 5s
[2026-06-02 06:05:41]   [bench] Running execute remote...
[2026-06-02 06:05:49]   [bench] exit=0 passed=1 failed=0
0 missing_trie_node=0
0
[2026-06-02 06:05:49] 
[2026-06-02 06:05:49]   --- storage_mixed_k700_run9 (pbt) write-offset=30900000000 K=700 ---
[2026-06-02 06:05:49]   [geth] Stopping (SIGTERM, waiting up to 120s for clean exit): 1276631
[2026-06-02 06:05:52]   [geth] exited cleanly after 3s
[2026-06-02 06:05:53]   [cache] OS page cache dropped
Fatal: Could not create the account: account already exists
[2026-06-02 06:05:53]   [geth] Starting (pbt, gd=5, cold=1, dev.period=1, 1tx/block)
[2026-06-02 06:05:53]   [geth] Waiting for RPC...
[2026-06-02 06:05:57]   [geth] RPC ready after 5s
[2026-06-02 06:05:57]   [bench] Running execute remote...
[2026-06-02 06:06:06]   [bench] exit=0 passed=1 failed=0
0 missing_trie_node=0
0
[2026-06-02 06:06:06] 
[2026-06-02 06:06:06]   --- storage_mixed_k700_run10 (pbt) write-offset=31000000000 K=700 ---
[2026-06-02 06:06:06]   [geth] Stopping (SIGTERM, waiting up to 120s for clean exit): 1276731
[2026-06-02 06:06:09]   [geth] exited cleanly after 3s
[2026-06-02 06:06:09]   [cache] OS page cache dropped
Fatal: Could not create the account: account already exists
[2026-06-02 06:06:09]   [geth] Starting (pbt, gd=5, cold=1, dev.period=1, 1tx/block)
[2026-06-02 06:06:09]   [geth] Waiting for RPC...
[2026-06-02 06:06:13]   [geth] RPC ready after 5s
[2026-06-02 06:06:13]   [bench] Running execute remote...
[2026-06-02 06:06:22]   [bench] exit=0 passed=1 failed=0
0 missing_trie_node=0
0
[2026-06-02 06:06:22] 
[2026-06-02 06:06:22]   --- storage_mixed_k700_run11 (pbt) write-offset=31100000000 K=700 ---
[2026-06-02 06:06:22]   [geth] Stopping (SIGTERM, waiting up to 120s for clean exit): 1276820
[2026-06-02 06:06:25]   [geth] exited cleanly after 3s
[2026-06-02 06:06:25]   [cache] OS page cache dropped
Fatal: Could not create the account: account already exists
[2026-06-02 06:06:25]   [geth] Starting (pbt, gd=5, cold=1, dev.period=1, 1tx/block)
[2026-06-02 06:06:25]   [geth] Waiting for RPC...
[2026-06-02 06:06:29]   [geth] RPC ready after 5s
[2026-06-02 06:06:29]   [bench] Running execute remote...
[2026-06-02 06:06:38]   [bench] exit=0 passed=1 failed=0
0 missing_trie_node=0
0
[2026-06-02 06:06:38] 
[2026-06-02 06:06:38]   --- storage_mixed_k700_run12 (pbt) write-offset=31200000000 K=700 ---
[2026-06-02 06:06:38]   [geth] Stopping (SIGTERM, waiting up to 120s for clean exit): 1276902
[2026-06-02 06:06:41]   [geth] exited cleanly after 3s
[2026-06-02 06:06:41]   [cache] OS page cache dropped
Fatal: Could not create the account: account already exists
[2026-06-02 06:06:41]   [geth] Starting (pbt, gd=5, cold=1, dev.period=1, 1tx/block)
[2026-06-02 06:06:41]   [geth] Waiting for RPC...
[2026-06-02 06:06:46]   [geth] RPC ready after 5s
[2026-06-02 06:06:46]   [bench] Running execute remote...
[2026-06-02 06:06:54]   [bench] exit=0 passed=1 failed=0
0 missing_trie_node=0
0
[2026-06-02 06:06:54] 
[2026-06-02 06:06:54]   --- storage_mixed_k700_run13 (pbt) write-offset=31300000000 K=700 ---
[2026-06-02 06:06:54]   [geth] Stopping (SIGTERM, waiting up to 120s for clean exit): 1276987
[2026-06-02 06:06:57]   [geth] exited cleanly after 3s
[2026-06-02 06:06:58]   [cache] OS page cache dropped
Fatal: Could not create the account: account already exists
[2026-06-02 06:06:58]   [geth] Starting (pbt, gd=5, cold=1, dev.period=1, 1tx/block)
[2026-06-02 06:06:58]   [geth] Waiting for RPC...
[2026-06-02 06:07:02]   [geth] RPC ready after 5s
[2026-06-02 06:07:02]   [bench] Running execute remote...
[2026-06-02 06:07:11]   [bench] exit=0 passed=1 failed=0
0 missing_trie_node=0
0
[2026-06-02 06:07:11] 
[2026-06-02 06:07:11]   --- storage_mixed_k700_run14 (pbt) write-offset=31400000000 K=700 ---
[2026-06-02 06:07:11]   [geth] Stopping (SIGTERM, waiting up to 120s for clean exit): 1277075
[2026-06-02 06:07:14]   [geth] exited cleanly after 3s
[2026-06-02 06:07:14]   [cache] OS page cache dropped
Fatal: Could not create the account: account already exists
[2026-06-02 06:07:14]   [geth] Starting (pbt, gd=5, cold=1, dev.period=1, 1tx/block)
[2026-06-02 06:07:14]   [geth] Waiting for RPC...
[2026-06-02 06:07:18]   [geth] RPC ready after 5s
[2026-06-02 06:07:18]   [bench] Running execute remote...
[2026-06-02 06:07:27]   [bench] exit=0 passed=1 failed=0
0 missing_trie_node=0
0
[2026-06-02 06:07:27] 
[2026-06-02 06:07:27]   --- storage_mixed_k700_run15 (pbt) write-offset=31500000000 K=700 ---
[2026-06-02 06:07:27]   [geth] Stopping (SIGTERM, waiting up to 120s for clean exit): 1277165
[2026-06-02 06:07:30]   [geth] exited cleanly after 3s
[2026-06-02 06:07:30]   [cache] OS page cache dropped
Fatal: Could not create the account: account already exists
[2026-06-02 06:07:30]   [geth] Starting (pbt, gd=5, cold=1, dev.period=1, 1tx/block)
[2026-06-02 06:07:30]   [geth] Waiting for RPC...
[2026-06-02 06:07:34]   [geth] RPC ready after 5s
[2026-06-02 06:07:34]   [bench] Running execute remote...
[2026-06-02 06:07:43]   [bench] exit=0 passed=1 failed=0
0 missing_trie_node=0
0
[2026-06-02 06:07:43] 
[2026-06-02 06:07:43]   --- storage_mixed_k700_run16 (pbt) write-offset=31600000000 K=700 ---
[2026-06-02 06:07:43]   [geth] Stopping (SIGTERM, waiting up to 120s for clean exit): 1277251
[2026-06-02 06:07:46]   [geth] exited cleanly after 3s
[2026-06-02 06:07:47]   [cache] OS page cache dropped
Fatal: Could not create the account: account already exists
[2026-06-02 06:07:47]   [geth] Starting (pbt, gd=5, cold=1, dev.period=1, 1tx/block)
[2026-06-02 06:07:47]   [geth] Waiting for RPC...
[2026-06-02 06:07:51]   [geth] RPC ready after 5s
[2026-06-02 06:07:51]   [bench] Running execute remote...
[2026-06-02 06:08:00]   [bench] exit=0 passed=1 failed=0
0 missing_trie_node=0
0
[2026-06-02 06:08:00] 
[2026-06-02 06:08:00]   --- storage_mixed_k700_run17 (pbt) write-offset=31700000000 K=700 ---
[2026-06-02 06:08:00]   [geth] Stopping (SIGTERM, waiting up to 120s for clean exit): 1277334
[2026-06-02 06:08:03]   [geth] exited cleanly after 3s
[2026-06-02 06:08:03]   [cache] OS page cache dropped
Fatal: Could not create the account: account already exists
[2026-06-02 06:08:03]   [geth] Starting (pbt, gd=5, cold=1, dev.period=1, 1tx/block)
[2026-06-02 06:08:03]   [geth] Waiting for RPC...
[2026-06-02 06:08:07]   [geth] RPC ready after 5s
[2026-06-02 06:08:07]   [bench] Running execute remote...
[2026-06-02 06:08:16]   [bench] exit=0 passed=1 failed=0
0 missing_trie_node=0
0
[2026-06-02 06:08:16] 
[2026-06-02 06:08:16]   --- storage_mixed_k700_run18 (pbt) write-offset=31800000000 K=700 ---
[2026-06-02 06:08:16]   [geth] Stopping (SIGTERM, waiting up to 120s for clean exit): 1277420
[2026-06-02 06:08:19]   [geth] exited cleanly after 3s
[2026-06-02 06:08:19]   [cache] OS page cache dropped
Fatal: Could not create the account: account already exists
[2026-06-02 06:08:19]   [geth] Starting (pbt, gd=5, cold=1, dev.period=1, 1tx/block)
[2026-06-02 06:08:19]   [geth] Waiting for RPC...
[2026-06-02 06:08:23]   [geth] RPC ready after 5s
[2026-06-02 06:08:23]   [bench] Running execute remote...
[2026-06-02 06:08:32]   [bench] exit=0 passed=1 failed=0
0 missing_trie_node=0
0
[2026-06-02 06:08:32] 
[2026-06-02 06:08:32]   --- storage_mixed_k700_run19 (pbt) write-offset=31900000000 K=700 ---
[2026-06-02 06:08:32]   [geth] Stopping (SIGTERM, waiting up to 120s for clean exit): 1277528
[2026-06-02 06:08:35]   [geth] exited cleanly after 3s
[2026-06-02 06:08:35]   [cache] OS page cache dropped
Fatal: Could not create the account: account already exists
[2026-06-02 06:08:35]   [geth] Starting (pbt, gd=5, cold=1, dev.period=1, 1tx/block)
[2026-06-02 06:08:35]   [geth] Waiting for RPC...
[2026-06-02 06:08:40]   [geth] RPC ready after 5s
[2026-06-02 06:08:40]   [bench] Running execute remote...
[2026-06-02 06:08:48]   [bench] exit=0 passed=1 failed=0
0 missing_trie_node=0
0
[2026-06-02 06:08:48] 
[2026-06-02 06:08:48]   --- storage_mixed_k700_run20 (pbt) write-offset=32000000000 K=700 ---
[2026-06-02 06:08:48]   [geth] Stopping (SIGTERM, waiting up to 120s for clean exit): 1277613
[2026-06-02 06:08:51]   [geth] exited cleanly after 3s
[2026-06-02 06:08:52]   [cache] OS page cache dropped
Fatal: Could not create the account: account already exists
[2026-06-02 06:08:52]   [geth] Starting (pbt, gd=5, cold=1, dev.period=1, 1tx/block)
[2026-06-02 06:08:52]   [geth] Waiting for RPC...
[2026-06-02 06:08:56]   [geth] RPC ready after 5s
[2026-06-02 06:08:56]   [bench] Running execute remote...
[2026-06-02 06:09:05]   [bench] exit=0 passed=1 failed=0
0 missing_trie_node=0
0
[2026-06-02 06:09:05]   [geth] Stopping (SIGTERM, waiting up to 120s for clean exit): 1277701
[2026-06-02 06:09:08]   [geth] exited cleanly after 3s
[2026-06-02 06:09:08] 
[2026-06-02 06:09:08] ╔══════════════════════════════════════════════════════════════════╗
[2026-06-02 06:09:08] ║  All benchmark runs complete
[2026-06-02 06:09:08] ╚══════════════════════════════════════════════════════════════════╝
[2026-06-02 06:09:08] 
[2026-06-02 06:09:08] ── Stage 3: extract_csv.py per config ──
[2026-06-02 06:09:08]   extracting ubt from /mnt/state_expiry_vol_data/bintrie-benchmarks/ubt-vs-pbt/data/ubt
Extracting CSVs for config: ubt
  Results dir: /mnt/state_expiry_vol_data/bintrie-benchmarks/ubt-vs-pbt/data/ubt
  Output dir: /mnt/state_expiry_vol_data/bintrie-benchmarks/ubt-vs-pbt/data/ubt/csv
  Discovered 15 benchmarks: ['storage_mixed_k1', 'storage_mixed_k10', 'storage_mixed_k100', 'storage_mixed_k400', 'storage_mixed_k700', 'storage_sload_k1', 'storage_sload_k10', 'storage_sload_k100', 'storage_sload_k400', 'storage_sload_k700', 'storage_sstore_k1', 'storage_sstore_k10', 'storage_sstore_k100', 'storage_sstore_k400', 'storage_sstore_k700']

--- storage_mixed_k1 ---
  run 10: 8 total blocks, 1 benchmark blocks
  run 11: 8 total blocks, 1 benchmark blocks
  run 12: 8 total blocks, 1 benchmark blocks
  run 13: 7 total blocks, 1 benchmark blocks
  run 14: 8 total blocks, 1 benchmark blocks
  run 15: 7 total blocks, 1 benchmark blocks
  run 16: 7 total blocks, 1 benchmark blocks
  run 17: 8 total blocks, 1 benchmark blocks
  run 18: 8 total blocks, 1 benchmark blocks
  run 19: 7 total blocks, 1 benchmark blocks
  run 1: 7 total blocks, 1 benchmark blocks
  run 20: 8 total blocks, 1 benchmark blocks
  run 2: 7 total blocks, 1 benchmark blocks
  run 3: 8 total blocks, 1 benchmark blocks
  run 4: 7 total blocks, 1 benchmark blocks
  run 5: 8 total blocks, 1 benchmark blocks
  run 6: 8 total blocks, 1 benchmark blocks
  run 7: 7 total blocks, 1 benchmark blocks
  run 8: 8 total blocks, 1 benchmark blocks
  run 9: 7 total blocks, 1 benchmark blocks
  -> Written 151 rows to ubt_storage_mixed_k1.csv

--- storage_mixed_k10 ---
  run 10: 7 total blocks, 1 benchmark blocks
  run 11: 7 total blocks, 1 benchmark blocks
  run 12: 8 total blocks, 1 benchmark blocks
  run 13: 6 total blocks, 1 benchmark blocks
  run 14: 6 total blocks, 1 benchmark blocks
  run 15: 6 total blocks, 1 benchmark blocks
  run 16: 6 total blocks, 1 benchmark blocks
  run 17: 7 total blocks, 1 benchmark blocks
  run 18: 6 total blocks, 1 benchmark blocks
  run 19: 6 total blocks, 1 benchmark blocks
  run 1: 8 total blocks, 1 benchmark blocks
  run 20: 7 total blocks, 1 benchmark blocks
  run 2: 8 total blocks, 1 benchmark blocks
  run 3: 8 total blocks, 1 benchmark blocks
  run 4: 8 total blocks, 1 benchmark blocks
  run 5: 8 total blocks, 1 benchmark blocks
  run 6: 8 total blocks, 1 benchmark blocks
  run 7: 8 total blocks, 1 benchmark blocks
  run 8: 8 total blocks, 1 benchmark blocks
  run 9: 7 total blocks, 1 benchmark blocks
  -> Written 143 rows to ubt_storage_mixed_k10.csv

--- storage_mixed_k100 ---
  run 10: 7 total blocks, 1 benchmark blocks
  run 11: 7 total blocks, 1 benchmark blocks
  run 12: 7 total blocks, 1 benchmark blocks
  run 13: 7 total blocks, 1 benchmark blocks
  run 14: 7 total blocks, 1 benchmark blocks
  run 15: 7 total blocks, 1 benchmark blocks
  run 16: 7 total blocks, 1 benchmark blocks
  run 17: 7 total blocks, 1 benchmark blocks
  run 18: 7 total blocks, 1 benchmark blocks
  run 19: 7 total blocks, 1 benchmark blocks
  run 1: 7 total blocks, 1 benchmark blocks
  run 20: 7 total blocks, 1 benchmark blocks
  run 2: 7 total blocks, 1 benchmark blocks
  run 3: 7 total blocks, 1 benchmark blocks
  run 4: 7 total blocks, 1 benchmark blocks
  run 5: 7 total blocks, 1 benchmark blocks
  run 6: 7 total blocks, 1 benchmark blocks
  run 7: 7 total blocks, 1 benchmark blocks
  run 8: 7 total blocks, 1 benchmark blocks
  run 9: 7 total blocks, 1 benchmark blocks
  -> Written 140 rows to ubt_storage_mixed_k100.csv

--- storage_mixed_k400 ---
  run 10: 7 total blocks, 1 benchmark blocks
  run 11: 7 total blocks, 1 benchmark blocks
  run 12: 7 total blocks, 1 benchmark blocks
  run 13: 6 total blocks, 1 benchmark blocks
  run 14: 7 total blocks, 1 benchmark blocks
  run 15: 7 total blocks, 1 benchmark blocks
  run 16: 7 total blocks, 1 benchmark blocks
  run 17: 7 total blocks, 1 benchmark blocks
  run 18: 7 total blocks, 1 benchmark blocks
  run 19: 7 total blocks, 1 benchmark blocks
  run 1: 7 total blocks, 1 benchmark blocks
  run 20: 7 total blocks, 1 benchmark blocks
  run 2: 7 total blocks, 1 benchmark blocks
  run 3: 7 total blocks, 1 benchmark blocks
  run 4: 7 total blocks, 1 benchmark blocks
  run 5: 7 total blocks, 1 benchmark blocks
  run 6: 7 total blocks, 1 benchmark blocks
  run 7: 7 total blocks, 1 benchmark blocks
  run 8: 7 total blocks, 1 benchmark blocks
  run 9: 7 total blocks, 1 benchmark blocks
  -> Written 139 rows to ubt_storage_mixed_k400.csv

--- storage_mixed_k700 ---
  run 10: 7 total blocks, 1 benchmark blocks
  run 11: 6 total blocks, 1 benchmark blocks
  run 12: 7 total blocks, 1 benchmark blocks
  run 13: 7 total blocks, 1 benchmark blocks
  run 14: 7 total blocks, 1 benchmark blocks
  run 15: 7 total blocks, 1 benchmark blocks
  run 16: 7 total blocks, 1 benchmark blocks
  run 17: 7 total blocks, 1 benchmark blocks
  run 18: 7 total blocks, 1 benchmark blocks
  run 19: 7 total blocks, 1 benchmark blocks
  run 1: 7 total blocks, 1 benchmark blocks
  run 20: 7 total blocks, 1 benchmark blocks
  run 2: 7 total blocks, 1 benchmark blocks
  run 3: 7 total blocks, 1 benchmark blocks
  run 4: 7 total blocks, 1 benchmark blocks
  run 5: 7 total blocks, 1 benchmark blocks
  run 6: 7 total blocks, 1 benchmark blocks
  run 7: 7 total blocks, 1 benchmark blocks
  run 8: 7 total blocks, 1 benchmark blocks
  run 9: 7 total blocks, 1 benchmark blocks
  -> Written 139 rows to ubt_storage_mixed_k700.csv

--- storage_sload_k1 ---
  run 10: 8 total blocks, 1 benchmark blocks
  run 11: 7 total blocks, 1 benchmark blocks
  run 12: 7 total blocks, 1 benchmark blocks
  run 13: 7 total blocks, 1 benchmark blocks
  run 14: 7 total blocks, 1 benchmark blocks
  run 15: 7 total blocks, 1 benchmark blocks
  run 16: 7 total blocks, 1 benchmark blocks
  run 17: 7 total blocks, 1 benchmark blocks
  run 18: 8 total blocks, 1 benchmark blocks
  run 19: 7 total blocks, 1 benchmark blocks
  run 1: 8 total blocks, 1 benchmark blocks
  run 20: 8 total blocks, 1 benchmark blocks
  run 2: 8 total blocks, 1 benchmark blocks
  run 3: 7 total blocks, 1 benchmark blocks
  run 4: 7 total blocks, 1 benchmark blocks
  run 5: 7 total blocks, 1 benchmark blocks
  run 6: 7 total blocks, 1 benchmark blocks
  run 7: 7 total blocks, 1 benchmark blocks
  run 8: 8 total blocks, 1 benchmark blocks
  run 9: 7 total blocks, 1 benchmark blocks
  -> Written 146 rows to ubt_storage_sload_k1.csv

--- storage_sload_k10 ---
  run 10: 7 total blocks, 1 benchmark blocks
  run 11: 8 total blocks, 1 benchmark blocks
  run 12: 7 total blocks, 1 benchmark blocks
  run 13: 8 total blocks, 1 benchmark blocks
  run 14: 7 total blocks, 1 benchmark blocks
  run 15: 8 total blocks, 1 benchmark blocks
  run 16: 7 total blocks, 1 benchmark blocks
  run 17: 7 total blocks, 1 benchmark blocks
  run 18: 8 total blocks, 1 benchmark blocks
  run 19: 7 total blocks, 1 benchmark blocks
  run 1: 7 total blocks, 1 benchmark blocks
  run 20: 7 total blocks, 1 benchmark blocks
  run 2: 7 total blocks, 1 benchmark blocks
  run 3: 8 total blocks, 1 benchmark blocks
  run 4: 7 total blocks, 1 benchmark blocks
  run 5: 7 total blocks, 1 benchmark blocks
  run 6: 8 total blocks, 1 benchmark blocks
  run 7: 7 total blocks, 1 benchmark blocks
  run 8: 7 total blocks, 1 benchmark blocks
  run 9: 8 total blocks, 1 benchmark blocks
  -> Written 147 rows to ubt_storage_sload_k10.csv

--- storage_sload_k100 ---
  run 10: 9 total blocks, 1 benchmark blocks
  run 11: 8 total blocks, 1 benchmark blocks
  run 12: 8 total blocks, 1 benchmark blocks
  run 13: 7 total blocks, 1 benchmark blocks
  run 14: 7 total blocks, 1 benchmark blocks
  run 15: 8 total blocks, 1 benchmark blocks
  run 16: 8 total blocks, 1 benchmark blocks
  run 17: 8 total blocks, 1 benchmark blocks
  run 18: 7 total blocks, 1 benchmark blocks
  run 19: 7 total blocks, 1 benchmark blocks
  run 1: 7 total blocks, 1 benchmark blocks
  run 20: 7 total blocks, 1 benchmark blocks
  run 2: 7 total blocks, 1 benchmark blocks
  run 3: 7 total blocks, 1 benchmark blocks
  run 4: 7 total blocks, 1 benchmark blocks
  run 5: 8 total blocks, 1 benchmark blocks
  run 6: 8 total blocks, 1 benchmark blocks
  run 7: 7 total blocks, 1 benchmark blocks
  run 8: 8 total blocks, 1 benchmark blocks
  run 9: 8 total blocks, 1 benchmark blocks
  -> Written 151 rows to ubt_storage_sload_k100.csv

--- storage_sload_k400 ---
  run 10: 8 total blocks, 1 benchmark blocks
  run 11: 8 total blocks, 1 benchmark blocks
  run 12: 8 total blocks, 1 benchmark blocks
  run 13: 7 total blocks, 1 benchmark blocks
  run 14: 8 total blocks, 1 benchmark blocks
  run 15: 8 total blocks, 1 benchmark blocks
  run 16: 8 total blocks, 1 benchmark blocks
  run 17: 8 total blocks, 1 benchmark blocks
  run 18: 8 total blocks, 1 benchmark blocks
  run 19: 8 total blocks, 1 benchmark blocks
  run 1: 7 total blocks, 1 benchmark blocks
  run 20: 8 total blocks, 1 benchmark blocks
  run 2: 8 total blocks, 1 benchmark blocks
  run 3: 8 total blocks, 1 benchmark blocks
  run 4: 7 total blocks, 1 benchmark blocks
  run 5: 8 total blocks, 1 benchmark blocks
  run 6: 8 total blocks, 1 benchmark blocks
  run 7: 8 total blocks, 1 benchmark blocks
  run 8: 7 total blocks, 1 benchmark blocks
  run 9: 8 total blocks, 1 benchmark blocks
  -> Written 156 rows to ubt_storage_sload_k400.csv

--- storage_sload_k700 ---
  run 10: 7 total blocks, 1 benchmark blocks
  run 11: 7 total blocks, 1 benchmark blocks
  run 12: 8 total blocks, 1 benchmark blocks
  run 13: 8 total blocks, 1 benchmark blocks
  run 14: 8 total blocks, 1 benchmark blocks
  run 15: 8 total blocks, 1 benchmark blocks
  run 16: 8 total blocks, 1 benchmark blocks
  run 17: 8 total blocks, 1 benchmark blocks
  run 18: 8 total blocks, 1 benchmark blocks
  run 19: 7 total blocks, 1 benchmark blocks
  run 1: 8 total blocks, 1 benchmark blocks
  run 20: 8 total blocks, 1 benchmark blocks
  run 2: 8 total blocks, 1 benchmark blocks
  run 3: 8 total blocks, 1 benchmark blocks
  run 4: 8 total blocks, 1 benchmark blocks
  run 5: 8 total blocks, 1 benchmark blocks
  run 6: 8 total blocks, 1 benchmark blocks
  run 7: 8 total blocks, 1 benchmark blocks
  run 8: 8 total blocks, 1 benchmark blocks
  run 9: 8 total blocks, 1 benchmark blocks
  -> Written 157 rows to ubt_storage_sload_k700.csv

--- storage_sstore_k1 ---
  run 10: 7 total blocks, 1 benchmark blocks
  run 11: 7 total blocks, 1 benchmark blocks
  run 12: 7 total blocks, 1 benchmark blocks
  run 13: 7 total blocks, 1 benchmark blocks
  run 14: 7 total blocks, 1 benchmark blocks
  run 15: 7 total blocks, 1 benchmark blocks
  run 16: 7 total blocks, 1 benchmark blocks
  run 17: 7 total blocks, 1 benchmark blocks
  run 18: 7 total blocks, 1 benchmark blocks
  run 19: 7 total blocks, 1 benchmark blocks
  run 1: 7 total blocks, 1 benchmark blocks
  run 20: 7 total blocks, 1 benchmark blocks
  run 2: 7 total blocks, 1 benchmark blocks
  run 3: 7 total blocks, 1 benchmark blocks
  run 4: 7 total blocks, 1 benchmark blocks
  run 5: 7 total blocks, 1 benchmark blocks
  run 6: 7 total blocks, 1 benchmark blocks
  run 7: 7 total blocks, 1 benchmark blocks
  run 8: 7 total blocks, 1 benchmark blocks
  run 9: 7 total blocks, 1 benchmark blocks
  -> Written 140 rows to ubt_storage_sstore_k1.csv

--- storage_sstore_k10 ---
  run 10: 7 total blocks, 1 benchmark blocks
  run 11: 7 total blocks, 1 benchmark blocks
  run 12: 7 total blocks, 1 benchmark blocks
  run 13: 7 total blocks, 1 benchmark blocks
  run 14: 7 total blocks, 1 benchmark blocks
  run 15: 7 total blocks, 1 benchmark blocks
  run 16: 7 total blocks, 1 benchmark blocks
  run 17: 7 total blocks, 1 benchmark blocks
  run 18: 7 total blocks, 1 benchmark blocks
  run 19: 7 total blocks, 1 benchmark blocks
  run 1: 7 total blocks, 1 benchmark blocks
  run 20: 7 total blocks, 1 benchmark blocks
  run 2: 7 total blocks, 1 benchmark blocks
  run 3: 7 total blocks, 1 benchmark blocks
  run 4: 7 total blocks, 1 benchmark blocks
  run 5: 7 total blocks, 1 benchmark blocks
  run 6: 7 total blocks, 1 benchmark blocks
  run 7: 7 total blocks, 1 benchmark blocks
  run 8: 7 total blocks, 1 benchmark blocks
  run 9: 7 total blocks, 1 benchmark blocks
  -> Written 140 rows to ubt_storage_sstore_k10.csv

--- storage_sstore_k100 ---
  run 10: 8 total blocks, 1 benchmark blocks
  run 11: 8 total blocks, 1 benchmark blocks
  run 12: 7 total blocks, 1 benchmark blocks
  run 13: 8 total blocks, 1 benchmark blocks
  run 14: 8 total blocks, 1 benchmark blocks
  run 15: 8 total blocks, 1 benchmark blocks
  run 16: 8 total blocks, 1 benchmark blocks
  run 17: 8 total blocks, 1 benchmark blocks
  run 18: 8 total blocks, 1 benchmark blocks
  run 19: 8 total blocks, 1 benchmark blocks
  run 1: 7 total blocks, 1 benchmark blocks
  run 20: 8 total blocks, 1 benchmark blocks
  run 2: 8 total blocks, 1 benchmark blocks
  run 3: 8 total blocks, 1 benchmark blocks
  run 4: 8 total blocks, 1 benchmark blocks
  run 5: 8 total blocks, 1 benchmark blocks
  run 6: 8 total blocks, 1 benchmark blocks
  run 7: 8 total blocks, 1 benchmark blocks
  run 8: 8 total blocks, 1 benchmark blocks
  run 9: 8 total blocks, 1 benchmark blocks
  -> Written 158 rows to ubt_storage_sstore_k100.csv

--- storage_sstore_k400 ---
  run 10: 8 total blocks, 1 benchmark blocks
  run 11: 6 total blocks, 1 benchmark blocks
  run 12: 7 total blocks, 1 benchmark blocks
  run 13: 8 total blocks, 1 benchmark blocks
  run 14: 8 total blocks, 1 benchmark blocks
  run 15: 6 total blocks, 1 benchmark blocks
  run 16: 8 total blocks, 1 benchmark blocks
  run 17: 8 total blocks, 1 benchmark blocks
  run 18: 7 total blocks, 1 benchmark blocks
  run 19: 8 total blocks, 1 benchmark blocks
  run 1: 7 total blocks, 1 benchmark blocks
  run 20: 6 total blocks, 1 benchmark blocks
  run 2: 8 total blocks, 1 benchmark blocks
  run 3: 8 total blocks, 1 benchmark blocks
  run 4: 8 total blocks, 1 benchmark blocks
  run 5: 8 total blocks, 1 benchmark blocks
  run 6: 8 total blocks, 1 benchmark blocks
  run 7: 8 total blocks, 1 benchmark blocks
  run 8: 8 total blocks, 1 benchmark blocks
  run 9: 8 total blocks, 1 benchmark blocks
  -> Written 151 rows to ubt_storage_sstore_k400.csv

--- storage_sstore_k700 ---
  run 10: 7 total blocks, 1 benchmark blocks
  run 11: 7 total blocks, 1 benchmark blocks
  run 12: 7 total blocks, 1 benchmark blocks
  run 13: 8 total blocks, 1 benchmark blocks
  run 14: 8 total blocks, 1 benchmark blocks
  run 15: 7 total blocks, 1 benchmark blocks
  run 16: 7 total blocks, 1 benchmark blocks
  run 17: 7 total blocks, 1 benchmark blocks
  run 18: 7 total blocks, 1 benchmark blocks
  run 19: 7 total blocks, 1 benchmark blocks
  run 1: 7 total blocks, 1 benchmark blocks
  run 20: 7 total blocks, 1 benchmark blocks
  run 2: 8 total blocks, 1 benchmark blocks
  run 3: 7 total blocks, 1 benchmark blocks
  run 4: 7 total blocks, 1 benchmark blocks
  run 5: 7 total blocks, 1 benchmark blocks
  run 6: 8 total blocks, 1 benchmark blocks
  run 7: 8 total blocks, 1 benchmark blocks
  run 8: 7 total blocks, 1 benchmark blocks
  run 9: 8 total blocks, 1 benchmark blocks
  -> Written 146 rows to ubt_storage_sstore_k700.csv

-> Cache validation: 300 rows to ubt_cache_validation.csv
-> All benchmarks: 2204 rows to ubt_all_benchmarks.csv

================================================================================
  CACHE VALIDATION SUMMARY
================================================================================

  storage_mixed_k1:
    Runs: 20
    Account cache: avg=16.9%
    Storage cache: avg=43.5%, min=5.1%, max=92.3%
    OK: Storage cache rates look reasonable for cold-start benchmarks

  storage_mixed_k10:
    Runs: 20
    Account cache: avg=22.6%
    Storage cache: avg=41.6%, min=6.8%, max=71.7%
    OK: Storage cache rates look reasonable for cold-start benchmarks

  storage_mixed_k100:
    Runs: 20
    Account cache: avg=19.5%
    Storage cache: avg=32.3%, min=2.1%, max=75.2%
    OK: Storage cache rates look reasonable for cold-start benchmarks

  storage_mixed_k400:
    Runs: 20
    Account cache: avg=14.8%
    Storage cache: avg=29.4%, min=6.3%, max=75.8%
    OK: Storage cache rates look reasonable for cold-start benchmarks

  storage_mixed_k700:
    Runs: 20
    Account cache: avg=24.6%
    Storage cache: avg=26.3%, min=9.2%, max=53.0%
    OK: Storage cache rates look reasonable for cold-start benchmarks

  storage_sload_k1:
    Runs: 20
    Account cache: avg=36.9%
    Storage cache: avg=16.1%, min=0.0%, max=61.4%
    OK: Storage cache rates look reasonable for cold-start benchmarks

  storage_sload_k10:
    Runs: 20
    Account cache: avg=29.4%
    Storage cache: avg=25.9%, min=0.0%, max=91.6%
    OK: Storage cache rates look reasonable for cold-start benchmarks

  storage_sload_k100:
    Runs: 20
    Account cache: avg=19.8%
    Storage cache: avg=19.5%, min=0.1%, max=78.5%
    OK: Storage cache rates look reasonable for cold-start benchmarks

  storage_sload_k400:
    Runs: 20
    Account cache: avg=21.6%
    Storage cache: avg=23.5%, min=0.4%, max=70.5%
    OK: Storage cache rates look reasonable for cold-start benchmarks

  storage_sload_k700:
    Runs: 20
    Account cache: avg=29.1%
    Storage cache: avg=31.4%, min=6.4%, max=67.8%
    OK: Storage cache rates look reasonable for cold-start benchmarks

  storage_sstore_k1:
    Runs: 20
    Account cache: avg=33.8%
    Storage cache: avg=24.2%, min=4.6%, max=90.6%
    OK: Storage cache rates look reasonable for cold-start benchmarks

  storage_sstore_k10:
    Runs: 20
    Account cache: avg=27.6%
    Storage cache: avg=24.6%, min=4.8%, max=54.3%
    OK: Storage cache rates look reasonable for cold-start benchmarks

  storage_sstore_k100:
    Runs: 20
    Account cache: avg=49.5%
    Storage cache: avg=49.5%, min=16.0%, max=87.2%
    OK: Storage cache rates look reasonable for cold-start benchmarks

  storage_sstore_k400:
    Runs: 20
    Account cache: avg=49.8%
    Storage cache: avg=42.7%, min=14.1%, max=87.3%
    OK: Storage cache rates look reasonable for cold-start benchmarks

  storage_sstore_k700:
    Runs: 20
    Account cache: avg=46.8%
    Storage cache: avg=39.0%, min=4.5%, max=86.8%
    OK: Storage cache rates look reasonable for cold-start benchmarks
[2026-06-02 06:09:08]   extracting pbt from /mnt/state_expiry_vol_data/bintrie-benchmarks/ubt-vs-pbt/data/pbt
Extracting CSVs for config: pbt
  Results dir: /mnt/state_expiry_vol_data/bintrie-benchmarks/ubt-vs-pbt/data/pbt
  Output dir: /mnt/state_expiry_vol_data/bintrie-benchmarks/ubt-vs-pbt/data/pbt/csv
  Discovered 15 benchmarks: ['storage_mixed_k1', 'storage_mixed_k10', 'storage_mixed_k100', 'storage_mixed_k400', 'storage_mixed_k700', 'storage_sload_k1', 'storage_sload_k10', 'storage_sload_k100', 'storage_sload_k400', 'storage_sload_k700', 'storage_sstore_k1', 'storage_sstore_k10', 'storage_sstore_k100', 'storage_sstore_k400', 'storage_sstore_k700']

--- storage_mixed_k1 ---
  run 10: 7 total blocks, 1 benchmark blocks
  run 11: 7 total blocks, 1 benchmark blocks
  run 12: 7 total blocks, 1 benchmark blocks
  run 13: 7 total blocks, 1 benchmark blocks
  run 14: 7 total blocks, 1 benchmark blocks
  run 15: 7 total blocks, 1 benchmark blocks
  run 16: 7 total blocks, 1 benchmark blocks
  run 17: 7 total blocks, 1 benchmark blocks
  run 18: 8 total blocks, 1 benchmark blocks
  run 19: 7 total blocks, 1 benchmark blocks
  run 1: 8 total blocks, 1 benchmark blocks
  run 20: 7 total blocks, 1 benchmark blocks
  run 2: 8 total blocks, 1 benchmark blocks
  run 3: 7 total blocks, 1 benchmark blocks
  run 4: 8 total blocks, 1 benchmark blocks
  run 5: 8 total blocks, 1 benchmark blocks
  run 6: 8 total blocks, 1 benchmark blocks
  run 7: 8 total blocks, 1 benchmark blocks
  run 8: 8 total blocks, 1 benchmark blocks
  run 9: 7 total blocks, 1 benchmark blocks
  -> Written 148 rows to pbt_storage_mixed_k1.csv

--- storage_mixed_k10 ---
  run 10: 7 total blocks, 1 benchmark blocks
  run 11: 8 total blocks, 1 benchmark blocks
  run 12: 8 total blocks, 1 benchmark blocks
  run 13: 8 total blocks, 1 benchmark blocks
  run 14: 7 total blocks, 1 benchmark blocks
  run 15: 7 total blocks, 1 benchmark blocks
  run 16: 8 total blocks, 1 benchmark blocks
  run 17: 8 total blocks, 1 benchmark blocks
  run 18: 7 total blocks, 1 benchmark blocks
  run 19: 8 total blocks, 1 benchmark blocks
  run 1: 7 total blocks, 1 benchmark blocks
  run 20: 7 total blocks, 1 benchmark blocks
  run 2: 7 total blocks, 1 benchmark blocks
  run 3: 7 total blocks, 1 benchmark blocks
  run 4: 7 total blocks, 1 benchmark blocks
  run 5: 7 total blocks, 1 benchmark blocks
  run 6: 7 total blocks, 1 benchmark blocks
  run 7: 7 total blocks, 1 benchmark blocks
  run 8: 7 total blocks, 1 benchmark blocks
  run 9: 8 total blocks, 1 benchmark blocks
  -> Written 147 rows to pbt_storage_mixed_k10.csv

--- storage_mixed_k100 ---
  run 10: 8 total blocks, 1 benchmark blocks
  run 11: 8 total blocks, 1 benchmark blocks
  run 12: 7 total blocks, 1 benchmark blocks
  run 13: 7 total blocks, 1 benchmark blocks
  run 14: 8 total blocks, 1 benchmark blocks
  run 15: 8 total blocks, 1 benchmark blocks
  run 16: 7 total blocks, 1 benchmark blocks
  run 17: 7 total blocks, 1 benchmark blocks
  run 18: 7 total blocks, 1 benchmark blocks
  run 19: 8 total blocks, 1 benchmark blocks
  run 1: 8 total blocks, 1 benchmark blocks
  run 20: 7 total blocks, 1 benchmark blocks
  run 2: 7 total blocks, 1 benchmark blocks
  run 3: 7 total blocks, 1 benchmark blocks
  run 4: 7 total blocks, 1 benchmark blocks
  run 5: 7 total blocks, 1 benchmark blocks
  run 6: 8 total blocks, 1 benchmark blocks
  run 7: 7 total blocks, 1 benchmark blocks
  run 8: 7 total blocks, 1 benchmark blocks
  run 9: 7 total blocks, 1 benchmark blocks
  -> Written 147 rows to pbt_storage_mixed_k100.csv

--- storage_mixed_k400 ---
  run 10: 7 total blocks, 1 benchmark blocks
  run 11: 8 total blocks, 1 benchmark blocks
  run 12: 8 total blocks, 1 benchmark blocks
  run 13: 8 total blocks, 1 benchmark blocks
  run 14: 8 total blocks, 1 benchmark blocks
  run 15: 8 total blocks, 1 benchmark blocks
  run 16: 8 total blocks, 1 benchmark blocks
  run 17: 8 total blocks, 1 benchmark blocks
  run 18: 7 total blocks, 1 benchmark blocks
  run 19: 7 total blocks, 1 benchmark blocks
  run 1: 8 total blocks, 1 benchmark blocks
  run 20: 7 total blocks, 1 benchmark blocks
  run 2: 7 total blocks, 1 benchmark blocks
  run 3: 9 total blocks, 1 benchmark blocks
  run 4: 8 total blocks, 1 benchmark blocks
  run 5: 8 total blocks, 1 benchmark blocks
  run 6: 8 total blocks, 1 benchmark blocks
  run 7: 7 total blocks, 1 benchmark blocks
  run 8: 7 total blocks, 1 benchmark blocks
  run 9: 8 total blocks, 1 benchmark blocks
  -> Written 154 rows to pbt_storage_mixed_k400.csv

--- storage_mixed_k700 ---
  run 10: 8 total blocks, 1 benchmark blocks
  run 11: 8 total blocks, 1 benchmark blocks
  run 12: 8 total blocks, 1 benchmark blocks
  run 13: 8 total blocks, 1 benchmark blocks
  run 14: 8 total blocks, 1 benchmark blocks
  run 15: 8 total blocks, 1 benchmark blocks
  run 16: 8 total blocks, 1 benchmark blocks
  run 17: 7 total blocks, 1 benchmark blocks
  run 18: 7 total blocks, 1 benchmark blocks
  run 19: 8 total blocks, 1 benchmark blocks
  run 1: 8 total blocks, 1 benchmark blocks
  run 20: 8 total blocks, 1 benchmark blocks
  run 2: 8 total blocks, 1 benchmark blocks
  run 3: 8 total blocks, 1 benchmark blocks
  run 4: 8 total blocks, 1 benchmark blocks
  run 5: 8 total blocks, 1 benchmark blocks
  run 6: 8 total blocks, 1 benchmark blocks
  run 7: 8 total blocks, 1 benchmark blocks
  run 8: 8 total blocks, 1 benchmark blocks
  run 9: 8 total blocks, 1 benchmark blocks
  -> Written 158 rows to pbt_storage_mixed_k700.csv

--- storage_sload_k1 ---
  run 10: 7 total blocks, 1 benchmark blocks
  run 11: 8 total blocks, 1 benchmark blocks
  run 12: 8 total blocks, 1 benchmark blocks
  run 13: 7 total blocks, 1 benchmark blocks
  run 14: 7 total blocks, 1 benchmark blocks
  run 15: 7 total blocks, 1 benchmark blocks
  run 16: 7 total blocks, 1 benchmark blocks
  run 17: 7 total blocks, 1 benchmark blocks
  run 18: 8 total blocks, 1 benchmark blocks
  run 19: 7 total blocks, 1 benchmark blocks
  run 1: 8 total blocks, 1 benchmark blocks
  run 20: 7 total blocks, 1 benchmark blocks
  run 2: 7 total blocks, 1 benchmark blocks
  run 3: 7 total blocks, 1 benchmark blocks
  run 4: 7 total blocks, 1 benchmark blocks
  run 5: 8 total blocks, 1 benchmark blocks
  run 6: 8 total blocks, 1 benchmark blocks
  run 7: 8 total blocks, 1 benchmark blocks
  run 8: 7 total blocks, 1 benchmark blocks
  run 9: 7 total blocks, 1 benchmark blocks
  -> Written 147 rows to pbt_storage_sload_k1.csv

--- storage_sload_k10 ---
  run 10: 8 total blocks, 1 benchmark blocks
  run 11: 7 total blocks, 1 benchmark blocks
  run 12: 8 total blocks, 1 benchmark blocks
  run 13: 7 total blocks, 1 benchmark blocks
  run 14: 8 total blocks, 1 benchmark blocks
  run 15: 7 total blocks, 1 benchmark blocks
  run 16: 7 total blocks, 1 benchmark blocks
  run 17: 7 total blocks, 1 benchmark blocks
  run 18: 8 total blocks, 1 benchmark blocks
  run 19: 8 total blocks, 1 benchmark blocks
  run 1: 7 total blocks, 1 benchmark blocks
  run 20: 7 total blocks, 1 benchmark blocks
  run 2: 8 total blocks, 1 benchmark blocks
  run 3: 8 total blocks, 1 benchmark blocks
  run 4: 7 total blocks, 1 benchmark blocks
  run 5: 8 total blocks, 1 benchmark blocks
  run 6: 7 total blocks, 1 benchmark blocks
  run 7: 8 total blocks, 1 benchmark blocks
  run 8: 8 total blocks, 1 benchmark blocks
  run 9: 7 total blocks, 1 benchmark blocks
  -> Written 150 rows to pbt_storage_sload_k10.csv

--- storage_sload_k100 ---
  run 10: 7 total blocks, 1 benchmark blocks
  run 11: 7 total blocks, 1 benchmark blocks
  run 12: 7 total blocks, 1 benchmark blocks
  run 13: 8 total blocks, 1 benchmark blocks
  run 14: 7 total blocks, 1 benchmark blocks
  run 15: 7 total blocks, 1 benchmark blocks
  run 16: 7 total blocks, 1 benchmark blocks
  run 17: 8 total blocks, 1 benchmark blocks
  run 18: 7 total blocks, 1 benchmark blocks
  run 19: 7 total blocks, 1 benchmark blocks
  run 1: 8 total blocks, 1 benchmark blocks
  run 20: 8 total blocks, 1 benchmark blocks
  run 2: 8 total blocks, 1 benchmark blocks
  run 3: 7 total blocks, 1 benchmark blocks
  run 4: 7 total blocks, 1 benchmark blocks
  run 5: 8 total blocks, 1 benchmark blocks
  run 6: 7 total blocks, 1 benchmark blocks
  run 7: 8 total blocks, 1 benchmark blocks
  run 8: 7 total blocks, 1 benchmark blocks
  run 9: 7 total blocks, 1 benchmark blocks
  -> Written 147 rows to pbt_storage_sload_k100.csv

--- storage_sload_k400 ---
  run 10: 8 total blocks, 1 benchmark blocks
  run 11: 7 total blocks, 1 benchmark blocks
  run 12: 7 total blocks, 1 benchmark blocks
  run 13: 7 total blocks, 1 benchmark blocks
  run 14: 7 total blocks, 1 benchmark blocks
  run 15: 7 total blocks, 1 benchmark blocks
  run 16: 8 total blocks, 1 benchmark blocks
  run 17: 7 total blocks, 1 benchmark blocks
  run 18: 7 total blocks, 1 benchmark blocks
  run 19: 7 total blocks, 1 benchmark blocks
  run 1: 7 total blocks, 1 benchmark blocks
  run 20: 7 total blocks, 1 benchmark blocks
  run 2: 7 total blocks, 1 benchmark blocks
  run 3: 7 total blocks, 1 benchmark blocks
  run 4: 7 total blocks, 1 benchmark blocks
  run 5: 7 total blocks, 1 benchmark blocks
  run 6: 8 total blocks, 1 benchmark blocks
  run 7: 7 total blocks, 1 benchmark blocks
  run 8: 7 total blocks, 1 benchmark blocks
  run 9: 7 total blocks, 1 benchmark blocks
  -> Written 143 rows to pbt_storage_sload_k400.csv

--- storage_sload_k700 ---
  run 10: 7 total blocks, 1 benchmark blocks
  run 11: 7 total blocks, 1 benchmark blocks
  run 12: 7 total blocks, 1 benchmark blocks
  run 13: 7 total blocks, 1 benchmark blocks
  run 14: 7 total blocks, 1 benchmark blocks
  run 15: 7 total blocks, 1 benchmark blocks
  run 16: 7 total blocks, 1 benchmark blocks
  run 17: 7 total blocks, 1 benchmark blocks
  run 18: 7 total blocks, 1 benchmark blocks
  run 19: 7 total blocks, 1 benchmark blocks
  run 1: 7 total blocks, 1 benchmark blocks
  run 20: 7 total blocks, 1 benchmark blocks
  run 2: 7 total blocks, 1 benchmark blocks
  run 3: 7 total blocks, 1 benchmark blocks
  run 4: 7 total blocks, 1 benchmark blocks
  run 5: 7 total blocks, 1 benchmark blocks
  run 6: 7 total blocks, 1 benchmark blocks
  run 7: 7 total blocks, 1 benchmark blocks
  run 8: 8 total blocks, 1 benchmark blocks
  run 9: 7 total blocks, 1 benchmark blocks
  -> Written 141 rows to pbt_storage_sload_k700.csv

--- storage_sstore_k1 ---
  run 10: 7 total blocks, 1 benchmark blocks
  run 11: 7 total blocks, 1 benchmark blocks
  run 12: 7 total blocks, 1 benchmark blocks
  run 13: 8 total blocks, 1 benchmark blocks
  run 14: 7 total blocks, 1 benchmark blocks
  run 15: 7 total blocks, 1 benchmark blocks
  run 16: 7 total blocks, 1 benchmark blocks
  run 17: 7 total blocks, 1 benchmark blocks
  run 18: 7 total blocks, 1 benchmark blocks
  run 19: 7 total blocks, 1 benchmark blocks
  run 1: 7 total blocks, 1 benchmark blocks
  run 20: 7 total blocks, 1 benchmark blocks
  run 2: 7 total blocks, 1 benchmark blocks
  run 3: 7 total blocks, 1 benchmark blocks
  run 4: 7 total blocks, 1 benchmark blocks
  run 5: 7 total blocks, 1 benchmark blocks
  run 6: 7 total blocks, 1 benchmark blocks
  run 7: 8 total blocks, 1 benchmark blocks
  run 8: 7 total blocks, 1 benchmark blocks
  run 9: 7 total blocks, 1 benchmark blocks
  -> Written 142 rows to pbt_storage_sstore_k1.csv

--- storage_sstore_k10 ---
  run 10: 7 total blocks, 1 benchmark blocks
  run 11: 7 total blocks, 1 benchmark blocks
  run 12: 7 total blocks, 1 benchmark blocks
  run 13: 7 total blocks, 1 benchmark blocks
  run 14: 7 total blocks, 1 benchmark blocks
  run 15: 7 total blocks, 1 benchmark blocks
  run 16: 7 total blocks, 1 benchmark blocks
  run 17: 7 total blocks, 1 benchmark blocks
  run 18: 7 total blocks, 1 benchmark blocks
  run 19: 7 total blocks, 1 benchmark blocks
  run 1: 7 total blocks, 1 benchmark blocks
  run 20: 7 total blocks, 1 benchmark blocks
  run 2: 7 total blocks, 1 benchmark blocks
  run 3: 7 total blocks, 1 benchmark blocks
  run 4: 7 total blocks, 1 benchmark blocks
  run 5: 7 total blocks, 1 benchmark blocks
  run 6: 7 total blocks, 1 benchmark blocks
  run 7: 7 total blocks, 1 benchmark blocks
  run 8: 8 total blocks, 1 benchmark blocks
  run 9: 7 total blocks, 1 benchmark blocks
  -> Written 141 rows to pbt_storage_sstore_k10.csv

--- storage_sstore_k100 ---
  run 10: 7 total blocks, 1 benchmark blocks
  run 11: 7 total blocks, 1 benchmark blocks
  run 12: 7 total blocks, 1 benchmark blocks
  run 13: 7 total blocks, 1 benchmark blocks
  run 14: 7 total blocks, 1 benchmark blocks
  run 15: 7 total blocks, 1 benchmark blocks
  run 16: 7 total blocks, 1 benchmark blocks
  run 17: 7 total blocks, 1 benchmark blocks
  run 18: 7 total blocks, 1 benchmark blocks
  run 19: 7 total blocks, 1 benchmark blocks
  run 1: 7 total blocks, 1 benchmark blocks
  run 20: 7 total blocks, 1 benchmark blocks
  run 2: 7 total blocks, 1 benchmark blocks
  run 3: 7 total blocks, 1 benchmark blocks
  run 4: 7 total blocks, 1 benchmark blocks
  run 5: 7 total blocks, 1 benchmark blocks
  run 6: 7 total blocks, 1 benchmark blocks
  run 7: 7 total blocks, 1 benchmark blocks
  run 8: 7 total blocks, 1 benchmark blocks
  run 9: 7 total blocks, 1 benchmark blocks
  -> Written 140 rows to pbt_storage_sstore_k100.csv

--- storage_sstore_k400 ---
  run 10: 7 total blocks, 1 benchmark blocks
  run 11: 7 total blocks, 1 benchmark blocks
  run 12: 7 total blocks, 1 benchmark blocks
  run 13: 7 total blocks, 1 benchmark blocks
  run 14: 7 total blocks, 1 benchmark blocks
  run 15: 8 total blocks, 1 benchmark blocks
  run 16: 7 total blocks, 1 benchmark blocks
  run 17: 7 total blocks, 1 benchmark blocks
  run 18: 8 total blocks, 1 benchmark blocks
  run 19: 7 total blocks, 1 benchmark blocks
  run 1: 8 total blocks, 1 benchmark blocks
  run 20: 7 total blocks, 1 benchmark blocks
  run 2: 8 total blocks, 1 benchmark blocks
  run 3: 8 total blocks, 1 benchmark blocks
  run 4: 7 total blocks, 1 benchmark blocks
  run 5: 8 total blocks, 1 benchmark blocks
  run 6: 8 total blocks, 1 benchmark blocks
  run 7: 8 total blocks, 1 benchmark blocks
  run 8: 8 total blocks, 1 benchmark blocks
  run 9: 7 total blocks, 1 benchmark blocks
  -> Written 149 rows to pbt_storage_sstore_k400.csv

--- storage_sstore_k700 ---
  run 10: 7 total blocks, 1 benchmark blocks
  run 11: 7 total blocks, 1 benchmark blocks
  run 12: 7 total blocks, 1 benchmark blocks
  run 13: 7 total blocks, 1 benchmark blocks
  run 14: 7 total blocks, 1 benchmark blocks
  run 15: 7 total blocks, 1 benchmark blocks
  run 16: 7 total blocks, 1 benchmark blocks
  run 17: 7 total blocks, 1 benchmark blocks
  run 18: 7 total blocks, 1 benchmark blocks
  run 19: 7 total blocks, 1 benchmark blocks
  run 1: 7 total blocks, 1 benchmark blocks
  run 20: 7 total blocks, 1 benchmark blocks
  run 2: 8 total blocks, 1 benchmark blocks
  run 3: 8 total blocks, 1 benchmark blocks
  run 4: 8 total blocks, 1 benchmark blocks
  run 5: 8 total blocks, 1 benchmark blocks
  run 6: 8 total blocks, 1 benchmark blocks
  run 7: 8 total blocks, 1 benchmark blocks
  run 8: 7 total blocks, 1 benchmark blocks
  run 9: 8 total blocks, 1 benchmark blocks
  -> Written 147 rows to pbt_storage_sstore_k700.csv

-> Cache validation: 300 rows to pbt_cache_validation.csv
-> All benchmarks: 2201 rows to pbt_all_benchmarks.csv

================================================================================
  CACHE VALIDATION SUMMARY
================================================================================

  storage_mixed_k1:
    Runs: 20
    Account cache: avg=19.4%
    Storage cache: avg=41.3%, min=4.6%, max=87.9%
    OK: Storage cache rates look reasonable for cold-start benchmarks

  storage_mixed_k10:
    Runs: 20
    Account cache: avg=20.0%
    Storage cache: avg=34.7%, min=8.6%, max=99.8%
    OK: Storage cache rates look reasonable for cold-start benchmarks

  storage_mixed_k100:
    Runs: 20
    Account cache: avg=18.5%
    Storage cache: avg=37.4%, min=14.9%, max=69.5%
    OK: Storage cache rates look reasonable for cold-start benchmarks

  storage_mixed_k400:
    Runs: 20
    Account cache: avg=24.1%
    Storage cache: avg=31.5%, min=8.8%, max=81.7%
    OK: Storage cache rates look reasonable for cold-start benchmarks

  storage_mixed_k700:
    Runs: 20
    Account cache: avg=28.1%
    Storage cache: avg=32.8%, min=8.0%, max=69.8%
    OK: Storage cache rates look reasonable for cold-start benchmarks

  storage_sload_k1:
    Runs: 20
    Account cache: avg=35.0%
    Storage cache: avg=30.9%, min=0.0%, max=90.5%
    OK: Storage cache rates look reasonable for cold-start benchmarks

  storage_sload_k10:
    Runs: 20
    Account cache: avg=25.0%
    Storage cache: avg=26.2%, min=0.0%, max=95.3%
    OK: Storage cache rates look reasonable for cold-start benchmarks

  storage_sload_k100:
    Runs: 20
    Account cache: avg=22.0%
    Storage cache: avg=22.2%, min=2.3%, max=74.5%
    OK: Storage cache rates look reasonable for cold-start benchmarks

  storage_sload_k400:
    Runs: 20
    Account cache: avg=30.3%
    Storage cache: avg=30.1%, min=0.7%, max=99.7%
    OK: Storage cache rates look reasonable for cold-start benchmarks

  storage_sload_k700:
    Runs: 20
    Account cache: avg=30.5%
    Storage cache: avg=31.9%, min=0.1%, max=74.8%
    OK: Storage cache rates look reasonable for cold-start benchmarks

  storage_sstore_k1:
    Runs: 20
    Account cache: avg=33.8%
    Storage cache: avg=16.3%, min=3.6%, max=41.2%
    OK: Storage cache rates look reasonable for cold-start benchmarks

  storage_sstore_k10:
    Runs: 20
    Account cache: avg=30.0%
    Storage cache: avg=27.5%, min=8.8%, max=93.5%
    OK: Storage cache rates look reasonable for cold-start benchmarks

  storage_sstore_k100:
    Runs: 20
    Account cache: avg=39.1%
    Storage cache: avg=37.2%, min=2.0%, max=98.2%
    OK: Storage cache rates look reasonable for cold-start benchmarks

  storage_sstore_k400:
    Runs: 20
    Account cache: avg=48.2%
    Storage cache: avg=41.5%, min=23.8%, max=72.7%
    OK: Storage cache rates look reasonable for cold-start benchmarks

  storage_sstore_k700:
    Runs: 20
    Account cache: avg=39.4%
    Storage cache: avg=29.3%, min=4.9%, max=52.4%
    OK: Storage cache rates look reasonable for cold-start benchmarks
[2026-06-02 06:09:09] 
[2026-06-02 06:09:09] ── Stage 4: consolidate + analyze ──
[2026-06-02 06:09:09]   consolidated: /mnt/state_expiry_vol_data/bintrie-benchmarks/ubt-vs-pbt/data/ubt_vs_pbt_consolidated.csv (4406 lines)
[2026-06-02 06:09:09]   analyzing...
====================================================================================================
  PER-BENCHMARK SUMMARY (blocks with gas > 500K, excluding run 1)
====================================================================================================

--- scattered_sload ---
    Config  Blocks             total_ms         mgas_per_sec        state_read_ms        state_hash_ms            commit_ms storage_cache_hit_rate
--------------------------------------------------------------------------------------------------------------------------------------------------
       ubt      --                   --                   --                   --                   --                   --                   --
       pbt      --                   --                   --                   --                   --                   --                   --

--- scattered_sstore ---
    Config  Blocks             total_ms         mgas_per_sec        state_read_ms        state_hash_ms            commit_ms storage_cache_hit_rate
--------------------------------------------------------------------------------------------------------------------------------------------------
       ubt      --                   --                   --                   --                   --                   --                   --
       pbt      --                   --                   --                   --                   --                   --                   --

--- scattered_mixed ---
    Config  Blocks             total_ms         mgas_per_sec        state_read_ms        state_hash_ms            commit_ms storage_cache_hit_rate
--------------------------------------------------------------------------------------------------------------------------------------------------
       ubt      --                   --                   --                   --                   --                   --                   --
       pbt      --                   --                   --                   --                   --                   --                   --

====================================================================================================
  MANN-WHITNEY U: UBT vs PBT
====================================================================================================

  scipy not available -- skipping Mann-Whitney U tests
  Install with: pip install scipy

====================================================================================================
  BOOTSTRAP RATIO CIs: median(PBT) / median(UBT), 95% CI
====================================================================================================

--- scattered_sload ---
  Insufficient data

--- scattered_sstore ---
  Insufficient data

--- scattered_mixed ---
  Insufficient data

====================================================================================================
  WELCH'S t-TEST ON PER-RUN MEDIANS
====================================================================================================

  scipy not available -- skipping Welch's t-test

====================================================================================================
  SINGLE-TX-BLOCK ANALYSIS (tx_count == 1)
====================================================================================================

--- scattered_sload ---
    Config  Blocks             total_ms         mgas_per_sec        state_read_ms        state_hash_ms            commit_ms storage_cache_hit_rate
--------------------------------------------------------------------------------------------------------------------------------------------------
       ubt      --                   --                   --                   --                   --                   --                   --
       pbt      --                   --                   --                   --                   --                   --                   --

--- scattered_sstore ---
    Config  Blocks             total_ms         mgas_per_sec        state_read_ms        state_hash_ms            commit_ms storage_cache_hit_rate
--------------------------------------------------------------------------------------------------------------------------------------------------
       ubt      --                   --                   --                   --                   --                   --                   --
       pbt      --                   --                   --                   --                   --                   --                   --

--- scattered_mixed ---
    Config  Blocks             total_ms         mgas_per_sec        state_read_ms        state_hash_ms            commit_ms storage_cache_hit_rate
--------------------------------------------------------------------------------------------------------------------------------------------------
       ubt      --                   --                   --                   --                   --                   --                   --
       pbt      --                   --                   --                   --                   --                   --                   --

====================================================================================================
  COLD TAIL ANALYSIS: PBT scattered_sstore -- ms_per_cache_miss by tx_count
====================================================================================================
  No PBT approve data

====================================================================================================
  EVM TAX CORRELATION: Pearson r (execution_ms vs state_read_ms)
====================================================================================================

  scipy not available -- skipping Pearson correlation

====================================================================================================
  COEFFICIENT OF VARIATION (CV%) -- total_ms (per-run medians)
====================================================================================================

--- scattered_sload ---

--- scattered_sstore ---

--- scattered_mixed ---


JSON summary written to /mnt/state_expiry_vol_data/bintrie-benchmarks/ubt-vs-pbt/data/analysis_results.json
[2026-06-02 06:09:09] 
[2026-06-02 06:09:09] ╔══════════════════════════════════════════════════════════════════╗
[2026-06-02 06:09:09] ║  Campaign complete
[2026-06-02 06:09:09] ╠══════════════════════════════════════════════════════════════════╣
[2026-06-02 06:09:09] ║  Consolidated CSV : /mnt/state_expiry_vol_data/bintrie-benchmarks/ubt-vs-pbt/data/ubt_vs_pbt_consolidated.csv
[2026-06-02 06:09:09] ║  Analysis JSON    : /mnt/state_expiry_vol_data/bintrie-benchmarks/ubt-vs-pbt/data/analysis_results.json
[2026-06-02 06:09:09] ║  Per-config dirs  : /mnt/state_expiry_vol_data/bintrie-benchmarks/ubt-vs-pbt/data/{ubt,pbt}/
[2026-06-02 06:09:09] ╚══════════════════════════════════════════════════════════════════╝
