[2026-06-01 08:44:48] ╔══════════════════════════════════════════════════════════════════╗
[2026-06-01 08:44:48] ║  UBT vs PBT campaign
[2026-06-01 08:44:48] ║  NUM_RUNS=20  TARGET_SIZE=500GB  GD=5  COLD_CACHE=1
[2026-06-01 08:44:48] ╚══════════════════════════════════════════════════════════════════╝
[2026-06-01 08:44:48] 
[2026-06-01 08:44:48] ── Stage 1: generate_dbs.sh ──
[2026-06-01 08:44:48] ╔══════════════════════════════════════════════════════════════╗
[2026-06-01 08:44:48] ║  generate_dbs.sh — preflight
[2026-06-01 08:44:48] ╚══════════════════════════════════════════════════════════════╝
[2026-06-01 08:44:48]   ubt: geth=/tmp/bench-bins/geth-flat-state state-actor=/tmp/bench-bins/state-actor-flat-state
[2026-06-01 08:44:48]   pbt: geth=/tmp/bench-bins/geth-pbt-noparallel state-actor=/tmp/bench-bins/state-actor-pbt-flat-state
[2026-06-01 08:44:48]   spamoor: /tmp/bench-bins/spamoor
[2026-06-01 08:44:48] 
[2026-06-01 08:44:48] ╔══════════════════════════════════════════════════════════════╗
[2026-06-01 08:44:48] ║  Config ubt — DB generation + ERC20 deployment
[2026-06-01 08:44:48] ╚══════════════════════════════════════════════════════════════╝
[2026-06-01 08:44:48]   /mnt/state_expiry_vol_data/bintrie-benchmarks/ubt-vs-pbt/data/ubt/contracts.json already exists — skipping (delete to re-run)
[2026-06-01 08:44:48] 
[2026-06-01 08:44:48] ╔══════════════════════════════════════════════════════════════╗
[2026-06-01 08:44:48] ║  Config pbt — DB generation + ERC20 deployment
[2026-06-01 08:44:48] ╚══════════════════════════════════════════════════════════════╝
[2026-06-01 08:44:48]   /mnt/state_expiry_vol_data/bintrie-benchmarks/ubt-vs-pbt/data/pbt/contracts.json already exists — skipping (delete to re-run)
[2026-06-01 08:44:48] 
[2026-06-01 08:44:48] ╔══════════════════════════════════════════════════════════════╗
[2026-06-01 08:44:48] ║  generate_dbs.sh — complete
[2026-06-01 08:44:48] ╚══════════════════════════════════════════════════════════════╝
[2026-06-01 08:44:48]   ubt: db=72G contracts=256
[2026-06-01 08:44:48]   pbt: db=70G contracts=256
[2026-06-01 08:44:48]   OK: ubt and pbt contracts.json are identical
[2026-06-01 08:44:48]   OK: ubt and pbt accounts.json are identical
[2026-06-01 08:44:48] 
[2026-06-01 08:44:48] ── Stage 2: run_benchmarks.sh ──
[2026-06-01 08:44:48] ╔══════════════════════════════════════════════════════════════════╗
[2026-06-01 08:44:48] ║  run_benchmarks.sh
[2026-06-01 08:44:48] ║  3 benchmarks × variable K-list × 20 runs × 2 configs
[2026-06-01 08:44:48] ║  COLD_CACHE=1  GROUP_DEPTH=5
[2026-06-01 08:44:48] ╚══════════════════════════════════════════════════════════════════╝
[2026-06-01 08:44:48]   ubt: ok
[2026-06-01 08:44:48]   pbt: ok
[2026-06-01 08:44:48] 
[2026-06-01 08:44:48] ╔══════════════════════════════════════════════════════════════════╗
[2026-06-01 08:44:48] ║  CONFIG: ubt
[2026-06-01 08:44:48] ╚══════════════════════════════════════════════════════════════════╝
[2026-06-01 08:44:49] 
[2026-06-01 08:44:49]   ── BENCHMARK: storage_sload_k1 (pool=256 contracts; effective K=1)
[2026-06-01 08:44:49] 
[2026-06-01 08:44:49]   --- storage_sload_k1_run1 (ubt) write-offset=100000000 K=1 ---
[2026-06-01 08:44:49]   [cache] OS page cache dropped
Fatal: Could not create the account: account already exists
[2026-06-01 08:44:49]   [geth] Starting (ubt, gd=5, cold=1, dev.period=1, 1tx/block)
[2026-06-01 08:44:49]   [geth] Waiting for RPC...
[2026-06-01 08:44:51]   [geth] RPC ready after 3s
[2026-06-01 08:44:51]   [bench] Running execute remote...
[2026-06-01 08:44:57]   [bench] exit=0 passed=1 failed=0
0 missing_trie_node=0
0
[2026-06-01 08:44:57] 
[2026-06-01 08:44:57]   --- storage_sload_k1_run2 (ubt) write-offset=200000000 K=1 ---
[2026-06-01 08:44:57]   [geth] Stopping (SIGTERM, waiting up to 120s for clean exit): 1043076
[2026-06-01 08:45:00]   [geth] exited cleanly after 3s
[2026-06-01 08:45:00]   [cache] OS page cache dropped
Fatal: Could not create the account: account already exists
[2026-06-01 08:45:00]   [geth] Starting (ubt, gd=5, cold=1, dev.period=1, 1tx/block)
[2026-06-01 08:45:00]   [geth] Waiting for RPC...
[2026-06-01 08:45:02]   [geth] RPC ready after 3s
[2026-06-01 08:45:02]   [bench] Running execute remote...
[2026-06-01 08:45:10]   [bench] exit=0 passed=1 failed=0
0 missing_trie_node=0
0
[2026-06-01 08:45:10] 
[2026-06-01 08:45:10]   --- storage_sload_k1_run3 (ubt) write-offset=300000000 K=1 ---
[2026-06-01 08:45:10]   [geth] Stopping (SIGTERM, waiting up to 120s for clean exit): 1043183
[2026-06-01 08:45:11]   [geth] exited cleanly after 1s
[2026-06-01 08:45:11]   [cache] OS page cache dropped
Fatal: Could not create the account: account already exists
[2026-06-01 08:45:11]   [geth] Starting (ubt, gd=5, cold=1, dev.period=1, 1tx/block)
[2026-06-01 08:45:11]   [geth] Waiting for RPC...
[2026-06-01 08:45:13]   [geth] RPC ready after 3s
[2026-06-01 08:45:13]   [bench] Running execute remote...
[2026-06-01 08:45:20]   [bench] exit=0 passed=1 failed=0
0 missing_trie_node=0
0
[2026-06-01 08:45:20] 
[2026-06-01 08:45:20]   --- storage_sload_k1_run4 (ubt) write-offset=400000000 K=1 ---
[2026-06-01 08:45:20]   [geth] Stopping (SIGTERM, waiting up to 120s for clean exit): 1043318
[2026-06-01 08:45:21]   [geth] exited cleanly after 1s
[2026-06-01 08:45:22]   [cache] OS page cache dropped
Fatal: Could not create the account: account already exists
[2026-06-01 08:45:22]   [geth] Starting (ubt, gd=5, cold=1, dev.period=1, 1tx/block)
[2026-06-01 08:45:22]   [geth] Waiting for RPC...
[2026-06-01 08:45:24]   [geth] RPC ready after 3s
[2026-06-01 08:45:24]   [bench] Running execute remote...
[2026-06-01 08:45:31]   [bench] exit=0 passed=1 failed=0
0 missing_trie_node=0
0
[2026-06-01 08:45:31] 
[2026-06-01 08:45:31]   --- storage_sload_k1_run5 (ubt) write-offset=500000000 K=1 ---
[2026-06-01 08:45:31]   [geth] Stopping (SIGTERM, waiting up to 120s for clean exit): 1043392
[2026-06-01 08:45:32]   [geth] exited cleanly after 1s
[2026-06-01 08:45:32]   [cache] OS page cache dropped
Fatal: Could not create the account: account already exists
[2026-06-01 08:45:32]   [geth] Starting (ubt, gd=5, cold=1, dev.period=1, 1tx/block)
[2026-06-01 08:45:32]   [geth] Waiting for RPC...
[2026-06-01 08:45:34]   [geth] RPC ready after 3s
[2026-06-01 08:45:34]   [bench] Running execute remote...
[2026-06-01 08:45:42]   [bench] exit=0 passed=1 failed=0
0 missing_trie_node=0
0
[2026-06-01 08:45:42] 
[2026-06-01 08:45:42]   --- storage_sload_k1_run6 (ubt) write-offset=600000000 K=1 ---
[2026-06-01 08:45:42]   [geth] Stopping (SIGTERM, waiting up to 120s for clean exit): 1043469
[2026-06-01 08:45:43]   [geth] exited cleanly after 1s
[2026-06-01 08:45:43]   [cache] OS page cache dropped
Fatal: Could not create the account: account already exists
[2026-06-01 08:45:43]   [geth] Starting (ubt, gd=5, cold=1, dev.period=1, 1tx/block)
[2026-06-01 08:45:43]   [geth] Waiting for RPC...
[2026-06-01 08:45:45]   [geth] RPC ready after 3s
[2026-06-01 08:45:45]   [bench] Running execute remote...
[2026-06-01 08:45:52]   [bench] exit=0 passed=1 failed=0
0 missing_trie_node=0
0
[2026-06-01 08:45:52] 
[2026-06-01 08:45:52]   --- storage_sload_k1_run7 (ubt) write-offset=700000000 K=1 ---
[2026-06-01 08:45:52]   [geth] Stopping (SIGTERM, waiting up to 120s for clean exit): 1043545
[2026-06-01 08:45:53]   [geth] exited cleanly after 1s
[2026-06-01 08:45:54]   [cache] OS page cache dropped
Fatal: Could not create the account: account already exists
[2026-06-01 08:45:54]   [geth] Starting (ubt, gd=5, cold=1, dev.period=1, 1tx/block)
[2026-06-01 08:45:54]   [geth] Waiting for RPC...
[2026-06-01 08:45:56]   [geth] RPC ready after 3s
[2026-06-01 08:45:56]   [bench] Running execute remote...
[2026-06-01 08:46:03]   [bench] exit=0 passed=1 failed=0
0 missing_trie_node=0
0
[2026-06-01 08:46:03] 
[2026-06-01 08:46:03]   --- storage_sload_k1_run8 (ubt) write-offset=800000000 K=1 ---
[2026-06-01 08:46:03]   [geth] Stopping (SIGTERM, waiting up to 120s for clean exit): 1043622
[2026-06-01 08:46:04]   [geth] exited cleanly after 1s
[2026-06-01 08:46:04]   [cache] OS page cache dropped
Fatal: Could not create the account: account already exists
[2026-06-01 08:46:04]   [geth] Starting (ubt, gd=5, cold=1, dev.period=1, 1tx/block)
[2026-06-01 08:46:04]   [geth] Waiting for RPC...
[2026-06-01 08:46:06]   [geth] RPC ready after 3s
[2026-06-01 08:46:06]   [bench] Running execute remote...
[2026-06-01 08:46:14]   [bench] exit=0 passed=1 failed=0
0 missing_trie_node=0
0
[2026-06-01 08:46:14] 
[2026-06-01 08:46:14]   --- storage_sload_k1_run9 (ubt) write-offset=900000000 K=1 ---
[2026-06-01 08:46:14]   [geth] Stopping (SIGTERM, waiting up to 120s for clean exit): 1043705
[2026-06-01 08:46:15]   [geth] exited cleanly after 1s
[2026-06-01 08:46:15]   [cache] OS page cache dropped
Fatal: Could not create the account: account already exists
[2026-06-01 08:46:15]   [geth] Starting (ubt, gd=5, cold=1, dev.period=1, 1tx/block)
[2026-06-01 08:46:15]   [geth] Waiting for RPC...
[2026-06-01 08:46:17]   [geth] RPC ready after 3s
[2026-06-01 08:46:17]   [bench] Running execute remote...
[2026-06-01 08:46:25]   [bench] exit=0 passed=1 failed=0
0 missing_trie_node=0
0
[2026-06-01 08:46:25] 
[2026-06-01 08:46:25]   --- storage_sload_k1_run10 (ubt) write-offset=1000000000 K=1 ---
[2026-06-01 08:46:25]   [geth] Stopping (SIGTERM, waiting up to 120s for clean exit): 1043864
[2026-06-01 08:46:26]   [geth] exited cleanly after 1s
[2026-06-01 08:46:26]   [cache] OS page cache dropped
Fatal: Could not create the account: account already exists
[2026-06-01 08:46:26]   [geth] Starting (ubt, gd=5, cold=1, dev.period=1, 1tx/block)
[2026-06-01 08:46:26]   [geth] Waiting for RPC...
[2026-06-01 08:46:28]   [geth] RPC ready after 3s
[2026-06-01 08:46:28]   [bench] Running execute remote...
[2026-06-01 08:46:35]   [bench] exit=0 passed=1 failed=0
0 missing_trie_node=0
0
[2026-06-01 08:46:35] 
[2026-06-01 08:46:35]   --- storage_sload_k1_run11 (ubt) write-offset=1100000000 K=1 ---
[2026-06-01 08:46:35]   [geth] Stopping (SIGTERM, waiting up to 120s for clean exit): 1043938
[2026-06-01 08:46:36]   [geth] exited cleanly after 1s
[2026-06-01 08:46:36]   [cache] OS page cache dropped
Fatal: Could not create the account: account already exists
[2026-06-01 08:46:36]   [geth] Starting (ubt, gd=5, cold=1, dev.period=1, 1tx/block)
[2026-06-01 08:46:36]   [geth] Waiting for RPC...
[2026-06-01 08:46:38]   [geth] RPC ready after 3s
[2026-06-01 08:46:39]   [bench] Running execute remote...
[2026-06-01 08:46:46]   [bench] exit=0 passed=1 failed=0
0 missing_trie_node=0
0
[2026-06-01 08:46:46] 
[2026-06-01 08:46:46]   --- storage_sload_k1_run12 (ubt) write-offset=1200000000 K=1 ---
[2026-06-01 08:46:46]   [geth] Stopping (SIGTERM, waiting up to 120s for clean exit): 1044012
[2026-06-01 08:46:47]   [geth] exited cleanly after 1s
[2026-06-01 08:46:47]   [cache] OS page cache dropped
Fatal: Could not create the account: account already exists
[2026-06-01 08:46:47]   [geth] Starting (ubt, gd=5, cold=1, dev.period=1, 1tx/block)
[2026-06-01 08:46:47]   [geth] Waiting for RPC...
[2026-06-01 08:46:49]   [geth] RPC ready after 3s
[2026-06-01 08:46:49]   [bench] Running execute remote...
[2026-06-01 08:46:57]   [bench] exit=0 passed=1 failed=0
0 missing_trie_node=0
0
[2026-06-01 08:46:57] 
[2026-06-01 08:46:57]   --- storage_sload_k1_run13 (ubt) write-offset=1300000000 K=1 ---
[2026-06-01 08:46:57]   [geth] Stopping (SIGTERM, waiting up to 120s for clean exit): 1044087
[2026-06-01 08:46:58]   [geth] exited cleanly after 1s
[2026-06-01 08:46:58]   [cache] OS page cache dropped
Fatal: Could not create the account: account already exists
[2026-06-01 08:46:58]   [geth] Starting (ubt, gd=5, cold=1, dev.period=1, 1tx/block)
[2026-06-01 08:46:58]   [geth] Waiting for RPC...
[2026-06-01 08:47:00]   [geth] RPC ready after 3s
[2026-06-01 08:47:00]   [bench] Running execute remote...
[2026-06-01 08:47:07]   [bench] exit=0 passed=1 failed=0
0 missing_trie_node=0
0
[2026-06-01 08:47:07] 
[2026-06-01 08:47:07]   --- storage_sload_k1_run14 (ubt) write-offset=1400000000 K=1 ---
[2026-06-01 08:47:07]   [geth] Stopping (SIGTERM, waiting up to 120s for clean exit): 1044161
[2026-06-01 08:47:08]   [geth] exited cleanly after 1s
[2026-06-01 08:47:08]   [cache] OS page cache dropped
Fatal: Could not create the account: account already exists
[2026-06-01 08:47:09]   [geth] Starting (ubt, gd=5, cold=1, dev.period=1, 1tx/block)
[2026-06-01 08:47:09]   [geth] Waiting for RPC...
[2026-06-01 08:47:11]   [geth] RPC ready after 3s
[2026-06-01 08:47:11]   [bench] Running execute remote...
[2026-06-01 08:47:18]   [bench] exit=0 passed=1 failed=0
0 missing_trie_node=0
0
[2026-06-01 08:47:18] 
[2026-06-01 08:47:18]   --- storage_sload_k1_run15 (ubt) write-offset=1500000000 K=1 ---
[2026-06-01 08:47:18]   [geth] Stopping (SIGTERM, waiting up to 120s for clean exit): 1044239
[2026-06-01 08:47:19]   [geth] exited cleanly after 1s
[2026-06-01 08:47:19]   [cache] OS page cache dropped
Fatal: Could not create the account: account already exists
[2026-06-01 08:47:19]   [geth] Starting (ubt, gd=5, cold=1, dev.period=1, 1tx/block)
[2026-06-01 08:47:19]   [geth] Waiting for RPC...
[2026-06-01 08:47:21]   [geth] RPC ready after 3s
[2026-06-01 08:47:21]   [bench] Running execute remote...
[2026-06-01 08:47:29]   [bench] exit=0 passed=1 failed=0
0 missing_trie_node=0
0
[2026-06-01 08:47:29] 
[2026-06-01 08:47:29]   --- storage_sload_k1_run16 (ubt) write-offset=1600000000 K=1 ---
[2026-06-01 08:47:29]   [geth] Stopping (SIGTERM, waiting up to 120s for clean exit): 1044314
[2026-06-01 08:47:30]   [geth] exited cleanly after 1s
[2026-06-01 08:47:30]   [cache] OS page cache dropped
Fatal: Could not create the account: account already exists
[2026-06-01 08:47:30]   [geth] Starting (ubt, gd=5, cold=1, dev.period=1, 1tx/block)
[2026-06-01 08:47:30]   [geth] Waiting for RPC...
[2026-06-01 08:47:32]   [geth] RPC ready after 3s
[2026-06-01 08:47:32]   [bench] Running execute remote...
[2026-06-01 08:47:40]   [bench] exit=0 passed=1 failed=0
0 missing_trie_node=0
0
[2026-06-01 08:47:40] 
[2026-06-01 08:47:40]   --- storage_sload_k1_run17 (ubt) write-offset=1700000000 K=1 ---
[2026-06-01 08:47:40]   [geth] Stopping (SIGTERM, waiting up to 120s for clean exit): 1044389
[2026-06-01 08:47:41]   [geth] exited cleanly after 1s
[2026-06-01 08:47:41]   [cache] OS page cache dropped
Fatal: Could not create the account: account already exists
[2026-06-01 08:47:41]   [geth] Starting (ubt, gd=5, cold=1, dev.period=1, 1tx/block)
[2026-06-01 08:47:41]   [geth] Waiting for RPC...
[2026-06-01 08:47:43]   [geth] RPC ready after 3s
[2026-06-01 08:47:43]   [bench] Running execute remote...
[2026-06-01 08:47:50]   [bench] exit=0 passed=1 failed=0
0 missing_trie_node=0
0
[2026-06-01 08:47:50] 
[2026-06-01 08:47:50]   --- storage_sload_k1_run18 (ubt) write-offset=1800000000 K=1 ---
[2026-06-01 08:47:50]   [geth] Stopping (SIGTERM, waiting up to 120s for clean exit): 1044461
[2026-06-01 08:47:51]   [geth] exited cleanly after 1s
[2026-06-01 08:47:51]   [cache] OS page cache dropped
Fatal: Could not create the account: account already exists
[2026-06-01 08:47:52]   [geth] Starting (ubt, gd=5, cold=1, dev.period=1, 1tx/block)
[2026-06-01 08:47:52]   [geth] Waiting for RPC...
[2026-06-01 08:47:54]   [geth] RPC ready after 3s
[2026-06-01 08:47:54]   [bench] Running execute remote...
[2026-06-01 08:48:01]   [bench] exit=0 passed=1 failed=0
0 missing_trie_node=0
0
[2026-06-01 08:48:01] 
[2026-06-01 08:48:01]   --- storage_sload_k1_run19 (ubt) write-offset=1900000000 K=1 ---
[2026-06-01 08:48:01]   [geth] Stopping (SIGTERM, waiting up to 120s for clean exit): 1044536
[2026-06-01 08:48:02]   [geth] exited cleanly after 1s
[2026-06-01 08:48:02]   [cache] OS page cache dropped
Fatal: Could not create the account: account already exists
[2026-06-01 08:48:02]   [geth] Starting (ubt, gd=5, cold=1, dev.period=1, 1tx/block)
[2026-06-01 08:48:02]   [geth] Waiting for RPC...
[2026-06-01 08:48:04]   [geth] RPC ready after 3s
[2026-06-01 08:48:04]   [bench] Running execute remote...
[2026-06-01 08:48:12]   [bench] exit=0 passed=1 failed=0
0 missing_trie_node=0
0
[2026-06-01 08:48:12] 
[2026-06-01 08:48:12]   --- storage_sload_k1_run20 (ubt) write-offset=2000000000 K=1 ---
[2026-06-01 08:48:12]   [geth] Stopping (SIGTERM, waiting up to 120s for clean exit): 1044610
[2026-06-01 08:48:13]   [geth] exited cleanly after 1s
[2026-06-01 08:48:13]   [cache] OS page cache dropped
Fatal: Could not create the account: account already exists
[2026-06-01 08:48:13]   [geth] Starting (ubt, gd=5, cold=1, dev.period=1, 1tx/block)
[2026-06-01 08:48:13]   [geth] Waiting for RPC...
[2026-06-01 08:48:15]   [geth] RPC ready after 3s
[2026-06-01 08:48:15]   [bench] Running execute remote...
[2026-06-01 08:48:23]   [bench] exit=0 passed=1 failed=0
0 missing_trie_node=0
0
[2026-06-01 08:48:23] 
[2026-06-01 08:48:23]   ── BENCHMARK: storage_sload_k10 (pool=256 contracts; effective K=10)
[2026-06-01 08:48:23] 
[2026-06-01 08:48:23]   --- storage_sload_k10_run1 (ubt) write-offset=100000000 K=10 ---
[2026-06-01 08:48:23]   [geth] Stopping (SIGTERM, waiting up to 120s for clean exit): 1044691
[2026-06-01 08:48:24]   [geth] exited cleanly after 1s
[2026-06-01 08:48:24]   [cache] OS page cache dropped
Fatal: Could not create the account: account already exists
[2026-06-01 08:48:24]   [geth] Starting (ubt, gd=5, cold=1, dev.period=1, 1tx/block)
[2026-06-01 08:48:24]   [geth] Waiting for RPC...
[2026-06-01 08:48:26]   [geth] RPC ready after 3s
[2026-06-01 08:48:26]   [bench] Running execute remote...
[2026-06-01 08:48:33]   [bench] exit=0 passed=1 failed=0
0 missing_trie_node=0
0
[2026-06-01 08:48:33] 
[2026-06-01 08:48:33]   --- storage_sload_k10_run2 (ubt) write-offset=200000000 K=10 ---
[2026-06-01 08:48:33]   [geth] Stopping (SIGTERM, waiting up to 120s for clean exit): 1044855
[2026-06-01 08:48:34]   [geth] exited cleanly after 1s
[2026-06-01 08:48:34]   [cache] OS page cache dropped
Fatal: Could not create the account: account already exists
[2026-06-01 08:48:34]   [geth] Starting (ubt, gd=5, cold=1, dev.period=1, 1tx/block)
[2026-06-01 08:48:34]   [geth] Waiting for RPC...
[2026-06-01 08:48:37]   [geth] RPC ready after 3s
[2026-06-01 08:48:37]   [bench] Running execute remote...
[2026-06-01 08:48:44]   [bench] exit=0 passed=1 failed=0
0 missing_trie_node=0
0
[2026-06-01 08:48:44] 
[2026-06-01 08:48:44]   --- storage_sload_k10_run3 (ubt) write-offset=300000000 K=10 ---
[2026-06-01 08:48:44]   [geth] Stopping (SIGTERM, waiting up to 120s for clean exit): 1044963
[2026-06-01 08:48:45]   [geth] exited cleanly after 1s
[2026-06-01 08:48:45]   [cache] OS page cache dropped
Fatal: Could not create the account: account already exists
[2026-06-01 08:48:45]   [geth] Starting (ubt, gd=5, cold=1, dev.period=1, 1tx/block)
[2026-06-01 08:48:45]   [geth] Waiting for RPC...
[2026-06-01 08:48:47]   [geth] RPC ready after 3s
[2026-06-01 08:48:47]   [bench] Running execute remote...
[2026-06-01 08:48:55]   [bench] exit=0 passed=1 failed=0
0 missing_trie_node=0
0
[2026-06-01 08:48:55] 
[2026-06-01 08:48:55]   --- storage_sload_k10_run4 (ubt) write-offset=400000000 K=10 ---
[2026-06-01 08:48:55]   [geth] Stopping (SIGTERM, waiting up to 120s for clean exit): 1045036
[2026-06-01 08:48:56]   [geth] exited cleanly after 1s
[2026-06-01 08:48:56]   [cache] OS page cache dropped
Fatal: Could not create the account: account already exists
[2026-06-01 08:48:56]   [geth] Starting (ubt, gd=5, cold=1, dev.period=1, 1tx/block)
[2026-06-01 08:48:56]   [geth] Waiting for RPC...
[2026-06-01 08:48:58]   [geth] RPC ready after 3s
[2026-06-01 08:48:58]   [bench] Running execute remote...
[2026-06-01 08:49:05]   [bench] exit=0 passed=1 failed=0
0 missing_trie_node=0
0
[2026-06-01 08:49:05] 
[2026-06-01 08:49:05]   --- storage_sload_k10_run5 (ubt) write-offset=500000000 K=10 ---
[2026-06-01 08:49:05]   [geth] Stopping (SIGTERM, waiting up to 120s for clean exit): 1045113
[2026-06-01 08:49:06]   [geth] exited cleanly after 1s
[2026-06-01 08:49:06]   [cache] OS page cache dropped
Fatal: Could not create the account: account already exists
[2026-06-01 08:49:07]   [geth] Starting (ubt, gd=5, cold=1, dev.period=1, 1tx/block)
[2026-06-01 08:49:07]   [geth] Waiting for RPC...
[2026-06-01 08:49:09]   [geth] RPC ready after 3s
[2026-06-01 08:49:09]   [bench] Running execute remote...
[2026-06-01 08:49:16]   [bench] exit=0 passed=1 failed=0
0 missing_trie_node=0
0
[2026-06-01 08:49:16] 
[2026-06-01 08:49:16]   --- storage_sload_k10_run6 (ubt) write-offset=600000000 K=10 ---
[2026-06-01 08:49:16]   [geth] Stopping (SIGTERM, waiting up to 120s for clean exit): 1045189
[2026-06-01 08:49:17]   [geth] exited cleanly after 1s
[2026-06-01 08:49:17]   [cache] OS page cache dropped
Fatal: Could not create the account: account already exists
[2026-06-01 08:49:17]   [geth] Starting (ubt, gd=5, cold=1, dev.period=1, 1tx/block)
[2026-06-01 08:49:17]   [geth] Waiting for RPC...
[2026-06-01 08:49:19]   [geth] RPC ready after 3s
[2026-06-01 08:49:19]   [bench] Running execute remote...
[2026-06-01 08:49:27]   [bench] exit=0 passed=1 failed=0
0 missing_trie_node=0
0
[2026-06-01 08:49:27] 
[2026-06-01 08:49:27]   --- storage_sload_k10_run7 (ubt) write-offset=700000000 K=10 ---
[2026-06-01 08:49:27]   [geth] Stopping (SIGTERM, waiting up to 120s for clean exit): 1045265
[2026-06-01 08:49:28]   [geth] exited cleanly after 1s
[2026-06-01 08:49:28]   [cache] OS page cache dropped
Fatal: Could not create the account: account already exists
[2026-06-01 08:49:28]   [geth] Starting (ubt, gd=5, cold=1, dev.period=1, 1tx/block)
[2026-06-01 08:49:28]   [geth] Waiting for RPC...
[2026-06-01 08:49:30]   [geth] RPC ready after 3s
[2026-06-01 08:49:30]   [bench] Running execute remote...
[2026-06-01 08:49:36]   [bench] exit=0 passed=1 failed=0
0 missing_trie_node=0
0
[2026-06-01 08:49:36] 
[2026-06-01 08:49:36]   --- storage_sload_k10_run8 (ubt) write-offset=800000000 K=10 ---
[2026-06-01 08:49:36]   [geth] Stopping (SIGTERM, waiting up to 120s for clean exit): 1045340
[2026-06-01 08:49:37]   [geth] exited cleanly after 1s
[2026-06-01 08:49:37]   [cache] OS page cache dropped
Fatal: Could not create the account: account already exists
[2026-06-01 08:49:37]   [geth] Starting (ubt, gd=5, cold=1, dev.period=1, 1tx/block)
[2026-06-01 08:49:37]   [geth] Waiting for RPC...
[2026-06-01 08:49:40]   [geth] RPC ready after 3s
[2026-06-01 08:49:40]   [bench] Running execute remote...
[2026-06-01 08:49:47]   [bench] exit=0 passed=1 failed=0
0 missing_trie_node=0
0
[2026-06-01 08:49:47] 
[2026-06-01 08:49:47]   --- storage_sload_k10_run9 (ubt) write-offset=900000000 K=10 ---
[2026-06-01 08:49:47]   [geth] Stopping (SIGTERM, waiting up to 120s for clean exit): 1045416
[2026-06-01 08:49:48]   [geth] exited cleanly after 1s
[2026-06-01 08:49:48]   [cache] OS page cache dropped
Fatal: Could not create the account: account already exists
[2026-06-01 08:49:48]   [geth] Starting (ubt, gd=5, cold=1, dev.period=1, 1tx/block)
[2026-06-01 08:49:48]   [geth] Waiting for RPC...
[2026-06-01 08:49:50]   [geth] RPC ready after 3s
[2026-06-01 08:49:50]   [bench] Running execute remote...
[2026-06-01 08:49:58]   [bench] exit=0 passed=1 failed=0
0 missing_trie_node=0
0
[2026-06-01 08:49:58] 
[2026-06-01 08:49:58]   --- storage_sload_k10_run10 (ubt) write-offset=1000000000 K=10 ---
[2026-06-01 08:49:58]   [geth] Stopping (SIGTERM, waiting up to 120s for clean exit): 1045493
[2026-06-01 08:49:59]   [geth] exited cleanly after 1s
[2026-06-01 08:49:59]   [cache] OS page cache dropped
Fatal: Could not create the account: account already exists
[2026-06-01 08:49:59]   [geth] Starting (ubt, gd=5, cold=1, dev.period=1, 1tx/block)
[2026-06-01 08:49:59]   [geth] Waiting for RPC...
[2026-06-01 08:50:01]   [geth] RPC ready after 3s
[2026-06-01 08:50:01]   [bench] Running execute remote...
[2026-06-01 08:50:08]   [bench] exit=0 passed=1 failed=0
0 missing_trie_node=0
0
[2026-06-01 08:50:08] 
[2026-06-01 08:50:08]   --- storage_sload_k10_run11 (ubt) write-offset=1100000000 K=10 ---
[2026-06-01 08:50:08]   [geth] Stopping (SIGTERM, waiting up to 120s for clean exit): 1045568
[2026-06-01 08:50:09]   [geth] exited cleanly after 1s
[2026-06-01 08:50:09]   [cache] OS page cache dropped
Fatal: Could not create the account: account already exists
[2026-06-01 08:50:10]   [geth] Starting (ubt, gd=5, cold=1, dev.period=1, 1tx/block)
[2026-06-01 08:50:10]   [geth] Waiting for RPC...
[2026-06-01 08:50:12]   [geth] RPC ready after 3s
[2026-06-01 08:50:12]   [bench] Running execute remote...
[2026-06-01 08:50:19]   [bench] exit=0 passed=1 failed=0
0 missing_trie_node=0
0
[2026-06-01 08:50:19] 
[2026-06-01 08:50:19]   --- storage_sload_k10_run12 (ubt) write-offset=1200000000 K=10 ---
[2026-06-01 08:50:19]   [geth] Stopping (SIGTERM, waiting up to 120s for clean exit): 1045650
[2026-06-01 08:50:20]   [geth] exited cleanly after 1s
[2026-06-01 08:50:20]   [cache] OS page cache dropped
Fatal: Could not create the account: account already exists
[2026-06-01 08:50:20]   [geth] Starting (ubt, gd=5, cold=1, dev.period=1, 1tx/block)
[2026-06-01 08:50:20]   [geth] Waiting for RPC...
[2026-06-01 08:50:22]   [geth] RPC ready after 3s
[2026-06-01 08:50:22]   [bench] Running execute remote...
[2026-06-01 08:50:30]   [bench] exit=0 passed=1 failed=0
0 missing_trie_node=0
0
[2026-06-01 08:50:30] 
[2026-06-01 08:50:30]   --- storage_sload_k10_run13 (ubt) write-offset=1300000000 K=10 ---
[2026-06-01 08:50:30]   [geth] Stopping (SIGTERM, waiting up to 120s for clean exit): 1045726
[2026-06-01 08:50:31]   [geth] exited cleanly after 1s
[2026-06-01 08:50:31]   [cache] OS page cache dropped
Fatal: Could not create the account: account already exists
[2026-06-01 08:50:31]   [geth] Starting (ubt, gd=5, cold=1, dev.period=1, 1tx/block)
[2026-06-01 08:50:31]   [geth] Waiting for RPC...
[2026-06-01 08:50:33]   [geth] RPC ready after 3s
[2026-06-01 08:50:33]   [bench] Running execute remote...
[2026-06-01 08:50:40]   [bench] exit=0 passed=1 failed=0
0 missing_trie_node=0
0
[2026-06-01 08:50:40] 
[2026-06-01 08:50:40]   --- storage_sload_k10_run14 (ubt) write-offset=1400000000 K=10 ---
[2026-06-01 08:50:40]   [geth] Stopping (SIGTERM, waiting up to 120s for clean exit): 1045845
[2026-06-01 08:50:41]   [geth] exited cleanly after 1s
[2026-06-01 08:50:42]   [cache] OS page cache dropped
Fatal: Could not create the account: account already exists
[2026-06-01 08:50:42]   [geth] Starting (ubt, gd=5, cold=1, dev.period=1, 1tx/block)
[2026-06-01 08:50:42]   [geth] Waiting for RPC...
[2026-06-01 08:50:44]   [geth] RPC ready after 3s
[2026-06-01 08:50:44]   [bench] Running execute remote...
[2026-06-01 08:50:51]   [bench] exit=0 passed=1 failed=0
0 missing_trie_node=0
0
[2026-06-01 08:50:51] 
[2026-06-01 08:50:51]   --- storage_sload_k10_run15 (ubt) write-offset=1500000000 K=10 ---
[2026-06-01 08:50:51]   [geth] Stopping (SIGTERM, waiting up to 120s for clean exit): 1045978
[2026-06-01 08:50:52]   [geth] exited cleanly after 1s
[2026-06-01 08:50:52]   [cache] OS page cache dropped
Fatal: Could not create the account: account already exists
[2026-06-01 08:50:52]   [geth] Starting (ubt, gd=5, cold=1, dev.period=1, 1tx/block)
[2026-06-01 08:50:52]   [geth] Waiting for RPC...
[2026-06-01 08:50:54]   [geth] RPC ready after 3s
[2026-06-01 08:50:54]   [bench] Running execute remote...
[2026-06-01 08:51:02]   [bench] exit=0 passed=1 failed=0
0 missing_trie_node=0
0
[2026-06-01 08:51:02] 
[2026-06-01 08:51:02]   --- storage_sload_k10_run16 (ubt) write-offset=1600000000 K=10 ---
[2026-06-01 08:51:02]   [geth] Stopping (SIGTERM, waiting up to 120s for clean exit): 1046070
[2026-06-01 08:51:03]   [geth] exited cleanly after 1s
[2026-06-01 08:51:03]   [cache] OS page cache dropped
Fatal: Could not create the account: account already exists
[2026-06-01 08:51:03]   [geth] Starting (ubt, gd=5, cold=1, dev.period=1, 1tx/block)
[2026-06-01 08:51:03]   [geth] Waiting for RPC...
[2026-06-01 08:51:05]   [geth] RPC ready after 3s
[2026-06-01 08:51:05]   [bench] Running execute remote...
[2026-06-01 08:51:13]   [bench] exit=0 passed=1 failed=0
0 missing_trie_node=0
0
[2026-06-01 08:51:13] 
[2026-06-01 08:51:13]   --- storage_sload_k10_run17 (ubt) write-offset=1700000000 K=10 ---
[2026-06-01 08:51:13]   [geth] Stopping (SIGTERM, waiting up to 120s for clean exit): 1046145
[2026-06-01 08:51:14]   [geth] exited cleanly after 1s
[2026-06-01 08:51:14]   [cache] OS page cache dropped
Fatal: Could not create the account: account already exists
[2026-06-01 08:51:14]   [geth] Starting (ubt, gd=5, cold=1, dev.period=1, 1tx/block)
[2026-06-01 08:51:14]   [geth] Waiting for RPC...
[2026-06-01 08:51:16]   [geth] RPC ready after 3s
[2026-06-01 08:51:16]   [bench] Running execute remote...
[2026-06-01 08:51:23]   [bench] exit=0 passed=1 failed=0
0 missing_trie_node=0
0
[2026-06-01 08:51:23] 
[2026-06-01 08:51:23]   --- storage_sload_k10_run18 (ubt) write-offset=1800000000 K=10 ---
[2026-06-01 08:51:23]   [geth] Stopping (SIGTERM, waiting up to 120s for clean exit): 1046222
[2026-06-01 08:51:24]   [geth] exited cleanly after 1s
[2026-06-01 08:51:24]   [cache] OS page cache dropped
Fatal: Could not create the account: account already exists
[2026-06-01 08:51:25]   [geth] Starting (ubt, gd=5, cold=1, dev.period=1, 1tx/block)
[2026-06-01 08:51:25]   [geth] Waiting for RPC...
[2026-06-01 08:51:27]   [geth] RPC ready after 3s
[2026-06-01 08:51:27]   [bench] Running execute remote...
[2026-06-01 08:51:34]   [bench] exit=0 passed=1 failed=0
0 missing_trie_node=0
0
[2026-06-01 08:51:34] 
[2026-06-01 08:51:34]   --- storage_sload_k10_run19 (ubt) write-offset=1900000000 K=10 ---
[2026-06-01 08:51:34]   [geth] Stopping (SIGTERM, waiting up to 120s for clean exit): 1046299
[2026-06-01 08:51:35]   [geth] exited cleanly after 1s
[2026-06-01 08:51:35]   [cache] OS page cache dropped
Fatal: Could not create the account: account already exists
[2026-06-01 08:51:35]   [geth] Starting (ubt, gd=5, cold=1, dev.period=1, 1tx/block)
[2026-06-01 08:51:35]   [geth] Waiting for RPC...
[2026-06-01 08:51:37]   [geth] RPC ready after 3s
[2026-06-01 08:51:37]   [bench] Running execute remote...
[2026-06-01 08:51:45]   [bench] exit=0 passed=1 failed=0
0 missing_trie_node=0
0
[2026-06-01 08:51:45] 
[2026-06-01 08:51:45]   --- storage_sload_k10_run20 (ubt) write-offset=2000000000 K=10 ---
[2026-06-01 08:51:45]   [geth] Stopping (SIGTERM, waiting up to 120s for clean exit): 1046374
[2026-06-01 08:51:46]   [geth] exited cleanly after 1s
[2026-06-01 08:51:46]   [cache] OS page cache dropped
Fatal: Could not create the account: account already exists
[2026-06-01 08:51:46]   [geth] Starting (ubt, gd=5, cold=1, dev.period=1, 1tx/block)
[2026-06-01 08:51:46]   [geth] Waiting for RPC...
[2026-06-01 08:51:48]   [geth] RPC ready after 3s
[2026-06-01 08:51:48]   [bench] Running execute remote...
[2026-06-01 08:51:55]   [bench] exit=0 passed=1 failed=0
0 missing_trie_node=0
0
[2026-06-01 08:51:55] 
[2026-06-01 08:51:55]   ── BENCHMARK: storage_sload_k100 (pool=256 contracts; effective K=100)
[2026-06-01 08:51:55] 
[2026-06-01 08:51:55]   --- storage_sload_k100_run1 (ubt) write-offset=100000000 K=100 ---
[2026-06-01 08:51:55]   [geth] Stopping (SIGTERM, waiting up to 120s for clean exit): 1046445
[2026-06-01 08:51:56]   [geth] exited cleanly after 1s
[2026-06-01 08:51:57]   [cache] OS page cache dropped
Fatal: Could not create the account: account already exists
[2026-06-01 08:51:57]   [geth] Starting (ubt, gd=5, cold=1, dev.period=1, 1tx/block)
[2026-06-01 08:51:57]   [geth] Waiting for RPC...
[2026-06-01 08:51:59]   [geth] RPC ready after 3s
[2026-06-01 08:51:59]   [bench] Running execute remote...
[2026-06-01 08:52:06]   [bench] exit=0 passed=1 failed=0
0 missing_trie_node=0
0
[2026-06-01 08:52:06] 
[2026-06-01 08:52:06]   --- storage_sload_k100_run2 (ubt) write-offset=200000000 K=100 ---
[2026-06-01 08:52:06]   [geth] Stopping (SIGTERM, waiting up to 120s for clean exit): 1046545
[2026-06-01 08:52:07]   [geth] exited cleanly after 1s
[2026-06-01 08:52:07]   [cache] OS page cache dropped
Fatal: Could not create the account: account already exists
[2026-06-01 08:52:07]   [geth] Starting (ubt, gd=5, cold=1, dev.period=1, 1tx/block)
[2026-06-01 08:52:07]   [geth] Waiting for RPC...
[2026-06-01 08:52:09]   [geth] RPC ready after 3s
[2026-06-01 08:52:09]   [bench] Running execute remote...
[2026-06-01 08:52:17]   [bench] exit=0 passed=1 failed=0
0 missing_trie_node=0
0
[2026-06-01 08:52:17] 
[2026-06-01 08:52:17]   --- storage_sload_k100_run3 (ubt) write-offset=300000000 K=100 ---
[2026-06-01 08:52:17]   [geth] Stopping (SIGTERM, waiting up to 120s for clean exit): 1046624
[2026-06-01 08:52:18]   [geth] exited cleanly after 1s
[2026-06-01 08:52:18]   [cache] OS page cache dropped
Fatal: Could not create the account: account already exists
[2026-06-01 08:52:18]   [geth] Starting (ubt, gd=5, cold=1, dev.period=1, 1tx/block)
[2026-06-01 08:52:18]   [geth] Waiting for RPC...
[2026-06-01 08:52:20]   [geth] RPC ready after 3s
[2026-06-01 08:52:20]   [bench] Running execute remote...
[2026-06-01 08:52:28]   [bench] exit=0 passed=1 failed=0
0 missing_trie_node=0
0
[2026-06-01 08:52:28] 
[2026-06-01 08:52:28]   --- storage_sload_k100_run4 (ubt) write-offset=400000000 K=100 ---
[2026-06-01 08:52:28]   [geth] Stopping (SIGTERM, waiting up to 120s for clean exit): 1046703
[2026-06-01 08:52:29]   [geth] exited cleanly after 1s
[2026-06-01 08:52:29]   [cache] OS page cache dropped
Fatal: Could not create the account: account already exists
[2026-06-01 08:52:29]   [geth] Starting (ubt, gd=5, cold=1, dev.period=1, 1tx/block)
[2026-06-01 08:52:29]   [geth] Waiting for RPC...
[2026-06-01 08:52:31]   [geth] RPC ready after 3s
[2026-06-01 08:52:31]   [bench] Running execute remote...
[2026-06-01 08:52:38]   [bench] exit=0 passed=1 failed=0
0 missing_trie_node=0
0
[2026-06-01 08:52:38] 
[2026-06-01 08:52:38]   --- storage_sload_k100_run5 (ubt) write-offset=500000000 K=100 ---
[2026-06-01 08:52:38]   [geth] Stopping (SIGTERM, waiting up to 120s for clean exit): 1046778
[2026-06-01 08:52:39]   [geth] exited cleanly after 1s
[2026-06-01 08:52:39]   [cache] OS page cache dropped
Fatal: Could not create the account: account already exists
[2026-06-01 08:52:39]   [geth] Starting (ubt, gd=5, cold=1, dev.period=1, 1tx/block)
[2026-06-01 08:52:39]   [geth] Waiting for RPC...
[2026-06-01 08:52:41]   [geth] RPC ready after 3s
[2026-06-01 08:52:42]   [bench] Running execute remote...
[2026-06-01 08:52:49]   [bench] exit=0 passed=1 failed=0
0 missing_trie_node=0
0
[2026-06-01 08:52:49] 
[2026-06-01 08:52:49]   --- storage_sload_k100_run6 (ubt) write-offset=600000000 K=100 ---
[2026-06-01 08:52:49]   [geth] Stopping (SIGTERM, waiting up to 120s for clean exit): 1046854
[2026-06-01 08:52:50]   [geth] exited cleanly after 1s
[2026-06-01 08:52:50]   [cache] OS page cache dropped
Fatal: Could not create the account: account already exists
[2026-06-01 08:52:50]   [geth] Starting (ubt, gd=5, cold=1, dev.period=1, 1tx/block)
[2026-06-01 08:52:50]   [geth] Waiting for RPC...
[2026-06-01 08:52:52]   [geth] RPC ready after 3s
[2026-06-01 08:52:52]   [bench] Running execute remote...
[2026-06-01 08:52:59]   [bench] exit=0 passed=1 failed=0
0 missing_trie_node=0
0
[2026-06-01 08:52:59] 
[2026-06-01 08:52:59]   --- storage_sload_k100_run7 (ubt) write-offset=700000000 K=100 ---
[2026-06-01 08:52:59]   [geth] Stopping (SIGTERM, waiting up to 120s for clean exit): 1046929
[2026-06-01 08:53:00]   [geth] exited cleanly after 1s
[2026-06-01 08:53:01]   [cache] OS page cache dropped
Fatal: Could not create the account: account already exists
[2026-06-01 08:53:01]   [geth] Starting (ubt, gd=5, cold=1, dev.period=1, 1tx/block)
[2026-06-01 08:53:01]   [geth] Waiting for RPC...
[2026-06-01 08:53:03]   [geth] RPC ready after 3s
[2026-06-01 08:53:03]   [bench] Running execute remote...
[2026-06-01 08:53:10]   [bench] exit=0 passed=1 failed=0
0 missing_trie_node=0
0
[2026-06-01 08:53:10] 
[2026-06-01 08:53:10]   --- storage_sload_k100_run8 (ubt) write-offset=800000000 K=100 ---
[2026-06-01 08:53:10]   [geth] Stopping (SIGTERM, waiting up to 120s for clean exit): 1047004
[2026-06-01 08:53:11]   [geth] exited cleanly after 1s
[2026-06-01 08:53:11]   [cache] OS page cache dropped
Fatal: Could not create the account: account already exists
[2026-06-01 08:53:11]   [geth] Starting (ubt, gd=5, cold=1, dev.period=1, 1tx/block)
[2026-06-01 08:53:11]   [geth] Waiting for RPC...
[2026-06-01 08:53:13]   [geth] RPC ready after 3s
[2026-06-01 08:53:13]   [bench] Running execute remote...
[2026-06-01 08:53:21]   [bench] exit=0 passed=1 failed=0
0 missing_trie_node=0
0
[2026-06-01 08:53:21] 
[2026-06-01 08:53:21]   --- storage_sload_k100_run9 (ubt) write-offset=900000000 K=100 ---
[2026-06-01 08:53:21]   [geth] Stopping (SIGTERM, waiting up to 120s for clean exit): 1047080
[2026-06-01 08:53:22]   [geth] exited cleanly after 1s
[2026-06-01 08:53:22]   [cache] OS page cache dropped
Fatal: Could not create the account: account already exists
[2026-06-01 08:53:22]   [geth] Starting (ubt, gd=5, cold=1, dev.period=1, 1tx/block)
[2026-06-01 08:53:22]   [geth] Waiting for RPC...
[2026-06-01 08:53:24]   [geth] RPC ready after 3s
[2026-06-01 08:53:24]   [bench] Running execute remote...
[2026-06-01 08:53:31]   [bench] exit=0 passed=1 failed=0
0 missing_trie_node=0
0
[2026-06-01 08:53:31] 
[2026-06-01 08:53:31]   --- storage_sload_k100_run10 (ubt) write-offset=1000000000 K=100 ---
[2026-06-01 08:53:31]   [geth] Stopping (SIGTERM, waiting up to 120s for clean exit): 1047158
[2026-06-01 08:53:32]   [geth] exited cleanly after 1s
[2026-06-01 08:53:33]   [cache] OS page cache dropped
Fatal: Could not create the account: account already exists
[2026-06-01 08:53:33]   [geth] Starting (ubt, gd=5, cold=1, dev.period=1, 1tx/block)
[2026-06-01 08:53:33]   [geth] Waiting for RPC...
[2026-06-01 08:53:35]   [geth] RPC ready after 3s
[2026-06-01 08:53:35]   [bench] Running execute remote...
[2026-06-01 08:53:42]   [bench] exit=0 passed=1 failed=0
0 missing_trie_node=0
0
[2026-06-01 08:53:42] 
[2026-06-01 08:53:42]   --- storage_sload_k100_run11 (ubt) write-offset=1100000000 K=100 ---
[2026-06-01 08:53:42]   [geth] Stopping (SIGTERM, waiting up to 120s for clean exit): 1047232
[2026-06-01 08:53:43]   [geth] exited cleanly after 1s
[2026-06-01 08:53:43]   [cache] OS page cache dropped
Fatal: Could not create the account: account already exists
[2026-06-01 08:53:43]   [geth] Starting (ubt, gd=5, cold=1, dev.period=1, 1tx/block)
[2026-06-01 08:53:43]   [geth] Waiting for RPC...
[2026-06-01 08:53:45]   [geth] RPC ready after 3s
[2026-06-01 08:53:45]   [bench] Running execute remote...
[2026-06-01 08:53:53]   [bench] exit=0 passed=1 failed=0
0 missing_trie_node=0
0
[2026-06-01 08:53:53] 
[2026-06-01 08:53:53]   --- storage_sload_k100_run12 (ubt) write-offset=1200000000 K=100 ---
[2026-06-01 08:53:53]   [geth] Stopping (SIGTERM, waiting up to 120s for clean exit): 1047306
[2026-06-01 08:53:54]   [geth] exited cleanly after 1s
[2026-06-01 08:53:54]   [cache] OS page cache dropped
Fatal: Could not create the account: account already exists
[2026-06-01 08:53:54]   [geth] Starting (ubt, gd=5, cold=1, dev.period=1, 1tx/block)
[2026-06-01 08:53:54]   [geth] Waiting for RPC...
[2026-06-01 08:53:56]   [geth] RPC ready after 3s
[2026-06-01 08:53:56]   [bench] Running execute remote...
[2026-06-01 08:54:03]   [bench] exit=0 passed=1 failed=0
0 missing_trie_node=0
0
[2026-06-01 08:54:03] 
[2026-06-01 08:54:03]   --- storage_sload_k100_run13 (ubt) write-offset=1300000000 K=100 ---
[2026-06-01 08:54:03]   [geth] Stopping (SIGTERM, waiting up to 120s for clean exit): 1047381
[2026-06-01 08:54:04]   [geth] exited cleanly after 1s
[2026-06-01 08:54:05]   [cache] OS page cache dropped
Fatal: Could not create the account: account already exists
[2026-06-01 08:54:05]   [geth] Starting (ubt, gd=5, cold=1, dev.period=1, 1tx/block)
[2026-06-01 08:54:05]   [geth] Waiting for RPC...
[2026-06-01 08:54:07]   [geth] RPC ready after 3s
[2026-06-01 08:54:07]   [bench] Running execute remote...
[2026-06-01 08:54:14]   [bench] exit=0 passed=1 failed=0
0 missing_trie_node=0
0
[2026-06-01 08:54:14] 
[2026-06-01 08:54:14]   --- storage_sload_k100_run14 (ubt) write-offset=1400000000 K=100 ---
[2026-06-01 08:54:14]   [geth] Stopping (SIGTERM, waiting up to 120s for clean exit): 1047456
[2026-06-01 08:54:15]   [geth] exited cleanly after 1s
[2026-06-01 08:54:15]   [cache] OS page cache dropped
Fatal: Could not create the account: account already exists
[2026-06-01 08:54:15]   [geth] Starting (ubt, gd=5, cold=1, dev.period=1, 1tx/block)
[2026-06-01 08:54:15]   [geth] Waiting for RPC...
[2026-06-01 08:54:17]   [geth] RPC ready after 3s
[2026-06-01 08:54:17]   [bench] Running execute remote...
[2026-06-01 08:54:25]   [bench] exit=0 passed=1 failed=0
0 missing_trie_node=0
0
[2026-06-01 08:54:25] 
[2026-06-01 08:54:25]   --- storage_sload_k100_run15 (ubt) write-offset=1500000000 K=100 ---
[2026-06-01 08:54:25]   [geth] Stopping (SIGTERM, waiting up to 120s for clean exit): 1047534
[2026-06-01 08:54:26]   [geth] exited cleanly after 1s
[2026-06-01 08:54:26]   [cache] OS page cache dropped
Fatal: Could not create the account: account already exists
[2026-06-01 08:54:26]   [geth] Starting (ubt, gd=5, cold=1, dev.period=1, 1tx/block)
[2026-06-01 08:54:26]   [geth] Waiting for RPC...
[2026-06-01 08:54:28]   [geth] RPC ready after 3s
[2026-06-01 08:54:28]   [bench] Running execute remote...
[2026-06-01 08:54:36]   [bench] exit=0 passed=1 failed=0
0 missing_trie_node=0
0
[2026-06-01 08:54:36] 
[2026-06-01 08:54:36]   --- storage_sload_k100_run16 (ubt) write-offset=1600000000 K=100 ---
[2026-06-01 08:54:36]   [geth] Stopping (SIGTERM, waiting up to 120s for clean exit): 1047609
[2026-06-01 08:54:37]   [geth] exited cleanly after 1s
[2026-06-01 08:54:37]   [cache] OS page cache dropped
Fatal: Could not create the account: account already exists
[2026-06-01 08:54:37]   [geth] Starting (ubt, gd=5, cold=1, dev.period=1, 1tx/block)
[2026-06-01 08:54:37]   [geth] Waiting for RPC...
[2026-06-01 08:54:39]   [geth] RPC ready after 3s
[2026-06-01 08:54:39]   [bench] Running execute remote...
[2026-06-01 08:54:46]   [bench] exit=0 passed=1 failed=0
0 missing_trie_node=0
0
[2026-06-01 08:54:46] 
[2026-06-01 08:54:46]   --- storage_sload_k100_run17 (ubt) write-offset=1700000000 K=100 ---
[2026-06-01 08:54:46]   [geth] Stopping (SIGTERM, waiting up to 120s for clean exit): 1047683
[2026-06-01 08:54:47]   [geth] exited cleanly after 1s
[2026-06-01 08:54:48]   [cache] OS page cache dropped
Fatal: Could not create the account: account already exists
[2026-06-01 08:54:48]   [geth] Starting (ubt, gd=5, cold=1, dev.period=1, 1tx/block)
[2026-06-01 08:54:48]   [geth] Waiting for RPC...
[2026-06-01 08:54:50]   [geth] RPC ready after 3s
[2026-06-01 08:54:50]   [bench] Running execute remote...
[2026-06-01 08:54:57]   [bench] exit=0 passed=1 failed=0
0 missing_trie_node=0
0
[2026-06-01 08:54:57] 
[2026-06-01 08:54:57]   --- storage_sload_k100_run18 (ubt) write-offset=1800000000 K=100 ---
[2026-06-01 08:54:57]   [geth] Stopping (SIGTERM, waiting up to 120s for clean exit): 1047768
[2026-06-01 08:54:58]   [geth] exited cleanly after 1s
[2026-06-01 08:54:58]   [cache] OS page cache dropped
Fatal: Could not create the account: account already exists
[2026-06-01 08:54:58]   [geth] Starting (ubt, gd=5, cold=1, dev.period=1, 1tx/block)
[2026-06-01 08:54:58]   [geth] Waiting for RPC...
[2026-06-01 08:55:00]   [geth] RPC ready after 3s
[2026-06-01 08:55:00]   [bench] Running execute remote...
[2026-06-01 08:55:08]   [bench] exit=0 passed=1 failed=0
0 missing_trie_node=0
0
[2026-06-01 08:55:08] 
[2026-06-01 08:55:08]   --- storage_sload_k100_run19 (ubt) write-offset=1900000000 K=100 ---
[2026-06-01 08:55:08]   [geth] Stopping (SIGTERM, waiting up to 120s for clean exit): 1047843
[2026-06-01 08:55:09]   [geth] exited cleanly after 1s
[2026-06-01 08:55:09]   [cache] OS page cache dropped
Fatal: Could not create the account: account already exists
[2026-06-01 08:55:09]   [geth] Starting (ubt, gd=5, cold=1, dev.period=1, 1tx/block)
[2026-06-01 08:55:09]   [geth] Waiting for RPC...
[2026-06-01 08:55:11]   [geth] RPC ready after 3s
[2026-06-01 08:55:11]   [bench] Running execute remote...
[2026-06-01 08:55:18]   [bench] exit=0 passed=1 failed=0
0 missing_trie_node=0
0
[2026-06-01 08:55:18] 
[2026-06-01 08:55:18]   --- storage_sload_k100_run20 (ubt) write-offset=2000000000 K=100 ---
[2026-06-01 08:55:18]   [geth] Stopping (SIGTERM, waiting up to 120s for clean exit): 1047921
[2026-06-01 08:55:19]   [geth] exited cleanly after 1s
[2026-06-01 08:55:20]   [cache] OS page cache dropped
Fatal: Could not create the account: account already exists
[2026-06-01 08:55:20]   [geth] Starting (ubt, gd=5, cold=1, dev.period=1, 1tx/block)
[2026-06-01 08:55:20]   [geth] Waiting for RPC...
[2026-06-01 08:55:22]   [geth] RPC ready after 3s
[2026-06-01 08:55:22]   [bench] Running execute remote...
[2026-06-01 08:55:29]   [bench] exit=0 passed=1 failed=0
0 missing_trie_node=0
0
[2026-06-01 08:55:29] 
[2026-06-01 08:55:29]   ── BENCHMARK: storage_sload_k256 (pool=256 contracts; effective K=256)
[2026-06-01 08:55:29] 
[2026-06-01 08:55:29]   --- storage_sload_k256_run1 (ubt) write-offset=100000000 K=256 ---
[2026-06-01 08:55:29]   [geth] Stopping (SIGTERM, waiting up to 120s for clean exit): 1048000
[2026-06-01 08:55:30]   [geth] exited cleanly after 1s
[2026-06-01 08:55:30]   [cache] OS page cache dropped
Fatal: Could not create the account: account already exists
[2026-06-01 08:55:30]   [geth] Starting (ubt, gd=5, cold=1, dev.period=1, 1tx/block)
[2026-06-01 08:55:30]   [geth] Waiting for RPC...
[2026-06-01 08:55:32]   [geth] RPC ready after 3s
[2026-06-01 08:55:32]   [bench] Running execute remote...
[2026-06-01 08:55:40]   [bench] exit=0 passed=1 failed=0
0 missing_trie_node=0
0
[2026-06-01 08:55:40] 
[2026-06-01 08:55:40]   --- storage_sload_k256_run2 (ubt) write-offset=200000000 K=256 ---
[2026-06-01 08:55:40]   [geth] Stopping (SIGTERM, waiting up to 120s for clean exit): 1048098
[2026-06-01 08:55:41]   [geth] exited cleanly after 1s
[2026-06-01 08:55:41]   [cache] OS page cache dropped
Fatal: Could not create the account: account already exists
[2026-06-01 08:55:41]   [geth] Starting (ubt, gd=5, cold=1, dev.period=1, 1tx/block)
[2026-06-01 08:55:41]   [geth] Waiting for RPC...
[2026-06-01 08:55:43]   [geth] RPC ready after 3s
[2026-06-01 08:55:43]   [bench] Running execute remote...
[2026-06-01 08:55:50]   [bench] exit=0 passed=1 failed=0
0 missing_trie_node=0
0
[2026-06-01 08:55:50] 
[2026-06-01 08:55:50]   --- storage_sload_k256_run3 (ubt) write-offset=300000000 K=256 ---
[2026-06-01 08:55:50]   [geth] Stopping (SIGTERM, waiting up to 120s for clean exit): 1048173
[2026-06-01 08:55:51]   [geth] exited cleanly after 1s
[2026-06-01 08:55:52]   [cache] OS page cache dropped
Fatal: Could not create the account: account already exists
[2026-06-01 08:55:52]   [geth] Starting (ubt, gd=5, cold=1, dev.period=1, 1tx/block)
[2026-06-01 08:55:52]   [geth] Waiting for RPC...
[2026-06-01 08:55:54]   [geth] RPC ready after 3s
[2026-06-01 08:55:54]   [bench] Running execute remote...
[2026-06-01 08:56:01]   [bench] exit=0 passed=1 failed=0
0 missing_trie_node=0
0
[2026-06-01 08:56:01] 
[2026-06-01 08:56:01]   --- storage_sload_k256_run4 (ubt) write-offset=400000000 K=256 ---
[2026-06-01 08:56:01]   [geth] Stopping (SIGTERM, waiting up to 120s for clean exit): 1048245
[2026-06-01 08:56:02]   [geth] exited cleanly after 1s
[2026-06-01 08:56:02]   [cache] OS page cache dropped
Fatal: Could not create the account: account already exists
[2026-06-01 08:56:02]   [geth] Starting (ubt, gd=5, cold=1, dev.period=1, 1tx/block)
[2026-06-01 08:56:02]   [geth] Waiting for RPC...
[2026-06-01 08:56:04]   [geth] RPC ready after 3s
[2026-06-01 08:56:04]   [bench] Running execute remote...
[2026-06-01 08:56:13]   [bench] exit=0 passed=1 failed=0
0 missing_trie_node=0
0
[2026-06-01 08:56:13] 
[2026-06-01 08:56:13]   --- storage_sload_k256_run5 (ubt) write-offset=500000000 K=256 ---
[2026-06-01 08:56:13]   [geth] Stopping (SIGTERM, waiting up to 120s for clean exit): 1048319
[2026-06-01 08:56:14]   [geth] exited cleanly after 1s
[2026-06-01 08:56:14]   [cache] OS page cache dropped
Fatal: Could not create the account: account already exists
[2026-06-01 08:56:14]   [geth] Starting (ubt, gd=5, cold=1, dev.period=1, 1tx/block)
[2026-06-01 08:56:14]   [geth] Waiting for RPC...
[2026-06-01 08:56:16]   [geth] RPC ready after 3s
[2026-06-01 08:56:16]   [bench] Running execute remote...
[2026-06-01 08:56:23]   [bench] exit=0 passed=1 failed=0
0 missing_trie_node=0
0
[2026-06-01 08:56:23] 
[2026-06-01 08:56:23]   --- storage_sload_k256_run6 (ubt) write-offset=600000000 K=256 ---
[2026-06-01 08:56:23]   [geth] Stopping (SIGTERM, waiting up to 120s for clean exit): 1048397
[2026-06-01 08:56:24]   [geth] exited cleanly after 1s
[2026-06-01 08:56:25]   [cache] OS page cache dropped
Fatal: Could not create the account: account already exists
[2026-06-01 08:56:25]   [geth] Starting (ubt, gd=5, cold=1, dev.period=1, 1tx/block)
[2026-06-01 08:56:25]   [geth] Waiting for RPC...
[2026-06-01 08:56:27]   [geth] RPC ready after 3s
[2026-06-01 08:56:27]   [bench] Running execute remote...
[2026-06-01 08:56:34]   [bench] exit=0 passed=1 failed=0
0 missing_trie_node=0
0
[2026-06-01 08:56:34] 
[2026-06-01 08:56:34]   --- storage_sload_k256_run7 (ubt) write-offset=700000000 K=256 ---
[2026-06-01 08:56:34]   [geth] Stopping (SIGTERM, waiting up to 120s for clean exit): 1048486
[2026-06-01 08:56:35]   [geth] exited cleanly after 1s
[2026-06-01 08:56:35]   [cache] OS page cache dropped
Fatal: Could not create the account: account already exists
[2026-06-01 08:56:35]   [geth] Starting (ubt, gd=5, cold=1, dev.period=1, 1tx/block)
[2026-06-01 08:56:35]   [geth] Waiting for RPC...
[2026-06-01 08:56:37]   [geth] RPC ready after 3s
[2026-06-01 08:56:37]   [bench] Running execute remote...
[2026-06-01 08:56:45]   [bench] exit=0 passed=1 failed=0
0 missing_trie_node=0
0
[2026-06-01 08:56:45] 
[2026-06-01 08:56:45]   --- storage_sload_k256_run8 (ubt) write-offset=800000000 K=256 ---
[2026-06-01 08:56:45]   [geth] Stopping (SIGTERM, waiting up to 120s for clean exit): 1048559
[2026-06-01 08:56:46]   [geth] exited cleanly after 1s
[2026-06-01 08:56:46]   [cache] OS page cache dropped
Fatal: Could not create the account: account already exists
[2026-06-01 08:56:46]   [geth] Starting (ubt, gd=5, cold=1, dev.period=1, 1tx/block)
[2026-06-01 08:56:46]   [geth] Waiting for RPC...
[2026-06-01 08:56:48]   [geth] RPC ready after 3s
[2026-06-01 08:56:48]   [bench] Running execute remote...
[2026-06-01 08:56:56]   [bench] exit=0 passed=1 failed=0
0 missing_trie_node=0
0
[2026-06-01 08:56:56] 
[2026-06-01 08:56:56]   --- storage_sload_k256_run9 (ubt) write-offset=900000000 K=256 ---
[2026-06-01 08:56:56]   [geth] Stopping (SIGTERM, waiting up to 120s for clean exit): 1048634
[2026-06-01 08:56:57]   [geth] exited cleanly after 1s
[2026-06-01 08:56:57]   [cache] OS page cache dropped
Fatal: Could not create the account: account already exists
[2026-06-01 08:56:57]   [geth] Starting (ubt, gd=5, cold=1, dev.period=1, 1tx/block)
[2026-06-01 08:56:57]   [geth] Waiting for RPC...
[2026-06-01 08:56:59]   [geth] RPC ready after 3s
[2026-06-01 08:56:59]   [bench] Running execute remote...
[2026-06-01 08:57:06]   [bench] exit=0 passed=1 failed=0
0 missing_trie_node=0
0
[2026-06-01 08:57:06] 
[2026-06-01 08:57:06]   --- storage_sload_k256_run10 (ubt) write-offset=1000000000 K=256 ---
[2026-06-01 08:57:06]   [geth] Stopping (SIGTERM, waiting up to 120s for clean exit): 1048710
[2026-06-01 08:57:07]   [geth] exited cleanly after 1s
[2026-06-01 08:57:07]   [cache] OS page cache dropped
Fatal: Could not create the account: account already exists
[2026-06-01 08:57:07]   [geth] Starting (ubt, gd=5, cold=1, dev.period=1, 1tx/block)
[2026-06-01 08:57:07]   [geth] Waiting for RPC...
[2026-06-01 08:57:09]   [geth] RPC ready after 3s
[2026-06-01 08:57:09]   [bench] Running execute remote...
[2026-06-01 08:57:18]   [bench] exit=0 passed=1 failed=0
0 missing_trie_node=0
0
[2026-06-01 08:57:18] 
[2026-06-01 08:57:18]   --- storage_sload_k256_run11 (ubt) write-offset=1100000000 K=256 ---
[2026-06-01 08:57:18]   [geth] Stopping (SIGTERM, waiting up to 120s for clean exit): 1048789
[2026-06-01 08:57:19]   [geth] exited cleanly after 1s
[2026-06-01 08:57:19]   [cache] OS page cache dropped
Fatal: Could not create the account: account already exists
[2026-06-01 08:57:19]   [geth] Starting (ubt, gd=5, cold=1, dev.period=1, 1tx/block)
[2026-06-01 08:57:19]   [geth] Waiting for RPC...
[2026-06-01 08:57:21]   [geth] RPC ready after 3s
[2026-06-01 08:57:21]   [bench] Running execute remote...
[2026-06-01 08:57:29]   [bench] exit=0 passed=1 failed=0
0 missing_trie_node=0
0
[2026-06-01 08:57:29] 
[2026-06-01 08:57:29]   --- storage_sload_k256_run12 (ubt) write-offset=1200000000 K=256 ---
[2026-06-01 08:57:29]   [geth] Stopping (SIGTERM, waiting up to 120s for clean exit): 1048863
[2026-06-01 08:57:30]   [geth] exited cleanly after 1s
[2026-06-01 08:57:30]   [cache] OS page cache dropped
Fatal: Could not create the account: account already exists
[2026-06-01 08:57:30]   [geth] Starting (ubt, gd=5, cold=1, dev.period=1, 1tx/block)
[2026-06-01 08:57:30]   [geth] Waiting for RPC...
[2026-06-01 08:57:32]   [geth] RPC ready after 3s
[2026-06-01 08:57:32]   [bench] Running execute remote...
[2026-06-01 08:57:39]   [bench] exit=0 passed=1 failed=0
0 missing_trie_node=0
0
[2026-06-01 08:57:39] 
[2026-06-01 08:57:39]   --- storage_sload_k256_run13 (ubt) write-offset=1300000000 K=256 ---
[2026-06-01 08:57:39]   [geth] Stopping (SIGTERM, waiting up to 120s for clean exit): 1048938
[2026-06-01 08:57:40]   [geth] exited cleanly after 1s
[2026-06-01 08:57:40]   [cache] OS page cache dropped
Fatal: Could not create the account: account already exists
[2026-06-01 08:57:40]   [geth] Starting (ubt, gd=5, cold=1, dev.period=1, 1tx/block)
[2026-06-01 08:57:40]   [geth] Waiting for RPC...
[2026-06-01 08:57:43]   [geth] RPC ready after 3s
[2026-06-01 08:57:43]   [bench] Running execute remote...
[2026-06-01 08:57:50]   [bench] exit=0 passed=1 failed=0
0 missing_trie_node=0
0
[2026-06-01 08:57:50] 
[2026-06-01 08:57:50]   --- storage_sload_k256_run14 (ubt) write-offset=1400000000 K=256 ---
[2026-06-01 08:57:50]   [geth] Stopping (SIGTERM, waiting up to 120s for clean exit): 1049014
[2026-06-01 08:57:51]   [geth] exited cleanly after 1s
[2026-06-01 08:57:51]   [cache] OS page cache dropped
Fatal: Could not create the account: account already exists
[2026-06-01 08:57:51]   [geth] Starting (ubt, gd=5, cold=1, dev.period=1, 1tx/block)
[2026-06-01 08:57:51]   [geth] Waiting for RPC...
[2026-06-01 08:57:53]   [geth] RPC ready after 3s
[2026-06-01 08:57:53]   [bench] Running execute remote...
[2026-06-01 08:58:01]   [bench] exit=0 passed=1 failed=0
0 missing_trie_node=0
0
[2026-06-01 08:58:01] 
[2026-06-01 08:58:01]   --- storage_sload_k256_run15 (ubt) write-offset=1500000000 K=256 ---
[2026-06-01 08:58:01]   [geth] Stopping (SIGTERM, waiting up to 120s for clean exit): 1049092
[2026-06-01 08:58:02]   [geth] exited cleanly after 1s
[2026-06-01 08:58:02]   [cache] OS page cache dropped
Fatal: Could not create the account: account already exists
[2026-06-01 08:58:02]   [geth] Starting (ubt, gd=5, cold=1, dev.period=1, 1tx/block)
[2026-06-01 08:58:02]   [geth] Waiting for RPC...
[2026-06-01 08:58:04]   [geth] RPC ready after 3s
[2026-06-01 08:58:04]   [bench] Running execute remote...
[2026-06-01 08:58:11]   [bench] exit=0 passed=1 failed=0
0 missing_trie_node=0
0
[2026-06-01 08:58:11] 
[2026-06-01 08:58:11]   --- storage_sload_k256_run16 (ubt) write-offset=1600000000 K=256 ---
[2026-06-01 08:58:11]   [geth] Stopping (SIGTERM, waiting up to 120s for clean exit): 1049169
[2026-06-01 08:58:12]   [geth] exited cleanly after 1s
[2026-06-01 08:58:13]   [cache] OS page cache dropped
Fatal: Could not create the account: account already exists
[2026-06-01 08:58:13]   [geth] Starting (ubt, gd=5, cold=1, dev.period=1, 1tx/block)
[2026-06-01 08:58:13]   [geth] Waiting for RPC...
[2026-06-01 08:58:15]   [geth] RPC ready after 3s
[2026-06-01 08:58:15]   [bench] Running execute remote...
[2026-06-01 08:58:22]   [bench] exit=0 passed=1 failed=0
0 missing_trie_node=0
0
[2026-06-01 08:58:22] 
[2026-06-01 08:58:22]   --- storage_sload_k256_run17 (ubt) write-offset=1700000000 K=256 ---
[2026-06-01 08:58:22]   [geth] Stopping (SIGTERM, waiting up to 120s for clean exit): 1049244
[2026-06-01 08:58:23]   [geth] exited cleanly after 1s
[2026-06-01 08:58:23]   [cache] OS page cache dropped
Fatal: Could not create the account: account already exists
[2026-06-01 08:58:23]   [geth] Starting (ubt, gd=5, cold=1, dev.period=1, 1tx/block)
[2026-06-01 08:58:23]   [geth] Waiting for RPC...
[2026-06-01 08:58:25]   [geth] RPC ready after 3s
[2026-06-01 08:58:25]   [bench] Running execute remote...
[2026-06-01 08:58:33]   [bench] exit=0 passed=1 failed=0
0 missing_trie_node=0
0
[2026-06-01 08:58:33] 
[2026-06-01 08:58:33]   --- storage_sload_k256_run18 (ubt) write-offset=1800000000 K=256 ---
[2026-06-01 08:58:33]   [geth] Stopping (SIGTERM, waiting up to 120s for clean exit): 1049321
[2026-06-01 08:58:34]   [geth] exited cleanly after 1s
[2026-06-01 08:58:34]   [cache] OS page cache dropped
Fatal: Could not create the account: account already exists
[2026-06-01 08:58:34]   [geth] Starting (ubt, gd=5, cold=1, dev.period=1, 1tx/block)
[2026-06-01 08:58:34]   [geth] Waiting for RPC...
[2026-06-01 08:58:36]   [geth] RPC ready after 3s
[2026-06-01 08:58:36]   [bench] Running execute remote...
[2026-06-01 08:58:44]   [bench] exit=0 passed=1 failed=0
0 missing_trie_node=0
0
[2026-06-01 08:58:44] 
[2026-06-01 08:58:44]   --- storage_sload_k256_run19 (ubt) write-offset=1900000000 K=256 ---
[2026-06-01 08:58:44]   [geth] Stopping (SIGTERM, waiting up to 120s for clean exit): 1049396
[2026-06-01 08:58:45]   [geth] exited cleanly after 1s
[2026-06-01 08:58:45]   [cache] OS page cache dropped
Fatal: Could not create the account: account already exists
[2026-06-01 08:58:45]   [geth] Starting (ubt, gd=5, cold=1, dev.period=1, 1tx/block)
[2026-06-01 08:58:45]   [geth] Waiting for RPC...
[2026-06-01 08:58:47]   [geth] RPC ready after 3s
[2026-06-01 08:58:47]   [bench] Running execute remote...
[2026-06-01 08:58:54]   [bench] exit=0 passed=1 failed=0
0 missing_trie_node=0
0
[2026-06-01 08:58:54] 
[2026-06-01 08:58:54]   --- storage_sload_k256_run20 (ubt) write-offset=2000000000 K=256 ---
[2026-06-01 08:58:54]   [geth] Stopping (SIGTERM, waiting up to 120s for clean exit): 1049482
[2026-06-01 08:58:55]   [geth] exited cleanly after 1s
[2026-06-01 08:58:56]   [cache] OS page cache dropped
Fatal: Could not create the account: account already exists
[2026-06-01 08:58:56]   [geth] Starting (ubt, gd=5, cold=1, dev.period=1, 1tx/block)
[2026-06-01 08:58:56]   [geth] Waiting for RPC...
[2026-06-01 08:58:58]   [geth] RPC ready after 3s
[2026-06-01 08:58:58]   [bench] Running execute remote...
[2026-06-01 08:59:05]   [bench] exit=0 passed=1 failed=0
0 missing_trie_node=0
0
[2026-06-01 08:59:05] 
[2026-06-01 08:59:05]   ── BENCHMARK: storage_sstore_k1 (pool=256 contracts; effective K=1)
[2026-06-01 08:59:05] 
[2026-06-01 08:59:05]   --- storage_sstore_k1_run1 (ubt) write-offset=100000000 K=1 ---
[2026-06-01 08:59:05]   [geth] Stopping (SIGTERM, waiting up to 120s for clean exit): 1049559
[2026-06-01 08:59:06]   [geth] exited cleanly after 1s
[2026-06-01 08:59:06]   [cache] OS page cache dropped
Fatal: Could not create the account: account already exists
[2026-06-01 08:59:07]   [geth] Starting (ubt, gd=5, cold=1, dev.period=1, 1tx/block)
[2026-06-01 08:59:07]   [geth] Waiting for RPC...
[2026-06-01 08:59:09]   [geth] RPC ready after 3s
[2026-06-01 08:59:09]   [bench] Running execute remote...
[2026-06-01 08:59:15]   [bench] exit=0 passed=1 failed=0
0 missing_trie_node=0
0
[2026-06-01 08:59:15] 
[2026-06-01 08:59:15]   --- storage_sstore_k1_run2 (ubt) write-offset=200000000 K=1 ---
[2026-06-01 08:59:15]   [geth] Stopping (SIGTERM, waiting up to 120s for clean exit): 1049661
[2026-06-01 08:59:16]   [geth] exited cleanly after 1s
[2026-06-01 08:59:16]   [cache] OS page cache dropped
Fatal: Could not create the account: account already exists
[2026-06-01 08:59:16]   [geth] Starting (ubt, gd=5, cold=1, dev.period=1, 1tx/block)
[2026-06-01 08:59:16]   [geth] Waiting for RPC...
[2026-06-01 08:59:18]   [geth] RPC ready after 3s
[2026-06-01 08:59:18]   [bench] Running execute remote...
[2026-06-01 08:59:26]   [bench] exit=0 passed=1 failed=0
0 missing_trie_node=0
0
[2026-06-01 08:59:26] 
[2026-06-01 08:59:26]   --- storage_sstore_k1_run3 (ubt) write-offset=300000000 K=1 ---
[2026-06-01 08:59:26]   [geth] Stopping (SIGTERM, waiting up to 120s for clean exit): 1049743
[2026-06-01 08:59:27]   [geth] exited cleanly after 1s
[2026-06-01 08:59:27]   [cache] OS page cache dropped
Fatal: Could not create the account: account already exists
[2026-06-01 08:59:27]   [geth] Starting (ubt, gd=5, cold=1, dev.period=1, 1tx/block)
[2026-06-01 08:59:27]   [geth] Waiting for RPC...
[2026-06-01 08:59:29]   [geth] RPC ready after 3s
[2026-06-01 08:59:29]   [bench] Running execute remote...
[2026-06-01 08:59:36]   [bench] exit=0 passed=1 failed=0
0 missing_trie_node=0
0
[2026-06-01 08:59:36] 
[2026-06-01 08:59:36]   --- storage_sstore_k1_run4 (ubt) write-offset=400000000 K=1 ---
[2026-06-01 08:59:36]   [geth] Stopping (SIGTERM, waiting up to 120s for clean exit): 1049818
[2026-06-01 08:59:37]   [geth] exited cleanly after 1s
[2026-06-01 08:59:37]   [cache] OS page cache dropped
Fatal: Could not create the account: account already exists
[2026-06-01 08:59:37]   [geth] Starting (ubt, gd=5, cold=1, dev.period=1, 1tx/block)
[2026-06-01 08:59:37]   [geth] Waiting for RPC...
[2026-06-01 08:59:39]   [geth] RPC ready after 3s
[2026-06-01 08:59:39]   [bench] Running execute remote...
[2026-06-01 08:59:46]   [bench] exit=0 passed=1 failed=0
0 missing_trie_node=0
0
[2026-06-01 08:59:47] 
[2026-06-01 08:59:47]   --- storage_sstore_k1_run5 (ubt) write-offset=500000000 K=1 ---
[2026-06-01 08:59:47]   [geth] Stopping (SIGTERM, waiting up to 120s for clean exit): 1049894
[2026-06-01 08:59:48]   [geth] exited cleanly after 1s
[2026-06-01 08:59:48]   [cache] OS page cache dropped
Fatal: Could not create the account: account already exists
[2026-06-01 08:59:48]   [geth] Starting (ubt, gd=5, cold=1, dev.period=1, 1tx/block)
[2026-06-01 08:59:48]   [geth] Waiting for RPC...
[2026-06-01 08:59:50]   [geth] RPC ready after 3s
[2026-06-01 08:59:50]   [bench] Running execute remote...
[2026-06-01 08:59:57]   [bench] exit=0 passed=1 failed=0
0 missing_trie_node=0
0
[2026-06-01 08:59:57] 
[2026-06-01 08:59:57]   --- storage_sstore_k1_run6 (ubt) write-offset=600000000 K=1 ---
[2026-06-01 08:59:57]   [geth] Stopping (SIGTERM, waiting up to 120s for clean exit): 1049967
[2026-06-01 08:59:58]   [geth] exited cleanly after 1s
[2026-06-01 08:59:58]   [cache] OS page cache dropped
Fatal: Could not create the account: account already exists
[2026-06-01 08:59:58]   [geth] Starting (ubt, gd=5, cold=1, dev.period=1, 1tx/block)
[2026-06-01 08:59:58]   [geth] Waiting for RPC...
[2026-06-01 09:00:00]   [geth] RPC ready after 3s
[2026-06-01 09:00:00]   [bench] Running execute remote...
[2026-06-01 09:00:07]   [bench] exit=0 passed=1 failed=0
0 missing_trie_node=0
0
[2026-06-01 09:00:07] 
[2026-06-01 09:00:07]   --- storage_sstore_k1_run7 (ubt) write-offset=700000000 K=1 ---
[2026-06-01 09:00:07]   [geth] Stopping (SIGTERM, waiting up to 120s for clean exit): 1050042
[2026-06-01 09:00:08]   [geth] exited cleanly after 1s
[2026-06-01 09:00:08]   [cache] OS page cache dropped
Fatal: Could not create the account: account already exists
[2026-06-01 09:00:08]   [geth] Starting (ubt, gd=5, cold=1, dev.period=1, 1tx/block)
[2026-06-01 09:00:08]   [geth] Waiting for RPC...
[2026-06-01 09:00:10]   [geth] RPC ready after 3s
[2026-06-01 09:00:10]   [bench] Running execute remote...
[2026-06-01 09:00:17]   [bench] exit=0 passed=1 failed=0
0 missing_trie_node=0
0
[2026-06-01 09:00:17] 
[2026-06-01 09:00:17]   --- storage_sstore_k1_run8 (ubt) write-offset=800000000 K=1 ---
[2026-06-01 09:00:17]   [geth] Stopping (SIGTERM, waiting up to 120s for clean exit): 1050119
[2026-06-01 09:00:18]   [geth] exited cleanly after 1s
[2026-06-01 09:00:18]   [cache] OS page cache dropped
Fatal: Could not create the account: account already exists
[2026-06-01 09:00:18]   [geth] Starting (ubt, gd=5, cold=1, dev.period=1, 1tx/block)
[2026-06-01 09:00:18]   [geth] Waiting for RPC...
[2026-06-01 09:00:20]   [geth] RPC ready after 3s
[2026-06-01 09:00:20]   [bench] Running execute remote...
[2026-06-01 09:00:28]   [bench] exit=0 passed=1 failed=0
0 missing_trie_node=0
0
[2026-06-01 09:00:28] 
[2026-06-01 09:00:28]   --- storage_sstore_k1_run9 (ubt) write-offset=900000000 K=1 ---
[2026-06-01 09:00:28]   [geth] Stopping (SIGTERM, waiting up to 120s for clean exit): 1050193
[2026-06-01 09:00:29]   [geth] exited cleanly after 1s
[2026-06-01 09:00:29]   [cache] OS page cache dropped
Fatal: Could not create the account: account already exists
[2026-06-01 09:00:30]   [geth] Starting (ubt, gd=5, cold=1, dev.period=1, 1tx/block)
[2026-06-01 09:00:30]   [geth] Waiting for RPC...
[2026-06-01 09:00:32]   [geth] RPC ready after 3s
[2026-06-01 09:00:32]   [bench] Running execute remote...
[2026-06-01 09:00:40]   [bench] exit=0 passed=1 failed=0
0 missing_trie_node=0
0
[2026-06-01 09:00:40] 
[2026-06-01 09:00:40]   --- storage_sstore_k1_run10 (ubt) write-offset=1000000000 K=1 ---
[2026-06-01 09:00:40]   [geth] Stopping (SIGTERM, waiting up to 120s for clean exit): 1050268
[2026-06-01 09:00:41]   [geth] exited cleanly after 1s
[2026-06-01 09:00:41]   [cache] OS page cache dropped
Fatal: Could not create the account: account already exists
[2026-06-01 09:00:41]   [geth] Starting (ubt, gd=5, cold=1, dev.period=1, 1tx/block)
[2026-06-01 09:00:41]   [geth] Waiting for RPC...
[2026-06-01 09:00:43]   [geth] RPC ready after 3s
[2026-06-01 09:00:43]   [bench] Running execute remote...
[2026-06-01 09:00:50]   [bench] exit=0 passed=1 failed=0
0 missing_trie_node=0
0
[2026-06-01 09:00:50] 
[2026-06-01 09:00:50]   --- storage_sstore_k1_run11 (ubt) write-offset=1100000000 K=1 ---
[2026-06-01 09:00:50]   [geth] Stopping (SIGTERM, waiting up to 120s for clean exit): 1050343
[2026-06-01 09:00:51]   [geth] exited cleanly after 1s
[2026-06-01 09:00:51]   [cache] OS page cache dropped
Fatal: Could not create the account: account already exists
[2026-06-01 09:00:51]   [geth] Starting (ubt, gd=5, cold=1, dev.period=1, 1tx/block)
[2026-06-01 09:00:51]   [geth] Waiting for RPC...
[2026-06-01 09:00:53]   [geth] RPC ready after 3s
[2026-06-01 09:00:53]   [bench] Running execute remote...
[2026-06-01 09:01:00]   [bench] exit=0 passed=1 failed=0
0 missing_trie_node=0
0
[2026-06-01 09:01:00] 
[2026-06-01 09:01:00]   --- storage_sstore_k1_run12 (ubt) write-offset=1200000000 K=1 ---
[2026-06-01 09:01:00]   [geth] Stopping (SIGTERM, waiting up to 120s for clean exit): 1050513
[2026-06-01 09:01:01]   [geth] exited cleanly after 1s
[2026-06-01 09:01:01]   [cache] OS page cache dropped
Fatal: Could not create the account: account already exists
[2026-06-01 09:01:02]   [geth] Starting (ubt, gd=5, cold=1, dev.period=1, 1tx/block)
[2026-06-01 09:01:02]   [geth] Waiting for RPC...
[2026-06-01 09:01:04]   [geth] RPC ready after 3s
[2026-06-01 09:01:04]   [bench] Running execute remote...
[2026-06-01 09:01:11]   [bench] exit=0 passed=1 failed=0
0 missing_trie_node=0
0
[2026-06-01 09:01:11] 
[2026-06-01 09:01:11]   --- storage_sstore_k1_run13 (ubt) write-offset=1300000000 K=1 ---
[2026-06-01 09:01:11]   [geth] Stopping (SIGTERM, waiting up to 120s for clean exit): 1050622
[2026-06-01 09:01:12]   [geth] exited cleanly after 1s
[2026-06-01 09:01:12]   [cache] OS page cache dropped
Fatal: Could not create the account: account already exists
[2026-06-01 09:01:12]   [geth] Starting (ubt, gd=5, cold=1, dev.period=1, 1tx/block)
[2026-06-01 09:01:12]   [geth] Waiting for RPC...
[2026-06-01 09:01:14]   [geth] RPC ready after 3s
[2026-06-01 09:01:14]   [bench] Running execute remote...
[2026-06-01 09:01:21]   [bench] exit=0 passed=1 failed=0
0 missing_trie_node=0
0
[2026-06-01 09:01:21] 
[2026-06-01 09:01:21]   --- storage_sstore_k1_run14 (ubt) write-offset=1400000000 K=1 ---
[2026-06-01 09:01:21]   [geth] Stopping (SIGTERM, waiting up to 120s for clean exit): 1050698
[2026-06-01 09:01:22]   [geth] exited cleanly after 1s
[2026-06-01 09:01:22]   [cache] OS page cache dropped
Fatal: Could not create the account: account already exists
[2026-06-01 09:01:22]   [geth] Starting (ubt, gd=5, cold=1, dev.period=1, 1tx/block)
[2026-06-01 09:01:22]   [geth] Waiting for RPC...
[2026-06-01 09:01:24]   [geth] RPC ready after 3s
[2026-06-01 09:01:24]   [bench] Running execute remote...
[2026-06-01 09:01:32]   [bench] exit=0 passed=1 failed=0
0 missing_trie_node=0
0
[2026-06-01 09:01:32] 
[2026-06-01 09:01:32]   --- storage_sstore_k1_run15 (ubt) write-offset=1500000000 K=1 ---
[2026-06-01 09:01:32]   [geth] Stopping (SIGTERM, waiting up to 120s for clean exit): 1050774
[2026-06-01 09:01:33]   [geth] exited cleanly after 1s
[2026-06-01 09:01:33]   [cache] OS page cache dropped
Fatal: Could not create the account: account already exists
[2026-06-01 09:01:33]   [geth] Starting (ubt, gd=5, cold=1, dev.period=1, 1tx/block)
[2026-06-01 09:01:33]   [geth] Waiting for RPC...
[2026-06-01 09:01:35]   [geth] RPC ready after 3s
[2026-06-01 09:01:35]   [bench] Running execute remote...
[2026-06-01 09:01:42]   [bench] exit=0 passed=1 failed=0
0 missing_trie_node=0
0
[2026-06-01 09:01:42] 
[2026-06-01 09:01:42]   --- storage_sstore_k1_run16 (ubt) write-offset=1600000000 K=1 ---
[2026-06-01 09:01:42]   [geth] Stopping (SIGTERM, waiting up to 120s for clean exit): 1050849
[2026-06-01 09:01:43]   [geth] exited cleanly after 1s
[2026-06-01 09:01:43]   [cache] OS page cache dropped
Fatal: Could not create the account: account already exists
[2026-06-01 09:01:44]   [geth] Starting (ubt, gd=5, cold=1, dev.period=1, 1tx/block)
[2026-06-01 09:01:44]   [geth] Waiting for RPC...
[2026-06-01 09:01:46]   [geth] RPC ready after 3s
[2026-06-01 09:01:46]   [bench] Running execute remote...
[2026-06-01 09:01:53]   [bench] exit=0 passed=1 failed=0
0 missing_trie_node=0
0
[2026-06-01 09:01:53] 
[2026-06-01 09:01:53]   --- storage_sstore_k1_run17 (ubt) write-offset=1700000000 K=1 ---
[2026-06-01 09:01:53]   [geth] Stopping (SIGTERM, waiting up to 120s for clean exit): 1050923
[2026-06-01 09:01:54]   [geth] exited cleanly after 1s
[2026-06-01 09:01:54]   [cache] OS page cache dropped
Fatal: Could not create the account: account already exists
[2026-06-01 09:01:54]   [geth] Starting (ubt, gd=5, cold=1, dev.period=1, 1tx/block)
[2026-06-01 09:01:54]   [geth] Waiting for RPC...
[2026-06-01 09:01:56]   [geth] RPC ready after 3s
[2026-06-01 09:01:56]   [bench] Running execute remote...
[2026-06-01 09:02:04]   [bench] exit=0 passed=1 failed=0
0 missing_trie_node=0
0
[2026-06-01 09:02:04] 
[2026-06-01 09:02:04]   --- storage_sstore_k1_run18 (ubt) write-offset=1800000000 K=1 ---
[2026-06-01 09:02:04]   [geth] Stopping (SIGTERM, waiting up to 120s for clean exit): 1050998
[2026-06-01 09:02:05]   [geth] exited cleanly after 1s
[2026-06-01 09:02:05]   [cache] OS page cache dropped
Fatal: Could not create the account: account already exists
[2026-06-01 09:02:05]   [geth] Starting (ubt, gd=5, cold=1, dev.period=1, 1tx/block)
[2026-06-01 09:02:05]   [geth] Waiting for RPC...
[2026-06-01 09:02:07]   [geth] RPC ready after 3s
[2026-06-01 09:02:07]   [bench] Running execute remote...
[2026-06-01 09:02:14]   [bench] exit=0 passed=1 failed=0
0 missing_trie_node=0
0
[2026-06-01 09:02:14] 
[2026-06-01 09:02:14]   --- storage_sstore_k1_run19 (ubt) write-offset=1900000000 K=1 ---
[2026-06-01 09:02:14]   [geth] Stopping (SIGTERM, waiting up to 120s for clean exit): 1051076
[2026-06-01 09:02:15]   [geth] exited cleanly after 1s
[2026-06-01 09:02:16]   [cache] OS page cache dropped
Fatal: Could not create the account: account already exists
[2026-06-01 09:02:16]   [geth] Starting (ubt, gd=5, cold=1, dev.period=1, 1tx/block)
[2026-06-01 09:02:16]   [geth] Waiting for RPC...
[2026-06-01 09:02:18]   [geth] RPC ready after 3s
[2026-06-01 09:02:18]   [bench] Running execute remote...
[2026-06-01 09:02:25]   [bench] exit=0 passed=1 failed=0
0 missing_trie_node=0
0
[2026-06-01 09:02:25] 
[2026-06-01 09:02:25]   --- storage_sstore_k1_run20 (ubt) write-offset=2000000000 K=1 ---
[2026-06-01 09:02:25]   [geth] Stopping (SIGTERM, waiting up to 120s for clean exit): 1051155
[2026-06-01 09:02:26]   [geth] exited cleanly after 1s
[2026-06-01 09:02:26]   [cache] OS page cache dropped
Fatal: Could not create the account: account already exists
[2026-06-01 09:02:26]   [geth] Starting (ubt, gd=5, cold=1, dev.period=1, 1tx/block)
[2026-06-01 09:02:26]   [geth] Waiting for RPC...
[2026-06-01 09:02:28]   [geth] RPC ready after 3s
[2026-06-01 09:02:28]   [bench] Running execute remote...
[2026-06-01 09:02:35]   [bench] exit=0 passed=1 failed=0
0 missing_trie_node=0
0
[2026-06-01 09:02:35] 
[2026-06-01 09:02:35]   ── BENCHMARK: storage_sstore_k10 (pool=256 contracts; effective K=10)
[2026-06-01 09:02:35] 
[2026-06-01 09:02:35]   --- storage_sstore_k10_run1 (ubt) write-offset=100000000 K=10 ---
[2026-06-01 09:02:35]   [geth] Stopping (SIGTERM, waiting up to 120s for clean exit): 1051246
[2026-06-01 09:02:36]   [geth] exited cleanly after 1s
[2026-06-01 09:02:36]   [cache] OS page cache dropped
Fatal: Could not create the account: account already exists
[2026-06-01 09:02:36]   [geth] Starting (ubt, gd=5, cold=1, dev.period=1, 1tx/block)
[2026-06-01 09:02:36]   [geth] Waiting for RPC...
[2026-06-01 09:02:38]   [geth] RPC ready after 3s
[2026-06-01 09:02:38]   [bench] Running execute remote...
[2026-06-01 09:02:45]   [bench] exit=0 passed=1 failed=0
0 missing_trie_node=0
0
[2026-06-01 09:02:45] 
[2026-06-01 09:02:45]   --- storage_sstore_k10_run2 (ubt) write-offset=200000000 K=10 ---
[2026-06-01 09:02:45]   [geth] Stopping (SIGTERM, waiting up to 120s for clean exit): 1051345
[2026-06-01 09:02:46]   [geth] exited cleanly after 1s
[2026-06-01 09:02:46]   [cache] OS page cache dropped
Fatal: Could not create the account: account already exists
[2026-06-01 09:02:46]   [geth] Starting (ubt, gd=5, cold=1, dev.period=1, 1tx/block)
[2026-06-01 09:02:46]   [geth] Waiting for RPC...
[2026-06-01 09:02:48]   [geth] RPC ready after 3s
[2026-06-01 09:02:48]   [bench] Running execute remote...
[2026-06-01 09:02:55]   [bench] exit=0 passed=1 failed=0
0 missing_trie_node=0
0
[2026-06-01 09:02:55] 
[2026-06-01 09:02:55]   --- storage_sstore_k10_run3 (ubt) write-offset=300000000 K=10 ---
[2026-06-01 09:02:55]   [geth] Stopping (SIGTERM, waiting up to 120s for clean exit): 1051430
[2026-06-01 09:02:56]   [geth] exited cleanly after 1s
[2026-06-01 09:02:56]   [cache] OS page cache dropped
Fatal: Could not create the account: account already exists
[2026-06-01 09:02:57]   [geth] Starting (ubt, gd=5, cold=1, dev.period=1, 1tx/block)
[2026-06-01 09:02:57]   [geth] Waiting for RPC...
[2026-06-01 09:02:59]   [geth] RPC ready after 3s
[2026-06-01 09:02:59]   [bench] Running execute remote...
[2026-06-01 09:03:06]   [bench] exit=0 passed=1 failed=0
0 missing_trie_node=0
0
[2026-06-01 09:03:06] 
[2026-06-01 09:03:06]   --- storage_sstore_k10_run4 (ubt) write-offset=400000000 K=10 ---
[2026-06-01 09:03:06]   [geth] Stopping (SIGTERM, waiting up to 120s for clean exit): 1051508
[2026-06-01 09:03:07]   [geth] exited cleanly after 1s
[2026-06-01 09:03:07]   [cache] OS page cache dropped
Fatal: Could not create the account: account already exists
[2026-06-01 09:03:07]   [geth] Starting (ubt, gd=5, cold=1, dev.period=1, 1tx/block)
[2026-06-01 09:03:07]   [geth] Waiting for RPC...
[2026-06-01 09:03:09]   [geth] RPC ready after 3s
[2026-06-01 09:03:09]   [bench] Running execute remote...
[2026-06-01 09:03:16]   [bench] exit=0 passed=1 failed=0
0 missing_trie_node=0
0
[2026-06-01 09:03:16] 
[2026-06-01 09:03:16]   --- storage_sstore_k10_run5 (ubt) write-offset=500000000 K=10 ---
[2026-06-01 09:03:16]   [geth] Stopping (SIGTERM, waiting up to 120s for clean exit): 1051676
[2026-06-01 09:03:17]   [geth] exited cleanly after 1s
[2026-06-01 09:03:17]   [cache] OS page cache dropped
Fatal: Could not create the account: account already exists
[2026-06-01 09:03:17]   [geth] Starting (ubt, gd=5, cold=1, dev.period=1, 1tx/block)
[2026-06-01 09:03:17]   [geth] Waiting for RPC...
[2026-06-01 09:03:19]   [geth] RPC ready after 3s
[2026-06-01 09:03:19]   [bench] Running execute remote...
[2026-06-01 09:03:26]   [bench] exit=0 passed=1 failed=0
0 missing_trie_node=0
0
[2026-06-01 09:03:26] 
[2026-06-01 09:03:26]   --- storage_sstore_k10_run6 (ubt) write-offset=600000000 K=10 ---
[2026-06-01 09:03:26]   [geth] Stopping (SIGTERM, waiting up to 120s for clean exit): 1051753
[2026-06-01 09:03:27]   [geth] exited cleanly after 1s
[2026-06-01 09:03:27]   [cache] OS page cache dropped
Fatal: Could not create the account: account already exists
[2026-06-01 09:03:27]   [geth] Starting (ubt, gd=5, cold=1, dev.period=1, 1tx/block)
[2026-06-01 09:03:27]   [geth] Waiting for RPC...
[2026-06-01 09:03:29]   [geth] RPC ready after 3s
[2026-06-01 09:03:29]   [bench] Running execute remote...
[2026-06-01 09:03:35]   [bench] exit=0 passed=1 failed=0
0 missing_trie_node=0
0
[2026-06-01 09:03:35] 
[2026-06-01 09:03:35]   --- storage_sstore_k10_run7 (ubt) write-offset=700000000 K=10 ---
[2026-06-01 09:03:35]   [geth] Stopping (SIGTERM, waiting up to 120s for clean exit): 1051830
[2026-06-01 09:03:36]   [geth] exited cleanly after 1s
[2026-06-01 09:03:36]   [cache] OS page cache dropped
Fatal: Could not create the account: account already exists
[2026-06-01 09:03:37]   [geth] Starting (ubt, gd=5, cold=1, dev.period=1, 1tx/block)
[2026-06-01 09:03:37]   [geth] Waiting for RPC...
[2026-06-01 09:03:39]   [geth] RPC ready after 3s
[2026-06-01 09:03:39]   [bench] Running execute remote...
[2026-06-01 09:03:45]   [bench] exit=0 passed=1 failed=0
0 missing_trie_node=0
0
[2026-06-01 09:03:45] 
[2026-06-01 09:03:45]   --- storage_sstore_k10_run8 (ubt) write-offset=800000000 K=10 ---
[2026-06-01 09:03:45]   [geth] Stopping (SIGTERM, waiting up to 120s for clean exit): 1051905
[2026-06-01 09:03:46]   [geth] exited cleanly after 1s
[2026-06-01 09:03:46]   [cache] OS page cache dropped
Fatal: Could not create the account: account already exists
[2026-06-01 09:03:46]   [geth] Starting (ubt, gd=5, cold=1, dev.period=1, 1tx/block)
[2026-06-01 09:03:46]   [geth] Waiting for RPC...
[2026-06-01 09:03:48]   [geth] RPC ready after 3s
[2026-06-01 09:03:48]   [bench] Running execute remote...
[2026-06-01 09:03:55]   [bench] exit=0 passed=1 failed=0
0 missing_trie_node=0
0
[2026-06-01 09:03:55] 
[2026-06-01 09:03:55]   --- storage_sstore_k10_run9 (ubt) write-offset=900000000 K=10 ---
[2026-06-01 09:03:55]   [geth] Stopping (SIGTERM, waiting up to 120s for clean exit): 1051980
[2026-06-01 09:03:56]   [geth] exited cleanly after 1s
[2026-06-01 09:03:56]   [cache] OS page cache dropped
Fatal: Could not create the account: account already exists
[2026-06-01 09:03:56]   [geth] Starting (ubt, gd=5, cold=1, dev.period=1, 1tx/block)
[2026-06-01 09:03:56]   [geth] Waiting for RPC...
[2026-06-01 09:03:58]   [geth] RPC ready after 3s
[2026-06-01 09:03:58]   [bench] Running execute remote...
[2026-06-01 09:04:04]   [bench] exit=0 passed=1 failed=0
0 missing_trie_node=0
0
[2026-06-01 09:04:04] 
[2026-06-01 09:04:04]   --- storage_sstore_k10_run10 (ubt) write-offset=1000000000 K=10 ---
[2026-06-01 09:04:04]   [geth] Stopping (SIGTERM, waiting up to 120s for clean exit): 1052056
[2026-06-01 09:04:05]   [geth] exited cleanly after 1s
[2026-06-01 09:04:06]   [cache] OS page cache dropped
Fatal: Could not create the account: account already exists
[2026-06-01 09:04:06]   [geth] Starting (ubt, gd=5, cold=1, dev.period=1, 1tx/block)
[2026-06-01 09:04:06]   [geth] Waiting for RPC...
[2026-06-01 09:04:08]   [geth] RPC ready after 3s
[2026-06-01 09:04:08]   [bench] Running execute remote...
[2026-06-01 09:04:15]   [bench] exit=0 passed=1 failed=0
0 missing_trie_node=0
0
[2026-06-01 09:04:15] 
[2026-06-01 09:04:15]   --- storage_sstore_k10_run11 (ubt) write-offset=1100000000 K=10 ---
[2026-06-01 09:04:15]   [geth] Stopping (SIGTERM, waiting up to 120s for clean exit): 1052132
[2026-06-01 09:04:16]   [geth] exited cleanly after 1s
[2026-06-01 09:04:16]   [cache] OS page cache dropped
Fatal: Could not create the account: account already exists
[2026-06-01 09:04:16]   [geth] Starting (ubt, gd=5, cold=1, dev.period=1, 1tx/block)
[2026-06-01 09:04:16]   [geth] Waiting for RPC...
[2026-06-01 09:04:18]   [geth] RPC ready after 3s
[2026-06-01 09:04:18]   [bench] Running execute remote...
[2026-06-01 09:04:25]   [bench] exit=0 passed=1 failed=0
0 missing_trie_node=0
0
[2026-06-01 09:04:25] 
[2026-06-01 09:04:25]   --- storage_sstore_k10_run12 (ubt) write-offset=1200000000 K=10 ---
[2026-06-01 09:04:25]   [geth] Stopping (SIGTERM, waiting up to 120s for clean exit): 1052208
[2026-06-01 09:04:26]   [geth] exited cleanly after 1s
[2026-06-01 09:04:26]   [cache] OS page cache dropped
Fatal: Could not create the account: account already exists
[2026-06-01 09:04:26]   [geth] Starting (ubt, gd=5, cold=1, dev.period=1, 1tx/block)
[2026-06-01 09:04:26]   [geth] Waiting for RPC...
[2026-06-01 09:04:28]   [geth] RPC ready after 3s
[2026-06-01 09:04:28]   [bench] Running execute remote...
[2026-06-01 09:04:35]   [bench] exit=0 passed=1 failed=0
0 missing_trie_node=0
0
[2026-06-01 09:04:35] 
[2026-06-01 09:04:35]   --- storage_sstore_k10_run13 (ubt) write-offset=1300000000 K=10 ---
[2026-06-01 09:04:35]   [geth] Stopping (SIGTERM, waiting up to 120s for clean exit): 1052282
[2026-06-01 09:04:36]   [geth] exited cleanly after 1s
[2026-06-01 09:04:36]   [cache] OS page cache dropped
Fatal: Could not create the account: account already exists
[2026-06-01 09:04:36]   [geth] Starting (ubt, gd=5, cold=1, dev.period=1, 1tx/block)
[2026-06-01 09:04:36]   [geth] Waiting for RPC...
[2026-06-01 09:04:38]   [geth] RPC ready after 3s
[2026-06-01 09:04:38]   [bench] Running execute remote...
[2026-06-01 09:04:45]   [bench] exit=0 passed=1 failed=0
0 missing_trie_node=0
0
[2026-06-01 09:04:45] 
[2026-06-01 09:04:45]   --- storage_sstore_k10_run14 (ubt) write-offset=1400000000 K=10 ---
[2026-06-01 09:04:45]   [geth] Stopping (SIGTERM, waiting up to 120s for clean exit): 1052356
[2026-06-01 09:04:46]   [geth] exited cleanly after 1s
[2026-06-01 09:04:46]   [cache] OS page cache dropped
Fatal: Could not create the account: account already exists
[2026-06-01 09:04:47]   [geth] Starting (ubt, gd=5, cold=1, dev.period=1, 1tx/block)
[2026-06-01 09:04:47]   [geth] Waiting for RPC...
[2026-06-01 09:04:49]   [geth] RPC ready after 3s
[2026-06-01 09:04:49]   [bench] Running execute remote...
[2026-06-01 09:04:56]   [bench] exit=0 passed=1 failed=0
0 missing_trie_node=0
0
[2026-06-01 09:04:56] 
[2026-06-01 09:04:56]   --- storage_sstore_k10_run15 (ubt) write-offset=1500000000 K=10 ---
[2026-06-01 09:04:56]   [geth] Stopping (SIGTERM, waiting up to 120s for clean exit): 1052431
[2026-06-01 09:04:57]   [geth] exited cleanly after 1s
[2026-06-01 09:04:57]   [cache] OS page cache dropped
Fatal: Could not create the account: account already exists
[2026-06-01 09:04:57]   [geth] Starting (ubt, gd=5, cold=1, dev.period=1, 1tx/block)
[2026-06-01 09:04:57]   [geth] Waiting for RPC...
[2026-06-01 09:04:59]   [geth] RPC ready after 3s
[2026-06-01 09:04:59]   [bench] Running execute remote...
[2026-06-01 09:05:06]   [bench] exit=0 passed=1 failed=0
0 missing_trie_node=0
0
[2026-06-01 09:05:06] 
[2026-06-01 09:05:06]   --- storage_sstore_k10_run16 (ubt) write-offset=1600000000 K=10 ---
[2026-06-01 09:05:06]   [geth] Stopping (SIGTERM, waiting up to 120s for clean exit): 1052506
[2026-06-01 09:05:07]   [geth] exited cleanly after 1s
[2026-06-01 09:05:07]   [cache] OS page cache dropped
Fatal: Could not create the account: account already exists
[2026-06-01 09:05:07]   [geth] Starting (ubt, gd=5, cold=1, dev.period=1, 1tx/block)
[2026-06-01 09:05:07]   [geth] Waiting for RPC...
[2026-06-01 09:05:09]   [geth] RPC ready after 3s
[2026-06-01 09:05:09]   [bench] Running execute remote...
[2026-06-01 09:05:16]   [bench] exit=0 passed=1 failed=0
0 missing_trie_node=0
0
[2026-06-01 09:05:16] 
[2026-06-01 09:05:16]   --- storage_sstore_k10_run17 (ubt) write-offset=1700000000 K=10 ---
[2026-06-01 09:05:16]   [geth] Stopping (SIGTERM, waiting up to 120s for clean exit): 1052619
[2026-06-01 09:05:17]   [geth] exited cleanly after 1s
[2026-06-01 09:05:17]   [cache] OS page cache dropped
Fatal: Could not create the account: account already exists
[2026-06-01 09:05:17]   [geth] Starting (ubt, gd=5, cold=1, dev.period=1, 1tx/block)
[2026-06-01 09:05:17]   [geth] Waiting for RPC...
[2026-06-01 09:05:19]   [geth] RPC ready after 3s
[2026-06-01 09:05:19]   [bench] Running execute remote...
[2026-06-01 09:05:26]   [bench] exit=0 passed=1 failed=0
0 missing_trie_node=0
0
[2026-06-01 09:05:26] 
[2026-06-01 09:05:26]   --- storage_sstore_k10_run18 (ubt) write-offset=1800000000 K=10 ---
[2026-06-01 09:05:26]   [geth] Stopping (SIGTERM, waiting up to 120s for clean exit): 1052739
[2026-06-01 09:05:27]   [geth] exited cleanly after 1s
[2026-06-01 09:05:27]   [cache] OS page cache dropped
Fatal: Could not create the account: account already exists
[2026-06-01 09:05:27]   [geth] Starting (ubt, gd=5, cold=1, dev.period=1, 1tx/block)
[2026-06-01 09:05:28]   [geth] Waiting for RPC...
[2026-06-01 09:05:30]   [geth] RPC ready after 3s
[2026-06-01 09:05:30]   [bench] Running execute remote...
[2026-06-01 09:05:37]   [bench] exit=0 passed=1 failed=0
0 missing_trie_node=0
0
[2026-06-01 09:05:37] 
[2026-06-01 09:05:37]   --- storage_sstore_k10_run19 (ubt) write-offset=1900000000 K=10 ---
[2026-06-01 09:05:37]   [geth] Stopping (SIGTERM, waiting up to 120s for clean exit): 1052913
[2026-06-01 09:05:38]   [geth] exited cleanly after 1s
[2026-06-01 09:05:38]   [cache] OS page cache dropped
Fatal: Could not create the account: account already exists
[2026-06-01 09:05:38]   [geth] Starting (ubt, gd=5, cold=1, dev.period=1, 1tx/block)
[2026-06-01 09:05:38]   [geth] Waiting for RPC...
[2026-06-01 09:05:40]   [geth] RPC ready after 3s
[2026-06-01 09:05:40]   [bench] Running execute remote...
[2026-06-01 09:05:48]   [bench] exit=0 passed=1 failed=0
0 missing_trie_node=0
0
[2026-06-01 09:05:48] 
[2026-06-01 09:05:48]   --- storage_sstore_k10_run20 (ubt) write-offset=2000000000 K=10 ---
[2026-06-01 09:05:48]   [geth] Stopping (SIGTERM, waiting up to 120s for clean exit): 1052988
[2026-06-01 09:05:49]   [geth] exited cleanly after 1s
[2026-06-01 09:05:49]   [cache] OS page cache dropped
Fatal: Could not create the account: account already exists
[2026-06-01 09:05:49]   [geth] Starting (ubt, gd=5, cold=1, dev.period=1, 1tx/block)
[2026-06-01 09:05:49]   [geth] Waiting for RPC...
[2026-06-01 09:05:51]   [geth] RPC ready after 3s
[2026-06-01 09:05:51]   [bench] Running execute remote...
[2026-06-01 09:05:58]   [bench] exit=0 passed=1 failed=0
0 missing_trie_node=0
0
[2026-06-01 09:05:58] 
[2026-06-01 09:05:58]   ── BENCHMARK: storage_sstore_k100 (pool=256 contracts; effective K=100)
[2026-06-01 09:05:58] 
[2026-06-01 09:05:58]   --- storage_sstore_k100_run1 (ubt) write-offset=100000000 K=100 ---
[2026-06-01 09:05:58]   [geth] Stopping (SIGTERM, waiting up to 120s for clean exit): 1053063
[2026-06-01 09:05:59]   [geth] exited cleanly after 1s
[2026-06-01 09:05:59]   [cache] OS page cache dropped
Fatal: Could not create the account: account already exists
[2026-06-01 09:06:00]   [geth] Starting (ubt, gd=5, cold=1, dev.period=1, 1tx/block)
[2026-06-01 09:06:00]   [geth] Waiting for RPC...
[2026-06-01 09:06:02]   [geth] RPC ready after 3s
[2026-06-01 09:06:02]   [bench] Running execute remote...
[2026-06-01 09:06:09]   [bench] exit=0 passed=1 failed=0
0 missing_trie_node=0
0
[2026-06-01 09:06:09] 
[2026-06-01 09:06:09]   --- storage_sstore_k100_run2 (ubt) write-offset=200000000 K=100 ---
[2026-06-01 09:06:09]   [geth] Stopping (SIGTERM, waiting up to 120s for clean exit): 1053159
[2026-06-01 09:06:10]   [geth] exited cleanly after 1s
[2026-06-01 09:06:10]   [cache] OS page cache dropped
Fatal: Could not create the account: account already exists
[2026-06-01 09:06:10]   [geth] Starting (ubt, gd=5, cold=1, dev.period=1, 1tx/block)
[2026-06-01 09:06:10]   [geth] Waiting for RPC...
[2026-06-01 09:06:12]   [geth] RPC ready after 3s
[2026-06-01 09:06:12]   [bench] Running execute remote...
[2026-06-01 09:06:20]   [bench] exit=0 passed=1 failed=0
0 missing_trie_node=0
0
[2026-06-01 09:06:20] 
[2026-06-01 09:06:20]   --- storage_sstore_k100_run3 (ubt) write-offset=300000000 K=100 ---
[2026-06-01 09:06:20]   [geth] Stopping (SIGTERM, waiting up to 120s for clean exit): 1053236
[2026-06-01 09:06:21]   [geth] exited cleanly after 1s
[2026-06-01 09:06:21]   [cache] OS page cache dropped
Fatal: Could not create the account: account already exists
[2026-06-01 09:06:21]   [geth] Starting (ubt, gd=5, cold=1, dev.period=1, 1tx/block)
[2026-06-01 09:06:21]   [geth] Waiting for RPC...
[2026-06-01 09:06:23]   [geth] RPC ready after 3s
[2026-06-01 09:06:23]   [bench] Running execute remote...
[2026-06-01 09:06:30]   [bench] exit=0 passed=1 failed=0
0 missing_trie_node=0
0
[2026-06-01 09:06:30] 
[2026-06-01 09:06:30]   --- storage_sstore_k100_run4 (ubt) write-offset=400000000 K=100 ---
[2026-06-01 09:06:30]   [geth] Stopping (SIGTERM, waiting up to 120s for clean exit): 1053310
[2026-06-01 09:06:31]   [geth] exited cleanly after 1s
[2026-06-01 09:06:32]   [cache] OS page cache dropped
Fatal: Could not create the account: account already exists
[2026-06-01 09:06:32]   [geth] Starting (ubt, gd=5, cold=1, dev.period=1, 1tx/block)
[2026-06-01 09:06:32]   [geth] Waiting for RPC...
[2026-06-01 09:06:34]   [geth] RPC ready after 3s
[2026-06-01 09:06:34]   [bench] Running execute remote...
[2026-06-01 09:06:41]   [bench] exit=0 passed=1 failed=0
0 missing_trie_node=0
0
[2026-06-01 09:06:41] 
[2026-06-01 09:06:41]   --- storage_sstore_k100_run5 (ubt) write-offset=500000000 K=100 ---
[2026-06-01 09:06:41]   [geth] Stopping (SIGTERM, waiting up to 120s for clean exit): 1053388
[2026-06-01 09:06:42]   [geth] exited cleanly after 1s
[2026-06-01 09:06:42]   [cache] OS page cache dropped
Fatal: Could not create the account: account already exists
[2026-06-01 09:06:42]   [geth] Starting (ubt, gd=5, cold=1, dev.period=1, 1tx/block)
[2026-06-01 09:06:42]   [geth] Waiting for RPC...
[2026-06-01 09:06:44]   [geth] RPC ready after 3s
[2026-06-01 09:06:44]   [bench] Running execute remote...
[2026-06-01 09:06:52]   [bench] exit=0 passed=1 failed=0
0 missing_trie_node=0
0
[2026-06-01 09:06:52] 
[2026-06-01 09:06:52]   --- storage_sstore_k100_run6 (ubt) write-offset=600000000 K=100 ---
[2026-06-01 09:06:52]   [geth] Stopping (SIGTERM, waiting up to 120s for clean exit): 1053473
[2026-06-01 09:06:53]   [geth] exited cleanly after 1s
[2026-06-01 09:06:53]   [cache] OS page cache dropped
Fatal: Could not create the account: account already exists
[2026-06-01 09:06:53]   [geth] Starting (ubt, gd=5, cold=1, dev.period=1, 1tx/block)
[2026-06-01 09:06:53]   [geth] Waiting for RPC...
[2026-06-01 09:06:55]   [geth] RPC ready after 3s
[2026-06-01 09:06:55]   [bench] Running execute remote...
[2026-06-01 09:07:02]   [bench] exit=0 passed=1 failed=0
0 missing_trie_node=0
0
[2026-06-01 09:07:02] 
[2026-06-01 09:07:02]   --- storage_sstore_k100_run7 (ubt) write-offset=700000000 K=100 ---
[2026-06-01 09:07:02]   [geth] Stopping (SIGTERM, waiting up to 120s for clean exit): 1053548
[2026-06-01 09:07:03]   [geth] exited cleanly after 1s
[2026-06-01 09:07:03]   [cache] OS page cache dropped
Fatal: Could not create the account: account already exists
[2026-06-01 09:07:03]   [geth] Starting (ubt, gd=5, cold=1, dev.period=1, 1tx/block)
[2026-06-01 09:07:03]   [geth] Waiting for RPC...
[2026-06-01 09:07:05]   [geth] RPC ready after 3s
[2026-06-01 09:07:05]   [bench] Running execute remote...
[2026-06-01 09:07:12]   [bench] exit=0 passed=1 failed=0
0 missing_trie_node=0
0
[2026-06-01 09:07:12] 
[2026-06-01 09:07:12]   --- storage_sstore_k100_run8 (ubt) write-offset=800000000 K=100 ---
[2026-06-01 09:07:12]   [geth] Stopping (SIGTERM, waiting up to 120s for clean exit): 1053622
[2026-06-01 09:07:13]   [geth] exited cleanly after 1s
[2026-06-01 09:07:13]   [cache] OS page cache dropped
Fatal: Could not create the account: account already exists
[2026-06-01 09:07:14]   [geth] Starting (ubt, gd=5, cold=1, dev.period=1, 1tx/block)
[2026-06-01 09:07:14]   [geth] Waiting for RPC...
[2026-06-01 09:07:16]   [geth] RPC ready after 3s
[2026-06-01 09:07:16]   [bench] Running execute remote...
[2026-06-01 09:07:24]   [bench] exit=0 passed=1 failed=0
0 missing_trie_node=0
0
[2026-06-01 09:07:24] 
[2026-06-01 09:07:24]   --- storage_sstore_k100_run9 (ubt) write-offset=900000000 K=100 ---
[2026-06-01 09:07:24]   [geth] Stopping (SIGTERM, waiting up to 120s for clean exit): 1053699
[2026-06-01 09:07:25]   [geth] exited cleanly after 1s
[2026-06-01 09:07:25]   [cache] OS page cache dropped
Fatal: Could not create the account: account already exists
[2026-06-01 09:07:25]   [geth] Starting (ubt, gd=5, cold=1, dev.period=1, 1tx/block)
[2026-06-01 09:07:25]   [geth] Waiting for RPC...
[2026-06-01 09:07:27]   [geth] RPC ready after 3s
[2026-06-01 09:07:27]   [bench] Running execute remote...
[2026-06-01 09:07:35]   [bench] exit=0 passed=1 failed=0
0 missing_trie_node=0
0
[2026-06-01 09:07:35] 
[2026-06-01 09:07:35]   --- storage_sstore_k100_run10 (ubt) write-offset=1000000000 K=100 ---
[2026-06-01 09:07:35]   [geth] Stopping (SIGTERM, waiting up to 120s for clean exit): 1053775
[2026-06-01 09:07:36]   [geth] exited cleanly after 1s
[2026-06-01 09:07:36]   [cache] OS page cache dropped
Fatal: Could not create the account: account already exists
[2026-06-01 09:07:36]   [geth] Starting (ubt, gd=5, cold=1, dev.period=1, 1tx/block)
[2026-06-01 09:07:36]   [geth] Waiting for RPC...
[2026-06-01 09:07:38]   [geth] RPC ready after 3s
[2026-06-01 09:07:38]   [bench] Running execute remote...
[2026-06-01 09:07:45]   [bench] exit=0 passed=1 failed=0
0 missing_trie_node=0
0
[2026-06-01 09:07:45] 
[2026-06-01 09:07:45]   --- storage_sstore_k100_run11 (ubt) write-offset=1100000000 K=100 ---
[2026-06-01 09:07:45]   [geth] Stopping (SIGTERM, waiting up to 120s for clean exit): 1053894
[2026-06-01 09:07:46]   [geth] exited cleanly after 1s
[2026-06-01 09:07:47]   [cache] OS page cache dropped
Fatal: Could not create the account: account already exists
[2026-06-01 09:07:47]   [geth] Starting (ubt, gd=5, cold=1, dev.period=1, 1tx/block)
[2026-06-01 09:07:47]   [geth] Waiting for RPC...
[2026-06-01 09:07:49]   [geth] RPC ready after 3s
[2026-06-01 09:07:49]   [bench] Running execute remote...
[2026-06-01 09:07:56]   [bench] exit=0 passed=1 failed=0
0 missing_trie_node=0
0
[2026-06-01 09:07:56] 
[2026-06-01 09:07:56]   --- storage_sstore_k100_run12 (ubt) write-offset=1200000000 K=100 ---
[2026-06-01 09:07:56]   [geth] Stopping (SIGTERM, waiting up to 120s for clean exit): 1054025
[2026-06-01 09:07:57]   [geth] exited cleanly after 1s
[2026-06-01 09:07:57]   [cache] OS page cache dropped
Fatal: Could not create the account: account already exists
[2026-06-01 09:07:57]   [geth] Starting (ubt, gd=5, cold=1, dev.period=1, 1tx/block)
[2026-06-01 09:07:57]   [geth] Waiting for RPC...
[2026-06-01 09:07:59]   [geth] RPC ready after 3s
[2026-06-01 09:07:59]   [bench] Running execute remote...
[2026-06-01 09:08:07]   [bench] exit=0 passed=1 failed=0
0 missing_trie_node=0
0
[2026-06-01 09:08:07] 
[2026-06-01 09:08:07]   --- storage_sstore_k100_run13 (ubt) write-offset=1300000000 K=100 ---
[2026-06-01 09:08:07]   [geth] Stopping (SIGTERM, waiting up to 120s for clean exit): 1054106
[2026-06-01 09:08:08]   [geth] exited cleanly after 1s
[2026-06-01 09:08:08]   [cache] OS page cache dropped
Fatal: Could not create the account: account already exists
[2026-06-01 09:08:08]   [geth] Starting (ubt, gd=5, cold=1, dev.period=1, 1tx/block)
[2026-06-01 09:08:08]   [geth] Waiting for RPC...
[2026-06-01 09:08:10]   [geth] RPC ready after 3s
[2026-06-01 09:08:10]   [bench] Running execute remote...
[2026-06-01 09:08:17]   [bench] exit=0 passed=1 failed=0
0 missing_trie_node=0
0
[2026-06-01 09:08:17] 
[2026-06-01 09:08:17]   --- storage_sstore_k100_run14 (ubt) write-offset=1400000000 K=100 ---
[2026-06-01 09:08:17]   [geth] Stopping (SIGTERM, waiting up to 120s for clean exit): 1054192
[2026-06-01 09:08:18]   [geth] exited cleanly after 1s
[2026-06-01 09:08:18]   [cache] OS page cache dropped
Fatal: Could not create the account: account already exists
[2026-06-01 09:08:18]   [geth] Starting (ubt, gd=5, cold=1, dev.period=1, 1tx/block)
[2026-06-01 09:08:18]   [geth] Waiting for RPC...
[2026-06-01 09:08:20]   [geth] RPC ready after 3s
[2026-06-01 09:08:20]   [bench] Running execute remote...
[2026-06-01 09:08:27]   [bench] exit=0 passed=1 failed=0
0 missing_trie_node=0
0
[2026-06-01 09:08:27] 
[2026-06-01 09:08:27]   --- storage_sstore_k100_run15 (ubt) write-offset=1500000000 K=100 ---
[2026-06-01 09:08:27]   [geth] Stopping (SIGTERM, waiting up to 120s for clean exit): 1054270
[2026-06-01 09:08:28]   [geth] exited cleanly after 1s
[2026-06-01 09:08:28]   [cache] OS page cache dropped
Fatal: Could not create the account: account already exists
[2026-06-01 09:08:28]   [geth] Starting (ubt, gd=5, cold=1, dev.period=1, 1tx/block)
[2026-06-01 09:08:28]   [geth] Waiting for RPC...
[2026-06-01 09:08:31]   [geth] RPC ready after 3s
[2026-06-01 09:08:31]   [bench] Running execute remote...
[2026-06-01 09:08:38]   [bench] exit=0 passed=1 failed=0
0 missing_trie_node=0
0
[2026-06-01 09:08:38] 
[2026-06-01 09:08:38]   --- storage_sstore_k100_run16 (ubt) write-offset=1600000000 K=100 ---
[2026-06-01 09:08:38]   [geth] Stopping (SIGTERM, waiting up to 120s for clean exit): 1054348
[2026-06-01 09:08:39]   [geth] exited cleanly after 1s
[2026-06-01 09:08:39]   [cache] OS page cache dropped
Fatal: Could not create the account: account already exists
[2026-06-01 09:08:39]   [geth] Starting (ubt, gd=5, cold=1, dev.period=1, 1tx/block)
[2026-06-01 09:08:39]   [geth] Waiting for RPC...
[2026-06-01 09:08:41]   [geth] RPC ready after 3s
[2026-06-01 09:08:41]   [bench] Running execute remote...
[2026-06-01 09:08:49]   [bench] exit=0 passed=1 failed=0
0 missing_trie_node=0
0
[2026-06-01 09:08:49] 
[2026-06-01 09:08:49]   --- storage_sstore_k100_run17 (ubt) write-offset=1700000000 K=100 ---
[2026-06-01 09:08:49]   [geth] Stopping (SIGTERM, waiting up to 120s for clean exit): 1054425
[2026-06-01 09:08:50]   [geth] exited cleanly after 1s
[2026-06-01 09:08:50]   [cache] OS page cache dropped
Fatal: Could not create the account: account already exists
[2026-06-01 09:08:50]   [geth] Starting (ubt, gd=5, cold=1, dev.period=1, 1tx/block)
[2026-06-01 09:08:50]   [geth] Waiting for RPC...
[2026-06-01 09:08:52]   [geth] RPC ready after 3s
[2026-06-01 09:08:52]   [bench] Running execute remote...
[2026-06-01 09:08:58]   [bench] exit=0 passed=1 failed=0
0 missing_trie_node=0
0
[2026-06-01 09:08:58] 
[2026-06-01 09:08:58]   --- storage_sstore_k100_run18 (ubt) write-offset=1800000000 K=100 ---
[2026-06-01 09:08:58]   [geth] Stopping (SIGTERM, waiting up to 120s for clean exit): 1054500
[2026-06-01 09:08:59]   [geth] exited cleanly after 1s
[2026-06-01 09:09:00]   [cache] OS page cache dropped
Fatal: Could not create the account: account already exists
[2026-06-01 09:09:00]   [geth] Starting (ubt, gd=5, cold=1, dev.period=1, 1tx/block)
[2026-06-01 09:09:00]   [geth] Waiting for RPC...
[2026-06-01 09:09:02]   [geth] RPC ready after 3s
[2026-06-01 09:09:02]   [bench] Running execute remote...
[2026-06-01 09:09:09]   [bench] exit=0 passed=1 failed=0
0 missing_trie_node=0
0
[2026-06-01 09:09:09] 
[2026-06-01 09:09:09]   --- storage_sstore_k100_run19 (ubt) write-offset=1900000000 K=100 ---
[2026-06-01 09:09:09]   [geth] Stopping (SIGTERM, waiting up to 120s for clean exit): 1054575
[2026-06-01 09:09:10]   [geth] exited cleanly after 1s
[2026-06-01 09:09:10]   [cache] OS page cache dropped
Fatal: Could not create the account: account already exists
[2026-06-01 09:09:10]   [geth] Starting (ubt, gd=5, cold=1, dev.period=1, 1tx/block)
[2026-06-01 09:09:10]   [geth] Waiting for RPC...
[2026-06-01 09:09:12]   [geth] RPC ready after 3s
[2026-06-01 09:09:12]   [bench] Running execute remote...
[2026-06-01 09:09:20]   [bench] exit=0 passed=1 failed=0
0 missing_trie_node=0
0
[2026-06-01 09:09:20] 
[2026-06-01 09:09:20]   --- storage_sstore_k100_run20 (ubt) write-offset=2000000000 K=100 ---
[2026-06-01 09:09:20]   [geth] Stopping (SIGTERM, waiting up to 120s for clean exit): 1054654
[2026-06-01 09:09:21]   [geth] exited cleanly after 1s
[2026-06-01 09:09:21]   [cache] OS page cache dropped
Fatal: Could not create the account: account already exists
[2026-06-01 09:09:21]   [geth] Starting (ubt, gd=5, cold=1, dev.period=1, 1tx/block)
[2026-06-01 09:09:21]   [geth] Waiting for RPC...
[2026-06-01 09:09:23]   [geth] RPC ready after 3s
[2026-06-01 09:09:23]   [bench] Running execute remote...
[2026-06-01 09:09:30]   [bench] exit=0 passed=1 failed=0
0 missing_trie_node=0
0
[2026-06-01 09:09:30] 
[2026-06-01 09:09:30]   ── BENCHMARK: storage_sstore_k256 (pool=256 contracts; effective K=256)
[2026-06-01 09:09:31] 
[2026-06-01 09:09:31]   --- storage_sstore_k256_run1 (ubt) write-offset=100000000 K=256 ---
[2026-06-01 09:09:31]   [geth] Stopping (SIGTERM, waiting up to 120s for clean exit): 1054729
[2026-06-01 09:09:32]   [geth] exited cleanly after 1s
[2026-06-01 09:09:32]   [cache] OS page cache dropped
Fatal: Could not create the account: account already exists
[2026-06-01 09:09:32]   [geth] Starting (ubt, gd=5, cold=1, dev.period=1, 1tx/block)
[2026-06-01 09:09:32]   [geth] Waiting for RPC...
[2026-06-01 09:09:34]   [geth] RPC ready after 3s
[2026-06-01 09:09:34]   [bench] Running execute remote...
[2026-06-01 09:09:41]   [bench] exit=0 passed=1 failed=0
0 missing_trie_node=0
0
[2026-06-01 09:09:41] 
[2026-06-01 09:09:41]   --- storage_sstore_k256_run2 (ubt) write-offset=200000000 K=256 ---
[2026-06-01 09:09:41]   [geth] Stopping (SIGTERM, waiting up to 120s for clean exit): 1054827
[2026-06-01 09:09:42]   [geth] exited cleanly after 1s
[2026-06-01 09:09:42]   [cache] OS page cache dropped
Fatal: Could not create the account: account already exists
[2026-06-01 09:09:43]   [geth] Starting (ubt, gd=5, cold=1, dev.period=1, 1tx/block)
[2026-06-01 09:09:43]   [geth] Waiting for RPC...
[2026-06-01 09:09:45]   [geth] RPC ready after 3s
[2026-06-01 09:09:45]   [bench] Running execute remote...
[2026-06-01 09:09:51]   [bench] exit=0 passed=1 failed=0
0 missing_trie_node=0
0
[2026-06-01 09:09:51] 
[2026-06-01 09:09:51]   --- storage_sstore_k256_run3 (ubt) write-offset=300000000 K=256 ---
[2026-06-01 09:09:51]   [geth] Stopping (SIGTERM, waiting up to 120s for clean exit): 1054903
[2026-06-01 09:09:52]   [geth] exited cleanly after 1s
[2026-06-01 09:09:52]   [cache] OS page cache dropped
Fatal: Could not create the account: account already exists
[2026-06-01 09:09:52]   [geth] Starting (ubt, gd=5, cold=1, dev.period=1, 1tx/block)
[2026-06-01 09:09:52]   [geth] Waiting for RPC...
[2026-06-01 09:09:54]   [geth] RPC ready after 3s
[2026-06-01 09:09:54]   [bench] Running execute remote...
[2026-06-01 09:10:02]   [bench] exit=0 passed=1 failed=0
0 missing_trie_node=0
0
[2026-06-01 09:10:02] 
[2026-06-01 09:10:02]   --- storage_sstore_k256_run4 (ubt) write-offset=400000000 K=256 ---
[2026-06-01 09:10:02]   [geth] Stopping (SIGTERM, waiting up to 120s for clean exit): 1055040
[2026-06-01 09:10:03]   [geth] exited cleanly after 1s
[2026-06-01 09:10:03]   [cache] OS page cache dropped
Fatal: Could not create the account: account already exists
[2026-06-01 09:10:03]   [geth] Starting (ubt, gd=5, cold=1, dev.period=1, 1tx/block)
[2026-06-01 09:10:03]   [geth] Waiting for RPC...
[2026-06-01 09:10:05]   [geth] RPC ready after 3s
[2026-06-01 09:10:05]   [bench] Running execute remote...
[2026-06-01 09:10:13]   [bench] exit=0 passed=1 failed=0
0 missing_trie_node=0
0
[2026-06-01 09:10:13] 
[2026-06-01 09:10:13]   --- storage_sstore_k256_run5 (ubt) write-offset=500000000 K=256 ---
[2026-06-01 09:10:13]   [geth] Stopping (SIGTERM, waiting up to 120s for clean exit): 1055148
[2026-06-01 09:10:14]   [geth] exited cleanly after 1s
[2026-06-01 09:10:14]   [cache] OS page cache dropped
Fatal: Could not create the account: account already exists
[2026-06-01 09:10:14]   [geth] Starting (ubt, gd=5, cold=1, dev.period=1, 1tx/block)
[2026-06-01 09:10:14]   [geth] Waiting for RPC...
[2026-06-01 09:10:16]   [geth] RPC ready after 3s
[2026-06-01 09:10:16]   [bench] Running execute remote...
[2026-06-01 09:10:23]   [bench] exit=0 passed=1 failed=0
0 missing_trie_node=0
0
[2026-06-01 09:10:23] 
[2026-06-01 09:10:23]   --- storage_sstore_k256_run6 (ubt) write-offset=600000000 K=256 ---
[2026-06-01 09:10:24]   [geth] Stopping (SIGTERM, waiting up to 120s for clean exit): 1055225
[2026-06-01 09:10:25]   [geth] exited cleanly after 1s
[2026-06-01 09:10:25]   [cache] OS page cache dropped
Fatal: Could not create the account: account already exists
[2026-06-01 09:10:25]   [geth] Starting (ubt, gd=5, cold=1, dev.period=1, 1tx/block)
[2026-06-01 09:10:25]   [geth] Waiting for RPC...
[2026-06-01 09:10:27]   [geth] RPC ready after 3s
[2026-06-01 09:10:27]   [bench] Running execute remote...
[2026-06-01 09:10:34]   [bench] exit=0 passed=1 failed=0
0 missing_trie_node=0
0
[2026-06-01 09:10:34] 
[2026-06-01 09:10:34]   --- storage_sstore_k256_run7 (ubt) write-offset=700000000 K=256 ---
[2026-06-01 09:10:34]   [geth] Stopping (SIGTERM, waiting up to 120s for clean exit): 1055300
[2026-06-01 09:10:35]   [geth] exited cleanly after 1s
[2026-06-01 09:10:35]   [cache] OS page cache dropped
Fatal: Could not create the account: account already exists
[2026-06-01 09:10:35]   [geth] Starting (ubt, gd=5, cold=1, dev.period=1, 1tx/block)
[2026-06-01 09:10:35]   [geth] Waiting for RPC...
[2026-06-01 09:10:38]   [geth] RPC ready after 3s
[2026-06-01 09:10:38]   [bench] Running execute remote...
[2026-06-01 09:10:45]   [bench] exit=0 passed=1 failed=0
0 missing_trie_node=0
0
[2026-06-01 09:10:45] 
[2026-06-01 09:10:45]   --- storage_sstore_k256_run8 (ubt) write-offset=800000000 K=256 ---
[2026-06-01 09:10:45]   [geth] Stopping (SIGTERM, waiting up to 120s for clean exit): 1055376
[2026-06-01 09:10:46]   [geth] exited cleanly after 1s
[2026-06-01 09:10:46]   [cache] OS page cache dropped
Fatal: Could not create the account: account already exists
[2026-06-01 09:10:46]   [geth] Starting (ubt, gd=5, cold=1, dev.period=1, 1tx/block)
[2026-06-01 09:10:46]   [geth] Waiting for RPC...
[2026-06-01 09:10:48]   [geth] RPC ready after 3s
[2026-06-01 09:10:48]   [bench] Running execute remote...
[2026-06-01 09:10:56]   [bench] exit=0 passed=1 failed=0
0 missing_trie_node=0
0
[2026-06-01 09:10:56] 
[2026-06-01 09:10:56]   --- storage_sstore_k256_run9 (ubt) write-offset=900000000 K=256 ---
[2026-06-01 09:10:56]   [geth] Stopping (SIGTERM, waiting up to 120s for clean exit): 1055462
[2026-06-01 09:10:57]   [geth] exited cleanly after 1s
[2026-06-01 09:10:57]   [cache] OS page cache dropped
Fatal: Could not create the account: account already exists
[2026-06-01 09:10:57]   [geth] Starting (ubt, gd=5, cold=1, dev.period=1, 1tx/block)
[2026-06-01 09:10:57]   [geth] Waiting for RPC...
[2026-06-01 09:10:59]   [geth] RPC ready after 3s
[2026-06-01 09:10:59]   [bench] Running execute remote...
[2026-06-01 09:11:07]   [bench] exit=0 passed=1 failed=0
0 missing_trie_node=0
0
[2026-06-01 09:11:07] 
[2026-06-01 09:11:07]   --- storage_sstore_k256_run10 (ubt) write-offset=1000000000 K=256 ---
[2026-06-01 09:11:07]   [geth] Stopping (SIGTERM, waiting up to 120s for clean exit): 1055537
[2026-06-01 09:11:08]   [geth] exited cleanly after 1s
[2026-06-01 09:11:08]   [cache] OS page cache dropped
Fatal: Could not create the account: account already exists
[2026-06-01 09:11:08]   [geth] Starting (ubt, gd=5, cold=1, dev.period=1, 1tx/block)
[2026-06-01 09:11:08]   [geth] Waiting for RPC...
[2026-06-01 09:11:10]   [geth] RPC ready after 3s
[2026-06-01 09:11:10]   [bench] Running execute remote...
[2026-06-01 09:11:17]   [bench] exit=0 passed=1 failed=0
0 missing_trie_node=0
0
[2026-06-01 09:11:17] 
[2026-06-01 09:11:17]   --- storage_sstore_k256_run11 (ubt) write-offset=1100000000 K=256 ---
[2026-06-01 09:11:17]   [geth] Stopping (SIGTERM, waiting up to 120s for clean exit): 1055613
[2026-06-01 09:11:18]   [geth] exited cleanly after 1s
[2026-06-01 09:11:19]   [cache] OS page cache dropped
Fatal: Could not create the account: account already exists
[2026-06-01 09:11:19]   [geth] Starting (ubt, gd=5, cold=1, dev.period=1, 1tx/block)
[2026-06-01 09:11:19]   [geth] Waiting for RPC...
[2026-06-01 09:11:21]   [geth] RPC ready after 3s
[2026-06-01 09:11:21]   [bench] Running execute remote...
[2026-06-01 09:11:28]   [bench] exit=0 passed=1 failed=0
0 missing_trie_node=0
0
[2026-06-01 09:11:28] 
[2026-06-01 09:11:28]   --- storage_sstore_k256_run12 (ubt) write-offset=1200000000 K=256 ---
[2026-06-01 09:11:28]   [geth] Stopping (SIGTERM, waiting up to 120s for clean exit): 1055685
[2026-06-01 09:11:29]   [geth] exited cleanly after 1s
[2026-06-01 09:11:29]   [cache] OS page cache dropped
Fatal: Could not create the account: account already exists
[2026-06-01 09:11:29]   [geth] Starting (ubt, gd=5, cold=1, dev.period=1, 1tx/block)
[2026-06-01 09:11:29]   [geth] Waiting for RPC...
[2026-06-01 09:11:31]   [geth] RPC ready after 3s
[2026-06-01 09:11:31]   [bench] Running execute remote...
[2026-06-01 09:11:38]   [bench] exit=0 passed=1 failed=0
0 missing_trie_node=0
0
[2026-06-01 09:11:38] 
[2026-06-01 09:11:38]   --- storage_sstore_k256_run13 (ubt) write-offset=1300000000 K=256 ---
[2026-06-01 09:11:38]   [geth] Stopping (SIGTERM, waiting up to 120s for clean exit): 1055759
[2026-06-01 09:11:39]   [geth] exited cleanly after 1s
[2026-06-01 09:11:39]   [cache] OS page cache dropped
Fatal: Could not create the account: account already exists
[2026-06-01 09:11:39]   [geth] Starting (ubt, gd=5, cold=1, dev.period=1, 1tx/block)
[2026-06-01 09:11:39]   [geth] Waiting for RPC...
[2026-06-01 09:11:41]   [geth] RPC ready after 3s
[2026-06-01 09:11:41]   [bench] Running execute remote...
[2026-06-01 09:11:48]   [bench] exit=0 passed=1 failed=0
0 missing_trie_node=0
0
[2026-06-01 09:11:48] 
[2026-06-01 09:11:48]   --- storage_sstore_k256_run14 (ubt) write-offset=1400000000 K=256 ---
[2026-06-01 09:11:48]   [geth] Stopping (SIGTERM, waiting up to 120s for clean exit): 1055834
[2026-06-01 09:11:49]   [geth] exited cleanly after 1s
[2026-06-01 09:11:49]   [cache] OS page cache dropped
Fatal: Could not create the account: account already exists
[2026-06-01 09:11:49]   [geth] Starting (ubt, gd=5, cold=1, dev.period=1, 1tx/block)
[2026-06-01 09:11:49]   [geth] Waiting for RPC...
[2026-06-01 09:11:51]   [geth] RPC ready after 3s
[2026-06-01 09:11:51]   [bench] Running execute remote...
[2026-06-01 09:11:59]   [bench] exit=0 passed=1 failed=0
0 missing_trie_node=0
0
[2026-06-01 09:11:59] 
[2026-06-01 09:11:59]   --- storage_sstore_k256_run15 (ubt) write-offset=1500000000 K=256 ---
[2026-06-01 09:11:59]   [geth] Stopping (SIGTERM, waiting up to 120s for clean exit): 1055909
[2026-06-01 09:12:00]   [geth] exited cleanly after 1s
[2026-06-01 09:12:00]   [cache] OS page cache dropped
Fatal: Could not create the account: account already exists
[2026-06-01 09:12:00]   [geth] Starting (ubt, gd=5, cold=1, dev.period=1, 1tx/block)
[2026-06-01 09:12:00]   [geth] Waiting for RPC...
[2026-06-01 09:12:02]   [geth] RPC ready after 3s
[2026-06-01 09:12:02]   [bench] Running execute remote...
[2026-06-01 09:12:09]   [bench] exit=0 passed=1 failed=0
0 missing_trie_node=0
0
[2026-06-01 09:12:09] 
[2026-06-01 09:12:09]   --- storage_sstore_k256_run16 (ubt) write-offset=1600000000 K=256 ---
[2026-06-01 09:12:09]   [geth] Stopping (SIGTERM, waiting up to 120s for clean exit): 1055984
[2026-06-01 09:12:10]   [geth] exited cleanly after 1s
[2026-06-01 09:12:11]   [cache] OS page cache dropped
Fatal: Could not create the account: account already exists
[2026-06-01 09:12:11]   [geth] Starting (ubt, gd=5, cold=1, dev.period=1, 1tx/block)
[2026-06-01 09:12:11]   [geth] Waiting for RPC...
[2026-06-01 09:12:13]   [geth] RPC ready after 3s
[2026-06-01 09:12:13]   [bench] Running execute remote...
[2026-06-01 09:12:19]   [bench] exit=0 passed=1 failed=0
0 missing_trie_node=0
0
[2026-06-01 09:12:19] 
[2026-06-01 09:12:19]   --- storage_sstore_k256_run17 (ubt) write-offset=1700000000 K=256 ---
[2026-06-01 09:12:19]   [geth] Stopping (SIGTERM, waiting up to 120s for clean exit): 1056061
[2026-06-01 09:12:20]   [geth] exited cleanly after 1s
[2026-06-01 09:12:20]   [cache] OS page cache dropped
Fatal: Could not create the account: account already exists
[2026-06-01 09:12:21]   [geth] Starting (ubt, gd=5, cold=1, dev.period=1, 1tx/block)
[2026-06-01 09:12:21]   [geth] Waiting for RPC...
[2026-06-01 09:12:23]   [geth] RPC ready after 3s
[2026-06-01 09:12:23]   [bench] Running execute remote...
[2026-06-01 09:12:30]   [bench] exit=0 passed=1 failed=0
0 missing_trie_node=0
0
[2026-06-01 09:12:30] 
[2026-06-01 09:12:30]   --- storage_sstore_k256_run18 (ubt) write-offset=1800000000 K=256 ---
[2026-06-01 09:12:30]   [geth] Stopping (SIGTERM, waiting up to 120s for clean exit): 1056139
[2026-06-01 09:12:31]   [geth] exited cleanly after 1s
[2026-06-01 09:12:31]   [cache] OS page cache dropped
Fatal: Could not create the account: account already exists
[2026-06-01 09:12:31]   [geth] Starting (ubt, gd=5, cold=1, dev.period=1, 1tx/block)
[2026-06-01 09:12:31]   [geth] Waiting for RPC...
[2026-06-01 09:12:33]   [geth] RPC ready after 3s
[2026-06-01 09:12:33]   [bench] Running execute remote...
[2026-06-01 09:12:41]   [bench] exit=0 passed=1 failed=0
0 missing_trie_node=0
0
[2026-06-01 09:12:41] 
[2026-06-01 09:12:41]   --- storage_sstore_k256_run19 (ubt) write-offset=1900000000 K=256 ---
[2026-06-01 09:12:41]   [geth] Stopping (SIGTERM, waiting up to 120s for clean exit): 1056214
[2026-06-01 09:12:42]   [geth] exited cleanly after 1s
[2026-06-01 09:12:42]   [cache] OS page cache dropped
Fatal: Could not create the account: account already exists
[2026-06-01 09:12:42]   [geth] Starting (ubt, gd=5, cold=1, dev.period=1, 1tx/block)
[2026-06-01 09:12:42]   [geth] Waiting for RPC...
[2026-06-01 09:12:44]   [geth] RPC ready after 3s
[2026-06-01 09:12:44]   [bench] Running execute remote...
[2026-06-01 09:12:52]   [bench] exit=0 passed=1 failed=0
0 missing_trie_node=0
0
[2026-06-01 09:12:52] 
[2026-06-01 09:12:52]   --- storage_sstore_k256_run20 (ubt) write-offset=2000000000 K=256 ---
[2026-06-01 09:12:52]   [geth] Stopping (SIGTERM, waiting up to 120s for clean exit): 1056289
[2026-06-01 09:12:53]   [geth] exited cleanly after 1s
[2026-06-01 09:12:53]   [cache] OS page cache dropped
Fatal: Could not create the account: account already exists
[2026-06-01 09:12:53]   [geth] Starting (ubt, gd=5, cold=1, dev.period=1, 1tx/block)
[2026-06-01 09:12:53]   [geth] Waiting for RPC...
[2026-06-01 09:12:55]   [geth] RPC ready after 3s
[2026-06-01 09:12:55]   [bench] Running execute remote...
[2026-06-01 09:13:02]   [bench] exit=0 passed=1 failed=0
0 missing_trie_node=0
0
[2026-06-01 09:13:02] 
[2026-06-01 09:13:02]   ── BENCHMARK: storage_mixed_k1 (pool=256 contracts; effective K=1)
[2026-06-01 09:13:03] 
[2026-06-01 09:13:03]   --- storage_mixed_k1_run1 (ubt) write-offset=100000000 K=1 ---
[2026-06-01 09:13:03]   [geth] Stopping (SIGTERM, waiting up to 120s for clean exit): 1056362
[2026-06-01 09:13:04]   [geth] exited cleanly after 1s
[2026-06-01 09:13:04]   [cache] OS page cache dropped
Fatal: Could not create the account: account already exists
[2026-06-01 09:13:04]   [geth] Starting (ubt, gd=5, cold=1, dev.period=1, 1tx/block)
[2026-06-01 09:13:04]   [geth] Waiting for RPC...
[2026-06-01 09:13:06]   [geth] RPC ready after 3s
[2026-06-01 09:13:06]   [bench] Running execute remote...
[2026-06-01 09:13:13]   [bench] exit=0 passed=1 failed=0
0 missing_trie_node=0
0
[2026-06-01 09:13:13] 
[2026-06-01 09:13:13]   --- storage_mixed_k1_run2 (ubt) write-offset=200000000 K=1 ---
[2026-06-01 09:13:13]   [geth] Stopping (SIGTERM, waiting up to 120s for clean exit): 1056463
[2026-06-01 09:13:14]   [geth] exited cleanly after 1s
[2026-06-01 09:13:15]   [cache] OS page cache dropped
Fatal: Could not create the account: account already exists
[2026-06-01 09:13:15]   [geth] Starting (ubt, gd=5, cold=1, dev.period=1, 1tx/block)
[2026-06-01 09:13:15]   [geth] Waiting for RPC...
[2026-06-01 09:13:17]   [geth] RPC ready after 3s
[2026-06-01 09:13:17]   [bench] Running execute remote...
[2026-06-01 09:13:24]   [bench] exit=0 passed=1 failed=0
0 missing_trie_node=0
0
[2026-06-01 09:13:24] 
[2026-06-01 09:13:24]   --- storage_mixed_k1_run3 (ubt) write-offset=300000000 K=1 ---
[2026-06-01 09:13:24]   [geth] Stopping (SIGTERM, waiting up to 120s for clean exit): 1056539
[2026-06-01 09:13:25]   [geth] exited cleanly after 1s
[2026-06-01 09:13:25]   [cache] OS page cache dropped
Fatal: Could not create the account: account already exists
[2026-06-01 09:13:25]   [geth] Starting (ubt, gd=5, cold=1, dev.period=1, 1tx/block)
[2026-06-01 09:13:25]   [geth] Waiting for RPC...
[2026-06-01 09:13:28]   [geth] RPC ready after 3s
[2026-06-01 09:13:28]   [bench] Running execute remote...
[2026-06-01 09:13:36]   [bench] exit=0 passed=1 failed=0
0 missing_trie_node=0
0
[2026-06-01 09:13:36] 
[2026-06-01 09:13:36]   --- storage_mixed_k1_run4 (ubt) write-offset=400000000 K=1 ---
[2026-06-01 09:13:36]   [geth] Stopping (SIGTERM, waiting up to 120s for clean exit): 1056614
[2026-06-01 09:13:37]   [geth] exited cleanly after 1s
[2026-06-01 09:13:37]   [cache] OS page cache dropped
Fatal: Could not create the account: account already exists
[2026-06-01 09:13:37]   [geth] Starting (ubt, gd=5, cold=1, dev.period=1, 1tx/block)
[2026-06-01 09:13:37]   [geth] Waiting for RPC...
[2026-06-01 09:13:39]   [geth] RPC ready after 3s
[2026-06-01 09:13:39]   [bench] Running execute remote...
[2026-06-01 09:13:47]   [bench] exit=0 passed=1 failed=0
0 missing_trie_node=0
0
[2026-06-01 09:13:47] 
[2026-06-01 09:13:47]   --- storage_mixed_k1_run5 (ubt) write-offset=500000000 K=1 ---
[2026-06-01 09:13:47]   [geth] Stopping (SIGTERM, waiting up to 120s for clean exit): 1056689
[2026-06-01 09:13:48]   [geth] exited cleanly after 1s
[2026-06-01 09:13:48]   [cache] OS page cache dropped
Fatal: Could not create the account: account already exists
[2026-06-01 09:13:48]   [geth] Starting (ubt, gd=5, cold=1, dev.period=1, 1tx/block)
[2026-06-01 09:13:48]   [geth] Waiting for RPC...
[2026-06-01 09:13:50]   [geth] RPC ready after 3s
[2026-06-01 09:13:50]   [bench] Running execute remote...
[2026-06-01 09:13:58]   [bench] exit=0 passed=1 failed=0
0 missing_trie_node=0
0
[2026-06-01 09:13:58] 
[2026-06-01 09:13:58]   --- storage_mixed_k1_run6 (ubt) write-offset=600000000 K=1 ---
[2026-06-01 09:13:58]   [geth] Stopping (SIGTERM, waiting up to 120s for clean exit): 1056761
[2026-06-01 09:13:59]   [geth] exited cleanly after 1s
[2026-06-01 09:13:59]   [cache] OS page cache dropped
Fatal: Could not create the account: account already exists
[2026-06-01 09:13:59]   [geth] Starting (ubt, gd=5, cold=1, dev.period=1, 1tx/block)
[2026-06-01 09:13:59]   [geth] Waiting for RPC...
[2026-06-01 09:14:01]   [geth] RPC ready after 3s
[2026-06-01 09:14:01]   [bench] Running execute remote...
[2026-06-01 09:14:08]   [bench] exit=0 passed=1 failed=0
0 missing_trie_node=0
0
[2026-06-01 09:14:08] 
[2026-06-01 09:14:08]   --- storage_mixed_k1_run7 (ubt) write-offset=700000000 K=1 ---
[2026-06-01 09:14:08]   [geth] Stopping (SIGTERM, waiting up to 120s for clean exit): 1056839
[2026-06-01 09:14:09]   [geth] exited cleanly after 1s
[2026-06-01 09:14:10]   [cache] OS page cache dropped
Fatal: Could not create the account: account already exists
[2026-06-01 09:14:10]   [geth] Starting (ubt, gd=5, cold=1, dev.period=1, 1tx/block)
[2026-06-01 09:14:10]   [geth] Waiting for RPC...
[2026-06-01 09:14:12]   [geth] RPC ready after 3s
[2026-06-01 09:14:12]   [bench] Running execute remote...
[2026-06-01 09:14:19]   [bench] exit=0 passed=1 failed=0
0 missing_trie_node=0
0
[2026-06-01 09:14:19] 
[2026-06-01 09:14:19]   --- storage_mixed_k1_run8 (ubt) write-offset=800000000 K=1 ---
[2026-06-01 09:14:19]   [geth] Stopping (SIGTERM, waiting up to 120s for clean exit): 1056931
[2026-06-01 09:14:20]   [geth] exited cleanly after 1s
[2026-06-01 09:14:20]   [cache] OS page cache dropped
Fatal: Could not create the account: account already exists
[2026-06-01 09:14:20]   [geth] Starting (ubt, gd=5, cold=1, dev.period=1, 1tx/block)
[2026-06-01 09:14:20]   [geth] Waiting for RPC...
[2026-06-01 09:14:22]   [geth] RPC ready after 3s
[2026-06-01 09:14:22]   [bench] Running execute remote...
[2026-06-01 09:14:30]   [bench] exit=0 passed=1 failed=0
0 missing_trie_node=0
0
[2026-06-01 09:14:30] 
[2026-06-01 09:14:30]   --- storage_mixed_k1_run9 (ubt) write-offset=900000000 K=1 ---
[2026-06-01 09:14:30]   [geth] Stopping (SIGTERM, waiting up to 120s for clean exit): 1057011
[2026-06-01 09:14:31]   [geth] exited cleanly after 1s
[2026-06-01 09:14:31]   [cache] OS page cache dropped
Fatal: Could not create the account: account already exists
[2026-06-01 09:14:31]   [geth] Starting (ubt, gd=5, cold=1, dev.period=1, 1tx/block)
[2026-06-01 09:14:31]   [geth] Waiting for RPC...
[2026-06-01 09:14:33]   [geth] RPC ready after 3s
[2026-06-01 09:14:33]   [bench] Running execute remote...
[2026-06-01 09:14:41]   [bench] exit=0 passed=1 failed=0
0 missing_trie_node=0
0
[2026-06-01 09:14:41] 
[2026-06-01 09:14:41]   --- storage_mixed_k1_run10 (ubt) write-offset=1000000000 K=1 ---
[2026-06-01 09:14:41]   [geth] Stopping (SIGTERM, waiting up to 120s for clean exit): 1057086
[2026-06-01 09:14:42]   [geth] exited cleanly after 1s
[2026-06-01 09:14:42]   [cache] OS page cache dropped
Fatal: Could not create the account: account already exists
[2026-06-01 09:14:42]   [geth] Starting (ubt, gd=5, cold=1, dev.period=1, 1tx/block)
[2026-06-01 09:14:42]   [geth] Waiting for RPC...
[2026-06-01 09:14:44]   [geth] RPC ready after 3s
[2026-06-01 09:14:44]   [bench] Running execute remote...
[2026-06-01 09:14:52]   [bench] exit=0 passed=1 failed=0
0 missing_trie_node=0
0
[2026-06-01 09:14:52] 
[2026-06-01 09:14:52]   --- storage_mixed_k1_run11 (ubt) write-offset=1100000000 K=1 ---
[2026-06-01 09:14:52]   [geth] Stopping (SIGTERM, waiting up to 120s for clean exit): 1057170
[2026-06-01 09:14:53]   [geth] exited cleanly after 1s
[2026-06-01 09:14:53]   [cache] OS page cache dropped
Fatal: Could not create the account: account already exists
[2026-06-01 09:14:53]   [geth] Starting (ubt, gd=5, cold=1, dev.period=1, 1tx/block)
[2026-06-01 09:14:53]   [geth] Waiting for RPC...
[2026-06-01 09:14:55]   [geth] RPC ready after 3s
[2026-06-01 09:14:55]   [bench] Running execute remote...
[2026-06-01 09:15:03]   [bench] exit=0 passed=1 failed=0
0 missing_trie_node=0
0
[2026-06-01 09:15:03] 
[2026-06-01 09:15:03]   --- storage_mixed_k1_run12 (ubt) write-offset=1200000000 K=1 ---
[2026-06-01 09:15:03]   [geth] Stopping (SIGTERM, waiting up to 120s for clean exit): 1057245
[2026-06-01 09:15:04]   [geth] exited cleanly after 1s
[2026-06-01 09:15:04]   [cache] OS page cache dropped
Fatal: Could not create the account: account already exists
[2026-06-01 09:15:04]   [geth] Starting (ubt, gd=5, cold=1, dev.period=1, 1tx/block)
[2026-06-01 09:15:04]   [geth] Waiting for RPC...
[2026-06-01 09:15:06]   [geth] RPC ready after 3s
[2026-06-01 09:15:06]   [bench] Running execute remote...
[2026-06-01 09:15:13]   [bench] exit=0 passed=1 failed=0
0 missing_trie_node=0
0
[2026-06-01 09:15:13] 
[2026-06-01 09:15:13]   --- storage_mixed_k1_run13 (ubt) write-offset=1300000000 K=1 ---
[2026-06-01 09:15:13]   [geth] Stopping (SIGTERM, waiting up to 120s for clean exit): 1057320
[2026-06-01 09:15:14]   [geth] exited cleanly after 1s
[2026-06-01 09:15:14]   [cache] OS page cache dropped
Fatal: Could not create the account: account already exists
[2026-06-01 09:15:15]   [geth] Starting (ubt, gd=5, cold=1, dev.period=1, 1tx/block)
[2026-06-01 09:15:15]   [geth] Waiting for RPC...
[2026-06-01 09:15:17]   [geth] RPC ready after 3s
[2026-06-01 09:15:17]   [bench] Running execute remote...
[2026-06-01 09:15:24]   [bench] exit=0 passed=1 failed=0
0 missing_trie_node=0
0
[2026-06-01 09:15:24] 
[2026-06-01 09:15:24]   --- storage_mixed_k1_run14 (ubt) write-offset=1400000000 K=1 ---
[2026-06-01 09:15:24]   [geth] Stopping (SIGTERM, waiting up to 120s for clean exit): 1057398
[2026-06-01 09:15:25]   [geth] exited cleanly after 1s
[2026-06-01 09:15:25]   [cache] OS page cache dropped
Fatal: Could not create the account: account already exists
[2026-06-01 09:15:25]   [geth] Starting (ubt, gd=5, cold=1, dev.period=1, 1tx/block)
[2026-06-01 09:15:25]   [geth] Waiting for RPC...
[2026-06-01 09:15:27]   [geth] RPC ready after 3s
[2026-06-01 09:15:27]   [bench] Running execute remote...
[2026-06-01 09:15:35]   [bench] exit=0 passed=1 failed=0
0 missing_trie_node=0
0
[2026-06-01 09:15:35] 
[2026-06-01 09:15:35]   --- storage_mixed_k1_run15 (ubt) write-offset=1500000000 K=1 ---
[2026-06-01 09:15:35]   [geth] Stopping (SIGTERM, waiting up to 120s for clean exit): 1057475
[2026-06-01 09:15:36]   [geth] exited cleanly after 1s
[2026-06-01 09:15:36]   [cache] OS page cache dropped
Fatal: Could not create the account: account already exists
[2026-06-01 09:15:36]   [geth] Starting (ubt, gd=5, cold=1, dev.period=1, 1tx/block)
[2026-06-01 09:15:36]   [geth] Waiting for RPC...
[2026-06-01 09:15:38]   [geth] RPC ready after 3s
[2026-06-01 09:15:38]   [bench] Running execute remote...
[2026-06-01 09:15:45]   [bench] exit=0 passed=1 failed=0
0 missing_trie_node=0
0
[2026-06-01 09:15:45] 
[2026-06-01 09:15:45]   --- storage_mixed_k1_run16 (ubt) write-offset=1600000000 K=1 ---
[2026-06-01 09:15:45]   [geth] Stopping (SIGTERM, waiting up to 120s for clean exit): 1057549
[2026-06-01 09:15:46]   [geth] exited cleanly after 1s
[2026-06-01 09:15:47]   [cache] OS page cache dropped
Fatal: Could not create the account: account already exists
[2026-06-01 09:15:47]   [geth] Starting (ubt, gd=5, cold=1, dev.period=1, 1tx/block)
[2026-06-01 09:15:47]   [geth] Waiting for RPC...
[2026-06-01 09:15:49]   [geth] RPC ready after 3s
[2026-06-01 09:15:49]   [bench] Running execute remote...
[2026-06-01 09:15:56]   [bench] exit=0 passed=1 failed=0
0 missing_trie_node=0
0
[2026-06-01 09:15:56] 
[2026-06-01 09:15:56]   --- storage_mixed_k1_run17 (ubt) write-offset=1700000000 K=1 ---
[2026-06-01 09:15:56]   [geth] Stopping (SIGTERM, waiting up to 120s for clean exit): 1057624
[2026-06-01 09:15:57]   [geth] exited cleanly after 1s
[2026-06-01 09:15:57]   [cache] OS page cache dropped
Fatal: Could not create the account: account already exists
[2026-06-01 09:15:57]   [geth] Starting (ubt, gd=5, cold=1, dev.period=1, 1tx/block)
[2026-06-01 09:15:57]   [geth] Waiting for RPC...
[2026-06-01 09:16:00]   [geth] RPC ready after 3s
[2026-06-01 09:16:00]   [bench] Running execute remote...
[2026-06-01 09:16:07]   [bench] exit=0 passed=1 failed=0
0 missing_trie_node=0
0
[2026-06-01 09:16:07] 
[2026-06-01 09:16:07]   --- storage_mixed_k1_run18 (ubt) write-offset=1800000000 K=1 ---
[2026-06-01 09:16:07]   [geth] Stopping (SIGTERM, waiting up to 120s for clean exit): 1057699
[2026-06-01 09:16:08]   [geth] exited cleanly after 1s
[2026-06-01 09:16:08]   [cache] OS page cache dropped
Fatal: Could not create the account: account already exists
[2026-06-01 09:16:08]   [geth] Starting (ubt, gd=5, cold=1, dev.period=1, 1tx/block)
[2026-06-01 09:16:08]   [geth] Waiting for RPC...
[2026-06-01 09:16:10]   [geth] RPC ready after 3s
[2026-06-01 09:16:10]   [bench] Running execute remote...
[2026-06-01 09:16:18]   [bench] exit=0 passed=1 failed=0
0 missing_trie_node=0
0
[2026-06-01 09:16:18] 
[2026-06-01 09:16:18]   --- storage_mixed_k1_run19 (ubt) write-offset=1900000000 K=1 ---
[2026-06-01 09:16:18]   [geth] Stopping (SIGTERM, waiting up to 120s for clean exit): 1057775
[2026-06-01 09:16:19]   [geth] exited cleanly after 1s
[2026-06-01 09:16:19]   [cache] OS page cache dropped
Fatal: Could not create the account: account already exists
[2026-06-01 09:16:19]   [geth] Starting (ubt, gd=5, cold=1, dev.period=1, 1tx/block)
[2026-06-01 09:16:19]   [geth] Waiting for RPC...
[2026-06-01 09:16:21]   [geth] RPC ready after 3s
[2026-06-01 09:16:21]   [bench] Running execute remote...
[2026-06-01 09:16:29]   [bench] exit=0 passed=1 failed=0
0 missing_trie_node=0
0
[2026-06-01 09:16:29] 
[2026-06-01 09:16:29]   --- storage_mixed_k1_run20 (ubt) write-offset=2000000000 K=1 ---
[2026-06-01 09:16:29]   [geth] Stopping (SIGTERM, waiting up to 120s for clean exit): 1057851
[2026-06-01 09:16:30]   [geth] exited cleanly after 1s
[2026-06-01 09:16:30]   [cache] OS page cache dropped
Fatal: Could not create the account: account already exists
[2026-06-01 09:16:30]   [geth] Starting (ubt, gd=5, cold=1, dev.period=1, 1tx/block)
[2026-06-01 09:16:30]   [geth] Waiting for RPC...
[2026-06-01 09:16:32]   [geth] RPC ready after 3s
[2026-06-01 09:16:32]   [bench] Running execute remote...
[2026-06-01 09:16:39]   [bench] exit=0 passed=1 failed=0
0 missing_trie_node=0
0
[2026-06-01 09:16:39] 
[2026-06-01 09:16:39]   ── BENCHMARK: storage_mixed_k10 (pool=256 contracts; effective K=10)
[2026-06-01 09:16:39] 
[2026-06-01 09:16:39]   --- storage_mixed_k10_run1 (ubt) write-offset=100000000 K=10 ---
[2026-06-01 09:16:39]   [geth] Stopping (SIGTERM, waiting up to 120s for clean exit): 1057927
[2026-06-01 09:16:40]   [geth] exited cleanly after 1s
[2026-06-01 09:16:40]   [cache] OS page cache dropped
Fatal: Could not create the account: account already exists
[2026-06-01 09:16:41]   [geth] Starting (ubt, gd=5, cold=1, dev.period=1, 1tx/block)
[2026-06-01 09:16:41]   [geth] Waiting for RPC...
[2026-06-01 09:16:43]   [geth] RPC ready after 3s
[2026-06-01 09:16:43]   [bench] Running execute remote...
[2026-06-01 09:16:50]   [bench] exit=0 passed=1 failed=0
0 missing_trie_node=0
0
[2026-06-01 09:16:50] 
[2026-06-01 09:16:50]   --- storage_mixed_k10_run2 (ubt) write-offset=200000000 K=10 ---
[2026-06-01 09:16:50]   [geth] Stopping (SIGTERM, waiting up to 120s for clean exit): 1058026
[2026-06-01 09:16:51]   [geth] exited cleanly after 1s
[2026-06-01 09:16:51]   [cache] OS page cache dropped
Fatal: Could not create the account: account already exists
[2026-06-01 09:16:51]   [geth] Starting (ubt, gd=5, cold=1, dev.period=1, 1tx/block)
[2026-06-01 09:16:51]   [geth] Waiting for RPC...
[2026-06-01 09:16:53]   [geth] RPC ready after 3s
[2026-06-01 09:16:53]   [bench] Running execute remote...
[2026-06-01 09:17:01]   [bench] exit=0 passed=1 failed=0
0 missing_trie_node=0
0
[2026-06-01 09:17:01] 
[2026-06-01 09:17:01]   --- storage_mixed_k10_run3 (ubt) write-offset=300000000 K=10 ---
[2026-06-01 09:17:01]   [geth] Stopping (SIGTERM, waiting up to 120s for clean exit): 1058101
[2026-06-01 09:17:02]   [geth] exited cleanly after 1s
[2026-06-01 09:17:02]   [cache] OS page cache dropped
Fatal: Could not create the account: account already exists
[2026-06-01 09:17:02]   [geth] Starting (ubt, gd=5, cold=1, dev.period=1, 1tx/block)
[2026-06-01 09:17:02]   [geth] Waiting for RPC...
[2026-06-01 09:17:04]   [geth] RPC ready after 3s
[2026-06-01 09:17:04]   [bench] Running execute remote...
[2026-06-01 09:17:12]   [bench] exit=0 passed=1 failed=0
0 missing_trie_node=0
0
[2026-06-01 09:17:12] 
[2026-06-01 09:17:12]   --- storage_mixed_k10_run4 (ubt) write-offset=400000000 K=10 ---
[2026-06-01 09:17:12]   [geth] Stopping (SIGTERM, waiting up to 120s for clean exit): 1058186
[2026-06-01 09:17:13]   [geth] exited cleanly after 1s
[2026-06-01 09:17:13]   [cache] OS page cache dropped
Fatal: Could not create the account: account already exists
[2026-06-01 09:17:13]   [geth] Starting (ubt, gd=5, cold=1, dev.period=1, 1tx/block)
[2026-06-01 09:17:13]   [geth] Waiting for RPC...
[2026-06-01 09:17:15]   [geth] RPC ready after 3s
[2026-06-01 09:17:15]   [bench] Running execute remote...
[2026-06-01 09:17:22]   [bench] exit=0 passed=1 failed=0
0 missing_trie_node=0
0
[2026-06-01 09:17:22] 
[2026-06-01 09:17:23]   --- storage_mixed_k10_run5 (ubt) write-offset=500000000 K=10 ---
[2026-06-01 09:17:23]   [geth] Stopping (SIGTERM, waiting up to 120s for clean exit): 1058264
[2026-06-01 09:17:24]   [geth] exited cleanly after 1s
[2026-06-01 09:17:24]   [cache] OS page cache dropped
Fatal: Could not create the account: account already exists
[2026-06-01 09:17:24]   [geth] Starting (ubt, gd=5, cold=1, dev.period=1, 1tx/block)
[2026-06-01 09:17:24]   [geth] Waiting for RPC...
[2026-06-01 09:17:26]   [geth] RPC ready after 3s
[2026-06-01 09:17:26]   [bench] Running execute remote...
[2026-06-01 09:17:33]   [bench] exit=0 passed=1 failed=0
0 missing_trie_node=0
0
[2026-06-01 09:17:33] 
[2026-06-01 09:17:33]   --- storage_mixed_k10_run6 (ubt) write-offset=600000000 K=10 ---
[2026-06-01 09:17:33]   [geth] Stopping (SIGTERM, waiting up to 120s for clean exit): 1058338
[2026-06-01 09:17:34]   [geth] exited cleanly after 1s
[2026-06-01 09:17:34]   [cache] OS page cache dropped
Fatal: Could not create the account: account already exists
[2026-06-01 09:17:35]   [geth] Starting (ubt, gd=5, cold=1, dev.period=1, 1tx/block)
[2026-06-01 09:17:35]   [geth] Waiting for RPC...
[2026-06-01 09:17:37]   [geth] RPC ready after 3s
[2026-06-01 09:17:37]   [bench] Running execute remote...
[2026-06-01 09:17:44]   [bench] exit=0 passed=1 failed=0
0 missing_trie_node=0
0
[2026-06-01 09:17:44] 
[2026-06-01 09:17:44]   --- storage_mixed_k10_run7 (ubt) write-offset=700000000 K=10 ---
[2026-06-01 09:17:44]   [geth] Stopping (SIGTERM, waiting up to 120s for clean exit): 1058413
[2026-06-01 09:17:45]   [geth] exited cleanly after 1s
[2026-06-01 09:17:45]   [cache] OS page cache dropped
Fatal: Could not create the account: account already exists
[2026-06-01 09:17:45]   [geth] Starting (ubt, gd=5, cold=1, dev.period=1, 1tx/block)
[2026-06-01 09:17:45]   [geth] Waiting for RPC...
[2026-06-01 09:17:47]   [geth] RPC ready after 3s
[2026-06-01 09:17:47]   [bench] Running execute remote...
[2026-06-01 09:17:55]   [bench] exit=0 passed=1 failed=0
0 missing_trie_node=0
0
[2026-06-01 09:17:55] 
[2026-06-01 09:17:55]   --- storage_mixed_k10_run8 (ubt) write-offset=800000000 K=10 ---
[2026-06-01 09:17:55]   [geth] Stopping (SIGTERM, waiting up to 120s for clean exit): 1058486
[2026-06-01 09:17:56]   [geth] exited cleanly after 1s
[2026-06-01 09:17:56]   [cache] OS page cache dropped
Fatal: Could not create the account: account already exists
[2026-06-01 09:17:56]   [geth] Starting (ubt, gd=5, cold=1, dev.period=1, 1tx/block)
[2026-06-01 09:17:56]   [geth] Waiting for RPC...
[2026-06-01 09:17:58]   [geth] RPC ready after 3s
[2026-06-01 09:17:58]   [bench] Running execute remote...
[2026-06-01 09:18:05]   [bench] exit=0 passed=1 failed=0
0 missing_trie_node=0
0
[2026-06-01 09:18:05] 
[2026-06-01 09:18:05]   --- storage_mixed_k10_run9 (ubt) write-offset=900000000 K=10 ---
[2026-06-01 09:18:05]   [geth] Stopping (SIGTERM, waiting up to 120s for clean exit): 1058561
[2026-06-01 09:18:06]   [geth] exited cleanly after 1s
[2026-06-01 09:18:07]   [cache] OS page cache dropped
Fatal: Could not create the account: account already exists
[2026-06-01 09:18:07]   [geth] Starting (ubt, gd=5, cold=1, dev.period=1, 1tx/block)
[2026-06-01 09:18:07]   [geth] Waiting for RPC...
[2026-06-01 09:18:09]   [geth] RPC ready after 3s
[2026-06-01 09:18:09]   [bench] Running execute remote...
[2026-06-01 09:18:16]   [bench] exit=0 passed=1 failed=0
0 missing_trie_node=0
0
[2026-06-01 09:18:16] 
[2026-06-01 09:18:16]   --- storage_mixed_k10_run10 (ubt) write-offset=1000000000 K=10 ---
[2026-06-01 09:18:16]   [geth] Stopping (SIGTERM, waiting up to 120s for clean exit): 1058638
[2026-06-01 09:18:17]   [geth] exited cleanly after 1s
[2026-06-01 09:18:17]   [cache] OS page cache dropped
Fatal: Could not create the account: account already exists
[2026-06-01 09:18:17]   [geth] Starting (ubt, gd=5, cold=1, dev.period=1, 1tx/block)
[2026-06-01 09:18:17]   [geth] Waiting for RPC...
[2026-06-01 09:18:19]   [geth] RPC ready after 3s
[2026-06-01 09:18:19]   [bench] Running execute remote...
[2026-06-01 09:18:27]   [bench] exit=0 passed=1 failed=0
0 missing_trie_node=0
0
[2026-06-01 09:18:27] 
[2026-06-01 09:18:27]   --- storage_mixed_k10_run11 (ubt) write-offset=1100000000 K=10 ---
[2026-06-01 09:18:27]   [geth] Stopping (SIGTERM, waiting up to 120s for clean exit): 1058715
[2026-06-01 09:18:28]   [geth] exited cleanly after 1s
[2026-06-01 09:18:28]   [cache] OS page cache dropped
Fatal: Could not create the account: account already exists
[2026-06-01 09:18:28]   [geth] Starting (ubt, gd=5, cold=1, dev.period=1, 1tx/block)
[2026-06-01 09:18:28]   [geth] Waiting for RPC...
[2026-06-01 09:18:30]   [geth] RPC ready after 3s
[2026-06-01 09:18:30]   [bench] Running execute remote...
[2026-06-01 09:18:37]   [bench] exit=0 passed=1 failed=0
0 missing_trie_node=0
0
[2026-06-01 09:18:37] 
[2026-06-01 09:18:37]   --- storage_mixed_k10_run12 (ubt) write-offset=1200000000 K=10 ---
[2026-06-01 09:18:37]   [geth] Stopping (SIGTERM, waiting up to 120s for clean exit): 1058790
[2026-06-01 09:18:38]   [geth] exited cleanly after 1s
[2026-06-01 09:18:39]   [cache] OS page cache dropped
Fatal: Could not create the account: account already exists
[2026-06-01 09:18:39]   [geth] Starting (ubt, gd=5, cold=1, dev.period=1, 1tx/block)
[2026-06-01 09:18:39]   [geth] Waiting for RPC...
[2026-06-01 09:18:41]   [geth] RPC ready after 3s
[2026-06-01 09:18:41]   [bench] Running execute remote...
[2026-06-01 09:18:48]   [bench] exit=0 passed=1 failed=0
0 missing_trie_node=0
0
[2026-06-01 09:18:48] 
[2026-06-01 09:18:48]   --- storage_mixed_k10_run13 (ubt) write-offset=1300000000 K=10 ---
[2026-06-01 09:18:48]   [geth] Stopping (SIGTERM, waiting up to 120s for clean exit): 1058865
[2026-06-01 09:18:49]   [geth] exited cleanly after 1s
[2026-06-01 09:18:49]   [cache] OS page cache dropped
Fatal: Could not create the account: account already exists
[2026-06-01 09:18:49]   [geth] Starting (ubt, gd=5, cold=1, dev.period=1, 1tx/block)
[2026-06-01 09:18:49]   [geth] Waiting for RPC...
[2026-06-01 09:18:51]   [geth] RPC ready after 3s
[2026-06-01 09:18:51]   [bench] Running execute remote...
[2026-06-01 09:18:59]   [bench] exit=0 passed=1 failed=0
0 missing_trie_node=0
0
[2026-06-01 09:18:59] 
[2026-06-01 09:18:59]   --- storage_mixed_k10_run14 (ubt) write-offset=1400000000 K=10 ---
[2026-06-01 09:18:59]   [geth] Stopping (SIGTERM, waiting up to 120s for clean exit): 1058952
[2026-06-01 09:19:00]   [geth] exited cleanly after 1s
[2026-06-01 09:19:00]   [cache] OS page cache dropped
Fatal: Could not create the account: account already exists
[2026-06-01 09:19:00]   [geth] Starting (ubt, gd=5, cold=1, dev.period=1, 1tx/block)
[2026-06-01 09:19:00]   [geth] Waiting for RPC...
[2026-06-01 09:19:02]   [geth] RPC ready after 3s
[2026-06-01 09:19:02]   [bench] Running execute remote...
[2026-06-01 09:19:09]   [bench] exit=0 passed=1 failed=0
0 missing_trie_node=0
0
[2026-06-01 09:19:09] 
[2026-06-01 09:19:09]   --- storage_mixed_k10_run15 (ubt) write-offset=1500000000 K=10 ---
[2026-06-01 09:19:09]   [geth] Stopping (SIGTERM, waiting up to 120s for clean exit): 1059071
[2026-06-01 09:19:10]   [geth] exited cleanly after 1s
[2026-06-01 09:19:11]   [cache] OS page cache dropped
Fatal: Could not create the account: account already exists
[2026-06-01 09:19:11]   [geth] Starting (ubt, gd=5, cold=1, dev.period=1, 1tx/block)
[2026-06-01 09:19:11]   [geth] Waiting for RPC...
[2026-06-01 09:19:13]   [geth] RPC ready after 3s
[2026-06-01 09:19:13]   [bench] Running execute remote...
[2026-06-01 09:19:20]   [bench] exit=0 passed=1 failed=0
0 missing_trie_node=0
0
[2026-06-01 09:19:20] 
[2026-06-01 09:19:20]   --- storage_mixed_k10_run16 (ubt) write-offset=1600000000 K=10 ---
[2026-06-01 09:19:20]   [geth] Stopping (SIGTERM, waiting up to 120s for clean exit): 1059147
[2026-06-01 09:19:21]   [geth] exited cleanly after 1s
[2026-06-01 09:19:21]   [cache] OS page cache dropped
Fatal: Could not create the account: account already exists
[2026-06-01 09:19:21]   [geth] Starting (ubt, gd=5, cold=1, dev.period=1, 1tx/block)
[2026-06-01 09:19:21]   [geth] Waiting for RPC...
[2026-06-01 09:19:23]   [geth] RPC ready after 3s
[2026-06-01 09:19:23]   [bench] Running execute remote...
[2026-06-01 09:19:31]   [bench] exit=0 passed=1 failed=0
0 missing_trie_node=0
0
[2026-06-01 09:19:31] 
[2026-06-01 09:19:31]   --- storage_mixed_k10_run17 (ubt) write-offset=1700000000 K=10 ---
[2026-06-01 09:19:31]   [geth] Stopping (SIGTERM, waiting up to 120s for clean exit): 1059223
[2026-06-01 09:19:32]   [geth] exited cleanly after 1s
[2026-06-01 09:19:32]   [cache] OS page cache dropped
Fatal: Could not create the account: account already exists
[2026-06-01 09:19:32]   [geth] Starting (ubt, gd=5, cold=1, dev.period=1, 1tx/block)
[2026-06-01 09:19:32]   [geth] Waiting for RPC...
[2026-06-01 09:19:34]   [geth] RPC ready after 3s
[2026-06-01 09:19:34]   [bench] Running execute remote...
[2026-06-01 09:19:42]   [bench] exit=0 passed=1 failed=0
0 missing_trie_node=0
0
[2026-06-01 09:19:42] 
[2026-06-01 09:19:42]   --- storage_mixed_k10_run18 (ubt) write-offset=1800000000 K=10 ---
[2026-06-01 09:19:42]   [geth] Stopping (SIGTERM, waiting up to 120s for clean exit): 1059300
[2026-06-01 09:19:43]   [geth] exited cleanly after 1s
[2026-06-01 09:19:43]   [cache] OS page cache dropped
Fatal: Could not create the account: account already exists
[2026-06-01 09:19:43]   [geth] Starting (ubt, gd=5, cold=1, dev.period=1, 1tx/block)
[2026-06-01 09:19:43]   [geth] Waiting for RPC...
[2026-06-01 09:19:45]   [geth] RPC ready after 3s
[2026-06-01 09:19:45]   [bench] Running execute remote...
[2026-06-01 09:19:52]   [bench] exit=0 passed=1 failed=0
0 missing_trie_node=0
0
[2026-06-01 09:19:52] 
[2026-06-01 09:19:52]   --- storage_mixed_k10_run19 (ubt) write-offset=1900000000 K=10 ---
[2026-06-01 09:19:52]   [geth] Stopping (SIGTERM, waiting up to 120s for clean exit): 1059387
[2026-06-01 09:19:53]   [geth] exited cleanly after 1s
[2026-06-01 09:19:53]   [cache] OS page cache dropped
Fatal: Could not create the account: account already exists
[2026-06-01 09:19:54]   [geth] Starting (ubt, gd=5, cold=1, dev.period=1, 1tx/block)
[2026-06-01 09:19:54]   [geth] Waiting for RPC...
[2026-06-01 09:19:56]   [geth] RPC ready after 3s
[2026-06-01 09:19:56]   [bench] Running execute remote...
[2026-06-01 09:20:03]   [bench] exit=0 passed=1 failed=0
0 missing_trie_node=0
0
[2026-06-01 09:20:03] 
[2026-06-01 09:20:03]   --- storage_mixed_k10_run20 (ubt) write-offset=2000000000 K=10 ---
[2026-06-01 09:20:03]   [geth] Stopping (SIGTERM, waiting up to 120s for clean exit): 1059463
[2026-06-01 09:20:04]   [geth] exited cleanly after 1s
[2026-06-01 09:20:04]   [cache] OS page cache dropped
Fatal: Could not create the account: account already exists
[2026-06-01 09:20:04]   [geth] Starting (ubt, gd=5, cold=1, dev.period=1, 1tx/block)
[2026-06-01 09:20:04]   [geth] Waiting for RPC...
[2026-06-01 09:20:06]   [geth] RPC ready after 3s
[2026-06-01 09:20:06]   [bench] Running execute remote...
[2026-06-01 09:20:14]   [bench] exit=0 passed=1 failed=0
0 missing_trie_node=0
0
[2026-06-01 09:20:14] 
[2026-06-01 09:20:14]   ── BENCHMARK: storage_mixed_k100 (pool=256 contracts; effective K=100)
[2026-06-01 09:20:14] 
[2026-06-01 09:20:14]   --- storage_mixed_k100_run1 (ubt) write-offset=100000000 K=100 ---
[2026-06-01 09:20:14]   [geth] Stopping (SIGTERM, waiting up to 120s for clean exit): 1059540
[2026-06-01 09:20:15]   [geth] exited cleanly after 1s
[2026-06-01 09:20:15]   [cache] OS page cache dropped
Fatal: Could not create the account: account already exists
[2026-06-01 09:20:15]   [geth] Starting (ubt, gd=5, cold=1, dev.period=1, 1tx/block)
[2026-06-01 09:20:15]   [geth] Waiting for RPC...
[2026-06-01 09:20:17]   [geth] RPC ready after 3s
[2026-06-01 09:20:17]   [bench] Running execute remote...
[2026-06-01 09:20:25]   [bench] exit=0 passed=1 failed=0
0 missing_trie_node=0
0
[2026-06-01 09:20:25] 
[2026-06-01 09:20:25]   --- storage_mixed_k100_run2 (ubt) write-offset=200000000 K=100 ---
[2026-06-01 09:20:25]   [geth] Stopping (SIGTERM, waiting up to 120s for clean exit): 1059643
[2026-06-01 09:20:26]   [geth] exited cleanly after 1s
[2026-06-01 09:20:27]   [cache] OS page cache dropped
Fatal: Could not create the account: account already exists
[2026-06-01 09:20:27]   [geth] Starting (ubt, gd=5, cold=1, dev.period=1, 1tx/block)
[2026-06-01 09:20:27]   [geth] Waiting for RPC...
[2026-06-01 09:20:29]   [geth] RPC ready after 3s
[2026-06-01 09:20:29]   [bench] Running execute remote...
[2026-06-01 09:20:36]   [bench] exit=0 passed=1 failed=0
0 missing_trie_node=0
0
[2026-06-01 09:20:36] 
[2026-06-01 09:20:36]   --- storage_mixed_k100_run3 (ubt) write-offset=300000000 K=100 ---
[2026-06-01 09:20:36]   [geth] Stopping (SIGTERM, waiting up to 120s for clean exit): 1059717
[2026-06-01 09:20:37]   [geth] exited cleanly after 1s
[2026-06-01 09:20:37]   [cache] OS page cache dropped
Fatal: Could not create the account: account already exists
[2026-06-01 09:20:37]   [geth] Starting (ubt, gd=5, cold=1, dev.period=1, 1tx/block)
[2026-06-01 09:20:37]   [geth] Waiting for RPC...
[2026-06-01 09:20:39]   [geth] RPC ready after 3s
[2026-06-01 09:20:39]   [bench] Running execute remote...
[2026-06-01 09:20:47]   [bench] exit=0 passed=1 failed=0
0 missing_trie_node=0
0
[2026-06-01 09:20:47] 
[2026-06-01 09:20:47]   --- storage_mixed_k100_run4 (ubt) write-offset=400000000 K=100 ---
[2026-06-01 09:20:47]   [geth] Stopping (SIGTERM, waiting up to 120s for clean exit): 1059792
[2026-06-01 09:20:48]   [geth] exited cleanly after 1s
[2026-06-01 09:20:48]   [cache] OS page cache dropped
Fatal: Could not create the account: account already exists
[2026-06-01 09:20:48]   [geth] Starting (ubt, gd=5, cold=1, dev.period=1, 1tx/block)
[2026-06-01 09:20:48]   [geth] Waiting for RPC...
[2026-06-01 09:20:50]   [geth] RPC ready after 3s
[2026-06-01 09:20:50]   [bench] Running execute remote...
[2026-06-01 09:20:57]   [bench] exit=0 passed=1 failed=0
0 missing_trie_node=0
0
[2026-06-01 09:20:57] 
[2026-06-01 09:20:57]   --- storage_mixed_k100_run5 (ubt) write-offset=500000000 K=100 ---
[2026-06-01 09:20:57]   [geth] Stopping (SIGTERM, waiting up to 120s for clean exit): 1059867
[2026-06-01 09:20:58]   [geth] exited cleanly after 1s
[2026-06-01 09:20:59]   [cache] OS page cache dropped
Fatal: Could not create the account: account already exists
[2026-06-01 09:20:59]   [geth] Starting (ubt, gd=5, cold=1, dev.period=1, 1tx/block)
[2026-06-01 09:20:59]   [geth] Waiting for RPC...
[2026-06-01 09:21:01]   [geth] RPC ready after 3s
[2026-06-01 09:21:01]   [bench] Running execute remote...
[2026-06-01 09:21:08]   [bench] exit=0 passed=1 failed=0
0 missing_trie_node=0
0
[2026-06-01 09:21:08] 
[2026-06-01 09:21:08]   --- storage_mixed_k100_run6 (ubt) write-offset=600000000 K=100 ---
[2026-06-01 09:21:08]   [geth] Stopping (SIGTERM, waiting up to 120s for clean exit): 1059941
[2026-06-01 09:21:09]   [geth] exited cleanly after 1s
[2026-06-01 09:21:09]   [cache] OS page cache dropped
Fatal: Could not create the account: account already exists
[2026-06-01 09:21:09]   [geth] Starting (ubt, gd=5, cold=1, dev.period=1, 1tx/block)
[2026-06-01 09:21:10]   [geth] Waiting for RPC...
[2026-06-01 09:21:12]   [geth] RPC ready after 3s
[2026-06-01 09:21:12]   [bench] Running execute remote...
[2026-06-01 09:21:19]   [bench] exit=0 passed=1 failed=0
0 missing_trie_node=0
0
[2026-06-01 09:21:19] 
[2026-06-01 09:21:19]   --- storage_mixed_k100_run7 (ubt) write-offset=700000000 K=100 ---
[2026-06-01 09:21:19]   [geth] Stopping (SIGTERM, waiting up to 120s for clean exit): 1060016
[2026-06-01 09:21:20]   [geth] exited cleanly after 1s
[2026-06-01 09:21:20]   [cache] OS page cache dropped
Fatal: Could not create the account: account already exists
[2026-06-01 09:21:20]   [geth] Starting (ubt, gd=5, cold=1, dev.period=1, 1tx/block)
[2026-06-01 09:21:20]   [geth] Waiting for RPC...
[2026-06-01 09:21:22]   [geth] RPC ready after 3s
[2026-06-01 09:21:22]   [bench] Running execute remote...
[2026-06-01 09:21:30]   [bench] exit=0 passed=1 failed=0
0 missing_trie_node=0
0
[2026-06-01 09:21:30] 
[2026-06-01 09:21:30]   --- storage_mixed_k100_run8 (ubt) write-offset=800000000 K=100 ---
[2026-06-01 09:21:30]   [geth] Stopping (SIGTERM, waiting up to 120s for clean exit): 1060092
[2026-06-01 09:21:31]   [geth] exited cleanly after 1s
[2026-06-01 09:21:31]   [cache] OS page cache dropped
Fatal: Could not create the account: account already exists
[2026-06-01 09:21:31]   [geth] Starting (ubt, gd=5, cold=1, dev.period=1, 1tx/block)
[2026-06-01 09:21:31]   [geth] Waiting for RPC...
[2026-06-01 09:21:33]   [geth] RPC ready after 3s
[2026-06-01 09:21:33]   [bench] Running execute remote...
[2026-06-01 09:21:40]   [bench] exit=0 passed=1 failed=0
0 missing_trie_node=0
0
[2026-06-01 09:21:40] 
[2026-06-01 09:21:40]   --- storage_mixed_k100_run9 (ubt) write-offset=900000000 K=100 ---
[2026-06-01 09:21:40]   [geth] Stopping (SIGTERM, waiting up to 120s for clean exit): 1060166
[2026-06-01 09:21:41]   [geth] exited cleanly after 1s
[2026-06-01 09:21:42]   [cache] OS page cache dropped
Fatal: Could not create the account: account already exists
[2026-06-01 09:21:42]   [geth] Starting (ubt, gd=5, cold=1, dev.period=1, 1tx/block)
[2026-06-01 09:21:42]   [geth] Waiting for RPC...
[2026-06-01 09:21:44]   [geth] RPC ready after 3s
[2026-06-01 09:21:44]   [bench] Running execute remote...
[2026-06-01 09:21:51]   [bench] exit=0 passed=1 failed=0
0 missing_trie_node=0
0
[2026-06-01 09:21:51] 
[2026-06-01 09:21:51]   --- storage_mixed_k100_run10 (ubt) write-offset=1000000000 K=100 ---
[2026-06-01 09:21:51]   [geth] Stopping (SIGTERM, waiting up to 120s for clean exit): 1060242
[2026-06-01 09:21:52]   [geth] exited cleanly after 1s
[2026-06-01 09:21:52]   [cache] OS page cache dropped
Fatal: Could not create the account: account already exists
[2026-06-01 09:21:52]   [geth] Starting (ubt, gd=5, cold=1, dev.period=1, 1tx/block)
[2026-06-01 09:21:52]   [geth] Waiting for RPC...
[2026-06-01 09:21:54]   [geth] RPC ready after 3s
[2026-06-01 09:21:54]   [bench] Running execute remote...
[2026-06-01 09:22:02]   [bench] exit=0 passed=1 failed=0
0 missing_trie_node=0
0
[2026-06-01 09:22:02] 
[2026-06-01 09:22:02]   --- storage_mixed_k100_run11 (ubt) write-offset=1100000000 K=100 ---
[2026-06-01 09:22:02]   [geth] Stopping (SIGTERM, waiting up to 120s for clean exit): 1060317
[2026-06-01 09:22:03]   [geth] exited cleanly after 1s
[2026-06-01 09:22:03]   [cache] OS page cache dropped
Fatal: Could not create the account: account already exists
[2026-06-01 09:22:03]   [geth] Starting (ubt, gd=5, cold=1, dev.period=1, 1tx/block)
[2026-06-01 09:22:03]   [geth] Waiting for RPC...
[2026-06-01 09:22:05]   [geth] RPC ready after 3s
[2026-06-01 09:22:05]   [bench] Running execute remote...
[2026-06-01 09:22:13]   [bench] exit=0 passed=1 failed=0
0 missing_trie_node=0
0
[2026-06-01 09:22:13] 
[2026-06-01 09:22:13]   --- storage_mixed_k100_run12 (ubt) write-offset=1200000000 K=100 ---
[2026-06-01 09:22:13]   [geth] Stopping (SIGTERM, waiting up to 120s for clean exit): 1060391
[2026-06-01 09:22:14]   [geth] exited cleanly after 1s
[2026-06-01 09:22:14]   [cache] OS page cache dropped
Fatal: Could not create the account: account already exists
[2026-06-01 09:22:14]   [geth] Starting (ubt, gd=5, cold=1, dev.period=1, 1tx/block)
[2026-06-01 09:22:14]   [geth] Waiting for RPC...
[2026-06-01 09:22:16]   [geth] RPC ready after 3s
[2026-06-01 09:22:16]   [bench] Running execute remote...
[2026-06-01 09:22:23]   [bench] exit=0 passed=1 failed=0
0 missing_trie_node=0
0
[2026-06-01 09:22:23] 
[2026-06-01 09:22:23]   --- storage_mixed_k100_run13 (ubt) write-offset=1300000000 K=100 ---
[2026-06-01 09:22:23]   [geth] Stopping (SIGTERM, waiting up to 120s for clean exit): 1060467
[2026-06-01 09:22:25]   [geth] exited cleanly after 1s
[2026-06-01 09:22:25]   [cache] OS page cache dropped
Fatal: Could not create the account: account already exists
[2026-06-01 09:22:25]   [geth] Starting (ubt, gd=5, cold=1, dev.period=1, 1tx/block)
[2026-06-01 09:22:25]   [geth] Waiting for RPC...
[2026-06-01 09:22:27]   [geth] RPC ready after 3s
[2026-06-01 09:22:27]   [bench] Running execute remote...
[2026-06-01 09:22:34]   [bench] exit=0 passed=1 failed=0
0 missing_trie_node=0
0
[2026-06-01 09:22:34] 
[2026-06-01 09:22:34]   --- storage_mixed_k100_run14 (ubt) write-offset=1400000000 K=100 ---
[2026-06-01 09:22:34]   [geth] Stopping (SIGTERM, waiting up to 120s for clean exit): 1060543
[2026-06-01 09:22:35]   [geth] exited cleanly after 1s
[2026-06-01 09:22:35]   [cache] OS page cache dropped
Fatal: Could not create the account: account already exists
[2026-06-01 09:22:35]   [geth] Starting (ubt, gd=5, cold=1, dev.period=1, 1tx/block)
[2026-06-01 09:22:35]   [geth] Waiting for RPC...
[2026-06-01 09:22:37]   [geth] RPC ready after 3s
[2026-06-01 09:22:37]   [bench] Running execute remote...
[2026-06-01 09:22:45]   [bench] exit=0 passed=1 failed=0
0 missing_trie_node=0
0
[2026-06-01 09:22:45] 
[2026-06-01 09:22:45]   --- storage_mixed_k100_run15 (ubt) write-offset=1500000000 K=100 ---
[2026-06-01 09:22:45]   [geth] Stopping (SIGTERM, waiting up to 120s for clean exit): 1060618
[2026-06-01 09:22:46]   [geth] exited cleanly after 1s
[2026-06-01 09:22:46]   [cache] OS page cache dropped
Fatal: Could not create the account: account already exists
[2026-06-01 09:22:46]   [geth] Starting (ubt, gd=5, cold=1, dev.period=1, 1tx/block)
[2026-06-01 09:22:46]   [geth] Waiting for RPC...
[2026-06-01 09:22:48]   [geth] RPC ready after 3s
[2026-06-01 09:22:48]   [bench] Running execute remote...
[2026-06-01 09:22:56]   [bench] exit=0 passed=1 failed=0
0 missing_trie_node=0
0
[2026-06-01 09:22:56] 
[2026-06-01 09:22:56]   --- storage_mixed_k100_run16 (ubt) write-offset=1600000000 K=100 ---
[2026-06-01 09:22:56]   [geth] Stopping (SIGTERM, waiting up to 120s for clean exit): 1060705
[2026-06-01 09:22:57]   [geth] exited cleanly after 1s
[2026-06-01 09:22:57]   [cache] OS page cache dropped
Fatal: Could not create the account: account already exists
[2026-06-01 09:22:57]   [geth] Starting (ubt, gd=5, cold=1, dev.period=1, 1tx/block)
[2026-06-01 09:22:57]   [geth] Waiting for RPC...
[2026-06-01 09:22:59]   [geth] RPC ready after 3s
[2026-06-01 09:22:59]   [bench] Running execute remote...
[2026-06-01 09:23:06]   [bench] exit=0 passed=1 failed=0
0 missing_trie_node=0
0
[2026-06-01 09:23:06] 
[2026-06-01 09:23:06]   --- storage_mixed_k100_run17 (ubt) write-offset=1700000000 K=100 ---
[2026-06-01 09:23:06]   [geth] Stopping (SIGTERM, waiting up to 120s for clean exit): 1060781
[2026-06-01 09:23:07]   [geth] exited cleanly after 1s
[2026-06-01 09:23:07]   [cache] OS page cache dropped
Fatal: Could not create the account: account already exists
[2026-06-01 09:23:08]   [geth] Starting (ubt, gd=5, cold=1, dev.period=1, 1tx/block)
[2026-06-01 09:23:08]   [geth] Waiting for RPC...
[2026-06-01 09:23:10]   [geth] RPC ready after 3s
[2026-06-01 09:23:10]   [bench] Running execute remote...
[2026-06-01 09:23:17]   [bench] exit=0 passed=1 failed=0
0 missing_trie_node=0
0
[2026-06-01 09:23:17] 
[2026-06-01 09:23:17]   --- storage_mixed_k100_run18 (ubt) write-offset=1800000000 K=100 ---
[2026-06-01 09:23:17]   [geth] Stopping (SIGTERM, waiting up to 120s for clean exit): 1060856
[2026-06-01 09:23:18]   [geth] exited cleanly after 1s
[2026-06-01 09:23:18]   [cache] OS page cache dropped
Fatal: Could not create the account: account already exists
[2026-06-01 09:23:18]   [geth] Starting (ubt, gd=5, cold=1, dev.period=1, 1tx/block)
[2026-06-01 09:23:18]   [geth] Waiting for RPC...
[2026-06-01 09:23:20]   [geth] RPC ready after 3s
[2026-06-01 09:23:20]   [bench] Running execute remote...
[2026-06-01 09:23:28]   [bench] exit=0 passed=1 failed=0
0 missing_trie_node=0
0
[2026-06-01 09:23:28] 
[2026-06-01 09:23:28]   --- storage_mixed_k100_run19 (ubt) write-offset=1900000000 K=100 ---
[2026-06-01 09:23:28]   [geth] Stopping (SIGTERM, waiting up to 120s for clean exit): 1060933
[2026-06-01 09:23:29]   [geth] exited cleanly after 1s
[2026-06-01 09:23:29]   [cache] OS page cache dropped
Fatal: Could not create the account: account already exists
[2026-06-01 09:23:29]   [geth] Starting (ubt, gd=5, cold=1, dev.period=1, 1tx/block)
[2026-06-01 09:23:29]   [geth] Waiting for RPC...
[2026-06-01 09:23:31]   [geth] RPC ready after 3s
[2026-06-01 09:23:31]   [bench] Running execute remote...
[2026-06-01 09:23:38]   [bench] exit=0 passed=1 failed=0
0 missing_trie_node=0
0
[2026-06-01 09:23:38] 
[2026-06-01 09:23:38]   --- storage_mixed_k100_run20 (ubt) write-offset=2000000000 K=100 ---
[2026-06-01 09:23:38]   [geth] Stopping (SIGTERM, waiting up to 120s for clean exit): 1061008
[2026-06-01 09:23:39]   [geth] exited cleanly after 1s
[2026-06-01 09:23:40]   [cache] OS page cache dropped
Fatal: Could not create the account: account already exists
[2026-06-01 09:23:40]   [geth] Starting (ubt, gd=5, cold=1, dev.period=1, 1tx/block)
[2026-06-01 09:23:40]   [geth] Waiting for RPC...
[2026-06-01 09:23:42]   [geth] RPC ready after 3s
[2026-06-01 09:23:42]   [bench] Running execute remote...
[2026-06-01 09:23:49]   [bench] exit=0 passed=1 failed=0
0 missing_trie_node=0
0
[2026-06-01 09:23:49] 
[2026-06-01 09:23:49]   ── BENCHMARK: storage_mixed_k256 (pool=256 contracts; effective K=256)
[2026-06-01 09:23:49] 
[2026-06-01 09:23:49]   --- storage_mixed_k256_run1 (ubt) write-offset=100000000 K=256 ---
[2026-06-01 09:23:49]   [geth] Stopping (SIGTERM, waiting up to 120s for clean exit): 1061085
[2026-06-01 09:23:50]   [geth] exited cleanly after 1s
[2026-06-01 09:23:50]   [cache] OS page cache dropped
Fatal: Could not create the account: account already exists
[2026-06-01 09:23:50]   [geth] Starting (ubt, gd=5, cold=1, dev.period=1, 1tx/block)
[2026-06-01 09:23:50]   [geth] Waiting for RPC...
[2026-06-01 09:23:52]   [geth] RPC ready after 3s
[2026-06-01 09:23:52]   [bench] Running execute remote...
[2026-06-01 09:24:00]   [bench] exit=0 passed=1 failed=0
0 missing_trie_node=0
0
[2026-06-01 09:24:00] 
[2026-06-01 09:24:00]   --- storage_mixed_k256_run2 (ubt) write-offset=200000000 K=256 ---
[2026-06-01 09:24:00]   [geth] Stopping (SIGTERM, waiting up to 120s for clean exit): 1061182
[2026-06-01 09:24:01]   [geth] exited cleanly after 1s
[2026-06-01 09:24:01]   [cache] OS page cache dropped
Fatal: Could not create the account: account already exists
[2026-06-01 09:24:01]   [geth] Starting (ubt, gd=5, cold=1, dev.period=1, 1tx/block)
[2026-06-01 09:24:01]   [geth] Waiting for RPC...
[2026-06-01 09:24:03]   [geth] RPC ready after 3s
[2026-06-01 09:24:03]   [bench] Running execute remote...
[2026-06-01 09:24:11]   [bench] exit=0 passed=1 failed=0
0 missing_trie_node=0
0
[2026-06-01 09:24:11] 
[2026-06-01 09:24:11]   --- storage_mixed_k256_run3 (ubt) write-offset=300000000 K=256 ---
[2026-06-01 09:24:11]   [geth] Stopping (SIGTERM, waiting up to 120s for clean exit): 1061256
[2026-06-01 09:24:12]   [geth] exited cleanly after 1s
[2026-06-01 09:24:13]   [cache] OS page cache dropped
Fatal: Could not create the account: account already exists
[2026-06-01 09:24:13]   [geth] Starting (ubt, gd=5, cold=1, dev.period=1, 1tx/block)
[2026-06-01 09:24:13]   [geth] Waiting for RPC...
[2026-06-01 09:24:15]   [geth] RPC ready after 3s
[2026-06-01 09:24:15]   [bench] Running execute remote...
[2026-06-01 09:24:22]   [bench] exit=0 passed=1 failed=0
0 missing_trie_node=0
0
[2026-06-01 09:24:22] 
[2026-06-01 09:24:22]   --- storage_mixed_k256_run4 (ubt) write-offset=400000000 K=256 ---
[2026-06-01 09:24:22]   [geth] Stopping (SIGTERM, waiting up to 120s for clean exit): 1061331
[2026-06-01 09:24:23]   [geth] exited cleanly after 1s
[2026-06-01 09:24:23]   [cache] OS page cache dropped
Fatal: Could not create the account: account already exists
[2026-06-01 09:24:23]   [geth] Starting (ubt, gd=5, cold=1, dev.period=1, 1tx/block)
[2026-06-01 09:24:23]   [geth] Waiting for RPC...
[2026-06-01 09:24:25]   [geth] RPC ready after 3s
[2026-06-01 09:24:25]   [bench] Running execute remote...
[2026-06-01 09:24:33]   [bench] exit=0 passed=1 failed=0
0 missing_trie_node=0
0
[2026-06-01 09:24:33] 
[2026-06-01 09:24:33]   --- storage_mixed_k256_run5 (ubt) write-offset=500000000 K=256 ---
[2026-06-01 09:24:33]   [geth] Stopping (SIGTERM, waiting up to 120s for clean exit): 1061407
[2026-06-01 09:24:34]   [geth] exited cleanly after 1s
[2026-06-01 09:24:34]   [cache] OS page cache dropped
Fatal: Could not create the account: account already exists
[2026-06-01 09:24:34]   [geth] Starting (ubt, gd=5, cold=1, dev.period=1, 1tx/block)
[2026-06-01 09:24:34]   [geth] Waiting for RPC...
[2026-06-01 09:24:36]   [geth] RPC ready after 3s
[2026-06-01 09:24:36]   [bench] Running execute remote...
[2026-06-01 09:24:44]   [bench] exit=0 passed=1 failed=0
0 missing_trie_node=0
0
[2026-06-01 09:24:44] 
[2026-06-01 09:24:44]   --- storage_mixed_k256_run6 (ubt) write-offset=600000000 K=256 ---
[2026-06-01 09:24:44]   [geth] Stopping (SIGTERM, waiting up to 120s for clean exit): 1061478
[2026-06-01 09:24:45]   [geth] exited cleanly after 1s
[2026-06-01 09:24:45]   [cache] OS page cache dropped
Fatal: Could not create the account: account already exists
[2026-06-01 09:24:45]   [geth] Starting (ubt, gd=5, cold=1, dev.period=1, 1tx/block)
[2026-06-01 09:24:45]   [geth] Waiting for RPC...
[2026-06-01 09:24:47]   [geth] RPC ready after 3s
[2026-06-01 09:24:47]   [bench] Running execute remote...
[2026-06-01 09:24:54]   [bench] exit=0 passed=1 failed=0
0 missing_trie_node=0
0
[2026-06-01 09:24:54] 
[2026-06-01 09:24:54]   --- storage_mixed_k256_run7 (ubt) write-offset=700000000 K=256 ---
[2026-06-01 09:24:54]   [geth] Stopping (SIGTERM, waiting up to 120s for clean exit): 1061552
[2026-06-01 09:24:55]   [geth] exited cleanly after 1s
[2026-06-01 09:24:55]   [cache] OS page cache dropped
Fatal: Could not create the account: account already exists
[2026-06-01 09:24:55]   [geth] Starting (ubt, gd=5, cold=1, dev.period=1, 1tx/block)
[2026-06-01 09:24:55]   [geth] Waiting for RPC...
[2026-06-01 09:24:58]   [geth] RPC ready after 3s
[2026-06-01 09:24:58]   [bench] Running execute remote...
[2026-06-01 09:25:05]   [bench] exit=0 passed=1 failed=0
0 missing_trie_node=0
0
[2026-06-01 09:25:05] 
[2026-06-01 09:25:05]   --- storage_mixed_k256_run8 (ubt) write-offset=800000000 K=256 ---
[2026-06-01 09:25:05]   [geth] Stopping (SIGTERM, waiting up to 120s for clean exit): 1061632
[2026-06-01 09:25:06]   [geth] exited cleanly after 1s
[2026-06-01 09:25:06]   [cache] OS page cache dropped
Fatal: Could not create the account: account already exists
[2026-06-01 09:25:06]   [geth] Starting (ubt, gd=5, cold=1, dev.period=1, 1tx/block)
[2026-06-01 09:25:06]   [geth] Waiting for RPC...
[2026-06-01 09:25:08]   [geth] RPC ready after 3s
[2026-06-01 09:25:08]   [bench] Running execute remote...
[2026-06-01 09:25:16]   [bench] exit=0 passed=1 failed=0
0 missing_trie_node=0
0
[2026-06-01 09:25:16] 
[2026-06-01 09:25:16]   --- storage_mixed_k256_run9 (ubt) write-offset=900000000 K=256 ---
[2026-06-01 09:25:16]   [geth] Stopping (SIGTERM, waiting up to 120s for clean exit): 1061708
[2026-06-01 09:25:17]   [geth] exited cleanly after 1s
[2026-06-01 09:25:17]   [cache] OS page cache dropped
Fatal: Could not create the account: account already exists
[2026-06-01 09:25:17]   [geth] Starting (ubt, gd=5, cold=1, dev.period=1, 1tx/block)
[2026-06-01 09:25:17]   [geth] Waiting for RPC...
[2026-06-01 09:25:19]   [geth] RPC ready after 3s
[2026-06-01 09:25:19]   [bench] Running execute remote...
[2026-06-01 09:25:26]   [bench] exit=0 passed=1 failed=0
0 missing_trie_node=0
0
[2026-06-01 09:25:26] 
[2026-06-01 09:25:26]   --- storage_mixed_k256_run10 (ubt) write-offset=1000000000 K=256 ---
[2026-06-01 09:25:26]   [geth] Stopping (SIGTERM, waiting up to 120s for clean exit): 1061789
[2026-06-01 09:25:27]   [geth] exited cleanly after 1s
[2026-06-01 09:25:27]   [cache] OS page cache dropped
Fatal: Could not create the account: account already exists
[2026-06-01 09:25:27]   [geth] Starting (ubt, gd=5, cold=1, dev.period=1, 1tx/block)
[2026-06-01 09:25:27]   [geth] Waiting for RPC...
[2026-06-01 09:25:30]   [geth] RPC ready after 3s
[2026-06-01 09:25:30]   [bench] Running execute remote...
[2026-06-01 09:25:37]   [bench] exit=0 passed=1 failed=0
0 missing_trie_node=0
0
[2026-06-01 09:25:37] 
[2026-06-01 09:25:37]   --- storage_mixed_k256_run11 (ubt) write-offset=1100000000 K=256 ---
[2026-06-01 09:25:37]   [geth] Stopping (SIGTERM, waiting up to 120s for clean exit): 1061874
[2026-06-01 09:25:38]   [geth] exited cleanly after 1s
[2026-06-01 09:25:38]   [cache] OS page cache dropped
Fatal: Could not create the account: account already exists
[2026-06-01 09:25:38]   [geth] Starting (ubt, gd=5, cold=1, dev.period=1, 1tx/block)
[2026-06-01 09:25:38]   [geth] Waiting for RPC...
[2026-06-01 09:25:40]   [geth] RPC ready after 3s
[2026-06-01 09:25:40]   [bench] Running execute remote...
[2026-06-01 09:25:48]   [bench] exit=0 passed=1 failed=0
0 missing_trie_node=0
0
[2026-06-01 09:25:48] 
[2026-06-01 09:25:48]   --- storage_mixed_k256_run12 (ubt) write-offset=1200000000 K=256 ---
[2026-06-01 09:25:48]   [geth] Stopping (SIGTERM, waiting up to 120s for clean exit): 1061949
[2026-06-01 09:25:49]   [geth] exited cleanly after 1s
[2026-06-01 09:25:49]   [cache] OS page cache dropped
Fatal: Could not create the account: account already exists
[2026-06-01 09:25:49]   [geth] Starting (ubt, gd=5, cold=1, dev.period=1, 1tx/block)
[2026-06-01 09:25:49]   [geth] Waiting for RPC...
[2026-06-01 09:25:51]   [geth] RPC ready after 3s
[2026-06-01 09:25:51]   [bench] Running execute remote...
[2026-06-01 09:25:58]   [bench] exit=0 passed=1 failed=0
0 missing_trie_node=0
0
[2026-06-01 09:25:58] 
[2026-06-01 09:25:58]   --- storage_mixed_k256_run13 (ubt) write-offset=1300000000 K=256 ---
[2026-06-01 09:25:58]   [geth] Stopping (SIGTERM, waiting up to 120s for clean exit): 1062073
[2026-06-01 09:25:59]   [geth] exited cleanly after 1s
[2026-06-01 09:25:59]   [cache] OS page cache dropped
Fatal: Could not create the account: account already exists
[2026-06-01 09:25:59]   [geth] Starting (ubt, gd=5, cold=1, dev.period=1, 1tx/block)
[2026-06-01 09:25:59]   [geth] Waiting for RPC...
[2026-06-01 09:26:02]   [geth] RPC ready after 3s
[2026-06-01 09:26:02]   [bench] Running execute remote...
[2026-06-01 09:26:10]   [bench] exit=0 passed=1 failed=0
0 missing_trie_node=0
0
[2026-06-01 09:26:10] 
[2026-06-01 09:26:10]   --- storage_mixed_k256_run14 (ubt) write-offset=1400000000 K=256 ---
[2026-06-01 09:26:10]   [geth] Stopping (SIGTERM, waiting up to 120s for clean exit): 1062147
[2026-06-01 09:26:11]   [geth] exited cleanly after 1s
[2026-06-01 09:26:11]   [cache] OS page cache dropped
Fatal: Could not create the account: account already exists
[2026-06-01 09:26:11]   [geth] Starting (ubt, gd=5, cold=1, dev.period=1, 1tx/block)
[2026-06-01 09:26:11]   [geth] Waiting for RPC...
[2026-06-01 09:26:13]   [geth] RPC ready after 3s
[2026-06-01 09:26:13]   [bench] Running execute remote...
[2026-06-01 09:26:21]   [bench] exit=0 passed=1 failed=0
0 missing_trie_node=0
0
[2026-06-01 09:26:21] 
[2026-06-01 09:26:21]   --- storage_mixed_k256_run15 (ubt) write-offset=1500000000 K=256 ---
[2026-06-01 09:26:21]   [geth] Stopping (SIGTERM, waiting up to 120s for clean exit): 1062222
[2026-06-01 09:26:22]   [geth] exited cleanly after 1s
[2026-06-01 09:26:22]   [cache] OS page cache dropped
Fatal: Could not create the account: account already exists
[2026-06-01 09:26:22]   [geth] Starting (ubt, gd=5, cold=1, dev.period=1, 1tx/block)
[2026-06-01 09:26:22]   [geth] Waiting for RPC...
[2026-06-01 09:26:24]   [geth] RPC ready after 3s
[2026-06-01 09:26:24]   [bench] Running execute remote...
[2026-06-01 09:26:32]   [bench] exit=0 passed=1 failed=0
0 missing_trie_node=0
0
[2026-06-01 09:26:32] 
[2026-06-01 09:26:32]   --- storage_mixed_k256_run16 (ubt) write-offset=1600000000 K=256 ---
[2026-06-01 09:26:32]   [geth] Stopping (SIGTERM, waiting up to 120s for clean exit): 1062299
[2026-06-01 09:26:33]   [geth] exited cleanly after 1s
[2026-06-01 09:26:33]   [cache] OS page cache dropped
Fatal: Could not create the account: account already exists
[2026-06-01 09:26:34]   [geth] Starting (ubt, gd=5, cold=1, dev.period=1, 1tx/block)
[2026-06-01 09:26:34]   [geth] Waiting for RPC...
[2026-06-01 09:26:36]   [geth] RPC ready after 3s
[2026-06-01 09:26:36]   [bench] Running execute remote...
[2026-06-01 09:26:43]   [bench] exit=0 passed=1 failed=0
0 missing_trie_node=0
0
[2026-06-01 09:26:43] 
[2026-06-01 09:26:43]   --- storage_mixed_k256_run17 (ubt) write-offset=1700000000 K=256 ---
[2026-06-01 09:26:43]   [geth] Stopping (SIGTERM, waiting up to 120s for clean exit): 1062374
[2026-06-01 09:26:44]   [geth] exited cleanly after 1s
[2026-06-01 09:26:44]   [cache] OS page cache dropped
Fatal: Could not create the account: account already exists
[2026-06-01 09:26:44]   [geth] Starting (ubt, gd=5, cold=1, dev.period=1, 1tx/block)
[2026-06-01 09:26:44]   [geth] Waiting for RPC...
[2026-06-01 09:26:46]   [geth] RPC ready after 3s
[2026-06-01 09:26:46]   [bench] Running execute remote...
[2026-06-01 09:26:54]   [bench] exit=0 passed=1 failed=0
0 missing_trie_node=0
0
[2026-06-01 09:26:54] 
[2026-06-01 09:26:54]   --- storage_mixed_k256_run18 (ubt) write-offset=1800000000 K=256 ---
[2026-06-01 09:26:54]   [geth] Stopping (SIGTERM, waiting up to 120s for clean exit): 1062460
[2026-06-01 09:26:55]   [geth] exited cleanly after 1s
[2026-06-01 09:26:55]   [cache] OS page cache dropped
Fatal: Could not create the account: account already exists
[2026-06-01 09:26:55]   [geth] Starting (ubt, gd=5, cold=1, dev.period=1, 1tx/block)
[2026-06-01 09:26:55]   [geth] Waiting for RPC...
[2026-06-01 09:26:57]   [geth] RPC ready after 3s
[2026-06-01 09:26:57]   [bench] Running execute remote...
[2026-06-01 09:27:04]   [bench] exit=0 passed=1 failed=0
0 missing_trie_node=0
0
[2026-06-01 09:27:04] 
[2026-06-01 09:27:04]   --- storage_mixed_k256_run19 (ubt) write-offset=1900000000 K=256 ---
[2026-06-01 09:27:04]   [geth] Stopping (SIGTERM, waiting up to 120s for clean exit): 1062535
[2026-06-01 09:27:05]   [geth] exited cleanly after 1s
[2026-06-01 09:27:05]   [cache] OS page cache dropped
Fatal: Could not create the account: account already exists
[2026-06-01 09:27:05]   [geth] Starting (ubt, gd=5, cold=1, dev.period=1, 1tx/block)
[2026-06-01 09:27:05]   [geth] Waiting for RPC...
[2026-06-01 09:27:08]   [geth] RPC ready after 3s
[2026-06-01 09:27:08]   [bench] Running execute remote...
[2026-06-01 09:27:15]   [bench] exit=0 passed=1 failed=0
0 missing_trie_node=0
0
[2026-06-01 09:27:15] 
[2026-06-01 09:27:15]   --- storage_mixed_k256_run20 (ubt) write-offset=2000000000 K=256 ---
[2026-06-01 09:27:15]   [geth] Stopping (SIGTERM, waiting up to 120s for clean exit): 1062612
[2026-06-01 09:27:16]   [geth] exited cleanly after 1s
[2026-06-01 09:27:16]   [cache] OS page cache dropped
Fatal: Could not create the account: account already exists
[2026-06-01 09:27:16]   [geth] Starting (ubt, gd=5, cold=1, dev.period=1, 1tx/block)
[2026-06-01 09:27:16]   [geth] Waiting for RPC...
[2026-06-01 09:27:18]   [geth] RPC ready after 3s
[2026-06-01 09:27:18]   [bench] Running execute remote...
[2026-06-01 09:27:26]   [bench] exit=0 passed=1 failed=0
0 missing_trie_node=0
0
[2026-06-01 09:27:26]   [geth] Stopping (SIGTERM, waiting up to 120s for clean exit): 1062690
[2026-06-01 09:27:27]   [geth] exited cleanly after 1s
[2026-06-01 09:27:27] 
[2026-06-01 09:27:27] ╔══════════════════════════════════════════════════════════════════╗
[2026-06-01 09:27:27] ║  CONFIG: pbt
[2026-06-01 09:27:27] ╚══════════════════════════════════════════════════════════════════╝
[2026-06-01 09:27:27] 
[2026-06-01 09:27:27]   ── BENCHMARK: storage_sload_k1 (pool=256 contracts; effective K=1)
[2026-06-01 09:27:27] 
[2026-06-01 09:27:27]   --- storage_sload_k1_run1 (pbt) write-offset=100000000 K=1 ---
[2026-06-01 09:27:27]   [cache] OS page cache dropped
Fatal: Could not create the account: account already exists
[2026-06-01 09:27:27]   [geth] Starting (pbt, gd=5, cold=1, dev.period=1, 1tx/block)
[2026-06-01 09:27:27]   [geth] Waiting for RPC...
[2026-06-01 09:27:29]   [geth] RPC ready after 3s
[2026-06-01 09:27:29]   [bench] Running execute remote...
[2026-06-01 09:27:36]   [bench] exit=0 passed=1 failed=0
0 missing_trie_node=0
0
[2026-06-01 09:27:36] 
[2026-06-01 09:27:36]   --- storage_sload_k1_run2 (pbt) write-offset=200000000 K=1 ---
[2026-06-01 09:27:36]   [geth] Stopping (SIGTERM, waiting up to 120s for clean exit): 1062800
[2026-06-01 09:27:37]   [geth] exited cleanly after 1s
[2026-06-01 09:27:37]   [cache] OS page cache dropped
Fatal: Could not create the account: account already exists
[2026-06-01 09:27:37]   [geth] Starting (pbt, gd=5, cold=1, dev.period=1, 1tx/block)
[2026-06-01 09:27:37]   [geth] Waiting for RPC...
[2026-06-01 09:27:40]   [geth] RPC ready after 3s
[2026-06-01 09:27:40]   [bench] Running execute remote...
[2026-06-01 09:27:47]   [bench] exit=0 passed=1 failed=0
0 missing_trie_node=0
0
[2026-06-01 09:27:47] 
[2026-06-01 09:27:47]   --- storage_sload_k1_run3 (pbt) write-offset=300000000 K=1 ---
[2026-06-01 09:27:47]   [geth] Stopping (SIGTERM, waiting up to 120s for clean exit): 1062874
[2026-06-01 09:27:48]   [geth] exited cleanly after 1s
[2026-06-01 09:27:48]   [cache] OS page cache dropped
Fatal: Could not create the account: account already exists
[2026-06-01 09:27:48]   [geth] Starting (pbt, gd=5, cold=1, dev.period=1, 1tx/block)
[2026-06-01 09:27:48]   [geth] Waiting for RPC...
[2026-06-01 09:27:50]   [geth] RPC ready after 3s
[2026-06-01 09:27:50]   [bench] Running execute remote...
[2026-06-01 09:27:57]   [bench] exit=0 passed=1 failed=0
0 missing_trie_node=0
0
[2026-06-01 09:27:57] 
[2026-06-01 09:27:57]   --- storage_sload_k1_run4 (pbt) write-offset=400000000 K=1 ---
[2026-06-01 09:27:57]   [geth] Stopping (SIGTERM, waiting up to 120s for clean exit): 1062948
[2026-06-01 09:27:58]   [geth] exited cleanly after 1s
[2026-06-01 09:27:58]   [cache] OS page cache dropped
Fatal: Could not create the account: account already exists
[2026-06-01 09:27:59]   [geth] Starting (pbt, gd=5, cold=1, dev.period=1, 1tx/block)
[2026-06-01 09:27:59]   [geth] Waiting for RPC...
[2026-06-01 09:28:01]   [geth] RPC ready after 3s
[2026-06-01 09:28:01]   [bench] Running execute remote...
[2026-06-01 09:28:08]   [bench] exit=0 passed=1 failed=0
0 missing_trie_node=0
0
[2026-06-01 09:28:08] 
[2026-06-01 09:28:08]   --- storage_sload_k1_run5 (pbt) write-offset=500000000 K=1 ---
[2026-06-01 09:28:08]   [geth] Stopping (SIGTERM, waiting up to 120s for clean exit): 1063022
[2026-06-01 09:28:09]   [geth] exited cleanly after 1s
[2026-06-01 09:28:09]   [cache] OS page cache dropped
Fatal: Could not create the account: account already exists
[2026-06-01 09:28:09]   [geth] Starting (pbt, gd=5, cold=1, dev.period=1, 1tx/block)
[2026-06-01 09:28:09]   [geth] Waiting for RPC...
[2026-06-01 09:28:11]   [geth] RPC ready after 3s
[2026-06-01 09:28:11]   [bench] Running execute remote...
[2026-06-01 09:28:18]   [bench] exit=0 passed=1 failed=0
0 missing_trie_node=0
0
[2026-06-01 09:28:18] 
[2026-06-01 09:28:18]   --- storage_sload_k1_run6 (pbt) write-offset=600000000 K=1 ---
[2026-06-01 09:28:18]   [geth] Stopping (SIGTERM, waiting up to 120s for clean exit): 1063207
[2026-06-01 09:28:19]   [geth] exited cleanly after 1s
[2026-06-01 09:28:20]   [cache] OS page cache dropped
Fatal: Could not create the account: account already exists
[2026-06-01 09:28:20]   [geth] Starting (pbt, gd=5, cold=1, dev.period=1, 1tx/block)
[2026-06-01 09:28:20]   [geth] Waiting for RPC...
[2026-06-01 09:28:22]   [geth] RPC ready after 3s
[2026-06-01 09:28:22]   [bench] Running execute remote...
[2026-06-01 09:28:29]   [bench] exit=0 passed=1 failed=0
0 missing_trie_node=0
0
[2026-06-01 09:28:29] 
[2026-06-01 09:28:29]   --- storage_sload_k1_run7 (pbt) write-offset=700000000 K=1 ---
[2026-06-01 09:28:29]   [geth] Stopping (SIGTERM, waiting up to 120s for clean exit): 1063284
[2026-06-01 09:28:30]   [geth] exited cleanly after 1s
[2026-06-01 09:28:30]   [cache] OS page cache dropped
Fatal: Could not create the account: account already exists
[2026-06-01 09:28:30]   [geth] Starting (pbt, gd=5, cold=1, dev.period=1, 1tx/block)
[2026-06-01 09:28:30]   [geth] Waiting for RPC...
[2026-06-01 09:28:32]   [geth] RPC ready after 3s
[2026-06-01 09:28:32]   [bench] Running execute remote...
[2026-06-01 09:28:39]   [bench] exit=0 passed=1 failed=0
0 missing_trie_node=0
0
[2026-06-01 09:28:39] 
[2026-06-01 09:28:39]   --- storage_sload_k1_run8 (pbt) write-offset=800000000 K=1 ---
[2026-06-01 09:28:39]   [geth] Stopping (SIGTERM, waiting up to 120s for clean exit): 1063358
[2026-06-01 09:28:40]   [geth] exited cleanly after 1s
[2026-06-01 09:28:40]   [cache] OS page cache dropped
Fatal: Could not create the account: account already exists
[2026-06-01 09:28:40]   [geth] Starting (pbt, gd=5, cold=1, dev.period=1, 1tx/block)
[2026-06-01 09:28:40]   [geth] Waiting for RPC...
[2026-06-01 09:28:42]   [geth] RPC ready after 3s
[2026-06-01 09:28:42]   [bench] Running execute remote...
[2026-06-01 09:28:49]   [bench] exit=0 passed=1 failed=0
0 missing_trie_node=0
0
[2026-06-01 09:28:49] 
[2026-06-01 09:28:49]   --- storage_sload_k1_run9 (pbt) write-offset=900000000 K=1 ---
[2026-06-01 09:28:49]   [geth] Stopping (SIGTERM, waiting up to 120s for clean exit): 1063436
[2026-06-01 09:28:50]   [geth] exited cleanly after 1s
[2026-06-01 09:28:50]   [cache] OS page cache dropped
Fatal: Could not create the account: account already exists
[2026-06-01 09:28:50]   [geth] Starting (pbt, gd=5, cold=1, dev.period=1, 1tx/block)
[2026-06-01 09:28:50]   [geth] Waiting for RPC...
[2026-06-01 09:28:52]   [geth] RPC ready after 3s
[2026-06-01 09:28:52]   [bench] Running execute remote...
[2026-06-01 09:29:00]   [bench] exit=0 passed=1 failed=0
0 missing_trie_node=0
0
[2026-06-01 09:29:00] 
[2026-06-01 09:29:00]   --- storage_sload_k1_run10 (pbt) write-offset=1000000000 K=1 ---
[2026-06-01 09:29:00]   [geth] Stopping (SIGTERM, waiting up to 120s for clean exit): 1063513
[2026-06-01 09:29:01]   [geth] exited cleanly after 1s
[2026-06-01 09:29:01]   [cache] OS page cache dropped
Fatal: Could not create the account: account already exists
[2026-06-01 09:29:01]   [geth] Starting (pbt, gd=5, cold=1, dev.period=1, 1tx/block)
[2026-06-01 09:29:01]   [geth] Waiting for RPC...
[2026-06-01 09:29:03]   [geth] RPC ready after 3s
[2026-06-01 09:29:03]   [bench] Running execute remote...
[2026-06-01 09:29:10]   [bench] exit=0 passed=1 failed=0
0 missing_trie_node=0
0
[2026-06-01 09:29:10] 
[2026-06-01 09:29:10]   --- storage_sload_k1_run11 (pbt) write-offset=1100000000 K=1 ---
[2026-06-01 09:29:10]   [geth] Stopping (SIGTERM, waiting up to 120s for clean exit): 1063730
[2026-06-01 09:29:11]   [geth] exited cleanly after 1s
[2026-06-01 09:29:11]   [cache] OS page cache dropped
Fatal: Could not create the account: account already exists
[2026-06-01 09:29:11]   [geth] Starting (pbt, gd=5, cold=1, dev.period=1, 1tx/block)
[2026-06-01 09:29:11]   [geth] Waiting for RPC...
[2026-06-01 09:29:14]   [geth] RPC ready after 3s
[2026-06-01 09:29:14]   [bench] Running execute remote...
[2026-06-01 09:29:21]   [bench] exit=0 passed=1 failed=0
0 missing_trie_node=0
0
[2026-06-01 09:29:21] 
[2026-06-01 09:29:21]   --- storage_sload_k1_run12 (pbt) write-offset=1200000000 K=1 ---
[2026-06-01 09:29:21]   [geth] Stopping (SIGTERM, waiting up to 120s for clean exit): 1063806
[2026-06-01 09:29:22]   [geth] exited cleanly after 1s
[2026-06-01 09:29:22]   [cache] OS page cache dropped
Fatal: Could not create the account: account already exists
[2026-06-01 09:29:22]   [geth] Starting (pbt, gd=5, cold=1, dev.period=1, 1tx/block)
[2026-06-01 09:29:22]   [geth] Waiting for RPC...
[2026-06-01 09:29:24]   [geth] RPC ready after 3s
[2026-06-01 09:29:24]   [bench] Running execute remote...
[2026-06-01 09:29:30]   [bench] exit=0 passed=1 failed=0
0 missing_trie_node=0
0
[2026-06-01 09:29:30] 
[2026-06-01 09:29:30]   --- storage_sload_k1_run13 (pbt) write-offset=1300000000 K=1 ---
[2026-06-01 09:29:30]   [geth] Stopping (SIGTERM, waiting up to 120s for clean exit): 1063889
[2026-06-01 09:29:31]   [geth] exited cleanly after 1s
[2026-06-01 09:29:31]   [cache] OS page cache dropped
Fatal: Could not create the account: account already exists
[2026-06-01 09:29:31]   [geth] Starting (pbt, gd=5, cold=1, dev.period=1, 1tx/block)
[2026-06-01 09:29:31]   [geth] Waiting for RPC...
[2026-06-01 09:29:33]   [geth] RPC ready after 3s
[2026-06-01 09:29:34]   [bench] Running execute remote...
[2026-06-01 09:29:40]   [bench] exit=0 passed=1 failed=0
0 missing_trie_node=0
0
[2026-06-01 09:29:40] 
[2026-06-01 09:29:40]   --- storage_sload_k1_run14 (pbt) write-offset=1400000000 K=1 ---
[2026-06-01 09:29:40]   [geth] Stopping (SIGTERM, waiting up to 120s for clean exit): 1063966
[2026-06-01 09:29:41]   [geth] exited cleanly after 1s
[2026-06-01 09:29:41]   [cache] OS page cache dropped
Fatal: Could not create the account: account already exists
[2026-06-01 09:29:41]   [geth] Starting (pbt, gd=5, cold=1, dev.period=1, 1tx/block)
[2026-06-01 09:29:41]   [geth] Waiting for RPC...
[2026-06-01 09:29:43]   [geth] RPC ready after 3s
[2026-06-01 09:29:43]   [bench] Running execute remote...
[2026-06-01 09:29:50]   [bench] exit=0 passed=1 failed=0
0 missing_trie_node=0
0
[2026-06-01 09:29:50] 
[2026-06-01 09:29:50]   --- storage_sload_k1_run15 (pbt) write-offset=1500000000 K=1 ---
[2026-06-01 09:29:50]   [geth] Stopping (SIGTERM, waiting up to 120s for clean exit): 1064042
[2026-06-01 09:29:51]   [geth] exited cleanly after 1s
[2026-06-01 09:29:51]   [cache] OS page cache dropped
Fatal: Could not create the account: account already exists
[2026-06-01 09:29:51]   [geth] Starting (pbt, gd=5, cold=1, dev.period=1, 1tx/block)
[2026-06-01 09:29:51]   [geth] Waiting for RPC...
[2026-06-01 09:29:54]   [geth] RPC ready after 3s
[2026-06-01 09:29:54]   [bench] Running execute remote...
[2026-06-01 09:30:01]   [bench] exit=0 passed=1 failed=0
0 missing_trie_node=0
0
[2026-06-01 09:30:01] 
[2026-06-01 09:30:01]   --- storage_sload_k1_run16 (pbt) write-offset=1600000000 K=1 ---
[2026-06-01 09:30:01]   [geth] Stopping (SIGTERM, waiting up to 120s for clean exit): 1064119
[2026-06-01 09:30:02]   [geth] exited cleanly after 1s
[2026-06-01 09:30:02]   [cache] OS page cache dropped
Fatal: Could not create the account: account already exists
[2026-06-01 09:30:02]   [geth] Starting (pbt, gd=5, cold=1, dev.period=1, 1tx/block)
[2026-06-01 09:30:02]   [geth] Waiting for RPC...
[2026-06-01 09:30:04]   [geth] RPC ready after 3s
[2026-06-01 09:30:04]   [bench] Running execute remote...
[2026-06-01 09:30:10]   [bench] exit=0 passed=1 failed=0
0 missing_trie_node=0
0
[2026-06-01 09:30:10] 
[2026-06-01 09:30:10]   --- storage_sload_k1_run17 (pbt) write-offset=1700000000 K=1 ---
[2026-06-01 09:30:10]   [geth] Stopping (SIGTERM, waiting up to 120s for clean exit): 1064194
[2026-06-01 09:30:11]   [geth] exited cleanly after 1s
[2026-06-01 09:30:11]   [cache] OS page cache dropped
Fatal: Could not create the account: account already exists
[2026-06-01 09:30:11]   [geth] Starting (pbt, gd=5, cold=1, dev.period=1, 1tx/block)
[2026-06-01 09:30:11]   [geth] Waiting for RPC...
[2026-06-01 09:30:14]   [geth] RPC ready after 3s
[2026-06-01 09:30:14]   [bench] Running execute remote...
[2026-06-01 09:30:20]   [bench] exit=0 passed=1 failed=0
0 missing_trie_node=0
0
[2026-06-01 09:30:20] 
[2026-06-01 09:30:20]   --- storage_sload_k1_run18 (pbt) write-offset=1800000000 K=1 ---
[2026-06-01 09:30:20]   [geth] Stopping (SIGTERM, waiting up to 120s for clean exit): 1064317
[2026-06-01 09:30:21]   [geth] exited cleanly after 1s
[2026-06-01 09:30:21]   [cache] OS page cache dropped
Fatal: Could not create the account: account already exists
[2026-06-01 09:30:21]   [geth] Starting (pbt, gd=5, cold=1, dev.period=1, 1tx/block)
[2026-06-01 09:30:21]   [geth] Waiting for RPC...
[2026-06-01 09:30:23]   [geth] RPC ready after 3s
[2026-06-01 09:30:23]   [bench] Running execute remote...
[2026-06-01 09:30:30]   [bench] exit=0 passed=1 failed=0
0 missing_trie_node=0
0
[2026-06-01 09:30:30] 
[2026-06-01 09:30:30]   --- storage_sload_k1_run19 (pbt) write-offset=1900000000 K=1 ---
[2026-06-01 09:30:30]   [geth] Stopping (SIGTERM, waiting up to 120s for clean exit): 1064393
[2026-06-01 09:30:31]   [geth] exited cleanly after 1s
[2026-06-01 09:30:31]   [cache] OS page cache dropped
Fatal: Could not create the account: account already exists
[2026-06-01 09:30:31]   [geth] Starting (pbt, gd=5, cold=1, dev.period=1, 1tx/block)
[2026-06-01 09:30:31]   [geth] Waiting for RPC...
[2026-06-01 09:30:33]   [geth] RPC ready after 3s
[2026-06-01 09:30:33]   [bench] Running execute remote...
[2026-06-01 09:30:40]   [bench] exit=0 passed=1 failed=0
0 missing_trie_node=0
0
[2026-06-01 09:30:40] 
[2026-06-01 09:30:40]   --- storage_sload_k1_run20 (pbt) write-offset=2000000000 K=1 ---
[2026-06-01 09:30:40]   [geth] Stopping (SIGTERM, waiting up to 120s for clean exit): 1064468
[2026-06-01 09:30:41]   [geth] exited cleanly after 1s
[2026-06-01 09:30:41]   [cache] OS page cache dropped
Fatal: Could not create the account: account already exists
[2026-06-01 09:30:41]   [geth] Starting (pbt, gd=5, cold=1, dev.period=1, 1tx/block)
[2026-06-01 09:30:41]   [geth] Waiting for RPC...
[2026-06-01 09:30:43]   [geth] RPC ready after 3s
[2026-06-01 09:30:43]   [bench] Running execute remote...
[2026-06-01 09:30:50]   [bench] exit=0 passed=1 failed=0
0 missing_trie_node=0
0
[2026-06-01 09:30:50] 
[2026-06-01 09:30:50]   ── BENCHMARK: storage_sload_k10 (pool=256 contracts; effective K=10)
[2026-06-01 09:30:50] 
[2026-06-01 09:30:50]   --- storage_sload_k10_run1 (pbt) write-offset=100000000 K=10 ---
[2026-06-01 09:30:50]   [geth] Stopping (SIGTERM, waiting up to 120s for clean exit): 1064553
[2026-06-01 09:30:51]   [geth] exited cleanly after 1s
[2026-06-01 09:30:51]   [cache] OS page cache dropped
Fatal: Could not create the account: account already exists
[2026-06-01 09:30:51]   [geth] Starting (pbt, gd=5, cold=1, dev.period=1, 1tx/block)
[2026-06-01 09:30:51]   [geth] Waiting for RPC...
[2026-06-01 09:30:53]   [geth] RPC ready after 3s
[2026-06-01 09:30:53]   [bench] Running execute remote...
[2026-06-01 09:31:00]   [bench] exit=0 passed=1 failed=0
0 missing_trie_node=0
0
[2026-06-01 09:31:00] 
[2026-06-01 09:31:00]   --- storage_sload_k10_run2 (pbt) write-offset=200000000 K=10 ---
[2026-06-01 09:31:00]   [geth] Stopping (SIGTERM, waiting up to 120s for clean exit): 1064648
[2026-06-01 09:31:01]   [geth] exited cleanly after 1s
[2026-06-01 09:31:01]   [cache] OS page cache dropped
Fatal: Could not create the account: account already exists
[2026-06-01 09:31:02]   [geth] Starting (pbt, gd=5, cold=1, dev.period=1, 1tx/block)
[2026-06-01 09:31:02]   [geth] Waiting for RPC...
[2026-06-01 09:31:04]   [geth] RPC ready after 3s
[2026-06-01 09:31:04]   [bench] Running execute remote...
[2026-06-01 09:31:11]   [bench] exit=0 passed=1 failed=0
0 missing_trie_node=0
0
[2026-06-01 09:31:11] 
[2026-06-01 09:31:11]   --- storage_sload_k10_run3 (pbt) write-offset=300000000 K=10 ---
[2026-06-01 09:31:11]   [geth] Stopping (SIGTERM, waiting up to 120s for clean exit): 1064722
[2026-06-01 09:31:12]   [geth] exited cleanly after 1s
[2026-06-01 09:31:12]   [cache] OS page cache dropped
Fatal: Could not create the account: account already exists
[2026-06-01 09:31:12]   [geth] Starting (pbt, gd=5, cold=1, dev.period=1, 1tx/block)
[2026-06-01 09:31:12]   [geth] Waiting for RPC...
[2026-06-01 09:31:14]   [geth] RPC ready after 3s
[2026-06-01 09:31:14]   [bench] Running execute remote...
[2026-06-01 09:31:21]   [bench] exit=0 passed=1 failed=0
0 missing_trie_node=0
0
[2026-06-01 09:31:21] 
[2026-06-01 09:31:21]   --- storage_sload_k10_run4 (pbt) write-offset=400000000 K=10 ---
[2026-06-01 09:31:21]   [geth] Stopping (SIGTERM, waiting up to 120s for clean exit): 1064798
[2026-06-01 09:31:22]   [geth] exited cleanly after 1s
[2026-06-01 09:31:22]   [cache] OS page cache dropped
Fatal: Could not create the account: account already exists
[2026-06-01 09:31:22]   [geth] Starting (pbt, gd=5, cold=1, dev.period=1, 1tx/block)
[2026-06-01 09:31:22]   [geth] Waiting for RPC...
[2026-06-01 09:31:24]   [geth] RPC ready after 3s
[2026-06-01 09:31:24]   [bench] Running execute remote...
[2026-06-01 09:31:31]   [bench] exit=0 passed=1 failed=0
0 missing_trie_node=0
0
[2026-06-01 09:31:31] 
[2026-06-01 09:31:31]   --- storage_sload_k10_run5 (pbt) write-offset=500000000 K=10 ---
[2026-06-01 09:31:31]   [geth] Stopping (SIGTERM, waiting up to 120s for clean exit): 1064893
[2026-06-01 09:31:32]   [geth] exited cleanly after 1s
[2026-06-01 09:31:32]   [cache] OS page cache dropped
Fatal: Could not create the account: account already exists
[2026-06-01 09:31:33]   [geth] Starting (pbt, gd=5, cold=1, dev.period=1, 1tx/block)
[2026-06-01 09:31:33]   [geth] Waiting for RPC...
[2026-06-01 09:31:35]   [geth] RPC ready after 3s
[2026-06-01 09:31:35]   [bench] Running execute remote...
[2026-06-01 09:31:42]   [bench] exit=0 passed=1 failed=0
0 missing_trie_node=0
0
[2026-06-01 09:31:42] 
[2026-06-01 09:31:42]   --- storage_sload_k10_run6 (pbt) write-offset=600000000 K=10 ---
[2026-06-01 09:31:42]   [geth] Stopping (SIGTERM, waiting up to 120s for clean exit): 1064970
[2026-06-01 09:31:43]   [geth] exited cleanly after 1s
[2026-06-01 09:31:43]   [cache] OS page cache dropped
Fatal: Could not create the account: account already exists
[2026-06-01 09:31:43]   [geth] Starting (pbt, gd=5, cold=1, dev.period=1, 1tx/block)
[2026-06-01 09:31:43]   [geth] Waiting for RPC...
[2026-06-01 09:31:45]   [geth] RPC ready after 3s
[2026-06-01 09:31:45]   [bench] Running execute remote...
[2026-06-01 09:31:52]   [bench] exit=0 passed=1 failed=0
0 missing_trie_node=0
0
[2026-06-01 09:31:52] 
[2026-06-01 09:31:52]   --- storage_sload_k10_run7 (pbt) write-offset=700000000 K=10 ---
[2026-06-01 09:31:52]   [geth] Stopping (SIGTERM, waiting up to 120s for clean exit): 1065043
[2026-06-01 09:31:53]   [geth] exited cleanly after 1s
[2026-06-01 09:31:54]   [cache] OS page cache dropped
Fatal: Could not create the account: account already exists
[2026-06-01 09:31:54]   [geth] Starting (pbt, gd=5, cold=1, dev.period=1, 1tx/block)
[2026-06-01 09:31:54]   [geth] Waiting for RPC...
[2026-06-01 09:31:56]   [geth] RPC ready after 3s
[2026-06-01 09:31:56]   [bench] Running execute remote...
[2026-06-01 09:32:03]   [bench] exit=0 passed=1 failed=0
0 missing_trie_node=0
0
[2026-06-01 09:32:03] 
[2026-06-01 09:32:03]   --- storage_sload_k10_run8 (pbt) write-offset=800000000 K=10 ---
[2026-06-01 09:32:03]   [geth] Stopping (SIGTERM, waiting up to 120s for clean exit): 1065117
[2026-06-01 09:32:04]   [geth] exited cleanly after 1s
[2026-06-01 09:32:04]   [cache] OS page cache dropped
Fatal: Could not create the account: account already exists
[2026-06-01 09:32:04]   [geth] Starting (pbt, gd=5, cold=1, dev.period=1, 1tx/block)
[2026-06-01 09:32:04]   [geth] Waiting for RPC...
[2026-06-01 09:32:06]   [geth] RPC ready after 3s
[2026-06-01 09:32:06]   [bench] Running execute remote...
[2026-06-01 09:32:13]   [bench] exit=0 passed=1 failed=0
0 missing_trie_node=0
0
[2026-06-01 09:32:13] 
[2026-06-01 09:32:13]   --- storage_sload_k10_run9 (pbt) write-offset=900000000 K=10 ---
[2026-06-01 09:32:13]   [geth] Stopping (SIGTERM, waiting up to 120s for clean exit): 1065192
[2026-06-01 09:32:14]   [geth] exited cleanly after 1s
[2026-06-01 09:32:14]   [cache] OS page cache dropped
Fatal: Could not create the account: account already exists
[2026-06-01 09:32:14]   [geth] Starting (pbt, gd=5, cold=1, dev.period=1, 1tx/block)
[2026-06-01 09:32:14]   [geth] Waiting for RPC...
[2026-06-01 09:32:16]   [geth] RPC ready after 3s
[2026-06-01 09:32:16]   [bench] Running execute remote...
[2026-06-01 09:32:23]   [bench] exit=0 passed=1 failed=0
0 missing_trie_node=0
0
[2026-06-01 09:32:23] 
[2026-06-01 09:32:23]   --- storage_sload_k10_run10 (pbt) write-offset=1000000000 K=10 ---
[2026-06-01 09:32:23]   [geth] Stopping (SIGTERM, waiting up to 120s for clean exit): 1065269
[2026-06-01 09:32:24]   [geth] exited cleanly after 1s
[2026-06-01 09:32:24]   [cache] OS page cache dropped
Fatal: Could not create the account: account already exists
[2026-06-01 09:32:24]   [geth] Starting (pbt, gd=5, cold=1, dev.period=1, 1tx/block)
[2026-06-01 09:32:24]   [geth] Waiting for RPC...
[2026-06-01 09:32:27]   [geth] RPC ready after 3s
[2026-06-01 09:32:27]   [bench] Running execute remote...
[2026-06-01 09:32:34]   [bench] exit=0 passed=1 failed=0
0 missing_trie_node=0
0
[2026-06-01 09:32:34] 
[2026-06-01 09:32:34]   --- storage_sload_k10_run11 (pbt) write-offset=1100000000 K=10 ---
[2026-06-01 09:32:34]   [geth] Stopping (SIGTERM, waiting up to 120s for clean exit): 1065346
[2026-06-01 09:32:35]   [geth] exited cleanly after 1s
[2026-06-01 09:32:35]   [cache] OS page cache dropped
Fatal: Could not create the account: account already exists
[2026-06-01 09:32:35]   [geth] Starting (pbt, gd=5, cold=1, dev.period=1, 1tx/block)
[2026-06-01 09:32:35]   [geth] Waiting for RPC...
[2026-06-01 09:32:37]   [geth] RPC ready after 3s
[2026-06-01 09:32:37]   [bench] Running execute remote...
[2026-06-01 09:32:44]   [bench] exit=0 passed=1 failed=0
0 missing_trie_node=0
0
[2026-06-01 09:32:44] 
[2026-06-01 09:32:44]   --- storage_sload_k10_run12 (pbt) write-offset=1200000000 K=10 ---
[2026-06-01 09:32:44]   [geth] Stopping (SIGTERM, waiting up to 120s for clean exit): 1065419
[2026-06-01 09:32:45]   [geth] exited cleanly after 1s
[2026-06-01 09:32:45]   [cache] OS page cache dropped
Fatal: Could not create the account: account already exists
[2026-06-01 09:32:45]   [geth] Starting (pbt, gd=5, cold=1, dev.period=1, 1tx/block)
[2026-06-01 09:32:45]   [geth] Waiting for RPC...
[2026-06-01 09:32:48]   [geth] RPC ready after 3s
[2026-06-01 09:32:48]   [bench] Running execute remote...
[2026-06-01 09:32:55]   [bench] exit=0 passed=1 failed=0
0 missing_trie_node=0
0
[2026-06-01 09:32:55] 
[2026-06-01 09:32:55]   --- storage_sload_k10_run13 (pbt) write-offset=1300000000 K=10 ---
[2026-06-01 09:32:55]   [geth] Stopping (SIGTERM, waiting up to 120s for clean exit): 1065494
[2026-06-01 09:32:56]   [geth] exited cleanly after 1s
[2026-06-01 09:32:56]   [cache] OS page cache dropped
Fatal: Could not create the account: account already exists
[2026-06-01 09:32:56]   [geth] Starting (pbt, gd=5, cold=1, dev.period=1, 1tx/block)
[2026-06-01 09:32:56]   [geth] Waiting for RPC...
[2026-06-01 09:32:58]   [geth] RPC ready after 3s
[2026-06-01 09:32:58]   [bench] Running execute remote...
[2026-06-01 09:33:05]   [bench] exit=0 passed=1 failed=0
0 missing_trie_node=0
0
[2026-06-01 09:33:05] 
[2026-06-01 09:33:05]   --- storage_sload_k10_run14 (pbt) write-offset=1400000000 K=10 ---
[2026-06-01 09:33:05]   [geth] Stopping (SIGTERM, waiting up to 120s for clean exit): 1065566
[2026-06-01 09:33:06]   [geth] exited cleanly after 1s
[2026-06-01 09:33:06]   [cache] OS page cache dropped
Fatal: Could not create the account: account already exists
[2026-06-01 09:33:06]   [geth] Starting (pbt, gd=5, cold=1, dev.period=1, 1tx/block)
[2026-06-01 09:33:06]   [geth] Waiting for RPC...
[2026-06-01 09:33:08]   [geth] RPC ready after 3s
[2026-06-01 09:33:08]   [bench] Running execute remote...
[2026-06-01 09:33:15]   [bench] exit=0 passed=1 failed=0
0 missing_trie_node=0
0
[2026-06-01 09:33:15] 
[2026-06-01 09:33:15]   --- storage_sload_k10_run15 (pbt) write-offset=1500000000 K=10 ---
[2026-06-01 09:33:15]   [geth] Stopping (SIGTERM, waiting up to 120s for clean exit): 1065644
[2026-06-01 09:33:16]   [geth] exited cleanly after 1s
[2026-06-01 09:33:16]   [cache] OS page cache dropped
Fatal: Could not create the account: account already exists
[2026-06-01 09:33:16]   [geth] Starting (pbt, gd=5, cold=1, dev.period=1, 1tx/block)
[2026-06-01 09:33:16]   [geth] Waiting for RPC...
[2026-06-01 09:33:18]   [geth] RPC ready after 3s
[2026-06-01 09:33:18]   [bench] Running execute remote...
[2026-06-01 09:33:26]   [bench] exit=0 passed=1 failed=0
0 missing_trie_node=0
0
[2026-06-01 09:33:26] 
[2026-06-01 09:33:26]   --- storage_sload_k10_run16 (pbt) write-offset=1600000000 K=10 ---
[2026-06-01 09:33:26]   [geth] Stopping (SIGTERM, waiting up to 120s for clean exit): 1065720
[2026-06-01 09:33:27]   [geth] exited cleanly after 1s
[2026-06-01 09:33:27]   [cache] OS page cache dropped
Fatal: Could not create the account: account already exists
[2026-06-01 09:33:27]   [geth] Starting (pbt, gd=5, cold=1, dev.period=1, 1tx/block)
[2026-06-01 09:33:27]   [geth] Waiting for RPC...
[2026-06-01 09:33:29]   [geth] RPC ready after 3s
[2026-06-01 09:33:29]   [bench] Running execute remote...
[2026-06-01 09:33:37]   [bench] exit=0 passed=1 failed=0
0 missing_trie_node=0
0
[2026-06-01 09:33:37] 
[2026-06-01 09:33:37]   --- storage_sload_k10_run17 (pbt) write-offset=1700000000 K=10 ---
[2026-06-01 09:33:37]   [geth] Stopping (SIGTERM, waiting up to 120s for clean exit): 1065796
[2026-06-01 09:33:38]   [geth] exited cleanly after 1s
[2026-06-01 09:33:38]   [cache] OS page cache dropped
Fatal: Could not create the account: account already exists
[2026-06-01 09:33:38]   [geth] Starting (pbt, gd=5, cold=1, dev.period=1, 1tx/block)
[2026-06-01 09:33:38]   [geth] Waiting for RPC...
[2026-06-01 09:33:40]   [geth] RPC ready after 3s
[2026-06-01 09:33:40]   [bench] Running execute remote...
[2026-06-01 09:33:47]   [bench] exit=0 passed=1 failed=0
0 missing_trie_node=0
0
[2026-06-01 09:33:47] 
[2026-06-01 09:33:47]   --- storage_sload_k10_run18 (pbt) write-offset=1800000000 K=10 ---
[2026-06-01 09:33:47]   [geth] Stopping (SIGTERM, waiting up to 120s for clean exit): 1065871
[2026-06-01 09:33:48]   [geth] exited cleanly after 1s
[2026-06-01 09:33:48]   [cache] OS page cache dropped
Fatal: Could not create the account: account already exists
[2026-06-01 09:33:48]   [geth] Starting (pbt, gd=5, cold=1, dev.period=1, 1tx/block)
[2026-06-01 09:33:48]   [geth] Waiting for RPC...
[2026-06-01 09:33:50]   [geth] RPC ready after 3s
[2026-06-01 09:33:50]   [bench] Running execute remote...
[2026-06-01 09:33:57]   [bench] exit=0 passed=1 failed=0
0 missing_trie_node=0
0
[2026-06-01 09:33:57] 
[2026-06-01 09:33:57]   --- storage_sload_k10_run19 (pbt) write-offset=1900000000 K=10 ---
[2026-06-01 09:33:57]   [geth] Stopping (SIGTERM, waiting up to 120s for clean exit): 1065948
[2026-06-01 09:33:58]   [geth] exited cleanly after 1s
[2026-06-01 09:33:58]   [cache] OS page cache dropped
Fatal: Could not create the account: account already exists
[2026-06-01 09:33:58]   [geth] Starting (pbt, gd=5, cold=1, dev.period=1, 1tx/block)
[2026-06-01 09:33:58]   [geth] Waiting for RPC...
[2026-06-01 09:34:00]   [geth] RPC ready after 3s
[2026-06-01 09:34:00]   [bench] Running execute remote...
[2026-06-01 09:34:07]   [bench] exit=0 passed=1 failed=0
0 missing_trie_node=0
0
[2026-06-01 09:34:07] 
[2026-06-01 09:34:07]   --- storage_sload_k10_run20 (pbt) write-offset=2000000000 K=10 ---
[2026-06-01 09:34:07]   [geth] Stopping (SIGTERM, waiting up to 120s for clean exit): 1066028
[2026-06-01 09:34:08]   [geth] exited cleanly after 1s
[2026-06-01 09:34:08]   [cache] OS page cache dropped
Fatal: Could not create the account: account already exists
[2026-06-01 09:34:08]   [geth] Starting (pbt, gd=5, cold=1, dev.period=1, 1tx/block)
[2026-06-01 09:34:08]   [geth] Waiting for RPC...
[2026-06-01 09:34:10]   [geth] RPC ready after 3s
[2026-06-01 09:34:10]   [bench] Running execute remote...
[2026-06-01 09:34:19]   [bench] exit=0 passed=1 failed=0
0 missing_trie_node=0
0
[2026-06-01 09:34:19] 
[2026-06-01 09:34:19]   ── BENCHMARK: storage_sload_k100 (pool=256 contracts; effective K=100)
[2026-06-01 09:34:19] 
[2026-06-01 09:34:19]   --- storage_sload_k100_run1 (pbt) write-offset=100000000 K=100 ---
[2026-06-01 09:34:19]   [geth] Stopping (SIGTERM, waiting up to 120s for clean exit): 1066103
[2026-06-01 09:34:20]   [geth] exited cleanly after 1s
[2026-06-01 09:34:20]   [cache] OS page cache dropped
Fatal: Could not create the account: account already exists
[2026-06-01 09:34:20]   [geth] Starting (pbt, gd=5, cold=1, dev.period=1, 1tx/block)
[2026-06-01 09:34:20]   [geth] Waiting for RPC...
[2026-06-01 09:34:22]   [geth] RPC ready after 3s
[2026-06-01 09:34:22]   [bench] Running execute remote...
[2026-06-01 09:34:29]   [bench] exit=0 passed=1 failed=0
0 missing_trie_node=0
0
[2026-06-01 09:34:29] 
[2026-06-01 09:34:29]   --- storage_sload_k100_run2 (pbt) write-offset=200000000 K=100 ---
[2026-06-01 09:34:29]   [geth] Stopping (SIGTERM, waiting up to 120s for clean exit): 1066203
[2026-06-01 09:34:30]   [geth] exited cleanly after 1s
[2026-06-01 09:34:30]   [cache] OS page cache dropped
Fatal: Could not create the account: account already exists
[2026-06-01 09:34:30]   [geth] Starting (pbt, gd=5, cold=1, dev.period=1, 1tx/block)
[2026-06-01 09:34:30]   [geth] Waiting for RPC...
[2026-06-01 09:34:32]   [geth] RPC ready after 3s
[2026-06-01 09:34:32]   [bench] Running execute remote...
[2026-06-01 09:34:40]   [bench] exit=0 passed=1 failed=0
0 missing_trie_node=0
0
[2026-06-01 09:34:40] 
[2026-06-01 09:34:40]   --- storage_sload_k100_run3 (pbt) write-offset=300000000 K=100 ---
[2026-06-01 09:34:40]   [geth] Stopping (SIGTERM, waiting up to 120s for clean exit): 1066278
[2026-06-01 09:34:41]   [geth] exited cleanly after 1s
[2026-06-01 09:34:41]   [cache] OS page cache dropped
Fatal: Could not create the account: account already exists
[2026-06-01 09:34:41]   [geth] Starting (pbt, gd=5, cold=1, dev.period=1, 1tx/block)
[2026-06-01 09:34:41]   [geth] Waiting for RPC...
[2026-06-01 09:34:43]   [geth] RPC ready after 3s
[2026-06-01 09:34:43]   [bench] Running execute remote...
[2026-06-01 09:34:50]   [bench] exit=0 passed=1 failed=0
0 missing_trie_node=0
0
[2026-06-01 09:34:50] 
[2026-06-01 09:34:50]   --- storage_sload_k100_run4 (pbt) write-offset=400000000 K=100 ---
[2026-06-01 09:34:50]   [geth] Stopping (SIGTERM, waiting up to 120s for clean exit): 1066364
[2026-06-01 09:34:51]   [geth] exited cleanly after 1s
[2026-06-01 09:34:51]   [cache] OS page cache dropped
Fatal: Could not create the account: account already exists
[2026-06-01 09:34:52]   [geth] Starting (pbt, gd=5, cold=1, dev.period=1, 1tx/block)
[2026-06-01 09:34:52]   [geth] Waiting for RPC...
[2026-06-01 09:34:54]   [geth] RPC ready after 3s
[2026-06-01 09:34:54]   [bench] Running execute remote...
[2026-06-01 09:35:01]   [bench] exit=0 passed=1 failed=0
0 missing_trie_node=0
0
[2026-06-01 09:35:01] 
[2026-06-01 09:35:01]   --- storage_sload_k100_run5 (pbt) write-offset=500000000 K=100 ---
[2026-06-01 09:35:01]   [geth] Stopping (SIGTERM, waiting up to 120s for clean exit): 1066438
[2026-06-01 09:35:02]   [geth] exited cleanly after 1s
[2026-06-01 09:35:02]   [cache] OS page cache dropped
Fatal: Could not create the account: account already exists
[2026-06-01 09:35:02]   [geth] Starting (pbt, gd=5, cold=1, dev.period=1, 1tx/block)
[2026-06-01 09:35:02]   [geth] Waiting for RPC...
[2026-06-01 09:35:04]   [geth] RPC ready after 3s
[2026-06-01 09:35:04]   [bench] Running execute remote...
[2026-06-01 09:35:10]   [bench] exit=0 passed=1 failed=0
0 missing_trie_node=0
0
[2026-06-01 09:35:10] 
[2026-06-01 09:35:10]   --- storage_sload_k100_run6 (pbt) write-offset=600000000 K=100 ---
[2026-06-01 09:35:10]   [geth] Stopping (SIGTERM, waiting up to 120s for clean exit): 1066512
[2026-06-01 09:35:12]   [geth] exited cleanly after 1s
[2026-06-01 09:35:12]   [cache] OS page cache dropped
Fatal: Could not create the account: account already exists
[2026-06-01 09:35:12]   [geth] Starting (pbt, gd=5, cold=1, dev.period=1, 1tx/block)
[2026-06-01 09:35:12]   [geth] Waiting for RPC...
[2026-06-01 09:35:14]   [geth] RPC ready after 3s
[2026-06-01 09:35:14]   [bench] Running execute remote...
[2026-06-01 09:35:21]   [bench] exit=0 passed=1 failed=0
0 missing_trie_node=0
0
[2026-06-01 09:35:21] 
[2026-06-01 09:35:21]   --- storage_sload_k100_run7 (pbt) write-offset=700000000 K=100 ---
[2026-06-01 09:35:21]   [geth] Stopping (SIGTERM, waiting up to 120s for clean exit): 1066590
[2026-06-01 09:35:22]   [geth] exited cleanly after 1s
[2026-06-01 09:35:22]   [cache] OS page cache dropped
Fatal: Could not create the account: account already exists
[2026-06-01 09:35:22]   [geth] Starting (pbt, gd=5, cold=1, dev.period=1, 1tx/block)
[2026-06-01 09:35:22]   [geth] Waiting for RPC...
[2026-06-01 09:35:24]   [geth] RPC ready after 3s
[2026-06-01 09:35:24]   [bench] Running execute remote...
[2026-06-01 09:35:31]   [bench] exit=0 passed=1 failed=0
0 missing_trie_node=0
0
[2026-06-01 09:35:31] 
[2026-06-01 09:35:31]   --- storage_sload_k100_run8 (pbt) write-offset=800000000 K=100 ---
[2026-06-01 09:35:31]   [geth] Stopping (SIGTERM, waiting up to 120s for clean exit): 1066669
[2026-06-01 09:35:32]   [geth] exited cleanly after 1s
[2026-06-01 09:35:32]   [cache] OS page cache dropped
Fatal: Could not create the account: account already exists
[2026-06-01 09:35:32]   [geth] Starting (pbt, gd=5, cold=1, dev.period=1, 1tx/block)
[2026-06-01 09:35:32]   [geth] Waiting for RPC...
[2026-06-01 09:35:34]   [geth] RPC ready after 3s
[2026-06-01 09:35:34]   [bench] Running execute remote...
[2026-06-01 09:35:41]   [bench] exit=0 passed=1 failed=0
0 missing_trie_node=0
0
[2026-06-01 09:35:41] 
[2026-06-01 09:35:41]   --- storage_sload_k100_run9 (pbt) write-offset=900000000 K=100 ---
[2026-06-01 09:35:41]   [geth] Stopping (SIGTERM, waiting up to 120s for clean exit): 1066745
[2026-06-01 09:35:42]   [geth] exited cleanly after 1s
[2026-06-01 09:35:42]   [cache] OS page cache dropped
Fatal: Could not create the account: account already exists
[2026-06-01 09:35:43]   [geth] Starting (pbt, gd=5, cold=1, dev.period=1, 1tx/block)
[2026-06-01 09:35:43]   [geth] Waiting for RPC...
[2026-06-01 09:35:45]   [geth] RPC ready after 3s
[2026-06-01 09:35:45]   [bench] Running execute remote...
[2026-06-01 09:35:51]   [bench] exit=0 passed=1 failed=0
0 missing_trie_node=0
0
[2026-06-01 09:35:51] 
[2026-06-01 09:35:51]   --- storage_sload_k100_run10 (pbt) write-offset=1000000000 K=100 ---
[2026-06-01 09:35:51]   [geth] Stopping (SIGTERM, waiting up to 120s for clean exit): 1066820
[2026-06-01 09:35:52]   [geth] exited cleanly after 1s
[2026-06-01 09:35:52]   [cache] OS page cache dropped
Fatal: Could not create the account: account already exists
[2026-06-01 09:35:52]   [geth] Starting (pbt, gd=5, cold=1, dev.period=1, 1tx/block)
[2026-06-01 09:35:52]   [geth] Waiting for RPC...
[2026-06-01 09:35:54]   [geth] RPC ready after 3s
[2026-06-01 09:35:54]   [bench] Running execute remote...
[2026-06-01 09:36:01]   [bench] exit=0 passed=1 failed=0
0 missing_trie_node=0
0
[2026-06-01 09:36:01] 
[2026-06-01 09:36:01]   --- storage_sload_k100_run11 (pbt) write-offset=1100000000 K=100 ---
[2026-06-01 09:36:01]   [geth] Stopping (SIGTERM, waiting up to 120s for clean exit): 1066897
[2026-06-01 09:36:02]   [geth] exited cleanly after 1s
[2026-06-01 09:36:02]   [cache] OS page cache dropped
Fatal: Could not create the account: account already exists
[2026-06-01 09:36:02]   [geth] Starting (pbt, gd=5, cold=1, dev.period=1, 1tx/block)
[2026-06-01 09:36:02]   [geth] Waiting for RPC...
[2026-06-01 09:36:04]   [geth] RPC ready after 3s
[2026-06-01 09:36:04]   [bench] Running execute remote...
[2026-06-01 09:36:10]   [bench] exit=0 passed=1 failed=0
0 missing_trie_node=0
0
[2026-06-01 09:36:10] 
[2026-06-01 09:36:10]   --- storage_sload_k100_run12 (pbt) write-offset=1200000000 K=100 ---
[2026-06-01 09:36:10]   [geth] Stopping (SIGTERM, waiting up to 120s for clean exit): 1066971
[2026-06-01 09:36:11]   [geth] exited cleanly after 1s
[2026-06-01 09:36:11]   [cache] OS page cache dropped
Fatal: Could not create the account: account already exists
[2026-06-01 09:36:11]   [geth] Starting (pbt, gd=5, cold=1, dev.period=1, 1tx/block)
[2026-06-01 09:36:11]   [geth] Waiting for RPC...
[2026-06-01 09:36:14]   [geth] RPC ready after 3s
[2026-06-01 09:36:14]   [bench] Running execute remote...
[2026-06-01 09:36:20]   [bench] exit=0 passed=1 failed=0
0 missing_trie_node=0
0
[2026-06-01 09:36:20] 
[2026-06-01 09:36:20]   --- storage_sload_k100_run13 (pbt) write-offset=1300000000 K=100 ---
[2026-06-01 09:36:20]   [geth] Stopping (SIGTERM, waiting up to 120s for clean exit): 1067048
[2026-06-01 09:36:21]   [geth] exited cleanly after 1s
[2026-06-01 09:36:21]   [cache] OS page cache dropped
Fatal: Could not create the account: account already exists
[2026-06-01 09:36:21]   [geth] Starting (pbt, gd=5, cold=1, dev.period=1, 1tx/block)
[2026-06-01 09:36:21]   [geth] Waiting for RPC...
[2026-06-01 09:36:23]   [geth] RPC ready after 3s
[2026-06-01 09:36:23]   [bench] Running execute remote...
[2026-06-01 09:36:30]   [bench] exit=0 passed=1 failed=0
0 missing_trie_node=0
0
[2026-06-01 09:36:30] 
[2026-06-01 09:36:30]   --- storage_sload_k100_run14 (pbt) write-offset=1400000000 K=100 ---
[2026-06-01 09:36:30]   [geth] Stopping (SIGTERM, waiting up to 120s for clean exit): 1067125
[2026-06-01 09:36:31]   [geth] exited cleanly after 1s
[2026-06-01 09:36:31]   [cache] OS page cache dropped
Fatal: Could not create the account: account already exists
[2026-06-01 09:36:32]   [geth] Starting (pbt, gd=5, cold=1, dev.period=1, 1tx/block)
[2026-06-01 09:36:32]   [geth] Waiting for RPC...
[2026-06-01 09:36:34]   [geth] RPC ready after 3s
[2026-06-01 09:36:34]   [bench] Running execute remote...
[2026-06-01 09:36:41]   [bench] exit=0 passed=1 failed=0
0 missing_trie_node=0
0
[2026-06-01 09:36:41] 
[2026-06-01 09:36:41]   --- storage_sload_k100_run15 (pbt) write-offset=1500000000 K=100 ---
[2026-06-01 09:36:41]   [geth] Stopping (SIGTERM, waiting up to 120s for clean exit): 1067204
[2026-06-01 09:36:42]   [geth] exited cleanly after 1s
[2026-06-01 09:36:42]   [cache] OS page cache dropped
Fatal: Could not create the account: account already exists
[2026-06-01 09:36:42]   [geth] Starting (pbt, gd=5, cold=1, dev.period=1, 1tx/block)
[2026-06-01 09:36:42]   [geth] Waiting for RPC...
[2026-06-01 09:36:44]   [geth] RPC ready after 3s
[2026-06-01 09:36:44]   [bench] Running execute remote...
[2026-06-01 09:36:52]   [bench] exit=0 passed=1 failed=0
0 missing_trie_node=0
0
[2026-06-01 09:36:52] 
[2026-06-01 09:36:52]   --- storage_sload_k100_run16 (pbt) write-offset=1600000000 K=100 ---
[2026-06-01 09:36:52]   [geth] Stopping (SIGTERM, waiting up to 120s for clean exit): 1067280
[2026-06-01 09:36:53]   [geth] exited cleanly after 1s
[2026-06-01 09:36:53]   [cache] OS page cache dropped
Fatal: Could not create the account: account already exists
[2026-06-01 09:36:53]   [geth] Starting (pbt, gd=5, cold=1, dev.period=1, 1tx/block)
[2026-06-01 09:36:53]   [geth] Waiting for RPC...
[2026-06-01 09:36:55]   [geth] RPC ready after 3s
[2026-06-01 09:36:55]   [bench] Running execute remote...
[2026-06-01 09:37:02]   [bench] exit=0 passed=1 failed=0
0 missing_trie_node=0
0
[2026-06-01 09:37:02] 
[2026-06-01 09:37:02]   --- storage_sload_k100_run17 (pbt) write-offset=1700000000 K=100 ---
[2026-06-01 09:37:02]   [geth] Stopping (SIGTERM, waiting up to 120s for clean exit): 1067358
[2026-06-01 09:37:03]   [geth] exited cleanly after 1s
[2026-06-01 09:37:03]   [cache] OS page cache dropped
Fatal: Could not create the account: account already exists
[2026-06-01 09:37:04]   [geth] Starting (pbt, gd=5, cold=1, dev.period=1, 1tx/block)
[2026-06-01 09:37:04]   [geth] Waiting for RPC...
[2026-06-01 09:37:06]   [geth] RPC ready after 3s
[2026-06-01 09:37:06]   [bench] Running execute remote...
[2026-06-01 09:37:12]   [bench] exit=0 passed=1 failed=0
0 missing_trie_node=0
0
[2026-06-01 09:37:12] 
[2026-06-01 09:37:12]   --- storage_sload_k100_run18 (pbt) write-offset=1800000000 K=100 ---
[2026-06-01 09:37:12]   [geth] Stopping (SIGTERM, waiting up to 120s for clean exit): 1067453
[2026-06-01 09:37:13]   [geth] exited cleanly after 1s
[2026-06-01 09:37:13]   [cache] OS page cache dropped
Fatal: Could not create the account: account already exists
[2026-06-01 09:37:13]   [geth] Starting (pbt, gd=5, cold=1, dev.period=1, 1tx/block)
[2026-06-01 09:37:13]   [geth] Waiting for RPC...
[2026-06-01 09:37:15]   [geth] RPC ready after 3s
[2026-06-01 09:37:15]   [bench] Running execute remote...
[2026-06-01 09:37:23]   [bench] exit=0 passed=1 failed=0
0 missing_trie_node=0
0
[2026-06-01 09:37:23] 
[2026-06-01 09:37:23]   --- storage_sload_k100_run19 (pbt) write-offset=1900000000 K=100 ---
[2026-06-01 09:37:23]   [geth] Stopping (SIGTERM, waiting up to 120s for clean exit): 1067565
[2026-06-01 09:37:24]   [geth] exited cleanly after 1s
[2026-06-01 09:37:24]   [cache] OS page cache dropped
Fatal: Could not create the account: account already exists
[2026-06-01 09:37:24]   [geth] Starting (pbt, gd=5, cold=1, dev.period=1, 1tx/block)
[2026-06-01 09:37:24]   [geth] Waiting for RPC...
[2026-06-01 09:37:26]   [geth] RPC ready after 3s
[2026-06-01 09:37:26]   [bench] Running execute remote...
[2026-06-01 09:37:33]   [bench] exit=0 passed=1 failed=0
0 missing_trie_node=0
0
[2026-06-01 09:37:33] 
[2026-06-01 09:37:33]   --- storage_sload_k100_run20 (pbt) write-offset=2000000000 K=100 ---
[2026-06-01 09:37:33]   [geth] Stopping (SIGTERM, waiting up to 120s for clean exit): 1067668
[2026-06-01 09:37:34]   [geth] exited cleanly after 1s
[2026-06-01 09:37:35]   [cache] OS page cache dropped
Fatal: Could not create the account: account already exists
[2026-06-01 09:37:35]   [geth] Starting (pbt, gd=5, cold=1, dev.period=1, 1tx/block)
[2026-06-01 09:37:35]   [geth] Waiting for RPC...
[2026-06-01 09:37:37]   [geth] RPC ready after 3s
[2026-06-01 09:37:37]   [bench] Running execute remote...
[2026-06-01 09:37:44]   [bench] exit=0 passed=1 failed=0
0 missing_trie_node=0
0
[2026-06-01 09:37:44] 
[2026-06-01 09:37:44]   ── BENCHMARK: storage_sload_k256 (pool=256 contracts; effective K=256)
[2026-06-01 09:37:44] 
[2026-06-01 09:37:44]   --- storage_sload_k256_run1 (pbt) write-offset=100000000 K=256 ---
[2026-06-01 09:37:44]   [geth] Stopping (SIGTERM, waiting up to 120s for clean exit): 1067742
[2026-06-01 09:37:45]   [geth] exited cleanly after 1s
[2026-06-01 09:37:45]   [cache] OS page cache dropped
Fatal: Could not create the account: account already exists
[2026-06-01 09:37:45]   [geth] Starting (pbt, gd=5, cold=1, dev.period=1, 1tx/block)
[2026-06-01 09:37:45]   [geth] Waiting for RPC...
[2026-06-01 09:37:47]   [geth] RPC ready after 3s
[2026-06-01 09:37:47]   [bench] Running execute remote...
[2026-06-01 09:37:54]   [bench] exit=0 passed=1 failed=0
0 missing_trie_node=0
0
[2026-06-01 09:37:54] 
[2026-06-01 09:37:54]   --- storage_sload_k256_run2 (pbt) write-offset=200000000 K=256 ---
[2026-06-01 09:37:54]   [geth] Stopping (SIGTERM, waiting up to 120s for clean exit): 1067841
[2026-06-01 09:37:55]   [geth] exited cleanly after 1s
[2026-06-01 09:37:55]   [cache] OS page cache dropped
Fatal: Could not create the account: account already exists
[2026-06-01 09:37:55]   [geth] Starting (pbt, gd=5, cold=1, dev.period=1, 1tx/block)
[2026-06-01 09:37:55]   [geth] Waiting for RPC...
[2026-06-01 09:37:57]   [geth] RPC ready after 3s
[2026-06-01 09:37:57]   [bench] Running execute remote...
[2026-06-01 09:38:03]   [bench] exit=0 passed=1 failed=0
0 missing_trie_node=0
0
[2026-06-01 09:38:03] 
[2026-06-01 09:38:03]   --- storage_sload_k256_run3 (pbt) write-offset=300000000 K=256 ---
[2026-06-01 09:38:03]   [geth] Stopping (SIGTERM, waiting up to 120s for clean exit): 1067915
[2026-06-01 09:38:04]   [geth] exited cleanly after 1s
[2026-06-01 09:38:05]   [cache] OS page cache dropped
Fatal: Could not create the account: account already exists
[2026-06-01 09:38:05]   [geth] Starting (pbt, gd=5, cold=1, dev.period=1, 1tx/block)
[2026-06-01 09:38:05]   [geth] Waiting for RPC...
[2026-06-01 09:38:07]   [geth] RPC ready after 3s
[2026-06-01 09:38:07]   [bench] Running execute remote...
[2026-06-01 09:38:13]   [bench] exit=0 passed=1 failed=0
0 missing_trie_node=0
0
[2026-06-01 09:38:13] 
[2026-06-01 09:38:13]   --- storage_sload_k256_run4 (pbt) write-offset=400000000 K=256 ---
[2026-06-01 09:38:13]   [geth] Stopping (SIGTERM, waiting up to 120s for clean exit): 1067990
[2026-06-01 09:38:14]   [geth] exited cleanly after 1s
[2026-06-01 09:38:14]   [cache] OS page cache dropped
Fatal: Could not create the account: account already exists
[2026-06-01 09:38:14]   [geth] Starting (pbt, gd=5, cold=1, dev.period=1, 1tx/block)
[2026-06-01 09:38:14]   [geth] Waiting for RPC...
[2026-06-01 09:38:16]   [geth] RPC ready after 3s
[2026-06-01 09:38:16]   [bench] Running execute remote...
[2026-06-01 09:38:25]   [bench] exit=0 passed=1 failed=0
0 missing_trie_node=0
0
[2026-06-01 09:38:25] 
[2026-06-01 09:38:25]   --- storage_sload_k256_run5 (pbt) write-offset=500000000 K=256 ---
[2026-06-01 09:38:25]   [geth] Stopping (SIGTERM, waiting up to 120s for clean exit): 1068063
[2026-06-01 09:38:26]   [geth] exited cleanly after 1s
[2026-06-01 09:38:26]   [cache] OS page cache dropped
Fatal: Could not create the account: account already exists
[2026-06-01 09:38:26]   [geth] Starting (pbt, gd=5, cold=1, dev.period=1, 1tx/block)
[2026-06-01 09:38:26]   [geth] Waiting for RPC...
[2026-06-01 09:38:28]   [geth] RPC ready after 3s
[2026-06-01 09:38:28]   [bench] Running execute remote...
[2026-06-01 09:38:34]   [bench] exit=0 passed=1 failed=0
0 missing_trie_node=0
0
[2026-06-01 09:38:34] 
[2026-06-01 09:38:34]   --- storage_sload_k256_run6 (pbt) write-offset=600000000 K=256 ---
[2026-06-01 09:38:34]   [geth] Stopping (SIGTERM, waiting up to 120s for clean exit): 1068143
[2026-06-01 09:38:35]   [geth] exited cleanly after 1s
[2026-06-01 09:38:35]   [cache] OS page cache dropped
Fatal: Could not create the account: account already exists
[2026-06-01 09:38:36]   [geth] Starting (pbt, gd=5, cold=1, dev.period=1, 1tx/block)
[2026-06-01 09:38:36]   [geth] Waiting for RPC...
[2026-06-01 09:38:38]   [geth] RPC ready after 3s
[2026-06-01 09:38:38]   [bench] Running execute remote...
[2026-06-01 09:38:44]   [bench] exit=0 passed=1 failed=0
0 missing_trie_node=0
0
[2026-06-01 09:38:44] 
[2026-06-01 09:38:44]   --- storage_sload_k256_run7 (pbt) write-offset=700000000 K=256 ---
[2026-06-01 09:38:44]   [geth] Stopping (SIGTERM, waiting up to 120s for clean exit): 1068224
[2026-06-01 09:38:45]   [geth] exited cleanly after 1s
[2026-06-01 09:38:45]   [cache] OS page cache dropped
Fatal: Could not create the account: account already exists
[2026-06-01 09:38:45]   [geth] Starting (pbt, gd=5, cold=1, dev.period=1, 1tx/block)
[2026-06-01 09:38:45]   [geth] Waiting for RPC...
[2026-06-01 09:38:47]   [geth] RPC ready after 3s
[2026-06-01 09:38:47]   [bench] Running execute remote...
[2026-06-01 09:38:54]   [bench] exit=0 passed=1 failed=0
0 missing_trie_node=0
0
[2026-06-01 09:38:54] 
[2026-06-01 09:38:54]   --- storage_sload_k256_run8 (pbt) write-offset=800000000 K=256 ---
[2026-06-01 09:38:54]   [geth] Stopping (SIGTERM, waiting up to 120s for clean exit): 1068308
[2026-06-01 09:38:55]   [geth] exited cleanly after 1s
[2026-06-01 09:38:55]   [cache] OS page cache dropped
Fatal: Could not create the account: account already exists
[2026-06-01 09:38:55]   [geth] Starting (pbt, gd=5, cold=1, dev.period=1, 1tx/block)
[2026-06-01 09:38:55]   [geth] Waiting for RPC...
[2026-06-01 09:38:57]   [geth] RPC ready after 3s
[2026-06-01 09:38:57]   [bench] Running execute remote...
[2026-06-01 09:39:03]   [bench] exit=0 passed=1 failed=0
0 missing_trie_node=0
0
[2026-06-01 09:39:03] 
[2026-06-01 09:39:03]   --- storage_sload_k256_run9 (pbt) write-offset=900000000 K=256 ---
[2026-06-01 09:39:03]   [geth] Stopping (SIGTERM, waiting up to 120s for clean exit): 1068385
[2026-06-01 09:39:04]   [geth] exited cleanly after 1s
[2026-06-01 09:39:04]   [cache] OS page cache dropped
Fatal: Could not create the account: account already exists
[2026-06-01 09:39:05]   [geth] Starting (pbt, gd=5, cold=1, dev.period=1, 1tx/block)
[2026-06-01 09:39:05]   [geth] Waiting for RPC...
[2026-06-01 09:39:07]   [geth] RPC ready after 3s
[2026-06-01 09:39:07]   [bench] Running execute remote...
[2026-06-01 09:39:13]   [bench] exit=0 passed=1 failed=0
0 missing_trie_node=0
0
[2026-06-01 09:39:13] 
[2026-06-01 09:39:13]   --- storage_sload_k256_run10 (pbt) write-offset=1000000000 K=256 ---
[2026-06-01 09:39:13]   [geth] Stopping (SIGTERM, waiting up to 120s for clean exit): 1068462
[2026-06-01 09:39:14]   [geth] exited cleanly after 1s
[2026-06-01 09:39:14]   [cache] OS page cache dropped
Fatal: Could not create the account: account already exists
[2026-06-01 09:39:14]   [geth] Starting (pbt, gd=5, cold=1, dev.period=1, 1tx/block)
[2026-06-01 09:39:14]   [geth] Waiting for RPC...
[2026-06-01 09:39:16]   [geth] RPC ready after 3s
[2026-06-01 09:39:16]   [bench] Running execute remote...
[2026-06-01 09:39:23]   [bench] exit=0 passed=1 failed=0
0 missing_trie_node=0
0
[2026-06-01 09:39:23] 
[2026-06-01 09:39:23]   --- storage_sload_k256_run11 (pbt) write-offset=1100000000 K=256 ---
[2026-06-01 09:39:23]   [geth] Stopping (SIGTERM, waiting up to 120s for clean exit): 1068537
[2026-06-01 09:39:24]   [geth] exited cleanly after 1s
[2026-06-01 09:39:24]   [cache] OS page cache dropped
Fatal: Could not create the account: account already exists
[2026-06-01 09:39:24]   [geth] Starting (pbt, gd=5, cold=1, dev.period=1, 1tx/block)
[2026-06-01 09:39:24]   [geth] Waiting for RPC...
[2026-06-01 09:39:26]   [geth] RPC ready after 3s
[2026-06-01 09:39:26]   [bench] Running execute remote...
[2026-06-01 09:39:33]   [bench] exit=0 passed=1 failed=0
0 missing_trie_node=0
0
[2026-06-01 09:39:33] 
[2026-06-01 09:39:33]   --- storage_sload_k256_run12 (pbt) write-offset=1200000000 K=256 ---
[2026-06-01 09:39:33]   [geth] Stopping (SIGTERM, waiting up to 120s for clean exit): 1068671
[2026-06-01 09:39:34]   [geth] exited cleanly after 1s
[2026-06-01 09:39:34]   [cache] OS page cache dropped
Fatal: Could not create the account: account already exists
[2026-06-01 09:39:34]   [geth] Starting (pbt, gd=5, cold=1, dev.period=1, 1tx/block)
[2026-06-01 09:39:34]   [geth] Waiting for RPC...
[2026-06-01 09:39:37]   [geth] RPC ready after 3s
[2026-06-01 09:39:37]   [bench] Running execute remote...
[2026-06-01 09:39:44]   [bench] exit=0 passed=1 failed=0
0 missing_trie_node=0
0
[2026-06-01 09:39:44] 
[2026-06-01 09:39:44]   --- storage_sload_k256_run13 (pbt) write-offset=1300000000 K=256 ---
[2026-06-01 09:39:44]   [geth] Stopping (SIGTERM, waiting up to 120s for clean exit): 1068819
[2026-06-01 09:39:45]   [geth] exited cleanly after 1s
[2026-06-01 09:39:45]   [cache] OS page cache dropped
Fatal: Could not create the account: account already exists
[2026-06-01 09:39:45]   [geth] Starting (pbt, gd=5, cold=1, dev.period=1, 1tx/block)
[2026-06-01 09:39:45]   [geth] Waiting for RPC...
[2026-06-01 09:39:47]   [geth] RPC ready after 3s
[2026-06-01 09:39:47]   [bench] Running execute remote...
[2026-06-01 09:39:55]   [bench] exit=0 passed=1 failed=0
0 missing_trie_node=0
0
[2026-06-01 09:39:55] 
[2026-06-01 09:39:55]   --- storage_sload_k256_run14 (pbt) write-offset=1400000000 K=256 ---
[2026-06-01 09:39:55]   [geth] Stopping (SIGTERM, waiting up to 120s for clean exit): 1068918
[2026-06-01 09:39:56]   [geth] exited cleanly after 1s
[2026-06-01 09:39:56]   [cache] OS page cache dropped
Fatal: Could not create the account: account already exists
[2026-06-01 09:39:56]   [geth] Starting (pbt, gd=5, cold=1, dev.period=1, 1tx/block)
[2026-06-01 09:39:56]   [geth] Waiting for RPC...
[2026-06-01 09:39:58]   [geth] RPC ready after 3s
[2026-06-01 09:39:58]   [bench] Running execute remote...
[2026-06-01 09:40:04]   [bench] exit=0 passed=1 failed=0
0 missing_trie_node=0
0
[2026-06-01 09:40:04] 
[2026-06-01 09:40:04]   --- storage_sload_k256_run15 (pbt) write-offset=1500000000 K=256 ---
[2026-06-01 09:40:04]   [geth] Stopping (SIGTERM, waiting up to 120s for clean exit): 1069037
[2026-06-01 09:40:05]   [geth] exited cleanly after 1s
[2026-06-01 09:40:05]   [cache] OS page cache dropped
Fatal: Could not create the account: account already exists
[2026-06-01 09:40:05]   [geth] Starting (pbt, gd=5, cold=1, dev.period=1, 1tx/block)
[2026-06-01 09:40:05]   [geth] Waiting for RPC...
[2026-06-01 09:40:07]   [geth] RPC ready after 3s
[2026-06-01 09:40:07]   [bench] Running execute remote...
[2026-06-01 09:40:14]   [bench] exit=0 passed=1 failed=0
0 missing_trie_node=0
0
[2026-06-01 09:40:14] 
[2026-06-01 09:40:14]   --- storage_sload_k256_run16 (pbt) write-offset=1600000000 K=256 ---
[2026-06-01 09:40:14]   [geth] Stopping (SIGTERM, waiting up to 120s for clean exit): 1069118
[2026-06-01 09:40:15]   [geth] exited cleanly after 1s
[2026-06-01 09:40:15]   [cache] OS page cache dropped
Fatal: Could not create the account: account already exists
[2026-06-01 09:40:15]   [geth] Starting (pbt, gd=5, cold=1, dev.period=1, 1tx/block)
[2026-06-01 09:40:15]   [geth] Waiting for RPC...
[2026-06-01 09:40:17]   [geth] RPC ready after 3s
[2026-06-01 09:40:17]   [bench] Running execute remote...
[2026-06-01 09:40:24]   [bench] exit=0 passed=1 failed=0
0 missing_trie_node=0
0
[2026-06-01 09:40:24] 
[2026-06-01 09:40:24]   --- storage_sload_k256_run17 (pbt) write-offset=1700000000 K=256 ---
[2026-06-01 09:40:24]   [geth] Stopping (SIGTERM, waiting up to 120s for clean exit): 1069257
[2026-06-01 09:40:25]   [geth] exited cleanly after 1s
[2026-06-01 09:40:25]   [cache] OS page cache dropped
Fatal: Could not create the account: account already exists
[2026-06-01 09:40:25]   [geth] Starting (pbt, gd=5, cold=1, dev.period=1, 1tx/block)
[2026-06-01 09:40:25]   [geth] Waiting for RPC...
[2026-06-01 09:40:27]   [geth] RPC ready after 3s
[2026-06-01 09:40:27]   [bench] Running execute remote...
[2026-06-01 09:40:34]   [bench] exit=0 passed=1 failed=0
0 missing_trie_node=0
0
[2026-06-01 09:40:34] 
[2026-06-01 09:40:34]   --- storage_sload_k256_run18 (pbt) write-offset=1800000000 K=256 ---
[2026-06-01 09:40:34]   [geth] Stopping (SIGTERM, waiting up to 120s for clean exit): 1069392
[2026-06-01 09:40:35]   [geth] exited cleanly after 1s
[2026-06-01 09:40:35]   [cache] OS page cache dropped
Fatal: Could not create the account: account already exists
[2026-06-01 09:40:36]   [geth] Starting (pbt, gd=5, cold=1, dev.period=1, 1tx/block)
[2026-06-01 09:40:36]   [geth] Waiting for RPC...
[2026-06-01 09:40:38]   [geth] RPC ready after 3s
[2026-06-01 09:40:38]   [bench] Running execute remote...
[2026-06-01 09:40:44]   [bench] exit=0 passed=1 failed=0
0 missing_trie_node=0
0
[2026-06-01 09:40:44] 
[2026-06-01 09:40:44]   --- storage_sload_k256_run19 (pbt) write-offset=1900000000 K=256 ---
[2026-06-01 09:40:44]   [geth] Stopping (SIGTERM, waiting up to 120s for clean exit): 1069468
[2026-06-01 09:40:45]   [geth] exited cleanly after 1s
[2026-06-01 09:40:45]   [cache] OS page cache dropped
Fatal: Could not create the account: account already exists
[2026-06-01 09:40:45]   [geth] Starting (pbt, gd=5, cold=1, dev.period=1, 1tx/block)
[2026-06-01 09:40:45]   [geth] Waiting for RPC...
[2026-06-01 09:40:47]   [geth] RPC ready after 3s
[2026-06-01 09:40:47]   [bench] Running execute remote...
[2026-06-01 09:40:54]   [bench] exit=0 passed=1 failed=0
0 missing_trie_node=0
0
[2026-06-01 09:40:54] 
[2026-06-01 09:40:54]   --- storage_sload_k256_run20 (pbt) write-offset=2000000000 K=256 ---
[2026-06-01 09:40:54]   [geth] Stopping (SIGTERM, waiting up to 120s for clean exit): 1069545
[2026-06-01 09:40:55]   [geth] exited cleanly after 1s
[2026-06-01 09:40:55]   [cache] OS page cache dropped
Fatal: Could not create the account: account already exists
[2026-06-01 09:40:55]   [geth] Starting (pbt, gd=5, cold=1, dev.period=1, 1tx/block)
[2026-06-01 09:40:55]   [geth] Waiting for RPC...
[2026-06-01 09:40:57]   [geth] RPC ready after 3s
[2026-06-01 09:40:57]   [bench] Running execute remote...
[2026-06-01 09:41:04]   [bench] exit=0 passed=1 failed=0
0 missing_trie_node=0
0
[2026-06-01 09:41:04] 
[2026-06-01 09:41:04]   ── BENCHMARK: storage_sstore_k1 (pool=256 contracts; effective K=1)
[2026-06-01 09:41:04] 
[2026-06-01 09:41:04]   --- storage_sstore_k1_run1 (pbt) write-offset=100000000 K=1 ---
[2026-06-01 09:41:04]   [geth] Stopping (SIGTERM, waiting up to 120s for clean exit): 1069667
[2026-06-01 09:41:05]   [geth] exited cleanly after 1s
[2026-06-01 09:41:05]   [cache] OS page cache dropped
Fatal: Could not create the account: account already exists
[2026-06-01 09:41:05]   [geth] Starting (pbt, gd=5, cold=1, dev.period=1, 1tx/block)
[2026-06-01 09:41:05]   [geth] Waiting for RPC...
[2026-06-01 09:41:07]   [geth] RPC ready after 3s
[2026-06-01 09:41:07]   [bench] Running execute remote...
[2026-06-01 09:41:13]   [bench] exit=0 passed=1 failed=0
0 missing_trie_node=0
0
[2026-06-01 09:41:13] 
[2026-06-01 09:41:13]   --- storage_sstore_k1_run2 (pbt) write-offset=200000000 K=1 ---
[2026-06-01 09:41:13]   [geth] Stopping (SIGTERM, waiting up to 120s for clean exit): 1069814
[2026-06-01 09:41:14]   [geth] exited cleanly after 1s
[2026-06-01 09:41:15]   [cache] OS page cache dropped
Fatal: Could not create the account: account already exists
[2026-06-01 09:41:15]   [geth] Starting (pbt, gd=5, cold=1, dev.period=1, 1tx/block)
[2026-06-01 09:41:15]   [geth] Waiting for RPC...
[2026-06-01 09:41:17]   [geth] RPC ready after 3s
[2026-06-01 09:41:17]   [bench] Running execute remote...
[2026-06-01 09:41:23]   [bench] exit=0 passed=1 failed=0
0 missing_trie_node=0
0
[2026-06-01 09:41:23] 
[2026-06-01 09:41:23]   --- storage_sstore_k1_run3 (pbt) write-offset=300000000 K=1 ---
[2026-06-01 09:41:23]   [geth] Stopping (SIGTERM, waiting up to 120s for clean exit): 1069942
[2026-06-01 09:41:24]   [geth] exited cleanly after 1s
[2026-06-01 09:41:24]   [cache] OS page cache dropped
Fatal: Could not create the account: account already exists
[2026-06-01 09:41:25]   [geth] Starting (pbt, gd=5, cold=1, dev.period=1, 1tx/block)
[2026-06-01 09:41:25]   [geth] Waiting for RPC...
[2026-06-01 09:41:27]   [geth] RPC ready after 3s
[2026-06-01 09:41:27]   [bench] Running execute remote...
[2026-06-01 09:41:33]   [bench] exit=0 passed=1 failed=0
0 missing_trie_node=0
0
[2026-06-01 09:41:33] 
[2026-06-01 09:41:33]   --- storage_sstore_k1_run4 (pbt) write-offset=400000000 K=1 ---
[2026-06-01 09:41:33]   [geth] Stopping (SIGTERM, waiting up to 120s for clean exit): 1070184
[2026-06-01 09:41:34]   [geth] exited cleanly after 1s
[2026-06-01 09:41:34]   [cache] OS page cache dropped
Fatal: Could not create the account: account already exists
[2026-06-01 09:41:34]   [geth] Starting (pbt, gd=5, cold=1, dev.period=1, 1tx/block)
[2026-06-01 09:41:34]   [geth] Waiting for RPC...
[2026-06-01 09:41:36]   [geth] RPC ready after 3s
[2026-06-01 09:41:36]   [bench] Running execute remote...
[2026-06-01 09:41:43]   [bench] exit=0 passed=1 failed=0
0 missing_trie_node=0
0
[2026-06-01 09:41:43] 
[2026-06-01 09:41:43]   --- storage_sstore_k1_run5 (pbt) write-offset=500000000 K=1 ---
[2026-06-01 09:41:43]   [geth] Stopping (SIGTERM, waiting up to 120s for clean exit): 1070301
[2026-06-01 09:41:44]   [geth] exited cleanly after 1s
[2026-06-01 09:41:44]   [cache] OS page cache dropped
Fatal: Could not create the account: account already exists
[2026-06-01 09:41:44]   [geth] Starting (pbt, gd=5, cold=1, dev.period=1, 1tx/block)
[2026-06-01 09:41:44]   [geth] Waiting for RPC...
[2026-06-01 09:41:46]   [geth] RPC ready after 3s
[2026-06-01 09:41:46]   [bench] Running execute remote...
[2026-06-01 09:41:52]   [bench] exit=0 passed=1 failed=0
0 missing_trie_node=0
0
[2026-06-01 09:41:52] 
[2026-06-01 09:41:52]   --- storage_sstore_k1_run6 (pbt) write-offset=600000000 K=1 ---
[2026-06-01 09:41:52]   [geth] Stopping (SIGTERM, waiting up to 120s for clean exit): 1070398
[2026-06-01 09:41:53]   [geth] exited cleanly after 1s
[2026-06-01 09:41:53]   [cache] OS page cache dropped
Fatal: Could not create the account: account already exists
[2026-06-01 09:41:53]   [geth] Starting (pbt, gd=5, cold=1, dev.period=1, 1tx/block)
[2026-06-01 09:41:53]   [geth] Waiting for RPC...
[2026-06-01 09:41:55]   [geth] RPC ready after 3s
[2026-06-01 09:41:56]   [bench] Running execute remote...
[2026-06-01 09:42:02]   [bench] exit=0 passed=1 failed=0
0 missing_trie_node=0
0
[2026-06-01 09:42:02] 
[2026-06-01 09:42:02]   --- storage_sstore_k1_run7 (pbt) write-offset=700000000 K=1 ---
[2026-06-01 09:42:02]   [geth] Stopping (SIGTERM, waiting up to 120s for clean exit): 1070474
[2026-06-01 09:42:03]   [geth] exited cleanly after 1s
[2026-06-01 09:42:03]   [cache] OS page cache dropped
Fatal: Could not create the account: account already exists
[2026-06-01 09:42:03]   [geth] Starting (pbt, gd=5, cold=1, dev.period=1, 1tx/block)
[2026-06-01 09:42:03]   [geth] Waiting for RPC...
[2026-06-01 09:42:05]   [geth] RPC ready after 3s
[2026-06-01 09:42:05]   [bench] Running execute remote...
[2026-06-01 09:42:11]   [bench] exit=0 passed=1 failed=0
0 missing_trie_node=0
0
[2026-06-01 09:42:11] 
[2026-06-01 09:42:11]   --- storage_sstore_k1_run8 (pbt) write-offset=800000000 K=1 ---
[2026-06-01 09:42:11]   [geth] Stopping (SIGTERM, waiting up to 120s for clean exit): 1070612
[2026-06-01 09:42:12]   [geth] exited cleanly after 1s
[2026-06-01 09:42:13]   [cache] OS page cache dropped
Fatal: Could not create the account: account already exists
[2026-06-01 09:42:13]   [geth] Starting (pbt, gd=5, cold=1, dev.period=1, 1tx/block)
[2026-06-01 09:42:13]   [geth] Waiting for RPC...
[2026-06-01 09:42:15]   [geth] RPC ready after 3s
[2026-06-01 09:42:15]   [bench] Running execute remote...
[2026-06-01 09:42:21]   [bench] exit=0 passed=1 failed=0
0 missing_trie_node=0
0
[2026-06-01 09:42:21] 
[2026-06-01 09:42:21]   --- storage_sstore_k1_run9 (pbt) write-offset=900000000 K=1 ---
[2026-06-01 09:42:21]   [geth] Stopping (SIGTERM, waiting up to 120s for clean exit): 1070754
[2026-06-01 09:42:22]   [geth] exited cleanly after 1s
[2026-06-01 09:42:22]   [cache] OS page cache dropped
Fatal: Could not create the account: account already exists
[2026-06-01 09:42:22]   [geth] Starting (pbt, gd=5, cold=1, dev.period=1, 1tx/block)
[2026-06-01 09:42:22]   [geth] Waiting for RPC...
[2026-06-01 09:42:24]   [geth] RPC ready after 3s
[2026-06-01 09:42:24]   [bench] Running execute remote...
[2026-06-01 09:42:31]   [bench] exit=0 passed=1 failed=0
0 missing_trie_node=0
0
[2026-06-01 09:42:31] 
[2026-06-01 09:42:31]   --- storage_sstore_k1_run10 (pbt) write-offset=1000000000 K=1 ---
[2026-06-01 09:42:31]   [geth] Stopping (SIGTERM, waiting up to 120s for clean exit): 1070830
[2026-06-01 09:42:32]   [geth] exited cleanly after 1s
[2026-06-01 09:42:32]   [cache] OS page cache dropped
Fatal: Could not create the account: account already exists
[2026-06-01 09:42:32]   [geth] Starting (pbt, gd=5, cold=1, dev.period=1, 1tx/block)
[2026-06-01 09:42:32]   [geth] Waiting for RPC...
[2026-06-01 09:42:34]   [geth] RPC ready after 3s
[2026-06-01 09:42:34]   [bench] Running execute remote...
[2026-06-01 09:42:40]   [bench] exit=0 passed=1 failed=0
0 missing_trie_node=0
0
[2026-06-01 09:42:40] 
[2026-06-01 09:42:40]   --- storage_sstore_k1_run11 (pbt) write-offset=1100000000 K=1 ---
[2026-06-01 09:42:40]   [geth] Stopping (SIGTERM, waiting up to 120s for clean exit): 1070942
[2026-06-01 09:42:41]   [geth] exited cleanly after 1s
[2026-06-01 09:42:42]   [cache] OS page cache dropped
Fatal: Could not create the account: account already exists
[2026-06-01 09:42:42]   [geth] Starting (pbt, gd=5, cold=1, dev.period=1, 1tx/block)
[2026-06-01 09:42:42]   [geth] Waiting for RPC...
[2026-06-01 09:42:44]   [geth] RPC ready after 3s
[2026-06-01 09:42:44]   [bench] Running execute remote...
[2026-06-01 09:42:50]   [bench] exit=0 passed=1 failed=0
0 missing_trie_node=0
0
[2026-06-01 09:42:50] 
[2026-06-01 09:42:50]   --- storage_sstore_k1_run12 (pbt) write-offset=1200000000 K=1 ---
[2026-06-01 09:42:50]   [geth] Stopping (SIGTERM, waiting up to 120s for clean exit): 1071113
[2026-06-01 09:42:51]   [geth] exited cleanly after 1s
[2026-06-01 09:42:51]   [cache] OS page cache dropped
Fatal: Could not create the account: account already exists
[2026-06-01 09:42:51]   [geth] Starting (pbt, gd=5, cold=1, dev.period=1, 1tx/block)
[2026-06-01 09:42:51]   [geth] Waiting for RPC...
[2026-06-01 09:42:53]   [geth] RPC ready after 3s
[2026-06-01 09:42:53]   [bench] Running execute remote...
[2026-06-01 09:43:00]   [bench] exit=0 passed=1 failed=0
0 missing_trie_node=0
0
[2026-06-01 09:43:00] 
[2026-06-01 09:43:00]   --- storage_sstore_k1_run13 (pbt) write-offset=1300000000 K=1 ---
[2026-06-01 09:43:00]   [geth] Stopping (SIGTERM, waiting up to 120s for clean exit): 1071187
[2026-06-01 09:43:01]   [geth] exited cleanly after 1s
[2026-06-01 09:43:01]   [cache] OS page cache dropped
Fatal: Could not create the account: account already exists
[2026-06-01 09:43:01]   [geth] Starting (pbt, gd=5, cold=1, dev.period=1, 1tx/block)
[2026-06-01 09:43:01]   [geth] Waiting for RPC...
[2026-06-01 09:43:03]   [geth] RPC ready after 3s
[2026-06-01 09:43:03]   [bench] Running execute remote...
[2026-06-01 09:43:09]   [bench] exit=0 passed=1 failed=0
0 missing_trie_node=0
0
[2026-06-01 09:43:09] 
[2026-06-01 09:43:09]   --- storage_sstore_k1_run14 (pbt) write-offset=1400000000 K=1 ---
[2026-06-01 09:43:09]   [geth] Stopping (SIGTERM, waiting up to 120s for clean exit): 1071266
[2026-06-01 09:43:10]   [geth] exited cleanly after 1s
[2026-06-01 09:43:11]   [cache] OS page cache dropped
Fatal: Could not create the account: account already exists
[2026-06-01 09:43:11]   [geth] Starting (pbt, gd=5, cold=1, dev.period=1, 1tx/block)
[2026-06-01 09:43:11]   [geth] Waiting for RPC...
[2026-06-01 09:43:13]   [geth] RPC ready after 3s
[2026-06-01 09:43:13]   [bench] Running execute remote...
[2026-06-01 09:43:19]   [bench] exit=0 passed=1 failed=0
0 missing_trie_node=0
0
[2026-06-01 09:43:19] 
[2026-06-01 09:43:19]   --- storage_sstore_k1_run15 (pbt) write-offset=1500000000 K=1 ---
[2026-06-01 09:43:19]   [geth] Stopping (SIGTERM, waiting up to 120s for clean exit): 1071343
[2026-06-01 09:43:20]   [geth] exited cleanly after 1s
[2026-06-01 09:43:20]   [cache] OS page cache dropped
Fatal: Could not create the account: account already exists
[2026-06-01 09:43:20]   [geth] Starting (pbt, gd=5, cold=1, dev.period=1, 1tx/block)
[2026-06-01 09:43:20]   [geth] Waiting for RPC...
[2026-06-01 09:43:22]   [geth] RPC ready after 3s
[2026-06-01 09:43:22]   [bench] Running execute remote...
[2026-06-01 09:43:29]   [bench] exit=0 passed=1 failed=0
0 missing_trie_node=0
0
[2026-06-01 09:43:29] 
[2026-06-01 09:43:29]   --- storage_sstore_k1_run16 (pbt) write-offset=1600000000 K=1 ---
[2026-06-01 09:43:29]   [geth] Stopping (SIGTERM, waiting up to 120s for clean exit): 1071476
[2026-06-01 09:43:30]   [geth] exited cleanly after 1s
[2026-06-01 09:43:30]   [cache] OS page cache dropped
Fatal: Could not create the account: account already exists
[2026-06-01 09:43:30]   [geth] Starting (pbt, gd=5, cold=1, dev.period=1, 1tx/block)
[2026-06-01 09:43:30]   [geth] Waiting for RPC...
[2026-06-01 09:43:32]   [geth] RPC ready after 3s
[2026-06-01 09:43:32]   [bench] Running execute remote...
[2026-06-01 09:43:38]   [bench] exit=0 passed=1 failed=0
0 missing_trie_node=0
0
[2026-06-01 09:43:38] 
[2026-06-01 09:43:38]   --- storage_sstore_k1_run17 (pbt) write-offset=1700000000 K=1 ---
[2026-06-01 09:43:38]   [geth] Stopping (SIGTERM, waiting up to 120s for clean exit): 1071551
[2026-06-01 09:43:39]   [geth] exited cleanly after 1s
[2026-06-01 09:43:39]   [cache] OS page cache dropped
Fatal: Could not create the account: account already exists
[2026-06-01 09:43:39]   [geth] Starting (pbt, gd=5, cold=1, dev.period=1, 1tx/block)
[2026-06-01 09:43:39]   [geth] Waiting for RPC...
[2026-06-01 09:43:41]   [geth] RPC ready after 3s
[2026-06-01 09:43:41]   [bench] Running execute remote...
[2026-06-01 09:43:48]   [bench] exit=0 passed=1 failed=0
0 missing_trie_node=0
0
[2026-06-01 09:43:48] 
[2026-06-01 09:43:48]   --- storage_sstore_k1_run18 (pbt) write-offset=1800000000 K=1 ---
[2026-06-01 09:43:48]   [geth] Stopping (SIGTERM, waiting up to 120s for clean exit): 1071628
[2026-06-01 09:43:49]   [geth] exited cleanly after 1s
[2026-06-01 09:43:49]   [cache] OS page cache dropped
Fatal: Could not create the account: account already exists
[2026-06-01 09:43:49]   [geth] Starting (pbt, gd=5, cold=1, dev.period=1, 1tx/block)
[2026-06-01 09:43:49]   [geth] Waiting for RPC...
[2026-06-01 09:43:51]   [geth] RPC ready after 3s
[2026-06-01 09:43:51]   [bench] Running execute remote...
[2026-06-01 09:43:57]   [bench] exit=0 passed=1 failed=0
0 missing_trie_node=0
0
[2026-06-01 09:43:57] 
[2026-06-01 09:43:57]   --- storage_sstore_k1_run19 (pbt) write-offset=1900000000 K=1 ---
[2026-06-01 09:43:57]   [geth] Stopping (SIGTERM, waiting up to 120s for clean exit): 1071701
[2026-06-01 09:43:58]   [geth] exited cleanly after 1s
[2026-06-01 09:43:58]   [cache] OS page cache dropped
Fatal: Could not create the account: account already exists
[2026-06-01 09:43:58]   [geth] Starting (pbt, gd=5, cold=1, dev.period=1, 1tx/block)
[2026-06-01 09:43:58]   [geth] Waiting for RPC...
[2026-06-01 09:44:01]   [geth] RPC ready after 3s
[2026-06-01 09:44:01]   [bench] Running execute remote...
[2026-06-01 09:44:07]   [bench] exit=0 passed=1 failed=0
0 missing_trie_node=0
0
[2026-06-01 09:44:07] 
[2026-06-01 09:44:07]   --- storage_sstore_k1_run20 (pbt) write-offset=2000000000 K=1 ---
[2026-06-01 09:44:07]   [geth] Stopping (SIGTERM, waiting up to 120s for clean exit): 1071778
[2026-06-01 09:44:08]   [geth] exited cleanly after 1s
[2026-06-01 09:44:08]   [cache] OS page cache dropped
Fatal: Could not create the account: account already exists
[2026-06-01 09:44:08]   [geth] Starting (pbt, gd=5, cold=1, dev.period=1, 1tx/block)
[2026-06-01 09:44:08]   [geth] Waiting for RPC...
[2026-06-01 09:44:10]   [geth] RPC ready after 3s
[2026-06-01 09:44:10]   [bench] Running execute remote...
[2026-06-01 09:44:16]   [bench] exit=0 passed=1 failed=0
0 missing_trie_node=0
0
[2026-06-01 09:44:16] 
[2026-06-01 09:44:16]   ── BENCHMARK: storage_sstore_k10 (pool=256 contracts; effective K=10)
[2026-06-01 09:44:16] 
[2026-06-01 09:44:16]   --- storage_sstore_k10_run1 (pbt) write-offset=100000000 K=10 ---
[2026-06-01 09:44:16]   [geth] Stopping (SIGTERM, waiting up to 120s for clean exit): 1071863
[2026-06-01 09:44:17]   [geth] exited cleanly after 1s
[2026-06-01 09:44:17]   [cache] OS page cache dropped
Fatal: Could not create the account: account already exists
[2026-06-01 09:44:18]   [geth] Starting (pbt, gd=5, cold=1, dev.period=1, 1tx/block)
[2026-06-01 09:44:18]   [geth] Waiting for RPC...
[2026-06-01 09:44:20]   [geth] RPC ready after 3s
[2026-06-01 09:44:20]   [bench] Running execute remote...
[2026-06-01 09:44:26]   [bench] exit=0 passed=1 failed=0
0 missing_trie_node=0
0
[2026-06-01 09:44:26] 
[2026-06-01 09:44:26]   --- storage_sstore_k10_run2 (pbt) write-offset=200000000 K=10 ---
[2026-06-01 09:44:26]   [geth] Stopping (SIGTERM, waiting up to 120s for clean exit): 1071963
[2026-06-01 09:44:27]   [geth] exited cleanly after 1s
[2026-06-01 09:44:27]   [cache] OS page cache dropped
Fatal: Could not create the account: account already exists
[2026-06-01 09:44:27]   [geth] Starting (pbt, gd=5, cold=1, dev.period=1, 1tx/block)
[2026-06-01 09:44:27]   [geth] Waiting for RPC...
[2026-06-01 09:44:29]   [geth] RPC ready after 3s
[2026-06-01 09:44:29]   [bench] Running execute remote...
[2026-06-01 09:44:36]   [bench] exit=0 passed=1 failed=0
0 missing_trie_node=0
0
[2026-06-01 09:44:36] 
[2026-06-01 09:44:36]   --- storage_sstore_k10_run3 (pbt) write-offset=300000000 K=10 ---
[2026-06-01 09:44:36]   [geth] Stopping (SIGTERM, waiting up to 120s for clean exit): 1072038
[2026-06-01 09:44:37]   [geth] exited cleanly after 1s
[2026-06-01 09:44:37]   [cache] OS page cache dropped
Fatal: Could not create the account: account already exists
[2026-06-01 09:44:37]   [geth] Starting (pbt, gd=5, cold=1, dev.period=1, 1tx/block)
[2026-06-01 09:44:37]   [geth] Waiting for RPC...
[2026-06-01 09:44:39]   [geth] RPC ready after 3s
[2026-06-01 09:44:39]   [bench] Running execute remote...
[2026-06-01 09:44:45]   [bench] exit=0 passed=1 failed=0
0 missing_trie_node=0
0
[2026-06-01 09:44:45] 
[2026-06-01 09:44:45]   --- storage_sstore_k10_run4 (pbt) write-offset=400000000 K=10 ---
[2026-06-01 09:44:45]   [geth] Stopping (SIGTERM, waiting up to 120s for clean exit): 1072113
[2026-06-01 09:44:46]   [geth] exited cleanly after 1s
[2026-06-01 09:44:46]   [cache] OS page cache dropped
Fatal: Could not create the account: account already exists
[2026-06-01 09:44:46]   [geth] Starting (pbt, gd=5, cold=1, dev.period=1, 1tx/block)
[2026-06-01 09:44:46]   [geth] Waiting for RPC...
[2026-06-01 09:44:48]   [geth] RPC ready after 3s
[2026-06-01 09:44:48]   [bench] Running execute remote...
[2026-06-01 09:44:55]   [bench] exit=0 passed=1 failed=0
0 missing_trie_node=0
0
[2026-06-01 09:44:55] 
[2026-06-01 09:44:55]   --- storage_sstore_k10_run5 (pbt) write-offset=500000000 K=10 ---
[2026-06-01 09:44:55]   [geth] Stopping (SIGTERM, waiting up to 120s for clean exit): 1072187
[2026-06-01 09:44:56]   [geth] exited cleanly after 1s
[2026-06-01 09:44:56]   [cache] OS page cache dropped
Fatal: Could not create the account: account already exists
[2026-06-01 09:44:56]   [geth] Starting (pbt, gd=5, cold=1, dev.period=1, 1tx/block)
[2026-06-01 09:44:56]   [geth] Waiting for RPC...
[2026-06-01 09:44:58]   [geth] RPC ready after 3s
[2026-06-01 09:44:58]   [bench] Running execute remote...
[2026-06-01 09:45:04]   [bench] exit=0 passed=1 failed=0
0 missing_trie_node=0
0
[2026-06-01 09:45:04] 
[2026-06-01 09:45:04]   --- storage_sstore_k10_run6 (pbt) write-offset=600000000 K=10 ---
[2026-06-01 09:45:04]   [geth] Stopping (SIGTERM, waiting up to 120s for clean exit): 1072264
[2026-06-01 09:45:05]   [geth] exited cleanly after 1s
[2026-06-01 09:45:05]   [cache] OS page cache dropped
Fatal: Could not create the account: account already exists
[2026-06-01 09:45:05]   [geth] Starting (pbt, gd=5, cold=1, dev.period=1, 1tx/block)
[2026-06-01 09:45:05]   [geth] Waiting for RPC...
[2026-06-01 09:45:07]   [geth] RPC ready after 3s
[2026-06-01 09:45:07]   [bench] Running execute remote...
[2026-06-01 09:45:14]   [bench] exit=0 passed=1 failed=0
0 missing_trie_node=0
0
[2026-06-01 09:45:14] 
[2026-06-01 09:45:14]   --- storage_sstore_k10_run7 (pbt) write-offset=700000000 K=10 ---
[2026-06-01 09:45:14]   [geth] Stopping (SIGTERM, waiting up to 120s for clean exit): 1072339
[2026-06-01 09:45:15]   [geth] exited cleanly after 1s
[2026-06-01 09:45:15]   [cache] OS page cache dropped
Fatal: Could not create the account: account already exists
[2026-06-01 09:45:15]   [geth] Starting (pbt, gd=5, cold=1, dev.period=1, 1tx/block)
[2026-06-01 09:45:15]   [geth] Waiting for RPC...
[2026-06-01 09:45:17]   [geth] RPC ready after 3s
[2026-06-01 09:45:17]   [bench] Running execute remote...
[2026-06-01 09:45:23]   [bench] exit=0 passed=1 failed=0
0 missing_trie_node=0
0
[2026-06-01 09:45:23] 
[2026-06-01 09:45:23]   --- storage_sstore_k10_run8 (pbt) write-offset=800000000 K=10 ---
[2026-06-01 09:45:23]   [geth] Stopping (SIGTERM, waiting up to 120s for clean exit): 1072417
[2026-06-01 09:45:24]   [geth] exited cleanly after 1s
[2026-06-01 09:45:24]   [cache] OS page cache dropped
Fatal: Could not create the account: account already exists
[2026-06-01 09:45:25]   [geth] Starting (pbt, gd=5, cold=1, dev.period=1, 1tx/block)
[2026-06-01 09:45:25]   [geth] Waiting for RPC...
[2026-06-01 09:45:27]   [geth] RPC ready after 3s
[2026-06-01 09:45:27]   [bench] Running execute remote...
[2026-06-01 09:45:33]   [bench] exit=0 passed=1 failed=0
0 missing_trie_node=0
0
[2026-06-01 09:45:33] 
[2026-06-01 09:45:33]   --- storage_sstore_k10_run9 (pbt) write-offset=900000000 K=10 ---
[2026-06-01 09:45:33]   [geth] Stopping (SIGTERM, waiting up to 120s for clean exit): 1072495
[2026-06-01 09:45:34]   [geth] exited cleanly after 1s
[2026-06-01 09:45:34]   [cache] OS page cache dropped
Fatal: Could not create the account: account already exists
[2026-06-01 09:45:34]   [geth] Starting (pbt, gd=5, cold=1, dev.period=1, 1tx/block)
[2026-06-01 09:45:34]   [geth] Waiting for RPC...
[2026-06-01 09:45:36]   [geth] RPC ready after 3s
[2026-06-01 09:45:36]   [bench] Running execute remote...
[2026-06-01 09:45:42]   [bench] exit=0 passed=1 failed=0
0 missing_trie_node=0
0
[2026-06-01 09:45:42] 
[2026-06-01 09:45:42]   --- storage_sstore_k10_run10 (pbt) write-offset=1000000000 K=10 ---
[2026-06-01 09:45:42]   [geth] Stopping (SIGTERM, waiting up to 120s for clean exit): 1072570
[2026-06-01 09:45:43]   [geth] exited cleanly after 1s
[2026-06-01 09:45:44]   [cache] OS page cache dropped
Fatal: Could not create the account: account already exists
[2026-06-01 09:45:44]   [geth] Starting (pbt, gd=5, cold=1, dev.period=1, 1tx/block)
[2026-06-01 09:45:44]   [geth] Waiting for RPC...
[2026-06-01 09:45:46]   [geth] RPC ready after 3s
[2026-06-01 09:45:46]   [bench] Running execute remote...
[2026-06-01 09:45:52]   [bench] exit=0 passed=1 failed=0
0 missing_trie_node=0
0
[2026-06-01 09:45:52] 
[2026-06-01 09:45:52]   --- storage_sstore_k10_run11 (pbt) write-offset=1100000000 K=10 ---
[2026-06-01 09:45:52]   [geth] Stopping (SIGTERM, waiting up to 120s for clean exit): 1072646
[2026-06-01 09:45:53]   [geth] exited cleanly after 1s
[2026-06-01 09:45:53]   [cache] OS page cache dropped
Fatal: Could not create the account: account already exists
[2026-06-01 09:45:53]   [geth] Starting (pbt, gd=5, cold=1, dev.period=1, 1tx/block)
[2026-06-01 09:45:53]   [geth] Waiting for RPC...
[2026-06-01 09:45:55]   [geth] RPC ready after 3s
[2026-06-01 09:45:55]   [bench] Running execute remote...
[2026-06-01 09:46:02]   [bench] exit=0 passed=1 failed=0
0 missing_trie_node=0
0
[2026-06-01 09:46:02] 
[2026-06-01 09:46:02]   --- storage_sstore_k10_run12 (pbt) write-offset=1200000000 K=10 ---
[2026-06-01 09:46:02]   [geth] Stopping (SIGTERM, waiting up to 120s for clean exit): 1072722
[2026-06-01 09:46:03]   [geth] exited cleanly after 1s
[2026-06-01 09:46:03]   [cache] OS page cache dropped
Fatal: Could not create the account: account already exists
[2026-06-01 09:46:03]   [geth] Starting (pbt, gd=5, cold=1, dev.period=1, 1tx/block)
[2026-06-01 09:46:03]   [geth] Waiting for RPC...
[2026-06-01 09:46:05]   [geth] RPC ready after 3s
[2026-06-01 09:46:05]   [bench] Running execute remote...
[2026-06-01 09:46:11]   [bench] exit=0 passed=1 failed=0
0 missing_trie_node=0
0
[2026-06-01 09:46:11] 
[2026-06-01 09:46:11]   --- storage_sstore_k10_run13 (pbt) write-offset=1300000000 K=10 ---
[2026-06-01 09:46:11]   [geth] Stopping (SIGTERM, waiting up to 120s for clean exit): 1072796
[2026-06-01 09:46:12]   [geth] exited cleanly after 1s
[2026-06-01 09:46:12]   [cache] OS page cache dropped
Fatal: Could not create the account: account already exists
[2026-06-01 09:46:12]   [geth] Starting (pbt, gd=5, cold=1, dev.period=1, 1tx/block)
[2026-06-01 09:46:12]   [geth] Waiting for RPC...
[2026-06-01 09:46:14]   [geth] RPC ready after 3s
[2026-06-01 09:46:14]   [bench] Running execute remote...
[2026-06-01 09:46:21]   [bench] exit=0 passed=1 failed=0
0 missing_trie_node=0
0
[2026-06-01 09:46:21] 
[2026-06-01 09:46:21]   --- storage_sstore_k10_run14 (pbt) write-offset=1400000000 K=10 ---
[2026-06-01 09:46:21]   [geth] Stopping (SIGTERM, waiting up to 120s for clean exit): 1072872
[2026-06-01 09:46:22]   [geth] exited cleanly after 1s
[2026-06-01 09:46:22]   [cache] OS page cache dropped
Fatal: Could not create the account: account already exists
[2026-06-01 09:46:22]   [geth] Starting (pbt, gd=5, cold=1, dev.period=1, 1tx/block)
[2026-06-01 09:46:22]   [geth] Waiting for RPC...
[2026-06-01 09:46:24]   [geth] RPC ready after 3s
[2026-06-01 09:46:24]   [bench] Running execute remote...
[2026-06-01 09:46:30]   [bench] exit=0 passed=1 failed=0
0 missing_trie_node=0
0
[2026-06-01 09:46:30] 
[2026-06-01 09:46:30]   --- storage_sstore_k10_run15 (pbt) write-offset=1500000000 K=10 ---
[2026-06-01 09:46:30]   [geth] Stopping (SIGTERM, waiting up to 120s for clean exit): 1072948
[2026-06-01 09:46:31]   [geth] exited cleanly after 1s
[2026-06-01 09:46:32]   [cache] OS page cache dropped
Fatal: Could not create the account: account already exists
[2026-06-01 09:46:32]   [geth] Starting (pbt, gd=5, cold=1, dev.period=1, 1tx/block)
[2026-06-01 09:46:32]   [geth] Waiting for RPC...
[2026-06-01 09:46:34]   [geth] RPC ready after 3s
[2026-06-01 09:46:34]   [bench] Running execute remote...
[2026-06-01 09:46:40]   [bench] exit=0 passed=1 failed=0
0 missing_trie_node=0
0
[2026-06-01 09:46:40] 
[2026-06-01 09:46:40]   --- storage_sstore_k10_run16 (pbt) write-offset=1600000000 K=10 ---
[2026-06-01 09:46:40]   [geth] Stopping (SIGTERM, waiting up to 120s for clean exit): 1073022
[2026-06-01 09:46:41]   [geth] exited cleanly after 1s
[2026-06-01 09:46:41]   [cache] OS page cache dropped
Fatal: Could not create the account: account already exists
[2026-06-01 09:46:41]   [geth] Starting (pbt, gd=5, cold=1, dev.period=1, 1tx/block)
[2026-06-01 09:46:41]   [geth] Waiting for RPC...
[2026-06-01 09:46:43]   [geth] RPC ready after 3s
[2026-06-01 09:46:43]   [bench] Running execute remote...
[2026-06-01 09:46:50]   [bench] exit=0 passed=1 failed=0
0 missing_trie_node=0
0
[2026-06-01 09:46:50] 
[2026-06-01 09:46:50]   --- storage_sstore_k10_run17 (pbt) write-offset=1700000000 K=10 ---
[2026-06-01 09:46:50]   [geth] Stopping (SIGTERM, waiting up to 120s for clean exit): 1073107
[2026-06-01 09:46:51]   [geth] exited cleanly after 1s
[2026-06-01 09:46:51]   [cache] OS page cache dropped
Fatal: Could not create the account: account already exists
[2026-06-01 09:46:51]   [geth] Starting (pbt, gd=5, cold=1, dev.period=1, 1tx/block)
[2026-06-01 09:46:51]   [geth] Waiting for RPC...
[2026-06-01 09:46:53]   [geth] RPC ready after 3s
[2026-06-01 09:46:53]   [bench] Running execute remote...
[2026-06-01 09:46:59]   [bench] exit=0 passed=1 failed=0
0 missing_trie_node=0
0
[2026-06-01 09:46:59] 
[2026-06-01 09:46:59]   --- storage_sstore_k10_run18 (pbt) write-offset=1800000000 K=10 ---
[2026-06-01 09:46:59]   [geth] Stopping (SIGTERM, waiting up to 120s for clean exit): 1073183
[2026-06-01 09:47:00]   [geth] exited cleanly after 1s
[2026-06-01 09:47:01]   [cache] OS page cache dropped
Fatal: Could not create the account: account already exists
[2026-06-01 09:47:01]   [geth] Starting (pbt, gd=5, cold=1, dev.period=1, 1tx/block)
[2026-06-01 09:47:01]   [geth] Waiting for RPC...
[2026-06-01 09:47:03]   [geth] RPC ready after 3s
[2026-06-01 09:47:03]   [bench] Running execute remote...
[2026-06-01 09:47:09]   [bench] exit=0 passed=1 failed=0
0 missing_trie_node=0
0
[2026-06-01 09:47:09] 
[2026-06-01 09:47:09]   --- storage_sstore_k10_run19 (pbt) write-offset=1900000000 K=10 ---
[2026-06-01 09:47:09]   [geth] Stopping (SIGTERM, waiting up to 120s for clean exit): 1073256
[2026-06-01 09:47:10]   [geth] exited cleanly after 1s
[2026-06-01 09:47:10]   [cache] OS page cache dropped
Fatal: Could not create the account: account already exists
[2026-06-01 09:47:10]   [geth] Starting (pbt, gd=5, cold=1, dev.period=1, 1tx/block)
[2026-06-01 09:47:10]   [geth] Waiting for RPC...
[2026-06-01 09:47:12]   [geth] RPC ready after 3s
[2026-06-01 09:47:12]   [bench] Running execute remote...
[2026-06-01 09:47:19]   [bench] exit=0 passed=1 failed=0
0 missing_trie_node=0
0
[2026-06-01 09:47:19] 
[2026-06-01 09:47:19]   --- storage_sstore_k10_run20 (pbt) write-offset=2000000000 K=10 ---
[2026-06-01 09:47:19]   [geth] Stopping (SIGTERM, waiting up to 120s for clean exit): 1073333
[2026-06-01 09:47:20]   [geth] exited cleanly after 1s
[2026-06-01 09:47:20]   [cache] OS page cache dropped
Fatal: Could not create the account: account already exists
[2026-06-01 09:47:20]   [geth] Starting (pbt, gd=5, cold=1, dev.period=1, 1tx/block)
[2026-06-01 09:47:20]   [geth] Waiting for RPC...
[2026-06-01 09:47:22]   [geth] RPC ready after 3s
[2026-06-01 09:47:22]   [bench] Running execute remote...
[2026-06-01 09:47:28]   [bench] exit=0 passed=1 failed=0
0 missing_trie_node=0
0
[2026-06-01 09:47:28] 
[2026-06-01 09:47:28]   ── BENCHMARK: storage_sstore_k100 (pool=256 contracts; effective K=100)
[2026-06-01 09:47:28] 
[2026-06-01 09:47:28]   --- storage_sstore_k100_run1 (pbt) write-offset=100000000 K=100 ---
[2026-06-01 09:47:28]   [geth] Stopping (SIGTERM, waiting up to 120s for clean exit): 1073408
[2026-06-01 09:47:29]   [geth] exited cleanly after 1s
[2026-06-01 09:47:30]   [cache] OS page cache dropped
Fatal: Could not create the account: account already exists
[2026-06-01 09:47:30]   [geth] Starting (pbt, gd=5, cold=1, dev.period=1, 1tx/block)
[2026-06-01 09:47:30]   [geth] Waiting for RPC...
[2026-06-01 09:47:32]   [geth] RPC ready after 3s
[2026-06-01 09:47:32]   [bench] Running execute remote...
[2026-06-01 09:47:38]   [bench] exit=0 passed=1 failed=0
0 missing_trie_node=0
0
[2026-06-01 09:47:38] 
[2026-06-01 09:47:38]   --- storage_sstore_k100_run2 (pbt) write-offset=200000000 K=100 ---
[2026-06-01 09:47:38]   [geth] Stopping (SIGTERM, waiting up to 120s for clean exit): 1073504
[2026-06-01 09:47:39]   [geth] exited cleanly after 1s
[2026-06-01 09:47:39]   [cache] OS page cache dropped
Fatal: Could not create the account: account already exists
[2026-06-01 09:47:39]   [geth] Starting (pbt, gd=5, cold=1, dev.period=1, 1tx/block)
[2026-06-01 09:47:39]   [geth] Waiting for RPC...
[2026-06-01 09:47:41]   [geth] RPC ready after 3s
[2026-06-01 09:47:41]   [bench] Running execute remote...
[2026-06-01 09:47:47]   [bench] exit=0 passed=1 failed=0
0 missing_trie_node=0
0
[2026-06-01 09:47:47] 
[2026-06-01 09:47:47]   --- storage_sstore_k100_run3 (pbt) write-offset=300000000 K=100 ---
[2026-06-01 09:47:47]   [geth] Stopping (SIGTERM, waiting up to 120s for clean exit): 1073580
[2026-06-01 09:47:48]   [geth] exited cleanly after 1s
[2026-06-01 09:47:49]   [cache] OS page cache dropped
Fatal: Could not create the account: account already exists
[2026-06-01 09:47:49]   [geth] Starting (pbt, gd=5, cold=1, dev.period=1, 1tx/block)
[2026-06-01 09:47:49]   [geth] Waiting for RPC...
[2026-06-01 09:47:51]   [geth] RPC ready after 3s
[2026-06-01 09:47:51]   [bench] Running execute remote...
[2026-06-01 09:47:57]   [bench] exit=0 passed=1 failed=0
0 missing_trie_node=0
0
[2026-06-01 09:47:57] 
[2026-06-01 09:47:57]   --- storage_sstore_k100_run4 (pbt) write-offset=400000000 K=100 ---
[2026-06-01 09:47:57]   [geth] Stopping (SIGTERM, waiting up to 120s for clean exit): 1073655
[2026-06-01 09:47:58]   [geth] exited cleanly after 1s
[2026-06-01 09:47:58]   [cache] OS page cache dropped
Fatal: Could not create the account: account already exists
[2026-06-01 09:47:58]   [geth] Starting (pbt, gd=5, cold=1, dev.period=1, 1tx/block)
[2026-06-01 09:47:58]   [geth] Waiting for RPC...
[2026-06-01 09:48:00]   [geth] RPC ready after 3s
[2026-06-01 09:48:00]   [bench] Running execute remote...
[2026-06-01 09:48:07]   [bench] exit=0 passed=1 failed=0
0 missing_trie_node=0
0
[2026-06-01 09:48:07] 
[2026-06-01 09:48:07]   --- storage_sstore_k100_run5 (pbt) write-offset=500000000 K=100 ---
[2026-06-01 09:48:07]   [geth] Stopping (SIGTERM, waiting up to 120s for clean exit): 1073730
[2026-06-01 09:48:08]   [geth] exited cleanly after 1s
[2026-06-01 09:48:08]   [cache] OS page cache dropped
Fatal: Could not create the account: account already exists
[2026-06-01 09:48:08]   [geth] Starting (pbt, gd=5, cold=1, dev.period=1, 1tx/block)
[2026-06-01 09:48:08]   [geth] Waiting for RPC...
[2026-06-01 09:48:10]   [geth] RPC ready after 3s
[2026-06-01 09:48:10]   [bench] Running execute remote...
[2026-06-01 09:48:16]   [bench] exit=0 passed=1 failed=0
0 missing_trie_node=0
0
[2026-06-01 09:48:16] 
[2026-06-01 09:48:16]   --- storage_sstore_k100_run6 (pbt) write-offset=600000000 K=100 ---
[2026-06-01 09:48:16]   [geth] Stopping (SIGTERM, waiting up to 120s for clean exit): 1073820
[2026-06-01 09:48:17]   [geth] exited cleanly after 1s
[2026-06-01 09:48:17]   [cache] OS page cache dropped
Fatal: Could not create the account: account already exists
[2026-06-01 09:48:17]   [geth] Starting (pbt, gd=5, cold=1, dev.period=1, 1tx/block)
[2026-06-01 09:48:17]   [geth] Waiting for RPC...
[2026-06-01 09:48:20]   [geth] RPC ready after 3s
[2026-06-01 09:48:20]   [bench] Running execute remote...
[2026-06-01 09:48:26]   [bench] exit=0 passed=1 failed=0
0 missing_trie_node=0
0
[2026-06-01 09:48:26] 
[2026-06-01 09:48:26]   --- storage_sstore_k100_run7 (pbt) write-offset=700000000 K=100 ---
[2026-06-01 09:48:26]   [geth] Stopping (SIGTERM, waiting up to 120s for clean exit): 1073896
[2026-06-01 09:48:27]   [geth] exited cleanly after 1s
[2026-06-01 09:48:27]   [cache] OS page cache dropped
Fatal: Could not create the account: account already exists
[2026-06-01 09:48:27]   [geth] Starting (pbt, gd=5, cold=1, dev.period=1, 1tx/block)
[2026-06-01 09:48:27]   [geth] Waiting for RPC...
[2026-06-01 09:48:29]   [geth] RPC ready after 3s
[2026-06-01 09:48:29]   [bench] Running execute remote...
[2026-06-01 09:48:35]   [bench] exit=0 passed=1 failed=0
0 missing_trie_node=0
0
[2026-06-01 09:48:35] 
[2026-06-01 09:48:35]   --- storage_sstore_k100_run8 (pbt) write-offset=800000000 K=100 ---
[2026-06-01 09:48:35]   [geth] Stopping (SIGTERM, waiting up to 120s for clean exit): 1073972
[2026-06-01 09:48:36]   [geth] exited cleanly after 1s
[2026-06-01 09:48:37]   [cache] OS page cache dropped
Fatal: Could not create the account: account already exists
[2026-06-01 09:48:37]   [geth] Starting (pbt, gd=5, cold=1, dev.period=1, 1tx/block)
[2026-06-01 09:48:37]   [geth] Waiting for RPC...
[2026-06-01 09:48:39]   [geth] RPC ready after 3s
[2026-06-01 09:48:39]   [bench] Running execute remote...
[2026-06-01 09:48:45]   [bench] exit=0 passed=1 failed=0
0 missing_trie_node=0
0
[2026-06-01 09:48:45] 
[2026-06-01 09:48:45]   --- storage_sstore_k100_run9 (pbt) write-offset=900000000 K=100 ---
[2026-06-01 09:48:45]   [geth] Stopping (SIGTERM, waiting up to 120s for clean exit): 1074045
[2026-06-01 09:48:46]   [geth] exited cleanly after 1s
[2026-06-01 09:48:46]   [cache] OS page cache dropped
Fatal: Could not create the account: account already exists
[2026-06-01 09:48:46]   [geth] Starting (pbt, gd=5, cold=1, dev.period=1, 1tx/block)
[2026-06-01 09:48:46]   [geth] Waiting for RPC...
[2026-06-01 09:48:48]   [geth] RPC ready after 3s
[2026-06-01 09:48:48]   [bench] Running execute remote...
[2026-06-01 09:48:54]   [bench] exit=0 passed=1 failed=0
0 missing_trie_node=0
0
[2026-06-01 09:48:54] 
[2026-06-01 09:48:54]   --- storage_sstore_k100_run10 (pbt) write-offset=1000000000 K=100 ---
[2026-06-01 09:48:54]   [geth] Stopping (SIGTERM, waiting up to 120s for clean exit): 1074121
[2026-06-01 09:48:55]   [geth] exited cleanly after 1s
[2026-06-01 09:48:55]   [cache] OS page cache dropped
Fatal: Could not create the account: account already exists
[2026-06-01 09:48:56]   [geth] Starting (pbt, gd=5, cold=1, dev.period=1, 1tx/block)
[2026-06-01 09:48:56]   [geth] Waiting for RPC...
[2026-06-01 09:48:58]   [geth] RPC ready after 3s
[2026-06-01 09:48:58]   [bench] Running execute remote...
[2026-06-01 09:49:04]   [bench] exit=0 passed=1 failed=0
0 missing_trie_node=0
0
[2026-06-01 09:49:04] 
[2026-06-01 09:49:04]   --- storage_sstore_k100_run11 (pbt) write-offset=1100000000 K=100 ---
[2026-06-01 09:49:04]   [geth] Stopping (SIGTERM, waiting up to 120s for clean exit): 1074198
[2026-06-01 09:49:05]   [geth] exited cleanly after 1s
[2026-06-01 09:49:05]   [cache] OS page cache dropped
Fatal: Could not create the account: account already exists
[2026-06-01 09:49:05]   [geth] Starting (pbt, gd=5, cold=1, dev.period=1, 1tx/block)
[2026-06-01 09:49:05]   [geth] Waiting for RPC...
[2026-06-01 09:49:07]   [geth] RPC ready after 3s
[2026-06-01 09:49:07]   [bench] Running execute remote...
[2026-06-01 09:49:13]   [bench] exit=0 passed=1 failed=0
0 missing_trie_node=0
0
[2026-06-01 09:49:13] 
[2026-06-01 09:49:13]   --- storage_sstore_k100_run12 (pbt) write-offset=1200000000 K=100 ---
[2026-06-01 09:49:13]   [geth] Stopping (SIGTERM, waiting up to 120s for clean exit): 1074275
[2026-06-01 09:49:14]   [geth] exited cleanly after 1s
[2026-06-01 09:49:14]   [cache] OS page cache dropped
Fatal: Could not create the account: account already exists
[2026-06-01 09:49:15]   [geth] Starting (pbt, gd=5, cold=1, dev.period=1, 1tx/block)
[2026-06-01 09:49:15]   [geth] Waiting for RPC...
[2026-06-01 09:49:17]   [geth] RPC ready after 3s
[2026-06-01 09:49:17]   [bench] Running execute remote...
[2026-06-01 09:49:23]   [bench] exit=0 passed=1 failed=0
0 missing_trie_node=0
0
[2026-06-01 09:49:23] 
[2026-06-01 09:49:23]   --- storage_sstore_k100_run13 (pbt) write-offset=1300000000 K=100 ---
[2026-06-01 09:49:23]   [geth] Stopping (SIGTERM, waiting up to 120s for clean exit): 1074350
[2026-06-01 09:49:24]   [geth] exited cleanly after 1s
[2026-06-01 09:49:24]   [cache] OS page cache dropped
Fatal: Could not create the account: account already exists
[2026-06-01 09:49:24]   [geth] Starting (pbt, gd=5, cold=1, dev.period=1, 1tx/block)
[2026-06-01 09:49:24]   [geth] Waiting for RPC...
[2026-06-01 09:49:26]   [geth] RPC ready after 3s
[2026-06-01 09:49:26]   [bench] Running execute remote...
[2026-06-01 09:49:33]   [bench] exit=0 passed=1 failed=0
0 missing_trie_node=0
0
[2026-06-01 09:49:33] 
[2026-06-01 09:49:33]   --- storage_sstore_k100_run14 (pbt) write-offset=1400000000 K=100 ---
[2026-06-01 09:49:33]   [geth] Stopping (SIGTERM, waiting up to 120s for clean exit): 1074465
[2026-06-01 09:49:34]   [geth] exited cleanly after 1s
[2026-06-01 09:49:34]   [cache] OS page cache dropped
Fatal: Could not create the account: account already exists
[2026-06-01 09:49:34]   [geth] Starting (pbt, gd=5, cold=1, dev.period=1, 1tx/block)
[2026-06-01 09:49:34]   [geth] Waiting for RPC...
[2026-06-01 09:49:36]   [geth] RPC ready after 3s
[2026-06-01 09:49:36]   [bench] Running execute remote...
[2026-06-01 09:49:42]   [bench] exit=0 passed=1 failed=0
0 missing_trie_node=0
0
[2026-06-01 09:49:42] 
[2026-06-01 09:49:42]   --- storage_sstore_k100_run15 (pbt) write-offset=1500000000 K=100 ---
[2026-06-01 09:49:42]   [geth] Stopping (SIGTERM, waiting up to 120s for clean exit): 1074540
[2026-06-01 09:49:43]   [geth] exited cleanly after 1s
[2026-06-01 09:49:43]   [cache] OS page cache dropped
Fatal: Could not create the account: account already exists
[2026-06-01 09:49:43]   [geth] Starting (pbt, gd=5, cold=1, dev.period=1, 1tx/block)
[2026-06-01 09:49:43]   [geth] Waiting for RPC...
[2026-06-01 09:49:45]   [geth] RPC ready after 3s
[2026-06-01 09:49:45]   [bench] Running execute remote...
[2026-06-01 09:49:52]   [bench] exit=0 passed=1 failed=0
0 missing_trie_node=0
0
[2026-06-01 09:49:52] 
[2026-06-01 09:49:52]   --- storage_sstore_k100_run16 (pbt) write-offset=1600000000 K=100 ---
[2026-06-01 09:49:52]   [geth] Stopping (SIGTERM, waiting up to 120s for clean exit): 1074613
[2026-06-01 09:49:53]   [geth] exited cleanly after 1s
[2026-06-01 09:49:53]   [cache] OS page cache dropped
Fatal: Could not create the account: account already exists
[2026-06-01 09:49:53]   [geth] Starting (pbt, gd=5, cold=1, dev.period=1, 1tx/block)
[2026-06-01 09:49:53]   [geth] Waiting for RPC...
[2026-06-01 09:49:55]   [geth] RPC ready after 3s
[2026-06-01 09:49:55]   [bench] Running execute remote...
[2026-06-01 09:50:01]   [bench] exit=0 passed=1 failed=0
0 missing_trie_node=0
0
[2026-06-01 09:50:01] 
[2026-06-01 09:50:01]   --- storage_sstore_k100_run17 (pbt) write-offset=1700000000 K=100 ---
[2026-06-01 09:50:01]   [geth] Stopping (SIGTERM, waiting up to 120s for clean exit): 1074691
[2026-06-01 09:50:02]   [geth] exited cleanly after 1s
[2026-06-01 09:50:02]   [cache] OS page cache dropped
Fatal: Could not create the account: account already exists
[2026-06-01 09:50:02]   [geth] Starting (pbt, gd=5, cold=1, dev.period=1, 1tx/block)
[2026-06-01 09:50:02]   [geth] Waiting for RPC...
[2026-06-01 09:50:05]   [geth] RPC ready after 3s
[2026-06-01 09:50:05]   [bench] Running execute remote...
[2026-06-01 09:50:11]   [bench] exit=0 passed=1 failed=0
0 missing_trie_node=0
0
[2026-06-01 09:50:11] 
[2026-06-01 09:50:11]   --- storage_sstore_k100_run18 (pbt) write-offset=1800000000 K=100 ---
[2026-06-01 09:50:11]   [geth] Stopping (SIGTERM, waiting up to 120s for clean exit): 1074765
[2026-06-01 09:50:12]   [geth] exited cleanly after 1s
[2026-06-01 09:50:12]   [cache] OS page cache dropped
Fatal: Could not create the account: account already exists
[2026-06-01 09:50:12]   [geth] Starting (pbt, gd=5, cold=1, dev.period=1, 1tx/block)
[2026-06-01 09:50:12]   [geth] Waiting for RPC...
[2026-06-01 09:50:14]   [geth] RPC ready after 3s
[2026-06-01 09:50:14]   [bench] Running execute remote...
[2026-06-01 09:50:20]   [bench] exit=0 passed=1 failed=0
0 missing_trie_node=0
0
[2026-06-01 09:50:20] 
[2026-06-01 09:50:20]   --- storage_sstore_k100_run19 (pbt) write-offset=1900000000 K=100 ---
[2026-06-01 09:50:20]   [geth] Stopping (SIGTERM, waiting up to 120s for clean exit): 1074844
[2026-06-01 09:50:21]   [geth] exited cleanly after 1s
[2026-06-01 09:50:22]   [cache] OS page cache dropped
Fatal: Could not create the account: account already exists
[2026-06-01 09:50:22]   [geth] Starting (pbt, gd=5, cold=1, dev.period=1, 1tx/block)
[2026-06-01 09:50:22]   [geth] Waiting for RPC...
[2026-06-01 09:50:24]   [geth] RPC ready after 3s
[2026-06-01 09:50:24]   [bench] Running execute remote...
[2026-06-01 09:50:30]   [bench] exit=0 passed=1 failed=0
0 missing_trie_node=0
0
[2026-06-01 09:50:30] 
[2026-06-01 09:50:30]   --- storage_sstore_k100_run20 (pbt) write-offset=2000000000 K=100 ---
[2026-06-01 09:50:30]   [geth] Stopping (SIGTERM, waiting up to 120s for clean exit): 1074920
[2026-06-01 09:50:31]   [geth] exited cleanly after 1s
[2026-06-01 09:50:31]   [cache] OS page cache dropped
Fatal: Could not create the account: account already exists
[2026-06-01 09:50:31]   [geth] Starting (pbt, gd=5, cold=1, dev.period=1, 1tx/block)
[2026-06-01 09:50:31]   [geth] Waiting for RPC...
[2026-06-01 09:50:33]   [geth] RPC ready after 3s
[2026-06-01 09:50:33]   [bench] Running execute remote...
[2026-06-01 09:50:40]   [bench] exit=0 passed=1 failed=0
0 missing_trie_node=0
0
[2026-06-01 09:50:40] 
[2026-06-01 09:50:40]   ── BENCHMARK: storage_sstore_k256 (pool=256 contracts; effective K=256)
[2026-06-01 09:50:40] 
[2026-06-01 09:50:40]   --- storage_sstore_k256_run1 (pbt) write-offset=100000000 K=256 ---
[2026-06-01 09:50:40]   [geth] Stopping (SIGTERM, waiting up to 120s for clean exit): 1074995
[2026-06-01 09:50:41]   [geth] exited cleanly after 1s
[2026-06-01 09:50:41]   [cache] OS page cache dropped
Fatal: Could not create the account: account already exists
[2026-06-01 09:50:41]   [geth] Starting (pbt, gd=5, cold=1, dev.period=1, 1tx/block)
[2026-06-01 09:50:41]   [geth] Waiting for RPC...
[2026-06-01 09:50:43]   [geth] RPC ready after 3s
[2026-06-01 09:50:43]   [bench] Running execute remote...
[2026-06-01 09:50:49]   [bench] exit=0 passed=1 failed=0
0 missing_trie_node=0
0
[2026-06-01 09:50:49] 
[2026-06-01 09:50:49]   --- storage_sstore_k256_run2 (pbt) write-offset=200000000 K=256 ---
[2026-06-01 09:50:49]   [geth] Stopping (SIGTERM, waiting up to 120s for clean exit): 1075104
[2026-06-01 09:50:50]   [geth] exited cleanly after 1s
[2026-06-01 09:50:50]   [cache] OS page cache dropped
Fatal: Could not create the account: account already exists
[2026-06-01 09:50:50]   [geth] Starting (pbt, gd=5, cold=1, dev.period=1, 1tx/block)
[2026-06-01 09:50:50]   [geth] Waiting for RPC...
[2026-06-01 09:50:52]   [geth] RPC ready after 3s
[2026-06-01 09:50:52]   [bench] Running execute remote...
[2026-06-01 09:50:59]   [bench] exit=0 passed=1 failed=0
0 missing_trie_node=0
0
[2026-06-01 09:50:59] 
[2026-06-01 09:50:59]   --- storage_sstore_k256_run3 (pbt) write-offset=300000000 K=256 ---
[2026-06-01 09:50:59]   [geth] Stopping (SIGTERM, waiting up to 120s for clean exit): 1075178
[2026-06-01 09:51:00]   [geth] exited cleanly after 1s
[2026-06-01 09:51:00]   [cache] OS page cache dropped
Fatal: Could not create the account: account already exists
[2026-06-01 09:51:00]   [geth] Starting (pbt, gd=5, cold=1, dev.period=1, 1tx/block)
[2026-06-01 09:51:00]   [geth] Waiting for RPC...
[2026-06-01 09:51:02]   [geth] RPC ready after 3s
[2026-06-01 09:51:02]   [bench] Running execute remote...
[2026-06-01 09:51:08]   [bench] exit=0 passed=1 failed=0
0 missing_trie_node=0
0
[2026-06-01 09:51:08] 
[2026-06-01 09:51:08]   --- storage_sstore_k256_run4 (pbt) write-offset=400000000 K=256 ---
[2026-06-01 09:51:09]   [geth] Stopping (SIGTERM, waiting up to 120s for clean exit): 1075255
[2026-06-01 09:51:10]   [geth] exited cleanly after 1s
[2026-06-01 09:51:10]   [cache] OS page cache dropped
Fatal: Could not create the account: account already exists
[2026-06-01 09:51:10]   [geth] Starting (pbt, gd=5, cold=1, dev.period=1, 1tx/block)
[2026-06-01 09:51:10]   [geth] Waiting for RPC...
[2026-06-01 09:51:12]   [geth] RPC ready after 3s
[2026-06-01 09:51:12]   [bench] Running execute remote...
[2026-06-01 09:51:18]   [bench] exit=0 passed=1 failed=0
0 missing_trie_node=0
0
[2026-06-01 09:51:18] 
[2026-06-01 09:51:18]   --- storage_sstore_k256_run5 (pbt) write-offset=500000000 K=256 ---
[2026-06-01 09:51:18]   [geth] Stopping (SIGTERM, waiting up to 120s for clean exit): 1075333
[2026-06-01 09:51:19]   [geth] exited cleanly after 1s
[2026-06-01 09:51:19]   [cache] OS page cache dropped
Fatal: Could not create the account: account already exists
[2026-06-01 09:51:19]   [geth] Starting (pbt, gd=5, cold=1, dev.period=1, 1tx/block)
[2026-06-01 09:51:19]   [geth] Waiting for RPC...
[2026-06-01 09:51:21]   [geth] RPC ready after 3s
[2026-06-01 09:51:21]   [bench] Running execute remote...
[2026-06-01 09:51:28]   [bench] exit=0 passed=1 failed=0
0 missing_trie_node=0
0
[2026-06-01 09:51:28] 
[2026-06-01 09:51:28]   --- storage_sstore_k256_run6 (pbt) write-offset=600000000 K=256 ---
[2026-06-01 09:51:28]   [geth] Stopping (SIGTERM, waiting up to 120s for clean exit): 1075408
[2026-06-01 09:51:29]   [geth] exited cleanly after 1s
[2026-06-01 09:51:29]   [cache] OS page cache dropped
Fatal: Could not create the account: account already exists
[2026-06-01 09:51:29]   [geth] Starting (pbt, gd=5, cold=1, dev.period=1, 1tx/block)
[2026-06-01 09:51:29]   [geth] Waiting for RPC...
[2026-06-01 09:51:31]   [geth] RPC ready after 3s
[2026-06-01 09:51:31]   [bench] Running execute remote...
[2026-06-01 09:51:37]   [bench] exit=0 passed=1 failed=0
0 missing_trie_node=0
0
[2026-06-01 09:51:37] 
[2026-06-01 09:51:37]   --- storage_sstore_k256_run7 (pbt) write-offset=700000000 K=256 ---
[2026-06-01 09:51:37]   [geth] Stopping (SIGTERM, waiting up to 120s for clean exit): 1075486
[2026-06-01 09:51:38]   [geth] exited cleanly after 1s
[2026-06-01 09:51:38]   [cache] OS page cache dropped
Fatal: Could not create the account: account already exists
[2026-06-01 09:51:38]   [geth] Starting (pbt, gd=5, cold=1, dev.period=1, 1tx/block)
[2026-06-01 09:51:39]   [geth] Waiting for RPC...
[2026-06-01 09:51:41]   [geth] RPC ready after 3s
[2026-06-01 09:51:41]   [bench] Running execute remote...
[2026-06-01 09:51:47]   [bench] exit=0 passed=1 failed=0
0 missing_trie_node=0
0
[2026-06-01 09:51:47] 
[2026-06-01 09:51:47]   --- storage_sstore_k256_run8 (pbt) write-offset=800000000 K=256 ---
[2026-06-01 09:51:47]   [geth] Stopping (SIGTERM, waiting up to 120s for clean exit): 1075563
[2026-06-01 09:51:48]   [geth] exited cleanly after 1s
[2026-06-01 09:51:48]   [cache] OS page cache dropped
Fatal: Could not create the account: account already exists
[2026-06-01 09:51:48]   [geth] Starting (pbt, gd=5, cold=1, dev.period=1, 1tx/block)
[2026-06-01 09:51:48]   [geth] Waiting for RPC...
[2026-06-01 09:51:50]   [geth] RPC ready after 3s
[2026-06-01 09:51:50]   [bench] Running execute remote...
[2026-06-01 09:51:56]   [bench] exit=0 passed=1 failed=0
0 missing_trie_node=0
0
[2026-06-01 09:51:56] 
[2026-06-01 09:51:56]   --- storage_sstore_k256_run9 (pbt) write-offset=900000000 K=256 ---
[2026-06-01 09:51:56]   [geth] Stopping (SIGTERM, waiting up to 120s for clean exit): 1075638
[2026-06-01 09:51:57]   [geth] exited cleanly after 1s
[2026-06-01 09:51:58]   [cache] OS page cache dropped
Fatal: Could not create the account: account already exists
[2026-06-01 09:51:58]   [geth] Starting (pbt, gd=5, cold=1, dev.period=1, 1tx/block)
[2026-06-01 09:51:58]   [geth] Waiting for RPC...
[2026-06-01 09:52:00]   [geth] RPC ready after 3s
[2026-06-01 09:52:00]   [bench] Running execute remote...
[2026-06-01 09:52:06]   [bench] exit=0 passed=1 failed=0
0 missing_trie_node=0
0
[2026-06-01 09:52:06] 
[2026-06-01 09:52:06]   --- storage_sstore_k256_run10 (pbt) write-offset=1000000000 K=256 ---
[2026-06-01 09:52:06]   [geth] Stopping (SIGTERM, waiting up to 120s for clean exit): 1075712
[2026-06-01 09:52:07]   [geth] exited cleanly after 1s
[2026-06-01 09:52:07]   [cache] OS page cache dropped
Fatal: Could not create the account: account already exists
[2026-06-01 09:52:07]   [geth] Starting (pbt, gd=5, cold=1, dev.period=1, 1tx/block)
[2026-06-01 09:52:07]   [geth] Waiting for RPC...
[2026-06-01 09:52:09]   [geth] RPC ready after 3s
[2026-06-01 09:52:09]   [bench] Running execute remote...
[2026-06-01 09:52:16]   [bench] exit=0 passed=1 failed=0
0 missing_trie_node=0
0
[2026-06-01 09:52:16] 
[2026-06-01 09:52:16]   --- storage_sstore_k256_run11 (pbt) write-offset=1100000000 K=256 ---
[2026-06-01 09:52:16]   [geth] Stopping (SIGTERM, waiting up to 120s for clean exit): 1075787
[2026-06-01 09:52:17]   [geth] exited cleanly after 1s
[2026-06-01 09:52:17]   [cache] OS page cache dropped
Fatal: Could not create the account: account already exists
[2026-06-01 09:52:17]   [geth] Starting (pbt, gd=5, cold=1, dev.period=1, 1tx/block)
[2026-06-01 09:52:17]   [geth] Waiting for RPC...
[2026-06-01 09:52:19]   [geth] RPC ready after 3s
[2026-06-01 09:52:19]   [bench] Running execute remote...
[2026-06-01 09:52:26]   [bench] exit=0 passed=1 failed=0
0 missing_trie_node=0
0
[2026-06-01 09:52:26] 
[2026-06-01 09:52:26]   --- storage_sstore_k256_run12 (pbt) write-offset=1200000000 K=256 ---
[2026-06-01 09:52:26]   [geth] Stopping (SIGTERM, waiting up to 120s for clean exit): 1075863
[2026-06-01 09:52:27]   [geth] exited cleanly after 1s
[2026-06-01 09:52:27]   [cache] OS page cache dropped
Fatal: Could not create the account: account already exists
[2026-06-01 09:52:27]   [geth] Starting (pbt, gd=5, cold=1, dev.period=1, 1tx/block)
[2026-06-01 09:52:27]   [geth] Waiting for RPC...
[2026-06-01 09:52:29]   [geth] RPC ready after 3s
[2026-06-01 09:52:29]   [bench] Running execute remote...
[2026-06-01 09:52:36]   [bench] exit=0 passed=1 failed=0
0 missing_trie_node=0
0
[2026-06-01 09:52:36] 
[2026-06-01 09:52:36]   --- storage_sstore_k256_run13 (pbt) write-offset=1300000000 K=256 ---
[2026-06-01 09:52:36]   [geth] Stopping (SIGTERM, waiting up to 120s for clean exit): 1075939
[2026-06-01 09:52:37]   [geth] exited cleanly after 1s
[2026-06-01 09:52:37]   [cache] OS page cache dropped
Fatal: Could not create the account: account already exists
[2026-06-01 09:52:37]   [geth] Starting (pbt, gd=5, cold=1, dev.period=1, 1tx/block)
[2026-06-01 09:52:37]   [geth] Waiting for RPC...
[2026-06-01 09:52:39]   [geth] RPC ready after 3s
[2026-06-01 09:52:39]   [bench] Running execute remote...
[2026-06-01 09:52:45]   [bench] exit=0 passed=1 failed=0
0 missing_trie_node=0
0
[2026-06-01 09:52:45] 
[2026-06-01 09:52:45]   --- storage_sstore_k256_run14 (pbt) write-offset=1400000000 K=256 ---
[2026-06-01 09:52:45]   [geth] Stopping (SIGTERM, waiting up to 120s for clean exit): 1076015
[2026-06-01 09:52:46]   [geth] exited cleanly after 1s
[2026-06-01 09:52:46]   [cache] OS page cache dropped
Fatal: Could not create the account: account already exists
[2026-06-01 09:52:46]   [geth] Starting (pbt, gd=5, cold=1, dev.period=1, 1tx/block)
[2026-06-01 09:52:46]   [geth] Waiting for RPC...
[2026-06-01 09:52:49]   [geth] RPC ready after 3s
[2026-06-01 09:52:49]   [bench] Running execute remote...
[2026-06-01 09:52:55]   [bench] exit=0 passed=1 failed=0
0 missing_trie_node=0
0
[2026-06-01 09:52:55] 
[2026-06-01 09:52:55]   --- storage_sstore_k256_run15 (pbt) write-offset=1500000000 K=256 ---
[2026-06-01 09:52:55]   [geth] Stopping (SIGTERM, waiting up to 120s for clean exit): 1076090
[2026-06-01 09:52:56]   [geth] exited cleanly after 1s
[2026-06-01 09:52:56]   [cache] OS page cache dropped
Fatal: Could not create the account: account already exists
[2026-06-01 09:52:56]   [geth] Starting (pbt, gd=5, cold=1, dev.period=1, 1tx/block)
[2026-06-01 09:52:56]   [geth] Waiting for RPC...
[2026-06-01 09:52:58]   [geth] RPC ready after 3s
[2026-06-01 09:52:58]   [bench] Running execute remote...
[2026-06-01 09:53:04]   [bench] exit=0 passed=1 failed=0
0 missing_trie_node=0
0
[2026-06-01 09:53:04] 
[2026-06-01 09:53:04]   --- storage_sstore_k256_run16 (pbt) write-offset=1600000000 K=256 ---
[2026-06-01 09:53:04]   [geth] Stopping (SIGTERM, waiting up to 120s for clean exit): 1076164
[2026-06-01 09:53:05]   [geth] exited cleanly after 1s
[2026-06-01 09:53:06]   [cache] OS page cache dropped
Fatal: Could not create the account: account already exists
[2026-06-01 09:53:06]   [geth] Starting (pbt, gd=5, cold=1, dev.period=1, 1tx/block)
[2026-06-01 09:53:06]   [geth] Waiting for RPC...
[2026-06-01 09:53:08]   [geth] RPC ready after 3s
[2026-06-01 09:53:08]   [bench] Running execute remote...
[2026-06-01 09:53:14]   [bench] exit=0 passed=1 failed=0
0 missing_trie_node=0
0
[2026-06-01 09:53:14] 
[2026-06-01 09:53:14]   --- storage_sstore_k256_run17 (pbt) write-offset=1700000000 K=256 ---
[2026-06-01 09:53:14]   [geth] Stopping (SIGTERM, waiting up to 120s for clean exit): 1076239
[2026-06-01 09:53:15]   [geth] exited cleanly after 1s
[2026-06-01 09:53:15]   [cache] OS page cache dropped
Fatal: Could not create the account: account already exists
[2026-06-01 09:53:15]   [geth] Starting (pbt, gd=5, cold=1, dev.period=1, 1tx/block)
[2026-06-01 09:53:15]   [geth] Waiting for RPC...
[2026-06-01 09:53:17]   [geth] RPC ready after 3s
[2026-06-01 09:53:17]   [bench] Running execute remote...
[2026-06-01 09:53:23]   [bench] exit=0 passed=1 failed=0
0 missing_trie_node=0
0
[2026-06-01 09:53:23] 
[2026-06-01 09:53:23]   --- storage_sstore_k256_run18 (pbt) write-offset=1800000000 K=256 ---
[2026-06-01 09:53:23]   [geth] Stopping (SIGTERM, waiting up to 120s for clean exit): 1076316
[2026-06-01 09:53:24]   [geth] exited cleanly after 1s
[2026-06-01 09:53:25]   [cache] OS page cache dropped
Fatal: Could not create the account: account already exists
[2026-06-01 09:53:25]   [geth] Starting (pbt, gd=5, cold=1, dev.period=1, 1tx/block)
[2026-06-01 09:53:25]   [geth] Waiting for RPC...
[2026-06-01 09:53:27]   [geth] RPC ready after 3s
[2026-06-01 09:53:27]   [bench] Running execute remote...
[2026-06-01 09:53:33]   [bench] exit=0 passed=1 failed=0
0 missing_trie_node=0
0
[2026-06-01 09:53:33] 
[2026-06-01 09:53:33]   --- storage_sstore_k256_run19 (pbt) write-offset=1900000000 K=256 ---
[2026-06-01 09:53:33]   [geth] Stopping (SIGTERM, waiting up to 120s for clean exit): 1076392
[2026-06-01 09:53:34]   [geth] exited cleanly after 1s
[2026-06-01 09:53:34]   [cache] OS page cache dropped
Fatal: Could not create the account: account already exists
[2026-06-01 09:53:34]   [geth] Starting (pbt, gd=5, cold=1, dev.period=1, 1tx/block)
[2026-06-01 09:53:34]   [geth] Waiting for RPC...
[2026-06-01 09:53:36]   [geth] RPC ready after 3s
[2026-06-01 09:53:36]   [bench] Running execute remote...
[2026-06-01 09:53:43]   [bench] exit=0 passed=1 failed=0
0 missing_trie_node=0
0
[2026-06-01 09:53:43] 
[2026-06-01 09:53:43]   --- storage_sstore_k256_run20 (pbt) write-offset=2000000000 K=256 ---
[2026-06-01 09:53:43]   [geth] Stopping (SIGTERM, waiting up to 120s for clean exit): 1076467
[2026-06-01 09:53:44]   [geth] exited cleanly after 1s
[2026-06-01 09:53:44]   [cache] OS page cache dropped
Fatal: Could not create the account: account already exists
[2026-06-01 09:53:44]   [geth] Starting (pbt, gd=5, cold=1, dev.period=1, 1tx/block)
[2026-06-01 09:53:44]   [geth] Waiting for RPC...
[2026-06-01 09:53:46]   [geth] RPC ready after 3s
[2026-06-01 09:53:46]   [bench] Running execute remote...
[2026-06-01 09:53:52]   [bench] exit=0 passed=1 failed=0
0 missing_trie_node=0
0
[2026-06-01 09:53:52] 
[2026-06-01 09:53:52]   ── BENCHMARK: storage_mixed_k1 (pool=256 contracts; effective K=1)
[2026-06-01 09:53:52] 
[2026-06-01 09:53:52]   --- storage_mixed_k1_run1 (pbt) write-offset=100000000 K=1 ---
[2026-06-01 09:53:52]   [geth] Stopping (SIGTERM, waiting up to 120s for clean exit): 1076558
[2026-06-01 09:53:53]   [geth] exited cleanly after 1s
[2026-06-01 09:53:54]   [cache] OS page cache dropped
Fatal: Could not create the account: account already exists
[2026-06-01 09:53:54]   [geth] Starting (pbt, gd=5, cold=1, dev.period=1, 1tx/block)
[2026-06-01 09:53:54]   [geth] Waiting for RPC...
[2026-06-01 09:53:56]   [geth] RPC ready after 3s
[2026-06-01 09:53:56]   [bench] Running execute remote...
[2026-06-01 09:54:02]   [bench] exit=0 passed=1 failed=0
0 missing_trie_node=0
0
[2026-06-01 09:54:02] 
[2026-06-01 09:54:02]   --- storage_mixed_k1_run2 (pbt) write-offset=200000000 K=1 ---
[2026-06-01 09:54:02]   [geth] Stopping (SIGTERM, waiting up to 120s for clean exit): 1076658
[2026-06-01 09:54:03]   [geth] exited cleanly after 1s
[2026-06-01 09:54:03]   [cache] OS page cache dropped
Fatal: Could not create the account: account already exists
[2026-06-01 09:54:03]   [geth] Starting (pbt, gd=5, cold=1, dev.period=1, 1tx/block)
[2026-06-01 09:54:03]   [geth] Waiting for RPC...
[2026-06-01 09:54:05]   [geth] RPC ready after 3s
[2026-06-01 09:54:05]   [bench] Running execute remote...
[2026-06-01 09:54:12]   [bench] exit=0 passed=1 failed=0
0 missing_trie_node=0
0
[2026-06-01 09:54:12] 
[2026-06-01 09:54:12]   --- storage_mixed_k1_run3 (pbt) write-offset=300000000 K=1 ---
[2026-06-01 09:54:12]   [geth] Stopping (SIGTERM, waiting up to 120s for clean exit): 1076731
[2026-06-01 09:54:13]   [geth] exited cleanly after 1s
[2026-06-01 09:54:13]   [cache] OS page cache dropped
Fatal: Could not create the account: account already exists
[2026-06-01 09:54:13]   [geth] Starting (pbt, gd=5, cold=1, dev.period=1, 1tx/block)
[2026-06-01 09:54:13]   [geth] Waiting for RPC...
[2026-06-01 09:54:15]   [geth] RPC ready after 3s
[2026-06-01 09:54:15]   [bench] Running execute remote...
[2026-06-01 09:54:21]   [bench] exit=0 passed=1 failed=0
0 missing_trie_node=0
0
[2026-06-01 09:54:21] 
[2026-06-01 09:54:21]   --- storage_mixed_k1_run4 (pbt) write-offset=400000000 K=1 ---
[2026-06-01 09:54:21]   [geth] Stopping (SIGTERM, waiting up to 120s for clean exit): 1076811
[2026-06-01 09:54:22]   [geth] exited cleanly after 1s
[2026-06-01 09:54:22]   [cache] OS page cache dropped
Fatal: Could not create the account: account already exists
[2026-06-01 09:54:22]   [geth] Starting (pbt, gd=5, cold=1, dev.period=1, 1tx/block)
[2026-06-01 09:54:22]   [geth] Waiting for RPC...
[2026-06-01 09:54:25]   [geth] RPC ready after 3s
[2026-06-01 09:54:25]   [bench] Running execute remote...
[2026-06-01 09:54:32]   [bench] exit=0 passed=1 failed=0
0 missing_trie_node=0
0
[2026-06-01 09:54:32] 
[2026-06-01 09:54:32]   --- storage_mixed_k1_run5 (pbt) write-offset=500000000 K=1 ---
[2026-06-01 09:54:32]   [geth] Stopping (SIGTERM, waiting up to 120s for clean exit): 1076887
[2026-06-01 09:54:33]   [geth] exited cleanly after 1s
[2026-06-01 09:54:33]   [cache] OS page cache dropped
Fatal: Could not create the account: account already exists
[2026-06-01 09:54:33]   [geth] Starting (pbt, gd=5, cold=1, dev.period=1, 1tx/block)
[2026-06-01 09:54:33]   [geth] Waiting for RPC...
[2026-06-01 09:54:35]   [geth] RPC ready after 3s
[2026-06-01 09:54:35]   [bench] Running execute remote...
[2026-06-01 09:54:41]   [bench] exit=0 passed=1 failed=0
0 missing_trie_node=0
0
[2026-06-01 09:54:41] 
[2026-06-01 09:54:41]   --- storage_mixed_k1_run6 (pbt) write-offset=600000000 K=1 ---
[2026-06-01 09:54:41]   [geth] Stopping (SIGTERM, waiting up to 120s for clean exit): 1077007
[2026-06-01 09:54:42]   [geth] exited cleanly after 1s
[2026-06-01 09:54:43]   [cache] OS page cache dropped
Fatal: Could not create the account: account already exists
[2026-06-01 09:54:43]   [geth] Starting (pbt, gd=5, cold=1, dev.period=1, 1tx/block)
[2026-06-01 09:54:43]   [geth] Waiting for RPC...
[2026-06-01 09:54:45]   [geth] RPC ready after 3s
[2026-06-01 09:54:45]   [bench] Running execute remote...
[2026-06-01 09:54:51]   [bench] exit=0 passed=1 failed=0
0 missing_trie_node=0
0
[2026-06-01 09:54:51] 
[2026-06-01 09:54:51]   --- storage_mixed_k1_run7 (pbt) write-offset=700000000 K=1 ---
[2026-06-01 09:54:51]   [geth] Stopping (SIGTERM, waiting up to 120s for clean exit): 1077162
[2026-06-01 09:54:52]   [geth] exited cleanly after 1s
[2026-06-01 09:54:52]   [cache] OS page cache dropped
Fatal: Could not create the account: account already exists
[2026-06-01 09:54:52]   [geth] Starting (pbt, gd=5, cold=1, dev.period=1, 1tx/block)
[2026-06-01 09:54:52]   [geth] Waiting for RPC...
[2026-06-01 09:54:54]   [geth] RPC ready after 3s
[2026-06-01 09:54:54]   [bench] Running execute remote...
[2026-06-01 09:55:01]   [bench] exit=0 passed=1 failed=0
0 missing_trie_node=0
0
[2026-06-01 09:55:01] 
[2026-06-01 09:55:01]   --- storage_mixed_k1_run8 (pbt) write-offset=800000000 K=1 ---
[2026-06-01 09:55:01]   [geth] Stopping (SIGTERM, waiting up to 120s for clean exit): 1077283
[2026-06-01 09:55:02]   [geth] exited cleanly after 1s
[2026-06-01 09:55:02]   [cache] OS page cache dropped
Fatal: Could not create the account: account already exists
[2026-06-01 09:55:02]   [geth] Starting (pbt, gd=5, cold=1, dev.period=1, 1tx/block)
[2026-06-01 09:55:02]   [geth] Waiting for RPC...
[2026-06-01 09:55:04]   [geth] RPC ready after 3s
[2026-06-01 09:55:04]   [bench] Running execute remote...
[2026-06-01 09:55:11]   [bench] exit=0 passed=1 failed=0
0 missing_trie_node=0
0
[2026-06-01 09:55:11] 
[2026-06-01 09:55:11]   --- storage_mixed_k1_run9 (pbt) write-offset=900000000 K=1 ---
[2026-06-01 09:55:11]   [geth] Stopping (SIGTERM, waiting up to 120s for clean exit): 1077487
[2026-06-01 09:55:12]   [geth] exited cleanly after 1s
[2026-06-01 09:55:12]   [cache] OS page cache dropped
Fatal: Could not create the account: account already exists
[2026-06-01 09:55:12]   [geth] Starting (pbt, gd=5, cold=1, dev.period=1, 1tx/block)
[2026-06-01 09:55:12]   [geth] Waiting for RPC...
[2026-06-01 09:55:14]   [geth] RPC ready after 3s
[2026-06-01 09:55:14]   [bench] Running execute remote...
[2026-06-01 09:55:20]   [bench] exit=0 passed=1 failed=0
0 missing_trie_node=0
0
[2026-06-01 09:55:20] 
[2026-06-01 09:55:20]   --- storage_mixed_k1_run10 (pbt) write-offset=1000000000 K=1 ---
[2026-06-01 09:55:20]   [geth] Stopping (SIGTERM, waiting up to 120s for clean exit): 1077651
[2026-06-01 09:55:21]   [geth] exited cleanly after 1s
[2026-06-01 09:55:22]   [cache] OS page cache dropped
Fatal: Could not create the account: account already exists
[2026-06-01 09:55:22]   [geth] Starting (pbt, gd=5, cold=1, dev.period=1, 1tx/block)
[2026-06-01 09:55:22]   [geth] Waiting for RPC...
[2026-06-01 09:55:24]   [geth] RPC ready after 3s
[2026-06-01 09:55:24]   [bench] Running execute remote...
[2026-06-01 09:55:30]   [bench] exit=0 passed=1 failed=0
0 missing_trie_node=0
0
[2026-06-01 09:55:30] 
[2026-06-01 09:55:30]   --- storage_mixed_k1_run11 (pbt) write-offset=1100000000 K=1 ---
[2026-06-01 09:55:30]   [geth] Stopping (SIGTERM, waiting up to 120s for clean exit): 1077821
[2026-06-01 09:55:31]   [geth] exited cleanly after 1s
[2026-06-01 09:55:31]   [cache] OS page cache dropped
Fatal: Could not create the account: account already exists
[2026-06-01 09:55:31]   [geth] Starting (pbt, gd=5, cold=1, dev.period=1, 1tx/block)
[2026-06-01 09:55:31]   [geth] Waiting for RPC...
[2026-06-01 09:55:33]   [geth] RPC ready after 3s
[2026-06-01 09:55:33]   [bench] Running execute remote...
[2026-06-01 09:55:41]   [bench] exit=0 passed=1 failed=0
0 missing_trie_node=0
0
[2026-06-01 09:55:41] 
[2026-06-01 09:55:41]   --- storage_mixed_k1_run12 (pbt) write-offset=1200000000 K=1 ---
[2026-06-01 09:55:41]   [geth] Stopping (SIGTERM, waiting up to 120s for clean exit): 1077918
[2026-06-01 09:55:42]   [geth] exited cleanly after 1s
[2026-06-01 09:55:42]   [cache] OS page cache dropped
Fatal: Could not create the account: account already exists
[2026-06-01 09:55:42]   [geth] Starting (pbt, gd=5, cold=1, dev.period=1, 1tx/block)
[2026-06-01 09:55:42]   [geth] Waiting for RPC...
[2026-06-01 09:55:44]   [geth] RPC ready after 3s
[2026-06-01 09:55:44]   [bench] Running execute remote...
[2026-06-01 09:55:50]   [bench] exit=0 passed=1 failed=0
0 missing_trie_node=0
0
[2026-06-01 09:55:50] 
[2026-06-01 09:55:50]   --- storage_mixed_k1_run13 (pbt) write-offset=1300000000 K=1 ---
[2026-06-01 09:55:50]   [geth] Stopping (SIGTERM, waiting up to 120s for clean exit): 1077992
[2026-06-01 09:55:51]   [geth] exited cleanly after 1s
[2026-06-01 09:55:52]   [cache] OS page cache dropped
Fatal: Could not create the account: account already exists
[2026-06-01 09:55:52]   [geth] Starting (pbt, gd=5, cold=1, dev.period=1, 1tx/block)
[2026-06-01 09:55:52]   [geth] Waiting for RPC...
[2026-06-01 09:55:54]   [geth] RPC ready after 3s
[2026-06-01 09:55:54]   [bench] Running execute remote...
[2026-06-01 09:56:01]   [bench] exit=0 passed=1 failed=0
0 missing_trie_node=0
0
[2026-06-01 09:56:01] 
[2026-06-01 09:56:01]   --- storage_mixed_k1_run14 (pbt) write-offset=1400000000 K=1 ---
[2026-06-01 09:56:01]   [geth] Stopping (SIGTERM, waiting up to 120s for clean exit): 1078066
[2026-06-01 09:56:02]   [geth] exited cleanly after 1s
[2026-06-01 09:56:02]   [cache] OS page cache dropped
Fatal: Could not create the account: account already exists
[2026-06-01 09:56:02]   [geth] Starting (pbt, gd=5, cold=1, dev.period=1, 1tx/block)
[2026-06-01 09:56:02]   [geth] Waiting for RPC...
[2026-06-01 09:56:04]   [geth] RPC ready after 3s
[2026-06-01 09:56:04]   [bench] Running execute remote...
[2026-06-01 09:56:11]   [bench] exit=0 passed=1 failed=0
0 missing_trie_node=0
0
[2026-06-01 09:56:11] 
[2026-06-01 09:56:11]   --- storage_mixed_k1_run15 (pbt) write-offset=1500000000 K=1 ---
[2026-06-01 09:56:11]   [geth] Stopping (SIGTERM, waiting up to 120s for clean exit): 1078140
[2026-06-01 09:56:12]   [geth] exited cleanly after 1s
[2026-06-01 09:56:12]   [cache] OS page cache dropped
Fatal: Could not create the account: account already exists
[2026-06-01 09:56:12]   [geth] Starting (pbt, gd=5, cold=1, dev.period=1, 1tx/block)
[2026-06-01 09:56:12]   [geth] Waiting for RPC...
[2026-06-01 09:56:14]   [geth] RPC ready after 3s
[2026-06-01 09:56:14]   [bench] Running execute remote...
[2026-06-01 09:56:22]   [bench] exit=0 passed=1 failed=0
0 missing_trie_node=0
0
[2026-06-01 09:56:22] 
[2026-06-01 09:56:22]   --- storage_mixed_k1_run16 (pbt) write-offset=1600000000 K=1 ---
[2026-06-01 09:56:22]   [geth] Stopping (SIGTERM, waiting up to 120s for clean exit): 1078215
[2026-06-01 09:56:23]   [geth] exited cleanly after 1s
[2026-06-01 09:56:23]   [cache] OS page cache dropped
Fatal: Could not create the account: account already exists
[2026-06-01 09:56:23]   [geth] Starting (pbt, gd=5, cold=1, dev.period=1, 1tx/block)
[2026-06-01 09:56:23]   [geth] Waiting for RPC...
[2026-06-01 09:56:26]   [geth] RPC ready after 3s
[2026-06-01 09:56:26]   [bench] Running execute remote...
[2026-06-01 09:56:32]   [bench] exit=0 passed=1 failed=0
0 missing_trie_node=0
0
[2026-06-01 09:56:32] 
[2026-06-01 09:56:32]   --- storage_mixed_k1_run17 (pbt) write-offset=1700000000 K=1 ---
[2026-06-01 09:56:32]   [geth] Stopping (SIGTERM, waiting up to 120s for clean exit): 1078290
[2026-06-01 09:56:33]   [geth] exited cleanly after 1s
[2026-06-01 09:56:33]   [cache] OS page cache dropped
Fatal: Could not create the account: account already exists
[2026-06-01 09:56:33]   [geth] Starting (pbt, gd=5, cold=1, dev.period=1, 1tx/block)
[2026-06-01 09:56:33]   [geth] Waiting for RPC...
[2026-06-01 09:56:35]   [geth] RPC ready after 3s
[2026-06-01 09:56:35]   [bench] Running execute remote...
[2026-06-01 09:56:41]   [bench] exit=0 passed=1 failed=0
0 missing_trie_node=0
0
[2026-06-01 09:56:41] 
[2026-06-01 09:56:41]   --- storage_mixed_k1_run18 (pbt) write-offset=1800000000 K=1 ---
[2026-06-01 09:56:41]   [geth] Stopping (SIGTERM, waiting up to 120s for clean exit): 1078365
[2026-06-01 09:56:42]   [geth] exited cleanly after 1s
[2026-06-01 09:56:43]   [cache] OS page cache dropped
Fatal: Could not create the account: account already exists
[2026-06-01 09:56:43]   [geth] Starting (pbt, gd=5, cold=1, dev.period=1, 1tx/block)
[2026-06-01 09:56:43]   [geth] Waiting for RPC...
[2026-06-01 09:56:45]   [geth] RPC ready after 3s
[2026-06-01 09:56:45]   [bench] Running execute remote...
[2026-06-01 09:56:52]   [bench] exit=0 passed=1 failed=0
0 missing_trie_node=0
0
[2026-06-01 09:56:52] 
[2026-06-01 09:56:52]   --- storage_mixed_k1_run19 (pbt) write-offset=1900000000 K=1 ---
[2026-06-01 09:56:52]   [geth] Stopping (SIGTERM, waiting up to 120s for clean exit): 1078440
[2026-06-01 09:56:53]   [geth] exited cleanly after 1s
[2026-06-01 09:56:53]   [cache] OS page cache dropped
Fatal: Could not create the account: account already exists
[2026-06-01 09:56:53]   [geth] Starting (pbt, gd=5, cold=1, dev.period=1, 1tx/block)
[2026-06-01 09:56:53]   [geth] Waiting for RPC...
[2026-06-01 09:56:55]   [geth] RPC ready after 3s
[2026-06-01 09:56:55]   [bench] Running execute remote...
[2026-06-01 09:57:02]   [bench] exit=0 passed=1 failed=0
0 missing_trie_node=0
0
[2026-06-01 09:57:02] 
[2026-06-01 09:57:02]   --- storage_mixed_k1_run20 (pbt) write-offset=2000000000 K=1 ---
[2026-06-01 09:57:02]   [geth] Stopping (SIGTERM, waiting up to 120s for clean exit): 1078568
[2026-06-01 09:57:03]   [geth] exited cleanly after 1s
[2026-06-01 09:57:03]   [cache] OS page cache dropped
Fatal: Could not create the account: account already exists
[2026-06-01 09:57:03]   [geth] Starting (pbt, gd=5, cold=1, dev.period=1, 1tx/block)
[2026-06-01 09:57:03]   [geth] Waiting for RPC...
[2026-06-01 09:57:05]   [geth] RPC ready after 3s
[2026-06-01 09:57:05]   [bench] Running execute remote...
[2026-06-01 09:57:11]   [bench] exit=0 passed=1 failed=0
0 missing_trie_node=0
0
[2026-06-01 09:57:11] 
[2026-06-01 09:57:11]   ── BENCHMARK: storage_mixed_k10 (pool=256 contracts; effective K=10)
[2026-06-01 09:57:11] 
[2026-06-01 09:57:11]   --- storage_mixed_k10_run1 (pbt) write-offset=100000000 K=10 ---
[2026-06-01 09:57:11]   [geth] Stopping (SIGTERM, waiting up to 120s for clean exit): 1078667
[2026-06-01 09:57:12]   [geth] exited cleanly after 1s
[2026-06-01 09:57:13]   [cache] OS page cache dropped
Fatal: Could not create the account: account already exists
[2026-06-01 09:57:13]   [geth] Starting (pbt, gd=5, cold=1, dev.period=1, 1tx/block)
[2026-06-01 09:57:13]   [geth] Waiting for RPC...
[2026-06-01 09:57:15]   [geth] RPC ready after 3s
[2026-06-01 09:57:15]   [bench] Running execute remote...
[2026-06-01 09:57:21]   [bench] exit=0 passed=1 failed=0
0 missing_trie_node=0
0
[2026-06-01 09:57:21] 
[2026-06-01 09:57:21]   --- storage_mixed_k10_run2 (pbt) write-offset=200000000 K=10 ---
[2026-06-01 09:57:21]   [geth] Stopping (SIGTERM, waiting up to 120s for clean exit): 1078768
[2026-06-01 09:57:22]   [geth] exited cleanly after 1s
[2026-06-01 09:57:22]   [cache] OS page cache dropped
Fatal: Could not create the account: account already exists
[2026-06-01 09:57:22]   [geth] Starting (pbt, gd=5, cold=1, dev.period=1, 1tx/block)
[2026-06-01 09:57:22]   [geth] Waiting for RPC...
[2026-06-01 09:57:24]   [geth] RPC ready after 3s
[2026-06-01 09:57:24]   [bench] Running execute remote...
[2026-06-01 09:57:32]   [bench] exit=0 passed=1 failed=0
0 missing_trie_node=0
0
[2026-06-01 09:57:32] 
[2026-06-01 09:57:32]   --- storage_mixed_k10_run3 (pbt) write-offset=300000000 K=10 ---
[2026-06-01 09:57:32]   [geth] Stopping (SIGTERM, waiting up to 120s for clean exit): 1078886
[2026-06-01 09:57:33]   [geth] exited cleanly after 1s
[2026-06-01 09:57:33]   [cache] OS page cache dropped
Fatal: Could not create the account: account already exists
[2026-06-01 09:57:33]   [geth] Starting (pbt, gd=5, cold=1, dev.period=1, 1tx/block)
[2026-06-01 09:57:33]   [geth] Waiting for RPC...
[2026-06-01 09:57:35]   [geth] RPC ready after 3s
[2026-06-01 09:57:35]   [bench] Running execute remote...
[2026-06-01 09:57:42]   [bench] exit=0 passed=1 failed=0
0 missing_trie_node=0
0
[2026-06-01 09:57:42] 
[2026-06-01 09:57:42]   --- storage_mixed_k10_run4 (pbt) write-offset=400000000 K=10 ---
[2026-06-01 09:57:42]   [geth] Stopping (SIGTERM, waiting up to 120s for clean exit): 1079028
[2026-06-01 09:57:43]   [geth] exited cleanly after 1s
[2026-06-01 09:57:44]   [cache] OS page cache dropped
Fatal: Could not create the account: account already exists
[2026-06-01 09:57:44]   [geth] Starting (pbt, gd=5, cold=1, dev.period=1, 1tx/block)
[2026-06-01 09:57:44]   [geth] Waiting for RPC...
[2026-06-01 09:57:46]   [geth] RPC ready after 3s
[2026-06-01 09:57:46]   [bench] Running execute remote...
[2026-06-01 09:57:52]   [bench] exit=0 passed=1 failed=0
0 missing_trie_node=0
0
[2026-06-01 09:57:52] 
[2026-06-01 09:57:52]   --- storage_mixed_k10_run5 (pbt) write-offset=500000000 K=10 ---
[2026-06-01 09:57:52]   [geth] Stopping (SIGTERM, waiting up to 120s for clean exit): 1079167
[2026-06-01 09:57:53]   [geth] exited cleanly after 1s
[2026-06-01 09:57:53]   [cache] OS page cache dropped
Fatal: Could not create the account: account already exists
[2026-06-01 09:57:53]   [geth] Starting (pbt, gd=5, cold=1, dev.period=1, 1tx/block)
[2026-06-01 09:57:53]   [geth] Waiting for RPC...
[2026-06-01 09:57:55]   [geth] RPC ready after 3s
[2026-06-01 09:57:55]   [bench] Running execute remote...
[2026-06-01 09:58:03]   [bench] exit=0 passed=1 failed=0
0 missing_trie_node=0
0
[2026-06-01 09:58:03] 
[2026-06-01 09:58:03]   --- storage_mixed_k10_run6 (pbt) write-offset=600000000 K=10 ---
[2026-06-01 09:58:03]   [geth] Stopping (SIGTERM, waiting up to 120s for clean exit): 1079267
[2026-06-01 09:58:04]   [geth] exited cleanly after 1s
[2026-06-01 09:58:04]   [cache] OS page cache dropped
Fatal: Could not create the account: account already exists
[2026-06-01 09:58:04]   [geth] Starting (pbt, gd=5, cold=1, dev.period=1, 1tx/block)
[2026-06-01 09:58:04]   [geth] Waiting for RPC...
[2026-06-01 09:58:06]   [geth] RPC ready after 3s
[2026-06-01 09:58:06]   [bench] Running execute remote...
[2026-06-01 09:58:12]   [bench] exit=0 passed=1 failed=0
0 missing_trie_node=0
0
[2026-06-01 09:58:12] 
[2026-06-01 09:58:12]   --- storage_mixed_k10_run7 (pbt) write-offset=700000000 K=10 ---
[2026-06-01 09:58:12]   [geth] Stopping (SIGTERM, waiting up to 120s for clean exit): 1079341
[2026-06-01 09:58:13]   [geth] exited cleanly after 1s
[2026-06-01 09:58:13]   [cache] OS page cache dropped
Fatal: Could not create the account: account already exists
[2026-06-01 09:58:13]   [geth] Starting (pbt, gd=5, cold=1, dev.period=1, 1tx/block)
[2026-06-01 09:58:14]   [geth] Waiting for RPC...
[2026-06-01 09:58:16]   [geth] RPC ready after 3s
[2026-06-01 09:58:16]   [bench] Running execute remote...
[2026-06-01 09:58:22]   [bench] exit=0 passed=1 failed=0
0 missing_trie_node=0
0
[2026-06-01 09:58:22] 
[2026-06-01 09:58:22]   --- storage_mixed_k10_run8 (pbt) write-offset=800000000 K=10 ---
[2026-06-01 09:58:22]   [geth] Stopping (SIGTERM, waiting up to 120s for clean exit): 1079416
[2026-06-01 09:58:23]   [geth] exited cleanly after 1s
[2026-06-01 09:58:23]   [cache] OS page cache dropped
Fatal: Could not create the account: account already exists
[2026-06-01 09:58:23]   [geth] Starting (pbt, gd=5, cold=1, dev.period=1, 1tx/block)
[2026-06-01 09:58:23]   [geth] Waiting for RPC...
[2026-06-01 09:58:25]   [geth] RPC ready after 3s
[2026-06-01 09:58:25]   [bench] Running execute remote...
[2026-06-01 09:58:31]   [bench] exit=0 passed=1 failed=0
0 missing_trie_node=0
0
[2026-06-01 09:58:31] 
[2026-06-01 09:58:31]   --- storage_mixed_k10_run9 (pbt) write-offset=900000000 K=10 ---
[2026-06-01 09:58:31]   [geth] Stopping (SIGTERM, waiting up to 120s for clean exit): 1079491
[2026-06-01 09:58:32]   [geth] exited cleanly after 1s
[2026-06-01 09:58:33]   [cache] OS page cache dropped
Fatal: Could not create the account: account already exists
[2026-06-01 09:58:33]   [geth] Starting (pbt, gd=5, cold=1, dev.period=1, 1tx/block)
[2026-06-01 09:58:33]   [geth] Waiting for RPC...
[2026-06-01 09:58:35]   [geth] RPC ready after 3s
[2026-06-01 09:58:35]   [bench] Running execute remote...
[2026-06-01 09:58:41]   [bench] exit=0 passed=1 failed=0
0 missing_trie_node=0
0
[2026-06-01 09:58:41] 
[2026-06-01 09:58:41]   --- storage_mixed_k10_run10 (pbt) write-offset=1000000000 K=10 ---
[2026-06-01 09:58:41]   [geth] Stopping (SIGTERM, waiting up to 120s for clean exit): 1079605
[2026-06-01 09:58:42]   [geth] exited cleanly after 1s
[2026-06-01 09:58:42]   [cache] OS page cache dropped
Fatal: Could not create the account: account already exists
[2026-06-01 09:58:42]   [geth] Starting (pbt, gd=5, cold=1, dev.period=1, 1tx/block)
[2026-06-01 09:58:42]   [geth] Waiting for RPC...
[2026-06-01 09:58:44]   [geth] RPC ready after 3s
[2026-06-01 09:58:44]   [bench] Running execute remote...
[2026-06-01 09:58:52]   [bench] exit=0 passed=1 failed=0
0 missing_trie_node=0
0
[2026-06-01 09:58:52] 
[2026-06-01 09:58:52]   --- storage_mixed_k10_run11 (pbt) write-offset=1100000000 K=10 ---
[2026-06-01 09:58:52]   [geth] Stopping (SIGTERM, waiting up to 120s for clean exit): 1079692
[2026-06-01 09:58:53]   [geth] exited cleanly after 1s
[2026-06-01 09:58:53]   [cache] OS page cache dropped
Fatal: Could not create the account: account already exists
[2026-06-01 09:58:53]   [geth] Starting (pbt, gd=5, cold=1, dev.period=1, 1tx/block)
[2026-06-01 09:58:53]   [geth] Waiting for RPC...
[2026-06-01 09:58:55]   [geth] RPC ready after 3s
[2026-06-01 09:58:55]   [bench] Running execute remote...
[2026-06-01 09:59:01]   [bench] exit=0 passed=1 failed=0
0 missing_trie_node=0
0
[2026-06-01 09:59:01] 
[2026-06-01 09:59:01]   --- storage_mixed_k10_run12 (pbt) write-offset=1200000000 K=10 ---
[2026-06-01 09:59:01]   [geth] Stopping (SIGTERM, waiting up to 120s for clean exit): 1079779
[2026-06-01 09:59:02]   [geth] exited cleanly after 1s
[2026-06-01 09:59:02]   [cache] OS page cache dropped
Fatal: Could not create the account: account already exists
[2026-06-01 09:59:02]   [geth] Starting (pbt, gd=5, cold=1, dev.period=1, 1tx/block)
[2026-06-01 09:59:02]   [geth] Waiting for RPC...
[2026-06-01 09:59:05]   [geth] RPC ready after 3s
[2026-06-01 09:59:05]   [bench] Running execute remote...
[2026-06-01 09:59:11]   [bench] exit=0 passed=1 failed=0
0 missing_trie_node=0
0
[2026-06-01 09:59:11] 
[2026-06-01 09:59:11]   --- storage_mixed_k10_run13 (pbt) write-offset=1300000000 K=10 ---
[2026-06-01 09:59:11]   [geth] Stopping (SIGTERM, waiting up to 120s for clean exit): 1079853
[2026-06-01 09:59:12]   [geth] exited cleanly after 1s
[2026-06-01 09:59:12]   [cache] OS page cache dropped
Fatal: Could not create the account: account already exists
[2026-06-01 09:59:12]   [geth] Starting (pbt, gd=5, cold=1, dev.period=1, 1tx/block)
[2026-06-01 09:59:12]   [geth] Waiting for RPC...
[2026-06-01 09:59:14]   [geth] RPC ready after 3s
[2026-06-01 09:59:14]   [bench] Running execute remote...
[2026-06-01 09:59:20]   [bench] exit=0 passed=1 failed=0
0 missing_trie_node=0
0
[2026-06-01 09:59:20] 
[2026-06-01 09:59:20]   --- storage_mixed_k10_run14 (pbt) write-offset=1400000000 K=10 ---
[2026-06-01 09:59:20]   [geth] Stopping (SIGTERM, waiting up to 120s for clean exit): 1079931
[2026-06-01 09:59:21]   [geth] exited cleanly after 1s
[2026-06-01 09:59:22]   [cache] OS page cache dropped
Fatal: Could not create the account: account already exists
[2026-06-01 09:59:22]   [geth] Starting (pbt, gd=5, cold=1, dev.period=1, 1tx/block)
[2026-06-01 09:59:22]   [geth] Waiting for RPC...
[2026-06-01 09:59:24]   [geth] RPC ready after 3s
[2026-06-01 09:59:24]   [bench] Running execute remote...
[2026-06-01 09:59:30]   [bench] exit=0 passed=1 failed=0
0 missing_trie_node=0
0
[2026-06-01 09:59:30] 
[2026-06-01 09:59:30]   --- storage_mixed_k10_run15 (pbt) write-offset=1500000000 K=10 ---
[2026-06-01 09:59:30]   [geth] Stopping (SIGTERM, waiting up to 120s for clean exit): 1080008
[2026-06-01 09:59:31]   [geth] exited cleanly after 1s
[2026-06-01 09:59:31]   [cache] OS page cache dropped
Fatal: Could not create the account: account already exists
[2026-06-01 09:59:31]   [geth] Starting (pbt, gd=5, cold=1, dev.period=1, 1tx/block)
[2026-06-01 09:59:31]   [geth] Waiting for RPC...
[2026-06-01 09:59:33]   [geth] RPC ready after 3s
[2026-06-01 09:59:33]   [bench] Running execute remote...
[2026-06-01 09:59:40]   [bench] exit=0 passed=1 failed=0
0 missing_trie_node=0
0
[2026-06-01 09:59:40] 
[2026-06-01 09:59:40]   --- storage_mixed_k10_run16 (pbt) write-offset=1600000000 K=10 ---
[2026-06-01 09:59:40]   [geth] Stopping (SIGTERM, waiting up to 120s for clean exit): 1080085
[2026-06-01 09:59:41]   [geth] exited cleanly after 1s
[2026-06-01 09:59:41]   [cache] OS page cache dropped
Fatal: Could not create the account: account already exists
[2026-06-01 09:59:41]   [geth] Starting (pbt, gd=5, cold=1, dev.period=1, 1tx/block)
[2026-06-01 09:59:41]   [geth] Waiting for RPC...
[2026-06-01 09:59:43]   [geth] RPC ready after 3s
[2026-06-01 09:59:43]   [bench] Running execute remote...
[2026-06-01 09:59:50]   [bench] exit=0 passed=1 failed=0
0 missing_trie_node=0
0
[2026-06-01 09:59:50] 
[2026-06-01 09:59:50]   --- storage_mixed_k10_run17 (pbt) write-offset=1700000000 K=10 ---
[2026-06-01 09:59:50]   [geth] Stopping (SIGTERM, waiting up to 120s for clean exit): 1080160
[2026-06-01 09:59:51]   [geth] exited cleanly after 1s
[2026-06-01 09:59:51]   [cache] OS page cache dropped
Fatal: Could not create the account: account already exists
[2026-06-01 09:59:52]   [geth] Starting (pbt, gd=5, cold=1, dev.period=1, 1tx/block)
[2026-06-01 09:59:52]   [geth] Waiting for RPC...
[2026-06-01 09:59:54]   [geth] RPC ready after 3s
[2026-06-01 09:59:54]   [bench] Running execute remote...
[2026-06-01 10:00:01]   [bench] exit=0 passed=1 failed=0
0 missing_trie_node=0
0
[2026-06-01 10:00:01] 
[2026-06-01 10:00:01]   --- storage_mixed_k10_run18 (pbt) write-offset=1800000000 K=10 ---
[2026-06-01 10:00:01]   [geth] Stopping (SIGTERM, waiting up to 120s for clean exit): 1080235
[2026-06-01 10:00:02]   [geth] exited cleanly after 1s
[2026-06-01 10:00:02]   [cache] OS page cache dropped
Fatal: Could not create the account: account already exists
[2026-06-01 10:00:02]   [geth] Starting (pbt, gd=5, cold=1, dev.period=1, 1tx/block)
[2026-06-01 10:00:02]   [geth] Waiting for RPC...
[2026-06-01 10:00:04]   [geth] RPC ready after 3s
[2026-06-01 10:00:04]   [bench] Running execute remote...
[2026-06-01 10:00:11]   [bench] exit=0 passed=1 failed=0
0 missing_trie_node=0
0
[2026-06-01 10:00:11] 
[2026-06-01 10:00:11]   --- storage_mixed_k10_run19 (pbt) write-offset=1900000000 K=10 ---
[2026-06-01 10:00:11]   [geth] Stopping (SIGTERM, waiting up to 120s for clean exit): 1080310
[2026-06-01 10:00:12]   [geth] exited cleanly after 1s
[2026-06-01 10:00:12]   [cache] OS page cache dropped
Fatal: Could not create the account: account already exists
[2026-06-01 10:00:12]   [geth] Starting (pbt, gd=5, cold=1, dev.period=1, 1tx/block)
[2026-06-01 10:00:12]   [geth] Waiting for RPC...
[2026-06-01 10:00:14]   [geth] RPC ready after 3s
[2026-06-01 10:00:14]   [bench] Running execute remote...
[2026-06-01 10:00:21]   [bench] exit=0 passed=1 failed=0
0 missing_trie_node=0
0
[2026-06-01 10:00:21] 
[2026-06-01 10:00:21]   --- storage_mixed_k10_run20 (pbt) write-offset=2000000000 K=10 ---
[2026-06-01 10:00:21]   [geth] Stopping (SIGTERM, waiting up to 120s for clean exit): 1080386
[2026-06-01 10:00:22]   [geth] exited cleanly after 1s
[2026-06-01 10:00:22]   [cache] OS page cache dropped
Fatal: Could not create the account: account already exists
[2026-06-01 10:00:22]   [geth] Starting (pbt, gd=5, cold=1, dev.period=1, 1tx/block)
[2026-06-01 10:00:22]   [geth] Waiting for RPC...
[2026-06-01 10:00:24]   [geth] RPC ready after 3s
[2026-06-01 10:00:24]   [bench] Running execute remote...
[2026-06-01 10:00:33]   [bench] exit=0 passed=1 failed=0
0 missing_trie_node=0
0
[2026-06-01 10:00:33] 
[2026-06-01 10:00:33]   ── BENCHMARK: storage_mixed_k100 (pool=256 contracts; effective K=100)
[2026-06-01 10:00:33] 
[2026-06-01 10:00:33]   --- storage_mixed_k100_run1 (pbt) write-offset=100000000 K=100 ---
[2026-06-01 10:00:33]   [geth] Stopping (SIGTERM, waiting up to 120s for clean exit): 1080472
[2026-06-01 10:00:34]   [geth] exited cleanly after 1s
[2026-06-01 10:00:34]   [cache] OS page cache dropped
Fatal: Could not create the account: account already exists
[2026-06-01 10:00:34]   [geth] Starting (pbt, gd=5, cold=1, dev.period=1, 1tx/block)
[2026-06-01 10:00:34]   [geth] Waiting for RPC...
[2026-06-01 10:00:36]   [geth] RPC ready after 3s
[2026-06-01 10:00:36]   [bench] Running execute remote...
[2026-06-01 10:00:43]   [bench] exit=0 passed=1 failed=0
0 missing_trie_node=0
0
[2026-06-01 10:00:43] 
[2026-06-01 10:00:43]   --- storage_mixed_k100_run2 (pbt) write-offset=200000000 K=100 ---
[2026-06-01 10:00:43]   [geth] Stopping (SIGTERM, waiting up to 120s for clean exit): 1080606
[2026-06-01 10:00:44]   [geth] exited cleanly after 1s
[2026-06-01 10:00:44]   [cache] OS page cache dropped
Fatal: Could not create the account: account already exists
[2026-06-01 10:00:44]   [geth] Starting (pbt, gd=5, cold=1, dev.period=1, 1tx/block)
[2026-06-01 10:00:44]   [geth] Waiting for RPC...
[2026-06-01 10:00:46]   [geth] RPC ready after 3s
[2026-06-01 10:00:46]   [bench] Running execute remote...
[2026-06-01 10:00:53]   [bench] exit=0 passed=1 failed=0
0 missing_trie_node=0
0
[2026-06-01 10:00:53] 
[2026-06-01 10:00:53]   --- storage_mixed_k100_run3 (pbt) write-offset=300000000 K=100 ---
[2026-06-01 10:00:53]   [geth] Stopping (SIGTERM, waiting up to 120s for clean exit): 1080797
[2026-06-01 10:00:54]   [geth] exited cleanly after 1s
[2026-06-01 10:00:54]   [cache] OS page cache dropped
Fatal: Could not create the account: account already exists
[2026-06-01 10:00:54]   [geth] Starting (pbt, gd=5, cold=1, dev.period=1, 1tx/block)
[2026-06-01 10:00:54]   [geth] Waiting for RPC...
[2026-06-01 10:00:56]   [geth] RPC ready after 3s
[2026-06-01 10:00:56]   [bench] Running execute remote...
[2026-06-01 10:01:02]   [bench] exit=0 passed=1 failed=0
0 missing_trie_node=0
0
[2026-06-01 10:01:02] 
[2026-06-01 10:01:02]   --- storage_mixed_k100_run4 (pbt) write-offset=400000000 K=100 ---
[2026-06-01 10:01:02]   [geth] Stopping (SIGTERM, waiting up to 120s for clean exit): 1080960
[2026-06-01 10:01:03]   [geth] exited cleanly after 1s
[2026-06-01 10:01:04]   [cache] OS page cache dropped
Fatal: Could not create the account: account already exists
[2026-06-01 10:01:04]   [geth] Starting (pbt, gd=5, cold=1, dev.period=1, 1tx/block)
[2026-06-01 10:01:04]   [geth] Waiting for RPC...
[2026-06-01 10:01:06]   [geth] RPC ready after 3s
[2026-06-01 10:01:06]   [bench] Running execute remote...
[2026-06-01 10:01:12]   [bench] exit=0 passed=1 failed=0
0 missing_trie_node=0
0
[2026-06-01 10:01:12] 
[2026-06-01 10:01:12]   --- storage_mixed_k100_run5 (pbt) write-offset=500000000 K=100 ---
[2026-06-01 10:01:12]   [geth] Stopping (SIGTERM, waiting up to 120s for clean exit): 1081081
[2026-06-01 10:01:13]   [geth] exited cleanly after 1s
[2026-06-01 10:01:13]   [cache] OS page cache dropped
Fatal: Could not create the account: account already exists
[2026-06-01 10:01:13]   [geth] Starting (pbt, gd=5, cold=1, dev.period=1, 1tx/block)
[2026-06-01 10:01:13]   [geth] Waiting for RPC...
[2026-06-01 10:01:15]   [geth] RPC ready after 3s
[2026-06-01 10:01:16]   [bench] Running execute remote...
[2026-06-01 10:01:23]   [bench] exit=0 passed=1 failed=0
0 missing_trie_node=0
0
[2026-06-01 10:01:23] 
[2026-06-01 10:01:23]   --- storage_mixed_k100_run6 (pbt) write-offset=600000000 K=100 ---
[2026-06-01 10:01:23]   [geth] Stopping (SIGTERM, waiting up to 120s for clean exit): 1081157
[2026-06-01 10:01:24]   [geth] exited cleanly after 1s
[2026-06-01 10:01:24]   [cache] OS page cache dropped
Fatal: Could not create the account: account already exists
[2026-06-01 10:01:24]   [geth] Starting (pbt, gd=5, cold=1, dev.period=1, 1tx/block)
[2026-06-01 10:01:24]   [geth] Waiting for RPC...
[2026-06-01 10:01:26]   [geth] RPC ready after 3s
[2026-06-01 10:01:26]   [bench] Running execute remote...
[2026-06-01 10:01:33]   [bench] exit=0 passed=1 failed=0
0 missing_trie_node=0
0
[2026-06-01 10:01:33] 
[2026-06-01 10:01:33]   --- storage_mixed_k100_run7 (pbt) write-offset=700000000 K=100 ---
[2026-06-01 10:01:33]   [geth] Stopping (SIGTERM, waiting up to 120s for clean exit): 1081233
[2026-06-01 10:01:34]   [geth] exited cleanly after 1s
[2026-06-01 10:01:35]   [cache] OS page cache dropped
Fatal: Could not create the account: account already exists
[2026-06-01 10:01:35]   [geth] Starting (pbt, gd=5, cold=1, dev.period=1, 1tx/block)
[2026-06-01 10:01:35]   [geth] Waiting for RPC...
[2026-06-01 10:01:37]   [geth] RPC ready after 3s
[2026-06-01 10:01:37]   [bench] Running execute remote...
[2026-06-01 10:01:44]   [bench] exit=0 passed=1 failed=0
0 missing_trie_node=0
0
[2026-06-01 10:01:44] 
[2026-06-01 10:01:44]   --- storage_mixed_k100_run8 (pbt) write-offset=800000000 K=100 ---
[2026-06-01 10:01:44]   [geth] Stopping (SIGTERM, waiting up to 120s for clean exit): 1081388
[2026-06-01 10:01:45]   [geth] exited cleanly after 1s
[2026-06-01 10:01:45]   [cache] OS page cache dropped
Fatal: Could not create the account: account already exists
[2026-06-01 10:01:45]   [geth] Starting (pbt, gd=5, cold=1, dev.period=1, 1tx/block)
[2026-06-01 10:01:45]   [geth] Waiting for RPC...
[2026-06-01 10:01:47]   [geth] RPC ready after 3s
[2026-06-01 10:01:47]   [bench] Running execute remote...
[2026-06-01 10:01:54]   [bench] exit=0 passed=1 failed=0
0 missing_trie_node=0
0
[2026-06-01 10:01:54] 
[2026-06-01 10:01:54]   --- storage_mixed_k100_run9 (pbt) write-offset=900000000 K=100 ---
[2026-06-01 10:01:54]   [geth] Stopping (SIGTERM, waiting up to 120s for clean exit): 1081462
[2026-06-01 10:01:55]   [geth] exited cleanly after 1s
[2026-06-01 10:01:55]   [cache] OS page cache dropped
Fatal: Could not create the account: account already exists
[2026-06-01 10:01:55]   [geth] Starting (pbt, gd=5, cold=1, dev.period=1, 1tx/block)
[2026-06-01 10:01:55]   [geth] Waiting for RPC...
[2026-06-01 10:01:57]   [geth] RPC ready after 3s
[2026-06-01 10:01:57]   [bench] Running execute remote...
[2026-06-01 10:02:04]   [bench] exit=0 passed=1 failed=0
0 missing_trie_node=0
0
[2026-06-01 10:02:04] 
[2026-06-01 10:02:04]   --- storage_mixed_k100_run10 (pbt) write-offset=1000000000 K=100 ---
[2026-06-01 10:02:04]   [geth] Stopping (SIGTERM, waiting up to 120s for clean exit): 1081535
[2026-06-01 10:02:05]   [geth] exited cleanly after 1s
[2026-06-01 10:02:06]   [cache] OS page cache dropped
Fatal: Could not create the account: account already exists
[2026-06-01 10:02:06]   [geth] Starting (pbt, gd=5, cold=1, dev.period=1, 1tx/block)
[2026-06-01 10:02:06]   [geth] Waiting for RPC...
[2026-06-01 10:02:08]   [geth] RPC ready after 3s
[2026-06-01 10:02:08]   [bench] Running execute remote...
[2026-06-01 10:02:16]   [bench] exit=0 passed=1 failed=0
0 missing_trie_node=0
0
[2026-06-01 10:02:16] 
[2026-06-01 10:02:16]   --- storage_mixed_k100_run11 (pbt) write-offset=1100000000 K=100 ---
[2026-06-01 10:02:16]   [geth] Stopping (SIGTERM, waiting up to 120s for clean exit): 1081633
[2026-06-01 10:02:17]   [geth] exited cleanly after 1s
[2026-06-01 10:02:17]   [cache] OS page cache dropped
Fatal: Could not create the account: account already exists
[2026-06-01 10:02:17]   [geth] Starting (pbt, gd=5, cold=1, dev.period=1, 1tx/block)
[2026-06-01 10:02:17]   [geth] Waiting for RPC...
[2026-06-01 10:02:19]   [geth] RPC ready after 3s
[2026-06-01 10:02:19]   [bench] Running execute remote...
[2026-06-01 10:02:27]   [bench] exit=0 passed=1 failed=0
0 missing_trie_node=0
0
[2026-06-01 10:02:27] 
[2026-06-01 10:02:27]   --- storage_mixed_k100_run12 (pbt) write-offset=1200000000 K=100 ---
[2026-06-01 10:02:27]   [geth] Stopping (SIGTERM, waiting up to 120s for clean exit): 1081728
[2026-06-01 10:02:28]   [geth] exited cleanly after 1s
[2026-06-01 10:02:28]   [cache] OS page cache dropped
Fatal: Could not create the account: account already exists
[2026-06-01 10:02:28]   [geth] Starting (pbt, gd=5, cold=1, dev.period=1, 1tx/block)
[2026-06-01 10:02:28]   [geth] Waiting for RPC...
[2026-06-01 10:02:30]   [geth] RPC ready after 3s
[2026-06-01 10:02:30]   [bench] Running execute remote...
[2026-06-01 10:02:37]   [bench] exit=0 passed=1 failed=0
0 missing_trie_node=0
0
[2026-06-01 10:02:37] 
[2026-06-01 10:02:37]   --- storage_mixed_k100_run13 (pbt) write-offset=1300000000 K=100 ---
[2026-06-01 10:02:37]   [geth] Stopping (SIGTERM, waiting up to 120s for clean exit): 1081804
[2026-06-01 10:02:38]   [geth] exited cleanly after 1s
[2026-06-01 10:02:38]   [cache] OS page cache dropped
Fatal: Could not create the account: account already exists
[2026-06-01 10:02:38]   [geth] Starting (pbt, gd=5, cold=1, dev.period=1, 1tx/block)
[2026-06-01 10:02:38]   [geth] Waiting for RPC...
[2026-06-01 10:02:41]   [geth] RPC ready after 3s
[2026-06-01 10:02:41]   [bench] Running execute remote...
[2026-06-01 10:02:48]   [bench] exit=0 passed=1 failed=0
0 missing_trie_node=0
0
[2026-06-01 10:02:48] 
[2026-06-01 10:02:48]   --- storage_mixed_k100_run14 (pbt) write-offset=1400000000 K=100 ---
[2026-06-01 10:02:48]   [geth] Stopping (SIGTERM, waiting up to 120s for clean exit): 1081879
[2026-06-01 10:02:49]   [geth] exited cleanly after 1s
[2026-06-01 10:02:49]   [cache] OS page cache dropped
Fatal: Could not create the account: account already exists
[2026-06-01 10:02:49]   [geth] Starting (pbt, gd=5, cold=1, dev.period=1, 1tx/block)
[2026-06-01 10:02:49]   [geth] Waiting for RPC...
[2026-06-01 10:02:51]   [geth] RPC ready after 3s
[2026-06-01 10:02:51]   [bench] Running execute remote...
[2026-06-01 10:03:00]   [bench] exit=0 passed=1 failed=0
0 missing_trie_node=0
0
[2026-06-01 10:03:00] 
[2026-06-01 10:03:00]   --- storage_mixed_k100_run15 (pbt) write-offset=1500000000 K=100 ---
[2026-06-01 10:03:00]   [geth] Stopping (SIGTERM, waiting up to 120s for clean exit): 1081964
[2026-06-01 10:03:01]   [geth] exited cleanly after 1s
[2026-06-01 10:03:01]   [cache] OS page cache dropped
Fatal: Could not create the account: account already exists
[2026-06-01 10:03:01]   [geth] Starting (pbt, gd=5, cold=1, dev.period=1, 1tx/block)
[2026-06-01 10:03:01]   [geth] Waiting for RPC...
[2026-06-01 10:03:03]   [geth] RPC ready after 3s
[2026-06-01 10:03:03]   [bench] Running execute remote...
[2026-06-01 10:03:09]   [bench] exit=0 passed=1 failed=0
0 missing_trie_node=0
0
[2026-06-01 10:03:09] 
[2026-06-01 10:03:09]   --- storage_mixed_k100_run16 (pbt) write-offset=1600000000 K=100 ---
[2026-06-01 10:03:09]   [geth] Stopping (SIGTERM, waiting up to 120s for clean exit): 1082038
[2026-06-01 10:03:10]   [geth] exited cleanly after 1s
[2026-06-01 10:03:10]   [cache] OS page cache dropped
Fatal: Could not create the account: account already exists
[2026-06-01 10:03:11]   [geth] Starting (pbt, gd=5, cold=1, dev.period=1, 1tx/block)
[2026-06-01 10:03:11]   [geth] Waiting for RPC...
[2026-06-01 10:03:13]   [geth] RPC ready after 3s
[2026-06-01 10:03:13]   [bench] Running execute remote...
[2026-06-01 10:03:20]   [bench] exit=0 passed=1 failed=0
0 missing_trie_node=0
0
[2026-06-01 10:03:20] 
[2026-06-01 10:03:20]   --- storage_mixed_k100_run17 (pbt) write-offset=1700000000 K=100 ---
[2026-06-01 10:03:20]   [geth] Stopping (SIGTERM, waiting up to 120s for clean exit): 1082114
[2026-06-01 10:03:21]   [geth] exited cleanly after 1s
[2026-06-01 10:03:21]   [cache] OS page cache dropped
Fatal: Could not create the account: account already exists
[2026-06-01 10:03:21]   [geth] Starting (pbt, gd=5, cold=1, dev.period=1, 1tx/block)
[2026-06-01 10:03:21]   [geth] Waiting for RPC...
[2026-06-01 10:03:23]   [geth] RPC ready after 3s
[2026-06-01 10:03:23]   [bench] Running execute remote...
[2026-06-01 10:03:30]   [bench] exit=0 passed=1 failed=0
0 missing_trie_node=0
0
[2026-06-01 10:03:30] 
[2026-06-01 10:03:30]   --- storage_mixed_k100_run18 (pbt) write-offset=1800000000 K=100 ---
[2026-06-01 10:03:30]   [geth] Stopping (SIGTERM, waiting up to 120s for clean exit): 1082190
[2026-06-01 10:03:31]   [geth] exited cleanly after 1s
[2026-06-01 10:03:31]   [cache] OS page cache dropped
Fatal: Could not create the account: account already exists
[2026-06-01 10:03:31]   [geth] Starting (pbt, gd=5, cold=1, dev.period=1, 1tx/block)
[2026-06-01 10:03:31]   [geth] Waiting for RPC...
[2026-06-01 10:03:33]   [geth] RPC ready after 3s
[2026-06-01 10:03:33]   [bench] Running execute remote...
[2026-06-01 10:03:39]   [bench] exit=0 passed=1 failed=0
0 missing_trie_node=0
0
[2026-06-01 10:03:39] 
[2026-06-01 10:03:39]   --- storage_mixed_k100_run19 (pbt) write-offset=1900000000 K=100 ---
[2026-06-01 10:03:39]   [geth] Stopping (SIGTERM, waiting up to 120s for clean exit): 1082323
[2026-06-01 10:03:40]   [geth] exited cleanly after 1s
[2026-06-01 10:03:41]   [cache] OS page cache dropped
Fatal: Could not create the account: account already exists
[2026-06-01 10:03:41]   [geth] Starting (pbt, gd=5, cold=1, dev.period=1, 1tx/block)
[2026-06-01 10:03:41]   [geth] Waiting for RPC...
[2026-06-01 10:03:43]   [geth] RPC ready after 3s
[2026-06-01 10:03:43]   [bench] Running execute remote...
[2026-06-01 10:03:50]   [bench] exit=0 passed=1 failed=0
0 missing_trie_node=0
0
[2026-06-01 10:03:50] 
[2026-06-01 10:03:50]   --- storage_mixed_k100_run20 (pbt) write-offset=2000000000 K=100 ---
[2026-06-01 10:03:50]   [geth] Stopping (SIGTERM, waiting up to 120s for clean exit): 1082483
[2026-06-01 10:03:51]   [geth] exited cleanly after 1s
[2026-06-01 10:03:51]   [cache] OS page cache dropped
Fatal: Could not create the account: account already exists
[2026-06-01 10:03:51]   [geth] Starting (pbt, gd=5, cold=1, dev.period=1, 1tx/block)
[2026-06-01 10:03:51]   [geth] Waiting for RPC...
[2026-06-01 10:03:53]   [geth] RPC ready after 3s
[2026-06-01 10:03:53]   [bench] Running execute remote...
[2026-06-01 10:04:01]   [bench] exit=0 passed=1 failed=0
0 missing_trie_node=0
0
[2026-06-01 10:04:01] 
[2026-06-01 10:04:01]   ── BENCHMARK: storage_mixed_k256 (pool=256 contracts; effective K=256)
[2026-06-01 10:04:01] 
[2026-06-01 10:04:01]   --- storage_mixed_k256_run1 (pbt) write-offset=100000000 K=256 ---
[2026-06-01 10:04:01]   [geth] Stopping (SIGTERM, waiting up to 120s for clean exit): 1082579
[2026-06-01 10:04:02]   [geth] exited cleanly after 1s
[2026-06-01 10:04:02]   [cache] OS page cache dropped
Fatal: Could not create the account: account already exists
[2026-06-01 10:04:02]   [geth] Starting (pbt, gd=5, cold=1, dev.period=1, 1tx/block)
[2026-06-01 10:04:02]   [geth] Waiting for RPC...
[2026-06-01 10:04:04]   [geth] RPC ready after 3s
[2026-06-01 10:04:04]   [bench] Running execute remote...
[2026-06-01 10:04:11]   [bench] exit=0 passed=1 failed=0
0 missing_trie_node=0
0
[2026-06-01 10:04:11] 
[2026-06-01 10:04:11]   --- storage_mixed_k256_run2 (pbt) write-offset=200000000 K=256 ---
[2026-06-01 10:04:11]   [geth] Stopping (SIGTERM, waiting up to 120s for clean exit): 1082705
[2026-06-01 10:04:12]   [geth] exited cleanly after 1s
[2026-06-01 10:04:12]   [cache] OS page cache dropped
Fatal: Could not create the account: account already exists
[2026-06-01 10:04:12]   [geth] Starting (pbt, gd=5, cold=1, dev.period=1, 1tx/block)
[2026-06-01 10:04:12]   [geth] Waiting for RPC...
[2026-06-01 10:04:15]   [geth] RPC ready after 3s
[2026-06-01 10:04:15]   [bench] Running execute remote...
[2026-06-01 10:04:21]   [bench] exit=0 passed=1 failed=0
0 missing_trie_node=0
0
[2026-06-01 10:04:21] 
[2026-06-01 10:04:21]   --- storage_mixed_k256_run3 (pbt) write-offset=300000000 K=256 ---
[2026-06-01 10:04:21]   [geth] Stopping (SIGTERM, waiting up to 120s for clean exit): 1082786
[2026-06-01 10:04:22]   [geth] exited cleanly after 1s
[2026-06-01 10:04:22]   [cache] OS page cache dropped
Fatal: Could not create the account: account already exists
[2026-06-01 10:04:22]   [geth] Starting (pbt, gd=5, cold=1, dev.period=1, 1tx/block)
[2026-06-01 10:04:22]   [geth] Waiting for RPC...
[2026-06-01 10:04:24]   [geth] RPC ready after 3s
[2026-06-01 10:04:24]   [bench] Running execute remote...
[2026-06-01 10:04:30]   [bench] exit=0 passed=1 failed=0
0 missing_trie_node=0
0
[2026-06-01 10:04:30] 
[2026-06-01 10:04:30]   --- storage_mixed_k256_run4 (pbt) write-offset=400000000 K=256 ---
[2026-06-01 10:04:30]   [geth] Stopping (SIGTERM, waiting up to 120s for clean exit): 1082874
[2026-06-01 10:04:31]   [geth] exited cleanly after 1s
[2026-06-01 10:04:32]   [cache] OS page cache dropped
Fatal: Could not create the account: account already exists
[2026-06-01 10:04:32]   [geth] Starting (pbt, gd=5, cold=1, dev.period=1, 1tx/block)
[2026-06-01 10:04:32]   [geth] Waiting for RPC...
[2026-06-01 10:04:34]   [geth] RPC ready after 3s
[2026-06-01 10:04:34]   [bench] Running execute remote...
[2026-06-01 10:04:40]   [bench] exit=0 passed=1 failed=0
0 missing_trie_node=0
0
[2026-06-01 10:04:40] 
[2026-06-01 10:04:40]   --- storage_mixed_k256_run5 (pbt) write-offset=500000000 K=256 ---
[2026-06-01 10:04:40]   [geth] Stopping (SIGTERM, waiting up to 120s for clean exit): 1082950
[2026-06-01 10:04:41]   [geth] exited cleanly after 1s
[2026-06-01 10:04:41]   [cache] OS page cache dropped
Fatal: Could not create the account: account already exists
[2026-06-01 10:04:41]   [geth] Starting (pbt, gd=5, cold=1, dev.period=1, 1tx/block)
[2026-06-01 10:04:41]   [geth] Waiting for RPC...
[2026-06-01 10:04:43]   [geth] RPC ready after 3s
[2026-06-01 10:04:43]   [bench] Running execute remote...
[2026-06-01 10:04:50]   [bench] exit=0 passed=1 failed=0
0 missing_trie_node=0
0
[2026-06-01 10:04:50] 
[2026-06-01 10:04:50]   --- storage_mixed_k256_run6 (pbt) write-offset=600000000 K=256 ---
[2026-06-01 10:04:50]   [geth] Stopping (SIGTERM, waiting up to 120s for clean exit): 1083024
[2026-06-01 10:04:51]   [geth] exited cleanly after 1s
[2026-06-01 10:04:51]   [cache] OS page cache dropped
Fatal: Could not create the account: account already exists
[2026-06-01 10:04:51]   [geth] Starting (pbt, gd=5, cold=1, dev.period=1, 1tx/block)
[2026-06-01 10:04:51]   [geth] Waiting for RPC...
[2026-06-01 10:04:53]   [geth] RPC ready after 3s
[2026-06-01 10:04:53]   [bench] Running execute remote...
[2026-06-01 10:04:59]   [bench] exit=0 passed=1 failed=0
0 missing_trie_node=0
0
[2026-06-01 10:04:59] 
[2026-06-01 10:04:59]   --- storage_mixed_k256_run7 (pbt) write-offset=700000000 K=256 ---
[2026-06-01 10:04:59]   [geth] Stopping (SIGTERM, waiting up to 120s for clean exit): 1083098
[2026-06-01 10:05:00]   [geth] exited cleanly after 1s
[2026-06-01 10:05:00]   [cache] OS page cache dropped
Fatal: Could not create the account: account already exists
[2026-06-01 10:05:01]   [geth] Starting (pbt, gd=5, cold=1, dev.period=1, 1tx/block)
[2026-06-01 10:05:01]   [geth] Waiting for RPC...
[2026-06-01 10:05:03]   [geth] RPC ready after 3s
[2026-06-01 10:05:03]   [bench] Running execute remote...
[2026-06-01 10:05:09]   [bench] exit=0 passed=1 failed=0
0 missing_trie_node=0
0
[2026-06-01 10:05:09] 
[2026-06-01 10:05:09]   --- storage_mixed_k256_run8 (pbt) write-offset=800000000 K=256 ---
[2026-06-01 10:05:09]   [geth] Stopping (SIGTERM, waiting up to 120s for clean exit): 1083177
[2026-06-01 10:05:10]   [geth] exited cleanly after 1s
[2026-06-01 10:05:10]   [cache] OS page cache dropped
Fatal: Could not create the account: account already exists
[2026-06-01 10:05:10]   [geth] Starting (pbt, gd=5, cold=1, dev.period=1, 1tx/block)
[2026-06-01 10:05:10]   [geth] Waiting for RPC...
[2026-06-01 10:05:12]   [geth] RPC ready after 3s
[2026-06-01 10:05:12]   [bench] Running execute remote...
[2026-06-01 10:05:19]   [bench] exit=0 passed=1 failed=0
0 missing_trie_node=0
0
[2026-06-01 10:05:19] 
[2026-06-01 10:05:19]   --- storage_mixed_k256_run9 (pbt) write-offset=900000000 K=256 ---
[2026-06-01 10:05:19]   [geth] Stopping (SIGTERM, waiting up to 120s for clean exit): 1083254
[2026-06-01 10:05:21]   [geth] exited cleanly after 1s
[2026-06-01 10:05:21]   [cache] OS page cache dropped
Fatal: Could not create the account: account already exists
[2026-06-01 10:05:21]   [geth] Starting (pbt, gd=5, cold=1, dev.period=1, 1tx/block)
[2026-06-01 10:05:21]   [geth] Waiting for RPC...
[2026-06-01 10:05:23]   [geth] RPC ready after 3s
[2026-06-01 10:05:23]   [bench] Running execute remote...
[2026-06-01 10:05:29]   [bench] exit=0 passed=1 failed=0
0 missing_trie_node=0
0
[2026-06-01 10:05:29] 
[2026-06-01 10:05:29]   --- storage_mixed_k256_run10 (pbt) write-offset=1000000000 K=256 ---
[2026-06-01 10:05:29]   [geth] Stopping (SIGTERM, waiting up to 120s for clean exit): 1083330
[2026-06-01 10:05:30]   [geth] exited cleanly after 1s
[2026-06-01 10:05:30]   [cache] OS page cache dropped
Fatal: Could not create the account: account already exists
[2026-06-01 10:05:30]   [geth] Starting (pbt, gd=5, cold=1, dev.period=1, 1tx/block)
[2026-06-01 10:05:30]   [geth] Waiting for RPC...
[2026-06-01 10:05:32]   [geth] RPC ready after 3s
[2026-06-01 10:05:32]   [bench] Running execute remote...
[2026-06-01 10:05:41]   [bench] exit=0 passed=1 failed=0
0 missing_trie_node=0
0
[2026-06-01 10:05:41] 
[2026-06-01 10:05:41]   --- storage_mixed_k256_run11 (pbt) write-offset=1100000000 K=256 ---
[2026-06-01 10:05:41]   [geth] Stopping (SIGTERM, waiting up to 120s for clean exit): 1083407
[2026-06-01 10:05:42]   [geth] exited cleanly after 1s
[2026-06-01 10:05:42]   [cache] OS page cache dropped
Fatal: Could not create the account: account already exists
[2026-06-01 10:05:42]   [geth] Starting (pbt, gd=5, cold=1, dev.period=1, 1tx/block)
[2026-06-01 10:05:42]   [geth] Waiting for RPC...
[2026-06-01 10:05:44]   [geth] RPC ready after 3s
[2026-06-01 10:05:44]   [bench] Running execute remote...
[2026-06-01 10:05:50]   [bench] exit=0 passed=1 failed=0
0 missing_trie_node=0
0
[2026-06-01 10:05:50] 
[2026-06-01 10:05:50]   --- storage_mixed_k256_run12 (pbt) write-offset=1200000000 K=256 ---
[2026-06-01 10:05:50]   [geth] Stopping (SIGTERM, waiting up to 120s for clean exit): 1083491
[2026-06-01 10:05:51]   [geth] exited cleanly after 1s
[2026-06-01 10:05:51]   [cache] OS page cache dropped
Fatal: Could not create the account: account already exists
[2026-06-01 10:05:51]   [geth] Starting (pbt, gd=5, cold=1, dev.period=1, 1tx/block)
[2026-06-01 10:05:51]   [geth] Waiting for RPC...
[2026-06-01 10:05:53]   [geth] RPC ready after 3s
[2026-06-01 10:05:53]   [bench] Running execute remote...
[2026-06-01 10:06:00]   [bench] exit=0 passed=1 failed=0
0 missing_trie_node=0
0
[2026-06-01 10:06:00] 
[2026-06-01 10:06:00]   --- storage_mixed_k256_run13 (pbt) write-offset=1300000000 K=256 ---
[2026-06-01 10:06:00]   [geth] Stopping (SIGTERM, waiting up to 120s for clean exit): 1083564
[2026-06-01 10:06:01]   [geth] exited cleanly after 1s
[2026-06-01 10:06:01]   [cache] OS page cache dropped
Fatal: Could not create the account: account already exists
[2026-06-01 10:06:01]   [geth] Starting (pbt, gd=5, cold=1, dev.period=1, 1tx/block)
[2026-06-01 10:06:01]   [geth] Waiting for RPC...
[2026-06-01 10:06:03]   [geth] RPC ready after 3s
[2026-06-01 10:06:03]   [bench] Running execute remote...
[2026-06-01 10:06:09]   [bench] exit=0 passed=1 failed=0
0 missing_trie_node=0
0
[2026-06-01 10:06:09] 
[2026-06-01 10:06:09]   --- storage_mixed_k256_run14 (pbt) write-offset=1400000000 K=256 ---
[2026-06-01 10:06:09]   [geth] Stopping (SIGTERM, waiting up to 120s for clean exit): 1083637
[2026-06-01 10:06:10]   [geth] exited cleanly after 1s
[2026-06-01 10:06:10]   [cache] OS page cache dropped
Fatal: Could not create the account: account already exists
[2026-06-01 10:06:10]   [geth] Starting (pbt, gd=5, cold=1, dev.period=1, 1tx/block)
[2026-06-01 10:06:10]   [geth] Waiting for RPC...
[2026-06-01 10:06:13]   [geth] RPC ready after 3s
[2026-06-01 10:06:13]   [bench] Running execute remote...
[2026-06-01 10:06:19]   [bench] exit=0 passed=1 failed=0
0 missing_trie_node=0
0
[2026-06-01 10:06:19] 
[2026-06-01 10:06:19]   --- storage_mixed_k256_run15 (pbt) write-offset=1500000000 K=256 ---
[2026-06-01 10:06:19]   [geth] Stopping (SIGTERM, waiting up to 120s for clean exit): 1083712
[2026-06-01 10:06:20]   [geth] exited cleanly after 1s
[2026-06-01 10:06:20]   [cache] OS page cache dropped
Fatal: Could not create the account: account already exists
[2026-06-01 10:06:20]   [geth] Starting (pbt, gd=5, cold=1, dev.period=1, 1tx/block)
[2026-06-01 10:06:20]   [geth] Waiting for RPC...
[2026-06-01 10:06:22]   [geth] RPC ready after 3s
[2026-06-01 10:06:22]   [bench] Running execute remote...
[2026-06-01 10:06:28]   [bench] exit=0 passed=1 failed=0
0 missing_trie_node=0
0
[2026-06-01 10:06:28] 
[2026-06-01 10:06:28]   --- storage_mixed_k256_run16 (pbt) write-offset=1600000000 K=256 ---
[2026-06-01 10:06:28]   [geth] Stopping (SIGTERM, waiting up to 120s for clean exit): 1083786
[2026-06-01 10:06:29]   [geth] exited cleanly after 1s
[2026-06-01 10:06:29]   [cache] OS page cache dropped
Fatal: Could not create the account: account already exists
[2026-06-01 10:06:30]   [geth] Starting (pbt, gd=5, cold=1, dev.period=1, 1tx/block)
[2026-06-01 10:06:30]   [geth] Waiting for RPC...
[2026-06-01 10:06:32]   [geth] RPC ready after 3s
[2026-06-01 10:06:32]   [bench] Running execute remote...
[2026-06-01 10:06:38]   [bench] exit=0 passed=1 failed=0
0 missing_trie_node=0
0
[2026-06-01 10:06:38] 
[2026-06-01 10:06:38]   --- storage_mixed_k256_run17 (pbt) write-offset=1700000000 K=256 ---
[2026-06-01 10:06:38]   [geth] Stopping (SIGTERM, waiting up to 120s for clean exit): 1083866
[2026-06-01 10:06:39]   [geth] exited cleanly after 1s
[2026-06-01 10:06:39]   [cache] OS page cache dropped
Fatal: Could not create the account: account already exists
[2026-06-01 10:06:39]   [geth] Starting (pbt, gd=5, cold=1, dev.period=1, 1tx/block)
[2026-06-01 10:06:39]   [geth] Waiting for RPC...
[2026-06-01 10:06:41]   [geth] RPC ready after 3s
[2026-06-01 10:06:41]   [bench] Running execute remote...
[2026-06-01 10:06:47]   [bench] exit=0 passed=1 failed=0
0 missing_trie_node=0
0
[2026-06-01 10:06:47] 
[2026-06-01 10:06:47]   --- storage_mixed_k256_run18 (pbt) write-offset=1800000000 K=256 ---
[2026-06-01 10:06:47]   [geth] Stopping (SIGTERM, waiting up to 120s for clean exit): 1083951
[2026-06-01 10:06:48]   [geth] exited cleanly after 1s
[2026-06-01 10:06:49]   [cache] OS page cache dropped
Fatal: Could not create the account: account already exists
[2026-06-01 10:06:49]   [geth] Starting (pbt, gd=5, cold=1, dev.period=1, 1tx/block)
[2026-06-01 10:06:49]   [geth] Waiting for RPC...
[2026-06-01 10:06:51]   [geth] RPC ready after 3s
[2026-06-01 10:06:51]   [bench] Running execute remote...
[2026-06-01 10:06:57]   [bench] exit=0 passed=1 failed=0
0 missing_trie_node=0
0
[2026-06-01 10:06:57] 
[2026-06-01 10:06:57]   --- storage_mixed_k256_run19 (pbt) write-offset=1900000000 K=256 ---
[2026-06-01 10:06:57]   [geth] Stopping (SIGTERM, waiting up to 120s for clean exit): 1084027
[2026-06-01 10:06:58]   [geth] exited cleanly after 1s
[2026-06-01 10:06:58]   [cache] OS page cache dropped
Fatal: Could not create the account: account already exists
[2026-06-01 10:06:58]   [geth] Starting (pbt, gd=5, cold=1, dev.period=1, 1tx/block)
[2026-06-01 10:06:58]   [geth] Waiting for RPC...
[2026-06-01 10:07:00]   [geth] RPC ready after 3s
[2026-06-01 10:07:00]   [bench] Running execute remote...
[2026-06-01 10:07:06]   [bench] exit=0 passed=1 failed=0
0 missing_trie_node=0
0
[2026-06-01 10:07:06] 
[2026-06-01 10:07:06]   --- storage_mixed_k256_run20 (pbt) write-offset=2000000000 K=256 ---
[2026-06-01 10:07:07]   [geth] Stopping (SIGTERM, waiting up to 120s for clean exit): 1084102
[2026-06-01 10:07:08]   [geth] exited cleanly after 1s
[2026-06-01 10:07:08]   [cache] OS page cache dropped
Fatal: Could not create the account: account already exists
[2026-06-01 10:07:08]   [geth] Starting (pbt, gd=5, cold=1, dev.period=1, 1tx/block)
[2026-06-01 10:07:08]   [geth] Waiting for RPC...
[2026-06-01 10:07:10]   [geth] RPC ready after 3s
[2026-06-01 10:07:10]   [bench] Running execute remote...
[2026-06-01 10:07:16]   [bench] exit=0 passed=1 failed=0
0 missing_trie_node=0
0
[2026-06-01 10:07:16]   [geth] Stopping (SIGTERM, waiting up to 120s for clean exit): 1084177
[2026-06-01 10:07:17]   [geth] exited cleanly after 1s
[2026-06-01 10:07:17] 
[2026-06-01 10:07:17] ╔══════════════════════════════════════════════════════════════════╗
[2026-06-01 10:07:17] ║  All benchmark runs complete
[2026-06-01 10:07:17] ╚══════════════════════════════════════════════════════════════════╝
[2026-06-01 10:07:17] 
[2026-06-01 10:07:17] ── Stage 3: extract_csv.py per config ──
[2026-06-01 10:07:17]   extracting ubt from /mnt/state_expiry_vol_data/bintrie-benchmarks/ubt-vs-pbt/data/ubt
Extracting CSVs for config: ubt
  Results dir: /mnt/state_expiry_vol_data/bintrie-benchmarks/ubt-vs-pbt/data/ubt
  Output dir: /mnt/state_expiry_vol_data/bintrie-benchmarks/ubt-vs-pbt/data/ubt/csv
  Discovered 12 benchmarks: ['storage_mixed_k1', 'storage_mixed_k10', 'storage_mixed_k100', 'storage_mixed_k256', 'storage_sload_k1', 'storage_sload_k10', 'storage_sload_k100', 'storage_sload_k256', 'storage_sstore_k1', 'storage_sstore_k10', 'storage_sstore_k100', 'storage_sstore_k256']

--- storage_mixed_k1 ---
  run 10: 7 total blocks, 1 benchmark blocks
  run 11: 7 total blocks, 1 benchmark blocks
  run 12: 7 total blocks, 1 benchmark blocks
  run 13: 7 total blocks, 1 benchmark blocks
  run 14: 7 total blocks, 1 benchmark blocks
  run 15: 7 total blocks, 1 benchmark blocks
  run 16: 7 total blocks, 1 benchmark blocks
  run 17: 7 total blocks, 1 benchmark blocks
  run 18: 7 total blocks, 1 benchmark blocks
  run 19: 7 total blocks, 1 benchmark blocks
  run 1: 7 total blocks, 1 benchmark blocks
  run 20: 7 total blocks, 1 benchmark blocks
  run 2: 7 total blocks, 1 benchmark blocks
  run 3: 8 total blocks, 1 benchmark blocks
  run 4: 7 total blocks, 1 benchmark blocks
  run 5: 7 total blocks, 1 benchmark blocks
  run 6: 7 total blocks, 1 benchmark blocks
  run 7: 7 total blocks, 1 benchmark blocks
  run 8: 7 total blocks, 1 benchmark blocks
  run 9: 7 total blocks, 1 benchmark blocks
  -> Written 141 rows to ubt_storage_mixed_k1.csv

--- storage_mixed_k10 ---
  run 10: 7 total blocks, 1 benchmark blocks
  run 11: 7 total blocks, 1 benchmark blocks
  run 12: 7 total blocks, 1 benchmark blocks
  run 13: 6 total blocks, 1 benchmark blocks
  run 14: 7 total blocks, 1 benchmark blocks
  run 15: 7 total blocks, 1 benchmark blocks
  run 16: 7 total blocks, 1 benchmark blocks
  run 17: 7 total blocks, 1 benchmark blocks
  run 18: 7 total blocks, 1 benchmark blocks
  run 19: 6 total blocks, 1 benchmark blocks
  run 1: 7 total blocks, 1 benchmark blocks
  run 20: 7 total blocks, 1 benchmark blocks
  run 2: 7 total blocks, 1 benchmark blocks
  run 3: 7 total blocks, 1 benchmark blocks
  run 4: 7 total blocks, 1 benchmark blocks
  run 5: 7 total blocks, 1 benchmark blocks
  run 6: 7 total blocks, 1 benchmark blocks
  run 7: 7 total blocks, 1 benchmark blocks
  run 8: 7 total blocks, 1 benchmark blocks
  run 9: 7 total blocks, 1 benchmark blocks
  -> Written 138 rows to ubt_storage_mixed_k10.csv

--- storage_mixed_k100 ---
  run 10: 7 total blocks, 1 benchmark blocks
  run 11: 7 total blocks, 1 benchmark blocks
  run 12: 7 total blocks, 1 benchmark blocks
  run 13: 7 total blocks, 1 benchmark blocks
  run 14: 7 total blocks, 1 benchmark blocks
  run 15: 7 total blocks, 1 benchmark blocks
  run 16: 7 total blocks, 1 benchmark blocks
  run 17: 7 total blocks, 1 benchmark blocks
  run 18: 7 total blocks, 1 benchmark blocks
  run 19: 7 total blocks, 1 benchmark blocks
  run 1: 8 total blocks, 1 benchmark blocks
  run 20: 7 total blocks, 1 benchmark blocks
  run 2: 7 total blocks, 1 benchmark blocks
  run 3: 6 total blocks, 1 benchmark blocks
  run 4: 7 total blocks, 1 benchmark blocks
  run 5: 7 total blocks, 1 benchmark blocks
  run 6: 7 total blocks, 1 benchmark blocks
  run 7: 7 total blocks, 1 benchmark blocks
  run 8: 7 total blocks, 1 benchmark blocks
  run 9: 7 total blocks, 1 benchmark blocks
  -> Written 140 rows to ubt_storage_mixed_k100.csv

--- storage_mixed_k256 ---
  run 10: 7 total blocks, 1 benchmark blocks
  run 11: 7 total blocks, 1 benchmark blocks
  run 12: 7 total blocks, 1 benchmark blocks
  run 13: 8 total blocks, 1 benchmark blocks
  run 14: 7 total blocks, 1 benchmark blocks
  run 15: 8 total blocks, 1 benchmark blocks
  run 16: 7 total blocks, 1 benchmark blocks
  run 17: 7 total blocks, 1 benchmark blocks
  run 18: 7 total blocks, 1 benchmark blocks
  run 19: 7 total blocks, 1 benchmark blocks
  run 1: 7 total blocks, 1 benchmark blocks
  run 20: 7 total blocks, 1 benchmark blocks
  run 2: 8 total blocks, 1 benchmark blocks
  run 3: 7 total blocks, 1 benchmark blocks
  run 4: 7 total blocks, 1 benchmark blocks
  run 5: 7 total blocks, 1 benchmark blocks
  run 6: 7 total blocks, 1 benchmark blocks
  run 7: 7 total blocks, 1 benchmark blocks
  run 8: 7 total blocks, 1 benchmark blocks
  run 9: 6 total blocks, 1 benchmark blocks
  -> Written 142 rows to ubt_storage_mixed_k256.csv

--- storage_sload_k1 ---
  run 10: 7 total blocks, 1 benchmark blocks
  run 11: 7 total blocks, 1 benchmark blocks
  run 12: 6 total blocks, 1 benchmark blocks
  run 13: 7 total blocks, 1 benchmark blocks
  run 14: 7 total blocks, 1 benchmark blocks
  run 15: 7 total blocks, 1 benchmark blocks
  run 16: 7 total blocks, 1 benchmark blocks
  run 17: 6 total blocks, 1 benchmark blocks
  run 18: 7 total blocks, 1 benchmark blocks
  run 19: 7 total blocks, 1 benchmark blocks
  run 1: 5 total blocks, 1 benchmark blocks
  run 20: 7 total blocks, 1 benchmark blocks
  run 2: 6 total blocks, 1 benchmark blocks
  run 3: 7 total blocks, 1 benchmark blocks
  run 4: 7 total blocks, 1 benchmark blocks
  run 5: 6 total blocks, 1 benchmark blocks
  run 6: 7 total blocks, 1 benchmark blocks
  run 7: 7 total blocks, 1 benchmark blocks
  run 8: 6 total blocks, 1 benchmark blocks
  run 9: 7 total blocks, 1 benchmark blocks
  -> Written 133 rows to ubt_storage_sload_k1.csv

--- storage_sload_k10 ---
  run 10: 7 total blocks, 1 benchmark blocks
  run 11: 6 total blocks, 1 benchmark blocks
  run 12: 7 total blocks, 1 benchmark blocks
  run 13: 7 total blocks, 1 benchmark blocks
  run 14: 7 total blocks, 1 benchmark blocks
  run 15: 7 total blocks, 1 benchmark blocks
  run 16: 7 total blocks, 1 benchmark blocks
  run 17: 7 total blocks, 1 benchmark blocks
  run 18: 7 total blocks, 1 benchmark blocks
  run 19: 7 total blocks, 1 benchmark blocks
  run 1: 7 total blocks, 1 benchmark blocks
  run 20: 7 total blocks, 1 benchmark blocks
  run 2: 7 total blocks, 1 benchmark blocks
  run 3: 7 total blocks, 1 benchmark blocks
  run 4: 7 total blocks, 1 benchmark blocks
  run 5: 7 total blocks, 1 benchmark blocks
  run 6: 7 total blocks, 1 benchmark blocks
  run 7: 5 total blocks, 1 benchmark blocks
  run 8: 6 total blocks, 1 benchmark blocks
  run 9: 7 total blocks, 1 benchmark blocks
  -> Written 136 rows to ubt_storage_sload_k10.csv

--- storage_sload_k100 ---
  run 10: 7 total blocks, 1 benchmark blocks
  run 11: 6 total blocks, 1 benchmark blocks
  run 12: 7 total blocks, 1 benchmark blocks
  run 13: 7 total blocks, 1 benchmark blocks
  run 14: 7 total blocks, 1 benchmark blocks
  run 15: 7 total blocks, 1 benchmark blocks
  run 16: 6 total blocks, 1 benchmark blocks
  run 17: 7 total blocks, 1 benchmark blocks
  run 18: 7 total blocks, 1 benchmark blocks
  run 19: 7 total blocks, 1 benchmark blocks
  run 1: 7 total blocks, 1 benchmark blocks
  run 20: 7 total blocks, 1 benchmark blocks
  run 2: 7 total blocks, 1 benchmark blocks
  run 3: 7 total blocks, 1 benchmark blocks
  run 4: 7 total blocks, 1 benchmark blocks
  run 5: 6 total blocks, 1 benchmark blocks
  run 6: 6 total blocks, 1 benchmark blocks
  run 7: 7 total blocks, 1 benchmark blocks
  run 8: 6 total blocks, 1 benchmark blocks
  run 9: 7 total blocks, 1 benchmark blocks
  -> Written 135 rows to ubt_storage_sload_k100.csv

--- storage_sload_k256 ---
  run 10: 8 total blocks, 1 benchmark blocks
  run 11: 7 total blocks, 1 benchmark blocks
  run 12: 7 total blocks, 1 benchmark blocks
  run 13: 7 total blocks, 1 benchmark blocks
  run 14: 7 total blocks, 1 benchmark blocks
  run 15: 7 total blocks, 1 benchmark blocks
  run 16: 7 total blocks, 1 benchmark blocks
  run 17: 7 total blocks, 1 benchmark blocks
  run 18: 7 total blocks, 1 benchmark blocks
  run 19: 7 total blocks, 1 benchmark blocks
  run 1: 7 total blocks, 1 benchmark blocks
  run 20: 7 total blocks, 1 benchmark blocks
  run 2: 7 total blocks, 1 benchmark blocks
  run 3: 7 total blocks, 1 benchmark blocks
  run 4: 8 total blocks, 1 benchmark blocks
  run 5: 7 total blocks, 1 benchmark blocks
  run 6: 7 total blocks, 1 benchmark blocks
  run 7: 7 total blocks, 1 benchmark blocks
  run 8: 7 total blocks, 1 benchmark blocks
  run 9: 7 total blocks, 1 benchmark blocks
  -> Written 142 rows to ubt_storage_sload_k256.csv

--- storage_sstore_k1 ---
  run 10: 6 total blocks, 1 benchmark blocks
  run 11: 7 total blocks, 1 benchmark blocks
  run 12: 7 total blocks, 1 benchmark blocks
  run 13: 6 total blocks, 1 benchmark blocks
  run 14: 7 total blocks, 1 benchmark blocks
  run 15: 7 total blocks, 1 benchmark blocks
  run 16: 7 total blocks, 1 benchmark blocks
  run 17: 7 total blocks, 1 benchmark blocks
  run 18: 7 total blocks, 1 benchmark blocks
  run 19: 7 total blocks, 1 benchmark blocks
  run 1: 6 total blocks, 1 benchmark blocks
  run 20: 6 total blocks, 1 benchmark blocks
  run 2: 7 total blocks, 1 benchmark blocks
  run 3: 6 total blocks, 1 benchmark blocks
  run 4: 7 total blocks, 1 benchmark blocks
  run 5: 7 total blocks, 1 benchmark blocks
  run 6: 6 total blocks, 1 benchmark blocks
  run 7: 6 total blocks, 1 benchmark blocks
  run 8: 8 total blocks, 1 benchmark blocks
  run 9: 8 total blocks, 1 benchmark blocks
  -> Written 135 rows to ubt_storage_sstore_k1.csv

--- storage_sstore_k10 ---
  run 10: 7 total blocks, 1 benchmark blocks
  run 11: 6 total blocks, 1 benchmark blocks
  run 12: 6 total blocks, 1 benchmark blocks
  run 13: 7 total blocks, 1 benchmark blocks
  run 14: 7 total blocks, 1 benchmark blocks
  run 15: 6 total blocks, 1 benchmark blocks
  run 16: 6 total blocks, 1 benchmark blocks
  run 17: 7 total blocks, 1 benchmark blocks
  run 18: 7 total blocks, 1 benchmark blocks
  run 19: 7 total blocks, 1 benchmark blocks
  run 1: 6 total blocks, 1 benchmark blocks
  run 20: 7 total blocks, 1 benchmark blocks
  run 2: 7 total blocks, 1 benchmark blocks
  run 3: 7 total blocks, 1 benchmark blocks
  run 4: 6 total blocks, 1 benchmark blocks
  run 5: 6 total blocks, 1 benchmark blocks
  run 6: 6 total blocks, 1 benchmark blocks
  run 7: 6 total blocks, 1 benchmark blocks
  run 8: 6 total blocks, 1 benchmark blocks
  run 9: 6 total blocks, 1 benchmark blocks
  -> Written 129 rows to ubt_storage_sstore_k10.csv

--- storage_sstore_k100 ---
  run 10: 7 total blocks, 1 benchmark blocks
  run 11: 7 total blocks, 1 benchmark blocks
  run 12: 7 total blocks, 1 benchmark blocks
  run 13: 6 total blocks, 1 benchmark blocks
  run 14: 7 total blocks, 1 benchmark blocks
  run 15: 7 total blocks, 1 benchmark blocks
  run 16: 7 total blocks, 1 benchmark blocks
  run 17: 6 total blocks, 1 benchmark blocks
  run 18: 7 total blocks, 1 benchmark blocks
  run 19: 7 total blocks, 1 benchmark blocks
  run 1: 7 total blocks, 1 benchmark blocks
  run 20: 7 total blocks, 1 benchmark blocks
  run 2: 7 total blocks, 1 benchmark blocks
  run 3: 7 total blocks, 1 benchmark blocks
  run 4: 7 total blocks, 1 benchmark blocks
  run 5: 7 total blocks, 1 benchmark blocks
  run 6: 6 total blocks, 1 benchmark blocks
  run 7: 7 total blocks, 1 benchmark blocks
  run 8: 8 total blocks, 1 benchmark blocks
  run 9: 7 total blocks, 1 benchmark blocks
  -> Written 138 rows to ubt_storage_sstore_k100.csv

--- storage_sstore_k256 ---
  run 10: 7 total blocks, 1 benchmark blocks
  run 11: 7 total blocks, 1 benchmark blocks
  run 12: 6 total blocks, 1 benchmark blocks
  run 13: 6 total blocks, 1 benchmark blocks
  run 14: 7 total blocks, 1 benchmark blocks
  run 15: 7 total blocks, 1 benchmark blocks
  run 16: 6 total blocks, 1 benchmark blocks
  run 17: 7 total blocks, 1 benchmark blocks
  run 18: 7 total blocks, 1 benchmark blocks
  run 19: 7 total blocks, 1 benchmark blocks
  run 1: 7 total blocks, 1 benchmark blocks
  run 20: 7 total blocks, 1 benchmark blocks
  run 2: 6 total blocks, 1 benchmark blocks
  run 3: 7 total blocks, 1 benchmark blocks
  run 4: 7 total blocks, 1 benchmark blocks
  run 5: 7 total blocks, 1 benchmark blocks
  run 6: 7 total blocks, 1 benchmark blocks
  run 7: 7 total blocks, 1 benchmark blocks
  run 8: 7 total blocks, 1 benchmark blocks
  run 9: 7 total blocks, 1 benchmark blocks
  -> Written 136 rows to ubt_storage_sstore_k256.csv

-> Cache validation: 240 rows to ubt_cache_validation.csv
-> All benchmarks: 1645 rows to ubt_all_benchmarks.csv

================================================================================
  CACHE VALIDATION SUMMARY
================================================================================

  storage_mixed_k1:
    Runs: 20
    Account cache: avg=31.2%
    Storage cache: avg=39.7%, min=8.2%, max=97.0%
    OK: Storage cache rates look reasonable for cold-start benchmarks

  storage_mixed_k10:
    Runs: 20
    Account cache: avg=36.8%
    Storage cache: avg=36.0%, min=3.2%, max=92.3%
    OK: Storage cache rates look reasonable for cold-start benchmarks

  storage_mixed_k100:
    Runs: 20
    Account cache: avg=24.8%
    Storage cache: avg=36.5%, min=9.3%, max=87.1%
    OK: Storage cache rates look reasonable for cold-start benchmarks

  storage_mixed_k256:
    Runs: 20
    Account cache: avg=27.2%
    Storage cache: avg=30.2%, min=13.2%, max=72.7%
    OK: Storage cache rates look reasonable for cold-start benchmarks

  storage_sload_k1:
    Runs: 20
    Account cache: avg=31.9%
    Storage cache: avg=22.9%, min=0.8%, max=67.0%
    OK: Storage cache rates look reasonable for cold-start benchmarks

  storage_sload_k10:
    Runs: 20
    Account cache: avg=34.1%
    Storage cache: avg=38.4%, min=11.2%, max=91.9%
    OK: Storage cache rates look reasonable for cold-start benchmarks

  storage_sload_k100:
    Runs: 20
    Account cache: avg=25.5%
    Storage cache: avg=25.9%, min=5.0%, max=72.9%
    OK: Storage cache rates look reasonable for cold-start benchmarks

  storage_sload_k256:
    Runs: 20
    Account cache: avg=26.9%
    Storage cache: avg=28.5%, min=7.7%, max=53.7%
    OK: Storage cache rates look reasonable for cold-start benchmarks

  storage_sstore_k1:
    Runs: 20
    Account cache: avg=40.0%
    Storage cache: avg=28.5%, min=9.6%, max=46.9%
    OK: Storage cache rates look reasonable for cold-start benchmarks

  storage_sstore_k10:
    Runs: 20
    Account cache: avg=30.0%
    Storage cache: avg=25.2%, min=4.4%, max=41.2%
    OK: Storage cache rates look reasonable for cold-start benchmarks

  storage_sstore_k100:
    Runs: 20
    Account cache: avg=20.6%
    Storage cache: avg=22.3%, min=10.4%, max=39.4%
    OK: Storage cache rates look reasonable for cold-start benchmarks

  storage_sstore_k256:
    Runs: 20
    Account cache: avg=24.3%
    Storage cache: avg=21.2%, min=10.8%, max=45.5%
    OK: Storage cache rates look reasonable for cold-start benchmarks
[2026-06-01 10:07:17]   extracting pbt from /mnt/state_expiry_vol_data/bintrie-benchmarks/ubt-vs-pbt/data/pbt
Extracting CSVs for config: pbt
  Results dir: /mnt/state_expiry_vol_data/bintrie-benchmarks/ubt-vs-pbt/data/pbt
  Output dir: /mnt/state_expiry_vol_data/bintrie-benchmarks/ubt-vs-pbt/data/pbt/csv
  Discovered 12 benchmarks: ['storage_mixed_k1', 'storage_mixed_k10', 'storage_mixed_k100', 'storage_mixed_k256', 'storage_sload_k1', 'storage_sload_k10', 'storage_sload_k100', 'storage_sload_k256', 'storage_sstore_k1', 'storage_sstore_k10', 'storage_sstore_k100', 'storage_sstore_k256']

--- storage_mixed_k1 ---
  run 10: 6 total blocks, 1 benchmark blocks
  run 11: 7 total blocks, 1 benchmark blocks
  run 12: 6 total blocks, 1 benchmark blocks
  run 13: 7 total blocks, 1 benchmark blocks
  run 14: 6 total blocks, 1 benchmark blocks
  run 15: 8 total blocks, 1 benchmark blocks
  run 16: 6 total blocks, 1 benchmark blocks
  run 17: 6 total blocks, 1 benchmark blocks
  run 18: 7 total blocks, 1 benchmark blocks
  run 19: 6 total blocks, 1 benchmark blocks
  run 1: 6 total blocks, 1 benchmark blocks
  run 20: 6 total blocks, 1 benchmark blocks
  run 2: 6 total blocks, 1 benchmark blocks
  run 3: 6 total blocks, 1 benchmark blocks
  run 4: 7 total blocks, 1 benchmark blocks
  run 5: 6 total blocks, 1 benchmark blocks
  run 6: 6 total blocks, 1 benchmark blocks
  run 7: 6 total blocks, 1 benchmark blocks
  run 8: 6 total blocks, 1 benchmark blocks
  run 9: 6 total blocks, 1 benchmark blocks
  -> Written 126 rows to pbt_storage_mixed_k1.csv

--- storage_mixed_k10 ---
  run 10: 7 total blocks, 1 benchmark blocks
  run 11: 6 total blocks, 1 benchmark blocks
  run 12: 6 total blocks, 1 benchmark blocks
  run 13: 6 total blocks, 1 benchmark blocks
  run 14: 6 total blocks, 1 benchmark blocks
  run 15: 6 total blocks, 1 benchmark blocks
  run 16: 7 total blocks, 1 benchmark blocks
  run 17: 7 total blocks, 1 benchmark blocks
  run 18: 6 total blocks, 1 benchmark blocks
  run 19: 7 total blocks, 1 benchmark blocks
  run 1: 6 total blocks, 1 benchmark blocks
  run 20: 8 total blocks, 1 benchmark blocks
  run 2: 7 total blocks, 1 benchmark blocks
  run 3: 7 total blocks, 1 benchmark blocks
  run 4: 6 total blocks, 1 benchmark blocks
  run 5: 7 total blocks, 1 benchmark blocks
  run 6: 6 total blocks, 1 benchmark blocks
  run 7: 6 total blocks, 1 benchmark blocks
  run 8: 6 total blocks, 1 benchmark blocks
  run 9: 6 total blocks, 1 benchmark blocks
  -> Written 129 rows to pbt_storage_mixed_k10.csv

--- storage_mixed_k100 ---
  run 10: 8 total blocks, 1 benchmark blocks
  run 11: 7 total blocks, 1 benchmark blocks
  run 12: 7 total blocks, 1 benchmark blocks
  run 13: 7 total blocks, 1 benchmark blocks
  run 14: 8 total blocks, 1 benchmark blocks
  run 15: 6 total blocks, 1 benchmark blocks
  run 16: 7 total blocks, 1 benchmark blocks
  run 17: 6 total blocks, 1 benchmark blocks
  run 18: 6 total blocks, 1 benchmark blocks
  run 19: 7 total blocks, 1 benchmark blocks
  run 1: 6 total blocks, 1 benchmark blocks
  run 20: 7 total blocks, 1 benchmark blocks
  run 2: 6 total blocks, 1 benchmark blocks
  run 3: 6 total blocks, 1 benchmark blocks
  run 4: 6 total blocks, 1 benchmark blocks
  run 5: 7 total blocks, 1 benchmark blocks
  run 6: 7 total blocks, 1 benchmark blocks
  run 7: 7 total blocks, 1 benchmark blocks
  run 8: 6 total blocks, 1 benchmark blocks
  run 9: 7 total blocks, 1 benchmark blocks
  -> Written 134 rows to pbt_storage_mixed_k100.csv

--- storage_mixed_k256 ---
  run 10: 8 total blocks, 1 benchmark blocks
  run 11: 6 total blocks, 1 benchmark blocks
  run 12: 6 total blocks, 1 benchmark blocks
  run 13: 6 total blocks, 1 benchmark blocks
  run 14: 6 total blocks, 1 benchmark blocks
  run 15: 6 total blocks, 1 benchmark blocks
  run 16: 6 total blocks, 1 benchmark blocks
  run 17: 6 total blocks, 1 benchmark blocks
  run 18: 6 total blocks, 1 benchmark blocks
  run 19: 6 total blocks, 1 benchmark blocks
  run 1: 7 total blocks, 1 benchmark blocks
  run 20: 6 total blocks, 1 benchmark blocks
  run 2: 6 total blocks, 1 benchmark blocks
  run 3: 6 total blocks, 1 benchmark blocks
  run 4: 6 total blocks, 1 benchmark blocks
  run 5: 6 total blocks, 1 benchmark blocks
  run 6: 6 total blocks, 1 benchmark blocks
  run 7: 6 total blocks, 1 benchmark blocks
  run 8: 7 total blocks, 1 benchmark blocks
  run 9: 6 total blocks, 1 benchmark blocks
  -> Written 124 rows to pbt_storage_mixed_k256.csv

--- storage_sload_k1 ---
  run 10: 7 total blocks, 1 benchmark blocks
  run 11: 7 total blocks, 1 benchmark blocks
  run 12: 6 total blocks, 1 benchmark blocks
  run 13: 6 total blocks, 1 benchmark blocks
  run 14: 7 total blocks, 1 benchmark blocks
  run 15: 7 total blocks, 1 benchmark blocks
  run 16: 6 total blocks, 1 benchmark blocks
  run 17: 6 total blocks, 1 benchmark blocks
  run 18: 6 total blocks, 1 benchmark blocks
  run 19: 7 total blocks, 1 benchmark blocks
  run 1: 7 total blocks, 1 benchmark blocks
  run 20: 6 total blocks, 1 benchmark blocks
  run 2: 7 total blocks, 1 benchmark blocks
  run 3: 7 total blocks, 1 benchmark blocks
  run 4: 7 total blocks, 1 benchmark blocks
  run 5: 7 total blocks, 1 benchmark blocks
  run 6: 7 total blocks, 1 benchmark blocks
  run 7: 6 total blocks, 1 benchmark blocks
  run 8: 7 total blocks, 1 benchmark blocks
  run 9: 7 total blocks, 1 benchmark blocks
  -> Written 133 rows to pbt_storage_sload_k1.csv

--- storage_sload_k10 ---
  run 10: 7 total blocks, 1 benchmark blocks
  run 11: 7 total blocks, 1 benchmark blocks
  run 12: 7 total blocks, 1 benchmark blocks
  run 13: 7 total blocks, 1 benchmark blocks
  run 14: 6 total blocks, 1 benchmark blocks
  run 15: 8 total blocks, 1 benchmark blocks
  run 16: 7 total blocks, 1 benchmark blocks
  run 17: 7 total blocks, 1 benchmark blocks
  run 18: 6 total blocks, 1 benchmark blocks
  run 19: 7 total blocks, 1 benchmark blocks
  run 1: 7 total blocks, 1 benchmark blocks
  run 20: 8 total blocks, 1 benchmark blocks
  run 2: 7 total blocks, 1 benchmark blocks
  run 3: 6 total blocks, 1 benchmark blocks
  run 4: 7 total blocks, 1 benchmark blocks
  run 5: 7 total blocks, 1 benchmark blocks
  run 6: 7 total blocks, 1 benchmark blocks
  run 7: 7 total blocks, 1 benchmark blocks
  run 8: 6 total blocks, 1 benchmark blocks
  run 9: 7 total blocks, 1 benchmark blocks
  -> Written 138 rows to pbt_storage_sload_k10.csv

--- storage_sload_k100 ---
  run 10: 6 total blocks, 1 benchmark blocks
  run 11: 6 total blocks, 1 benchmark blocks
  run 12: 6 total blocks, 1 benchmark blocks
  run 13: 7 total blocks, 1 benchmark blocks
  run 14: 7 total blocks, 1 benchmark blocks
  run 15: 7 total blocks, 1 benchmark blocks
  run 16: 7 total blocks, 1 benchmark blocks
  run 17: 6 total blocks, 1 benchmark blocks
  run 18: 7 total blocks, 1 benchmark blocks
  run 19: 7 total blocks, 1 benchmark blocks
  run 1: 7 total blocks, 1 benchmark blocks
  run 20: 7 total blocks, 1 benchmark blocks
  run 2: 7 total blocks, 1 benchmark blocks
  run 3: 7 total blocks, 1 benchmark blocks
  run 4: 7 total blocks, 1 benchmark blocks
  run 5: 6 total blocks, 1 benchmark blocks
  run 6: 7 total blocks, 1 benchmark blocks
  run 7: 6 total blocks, 1 benchmark blocks
  run 8: 7 total blocks, 1 benchmark blocks
  run 9: 6 total blocks, 1 benchmark blocks
  -> Written 133 rows to pbt_storage_sload_k100.csv

--- storage_sload_k256 ---
  run 10: 6 total blocks, 1 benchmark blocks
  run 11: 7 total blocks, 1 benchmark blocks
  run 12: 7 total blocks, 1 benchmark blocks
  run 13: 7 total blocks, 1 benchmark blocks
  run 14: 6 total blocks, 1 benchmark blocks
  run 15: 6 total blocks, 1 benchmark blocks
  run 16: 6 total blocks, 1 benchmark blocks
  run 17: 7 total blocks, 1 benchmark blocks
  run 18: 6 total blocks, 1 benchmark blocks
  run 19: 6 total blocks, 1 benchmark blocks
  run 1: 6 total blocks, 1 benchmark blocks
  run 20: 6 total blocks, 1 benchmark blocks
  run 2: 6 total blocks, 1 benchmark blocks
  run 3: 6 total blocks, 1 benchmark blocks
  run 4: 8 total blocks, 1 benchmark blocks
  run 5: 6 total blocks, 1 benchmark blocks
  run 6: 6 total blocks, 1 benchmark blocks
  run 7: 6 total blocks, 1 benchmark blocks
  run 8: 6 total blocks, 1 benchmark blocks
  run 9: 6 total blocks, 1 benchmark blocks
  -> Written 126 rows to pbt_storage_sload_k256.csv

--- storage_sstore_k1 ---
  run 10: 6 total blocks, 1 benchmark blocks
  run 11: 6 total blocks, 1 benchmark blocks
  run 12: 6 total blocks, 1 benchmark blocks
  run 13: 6 total blocks, 1 benchmark blocks
  run 14: 6 total blocks, 1 benchmark blocks
  run 15: 6 total blocks, 1 benchmark blocks
  run 16: 6 total blocks, 1 benchmark blocks
  run 17: 6 total blocks, 1 benchmark blocks
  run 18: 6 total blocks, 1 benchmark blocks
  run 19: 6 total blocks, 1 benchmark blocks
  run 1: 6 total blocks, 1 benchmark blocks
  run 20: 6 total blocks, 1 benchmark blocks
  run 2: 6 total blocks, 1 benchmark blocks
  run 3: 6 total blocks, 1 benchmark blocks
  run 4: 6 total blocks, 1 benchmark blocks
  run 5: 6 total blocks, 1 benchmark blocks
  run 6: 6 total blocks, 1 benchmark blocks
  run 7: 6 total blocks, 1 benchmark blocks
  run 8: 6 total blocks, 1 benchmark blocks
  run 9: 6 total blocks, 1 benchmark blocks
  -> Written 120 rows to pbt_storage_sstore_k1.csv

--- storage_sstore_k10 ---
  run 10: 6 total blocks, 1 benchmark blocks
  run 11: 6 total blocks, 1 benchmark blocks
  run 12: 6 total blocks, 1 benchmark blocks
  run 13: 6 total blocks, 1 benchmark blocks
  run 14: 6 total blocks, 1 benchmark blocks
  run 15: 6 total blocks, 1 benchmark blocks
  run 16: 6 total blocks, 1 benchmark blocks
  run 17: 6 total blocks, 1 benchmark blocks
  run 18: 6 total blocks, 1 benchmark blocks
  run 19: 6 total blocks, 1 benchmark blocks
  run 1: 6 total blocks, 1 benchmark blocks
  run 20: 6 total blocks, 1 benchmark blocks
  run 2: 6 total blocks, 1 benchmark blocks
  run 3: 6 total blocks, 1 benchmark blocks
  run 4: 6 total blocks, 1 benchmark blocks
  run 5: 6 total blocks, 1 benchmark blocks
  run 6: 6 total blocks, 1 benchmark blocks
  run 7: 6 total blocks, 1 benchmark blocks
  run 8: 6 total blocks, 1 benchmark blocks
  run 9: 6 total blocks, 1 benchmark blocks
  -> Written 120 rows to pbt_storage_sstore_k10.csv

--- storage_sstore_k100 ---
  run 10: 6 total blocks, 1 benchmark blocks
  run 11: 6 total blocks, 1 benchmark blocks
  run 12: 6 total blocks, 1 benchmark blocks
  run 13: 6 total blocks, 1 benchmark blocks
  run 14: 6 total blocks, 1 benchmark blocks
  run 15: 6 total blocks, 1 benchmark blocks
  run 16: 6 total blocks, 1 benchmark blocks
  run 17: 6 total blocks, 1 benchmark blocks
  run 18: 6 total blocks, 1 benchmark blocks
  run 19: 6 total blocks, 1 benchmark blocks
  run 1: 6 total blocks, 1 benchmark blocks
  run 20: 6 total blocks, 1 benchmark blocks
  run 2: 6 total blocks, 1 benchmark blocks
  run 3: 6 total blocks, 1 benchmark blocks
  run 4: 6 total blocks, 1 benchmark blocks
  run 5: 6 total blocks, 1 benchmark blocks
  run 6: 6 total blocks, 1 benchmark blocks
  run 7: 6 total blocks, 1 benchmark blocks
  run 8: 6 total blocks, 1 benchmark blocks
  run 9: 6 total blocks, 1 benchmark blocks
  -> Written 120 rows to pbt_storage_sstore_k100.csv

--- storage_sstore_k256 ---
  run 10: 6 total blocks, 1 benchmark blocks
  run 11: 7 total blocks, 1 benchmark blocks
  run 12: 6 total blocks, 1 benchmark blocks
  run 13: 6 total blocks, 1 benchmark blocks
  run 14: 6 total blocks, 1 benchmark blocks
  run 15: 6 total blocks, 1 benchmark blocks
  run 16: 6 total blocks, 1 benchmark blocks
  run 17: 6 total blocks, 1 benchmark blocks
  run 18: 6 total blocks, 1 benchmark blocks
  run 19: 6 total blocks, 1 benchmark blocks
  run 1: 6 total blocks, 1 benchmark blocks
  run 20: 6 total blocks, 1 benchmark blocks
  run 2: 6 total blocks, 1 benchmark blocks
  run 3: 6 total blocks, 1 benchmark blocks
  run 4: 6 total blocks, 1 benchmark blocks
  run 5: 6 total blocks, 1 benchmark blocks
  run 6: 6 total blocks, 1 benchmark blocks
  run 7: 6 total blocks, 1 benchmark blocks
  run 8: 6 total blocks, 1 benchmark blocks
  run 9: 6 total blocks, 1 benchmark blocks
  -> Written 121 rows to pbt_storage_sstore_k256.csv

-> Cache validation: 240 rows to pbt_cache_validation.csv
-> All benchmarks: 1524 rows to pbt_all_benchmarks.csv

================================================================================
  CACHE VALIDATION SUMMARY
================================================================================

  storage_mixed_k1:
    Runs: 20
    Account cache: avg=34.4%
    Storage cache: avg=31.2%, min=5.0%, max=97.3%
    OK: Storage cache rates look reasonable for cold-start benchmarks

  storage_mixed_k10:
    Runs: 20
    Account cache: avg=29.1%
    Storage cache: avg=36.8%, min=7.5%, max=86.8%
    OK: Storage cache rates look reasonable for cold-start benchmarks

  storage_mixed_k100:
    Runs: 20
    Account cache: avg=30.3%
    Storage cache: avg=41.6%, min=2.3%, max=89.4%
    OK: Storage cache rates look reasonable for cold-start benchmarks

  storage_mixed_k256:
    Runs: 20
    Account cache: avg=26.0%
    Storage cache: avg=33.7%, min=17.3%, max=86.4%
    OK: Storage cache rates look reasonable for cold-start benchmarks

  storage_sload_k1:
    Runs: 20
    Account cache: avg=31.9%
    Storage cache: avg=37.0%, min=3.9%, max=95.0%
    OK: Storage cache rates look reasonable for cold-start benchmarks

  storage_sload_k10:
    Runs: 20
    Account cache: avg=35.3%
    Storage cache: avg=30.0%, min=0.4%, max=77.1%
    OK: Storage cache rates look reasonable for cold-start benchmarks

  storage_sload_k100:
    Runs: 20
    Account cache: avg=28.6%
    Storage cache: avg=24.8%, min=5.4%, max=81.0%
    OK: Storage cache rates look reasonable for cold-start benchmarks

  storage_sload_k256:
    Runs: 20
    Account cache: avg=38.7%
    Storage cache: avg=38.6%, min=8.1%, max=67.2%
    OK: Storage cache rates look reasonable for cold-start benchmarks

  storage_sstore_k1:
    Runs: 20
    Account cache: avg=32.5%
    Storage cache: avg=23.6%, min=6.1%, max=49.0%
    OK: Storage cache rates look reasonable for cold-start benchmarks

  storage_sstore_k10:
    Runs: 20
    Account cache: avg=30.9%
    Storage cache: avg=31.4%, min=7.7%, max=55.3%
    OK: Storage cache rates look reasonable for cold-start benchmarks

  storage_sstore_k100:
    Runs: 20
    Account cache: avg=23.1%
    Storage cache: avg=25.9%, min=11.4%, max=47.7%
    OK: Storage cache rates look reasonable for cold-start benchmarks

  storage_sstore_k256:
    Runs: 20
    Account cache: avg=33.7%
    Storage cache: avg=23.6%, min=11.3%, max=44.0%
    OK: Storage cache rates look reasonable for cold-start benchmarks
[2026-06-01 10:07:18] 
[2026-06-01 10:07:18] ── Stage 4: consolidate + analyze ──
[2026-06-01 10:07:18]   consolidated: /mnt/state_expiry_vol_data/bintrie-benchmarks/ubt-vs-pbt/data/ubt_vs_pbt_consolidated.csv (3170 lines)
[2026-06-01 10:07:18]   analyzing...
====================================================================================================
  PER-BENCHMARK SUMMARY (blocks with gas > 500K, excluding run 1)
====================================================================================================

--- scattered_sload ---
    Config  Blocks             total_ms         mgas_per_sec        state_read_ms        state_hash_ms            commit_ms storage_cache_hit_rate
--------------------------------------------------------------------------------------------------------------------------------------------------
       ubt      --                   --                   --                   --                   --                   --                   --
       pbt      --                   --                   --                   --                   --                   --                   --

--- scattered_sstore ---
    Config  Blocks             total_ms         mgas_per_sec        state_read_ms        state_hash_ms            commit_ms storage_cache_hit_rate
--------------------------------------------------------------------------------------------------------------------------------------------------
       ubt      --                   --                   --                   --                   --                   --                   --
       pbt      --                   --                   --                   --                   --                   --                   --

--- scattered_mixed ---
    Config  Blocks             total_ms         mgas_per_sec        state_read_ms        state_hash_ms            commit_ms storage_cache_hit_rate
--------------------------------------------------------------------------------------------------------------------------------------------------
       ubt      --                   --                   --                   --                   --                   --                   --
       pbt      --                   --                   --                   --                   --                   --                   --

====================================================================================================
  MANN-WHITNEY U: UBT vs PBT
====================================================================================================

  scipy not available -- skipping Mann-Whitney U tests
  Install with: pip install scipy

====================================================================================================
  BOOTSTRAP RATIO CIs: median(PBT) / median(UBT), 95% CI
====================================================================================================

--- scattered_sload ---
  Insufficient data

--- scattered_sstore ---
  Insufficient data

--- scattered_mixed ---
  Insufficient data

====================================================================================================
  WELCH'S t-TEST ON PER-RUN MEDIANS
====================================================================================================

  scipy not available -- skipping Welch's t-test

====================================================================================================
  SINGLE-TX-BLOCK ANALYSIS (tx_count == 1)
====================================================================================================

--- scattered_sload ---
    Config  Blocks             total_ms         mgas_per_sec        state_read_ms        state_hash_ms            commit_ms storage_cache_hit_rate
--------------------------------------------------------------------------------------------------------------------------------------------------
       ubt      --                   --                   --                   --                   --                   --                   --
       pbt      --                   --                   --                   --                   --                   --                   --

--- scattered_sstore ---
    Config  Blocks             total_ms         mgas_per_sec        state_read_ms        state_hash_ms            commit_ms storage_cache_hit_rate
--------------------------------------------------------------------------------------------------------------------------------------------------
       ubt      --                   --                   --                   --                   --                   --                   --
       pbt      --                   --                   --                   --                   --                   --                   --

--- scattered_mixed ---
    Config  Blocks             total_ms         mgas_per_sec        state_read_ms        state_hash_ms            commit_ms storage_cache_hit_rate
--------------------------------------------------------------------------------------------------------------------------------------------------
       ubt      --                   --                   --                   --                   --                   --                   --
       pbt      --                   --                   --                   --                   --                   --                   --

====================================================================================================
  COLD TAIL ANALYSIS: PBT scattered_sstore -- ms_per_cache_miss by tx_count
====================================================================================================
  No PBT approve data

====================================================================================================
  EVM TAX CORRELATION: Pearson r (execution_ms vs state_read_ms)
====================================================================================================

  scipy not available -- skipping Pearson correlation

====================================================================================================
  COEFFICIENT OF VARIATION (CV%) -- total_ms (per-run medians)
====================================================================================================

--- scattered_sload ---

--- scattered_sstore ---

--- scattered_mixed ---


JSON summary written to /mnt/state_expiry_vol_data/bintrie-benchmarks/ubt-vs-pbt/data/analysis_results.json
[2026-06-01 10:07:18] 
[2026-06-01 10:07:18] ╔══════════════════════════════════════════════════════════════════╗
[2026-06-01 10:07:18] ║  Campaign complete
[2026-06-01 10:07:18] ╠══════════════════════════════════════════════════════════════════╣
[2026-06-01 10:07:18] ║  Consolidated CSV : /mnt/state_expiry_vol_data/bintrie-benchmarks/ubt-vs-pbt/data/ubt_vs_pbt_consolidated.csv
[2026-06-01 10:07:18] ║  Analysis JSON    : /mnt/state_expiry_vol_data/bintrie-benchmarks/ubt-vs-pbt/data/analysis_results.json
[2026-06-01 10:07:18] ║  Per-config dirs  : /mnt/state_expiry_vol_data/bintrie-benchmarks/ubt-vs-pbt/data/{ubt,pbt}/
[2026-06-01 10:07:18] ╚══════════════════════════════════════════════════════════════════╝
