config,trie_type,group_depth,pebble_block_size_kb,benchmark,run,contract,block_number,gas_used,tx_count,execution_ms,state_read_ms,state_hash_ms,commit_ms,total_ms,mgas_per_sec,accounts_read,storage_slots_read,code_read,code_bytes_read,accounts_written,accounts_deleted,storage_slots_written,storage_slots_deleted,code_written,code_bytes_written,account_cache_hits,account_cache_misses,account_cache_hit_rate,storage_cache_hits,storage_cache_misses,storage_cache_hit_rate,code_cache_hits,code_cache_misses,code_cache_hit_rate,code_cache_hit_bytes,code_cache_miss_bytes
ubt,bintrie,5,4,storage_mixed_k1,10,,10342,0,0,0.0404,14.4002,0.0017,0.2999,14.9501,0,4,0,0,0,0,0,0,0,0,0,0,4,0,0,0,0,0,0,0,0,0
ubt,bintrie,5,4,storage_mixed_k1,10,,10343,0,0,0.0179,0.4338,0.0011,0.1009,0.6639,0,4,0,0,0,0,0,0,0,0,0,0,4,0,0,0,0,0,0,0,0,0
ubt,bintrie,5,4,storage_mixed_k1,10,,10344,0,0,0.0353,7.0952,0.0028,0.177,7.474,0,4,0,0,0,0,0,0,0,0,0,0,4,0,0,0,0,0,0,0,0,0
ubt,bintrie,5,4,storage_mixed_k1,10,,10345,0,0,0.0307,2.9872,0.0018,0.1022,3.2978,0,4,0,0,0,0,0,0,0,0,0,0,4,0,0,0,0,0,0,0,0,0
ubt,bintrie,5,4,storage_mixed_k1,10,,10346,91690,2,0.3571,30.9157,0.8577,9.8365,42.5824,2.1532,11,0,0,0,3,0,0,0,1,303,4,7,36.36,0,0,0,0,0,0,0,0
ubt,bintrie,5,4,storage_mixed_k1,10,,10347,15913250,1,150.4178,27.9821,3.519,1.4732,183.5861,86.68,8,1731,2,331,3,0,264,0,0,0,1,7,12.5,570,1161,32.93,2,0,100,331,0
ubt,bintrie,5,4,storage_mixed_k1,10,,10348,21000,1,0.0933,4.1221,36.6463,0.6352,41.7342,0.5032,6,0,0,0,2,0,0,0,0,0,2,4,33.33,0,0,0,0,0,0,0,0
ubt,bintrie,5,4,storage_mixed_k1,10,,10349,0,0,0.027,3.3385,0.0026,0.1777,3.7133,0,4,0,0,0,0,0,0,0,0,0,0,4,0,0,0,0,0,0,0,0,0
ubt,bintrie,5,4,storage_mixed_k1,11,,10350,0,0,0.0679,0.8376,0.0015,0.2147,1.3758,0,4,0,0,0,0,0,0,0,0,0,0,4,0,0,0,0,0,0,0,0,0
ubt,bintrie,5,4,storage_mixed_k1,11,,10351,0,0,0.0196,0.4977,0.0013,0.1416,0.8464,0,4,0,0,0,0,0,0,0,0,0,0,4,0,0,0,0,0,0,0,0,0
ubt,bintrie,5,4,storage_mixed_k1,11,,10352,0,0,0.0545,45.0717,0.0028,0.1794,45.5458,0,4,0,0,0,0,0,0,0,0,0,0,4,0,0,0,0,0,0,0,0,0
ubt,bintrie,5,4,storage_mixed_k1,11,,10353,0,0,0.0297,15.6093,0.0017,0.1158,15.9279,0,4,0,0,0,0,0,0,0,0,0,0,4,0,0,0,0,0,0,0,0,0
ubt,bintrie,5,4,storage_mixed_k1,11,,10354,91690,2,0.2538,20.4357,14.1643,8.1519,44.7114,2.0507,11,0,0,0,3,0,0,0,1,303,4,7,36.36,0,0,0,0,0,0,0,0
ubt,bintrie,5,4,storage_mixed_k1,11,,10355,15913250,1,159.7993,24.2672,7.4609,1.9067,193.8411,82.0943,8,1731,2,331,3,0,264,0,0,0,0,8,0,531,1200,30.68,2,0,100,331,0
ubt,bintrie,5,4,storage_mixed_k1,11,,10356,21000,1,0.0728,10.9767,48.1801,0.7916,60.2399,0.3486,6,0,0,0,2,0,0,0,0,0,2,4,33.33,0,0,0,0,0,0,0,0
ubt,bintrie,5,4,storage_mixed_k1,11,,10357,0,0,0.0239,2.6126,0.0013,0.1623,2.9663,0,4,0,0,0,0,0,0,0,0,0,0,4,0,0,0,0,0,0,0,0,0
ubt,bintrie,5,4,storage_mixed_k1,12,,10358,0,0,0.0504,10.6108,0.0026,0.1909,11.1015,0,4,0,0,0,0,0,0,0,0,0,0,4,0,0,0,0,0,0,0,0,0
ubt,bintrie,5,4,storage_mixed_k1,12,,10359,0,0,0.0406,14.7965,0.0022,0.1582,15.9387,0,4,0,0,0,0,0,0,0,0,0,0,4,0,0,0,0,0,0,0,0,0
ubt,bintrie,5,4,storage_mixed_k1,12,,10360,0,0,0.0287,71.0301,0.0025,0.1653,71.4208,0,4,0,0,0,0,0,0,0,0,0,0,4,0,0,0,0,0,0,0,0,0
ubt,bintrie,5,4,storage_mixed_k1,12,,10361,0,0,0.0214,3.0588,0.0012,0.1533,3.3714,0,4,0,0,0,0,0,0,0,0,0,0,4,0,0,0,0,0,0,0,0,0
ubt,bintrie,5,4,storage_mixed_k1,12,,10362,91690,2,0.4117,26.8164,1.4386,8.8513,37.8251,2.4241,11,0,0,0,3,0,0,0,1,303,4,7,36.36,0,0,0,0,0,0,0,0
ubt,bintrie,5,4,storage_mixed_k1,12,,10363,15913250,1,204.1511,28.7683,3.4794,1.5021,238.129,66.8262,8,1731,2,331,3,0,264,0,0,0,0,8,0,257,1474,14.85,2,0,100,331,0
ubt,bintrie,5,4,storage_mixed_k1,12,,10364,21000,1,0.0654,16.5719,38.823,0.8542,56.4903,0.3717,6,0,0,0,2,0,0,0,0,0,2,4,33.33,0,0,0,0,0,0,0,0
ubt,bintrie,5,4,storage_mixed_k1,12,,10365,0,0,0.0216,2.4908,0.0012,0.0939,2.7871,0,4,0,0,0,0,0,0,0,0,0,0,4,0,0,0,0,0,0,0,0,0
ubt,bintrie,5,4,storage_mixed_k1,13,,10366,0,0,0.0673,19.6221,0.0031,0.2367,20.1609,0,4,0,0,0,0,0,0,0,0,0,0,4,0,0,0,0,0,0,0,0,0
ubt,bintrie,5,4,storage_mixed_k1,13,,10367,0,0,0.0195,0.389,0.001,0.0786,0.6165,0,4,0,0,0,0,0,0,0,0,0,0,4,0,0,0,0,0,0,0,0,0
ubt,bintrie,5,4,storage_mixed_k1,13,,10368,0,0,0.0361,2.7941,0.0027,0.1313,3.1565,0,4,0,0,0,0,0,0,0,0,0,0,4,0,0,0,0,0,0,0,0,0
ubt,bintrie,5,4,storage_mixed_k1,13,,10369,0,0,0.031,2.97,0.0019,0.5868,4.1495,0,4,0,0,0,0,0,0,0,0,0,0,4,0,0,0,0,0,0,0,0,0
ubt,bintrie,5,4,storage_mixed_k1,13,,10370,91690,2,0.1198,33.5569,8.7722,7.3173,50.1219,1.8293,11,0,0,0,3,0,0,0,1,303,4,7,36.36,0,0,0,0,0,0,0,0
ubt,bintrie,5,4,storage_mixed_k1,13,,10371,15913250,1,164.6894,9.4765,12.4142,1.7808,188.5391,84.4029,8,1731,2,331,3,0,264,0,0,0,3,5,37.5,1597,134,92.26,2,0,100,331,0
ubt,bintrie,5,4,storage_mixed_k1,13,,10372,21000,1,0.0833,24.3212,15.8481,0.7445,41.1813,0.5099,6,0,0,0,2,0,0,0,0,0,2,4,33.33,0,0,0,0,0,0,0,0
ubt,bintrie,5,4,storage_mixed_k1,14,,10373,0,0,0.0516,53.1071,0.0026,0.1752,53.6049,0,4,0,0,0,0,0,0,0,0,0,0,4,0,0,0,0,0,0,0,0,0
ubt,bintrie,5,4,storage_mixed_k1,14,,10374,0,0,0.0436,1.0755,0.0026,11.9707,15.0535,0,4,0,0,0,0,0,0,0,0,0,0,4,0,0,0,0,0,0,0,0,0
ubt,bintrie,5,4,storage_mixed_k1,14,,10375,0,0,0.0549,0.5801,0.0014,0.1055,1.6495,0,4,0,0,0,0,0,0,0,0,0,0,4,0,0,0,0,0,0,0,0,0
ubt,bintrie,5,4,storage_mixed_k1,14,,10376,0,0,0.0579,5.1754,0.0022,4.6886,10.1777,0,4,0,0,0,0,0,0,0,0,0,0,4,0,0,0,0,0,0,0,0,0
ubt,bintrie,5,4,storage_mixed_k1,14,,10377,91690,2,0.3898,40.6684,2.7754,6.8708,50.9484,1.7997,11,0,0,0,3,0,0,0,1,303,4,7,36.36,0,0,0,0,0,0,0,0
ubt,bintrie,5,4,storage_mixed_k1,14,,10378,15913250,1,136.473,17.0838,17.3969,3.066,174.2025,91.3492,8,1731,2,331,3,0,264,0,0,0,2,6,25,88,1643,5.08,2,0,100,331,0
ubt,bintrie,5,4,storage_mixed_k1,14,,10379,21000,1,0.1038,24.1259,12.1314,0.5981,37.2085,0.5644,6,0,0,0,2,0,0,0,0,0,2,4,33.33,0,0,0,0,0,0,0,0
ubt,bintrie,5,4,storage_mixed_k1,14,,10380,0,0,0.0245,4.2302,0.0023,0.1311,4.7169,0,4,0,0,0,0,0,0,0,0,0,0,4,0,0,0,0,0,0,0,0,0
ubt,bintrie,5,4,storage_mixed_k1,15,,10381,0,0,0.0799,17.803,0.0029,0.3101,18.4695,0,4,0,0,0,0,0,0,0,0,0,0,4,0,0,0,0,0,0,0,0,0
ubt,bintrie,5,4,storage_mixed_k1,15,,10382,0,0,0.0161,0.3554,0.001,0.1303,0.6444,0,4,0,0,0,0,0,0,0,0,0,0,4,0,0,0,0,0,0,0,0,0
ubt,bintrie,5,4,storage_mixed_k1,15,,10383,0,0,0.0224,0.9511,0.002,0.2304,1.6539,0,4,0,0,0,0,0,0,0,0,0,0,4,0,0,0,0,0,0,0,0,0
ubt,bintrie,5,4,storage_mixed_k1,15,,10384,0,0,0.0427,4.1393,0.0022,0.187,4.5791,0,4,0,0,0,0,0,0,0,0,0,0,4,0,0,0,0,0,0,0,0,0
ubt,bintrie,5,4,storage_mixed_k1,15,,10385,91690,2,0.179,5.1902,13.7565,6.5153,26.1441,3.5071,11,0,0,0,3,0,0,0,1,303,6,5,54.55,0,0,0,0,0,0,0,0
ubt,bintrie,5,4,storage_mixed_k1,15,,10386,15913250,1,153.376,16.5389,3.5137,1.5384,175.3452,90.7539,8,1731,2,331,3,0,264,0,0,0,3,5,37.5,1158,573,66.9,2,0,100,331,0
ubt,bintrie,5,4,storage_mixed_k1,15,,10387,21000,1,0.0713,2.6217,13.2417,0.8357,16.9711,1.2374,6,0,0,0,2,0,0,0,0,0,2,4,33.33,0,0,0,0,0,0,0,0
ubt,bintrie,5,4,storage_mixed_k1,16,,10389,0,0,0.0601,9.2355,0.0093,0.3497,9.9227,0,4,0,0,0,0,0,0,0,0,0,0,4,0,0,0,0,0,0,0,0,0
ubt,bintrie,5,4,storage_mixed_k1,16,,10390,0,0,0.0235,0.3691,0.001,0.0974,0.6032,0,4,0,0,0,0,0,0,0,0,0,0,4,0,0,0,0,0,0,0,0,0
ubt,bintrie,5,4,storage_mixed_k1,16,,10391,0,0,0.0304,3.0482,0.0015,0.1423,3.3901,0,4,0,0,0,0,0,0,0,0,0,0,4,0,0,0,0,0,0,0,0,0
ubt,bintrie,5,4,storage_mixed_k1,16,,10392,0,0,0.0523,2.8994,0.0041,0.1743,12.2087,0,4,0,0,0,0,0,0,0,0,0,0,4,0,0,0,0,0,0,0,0,0
ubt,bintrie,5,4,storage_mixed_k1,16,,10393,91690,2,0.4241,23.9261,1.1827,10.3922,36.8519,2.4881,11,0,0,0,3,0,0,0,1,303,4,7,36.36,0,0,0,0,0,0,0,0
ubt,bintrie,5,4,storage_mixed_k1,16,,10394,15913250,1,157.2621,26.3894,6.5606,3.2152,193.8809,82.0775,8,1731,2,331,3,0,264,0,0,0,1,7,12.5,851,880,49.16,2,0,100,331,0
ubt,bintrie,5,4,storage_mixed_k1,16,,10395,21000,1,0.211,16.0208,17.5222,0.5175,34.5064,0.6086,6,0,0,0,2,0,0,0,0,0,0,6,0,0,0,0,0,0,0,0,0
ubt,bintrie,5,4,storage_mixed_k1,17,,10396,0,0,0.0753,35.0903,0.0031,0.1971,35.8538,0,4,0,0,0,0,0,0,0,0,0,0,4,0,0,0,0,0,0,0,0,0
ubt,bintrie,5,4,storage_mixed_k1,17,,10397,0,0,0.0207,0.8037,0.0027,0.1547,2.3061,0,4,0,0,0,0,0,0,0,0,0,0,4,0,0,0,0,0,0,0,0,0
ubt,bintrie,5,4,storage_mixed_k1,17,,10398,0,0,0.0569,24.0808,0.0028,0.9583,25.2676,0,4,0,0,0,0,0,0,0,0,0,0,4,0,0,0,0,0,0,0,0,0
ubt,bintrie,5,4,storage_mixed_k1,17,,10399,0,0,0.0255,4.2948,0.0015,0.1225,4.5774,0,4,0,0,0,0,0,0,0,0,0,0,4,0,0,0,0,0,0,0,0,0
ubt,bintrie,5,4,storage_mixed_k1,17,,10400,91690,2,0.3563,66.4175,2.6677,7.1388,81.4408,1.1258,11,0,0,0,3,0,0,0,1,303,4,7,36.36,0,0,0,0,0,0,0,0
ubt,bintrie,5,4,storage_mixed_k1,17,,10401,15913250,1,141.7937,11.8173,45.7063,2.6874,203.7012,78.1206,8,1731,2,331,3,0,264,0,0,0,2,6,25,967,764,55.86,2,0,100,331,0
ubt,bintrie,5,4,storage_mixed_k1,17,,10402,21000,1,0.1531,68.8223,2.347,0.5928,72.1097,0.2912,6,0,0,0,2,0,0,0,0,0,0,6,0,0,0,0,0,0,0,0,0
ubt,bintrie,5,4,storage_mixed_k1,17,,10403,0,0,0.0268,2.9393,0.002,0.1415,3.2966,0,4,0,0,0,0,0,0,0,0,0,0,4,0,0,0,0,0,0,0,0,0
ubt,bintrie,5,4,storage_mixed_k1,18,,10404,0,0,0.0793,39.8455,0.0035,0.2456,40.4854,0,4,0,0,0,0,0,0,0,0,0,0,4,0,0,0,0,0,0,0,0,0
ubt,bintrie,5,4,storage_mixed_k1,18,,10405,0,0,0.0254,1.8924,0.0015,0.2214,2.3023,0,4,0,0,0,0,0,0,0,0,0,0,4,0,0,0,0,0,0,0,0,0
ubt,bintrie,5,4,storage_mixed_k1,18,,10406,0,0,0.0405,27.0906,0.0023,0.1096,27.4773,0,4,0,0,0,0,0,0,0,0,0,0,4,0,0,0,0,0,0,0,0,0
ubt,bintrie,5,4,storage_mixed_k1,18,,10407,0,0,0.0283,6.7476,0.0015,0.1627,7.1227,0,4,0,0,0,0,0,0,0,0,0,0,4,0,0,0,0,0,0,0,0,0
ubt,bintrie,5,4,storage_mixed_k1,18,,10408,91690,2,0.4016,1.3145,0.8082,8.7999,11.5169,7.9613,11,0,0,0,3,0,0,0,1,303,4,7,36.36,0,0,0,0,0,0,0,0
ubt,bintrie,5,4,storage_mixed_k1,18,,10409,15913250,1,196.0297,26.5439,10.6399,7.2252,240.6009,66.1396,8,1731,2,331,3,0,264,0,0,0,0,8,0,344,1387,19.87,2,0,100,331,0
ubt,bintrie,5,4,storage_mixed_k1,18,,10410,21000,1,0.1698,14.6856,22.5164,0.6075,38.1537,0.5504,6,0,0,0,2,0,0,0,0,0,0,6,0,0,0,0,0,0,0,0,0
ubt,bintrie,5,4,storage_mixed_k1,18,,10411,0,0,0.0395,2.7815,0.0021,0.1527,3.2004,0,4,0,0,0,0,0,0,0,0,0,0,4,0,0,0,0,0,0,0,0,0
ubt,bintrie,5,4,storage_mixed_k1,19,,10412,0,0,0.0605,11.5488,0.0017,0.2591,12.0715,0,4,0,0,0,0,0,0,0,0,0,0,4,0,0,0,0,0,0,0,0,0
ubt,bintrie,5,4,storage_mixed_k1,19,,10413,0,0,0.021,0.4203,0.0011,0.1019,0.7274,0,4,0,0,0,0,0,0,0,0,0,0,4,0,0,0,0,0,0,0,0,0
ubt,bintrie,5,4,storage_mixed_k1,19,,10414,0,0,0.0501,1.1968,0.005,0.1418,1.6154,0,4,0,0,0,0,0,0,0,0,0,0,4,0,0,0,0,0,0,0,0,0
ubt,bintrie,5,4,storage_mixed_k1,19,,10415,0,0,0.0241,0.441,0.001,0.1047,0.7058,0,4,0,0,0,0,0,0,0,0,0,0,4,0,0,0,0,0,0,0,0,0
ubt,bintrie,5,4,storage_mixed_k1,19,,10416,91690,2,0.3384,17.3024,16.5111,6.4021,64.6393,1.4185,11,0,0,0,3,0,0,0,1,303,4,7,36.36,0,0,0,0,0,0,0,0
ubt,bintrie,5,4,storage_mixed_k1,19,,10417,15913250,1,207.9561,27.7918,3.7942,1.6654,241.5652,65.8756,8,1731,2,331,3,0,264,0,0,0,1,7,12.5,193,1538,11.15,2,0,100,331,0
ubt,bintrie,5,4,storage_mixed_k1,19,,10418,21000,1,0.1033,8.2089,36.2631,0.9468,45.7421,0.4591,6,0,0,0,2,0,0,0,0,0,2,4,33.33,0,0,0,0,0,0,0,0
ubt,bintrie,5,4,storage_mixed_k1,1,,10275,0,0,0.0692,1.2333,0.0014,0.2285,2.0991,0,4,0,0,0,0,0,0,0,0,0,0,4,0,0,0,0,0,0,0,0,0
ubt,bintrie,5,4,storage_mixed_k1,1,,10276,0,0,0.0444,0.3761,0.0013,0.1142,0.7004,0,4,0,0,0,0,0,0,0,0,0,0,4,0,0,0,0,0,0,0,0,0
ubt,bintrie,5,4,storage_mixed_k1,1,,10277,0,0,0.0526,55.832,0.0032,0.1933,56.2875,0,4,0,0,0,0,0,0,0,0,0,0,4,0,0,0,0,0,0,0,0,0
ubt,bintrie,5,4,storage_mixed_k1,1,,10278,0,0,0.0233,2.9334,0.0014,0.1474,3.2478,0,4,0,0,0,0,0,0,0,0,0,0,4,0,0,0,0,0,0,0,0,0
ubt,bintrie,5,4,storage_mixed_k1,1,,10279,91690,2,0.4484,7.2322,47.6425,5.9561,61.5116,1.4906,11,0,0,0,3,0,0,0,1,303,4,7,36.36,0,0,0,0,0,0,0,0
ubt,bintrie,5,4,storage_mixed_k1,1,,10280,15913250,1,145.9719,39.6371,4.3255,2.0193,192.4217,82.6999,8,1731,2,331,3,0,264,0,0,0,0,8,0,949,782,54.82,2,0,100,331,0
ubt,bintrie,5,4,storage_mixed_k1,1,,10281,21000,1,0.2075,20.9068,20.4886,0.6247,43.3573,0.4843,6,0,0,0,2,0,0,0,0,0,0,6,0,0,0,0,0,0,0,0,0
ubt,bintrie,5,4,storage_mixed_k1,20,,10420,0,0,0.0596,21.7738,0.0027,0.2739,22.351,0,4,0,0,0,0,0,0,0,0,0,0,4,0,0,0,0,0,0,0,0,0
ubt,bintrie,5,4,storage_mixed_k1,20,,10421,0,0,0.0267,0.4442,0.0048,0.103,0.7597,0,4,0,0,0,0,0,0,0,0,0,0,4,0,0,0,0,0,0,0,0,0
ubt,bintrie,5,4,storage_mixed_k1,20,,10422,0,0,0.0579,0.7359,0.0017,0.1845,1.2144,0,4,0,0,0,0,0,0,0,0,0,0,4,0,0,0,0,0,0,0,0,0
ubt,bintrie,5,4,storage_mixed_k1,20,,10423,0,0,0.0204,0.5888,0.0014,0.2202,1.104,0,4,0,0,0,0,0,0,0,0,0,0,4,0,0,0,0,0,0,0,0,0
ubt,bintrie,5,4,storage_mixed_k1,20,,10424,91690,2,0.4591,15.0926,6.9928,6.5077,29.2889,3.1305,11,0,0,0,3,0,0,0,1,303,4,7,36.36,0,0,0,0,0,0,0,0
ubt,bintrie,5,4,storage_mixed_k1,20,,10425,15913250,1,140.6514,36.8293,3.5769,1.8898,185.1035,85.9695,8,1731,2,331,3,0,264,0,0,0,1,7,12.5,633,1098,36.57,2,0,100,331,0
ubt,bintrie,5,4,storage_mixed_k1,20,,10426,21000,1,0.0667,3.3013,35.9947,0.6129,40.1935,0.5225,6,0,0,0,2,0,0,0,0,0,2,4,33.33,0,0,0,0,0,0,0,0
ubt,bintrie,5,4,storage_mixed_k1,20,,10427,0,0,0.0305,2.7835,0.0017,0.1293,3.1516,0,4,0,0,0,0,0,0,0,0,0,0,4,0,0,0,0,0,0,0,0,0
ubt,bintrie,5,4,storage_mixed_k1,2,,10282,0,0,0.0718,31.0207,0.0024,0.2345,31.6091,0,4,0,0,0,0,0,0,0,0,0,0,4,0,0,0,0,0,0,0,0,0
ubt,bintrie,5,4,storage_mixed_k1,2,,10283,0,0,0.0505,1.0592,0.0021,0.4795,2.1449,0,4,0,0,0,0,0,0,0,0,0,0,4,0,0,0,0,0,0,0,0,0
ubt,bintrie,5,4,storage_mixed_k1,2,,10284,0,0,0.0319,2.8698,0.0017,0.163,3.2707,0,4,0,0,0,0,0,0,0,0,0,0,4,0,0,0,0,0,0,0,0,0
ubt,bintrie,5,4,storage_mixed_k1,2,,10285,0,0,0.0358,18.2496,0.0029,4.8519,25.2709,0,4,0,0,0,0,0,0,0,0,0,0,4,0,0,0,0,0,0,0,0,0
ubt,bintrie,5,4,storage_mixed_k1,2,,10286,91690,2,0.1134,3.3207,7.0069,5.4795,16.1231,5.6869,11,0,0,0,3,0,0,0,1,303,6,5,54.55,0,0,0,0,0,0,0,0
ubt,bintrie,5,4,storage_mixed_k1,2,,10287,15913250,1,221.0043,34.4738,3.4776,1.8798,269.9814,58.942,8,1731,2,331,3,0,264,0,0,0,4,4,50,1140,591,65.86,2,0,100,331,0
ubt,bintrie,5,4,storage_mixed_k1,2,,10288,21000,1,0.0703,6.4853,63.6222,0.5896,70.969,0.2959,6,0,0,0,2,0,0,0,0,0,0,6,0,0,0,0,0,0,0,0,0
ubt,bintrie,5,4,storage_mixed_k1,3,,10289,0,0,0.0694,33.231,0.0035,0.2972,33.8275,0,4,0,0,0,0,0,0,0,0,0,0,4,0,0,0,0,0,0,0,0,0
ubt,bintrie,5,4,storage_mixed_k1,3,,10290,0,0,0.0268,3.9347,0.0016,0.1431,4.2605,0,4,0,0,0,0,0,0,0,0,0,0,4,0,0,0,0,0,0,0,0,0
ubt,bintrie,5,4,storage_mixed_k1,3,,10291,0,0,0.0412,3.0011,0.0013,0.1039,3.3501,0,4,0,0,0,0,0,0,0,0,0,0,4,0,0,0,0,0,0,0,0,0
ubt,bintrie,5,4,storage_mixed_k1,3,,10292,0,0,0.0301,3.7105,0.0056,0.1668,4.1117,0,4,0,0,0,0,0,0,0,0,0,0,4,0,0,0,0,0,0,0,0,0
ubt,bintrie,5,4,storage_mixed_k1,3,,10293,91690,2,0.3768,26.5611,2.2099,7.215,36.6005,2.5052,11,0,0,0,3,0,0,0,1,303,4,7,36.36,0,0,0,0,0,0,0,0
ubt,bintrie,5,4,storage_mixed_k1,3,,10294,15913250,1,156.154,19.4891,4.1752,1.7718,181.9237,87.4721,8,1731,2,331,3,0,264,0,0,0,0,8,0,1428,303,82.5,2,0,100,331,0
ubt,bintrie,5,4,storage_mixed_k1,3,,10295,21000,1,0.2185,19.4853,14.1079,0.5798,44.4734,0.4722,6,0,0,0,2,0,0,0,0,0,0,6,0,0,0,0,0,0,0,0,0
ubt,bintrie,5,4,storage_mixed_k1,3,,10296,0,0,0.0273,2.919,0.0017,0.1103,3.2237,0,4,0,0,0,0,0,0,0,0,0,0,4,0,0,0,0,0,0,0,0,0
ubt,bintrie,5,4,storage_mixed_k1,4,,10297,0,0,0.0569,23.6267,0.0028,0.2279,24.1542,0,4,0,0,0,0,0,0,0,0,0,0,4,0,0,0,0,0,0,0,0,0
ubt,bintrie,5,4,storage_mixed_k1,4,,10298,0,0,0.0248,0.8562,0.0016,0.3935,1.8221,0,4,0,0,0,0,0,0,0,0,0,0,4,0,0,0,0,0,0,0,0,0
ubt,bintrie,5,4,storage_mixed_k1,4,,10299,0,0,0.0268,3.5742,0.0013,0.1223,3.8616,0,4,0,0,0,0,0,0,0,0,0,0,4,0,0,0,0,0,0,0,0,0
ubt,bintrie,5,4,storage_mixed_k1,4,,10300,0,0,0.0352,17.2796,0.0025,0.4897,17.9648,0,4,0,0,0,0,0,0,0,0,0,0,4,0,0,0,0,0,0,0,0,0
ubt,bintrie,5,4,storage_mixed_k1,4,,10301,91690,2,0.2922,6.1127,6.8738,7.2697,20.7454,4.4198,11,0,0,0,3,0,0,0,1,303,4,7,36.36,0,0,0,0,0,0,0,0
ubt,bintrie,5,4,storage_mixed_k1,4,,10302,15913250,1,160.6457,28.6943,4.6809,1.9979,196.5254,80.973,8,1731,2,331,3,0,264,0,0,0,3,5,37.5,247,1484,14.27,2,0,100,331,0
ubt,bintrie,5,4,storage_mixed_k1,4,,10303,21000,1,0.065,10.3822,12.8779,0.74,24.2468,0.8661,6,0,0,0,2,0,0,0,0,0,2,4,33.33,0,0,0,0,0,0,0,0
ubt,bintrie,5,4,storage_mixed_k1,5,,10304,0,0,0.0751,19.7499,0.0027,0.2038,20.3164,0,4,0,0,0,0,0,0,0,0,0,0,4,0,0,0,0,0,0,0,0,0
ubt,bintrie,5,4,storage_mixed_k1,5,,10305,0,0,0.0222,6.8851,0.0017,0.2626,7.3075,0,4,0,0,0,0,0,0,0,0,0,0,4,0,0,0,0,0,0,0,0,0
ubt,bintrie,5,4,storage_mixed_k1,5,,10306,0,0,0.0242,2.5558,0.0014,0.1253,2.8601,0,4,0,0,0,0,0,0,0,0,0,0,4,0,0,0,0,0,0,0,0,0
ubt,bintrie,5,4,storage_mixed_k1,5,,10307,0,0,0.0235,3.354,0.0016,0.1091,3.6212,0,4,0,0,0,0,0,0,0,0,0,0,4,0,0,0,0,0,0,0,0,0
ubt,bintrie,5,4,storage_mixed_k1,5,,10308,91690,2,0.2684,21.8127,10.1573,8.456,45.2747,2.0252,11,0,0,0,3,0,0,0,1,303,5,6,45.45,0,0,0,0,0,0,0,0
ubt,bintrie,5,4,storage_mixed_k1,5,,10309,15913250,1,164.809,19.4318,4.491,1.9679,191.4624,83.1142,8,1731,2,331,3,0,264,0,0,0,0,8,0,717,1014,41.42,2,0,100,331,0
ubt,bintrie,5,4,storage_mixed_k1,5,,10310,21000,1,0.0593,3.4984,37.9196,0.6589,42.327,0.4961,6,0,0,0,2,0,0,0,0,0,2,4,33.33,0,0,0,0,0,0,0,0
ubt,bintrie,5,4,storage_mixed_k1,5,,10311,0,0,0.041,7.6093,0.0022,0.1651,7.9613,0,4,0,0,0,0,0,0,0,0,0,0,4,0,0,0,0,0,0,0,0,0
ubt,bintrie,5,4,storage_mixed_k1,6,,10312,0,0,0.0578,1.0445,0.0018,0.2953,1.8591,0,4,0,0,0,0,0,0,0,0,0,0,4,0,0,0,0,0,0,0,0,0
ubt,bintrie,5,4,storage_mixed_k1,6,,10313,0,0,0.0193,0.5028,0.0015,0.1541,0.8142,0,4,0,0,0,0,0,0,0,0,0,0,4,0,0,0,0,0,0,0,0,0
ubt,bintrie,5,4,storage_mixed_k1,6,,10314,0,0,0.0495,34.0081,0.0029,0.1059,34.3358,0,4,0,0,0,0,0,0,0,0,0,0,4,0,0,0,0,0,0,0,0,0
ubt,bintrie,5,4,storage_mixed_k1,6,,10315,0,0,0.0277,16.929,0.0017,0.111,17.324,0,4,0,0,0,0,0,0,0,0,0,0,4,0,0,0,0,0,0,0,0,0
ubt,bintrie,5,4,storage_mixed_k1,6,,10316,91690,2,0.3668,9.2993,22.9442,7.0319,50.6936,1.8087,11,0,0,0,3,0,0,0,1,303,4,7,36.36,0,0,0,0,0,0,0,0
ubt,bintrie,5,4,storage_mixed_k1,6,,10317,15913250,1,147.0689,34.3299,3.6341,1.6293,187.069,85.0662,8,1731,2,331,3,0,264,0,0,0,1,7,12.5,881,850,50.9,2,0,100,331,0
ubt,bintrie,5,4,storage_mixed_k1,6,,10318,21000,1,0.2086,16.6422,16.2735,0.6597,33.9826,0.618,6,0,0,0,2,0,0,0,0,0,0,6,0,0,0,0,0,0,0,0,0
ubt,bintrie,5,4,storage_mixed_k1,6,,10319,0,0,0.031,20.5033,0.0021,0.1143,20.8014,0,4,0,0,0,0,0,0,0,0,0,0,4,0,0,0,0,0,0,0,0,0
ubt,bintrie,5,4,storage_mixed_k1,7,,10320,0,0,0.0562,9.6376,0.0027,0.1795,10.1928,0,4,0,0,0,0,0,0,0,0,0,0,4,0,0,0,0,0,0,0,0,0
ubt,bintrie,5,4,storage_mixed_k1,7,,10321,0,0,0.0188,0.7028,0.0013,1.0079,2.2146,0,4,0,0,0,0,0,0,0,0,0,0,4,0,0,0,0,0,0,0,0,0
ubt,bintrie,5,4,storage_mixed_k1,7,,10322,0,0,0.0232,18.6316,0.0015,0.1298,18.9584,0,4,0,0,0,0,0,0,0,0,0,0,4,0,0,0,0,0,0,0,0,0
ubt,bintrie,5,4,storage_mixed_k1,7,,10323,0,0,0.0352,15.4651,0.0024,0.1654,15.8281,0,4,0,0,0,0,0,0,0,0,0,0,4,0,0,0,0,0,0,0,0,0
ubt,bintrie,5,4,storage_mixed_k1,7,,10324,91690,2,0.5518,1.2595,2.8057,6.3471,12.5483,7.307,11,0,0,0,3,0,0,0,1,303,4,7,36.36,0,0,0,0,0,0,0,0
ubt,bintrie,5,4,storage_mixed_k1,7,,10325,15913250,1,149.8904,18.5189,7.0281,5.7675,181.5602,87.6472,8,1731,2,331,3,0,264,0,0,0,3,5,37.5,1020,711,58.93,2,0,100,331,0
ubt,bintrie,5,4,storage_mixed_k1,7,,10326,21000,1,0.0846,3.0736,2.3749,0.5676,6.3188,3.3234,6,0,0,0,2,0,0,0,0,0,2,4,33.33,0,0,0,0,0,0,0,0
ubt,bintrie,5,4,storage_mixed_k1,8,,10327,0,0,0.0532,32.5825,0.0024,0.2024,33.1013,0,4,0,0,0,0,0,0,0,0,0,0,4,0,0,0,0,0,0,0,0,0
ubt,bintrie,5,4,storage_mixed_k1,8,,10328,0,0,0.0232,1.2127,0.0016,1.3194,3.2604,0,4,0,0,0,0,0,0,0,0,0,0,4,0,0,0,0,0,0,0,0,0
ubt,bintrie,5,4,storage_mixed_k1,8,,10329,0,0,0.0324,25.8515,0.003,0.1524,26.206,0,4,0,0,0,0,0,0,0,0,0,0,4,0,0,0,0,0,0,0,0,0
ubt,bintrie,5,4,storage_mixed_k1,8,,10330,0,0,0.0216,3.1957,0.0019,0.1415,3.6116,0,4,0,0,0,0,0,0,0,0,0,0,4,0,0,0,0,0,0,0,0,0
ubt,bintrie,5,4,storage_mixed_k1,8,,10331,91690,2,0.3231,37.0835,0.8432,10.6821,52.0148,1.7628,11,0,0,0,3,0,0,0,1,303,4,7,36.36,0,0,0,0,0,0,0,0
ubt,bintrie,5,4,storage_mixed_k1,8,,10332,15913250,1,165.0052,18.5952,3.744,1.9245,189.5144,83.9686,8,1731,2,331,3,0,264,0,0,0,1,7,12.5,1032,699,59.62,2,0,100,331,0
ubt,bintrie,5,4,storage_mixed_k1,8,,10333,21000,1,0.0936,16.3986,31.3484,0.639,48.6745,0.4314,6,0,0,0,2,0,0,0,0,0,2,4,33.33,0,0,0,0,0,0,0,0
ubt,bintrie,5,4,storage_mixed_k1,8,,10334,0,0,0.0349,3.0497,0.0019,0.2021,3.4439,0,4,0,0,0,0,0,0,0,0,0,0,4,0,0,0,0,0,0,0,0,0
ubt,bintrie,5,4,storage_mixed_k1,9,,10335,0,0,0.0783,2.9316,0.0023,0.244,3.6131,0,4,0,0,0,0,0,0,0,0,0,0,4,0,0,0,0,0,0,0,0,0
ubt,bintrie,5,4,storage_mixed_k1,9,,10336,0,0,0.0233,0.6262,0.0013,0.1516,0.9403,0,4,0,0,0,0,0,0,0,0,0,0,4,0,0,0,0,0,0,0,0,0
ubt,bintrie,5,4,storage_mixed_k1,9,,10337,0,0,0.0268,2.764,0.0011,0.1001,3.047,0,4,0,0,0,0,0,0,0,0,0,0,4,0,0,0,0,0,0,0,0,0
ubt,bintrie,5,4,storage_mixed_k1,9,,10338,0,0,0.0363,50.4928,0.0024,0.1797,51.2446,0,4,0,0,0,0,0,0,0,0,0,0,4,0,0,0,0,0,0,0,0,0
ubt,bintrie,5,4,storage_mixed_k1,9,,10339,91690,2,0.1387,4.8151,5.4312,6.1098,16.699,5.4907,11,0,0,0,3,0,0,0,1,303,5,6,45.45,0,0,0,0,0,0,0,0
ubt,bintrie,5,4,storage_mixed_k1,9,,10340,15913250,1,151.9274,32.224,3.6485,2.0253,190.3777,83.5878,8,1731,2,331,3,0,264,0,0,0,1,7,12.5,464,1267,26.81,2,0,100,331,0
ubt,bintrie,5,4,storage_mixed_k1,9,,10341,21000,1,0.0696,7.9424,16.2983,0.8048,25.3307,0.829,6,0,0,0,2,0,0,0,0,0,2,4,33.33,0,0,0,0,0,0,0,0
ubt,bintrie,5,4,storage_mixed_k10,10,,10499,0,0,0.0418,4.4852,0.0016,0.18,5.4135,0,4,0,0,0,0,0,0,0,0,0,0,4,0,0,0,0,0,0,0,0,0
ubt,bintrie,5,4,storage_mixed_k10,10,,10500,0,0,0.0457,34.0762,0.0024,0.1179,34.4509,0,4,0,0,0,0,0,0,0,0,0,0,4,0,0,0,0,0,0,0,0,0
ubt,bintrie,5,4,storage_mixed_k10,10,,10501,0,0,0.033,15.1465,0.0022,0.1822,15.5412,0,4,0,0,0,0,0,0,0,0,0,0,4,0,0,0,0,0,0,0,0,0
ubt,bintrie,5,4,storage_mixed_k10,10,,10502,91722,2,0.1378,0.7756,7.0609,15.3581,23.4707,3.9079,11,0,0,0,3,0,0,0,1,305,5,6,45.45,0,0,0,0,0,0,0,0
ubt,bintrie,5,4,storage_mixed_k10,10,,10503,15904070,1,205.6046,11.1315,40.0342,2.7868,259.7434,61.2299,17,1965,11,585,3,0,234,0,0,0,2,15,11.76,1305,660,66.41,11,0,100,585,0
ubt,bintrie,5,4,storage_mixed_k10,10,,10504,21000,1,0.0579,2.7266,2.2761,0.5699,5.8334,3.6,6,0,0,0,2,0,0,0,0,0,2,4,33.33,0,0,0,0,0,0,0,0
ubt,bintrie,5,4,storage_mixed_k10,10,,10505,0,0,0.0384,3.0416,0.0025,0.2098,3.5161,0,4,0,0,0,0,0,0,0,0,0,0,4,0,0,0,0,0,0,0,0,0
ubt,bintrie,5,4,storage_mixed_k10,11,,10506,0,0,0.0532,18.9309,0.0019,0.2717,19.5467,0,4,0,0,0,0,0,0,0,0,0,0,4,0,0,0,0,0,0,0,0,0
ubt,bintrie,5,4,storage_mixed_k10,11,,10507,0,0,0.0206,1.0617,0.0012,0.1689,1.6272,0,4,0,0,0,0,0,0,0,0,0,0,4,0,0,0,0,0,0,0,0,0
ubt,bintrie,5,4,storage_mixed_k10,11,,10508,0,0,0.0496,30.9716,0.0021,1.1909,36.1502,0,4,0,0,0,0,0,0,0,0,0,0,4,0,0,0,0,0,0,0,0,0
ubt,bintrie,5,4,storage_mixed_k10,11,,10509,0,0,0.0714,38.0351,0.0032,0.1973,38.5606,0,4,0,0,0,0,0,0,0,0,0,0,4,0,0,0,0,0,0,0,0,0
ubt,bintrie,5,4,storage_mixed_k10,11,,10510,91722,2,0.0969,5.3838,4.3319,14.4087,32.388,2.832,11,0,0,0,3,0,0,0,1,305,6,5,54.55,0,0,0,0,0,0,0,0
ubt,bintrie,5,4,storage_mixed_k10,11,,10511,15904070,1,139.7086,17.249,20.2593,2.6402,180.0653,88.3239,17,1965,11,585,3,0,234,0,0,0,5,12,29.41,478,1487,24.33,11,0,100,585,0
ubt,bintrie,5,4,storage_mixed_k10,11,,10512,21000,1,0.0582,2.5967,3.3053,0.5061,6.6368,3.1642,6,0,0,0,2,0,0,0,0,0,2,4,33.33,0,0,0,0,0,0,0,0
ubt,bintrie,5,4,storage_mixed_k10,12,,10513,0,0,0.0741,25.7082,0.0031,0.2775,27.8937,0,4,0,0,0,0,0,0,0,0,0,0,4,0,0,0,0,0,0,0,0,0
ubt,bintrie,5,4,storage_mixed_k10,12,,10514,0,0,0.024,6.1576,0.0047,0.1305,6.4656,0,4,0,0,0,0,0,0,0,0,0,0,4,0,0,0,0,0,0,0,0,0
ubt,bintrie,5,4,storage_mixed_k10,12,,10515,0,0,0.0564,76.7891,0.003,0.1548,80.7302,0,4,0,0,0,0,0,0,0,0,0,0,4,0,0,0,0,0,0,0,0,0
ubt,bintrie,5,4,storage_mixed_k10,12,,10516,0,0,0.0479,38.4718,0.0031,0.1613,38.8953,0,4,0,0,0,0,0,0,0,0,0,0,4,0,0,0,0,0,0,0,0,0
ubt,bintrie,5,4,storage_mixed_k10,12,,10517,91722,2,0.2136,3.5726,2.1938,16.6044,22.772,4.0278,11,0,0,0,3,0,0,0,1,305,4,7,36.36,0,0,0,0,0,0,0,0
ubt,bintrie,5,4,storage_mixed_k10,12,,10518,15904070,1,177.9841,20.6538,46.2239,3.0193,248.2421,64.0668,17,1965,11,585,3,0,234,0,0,0,3,14,17.65,975,990,49.62,11,0,100,585,0
ubt,bintrie,5,4,storage_mixed_k10,12,,10519,21000,1,0.0618,2.5759,2.3467,0.5877,5.729,3.6656,6,0,0,0,2,0,0,0,0,0,2,4,33.33,0,0,0,0,0,0,0,0
ubt,bintrie,5,4,storage_mixed_k10,12,,10520,0,0,0.0374,2.7751,0.0022,0.147,3.1239,0,4,0,0,0,0,0,0,0,0,0,0,4,0,0,0,0,0,0,0,0,0
ubt,bintrie,5,4,storage_mixed_k10,13,,10521,0,0,0.047,17.1708,0.0021,0.2302,17.6948,0,4,0,0,0,0,0,0,0,0,0,0,4,0,0,0,0,0,0,0,0,0
ubt,bintrie,5,4,storage_mixed_k10,13,,10522,0,0,0.0205,0.7126,0.0017,0.1641,2.0934,0,4,0,0,0,0,0,0,0,0,0,0,4,0,0,0,0,0,0,0,0,0
ubt,bintrie,5,4,storage_mixed_k10,13,,10523,0,0,0.0438,7.2536,0.0022,0.2835,7.7383,0,4,0,0,0,0,0,0,0,0,0,0,4,0,0,0,0,0,0,0,0,0
ubt,bintrie,5,4,storage_mixed_k10,13,,10524,91722,2,0.3754,1.0895,0.8212,9.1553,18.0777,5.0738,11,0,0,0,3,0,0,0,1,305,4,7,36.36,0,0,0,0,0,0,0,0
ubt,bintrie,5,4,storage_mixed_k10,13,,10525,15904070,1,185.2328,21.0077,3.9093,2.0765,212.8419,74.7225,17,1965,11,585,3,0,234,0,0,0,3,14,17.65,487,1478,24.78,11,0,100,585,0
ubt,bintrie,5,4,storage_mixed_k10,13,,10526,21000,1,0.2192,15.187,15.8465,0.5905,32.0544,0.6551,6,0,0,0,2,0,0,0,0,0,0,6,0,0,0,0,0,0,0,0,0
ubt,bintrie,5,4,storage_mixed_k10,14,,10527,0,0,0.0573,33.8479,0.0029,0.2749,34.5389,0,4,0,0,0,0,0,0,0,0,0,0,4,0,0,0,0,0,0,0,0,0
ubt,bintrie,5,4,storage_mixed_k10,14,,10528,0,0,0.0367,79.9098,0.0019,0.2607,80.515,0,4,0,0,0,0,0,0,0,0,0,0,4,0,0,0,0,0,0,0,0,0
ubt,bintrie,5,4,storage_mixed_k10,14,,10529,0,0,0.0305,11.385,0.0029,0.2674,11.8605,0,4,0,0,0,0,0,0,0,0,0,0,4,0,0,0,0,0,0,0,0,0
ubt,bintrie,5,4,storage_mixed_k10,14,,10530,91722,2,0.2471,33.2053,6.7025,11.3475,51.713,1.7737,11,0,0,0,3,0,0,0,1,305,4,7,36.36,0,0,0,0,0,0,0,0
ubt,bintrie,5,4,storage_mixed_k10,14,,10531,15904070,1,187.2921,12.0535,3.595,1.5808,204.6931,77.6972,17,1965,11,585,3,0,234,0,0,0,5,12,29.41,1408,557,71.65,11,0,100,585,0
ubt,bintrie,5,4,storage_mixed_k10,14,,10532,21000,1,0.0602,8.0405,28.7881,0.6755,53.251,0.3944,6,0,0,0,2,0,0,0,0,0,2,4,33.33,0,0,0,0,0,0,0,0
ubt,bintrie,5,4,storage_mixed_k10,15,,10533,0,0,0.0415,5.0024,0.0016,0.2413,5.5254,0,4,0,0,0,0,0,0,0,0,0,0,4,0,0,0,0,0,0,0,0,0
ubt,bintrie,5,4,storage_mixed_k10,15,,10534,0,0,0.0399,0.5542,0.0023,0.1079,0.9377,0,4,0,0,0,0,0,0,0,0,0,0,4,0,0,0,0,0,0,0,0,0
ubt,bintrie,5,4,storage_mixed_k10,15,,10535,0,0,0.0448,48.8952,0.0034,0.3534,49.6513,0,4,0,0,0,0,0,0,0,0,0,0,4,0,0,0,0,0,0,0,0,0
ubt,bintrie,5,4,storage_mixed_k10,15,,10536,91722,2,0.193,16.2533,2.6116,10.466,29.7594,3.0821,11,0,0,0,3,0,0,0,1,305,5,6,45.45,0,0,0,0,0,0,0,0
ubt,bintrie,5,4,storage_mixed_k10,15,,10537,15904070,1,172.3095,10.906,2.9315,1.5406,187.9853,84.6027,17,1965,11,585,3,0,234,0,0,0,4,13,23.53,1280,685,65.14,11,0,100,585,0
ubt,bintrie,5,4,storage_mixed_k10,15,,10538,21000,1,0.1923,14.3012,14.5298,0.5368,29.7878,0.705,6,0,0,0,2,0,0,0,0,0,0,6,0,0,0,0,0,0,0,0,0
ubt,bintrie,5,4,storage_mixed_k10,16,,10539,0,0,0.0685,19.0206,0.0021,0.2764,19.6462,0,4,0,0,0,0,0,0,0,0,0,0,4,0,0,0,0,0,0,0,0,0
ubt,bintrie,5,4,storage_mixed_k10,16,,10540,0,0,0.0265,0.9436,0.002,1.0849,2.4553,0,4,0,0,0,0,0,0,0,0,0,0,4,0,0,0,0,0,0,0,0,0
ubt,bintrie,5,4,storage_mixed_k10,16,,10541,0,0,0.0397,29.1158,0.0041,0.1851,29.5246,0,4,0,0,0,0,0,0,0,0,0,0,4,0,0,0,0,0,0,0,0,0
ubt,bintrie,5,4,storage_mixed_k10,16,,10542,91722,2,0.1857,6.299,1.1462,21.7442,40.6156,2.2583,11,0,0,0,3,0,0,0,1,305,6,5,54.55,0,0,0,0,0,0,0,0
ubt,bintrie,5,4,storage_mixed_k10,16,,10543,15904070,1,146.0702,10.607,4.2522,2.4426,164.1702,96.8755,17,1965,11,585,3,0,234,0,0,0,5,12,29.41,1181,784,60.1,11,0,100,585,0
ubt,bintrie,5,4,storage_mixed_k10,16,,10544,21000,1,0.0763,3.9663,2.4895,0.5301,7.2352,2.9025,6,0,0,0,2,0,0,0,0,0,2,4,33.33,0,0,0,0,0,0,0,0
ubt,bintrie,5,4,storage_mixed_k10,17,,10545,0,0,0.0693,14.1366,0.0036,0.2884,14.7413,0,4,0,0,0,0,0,0,0,0,0,0,4,0,0,0,0,0,0,0,0,0
ubt,bintrie,5,4,storage_mixed_k10,17,,10546,0,0,0.028,1.2408,0.0016,0.2542,2.3359,0,4,0,0,0,0,0,0,0,0,0,0,4,0,0,0,0,0,0,0,0,0
ubt,bintrie,5,4,storage_mixed_k10,17,,10547,0,0,0.0291,2.5596,0.0018,0.1546,2.9077,0,4,0,0,0,0,0,0,0,0,0,0,4,0,0,0,0,0,0,0,0,0
ubt,bintrie,5,4,storage_mixed_k10,17,,10548,0,0,0.0336,19.0494,0.0029,0.1679,22.6677,0,4,0,0,0,0,0,0,0,0,0,0,4,0,0,0,0,0,0,0,0,0
ubt,bintrie,5,4,storage_mixed_k10,17,,10549,91722,2,0.2667,26.4318,7.5797,8.157,44.2717,2.0718,11,0,0,0,3,0,0,0,1,305,4,7,36.36,0,0,0,0,0,0,0,0
ubt,bintrie,5,4,storage_mixed_k10,17,,10550,15904070,1,199.8892,17.0011,71.4994,2.216,290.8609,54.6793,17,1965,11,585,3,0,234,0,0,0,10,7,58.82,919,1046,46.77,11,0,100,585,0
ubt,bintrie,5,4,storage_mixed_k10,17,,10551,21000,1,0.0516,2.5369,3.3721,0.5336,9.7873,2.1456,6,0,0,0,2,0,0,0,0,0,2,4,33.33,0,0,0,0,0,0,0,0
ubt,bintrie,5,4,storage_mixed_k10,18,,10552,0,0,0.0478,10.5369,0.002,0.2535,11.0563,0,4,0,0,0,0,0,0,0,0,0,0,4,0,0,0,0,0,0,0,0,0
ubt,bintrie,5,4,storage_mixed_k10,18,,10553,0,0,0.025,0.9504,0.0018,0.407,1.7971,0,4,0,0,0,0,0,0,0,0,0,0,4,0,0,0,0,0,0,0,0,0
ubt,bintrie,5,4,storage_mixed_k10,18,,10554,0,0,0.0621,77.9321,0.0031,0.1385,78.374,0,4,0,0,0,0,0,0,0,0,0,0,4,0,0,0,0,0,0,0,0,0
ubt,bintrie,5,4,storage_mixed_k10,18,,10555,91722,2,0.2812,0.9532,16.8113,10.9431,35.9926,2.5484,11,0,0,0,3,0,0,0,1,305,4,7,36.36,0,0,0,0,0,0,0,0
ubt,bintrie,5,4,storage_mixed_k10,18,,10556,15904070,1,162.3187,17.082,3.3639,1.3529,184.292,86.2982,17,1965,11,585,3,0,234,0,0,0,4,13,23.53,134,1831,6.82,11,0,100,585,0
ubt,bintrie,5,4,storage_mixed_k10,18,,10557,21000,1,0.2026,15.2079,2.3794,0.5426,20.375,1.0307,6,0,0,0,2,0,0,0,0,0,0,6,0,0,0,0,0,0,0,0,0
ubt,bintrie,5,4,storage_mixed_k10,19,,10558,0,0,0.0597,17.7155,0.0029,0.1714,18.201,0,4,0,0,0,0,0,0,0,0,0,0,4,0,0,0,0,0,0,0,0,0
ubt,bintrie,5,4,storage_mixed_k10,19,,10559,0,0,0.0436,35.0027,0.0035,0.2044,36.0019,0,4,0,0,0,0,0,0,0,0,0,0,4,0,0,0,0,0,0,0,0,0
ubt,bintrie,5,4,storage_mixed_k10,19,,10560,0,0,0.0291,2.7454,0.0016,0.1074,3.0254,0,4,0,0,0,0,0,0,0,0,0,0,4,0,0,0,0,0,0,0,0,0
ubt,bintrie,5,4,storage_mixed_k10,19,,10561,91722,2,0.0934,2.8748,1.4061,17.8809,35.316,2.5972,11,0,0,0,3,0,0,0,1,305,6,5,54.55,0,0,0,0,0,0,0,0
ubt,bintrie,5,4,storage_mixed_k10,19,,10562,15904070,1,160.7436,10.4003,45.6754,1.9563,220.8319,72.0189,17,1965,11,585,3,0,234,0,0,0,3,14,17.65,1253,712,63.77,11,0,100,585,0
ubt,bintrie,5,4,storage_mixed_k10,19,,10563,21000,1,0.071,2.5775,6.3818,0.4903,10.2968,2.0395,6,0,0,0,2,0,0,0,0,0,2,4,33.33,0,0,0,0,0,0,0,0
ubt,bintrie,5,4,storage_mixed_k10,1,,10428,0,0,0.0545,0.6353,0.0013,0.2312,1.1072,0,4,0,0,0,0,0,0,0,0,0,0,4,0,0,0,0,0,0,0,0,0
ubt,bintrie,5,4,storage_mixed_k10,1,,10429,0,0,0.0316,18.6888,0.003,0.1611,19.0307,0,4,0,0,0,0,0,0,0,0,0,0,4,0,0,0,0,0,0,0,0,0
ubt,bintrie,5,4,storage_mixed_k10,1,,10430,0,0,0.0417,8.0294,0.0027,0.1253,8.4473,0,4,0,0,0,0,0,0,0,0,0,0,4,0,0,0,0,0,0,0,0,0
ubt,bintrie,5,4,storage_mixed_k10,1,,10431,0,0,0.0353,4.0019,0.002,0.1297,4.3656,0,4,0,0,0,0,0,0,0,0,0,0,4,0,0,0,0,0,0,0,0,0
ubt,bintrie,5,4,storage_mixed_k10,1,,10432,91722,2,0.1752,3.2186,2.8522,7.3008,13.6971,6.6964,11,0,0,0,3,0,0,0,1,305,5,6,45.45,0,0,0,0,0,0,0,0
ubt,bintrie,5,4,storage_mixed_k10,1,,10433,15904070,1,211.2775,30.4021,3.3191,1.8896,254.385,62.5197,17,1965,11,585,3,0,234,0,0,0,0,17,0,161,1804,8.19,11,0,100,585,0
ubt,bintrie,5,4,storage_mixed_k10,1,,10434,21000,1,0.0765,3.744,6.3133,0.5613,43.7415,0.4801,6,0,0,0,2,0,0,0,0,0,2,4,33.33,0,0,0,0,0,0,0,0
ubt,bintrie,5,4,storage_mixed_k10,1,,10435,0,0,0.0479,6.9749,0.0028,0.2039,7.3961,0,4,0,0,0,0,0,0,0,0,0,0,4,0,0,0,0,0,0,0,0,0
ubt,bintrie,5,4,storage_mixed_k10,20,,10564,0,0,0.0677,20.8122,0.0026,0.2668,22.0805,0,4,0,0,0,0,0,0,0,0,0,0,4,0,0,0,0,0,0,0,0,0
ubt,bintrie,5,4,storage_mixed_k10,20,,10565,0,0,0.0265,0.9868,0.0017,0.7525,2.186,0,4,0,0,0,0,0,0,0,0,0,0,4,0,0,0,0,0,0,0,0,0
ubt,bintrie,5,4,storage_mixed_k10,20,,10566,0,0,0.0347,2.8274,0.0018,0.1655,3.1895,0,4,0,0,0,0,0,0,0,0,0,0,4,0,0,0,0,0,0,0,0,0
ubt,bintrie,5,4,storage_mixed_k10,20,,10567,0,0,0.0421,42.2761,0.0026,0.1394,42.6365,0,4,0,0,0,0,0,0,0,0,0,0,4,0,0,0,0,0,0,0,0,0
ubt,bintrie,5,4,storage_mixed_k10,20,,10568,91722,2,0.2964,17.5482,9.1753,9.2332,36.4681,2.5151,11,0,0,0,3,0,0,0,1,305,4,7,36.36,0,0,0,0,0,0,0,0
ubt,bintrie,5,4,storage_mixed_k10,20,,10569,15904070,1,174.2805,12.8922,3.0034,1.505,191.8879,82.8821,17,1965,11,585,3,0,234,0,0,0,4,13,23.53,1340,625,68.19,11,0,100,585,0
ubt,bintrie,5,4,storage_mixed_k10,20,,10570,21000,1,0.076,2.7993,16.7352,0.5357,22.4268,0.9364,6,0,0,0,2,0,0,0,0,0,2,4,33.33,0,0,0,0,0,0,0,0
ubt,bintrie,5,4,storage_mixed_k10,2,,10436,0,0,0.0519,0.5259,0.0017,0.222,1.0707,0,4,0,0,0,0,0,0,0,0,0,0,4,0,0,0,0,0,0,0,0,0
ubt,bintrie,5,4,storage_mixed_k10,2,,10437,0,0,0.0391,24.0796,0.0031,0.2085,24.5065,0,4,0,0,0,0,0,0,0,0,0,0,4,0,0,0,0,0,0,0,0,0
ubt,bintrie,5,4,storage_mixed_k10,2,,10438,0,0,0.0241,0.8595,0.0016,2.0467,3.3488,0,4,0,0,0,0,0,0,0,0,0,0,4,0,0,0,0,0,0,0,0,0
ubt,bintrie,5,4,storage_mixed_k10,2,,10439,0,0,0.044,92.1802,0.003,0.1729,92.6018,0,4,0,0,0,0,0,0,0,0,0,0,4,0,0,0,0,0,0,0,0,0
ubt,bintrie,5,4,storage_mixed_k10,2,,10440,91722,2,0.3949,6.8948,7.5615,8.7296,24.2547,3.7816,11,0,0,0,3,0,0,0,1,305,4,7,36.36,0,0,0,0,0,0,0,0
ubt,bintrie,5,4,storage_mixed_k10,2,,10441,15904070,1,157.8001,20.135,3.9854,3.2053,188.0412,84.5776,17,1965,11,585,3,0,234,0,0,0,8,9,47.06,1349,616,68.65,11,0,100,585,0
ubt,bintrie,5,4,storage_mixed_k10,2,,10442,21000,1,0.2169,17.8934,2.2257,0.5292,21.0925,0.9956,6,0,0,0,2,0,0,0,0,0,0,6,0,0,0,0,0,0,0,0,0
ubt,bintrie,5,4,storage_mixed_k10,2,,10443,0,0,0.0407,41.2486,0.0034,0.1699,41.7013,0,4,0,0,0,0,0,0,0,0,0,0,4,0,0,0,0,0,0,0,0,0
ubt,bintrie,5,4,storage_mixed_k10,3,,10444,0,0,0.0238,0.3784,0.001,0.161,0.7233,0,4,0,0,0,0,0,0,0,0,0,0,4,0,0,0,0,0,0,0,0,0
ubt,bintrie,5,4,storage_mixed_k10,3,,10445,0,0,0.0363,17.3678,0.0029,0.1559,17.7201,0,4,0,0,0,0,0,0,0,0,0,0,4,0,0,0,0,0,0,0,0,0
ubt,bintrie,5,4,storage_mixed_k10,3,,10446,0,0,0.0462,21.3816,0.0029,0.203,21.8172,0,4,0,0,0,0,0,0,0,0,0,0,4,0,0,0,0,0,0,0,0,0
ubt,bintrie,5,4,storage_mixed_k10,3,,10447,0,0,0.0334,9.392,0.0024,0.1446,9.7237,0,4,0,0,0,0,0,0,0,0,0,0,4,0,0,0,0,0,0,0,0,0
ubt,bintrie,5,4,storage_mixed_k10,3,,10448,91722,2,0.3649,1.0872,17.6956,6.7688,30.5923,2.9982,11,0,0,0,3,0,0,0,1,305,4,7,36.36,0,0,0,0,0,0,0,0
ubt,bintrie,5,4,storage_mixed_k10,3,,10449,15904070,1,167.5519,25.8414,3.7873,1.6998,199.414,79.754,17,1965,11,585,3,0,234,0,0,0,4,13,23.53,172,1793,8.75,11,0,100,585,0
ubt,bintrie,5,4,storage_mixed_k10,3,,10450,21000,1,0.0726,6.3909,3.4328,0.6145,43.355,0.4844,6,0,0,0,2,0,0,0,0,0,2,4,33.33,0,0,0,0,0,0,0,0
ubt,bintrie,5,4,storage_mixed_k10,3,,10451,0,0,0.0248,2.7056,0.0016,0.1998,3.1028,0,4,0,0,0,0,0,0,0,0,0,0,4,0,0,0,0,0,0,0,0,0
ubt,bintrie,5,4,storage_mixed_k10,4,,10452,0,0,0.0528,0.9788,0.0066,0.6253,2.0906,0,4,0,0,0,0,0,0,0,0,0,0,4,0,0,0,0,0,0,0,0,0
ubt,bintrie,5,4,storage_mixed_k10,4,,10453,0,0,0.0316,1.9948,0.0018,0.4531,2.6598,0,4,0,0,0,0,0,0,0,0,0,0,4,0,0,0,0,0,0,0,0,0
ubt,bintrie,5,4,storage_mixed_k10,4,,10454,0,0,0.0329,7.4381,0.002,0.134,7.8763,0,4,0,0,0,0,0,0,0,0,0,0,4,0,0,0,0,0,0,0,0,0
ubt,bintrie,5,4,storage_mixed_k10,4,,10455,0,0,0.0401,9.0133,0.0022,0.1729,9.3804,0,4,0,0,0,0,0,0,0,0,0,0,4,0,0,0,0,0,0,0,0,0
ubt,bintrie,5,4,storage_mixed_k10,4,,10456,91722,2,0.293,10.4764,7.5659,10.6974,29.2282,3.1381,11,0,0,0,3,0,0,0,1,305,4,7,36.36,0,0,0,0,0,0,0,0
ubt,bintrie,5,4,storage_mixed_k10,4,,10457,15904070,1,183.8392,25.6678,7.7552,2.8493,240.2959,66.1854,17,1965,11,585,3,0,234,0,0,0,3,14,17.65,688,1277,35.01,11,0,100,585,0
ubt,bintrie,5,4,storage_mixed_k10,4,,10458,21000,1,0.2148,16.2586,4.8829,0.5532,22.1369,0.9486,6,0,0,0,2,0,0,0,0,0,0,6,0,0,0,0,0,0,0,0,0
ubt,bintrie,5,4,storage_mixed_k10,4,,10459,0,0,0.0476,58.5827,0.0031,0.2163,59.0842,0,4,0,0,0,0,0,0,0,0,0,0,4,0,0,0,0,0,0,0,0,0
ubt,bintrie,5,4,storage_mixed_k10,5,,10460,0,0,0.0467,3.8782,0.0014,0.1873,4.3009,0,4,0,0,0,0,0,0,0,0,0,0,4,0,0,0,0,0,0,0,0,0
ubt,bintrie,5,4,storage_mixed_k10,5,,10461,0,0,0.0238,0.9141,0.0013,0.6152,1.8473,0,4,0,0,0,0,0,0,0,0,0,0,4,0,0,0,0,0,0,0,0,0
ubt,bintrie,5,4,storage_mixed_k10,5,,10462,0,0,0.0438,73.9002,0.004,0.2041,74.5027,0,4,0,0,0,0,0,0,0,0,0,0,4,0,0,0,0,0,0,0,0,0
ubt,bintrie,5,4,storage_mixed_k10,5,,10463,0,0,0.1311,7.9361,0.0013,0.2801,8.8065,0,4,0,0,0,0,0,0,0,0,0,0,4,0,0,0,0,0,0,0,0,0
ubt,bintrie,5,4,storage_mixed_k10,5,,10464,91722,2,0.38,16.0299,3.4012,9.1229,29.2164,3.1394,11,0,0,0,3,0,0,0,1,305,4,7,36.36,0,0,0,0,0,0,0,0
ubt,bintrie,5,4,storage_mixed_k10,5,,10465,15904070,1,148.6176,19.0834,5.2336,2.8509,199.1179,79.8726,17,1965,11,585,3,0,234,0,0,0,1,16,5.88,392,1573,19.95,11,0,100,585,0
ubt,bintrie,5,4,storage_mixed_k10,5,,10466,21000,1,0.2278,16.4252,36.2143,0.5791,53.6719,0.3913,6,0,0,0,2,0,0,0,0,0,0,6,0,0,0,0,0,0,0,0,0
ubt,bintrie,5,4,storage_mixed_k10,5,,10467,0,0,0.0221,2.3367,0.0014,0.093,2.6193,0,4,0,0,0,0,0,0,0,0,0,0,4,0,0,0,0,0,0,0,0,0
ubt,bintrie,5,4,storage_mixed_k10,6,,10468,0,0,0.0485,0.985,0.0016,0.5766,1.9776,0,4,0,0,0,0,0,0,0,0,0,0,4,0,0,0,0,0,0,0,0,0
ubt,bintrie,5,4,storage_mixed_k10,6,,10469,0,0,0.0399,0.9909,0.0018,1.4506,2.9208,0,4,0,0,0,0,0,0,0,0,0,0,4,0,0,0,0,0,0,0,0,0
ubt,bintrie,5,4,storage_mixed_k10,6,,10470,0,0,0.028,3.9165,0.0017,0.1269,8.3845,0,4,0,0,0,0,0,0,0,0,0,0,4,0,0,0,0,0,0,0,0,0
ubt,bintrie,5,4,storage_mixed_k10,6,,10471,0,0,0.0485,39.548,0.0029,0.1705,40.0025,0,4,0,0,0,0,0,0,0,0,0,0,4,0,0,0,0,0,0,0,0,0
ubt,bintrie,5,4,storage_mixed_k10,6,,10472,91722,2,0.3586,1.1339,8.85,9.3079,31.0713,2.952,11,0,0,0,3,0,0,0,1,305,4,7,36.36,0,0,0,0,0,0,0,0
ubt,bintrie,5,4,storage_mixed_k10,6,,10473,15904070,1,142.9657,15.5624,31.3321,3.1426,194.7881,81.648,17,1965,11,585,3,0,234,0,0,0,3,14,17.65,651,1314,33.13,11,0,100,585,0
ubt,bintrie,5,4,storage_mixed_k10,6,,10474,21000,1,0.2172,22.9445,2.2874,0.5847,26.2548,0.7999,6,0,0,0,2,0,0,0,0,0,0,6,0,0,0,0,0,0,0,0,0
ubt,bintrie,5,4,storage_mixed_k10,6,,10475,0,0,0.04,55.7541,0.0038,0.2166,56.232,0,4,0,0,0,0,0,0,0,0,0,0,4,0,0,0,0,0,0,0,0,0
ubt,bintrie,5,4,storage_mixed_k10,7,,10476,0,0,0.0543,2.0763,0.0017,0.2956,2.7369,0,4,0,0,0,0,0,0,0,0,0,0,4,0,0,0,0,0,0,0,0,0
ubt,bintrie,5,4,storage_mixed_k10,7,,10477,0,0,0.0247,0.7847,0.0016,0.5167,1.6432,0,4,0,0,0,0,0,0,0,0,0,0,4,0,0,0,0,0,0,0,0,0
ubt,bintrie,5,4,storage_mixed_k10,7,,10478,0,0,0.0312,8.0733,0.0015,0.151,12.0911,0,4,0,0,0,0,0,0,0,0,0,0,4,0,0,0,0,0,0,0,0,0
ubt,bintrie,5,4,storage_mixed_k10,7,,10479,0,0,0.054,15.6238,0.0025,0.1434,15.997,0,4,0,0,0,0,0,0,0,0,0,0,4,0,0,0,0,0,0,0,0,0
ubt,bintrie,5,4,storage_mixed_k10,7,,10480,91722,2,0.3785,3.3314,7.5062,9.0761,20.5981,4.4529,11,0,0,0,3,0,0,0,1,305,4,7,36.36,0,0,0,0,0,0,0,0
ubt,bintrie,5,4,storage_mixed_k10,7,,10481,15904070,1,221.1668,25.7078,2.9598,1.3833,251.3913,63.2642,17,1965,11,585,3,0,234,0,0,0,4,13,23.53,1305,660,66.41,11,0,100,585,0
ubt,bintrie,5,4,storage_mixed_k10,7,,10482,21000,1,0.0635,13.9333,17.5938,0.8305,32.6896,0.6424,6,0,0,0,2,0,0,0,0,0,2,4,33.33,0,0,0,0,0,0,0,0
ubt,bintrie,5,4,storage_mixed_k10,7,,10483,0,0,0.0242,2.6487,0.0012,0.0972,2.9324,0,4,0,0,0,0,0,0,0,0,0,0,4,0,0,0,0,0,0,0,0,0
ubt,bintrie,5,4,storage_mixed_k10,8,,10484,0,0,0.0279,0.7087,0.0014,0.5977,1.7113,0,4,0,0,0,0,0,0,0,0,0,0,4,0,0,0,0,0,0,0,0,0
ubt,bintrie,5,4,storage_mixed_k10,8,,10485,0,0,0.0159,0.4028,0.0012,0.0947,0.6369,0,4,0,0,0,0,0,0,0,0,0,0,4,0,0,0,0,0,0,0,0,0
ubt,bintrie,5,4,storage_mixed_k10,8,,10486,0,0,0.0364,2.6417,0.0018,0.1134,2.969,0,4,0,0,0,0,0,0,0,0,0,0,4,0,0,0,0,0,0,0,0,0
ubt,bintrie,5,4,storage_mixed_k10,8,,10487,0,0,0.0209,3.2015,0.0013,0.1606,3.5402,0,4,0,0,0,0,0,0,0,0,0,0,4,0,0,0,0,0,0,0,0,0
ubt,bintrie,5,4,storage_mixed_k10,8,,10488,91722,2,0.1036,14.5576,1.1581,13.4702,53.4568,1.7158,11,0,0,0,3,0,0,0,1,305,6,5,54.55,0,0,0,0,0,0,0,0
ubt,bintrie,5,4,storage_mixed_k10,8,,10489,15904070,1,141.0677,15.9475,4.8544,2.9985,165.1731,96.2873,17,1965,11,585,3,0,234,0,0,0,3,14,17.65,647,1318,32.93,11,0,100,585,0
ubt,bintrie,5,4,storage_mixed_k10,8,,10490,21000,1,0.2238,54.159,2.222,0.5696,57.3872,0.3659,6,0,0,0,2,0,0,0,0,0,0,6,0,0,0,0,0,0,0,0,0
ubt,bintrie,5,4,storage_mixed_k10,8,,10491,0,0,0.0443,45.3685,0.0029,0.1423,45.7596,0,4,0,0,0,0,0,0,0,0,0,0,4,0,0,0,0,0,0,0,0,0
ubt,bintrie,5,4,storage_mixed_k10,9,,10492,0,0,0.0319,6.3689,0.0015,0.1468,6.7271,0,4,0,0,0,0,0,0,0,0,0,0,4,0,0,0,0,0,0,0,0,0
ubt,bintrie,5,4,storage_mixed_k10,9,,10493,0,0,0.0597,40.3927,0.0026,0.2215,40.9749,0,4,0,0,0,0,0,0,0,0,0,0,4,0,0,0,0,0,0,0,0,0
ubt,bintrie,5,4,storage_mixed_k10,9,,10494,0,0,0.0282,24.9986,0.003,0.1687,25.3634,0,4,0,0,0,0,0,0,0,0,0,0,4,0,0,0,0,0,0,0,0,0
ubt,bintrie,5,4,storage_mixed_k10,9,,10495,91722,2,0.1261,8.526,7.2029,8.2475,24.6206,3.7254,11,0,0,0,3,0,0,0,1,305,7,4,63.64,0,0,0,0,0,0,0,0
ubt,bintrie,5,4,storage_mixed_k10,9,,10496,15904070,1,143.1188,20.1653,38.0356,1.7399,205.8214,77.2712,17,1965,11,585,3,0,234,0,0,0,3,14,17.65,237,1728,12.06,11,0,100,585,0
ubt,bintrie,5,4,storage_mixed_k10,9,,10497,21000,1,0.0635,2.9896,4.1765,0.7924,11.2337,1.8694,6,0,0,0,2,0,0,0,0,0,2,4,33.33,0,0,0,0,0,0,0,0
ubt,bintrie,5,4,storage_mixed_k10,9,,10498,0,0,0.0208,2.3384,0.0016,0.1144,2.6223,0,4,0,0,0,0,0,0,0,0,0,0,4,0,0,0,0,0,0,0,0,0
ubt,bintrie,5,4,storage_mixed_k100,10,,10635,0,0,0.0654,15.8172,0.0032,0.4814,16.6445,0,4,0,0,0,0,0,0,0,0,0,0,4,0,0,0,0,0,0,0,0,0
ubt,bintrie,5,4,storage_mixed_k100,10,,10636,0,0,0.0222,0.7612,0.0018,0.8372,2.0125,0,4,0,0,0,0,0,0,0,0,0,0,4,0,0,0,0,0,0,0,0,0
ubt,bintrie,5,4,storage_mixed_k100,10,,10637,0,0,0.0389,17.9104,0.003,0.1732,18.3173,0,4,0,0,0,0,0,0,0,0,0,0,4,0,0,0,0,0,0,0,0,0
ubt,bintrie,5,4,storage_mixed_k100,10,,10638,0,0,0.0533,36.0104,0.0023,0.1734,36.6743,0,4,0,0,0,0,0,0,0,0,0,0,4,0,0,0,0,0,0,0,0,0
ubt,bintrie,5,4,storage_mixed_k100,10,,10639,91722,2,0.1836,0.964,14.0541,5.0299,20.4448,4.4863,11,0,0,0,3,0,0,0,1,305,4,7,36.36,0,0,0,0,0,0,0,0
ubt,bintrie,5,4,storage_mixed_k100,10,,10640,15913624,1,147.5979,23.4409,5.6276,3.2786,180.6259,88.1027,107,2161,101,3105,5,0,209,0,0,0,58,49,54.21,1333,828,61.68,101,0,100,3105,0
ubt,bintrie,5,4,storage_mixed_k100,10,,10641,21000,1,3.6715,24.7341,7.045,0.5752,36.2384,0.5795,6,0,0,0,2,0,0,0,0,0,0,6,0,0,0,0,0,0,0,0,0
ubt,bintrie,5,4,storage_mixed_k100,11,,10643,0,0,0.0324,5.6962,0.0021,0.1851,6.1812,0,4,0,0,0,0,0,0,0,0,0,0,4,0,0,0,0,0,0,0,0,0
ubt,bintrie,5,4,storage_mixed_k100,11,,10644,0,0,0.0446,17.4016,0.0026,0.1333,17.8445,0,4,0,0,0,0,0,0,0,0,0,0,4,0,0,0,0,0,0,0,0,0
ubt,bintrie,5,4,storage_mixed_k100,11,,10645,0,0,0.0339,4.8919,0.0031,0.1671,5.3321,0,4,0,0,0,0,0,0,0,0,0,0,4,0,0,0,0,0,0,0,0,0
ubt,bintrie,5,4,storage_mixed_k100,11,,10646,0,0,0.0322,37.7366,0.0023,0.192,38.2452,0,4,0,0,0,0,0,0,0,0,0,0,4,0,0,0,0,0,0,0,0,0
ubt,bintrie,5,4,storage_mixed_k100,11,,10647,91722,2,0.1377,3.1664,4.8015,5.2856,13.5729,6.7578,11,0,0,0,3,0,0,0,1,305,5,6,45.45,0,0,0,0,0,0,0,0
ubt,bintrie,5,4,storage_mixed_k100,11,,10648,15913624,1,138.6483,22.1226,46.941,1.8204,211.3333,75.3011,107,2161,101,3105,5,0,209,0,0,0,16,91,14.95,555,1606,25.68,101,0,100,3105,0
ubt,bintrie,5,4,storage_mixed_k100,11,,10649,21000,1,0.0555,2.5994,2.341,0.6273,5.801,3.6201,6,0,0,0,2,0,0,0,0,0,2,4,33.33,0,0,0,0,0,0,0,0
ubt,bintrie,5,4,storage_mixed_k100,12,,10650,0,0,0.076,0.9028,0.0018,0.2614,1.7347,0,4,0,0,0,0,0,0,0,0,0,0,4,0,0,0,0,0,0,0,0,0
ubt,bintrie,5,4,storage_mixed_k100,12,,10651,0,0,0.0191,0.8145,0.0013,0.5931,1.7734,0,4,0,0,0,0,0,0,0,0,0,0,4,0,0,0,0,0,0,0,0,0
ubt,bintrie,5,4,storage_mixed_k100,12,,10652,0,0,0.0271,2.7016,0.0016,0.1346,3.0418,0,4,0,0,0,0,0,0,0,0,0,0,4,0,0,0,0,0,0,0,0,0
ubt,bintrie,5,4,storage_mixed_k100,12,,10653,0,0,0.0446,44.1481,0.0027,0.165,44.5619,0,4,0,0,0,0,0,0,0,0,0,0,4,0,0,0,0,0,0,0,0,0
ubt,bintrie,5,4,storage_mixed_k100,12,,10654,91722,2,0.1349,3.4968,3.6984,5.4959,15.014,6.1091,11,0,0,0,3,0,0,0,1,305,4,7,36.36,0,0,0,0,0,0,0,0
ubt,bintrie,5,4,storage_mixed_k100,12,,10655,15913624,1,143.9166,24.6582,4.5202,1.827,194.7508,81.7127,107,2161,101,3105,5,0,209,0,0,0,14,93,13.08,666,1495,30.82,101,0,100,3105,0
ubt,bintrie,5,4,storage_mixed_k100,12,,10656,21000,1,0.0577,2.4866,2.3144,0.5522,5.5569,3.7791,6,0,0,0,2,0,0,0,0,0,2,4,33.33,0,0,0,0,0,0,0,0
ubt,bintrie,5,4,storage_mixed_k100,13,,10657,0,0,0.0287,0.878,0.0021,3.174,4.8467,0,4,0,0,0,0,0,0,0,0,0,0,4,0,0,0,0,0,0,0,0,0
ubt,bintrie,5,4,storage_mixed_k100,13,,10658,0,0,0.0234,0.9318,0.0024,1.6985,3.397,0,4,0,0,0,0,0,0,0,0,0,0,4,0,0,0,0,0,0,0,0,0
ubt,bintrie,5,4,storage_mixed_k100,13,,10659,0,0,0.0392,7.304,0.0019,0.1354,7.6854,0,4,0,0,0,0,0,0,0,0,0,0,4,0,0,0,0,0,0,0,0,0
ubt,bintrie,5,4,storage_mixed_k100,13,,10660,0,0,0.0447,37.3544,0.0021,0.1728,39.2801,0,4,0,0,0,0,0,0,0,0,0,0,4,0,0,0,0,0,0,0,0,0
ubt,bintrie,5,4,storage_mixed_k100,13,,10661,91722,2,0.1055,2.9406,2.6257,5.3429,11.221,8.1741,11,0,0,0,3,0,0,0,1,305,5,6,45.45,0,0,0,0,0,0,0,0
ubt,bintrie,5,4,storage_mixed_k100,13,,10662,15913624,1,149.4253,20.3035,3.8378,1.783,175.7185,90.5632,107,2161,101,3105,5,0,209,0,0,0,11,96,10.28,46,2115,2.13,101,0,100,3105,0
ubt,bintrie,5,4,storage_mixed_k100,13,,10663,21000,1,0.0572,2.5097,12.7307,0.5435,18.6524,1.1259,6,0,0,0,2,0,0,0,0,0,2,4,33.33,0,0,0,0,0,0,0,0
ubt,bintrie,5,4,storage_mixed_k100,14,,10664,0,0,0.0259,0.6398,0.0024,0.2976,4.0008,0,4,0,0,0,0,0,0,0,0,0,0,4,0,0,0,0,0,0,0,0,0
ubt,bintrie,5,4,storage_mixed_k100,14,,10665,0,0,0.0325,0.8025,0.0016,0.8278,2.2796,0,4,0,0,0,0,0,0,0,0,0,0,4,0,0,0,0,0,0,0,0,0
ubt,bintrie,5,4,storage_mixed_k100,14,,10666,0,0,0.0375,2.9455,0.002,0.1456,3.3132,0,4,0,0,0,0,0,0,0,0,0,0,4,0,0,0,0,0,0,0,0,0
ubt,bintrie,5,4,storage_mixed_k100,14,,10667,0,0,0.0411,28.7075,0.0031,0.1677,30.5931,0,4,0,0,0,0,0,0,0,0,0,0,4,0,0,0,0,0,0,0,0,0
ubt,bintrie,5,4,storage_mixed_k100,14,,10668,91722,2,0.1266,2.9946,13.3616,4.3749,21.0438,4.3586,11,0,0,0,3,0,0,0,1,305,5,6,45.45,0,0,0,0,0,0,0,0
ubt,bintrie,5,4,storage_mixed_k100,14,,10669,15913624,1,144.9795,35.1707,4.8773,3.4657,189.6607,83.9058,107,2161,101,3105,5,0,209,0,0,0,21,86,19.63,1001,1160,46.32,101,0,100,3105,0
ubt,bintrie,5,4,storage_mixed_k100,14,,10670,21000,1,0.187,25.9685,3.1104,0.5597,30.0585,0.6986,6,0,0,0,2,0,0,0,0,0,0,6,0,0,0,0,0,0,0,0,0
ubt,bintrie,5,4,storage_mixed_k100,15,,10671,0,0,0.0295,0.8136,0.0017,1.739,3.0526,0,4,0,0,0,0,0,0,0,0,0,0,4,0,0,0,0,0,0,0,0,0
ubt,bintrie,5,4,storage_mixed_k100,15,,10672,0,0,0.0369,4.2196,0.002,0.1484,4.6541,0,4,0,0,0,0,0,0,0,0,0,0,4,0,0,0,0,0,0,0,0,0
ubt,bintrie,5,4,storage_mixed_k100,15,,10673,0,0,0.0282,1.0718,0.0018,0.3696,2.0359,0,4,0,0,0,0,0,0,0,0,0,0,4,0,0,0,0,0,0,0,0,0
ubt,bintrie,5,4,storage_mixed_k100,15,,10674,0,0,0.0365,37.046,0.0027,0.1008,37.4709,0,4,0,0,0,0,0,0,0,0,0,0,4,0,0,0,0,0,0,0,0,0
ubt,bintrie,5,4,storage_mixed_k100,15,,10675,91722,2,0.1209,3.5229,0.5341,4.463,8.8426,10.3727,11,0,0,0,3,0,0,0,1,305,5,6,45.45,0,0,0,0,0,0,0,0
ubt,bintrie,5,4,storage_mixed_k100,15,,10676,15913624,1,149.8646,22.7083,3.5909,1.6163,178.167,89.3186,107,2161,101,3105,5,0,209,0,0,0,15,92,14.02,1552,609,71.82,101,0,100,3105,0
ubt,bintrie,5,4,storage_mixed_k100,15,,10677,21000,1,0.0681,2.6946,19.6822,0.5449,23.6877,0.8865,6,0,0,0,2,0,0,0,0,0,2,4,33.33,0,0,0,0,0,0,0,0
ubt,bintrie,5,4,storage_mixed_k100,16,,10678,0,0,0.0285,0.7508,0.0013,0.6883,1.8892,0,4,0,0,0,0,0,0,0,0,0,0,4,0,0,0,0,0,0,0,0,0
ubt,bintrie,5,4,storage_mixed_k100,16,,10679,0,0,0.0269,0.9691,0.0029,0.1505,3.6758,0,4,0,0,0,0,0,0,0,0,0,0,4,0,0,0,0,0,0,0,0,0
ubt,bintrie,5,4,storage_mixed_k100,16,,10680,0,0,0.0413,31.4413,0.0028,0.1803,31.8807,0,4,0,0,0,0,0,0,0,0,0,0,4,0,0,0,0,0,0,0,0,0
ubt,bintrie,5,4,storage_mixed_k100,16,,10681,0,0,0.0394,39.6731,0.0023,0.1279,40.0167,0,4,0,0,0,0,0,0,0,0,0,0,4,0,0,0,0,0,0,0,0,0
ubt,bintrie,5,4,storage_mixed_k100,16,,10682,91722,2,0.366,16.112,6.9245,4.2572,27.8739,3.2906,11,0,0,0,3,0,0,0,1,305,4,7,36.36,0,0,0,0,0,0,0,0
ubt,bintrie,5,4,storage_mixed_k100,16,,10683,15913624,1,151.6948,6.8493,18.6181,7.2687,184.9774,86.0301,107,2161,101,3105,5,0,209,0,0,0,28,79,26.17,1624,537,75.15,101,0,100,3105,0
ubt,bintrie,5,4,storage_mixed_k100,16,,10684,21000,1,0.2078,44.1169,4.2634,0.5374,49.3164,0.4258,6,0,0,0,2,0,0,0,0,0,0,6,0,0,0,0,0,0,0,0,0
ubt,bintrie,5,4,storage_mixed_k100,17,,10685,0,0,0.0649,14.9954,0.0034,0.2626,15.6047,0,4,0,0,0,0,0,0,0,0,0,0,4,0,0,0,0,0,0,0,0,0
ubt,bintrie,5,4,storage_mixed_k100,17,,10686,0,0,0.051,67.4043,0.0022,0.1399,67.8499,0,4,0,0,0,0,0,0,0,0,0,0,4,0,0,0,0,0,0,0,0,0
ubt,bintrie,5,4,storage_mixed_k100,17,,10687,0,0,0.0401,53.1436,0.0031,0.1494,53.5517,0,4,0,0,0,0,0,0,0,0,0,0,4,0,0,0,0,0,0,0,0,0
ubt,bintrie,5,4,storage_mixed_k100,17,,10688,0,0,0.0411,41.6498,0.0027,0.219,42.1366,0,4,0,0,0,0,0,0,0,0,0,0,4,0,0,0,0,0,0,0,0,0
ubt,bintrie,5,4,storage_mixed_k100,17,,10689,91722,2,0.2184,15.8778,6.6323,5.1701,39.419,2.3268,11,0,0,0,3,0,0,0,1,305,5,6,45.45,0,0,0,0,0,0,0,0
ubt,bintrie,5,4,storage_mixed_k100,17,,10690,15913624,1,140.1137,20.6245,22.6301,3.476,187.3261,84.9514,107,2161,101,3105,5,0,209,0,0,0,34,73,31.78,1065,1096,49.28,101,0,100,3105,0
ubt,bintrie,5,4,storage_mixed_k100,17,,10691,21000,1,0.1093,35.275,2.5676,0.5383,39.2577,0.5349,6,0,0,0,2,0,0,0,0,0,2,4,33.33,0,0,0,0,0,0,0,0
ubt,bintrie,5,4,storage_mixed_k100,18,,10692,0,0,0.0628,16.581,0.0019,0.1799,17.0894,0,4,0,0,0,0,0,0,0,0,0,0,4,0,0,0,0,0,0,0,0,0
ubt,bintrie,5,4,storage_mixed_k100,18,,10693,0,0,0.0255,3.0686,0.0047,1.7652,5.0046,0,4,0,0,0,0,0,0,0,0,0,0,4,0,0,0,0,0,0,0,0,0
ubt,bintrie,5,4,storage_mixed_k100,18,,10694,0,0,0.0338,2.5778,0.0013,0.0972,2.8852,0,4,0,0,0,0,0,0,0,0,0,0,4,0,0,0,0,0,0,0,0,0
ubt,bintrie,5,4,storage_mixed_k100,18,,10695,0,0,0.0391,38.6081,0.0031,0.1726,38.9862,0,4,0,0,0,0,0,0,0,0,0,0,4,0,0,0,0,0,0,0,0,0
ubt,bintrie,5,4,storage_mixed_k100,18,,10696,91722,2,0.2772,13.3852,3.3549,4.9972,22.2351,4.1251,11,0,0,0,3,0,0,0,1,305,4,7,36.36,0,0,0,0,0,0,0,0
ubt,bintrie,5,4,storage_mixed_k100,18,,10697,15913624,1,202.2759,24.5851,8.6219,6.3832,242.6125,65.5928,107,2161,101,3105,5,0,209,0,0,0,3,104,2.8,695,1466,32.16,101,0,100,3105,0
ubt,bintrie,5,4,storage_mixed_k100,18,,10698,21000,1,0.1787,33.941,4.1591,0.5009,38.9866,0.5386,6,0,0,0,2,0,0,0,0,0,0,6,0,0,0,0,0,0,0,0,0
ubt,bintrie,5,4,storage_mixed_k100,19,,10699,0,0,0.0516,4.569,0.0016,0.1845,5.0898,0,4,0,0,0,0,0,0,0,0,0,0,4,0,0,0,0,0,0,0,0,0
ubt,bintrie,5,4,storage_mixed_k100,19,,10700,0,0,0.0532,14.3543,0.002,0.1562,14.7999,0,4,0,0,0,0,0,0,0,0,0,0,4,0,0,0,0,0,0,0,0,0
ubt,bintrie,5,4,storage_mixed_k100,19,,10701,0,0,0.0418,40.7296,0.0022,0.1213,41.0919,0,4,0,0,0,0,0,0,0,0,0,0,4,0,0,0,0,0,0,0,0,0
ubt,bintrie,5,4,storage_mixed_k100,19,,10702,0,0,0.0448,39.7849,0.003,0.1952,41.5067,0,4,0,0,0,0,0,0,0,0,0,0,4,0,0,0,0,0,0,0,0,0
ubt,bintrie,5,4,storage_mixed_k100,19,,10703,91722,2,0.3679,1.161,12.2229,5.2607,24.1862,3.7923,11,0,0,0,3,0,0,0,1,305,4,7,36.36,0,0,0,0,0,0,0,0
ubt,bintrie,5,4,storage_mixed_k100,19,,10704,15913624,1,150.6568,35.5634,5.1182,3.4626,195.2342,81.5104,107,2161,101,3105,5,0,209,0,0,0,8,99,7.48,224,1937,10.37,101,0,100,3105,0
ubt,bintrie,5,4,storage_mixed_k100,19,,10705,21000,1,0.2085,40.5584,2.2316,0.6209,43.8196,0.4792,6,0,0,0,2,0,0,0,0,0,0,6,0,0,0,0,0,0,0,0,0
ubt,bintrie,5,4,storage_mixed_k100,1,,10571,0,0,0.048,0.7455,0.0018,0.2707,1.3288,0,4,0,0,0,0,0,0,0,0,0,0,4,0,0,0,0,0,0,0,0,0
ubt,bintrie,5,4,storage_mixed_k100,1,,10572,0,0,0.0229,0.7492,0.0014,0.5855,1.6836,0,4,0,0,0,0,0,0,0,0,0,0,4,0,0,0,0,0,0,0,0,0
ubt,bintrie,5,4,storage_mixed_k100,1,,10573,0,0,0.0467,62.0359,0.0034,0.1639,62.4805,0,4,0,0,0,0,0,0,0,0,0,0,4,0,0,0,0,0,0,0,0,0
ubt,bintrie,5,4,storage_mixed_k100,1,,10574,0,0,0.0266,3.2858,0.0025,0.1615,5.7762,0,4,0,0,0,0,0,0,0,0,0,0,4,0,0,0,0,0,0,0,0,0
ubt,bintrie,5,4,storage_mixed_k100,1,,10575,91722,2,0.2678,13.9773,2.7252,9.7728,28.5987,3.2072,11,0,0,0,3,0,0,0,1,305,4,7,36.36,0,0,0,0,0,0,0,0
ubt,bintrie,5,4,storage_mixed_k100,1,,10576,15913624,1,159.438,23.7603,3.7207,1.6043,188.7483,84.3114,107,2161,101,3105,5,0,209,0,0,0,13,94,12.15,86,2075,3.98,101,0,100,3105,0
ubt,bintrie,5,4,storage_mixed_k100,1,,10577,21000,1,0.057,15.5037,2.5394,0.6441,19.1131,1.0987,6,0,0,0,2,0,0,0,0,0,2,4,33.33,0,0,0,0,0,0,0,0
ubt,bintrie,5,4,storage_mixed_k100,20,,10706,0,0,0.0617,5.2355,0.0016,0.2226,5.732,0,4,0,0,0,0,0,0,0,0,0,0,4,0,0,0,0,0,0,0,0,0
ubt,bintrie,5,4,storage_mixed_k100,20,,10707,0,0,0.0299,13.6659,0.0164,0.1811,14.2908,0,4,0,0,0,0,0,0,0,0,0,0,4,0,0,0,0,0,0,0,0,0
ubt,bintrie,5,4,storage_mixed_k100,20,,10708,0,0,0.0489,14.4252,0.0022,0.1201,14.8402,0,4,0,0,0,0,0,0,0,0,0,0,4,0,0,0,0,0,0,0,0,0
ubt,bintrie,5,4,storage_mixed_k100,20,,10709,0,0,0.0356,25.3379,0.0019,0.1269,25.7621,0,4,0,0,0,0,0,0,0,0,0,0,4,0,0,0,0,0,0,0,0,0
ubt,bintrie,5,4,storage_mixed_k100,20,,10710,91722,2,0.1559,3.7828,33.3029,6.1228,43.5447,2.1064,11,0,0,0,3,0,0,0,1,305,5,6,45.45,0,0,0,0,0,0,0,0
ubt,bintrie,5,4,storage_mixed_k100,20,,10711,15913624,1,134.4759,19.4272,17.3916,2.1313,188.553,84.3987,107,2161,101,3105,5,0,209,0,0,0,9,98,8.41,679,1482,31.42,101,0,100,3105,0
ubt,bintrie,5,4,storage_mixed_k100,20,,10712,21000,1,0.0612,2.9973,5.8978,0.8167,9.9484,2.1109,6,0,0,0,2,0,0,0,0,0,0,6,0,0,0,0,0,0,0,0,0
ubt,bintrie,5,4,storage_mixed_k100,2,,10578,0,0,0.0678,51.8196,0.0025,0.1576,52.3272,0,4,0,0,0,0,0,0,0,0,0,0,4,0,0,0,0,0,0,0,0,0
ubt,bintrie,5,4,storage_mixed_k100,2,,10579,0,0,4.1172,35.6346,0.0101,0.1167,40.0664,0,4,0,0,0,0,0,0,0,0,0,0,4,0,0,0,0,0,0,0,0,0
ubt,bintrie,5,4,storage_mixed_k100,2,,10580,0,0,0.0422,66.1138,0.0033,0.1845,66.523,0,4,0,0,0,0,0,0,0,0,0,0,4,0,0,0,0,0,0,0,0,0
ubt,bintrie,5,4,storage_mixed_k100,2,,10581,0,0,0.0344,40.4075,0.0029,0.1668,41.0548,0,4,0,0,0,0,0,0,0,0,0,0,4,0,0,0,0,0,0,0,0,0
ubt,bintrie,5,4,storage_mixed_k100,2,,10582,91722,2,0.1558,5.5447,7.7205,9.636,23.2937,3.9376,11,0,0,0,3,0,0,0,1,305,5,6,45.45,0,0,0,0,0,0,0,0
ubt,bintrie,5,4,storage_mixed_k100,2,,10583,15913624,1,142.6981,23.2938,23.5827,3.1273,193.2504,82.3472,107,2161,101,3105,5,0,209,0,0,0,22,85,20.56,600,1561,27.76,101,0,100,3105,0
ubt,bintrie,5,4,storage_mixed_k100,2,,10584,21000,1,0.1286,0.4719,19.354,0.8269,29.4905,0.7121,6,0,0,0,2,0,0,0,0,0,0,6,0,0,0,0,0,0,0,0,0
ubt,bintrie,5,4,storage_mixed_k100,3,,10585,0,0,0.0398,0.8852,0.0019,1.3844,2.9991,0,4,0,0,0,0,0,0,0,0,0,0,4,0,0,0,0,0,0,0,0,0
ubt,bintrie,5,4,storage_mixed_k100,3,,10586,0,0,0.028,0.8178,0.0022,0.2044,2.0995,0,4,0,0,0,0,0,0,0,0,0,0,4,0,0,0,0,0,0,0,0,0
ubt,bintrie,5,4,storage_mixed_k100,3,,10587,0,0,0.1594,29.3567,0.0037,1.9827,31.8023,0,4,0,0,0,0,0,0,0,0,0,0,4,0,0,0,0,0,0,0,0,0
ubt,bintrie,5,4,storage_mixed_k100,3,,10588,0,0,0.0338,39.9727,0.0023,0.1808,40.4151,0,4,0,0,0,0,0,0,0,0,0,0,4,0,0,0,0,0,0,0,0,0
ubt,bintrie,5,4,storage_mixed_k100,3,,10589,91722,2,0.1741,5.5306,2.6282,10.1418,19.0895,4.8048,11,0,0,0,3,0,0,0,1,305,5,6,45.45,0,0,0,0,0,0,0,0
ubt,bintrie,5,4,storage_mixed_k100,3,,10590,15913624,1,198.1589,37.3295,5.931,3.234,245.0451,64.9416,107,2161,101,3105,5,0,209,0,0,0,6,101,5.61,157,2004,7.27,101,0,100,3105,0
ubt,bintrie,5,4,storage_mixed_k100,3,,10591,21000,1,0.2094,27.2469,4.9429,0.5637,33.1686,0.6331,6,0,0,0,2,0,0,0,0,0,0,6,0,0,0,0,0,0,0,0,0
ubt,bintrie,5,4,storage_mixed_k100,4,,10592,0,0,0.0587,8.1192,0.0021,0.3642,8.8229,0,4,0,0,0,0,0,0,0,0,0,0,4,0,0,0,0,0,0,0,0,0
ubt,bintrie,5,4,storage_mixed_k100,4,,10593,0,0,0.0189,0.6908,0.0014,0.6255,1.78,0,4,0,0,0,0,0,0,0,0,0,0,4,0,0,0,0,0,0,0,0,0
ubt,bintrie,5,4,storage_mixed_k100,4,,10594,0,0,0.0315,2.6596,0.0027,0.1346,2.9955,0,4,0,0,0,0,0,0,0,0,0,0,4,0,0,0,0,0,0,0,0,0
ubt,bintrie,5,4,storage_mixed_k100,4,,10595,0,0,0.0446,35.7177,0.0029,0.2538,37.8478,0,4,0,0,0,0,0,0,0,0,0,0,4,0,0,0,0,0,0,0,0,0
ubt,bintrie,5,4,storage_mixed_k100,4,,10596,91722,2,0.332,9.0143,6.4476,3.6553,19.67,4.6631,11,0,0,0,3,0,0,0,1,305,4,7,36.36,0,0,0,0,0,0,0,0
ubt,bintrie,5,4,storage_mixed_k100,4,,10597,15913624,1,147.2895,24.4772,3.5849,3.1506,178.9639,88.9209,107,2161,101,3105,5,0,209,0,0,0,26,81,24.3,1108,1053,51.27,101,0,100,3105,0
ubt,bintrie,5,4,storage_mixed_k100,4,,10598,21000,1,0.2278,18.5108,2.26,0.5661,21.759,0.9651,6,0,0,0,2,0,0,0,0,0,0,6,0,0,0,0,0,0,0,0,0
ubt,bintrie,5,4,storage_mixed_k100,5,,10599,0,0,0.0959,5.4297,0.0015,0.2151,6.2423,0,4,0,0,0,0,0,0,0,0,0,0,4,0,0,0,0,0,0,0,0,0
ubt,bintrie,5,4,storage_mixed_k100,5,,10600,0,0,0.0409,22.6959,0.0028,0.1862,23.0958,0,4,0,0,0,0,0,0,0,0,0,0,4,0,0,0,0,0,0,0,0,0
ubt,bintrie,5,4,storage_mixed_k100,5,,10601,0,0,0.0309,14.0052,0.0018,0.1228,14.311,0,4,0,0,0,0,0,0,0,0,0,0,4,0,0,0,0,0,0,0,0,0
ubt,bintrie,5,4,storage_mixed_k100,5,,10602,0,0,0.0582,32.8367,0.0021,0.1005,39.0891,0,4,0,0,0,0,0,0,0,0,0,0,4,0,0,0,0,0,0,0,0,0
ubt,bintrie,5,4,storage_mixed_k100,5,,10603,91722,2,0.1541,5.7363,7.8374,4.6298,18.6302,4.9233,11,0,0,0,3,0,0,0,1,305,5,6,45.45,0,0,0,0,0,0,0,0
ubt,bintrie,5,4,storage_mixed_k100,5,,10604,15913624,1,148.1331,29.3888,6.3569,3.2577,189.1109,84.1497,107,2161,101,3105,5,0,209,0,0,0,16,91,14.95,928,1233,42.94,101,0,100,3105,0
ubt,bintrie,5,4,storage_mixed_k100,5,,10605,21000,1,0.1962,13.291,7.0038,0.5169,21.1897,0.991,6,0,0,0,2,0,0,0,0,0,0,6,0,0,0,0,0,0,0,0,0
ubt,bintrie,5,4,storage_mixed_k100,6,,10606,0,0,0.0442,3.6248,0.0016,0.152,4.7055,0,4,0,0,0,0,0,0,0,0,0,0,4,0,0,0,0,0,0,0,0,0
ubt,bintrie,5,4,storage_mixed_k100,6,,10607,0,0,0.0585,14.606,0.0022,0.1409,14.9998,0,4,0,0,0,0,0,0,0,0,0,0,4,0,0,0,0,0,0,0,0,0
ubt,bintrie,5,4,storage_mixed_k100,6,,10608,0,0,0.0376,28.042,0.0024,0.1676,28.4137,0,4,0,0,0,0,0,0,0,0,0,0,4,0,0,0,0,0,0,0,0,0
ubt,bintrie,5,4,storage_mixed_k100,6,,10609,0,0,0.0476,47.0346,0.0031,0.1253,47.4049,0,4,0,0,0,0,0,0,0,0,0,0,4,0,0,0,0,0,0,0,0,0
ubt,bintrie,5,4,storage_mixed_k100,6,,10610,91722,2,0.3383,9.7652,6.5862,5.6953,22.5781,4.0624,11,0,0,0,3,0,0,0,1,305,4,7,36.36,0,0,0,0,0,0,0,0
ubt,bintrie,5,4,storage_mixed_k100,6,,10611,15913624,1,138.4352,30.451,24.1625,3.1963,200.7643,79.2652,107,2161,101,3105,5,0,209,0,0,0,18,89,16.82,330,1831,15.27,101,0,100,3105,0
ubt,bintrie,5,4,storage_mixed_k100,6,,10612,21000,1,0.0607,2.6013,2.3405,0.4611,5.6631,3.7082,6,0,0,0,2,0,0,0,0,0,2,4,33.33,0,0,0,0,0,0,0,0
ubt,bintrie,5,4,storage_mixed_k100,7,,10613,0,0,0.0823,10.2421,0.0029,0.3079,11.0466,0,4,0,0,0,0,0,0,0,0,0,0,4,0,0,0,0,0,0,0,0,0
ubt,bintrie,5,4,storage_mixed_k100,7,,10614,0,0,0.0195,0.747,0.0013,0.6749,1.8127,0,4,0,0,0,0,0,0,0,0,0,0,4,0,0,0,0,0,0,0,0,0
ubt,bintrie,5,4,storage_mixed_k100,7,,10615,0,0,0.0376,2.7223,0.0017,0.0952,3.0425,0,4,0,0,0,0,0,0,0,0,0,0,4,0,0,0,0,0,0,0,0,0
ubt,bintrie,5,4,storage_mixed_k100,7,,10616,0,0,0.0559,38.8996,0.0028,0.218,40.5625,0,4,0,0,0,0,0,0,0,0,0,0,4,0,0,0,0,0,0,0,0,0
ubt,bintrie,5,4,storage_mixed_k100,7,,10617,91722,2,0.1553,1.1403,0.8796,9.0654,11.5004,7.9755,11,0,0,0,3,0,0,0,1,305,5,6,45.45,0,0,0,0,0,0,0,0
ubt,bintrie,5,4,storage_mixed_k100,7,,10618,15913624,1,148.852,20.2721,19.1121,6.5466,195.0707,81.5787,107,2161,101,3105,5,0,209,0,0,0,34,73,31.78,480,1681,22.21,101,0,100,3105,0
ubt,bintrie,5,4,storage_mixed_k100,7,,10619,21000,1,0.229,26.5337,7.0852,0.516,34.595,0.607,6,0,0,0,2,0,0,0,0,0,0,6,0,0,0,0,0,0,0,0,0
ubt,bintrie,5,4,storage_mixed_k100,8,,10621,0,0,0.0852,4.6893,0.002,0.2705,5.5101,0,4,0,0,0,0,0,0,0,0,0,0,4,0,0,0,0,0,0,0,0,0
ubt,bintrie,5,4,storage_mixed_k100,8,,10622,0,0,0.0381,24.8249,0.003,0.1661,27.1342,0,4,0,0,0,0,0,0,0,0,0,0,4,0,0,0,0,0,0,0,0,0
ubt,bintrie,5,4,storage_mixed_k100,8,,10623,0,0,0.0463,3.1173,0.0018,0.1492,3.5689,0,4,0,0,0,0,0,0,0,0,0,0,4,0,0,0,0,0,0,0,0,0
ubt,bintrie,5,4,storage_mixed_k100,8,,10624,0,0,0.0277,2.5394,0.0017,0.0938,2.8135,0,4,0,0,0,0,0,0,0,0,0,0,4,0,0,0,0,0,0,0,0,0
ubt,bintrie,5,4,storage_mixed_k100,8,,10625,91722,2,0.2053,2.522,1.1688,13.7895,18.4611,4.9684,11,0,0,0,3,0,0,0,1,305,5,6,45.45,0,0,0,0,0,0,0,0
ubt,bintrie,5,4,storage_mixed_k100,8,,10626,15913624,1,161.6591,33.7296,4.3946,2.7787,202.7416,78.4922,107,2161,101,3105,5,0,209,0,0,0,6,101,5.61,174,1987,8.05,101,0,100,3105,0
ubt,bintrie,5,4,storage_mixed_k100,8,,10627,21000,1,0.2009,16.6878,2.4661,0.6501,24.5655,0.8549,6,0,0,0,2,0,0,0,0,0,0,6,0,0,0,0,0,0,0,0,0
ubt,bintrie,5,4,storage_mixed_k100,9,,10628,0,0,0.0403,5.604,0.0016,0.1386,5.9851,0,4,0,0,0,0,0,0,0,0,0,0,4,0,0,0,0,0,0,0,0,0
ubt,bintrie,5,4,storage_mixed_k100,9,,10629,0,0,0.0478,17.345,0.0028,0.1367,17.7407,0,4,0,0,0,0,0,0,0,0,0,0,4,0,0,0,0,0,0,0,0,0
ubt,bintrie,5,4,storage_mixed_k100,9,,10630,0,0,0.0292,2.4773,0.0018,0.0986,2.785,0,4,0,0,0,0,0,0,0,0,0,0,4,0,0,0,0,0,0,0,0,0
ubt,bintrie,5,4,storage_mixed_k100,9,,10631,0,0,0.0521,13.2535,0.0024,0.1486,20.3893,0,4,0,0,0,0,0,0,0,0,0,0,4,0,0,0,0,0,0,0,0,0
ubt,bintrie,5,4,storage_mixed_k100,9,,10632,91722,2,0.2923,10.3554,16.7883,5.6354,33.269,2.757,11,0,0,0,3,0,0,0,1,305,4,7,36.36,0,0,0,0,0,0,0,0
ubt,bintrie,5,4,storage_mixed_k100,9,,10633,15913624,1,145.3724,33.3957,30.4992,3.2191,213.0023,74.711,107,2161,101,3105,5,0,209,0,0,0,59,48,55.14,675,1486,31.24,101,0,100,3105,0
ubt,bintrie,5,4,storage_mixed_k100,9,,10634,21000,1,0.2099,30.712,2.4531,0.6242,36.1553,0.5808,6,0,0,0,2,0,0,0,0,0,0,6,0,0,0,0,0,0,0,0,0
ubt,bintrie,5,4,storage_mixed_k400,10,,10776,0,0,0.04,0.9281,0.0019,0.3483,1.8484,0,4,0,0,0,0,0,0,0,0,0,0,4,0,0,0,0,0,0,0,0,0
ubt,bintrie,5,4,storage_mixed_k400,10,,10777,0,0,0.0434,1.0394,0.0023,1.2278,3.0342,0,4,0,0,0,0,0,0,0,0,0,0,4,0,0,0,0,0,0,0,0,0
ubt,bintrie,5,4,storage_mixed_k400,10,,10778,0,0,0.03,22.8927,0.0027,0.2041,23.2837,0,4,0,0,0,0,0,0,0,0,0,0,4,0,0,0,0,0,0,0,0,0
ubt,bintrie,5,4,storage_mixed_k400,10,,10779,0,0,0.0326,3.345,0.0027,5.6363,12.5369,0,4,0,0,0,0,0,0,0,0,0,0,4,0,0,0,0,0,0,0,0,0
ubt,bintrie,5,4,storage_mixed_k400,10,,10780,91710,2,0.1805,2.1164,3.5955,5.2316,12.8727,7.1244,11,0,0,0,3,0,0,0,1,305,5,6,45.45,0,0,0,0,0,0,0,0
ubt,bintrie,5,4,storage_mixed_k400,10,,10781,15912936,1,129.1833,36.0148,43.0311,5.1911,215.7921,73.742,407,2282,401,11505,73,0,191,0,0,0,62,345,15.23,1045,1237,45.79,401,0,100,11505,0
ubt,bintrie,5,4,storage_mixed_k400,10,,10782,21000,1,0.2249,15.9458,5.7326,0.9084,23.0308,0.9118,6,0,0,0,2,0,0,0,0,0,0,6,0,0,0,0,0,0,0,0,0
ubt,bintrie,5,4,storage_mixed_k400,11,,10783,0,0,0.0592,19.9912,0.0022,0.1802,20.5735,0,4,0,0,0,0,0,0,0,0,0,0,4,0,0,0,0,0,0,0,0,0
ubt,bintrie,5,4,storage_mixed_k400,11,,10784,0,0,0.0231,1.7886,0.0018,0.2933,2.2475,0,4,0,0,0,0,0,0,0,0,0,0,4,0,0,0,0,0,0,0,0,0
ubt,bintrie,5,4,storage_mixed_k400,11,,10785,0,0,0.0318,3.5299,0.0016,0.204,3.9325,0,4,0,0,0,0,0,0,0,0,0,0,4,0,0,0,0,0,0,0,0,0
ubt,bintrie,5,4,storage_mixed_k400,11,,10786,0,0,0.0613,39.3766,0.0047,0.177,42.8615,0,4,0,0,0,0,0,0,0,0,0,0,4,0,0,0,0,0,0,0,0,0
ubt,bintrie,5,4,storage_mixed_k400,11,,10787,91710,2,0.1025,2.8601,1.4635,7.976,14.3243,6.4024,11,0,0,0,3,0,0,0,1,305,6,5,54.55,0,0,0,0,0,0,0,0
ubt,bintrie,5,4,storage_mixed_k400,11,,10788,15912936,1,112.0295,30.8707,40.9154,5.3647,189.3734,84.0294,407,2282,401,11505,73,0,191,0,0,0,34,373,8.35,761,1521,33.35,401,0,100,11505,0
ubt,bintrie,5,4,storage_mixed_k400,11,,10789,21000,1,0.0612,40.6105,5.1757,0.5884,46.6126,0.4505,6,0,0,0,2,0,0,0,0,0,2,4,33.33,0,0,0,0,0,0,0,0
ubt,bintrie,5,4,storage_mixed_k400,12,,10790,0,0,0.125,8.5796,0.0037,0.2365,9.2477,0,4,0,0,0,0,0,0,0,0,0,0,4,0,0,0,0,0,0,0,0,0
ubt,bintrie,5,4,storage_mixed_k400,12,,10791,0,0,0.036,29.2318,0.0031,0.1918,29.9649,0,4,0,0,0,0,0,0,0,0,0,0,4,0,0,0,0,0,0,0,0,0
ubt,bintrie,5,4,storage_mixed_k400,12,,10792,0,0,0.0231,16.091,0.0019,0.126,16.4321,0,4,0,0,0,0,0,0,0,0,0,0,4,0,0,0,0,0,0,0,0,0
ubt,bintrie,5,4,storage_mixed_k400,12,,10793,0,0,0.0311,4.1304,0.0591,0.5785,5.1829,0,4,0,0,0,0,0,0,0,0,0,0,4,0,0,0,0,0,0,0,0,0
ubt,bintrie,5,4,storage_mixed_k400,12,,10794,91710,2,0.283,23.7355,31.6801,4.7252,61.0096,1.5032,11,0,0,0,3,0,0,0,1,305,4,7,36.36,0,0,0,0,0,0,0,0
ubt,bintrie,5,4,storage_mixed_k400,12,,10795,15912936,1,128.9486,35.0361,25.5394,13.7481,209.6087,75.9173,407,2282,401,11505,73,0,191,0,0,0,41,366,10.07,647,1635,28.35,401,0,100,11505,0
ubt,bintrie,5,4,storage_mixed_k400,12,,10796,21000,1,0.0566,2.5153,5.2599,0.4859,8.4783,2.4769,6,0,0,0,2,0,0,0,0,0,2,4,33.33,0,0,0,0,0,0,0,0
ubt,bintrie,5,4,storage_mixed_k400,13,,10797,0,0,0.0298,5.3106,0.0016,0.1474,5.9697,0,4,0,0,0,0,0,0,0,0,0,0,4,0,0,0,0,0,0,0,0,0
ubt,bintrie,5,4,storage_mixed_k400,13,,10798,0,0,0.0396,16.9202,0.0033,0.1306,17.3467,0,4,0,0,0,0,0,0,0,0,0,0,4,0,0,0,0,0,0,0,0,0
ubt,bintrie,5,4,storage_mixed_k400,13,,10799,0,0,0.0378,0.7285,0.0015,0.2106,1.1637,0,4,0,0,0,0,0,0,0,0,0,0,4,0,0,0,0,0,0,0,0,0
ubt,bintrie,5,4,storage_mixed_k400,13,,10800,91710,2,0.1631,4.3215,0.5,5.0034,10.1523,9.0334,11,0,0,0,3,0,0,0,1,305,5,6,45.45,0,0,0,0,0,0,0,0
ubt,bintrie,5,4,storage_mixed_k400,13,,10801,15912936,1,123.6713,39.6616,36.3284,11.559,211.6591,75.1819,407,2282,401,11505,73,0,191,0,0,0,57,350,14.0,299,1983,13.1,401,0,100,11505,0
ubt,bintrie,5,4,storage_mixed_k400,13,,10802,21000,1,0.0793,2.5113,2.2462,0.5104,5.5094,3.8116,6,0,0,0,2,0,0,0,0,0,2,4,33.33,0,0,0,0,0,0,0,0
ubt,bintrie,5,4,storage_mixed_k400,14,,10803,0,0,0.0341,5.5985,0.0017,0.1645,6.0114,0,4,0,0,0,0,0,0,0,0,0,0,4,0,0,0,0,0,0,0,0,0
ubt,bintrie,5,4,storage_mixed_k400,14,,10804,0,0,0.0257,16.1167,0.0017,0.2106,16.4907,0,4,0,0,0,0,0,0,0,0,0,0,4,0,0,0,0,0,0,0,0,0
ubt,bintrie,5,4,storage_mixed_k400,14,,10805,0,0,0.1449,34.4312,0.003,0.1683,34.9491,0,4,0,0,0,0,0,0,0,0,0,0,4,0,0,0,0,0,0,0,0,0
ubt,bintrie,5,4,storage_mixed_k400,14,,10806,0,0,0.036,4.8536,0.0015,0.4011,5.4602,0,4,0,0,0,0,0,0,0,0,0,0,4,0,0,0,0,0,0,0,0,0
ubt,bintrie,5,4,storage_mixed_k400,14,,10807,91710,2,0.2726,18.1907,0.6425,4.764,34.4287,2.6638,11,0,0,0,3,0,0,0,1,305,7,4,63.64,0,0,0,0,0,0,0,0
ubt,bintrie,5,4,storage_mixed_k400,14,,10808,15912936,1,111.6045,34.8836,32.4316,4.9863,185.6512,85.7141,407,2282,401,11505,73,0,191,0,0,0,104,303,25.55,559,1723,24.5,401,0,100,11505,0
ubt,bintrie,5,4,storage_mixed_k400,14,,10809,21000,1,0.0941,7.7177,7.5674,0.5985,16.1604,1.2995,6,0,0,0,2,0,0,0,0,0,2,4,33.33,0,0,0,0,0,0,0,0
ubt,bintrie,5,4,storage_mixed_k400,15,,10810,0,0,0.0604,9.2881,0.0035,0.2491,9.8372,0,4,0,0,0,0,0,0,0,0,0,0,4,0,0,0,0,0,0,0,0,0
ubt,bintrie,5,4,storage_mixed_k400,15,,10811,0,0,0.0192,0.7366,0.0012,0.4647,1.5261,0,4,0,0,0,0,0,0,0,0,0,0,4,0,0,0,0,0,0,0,0,0
ubt,bintrie,5,4,storage_mixed_k400,15,,10812,0,0,0.0689,57.4844,0.0027,0.1672,57.9304,0,4,0,0,0,0,0,0,0,0,0,0,4,0,0,0,0,0,0,0,0,0
ubt,bintrie,5,4,storage_mixed_k400,15,,10813,0,0,0.0434,13.0487,0.0027,0.1552,13.7972,0,4,0,0,0,0,0,0,0,0,0,0,4,0,0,0,0,0,0,0,0,0
ubt,bintrie,5,4,storage_mixed_k400,15,,10814,91710,2,0.1702,10.6466,20.1503,5.0474,36.1991,2.5335,11,0,0,0,3,0,0,0,1,305,5,6,45.45,0,0,0,0,0,0,0,0
ubt,bintrie,5,4,storage_mixed_k400,15,,10815,15912936,1,125.8675,31.9182,36.2027,5.0208,202.7069,78.5022,407,2282,401,11505,73,0,191,0,0,0,25,382,6.14,396,1886,17.35,401,0,100,11505,0
ubt,bintrie,5,4,storage_mixed_k400,15,,10816,21000,1,0.069,18.5976,20.5179,0.5683,44.9066,0.4676,6,0,0,0,2,0,0,0,0,0,2,4,33.33,0,0,0,0,0,0,0,0
ubt,bintrie,5,4,storage_mixed_k400,16,,10817,0,0,0.041,6.2671,0.0013,0.1496,6.6458,0,4,0,0,0,0,0,0,0,0,0,0,4,0,0,0,0,0,0,0,0,0
ubt,bintrie,5,4,storage_mixed_k400,16,,10818,0,0,0.0316,0.9768,0.002,0.448,2.1226,0,4,0,0,0,0,0,0,0,0,0,0,4,0,0,0,0,0,0,0,0,0
ubt,bintrie,5,4,storage_mixed_k400,16,,10819,0,0,0.0286,11.2065,0.0025,0.2024,11.6355,0,4,0,0,0,0,0,0,0,0,0,0,4,0,0,0,0,0,0,0,0,0
ubt,bintrie,5,4,storage_mixed_k400,16,,10820,0,0,0.0331,41.5973,0.0033,0.1848,42.374,0,4,0,0,0,0,0,0,0,0,0,0,4,0,0,0,0,0,0,0,0,0
ubt,bintrie,5,4,storage_mixed_k400,16,,10821,91710,2,0.1646,12.6861,3.3611,5.0395,21.5428,4.2571,11,0,0,0,3,0,0,0,1,305,4,7,36.36,0,0,0,0,0,0,0,0
ubt,bintrie,5,4,storage_mixed_k400,16,,10822,15912936,1,144.2931,16.4736,38.9575,17.5079,217.7676,73.073,407,2282,401,11505,73,0,191,0,0,0,137,270,33.66,1231,1051,53.94,401,0,100,11505,0
ubt,bintrie,5,4,storage_mixed_k400,16,,10823,21000,1,0.0686,3.8839,2.2643,0.508,6.8792,3.0527,6,0,0,0,2,0,0,0,0,0,2,4,33.33,0,0,0,0,0,0,0,0
ubt,bintrie,5,4,storage_mixed_k400,17,,10824,0,0,0.0523,36.7387,0.0039,0.6109,37.6311,0,4,0,0,0,0,0,0,0,0,0,0,4,0,0,0,0,0,0,0,0,0
ubt,bintrie,5,4,storage_mixed_k400,17,,10825,0,0,0.0336,6.1238,0.0016,0.1717,6.509,0,4,0,0,0,0,0,0,0,0,0,0,4,0,0,0,0,0,0,0,0,0
ubt,bintrie,5,4,storage_mixed_k400,17,,10826,0,0,0.0344,31.5558,0.0117,0.1727,31.9639,0,4,0,0,0,0,0,0,0,0,0,0,4,0,0,0,0,0,0,0,0,0
ubt,bintrie,5,4,storage_mixed_k400,17,,10827,0,0,0.0462,23.224,0.0022,0.2061,23.7678,0,4,0,0,0,0,0,0,0,0,0,0,4,0,0,0,0,0,0,0,0,0
ubt,bintrie,5,4,storage_mixed_k400,17,,10828,91710,2,0.1256,3.8827,17.4307,4.3422,25.9627,3.5324,11,0,0,0,3,0,0,0,1,305,5,6,45.45,0,0,0,0,0,0,0,0
ubt,bintrie,5,4,storage_mixed_k400,17,,10829,15912936,1,126.6083,31.2275,47.4383,5.3544,212.0635,75.0385,407,2282,401,11505,73,0,191,0,0,0,74,333,18.18,277,2005,12.14,401,0,100,11505,0
ubt,bintrie,5,4,storage_mixed_k400,17,,10830,21000,1,0.0703,2.695,9.5265,0.4898,12.948,1.6219,6,0,0,0,2,0,0,0,0,0,2,4,33.33,0,0,0,0,0,0,0,0
ubt,bintrie,5,4,storage_mixed_k400,18,,10831,0,0,0.0629,19.7953,0.004,0.5919,20.7692,0,4,0,0,0,0,0,0,0,0,0,0,4,0,0,0,0,0,0,0,0,0
ubt,bintrie,5,4,storage_mixed_k400,18,,10832,0,0,0.0604,1.6743,0.0013,0.5324,2.6581,0,4,0,0,0,0,0,0,0,0,0,0,4,0,0,0,0,0,0,0,0,0
ubt,bintrie,5,4,storage_mixed_k400,18,,10833,0,0,0.0447,67.1135,0.0024,0.1676,67.5078,0,4,0,0,0,0,0,0,0,0,0,0,4,0,0,0,0,0,0,0,0,0
ubt,bintrie,5,4,storage_mixed_k400,18,,10834,0,0,0.0424,20.1439,0.0032,0.2233,20.6146,0,4,0,0,0,0,0,0,0,0,0,0,4,0,0,0,0,0,0,0,0,0
ubt,bintrie,5,4,storage_mixed_k400,18,,10835,91710,2,0.3029,1.105,4.1416,6.1935,11.9884,7.6499,11,0,0,0,3,0,0,0,1,305,4,7,36.36,0,0,0,0,0,0,0,0
ubt,bintrie,5,4,storage_mixed_k400,18,,10836,15912936,1,136.8801,25.8165,29.9652,11.4788,210.0,75.7759,407,2282,401,11505,73,0,191,0,0,0,62,345,15.23,755,1527,33.09,401,0,100,11505,0
ubt,bintrie,5,4,storage_mixed_k400,18,,10837,21000,1,0.0514,2.4176,3.7209,0.6695,9.894,2.1225,6,0,0,0,2,0,0,0,0,0,0,6,0,0,0,0,0,0,0,0,0
ubt,bintrie,5,4,storage_mixed_k400,19,,10838,0,0,0.0404,11.2461,0.0015,0.572,12.0669,0,4,0,0,0,0,0,0,0,0,0,0,4,0,0,0,0,0,0,0,0,0
ubt,bintrie,5,4,storage_mixed_k400,19,,10839,0,0,0.0314,1.0876,0.0013,2.7497,4.3391,0,4,0,0,0,0,0,0,0,0,0,0,4,0,0,0,0,0,0,0,0,0
ubt,bintrie,5,4,storage_mixed_k400,19,,10840,0,0,0.031,11.2672,0.002,0.1314,11.6165,0,4,0,0,0,0,0,0,0,0,0,0,4,0,0,0,0,0,0,0,0,0
ubt,bintrie,5,4,storage_mixed_k400,19,,10841,0,0,0.0434,20.7101,0.003,0.1681,21.1383,0,4,0,0,0,0,0,0,0,0,0,0,4,0,0,0,0,0,0,0,0,0
ubt,bintrie,5,4,storage_mixed_k400,19,,10842,91710,2,0.1766,1.0177,29.5863,5.3644,36.3819,2.5208,11,0,0,0,3,0,0,0,1,305,4,7,36.36,0,0,0,0,0,0,0,0
ubt,bintrie,5,4,storage_mixed_k400,19,,10843,15912936,1,114.2637,27.6285,33.1542,12.9509,188.2061,84.5506,407,2282,401,11505,73,0,191,0,0,0,55,352,13.51,274,2008,12.01,401,0,100,11505,0
ubt,bintrie,5,4,storage_mixed_k400,19,,10844,21000,1,0.1982,16.4287,6.6762,0.5958,26.051,0.8061,6,0,0,0,2,0,0,0,0,0,0,6,0,0,0,0,0,0,0,0,0
ubt,bintrie,5,4,storage_mixed_k400,1,,10713,0,0,0.0362,0.9404,0.0019,0.2102,1.6496,0,4,0,0,0,0,0,0,0,0,0,0,4,0,0,0,0,0,0,0,0,0
ubt,bintrie,5,4,storage_mixed_k400,1,,10714,0,0,0.0384,1.1101,0.0023,0.5786,2.6695,0,4,0,0,0,0,0,0,0,0,0,0,4,0,0,0,0,0,0,0,0,0
ubt,bintrie,5,4,storage_mixed_k400,1,,10715,0,0,0.0197,0.6951,0.0016,0.6908,1.808,0,4,0,0,0,0,0,0,0,0,0,0,4,0,0,0,0,0,0,0,0,0
ubt,bintrie,5,4,storage_mixed_k400,1,,10716,0,0,0.0474,33.5281,0.0026,0.1532,33.9341,0,4,0,0,0,0,0,0,0,0,0,0,4,0,0,0,0,0,0,0,0,0
ubt,bintrie,5,4,storage_mixed_k400,1,,10717,91710,2,0.3574,0.814,19.8912,5.1309,26.9483,3.4032,11,0,0,0,3,0,0,0,1,305,4,7,36.36,0,0,0,0,0,0,0,0
ubt,bintrie,5,4,storage_mixed_k400,1,,10718,15912936,1,110.018,24.7075,67.8391,4.9057,208.5966,76.2857,407,2282,401,11505,73,0,191,0,0,0,31,376,7.62,779,1503,34.14,401,0,100,11505,0
ubt,bintrie,5,4,storage_mixed_k400,1,,10719,21000,1,0.0602,2.5923,2.2845,0.4534,5.556,3.7797,6,0,0,0,2,0,0,0,0,0,0,6,0,0,0,0,0,0,0,0,0
ubt,bintrie,5,4,storage_mixed_k400,20,,10845,0,0,0.0649,17.1907,0.0024,1.5051,19.0349,0,4,0,0,0,0,0,0,0,0,0,0,4,0,0,0,0,0,0,0,0,0
ubt,bintrie,5,4,storage_mixed_k400,20,,10846,0,0,0.0235,1.1849,0.002,0.1794,2.4041,0,4,0,0,0,0,0,0,0,0,0,0,4,0,0,0,0,0,0,0,0,0
ubt,bintrie,5,4,storage_mixed_k400,20,,10847,0,0,0.0232,2.5171,0.0015,0.1112,2.7875,0,4,0,0,0,0,0,0,0,0,0,0,4,0,0,0,0,0,0,0,0,0
ubt,bintrie,5,4,storage_mixed_k400,20,,10848,0,0,0.0357,36.5062,0.002,0.1316,36.8448,0,4,0,0,0,0,0,0,0,0,0,0,4,0,0,0,0,0,0,0,0,0
ubt,bintrie,5,4,storage_mixed_k400,20,,10849,91710,2,0.4227,12.7357,5.9991,5.3795,24.7268,3.7089,11,0,0,0,3,0,0,0,1,305,4,7,36.36,0,0,0,0,0,0,0,0
ubt,bintrie,5,4,storage_mixed_k400,20,,10850,15912936,1,113.8662,31.7107,24.2287,11.6925,181.9231,87.4707,407,2282,401,11505,73,0,191,0,0,0,18,389,4.42,149,2133,6.53,401,0,100,11505,0
ubt,bintrie,5,4,storage_mixed_k400,20,,10851,21000,1,0.1462,35.3277,7.593,0.4943,43.7867,0.4796,6,0,0,0,2,0,0,0,0,0,0,6,0,0,0,0,0,0,0,0,0
ubt,bintrie,5,4,storage_mixed_k400,2,,10720,0,0,0.0735,7.384,0.0018,0.1888,7.894,0,4,0,0,0,0,0,0,0,0,0,0,4,0,0,0,0,0,0,0,0,0
ubt,bintrie,5,4,storage_mixed_k400,2,,10721,0,0,0.0463,73.3939,0.0028,0.159,73.8301,0,4,0,0,0,0,0,0,0,0,0,0,4,0,0,0,0,0,0,0,0,0
ubt,bintrie,5,4,storage_mixed_k400,2,,10722,0,0,0.0297,53.9252,0.0023,0.1265,54.2219,0,4,0,0,0,0,0,0,0,0,0,0,4,0,0,0,0,0,0,0,0,0
ubt,bintrie,5,4,storage_mixed_k400,2,,10723,0,0,0.0399,30.1637,0.0022,0.2136,30.6014,0,4,0,0,0,0,0,0,0,0,0,0,4,0,0,0,0,0,0,0,0,0
ubt,bintrie,5,4,storage_mixed_k400,2,,10724,91710,2,0.386,18.38,6.9971,4.8534,30.8212,2.9755,11,0,0,0,3,0,0,0,1,305,4,7,36.36,0,0,0,0,0,0,0,0
ubt,bintrie,5,4,storage_mixed_k400,2,,10725,15912936,1,114.8028,22.4456,68.2301,4.9759,211.9089,75.0933,407,2282,401,11505,73,0,191,0,0,0,52,355,12.78,1076,1206,47.15,401,0,100,11505,0
ubt,bintrie,5,4,storage_mixed_k400,2,,10726,21000,1,0.1828,2.7136,5.0026,0.7502,8.861,2.3699,6,0,0,0,2,0,0,0,0,0,0,6,0,0,0,0,0,0,0,0,0
ubt,bintrie,5,4,storage_mixed_k400,3,,10727,0,0,0.0442,6.548,0.0021,0.3027,7.1049,0,4,0,0,0,0,0,0,0,0,0,0,4,0,0,0,0,0,0,0,0,0
ubt,bintrie,5,4,storage_mixed_k400,3,,10728,0,0,0.0352,13.4523,0.002,0.1208,13.8069,0,4,0,0,0,0,0,0,0,0,0,0,4,0,0,0,0,0,0,0,0,0
ubt,bintrie,5,4,storage_mixed_k400,3,,10729,0,0,0.0222,2.4823,0.0013,0.1159,2.7574,0,4,0,0,0,0,0,0,0,0,0,0,4,0,0,0,0,0,0,0,0,0
ubt,bintrie,5,4,storage_mixed_k400,3,,10730,91710,2,0.4742,11.7947,18.0624,6.4045,36.9791,2.4801,11,0,0,0,3,0,0,0,1,305,4,7,36.36,0,0,0,0,0,0,0,0
ubt,bintrie,5,4,storage_mixed_k400,3,,10731,15912936,1,119.839,26.8091,51.2983,5.2098,203.5877,78.1626,407,2282,401,11505,73,0,191,0,0,0,69,338,16.95,775,1507,33.96,401,0,100,11505,0
ubt,bintrie,5,4,storage_mixed_k400,3,,10732,21000,1,0.056,2.6977,2.3367,0.514,5.7567,3.6479,6,0,0,0,2,0,0,0,0,0,2,4,33.33,0,0,0,0,0,0,0,0
ubt,bintrie,5,4,storage_mixed_k400,3,,10733,0,0,0.0207,4.8576,0.0015,0.1138,5.1311,0,4,0,0,0,0,0,0,0,0,0,0,4,0,0,0,0,0,0,0,0,0
ubt,bintrie,5,4,storage_mixed_k400,4,,10734,0,0,0.0307,5.676,0.0012,0.1489,6.0529,0,4,0,0,0,0,0,0,0,0,0,0,4,0,0,0,0,0,0,0,0,0
ubt,bintrie,5,4,storage_mixed_k400,4,,10735,0,0,0.0298,13.4451,0.0019,0.1822,13.8775,0,4,0,0,0,0,0,0,0,0,0,0,4,0,0,0,0,0,0,0,0,0
ubt,bintrie,5,4,storage_mixed_k400,4,,10736,0,0,0.0731,3.3188,0.0054,0.1675,3.825,0,4,0,0,0,0,0,0,0,0,0,0,4,0,0,0,0,0,0,0,0,0
ubt,bintrie,5,4,storage_mixed_k400,4,,10737,0,0,0.0441,40.8155,0.0025,0.1813,41.3272,0,4,0,0,0,0,0,0,0,0,0,0,4,0,0,0,0,0,0,0,0,0
ubt,bintrie,5,4,storage_mixed_k400,4,,10738,91710,2,0.1482,3.781,21.4917,11.1548,36.748,2.4956,11,0,0,0,3,0,0,0,1,305,5,6,45.45,0,0,0,0,0,0,0,0
ubt,bintrie,5,4,storage_mixed_k400,4,,10739,15912936,1,126.845,35.2917,33.0065,5.1229,200.4819,79.3734,407,2282,401,11505,73,0,191,0,0,0,37,370,9.09,254,2028,11.13,401,0,100,11505,0
ubt,bintrie,5,4,storage_mixed_k400,4,,10740,21000,1,0.0926,7.4661,4.2674,0.4714,12.4944,1.6807,6,0,0,0,2,0,0,0,0,0,2,4,33.33,0,0,0,0,0,0,0,0
ubt,bintrie,5,4,storage_mixed_k400,5,,10741,0,0,0.0476,4.114,0.0022,0.216,4.7793,0,4,0,0,0,0,0,0,0,0,0,0,4,0,0,0,0,0,0,0,0,0
ubt,bintrie,5,4,storage_mixed_k400,5,,10742,0,0,0.0354,15.7604,0.0022,0.2009,16.2271,0,4,0,0,0,0,0,0,0,0,0,0,4,0,0,0,0,0,0,0,0,0
ubt,bintrie,5,4,storage_mixed_k400,5,,10743,0,0,0.04,0.5549,0.0014,0.1573,1.035,0,4,0,0,0,0,0,0,0,0,0,0,4,0,0,0,0,0,0,0,0,0
ubt,bintrie,5,4,storage_mixed_k400,5,,10744,0,0,0.0467,34.8518,0.0027,0.146,37.6415,0,4,0,0,0,0,0,0,0,0,0,0,4,0,0,0,0,0,0,0,0,0
ubt,bintrie,5,4,storage_mixed_k400,5,,10745,91710,2,0.7466,19.391,2.5703,4.9575,27.9242,3.2843,11,0,0,0,3,0,0,0,1,305,4,7,36.36,0,0,0,0,0,0,0,0
ubt,bintrie,5,4,storage_mixed_k400,5,,10746,15912936,1,166.7964,22.2898,15.279,8.1819,212.8245,74.7702,407,2282,401,11505,73,0,191,0,0,0,100,307,24.57,1730,552,75.81,401,0,100,11505,0
ubt,bintrie,5,4,storage_mixed_k400,5,,10747,21000,1,0.0593,2.5604,8.9499,0.5336,12.2814,1.7099,6,0,0,0,2,0,0,0,0,0,2,4,33.33,0,0,0,0,0,0,0,0
ubt,bintrie,5,4,storage_mixed_k400,6,,10748,0,0,0.0407,6.0879,0.0023,0.2357,6.774,0,4,0,0,0,0,0,0,0,0,0,0,4,0,0,0,0,0,0,0,0,0
ubt,bintrie,5,4,storage_mixed_k400,6,,10749,0,0,0.029,13.4833,0.0023,0.1097,13.8025,0,4,0,0,0,0,0,0,0,0,0,0,4,0,0,0,0,0,0,0,0,0
ubt,bintrie,5,4,storage_mixed_k400,6,,10750,0,0,0.0363,32.1654,0.0033,0.2093,32.6189,0,4,0,0,0,0,0,0,0,0,0,0,4,0,0,0,0,0,0,0,0,0
ubt,bintrie,5,4,storage_mixed_k400,6,,10751,0,0,0.0399,25.9386,0.0027,0.1538,26.3942,0,4,0,0,0,0,0,0,0,0,0,0,4,0,0,0,0,0,0,0,0,0
ubt,bintrie,5,4,storage_mixed_k400,6,,10752,91710,2,0.1413,3.0501,2.9783,4.4601,10.8292,8.4688,11,0,0,0,3,0,0,0,1,305,5,6,45.45,0,0,0,0,0,0,0,0
ubt,bintrie,5,4,storage_mixed_k400,6,,10753,15912936,1,125.7917,43.8992,26.0011,12.8345,209.0982,76.1027,407,2282,401,11505,73,0,191,0,0,0,63,344,15.48,961,1321,42.11,401,0,100,11505,0
ubt,bintrie,5,4,storage_mixed_k400,6,,10754,21000,1,0.1566,33.6452,7.2315,0.5131,41.7022,0.5036,6,0,0,0,2,0,0,0,0,0,0,6,0,0,0,0,0,0,0,0,0
ubt,bintrie,5,4,storage_mixed_k400,7,,10755,0,0,0.0264,0.7072,0.0018,1.6917,3.0048,0,4,0,0,0,0,0,0,0,0,0,0,4,0,0,0,0,0,0,0,0,0
ubt,bintrie,5,4,storage_mixed_k400,7,,10756,0,0,0.0233,3.0614,0.0021,1.5431,4.8084,0,4,0,0,0,0,0,0,0,0,0,0,4,0,0,0,0,0,0,0,0,0
ubt,bintrie,5,4,storage_mixed_k400,7,,10757,0,0,0.0302,1.1037,0.0025,0.221,6.0215,0,4,0,0,0,0,0,0,0,0,0,0,4,0,0,0,0,0,0,0,0,0
ubt,bintrie,5,4,storage_mixed_k400,7,,10758,0,0,0.0307,93.1966,0.0021,0.1026,93.4848,0,4,0,0,0,0,0,0,0,0,0,0,4,0,0,0,0,0,0,0,0,0
ubt,bintrie,5,4,storage_mixed_k400,7,,10759,91710,2,0.1398,8.9412,3.1277,5.3842,17.8681,5.1326,11,0,0,0,3,0,0,0,1,305,7,4,63.64,0,0,0,0,0,0,0,0
ubt,bintrie,5,4,storage_mixed_k400,7,,10760,15912936,1,113.9237,37.933,39.9257,8.8625,201.183,79.0968,407,2282,401,11505,73,0,191,0,0,0,5,402,1.23,145,2137,6.35,401,0,100,11505,0
ubt,bintrie,5,4,storage_mixed_k400,7,,10761,21000,1,0.0987,14.127,7.2287,0.7632,22.4494,0.9354,6,0,0,0,2,0,0,0,0,0,2,4,33.33,0,0,0,0,0,0,0,0
ubt,bintrie,5,4,storage_mixed_k400,8,,10762,0,0,0.0387,0.7062,0.0019,15.0248,16.3397,0,4,0,0,0,0,0,0,0,0,0,0,4,0,0,0,0,0,0,0,0,0
ubt,bintrie,5,4,storage_mixed_k400,8,,10763,0,0,0.0329,1.0628,0.0021,0.4392,2.3756,0,4,0,0,0,0,0,0,0,0,0,0,4,0,0,0,0,0,0,0,0,0
ubt,bintrie,5,4,storage_mixed_k400,8,,10764,0,0,0.0294,0.8293,0.0025,0.1833,4.556,0,4,0,0,0,0,0,0,0,0,0,0,4,0,0,0,0,0,0,0,0,0
ubt,bintrie,5,4,storage_mixed_k400,8,,10765,0,0,0.0587,15.8256,0.0026,0.2087,21.2655,0,4,0,0,0,0,0,0,0,0,0,0,4,0,0,0,0,0,0,0,0,0
ubt,bintrie,5,4,storage_mixed_k400,8,,10766,91710,2,0.1105,2.9681,0.5514,4.9671,8.8067,10.4137,11,0,0,0,3,0,0,0,1,305,5,6,45.45,0,0,0,0,0,0,0,0
ubt,bintrie,5,4,storage_mixed_k400,8,,10767,15912936,1,110.0762,28.6811,46.5191,5.4437,191.1766,83.2368,407,2282,401,11505,73,0,191,0,0,0,78,329,19.16,300,1982,13.15,401,0,100,11505,0
ubt,bintrie,5,4,storage_mixed_k400,8,,10768,21000,1,0.0744,4.9343,2.9509,0.7836,8.9108,2.3567,6,0,0,0,2,0,0,0,0,0,2,4,33.33,0,0,0,0,0,0,0,0
ubt,bintrie,5,4,storage_mixed_k400,9,,10769,0,0,0.0519,12.5956,0.0021,0.2164,13.0919,0,4,0,0,0,0,0,0,0,0,0,0,4,0,0,0,0,0,0,0,0,0
ubt,bintrie,5,4,storage_mixed_k400,9,,10770,0,0,0.0228,0.7248,0.0027,0.3773,7.6947,0,4,0,0,0,0,0,0,0,0,0,0,4,0,0,0,0,0,0,0,0,0
ubt,bintrie,5,4,storage_mixed_k400,9,,10771,0,0,0.0444,69.2404,0.0033,0.1912,69.7094,0,4,0,0,0,0,0,0,0,0,0,0,4,0,0,0,0,0,0,0,0,0
ubt,bintrie,5,4,storage_mixed_k400,9,,10772,0,0,0.0328,37.6896,0.002,0.1419,38.4771,0,4,0,0,0,0,0,0,0,0,0,0,4,0,0,0,0,0,0,0,0,0
ubt,bintrie,5,4,storage_mixed_k400,9,,10773,91710,2,0.4486,20.7015,3.0488,5.2506,29.6814,3.0898,11,0,0,0,3,0,0,0,1,305,4,7,36.36,0,0,0,0,0,0,0,0
ubt,bintrie,5,4,storage_mixed_k400,9,,10774,15912936,1,128.8913,39.0695,38.2878,9.7164,216.4103,73.5313,407,2282,401,11505,73,0,191,0,0,0,103,304,25.31,1016,1266,44.52,401,0,100,11505,0
ubt,bintrie,5,4,storage_mixed_k400,9,,10775,21000,1,0.2125,7.3402,5.8098,0.4971,14.082,1.4913,6,0,0,0,2,0,0,0,0,0,0,6,0,0,0,0,0,0,0,0,0
ubt,bintrie,5,4,storage_mixed_k700,10,,10915,0,0,0.0674,21.3327,0.0103,0.2284,21.8765,0,4,0,0,0,0,0,0,0,0,0,0,4,0,0,0,0,0,0,0,0,0
ubt,bintrie,5,4,storage_mixed_k700,10,,10916,0,0,0.0242,0.8971,0.0019,0.349,1.9942,0,4,0,0,0,0,0,0,0,0,0,0,4,0,0,0,0,0,0,0,0,0
ubt,bintrie,5,4,storage_mixed_k700,10,,10917,0,0,0.0345,18.8556,0.0028,0.2135,19.2915,0,4,0,0,0,0,0,0,0,0,0,0,4,0,0,0,0,0,0,0,0,0
ubt,bintrie,5,4,storage_mixed_k700,10,,10918,91722,2,0.9488,26.3408,5.8797,4.5066,37.8842,2.4211,11,0,0,0,3,0,0,0,1,305,4,7,36.36,0,0,0,0,0,0,0,0
ubt,bintrie,5,4,storage_mixed_k700,10,,10919,15906950,1,116.3088,33.0856,50.1709,15.5628,215.4112,73.8446,707,2338,701,19905,129,0,181,0,0,0,119,588,16.83,251,2087,10.74,701,0,100,19905,0
ubt,bintrie,5,4,storage_mixed_k700,10,,10920,21000,1,0.0861,2.7462,2.4593,0.4839,5.975,3.5147,6,0,0,0,2,0,0,0,0,0,2,4,33.33,0,0,0,0,0,0,0,0
ubt,bintrie,5,4,storage_mixed_k700,10,,10921,0,0,0.0364,3.1486,0.0018,0.1547,3.6631,0,4,0,0,0,0,0,0,0,0,0,0,4,0,0,0,0,0,0,0,0,0
ubt,bintrie,5,4,storage_mixed_k700,11,,10922,0,0,0.0625,20.5153,0.002,0.306,21.1476,0,4,0,0,0,0,0,0,0,0,0,0,4,0,0,0,0,0,0,0,0,0
ubt,bintrie,5,4,storage_mixed_k700,11,,10923,0,0,0.0185,0.6347,0.0012,0.7019,1.6801,0,4,0,0,0,0,0,0,0,0,0,0,4,0,0,0,0,0,0,0,0,0
ubt,bintrie,5,4,storage_mixed_k700,11,,10924,0,0,0.0429,1.8506,0.0018,0.6906,3.0822,0,4,0,0,0,0,0,0,0,0,0,0,4,0,0,0,0,0,0,0,0,0
ubt,bintrie,5,4,storage_mixed_k700,11,,10925,91722,2,0.1662,27.3448,18.3336,5.6594,51.7349,1.7729,11,0,0,0,3,0,0,0,1,305,5,6,45.45,0,0,0,0,0,0,0,0
ubt,bintrie,5,4,storage_mixed_k700,11,,10926,15906950,1,131.1804,49.323,67.6027,9.2229,257.8868,61.6819,707,2338,701,19905,129,0,181,0,0,0,76,631,10.75,437,1901,18.69,701,0,100,19905,0
ubt,bintrie,5,4,storage_mixed_k700,11,,10927,21000,1,0.1162,3.6633,6.9125,0.4754,11.4449,1.8349,6,0,0,0,2,0,0,0,0,0,0,6,0,0,0,0,0,0,0,0,0
ubt,bintrie,5,4,storage_mixed_k700,12,,10928,0,0,0.0559,62.2309,0.003,0.1769,62.6717,0,4,0,0,0,0,0,0,0,0,0,0,4,0,0,0,0,0,0,0,0,0
ubt,bintrie,5,4,storage_mixed_k700,12,,10929,0,0,0.0352,42.0867,0.003,0.7876,44.1015,0,4,0,0,0,0,0,0,0,0,0,0,4,0,0,0,0,0,0,0,0,0
ubt,bintrie,5,4,storage_mixed_k700,12,,10930,0,0,0.0322,42.6926,0.0022,0.1218,43.0304,0,4,0,0,0,0,0,0,0,0,0,0,4,0,0,0,0,0,0,0,0,0
ubt,bintrie,5,4,storage_mixed_k700,12,,10931,91722,2,0.3217,15.7154,3.5879,4.9162,24.7637,3.7039,11,0,0,0,3,0,0,0,1,305,4,7,36.36,0,0,0,0,0,0,0,0
ubt,bintrie,5,4,storage_mixed_k700,12,,10932,15906950,1,106.6561,34.9694,51.4913,10.185,203.7416,78.0742,707,2338,701,19905,129,0,181,0,0,0,83,624,11.74,571,1767,24.42,701,0,100,19905,0
ubt,bintrie,5,4,storage_mixed_k700,12,,10933,21000,1,0.0622,2.5509,10.4359,0.8043,14.0546,1.4942,6,0,0,0,2,0,0,0,0,0,2,4,33.33,0,0,0,0,0,0,0,0
ubt,bintrie,5,4,storage_mixed_k700,12,,10934,0,0,0.0354,2.807,0.0021,0.139,3.1984,0,4,0,0,0,0,0,0,0,0,0,0,4,0,0,0,0,0,0,0,0,0
ubt,bintrie,5,4,storage_mixed_k700,13,,10935,0,0,0.0482,15.6559,0.0023,0.2498,18.3709,0,4,0,0,0,0,0,0,0,0,0,0,4,0,0,0,0,0,0,0,0,0
ubt,bintrie,5,4,storage_mixed_k700,13,,10936,0,0,0.0236,0.7095,0.0012,0.6551,1.759,0,4,0,0,0,0,0,0,0,0,0,0,4,0,0,0,0,0,0,0,0,0
ubt,bintrie,5,4,storage_mixed_k700,13,,10937,0,0,0.0278,2.6502,0.0015,0.1296,2.997,0,4,0,0,0,0,0,0,0,0,0,0,4,0,0,0,0,0,0,0,0,0
ubt,bintrie,5,4,storage_mixed_k700,13,,10938,0,0,0.0344,7.7026,0.003,0.1613,8.066,0,4,0,0,0,0,0,0,0,0,0,0,4,0,0,0,0,0,0,0,0,0
ubt,bintrie,5,4,storage_mixed_k700,13,,10939,91722,2,0.395,1.8324,19.4422,4.6749,26.6317,3.4441,11,0,0,0,3,0,0,0,1,305,4,7,36.36,0,0,0,0,0,0,0,0
ubt,bintrie,5,4,storage_mixed_k700,13,,10940,15906950,1,128.963,34.8764,62.4479,8.4383,234.9087,67.7155,707,2338,701,19905,129,0,181,0,0,0,68,639,9.62,282,2056,12.06,701,0,100,19905,0
ubt,bintrie,5,4,storage_mixed_k700,13,,10941,21000,1,0.0946,4.859,34.7133,0.8501,40.7358,0.5155,6,0,0,0,2,0,0,0,0,0,2,4,33.33,0,0,0,0,0,0,0,0
ubt,bintrie,5,4,storage_mixed_k700,14,,10942,0,0,0.1244,27.9185,0.0033,0.3203,28.6184,0,4,0,0,0,0,0,0,0,0,0,0,4,0,0,0,0,0,0,0,0,0
ubt,bintrie,5,4,storage_mixed_k700,14,,10943,0,0,0.0266,0.7296,0.0048,0.6189,1.711,0,4,0,0,0,0,0,0,0,0,0,0,4,0,0,0,0,0,0,0,0,0
ubt,bintrie,5,4,storage_mixed_k700,14,,10944,0,0,0.0241,2.599,0.0013,0.0979,2.8556,0,4,0,0,0,0,0,0,0,0,0,0,4,0,0,0,0,0,0,0,0,0
ubt,bintrie,5,4,storage_mixed_k700,14,,10945,91722,2,0.4424,1.286,22.2051,4.9922,29.1974,3.1414,11,0,0,0,3,0,0,0,1,305,4,7,36.36,0,0,0,0,0,0,0,0
ubt,bintrie,5,4,storage_mixed_k700,14,,10946,15906950,1,92.6513,30.57,75.2684,8.6414,207.4441,76.6807,707,2338,701,19905,129,0,181,0,0,0,106,601,14.99,589,1749,25.19,701,0,100,19905,0
ubt,bintrie,5,4,storage_mixed_k700,14,,10947,21000,1,0.1009,2.8032,7.6677,0.4976,11.3331,1.853,6,0,0,0,2,0,0,0,0,0,2,4,33.33,0,0,0,0,0,0,0,0
ubt,bintrie,5,4,storage_mixed_k700,14,,10948,0,0,0.0327,2.4548,0.0016,0.1167,2.7779,0,4,0,0,0,0,0,0,0,0,0,0,4,0,0,0,0,0,0,0,0,0
ubt,bintrie,5,4,storage_mixed_k700,15,,10949,0,0,0.0607,14.7269,0.0031,0.3189,15.4653,0,4,0,0,0,0,0,0,0,0,0,0,4,0,0,0,0,0,0,0,0,0
ubt,bintrie,5,4,storage_mixed_k700,15,,10950,0,0,0.0253,0.813,0.0016,0.7629,1.9394,0,4,0,0,0,0,0,0,0,0,0,0,4,0,0,0,0,0,0,0,0,0
ubt,bintrie,5,4,storage_mixed_k700,15,,10951,0,0,0.0421,47.9672,0.003,0.1634,48.4172,0,4,0,0,0,0,0,0,0,0,0,0,4,0,0,0,0,0,0,0,0,0
ubt,bintrie,5,4,storage_mixed_k700,15,,10952,0,0,0.0387,4.8551,0.0111,0.2149,5.3176,0,4,0,0,0,0,0,0,0,0,0,0,4,0,0,0,0,0,0,0,0,0
ubt,bintrie,5,4,storage_mixed_k700,15,,10953,91722,2,0.1098,2.8291,0.5691,4.9381,8.6456,10.609,11,0,0,0,3,0,0,0,1,305,7,4,63.64,0,0,0,0,0,0,0,0
ubt,bintrie,5,4,storage_mixed_k700,15,,10954,15906950,1,89.8469,40.8122,56.4409,7.7462,195.1689,81.5035,707,2338,701,19905,129,0,181,0,0,0,106,601,14.99,216,2122,9.24,701,0,100,19905,0
ubt,bintrie,5,4,storage_mixed_k700,15,,10955,21000,1,0.0641,2.6549,2.2855,0.473,5.6626,3.7085,6,0,0,0,2,0,0,0,0,0,2,4,33.33,0,0,0,0,0,0,0,0
ubt,bintrie,5,4,storage_mixed_k700,16,,10956,0,0,0.0619,55.1556,0.0037,0.1757,55.6695,0,4,0,0,0,0,0,0,0,0,0,0,4,0,0,0,0,0,0,0,0,0
ubt,bintrie,5,4,storage_mixed_k700,16,,10957,0,0,0.0525,41.4023,0.0024,0.2434,44.182,0,4,0,0,0,0,0,0,0,0,0,0,4,0,0,0,0,0,0,0,0,0
ubt,bintrie,5,4,storage_mixed_k700,16,,10958,0,0,0.0295,0.5097,0.0012,0.0946,0.7998,0,4,0,0,0,0,0,0,0,0,0,0,4,0,0,0,0,0,0,0,0,0
ubt,bintrie,5,4,storage_mixed_k700,16,,10959,91722,2,0.3363,15.8087,16.7461,8.1476,41.2149,2.2255,11,0,0,0,3,0,0,0,1,305,4,7,36.36,0,0,0,0,0,0,0,0
ubt,bintrie,5,4,storage_mixed_k700,16,,10960,15906950,1,90.6096,37.7216,41.4199,9.0956,184.0366,86.4336,707,2338,701,19905,129,0,181,0,0,0,134,573,18.95,824,1514,35.24,701,0,100,19905,0
ubt,bintrie,5,4,storage_mixed_k700,16,,10961,21000,1,0.0645,2.7259,2.5241,0.6356,6.1133,3.4351,6,0,0,0,2,0,0,0,0,0,2,4,33.33,0,0,0,0,0,0,0,0
ubt,bintrie,5,4,storage_mixed_k700,16,,10962,0,0,0.0323,2.5725,0.0018,0.1402,5.8527,0,4,0,0,0,0,0,0,0,0,0,0,4,0,0,0,0,0,0,0,0,0
ubt,bintrie,5,4,storage_mixed_k700,17,,10963,0,0,0.0521,32.6739,0.0033,0.1743,33.1466,0,4,0,0,0,0,0,0,0,0,0,0,4,0,0,0,0,0,0,0,0,0
ubt,bintrie,5,4,storage_mixed_k700,17,,10964,0,0,0.0452,33.2259,0.0031,0.1828,34.2086,0,4,0,0,0,0,0,0,0,0,0,0,4,0,0,0,0,0,0,0,0,0
ubt,bintrie,5,4,storage_mixed_k700,17,,10965,0,0,0.0417,79.0892,0.0028,0.117,79.4862,0,4,0,0,0,0,0,0,0,0,0,0,4,0,0,0,0,0,0,0,0,0
ubt,bintrie,5,4,storage_mixed_k700,17,,10966,0,0,0.0407,6.0916,0.0021,0.2001,6.6989,0,4,0,0,0,0,0,0,0,0,0,0,4,0,0,0,0,0,0,0,0,0
ubt,bintrie,5,4,storage_mixed_k700,17,,10967,91722,2,0.3963,8.1216,4.7359,5.4232,18.9015,4.8526,11,0,0,0,3,0,0,0,1,305,4,7,36.36,0,0,0,0,0,0,0,0
ubt,bintrie,5,4,storage_mixed_k700,17,,10968,15906950,1,85.8602,31.6292,60.4875,8.1821,186.5267,85.2797,707,2338,701,19905,129,0,181,0,0,0,102,605,14.43,450,1888,19.25,701,0,100,19905,0
ubt,bintrie,5,4,storage_mixed_k700,17,,10969,21000,1,0.0704,4.0238,2.2963,0.5818,7.1578,2.9338,6,0,0,0,2,0,0,0,0,0,2,4,33.33,0,0,0,0,0,0,0,0
ubt,bintrie,5,4,storage_mixed_k700,18,,10970,0,0,0.0436,21.6859,0.0032,0.323,22.3695,0,4,0,0,0,0,0,0,0,0,0,0,4,0,0,0,0,0,0,0,0,0
ubt,bintrie,5,4,storage_mixed_k700,18,,10971,0,0,0.0217,0.8352,0.0016,2.675,3.8426,0,4,0,0,0,0,0,0,0,0,0,0,4,0,0,0,0,0,0,0,0,0
ubt,bintrie,5,4,storage_mixed_k700,18,,10972,0,0,0.0417,16.0896,0.0035,0.2101,16.5394,0,4,0,0,0,0,0,0,0,0,0,0,4,0,0,0,0,0,0,0,0,0
ubt,bintrie,5,4,storage_mixed_k700,18,,10973,0,0,0.0988,59.0865,0.0035,0.2269,61.802,0,4,0,0,0,0,0,0,0,0,0,0,4,0,0,0,0,0,0,0,0,0
ubt,bintrie,5,4,storage_mixed_k700,18,,10974,91722,2,0.1392,13.6114,4.6712,5.3804,24.0038,3.8211,11,0,0,0,3,0,0,0,1,305,6,5,54.55,0,0,0,0,0,0,0,0
ubt,bintrie,5,4,storage_mixed_k700,18,,10975,15906950,1,97.4499,52.2072,31.2797,21.4845,202.8076,78.4337,707,2338,701,19905,129,0,181,0,0,0,229,478,32.39,1031,1307,44.1,701,0,100,19905,0
ubt,bintrie,5,4,storage_mixed_k700,18,,10976,21000,1,0.191,15.6712,2.2249,0.5966,18.8826,1.1121,6,0,0,0,2,0,0,0,0,0,0,6,0,0,0,0,0,0,0,0,0
ubt,bintrie,5,4,storage_mixed_k700,19,,10977,0,0,0.0824,41.725,0.0033,0.3091,42.5729,0,4,0,0,0,0,0,0,0,0,0,0,4,0,0,0,0,0,0,0,0,0
ubt,bintrie,5,4,storage_mixed_k700,19,,10978,0,0,0.0266,0.8871,0.002,0.8904,2.2434,0,4,0,0,0,0,0,0,0,0,0,0,4,0,0,0,0,0,0,0,0,0
ubt,bintrie,5,4,storage_mixed_k700,19,,10979,0,0,0.0633,25.3442,0.0107,0.2428,25.8368,0,4,0,0,0,0,0,0,0,0,0,0,4,0,0,0,0,0,0,0,0,0
ubt,bintrie,5,4,storage_mixed_k700,19,,10980,0,0,0.0518,92.0929,0.0021,0.1345,92.442,0,4,0,0,0,0,0,0,0,0,0,0,4,0,0,0,0,0,0,0,0,0
ubt,bintrie,5,4,storage_mixed_k700,19,,10981,91722,2,0.3558,21.0507,14.2189,5.0513,40.9506,2.2398,11,0,0,0,3,0,0,0,1,305,4,7,36.36,0,0,0,0,0,0,0,0
ubt,bintrie,5,4,storage_mixed_k700,19,,10982,15906950,1,87.3178,37.2234,46.9174,7.8071,181.6129,87.5871,707,2338,701,19905,129,0,181,0,0,0,222,485,31.4,482,1856,20.62,701,0,100,19905,0
ubt,bintrie,5,4,storage_mixed_k700,19,,10983,21000,1,0.0628,6.5171,9.959,0.8094,17.5172,1.1988,6,0,0,0,2,0,0,0,0,0,2,4,33.33,0,0,0,0,0,0,0,0
ubt,bintrie,5,4,storage_mixed_k700,1,,10852,0,0,0.0699,9.47,0.0031,1.1197,14.3775,0,4,0,0,0,0,0,0,0,0,0,0,4,0,0,0,0,0,0,0,0,0
ubt,bintrie,5,4,storage_mixed_k700,1,,10853,0,0,0.0285,0.9806,0.0022,0.182,3.63,0,4,0,0,0,0,0,0,0,0,0,0,4,0,0,0,0,0,0,0,0,0
ubt,bintrie,5,4,storage_mixed_k700,1,,10854,0,0,0.036,40.6092,0.0029,0.1645,40.9929,0,4,0,0,0,0,0,0,0,0,0,0,4,0,0,0,0,0,0,0,0,0
ubt,bintrie,5,4,storage_mixed_k700,1,,10855,0,0,0.0411,31.9543,0.0025,0.1856,33.1719,0,4,0,0,0,0,0,0,0,0,0,0,4,0,0,0,0,0,0,0,0,0
ubt,bintrie,5,4,storage_mixed_k700,1,,10856,91722,2,0.3585,14.2786,4.4304,5.1601,24.4206,3.7559,11,0,0,0,3,0,0,0,1,305,4,7,36.36,0,0,0,0,0,0,0,0
ubt,bintrie,5,4,storage_mixed_k700,1,,10857,15906950,1,110.1108,46.9401,62.4153,7.9567,229.1127,69.4285,707,2338,701,19905,129,0,181,0,0,0,528,179,74.68,1238,1100,52.95,701,0,100,19905,0
ubt,bintrie,5,4,storage_mixed_k700,1,,10858,21000,1,0.0552,2.5331,2.4256,0.4571,5.656,3.7129,6,0,0,0,2,0,0,0,0,0,2,4,33.33,0,0,0,0,0,0,0,0
ubt,bintrie,5,4,storage_mixed_k700,20,,10984,0,0,0.0447,9.3385,0.002,0.2608,9.8377,0,4,0,0,0,0,0,0,0,0,0,0,4,0,0,0,0,0,0,0,0,0
ubt,bintrie,5,4,storage_mixed_k700,20,,10985,0,0,0.0212,0.6732,0.0016,0.4228,1.4438,0,4,0,0,0,0,0,0,0,0,0,0,4,0,0,0,0,0,0,0,0,0
ubt,bintrie,5,4,storage_mixed_k700,20,,10986,0,0,0.0347,7.2259,0.0025,0.1787,7.5936,0,4,0,0,0,0,0,0,0,0,0,0,4,0,0,0,0,0,0,0,0,0
ubt,bintrie,5,4,storage_mixed_k700,20,,10987,91722,2,0.1131,4.9001,52.1178,5.3203,79.7616,1.15,11,0,0,0,3,0,0,0,1,305,6,5,54.55,0,0,0,0,0,0,0,0
ubt,bintrie,5,4,storage_mixed_k700,20,,10988,15906950,1,87.582,28.4509,54.9728,8.2324,179.3874,88.6737,707,2338,701,19905,129,0,181,0,0,0,139,568,19.66,681,1657,29.13,701,0,100,19905,0
ubt,bintrie,5,4,storage_mixed_k700,20,,10989,21000,1,0.0622,2.6788,2.4624,0.6189,5.9902,3.5058,6,0,0,0,2,0,0,0,0,0,2,4,33.33,0,0,0,0,0,0,0,0
ubt,bintrie,5,4,storage_mixed_k700,20,,10990,0,0,0.0269,3.7144,0.0018,0.1533,4.0271,0,4,0,0,0,0,0,0,0,0,0,0,4,0,0,0,0,0,0,0,0,0
ubt,bintrie,5,4,storage_mixed_k700,2,,10859,0,0,0.057,53.0471,0.0025,0.1564,53.4497,0,4,0,0,0,0,0,0,0,0,0,0,4,0,0,0,0,0,0,0,0,0
ubt,bintrie,5,4,storage_mixed_k700,2,,10860,0,0,0.0431,45.4,0.0033,0.145,45.8106,0,4,0,0,0,0,0,0,0,0,0,0,4,0,0,0,0,0,0,0,0,0
ubt,bintrie,5,4,storage_mixed_k700,2,,10861,0,0,0.0341,33.9602,0.0023,0.165,34.3316,0,4,0,0,0,0,0,0,0,0,0,0,4,0,0,0,0,0,0,0,0,0
ubt,bintrie,5,4,storage_mixed_k700,2,,10862,0,0,0.0377,23.0685,0.003,0.219,23.5521,0,4,0,0,0,0,0,0,0,0,0,0,4,0,0,0,0,0,0,0,0,0
ubt,bintrie,5,4,storage_mixed_k700,2,,10863,91722,2,0.157,26.4993,8.9279,5.0186,40.8332,2.2463,11,0,0,0,3,0,0,0,1,305,6,5,54.55,0,0,0,0,0,0,0,0
ubt,bintrie,5,4,storage_mixed_k700,2,,10864,15906950,1,88.5836,32.3641,72.9502,8.8003,203.1039,78.3193,707,2338,701,19905,129,0,181,0,0,0,105,602,14.85,501,1837,21.43,701,0,100,19905,0
ubt,bintrie,5,4,storage_mixed_k700,2,,10865,21000,1,0.0614,2.7033,6.1153,0.5207,9.5733,2.1936,6,0,0,0,2,0,0,0,0,0,2,4,33.33,0,0,0,0,0,0,0,0
ubt,bintrie,5,4,storage_mixed_k700,3,,10866,0,0,0.058,20.5787,0.0059,0.2936,21.2268,0,4,0,0,0,0,0,0,0,0,0,0,4,0,0,0,0,0,0,0,0,0
ubt,bintrie,5,4,storage_mixed_k700,3,,10867,0,0,0.0293,4.6472,0.0018,0.1462,4.9898,0,4,0,0,0,0,0,0,0,0,0,0,4,0,0,0,0,0,0,0,0,0
ubt,bintrie,5,4,storage_mixed_k700,3,,10868,0,0,0.0369,17.4805,0.0137,0.1917,17.8894,0,4,0,0,0,0,0,0,0,0,0,0,4,0,0,0,0,0,0,0,0,0
ubt,bintrie,5,4,storage_mixed_k700,3,,10869,0,0,0.0692,35.2611,0.0028,0.1865,36.2894,0,4,0,0,0,0,0,0,0,0,0,0,4,0,0,0,0,0,0,0,0,0
ubt,bintrie,5,4,storage_mixed_k700,3,,10870,91722,2,0.2051,2.1209,2.9385,4.8979,12.2176,7.5074,11,0,0,0,3,0,0,0,1,305,6,5,54.55,0,0,0,0,0,0,0,0
ubt,bintrie,5,4,storage_mixed_k700,3,,10871,15906950,1,97.1841,38.5961,51.9341,8.1851,196.2951,81.0359,707,2338,701,19905,129,0,181,0,0,0,416,291,58.84,863,1475,36.91,701,0,100,19905,0
ubt,bintrie,5,4,storage_mixed_k700,3,,10872,21000,1,0.063,6.4678,2.924,0.6995,10.3307,2.0328,6,0,0,0,2,0,0,0,0,0,2,4,33.33,0,0,0,0,0,0,0,0
ubt,bintrie,5,4,storage_mixed_k700,4,,10873,0,0,0.0298,0.7733,0.0018,0.4843,2.5997,0,4,0,0,0,0,0,0,0,0,0,0,4,0,0,0,0,0,0,0,0,0
ubt,bintrie,5,4,storage_mixed_k700,4,,10874,0,0,0.0234,3.7604,0.0017,0.2133,4.1571,0,4,0,0,0,0,0,0,0,0,0,0,4,0,0,0,0,0,0,0,0,0
ubt,bintrie,5,4,storage_mixed_k700,4,,10875,0,0,0.0228,7.0839,0.0012,0.143,7.3881,0,4,0,0,0,0,0,0,0,0,0,0,4,0,0,0,0,0,0,0,0,0
ubt,bintrie,5,4,storage_mixed_k700,4,,10876,0,0,0.0802,37.011,0.0031,0.1445,39.057,0,4,0,0,0,0,0,0,0,0,0,0,4,0,0,0,0,0,0,0,0,0
ubt,bintrie,5,4,storage_mixed_k700,4,,10877,91722,2,0.3559,0.9916,34.3562,5.9638,41.8803,2.1901,11,0,0,0,3,0,0,0,1,305,4,7,36.36,0,0,0,0,0,0,0,0
ubt,bintrie,5,4,storage_mixed_k700,4,,10878,15906950,1,85.7037,32.646,57.8223,8.1114,184.5212,86.2066,707,2338,701,19905,129,0,181,0,0,0,212,495,29.99,690,1648,29.51,701,0,100,19905,0
ubt,bintrie,5,4,storage_mixed_k700,4,,10879,21000,1,0.0615,2.6204,2.2549,0.5049,5.6269,3.7321,6,0,0,0,2,0,0,0,0,0,2,4,33.33,0,0,0,0,0,0,0,0
ubt,bintrie,5,4,storage_mixed_k700,5,,10880,0,0,0.0572,0.8169,0.0016,0.2162,1.3707,0,4,0,0,0,0,0,0,0,0,0,0,4,0,0,0,0,0,0,0,0,0
ubt,bintrie,5,4,storage_mixed_k700,5,,10881,0,0,0.0196,0.8048,0.0013,0.5962,1.6947,0,4,0,0,0,0,0,0,0,0,0,0,4,0,0,0,0,0,0,0,0,0
ubt,bintrie,5,4,storage_mixed_k700,5,,10882,0,0,0.0464,52.5316,0.0028,0.1529,52.9211,0,4,0,0,0,0,0,0,0,0,0,0,4,0,0,0,0,0,0,0,0,0
ubt,bintrie,5,4,storage_mixed_k700,5,,10883,0,0,0.0361,58.5657,0.0031,0.229,59.018,0,4,0,0,0,0,0,0,0,0,0,0,4,0,0,0,0,0,0,0,0,0
ubt,bintrie,5,4,storage_mixed_k700,5,,10884,91722,2,0.1994,11.4958,8.9895,4.639,29.8903,3.0686,11,0,0,0,3,0,0,0,1,305,6,5,54.55,0,0,0,0,0,0,0,0
ubt,bintrie,5,4,storage_mixed_k700,5,,10885,15906950,1,108.3852,39.8901,55.3041,8.0303,211.9321,75.0568,707,2338,701,19905,129,0,181,0,0,0,157,550,22.21,476,1862,20.36,701,0,100,19905,0
ubt,bintrie,5,4,storage_mixed_k700,5,,10886,21000,1,0.0611,2.5925,3.7496,0.5159,7.1241,2.9478,6,0,0,0,2,0,0,0,0,0,2,4,33.33,0,0,0,0,0,0,0,0
ubt,bintrie,5,4,storage_mixed_k700,6,,10887,0,0,0.0547,38.6829,0.0035,0.2892,39.3215,0,4,0,0,0,0,0,0,0,0,0,0,4,0,0,0,0,0,0,0,0,0
ubt,bintrie,5,4,storage_mixed_k700,6,,10888,0,0,0.0273,0.8676,0.0018,1.2732,2.6643,0,4,0,0,0,0,0,0,0,0,0,0,4,0,0,0,0,0,0,0,0,0
ubt,bintrie,5,4,storage_mixed_k700,6,,10889,0,0,0.0236,2.4671,0.0044,0.095,2.7468,0,4,0,0,0,0,0,0,0,0,0,0,4,0,0,0,0,0,0,0,0,0
ubt,bintrie,5,4,storage_mixed_k700,6,,10890,91722,2,0.1678,8.8198,2.9744,5.1642,17.4008,5.2712,11,0,0,0,3,0,0,0,1,305,5,6,45.45,0,0,0,0,0,0,0,0
ubt,bintrie,5,4,storage_mixed_k700,6,,10891,15906950,1,126.9103,43.1906,51.4509,7.8232,232.9858,68.2743,707,2338,701,19905,129,0,181,0,0,0,129,578,18.25,906,1432,38.75,701,0,100,19905,0
ubt,bintrie,5,4,storage_mixed_k700,6,,10892,21000,1,0.0529,2.4858,2.2982,0.5164,5.5266,3.7998,6,0,0,0,2,0,0,0,0,0,2,4,33.33,0,0,0,0,0,0,0,0
ubt,bintrie,5,4,storage_mixed_k700,6,,10893,0,0,0.0686,3.7301,0.0024,0.173,4.1739,0,4,0,0,0,0,0,0,0,0,0,0,4,0,0,0,0,0,0,0,0,0
ubt,bintrie,5,4,storage_mixed_k700,7,,10894,0,0,0.0739,0.7556,0.0016,10.9501,12.019,0,4,0,0,0,0,0,0,0,0,0,0,4,0,0,0,0,0,0,0,0,0
ubt,bintrie,5,4,storage_mixed_k700,7,,10895,0,0,0.0501,0.9736,0.0017,0.5064,1.9121,0,4,0,0,0,0,0,0,0,0,0,0,4,0,0,0,0,0,0,0,0,0
ubt,bintrie,5,4,storage_mixed_k700,7,,10896,0,0,0.0402,73.9502,0.0025,0.1492,74.33,0,4,0,0,0,0,0,0,0,0,0,0,4,0,0,0,0,0,0,0,0,0
ubt,bintrie,5,4,storage_mixed_k700,7,,10897,0,0,0.0237,0.6983,0.0012,0.5169,1.5245,0,4,0,0,0,0,0,0,0,0,0,0,4,0,0,0,0,0,0,0,0,0
ubt,bintrie,5,4,storage_mixed_k700,7,,10898,91722,2,0.193,17.0403,6.1879,4.9267,37.2618,2.4616,11,0,0,0,3,0,0,0,1,305,5,6,45.45,0,0,0,0,0,0,0,0
ubt,bintrie,5,4,storage_mixed_k700,7,,10899,15906950,1,101.876,40.9246,44.138,13.7124,200.9906,79.1428,707,2338,701,19905,129,0,181,0,0,0,46,661,6.51,266,2072,11.38,701,0,100,19905,0
ubt,bintrie,5,4,storage_mixed_k700,7,,10900,21000,1,0.0582,2.5809,2.8115,0.7309,6.3268,3.3192,6,0,0,0,2,0,0,0,0,0,2,4,33.33,0,0,0,0,0,0,0,0
ubt,bintrie,5,4,storage_mixed_k700,8,,10901,0,0,0.0479,24.1635,0.0032,0.4433,40.5712,0,4,0,0,0,0,0,0,0,0,0,0,4,0,0,0,0,0,0,0,0,0
ubt,bintrie,5,4,storage_mixed_k700,8,,10902,0,0,0.0273,1.3438,0.002,0.1748,2.4021,0,4,0,0,0,0,0,0,0,0,0,0,4,0,0,0,0,0,0,0,0,0
ubt,bintrie,5,4,storage_mixed_k700,8,,10903,0,0,0.0338,2.9879,0.0022,0.1868,3.4402,0,4,0,0,0,0,0,0,0,0,0,0,4,0,0,0,0,0,0,0,0,0
ubt,bintrie,5,4,storage_mixed_k700,8,,10904,0,0,0.0344,42.3334,0.0026,0.1204,42.9598,0,4,0,0,0,0,0,0,0,0,0,0,4,0,0,0,0,0,0,0,0,0
ubt,bintrie,5,4,storage_mixed_k700,8,,10905,91722,2,0.2972,0.8713,24.9106,5.1919,31.4158,2.9196,11,0,0,0,3,0,0,0,1,305,4,7,36.36,0,0,0,0,0,0,0,0
ubt,bintrie,5,4,storage_mixed_k700,8,,10906,15906950,1,127.338,35.5677,54.09,11.0193,228.3918,69.6476,707,2338,701,19905,129,0,181,0,0,0,304,403,43.0,1020,1318,43.63,701,0,100,19905,0
ubt,bintrie,5,4,storage_mixed_k700,8,,10907,21000,1,0.0556,2.5146,2.3129,0.52,5.5662,3.7728,6,0,0,0,2,0,0,0,0,0,2,4,33.33,0,0,0,0,0,0,0,0
ubt,bintrie,5,4,storage_mixed_k700,9,,10908,0,0,0.0517,17.0099,0.0024,9.0327,28.1581,0,4,0,0,0,0,0,0,0,0,0,0,4,0,0,0,0,0,0,0,0,0
ubt,bintrie,5,4,storage_mixed_k700,9,,10909,0,0,0.0219,0.9034,0.0018,0.6257,1.9943,0,4,0,0,0,0,0,0,0,0,0,0,4,0,0,0,0,0,0,0,0,0
ubt,bintrie,5,4,storage_mixed_k700,9,,10910,0,0,0.0425,21.8816,0.0026,0.1607,22.2857,0,4,0,0,0,0,0,0,0,0,0,0,4,0,0,0,0,0,0,0,0,0
ubt,bintrie,5,4,storage_mixed_k700,9,,10911,0,0,0.0202,2.6952,0.0013,0.0933,2.9196,0,4,0,0,0,0,0,0,0,0,0,0,4,0,0,0,0,0,0,0,0,0
ubt,bintrie,5,4,storage_mixed_k700,9,,10912,91722,2,0.5248,3.7124,28.6789,7.8024,41.2928,2.2213,11,0,0,0,3,0,0,0,1,305,5,6,45.45,0,0,0,0,0,0,0,0
ubt,bintrie,5,4,storage_mixed_k700,9,,10913,15906950,1,87.0237,34.4201,42.3176,8.2351,175.7946,90.486,707,2338,701,19905,129,0,181,0,0,0,197,510,27.86,512,1826,21.9,701,0,100,19905,0
ubt,bintrie,5,4,storage_mixed_k700,9,,10914,21000,1,0.0568,2.4574,6.6007,0.5979,9.8569,2.1305,6,0,0,0,2,0,0,0,0,0,2,4,33.33,0,0,0,0,0,0,0,0
ubt,bintrie,5,4,storage_sload_k1,10,,8835,0,0,0.0719,47.5176,0.0024,0.169,47.9944,0,4,0,0,0,0,0,0,0,0,0,0,4,0,0,0,0,0,0,0,0,0
ubt,bintrie,5,4,storage_sload_k1,10,,8836,0,0,0.0473,15.9187,0.0024,0.179,16.3328,0,4,0,0,0,0,0,0,0,0,0,0,4,0,0,0,0,0,0,0,0,0
ubt,bintrie,5,4,storage_sload_k1,10,,8837,0,0,0.0516,40.5869,0.003,0.2245,41.1255,0,4,0,0,0,0,0,0,0,0,0,0,4,0,0,0,0,0,0,0,0,0
ubt,bintrie,5,4,storage_sload_k1,10,,8838,0,0,0.0365,34.0443,0.0029,0.1371,34.4588,0,4,0,0,0,0,0,0,0,0,0,0,4,0,0,0,0,0,0,0,0,0
ubt,bintrie,5,4,storage_sload_k1,10,,8839,86132,2,0.1183,7.2005,1.6399,5.9751,16.2328,5.306,11,0,0,0,3,0,0,0,1,155,6,5,54.55,0,0,0,0,0,0,0,0
ubt,bintrie,5,4,storage_sload_k1,10,,8840,15900059,1,262.3149,9.4453,2.6175,0.6803,275.2731,57.761,8,702,2,183,2,0,0,0,0,0,4,4,50,285,417,40.6,2,0,100,183,0
ubt,bintrie,5,4,storage_sload_k1,10,,8841,21000,1,0.0632,8.6379,30.1786,0.6787,39.7086,0.5289,6,0,0,0,2,0,0,0,0,0,2,4,33.33,0,0,0,0,0,0,0,0
ubt,bintrie,5,4,storage_sload_k1,10,,8842,0,0,0.0256,2.7408,0.0019,0.1108,3.0396,0,4,0,0,0,0,0,0,0,0,0,0,4,0,0,0,0,0,0,0,0,0
ubt,bintrie,5,4,storage_sload_k1,11,,8843,0,0,0.063,22.039,0.0024,0.2192,43.5537,0,4,0,0,0,0,0,0,0,0,0,0,4,0,0,0,0,0,0,0,0,0
ubt,bintrie,5,4,storage_sload_k1,11,,8844,0,0,0.0489,14.6992,0.0023,0.1107,15.0936,0,4,0,0,0,0,0,0,0,0,0,0,4,0,0,0,0,0,0,0,0,0
ubt,bintrie,5,4,storage_sload_k1,11,,8845,0,0,0.0481,70.4781,0.0028,0.164,70.9215,0,4,0,0,0,0,0,0,0,0,0,0,4,0,0,0,0,0,0,0,0,0
ubt,bintrie,5,4,storage_sload_k1,11,,8846,0,0,0.0512,7.1051,0.0017,0.1077,7.4691,0,4,0,0,0,0,0,0,0,0,0,0,4,0,0,0,0,0,0,0,0,0
ubt,bintrie,5,4,storage_sload_k1,11,,8847,86132,2,0.2005,3.3924,1.5529,6.1317,19.3419,4.4531,11,0,0,0,3,0,0,0,1,155,6,5,54.55,0,0,0,0,0,0,0,0
ubt,bintrie,5,4,storage_sload_k1,11,,8848,15900059,1,365.461,6.6253,3.1403,1.1615,378.8292,41.9716,8,702,2,183,2,0,0,0,0,0,4,4,50,62,640,8.83,2,0,100,183,0
ubt,bintrie,5,4,storage_sload_k1,11,,8849,21000,1,0.0534,2.5015,7.9296,0.8238,11.4646,1.8317,6,0,0,0,2,0,0,0,0,0,2,4,33.33,0,0,0,0,0,0,0,0
ubt,bintrie,5,4,storage_sload_k1,12,,8850,0,0,0.0397,29.4721,0.0027,0.2764,31.1236,0,4,0,0,0,0,0,0,0,0,0,0,4,0,0,0,0,0,0,0,0,0
ubt,bintrie,5,4,storage_sload_k1,12,,8851,0,0,0.0393,14.5613,0.0064,0.1569,25.2863,0,4,0,0,0,0,0,0,0,0,0,0,4,0,0,0,0,0,0,0,0,0
ubt,bintrie,5,4,storage_sload_k1,12,,8852,0,0,0.0244,2.8899,0.0016,0.0973,3.1832,0,4,0,0,0,0,0,0,0,0,0,0,4,0,0,0,0,0,0,0,0,0
ubt,bintrie,5,4,storage_sload_k1,12,,8853,0,0,0.0276,2.5379,0.0015,0.1062,2.8032,0,4,0,0,0,0,0,0,0,0,0,0,4,0,0,0,0,0,0,0,0,0
ubt,bintrie,5,4,storage_sload_k1,12,,8854,86132,2,0.0808,2.7068,21.8236,5.232,30.0269,2.8685,11,0,0,0,3,0,0,0,1,155,7,4,63.64,0,0,0,0,0,0,0,0
ubt,bintrie,5,4,storage_sload_k1,12,,8855,15900059,1,254.2515,24.0871,3.6137,1.0872,283.3063,56.1232,8,702,2,183,2,0,0,0,0,0,4,4,50,26,676,3.7,2,0,100,183,0
ubt,bintrie,5,4,storage_sload_k1,12,,8856,21000,1,0.0958,8.9311,11.7431,0.8796,21.8685,0.9603,6,0,0,0,2,0,0,0,0,0,2,4,33.33,0,0,0,0,0,0,0,0
ubt,bintrie,5,4,storage_sload_k1,13,,8857,0,0,0.0653,29.3725,0.0028,0.5186,30.8879,0,4,0,0,0,0,0,0,0,0,0,0,4,0,0,0,0,0,0,0,0,0
ubt,bintrie,5,4,storage_sload_k1,13,,8858,0,0,0.0352,11.3067,0.0022,0.1471,11.6941,0,4,0,0,0,0,0,0,0,0,0,0,4,0,0,0,0,0,0,0,0,0
ubt,bintrie,5,4,storage_sload_k1,13,,8859,0,0,0.0289,2.7386,0.0016,0.0998,3.0362,0,4,0,0,0,0,0,0,0,0,0,0,4,0,0,0,0,0,0,0,0,0
ubt,bintrie,5,4,storage_sload_k1,13,,8860,0,0,0.0407,43.1765,0.0028,0.1426,43.5568,0,4,0,0,0,0,0,0,0,0,0,0,4,0,0,0,0,0,0,0,0,0
ubt,bintrie,5,4,storage_sload_k1,13,,8861,86132,2,0.1689,16.0803,0.8512,8.7932,26.1535,3.2933,11,0,0,0,3,0,0,0,1,155,6,5,54.55,0,0,0,0,0,0,0,0
ubt,bintrie,5,4,storage_sload_k1,13,,8862,15900059,1,366.2758,21.9319,33.3236,0.7922,427.4458,37.1978,8,702,2,183,2,0,0,0,0,0,4,4,50,3,699,0.43,2,0,100,183,0
ubt,bintrie,5,4,storage_sload_k1,13,,8863,21000,1,0.0705,4.0319,20.5118,10.5395,35.5252,0.5911,6,0,0,0,2,0,0,0,0,0,2,4,33.33,0,0,0,0,0,0,0,0
ubt,bintrie,5,4,storage_sload_k1,14,,8864,0,0,0.0672,29.671,0.0021,0.1947,30.1537,0,4,0,0,0,0,0,0,0,0,0,0,4,0,0,0,0,0,0,0,0,0
ubt,bintrie,5,4,storage_sload_k1,14,,8865,0,0,0.0407,21.7564,0.002,0.1213,22.099,0,4,0,0,0,0,0,0,0,0,0,0,4,0,0,0,0,0,0,0,0,0
ubt,bintrie,5,4,storage_sload_k1,14,,8866,0,0,0.0415,32.3881,0.0024,0.1217,32.7936,0,4,0,0,0,0,0,0,0,0,0,0,4,0,0,0,0,0,0,0,0,0
ubt,bintrie,5,4,storage_sload_k1,14,,8867,0,0,0.0505,36.933,0.0024,0.1579,37.3508,0,4,0,0,0,0,0,0,0,0,0,0,4,0,0,0,0,0,0,0,0,0
ubt,bintrie,5,4,storage_sload_k1,14,,8868,86132,2,0.1352,0.8451,17.7918,7.288,27.4594,3.1367,11,0,0,0,3,0,0,0,1,155,6,5,54.55,0,0,0,0,0,0,0,0
ubt,bintrie,5,4,storage_sload_k1,14,,8869,15900059,1,275.6007,8.1746,3.2509,1.2823,288.5041,55.1121,8,702,2,183,2,0,0,0,0,0,3,5,37.5,251,451,35.75,2,0,100,183,0
ubt,bintrie,5,4,storage_sload_k1,14,,8870,21000,1,0.086,3.5354,12.6647,0.8185,17.3003,1.2138,6,0,0,0,2,0,0,0,0,0,2,4,33.33,0,0,0,0,0,0,0,0
ubt,bintrie,5,4,storage_sload_k1,15,,8871,0,0,0.0672,11.2068,0.0024,0.2191,11.7194,0,4,0,0,0,0,0,0,0,0,0,0,4,0,0,0,0,0,0,0,0,0
ubt,bintrie,5,4,storage_sload_k1,15,,8872,0,0,0.0502,22.3369,0.0024,0.1451,22.7626,0,4,0,0,0,0,0,0,0,0,0,0,4,0,0,0,0,0,0,0,0,0
ubt,bintrie,5,4,storage_sload_k1,15,,8873,0,0,0.0392,0.9727,0.0034,0.1575,4.6357,0,4,0,0,0,0,0,0,0,0,0,0,4,0,0,0,0,0,0,0,0,0
ubt,bintrie,5,4,storage_sload_k1,15,,8874,0,0,0.0321,32.7835,0.0022,0.1788,33.173,0,4,0,0,0,0,0,0,0,0,0,0,4,0,0,0,0,0,0,0,0,0
ubt,bintrie,5,4,storage_sload_k1,15,,8875,86132,2,0.0882,2.9277,1.181,4.8545,21.5457,3.9976,11,0,0,0,3,0,0,0,1,155,6,5,54.55,0,0,0,0,0,0,0,0
ubt,bintrie,5,4,storage_sload_k1,15,,8876,15900059,1,277.6113,25.3177,4.4113,0.9507,308.4915,51.5413,8,702,2,183,2,0,0,0,0,0,4,4,50,41,661,5.84,2,0,100,183,0
ubt,bintrie,5,4,storage_sload_k1,15,,8877,21000,1,0.082,2.7153,3.6431,0.8162,18.1067,1.1598,6,0,0,0,2,0,0,0,0,0,0,6,0,0,0,0,0,0,0,0,0
ubt,bintrie,5,4,storage_sload_k1,16,,8878,0,0,0.0551,2.4654,0.0021,0.3314,3.0667,0,4,0,0,0,0,0,0,0,0,0,0,4,0,0,0,0,0,0,0,0,0
ubt,bintrie,5,4,storage_sload_k1,16,,8879,0,0,0.0423,16.7063,0.0026,0.2158,17.2355,0,4,0,0,0,0,0,0,0,0,0,0,4,0,0,0,0,0,0,0,0,0
ubt,bintrie,5,4,storage_sload_k1,16,,8880,0,0,0.0528,36.4827,0.0027,0.1992,37.0139,0,4,0,0,0,0,0,0,0,0,0,0,4,0,0,0,0,0,0,0,0,0
ubt,bintrie,5,4,storage_sload_k1,16,,8881,0,0,0.04,18.6865,0.0027,0.1581,19.0579,0,4,0,0,0,0,0,0,0,0,0,0,4,0,0,0,0,0,0,0,0,0
ubt,bintrie,5,4,storage_sload_k1,16,,8882,86132,2,0.136,2.739,2.486,5.6537,12.1368,7.0968,11,0,0,0,3,0,0,0,1,155,5,6,45.45,0,0,0,0,0,0,0,0
ubt,bintrie,5,4,storage_sload_k1,16,,8883,15900059,1,264.101,18.4459,4.0819,1.3215,288.1745,55.1751,8,702,2,183,2,0,0,0,0,0,4,4,50,87,615,12.39,2,0,100,183,0
ubt,bintrie,5,4,storage_sload_k1,16,,8884,21000,1,0.0638,5.1947,15.5798,0.8835,21.8931,0.9592,6,0,0,0,2,0,0,0,0,0,2,4,33.33,0,0,0,0,0,0,0,0
ubt,bintrie,5,4,storage_sload_k1,17,,8885,0,0,0.0641,48.4834,0.0023,0.2091,49.0092,0,4,0,0,0,0,0,0,0,0,0,0,4,0,0,0,0,0,0,0,0,0
ubt,bintrie,5,4,storage_sload_k1,17,,8886,0,0,0.0406,27.058,0.0023,0.2458,27.5099,0,4,0,0,0,0,0,0,0,0,0,0,4,0,0,0,0,0,0,0,0,0
ubt,bintrie,5,4,storage_sload_k1,17,,8887,0,0,0.0415,28.7225,0.0018,3.3996,32.9762,0,4,0,0,0,0,0,0,0,0,0,0,4,0,0,0,0,0,0,0,0,0
ubt,bintrie,5,4,storage_sload_k1,17,,8888,0,0,0.0421,34.0617,0.002,0.1671,34.631,0,4,0,0,0,0,0,0,0,0,0,0,4,0,0,0,0,0,0,0,0,0
ubt,bintrie,5,4,storage_sload_k1,17,,8889,86132,2,0.1534,3.163,5.3036,11.5454,21.6216,3.9836,11,0,0,0,3,0,0,0,1,155,5,6,45.45,0,0,0,0,0,0,0,0
ubt,bintrie,5,4,storage_sload_k1,17,,8890,15900059,1,268.2491,9.9847,3.2459,0.9377,282.621,56.2593,8,702,2,183,2,0,0,0,0,0,3,5,37.5,20,682,2.85,2,0,100,183,0
ubt,bintrie,5,4,storage_sload_k1,17,,8891,21000,1,0.0686,9.1046,12.8794,0.8225,23.0432,0.9113,6,0,0,0,2,0,0,0,0,0,2,4,33.33,0,0,0,0,0,0,0,0
ubt,bintrie,5,4,storage_sload_k1,18,,8892,0,0,0.0453,19.1041,0.0018,0.1673,26.1006,0,4,0,0,0,0,0,0,0,0,0,0,4,0,0,0,0,0,0,0,0,0
ubt,bintrie,5,4,storage_sload_k1,18,,8893,0,0,0.0384,13.3577,0.0027,0.1736,13.8133,0,4,0,0,0,0,0,0,0,0,0,0,4,0,0,0,0,0,0,0,0,0
ubt,bintrie,5,4,storage_sload_k1,18,,8894,0,0,0.0329,21.6135,0.0025,0.2315,22.0489,0,4,0,0,0,0,0,0,0,0,0,0,4,0,0,0,0,0,0,0,0,0
ubt,bintrie,5,4,storage_sload_k1,18,,8895,0,0,0.0405,13.3525,0.0033,0.1517,13.7683,0,4,0,0,0,0,0,0,0,0,0,0,4,0,0,0,0,0,0,0,0,0
ubt,bintrie,5,4,storage_sload_k1,18,,8896,86132,2,0.1311,3.0362,4.7979,8.4126,16.5621,5.2005,11,0,0,0,3,0,0,0,1,155,5,6,45.45,0,0,0,0,0,0,0,0
ubt,bintrie,5,4,storage_sload_k1,18,,8897,15900059,1,254.7172,25.93,11.1919,1.0881,293.0985,54.2482,8,702,2,183,2,0,0,0,0,0,3,5,37.5,50,652,7.12,2,0,100,183,0
ubt,bintrie,5,4,storage_sload_k1,18,,8898,21000,1,0.067,4.8308,28.4916,0.7935,34.426,0.61,6,0,0,0,2,0,0,0,0,0,2,4,33.33,0,0,0,0,0,0,0,0
ubt,bintrie,5,4,storage_sload_k1,18,,8899,0,0,0.0227,3.7106,0.0037,0.219,7.8871,0,4,0,0,0,0,0,0,0,0,0,0,4,0,0,0,0,0,0,0,0,0
ubt,bintrie,5,4,storage_sload_k1,19,,8900,0,0,0.0504,5.0276,0.002,0.2395,5.9117,0,4,0,0,0,0,0,0,0,0,0,0,4,0,0,0,0,0,0,0,0,0
ubt,bintrie,5,4,storage_sload_k1,19,,8901,0,0,0.0463,22.7106,0.0031,0.1556,23.2078,0,4,0,0,0,0,0,0,0,0,0,0,4,0,0,0,0,0,0,0,0,0
ubt,bintrie,5,4,storage_sload_k1,19,,8902,0,0,0.0221,0.8442,0.0015,0.118,4.4676,0,4,0,0,0,0,0,0,0,0,0,0,4,0,0,0,0,0,0,0,0,0
ubt,bintrie,5,4,storage_sload_k1,19,,8903,0,0,0.0739,26.8833,0.0226,0.7875,28.1375,0,4,0,0,0,0,0,0,0,0,0,0,4,0,0,0,0,0,0,0,0,0
ubt,bintrie,5,4,storage_sload_k1,19,,8904,86132,2,0.403,1.0546,1.0332,10.1883,13.1888,6.5307,11,0,0,0,3,0,0,0,1,155,4,7,36.36,0,0,0,0,0,0,0,0
ubt,bintrie,5,4,storage_sload_k1,19,,8905,15900059,1,278.5152,8.9594,12.4716,11.2085,311.3264,51.072,8,702,2,183,2,0,0,0,0,0,4,4,50,114,588,16.24,2,0,100,183,0
ubt,bintrie,5,4,storage_sload_k1,19,,8906,21000,1,0.0809,7.2281,40.2995,0.6832,48.4646,0.4333,6,0,0,0,2,0,0,0,0,0,2,4,33.33,0,0,0,0,0,0,0,0
ubt,bintrie,5,4,storage_sload_k1,1,,8767,0,0,0.0534,2.889,0.0024,0.5661,5.4427,0,4,0,0,0,0,0,0,0,0,0,0,4,0,0,0,0,0,0,0,0,0
ubt,bintrie,5,4,storage_sload_k1,1,,8768,0,0,0.0281,0.9058,0.002,0.1522,4.0022,0,4,0,0,0,0,0,0,0,0,0,0,4,0,0,0,0,0,0,0,0,0
ubt,bintrie,5,4,storage_sload_k1,1,,8769,0,0,0.0279,15.9283,0.0024,0.1688,16.4302,0,4,0,0,0,0,0,0,0,0,0,0,4,0,0,0,0,0,0,0,0,0
ubt,bintrie,5,4,storage_sload_k1,1,,8770,0,0,0.0362,18.6318,0.0019,0.2541,19.095,0,4,0,0,0,0,0,0,0,0,0,0,4,0,0,0,0,0,0,0,0,0
ubt,bintrie,5,4,storage_sload_k1,1,,8771,86132,2,0.1664,31.9256,16.0137,5.5054,53.9339,1.597,11,0,0,0,3,0,0,0,1,155,6,5,54.55,0,0,0,0,0,0,0,0
ubt,bintrie,5,4,storage_sload_k1,1,,8772,15900059,1,303.9397,9.4278,2.9387,0.9661,317.5,50.0789,8,702,2,183,2,0,0,0,0,0,3,5,37.5,164,538,23.36,2,0,100,183,0
ubt,bintrie,5,4,storage_sload_k1,1,,8773,21000,1,0.0834,9.917,21.4058,0.7374,32.387,0.6484,6,0,0,0,2,0,0,0,0,0,2,4,33.33,0,0,0,0,0,0,0,0
ubt,bintrie,5,4,storage_sload_k1,1,,8774,0,0,0.0468,8.1552,0.0017,0.1542,8.5523,0,4,0,0,0,0,0,0,0,0,0,0,4,0,0,0,0,0,0,0,0,0
ubt,bintrie,5,4,storage_sload_k1,20,,8907,0,0,0.0815,47.7304,0.0021,0.2343,50.612,0,4,0,0,0,0,0,0,0,0,0,0,4,0,0,0,0,0,0,0,0,0
ubt,bintrie,5,4,storage_sload_k1,20,,8908,0,0,0.0353,0.6437,0.0025,0.1449,9.6005,0,4,0,0,0,0,0,0,0,0,0,0,4,0,0,0,0,0,0,0,0,0
ubt,bintrie,5,4,storage_sload_k1,20,,8909,0,0,0.0301,2.6855,0.0018,0.1201,3.0011,0,4,0,0,0,0,0,0,0,0,0,0,4,0,0,0,0,0,0,0,0,0
ubt,bintrie,5,4,storage_sload_k1,20,,8910,0,0,0.041,16.526,0.0023,0.1369,16.8756,0,4,0,0,0,0,0,0,0,0,0,0,4,0,0,0,0,0,0,0,0,0
ubt,bintrie,5,4,storage_sload_k1,20,,8911,86132,2,0.1536,3.6842,30.6284,4.9097,48.5284,1.7749,11,0,0,0,3,0,0,0,1,155,6,5,54.55,0,0,0,0,0,0,0,0
ubt,bintrie,5,4,storage_sload_k1,20,,8912,15900059,1,257.2113,27.7695,30.4376,1.2191,317.5041,50.0783,8,702,2,183,2,0,0,0,0,0,0,8,0,252,450,35.9,2,0,100,183,0
ubt,bintrie,5,4,storage_sload_k1,20,,8913,21000,1,0.0871,7.3753,30.2331,0.6644,38.5686,0.5445,6,0,0,0,2,0,0,0,0,0,2,4,33.33,0,0,0,0,0,0,0,0
ubt,bintrie,5,4,storage_sload_k1,20,,8914,0,0,0.0432,41.5301,0.0026,0.1278,41.875,0,4,0,0,0,0,0,0,0,0,0,0,4,0,0,0,0,0,0,0,0,0
ubt,bintrie,5,4,storage_sload_k1,2,,8775,0,0,0.0461,22.234,0.0024,0.4244,22.9951,0,4,0,0,0,0,0,0,0,0,0,0,4,0,0,0,0,0,0,0,0,0
ubt,bintrie,5,4,storage_sload_k1,2,,8776,0,0,0.0488,16.5716,0.0036,0.2004,28.2069,0,4,0,0,0,0,0,0,0,0,0,0,4,0,0,0,0,0,0,0,0,0
ubt,bintrie,5,4,storage_sload_k1,2,,8777,0,0,0.0428,22.5764,0.0019,0.1169,23.2705,0,4,0,0,0,0,0,0,0,0,0,0,4,0,0,0,0,0,0,0,0,0
ubt,bintrie,5,4,storage_sload_k1,2,,8778,0,0,0.0522,28.2826,0.0028,0.1477,28.6505,0,4,0,0,0,0,0,0,0,0,0,0,4,0,0,0,0,0,0,0,0,0
ubt,bintrie,5,4,storage_sload_k1,2,,8779,86132,2,0.0894,13.8617,12.6276,10.6451,38.8817,2.2152,11,0,0,0,3,0,0,0,1,155,7,4,63.64,0,0,0,0,0,0,0,0
ubt,bintrie,5,4,storage_sload_k1,2,,8780,15900059,1,246.9922,23.8696,43.8118,0.6985,316.199,50.285,8,702,2,183,2,0,0,0,0,0,1,7,12.5,20,682,2.85,2,0,100,183,0
ubt,bintrie,5,4,storage_sload_k1,2,,8781,21000,1,0.1053,9.3853,18.2569,0.9291,28.8909,0.7269,6,0,0,0,2,0,0,0,0,0,2,4,33.33,0,0,0,0,0,0,0,0
ubt,bintrie,5,4,storage_sload_k1,2,,8782,0,0,0.0331,3.665,0.0023,0.148,4.0316,0,4,0,0,0,0,0,0,0,0,0,0,4,0,0,0,0,0,0,0,0,0
ubt,bintrie,5,4,storage_sload_k1,3,,8783,0,0,0.0553,16.7875,0.0023,0.3354,17.452,0,4,0,0,0,0,0,0,0,0,0,0,4,0,0,0,0,0,0,0,0,0
ubt,bintrie,5,4,storage_sload_k1,3,,8784,0,0,0.2661,25.6733,0.0032,10.2316,36.5626,0,4,0,0,0,0,0,0,0,0,0,0,4,0,0,0,0,0,0,0,0,0
ubt,bintrie,5,4,storage_sload_k1,3,,8785,0,0,0.0233,0.536,0.0013,0.0841,0.8286,0,4,0,0,0,0,0,0,0,0,0,0,4,0,0,0,0,0,0,0,0,0
ubt,bintrie,5,4,storage_sload_k1,3,,8786,0,0,0.0392,6.8964,0.002,0.1499,7.298,0,4,0,0,0,0,0,0,0,0,0,0,4,0,0,0,0,0,0,0,0,0
ubt,bintrie,5,4,storage_sload_k1,3,,8787,86132,2,0.1335,43.4701,2.6051,4.9598,51.3945,1.6759,11,0,0,0,3,0,0,0,1,155,5,6,45.45,0,0,0,0,0,0,0,0
ubt,bintrie,5,4,storage_sload_k1,3,,8788,15900059,1,259.278,12.1099,38.0562,0.6777,310.7196,51.1717,8,702,2,183,2,0,0,0,0,0,1,7,12.5,431,271,61.4,2,0,100,183,0
ubt,bintrie,5,4,storage_sload_k1,3,,8789,21000,1,0.0799,7.513,20.5219,0.85,29.1614,0.7201,6,0,0,0,2,0,0,0,0,0,2,4,33.33,0,0,0,0,0,0,0,0
ubt,bintrie,5,4,storage_sload_k1,4,,8791,0,0,0.0397,4.1985,0.002,0.1926,4.8528,0,4,0,0,0,0,0,0,0,0,0,0,4,0,0,0,0,0,0,0,0,0
ubt,bintrie,5,4,storage_sload_k1,4,,8792,0,0,0.041,17.2077,0.003,0.1684,17.6341,0,4,0,0,0,0,0,0,0,0,0,0,4,0,0,0,0,0,0,0,0,0
ubt,bintrie,5,4,storage_sload_k1,4,,8793,0,0,0.0326,36.5813,0.0025,0.1638,36.9187,0,4,0,0,0,0,0,0,0,0,0,0,4,0,0,0,0,0,0,0,0,0
ubt,bintrie,5,4,storage_sload_k1,4,,8794,0,0,0.0598,3.119,0.002,0.1344,3.534,0,4,0,0,0,0,0,0,0,0,0,0,4,0,0,0,0,0,0,0,0,0
ubt,bintrie,5,4,storage_sload_k1,4,,8795,86132,2,0.1805,16.5126,19.3827,5.9055,42.543,2.0246,11,0,0,0,3,0,0,0,1,155,5,6,45.45,0,0,0,0,0,0,0,0
ubt,bintrie,5,4,storage_sload_k1,4,,8796,15900059,1,261.51,18.6732,42.2234,0.7308,337.6278,47.0935,8,702,2,183,2,0,0,0,0,0,1,7,12.5,0,702,0,2,0,100,183,0
ubt,bintrie,5,4,storage_sload_k1,4,,8797,21000,1,0.1809,5.388,13.9982,0.9087,20.8959,1.005,6,0,0,0,2,0,0,0,0,0,2,4,33.33,0,0,0,0,0,0,0,0
ubt,bintrie,5,4,storage_sload_k1,5,,8798,0,0,0.06,14.595,0.0019,0.1659,15.046,0,4,0,0,0,0,0,0,0,0,0,0,4,0,0,0,0,0,0,0,0,0
ubt,bintrie,5,4,storage_sload_k1,5,,8799,0,0,0.0453,3.6032,0.0027,0.1821,4.1021,0,4,0,0,0,0,0,0,0,0,0,0,4,0,0,0,0,0,0,0,0,0
ubt,bintrie,5,4,storage_sload_k1,5,,8800,0,0,0.0499,13.9029,0.0026,0.1348,16.0107,0,4,0,0,0,0,0,0,0,0,0,0,4,0,0,0,0,0,0,0,0,0
ubt,bintrie,5,4,storage_sload_k1,5,,8801,0,0,0.0584,32.1271,0.0034,0.2166,32.6706,0,4,0,0,0,0,0,0,0,0,0,0,4,0,0,0,0,0,0,0,0,0
ubt,bintrie,5,4,storage_sload_k1,5,,8802,86132,2,0.3641,0.8147,0.4973,5.1825,7.0398,12.2351,11,0,0,0,3,0,0,0,1,155,5,6,45.45,0,0,0,0,0,0,0,0
ubt,bintrie,5,4,storage_sload_k1,5,,8803,15900059,1,343.1612,5.4917,3.124,1.0448,358.0612,44.406,8,702,2,183,2,0,0,0,0,0,4,4,50,151,551,21.51,2,0,100,183,0
ubt,bintrie,5,4,storage_sload_k1,5,,8804,21000,1,0.0722,3.9973,2.8735,0.8566,8.009,2.6221,6,0,0,0,2,0,0,0,0,0,2,4,33.33,0,0,0,0,0,0,0,0
ubt,bintrie,5,4,storage_sload_k1,6,,8806,0,0,0.0589,45.6954,0.0027,0.1734,46.2041,0,4,0,0,0,0,0,0,0,0,0,0,4,0,0,0,0,0,0,0,0,0
ubt,bintrie,5,4,storage_sload_k1,6,,8807,0,0,0.0378,0.7364,0.0021,3.0419,4.9084,0,4,0,0,0,0,0,0,0,0,0,0,4,0,0,0,0,0,0,0,0,0
ubt,bintrie,5,4,storage_sload_k1,6,,8808,0,0,0.0598,39.6234,0.0025,0.139,40.0274,0,4,0,0,0,0,0,0,0,0,0,0,4,0,0,0,0,0,0,0,0,0
ubt,bintrie,5,4,storage_sload_k1,6,,8809,0,0,0.0638,3.0912,0.0021,0.3971,4.0586,0,4,0,0,0,0,0,0,0,0,0,0,4,0,0,0,0,0,0,0,0,0
ubt,bintrie,5,4,storage_sload_k1,6,,8810,86132,2,0.2151,14.0871,41.2121,4.7135,60.4393,1.4251,11,0,0,0,3,0,0,0,1,155,5,6,45.45,0,0,0,0,0,0,0,0
ubt,bintrie,5,4,storage_sload_k1,6,,8811,15900059,1,313.1485,9.2265,36.0184,0.6784,359.9842,44.1688,8,702,2,183,2,0,0,0,0,0,4,4,50,62,640,8.83,2,0,100,183,0
ubt,bintrie,5,4,storage_sload_k1,6,,8812,21000,1,0.0734,9.9241,27.5721,1.3377,39.1249,0.5367,6,0,0,0,2,0,0,0,0,0,2,4,33.33,0,0,0,0,0,0,0,0
ubt,bintrie,5,4,storage_sload_k1,7,,8813,0,0,0.047,15.7361,0.002,0.1876,16.2197,0,4,0,0,0,0,0,0,0,0,0,0,4,0,0,0,0,0,0,0,0,0
ubt,bintrie,5,4,storage_sload_k1,7,,8814,0,0,0.0465,0.6546,0.0015,0.1438,1.0361,0,4,0,0,0,0,0,0,0,0,0,0,4,0,0,0,0,0,0,0,0,0
ubt,bintrie,5,4,storage_sload_k1,7,,8815,0,0,0.0406,17.6945,0.0029,0.1936,18.1111,0,4,0,0,0,0,0,0,0,0,0,0,4,0,0,0,0,0,0,0,0,0
ubt,bintrie,5,4,storage_sload_k1,7,,8816,0,0,0.0325,13.487,0.002,10.8138,24.5042,0,4,0,0,0,0,0,0,0,0,0,0,4,0,0,0,0,0,0,0,0,0
ubt,bintrie,5,4,storage_sload_k1,7,,8817,86132,2,0.0974,25.6316,16.1457,4.7476,52.7819,1.6318,11,0,0,0,3,0,0,0,1,155,6,5,54.55,0,0,0,0,0,0,0,0
ubt,bintrie,5,4,storage_sload_k1,7,,8818,15900059,1,402.5785,16.2163,18.115,1.2746,439.2017,36.2022,8,702,2,183,2,0,0,0,0,0,4,4,50,97,605,13.82,2,0,100,183,0
ubt,bintrie,5,4,storage_sload_k1,7,,8819,21000,1,0.083,9.7248,29.0057,0.9373,39.9724,0.5254,6,0,0,0,2,0,0,0,0,0,2,4,33.33,0,0,0,0,0,0,0,0
ubt,bintrie,5,4,storage_sload_k1,8,,8820,0,0,0.0753,14.3041,0.0018,0.2096,14.8073,0,4,0,0,0,0,0,0,0,0,0,0,4,0,0,0,0,0,0,0,0,0
ubt,bintrie,5,4,storage_sload_k1,8,,8821,0,0,0.0437,0.744,0.0023,0.1668,4.7633,0,4,0,0,0,0,0,0,0,0,0,0,4,0,0,0,0,0,0,0,0,0
ubt,bintrie,5,4,storage_sload_k1,8,,8822,0,0,0.0469,3.1022,0.0015,0.0911,3.3847,0,4,0,0,0,0,0,0,0,0,0,0,4,0,0,0,0,0,0,0,0,0
ubt,bintrie,5,4,storage_sload_k1,8,,8823,0,0,0.0834,8.2512,0.0029,0.1773,8.6809,0,4,0,0,0,0,0,0,0,0,0,0,4,0,0,0,0,0,0,0,0,0
ubt,bintrie,5,4,storage_sload_k1,8,,8824,86132,2,0.1454,3.2059,15.5822,6.2796,25.4096,3.3897,11,0,0,0,3,0,0,0,1,155,5,6,45.45,0,0,0,0,0,0,0,0
ubt,bintrie,5,4,storage_sload_k1,8,,8825,15900059,1,267.0735,31.6697,36.7448,0.8022,337.064,47.1722,8,702,2,183,2,0,0,0,0,0,1,7,12.5,0,702,0,2,0,100,183,0
ubt,bintrie,5,4,storage_sload_k1,8,,8826,21000,1,0.0784,3.9444,27.0721,0.9261,32.245,0.6513,6,0,0,0,2,0,0,0,0,0,2,4,33.33,0,0,0,0,0,0,0,0
ubt,bintrie,5,4,storage_sload_k1,8,,8827,0,0,0.0391,9.1765,0.0027,0.31,9.7263,0,4,0,0,0,0,0,0,0,0,0,0,4,0,0,0,0,0,0,0,0,0
ubt,bintrie,5,4,storage_sload_k1,9,,8828,0,0,0.1193,28.6392,0.0026,0.1894,29.5163,0,4,0,0,0,0,0,0,0,0,0,0,4,0,0,0,0,0,0,0,0,0
ubt,bintrie,5,4,storage_sload_k1,9,,8829,0,0,0.0342,21.7909,0.0018,0.1653,22.3595,0,4,0,0,0,0,0,0,0,0,0,0,4,0,0,0,0,0,0,0,0,0
ubt,bintrie,5,4,storage_sload_k1,9,,8830,0,0,0.0377,49.6104,0.0033,0.1516,49.9794,0,4,0,0,0,0,0,0,0,0,0,0,4,0,0,0,0,0,0,0,0,0
ubt,bintrie,5,4,storage_sload_k1,9,,8831,0,0,0.0576,46.8364,0.0023,0.1557,47.2762,0,4,0,0,0,0,0,0,0,0,0,0,4,0,0,0,0,0,0,0,0,0
ubt,bintrie,5,4,storage_sload_k1,9,,8832,86132,2,0.1113,3.0498,0.9621,5.8907,10.2261,8.4228,11,0,0,0,3,0,0,0,1,155,6,5,54.55,0,0,0,0,0,0,0,0
ubt,bintrie,5,4,storage_sload_k1,9,,8833,15900059,1,274.0512,35.9198,3.6654,0.9974,314.81,50.5068,8,702,2,183,2,0,0,0,0,0,3,5,37.5,146,556,20.8,2,0,100,183,0
ubt,bintrie,5,4,storage_sload_k1,9,,8834,21000,1,0.0649,3.8002,2.7961,0.795,7.6516,2.7445,6,0,0,0,2,0,0,0,0,0,2,4,33.33,0,0,0,0,0,0,0,0
ubt,bintrie,5,4,storage_sload_k10,10,,8983,0,0,0.0407,26.7916,0.0027,0.7156,28.519,0,4,0,0,0,0,0,0,0,0,0,0,4,0,0,0,0,0,0,0,0,0
ubt,bintrie,5,4,storage_sload_k10,10,,8984,0,0,0.0666,29.3741,0.0028,0.3836,30.8549,0,4,0,0,0,0,0,0,0,0,0,0,4,0,0,0,0,0,0,0,0,0
ubt,bintrie,5,4,storage_sload_k10,10,,8985,0,0,0.3382,34.0792,0.0034,0.18,35.5777,0,4,0,0,0,0,0,0,0,0,0,0,4,0,0,0,0,0,0,0,0,0
ubt,bintrie,5,4,storage_sload_k10,10,,8986,0,0,0.0366,35.638,0.0024,0.198,36.0428,0,4,0,0,0,0,0,0,0,0,0,0,4,0,0,0,0,0,0,0,0,0
ubt,bintrie,5,4,storage_sload_k10,10,,8987,86864,2,2.2195,4.9386,15.7895,5.0219,28.4903,3.0489,11,0,0,0,3,0,0,0,1,157,5,6,45.45,0,0,0,0,0,0,0,0
ubt,bintrie,5,4,storage_sload_k10,10,,8988,15900152,1,296.8674,21.9184,30.6943,0.6452,350.4421,45.3717,17,702,11,437,2,0,0,0,0,0,4,13,23.53,12,690,1.71,11,0,100,437,0
ubt,bintrie,5,4,storage_sload_k10,10,,8989,21000,1,0.0672,2.7698,6.4792,0.6328,10.1047,2.0782,6,0,0,0,2,0,0,0,0,0,2,4,33.33,0,0,0,0,0,0,0,0
ubt,bintrie,5,4,storage_sload_k10,11,,8990,0,0,0.0404,19.782,0.0026,0.2623,20.2712,0,4,0,0,0,0,0,0,0,0,0,0,4,0,0,0,0,0,0,0,0,0
ubt,bintrie,5,4,storage_sload_k10,11,,8991,0,0,0.0392,29.4115,0.003,0.1671,29.7941,0,4,0,0,0,0,0,0,0,0,0,0,4,0,0,0,0,0,0,0,0,0
ubt,bintrie,5,4,storage_sload_k10,11,,8992,0,0,0.0342,69.6694,0.0021,0.1083,70.0441,0,4,0,0,0,0,0,0,0,0,0,0,4,0,0,0,0,0,0,0,0,0
ubt,bintrie,5,4,storage_sload_k10,11,,8993,0,0,0.0821,10.4395,0.0031,0.1604,10.971,0,4,0,0,0,0,0,0,0,0,0,0,4,0,0,0,0,0,0,0,0,0
ubt,bintrie,5,4,storage_sload_k10,11,,8994,86864,2,0.169,13.0808,6.866,5.7842,26.1616,3.3203,11,0,0,0,3,0,0,0,1,157,7,4,63.64,0,0,0,0,0,0,0,0
ubt,bintrie,5,4,storage_sload_k10,11,,8995,15900152,1,280.5461,10.38,2.8243,1.131,295.2063,53.8611,17,702,11,437,2,0,0,0,0,0,4,13,23.53,29,673,4.13,11,0,100,437,0
ubt,bintrie,5,4,storage_sload_k10,11,,8996,21000,1,0.071,2.7021,3.1368,0.8775,6.9697,3.013,6,0,0,0,2,0,0,0,0,0,2,4,33.33,0,0,0,0,0,0,0,0
ubt,bintrie,5,4,storage_sload_k10,11,,8997,0,0,0.0366,24.9844,0.004,0.2307,25.4512,0,4,0,0,0,0,0,0,0,0,0,0,4,0,0,0,0,0,0,0,0,0
ubt,bintrie,5,4,storage_sload_k10,12,,8998,0,0,0.0706,31.3503,0.0028,0.182,48.0611,0,4,0,0,0,0,0,0,0,0,0,0,4,0,0,0,0,0,0,0,0,0
ubt,bintrie,5,4,storage_sload_k10,12,,8999,0,0,0.0664,0.8396,0.0022,0.2032,1.42,0,4,0,0,0,0,0,0,0,0,0,0,4,0,0,0,0,0,0,0,0,0
ubt,bintrie,5,4,storage_sload_k10,12,,9000,0,0,0.0549,21.1713,0.0026,0.0985,23.5865,0,4,0,0,0,0,0,0,0,0,0,0,4,0,0,0,0,0,0,0,0,0
ubt,bintrie,5,4,storage_sload_k10,12,,9001,0,0,0.0273,12.6127,0.0015,0.1511,12.9491,0,4,0,0,0,0,0,0,0,0,0,0,4,0,0,0,0,0,0,0,0,0
ubt,bintrie,5,4,storage_sload_k10,12,,9002,86864,2,0.1381,2.8947,1.2193,6.5881,33.1725,2.6186,11,0,0,0,3,0,0,0,1,157,6,5,54.55,0,0,0,0,0,0,0,0
ubt,bintrie,5,4,storage_sload_k10,12,,9003,15900152,1,297.135,19.355,21.6546,0.9547,354.3774,44.8678,17,702,11,437,2,0,0,0,0,0,11,6,64.71,643,59,91.6,11,0,100,437,0
ubt,bintrie,5,4,storage_sload_k10,12,,9004,21000,1,0.0564,7.7284,27.5532,1.1255,36.6612,0.5728,6,0,0,0,2,0,0,0,0,0,2,4,33.33,0,0,0,0,0,0,0,0
ubt,bintrie,5,4,storage_sload_k10,13,,9005,0,0,0.0696,35.2731,0.0024,0.1655,35.8054,0,4,0,0,0,0,0,0,0,0,0,0,4,0,0,0,0,0,0,0,0,0
ubt,bintrie,5,4,storage_sload_k10,13,,9006,0,0,0.0344,0.5894,0.002,0.2067,1.0514,0,4,0,0,0,0,0,0,0,0,0,0,4,0,0,0,0,0,0,0,0,0
ubt,bintrie,5,4,storage_sload_k10,13,,9007,0,0,0.0574,5.0075,0.0023,0.2699,5.9864,0,4,0,0,0,0,0,0,0,0,0,0,4,0,0,0,0,0,0,0,0,0
ubt,bintrie,5,4,storage_sload_k10,13,,9008,0,0,0.0516,23.2149,0.0038,0.2109,35.1988,0,4,0,0,0,0,0,0,0,0,0,0,4,0,0,0,0,0,0,0,0,0
ubt,bintrie,5,4,storage_sload_k10,13,,9009,86864,2,0.188,3.2251,4.8015,4.8547,13.2436,6.5589,11,0,0,0,3,0,0,0,1,157,5,6,45.45,0,0,0,0,0,0,0,0
ubt,bintrie,5,4,storage_sload_k10,13,,9010,15900152,1,272.7881,9.3233,3.1048,0.8311,286.4815,55.5015,17,702,11,437,2,0,0,0,0,0,5,12,29.41,179,523,25.5,11,0,100,437,0
ubt,bintrie,5,4,storage_sload_k10,13,,9011,21000,1,0.0581,2.6442,2.5596,0.7103,6.1633,3.4072,6,0,0,0,2,0,0,0,0,0,2,4,33.33,0,0,0,0,0,0,0,0
ubt,bintrie,5,4,storage_sload_k10,13,,9012,0,0,0.0332,3.1951,0.0017,0.1479,3.5494,0,4,0,0,0,0,0,0,0,0,0,0,4,0,0,0,0,0,0,0,0,0
ubt,bintrie,5,4,storage_sload_k10,14,,9013,0,0,0.0408,2.3312,0.0013,0.2319,2.7938,0,4,0,0,0,0,0,0,0,0,0,0,4,0,0,0,0,0,0,0,0,0
ubt,bintrie,5,4,storage_sload_k10,14,,9014,0,0,0.0411,16.7935,0.0026,0.1148,17.336,0,4,0,0,0,0,0,0,0,0,0,0,4,0,0,0,0,0,0,0,0,0
ubt,bintrie,5,4,storage_sload_k10,14,,9015,0,0,0.0392,36.1975,0.0029,0.1663,37.0007,0,4,0,0,0,0,0,0,0,0,0,0,4,0,0,0,0,0,0,0,0,0
ubt,bintrie,5,4,storage_sload_k10,14,,9016,0,0,0.0454,20.3866,0.0029,0.168,20.8059,0,4,0,0,0,0,0,0,0,0,0,0,4,0,0,0,0,0,0,0,0,0
ubt,bintrie,5,4,storage_sload_k10,14,,9017,86864,2,0.1494,5.523,27.253,8.4419,41.5519,2.0905,11,0,0,0,3,0,0,0,1,157,5,6,45.45,0,0,0,0,0,0,0,0
ubt,bintrie,5,4,storage_sload_k10,14,,9018,15900152,1,267.6243,19.837,36.1508,1.1217,325.2666,48.8834,17,702,11,437,2,0,0,0,0,0,1,16,5.88,32,670,4.56,11,0,100,437,0
ubt,bintrie,5,4,storage_sload_k10,14,,9019,21000,1,0.0627,11.3565,27.603,0.626,39.8418,0.5271,6,0,0,0,2,0,0,0,0,0,2,4,33.33,0,0,0,0,0,0,0,0
ubt,bintrie,5,4,storage_sload_k10,15,,9020,0,0,0.0445,15.095,0.0018,0.2038,15.5432,0,4,0,0,0,0,0,0,0,0,0,0,4,0,0,0,0,0,0,0,0,0
ubt,bintrie,5,4,storage_sload_k10,15,,9021,0,0,0.039,6.8268,0.0023,0.1319,7.1839,0,4,0,0,0,0,0,0,0,0,0,0,4,0,0,0,0,0,0,0,0,0
ubt,bintrie,5,4,storage_sload_k10,15,,9022,0,0,0.0357,38.4418,0.0029,0.2058,38.8669,0,4,0,0,0,0,0,0,0,0,0,0,4,0,0,0,0,0,0,0,0,0
ubt,bintrie,5,4,storage_sload_k10,15,,9023,0,0,0.0499,23.5327,0.0029,0.2832,24.1087,0,4,0,0,0,0,0,0,0,0,0,0,4,0,0,0,0,0,0,0,0,0
ubt,bintrie,5,4,storage_sload_k10,15,,9024,86864,2,0.7135,3.5376,5.4633,5.3166,15.2129,5.7099,11,0,0,0,3,0,0,0,1,157,5,6,45.45,0,0,0,0,0,0,0,0
ubt,bintrie,5,4,storage_sload_k10,15,,9025,15900152,1,267.0208,24.3846,3.2023,0.8406,295.9932,53.718,17,702,11,437,2,0,0,0,0,0,4,13,23.53,73,629,10.4,11,0,100,437,0
ubt,bintrie,5,4,storage_sload_k10,15,,9026,21000,1,0.0742,4.9627,13.7579,0.9416,19.9346,1.0534,6,0,0,0,2,0,0,0,0,0,2,4,33.33,0,0,0,0,0,0,0,0
ubt,bintrie,5,4,storage_sload_k10,15,,9027,0,0,0.0221,3.5035,0.0015,0.1333,3.8202,0,4,0,0,0,0,0,0,0,0,0,0,4,0,0,0,0,0,0,0,0,0
ubt,bintrie,5,4,storage_sload_k10,16,,9028,0,0,0.0514,19.5701,0.0029,0.2464,20.1226,0,4,0,0,0,0,0,0,0,0,0,0,4,0,0,0,0,0,0,0,0,0
ubt,bintrie,5,4,storage_sload_k10,16,,9029,0,0,0.0456,16.3169,0.0023,0.251,16.8119,0,4,0,0,0,0,0,0,0,0,0,0,4,0,0,0,0,0,0,0,0,0
ubt,bintrie,5,4,storage_sload_k10,16,,9030,0,0,0.0457,28.4799,0.0031,0.2055,28.9169,0,4,0,0,0,0,0,0,0,0,0,0,4,0,0,0,0,0,0,0,0,0
ubt,bintrie,5,4,storage_sload_k10,16,,9031,0,0,0.0289,28.1463,0.0027,0.1597,28.5599,0,4,0,0,0,0,0,0,0,0,0,0,4,0,0,0,0,0,0,0,0,0
ubt,bintrie,5,4,storage_sload_k10,16,,9032,86864,2,0.1109,25.5038,16.0777,4.6817,46.6418,1.8624,11,0,0,0,3,0,0,0,1,157,5,6,45.45,0,0,0,0,0,0,0,0
ubt,bintrie,5,4,storage_sload_k10,16,,9033,15900152,1,271.4472,24.3116,4.0697,1.3026,301.7856,52.6869,17,702,11,437,2,0,0,0,0,0,1,16,5.88,33,669,4.7,11,0,100,437,0
ubt,bintrie,5,4,storage_sload_k10,16,,9034,21000,1,0.0712,8.5592,30.7345,0.6167,40.1998,0.5224,6,0,0,0,2,0,0,0,0,0,2,4,33.33,0,0,0,0,0,0,0,0
ubt,bintrie,5,4,storage_sload_k10,17,,9035,0,0,0.0627,43.0126,0.0026,0.1774,43.5331,0,4,0,0,0,0,0,0,0,0,0,0,4,0,0,0,0,0,0,0,0,0
ubt,bintrie,5,4,storage_sload_k10,17,,9036,0,0,0.0369,0.6535,0.0019,0.1399,1.0273,0,4,0,0,0,0,0,0,0,0,0,0,4,0,0,0,0,0,0,0,0,0
ubt,bintrie,5,4,storage_sload_k10,17,,9037,0,0,0.0469,22.3529,0.0021,0.135,22.76,0,4,0,0,0,0,0,0,0,0,0,0,4,0,0,0,0,0,0,0,0,0
ubt,bintrie,5,4,storage_sload_k10,17,,9038,0,0,0.0505,33.4416,0.0033,0.2943,34.0104,0,4,0,0,0,0,0,0,0,0,0,0,4,0,0,0,0,0,0,0,0,0
ubt,bintrie,5,4,storage_sload_k10,17,,9039,86864,2,0.1176,3.2117,24.6623,5.7934,33.9896,2.5556,11,0,0,0,3,0,0,0,1,157,6,5,54.55,0,0,0,0,0,0,0,0
ubt,bintrie,5,4,storage_sload_k10,17,,9040,15900152,1,360.4505,28.5141,2.7882,0.9286,393.2113,40.4367,17,702,11,437,2,0,0,0,0,0,10,7,58.82,513,189,73.08,11,0,100,437,0
ubt,bintrie,5,4,storage_sload_k10,17,,9041,21000,1,0.0901,3.8648,31.3618,0.6251,36.1583,0.5808,6,0,0,0,2,0,0,0,0,0,2,4,33.33,0,0,0,0,0,0,0,0
ubt,bintrie,5,4,storage_sload_k10,18,,9043,0,0,0.0616,16.6246,0.0021,0.1756,17.1539,0,4,0,0,0,0,0,0,0,0,0,0,4,0,0,0,0,0,0,0,0,0
ubt,bintrie,5,4,storage_sload_k10,18,,9044,0,0,0.0452,16.7694,0.0098,0.4331,17.4523,0,4,0,0,0,0,0,0,0,0,0,0,4,0,0,0,0,0,0,0,0,0
ubt,bintrie,5,4,storage_sload_k10,18,,9045,0,0,0.0357,31.6007,0.0034,0.4018,32.2304,0,4,0,0,0,0,0,0,0,0,0,0,4,0,0,0,0,0,0,0,0,0
ubt,bintrie,5,4,storage_sload_k10,18,,9046,0,0,0.0378,21.0711,0.0026,0.1682,21.455,0,4,0,0,0,0,0,0,0,0,0,0,4,0,0,0,0,0,0,0,0,0
ubt,bintrie,5,4,storage_sload_k10,18,,9047,86864,2,0.0856,1.3347,22.7674,5.8259,30.5311,2.8451,11,0,0,0,3,0,0,0,1,157,6,5,54.55,0,0,0,0,0,0,0,0
ubt,bintrie,5,4,storage_sload_k10,18,,9048,15900152,1,283.7429,6.3416,3.2261,0.873,294.3547,54.017,17,702,11,437,2,0,0,0,0,0,11,6,64.71,570,132,81.2,11,0,100,437,0
ubt,bintrie,5,4,storage_sload_k10,18,,9049,21000,1,0.0728,7.1629,27.8933,0.5961,35.9224,0.5846,6,0,0,0,2,0,0,0,0,0,2,4,33.33,0,0,0,0,0,0,0,0
ubt,bintrie,5,4,storage_sload_k10,18,,9050,0,0,0.0479,37.2303,0.0033,0.2402,37.7189,0,4,0,0,0,0,0,0,0,0,0,0,4,0,0,0,0,0,0,0,0,0
ubt,bintrie,5,4,storage_sload_k10,19,,9051,0,0,0.054,14.3196,0.0027,0.1457,14.7401,0,4,0,0,0,0,0,0,0,0,0,0,4,0,0,0,0,0,0,0,0,0
ubt,bintrie,5,4,storage_sload_k10,19,,9052,0,0,0.0735,0.8049,0.0028,0.2159,1.3553,0,4,0,0,0,0,0,0,0,0,0,0,4,0,0,0,0,0,0,0,0,0
ubt,bintrie,5,4,storage_sload_k10,19,,9053,0,0,0.0401,0.7378,0.0019,0.3994,1.7037,0,4,0,0,0,0,0,0,0,0,0,0,4,0,0,0,0,0,0,0,0,0
ubt,bintrie,5,4,storage_sload_k10,19,,9054,0,0,0.0393,27.0597,0.0038,0.703,28.0411,0,4,0,0,0,0,0,0,0,0,0,0,4,0,0,0,0,0,0,0,0,0
ubt,bintrie,5,4,storage_sload_k10,19,,9055,86864,2,0.1064,3.0766,22.9518,14.4665,40.7573,2.1313,11,0,0,0,3,0,0,0,1,157,6,5,54.55,0,0,0,0,0,0,0,0
ubt,bintrie,5,4,storage_sload_k10,19,,9056,15900152,1,271.8539,10.1769,2.8574,1.245,286.4038,55.5166,17,702,11,437,2,0,0,0,0,0,5,12,29.41,79,623,11.25,11,0,100,437,0
ubt,bintrie,5,4,storage_sload_k10,19,,9057,21000,1,0.1248,2.4809,6.1972,0.7904,9.7665,2.1502,6,0,0,0,2,0,0,0,0,0,0,6,0,0,0,0,0,0,0,0,0
ubt,bintrie,5,4,storage_sload_k10,1,,8915,0,0,0.0466,14.2763,0.0028,0.1782,14.6839,0,4,0,0,0,0,0,0,0,0,0,0,4,0,0,0,0,0,0,0,0,0
ubt,bintrie,5,4,storage_sload_k10,1,,8916,0,0,0.0438,11.6055,0.0026,0.1095,11.9552,0,4,0,0,0,0,0,0,0,0,0,0,4,0,0,0,0,0,0,0,0,0
ubt,bintrie,5,4,storage_sload_k10,1,,8917,0,0,0.024,2.5695,0.0017,0.1482,2.9162,0,4,0,0,0,0,0,0,0,0,0,0,4,0,0,0,0,0,0,0,0,0
ubt,bintrie,5,4,storage_sload_k10,1,,8918,0,0,0.044,45.235,0.0032,0.1768,45.6656,0,4,0,0,0,0,0,0,0,0,0,0,4,0,0,0,0,0,0,0,0,0
ubt,bintrie,5,4,storage_sload_k10,1,,8919,86864,2,0.1854,0.8728,0.5418,4.5962,16.2127,5.3578,11,0,0,0,3,0,0,0,1,157,5,6,45.45,0,0,0,0,0,0,0,0
ubt,bintrie,5,4,storage_sload_k10,1,,8920,15900152,1,271.8414,9.4378,39.7098,0.8707,323.1483,49.2039,17,702,11,437,2,0,0,0,0,0,5,12,29.41,189,513,26.92,11,0,100,437,0
ubt,bintrie,5,4,storage_sload_k10,1,,8921,21000,1,0.0657,7.5478,27.7091,0.8097,36.3293,0.578,6,0,0,0,2,0,0,0,0,0,2,4,33.33,0,0,0,0,0,0,0,0
ubt,bintrie,5,4,storage_sload_k10,20,,9058,0,0,0.1212,17.3297,0.0023,0.1563,42.1005,0,4,0,0,0,0,0,0,0,0,0,0,4,0,0,0,0,0,0,0,0,0
ubt,bintrie,5,4,storage_sload_k10,20,,9059,0,0,0.035,0.6612,0.0031,6.1299,7.1066,0,4,0,0,0,0,0,0,0,0,0,0,4,0,0,0,0,0,0,0,0,0
ubt,bintrie,5,4,storage_sload_k10,20,,9060,0,0,0.4709,6.8675,0.0017,0.1453,10.2349,0,4,0,0,0,0,0,0,0,0,0,0,4,0,0,0,0,0,0,0,0,0
ubt,bintrie,5,4,storage_sload_k10,20,,9061,0,0,0.0713,38.5697,0.0034,0.1774,39.0102,0,4,0,0,0,0,0,0,0,0,0,0,4,0,0,0,0,0,0,0,0,0
ubt,bintrie,5,4,storage_sload_k10,20,,9062,86864,2,0.1015,14.4693,1.1905,7.679,23.6403,3.6744,11,0,0,0,3,0,0,0,1,157,5,6,45.45,0,0,0,0,0,0,0,0
ubt,bintrie,5,4,storage_sload_k10,20,,9063,15900152,1,308.1111,16.2256,7.1834,1.2036,333.2656,47.7101,17,702,11,437,2,0,0,0,0,0,12,5,70.59,535,167,76.21,11,0,100,437,0
ubt,bintrie,5,4,storage_sload_k10,20,,9064,21000,1,0.064,3.4803,25.2798,0.8608,29.8718,0.703,6,0,0,0,2,0,0,0,0,0,2,4,33.33,0,0,0,0,0,0,0,0
ubt,bintrie,5,4,storage_sload_k10,2,,8923,0,0,0.0579,44.72,0.0036,0.4002,45.3674,0,4,0,0,0,0,0,0,0,0,0,0,4,0,0,0,0,0,0,0,0,0
ubt,bintrie,5,4,storage_sload_k10,2,,8924,0,0,0.0476,3.1208,0.0021,0.1117,4.3776,0,4,0,0,0,0,0,0,0,0,0,0,4,0,0,0,0,0,0,0,0,0
ubt,bintrie,5,4,storage_sload_k10,2,,8925,0,0,0.0388,42.1327,0.0032,0.1538,42.5116,0,4,0,0,0,0,0,0,0,0,0,0,4,0,0,0,0,0,0,0,0,0
ubt,bintrie,5,4,storage_sload_k10,2,,8926,0,0,0.0683,34.8603,0.0034,0.163,35.3722,0,4,0,0,0,0,0,0,0,0,0,0,4,0,0,0,0,0,0,0,0,0
ubt,bintrie,5,4,storage_sload_k10,2,,8927,86864,2,0.1449,22.5811,14.2592,5.4795,42.6749,2.0355,11,0,0,0,3,0,0,0,1,157,5,6,45.45,0,0,0,0,0,0,0,0
ubt,bintrie,5,4,storage_sload_k10,2,,8928,15900152,1,272.5497,16.8806,35.3953,0.8054,326.4437,48.7072,17,702,11,437,2,0,0,0,0,0,1,16,5.88,0,702,0,11,0,100,437,0
ubt,bintrie,5,4,storage_sload_k10,2,,8929,21000,1,0.506,31.6062,2.6536,0.6987,35.7324,0.5877,6,0,0,0,2,0,0,0,0,0,2,4,33.33,0,0,0,0,0,0,0,0
ubt,bintrie,5,4,storage_sload_k10,3,,8930,0,0,0.08,33.5679,0.0021,0.1469,34.047,0,4,0,0,0,0,0,0,0,0,0,0,4,0,0,0,0,0,0,0,0,0
ubt,bintrie,5,4,storage_sload_k10,3,,8931,0,0,0.0326,16.0488,0.0021,1.4815,18.2554,0,4,0,0,0,0,0,0,0,0,0,0,4,0,0,0,0,0,0,0,0,0
ubt,bintrie,5,4,storage_sload_k10,3,,8932,0,0,0.0305,36.5158,0.0032,0.3197,38.8841,0,4,0,0,0,0,0,0,0,0,0,0,4,0,0,0,0,0,0,0,0,0
ubt,bintrie,5,4,storage_sload_k10,3,,8933,0,0,0.0461,24.375,0.0031,0.1991,24.8155,0,4,0,0,0,0,0,0,0,0,0,0,4,0,0,0,0,0,0,0,0,0
ubt,bintrie,5,4,storage_sload_k10,3,,8934,86864,2,0.2491,1.5047,0.8302,8.0466,11.1533,7.7882,11,0,0,0,3,0,0,0,1,157,6,5,54.55,0,0,0,0,0,0,0,0
ubt,bintrie,5,4,storage_sload_k10,3,,8935,15900152,1,306.2633,8.0857,44.2265,0.7494,359.9676,44.1711,17,702,11,437,2,0,0,0,0,0,3,14,17.65,3,699,0.43,11,0,100,437,0
ubt,bintrie,5,4,storage_sload_k10,3,,8936,21000,1,0.0545,2.5269,3.2004,0.7964,6.7404,3.1156,6,0,0,0,2,0,0,0,0,0,2,4,33.33,0,0,0,0,0,0,0,0
ubt,bintrie,5,4,storage_sload_k10,3,,8937,0,0,0.0293,9.2952,0.0029,0.1757,9.6964,0,4,0,0,0,0,0,0,0,0,0,0,4,0,0,0,0,0,0,0,0,0
ubt,bintrie,5,4,storage_sload_k10,4,,8938,0,0,0.0522,42.0594,0.0028,0.2696,42.635,0,4,0,0,0,0,0,0,0,0,0,0,4,0,0,0,0,0,0,0,0,0
ubt,bintrie,5,4,storage_sload_k10,4,,8939,0,0,0.0369,13.463,0.0025,0.2026,13.8854,0,4,0,0,0,0,0,0,0,0,0,0,4,0,0,0,0,0,0,0,0,0
ubt,bintrie,5,4,storage_sload_k10,4,,8940,0,0,0.0365,2.9403,0.0024,0.1904,3.3537,0,4,0,0,0,0,0,0,0,0,0,0,4,0,0,0,0,0,0,0,0,0
ubt,bintrie,5,4,storage_sload_k10,4,,8941,0,0,0.0637,23.1847,0.0037,0.1935,23.6657,0,4,0,0,0,0,0,0,0,0,0,0,4,0,0,0,0,0,0,0,0,0
ubt,bintrie,5,4,storage_sload_k10,4,,8942,86864,2,0.0912,0.5858,16.9583,16.2522,35.6133,2.4391,11,0,0,0,3,0,0,0,1,157,5,6,45.45,0,0,0,0,0,0,0,0
ubt,bintrie,5,4,storage_sload_k10,4,,8943,15900152,1,269.5365,58.5329,2.8359,1.1841,332.4082,47.8332,17,702,11,437,2,0,0,0,0,0,5,12,29.41,29,673,4.13,11,0,100,437,0
ubt,bintrie,5,4,storage_sload_k10,4,,8944,21000,1,0.066,9.2041,12.5012,1.9839,23.9801,0.8757,6,0,0,0,2,0,0,0,0,0,2,4,33.33,0,0,0,0,0,0,0,0
ubt,bintrie,5,4,storage_sload_k10,5,,8946,0,0,9.666,15.4592,0.0025,0.212,43.3506,0,4,0,0,0,0,0,0,0,0,0,0,4,0,0,0,0,0,0,0,0,0
ubt,bintrie,5,4,storage_sload_k10,5,,8947,0,0,0.2579,13.7923,0.0027,0.5381,15.2072,0,4,0,0,0,0,0,0,0,0,0,0,4,0,0,0,0,0,0,0,0,0
ubt,bintrie,5,4,storage_sload_k10,5,,8948,0,0,0.0462,24.7629,0.0027,0.164,26.1598,0,4,0,0,0,0,0,0,0,0,0,0,4,0,0,0,0,0,0,0,0,0
ubt,bintrie,5,4,storage_sload_k10,5,,8949,0,0,0.0423,26.2928,0.0025,0.1147,26.6457,0,4,0,0,0,0,0,0,0,0,0,0,4,0,0,0,0,0,0,0,0,0
ubt,bintrie,5,4,storage_sload_k10,5,,8950,86864,2,0.5412,21.74,8.3622,5.2424,36.0686,2.4083,11,0,0,0,3,0,0,0,1,157,5,6,45.45,0,0,0,0,0,0,0,0
ubt,bintrie,5,4,storage_sload_k10,5,,8951,15900152,1,264.4133,32.2376,33.6701,0.7339,357.5464,44.4702,17,702,11,437,2,0,0,0,0,0,6,11,35.29,343,359,48.86,11,0,100,437,0
ubt,bintrie,5,4,storage_sload_k10,5,,8952,21000,1,0.0539,3.507,29.4641,0.7525,33.9746,0.6181,6,0,0,0,2,0,0,0,0,0,2,4,33.33,0,0,0,0,0,0,0,0
ubt,bintrie,5,4,storage_sload_k10,6,,8953,0,0,0.0535,47.6093,0.0028,0.2506,48.1443,0,4,0,0,0,0,0,0,0,0,0,0,4,0,0,0,0,0,0,0,0,0
ubt,bintrie,5,4,storage_sload_k10,6,,8954,0,0,0.0383,15.4992,0.0026,0.2235,15.9261,0,4,0,0,0,0,0,0,0,0,0,0,4,0,0,0,0,0,0,0,0,0
ubt,bintrie,5,4,storage_sload_k10,6,,8955,0,0,0.0493,16.0117,0.0027,0.2379,16.613,0,4,0,0,0,0,0,0,0,0,0,0,4,0,0,0,0,0,0,0,0,0
ubt,bintrie,5,4,storage_sload_k10,6,,8956,0,0,0.0358,8.5873,0.0029,0.1552,8.9509,0,4,0,0,0,0,0,0,0,0,0,0,4,0,0,0,0,0,0,0,0,0
ubt,bintrie,5,4,storage_sload_k10,6,,8957,86864,2,0.1219,2.8588,3.3189,5.2561,11.7441,7.3964,11,0,0,0,3,0,0,0,1,157,5,6,45.45,0,0,0,0,0,0,0,0
ubt,bintrie,5,4,storage_sload_k10,6,,8958,15900152,1,275.0259,14.9163,3.1607,0.9465,294.7384,53.9467,17,702,11,437,2,0,0,0,0,0,4,13,23.53,53,649,7.55,11,0,100,437,0
ubt,bintrie,5,4,storage_sload_k10,6,,8959,21000,1,0.0612,7.1537,13.8377,0.8525,22.0882,0.9507,6,0,0,0,2,0,0,0,0,0,2,4,33.33,0,0,0,0,0,0,0,0
ubt,bintrie,5,4,storage_sload_k10,6,,8960,0,0,0.03,11.3875,0.0026,0.2002,11.7688,0,4,0,0,0,0,0,0,0,0,0,0,4,0,0,0,0,0,0,0,0,0
ubt,bintrie,5,4,storage_sload_k10,7,,8961,0,0,0.0627,46.215,0.003,0.2658,46.8325,0,4,0,0,0,0,0,0,0,0,0,0,4,0,0,0,0,0,0,0,0,0
ubt,bintrie,5,4,storage_sload_k10,7,,8962,0,0,0.0676,3.0027,0.0022,0.1277,3.4549,0,4,0,0,0,0,0,0,0,0,0,0,4,0,0,0,0,0,0,0,0,0
ubt,bintrie,5,4,storage_sload_k10,7,,8963,0,0,0.0351,2.8032,0.0021,0.1597,3.3893,0,4,0,0,0,0,0,0,0,0,0,0,4,0,0,0,0,0,0,0,0,0
ubt,bintrie,5,4,storage_sload_k10,7,,8964,0,0,0.0361,42.3007,0.0033,0.1511,42.7053,0,4,0,0,0,0,0,0,0,0,0,0,4,0,0,0,0,0,0,0,0,0
ubt,bintrie,5,4,storage_sload_k10,7,,8965,86864,2,0.1057,0.5931,14.4826,27.8105,43.1469,2.0132,11,0,0,0,3,0,0,0,1,157,5,6,45.45,0,0,0,0,0,0,0,0
ubt,bintrie,5,4,storage_sload_k10,7,,8966,15900152,1,265.1167,25.9805,36.4959,1.5498,329.9543,48.189,17,702,11,437,2,0,0,0,0,0,2,15,11.76,52,650,7.41,11,0,100,437,0
ubt,bintrie,5,4,storage_sload_k10,7,,8967,21000,1,0.052,12.4302,30.7394,0.756,44.1826,0.4753,6,0,0,0,2,0,0,0,0,0,2,4,33.33,0,0,0,0,0,0,0,0
ubt,bintrie,5,4,storage_sload_k10,8,,8968,0,0,0.0575,3.815,0.0018,0.3183,4.4652,0,4,0,0,0,0,0,0,0,0,0,0,4,0,0,0,0,0,0,0,0,0
ubt,bintrie,5,4,storage_sload_k10,8,,8969,0,0,0.0508,11.439,0.0027,8.1855,31.885,0,4,0,0,0,0,0,0,0,0,0,0,4,0,0,0,0,0,0,0,0,0
ubt,bintrie,5,4,storage_sload_k10,8,,8970,0,0,0.0383,3.3305,0.0031,0.1139,3.7258,0,4,0,0,0,0,0,0,0,0,0,0,4,0,0,0,0,0,0,0,0,0
ubt,bintrie,5,4,storage_sload_k10,8,,8971,0,0,0.0508,14.8537,0.0027,0.1101,15.245,0,4,0,0,0,0,0,0,0,0,0,0,4,0,0,0,0,0,0,0,0,0
ubt,bintrie,5,4,storage_sload_k10,8,,8972,86864,2,0.1558,19.6168,9.9842,4.7455,34.6997,2.5033,11,0,0,0,3,0,0,0,1,157,5,6,45.45,0,0,0,0,0,0,0,0
ubt,bintrie,5,4,storage_sload_k10,8,,8973,15900152,1,277.5462,24.4686,3.8911,1.2879,308.5188,51.5371,17,702,11,437,2,0,0,0,0,0,5,12,29.41,160,542,22.79,11,0,100,437,0
ubt,bintrie,5,4,storage_sload_k10,8,,8974,21000,1,0.0723,8.6192,31.8856,0.6739,41.4757,0.5063,6,0,0,0,2,0,0,0,0,0,2,4,33.33,0,0,0,0,0,0,0,0
ubt,bintrie,5,4,storage_sload_k10,9,,8975,0,0,0.0659,39.9902,0.003,0.188,40.6713,0,4,0,0,0,0,0,0,0,0,0,0,4,0,0,0,0,0,0,0,0,0
ubt,bintrie,5,4,storage_sload_k10,9,,8976,0,0,0.0289,31.2542,0.0038,0.1353,31.6007,0,4,0,0,0,0,0,0,0,0,0,0,4,0,0,0,0,0,0,0,0,0
ubt,bintrie,5,4,storage_sload_k10,9,,8977,0,0,0.0285,7.1624,0.0015,0.1579,7.5538,0,4,0,0,0,0,0,0,0,0,0,0,4,0,0,0,0,0,0,0,0,0
ubt,bintrie,5,4,storage_sload_k10,9,,8978,0,0,0.0423,18.8224,0.0026,0.1543,19.2545,0,4,0,0,0,0,0,0,0,0,0,0,4,0,0,0,0,0,0,0,0,0
ubt,bintrie,5,4,storage_sload_k10,9,,8979,86864,2,0.3848,0.9778,0.7066,5.3398,7.9646,10.9063,11,0,0,0,3,0,0,0,1,157,4,7,36.36,0,0,0,0,0,0,0,0
ubt,bintrie,5,4,storage_sload_k10,9,,8980,15900152,1,261.89,9.9961,22.4146,1.1752,300.2887,52.9496,17,702,11,437,2,0,0,0,0,0,1,16,5.88,105,597,14.96,11,0,100,437,0
ubt,bintrie,5,4,storage_sload_k10,9,,8981,21000,1,0.0658,2.5853,4.1995,0.8271,7.8486,2.6757,6,0,0,0,2,0,0,0,0,0,2,4,33.33,0,0,0,0,0,0,0,0
ubt,bintrie,5,4,storage_sload_k10,9,,8982,0,0,0.0275,7.6825,0.0028,0.1438,8.0287,0,4,0,0,0,0,0,0,0,0,0,0,4,0,0,0,0,0,0,0,0,0
ubt,bintrie,5,4,storage_sload_k100,10,,9135,0,0,0.0619,12.0968,0.0019,0.2637,12.6994,0,4,0,0,0,0,0,0,0,0,0,0,4,0,0,0,0,0,0,0,0,0
ubt,bintrie,5,4,storage_sload_k100,10,,9136,0,0,0.0301,0.8381,0.0018,0.2042,2.9145,0,4,0,0,0,0,0,0,0,0,0,0,4,0,0,0,0,0,0,0,0,0
ubt,bintrie,5,4,storage_sload_k100,10,,9137,0,0,0.0857,17.3595,0.002,0.0933,18.9471,0,4,0,0,0,0,0,0,0,0,0,0,4,0,0,0,0,0,0,0,0,0
ubt,bintrie,5,4,storage_sload_k100,10,,9138,0,0,0.0478,28.7845,0.0031,0.2147,29.3033,0,4,0,0,0,0,0,0,0,0,0,0,4,0,0,0,0,0,0,0,0,0
ubt,bintrie,5,4,storage_sload_k100,10,,9139,86864,2,0.0918,21.2045,4.6021,5.622,31.7331,2.7373,11,0,0,0,3,0,0,0,1,157,6,5,54.55,0,0,0,0,0,0,0,0
ubt,bintrie,5,4,storage_sload_k100,10,,9140,15900217,1,254.9974,38.1008,2.9058,1.1316,298.337,53.2962,107,702,101,2957,2,0,0,0,0,0,15,92,14.02,71,631,10.11,101,0,100,2957,0
ubt,bintrie,5,4,storage_sload_k100,10,,9141,0,0,0.0385,28.4506,0.0029,0.1671,28.8637,0,4,0,0,0,0,0,0,0,0,0,0,4,0,0,0,0,0,0,0,0,0
ubt,bintrie,5,4,storage_sload_k100,10,,9142,21000,1,0.2057,2.771,3.55,0.6275,13.2277,1.5876,6,0,0,0,2,0,0,0,0,0,0,6,0,0,0,0,0,0,0,0,0
ubt,bintrie,5,4,storage_sload_k100,10,,9143,0,0,0.0312,2.5419,0.0019,0.1282,2.8661,0,4,0,0,0,0,0,0,0,0,0,0,4,0,0,0,0,0,0,0,0,0
ubt,bintrie,5,4,storage_sload_k100,11,,9144,0,0,0.0694,30.3157,0.0026,0.2081,30.8514,0,4,0,0,0,0,0,0,0,0,0,0,4,0,0,0,0,0,0,0,0,0
ubt,bintrie,5,4,storage_sload_k100,11,,9145,0,0,0.0433,5.608,0.0023,0.1136,5.9924,0,4,0,0,0,0,0,0,0,0,0,0,4,0,0,0,0,0,0,0,0,0
ubt,bintrie,5,4,storage_sload_k100,11,,9146,0,0,0.1089,2.8812,0.0018,0.1168,3.263,0,4,0,0,0,0,0,0,0,0,0,0,4,0,0,0,0,0,0,0,0,0
ubt,bintrie,5,4,storage_sload_k100,11,,9147,0,0,0.0542,19.1259,0.0028,0.1406,19.5443,0,4,0,0,0,0,0,0,0,0,0,0,4,0,0,0,0,0,0,0,0,0
ubt,bintrie,5,4,storage_sload_k100,11,,9148,86864,2,0.1403,0.947,19.1699,7.1733,28.0311,3.0988,11,0,0,0,3,0,0,0,1,157,4,7,36.36,0,0,0,0,0,0,0,0
ubt,bintrie,5,4,storage_sload_k100,11,,9149,15900217,1,273.1089,23.9691,2.8716,1.1629,301.7277,52.6972,107,702,101,2957,2,0,0,0,0,0,42,65,39.25,251,451,35.75,101,0,100,2957,0
ubt,bintrie,5,4,storage_sload_k100,11,,9150,21000,1,0.0622,3.5249,31.8879,0.5635,36.2087,0.58,6,0,0,0,2,0,0,0,0,0,2,4,33.33,0,0,0,0,0,0,0,0
ubt,bintrie,5,4,storage_sload_k100,11,,9151,0,0,0.0332,13.2819,0.0026,0.1547,13.7012,0,4,0,0,0,0,0,0,0,0,0,0,4,0,0,0,0,0,0,0,0,0
ubt,bintrie,5,4,storage_sload_k100,12,,9152,0,0,0.076,44.172,0.0027,0.1899,44.7348,0,4,0,0,0,0,0,0,0,0,0,0,4,0,0,0,0,0,0,0,0,0
ubt,bintrie,5,4,storage_sload_k100,12,,9153,0,0,0.0373,0.6255,0.0015,0.1463,0.9912,0,4,0,0,0,0,0,0,0,0,0,0,4,0,0,0,0,0,0,0,0,0
ubt,bintrie,5,4,storage_sload_k100,12,,9154,0,0,0.041,15.8989,0.002,0.1363,16.3175,0,4,0,0,0,0,0,0,0,0,0,0,4,0,0,0,0,0,0,0,0,0
ubt,bintrie,5,4,storage_sload_k100,12,,9155,0,0,0.0424,34.7848,0.0031,0.5456,35.6674,0,4,0,0,0,0,0,0,0,0,0,0,4,0,0,0,0,0,0,0,0,0
ubt,bintrie,5,4,storage_sload_k100,12,,9156,86864,2,5.5864,1.1581,6.8375,4.9651,18.8816,4.6005,11,0,0,0,3,0,0,0,1,157,6,5,54.55,0,0,0,0,0,0,0,0
ubt,bintrie,5,4,storage_sload_k100,12,,9157,15900217,1,261.5171,10.4565,31.9731,0.6872,307.585,51.6937,107,702,101,2957,2,0,0,0,0,0,10,97,9.35,57,645,8.12,101,0,100,2957,0
ubt,bintrie,5,4,storage_sload_k100,12,,9158,21000,1,0.0669,2.4147,7.9093,0.8494,11.371,1.8468,6,0,0,0,2,0,0,0,0,0,2,4,33.33,0,0,0,0,0,0,0,0
ubt,bintrie,5,4,storage_sload_k100,12,,9159,0,0,0.0247,2.9696,0.0014,0.1139,3.2837,0,4,0,0,0,0,0,0,0,0,0,0,4,0,0,0,0,0,0,0,0,0
ubt,bintrie,5,4,storage_sload_k100,13,,9160,0,0,0.0573,0.7211,0.0014,0.2565,1.2454,0,4,0,0,0,0,0,0,0,0,0,0,4,0,0,0,0,0,0,0,0,0
ubt,bintrie,5,4,storage_sload_k100,13,,9161,0,0,0.0394,23.5468,0.0027,0.1672,23.9782,0,4,0,0,0,0,0,0,0,0,0,0,4,0,0,0,0,0,0,0,0,0
ubt,bintrie,5,4,storage_sload_k100,13,,9162,0,0,0.0506,31.8005,0.003,0.1559,32.2362,0,4,0,0,0,0,0,0,0,0,0,0,4,0,0,0,0,0,0,0,0,0
ubt,bintrie,5,4,storage_sload_k100,13,,9163,0,0,0.0482,43.3051,0.0032,0.1841,43.8574,0,4,0,0,0,0,0,0,0,0,0,0,4,0,0,0,0,0,0,0,0,0
ubt,bintrie,5,4,storage_sload_k100,13,,9164,86864,2,0.1081,3.0214,21.0916,7.1644,31.6184,2.7473,11,0,0,0,3,0,0,0,1,157,6,5,54.55,0,0,0,0,0,0,0,0
ubt,bintrie,5,4,storage_sload_k100,13,,9165,15900217,1,273.4528,16.4803,3.0366,0.9069,294.1924,54.047,107,702,101,2957,2,0,0,0,0,0,11,96,10.28,65,637,9.26,101,0,100,2957,0
ubt,bintrie,5,4,storage_sload_k100,13,,9166,21000,1,0.0734,3.9144,3.0259,0.7309,7.9172,2.6524,6,0,0,0,2,0,0,0,0,0,2,4,33.33,0,0,0,0,0,0,0,0
ubt,bintrie,5,4,storage_sload_k100,14,,9168,0,0,0.1359,24.8692,0.0024,0.2511,25.644,0,4,0,0,0,0,0,0,0,0,0,0,4,0,0,0,0,0,0,0,0,0
ubt,bintrie,5,4,storage_sload_k100,14,,9169,0,0,0.044,20.1583,0.0021,0.7133,21.2174,0,4,0,0,0,0,0,0,0,0,0,0,4,0,0,0,0,0,0,0,0,0
ubt,bintrie,5,4,storage_sload_k100,14,,9170,0,0,0.027,0.6134,0.0021,0.1496,6.9387,0,4,0,0,0,0,0,0,0,0,0,0,4,0,0,0,0,0,0,0,0,0
ubt,bintrie,5,4,storage_sload_k100,14,,9171,0,0,0.0378,5.6255,0.0015,0.1729,6.0238,0,4,0,0,0,0,0,0,0,0,0,0,4,0,0,0,0,0,0,0,0,0
ubt,bintrie,5,4,storage_sload_k100,14,,9172,86864,2,0.1424,25.852,47.0164,4.7227,77.9031,1.115,11,0,0,0,3,0,0,0,1,157,4,7,36.36,0,0,0,0,0,0,0,0
ubt,bintrie,5,4,storage_sload_k100,14,,9173,15900217,1,247.4089,20.9365,35.7278,0.6647,305.4726,52.0512,107,702,101,2957,2,0,0,0,0,0,16,91,14.95,101,601,14.39,101,0,100,2957,0
ubt,bintrie,5,4,storage_sload_k100,14,,9174,21000,1,0.0779,7.0141,32.6415,0.6049,40.5219,0.5182,6,0,0,0,2,0,0,0,0,0,2,4,33.33,0,0,0,0,0,0,0,0
ubt,bintrie,5,4,storage_sload_k100,15,,9175,0,0,0.0552,3.8621,0.0018,0.2482,4.3741,0,4,0,0,0,0,0,0,0,0,0,0,4,0,0,0,0,0,0,0,0,0
ubt,bintrie,5,4,storage_sload_k100,15,,9176,0,0,0.0444,19.5157,0.0022,0.1726,19.9477,0,4,0,0,0,0,0,0,0,0,0,0,4,0,0,0,0,0,0,0,0,0
ubt,bintrie,5,4,storage_sload_k100,15,,9177,0,0,0.0339,3.1561,0.0025,1.1137,5.2319,0,4,0,0,0,0,0,0,0,0,0,0,4,0,0,0,0,0,0,0,0,0
ubt,bintrie,5,4,storage_sload_k100,15,,9178,0,0,0.0381,15.6087,0.0022,0.162,16.027,0,4,0,0,0,0,0,0,0,0,0,0,4,0,0,0,0,0,0,0,0,0
ubt,bintrie,5,4,storage_sload_k100,15,,9179,86864,2,0.1066,3.035,13.3689,10.1359,27.7252,3.133,11,0,0,0,3,0,0,0,1,157,7,4,63.64,0,0,0,0,0,0,0,0
ubt,bintrie,5,4,storage_sload_k100,15,,9180,15900217,1,257.6402,21.2007,45.6483,0.7179,327.1751,48.5985,107,702,101,2957,2,0,0,0,0,0,82,25,76.64,551,151,78.49,101,0,100,2957,0
ubt,bintrie,5,4,storage_sload_k100,15,,9181,21000,1,0.0739,7.1643,28.0662,0.5758,36.0763,0.5821,6,0,0,0,2,0,0,0,0,0,2,4,33.33,0,0,0,0,0,0,0,0
ubt,bintrie,5,4,storage_sload_k100,15,,9182,0,0,0.0329,16.5095,0.0036,0.1595,16.878,0,4,0,0,0,0,0,0,0,0,0,0,4,0,0,0,0,0,0,0,0,0
ubt,bintrie,5,4,storage_sload_k100,16,,9183,0,0,0.103,14.0888,0.0021,0.2027,14.6121,0,4,0,0,0,0,0,0,0,0,0,0,4,0,0,0,0,0,0,0,0,0
ubt,bintrie,5,4,storage_sload_k100,16,,9184,0,0,0.0482,9.5035,0.0026,0.1336,9.9174,0,4,0,0,0,0,0,0,0,0,0,0,4,0,0,0,0,0,0,0,0,0
ubt,bintrie,5,4,storage_sload_k100,16,,9185,0,0,0.0988,20.1875,0.0025,0.2804,24.1116,0,4,0,0,0,0,0,0,0,0,0,0,4,0,0,0,0,0,0,0,0,0
ubt,bintrie,5,4,storage_sload_k100,16,,9186,0,0,0.0436,40.8441,0.0039,0.2003,41.3048,0,4,0,0,0,0,0,0,0,0,0,0,4,0,0,0,0,0,0,0,0,0
ubt,bintrie,5,4,storage_sload_k100,16,,9187,86864,2,0.3577,0.9422,0.6992,5.4888,8.0332,10.8131,11,0,0,0,3,0,0,0,1,157,4,7,36.36,0,0,0,0,0,0,0,0
ubt,bintrie,5,4,storage_sload_k100,16,,9188,15900217,1,246.9488,13.8386,40.4466,0.6218,304.2017,52.2687,107,702,101,2957,2,0,0,0,0,0,4,103,3.74,54,648,7.69,101,0,100,2957,0
ubt,bintrie,5,4,storage_sload_k100,16,,9189,21000,1,0.0572,2.4672,2.6955,0.6682,6.0427,3.4753,6,0,0,0,2,0,0,0,0,0,2,4,33.33,0,0,0,0,0,0,0,0
ubt,bintrie,5,4,storage_sload_k100,16,,9190,0,0,0.0406,21.4924,0.0037,0.2176,21.9353,0,4,0,0,0,0,0,0,0,0,0,0,4,0,0,0,0,0,0,0,0,0
ubt,bintrie,5,4,storage_sload_k100,17,,9191,0,0,2.4891,19.4767,0.0028,0.173,33.4987,0,4,0,0,0,0,0,0,0,0,0,0,4,0,0,0,0,0,0,0,0,0
ubt,bintrie,5,4,storage_sload_k100,17,,9192,0,0,0.0353,12.5613,0.0059,0.1682,12.9918,0,4,0,0,0,0,0,0,0,0,0,0,4,0,0,0,0,0,0,0,0,0
ubt,bintrie,5,4,storage_sload_k100,17,,9193,0,0,0.0513,60.9491,0.003,0.2503,62.6299,0,4,0,0,0,0,0,0,0,0,0,0,4,0,0,0,0,0,0,0,0,0
ubt,bintrie,5,4,storage_sload_k100,17,,9194,0,0,0.1493,1.4284,0.0016,0.4663,2.257,0,4,0,0,0,0,0,0,0,0,0,0,4,0,0,0,0,0,0,0,0,0
ubt,bintrie,5,4,storage_sload_k100,17,,9195,86864,2,0.1369,2.7973,23.3681,11.3799,40.312,2.1548,11,0,0,0,3,0,0,0,1,157,6,5,54.55,0,0,0,0,0,0,0,0
ubt,bintrie,5,4,storage_sload_k100,17,,9196,15900217,1,292.388,31.5728,38.8643,0.7087,364.3376,43.6414,107,702,101,2957,2,0,0,0,0,0,1,106,0.93,1,701,0.14,101,0,100,2957,0
ubt,bintrie,5,4,storage_sload_k100,17,,9197,21000,1,0.0541,8.9213,32.0017,0.65,41.801,0.5024,6,0,0,0,2,0,0,0,0,0,2,4,33.33,0,0,0,0,0,0,0,0
ubt,bintrie,5,4,storage_sload_k100,17,,9198,0,0,0.0274,7.8798,0.0021,0.1393,8.2375,0,4,0,0,0,0,0,0,0,0,0,0,4,0,0,0,0,0,0,0,0,0
ubt,bintrie,5,4,storage_sload_k100,18,,9199,0,0,0.0629,32.3682,0.0026,0.1548,39.6957,0,4,0,0,0,0,0,0,0,0,0,0,4,0,0,0,0,0,0,0,0,0
ubt,bintrie,5,4,storage_sload_k100,18,,9200,0,0,0.0404,0.6479,0.0018,6.6506,9.4093,0,4,0,0,0,0,0,0,0,0,0,0,4,0,0,0,0,0,0,0,0,0
ubt,bintrie,5,4,storage_sload_k100,18,,9201,0,0,0.0378,4.1496,0.0025,0.2947,4.7596,0,4,0,0,0,0,0,0,0,0,0,0,4,0,0,0,0,0,0,0,0,0
ubt,bintrie,5,4,storage_sload_k100,18,,9202,0,0,0.0406,13.0324,0.0026,0.1492,13.4591,0,4,0,0,0,0,0,0,0,0,0,0,4,0,0,0,0,0,0,0,0,0
ubt,bintrie,5,4,storage_sload_k100,18,,9203,86864,2,0.1095,15.1285,17.3079,10.0442,42.8095,2.0291,11,0,0,0,3,0,0,0,1,157,6,5,54.55,0,0,0,0,0,0,0,0
ubt,bintrie,5,4,storage_sload_k100,18,,9204,15900217,1,272.7211,23.7158,3.0405,1.0989,300.9349,52.8361,107,702,101,2957,2,0,0,0,0,0,7,100,6.54,44,658,6.27,101,0,100,2957,0
ubt,bintrie,5,4,storage_sload_k100,18,,9205,21000,1,0.1366,2.3941,5.1993,0.7408,13.4908,1.5566,6,0,0,0,2,0,0,0,0,0,0,6,0,0,0,0,0,0,0,0,0
ubt,bintrie,5,4,storage_sload_k100,19,,9206,0,0,0.056,47.3686,0.0023,0.1849,49.1989,0,4,0,0,0,0,0,0,0,0,0,0,4,0,0,0,0,0,0,0,0,0
ubt,bintrie,5,4,storage_sload_k100,19,,9207,0,0,0.0374,0.7218,0.0025,4.4098,5.6072,0,4,0,0,0,0,0,0,0,0,0,0,4,0,0,0,0,0,0,0,0,0
ubt,bintrie,5,4,storage_sload_k100,19,,9208,0,0,0.0426,34.0925,0.0022,0.1024,35.2515,0,4,0,0,0,0,0,0,0,0,0,0,4,0,0,0,0,0,0,0,0,0
ubt,bintrie,5,4,storage_sload_k100,19,,9209,0,0,0.0355,13.9772,0.0025,0.1513,14.3198,0,4,0,0,0,0,0,0,0,0,0,0,4,0,0,0,0,0,0,0,0,0
ubt,bintrie,5,4,storage_sload_k100,19,,9210,86864,2,0.1094,3.4579,20.2847,5.9209,29.9473,2.9006,11,0,0,0,3,0,0,0,1,157,6,5,54.55,0,0,0,0,0,0,0,0
ubt,bintrie,5,4,storage_sload_k100,19,,9211,15900217,1,264.8554,38.0939,28.7718,0.7458,333.0507,47.7411,107,702,101,2957,2,0,0,0,0,0,53,54,49.53,390,312,55.56,101,0,100,2957,0
ubt,bintrie,5,4,storage_sload_k100,19,,9212,21000,1,0.2206,3.3813,2.6837,0.477,6.956,3.019,6,0,0,0,2,0,0,0,0,0,0,6,0,0,0,0,0,0,0,0,0
ubt,bintrie,5,4,storage_sload_k100,1,,9066,0,0,5.1319,6.6059,0.0023,0.2192,12.1741,0,4,0,0,0,0,0,0,0,0,0,0,4,0,0,0,0,0,0,0,0,0
ubt,bintrie,5,4,storage_sload_k100,1,,9067,0,0,0.041,28.4193,0.0028,0.22,28.891,0,4,0,0,0,0,0,0,0,0,0,0,4,0,0,0,0,0,0,0,0,0
ubt,bintrie,5,4,storage_sload_k100,1,,9068,0,0,0.0244,0.8543,0.0021,0.2232,2.2239,0,4,0,0,0,0,0,0,0,0,0,0,4,0,0,0,0,0,0,0,0,0
ubt,bintrie,5,4,storage_sload_k100,1,,9069,0,0,0.0582,27.2693,0.0032,0.193,27.7424,0,4,0,0,0,0,0,0,0,0,0,0,4,0,0,0,0,0,0,0,0,0
ubt,bintrie,5,4,storage_sload_k100,1,,9070,86864,2,0.1358,4.6871,10.9159,5.2825,21.1969,4.098,11,0,0,0,3,0,0,0,1,157,5,6,45.45,0,0,0,0,0,0,0,0
ubt,bintrie,5,4,storage_sload_k100,1,,9071,15900217,1,266.4103,13.2777,4.2138,1.2883,285.469,55.6986,107,702,101,2957,2,0,0,0,0,0,14,93,13.08,74,628,10.54,101,0,100,2957,0
ubt,bintrie,5,4,storage_sload_k100,1,,9072,21000,1,0.0695,7.9795,26.8454,0.7825,35.9351,0.5844,6,0,0,0,2,0,0,0,0,0,2,4,33.33,0,0,0,0,0,0,0,0
ubt,bintrie,5,4,storage_sload_k100,20,,9213,0,0,0.0579,2.3272,0.0019,0.5272,3.1553,0,4,0,0,0,0,0,0,0,0,0,0,4,0,0,0,0,0,0,0,0,0
ubt,bintrie,5,4,storage_sload_k100,20,,9214,0,0,0.0411,19.0693,0.0021,0.1643,19.4553,0,4,0,0,0,0,0,0,0,0,0,0,4,0,0,0,0,0,0,0,0,0
ubt,bintrie,5,4,storage_sload_k100,20,,9215,0,0,0.0473,24.7648,0.0033,0.246,25.2974,0,4,0,0,0,0,0,0,0,0,0,0,4,0,0,0,0,0,0,0,0,0
ubt,bintrie,5,4,storage_sload_k100,20,,9216,0,0,0.0353,0.6614,0.0039,0.1411,1.0813,0,4,0,0,0,0,0,0,0,0,0,0,4,0,0,0,0,0,0,0,0,0
ubt,bintrie,5,4,storage_sload_k100,20,,9217,86864,2,0.1152,4.4347,3.2226,7.6301,15.5732,5.5778,11,0,0,0,3,0,0,0,1,157,6,5,54.55,0,0,0,0,0,0,0,0
ubt,bintrie,5,4,storage_sload_k100,20,,9218,15900217,1,261.0947,22.1911,6.5771,1.04,291.4693,54.5519,107,702,101,2957,2,0,0,0,0,0,10,97,9.35,75,627,10.68,101,0,100,2957,0
ubt,bintrie,5,4,storage_sload_k100,20,,9219,21000,1,0.0853,3.0062,20.6392,0.7931,24.7789,0.8475,6,0,0,0,2,0,0,0,0,0,2,4,33.33,0,0,0,0,0,0,0,0
ubt,bintrie,5,4,storage_sload_k100,2,,9073,0,0,0.0571,32.6201,0.0039,0.2631,33.553,0,4,0,0,0,0,0,0,0,0,0,0,4,0,0,0,0,0,0,0,0,0
ubt,bintrie,5,4,storage_sload_k100,2,,9074,0,0,0.0344,21.5835,0.0023,0.2144,22.009,0,4,0,0,0,0,0,0,0,0,0,0,4,0,0,0,0,0,0,0,0,0
ubt,bintrie,5,4,storage_sload_k100,2,,9075,0,0,0.0336,7.8267,0.0029,0.152,8.1676,0,4,0,0,0,0,0,0,0,0,0,0,4,0,0,0,0,0,0,0,0,0
ubt,bintrie,5,4,storage_sload_k100,2,,9076,0,0,0.0541,31.7953,0.0032,0.184,32.2534,0,4,0,0,0,0,0,0,0,0,0,0,4,0,0,0,0,0,0,0,0,0
ubt,bintrie,5,4,storage_sload_k100,2,,9077,86864,2,0.0965,13.2999,23.905,4.1569,48.6725,1.7847,11,0,0,0,3,0,0,0,1,157,6,5,54.55,0,0,0,0,0,0,0,0
ubt,bintrie,5,4,storage_sload_k100,2,,9078,15900217,1,264.3232,22.1981,28.4275,0.6884,322.052,49.3716,107,702,101,2957,2,0,0,0,0,0,35,72,32.71,236,466,33.62,101,0,100,2957,0
ubt,bintrie,5,4,storage_sload_k100,2,,9079,21000,1,0.0763,23.7724,27.0361,0.7608,51.8845,0.4047,6,0,0,0,2,0,0,0,0,0,2,4,33.33,0,0,0,0,0,0,0,0
ubt,bintrie,5,4,storage_sload_k100,3,,9080,0,0,0.0573,0.8597,0.0027,0.2425,1.5123,0,4,0,0,0,0,0,0,0,0,0,0,4,0,0,0,0,0,0,0,0,0
ubt,bintrie,5,4,storage_sload_k100,3,,9081,0,0,0.0481,19.9147,0.0022,0.2334,20.4117,0,4,0,0,0,0,0,0,0,0,0,0,4,0,0,0,0,0,0,0,0,0
ubt,bintrie,5,4,storage_sload_k100,3,,9082,0,0,0.0331,2.9957,0.0028,0.363,3.7485,0,4,0,0,0,0,0,0,0,0,0,0,4,0,0,0,0,0,0,0,0,0
ubt,bintrie,5,4,storage_sload_k100,3,,9083,0,0,0.0383,21.338,0.0021,0.1149,21.6843,0,4,0,0,0,0,0,0,0,0,0,0,4,0,0,0,0,0,0,0,0,0
ubt,bintrie,5,4,storage_sload_k100,3,,9084,86864,2,0.1436,0.9177,1.7928,8.0809,11.1129,7.8165,11,0,0,0,3,0,0,0,1,157,5,6,45.45,0,0,0,0,0,0,0,0
ubt,bintrie,5,4,storage_sload_k100,3,,9085,15900217,1,261.3873,25.2411,4.4616,1.2513,295.3502,53.8351,107,702,101,2957,2,0,0,0,0,0,31,76,28.97,201,501,28.63,101,0,100,2957,0
ubt,bintrie,5,4,storage_sload_k100,3,,9086,21000,1,0.0545,2.471,3.2507,0.8164,6.7668,3.1034,6,0,0,0,2,0,0,0,0,0,2,4,33.33,0,0,0,0,0,0,0,0
ubt,bintrie,5,4,storage_sload_k100,4,,9087,0,0,0.0542,0.716,0.0016,0.1993,1.2041,0,4,0,0,0,0,0,0,0,0,0,0,4,0,0,0,0,0,0,0,0,0
ubt,bintrie,5,4,storage_sload_k100,4,,9088,0,0,0.0404,20.0284,0.0025,0.1483,20.4062,0,4,0,0,0,0,0,0,0,0,0,0,4,0,0,0,0,0,0,0,0,0
ubt,bintrie,5,4,storage_sload_k100,4,,9089,0,0,0.0515,17.7197,0.0023,0.1293,18.1042,0,4,0,0,0,0,0,0,0,0,0,0,4,0,0,0,0,0,0,0,0,0
ubt,bintrie,5,4,storage_sload_k100,4,,9090,0,0,0.0366,20.828,0.0032,0.1168,21.2037,0,4,0,0,0,0,0,0,0,0,0,0,4,0,0,0,0,0,0,0,0,0
ubt,bintrie,5,4,storage_sload_k100,4,,9091,86864,2,0.15,33.0123,2.4894,5.3965,41.2816,2.1042,11,0,0,0,3,0,0,0,1,157,5,6,45.45,0,0,0,0,0,0,0,0
ubt,bintrie,5,4,storage_sload_k100,4,,9092,15900217,1,269.6375,27.4212,26.9508,0.8377,325.4752,48.8523,107,702,101,2957,2,0,0,0,0,0,16,91,14.95,109,593,15.53,101,0,100,2957,0
ubt,bintrie,5,4,storage_sload_k100,4,,9093,21000,1,0.0582,2.4836,2.8228,0.7466,6.2748,3.3467,6,0,0,0,2,0,0,0,0,0,2,4,33.33,0,0,0,0,0,0,0,0
ubt,bintrie,5,4,storage_sload_k100,5,,9095,0,0,0.0436,17.5043,0.0022,0.1648,17.9143,0,4,0,0,0,0,0,0,0,0,0,0,4,0,0,0,0,0,0,0,0,0
ubt,bintrie,5,4,storage_sload_k100,5,,9096,0,0,0.0422,8.9717,0.0022,0.1418,9.4458,0,4,0,0,0,0,0,0,0,0,0,0,4,0,0,0,0,0,0,0,0,0
ubt,bintrie,5,4,storage_sload_k100,5,,9097,0,0,0.0214,3.0091,0.0023,0.2046,4.247,0,4,0,0,0,0,0,0,0,0,0,0,4,0,0,0,0,0,0,0,0,0
ubt,bintrie,5,4,storage_sload_k100,5,,9098,0,0,0.0467,44.8167,0.0028,0.1642,45.2314,0,4,0,0,0,0,0,0,0,0,0,0,4,0,0,0,0,0,0,0,0,0
ubt,bintrie,5,4,storage_sload_k100,5,,9099,86864,2,0.1408,2.6642,4.2651,4.9561,12.1885,7.1267,11,0,0,0,3,0,0,0,1,157,5,6,45.45,0,0,0,0,0,0,0,0
ubt,bintrie,5,4,storage_sload_k100,5,,9100,15900217,1,287.4708,16.9916,31.301,0.7395,342.7219,46.3939,107,702,101,2957,2,0,0,0,0,0,14,93,13.08,82,620,11.68,101,0,100,2957,0
ubt,bintrie,5,4,storage_sload_k100,5,,9101,21000,1,0.0972,24.1489,15.8996,0.5761,41.0143,0.512,6,0,0,0,2,0,0,0,0,0,2,4,33.33,0,0,0,0,0,0,0,0
ubt,bintrie,5,4,storage_sload_k100,5,,9102,0,0,0.0263,3.284,0.0017,0.1484,3.5913,0,4,0,0,0,0,0,0,0,0,0,0,4,0,0,0,0,0,0,0,0,0
ubt,bintrie,5,4,storage_sload_k100,6,,9103,0,0,0.0535,40.1229,0.0034,0.2043,40.5868,0,4,0,0,0,0,0,0,0,0,0,0,4,0,0,0,0,0,0,0,0,0
ubt,bintrie,5,4,storage_sload_k100,6,,9104,0,0,0.2153,4.7782,0.0024,0.1713,5.468,0,4,0,0,0,0,0,0,0,0,0,0,4,0,0,0,0,0,0,0,0,0
ubt,bintrie,5,4,storage_sload_k100,6,,9105,0,0,2.4472,3.205,0.0022,0.1055,17.4965,0,4,0,0,0,0,0,0,0,0,0,0,4,0,0,0,0,0,0,0,0,0
ubt,bintrie,5,4,storage_sload_k100,6,,9106,0,0,0.0767,43.6017,0.0035,0.1675,44.1102,0,4,0,0,0,0,0,0,0,0,0,0,4,0,0,0,0,0,0,0,0,0
ubt,bintrie,5,4,storage_sload_k100,6,,9107,86864,2,0.092,1.2012,10.8004,16.9008,29.529,2.9417,11,0,0,0,3,0,0,0,1,157,7,4,63.64,0,0,0,0,0,0,0,0
ubt,bintrie,5,4,storage_sload_k100,6,,9108,15900217,1,255.0159,48.7214,11.3534,1.0097,316.3681,50.2586,107,702,101,2957,2,0,0,0,0,0,12,95,11.21,54,648,7.69,101,0,100,2957,0
ubt,bintrie,5,4,storage_sload_k100,6,,9109,21000,1,0.2108,9.393,9.7402,0.8621,20.4444,1.0272,6,0,0,0,2,0,0,0,0,0,0,6,0,0,0,0,0,0,0,0,0
ubt,bintrie,5,4,storage_sload_k100,6,,9110,0,0,0.0302,2.9849,0.0024,0.1682,3.3703,0,4,0,0,0,0,0,0,0,0,0,0,4,0,0,0,0,0,0,0,0,0
ubt,bintrie,5,4,storage_sload_k100,7,,9111,0,0,0.052,51.8047,0.0022,0.2005,52.2714,0,4,0,0,0,0,0,0,0,0,0,0,4,0,0,0,0,0,0,0,0,0
ubt,bintrie,5,4,storage_sload_k100,7,,9112,0,0,0.0432,8.7281,0.002,0.0942,9.0263,0,4,0,0,0,0,0,0,0,0,0,0,4,0,0,0,0,0,0,0,0,0
ubt,bintrie,5,4,storage_sload_k100,7,,9113,0,0,0.0296,2.5185,0.002,0.098,2.7976,0,4,0,0,0,0,0,0,0,0,0,0,4,0,0,0,0,0,0,0,0,0
ubt,bintrie,5,4,storage_sload_k100,7,,9114,0,0,0.0382,29.3482,0.0022,0.1188,29.7014,0,4,0,0,0,0,0,0,0,0,0,0,4,0,0,0,0,0,0,0,0,0
ubt,bintrie,5,4,storage_sload_k100,7,,9115,86864,2,0.1306,0.8703,1.0651,5.3626,9.2546,9.3861,11,0,0,0,3,0,0,0,1,157,5,6,45.45,0,0,0,0,0,0,0,0
ubt,bintrie,5,4,storage_sload_k100,7,,9116,15900217,1,343.878,45.0176,3.4027,1.0797,393.6881,40.3879,107,702,101,2957,2,0,0,0,0,0,8,99,7.48,27,675,3.85,101,0,100,2957,0
ubt,bintrie,5,4,storage_sload_k100,7,,9117,21000,1,0.0754,3.7825,21.1891,0.7493,26.0093,0.8074,6,0,0,0,2,0,0,0,0,0,2,4,33.33,0,0,0,0,0,0,0,0
ubt,bintrie,5,4,storage_sload_k100,8,,9119,0,0,0.0521,17.3732,0.0032,0.197,17.8557,0,4,0,0,0,0,0,0,0,0,0,0,4,0,0,0,0,0,0,0,0,0
ubt,bintrie,5,4,storage_sload_k100,8,,9120,0,0,0.0464,3.1547,0.0019,0.1223,3.5478,0,4,0,0,0,0,0,0,0,0,0,0,4,0,0,0,0,0,0,0,0,0
ubt,bintrie,5,4,storage_sload_k100,8,,9121,0,0,0.0394,2.8294,0.0019,0.1784,3.3087,0,4,0,0,0,0,0,0,0,0,0,0,4,0,0,0,0,0,0,0,0,0
ubt,bintrie,5,4,storage_sload_k100,8,,9122,0,0,0.0344,1.62,0.0017,0.2056,2.1148,0,4,0,0,0,0,0,0,0,0,0,0,4,0,0,0,0,0,0,0,0,0
ubt,bintrie,5,4,storage_sload_k100,8,,9123,86864,2,0.1523,21.0467,11.3104,5.6721,39.5749,2.1949,11,0,0,0,3,0,0,0,1,157,5,6,45.45,0,0,0,0,0,0,0,0
ubt,bintrie,5,4,storage_sload_k100,8,,9124,15900217,1,257.307,20.3125,42.4735,0.7235,327.1474,48.6026,107,702,101,2957,2,0,0,0,0,0,37,70,34.58,257,445,36.61,101,0,100,2957,0
ubt,bintrie,5,4,storage_sload_k100,8,,9125,21000,1,0.0641,3.0877,32.1924,0.6541,36.2134,0.5799,6,0,0,0,2,0,0,0,0,0,2,4,33.33,0,0,0,0,0,0,0,0
ubt,bintrie,5,4,storage_sload_k100,8,,9126,0,0,0.0242,2.3373,0.0014,0.1031,2.6209,0,4,0,0,0,0,0,0,0,0,0,0,4,0,0,0,0,0,0,0,0,0
ubt,bintrie,5,4,storage_sload_k100,9,,9127,0,0,0.0623,48.3191,0.0028,0.2437,48.9138,0,4,0,0,0,0,0,0,0,0,0,0,4,0,0,0,0,0,0,0,0,0
ubt,bintrie,5,4,storage_sload_k100,9,,9128,0,0,0.0514,7.8022,0.0033,0.1622,13.1268,0,4,0,0,0,0,0,0,0,0,0,0,4,0,0,0,0,0,0,0,0,0
ubt,bintrie,5,4,storage_sload_k100,9,,9129,0,0,0.0476,13.4166,0.0022,0.1857,13.9805,0,4,0,0,0,0,0,0,0,0,0,0,4,0,0,0,0,0,0,0,0,0
ubt,bintrie,5,4,storage_sload_k100,9,,9130,0,0,0.0574,36.6193,0.0069,0.1639,37.0625,0,4,0,0,0,0,0,0,0,0,0,0,4,0,0,0,0,0,0,0,0,0
ubt,bintrie,5,4,storage_sload_k100,9,,9131,86864,2,0.1095,7.6566,3.2848,9.4561,22.367,3.8836,11,0,0,0,3,0,0,0,1,157,6,5,54.55,0,0,0,0,0,0,0,0
ubt,bintrie,5,4,storage_sload_k100,9,,9132,15900217,1,261.8383,11.2896,3.0407,0.6156,280.7102,56.6428,107,702,101,2957,2,0,0,0,0,0,5,102,4.67,44,658,6.27,101,0,100,2957,0
ubt,bintrie,5,4,storage_sload_k100,9,,9133,21000,1,0.0678,8.3656,19.3776,0.8608,28.8631,0.7276,6,0,0,0,2,0,0,0,0,0,2,4,33.33,0,0,0,0,0,0,0,0
ubt,bintrie,5,4,storage_sload_k100,9,,9134,0,0,0.0372,3.5652,0.0019,0.1569,3.9994,0,4,0,0,0,0,0,0,0,0,0,0,4,0,0,0,0,0,0,0,0,0
ubt,bintrie,5,4,storage_sload_k400,10,,9290,0,0,1.5372,46.6662,0.0028,0.3263,50.0489,0,4,0,0,0,0,0,0,0,0,0,0,4,0,0,0,0,0,0,0,0,0
ubt,bintrie,5,4,storage_sload_k400,10,,9291,0,0,0.0634,0.7375,0.0017,0.1906,1.2254,0,4,0,0,0,0,0,0,0,0,0,0,4,0,0,0,0,0,0,0,0,0
ubt,bintrie,5,4,storage_sload_k400,10,,9292,0,0,0.0497,3.7563,0.0021,0.1448,8.1958,0,4,0,0,0,0,0,0,0,0,0,0,4,0,0,0,0,0,0,0,0,0
ubt,bintrie,5,4,storage_sload_k400,10,,9293,0,0,0.0427,39.1957,0.003,0.2003,39.8692,0,4,0,0,0,0,0,0,0,0,0,0,4,0,0,0,0,0,0,0,0,0
ubt,bintrie,5,4,storage_sload_k400,10,,9294,86852,2,0.1327,2.8758,1.2166,5.1593,9.5763,9.0695,11,0,0,0,3,0,0,0,1,157,6,5,54.55,0,0,0,0,0,0,0,0
ubt,bintrie,5,4,storage_sload_k400,10,,9295,15900303,1,264.8709,21.0157,2.7532,0.9729,291.1456,54.6129,407,702,401,11357,2,0,0,0,0,0,43,364,10.57,102,600,14.53,401,0,100,11357,0
ubt,bintrie,5,4,storage_sload_k400,10,,9296,21000,1,0.0735,7.7376,31.1148,0.7081,39.8656,0.5268,6,0,0,0,2,0,0,0,0,0,2,4,33.33,0,0,0,0,0,0,0,0
ubt,bintrie,5,4,storage_sload_k400,10,,9297,0,0,0.053,32.4594,0.0032,0.1912,32.8913,0,4,0,0,0,0,0,0,0,0,0,0,4,0,0,0,0,0,0,0,0,0
ubt,bintrie,5,4,storage_sload_k400,11,,9298,0,0,0.0511,20.4245,0.0023,0.228,20.8919,0,4,0,0,0,0,0,0,0,0,0,0,4,0,0,0,0,0,0,0,0,0
ubt,bintrie,5,4,storage_sload_k400,11,,9299,0,0,0.0444,14.2087,0.0027,0.1583,14.6775,0,4,0,0,0,0,0,0,0,0,0,0,4,0,0,0,0,0,0,0,0,0
ubt,bintrie,5,4,storage_sload_k400,11,,9300,0,0,0.0595,1.084,0.0073,7.3861,12.092,0,4,0,0,0,0,0,0,0,0,0,0,4,0,0,0,0,0,0,0,0,0
ubt,bintrie,5,4,storage_sload_k400,11,,9301,0,0,0.0363,16.3753,0.0031,0.1917,16.7932,0,4,0,0,0,0,0,0,0,0,0,0,4,0,0,0,0,0,0,0,0,0
ubt,bintrie,5,4,storage_sload_k400,11,,9302,86852,2,0.1886,0.9645,0.8589,4.9843,13.2475,6.5561,11,0,0,0,3,0,0,0,1,157,4,7,36.36,0,0,0,0,0,0,0,0
ubt,bintrie,5,4,storage_sload_k400,11,,9303,15900303,1,265.0459,12.6521,12.5794,0.6466,291.1278,54.6162,407,702,401,11357,2,0,0,0,0,0,77,330,18.92,153,549,21.79,401,0,100,11357,0
ubt,bintrie,5,4,storage_sload_k400,11,,9304,21000,1,0.0648,25.2882,16.2893,0.9135,42.7488,0.4912,6,0,0,0,2,0,0,0,0,0,2,4,33.33,0,0,0,0,0,0,0,0
ubt,bintrie,5,4,storage_sload_k400,11,,9305,0,0,0.0323,7.8208,0.0029,4.2362,12.276,0,4,0,0,0,0,0,0,0,0,0,0,4,0,0,0,0,0,0,0,0,0
ubt,bintrie,5,4,storage_sload_k400,12,,9306,0,0,0.0655,50.6297,0.0033,0.2211,51.1526,0,4,0,0,0,0,0,0,0,0,0,0,4,0,0,0,0,0,0,0,0,0
ubt,bintrie,5,4,storage_sload_k400,12,,9307,0,0,0.0349,10.7476,0.0016,0.3828,11.3441,0,4,0,0,0,0,0,0,0,0,0,0,4,0,0,0,0,0,0,0,0,0
ubt,bintrie,5,4,storage_sload_k400,12,,9308,0,0,0.0324,3.2036,0.0016,0.1085,3.5003,0,4,0,0,0,0,0,0,0,0,0,0,4,0,0,0,0,0,0,0,0,0
ubt,bintrie,5,4,storage_sload_k400,12,,9309,0,0,0.0279,9.8224,0.0016,0.1358,10.1462,0,4,0,0,0,0,0,0,0,0,0,0,4,0,0,0,0,0,0,0,0,0
ubt,bintrie,5,4,storage_sload_k400,12,,9310,86852,2,0.1338,1.0736,17.8964,6.623,26.1991,3.3151,11,0,0,0,3,0,0,0,1,157,5,6,45.45,0,0,0,0,0,0,0,0
ubt,bintrie,5,4,storage_sload_k400,12,,9311,15900303,1,234.6543,29.94,3.4878,1.1031,269.719,58.9514,407,702,401,11357,2,0,0,0,0,0,45,362,11.06,86,616,12.25,401,0,100,11357,0
ubt,bintrie,5,4,storage_sload_k400,12,,9312,21000,1,0.0615,3.4637,21.3612,0.7722,25.9051,0.8107,6,0,0,0,2,0,0,0,0,0,2,4,33.33,0,0,0,0,0,0,0,0
ubt,bintrie,5,4,storage_sload_k400,12,,9313,0,0,0.0486,6.5573,0.0025,0.2072,7.0138,0,4,0,0,0,0,0,0,0,0,0,0,4,0,0,0,0,0,0,0,0,0
ubt,bintrie,5,4,storage_sload_k400,13,,9314,0,0,0.1003,0.6684,0.0017,0.2633,1.3144,0,4,0,0,0,0,0,0,0,0,0,0,4,0,0,0,0,0,0,0,0,0
ubt,bintrie,5,4,storage_sload_k400,13,,9315,0,0,0.0306,0.9326,0.0028,0.1964,6.7101,0,4,0,0,0,0,0,0,0,0,0,0,4,0,0,0,0,0,0,0,0,0
ubt,bintrie,5,4,storage_sload_k400,13,,9316,0,0,0.0427,30.6333,0.0036,0.1675,31.1112,0,4,0,0,0,0,0,0,0,0,0,0,4,0,0,0,0,0,0,0,0,0
ubt,bintrie,5,4,storage_sload_k400,13,,9317,0,0,0.0378,26.5458,0.0034,0.2632,27.0505,0,4,0,0,0,0,0,0,0,0,0,0,4,0,0,0,0,0,0,0,0,0
ubt,bintrie,5,4,storage_sload_k400,13,,9318,86852,2,0.119,1.1025,25.7336,6.0094,33.363,2.6032,11,0,0,0,3,0,0,0,1,157,5,6,45.45,0,0,0,0,0,0,0,0
ubt,bintrie,5,4,storage_sload_k400,13,,9319,15900303,1,233.8822,24.5455,2.9037,0.9059,267.8997,59.3517,407,702,401,11357,2,0,0,0,0,0,88,319,21.62,158,544,22.51,401,0,100,11357,0
ubt,bintrie,5,4,storage_sload_k400,13,,9320,21000,1,0.0889,4.1941,14.9205,0.7884,20.2422,1.0374,6,0,0,0,2,0,0,0,0,0,2,4,33.33,0,0,0,0,0,0,0,0
ubt,bintrie,5,4,storage_sload_k400,14,,9322,0,0,0.0654,36.0503,0.0054,0.1624,36.5577,0,4,0,0,0,0,0,0,0,0,0,0,4,0,0,0,0,0,0,0,0,0
ubt,bintrie,5,4,storage_sload_k400,14,,9323,0,0,0.042,1.397,0.0017,0.1308,1.733,0,4,0,0,0,0,0,0,0,0,0,0,4,0,0,0,0,0,0,0,0,0
ubt,bintrie,5,4,storage_sload_k400,14,,9324,0,0,0.048,18.6968,0.0022,0.1605,19.0972,0,4,0,0,0,0,0,0,0,0,0,0,4,0,0,0,0,0,0,0,0,0
ubt,bintrie,5,4,storage_sload_k400,14,,9325,0,0,0.0469,15.7102,0.0031,0.3669,16.3257,0,4,0,0,0,0,0,0,0,0,0,0,4,0,0,0,0,0,0,0,0,0
ubt,bintrie,5,4,storage_sload_k400,14,,9326,86852,2,0.5451,13.4793,16.5275,5.9633,38.0288,2.2838,11,0,0,0,3,0,0,0,1,157,5,6,45.45,0,0,0,0,0,0,0,0
ubt,bintrie,5,4,storage_sload_k400,14,,9327,15900303,1,238.1459,24.0716,3.2455,1.288,267.306,59.4835,407,702,401,11357,2,0,0,0,0,0,37,370,9.09,82,620,11.68,401,0,100,11357,0
ubt,bintrie,5,4,storage_sload_k400,14,,9328,21000,1,0.1526,3.5687,19.9209,0.6292,24.4669,0.8583,6,0,0,0,2,0,0,0,0,0,0,6,0,0,0,0,0,0,0,0,0
ubt,bintrie,5,4,storage_sload_k400,14,,9329,0,0,0.0304,3.3039,0.0016,0.1905,3.7251,0,4,0,0,0,0,0,0,0,0,0,0,4,0,0,0,0,0,0,0,0,0
ubt,bintrie,5,4,storage_sload_k400,15,,9330,0,0,0.0718,48.587,0.003,0.2777,49.2202,0,4,0,0,0,0,0,0,0,0,0,0,4,0,0,0,0,0,0,0,0,0
ubt,bintrie,5,4,storage_sload_k400,15,,9331,0,0,0.0637,0.7439,0.0016,0.1948,3.3632,0,4,0,0,0,0,0,0,0,0,0,0,4,0,0,0,0,0,0,0,0,0
ubt,bintrie,5,4,storage_sload_k400,15,,9332,0,0,0.1936,18.5323,0.0027,0.176,23.4429,0,4,0,0,0,0,0,0,0,0,0,0,4,0,0,0,0,0,0,0,0,0
ubt,bintrie,5,4,storage_sload_k400,15,,9333,0,0,0.0448,19.3258,0.0022,0.1296,19.71,0,4,0,0,0,0,0,0,0,0,0,0,4,0,0,0,0,0,0,0,0,0
ubt,bintrie,5,4,storage_sload_k400,15,,9334,86852,2,0.1208,34.0118,11.6183,4.6657,50.6618,1.7143,11,0,0,0,3,0,0,0,1,157,6,5,54.55,0,0,0,0,0,0,0,0
ubt,bintrie,5,4,storage_sload_k400,15,,9335,15900303,1,227.014,11.7833,33.3722,0.8429,273.3522,58.1678,407,702,401,11357,2,0,0,0,0,0,118,289,28.99,245,457,34.9,401,0,100,11357,0
ubt,bintrie,5,4,storage_sload_k400,15,,9336,21000,1,0.079,7.6623,33.7551,0.6923,42.3888,0.4954,6,0,0,0,2,0,0,0,0,0,2,4,33.33,0,0,0,0,0,0,0,0
ubt,bintrie,5,4,storage_sload_k400,15,,9337,0,0,0.0458,31.976,0.0029,0.1501,32.3643,0,4,0,0,0,0,0,0,0,0,0,0,4,0,0,0,0,0,0,0,0,0
ubt,bintrie,5,4,storage_sload_k400,16,,9338,0,0,0.055,15.4102,0.0024,0.1869,15.9196,0,4,0,0,0,0,0,0,0,0,0,0,4,0,0,0,0,0,0,0,0,0
ubt,bintrie,5,4,storage_sload_k400,16,,9339,0,0,0.0443,3.4744,0.0027,0.1475,3.9389,0,4,0,0,0,0,0,0,0,0,0,0,4,0,0,0,0,0,0,0,0,0
ubt,bintrie,5,4,storage_sload_k400,16,,9340,0,0,0.0371,18.6377,0.0027,7.0874,35.1338,0,4,0,0,0,0,0,0,0,0,0,0,4,0,0,0,0,0,0,0,0,0
ubt,bintrie,5,4,storage_sload_k400,16,,9341,0,0,0.0672,16.1573,0.0029,0.2572,16.7025,0,4,0,0,0,0,0,0,0,0,0,0,4,0,0,0,0,0,0,0,0,0
ubt,bintrie,5,4,storage_sload_k400,16,,9342,86852,2,0.5414,36.6312,1.77,4.9259,44.1867,1.9656,11,0,0,0,3,0,0,0,1,157,5,6,45.45,0,0,0,0,0,0,0,0
ubt,bintrie,5,4,storage_sload_k400,16,,9343,15900303,1,337.6688,23.4076,24.0446,1.3328,391.7521,40.5877,407,702,401,11357,2,0,0,0,0,0,98,309,24.08,133,569,18.95,401,0,100,11357,0
ubt,bintrie,5,4,storage_sload_k400,16,,9344,21000,1,0.0668,2.5681,3.0763,0.7784,6.6737,3.1467,6,0,0,0,2,0,0,0,0,0,2,4,33.33,0,0,0,0,0,0,0,0
ubt,bintrie,5,4,storage_sload_k400,16,,9345,0,0,0.0229,2.8783,0.0018,0.1569,3.211,0,4,0,0,0,0,0,0,0,0,0,0,4,0,0,0,0,0,0,0,0,0
ubt,bintrie,5,4,storage_sload_k400,17,,9346,0,0,0.0648,10.142,0.0065,0.3053,10.8296,0,4,0,0,0,0,0,0,0,0,0,0,4,0,0,0,0,0,0,0,0,0
ubt,bintrie,5,4,storage_sload_k400,17,,9347,0,0,0.0466,23.8378,0.0034,0.2188,24.3386,0,4,0,0,0,0,0,0,0,0,0,0,4,0,0,0,0,0,0,0,0,0
ubt,bintrie,5,4,storage_sload_k400,17,,9348,0,0,0.053,18.1974,0.0027,0.1588,22.1144,0,4,0,0,0,0,0,0,0,0,0,0,4,0,0,0,0,0,0,0,0,0
ubt,bintrie,5,4,storage_sload_k400,17,,9349,0,0,0.0329,2.8485,0.0024,0.1321,3.2249,0,4,0,0,0,0,0,0,0,0,0,0,4,0,0,0,0,0,0,0,0,0
ubt,bintrie,5,4,storage_sload_k400,17,,9350,86852,2,0.1777,19.2488,0.7801,12.2139,32.6339,2.6614,11,0,0,0,3,0,0,0,1,157,4,7,36.36,0,0,0,0,0,0,0,0
ubt,bintrie,5,4,storage_sload_k400,17,,9351,15900303,1,271.653,29.7254,2.893,1.1146,305.7565,52.0032,407,702,401,11357,2,0,0,0,0,0,173,234,42.51,340,362,48.43,401,0,100,11357,0
ubt,bintrie,5,4,storage_sload_k400,17,,9352,21000,1,0.1297,6.4263,19.5417,0.8165,27.1068,0.7747,6,0,0,0,2,0,0,0,0,0,0,6,0,0,0,0,0,0,0,0,0
ubt,bintrie,5,4,storage_sload_k400,17,,9353,0,0,0.054,3.1186,0.0027,0.2114,5.4978,0,4,0,0,0,0,0,0,0,0,0,0,4,0,0,0,0,0,0,0,0,0
ubt,bintrie,5,4,storage_sload_k400,18,,9354,0,0,0.0858,1.1422,0.0019,0.2097,3.6191,0,4,0,0,0,0,0,0,0,0,0,0,4,0,0,0,0,0,0,0,0,0
ubt,bintrie,5,4,storage_sload_k400,18,,9355,0,0,0.0211,0.7282,0.0026,0.261,6.037,0,4,0,0,0,0,0,0,0,0,0,0,4,0,0,0,0,0,0,0,0,0
ubt,bintrie,5,4,storage_sload_k400,18,,9356,0,0,0.0341,3.1829,0.0034,5.197,9.8915,0,4,0,0,0,0,0,0,0,0,0,0,4,0,0,0,0,0,0,0,0,0
ubt,bintrie,5,4,storage_sload_k400,18,,9357,0,0,0.0475,2.7568,0.0017,0.1391,4.0948,0,4,0,0,0,0,0,0,0,0,0,0,4,0,0,0,0,0,0,0,0,0
ubt,bintrie,5,4,storage_sload_k400,18,,9358,86852,2,0.0921,2.6834,5.9451,12.7977,21.6491,4.0118,11,0,0,0,3,0,0,0,1,157,4,7,36.36,0,0,0,0,0,0,0,0
ubt,bintrie,5,4,storage_sload_k400,18,,9359,15900303,1,244.9783,21.3829,43.3128,0.6893,311.3624,51.0669,407,702,401,11357,2,0,0,0,0,0,252,155,61.92,495,207,70.51,401,0,100,11357,0
ubt,bintrie,5,4,storage_sload_k400,18,,9360,21000,1,0.0733,2.5261,13.5665,0.7697,17.1243,1.2263,6,0,0,0,2,0,0,0,0,0,2,4,33.33,0,0,0,0,0,0,0,0
ubt,bintrie,5,4,storage_sload_k400,18,,9361,0,0,0.0312,2.7793,0.002,0.1432,3.1241,0,4,0,0,0,0,0,0,0,0,0,0,4,0,0,0,0,0,0,0,0,0
ubt,bintrie,5,4,storage_sload_k400,19,,9362,0,0,0.0574,4.0879,0.0022,0.2229,5.2747,0,4,0,0,0,0,0,0,0,0,0,0,4,0,0,0,0,0,0,0,0,0
ubt,bintrie,5,4,storage_sload_k400,19,,9363,0,0,0.0642,26.0988,0.0031,0.2769,26.9768,0,4,0,0,0,0,0,0,0,0,0,0,4,0,0,0,0,0,0,0,0,0
ubt,bintrie,5,4,storage_sload_k400,19,,9364,0,0,0.0351,71.9155,0.0021,0.1216,72.2635,0,4,0,0,0,0,0,0,0,0,0,0,4,0,0,0,0,0,0,0,0,0
ubt,bintrie,5,4,storage_sload_k400,19,,9365,0,0,0.046,41.5404,0.0031,0.2087,42.0254,0,4,0,0,0,0,0,0,0,0,0,0,4,0,0,0,0,0,0,0,0,0
ubt,bintrie,5,4,storage_sload_k400,19,,9366,86852,2,0.1254,3.3048,16.8107,7.0645,27.4791,3.1607,11,0,0,0,3,0,0,0,1,157,6,5,54.55,0,0,0,0,0,0,0,0
ubt,bintrie,5,4,storage_sload_k400,19,,9367,15900303,1,242.2585,24.0491,4.5913,0.8301,276.7384,57.4561,407,702,401,11357,2,0,0,0,0,0,71,336,17.44,134,568,19.09,401,0,100,11357,0
ubt,bintrie,5,4,storage_sload_k400,19,,9368,21000,1,0.0619,2.5623,2.9071,0.7167,6.4168,3.2726,6,0,0,0,2,0,0,0,0,0,2,4,33.33,0,0,0,0,0,0,0,0
ubt,bintrie,5,4,storage_sload_k400,19,,9369,0,0,0.0451,3.274,0.0025,0.1737,3.6494,0,4,0,0,0,0,0,0,0,0,0,0,4,0,0,0,0,0,0,0,0,0
ubt,bintrie,5,4,storage_sload_k400,1,,9220,0,0,0.0647,19.6654,0.0023,0.6018,20.5831,0,4,0,0,0,0,0,0,0,0,0,0,4,0,0,0,0,0,0,0,0,0
ubt,bintrie,5,4,storage_sload_k400,1,,9221,0,0,0.0516,22.0549,0.0037,0.1694,22.5108,0,4,0,0,0,0,0,0,0,0,0,0,4,0,0,0,0,0,0,0,0,0
ubt,bintrie,5,4,storage_sload_k400,1,,9222,0,0,0.0362,2.7159,0.0015,0.1189,3.0553,0,4,0,0,0,0,0,0,0,0,0,0,4,0,0,0,0,0,0,0,0,0
ubt,bintrie,5,4,storage_sload_k400,1,,9223,0,0,0.0428,9.9262,0.0029,0.1491,11.9784,0,4,0,0,0,0,0,0,0,0,0,0,4,0,0,0,0,0,0,0,0,0
ubt,bintrie,5,4,storage_sload_k400,1,,9224,86852,2,0.2879,0.7304,0.7895,5.0509,7.31,11.8813,11,0,0,0,3,0,0,0,1,157,4,7,36.36,0,0,0,0,0,0,0,0
ubt,bintrie,5,4,storage_sload_k400,1,,9225,15900303,1,259.6421,10.8492,8.4143,0.6197,279.7367,56.8402,407,702,401,11357,2,0,0,0,0,0,96,311,23.59,126,576,17.95,401,0,100,11357,0
ubt,bintrie,5,4,storage_sload_k400,1,,9226,21000,1,0.0753,30.2573,23.416,0.4819,54.4433,0.3857,6,0,0,0,2,0,0,0,0,0,2,4,33.33,0,0,0,0,0,0,0,0
ubt,bintrie,5,4,storage_sload_k400,20,,9370,0,0,0.0618,17.8537,0.0031,0.2227,18.4254,0,4,0,0,0,0,0,0,0,0,0,0,4,0,0,0,0,0,0,0,0,0
ubt,bintrie,5,4,storage_sload_k400,20,,9371,0,0,0.0365,3.6898,0.0016,0.1015,3.9899,0,4,0,0,0,0,0,0,0,0,0,0,4,0,0,0,0,0,0,0,0,0
ubt,bintrie,5,4,storage_sload_k400,20,,9372,0,0,0.0467,28.7284,0.0027,0.2021,29.1844,0,4,0,0,0,0,0,0,0,0,0,0,4,0,0,0,0,0,0,0,0,0
ubt,bintrie,5,4,storage_sload_k400,20,,9373,0,0,0.0409,38.4653,0.0024,0.1516,38.8395,0,4,0,0,0,0,0,0,0,0,0,0,4,0,0,0,0,0,0,0,0,0
ubt,bintrie,5,4,storage_sload_k400,20,,9374,86852,2,0.1264,5.1847,20.8368,5.1638,31.7953,2.7316,11,0,0,0,3,0,0,0,1,157,5,6,45.45,0,0,0,0,0,0,0,0
ubt,bintrie,5,4,storage_sload_k400,20,,9375,15900303,1,236.8637,26.7528,36.8329,0.7953,302.1162,52.6298,407,702,401,11357,2,0,0,0,0,0,242,165,59.46,431,271,61.4,401,0,100,11357,0
ubt,bintrie,5,4,storage_sload_k400,20,,9376,21000,1,0.0823,8.3649,33.0547,0.5628,42.2663,0.4968,6,0,0,0,2,0,0,0,0,0,2,4,33.33,0,0,0,0,0,0,0,0
ubt,bintrie,5,4,storage_sload_k400,20,,9377,0,0,0.0382,28.5832,0.0038,0.1988,29.0202,0,4,0,0,0,0,0,0,0,0,0,0,4,0,0,0,0,0,0,0,0,0
ubt,bintrie,5,4,storage_sload_k400,2,,9228,0,0,0.0437,14.3599,0.0023,0.1413,14.733,0,4,0,0,0,0,0,0,0,0,0,0,4,0,0,0,0,0,0,0,0,0
ubt,bintrie,5,4,storage_sload_k400,2,,9229,0,0,0.0382,0.8217,0.0215,0.1479,1.2421,0,4,0,0,0,0,0,0,0,0,0,0,4,0,0,0,0,0,0,0,0,0
ubt,bintrie,5,4,storage_sload_k400,2,,9230,0,0,0.0415,17.154,0.0034,0.1534,17.5239,0,4,0,0,0,0,0,0,0,0,0,0,4,0,0,0,0,0,0,0,0,0
ubt,bintrie,5,4,storage_sload_k400,2,,9231,0,0,0.0477,21.9146,0.0029,0.2815,22.4192,0,4,0,0,0,0,0,0,0,0,0,0,4,0,0,0,0,0,0,0,0,0
ubt,bintrie,5,4,storage_sload_k400,2,,9232,86852,2,0.0733,0.6441,24.4187,5.3448,31.7207,2.738,11,0,0,0,3,0,0,0,1,157,6,5,54.55,0,0,0,0,0,0,0,0
ubt,bintrie,5,4,storage_sload_k400,2,,9233,15900303,1,237.8926,31.2736,2.7907,1.2399,273.5286,58.1303,407,702,401,11357,2,0,0,0,0,0,22,385,5.41,48,654,6.84,401,0,100,11357,0
ubt,bintrie,5,4,storage_sload_k400,2,,9234,21000,1,0.0652,3.3129,25.9947,0.7799,30.3404,0.6921,6,0,0,0,2,0,0,0,0,0,2,4,33.33,0,0,0,0,0,0,0,0
ubt,bintrie,5,4,storage_sload_k400,2,,9235,0,0,0.0281,12.7915,0.003,0.1769,13.209,0,4,0,0,0,0,0,0,0,0,0,0,4,0,0,0,0,0,0,0,0,0
ubt,bintrie,5,4,storage_sload_k400,3,,9236,0,0,0.0871,18.8688,0.0116,0.1941,19.4756,0,4,0,0,0,0,0,0,0,0,0,0,4,0,0,0,0,0,0,0,0,0
ubt,bintrie,5,4,storage_sload_k400,3,,9237,0,0,0.0472,7.4976,0.0023,0.1396,10.3813,0,4,0,0,0,0,0,0,0,0,0,0,4,0,0,0,0,0,0,0,0,0
ubt,bintrie,5,4,storage_sload_k400,3,,9238,0,0,0.0333,2.6281,0.002,0.1667,3.0209,0,4,0,0,0,0,0,0,0,0,0,0,4,0,0,0,0,0,0,0,0,0
ubt,bintrie,5,4,storage_sload_k400,3,,9239,0,0,0.0374,13.6674,0.0021,0.1367,14.0272,0,4,0,0,0,0,0,0,0,0,0,0,4,0,0,0,0,0,0,0,0,0
ubt,bintrie,5,4,storage_sload_k400,3,,9240,86852,2,0.1437,15.8674,21.8596,5.4494,44.2711,1.9618,11,0,0,0,3,0,0,0,1,157,6,5,54.55,0,0,0,0,0,0,0,0
ubt,bintrie,5,4,storage_sload_k400,3,,9241,15900303,1,252.5499,14.4052,2.6954,1.0207,271.497,58.5653,407,702,401,11357,2,0,0,0,0,0,101,306,24.82,173,529,24.64,401,0,100,11357,0
ubt,bintrie,5,4,storage_sload_k400,3,,9242,21000,1,0.0934,7.9397,13.8879,0.7026,22.8855,0.9176,6,0,0,0,2,0,0,0,0,0,2,4,33.33,0,0,0,0,0,0,0,0
ubt,bintrie,5,4,storage_sload_k400,3,,9243,0,0,0.0279,3.8877,0.0012,6.247,10.3258,0,4,0,0,0,0,0,0,0,0,0,0,4,0,0,0,0,0,0,0,0,0
ubt,bintrie,5,4,storage_sload_k400,4,,9244,0,0,0.0607,18.1062,0.0032,0.2782,18.7471,0,4,0,0,0,0,0,0,0,0,0,0,4,0,0,0,0,0,0,0,0,0
ubt,bintrie,5,4,storage_sload_k400,4,,9245,0,0,0.0377,0.6806,0.0017,0.1805,1.1318,0,4,0,0,0,0,0,0,0,0,0,0,4,0,0,0,0,0,0,0,0,0
ubt,bintrie,5,4,storage_sload_k400,4,,9246,0,0,0.0334,0.9853,0.0026,0.1477,8.0978,0,4,0,0,0,0,0,0,0,0,0,0,4,0,0,0,0,0,0,0,0,0
ubt,bintrie,5,4,storage_sload_k400,4,,9247,0,0,0.0327,26.7461,0.0026,0.1966,27.1982,0,4,0,0,0,0,0,0,0,0,0,0,4,0,0,0,0,0,0,0,0,0
ubt,bintrie,5,4,storage_sload_k400,4,,9248,86852,2,0.1292,2.9287,1.2144,5.4836,9.9887,8.695,11,0,0,0,3,0,0,0,1,157,5,6,45.45,0,0,0,0,0,0,0,0
ubt,bintrie,5,4,storage_sload_k400,4,,9249,15900303,1,232.6093,36.5725,2.983,1.1387,278.7676,57.0378,407,702,401,11357,2,0,0,0,0,0,52,355,12.78,100,602,14.25,401,0,100,11357,0
ubt,bintrie,5,4,storage_sload_k400,4,,9250,21000,1,0.0535,2.5702,5.1406,0.8953,11.7019,1.7946,6,0,0,0,2,0,0,0,0,0,2,4,33.33,0,0,0,0,0,0,0,0
ubt,bintrie,5,4,storage_sload_k400,5,,9251,0,0,0.0452,15.931,0.002,0.224,16.3942,0,4,0,0,0,0,0,0,0,0,0,0,4,0,0,0,0,0,0,0,0,0
ubt,bintrie,5,4,storage_sload_k400,5,,9252,0,0,0.0458,18.4032,0.0025,0.2161,19.0882,0,4,0,0,0,0,0,0,0,0,0,0,4,0,0,0,0,0,0,0,0,0
ubt,bintrie,5,4,storage_sload_k400,5,,9253,0,0,0.0407,33.253,0.0022,0.2466,33.8004,0,4,0,0,0,0,0,0,0,0,0,0,4,0,0,0,0,0,0,0,0,0
ubt,bintrie,5,4,storage_sload_k400,5,,9254,0,0,0.0354,6.4619,0.0022,0.334,7.0825,0,4,0,0,0,0,0,0,0,0,0,0,4,0,0,0,0,0,0,0,0,0
ubt,bintrie,5,4,storage_sload_k400,5,,9255,86852,2,0.1114,65.3472,2.6186,5.1876,73.4467,1.1825,11,0,0,0,3,0,0,0,1,157,6,5,54.55,0,0,0,0,0,0,0,0
ubt,bintrie,5,4,storage_sload_k400,5,,9256,15900303,1,224.316,11.2513,19.9089,1.2122,257.3878,61.7757,407,702,401,11357,2,0,0,0,0,0,52,355,12.78,125,577,17.81,401,0,100,11357,0
ubt,bintrie,5,4,storage_sload_k400,5,,9257,21000,1,0.0632,2.6018,2.8034,0.7553,6.4327,3.2646,6,0,0,0,2,0,0,0,0,0,2,4,33.33,0,0,0,0,0,0,0,0
ubt,bintrie,5,4,storage_sload_k400,5,,9258,0,0,0.0232,2.9072,0.0017,0.1452,3.2515,0,4,0,0,0,0,0,0,0,0,0,0,4,0,0,0,0,0,0,0,0,0
ubt,bintrie,5,4,storage_sload_k400,6,,9259,0,0,0.0598,45.6976,0.0028,0.1933,46.2094,0,4,0,0,0,0,0,0,0,0,0,0,4,0,0,0,0,0,0,0,0,0
ubt,bintrie,5,4,storage_sload_k400,6,,9260,0,0,0.0374,6.7413,0.0018,0.1256,7.1085,0,4,0,0,0,0,0,0,0,0,0,0,4,0,0,0,0,0,0,0,0,0
ubt,bintrie,5,4,storage_sload_k400,6,,9261,0,0,0.0347,33.4451,0.003,0.1554,33.8249,0,4,0,0,0,0,0,0,0,0,0,0,4,0,0,0,0,0,0,0,0,0
ubt,bintrie,5,4,storage_sload_k400,6,,9262,0,0,0.0501,18.2058,0.0027,0.1955,18.6439,0,4,0,0,0,0,0,0,0,0,0,0,4,0,0,0,0,0,0,0,0,0
ubt,bintrie,5,4,storage_sload_k400,6,,9263,86852,2,0.0917,1.3314,26.8062,4.8539,33.7082,2.5766,11,0,0,0,3,0,0,0,1,157,6,5,54.55,0,0,0,0,0,0,0,0
ubt,bintrie,5,4,storage_sload_k400,6,,9264,15900303,1,248.5961,37.5002,3.2046,0.8475,290.4432,54.745,407,702,401,11357,2,0,0,0,0,0,36,371,8.85,73,629,10.4,401,0,100,11357,0
ubt,bintrie,5,4,storage_sload_k400,6,,9265,21000,1,0.0742,3.7807,32.0521,0.709,36.84,0.57,6,0,0,0,2,0,0,0,0,0,2,4,33.33,0,0,0,0,0,0,0,0
ubt,bintrie,5,4,storage_sload_k400,6,,9266,0,0,0.0365,6.7773,0.0025,0.1558,7.1218,0,4,0,0,0,0,0,0,0,0,0,0,4,0,0,0,0,0,0,0,0,0
ubt,bintrie,5,4,storage_sload_k400,7,,9267,0,0,0.0801,27.8849,0.0024,0.2342,44.0779,0,4,0,0,0,0,0,0,0,0,0,0,4,0,0,0,0,0,0,0,0,0
ubt,bintrie,5,4,storage_sload_k400,7,,9268,0,0,0.041,17.1579,0.0019,0.0963,17.4727,0,4,0,0,0,0,0,0,0,0,0,0,4,0,0,0,0,0,0,0,0,0
ubt,bintrie,5,4,storage_sload_k400,7,,9269,0,0,0.0378,3.5681,0.0025,0.1471,3.9142,0,4,0,0,0,0,0,0,0,0,0,0,4,0,0,0,0,0,0,0,0,0
ubt,bintrie,5,4,storage_sload_k400,7,,9270,0,0,0.0718,43.2239,0.0029,0.2062,43.7632,0,4,0,0,0,0,0,0,0,0,0,0,4,0,0,0,0,0,0,0,0,0
ubt,bintrie,5,4,storage_sload_k400,7,,9271,86852,2,0.106,0.9483,18.6598,6.3646,26.2764,3.3053,11,0,0,0,3,0,0,0,1,157,6,5,54.55,0,0,0,0,0,0,0,0
ubt,bintrie,5,4,storage_sload_k400,7,,9272,15900303,1,238.3369,24.5874,39.0466,0.762,303.759,52.3451,407,702,401,11357,2,0,0,0,0,0,118,289,28.99,229,473,32.62,401,0,100,11357,0
ubt,bintrie,5,4,storage_sload_k400,7,,9273,21000,1,0.0852,10.7216,15.41,0.759,34.9585,0.6007,6,0,0,0,2,0,0,0,0,0,2,4,33.33,0,0,0,0,0,0,0,0
ubt,bintrie,5,4,storage_sload_k400,7,,9274,0,0,0.0294,3.3273,0.0018,0.1532,3.7328,0,4,0,0,0,0,0,0,0,0,0,0,4,0,0,0,0,0,0,0,0,0
ubt,bintrie,5,4,storage_sload_k400,8,,9275,0,0,0.0604,15.5347,0.0024,0.2805,16.1738,0,4,0,0,0,0,0,0,0,0,0,0,4,0,0,0,0,0,0,0,0,0
ubt,bintrie,5,4,storage_sload_k400,8,,9276,0,0,0.0362,18.0826,0.0022,0.1624,18.4701,0,4,0,0,0,0,0,0,0,0,0,0,4,0,0,0,0,0,0,0,0,0
ubt,bintrie,5,4,storage_sload_k400,8,,9277,0,0,0.0333,2.6072,0.0017,0.1175,2.9243,0,4,0,0,0,0,0,0,0,0,0,0,4,0,0,0,0,0,0,0,0,0
ubt,bintrie,5,4,storage_sload_k400,8,,9278,0,0,0.0408,35.3196,0.003,0.2565,35.9514,0,4,0,0,0,0,0,0,0,0,0,0,4,0,0,0,0,0,0,0,0,0
ubt,bintrie,5,4,storage_sload_k400,8,,9279,86852,2,0.3416,8.5558,7.0114,4.7517,20.8508,4.1654,11,0,0,0,3,0,0,0,1,157,4,7,36.36,0,0,0,0,0,0,0,0
ubt,bintrie,5,4,storage_sload_k400,8,,9280,15900303,1,227.5476,31.0729,35.7588,0.7332,295.5073,53.8068,407,702,401,11357,2,0,0,0,0,0,3,404,0.74,3,699,0.43,401,0,100,11357,0
ubt,bintrie,5,4,storage_sload_k400,8,,9281,21000,1,0.0752,2.7217,34.4381,0.8076,38.2412,0.5491,6,0,0,0,2,0,0,0,0,0,2,4,33.33,0,0,0,0,0,0,0,0
ubt,bintrie,5,4,storage_sload_k400,9,,9282,0,0,0.0653,0.9761,0.0017,0.3023,1.6313,0,4,0,0,0,0,0,0,0,0,0,0,4,0,0,0,0,0,0,0,0,0
ubt,bintrie,5,4,storage_sload_k400,9,,9283,0,0,0.0324,24.0251,0.0021,0.2172,24.4331,0,4,0,0,0,0,0,0,0,0,0,0,4,0,0,0,0,0,0,0,0,0
ubt,bintrie,5,4,storage_sload_k400,9,,9284,0,0,0.039,9.6278,0.0022,0.3131,10.2658,0,4,0,0,0,0,0,0,0,0,0,0,4,0,0,0,0,0,0,0,0,0
ubt,bintrie,5,4,storage_sload_k400,9,,9285,0,0,0.0408,19.1905,0.0034,0.2904,19.741,0,4,0,0,0,0,0,0,0,0,0,0,4,0,0,0,0,0,0,0,0,0
ubt,bintrie,5,4,storage_sload_k400,9,,9286,86852,2,0.3592,15.5378,7.6225,4.5045,28.3805,3.0603,11,0,0,0,3,0,0,0,1,157,4,7,36.36,0,0,0,0,0,0,0,0
ubt,bintrie,5,4,storage_sload_k400,9,,9287,15900303,1,265.1426,13.9366,27.6985,1.2864,308.9911,51.4588,407,702,401,11357,2,0,0,0,0,0,32,375,7.86,60,642,8.55,401,0,100,11357,0
ubt,bintrie,5,4,storage_sload_k400,9,,9288,21000,1,0.066,3.89,3.0652,0.7281,7.902,2.6576,6,0,0,0,2,0,0,0,0,0,2,4,33.33,0,0,0,0,0,0,0,0
ubt,bintrie,5,4,storage_sload_k400,9,,9289,0,0,0.0279,2.9422,0.0018,0.1401,3.3333,0,4,0,0,0,0,0,0,0,0,0,0,4,0,0,0,0,0,0,0,0,0
ubt,bintrie,5,4,storage_sload_k700,10,,9450,0,0,0.0596,8.2077,0.0025,0.3139,8.9839,0,4,0,0,0,0,0,0,0,0,0,0,4,0,0,0,0,0,0,0,0,0
ubt,bintrie,5,4,storage_sload_k700,10,,9451,0,0,0.0539,24.011,0.0033,0.198,24.4822,0,4,0,0,0,0,0,0,0,0,0,0,4,0,0,0,0,0,0,0,0,0
ubt,bintrie,5,4,storage_sload_k700,10,,9452,0,0,0.0234,2.5493,0.0027,0.1184,2.8687,0,4,0,0,0,0,0,0,0,0,0,0,4,0,0,0,0,0,0,0,0,0
ubt,bintrie,5,4,storage_sload_k700,10,,9453,0,0,0.0704,26.0662,0.0022,0.1391,26.6416,0,4,0,0,0,0,0,0,0,0,0,0,4,0,0,0,0,0,0,0,0,0
ubt,bintrie,5,4,storage_sload_k700,10,,9454,86864,2,0.164,0.9779,0.7596,6.9159,9.3345,9.3057,11,0,0,0,3,0,0,0,1,157,4,7,36.36,0,0,0,0,0,0,0,0
ubt,bintrie,5,4,storage_sload_k700,10,,9455,15900316,1,224.4215,12.6235,11.7187,0.6584,249.5882,63.7062,707,703,701,19757,2,0,0,0,0,0,85,622,12.02,103,600,14.65,701,0,100,19757,0
ubt,bintrie,5,4,storage_sload_k700,10,,9456,21000,1,0.0579,18.6119,34.1793,0.6367,53.6557,0.3914,6,0,0,0,2,0,0,0,0,0,2,4,33.33,0,0,0,0,0,0,0,0
ubt,bintrie,5,4,storage_sload_k700,11,,9457,0,0,0.0343,15.0637,0.0018,0.1476,15.4115,0,4,0,0,0,0,0,0,0,0,0,0,4,0,0,0,0,0,0,0,0,0
ubt,bintrie,5,4,storage_sload_k700,11,,9458,0,0,0.0444,6.4311,0.0019,0.1336,6.8189,0,4,0,0,0,0,0,0,0,0,0,0,4,0,0,0,0,0,0,0,0,0
ubt,bintrie,5,4,storage_sload_k700,11,,9459,0,0,0.0379,3.1034,0.0019,0.1554,3.4843,0,4,0,0,0,0,0,0,0,0,0,0,4,0,0,0,0,0,0,0,0,0
ubt,bintrie,5,4,storage_sload_k700,11,,9460,0,0,0.0437,23.0971,0.0032,0.1783,23.5251,0,4,0,0,0,0,0,0,0,0,0,0,4,0,0,0,0,0,0,0,0,0
ubt,bintrie,5,4,storage_sload_k700,11,,9461,86864,2,0.1817,2.6994,6.9161,5.936,19.9121,4.3624,11,0,0,0,3,0,0,0,1,157,6,5,54.55,0,0,0,0,0,0,0,0
ubt,bintrie,5,4,storage_sload_k700,11,,9462,15900316,1,210.4301,25.7646,37.0225,0.6806,276.4951,57.5067,707,703,701,19757,2,0,0,0,0,0,268,439,37.91,269,434,38.26,701,0,100,19757,0
ubt,bintrie,5,4,storage_sload_k700,11,,9463,21000,1,0.0739,7.8116,26.936,0.6013,35.623,0.5895,6,0,0,0,2,0,0,0,0,0,2,4,33.33,0,0,0,0,0,0,0,0
ubt,bintrie,5,4,storage_sload_k700,12,,9464,0,0,0.055,10.8133,0.0025,0.3066,11.4751,0,4,0,0,0,0,0,0,0,0,0,0,4,0,0,0,0,0,0,0,0,0
ubt,bintrie,5,4,storage_sload_k700,12,,9465,0,0,0.0488,9.4676,0.0034,0.2337,11.5474,0,4,0,0,0,0,0,0,0,0,0,0,4,0,0,0,0,0,0,0,0,0
ubt,bintrie,5,4,storage_sload_k700,12,,9466,0,0,0.0536,1.5595,0.002,0.1831,3.7624,0,4,0,0,0,0,0,0,0,0,0,0,4,0,0,0,0,0,0,0,0,0
ubt,bintrie,5,4,storage_sload_k700,12,,9467,0,0,0.1105,17.3662,0.0031,0.1834,17.8528,0,4,0,0,0,0,0,0,0,0,0,0,4,0,0,0,0,0,0,0,0,0
ubt,bintrie,5,4,storage_sload_k700,12,,9468,86864,2,0.1293,3.1998,17.3326,9.741,30.6315,2.8358,11,0,0,0,3,0,0,0,1,157,5,6,45.45,0,0,0,0,0,0,0,0
ubt,bintrie,5,4,storage_sload_k700,12,,9469,15900316,1,218.2545,22.6254,35.4437,0.8299,277.5444,57.2893,707,703,701,19757,2,0,0,0,0,0,287,420,40.59,302,401,42.96,701,0,100,19757,0
ubt,bintrie,5,4,storage_sload_k700,12,,9470,21000,1,0.0674,5.7712,27.2085,0.5692,38.5653,0.5445,6,0,0,0,2,0,0,0,0,0,2,4,33.33,0,0,0,0,0,0,0,0
ubt,bintrie,5,4,storage_sload_k700,12,,9471,0,0,0.051,4.2384,0.0031,0.1257,4.5815,0,4,0,0,0,0,0,0,0,0,0,0,4,0,0,0,0,0,0,0,0,0
ubt,bintrie,5,4,storage_sload_k700,13,,9472,0,0,0.038,15.727,0.0028,0.1488,16.0885,0,4,0,0,0,0,0,0,0,0,0,0,4,0,0,0,0,0,0,0,0,0
ubt,bintrie,5,4,storage_sload_k700,13,,9473,0,0,0.0419,6.7091,0.0024,0.1442,7.1075,0,4,0,0,0,0,0,0,0,0,0,0,4,0,0,0,0,0,0,0,0,0
ubt,bintrie,5,4,storage_sload_k700,13,,9474,0,0,0.0799,2.0977,0.0012,0.2055,2.5514,0,4,0,0,0,0,0,0,0,0,0,0,4,0,0,0,0,0,0,0,0,0
ubt,bintrie,5,4,storage_sload_k700,13,,9475,0,0,0.0418,8.6922,0.0023,0.2006,9.1252,0,4,0,0,0,0,0,0,0,0,0,0,4,0,0,0,0,0,0,0,0,0
ubt,bintrie,5,4,storage_sload_k700,13,,9476,86864,2,0.1509,1.9659,17.29,5.3362,25.057,3.4667,11,0,0,0,3,0,0,0,1,157,5,6,45.45,0,0,0,0,0,0,0,0
ubt,bintrie,5,4,storage_sload_k700,13,,9477,15900316,1,231.8699,18.273,2.9368,1.3409,254.6951,62.4288,707,703,701,19757,2,0,0,0,0,0,144,563,20.37,145,558,20.63,701,0,100,19757,0
ubt,bintrie,5,4,storage_sload_k700,13,,9478,21000,1,0.0692,11.5472,16.8437,0.7403,29.4018,0.7142,6,0,0,0,2,0,0,0,0,0,2,4,33.33,0,0,0,0,0,0,0,0
ubt,bintrie,5,4,storage_sload_k700,13,,9479,0,0,0.0298,7.2541,0.0021,0.1833,7.6508,0,4,0,0,0,0,0,0,0,0,0,0,4,0,0,0,0,0,0,0,0,0
ubt,bintrie,5,4,storage_sload_k700,14,,9480,0,0,0.0706,16.9467,0.0035,0.4549,17.8592,0,4,0,0,0,0,0,0,0,0,0,0,4,0,0,0,0,0,0,0,0,0
ubt,bintrie,5,4,storage_sload_k700,14,,9481,0,0,0.0456,30.8324,0.003,0.2048,31.3069,0,4,0,0,0,0,0,0,0,0,0,0,4,0,0,0,0,0,0,0,0,0
ubt,bintrie,5,4,storage_sload_k700,14,,9482,0,0,0.031,2.7028,0.0017,0.1439,3.0108,0,4,0,0,0,0,0,0,0,0,0,0,4,0,0,0,0,0,0,0,0,0
ubt,bintrie,5,4,storage_sload_k700,14,,9483,0,0,0.0324,50.0658,0.0025,0.1131,50.3635,0,4,0,0,0,0,0,0,0,0,0,0,4,0,0,0,0,0,0,0,0,0
ubt,bintrie,5,4,storage_sload_k700,14,,9484,86864,2,0.1121,4.3901,0.9013,8.8867,14.4998,5.9907,11,0,0,0,3,0,0,0,1,157,6,5,54.55,0,0,0,0,0,0,0,0
ubt,bintrie,5,4,storage_sload_k700,14,,9485,15900316,1,209.9612,30.944,3.2789,1.1912,245.9306,64.6537,707,703,701,19757,2,0,0,0,0,0,170,537,24.05,221,482,31.44,701,0,100,19757,0
ubt,bintrie,5,4,storage_sload_k700,14,,9486,21000,1,0.0683,2.5543,3.0316,0.7408,6.5687,3.197,6,0,0,0,2,0,0,0,0,0,2,4,33.33,0,0,0,0,0,0,0,0
ubt,bintrie,5,4,storage_sload_k700,14,,9487,0,0,0.0294,2.9373,0.0014,0.164,3.2863,0,4,0,0,0,0,0,0,0,0,0,0,4,0,0,0,0,0,0,0,0,0
ubt,bintrie,5,4,storage_sload_k700,15,,9488,0,0,0.0668,25.7376,0.0039,0.3255,26.6535,0,4,0,0,0,0,0,0,0,0,0,0,4,0,0,0,0,0,0,0,0,0
ubt,bintrie,5,4,storage_sload_k700,15,,9489,0,0,0.0528,21.7722,0.0033,0.1848,22.2469,0,4,0,0,0,0,0,0,0,0,0,0,4,0,0,0,0,0,0,0,0,0
ubt,bintrie,5,4,storage_sload_k700,15,,9490,0,0,0.0508,14.8214,0.0021,0.1178,15.1931,0,4,0,0,0,0,0,0,0,0,0,0,4,0,0,0,0,0,0,0,0,0
ubt,bintrie,5,4,storage_sload_k700,15,,9491,0,0,0.0731,43.4236,0.0038,0.5489,44.3096,0,4,0,0,0,0,0,0,0,0,0,0,4,0,0,0,0,0,0,0,0,0
ubt,bintrie,5,4,storage_sload_k700,15,,9492,86864,2,0.1208,3.1891,1.8649,4.6288,9.9829,8.7013,11,0,0,0,3,0,0,0,1,157,6,5,54.55,0,0,0,0,0,0,0,0
ubt,bintrie,5,4,storage_sload_k700,15,,9493,15900316,1,237.6172,9.4146,3.5317,1.22,252.0802,63.0764,707,703,701,19757,2,0,0,0,0,0,150,557,21.22,192,511,27.31,701,0,100,19757,0
ubt,bintrie,5,4,storage_sload_k700,15,,9494,21000,1,0.1532,2.4602,5.9648,0.8119,15.4141,1.3624,6,0,0,0,2,0,0,0,0,0,0,6,0,0,0,0,0,0,0,0,0
ubt,bintrie,5,4,storage_sload_k700,15,,9495,0,0,0.0374,3.2191,0.0018,0.1465,3.6073,0,4,0,0,0,0,0,0,0,0,0,0,4,0,0,0,0,0,0,0,0,0
ubt,bintrie,5,4,storage_sload_k700,16,,9496,0,0,0.0776,41.1896,0.0024,0.1633,41.7221,0,4,0,0,0,0,0,0,0,0,0,0,4,0,0,0,0,0,0,0,0,0
ubt,bintrie,5,4,storage_sload_k700,16,,9497,0,0,0.0315,0.642,0.0016,0.1162,0.9848,0,4,0,0,0,0,0,0,0,0,0,0,4,0,0,0,0,0,0,0,0,0
ubt,bintrie,5,4,storage_sload_k700,16,,9498,0,0,0.0421,4.2016,0.0018,0.1436,7.899,0,4,0,0,0,0,0,0,0,0,0,0,4,0,0,0,0,0,0,0,0,0
ubt,bintrie,5,4,storage_sload_k700,16,,9499,0,0,0.0327,16.3631,0.0022,0.1843,16.7742,0,4,0,0,0,0,0,0,0,0,0,0,4,0,0,0,0,0,0,0,0,0
ubt,bintrie,5,4,storage_sload_k700,16,,9500,86864,2,0.1505,6.451,28.1747,5.0345,40.2775,2.1566,11,0,0,0,3,0,0,0,1,157,4,7,36.36,0,0,0,0,0,0,0,0
ubt,bintrie,5,4,storage_sload_k700,16,,9501,15900316,1,216.5086,24.4379,32.9085,0.9243,275.1274,57.7926,707,703,701,19757,2,0,0,0,0,0,200,507,28.29,201,502,28.59,701,0,100,19757,0
ubt,bintrie,5,4,storage_sload_k700,16,,9502,21000,1,0.0719,2.621,9.1532,0.7464,12.7649,1.6451,6,0,0,0,2,0,0,0,0,0,2,4,33.33,0,0,0,0,0,0,0,0
ubt,bintrie,5,4,storage_sload_k700,16,,9503,0,0,0.0361,12.1194,0.0036,0.2064,12.5724,0,4,0,0,0,0,0,0,0,0,0,0,4,0,0,0,0,0,0,0,0,0
ubt,bintrie,5,4,storage_sload_k700,17,,9504,0,0,0.0703,24.107,0.0026,0.2729,24.7193,0,4,0,0,0,0,0,0,0,0,0,0,4,0,0,0,0,0,0,0,0,0
ubt,bintrie,5,4,storage_sload_k700,17,,9505,0,0,0.0408,10.8078,0.0025,0.1809,11.2415,0,4,0,0,0,0,0,0,0,0,0,0,4,0,0,0,0,0,0,0,0,0
ubt,bintrie,5,4,storage_sload_k700,17,,9506,0,0,0.053,3.5714,0.0023,0.1432,3.9569,0,4,0,0,0,0,0,0,0,0,0,0,4,0,0,0,0,0,0,0,0,0
ubt,bintrie,5,4,storage_sload_k700,17,,9507,0,0,0.0241,2.5605,0.0015,0.1242,2.8571,0,4,0,0,0,0,0,0,0,0,0,0,4,0,0,0,0,0,0,0,0,0
ubt,bintrie,5,4,storage_sload_k700,17,,9508,86864,2,0.1158,19.639,16.2314,6.6728,42.8928,2.0251,11,0,0,0,3,0,0,0,1,157,6,5,54.55,0,0,0,0,0,0,0,0
ubt,bintrie,5,4,storage_sload_k700,17,,9509,15900316,1,267.5591,26.3707,36.9002,0.9026,331.9488,47.8999,707,703,701,19757,2,0,0,0,0,0,116,591,16.41,111,592,15.79,701,0,100,19757,0
ubt,bintrie,5,4,storage_sload_k700,17,,9510,21000,1,0.0633,8.8303,29.1006,0.8646,39.5584,0.5309,6,0,0,0,2,0,0,0,0,0,2,4,33.33,0,0,0,0,0,0,0,0
ubt,bintrie,5,4,storage_sload_k700,17,,9511,0,0,0.0356,6.1995,0.0019,0.2092,6.6281,0,4,0,0,0,0,0,0,0,0,0,0,4,0,0,0,0,0,0,0,0,0
ubt,bintrie,5,4,storage_sload_k700,18,,9512,0,0,0.0657,28.7233,0.029,0.5011,29.6054,0,4,0,0,0,0,0,0,0,0,0,0,4,0,0,0,0,0,0,0,0,0
ubt,bintrie,5,4,storage_sload_k700,18,,9513,0,0,0.0418,19.1335,0.0028,0.2581,19.8956,0,4,0,0,0,0,0,0,0,0,0,0,4,0,0,0,0,0,0,0,0,0
ubt,bintrie,5,4,storage_sload_k700,18,,9514,0,0,0.0347,2.6058,0.0017,0.1694,3.0352,0,4,0,0,0,0,0,0,0,0,0,0,4,0,0,0,0,0,0,0,0,0
ubt,bintrie,5,4,storage_sload_k700,18,,9515,0,0,0.0286,2.5207,0.0015,0.1424,2.8687,0,4,0,0,0,0,0,0,0,0,0,0,4,0,0,0,0,0,0,0,0,0
ubt,bintrie,5,4,storage_sload_k700,18,,9516,86864,2,0.2601,0.8892,4.1425,11.5333,17.0841,5.0845,11,0,0,0,3,0,0,0,1,157,6,5,54.55,0,0,0,0,0,0,0,0
ubt,bintrie,5,4,storage_sload_k700,18,,9517,15900316,1,205.7997,47.6459,3.144,1.0442,258.3562,61.5442,707,703,701,19757,2,0,0,0,0,0,64,643,9.05,82,621,11.66,701,0,100,19757,0
ubt,bintrie,5,4,storage_sload_k700,18,,9518,21000,1,0.0629,3.382,30.131,0.7325,34.521,0.6083,6,0,0,0,2,0,0,0,0,0,2,4,33.33,0,0,0,0,0,0,0,0
ubt,bintrie,5,4,storage_sload_k700,18,,9519,0,0,0.0428,2.7821,0.0025,0.1675,3.1924,0,4,0,0,0,0,0,0,0,0,0,0,4,0,0,0,0,0,0,0,0,0
ubt,bintrie,5,4,storage_sload_k700,19,,9520,0,0,0.0416,14.5672,0.0026,0.3143,15.1492,0,4,0,0,0,0,0,0,0,0,0,0,4,0,0,0,0,0,0,0,0,0
ubt,bintrie,5,4,storage_sload_k700,19,,9521,0,0,0.0409,16.7889,0.0028,8.1875,25.2334,0,4,0,0,0,0,0,0,0,0,0,0,4,0,0,0,0,0,0,0,0,0
ubt,bintrie,5,4,storage_sload_k700,19,,9522,0,0,0.0222,0.7684,0.0018,0.1329,2.2855,0,4,0,0,0,0,0,0,0,0,0,0,4,0,0,0,0,0,0,0,0,0
ubt,bintrie,5,4,storage_sload_k700,19,,9523,0,0,0.0296,15.1495,0.0034,0.3713,15.76,0,4,0,0,0,0,0,0,0,0,0,0,4,0,0,0,0,0,0,0,0,0
ubt,bintrie,5,4,storage_sload_k700,19,,9524,86864,2,0.1075,3.176,8.8446,22.1029,34.479,2.5193,11,0,0,0,3,0,0,0,1,157,6,5,54.55,0,0,0,0,0,0,0,0
ubt,bintrie,5,4,storage_sload_k700,19,,9525,15900316,1,240.7435,9.072,3.897,0.8687,254.8891,62.3813,707,703,701,19757,2,0,0,0,0,0,230,477,32.53,245,458,34.85,701,0,100,19757,0
ubt,bintrie,5,4,storage_sload_k700,19,,9526,21000,1,0.0572,2.5508,2.6601,0.6735,6.1124,3.4356,6,0,0,0,2,0,0,0,0,0,2,4,33.33,0,0,0,0,0,0,0,0
ubt,bintrie,5,4,storage_sload_k700,1,,9378,0,0,0.0418,20.994,0.0034,0.236,21.5325,0,4,0,0,0,0,0,0,0,0,0,0,4,0,0,0,0,0,0,0,0,0
ubt,bintrie,5,4,storage_sload_k700,1,,9379,0,0,0.0247,0.7573,0.0018,1.6745,4.1505,0,4,0,0,0,0,0,0,0,0,0,0,4,0,0,0,0,0,0,0,0,0
ubt,bintrie,5,4,storage_sload_k700,1,,9380,0,0,0.0337,47.4442,0.0029,0.2159,47.9119,0,4,0,0,0,0,0,0,0,0,0,0,4,0,0,0,0,0,0,0,0,0
ubt,bintrie,5,4,storage_sload_k700,1,,9381,0,0,0.0463,34.6391,0.0034,0.1925,35.0579,0,4,0,0,0,0,0,0,0,0,0,0,4,0,0,0,0,0,0,0,0,0
ubt,bintrie,5,4,storage_sload_k700,1,,9382,86864,2,0.1109,23.6528,14.8394,8.5908,47.4567,1.8304,11,0,0,0,3,0,0,0,1,157,6,5,54.55,0,0,0,0,0,0,0,0
ubt,bintrie,5,4,storage_sload_k700,1,,9383,15900316,1,276.2232,19.3046,45.5547,0.6618,341.9837,46.4944,707,703,701,19757,2,0,0,0,0,0,350,357,49.5,346,357,49.22,701,0,100,19757,0
ubt,bintrie,5,4,storage_sload_k700,1,,9384,21000,1,0.0742,8.6875,29.2196,0.5529,38.752,0.5419,6,0,0,0,2,0,0,0,0,0,2,4,33.33,0,0,0,0,0,0,0,0
ubt,bintrie,5,4,storage_sload_k700,1,,9385,0,0,0.0484,28.9423,0.0028,0.1343,29.3437,0,4,0,0,0,0,0,0,0,0,0,0,4,0,0,0,0,0,0,0,0,0
ubt,bintrie,5,4,storage_sload_k700,20,,9527,0,0,0.0579,21.2575,0.0041,0.1774,21.8532,0,4,0,0,0,0,0,0,0,0,0,0,4,0,0,0,0,0,0,0,0,0
ubt,bintrie,5,4,storage_sload_k700,20,,9528,0,0,0.0423,13.1021,0.0026,0.1348,13.4601,0,4,0,0,0,0,0,0,0,0,0,0,4,0,0,0,0,0,0,0,0,0
ubt,bintrie,5,4,storage_sload_k700,20,,9529,0,0,0.0501,12.1041,0.0024,0.1493,12.4791,0,4,0,0,0,0,0,0,0,0,0,0,4,0,0,0,0,0,0,0,0,0
ubt,bintrie,5,4,storage_sload_k700,20,,9530,0,0,0.042,12.8453,0.0023,0.1769,13.2597,0,4,0,0,0,0,0,0,0,0,0,0,4,0,0,0,0,0,0,0,0,0
ubt,bintrie,5,4,storage_sload_k700,20,,9531,86864,2,0.3651,0.9093,24.1954,5.2347,30.9257,2.8088,11,0,0,0,3,0,0,0,1,157,4,7,36.36,0,0,0,0,0,0,0,0
ubt,bintrie,5,4,storage_sload_k700,20,,9532,15900316,1,218.5032,20.2985,40.6079,0.616,280.541,56.6773,707,703,701,19757,2,0,0,0,0,0,46,661,6.51,69,634,9.82,701,0,100,19757,0
ubt,bintrie,5,4,storage_sload_k700,20,,9533,21000,1,0.0675,9.7193,28.8072,0.5033,39.328,0.534,6,0,0,0,2,0,0,0,0,0,2,4,33.33,0,0,0,0,0,0,0,0
ubt,bintrie,5,4,storage_sload_k700,20,,9534,0,0,0.0291,3.2908,0.0017,0.2091,3.6941,0,4,0,0,0,0,0,0,0,0,0,0,4,0,0,0,0,0,0,0,0,0
ubt,bintrie,5,4,storage_sload_k700,2,,9386,0,0,0.0592,16.4573,0.0024,0.239,17.081,0,4,0,0,0,0,0,0,0,0,0,0,4,0,0,0,0,0,0,0,0,0
ubt,bintrie,5,4,storage_sload_k700,2,,9387,0,0,0.0414,0.8717,0.0018,0.1393,2.0303,0,4,0,0,0,0,0,0,0,0,0,0,4,0,0,0,0,0,0,0,0,0
ubt,bintrie,5,4,storage_sload_k700,2,,9388,0,0,0.04,40.3549,0.0021,0.1439,40.734,0,4,0,0,0,0,0,0,0,0,0,0,4,0,0,0,0,0,0,0,0,0
ubt,bintrie,5,4,storage_sload_k700,2,,9389,0,0,0.0473,16.5606,0.0023,0.4322,17.5635,0,4,0,0,0,0,0,0,0,0,0,0,4,0,0,0,0,0,0,0,0,0
ubt,bintrie,5,4,storage_sload_k700,2,,9390,86864,2,0.1569,1.0676,12.5597,11.0797,27.0891,3.2066,11,0,0,0,3,0,0,0,1,157,6,5,54.55,0,0,0,0,0,0,0,0
ubt,bintrie,5,4,storage_sload_k700,2,,9391,15900316,1,207.375,30.8059,3.7837,6.3544,248.6281,63.9522,707,703,701,19757,2,0,0,0,0,0,37,670,5.23,45,658,6.4,701,0,100,19757,0
ubt,bintrie,5,4,storage_sload_k700,2,,9392,21000,1,0.084,8.497,29.4513,0.5467,38.7787,0.5415,6,0,0,0,2,0,0,0,0,0,2,4,33.33,0,0,0,0,0,0,0,0
ubt,bintrie,5,4,storage_sload_k700,2,,9393,0,0,0.0258,2.9743,0.0015,0.1614,3.3154,0,4,0,0,0,0,0,0,0,0,0,0,4,0,0,0,0,0,0,0,0,0
ubt,bintrie,5,4,storage_sload_k700,3,,9394,0,0,0.0539,42.5949,0.0022,0.17,43.0618,0,4,0,0,0,0,0,0,0,0,0,0,4,0,0,0,0,0,0,0,0,0
ubt,bintrie,5,4,storage_sload_k700,3,,9395,0,0,0.0435,9.8583,0.0032,0.3518,11.286,0,4,0,0,0,0,0,0,0,0,0,0,4,0,0,0,0,0,0,0,0,0
ubt,bintrie,5,4,storage_sload_k700,3,,9396,0,0,0.0417,10.1774,0.0022,0.1167,12.4153,0,4,0,0,0,0,0,0,0,0,0,0,4,0,0,0,0,0,0,0,0,0
ubt,bintrie,5,4,storage_sload_k700,3,,9397,0,0,0.0536,15.8274,0.0026,0.1184,16.1814,0,4,0,0,0,0,0,0,0,0,0,0,4,0,0,0,0,0,0,0,0,0
ubt,bintrie,5,4,storage_sload_k700,3,,9398,86864,2,0.1191,8.2803,9.9639,5.3586,23.9162,3.632,11,0,0,0,3,0,0,0,1,157,6,5,54.55,0,0,0,0,0,0,0,0
ubt,bintrie,5,4,storage_sload_k700,3,,9399,15900316,1,213.7876,29.2922,5.5277,0.9587,249.8744,63.6332,707,703,701,19757,2,0,0,0,0,0,92,615,13.01,133,570,18.92,701,0,100,19757,0
ubt,bintrie,5,4,storage_sload_k700,3,,9400,21000,1,0.0681,3.2934,25.7516,0.5862,29.8986,0.7024,6,0,0,0,2,0,0,0,0,0,2,4,33.33,0,0,0,0,0,0,0,0
ubt,bintrie,5,4,storage_sload_k700,3,,9401,0,0,0.0303,3.0234,0.0016,0.1382,3.3597,0,4,0,0,0,0,0,0,0,0,0,0,4,0,0,0,0,0,0,0,0,0
ubt,bintrie,5,4,storage_sload_k700,4,,9402,0,0,0.0657,47.3497,0.0028,0.1599,47.7768,0,4,0,0,0,0,0,0,0,0,0,0,4,0,0,0,0,0,0,0,0,0
ubt,bintrie,5,4,storage_sload_k700,4,,9403,0,0,0.0379,30.8063,0.0026,0.1282,31.2385,0,4,0,0,0,0,0,0,0,0,0,0,4,0,0,0,0,0,0,0,0,0
ubt,bintrie,5,4,storage_sload_k700,4,,9404,0,0,0.0857,22.0776,0.0019,0.1567,23.2104,0,4,0,0,0,0,0,0,0,0,0,0,4,0,0,0,0,0,0,0,0,0
ubt,bintrie,5,4,storage_sload_k700,4,,9405,0,0,0.0663,26.2583,0.0031,0.1623,26.7769,0,4,0,0,0,0,0,0,0,0,0,0,4,0,0,0,0,0,0,0,0,0
ubt,bintrie,5,4,storage_sload_k700,4,,9406,86864,2,0.1372,2.6876,1.0579,5.2201,9.2597,9.3809,11,0,0,0,3,0,0,0,1,157,6,5,54.55,0,0,0,0,0,0,0,0
ubt,bintrie,5,4,storage_sload_k700,4,,9407,15900316,1,219.8775,19.8462,21.006,0.8213,261.7471,60.7469,707,703,701,19757,2,0,0,0,0,0,435,272,61.53,447,256,63.58,701,0,100,19757,0
ubt,bintrie,5,4,storage_sload_k700,4,,9408,21000,1,0.1517,2.5295,2.8748,0.7884,6.5086,3.2265,6,0,0,0,2,0,0,0,0,0,0,6,0,0,0,0,0,0,0,0,0
ubt,bintrie,5,4,storage_sload_k700,4,,9409,0,0,0.0315,3.3842,0.0018,0.4739,4.0843,0,4,0,0,0,0,0,0,0,0,0,0,4,0,0,0,0,0,0,0,0,0
ubt,bintrie,5,4,storage_sload_k700,5,,9410,0,0,0.11,1.1275,0.0022,0.3511,1.9311,0,4,0,0,0,0,0,0,0,0,0,0,4,0,0,0,0,0,0,0,0,0
ubt,bintrie,5,4,storage_sload_k700,5,,9411,0,0,0.0432,22.8678,0.0054,0.2235,31.407,0,4,0,0,0,0,0,0,0,0,0,0,4,0,0,0,0,0,0,0,0,0
ubt,bintrie,5,4,storage_sload_k700,5,,9412,0,0,0.0409,28.5803,0.0026,0.2041,42.7059,0,4,0,0,0,0,0,0,0,0,0,0,4,0,0,0,0,0,0,0,0,0
ubt,bintrie,5,4,storage_sload_k700,5,,9413,0,0,0.039,19.1546,0.0027,0.1808,19.5891,0,4,0,0,0,0,0,0,0,0,0,0,4,0,0,0,0,0,0,0,0,0
ubt,bintrie,5,4,storage_sload_k700,5,,9414,86864,2,0.165,17.4909,15.9557,6.2985,40.148,2.1636,11,0,0,0,3,0,0,0,1,157,5,6,45.45,0,0,0,0,0,0,0,0
ubt,bintrie,5,4,storage_sload_k700,5,,9415,15900316,1,211.2508,20.0141,36.7144,0.8802,269.0556,59.0968,707,703,701,19757,2,0,0,0,0,0,465,242,65.77,477,226,67.85,701,0,100,19757,0
ubt,bintrie,5,4,storage_sload_k700,5,,9416,21000,1,0.0669,3.56,31.3044,0.5798,40.3199,0.5208,6,0,0,0,2,0,0,0,0,0,2,4,33.33,0,0,0,0,0,0,0,0
ubt,bintrie,5,4,storage_sload_k700,5,,9417,0,0,0.0336,8.9801,0.0031,0.1255,9.3929,0,4,0,0,0,0,0,0,0,0,0,0,4,0,0,0,0,0,0,0,0,0
ubt,bintrie,5,4,storage_sload_k700,6,,9418,0,0,0.1341,47.1947,0.0021,0.1878,47.7744,0,4,0,0,0,0,0,0,0,0,0,0,4,0,0,0,0,0,0,0,0,0
ubt,bintrie,5,4,storage_sload_k700,6,,9419,0,0,0.0326,29.3143,0.0019,0.1682,29.6619,0,4,0,0,0,0,0,0,0,0,0,0,4,0,0,0,0,0,0,0,0,0
ubt,bintrie,5,4,storage_sload_k700,6,,9420,0,0,0.0504,30.6196,0.0029,0.1548,34.1635,0,4,0,0,0,0,0,0,0,0,0,0,4,0,0,0,0,0,0,0,0,0
ubt,bintrie,5,4,storage_sload_k700,6,,9421,0,0,0.0372,11.9329,0.0077,26.5742,39.5927,0,4,0,0,0,0,0,0,0,0,0,0,4,0,0,0,0,0,0,0,0,0
ubt,bintrie,5,4,storage_sload_k700,6,,9422,86864,2,0.3205,15.0235,0.7694,6.8615,37.0054,2.3473,11,0,0,0,3,0,0,0,1,157,4,7,36.36,0,0,0,0,0,0,0,0
ubt,bintrie,5,4,storage_sload_k700,6,,9423,15900316,1,297.755,15.1201,5.1108,0.8575,319.0551,49.8357,707,703,701,19757,2,0,0,0,0,0,178,529,25.18,186,517,26.46,701,0,100,19757,0
ubt,bintrie,5,4,storage_sload_k700,6,,9424,21000,1,0.0575,2.5326,3.2805,0.6843,6.7465,3.1127,6,0,0,0,2,0,0,0,0,0,2,4,33.33,0,0,0,0,0,0,0,0
ubt,bintrie,5,4,storage_sload_k700,6,,9425,0,0,0.0318,8.9826,0.0035,0.15,9.3466,0,4,0,0,0,0,0,0,0,0,0,0,4,0,0,0,0,0,0,0,0,0
ubt,bintrie,5,4,storage_sload_k700,7,,9426,0,0,0.0671,36.5936,0.0029,0.1864,37.1057,0,4,0,0,0,0,0,0,0,0,0,0,4,0,0,0,0,0,0,0,0,0
ubt,bintrie,5,4,storage_sload_k700,7,,9427,0,0,0.0408,17.9141,0.0019,0.2189,18.3617,0,4,0,0,0,0,0,0,0,0,0,0,4,0,0,0,0,0,0,0,0,0
ubt,bintrie,5,4,storage_sload_k700,7,,9428,0,0,0.0347,19.8657,0.0031,3.3505,24.5484,0,4,0,0,0,0,0,0,0,0,0,0,4,0,0,0,0,0,0,0,0,0
ubt,bintrie,5,4,storage_sload_k700,7,,9429,0,0,0.0635,27.5114,0.0032,0.1622,27.9656,0,4,0,0,0,0,0,0,0,0,0,0,4,0,0,0,0,0,0,0,0,0
ubt,bintrie,5,4,storage_sload_k700,7,,9430,86864,2,0.1093,2.8384,2.7181,4.7351,10.5988,8.1956,11,0,0,0,3,0,0,0,1,157,6,5,54.55,0,0,0,0,0,0,0,0
ubt,bintrie,5,4,storage_sload_k700,7,,9431,15900316,1,226.5019,18.7608,2.9887,0.9658,256.0897,62.0889,707,703,701,19757,2,0,0,0,0,0,163,544,23.06,179,524,25.46,701,0,100,19757,0
ubt,bintrie,5,4,storage_sload_k700,7,,9432,21000,1,0.0735,8.7566,30.0617,1.1122,40.2233,0.5221,6,0,0,0,2,0,0,0,0,0,2,4,33.33,0,0,0,0,0,0,0,0
ubt,bintrie,5,4,storage_sload_k700,7,,9433,0,0,0.0347,11.256,0.0026,0.1604,11.6268,0,4,0,0,0,0,0,0,0,0,0,0,4,0,0,0,0,0,0,0,0,0
ubt,bintrie,5,4,storage_sload_k700,8,,9434,0,0,0.0528,16.7913,0.0026,0.2915,17.3553,0,4,0,0,0,0,0,0,0,0,0,0,4,0,0,0,0,0,0,0,0,0
ubt,bintrie,5,4,storage_sload_k700,8,,9435,0,0,0.0466,19.3563,0.0023,0.1794,19.754,0,4,0,0,0,0,0,0,0,0,0,0,4,0,0,0,0,0,0,0,0,0
ubt,bintrie,5,4,storage_sload_k700,8,,9436,0,0,0.0414,5.487,0.0018,0.1449,5.8813,0,4,0,0,0,0,0,0,0,0,0,0,4,0,0,0,0,0,0,0,0,0
ubt,bintrie,5,4,storage_sload_k700,8,,9437,0,0,0.0339,13.948,0.0023,0.1935,14.4074,0,4,0,0,0,0,0,0,0,0,0,0,4,0,0,0,0,0,0,0,0,0
ubt,bintrie,5,4,storage_sload_k700,8,,9438,86864,2,0.211,23.5746,16.2413,4.4287,50.7395,1.712,11,0,0,0,3,0,0,0,1,157,5,6,45.45,0,0,0,0,0,0,0,0
ubt,bintrie,5,4,storage_sload_k700,8,,9439,15900316,1,218.8731,14.2595,33.9644,0.6283,268.1648,59.2931,707,703,701,19757,2,0,0,0,0,0,305,402,43.14,319,384,45.38,701,0,100,19757,0
ubt,bintrie,5,4,storage_sload_k700,8,,9440,21000,1,0.0775,8.0824,22.0447,0.7671,31.1813,0.6735,6,0,0,0,2,0,0,0,0,0,2,4,33.33,0,0,0,0,0,0,0,0
ubt,bintrie,5,4,storage_sload_k700,8,,9441,0,0,0.0241,2.6174,0.0013,0.1146,2.9264,0,4,0,0,0,0,0,0,0,0,0,0,4,0,0,0,0,0,0,0,0,0
ubt,bintrie,5,4,storage_sload_k700,9,,9442,0,0,0.0586,39.77,0.0023,0.2039,40.2829,0,4,0,0,0,0,0,0,0,0,0,0,4,0,0,0,0,0,0,0,0,0
ubt,bintrie,5,4,storage_sload_k700,9,,9443,0,0,0.0438,2.7327,0.002,0.1441,3.3466,0,4,0,0,0,0,0,0,0,0,0,0,4,0,0,0,0,0,0,0,0,0
ubt,bintrie,5,4,storage_sload_k700,9,,9444,0,0,0.0334,26.4754,0.0027,0.1557,26.894,0,4,0,0,0,0,0,0,0,0,0,0,4,0,0,0,0,0,0,0,0,0
ubt,bintrie,5,4,storage_sload_k700,9,,9445,0,0,0.0433,23.8611,0.0022,0.1278,24.2606,0,4,0,0,0,0,0,0,0,0,0,0,4,0,0,0,0,0,0,0,0,0
ubt,bintrie,5,4,storage_sload_k700,9,,9446,86864,2,0.1081,1.8364,15.7676,4.6074,22.5119,3.8586,11,0,0,0,3,0,0,0,1,157,5,6,45.45,0,0,0,0,0,0,0,0
ubt,bintrie,5,4,storage_sload_k700,9,,9447,15900316,1,211.6751,22.791,33.5785,0.8527,269.095,59.0881,707,703,701,19757,2,0,0,0,0,0,334,373,47.24,349,354,49.64,701,0,100,19757,0
ubt,bintrie,5,4,storage_sload_k700,9,,9448,21000,1,0.058,2.5242,10.2446,0.7717,14.3777,1.4606,6,0,0,0,2,0,0,0,0,0,2,4,33.33,0,0,0,0,0,0,0,0
ubt,bintrie,5,4,storage_sload_k700,9,,9449,0,0,0.0192,2.3188,0.0009,0.0904,2.563,0,4,0,0,0,0,0,0,0,0,0,0,4,0,0,0,0,0,0,0,0,0
ubt,bintrie,5,4,storage_sstore_k1,10,,9598,0,0,0.0637,47.376,0.0023,0.1647,47.864,0,4,0,0,0,0,0,0,0,0,0,0,4,0,0,0,0,0,0,0,0,0
ubt,bintrie,5,4,storage_sstore_k1,10,,9599,0,0,0.0464,0.8765,0.0015,0.1577,1.2746,0,4,0,0,0,0,0,0,0,0,0,0,4,0,0,0,0,0,0,0,0,0
ubt,bintrie,5,4,storage_sstore_k1,10,,9600,0,0,0.0416,26.6404,0.0029,0.1267,27.2452,0,4,0,0,0,0,0,0,0,0,0,0,4,0,0,0,0,0,0,0,0,0
ubt,bintrie,5,4,storage_sstore_k1,10,,9601,0,0,0.0309,16.4534,0.0019,0.2062,16.8734,0,4,0,0,0,0,0,0,0,0,0,0,4,0,0,0,0,0,0,0,0,0
ubt,bintrie,5,4,storage_sstore_k1,10,,9602,86918,2,0.0876,2.8326,4.2019,5.2161,12.5009,6.953,11,0,0,0,3,0,0,0,1,163,6,5,54.55,0,0,0,0,0,0,0,0
ubt,bintrie,5,4,storage_sstore_k1,10,,9603,15904325,1,11.8477,7.0867,42.106,3.2365,64.8015,245.4313,8,702,2,191,3,0,702,0,0,0,3,5,37.5,403,299,57.41,2,0,100,191,0
ubt,bintrie,5,4,storage_sstore_k1,10,,9604,21000,1,0.0708,14.9436,32.4176,0.519,48.7258,0.431,6,0,0,0,2,0,0,0,0,0,2,4,33.33,0,0,0,0,0,0,0,0
ubt,bintrie,5,4,storage_sstore_k1,11,,9605,0,0,0.0653,49.9219,0.0034,0.22,50.4974,0,4,0,0,0,0,0,0,0,0,0,0,4,0,0,0,0,0,0,0,0,0
ubt,bintrie,5,4,storage_sstore_k1,11,,9606,0,0,0.0554,18.4491,0.0023,0.3413,19.0155,0,4,0,0,0,0,0,0,0,0,0,0,4,0,0,0,0,0,0,0,0,0
ubt,bintrie,5,4,storage_sstore_k1,11,,9607,0,0,0.0271,0.8544,0.0018,0.1484,1.8483,0,4,0,0,0,0,0,0,0,0,0,0,4,0,0,0,0,0,0,0,0,0
ubt,bintrie,5,4,storage_sstore_k1,11,,9608,0,0,0.0384,19.4266,0.0026,0.1675,19.8126,0,4,0,0,0,0,0,0,0,0,0,0,4,0,0,0,0,0,0,0,0,0
ubt,bintrie,5,4,storage_sstore_k1,11,,9609,86918,2,0.2778,14.5661,2.7551,4.3793,22.1462,3.9247,11,0,0,0,3,0,0,0,1,163,4,7,36.36,0,0,0,0,0,0,0,0
ubt,bintrie,5,4,storage_sstore_k1,11,,9610,15904325,1,12.0113,24.5109,6.8045,6.5928,50.1628,317.0541,8,702,2,191,3,0,702,0,0,0,2,6,25,32,670,4.56,2,0,100,191,0
ubt,bintrie,5,4,storage_sstore_k1,11,,9611,21000,1,0.1038,14.1279,2.2404,0.5705,17.27,1.216,6,0,0,0,2,0,0,0,0,0,0,6,0,0,0,0,0,0,0,0,0
ubt,bintrie,5,4,storage_sstore_k1,12,,9612,0,0,0.0561,9.8159,0.0019,0.1672,10.2917,0,4,0,0,0,0,0,0,0,0,0,0,4,0,0,0,0,0,0,0,0,0
ubt,bintrie,5,4,storage_sstore_k1,12,,9613,0,0,0.0344,10.7941,0.0059,0.23,11.3082,0,4,0,0,0,0,0,0,0,0,0,0,4,0,0,0,0,0,0,0,0,0
ubt,bintrie,5,4,storage_sstore_k1,12,,9614,0,0,0.0349,3.2177,0.002,0.1949,3.6263,0,4,0,0,0,0,0,0,0,0,0,0,4,0,0,0,0,0,0,0,0,0
ubt,bintrie,5,4,storage_sstore_k1,12,,9615,0,0,0.0345,58.7633,0.0034,0.1231,59.0944,0,4,0,0,0,0,0,0,0,0,0,0,4,0,0,0,0,0,0,0,0,0
ubt,bintrie,5,4,storage_sstore_k1,12,,9616,86918,2,0.0887,2.8848,3.5509,6.5887,13.434,6.47,11,0,0,0,3,0,0,0,1,163,7,4,63.64,0,0,0,0,0,0,0,0
ubt,bintrie,5,4,storage_sstore_k1,12,,9617,15904325,1,10.942,13.8967,35.1182,3.0273,63.6753,249.7721,8,702,2,191,3,0,702,0,0,0,3,5,37.5,84,618,11.97,2,0,100,191,0
ubt,bintrie,5,4,storage_sstore_k1,12,,9618,21000,1,0.0699,4.4515,22.5265,0.8183,28.0418,0.7489,6,0,0,0,2,0,0,0,0,0,2,4,33.33,0,0,0,0,0,0,0,0
ubt,bintrie,5,4,storage_sstore_k1,13,,9619,0,0,0.0545,12.4052,0.002,0.5069,13.1647,0,4,0,0,0,0,0,0,0,0,0,0,4,0,0,0,0,0,0,0,0,0
ubt,bintrie,5,4,storage_sstore_k1,13,,9620,0,0,0.0256,0.9173,0.0018,2.6351,4.2409,0,4,0,0,0,0,0,0,0,0,0,0,4,0,0,0,0,0,0,0,0,0
ubt,bintrie,5,4,storage_sstore_k1,13,,9621,0,0,0.0418,32.4518,0.0025,0.1985,32.9645,0,4,0,0,0,0,0,0,0,0,0,0,4,0,0,0,0,0,0,0,0,0
ubt,bintrie,5,4,storage_sstore_k1,13,,9622,0,0,0.0906,16.6238,0.0028,0.1889,17.0628,0,4,0,0,0,0,0,0,0,0,0,0,4,0,0,0,0,0,0,0,0,0
ubt,bintrie,5,4,storage_sstore_k1,13,,9623,86918,2,0.1347,2.0223,2.4003,4.134,8.9159,9.7486,11,0,0,0,3,0,0,0,1,163,5,6,45.45,0,0,0,0,0,0,0,0
ubt,bintrie,5,4,storage_sstore_k1,13,,9624,15904325,1,9.6778,15.2569,6.2806,5.0777,36.5219,435.4736,8,702,2,191,3,0,702,0,0,0,1,7,12.5,107,595,15.24,2,0,100,191,0
ubt,bintrie,5,4,storage_sstore_k1,13,,9625,21000,1,0.0704,3.7591,19.3741,0.7895,24.1782,0.8686,6,0,0,0,2,0,0,0,0,0,2,4,33.33,0,0,0,0,0,0,0,0
ubt,bintrie,5,4,storage_sstore_k1,14,,9626,0,0,0.0675,13.7421,0.0028,1.4741,15.9347,0,4,0,0,0,0,0,0,0,0,0,0,4,0,0,0,0,0,0,0,0,0
ubt,bintrie,5,4,storage_sstore_k1,14,,9627,0,0,0.024,2.0027,0.0016,0.2484,2.4543,0,4,0,0,0,0,0,0,0,0,0,0,4,0,0,0,0,0,0,0,0,0
ubt,bintrie,5,4,storage_sstore_k1,14,,9628,0,0,0.0548,7.6838,0.0026,0.8913,11.8213,0,4,0,0,0,0,0,0,0,0,0,0,4,0,0,0,0,0,0,0,0,0
ubt,bintrie,5,4,storage_sstore_k1,14,,9629,0,0,0.0381,15.4675,0.0034,0.382,16.3884,0,4,0,0,0,0,0,0,0,0,0,0,4,0,0,0,0,0,0,0,0,0
ubt,bintrie,5,4,storage_sstore_k1,14,,9630,86918,2,0.1024,2.67,16.4751,5.5329,25.0378,3.4715,11,0,0,0,3,0,0,0,1,163,6,5,54.55,0,0,0,0,0,0,0,0
ubt,bintrie,5,4,storage_sstore_k1,14,,9631,15904325,1,7.7241,11.4784,31.2844,3.1386,57.311,277.5093,8,702,2,191,3,0,702,0,0,0,2,6,25,117,585,16.67,2,0,100,191,0
ubt,bintrie,5,4,storage_sstore_k1,14,,9632,21000,1,0.0883,32.2614,14.0858,0.7142,47.4557,0.4425,6,0,0,0,2,0,0,0,0,0,2,4,33.33,0,0,0,0,0,0,0,0
ubt,bintrie,5,4,storage_sstore_k1,15,,9633,0,0,0.0593,21.2615,0.0025,0.2324,21.8398,0,4,0,0,0,0,0,0,0,0,0,0,4,0,0,0,0,0,0,0,0,0
ubt,bintrie,5,4,storage_sstore_k1,15,,9634,0,0,0.0546,26.5249,0.0029,0.156,26.9673,0,4,0,0,0,0,0,0,0,0,0,0,4,0,0,0,0,0,0,0,0,0
ubt,bintrie,5,4,storage_sstore_k1,15,,9635,0,0,0.0267,19.0705,0.0028,0.3962,19.8229,0,4,0,0,0,0,0,0,0,0,0,0,4,0,0,0,0,0,0,0,0,0
ubt,bintrie,5,4,storage_sstore_k1,15,,9636,0,0,0.0419,7.4291,0.0026,0.168,7.8365,0,4,0,0,0,0,0,0,0,0,0,0,4,0,0,0,0,0,0,0,0,0
ubt,bintrie,5,4,storage_sstore_k1,15,,9637,86918,2,0.3869,25.8443,26.0246,7.7597,60.2095,1.4436,11,0,0,0,3,0,0,0,1,163,4,7,36.36,0,0,0,0,0,0,0,0
ubt,bintrie,5,4,storage_sstore_k1,15,,9638,15904325,1,7.6676,12.5956,32.011,3.0947,55.579,286.1571,8,702,2,191,3,0,702,0,0,0,4,4,50,159,543,22.65,2,0,100,191,0
ubt,bintrie,5,4,storage_sstore_k1,15,,9639,21000,1,0.0701,31.1201,2.3714,0.5709,34.3341,0.6116,6,0,0,0,2,0,0,0,0,0,2,4,33.33,0,0,0,0,0,0,0,0
ubt,bintrie,5,4,storage_sstore_k1,16,,9640,0,0,0.1476,0.974,0.0018,0.2569,1.7772,0,4,0,0,0,0,0,0,0,0,0,0,4,0,0,0,0,0,0,0,0,0
ubt,bintrie,5,4,storage_sstore_k1,16,,9641,0,0,0.0215,0.8614,0.0017,1.3353,4.4099,0,4,0,0,0,0,0,0,0,0,0,0,4,0,0,0,0,0,0,0,0,0
ubt,bintrie,5,4,storage_sstore_k1,16,,9642,0,0,0.0371,75.524,0.0032,0.1353,75.8969,0,4,0,0,0,0,0,0,0,0,0,0,4,0,0,0,0,0,0,0,0,0
ubt,bintrie,5,4,storage_sstore_k1,16,,9643,0,0,0.0338,20.8299,0.0029,0.1975,21.1994,0,4,0,0,0,0,0,0,0,0,0,0,4,0,0,0,0,0,0,0,0,0
ubt,bintrie,5,4,storage_sstore_k1,16,,9644,86918,2,0.1873,11.1567,16.51,5.3033,33.5107,2.5937,11,0,0,0,3,0,0,0,1,163,5,6,45.45,0,0,0,0,0,0,0,0
ubt,bintrie,5,4,storage_sstore_k1,16,,9645,15904325,1,11.4297,38.2362,21.1138,2.8383,117.0385,135.8897,8,702,2,191,3,0,702,0,0,0,1,7,12.5,247,455,35.19,2,0,100,191,0
ubt,bintrie,5,4,storage_sstore_k1,16,,9646,21000,1,0.0683,8.5657,30.2435,0.6362,39.7219,0.5287,6,0,0,0,2,0,0,0,0,0,2,4,33.33,0,0,0,0,0,0,0,0
ubt,bintrie,5,4,storage_sstore_k1,17,,9647,0,0,0.068,20.0074,0.0034,0.3155,20.7054,0,4,0,0,0,0,0,0,0,0,0,0,4,0,0,0,0,0,0,0,0,0
ubt,bintrie,5,4,storage_sstore_k1,17,,9648,0,0,0.0274,0.9908,0.0027,0.1737,13.2166,0,4,0,0,0,0,0,0,0,0,0,0,4,0,0,0,0,0,0,0,0,0
ubt,bintrie,5,4,storage_sstore_k1,17,,9649,0,0,0.0281,90.1513,0.0021,0.147,90.5538,0,4,0,0,0,0,0,0,0,0,0,0,4,0,0,0,0,0,0,0,0,0
ubt,bintrie,5,4,storage_sstore_k1,17,,9650,0,0,0.0468,23.21,0.0032,0.1546,23.6042,0,4,0,0,0,0,0,0,0,0,0,0,4,0,0,0,0,0,0,0,0,0
ubt,bintrie,5,4,storage_sstore_k1,17,,9651,86918,2,0.1102,3.4948,48.91,7.2691,63.6443,1.3657,11,0,0,0,3,0,0,0,1,163,5,6,45.45,0,0,0,0,0,0,0,0
ubt,bintrie,5,4,storage_sstore_k1,17,,9652,15904325,1,11.2379,13.2869,7.652,5.5085,37.8594,420.0891,8,702,2,191,3,0,702,0,0,0,2,6,25,262,440,37.32,2,0,100,191,0
ubt,bintrie,5,4,storage_sstore_k1,17,,9653,21000,1,0.0655,2.6821,7.7516,0.8162,11.4743,1.8302,6,0,0,0,2,0,0,0,0,0,2,4,33.33,0,0,0,0,0,0,0,0
ubt,bintrie,5,4,storage_sstore_k1,18,,9654,0,0,0.0523,49.0793,0.0033,0.2317,49.601,0,4,0,0,0,0,0,0,0,0,0,0,4,0,0,0,0,0,0,0,0,0
ubt,bintrie,5,4,storage_sstore_k1,18,,9655,0,0,0.037,7.5642,0.0077,0.2136,8.2733,0,4,0,0,0,0,0,0,0,0,0,0,4,0,0,0,0,0,0,0,0,0
ubt,bintrie,5,4,storage_sstore_k1,18,,9656,0,0,0.0429,10.3129,0.0022,0.1143,10.6984,0,4,0,0,0,0,0,0,0,0,0,0,4,0,0,0,0,0,0,0,0,0
ubt,bintrie,5,4,storage_sstore_k1,18,,9657,0,0,0.0461,32.9402,0.0032,0.2218,33.7968,0,4,0,0,0,0,0,0,0,0,0,0,4,0,0,0,0,0,0,0,0,0
ubt,bintrie,5,4,storage_sstore_k1,18,,9658,86918,2,0.1487,20.5073,4.7516,4.4139,30.071,2.8904,11,0,0,0,3,0,0,0,1,163,4,7,36.36,0,0,0,0,0,0,0,0
ubt,bintrie,5,4,storage_sstore_k1,18,,9659,15904325,1,9.8695,28.9721,15.2675,2.9217,57.2387,277.8596,8,702,2,191,3,0,702,0,0,0,4,4,50,636,66,90.6,2,0,100,191,0
ubt,bintrie,5,4,storage_sstore_k1,18,,9660,21000,1,0.0804,11.4506,16.7186,0.8098,29.2509,0.7179,6,0,0,0,2,0,0,0,0,0,2,4,33.33,0,0,0,0,0,0,0,0
ubt,bintrie,5,4,storage_sstore_k1,19,,9661,0,0,0.0608,48.5938,0.0033,0.1906,49.1567,0,4,0,0,0,0,0,0,0,0,0,0,4,0,0,0,0,0,0,0,0,0
ubt,bintrie,5,4,storage_sstore_k1,19,,9662,0,0,0.0435,19.1157,0.0035,0.2472,19.6226,0,4,0,0,0,0,0,0,0,0,0,0,4,0,0,0,0,0,0,0,0,0
ubt,bintrie,5,4,storage_sstore_k1,19,,9663,0,0,0.0313,2.8426,0.0022,0.1106,3.1377,0,4,0,0,0,0,0,0,0,0,0,0,4,0,0,0,0,0,0,0,0,0
ubt,bintrie,5,4,storage_sstore_k1,19,,9664,0,0,0.0868,14.826,0.0028,0.1217,15.2502,0,4,0,0,0,0,0,0,0,0,0,0,4,0,0,0,0,0,0,0,0,0
ubt,bintrie,5,4,storage_sstore_k1,19,,9665,86918,2,0.1793,3.957,22.7488,6.1479,33.4688,2.597,11,0,0,0,3,0,0,0,1,163,5,6,45.45,0,0,0,0,0,0,0,0
ubt,bintrie,5,4,storage_sstore_k1,19,,9666,15904325,1,9.3035,10.2875,39.4557,2.9785,63.9631,248.6485,8,702,2,191,3,0,702,0,0,0,2,6,25,201,501,28.63,2,0,100,191,0
ubt,bintrie,5,4,storage_sstore_k1,19,,9667,21000,1,0.056,4.2822,31.2826,0.5873,36.3989,0.5769,6,0,0,0,2,0,0,0,0,0,2,4,33.33,0,0,0,0,0,0,0,0
ubt,bintrie,5,4,storage_sstore_k1,1,,9535,0,0,0.0603,47.4818,0.0023,0.2235,48.0864,0,4,0,0,0,0,0,0,0,0,0,0,4,0,0,0,0,0,0,0,0,0
ubt,bintrie,5,4,storage_sstore_k1,1,,9536,0,0,0.0596,9.2831,0.0022,0.1583,9.771,0,4,0,0,0,0,0,0,0,0,0,0,4,0,0,0,0,0,0,0,0,0
ubt,bintrie,5,4,storage_sstore_k1,1,,9537,0,0,0.0583,8.6893,0.0022,0.1501,11.3588,0,4,0,0,0,0,0,0,0,0,0,0,4,0,0,0,0,0,0,0,0,0
ubt,bintrie,5,4,storage_sstore_k1,1,,9538,0,0,0.0317,41.8119,0.0028,0.1389,42.1262,0,4,0,0,0,0,0,0,0,0,0,0,4,0,0,0,0,0,0,0,0,0
ubt,bintrie,5,4,storage_sstore_k1,1,,9539,86918,2,0.2582,9.7463,9.5168,4.3038,24.008,3.6204,11,0,0,0,3,0,0,0,1,163,4,7,36.36,0,0,0,0,0,0,0,0
ubt,bintrie,5,4,storage_sstore_k1,1,,9540,15904325,1,7.3761,10.6183,33.0377,3.6004,56.0037,283.9869,8,702,2,191,3,0,702,0,0,0,3,5,37.5,80,622,11.4,2,0,100,191,0
ubt,bintrie,5,4,storage_sstore_k1,1,,9541,21000,1,0.0641,3.4086,29.8068,0.5203,38.3466,0.5476,6,0,0,0,2,0,0,0,0,0,2,4,33.33,0,0,0,0,0,0,0,0
ubt,bintrie,5,4,storage_sstore_k1,20,,9668,0,0,0.0532,50.6647,0.0031,0.2059,51.1682,0,4,0,0,0,0,0,0,0,0,0,0,4,0,0,0,0,0,0,0,0,0
ubt,bintrie,5,4,storage_sstore_k1,20,,9669,0,0,0.0458,10.5349,0.0023,2.7715,13.5442,0,4,0,0,0,0,0,0,0,0,0,0,4,0,0,0,0,0,0,0,0,0
ubt,bintrie,5,4,storage_sstore_k1,20,,9670,0,0,0.0559,16.9078,0.0052,0.2319,17.8981,0,4,0,0,0,0,0,0,0,0,0,0,4,0,0,0,0,0,0,0,0,0
ubt,bintrie,5,4,storage_sstore_k1,20,,9671,0,0,0.039,0.7863,0.003,0.1789,1.2186,0,4,0,0,0,0,0,0,0,0,0,0,4,0,0,0,0,0,0,0,0,0
ubt,bintrie,5,4,storage_sstore_k1,20,,9672,86918,2,0.0818,3.3467,12.5163,10.4906,34.5672,2.5145,11,0,0,0,3,0,0,0,1,163,7,4,63.64,0,0,0,0,0,0,0,0
ubt,bintrie,5,4,storage_sstore_k1,20,,9673,15904325,1,8.2436,10.3258,36.7558,3.3779,60.4286,263.1921,8,702,2,191,3,0,702,0,0,0,2,6,25,179,523,25.5,2,0,100,191,0
ubt,bintrie,5,4,storage_sstore_k1,20,,9674,21000,1,0.0558,10.5807,30.9651,0.5762,42.3557,0.4958,6,0,0,0,2,0,0,0,0,0,2,4,33.33,0,0,0,0,0,0,0,0
ubt,bintrie,5,4,storage_sstore_k1,2,,9542,0,0,0.0658,29.0751,0.0028,0.2333,29.6484,0,4,0,0,0,0,0,0,0,0,0,0,4,0,0,0,0,0,0,0,0,0
ubt,bintrie,5,4,storage_sstore_k1,2,,9543,0,0,0.0971,13.7424,0.0018,0.1665,14.2035,0,4,0,0,0,0,0,0,0,0,0,0,4,0,0,0,0,0,0,0,0,0
ubt,bintrie,5,4,storage_sstore_k1,2,,9544,0,0,0.0352,20.5999,0.0032,6.8225,30.2043,0,4,0,0,0,0,0,0,0,0,0,0,4,0,0,0,0,0,0,0,0,0
ubt,bintrie,5,4,storage_sstore_k1,2,,9545,0,0,0.046,26.5993,0.0023,0.1659,27.0564,0,4,0,0,0,0,0,0,0,0,0,0,4,0,0,0,0,0,0,0,0,0
ubt,bintrie,5,4,storage_sstore_k1,2,,9546,86918,2,0.1927,12.5638,7.5697,5.3081,25.8176,3.3666,11,0,0,0,3,0,0,0,1,163,5,6,45.45,0,0,0,0,0,0,0,0
ubt,bintrie,5,4,storage_sstore_k1,2,,9547,15904325,1,7.5973,10.9092,35.7858,3.0396,58.6543,271.1535,8,702,2,191,3,0,702,0,0,0,4,4,50,101,601,14.39,2,0,100,191,0
ubt,bintrie,5,4,storage_sstore_k1,2,,9548,21000,1,0.0561,14.9135,2.4732,0.6184,36.6852,0.5724,6,0,0,0,2,0,0,0,0,0,2,4,33.33,0,0,0,0,0,0,0,0
ubt,bintrie,5,4,storage_sstore_k1,3,,9549,0,0,0.0589,38.1035,0.003,0.2047,38.601,0,4,0,0,0,0,0,0,0,0,0,0,4,0,0,0,0,0,0,0,0,0
ubt,bintrie,5,4,storage_sstore_k1,3,,9550,0,0,0.0378,10.2256,0.0022,0.1878,10.638,0,4,0,0,0,0,0,0,0,0,0,0,4,0,0,0,0,0,0,0,0,0
ubt,bintrie,5,4,storage_sstore_k1,3,,9551,0,0,0.0469,5.7379,0.0023,0.1054,9.7464,0,4,0,0,0,0,0,0,0,0,0,0,4,0,0,0,0,0,0,0,0,0
ubt,bintrie,5,4,storage_sstore_k1,3,,9552,0,0,0.0402,37.0773,0.0029,0.1892,37.4632,0,4,0,0,0,0,0,0,0,0,0,0,4,0,0,0,0,0,0,0,0,0
ubt,bintrie,5,4,storage_sstore_k1,3,,9553,86918,2,0.1101,7.2482,12.7055,5.8111,26.6439,3.2622,11,0,0,0,3,0,0,0,1,163,6,5,54.55,0,0,0,0,0,0,0,0
ubt,bintrie,5,4,storage_sstore_k1,3,,9554,15904325,1,8.6494,12.7523,31.6192,3.8141,57.0226,278.9125,8,702,2,191,3,0,702,0,0,0,2,6,25,162,540,23.08,2,0,100,191,0
ubt,bintrie,5,4,storage_sstore_k1,3,,9555,21000,1,0.0851,31.1829,2.3488,0.5212,34.4382,0.6098,6,0,0,0,2,0,0,0,0,0,2,4,33.33,0,0,0,0,0,0,0,0
ubt,bintrie,5,4,storage_sstore_k1,4,,9556,0,0,0.0804,16.5229,0.0024,0.1727,17.0365,0,4,0,0,0,0,0,0,0,0,0,0,4,0,0,0,0,0,0,0,0,0
ubt,bintrie,5,4,storage_sstore_k1,4,,9557,0,0,0.1695,0.6833,0.0013,0.122,1.1697,0,4,0,0,0,0,0,0,0,0,0,0,4,0,0,0,0,0,0,0,0,0
ubt,bintrie,5,4,storage_sstore_k1,4,,9558,0,0,0.0482,9.6163,0.0024,0.2227,15.4094,0,4,0,0,0,0,0,0,0,0,0,0,4,0,0,0,0,0,0,0,0,0
ubt,bintrie,5,4,storage_sstore_k1,4,,9559,0,0,0.0291,21.8711,0.0031,0.1754,22.2506,0,4,0,0,0,0,0,0,0,0,0,0,4,0,0,0,0,0,0,0,0,0
ubt,bintrie,5,4,storage_sstore_k1,4,,9560,86918,2,0.1752,10.4037,11.4927,5.0994,27.401,3.1721,11,0,0,0,3,0,0,0,1,163,6,5,54.55,0,0,0,0,0,0,0,0
ubt,bintrie,5,4,storage_sstore_k1,4,,9561,15904325,1,8.4599,18.6621,30.0388,3.5757,60.9384,260.9901,8,702,2,191,3,0,702,0,0,0,3,5,37.5,62,640,8.83,2,0,100,191,0
ubt,bintrie,5,4,storage_sstore_k1,4,,9562,21000,1,0.0594,2.9546,19.0995,0.7724,23.0928,0.9094,6,0,0,0,2,0,0,0,0,0,2,4,33.33,0,0,0,0,0,0,0,0
ubt,bintrie,5,4,storage_sstore_k1,5,,9563,0,0,0.0721,36.9075,0.0029,0.329,37.6026,0,4,0,0,0,0,0,0,0,0,0,0,4,0,0,0,0,0,0,0,0,0
ubt,bintrie,5,4,storage_sstore_k1,5,,9564,0,0,0.043,4.2751,0.0031,0.168,4.7379,0,4,0,0,0,0,0,0,0,0,0,0,4,0,0,0,0,0,0,0,0,0
ubt,bintrie,5,4,storage_sstore_k1,5,,9565,0,0,0.0242,5.7243,0.0018,0.1067,6.0165,0,4,0,0,0,0,0,0,0,0,0,0,4,0,0,0,0,0,0,0,0,0
ubt,bintrie,5,4,storage_sstore_k1,5,,9566,0,0,0.049,24.1429,0.003,0.2026,24.6439,0,4,0,0,0,0,0,0,0,0,0,0,4,0,0,0,0,0,0,0,0,0
ubt,bintrie,5,4,storage_sstore_k1,5,,9567,86918,2,0.1249,1.0987,18.5279,4.9897,25.0304,3.4725,11,0,0,0,3,0,0,0,1,163,5,6,45.45,0,0,0,0,0,0,0,0
ubt,bintrie,5,4,storage_sstore_k1,5,,9568,15904325,1,12.4725,14.3249,38.6557,3.0423,71.2017,223.3701,8,702,2,191,3,0,702,0,0,0,3,5,37.5,82,620,11.68,2,0,100,191,0
ubt,bintrie,5,4,storage_sstore_k1,5,,9569,21000,1,0.0847,3.2089,28.8856,0.6026,38.8225,0.5409,6,0,0,0,2,0,0,0,0,0,2,4,33.33,0,0,0,0,0,0,0,0
ubt,bintrie,5,4,storage_sstore_k1,6,,9570,0,0,0.0569,46.6473,0.0029,0.1623,47.1166,0,4,0,0,0,0,0,0,0,0,0,0,4,0,0,0,0,0,0,0,0,0
ubt,bintrie,5,4,storage_sstore_k1,6,,9571,0,0,0.0418,11.4167,0.0023,2.1302,13.7867,0,4,0,0,0,0,0,0,0,0,0,0,4,0,0,0,0,0,0,0,0,0
ubt,bintrie,5,4,storage_sstore_k1,6,,9572,0,0,0.0432,18.8168,0.0023,0.1157,19.1638,0,4,0,0,0,0,0,0,0,0,0,0,4,0,0,0,0,0,0,0,0,0
ubt,bintrie,5,4,storage_sstore_k1,6,,9573,0,0,0.0388,22.6475,0.0039,0.2084,23.2553,0,4,0,0,0,0,0,0,0,0,0,0,4,0,0,0,0,0,0,0,0,0
ubt,bintrie,5,4,storage_sstore_k1,6,,9574,86918,2,0.1233,3.8089,15.911,7.3119,27.3246,3.1809,11,0,0,0,3,0,0,0,1,163,5,6,45.45,0,0,0,0,0,0,0,0
ubt,bintrie,5,4,storage_sstore_k1,6,,9575,15904325,1,8.3452,12.5352,34.3954,3.2425,59.1947,268.6783,8,702,2,191,3,0,702,0,0,0,3,5,37.5,62,640,8.83,2,0,100,191,0
ubt,bintrie,5,4,storage_sstore_k1,6,,9576,21000,1,0.0715,8.1748,31.7063,0.8321,40.96,0.5127,6,0,0,0,2,0,0,0,0,0,2,4,33.33,0,0,0,0,0,0,0,0
ubt,bintrie,5,4,storage_sstore_k1,7,,9577,0,0,0.0684,42.3384,0.0022,0.1534,42.8437,0,4,0,0,0,0,0,0,0,0,0,0,4,0,0,0,0,0,0,0,0,0
ubt,bintrie,5,4,storage_sstore_k1,7,,9578,0,0,0.1695,2.9323,0.0017,0.1416,3.4179,0,4,0,0,0,0,0,0,0,0,0,0,4,0,0,0,0,0,0,0,0,0
ubt,bintrie,5,4,storage_sstore_k1,7,,9579,0,0,0.0448,3.4057,0.0019,0.1759,4.1712,0,4,0,0,0,0,0,0,0,0,0,0,4,0,0,0,0,0,0,0,0,0
ubt,bintrie,5,4,storage_sstore_k1,7,,9580,0,0,0.0422,14.3412,0.0026,0.1874,14.7299,0,4,0,0,0,0,0,0,0,0,0,0,4,0,0,0,0,0,0,0,0,0
ubt,bintrie,5,4,storage_sstore_k1,7,,9581,86918,2,0.2811,5.3635,3.7173,5.2344,14.7875,5.8778,11,0,0,0,3,0,0,0,1,163,4,7,36.36,0,0,0,0,0,0,0,0
ubt,bintrie,5,4,storage_sstore_k1,7,,9582,15904325,1,8.6611,22.8472,20.7812,3.1758,55.6509,285.7876,8,702,2,191,3,0,702,0,0,0,3,5,37.5,146,556,20.8,2,0,100,191,0
ubt,bintrie,5,4,storage_sstore_k1,7,,9583,21000,1,0.0758,7.9095,30.3983,0.5076,39.178,0.536,6,0,0,0,2,0,0,0,0,0,2,4,33.33,0,0,0,0,0,0,0,0
ubt,bintrie,5,4,storage_sstore_k1,8,,9584,0,0,0.0726,5.112,0.0017,0.2854,5.7072,0,4,0,0,0,0,0,0,0,0,0,0,4,0,0,0,0,0,0,0,0,0
ubt,bintrie,5,4,storage_sstore_k1,8,,9585,0,0,0.0277,0.9193,0.002,0.2224,3.5991,0,4,0,0,0,0,0,0,0,0,0,0,4,0,0,0,0,0,0,0,0,0
ubt,bintrie,5,4,storage_sstore_k1,8,,9586,0,0,0.0453,5.1013,0.0021,0.1331,5.4907,0,4,0,0,0,0,0,0,0,0,0,0,4,0,0,0,0,0,0,0,0,0
ubt,bintrie,5,4,storage_sstore_k1,8,,9587,0,0,0.0447,38.7478,0.0073,0.1749,39.1902,0,4,0,0,0,0,0,0,0,0,0,0,4,0,0,0,0,0,0,0,0,0
ubt,bintrie,5,4,storage_sstore_k1,8,,9588,86918,2,0.0855,3.1,1.1086,10.9688,17.1731,5.0613,11,0,0,0,3,0,0,0,1,163,6,5,54.55,0,0,0,0,0,0,0,0
ubt,bintrie,5,4,storage_sstore_k1,8,,9589,15904325,1,8.0339,10.5186,45.8035,2.9033,69.1158,230.1112,8,702,2,191,3,0,702,0,0,0,4,4,50,218,484,31.05,2,0,100,191,0
ubt,bintrie,5,4,storage_sstore_k1,8,,9590,21000,1,0.065,5.7855,21.072,0.7665,27.883,0.7531,6,0,0,0,2,0,0,0,0,0,2,4,33.33,0,0,0,0,0,0,0,0
ubt,bintrie,5,4,storage_sstore_k1,9,,9591,0,0,0.0576,28.5134,0.0038,0.766,29.5804,0,4,0,0,0,0,0,0,0,0,0,0,4,0,0,0,0,0,0,0,0,0
ubt,bintrie,5,4,storage_sstore_k1,9,,9592,0,0,0.0459,24.532,0.0029,0.1954,24.9524,0,4,0,0,0,0,0,0,0,0,0,0,4,0,0,0,0,0,0,0,0,0
ubt,bintrie,5,4,storage_sstore_k1,9,,9593,0,0,0.0328,2.8123,0.0019,0.1537,3.2154,0,4,0,0,0,0,0,0,0,0,0,0,4,0,0,0,0,0,0,0,0,0
ubt,bintrie,5,4,storage_sstore_k1,9,,9594,0,0,0.0364,4.443,0.0018,0.1597,4.8193,0,4,0,0,0,0,0,0,0,0,0,0,4,0,0,0,0,0,0,0,0,0
ubt,bintrie,5,4,storage_sstore_k1,9,,9595,86918,2,0.1002,2.6883,0.4657,4.3837,19.3478,4.4924,11,0,0,0,3,0,0,0,1,163,7,4,63.64,0,0,0,0,0,0,0,0
ubt,bintrie,5,4,storage_sstore_k1,9,,9596,15904325,1,10.6459,30.0673,14.3968,2.9344,58.3297,272.6626,8,702,2,191,3,0,702,0,0,0,3,5,37.5,52,650,7.41,2,0,100,191,0
ubt,bintrie,5,4,storage_sstore_k1,9,,9597,21000,1,0.065,2.4659,2.6554,0.7659,6.1151,3.4341,6,0,0,0,2,0,0,0,0,0,2,4,33.33,0,0,0,0,0,0,0,0
ubt,bintrie,5,4,storage_sstore_k10,10,,9738,0,0,0.0878,7.6462,0.0016,0.1935,8.2303,0,4,0,0,0,0,0,0,0,0,0,0,4,0,0,0,0,0,0,0,0,0
ubt,bintrie,5,4,storage_sstore_k10,10,,9739,0,0,0.0458,0.9825,0.0016,0.1749,1.3988,0,4,0,0,0,0,0,0,0,0,0,0,4,0,0,0,0,0,0,0,0,0
ubt,bintrie,5,4,storage_sstore_k10,10,,9740,0,0,0.0356,23.5308,0.0026,0.5142,24.277,0,4,0,0,0,0,0,0,0,0,0,0,4,0,0,0,0,0,0,0,0,0
ubt,bintrie,5,4,storage_sstore_k10,10,,9741,0,0,0.0242,7.9213,0.0017,0.1457,8.2468,0,4,0,0,0,0,0,0,0,0,0,0,4,0,0,0,0,0,0,0,0,0
ubt,bintrie,5,4,storage_sstore_k10,10,,9742,86950,2,0.1275,3.3295,3.4864,5.1972,12.2955,7.0717,11,0,0,0,3,0,0,0,1,165,5,6,45.45,0,0,0,0,0,0,0,0
ubt,bintrie,5,4,storage_sstore_k10,10,,9743,15907300,1,11.0486,13.3607,39.9326,3.2888,70.8588,224.493,17,764,11,445,12,0,692,0,0,0,7,10,41.18,200,564,26.18,11,0,100,445,0
ubt,bintrie,5,4,storage_sstore_k10,10,,9744,21000,1,0.0601,2.5221,2.2625,0.5515,5.5972,3.7519,6,0,0,0,2,0,0,0,0,0,2,4,33.33,0,0,0,0,0,0,0,0
ubt,bintrie,5,4,storage_sstore_k10,11,,9745,0,0,0.0595,26.797,0.0029,0.2508,27.4012,0,4,0,0,0,0,0,0,0,0,0,0,4,0,0,0,0,0,0,0,0,0
ubt,bintrie,5,4,storage_sstore_k10,11,,9746,0,0,0.0246,0.8292,0.0015,0.121,3.2554,0,4,0,0,0,0,0,0,0,0,0,0,4,0,0,0,0,0,0,0,0,0
ubt,bintrie,5,4,storage_sstore_k10,11,,9747,0,0,0.0571,3.9105,0.0026,0.1536,4.6575,0,4,0,0,0,0,0,0,0,0,0,0,4,0,0,0,0,0,0,0,0,0
ubt,bintrie,5,4,storage_sstore_k10,11,,9748,0,0,0.0432,12.8037,0.0018,0.4052,13.7602,0,4,0,0,0,0,0,0,0,0,0,0,4,0,0,0,0,0,0,0,0,0
ubt,bintrie,5,4,storage_sstore_k10,11,,9749,86950,2,0.1892,22.8053,3.5406,10.0156,36.8364,2.3604,11,0,0,0,3,0,0,0,1,165,5,6,45.45,0,0,0,0,0,0,0,0
ubt,bintrie,5,4,storage_sstore_k10,11,,9750,15907300,1,10.6451,13.3495,43.7188,3.9559,73.6701,215.9261,17,764,11,445,12,0,692,0,0,0,3,14,17.65,174,590,22.77,11,0,100,445,0
ubt,bintrie,5,4,storage_sstore_k10,11,,9751,21000,1,0.0986,5.1789,6.6306,0.5257,12.6268,1.6631,6,0,0,0,2,0,0,0,0,0,2,4,33.33,0,0,0,0,0,0,0,0
ubt,bintrie,5,4,storage_sstore_k10,12,,9752,0,0,0.0572,9.5154,0.0076,0.202,10.0136,0,4,0,0,0,0,0,0,0,0,0,0,4,0,0,0,0,0,0,0,0,0
ubt,bintrie,5,4,storage_sstore_k10,12,,9753,0,0,0.0228,0.8191,0.0028,0.2399,8.4277,0,4,0,0,0,0,0,0,0,0,0,0,4,0,0,0,0,0,0,0,0,0
ubt,bintrie,5,4,storage_sstore_k10,12,,9754,0,0,0.0355,0.6335,0.0025,0.1736,8.4201,0,4,0,0,0,0,0,0,0,0,0,0,4,0,0,0,0,0,0,0,0,0
ubt,bintrie,5,4,storage_sstore_k10,12,,9755,0,0,0.0338,16.0112,0.0034,0.1709,33.3562,0,4,0,0,0,0,0,0,0,0,0,0,4,0,0,0,0,0,0,0,0,0
ubt,bintrie,5,4,storage_sstore_k10,12,,9756,86950,2,0.145,2.7628,16.7597,5.4363,25.2779,3.4398,11,0,0,0,3,0,0,0,1,165,6,5,54.55,0,0,0,0,0,0,0,0
ubt,bintrie,5,4,storage_sstore_k10,12,,9757,15907300,1,9.6235,11.2981,9.2271,6.9421,37.2567,426.965,17,764,11,445,12,0,692,0,0,0,5,12,29.41,221,543,28.93,11,0,100,445,0
ubt,bintrie,5,4,storage_sstore_k10,12,,9758,21000,1,0.0559,2.4248,4.9085,0.4889,8.0423,2.6112,6,0,0,0,2,0,0,0,0,0,2,4,33.33,0,0,0,0,0,0,0,0
ubt,bintrie,5,4,storage_sstore_k10,13,,9759,0,0,0.0557,48.1208,0.0025,0.2378,48.6841,0,4,0,0,0,0,0,0,0,0,0,0,4,0,0,0,0,0,0,0,0,0
ubt,bintrie,5,4,storage_sstore_k10,13,,9760,0,0,0.0428,14.477,0.0027,0.1627,14.96,0,4,0,0,0,0,0,0,0,0,0,0,4,0,0,0,0,0,0,0,0,0
ubt,bintrie,5,4,storage_sstore_k10,13,,9761,0,0,0.0357,20.9143,0.0028,0.1865,32.0384,0,4,0,0,0,0,0,0,0,0,0,0,4,0,0,0,0,0,0,0,0,0
ubt,bintrie,5,4,storage_sstore_k10,13,,9762,0,0,0.0443,15.7659,0.0025,0.1553,16.1939,0,4,0,0,0,0,0,0,0,0,0,0,4,0,0,0,0,0,0,0,0,0
ubt,bintrie,5,4,storage_sstore_k10,13,,9763,86950,2,0.1105,2.9834,3.5942,5.4869,12.3513,7.0398,11,0,0,0,3,0,0,0,1,165,6,5,54.55,0,0,0,0,0,0,0,0
ubt,bintrie,5,4,storage_sstore_k10,13,,9764,15907300,1,8.6635,12.9438,36.808,3.2723,63.3569,251.0747,17,764,11,445,12,0,692,0,0,0,4,13,23.53,131,633,17.15,11,0,100,445,0
ubt,bintrie,5,4,storage_sstore_k10,13,,9765,21000,1,0.0617,9.0641,14.1039,0.7688,24.1929,0.868,6,0,0,0,2,0,0,0,0,0,2,4,33.33,0,0,0,0,0,0,0,0
ubt,bintrie,5,4,storage_sstore_k10,14,,9766,0,0,0.0432,4.1745,0.0012,0.1486,4.568,0,4,0,0,0,0,0,0,0,0,0,0,4,0,0,0,0,0,0,0,0,0
ubt,bintrie,5,4,storage_sstore_k10,14,,9767,0,0,0.0236,13.285,0.0017,0.097,13.5643,0,4,0,0,0,0,0,0,0,0,0,0,4,0,0,0,0,0,0,0,0,0
ubt,bintrie,5,4,storage_sstore_k10,14,,9768,0,0,0.0296,0.9724,0.0017,0.639,2.247,0,4,0,0,0,0,0,0,0,0,0,0,4,0,0,0,0,0,0,0,0,0
ubt,bintrie,5,4,storage_sstore_k10,14,,9769,0,0,0.0576,6.9194,0.0027,0.1429,7.3093,0,4,0,0,0,0,0,0,0,0,0,0,4,0,0,0,0,0,0,0,0,0
ubt,bintrie,5,4,storage_sstore_k10,14,,9770,86950,2,0.1074,3.0539,21.9101,7.5007,32.768,2.6535,11,0,0,0,3,0,0,0,1,165,6,5,54.55,0,0,0,0,0,0,0,0
ubt,bintrie,5,4,storage_sstore_k10,14,,9771,15907300,1,9.0684,12.7843,8.9525,11.2603,44.3503,358.674,17,764,11,445,12,0,692,0,0,0,4,13,23.53,176,588,23.04,11,0,100,445,0
ubt,bintrie,5,4,storage_sstore_k10,14,,9772,21000,1,0.051,2.5128,2.3158,0.4866,5.5333,3.7952,6,0,0,0,2,0,0,0,0,0,2,4,33.33,0,0,0,0,0,0,0,0
ubt,bintrie,5,4,storage_sstore_k10,15,,9773,0,0,0.031,4.9815,0.0017,0.2759,5.4474,0,4,0,0,0,0,0,0,0,0,0,0,4,0,0,0,0,0,0,0,0,0
ubt,bintrie,5,4,storage_sstore_k10,15,,9774,0,0,0.0225,1.3053,0.0027,14.3802,40.2144,0,4,0,0,0,0,0,0,0,0,0,0,4,0,0,0,0,0,0,0,0,0
ubt,bintrie,5,4,storage_sstore_k10,15,,9775,0,0,0.0216,0.7959,0.0023,0.221,4.6487,0,4,0,0,0,0,0,0,0,0,0,0,4,0,0,0,0,0,0,0,0,0
ubt,bintrie,5,4,storage_sstore_k10,15,,9776,0,0,0.0442,34.2118,0.0033,0.2005,34.6804,0,4,0,0,0,0,0,0,0,0,0,0,4,0,0,0,0,0,0,0,0,0
ubt,bintrie,5,4,storage_sstore_k10,15,,9777,86950,2,0.1747,16.578,2.8388,4.4731,24.2824,3.5808,11,0,0,0,3,0,0,0,1,165,6,5,54.55,0,0,0,0,0,0,0,0
ubt,bintrie,5,4,storage_sstore_k10,15,,9778,15907300,1,14.8366,33.6571,5.9651,3.6677,58.2709,272.9889,17,764,11,445,12,0,692,0,0,0,4,13,23.53,219,545,28.66,11,0,100,445,0
ubt,bintrie,5,4,storage_sstore_k10,15,,9779,21000,1,0.1955,34.7333,2.4502,0.6081,38.1851,0.55,6,0,0,0,2,0,0,0,0,0,0,6,0,0,0,0,0,0,0,0,0
ubt,bintrie,5,4,storage_sstore_k10,16,,9780,0,0,0.0363,5.4806,0.0014,0.1547,6.2584,0,4,0,0,0,0,0,0,0,0,0,0,4,0,0,0,0,0,0,0,0,0
ubt,bintrie,5,4,storage_sstore_k10,16,,9781,0,0,0.0424,23.6299,0.0028,0.1589,24.0002,0,4,0,0,0,0,0,0,0,0,0,0,4,0,0,0,0,0,0,0,0,0
ubt,bintrie,5,4,storage_sstore_k10,16,,9782,0,0,0.0348,0.5435,0.0014,0.1074,0.9289,0,4,0,0,0,0,0,0,0,0,0,0,4,0,0,0,0,0,0,0,0,0
ubt,bintrie,5,4,storage_sstore_k10,16,,9783,0,0,0.0294,1.0782,0.0024,0.1685,1.9749,0,4,0,0,0,0,0,0,0,0,0,0,4,0,0,0,0,0,0,0,0,0
ubt,bintrie,5,4,storage_sstore_k10,16,,9784,86950,2,0.0984,2.907,13.9254,12.481,29.6099,2.9365,11,0,0,0,3,0,0,0,1,165,7,4,63.64,0,0,0,0,0,0,0,0
ubt,bintrie,5,4,storage_sstore_k10,16,,9785,15907300,1,8.4839,11.8573,38.526,3.201,63.5799,250.1937,17,764,11,445,12,0,692,0,0,0,6,11,35.29,185,579,24.21,11,0,100,445,0
ubt,bintrie,5,4,storage_sstore_k10,16,,9786,21000,1,0.0892,17.7382,2.2187,0.662,35.9635,0.5839,6,0,0,0,2,0,0,0,0,0,2,4,33.33,0,0,0,0,0,0,0,0
ubt,bintrie,5,4,storage_sstore_k10,17,,9787,0,0,0.6272,5.2625,0.0021,0.1698,6.2419,0,4,0,0,0,0,0,0,0,0,0,0,4,0,0,0,0,0,0,0,0,0
ubt,bintrie,5,4,storage_sstore_k10,17,,9788,0,0,0.0565,28.9156,0.0033,0.176,29.4552,0,4,0,0,0,0,0,0,0,0,0,0,4,0,0,0,0,0,0,0,0,0
ubt,bintrie,5,4,storage_sstore_k10,17,,9789,0,0,0.0392,0.813,0.0017,0.1813,1.2861,0,4,0,0,0,0,0,0,0,0,0,0,4,0,0,0,0,0,0,0,0,0
ubt,bintrie,5,4,storage_sstore_k10,17,,9790,0,0,0.0293,7.4022,0.0025,0.1676,7.7915,0,4,0,0,0,0,0,0,0,0,0,0,4,0,0,0,0,0,0,0,0,0
ubt,bintrie,5,4,storage_sstore_k10,17,,9791,86950,2,0.3391,19.1692,6.5538,4.7587,30.9945,2.8053,11,0,0,0,3,0,0,0,1,165,4,7,36.36,0,0,0,0,0,0,0,0
ubt,bintrie,5,4,storage_sstore_k10,17,,9792,15907300,1,12.4827,38.7475,6.018,3.3931,60.7985,261.6396,17,764,11,445,12,0,692,0,0,0,5,12,29.41,111,653,14.53,11,0,100,445,0
ubt,bintrie,5,4,storage_sstore_k10,17,,9793,21000,1,0.2173,22.2719,0.5519,0.7267,27.303,0.7691,6,0,0,0,2,0,0,0,0,0,0,6,0,0,0,0,0,0,0,0,0
ubt,bintrie,5,4,storage_sstore_k10,18,,9794,0,0,0.0287,5.8105,0.0023,0.1577,6.7653,0,4,0,0,0,0,0,0,0,0,0,0,4,0,0,0,0,0,0,0,0,0
ubt,bintrie,5,4,storage_sstore_k10,18,,9795,0,0,0.0586,29.1231,0.0023,0.1119,29.5329,0,4,0,0,0,0,0,0,0,0,0,0,4,0,0,0,0,0,0,0,0,0
ubt,bintrie,5,4,storage_sstore_k10,18,,9796,0,0,0.038,22.9357,0.0036,1.657,24.7843,0,4,0,0,0,0,0,0,0,0,0,0,4,0,0,0,0,0,0,0,0,0
ubt,bintrie,5,4,storage_sstore_k10,18,,9797,0,0,0.0377,0.9298,0.0014,0.1779,1.3849,0,4,0,0,0,0,0,0,0,0,0,0,4,0,0,0,0,0,0,0,0,0
ubt,bintrie,5,4,storage_sstore_k10,18,,9798,86950,2,0.3255,16.6017,14.1466,4.8724,36.1601,2.4046,11,0,0,0,3,0,0,0,1,165,4,7,36.36,0,0,0,0,0,0,0,0
ubt,bintrie,5,4,storage_sstore_k10,18,,9799,15907300,1,14.0407,27.2675,6.3592,3.0657,50.9106,312.4555,17,764,11,445,12,0,692,0,0,0,5,12,29.41,313,451,40.97,11,0,100,445,0
ubt,bintrie,5,4,storage_sstore_k10,18,,9800,21000,1,0.1442,10.1139,7.5533,0.7484,21.0951,0.9955,6,0,0,0,2,0,0,0,0,0,0,6,0,0,0,0,0,0,0,0,0
ubt,bintrie,5,4,storage_sstore_k10,19,,9801,0,0,0.033,1.4601,0.0033,0.3946,14.1228,0,4,0,0,0,0,0,0,0,0,0,0,4,0,0,0,0,0,0,0,0,0
ubt,bintrie,5,4,storage_sstore_k10,19,,9802,0,0,0.0234,0.9397,0.002,3.3279,6.7954,0,4,0,0,0,0,0,0,0,0,0,0,4,0,0,0,0,0,0,0,0,0
ubt,bintrie,5,4,storage_sstore_k10,19,,9803,0,0,0.0539,24.1667,0.0028,0.293,24.7414,0,4,0,0,0,0,0,0,0,0,0,0,4,0,0,0,0,0,0,0,0,0
ubt,bintrie,5,4,storage_sstore_k10,19,,9804,0,0,0.04,9.395,0.0024,0.1563,9.7788,0,4,0,0,0,0,0,0,0,0,0,0,4,0,0,0,0,0,0,0,0,0
ubt,bintrie,5,4,storage_sstore_k10,19,,9805,86950,2,0.1768,17.934,14.4661,4.9475,37.7144,2.3055,11,0,0,0,3,0,0,0,1,165,4,7,36.36,0,0,0,0,0,0,0,0
ubt,bintrie,5,4,storage_sstore_k10,19,,9806,15907300,1,12.1554,25.3994,15.3757,3.4288,56.5773,281.1604,17,764,11,445,12,0,692,0,0,0,4,13,23.53,137,627,17.93,11,0,100,445,0
ubt,bintrie,5,4,storage_sstore_k10,19,,9807,21000,1,0.0622,9.0345,15.1759,0.764,25.2208,0.8326,6,0,0,0,2,0,0,0,0,0,2,4,33.33,0,0,0,0,0,0,0,0
ubt,bintrie,5,4,storage_sstore_k10,1,,9675,0,0,0.0634,49.0653,0.0032,0.2191,49.6177,0,4,0,0,0,0,0,0,0,0,0,0,4,0,0,0,0,0,0,0,0,0
ubt,bintrie,5,4,storage_sstore_k10,1,,9676,0,0,0.0481,13.2826,0.0033,1.8386,15.5976,0,4,0,0,0,0,0,0,0,0,0,0,4,0,0,0,0,0,0,0,0,0
ubt,bintrie,5,4,storage_sstore_k10,1,,9677,0,0,0.0737,18.0076,0.003,0.1625,18.4639,0,4,0,0,0,0,0,0,0,0,0,0,4,0,0,0,0,0,0,0,0,0
ubt,bintrie,5,4,storage_sstore_k10,1,,9678,0,0,0.0418,26.0395,0.0029,0.1776,27.3936,0,4,0,0,0,0,0,0,0,0,0,0,4,0,0,0,0,0,0,0,0,0
ubt,bintrie,5,4,storage_sstore_k10,1,,9679,86950,2,0.8505,2.9328,14.7645,4.9997,26.7938,3.2452,11,0,0,0,3,0,0,0,1,165,6,5,54.55,0,0,0,0,0,0,0,0
ubt,bintrie,5,4,storage_sstore_k10,1,,9680,15907300,1,13.2744,29.1302,13.0979,4.9525,60.6326,262.3557,17,764,11,445,12,0,692,0,0,0,4,13,23.53,37,727,4.84,11,0,100,445,0
ubt,bintrie,5,4,storage_sstore_k10,1,,9681,21000,1,0.2313,17.2259,2.5472,0.6096,22.7449,0.9233,6,0,0,0,2,0,0,0,0,0,0,6,0,0,0,0,0,0,0,0,0
ubt,bintrie,5,4,storage_sstore_k10,20,,9808,0,0,0.0463,7.0283,0.0019,0.1485,7.4417,0,4,0,0,0,0,0,0,0,0,0,0,4,0,0,0,0,0,0,0,0,0
ubt,bintrie,5,4,storage_sstore_k10,20,,9809,0,0,0.0637,31.3263,0.0027,0.123,31.7378,0,4,0,0,0,0,0,0,0,0,0,0,4,0,0,0,0,0,0,0,0,0
ubt,bintrie,5,4,storage_sstore_k10,20,,9810,0,0,0.0484,32.2114,0.0033,0.1683,32.6066,0,4,0,0,0,0,0,0,0,0,0,0,4,0,0,0,0,0,0,0,0,0
ubt,bintrie,5,4,storage_sstore_k10,20,,9811,0,0,0.0655,13.6727,0.0029,0.1584,14.1555,0,4,0,0,0,0,0,0,0,0,0,0,4,0,0,0,0,0,0,0,0,0
ubt,bintrie,5,4,storage_sstore_k10,20,,9812,86950,2,0.3738,19.1702,2.6478,5.1322,27.6595,3.1436,11,0,0,0,3,0,0,0,1,165,6,5,54.55,0,0,0,0,0,0,0,0
ubt,bintrie,5,4,storage_sstore_k10,20,,9813,15907300,1,9.6472,21.6892,7.0145,8.1786,49.0086,324.5819,17,764,11,445,12,0,692,0,0,0,5,12,29.41,167,597,21.86,11,0,100,445,0
ubt,bintrie,5,4,storage_sstore_k10,20,,9814,21000,1,0.0827,0.7603,1.2796,0.5879,27.3514,0.7678,6,0,0,0,2,0,0,0,0,0,2,4,33.33,0,0,0,0,0,0,0,0
ubt,bintrie,5,4,storage_sstore_k10,2,,9682,0,0,0.0584,18.593,0.003,0.2526,19.1465,0,4,0,0,0,0,0,0,0,0,0,0,4,0,0,0,0,0,0,0,0,0
ubt,bintrie,5,4,storage_sstore_k10,2,,9683,0,0,0.022,3.351,0.0023,0.1251,12.1492,0,4,0,0,0,0,0,0,0,0,0,0,4,0,0,0,0,0,0,0,0,0
ubt,bintrie,5,4,storage_sstore_k10,2,,9684,0,0,0.0483,58.4026,0.0038,2.8398,65.3137,0,4,0,0,0,0,0,0,0,0,0,0,4,0,0,0,0,0,0,0,0,0
ubt,bintrie,5,4,storage_sstore_k10,2,,9685,0,0,0.0351,31.1078,0.0028,0.2089,31.557,0,4,0,0,0,0,0,0,0,0,0,0,4,0,0,0,0,0,0,0,0,0
ubt,bintrie,5,4,storage_sstore_k10,2,,9686,86950,2,0.2395,3.0131,3.1902,5.5825,12.1753,7.1415,11,0,0,0,3,0,0,0,1,165,4,7,36.36,0,0,0,0,0,0,0,0
ubt,bintrie,5,4,storage_sstore_k10,2,,9687,15907300,1,9.4483,12.7774,43.524,3.3804,70.608,225.2904,17,764,11,445,12,0,692,0,0,0,7,10,41.18,236,528,30.89,11,0,100,445,0
ubt,bintrie,5,4,storage_sstore_k10,2,,9688,21000,1,0.0688,3.5309,31.4513,0.5889,35.8446,0.5859,6,0,0,0,2,0,0,0,0,0,2,4,33.33,0,0,0,0,0,0,0,0
ubt,bintrie,5,4,storage_sstore_k10,3,,9689,0,0,0.0619,19.6291,0.0039,0.2671,20.2484,0,4,0,0,0,0,0,0,0,0,0,0,4,0,0,0,0,0,0,0,0,0
ubt,bintrie,5,4,storage_sstore_k10,3,,9690,0,0,0.0368,1.8634,0.0023,2.4064,6.1842,0,4,0,0,0,0,0,0,0,0,0,0,4,0,0,0,0,0,0,0,0,0
ubt,bintrie,5,4,storage_sstore_k10,3,,9691,0,0,0.0289,57.2161,0.003,0.1098,57.5261,0,4,0,0,0,0,0,0,0,0,0,0,4,0,0,0,0,0,0,0,0,0
ubt,bintrie,5,4,storage_sstore_k10,3,,9692,0,0,0.0432,22.9375,0.0035,0.1853,23.3811,0,4,0,0,0,0,0,0,0,0,0,0,4,0,0,0,0,0,0,0,0,0
ubt,bintrie,5,4,storage_sstore_k10,3,,9693,86950,2,0.0997,3.3767,17.1394,5.3205,26.1457,3.3256,11,0,0,0,3,0,0,0,1,165,6,5,54.55,0,0,0,0,0,0,0,0
ubt,bintrie,5,4,storage_sstore_k10,3,,9694,15907300,1,8.6671,12.7786,43.9407,4.0338,71.442,222.6603,17,764,11,445,12,0,692,0,0,0,6,11,35.29,175,589,22.91,11,0,100,445,0
ubt,bintrie,5,4,storage_sstore_k10,3,,9695,21000,1,0.0781,8.9564,32.9918,0.6187,42.8665,0.4899,6,0,0,0,2,0,0,0,0,0,2,4,33.33,0,0,0,0,0,0,0,0
ubt,bintrie,5,4,storage_sstore_k10,4,,9696,0,0,0.0762,42.0855,0.0024,0.222,42.6495,0,4,0,0,0,0,0,0,0,0,0,0,4,0,0,0,0,0,0,0,0,0
ubt,bintrie,5,4,storage_sstore_k10,4,,9697,0,0,0.0396,2.767,0.0024,0.1141,3.1335,0,4,0,0,0,0,0,0,0,0,0,0,4,0,0,0,0,0,0,0,0,0
ubt,bintrie,5,4,storage_sstore_k10,4,,9698,0,0,0.0435,23.9164,0.0021,0.109,24.3132,0,4,0,0,0,0,0,0,0,0,0,0,4,0,0,0,0,0,0,0,0,0
ubt,bintrie,5,4,storage_sstore_k10,4,,9699,0,0,0.1105,14.7751,0.0031,0.1605,15.2638,0,4,0,0,0,0,0,0,0,0,0,0,4,0,0,0,0,0,0,0,0,0
ubt,bintrie,5,4,storage_sstore_k10,4,,9700,86950,2,0.158,3.7885,35.7601,7.6499,48.0641,1.809,11,0,0,0,3,0,0,0,1,165,5,6,45.45,0,0,0,0,0,0,0,0
ubt,bintrie,5,4,storage_sstore_k10,4,,9701,15907300,1,14.141,30.2111,13.9571,3.3231,61.835,257.254,17,764,11,445,12,0,692,0,0,0,2,15,11.76,65,699,8.51,11,0,100,445,0
ubt,bintrie,5,4,storage_sstore_k10,4,,9702,21000,1,0.2348,23.9815,8.8453,0.6673,48.1329,0.4363,6,0,0,0,2,0,0,0,0,0,0,6,0,0,0,0,0,0,0,0,0
ubt,bintrie,5,4,storage_sstore_k10,5,,9703,0,0,0.0599,35.4289,0.0023,0.2521,36.6797,0,4,0,0,0,0,0,0,0,0,0,0,4,0,0,0,0,0,0,0,0,0
ubt,bintrie,5,4,storage_sstore_k10,5,,9704,0,0,0.0231,0.7176,0.0016,0.1356,4.7864,0,4,0,0,0,0,0,0,0,0,0,0,4,0,0,0,0,0,0,0,0,0
ubt,bintrie,5,4,storage_sstore_k10,5,,9705,0,0,0.0474,41.8958,0.0026,0.8706,45.3171,0,4,0,0,0,0,0,0,0,0,0,0,4,0,0,0,0,0,0,0,0,0
ubt,bintrie,5,4,storage_sstore_k10,5,,9706,0,0,0.0512,2.8554,0.002,0.1344,3.2267,0,4,0,0,0,0,0,0,0,0,0,0,4,0,0,0,0,0,0,0,0,0
ubt,bintrie,5,4,storage_sstore_k10,5,,9707,86950,2,0.1645,24.0293,2.6615,4.471,31.6138,2.7504,11,0,0,0,3,0,0,0,1,165,6,5,54.55,0,0,0,0,0,0,0,0
ubt,bintrie,5,4,storage_sstore_k10,5,,9708,15907300,1,10.1149,20.9641,6.2033,3.4723,41.2637,385.5037,17,764,11,445,12,0,692,0,0,0,7,10,41.18,152,612,19.9,11,0,100,445,0
ubt,bintrie,5,4,storage_sstore_k10,5,,9709,21000,1,0.2158,16.4202,3.1087,0.7879,20.7638,1.0114,6,0,0,0,2,0,0,0,0,0,0,6,0,0,0,0,0,0,0,0,0
ubt,bintrie,5,4,storage_sstore_k10,6,,9710,0,0,0.0597,48.4469,0.0032,0.1669,48.9238,0,4,0,0,0,0,0,0,0,0,0,0,4,0,0,0,0,0,0,0,0,0
ubt,bintrie,5,4,storage_sstore_k10,6,,9711,0,0,0.0393,8.5069,0.002,0.6253,9.3972,0,4,0,0,0,0,0,0,0,0,0,0,4,0,0,0,0,0,0,0,0,0
ubt,bintrie,5,4,storage_sstore_k10,6,,9712,0,0,0.0392,21.9506,0.0024,0.1556,22.3395,0,4,0,0,0,0,0,0,0,0,0,0,4,0,0,0,0,0,0,0,0,0
ubt,bintrie,5,4,storage_sstore_k10,6,,9713,0,0,0.0456,12.7385,0.0036,12.702,25.6738,0,4,0,0,0,0,0,0,0,0,0,0,4,0,0,0,0,0,0,0,0,0
ubt,bintrie,5,4,storage_sstore_k10,6,,9714,86950,2,0.1693,4.0565,23.3938,6.859,34.7283,2.5037,11,0,0,0,3,0,0,0,1,165,5,6,45.45,0,0,0,0,0,0,0,0
ubt,bintrie,5,4,storage_sstore_k10,6,,9715,15907300,1,14.7974,19.9029,7.5946,3.6478,46.264,343.8374,17,764,11,445,12,0,692,0,0,0,2,15,11.76,190,574,24.87,11,0,100,445,0
ubt,bintrie,5,4,storage_sstore_k10,6,,9716,21000,1,0.224,14.9773,15.7283,0.9116,32.0783,0.6546,6,0,0,0,2,0,0,0,0,0,0,6,0,0,0,0,0,0,0,0,0
ubt,bintrie,5,4,storage_sstore_k10,7,,9717,0,0,0.0496,54.5985,0.0036,0.2142,55.1371,0,4,0,0,0,0,0,0,0,0,0,0,4,0,0,0,0,0,0,0,0,0
ubt,bintrie,5,4,storage_sstore_k10,7,,9718,0,0,0.0388,0.6956,0.0016,0.1427,1.0847,0,4,0,0,0,0,0,0,0,0,0,0,4,0,0,0,0,0,0,0,0,0
ubt,bintrie,5,4,storage_sstore_k10,7,,9719,0,0,0.0241,2.4342,0.0022,0.8702,4.7102,0,4,0,0,0,0,0,0,0,0,0,0,4,0,0,0,0,0,0,0,0,0
ubt,bintrie,5,4,storage_sstore_k10,7,,9720,0,0,0.0325,17.0853,0.0032,11.0347,28.3534,0,4,0,0,0,0,0,0,0,0,0,0,4,0,0,0,0,0,0,0,0,0
ubt,bintrie,5,4,storage_sstore_k10,7,,9721,86950,2,0.4435,1.054,23.3182,4.6898,29.7287,2.9248,11,0,0,0,3,0,0,0,1,165,4,7,36.36,0,0,0,0,0,0,0,0
ubt,bintrie,5,4,storage_sstore_k10,7,,9722,15907300,1,12.4367,23.4965,20.4693,3.1675,59.8197,265.921,17,764,11,445,12,0,692,0,0,0,2,15,11.76,276,488,36.13,11,0,100,445,0
ubt,bintrie,5,4,storage_sstore_k10,7,,9723,21000,1,0.0588,3.3445,32.6022,0.6675,36.8805,0.5694,6,0,0,0,2,0,0,0,0,0,2,4,33.33,0,0,0,0,0,0,0,0
ubt,bintrie,5,4,storage_sstore_k10,8,,9724,0,0,0.0828,8.8199,0.009,0.2885,35.036,0,4,0,0,0,0,0,0,0,0,0,0,4,0,0,0,0,0,0,0,0,0
ubt,bintrie,5,4,storage_sstore_k10,8,,9725,0,0,0.0383,21.6117,0.0055,0.1878,22.4977,0,4,0,0,0,0,0,0,0,0,0,0,4,0,0,0,0,0,0,0,0,0
ubt,bintrie,5,4,storage_sstore_k10,8,,9726,0,0,0.0384,6.4152,0.003,0.1517,6.795,0,4,0,0,0,0,0,0,0,0,0,0,4,0,0,0,0,0,0,0,0,0
ubt,bintrie,5,4,storage_sstore_k10,8,,9727,0,0,0.0538,33.9184,0.0036,0.1435,38.4785,0,4,0,0,0,0,0,0,0,0,0,0,4,0,0,0,0,0,0,0,0,0
ubt,bintrie,5,4,storage_sstore_k10,8,,9728,86950,2,0.0901,5.3671,44.4084,5.582,56.2832,1.5449,11,0,0,0,3,0,0,0,1,165,5,6,45.45,0,0,0,0,0,0,0,0
ubt,bintrie,5,4,storage_sstore_k10,8,,9729,15907300,1,17.9488,38.9595,6.6646,3.1364,66.8738,237.8704,17,764,11,445,12,0,692,0,0,0,8,9,47.06,415,349,54.32,11,0,100,445,0
ubt,bintrie,5,4,storage_sstore_k10,8,,9730,21000,1,0.104,34.9416,2.4071,0.6362,39.6223,0.53,6,0,0,0,2,0,0,0,0,0,1,5,16.67,0,0,0,0,0,0,0,0
ubt,bintrie,5,4,storage_sstore_k10,9,,9731,0,0,0.0606,11.0646,0.0019,0.2865,11.7126,0,4,0,0,0,0,0,0,0,0,0,0,4,0,0,0,0,0,0,0,0,0
ubt,bintrie,5,4,storage_sstore_k10,9,,9732,0,0,0.0182,0.6564,0.0015,0.5044,1.6378,0,4,0,0,0,0,0,0,0,0,0,0,4,0,0,0,0,0,0,0,0,0
ubt,bintrie,5,4,storage_sstore_k10,9,,9733,0,0,0.0378,17.8623,0.0022,0.2133,19.8619,0,4,0,0,0,0,0,0,0,0,0,0,4,0,0,0,0,0,0,0,0,0
ubt,bintrie,5,4,storage_sstore_k10,9,,9734,0,0,0.0625,13.445,0.0034,0.2153,13.9147,0,4,0,0,0,0,0,0,0,0,0,0,4,0,0,0,0,0,0,0,0,0
ubt,bintrie,5,4,storage_sstore_k10,9,,9735,86950,2,0.5729,12.3201,4.7878,5.3716,23.2763,3.7356,11,0,0,0,3,0,0,0,1,165,5,6,45.45,0,0,0,0,0,0,0,0
ubt,bintrie,5,4,storage_sstore_k10,9,,9736,15907300,1,18.5514,35.8284,6.3375,3.5203,64.421,246.9274,17,764,11,445,12,0,692,0,0,0,4,13,23.53,183,581,23.95,11,0,100,445,0
ubt,bintrie,5,4,storage_sstore_k10,9,,9737,21000,1,0.09,19.6823,15.7996,1.1268,36.9374,0.5685,6,0,0,0,2,0,0,0,0,0,2,4,33.33,0,0,0,0,0,0,0,0
ubt,bintrie,5,4,storage_sstore_k100,10,,9886,0,0,0.0549,3.0119,0.0028,0.2217,3.9399,0,4,0,0,0,0,0,0,0,0,0,0,4,0,0,0,0,0,0,0,0,0
ubt,bintrie,5,4,storage_sstore_k100,10,,9887,0,0,0.0289,14.0112,0.0022,0.1471,14.3669,0,4,0,0,0,0,0,0,0,0,0,0,4,0,0,0,0,0,0,0,0,0
ubt,bintrie,5,4,storage_sstore_k100,10,,9888,0,0,0.0274,0.9607,0.002,0.6071,2.1886,0,4,0,0,0,0,0,0,0,0,0,0,4,0,0,0,0,0,0,0,0,0
ubt,bintrie,5,4,storage_sstore_k100,10,,9889,0,0,0.0407,3.0513,0.0019,1.0187,4.2974,0,4,0,0,0,0,0,0,0,0,0,0,4,0,0,0,0,0,0,0,0,0
ubt,bintrie,5,4,storage_sstore_k100,10,,9890,86950,2,0.1227,16.8827,0.5223,4.9427,24.5984,3.5348,11,0,0,0,3,0,0,0,1,165,6,5,54.55,0,0,0,0,0,0,0,0
ubt,bintrie,5,4,storage_sstore_k100,10,,9891,15918228,1,10.7238,36.0818,21.1529,7.6013,75.7039,210.2695,106,687,100,2937,100,0,680,0,0,0,34,72,32.08,222,465,32.31,100,0,100,2937,0
ubt,bintrie,5,4,storage_sstore_k100,10,,9892,21000,1,0.2032,26.6371,24.5246,0.4887,52.0518,0.4034,6,0,0,0,2,0,0,0,0,0,0,6,0,0,0,0,0,0,0,0,0
ubt,bintrie,5,4,storage_sstore_k100,10,,9893,0,0,0.0196,0.4553,0.0015,0.0948,0.7016,0,4,0,0,0,0,0,0,0,0,0,0,4,0,0,0,0,0,0,0,0,0
ubt,bintrie,5,4,storage_sstore_k100,11,,9894,0,0,0.0562,15.2058,0.0025,0.1458,15.6699,0,4,0,0,0,0,0,0,0,0,0,0,4,0,0,0,0,0,0,0,0,0
ubt,bintrie,5,4,storage_sstore_k100,11,,9895,0,0,0.021,1.9006,0.0018,0.1994,4.2581,0,4,0,0,0,0,0,0,0,0,0,0,4,0,0,0,0,0,0,0,0,0
ubt,bintrie,5,4,storage_sstore_k100,11,,9896,0,0,0.0433,16.808,0.0035,0.237,17.273,0,4,0,0,0,0,0,0,0,0,0,0,4,0,0,0,0,0,0,0,0,0
ubt,bintrie,5,4,storage_sstore_k100,11,,9897,0,0,0.0337,24.3838,0.0113,0.3492,24.9948,0,4,0,0,0,0,0,0,0,0,0,0,4,0,0,0,0,0,0,0,0,0
ubt,bintrie,5,4,storage_sstore_k100,11,,9898,86950,2,0.1428,0.6877,0.5469,7.2977,11.5061,7.5569,11,0,0,0,3,0,0,0,1,165,5,6,45.45,0,0,0,0,0,0,0,0
ubt,bintrie,5,4,storage_sstore_k100,11,,9899,15918228,1,11.0343,26.5291,70.7768,7.7852,118.3743,134.4737,106,687,100,2937,100,0,680,0,0,0,30,76,28.3,221,466,32.17,100,0,100,2937,0
ubt,bintrie,5,4,storage_sstore_k100,11,,9900,21000,1,0.0905,7.9173,2.8646,0.7462,11.8499,1.7722,6,0,0,0,2,0,0,0,0,0,2,4,33.33,0,0,0,0,0,0,0,0
ubt,bintrie,5,4,storage_sstore_k100,11,,9901,0,0,0.023,2.6249,0.002,0.1274,2.967,0,4,0,0,0,0,0,0,0,0,0,0,4,0,0,0,0,0,0,0,0,0
ubt,bintrie,5,4,storage_sstore_k100,12,,9902,0,0,0.0638,0.7248,0.0017,0.194,1.2906,0,4,0,0,0,0,0,0,0,0,0,0,4,0,0,0,0,0,0,0,0,0
ubt,bintrie,5,4,storage_sstore_k100,12,,9903,0,0,0.034,5.7285,0.0018,0.1786,6.1034,0,4,0,0,0,0,0,0,0,0,0,0,4,0,0,0,0,0,0,0,0,0
ubt,bintrie,5,4,storage_sstore_k100,12,,9904,0,0,0.0436,26.0143,0.0027,0.1623,26.433,0,4,0,0,0,0,0,0,0,0,0,0,4,0,0,0,0,0,0,0,0,0
ubt,bintrie,5,4,storage_sstore_k100,12,,9905,0,0,0.0479,28.816,0.0031,0.7146,31.1488,0,4,0,0,0,0,0,0,0,0,0,0,4,0,0,0,0,0,0,0,0,0
ubt,bintrie,5,4,storage_sstore_k100,12,,9906,86950,2,0.0977,3.3037,8.8136,5.1715,17.6842,4.9168,11,0,0,0,3,0,0,0,1,165,7,4,63.64,0,0,0,0,0,0,0,0
ubt,bintrie,5,4,storage_sstore_k100,12,,9907,15918228,1,11.2437,35.8789,20.877,7.3602,75.7,210.2804,106,687,100,2937,100,0,680,0,0,0,57,49,53.77,379,308,55.17,100,0,100,2937,0
ubt,bintrie,5,4,storage_sstore_k100,12,,9908,21000,1,0.1156,11.012,18.7963,0.8285,36.3851,0.5772,6,0,0,0,2,0,0,0,0,0,0,6,0,0,0,0,0,0,0,0,0
ubt,bintrie,5,4,storage_sstore_k100,13,,9910,0,0,0.0637,4.846,0.0021,0.1863,5.3873,0,4,0,0,0,0,0,0,0,0,0,0,4,0,0,0,0,0,0,0,0,0
ubt,bintrie,5,4,storage_sstore_k100,13,,9911,0,0,0.0324,15.2142,0.0018,0.1334,15.5301,0,4,0,0,0,0,0,0,0,0,0,0,4,0,0,0,0,0,0,0,0,0
ubt,bintrie,5,4,storage_sstore_k100,13,,9912,0,0,0.0469,2.9592,0.0015,0.1999,3.8172,0,4,0,0,0,0,0,0,0,0,0,0,4,0,0,0,0,0,0,0,0,0
ubt,bintrie,5,4,storage_sstore_k100,13,,9913,0,0,0.0374,27.7771,0.003,0.2024,28.2122,0,4,0,0,0,0,0,0,0,0,0,0,4,0,0,0,0,0,0,0,0,0
ubt,bintrie,5,4,storage_sstore_k100,13,,9914,86950,2,0.1329,18.774,3.8257,5.219,28.2194,3.0812,11,0,0,0,3,0,0,0,1,165,7,4,63.64,0,0,0,0,0,0,0,0
ubt,bintrie,5,4,storage_sstore_k100,13,,9915,15918228,1,12.4422,37.7134,23.1424,8.1992,81.7,194.8377,106,687,100,2937,100,0,680,0,0,0,32,74,30.19,219,468,31.88,100,0,100,2937,0
ubt,bintrie,5,4,storage_sstore_k100,13,,9916,21000,1,0.0597,2.5252,12.8833,0.4439,16.0632,1.3073,6,0,0,0,2,0,0,0,0,0,2,4,33.33,0,0,0,0,0,0,0,0
ubt,bintrie,5,4,storage_sstore_k100,13,,9917,0,0,0.0244,5.0537,0.0024,0.3408,5.8821,0,4,0,0,0,0,0,0,0,0,0,0,4,0,0,0,0,0,0,0,0,0
ubt,bintrie,5,4,storage_sstore_k100,14,,9918,0,0,0.0504,4.2592,0.0021,0.2085,5.2335,0,4,0,0,0,0,0,0,0,0,0,0,4,0,0,0,0,0,0,0,0,0
ubt,bintrie,5,4,storage_sstore_k100,14,,9919,0,0,0.0659,17.2042,0.003,0.2092,17.6768,0,4,0,0,0,0,0,0,0,0,0,0,4,0,0,0,0,0,0,0,0,0
ubt,bintrie,5,4,storage_sstore_k100,14,,9920,0,0,0.0382,19.7934,0.0024,0.1565,20.5771,0,4,0,0,0,0,0,0,0,0,0,0,4,0,0,0,0,0,0,0,0,0
ubt,bintrie,5,4,storage_sstore_k100,14,,9921,0,0,0.0325,11.3521,0.0024,0.157,11.7738,0,4,0,0,0,0,0,0,0,0,0,0,4,0,0,0,0,0,0,0,0,0
ubt,bintrie,5,4,storage_sstore_k100,14,,9922,86950,2,0.1509,19.2324,0.9929,5.2766,27.0941,3.2092,11,0,0,0,3,0,0,0,1,165,7,4,63.64,0,0,0,0,0,0,0,0
ubt,bintrie,5,4,storage_sstore_k100,14,,9923,15918228,1,10.3482,32.5376,23.8671,7.9257,74.9848,212.286,106,687,100,2937,100,0,680,0,0,0,65,41,61.32,430,257,62.59,100,0,100,2937,0
ubt,bintrie,5,4,storage_sstore_k100,14,,9924,21000,1,0.0588,2.5067,2.3719,0.5294,5.6288,3.7308,6,0,0,0,2,0,0,0,0,0,0,6,0,0,0,0,0,0,0,0,0
ubt,bintrie,5,4,storage_sstore_k100,14,,9925,0,0,0.0636,10.999,0.0029,0.4203,12.0304,0,4,0,0,0,0,0,0,0,0,0,0,4,0,0,0,0,0,0,0,0,0
ubt,bintrie,5,4,storage_sstore_k100,15,,9926,0,0,0.042,2.2221,0.0047,0.4564,3.3495,0,4,0,0,0,0,0,0,0,0,0,0,4,0,0,0,0,0,0,0,0,0
ubt,bintrie,5,4,storage_sstore_k100,15,,9927,0,0,0.0467,14.7042,0.0016,0.12,15.1173,0,4,0,0,0,0,0,0,0,0,0,0,4,0,0,0,0,0,0,0,0,0
ubt,bintrie,5,4,storage_sstore_k100,15,,9928,0,0,0.0356,1.6805,0.0014,0.1858,2.1757,0,4,0,0,0,0,0,0,0,0,0,0,4,0,0,0,0,0,0,0,0,0
ubt,bintrie,5,4,storage_sstore_k100,15,,9929,0,0,0.0245,0.828,0.0019,0.6517,3.3973,0,4,0,0,0,0,0,0,0,0,0,0,4,0,0,0,0,0,0,0,0,0
ubt,bintrie,5,4,storage_sstore_k100,15,,9930,86950,2,0.0941,3.2249,41.3294,5.8566,51.1351,1.7004,11,0,0,0,3,0,0,0,1,165,6,5,54.55,0,0,0,0,0,0,0,0
ubt,bintrie,5,4,storage_sstore_k100,15,,9931,15918228,1,7.5032,15.9106,31.5353,12.3198,67.4163,236.1183,106,687,100,2937,100,0,680,0,0,0,57,49,53.77,326,361,47.45,100,0,100,2937,0
ubt,bintrie,5,4,storage_sstore_k100,15,,9932,21000,1,0.0528,3.9323,5.6023,0.4772,10.2088,2.0571,6,0,0,0,2,0,0,0,0,0,2,4,33.33,0,0,0,0,0,0,0,0
ubt,bintrie,5,4,storage_sstore_k100,15,,9933,0,0,0.0351,9.7907,0.003,0.337,10.6848,0,4,0,0,0,0,0,0,0,0,0,0,4,0,0,0,0,0,0,0,0,0
ubt,bintrie,5,4,storage_sstore_k100,16,,9934,0,0,0.0373,0.8998,0.0021,1.2123,4.3322,0,4,0,0,0,0,0,0,0,0,0,0,4,0,0,0,0,0,0,0,0,0
ubt,bintrie,5,4,storage_sstore_k100,16,,9935,0,0,0.0383,2.533,0.0015,0.8886,3.6083,0,4,0,0,0,0,0,0,0,0,0,0,4,0,0,0,0,0,0,0,0,0
ubt,bintrie,5,4,storage_sstore_k100,16,,9936,0,0,0.0292,2.4681,0.0017,0.1631,2.826,0,4,0,0,0,0,0,0,0,0,0,0,4,0,0,0,0,0,0,0,0,0
ubt,bintrie,5,4,storage_sstore_k100,16,,9937,0,0,0.0408,0.7327,0.0016,0.1576,1.0972,0,4,0,0,0,0,0,0,0,0,0,0,4,0,0,0,0,0,0,0,0,0
ubt,bintrie,5,4,storage_sstore_k100,16,,9938,86950,2,0.2748,2.9797,18.2271,9.4876,31.6,2.7516,11,0,0,0,3,0,0,0,1,165,4,7,36.36,0,0,0,0,0,0,0,0
ubt,bintrie,5,4,storage_sstore_k100,16,,9939,15918228,1,10.3973,19.6575,32.8724,12.3047,75.3751,211.1868,106,687,100,2937,100,0,680,0,0,0,33,73,31.13,249,438,36.24,100,0,100,2937,0
ubt,bintrie,5,4,storage_sstore_k100,16,,9940,21000,1,0.0789,2.7691,4.9649,0.484,8.8406,2.3754,6,0,0,0,2,0,0,0,0,0,2,4,33.33,0,0,0,0,0,0,0,0
ubt,bintrie,5,4,storage_sstore_k100,16,,9941,0,0,0.0463,3.0094,0.012,0.3181,3.874,0,4,0,0,0,0,0,0,0,0,0,0,4,0,0,0,0,0,0,0,0,0
ubt,bintrie,5,4,storage_sstore_k100,17,,9942,0,0,0.0411,7.7995,0.0027,0.1786,8.2758,0,4,0,0,0,0,0,0,0,0,0,0,4,0,0,0,0,0,0,0,0,0
ubt,bintrie,5,4,storage_sstore_k100,17,,9943,0,0,0.0316,13.5609,0.0022,0.164,13.954,0,4,0,0,0,0,0,0,0,0,0,0,4,0,0,0,0,0,0,0,0,0
ubt,bintrie,5,4,storage_sstore_k100,17,,9944,0,0,0.0671,1.0998,0.0017,0.2037,1.6595,0,4,0,0,0,0,0,0,0,0,0,0,4,0,0,0,0,0,0,0,0,0
ubt,bintrie,5,4,storage_sstore_k100,17,,9945,0,0,0.021,0.7769,0.0012,0.5716,1.7241,0,4,0,0,0,0,0,0,0,0,0,0,4,0,0,0,0,0,0,0,0,0
ubt,bintrie,5,4,storage_sstore_k100,17,,9946,86950,2,0.0994,73.8893,2.6356,4.8156,81.6231,1.0653,11,0,0,0,3,0,0,0,1,165,5,6,45.45,0,0,0,0,0,0,0,0
ubt,bintrie,5,4,storage_sstore_k100,17,,9947,15918228,1,9.9503,38.5618,20.8425,7.0301,76.6369,207.7096,106,687,100,2937,100,0,680,0,0,0,64,42,60.38,415,272,60.41,100,0,100,2937,0
ubt,bintrie,5,4,storage_sstore_k100,17,,9948,21000,1,0.2141,15.2801,2.2936,0.5929,20.2642,1.0363,6,0,0,0,2,0,0,0,0,0,0,6,0,0,0,0,0,0,0,0,0
ubt,bintrie,5,4,storage_sstore_k100,17,,9949,0,0,0.037,1.2705,0.0024,0.4147,2.3523,0,4,0,0,0,0,0,0,0,0,0,0,4,0,0,0,0,0,0,0,0,0
ubt,bintrie,5,4,storage_sstore_k100,18,,9950,0,0,0.0274,0.7349,0.0033,0.2804,5.0187,0,4,0,0,0,0,0,0,0,0,0,0,4,0,0,0,0,0,0,0,0,0
ubt,bintrie,5,4,storage_sstore_k100,18,,9951,0,0,0.028,2.4403,0.0021,0.1853,4.012,0,4,0,0,0,0,0,0,0,0,0,0,4,0,0,0,0,0,0,0,0,0
ubt,bintrie,5,4,storage_sstore_k100,18,,9952,0,0,0.0308,2.9247,0.002,0.1269,3.254,0,4,0,0,0,0,0,0,0,0,0,0,4,0,0,0,0,0,0,0,0,0
ubt,bintrie,5,4,storage_sstore_k100,18,,9953,0,0,0.0417,14.5564,0.0033,0.2112,14.9773,0,4,0,0,0,0,0,0,0,0,0,0,4,0,0,0,0,0,0,0,0,0
ubt,bintrie,5,4,storage_sstore_k100,18,,9954,86950,2,0.0905,4.108,6.7413,4.772,15.9266,5.4594,11,0,0,0,3,0,0,0,1,165,6,5,54.55,0,0,0,0,0,0,0,0
ubt,bintrie,5,4,storage_sstore_k100,18,,9955,15918228,1,10.2421,42.643,22.6826,7.4639,83.328,191.031,106,687,100,2937,100,0,680,0,0,0,97,9,91.51,599,88,87.19,100,0,100,2937,0
ubt,bintrie,5,4,storage_sstore_k100,18,,9956,21000,1,0.2135,23.9743,15.7414,0.7614,40.9181,0.5132,6,0,0,0,2,0,0,0,0,0,0,6,0,0,0,0,0,0,0,0,0
ubt,bintrie,5,4,storage_sstore_k100,18,,9957,0,0,0.0391,0.8221,0.0027,0.1198,1.1633,0,4,0,0,0,0,0,0,0,0,0,0,4,0,0,0,0,0,0,0,0,0
ubt,bintrie,5,4,storage_sstore_k100,19,,9958,0,0,0.1478,4.9542,0.0014,0.2882,5.6341,0,4,0,0,0,0,0,0,0,0,0,0,4,0,0,0,0,0,0,0,0,0
ubt,bintrie,5,4,storage_sstore_k100,19,,9959,0,0,0.0385,2.5637,0.0015,0.1246,2.9056,0,4,0,0,0,0,0,0,0,0,0,0,4,0,0,0,0,0,0,0,0,0
ubt,bintrie,5,4,storage_sstore_k100,19,,9960,0,0,0.0278,2.8193,0.0015,0.1386,3.1099,0,4,0,0,0,0,0,0,0,0,0,0,4,0,0,0,0,0,0,0,0,0
ubt,bintrie,5,4,storage_sstore_k100,19,,9961,0,0,0.036,24.4064,0.0021,0.126,24.7505,0,4,0,0,0,0,0,0,0,0,0,0,4,0,0,0,0,0,0,0,0,0
ubt,bintrie,5,4,storage_sstore_k100,19,,9962,86950,2,0.1902,19.5797,2.7115,5.2489,28.0404,3.1009,11,0,0,0,3,0,0,0,1,165,5,6,45.45,0,0,0,0,0,0,0,0
ubt,bintrie,5,4,storage_sstore_k100,19,,9963,15918228,1,11.8691,37.7213,22.8434,8.0952,80.8245,196.948,106,687,100,2937,100,0,680,0,0,0,67,39,63.21,432,255,62.88,100,0,100,2937,0
ubt,bintrie,5,4,storage_sstore_k100,19,,9964,21000,1,0.2115,22.1075,22.489,0.5236,45.6105,0.4604,6,0,0,0,2,0,0,0,0,0,0,6,0,0,0,0,0,0,0,0,0
ubt,bintrie,5,4,storage_sstore_k100,19,,9965,0,0,0.0248,15.3823,0.0022,0.1359,15.7501,0,4,0,0,0,0,0,0,0,0,0,0,4,0,0,0,0,0,0,0,0,0
ubt,bintrie,5,4,storage_sstore_k100,1,,9815,0,0,0.0356,4.5609,0.008,0.1606,4.9976,0,4,0,0,0,0,0,0,0,0,0,0,4,0,0,0,0,0,0,0,0,0
ubt,bintrie,5,4,storage_sstore_k100,1,,9816,0,0,0.0262,2.0048,0.0025,4.8795,12.9458,0,4,0,0,0,0,0,0,0,0,0,0,4,0,0,0,0,0,0,0,0,0
ubt,bintrie,5,4,storage_sstore_k100,1,,9817,0,0,0.0347,23.0558,0.0022,0.1295,23.4113,0,4,0,0,0,0,0,0,0,0,0,0,4,0,0,0,0,0,0,0,0,0
ubt,bintrie,5,4,storage_sstore_k100,1,,9818,0,0,0.039,3.3312,0.0016,0.1259,3.693,0,4,0,0,0,0,0,0,0,0,0,0,4,0,0,0,0,0,0,0,0,0
ubt,bintrie,5,4,storage_sstore_k100,1,,9819,86950,2,0.0987,14.2384,31.7205,5.2504,51.9207,1.6747,11,0,0,0,3,0,0,0,1,165,6,5,54.55,0,0,0,0,0,0,0,0
ubt,bintrie,5,4,storage_sstore_k100,1,,9820,15918228,1,9.6303,45.6224,24.2911,8.6173,88.3406,180.1914,106,687,100,2937,100,0,680,0,0,0,45,61,42.45,296,391,43.09,100,0,100,2937,0
ubt,bintrie,5,4,storage_sstore_k100,1,,9821,21000,1,0.0899,9.2479,46.1647,0.4933,56.2799,0.3731,6,0,0,0,2,0,0,0,0,0,2,4,33.33,0,0,0,0,0,0,0,0
ubt,bintrie,5,4,storage_sstore_k100,20,,9966,0,0,0.056,3.0323,0.0012,0.1984,3.4531,0,4,0,0,0,0,0,0,0,0,0,0,4,0,0,0,0,0,0,0,0,0
ubt,bintrie,5,4,storage_sstore_k100,20,,9967,0,0,0.0252,0.8645,0.0016,1.2566,3.1426,0,4,0,0,0,0,0,0,0,0,0,0,4,0,0,0,0,0,0,0,0,0
ubt,bintrie,5,4,storage_sstore_k100,20,,9968,0,0,0.0363,2.8376,0.0023,0.1402,3.2389,0,4,0,0,0,0,0,0,0,0,0,0,4,0,0,0,0,0,0,0,0,0
ubt,bintrie,5,4,storage_sstore_k100,20,,9969,0,0,0.0269,0.7712,0.0013,0.1195,1.1614,0,4,0,0,0,0,0,0,0,0,0,0,4,0,0,0,0,0,0,0,0,0
ubt,bintrie,5,4,storage_sstore_k100,20,,9970,86950,2,0.334,7.6345,13.5677,5.1934,27.6264,3.1474,11,0,0,0,3,0,0,0,1,165,4,7,36.36,0,0,0,0,0,0,0,0
ubt,bintrie,5,4,storage_sstore_k100,20,,9971,15918228,1,10.2706,42.158,20.6661,7.3341,80.5951,197.5087,106,687,100,2937,100,0,680,0,0,0,58,48,54.72,382,305,55.6,100,0,100,2937,0
ubt,bintrie,5,4,storage_sstore_k100,20,,9972,21000,1,2.7661,16.8769,2.2484,0.5729,22.7081,0.9248,6,0,0,0,2,0,0,0,0,0,2,4,33.33,0,0,0,0,0,0,0,0
ubt,bintrie,5,4,storage_sstore_k100,20,,9973,0,0,0.0296,15.3524,0.003,0.2124,15.8068,0,4,0,0,0,0,0,0,0,0,0,0,4,0,0,0,0,0,0,0,0,0
ubt,bintrie,5,4,storage_sstore_k100,2,,9822,0,0,0.0562,9.358,0.0017,0.2605,9.9399,0,4,0,0,0,0,0,0,0,0,0,0,4,0,0,0,0,0,0,0,0,0
ubt,bintrie,5,4,storage_sstore_k100,2,,9823,0,0,0.0289,0.7674,0.0037,16.5079,17.7769,0,4,0,0,0,0,0,0,0,0,0,0,4,0,0,0,0,0,0,0,0,0
ubt,bintrie,5,4,storage_sstore_k100,2,,9824,0,0,0.0392,29.8344,0.0023,0.2559,30.3524,0,4,0,0,0,0,0,0,0,0,0,0,4,0,0,0,0,0,0,0,0,0
ubt,bintrie,5,4,storage_sstore_k100,2,,9825,0,0,0.0402,20.9947,0.0025,0.1167,21.3756,0,4,0,0,0,0,0,0,0,0,0,0,4,0,0,0,0,0,0,0,0,0
ubt,bintrie,5,4,storage_sstore_k100,2,,9826,86950,2,0.2147,12.1345,1.1353,4.7081,18.4747,4.7064,11,0,0,0,3,0,0,0,1,165,5,6,45.45,0,0,0,0,0,0,0,0
ubt,bintrie,5,4,storage_sstore_k100,2,,9827,15918228,1,11.5207,35.6274,23.4298,7.5066,78.3916,203.0605,106,687,100,2937,100,0,680,0,0,0,72,34,67.92,462,225,67.25,100,0,100,2937,0
ubt,bintrie,5,4,storage_sstore_k100,2,,9828,21000,1,0.1396,16.1307,2.4651,0.5989,22.9536,0.9149,6,0,0,0,2,0,0,0,0,0,0,6,0,0,0,0,0,0,0,0,0
ubt,bintrie,5,4,storage_sstore_k100,2,,9829,0,0,0.019,0.6582,0.0013,2.3246,3.6926,0,4,0,0,0,0,0,0,0,0,0,0,4,0,0,0,0,0,0,0,0,0
ubt,bintrie,5,4,storage_sstore_k100,3,,9830,0,0,0.038,1.3068,0.0014,4.2484,6.339,0,4,0,0,0,0,0,0,0,0,0,0,4,0,0,0,0,0,0,0,0,0
ubt,bintrie,5,4,storage_sstore_k100,3,,9831,0,0,0.0297,1.7338,0.0022,0.2851,5.7987,0,4,0,0,0,0,0,0,0,0,0,0,4,0,0,0,0,0,0,0,0,0
ubt,bintrie,5,4,storage_sstore_k100,3,,9832,0,0,0.0445,14.5766,0.0032,0.1455,17.8583,0,4,0,0,0,0,0,0,0,0,0,0,4,0,0,0,0,0,0,0,0,0
ubt,bintrie,5,4,storage_sstore_k100,3,,9833,0,0,0.0369,22.2593,0.0022,0.1703,22.6368,0,4,0,0,0,0,0,0,0,0,0,0,4,0,0,0,0,0,0,0,0,0
ubt,bintrie,5,4,storage_sstore_k100,3,,9834,86950,2,0.1332,4.9683,2.7542,5.0455,13.1046,6.6351,11,0,0,0,3,0,0,0,1,165,5,6,45.45,0,0,0,0,0,0,0,0
ubt,bintrie,5,4,storage_sstore_k100,3,,9835,15918228,1,9.5105,36.1243,24.5125,7.7644,78.2465,203.4369,106,687,100,2937,100,0,680,0,0,0,18,88,16.98,116,571,16.89,100,0,100,2937,0
ubt,bintrie,5,4,storage_sstore_k100,3,,9836,21000,1,0.0783,2.8718,15.1929,0.4909,18.7932,1.1174,6,0,0,0,2,0,0,0,0,0,2,4,33.33,0,0,0,0,0,0,0,0
ubt,bintrie,5,4,storage_sstore_k100,3,,9837,0,0,0.0654,4.0333,0.0018,0.2884,4.8802,0,4,0,0,0,0,0,0,0,0,0,0,4,0,0,0,0,0,0,0,0,0
ubt,bintrie,5,4,storage_sstore_k100,4,,9838,0,0,0.0454,0.9667,0.002,1.1292,2.8686,0,4,0,0,0,0,0,0,0,0,0,0,4,0,0,0,0,0,0,0,0,0
ubt,bintrie,5,4,storage_sstore_k100,4,,9839,0,0,0.033,0.8546,0.0023,6.0819,8.3726,0,4,0,0,0,0,0,0,0,0,0,0,4,0,0,0,0,0,0,0,0,0
ubt,bintrie,5,4,storage_sstore_k100,4,,9840,0,0,0.0527,13.114,0.002,0.1282,13.5305,0,4,0,0,0,0,0,0,0,0,0,0,4,0,0,0,0,0,0,0,0,0
ubt,bintrie,5,4,storage_sstore_k100,4,,9841,0,0,0.0417,14.3436,0.0038,0.2493,14.8492,0,4,0,0,0,0,0,0,0,0,0,0,4,0,0,0,0,0,0,0,0,0
ubt,bintrie,5,4,storage_sstore_k100,4,,9842,86950,2,0.1595,6.5652,5.7855,4.7525,17.4404,4.9855,11,0,0,0,3,0,0,0,1,165,6,5,54.55,0,0,0,0,0,0,0,0
ubt,bintrie,5,4,storage_sstore_k100,4,,9843,15918228,1,10.3082,40.3206,20.8834,7.3441,79.1199,201.1913,106,687,100,2937,100,0,680,0,0,0,61,45,57.55,416,271,60.55,100,0,100,2937,0
ubt,bintrie,5,4,storage_sstore_k100,4,,9844,21000,1,0.056,14.7736,12.4256,0.5277,27.976,0.7506,6,0,0,0,2,0,0,0,0,0,2,4,33.33,0,0,0,0,0,0,0,0
ubt,bintrie,5,4,storage_sstore_k100,4,,9845,0,0,0.023,2.8523,0.0021,0.3001,3.6386,0,4,0,0,0,0,0,0,0,0,0,0,4,0,0,0,0,0,0,0,0,0
ubt,bintrie,5,4,storage_sstore_k100,5,,9846,0,0,0.052,3.302,0.0012,0.1494,4.1763,0,4,0,0,0,0,0,0,0,0,0,0,4,0,0,0,0,0,0,0,0,0
ubt,bintrie,5,4,storage_sstore_k100,5,,9847,0,0,0.0332,14.2314,0.0022,0.1489,14.5894,0,4,0,0,0,0,0,0,0,0,0,0,4,0,0,0,0,0,0,0,0,0
ubt,bintrie,5,4,storage_sstore_k100,5,,9848,0,0,0.0408,65.2689,0.0027,0.1294,65.6764,0,4,0,0,0,0,0,0,0,0,0,0,4,0,0,0,0,0,0,0,0,0
ubt,bintrie,5,4,storage_sstore_k100,5,,9849,0,0,0.0313,35.6359,0.0023,0.1246,35.9463,0,4,0,0,0,0,0,0,0,0,0,0,4,0,0,0,0,0,0,0,0,0
ubt,bintrie,5,4,storage_sstore_k100,5,,9850,86950,2,0.0834,2.9676,1.2244,5.62,10.061,8.6423,11,0,0,0,3,0,0,0,1,165,7,4,63.64,0,0,0,0,0,0,0,0
ubt,bintrie,5,4,storage_sstore_k100,5,,9851,15918228,1,9.1267,18.2852,50.5254,7.375,88.1315,180.6191,106,687,100,2937,100,0,680,0,0,0,17,89,16.04,110,577,16.01,100,0,100,2937,0
ubt,bintrie,5,4,storage_sstore_k100,5,,9852,21000,1,0.0887,8.4713,15.7053,0.7461,25.2476,0.8318,6,0,0,0,2,0,0,0,0,0,2,4,33.33,0,0,0,0,0,0,0,0
ubt,bintrie,5,4,storage_sstore_k100,5,,9853,0,0,0.0353,3.1117,0.0022,0.173,3.5023,0,4,0,0,0,0,0,0,0,0,0,0,4,0,0,0,0,0,0,0,0,0
ubt,bintrie,5,4,storage_sstore_k100,6,,9854,0,0,0.0412,3.104,0.002,0.1691,3.5377,0,4,0,0,0,0,0,0,0,0,0,0,4,0,0,0,0,0,0,0,0,0
ubt,bintrie,5,4,storage_sstore_k100,6,,9855,0,0,0.0314,13.3654,0.0016,0.1314,13.6922,0,4,0,0,0,0,0,0,0,0,0,0,4,0,0,0,0,0,0,0,0,0
ubt,bintrie,5,4,storage_sstore_k100,6,,9856,0,0,0.0461,23.407,0.003,0.1649,23.8081,0,4,0,0,0,0,0,0,0,0,0,0,4,0,0,0,0,0,0,0,0,0
ubt,bintrie,5,4,storage_sstore_k100,6,,9857,0,0,0.038,2.9745,0.0018,0.1842,3.3769,0,4,0,0,0,0,0,0,0,0,0,0,4,0,0,0,0,0,0,0,0,0
ubt,bintrie,5,4,storage_sstore_k100,6,,9858,86950,2,0.1481,15.1016,32.6445,5.4078,57.155,1.5213,11,0,0,0,3,0,0,0,1,165,7,4,63.64,0,0,0,0,0,0,0,0
ubt,bintrie,5,4,storage_sstore_k100,6,,9859,15918228,1,8.8008,15.2364,35.0334,12.9146,72.1479,220.6332,106,687,100,2937,100,0,680,0,0,0,58,48,54.72,330,357,48.03,100,0,100,2937,0
ubt,bintrie,5,4,storage_sstore_k100,6,,9860,21000,1,0.0677,16.4436,9.3593,0.8175,26.8739,0.7814,6,0,0,0,2,0,0,0,0,0,2,4,33.33,0,0,0,0,0,0,0,0
ubt,bintrie,5,4,storage_sstore_k100,6,,9861,0,0,0.0361,22.2085,0.0035,0.2069,22.6234,0,4,0,0,0,0,0,0,0,0,0,0,4,0,0,0,0,0,0,0,0,0
ubt,bintrie,5,4,storage_sstore_k100,7,,9862,0,0,0.0655,12.023,0.0025,0.2241,12.5332,0,4,0,0,0,0,0,0,0,0,0,0,4,0,0,0,0,0,0,0,0,0
ubt,bintrie,5,4,storage_sstore_k100,7,,9863,0,0,0.02,0.7332,0.0025,0.911,2.6008,0,4,0,0,0,0,0,0,0,0,0,0,4,0,0,0,0,0,0,0,0,0
ubt,bintrie,5,4,storage_sstore_k100,7,,9864,0,0,0.0481,48.4496,0.0024,0.1378,48.8429,0,4,0,0,0,0,0,0,0,0,0,0,4,0,0,0,0,0,0,0,0,0
ubt,bintrie,5,4,storage_sstore_k100,7,,9865,0,0,0.0501,24.7879,0.0028,1.881,26.9697,0,4,0,0,0,0,0,0,0,0,0,0,4,0,0,0,0,0,0,0,0,0
ubt,bintrie,5,4,storage_sstore_k100,7,,9866,86950,2,0.2422,2.9688,7.4362,5.3463,16.1446,5.3857,11,0,0,0,3,0,0,0,1,165,4,7,36.36,0,0,0,0,0,0,0,0
ubt,bintrie,5,4,storage_sstore_k100,7,,9867,15918228,1,8.0315,16.6046,69.2054,7.4678,102.7222,154.9639,106,687,100,2937,100,0,680,0,0,0,67,39,63.21,416,271,60.55,100,0,100,2937,0
ubt,bintrie,5,4,storage_sstore_k100,7,,9868,21000,1,0.0702,3.9059,2.3028,0.5418,7.0277,2.9882,6,0,0,0,2,0,0,0,0,0,2,4,33.33,0,0,0,0,0,0,0,0
ubt,bintrie,5,4,storage_sstore_k100,7,,9869,0,0,0.0268,3.3537,0.0025,0.3586,4.2378,0,4,0,0,0,0,0,0,0,0,0,0,4,0,0,0,0,0,0,0,0,0
ubt,bintrie,5,4,storage_sstore_k100,8,,9870,0,0,0.0612,13.3959,0.0022,0.2597,13.9961,0,4,0,0,0,0,0,0,0,0,0,0,4,0,0,0,0,0,0,0,0,0
ubt,bintrie,5,4,storage_sstore_k100,8,,9871,0,0,0.0212,0.829,0.0012,0.8964,2.1864,0,4,0,0,0,0,0,0,0,0,0,0,4,0,0,0,0,0,0,0,0,0
ubt,bintrie,5,4,storage_sstore_k100,8,,9872,0,0,0.0365,51.9358,0.0033,0.3138,52.4674,0,4,0,0,0,0,0,0,0,0,0,0,4,0,0,0,0,0,0,0,0,0
ubt,bintrie,5,4,storage_sstore_k100,8,,9873,0,0,0.0367,23.6658,0.0025,0.3095,24.421,0,4,0,0,0,0,0,0,0,0,0,0,4,0,0,0,0,0,0,0,0,0
ubt,bintrie,5,4,storage_sstore_k100,8,,9874,86950,2,0.1617,20.1918,3.7362,4.7083,29.0498,2.9931,11,0,0,0,3,0,0,0,1,165,6,5,54.55,0,0,0,0,0,0,0,0
ubt,bintrie,5,4,storage_sstore_k100,8,,9875,15918228,1,9.573,43.5806,20.8958,7.5952,81.8608,194.4549,106,687,100,2937,100,0,680,0,0,0,34,72,32.08,227,460,33.04,100,0,100,2937,0
ubt,bintrie,5,4,storage_sstore_k100,8,,9876,21000,1,0.0502,13.1994,12.6768,0.4679,26.5428,0.7912,6,0,0,0,2,0,0,0,0,0,2,4,33.33,0,0,0,0,0,0,0,0
ubt,bintrie,5,4,storage_sstore_k100,8,,9877,0,0,0.0231,3.7719,0.0018,0.2505,4.4512,0,4,0,0,0,0,0,0,0,0,0,0,4,0,0,0,0,0,0,0,0,0
ubt,bintrie,5,4,storage_sstore_k100,9,,9878,0,0,0.0599,3.822,0.0014,0.1778,4.2757,0,4,0,0,0,0,0,0,0,0,0,0,4,0,0,0,0,0,0,0,0,0
ubt,bintrie,5,4,storage_sstore_k100,9,,9879,0,0,0.0423,46.1237,0.0029,0.1491,46.5714,0,4,0,0,0,0,0,0,0,0,0,0,4,0,0,0,0,0,0,0,0,0
ubt,bintrie,5,4,storage_sstore_k100,9,,9880,0,0,0.024,2.6155,0.0023,0.1549,2.9566,0,4,0,0,0,0,0,0,0,0,0,0,4,0,0,0,0,0,0,0,0,0
ubt,bintrie,5,4,storage_sstore_k100,9,,9881,0,0,0.0464,31.2119,0.0027,0.1118,31.5892,0,4,0,0,0,0,0,0,0,0,0,0,4,0,0,0,0,0,0,0,0,0
ubt,bintrie,5,4,storage_sstore_k100,9,,9882,86950,2,0.3447,20.5923,2.6804,5.4092,29.2389,2.9738,11,0,0,0,3,0,0,0,1,165,4,7,36.36,0,0,0,0,0,0,0,0
ubt,bintrie,5,4,storage_sstore_k100,9,,9883,15918228,1,11.6009,30.6117,31.4242,7.5294,81.5816,195.1203,106,687,100,2937,100,0,680,0,0,0,83,23,78.3,550,137,80.06,100,0,100,2937,0
ubt,bintrie,5,4,storage_sstore_k100,9,,9884,21000,1,0.2578,2.9995,26.2748,0.6064,46.1326,0.4552,6,0,0,0,2,0,0,0,0,0,0,6,0,0,0,0,0,0,0,0,0
ubt,bintrie,5,4,storage_sstore_k100,9,,9885,0,0,0.0386,4.5076,0.0022,0.2482,4.95,0,4,0,0,0,0,0,0,0,0,0,0,4,0,0,0,0,0,0,0,0,0
ubt,bintrie,5,4,storage_sstore_k400,10,,10046,0,0,0.0451,0.6348,0.0013,0.1966,1.1653,0,4,0,0,0,0,0,0,0,0,0,0,4,0,0,0,0,0,0,0,0,0
ubt,bintrie,5,4,storage_sstore_k400,10,,10047,0,0,0.0248,5.0961,0.0015,0.17,5.4122,0,4,0,0,0,0,0,0,0,0,0,0,4,0,0,0,0,0,0,0,0,0
ubt,bintrie,5,4,storage_sstore_k400,10,,10048,0,0,0.0361,24.3216,0.0024,0.1357,24.757,0,4,0,0,0,0,0,0,0,0,0,0,4,0,0,0,0,0,0,0,0,0
ubt,bintrie,5,4,storage_sstore_k400,10,,10049,0,0,0.0302,4.051,0.0027,0.1668,4.4747,0,4,0,0,0,0,0,0,0,0,0,0,4,0,0,0,0,0,0,0,0,0
ubt,bintrie,5,4,storage_sstore_k400,10,,10050,86938,2,0.1757,4.7433,7.2643,5.1157,21.365,4.0692,11,0,0,0,3,0,0,0,1,165,4,7,36.36,0,0,0,0,0,0,0,0
ubt,bintrie,5,4,storage_sstore_k400,10,,10051,15913190,1,10.7579,48.4838,58.1033,33.5583,151.1046,105.3124,337,630,331,9405,331,0,628,0,0,0,303,34,89.91,550,80,87.3,331,0,100,9405,0
ubt,bintrie,5,4,storage_sstore_k400,10,,10052,21000,1,0.0863,26.0843,9.9259,0.6153,36.9612,0.5682,6,0,0,0,2,0,0,0,0,0,2,4,33.33,0,0,0,0,0,0,0,0
ubt,bintrie,5,4,storage_sstore_k400,10,,10053,0,0,0.0312,2.4695,0.0022,0.1019,2.7476,0,4,0,0,0,0,0,0,0,0,0,0,4,0,0,0,0,0,0,0,0,0
ubt,bintrie,5,4,storage_sstore_k400,11,,10054,0,0,0.0483,30.2045,0.0032,0.2658,30.7483,0,4,0,0,0,0,0,0,0,0,0,0,4,0,0,0,0,0,0,0,0,0
ubt,bintrie,5,4,storage_sstore_k400,11,,10055,0,0,0.0228,5.3113,0.0016,0.1832,5.6604,0,4,0,0,0,0,0,0,0,0,0,0,4,0,0,0,0,0,0,0,0,0
ubt,bintrie,5,4,storage_sstore_k400,11,,10056,0,0,0.0213,2.7124,0.0013,0.1092,2.9687,0,4,0,0,0,0,0,0,0,0,0,0,4,0,0,0,0,0,0,0,0,0
ubt,bintrie,5,4,storage_sstore_k400,11,,10057,86938,2,0.0884,3.0032,0.7313,6.7118,10.7034,8.1225,11,0,0,0,3,0,0,0,1,165,6,5,54.55,0,0,0,0,0,0,0,0
ubt,bintrie,5,4,storage_sstore_k400,11,,10058,15913190,1,10.7724,36.7722,88.881,19.2504,157.7747,100.8602,337,630,331,9405,331,0,628,0,0,0,105,232,31.16,116,514,18.41,331,0,100,9405,0
ubt,bintrie,5,4,storage_sstore_k400,11,,10059,21000,1,0.0578,68.1324,2.2056,0.5697,71.1769,0.295,6,0,0,0,2,0,0,0,0,0,2,4,33.33,0,0,0,0,0,0,0,0
ubt,bintrie,5,4,storage_sstore_k400,12,,10060,0,0,0.0537,20.6398,0.0036,0.3759,21.4859,0,4,0,0,0,0,0,0,0,0,0,0,4,0,0,0,0,0,0,0,0,0
ubt,bintrie,5,4,storage_sstore_k400,12,,10061,0,0,0.0254,0.9221,0.0015,0.4632,1.7745,0,4,0,0,0,0,0,0,0,0,0,0,4,0,0,0,0,0,0,0,0,0
ubt,bintrie,5,4,storage_sstore_k400,12,,10062,0,0,0.0462,59.4292,0.0029,0.1617,59.8447,0,4,0,0,0,0,0,0,0,0,0,0,4,0,0,0,0,0,0,0,0,0
ubt,bintrie,5,4,storage_sstore_k400,12,,10063,0,0,0.0266,3.7129,0.0015,0.2359,4.096,0,4,0,0,0,0,0,0,0,0,0,0,4,0,0,0,0,0,0,0,0,0
ubt,bintrie,5,4,storage_sstore_k400,12,,10064,86938,2,0.2935,18.6363,10.8405,5.458,35.3934,2.4563,11,0,0,0,3,0,0,0,1,165,4,7,36.36,0,0,0,0,0,0,0,0
ubt,bintrie,5,4,storage_sstore_k400,12,,10065,15913190,1,11.0436,37.2363,79.8462,18.9908,147.3839,107.971,337,630,331,9405,331,0,628,0,0,0,152,185,45.1,218,412,34.6,331,0,100,9405,0
ubt,bintrie,5,4,storage_sstore_k400,12,,10066,21000,1,0.06,3.7537,58.649,0.8161,67.3333,0.3119,6,0,0,0,2,0,0,0,0,0,2,4,33.33,0,0,0,0,0,0,0,0
ubt,bintrie,5,4,storage_sstore_k400,13,,10067,0,0,0.1419,1.0367,0.0014,0.213,1.7721,0,4,0,0,0,0,0,0,0,0,0,0,4,0,0,0,0,0,0,0,0,0
ubt,bintrie,5,4,storage_sstore_k400,13,,10068,0,0,0.0282,1.7783,0.002,0.1377,3.2074,0,4,0,0,0,0,0,0,0,0,0,0,4,0,0,0,0,0,0,0,0,0
ubt,bintrie,5,4,storage_sstore_k400,13,,10069,0,0,0.0313,2.6288,0.0016,0.1326,2.9529,0,4,0,0,0,0,0,0,0,0,0,0,4,0,0,0,0,0,0,0,0,0
ubt,bintrie,5,4,storage_sstore_k400,13,,10070,0,0,0.0523,27.298,0.003,0.2166,27.8454,0,4,0,0,0,0,0,0,0,0,0,0,4,0,0,0,0,0,0,0,0,0
ubt,bintrie,5,4,storage_sstore_k400,13,,10071,86938,2,0.3459,20.1947,2.2958,4.7855,27.8187,3.1252,11,0,0,0,3,0,0,0,1,165,4,7,36.36,0,0,0,0,0,0,0,0
ubt,bintrie,5,4,storage_sstore_k400,13,,10072,15913190,1,9.0734,30.5213,87.7994,19.0767,146.7958,108.4036,337,630,331,9405,331,0,628,0,0,0,89,248,26.41,126,504,20,331,0,100,9405,0
ubt,bintrie,5,4,storage_sstore_k400,13,,10073,21000,1,0.0563,3.6339,3.7896,0.8618,11.5675,1.8154,6,0,0,0,2,0,0,0,0,0,2,4,33.33,0,0,0,0,0,0,0,0
ubt,bintrie,5,4,storage_sstore_k400,13,,10074,0,0,0.04,2.4795,0.0019,0.1015,2.8438,0,4,0,0,0,0,0,0,0,0,0,0,4,0,0,0,0,0,0,0,0,0
ubt,bintrie,5,4,storage_sstore_k400,14,,10075,0,0,0.0708,19.9705,0.0028,0.3745,20.7072,0,4,0,0,0,0,0,0,0,0,0,0,4,0,0,0,0,0,0,0,0,0
ubt,bintrie,5,4,storage_sstore_k400,14,,10076,0,0,0.0356,2.5786,0.002,0.1576,3.3387,0,4,0,0,0,0,0,0,0,0,0,0,4,0,0,0,0,0,0,0,0,0
ubt,bintrie,5,4,storage_sstore_k400,14,,10077,0,0,0.035,7.5715,0.0019,0.2075,7.9672,0,4,0,0,0,0,0,0,0,0,0,0,4,0,0,0,0,0,0,0,0,0
ubt,bintrie,5,4,storage_sstore_k400,14,,10078,0,0,0.0289,2.2788,0.003,3.5261,8.78,0,4,0,0,0,0,0,0,0,0,0,0,4,0,0,0,0,0,0,0,0,0
ubt,bintrie,5,4,storage_sstore_k400,14,,10079,86938,2,0.3816,17.6395,2.9957,5.9622,27.2139,3.1946,11,0,0,0,3,0,0,0,1,165,4,7,36.36,0,0,0,0,0,0,0,0
ubt,bintrie,5,4,storage_sstore_k400,14,,10080,15913190,1,11.2758,46.9959,56.4421,31.6333,146.6529,108.5092,337,630,331,9405,331,0,628,0,0,0,246,91,73.0,434,196,68.89,331,0,100,9405,0
ubt,bintrie,5,4,storage_sstore_k400,14,,10081,21000,1,0.2112,36.9268,2.2801,0.6447,40.281,0.5213,6,0,0,0,2,0,0,0,0,0,0,6,0,0,0,0,0,0,0,0,0
ubt,bintrie,5,4,storage_sstore_k400,14,,10082,0,0,0.0353,0.7666,0.0013,1.2864,2.3986,0,4,0,0,0,0,0,0,0,0,0,0,4,0,0,0,0,0,0,0,0,0
ubt,bintrie,5,4,storage_sstore_k400,15,,10083,0,0,0.0354,36.1123,0.0029,0.2026,36.5073,0,4,0,0,0,0,0,0,0,0,0,0,4,0,0,0,0,0,0,0,0,0
ubt,bintrie,5,4,storage_sstore_k400,15,,10084,0,0,0.0346,0.7474,0.0018,0.1275,1.1806,0,4,0,0,0,0,0,0,0,0,0,0,4,0,0,0,0,0,0,0,0,0
ubt,bintrie,5,4,storage_sstore_k400,15,,10085,0,0,0.0474,37.4878,0.0166,0.2018,38.1807,0,4,0,0,0,0,0,0,0,0,0,0,4,0,0,0,0,0,0,0,0,0
ubt,bintrie,5,4,storage_sstore_k400,15,,10086,86938,2,0.3851,13.9178,16.5801,4.97,36.0601,2.4109,11,0,0,0,3,0,0,0,1,165,4,7,36.36,0,0,0,0,0,0,0,0
ubt,bintrie,5,4,storage_sstore_k400,15,,10087,15913190,1,8.489,31.8674,94.8541,18.7657,155.188,102.5413,337,630,331,9405,331,0,628,0,0,0,245,92,72.7,423,207,67.14,331,0,100,9405,0
ubt,bintrie,5,4,storage_sstore_k400,15,,10088,21000,1,0.0665,3.4183,34.6814,0.6598,41.9483,0.5006,6,0,0,0,2,0,0,0,0,0,2,4,33.33,0,0,0,0,0,0,0,0
ubt,bintrie,5,4,storage_sstore_k400,16,,10089,0,0,0.0457,19.0119,0.0018,0.1901,19.4604,0,4,0,0,0,0,0,0,0,0,0,0,4,0,0,0,0,0,0,0,0,0
ubt,bintrie,5,4,storage_sstore_k400,16,,10090,0,0,0.0308,2.418,0.0015,0.1739,2.8362,0,4,0,0,0,0,0,0,0,0,0,0,4,0,0,0,0,0,0,0,0,0
ubt,bintrie,5,4,storage_sstore_k400,16,,10091,0,0,0.0419,53.6652,0.0026,0.1419,54.0411,0,4,0,0,0,0,0,0,0,0,0,0,4,0,0,0,0,0,0,0,0,0
ubt,bintrie,5,4,storage_sstore_k400,16,,10092,0,0,0.0347,0.8153,0.0017,0.3716,1.7736,0,4,0,0,0,0,0,0,0,0,0,0,4,0,0,0,0,0,0,0,0,0
ubt,bintrie,5,4,storage_sstore_k400,16,,10093,86938,2,0.2871,16.3833,16.243,5.3247,39.0424,2.2268,11,0,0,0,3,0,0,0,1,165,4,7,36.36,0,0,0,0,0,0,0,0
ubt,bintrie,5,4,storage_sstore_k400,16,,10094,15913190,1,8.8969,32.8692,82.9476,19.4587,144.6002,110.0496,337,630,331,9405,331,0,628,0,0,0,158,179,46.88,255,375,40.48,331,0,100,9405,0
ubt,bintrie,5,4,storage_sstore_k400,16,,10095,21000,1,0.081,5.4292,3.4454,0.6737,11.1851,1.8775,6,0,0,0,2,0,0,0,0,0,2,4,33.33,0,0,0,0,0,0,0,0
ubt,bintrie,5,4,storage_sstore_k400,16,,10096,0,0,0.0207,2.3961,0.0015,0.1047,2.6771,0,4,0,0,0,0,0,0,0,0,0,0,4,0,0,0,0,0,0,0,0,0
ubt,bintrie,5,4,storage_sstore_k400,17,,10097,0,0,0.0861,31.4736,0.0031,0.3338,32.2088,0,4,0,0,0,0,0,0,0,0,0,0,4,0,0,0,0,0,0,0,0,0
ubt,bintrie,5,4,storage_sstore_k400,17,,10098,0,0,0.0308,0.8099,0.0013,0.6026,1.7463,0,4,0,0,0,0,0,0,0,0,0,0,4,0,0,0,0,0,0,0,0,0
ubt,bintrie,5,4,storage_sstore_k400,17,,10099,0,0,0.0376,72.2289,0.0035,0.1404,72.5764,0,4,0,0,0,0,0,0,0,0,0,0,4,0,0,0,0,0,0,0,0,0
ubt,bintrie,5,4,storage_sstore_k400,17,,10100,0,0,0.0271,13.0376,0.0036,0.4553,14.3332,0,4,0,0,0,0,0,0,0,0,0,0,4,0,0,0,0,0,0,0,0,0
ubt,bintrie,5,4,storage_sstore_k400,17,,10101,86938,2,0.1468,20.1733,0.7947,6.234,27.56,3.1545,11,0,0,0,3,0,0,0,1,165,5,6,45.45,0,0,0,0,0,0,0,0
ubt,bintrie,5,4,storage_sstore_k400,17,,10102,15913190,1,11.087,35.8272,74.6658,18.9541,140.6859,113.1115,337,630,331,9405,331,0,628,0,0,0,136,201,40.36,218,412,34.6,331,0,100,9405,0
ubt,bintrie,5,4,storage_sstore_k400,17,,10103,21000,1,0.0687,2.7496,6.3347,0.7472,10.1285,2.0734,6,0,0,0,2,0,0,0,0,0,2,4,33.33,0,0,0,0,0,0,0,0
ubt,bintrie,5,4,storage_sstore_k400,17,,10104,0,0,0.0231,2.3064,0.0017,0.1232,2.6264,0,4,0,0,0,0,0,0,0,0,0,0,4,0,0,0,0,0,0,0,0,0
ubt,bintrie,5,4,storage_sstore_k400,18,,10105,0,0,0.0464,32.1088,0.0021,0.2093,32.5692,0,4,0,0,0,0,0,0,0,0,0,0,4,0,0,0,0,0,0,0,0,0
ubt,bintrie,5,4,storage_sstore_k400,18,,10106,0,0,0.0433,0.7783,0.0021,0.1903,1.2346,0,4,0,0,0,0,0,0,0,0,0,0,4,0,0,0,0,0,0,0,0,0
ubt,bintrie,5,4,storage_sstore_k400,18,,10107,0,0,0.0443,76.6089,0.0051,0.1052,77.2415,0,4,0,0,0,0,0,0,0,0,0,0,4,0,0,0,0,0,0,0,0,0
ubt,bintrie,5,4,storage_sstore_k400,18,,10108,0,0,0.0466,19.3273,0.0028,0.2036,19.8427,0,4,0,0,0,0,0,0,0,0,0,0,4,0,0,0,0,0,0,0,0,0
ubt,bintrie,5,4,storage_sstore_k400,18,,10109,86938,2,0.4322,17.0437,0.7025,5.1923,37.3653,2.3267,11,0,0,0,3,0,0,0,1,165,4,7,36.36,0,0,0,0,0,0,0,0
ubt,bintrie,5,4,storage_sstore_k400,18,,10110,15913190,1,9.0107,31.8237,80.9111,22.3061,144.3757,110.2207,337,630,331,9405,331,0,628,0,0,0,136,201,40.36,191,439,30.32,331,0,100,9405,0
ubt,bintrie,5,4,storage_sstore_k400,18,,10111,21000,1,0.0827,7.8629,3.1684,0.7948,12.1453,1.7291,6,0,0,0,2,0,0,0,0,0,2,4,33.33,0,0,0,0,0,0,0,0
ubt,bintrie,5,4,storage_sstore_k400,19,,10112,0,0,0.0515,29.2385,0.0032,0.2559,29.8174,0,4,0,0,0,0,0,0,0,0,0,0,4,0,0,0,0,0,0,0,0,0
ubt,bintrie,5,4,storage_sstore_k400,19,,10113,0,0,0.031,0.959,0.0019,0.8329,2.1404,0,4,0,0,0,0,0,0,0,0,0,0,4,0,0,0,0,0,0,0,0,0
ubt,bintrie,5,4,storage_sstore_k400,19,,10114,0,0,0.0239,2.6306,0.0014,0.1332,2.9644,0,4,0,0,0,0,0,0,0,0,0,0,4,0,0,0,0,0,0,0,0,0
ubt,bintrie,5,4,storage_sstore_k400,19,,10115,0,0,0.0578,10.0987,0.0022,0.1954,10.5897,0,4,0,0,0,0,0,0,0,0,0,0,4,0,0,0,0,0,0,0,0,0
ubt,bintrie,5,4,storage_sstore_k400,19,,10116,86938,2,0.407,29.5944,11.0951,5.2349,46.5371,1.8681,11,0,0,0,3,0,0,0,1,165,4,7,36.36,0,0,0,0,0,0,0,0
ubt,bintrie,5,4,storage_sstore_k400,19,,10117,15913190,1,9.1232,32.9956,71.7397,18.6034,132.6328,119.9793,337,630,331,9405,331,0,628,0,0,0,132,205,39.17,204,426,32.38,331,0,100,9405,0
ubt,bintrie,5,4,storage_sstore_k400,19,,10118,21000,1,0.1109,4.376,6.6776,0.5422,11.9381,1.7591,6,0,0,0,2,0,0,0,0,0,2,4,33.33,0,0,0,0,0,0,0,0
ubt,bintrie,5,4,storage_sstore_k400,19,,10119,0,0,0.0316,2.8603,0.0019,0.1265,3.1768,0,4,0,0,0,0,0,0,0,0,0,0,4,0,0,0,0,0,0,0,0,0
ubt,bintrie,5,4,storage_sstore_k400,1,,9974,0,0,0.0352,3.3309,0.0014,0.2374,3.8556,0,4,0,0,0,0,0,0,0,0,0,0,4,0,0,0,0,0,0,0,0,0
ubt,bintrie,5,4,storage_sstore_k400,1,,9975,0,0,0.0249,0.9281,0.0019,0.1482,3.0947,0,4,0,0,0,0,0,0,0,0,0,0,4,0,0,0,0,0,0,0,0,0
ubt,bintrie,5,4,storage_sstore_k400,1,,9976,0,0,0.0321,0.7623,0.0016,0.1268,1.136,0,4,0,0,0,0,0,0,0,0,0,0,4,0,0,0,0,0,0,0,0,0
ubt,bintrie,5,4,storage_sstore_k400,1,,9977,0,0,0.0562,37.8812,0.0032,0.1546,38.2932,0,4,0,0,0,0,0,0,0,0,0,0,4,0,0,0,0,0,0,0,0,0
ubt,bintrie,5,4,storage_sstore_k400,1,,9978,86938,2,0.2987,7.8609,6.4074,5.2748,20.0524,4.3355,11,0,0,0,3,0,0,0,1,165,5,6,45.45,0,0,0,0,0,0,0,0
ubt,bintrie,5,4,storage_sstore_k400,1,,9979,15913190,1,10.5408,64.7952,81.1581,21.7878,178.4733,89.1628,337,630,331,9405,331,0,628,0,0,0,189,148,56.08,302,328,47.94,331,0,100,9405,0
ubt,bintrie,5,4,storage_sstore_k400,1,,9980,21000,1,0.0738,5.8656,2.9813,0.8144,10.7124,1.9603,6,0,0,0,2,0,0,0,0,0,2,4,33.33,0,0,0,0,0,0,0,0
ubt,bintrie,5,4,storage_sstore_k400,20,,10120,0,0,0.0417,0.951,0.0016,0.7306,2.035,0,4,0,0,0,0,0,0,0,0,0,0,4,0,0,0,0,0,0,0,0,0
ubt,bintrie,5,4,storage_sstore_k400,20,,10121,0,0,0.052,1.1653,0.0028,7.4025,9.0493,0,4,0,0,0,0,0,0,0,0,0,0,4,0,0,0,0,0,0,0,0,0
ubt,bintrie,5,4,storage_sstore_k400,20,,10122,0,0,0.0374,64.4788,0.0024,0.1168,64.8711,0,4,0,0,0,0,0,0,0,0,0,0,4,0,0,0,0,0,0,0,0,0
ubt,bintrie,5,4,storage_sstore_k400,20,,10123,86938,2,0.1138,23.8577,0.5658,5.0923,31.6562,2.7463,11,0,0,0,3,0,0,0,1,165,6,5,54.55,0,0,0,0,0,0,0,0
ubt,bintrie,5,4,storage_sstore_k400,20,,10124,15913190,1,9.6643,56.6001,57.1874,38.0117,161.6424,98.4469,337,630,331,9405,331,0,628,0,0,0,167,170,49.55,324,306,51.43,331,0,100,9405,0
ubt,bintrie,5,4,storage_sstore_k400,20,,10125,21000,1,0.0726,2.8294,2.3923,0.5136,8.6471,2.4286,6,0,0,0,2,0,0,0,0,0,2,4,33.33,0,0,0,0,0,0,0,0
ubt,bintrie,5,4,storage_sstore_k400,2,,9982,0,0,0.0317,0.7253,0.0021,0.2601,4.4043,0,4,0,0,0,0,0,0,0,0,0,0,4,0,0,0,0,0,0,0,0,0
ubt,bintrie,5,4,storage_sstore_k400,2,,9983,0,0,0.0641,1.5321,0.0027,0.6758,4.5507,0,4,0,0,0,0,0,0,0,0,0,0,4,0,0,0,0,0,0,0,0,0
ubt,bintrie,5,4,storage_sstore_k400,2,,9984,0,0,0.0567,0.8169,0.0018,0.1124,1.2067,0,4,0,0,0,0,0,0,0,0,0,0,4,0,0,0,0,0,0,0,0,0
ubt,bintrie,5,4,storage_sstore_k400,2,,9985,0,0,0.0596,34.8381,0.0028,0.2143,36.22,0,4,0,0,0,0,0,0,0,0,0,0,4,0,0,0,0,0,0,0,0,0
ubt,bintrie,5,4,storage_sstore_k400,2,,9986,86938,2,0.084,2.7631,0.5454,4.5616,10.024,8.6729,11,0,0,0,3,0,0,0,1,165,6,5,54.55,0,0,0,0,0,0,0,0
ubt,bintrie,5,4,storage_sstore_k400,2,,9987,15913190,1,18.182,47.6766,57.284,40.1729,163.6546,97.2364,337,630,331,9405,331,0,628,0,0,0,127,210,37.69,188,442,29.84,331,0,100,9405,0
ubt,bintrie,5,4,storage_sstore_k400,2,,9988,21000,1,0.1879,11.0249,3.8642,0.514,15.8254,1.327,6,0,0,0,2,0,0,0,0,0,0,6,0,0,0,0,0,0,0,0,0
ubt,bintrie,5,4,storage_sstore_k400,2,,9989,0,0,0.0285,2.3508,0.0017,0.1344,2.7604,0,4,0,0,0,0,0,0,0,0,0,0,4,0,0,0,0,0,0,0,0,0
ubt,bintrie,5,4,storage_sstore_k400,3,,9990,0,0,0.0253,0.7053,0.0015,0.8903,2.1422,0,4,0,0,0,0,0,0,0,0,0,0,4,0,0,0,0,0,0,0,0,0
ubt,bintrie,5,4,storage_sstore_k400,3,,9991,0,0,0.0356,0.9903,0.0024,0.2051,3.53,0,4,0,0,0,0,0,0,0,0,0,0,4,0,0,0,0,0,0,0,0,0
ubt,bintrie,5,4,storage_sstore_k400,3,,9992,0,0,0.0266,0.9398,0.002,0.7798,2.4197,0,4,0,0,0,0,0,0,0,0,0,0,4,0,0,0,0,0,0,0,0,0
ubt,bintrie,5,4,storage_sstore_k400,3,,9993,0,0,0.0387,8.9444,0.0021,0.1632,9.3746,0,4,0,0,0,0,0,0,0,0,0,0,4,0,0,0,0,0,0,0,0,0
ubt,bintrie,5,4,storage_sstore_k400,3,,9994,86938,2,0.1238,16.3151,1.3921,10.7176,28.7195,3.0271,11,0,0,0,3,0,0,0,1,165,5,6,45.45,0,0,0,0,0,0,0,0
ubt,bintrie,5,4,storage_sstore_k400,3,,9995,15913190,1,11.9012,37.0263,87.5668,20.3596,160.6336,99.0652,337,630,331,9405,331,0,628,0,0,0,233,104,69.14,280,350,44.44,331,0,100,9405,0
ubt,bintrie,5,4,storage_sstore_k400,3,,9996,21000,1,0.0589,2.5649,0.7414,0.951,4.4915,4.6755,6,0,0,0,2,0,0,0,0,0,2,4,33.33,0,0,0,0,0,0,0,0
ubt,bintrie,5,4,storage_sstore_k400,3,,9997,0,0,0.0274,2.4496,0.0012,0.1183,2.7329,0,4,0,0,0,0,0,0,0,0,0,0,4,0,0,0,0,0,0,0,0,0
ubt,bintrie,5,4,storage_sstore_k400,4,,9998,0,0,0.1088,14.4873,0.003,0.3501,44.3938,0,4,0,0,0,0,0,0,0,0,0,0,4,0,0,0,0,0,0,0,0,0
ubt,bintrie,5,4,storage_sstore_k400,4,,9999,0,0,0.0426,44.1595,0.0028,0.1291,44.5025,0,4,0,0,0,0,0,0,0,0,0,0,4,0,0,0,0,0,0,0,0,0
ubt,bintrie,5,4,storage_sstore_k400,4,,10000,0,0,0.0782,2.8054,0.002,0.1116,3.1585,0,4,0,0,0,0,0,0,0,0,0,0,4,0,0,0,0,0,0,0,0,0
ubt,bintrie,5,4,storage_sstore_k400,4,,10001,0,0,0.0556,34.9523,0.0025,0.1901,36.2502,0,4,0,0,0,0,0,0,0,0,0,0,4,0,0,0,0,0,0,0,0,0
ubt,bintrie,5,4,storage_sstore_k400,4,,10002,86938,2,0.3952,5.4552,2.9928,5.8921,14.9301,5.823,11,0,0,0,3,0,0,0,1,165,4,7,36.36,0,0,0,0,0,0,0,0
ubt,bintrie,5,4,storage_sstore_k400,4,,10003,15913190,1,9.7023,42.8748,67.1979,42.8232,162.7912,97.7522,337,630,331,9405,331,0,628,0,0,0,59,278,17.51,108,522,17.14,331,0,100,9405,0
ubt,bintrie,5,4,storage_sstore_k400,4,,10004,21000,1,0.1078,3.0137,5.5381,0.649,9.9137,2.1183,6,0,0,0,2,0,0,0,0,0,2,4,33.33,0,0,0,0,0,0,0,0
ubt,bintrie,5,4,storage_sstore_k400,4,,10005,0,0,0.0266,3.9291,0.0027,0.1264,4.2489,0,4,0,0,0,0,0,0,0,0,0,0,4,0,0,0,0,0,0,0,0,0
ubt,bintrie,5,4,storage_sstore_k400,5,,10006,0,0,0.0456,29.0647,0.0022,0.2254,29.5544,0,4,0,0,0,0,0,0,0,0,0,0,4,0,0,0,0,0,0,0,0,0
ubt,bintrie,5,4,storage_sstore_k400,5,,10007,0,0,0.0215,0.7111,0.0017,0.5876,1.8521,0,4,0,0,0,0,0,0,0,0,0,0,4,0,0,0,0,0,0,0,0,0
ubt,bintrie,5,4,storage_sstore_k400,5,,10008,0,0,0.0255,2.6591,0.0018,0.1497,3.0239,0,4,0,0,0,0,0,0,0,0,0,0,4,0,0,0,0,0,0,0,0,0
ubt,bintrie,5,4,storage_sstore_k400,5,,10009,0,0,0.0291,38.7194,0.0025,0.1177,39.0314,0,4,0,0,0,0,0,0,0,0,0,0,4,0,0,0,0,0,0,0,0,0
ubt,bintrie,5,4,storage_sstore_k400,5,,10010,86938,2,0.2958,8.086,6.0704,5.9946,20.7139,4.1971,11,0,0,0,3,0,0,0,1,165,4,7,36.36,0,0,0,0,0,0,0,0
ubt,bintrie,5,4,storage_sstore_k400,5,,10011,15913190,1,13.0579,50.6715,60.0684,45.0021,169.0257,94.1466,337,630,331,9405,331,0,628,0,0,0,68,269,20.18,89,541,14.13,331,0,100,9405,0
ubt,bintrie,5,4,storage_sstore_k400,5,,10012,21000,1,0.072,2.6832,2.2375,0.5592,5.7205,3.671,6,0,0,0,2,0,0,0,0,0,2,4,33.33,0,0,0,0,0,0,0,0
ubt,bintrie,5,4,storage_sstore_k400,5,,10013,0,0,0.0352,6.8122,0.0021,0.152,7.1785,0,4,0,0,0,0,0,0,0,0,0,0,4,0,0,0,0,0,0,0,0,0
ubt,bintrie,5,4,storage_sstore_k400,6,,10014,0,0,0.0654,48.737,0.0025,0.1641,52.4727,0,4,0,0,0,0,0,0,0,0,0,0,4,0,0,0,0,0,0,0,0,0
ubt,bintrie,5,4,storage_sstore_k400,6,,10015,0,0,0.0514,37.2773,0.0034,0.2059,37.7283,0,4,0,0,0,0,0,0,0,0,0,0,4,0,0,0,0,0,0,0,0,0
ubt,bintrie,5,4,storage_sstore_k400,6,,10016,0,0,0.0263,2.5826,0.0014,0.1161,2.8797,0,4,0,0,0,0,0,0,0,0,0,0,4,0,0,0,0,0,0,0,0,0
ubt,bintrie,5,4,storage_sstore_k400,6,,10017,0,0,0.0694,20.8362,0.0028,0.1448,28.0811,0,4,0,0,0,0,0,0,0,0,0,0,4,0,0,0,0,0,0,0,0,0
ubt,bintrie,5,4,storage_sstore_k400,6,,10018,86938,2,0.1485,1.0684,16.1163,9.9186,27.4676,3.1651,11,0,0,0,3,0,0,0,1,165,6,5,54.55,0,0,0,0,0,0,0,0
ubt,bintrie,5,4,storage_sstore_k400,6,,10019,15913190,1,10.8003,50.5012,62.0085,22.5584,146.2566,108.8032,337,630,331,9405,331,0,628,0,0,0,168,169,49.85,279,351,44.29,331,0,100,9405,0
ubt,bintrie,5,4,storage_sstore_k400,6,,10020,21000,1,0.1062,3.0926,2.5237,0.5973,22.854,0.9189,6,0,0,0,2,0,0,0,0,0,0,6,0,0,0,0,0,0,0,0,0
ubt,bintrie,5,4,storage_sstore_k400,6,,10021,0,0,0.0208,0.4628,0.0018,0.1153,0.7477,0,4,0,0,0,0,0,0,0,0,0,0,4,0,0,0,0,0,0,0,0,0
ubt,bintrie,5,4,storage_sstore_k400,7,,10022,0,0,0.0639,10.5893,0.0024,0.318,11.2616,0,4,0,0,0,0,0,0,0,0,0,0,4,0,0,0,0,0,0,0,0,0
ubt,bintrie,5,4,storage_sstore_k400,7,,10023,0,0,0.0249,0.9813,0.0029,0.1967,3.3095,0,4,0,0,0,0,0,0,0,0,0,0,4,0,0,0,0,0,0,0,0,0
ubt,bintrie,5,4,storage_sstore_k400,7,,10024,0,0,0.0363,33.8908,0.0039,0.224,36.4159,0,4,0,0,0,0,0,0,0,0,0,0,4,0,0,0,0,0,0,0,0,0
ubt,bintrie,5,4,storage_sstore_k400,7,,10025,0,0,0.0993,5.5414,0.0027,0.1208,6.1344,0,4,0,0,0,0,0,0,0,0,0,0,4,0,0,0,0,0,0,0,0,0
ubt,bintrie,5,4,storage_sstore_k400,7,,10026,0,0,0.091,38.5441,0.0037,0.3361,39.9846,0,4,0,0,0,0,0,0,0,0,0,0,4,0,0,0,0,0,0,0,0,0
ubt,bintrie,5,4,storage_sstore_k400,7,,10027,86938,2,0.3152,37.7098,8.6152,5.82,52.7789,1.6472,11,0,0,0,3,0,0,0,1,165,4,7,36.36,0,0,0,0,0,0,0,0
ubt,bintrie,5,4,storage_sstore_k400,7,,10028,15913190,1,9.0308,31.9379,110.8455,19.1272,171.4132,92.8352,337,630,331,9405,331,0,628,0,0,0,322,15,95.55,548,82,86.98,331,0,100,9405,0
ubt,bintrie,5,4,storage_sstore_k400,7,,10029,21000,1,0.1946,10.2628,7.6408,0.9014,19.2051,1.0935,6,0,0,0,2,0,0,0,0,0,2,4,33.33,0,0,0,0,0,0,0,0
ubt,bintrie,5,4,storage_sstore_k400,8,,10030,0,0,0.0579,18.8757,0.0032,0.2603,19.4332,0,4,0,0,0,0,0,0,0,0,0,0,4,0,0,0,0,0,0,0,0,0
ubt,bintrie,5,4,storage_sstore_k400,8,,10031,0,0,0.0411,6.2116,0.0014,0.1365,6.6137,0,4,0,0,0,0,0,0,0,0,0,0,4,0,0,0,0,0,0,0,0,0
ubt,bintrie,5,4,storage_sstore_k400,8,,10032,0,0,0.0294,2.5529,0.0018,0.1405,2.8956,0,4,0,0,0,0,0,0,0,0,0,0,4,0,0,0,0,0,0,0,0,0
ubt,bintrie,5,4,storage_sstore_k400,8,,10033,0,0,0.0467,23.0045,0.0025,0.3526,24.2247,0,4,0,0,0,0,0,0,0,0,0,0,4,0,0,0,0,0,0,0,0,0
ubt,bintrie,5,4,storage_sstore_k400,8,,10034,86938,2,0.2596,2.7928,6.5214,4.6804,14.4651,6.0102,11,0,0,0,3,0,0,0,1,165,4,7,36.36,0,0,0,0,0,0,0,0
ubt,bintrie,5,4,storage_sstore_k400,8,,10035,15913190,1,14.7178,26.8912,98.9702,18.7308,161.966,98.2502,337,630,331,9405,331,0,628,0,0,0,189,148,56.08,350,280,55.56,331,0,100,9405,0
ubt,bintrie,5,4,storage_sstore_k400,8,,10036,21000,1,0.0488,6.7819,2.7611,0.7616,10.5034,1.9993,6,0,0,0,2,0,0,0,0,0,2,4,33.33,0,0,0,0,0,0,0,0
ubt,bintrie,5,4,storage_sstore_k400,8,,10037,0,0,0.032,2.8425,0.0018,0.1708,3.26,0,4,0,0,0,0,0,0,0,0,0,0,4,0,0,0,0,0,0,0,0,0
ubt,bintrie,5,4,storage_sstore_k400,9,,10038,0,0,0.5104,23.2254,0.0028,0.3565,24.49,0,4,0,0,0,0,0,0,0,0,0,0,4,0,0,0,0,0,0,0,0,0
ubt,bintrie,5,4,storage_sstore_k400,9,,10039,0,0,0.0275,1.654,0.002,0.7228,3.4859,0,4,0,0,0,0,0,0,0,0,0,0,4,0,0,0,0,0,0,0,0,0
ubt,bintrie,5,4,storage_sstore_k400,9,,10040,0,0,0.0653,0.733,0.0017,0.1219,1.1142,0,4,0,0,0,0,0,0,0,0,0,0,4,0,0,0,0,0,0,0,0,0
ubt,bintrie,5,4,storage_sstore_k400,9,,10041,0,0,0.0365,37.5158,0.0034,0.2295,39.0776,0,4,0,0,0,0,0,0,0,0,0,0,4,0,0,0,0,0,0,0,0,0
ubt,bintrie,5,4,storage_sstore_k400,9,,10042,86938,2,0.3168,15.2775,3.1657,5.5219,24.5444,3.5421,11,0,0,0,3,0,0,0,1,165,4,7,36.36,0,0,0,0,0,0,0,0
ubt,bintrie,5,4,storage_sstore_k400,9,,10043,15913190,1,12.1272,59.9797,62.6734,49.5457,184.4829,86.2583,337,630,331,9405,331,0,628,0,0,0,131,206,38.87,178,452,28.25,331,0,100,9405,0
ubt,bintrie,5,4,storage_sstore_k400,9,,10044,21000,1,0.0623,2.6459,2.3197,0.5897,5.8078,3.6159,6,0,0,0,2,0,0,0,0,0,2,4,33.33,0,0,0,0,0,0,0,0
ubt,bintrie,5,4,storage_sstore_k400,9,,10045,0,0,0.0343,2.4739,0.0018,0.1379,3.5469,0,4,0,0,0,0,0,0,0,0,0,0,4,0,0,0,0,0,0,0,0,0
ubt,bintrie,5,4,storage_sstore_k700,10,,10194,0,0,0.0508,14.6761,0.0027,0.1928,15.1051,0,4,0,0,0,0,0,0,0,0,0,0,4,0,0,0,0,0,0,0,0,0
ubt,bintrie,5,4,storage_sstore_k700,10,,10195,0,0,0.0688,20.0842,0.0023,0.1485,21.4568,0,4,0,0,0,0,0,0,0,0,0,0,4,0,0,0,0,0,0,0,0,0
ubt,bintrie,5,4,storage_sstore_k700,10,,10196,0,0,0.0521,3.8869,0.0018,0.1975,4.3302,0,4,0,0,0,0,0,0,0,0,0,0,4,0,0,0,0,0,0,0,0,0
ubt,bintrie,5,4,storage_sstore_k700,10,,10197,0,0,0.0356,11.4217,0.0027,0.1685,11.9458,0,4,0,0,0,0,0,0,0,0,0,0,4,0,0,0,0,0,0,0,0,0
ubt,bintrie,5,4,storage_sstore_k700,10,,10198,86950,2,0.1226,33.9045,0.8029,10.5287,45.5702,1.908,11,0,0,0,3,0,0,0,1,165,5,6,45.45,0,0,0,0,0,0,0,0
ubt,bintrie,5,4,storage_sstore_k700,10,,10199,15911546,1,10.4055,42.4763,120.3744,31.6757,205.1283,77.5687,581,574,575,16237,575,0,573,0,0,0,69,512,11.88,55,519,9.58,575,0,100,16237,0
ubt,bintrie,5,4,storage_sstore_k700,10,,10200,21000,1,0.0719,4.0379,8.6976,0.7898,13.8006,1.5217,6,0,0,0,2,0,0,0,0,0,2,4,33.33,0,0,0,0,0,0,0,0
ubt,bintrie,5,4,storage_sstore_k700,11,,10202,0,0,0.0657,18.3473,0.0026,0.333,19.042,0,4,0,0,0,0,0,0,0,0,0,0,4,0,0,0,0,0,0,0,0,0
ubt,bintrie,5,4,storage_sstore_k700,11,,10203,0,0,0.0152,0.4201,0.001,0.7056,1.2567,0,4,0,0,0,0,0,0,0,0,0,0,4,0,0,0,0,0,0,0,0,0
ubt,bintrie,5,4,storage_sstore_k700,11,,10204,0,0,0.0488,36.3472,0.0027,0.1819,42.1274,0,4,0,0,0,0,0,0,0,0,0,0,4,0,0,0,0,0,0,0,0,0
ubt,bintrie,5,4,storage_sstore_k700,11,,10205,0,0,0.0412,65.9173,0.0031,0.1393,66.3004,0,4,0,0,0,0,0,0,0,0,0,0,4,0,0,0,0,0,0,0,0,0
ubt,bintrie,5,4,storage_sstore_k700,11,,10206,86950,2,0.3145,11.4858,5.2743,5.4817,22.811,3.8118,11,0,0,0,3,0,0,0,1,165,4,7,36.36,0,0,0,0,0,0,0,0
ubt,bintrie,5,4,storage_sstore_k700,11,,10207,15911546,1,10.9487,58.4909,94.7121,62.9118,227.2539,70.0166,581,574,575,16237,575,0,573,0,0,0,453,128,77.97,420,154,73.17,575,0,100,16237,0
ubt,bintrie,5,4,storage_sstore_k700,11,,10208,21000,1,0.0974,3.0332,2.6379,0.5805,6.5291,3.2164,6,0,0,0,2,0,0,0,0,0,2,4,33.33,0,0,0,0,0,0,0,0
ubt,bintrie,5,4,storage_sstore_k700,12,,10209,0,0,0.0433,27.3861,0.0027,0.2541,27.9163,0,4,0,0,0,0,0,0,0,0,0,0,4,0,0,0,0,0,0,0,0,0
ubt,bintrie,5,4,storage_sstore_k700,12,,10210,0,0,0.0156,0.3401,0.001,0.1058,0.5901,0,4,0,0,0,0,0,0,0,0,0,0,4,0,0,0,0,0,0,0,0,0
ubt,bintrie,5,4,storage_sstore_k700,12,,10211,0,0,0.0298,19.0251,0.0031,2.6267,21.9462,0,4,0,0,0,0,0,0,0,0,0,0,4,0,0,0,0,0,0,0,0,0
ubt,bintrie,5,4,storage_sstore_k700,12,,10212,0,0,0.0343,2.6889,0.0016,0.1187,2.9929,0,4,0,0,0,0,0,0,0,0,0,0,4,0,0,0,0,0,0,0,0,0
ubt,bintrie,5,4,storage_sstore_k700,12,,10213,86950,2,0.3834,24.404,0.8976,5.4849,31.3937,2.7697,11,0,0,0,3,0,0,0,1,165,4,7,36.36,0,0,0,0,0,0,0,0
ubt,bintrie,5,4,storage_sstore_k700,12,,10214,15911546,1,11.2525,48.5363,117.1901,32.3346,209.6343,75.9014,581,574,575,16237,575,0,573,0,0,0,374,207,64.37,287,287,50,575,0,100,16237,0
ubt,bintrie,5,4,storage_sstore_k700,12,,10215,21000,1,0.0705,2.5632,2.4362,0.4698,5.7035,3.6819,6,0,0,0,2,0,0,0,0,0,2,4,33.33,0,0,0,0,0,0,0,0
ubt,bintrie,5,4,storage_sstore_k700,13,,10217,0,0,0.069,20.9864,0.0031,0.2795,25.1601,0,4,0,0,0,0,0,0,0,0,0,0,4,0,0,0,0,0,0,0,0,0
ubt,bintrie,5,4,storage_sstore_k700,13,,10218,0,0,0.0199,0.3553,0.0013,0.0974,0.6491,0,4,0,0,0,0,0,0,0,0,0,0,4,0,0,0,0,0,0,0,0,0
ubt,bintrie,5,4,storage_sstore_k700,13,,10219,0,0,0.0314,32.6685,0.0037,2.4948,35.3528,0,4,0,0,0,0,0,0,0,0,0,0,4,0,0,0,0,0,0,0,0,0
ubt,bintrie,5,4,storage_sstore_k700,13,,10220,0,0,0.0413,13.0329,0.003,0.1862,13.465,0,4,0,0,0,0,0,0,0,0,0,0,4,0,0,0,0,0,0,0,0,0
ubt,bintrie,5,4,storage_sstore_k700,13,,10221,86950,2,0.3471,1.1113,0.7735,6.3346,21.4891,4.0462,11,0,0,0,3,0,0,0,1,165,4,7,36.36,0,0,0,0,0,0,0,0
ubt,bintrie,5,4,storage_sstore_k700,13,,10222,15911546,1,9.2264,44.3333,130.5538,31.2269,215.5467,73.8195,581,574,575,16237,575,0,573,0,0,0,149,432,25.65,103,471,17.94,575,0,100,16237,0
ubt,bintrie,5,4,storage_sstore_k700,13,,10223,21000,1,0.0575,2.4937,2.2819,0.4988,5.5002,3.818,6,0,0,0,2,0,0,0,0,0,2,4,33.33,0,0,0,0,0,0,0,0
ubt,bintrie,5,4,storage_sstore_k700,13,,10224,0,0,0.0298,2.4666,0.0023,0.1664,2.8249,0,4,0,0,0,0,0,0,0,0,0,0,4,0,0,0,0,0,0,0,0,0
ubt,bintrie,5,4,storage_sstore_k700,14,,10225,0,0,0.0607,22.8488,0.0022,0.2198,23.402,0,4,0,0,0,0,0,0,0,0,0,0,4,0,0,0,0,0,0,0,0,0
ubt,bintrie,5,4,storage_sstore_k700,14,,10226,0,0,0.015,0.3388,0.0011,0.0807,0.5879,0,4,0,0,0,0,0,0,0,0,0,0,4,0,0,0,0,0,0,0,0,0
ubt,bintrie,5,4,storage_sstore_k700,14,,10227,0,0,0.0339,3.0825,0.0017,0.2858,3.5798,0,4,0,0,0,0,0,0,0,0,0,0,4,0,0,0,0,0,0,0,0,0
ubt,bintrie,5,4,storage_sstore_k700,14,,10228,0,0,0.0286,1.0233,0.0017,0.6687,1.9548,0,4,0,0,0,0,0,0,0,0,0,0,4,0,0,0,0,0,0,0,0,0
ubt,bintrie,5,4,storage_sstore_k700,14,,10229,86950,2,0.143,4.4743,0.5476,5.4326,10.7617,8.0796,11,0,0,0,3,0,0,0,1,165,5,6,45.45,0,0,0,0,0,0,0,0
ubt,bintrie,5,4,storage_sstore_k700,14,,10230,15911546,1,13.1288,59.4713,98.4332,42.355,213.6472,74.4758,581,574,575,16237,575,0,573,0,0,0,531,50,91.39,498,76,86.76,575,0,100,16237,0
ubt,bintrie,5,4,storage_sstore_k700,14,,10231,21000,1,0.21,15.4875,13.4864,0.4999,31.4155,0.6685,6,0,0,0,2,0,0,0,0,0,0,6,0,0,0,0,0,0,0,0,0
ubt,bintrie,5,4,storage_sstore_k700,14,,10232,0,0,0.0413,15.6531,0.003,0.2123,16.0896,0,4,0,0,0,0,0,0,0,0,0,0,4,0,0,0,0,0,0,0,0,0
ubt,bintrie,5,4,storage_sstore_k700,15,,10233,0,0,0.0567,14.5358,0.0026,0.2747,15.1015,0,4,0,0,0,0,0,0,0,0,0,0,4,0,0,0,0,0,0,0,0,0
ubt,bintrie,5,4,storage_sstore_k700,15,,10234,0,0,0.0253,0.4193,0.0012,0.1316,0.7419,0,4,0,0,0,0,0,0,0,0,0,0,4,0,0,0,0,0,0,0,0,0
ubt,bintrie,5,4,storage_sstore_k700,15,,10235,0,0,0.0451,26.7599,0.0029,0.157,29.6558,0,4,0,0,0,0,0,0,0,0,0,0,4,0,0,0,0,0,0,0,0,0
ubt,bintrie,5,4,storage_sstore_k700,15,,10236,0,0,0.0309,3.0646,0.0018,0.1482,3.437,0,4,0,0,0,0,0,0,0,0,0,0,4,0,0,0,0,0,0,0,0,0
ubt,bintrie,5,4,storage_sstore_k700,15,,10237,86950,2,0.355,8.1919,12.3272,9.4801,34.3488,2.5314,11,0,0,0,3,0,0,0,1,165,4,7,36.36,0,0,0,0,0,0,0,0
ubt,bintrie,5,4,storage_sstore_k700,15,,10238,15911546,1,9.3724,45.3793,117.7211,31.0257,203.8074,78.0715,581,574,575,16237,575,0,573,0,0,0,364,217,62.65,289,285,50.35,575,0,100,16237,0
ubt,bintrie,5,4,storage_sstore_k700,15,,10239,21000,1,0.0818,3.9577,2.3156,0.5862,7.1496,2.9372,6,0,0,0,2,0,0,0,0,0,2,4,33.33,0,0,0,0,0,0,0,0
ubt,bintrie,5,4,storage_sstore_k700,16,,10240,0,0,0.0609,48.7017,0.0062,0.1743,49.2838,0,4,0,0,0,0,0,0,0,0,0,0,4,0,0,0,0,0,0,0,0,0
ubt,bintrie,5,4,storage_sstore_k700,16,,10241,0,0,0.0353,30.8253,0.0034,0.2102,31.3298,0,4,0,0,0,0,0,0,0,0,0,0,4,0,0,0,0,0,0,0,0,0
ubt,bintrie,5,4,storage_sstore_k700,16,,10242,0,0,0.0322,2.6531,0.0022,0.1358,2.9664,0,4,0,0,0,0,0,0,0,0,0,0,4,0,0,0,0,0,0,0,0,0
ubt,bintrie,5,4,storage_sstore_k700,16,,10243,0,0,0.0386,3.676,0.0019,0.1619,4.0285,0,4,0,0,0,0,0,0,0,0,0,0,4,0,0,0,0,0,0,0,0,0
ubt,bintrie,5,4,storage_sstore_k700,16,,10244,86950,2,0.2787,21.5186,12.7776,5.8011,40.5758,2.1429,11,0,0,0,3,0,0,0,1,165,4,7,36.36,0,0,0,0,0,0,0,0
ubt,bintrie,5,4,storage_sstore_k700,16,,10245,15911546,1,9.2242,54.1526,114.8238,30.7182,209.1287,76.0849,581,574,575,16237,575,0,573,0,0,0,244,337,42.0,202,372,35.19,575,0,100,16237,0
ubt,bintrie,5,4,storage_sstore_k700,16,,10246,21000,1,0.0647,4.3568,13.0465,1.0563,18.6903,1.1236,6,0,0,0,2,0,0,0,0,0,2,4,33.33,0,0,0,0,0,0,0,0
ubt,bintrie,5,4,storage_sstore_k700,17,,10247,0,0,0.0629,51.4189,0.0023,0.1695,54.7012,0,4,0,0,0,0,0,0,0,0,0,0,4,0,0,0,0,0,0,0,0,0
ubt,bintrie,5,4,storage_sstore_k700,17,,10248,0,0,0.0535,31.3047,0.0034,0.2012,31.7626,0,4,0,0,0,0,0,0,0,0,0,0,4,0,0,0,0,0,0,0,0,0
ubt,bintrie,5,4,storage_sstore_k700,17,,10249,0,0,0.035,0.6783,0.0018,0.1518,1.0504,0,4,0,0,0,0,0,0,0,0,0,0,4,0,0,0,0,0,0,0,0,0
ubt,bintrie,5,4,storage_sstore_k700,17,,10250,0,0,0.0866,4.0324,0.0022,0.1745,4.746,0,4,0,0,0,0,0,0,0,0,0,0,4,0,0,0,0,0,0,0,0,0
ubt,bintrie,5,4,storage_sstore_k700,17,,10251,86950,2,0.0798,3.1152,30.2745,10.1796,43.8312,1.9837,11,0,0,0,3,0,0,0,1,165,6,5,54.55,0,0,0,0,0,0,0,0
ubt,bintrie,5,4,storage_sstore_k700,17,,10252,15911546,1,9.5935,41.4379,112.9997,33.9882,198.1985,80.2809,581,574,575,16237,575,0,573,0,0,0,419,162,72.12,317,257,55.23,575,0,100,16237,0
ubt,bintrie,5,4,storage_sstore_k700,17,,10253,21000,1,0.0949,3.1787,7.9077,0.4875,11.8458,1.7728,6,0,0,0,2,0,0,0,0,0,2,4,33.33,0,0,0,0,0,0,0,0
ubt,bintrie,5,4,storage_sstore_k700,18,,10254,0,0,0.0539,14.7065,0.0022,0.2468,15.2122,0,4,0,0,0,0,0,0,0,0,0,0,4,0,0,0,0,0,0,0,0,0
ubt,bintrie,5,4,storage_sstore_k700,18,,10255,0,0,0.0304,0.8548,0.0017,0.6047,2.1594,0,4,0,0,0,0,0,0,0,0,0,0,4,0,0,0,0,0,0,0,0,0
ubt,bintrie,5,4,storage_sstore_k700,18,,10256,0,0,0.0385,81.7401,0.003,0.1352,82.0825,0,4,0,0,0,0,0,0,0,0,0,0,4,0,0,0,0,0,0,0,0,0
ubt,bintrie,5,4,storage_sstore_k700,18,,10257,0,0,0.0327,3.9798,0.003,0.1416,6.8492,0,4,0,0,0,0,0,0,0,0,0,0,4,0,0,0,0,0,0,0,0,0
ubt,bintrie,5,4,storage_sstore_k700,18,,10258,86950,2,0.0929,1.1843,33.9115,6.4037,41.9712,2.0717,11,0,0,0,3,0,0,0,1,165,5,6,45.45,0,0,0,0,0,0,0,0
ubt,bintrie,5,4,storage_sstore_k700,18,,10259,15911546,1,10.643,50.002,156.0536,32.4331,249.357,63.8103,581,574,575,16237,575,0,573,0,0,0,173,408,29.78,149,425,25.96,575,0,100,16237,0
ubt,bintrie,5,4,storage_sstore_k700,18,,10260,21000,1,0.0838,8.897,4.609,0.8477,14.667,1.4318,6,0,0,0,2,0,0,0,0,0,2,4,33.33,0,0,0,0,0,0,0,0
ubt,bintrie,5,4,storage_sstore_k700,19,,10261,0,0,0.0738,19.7372,0.0022,0.1594,27.0992,0,4,0,0,0,0,0,0,0,0,0,0,4,0,0,0,0,0,0,0,0,0
ubt,bintrie,5,4,storage_sstore_k700,19,,10262,0,0,0.023,2.5909,0.0015,1.7638,4.5514,0,4,0,0,0,0,0,0,0,0,0,0,4,0,0,0,0,0,0,0,0,0
ubt,bintrie,5,4,storage_sstore_k700,19,,10263,0,0,0.0235,2.4519,0.0011,0.1108,2.7494,0,4,0,0,0,0,0,0,0,0,0,0,4,0,0,0,0,0,0,0,0,0
ubt,bintrie,5,4,storage_sstore_k700,19,,10264,0,0,0.0332,22.0296,0.0026,0.2502,22.6064,0,4,0,0,0,0,0,0,0,0,0,0,4,0,0,0,0,0,0,0,0,0
ubt,bintrie,5,4,storage_sstore_k700,19,,10265,86950,2,0.4457,2.0022,13.9125,6.2312,27.6665,3.1428,11,0,0,0,3,0,0,0,1,165,4,7,36.36,0,0,0,0,0,0,0,0
ubt,bintrie,5,4,storage_sstore_k700,19,,10266,15911546,1,10.9366,61.3476,100.1254,51.1009,223.8019,71.0966,581,574,575,16237,575,0,573,0,0,0,247,334,42.51,227,347,39.55,575,0,100,16237,0
ubt,bintrie,5,4,storage_sstore_k700,19,,10267,21000,1,0.2586,12.9147,50.3754,0.7306,64.5052,0.3256,6,0,0,0,2,0,0,0,0,0,0,6,0,0,0,0,0,0,0,0,0
ubt,bintrie,5,4,storage_sstore_k700,1,,10126,0,0,0.0338,1.6023,0.0015,0.501,2.525,0,4,0,0,0,0,0,0,0,0,0,0,4,0,0,0,0,0,0,0,0,0
ubt,bintrie,5,4,storage_sstore_k700,1,,10127,0,0,0.0506,2.1203,0.0017,0.1515,2.5586,0,4,0,0,0,0,0,0,0,0,0,0,4,0,0,0,0,0,0,0,0,0
ubt,bintrie,5,4,storage_sstore_k700,1,,10128,0,0,0.036,26.5917,0.0032,0.1565,27.2306,0,4,0,0,0,0,0,0,0,0,0,0,4,0,0,0,0,0,0,0,0,0
ubt,bintrie,5,4,storage_sstore_k700,1,,10129,86950,2,0.1347,2.9462,3.5366,5.177,11.9506,7.2758,11,0,0,0,3,0,0,0,1,165,4,7,36.36,0,0,0,0,0,0,0,0
ubt,bintrie,5,4,storage_sstore_k700,1,,10130,15911546,1,11.6502,45.5991,142.8255,33.6825,234.1208,67.963,581,574,575,16237,575,0,573,0,0,0,200,381,34.42,165,409,28.75,575,0,100,16237,0
ubt,bintrie,5,4,storage_sstore_k700,1,,10131,21000,1,0.0537,2.569,3.6689,0.7499,7.1922,2.9198,6,0,0,0,2,0,0,0,0,0,2,4,33.33,0,0,0,0,0,0,0,0
ubt,bintrie,5,4,storage_sstore_k700,1,,10132,0,0,0.0226,5.989,0.0014,0.1149,6.2802,0,4,0,0,0,0,0,0,0,0,0,0,4,0,0,0,0,0,0,0,0,0
ubt,bintrie,5,4,storage_sstore_k700,20,,10268,0,0,0.0848,37.5184,0.0037,0.3478,38.3069,0,4,0,0,0,0,0,0,0,0,0,0,4,0,0,0,0,0,0,0,0,0
ubt,bintrie,5,4,storage_sstore_k700,20,,10269,0,0,0.0216,0.738,0.0017,0.4382,1.7054,0,4,0,0,0,0,0,0,0,0,0,0,4,0,0,0,0,0,0,0,0,0
ubt,bintrie,5,4,storage_sstore_k700,20,,10270,0,0,0.0267,13.6707,0.0014,0.1035,13.9325,0,4,0,0,0,0,0,0,0,0,0,0,4,0,0,0,0,0,0,0,0,0
ubt,bintrie,5,4,storage_sstore_k700,20,,10271,0,0,0.03,3.1002,0.0019,0.1785,3.4528,0,4,0,0,0,0,0,0,0,0,0,0,4,0,0,0,0,0,0,0,0,0
ubt,bintrie,5,4,storage_sstore_k700,20,,10272,86950,2,0.2812,14.4441,0.6248,5.001,22.0716,3.9395,11,0,0,0,3,0,0,0,1,165,4,7,36.36,0,0,0,0,0,0,0,0
ubt,bintrie,5,4,storage_sstore_k700,20,,10273,15911546,1,13.2235,78.5792,94.0103,73.8877,259.9828,61.2023,581,574,575,16237,575,0,573,0,0,0,390,191,67.13,343,231,59.76,575,0,100,16237,0
ubt,bintrie,5,4,storage_sstore_k700,20,,10274,21000,1,0.2559,16.9004,21.4153,0.5892,39.5455,0.531,6,0,0,0,2,0,0,0,0,0,0,6,0,0,0,0,0,0,0,0,0
ubt,bintrie,5,4,storage_sstore_k700,2,,10133,0,0,0.0341,6.0663,0.0014,0.1811,6.997,0,4,0,0,0,0,0,0,0,0,0,0,4,0,0,0,0,0,0,0,0,0
ubt,bintrie,5,4,storage_sstore_k700,2,,10134,0,0,0.0817,9.48,0.0025,0.2101,10.0057,0,4,0,0,0,0,0,0,0,0,0,0,4,0,0,0,0,0,0,0,0,0
ubt,bintrie,5,4,storage_sstore_k700,2,,10135,0,0,0.0428,1.2151,0.0013,0.848,2.3222,0,4,0,0,0,0,0,0,0,0,0,0,4,0,0,0,0,0,0,0,0,0
ubt,bintrie,5,4,storage_sstore_k700,2,,10136,0,0,0.0282,31.708,0.0023,0.6513,32.5437,0,4,0,0,0,0,0,0,0,0,0,0,4,0,0,0,0,0,0,0,0,0
ubt,bintrie,5,4,storage_sstore_k700,2,,10137,86950,2,0.1231,3.0675,0.6839,5.1651,20.7917,4.182,11,0,0,0,3,0,0,0,1,165,6,5,54.55,0,0,0,0,0,0,0,0
ubt,bintrie,5,4,storage_sstore_k700,2,,10138,15911546,1,9.662,43.7903,115.5861,30.6125,199.964,79.572,581,574,575,16237,575,0,573,0,0,0,38,543,6.54,26,548,4.53,575,0,100,16237,0
ubt,bintrie,5,4,storage_sstore_k700,2,,10139,21000,1,0.0595,3.1947,6.5339,0.8025,14.7318,1.4255,6,0,0,0,2,0,0,0,0,0,2,4,33.33,0,0,0,0,0,0,0,0
ubt,bintrie,5,4,storage_sstore_k700,2,,10140,0,0,0.0188,2.3663,0.0012,0.0962,2.6104,0,4,0,0,0,0,0,0,0,0,0,0,4,0,0,0,0,0,0,0,0,0
ubt,bintrie,5,4,storage_sstore_k700,3,,10141,0,0,0.0613,0.821,0.0017,0.223,1.6367,0,4,0,0,0,0,0,0,0,0,0,0,4,0,0,0,0,0,0,0,0,0
ubt,bintrie,5,4,storage_sstore_k700,3,,10142,0,0,0.053,28.7507,0.0037,0.3584,29.7812,0,4,0,0,0,0,0,0,0,0,0,0,4,0,0,0,0,0,0,0,0,0
ubt,bintrie,5,4,storage_sstore_k700,3,,10143,0,0,0.0344,11.4709,0.0026,0.1816,11.8749,0,4,0,0,0,0,0,0,0,0,0,0,4,0,0,0,0,0,0,0,0,0
ubt,bintrie,5,4,storage_sstore_k700,3,,10144,86950,2,0.2584,3.0198,2.0725,6.3177,16.4764,5.2772,11,0,0,0,3,0,0,0,1,165,5,6,45.45,0,0,0,0,0,0,0,0
ubt,bintrie,5,4,storage_sstore_k700,3,,10145,15911546,1,9.2131,38.5311,114.8377,30.8421,193.715,82.1389,581,574,575,16237,575,0,573,0,0,0,445,136,76.59,318,256,55.4,575,0,100,16237,0
ubt,bintrie,5,4,storage_sstore_k700,3,,10146,21000,1,0.0581,2.7905,6.8206,0.767,15.0429,1.396,6,0,0,0,2,0,0,0,0,0,2,4,33.33,0,0,0,0,0,0,0,0
ubt,bintrie,5,4,storage_sstore_k700,3,,10147,0,0,0.0241,2.5038,0.0015,0.1213,2.8373,0,4,0,0,0,0,0,0,0,0,0,0,4,0,0,0,0,0,0,0,0,0
ubt,bintrie,5,4,storage_sstore_k700,4,,10148,0,0,0.0327,5.7052,0.0017,0.1821,6.0956,0,4,0,0,0,0,0,0,0,0,0,0,4,0,0,0,0,0,0,0,0,0
ubt,bintrie,5,4,storage_sstore_k700,4,,10149,0,0,0.0413,1.1523,0.0019,17.8235,19.3525,0,4,0,0,0,0,0,0,0,0,0,0,4,0,0,0,0,0,0,0,0,0
ubt,bintrie,5,4,storage_sstore_k700,4,,10150,0,0,0.0433,45.6841,0.0032,0.1448,46.0615,0,4,0,0,0,0,0,0,0,0,0,0,4,0,0,0,0,0,0,0,0,0
ubt,bintrie,5,4,storage_sstore_k700,4,,10151,86950,2,0.1273,10.2037,8.3803,5.1724,24.123,3.6044,11,0,0,0,3,0,0,0,1,165,6,5,54.55,0,0,0,0,0,0,0,0
ubt,bintrie,5,4,storage_sstore_k700,4,,10152,15911546,1,12.0536,48.7191,130.0032,31.1956,224.539,70.8632,581,574,575,16237,575,0,573,0,0,0,146,435,25.13,97,477,16.9,575,0,100,16237,0
ubt,bintrie,5,4,storage_sstore_k700,4,,10153,21000,1,0.0743,34.9962,5.3111,0.7211,41.3483,0.5079,6,0,0,0,2,0,0,0,0,0,2,4,33.33,0,0,0,0,0,0,0,0
ubt,bintrie,5,4,storage_sstore_k700,4,,10154,0,0,0.0211,2.3404,0.0019,0.1287,2.6217,0,4,0,0,0,0,0,0,0,0,0,0,4,0,0,0,0,0,0,0,0,0
ubt,bintrie,5,4,storage_sstore_k700,5,,10155,0,0,0.048,0.7611,0.0021,0.2594,1.6497,0,4,0,0,0,0,0,0,0,0,0,0,4,0,0,0,0,0,0,0,0,0
ubt,bintrie,5,4,storage_sstore_k700,5,,10156,0,0,0.023,4.2185,0.0014,0.1444,4.5676,0,4,0,0,0,0,0,0,0,0,0,0,4,0,0,0,0,0,0,0,0,0
ubt,bintrie,5,4,storage_sstore_k700,5,,10157,0,0,0.065,31.224,0.0028,0.1582,44.9953,0,4,0,0,0,0,0,0,0,0,0,0,4,0,0,0,0,0,0,0,0,0
ubt,bintrie,5,4,storage_sstore_k700,5,,10158,0,0,0.0425,10.6327,0.0018,0.1397,10.9997,0,4,0,0,0,0,0,0,0,0,0,0,4,0,0,0,0,0,0,0,0,0
ubt,bintrie,5,4,storage_sstore_k700,5,,10159,86950,2,0.1343,4.5084,16.7367,5.4275,27.0231,3.2176,11,0,0,0,3,0,0,0,1,165,5,6,45.45,0,0,0,0,0,0,0,0
ubt,bintrie,5,4,storage_sstore_k700,5,,10160,15911546,1,9.7012,82.4696,114.9963,31.4176,238.9506,66.5893,581,574,575,16237,575,0,573,0,0,0,174,407,29.95,148,426,25.78,575,0,100,16237,0
ubt,bintrie,5,4,storage_sstore_k700,5,,10161,21000,1,0.0603,2.8856,2.6479,0.7759,6.5626,3.2,6,0,0,0,2,0,0,0,0,0,2,4,33.33,0,0,0,0,0,0,0,0
ubt,bintrie,5,4,storage_sstore_k700,6,,10163,0,0,0.0383,0.8215,0.0015,0.8163,2.0163,0,4,0,0,0,0,0,0,0,0,0,0,4,0,0,0,0,0,0,0,0,0
ubt,bintrie,5,4,storage_sstore_k700,6,,10164,0,0,0.0297,6.5748,0.0021,0.181,6.9188,0,4,0,0,0,0,0,0,0,0,0,0,4,0,0,0,0,0,0,0,0,0
ubt,bintrie,5,4,storage_sstore_k700,6,,10165,0,0,0.0354,1.1508,0.0023,0.129,5.6133,0,4,0,0,0,0,0,0,0,0,0,0,4,0,0,0,0,0,0,0,0,0
ubt,bintrie,5,4,storage_sstore_k700,6,,10166,0,0,0.0288,2.5701,0.0019,0.1183,2.8879,0,4,0,0,0,0,0,0,0,0,0,0,4,0,0,0,0,0,0,0,0,0
ubt,bintrie,5,4,storage_sstore_k700,6,,10167,86950,2,0.2272,0.5799,0.71,6.3005,8.1713,10.6409,11,0,0,0,3,0,0,0,1,165,4,7,36.36,0,0,0,0,0,0,0,0
ubt,bintrie,5,4,storage_sstore_k700,6,,10168,15911546,1,9.9359,43.48,118.7972,31.6878,204.2116,77.917,581,574,575,16237,575,0,573,0,0,0,252,329,43.37,196,378,34.15,575,0,100,16237,0
ubt,bintrie,5,4,storage_sstore_k700,6,,10169,21000,1,0.0679,2.5513,11.6666,0.6866,15.1694,1.3844,6,0,0,0,2,0,0,0,0,0,2,4,33.33,0,0,0,0,0,0,0,0
ubt,bintrie,5,4,storage_sstore_k700,6,,10170,0,0,0.0233,2.4513,0.0015,0.1349,2.7774,0,4,0,0,0,0,0,0,0,0,0,0,4,0,0,0,0,0,0,0,0,0
ubt,bintrie,5,4,storage_sstore_k700,7,,10171,0,0,0.0291,0.8506,0.0029,4.1711,8.7246,0,4,0,0,0,0,0,0,0,0,0,0,4,0,0,0,0,0,0,0,0,0
ubt,bintrie,5,4,storage_sstore_k700,7,,10172,0,0,0.0263,1.0057,0.0016,1.0101,2.3679,0,4,0,0,0,0,0,0,0,0,0,0,4,0,0,0,0,0,0,0,0,0
ubt,bintrie,5,4,storage_sstore_k700,7,,10173,0,0,0.029,16.087,0.0024,1.7109,19.7717,0,4,0,0,0,0,0,0,0,0,0,0,4,0,0,0,0,0,0,0,0,0
ubt,bintrie,5,4,storage_sstore_k700,7,,10174,0,0,0.0323,7.8813,0.0015,0.1108,8.1687,0,4,0,0,0,0,0,0,0,0,0,0,4,0,0,0,0,0,0,0,0,0
ubt,bintrie,5,4,storage_sstore_k700,7,,10175,86950,2,0.1432,3.4962,14.2457,5.6042,23.7038,3.6682,11,0,0,0,3,0,0,0,1,165,5,6,45.45,0,0,0,0,0,0,0,0
ubt,bintrie,5,4,storage_sstore_k700,7,,10176,15911546,1,11.4281,58.2128,100.8132,56.9035,227.5311,69.9313,581,574,575,16237,575,0,573,0,0,0,229,352,39.41,207,367,36.06,575,0,100,16237,0
ubt,bintrie,5,4,storage_sstore_k700,7,,10177,21000,1,0.084,3.9593,2.2968,0.5499,7.0926,2.9608,6,0,0,0,2,0,0,0,0,0,2,4,33.33,0,0,0,0,0,0,0,0
ubt,bintrie,5,4,storage_sstore_k700,7,,10178,0,0,0.0597,4.7952,0.0028,0.179,5.2231,0,4,0,0,0,0,0,0,0,0,0,0,4,0,0,0,0,0,0,0,0,0
ubt,bintrie,5,4,storage_sstore_k700,8,,10179,0,0,0.0389,14.6824,0.0027,0.3301,15.2827,0,4,0,0,0,0,0,0,0,0,0,0,4,0,0,0,0,0,0,0,0,0
ubt,bintrie,5,4,storage_sstore_k700,8,,10180,0,0,0.0278,1.0533,0.0019,0.6954,2.1125,0,4,0,0,0,0,0,0,0,0,0,0,4,0,0,0,0,0,0,0,0,0
ubt,bintrie,5,4,storage_sstore_k700,8,,10181,0,0,0.0335,11.1233,0.0024,0.1452,11.4684,0,4,0,0,0,0,0,0,0,0,0,0,4,0,0,0,0,0,0,0,0,0
ubt,bintrie,5,4,storage_sstore_k700,8,,10182,0,0,0.0432,27.5639,0.0029,0.2389,32.1023,0,4,0,0,0,0,0,0,0,0,0,0,4,0,0,0,0,0,0,0,0,0
ubt,bintrie,5,4,storage_sstore_k700,8,,10183,86950,2,0.1493,3.2354,14.4978,5.6462,23.7495,3.6611,11,0,0,0,3,0,0,0,1,165,6,5,54.55,0,0,0,0,0,0,0,0
ubt,bintrie,5,4,storage_sstore_k700,8,,10184,15911546,1,11.3815,51.7301,118.8027,34.8263,217.2349,73.2458,581,574,575,16237,575,0,573,0,0,0,310,271,53.36,250,324,43.55,575,0,100,16237,0
ubt,bintrie,5,4,storage_sstore_k700,8,,10185,21000,1,0.0573,2.5642,5.3333,0.8337,8.958,2.3443,6,0,0,0,2,0,0,0,0,0,2,4,33.33,0,0,0,0,0,0,0,0
ubt,bintrie,5,4,storage_sstore_k700,9,,10186,0,0,0.0276,0.6616,0.0014,0.5738,1.6327,0,4,0,0,0,0,0,0,0,0,0,0,4,0,0,0,0,0,0,0,0,0
ubt,bintrie,5,4,storage_sstore_k700,9,,10187,0,0,0.0204,0.6934,0.0012,0.4817,1.539,0,4,0,0,0,0,0,0,0,0,0,0,4,0,0,0,0,0,0,0,0,0
ubt,bintrie,5,4,storage_sstore_k700,9,,10188,0,0,0.0371,62.4465,0.0022,0.1247,63.6212,0,4,0,0,0,0,0,0,0,0,0,0,4,0,0,0,0,0,0,0,0,0
ubt,bintrie,5,4,storage_sstore_k700,9,,10189,0,0,0.0306,29.3276,0.0029,2.0177,31.5467,0,4,0,0,0,0,0,0,0,0,0,0,4,0,0,0,0,0,0,0,0,0
ubt,bintrie,5,4,storage_sstore_k700,9,,10190,86950,2,0.414,1.1383,0.73,5.9208,8.7663,9.9186,11,0,0,0,3,0,0,0,1,165,4,7,36.36,0,0,0,0,0,0,0,0
ubt,bintrie,5,4,storage_sstore_k700,9,,10191,15911546,1,13.3429,38.6455,117.906,35.2071,205.439,77.4515,581,574,575,16237,575,0,573,0,0,0,230,351,39.59,181,393,31.53,575,0,100,16237,0
ubt,bintrie,5,4,storage_sstore_k700,9,,10192,21000,1,0.0928,3.491,4.3232,0.5586,12.4952,1.6807,6,0,0,0,2,0,0,0,0,0,2,4,33.33,0,0,0,0,0,0,0,0
ubt,bintrie,5,4,storage_sstore_k700,9,,10193,0,0,0.0255,2.6766,0.0018,0.1346,3.0002,0,4,0,0,0,0,0,0,0,0,0,0,4,0,0,0,0,0,0,0,0,0
